2017.05.08 18:00:03.751,0.99854,0.99863,1.50,1.87
2017.05.08 18:00:04.259,0.99854,0.99863,1.50,1.12
2017.05.08 18:00:06.024,0.99854,0.99863,1.50,1.87
2017.05.08 18:00:23.525,0.99855,0.99864,1.12,1.50
2017.05.08 18:00:26.954,0.99856,0.99864,1.00,1.50
2017.05.08 18:00:27.886,0.99856,0.99863,1.00,1.50
2017.05.08 18:00:28.413,0.99855,0.99863,1.87,1.00
2017.05.08 18:00:28.999,0.99855,0.99863,1.37,1.50
2017.05.08 18:00:29.517,0.99855,0.99863,1.12,1.50
2017.05.08 18:00:30.437,0.99855,0.99864,1.50,1.50
2017.05.08 18:00:31.539,0.99855,0.99863,1.50,1.50
2017.05.08 18:00:34.695,0.99854,0.99863,1.00,1.10
2017.05.08 18:00:42.440,0.99854,0.99863,1.37,1.10
2017.05.08 18:00:42.967,0.99854,0.99863,1.12,1.10
2017.05.08 18:00:45.236,0.99853,0.99862,1.50,2.85
2017.05.08 18:00:45.747,0.99852,0.99861,2.25,1.00
2017.05.08 18:00:48.048,0.99853,0.99863,1.37,3.97
2017.05.08 18:01:44.662,0.99853,0.99863,1.12,4.72
2017.05.08 18:01:45.657,0.99853,0.99863,1.37,3.97
2017.05.08 18:01:47.068,0.99853,0.99863,1.37,3.37
2017.05.08 18:01:52.701,0.99853,0.99863,1.12,4.72
2017.05.08 18:01:55.657,0.99853,0.99863,1.37,1.87
2017.05.08 18:01:57.931,0.99853,0.99864,1.87,4.72
2017.05.08 18:01:58.669,0.99853,0.99863,1.87,1.00
2017.05.08 18:01:59.600,0.99852,0.99863,2.62,3.00
2017.05.08 18:02:02.075,0.99854,0.99865,4.12,1.87
2017.05.08 18:02:02.128,0.99855,0.99865,1.00,1.50
2017.05.08 18:02:02.643,0.99856,0.99866,1.12,4.12
2017.05.08 18:02:02.694,0.99856,0.99866,1.37,3.75
2017.05.08 18:02:03.204,0.99856,0.99866,1.37,3.00
2017.05.08 18:02:03.752,0.99856,0.99866,1.37,3.00
2017.05.08 18:02:04.664,0.99856,0.99866,1.12,3.00
2017.05.08 18:02:07.027,0.99857,0.99866,1.00,1.00
2017.05.08 18:02:07.367,0.99863,0.99871,1.00,3.00
2017.05.08 18:02:07.418,0.99863,0.99873,3.00,4.12
2017.05.08 18:02:07.470,0.99863,0.99873,1.50,4.12
2017.05.08 18:02:08.017,0.99863,0.99873,1.87,2.62
2017.05.08 18:02:08.880,0.99864,0.99873,1.00,1.87
2017.05.08 18:02:12.543,0.99864,0.99873,1.37,1.87
2017.05.08 18:02:13.251,0.99864,0.99873,1.12,1.87
2017.05.08 18:02:26.702,0.99864,0.99873,1.50,1.87
2017.05.08 18:02:27.233,0.99864,0.99873,1.50,1.87
2017.05.08 18:02:31.387,0.99863,0.99873,1.87,1.87
2017.05.08 18:02:38.793,0.99865,0.99873,1.87,1.50
2017.05.08 18:02:41.491,0.99865,0.99873,1.50,1.50
2017.05.08 18:03:02.538,0.99864,0.99873,2.25,1.00
2017.05.08 18:03:03.055,0.99864,0.99873,1.50,1.50
2017.05.08 18:03:08.065,0.99864,0.99874,2.62,1.12
2017.05.08 18:03:08.593,0.99864,0.99873,2.62,1.00
2017.05.08 18:03:13.483,0.99866,0.99873,1.12,1.00
2017.05.08 18:03:13.691,0.99866,0.99875,1.12,1.87
2017.05.08 18:03:18.244,0.99866,0.99875,1.50,1.50
2017.05.08 18:03:18.296,0.99867,0.99877,1.00,3.37
2017.05.08 18:03:18.806,0.99867,0.99877,1.50,3.00
2017.05.08 18:03:20.882,0.99867,0.99876,1.87,1.50
2017.05.08 18:03:23.072,0.99866,0.99876,1.12,1.50
2017.05.08 18:03:23.598,0.99865,0.99874,1.50,1.00
2017.05.08 18:03:24.437,0.99865,0.99874,1.00,2.62
2017.05.08 18:03:24.974,0.99864,0.99873,1.87,1.87
2017.05.08 18:03:30.262,0.99862,0.99872,2.25,1.50
2017.05.08 18:03:30.816,0.99862,0.99872,1.12,2.55
2017.05.08 18:03:34.542,0.99862,0.99871,1.50,1.05
2017.05.08 18:03:35.247,0.99862,0.99871,1.00,1.42
2017.05.08 18:03:41.380,0.99861,0.99871,1.87,1.50
2017.05.08 18:03:41.889,0.99862,0.99871,1.00,1.50
2017.05.08 18:03:43.001,0.99862,0.99872,1.37,4.12
2017.05.08 18:03:43.508,0.99862,0.99872,1.87,4.12
2017.05.08 18:03:54.495,0.99861,0.99871,1.87,2.62
2017.05.08 18:03:55.183,0.99861,0.9987,1.50,2.25
2017.05.08 18:03:58.184,0.99862,0.99871,1.12,2.25
2017.05.08 18:03:59.710,0.99862,0.99871,1.87,2.25
2017.05.08 18:04:00.244,0.99862,0.99872,3.37,3.75
2017.05.08 18:04:01.182,0.99863,0.99873,1.50,3.75
2017.05.08 18:04:03.309,0.99863,0.99871,1.50,2.25
2017.05.08 18:04:06.045,0.99863,0.99873,1.50,3.75
2017.05.08 18:04:06.791,0.99863,0.99873,1.50,3.75
2017.05.08 18:04:15.607,0.99862,0.99871,2.25,2.25
2017.05.08 18:04:30.191,0.99862,0.99872,2.25,4.12
2017.05.08 18:04:42.785,0.99864,0.99873,1.00,1.50
2017.05.08 18:04:50.175,0.99864,0.99873,1.12,3.00
2017.05.08 18:04:50.729,0.99864,0.99873,2.25,1.50
2017.05.08 18:04:59.829,0.99863,0.99873,1.12,4.50
2017.05.08 18:05:00.134,0.99864,0.99873,3.00,2.62
2017.05.08 18:05:00.772,0.99864,0.99873,1.50,3.75
2017.05.08 18:05:01.280,0.99863,0.99873,1.12,4.87
2017.05.08 18:05:01.798,0.99863,0.99873,1.50,1.50
2017.05.08 18:05:02.328,0.99863,0.99873,1.00,2.25
2017.05.08 18:05:05.804,0.99862,0.99873,1.50,5.25
2017.05.08 18:05:06.008,0.99862,0.99871,1.50,2.25
2017.05.08 18:05:08.817,0.99862,0.99871,2.25,2.62
2017.05.08 18:05:09.367,0.99862,0.99872,2.62,1.00
2017.05.08 18:05:19.048,0.99862,0.99872,1.87,3.00
2017.05.08 18:05:22.933,0.99863,0.99872,1.00,2.62
2017.05.08 18:05:40.422,0.99862,0.99872,1.87,1.00
2017.05.08 18:05:45.274,0.99862,0.99872,1.50,1.00
2017.05.08 18:05:59.490,0.99862,0.99873,1.12,2.47
2017.05.08 18:06:00.016,0.99862,0.99873,1.50,2.62
2017.05.08 18:06:04.119,0.99862,0.99873,1.12,3.37
2017.05.08 18:06:24.137,0.99862,0.9987,1.00,1.50
2017.05.08 18:06:24.693,0.99862,0.99871,1.00,2.62
2017.05.08 18:06:25.465,0.99861,0.99871,1.50,2.62
2017.05.08 18:06:26.629,0.99862,0.99871,1.00,1.87
2017.05.08 18:06:28.610,0.99862,0.99871,1.00,1.87
2017.05.08 18:06:35.142,0.99862,0.99873,1.87,7.72
2017.05.08 18:07:00.866,0.99862,0.99873,1.12,4.50
2017.05.08 18:07:17.359,0.99862,0.99873,2.62,4.12
2017.05.08 18:07:19.942,0.99862,0.99873,2.62,5.25
2017.05.08 18:07:20.492,0.99861,0.99871,1.12,5.10
2017.05.08 18:07:21.772,0.9986,0.9987,1.12,1.87
2017.05.08 18:07:22.123,0.99854,0.99863,1.00,1.72
2017.05.08 18:07:35.356,0.99853,0.99864,1.12,3.07
2017.05.08 18:07:38.881,0.99852,0.99862,2.25,2.62
2017.05.08 18:07:39.431,0.99852,0.99862,1.87,4.12
2017.05.08 18:07:39.791,0.9985,0.99855,1.12,1.20
2017.05.08 18:07:39.842,0.99849,0.99855,1.12,2.32
2017.05.08 18:07:39.946,0.99843,0.99853,3.00,1.50
2017.05.08 18:07:40.345,0.99843,0.99852,1.12,1.87
2017.05.08 18:07:40.810,0.99841,0.99851,2.62,2.85
2017.05.08 18:07:41.356,0.99842,0.99851,1.50,2.10
2017.05.08 18:07:41.869,0.99842,0.99851,1.50,1.72
2017.05.08 18:07:50.983,0.99842,0.99851,4.50,1.12
2017.05.08 18:07:51.508,0.99843,0.99851,1.37,1.00
2017.05.08 18:07:52.047,0.99843,0.99853,1.12,1.87
2017.05.08 18:07:58.413,0.99843,0.99853,1.37,4.12
2017.05.08 18:07:58.924,0.99843,0.99853,1.00,4.12
2017.05.08 18:07:59.533,0.99843,0.99853,1.37,4.12
2017.05.08 18:08:00.446,0.99843,0.99853,1.12,4.12
2017.05.08 18:08:01.741,0.99842,0.99853,3.00,4.12
2017.05.08 18:08:05.002,0.99843,0.99853,1.87,2.62
2017.05.08 18:08:24.049,0.99844,0.99853,1.00,1.37
2017.05.08 18:08:30.241,0.99843,0.99853,1.87,1.87
2017.05.08 18:08:30.815,0.99843,0.99853,1.37,1.87
2017.05.08 18:08:31.676,0.99842,0.99853,4.87,1.50
2017.05.08 18:08:32.682,0.99842,0.99853,4.87,1.50
2017.05.08 18:08:55.955,0.99844,0.99854,2.62,2.10
2017.05.08 18:08:56.058,0.99846,0.99854,1.00,1.50
2017.05.08 18:08:56.265,0.99848,0.99856,3.37,2.62
2017.05.08 18:08:56.573,0.99854,0.99863,1.87,3.00
2017.05.08 18:08:56.851,0.99853,0.99863,1.37,2.62
2017.05.08 18:08:57.362,0.99853,0.99863,1.12,3.00
2017.05.08 18:09:00.657,0.99852,0.99863,1.87,2.62
2017.05.08 18:09:01.120,0.99853,0.99863,1.37,3.37
2017.05.08 18:09:01.623,0.99853,0.99863,1.00,3.37
2017.05.08 18:09:02.161,0.99853,0.99863,1.50,2.62
2017.05.08 18:09:02.698,0.99853,0.99863,1.50,2.62
2017.05.08 18:09:03.408,0.99854,0.99863,1.00,1.87
2017.05.08 18:09:03.928,0.99854,0.99863,1.00,1.87
2017.05.08 18:09:14.496,0.99854,0.99863,1.37,1.87
2017.05.08 18:09:15.543,0.99855,0.99864,1.00,1.87
2017.05.08 18:09:17.330,0.99855,0.99863,1.00,1.50
2017.05.08 18:09:18.068,0.99854,0.99863,1.50,1.50
2017.05.08 18:09:21.920,0.99854,0.99863,1.50,1.50
2017.05.08 18:09:22.125,0.99854,0.99863,1.50,1.00
2017.05.08 18:09:26.656,0.99854,0.99863,1.50,1.50
2017.05.08 18:09:44.657,0.99854,0.99863,1.50,1.50
2017.05.08 18:09:44.902,0.99855,0.99865,3.00,2.62
2017.05.08 18:09:45.658,0.99855,0.99866,1.87,3.37
2017.05.08 18:09:46.274,0.99855,0.99863,1.87,1.50
2017.05.08 18:09:46.864,0.99854,0.99863,1.87,1.87
2017.05.08 18:09:48.003,0.99854,0.99864,1.12,3.75
2017.05.08 18:09:48.505,0.99854,0.99863,1.12,2.62
2017.05.08 18:09:51.200,0.99853,0.99863,1.12,4.50
2017.05.08 18:09:54.702,0.99853,0.99863,1.50,4.50
2017.05.08 18:09:55.691,0.99853,0.99863,1.50,5.62
2017.05.08 18:10:06.087,0.99853,0.99863,1.50,4.12
2017.05.08 18:10:12.696,0.99853,0.99863,1.75,3.37
2017.05.08 18:10:13.239,0.99854,0.99863,1.00,3.37
2017.05.08 18:10:18.623,0.99854,0.99863,1.50,3.37
2017.05.08 18:10:19.177,0.99854,0.99863,1.50,1.37
2017.05.08 18:10:27.039,0.99854,0.99863,1.50,1.87
2017.05.08 18:10:38.397,0.99853,0.99862,1.50,1.50
2017.05.08 18:10:39.650,0.99852,0.99863,3.60,4.87
2017.05.08 18:10:43.120,0.99852,0.99861,2.25,1.50
2017.05.08 18:10:50.535,0.99853,0.99863,1.75,2.62
2017.05.08 18:10:50.689,0.99854,0.99863,1.50,2.25
2017.05.08 18:10:52.365,0.99855,0.99863,1.12,1.87
2017.05.08 18:10:53.199,0.99855,0.99863,1.50,1.87
2017.05.08 18:10:53.964,0.99855,0.99863,2.10,1.87
2017.05.08 18:10:55.109,0.99856,0.99863,2.10,1.12
2017.05.08 18:10:55.292,0.99856,0.99866,2.47,3.37
2017.05.08 18:10:55.346,0.99856,0.99866,1.87,4.50
2017.05.08 18:10:55.398,0.99856,0.99866,1.50,4.87
2017.05.08 18:10:55.935,0.99856,0.99866,1.50,4.87
2017.05.08 18:10:56.546,0.99856,0.99866,1.12,3.75
2017.05.08 18:10:57.257,0.99856,0.99863,1.50,1.00
2017.05.08 18:10:58.281,0.99856,0.99865,1.00,2.62
2017.05.08 18:10:58.876,0.99856,0.99863,1.00,1.50
2017.05.08 18:11:00.489,0.99855,0.99863,2.06,1.50
2017.05.08 18:11:01.122,0.99856,0.99863,1.00,1.50
2017.05.08 18:11:03.374,0.99856,0.99865,1.12,4.50
2017.05.08 18:11:03.899,0.99856,0.99863,1.00,1.00
2017.05.08 18:11:04.445,0.99855,0.99863,1.69,1.50
2017.05.08 18:11:05.269,0.99855,0.99864,1.69,1.87
2017.05.08 18:11:05.994,0.99855,0.99863,2.44,1.00
2017.05.08 18:11:06.685,0.99855,0.99863,2.44,1.00
2017.05.08 18:11:06.839,0.99857,0.99867,1.37,3.75
2017.05.08 18:11:07.147,0.99856,0.99863,1.87,1.00
2017.05.08 18:11:07.655,0.99856,0.99863,1.50,1.50
2017.05.08 18:11:11.504,0.99855,0.99864,1.69,1.87
2017.05.08 18:11:13.090,0.99855,0.99863,1.69,1.50
2017.05.08 18:11:14.716,0.99856,0.99864,1.12,1.50
2017.05.08 18:11:15.261,0.99856,0.99866,1.50,2.25
2017.05.08 18:11:15.901,0.99858,0.99866,1.00,1.50
2017.05.08 18:11:16.413,0.99857,0.99865,1.12,1.00
2017.05.08 18:11:17.483,0.99856,0.99865,2.44,1.50
2017.05.08 18:11:17.792,0.99856,0.99863,1.12,1.50
2017.05.08 18:11:19.871,0.99859,0.99865,1.00,1.50
2017.05.08 18:11:20.180,0.99863,0.99873,2.81,2.62
2017.05.08 18:11:20.722,0.99865,0.99873,1.00,1.87
2017.05.08 18:11:26.044,0.99864,0.99873,1.12,1.87
2017.05.08 18:11:33.297,0.99864,0.99873,1.50,1.87
2017.05.08 18:11:34.122,0.99864,0.99873,1.00,1.87
2017.05.08 18:11:38.460,0.99865,0.99873,1.00,1.87
2017.05.08 18:11:38.979,0.99866,0.99873,1.69,1.50
2017.05.08 18:11:40.258,0.99865,0.99875,3.56,1.87
2017.05.08 18:11:40.773,0.99866,0.99873,1.31,1.00
2017.05.08 18:11:40.825,0.99866,0.99875,1.62,1.12
2017.05.08 18:11:41.336,0.99867,0.99876,1.00,1.12
2017.05.08 18:11:44.909,0.99869,0.99878,2.25,1.87
2017.05.08 18:11:45.226,0.99873,0.99883,1.87,2.62
2017.05.08 18:12:03.497,0.99873,0.99883,2.25,2.25
2017.05.08 18:12:04.183,0.99874,0.99883,1.00,2.25
2017.05.08 18:12:07.144,0.99874,0.99883,1.00,2.25
2017.05.08 18:12:15.175,0.99875,0.99883,2.06,2.25
2017.05.08 18:12:15.709,0.99875,0.99883,2.06,1.50
2017.05.08 18:12:16.221,0.99875,0.99883,1.50,3.00
2017.05.08 18:12:21.022,0.99875,0.99882,1.12,1.00
2017.05.08 18:12:24.237,0.99875,0.99881,1.00,1.50
2017.05.08 18:12:25.570,0.99873,0.99881,1.00,1.50
2017.05.08 18:12:26.098,0.99871,0.99881,2.81,2.62
2017.05.08 18:12:26.210,0.9987,0.99877,1.12,3.41
2017.05.08 18:12:26.313,0.99863,0.99871,3.00,1.00
2017.05.08 18:12:26.416,0.99862,0.99871,1.00,3.37
2017.05.08 18:12:26.673,0.99861,0.99869,1.12,1.00
2017.05.08 18:12:27.019,0.99854,0.99861,2.10,1.87
2017.05.08 18:12:27.173,0.99852,0.99861,2.44,1.87
2017.05.08 18:12:31.766,0.99852,0.99861,3.19,1.12
2017.05.08 18:12:32.356,0.99853,0.99863,1.37,3.75
2017.05.08 18:12:39.800,0.99853,0.99863,1.37,3.00
2017.05.08 18:12:47.092,0.99853,0.99863,1.37,4.87
2017.05.08 18:13:10.809,0.99851,0.99859,5.62,1.00
2017.05.08 18:13:11.015,0.99846,0.99855,1.12,1.12
2017.05.08 18:13:11.530,0.99846,0.99856,1.50,4.12
2017.05.08 18:13:12.219,0.99845,0.99854,1.62,1.00
2017.05.08 18:13:12.745,0.99844,0.99854,2.81,3.75
2017.05.08 18:13:16.916,0.99845,0.99855,1.25,3.00
2017.05.08 18:13:17.438,0.99844,0.99855,6.94,1.87
2017.05.08 18:13:17.900,0.99845,0.99853,1.00,1.00
2017.05.08 18:13:18.417,0.99844,0.99853,1.50,1.12
2017.05.08 18:13:26.797,0.99844,0.99854,3.75,1.37
2017.05.08 18:13:26.951,0.99845,0.99855,1.50,1.12
2017.05.08 18:13:27.458,0.99845,0.99855,1.12,1.37
2017.05.08 18:13:30.886,0.99844,0.99854,3.00,3.37
2017.05.08 18:13:31.041,0.99844,0.99854,2.62,6.37
2017.05.08 18:13:41.435,0.99844,0.99853,1.50,1.50
2017.05.08 18:13:45.279,0.99844,0.99854,1.50,3.75
2017.05.08 18:13:46.279,0.99844,0.99854,1.50,3.00
2017.05.08 18:13:48.330,0.99844,0.99854,1.50,3.75
2017.05.08 18:14:27.040,0.99844,0.99854,1.50,4.87
2017.05.08 18:14:46.989,0.99844,0.99853,1.12,1.87
2017.05.08 18:15:03.247,0.99844,0.99851,1.00,1.50
2017.05.08 18:15:03.784,0.99844,0.99853,1.12,2.25
2017.05.08 18:15:39.630,0.99842,0.99852,1.50,1.12
2017.05.08 18:15:40.026,0.99841,0.9985,3.19,1.87
2017.05.08 18:15:40.333,0.99837,0.99846,1.87,1.50
2017.05.08 18:15:43.435,0.99841,0.99846,1.25,1.50
2017.05.08 18:15:43.691,0.99842,0.99851,2.10,2.25
2017.05.08 18:15:50.602,0.99843,0.99853,1.37,3.00
2017.05.08 18:15:51.111,0.99842,0.99851,2.81,1.87
2017.05.08 18:15:51.419,0.99837,0.99846,1.37,4.87
2017.05.08 18:15:51.471,0.99836,0.99846,1.87,3.37
2017.05.08 18:15:52.307,0.99836,0.99845,1.50,1.00
2017.05.08 18:15:53.070,0.99836,0.99846,2.25,4.50
2017.05.08 18:15:53.971,0.99836,0.99844,1.87,1.00
2017.05.08 18:15:54.480,0.99836,0.99845,1.12,1.12
2017.05.08 18:15:57.151,0.99836,0.99846,1.37,3.75
2017.05.08 18:15:57.681,0.99836,0.99846,2.62,1.50
2017.05.08 18:15:58.566,0.99837,0.99846,1.00,1.00
2017.05.08 18:15:59.265,0.99836,0.99846,2.62,1.50
2017.05.08 18:15:59.767,0.99837,0.99846,1.00,1.50
2017.05.08 18:16:00.509,0.99836,0.99846,2.62,1.50
2017.05.08 18:16:01.056,0.99837,0.99846,1.00,1.00
2017.05.08 18:16:01.393,0.99839,0.99847,1.50,1.00
2017.05.08 18:16:01.702,0.99843,0.99853,2.62,1.37
2017.05.08 18:16:01.754,0.99844,0.99854,1.37,6.00
2017.05.08 18:16:01.857,0.99845,0.99854,1.87,3.00
2017.05.08 18:16:02.095,0.99844,0.99854,1.69,3.00
2017.05.08 18:16:02.612,0.99844,0.99854,1.69,3.37
2017.05.08 18:16:04.011,0.99843,0.99854,3.04,3.75
2017.05.08 18:16:07.710,0.99845,0.99854,1.50,1.87
2017.05.08 18:16:08.231,0.99846,0.99855,1.37,1.00
2017.05.08 18:16:08.750,0.99846,0.99856,1.87,3.00
2017.05.08 18:16:24.182,0.99846,0.99856,3.37,2.62
2017.05.08 18:16:24.387,0.99848,0.99858,1.87,4.50
2017.05.08 18:16:25.363,0.9985,0.99858,3.75,1.87
2017.05.08 18:16:25.415,0.99852,0.9986,1.72,2.62
2017.05.08 18:16:25.755,0.99853,0.9986,1.37,1.37
2017.05.08 18:16:26.230,0.99853,0.99863,1.72,1.50
2017.05.08 18:16:26.538,0.99854,0.99864,3.19,1.12
2017.05.08 18:16:31.514,0.99855,0.99864,1.00,1.87
2017.05.08 18:16:32.192,0.99854,0.99863,1.62,1.50
2017.05.08 18:16:51.196,0.99855,0.99865,1.37,3.00
2017.05.08 18:16:51.349,0.99856,0.99865,1.00,1.50
2017.05.08 18:16:53.901,0.99856,0.99865,1.37,1.12
2017.05.08 18:16:54.291,0.99856,0.99863,1.00,1.50
2017.05.08 18:16:54.819,0.99855,0.99863,1.12,4.12
2017.05.08 18:16:56.449,0.99853,0.99862,3.37,1.00
2017.05.08 18:16:56.989,0.99853,0.99861,1.50,1.00
2017.05.08 18:17:04.434,0.99853,0.99862,1.50,1.12
2017.05.08 18:17:04.943,0.99853,0.99863,3.37,3.00
2017.05.08 18:17:06.090,0.99854,0.99863,1.00,2.25
2017.05.08 18:17:06.612,0.99854,0.99863,1.00,2.25
2017.05.08 18:17:09.442,0.99853,0.99863,1.50,3.00
2017.05.08 18:17:09.953,0.99852,0.99861,1.12,4.69
2017.05.08 18:17:14.371,0.99853,0.99861,1.00,5.44
2017.05.08 18:17:15.721,0.99851,0.99859,1.00,1.69
2017.05.08 18:17:15.824,0.99848,0.99856,2.25,2.10
2017.05.08 18:17:15.978,0.99845,0.99855,1.69,3.04
2017.05.08 18:17:16.502,0.99845,0.99854,1.31,1.50
2017.05.08 18:17:17.034,0.99844,0.99853,1.50,1.00
2017.05.08 18:17:17.341,0.99851,0.99855,1.37,6.00
2017.05.08 18:17:17.496,0.99852,0.99861,2.62,2.25
2017.05.08 18:17:17.803,0.99853,0.99863,2.62,4.87
2017.05.08 18:17:18.110,0.99853,0.99862,1.37,1.00
2017.05.08 18:17:18.658,0.99854,0.99863,1.12,1.87
2017.05.08 18:17:19.016,0.99854,0.99865,2.44,2.25
2017.05.08 18:17:19.119,0.99854,0.99865,4.69,2.25
2017.05.08 18:17:22.365,0.99855,0.99866,1.87,3.75
2017.05.08 18:17:25.423,0.99856,0.99866,1.12,3.00
2017.05.08 18:17:26.297,0.99856,0.99866,1.37,3.00
2017.05.08 18:17:28.429,0.99856,0.99866,1.37,2.25
2017.05.08 18:17:28.933,0.99857,0.99867,2.25,1.87
2017.05.08 18:17:30.425,0.99857,0.99866,2.25,2.25
2017.05.08 18:17:30.926,0.99855,0.99865,1.69,1.87
2017.05.08 18:17:40.867,0.99855,0.99863,1.12,1.00
2017.05.08 18:17:52.565,0.99853,0.99862,1.37,1.00
2017.05.08 18:17:52.721,0.99851,0.99861,3.19,3.37
2017.05.08 18:17:54.281,0.99853,0.99861,1.12,1.50
2017.05.08 18:17:54.832,0.99853,0.99863,1.12,3.00
2017.05.08 18:17:58.799,0.99853,0.99863,1.37,3.00
2017.05.08 18:18:07.481,0.99853,0.99863,1.12,4.50
2017.05.08 18:18:08.810,0.99852,0.99858,1.37,1.25
2017.05.08 18:18:08.915,0.99848,0.99858,1.87,2.06
2017.05.08 18:18:09.018,0.99848,0.99856,1.00,2.62
2017.05.08 18:18:09.273,0.99845,0.99854,1.00,1.87
2017.05.08 18:18:09.800,0.99844,0.99853,1.31,1.00
2017.05.08 18:18:10.310,0.99844,0.99854,1.31,3.75
2017.05.08 18:18:14.207,0.99843,0.99853,1.37,2.62
2017.05.08 18:18:19.171,0.99844,0.99854,1.87,4.12
2017.05.08 18:18:19.223,0.99845,0.99854,1.87,1.12
2017.05.08 18:18:19.326,0.99845,0.99855,1.50,1.12
2017.05.08 18:18:20.316,0.99845,0.99854,1.50,1.00
2017.05.08 18:18:20.471,0.99844,0.99853,1.00,1.87
2017.05.08 18:18:23.051,0.99843,0.99853,1.87,1.50
2017.05.08 18:18:26.101,0.99842,0.9985,2.25,1.00
2017.05.08 18:18:26.358,0.99835,0.99845,2.44,1.87
2017.05.08 18:18:34.325,0.99835,0.99845,4.31,1.12
2017.05.08 18:18:34.860,0.99836,0.99846,1.69,1.87
2017.05.08 18:18:41.730,0.9984,0.99846,1.69,1.87
2017.05.08 18:18:41.902,0.99842,0.9985,2.25,1.00
2017.05.08 18:18:42.993,0.99842,0.99851,1.50,3.00
2017.05.08 18:18:47.780,0.99842,0.99851,1.87,3.37
2017.05.08 18:18:55.081,0.99842,0.99851,1.87,1.87
2017.05.08 18:19:00.609,0.99842,0.99851,2.25,1.87
2017.05.08 18:19:00.967,0.99842,0.99853,4.72,1.75
2017.05.08 18:19:01.528,0.99844,0.99853,2.25,1.50
2017.05.08 18:19:03.114,0.99844,0.99854,3.19,1.12
2017.05.08 18:19:06.503,0.99845,0.99855,2.81,2.25
2017.05.08 18:19:06.656,0.99846,0.99856,1.69,2.62
2017.05.08 18:19:07.324,0.99846,0.99856,1.62,3.37
2017.05.08 18:19:07.989,0.99845,0.99854,1.69,1.00
2017.05.08 18:19:16.597,0.99845,0.99854,1.00,1.00
2017.05.08 18:19:18.679,0.99843,0.99853,1.12,1.00
2017.05.08 18:19:18.884,0.99842,0.99853,3.37,5.29
2017.05.08 18:19:19.543,0.99842,0.99853,3.37,4.54
2017.05.08 18:19:20.353,0.99842,0.99852,2.62,2.25
2017.05.08 18:19:21.296,0.99842,0.99852,3.37,3.37
2017.05.08 18:19:24.078,0.99842,0.99852,4.50,1.00
2017.05.08 18:19:32.276,0.99843,0.99852,1.00,1.00
2017.05.08 18:19:34.942,0.99844,0.99854,2.25,1.87
2017.05.08 18:19:35.096,0.99844,0.99854,3.00,1.00
2017.05.08 18:19:35.610,0.99844,0.99855,3.37,2.25
2017.05.08 18:19:36.141,0.99845,0.99855,1.12,1.87
2017.05.08 18:20:04.484,0.99844,0.99854,3.00,1.50
2017.05.08 18:20:04.993,0.99844,0.99854,2.25,2.25
2017.05.08 18:20:12.835,0.99842,0.99852,3.00,1.12
2017.05.08 18:20:12.939,0.99842,0.99852,1.87,1.50
2017.05.08 18:20:19.940,0.99842,0.99852,3.00,1.87
2017.05.08 18:20:20.043,0.99843,0.99852,1.12,2.25
2017.05.08 18:20:20.657,0.99844,0.99852,1.12,1.50
2017.05.08 18:20:21.375,0.99844,0.99852,1.00,1.50
2017.05.08 18:20:22.789,0.99843,0.99853,1.50,1.87
2017.05.08 18:20:23.948,0.99843,0.99852,1.50,1.50
2017.05.08 18:20:24.803,0.99843,0.99853,1.87,1.12
2017.05.08 18:20:25.059,0.99844,0.99854,1.87,1.35
2017.05.08 18:20:31.603,0.99845,0.99855,2.62,1.87
2017.05.08 18:20:32.140,0.99845,0.99855,2.62,1.87
2017.05.08 18:20:34.526,0.99847,0.99855,2.62,1.00
2017.05.08 18:20:35.096,0.99847,0.99855,2.62,1.00
2017.05.08 18:20:36.158,0.99847,0.99856,2.62,1.35
2017.05.08 18:20:36.363,0.99851,0.99859,1.12,2.29
2017.05.08 18:20:36.415,0.99851,0.99861,4.35,5.62
2017.05.08 18:20:36.671,0.9985,0.99859,1.87,1.41
2017.05.08 18:20:36.863,0.99848,0.99858,1.75,2.29
2017.05.08 18:20:37.403,0.99847,0.99858,1.75,6.04
2017.05.08 18:20:37.556,0.99846,0.99856,1.75,1.87
2017.05.08 18:20:41.652,0.99846,0.99856,1.75,2.85
2017.05.08 18:20:47.094,0.99846,0.99856,2.25,4.12
2017.05.08 18:20:54.568,0.99848,0.99857,2.10,2.25
2017.05.08 18:20:54.621,0.99849,0.99858,2.85,1.00
2017.05.08 18:20:54.724,0.99849,0.9986,3.97,2.25
2017.05.08 18:20:54.826,0.99849,0.99858,2.85,1.25
2017.05.08 18:20:55.338,0.99848,0.99858,1.72,2.81
2017.05.08 18:20:55.950,0.99847,0.99857,1.87,1.00
2017.05.08 18:21:01.607,0.99849,0.99858,1.12,2.25
2017.05.08 18:21:01.913,0.99849,0.99858,2.10,1.50
2017.05.08 18:21:02.417,0.99849,0.99858,2.10,1.87
2017.05.08 18:21:03.115,0.99848,0.99858,2.47,2.44
2017.05.08 18:21:03.626,0.99848,0.99858,2.62,2.62
2017.05.08 18:21:04.128,0.9985,0.99858,1.75,1.87
2017.05.08 18:21:10.143,0.99849,0.99859,1.75,2.62
2017.05.08 18:21:10.246,0.99849,0.99859,1.50,3.37
2017.05.08 18:21:13.027,0.99851,0.99858,1.00,1.50
2017.05.08 18:21:13.131,0.99854,0.99862,1.12,1.87
2017.05.08 18:21:13.371,0.99854,0.99864,3.00,1.00
2017.05.08 18:21:14.012,0.99855,0.99865,1.00,1.87
2017.05.08 18:21:19.722,0.99854,0.99865,3.00,1.87
2017.05.08 18:21:22.415,0.99855,0.99865,1.00,1.12
2017.05.08 18:21:33.229,0.99855,0.99865,1.00,1.37
2017.05.08 18:21:33.754,0.99854,0.99865,4.12,1.37
2017.05.08 18:21:46.055,0.99854,0.99865,3.37,1.87
2017.05.08 18:21:49.273,0.99855,0.99864,1.00,1.00
2017.05.08 18:21:51.725,0.99855,0.99865,1.50,1.50
2017.05.08 18:21:57.819,0.99854,0.9986,1.50,3.60
2017.05.08 18:21:57.978,0.99852,0.99858,1.00,1.00
2017.05.08 18:21:58.081,0.99851,0.99862,3.37,2.25
2017.05.08 18:21:58.749,0.9985,0.99858,1.00,1.69
2017.05.08 18:21:58.957,0.99847,0.99856,1.12,1.87
2017.05.08 18:21:59.479,0.99846,0.99856,1.50,2.62
2017.05.08 18:22:08.175,0.99844,0.99855,3.37,1.50
2017.05.08 18:22:08.227,0.99844,0.99854,2.62,1.00
2017.05.08 18:22:20.957,0.99844,0.99854,1.12,4.50
2017.05.08 18:22:32.500,0.99844,0.99854,1.50,2.62
2017.05.08 18:22:33.038,0.99845,0.99855,2.25,1.87
2017.05.08 18:22:56.840,0.99844,0.99855,3.37,3.00
2017.05.08 18:22:57.364,0.99844,0.99855,2.62,1.87
2017.05.08 18:23:18.853,0.99845,0.99855,1.12,1.37
2017.05.08 18:23:19.064,0.99852,0.99856,1.87,1.12
2017.05.08 18:23:19.218,0.99852,0.99858,2.62,2.62
2017.05.08 18:23:19.321,0.99852,0.99862,4.12,2.25
2017.05.08 18:23:19.836,0.99852,0.99862,2.62,2.62
2017.05.08 18:23:23.672,0.99854,0.99863,1.50,1.50
2017.05.08 18:23:49.257,0.99853,0.99863,1.50,2.25
2017.05.08 18:23:51.564,0.99854,0.99863,1.00,2.25
2017.05.08 18:23:55.304,0.99853,0.99863,1.50,2.25
2017.05.08 18:24:03.636,0.99852,0.99862,1.37,1.50
2017.05.08 18:24:04.144,0.99852,0.99862,1.12,1.87
2017.05.08 18:24:09.308,0.9985,0.9986,1.50,1.87
2017.05.08 18:24:09.783,0.99848,0.99858,1.75,3.94
2017.05.08 18:24:10.039,0.99846,0.99856,1.12,5.62
2017.05.08 18:24:10.542,0.99846,0.99855,1.12,1.00
2017.05.08 18:24:11.124,0.99845,0.99855,1.87,1.50
2017.05.08 18:24:27.041,0.99845,0.99855,1.87,1.12
2017.05.08 18:24:39.163,0.99844,0.99853,3.37,1.00
2017.05.08 18:24:39.266,0.99844,0.99853,1.12,2.62
2017.05.08 18:24:39.803,0.99843,0.99853,1.50,2.62
2017.05.08 18:24:44.242,0.99841,0.99849,1.87,3.37
2017.05.08 18:24:44.574,0.99838,0.99847,1.12,1.00
2017.05.08 18:24:46.541,0.99837,0.99847,3.37,1.12
2017.05.08 18:24:48.240,0.99836,0.99846,1.37,2.25
2017.05.08 18:24:52.121,0.99835,0.99846,1.87,3.37
2017.05.08 18:24:53.968,0.99836,0.99846,1.37,3.37
2017.05.08 18:24:57.781,0.99835,0.99846,1.87,2.62
2017.05.08 18:24:58.613,0.99835,0.99846,1.87,3.75
2017.05.08 18:25:01.889,0.99834,0.99845,3.37,3.37
2017.05.08 18:25:01.941,0.99834,0.99844,3.00,1.00
2017.05.08 18:25:02.907,0.99835,0.99844,1.00,1.00
2017.05.08 18:25:05.264,0.99838,0.99846,1.00,2.25
2017.05.08 18:25:05.316,0.99838,0.99847,2.62,1.12
2017.05.08 18:25:05.419,0.99838,0.99847,1.87,1.50
2017.05.08 18:25:05.981,0.99838,0.99848,1.87,1.12
2017.05.08 18:25:06.244,0.99841,0.99849,2.44,1.87
2017.05.08 18:25:06.449,0.99842,0.99851,1.50,1.50
2017.05.08 18:25:06.951,0.99843,0.99851,2.25,3.00
2017.05.08 18:25:07.962,0.99843,0.99854,4.87,3.37
2017.05.08 18:25:08.480,0.99844,0.99854,1.00,1.00
2017.05.08 18:25:09.802,0.99844,0.99854,4.12,1.50
2017.05.08 18:25:10.312,0.99844,0.99854,3.00,1.00
2017.05.08 18:25:10.886,0.99845,0.99854,1.00,1.00
2017.05.08 18:25:13.339,0.99844,0.99854,2.25,1.00
2017.05.08 18:25:15.290,0.99844,0.99854,4.50,1.00
2017.05.08 18:25:18.311,0.99844,0.99854,3.00,1.00
2017.05.08 18:25:26.050,0.99844,0.99855,1.12,3.75
2017.05.08 18:25:29.560,0.99843,0.99853,1.50,1.50
2017.05.08 18:25:30.654,0.99843,0.99853,3.00,1.50
2017.05.08 18:25:33.636,0.99844,0.99854,1.87,1.37
2017.05.08 18:25:50.921,0.99843,0.99853,1.50,4.50
2017.05.08 18:25:51.310,0.99842,0.99851,1.50,2.62
2017.05.08 18:25:54.252,0.9984,0.99849,2.44,2.47
2017.05.08 18:25:54.406,0.99842,0.99851,2.25,1.50
2017.05.08 18:25:54.561,0.99844,0.99853,1.50,1.87
2017.05.08 18:25:54.612,0.99844,0.99853,2.25,1.00
2017.05.08 18:25:58.114,0.99844,0.99855,3.00,1.50
2017.05.08 18:26:08.551,0.99844,0.99854,3.37,1.87
2017.05.08 18:26:09.229,0.99844,0.99854,3.00,2.25
2017.05.08 18:26:14.024,0.99844,0.99853,1.87,1.37
2017.05.08 18:26:14.545,0.99843,0.99853,1.50,2.25
2017.05.08 18:26:17.804,0.99844,0.99853,1.00,1.50
2017.05.08 18:26:36.291,0.99845,0.99853,1.00,1.00
2017.05.08 18:26:36.394,0.99845,0.99855,1.12,1.12
2017.05.08 18:26:47.775,0.99848,0.99857,4.12,3.00
2017.05.08 18:26:47.931,0.99848,0.99858,3.37,3.75
2017.05.08 18:26:48.484,0.99848,0.99858,3.75,4.31
2017.05.08 18:26:48.992,0.99848,0.99858,3.37,5.06
2017.05.08 18:26:49.691,0.99848,0.99858,3.00,5.06
2017.05.08 18:26:50.753,0.99848,0.99858,1.00,5.06
2017.05.08 18:26:51.602,0.99848,0.99857,1.00,1.00
2017.05.08 18:26:52.533,0.99847,0.99857,2.25,1.50
2017.05.08 18:26:53.043,0.99847,0.99856,1.00,2.62
2017.05.08 18:26:53.250,0.9985,0.99856,2.25,1.50
2017.05.08 18:26:53.406,0.9985,0.9986,2.62,3.00
2017.05.08 18:26:53.593,0.99851,0.99861,1.00,5.25
2017.05.08 18:26:53.849,0.9985,0.99858,1.50,1.50
2017.05.08 18:27:00.109,0.99848,0.99857,1.75,1.00
2017.05.08 18:27:00.213,0.99847,0.99856,2.25,1.12
2017.05.08 18:27:02.542,0.99846,0.99855,3.00,1.00
2017.05.08 18:27:02.747,0.99845,0.99855,1.12,1.12
2017.05.08 18:27:20.780,0.99846,0.99856,1.87,1.37
2017.05.08 18:27:20.985,0.99848,0.99857,1.00,1.50
2017.05.08 18:27:21.345,0.99846,0.99856,1.00,2.62
2017.05.08 18:27:21.850,0.99846,0.99856,1.00,3.37
2017.05.08 18:27:27.061,0.99846,0.99856,1.12,3.00
2017.05.08 18:27:36.633,0.99847,0.99856,1.00,2.25
2017.05.08 18:27:37.172,0.99846,0.99855,1.50,1.00
2017.05.08 18:27:38.303,0.99845,0.99855,1.00,1.00
2017.05.08 18:27:52.310,0.99844,0.99854,3.37,1.00
2017.05.08 18:27:56.966,0.99843,0.99854,3.37,4.87
2017.05.08 18:27:57.121,0.99843,0.99853,1.87,1.50
2017.05.08 18:27:59.341,0.99844,0.99853,1.00,1.50
2017.05.08 18:28:00.033,0.99844,0.99853,3.37,1.00
2017.05.08 18:28:07.127,0.99844,0.99853,3.00,1.00
2017.05.08 18:28:13.515,0.99844,0.99853,3.00,1.00
2017.05.08 18:28:14.308,0.99844,0.99854,3.00,1.12
2017.05.08 18:28:30.299,0.99844,0.99854,1.87,3.00
2017.05.08 18:28:30.858,0.99844,0.99853,1.12,1.00
2017.05.08 18:28:35.387,0.99845,0.99854,1.00,1.87
2017.05.08 18:28:35.540,0.99845,0.99855,1.00,2.44
2017.05.08 18:29:17.702,0.99844,0.99855,3.37,3.00
2017.05.08 18:29:21.503,0.99844,0.99853,2.25,1.87
2017.05.08 18:29:22.012,0.99843,0.99851,1.00,1.00
2017.05.08 18:29:22.070,0.99841,0.9985,2.06,1.00
2017.05.08 18:29:22.429,0.99839,0.99849,1.72,6.37
2017.05.08 18:29:22.945,0.99839,0.99849,1.12,2.02
2017.05.08 18:29:24.427,0.99841,0.99851,2.06,5.10
2017.05.08 18:29:24.734,0.99842,0.99851,1.87,2.10
2017.05.08 18:29:25.725,0.99843,0.99853,1.50,4.12
2017.05.08 18:29:26.271,0.99844,0.99853,2.25,1.00
2017.05.08 18:29:53.077,0.99844,0.99854,2.62,1.00
2017.05.08 18:29:53.711,0.99844,0.99854,3.37,1.00
2017.05.08 18:30:01.547,0.99844,0.99854,1.72,1.12
2017.05.08 18:30:02.929,0.99844,0.99855,3.75,2.25
2017.05.08 18:30:03.236,0.99846,0.99856,1.67,3.37
2017.05.08 18:30:06.633,0.99845,0.99855,1.50,1.87
2017.05.08 18:30:07.206,0.99845,0.99855,1.50,1.87
2017.05.08 18:30:18.394,0.99844,0.99854,3.00,1.12
2017.05.08 18:30:27.559,0.99846,0.99854,1.50,1.12
2017.05.08 18:30:28.089,0.99844,0.99854,3.00,1.12
2017.05.08 18:30:36.505,0.99844,0.99855,3.00,1.50
2017.05.08 18:31:00.367,0.99844,0.99855,3.37,1.50
2017.05.08 18:32:00.160,0.99844,0.99854,2.25,1.12
2017.05.08 18:32:00.313,0.99844,0.99854,1.87,1.50
2017.05.08 18:32:00.621,0.99845,0.99855,1.87,1.12
2017.05.08 18:32:03.463,0.99851,0.99856,1.12,1.12
2017.05.08 18:32:03.720,0.99855,0.99864,1.00,1.50
2017.05.08 18:32:04.290,0.99854,0.99864,4.87,1.87
2017.05.08 18:32:04.797,0.99854,0.99864,4.50,1.50
2017.05.08 18:32:10.639,0.99854,0.99863,4.12,1.87
2017.05.08 18:32:13.660,0.99854,0.99864,3.75,3.37
2017.05.08 18:32:16.638,0.99854,0.99863,1.87,1.00
2017.05.08 18:32:17.155,0.99854,0.99864,3.00,1.87
2017.05.08 18:32:31.078,0.99855,0.99864,1.00,1.00
2017.05.08 18:32:33.789,0.99854,0.99864,3.22,1.00
2017.05.08 18:32:43.969,0.99855,0.99866,1.00,3.00
2017.05.08 18:33:06.376,0.99855,0.99865,1.30,1.50
2017.05.08 18:33:06.428,0.99857,0.99866,1.50,1.50
2017.05.08 18:33:07.166,0.99856,0.99866,1.12,3.00
2017.05.08 18:33:17.095,0.99856,0.99866,1.72,3.00
2017.05.08 18:33:17.884,0.99856,0.99866,1.30,3.00
2017.05.08 18:33:27.091,0.99856,0.99866,1.67,2.62
2017.05.08 18:33:37.010,0.99855,0.99865,2.10,1.50
2017.05.08 18:33:38.069,0.99855,0.99866,1.72,3.37
2017.05.08 18:34:05.126,0.99855,0.99865,1.87,1.50
2017.05.08 18:34:05.880,0.99855,0.99866,2.25,3.00
2017.05.08 18:34:07.283,0.99855,0.99866,1.50,2.62
2017.05.08 18:34:07.834,0.99855,0.99866,1.50,5.62
2017.05.08 18:34:09.507,0.99855,0.99866,1.50,5.62
2017.05.08 18:34:15.482,0.99855,0.99865,1.50,1.75
2017.05.08 18:34:16.110,0.99855,0.99865,1.00,3.00
2017.05.08 18:34:16.518,0.99852,0.99862,3.00,2.25
2017.05.08 18:34:16.621,0.99852,0.99863,3.37,4.50
2017.05.08 18:34:20.884,0.99854,0.99863,1.12,1.12
2017.05.08 18:34:23.461,0.99854,0.99864,2.62,3.37
2017.05.08 18:34:24.073,0.99854,0.99864,3.00,1.12
2017.05.08 18:34:32.412,0.99854,0.99863,1.50,1.00
2017.05.08 18:34:32.571,0.99852,0.99863,1.50,2.25
2017.05.08 18:34:34.029,0.99853,0.99863,1.00,2.62
2017.05.08 18:34:34.531,0.99852,0.99862,1.50,1.50
2017.05.08 18:34:34.634,0.99852,0.9986,1.00,1.12
2017.05.08 18:34:34.946,0.99849,0.99858,2.25,1.12
2017.05.08 18:34:35.371,0.99852,0.99859,1.00,1.12
2017.05.08 18:34:35.473,0.99852,0.99862,2.10,1.12
2017.05.08 18:34:35.984,0.99852,0.99863,2.85,3.75
2017.05.08 18:34:36.955,0.99854,0.99863,1.50,1.50
2017.05.08 18:34:37.481,0.99855,0.99865,1.12,1.50
2017.05.08 18:34:47.091,0.99854,0.99864,2.62,1.50
2017.05.08 18:34:55.040,0.99854,0.99864,1.12,1.37
2017.05.08 18:34:55.568,0.99852,0.99863,3.37,4.12
2017.05.08 18:34:57.897,0.99853,0.99863,1.50,2.62
2017.05.08 18:34:58.411,0.99855,0.99865,1.00,2.62
2017.05.08 18:34:58.925,0.99855,0.99865,3.60,1.12
2017.05.08 18:34:59.244,0.99855,0.99865,3.37,1.12
2017.05.08 18:34:59.713,0.99857,0.99868,2.25,2.06
2017.05.08 18:35:00.351,0.99856,0.99866,1.72,1.87
2017.05.08 18:35:00.890,0.99856,0.99866,1.12,2.25
2017.05.08 18:35:02.195,0.99855,0.99866,2.47,3.00
2017.05.08 18:35:02.706,0.99855,0.99864,1.00,1.00
2017.05.08 18:35:05.522,0.99854,0.99864,1.87,2.62
2017.05.08 18:35:05.829,0.99852,0.99862,1.12,1.50
2017.05.08 18:35:06.958,0.99853,0.99862,1.00,1.00
2017.05.08 18:35:07.266,0.99855,0.99864,1.00,1.37
2017.05.08 18:35:08.776,0.99855,0.99864,1.37,1.37
2017.05.08 18:35:09.588,0.99855,0.99864,1.00,1.37
2017.05.08 18:35:10.566,0.99855,0.99865,1.00,1.87
2017.05.08 18:35:16.693,0.99854,0.99864,3.00,1.87
2017.05.08 18:35:17.239,0.99854,0.99864,2.25,1.00
2017.05.08 18:35:52.200,0.99854,0.99865,1.12,2.25
2017.05.08 18:35:56.262,0.99853,0.99863,1.37,1.87
2017.05.08 18:35:56.416,0.99852,0.99863,2.85,3.00
2017.05.08 18:36:00.858,0.99852,0.99862,3.97,1.00
2017.05.08 18:36:01.013,0.99854,0.99864,1.30,1.75
2017.05.08 18:36:01.116,0.99854,0.99865,1.72,1.50
2017.05.08 18:36:09.660,0.99855,0.99865,1.12,1.00
2017.05.08 18:36:11.932,0.99854,0.99864,3.37,1.00
2017.05.08 18:36:12.086,0.99853,0.99863,2.25,3.00
2017.05.08 18:36:12.242,0.99853,0.99861,1.12,1.50
2017.05.08 18:36:12.864,0.99852,0.99861,1.00,2.62
2017.05.08 18:36:19.238,0.99851,0.99861,1.50,2.62
2017.05.08 18:36:20.312,0.99851,0.99861,2.25,2.62
2017.05.08 18:36:20.838,0.99851,0.99861,2.25,2.25
2017.05.08 18:36:22.619,0.99852,0.99861,1.00,2.25
2017.05.08 18:36:27.221,0.99852,0.99861,1.00,1.00
2017.05.08 18:36:27.760,0.99852,0.99862,1.00,2.25
2017.05.08 18:36:31.094,0.99851,0.9986,2.25,2.06
2017.05.08 18:36:31.401,0.99849,0.99857,1.50,1.87
2017.05.08 18:36:31.590,0.99847,0.99857,1.12,1.50
2017.05.08 18:36:32.137,0.99847,0.99856,1.12,1.87
2017.05.08 18:36:32.658,0.99847,0.99856,1.12,1.87
2017.05.08 18:36:33.657,0.99847,0.99856,1.12,1.87
2017.05.08 18:36:34.161,0.99847,0.99857,1.12,1.87
2017.05.08 18:36:34.756,0.99847,0.99857,1.12,1.87
2017.05.08 18:36:44.728,0.99847,0.99857,1.12,1.50
2017.05.08 18:36:45.657,0.99847,0.99857,1.12,1.50
2017.05.08 18:36:47.076,0.99847,0.99857,1.00,1.50
2017.05.08 18:36:54.656,0.99846,0.99856,1.12,2.25
2017.05.08 18:36:56.240,0.99846,0.99856,1.12,2.25
2017.05.08 18:36:57.334,0.99845,0.99855,1.12,1.00
2017.05.08 18:37:06.493,0.99844,0.99852,2.62,2.62
2017.05.08 18:37:06.805,0.99838,0.99845,1.00,1.87
2017.05.08 18:37:06.960,0.99836,0.99845,1.12,2.25
2017.05.08 18:37:07.011,0.99836,0.99846,1.12,3.75
2017.05.08 18:37:07.608,0.99835,0.99845,1.87,1.00
2017.05.08 18:37:08.259,0.99834,0.99845,3.37,1.00
2017.05.08 18:37:08.789,0.99835,0.99845,1.50,1.50
2017.05.08 18:37:17.384,0.99835,0.99845,1.50,1.50
2017.05.08 18:37:17.943,0.99835,0.99845,1.12,1.50
2017.05.08 18:37:20.529,0.99836,0.99846,1.50,2.62
2017.05.08 18:37:21.050,0.99836,0.99846,1.12,2.62
2017.05.08 18:37:21.560,0.99834,0.99842,1.50,1.87
2017.05.08 18:37:21.612,0.99834,0.99843,1.12,1.87
2017.05.08 18:37:22.132,0.99833,0.99844,1.12,8.47
2017.05.08 18:37:23.658,0.99833,0.99843,1.12,1.37
2017.05.08 18:37:24.657,0.99833,0.99843,1.12,1.12
2017.05.08 18:37:26.096,0.99834,0.99843,1.00,1.00
2017.05.08 18:37:27.722,0.99834,0.99844,1.00,7.87
2017.05.08 18:37:31.559,0.99833,0.99842,1.12,1.00
2017.05.08 18:37:33.556,0.99832,0.99841,1.12,1.87
2017.05.08 18:37:34.169,0.99832,0.99841,1.12,2.47
2017.05.08 18:37:35.658,0.99832,0.99841,1.12,1.87
2017.05.08 18:37:36.658,0.99832,0.99841,1.12,1.87
2017.05.08 18:37:37.658,0.99832,0.99841,1.12,1.87
2017.05.08 18:37:38.657,0.99832,0.99841,1.12,1.87
2017.05.08 18:38:01.492,0.99831,0.99838,1.37,1.37
2017.05.08 18:38:01.749,0.99823,0.99833,4.12,3.00
2017.05.08 18:38:02.295,0.99824,0.99832,1.00,1.37
2017.05.08 18:38:02.830,0.99824,0.99833,1.50,1.87
2017.05.08 18:38:03.338,0.99824,0.99834,3.00,1.87
2017.05.08 18:38:40.226,0.99824,0.99833,1.87,1.50
2017.05.08 18:38:40.768,0.99822,0.99833,4.87,2.25
2017.05.08 18:38:48.152,0.99823,0.99832,1.00,1.00
2017.05.08 18:38:52.066,0.99823,0.99833,1.00,1.87
2017.05.08 18:39:03.506,0.99823,0.99832,1.00,1.00
2017.05.08 18:39:04.568,0.99822,0.99832,4.12,1.00
2017.05.08 18:39:08.102,0.99824,0.99833,1.50,1.37
2017.05.08 18:39:08.308,0.99826,0.99837,1.87,3.75
2017.05.08 18:39:15.419,0.99827,0.99837,1.00,1.87
2017.05.08 18:39:16.405,0.99826,0.99836,2.62,1.50
2017.05.08 18:39:26.001,0.99826,0.99836,1.12,3.37
2017.05.08 18:39:59.884,0.99828,0.99836,1.12,2.25
2017.05.08 18:40:00.400,0.99826,0.99834,3.00,1.00
2017.05.08 18:40:00.503,0.99826,0.99834,1.00,1.00
2017.05.08 18:40:01.050,0.99825,0.99834,1.12,1.00
2017.05.08 18:40:01.898,0.99824,0.99834,2.62,1.00
2017.05.08 18:40:01.950,0.99824,0.99835,2.62,5.25
2017.05.08 18:40:02.460,0.99824,0.99835,2.25,2.10
2017.05.08 18:40:14.972,0.99824,0.99835,2.25,3.75
2017.05.08 18:40:30.126,0.99824,0.99834,3.00,2.25
2017.05.08 18:40:30.434,0.99826,0.99835,1.12,1.00
2017.05.08 18:40:30.876,0.99824,0.99834,2.62,1.00
2017.05.08 18:40:32.925,0.99824,0.99834,2.62,3.00
2017.05.08 18:40:33.461,0.99823,0.99833,1.00,1.12
2017.05.08 18:40:33.974,0.99823,0.99833,1.12,2.25
2017.05.08 18:40:34.523,0.99824,0.99834,1.00,3.75
2017.05.08 18:40:49.821,0.99823,0.99834,1.12,2.32
2017.05.08 18:40:56.818,0.99824,0.99834,1.00,1.95
2017.05.08 18:40:59.788,0.99823,0.99833,1.12,4.50
2017.05.08 18:41:00.299,0.99823,0.99832,1.00,1.37
2017.05.08 18:41:02.271,0.99823,0.99832,1.37,1.37
2017.05.08 18:41:02.428,0.99824,0.99834,3.00,1.50
2017.05.08 18:41:03.033,0.99825,0.99835,1.00,2.25
2017.05.08 18:41:06.302,0.99825,0.99834,1.00,1.00
2017.05.08 18:41:10.559,0.99826,0.99835,1.00,1.37
2017.05.08 18:41:10.764,0.99827,0.99837,1.12,1.50
2017.05.08 18:41:17.561,0.99826,0.99836,2.85,1.87
2017.05.08 18:41:17.716,0.99825,0.99835,1.12,1.37
2017.05.08 18:41:18.531,0.99825,0.99835,1.00,1.12
2017.05.08 18:41:18.786,0.99826,0.99836,1.12,3.75
2017.05.08 18:41:22.673,0.99825,0.99835,1.50,1.37
2017.05.08 18:41:23.201,0.99825,0.99833,1.00,1.00
2017.05.08 18:41:23.719,0.99824,0.99833,2.25,1.00
2017.05.08 18:41:30.146,0.99822,0.99833,3.37,1.37
2017.05.08 18:41:30.653,0.99822,0.99833,4.12,1.12
2017.05.08 18:41:40.444,0.99822,0.99833,3.15,1.12
2017.05.08 18:41:40.994,0.99822,0.99833,3.15,1.12
2017.05.08 18:41:55.538,0.99824,0.99832,1.00,1.00
2017.05.08 18:41:56.810,0.99824,0.99833,1.00,1.00
2017.05.08 18:42:08.987,0.99824,0.99832,1.50,2.62
2017.05.08 18:42:09.625,0.99824,0.99831,1.50,2.62
2017.05.08 18:42:13.713,0.99823,0.9983,1.50,1.12
2017.05.08 18:42:14.228,0.99822,0.99831,2.25,2.62
2017.05.08 18:42:14.769,0.99822,0.9983,2.62,2.62
2017.05.08 18:42:17.011,0.99822,0.99829,2.62,2.62
2017.05.08 18:42:17.523,0.99822,0.9983,1.00,3.00
2017.05.08 18:42:19.942,0.99821,0.9983,3.19,3.00
2017.05.08 18:42:20.469,0.99821,0.99829,2.25,1.12
2017.05.08 18:42:20.948,0.99819,0.99828,3.37,1.37
2017.05.08 18:42:21.000,0.99818,0.99826,1.50,3.37
2017.05.08 18:42:21.102,0.99817,0.99824,1.00,3.00
2017.05.08 18:42:21.675,0.99816,0.99824,1.00,3.00
2017.05.08 18:42:22.245,0.99815,0.99824,2.25,3.00
2017.05.08 18:42:23.109,0.99815,0.99823,1.12,2.62
2017.05.08 18:42:26.675,0.99815,0.99824,1.12,3.75
2017.05.08 18:42:30.300,0.99814,0.99822,2.62,1.12
2017.05.08 18:42:30.828,0.99814,0.99821,1.87,2.62
2017.05.08 18:42:31.377,0.99814,0.99822,1.12,3.00
2017.05.08 18:42:31.906,0.99814,0.9982,1.87,1.12
2017.05.08 18:42:32.456,0.99813,0.9982,1.00,1.12
2017.05.08 18:42:33.795,0.99814,0.99821,1.87,2.62
2017.05.08 18:42:34.327,0.99814,0.99822,3.00,4.87
2017.05.08 18:42:34.905,0.99814,0.99822,3.00,3.37
2017.05.08 18:42:35.452,0.99815,0.99823,1.50,3.00
2017.05.08 18:42:35.997,0.99814,0.99822,2.62,2.62
2017.05.08 18:42:36.669,0.99814,0.99823,1.87,3.75
2017.05.08 18:42:40.100,0.99815,0.99822,1.87,2.62
2017.05.08 18:42:42.273,0.99815,0.99822,2.62,1.12
2017.05.08 18:42:42.784,0.99815,0.99823,2.62,3.00
2017.05.08 18:43:03.904,0.99814,0.99822,2.70,1.12
2017.05.08 18:43:06.966,0.99814,0.99822,1.20,2.62
2017.05.08 18:43:12.508,0.99814,0.99821,1.87,1.12
2017.05.08 18:43:18.317,0.99812,0.9982,3.00,4.87
2017.05.08 18:43:18.838,0.99812,0.9982,1.12,4.87
2017.05.08 18:43:20.878,0.99812,0.99821,1.12,4.87
2017.05.08 18:43:24.341,0.99812,0.9982,2.25,2.62
2017.05.08 18:43:24.862,0.99813,0.99821,1.12,3.00
2017.05.08 18:43:25.409,0.99813,0.9982,1.12,1.12
2017.05.08 18:43:31.332,0.99813,0.99821,4.50,3.00
2017.05.08 18:43:31.435,0.99814,0.99823,1.12,4.50
2017.05.08 18:43:31.940,0.99814,0.99822,1.12,1.12
2017.05.08 18:43:41.631,0.99814,0.99823,3.37,2.25
2017.05.08 18:43:45.620,0.99814,0.99822,3.37,1.12
2017.05.08 18:43:48.221,0.99814,0.99823,1.12,1.50
2017.05.08 18:43:55.256,0.99815,0.99823,1.00,1.00
2017.05.08 18:43:56.372,0.9982,0.99824,9.00,1.50
2017.05.08 18:43:56.475,0.99821,0.99827,1.31,1.12
2017.05.08 18:43:56.578,0.99822,0.99831,2.85,1.87
2017.05.08 18:43:56.629,0.99824,0.99831,1.87,1.12
2017.05.08 18:43:56.746,0.99824,0.99832,2.25,1.87
2017.05.08 18:43:57.053,0.99824,0.99834,2.85,1.87
2017.05.08 18:43:57.570,0.99825,0.99834,1.12,1.00
2017.05.08 18:44:09.255,0.99825,0.99834,5.62,1.00
2017.05.08 18:44:40.518,0.99826,0.99835,3.37,1.00
2017.05.08 18:44:41.577,0.99831,0.99836,1.25,2.62
2017.05.08 18:44:41.814,0.99832,0.99841,1.00,3.00
2017.05.08 18:44:42.324,0.99832,0.99841,1.00,3.37
2017.05.08 18:44:42.681,0.99831,0.99838,1.12,1.50
2017.05.08 18:44:42.987,0.99827,0.99837,8.25,1.50
2017.05.08 18:44:43.141,0.99831,0.99838,1.69,1.12
2017.05.08 18:44:43.335,0.99832,0.99841,1.00,1.87
2017.05.08 18:44:43.696,0.99834,0.99843,1.00,1.12
2017.05.08 18:44:44.207,0.99834,0.99844,2.25,1.50
2017.05.08 18:44:45.447,0.99837,0.99844,1.50,1.12
2017.05.08 18:44:45.958,0.99837,0.99845,1.50,1.87
2017.05.08 18:44:54.505,0.99835,0.99845,5.10,2.62
2017.05.08 18:44:55.477,0.99836,0.99845,1.90,2.62
2017.05.08 18:44:55.876,0.99839,0.99848,2.62,3.37
2017.05.08 18:44:57.324,0.99839,0.99848,2.25,1.87
2017.05.08 18:44:57.633,0.99845,0.99854,1.87,2.62
2017.05.08 18:44:57.685,0.99845,0.99854,1.87,2.62
2017.05.08 18:44:57.839,0.99844,0.99854,4.50,2.62
2017.05.08 18:44:58.350,0.99844,0.99854,4.12,4.50
2017.05.08 18:45:00.764,0.99844,0.99852,4.12,1.50
2017.05.08 18:45:00.917,0.99844,0.9985,3.75,1.12
2017.05.08 18:45:01.429,0.99844,0.9985,3.75,1.87
2017.05.08 18:45:01.857,0.99841,0.9985,1.00,1.87
2017.05.08 18:45:02.364,0.9984,0.9985,4.12,2.62
2017.05.08 18:45:05.085,0.99842,0.9985,1.00,1.00
2017.05.08 18:45:05.726,0.99841,0.9985,1.00,1.19
2017.05.08 18:45:06.135,0.9984,0.99847,2.25,1.12
2017.05.08 18:45:06.673,0.9984,0.99848,2.25,2.25
2017.05.08 18:45:06.725,0.99838,0.99847,1.00,2.62
2017.05.08 18:45:06.831,0.99836,0.99845,2.62,1.50
2017.05.08 18:45:09.702,0.99835,0.99845,4.12,2.62
2017.05.08 18:45:21.266,0.99836,0.99845,2.25,2.62
2017.05.08 18:45:30.764,0.99835,0.99845,5.62,3.37
2017.05.08 18:45:39.892,0.99835,0.99844,1.00,1.50
2017.05.08 18:45:40.198,0.99834,0.99841,2.62,1.00
2017.05.08 18:45:42.852,0.99833,0.99841,2.25,1.12
2017.05.08 18:45:46.051,0.99834,0.99842,2.25,3.75
2017.05.08 18:45:46.546,0.99834,0.9984,2.25,2.10
2017.05.08 18:45:46.849,0.99829,0.99838,1.37,5.06
2017.05.08 18:45:47.056,0.99832,0.99838,2.62,1.50
2017.05.08 18:45:47.161,0.99832,0.99842,2.25,1.87
2017.05.08 18:45:47.681,0.99833,0.99841,1.00,1.50
2017.05.08 18:45:48.540,0.99833,0.99842,4.12,1.87
2017.05.08 18:45:49.201,0.99833,0.99841,4.12,1.50
2017.05.08 18:45:50.268,0.99833,0.99842,5.25,1.50
2017.05.08 18:45:51.341,0.99832,0.99841,6.37,1.87
2017.05.08 18:45:52.071,0.99832,0.99842,7.72,2.25
2017.05.08 18:45:52.832,0.99832,0.99841,7.72,1.50
2017.05.08 18:45:53.343,0.99834,0.99841,3.75,1.50
2017.05.08 18:45:57.330,0.99834,0.99842,3.75,3.75
2017.05.08 18:45:57.846,0.99834,0.99841,3.75,1.00
2017.05.08 18:45:58.523,0.99834,0.99838,3.75,1.50
2017.05.08 18:45:58.575,0.99831,0.99838,1.00,3.00
2017.05.08 18:45:58.687,0.99831,0.99836,1.00,1.50
2017.05.08 18:45:58.739,0.99828,0.99836,4.12,3.75
2017.05.08 18:45:59.251,0.99828,0.99835,3.75,1.87
2017.05.08 18:46:01.314,0.99831,0.99836,2.06,1.00
2017.05.08 18:46:01.417,0.99832,0.9984,1.30,1.87
2017.05.08 18:46:01.468,0.99831,0.9984,2.85,1.50
2017.05.08 18:46:01.654,0.9983,0.99838,7.50,3.37
2017.05.08 18:46:01.809,0.9983,0.99836,7.50,1.50
2017.05.08 18:46:02.323,0.9983,0.99835,7.50,1.12
2017.05.08 18:46:02.605,0.99826,0.99835,6.37,1.12
2017.05.08 18:46:03.274,0.99826,0.99835,4.50,1.87
2017.05.08 18:46:06.799,0.99825,0.99835,3.00,4.50
2017.05.08 18:46:21.102,0.99825,0.99835,4.50,3.75
2017.05.08 18:46:21.614,0.99825,0.99835,4.50,3.75
2017.05.08 18:46:27.008,0.99825,0.99835,3.00,3.75
2017.05.08 18:46:27.563,0.99825,0.99835,6.00,3.00
2017.05.08 18:46:31.421,0.99826,0.99835,1.87,1.50
2017.05.08 18:46:32.624,0.99826,0.99836,1.87,2.25
2017.05.08 18:46:38.969,0.99827,0.99836,1.00,2.62
2017.05.08 18:46:42.077,0.99827,0.99835,1.12,1.12
2017.05.08 18:46:42.774,0.99827,0.99836,1.50,1.87
2017.05.08 18:46:42.979,0.99828,0.99838,1.12,4.72
2017.05.08 18:46:43.031,0.99829,0.99838,1.12,2.62
2017.05.08 18:46:43.184,0.99829,0.99838,1.12,4.50
2017.05.08 18:46:43.537,0.99828,0.99838,1.00,5.25
2017.05.08 18:46:43.690,0.99829,0.99838,1.12,2.25
2017.05.08 18:46:46.672,0.99828,0.99838,5.10,2.62
2017.05.08 18:46:47.259,0.99828,0.99838,3.97,2.62
2017.05.08 18:46:50.851,0.99827,0.99835,3.00,1.00
2017.05.08 18:46:51.006,0.99825,0.99835,2.62,2.62
2017.05.08 18:46:57.837,0.99826,0.99836,5.25,2.25
2017.05.08 18:46:58.346,0.99826,0.99836,6.60,2.25
2017.05.08 18:47:01.705,0.99827,0.99836,6.00,1.87
2017.05.08 18:47:02.217,0.99829,0.99836,7.50,1.00
2017.05.08 18:47:03.736,0.99827,0.99836,5.62,1.00
2017.05.08 18:47:13.116,0.99829,0.99836,7.50,1.00
2017.05.08 18:47:16.080,0.9983,0.99836,3.75,1.00
2017.05.08 18:47:17.602,0.9983,0.99837,3.75,3.75
2017.05.08 18:47:18.915,0.9983,0.99837,3.75,2.55
2017.05.08 18:47:21.603,0.99831,0.99838,1.25,1.05
2017.05.08 18:47:21.789,0.99831,0.9984,2.44,1.05
2017.05.08 18:47:22.328,0.99829,0.99839,5.62,1.80
2017.05.08 18:47:22.482,0.99833,0.99839,1.87,1.00
2017.05.08 18:47:22.635,0.99834,0.99843,1.50,1.12
2017.05.08 18:47:22.738,0.99834,0.99844,1.87,3.37
2017.05.08 18:47:23.855,0.99835,0.99845,1.50,3.00
2017.05.08 18:47:26.401,0.99836,0.99845,3.75,1.50
2017.05.08 18:47:29.374,0.99837,0.99846,1.37,1.50
2017.05.08 18:47:29.901,0.99838,0.99846,1.00,1.12
2017.05.08 18:47:30.054,0.99838,0.99848,1.87,2.62
2017.05.08 18:47:35.398,0.99839,0.99848,1.00,2.25
2017.05.08 18:47:38.381,0.99838,0.99848,2.62,1.50
2017.05.08 18:47:41.449,0.99839,0.99848,1.00,1.50
2017.05.08 18:47:44.428,0.99838,0.99848,2.62,1.50
2017.05.08 18:47:47.771,0.99838,0.99848,1.50,1.50
2017.05.08 18:47:48.320,0.99837,0.99847,2.62,4.50
2017.05.08 18:47:51.585,0.99837,0.99846,2.62,1.50
2017.05.08 18:47:55.133,0.99836,0.99846,3.00,3.37
2017.05.08 18:48:01.316,0.99837,0.99845,3.75,1.00
2017.05.08 18:48:03.339,0.99835,0.99845,5.85,1.50
2017.05.08 18:48:17.355,0.99837,0.99845,1.00,1.12
2017.05.08 18:48:17.863,0.99836,0.99845,4.12,1.00
2017.05.08 18:48:19.402,0.99838,0.99845,3.75,1.00
2017.05.08 18:48:21.314,0.99835,0.99845,7.35,1.50
2017.05.08 18:48:24.307,0.99837,0.99845,2.25,1.00
2017.05.08 18:48:30.406,0.99835,0.99845,5.85,1.00
2017.05.08 18:48:37.518,0.99837,0.99845,2.25,1.50
2017.05.08 18:48:40.507,0.99836,0.99845,2.62,3.00
2017.05.08 18:48:48.365,0.99836,0.99844,4.12,5.25
2017.05.08 18:48:48.621,0.99836,0.99842,3.75,1.50
2017.05.08 18:48:49.661,0.99833,0.99843,2.62,1.50
2017.05.08 18:48:51.955,0.99833,0.99841,1.87,2.25
2017.05.08 18:48:52.147,0.99832,0.99841,3.75,3.60
2017.05.08 18:48:52.674,0.9983,0.99837,5.25,1.50
2017.05.08 18:48:53.184,0.9983,0.99836,3.75,1.00
2017.05.08 18:48:54.855,0.99827,0.99836,4.12,1.00
2017.05.08 18:49:15.347,0.99828,0.99836,2.25,2.25
2017.05.08 18:49:18.329,0.99827,0.99836,4.12,2.25
2017.05.08 18:49:21.311,0.99828,0.99836,2.25,1.50
2017.05.08 18:49:25.563,0.99827,0.99836,4.50,1.50
2017.05.08 18:49:26.099,0.99827,0.99836,3.75,1.50
2017.05.08 18:49:27.747,0.99825,0.99835,1.50,1.87
2017.05.08 18:49:33.783,0.99826,0.99835,2.25,1.87
2017.05.08 18:49:37.401,0.99825,0.99835,5.62,1.87
2017.05.08 18:49:37.935,0.99826,0.99835,1.12,1.37
2017.05.08 18:49:43.733,0.99827,0.99836,1.00,2.62
2017.05.08 18:49:49.510,0.99826,0.99836,3.37,3.37
2017.05.08 18:49:57.149,0.99826,0.99834,2.25,3.37
2017.05.08 18:49:57.838,0.99826,0.99834,2.25,1.50
2017.05.08 18:49:58.496,0.99824,0.99835,6.00,3.37
2017.05.08 18:50:00.736,0.99824,0.99834,4.87,1.00
2017.05.08 18:50:00.890,0.99824,0.99834,4.50,1.12
2017.05.08 18:50:02.325,0.99824,0.99835,4.50,1.87
2017.05.08 18:50:02.377,0.99824,0.99835,4.87,1.87
2017.05.08 18:50:03.166,0.99824,0.99834,4.87,1.00
2017.05.08 18:50:05.986,0.99825,0.99834,1.00,1.00
2017.05.08 18:50:09.390,0.99824,0.99834,2.62,1.00
2017.05.08 18:50:10.468,0.99824,0.99832,1.00,2.25
2017.05.08 18:50:10.623,0.99822,0.99831,2.44,1.87
2017.05.08 18:50:11.134,0.99824,0.99833,1.50,3.37
2017.05.08 18:50:11.288,0.99824,0.99833,2.62,1.37
2017.05.08 18:50:26.614,0.99824,0.99833,2.62,1.12
2017.05.08 18:50:27.581,0.99823,0.99832,3.75,3.00
2017.05.08 18:50:27.685,0.99823,0.99828,3.75,1.87
2017.05.08 18:50:27.992,0.99822,0.99828,3.75,3.37
2017.05.08 18:50:28.541,0.99821,0.99827,7.50,1.87
2017.05.08 18:50:28.746,0.99818,0.99827,4.50,1.87
2017.05.08 18:50:29.105,0.99818,0.99828,5.62,3.37
2017.05.08 18:50:29.312,0.99818,0.99828,5.25,4.87
2017.05.08 18:50:29.824,0.99818,0.99827,4.12,1.87
2017.05.08 18:50:30.234,0.99816,0.99826,3.37,2.62
2017.05.08 18:50:30.338,0.99816,0.99826,3.00,3.00
2017.05.08 18:50:30.799,0.99816,0.99825,1.50,1.37
2017.05.08 18:50:31.995,0.99814,0.99824,4.87,3.37
2017.05.08 18:50:32.335,0.99814,0.99824,4.12,4.12
2017.05.08 18:50:47.039,0.99814,0.99823,1.87,1.12
2017.05.08 18:50:51.590,0.99814,0.99824,2.25,1.37
2017.05.08 18:50:51.886,0.99816,0.99826,3.37,1.87
2017.05.08 18:50:52.449,0.99816,0.99825,1.50,1.00
2017.05.08 18:50:56.301,0.99816,0.99826,3.37,1.50
2017.05.08 18:50:56.557,0.99817,0.99827,2.62,1.00
2017.05.08 18:50:56.864,0.99817,0.99826,1.12,1.87
2017.05.08 18:50:57.411,0.99817,0.99827,2.25,3.37
2017.05.08 18:50:58.470,0.99818,0.99827,2.25,3.37
2017.05.08 18:50:59.690,0.99818,0.99827,2.62,1.87
2017.05.08 18:51:00.459,0.99818,0.99826,2.25,1.00
2017.05.08 18:51:01.433,0.99817,0.99826,2.25,1.50
2017.05.08 18:51:04.441,0.99816,0.99826,3.75,1.50
2017.05.08 18:51:13.447,0.99817,0.99826,2.25,1.50
2017.05.08 18:51:21.507,0.99816,0.99826,7.87,1.50
2017.05.08 18:51:21.813,0.99817,0.99827,2.25,1.87
2017.05.08 18:51:22.315,0.99817,0.99826,1.00,1.00
2017.05.08 18:51:22.905,0.99816,0.99826,7.12,1.50
2017.05.08 18:51:26.569,0.99816,0.99826,1.00,3.75
2017.05.08 18:51:47.040,0.99816,0.99826,4.12,3.00
2017.05.08 18:51:50.552,0.99817,0.99826,2.25,3.00
2017.05.08 18:51:51.993,0.99817,0.99825,2.25,1.00
2017.05.08 18:51:52.527,0.99817,0.99826,2.25,4.50
2017.05.08 18:51:53.553,0.99816,0.99826,3.00,4.50
2017.05.08 18:51:56.662,0.99816,0.99826,1.12,6.37
2017.05.08 18:51:58.566,0.99815,0.99825,4.87,1.87
2017.05.08 18:51:59.565,0.99816,0.99825,2.25,1.87
2017.05.08 18:52:05.587,0.99817,0.99825,2.25,1.87
2017.05.08 18:52:08.599,0.99815,0.99825,4.87,1.87
2017.05.08 18:52:24.540,0.99815,0.99823,3.75,2.25
2017.05.08 18:52:25.531,0.99815,0.99824,3.75,4.50
2017.05.08 18:52:26.032,0.99814,0.99824,1.87,4.50
2017.05.08 18:52:27.947,0.99814,0.99824,1.00,3.75
2017.05.08 18:52:30.988,0.99814,0.99824,3.00,2.25
2017.05.08 18:52:31.576,0.99816,0.99825,2.62,6.75
2017.05.08 18:52:41.131,0.99815,0.99824,1.50,1.12
2017.05.08 18:52:42.818,0.99815,0.99824,1.00,1.12
2017.05.08 18:52:46.769,0.99814,0.99823,6.00,2.25
2017.05.08 18:52:47.283,0.99814,0.99822,3.75,1.50
2017.05.08 18:52:48.045,0.99814,0.99821,3.75,1.87
2017.05.08 18:52:48.688,0.99811,0.99821,5.25,1.87
2017.05.08 18:52:49.840,0.99811,0.9982,1.37,1.31
2017.05.08 18:52:49.892,0.99811,0.99817,1.00,1.87
2017.05.08 18:52:49.944,0.99809,0.99818,4.50,1.37
2017.05.08 18:52:50.046,0.99809,0.99818,3.75,1.87
2017.05.08 18:52:50.748,0.99809,0.99817,3.75,1.12
2017.05.08 18:52:51.308,0.99807,0.99817,3.75,1.12
2017.05.08 18:52:51.830,0.99807,0.99816,3.00,1.00
2017.05.08 18:52:52.427,0.99807,0.99817,3.37,1.12
2017.05.08 18:52:52.634,0.99807,0.99816,2.62,3.37
2017.05.08 18:52:53.956,0.99806,0.99815,1.00,1.12
2017.05.08 18:52:55.606,0.99805,0.99816,1.87,5.25
2017.05.08 18:52:57.121,0.99805,0.99815,1.50,1.37
2017.05.08 18:52:59.487,0.99808,0.99816,3.75,3.75
2017.05.08 18:53:01.731,0.99806,0.99816,1.50,1.37
2017.05.08 18:53:06.606,0.99806,0.99816,1.87,2.62
2017.05.08 18:53:07.115,0.99806,0.99816,1.00,1.87
2017.05.08 18:53:11.712,0.99805,0.99814,1.12,1.00
2017.05.08 18:53:15.696,0.99804,0.99814,5.62,1.50
2017.05.08 18:53:19.603,0.99805,0.99814,1.12,1.00
2017.05.08 18:53:20.126,0.99806,0.99815,3.75,1.12
2017.05.08 18:53:21.325,0.99806,0.99817,7.50,4.12
2017.05.08 18:53:23.820,0.99806,0.99817,3.00,4.50
2017.05.08 18:53:24.420,0.99806,0.99817,5.85,3.37
2017.05.08 18:53:25.467,0.99806,0.99817,7.35,1.37
2017.05.08 18:53:25.724,0.99809,0.99818,2.62,4.12
2017.05.08 18:53:28.851,0.99812,0.99818,1.37,1.50
2017.05.08 18:53:28.903,0.99812,0.99818,3.41,1.00
2017.05.08 18:53:29.005,0.99813,0.99822,3.00,1.75
2017.05.08 18:53:29.057,0.99814,0.99824,1.12,3.00
2017.05.08 18:53:29.613,0.99815,0.99824,1.00,1.37
2017.05.08 18:53:30.421,0.99814,0.99824,2.25,1.87
2017.05.08 18:53:31.024,0.99815,0.99824,1.00,1.37
2017.05.08 18:53:32.424,0.99816,0.99825,3.75,1.87
2017.05.08 18:53:32.527,0.99816,0.99826,7.50,1.87
2017.05.08 18:53:33.041,0.99816,0.99826,7.87,1.12
2017.05.08 18:53:46.045,0.99817,0.99826,1.50,1.37
2017.05.08 18:53:49.010,0.99816,0.99826,6.00,1.50
2017.05.08 18:53:53.827,0.99816,0.99827,7.35,6.37
2017.05.08 18:53:55.500,0.99816,0.99826,6.22,1.37
2017.05.08 18:53:56.011,0.99815,0.99825,2.25,1.50
2017.05.08 18:53:56.159,0.99816,0.99827,2.25,3.37
2017.05.08 18:53:56.677,0.99816,0.99827,3.97,3.00
2017.05.08 18:54:01.122,0.99816,0.99825,7.87,1.12
2017.05.08 18:54:01.637,0.99816,0.99826,1.00,5.25
2017.05.08 18:54:02.170,0.99815,0.99826,2.25,6.75
2017.05.08 18:54:03.090,0.99815,0.99825,2.25,1.00
2017.05.08 18:54:03.440,0.99816,0.99826,3.60,1.12
2017.05.08 18:54:06.016,0.99816,0.99826,3.60,1.37
2017.05.08 18:54:07.073,0.99816,0.99827,4.12,3.75
2017.05.08 18:54:10.182,0.99817,0.99827,1.00,4.12
2017.05.08 18:54:15.132,0.99817,0.99826,1.00,1.00
2017.05.08 18:54:15.660,0.99817,0.99827,1.00,4.12
2017.05.08 18:54:16.169,0.99817,0.99826,1.00,1.00
2017.05.08 18:54:30.247,0.99817,0.99827,3.00,2.25
2017.05.08 18:54:41.882,0.99817,0.99827,1.50,3.00
2017.05.08 18:54:42.391,0.99817,0.99826,1.00,1.00
2017.05.08 18:54:51.059,0.99819,0.99827,7.50,1.87
2017.05.08 18:54:51.717,0.99819,0.99828,7.50,5.81
2017.05.08 18:54:52.312,0.99819,0.99826,7.50,1.00
2017.05.08 18:54:53.022,0.99817,0.99827,3.00,1.00
2017.05.08 18:54:55.546,0.99817,0.99826,2.25,1.00
2017.05.08 18:54:56.124,0.99818,0.99827,2.62,1.50
2017.05.08 18:54:59.163,0.99819,0.99827,3.75,1.12
2017.05.08 18:55:00.539,0.99817,0.99827,2.62,1.50
2017.05.08 18:55:05.508,0.99818,0.99827,1.00,1.12
2017.05.08 18:55:12.753,0.99818,0.99826,2.25,3.00
2017.05.08 18:55:13.267,0.99818,0.99825,2.25,1.50
2017.05.08 18:55:13.785,0.99818,0.99825,2.25,1.87
2017.05.08 18:55:14.224,0.99815,0.99825,1.12,1.87
2017.05.08 18:55:38.424,0.99816,0.99825,2.62,1.87
2017.05.08 18:55:38.527,0.99816,0.99826,4.50,2.62
2017.05.08 18:55:38.936,0.99816,0.99825,2.25,2.62
2017.05.08 18:55:41.402,0.99814,0.99825,6.37,1.87
2017.05.08 18:55:43.352,0.99815,0.99825,1.37,3.00
2017.05.08 18:55:43.963,0.99815,0.99825,1.50,3.00
2017.05.08 18:55:44.829,0.99815,0.99824,1.00,3.00
2017.05.08 18:55:45.356,0.99814,0.99823,1.00,1.00
2017.05.08 18:55:45.925,0.99813,0.99823,5.25,1.00
2017.05.08 18:55:46.267,0.99808,0.99818,4.87,2.62
2017.05.08 18:55:47.003,0.99808,0.99817,3.37,1.12
2017.05.08 18:55:47.157,0.99808,0.99817,3.00,1.12
2017.05.08 18:55:49.254,0.99807,0.99818,8.25,2.62
2017.05.08 18:55:50.498,0.99808,0.99818,1.00,3.75
2017.05.08 18:55:53.330,0.99808,0.99817,1.00,1.00
2017.05.08 18:56:06.643,0.99807,0.99816,4.50,1.00
2017.05.08 18:56:21.686,0.99807,0.99817,3.00,1.00
2017.05.08 18:56:30.319,0.99808,0.99817,2.25,1.87
2017.05.08 18:56:32.693,0.99807,0.99817,1.12,2.25
2017.05.08 18:56:40.119,0.99806,0.99816,5.25,1.12
2017.05.08 18:56:40.325,0.99807,0.99817,3.00,1.50
2017.05.08 18:56:41.634,0.99806,0.99817,6.37,1.87
2017.05.08 18:56:44.559,0.99807,0.99817,1.37,1.12
2017.05.08 18:56:44.661,0.99807,0.99817,1.00,1.50
2017.05.08 18:56:45.407,0.99806,0.99816,7.87,1.00
2017.05.08 18:56:55.626,0.99807,0.99815,1.00,1.12
2017.05.08 18:56:56.137,0.99806,0.99814,3.75,3.00
2017.05.08 18:56:56.189,0.99803,0.99813,2.25,2.62
2017.05.08 18:56:56.241,0.99803,0.99813,1.87,4.87
2017.05.08 18:56:57.154,0.99803,0.99811,1.50,1.00
2017.05.08 18:56:57.258,0.99801,0.99808,4.12,2.47
2017.05.08 18:56:57.310,0.99801,0.99809,3.00,1.97
2017.05.08 18:56:57.415,0.998,0.99807,3.75,1.87
2017.05.08 18:56:57.519,0.99797,0.99806,3.60,1.00
2017.05.08 18:56:58.046,0.99797,0.99806,1.10,3.00
2017.05.08 18:57:00.273,0.99797,0.99806,0.60,3.75
2017.05.08 18:57:00.505,0.998,0.99809,3.00,3.00
2017.05.08 18:57:00.557,0.99798,0.99808,5.62,1.87
2017.05.08 18:57:01.077,0.99798,0.99808,5.62,1.00
2017.05.08 18:57:02.458,0.99798,0.99808,5.25,1.87
2017.05.08 18:57:13.671,0.99798,0.99806,1.87,2.62
2017.05.08 18:57:13.877,0.99797,0.99806,3.10,6.37
2017.05.08 18:57:14.488,0.99797,0.99806,3.10,6.97
2017.05.08 18:57:20.658,0.99797,0.99806,0.10,6.37
2017.05.08 18:57:20.709,0.99797,0.99806,0.10,6.37
2017.05.08 18:57:22.469,0.99797,0.99806,0.10,7.12
2017.05.08 18:57:23.215,0.99797,0.99806,0.10,6.00
2017.05.08 18:57:25.334,0.99797,0.99804,0.10,1.87
2017.05.08 18:57:26.617,0.99797,0.99802,0.10,1.50
2017.05.08 18:57:27.378,0.99797,0.99803,0.10,2.25
2017.05.08 18:57:28.202,0.99797,0.99802,0.10,1.50
2017.05.08 18:57:29.065,0.99797,0.99803,0.10,3.37
2017.05.08 18:57:29.321,0.99797,0.99805,0.10,1.87
2017.05.08 18:57:29.732,0.99797,0.99806,2.35,1.00
2017.05.08 18:57:30.341,0.99797,0.99806,1.60,1.12
2017.05.08 18:57:46.043,0.99797,0.99806,1.97,1.00
2017.05.08 18:57:47.203,0.99798,0.99807,1.00,1.00
2017.05.08 18:57:47.560,0.99798,0.99808,1.12,2.62
2017.05.08 18:57:48.723,0.998,0.99809,1.50,2.25
2017.05.08 18:57:49.063,0.99806,0.99815,1.87,1.50
2017.05.08 18:57:49.167,0.99806,0.99815,1.00,1.37
2017.05.08 18:57:49.858,0.99806,0.99815,1.00,1.12
2017.05.08 18:57:51.088,0.99805,0.99815,5.62,1.00
2017.05.08 18:57:51.610,0.99808,0.99816,1.00,1.12
2017.05.08 18:57:56.187,0.99808,0.99817,1.00,2.25
2017.05.08 18:57:56.340,0.99808,0.99817,1.12,2.25
2017.05.08 18:58:02.292,0.99808,0.99817,1.37,2.62
2017.05.08 18:58:03.366,0.99808,0.99817,1.00,1.87
2017.05.08 18:58:08.980,0.99807,0.99817,5.25,1.50
2017.05.08 18:58:15.012,0.99808,0.99818,1.87,4.12
2017.05.08 18:58:19.506,0.99809,0.99818,1.37,1.87
2017.05.08 18:58:19.711,0.99811,0.99821,1.37,6.00
2017.05.08 18:58:20.343,0.99811,0.9982,1.00,1.00
2017.05.08 18:58:20.394,0.99811,0.99818,1.00,1.50
2017.05.08 18:58:21.281,0.99811,0.99819,1.12,1.00
2017.05.08 18:58:21.392,0.99811,0.99821,1.12,3.75
2017.05.08 18:58:21.945,0.99811,0.99818,1.00,1.00
2017.05.08 18:58:22.303,0.99811,0.9982,1.12,1.00
2017.05.08 18:58:22.610,0.99813,0.99821,2.62,1.12
2017.05.08 18:58:22.949,0.99814,0.99823,1.37,1.00
2017.05.08 18:58:23.486,0.99814,0.99824,1.87,1.12
2017.05.08 18:58:23.797,0.99817,0.99825,1.50,1.00
2017.05.08 18:58:28.863,0.99816,0.99826,1.50,1.50
2017.05.08 18:58:29.813,0.99817,0.99827,1.37,1.87
2017.05.08 18:59:00.073,0.99817,0.99823,1.87,1.12
2017.05.08 18:59:00.179,0.99815,0.99825,4.12,1.50
2017.05.08 18:59:00.680,0.99816,0.99825,1.50,1.00
2017.05.08 18:59:02.797,0.99816,0.99825,3.37,1.00
2017.05.08 18:59:03.703,0.99817,0.99826,1.00,1.50
2017.05.08 18:59:03.858,0.99817,0.99826,3.00,1.00
2017.05.08 18:59:07.174,0.99817,0.99827,3.37,2.25
2017.05.08 18:59:07.725,0.99817,0.99826,3.37,1.00
2017.05.08 18:59:08.273,0.99817,0.99827,3.37,2.25
2017.05.08 18:59:09.312,0.99817,0.99826,3.37,1.00
2017.05.08 18:59:17.104,0.99817,0.99827,2.62,1.12
2017.05.08 18:59:22.042,0.99817,0.99826,2.62,1.00
2017.05.08 18:59:23.981,0.99818,0.99826,1.00,2.25
2017.05.08 18:59:24.497,0.99817,0.99826,3.00,2.62
2017.05.08 18:59:32.194,0.99817,0.99827,1.50,3.00
2017.05.08 18:59:33.161,0.99817,0.99826,1.37,1.00
2017.05.08 18:59:37.605,0.99817,0.99825,1.50,1.00
2017.05.08 18:59:38.064,0.99817,0.99823,1.00,1.00
2017.05.08 18:59:38.395,0.99814,0.9982,1.12,2.62
2017.05.08 18:59:38.447,0.9981,0.9982,1.87,3.00
2017.05.08 18:59:38.602,0.9981,0.9982,2.25,1.12
2017.05.08 18:59:39.320,0.9981,0.99819,1.37,1.00
2017.05.08 18:59:40.024,0.99809,0.99818,2.62,1.00
2017.05.08 18:59:40.076,0.99809,0.99816,1.75,1.00
2017.05.08 18:59:40.128,0.99809,0.99816,1.00,1.37
2017.05.08 18:59:40.435,0.99809,0.99817,1.00,1.12
2017.05.08 18:59:40.970,0.99809,0.99816,1.00,1.00
2017.05.08 18:59:42.331,0.99807,0.99816,1.12,1.00
2017.05.08 18:59:43.398,0.99806,0.99817,4.12,3.00
2017.05.08 18:59:43.654,0.99806,0.99815,4.12,1.00
2017.05.08 18:59:44.168,0.99806,0.99814,3.00,1.00
2017.05.08 18:59:44.712,0.99806,0.99815,3.00,1.00
2017.05.08 18:59:45.020,0.99806,0.99813,3.00,1.00
2017.05.08 18:59:45.532,0.99806,0.99814,3.00,1.00
2017.05.08 18:59:45.852,0.99806,0.99815,3.37,1.00
2017.05.08 18:59:45.906,0.99806,0.99817,6.37,1.87
2017.05.08 18:59:46.112,0.99806,0.99817,5.62,6.04
2017.05.08 18:59:46.164,0.99806,0.99816,5.25,1.37
2017.05.08 18:59:46.690,0.99806,0.99816,4.50,3.00
2017.05.08 18:59:48.074,0.99805,0.99813,6.37,1.87
2017.05.08 18:59:48.332,0.99806,0.99815,1.00,1.12
2017.05.08 18:59:49.274,0.99805,0.99814,4.50,1.50
2017.05.08 18:59:49.775,0.99803,0.99813,4.12,1.12
2017.05.08 18:59:50.084,0.99804,0.99811,2.25,1.00
2017.05.08 18:59:50.239,0.99805,0.99815,1.87,2.85
2017.05.08 18:59:50.342,0.99806,0.99815,1.00,1.00
2017.05.08 18:59:51.654,0.99806,0.99816,5.25,3.37
2017.05.08 18:59:52.210,0.99807,0.99816,1.00,1.00
2017.05.08 18:59:53.221,0.99806,0.99816,5.25,1.50
2017.05.08 18:59:54.117,0.99806,0.99814,1.00,3.60
2017.05.08 18:59:54.426,0.99805,0.99811,2.62,1.00
2017.05.08 18:59:54.715,0.99806,0.99815,1.00,3.22
2017.05.08 18:59:55.023,0.99805,0.99815,8.25,1.00
2017.05.08 18:59:55.543,0.99806,0.99816,1.50,3.37
2017.05.08 18:59:56.091,0.99806,0.99815,1.00,1.00
2017.05.08 18:59:56.605,0.99806,0.99816,1.50,1.87
2017.05.08 18:59:56.953,0.99808,0.99816,1.37,1.00
2017.05.08 18:59:57.470,0.99808,0.99816,1.00,1.00
2017.05.08 18:59:58.142,0.99807,0.99816,1.12,1.00
2017.05.08 18:59:58.654,0.99807,0.99816,1.37,1.00
2017.05.08 18:59:59.173,0.99808,0.99815,1.00,1.00
2017.05.08 18:59:59.712,0.99807,0.99816,3.37,1.00
