2015.03.05 15:00:03.130,0.9689,0.96914,1.37,1.06
2015.03.05 15:00:03.895,0.96896,0.96924,1.00,2.47
2015.03.05 15:00:03.949,0.96894,0.96919,1.00,1.06
2015.03.05 15:00:06.193,0.96898,0.96919,1.00,1.56
2015.03.05 15:00:06.975,0.96897,0.96919,1.00,1.06
2015.03.05 15:00:07.286,0.96899,0.96919,1.00,1.06
2015.03.05 15:00:08.422,0.96897,0.96917,1.00,1.06
2015.03.05 15:00:10.805,0.96897,0.96917,1.00,1.00
2015.03.05 15:00:15.262,0.96896,0.96916,1.50,1.00
2015.03.05 15:00:17.922,0.96898,0.96918,1.00,1.00
2015.03.05 15:00:18.434,0.96899,0.96919,1.00,1.50
2015.03.05 15:00:25.201,0.96898,0.96918,1.00,1.00
2015.03.05 15:00:26.918,0.96896,0.96912,1.00,1.00
2015.03.05 15:00:26.970,0.96894,0.96912,1.00,1.00
2015.03.05 15:00:27.765,0.96894,0.96914,2.25,1.00
2015.03.05 15:00:28.275,0.96895,0.96914,1.00,1.00
2015.03.05 15:00:30.234,0.96895,0.96914,1.50,5.25
2015.03.05 15:00:30.549,0.96896,0.96914,2.32,1.00
2015.03.05 15:00:31.006,0.96896,0.96916,1.17,3.07
2015.03.05 15:00:31.209,0.96896,0.96917,3.07,1.27
2015.03.05 15:00:33.254,0.96901,0.9692,1.95,2.32
2015.03.05 15:00:34.320,0.96901,0.96921,1.55,2.32
2015.03.05 15:00:35.081,0.96901,0.96921,1.55,2.32
2015.03.05 15:00:35.954,0.96901,0.96921,1.20,2.32
2015.03.05 15:00:39.304,0.96901,0.96917,1.12,2.25
2015.03.05 15:00:40.209,0.96901,0.96918,1.12,2.32
2015.03.05 15:00:40.260,0.96901,0.9692,1.12,3.07
2015.03.05 15:00:40.806,0.96895,0.96909,2.25,2.62
2015.03.05 15:00:40.858,0.96891,0.96909,3.00,2.70
2015.03.05 15:00:41.011,0.96886,0.96907,3.07,3.07
2015.03.05 15:00:41.164,0.96887,0.96907,2.32,1.17
2015.03.05 15:00:41.674,0.96887,0.96905,2.32,1.00
2015.03.05 15:00:41.827,0.96891,0.9691,1.07,2.32
2015.03.05 15:00:41.878,0.96891,0.96912,1.15,2.32
2015.03.05 15:00:41.929,0.96892,0.96913,2.32,3.07
2015.03.05 15:00:42.335,0.96892,0.96912,1.07,3.07
2015.03.05 15:00:44.356,0.96894,0.96912,1.00,2.32
2015.03.05 15:00:44.458,0.96894,0.96914,3.07,1.17
2015.03.05 15:00:44.771,0.96898,0.96918,1.15,1.15
2015.03.05 15:00:44.873,0.96898,0.96918,1.15,1.20
2015.03.05 15:00:48.783,0.96902,0.9692,1.00,2.32
2015.03.05 15:00:49.304,0.969,0.9692,1.17,3.07
2015.03.05 15:00:51.185,0.96898,0.96916,1.00,2.32
2015.03.05 15:00:51.491,0.96894,0.9691,1.00,1.15
2015.03.05 15:00:51.643,0.96889,0.96908,1.17,1.15
2015.03.05 15:00:52.153,0.96891,0.96909,1.00,2.32
2015.03.05 15:00:52.256,0.96889,0.96908,1.10,2.32
2015.03.05 15:00:52.358,0.96889,0.96909,1.15,1.15
2015.03.05 15:00:52.665,0.96891,0.9691,3.07,1.10
2015.03.05 15:00:55.890,0.96894,0.96913,1.17,2.32
2015.03.05 15:00:55.941,0.96894,0.96914,1.15,1.15
2015.03.05 15:00:57.364,0.96896,0.96916,1.07,3.07
2015.03.05 15:00:57.466,0.96898,0.96918,1.15,1.15
2015.03.05 15:00:57.568,0.969,0.9692,1.17,3.45
2015.03.05 15:00:58.076,0.969,0.9692,1.15,1.15
2015.03.05 15:00:58.972,0.96902,0.9692,2.32,1.07
2015.03.05 15:00:59.024,0.96903,0.96922,3.07,1.10
2015.03.05 15:00:59.769,0.96903,0.96911,1.07,1.00
2015.03.05 15:00:59.872,0.96898,0.96918,1.17,3.45
2015.03.05 15:00:59.973,0.969,0.9692,3.07,1.57
2015.03.05 15:01:00.075,0.969,0.96916,2.32,1.00
2015.03.05 15:01:00.177,0.9689,0.96908,3.82,1.00
2015.03.05 15:01:00.279,0.96897,0.96915,1.00,2.70
2015.03.05 15:01:00.381,0.96899,0.96918,2.32,1.10
2015.03.05 15:01:00.889,0.969,0.96918,2.32,1.00
2015.03.05 15:01:01.399,0.969,0.9692,3.07,1.27
2015.03.05 15:01:01.501,0.96902,0.9692,5.25,1.12
2015.03.05 15:01:04.378,0.96916,0.96927,2.32,1.12
2015.03.05 15:01:04.429,0.96917,0.96935,2.32,1.00
2015.03.05 15:01:08.985,0.96917,0.96937,2.32,1.55
2015.03.05 15:01:09.036,0.96919,0.96937,2.32,1.37
2015.03.05 15:01:09.574,0.9692,0.96938,2.32,1.37
2015.03.05 15:01:11.946,0.96919,0.96938,2.32,1.47
2015.03.05 15:01:14.907,0.96924,0.9694,1.17,1.37
2015.03.05 15:01:20.263,0.96939,0.96956,3.07,1.00
2015.03.05 15:01:25.068,0.9694,0.96958,3.82,1.10
2015.03.05 15:01:25.119,0.96942,0.9696,1.15,1.10
2015.03.05 15:01:25.171,0.96945,0.9696,1.07,1.10
2015.03.05 15:01:25.323,0.9695,0.96966,1.17,1.12
2015.03.05 15:01:26.696,0.96948,0.96966,1.00,1.00
2015.03.05 15:01:27.205,0.96948,0.96965,1.00,1.00
2015.03.05 15:01:27.679,0.96948,0.96965,1.00,1.37
2015.03.05 15:01:27.832,0.96948,0.96965,1.00,1.00
2015.03.05 15:01:28.342,0.96949,0.96965,1.00,1.00
2015.03.05 15:01:30.698,0.96949,0.96969,1.00,2.62
2015.03.05 15:01:30.801,0.96948,0.96966,1.00,1.00
2015.03.05 15:01:31.326,0.96949,0.96966,1.00,1.00
2015.03.05 15:01:31.999,0.9695,0.96968,1.00,1.12
2015.03.05 15:01:32.528,0.96951,0.96968,1.50,1.00
2015.03.05 15:01:33.916,0.96949,0.96965,1.00,1.00
2015.03.05 15:01:36.001,0.96947,0.96965,1.00,1.50
2015.03.05 15:01:37.813,0.96954,0.96965,1.00,1.50
2015.03.05 15:01:37.865,0.96954,0.96969,1.00,1.12
2015.03.05 15:01:37.917,0.96957,0.96969,2.25,1.12
2015.03.05 15:01:38.247,0.96958,0.96967,2.32,1.00
2015.03.05 15:01:39.024,0.96957,0.96967,2.32,1.00
2015.03.05 15:01:39.075,0.96957,0.96969,4.50,1.12
2015.03.05 15:01:44.582,0.96957,0.9697,4.50,1.87
2015.03.05 15:01:45.097,0.96957,0.96969,4.50,1.00
2015.03.05 15:01:45.302,0.96959,0.9697,2.32,1.00
2015.03.05 15:01:46.283,0.96962,0.96969,2.25,1.12
2015.03.05 15:01:46.334,0.96958,0.96969,2.25,1.95
2015.03.05 15:01:46.385,0.96952,0.96969,1.57,2.02
2015.03.05 15:01:46.893,0.96949,0.96967,1.15,1.57
2015.03.05 15:01:47.198,0.96948,0.96965,2.32,1.00
2015.03.05 15:01:48.406,0.96948,0.96962,2.32,1.00
2015.03.05 15:01:48.457,0.96945,0.96962,4.50,1.00
2015.03.05 15:01:48.964,0.96945,0.96963,1.15,1.10
2015.03.05 15:01:49.475,0.96946,0.96964,1.15,1.57
2015.03.05 15:01:52.391,0.96944,0.96963,4.50,1.10
2015.03.05 15:01:54.174,0.96953,0.96963,2.25,1.00
2015.03.05 15:01:54.479,0.96954,0.96965,2.32,1.00
2015.03.05 15:01:56.213,0.96954,0.96964,2.32,1.50
2015.03.05 15:01:56.315,0.96954,0.96962,2.32,1.00
2015.03.05 15:01:56.519,0.96954,0.96964,2.32,1.12
2015.03.05 15:01:56.621,0.96952,0.96961,2.32,1.00
2015.03.05 15:01:56.724,0.96949,0.96959,2.32,1.00
2015.03.05 15:01:56.877,0.96948,0.96961,4.50,1.00
2015.03.05 15:01:56.929,0.9695,0.96961,2.32,1.00
2015.03.05 15:01:57.183,0.96944,0.96961,1.50,1.50
2015.03.05 15:01:57.234,0.96938,0.96955,1.37,1.00
2015.03.05 15:01:57.743,0.96938,0.96956,1.00,1.50
2015.03.05 15:01:58.647,0.96939,0.96956,1.00,1.00
2015.03.05 15:02:00.592,0.96939,0.96955,1.00,1.00
2015.03.05 15:02:01.127,0.96939,0.96956,1.00,1.00
2015.03.05 15:02:03.033,0.9694,0.96956,1.00,1.00
2015.03.05 15:02:03.288,0.96941,0.96959,1.00,1.50
2015.03.05 15:02:03.797,0.96942,0.96959,1.00,1.00
2015.03.05 15:02:04.498,0.96941,0.96959,1.00,1.50
2015.03.05 15:02:05.260,0.9694,0.96958,1.00,1.00
2015.03.05 15:02:05.768,0.96939,0.96957,1.00,1.00
2015.03.05 15:02:05.920,0.96936,0.96954,1.50,1.00
2015.03.05 15:02:07.536,0.96934,0.96944,1.00,1.00
2015.03.05 15:02:07.587,0.96929,0.96944,1.37,1.00
2015.03.05 15:02:08.417,0.9693,0.96943,1.12,1.00
2015.03.05 15:02:08.468,0.96928,0.96938,1.00,2.32
2015.03.05 15:02:08.519,0.96928,0.9694,1.00,2.32
2015.03.05 15:02:08.570,0.96928,0.96933,1.00,2.17
2015.03.05 15:02:08.623,0.96924,0.96931,2.25,2.32
2015.03.05 15:02:08.826,0.96928,0.96932,1.00,2.17
2015.03.05 15:02:08.877,0.96936,0.96946,2.25,1.00
2015.03.05 15:02:08.979,0.96938,0.96947,2.32,1.00
2015.03.05 15:02:09.284,0.96939,0.96946,2.17,1.07
2015.03.05 15:02:09.335,0.96927,0.96935,1.10,1.00
2015.03.05 15:02:09.437,0.96918,0.96935,1.15,1.50
2015.03.05 15:02:09.640,0.96916,0.96935,1.65,1.65
2015.03.05 15:02:10.158,0.96916,0.96934,4.95,1.10
2015.03.05 15:02:10.260,0.96918,0.96934,1.52,1.00
2015.03.05 15:02:11.240,0.96917,0.96934,3.07,1.00
2015.03.05 15:02:11.343,0.96917,0.96933,1.17,1.00
2015.03.05 15:02:11.495,0.96917,0.96929,1.17,1.00
2015.03.05 15:02:11.648,0.9691,0.96929,1.90,1.17
2015.03.05 15:02:11.699,0.96909,0.96929,4.50,3.07
2015.03.05 15:02:11.750,0.96909,0.96927,1.57,1.15
2015.03.05 15:02:12.474,0.96907,0.96926,1.07,1.65
2015.03.05 15:02:12.576,0.96907,0.96925,1.65,1.17
2015.03.05 15:02:12.779,0.96908,0.96926,1.17,1.65
2015.03.05 15:02:15.609,0.96908,0.96923,1.17,4.21
2015.03.05 15:02:15.918,0.96891,0.96903,1.55,1.00
2015.03.05 15:02:16.941,0.96895,0.9691,1.07,1.00
2015.03.05 15:02:17.478,0.96894,0.9691,1.17,1.00
2015.03.05 15:02:18.291,0.96894,0.9691,2.02,1.00
2015.03.05 15:02:18.801,0.96896,0.9691,1.20,1.00
2015.03.05 15:02:19.770,0.96895,0.9691,1.12,1.00
2015.03.05 15:02:20.075,0.96895,0.9691,1.37,1.00
2015.03.05 15:02:20.585,0.96895,0.9691,1.37,1.00
2015.03.05 15:02:20.941,0.96893,0.96905,1.45,1.00
2015.03.05 15:02:22.440,0.9689,0.96903,1.55,1.00
2015.03.05 15:02:24.314,0.9689,0.96903,1.55,1.00
2015.03.05 15:02:24.417,0.9689,0.96903,1.55,1.00
2015.03.05 15:02:24.925,0.96884,0.96902,1.37,1.00
2015.03.05 15:02:24.976,0.96884,0.96898,1.37,1.00
2015.03.05 15:02:25.078,0.96884,0.969,1.37,1.00
2015.03.05 15:02:25.587,0.96884,0.969,1.37,1.00
2015.03.05 15:02:26.197,0.96889,0.96904,1.12,1.00
2015.03.05 15:02:27.086,0.96891,0.96904,1.00,1.00
2015.03.05 15:02:27.138,0.96891,0.96906,1.00,1.00
2015.03.05 15:02:27.914,0.9689,0.96905,1.12,1.00
2015.03.05 15:02:28.016,0.96887,0.96898,1.37,1.00
2015.03.05 15:02:28.610,0.96886,0.96903,1.37,1.00
2015.03.05 15:02:28.764,0.96886,0.96899,1.37,1.00
2015.03.05 15:02:28.918,0.9689,0.96906,1.12,1.00
2015.03.05 15:02:29.101,0.9689,0.96908,1.87,1.00
2015.03.05 15:02:30.884,0.9689,0.96905,1.00,1.00
2015.03.05 15:02:31.971,0.9689,0.96904,1.00,1.00
2015.03.05 15:02:32.277,0.96898,0.96909,1.00,1.00
2015.03.05 15:02:32.328,0.96898,0.96915,1.00,1.00
2015.03.05 15:02:32.380,0.96898,0.96915,1.37,1.00
2015.03.05 15:02:32.431,0.96902,0.96919,1.00,1.87
2015.03.05 15:02:32.634,0.96898,0.96914,1.37,1.00
2015.03.05 15:02:32.841,0.96898,0.96916,1.87,1.00
2015.03.05 15:02:34.953,0.96899,0.96917,1.37,1.00
2015.03.05 15:02:35.207,0.96899,0.96917,1.00,1.00
2015.03.05 15:02:37.299,0.96895,0.96907,1.00,1.00
2015.03.05 15:02:37.351,0.96896,0.96913,2.32,1.50
2015.03.05 15:02:37.454,0.96898,0.96916,1.17,1.17
2015.03.05 15:02:37.659,0.96899,0.96916,1.15,1.00
2015.03.05 15:02:38.281,0.96915,0.96924,1.65,1.00
2015.03.05 15:02:38.333,0.96917,0.96932,1.20,2.62
2015.03.05 15:02:38.435,0.96917,0.96931,1.50,2.32
2015.03.05 15:02:38.749,0.96917,0.96933,1.50,2.32
2015.03.05 15:02:39.769,0.96917,0.96934,1.87,2.32
2015.03.05 15:02:40.279,0.96918,0.96934,1.00,2.32
2015.03.05 15:02:40.790,0.96919,0.96935,1.00,2.32
2015.03.05 15:02:45.728,0.96919,0.96937,1.12,3.07
2015.03.05 15:02:45.779,0.96919,0.96937,1.37,3.07
2015.03.05 15:02:47.920,0.96919,0.96936,1.87,3.07
2015.03.05 15:02:48.632,0.96919,0.96936,1.37,1.15
2015.03.05 15:02:48.734,0.96922,0.9694,1.50,3.07
2015.03.05 15:02:49.678,0.96919,0.96936,1.82,1.07
2015.03.05 15:02:50.186,0.96919,0.96936,1.75,1.15
2015.03.05 15:02:53.140,0.96919,0.96936,1.50,1.15
2015.03.05 15:02:53.873,0.96919,0.96937,2.25,3.07
2015.03.05 15:02:54.382,0.96919,0.96936,1.85,1.07
2015.03.05 15:02:54.433,0.96923,0.96936,1.00,1.10
2015.03.05 15:02:55.799,0.96923,0.96936,1.37,1.10
2015.03.05 15:02:55.952,0.96932,0.96949,1.00,2.32
2015.03.05 15:02:56.308,0.96932,0.96943,1.50,1.00
2015.03.05 15:02:56.359,0.9693,0.96943,1.57,1.00
2015.03.05 15:02:56.767,0.96928,0.96942,1.10,1.00
2015.03.05 15:02:57.274,0.96929,0.96942,1.00,1.00
2015.03.05 15:02:57.782,0.9693,0.96943,1.00,1.10
2015.03.05 15:02:58.087,0.96928,0.96943,1.50,1.10
2015.03.05 15:02:59.041,0.96928,0.96942,1.00,1.00
2015.03.05 15:02:59.559,0.96926,0.96942,1.37,1.17
2015.03.05 15:03:00.069,0.96926,0.96941,1.00,1.65
2015.03.05 15:03:02.566,0.96924,0.9694,1.00,1.15
2015.03.05 15:03:02.872,0.96921,0.96938,1.57,1.17
2015.03.05 15:03:04.394,0.9692,0.9693,1.07,1.00
2015.03.05 15:03:04.445,0.96918,0.9693,1.00,1.00
2015.03.05 15:03:04.496,0.96918,0.96927,1.00,1.00
2015.03.05 15:03:04.547,0.96913,0.96925,1.00,1.00
2015.03.05 15:03:05.207,0.96911,0.96925,1.00,1.50
2015.03.05 15:03:08.110,0.9691,0.96923,1.00,1.00
2015.03.05 15:03:09.435,0.9691,0.96924,1.00,1.00
2015.03.05 15:03:09.741,0.96915,0.96927,1.00,1.00
2015.03.05 15:03:09.843,0.96915,0.9693,1.00,1.00
2015.03.05 15:03:10.046,0.96915,0.96928,1.00,1.00
2015.03.05 15:03:10.351,0.96915,0.9693,1.00,1.50
2015.03.05 15:03:11.165,0.96915,0.96931,1.00,1.00
2015.03.05 15:03:12.731,0.96913,0.96931,1.00,1.00
2015.03.05 15:03:16.009,0.96914,0.96932,1.00,1.50
2015.03.05 15:03:16.635,0.96915,0.96932,1.00,1.00
2015.03.05 15:03:17.143,0.96914,0.96932,1.00,1.50
2015.03.05 15:03:17.500,0.96916,0.96932,1.00,1.50
2015.03.05 15:03:18.482,0.96915,0.96931,1.00,2.32
2015.03.05 15:03:20.162,0.96916,0.96931,1.00,2.32
2015.03.05 15:03:24.053,0.96915,0.9693,1.00,1.15
2015.03.05 15:03:26.387,0.96914,0.9693,1.50,1.15
2015.03.05 15:03:26.693,0.96916,0.9693,1.50,1.10
2015.03.05 15:03:26.998,0.96925,0.96939,1.95,1.00
2015.03.05 15:03:27.305,0.96929,0.96942,1.00,1.17
2015.03.05 15:03:27.356,0.96927,0.96942,1.00,1.17
2015.03.05 15:03:27.966,0.96927,0.96938,1.00,1.00
2015.03.05 15:03:28.017,0.96922,0.96938,1.07,1.07
2015.03.05 15:03:28.069,0.96922,0.96938,1.00,1.15
2015.03.05 15:03:28.527,0.96919,0.96938,1.00,5.25
2015.03.05 15:03:29.041,0.96921,0.96938,1.00,6.00
2015.03.05 15:03:29.449,0.96923,0.96937,1.00,1.15
2015.03.05 15:03:29.957,0.96923,0.96938,1.00,1.15
2015.03.05 15:03:30.465,0.96924,0.96938,1.00,1.15
2015.03.05 15:03:31.000,0.96923,0.96938,1.00,1.15
2015.03.05 15:03:31.740,0.96924,0.96938,1.00,1.15
2015.03.05 15:03:34.704,0.96923,0.96938,1.00,1.15
2015.03.05 15:03:35.263,0.96924,0.96938,1.00,1.15
2015.03.05 15:03:35.622,0.96925,0.96941,1.00,2.36
2015.03.05 15:03:35.826,0.96927,0.96941,1.00,2.36
2015.03.05 15:03:36.349,0.96927,0.96942,1.00,1.19
2015.03.05 15:03:37.220,0.96926,0.96942,1.00,1.19
2015.03.05 15:03:37.575,0.96928,0.96941,1.00,2.29
2015.03.05 15:03:37.678,0.96926,0.96943,1.10,1.19
2015.03.05 15:03:39.676,0.96927,0.96943,1.00,1.19
2015.03.05 15:03:44.482,0.96928,0.96944,1.00,1.19
2015.03.05 15:03:44.737,0.96928,0.96946,1.17,1.65
2015.03.05 15:03:45.449,0.96929,0.96946,1.00,1.15
2015.03.05 15:03:47.013,0.96929,0.96946,1.00,1.19
2015.03.05 15:03:48.475,0.96928,0.96946,1.10,1.69
2015.03.05 15:03:51.914,0.96928,0.96946,1.65,1.11
2015.03.05 15:03:52.440,0.96928,0.96946,3.82,1.04
2015.03.05 15:03:55.285,0.96928,0.96946,3.82,1.04
2015.03.05 15:03:55.799,0.96928,0.96946,3.82,1.04
2015.03.05 15:03:56.958,0.96934,0.96946,2.32,1.00
2015.03.05 15:03:57.010,0.96934,0.96951,2.32,1.00
2015.03.05 15:03:59.484,0.96935,0.96951,2.32,1.00
2015.03.05 15:03:59.587,0.96936,0.96953,2.32,1.00
2015.03.05 15:04:01.014,0.96936,0.96954,3.82,1.00
2015.03.05 15:04:01.218,0.9694,0.96958,2.32,3.00
2015.03.05 15:04:01.421,0.96944,0.96963,5.25,1.10
2015.03.05 15:04:02.084,0.96944,0.96961,5.25,1.00
2015.03.05 15:04:02.394,0.96946,0.96961,2.32,1.00
2015.03.05 15:04:02.792,0.96944,0.9696,3.07,1.00
2015.03.05 15:04:04.419,0.96942,0.9696,3.82,1.00
2015.03.05 15:04:05.580,0.96942,0.96959,3.07,1.00
2015.03.05 15:04:06.119,0.96942,0.9696,3.82,1.00
2015.03.05 15:04:07.035,0.96943,0.9696,2.32,1.00
2015.03.05 15:04:09.463,0.96943,0.96959,2.32,1.00
2015.03.05 15:04:11.016,0.96943,0.9696,2.32,1.00
2015.03.05 15:04:11.882,0.96943,0.96959,2.32,1.00
2015.03.05 15:04:13.351,0.96942,0.96959,1.15,1.00
2015.03.05 15:04:14.278,0.96943,0.96961,1.17,1.65
2015.03.05 15:04:14.789,0.96943,0.96961,1.65,1.00
2015.03.05 15:04:17.077,0.96945,0.96962,2.70,1.00
2015.03.05 15:04:17.382,0.96948,0.96966,1.20,1.57
2015.03.05 15:04:17.484,0.96948,0.96966,3.45,1.50
2015.03.05 15:04:18.309,0.96949,0.96967,1.15,1.10
2015.03.05 15:04:18.824,0.9695,0.96968,1.15,1.57
2015.03.05 15:04:19.604,0.96949,0.96967,3.07,1.00
2015.03.05 15:04:22.252,0.96949,0.96967,1.15,1.07
2015.03.05 15:04:22.761,0.96949,0.96967,1.17,1.17
2015.03.05 15:04:23.168,0.96947,0.96965,1.10,1.15
2015.03.05 15:04:24.194,0.96947,0.96965,1.15,1.00
2015.03.05 15:04:24.295,0.96947,0.96965,3.07,1.00
2015.03.05 15:04:24.829,0.96948,0.96966,1.15,1.57
2015.03.05 15:04:26.615,0.96951,0.96966,2.32,1.50
2015.03.05 15:04:26.667,0.96952,0.9697,1.15,1.10
2015.03.05 15:04:27.190,0.96951,0.96969,4.20,1.00
2015.03.05 15:04:28.422,0.96952,0.9697,1.15,1.10
2015.03.05 15:04:28.948,0.96951,0.96968,3.82,1.00
2015.03.05 15:04:29.602,0.96952,0.9697,1.15,1.10
2015.03.05 15:04:30.118,0.96952,0.9697,3.07,1.00
2015.03.05 15:04:30.271,0.96952,0.96968,2.32,1.00
2015.03.05 15:04:30.782,0.96952,0.96967,2.32,1.00
2015.03.05 15:04:30.884,0.96951,0.96966,1.27,1.00
2015.03.05 15:04:31.791,0.9695,0.96966,1.15,1.00
2015.03.05 15:04:32.350,0.96951,0.96967,1.17,1.00
2015.03.05 15:04:32.401,0.96952,0.96967,2.32,1.00
2015.03.05 15:04:32.942,0.96955,0.96968,1.10,1.00
2015.03.05 15:04:33.989,0.96955,0.96969,1.17,1.00
2015.03.05 15:04:35.135,0.96955,0.96971,1.15,1.00
2015.03.05 15:04:35.440,0.96955,0.96969,1.10,1.00
2015.03.05 15:04:36.223,0.96955,0.96972,1.10,1.17
2015.03.05 15:04:39.491,0.96956,0.96972,1.00,1.17
2015.03.05 15:04:41.468,0.96955,0.96972,1.45,1.10
2015.03.05 15:04:43.831,0.96957,0.96973,1.00,1.07
2015.03.05 15:04:43.933,0.96957,0.96973,3.07,1.00
2015.03.05 15:04:45.771,0.96957,0.96974,3.45,1.00
2015.03.05 15:04:47.055,0.96959,0.96974,1.15,1.00
2015.03.05 15:04:47.564,0.96957,0.96974,3.45,1.00
2015.03.05 15:04:51.792,0.96956,0.96973,1.15,1.00
2015.03.05 15:04:52.300,0.96956,0.96974,3.82,1.12
2015.03.05 15:04:57.783,0.96958,0.96976,1.15,1.47
2015.03.05 15:04:58.292,0.96958,0.96976,3.82,1.00
2015.03.05 15:04:58.913,0.96962,0.96976,1.00,1.00
2015.03.05 15:04:58.964,0.96964,0.9698,1.07,3.75
2015.03.05 15:04:59.269,0.96969,0.96985,1.65,1.37
2015.03.05 15:04:59.423,0.96969,0.96989,1.65,3.52
2015.03.05 15:04:59.932,0.96969,0.96985,1.15,1.37
2015.03.05 15:05:00.490,0.9697,0.96985,2.32,1.37
2015.03.05 15:05:01.918,0.96968,0.96985,3.07,1.37
2015.03.05 15:05:02.382,0.96966,0.96984,3.82,1.12
2015.03.05 15:05:02.895,0.96966,0.96983,2.32,1.50
2015.03.05 15:05:03.888,0.96968,0.96983,2.32,1.00
2015.03.05 15:05:04.396,0.96968,0.96985,2.32,1.37
2015.03.05 15:05:05.413,0.9697,0.96988,2.32,1.37
2015.03.05 15:05:05.926,0.96974,0.96989,1.00,2.70
2015.03.05 15:05:07.148,0.9697,0.96986,2.32,1.87
2015.03.05 15:05:07.454,0.96978,0.96995,1.17,1.95
2015.03.05 15:05:08.176,0.96979,0.96995,1.10,1.47
2015.03.05 15:05:08.431,0.96979,0.96995,1.15,1.37
2015.03.05 15:05:08.533,0.96979,0.96995,1.15,1.87
2015.03.05 15:05:09.097,0.96979,0.96995,1.15,1.37
2015.03.05 15:05:12.565,0.96986,0.96995,2.25,1.00
2015.03.05 15:05:12.617,0.96993,0.97004,1.00,2.62
2015.03.05 15:05:12.719,0.96993,0.97004,1.00,2.25
2015.03.05 15:05:13.024,0.96991,0.97003,1.00,1.10
2015.03.05 15:05:13.177,0.96989,0.97003,1.00,1.10
2015.03.05 15:05:13.915,0.96989,0.97002,1.50,1.00
2015.03.05 15:05:14.485,0.96989,0.97003,1.50,1.10
2015.03.05 15:05:15.754,0.96989,0.97002,1.57,1.00
2015.03.05 15:05:16.263,0.96989,0.97005,1.50,1.15
2015.03.05 15:05:16.771,0.9699,0.97004,1.00,1.17
2015.03.05 15:05:17.279,0.9699,0.97004,1.00,1.10
2015.03.05 15:05:18.258,0.96989,0.97004,1.57,1.00
2015.03.05 15:05:18.775,0.96989,0.97005,1.57,1.10
2015.03.05 15:05:19.575,0.96991,0.97005,1.00,1.10
2015.03.05 15:05:24.768,0.96986,0.97,2.70,1.00
2015.03.05 15:05:24.869,0.96987,0.97001,1.10,1.00
2015.03.05 15:05:24.971,0.96987,0.97003,1.10,1.10
2015.03.05 15:05:25.478,0.96987,0.97002,1.00,1.10
2015.03.05 15:05:25.529,0.96987,0.97,1.00,1.00
2015.03.05 15:05:26.049,0.96985,0.97,1.17,1.00
2015.03.05 15:05:26.567,0.96985,0.96999,1.17,1.00
2015.03.05 15:05:28.382,0.96985,0.97,1.17,1.00
2015.03.05 15:05:29.195,0.96985,0.97,1.17,1.00
2015.03.05 15:05:29.296,0.96985,0.97,1.20,1.00
2015.03.05 15:05:29.551,0.96985,0.97,1.20,1.37
2015.03.05 15:05:30.591,0.96985,0.97001,3.07,1.37
2015.03.05 15:05:31.601,0.96984,0.97001,2.32,1.47
2015.03.05 15:05:31.653,0.96982,0.97,4.57,1.37
2015.03.05 15:05:31.805,0.96982,0.96998,1.17,1.12
2015.03.05 15:05:33.665,0.96981,0.96998,3.07,1.12
2015.03.05 15:05:34.184,0.96982,0.96998,2.32,1.12
2015.03.05 15:05:34.692,0.96981,0.96998,3.07,1.12
2015.03.05 15:05:35.713,0.96982,0.96998,2.32,1.87
2015.03.05 15:05:37.163,0.96987,0.96999,1.00,1.37
2015.03.05 15:05:37.671,0.96984,0.96999,3.07,1.12
2015.03.05 15:05:42.285,0.96984,0.97,3.07,1.12
2015.03.05 15:05:43.871,0.96984,0.97,1.15,1.12
2015.03.05 15:05:43.923,0.96994,0.97015,1.52,1.90
2015.03.05 15:05:43.976,0.96998,0.97015,1.00,1.90
2015.03.05 15:05:45.855,0.97001,0.97013,1.00,1.52
2015.03.05 15:05:46.314,0.96998,0.97013,1.00,1.52
2015.03.05 15:05:46.872,0.96999,0.97015,1.00,4.20
2015.03.05 15:05:48.197,0.96999,0.97014,1.00,1.55
2015.03.05 15:05:48.300,0.96995,0.97013,1.07,2.02
2015.03.05 15:05:48.351,0.96995,0.97013,1.10,2.02
2015.03.05 15:05:48.554,0.96993,0.97009,1.00,1.52
2015.03.05 15:05:48.606,0.9699,0.97008,1.17,1.27
2015.03.05 15:05:49.120,0.9699,0.97008,1.10,1.15
2015.03.05 15:05:51.092,0.96988,0.97005,1.27,1.00
2015.03.05 15:05:51.143,0.96986,0.97003,2.70,1.00
2015.03.05 15:05:51.680,0.96985,0.97002,2.32,1.00
2015.03.05 15:05:52.908,0.96985,0.97003,3.07,1.50
2015.03.05 15:05:56.115,0.96985,0.97002,2.32,1.00
2015.03.05 15:05:56.662,0.96985,0.97003,3.07,1.50
2015.03.05 15:05:57.835,0.96985,0.97002,2.32,1.00
2015.03.05 15:05:59.288,0.96985,0.97003,3.07,1.50
2015.03.05 15:06:00.827,0.96986,0.97004,1.15,1.57
2015.03.05 15:06:01.371,0.96987,0.97003,1.17,1.00
2015.03.05 15:06:02.170,0.96987,0.97002,1.17,1.00
2015.03.05 15:06:02.728,0.96987,0.97005,1.65,1.17
2015.03.05 15:06:02.779,0.96992,0.97005,1.00,1.10
2015.03.05 15:06:03.084,0.96995,0.97006,1.00,1.10
2015.03.05 15:06:04.211,0.96996,0.97007,1.00,1.20
2015.03.05 15:06:04.314,0.96989,0.97007,1.57,1.07
2015.03.05 15:06:04.365,0.96989,0.97007,1.57,1.17
2015.03.05 15:06:04.672,0.96991,0.97005,1.00,1.15
2015.03.05 15:06:04.876,0.96989,0.97006,1.50,2.32
2015.03.05 15:06:05.537,0.96989,0.97004,1.00,3.07
2015.03.05 15:06:05.843,0.96989,0.97002,1.00,2.32
2015.03.05 15:06:06.573,0.96989,0.97004,1.00,3.07
2015.03.05 15:06:06.624,0.96986,0.97004,1.00,3.07
2015.03.05 15:06:06.726,0.96983,0.97,1.57,3.00
2015.03.05 15:06:06.777,0.96983,0.96999,1.50,2.32
2015.03.05 15:06:07.284,0.96983,0.96998,1.50,2.32
2015.03.05 15:06:07.741,0.96983,0.97,1.50,1.15
2015.03.05 15:06:08.248,0.96984,0.97,1.00,1.15
2015.03.05 15:06:08.761,0.96983,0.96999,1.00,2.32
2015.03.05 15:06:09.570,0.96983,0.96998,1.00,2.32
2015.03.05 15:06:10.084,0.96983,0.96999,1.00,3.07
2015.03.05 15:06:10.593,0.96983,0.96998,1.00,2.32
2015.03.05 15:06:11.102,0.96982,0.96998,1.00,2.32
2015.03.05 15:06:11.357,0.96982,0.96999,1.00,1.15
2015.03.05 15:06:11.560,0.96982,0.96997,1.00,2.32
2015.03.05 15:06:12.070,0.96983,0.96997,1.00,2.32
2015.03.05 15:06:12.173,0.96983,0.96999,1.00,1.15
2015.03.05 15:06:13.280,0.96984,0.97002,1.00,6.00
2015.03.05 15:06:15.021,0.96984,0.97001,1.00,2.32
2015.03.05 15:06:15.554,0.96983,0.97,1.00,3.07
2015.03.05 15:06:17.540,0.96982,0.97,1.00,3.82
2015.03.05 15:06:17.693,0.96982,0.96996,1.00,2.32
2015.03.05 15:06:18.205,0.96981,0.96996,1.00,2.70
2015.03.05 15:06:19.126,0.96977,0.96995,1.47,1.17
2015.03.05 15:06:19.636,0.96978,0.96995,1.37,2.32
2015.03.05 15:06:22.503,0.96978,0.96996,1.47,3.07
2015.03.05 15:06:23.011,0.96978,0.96996,1.47,1.15
2015.03.05 15:06:25.395,0.96978,0.96996,1.47,1.15
2015.03.05 15:06:27.192,0.96979,0.96997,1.45,2.40
2015.03.05 15:06:27.700,0.96979,0.96997,2.02,1.17
2015.03.05 15:06:28.490,0.96983,0.96997,1.00,1.17
2015.03.05 15:06:28.643,0.96979,0.96997,2.02,1.17
2015.03.05 15:06:31.596,0.96981,0.96997,1.00,1.17
2015.03.05 15:06:34.050,0.9698,0.96996,1.10,1.10
2015.03.05 15:06:34.566,0.96981,0.96996,1.00,1.10
2015.03.05 15:06:35.175,0.9698,0.96996,1.57,1.10
2015.03.05 15:06:37.211,0.9698,0.96996,1.17,1.10
2015.03.05 15:06:37.893,0.9698,0.96997,1.15,1.00
2015.03.05 15:06:38.249,0.96979,0.96996,2.02,1.10
2015.03.05 15:06:39.011,0.96979,0.96996,2.02,1.10
2015.03.05 15:06:39.113,0.96984,0.96999,1.07,1.07
2015.03.05 15:06:39.470,0.96985,0.97,1.17,1.00
2015.03.05 15:06:41.029,0.96984,0.96999,1.10,1.00
2015.03.05 15:06:41.132,0.96984,0.97,1.15,1.00
2015.03.05 15:06:41.664,0.96982,0.96999,1.15,1.00
2015.03.05 15:06:41.767,0.96981,0.96997,2.25,1.17
2015.03.05 15:06:42.285,0.96981,0.96997,1.17,1.00
2015.03.05 15:06:43.992,0.96978,0.96997,4.20,1.10
2015.03.05 15:06:49.691,0.96978,0.96997,2.02,1.15
2015.03.05 15:06:53.116,0.96978,0.96993,1.55,1.00
2015.03.05 15:06:53.422,0.96977,0.96991,1.47,1.00
2015.03.05 15:06:54.178,0.96977,0.96992,1.47,1.00
2015.03.05 15:06:55.108,0.96977,0.96993,1.47,1.10
2015.03.05 15:06:55.633,0.96977,0.96994,2.02,1.00
2015.03.05 15:06:55.988,0.96977,0.96994,1.87,1.15
2015.03.05 15:06:56.959,0.96974,0.96992,1.37,2.32
2015.03.05 15:06:57.596,0.96974,0.96992,1.37,3.07
2015.03.05 15:07:02.501,0.96973,0.96991,1.87,5.25
2015.03.05 15:07:02.552,0.96972,0.96986,1.00,1.00
2015.03.05 15:07:02.603,0.96972,0.96986,1.00,1.17
2015.03.05 15:07:02.655,0.96968,0.96983,1.20,1.00
2015.03.05 15:07:02.706,0.96968,0.96983,1.47,1.00
2015.03.05 15:07:03.011,0.96962,0.96975,1.12,1.10
2015.03.05 15:07:03.113,0.96958,0.96976,4.20,1.00
2015.03.05 15:07:03.216,0.96958,0.96976,1.47,1.15
2015.03.05 15:07:03.470,0.96958,0.96972,1.10,1.00
2015.03.05 15:07:04.215,0.96954,0.96972,1.90,1.10
2015.03.05 15:07:04.829,0.96956,0.96972,3.45,1.00
2015.03.05 15:07:05.388,0.96956,0.96974,2.70,1.00
2015.03.05 15:07:05.896,0.96957,0.96972,2.70,1.00
2015.03.05 15:07:06.048,0.96955,0.96972,3.82,1.50
2015.03.05 15:07:06.557,0.96954,0.96972,3.07,1.50
2015.03.05 15:07:06.811,0.96955,0.9697,3.07,1.00
2015.03.05 15:07:08.523,0.96955,0.96972,3.07,1.50
2015.03.05 15:07:14.638,0.96957,0.96973,2.70,1.00
2015.03.05 15:07:14.943,0.96962,0.96973,1.10,1.00
2015.03.05 15:07:16.113,0.96962,0.96972,1.10,1.00
2015.03.05 15:07:17.631,0.96966,0.96981,2.70,1.00
2015.03.05 15:07:18.144,0.96969,0.9698,1.10,1.00
2015.03.05 15:07:20.408,0.96968,0.96979,1.27,1.00
2015.03.05 15:07:21.180,0.96968,0.96979,1.27,1.00
2015.03.05 15:07:21.386,0.96962,0.96977,3.45,1.00
2015.03.05 15:07:21.488,0.96962,0.96975,1.55,1.00
2015.03.05 15:07:21.590,0.9696,0.96974,1.27,1.00
2015.03.05 15:07:22.480,0.9696,0.96974,3.07,1.00
2015.03.05 15:07:22.997,0.9696,0.96973,1.15,1.00
2015.03.05 15:07:25.783,0.96962,0.96974,1.10,1.00
2015.03.05 15:07:26.252,0.96967,0.96975,1.00,1.00
2015.03.05 15:07:26.304,0.96967,0.96979,1.00,1.00
2015.03.05 15:07:26.355,0.96969,0.96979,1.00,1.00
2015.03.05 15:07:26.661,0.96971,0.96981,1.10,1.00
2015.03.05 15:07:27.769,0.9697,0.96983,2.70,1.00
2015.03.05 15:07:27.871,0.9697,0.96985,3.07,1.00
2015.03.05 15:07:28.076,0.9697,0.96987,3.45,1.00
2015.03.05 15:07:28.585,0.96971,0.96987,2.32,1.00
2015.03.05 15:07:28.891,0.9697,0.96987,1.52,1.00
2015.03.05 15:07:28.943,0.96973,0.9699,1.00,1.15
2015.03.05 15:07:29.248,0.96973,0.96993,3.82,1.17
2015.03.05 15:07:30.264,0.96973,0.9699,1.15,1.10
2015.03.05 15:07:30.777,0.96973,0.9699,1.17,1.10
2015.03.05 15:07:31.083,0.96972,0.96989,1.52,1.00
2015.03.05 15:07:31.185,0.96979,0.96994,1.10,1.50
2015.03.05 15:07:31.287,0.96979,0.96997,1.17,1.17
2015.03.05 15:07:31.491,0.96977,0.96994,3.45,1.00
2015.03.05 15:07:33.243,0.96979,0.96997,1.15,1.57
2015.03.05 15:07:33.345,0.96988,0.97001,1.00,2.70
2015.03.05 15:07:33.397,0.96988,0.97002,1.00,1.47
2015.03.05 15:07:34.015,0.96986,0.97002,1.10,1.20
2015.03.05 15:07:34.370,0.96988,0.97002,1.00,1.20
2015.03.05 15:07:41.916,0.96988,0.96998,1.00,1.10
2015.03.05 15:07:42.120,0.96988,0.97003,1.00,2.40
2015.03.05 15:07:42.171,0.96984,0.97003,1.15,2.40
2015.03.05 15:07:43.468,0.96984,0.97003,1.15,2.40
2015.03.05 15:07:43.992,0.96987,0.97003,1.00,1.27
2015.03.05 15:07:44.677,0.96989,0.97004,1.00,1.10
2015.03.05 15:07:45.811,0.9699,0.97007,1.00,3.82
2015.03.05 15:07:46.327,0.96991,0.97007,1.00,3.82
2015.03.05 15:07:46.989,0.9699,0.97007,1.00,3.82
2015.03.05 15:07:48.747,0.96992,0.97007,1.00,2.25
2015.03.05 15:07:48.799,0.96994,0.9701,1.00,2.02
2015.03.05 15:07:49.310,0.96995,0.97012,1.00,4.20
2015.03.05 15:07:49.667,0.96997,0.97014,1.00,2.02
2015.03.05 15:07:50.481,0.96996,0.97013,1.00,2.70
2015.03.05 15:07:51.192,0.96997,0.97013,1.00,2.70
2015.03.05 15:07:54.265,0.97,0.97011,1.00,1.17
2015.03.05 15:07:54.773,0.97,0.97011,1.00,3.07
2015.03.05 15:07:54.875,0.97,0.97011,1.00,1.07
2015.03.05 15:07:55.382,0.96999,0.97013,1.50,3.07
2015.03.05 15:07:55.737,0.96997,0.97012,1.12,2.02
2015.03.05 15:07:56.172,0.96995,0.97011,1.00,2.70
2015.03.05 15:07:56.477,0.96997,0.97012,1.00,2.70
2015.03.05 15:07:57.803,0.96997,0.97013,1.00,1.52
2015.03.05 15:07:58.110,0.97003,0.97014,1.00,1.37
2015.03.05 15:07:58.973,0.97003,0.97013,1.00,1.57
2015.03.05 15:07:59.024,0.96997,0.97012,1.00,1.37
2015.03.05 15:07:59.126,0.96994,0.97012,1.15,1.37
2015.03.05 15:08:17.795,0.96994,0.97009,1.07,2.62
2015.03.05 15:08:18.252,0.96984,0.97,1.15,1.12
2015.03.05 15:08:18.303,0.96983,0.97,2.25,1.20
2015.03.05 15:08:18.354,0.96979,0.96998,2.32,1.47
2015.03.05 15:08:19.772,0.96981,0.97,3.07,1.55
2015.03.05 15:08:20.026,0.96976,0.96994,1.15,1.10
2015.03.05 15:08:20.229,0.96976,0.96992,1.15,1.00
2015.03.05 15:08:20.888,0.96978,0.96994,1.10,1.10
2015.03.05 15:08:22.440,0.96978,0.96996,1.17,1.65
2015.03.05 15:08:22.986,0.96978,0.9699,2.32,1.00
2015.03.05 15:08:23.139,0.96973,0.96993,1.55,3.07
2015.03.05 15:08:23.190,0.96978,0.96993,1.00,2.25
2015.03.05 15:08:23.242,0.96978,0.96996,1.00,1.65
2015.03.05 15:08:23.787,0.96978,0.96996,1.17,1.65
2015.03.05 15:08:24.298,0.96988,0.96996,1.00,1.17
2015.03.05 15:08:24.451,0.96988,0.97002,1.00,2.02
2015.03.05 15:08:24.980,0.96987,0.97002,1.00,2.02
2015.03.05 15:08:27.160,0.96987,0.97002,1.00,2.02
2015.03.05 15:08:28.357,0.96988,0.97002,1.00,2.02
2015.03.05 15:08:28.865,0.96987,0.97002,1.00,2.40
2015.03.05 15:08:29.891,0.96987,0.97002,1.00,2.40
2015.03.05 15:08:30.450,0.96987,0.97002,1.00,2.40
2015.03.05 15:08:32.205,0.96987,0.97002,1.00,2.02
2015.03.05 15:08:32.725,0.96988,0.97,1.00,1.47
2015.03.05 15:08:33.562,0.96987,0.97,1.00,1.47
2015.03.05 15:08:35.166,0.96987,0.97,1.00,1.10
2015.03.05 15:08:36.262,0.96988,0.97,1.00,1.10
2015.03.05 15:08:36.313,0.9699,0.97,1.00,1.00
2015.03.05 15:08:36.365,0.9699,0.97002,1.00,1.10
2015.03.05 15:08:37.664,0.9699,0.97003,1.00,1.00
2015.03.05 15:08:38.480,0.9699,0.97003,1.00,1.37
2015.03.05 15:08:39.183,0.96988,0.97002,1.57,1.37
2015.03.05 15:08:40.169,0.96989,0.97002,1.00,1.37
2015.03.05 15:08:40.678,0.96989,0.97004,1.00,1.47
2015.03.05 15:08:41.195,0.96989,0.97004,1.00,1.47
2015.03.05 15:08:41.707,0.96989,0.97004,1.00,1.47
2015.03.05 15:08:42.234,0.96989,0.97004,1.00,1.47
2015.03.05 15:08:43.110,0.96989,0.97003,1.00,1.37
2015.03.05 15:08:43.797,0.96988,0.97003,1.10,1.37
2015.03.05 15:08:44.052,0.96985,0.97001,1.17,1.12
2015.03.05 15:08:45.239,0.96985,0.97002,1.17,1.47
2015.03.05 15:08:45.493,0.96985,0.97002,3.07,1.37
2015.03.05 15:08:46.001,0.96989,0.97002,1.00,1.37
2015.03.05 15:08:46.509,0.96989,0.97003,1.00,1.00
2015.03.05 15:08:50.557,0.96993,0.97004,1.00,1.10
2015.03.05 15:08:50.922,0.96993,0.97004,1.00,1.47
2015.03.05 15:08:56.855,0.96988,0.97003,1.10,1.37
2015.03.05 15:08:57.160,0.96987,0.97,3.07,1.00
2015.03.05 15:08:57.363,0.96987,0.97,1.17,1.00
2015.03.05 15:08:57.869,0.96987,0.97002,1.00,1.37
2015.03.05 15:08:57.921,0.96987,0.97002,1.07,1.37
2015.03.05 15:08:57.973,0.96989,0.97006,1.20,1.00
2015.03.05 15:08:58.024,0.96989,0.97006,1.17,1.00
2015.03.05 15:08:58.536,0.96989,0.97005,3.07,1.00
2015.03.05 15:08:59.886,0.96989,0.97006,3.07,1.00
2015.03.05 15:09:00.697,0.9699,0.97006,2.32,1.00
2015.03.05 15:09:00.799,0.9699,0.97008,4.57,1.12
2015.03.05 15:09:00.850,0.96995,0.97008,1.00,1.12
2015.03.05 15:09:01.357,0.96995,0.97008,1.17,1.12
2015.03.05 15:09:03.370,0.96992,0.97008,2.32,1.87
2015.03.05 15:09:03.674,0.96986,0.96999,1.65,1.00
2015.03.05 15:09:06.020,0.96987,0.96999,1.00,1.00
2015.03.05 15:09:07.515,0.96986,0.96999,1.10,1.00
2015.03.05 15:09:09.544,0.96987,0.96999,1.00,1.00
2015.03.05 15:09:09.981,0.96987,0.96994,1.00,1.00
2015.03.05 15:09:10.032,0.96982,0.96994,2.62,1.00
2015.03.05 15:09:10.084,0.96979,0.96994,1.55,1.00
2015.03.05 15:09:10.187,0.96977,0.96992,2.40,1.00
2015.03.05 15:09:10.442,0.96977,0.9699,1.65,1.00
2015.03.05 15:09:10.647,0.96976,0.96992,1.52,1.00
2015.03.05 15:09:10.851,0.96976,0.96989,1.15,1.00
2015.03.05 15:09:13.730,0.96977,0.96989,1.10,1.00
2015.03.05 15:09:15.332,0.96973,0.96989,4.50,1.00
2015.03.05 15:09:17.802,0.96974,0.9699,3.07,1.00
2015.03.05 15:09:18.312,0.96975,0.9699,2.32,1.00
2015.03.05 15:09:18.821,0.96975,0.96988,2.32,1.00
2015.03.05 15:09:18.872,0.96973,0.96988,3.07,1.00
2015.03.05 15:09:18.974,0.9697,0.96988,1.27,1.50
2015.03.05 15:09:21.746,0.96971,0.96988,2.32,1.50
2015.03.05 15:09:22.060,0.96975,0.9699,3.07,1.00
2015.03.05 15:09:22.587,0.96975,0.9699,1.07,1.00
2015.03.05 15:09:25.277,0.96975,0.96988,1.07,1.00
2015.03.05 15:09:25.483,0.96967,0.96983,2.32,1.50
2015.03.05 15:09:25.587,0.96965,0.96983,1.27,1.95
2015.03.05 15:09:26.301,0.96966,0.9698,1.17,1.00
2015.03.05 15:09:29.837,0.96965,0.96983,1.15,1.57
2015.03.05 15:09:29.939,0.96965,0.96981,1.15,1.00
2015.03.05 15:09:30.258,0.96964,0.96979,1.15,1.00
2015.03.05 15:09:30.566,0.96963,0.96976,1.00,1.00
2015.03.05 15:09:30.820,0.9696,0.96976,1.15,1.00
2015.03.05 15:09:32.027,0.96959,0.96974,1.15,1.00
2015.03.05 15:09:32.916,0.96965,0.96974,1.00,1.00
2015.03.05 15:09:32.967,0.96965,0.96976,1.00,1.00
2015.03.05 15:09:33.069,0.96965,0.96978,1.10,1.00
2015.03.05 15:09:33.273,0.96967,0.96978,1.00,1.00
2015.03.05 15:09:33.477,0.96967,0.96983,1.00,1.65
2015.03.05 15:09:33.986,0.96965,0.96983,1.10,1.15
2015.03.05 15:09:34.241,0.96967,0.96983,1.00,1.17
2015.03.05 15:09:35.395,0.96967,0.96982,1.00,2.70
2015.03.05 15:09:35.904,0.96965,0.96981,1.00,1.27
2015.03.05 15:09:37.450,0.96964,0.96981,1.00,3.07
2015.03.05 15:09:37.958,0.96964,0.96981,1.10,1.07
2015.03.05 15:09:38.009,0.96964,0.96981,1.15,1.10
2015.03.05 15:09:38.518,0.96966,0.96983,1.10,1.15
2015.03.05 15:09:39.038,0.96966,0.96983,1.00,3.07
2015.03.05 15:09:39.190,0.96966,0.96983,1.10,1.17
2015.03.05 15:09:39.698,0.96966,0.96983,1.00,3.07
2015.03.05 15:09:43.132,0.96966,0.96979,1.00,1.00
2015.03.05 15:09:43.661,0.96965,0.96979,1.00,1.00
2015.03.05 15:09:45.376,0.96966,0.96979,1.00,1.00
2015.03.05 15:09:45.681,0.96968,0.96979,1.00,1.00
2015.03.05 15:09:46.189,0.96967,0.96979,1.00,1.00
2015.03.05 15:09:46.900,0.96968,0.96979,1.00,1.00
2015.03.05 15:09:48.672,0.96968,0.96985,1.00,2.32
2015.03.05 15:09:48.723,0.96968,0.96986,3.00,1.07
2015.03.05 15:09:48.977,0.96971,0.96986,1.10,1.00
2015.03.05 15:09:49.993,0.96971,0.96988,1.10,1.65
2015.03.05 15:09:50.543,0.96971,0.96986,1.00,1.10
2015.03.05 15:09:51.307,0.96972,0.96986,1.00,1.10
2015.03.05 15:09:52.028,0.96972,0.96988,1.00,1.65
2015.03.05 15:09:53.694,0.96972,0.9699,1.10,1.65
2015.03.05 15:09:53.950,0.96972,0.9699,1.20,1.20
2015.03.05 15:09:56.343,0.96972,0.96988,1.20,1.00
2015.03.05 15:09:57.283,0.96972,0.96988,1.00,1.17
2015.03.05 15:10:00.899,0.96971,0.96988,1.10,1.17
2015.03.05 15:10:01.376,0.96971,0.96987,1.07,1.00
2015.03.05 15:10:03.894,0.96971,0.96987,1.00,1.17
2015.03.05 15:10:04.403,0.96969,0.96985,1.17,1.00
2015.03.05 15:10:04.951,0.96969,0.96985,1.10,1.10
2015.03.05 15:10:10.014,0.96967,0.96983,1.07,1.07
2015.03.05 15:10:10.319,0.96966,0.96981,1.00,1.10
2015.03.05 15:10:10.522,0.96966,0.96979,1.00,1.00
2015.03.05 15:10:11.047,0.96964,0.96979,1.87,1.17
2015.03.05 15:10:11.352,0.96967,0.96979,1.00,1.00
2015.03.05 15:10:11.810,0.96967,0.96983,1.12,1.15
2015.03.05 15:10:11.912,0.96967,0.96983,1.10,1.10
2015.03.05 15:10:12.905,0.96966,0.96981,1.20,1.00
2015.03.05 15:10:13.487,0.96966,0.96981,1.20,1.00
2015.03.05 15:10:13.846,0.96968,0.96983,1.45,1.07
2015.03.05 15:10:13.948,0.96968,0.96985,1.52,1.00
2015.03.05 15:10:14.459,0.9697,0.96985,1.27,1.00
2015.03.05 15:10:14.663,0.9697,0.96987,1.27,1.10
2015.03.05 15:10:15.173,0.96969,0.96986,1.52,1.00
2015.03.05 15:10:15.683,0.9697,0.96986,1.55,1.00
2015.03.05 15:10:15.937,0.9697,0.96987,1.37,2.32
2015.03.05 15:10:16.461,0.9697,0.96987,1.12,2.32
2015.03.05 15:10:16.969,0.9697,0.96985,1.37,1.17
2015.03.05 15:10:17.477,0.9697,0.96985,1.00,1.17
2015.03.05 15:10:17.993,0.9697,0.96985,1.37,1.17
2015.03.05 15:10:20.918,0.96969,0.96985,1.37,1.17
2015.03.05 15:10:24.714,0.96967,0.96984,1.47,2.25
2015.03.05 15:10:25.222,0.96968,0.96982,1.37,1.10
2015.03.05 15:10:25.527,0.96968,0.96982,1.37,1.15
2015.03.05 15:10:26.449,0.96968,0.96982,1.37,1.17
2015.03.05 15:10:26.755,0.96968,0.96982,1.37,3.07
2015.03.05 15:10:27.264,0.96968,0.96982,1.37,1.15
2015.03.05 15:10:28.249,0.96968,0.96982,1.37,3.07
2015.03.05 15:10:32.516,0.96965,0.96979,1.37,2.32
2015.03.05 15:10:32.567,0.96965,0.96979,1.37,2.32
2015.03.05 15:10:32.669,0.96965,0.96981,1.37,1.15
2015.03.05 15:10:33.178,0.96966,0.96981,1.37,1.15
2015.03.05 15:10:34.092,0.96965,0.96979,1.37,1.10
2015.03.05 15:10:34.866,0.96962,0.96976,1.47,3.00
2015.03.05 15:10:35.764,0.96958,0.96975,1.87,2.32
2015.03.05 15:10:37.085,0.96958,0.96975,1.37,2.32
2015.03.05 15:10:37.593,0.96958,0.96975,1.37,2.32
2015.03.05 15:10:37.645,0.96956,0.96969,3.45,1.00
2015.03.05 15:10:37.949,0.96956,0.96969,1.00,1.10
2015.03.05 15:10:38.000,0.96951,0.96966,3.15,1.00
2015.03.05 15:10:38.541,0.96948,0.96966,1.80,1.10
2015.03.05 15:10:40.344,0.9695,0.96968,1.72,1.65
2015.03.05 15:10:40.853,0.96952,0.96968,1.37,1.65
2015.03.05 15:10:41.158,0.96946,0.96965,4.42,2.32
2015.03.05 15:10:41.464,0.9695,0.96961,1.00,1.10
2015.03.05 15:10:45.505,0.9695,0.96961,1.00,1.15
2015.03.05 15:10:45.657,0.96941,0.96954,1.27,1.00
2015.03.05 15:10:45.710,0.96941,0.96954,1.12,3.07
2015.03.05 15:10:46.016,0.96947,0.96956,1.00,1.00
2015.03.05 15:10:46.525,0.96946,0.96956,1.00,1.00
2015.03.05 15:10:48.271,0.96946,0.96958,1.00,1.07
2015.03.05 15:10:48.766,0.96948,0.96965,1.10,1.17
2015.03.05 15:10:48.969,0.96952,0.96965,1.00,1.10
2015.03.05 15:10:49.274,0.96955,0.96965,1.00,1.10
2015.03.05 15:10:50.258,0.96955,0.96967,1.00,1.00
2015.03.05 15:10:51.392,0.96955,0.96967,1.00,1.17
2015.03.05 15:10:51.494,0.96951,0.96963,1.00,1.00
2015.03.05 15:10:52.002,0.9695,0.96963,1.00,1.00
2015.03.05 15:10:54.009,0.96949,0.96963,1.00,1.00
2015.03.05 15:10:54.215,0.96949,0.9696,1.00,2.32
2015.03.05 15:10:54.318,0.96949,0.96959,1.00,1.00
2015.03.05 15:10:54.370,0.96952,0.96959,1.00,1.00
2015.03.05 15:10:54.422,0.96952,0.96961,1.00,1.00
2015.03.05 15:10:54.474,0.96949,0.96961,1.10,1.00
2015.03.05 15:10:54.630,0.96949,0.96963,1.10,1.00
2015.03.05 15:10:55.036,0.9695,0.96963,1.17,1.00
2015.03.05 15:10:56.186,0.96951,0.96961,1.10,2.25
2015.03.05 15:10:56.443,0.9695,0.96963,1.00,1.00
2015.03.05 15:10:56.751,0.96952,0.96964,1.00,1.00
2015.03.05 15:10:56.802,0.96952,0.96966,1.07,1.00
2015.03.05 15:10:56.853,0.96955,0.96966,1.00,1.00
2015.03.05 15:10:57.965,0.96953,0.96966,1.17,1.00
2015.03.05 15:10:58.016,0.96953,0.96968,1.17,1.00
2015.03.05 15:10:58.934,0.96953,0.96964,1.17,1.00
2015.03.05 15:10:59.036,0.9695,0.96966,1.17,1.00
2015.03.05 15:11:01.598,0.9695,0.96968,3.07,1.50
2015.03.05 15:11:02.235,0.96951,0.96968,1.00,1.20
2015.03.05 15:11:03.892,0.96952,0.96968,1.00,1.20
2015.03.05 15:11:03.994,0.96952,0.96968,1.15,1.00
2015.03.05 15:11:04.569,0.96951,0.9697,3.07,1.10
2015.03.05 15:11:04.772,0.96951,0.96968,3.07,1.00
2015.03.05 15:11:06.958,0.96951,0.96968,1.15,1.00
2015.03.05 15:11:12.597,0.96951,0.96967,1.15,1.00
2015.03.05 15:11:14.133,0.96951,0.96969,1.15,1.57
2015.03.05 15:11:15.657,0.96953,0.96966,1.57,1.00
2015.03.05 15:11:15.962,0.96955,0.9697,3.07,1.00
2015.03.05 15:11:17.333,0.96954,0.9697,3.07,1.00
2015.03.05 15:11:18.241,0.96956,0.9697,3.07,1.00
2015.03.05 15:11:18.750,0.96956,0.9697,1.00,1.00
2015.03.05 15:11:18.854,0.96952,0.96969,1.20,1.00
2015.03.05 15:11:19.260,0.96952,0.96967,1.20,1.00
2015.03.05 15:11:20.435,0.96955,0.96967,1.00,1.00
2015.03.05 15:11:20.741,0.96969,0.96979,1.00,1.00
2015.03.05 15:11:20.792,0.96967,0.96979,1.10,1.00
2015.03.05 15:11:25.754,0.96966,0.96979,2.32,1.00
2015.03.05 15:11:26.680,0.96966,0.9698,2.32,1.00
2015.03.05 15:11:26.839,0.96964,0.9698,5.62,1.00
2015.03.05 15:11:27.360,0.96965,0.96981,2.70,1.50
2015.03.05 15:11:28.236,0.96964,0.9698,3.45,1.50
2015.03.05 15:11:28.288,0.96964,0.9698,1.55,1.50
2015.03.05 15:11:28.440,0.96967,0.9698,1.07,1.00
2015.03.05 15:11:28.848,0.96964,0.9698,1.52,1.00
2015.03.05 15:11:29.357,0.96965,0.96982,3.45,1.00
2015.03.05 15:11:29.865,0.96965,0.96982,1.52,1.00
2015.03.05 15:11:30.420,0.96965,0.96982,1.52,1.00
2015.03.05 15:11:31.295,0.96966,0.96981,1.27,1.00
2015.03.05 15:11:31.955,0.96965,0.96979,3.45,1.00
2015.03.05 15:11:32.933,0.96965,0.96979,1.52,1.00
2015.03.05 15:11:33.441,0.96965,0.96978,1.52,1.00
2015.03.05 15:11:33.952,0.96967,0.96985,1.07,1.65
2015.03.05 15:11:38.168,0.96967,0.96986,1.17,1.07
2015.03.05 15:11:38.798,0.9697,0.96986,1.00,1.07
2015.03.05 15:11:38.900,0.96975,0.96988,1.00,1.17
2015.03.05 15:11:39.002,0.96978,0.96993,1.00,1.17
2015.03.05 15:11:39.214,0.96976,0.96994,1.10,1.15
2015.03.05 15:11:39.726,0.96976,0.96994,1.07,1.07
2015.03.05 15:11:43.912,0.96976,0.96994,1.07,1.45
2015.03.05 15:11:44.906,0.96974,0.96992,1.65,1.10
2015.03.05 15:11:54.085,0.96974,0.96991,1.52,1.00
2015.03.05 15:11:54.136,0.96974,0.9699,1.37,2.32
2015.03.05 15:11:54.188,0.96973,0.96989,1.00,1.15
2015.03.05 15:11:54.289,0.96971,0.96987,1.00,1.17
2015.03.05 15:11:54.442,0.96971,0.96987,1.00,3.82
2015.03.05 15:11:54.544,0.96965,0.96985,1.65,2.40
2015.03.05 15:11:56.212,0.96965,0.96984,3.07,1.57
2015.03.05 15:11:56.314,0.96967,0.96985,3.82,1.00
2015.03.05 15:11:56.618,0.96975,0.96989,1.00,1.17
2015.03.05 15:11:57.127,0.96974,0.96989,1.00,1.10
2015.03.05 15:11:57.433,0.96967,0.9698,2.40,1.00
2015.03.05 15:11:57.535,0.96972,0.96984,1.00,1.00
2015.03.05 15:11:58.161,0.96971,0.96984,1.00,1.00
2015.03.05 15:11:58.213,0.96971,0.96986,1.17,1.00
2015.03.05 15:11:58.264,0.96974,0.96986,1.00,1.00
2015.03.05 15:11:58.834,0.96975,0.96986,1.00,1.00
2015.03.05 15:11:59.038,0.96972,0.96984,1.00,1.00
2015.03.05 15:11:59.525,0.96971,0.96982,1.00,1.00
2015.03.05 15:11:59.730,0.96971,0.96984,1.00,1.00
2015.03.05 15:12:00.856,0.96968,0.96982,1.57,1.00
2015.03.05 15:12:02.056,0.96965,0.96982,4.20,1.00
2015.03.05 15:12:02.395,0.96965,0.9698,3.45,1.00
2015.03.05 15:12:05.747,0.96964,0.9698,2.02,1.00
2015.03.05 15:12:12.061,0.96964,0.9698,1.27,1.00
2015.03.05 15:12:12.214,0.96964,0.96978,1.10,1.00
2015.03.05 15:12:12.570,0.96961,0.96978,1.20,1.00
2015.03.05 15:12:12.874,0.96964,0.96978,1.10,1.00
2015.03.05 15:12:12.927,0.96964,0.96981,1.10,1.17
2015.03.05 15:12:12.979,0.96966,0.96981,2.32,1.00
2015.03.05 15:12:13.694,0.96964,0.96981,5.62,1.00
2015.03.05 15:12:14.362,0.96965,0.96981,1.17,1.10
2015.03.05 15:12:14.413,0.96964,0.96978,1.27,1.00
2015.03.05 15:12:14.964,0.96964,0.96978,1.17,1.00
2015.03.05 15:12:18.204,0.96963,0.96978,3.82,1.00
2015.03.05 15:12:22.230,0.96964,0.96978,3.82,1.00
2015.03.05 15:12:22.281,0.96965,0.9698,2.32,1.00
2015.03.05 15:12:26.907,0.96967,0.96982,3.07,1.00
2015.03.05 15:12:28.209,0.96968,0.96983,1.17,1.00
2015.03.05 15:12:30.127,0.96966,0.96983,1.65,1.00
2015.03.05 15:12:30.648,0.96967,0.96982,1.17,1.00
2015.03.05 15:12:31.162,0.96967,0.96982,1.00,1.00
2015.03.05 15:12:34.576,0.96967,0.96982,1.07,1.00
2015.03.05 15:12:35.662,0.96967,0.96981,1.07,1.00
2015.03.05 15:12:36.186,0.96967,0.96981,1.00,1.00
2015.03.05 15:12:36.524,0.96967,0.96983,1.15,1.00
2015.03.05 15:12:37.997,0.96966,0.96983,1.15,1.00
2015.03.05 15:12:40.065,0.96965,0.96974,2.25,1.00
2015.03.05 15:12:40.117,0.9696,0.96974,3.07,1.00
2015.03.05 15:12:40.323,0.96959,0.96974,1.27,1.00
2015.03.05 15:12:40.831,0.96958,0.96975,1.52,1.00
2015.03.05 15:12:41.773,0.96961,0.96975,1.10,1.00
2015.03.05 15:12:42.282,0.96961,0.96975,1.17,1.00
2015.03.05 15:12:42.385,0.96962,0.96977,1.57,1.00
2015.03.05 15:12:45.385,0.96962,0.96979,3.15,1.00
2015.03.05 15:12:45.436,0.96962,0.96979,5.32,1.00
2015.03.05 15:12:45.944,0.96963,0.96979,3.45,1.00
2015.03.05 15:12:46.101,0.96964,0.96981,1.15,1.00
2015.03.05 15:12:46.258,0.96963,0.96979,3.45,1.00
2015.03.05 15:12:46.983,0.96964,0.96981,1.15,1.00
2015.03.05 15:12:47.085,0.96963,0.96979,3.45,1.00
2015.03.05 15:12:50.902,0.96963,0.96977,1.27,1.00
2015.03.05 15:12:51.206,0.96962,0.96975,2.40,1.00
2015.03.05 15:12:51.514,0.9696,0.96975,1.27,1.00
2015.03.05 15:12:55.584,0.96958,0.96975,4.20,1.00
2015.03.05 15:12:55.636,0.96958,0.96973,3.45,1.00
2015.03.05 15:12:56.154,0.96958,0.96973,1.27,1.00
2015.03.05 15:13:04.914,0.96957,0.96969,1.00,1.10
2015.03.05 15:13:05.760,0.96956,0.96969,1.00,1.10
2015.03.05 15:13:06.080,0.96956,0.96967,1.00,1.00
2015.03.05 15:13:06.704,0.96955,0.96967,1.00,1.00
2015.03.05 15:13:07.577,0.96956,0.96967,1.00,1.00
2015.03.05 15:13:08.220,0.96956,0.96968,1.00,1.00
2015.03.05 15:13:18.947,0.96956,0.96965,1.00,1.00
2015.03.05 15:13:18.999,0.96949,0.96964,2.62,1.00
2015.03.05 15:13:19.050,0.96946,0.96964,4.57,1.00
2015.03.05 15:13:19.558,0.96948,0.96965,1.52,1.00
2015.03.05 15:13:22.068,0.96948,0.96965,1.52,1.00
2015.03.05 15:13:24.264,0.96948,0.96964,1.47,1.10
2015.03.05 15:13:24.772,0.96947,0.96964,1.65,1.00
2015.03.05 15:13:25.315,0.96947,0.96964,1.65,1.00
2015.03.05 15:13:26.778,0.96949,0.96966,1.95,1.57
2015.03.05 15:13:27.294,0.96949,0.96966,1.95,1.65
2015.03.05 15:13:28.488,0.96949,0.96964,1.95,1.00
2015.03.05 15:13:31.097,0.96951,0.96964,1.37,1.00
2015.03.05 15:13:32.492,0.96947,0.96964,1.52,1.00
2015.03.05 15:13:33.380,0.96947,0.96964,1.52,1.00
2015.03.05 15:13:33.928,0.96947,0.96963,1.52,1.00
2015.03.05 15:13:36.125,0.96947,0.96963,1.52,1.00
2015.03.05 15:13:37.776,0.96949,0.96958,1.47,1.00
2015.03.05 15:13:38.030,0.96941,0.96954,1.47,1.00
2015.03.05 15:13:38.233,0.96938,0.96956,2.02,1.20
2015.03.05 15:13:38.335,0.96939,0.96955,1.37,3.00
2015.03.05 15:13:38.640,0.96942,0.96955,1.37,1.00
2015.03.05 15:13:39.148,0.96941,0.96957,1.37,1.17
2015.03.05 15:13:40.822,0.96941,0.96957,1.37,1.17
2015.03.05 15:13:42.609,0.96941,0.96957,1.37,1.17
2015.03.05 15:13:45.021,0.96943,0.96957,1.37,1.17
2015.03.05 15:13:45.885,0.9694,0.96957,1.47,1.17
2015.03.05 15:13:46.241,0.96942,0.96957,1.12,1.17
2015.03.05 15:13:46.395,0.9694,0.96957,1.37,3.07
2015.03.05 15:13:47.119,0.96939,0.96955,1.50,1.17
2015.03.05 15:13:48.422,0.96939,0.96955,1.00,2.32
2015.03.05 15:13:48.828,0.96939,0.96953,1.00,2.32
2015.03.05 15:13:49.677,0.96935,0.96953,1.87,2.32
2015.03.05 15:13:49.834,0.96932,0.96945,4.20,1.00
2015.03.05 15:13:49.937,0.96937,0.96952,1.00,1.10
2015.03.05 15:13:50.040,0.96934,0.96946,2.32,1.00
2015.03.05 15:13:50.142,0.96936,0.9695,1.10,1.00
2015.03.05 15:13:51.675,0.96936,0.96946,1.00,1.00
2015.03.05 15:13:53.961,0.96936,0.96944,1.00,1.00
2015.03.05 15:13:54.013,0.96929,0.96944,2.32,1.00
2015.03.05 15:13:54.217,0.96928,0.96944,1.65,1.50
2015.03.05 15:13:54.369,0.96928,0.96941,1.15,1.00
2015.03.05 15:13:54.472,0.96926,0.9694,1.52,1.00
2015.03.05 15:13:54.993,0.96925,0.96939,3.82,1.00
2015.03.05 15:13:55.299,0.96933,0.96941,1.00,1.00
2015.03.05 15:13:55.553,0.96948,0.96957,1.10,1.00
2015.03.05 15:13:55.604,0.96948,0.96962,1.10,2.62
2015.03.05 15:13:55.655,0.96949,0.96966,2.32,1.45
2015.03.05 15:13:55.757,0.9695,0.96961,2.62,1.00
2015.03.05 15:13:55.859,0.96945,0.96961,2.32,1.50
2015.03.05 15:13:55.910,0.96945,0.96959,2.32,1.00
2015.03.05 15:13:56.428,0.96944,0.96959,2.70,1.00
2015.03.05 15:14:01.094,0.96947,0.9696,1.47,1.00
2015.03.05 15:14:01.606,0.96945,0.96959,3.07,1.00
2015.03.05 15:14:12.406,0.96944,0.96959,1.52,1.00
2015.03.05 15:14:13.873,0.96944,0.9696,1.15,1.00
2015.03.05 15:14:14.385,0.96944,0.9696,5.25,1.00
2015.03.05 15:14:15.547,0.96944,0.96961,5.25,1.00
2015.03.05 15:14:16.919,0.96944,0.96961,6.37,1.00
2015.03.05 15:14:17.785,0.96945,0.96961,1.52,1.13
2015.03.05 15:14:17.887,0.96945,0.9696,1.52,1.00
2015.03.05 15:14:17.989,0.96943,0.96961,1.52,1.23
2015.03.05 15:14:18.091,0.96944,0.96961,1.52,1.00
2015.03.05 15:14:18.142,0.96944,0.96961,1.52,1.00
2015.03.05 15:14:18.296,0.96948,0.96964,1.47,1.10
2015.03.05 15:14:18.754,0.96948,0.96966,4.20,1.00
2015.03.05 15:14:18.805,0.96949,0.96966,3.45,1.00
2015.03.05 15:14:18.907,0.96954,0.96971,1.27,1.10
2015.03.05 15:14:19.212,0.96952,0.96969,3.45,1.00
2015.03.05 15:14:21.345,0.96953,0.96969,1.55,1.00
2015.03.05 15:14:21.855,0.96953,0.96971,1.17,1.65
2015.03.05 15:14:22.364,0.96953,0.96969,1.17,1.00
2015.03.05 15:14:24.107,0.96954,0.96971,3.45,1.00
2015.03.05 15:14:25.254,0.96952,0.96971,4.95,1.10
2015.03.05 15:14:25.316,0.96952,0.96969,4.95,1.00
2015.03.05 15:14:25.936,0.96952,0.96971,3.82,1.10
2015.03.05 15:14:26.445,0.96954,0.96971,1.15,1.00
2015.03.05 15:14:29.336,0.9695,0.96967,2.32,1.00
2015.03.05 15:14:30.170,0.9695,0.96968,3.07,1.50
2015.03.05 15:14:30.578,0.96952,0.96968,2.32,1.50
2015.03.05 15:14:31.477,0.96952,0.96969,2.32,1.00
2015.03.05 15:14:33.764,0.96954,0.96969,2.32,1.00
2015.03.05 15:14:33.866,0.96953,0.9697,1.15,1.00
2015.03.05 15:14:34.375,0.96953,0.96971,1.65,1.57
2015.03.05 15:14:36.101,0.96953,0.9697,1.15,1.00
2015.03.05 15:14:36.609,0.96952,0.96969,3.07,1.00
2015.03.05 15:14:37.316,0.96953,0.96971,1.15,1.57
2015.03.05 15:14:39.380,0.96953,0.96971,3.82,1.50
2015.03.05 15:14:41.529,0.96953,0.96969,3.82,1.00
2015.03.05 15:14:41.631,0.96955,0.96972,1.17,1.00
2015.03.05 15:14:41.682,0.96957,0.96972,2.32,1.00
2015.03.05 15:14:41.988,0.96955,0.96972,3.07,1.00
2015.03.05 15:14:42.320,0.96955,0.96968,3.07,1.00
2015.03.05 15:14:42.422,0.96953,0.96968,2.32,1.00
2015.03.05 15:14:42.788,0.96952,0.96968,3.15,1.00
2015.03.05 15:14:50.268,0.96953,0.9697,1.17,1.47
2015.03.05 15:14:50.797,0.96953,0.9697,1.27,1.10
2015.03.05 15:14:51.522,0.96953,0.9697,1.27,1.10
2015.03.05 15:14:51.624,0.96954,0.9697,3.07,1.00
2015.03.05 15:14:51.675,0.96954,0.96972,5.25,1.00
2015.03.05 15:14:52.284,0.96957,0.96975,1.20,1.20
2015.03.05 15:14:52.488,0.96955,0.96972,1.15,1.00
2015.03.05 15:14:52.794,0.96952,0.96969,1.47,1.17
2015.03.05 15:14:53.200,0.96952,0.96969,3.07,1.00
2015.03.05 15:14:54.040,0.96952,0.96968,2.32,1.00
2015.03.05 15:14:54.869,0.96952,0.96969,3.07,1.00
2015.03.05 15:14:55.397,0.96952,0.96968,2.32,1.00
2015.03.05 15:14:56.324,0.96952,0.96968,1.15,1.00
2015.03.05 15:14:56.426,0.96952,0.9697,1.15,1.50
2015.03.05 15:14:56.528,0.96953,0.9697,1.15,1.00
2015.03.05 15:14:57.219,0.96953,0.96966,1.15,1.00
2015.03.05 15:14:57.321,0.96953,0.96968,1.00,1.10
2015.03.05 15:14:57.830,0.96953,0.96968,1.17,1.00
2015.03.05 15:14:59.972,0.96953,0.9697,1.15,1.00
2015.03.05 15:15:00.176,0.96952,0.96967,2.32,1.00
2015.03.05 15:15:00.328,0.96948,0.96964,1.15,1.50
2015.03.05 15:15:00.430,0.96946,0.96964,1.15,1.57
2015.03.05 15:15:00.532,0.96946,0.96962,1.15,1.00
2015.03.05 15:15:00.737,0.96945,0.9696,1.00,1.00
2015.03.05 15:15:00.838,0.96942,0.96958,1.65,1.00
2015.03.05 15:15:01.449,0.96942,0.96958,1.10,1.10
2015.03.05 15:15:02.304,0.96942,0.96958,1.00,1.15
2015.03.05 15:15:02.509,0.96926,0.96942,1.27,1.00
2015.03.05 15:15:02.560,0.96924,0.9694,2.70,1.00
2015.03.05 15:15:02.713,0.9692,0.96937,2.32,1.00
2015.03.05 15:15:02.866,0.9692,0.96934,2.32,1.00
2015.03.05 15:15:02.918,0.96917,0.96934,2.32,1.87
2015.03.05 15:15:02.969,0.96917,0.96932,2.32,1.00
2015.03.05 15:15:03.020,0.96913,0.96932,2.70,1.57
2015.03.05 15:15:03.071,0.96913,0.96926,2.70,1.00
2015.03.05 15:15:03.122,0.9691,0.96926,2.70,1.00
2015.03.05 15:15:03.427,0.96911,0.96929,1.65,1.17
2015.03.05 15:15:03.733,0.96913,0.96928,1.15,1.00
2015.03.05 15:15:03.835,0.96913,0.9693,1.15,1.00
2015.03.05 15:15:04.344,0.96913,0.9693,2.32,1.00
2015.03.05 15:15:09.447,0.96915,0.96931,1.17,1.00
2015.03.05 15:15:19.455,0.96914,0.96932,3.07,1.50
2015.03.05 15:15:21.647,0.96915,0.96933,1.15,1.10
2015.03.05 15:15:22.054,0.96916,0.96933,3.07,1.00
2015.03.05 15:15:22.563,0.96916,0.96934,3.82,1.00
2015.03.05 15:15:24.420,0.96916,0.96936,3.82,2.32
2015.03.05 15:15:29.076,0.96916,0.96936,1.65,2.32
2015.03.05 15:15:29.381,0.96927,0.96938,1.00,3.37
2015.03.05 15:15:29.483,0.96926,0.96939,1.10,1.12
2015.03.05 15:15:29.534,0.96926,0.96939,1.10,1.05
2015.03.05 15:15:30.933,0.96923,0.96941,3.07,1.80
2015.03.05 15:15:34.607,0.96927,0.96944,1.00,1.55
2015.03.05 15:15:35.116,0.96927,0.96944,1.10,1.55
2015.03.05 15:15:35.319,0.96928,0.96944,1.00,1.17
2015.03.05 15:15:35.451,0.96928,0.96936,1.00,1.00
2015.03.05 15:15:35.553,0.96928,0.9694,1.00,1.10
2015.03.05 15:15:36.077,0.96928,0.96939,1.00,1.57
2015.03.05 15:15:37.164,0.96927,0.96939,1.10,1.50
2015.03.05 15:15:37.266,0.96924,0.96937,2.32,1.50
2015.03.05 15:15:37.318,0.96919,0.96937,1.17,1.65
2015.03.05 15:15:37.839,0.96917,0.96935,3.82,1.00
2015.03.05 15:15:38.763,0.96917,0.96934,3.82,1.00
2015.03.05 15:15:39.019,0.96919,0.96936,1.17,1.10
2015.03.05 15:15:40.012,0.9692,0.96936,1.15,1.00
2015.03.05 15:15:41.419,0.9692,0.96937,1.15,1.50
2015.03.05 15:15:46.135,0.9692,0.96936,1.15,1.00
2015.03.05 15:15:46.237,0.9692,0.96936,1.10,1.10
2015.03.05 15:15:52.105,0.9692,0.96939,1.57,1.15
2015.03.05 15:15:53.672,0.96922,0.96939,1.17,1.00
2015.03.05 15:15:54.317,0.96922,0.9694,1.17,1.57
2015.03.05 15:15:57.045,0.96921,0.96939,3.07,1.00
2015.03.05 15:15:57.603,0.96922,0.9694,1.17,1.57
2015.03.05 15:15:59.190,0.96921,0.96939,2.32,1.00
2015.03.05 15:15:59.955,0.9692,0.96939,1.15,1.65
2015.03.05 15:16:00.469,0.9692,0.96937,1.15,1.00
2015.03.05 15:16:00.724,0.9692,0.96935,1.15,1.00
2015.03.05 15:16:01.160,0.96919,0.96935,1.10,1.57
2015.03.05 15:16:02.179,0.96919,0.96933,1.10,1.00
2015.03.05 15:16:02.383,0.96919,0.96936,1.17,1.07
2015.03.05 15:16:02.485,0.9692,0.96937,1.15,1.10
2015.03.05 15:16:03.001,0.9692,0.96937,3.07,1.00
2015.03.05 15:16:03.511,0.9692,0.96936,3.07,1.00
2015.03.05 15:16:03.664,0.9692,0.96936,1.17,1.00
2015.03.05 15:16:04.553,0.96918,0.96933,2.32,1.00
2015.03.05 15:16:04.655,0.96915,0.96933,3.82,1.00
2015.03.05 15:16:05.164,0.96916,0.96934,1.15,1.57
2015.03.05 15:16:07.430,0.96917,0.96934,2.32,1.00
2015.03.05 15:16:08.860,0.96917,0.96935,2.32,1.50
2015.03.05 15:16:09.372,0.96917,0.96935,1.17,2.32
2015.03.05 15:16:10.964,0.96918,0.96935,2.25,2.25
2015.03.05 15:16:14.092,0.96913,0.96931,1.15,2.70
2015.03.05 15:16:14.957,0.96914,0.9693,1.17,1.00
2015.03.05 15:16:15.488,0.96913,0.96931,1.15,2.70
2015.03.05 15:16:16.122,0.96913,0.96931,1.10,2.77
2015.03.05 15:16:16.632,0.96911,0.96928,1.17,1.10
2015.03.05 15:16:17.659,0.9691,0.96928,3.07,1.57
2015.03.05 15:16:18.169,0.96909,0.96928,3.07,1.10
2015.03.05 15:16:18.474,0.96911,0.96928,2.32,1.00
2015.03.05 15:16:18.983,0.96912,0.96928,2.32,1.00
2015.03.05 15:16:19.811,0.96912,0.96927,2.32,1.00
2015.03.05 15:16:20.320,0.9691,0.96927,3.07,1.00
2015.03.05 15:16:21.525,0.9691,0.96926,3.07,1.00
2015.03.05 15:16:22.029,0.9691,0.96925,1.10,1.00
2015.03.05 15:16:22.131,0.9691,0.96922,1.10,1.00
2015.03.05 15:16:22.437,0.96907,0.96913,1.00,1.00
2015.03.05 15:16:22.488,0.96897,0.96913,2.32,1.00
2015.03.05 15:16:22.999,0.96896,0.96912,2.32,1.00
2015.03.05 15:16:23.429,0.96896,0.96912,2.32,1.37
2015.03.05 15:16:24.313,0.96893,0.9691,1.17,1.80
2015.03.05 15:16:29.753,0.96887,0.96907,5.62,2.55
2015.03.05 15:16:29.907,0.96889,0.96907,2.32,1.87
2015.03.05 15:16:30.213,0.96887,0.96906,3.45,1.12
2015.03.05 15:16:30.264,0.96889,0.96906,2.32,1.05
2015.03.05 15:16:31.049,0.96888,0.96906,2.32,1.05
2015.03.05 15:16:31.561,0.96889,0.96906,1.17,1.12
2015.03.05 15:16:32.073,0.96888,0.96906,2.32,1.05
2015.03.05 15:16:33.915,0.96889,0.96908,3.07,1.87
2015.03.05 15:16:35.114,0.96891,0.96908,2.32,1.05
2015.03.05 15:16:35.419,0.96894,0.96909,1.15,1.80
2015.03.05 15:16:38.022,0.96892,0.9691,1.27,1.47
2015.03.05 15:16:39.453,0.96893,0.96909,2.32,1.37
2015.03.05 15:16:42.251,0.96892,0.9691,1.95,1.45
2015.03.05 15:16:42.759,0.96892,0.96909,1.95,1.12
2015.03.05 15:16:44.728,0.96894,0.96912,1.00,4.20
2015.03.05 15:16:47.659,0.96897,0.96911,1.00,1.47
2015.03.05 15:16:48.178,0.96897,0.9691,1.00,1.37
2015.03.05 15:16:49.754,0.96897,0.96912,1.17,1.37
2015.03.05 15:16:50.263,0.96899,0.96912,1.00,1.37
2015.03.05 15:16:53.622,0.96899,0.96913,1.00,1.10
2015.03.05 15:16:55.404,0.96898,0.96914,1.00,1.55
2015.03.05 15:16:55.810,0.969,0.96916,1.00,1.15
2015.03.05 15:16:55.861,0.969,0.96916,1.10,1.10
2015.03.05 15:16:56.368,0.96901,0.96919,1.15,1.10
2015.03.05 15:16:57.268,0.96904,0.96921,1.00,1.27
2015.03.05 15:16:57.777,0.96902,0.9692,1.65,1.17
2015.03.05 15:17:02.230,0.96902,0.96918,1.65,1.00
2015.03.05 15:17:02.903,0.96902,0.96918,1.57,1.10
2015.03.05 15:17:03.427,0.96903,0.96918,1.10,1.00
2015.03.05 15:17:04.670,0.96903,0.96917,1.10,1.00
2015.03.05 15:17:05.978,0.96903,0.96919,1.10,1.10
2015.03.05 15:17:07.580,0.96903,0.96918,1.10,1.00
2015.03.05 15:17:08.123,0.96904,0.9692,1.57,1.07
2015.03.05 15:17:08.377,0.96907,0.9692,1.00,1.00
2015.03.05 15:17:08.429,0.96907,0.96923,1.10,1.10
2015.03.05 15:17:08.480,0.96912,0.96925,1.00,1.15
2015.03.05 15:17:08.531,0.96912,0.96925,1.10,1.00
2015.03.05 15:17:09.655,0.96915,0.96925,1.00,1.00
2015.03.05 15:17:09.706,0.96915,0.96929,1.10,1.07
2015.03.05 15:17:10.519,0.96913,0.96924,1.00,1.00
2015.03.05 15:17:11.029,0.96913,0.96925,1.00,1.00
2015.03.05 15:17:13.756,0.96913,0.96926,1.00,1.10
2015.03.05 15:17:13.858,0.96913,0.9693,1.00,1.15
2015.03.05 15:17:13.909,0.96913,0.9693,1.07,1.07
2015.03.05 15:17:14.112,0.96917,0.96934,1.65,1.10
2015.03.05 15:17:15.813,0.96922,0.96934,1.57,1.00
2015.03.05 15:17:16.924,0.96922,0.96933,1.00,1.00
2015.03.05 15:17:16.976,0.96922,0.96935,1.00,1.00
2015.03.05 15:17:17.398,0.96921,0.96939,1.10,2.02
2015.03.05 15:17:21.158,0.96922,0.96939,1.17,1.95
2015.03.05 15:17:25.860,0.96922,0.96938,3.07,1.00
2015.03.05 15:17:25.964,0.96923,0.9694,1.15,1.00
2015.03.05 15:17:26.069,0.96923,0.9694,1.10,1.17
2015.03.05 15:17:26.738,0.96923,0.96939,1.00,1.07
2015.03.05 15:17:27.274,0.96922,0.96939,1.00,1.17
2015.03.05 15:17:28.759,0.96922,0.9694,1.57,1.15
2015.03.05 15:17:29.273,0.96924,0.96941,1.00,1.15
2015.03.05 15:17:29.580,0.96924,0.96938,1.10,2.25
2015.03.05 15:17:29.631,0.96921,0.96936,1.00,1.17
2015.03.05 15:17:29.682,0.96921,0.96936,1.00,3.07
2015.03.05 15:17:29.835,0.96917,0.96931,1.12,1.17
2015.03.05 15:17:31.242,0.96917,0.96931,1.12,1.10
2015.03.05 15:17:31.755,0.96916,0.96933,1.57,1.17
2015.03.05 15:17:31.907,0.96917,0.96933,1.37,1.17
2015.03.05 15:17:32.857,0.9692,0.96936,1.87,3.07
2015.03.05 15:17:32.908,0.96922,0.96936,1.37,1.10
2015.03.05 15:17:33.111,0.96922,0.96936,1.87,1.10
2015.03.05 15:17:33.366,0.96922,0.96938,2.62,1.20
2015.03.05 15:17:37.575,0.96922,0.96936,1.37,1.00
2015.03.05 15:17:37.626,0.96922,0.96936,1.37,1.57
2015.03.05 15:17:37.779,0.96921,0.96936,1.37,3.82
2015.03.05 15:17:38.084,0.96921,0.96936,1.37,3.82
2015.03.05 15:17:40.189,0.96922,0.96937,1.37,1.15
2015.03.05 15:17:40.698,0.96921,0.96937,1.87,1.17
2015.03.05 15:17:41.621,0.96921,0.96937,1.37,1.17
2015.03.05 15:17:43.799,0.96921,0.96935,1.37,1.00
2015.03.05 15:17:43.900,0.96921,0.96935,1.37,2.32
2015.03.05 15:17:44.461,0.96916,0.96932,2.02,1.00
2015.03.05 15:17:49.075,0.96917,0.96935,1.95,1.65
2015.03.05 15:17:49.177,0.96917,0.96935,2.02,1.57
2015.03.05 15:17:50.734,0.96917,0.96934,1.52,1.00
2015.03.05 15:17:51.952,0.96917,0.96935,2.02,1.57
2015.03.05 15:17:52.258,0.9692,0.96938,1.55,2.40
2015.03.05 15:17:53.350,0.96927,0.9694,1.00,1.17
2015.03.05 15:17:53.503,0.96928,0.96946,2.32,1.50
2015.03.05 15:17:53.554,0.96927,0.96945,1.65,1.10
2015.03.05 15:17:53.605,0.96927,0.96941,1.15,1.00
2015.03.05 15:17:53.656,0.96925,0.96941,1.45,1.00
2015.03.05 15:17:53.707,0.96926,0.96941,1.47,1.00
2015.03.05 15:17:54.227,0.96926,0.96942,1.47,1.10
2015.03.05 15:17:57.241,0.96927,0.96945,1.52,1.10
2015.03.05 15:17:57.777,0.9693,0.96945,1.00,1.10
2015.03.05 15:18:02.462,0.9693,0.96945,1.17,1.00
2015.03.05 15:18:03.139,0.9693,0.96945,1.10,1.00
2015.03.05 15:18:03.665,0.9693,0.96944,1.00,1.00
2015.03.05 15:18:04.214,0.96928,0.96944,1.20,1.00
2015.03.05 15:18:06.357,0.96928,0.96943,1.20,1.00
2015.03.05 15:18:06.893,0.96928,0.96942,1.20,1.00
2015.03.05 15:18:08.924,0.96928,0.96942,1.17,1.00
2015.03.05 15:18:08.975,0.96929,0.96947,1.15,1.10
2015.03.05 15:18:09.482,0.96928,0.96946,3.82,1.00
2015.03.05 15:18:12.466,0.96942,0.96948,1.65,1.00
2015.03.05 15:18:12.517,0.96949,0.96959,1.45,1.95
2015.03.05 15:18:12.568,0.9695,0.96968,1.55,1.17
2015.03.05 15:18:12.722,0.96957,0.96972,1.00,5.70
2015.03.05 15:18:12.827,0.96958,0.96976,1.00,3.07
2015.03.05 15:18:13.356,0.96959,0.96977,1.00,2.70
2015.03.05 15:18:13.895,0.9696,0.96976,1.00,1.52
2015.03.05 15:18:14.316,0.9696,0.96972,1.00,1.00
2015.03.05 15:18:14.723,0.9696,0.96975,1.50,1.10
2015.03.05 15:18:15.387,0.9696,0.96977,1.00,3.45
2015.03.05 15:18:15.895,0.9696,0.96977,1.00,1.27
2015.03.05 15:18:17.834,0.96955,0.96971,3.45,1.00
2015.03.05 15:18:18.345,0.96955,0.96971,1.52,1.00
2015.03.05 15:18:18.649,0.96954,0.96968,1.55,1.00
2015.03.05 15:18:18.853,0.96946,0.96961,1.27,1.00
2015.03.05 15:18:19.453,0.96943,0.9696,3.82,1.00
2015.03.05 15:18:19.982,0.96943,0.96959,3.82,1.00
2015.03.05 15:18:20.087,0.96945,0.96959,3.07,1.00
2015.03.05 15:18:20.599,0.96945,0.96959,1.15,1.00
2015.03.05 15:18:21.122,0.96945,0.9696,1.15,1.00
2015.03.05 15:18:22.712,0.96946,0.9696,1.10,1.07
2015.03.05 15:18:23.018,0.96944,0.96955,1.00,1.00
2015.03.05 15:18:24.235,0.96944,0.96957,1.00,1.00
2015.03.05 15:18:24.438,0.96943,0.96952,1.07,1.00
2015.03.05 15:18:24.966,0.96943,0.96952,1.00,1.00
2015.03.05 15:18:25.068,0.96943,0.96958,1.10,1.10
2015.03.05 15:18:25.525,0.96945,0.96961,1.07,1.07
2015.03.05 15:18:25.578,0.96945,0.96962,3.07,1.00
2015.03.05 15:18:30.550,0.96945,0.96959,3.07,1.50
2015.03.05 15:18:30.703,0.96944,0.96957,1.17,1.00
2015.03.05 15:18:31.059,0.96945,0.96952,1.10,1.00
2015.03.05 15:18:33.275,0.96944,0.9696,1.00,1.65
2015.03.05 15:18:33.809,0.96944,0.9696,1.00,2.40
2015.03.05 15:18:35.737,0.96944,0.9696,1.00,3.15
2015.03.05 15:18:35.944,0.96936,0.96948,1.00,1.00
2015.03.05 15:18:36.046,0.96931,0.96943,1.00,1.00
2015.03.05 15:18:36.148,0.96929,0.96943,1.00,1.00
2015.03.05 15:18:36.352,0.96927,0.96942,1.10,1.00
2015.03.05 15:18:36.962,0.96927,0.96941,1.10,1.00
2015.03.05 15:18:37.470,0.96927,0.96942,1.10,1.00
2015.03.05 15:18:38.082,0.96927,0.96941,1.10,1.50
2015.03.05 15:18:38.133,0.96925,0.96936,1.15,1.00
2015.03.05 15:18:38.235,0.9692,0.96934,1.10,1.00
2015.03.05 15:18:38.742,0.96918,0.96933,1.17,1.00
2015.03.05 15:18:40.779,0.96918,0.96934,1.17,1.00
2015.03.05 15:18:40.830,0.9692,0.96934,2.32,1.00
2015.03.05 15:18:40.881,0.96923,0.9694,1.10,1.17
2015.03.05 15:18:40.933,0.96925,0.9694,1.17,1.00
2015.03.05 15:18:41.085,0.96925,0.96942,1.17,1.10
2015.03.05 15:18:41.597,0.96925,0.96942,1.17,1.00
2015.03.05 15:18:43.646,0.96925,0.96941,1.17,1.00
2015.03.05 15:18:45.244,0.96925,0.9694,1.17,1.00
2015.03.05 15:18:45.397,0.96923,0.96936,1.15,1.00
2015.03.05 15:18:45.502,0.9692,0.96936,1.10,1.10
2015.03.05 15:18:46.266,0.96922,0.96934,1.00,1.00
2015.03.05 15:18:46.469,0.96922,0.96939,1.15,1.00
2015.03.05 15:18:49.128,0.96922,0.96941,1.15,1.17
2015.03.05 15:18:49.382,0.96924,0.9694,1.07,1.00
2015.03.05 15:18:49.993,0.96924,0.96937,1.07,1.00
2015.03.05 15:18:50.095,0.96922,0.96938,1.07,1.00
2015.03.05 15:18:51.019,0.96922,0.96937,1.07,1.00
2015.03.05 15:18:51.283,0.96922,0.96937,3.00,1.00
2015.03.05 15:18:54.747,0.96922,0.96938,3.07,1.00
2015.03.05 15:18:55.054,0.96924,0.9694,1.15,1.00
2015.03.05 15:19:04.400,0.96924,0.9694,1.00,1.50
2015.03.05 15:19:07.311,0.96926,0.96944,1.65,4.65
2015.03.05 15:19:07.615,0.96929,0.96945,1.15,1.00
2015.03.05 15:19:07.920,0.9693,0.96942,1.17,1.00
2015.03.05 15:19:10.410,0.9693,0.96943,1.17,1.00
2015.03.05 15:19:10.955,0.9693,0.96946,1.17,1.00
2015.03.05 15:19:11.244,0.9693,0.96944,1.17,1.00
2015.03.05 15:19:11.771,0.9693,0.96944,1.17,1.00
2015.03.05 15:19:11.822,0.9693,0.96946,1.15,1.00
2015.03.05 15:19:12.958,0.9693,0.96946,1.15,1.00
2015.03.05 15:19:16.054,0.96929,0.96943,1.15,1.00
2015.03.05 15:19:16.106,0.96929,0.96943,1.00,1.00
2015.03.05 15:19:16.261,0.96925,0.96941,2.62,2.32
2015.03.05 15:19:16.312,0.96922,0.96937,1.65,1.00
2015.03.05 15:19:16.566,0.96922,0.96935,1.17,1.00
2015.03.05 15:19:17.074,0.96922,0.96935,1.10,1.00
2015.03.05 15:19:17.450,0.96922,0.96938,1.10,1.57
2015.03.05 15:19:17.602,0.9692,0.96936,1.17,1.00
2015.03.05 15:19:18.107,0.9692,0.96937,1.17,1.10
2015.03.05 15:19:19.785,0.9692,0.96937,1.15,1.50
2015.03.05 15:19:21.763,0.9692,0.96938,1.65,1.57
2015.03.05 15:19:26.273,0.9692,0.96937,1.15,1.00
2015.03.05 15:19:26.590,0.96924,0.96938,1.10,1.00
2015.03.05 15:19:26.794,0.96925,0.96941,1.20,1.50
2015.03.05 15:19:27.048,0.96924,0.96938,1.15,1.00
2015.03.05 15:19:27.555,0.96924,0.96938,1.00,1.00
2015.03.05 15:19:27.887,0.96924,0.96935,1.00,1.00
2015.03.05 15:19:28.446,0.96924,0.96939,1.10,1.50
2015.03.05 15:19:28.547,0.96921,0.96939,1.17,1.65
2015.03.05 15:19:29.143,0.96921,0.96936,1.10,1.00
2015.03.05 15:19:29.937,0.96918,0.96936,1.15,1.57
2015.03.05 15:19:30.294,0.96917,0.96932,3.45,1.00
2015.03.05 15:19:30.448,0.96912,0.96928,1.52,1.00
2015.03.05 15:19:30.501,0.96911,0.96924,2.70,1.00
2015.03.05 15:19:30.604,0.96907,0.96924,1.65,1.00
2015.03.05 15:19:30.758,0.96905,0.96925,2.02,2.32
2015.03.05 15:19:31.419,0.96905,0.96919,1.20,1.00
2015.03.05 15:19:31.572,0.96903,0.96919,1.57,1.00
2015.03.05 15:19:32.080,0.96903,0.96922,1.07,1.65
2015.03.05 15:19:32.181,0.96901,0.96918,4.20,1.00
2015.03.05 15:19:32.232,0.96901,0.96918,1.12,1.20
2015.03.05 15:19:32.335,0.96897,0.96917,1.52,1.15
2015.03.05 15:19:32.793,0.96903,0.96917,1.00,1.27
2015.03.05 15:19:32.945,0.96903,0.96917,1.00,1.20
2015.03.05 15:19:33.453,0.96904,0.96917,1.00,1.10
2015.03.05 15:19:33.859,0.96904,0.96921,1.17,1.10
2015.03.05 15:19:33.911,0.96908,0.96923,1.00,2.02
2015.03.05 15:19:35.428,0.96909,0.96918,1.00,1.00
2015.03.05 15:19:35.479,0.96909,0.96924,1.00,2.02
2015.03.05 15:19:35.584,0.96909,0.96918,1.00,1.00
2015.03.05 15:19:35.635,0.96903,0.96918,5.62,1.00
2015.03.05 15:19:35.686,0.96903,0.9692,4.87,1.87
2015.03.05 15:19:35.737,0.969,0.96918,1.47,1.15
2015.03.05 15:19:36.124,0.969,0.96911,1.00,1.00
2015.03.05 15:19:36.175,0.96893,0.96909,2.32,1.00
2015.03.05 15:19:36.277,0.96889,0.96908,4.50,1.00
2015.03.05 15:19:36.379,0.96887,0.96907,1.15,1.15
2015.03.05 15:19:37.715,0.96887,0.96904,1.15,1.00
2015.03.05 15:19:38.041,0.96887,0.96903,1.10,2.32
2015.03.05 15:19:38.093,0.96884,0.96901,2.32,1.50
2015.03.05 15:19:38.145,0.96881,0.969,1.10,2.32
2015.03.05 15:19:38.248,0.96877,0.96897,1.15,1.65
2015.03.05 15:19:39.888,0.96877,0.96897,1.17,2.32
2015.03.05 15:19:40.295,0.96877,0.96897,1.55,2.32
2015.03.05 15:19:40.448,0.96886,0.96901,1.10,1.00
2015.03.05 15:19:40.601,0.96889,0.96905,1.00,2.32
2015.03.05 15:19:40.754,0.96888,0.96906,1.65,1.17
2015.03.05 15:19:41.256,0.96888,0.96906,1.57,1.15
2015.03.05 15:19:42.744,0.96893,0.96906,1.00,1.15
2015.03.05 15:19:42.897,0.96893,0.9691,1.00,1.17
2015.03.05 15:19:43.354,0.96895,0.96911,1.00,2.32
2015.03.05 15:19:43.406,0.96895,0.96913,1.50,3.45
2015.03.05 15:19:43.509,0.96895,0.96913,1.50,1.27
2015.03.05 15:19:44.773,0.96895,0.96911,1.00,1.00
2015.03.05 15:19:44.875,0.96889,0.96907,1.65,1.10
2015.03.05 15:19:45.181,0.96889,0.96907,1.57,1.15
2015.03.05 15:19:45.588,0.96891,0.96908,1.00,3.07
2015.03.05 15:19:46.101,0.96891,0.96908,1.00,1.17
2015.03.05 15:19:46.406,0.96896,0.96914,1.17,1.17
2015.03.05 15:19:47.219,0.96898,0.96915,1.10,1.17
2015.03.05 15:19:50.203,0.96898,0.9691,1.07,2.25
2015.03.05 15:19:50.257,0.96892,0.9691,1.50,3.07
2015.03.05 15:19:50.665,0.96894,0.96911,1.50,2.32
2015.03.05 15:19:51.110,0.96894,0.96913,1.10,6.00
2015.03.05 15:19:51.957,0.96898,0.96913,1.00,1.15
2015.03.05 15:19:52.060,0.96898,0.96915,1.20,1.17
2015.03.05 15:19:52.162,0.96899,0.96917,1.95,1.17
2015.03.05 15:19:52.265,0.96902,0.9692,1.10,1.15
2015.03.05 15:19:52.781,0.96908,0.96922,1.00,1.17
2015.03.05 15:19:52.883,0.96911,0.96925,1.00,1.10
2015.03.05 15:19:53.191,0.96909,0.96925,1.10,1.10
2015.03.05 15:19:53.243,0.96909,0.96925,3.00,1.00
2015.03.05 15:19:53.956,0.96909,0.96925,1.15,1.00
2015.03.05 15:19:54.463,0.96909,0.96924,1.17,1.00
2015.03.05 15:19:54.514,0.96909,0.96924,1.55,1.00
2015.03.05 15:19:54.776,0.96911,0.96929,1.47,2.40
2015.03.05 15:19:55.293,0.96911,0.96927,1.52,1.50
2015.03.05 15:19:55.800,0.96911,0.96927,1.55,1.00
2015.03.05 15:19:56.787,0.96908,0.96927,1.52,1.17
2015.03.05 15:19:57.562,0.96908,0.96925,1.55,1.00
2015.03.05 15:19:57.816,0.96908,0.96923,2.77,1.00
2015.03.05 15:19:58.122,0.96908,0.9692,2.77,1.00
2015.03.05 15:19:58.477,0.96908,0.96919,3.52,1.00
2015.03.05 15:19:58.681,0.96908,0.96922,1.10,1.00
2015.03.05 15:19:58.834,0.96905,0.96922,1.27,1.57
2015.03.05 15:19:59.139,0.96905,0.9692,1.17,1.00
2015.03.05 15:19:59.190,0.96903,0.9692,1.27,1.10
2015.03.05 15:20:00.239,0.96902,0.96918,1.12,1.17
2015.03.05 15:20:00.857,0.96902,0.96918,1.37,1.17
2015.03.05 15:20:01.010,0.96904,0.9692,1.10,1.10
2015.03.05 15:20:02.792,0.96904,0.96922,1.20,1.15
2015.03.05 15:20:03.301,0.96904,0.96922,2.02,1.17
2015.03.05 15:20:03.911,0.96904,0.96921,1.37,1.15
2015.03.05 15:20:03.962,0.96904,0.96921,1.00,1.65
2015.03.05 15:20:04.318,0.96902,0.96918,1.10,1.10
2015.03.05 15:20:05.809,0.96901,0.96919,1.15,1.10
2015.03.05 15:20:08.407,0.96902,0.96919,3.07,1.00
2015.03.05 15:20:09.080,0.96902,0.96921,3.07,1.10
2015.03.05 15:20:09.386,0.96902,0.96919,3.07,1.00
2015.03.05 15:20:11.709,0.96903,0.96921,1.15,1.10
2015.03.05 15:20:12.219,0.96903,0.96921,3.07,1.00
2015.03.05 15:20:14.561,0.96904,0.9692,1.17,1.00
2015.03.05 15:20:16.243,0.96904,0.96921,1.17,1.10
2015.03.05 15:20:16.950,0.96904,0.96922,3.82,1.00
2015.03.05 15:20:17.260,0.96906,0.96923,3.07,1.00
2015.03.05 15:20:17.566,0.96904,0.9692,1.47,1.10
2015.03.05 15:20:18.074,0.96904,0.9692,1.20,1.00
2015.03.05 15:20:18.984,0.96904,0.96919,1.20,1.00
2015.03.05 15:20:21.584,0.96904,0.9692,1.00,3.00
2015.03.05 15:20:21.843,0.96904,0.96919,1.00,1.20
2015.03.05 15:20:25.020,0.96903,0.96919,1.00,1.20
2015.03.05 15:20:25.226,0.969,0.96917,1.15,1.00
2015.03.05 15:20:25.532,0.96899,0.96913,1.65,1.00
2015.03.05 15:20:26.246,0.969,0.96912,1.10,1.00
2015.03.05 15:20:27.382,0.969,0.9691,1.00,1.00
2015.03.05 15:20:28.095,0.96896,0.9691,1.27,1.00
2015.03.05 15:20:28.197,0.96895,0.9691,1.20,1.00
2015.03.05 15:20:28.454,0.96895,0.96908,1.20,1.00
2015.03.05 15:20:29.404,0.96894,0.96908,1.10,1.00
2015.03.05 15:20:29.710,0.96889,0.96903,1.57,1.00
2015.03.05 15:20:31.682,0.96889,0.96903,3.45,1.00
2015.03.05 15:20:32.212,0.96889,0.96903,2.02,1.00
2015.03.05 15:20:32.721,0.96889,0.96903,1.00,1.10
2015.03.05 15:20:32.772,0.96886,0.96901,1.07,1.10
2015.03.05 15:20:32.824,0.96884,0.96901,1.00,1.20
2015.03.05 15:20:32.875,0.96884,0.96899,1.00,1.00
2015.03.05 15:20:33.180,0.96886,0.96899,1.00,1.00
2015.03.05 15:20:33.586,0.96884,0.96898,1.10,1.00
2015.03.05 15:20:35.182,0.96884,0.96898,1.27,1.00
2015.03.05 15:20:37.049,0.96884,0.96898,1.12,1.00
2015.03.05 15:20:37.554,0.96884,0.96899,1.10,1.00
2015.03.05 15:20:38.078,0.96884,0.96898,1.10,1.00
2015.03.05 15:20:40.512,0.96883,0.96898,1.00,1.10
2015.03.05 15:20:40.715,0.96883,0.96895,1.00,1.00
2015.03.05 15:20:40.818,0.96881,0.96895,1.00,1.10
2015.03.05 15:20:41.022,0.96881,0.96893,1.00,1.00
2015.03.05 15:20:41.073,0.96879,0.96893,1.00,1.00
2015.03.05 15:20:41.429,0.96876,0.96893,1.17,1.10
2015.03.05 15:20:42.040,0.96878,0.96893,1.00,1.10
2015.03.05 15:20:42.346,0.96877,0.96891,1.10,1.00
2015.03.05 15:20:42.702,0.96875,0.96891,1.00,1.17
2015.03.05 15:20:42.855,0.96871,0.96886,2.70,1.00
2015.03.05 15:20:43.365,0.9687,0.96886,2.70,1.00
2015.03.05 15:20:43.720,0.96868,0.96886,3.45,1.00
2015.03.05 15:20:46.614,0.9687,0.96886,2.70,1.00
2015.03.05 15:20:46.665,0.96874,0.96888,1.00,1.00
2015.03.05 15:20:48.539,0.96875,0.96888,1.00,1.00
2015.03.05 15:20:48.590,0.96875,0.9689,1.00,1.10
2015.03.05 15:20:48.794,0.96877,0.96892,1.00,1.10
2015.03.05 15:20:52.675,0.96877,0.96893,1.10,1.10
2015.03.05 15:20:53.288,0.96878,0.96893,1.00,1.10
2015.03.05 15:20:54.331,0.96877,0.96893,1.57,1.10
2015.03.05 15:20:55.133,0.96877,0.96893,1.65,1.00
2015.03.05 15:20:55.235,0.96878,0.96895,1.17,1.10
2015.03.05 15:20:56.155,0.96881,0.96895,1.00,1.00
2015.03.05 15:20:56.207,0.96881,0.96899,1.00,1.65
2015.03.05 15:20:56.260,0.96882,0.96899,3.07,1.00
2015.03.05 15:20:56.567,0.96883,0.96901,1.17,1.57
2015.03.05 15:20:57.236,0.96884,0.96898,1.00,1.17
2015.03.05 15:20:57.389,0.96879,0.96895,1.15,1.00
2015.03.05 15:20:57.906,0.9688,0.96895,1.10,1.00
2015.03.05 15:21:00.388,0.96876,0.96891,1.00,1.10
2015.03.05 15:21:00.693,0.9687,0.96886,1.00,1.65
2015.03.05 15:21:01.202,0.96869,0.96886,1.10,1.17
2015.03.05 15:21:01.710,0.9687,0.96886,1.10,1.10
2015.03.05 15:21:02.015,0.9687,0.96884,1.00,1.00
2015.03.05 15:21:02.937,0.96869,0.96884,1.10,1.00
2015.03.05 15:21:05.813,0.96869,0.96882,1.00,1.00
2015.03.05 15:21:06.831,0.96868,0.96882,1.00,1.10
2015.03.05 15:21:08.125,0.96868,0.96884,1.00,1.07
2015.03.05 15:21:08.482,0.9687,0.96884,1.00,1.07
2015.03.05 15:21:08.992,0.96869,0.96884,1.00,1.00
2015.03.05 15:21:14.228,0.96869,0.96886,1.00,1.15
2015.03.05 15:21:14.750,0.9687,0.96886,1.00,1.15
2015.03.05 15:21:18.250,0.9687,0.96886,1.50,3.07
2015.03.05 15:21:18.352,0.9687,0.96886,1.50,1.20
2015.03.05 15:21:19.318,0.96871,0.96886,1.00,1.20
2015.03.05 15:21:19.827,0.96872,0.96886,1.00,1.10
2015.03.05 15:21:20.341,0.96871,0.96886,1.50,1.10
2015.03.05 15:21:20.912,0.96872,0.96888,1.00,1.15
2015.03.05 15:21:21.319,0.96874,0.96889,1.00,3.00
2015.03.05 15:21:21.370,0.96874,0.96889,1.00,1.10
2015.03.05 15:21:21.574,0.96876,0.96889,1.00,1.10
2015.03.05 15:21:21.777,0.96876,0.96891,1.00,1.10
2015.03.05 15:21:23.711,0.96875,0.96891,1.00,1.17
2015.03.05 15:21:24.505,0.96876,0.96891,1.00,1.17
2015.03.05 15:21:24.994,0.96877,0.96893,1.00,1.65
2015.03.05 15:21:25.147,0.96875,0.96891,1.12,1.20
2015.03.05 15:21:25.351,0.96874,0.96889,1.00,1.00
2015.03.05 15:21:25.860,0.96873,0.96889,1.10,1.10
2015.03.05 15:21:29.384,0.96873,0.96889,1.10,1.17
2015.03.05 15:21:29.891,0.96873,0.96889,1.00,1.15
2015.03.05 15:21:31.335,0.96871,0.96889,1.47,1.15
2015.03.05 15:21:34.022,0.96875,0.96887,1.00,1.10
2015.03.05 15:21:34.074,0.96875,0.96891,1.00,1.17
2015.03.05 15:21:35.724,0.96874,0.96891,1.10,1.17
2015.03.05 15:21:36.232,0.96875,0.96891,1.00,1.17
2015.03.05 15:21:39.655,0.96875,0.96892,1.20,1.00
2015.03.05 15:21:43.238,0.96876,0.96892,1.00,1.00
2015.03.05 15:21:45.049,0.96877,0.96892,1.00,1.00
2015.03.05 15:21:47.594,0.96876,0.96892,1.00,1.00
2015.03.05 15:21:48.429,0.96875,0.96892,1.20,1.00
2015.03.05 15:21:50.061,0.96874,0.96891,1.65,1.10
2015.03.05 15:21:50.569,0.96876,0.96894,1.57,1.15
2015.03.05 15:21:51.075,0.96877,0.96894,1.10,1.17
2015.03.05 15:21:51.583,0.96877,0.96894,1.00,1.15
2015.03.05 15:21:53.085,0.96876,0.96894,1.10,1.15
2015.03.05 15:22:00.479,0.96878,0.96894,1.00,1.15
2015.03.05 15:22:00.783,0.96884,0.96898,3.07,1.37
2015.03.05 15:22:00.885,0.96885,0.96898,2.32,1.00
2015.03.05 15:22:00.936,0.96886,0.96901,1.15,1.00
2015.03.05 15:22:00.987,0.96888,0.96901,2.32,1.00
2015.03.05 15:22:01.038,0.96889,0.96904,1.15,1.50
2015.03.05 15:22:01.191,0.96891,0.96904,1.15,1.00
2015.03.05 15:22:01.244,0.96891,0.96906,3.07,1.00
2015.03.05 15:22:01.346,0.96894,0.96906,1.15,1.00
2015.03.05 15:22:01.397,0.96894,0.96909,3.07,1.00
2015.03.05 15:22:02.605,0.96894,0.96909,1.10,1.00
2015.03.05 15:22:04.861,0.96894,0.96912,3.07,2.62
2015.03.05 15:22:05.432,0.96894,0.96911,1.27,1.10
2015.03.05 15:22:05.941,0.96894,0.96911,1.20,1.17
2015.03.05 15:22:06.413,0.96894,0.96911,1.00,2.32
2015.03.05 15:22:06.821,0.96894,0.96912,1.10,2.40
2015.03.05 15:22:10.114,0.96895,0.96912,1.00,2.40
2015.03.05 15:22:11.568,0.96896,0.96912,1.00,2.40
2015.03.05 15:22:14.301,0.969,0.96912,1.00,1.07
2015.03.05 15:22:14.403,0.969,0.96916,1.00,1.15
2015.03.05 15:22:14.608,0.969,0.96918,1.10,2.40
2015.03.05 15:22:15.115,0.96901,0.96918,1.10,1.65
2015.03.05 15:22:15.217,0.96901,0.96919,1.65,1.10
2015.03.05 15:22:15.750,0.96901,0.96918,1.15,1.00
2015.03.05 15:22:17.038,0.96904,0.96919,1.00,1.10
2015.03.05 15:22:19.385,0.96904,0.96918,1.00,1.00
2015.03.05 15:22:27.365,0.96907,0.96919,1.00,1.10
2015.03.05 15:22:27.518,0.96907,0.96921,1.10,1.00
2015.03.05 15:22:28.327,0.96907,0.96922,1.10,1.00
2015.03.05 15:22:28.853,0.96909,0.96923,1.00,1.10
2015.03.05 15:22:29.312,0.96909,0.96926,1.17,1.10
2015.03.05 15:22:29.820,0.96911,0.96926,1.00,1.10
2015.03.05 15:22:31.624,0.96911,0.96927,1.10,1.10
2015.03.05 15:22:33.274,0.96911,0.96926,1.10,1.00
2015.03.05 15:22:36.465,0.96911,0.96929,1.17,1.07
2015.03.05 15:22:36.516,0.96915,0.96929,1.00,1.00
2015.03.05 15:22:37.293,0.96913,0.96929,1.00,1.00
2015.03.05 15:22:38.807,0.96916,0.96929,1.00,1.00
2015.03.05 15:22:39.010,0.96922,0.96936,1.00,1.00
2015.03.05 15:22:39.164,0.96922,0.96941,1.17,1.52
2015.03.05 15:22:40.808,0.96925,0.96941,1.10,1.57
2015.03.05 15:22:41.317,0.96926,0.96944,1.00,3.82
2015.03.05 15:22:42.154,0.96926,0.96943,1.00,2.32
2015.03.05 15:22:42.672,0.96926,0.96942,1.00,2.32
2015.03.05 15:22:43.972,0.96926,0.96938,1.00,1.00
2015.03.05 15:22:45.639,0.96923,0.96938,1.10,1.00
2015.03.05 15:22:45.690,0.96923,0.96934,1.10,1.00
2015.03.05 15:22:45.741,0.96921,0.96934,1.00,1.00
2015.03.05 15:22:45.843,0.96919,0.96934,1.10,1.00
2015.03.05 15:22:46.351,0.9692,0.96934,1.12,1.10
2015.03.05 15:22:47.525,0.9692,0.96933,1.12,1.00
2015.03.05 15:22:52.331,0.96919,0.96933,1.00,1.00
2015.03.05 15:22:54.154,0.96919,0.96934,1.00,1.10
2015.03.05 15:22:54.511,0.96916,0.96934,1.37,1.65
2015.03.05 15:22:59.484,0.96917,0.96931,1.00,1.00
2015.03.05 15:23:00.026,0.96916,0.96931,1.00,1.10
2015.03.05 15:23:00.590,0.96916,0.96931,1.00,1.17
2015.03.05 15:23:01.302,0.96916,0.96931,1.37,1.17
2015.03.05 15:23:01.978,0.96916,0.96931,1.37,1.10
2015.03.05 15:23:03.288,0.96916,0.96931,1.00,1.10
2015.03.05 15:23:03.644,0.96919,0.96931,1.00,1.10
2015.03.05 15:23:04.153,0.96918,0.96931,1.00,1.00
2015.03.05 15:23:06.656,0.96918,0.9693,1.00,1.00
2015.03.05 15:23:07.062,0.96916,0.9693,1.10,1.00
2015.03.05 15:23:07.164,0.96919,0.9693,1.00,1.00
2015.03.05 15:23:10.182,0.96919,0.96932,1.00,1.00
2015.03.05 15:23:10.386,0.96923,0.96934,1.00,1.00
2015.03.05 15:23:11.874,0.96924,0.9693,1.00,1.00
2015.03.05 15:23:11.925,0.96914,0.9693,1.47,1.10
2015.03.05 15:23:16.042,0.96916,0.96929,1.00,1.00
2015.03.05 15:23:16.093,0.96912,0.96929,1.37,1.17
2015.03.05 15:23:16.195,0.96912,0.9693,1.12,3.82
2015.03.05 15:23:16.704,0.96909,0.96926,1.65,1.00
2015.03.05 15:23:17.631,0.96911,0.96929,1.20,1.17
2015.03.05 15:23:18.188,0.96913,0.96931,1.10,1.15
2015.03.05 15:23:20.256,0.96914,0.96932,1.00,3.82
2015.03.05 15:23:20.561,0.96917,0.96934,1.00,2.32
2015.03.05 15:23:21.087,0.96917,0.96935,1.00,4.57
2015.03.05 15:23:23.335,0.96917,0.96934,1.00,2.32
2015.03.05 15:23:23.925,0.96917,0.96935,1.00,4.57
2015.03.05 15:23:29.188,0.96917,0.96931,1.00,1.00
2015.03.05 15:23:30.208,0.96917,0.9693,1.00,1.10
2015.03.05 15:23:30.726,0.96916,0.9693,1.00,1.10
2015.03.05 15:23:32.019,0.96914,0.96928,1.00,1.17
2015.03.05 15:23:32.535,0.96914,0.96928,1.00,1.00
2015.03.05 15:23:33.059,0.96913,0.96928,1.10,1.00
2015.03.05 15:23:33.364,0.96913,0.96926,1.00,1.00
2015.03.05 15:23:37.251,0.96913,0.9693,1.00,2.32
2015.03.05 15:23:39.463,0.96913,0.96929,1.12,3.07
2015.03.05 15:23:39.778,0.9691,0.96927,1.37,2.32
2015.03.05 15:23:42.508,0.96912,0.96928,1.00,1.15
2015.03.05 15:23:43.584,0.96911,0.96928,1.12,1.15
2015.03.05 15:23:44.043,0.96911,0.96924,1.12,1.00
2015.03.05 15:23:45.037,0.96911,0.96928,1.12,1.15
2015.03.05 15:23:45.597,0.96911,0.96927,1.12,2.32
2015.03.05 15:23:46.108,0.96909,0.96927,1.47,3.82
2015.03.05 15:23:46.416,0.96909,0.96922,1.00,1.10
2015.03.05 15:23:46.921,0.96908,0.96922,1.37,1.17
2015.03.05 15:23:48.211,0.96909,0.96922,1.37,1.00
2015.03.05 15:24:09.059,0.96908,0.96922,1.00,1.00
2015.03.05 15:24:09.160,0.9691,0.96925,1.00,1.17
2015.03.05 15:24:12.579,0.9691,0.96925,1.00,3.07
2015.03.05 15:24:12.681,0.9691,0.96925,1.00,1.15
2015.03.05 15:24:13.453,0.96914,0.96925,1.00,1.10
2015.03.05 15:24:13.555,0.96914,0.96929,1.10,1.00
2015.03.05 15:24:14.169,0.96916,0.96932,1.00,1.15
2015.03.05 15:24:14.677,0.96916,0.96932,1.00,1.17
2015.03.05 15:24:15.369,0.96922,0.96932,1.00,1.10
2015.03.05 15:24:15.420,0.96922,0.96937,1.00,2.32
2015.03.05 15:24:15.522,0.96922,0.96938,1.00,1.15
2015.03.05 15:24:17.799,0.96921,0.96938,1.00,1.65
2015.03.05 15:24:19.677,0.96922,0.96938,3.00,1.07
2015.03.05 15:24:19.728,0.96922,0.9694,3.07,1.00
2015.03.05 15:24:19.830,0.96921,0.96939,2.02,1.00
2015.03.05 15:24:20.369,0.96922,0.9694,1.57,1.20
2015.03.05 15:24:21.755,0.96923,0.96941,1.27,1.65
2015.03.05 15:24:22.307,0.96923,0.96941,2.02,1.10
2015.03.05 15:24:23.529,0.9693,0.96944,1.00,2.32
2015.03.05 15:24:23.631,0.96932,0.96948,1.00,1.17
2015.03.05 15:24:24.007,0.9693,0.96947,1.95,2.25
2015.03.05 15:24:25.303,0.96927,0.96944,1.57,2.25
2015.03.05 15:24:25.621,0.96927,0.96942,1.00,2.32
2015.03.05 15:24:25.774,0.96927,0.96945,1.87,3.07
2015.03.05 15:24:27.684,0.96927,0.96945,1.87,3.07
2015.03.05 15:24:29.816,0.96927,0.96945,1.50,3.07
2015.03.05 15:24:31.581,0.96929,0.96945,1.00,3.07
2015.03.05 15:24:31.988,0.96928,0.9694,1.00,1.07
2015.03.05 15:24:32.191,0.96925,0.96941,2.32,1.10
2015.03.05 15:24:32.293,0.96924,0.96938,1.12,2.25
2015.03.05 15:24:32.649,0.96922,0.96938,1.12,2.32
2015.03.05 15:24:34.101,0.96922,0.96936,1.00,3.07
2015.03.05 15:24:34.405,0.96917,0.9693,1.00,1.00
2015.03.05 15:24:34.913,0.96916,0.96933,1.50,2.32
2015.03.05 15:24:35.417,0.96916,0.96933,1.50,2.32
2015.03.05 15:24:38.999,0.96915,0.9693,1.50,1.07
2015.03.05 15:24:39.354,0.96915,0.96932,1.50,3.07
2015.03.05 15:24:39.862,0.96916,0.96932,1.37,3.07
2015.03.05 15:24:40.065,0.96914,0.96932,1.00,3.82
2015.03.05 15:24:40.572,0.96914,0.96931,1.00,2.32
2015.03.05 15:24:40.927,0.96913,0.96927,1.00,1.07
2015.03.05 15:24:41.334,0.96909,0.96926,1.50,2.32
2015.03.05 15:24:42.696,0.96908,0.96922,1.57,2.25
2015.03.05 15:24:43.204,0.96906,0.96922,1.87,3.07
2015.03.05 15:24:43.718,0.96906,0.96921,1.87,3.07
2015.03.05 15:24:43.976,0.96904,0.96918,1.00,1.57
2015.03.05 15:24:44.028,0.969,0.96916,1.50,2.32
2015.03.05 15:24:44.334,0.96899,0.96914,1.75,2.32
2015.03.05 15:24:44.771,0.96895,0.96908,1.10,1.00
2015.03.05 15:24:44.822,0.96889,0.96905,1.37,3.07
2015.03.05 15:24:45.331,0.96887,0.96902,3.00,1.17
2015.03.05 15:24:45.484,0.96887,0.96902,2.25,1.17
2015.03.05 15:24:46.712,0.96889,0.96902,1.00,1.17
2015.03.05 15:24:47.017,0.96891,0.96904,1.12,2.32
2015.03.05 15:24:47.119,0.96891,0.96907,1.12,3.07
2015.03.05 15:24:47.627,0.9689,0.96907,1.87,3.07
2015.03.05 15:24:47.728,0.9689,0.96905,1.87,2.32
2015.03.05 15:24:48.347,0.9689,0.96905,2.25,2.32
2015.03.05 15:24:48.449,0.9689,0.96907,1.87,1.15
2015.03.05 15:24:48.551,0.9689,0.96906,1.37,2.32
2015.03.05 15:24:48.856,0.9689,0.96906,1.37,1.15
2015.03.05 15:24:55.323,0.9689,0.96905,1.50,1.17
2015.03.05 15:24:55.834,0.9689,0.96905,1.57,1.15
2015.03.05 15:24:59.483,0.96893,0.96908,2.32,1.00
2015.03.05 15:24:59.946,0.96908,0.96915,1.07,2.17
2015.03.05 15:24:59.997,0.96908,0.96928,1.15,1.15
2015.03.05 15:25:00.048,0.96908,0.96923,1.15,1.00
2015.03.05 15:25:00.354,0.96911,0.96925,3.07,1.00
2015.03.05 15:25:00.864,0.96911,0.96926,2.32,1.00
2015.03.05 15:25:01.391,0.9691,0.96926,2.32,1.00
2015.03.05 15:25:01.443,0.96908,0.96926,3.07,1.00
2015.03.05 15:25:01.911,0.96912,0.96926,2.25,1.00
2015.03.05 15:25:02.480,0.96912,0.96927,2.32,1.50
2015.03.05 15:25:02.582,0.96912,0.96929,2.32,1.00
2015.03.05 15:25:02.633,0.96914,0.96929,2.32,1.00
2015.03.05 15:25:02.684,0.96916,0.96932,1.17,1.00
2015.03.05 15:25:02.735,0.96917,0.96932,2.25,1.00
2015.03.05 15:25:02.786,0.96917,0.96934,2.32,1.00
2015.03.05 15:25:02.989,0.96918,0.96936,2.32,1.50
2015.03.05 15:25:03.041,0.96918,0.96933,2.32,1.00
2015.03.05 15:25:03.549,0.96918,0.96934,2.32,1.00
2015.03.05 15:25:04.806,0.96917,0.96934,2.32,1.00
2015.03.05 15:25:05.315,0.96916,0.96934,3.82,1.00
2015.03.05 15:25:13.744,0.96918,0.96934,2.32,1.00
2015.03.05 15:25:14.252,0.96919,0.96934,2.32,1.00
2015.03.05 15:25:15.226,0.96919,0.96933,2.32,1.00
2015.03.05 15:25:15.894,0.96918,0.96933,2.32,1.00
2015.03.05 15:25:16.605,0.96917,0.96933,2.32,1.00
2015.03.05 15:25:17.649,0.96917,0.96932,2.32,1.00
2015.03.05 15:25:18.007,0.96914,0.96931,2.32,1.50
2015.03.05 15:25:21.423,0.96916,0.96933,4.50,1.50
2015.03.05 15:25:21.934,0.96919,0.96933,2.32,1.00
2015.03.05 15:25:22.449,0.9692,0.96935,2.32,1.00
2015.03.05 15:25:24.935,0.96917,0.96934,2.32,1.00
2015.03.05 15:25:26.796,0.96917,0.96935,3.07,1.50
2015.03.05 15:25:26.848,0.96917,0.9693,3.07,1.00
2015.03.05 15:25:26.949,0.96911,0.96924,1.10,1.00
2015.03.05 15:25:29.527,0.96908,0.96923,2.32,1.00
2015.03.05 15:25:30.043,0.96907,0.96923,2.32,1.00
2015.03.05 15:25:30.145,0.96906,0.96923,1.15,1.00
2015.03.05 15:25:30.312,0.96905,0.9692,2.32,1.00
2015.03.05 15:25:30.822,0.96904,0.96921,2.32,1.00
2015.03.05 15:25:31.963,0.96907,0.96923,1.10,1.10
2015.03.05 15:25:32.473,0.96907,0.96923,1.17,1.00
2015.03.05 15:25:38.034,0.96905,0.96918,3.07,1.00
2015.03.05 15:25:39.404,0.96905,0.96913,3.07,1.00
2015.03.05 15:25:39.557,0.96903,0.96911,1.00,1.00
2015.03.05 15:25:39.608,0.96903,0.96913,1.00,1.00
2015.03.05 15:25:42.002,0.96903,0.96912,1.00,1.00
2015.03.05 15:25:42.689,0.96903,0.96913,1.00,1.00
2015.03.05 15:25:44.515,0.96903,0.96915,1.10,1.00
2015.03.05 15:25:44.973,0.96902,0.96917,3.07,1.00
2015.03.05 15:25:45.076,0.96903,0.9692,1.15,1.00
2015.03.05 15:25:45.685,0.96903,0.96914,1.17,1.00
2015.03.05 15:25:46.490,0.96901,0.96914,1.27,1.00
2015.03.05 15:25:47.765,0.969,0.96914,1.00,1.00
2015.03.05 15:25:48.279,0.96899,0.96914,1.10,1.00
2015.03.05 15:25:50.321,0.96901,0.96914,1.00,1.00
2015.03.05 15:25:50.626,0.96901,0.96911,1.00,1.00
2015.03.05 15:25:50.830,0.96901,0.96915,1.00,1.00
2015.03.05 15:25:51.337,0.96902,0.96915,1.20,1.00
2015.03.05 15:25:52.702,0.96901,0.96911,1.00,1.00
2015.03.05 15:25:53.509,0.96902,0.96911,1.00,1.00
2015.03.05 15:25:54.658,0.96899,0.96911,1.17,1.00
2015.03.05 15:25:57.993,0.96896,0.9691,2.32,1.00
2015.03.05 15:25:58.509,0.96898,0.9691,1.15,1.00
2015.03.05 15:26:01.678,0.969,0.96912,1.05,1.00
2015.03.05 15:26:01.729,0.96903,0.96912,1.57,1.00
2015.03.05 15:26:01.780,0.96907,0.9692,1.00,1.00
2015.03.05 15:26:01.831,0.96907,0.9692,3.00,1.00
2015.03.05 15:26:02.248,0.96912,0.9692,2.32,1.00
2015.03.05 15:26:02.302,0.96913,0.96927,3.07,1.00
2015.03.05 15:26:02.719,0.96914,0.96929,2.32,1.00
2015.03.05 15:26:03.227,0.96913,0.96929,3.07,1.00
2015.03.05 15:26:03.763,0.96913,0.9693,3.07,1.00
2015.03.05 15:26:04.018,0.96915,0.9693,2.32,1.50
2015.03.05 15:26:04.425,0.96915,0.96928,1.15,1.00
2015.03.05 15:26:04.961,0.96914,0.96928,1.15,1.00
2015.03.05 15:26:05.732,0.96915,0.9693,1.17,1.00
2015.03.05 15:26:10.123,0.96916,0.96928,1.00,1.00
2015.03.05 15:26:12.136,0.96913,0.96928,1.17,1.00
2015.03.05 15:26:15.351,0.96913,0.96926,1.17,1.00
2015.03.05 15:26:19.641,0.96911,0.96926,1.65,1.00
2015.03.05 15:26:20.048,0.96912,0.96925,1.15,1.00
2015.03.05 15:26:20.582,0.96912,0.96926,1.17,1.00
2015.03.05 15:26:21.127,0.96912,0.96926,1.17,1.00
2015.03.05 15:26:21.880,0.96912,0.96924,1.17,1.00
2015.03.05 15:26:24.045,0.96911,0.96924,1.17,1.00
2015.03.05 15:26:24.553,0.96912,0.96924,1.17,1.00
2015.03.05 15:26:25.478,0.9691,0.9692,2.25,1.00
2015.03.05 15:26:25.529,0.96909,0.9692,1.00,1.00
2015.03.05 15:26:26.042,0.96908,0.9692,1.00,1.00
2015.03.05 15:26:26.855,0.96907,0.9692,1.10,1.00
2015.03.05 15:26:27.210,0.96907,0.96918,1.10,1.00
2015.03.05 15:26:27.515,0.96905,0.96916,1.00,1.00
2015.03.05 15:26:27.922,0.96905,0.96911,1.00,1.00
2015.03.05 15:26:28.178,0.96903,0.96911,1.00,1.00
2015.03.05 15:26:30.851,0.96906,0.96915,1.00,1.00
2015.03.05 15:26:31.059,0.96906,0.96917,1.00,1.00
2015.03.05 15:26:31.638,0.96905,0.96917,1.00,1.00
2015.03.05 15:26:32.479,0.96905,0.96916,1.00,1.00
2015.03.05 15:26:33.341,0.96906,0.96916,1.00,1.00
2015.03.05 15:26:33.544,0.969,0.96916,3.07,1.00
2015.03.05 15:26:33.646,0.969,0.96913,1.17,1.00
2015.03.05 15:26:34.159,0.96902,0.96913,1.00,1.00
2015.03.05 15:26:34.669,0.96903,0.96913,1.00,1.00
2015.03.05 15:26:35.265,0.96902,0.96913,1.10,1.00
2015.03.05 15:26:39.390,0.969,0.96911,1.15,1.00
2015.03.05 15:26:39.441,0.969,0.96911,1.10,1.00
2015.03.05 15:26:39.847,0.96897,0.96903,2.17,1.00
2015.03.05 15:26:39.899,0.96889,0.96901,2.70,1.00
2015.03.05 15:26:40.154,0.96884,0.96901,2.32,1.00
2015.03.05 15:26:40.205,0.96884,0.96898,2.32,1.00
2015.03.05 15:26:41.088,0.96882,0.96898,6.00,1.00
2015.03.05 15:26:43.930,0.96882,0.96895,3.82,1.00
2015.03.05 15:26:44.959,0.96882,0.96895,1.15,1.00
2015.03.05 15:26:46.938,0.96881,0.96894,3.07,1.00
2015.03.05 15:26:53.002,0.96881,0.96894,1.45,1.00
2015.03.05 15:26:53.053,0.96884,0.96894,1.00,1.00
2015.03.05 15:26:53.257,0.96883,0.96896,1.52,1.00
2015.03.05 15:26:53.765,0.96884,0.96897,1.20,1.00
2015.03.05 15:26:59.437,0.96884,0.96897,1.07,1.00
2015.03.05 15:27:04.642,0.96882,0.96897,3.30,1.00
2015.03.05 15:27:05.152,0.96882,0.96896,1.45,1.00
2015.03.05 15:27:10.449,0.96882,0.96895,1.12,1.00
2015.03.05 15:27:10.551,0.96881,0.96895,1.20,1.00
2015.03.05 15:27:10.653,0.96881,0.96893,1.10,1.00
2015.03.05 15:27:12.087,0.96879,0.96893,1.17,1.00
2015.03.05 15:27:12.392,0.96878,0.9689,1.27,1.00
2015.03.05 15:27:13.205,0.96879,0.9689,2.32,1.00
2015.03.05 15:27:13.722,0.9688,0.9689,2.32,1.00
2015.03.05 15:27:15.374,0.9688,0.96889,2.32,1.00
2015.03.05 15:27:15.780,0.96878,0.96888,3.07,1.00
2015.03.05 15:27:17.221,0.96877,0.96887,2.32,1.00
2015.03.05 15:27:17.273,0.96876,0.96887,1.15,1.00
2015.03.05 15:27:19.872,0.96875,0.96885,2.70,1.00
2015.03.05 15:27:20.412,0.96876,0.96885,1.45,1.00
2015.03.05 15:27:21.154,0.96876,0.96886,1.45,1.00
2015.03.05 15:27:25.369,0.96875,0.96885,1.17,1.00
2015.03.05 15:27:25.420,0.96874,0.96885,1.17,1.00
2015.03.05 15:27:25.876,0.96873,0.96883,1.15,1.00
2015.03.05 15:27:26.180,0.96871,0.9688,2.32,1.00
2015.03.05 15:27:26.231,0.96869,0.9688,4.20,1.00
2015.03.05 15:27:27.271,0.96868,0.9688,4.57,1.00
2015.03.05 15:27:27.425,0.96867,0.96878,3.82,1.00
2015.03.05 15:27:27.528,0.96864,0.96875,1.55,1.00
2015.03.05 15:27:27.579,0.96862,0.96871,3.45,1.00
2015.03.05 15:27:28.088,0.96861,0.9687,2.32,1.00
2015.03.05 15:27:28.990,0.9686,0.96868,2.70,1.00
2015.03.05 15:27:29.041,0.96859,0.96868,2.02,1.00
2015.03.05 15:27:30.182,0.96859,0.96868,1.15,1.00
2015.03.05 15:27:30.690,0.96859,0.96868,1.00,1.00
2015.03.05 15:27:32.530,0.96859,0.96868,2.40,1.00
2015.03.05 15:27:36.604,0.96859,0.96869,3.15,1.00
2015.03.05 15:27:40.995,0.96868,0.96875,1.50,1.00
2015.03.05 15:27:41.046,0.96868,0.96875,1.50,1.00
2015.03.05 15:27:41.148,0.96865,0.96876,1.17,1.00
2015.03.05 15:27:41.250,0.96869,0.96878,1.00,1.00
2015.03.05 15:27:41.454,0.96867,0.9688,1.15,1.00
2015.03.05 15:27:43.641,0.96866,0.96878,3.82,1.00
2015.03.05 15:27:44.453,0.96864,0.96878,4.57,1.00
2015.03.05 15:27:44.555,0.96864,0.96876,1.27,1.00
2015.03.05 15:27:45.369,0.96864,0.96874,1.27,1.00
2015.03.05 15:27:45.879,0.96864,0.96874,1.20,1.00
2015.03.05 15:27:51.790,0.96864,0.96873,1.10,1.00
2015.03.05 15:27:54.930,0.96864,0.96871,1.10,1.00
2015.03.05 15:27:55.438,0.96864,0.96873,1.00,1.00
2015.03.05 15:27:59.754,0.96864,0.96876,1.10,1.00
2015.03.05 15:28:00.261,0.96864,0.96876,1.17,1.00
2015.03.05 15:28:05.449,0.96864,0.96877,1.15,1.00
2015.03.05 15:28:05.973,0.96863,0.96876,1.17,1.00
2015.03.05 15:28:07.472,0.96864,0.96874,1.10,1.00
2015.03.05 15:28:11.022,0.96863,0.96874,1.15,1.00
2015.03.05 15:28:21.921,0.96863,0.96875,1.15,1.00
2015.03.05 15:28:28.992,0.96864,0.96874,1.17,1.00
2015.03.05 15:28:30.998,0.96863,0.96876,1.65,1.00
2015.03.05 15:28:31.505,0.96865,0.96876,1.17,1.00
2015.03.05 15:28:32.039,0.96863,0.96876,1.65,1.00
2015.03.05 15:28:36.687,0.96865,0.96882,1.10,1.17
2015.03.05 15:28:37.196,0.9687,0.96882,1.00,1.10
2015.03.05 15:28:37.501,0.96876,0.96888,2.32,1.00
2015.03.05 15:28:37.806,0.96876,0.96889,5.32,1.00
2015.03.05 15:28:38.009,0.96879,0.96891,1.10,1.00
2015.03.05 15:28:38.467,0.96882,0.96891,1.10,1.00
2015.03.05 15:28:38.826,0.96878,0.96889,3.07,1.00
2015.03.05 15:28:38.928,0.96878,0.96889,1.17,1.00
2015.03.05 15:28:39.436,0.96879,0.96895,1.00,1.17
2015.03.05 15:28:39.639,0.96879,0.96889,1.00,1.00
2015.03.05 15:28:40.150,0.96877,0.96895,2.40,1.65
2015.03.05 15:28:40.657,0.96879,0.96895,1.00,1.17
2015.03.05 15:28:41.289,0.96879,0.96896,1.57,1.15
2015.03.05 15:28:41.441,0.96879,0.96889,1.10,1.00
2015.03.05 15:28:41.950,0.96878,0.96891,1.17,1.00
2015.03.05 15:28:42.001,0.96879,0.96891,1.07,1.00
2015.03.05 15:28:42.052,0.96881,0.96897,1.10,1.10
2015.03.05 15:28:42.103,0.96884,0.969,1.00,1.15
2015.03.05 15:28:42.705,0.96882,0.969,1.57,1.65
2015.03.05 15:28:43.061,0.96881,0.96891,1.17,1.00
2015.03.05 15:28:43.875,0.96879,0.96889,1.92,1.00
2015.03.05 15:28:43.977,0.9688,0.96896,1.57,1.10
2015.03.05 15:28:44.795,0.9688,0.96897,2.25,3.07
2015.03.05 15:28:45.821,0.9688,0.96897,2.32,1.07
2015.03.05 15:28:46.401,0.9688,0.96897,1.95,1.07
2015.03.05 15:28:47.907,0.96881,0.96899,1.27,1.17
2015.03.05 15:28:50.093,0.96881,0.9689,1.45,1.00
2015.03.05 15:28:50.601,0.96881,0.96891,1.37,1.00
2015.03.05 15:28:52.440,0.96879,0.96891,2.32,1.00
2015.03.05 15:28:53.374,0.96881,0.96891,1.00,1.00
2015.03.05 15:28:53.526,0.96884,0.96898,1.00,1.10
2015.03.05 15:28:54.968,0.96882,0.969,1.57,1.15
2015.03.05 15:28:55.019,0.96882,0.969,1.65,1.10
2015.03.05 15:28:55.528,0.96882,0.969,1.90,1.10
2015.03.05 15:28:56.645,0.96884,0.96894,1.47,1.00
2015.03.05 15:28:58.492,0.96883,0.96893,1.27,1.00
2015.03.05 15:29:01.408,0.96881,0.96893,3.82,1.00
2015.03.05 15:29:01.562,0.96882,0.96899,1.90,1.00
2015.03.05 15:29:02.073,0.96882,0.96899,1.85,1.17
2015.03.05 15:29:03.450,0.96881,0.96898,1.85,1.17
2015.03.05 15:29:03.603,0.96881,0.96893,1.85,1.00
2015.03.05 15:29:05.741,0.96879,0.9689,2.40,1.00
2015.03.05 15:29:06.098,0.96879,0.96892,2.40,1.00
2015.03.05 15:29:06.708,0.96882,0.96898,1.50,1.17
2015.03.05 15:29:11.062,0.96882,0.969,2.32,1.07
2015.03.05 15:29:13.347,0.96882,0.969,2.32,1.57
2015.03.05 15:29:13.968,0.96882,0.969,2.40,1.00
2015.03.05 15:29:15.292,0.96882,0.969,1.27,1.00
2015.03.05 15:29:16.516,0.96884,0.969,2.32,1.00
2015.03.05 15:29:16.960,0.96884,0.96893,2.32,1.00
2015.03.05 15:29:23.201,0.96887,0.96898,1.57,1.00
2015.03.05 15:29:23.253,0.96892,0.96907,2.32,1.00
2015.03.05 15:29:23.650,0.96892,0.969,2.32,1.00
2015.03.05 15:29:27.655,0.9689,0.969,4.87,1.00
2015.03.05 15:29:30.120,0.96893,0.96902,1.20,1.00
2015.03.05 15:29:30.171,0.96902,0.96912,2.32,1.00
2015.03.05 15:29:30.480,0.96908,0.96922,2.32,2.25
2015.03.05 15:29:30.950,0.9691,0.96922,2.32,1.00
2015.03.05 15:29:31.755,0.96915,0.9693,2.32,1.65
2015.03.05 15:29:32.065,0.96915,0.96932,2.32,1.00
2015.03.05 15:29:33.563,0.9691,0.96918,1.00,2.32
2015.03.05 15:29:33.614,0.9691,0.96917,1.00,1.15
2015.03.05 15:29:33.665,0.969,0.96911,2.25,1.17
2015.03.05 15:29:33.767,0.96907,0.96918,2.32,1.00
2015.03.05 15:29:33.818,0.96907,0.96913,2.25,1.00
2015.03.05 15:29:33.920,0.96908,0.96915,2.32,1.00
2015.03.05 15:29:33.971,0.9691,0.96921,2.32,1.00
2015.03.05 15:29:35.156,0.9691,0.9692,2.32,1.00
2015.03.05 15:29:35.257,0.9691,0.96919,2.32,1.00
2015.03.05 15:29:37.462,0.96904,0.96915,2.32,1.00
2015.03.05 15:29:37.566,0.96903,0.96914,2.32,1.00
2015.03.05 15:29:39.241,0.96903,0.96914,2.32,1.00
2015.03.05 15:29:40.778,0.96896,0.96905,1.65,1.00
2015.03.05 15:29:40.880,0.96893,0.96904,2.70,1.00
2015.03.05 15:29:41.397,0.96896,0.96904,1.17,1.00
2015.03.05 15:29:43.377,0.96894,0.96901,1.17,1.00
2015.03.05 15:29:43.429,0.96894,0.96901,1.10,1.00
2015.03.05 15:29:43.888,0.96894,0.96905,1.15,1.00
2015.03.05 15:29:43.990,0.96895,0.96903,1.10,1.00
2015.03.05 15:29:44.497,0.96895,0.96905,1.20,1.00
2015.03.05 15:29:47.538,0.96891,0.96905,4.57,1.00
2015.03.05 15:29:49.587,0.96891,0.96904,4.57,1.00
2015.03.05 15:29:49.739,0.96891,0.96904,1.07,1.00
2015.03.05 15:29:49.892,0.96889,0.96902,1.15,1.00
2015.03.05 15:29:50.400,0.96888,0.96902,1.65,1.00
2015.03.05 15:29:52.203,0.96887,0.969,1.27,1.00
2015.03.05 15:29:53.047,0.96886,0.96898,3.07,1.00
2015.03.05 15:29:53.557,0.96887,0.96898,1.07,1.00
2015.03.05 15:29:53.608,0.96887,0.969,1.07,1.00
2015.03.05 15:29:54.202,0.96887,0.969,1.15,1.00
2015.03.05 15:29:54.710,0.96886,0.969,3.15,1.00
2015.03.05 15:29:59.271,0.96886,0.96901,1.65,1.00
2015.03.05 15:29:59.322,0.96888,0.96901,1.07,1.00
2015.03.05 15:29:59.373,0.96889,0.96903,1.17,1.00
2015.03.05 15:29:59.526,0.96887,0.96902,1.15,1.00
2015.03.05 15:30:00.534,0.96888,0.96902,1.07,1.00
2015.03.05 15:30:00.686,0.96889,0.96904,1.10,1.00
2015.03.05 15:30:00.737,0.96889,0.96904,1.07,1.00
2015.03.05 15:30:02.762,0.96888,0.96904,1.65,1.00
2015.03.05 15:30:03.978,0.96889,0.96904,1.17,1.00
2015.03.05 15:30:04.505,0.96889,0.96904,1.15,1.00
2015.03.05 15:30:05.866,0.96888,0.96904,1.15,1.00
2015.03.05 15:30:06.119,0.96888,0.96902,1.17,1.00
2015.03.05 15:30:12.367,0.96888,0.96902,1.65,1.00
2015.03.05 15:30:12.469,0.96888,0.96904,1.65,1.00
2015.03.05 15:30:16.016,0.96888,0.96901,1.00,1.00
2015.03.05 15:30:16.169,0.96888,0.96903,1.50,1.10
2015.03.05 15:30:17.329,0.96889,0.96903,1.00,1.10
2015.03.05 15:30:18.441,0.9689,0.96903,1.00,1.00
2015.03.05 15:30:19.077,0.96889,0.96903,1.57,1.00
2015.03.05 15:30:21.498,0.9689,0.96903,1.00,1.00
2015.03.05 15:30:23.774,0.96891,0.96903,1.10,1.00
2015.03.05 15:30:23.826,0.96893,0.96908,1.10,1.10
2015.03.05 15:30:24.234,0.96895,0.96909,1.00,1.00
2015.03.05 15:30:24.743,0.96894,0.96909,1.10,1.00
2015.03.05 15:30:27.139,0.96893,0.96909,1.52,1.00
2015.03.05 15:30:27.554,0.96896,0.96909,1.65,1.00
2015.03.05 15:30:27.605,0.96896,0.96911,1.65,1.00
2015.03.05 15:30:27.707,0.96898,0.96913,1.10,1.00
2015.03.05 15:30:27.911,0.96895,0.96911,1.65,1.00
2015.03.05 15:30:28.216,0.96898,0.96913,1.10,1.00
2015.03.05 15:30:29.225,0.96897,0.96912,1.17,1.00
2015.03.05 15:30:29.755,0.96898,0.96914,1.10,1.10
2015.03.05 15:30:30.164,0.96902,0.96914,1.00,1.10
2015.03.05 15:30:30.959,0.96904,0.96914,1.00,1.00
2015.03.05 15:30:31.505,0.96904,0.96915,1.00,1.00
2015.03.05 15:30:32.472,0.96909,0.96921,1.07,1.07
2015.03.05 15:30:32.981,0.96908,0.96918,1.15,1.00
2015.03.05 15:30:33.286,0.96901,0.9691,1.17,1.00
2015.03.05 15:30:34.166,0.96901,0.96914,1.17,1.00
2015.03.05 15:30:34.674,0.96901,0.96914,1.15,1.00
2015.03.05 15:30:39.394,0.96901,0.96913,1.17,1.00
2015.03.05 15:30:39.911,0.96901,0.96912,1.10,1.00
2015.03.05 15:30:39.962,0.96903,0.96912,1.10,1.00
2015.03.05 15:30:40.475,0.96903,0.96913,1.17,1.00
2015.03.05 15:30:42.131,0.96903,0.96915,1.17,1.00
2015.03.05 15:30:43.907,0.96901,0.96919,3.45,1.00
2015.03.05 15:30:44.936,0.96901,0.96918,2.70,1.00
2015.03.05 15:30:45.806,0.96903,0.96915,1.17,1.00
2015.03.05 15:30:47.763,0.96902,0.96917,1.15,1.00
2015.03.05 15:30:48.225,0.96904,0.96913,1.10,1.00
2015.03.05 15:30:48.431,0.96906,0.96917,1.10,1.00
2015.03.05 15:30:48.735,0.96904,0.96915,1.15,1.00
2015.03.05 15:30:49.623,0.96902,0.96915,2.32,1.00
2015.03.05 15:30:50.193,0.96901,0.96915,2.32,1.50
2015.03.05 15:30:50.497,0.96903,0.96916,2.32,1.00
2015.03.05 15:30:50.802,0.96901,0.96914,2.32,1.00
2015.03.05 15:30:51.563,0.96901,0.96916,2.32,1.00
2015.03.05 15:30:52.082,0.96901,0.96915,2.32,1.00
2015.03.05 15:30:52.593,0.969,0.96915,3.07,1.00
2015.03.05 15:30:55.015,0.96901,0.96915,2.32,1.50
2015.03.05 15:30:55.912,0.96901,0.96913,2.32,1.00
2015.03.05 15:30:55.963,0.96899,0.96913,5.25,1.00
2015.03.05 15:30:58.791,0.96898,0.96909,2.25,1.00
2015.03.05 15:30:58.842,0.96894,0.96909,1.52,1.00
2015.03.05 15:30:58.894,0.96894,0.96907,1.52,1.00
2015.03.05 15:31:00.013,0.96896,0.96907,1.17,1.00
2015.03.05 15:31:00.116,0.96894,0.9691,5.62,1.00
2015.03.05 15:31:00.624,0.96895,0.9691,3.45,1.00
2015.03.05 15:31:01.742,0.96895,0.96908,2.70,1.00
2015.03.05 15:31:01.844,0.96893,0.96908,4.20,1.00
2015.03.05 15:31:02.918,0.96893,0.96908,3.82,1.00
2015.03.05 15:31:03.457,0.96893,0.96908,3.82,1.00
2015.03.05 15:31:07.170,0.96893,0.96907,4.57,1.00
2015.03.05 15:31:07.272,0.96893,0.96909,4.57,1.00
2015.03.05 15:31:10.513,0.96893,0.96907,4.57,1.00
2015.03.05 15:31:14.227,0.96892,0.96907,1.52,1.00
2015.03.05 15:31:14.986,0.96893,0.96907,1.52,1.00
2015.03.05 15:31:15.495,0.96892,0.96907,3.45,1.00
2015.03.05 15:31:16.164,0.96888,0.96902,2.32,1.00
2015.03.05 15:31:16.473,0.96878,0.96892,2.70,1.00
2015.03.05 15:31:16.575,0.96876,0.96892,2.70,1.00
2015.03.05 15:31:16.626,0.96876,0.9689,3.45,1.00
2015.03.05 15:31:16.948,0.96873,0.96888,3.82,1.00
2015.03.05 15:31:16.999,0.96873,0.96888,2.32,1.00
2015.03.05 15:31:17.152,0.96872,0.96885,2.32,1.00
2015.03.05 15:31:17.304,0.96871,0.96886,1.27,1.00
2015.03.05 15:31:17.609,0.96872,0.96885,3.07,1.00
2015.03.05 15:31:17.813,0.9687,0.96885,2.70,1.00
2015.03.05 15:31:17.915,0.96872,0.96887,1.65,1.00
2015.03.05 15:31:18.416,0.96872,0.96887,2.32,1.50
2015.03.05 15:31:20.977,0.96872,0.96885,2.32,1.00
2015.03.05 15:31:21.028,0.9687,0.96885,1.27,1.50
2015.03.05 15:31:21.233,0.96869,0.96883,2.40,1.00
2015.03.05 15:31:21.539,0.9687,0.96883,2.70,1.50
2015.03.05 15:31:22.223,0.96868,0.96883,4.20,1.50
2015.03.05 15:31:22.375,0.96868,0.96879,3.07,1.00
2015.03.05 15:31:22.427,0.96868,0.96879,1.15,1.00
2015.03.05 15:31:23.396,0.96867,0.9688,2.02,1.00
2015.03.05 15:31:23.599,0.96868,0.96878,1.65,1.00
2015.03.05 15:31:23.953,0.96866,0.96876,4.50,1.00
2015.03.05 15:31:24.258,0.96861,0.96871,1.00,1.00
2015.03.05 15:31:24.766,0.96862,0.96871,1.00,1.00
2015.03.05 15:31:26.335,0.96868,0.96881,2.32,1.00
2015.03.05 15:31:26.487,0.96865,0.96874,1.95,2.25
2015.03.05 15:31:26.539,0.96864,0.96873,2.25,2.32
2015.03.05 15:31:26.590,0.96861,0.96874,1.50,3.07
2015.03.05 15:31:26.692,0.9686,0.96865,3.67,1.00
2015.03.05 15:31:26.746,0.96854,0.96863,2.32,1.00
2015.03.05 15:31:26.798,0.96853,0.9686,2.32,1.00
2015.03.05 15:31:26.952,0.96852,0.96864,2.32,1.00
2015.03.05 15:31:28.099,0.96855,0.96865,2.25,1.00
2015.03.05 15:31:28.150,0.96858,0.96867,1.10,1.00
2015.03.05 15:31:28.202,0.96858,0.9687,1.07,1.00
2015.03.05 15:31:28.723,0.96856,0.9687,4.50,1.00
2015.03.05 15:31:29.239,0.96857,0.9687,2.32,1.00
2015.03.05 15:31:29.391,0.96857,0.96868,2.32,1.00
2015.03.05 15:31:29.912,0.96858,0.96866,2.25,1.00
2015.03.05 15:31:29.963,0.96854,0.96866,5.25,1.00
2015.03.05 15:31:30.485,0.96857,0.96866,1.15,1.00
2015.03.05 15:31:31.412,0.9686,0.96869,1.07,1.00
2015.03.05 15:31:31.615,0.9686,0.96871,3.07,1.00
2015.03.05 15:31:33.521,0.96861,0.96871,1.17,1.00
2015.03.05 15:31:33.958,0.96862,0.96868,1.00,1.00
2015.03.05 15:31:34.009,0.96862,0.9687,1.00,1.00
2015.03.05 15:31:34.516,0.96862,0.96869,1.00,1.00
2015.03.05 15:31:36.596,0.96862,0.96872,1.15,1.00
2015.03.05 15:31:38.409,0.96862,0.96872,3.07,1.00
2015.03.05 15:31:38.942,0.96862,0.96872,1.15,1.00
2015.03.05 15:31:42.215,0.96862,0.96873,1.15,1.00
2015.03.05 15:31:44.318,0.96863,0.96873,2.32,1.00
2015.03.05 15:31:44.369,0.96865,0.96875,1.17,1.00
2015.03.05 15:31:44.420,0.96867,0.96875,1.57,1.00
2015.03.05 15:31:44.471,0.96867,0.96879,1.65,1.00
2015.03.05 15:31:44.522,0.96873,0.96879,1.10,1.00
2015.03.05 15:31:44.573,0.96873,0.96882,1.10,1.00
2015.03.05 15:31:49.369,0.96869,0.96882,2.32,1.00
2015.03.05 15:31:49.474,0.96871,0.96884,1.15,1.00
2015.03.05 15:31:49.992,0.96872,0.96884,1.15,1.00
2015.03.05 15:31:54.193,0.96871,0.96887,5.25,1.00
2015.03.05 15:31:54.245,0.96877,0.96887,1.50,1.00
2015.03.05 15:31:54.397,0.96882,0.96893,1.00,1.00
2015.03.05 15:31:55.423,0.96883,0.96893,1.10,1.00
2015.03.05 15:31:56.171,0.96881,0.96893,2.32,1.00
2015.03.05 15:31:58.045,0.96885,0.96893,1.00,1.00
2015.03.05 15:31:58.096,0.96885,0.96898,1.10,1.00
2015.03.05 15:31:58.147,0.96888,0.96899,1.07,1.00
2015.03.05 15:31:58.401,0.96887,0.969,1.17,1.00
2015.03.05 15:31:58.452,0.96887,0.969,3.07,1.00
2015.03.05 15:31:58.959,0.96888,0.969,1.17,1.00
2015.03.05 15:31:59.765,0.96888,0.969,2.32,1.00
2015.03.05 15:31:59.817,0.96892,0.96903,1.00,1.00
2015.03.05 15:31:59.918,0.96888,0.96901,1.15,1.00
2015.03.05 15:32:00.223,0.96886,0.96899,2.32,1.00
2015.03.05 15:32:00.885,0.96885,0.96899,1.15,1.00
2015.03.05 15:32:03.955,0.96884,0.96897,3.07,1.00
2015.03.05 15:32:04.481,0.96883,0.96897,2.32,1.00
2015.03.05 15:32:05.671,0.96884,0.96897,2.32,1.00
2015.03.05 15:32:07.844,0.96886,0.96901,2.32,1.00
2015.03.05 15:32:09.385,0.96885,0.96899,2.32,1.00
2015.03.05 15:32:09.588,0.96882,0.96897,5.62,1.00
2015.03.05 15:32:23.944,0.96882,0.96896,5.25,1.00
2015.03.05 15:32:28.404,0.96884,0.96896,2.32,1.00
2015.03.05 15:32:30.003,0.96883,0.96896,4.50,1.00
2015.03.05 15:32:30.358,0.96881,0.96893,2.32,1.00
2015.03.05 15:32:30.561,0.96878,0.9689,1.17,1.00
2015.03.05 15:32:31.068,0.96878,0.9689,1.10,1.00
2015.03.05 15:32:36.298,0.96875,0.9689,1.15,1.00
2015.03.05 15:32:36.349,0.96874,0.96888,4.50,1.00
2015.03.05 15:32:36.856,0.96873,0.96888,2.32,1.00
2015.03.05 15:32:40.019,0.96874,0.96888,2.32,1.00
2015.03.05 15:32:41.977,0.96874,0.9688,2.25,1.00
2015.03.05 15:32:42.131,0.9687,0.96879,2.32,1.00
2015.03.05 15:32:43.459,0.96865,0.96871,3.74,1.00
2015.03.05 15:32:43.517,0.96852,0.96867,5.25,1.00
2015.03.05 15:32:44.684,0.96861,0.96867,1.00,1.00
2015.03.05 15:32:44.736,0.96861,0.9687,1.00,1.00
2015.03.05 15:32:45.092,0.96861,0.96872,1.00,1.00
2015.03.05 15:32:45.601,0.96861,0.96872,1.17,1.00
2015.03.05 15:32:46.094,0.96861,0.96872,3.07,1.00
2015.03.05 15:32:46.535,0.96863,0.96873,2.32,1.00
2015.03.05 15:32:46.637,0.96861,0.96873,3.07,1.00
2015.03.05 15:32:47.625,0.96861,0.96874,3.07,1.00
2015.03.05 15:32:48.150,0.96861,0.96874,1.15,1.00
2015.03.05 15:32:48.556,0.96856,0.96873,2.32,1.50
2015.03.05 15:32:48.759,0.96856,0.96871,2.32,1.00
2015.03.05 15:32:49.922,0.96854,0.96868,3.45,1.00
2015.03.05 15:32:53.845,0.96854,0.9687,3.45,1.00
2015.03.05 15:32:54.253,0.96857,0.96871,2.32,1.00
2015.03.05 15:32:59.016,0.96856,0.96871,3.07,1.00
2015.03.05 15:32:59.980,0.96858,0.96871,1.15,1.00
2015.03.05 15:33:01.468,0.96859,0.96874,3.07,1.00
2015.03.05 15:33:01.885,0.96858,0.96872,1.15,1.00
2015.03.05 15:33:03.273,0.96859,0.96872,2.32,1.00
2015.03.05 15:33:03.781,0.96858,0.96872,1.15,1.00
2015.03.05 15:33:04.579,0.96857,0.96872,1.15,1.00
2015.03.05 15:33:05.091,0.96856,0.96871,1.15,1.00
2015.03.05 15:33:05.554,0.96857,0.96871,2.32,1.00
2015.03.05 15:33:11.590,0.96857,0.96871,1.15,1.00
2015.03.05 15:33:14.654,0.96856,0.96866,4.50,1.00
2015.03.05 15:33:14.756,0.96853,0.96866,3.07,1.00
2015.03.05 15:33:15.273,0.96853,0.96866,1.15,1.00
2015.03.05 15:33:21.479,0.96852,0.96865,2.32,1.00
2015.03.05 15:33:22.294,0.96851,0.96865,1.27,1.00
2015.03.05 15:33:22.397,0.96849,0.96863,2.32,1.00
2015.03.05 15:33:23.006,0.96849,0.96863,1.15,1.00
2015.03.05 15:33:29.537,0.9685,0.96863,1.10,1.00
2015.03.05 15:33:29.902,0.96845,0.96857,2.25,1.00
2015.03.05 15:33:29.953,0.96841,0.96857,1.65,1.12
2015.03.05 15:33:30.004,0.96841,0.9685,2.32,1.00
2015.03.05 15:33:30.207,0.96835,0.96847,4.50,1.00
2015.03.05 15:33:35.938,0.96835,0.96846,2.32,1.00
2015.03.05 15:33:38.862,0.96835,0.96848,2.32,1.00
2015.03.05 15:33:40.775,0.96839,0.96851,1.50,1.00
2015.03.05 15:33:40.826,0.96839,0.96852,1.65,1.12
2015.03.05 15:33:41.030,0.96836,0.9685,1.17,1.00
2015.03.05 15:33:41.183,0.96835,0.96848,1.15,1.00
2015.03.05 15:33:41.285,0.96835,0.9685,1.15,1.00
2015.03.05 15:33:42.502,0.96836,0.9685,1.55,1.00
2015.03.05 15:33:42.605,0.96837,0.96852,1.52,1.00
2015.03.05 15:33:45.018,0.96837,0.96854,1.52,1.00
2015.03.05 15:33:45.743,0.96836,0.96854,1.55,2.40
2015.03.05 15:33:45.846,0.96835,0.96853,1.47,1.65
2015.03.05 15:33:45.898,0.96835,0.96848,1.10,1.00
2015.03.05 15:33:46.408,0.96831,0.96848,1.52,1.00
2015.03.05 15:33:50.130,0.96835,0.96848,1.00,1.00
2015.03.05 15:33:51.350,0.96833,0.96847,1.55,1.00
2015.03.05 15:33:52.064,0.96833,0.96849,3.45,1.00
2015.03.05 15:33:52.167,0.96838,0.96851,1.37,1.00
2015.03.05 15:33:52.218,0.96838,0.96853,1.37,1.00
2015.03.05 15:33:54.138,0.96838,0.96853,1.52,1.00
2015.03.05 15:33:55.247,0.96838,0.96853,1.52,1.00
2015.03.05 15:33:56.059,0.96838,0.9685,1.12,1.00
2015.03.05 15:33:56.571,0.96836,0.9685,1.47,1.00
2015.03.05 15:33:58.577,0.96836,0.9685,1.47,1.00
2015.03.05 15:33:58.881,0.9684,0.96854,1.37,1.00
2015.03.05 15:34:01.948,0.9684,0.96854,1.37,1.00
2015.03.05 15:34:02.100,0.96841,0.96856,1.47,1.00
2015.03.05 15:34:03.312,0.96839,0.96855,1.52,1.00
2015.03.05 15:34:04.612,0.9684,0.96857,1.55,1.10
2015.03.05 15:34:06.194,0.9684,0.96856,1.55,1.00
2015.03.05 15:34:07.991,0.9684,0.96856,1.55,1.00
2015.03.05 15:34:08.042,0.9684,0.96853,1.45,1.00
2015.03.05 15:34:08.246,0.96838,0.96851,1.10,1.00
2015.03.05 15:34:08.348,0.96837,0.96849,1.07,1.00
2015.03.05 15:34:08.400,0.96836,0.96849,1.20,1.00
2015.03.05 15:34:08.502,0.96833,0.96849,1.27,1.00
2015.03.05 15:34:09.008,0.96832,0.96849,3.45,1.00
2015.03.05 15:34:09.110,0.96832,0.96849,1.55,1.10
2015.03.05 15:34:10.550,0.96828,0.96845,3.45,1.00
2015.03.05 15:34:10.855,0.96833,0.96841,1.00,1.00
2015.03.05 15:34:11.362,0.96833,0.96839,1.00,1.00
2015.03.05 15:34:12.074,0.96825,0.96839,2.32,1.00
2015.03.05 15:34:12.125,0.96823,0.96839,4.87,1.00
2015.03.05 15:34:12.227,0.96823,0.96835,4.50,1.00
2015.03.05 15:34:12.634,0.96822,0.96837,2.70,1.00
2015.03.05 15:34:12.940,0.96822,0.96835,2.70,1.00
2015.03.05 15:34:13.043,0.96822,0.96837,2.70,1.00
2015.03.05 15:34:13.551,0.96822,0.96836,2.70,1.00
2015.03.05 15:34:15.805,0.96827,0.96839,1.17,1.00
2015.03.05 15:34:21.085,0.96825,0.96838,2.32,1.00
2015.03.05 15:34:21.186,0.96823,0.96838,1.55,1.00
2015.03.05 15:34:21.441,0.96823,0.96838,3.45,1.00
2015.03.05 15:34:27.905,0.96823,0.96839,3.45,1.00
2015.03.05 15:34:40.188,0.96826,0.96839,1.15,1.00
2015.03.05 15:34:42.547,0.96831,0.9684,1.00,1.00
2015.03.05 15:34:42.700,0.96835,0.96846,1.00,1.00
2015.03.05 15:34:42.802,0.96835,0.96848,1.17,1.00
2015.03.05 15:34:43.107,0.96834,0.9685,1.17,1.00
2015.03.05 15:34:43.614,0.96837,0.9685,1.10,1.00
2015.03.05 15:34:49.936,0.96837,0.96851,1.10,1.00
2015.03.05 15:34:50.256,0.96838,0.96851,1.17,1.00
2015.03.05 15:34:51.827,0.96836,0.96851,1.17,1.00
2015.03.05 15:34:53.753,0.96835,0.96851,1.10,1.10
2015.03.05 15:34:54.065,0.96837,0.96853,1.00,1.52
2015.03.05 15:34:54.370,0.96837,0.96854,1.65,1.37
2015.03.05 15:34:55.975,0.96837,0.96854,1.20,1.87
2015.03.05 15:34:57.001,0.96837,0.96854,1.10,2.02
2015.03.05 15:34:57.519,0.96837,0.96853,1.10,1.10
2015.03.05 15:35:02.136,0.96837,0.96854,1.17,1.00
2015.03.05 15:35:03.822,0.96845,0.96854,1.00,1.00
2015.03.05 15:35:03.975,0.96849,0.9686,1.00,1.17
2015.03.05 15:35:04.026,0.96845,0.9686,1.00,1.17
2015.03.05 15:35:04.077,0.96846,0.96864,1.00,4.20
2015.03.05 15:35:04.179,0.96846,0.96864,1.00,1.27
2015.03.05 15:35:04.688,0.96845,0.96863,1.65,1.10
2015.03.05 15:35:04.995,0.96849,0.96865,1.50,1.15
2015.03.05 15:35:05.200,0.96852,0.96869,1.10,1.17
2015.03.05 15:35:05.810,0.96854,0.96871,1.00,3.45
2015.03.05 15:35:07.720,0.96856,0.96871,1.50,3.07
2015.03.05 15:35:07.772,0.96856,0.96874,1.57,4.35
2015.03.05 15:35:07.824,0.9686,0.96874,1.00,2.02
2015.03.05 15:35:10.154,0.96859,0.96874,1.00,1.27
2015.03.05 15:35:13.221,0.96858,0.96871,1.50,1.10
2015.03.05 15:35:13.730,0.96857,0.96873,1.00,1.27
2015.03.05 15:35:15.341,0.96857,0.96874,1.00,2.02
2015.03.05 15:35:16.036,0.96857,0.96873,1.00,3.45
2015.03.05 15:35:16.088,0.96854,0.96873,1.57,2.70
2015.03.05 15:35:16.629,0.96854,0.9687,1.50,1.17
2015.03.05 15:35:23.043,0.96854,0.96871,1.07,1.07
2015.03.05 15:35:23.145,0.96856,0.96871,1.00,1.00
2015.03.05 15:35:24.607,0.96854,0.96871,1.15,1.00
2015.03.05 15:35:25.507,0.96854,0.96871,1.10,1.17
2015.03.05 15:35:27.382,0.96856,0.96871,1.00,1.17
2015.03.05 15:35:27.534,0.96856,0.96872,1.10,1.10
2015.03.05 15:35:28.594,0.96856,0.96871,1.00,1.10
2015.03.05 15:35:29.104,0.96856,0.96872,1.10,1.10
2015.03.05 15:35:29.613,0.96857,0.96875,1.00,2.70
2015.03.05 15:35:29.664,0.96857,0.96876,1.45,4.20
2015.03.05 15:35:30.172,0.96856,0.96872,1.15,1.00
2015.03.05 15:35:30.274,0.96856,0.96872,1.10,1.10
2015.03.05 15:35:33.786,0.96855,0.96871,1.17,1.00
2015.03.05 15:35:34.193,0.96852,0.9687,1.65,1.00
2015.03.05 15:35:34.548,0.96852,0.9687,1.10,4.57
2015.03.05 15:35:37.165,0.96862,0.9687,1.00,3.07
2015.03.05 15:35:37.318,0.96858,0.96871,1.10,1.07
2015.03.05 15:35:37.369,0.96858,0.96871,1.17,1.00
2015.03.05 15:35:37.420,0.96858,0.96868,1.15,1.00
2015.03.05 15:35:37.775,0.9686,0.96867,1.50,1.00
2015.03.05 15:35:37.877,0.96859,0.96868,3.45,1.00
2015.03.05 15:35:37.979,0.96861,0.96877,1.00,1.17
2015.03.05 15:35:38.081,0.96864,0.96876,1.37,1.10
2015.03.05 15:35:38.183,0.96862,0.96876,1.87,1.50
2015.03.05 15:35:38.285,0.96863,0.9688,1.95,1.17
2015.03.05 15:35:38.337,0.96863,0.9688,1.87,3.07
2015.03.05 15:35:38.540,0.96864,0.96879,1.37,1.17
2015.03.05 15:35:38.641,0.96861,0.96877,2.70,1.10
2015.03.05 15:35:38.743,0.96863,0.9688,2.02,1.10
2015.03.05 15:35:39.250,0.96866,0.96883,1.37,1.15
2015.03.05 15:35:42.257,0.96865,0.96885,2.70,1.55
2015.03.05 15:35:42.795,0.96865,0.96885,1.55,3.82
2015.03.05 15:35:43.836,0.96865,0.96882,1.17,3.07
2015.03.05 15:35:43.887,0.96865,0.96876,1.00,1.00
2015.03.05 15:35:43.939,0.9686,0.96875,2.70,1.00
2015.03.05 15:35:43.990,0.96858,0.96875,1.52,1.00
2015.03.05 15:35:44.042,0.96858,0.96872,1.52,1.00
2015.03.05 15:35:44.591,0.96858,0.96872,1.10,1.00
2015.03.05 15:35:46.278,0.96855,0.96872,1.27,1.10
2015.03.05 15:35:46.532,0.9686,0.96872,1.00,1.10
2015.03.05 15:35:46.684,0.96862,0.96875,1.00,1.00
2015.03.05 15:35:46.786,0.96868,0.96875,1.50,1.10
2015.03.05 15:35:46.889,0.9687,0.96878,1.00,2.32
2015.03.05 15:35:46.991,0.96863,0.96876,1.37,1.00
2015.03.05 15:35:47.144,0.96864,0.96876,1.75,1.10
2015.03.05 15:35:47.195,0.96878,0.96885,1.00,1.50
2015.03.05 15:35:47.296,0.96876,0.96885,1.00,1.00
2015.03.05 15:35:47.398,0.96874,0.96884,1.00,1.50
2015.03.05 15:35:47.551,0.96871,0.9688,1.47,1.00
2015.03.05 15:35:47.653,0.96869,0.9688,1.10,1.00
2015.03.05 15:35:47.704,0.96866,0.9688,1.20,1.00
2015.03.05 15:35:48.008,0.96866,0.96878,1.12,1.00
2015.03.05 15:35:48.313,0.96866,0.9688,1.00,1.10
2015.03.05 15:35:48.872,0.96866,0.96879,1.00,1.00
2015.03.05 15:35:49.377,0.96866,0.96878,1.00,1.00
2015.03.05 15:35:50.183,0.96866,0.96882,1.10,1.10
2015.03.05 15:35:51.749,0.96866,0.96879,1.47,1.00
2015.03.05 15:35:53.588,0.96866,0.96882,1.47,1.10
2015.03.05 15:35:55.667,0.96868,0.96879,1.00,1.00
2015.03.05 15:35:56.917,0.96868,0.96883,1.00,2.25
2015.03.05 15:35:57.403,0.96868,0.96884,1.00,1.15
2015.03.05 15:36:04.883,0.96867,0.96884,1.50,1.15
2015.03.05 15:36:05.392,0.96868,0.96884,1.00,1.17
2015.03.05 15:36:06.911,0.96867,0.96884,1.10,1.17
2015.03.05 15:36:08.506,0.96869,0.96884,1.00,1.17
2015.03.05 15:36:08.609,0.96867,0.96884,1.57,1.17
2015.03.05 15:36:09.124,0.96867,0.96884,1.50,1.15
2015.03.05 15:36:10.009,0.96868,0.96884,1.00,1.15
2015.03.05 15:36:13.388,0.96869,0.96884,1.00,1.15
2015.03.05 15:36:13.904,0.96869,0.96884,1.00,1.17
2015.03.05 15:36:14.832,0.96868,0.96884,1.50,1.17
2015.03.05 15:36:15.337,0.96868,0.96882,1.50,1.00
2015.03.05 15:36:15.389,0.96868,0.96882,1.00,1.15
2015.03.05 15:36:18.124,0.96868,0.96877,1.00,1.00
2015.03.05 15:36:18.175,0.96863,0.96877,1.55,1.00
2015.03.05 15:36:18.226,0.96863,0.96871,1.37,1.00
2015.03.05 15:36:18.277,0.96858,0.96871,1.65,1.00
2015.03.05 15:36:18.531,0.96856,0.96872,1.12,1.17
2015.03.05 15:36:18.735,0.96856,0.96871,1.12,2.32
2015.03.05 15:36:19.242,0.96853,0.96869,1.22,1.15
2015.03.05 15:36:22.024,0.96851,0.96864,1.00,2.32
2015.03.05 15:36:22.082,0.96846,0.9686,1.12,1.00
2015.03.05 15:36:25.818,0.96847,0.9686,1.00,1.00
2015.03.05 15:36:27.460,0.9684,0.96854,1.57,1.00
2015.03.05 15:36:28.152,0.96843,0.96854,1.00,1.00
2015.03.05 15:36:28.558,0.9684,0.96854,1.47,1.00
2015.03.05 15:36:29.369,0.96841,0.96855,1.20,1.00
2015.03.05 15:36:29.471,0.96841,0.96857,1.10,1.10
2015.03.05 15:36:29.572,0.96838,0.96852,1.52,1.00
2015.03.05 15:36:30.081,0.96838,0.96852,1.37,1.00
2015.03.05 15:36:34.600,0.96838,0.96853,1.37,1.10
2015.03.05 15:36:34.803,0.96839,0.96857,1.20,1.65
2015.03.05 15:36:34.905,0.9684,0.96856,1.00,3.07
2015.03.05 15:36:35.544,0.96839,0.96857,1.20,1.15
2015.03.05 15:36:36.061,0.9684,0.96857,1.00,1.15
2015.03.05 15:36:36.573,0.9684,0.96855,1.00,1.17
2015.03.05 15:36:39.911,0.9684,0.96856,1.12,1.17
2015.03.05 15:36:40.418,0.9684,0.96858,1.87,1.15
2015.03.05 15:36:42.801,0.9684,0.96855,1.12,1.00
2015.03.05 15:36:42.852,0.9684,0.96855,1.37,1.00
2015.03.05 15:36:46.913,0.96839,0.96857,1.37,1.15
2015.03.05 15:36:47.440,0.96839,0.96857,1.55,1.10
2015.03.05 15:36:47.593,0.96839,0.96857,1.55,1.10
2015.03.05 15:36:50.145,0.96839,0.96857,3.45,1.00
2015.03.05 15:36:50.673,0.9684,0.96858,1.27,1.00
2015.03.05 15:36:50.876,0.96839,0.96856,1.20,1.17
2015.03.05 15:36:51.563,0.96839,0.96856,3.07,1.00
2015.03.05 15:36:51.615,0.9684,0.96858,1.15,1.10
2015.03.05 15:36:53.031,0.96839,0.96856,1.27,1.00
2015.03.05 15:36:54.853,0.96839,0.96855,1.27,1.00
2015.03.05 15:36:55.380,0.96839,0.96855,1.27,1.00
2015.03.05 15:36:58.367,0.96839,0.96857,1.50,3.82
2015.03.05 15:37:00.950,0.96838,0.96855,1.00,2.32
2015.03.05 15:37:01.254,0.96837,0.96856,1.55,1.65
2015.03.05 15:37:01.799,0.96837,0.96854,1.27,1.10
2015.03.05 15:37:01.850,0.96837,0.96854,1.12,3.07
2015.03.05 15:37:02.155,0.96838,0.96856,1.37,3.82
2015.03.05 15:37:02.461,0.96839,0.96857,1.20,1.65
2015.03.05 15:37:05.294,0.9684,0.96858,1.00,3.07
2015.03.05 15:37:08.841,0.9684,0.96858,1.10,1.15
2015.03.05 15:37:09.260,0.96843,0.9686,1.00,3.07
2015.03.05 15:37:09.783,0.96843,0.9686,1.00,1.15
2015.03.05 15:37:10.037,0.96844,0.96862,1.10,1.15
2015.03.05 15:37:11.274,0.96846,0.96862,1.00,1.15
2015.03.05 15:37:11.781,0.96846,0.96862,1.00,1.17
2015.03.05 15:37:14.152,0.96845,0.96862,1.10,1.17
2015.03.05 15:37:16.639,0.96849,0.96862,1.00,1.17
2015.03.05 15:37:16.791,0.96849,0.96866,1.57,1.17
2015.03.05 15:37:18.326,0.96849,0.96864,1.00,1.00
2015.03.05 15:37:19.032,0.96846,0.96864,2.77,1.10
2015.03.05 15:37:21.045,0.96852,0.96866,1.00,1.15
2015.03.05 15:37:22.112,0.96852,0.96866,1.00,1.17
2015.03.05 15:37:22.416,0.96848,0.96861,1.00,2.32
2015.03.05 15:37:22.924,0.96847,0.9686,1.50,2.32
2015.03.05 15:37:23.454,0.96847,0.96859,1.00,4.50
2015.03.05 15:37:24.434,0.96845,0.96859,1.00,2.32
2015.03.05 15:37:24.485,0.96843,0.96856,1.00,2.32
2015.03.05 15:37:27.787,0.96839,0.9685,2.62,2.32
2015.03.05 15:37:27.838,0.96839,0.9685,2.25,2.32
2015.03.05 15:37:29.597,0.9684,0.9685,1.00,2.32
2015.03.05 15:37:31.144,0.96839,0.9685,1.00,2.32
2015.03.05 15:37:32.791,0.96837,0.9685,1.37,2.32
2015.03.05 15:37:32.994,0.96837,0.96847,1.37,2.32
2015.03.05 15:37:33.045,0.96835,0.96847,1.00,2.32
2015.03.05 15:37:33.097,0.96832,0.96844,1.37,2.32
2015.03.05 15:37:33.199,0.96832,0.96846,1.37,2.32
2015.03.05 15:37:33.505,0.96832,0.96848,1.37,2.32
2015.03.05 15:37:33.913,0.96837,0.96848,1.00,2.32
2015.03.05 15:37:34.015,0.96839,0.96854,1.37,3.07
2015.03.05 15:37:34.271,0.96835,0.96849,1.37,2.25
2015.03.05 15:37:34.322,0.96834,0.96849,1.87,2.32
2015.03.05 15:37:34.373,0.96834,0.96846,1.87,2.25
2015.03.05 15:37:35.491,0.96834,0.96847,1.12,2.32
2015.03.05 15:37:35.542,0.96834,0.96849,1.12,2.32
2015.03.05 15:37:35.745,0.96836,0.96852,1.00,4.50
2015.03.05 15:37:35.797,0.96836,0.96852,1.37,4.50
2015.03.05 15:37:37.074,0.96839,0.96852,1.37,2.32
2015.03.05 15:37:37.125,0.96839,0.96854,1.37,2.32
2015.03.05 15:37:37.707,0.96841,0.96856,1.55,1.00
2015.03.05 15:37:39.808,0.9684,0.96856,2.02,1.00
2015.03.05 15:37:40.416,0.9684,0.96855,2.02,1.00
2015.03.05 15:37:41.955,0.9684,0.96856,1.55,1.00
2015.03.05 15:37:42.412,0.9684,0.96856,2.70,1.00
2015.03.05 15:37:42.514,0.96839,0.96856,1.47,1.17
2015.03.05 15:37:43.021,0.96839,0.96856,1.45,1.10
2015.03.05 15:37:44.943,0.9684,0.96856,1.95,1.10
2015.03.05 15:37:45.453,0.9684,0.96856,1.20,1.10
2015.03.05 15:37:48.987,0.96838,0.96855,1.55,1.00
2015.03.05 15:37:49.740,0.96838,0.96854,1.55,1.00
2015.03.05 15:37:51.656,0.96838,0.96853,1.55,1.00
2015.03.05 15:37:53.148,0.96836,0.96854,4.20,1.00
2015.03.05 15:37:54.038,0.96838,0.96854,1.17,1.00
2015.03.05 15:37:56.016,0.96841,0.96858,1.00,3.07
2015.03.05 15:37:56.118,0.96841,0.96858,1.00,1.20
2015.03.05 15:37:57.360,0.96841,0.96858,1.07,1.20
2015.03.05 15:37:57.884,0.96841,0.96859,1.10,1.65
2015.03.05 15:37:59.126,0.96842,0.96859,1.00,1.15
2015.03.05 15:38:00.615,0.96841,0.96859,1.10,2.40
2015.03.05 15:38:01.172,0.96839,0.96857,3.45,1.00
2015.03.05 15:38:01.691,0.9684,0.96858,1.65,1.10
2015.03.05 15:38:09.099,0.96845,0.96859,1.00,1.17
2015.03.05 15:38:09.252,0.96845,0.96861,1.10,1.95
2015.03.05 15:38:09.759,0.9684,0.96858,1.65,1.17
2015.03.05 15:38:18.092,0.9684,0.96855,2.40,1.00
2015.03.05 15:38:18.246,0.9684,0.96857,2.40,1.10
2015.03.05 15:38:26.449,0.96839,0.96856,1.15,1.00
2015.03.05 15:38:27.328,0.96839,0.96857,1.15,1.10
2015.03.05 15:38:29.528,0.96839,0.96857,3.07,1.00
2015.03.05 15:38:31.436,0.96839,0.96857,1.17,1.17
2015.03.05 15:38:33.125,0.96839,0.96857,1.15,1.57
2015.03.05 15:38:33.633,0.96838,0.96856,3.82,1.00
2015.03.05 15:38:36.526,0.9684,0.96856,2.32,1.00
2015.03.05 15:38:36.937,0.96839,0.96857,1.20,1.15
2015.03.05 15:38:37.919,0.96838,0.96857,1.20,3.07
2015.03.05 15:38:39.449,0.96838,0.96855,1.07,1.10
2015.03.05 15:38:40.423,0.96838,0.96856,1.57,1.10
2015.03.05 15:38:46.820,0.96841,0.96859,1.10,1.65
2015.03.05 15:38:48.408,0.96844,0.96859,1.00,1.15
2015.03.05 15:38:53.683,0.96844,0.96859,1.00,1.10
2015.03.05 15:38:56.539,0.96843,0.96859,1.10,1.10
2015.03.05 15:38:58.001,0.96845,0.96859,1.00,1.10
2015.03.05 15:38:58.357,0.96845,0.96861,1.10,1.20
2015.03.05 15:38:58.712,0.96847,0.96861,1.00,1.20
2015.03.05 15:39:00.746,0.96848,0.96862,1.10,1.37
2015.03.05 15:39:01.051,0.96852,0.96868,1.10,1.85
2015.03.05 15:39:02.046,0.96852,0.96868,1.10,1.10
2015.03.05 15:39:02.561,0.96853,0.96868,1.00,1.10
2015.03.05 15:39:03.567,0.96853,0.96869,1.00,1.12
2015.03.05 15:39:04.131,0.96858,0.96873,1.00,7.50
2015.03.05 15:39:04.235,0.96861,0.96875,1.00,2.62
2015.03.05 15:39:04.387,0.96859,0.96874,1.10,1.10
2015.03.05 15:39:04.897,0.96859,0.96875,1.00,1.27
2015.03.05 15:39:05.508,0.96859,0.96875,1.10,1.27
2015.03.05 15:39:06.016,0.96859,0.96876,1.10,1.55
2015.03.05 15:39:08.113,0.9686,0.96876,1.00,1.17
2015.03.05 15:39:11.034,0.96862,0.96876,1.00,1.17
2015.03.05 15:39:13.408,0.96862,0.96877,1.10,1.00
2015.03.05 15:39:16.276,0.9686,0.96877,1.07,1.07
2015.03.05 15:39:16.328,0.9686,0.96877,1.00,1.15
2015.03.05 15:39:20.428,0.9686,0.96876,1.07,1.10
2015.03.05 15:39:21.381,0.96862,0.96876,1.00,1.00
2015.03.05 15:39:22.422,0.96861,0.96876,1.10,1.00
2015.03.05 15:39:23.294,0.96861,0.96877,1.10,1.10
2015.03.05 15:39:25.400,0.96863,0.96877,1.00,1.10
2015.03.05 15:39:26.565,0.96863,0.96878,1.00,1.10
2015.03.05 15:39:28.615,0.96863,0.96879,1.20,1.20
2015.03.05 15:39:35.683,0.96864,0.96879,1.00,1.10
2015.03.05 15:39:36.206,0.96864,0.96879,1.00,1.17
2015.03.05 15:39:36.511,0.96859,0.96875,1.12,1.65
2015.03.05 15:39:37.019,0.9686,0.96874,1.00,1.10
2015.03.05 15:39:44.222,0.96858,0.96874,1.20,1.10
2015.03.05 15:39:44.729,0.96858,0.96873,1.10,1.00
2015.03.05 15:39:45.388,0.96861,0.96873,1.00,1.00
2015.03.05 15:39:45.744,0.96861,0.96875,1.07,1.00
2015.03.05 15:39:47.317,0.96863,0.96876,1.00,1.00
2015.03.05 15:39:51.107,0.96863,0.96875,1.00,1.00
2015.03.05 15:39:51.622,0.96861,0.96875,1.17,1.00
2015.03.05 15:39:59.652,0.96867,0.96875,1.00,1.00
2015.03.05 15:40:00.159,0.96867,0.96876,1.00,1.00
2015.03.05 15:40:05.941,0.96867,0.96883,1.00,1.15
2015.03.05 15:40:06.093,0.96867,0.96884,1.10,2.32
2015.03.05 15:40:06.296,0.96867,0.9688,1.10,1.00
2015.03.05 15:40:20.171,0.96868,0.9688,1.00,1.00
2015.03.05 15:40:23.057,0.96866,0.9688,1.00,1.00
2015.03.05 15:40:23.564,0.96866,0.96879,1.00,1.00
2015.03.05 15:40:24.548,0.96866,0.96879,1.17,1.00
2015.03.05 15:40:25.250,0.96866,0.9688,1.17,1.00
2015.03.05 15:40:25.757,0.96866,0.9688,1.00,1.00
2015.03.05 15:40:27.204,0.96868,0.9688,1.00,1.00
2015.03.05 15:40:30.722,0.96863,0.9688,5.25,1.00
2015.03.05 15:40:31.390,0.96867,0.9688,1.00,1.00
2015.03.05 15:40:33.746,0.96874,0.96884,1.07,1.00
2015.03.05 15:40:33.797,0.96874,0.96887,1.00,1.00
2015.03.05 15:40:33.899,0.96876,0.96889,1.00,1.37
2015.03.05 15:40:34.410,0.96877,0.96887,1.00,1.00
2015.03.05 15:40:34.461,0.96877,0.96889,1.00,1.00
2015.03.05 15:40:35.429,0.96879,0.96889,1.00,1.00
2015.03.05 15:40:35.480,0.96879,0.96894,1.00,1.57
2015.03.05 15:40:39.280,0.96879,0.96892,1.00,1.00
2015.03.05 15:40:39.584,0.96877,0.96887,1.00,1.00
2015.03.05 15:40:40.963,0.96877,0.9689,1.00,1.00
2015.03.05 15:40:45.350,0.96879,0.96894,1.00,3.90
2015.03.05 15:40:45.453,0.96877,0.9689,1.07,1.00
2015.03.05 15:40:46.362,0.96877,0.9689,1.15,1.00
2015.03.05 15:40:46.464,0.96878,0.96892,1.15,1.00
2015.03.05 15:40:47.074,0.96885,0.96892,1.00,1.00
2015.03.05 15:40:47.125,0.96885,0.96897,1.00,1.57
2015.03.05 15:40:47.227,0.96885,0.96901,1.00,2.85
2015.03.05 15:40:47.329,0.96885,0.96898,1.00,1.00
2015.03.05 15:40:49.037,0.96888,0.96898,1.10,1.00
2015.03.05 15:40:49.088,0.96888,0.96901,1.10,1.00
2015.03.05 15:40:49.749,0.96888,0.96902,1.10,1.00
2015.03.05 15:40:50.257,0.96888,0.96901,1.17,1.00
2015.03.05 15:40:50.764,0.96888,0.96902,1.20,1.00
2015.03.05 15:40:51.976,0.96888,0.96902,1.17,1.00
2015.03.05 15:40:52.485,0.96887,0.96903,1.15,1.00
2015.03.05 15:40:52.843,0.9689,0.96905,1.00,1.10
2015.03.05 15:40:52.894,0.9689,0.96905,1.17,1.00
2015.03.05 15:40:52.996,0.9689,0.96907,1.17,1.00
2015.03.05 15:40:53.148,0.96889,0.96905,2.32,1.00
2015.03.05 15:40:53.682,0.96889,0.96904,2.32,1.00
2015.03.05 15:40:55.735,0.96889,0.96902,2.32,1.00
2015.03.05 15:40:56.041,0.96876,0.9688,1.00,1.00
2015.03.05 15:40:56.194,0.96871,0.96878,1.10,1.00
2015.03.05 15:40:56.296,0.96863,0.96878,2.32,1.00
2015.03.05 15:40:56.820,0.96864,0.96878,2.32,1.00
2015.03.05 15:40:57.023,0.96862,0.96877,2.32,1.00
2015.03.05 15:40:57.540,0.96862,0.96878,2.32,1.50
2015.03.05 15:40:59.274,0.96864,0.96878,2.32,1.50
2015.03.05 15:40:59.842,0.96863,0.96878,3.07,1.00
2015.03.05 15:41:00.375,0.96864,0.96878,3.07,1.00
2015.03.05 15:41:01.843,0.96865,0.9688,2.32,1.00
2015.03.05 15:41:01.998,0.96865,0.96878,2.32,1.00
2015.03.05 15:41:04.743,0.96867,0.96881,1.17,1.00
2015.03.05 15:41:04.948,0.96868,0.96881,4.57,1.00
2015.03.05 15:41:04.999,0.96868,0.96884,4.57,1.00
2015.03.05 15:41:05.050,0.96875,0.96884,1.37,1.00
2015.03.05 15:41:05.101,0.96875,0.96887,1.37,1.10
2015.03.05 15:41:05.202,0.96875,0.96889,1.47,1.00
2015.03.05 15:41:05.304,0.96876,0.96889,1.47,1.00
2015.03.05 15:41:05.709,0.96878,0.96893,4.20,1.00
2015.03.05 15:41:05.760,0.9688,0.96893,2.62,1.00
2015.03.05 15:41:06.422,0.96876,0.9689,1.47,1.00
2015.03.05 15:41:09.581,0.96876,0.9689,1.47,1.00
2015.03.05 15:41:09.986,0.96875,0.96887,1.47,1.00
2015.03.05 15:41:10.037,0.96875,0.96887,1.10,1.00
2015.03.05 15:41:10.494,0.96874,0.96885,1.00,1.00
2015.03.05 15:41:13.171,0.96875,0.96885,1.00,1.00
2015.03.05 15:41:13.222,0.96875,0.96887,1.00,1.00
2015.03.05 15:41:16.049,0.9687,0.96885,2.32,1.00
2015.03.05 15:41:16.151,0.96867,0.96885,1.15,1.50
2015.03.05 15:41:16.677,0.96867,0.96884,1.15,1.00
2015.03.05 15:41:18.025,0.96868,0.96884,3.82,1.00
2015.03.05 15:41:18.532,0.96869,0.96885,1.15,1.00
2015.03.05 15:41:20.232,0.96867,0.96883,1.15,1.00
2015.03.05 15:41:21.051,0.96867,0.96883,3.45,1.00
2015.03.05 15:41:28.234,0.96869,0.96885,1.55,1.00
2015.03.05 15:41:31.580,0.96869,0.96884,1.17,1.00
2015.03.05 15:41:36.277,0.96867,0.96882,3.37,1.00
2015.03.05 15:41:36.328,0.96867,0.96882,1.37,1.10
2015.03.05 15:41:36.632,0.96865,0.96881,1.37,1.07
2015.03.05 15:41:37.159,0.96867,0.96881,1.00,1.00
2015.03.05 15:41:37.672,0.96867,0.96881,1.00,1.57
2015.03.05 15:41:38.345,0.96867,0.96879,1.00,1.00
2015.03.05 15:41:38.397,0.96864,0.96879,1.17,1.00
2015.03.05 15:41:38.919,0.96864,0.96879,1.10,1.00
2015.03.05 15:41:41.516,0.96864,0.96878,1.10,1.00
2015.03.05 15:41:42.538,0.96864,0.96879,1.00,1.10
2015.03.05 15:41:43.047,0.96864,0.96878,1.00,1.00
2015.03.05 15:41:43.765,0.96864,0.96879,1.00,1.10
2015.03.05 15:41:44.283,0.96864,0.96881,1.00,3.67
2015.03.05 15:41:44.592,0.96862,0.96881,1.10,3.67
2015.03.05 15:41:46.624,0.96864,0.96879,1.10,1.00
2015.03.05 15:41:46.980,0.96864,0.96881,1.17,1.10
2015.03.05 15:41:47.234,0.96864,0.96879,2.02,1.00
2015.03.05 15:41:47.748,0.96864,0.96879,1.00,1.00
2015.03.05 15:41:48.259,0.96864,0.9688,1.00,1.20
2015.03.05 15:41:50.163,0.96864,0.96882,1.17,1.17
2015.03.05 15:41:51.598,0.96864,0.96879,1.17,1.00
2015.03.05 15:41:57.766,0.96864,0.96879,1.15,1.00
2015.03.05 15:41:59.042,0.96864,0.9688,1.15,1.00
2015.03.05 15:42:00.581,0.96865,0.96879,1.17,1.00
2015.03.05 15:42:00.683,0.96863,0.96879,1.10,1.10
2015.03.05 15:42:04.101,0.96863,0.9688,1.17,1.10
2015.03.05 15:42:04.648,0.96865,0.96882,1.00,1.15
2015.03.05 15:42:08.709,0.96865,0.96882,1.07,1.10
2015.03.05 15:42:09.273,0.96865,0.96881,1.07,1.00
2015.03.05 15:42:09.695,0.96864,0.96881,1.10,1.17
2015.03.05 15:42:11.653,0.96864,0.96881,1.17,1.07
2015.03.05 15:42:11.704,0.96864,0.96882,2.02,1.10
2015.03.05 15:42:15.524,0.96866,0.96881,1.10,1.00
2015.03.05 15:42:20.491,0.96866,0.9688,1.10,1.00
2015.03.05 15:42:21.805,0.96866,0.96882,1.10,1.10
2015.03.05 15:42:21.907,0.96866,0.96884,1.65,2.32
2015.03.05 15:42:22.212,0.96881,0.96894,1.00,1.00
2015.03.05 15:42:22.263,0.96879,0.96893,1.10,1.00
2015.03.05 15:42:25.990,0.96883,0.96898,1.00,3.82
2015.03.05 15:42:26.041,0.96883,0.969,1.00,1.52
2015.03.05 15:42:26.092,0.96885,0.969,1.00,1.52
2015.03.05 15:42:26.929,0.96885,0.96901,1.00,1.27
2015.03.05 15:42:28.989,0.96887,0.96903,1.00,4.57
2015.03.05 15:42:29.344,0.96887,0.96902,1.00,1.10
2015.03.05 15:42:30.801,0.96887,0.96904,1.00,3.07
2015.03.05 15:42:31.697,0.96889,0.96903,1.00,1.65
2015.03.05 15:42:31.748,0.96889,0.96903,1.00,1.57
2015.03.05 15:42:32.817,0.96891,0.96905,1.00,1.20
2015.03.05 15:42:33.121,0.96898,0.96914,1.00,1.15
2015.03.05 15:42:33.274,0.96899,0.96914,1.00,1.10
2015.03.05 15:42:36.548,0.96907,0.96918,1.00,3.07
2015.03.05 15:42:36.649,0.96905,0.9692,1.00,3.52
2015.03.05 15:42:36.701,0.96905,0.9692,1.00,1.35
2015.03.05 15:42:36.752,0.96908,0.96923,1.00,2.70
2015.03.05 15:42:37.540,0.96907,0.96922,1.00,1.65
2015.03.05 15:42:38.048,0.96906,0.96922,1.00,1.65
2015.03.05 15:42:39.067,0.96907,0.96922,1.00,1.65
2015.03.05 15:42:43.814,0.96906,0.96922,1.00,4.57
2015.03.05 15:42:44.722,0.96905,0.96922,1.00,4.57
2015.03.05 15:42:46.631,0.96904,0.96922,1.50,4.57
2015.03.05 15:42:47.947,0.96904,0.96917,1.00,1.00
2015.03.05 15:42:50.178,0.96904,0.9692,1.00,1.15
2015.03.05 15:42:53.335,0.96903,0.96919,1.00,1.17
2015.03.05 15:42:57.187,0.96903,0.9691,1.00,1.00
2015.03.05 15:42:58.461,0.96901,0.9691,1.00,1.00
2015.03.05 15:42:58.968,0.969,0.9691,1.95,1.00
2015.03.05 15:43:03.734,0.96896,0.9691,1.37,1.00
2015.03.05 15:43:03.989,0.96894,0.9691,1.37,1.17
2015.03.05 15:43:05.568,0.96894,0.9691,1.00,1.65
2015.03.05 15:43:08.886,0.96895,0.9691,1.00,1.17
2015.03.05 15:43:08.937,0.96897,0.9691,1.00,1.17
2015.03.05 15:43:09.089,0.96897,0.96911,1.10,1.00
2015.03.05 15:43:10.378,0.96897,0.9691,2.02,1.00
2015.03.05 15:43:10.889,0.96899,0.9691,1.00,1.00
2015.03.05 15:43:11.742,0.969,0.9691,1.00,1.00
2015.03.05 15:43:11.793,0.96902,0.9691,1.00,1.00
2015.03.05 15:43:21.197,0.96901,0.9691,1.10,1.00
2015.03.05 15:43:25.969,0.96903,0.9691,1.00,1.00
2015.03.05 15:43:31.407,0.96902,0.9691,1.00,1.00
2015.03.05 15:43:45.218,0.96898,0.9691,1.57,1.00
2015.03.05 15:43:45.269,0.96898,0.9691,1.50,1.00
2015.03.05 15:43:45.320,0.96896,0.9691,1.57,1.00
2015.03.05 15:43:46.284,0.96896,0.96909,1.00,1.10
2015.03.05 15:43:46.335,0.96893,0.96909,1.17,1.10
2015.03.05 15:43:46.866,0.96893,0.96909,1.10,1.10
2015.03.05 15:43:47.582,0.96891,0.96909,1.20,3.75
2015.03.05 15:43:47.938,0.96891,0.96908,1.65,1.10
2015.03.05 15:43:48.243,0.96891,0.96906,1.57,1.00
2015.03.05 15:43:48.719,0.96891,0.96906,1.65,1.00
2015.03.05 15:43:50.729,0.96886,0.96903,1.17,2.32
2015.03.05 15:43:50.894,0.96885,0.96902,1.00,1.15
2015.03.05 15:43:51.419,0.96884,0.96903,1.10,5.32
2015.03.05 15:43:52.057,0.96886,0.96902,1.00,1.07
2015.03.05 15:43:52.217,0.96886,0.96902,1.10,1.10
2015.03.05 15:43:52.766,0.96886,0.96901,1.10,1.00
2015.03.05 15:43:53.440,0.96886,0.96903,1.10,2.40
2015.03.05 15:43:53.997,0.96886,0.96901,1.10,1.00
2015.03.05 15:43:54.608,0.96886,0.96902,1.10,1.10
2015.03.05 15:43:55.130,0.96886,0.96901,1.10,1.50
2015.03.05 15:43:55.648,0.96886,0.96901,1.00,1.07
2015.03.05 15:44:01.542,0.96886,0.96901,1.10,1.50
2015.03.05 15:44:04.837,0.96884,0.96901,1.00,1.20
2015.03.05 15:44:06.298,0.96884,0.96901,1.07,1.10
2015.03.05 15:44:08.964,0.96884,0.96901,1.10,1.17
2015.03.05 15:44:12.161,0.96885,0.96901,1.00,1.17
2015.03.05 15:44:12.365,0.96885,0.96902,1.20,1.00
2015.03.05 15:44:13.656,0.96885,0.96892,1.20,1.00
2015.03.05 15:44:14.976,0.96885,0.96893,1.20,1.00
2015.03.05 15:44:18.251,0.96885,0.96896,1.65,1.00
2015.03.05 15:44:18.302,0.96885,0.96896,3.82,1.00
2015.03.05 15:44:18.708,0.96888,0.969,1.10,1.00
2015.03.05 15:44:18.810,0.96889,0.969,1.17,1.00
2015.03.05 15:44:19.013,0.9689,0.96902,1.17,1.00
2015.03.05 15:44:19.878,0.9689,0.96902,3.07,1.00
2015.03.05 15:44:21.608,0.96897,0.96911,1.10,1.07
2015.03.05 15:44:21.663,0.96897,0.96914,1.17,1.00
2015.03.05 15:44:23.175,0.96897,0.96914,1.17,1.37
2015.03.05 15:44:23.753,0.96897,0.96914,1.17,1.00
2015.03.05 15:44:29.211,0.96899,0.96916,1.57,1.07
2015.03.05 15:44:29.262,0.96901,0.96917,1.17,1.00
2015.03.05 15:44:29.567,0.96905,0.96921,3.07,1.00
2015.03.05 15:44:37.104,0.9691,0.96921,3.07,1.00
2015.03.05 15:44:37.156,0.9691,0.96926,3.07,1.00
2015.03.05 15:44:42.592,0.96912,0.96926,2.32,1.00
2015.03.05 15:44:42.896,0.96916,0.9693,1.17,1.75
2015.03.05 15:44:42.947,0.96916,0.9693,1.17,1.37
2015.03.05 15:44:43.464,0.96913,0.96931,3.82,2.62
2015.03.05 15:44:49.337,0.96915,0.96933,1.15,1.95
2015.03.05 15:44:50.780,0.96915,0.96933,3.07,1.37
2015.03.05 15:44:51.339,0.96916,0.96933,1.15,1.12
2015.03.05 15:44:53.100,0.96916,0.96932,1.10,1.10
2015.03.05 15:44:54.234,0.96914,0.96932,3.82,1.00
2015.03.05 15:44:54.285,0.96916,0.96934,1.17,1.10
2015.03.05 15:44:54.438,0.96916,0.96935,3.07,1.10
2015.03.05 15:44:54.945,0.96918,0.96935,1.15,1.00
2015.03.05 15:45:03.194,0.96921,0.96937,1.00,1.92
2015.03.05 15:45:03.499,0.96921,0.96937,1.15,1.75
2015.03.05 15:45:03.651,0.96921,0.96939,1.10,2.40
2015.03.05 15:45:04.856,0.96922,0.96939,1.00,1.90
2015.03.05 15:45:06.244,0.96927,0.96941,1.00,1.95
2015.03.05 15:45:06.296,0.96928,0.96944,1.10,3.00
2015.03.05 15:45:06.349,0.96929,0.96945,1.10,1.95
2015.03.05 15:45:06.656,0.96924,0.96942,3.07,1.50
2015.03.05 15:45:08.481,0.96924,0.96941,2.32,1.00
2015.03.05 15:45:08.735,0.96927,0.96941,2.32,1.00
2015.03.05 15:45:10.993,0.96934,0.96947,1.00,2.02
2015.03.05 15:45:11.095,0.96934,0.96949,1.00,1.20
2015.03.05 15:45:11.349,0.96937,0.96949,1.00,1.12
2015.03.05 15:45:11.552,0.96933,0.96948,1.17,1.00
2015.03.05 15:45:43.156,0.96931,0.9694,2.70,1.00
2015.03.05 15:45:43.207,0.9693,0.9694,1.52,1.00
2015.03.05 15:45:43.309,0.96929,0.9694,1.37,1.00
2015.03.05 15:45:43.361,0.96928,0.9694,1.00,1.00
2015.03.05 15:45:44.087,0.96928,0.96941,1.00,1.00
2015.03.05 15:45:44.139,0.96928,0.96939,1.00,1.00
2015.03.05 15:45:45.617,0.96928,0.96938,1.00,1.00
2015.03.05 15:45:48.125,0.96928,0.96939,1.00,1.00
2015.03.05 15:45:48.179,0.96929,0.96941,1.00,3.00
2015.03.05 15:45:48.697,0.96929,0.9694,1.00,1.00
2015.03.05 15:45:49.637,0.96929,0.96939,1.00,1.00
2015.03.05 15:45:51.251,0.96929,0.96941,1.00,1.50
2015.03.05 15:45:52.921,0.96929,0.9694,1.00,1.00
2015.03.05 15:45:53.427,0.96928,0.9694,1.00,1.50
2015.03.05 15:45:53.939,0.96929,0.9694,1.00,1.00
2015.03.05 15:45:54.450,0.96929,0.96938,1.00,1.00
2015.03.05 15:45:55.223,0.96929,0.9694,1.00,1.00
2015.03.05 15:45:55.477,0.96929,0.96942,1.10,1.95
2015.03.05 15:45:55.579,0.96932,0.96945,1.00,2.25
2015.03.05 15:45:56.107,0.96932,0.96946,1.10,1.50
2015.03.05 15:45:56.618,0.96932,0.96945,1.10,1.00
2015.03.05 15:45:57.125,0.96932,0.96946,1.10,1.00
2015.03.05 15:45:58.986,0.96931,0.96944,1.10,1.00
2015.03.05 15:46:00.226,0.96931,0.96945,1.10,1.00
2015.03.05 15:46:01.518,0.96931,0.96944,1.10,1.00
2015.03.05 15:46:03.647,0.96931,0.96945,1.10,1.00
2015.03.05 15:46:04.605,0.9693,0.96944,1.07,1.00
2015.03.05 15:46:05.316,0.9693,0.96945,1.07,1.00
2015.03.05 15:46:05.862,0.96931,0.96946,1.10,1.00
2015.03.05 15:46:06.782,0.96929,0.96945,1.17,1.00
2015.03.05 15:46:08.628,0.96929,0.96946,1.17,1.00
2015.03.05 15:46:09.337,0.96929,0.96944,1.17,1.00
2015.03.05 15:46:09.692,0.96928,0.96943,1.17,1.00
2015.03.05 15:46:10.720,0.96928,0.96944,1.17,1.50
2015.03.05 15:46:11.493,0.96928,0.96944,1.15,1.50
2015.03.05 15:46:13.979,0.96927,0.96943,3.07,1.00
2015.03.05 15:46:14.575,0.96927,0.96943,1.15,1.00
2015.03.05 15:46:20.345,0.96929,0.96943,1.17,1.00
2015.03.05 15:46:20.892,0.96928,0.96944,1.15,1.00
2015.03.05 15:46:22.221,0.96928,0.96943,1.15,1.00
2015.03.05 15:46:23.327,0.96927,0.96942,3.07,1.00
2015.03.05 15:46:23.868,0.96927,0.96942,1.15,1.00
2015.03.05 15:46:24.882,0.96928,0.96941,1.17,1.00
2015.03.05 15:46:25.405,0.96926,0.96941,1.15,1.00
2015.03.05 15:46:25.821,0.96927,0.96941,2.32,1.00
2015.03.05 15:46:26.125,0.96934,0.96941,1.00,1.00
2015.03.05 15:46:26.583,0.96935,0.96943,1.00,1.00
2015.03.05 15:46:26.837,0.96936,0.96946,1.00,1.00
2015.03.05 15:46:31.080,0.96936,0.96945,1.00,1.00
2015.03.05 15:46:32.540,0.96935,0.96945,1.00,1.00
2015.03.05 15:46:35.409,0.96936,0.96949,1.00,1.54
2015.03.05 15:46:35.920,0.96935,0.96947,1.00,1.44
2015.03.05 15:46:36.277,0.96935,0.9695,1.87,1.72
2015.03.05 15:46:36.379,0.9694,0.96953,1.12,2.84
2015.03.05 15:46:36.482,0.96943,0.96953,1.00,1.00
2015.03.05 15:46:36.787,0.96945,0.96955,1.00,1.00
2015.03.05 15:46:37.322,0.96947,0.96955,1.00,1.00
2015.03.05 15:46:38.813,0.96947,0.96951,1.00,1.00
2015.03.05 15:46:38.915,0.96941,0.96953,1.20,1.00
2015.03.05 15:46:39.017,0.96944,0.96952,1.00,1.00
2015.03.05 15:46:39.118,0.96944,0.96954,1.00,1.00
2015.03.05 15:46:39.321,0.96944,0.96956,1.00,1.19
2015.03.05 15:46:39.829,0.96945,0.96956,1.00,1.19
2015.03.05 15:46:40.134,0.96945,0.96954,1.00,1.00
2015.03.05 15:46:41.328,0.96945,0.96957,1.00,1.00
2015.03.05 15:46:41.379,0.96945,0.96958,1.57,1.00
2015.03.05 15:46:41.684,0.96951,0.96962,1.00,1.44
2015.03.05 15:46:41.786,0.96951,0.96962,1.00,1.00
2015.03.05 15:46:41.938,0.96951,0.96959,1.00,1.00
2015.03.05 15:46:42.446,0.96952,0.96959,1.00,1.00
2015.03.05 15:46:42.904,0.96952,0.96962,1.00,1.50
2015.03.05 15:46:43.411,0.96952,0.96962,1.00,1.44
2015.03.05 15:46:44.080,0.96953,0.96965,1.10,1.94
2015.03.05 15:46:44.854,0.96954,0.96965,1.00,1.00
2015.03.05 15:46:45.363,0.96952,0.96965,1.10,1.00
2015.03.05 15:46:46.268,0.96954,0.96965,1.00,1.00
2015.03.05 15:46:53.556,0.96953,0.96964,1.00,1.00
2015.03.05 15:46:54.077,0.96951,0.96964,1.07,1.00
2015.03.05 15:46:54.911,0.96951,0.96969,1.07,1.57
2015.03.05 15:47:01.287,0.96952,0.96969,1.00,3.75
2015.03.05 15:47:01.490,0.96946,0.96964,4.20,3.00
2015.03.05 15:47:01.541,0.96946,0.96963,1.15,1.00
2015.03.05 15:47:02.050,0.96945,0.96963,1.17,1.00
2015.03.05 15:47:02.100,0.96943,0.96961,3.82,1.00
2015.03.05 15:47:02.456,0.96943,0.96961,1.17,1.65
2015.03.05 15:47:02.557,0.96941,0.96958,1.17,1.00
2015.03.05 15:47:02.862,0.96941,0.96956,1.00,1.10
2015.03.05 15:47:03.015,0.96937,0.96953,1.57,1.10
2015.03.05 15:47:03.523,0.96935,0.96952,1.15,1.00
2015.03.05 15:47:04.030,0.96938,0.96955,1.10,1.17
2015.03.05 15:47:10.575,0.96939,0.96955,1.00,1.07
2015.03.05 15:47:10.730,0.9694,0.96958,1.17,2.02
2015.03.05 15:47:10.935,0.96941,0.96958,1.07,1.20
2015.03.05 15:47:11.444,0.96941,0.9696,2.32,1.95
2015.03.05 15:47:13.777,0.96941,0.9696,2.32,1.57
2015.03.05 15:47:15.393,0.9694,0.96959,3.82,1.07
2015.03.05 15:47:15.444,0.96939,0.96958,1.15,1.07
2015.03.05 15:47:18.270,0.9694,0.96955,1.17,1.00
2015.03.05 15:47:20.623,0.9694,0.96956,1.17,1.00
2015.03.05 15:47:24.116,0.9694,0.96954,1.17,1.00
2015.03.05 15:47:26.262,0.96939,0.96954,1.17,1.00
2015.03.05 15:47:26.768,0.96939,0.96954,1.10,1.00
2015.03.05 15:47:27.303,0.96939,0.96954,1.07,1.00
2015.03.05 15:47:27.405,0.96939,0.96957,1.17,1.65
2015.03.05 15:47:28.600,0.9694,0.96954,1.10,1.00
2015.03.05 15:47:29.297,0.96939,0.96955,1.17,1.00
2015.03.05 15:47:29.601,0.96941,0.96957,1.17,1.50
2015.03.05 15:47:31.354,0.96941,0.96958,3.07,1.37
2015.03.05 15:47:31.885,0.96945,0.96958,1.10,1.00
2015.03.05 15:47:33.439,0.96943,0.96957,1.15,1.00
2015.03.05 15:47:33.949,0.96943,0.96958,1.17,1.00
2015.03.05 15:47:37.485,0.96944,0.9696,1.10,1.57
2015.03.05 15:47:39.380,0.96943,0.96959,1.17,1.00
2015.03.05 15:47:40.939,0.96944,0.96958,1.10,1.00
2015.03.05 15:47:43.334,0.96944,0.96959,1.10,1.00
2015.03.05 15:47:44.105,0.96944,0.9696,3.00,1.00
2015.03.05 15:47:44.411,0.96951,0.96964,1.00,1.17
2015.03.05 15:47:46.443,0.9695,0.96965,1.00,1.65
2015.03.05 15:47:46.749,0.96947,0.96965,2.40,1.57
2015.03.05 15:47:49.435,0.96947,0.96964,1.65,1.10
2015.03.05 15:47:50.203,0.96949,0.96965,2.25,1.07
2015.03.05 15:47:50.355,0.96952,0.96967,1.10,1.00
2015.03.05 15:47:51.719,0.96947,0.96965,1.17,1.65
2015.03.05 15:47:53.012,0.96951,0.96965,1.00,1.07
2015.03.05 15:47:53.528,0.96951,0.96965,1.00,1.00
2015.03.05 15:47:57.297,0.96949,0.96965,1.00,1.00
2015.03.05 15:47:59.570,0.9695,0.96965,1.00,1.00
2015.03.05 15:48:00.186,0.9695,0.96968,1.20,1.20
2015.03.05 15:48:00.237,0.96952,0.96969,1.00,1.17
2015.03.05 15:48:00.787,0.96952,0.9697,1.17,1.10
2015.03.05 15:48:02.978,0.96956,0.9697,1.00,1.10
2015.03.05 15:48:03.489,0.96955,0.96971,1.10,1.57
2015.03.05 15:48:08.934,0.96956,0.96971,1.00,1.10
2015.03.05 15:48:14.446,0.96954,0.96969,1.10,1.00
2015.03.05 15:48:14.971,0.96953,0.96969,1.00,1.17
2015.03.05 15:48:16.154,0.96953,0.96969,1.17,1.00
2015.03.05 15:48:19.565,0.96953,0.9697,1.17,1.00
2015.03.05 15:48:24.941,0.96955,0.96971,1.10,1.10
2015.03.05 15:48:25.245,0.96956,0.96971,1.17,1.00
2015.03.05 15:48:28.071,0.96953,0.96971,3.07,1.57
2015.03.05 15:48:28.123,0.96953,0.9697,1.17,1.10
2015.03.05 15:48:28.632,0.96954,0.9697,1.17,1.00
2015.03.05 15:48:30.251,0.96954,0.96971,1.17,1.10
2015.03.05 15:48:30.302,0.96956,0.96972,3.07,1.00
2015.03.05 15:48:30.657,0.96958,0.96974,1.15,1.12
2015.03.05 15:48:33.355,0.96962,0.96974,1.50,1.00
2015.03.05 15:48:33.457,0.96962,0.96978,3.07,1.07
2015.03.05 15:48:33.508,0.96962,0.9698,3.82,1.10
2015.03.05 15:48:34.118,0.96963,0.96979,1.17,1.00
2015.03.05 15:48:34.624,0.96962,0.96978,1.15,1.00
2015.03.05 15:48:36.063,0.96962,0.9698,1.15,1.57
2015.03.05 15:48:38.919,0.96963,0.9698,2.32,1.50
2015.03.05 15:48:39.227,0.96966,0.96981,1.15,1.00
2015.03.05 15:48:40.795,0.96966,0.96983,1.15,1.50
2015.03.05 15:48:41.303,0.96966,0.96982,1.15,1.00
2015.03.05 15:48:41.839,0.96965,0.96983,3.82,1.50
2015.03.05 15:48:42.298,0.96965,0.96983,3.82,2.62
2015.03.05 15:48:51.489,0.96968,0.96983,1.10,1.37
2015.03.05 15:48:53.980,0.96967,0.96983,1.15,1.37
2015.03.05 15:48:54.530,0.96967,0.96978,1.15,1.00
2015.03.05 15:48:54.783,0.96967,0.96983,1.10,1.47
2015.03.05 15:48:55.568,0.96968,0.96983,1.00,1.47
2015.03.05 15:48:58.592,0.96968,0.96983,1.17,1.37
2015.03.05 15:48:59.100,0.96968,0.96983,1.00,1.47
2015.03.05 15:49:00.010,0.96966,0.96982,1.17,1.37
2015.03.05 15:49:00.925,0.96966,0.96982,1.17,1.00
2015.03.05 15:49:08.945,0.96967,0.96986,1.10,4.20
2015.03.05 15:49:13.883,0.96967,0.96984,1.00,1.65
2015.03.05 15:49:15.812,0.96967,0.96983,1.00,1.15
2015.03.05 15:49:16.340,0.96967,0.96983,1.00,2.32
2015.03.05 15:49:16.493,0.96967,0.96978,1.00,1.50
2015.03.05 15:49:16.596,0.96963,0.96977,1.17,1.00
2015.03.05 15:49:16.647,0.96963,0.96977,1.07,1.07
2015.03.05 15:49:16.698,0.9696,0.96975,1.50,1.20
2015.03.05 15:49:16.801,0.96958,0.96975,1.00,1.15
2015.03.05 15:49:17.552,0.96959,0.96977,1.00,3.82
2015.03.05 15:49:20.601,0.96959,0.96975,1.00,3.82
2015.03.05 15:49:21.110,0.96959,0.96972,1.00,1.17
2015.03.05 15:49:21.617,0.96959,0.96974,1.00,1.17
2015.03.05 15:49:21.770,0.96958,0.96969,1.50,2.25
2015.03.05 15:49:22.126,0.96958,0.96967,1.00,1.10
2015.03.05 15:49:22.634,0.96957,0.96968,1.00,1.17
2015.03.05 15:49:31.018,0.96952,0.96968,1.00,1.17
2015.03.05 15:49:31.069,0.96948,0.96966,1.65,1.17
2015.03.05 15:49:31.576,0.96949,0.96966,1.10,1.17
2015.03.05 15:49:32.084,0.9695,0.96966,1.00,1.15
2015.03.05 15:49:32.797,0.96949,0.96964,1.00,1.10
2015.03.05 15:49:33.354,0.96949,0.96961,1.00,1.00
2015.03.05 15:49:34.461,0.9695,0.96961,1.00,1.00
2015.03.05 15:49:35.657,0.96949,0.96961,1.00,1.00
2015.03.05 15:49:41.362,0.96948,0.96961,1.00,1.00
2015.03.05 15:49:45.441,0.96949,0.96964,1.00,1.10
2015.03.05 15:49:45.543,0.96951,0.96964,1.00,1.00
2015.03.05 15:49:45.847,0.96952,0.96966,1.00,1.00
2015.03.05 15:49:46.530,0.96951,0.96966,1.00,1.10
2015.03.05 15:49:47.060,0.9695,0.96966,1.20,1.10
2015.03.05 15:49:47.162,0.96947,0.96955,2.70,1.00
2015.03.05 15:49:47.365,0.96939,0.96955,1.65,1.50
2015.03.05 15:49:47.568,0.96944,0.96957,1.55,1.00
2015.03.05 15:49:47.670,0.96943,0.96959,1.52,1.00
2015.03.05 15:49:47.772,0.96944,0.96959,1.27,1.00
2015.03.05 15:49:48.330,0.96945,0.96959,1.47,1.00
2015.03.05 15:49:49.867,0.96945,0.96959,1.47,1.00
2015.03.05 15:49:57.896,0.96944,0.96959,1.55,1.00
2015.03.05 15:50:02.784,0.96945,0.96963,1.47,1.65
2015.03.05 15:50:17.413,0.96945,0.96963,1.47,3.82
2015.03.05 15:50:17.943,0.96944,0.96962,1.37,3.07
2015.03.05 15:50:19.081,0.96944,0.96962,1.55,1.17
2015.03.05 15:50:20.848,0.96944,0.96962,1.45,1.15
2015.03.05 15:50:20.951,0.9694,0.96957,2.62,1.10
2015.03.05 15:50:21.002,0.9694,0.96957,1.47,1.17
2015.03.05 15:50:21.104,0.96939,0.96957,2.32,1.00
2015.03.05 15:50:21.156,0.96939,0.96957,2.25,3.00
2015.03.05 15:50:21.207,0.96936,0.96954,4.27,1.17
2015.03.05 15:50:21.258,0.96936,0.96952,3.37,2.32
2015.03.05 15:50:22.571,0.9693,0.96944,3.07,1.00
2015.03.05 15:50:22.624,0.96926,0.96944,3.07,1.50
2015.03.05 15:50:22.827,0.96926,0.9694,2.32,1.00
2015.03.05 15:50:22.878,0.96924,0.9694,2.32,1.00
2015.03.05 15:50:23.183,0.96922,0.96937,2.70,1.00
2015.03.05 15:50:24.368,0.96924,0.96939,2.32,1.00
2015.03.05 15:50:28.297,0.96929,0.9694,1.00,1.00
2015.03.05 15:50:28.602,0.96941,0.96957,2.32,1.50
2015.03.05 15:50:28.754,0.96939,0.96957,3.45,1.50
2015.03.05 15:50:29.261,0.96939,0.96956,2.32,1.00
2015.03.05 15:50:30.061,0.96938,0.96956,3.07,1.50
2015.03.05 15:50:35.952,0.96941,0.96957,1.10,1.10
2015.03.05 15:50:36.460,0.96938,0.96956,3.07,1.00
2015.03.05 15:50:37.918,0.96942,0.9696,1.00,3.07
2015.03.05 15:50:37.969,0.96944,0.9696,2.32,1.00
2015.03.05 15:50:38.480,0.96944,0.96961,2.32,1.00
2015.03.05 15:50:38.996,0.96943,0.96961,3.82,1.00
2015.03.05 15:50:41.516,0.96945,0.96963,1.17,1.65
2015.03.05 15:50:41.822,0.96945,0.96963,3.07,1.50
2015.03.05 15:50:42.178,0.96945,0.96963,1.00,2.40
2015.03.05 15:50:45.371,0.96945,0.96963,1.00,3.82
2015.03.05 15:50:48.564,0.96941,0.96957,1.07,1.07
2015.03.05 15:50:48.615,0.96939,0.96957,1.55,1.65
2015.03.05 15:50:48.666,0.96939,0.96955,1.47,1.07
2015.03.05 15:50:48.718,0.96937,0.96953,1.17,1.00
2015.03.05 15:50:48.769,0.96937,0.96953,1.10,1.07
2015.03.05 15:50:48.821,0.96935,0.96953,1.10,1.15
2015.03.05 15:50:53.294,0.96933,0.96946,1.27,1.00
2015.03.05 15:50:53.397,0.96928,0.96946,3.45,1.00
2015.03.05 15:50:53.703,0.96928,0.96944,3.45,1.00
2015.03.05 15:50:54.215,0.96928,0.96944,3.45,1.00
2015.03.05 15:50:56.375,0.96928,0.96946,3.45,1.00
2015.03.05 15:50:57.882,0.96929,0.96947,1.55,1.10
2015.03.05 15:50:58.086,0.96932,0.96948,1.45,1.00
2015.03.05 15:50:58.290,0.96934,0.96951,1.20,1.17
2015.03.05 15:50:59.909,0.96933,0.96949,1.45,1.00
2015.03.05 15:51:00.012,0.96931,0.96949,1.47,1.65
2015.03.05 15:51:00.529,0.9693,0.96948,1.55,1.65
2015.03.05 15:51:01.145,0.9693,0.96948,1.55,1.65
2015.03.05 15:51:01.362,0.9693,0.96947,1.55,1.10
2015.03.05 15:51:01.414,0.9693,0.96947,1.37,1.65
2015.03.05 15:51:01.822,0.9693,0.96949,1.55,1.65
2015.03.05 15:51:02.299,0.96932,0.9695,1.27,1.17
2015.03.05 15:51:03.387,0.96932,0.96949,1.55,1.10
2015.03.05 15:51:04.001,0.96932,0.9695,2.02,1.20
2015.03.05 15:51:07.228,0.96934,0.96951,1.52,1.00
2015.03.05 15:51:07.329,0.96935,0.96953,1.27,1.10
2015.03.05 15:51:09.337,0.96936,0.96953,1.27,1.00
2015.03.05 15:51:09.907,0.96936,0.96952,1.27,1.00
2015.03.05 15:51:11.038,0.96937,0.96954,1.52,1.00
2015.03.05 15:51:12.265,0.96936,0.96954,2.02,1.10
2015.03.05 15:51:14.740,0.96936,0.96954,1.65,1.17
2015.03.05 15:51:15.654,0.96936,0.96954,2.40,1.10
2015.03.05 15:51:16.062,0.96938,0.96956,1.15,1.00
2015.03.05 15:51:16.591,0.96938,0.96956,1.17,1.17
2015.03.05 15:51:17.156,0.96938,0.96956,1.10,1.15
2015.03.05 15:51:19.143,0.96938,0.96956,1.17,1.17
2015.03.05 15:51:19.665,0.96938,0.96955,1.20,1.07
2015.03.05 15:51:20.353,0.96938,0.96954,1.17,1.10
2015.03.05 15:51:20.962,0.96938,0.96954,1.10,1.10
2015.03.05 15:51:21.267,0.96937,0.9695,1.17,1.00
2015.03.05 15:51:22.008,0.96939,0.96956,1.00,1.15
2015.03.05 15:51:22.110,0.96939,0.96957,1.17,1.17
2015.03.05 15:51:24.417,0.96938,0.96956,4.57,1.00
2015.03.05 15:51:24.934,0.96938,0.96956,2.40,1.10
2015.03.05 15:51:25.901,0.9694,0.96956,1.07,1.00
2015.03.05 15:51:26.408,0.9694,0.96956,1.15,1.00
2015.03.05 15:51:27.133,0.96941,0.96957,1.17,1.00
2015.03.05 15:51:30.896,0.96945,0.96957,1.00,1.00
2015.03.05 15:51:32.009,0.96946,0.96963,1.00,2.32
2015.03.05 15:51:32.111,0.96949,0.96963,1.00,2.25
2015.03.05 15:51:32.162,0.96949,0.96965,1.00,1.15
2015.03.05 15:51:34.844,0.9695,0.96968,1.10,1.17
2015.03.05 15:51:37.346,0.96951,0.96968,1.00,1.17
2015.03.05 15:51:37.447,0.96951,0.96968,1.07,1.10
2015.03.05 15:51:42.187,0.96953,0.9697,1.17,1.57
2015.03.05 15:51:43.775,0.96957,0.96973,1.50,3.07
2015.03.05 15:51:43.826,0.96957,0.96975,1.57,1.17
2015.03.05 15:51:46.543,0.96959,0.96976,1.00,3.07
2015.03.05 15:51:47.100,0.9696,0.96976,1.00,3.07
2015.03.05 15:51:47.993,0.96959,0.96976,1.00,3.07
2015.03.05 15:51:53.095,0.96958,0.96976,1.00,3.82
2015.03.05 15:51:54.414,0.96959,0.96976,1.00,3.82
2015.03.05 15:51:57.794,0.9696,0.96978,1.00,6.00
2015.03.05 15:52:04.477,0.96961,0.96978,1.00,2.70
2015.03.05 15:52:04.833,0.96959,0.96977,1.00,4.20
2015.03.05 15:52:06.469,0.96958,0.96976,1.57,2.02
2015.03.05 15:52:06.927,0.96958,0.96976,1.57,2.02
2015.03.05 15:52:08.649,0.96969,0.96981,1.00,1.00
2015.03.05 15:52:09.360,0.96969,0.96981,1.37,1.00
2015.03.05 15:52:09.868,0.96969,0.96981,1.00,1.00
2015.03.05 15:52:13.832,0.96968,0.96981,3.00,1.00
2015.03.05 15:52:14.874,0.96968,0.96981,1.17,1.00
2015.03.05 15:52:28.005,0.9697,0.96981,1.00,1.00
2015.03.05 15:52:28.537,0.96966,0.96981,2.32,1.50
2015.03.05 15:52:34.826,0.96968,0.96981,2.32,1.00
2015.03.05 15:52:35.689,0.9697,0.96982,1.27,1.00
2015.03.05 15:52:35.994,0.96972,0.96982,1.17,1.00
2015.03.05 15:52:36.045,0.96973,0.96984,1.10,1.00
2015.03.05 15:52:36.097,0.96973,0.96988,1.17,1.00
2015.03.05 15:52:37.328,0.96974,0.96988,1.15,1.00
2015.03.05 15:52:37.382,0.96975,0.9699,1.15,1.12
2015.03.05 15:52:37.739,0.96975,0.9699,1.15,1.37
2015.03.05 15:52:37.943,0.96975,0.9699,1.15,1.12
2015.03.05 15:52:38.900,0.96986,0.96994,1.00,1.07
2015.03.05 15:52:38.954,0.96987,0.96996,1.00,2.32
2015.03.05 15:52:39.057,0.96987,0.96999,1.10,1.00
2015.03.05 15:52:39.568,0.96986,0.96999,1.17,1.00
2015.03.05 15:52:40.075,0.96987,0.96999,1.45,1.00
2015.03.05 15:52:40.126,0.96983,0.96997,1.37,2.32
2015.03.05 15:52:40.177,0.96983,0.96997,1.00,2.32
2015.03.05 15:52:40.228,0.96981,0.96995,1.57,1.50
2015.03.05 15:52:40.533,0.96979,0.96992,1.17,1.00
2015.03.05 15:52:40.938,0.96977,0.96992,1.17,1.00
2015.03.05 15:52:41.555,0.9698,0.96992,1.00,1.00
2015.03.05 15:52:42.066,0.96979,0.96992,1.00,1.00
2015.03.05 15:52:43.081,0.96978,0.96992,1.10,1.00
2015.03.05 15:52:47.491,0.96976,0.96994,1.15,1.20
2015.03.05 15:52:48.499,0.96976,0.96993,1.15,1.00
2015.03.05 15:52:48.702,0.96976,0.96991,1.15,1.00
2015.03.05 15:52:49.104,0.96976,0.96994,1.15,1.95
2015.03.05 15:52:49.620,0.96976,0.96993,1.15,1.00
2015.03.05 15:52:50.178,0.96976,0.96994,1.15,1.20
2015.03.05 15:52:53.080,0.96976,0.96991,1.65,1.00
2015.03.05 15:52:53.384,0.96978,0.96993,1.10,1.00
2015.03.05 15:52:53.436,0.9698,0.96993,1.00,1.00
2015.03.05 15:52:53.794,0.96978,0.96993,1.10,1.00
2015.03.05 15:52:55.947,0.96978,0.96991,1.10,1.00
2015.03.05 15:52:56.404,0.96976,0.96991,1.65,1.00
2015.03.05 15:52:56.708,0.96976,0.96991,3.82,1.00
2015.03.05 15:52:59.407,0.96978,0.96993,1.17,1.00
2015.03.05 15:52:59.920,0.96977,0.96987,1.15,1.00
2015.03.05 15:53:00.073,0.96972,0.96986,1.00,1.00
2015.03.05 15:53:00.585,0.96973,0.96986,1.00,1.00
2015.03.05 15:53:02.917,0.96987,0.96992,1.00,2.17
2015.03.05 15:53:02.971,0.96996,0.97012,1.00,2.02
2015.03.05 15:53:06.289,0.96994,0.97009,1.10,1.50
2015.03.05 15:53:06.441,0.9699,0.97004,1.10,2.62
2015.03.05 15:53:06.595,0.96984,0.97001,1.00,1.15
2015.03.05 15:53:08.195,0.96983,0.97001,1.10,1.27
2015.03.05 15:53:08.708,0.96982,0.96998,1.17,1.00
2015.03.05 15:53:09.224,0.96982,0.96998,1.00,1.17
2015.03.05 15:53:10.885,0.96982,0.96998,1.00,3.07
2015.03.05 15:53:12.090,0.9698,0.96996,1.00,1.07
2015.03.05 15:53:12.141,0.9698,0.96993,1.00,1.00
2015.03.05 15:53:15.671,0.9698,0.96992,1.00,1.00
2015.03.05 15:53:16.193,0.9698,0.96992,1.00,1.17
2015.03.05 15:53:16.347,0.96976,0.96989,1.00,1.00
2015.03.05 15:53:16.754,0.96973,0.96988,1.00,1.10
2015.03.05 15:53:19.441,0.96972,0.96989,1.10,1.17
2015.03.05 15:53:20.610,0.96972,0.96986,1.10,1.00
2015.03.05 15:53:20.661,0.96968,0.96986,1.65,1.10
2015.03.05 15:53:20.712,0.96968,0.9698,1.07,1.00
2015.03.05 15:53:20.763,0.96966,0.9698,1.00,1.00
2015.03.05 15:53:21.169,0.96964,0.96979,1.00,1.10
2015.03.05 15:53:23.820,0.96964,0.9698,1.00,2.32
2015.03.05 15:53:23.972,0.96962,0.96976,1.00,1.00
2015.03.05 15:53:24.875,0.96962,0.96974,1.00,1.00
2015.03.05 15:53:28.624,0.96962,0.96973,1.00,1.00
2015.03.05 15:53:29.152,0.96962,0.96974,1.00,1.00
2015.03.05 15:53:30.343,0.96957,0.96974,3.07,1.00
2015.03.05 15:53:30.854,0.96961,0.96973,1.00,1.00
2015.03.05 15:53:31.879,0.96961,0.96972,1.00,1.00
2015.03.05 15:53:32.082,0.96961,0.96975,1.00,1.17
2015.03.05 15:53:33.943,0.96962,0.96978,1.00,1.15
2015.03.05 15:53:37.263,0.96964,0.96979,1.00,4.20
2015.03.05 15:53:37.469,0.96965,0.9698,1.10,1.00
2015.03.05 15:53:37.572,0.96967,0.9698,1.00,1.00
2015.03.05 15:53:39.173,0.96967,0.96981,1.00,1.10
2015.03.05 15:53:39.535,0.96967,0.96986,1.10,4.57
2015.03.05 15:53:39.636,0.96968,0.96986,1.17,1.17
2015.03.05 15:53:39.941,0.96971,0.96986,1.00,1.17
2015.03.05 15:53:41.727,0.96973,0.96988,1.00,1.17
2015.03.05 15:53:46.962,0.96973,0.96989,1.10,1.10
2015.03.05 15:53:47.471,0.96974,0.96989,1.00,1.10
2015.03.05 15:53:49.848,0.96974,0.96989,1.00,1.07
2015.03.05 15:53:50.357,0.96975,0.96989,1.00,1.00
2015.03.05 15:53:50.720,0.96977,0.9699,1.00,1.00
2015.03.05 15:53:51.227,0.96977,0.96991,1.17,1.00
2015.03.05 15:53:52.700,0.96979,0.96991,1.00,1.00
2015.03.05 15:53:54.377,0.96981,0.96996,1.17,1.00
2015.03.05 15:53:54.915,0.96981,0.96997,1.17,1.00
2015.03.05 15:53:55.886,0.96981,0.96997,1.10,1.10
2015.03.05 15:54:01.537,0.96982,0.96997,1.00,1.10
2015.03.05 15:54:01.588,0.96982,0.96997,1.15,1.00
2015.03.05 15:54:05.488,0.96982,0.96992,1.00,2.32
2015.03.05 15:54:05.589,0.96978,0.9699,1.00,2.32
2015.03.05 15:54:05.691,0.96975,0.9699,1.00,3.07
2015.03.05 15:54:06.199,0.96974,0.96988,1.00,1.15
2015.03.05 15:54:07.761,0.96974,0.9699,1.00,3.07
2015.03.05 15:54:09.219,0.96974,0.9699,1.00,1.17
2015.03.05 15:54:09.691,0.96975,0.96988,1.00,1.17
2015.03.05 15:54:10.864,0.96975,0.96989,1.00,1.17
2015.03.05 15:54:12.211,0.96975,0.96987,1.00,1.00
2015.03.05 15:54:12.723,0.96974,0.96987,1.00,1.00
2015.03.05 15:54:13.596,0.96979,0.96988,1.00,1.07
2015.03.05 15:54:13.647,0.96979,0.96993,1.00,1.17
2015.03.05 15:54:13.699,0.96981,0.96993,1.00,1.17
2015.03.05 15:54:17.911,0.96981,0.96995,1.00,1.15
2015.03.05 15:54:23.028,0.96981,0.96994,1.00,1.10
2015.03.05 15:54:28.193,0.96981,0.96992,1.00,1.00
2015.03.05 15:54:29.409,0.96981,0.96993,1.00,1.10
2015.03.05 15:54:29.460,0.96978,0.96993,1.00,1.15
2015.03.05 15:54:38.982,0.96977,0.96993,1.00,1.15
2015.03.05 15:54:39.587,0.96979,0.96994,1.00,3.07
2015.03.05 15:54:40.096,0.96979,0.96993,1.00,1.17
2015.03.05 15:54:43.324,0.96981,0.96993,1.00,1.10
2015.03.05 15:54:49.937,0.96979,0.96994,1.00,1.07
2015.03.05 15:54:52.957,0.96979,0.96994,1.17,1.00
2015.03.05 15:54:53.468,0.96976,0.96991,1.15,1.00
2015.03.05 15:54:53.572,0.96974,0.96991,1.00,1.15
2015.03.05 15:54:54.184,0.96972,0.96989,1.00,4.57
2015.03.05 15:54:54.665,0.9697,0.96983,1.10,1.00
2015.03.05 15:54:55.951,0.96979,0.96983,1.00,1.00
2015.03.05 15:54:56.003,0.96979,0.96989,1.00,2.25
2015.03.05 15:54:56.054,0.96976,0.96989,1.07,1.00
2015.03.05 15:54:56.156,0.96974,0.96992,1.57,1.15
2015.03.05 15:55:02.826,0.96973,0.9699,1.00,1.15
2015.03.05 15:55:04.101,0.96973,0.9699,1.10,1.07
2015.03.05 15:55:04.472,0.96974,0.96992,1.17,1.17
2015.03.05 15:55:05.822,0.96974,0.96991,1.00,3.07
2015.03.05 15:55:06.129,0.96972,0.96991,1.10,3.82
2015.03.05 15:55:07.985,0.96972,0.96991,1.17,1.15
2015.03.05 15:55:10.350,0.96972,0.96985,1.00,4.50
2015.03.05 15:55:10.710,0.96971,0.96983,1.00,2.32
2015.03.05 15:55:11.613,0.96971,0.96984,1.00,2.32
2015.03.05 15:55:12.749,0.96971,0.96986,1.00,3.07
2015.03.05 15:55:14.565,0.96971,0.96984,1.00,2.32
2015.03.05 15:55:15.638,0.96971,0.96982,1.00,2.32
2015.03.05 15:55:16.046,0.96964,0.96978,1.00,1.15
2015.03.05 15:55:16.351,0.96961,0.96978,1.50,1.15
2015.03.05 15:55:16.453,0.96968,0.96979,1.00,4.50
2015.03.05 15:55:16.555,0.96968,0.96981,1.00,2.32
2015.03.05 15:55:18.381,0.96968,0.9698,1.00,2.32
2015.03.05 15:55:19.095,0.96968,0.96981,1.00,2.32
2015.03.05 15:55:19.147,0.96968,0.96979,1.00,2.32
2015.03.05 15:55:19.198,0.96961,0.96977,1.37,1.15
2015.03.05 15:55:19.659,0.96968,0.96981,1.00,2.32
2015.03.05 15:55:20.033,0.96968,0.96979,1.00,3.07
2015.03.05 15:55:20.084,0.96959,0.96977,3.07,1.65
2015.03.05 15:55:20.663,0.96968,0.96977,1.00,1.00
2015.03.05 15:55:20.970,0.9696,0.96979,1.65,1.15
2015.03.05 15:55:21.480,0.9696,0.96977,1.57,1.17
2015.03.05 15:55:21.983,0.9696,0.96977,3.07,1.17
2015.03.05 15:55:23.431,0.96964,0.96977,1.00,1.00
2015.03.05 15:55:23.486,0.96964,0.96979,1.10,1.00
2015.03.05 15:55:24.336,0.96964,0.96979,1.85,1.00
2015.03.05 15:55:25.451,0.96965,0.96983,1.90,1.57
2015.03.05 15:55:26.698,0.96969,0.96983,1.00,1.00
2015.03.05 15:55:30.382,0.96968,0.96983,1.20,1.00
2015.03.05 15:55:31.340,0.96967,0.96982,1.65,1.00
2015.03.05 15:55:31.848,0.96965,0.9698,2.40,1.00
2015.03.05 15:55:33.441,0.96964,0.9698,3.07,1.00
2015.03.05 15:55:37.295,0.96966,0.96982,1.17,1.00
2015.03.05 15:55:38.556,0.96962,0.96975,1.75,1.00
2015.03.05 15:55:39.075,0.9696,0.96977,1.90,1.00
2015.03.05 15:55:40.207,0.9696,0.96977,1.52,1.00
2015.03.05 15:55:44.207,0.9696,0.96976,1.52,1.00
2015.03.05 15:55:44.715,0.96959,0.96976,1.55,1.10
2015.03.05 15:55:45.226,0.96959,0.96974,1.55,1.00
2015.03.05 15:55:46.831,0.9696,0.96976,1.47,1.10
2015.03.05 15:55:47.345,0.9696,0.96976,1.20,1.10
2015.03.05 15:55:48.011,0.96958,0.96972,3.07,1.00
2015.03.05 15:55:48.216,0.96956,0.96972,1.17,1.00
2015.03.05 15:55:50.710,0.96955,0.96972,1.27,1.10
2015.03.05 15:55:52.940,0.96954,0.96972,1.55,1.65
2015.03.05 15:55:53.403,0.96954,0.96972,1.37,3.82
2015.03.05 15:55:53.707,0.96951,0.96967,2.00,1.00
2015.03.05 15:55:53.860,0.96951,0.96969,2.00,1.57
2015.03.05 15:55:56.035,0.96951,0.96967,3.97,1.00
2015.03.05 15:55:56.671,0.96951,0.96969,3.97,1.50
2015.03.05 15:55:58.173,0.96954,0.96972,2.02,1.57
2015.03.05 15:55:59.514,0.96954,0.96972,3.90,1.50
2015.03.05 15:56:02.125,0.96952,0.96969,1.90,1.00
2015.03.05 15:56:03.179,0.96952,0.96969,1.27,1.00
2015.03.05 15:56:06.050,0.96953,0.96969,3.15,1.00
2015.03.05 15:56:06.101,0.96953,0.96971,3.90,1.57
2015.03.05 15:56:07.445,0.96956,0.96971,3.45,1.00
2015.03.05 15:56:07.496,0.96956,0.96973,3.45,1.00
2015.03.05 15:56:09.750,0.96956,0.96973,1.65,1.10
2015.03.05 15:56:11.972,0.96955,0.96971,2.00,1.00
2015.03.05 15:56:12.127,0.96954,0.96971,1.17,1.10
2015.03.05 15:56:13.636,0.96952,0.9697,4.27,1.50
2015.03.05 15:56:14.143,0.96953,0.9697,1.17,1.10
2015.03.05 15:56:16.566,0.96953,0.9697,1.10,1.17
2015.03.05 15:56:21.314,0.9695,0.96963,3.52,1.00
2015.03.05 15:56:21.416,0.9695,0.96963,1.20,1.00
2015.03.05 15:56:23.573,0.96948,0.96963,1.10,1.00
2015.03.05 15:56:26.407,0.96949,0.96963,1.00,1.00
2015.03.05 15:56:26.509,0.96949,0.96965,1.07,1.00
2015.03.05 15:56:26.763,0.9695,0.96968,1.27,1.57
2015.03.05 15:56:27.118,0.9695,0.96968,3.52,1.00
2015.03.05 15:56:27.628,0.96953,0.96969,1.10,1.10
2015.03.05 15:56:28.135,0.96953,0.96969,1.07,1.00
2015.03.05 15:56:29.358,0.96955,0.96969,1.00,1.00
2015.03.05 15:56:29.974,0.96954,0.96969,1.29,1.00
2015.03.05 15:56:31.267,0.96954,0.96972,1.29,1.17
2015.03.05 15:56:35.014,0.96954,0.96971,1.00,2.25
2015.03.05 15:56:35.167,0.96948,0.96966,1.10,3.07
2015.03.05 15:56:35.218,0.96947,0.96961,1.10,1.00
2015.03.05 15:56:35.731,0.96946,0.96962,1.65,1.00
2015.03.05 15:56:36.495,0.96946,0.96963,1.15,1.00
2015.03.05 15:56:36.806,0.96947,0.96963,2.32,1.50
2015.03.05 15:56:38.527,0.96943,0.96956,2.32,1.00
2015.03.05 15:56:38.832,0.96943,0.96953,2.25,1.00
2015.03.05 15:56:38.883,0.9694,0.96953,1.72,1.00
2015.03.05 15:56:38.985,0.96939,0.96956,1.05,1.50
2015.03.05 15:56:39.036,0.9694,0.96956,3.15,1.50
2015.03.05 15:56:39.290,0.96939,0.96956,2.17,1.50
2015.03.05 15:56:39.493,0.96939,0.96954,1.60,1.00
2015.03.05 15:56:39.596,0.9694,0.96956,1.12,1.00
2015.03.05 15:56:39.647,0.9694,0.96956,3.45,1.00
2015.03.05 15:56:40.210,0.96941,0.96956,1.25,1.00
2015.03.05 15:56:40.516,0.9694,0.96953,1.35,1.00
2015.03.05 15:56:41.480,0.96941,0.96957,2.32,1.00
2015.03.05 15:56:43.541,0.9694,0.96957,2.77,1.50
2015.03.05 15:56:43.592,0.96939,0.96953,5.40,1.00
2015.03.05 15:56:47.335,0.96941,0.96957,1.17,1.00
2015.03.05 15:56:47.855,0.96943,0.96957,1.10,1.00
2015.03.05 15:56:48.675,0.96943,0.96953,1.00,1.00
2015.03.05 15:56:49.202,0.96939,0.96953,1.72,1.00
2015.03.05 15:56:51.060,0.9694,0.96953,1.27,1.00
2015.03.05 15:56:59.399,0.9694,0.96954,1.27,1.00
2015.03.05 15:57:00.988,0.9694,0.96956,4.27,1.00
2015.03.05 15:57:01.090,0.96942,0.96958,1.17,1.00
2015.03.05 15:57:04.048,0.96942,0.96958,4.35,1.00
2015.03.05 15:57:06.353,0.96942,0.96958,3.52,1.00
2015.03.05 15:57:07.964,0.96943,0.96959,1.57,1.10
2015.03.05 15:57:09.201,0.96944,0.96959,1.10,1.10
2015.03.05 15:57:09.763,0.96944,0.96959,1.17,1.00
2015.03.05 15:57:10.635,0.96944,0.96957,1.17,1.00
2015.03.05 15:57:11.145,0.96944,0.96958,1.10,1.00
2015.03.05 15:57:11.727,0.96944,0.96959,1.10,1.50
2015.03.05 15:57:20.159,0.96942,0.96959,2.02,1.07
2015.03.05 15:57:20.477,0.9694,0.96954,2.17,1.00
2015.03.05 15:57:22.236,0.96946,0.96959,1.00,1.17
2015.03.05 15:57:22.438,0.9695,0.96966,1.15,1.00
2015.03.05 15:57:22.961,0.96949,0.96965,3.07,1.00
2015.03.05 15:57:26.905,0.96952,0.96966,1.27,1.00
2015.03.05 15:57:27.007,0.96952,0.96969,3.45,1.00
2015.03.05 15:57:27.427,0.96956,0.96972,1.10,1.95
2015.03.05 15:57:28.495,0.96956,0.96972,1.15,1.37
2015.03.05 15:57:29.038,0.96956,0.96972,1.17,1.00
2015.03.05 15:57:29.546,0.96956,0.96972,3.07,1.00
2015.03.05 15:57:29.649,0.96961,0.96976,1.00,1.07
2015.03.05 15:57:29.700,0.96961,0.96976,3.07,1.00
2015.03.05 15:57:30.006,0.96959,0.96971,1.10,1.00
2015.03.05 15:57:30.825,0.96959,0.96971,1.17,1.00
2015.03.05 15:57:30.876,0.96959,0.96977,1.65,1.27
2015.03.05 15:57:30.927,0.9696,0.96977,2.32,1.12
2015.03.05 15:57:31.181,0.96967,0.96982,1.00,1.20
2015.03.05 15:57:31.282,0.96969,0.96983,1.00,1.00
2015.03.05 15:57:31.740,0.96969,0.96985,1.10,1.10
2015.03.05 15:57:32.247,0.9697,0.96985,1.10,1.00
2015.03.05 15:57:32.451,0.96967,0.96985,1.17,1.65
2015.03.05 15:57:32.502,0.9697,0.96985,1.00,1.07
2015.03.05 15:57:32.959,0.96971,0.96988,1.65,1.20
2015.03.05 15:57:33.386,0.96974,0.9699,1.00,2.65
2015.03.05 15:57:33.437,0.96974,0.96992,1.17,1.00
2015.03.05 15:57:33.539,0.96976,0.96994,1.17,1.27
2015.03.05 15:57:33.844,0.96977,0.96996,1.15,1.27
2015.03.05 15:57:34.149,0.9698,0.96996,1.17,1.20
2015.03.05 15:57:35.114,0.9699,0.96998,1.00,1.52
2015.03.05 15:57:37.093,0.96992,0.97001,1.00,1.45
2015.03.05 15:57:37.144,0.96992,0.97002,1.00,1.45
2015.03.05 15:57:37.602,0.96995,0.97005,1.00,1.35
2015.03.05 15:57:38.110,0.96995,0.97007,1.00,1.27
2015.03.05 15:57:38.212,0.96997,0.97007,1.00,1.07
2015.03.05 15:57:38.263,0.96997,0.97009,1.00,1.07
2015.03.05 15:57:38.771,0.96998,0.97009,1.00,1.07
2015.03.05 15:57:40.807,0.96998,0.9701,1.50,1.07
2015.03.05 15:57:40.916,0.97002,0.97011,1.00,1.07
2015.03.05 15:57:42.454,0.97003,0.97011,1.00,1.07
2015.03.05 15:57:42.658,0.97003,0.97014,1.00,1.57
2015.03.05 15:57:42.963,0.97002,0.97012,1.00,3.75
2015.03.05 15:57:44.045,0.97003,0.97011,1.00,1.07
2015.03.05 15:57:44.352,0.97004,0.97013,1.00,1.07
2015.03.05 15:57:44.758,0.97006,0.97014,1.00,1.07
2015.03.05 15:57:45.215,0.97006,0.97016,1.00,1.07
2015.03.05 15:57:45.621,0.97007,0.97019,1.00,1.20
2015.03.05 15:57:45.672,0.97009,0.97019,1.00,1.95
2015.03.05 15:57:45.774,0.9701,0.97021,1.00,1.57
2015.03.05 15:57:45.875,0.97013,0.97024,1.00,1.27
2015.03.05 15:57:46.180,0.97014,0.97029,1.00,4.65
2015.03.05 15:57:46.486,0.97017,0.97029,1.00,5.40
2015.03.05 15:57:46.875,0.97017,0.97029,1.00,2.40
2015.03.05 15:57:46.978,0.97022,0.97031,1.00,1.07
2015.03.05 15:57:47.081,0.97022,0.97039,1.00,2.40
2015.03.05 15:57:47.183,0.97025,0.97039,1.00,2.40
2015.03.05 15:57:47.589,0.97027,0.9704,1.00,1.27
2015.03.05 15:57:47.994,0.97029,0.9704,1.00,1.25
2015.03.05 15:57:48.501,0.9703,0.9704,1.00,1.07
2015.03.05 15:57:49.008,0.9703,0.97041,1.00,1.07
2015.03.05 15:57:49.313,0.97032,0.97044,1.00,3.97
2015.03.05 15:57:49.568,0.97033,0.97046,1.00,4.72
2015.03.05 15:57:50.484,0.97033,0.97045,1.00,1.22
2015.03.05 15:57:50.802,0.97035,0.97045,1.00,1.22
2015.03.05 15:57:50.904,0.97033,0.97046,1.00,3.07
2015.03.05 15:57:51.006,0.97037,0.97048,1.00,5.32
2015.03.05 15:57:51.158,0.97037,0.9705,1.00,3.90
2015.03.05 15:57:51.209,0.97039,0.97051,1.00,5.32
2015.03.05 15:57:51.412,0.97037,0.97051,1.00,6.00
2015.03.05 15:57:51.716,0.97037,0.97048,1.00,4.57
2015.03.05 15:57:52.333,0.97037,0.97047,1.00,2.32
2015.03.05 15:57:52.840,0.97037,0.97046,1.00,2.40
2015.03.05 15:57:53.195,0.97036,0.97043,1.00,3.00
2015.03.05 15:57:53.398,0.97025,0.97032,1.20,1.00
2015.03.05 15:57:53.449,0.97028,0.97039,1.00,6.00
2015.03.05 15:57:53.500,0.97028,0.97039,1.00,1.15
2015.03.05 15:57:53.551,0.9703,0.97039,1.00,1.15
2015.03.05 15:57:53.653,0.97026,0.9704,1.00,1.27
2015.03.05 15:57:53.704,0.97026,0.97036,1.00,1.00
2015.03.05 15:57:54.010,0.97029,0.97043,1.00,5.02
2015.03.05 15:57:54.416,0.9703,0.97045,1.00,3.97
2015.03.05 15:57:56.070,0.97036,0.97047,1.00,3.07
2015.03.05 15:57:56.122,0.97036,0.97049,1.00,3.82
2015.03.05 15:57:56.680,0.97033,0.97049,1.00,3.82
2015.03.05 15:57:57.207,0.97031,0.97048,1.50,2.32
2015.03.05 15:57:58.951,0.97031,0.97049,1.10,3.07
2015.03.05 15:57:59.459,0.97032,0.97049,1.50,1.15
2015.03.05 15:57:59.972,0.97032,0.97049,1.50,3.82
2015.03.05 15:58:00.293,0.97034,0.97049,1.00,4.57
2015.03.05 15:58:00.800,0.97034,0.97045,1.00,1.00
2015.03.05 15:58:01.227,0.97036,0.97046,1.00,1.10
2015.03.05 15:58:01.329,0.97036,0.97048,1.00,1.10
2015.03.05 15:58:02.616,0.97033,0.97048,1.00,1.20
2015.03.05 15:58:02.718,0.97035,0.97048,1.00,1.20
2015.03.05 15:58:03.348,0.97035,0.97049,1.00,3.82
2015.03.05 15:58:03.703,0.97037,0.97049,1.00,3.82
2015.03.05 15:58:03.907,0.97041,0.97054,1.00,2.47
2015.03.05 15:58:03.959,0.97041,0.97054,1.37,2.47
2015.03.05 15:58:04.063,0.97045,0.97058,1.37,3.07
2015.03.05 15:58:04.114,0.97049,0.97059,1.00,1.57
2015.03.05 15:58:04.165,0.97049,0.97057,1.00,1.00
2015.03.05 15:58:04.672,0.9705,0.97059,1.00,1.00
2015.03.05 15:58:05.180,0.9705,0.9706,1.00,1.10
2015.03.05 15:58:05.484,0.97048,0.97053,1.00,2.17
2015.03.05 15:58:06.260,0.97057,0.97064,2.92,3.07
2015.03.05 15:58:06.311,0.97068,0.97075,1.00,1.00
2015.03.05 15:58:06.362,0.97065,0.97078,1.00,1.72
2015.03.05 15:58:06.515,0.97067,0.97078,1.12,1.07
2015.03.05 15:58:06.566,0.97068,0.97081,1.00,1.72
2015.03.05 15:58:06.668,0.9707,0.97081,1.00,1.00
2015.03.05 15:58:06.770,0.9707,0.97083,1.00,1.50
2015.03.05 15:58:06.872,0.97072,0.97084,1.00,1.20
2015.03.05 15:58:07.179,0.97074,0.97079,1.00,1.00
2015.03.05 15:58:07.693,0.97074,0.97078,1.00,1.00
2015.03.05 15:58:08.150,0.97072,0.97078,1.12,1.00
2015.03.05 15:58:08.860,0.97081,0.97087,1.00,1.15
2015.03.05 15:58:08.912,0.97082,0.97089,1.00,2.25
2015.03.05 15:58:08.963,0.97087,0.97091,1.00,1.00
2015.03.05 15:58:09.065,0.97094,0.97102,1.00,1.17
2015.03.05 15:58:09.166,0.97094,0.97104,1.00,1.10
2015.03.05 15:58:09.673,0.97097,0.97107,1.00,1.27
2015.03.05 15:58:10.195,0.97097,0.97108,1.00,1.72
2015.03.05 15:58:11.767,0.97085,0.97092,2.92,2.90
2015.03.05 15:58:11.819,0.97078,0.97091,1.37,1.80
2015.03.05 15:58:12.326,0.97078,0.97089,1.00,1.10
2015.03.05 15:58:12.478,0.97078,0.9709,1.00,3.07
2015.03.05 15:58:12.529,0.97074,0.9709,1.00,5.25
2015.03.05 15:58:13.169,0.97074,0.97087,1.00,1.17
2015.03.05 15:58:13.424,0.97072,0.97087,1.12,1.15
2015.03.05 15:58:13.982,0.97072,0.97087,1.37,1.15
2015.03.05 15:58:14.236,0.97072,0.97089,1.47,1.17
2015.03.05 15:58:14.744,0.97072,0.97089,1.20,1.17
2015.03.05 15:58:14.998,0.97072,0.97085,1.20,1.00
2015.03.05 15:58:15.203,0.97072,0.97088,1.95,1.10
2015.03.05 15:58:15.304,0.97072,0.97084,1.10,3.00
2015.03.05 15:58:15.558,0.97068,0.97086,2.62,6.00
2015.03.05 15:58:15.660,0.97071,0.97086,1.37,1.15
2015.03.05 15:58:16.167,0.97071,0.97086,1.37,1.15
2015.03.05 15:58:16.582,0.97071,0.97086,1.37,1.10
2015.03.05 15:58:17.104,0.97074,0.97086,1.00,1.10
2015.03.05 15:58:17.408,0.97077,0.97089,1.37,1.00
2015.03.05 15:58:17.944,0.97077,0.9709,1.37,1.00
2015.03.05 15:58:18.097,0.97077,0.97092,1.47,1.00
2015.03.05 15:58:19.562,0.97083,0.97092,1.00,1.00
2015.03.05 15:58:20.485,0.97083,0.97093,1.00,1.00
2015.03.05 15:58:21.151,0.97083,0.97093,1.37,1.00
2015.03.05 15:58:22.133,0.97083,0.97098,1.10,1.10
2015.03.05 15:58:22.286,0.97083,0.97095,1.00,1.00
2015.03.05 15:58:24.263,0.97083,0.97096,1.00,1.00
2015.03.05 15:58:27.504,0.97082,0.97096,1.10,1.00
2015.03.05 15:58:28.625,0.97082,0.97095,1.10,1.00
2015.03.05 15:58:29.560,0.97082,0.97097,1.10,1.00
2015.03.05 15:58:29.967,0.97086,0.97101,1.00,2.40
2015.03.05 15:58:30.070,0.97087,0.97102,1.00,1.72
2015.03.05 15:58:30.276,0.97088,0.97102,1.07,1.07
2015.03.05 15:58:30.429,0.97088,0.97106,1.07,2.40
2015.03.05 15:58:30.733,0.97095,0.97108,1.00,2.47
2015.03.05 15:58:30.886,0.97096,0.97109,1.12,2.25
2015.03.05 15:58:30.937,0.97098,0.9711,1.00,3.75
2015.03.05 15:58:30.988,0.97098,0.97116,1.00,3.15
2015.03.05 15:58:31.242,0.97101,0.97115,1.00,1.17
2015.03.05 15:58:31.395,0.97101,0.97117,1.10,1.17
2015.03.05 15:58:31.446,0.97104,0.97117,1.00,1.17
2015.03.05 15:58:31.954,0.97104,0.97118,1.00,1.07
2015.03.05 15:58:32.056,0.97101,0.9712,1.10,7.65
2015.03.05 15:58:32.259,0.97104,0.97118,1.00,1.72
2015.03.05 15:58:32.615,0.97105,0.97119,1.10,1.10
2015.03.05 15:58:32.667,0.97105,0.9712,1.55,1.00
2015.03.05 15:58:32.921,0.97102,0.97119,1.20,1.17
2015.03.05 15:58:33.225,0.97102,0.97118,1.00,1.15
2015.03.05 15:58:33.530,0.97098,0.97114,1.95,4.72
2015.03.05 15:58:34.037,0.97098,0.97112,1.00,1.20
2015.03.05 15:58:35.220,0.97098,0.97111,1.00,1.00
2015.03.05 15:58:35.592,0.97096,0.9711,1.50,1.10
2015.03.05 15:58:35.694,0.97096,0.97108,1.00,1.07
2015.03.05 15:58:35.795,0.97096,0.9711,1.00,2.47
2015.03.05 15:58:36.252,0.97099,0.9711,1.00,1.07
2015.03.05 15:58:36.353,0.97099,0.97112,1.00,1.17
2015.03.05 15:58:36.882,0.97101,0.97113,1.00,1.07
2015.03.05 15:58:37.791,0.97101,0.97115,1.50,1.07
2015.03.05 15:58:38.096,0.97103,0.97115,1.00,1.07
2015.03.05 15:58:38.248,0.97104,0.97117,1.00,1.07
2015.03.05 15:58:38.400,0.97106,0.97119,1.00,1.50
2015.03.05 15:58:38.704,0.971,0.97114,1.00,1.15
2015.03.05 15:58:38.806,0.97103,0.97118,1.00,3.07
2015.03.05 15:58:39.009,0.97103,0.97117,1.00,1.10
2015.03.05 15:58:39.111,0.97103,0.97116,1.00,1.17
2015.03.05 15:58:39.212,0.97103,0.97119,1.50,3.22
2015.03.05 15:58:39.314,0.97106,0.9712,1.00,2.40
2015.03.05 15:58:39.618,0.97106,0.97116,1.00,1.00
2015.03.05 15:58:40.125,0.97106,0.97117,1.00,1.10
2015.03.05 15:58:40.835,0.97104,0.97118,1.10,1.57
2015.03.05 15:58:40.988,0.97104,0.97113,1.10,1.00
2015.03.05 15:58:41.140,0.97102,0.97113,1.00,1.00
2015.03.05 15:58:41.191,0.97102,0.9711,1.00,1.00
2015.03.05 15:58:41.345,0.97097,0.9711,1.27,1.00
2015.03.05 15:58:41.548,0.97099,0.97113,1.20,1.00
2015.03.05 15:58:43.425,0.97105,0.97114,1.00,1.00
2015.03.05 15:58:44.223,0.97101,0.97111,1.00,1.00
2015.03.05 15:58:45.513,0.97101,0.97112,1.00,1.00
2015.03.05 15:58:46.735,0.97101,0.9711,1.00,1.00
2015.03.05 15:58:47.192,0.97098,0.97109,1.00,1.00
2015.03.05 15:58:47.700,0.97098,0.9711,1.10,1.00
2015.03.05 15:58:48.005,0.97101,0.97111,1.00,1.00
2015.03.05 15:58:48.157,0.97101,0.97114,1.00,1.00
2015.03.05 15:58:48.412,0.97104,0.97114,1.00,1.00
2015.03.05 15:58:48.819,0.97099,0.97107,1.07,1.00
2015.03.05 15:58:48.870,0.97099,0.97107,1.00,1.00
2015.03.05 15:58:48.922,0.97103,0.97113,1.00,1.95
2015.03.05 15:58:48.973,0.97103,0.97114,1.00,1.00
2015.03.05 15:58:49.024,0.97108,0.97117,1.07,1.07
2015.03.05 15:58:49.126,0.97111,0.97125,1.07,1.95
2015.03.05 15:58:49.228,0.97118,0.97125,1.00,1.07
2015.03.05 15:58:49.621,0.97121,0.97132,1.00,2.25
2015.03.05 15:58:49.672,0.97121,0.97137,1.12,2.32
2015.03.05 15:58:49.774,0.97121,0.97139,1.12,3.90
2015.03.05 15:58:49.927,0.97121,0.97137,1.12,2.32
2015.03.05 15:58:50.434,0.97121,0.97137,1.37,2.32
2015.03.05 15:58:50.942,0.97116,0.97133,1.15,1.10
2015.03.05 15:58:51.044,0.97114,0.9713,1.57,2.25
2015.03.05 15:58:51.095,0.97114,0.9713,1.50,2.32
2015.03.05 15:58:51.146,0.97114,0.97128,1.50,2.32
2015.03.05 15:58:51.299,0.97117,0.97132,1.00,1.25
2015.03.05 15:58:51.350,0.97122,0.97133,1.00,1.22
2015.03.05 15:58:51.655,0.97136,0.9715,1.00,3.15
2015.03.05 15:58:51.757,0.97136,0.97152,1.00,2.40
2015.03.05 15:58:51.859,0.97138,0.97153,1.00,3.15
2015.03.05 15:58:52.062,0.97139,0.97156,1.00,3.15
2015.03.05 15:58:53.018,0.97141,0.97157,1.00,6.15
2015.03.05 15:58:53.323,0.97143,0.97157,1.15,1.10
2015.03.05 15:58:53.628,0.97144,0.97159,2.32,4.57
2015.03.05 15:58:53.935,0.97142,0.97156,3.07,1.57
2015.03.05 15:58:54.087,0.97141,0.97156,1.65,1.57
2015.03.05 15:58:55.203,0.97139,0.97156,1.10,1.25
2015.03.05 15:58:56.288,0.9714,0.97156,1.00,1.25
2015.03.05 15:58:56.549,0.97138,0.97146,1.17,1.00
2015.03.05 15:58:56.600,0.97132,0.97141,1.17,1.69
2015.03.05 15:58:56.651,0.97132,0.97146,1.17,1.50
2015.03.05 15:58:56.703,0.9713,0.97145,1.57,1.00
2015.03.05 15:58:56.805,0.9713,0.97149,1.65,2.85
2015.03.05 15:58:57.008,0.97134,0.97147,1.87,1.72
2015.03.05 15:58:58.377,0.97138,0.97147,1.07,1.65
2015.03.05 15:58:58.430,0.97149,0.9716,1.00,3.82
2015.03.05 15:58:58.482,0.97149,0.9716,1.00,1.50
2015.03.05 15:58:58.584,0.97155,0.97166,1.00,1.25
2015.03.05 15:58:58.686,0.97155,0.9717,1.00,1.07
2015.03.05 15:58:59.193,0.97156,0.97173,1.50,3.15
2015.03.05 15:58:59.838,0.9716,0.97173,1.00,1.25
2015.03.05 15:59:00.348,0.9716,0.97174,1.00,1.17
2015.03.05 15:59:00.654,0.97162,0.97174,1.00,1.10
2015.03.05 15:59:01.161,0.97163,0.97172,1.00,1.00
2015.03.05 15:59:01.213,0.97156,0.9717,1.00,2.32
2015.03.05 15:59:01.315,0.97156,0.97174,1.50,3.82
2015.03.05 15:59:01.367,0.97163,0.97174,1.00,3.07
2015.03.05 15:59:01.418,0.97163,0.97176,1.00,1.57
2015.03.05 15:59:01.672,0.97166,0.97179,1.00,2.32
2015.03.05 15:59:01.723,0.97166,0.97181,1.00,1.25
2015.03.05 15:59:01.977,0.97166,0.97176,1.00,1.37
2015.03.05 15:59:02.129,0.97154,0.97168,1.00,1.17
2015.03.05 15:59:02.332,0.97151,0.97166,1.00,1.00
2015.03.05 15:59:02.485,0.97151,0.97166,1.00,2.32
2015.03.05 15:59:02.993,0.97152,0.97166,1.00,3.07
2015.03.05 15:59:03.918,0.97159,0.97169,1.00,4.65
2015.03.05 15:59:04.020,0.97159,0.97169,1.00,1.17
2015.03.05 15:59:04.384,0.97159,0.97173,1.00,3.82
2015.03.05 15:59:04.436,0.97163,0.97175,1.00,1.35
2015.03.05 15:59:04.588,0.97163,0.97177,1.00,4.72
2015.03.05 15:59:04.640,0.97166,0.97178,1.00,2.32
2015.03.05 15:59:05.235,0.97172,0.97178,1.00,2.17
2015.03.05 15:59:05.287,0.97174,0.97185,1.00,1.52
2015.03.05 15:59:05.946,0.97173,0.97186,1.00,4.20
2015.03.05 15:59:07.076,0.97169,0.97186,1.00,4.20
2015.03.05 15:59:07.127,0.97169,0.97183,1.00,2.62
2015.03.05 15:59:07.280,0.97167,0.97183,1.00,2.70
2015.03.05 15:59:07.838,0.97167,0.97181,1.00,2.32
2015.03.05 15:59:07.939,0.97167,0.97184,1.00,2.77
2015.03.05 15:59:09.495,0.97165,0.97184,1.20,2.77
2015.03.05 15:59:09.799,0.97161,0.97179,1.25,1.20
2015.03.05 15:59:10.154,0.97165,0.97182,1.00,2.77
2015.03.05 15:59:11.075,0.9716,0.97182,3.90,2.70
2015.03.05 15:59:11.178,0.97165,0.97181,1.00,2.02
2015.03.05 15:59:11.229,0.97162,0.9718,1.17,1.27
2015.03.05 15:59:11.281,0.97162,0.9718,1.00,1.62
2015.03.05 15:59:11.484,0.9716,0.97178,1.30,1.57
2015.03.05 15:59:11.738,0.97156,0.97175,2.32,3.00
2015.03.05 15:59:11.790,0.97154,0.97172,1.65,1.10
2015.03.05 15:59:12.248,0.97155,0.97173,1.00,3.07
2015.03.05 15:59:12.755,0.97154,0.97172,1.17,1.17
2015.03.05 15:59:15.683,0.97154,0.97161,1.00,1.00
2015.03.05 15:59:15.736,0.97145,0.97161,1.31,1.00
2015.03.05 15:59:16.700,0.97144,0.97161,1.28,1.00
2015.03.05 15:59:17.208,0.97144,0.9716,1.28,1.00
2015.03.05 15:59:17.512,0.97144,0.97158,1.28,1.00
2015.03.05 15:59:17.817,0.97142,0.97154,1.25,1.00
2015.03.05 15:59:18.071,0.97138,0.97153,4.11,1.00
2015.03.05 15:59:18.730,0.97138,0.97152,2.40,1.00
2015.03.05 15:59:19.237,0.97137,0.97152,3.07,1.00
2015.03.05 15:59:19.289,0.97135,0.9715,3.90,1.00
2015.03.05 15:59:19.391,0.9714,0.97156,1.17,1.47
2015.03.05 15:59:19.443,0.97149,0.97156,1.00,1.10
2015.03.05 15:59:19.494,0.97149,0.9716,1.00,1.37
2015.03.05 15:59:19.546,0.97146,0.97159,1.00,1.87
2015.03.05 15:59:19.648,0.97143,0.97152,1.07,1.00
2015.03.05 15:59:19.699,0.9714,0.97152,1.07,1.00
2015.03.05 15:59:19.903,0.97139,0.97152,1.20,1.00
2015.03.05 15:59:21.758,0.97137,0.97152,1.07,1.00
2015.03.05 15:59:21.911,0.97136,0.97147,1.07,1.10
2015.03.05 15:59:22.012,0.97133,0.97147,1.47,1.17
2015.03.05 15:59:22.266,0.97135,0.97148,1.00,1.00
2015.03.05 15:59:22.367,0.97135,0.97151,1.17,1.00
2015.03.05 15:59:22.419,0.97136,0.97151,2.32,1.00
2015.03.05 15:59:22.521,0.97143,0.97158,1.55,1.57
2015.03.05 15:59:22.674,0.97145,0.97159,1.00,1.00
2015.03.05 15:59:22.776,0.97139,0.97156,2.40,1.15
2015.03.05 15:59:22.878,0.97139,0.97156,1.17,1.08
2015.03.05 15:59:23.030,0.97139,0.97155,1.22,1.00
2015.03.05 15:59:23.081,0.9714,0.97155,3.15,1.00
2015.03.05 15:59:23.335,0.97142,0.97157,1.17,1.00
2015.03.05 15:59:23.386,0.97145,0.97157,1.10,1.30
2015.03.05 15:59:23.641,0.97137,0.97153,1.00,1.34
2015.03.05 15:59:23.693,0.97142,0.97152,1.00,2.32
2015.03.05 15:59:23.795,0.97142,0.97158,1.00,1.17
2015.03.05 15:59:24.672,0.97143,0.9716,1.17,1.20
2015.03.05 15:59:25.182,0.97145,0.9716,1.00,1.20
2015.03.05 15:59:25.587,0.97147,0.9716,1.00,1.12
2015.03.05 15:59:26.199,0.97145,0.9716,1.20,1.00
2015.03.05 15:59:26.301,0.9715,0.9716,1.00,1.00
2015.03.05 15:59:26.403,0.9715,0.97165,1.00,1.15
2015.03.05 15:59:26.505,0.97152,0.97165,1.00,1.10
2015.03.05 15:59:26.760,0.97154,0.9717,1.00,1.15
2015.03.05 15:59:26.811,0.97154,0.9717,1.10,1.10
2015.03.05 15:59:27.013,0.97154,0.97171,1.00,2.32
2015.03.05 15:59:27.115,0.97154,0.97172,1.10,1.15
2015.03.05 15:59:27.217,0.97154,0.97172,1.15,1.10
2015.03.05 15:59:27.727,0.97154,0.97171,1.15,1.00
2015.03.05 15:59:28.545,0.97154,0.97172,1.15,1.10
2015.03.05 15:59:30.242,0.97161,0.97173,1.00,1.00
2015.03.05 15:59:30.749,0.97159,0.97173,1.17,1.00
2015.03.05 15:59:31.280,0.97162,0.97179,1.00,2.32
2015.03.05 15:59:31.333,0.97164,0.97183,2.32,1.07
2015.03.05 15:59:31.791,0.97165,0.97185,3.07,1.72
2015.03.05 15:59:32.840,0.97168,0.97185,1.00,3.90
2015.03.05 15:59:33.848,0.97166,0.97176,1.10,1.00
2015.03.05 15:59:34.155,0.97169,0.97183,1.00,1.27
2015.03.05 15:59:34.664,0.97167,0.97186,1.57,3.07
2015.03.05 15:59:35.334,0.97167,0.97184,1.00,1.15
2015.03.05 15:59:35.842,0.97167,0.97183,1.10,1.10
2015.03.05 15:59:37.079,0.97172,0.97191,1.10,2.32
2015.03.05 15:59:37.383,0.97175,0.97193,1.00,3.82
2015.03.05 15:59:37.740,0.97175,0.97188,1.00,1.37
2015.03.05 15:59:37.842,0.97168,0.97184,1.50,1.65
2015.03.05 15:59:37.944,0.97168,0.97182,1.00,1.15
2015.03.05 15:59:38.147,0.97168,0.97183,1.00,1.07
2015.03.05 15:59:38.300,0.97166,0.97183,1.10,1.07
2015.03.05 15:59:38.809,0.97166,0.97183,1.65,1.07
2015.03.05 15:59:39.622,0.97166,0.97183,1.10,1.07
2015.03.05 15:59:40.495,0.97164,0.97181,1.10,1.17
2015.03.05 15:59:40.952,0.97164,0.97177,1.10,1.00
2015.03.05 15:59:41.415,0.97164,0.97179,1.10,1.00
2015.03.05 15:59:41.466,0.97164,0.97179,1.15,1.00
2015.03.05 15:59:41.724,0.97165,0.97183,1.17,1.17
2015.03.05 15:59:41.775,0.97165,0.97183,1.00,3.07
2015.03.05 15:59:42.282,0.97164,0.97182,1.65,1.10
2015.03.05 15:59:42.537,0.97161,0.9717,2.32,4.20
2015.03.05 15:59:42.589,0.97159,0.9717,1.07,6.45
2015.03.05 15:59:42.690,0.97152,0.97165,1.07,1.17
2015.03.05 15:59:42.742,0.97152,0.97165,1.07,2.32
2015.03.05 15:59:42.793,0.97149,0.97164,1.10,2.32
2015.03.05 15:59:43.976,0.97149,0.97163,1.00,1.17
2015.03.05 15:59:44.491,0.97149,0.97163,1.00,1.10
2015.03.05 15:59:46.113,0.97149,0.97159,1.00,1.12
2015.03.05 15:59:46.621,0.97149,0.9716,1.00,1.00
2015.03.05 15:59:47.175,0.97149,0.97161,1.00,1.00
2015.03.05 15:59:48.279,0.97145,0.97161,2.40,1.37
2015.03.05 15:59:48.330,0.97144,0.97159,1.18,1.12
2015.03.05 15:59:48.382,0.97148,0.97159,1.00,1.00
2015.03.05 15:59:48.433,0.97148,0.97161,1.10,1.00
2015.03.05 15:59:49.042,0.97148,0.97162,1.00,1.10
2015.03.05 15:59:49.854,0.97148,0.97162,1.47,1.00
2015.03.05 15:59:50.363,0.97148,0.97163,1.47,1.00
2015.03.05 15:59:50.983,0.97148,0.97164,1.47,1.10
2015.03.05 15:59:51.491,0.9715,0.97163,1.00,1.00
2015.03.05 15:59:51.998,0.97151,0.97167,1.00,3.07
2015.03.05 15:59:52.752,0.9715,0.97162,1.00,2.32
2015.03.05 15:59:52.854,0.97148,0.97164,1.00,3.52
2015.03.05 15:59:52.957,0.97151,0.97164,1.00,1.00
2015.03.05 15:59:53.465,0.97153,0.97168,1.00,6.00
2015.03.05 15:59:54.187,0.97151,0.97166,1.12,1.15
2015.03.05 15:59:54.694,0.9715,0.97166,1.87,1.15
2015.03.05 15:59:56.046,0.97152,0.97166,1.00,1.15
2015.03.05 15:59:57.012,0.97152,0.97168,1.37,5.25
2015.03.05 15:59:57.671,0.97152,0.97168,1.37,5.25
2015.03.05 15:59:58.126,0.9715,0.97168,1.57,6.00
2015.03.05 15:59:59.384,0.9715,0.97165,1.00,1.15
