2017.10.27 15:00:00.516,0.99898,0.99908,1.50,1.87
2017.10.27 15:00:00.881,0.999,0.9991,1.50,1.12
2017.10.27 15:00:00.948,0.99898,0.99909,3.38,1.12
2017.10.27 15:00:01.000,0.999,0.9991,1.25,1.37
2017.10.27 15:00:01.052,0.999,0.99911,2.25,1.25
2017.10.27 15:00:01.547,0.99902,0.99913,1.69,1.87
2017.10.27 15:00:02.148,0.99902,0.99912,1.69,1.87
2017.10.27 15:00:04.114,0.99901,0.99911,2.44,1.87
2017.10.27 15:00:04.166,0.99901,0.99913,3.38,1.50
2017.10.27 15:00:04.474,0.99901,0.99911,2.06,1.00
2017.10.27 15:00:04.893,0.99901,0.99911,3.94,1.00
2017.10.27 15:00:05.050,0.99904,0.99916,1.37,6.19
2017.10.27 15:00:05.106,0.99904,0.99912,1.37,1.00
2017.10.27 15:00:05.424,0.999,0.99912,3.56,1.37
2017.10.27 15:00:05.528,0.99899,0.9991,3.00,1.12
2017.10.27 15:00:06.218,0.99901,0.99911,1.00,2.25
2017.10.27 15:00:06.682,0.99899,0.99908,1.12,1.00
2017.10.27 15:00:07.260,0.99899,0.9991,1.00,1.62
2017.10.27 15:00:07.570,0.99897,0.99909,2.06,1.87
2017.10.27 15:00:08.096,0.99896,0.99906,1.00,3.00
2017.10.27 15:00:08.532,0.99896,0.99905,3.37,1.81
2017.10.27 15:00:08.688,0.99895,0.99905,1.00,1.00
2017.10.27 15:00:08.793,0.99894,0.99904,2.00,1.37
2017.10.27 15:00:08.897,0.9989,0.99901,1.19,1.00
2017.10.27 15:00:08.949,0.99892,0.99903,1.19,2.44
2017.10.27 15:00:09.183,0.99893,0.99904,1.50,1.37
2017.10.27 15:00:09.749,0.99895,0.99908,2.25,4.50
2017.10.27 15:00:10.104,0.99895,0.99907,2.81,1.00
2017.10.27 15:00:10.466,0.99896,0.99908,1.37,2.25
2017.10.27 15:00:10.760,0.99898,0.99909,1.87,1.87
2017.10.27 15:00:10.811,0.99899,0.99911,3.19,4.69
2017.10.27 15:00:11.332,0.99898,0.99909,1.31,1.87
2017.10.27 15:00:11.801,0.99899,0.99912,3.94,3.37
2017.10.27 15:00:12.324,0.99901,0.99913,1.12,2.44
2017.10.27 15:00:12.840,0.99901,0.99912,1.12,1.50
2017.10.27 15:00:13.098,0.99899,0.99911,2.44,2.25
2017.10.27 15:00:13.361,0.99896,0.99907,1.12,2.81
2017.10.27 15:00:14.154,0.99894,0.99905,2.44,1.25
2017.10.27 15:00:14.258,0.99892,0.99903,3.94,1.00
2017.10.27 15:00:14.470,0.9989,0.99901,2.44,1.00
2017.10.27 15:00:14.624,0.99892,0.99904,1.87,3.37
2017.10.27 15:00:14.675,0.99892,0.99904,3.19,1.87
2017.10.27 15:00:15.221,0.99889,0.99901,2.25,2.06
2017.10.27 15:00:15.381,0.99893,0.99905,3.75,1.00
2017.10.27 15:00:15.485,0.99892,0.99902,2.81,1.00
2017.10.27 15:00:15.983,0.99893,0.99905,1.12,1.87
2017.10.27 15:00:16.542,0.99893,0.99904,1.00,2.62
2017.10.27 15:00:17.057,0.99894,0.99904,1.00,1.37
2017.10.27 15:00:17.576,0.99893,0.99902,1.12,1.37
2017.10.27 15:00:18.215,0.99891,0.99903,3.56,1.37
2017.10.27 15:00:18.523,0.99896,0.99901,1.00,1.31
2017.10.27 15:00:18.678,0.99899,0.99905,1.00,1.31
2017.10.27 15:00:18.730,0.99897,0.99905,1.00,1.31
2017.10.27 15:00:19.066,0.99899,0.99911,2.62,2.25
2017.10.27 15:00:19.118,0.99899,0.99911,3.00,1.50
2017.10.27 15:00:19.428,0.99898,0.99908,2.81,1.00
2017.10.27 15:00:19.480,0.99898,0.99907,1.12,1.00
2017.10.27 15:00:19.780,0.99901,0.99909,1.50,1.37
2017.10.27 15:00:20.087,0.99902,0.99913,2.44,1.75
2017.10.27 15:00:20.241,0.99906,0.99916,1.00,3.00
2017.10.27 15:00:20.293,0.99906,0.99916,1.00,1.87
2017.10.27 15:00:20.448,0.99906,0.99916,1.00,3.00
2017.10.27 15:00:20.955,0.99906,0.99916,1.00,3.00
2017.10.27 15:00:21.264,0.99904,0.9991,1.00,2.81
2017.10.27 15:00:21.494,0.99901,0.99912,5.25,1.12
2017.10.27 15:00:21.550,0.99904,0.99915,1.00,1.62
2017.10.27 15:00:21.809,0.99905,0.99915,1.00,1.87
2017.10.27 15:00:22.353,0.99906,0.99916,1.00,3.19
2017.10.27 15:00:22.665,0.99909,0.99917,1.00,2.62
2017.10.27 15:00:22.822,0.99909,0.99918,1.00,1.87
2017.10.27 15:00:22.927,0.99906,0.99916,2.25,2.62
2017.10.27 15:00:22.979,0.99906,0.99914,1.00,1.00
2017.10.27 15:00:23.302,0.99902,0.99912,2.81,2.06
2017.10.27 15:00:23.613,0.99904,0.99914,1.00,1.37
2017.10.27 15:00:23.873,0.99905,0.99915,1.00,1.87
2017.10.27 15:00:24.057,0.99907,0.99914,1.00,1.37
2017.10.27 15:00:24.110,0.99907,0.99915,1.00,1.00
2017.10.27 15:00:24.219,0.9991,0.99917,1.00,1.00
2017.10.27 15:00:24.271,0.9991,0.99921,1.87,2.44
2017.10.27 15:00:24.783,0.99916,0.99927,1.00,4.50
2017.10.27 15:00:25.298,0.99917,0.99927,1.00,4.50
2017.10.27 15:00:25.554,0.99919,0.99928,1.00,2.25
2017.10.27 15:00:26.073,0.99918,0.99927,1.12,2.44
2017.10.27 15:00:26.279,0.99915,0.99925,1.87,3.56
2017.10.27 15:00:26.780,0.99918,0.99927,1.00,2.62
2017.10.27 15:00:26.886,0.99919,0.99928,1.00,1.00
2017.10.27 15:00:27.988,0.99919,0.99927,1.00,1.00
2017.10.27 15:00:28.506,0.9992,0.99928,1.00,1.87
2017.10.27 15:00:29.630,0.99919,0.99927,1.00,1.87
2017.10.27 15:00:29.835,0.99916,0.99926,1.87,1.50
2017.10.27 15:00:30.207,0.99918,0.99927,1.00,3.19
2017.10.27 15:00:30.725,0.99918,0.99929,1.12,2.06
2017.10.27 15:00:31.047,0.9992,0.9993,1.00,3.38
2017.10.27 15:00:31.396,0.99918,0.99927,2.25,1.50
2017.10.27 15:00:31.960,0.99918,0.99928,2.25,1.87
2017.10.27 15:00:32.281,0.99918,0.99925,1.00,2.62
2017.10.27 15:00:32.384,0.99915,0.99924,1.00,1.25
2017.10.27 15:00:32.488,0.99918,0.99927,1.00,1.69
2017.10.27 15:00:32.540,0.99918,0.99927,1.00,1.50
2017.10.27 15:00:32.876,0.99916,0.99924,1.00,1.00
2017.10.27 15:00:33.083,0.99919,0.99928,1.12,1.00
2017.10.27 15:00:33.189,0.99917,0.99926,1.50,1.00
2017.10.27 15:00:33.500,0.9992,0.99928,1.00,2.81
2017.10.27 15:00:34.024,0.99919,0.99927,1.00,1.00
2017.10.27 15:00:34.327,0.9992,0.9993,1.12,3.37
2017.10.27 15:00:34.381,0.99922,0.99931,1.00,4.31
2017.10.27 15:00:34.487,0.99923,0.99933,1.00,4.31
2017.10.27 15:00:34.540,0.99922,0.9993,1.50,1.69
2017.10.27 15:00:34.644,0.9992,0.99929,1.12,1.12
2017.10.27 15:00:34.749,0.99918,0.99928,2.62,1.12
2017.10.27 15:00:35.748,0.99918,0.99926,1.50,1.87
2017.10.27 15:00:35.972,0.99915,0.99924,1.00,1.31
2017.10.27 15:00:36.484,0.99915,0.99923,1.00,2.06
2017.10.27 15:00:36.953,0.99917,0.99925,1.00,1.50
2017.10.27 15:00:37.260,0.99914,0.99922,1.00,1.13
2017.10.27 15:00:37.789,0.99912,0.99922,1.00,2.44
2017.10.27 15:00:37.840,0.99911,0.99919,1.12,1.00
2017.10.27 15:00:38.046,0.99912,0.99921,1.50,1.25
2017.10.27 15:00:38.149,0.99914,0.99922,1.00,1.87
2017.10.27 15:00:38.252,0.99915,0.99923,1.00,1.12
2017.10.27 15:00:38.756,0.99914,0.99924,1.50,2.06
2017.10.27 15:00:38.911,0.99916,0.99924,1.00,1.31
2017.10.27 15:00:39.015,0.99917,0.99925,1.00,1.50
2017.10.27 15:00:39.118,0.99918,0.99927,1.50,1.87
2017.10.27 15:00:39.539,0.99921,0.99927,1.00,1.12
2017.10.27 15:00:39.642,0.99921,0.9993,1.00,2.81
2017.10.27 15:00:39.694,0.99919,0.99928,1.00,1.00
2017.10.27 15:00:39.850,0.99917,0.99927,1.87,2.06
2017.10.27 15:00:39.955,0.99914,0.99921,1.00,1.50
2017.10.27 15:00:40.190,0.99911,0.99921,1.00,2.62
2017.10.27 15:00:40.244,0.99913,0.99921,1.00,1.37
2017.10.27 15:00:40.299,0.99913,0.99922,1.00,1.25
2017.10.27 15:00:40.609,0.99915,0.99923,1.00,2.25
2017.10.27 15:00:40.927,0.99915,0.99923,1.00,3.19
2017.10.27 15:00:41.287,0.99918,0.99925,1.00,1.00
2017.10.27 15:00:41.791,0.99918,0.99927,1.00,3.37
2017.10.27 15:00:41.945,0.99916,0.99924,1.00,2.06
2017.10.27 15:00:42.525,0.99916,0.99922,1.00,1.00
2017.10.27 15:00:42.577,0.99914,0.99924,1.00,2.44
2017.10.27 15:00:42.679,0.99916,0.99923,1.00,1.25
2017.10.27 15:00:42.833,0.99914,0.99924,1.50,2.06
2017.10.27 15:00:42.936,0.99914,0.99922,1.50,1.00
2017.10.27 15:00:43.039,0.99911,0.9992,1.00,3.00
2017.10.27 15:00:43.563,0.99911,0.99921,1.00,2.25
2017.10.27 15:00:43.615,0.9991,0.99918,1.00,1.00
2017.10.27 15:00:43.820,0.99912,0.99921,1.00,2.06
2017.10.27 15:00:43.922,0.99911,0.99919,1.00,1.50
2017.10.27 15:00:44.187,0.99912,0.99921,1.12,1.00
2017.10.27 15:00:44.934,0.99913,0.99922,1.00,1.25
2017.10.27 15:00:45.243,0.99914,0.99925,1.00,3.56
2017.10.27 15:00:45.500,0.99914,0.99923,1.00,1.00
2017.10.27 15:00:45.833,0.99913,0.99921,1.12,1.25
2017.10.27 15:00:46.349,0.99912,0.9992,1.12,1.00
2017.10.27 15:00:46.748,0.99914,0.99922,1.00,1.25
2017.10.27 15:00:47.059,0.9991,0.99915,1.87,1.00
2017.10.27 15:00:47.115,0.99909,0.99918,1.00,4.50
2017.10.27 15:00:47.168,0.99912,0.99918,1.00,1.12
2017.10.27 15:00:47.322,0.99913,0.99923,1.00,1.62
2017.10.27 15:00:47.516,0.99913,0.99923,1.37,1.62
2017.10.27 15:00:48.031,0.99914,0.99924,1.00,1.56
2017.10.27 15:00:48.390,0.99915,0.99925,1.00,2.44
2017.10.27 15:00:48.493,0.99914,0.99923,1.00,1.00
2017.10.27 15:00:49.326,0.99914,0.99922,1.00,1.00
2017.10.27 15:00:49.533,0.9992,0.99931,1.50,2.81
2017.10.27 15:00:50.754,0.9992,0.9993,1.87,2.06
2017.10.27 15:00:50.807,0.99923,0.99932,1.00,1.69
2017.10.27 15:00:51.143,0.9992,0.99929,1.00,1.19
2017.10.27 15:00:51.195,0.99921,0.99929,1.00,1.25
2017.10.27 15:00:51.248,0.99922,0.99929,1.87,1.31
2017.10.27 15:00:51.350,0.99923,0.99934,1.12,3.19
2017.10.27 15:00:51.402,0.99923,0.99935,1.50,5.06
2017.10.27 15:00:51.453,0.99923,0.99935,1.50,4.31
2017.10.27 15:00:51.505,0.99923,0.99935,3.37,1.69
2017.10.27 15:00:51.704,0.99926,0.99936,1.12,1.25
2017.10.27 15:00:51.807,0.99929,0.9994,1.12,4.31
2017.10.27 15:00:52.123,0.9993,0.9994,1.37,2.44
2017.10.27 15:00:52.425,0.99931,0.99942,1.37,1.50
2017.10.27 15:00:52.938,0.99932,0.99945,1.87,2.44
2017.10.27 15:00:53.092,0.99932,0.99944,3.00,1.31
2017.10.27 15:00:53.617,0.99933,0.99944,3.37,1.25
2017.10.27 15:00:54.241,0.99929,0.9994,1.87,4.31
2017.10.27 15:00:54.292,0.99932,0.99941,1.00,1.12
2017.10.27 15:00:54.344,0.99933,0.99944,3.75,3.56
2017.10.27 15:00:54.447,0.99933,0.99944,1.37,1.69
2017.10.27 15:00:55.201,0.99935,0.99945,1.37,1.69
2017.10.27 15:00:56.081,0.99936,0.99945,2.25,1.25
2017.10.27 15:00:56.186,0.99939,0.99949,1.00,1.69
2017.10.27 15:00:56.238,0.99939,0.9995,1.00,1.31
2017.10.27 15:00:56.291,0.99938,0.99949,1.50,1.19
2017.10.27 15:00:56.600,0.99937,0.99949,3.37,1.69
2017.10.27 15:00:57.806,0.99937,0.99948,1.75,1.00
2017.10.27 15:00:58.390,0.99937,0.99949,2.25,1.25
2017.10.27 15:00:58.954,0.99937,0.99947,1.37,1.00
2017.10.27 15:00:59.155,0.99935,0.99946,1.87,1.00
2017.10.27 15:00:59.207,0.99933,0.99943,1.00,1.25
2017.10.27 15:00:59.516,0.99931,0.99943,1.87,2.44
2017.10.27 15:01:00.049,0.99931,0.99944,1.50,5.06
2017.10.27 15:01:00.362,0.99932,0.99945,2.62,2.62
2017.10.27 15:01:00.875,0.99936,0.99945,1.00,1.31
2017.10.27 15:01:00.927,0.99935,0.99946,5.44,1.25
2017.10.27 15:01:01.441,0.99936,0.99946,1.87,2.44
2017.10.27 15:01:01.837,0.99936,0.99946,1.00,2.81
2017.10.27 15:01:02.047,0.99936,0.99946,1.87,1.31
2017.10.27 15:01:02.357,0.99936,0.99948,2.81,2.44
2017.10.27 15:01:02.985,0.99937,0.99948,1.25,2.06
2017.10.27 15:01:03.411,0.99936,0.99946,1.37,1.50
2017.10.27 15:01:04.264,0.99934,0.99945,1.37,1.37
2017.10.27 15:01:04.778,0.99936,0.99946,2.25,1.19
2017.10.27 15:01:04.830,0.99936,0.99948,3.00,2.06
2017.10.27 15:01:05.747,0.99936,0.99948,3.00,2.06
2017.10.27 15:01:06.455,0.99937,0.99948,2.25,2.25
2017.10.27 15:01:06.767,0.99939,0.99948,1.75,1.25
2017.10.27 15:01:07.290,0.99938,0.9995,3.94,6.00
2017.10.27 15:01:07.472,0.9994,0.99951,2.25,5.44
2017.10.27 15:01:07.830,0.9994,0.9995,1.12,2.62
2017.10.27 15:01:08.992,0.99939,0.9995,1.00,3.75
2017.10.27 15:01:09.566,0.99938,0.99949,1.50,2.62
2017.10.27 15:01:10.678,0.99938,0.99949,1.87,1.69
2017.10.27 15:01:11.195,0.99937,0.99945,1.87,1.00
2017.10.27 15:01:11.300,0.99935,0.99946,1.50,1.87
2017.10.27 15:01:11.670,0.99936,0.99948,1.87,2.19
2017.10.27 15:01:12.172,0.99938,0.99949,1.12,3.00
2017.10.27 15:01:12.738,0.99938,0.99949,1.12,2.06
2017.10.27 15:01:13.274,0.99937,0.99948,1.50,3.94
2017.10.27 15:01:13.479,0.99938,0.99949,1.00,2.06
2017.10.27 15:01:13.890,0.9994,0.9995,1.00,2.44
2017.10.27 15:01:14.370,0.99939,0.9995,1.50,2.25
2017.10.27 15:01:14.886,0.9994,0.9995,1.12,2.62
2017.10.27 15:01:15.296,0.99938,0.99949,3.00,1.25
2017.10.27 15:01:15.399,0.99938,0.99948,1.50,1.19
2017.10.27 15:01:15.714,0.9994,0.9995,1.50,1.31
2017.10.27 15:01:16.030,0.99942,0.99951,1.37,1.56
2017.10.27 15:01:16.187,0.99941,0.99949,1.50,1.00
2017.10.27 15:01:16.871,0.99942,0.99951,1.00,1.31
2017.10.27 15:01:16.932,0.9994,0.9995,1.12,2.62
2017.10.27 15:01:16.987,0.99939,0.99948,1.50,1.19
2017.10.27 15:01:17.096,0.99939,0.99949,3.37,2.44
2017.10.27 15:01:17.643,0.99939,0.99949,1.12,2.44
2017.10.27 15:01:18.308,0.99939,0.99948,1.50,1.19
2017.10.27 15:01:18.723,0.99935,0.99944,1.12,1.00
2017.10.27 15:01:18.928,0.99933,0.99944,1.50,1.87
2017.10.27 15:01:19.186,0.99933,0.99943,1.12,1.19
2017.10.27 15:01:21.163,0.99936,0.99944,1.00,2.06
2017.10.27 15:01:22.684,0.99936,0.99944,1.00,1.25
2017.10.27 15:01:22.787,0.99936,0.99944,1.00,2.25
2017.10.27 15:01:22.840,0.99933,0.99943,1.00,3.00
2017.10.27 15:01:23.730,0.99935,0.99944,1.00,2.81
2017.10.27 15:01:24.387,0.99934,0.99942,1.00,1.31
2017.10.27 15:01:26.207,0.99934,0.9994,1.00,1.00
2017.10.27 15:01:26.310,0.99934,0.99943,1.00,1.19
2017.10.27 15:01:27.031,0.99933,0.99942,1.00,3.37
2017.10.27 15:01:27.635,0.99933,0.99942,1.00,4.69
2017.10.27 15:01:28.148,0.99932,0.99942,1.00,5.25
2017.10.27 15:01:28.850,0.99933,0.99942,1.00,1.25
2017.10.27 15:01:29.407,0.99932,0.99942,1.00,3.75
2017.10.27 15:01:29.926,0.99932,0.99941,1.00,1.50
2017.10.27 15:01:30.083,0.99932,0.99939,1.00,1.00
2017.10.27 15:01:30.306,0.99925,0.99935,1.12,4.31
2017.10.27 15:01:30.564,0.99923,0.99933,1.12,4.12
2017.10.27 15:01:30.615,0.99921,0.9993,1.50,1.12
2017.10.27 15:01:31.021,0.9992,0.9993,1.00,3.19
2017.10.27 15:01:31.535,0.99919,0.9993,1.00,6.00
2017.10.27 15:01:32.380,0.99916,0.99928,2.62,3.19
2017.10.27 15:01:32.535,0.99916,0.99926,1.50,1.69
2017.10.27 15:01:32.787,0.99914,0.99925,1.00,1.00
2017.10.27 15:01:33.097,0.99914,0.99923,4.69,1.00
2017.10.27 15:01:33.461,0.99912,0.99922,2.25,1.00
2017.10.27 15:01:33.828,0.99918,0.99924,1.87,1.69
2017.10.27 15:01:33.881,0.99918,0.99927,1.12,3.75
2017.10.27 15:01:34.190,0.99917,0.99925,2.25,1.00
2017.10.27 15:01:34.818,0.99917,0.99925,1.12,1.00
2017.10.27 15:01:35.333,0.99916,0.99925,1.69,1.00
2017.10.27 15:01:35.841,0.99917,0.99929,1.37,4.31
2017.10.27 15:01:35.945,0.9992,0.9993,1.00,2.06
2017.10.27 15:01:36.478,0.99919,0.9993,1.00,2.06
2017.10.27 15:01:36.789,0.99916,0.99927,3.19,2.62
2017.10.27 15:01:36.843,0.99916,0.99927,2.06,2.62
2017.10.27 15:01:36.898,0.99914,0.99922,1.75,1.00
2017.10.27 15:01:36.950,0.99913,0.99922,1.50,2.25
2017.10.27 15:01:37.001,0.99911,0.99921,1.50,1.12
2017.10.27 15:01:37.338,0.99911,0.99923,3.56,2.06
2017.10.27 15:01:37.858,0.99912,0.99923,1.50,2.81
2017.10.27 15:01:38.166,0.99914,0.99925,3.37,1.37
2017.10.27 15:01:38.476,0.99912,0.99922,1.50,1.37
2017.10.27 15:01:38.799,0.99913,0.99924,2.25,1.31
2017.10.27 15:01:39.112,0.99915,0.99925,4.12,1.56
2017.10.27 15:01:39.317,0.99913,0.99922,1.12,1.12
2017.10.27 15:01:39.801,0.99911,0.99919,3.00,1.37
2017.10.27 15:01:40.113,0.99908,0.99918,2.25,1.37
2017.10.27 15:01:40.369,0.99911,0.9992,1.00,1.62
2017.10.27 15:01:40.523,0.99908,0.99919,1.87,1.87
2017.10.27 15:01:41.145,0.99907,0.99918,2.25,1.62
2017.10.27 15:01:41.198,0.9991,0.99919,1.31,1.37
2017.10.27 15:01:41.250,0.9991,0.99921,1.87,1.69
2017.10.27 15:01:42.000,0.99911,0.99922,2.25,1.56
2017.10.27 15:01:42.314,0.99913,0.99924,2.62,1.56
2017.10.27 15:01:42.856,0.99913,0.99924,3.38,2.44
2017.10.27 15:01:43.167,0.99915,0.99925,5.44,1.25
2017.10.27 15:01:43.479,0.9992,0.99931,2.25,1.50
2017.10.27 15:01:43.684,0.99919,0.99929,1.50,1.31
2017.10.27 15:01:44.357,0.99923,0.99932,1.00,1.12
2017.10.27 15:01:44.974,0.99923,0.99933,1.50,1.31
2017.10.27 15:01:45.196,0.99925,0.99935,1.00,3.75
2017.10.27 15:01:45.612,0.99927,0.99935,1.12,1.56
2017.10.27 15:01:45.821,0.99927,0.99936,1.00,1.12
2017.10.27 15:01:46.365,0.9993,0.99938,1.12,1.00
2017.10.27 15:01:46.418,0.9993,0.9994,1.12,4.69
2017.10.27 15:01:46.521,0.9993,0.99938,1.00,1.00
2017.10.27 15:01:46.573,0.99927,0.99938,1.87,1.50
2017.10.27 15:01:46.914,0.9993,0.99938,1.00,1.31
2017.10.27 15:01:47.120,0.99931,0.9994,1.00,4.31
2017.10.27 15:01:47.584,0.99928,0.99939,1.87,2.81
2017.10.27 15:01:47.636,0.99928,0.99938,1.50,3.37
2017.10.27 15:01:47.948,0.9993,0.99938,1.00,1.25
2017.10.27 15:01:48.001,0.99928,0.99939,1.00,3.00
2017.10.27 15:01:48.398,0.9993,0.99939,1.00,1.31
2017.10.27 15:01:48.912,0.99931,0.99941,1.00,5.62
2017.10.27 15:01:49.116,0.99935,0.99943,1.00,1.25
2017.10.27 15:01:49.169,0.99936,0.99946,1.00,3.94
2017.10.27 15:01:49.222,0.99938,0.99947,1.00,3.19
2017.10.27 15:01:49.378,0.9994,0.9995,1.00,1.31
2017.10.27 15:01:49.533,0.99937,0.99947,2.25,2.06
2017.10.27 15:01:50.025,0.99937,0.99946,1.37,1.12
2017.10.27 15:01:50.182,0.99936,0.99946,1.50,1.87
2017.10.27 15:01:50.287,0.99932,0.99942,2.25,1.37
2017.10.27 15:01:50.392,0.99932,0.99942,1.50,1.62
2017.10.27 15:01:50.727,0.99928,0.99937,3.56,1.87
2017.10.27 15:01:50.836,0.9993,0.99939,1.12,1.00
2017.10.27 15:01:50.939,0.9993,0.99939,1.63,1.00
2017.10.27 15:01:51.350,0.99933,0.99941,1.37,1.37
2017.10.27 15:01:51.508,0.99933,0.99943,1.87,1.37
2017.10.27 15:01:51.868,0.99932,0.99942,1.00,2.06
2017.10.27 15:01:51.920,0.99932,0.99941,1.00,2.81
2017.10.27 15:01:52.427,0.99934,0.99943,1.00,1.56
2017.10.27 15:01:52.957,0.99934,0.99944,1.00,2.81
2017.10.27 15:01:53.484,0.99934,0.99944,1.87,1.31
2017.10.27 15:01:54.154,0.99934,0.99944,1.50,1.31
2017.10.27 15:01:54.645,0.99933,0.99944,1.12,3.94
2017.10.27 15:01:54.698,0.99931,0.99942,1.00,2.44
2017.10.27 15:01:55.673,0.99932,0.99944,1.87,3.94
2017.10.27 15:01:56.083,0.99935,0.99944,1.12,1.25
2017.10.27 15:01:56.640,0.99934,0.99944,1.12,1.31
2017.10.27 15:01:57.529,0.99934,0.99941,1.00,1.35
2017.10.27 15:01:57.581,0.99929,0.99938,1.00,1.69
2017.10.27 15:01:58.094,0.99928,0.99939,1.12,2.44
2017.10.27 15:01:58.620,0.9993,0.99941,1.12,3.94
2017.10.27 15:01:58.672,0.99931,0.99941,1.00,3.19
2017.10.27 15:01:59.141,0.99932,0.99942,2.62,1.00
2017.10.27 15:01:59.193,0.99932,0.99942,1.12,2.44
2017.10.27 15:01:59.453,0.99932,0.99942,1.50,1.00
2017.10.27 15:02:00.329,0.99932,0.99942,1.50,2.44
2017.10.27 15:02:00.636,0.99934,0.99944,1.00,2.06
2017.10.27 15:02:00.688,0.99934,0.99944,1.00,1.69
2017.10.27 15:02:00.841,0.99934,0.99942,1.00,1.19
2017.10.27 15:02:01.130,0.99934,0.99943,1.00,2.80
2017.10.27 15:02:01.387,0.99934,0.99944,1.00,1.75
2017.10.27 15:02:01.439,0.99934,0.99945,1.00,4.50
2017.10.27 15:02:01.645,0.99933,0.99942,1.00,1.19
2017.10.27 15:02:02.174,0.99931,0.99941,1.50,2.25
2017.10.27 15:02:02.685,0.9993,0.9994,1.12,1.69
2017.10.27 15:02:03.258,0.9993,0.99941,1.37,2.44
2017.10.27 15:02:03.705,0.99928,0.99936,1.12,2.81
2017.10.27 15:02:03.911,0.99934,0.99941,1.12,1.25
2017.10.27 15:02:04.386,0.99934,0.99943,1.00,1.31
2017.10.27 15:02:04.489,0.99934,0.99943,1.00,1.87
2017.10.27 15:02:05.061,0.99934,0.99944,1.37,1.69
2017.10.27 15:02:06.397,0.99933,0.99943,1.37,2.25
2017.10.27 15:02:06.604,0.99928,0.99939,2.62,4.31
2017.10.27 15:02:06.784,0.99927,0.99937,2.25,1.00
2017.10.27 15:02:06.837,0.99927,0.99938,1.50,1.19
2017.10.27 15:02:06.889,0.99929,0.99938,1.87,1.19
2017.10.27 15:02:07.197,0.99929,0.99939,3.00,1.31
2017.10.27 15:02:07.405,0.99932,0.99941,1.50,1.69
2017.10.27 15:02:07.547,0.99932,0.99941,1.87,1.25
2017.10.27 15:02:07.599,0.99933,0.99941,2.25,1.25
2017.10.27 15:02:08.115,0.99934,0.99941,1.00,1.25
2017.10.27 15:02:08.440,0.99936,0.99941,1.00,1.25
2017.10.27 15:02:08.649,0.99933,0.99943,1.50,1.31
2017.10.27 15:02:08.701,0.99935,0.99943,1.00,2.06
2017.10.27 15:02:10.019,0.99935,0.99943,1.50,1.25
2017.10.27 15:02:10.534,0.99935,0.99943,1.12,1.25
2017.10.27 15:02:11.465,0.99932,0.99938,1.00,1.00
2017.10.27 15:02:11.720,0.99928,0.99936,1.00,1.12
2017.10.27 15:02:11.773,0.99926,0.99935,1.50,1.00
2017.10.27 15:02:11.931,0.99924,0.99932,1.00,1.00
2017.10.27 15:02:12.240,0.99923,0.99932,1.50,1.56
2017.10.27 15:02:12.547,0.99926,0.99934,1.00,3.00
2017.10.27 15:02:13.258,0.99924,0.99933,1.00,4.69
2017.10.27 15:02:13.310,0.99923,0.99933,1.00,6.56
2017.10.27 15:02:13.591,0.99921,0.9993,1.00,3.94
2017.10.27 15:02:13.644,0.99919,0.99929,1.87,1.69
2017.10.27 15:02:13.696,0.99919,0.99929,1.12,4.69
2017.10.27 15:02:14.124,0.99918,0.99928,2.25,2.25
2017.10.27 15:02:14.176,0.9992,0.9993,2.25,2.06
2017.10.27 15:02:14.278,0.99923,0.99931,1.00,1.69
2017.10.27 15:02:14.655,0.99922,0.99932,1.00,2.06
2017.10.27 15:02:15.324,0.9992,0.99933,1.50,2.81
2017.10.27 15:02:15.989,0.99922,0.99933,1.87,1.62
2017.10.27 15:02:16.472,0.99922,0.99932,1.00,1.37
2017.10.27 15:02:17.188,0.99921,0.99932,1.50,1.50
2017.10.27 15:02:17.822,0.99921,0.9993,1.00,2.25
2017.10.27 15:02:18.823,0.99918,0.99929,2.62,1.62
2017.10.27 15:02:20.370,0.99919,0.99929,4.50,2.06
2017.10.27 15:02:20.918,0.99919,0.99929,1.12,1.62
2017.10.27 15:02:21.124,0.99919,0.9993,1.12,2.81
2017.10.27 15:02:21.177,0.99921,0.99931,1.12,2.81
2017.10.27 15:02:21.494,0.9992,0.9993,1.00,2.06
2017.10.27 15:02:22.752,0.99921,0.99931,1.12,3.19
2017.10.27 15:02:23.848,0.9992,0.99929,1.00,1.37
2017.10.27 15:02:24.158,0.99914,0.99925,2.62,1.87
2017.10.27 15:02:24.261,0.99914,0.99926,1.87,2.44
2017.10.27 15:02:24.722,0.99917,0.99927,1.50,1.62
2017.10.27 15:02:25.751,0.99918,0.99928,1.87,1.00
2017.10.27 15:02:26.265,0.99918,0.99929,2.62,1.69
2017.10.27 15:02:26.318,0.9992,0.99931,1.37,2.81
2017.10.27 15:02:27.113,0.99921,0.99932,1.12,1.69
2017.10.27 15:02:27.165,0.99923,0.99934,1.00,2.06
2017.10.27 15:02:28.035,0.99923,0.99932,1.00,4.31
2017.10.27 15:02:28.138,0.99921,0.99931,1.00,1.81
2017.10.27 15:02:29.638,0.99921,0.99932,1.00,3.00
2017.10.27 15:02:30.158,0.99922,0.99933,1.12,3.00
2017.10.27 15:02:30.696,0.9992,0.99931,1.37,2.62
2017.10.27 15:02:31.261,0.9992,0.99931,1.37,1.87
2017.10.27 15:02:32.452,0.99918,0.99927,2.62,1.00
2017.10.27 15:02:32.504,0.99918,0.99926,1.37,1.37
2017.10.27 15:02:32.774,0.99918,0.99929,4.12,1.50
2017.10.27 15:02:34.830,0.99918,0.99929,1.87,3.19
2017.10.27 15:02:35.332,0.99916,0.99926,2.06,1.87
2017.10.27 15:02:35.952,0.99916,0.99926,1.50,3.00
2017.10.27 15:02:36.263,0.99917,0.99927,1.37,3.75
2017.10.27 15:02:36.810,0.99917,0.99927,1.12,2.62
2017.10.27 15:02:37.513,0.99917,0.99925,1.00,1.37
2017.10.27 15:02:37.565,0.99914,0.99924,1.50,1.12
2017.10.27 15:02:38.079,0.99914,0.99925,1.50,1.87
2017.10.27 15:02:38.641,0.99914,0.99925,1.50,1.87
2017.10.27 15:02:39.560,0.99914,0.99925,3.00,1.37
2017.10.27 15:02:40.509,0.99914,0.99925,6.37,1.37
2017.10.27 15:02:41.906,0.99917,0.99927,1.00,1.50
2017.10.27 15:02:43.255,0.99921,0.9993,1.37,1.37
2017.10.27 15:02:43.359,0.99925,0.99934,1.37,1.37
2017.10.27 15:02:43.758,0.99927,0.99936,1.00,2.06
2017.10.27 15:02:44.279,0.99926,0.99936,3.00,1.37
2017.10.27 15:02:44.793,0.99926,0.99936,1.37,1.37
2017.10.27 15:02:45.101,0.9993,0.99939,1.37,2.06
2017.10.27 15:02:45.152,0.99931,0.9994,1.00,3.38
2017.10.27 15:02:45.677,0.9993,0.99939,1.00,1.37
2017.10.27 15:02:45.732,0.99932,0.99943,1.00,3.56
2017.10.27 15:02:45.837,0.99932,0.99943,1.87,1.69
2017.10.27 15:02:46.272,0.99934,0.99944,1.00,1.50
2017.10.27 15:02:46.813,0.99934,0.99945,1.37,1.37
2017.10.27 15:02:47.289,0.99937,0.99948,1.37,1.37
2017.10.27 15:02:49.691,0.99936,0.99948,3.37,1.50
2017.10.27 15:02:50.115,0.99936,0.99947,1.12,1.69
2017.10.27 15:02:50.166,0.99934,0.99945,4.50,1.00
2017.10.27 15:02:50.321,0.99933,0.99944,3.00,1.12
2017.10.27 15:02:50.475,0.99934,0.99945,2.62,1.00
2017.10.27 15:02:50.790,0.99935,0.99947,3.37,2.06
2017.10.27 15:02:51.498,0.99937,0.99948,1.87,1.00
2017.10.27 15:02:52.048,0.99937,0.99948,2.62,1.00
2017.10.27 15:02:53.116,0.99939,0.9995,1.50,1.00
2017.10.27 15:02:53.168,0.99939,0.9995,1.37,1.00
2017.10.27 15:02:53.271,0.99938,0.99949,1.37,1.00
2017.10.27 15:02:53.928,0.99938,0.9995,3.75,1.87
2017.10.27 15:02:55.608,0.99937,0.99947,3.56,1.25
2017.10.27 15:02:56.134,0.99936,0.99946,1.50,1.00
2017.10.27 15:02:57.884,0.99936,0.99947,1.37,1.00
2017.10.27 15:02:58.400,0.99936,0.99948,2.62,2.25
2017.10.27 15:02:58.914,0.99939,0.9995,1.12,1.87
2017.10.27 15:02:59.227,0.99941,0.99951,1.00,1.25
2017.10.27 15:02:59.741,0.9994,0.99952,2.62,5.81
2017.10.27 15:03:00.282,0.9994,0.99952,2.25,4.50
2017.10.27 15:03:00.803,0.9994,0.99952,1.87,6.94
2017.10.27 15:03:01.309,0.99941,0.99948,1.12,1.00
2017.10.27 15:03:01.360,0.99941,0.99951,1.00,1.31
2017.10.27 15:03:01.910,0.9994,0.99951,2.25,1.25
2017.10.27 15:03:02.423,0.99941,0.9995,1.50,1.50
2017.10.27 15:03:02.731,0.9994,0.9995,1.12,1.31
2017.10.27 15:03:03.611,0.9994,0.9995,1.12,6.19
2017.10.27 15:03:05.374,0.9994,0.99951,2.25,1.87
2017.10.27 15:03:05.528,0.99941,0.99951,2.25,1.50
2017.10.27 15:03:06.056,0.99941,0.99951,2.25,1.75
2017.10.27 15:03:06.571,0.9994,0.99951,3.75,2.81
2017.10.27 15:03:07.382,0.9994,0.99951,3.00,1.87
2017.10.27 15:03:07.925,0.99941,0.99951,1.00,6.19
2017.10.27 15:03:08.439,0.9994,0.99951,3.00,5.44
2017.10.27 15:03:09.046,0.99941,0.99951,1.00,6.19
2017.10.27 15:03:11.163,0.9994,0.99951,3.00,3.41
2017.10.27 15:03:11.951,0.9994,0.9995,2.25,1.00
2017.10.27 15:03:12.464,0.99941,0.99952,2.25,2.62
2017.10.27 15:03:13.295,0.99941,0.99952,2.25,3.00
2017.10.27 15:03:13.910,0.99941,0.9995,1.00,1.00
2017.10.27 15:03:14.446,0.99941,0.99952,2.62,2.25
2017.10.27 15:03:15.056,0.99941,0.99951,2.62,1.37
2017.10.27 15:03:16.250,0.99943,0.99953,1.12,3.00
2017.10.27 15:03:16.559,0.99942,0.99953,3.37,2.25
2017.10.27 15:03:17.072,0.99944,0.99954,1.00,3.37
2017.10.27 15:03:19.171,0.99944,0.99954,3.56,1.87
2017.10.27 15:03:22.920,0.99944,0.99954,1.12,1.87
2017.10.27 15:03:22.972,0.99947,0.99956,2.62,1.87
2017.10.27 15:03:23.126,0.99951,0.9996,1.12,1.12
2017.10.27 15:03:23.178,0.99953,0.99962,1.12,2.44
2017.10.27 15:03:23.355,0.99955,0.99966,1.50,3.00
2017.10.27 15:03:24.234,0.99955,0.99966,1.50,3.94
2017.10.27 15:03:25.662,0.99955,0.99966,1.50,3.56
2017.10.27 15:03:27.227,0.99955,0.99966,1.37,2.62
2017.10.27 15:03:28.120,0.99955,0.99966,1.37,2.25
2017.10.27 15:03:28.686,0.99957,0.99967,1.12,1.69
2017.10.27 15:03:29.212,0.99958,0.99967,1.12,1.12
2017.10.27 15:03:30.540,0.99956,0.99966,1.12,2.06
2017.10.27 15:03:30.643,0.99954,0.99964,1.87,1.50
2017.10.27 15:03:31.200,0.99954,0.99964,1.00,1.69
2017.10.27 15:03:31.812,0.99954,0.99964,1.00,2.00
2017.10.27 15:03:33.611,0.99954,0.99963,1.00,2.62
2017.10.27 15:03:34.899,0.99953,0.99963,1.00,1.87
2017.10.27 15:03:35.168,0.99947,0.99957,1.12,1.67
2017.10.27 15:03:35.963,0.99946,0.99956,1.87,1.69
2017.10.27 15:03:36.538,0.99947,0.99957,1.12,2.25
2017.10.27 15:03:37.042,0.99948,0.99957,1.00,1.12
2017.10.27 15:03:37.576,0.99947,0.99957,1.12,2.25
2017.10.27 15:03:38.641,0.99947,0.99956,1.12,2.25
2017.10.27 15:03:39.153,0.99948,0.99957,1.00,2.25
2017.10.27 15:03:39.695,0.99947,0.99957,1.12,2.06
2017.10.27 15:03:40.411,0.99947,0.99957,1.37,2.44
2017.10.27 15:03:40.733,0.99946,0.99953,1.12,1.12
2017.10.27 15:03:40.836,0.99944,0.99954,2.25,3.00
2017.10.27 15:03:40.990,0.99944,0.9995,1.00,1.12
2017.10.27 15:03:41.293,0.99938,0.99947,1.50,1.87
2017.10.27 15:03:42.518,0.99937,0.99947,1.12,4.31
2017.10.27 15:03:42.621,0.99937,0.99947,1.12,1.12
2017.10.27 15:03:42.724,0.99941,0.99951,3.94,2.25
2017.10.27 15:03:42.776,0.99942,0.99951,1.50,1.00
2017.10.27 15:03:42.828,0.99939,0.99949,3.37,1.12
2017.10.27 15:03:42.880,0.99939,0.99949,1.87,1.12
2017.10.27 15:03:43.835,0.99942,0.99952,1.37,1.31
2017.10.27 15:03:45.399,0.99942,0.99952,1.87,1.87
2017.10.27 15:03:45.710,0.99944,0.99952,1.00,1.12
2017.10.27 15:03:46.243,0.99944,0.99952,1.00,1.50
2017.10.27 15:03:46.767,0.99942,0.99952,1.50,2.44
2017.10.27 15:03:47.836,0.99942,0.9995,1.00,1.31
2017.10.27 15:03:48.452,0.99941,0.99951,1.00,3.19
2017.10.27 15:03:48.950,0.99941,0.99949,1.00,1.50
2017.10.27 15:03:49.365,0.99942,0.99951,1.12,1.31
2017.10.27 15:03:49.884,0.99943,0.99951,1.00,1.25
2017.10.27 15:03:50.918,0.99943,0.99951,1.00,2.66
2017.10.27 15:03:50.970,0.99942,0.99948,1.00,1.00
2017.10.27 15:03:51.021,0.9994,0.99949,1.00,3.75
2017.10.27 15:03:51.537,0.99939,0.99949,1.00,2.62
2017.10.27 15:03:51.589,0.99936,0.99946,1.50,3.00
2017.10.27 15:03:51.641,0.99936,0.99945,1.50,1.00
2017.10.27 15:03:52.077,0.99939,0.99947,1.00,1.00
2017.10.27 15:03:52.129,0.99939,0.99949,1.12,2.62
2017.10.27 15:03:52.232,0.9994,0.9995,1.37,2.44
2017.10.27 15:03:52.573,0.99937,0.99948,2.06,3.56
2017.10.27 15:03:52.984,0.99941,0.9995,1.00,1.87
2017.10.27 15:03:53.305,0.99946,0.99956,1.12,1.25
2017.10.27 15:03:53.817,0.99947,0.99956,1.00,1.69
2017.10.27 15:03:54.817,0.99946,0.99955,1.12,1.50
2017.10.27 15:03:55.203,0.99944,0.99954,1.50,1.87
2017.10.27 15:03:55.510,0.99946,0.99955,1.12,1.00
2017.10.27 15:03:57.010,0.99946,0.99954,1.00,1.50
2017.10.27 15:03:57.074,0.99942,0.99948,1.00,1.00
2017.10.27 15:03:57.177,0.99941,0.99951,1.00,3.79
2017.10.27 15:03:57.799,0.99939,0.9995,1.12,3.56
2017.10.27 15:03:58.005,0.99941,0.99951,1.00,1.50
2017.10.27 15:03:58.316,0.99943,0.99951,1.00,2.25
2017.10.27 15:03:58.987,0.99943,0.99951,1.00,1.12
2017.10.27 15:03:59.346,0.99945,0.99952,1.00,1.00
2017.10.27 15:03:59.450,0.99944,0.99954,1.12,3.19
2017.10.27 15:03:59.661,0.99943,0.99951,1.00,1.00
2017.10.27 15:03:59.764,0.99941,0.99951,1.87,3.37
2017.10.27 15:04:00.550,0.99942,0.99952,1.50,1.87
2017.10.27 15:04:01.391,0.99943,0.99953,1.87,1.25
2017.10.27 15:04:01.697,0.99943,0.99952,1.00,2.44
2017.10.27 15:04:01.801,0.99944,0.99954,1.12,1.37
2017.10.27 15:04:01.905,0.99944,0.99955,1.50,1.87
2017.10.27 15:04:02.272,0.99948,0.99957,4.12,1.31
2017.10.27 15:04:02.325,0.99949,0.99959,1.50,1.12
2017.10.27 15:04:02.838,0.99949,0.9996,1.12,4.12
2017.10.27 15:04:03.705,0.99949,0.99958,1.12,1.00
2017.10.27 15:04:04.190,0.99947,0.99958,1.87,3.19
2017.10.27 15:04:04.242,0.99949,0.99959,1.12,3.75
2017.10.27 15:04:04.498,0.99947,0.99957,1.87,1.50
2017.10.27 15:04:04.703,0.9995,0.99959,1.12,1.00
2017.10.27 15:04:06.207,0.99948,0.99959,3.37,1.31
2017.10.27 15:04:06.860,0.99948,0.99959,1.50,2.06
2017.10.27 15:04:07.183,0.9995,0.99959,1.00,2.06
2017.10.27 15:04:07.708,0.99949,0.99959,1.00,3.56
2017.10.27 15:04:09.052,0.99947,0.99957,1.50,1.50
2017.10.27 15:04:09.360,0.99951,0.9996,1.00,3.19
2017.10.27 15:04:09.911,0.9995,0.9996,1.00,7.69
2017.10.27 15:04:10.067,0.99948,0.99958,1.50,1.25
2017.10.27 15:04:10.615,0.99947,0.99957,1.00,1.00
2017.10.27 15:04:11.291,0.99947,0.99958,1.50,3.00
2017.10.27 15:04:11.342,0.99949,0.99959,1.00,3.94
2017.10.27 15:04:12.363,0.99949,0.99959,1.00,5.06
2017.10.27 15:04:13.169,0.99949,0.99959,1.00,5.25
2017.10.27 15:04:14.038,0.99949,0.99957,1.00,1.12
2017.10.27 15:04:14.558,0.99948,0.99957,1.00,1.12
2017.10.27 15:04:16.211,0.99948,0.99956,1.00,2.62
2017.10.27 15:04:16.518,0.99946,0.99954,1.00,1.00
2017.10.27 15:04:17.059,0.99945,0.99954,1.00,2.63
2017.10.27 15:04:17.395,0.99941,0.99949,6.00,2.47
2017.10.27 15:04:17.914,0.99941,0.99949,3.75,1.12
2017.10.27 15:04:18.806,0.9994,0.99949,1.00,1.00
2017.10.27 15:04:19.475,0.99939,0.99949,1.00,1.69
2017.10.27 15:04:19.783,0.99942,0.99951,1.00,1.12
2017.10.27 15:04:20.977,0.99943,0.99952,2.25,4.16
2017.10.27 15:04:21.489,0.99943,0.99953,3.00,3.37
2017.10.27 15:04:22.075,0.99943,0.99952,3.00,1.00
2017.10.27 15:04:22.588,0.99943,0.99953,3.00,3.00
2017.10.27 15:04:22.933,0.99945,0.99955,2.25,4.31
2017.10.27 15:04:24.478,0.99944,0.99955,1.12,2.44
2017.10.27 15:04:24.995,0.99944,0.99953,2.62,1.00
2017.10.27 15:04:25.406,0.99943,0.99951,4.50,1.72
2017.10.27 15:04:25.896,0.99941,0.99949,1.00,1.12
2017.10.27 15:04:26.363,0.99942,0.99952,1.00,2.25
2017.10.27 15:04:28.082,0.99942,0.99951,1.00,1.00
2017.10.27 15:04:30.295,0.99943,0.99953,2.06,1.50
2017.10.27 15:04:30.348,0.99946,0.99953,1.00,1.12
2017.10.27 15:04:30.605,0.99944,0.99955,1.87,3.19
2017.10.27 15:04:33.077,0.99944,0.99953,1.87,1.00
2017.10.27 15:04:33.579,0.99943,0.99953,1.12,1.00
2017.10.27 15:04:34.281,0.99943,0.99954,1.87,2.06
2017.10.27 15:04:38.357,0.99944,0.99953,1.12,1.00
2017.10.27 15:04:39.453,0.99944,0.99954,1.00,3.37
2017.10.27 15:04:42.217,0.99944,0.99953,1.00,1.00
2017.10.27 15:04:42.740,0.99944,0.99954,1.00,1.87
2017.10.27 15:04:43.790,0.99944,0.99954,1.50,1.69
2017.10.27 15:04:44.119,0.99944,0.99954,1.50,2.25
2017.10.27 15:04:45.164,0.99944,0.99953,1.50,1.00
2017.10.27 15:04:46.412,0.99944,0.99953,1.12,1.00
2017.10.27 15:04:46.926,0.99944,0.99953,1.00,1.37
2017.10.27 15:04:47.295,0.99942,0.99947,1.00,1.72
2017.10.27 15:04:47.501,0.99942,0.99949,1.00,1.00
2017.10.27 15:04:47.905,0.9994,0.9995,1.50,4.88
2017.10.27 15:04:48.264,0.99938,0.99949,3.00,4.50
2017.10.27 15:04:48.320,0.9994,0.9995,1.00,4.54
2017.10.27 15:04:48.424,0.99938,0.99948,2.62,3.00
2017.10.27 15:04:48.681,0.99941,0.99948,1.00,1.50
2017.10.27 15:04:48.737,0.9994,0.9995,3.00,4.50
2017.10.27 15:04:49.097,0.99943,0.99952,1.50,2.25
2017.10.27 15:04:49.446,0.99943,0.99951,1.00,2.85
2017.10.27 15:04:49.549,0.99943,0.99952,1.50,2.25
2017.10.27 15:04:50.061,0.99943,0.99952,1.50,4.50
2017.10.27 15:04:51.296,0.99946,0.99953,1.00,1.00
2017.10.27 15:04:51.797,0.99946,0.99954,1.00,2.06
2017.10.27 15:04:52.128,0.99944,0.99954,1.00,3.56
2017.10.27 15:04:52.636,0.99944,0.99953,1.00,1.25
2017.10.27 15:04:53.911,0.99943,0.99951,1.00,2.47
2017.10.27 15:04:53.963,0.99943,0.99952,1.00,5.85
2017.10.27 15:04:54.941,0.99943,0.99952,1.00,3.00
2017.10.27 15:04:55.318,0.99943,0.99952,1.00,3.37
2017.10.27 15:04:55.370,0.99941,0.9995,1.00,1.12
2017.10.27 15:04:56.046,0.99941,0.99948,1.00,1.31
2017.10.27 15:04:56.260,0.99943,0.99954,1.12,3.19
2017.10.27 15:04:56.524,0.99945,0.99955,1.00,3.37
2017.10.27 15:04:57.076,0.99946,0.99955,1.00,1.31
2017.10.27 15:04:57.281,0.99943,0.99954,3.19,1.00
2017.10.27 15:04:58.130,0.99943,0.99955,1.50,3.37
2017.10.27 15:04:58.643,0.99943,0.99954,2.44,1.00
2017.10.27 15:04:58.975,0.99943,0.99952,1.00,1.00
2017.10.27 15:04:59.580,0.99943,0.99952,1.00,4.16
2017.10.27 15:05:00.087,0.99943,0.99952,1.00,1.00
2017.10.27 15:05:00.701,0.99943,0.99953,1.00,3.37
2017.10.27 15:05:01.219,0.99944,0.99954,1.12,2.06
2017.10.27 15:05:02.082,0.99944,0.99954,1.50,1.31
2017.10.27 15:05:02.574,0.99943,0.99953,4.50,4.50
2017.10.27 15:05:02.627,0.99941,0.99948,1.12,1.00
2017.10.27 15:05:02.883,0.99941,0.99951,1.12,2.66
2017.10.27 15:05:03.244,0.99944,0.99953,1.00,1.31
2017.10.27 15:05:03.764,0.99944,0.99954,1.00,3.94
2017.10.27 15:05:04.287,0.99943,0.99952,3.75,2.66
2017.10.27 15:05:04.493,0.99944,0.99954,1.00,1.87
2017.10.27 15:05:07.009,0.99945,0.99955,1.00,3.75
2017.10.27 15:05:08.307,0.99945,0.99954,1.00,1.00
2017.10.27 15:05:09.304,0.99945,0.99953,1.00,1.00
2017.10.27 15:05:09.855,0.99945,0.99954,1.00,1.00
2017.10.27 15:05:10.699,0.99945,0.99954,1.00,1.37
2017.10.27 15:05:11.356,0.99945,0.99955,1.87,2.81
2017.10.27 15:05:11.613,0.99945,0.99955,1.12,3.60
2017.10.27 15:05:13.069,0.99945,0.99955,1.00,2.25
2017.10.27 15:05:13.592,0.99946,0.99956,1.00,6.19
2017.10.27 15:05:14.414,0.99953,0.99959,1.12,1.56
2017.10.27 15:05:14.466,0.99953,0.9996,1.00,1.56
2017.10.27 15:05:14.519,0.99953,0.99963,1.25,2.25
2017.10.27 15:05:15.047,0.99953,0.99964,1.00,2.62
2017.10.27 15:05:15.610,0.99953,0.99963,1.00,1.00
2017.10.27 15:05:16.274,0.99953,0.99964,1.00,2.81
2017.10.27 15:05:16.326,0.99952,0.99959,1.37,3.04
2017.10.27 15:05:16.382,0.9995,0.99959,1.00,2.47
2017.10.27 15:05:16.785,0.99948,0.99957,1.87,1.30
2017.10.27 15:05:16.839,0.99948,0.99957,1.37,1.72
2017.10.27 15:05:16.996,0.99947,0.99955,1.50,1.12
2017.10.27 15:05:17.101,0.99944,0.99952,1.12,1.00
2017.10.27 15:05:17.607,0.99943,0.99951,1.50,1.00
2017.10.27 15:05:17.985,0.9994,0.9995,1.50,2.25
2017.10.27 15:05:19.058,0.99942,0.9995,8.25,1.60
2017.10.27 15:05:19.109,0.99942,0.99951,8.25,1.80
2017.10.27 15:05:19.654,0.99942,0.99952,8.25,1.50
2017.10.27 15:05:20.447,0.99943,0.99953,1.00,1.00
2017.10.27 15:05:20.862,0.99946,0.99954,1.00,1.12
2017.10.27 15:05:22.745,0.99946,0.99956,4.87,6.94
2017.10.27 15:05:23.053,0.99951,0.99961,1.50,1.12
2017.10.27 15:05:23.318,0.99953,0.99963,1.12,1.50
2017.10.27 15:05:24.327,0.99952,0.99962,1.87,1.00
2017.10.27 15:05:24.839,0.99949,0.99957,1.12,1.12
2017.10.27 15:05:24.942,0.99947,0.99956,1.50,1.00
2017.10.27 15:05:25.277,0.99947,0.99958,1.50,5.62
2017.10.27 15:05:25.432,0.99947,0.99956,1.12,1.00
2017.10.27 15:05:25.639,0.99947,0.99958,1.12,5.10
2017.10.27 15:05:26.184,0.99949,0.99958,1.12,1.25
2017.10.27 15:05:26.864,0.99949,0.99959,1.12,2.66
2017.10.27 15:05:27.369,0.99949,0.99958,1.00,2.25
2017.10.27 15:05:30.713,0.99948,0.99958,1.00,4.88
2017.10.27 15:05:31.233,0.99949,0.9996,4.50,2.81
2017.10.27 15:05:31.457,0.99954,0.99965,2.25,1.87
2017.10.27 15:05:31.508,0.99954,0.99964,1.00,3.19
2017.10.27 15:05:31.817,0.99956,0.99965,2.25,1.00
2017.10.27 15:05:32.155,0.99956,0.99966,1.50,1.00
2017.10.27 15:05:32.415,0.99958,0.99969,1.00,4.88
2017.10.27 15:05:32.571,0.9996,0.9997,1.00,1.88
2017.10.27 15:05:33.115,0.99965,0.99972,1.00,2.06
2017.10.27 15:05:33.226,0.99964,0.99974,1.12,1.00
2017.10.27 15:05:33.381,0.99962,0.99969,1.87,1.87
2017.10.27 15:05:33.485,0.99959,0.99967,1.19,1.12
2017.10.27 15:05:33.639,0.99959,0.9997,2.81,3.56
2017.10.27 15:05:33.938,0.9996,0.99967,1.56,1.00
2017.10.27 15:05:33.991,0.99958,0.99968,1.87,1.69
2017.10.27 15:05:34.301,0.9996,0.99971,1.12,1.19
2017.10.27 15:05:34.353,0.99958,0.99968,1.50,1.12
2017.10.27 15:05:34.871,0.99956,0.99968,5.81,2.25
2017.10.27 15:05:35.445,0.99957,0.99967,1.00,1.69
2017.10.27 15:05:36.502,0.99957,0.99968,1.00,2.44
2017.10.27 15:05:36.878,0.99957,0.99967,1.00,1.44
2017.10.27 15:05:37.136,0.99962,0.99972,1.12,1.12
2017.10.27 15:05:37.835,0.99962,0.99972,1.00,1.87
2017.10.27 15:05:38.423,0.99962,0.99974,1.87,6.00
2017.10.27 15:05:38.476,0.99964,0.99975,2.06,1.00
2017.10.27 15:05:38.787,0.99966,0.99977,1.12,1.12
2017.10.27 15:05:39.199,0.99971,0.99979,1.00,1.19
2017.10.27 15:05:39.304,0.99973,0.99983,1.00,2.06
2017.10.27 15:05:39.670,0.99973,0.99985,1.87,2.25
2017.10.27 15:05:40.183,0.99974,0.99986,1.87,3.22
2017.10.27 15:05:40.703,0.99977,0.99985,1.00,1.87
2017.10.27 15:05:41.136,0.99973,0.99985,1.87,1.50
2017.10.27 15:05:41.188,0.99972,0.9998,3.56,2.25
2017.10.27 15:05:41.291,0.99969,0.9998,2.81,1.54
2017.10.27 15:05:41.802,0.9997,0.9998,1.37,1.00
2017.10.27 15:05:42.216,0.99969,0.99979,1.87,1.37
2017.10.27 15:05:42.371,0.99969,0.9998,1.87,2.62
2017.10.27 15:05:42.909,0.9997,0.9998,1.37,2.06
2017.10.27 15:05:43.332,0.99973,0.99984,1.50,1.87
2017.10.27 15:05:43.681,0.99975,0.99985,1.50,1.31
2017.10.27 15:05:44.092,0.99975,0.9998,1.37,1.00
2017.10.27 15:05:44.144,0.99972,0.9998,5.25,1.00
2017.10.27 15:05:44.528,0.99974,0.99984,1.37,1.31
2017.10.27 15:05:44.835,0.99972,0.99982,1.37,2.44
2017.10.27 15:05:45.341,0.99972,0.99983,1.87,1.31
2017.10.27 15:05:46.351,0.99972,0.99982,1.87,1.00
2017.10.27 15:05:46.815,0.99972,0.99984,2.62,3.37
2017.10.27 15:05:47.052,0.99972,0.99982,1.87,1.50
2017.10.27 15:05:47.519,0.99971,0.99981,1.87,1.00
2017.10.27 15:05:48.395,0.99971,0.9998,1.00,1.00
2017.10.27 15:05:49.103,0.9997,0.99981,2.25,1.50
2017.10.27 15:05:49.626,0.99972,0.99982,1.00,1.69
2017.10.27 15:05:50.440,0.99972,0.99984,4.87,4.12
2017.10.27 15:05:50.964,0.99973,0.99984,1.87,1.25
2017.10.27 15:05:51.261,0.99973,0.99981,1.00,1.00
2017.10.27 15:05:51.776,0.99972,0.99981,2.62,1.00
2017.10.27 15:05:52.759,0.99972,0.99982,2.62,1.00
2017.10.27 15:05:53.896,0.99971,0.99978,1.37,1.00
2017.10.27 15:05:53.948,0.99968,0.99978,2.62,3.00
2017.10.27 15:05:54.156,0.99971,0.99982,1.00,3.94
2017.10.27 15:05:54.207,0.99971,0.99982,1.50,2.81
2017.10.27 15:05:54.713,0.99972,0.99982,1.50,2.06
2017.10.27 15:05:56.296,0.99973,0.99983,1.37,1.00
2017.10.27 15:05:56.837,0.99973,0.99982,1.37,1.88
2017.10.27 15:05:57.870,0.99974,0.99985,1.50,3.19
2017.10.27 15:05:58.950,0.99974,0.99983,1.37,1.00
2017.10.27 15:05:59.469,0.99973,0.99983,1.50,1.25
2017.10.27 15:05:59.995,0.99973,0.99982,1.00,1.00
2017.10.27 15:06:00.527,0.99974,0.99984,1.12,1.62
2017.10.27 15:06:01.575,0.99974,0.99985,1.50,3.75
2017.10.27 15:06:01.680,0.99972,0.99982,2.62,1.50
2017.10.27 15:06:02.209,0.99972,0.99982,1.00,1.25
2017.10.27 15:06:03.413,0.99972,0.99983,2.62,3.19
2017.10.27 15:06:03.938,0.99972,0.99981,1.37,1.00
2017.10.27 15:06:05.388,0.99972,0.99981,1.00,1.50
2017.10.27 15:06:05.906,0.99972,0.99981,2.25,1.00
2017.10.27 15:06:06.219,0.99974,0.99984,3.75,1.50
2017.10.27 15:06:06.766,0.99974,0.99984,2.62,2.44
2017.10.27 15:06:07.394,0.99976,0.99987,3.37,6.19
2017.10.27 15:06:07.705,0.99978,0.99989,4.12,3.56
2017.10.27 15:06:08.123,0.9998,0.99989,2.62,1.69
2017.10.27 15:06:08.278,0.99982,0.99992,4.12,1.50
2017.10.27 15:06:08.433,0.99979,0.99988,1.12,1.50
2017.10.27 15:06:08.767,0.99975,0.99986,1.37,2.81
2017.10.27 15:06:08.871,0.99978,0.99986,1.37,1.00
2017.10.27 15:06:09.026,0.99978,0.99988,1.50,1.00
2017.10.27 15:06:09.439,0.99976,0.99987,1.12,3.56
2017.10.27 15:06:09.815,0.99975,0.99986,2.25,4.31
2017.10.27 15:06:10.461,0.99975,0.99985,1.37,1.87
2017.10.27 15:06:10.973,0.99975,0.99985,1.37,1.25
2017.10.27 15:06:11.186,0.99973,0.99983,1.87,1.50
2017.10.27 15:06:11.734,0.99973,0.99984,1.50,3.37
2017.10.27 15:06:13.669,0.99973,0.99984,1.50,3.56
2017.10.27 15:06:14.177,0.99972,0.99984,3.37,2.62
2017.10.27 15:06:16.318,0.99976,0.99986,1.87,1.31
2017.10.27 15:06:16.421,0.99977,0.99988,1.12,1.88
2017.10.27 15:06:16.831,0.99979,0.9999,1.00,1.88
2017.10.27 15:06:17.346,0.99979,0.9999,1.00,1.13
2017.10.27 15:06:18.133,0.99977,0.99987,1.00,1.13
2017.10.27 15:06:18.650,0.99977,0.99986,1.00,1.00
2017.10.27 15:06:20.677,0.99975,0.99986,1.50,1.50
2017.10.27 15:06:21.607,0.99975,0.99986,1.50,1.50
2017.10.27 15:06:23.981,0.99974,0.99985,1.87,1.00
2017.10.27 15:06:25.639,0.99974,0.99986,2.62,2.06
2017.10.27 15:06:25.971,0.99974,0.99983,1.00,1.00
2017.10.27 15:06:26.126,0.99974,0.99985,1.00,1.50
2017.10.27 15:06:26.758,0.99978,0.99986,1.00,1.25
2017.10.27 15:06:27.427,0.99978,0.99987,1.00,1.00
2017.10.27 15:06:27.842,0.99978,0.99989,2.25,3.56
2017.10.27 15:06:28.437,0.9998,0.99991,1.12,3.00
2017.10.27 15:06:28.974,0.99981,0.99991,1.00,1.69
2017.10.27 15:06:29.334,0.99983,0.99993,1.00,1.69
2017.10.27 15:06:30.029,0.99981,0.9999,1.12,1.87
2017.10.27 15:06:30.388,0.99979,0.9999,1.12,7.54
2017.10.27 15:06:30.932,0.99979,0.9999,1.12,5.25
2017.10.27 15:06:31.444,0.99979,0.99989,1.12,1.00
2017.10.27 15:06:31.888,0.99979,0.99989,1.87,1.25
2017.10.27 15:06:31.941,0.99979,0.9999,1.87,2.62
2017.10.27 15:06:32.455,0.9998,0.99991,1.00,2.44
2017.10.27 15:06:33.330,0.99979,0.99991,6.37,1.25
2017.10.27 15:06:33.382,0.99982,0.99992,3.37,3.94
2017.10.27 15:06:33.537,0.99984,0.99995,1.37,1.50
2017.10.27 15:06:34.326,0.99985,0.99995,1.37,2.25
2017.10.27 15:06:35.788,0.99984,0.99994,1.00,3.19
2017.10.27 15:06:36.793,0.99983,0.99992,1.50,1.25
2017.10.27 15:06:37.306,0.99983,0.99993,1.50,1.00
2017.10.27 15:06:37.945,0.99983,0.99992,1.37,1.25
2017.10.27 15:06:38.455,0.99983,0.99993,1.37,1.00
2017.10.27 15:06:38.969,0.99983,0.99992,1.00,1.00
2017.10.27 15:06:39.176,0.99983,0.99994,1.50,2.44
2017.10.27 15:06:39.535,0.99983,0.99992,1.50,1.00
2017.10.27 15:06:40.063,0.99983,0.99992,1.00,1.00
2017.10.27 15:06:40.596,0.99983,0.99993,3.00,1.00
2017.10.27 15:06:41.111,0.99983,0.99994,3.00,1.50
2017.10.27 15:06:41.616,0.99983,0.99994,3.37,1.50
2017.10.27 15:06:41.923,0.99986,0.99995,1.50,1.37
2017.10.27 15:06:41.976,0.99987,0.99998,3.00,3.56
2017.10.27 15:06:42.198,0.99988,0.99999,1.37,5.63
2017.10.27 15:06:43.093,0.99991,1.00001,1.00,1.00
2017.10.27 15:06:43.351,0.99992,1.00002,4.12,1.50
2017.10.27 15:06:43.510,0.99991,1.00001,1.50,1.00
2017.10.27 15:06:43.971,0.9999,0.99999,1.00,1.00
2017.10.27 15:06:44.457,0.99988,0.99997,1.00,1.00
2017.10.27 15:06:44.982,0.99987,0.99997,1.00,1.44
2017.10.27 15:06:45.341,0.99984,0.99992,1.87,1.00
2017.10.27 15:06:45.756,0.99984,0.99994,1.50,1.00
2017.10.27 15:06:45.912,0.99983,0.99992,1.12,1.00
2017.10.27 15:06:46.211,0.99983,0.99994,1.12,3.56
2017.10.27 15:06:47.385,0.99983,0.99993,1.00,1.00
2017.10.27 15:06:48.109,0.99983,0.99992,1.00,1.25
2017.10.27 15:06:49.064,0.99983,0.99994,1.87,2.81
2017.10.27 15:06:49.116,0.99985,0.99995,1.87,1.12
2017.10.27 15:06:49.358,0.99988,0.99998,1.00,3.19
2017.10.27 15:06:50.539,0.99988,0.99998,1.00,3.38
2017.10.27 15:06:56.390,0.99987,0.99996,1.87,1.00
2017.10.27 15:06:56.448,0.99984,0.99992,3.75,1.00
2017.10.27 15:06:56.962,0.99982,0.99992,1.50,2.44
2017.10.27 15:06:57.486,0.99983,0.99993,1.50,1.25
2017.10.27 15:06:59.651,0.99982,0.99992,1.87,1.69
2017.10.27 15:06:59.963,0.99988,0.99998,1.37,4.87
2017.10.27 15:07:00.274,0.99993,0.99999,1.00,1.25
2017.10.27 15:07:00.791,0.99993,0.99999,1.00,3.94
2017.10.27 15:07:00.893,0.9999,0.99999,1.00,2.06
2017.10.27 15:07:02.263,0.9999,0.99999,1.37,1.69
2017.10.27 15:07:02.767,0.9999,1.0,5.25,1.37
2017.10.27 15:07:02.819,0.99992,1.00001,1.00,1.25
2017.10.27 15:07:03.353,0.99992,1.00002,1.87,1.81
2017.10.27 15:07:04.292,0.99993,1.00003,1.37,1.31
2017.10.27 15:07:04.343,0.99995,1.00004,1.87,1.69
2017.10.27 15:07:04.395,0.99997,1.00006,1.37,1.50
2017.10.27 15:07:04.622,0.99993,1.00003,3.00,1.50
2017.10.27 15:07:04.674,0.9999,0.99999,1.37,1.50
2017.10.27 15:07:04.729,0.99988,0.99998,1.87,1.72
2017.10.27 15:07:05.140,0.99989,0.99999,1.87,1.25
2017.10.27 15:07:05.192,0.99986,0.99995,1.37,1.25
2017.10.27 15:07:05.305,0.99985,0.99995,1.00,3.00
2017.10.27 15:07:05.613,0.99983,0.99994,1.00,4.87
2017.10.27 15:07:06.142,0.99984,0.99994,1.12,1.00
2017.10.27 15:07:07.785,0.99984,0.99994,1.12,5.44
2017.10.27 15:07:07.889,0.99982,0.99992,1.12,2.25
2017.10.27 15:07:09.336,0.99982,0.99994,2.25,8.06
2017.10.27 15:07:09.389,0.99985,0.99994,1.00,2.44
2017.10.27 15:07:09.699,0.99987,0.99997,2.25,1.00
2017.10.27 15:07:11.088,0.99987,0.99996,2.25,1.00
2017.10.27 15:07:11.608,0.99987,0.99997,2.25,1.00
2017.10.27 15:07:12.043,0.99987,0.99995,1.00,1.00
2017.10.27 15:07:12.587,0.99986,0.99996,1.12,3.38
2017.10.27 15:07:13.134,0.99986,0.99996,1.00,6.19
2017.10.27 15:07:13.561,0.9999,0.99999,1.87,1.69
2017.10.27 15:07:13.899,0.99993,1.00001,1.00,2.25
2017.10.27 15:07:15.118,0.99993,1.00002,1.00,1.25
2017.10.27 15:07:17.735,0.99988,0.99997,3.00,2.25
2017.10.27 15:07:18.056,0.9999,0.99997,1.00,3.37
2017.10.27 15:07:18.158,0.99987,0.99997,1.50,1.12
2017.10.27 15:07:19.280,0.99985,0.99995,2.25,1.16
2017.10.27 15:07:19.589,0.99983,0.99992,1.00,1.50
2017.10.27 15:07:21.026,0.99983,0.99993,1.00,4.69
2017.10.27 15:07:21.681,0.99983,0.99992,1.00,1.00
2017.10.27 15:07:22.769,0.99983,0.99992,1.50,1.69
2017.10.27 15:07:23.297,0.99984,0.99994,1.50,3.19
2017.10.27 15:07:23.643,0.99981,0.99991,1.12,1.69
2017.10.27 15:07:24.155,0.99981,0.9999,1.12,1.00
2017.10.27 15:07:24.483,0.99984,0.99992,3.00,1.25
2017.10.27 15:07:24.793,0.99986,0.99997,2.25,1.50
2017.10.27 15:07:26.534,0.99987,0.99997,1.00,1.25
2017.10.27 15:07:26.944,0.99986,0.99995,1.12,1.00
2017.10.27 15:07:27.663,0.99986,0.99996,1.12,1.12
2017.10.27 15:07:29.787,0.99986,0.99997,1.12,3.00
2017.10.27 15:07:30.096,0.99985,0.99995,1.12,3.56
2017.10.27 15:07:32.658,0.99984,0.99993,2.25,1.00
2017.10.27 15:07:32.812,0.9998,0.99991,3.00,1.69
2017.10.27 15:07:33.165,0.99979,0.99984,1.00,1.00
2017.10.27 15:07:33.268,0.99975,0.99985,1.12,2.63
2017.10.27 15:07:33.320,0.99973,0.99984,1.87,4.50
2017.10.27 15:07:34.048,0.99973,0.99984,1.12,3.00
2017.10.27 15:07:34.588,0.99973,0.99984,1.12,3.56
2017.10.27 15:07:35.100,0.99973,0.99984,1.12,1.87
2017.10.27 15:07:36.460,0.99972,0.99983,2.62,1.50
2017.10.27 15:07:37.638,0.99975,0.99985,2.44,1.00
2017.10.27 15:07:37.997,0.99976,0.99987,1.50,1.50
2017.10.27 15:07:38.491,0.99976,0.99988,3.75,2.44
2017.10.27 15:07:38.648,0.99978,0.99989,1.00,3.56
2017.10.27 15:07:39.172,0.99979,0.99989,1.12,2.06
2017.10.27 15:07:39.535,0.99978,0.99987,1.12,1.00
2017.10.27 15:07:40.624,0.99977,0.99987,1.87,2.62
2017.10.27 15:07:40.921,0.99976,0.99985,1.12,1.69
2017.10.27 15:07:40.974,0.99976,0.99985,1.12,2.81
2017.10.27 15:07:41.027,0.99974,0.99982,1.00,1.50
2017.10.27 15:07:41.081,0.99972,0.99982,1.50,1.75
2017.10.27 15:07:41.442,0.9997,0.9998,1.00,2.06
2017.10.27 15:07:41.717,0.99971,0.99982,1.87,3.56
2017.10.27 15:07:42.671,0.99971,0.99983,2.06,4.87
2017.10.27 15:07:43.185,0.99971,0.99982,1.37,3.94
2017.10.27 15:07:43.710,0.9997,0.99981,1.50,3.19
2017.10.27 15:07:44.795,0.99969,0.99979,1.00,1.88
2017.10.27 15:07:45.428,0.9997,0.99979,1.00,1.56
2017.10.27 15:07:45.480,0.9997,0.99982,1.87,3.94
2017.10.27 15:07:46.595,0.9997,0.99979,1.12,1.00
2017.10.27 15:07:47.059,0.99969,0.99978,1.00,1.69
2017.10.27 15:07:47.418,0.99965,0.99976,1.75,1.37
2017.10.27 15:07:47.946,0.99965,0.99976,1.37,2.19
2017.10.27 15:07:48.570,0.99966,0.99977,1.00,4.31
2017.10.27 15:07:50.070,0.99966,0.99976,1.00,2.62
2017.10.27 15:07:50.440,0.99967,0.99979,4.12,1.69
2017.10.27 15:07:50.649,0.99968,0.9998,4.12,2.06
2017.10.27 15:07:51.934,0.99968,0.9998,4.12,1.37
2017.10.27 15:07:52.882,0.99968,0.99978,3.37,1.50
2017.10.27 15:07:52.934,0.99968,0.99979,2.62,1.31
2017.10.27 15:07:55.027,0.99968,0.99978,1.00,1.87
2017.10.27 15:07:58.745,0.99969,0.99979,1.00,3.75
2017.10.27 15:07:59.380,0.99969,0.9998,1.50,2.81
2017.10.27 15:08:00.731,0.99972,0.9998,2.25,1.12
2017.10.27 15:08:03.086,0.99972,0.99982,1.12,1.00
2017.10.27 15:08:03.606,0.99972,0.99983,1.12,3.75
2017.10.27 15:08:04.475,0.99972,0.99983,1.12,3.75
2017.10.27 15:08:05.414,0.99972,0.99983,1.12,6.19
2017.10.27 15:08:08.697,0.99974,0.99983,1.00,3.00
2017.10.27 15:08:11.238,0.99974,0.99983,1.00,1.50
2017.10.27 15:08:11.808,0.99974,0.99983,1.00,4.12
2017.10.27 15:08:12.462,0.99973,0.99983,1.00,5.06
2017.10.27 15:08:13.997,0.99973,0.99982,1.00,1.00
2017.10.27 15:08:14.312,0.99975,0.99985,1.37,4.87
2017.10.27 15:08:14.825,0.99975,0.99985,2.25,3.37
2017.10.27 15:08:16.260,0.99978,0.99987,1.12,1.87
2017.10.27 15:08:17.104,0.99978,0.99988,1.12,4.31
2017.10.27 15:08:18.365,0.99979,0.99988,1.00,1.00
2017.10.27 15:08:19.332,0.99979,0.99989,1.12,3.00
2017.10.27 15:08:21.697,0.99979,0.99989,1.12,4.69
2017.10.27 15:08:22.616,0.99979,0.99989,1.12,4.13
2017.10.27 15:08:23.132,0.99979,0.99989,1.12,4.13
2017.10.27 15:08:23.649,0.9998,0.9999,1.12,2.25
2017.10.27 15:08:23.956,0.99977,0.99987,3.75,1.25
2017.10.27 15:08:24.496,0.9998,0.99989,1.00,1.31
2017.10.27 15:08:27.241,0.9998,0.99988,1.00,1.00
2017.10.27 15:08:31.925,0.9998,0.99989,1.00,3.38
2017.10.27 15:08:32.028,0.99983,0.9999,1.00,1.37
2017.10.27 15:08:32.080,0.9998,0.9999,2.62,1.75
2017.10.27 15:08:33.101,0.99979,0.99989,1.00,4.31
2017.10.27 15:08:33.724,0.99979,0.99989,1.00,2.81
2017.10.27 15:08:34.441,0.99982,0.99991,1.00,1.12
2017.10.27 15:08:34.954,0.99982,0.9999,1.00,1.12
2017.10.27 15:08:35.518,0.99983,0.99993,1.12,1.37
2017.10.27 15:08:35.570,0.99985,0.99994,1.00,4.12
2017.10.27 15:08:36.079,0.99985,0.99994,1.00,1.31
2017.10.27 15:08:37.523,0.99985,0.99991,1.00,1.12
2017.10.27 15:08:37.576,0.99983,0.99991,1.00,1.12
2017.10.27 15:08:38.365,0.99983,0.99993,1.12,3.56
2017.10.27 15:08:39.024,0.99983,0.99992,1.87,1.00
2017.10.27 15:08:39.217,0.99983,0.99995,1.87,3.94
2017.10.27 15:08:39.732,0.99983,0.99995,2.62,3.94
2017.10.27 15:08:40.249,0.99984,0.99994,1.12,1.88
2017.10.27 15:08:40.565,0.99982,0.9999,1.50,3.56
2017.10.27 15:08:40.668,0.9998,0.99989,1.00,1.63
2017.10.27 15:08:43.442,0.9998,0.99989,1.00,2.44
2017.10.27 15:08:45.304,0.99979,0.99989,1.00,3.75
2017.10.27 15:08:45.820,0.99979,0.99989,1.00,2.62
2017.10.27 15:08:47.388,0.9998,0.9999,1.00,3.00
2017.10.27 15:08:50.115,0.99983,0.99992,1.00,1.50
2017.10.27 15:08:50.632,0.99984,0.99992,1.00,1.00
2017.10.27 15:08:51.091,0.99983,0.99991,1.00,2.62
2017.10.27 15:08:51.144,0.99979,0.99989,1.12,2.25
2017.10.27 15:08:51.452,0.9998,0.9999,2.25,1.31
2017.10.27 15:08:51.986,0.99982,0.99991,1.00,1.12
2017.10.27 15:08:52.243,0.99984,0.99995,1.12,3.75
2017.10.27 15:08:52.766,0.99986,0.99995,1.00,3.37
2017.10.27 15:08:54.282,0.99986,0.99994,1.00,3.37
2017.10.27 15:08:54.882,0.99986,0.99993,1.00,1.37
2017.10.27 15:08:55.294,0.99983,0.99991,1.00,1.50
2017.10.27 15:08:55.346,0.99981,0.99989,1.00,1.13
2017.10.27 15:08:55.873,0.9998,0.99989,1.00,1.00
2017.10.27 15:08:56.420,0.99981,0.99991,1.00,1.50
2017.10.27 15:08:56.742,0.99981,0.9999,1.00,1.19
2017.10.27 15:08:57.255,0.99981,0.9999,1.00,1.31
2017.10.27 15:08:58.520,0.99981,0.9999,1.00,1.31
2017.10.27 15:08:58.852,0.99984,0.99992,1.00,1.69
2017.10.27 15:08:59.827,0.99984,0.99992,1.00,1.00
2017.10.27 15:09:00.392,0.99985,0.99992,1.00,1.12
2017.10.27 15:09:01.382,0.99984,0.99993,1.00,1.87
2017.10.27 15:09:02.205,0.99984,0.99994,1.00,2.44
2017.10.27 15:09:02.875,0.99985,0.99994,1.00,1.69
2017.10.27 15:09:03.624,0.99985,0.99994,1.00,1.25
2017.10.27 15:09:03.932,0.99984,0.99993,1.00,3.19
2017.10.27 15:09:05.562,0.99984,0.99993,1.00,1.87
2017.10.27 15:09:06.423,0.99985,0.99995,1.00,2.81
2017.10.27 15:09:06.938,0.99985,0.99995,1.12,1.12
2017.10.27 15:09:07.591,0.99985,0.99993,1.00,1.87
2017.10.27 15:09:07.899,0.99984,0.99992,1.00,2.44
2017.10.27 15:09:08.053,0.99984,0.99993,1.00,1.50
2017.10.27 15:09:08.156,0.99986,0.99995,1.00,2.25
2017.10.27 15:09:08.483,0.99985,0.99992,1.00,1.00
2017.10.27 15:09:09.233,0.99984,0.99992,1.00,1.31
2017.10.27 15:09:10.101,0.99984,0.99992,1.00,4.31
2017.10.27 15:09:11.601,0.99983,0.99989,1.00,1.12
2017.10.27 15:09:11.726,0.9998,0.99989,1.50,1.50
2017.10.27 15:09:12.239,0.9998,0.9999,1.00,2.62
2017.10.27 15:09:12.792,0.99981,0.9999,1.00,2.25
2017.10.27 15:09:13.593,0.9998,0.9999,1.00,1.00
2017.10.27 15:09:14.054,0.99982,0.9999,1.00,1.50
2017.10.27 15:09:14.109,0.99979,0.99989,1.12,1.50
2017.10.27 15:09:14.616,0.9998,0.9999,1.00,3.75
2017.10.27 15:09:15.119,0.9998,0.99989,1.00,1.25
2017.10.27 15:09:15.920,0.99981,0.99989,1.00,1.25
2017.10.27 15:09:16.434,0.99981,0.9999,1.00,4.69
2017.10.27 15:09:16.589,0.99981,0.99988,1.00,1.00
2017.10.27 15:09:16.641,0.99979,0.99988,1.12,1.00
2017.10.27 15:09:16.950,0.99977,0.99985,3.37,1.00
2017.10.27 15:09:17.001,0.99977,0.99985,1.87,1.00
2017.10.27 15:09:17.204,0.99977,0.99983,1.00,1.00
2017.10.27 15:09:18.210,0.99972,0.99983,1.75,1.50
2017.10.27 15:09:18.736,0.99974,0.99983,1.87,1.00
2017.10.27 15:09:20.030,0.99974,0.99983,1.00,1.00
2017.10.27 15:09:20.315,0.99972,0.99981,1.87,1.00
2017.10.27 15:09:21.658,0.99972,0.99981,1.00,1.00
2017.10.27 15:09:21.865,0.9997,0.9998,1.12,1.00
2017.10.27 15:09:22.369,0.99972,0.99981,1.87,1.00
2017.10.27 15:09:23.176,0.99974,0.99983,2.81,1.00
2017.10.27 15:09:23.279,0.99977,0.99986,1.50,1.00
2017.10.27 15:09:23.434,0.9998,0.99988,1.30,1.19
2017.10.27 15:09:23.487,0.99979,0.9999,1.50,4.69
2017.10.27 15:09:24.029,0.99977,0.99986,1.00,1.00
2017.10.27 15:09:24.494,0.99975,0.99986,1.12,2.25
2017.10.27 15:09:25.032,0.99975,0.99985,1.00,1.12
2017.10.27 15:09:25.138,0.99973,0.99984,1.50,1.00
2017.10.27 15:09:25.193,0.99972,0.99982,1.87,1.50
2017.10.27 15:09:25.715,0.99971,0.99981,1.37,1.50
2017.10.27 15:09:27.277,0.99973,0.99982,1.12,1.00
2017.10.27 15:09:28.259,0.99973,0.99984,2.44,1.12
2017.10.27 15:09:29.373,0.99976,0.99986,1.12,1.87
2017.10.27 15:09:29.896,0.99977,0.99988,2.06,3.00
2017.10.27 15:09:30.409,0.99977,0.99988,1.87,1.00
2017.10.27 15:09:30.844,0.9998,0.99988,1.30,1.00
2017.10.27 15:09:31.367,0.9998,0.99989,1.12,1.00
2017.10.27 15:09:32.050,0.99979,0.99989,1.50,1.12
2017.10.27 15:09:32.565,0.99978,0.99988,2.85,1.00
2017.10.27 15:09:33.441,0.99978,0.99988,1.12,1.50
2017.10.27 15:09:33.959,0.99977,0.99987,3.00,1.00
2017.10.27 15:09:41.185,0.99978,0.99987,1.37,1.00
2017.10.27 15:09:41.378,0.9998,0.9999,2.10,1.00
2017.10.27 15:09:42.424,0.99982,0.99993,1.72,3.00
2017.10.27 15:09:42.927,0.99983,0.99993,1.12,1.00
2017.10.27 15:09:44.036,0.99983,0.99994,2.06,1.25
2017.10.27 15:09:44.344,0.99983,0.99992,1.00,1.00
2017.10.27 15:09:44.654,0.9998,0.99989,1.50,1.00
2017.10.27 15:09:46.131,0.99981,0.99989,2.66,1.00
2017.10.27 15:09:46.438,0.99987,0.99994,4.35,2.25
2017.10.27 15:09:46.699,0.99988,0.99998,3.79,1.00
2017.10.27 15:09:46.802,0.99987,0.99996,1.12,1.50
2017.10.27 15:09:47.115,0.9998,0.99988,1.12,1.00
2017.10.27 15:09:47.628,0.9998,0.99989,1.00,1.00
2017.10.27 15:09:48.008,0.99981,0.9999,1.72,1.50
2017.10.27 15:09:48.522,0.99979,0.99989,9.23,1.00
2017.10.27 15:09:48.977,0.99984,0.9999,1.87,1.00
2017.10.27 15:09:49.031,0.99987,0.99993,1.12,1.00
2017.10.27 15:09:49.135,0.99983,0.99992,4.54,1.00
2017.10.27 15:09:49.187,0.99982,0.99991,1.31,1.50
2017.10.27 15:09:49.342,0.9998,0.9999,1.87,1.00
2017.10.27 15:09:49.717,0.9998,0.9999,4.35,1.50
2017.10.27 15:09:50.883,0.99983,0.99993,1.37,1.50
2017.10.27 15:09:51.139,0.99981,0.99991,1.50,3.37
2017.10.27 15:09:51.449,0.99978,0.99988,1.00,2.25
2017.10.27 15:09:52.936,0.99978,0.99988,1.87,1.50
2017.10.27 15:09:53.245,0.9998,0.9999,1.00,1.50
2017.10.27 15:09:53.778,0.99978,0.99988,1.00,1.75
2017.10.27 15:09:55.393,0.99975,0.99985,3.56,1.50
2017.10.27 15:09:55.689,0.99971,0.99982,3.94,1.12
2017.10.27 15:09:55.845,0.99971,0.9998,1.12,1.12
2017.10.27 15:09:56.467,0.99971,0.99981,4.54,1.12
2017.10.27 15:09:57.967,0.9997,0.9998,1.37,1.00
2017.10.27 15:09:58.517,0.9997,0.9998,2.66,1.00
2017.10.27 15:09:59.049,0.99972,0.99981,1.12,1.00
2017.10.27 15:09:59.665,0.99973,0.99982,1.00,1.00
2017.10.27 15:10:02.468,0.99975,0.99982,1.12,1.00
2017.10.27 15:10:02.520,0.99975,0.99985,1.12,1.50
2017.10.27 15:10:02.727,0.99976,0.99985,1.37,1.00
2017.10.27 15:10:03.230,0.99975,0.99985,1.50,1.00
2017.10.27 15:10:04.037,0.99976,0.99986,1.37,1.12
2017.10.27 15:10:04.873,0.99975,0.99984,1.37,1.00
2017.10.27 15:10:05.386,0.99975,0.99984,1.75,1.00
2017.10.27 15:10:05.830,0.99974,0.99983,1.00,2.25
2017.10.27 15:10:05.933,0.99972,0.99981,1.50,1.00
2017.10.27 15:10:09.272,0.99973,0.99983,1.69,1.00
2017.10.27 15:10:09.375,0.99973,0.99981,1.50,1.00
2017.10.27 15:10:09.802,0.99973,0.99983,2.25,1.00
2017.10.27 15:10:10.010,0.99975,0.99983,1.50,1.00
2017.10.27 15:10:10.784,0.99974,0.99983,1.50,1.00
2017.10.27 15:10:11.300,0.99975,0.99984,2.62,1.00
2017.10.27 15:10:12.915,0.99976,0.99984,2.47,1.00
2017.10.27 15:10:12.967,0.9998,0.99987,1.00,1.00
2017.10.27 15:10:13.073,0.9998,0.99989,1.12,1.00
2017.10.27 15:10:13.616,0.9998,0.99988,1.00,1.00
2017.10.27 15:10:13.945,0.99979,0.9999,1.37,1.00
2017.10.27 15:10:14.048,0.99982,0.9999,1.12,1.00
2017.10.27 15:10:17.518,0.99982,0.99991,1.12,1.87
2017.10.27 15:10:17.981,0.99982,0.99993,2.81,1.50
2017.10.27 15:10:18.033,0.99985,0.99993,1.12,1.00
2017.10.27 15:10:19.995,0.99983,0.99991,1.75,1.00
2017.10.27 15:10:20.047,0.99982,0.9999,1.37,1.00
2017.10.27 15:10:20.577,0.99982,0.99992,1.50,1.50
2017.10.27 15:10:22.056,0.99984,0.99992,1.50,1.00
2017.10.27 15:10:22.379,0.99987,0.99994,2.25,1.00
2017.10.27 15:10:22.533,0.99988,0.99997,1.50,1.00
2017.10.27 15:10:22.694,0.9999,0.99999,1.87,1.00
2017.10.27 15:10:22.747,0.9999,1.00001,1.87,2.44
2017.10.27 15:10:22.799,0.99989,0.99996,1.00,1.00
2017.10.27 15:10:22.903,0.99985,0.99996,2.44,1.50
2017.10.27 15:10:23.049,0.99984,0.99994,1.50,1.00
2017.10.27 15:10:23.578,0.99983,0.99993,1.50,1.87
2017.10.27 15:10:24.892,0.99983,0.99992,1.37,1.00
2017.10.27 15:10:25.030,0.99981,0.99991,1.50,1.50
2017.10.27 15:10:25.082,0.9998,0.99989,1.62,1.00
2017.10.27 15:10:25.289,0.99983,0.99992,1.87,1.50
2017.10.27 15:10:25.341,0.99985,0.99992,1.00,1.50
2017.10.27 15:10:25.444,0.99988,0.99997,1.00,1.69
2017.10.27 15:10:25.705,0.99984,0.99995,1.31,1.12
2017.10.27 15:10:26.013,0.99983,0.99992,1.62,1.00
2017.10.27 15:10:26.530,0.99983,0.99993,2.25,1.00
2017.10.27 15:10:26.839,0.99988,0.99995,1.72,1.00
2017.10.27 15:10:26.890,0.9999,1.0,1.00,2.62
2017.10.27 15:10:26.942,0.9999,1.00001,1.00,4.31
2017.10.27 15:10:27.474,0.9999,1.00001,1.87,1.31
2017.10.27 15:10:27.980,0.99988,0.99996,1.00,1.00
2017.10.27 15:10:28.494,0.99986,0.99998,1.50,6.38
2017.10.27 15:10:29.028,0.99984,0.99996,2.25,2.25
2017.10.27 15:10:29.588,0.99991,0.99997,3.75,2.81
2017.10.27 15:10:29.640,0.99995,1.00004,1.31,1.00
2017.10.27 15:10:29.847,0.99993,1.00004,1.50,3.00
2017.10.27 15:10:30.498,0.99992,1.00003,1.31,1.69
2017.10.27 15:10:31.012,0.99993,1.00005,1.31,4.50
2017.10.27 15:10:31.166,0.99993,1.00005,1.91,4.50
2017.10.27 15:10:31.218,0.99995,1.00005,1.87,1.50
2017.10.27 15:10:31.351,0.99993,1.00005,3.38,1.50
2017.10.27 15:10:31.872,0.99992,1.00003,1.00,1.50
2017.10.27 15:10:32.198,0.99989,1.0,2.25,2.63
2017.10.27 15:10:32.403,0.9999,1.00002,3.38,1.50
2017.10.27 15:10:32.558,0.99993,1.00004,2.25,2.44
2017.10.27 15:10:32.661,0.99993,1.00005,1.69,2.25
2017.10.27 15:10:32.764,0.99992,1.00003,1.50,1.88
2017.10.27 15:10:33.081,0.99993,1.00005,3.75,2.06
2017.10.27 15:10:33.132,0.99993,1.00005,3.19,2.81
2017.10.27 15:10:35.295,0.99993,1.00005,1.50,3.37
2017.10.27 15:10:35.347,0.99993,1.00003,1.00,1.00
2017.10.27 15:10:37.980,0.99996,1.00006,1.50,1.12
2017.10.27 15:10:38.034,0.99996,1.00008,2.81,2.81
2017.10.27 15:10:38.903,0.99996,1.00007,3.19,1.13
2017.10.27 15:10:39.543,0.99997,1.00008,1.00,2.62
2017.10.27 15:10:40.006,0.99999,1.00009,1.00,1.87
2017.10.27 15:10:40.215,0.99997,1.00008,2.25,1.31
2017.10.27 15:10:40.747,0.99997,1.00007,1.12,1.50
2017.10.27 15:10:41.457,0.99997,1.00008,1.12,1.87
2017.10.27 15:10:42.532,0.99997,1.00008,1.12,2.25
2017.10.27 15:10:43.153,0.99997,1.00008,1.50,2.44
2017.10.27 15:10:43.694,0.99997,1.00009,3.00,2.62
2017.10.27 15:10:44.287,0.99997,1.00008,2.62,2.25
2017.10.27 15:10:44.645,0.99996,1.00006,1.00,1.12
2017.10.27 15:10:45.163,0.99996,1.00005,1.00,1.00
2017.10.27 15:10:45.920,0.99995,1.00006,1.50,2.25
2017.10.27 15:10:46.473,0.99995,1.00006,1.50,2.25
2017.10.27 15:10:47.108,0.99994,1.00004,1.50,1.50
2017.10.27 15:10:47.421,0.99989,0.99998,2.81,1.00
2017.10.27 15:10:47.473,0.99988,0.99998,2.25,1.00
2017.10.27 15:10:47.717,0.99991,1.0,2.06,1.00
2017.10.27 15:10:47.929,0.9999,0.99999,1.00,1.00
2017.10.27 15:10:48.185,0.99988,0.99996,2.81,1.00
2017.10.27 15:10:48.618,0.99991,1.0,1.87,1.00
2017.10.27 15:10:48.670,0.99993,1.00003,1.87,3.37
2017.10.27 15:10:48.721,0.99995,1.00003,1.12,1.00
2017.10.27 15:10:48.918,0.99993,1.00002,1.00,2.62
2017.10.27 15:10:49.282,0.99992,1.0,1.00,1.00
2017.10.27 15:10:49.333,0.9999,0.99999,1.00,1.12
2017.10.27 15:10:49.804,0.99994,1.00002,1.00,1.00
2017.10.27 15:10:50.319,0.99995,1.00002,1.00,1.00
2017.10.27 15:10:50.832,0.99994,1.00002,1.00,1.00
2017.10.27 15:10:51.361,0.99993,1.00002,1.00,2.25
2017.10.27 15:10:52.595,0.99993,1.0,1.00,1.25
2017.10.27 15:10:52.646,0.99991,0.99999,1.12,1.00
2017.10.27 15:10:53.182,0.9999,0.99999,1.00,1.00
2017.10.27 15:10:54.860,0.99988,0.99999,3.56,1.00
2017.10.27 15:10:54.913,0.99988,0.99996,1.00,1.87
2017.10.27 15:10:54.965,0.99985,0.99995,1.87,1.00
2017.10.27 15:10:55.216,0.99988,0.99997,2.44,1.87
2017.10.27 15:10:55.321,0.9999,1.00001,1.87,1.87
2017.10.27 15:10:55.841,0.99991,1.00001,1.00,1.69
2017.10.27 15:10:56.673,0.99991,1.00002,1.00,3.19
2017.10.27 15:10:57.191,0.99991,1.00001,1.00,1.00
2017.10.27 15:10:57.647,0.99993,1.00002,1.00,1.00
2017.10.27 15:10:58.006,0.99991,1.00002,1.12,1.69
2017.10.27 15:10:58.412,0.99993,1.00005,3.56,3.37
2017.10.27 15:10:58.721,0.99996,1.00007,1.50,2.06
2017.10.27 15:10:59.335,0.99996,1.00006,2.25,1.50
2017.10.27 15:10:59.880,0.99995,1.00004,1.12,1.50
2017.10.27 15:10:59.983,0.99993,1.00003,1.00,2.44
2017.10.27 15:11:00.503,0.99993,1.00004,1.69,2.44
2017.10.27 15:11:01.154,0.99994,1.00004,1.00,1.00
2017.10.27 15:11:01.812,0.99993,1.00003,1.87,1.50
2017.10.27 15:11:04.546,0.99991,1.00001,1.12,1.69
2017.10.27 15:11:05.062,0.99988,1.0,3.00,2.62
2017.10.27 15:11:05.283,0.99988,1.0,2.44,2.62
2017.10.27 15:11:05.388,0.99988,0.99998,1.00,1.00
2017.10.27 15:11:05.903,0.99988,0.99999,1.00,2.06
2017.10.27 15:11:06.477,0.99987,0.99999,1.69,3.19
2017.10.27 15:11:07.056,0.99987,0.99998,1.50,2.62
2017.10.27 15:11:07.559,0.99987,0.99997,1.00,1.50
2017.10.27 15:11:08.062,0.99987,0.99998,2.44,1.12
2017.10.27 15:11:10.354,0.99991,1.00001,1.12,2.62
2017.10.27 15:11:10.509,0.99992,1.00004,3.38,1.31
2017.10.27 15:11:11.136,0.99996,1.00006,1.00,1.69
2017.10.27 15:11:11.397,0.99994,1.00005,1.87,2.62
2017.10.27 15:11:11.840,0.99996,1.00005,1.12,1.00
2017.10.27 15:11:12.352,0.99996,1.00006,3.37,1.00
2017.10.27 15:11:12.882,0.99997,1.00007,1.50,1.00
2017.10.27 15:11:13.736,0.99997,1.00008,1.87,1.88
2017.10.27 15:11:14.641,0.99997,1.00007,1.87,1.00
2017.10.27 15:11:15.155,0.99997,1.00008,1.87,2.06
2017.10.27 15:11:16.029,0.99997,1.00008,3.00,1.25
2017.10.27 15:11:17.303,0.99998,1.00009,2.44,1.12
2017.10.27 15:11:20.258,0.99998,1.00009,2.62,1.12
2017.10.27 15:11:23.845,0.99998,1.00009,1.00,1.87
2017.10.27 15:11:24.392,0.99998,1.00006,1.00,1.00
2017.10.27 15:11:24.444,0.99996,1.00006,1.50,1.00
2017.10.27 15:11:24.548,0.99995,1.00004,1.00,1.00
2017.10.27 15:11:25.062,0.99994,1.00004,1.00,1.50
2017.10.27 15:11:27.224,0.99994,1.00003,1.00,1.00
2017.10.27 15:11:28.623,0.99993,1.00003,1.12,1.50
2017.10.27 15:11:32.414,0.99991,1.00001,1.50,1.50
2017.10.27 15:11:32.717,0.99992,1.00002,2.29,1.00
2017.10.27 15:11:33.130,0.99994,1.00005,1.00,2.81
2017.10.27 15:11:34.640,0.99993,1.00003,2.62,1.00
2017.10.27 15:11:35.155,0.99992,1.00003,1.37,4.12
2017.10.27 15:11:35.848,0.99994,1.00003,1.50,1.37
2017.10.27 15:11:36.156,0.99992,1.00002,1.00,1.44
2017.10.27 15:11:36.350,0.99992,1.00003,2.25,1.12
2017.10.27 15:11:36.865,0.99992,1.00003,3.75,1.00
2017.10.27 15:11:37.384,0.99992,1.00003,2.25,1.50
2017.10.27 15:11:37.896,0.99992,1.00003,2.25,1.69
2017.10.27 15:11:38.439,0.99992,1.00003,1.87,1.50
2017.10.27 15:11:38.876,0.99991,1.00001,1.50,1.69
2017.10.27 15:11:39.030,0.9999,1.0,1.50,1.00
2017.10.27 15:11:39.390,0.99992,1.00002,1.12,2.06
2017.10.27 15:11:39.895,0.99992,1.00002,1.37,1.12
2017.10.27 15:11:40.879,0.99992,1.00002,1.12,1.87
2017.10.27 15:11:41.867,0.99991,1.00002,3.22,1.50
2017.10.27 15:11:42.225,0.99994,1.00004,1.50,1.00
2017.10.27 15:11:42.770,0.99994,1.00004,1.50,1.50
2017.10.27 15:11:43.081,0.99993,1.00003,1.00,1.87
2017.10.27 15:11:43.596,0.99993,1.00003,1.37,1.12
2017.10.27 15:11:44.634,0.99993,1.00002,1.00,1.00
2017.10.27 15:11:45.471,0.99993,1.00003,1.00,1.00
2017.10.27 15:11:46.034,0.99993,1.00001,1.00,1.00
2017.10.27 15:11:46.086,0.99989,1.0,2.62,1.44
2017.10.27 15:11:46.551,0.99992,1.00002,1.50,1.00
2017.10.27 15:11:46.706,0.99993,1.00004,1.12,1.50
2017.10.27 15:11:47.212,0.99994,1.00004,1.00,1.00
2017.10.27 15:11:47.829,0.99994,1.00002,1.12,1.00
2017.10.27 15:11:47.881,0.99992,1.00002,1.00,1.00
2017.10.27 15:11:48.396,0.99992,1.00002,1.37,1.00
2017.10.27 15:11:48.729,0.99991,1.00001,2.62,1.50
2017.10.27 15:11:49.302,0.99991,1.00001,2.25,1.00
2017.10.27 15:11:49.457,0.99992,1.00003,1.00,2.81
2017.10.27 15:11:49.920,0.99992,1.00001,1.00,1.25
2017.10.27 15:11:50.205,0.99992,1.00003,2.62,1.88
2017.10.27 15:11:50.824,0.99992,1.00003,1.50,2.81
2017.10.27 15:11:51.345,0.99993,1.00003,1.12,1.00
2017.10.27 15:11:51.857,0.99993,1.00003,1.63,1.00
2017.10.27 15:11:52.398,0.99993,1.00003,1.87,1.00
2017.10.27 15:11:52.985,0.99991,1.00002,2.62,1.25
2017.10.27 15:11:53.398,0.99991,1.0,1.00,1.00
2017.10.27 15:11:53.707,0.99989,1.00001,2.62,2.25
2017.10.27 15:11:54.063,0.99989,0.99998,1.00,1.00
2017.10.27 15:11:54.578,0.99987,0.99999,3.19,1.50
2017.10.27 15:11:54.834,0.99986,0.99998,4.16,1.69
2017.10.27 15:11:54.887,0.99985,0.99995,1.87,1.00
2017.10.27 15:11:54.991,0.99985,0.99995,1.12,1.00
2017.10.27 15:11:55.919,0.99985,0.99995,1.12,1.88
2017.10.27 15:11:56.542,0.99984,0.99994,1.31,1.00
2017.10.27 15:11:57.109,0.99984,0.99993,1.00,1.00
2017.10.27 15:11:57.651,0.99983,0.99994,1.87,2.44
2017.10.27 15:11:57.971,0.99983,0.99992,1.37,1.00
2017.10.27 15:11:58.279,0.99986,0.99995,2.25,1.00
2017.10.27 15:11:58.512,0.99988,0.99999,1.00,1.12
2017.10.27 15:12:03.021,0.99988,0.99998,1.12,1.00
2017.10.27 15:12:03.543,0.99988,0.99999,1.00,2.25
2017.10.27 15:12:04.529,0.99988,0.99998,1.00,1.00
2017.10.27 15:12:05.039,0.99988,0.99999,1.00,1.13
2017.10.27 15:12:05.843,0.99988,0.99998,1.00,1.25
2017.10.27 15:12:05.949,0.99986,0.99997,1.12,3.00
2017.10.27 15:12:06.463,0.99986,0.99996,1.00,1.00
2017.10.27 15:12:09.335,0.99985,0.99994,1.00,1.00
2017.10.27 15:12:09.844,0.99984,0.99993,1.12,2.25
2017.10.27 15:12:10.402,0.99983,0.99993,1.12,4.12
2017.10.27 15:12:10.916,0.99984,0.99994,1.50,1.00
2017.10.27 15:12:12.120,0.99985,0.99995,1.00,1.50
2017.10.27 15:12:13.104,0.99985,0.99994,1.00,1.12
2017.10.27 15:12:14.659,0.99985,0.99995,1.00,2.81
2017.10.27 15:12:15.654,0.99985,0.99994,1.00,1.12
2017.10.27 15:12:16.252,0.99985,0.99993,1.00,1.00
2017.10.27 15:12:16.508,0.99985,0.99995,1.00,4.69
2017.10.27 15:12:17.040,0.99987,0.99996,1.00,2.25
2017.10.27 15:12:17.388,0.99988,0.99999,1.00,1.31
2017.10.27 15:12:17.696,0.9999,1.0,1.00,3.19
2017.10.27 15:12:20.256,0.9999,1.0,1.00,1.31
2017.10.27 15:12:20.589,0.99989,0.99997,1.00,1.12
2017.10.27 15:12:20.744,0.99988,0.99999,1.87,1.13
2017.10.27 15:12:21.265,0.9999,1.0,1.00,2.62
2017.10.27 15:12:21.576,0.99992,1.00001,1.00,1.00
2017.10.27 15:12:21.833,0.99993,1.00003,1.00,1.00
2017.10.27 15:12:22.381,0.99994,1.00004,1.00,2.44
2017.10.27 15:12:24.269,0.99994,1.00003,1.00,1.31
2017.10.27 15:12:24.801,0.99994,1.00004,1.00,2.06
2017.10.27 15:12:25.128,0.99994,1.00003,1.00,1.50
2017.10.27 15:12:25.661,0.99993,1.00003,1.00,1.50
2017.10.27 15:12:26.177,0.99994,1.00004,1.00,1.69
2017.10.27 15:12:31.376,0.99995,1.00006,1.00,3.75
2017.10.27 15:12:31.907,0.99993,1.00005,3.75,3.75
2017.10.27 15:12:32.737,0.99993,1.00004,1.87,1.00
2017.10.27 15:12:32.840,0.99993,1.00003,1.50,3.75
2017.10.27 15:12:33.137,0.99987,0.99997,1.50,1.50
2017.10.27 15:12:34.164,0.99986,0.99997,4.31,1.00
2017.10.27 15:12:34.796,0.99986,0.99997,5.06,1.00
2017.10.27 15:12:36.172,0.99992,1.0,1.30,2.44
2017.10.27 15:12:36.379,0.99992,1.00004,2.85,3.37
2017.10.27 15:12:36.893,0.99992,1.00003,1.72,2.25
2017.10.27 15:12:37.815,0.99992,1.00003,2.10,1.00
2017.10.27 15:12:38.356,0.99993,1.00003,1.00,2.44
2017.10.27 15:12:40.444,0.99993,1.00002,1.12,1.87
2017.10.27 15:12:40.500,0.99988,0.99999,1.12,1.00
2017.10.27 15:12:41.014,0.99988,1.0,1.12,3.56
2017.10.27 15:12:41.907,0.99987,0.99997,3.00,1.00
2017.10.27 15:12:41.959,0.99986,0.99996,1.50,1.50
2017.10.27 15:12:42.460,0.99985,0.99996,2.62,3.00
2017.10.27 15:12:42.642,0.99987,0.99996,1.87,1.00
2017.10.27 15:12:42.901,0.99987,0.99998,2.62,1.00
2017.10.27 15:12:43.629,0.99989,0.99998,1.30,1.00
2017.10.27 15:12:45.270,0.99988,0.99998,1.88,1.00
2017.10.27 15:12:47.979,0.99989,0.99999,1.37,1.50
2017.10.27 15:12:48.340,0.99988,0.99998,2.25,1.00
2017.10.27 15:12:48.870,0.99988,0.99998,2.62,1.00
2017.10.27 15:12:49.376,0.99988,0.99998,1.87,1.00
2017.10.27 15:12:51.611,0.99987,0.99997,2.25,1.50
2017.10.27 15:12:52.126,0.99986,0.99996,5.66,1.00
2017.10.27 15:12:54.213,0.99987,0.99997,1.50,1.00
2017.10.27 15:12:58.176,0.99987,0.99997,1.87,2.25
2017.10.27 15:12:58.740,0.99991,0.99997,1.37,1.00
2017.10.27 15:12:58.921,0.99994,1.00002,1.37,1.25
2017.10.27 15:12:59.438,0.99995,1.00003,1.37,3.37
2017.10.27 15:13:00.170,0.99997,1.00003,1.37,1.00
2017.10.27 15:13:00.445,0.99996,1.00002,1.00,1.12
2017.10.27 15:13:00.704,0.99991,1.0,1.37,2.25
2017.10.27 15:13:01.286,0.99993,1.00001,1.37,1.50
2017.10.27 15:13:01.801,0.99993,1.00002,1.37,1.00
2017.10.27 15:13:03.148,0.99995,1.00004,1.37,2.44
2017.10.27 15:13:04.255,0.99995,1.00003,1.37,1.12
2017.10.27 15:13:04.568,0.99991,0.99998,1.37,1.00
2017.10.27 15:13:06.347,0.99991,0.99999,1.37,2.25
2017.10.27 15:13:06.659,0.99993,1.00001,1.37,1.00
2017.10.27 15:13:07.032,0.99993,1.00002,1.75,2.25
2017.10.27 15:13:07.085,0.99994,1.00004,1.12,2.25
2017.10.27 15:13:09.625,0.99996,1.00004,1.37,1.50
2017.10.27 15:13:10.136,0.99996,1.00005,1.37,1.50
2017.10.27 15:13:10.568,0.99995,1.00003,1.00,1.00
2017.10.27 15:13:10.673,0.99992,1.00002,2.25,2.25
2017.10.27 15:13:11.186,0.99992,1.00001,1.37,1.00
2017.10.27 15:13:11.801,0.9999,0.99997,1.00,1.00
2017.10.27 15:13:12.202,0.99987,0.99996,1.12,1.50
2017.10.27 15:13:13.718,0.99987,0.99997,1.12,2.25
2017.10.27 15:13:14.243,0.99987,0.99996,1.12,1.00
2017.10.27 15:13:14.607,0.99985,0.99994,1.50,1.00
2017.10.27 15:13:15.378,0.99985,0.99995,1.50,1.00
2017.10.27 15:13:15.691,0.9999,0.99998,1.12,1.00
2017.10.27 15:13:16.240,0.99988,0.99998,2.25,1.00
2017.10.27 15:13:16.648,0.99983,0.9999,3.00,1.00
2017.10.27 15:13:16.699,0.99981,0.99991,1.00,1.50
2017.10.27 15:13:17.006,0.99983,0.99992,1.25,1.00
2017.10.27 15:13:17.058,0.99983,0.99994,1.25,1.50
2017.10.27 15:13:17.566,0.99984,0.99994,1.00,1.50
2017.10.27 15:13:18.087,0.99983,0.99994,1.00,2.44
2017.10.27 15:13:18.753,0.99983,0.99995,1.00,5.62
2017.10.27 15:13:19.254,0.99983,0.99993,1.00,1.00
2017.10.27 15:13:19.613,0.99981,0.99993,1.50,6.19
2017.10.27 15:13:20.201,0.99981,0.99991,1.12,1.00
2017.10.27 15:13:20.946,0.9998,0.99991,1.50,1.87
2017.10.27 15:13:21.363,0.99978,0.99989,1.50,1.50
2017.10.27 15:13:23.603,0.99979,0.9999,4.35,1.00
2017.10.27 15:13:24.117,0.9998,0.99991,1.00,1.50
2017.10.27 15:13:24.572,0.99979,0.99989,1.50,1.50
2017.10.27 15:13:25.084,0.99978,0.99989,3.38,1.00
2017.10.27 15:13:26.531,0.99981,0.99989,1.00,1.00
2017.10.27 15:13:26.691,0.99982,0.99992,1.50,1.69
2017.10.27 15:13:26.897,0.99982,0.99994,3.00,3.75
2017.10.27 15:13:27.103,0.99984,0.99994,2.25,1.50
2017.10.27 15:13:27.559,0.99986,0.99996,1.12,1.00
2017.10.27 15:13:28.283,0.99986,0.99997,1.12,1.88
2017.10.27 15:13:30.437,0.99985,0.99995,1.12,1.00
2017.10.27 15:13:30.751,0.99981,0.9999,1.12,1.88
2017.10.27 15:13:31.276,0.9998,0.99988,1.00,1.00
2017.10.27 15:13:31.637,0.9998,0.9999,1.00,3.37
2017.10.27 15:13:32.446,0.9998,0.99989,1.00,1.00
2017.10.27 15:13:32.498,0.99977,0.99989,2.81,2.63
2017.10.27 15:13:32.652,0.99977,0.99988,3.00,1.88
2017.10.27 15:13:33.181,0.99977,0.99988,2.62,1.13
2017.10.27 15:13:33.696,0.99977,0.99989,1.50,3.38
2017.10.27 15:13:34.023,0.99974,0.99986,2.81,2.81
2017.10.27 15:13:34.332,0.99977,0.99988,2.25,1.00
2017.10.27 15:13:35.488,0.99977,0.99989,2.81,2.44
2017.10.27 15:13:35.861,0.99976,0.99987,1.50,3.19
2017.10.27 15:13:36.375,0.99976,0.99986,1.50,1.00
2017.10.27 15:13:36.810,0.99977,0.99989,1.12,5.44
2017.10.27 15:13:38.607,0.99976,0.99988,4.69,1.31
2017.10.27 15:13:40.130,0.99976,0.99988,4.12,1.31
2017.10.27 15:13:40.654,0.99976,0.99988,4.69,1.12
2017.10.27 15:13:40.974,0.99976,0.99986,1.50,1.00
2017.10.27 15:13:41.283,0.99976,0.99987,3.56,1.00
2017.10.27 15:13:41.799,0.99977,0.99988,1.69,1.12
2017.10.27 15:13:43.125,0.99978,0.99989,3.22,3.00
2017.10.27 15:13:43.230,0.99982,0.99992,1.00,2.44
2017.10.27 15:13:43.436,0.99984,0.99995,1.00,3.94
2017.10.27 15:13:46.774,0.99986,0.99996,1.87,1.00
2017.10.27 15:13:46.931,0.99987,0.99998,1.37,2.06
2017.10.27 15:13:47.448,0.99988,0.99999,1.50,2.06
2017.10.27 15:13:48.436,0.99988,0.99999,1.12,3.75
2017.10.27 15:13:48.716,0.99988,0.99999,1.12,2.81
2017.10.27 15:13:50.126,0.99988,0.99999,1.50,3.75
2017.10.27 15:13:50.364,0.99987,0.99997,1.87,1.88
2017.10.27 15:13:50.872,0.99987,0.99997,1.87,1.88
2017.10.27 15:13:51.379,0.99987,0.99997,1.50,1.25
2017.10.27 15:13:54.340,0.99987,0.99997,1.50,1.00
2017.10.27 15:13:54.853,0.99988,0.99998,1.00,2.06
2017.10.27 15:13:55.828,0.99991,1.0,1.50,2.25
2017.10.27 15:13:55.930,0.99992,1.00003,1.50,6.75
2017.10.27 15:13:56.448,0.99992,1.00002,1.50,3.00
2017.10.27 15:13:58.730,0.99992,1.00003,1.87,4.88
2017.10.27 15:13:58.783,0.99994,1.00004,1.12,2.06
2017.10.27 15:13:59.976,0.99993,1.00004,1.87,3.75
2017.10.27 15:14:00.029,0.99992,1.00002,1.50,1.00
2017.10.27 15:14:00.183,0.9999,1.00001,1.12,3.38
2017.10.27 15:14:00.689,0.99992,1.00002,1.00,3.56
2017.10.27 15:14:01.200,0.99992,1.00001,1.00,1.12
2017.10.27 15:14:02.179,0.99992,1.00001,1.00,1.88
2017.10.27 15:14:02.282,0.9999,1.00001,1.50,2.63
2017.10.27 15:14:03.985,0.99991,1.00001,1.75,2.25
2017.10.27 15:14:04.038,0.99993,1.00003,1.50,1.31
2017.10.27 15:14:04.558,0.99993,1.00003,1.50,2.63
2017.10.27 15:14:05.071,0.99993,1.00003,1.50,1.88
2017.10.27 15:14:05.617,0.99993,1.00002,1.12,1.88
2017.10.27 15:14:06.510,0.99993,1.00003,1.12,1.50
2017.10.27 15:14:07.048,0.99993,1.00004,4.50,1.25
2017.10.27 15:14:10.275,0.99993,1.00003,1.50,1.12
2017.10.27 15:14:10.327,0.99993,0.99999,1.00,1.12
2017.10.27 15:14:10.380,0.9999,0.99999,1.50,1.12
2017.10.27 15:14:10.896,0.9999,0.99999,1.50,1.50
2017.10.27 15:14:11.411,0.9999,0.99999,1.00,1.50
2017.10.27 15:14:13.085,0.99992,1.00002,1.12,1.50
2017.10.27 15:14:14.744,0.99992,1.00001,1.00,1.69
2017.10.27 15:14:15.115,0.9999,1.0,1.12,1.69
2017.10.27 15:14:15.168,0.99991,1.00001,1.75,2.25
2017.10.27 15:14:15.222,0.99994,1.00003,1.00,1.69
2017.10.27 15:14:15.326,0.99994,1.00005,1.12,1.69
2017.10.27 15:14:15.431,0.99993,1.00003,1.37,2.25
2017.10.27 15:14:15.534,0.99992,1.00001,1.00,2.44
2017.10.27 15:14:15.688,0.9999,1.00001,1.12,1.50
2017.10.27 15:14:16.643,0.9999,1.0,1.00,2.25
2017.10.27 15:14:17.164,0.9999,1.0,1.00,1.12
2017.10.27 15:14:19.698,0.99989,0.99999,1.12,3.37
2017.10.27 15:14:20.290,0.99989,0.99999,1.12,3.56
2017.10.27 15:14:22.814,0.99989,0.99999,1.00,2.81
2017.10.27 15:14:24.518,0.99988,0.99999,1.00,3.75
2017.10.27 15:14:25.546,0.9999,0.99999,1.00,1.87
2017.10.27 15:14:26.060,0.9999,0.99999,1.00,1.00
2017.10.27 15:14:26.531,0.99992,1.00001,1.00,1.37
2017.10.27 15:14:26.686,0.99992,1.00002,1.00,3.19
2017.10.27 15:14:27.004,0.99995,1.00004,1.00,1.31
2017.10.27 15:14:27.107,0.99995,1.00005,1.00,2.06
2017.10.27 15:14:27.645,0.99994,1.00004,1.00,2.44
2017.10.27 15:14:30.051,0.99994,1.00004,1.00,2.25
2017.10.27 15:14:31.993,0.99994,1.00004,1.00,1.87
2017.10.27 15:14:32.519,0.99994,1.00004,1.00,3.00
2017.10.27 15:14:33.831,0.99993,1.00001,1.00,1.12
2017.10.27 15:14:34.340,0.99992,1.00001,1.00,1.50
2017.10.27 15:14:34.730,0.99991,0.99997,1.00,1.87
2017.10.27 15:14:34.783,0.99988,0.99998,1.00,2.62
2017.10.27 15:14:35.313,0.99988,0.99999,1.00,1.87
2017.10.27 15:14:36.331,0.99988,0.99997,1.00,1.12
2017.10.27 15:14:36.842,0.99987,0.99997,1.00,2.81
2017.10.27 15:14:37.094,0.99986,0.99996,1.00,2.44
2017.10.27 15:14:37.146,0.99984,0.99995,1.31,2.25
2017.10.27 15:14:37.605,0.99986,0.99996,1.00,3.19
2017.10.27 15:14:38.841,0.99983,0.99995,4.50,2.62
2017.10.27 15:14:39.934,0.99983,0.99994,1.75,1.12
2017.10.27 15:14:40.463,0.99983,0.99995,1.75,4.31
2017.10.27 15:14:41.217,0.99983,0.99995,1.75,3.94
2017.10.27 15:14:41.727,0.99983,0.99995,1.75,3.94
2017.10.27 15:14:42.491,0.99983,0.99995,2.25,3.94
2017.10.27 15:14:43.033,0.99983,0.99994,2.25,1.44
2017.10.27 15:14:43.607,0.99983,0.99994,2.25,1.12
2017.10.27 15:14:43.939,0.99979,0.99988,1.00,1.87
2017.10.27 15:14:44.049,0.99976,0.99987,1.12,1.00
2017.10.27 15:14:44.205,0.99982,0.99988,2.62,1.00
2017.10.27 15:14:44.257,0.99982,0.99991,3.37,1.19
2017.10.27 15:14:44.627,0.99982,0.99993,1.50,1.37
2017.10.27 15:14:44.884,0.99983,0.99995,2.25,3.56
2017.10.27 15:14:46.419,0.99983,0.99995,1.87,1.50
2017.10.27 15:14:46.896,0.99983,0.99995,4.87,1.50
2017.10.27 15:14:47.409,0.99984,0.99995,4.12,1.31
2017.10.27 15:14:47.937,0.99987,0.99996,1.12,1.37
2017.10.27 15:14:48.205,0.99987,0.99997,1.50,1.69
2017.10.27 15:14:48.258,0.9999,0.99997,1.50,1.25
2017.10.27 15:14:48.364,0.9999,1.00001,4.12,3.37
2017.10.27 15:14:48.888,0.9999,1.00001,4.12,3.19
2017.10.27 15:14:48.940,0.99988,0.99998,1.12,2.25
2017.10.27 15:14:48.992,0.99988,0.99999,2.62,5.81
2017.10.27 15:14:49.422,0.9999,0.99999,3.37,1.00
2017.10.27 15:14:49.633,0.99991,1.00002,3.37,2.81
2017.10.27 15:14:50.146,0.99993,1.00003,1.50,1.69
2017.10.27 15:14:50.828,0.99997,1.00005,3.37,1.00
2017.10.27 15:14:51.152,0.99998,1.00007,2.62,1.31
2017.10.27 15:14:51.467,0.99996,1.00006,2.25,1.00
2017.10.27 15:14:51.674,0.99996,1.00006,1.75,1.00
2017.10.27 15:14:53.220,0.99996,1.00007,2.25,1.69
2017.10.27 15:14:55.598,0.99997,1.00008,3.37,1.69
2017.10.27 15:14:56.242,0.99997,1.00008,1.50,1.50
2017.10.27 15:14:56.551,0.99996,1.00006,1.50,1.12
2017.10.27 15:14:58.049,0.99994,1.00005,4.12,1.50
2017.10.27 15:14:58.101,0.99994,1.00004,1.12,1.13
2017.10.27 15:14:58.605,0.99993,1.00004,1.50,1.50
2017.10.27 15:15:00.650,0.99994,1.00004,1.50,1.19
2017.10.27 15:15:00.804,0.99998,1.00009,2.25,1.25
2017.10.27 15:15:01.162,0.99998,1.00011,4.69,2.06
2017.10.27 15:15:01.684,0.99998,1.0001,2.25,1.50
2017.10.27 15:15:02.288,1.0,1.00011,1.00,1.50
2017.10.27 15:15:02.443,1.00001,1.00012,1.12,1.12
2017.10.27 15:15:03.021,1.00002,1.00013,1.00,1.12
2017.10.27 15:15:03.597,0.99998,1.00011,3.75,1.00
2017.10.27 15:15:03.701,0.99998,1.0001,2.63,1.00
2017.10.27 15:15:04.366,1.00002,1.00014,2.25,7.87
2017.10.27 15:15:04.880,1.00003,1.00013,1.00,1.00
2017.10.27 15:15:05.399,1.00003,1.00014,1.00,1.31
2017.10.27 15:15:06.062,1.00003,1.00013,1.00,1.00
2017.10.27 15:15:06.889,1.00002,1.00012,1.12,1.00
2017.10.27 15:15:07.123,0.99999,1.0001,1.00,1.00
2017.10.27 15:15:07.654,0.99998,1.0001,3.00,1.00
2017.10.27 15:15:08.749,0.99998,1.00009,1.87,1.00
2017.10.27 15:15:09.782,0.99998,1.0001,2.62,1.00
2017.10.27 15:15:10.294,0.99998,1.0001,2.25,1.69
2017.10.27 15:15:10.614,1.00001,1.00012,1.00,2.44
2017.10.27 15:15:11.148,1.00001,1.00013,3.19,1.12
2017.10.27 15:15:11.676,1.00004,1.00014,1.00,1.00
2017.10.27 15:15:14.383,1.00004,1.00015,1.00,1.12
2017.10.27 15:15:15.146,1.00004,1.00014,1.00,1.00
2017.10.27 15:15:15.713,1.00004,1.00013,1.00,1.00
2017.10.27 15:15:16.207,1.00004,1.00015,1.00,1.50
2017.10.27 15:15:16.412,1.00004,1.00014,1.00,1.50
2017.10.27 15:15:16.464,1.00001,1.00011,1.87,1.00
2017.10.27 15:15:17.002,0.99999,1.0001,2.25,1.00
2017.10.27 15:15:17.521,0.99999,1.0001,1.50,1.00
2017.10.27 15:15:18.383,0.99999,1.00011,1.50,2.10
2017.10.27 15:15:18.897,0.99999,1.00011,1.50,1.50
2017.10.27 15:15:19.423,0.99999,1.00011,1.87,1.31
2017.10.27 15:15:19.925,0.99999,1.00011,1.50,1.31
2017.10.27 15:15:20.812,1.0,1.00012,1.12,3.75
2017.10.27 15:15:20.864,1.00001,1.00012,1.87,1.87
2017.10.27 15:15:21.322,1.0,1.00011,1.00,1.00
2017.10.27 15:15:22.891,1.00001,1.00012,1.12,1.12
2017.10.27 15:15:23.149,1.00003,1.00012,1.00,1.00
2017.10.27 15:15:26.852,1.00003,1.00013,1.00,2.81
2017.10.27 15:15:28.895,1.00004,1.00013,1.00,2.06
2017.10.27 15:15:29.151,1.00007,1.00017,1.50,3.00
2017.10.27 15:15:30.231,1.00009,1.00019,1.00,3.79
2017.10.27 15:15:30.385,1.00009,1.00021,1.50,2.81
2017.10.27 15:15:30.890,1.0001,1.00022,1.00,2.25
2017.10.27 15:15:31.731,1.0001,1.00022,1.50,1.88
2017.10.27 15:15:31.885,1.0001,1.00022,1.87,1.62
2017.10.27 15:15:32.194,1.00009,1.0002,1.00,4.54
2017.10.27 15:15:32.778,1.00009,1.0002,1.00,4.54
2017.10.27 15:15:34.506,1.00008,1.0002,2.25,3.00
2017.10.27 15:15:34.661,1.00006,1.00017,1.50,1.12
2017.10.27 15:15:35.288,1.00007,1.00017,1.00,1.00
2017.10.27 15:15:35.791,1.00006,1.00017,1.50,1.00
2017.10.27 15:15:36.567,1.00007,1.00017,1.00,1.00
2017.10.27 15:15:37.085,1.00007,1.00018,1.00,2.10
2017.10.27 15:15:38.042,1.00007,1.00017,1.00,1.00
2017.10.27 15:15:38.593,1.00006,1.00017,1.12,1.87
2017.10.27 15:15:39.121,1.00007,1.00017,1.00,1.62
2017.10.27 15:15:39.622,1.00007,1.00018,1.50,1.37
2017.10.27 15:15:40.034,1.00009,1.00019,1.00,1.00
2017.10.27 15:15:40.393,1.00011,1.00021,1.00,1.50
2017.10.27 15:15:40.549,1.00012,1.00023,1.50,3.00
2017.10.27 15:15:41.067,1.00012,1.00024,1.87,2.81
2017.10.27 15:15:43.875,1.00012,1.00023,3.38,1.12
2017.10.27 15:15:44.164,1.00011,1.00022,2.25,1.12
2017.10.27 15:15:44.268,1.00011,1.00021,1.00,1.37
2017.10.27 15:15:44.859,1.00011,1.00021,1.00,1.12
2017.10.27 15:15:45.374,1.0001,1.00022,1.87,2.25
2017.10.27 15:15:49.134,1.00011,1.00021,1.00,1.31
2017.10.27 15:15:49.871,1.00011,1.00022,1.12,1.50
2017.10.27 15:15:50.892,1.00011,1.00022,1.12,1.37
2017.10.27 15:15:51.152,1.00009,1.0002,1.50,1.25
2017.10.27 15:15:51.205,1.00008,1.00019,1.12,3.00
2017.10.27 15:15:51.741,1.00009,1.00019,1.87,1.00
2017.10.27 15:15:52.138,1.00007,1.00017,1.50,1.00
2017.10.27 15:15:52.645,1.00008,1.00018,1.00,2.44
2017.10.27 15:15:53.736,1.00006,1.00017,4.31,1.00
2017.10.27 15:15:54.147,1.00005,1.00015,1.12,1.00
2017.10.27 15:15:57.130,1.00004,1.00013,1.37,1.00
2017.10.27 15:15:58.052,1.00003,1.00013,3.74,1.00
2017.10.27 15:15:58.526,1.00002,1.00012,1.00,1.87
2017.10.27 15:15:58.681,1.0,1.0001,1.69,1.50
2017.10.27 15:15:59.514,1.0,1.00009,1.00,1.00
2017.10.27 15:15:59.567,0.99998,1.00008,2.62,1.00
2017.10.27 15:15:59.620,1.0,1.0001,1.12,1.00
2017.10.27 15:16:00.821,1.0,1.0001,2.62,1.25
2017.10.27 15:16:01.357,1.0,1.00011,2.25,1.12
2017.10.27 15:16:09.672,1.00001,1.00011,2.62,1.00
2017.10.27 15:16:09.775,1.00005,1.00015,3.19,1.50
2017.10.27 15:16:10.185,1.00006,1.00017,3.94,1.25
2017.10.27 15:16:10.696,1.00008,1.00018,1.50,1.00
2017.10.27 15:16:13.781,1.00007,1.00019,1.37,1.87
2017.10.27 15:16:14.308,1.00008,1.00018,1.12,1.00
2017.10.27 15:16:14.840,1.00007,1.00019,2.25,2.62
2017.10.27 15:16:15.251,1.0001,1.00019,1.00,1.12
2017.10.27 15:16:15.407,1.00008,1.00018,1.12,1.00
2017.10.27 15:16:15.929,1.00008,1.00017,1.12,1.00
2017.10.27 15:16:16.032,1.00007,1.00012,1.00,1.00
2017.10.27 15:16:16.084,1.00005,1.00011,1.00,1.00
2017.10.27 15:16:16.189,1.00002,1.00011,1.00,1.00
2017.10.27 15:16:16.709,1.00002,1.0001,1.00,1.00
2017.10.27 15:16:17.776,1.00001,1.0001,1.00,1.00
2017.10.27 15:16:18.288,1.0,1.00011,1.00,3.00
2017.10.27 15:16:18.554,0.99999,1.00009,1.31,1.12
2017.10.27 15:16:19.075,0.99999,1.00008,1.19,1.00
2017.10.27 15:16:19.610,0.99999,1.00008,1.00,1.00
2017.10.27 15:16:20.118,0.99998,1.00008,1.25,1.50
2017.10.27 15:16:20.638,0.99997,1.00007,1.31,1.00
2017.10.27 15:16:20.897,0.99999,1.00009,1.00,1.00
2017.10.27 15:16:25.480,0.99998,1.00009,1.25,1.50
2017.10.27 15:16:25.992,0.99999,1.00009,1.50,1.50
2017.10.27 15:16:30.695,1.00002,1.00011,1.00,1.00
2017.10.27 15:16:31.178,1.00003,1.00013,1.87,1.12
2017.10.27 15:16:32.339,1.00004,1.00015,1.12,3.00
2017.10.27 15:16:32.392,1.00007,1.00017,1.50,1.87
2017.10.27 15:16:32.494,1.00008,1.00018,1.87,1.00
2017.10.27 15:16:32.704,1.0001,1.0002,1.87,1.00
2017.10.27 15:16:32.808,1.00011,1.00022,2.66,1.00
2017.10.27 15:16:33.323,1.00011,1.00023,2.06,2.06
2017.10.27 15:16:34.016,1.00011,1.00023,2.81,2.06
2017.10.27 15:16:34.068,1.00014,1.00025,1.31,1.50
2017.10.27 15:16:34.434,1.00015,1.00027,3.56,1.88
2017.10.27 15:16:34.590,1.00018,1.00029,1.25,1.00
2017.10.27 15:16:34.928,1.00015,1.00027,3.75,1.38
2017.10.27 15:16:35.492,1.00015,1.00027,3.37,1.38
2017.10.27 15:16:35.708,1.00017,1.00029,1.31,4.31
2017.10.27 15:16:35.760,1.00019,1.00032,3.75,3.37
2017.10.27 15:16:36.068,1.00019,1.00031,4.31,1.00
2017.10.27 15:16:36.549,1.00018,1.00028,2.25,1.00
2017.10.27 15:16:37.062,1.00017,1.00029,2.44,1.12
2017.10.27 15:16:37.677,1.00018,1.0003,1.31,3.56
2017.10.27 15:16:38.472,1.00017,1.00029,3.00,1.00
2017.10.27 15:16:40.046,1.00017,1.0003,2.06,3.00
2017.10.27 15:16:40.557,1.00017,1.00029,2.25,1.00
2017.10.27 15:16:41.070,1.00017,1.0003,2.62,3.00
2017.10.27 15:16:41.641,1.00017,1.0003,1.31,3.38
2017.10.27 15:16:42.172,1.00017,1.0003,2.81,3.00
2017.10.27 15:16:42.685,1.00019,1.00031,2.81,1.00
2017.10.27 15:16:43.191,1.0002,1.00031,1.12,1.00
2017.10.27 15:16:44.257,1.00018,1.00029,2.44,1.00
2017.10.27 15:16:44.765,1.00018,1.0003,3.56,1.37
2017.10.27 15:16:44.817,1.00019,1.00031,1.31,1.69
2017.10.27 15:16:44.920,1.0002,1.00032,3.56,1.00
2017.10.27 15:16:45.351,1.00022,1.00033,1.56,1.00
2017.10.27 15:16:45.403,1.00023,1.00035,1.00,2.25
2017.10.27 15:16:45.977,1.00024,1.00036,1.00,2.44
2017.10.27 15:16:46.528,1.00023,1.00036,3.19,3.56
2017.10.27 15:16:47.088,1.00024,1.00036,1.12,2.44
2017.10.27 15:16:49.550,1.00024,1.00035,1.12,1.00
2017.10.27 15:16:50.266,1.00024,1.00036,3.94,1.00
2017.10.27 15:16:50.797,1.00024,1.00035,1.50,1.00
2017.10.27 15:16:51.669,1.00024,1.00036,4.12,1.12
2017.10.27 15:16:51.839,1.0003,1.00041,1.00,1.25
2017.10.27 15:16:52.361,1.00027,1.0004,1.87,2.05
2017.10.27 15:16:52.467,1.00024,1.00036,3.37,1.50
2017.10.27 15:16:52.973,1.00025,1.00037,2.06,2.06
2017.10.27 15:16:53.332,1.00027,1.00038,1.31,1.37
2017.10.27 15:16:53.384,1.00027,1.00039,1.69,1.50
2017.10.27 15:16:53.898,1.00027,1.00039,2.25,1.12
2017.10.27 15:16:55.075,1.00027,1.00038,1.69,1.00
2017.10.27 15:16:55.538,1.00028,1.0004,1.19,2.44
2017.10.27 15:16:55.912,1.00027,1.00039,1.69,1.19
2017.10.27 15:16:56.220,1.00026,1.00039,2.06,4.12
2017.10.27 15:16:57.341,1.00027,1.00039,1.25,3.00
2017.10.27 15:16:57.624,1.00028,1.0004,4.69,1.12
2017.10.27 15:16:58.205,1.0003,1.00042,1.31,2.62
2017.10.27 15:16:58.571,1.00029,1.0004,2.25,1.00
2017.10.27 15:16:58.932,1.0003,1.00042,2.06,1.12
2017.10.27 15:16:59.395,1.00031,1.00043,3.37,1.12
2017.10.27 15:17:00.048,1.00031,1.00042,2.62,1.25
2017.10.27 15:17:00.564,1.00031,1.00043,1.87,1.00
2017.10.27 15:17:01.080,1.00031,1.00044,2.62,2.44
2017.10.27 15:17:01.388,1.0003,1.00042,1.69,1.25
2017.10.27 15:17:01.980,1.0003,1.00043,2.81,4.50
2017.10.27 15:17:02.847,1.00031,1.00043,1.50,1.69
2017.10.27 15:17:03.379,1.00031,1.00043,2.44,1.69
2017.10.27 15:17:03.892,1.0003,1.00042,3.19,1.12
2017.10.27 15:17:04.413,1.0003,1.00041,1.31,1.00
2017.10.27 15:17:07.289,1.00028,1.00039,1.69,1.12
2017.10.27 15:17:07.443,1.00028,1.00039,1.25,1.12
2017.10.27 15:17:07.956,1.00028,1.0004,2.81,1.12
2017.10.27 15:17:08.558,1.0003,1.00041,1.00,1.62
2017.10.27 15:17:08.992,1.00031,1.00042,3.00,1.12
2017.10.27 15:17:09.248,1.0003,1.00042,2.63,2.44
2017.10.27 15:17:09.523,1.00029,1.0004,2.81,1.25
2017.10.27 15:17:11.169,1.00029,1.00039,1.19,1.00
2017.10.27 15:17:11.721,1.00027,1.00038,3.94,1.00
2017.10.27 15:17:12.248,1.00028,1.00039,1.62,1.87
2017.10.27 15:17:12.932,1.00029,1.00035,1.00,1.00
2017.10.27 15:17:13.137,1.00023,1.00034,1.50,1.25
2017.10.27 15:17:13.240,1.00025,1.00036,3.56,1.00
2017.10.27 15:17:13.876,1.00027,1.00037,1.31,3.00
2017.10.27 15:17:14.567,1.00027,1.00037,2.06,1.00
2017.10.27 15:17:15.091,1.00027,1.00037,1.25,1.50
2017.10.27 15:17:15.907,1.00027,1.00036,1.25,1.00
2017.10.27 15:17:15.960,1.00025,1.00035,1.69,1.00
2017.10.27 15:17:16.972,1.00023,1.00034,3.19,1.00
2017.10.27 15:17:17.451,1.00023,1.00032,1.56,1.00
2017.10.27 15:17:18.180,1.00023,1.00033,1.31,1.00
2017.10.27 15:17:18.233,1.00022,1.00032,2.81,1.00
2017.10.27 15:17:18.590,1.00023,1.00034,1.87,1.87
2017.10.27 15:17:18.694,1.00025,1.00034,2.62,1.00
2017.10.27 15:17:19.206,1.00024,1.00034,5.44,1.00
2017.10.27 15:17:19.910,1.00025,1.00034,1.69,1.00
2017.10.27 15:17:20.166,1.00026,1.00037,3.37,1.12
2017.10.27 15:17:21.653,1.00026,1.00036,1.19,1.00
2017.10.27 15:17:23.274,1.00028,1.00037,3.00,1.00
2017.10.27 15:17:23.406,1.00029,1.00037,1.50,1.00
2017.10.27 15:17:23.459,1.0003,1.00039,1.37,1.00
2017.10.27 15:17:23.971,1.0003,1.0004,1.37,1.00
2017.10.27 15:17:24.759,1.0003,1.0004,1.00,1.00
2017.10.27 15:17:26.179,1.0003,1.0004,2.66,1.00
2017.10.27 15:17:28.488,1.00029,1.00038,1.19,1.00
2017.10.27 15:17:28.540,1.00029,1.00038,1.31,1.00
2017.10.27 15:17:35.333,1.0003,1.0004,3.00,1.00
2017.10.27 15:17:35.559,1.00031,1.00042,3.91,2.25
2017.10.27 15:17:36.612,1.00031,1.00041,1.31,1.87
2017.10.27 15:17:37.808,1.00031,1.00042,2.81,1.00
2017.10.27 15:17:38.305,1.0003,1.00039,1.19,1.00
2017.10.27 15:17:39.232,1.0003,1.00041,3.19,1.00
2017.10.27 15:17:42.052,1.00033,1.00042,2.62,1.00
2017.10.27 15:17:42.568,1.00032,1.00042,1.31,1.00
2017.10.27 15:17:43.599,1.00032,1.00042,1.19,1.50
2017.10.27 15:17:43.651,1.00031,1.0004,1.19,1.00
2017.10.27 15:17:44.111,1.00029,1.00038,1.25,1.00
2017.10.27 15:17:44.373,1.00027,1.00035,1.12,1.00
2017.10.27 15:17:44.878,1.00025,1.00034,1.56,3.56
2017.10.27 15:17:44.982,1.00023,1.00032,1.31,1.00
2017.10.27 15:17:45.035,1.00024,1.00032,1.00,1.00
2017.10.27 15:17:45.363,1.00021,1.00031,2.44,1.00
2017.10.27 15:17:45.727,1.00024,1.00033,1.12,1.00
2017.10.27 15:17:46.052,1.00026,1.00036,3.37,1.00
2017.10.27 15:17:46.931,1.00027,1.00037,3.00,1.00
2017.10.27 15:17:47.931,1.00026,1.00036,2.44,1.00
2017.10.27 15:17:48.450,1.00026,1.00035,1.69,1.00
2017.10.27 15:17:48.990,1.00025,1.00035,1.19,1.00
2017.10.27 15:17:55.140,1.00024,1.00034,2.44,1.00
2017.10.27 15:17:56.288,1.00027,1.00035,1.87,1.00
2017.10.27 15:17:56.432,1.00028,1.00039,1.12,4.35
2017.10.27 15:17:58.510,1.00027,1.00039,3.00,4.35
2017.10.27 15:17:59.057,1.00028,1.00038,1.00,1.25
2017.10.27 15:17:59.416,1.00029,1.00039,3.00,1.00
2017.10.27 15:18:01.026,1.00028,1.00038,2.44,1.00
2017.10.27 15:18:04.569,1.00028,1.00037,2.44,1.00
2017.10.27 15:18:04.802,1.00029,1.00039,1.25,1.00
2017.10.27 15:18:08.118,1.00029,1.00037,1.25,1.00
2017.10.27 15:18:08.277,1.00026,1.00035,1.25,1.25
2017.10.27 15:18:08.857,1.00025,1.00035,3.94,1.00
2017.10.27 15:18:09.416,1.00026,1.00036,2.81,1.00
2017.10.27 15:18:09.937,1.00028,1.00036,1.00,1.00
2017.10.27 15:18:10.705,1.00029,1.00037,1.00,1.00
2017.10.27 15:18:12.439,1.00028,1.00037,1.12,1.00
2017.10.27 15:18:12.747,1.00025,1.00034,1.25,1.00
2017.10.27 15:18:13.929,1.00025,1.00034,2.06,1.00
2017.10.27 15:18:13.984,1.00027,1.00036,1.69,1.00
2017.10.27 15:18:14.677,1.00027,1.00036,1.31,1.00
2017.10.27 15:18:15.442,1.00025,1.00036,3.00,2.81
2017.10.27 15:18:15.546,1.00025,1.00034,2.25,1.00
2017.10.27 15:18:16.069,1.00025,1.00034,1.00,1.00
2017.10.27 15:18:18.533,1.00028,1.00038,1.00,3.00
2017.10.27 15:18:18.842,1.00028,1.00039,2.62,1.00
2017.10.27 15:18:20.832,1.0003,1.00041,2.62,1.37
2017.10.27 15:18:21.143,1.00028,1.00038,1.87,1.00
2017.10.27 15:18:22.214,1.00027,1.00037,1.31,1.00
2017.10.27 15:18:23.827,1.00027,1.00038,2.06,1.69
2017.10.27 15:18:28.064,1.00027,1.00037,3.19,1.00
2017.10.27 15:18:28.549,1.00024,1.00035,3.56,1.87
2017.10.27 15:18:28.857,1.00024,1.00033,1.19,1.00
2017.10.27 15:18:29.186,1.00023,1.00033,2.25,1.00
2017.10.27 15:18:30.291,1.00023,1.00032,2.25,1.00
2017.10.27 15:18:31.713,1.00024,1.00032,1.00,1.00
2017.10.27 15:18:32.227,1.00023,1.00032,2.25,1.00
2017.10.27 15:18:33.597,1.00022,1.00032,2.62,1.12
2017.10.27 15:18:33.904,1.00022,1.0003,1.50,1.00
2017.10.27 15:18:34.238,1.00018,1.00021,2.25,1.12
2017.10.27 15:18:34.342,1.00011,1.0002,1.00,1.00
2017.10.27 15:18:34.499,1.00009,1.00019,1.00,1.35
2017.10.27 15:18:35.020,1.00007,1.00018,1.87,1.00
2017.10.27 15:18:35.277,1.00008,1.00014,1.31,1.00
2017.10.27 15:18:35.556,1.00004,1.00014,1.25,1.50
2017.10.27 15:18:36.069,1.00004,1.00015,1.69,2.62
2017.10.27 15:18:36.594,1.00005,1.00016,1.50,1.50
2017.10.27 15:18:37.129,1.00006,1.00016,1.50,1.00
2017.10.27 15:18:37.640,1.00006,1.00015,1.50,1.00
2017.10.27 15:18:39.150,1.00006,1.00017,1.12,1.87
2017.10.27 15:18:40.289,1.00006,1.00017,1.12,1.50
2017.10.27 15:18:40.342,1.00004,1.00015,1.25,2.06
2017.10.27 15:18:40.855,1.00003,1.00014,3.19,1.00
2017.10.27 15:18:41.302,1.00003,1.00012,1.50,1.00
2017.10.27 15:18:41.354,1.0,1.00011,2.06,1.00
2017.10.27 15:18:41.881,1.00002,1.00012,1.69,1.00
2017.10.27 15:18:41.933,1.00003,1.00014,1.00,3.75
2017.10.27 15:18:42.450,1.00004,1.00014,1.00,1.87
2017.10.27 15:18:42.984,1.00003,1.00014,1.31,1.00
2017.10.27 15:18:43.493,1.00002,1.00013,1.50,1.00
2017.10.27 15:18:44.400,1.00002,1.00014,2.44,5.06
2017.10.27 15:18:46.046,1.00005,1.00015,1.00,1.00
2017.10.27 15:18:46.149,1.00006,1.00017,2.06,1.12
2017.10.27 15:18:46.714,1.00007,1.00017,1.00,1.00
2017.10.27 15:18:47.627,1.00006,1.00017,1.50,1.50
2017.10.27 15:18:51.327,1.00007,1.00018,1.50,1.31
2017.10.27 15:18:51.748,1.00006,1.00017,1.00,3.60
2017.10.27 15:18:52.263,1.00004,1.00015,1.31,1.00
2017.10.27 15:18:52.934,1.00004,1.00016,2.44,3.37
2017.10.27 15:18:53.463,1.00004,1.00015,1.87,1.00
2017.10.27 15:18:55.977,1.00006,1.00016,1.88,1.50
2017.10.27 15:18:56.131,1.00005,1.00016,1.31,2.06
2017.10.27 15:18:56.634,1.00004,1.00015,2.25,1.12
2017.10.27 15:18:57.160,1.00006,1.00016,1.50,1.12
2017.10.27 15:18:57.213,1.00008,1.00017,1.87,1.12
2017.10.27 15:18:57.370,1.00012,1.00022,1.31,1.00
2017.10.27 15:18:59.205,1.00013,1.00022,1.00,1.00
2017.10.27 15:18:59.786,1.00012,1.00022,2.06,1.00
2017.10.27 15:19:01.503,1.00012,1.00022,3.19,1.00
2017.10.27 15:19:02.008,1.00012,1.00021,2.81,1.00
2017.10.27 15:19:02.162,1.00013,1.00023,1.00,1.87
2017.10.27 15:19:02.849,1.00012,1.00021,1.87,1.25
2017.10.27 15:19:03.055,1.00007,1.00018,4.12,2.63
2017.10.27 15:19:03.574,1.00008,1.00018,1.37,1.50
2017.10.27 15:19:03.626,1.00012,1.00021,1.50,4.50
2017.10.27 15:19:03.678,1.00013,1.00023,1.87,1.37
2017.10.27 15:19:03.731,1.00014,1.00024,2.25,1.00
2017.10.27 15:19:03.989,1.00016,1.00026,3.75,1.00
2017.10.27 15:19:04.347,1.00018,1.00028,1.00,2.25
2017.10.27 15:19:04.553,1.00028,1.00034,1.50,2.62
2017.10.27 15:19:04.656,1.00028,1.00038,1.00,2.62
2017.10.27 15:19:04.863,1.00028,1.00039,1.00,5.25
2017.10.27 15:19:05.084,1.00033,1.00042,1.87,1.00
2017.10.27 15:19:05.141,1.00034,1.00045,1.00,1.50
2017.10.27 15:19:05.834,1.00033,1.00045,4.31,1.50
2017.10.27 15:19:06.351,1.00033,1.00043,1.31,1.00
2017.10.27 15:19:06.704,1.00033,1.00041,1.31,1.30
2017.10.27 15:19:07.013,1.00028,1.00039,2.06,1.00
2017.10.27 15:19:07.935,1.00029,1.0004,3.56,1.50
2017.10.27 15:19:08.141,1.00028,1.0004,2.06,4.69
2017.10.27 15:19:08.790,1.00028,1.0004,2.06,3.00
2017.10.27 15:19:09.332,1.00028,1.00039,1.25,1.69
2017.10.27 15:19:09.694,1.00026,1.00037,3.19,1.00
2017.10.27 15:19:10.892,1.00027,1.0004,4.11,9.60
2017.10.27 15:19:11.498,1.00028,1.00038,2.81,1.00
2017.10.27 15:19:12.495,1.00028,1.00039,3.56,2.06
2017.10.27 15:19:13.018,1.00028,1.00038,2.06,1.00
2017.10.27 15:19:13.844,1.0003,1.00041,1.12,4.12
2017.10.27 15:19:14.459,1.00029,1.00039,1.25,1.31
2017.10.27 15:19:14.970,1.00027,1.00037,3.19,1.13
2017.10.27 15:19:15.483,1.00025,1.00036,3.56,1.00
2017.10.27 15:19:17.019,1.00026,1.00037,1.31,1.12
2017.10.27 15:19:17.784,1.00027,1.00038,1.25,2.25
2017.10.27 15:19:18.297,1.00029,1.0004,4.31,1.12
2017.10.27 15:19:18.453,1.00033,1.00045,2.06,3.19
2017.10.27 15:19:18.962,1.00034,1.00046,1.69,1.87
2017.10.27 15:19:19.221,1.00034,1.00046,1.69,2.25
2017.10.27 15:19:19.325,1.00034,1.00046,1.69,2.06
2017.10.27 15:19:19.860,1.00034,1.00046,1.69,2.25
2017.10.27 15:19:20.378,1.00036,1.00046,1.00,1.87
2017.10.27 15:19:20.920,1.00036,1.00047,1.12,1.50
2017.10.27 15:19:21.715,1.00036,1.00046,1.00,1.12
2017.10.27 15:19:22.241,1.00035,1.00047,2.62,1.12
2017.10.27 15:19:22.785,1.00035,1.00046,1.50,1.12
2017.10.27 15:19:24.734,1.00035,1.00047,3.19,1.25
2017.10.27 15:19:25.247,1.00037,1.00049,1.87,2.63
2017.10.27 15:19:25.773,1.00037,1.00049,2.25,2.63
2017.10.27 15:19:26.076,1.00039,1.00048,1.31,1.31
2017.10.27 15:19:26.295,1.00035,1.00047,2.06,2.44
2017.10.27 15:19:26.610,1.00036,1.00047,1.00,3.56
2017.10.27 15:19:28.063,1.00036,1.00047,1.00,2.25
2017.10.27 15:19:28.581,1.00036,1.00047,3.00,1.00
2017.10.27 15:19:29.093,1.00036,1.00047,3.00,1.00
2017.10.27 15:19:29.610,1.00036,1.00047,2.25,1.37
2017.10.27 15:19:30.782,1.00036,1.00047,1.12,1.50
2017.10.27 15:19:31.901,1.00037,1.00048,1.12,1.63
2017.10.27 15:19:32.417,1.00036,1.00046,1.87,1.25
2017.10.27 15:19:32.983,1.00036,1.00046,1.87,1.62
2017.10.27 15:19:34.018,1.00035,1.00047,2.62,2.44
2017.10.27 15:19:34.566,1.00034,1.00046,3.37,2.47
2017.10.27 15:19:35.079,1.00036,1.00046,1.12,1.37
2017.10.27 15:19:35.627,1.00038,1.00048,1.00,6.19
2017.10.27 15:19:36.141,1.00037,1.00048,1.75,2.44
2017.10.27 15:19:36.495,1.00037,1.00048,1.50,2.63
2017.10.27 15:19:36.863,1.00037,1.00048,2.80,1.69
2017.10.27 15:19:37.538,1.00037,1.00047,1.37,1.63
2017.10.27 15:19:38.665,1.00037,1.00048,1.87,1.69
2017.10.27 15:19:39.864,1.00037,1.00048,1.87,2.06
2017.10.27 15:19:40.375,1.00037,1.00048,1.87,2.44
2017.10.27 15:19:41.160,1.00037,1.00048,1.87,2.06
2017.10.27 15:19:43.129,1.00037,1.00048,2.62,2.25
2017.10.27 15:19:43.680,1.00036,1.00047,1.25,2.81
2017.10.27 15:19:44.212,1.00036,1.00048,3.94,1.87
2017.10.27 15:19:44.756,1.00036,1.00047,2.81,1.25
2017.10.27 15:19:45.271,1.00036,1.00047,2.62,1.00
2017.10.27 15:19:49.574,1.00036,1.00047,1.50,1.25
2017.10.27 15:19:50.133,1.00036,1.00046,1.12,1.25
2017.10.27 15:19:50.665,1.00036,1.00046,2.62,1.00
2017.10.27 15:19:54.853,1.00036,1.00046,3.37,1.00
2017.10.27 15:19:55.371,1.00036,1.00046,2.62,1.25
2017.10.27 15:19:55.884,1.00036,1.00046,1.50,1.24
2017.10.27 15:19:56.088,1.00036,1.00047,1.37,1.69
2017.10.27 15:19:56.680,1.00036,1.00047,2.62,2.06
2017.10.27 15:19:58.445,1.00037,1.00047,1.00,1.31
2017.10.27 15:20:00.373,1.00037,1.00047,1.50,1.69
2017.10.27 15:20:00.631,1.00036,1.00047,2.25,2.63
2017.10.27 15:20:01.371,1.00035,1.00045,2.25,1.00
2017.10.27 15:20:01.831,1.00036,1.00047,3.37,1.31
2017.10.27 15:20:03.328,1.00037,1.00048,1.87,3.00
2017.10.27 15:20:03.840,1.00036,1.00047,1.12,1.69
2017.10.27 15:20:05.694,1.00035,1.00047,3.37,1.69
2017.10.27 15:20:06.157,1.00035,1.00046,2.62,1.31
2017.10.27 15:20:06.678,1.00036,1.00047,1.12,1.12
2017.10.27 15:20:07.576,1.00037,1.00047,1.00,2.62
2017.10.27 15:20:07.985,1.0004,1.0005,2.62,1.37
2017.10.27 15:20:08.038,1.0004,1.00051,1.87,1.50
2017.10.27 15:20:08.552,1.00041,1.00052,1.00,2.44
2017.10.27 15:20:09.069,1.00042,1.00053,1.00,3.56
2017.10.27 15:20:09.756,1.00041,1.00051,1.87,1.00
2017.10.27 15:20:11.048,1.00041,1.00051,1.00,2.61
2017.10.27 15:20:11.400,1.00041,1.00053,1.50,2.44
2017.10.27 15:20:11.981,1.00042,1.00052,1.00,3.55
2017.10.27 15:20:12.032,1.0004,1.0005,1.87,1.12
2017.10.27 15:20:14.407,1.00038,1.00048,2.62,1.00
2017.10.27 15:20:14.708,1.00035,1.00045,1.87,1.00
2017.10.27 15:20:15.691,1.00035,1.00044,1.00,1.00
2017.10.27 15:20:16.206,1.00034,1.00044,1.12,1.00
2017.10.27 15:20:19.641,1.00034,1.00044,1.00,2.25
2017.10.27 15:20:20.082,1.00035,1.00045,1.12,1.12
2017.10.27 15:20:20.951,1.00036,1.00046,1.00,1.87
2017.10.27 15:20:22.279,1.00036,1.00047,2.25,1.69
2017.10.27 15:20:22.896,1.00037,1.00048,1.00,2.48
2017.10.27 15:20:33.680,1.00037,1.00047,1.00,1.31
2017.10.27 15:20:34.651,1.00037,1.00046,1.00,1.25
2017.10.27 15:20:34.755,1.00034,1.00044,2.25,1.00
2017.10.27 15:20:35.329,1.00034,1.00045,2.62,1.12
2017.10.27 15:20:37.431,1.00034,1.00043,1.50,1.00
2017.10.27 15:20:37.795,1.00033,1.00042,1.00,1.00
2017.10.27 15:20:38.342,1.00033,1.00043,2.62,1.00
2017.10.27 15:20:40.092,1.00034,1.00043,1.19,1.00
2017.10.27 15:20:40.249,1.00035,1.00045,2.06,1.00
2017.10.27 15:20:41.057,1.00035,1.00044,1.69,1.00
2017.10.27 15:20:41.213,1.00037,1.00046,2.62,1.00
2017.10.27 15:20:41.268,1.00041,1.00049,1.12,1.00
2017.10.27 15:20:43.289,1.00041,1.00051,1.50,1.50
2017.10.27 15:20:43.801,1.00041,1.00051,2.62,1.00
2017.10.27 15:20:45.601,1.0004,1.0005,1.50,3.19
2017.10.27 15:20:46.975,1.00039,1.0005,2.44,1.12
2017.10.27 15:20:47.870,1.00039,1.0005,2.25,1.37
2017.10.27 15:20:47.922,1.00039,1.0005,2.62,1.12
2017.10.27 15:20:49.306,1.00039,1.0005,3.37,1.12
2017.10.27 15:20:49.512,1.00042,1.00051,2.25,1.12
2017.10.27 15:20:49.827,1.00043,1.00053,4.12,1.00
2017.10.27 15:20:50.290,1.00042,1.00052,1.12,2.44
2017.10.27 15:20:50.627,1.00036,1.00045,2.06,1.00
2017.10.27 15:20:50.682,1.00035,1.00045,1.69,1.72
2017.10.27 15:20:51.198,1.00034,1.00044,1.69,1.00
2017.10.27 15:21:00.526,1.00035,1.00046,1.31,1.12
2017.10.27 15:21:00.631,1.00035,1.00046,2.81,1.00
2017.10.27 15:21:01.699,1.00037,1.00046,1.31,1.00
2017.10.27 15:21:01.755,1.00039,1.00049,3.00,1.00
2017.10.27 15:21:01.915,1.0004,1.0005,3.00,1.00
2017.10.27 15:21:05.596,1.00038,1.00048,2.06,1.00
2017.10.27 15:21:05.702,1.00036,1.00046,2.06,1.37
2017.10.27 15:21:05.806,1.00037,1.00042,1.00,1.00
2017.10.27 15:21:06.059,1.00032,1.00042,1.69,1.00
2017.10.27 15:21:07.100,1.00028,1.00039,1.56,1.72
2017.10.27 15:21:07.255,1.00027,1.00038,1.31,1.00
2017.10.27 15:21:07.615,1.00028,1.00039,1.69,1.50
2017.10.27 15:21:09.860,1.00027,1.00039,3.37,2.25
2017.10.27 15:21:10.384,1.00028,1.00039,1.31,1.12
2017.10.27 15:21:11.052,1.00027,1.00037,1.69,1.00
2017.10.27 15:21:12.108,1.00027,1.00037,1.31,1.00
2017.10.27 15:21:12.943,1.00026,1.00037,4.12,1.25
2017.10.27 15:21:14.205,1.00028,1.00038,2.44,1.12
2017.10.27 15:21:14.743,1.00029,1.00038,1.00,1.00
2017.10.27 15:21:18.011,1.00028,1.00038,1.00,1.25
2017.10.27 15:21:18.525,1.00027,1.00037,1.31,1.00
2017.10.27 15:21:19.031,1.00027,1.00037,3.56,1.00
2017.10.27 15:21:19.083,1.00028,1.00039,1.12,1.50
2017.10.27 15:21:19.186,1.00026,1.00037,3.74,1.00
2017.10.27 15:21:24.708,1.00026,1.00037,1.31,2.81
2017.10.27 15:21:25.223,1.00026,1.00037,1.31,3.22
2017.10.27 15:21:25.483,1.00025,1.00035,1.25,1.00
2017.10.27 15:21:26.315,1.00027,1.00037,1.25,1.00
2017.10.27 15:21:26.674,1.00024,1.00034,1.56,1.00
2017.10.27 15:21:27.243,1.00024,1.00034,3.75,1.00
2017.10.27 15:21:27.556,1.00025,1.00036,2.25,1.00
2017.10.27 15:21:28.730,1.00026,1.00037,3.00,1.12
2017.10.27 15:21:32.009,1.00026,1.00037,1.31,2.25
2017.10.27 15:21:32.382,1.00025,1.00035,1.25,1.31
2017.10.27 15:21:33.263,1.00023,1.00034,4.31,1.00
2017.10.27 15:21:36.791,1.00022,1.00032,3.56,1.00
2017.10.27 15:21:38.017,1.0002,1.00028,1.31,1.37
2017.10.27 15:21:38.069,1.00017,1.00028,3.75,2.62
2017.10.27 15:21:38.173,1.00017,1.00026,2.25,2.25
2017.10.27 15:21:38.679,1.00013,1.00026,8.06,2.25
2017.10.27 15:21:39.205,1.00014,1.00026,3.19,1.12
2017.10.27 15:21:40.095,1.00016,1.00028,3.56,1.50
2017.10.27 15:21:40.200,1.00018,1.0003,2.81,1.87
2017.10.27 15:21:40.251,1.00018,1.0003,4.31,1.87
2017.10.27 15:21:44.138,1.0002,1.00031,2.06,1.87
2017.10.27 15:21:44.486,1.00025,1.00035,1.00,1.12
2017.10.27 15:21:46.319,1.00023,1.00034,1.87,1.00
2017.10.27 15:21:46.828,1.00023,1.00034,1.87,1.12
2017.10.27 15:21:47.147,1.00023,1.00029,1.00,1.00
2017.10.27 15:21:47.353,1.00017,1.00027,1.12,1.00
2017.10.27 15:21:50.165,1.00015,1.00025,3.37,1.00
2017.10.27 15:21:50.524,1.00015,1.00025,3.56,1.00
2017.10.27 15:21:51.168,1.00015,1.00025,2.44,1.00
2017.10.27 15:21:53.198,1.00015,1.00025,2.44,1.00
2017.10.27 15:21:53.813,1.00013,1.00024,2.25,1.50
2017.10.27 15:21:54.396,1.00011,1.00024,5.44,3.97
2017.10.27 15:21:54.448,1.00011,1.00021,1.00,1.00
2017.10.27 15:21:54.848,1.00013,1.00022,2.44,3.00
2017.10.27 15:21:55.362,1.00013,1.00022,1.87,2.25
2017.10.27 15:21:56.433,1.00013,1.00024,1.50,3.00
2017.10.27 15:21:57.104,1.00013,1.00024,2.25,1.00
2017.10.27 15:21:57.619,1.00013,1.00023,2.25,1.00
2017.10.27 15:21:58.156,1.00013,1.00024,2.25,1.00
2017.10.27 15:21:58.796,1.00013,1.00025,3.00,2.62
2017.10.27 15:21:59.326,1.00014,1.00024,1.12,1.00
2017.10.27 15:21:59.663,1.00011,1.00019,1.37,1.50
2017.10.27 15:21:59.715,1.00007,1.00018,2.44,1.12
2017.10.27 15:21:59.767,1.00007,1.00018,3.19,1.12
2017.10.27 15:22:00.285,1.00006,1.00018,1.50,2.62
2017.10.27 15:22:00.906,1.00006,1.00017,2.25,1.00
2017.10.27 15:22:01.924,1.00006,1.00017,3.19,1.12
2017.10.27 15:22:02.792,1.00007,1.00018,3.00,1.50
2017.10.27 15:22:03.309,1.00007,1.00019,3.00,3.00
2017.10.27 15:22:03.821,1.00007,1.00019,3.00,3.00
2017.10.27 15:22:04.339,1.00007,1.00018,1.25,1.12
2017.10.27 15:22:04.860,1.00006,1.00018,3.00,3.00
2017.10.27 15:22:04.914,1.00007,1.00018,5.06,1.00
2017.10.27 15:22:05.431,1.00005,1.00016,3.56,2.47
2017.10.27 15:22:05.744,1.00007,1.00018,2.44,5.25
2017.10.27 15:22:05.848,1.00006,1.00017,1.69,1.50
2017.10.27 15:22:06.362,1.00007,1.00016,1.12,1.12
2017.10.27 15:22:07.716,1.00007,1.00017,1.12,1.12
2017.10.27 15:22:08.610,1.00005,1.00016,3.94,1.00
2017.10.27 15:22:09.117,1.00007,1.00016,1.50,1.00
2017.10.27 15:22:09.725,1.00006,1.00016,1.25,1.87
2017.10.27 15:22:10.254,1.00004,1.00015,1.50,1.00
2017.10.27 15:22:10.358,1.00003,1.00013,1.69,1.12
2017.10.27 15:22:11.057,1.00002,1.00013,2.62,3.56
2017.10.27 15:22:11.365,0.99999,1.0001,1.31,1.87
2017.10.27 15:22:11.764,0.99996,1.00007,1.62,1.12
2017.10.27 15:22:12.027,0.99998,1.00009,1.12,1.12
2017.10.27 15:22:12.576,0.99997,1.00008,1.31,2.44
2017.10.27 15:22:13.113,0.99996,1.00007,1.56,6.37
2017.10.27 15:22:14.872,0.99994,1.00006,3.00,1.12
2017.10.27 15:22:15.181,0.99993,1.00004,2.44,1.12
2017.10.27 15:22:15.893,0.99992,1.00002,2.06,1.50
2017.10.27 15:22:15.945,0.9999,1.00001,2.06,1.00
2017.10.27 15:22:16.480,0.9999,1.00001,1.44,1.50
2017.10.27 15:22:17.915,0.99988,0.99999,2.06,4.12
2017.10.27 15:22:19.275,0.99989,0.99999,1.25,4.12
2017.10.27 15:22:19.917,0.9999,1.0,1.00,1.12
2017.10.27 15:22:20.447,0.99989,1.0,1.87,1.00
2017.10.27 15:22:20.671,0.99992,1.00002,1.25,1.37
2017.10.27 15:22:20.835,0.99993,1.00003,1.25,1.12
2017.10.27 15:22:21.468,0.99992,1.00003,1.87,3.00
2017.10.27 15:22:21.846,0.99994,1.00003,1.50,1.00
2017.10.27 15:22:22.391,0.99994,1.00005,1.69,2.25
2017.10.27 15:22:22.932,0.99994,1.00005,1.87,1.50
2017.10.27 15:22:23.444,0.99994,1.00005,1.87,1.50
2017.10.27 15:22:24.017,0.99994,1.00005,1.87,1.50
2017.10.27 15:22:24.354,0.99998,1.00009,1.12,1.50
2017.10.27 15:22:24.407,0.99998,1.00007,1.12,1.00
2017.10.27 15:22:25.025,0.99998,1.00008,1.31,1.00
2017.10.27 15:22:25.854,0.99997,1.00008,2.44,1.00
2017.10.27 15:22:26.508,0.99997,1.00009,1.87,1.87
2017.10.27 15:22:26.921,0.99994,1.00006,1.00,2.62
2017.10.27 15:22:27.228,0.99992,1.00004,3.56,1.00
2017.10.27 15:22:29.611,0.99994,1.00004,1.50,1.00
2017.10.27 15:22:30.130,0.99995,1.00005,2.06,1.00
2017.10.27 15:22:31.167,0.99995,1.00004,1.31,1.00
2017.10.27 15:22:33.077,0.99994,1.00005,2.25,1.00
2017.10.27 15:22:33.611,0.99995,1.00004,1.31,1.00
2017.10.27 15:22:34.135,0.99994,1.00005,2.25,1.00
2017.10.27 15:22:34.868,0.99995,1.00004,1.31,1.00
2017.10.27 15:22:37.196,0.99994,1.00004,1.12,3.56
2017.10.27 15:22:37.498,0.99991,1.00001,1.12,1.50
2017.10.27 15:22:37.808,0.99995,1.00003,1.00,1.00
2017.10.27 15:22:38.317,0.99995,1.00004,1.00,1.00
2017.10.27 15:22:38.820,0.99995,1.00005,2.06,1.12
2017.10.27 15:22:39.363,0.99994,1.00006,4.12,3.00
2017.10.27 15:22:40.183,0.99995,1.00006,1.12,3.19
2017.10.27 15:22:41.554,1.00002,1.00008,1.35,3.37
2017.10.27 15:22:41.610,1.0,1.00009,1.50,1.12
2017.10.27 15:22:41.664,1.0,1.0001,1.12,6.00
2017.10.27 15:22:46.218,1.0,1.0001,1.00,1.50
2017.10.27 15:22:46.426,1.00001,1.00011,1.91,1.00
2017.10.27 15:22:47.278,1.00002,1.00012,3.79,1.00
2017.10.27 15:22:47.741,1.00004,1.00014,4.35,3.00
2017.10.27 15:22:48.288,1.00004,1.00014,1.00,3.00
2017.10.27 15:22:48.918,1.00003,1.00013,1.50,1.00
2017.10.27 15:22:50.116,1.00002,1.00011,1.00,1.00
2017.10.27 15:22:51.085,0.99999,1.00004,1.00,1.50
2017.10.27 15:22:51.188,0.99994,1.00004,1.50,2.62
2017.10.27 15:22:51.240,0.99995,1.00005,1.00,1.00
2017.10.27 15:22:51.292,0.99999,1.00008,1.50,1.37
2017.10.27 15:22:51.447,0.99994,1.00004,1.00,1.50
2017.10.27 15:22:52.043,0.99994,1.00005,3.00,1.00
2017.10.27 15:22:52.096,0.99999,1.00008,1.50,1.00
2017.10.27 15:22:52.404,0.99997,1.00006,1.00,1.00
2017.10.27 15:22:56.734,0.99997,1.00007,1.69,1.50
2017.10.27 15:22:57.187,0.99999,1.00008,1.00,3.00
2017.10.27 15:22:57.240,0.99997,1.00006,1.00,1.12
2017.10.27 15:22:58.828,0.99997,1.00007,1.00,2.25
2017.10.27 15:23:00.184,0.99997,1.00007,1.00,2.44
2017.10.27 15:23:00.731,0.99997,1.00007,1.00,2.06
2017.10.27 15:23:01.471,0.99997,1.00006,1.00,1.12
2017.10.27 15:23:02.126,0.99995,1.00006,1.25,1.87
2017.10.27 15:23:03.445,0.99995,1.00005,1.00,1.69
2017.10.27 15:23:03.960,0.99994,1.00004,1.12,2.25
2017.10.27 15:23:04.643,0.99991,0.99998,2.62,1.00
2017.10.27 15:23:04.695,0.99989,0.99998,1.37,1.87
2017.10.27 15:23:04.798,0.99988,0.99998,1.00,3.37
2017.10.27 15:23:05.762,0.99988,0.99997,1.00,1.00
2017.10.27 15:23:06.286,0.99987,0.99998,1.50,3.75
2017.10.27 15:23:07.345,0.99987,0.99998,2.06,1.87
2017.10.27 15:23:07.969,0.99988,0.99998,1.25,2.62
2017.10.27 15:23:08.021,0.9999,0.99998,1.12,1.87
2017.10.27 15:23:08.176,0.99991,1.0,1.12,1.00
2017.10.27 15:23:08.613,0.9999,1.00002,4.54,3.19
2017.10.27 15:23:09.075,0.9999,1.0,1.69,2.44
2017.10.27 15:23:09.178,0.99987,0.99999,4.69,3.19
2017.10.27 15:23:09.689,0.99987,0.99998,3.37,1.88
2017.10.27 15:23:11.117,0.99986,0.99998,2.25,4.50
2017.10.27 15:23:11.630,0.99986,0.99997,1.25,1.00
2017.10.27 15:23:12.756,0.99987,0.99998,2.44,2.25
2017.10.27 15:23:13.068,0.99985,0.99994,1.88,1.00
2017.10.27 15:23:13.173,0.99984,0.99995,1.31,1.37
2017.10.27 15:23:13.225,0.99987,0.99996,1.00,1.87
2017.10.27 15:23:13.399,0.99987,0.99997,1.50,2.06
2017.10.27 15:23:13.453,0.9999,0.99997,4.35,1.19
2017.10.27 15:23:13.557,0.99988,0.99998,3.94,1.19
2017.10.27 15:23:13.610,0.99988,0.99998,2.25,1.00
2017.10.27 15:23:14.156,0.99988,0.99999,1.31,1.87
2017.10.27 15:23:15.351,0.99987,0.99999,6.00,1.87
2017.10.27 15:23:16.381,0.99988,0.99999,1.37,1.50
2017.10.27 15:23:17.120,0.99988,0.99999,1.25,1.50
2017.10.27 15:23:17.606,0.99986,0.99996,1.50,1.00
2017.10.27 15:23:17.916,0.99987,0.99998,2.25,1.87
2017.10.27 15:23:18.143,0.99988,1.0,2.25,2.81
2017.10.27 15:23:29.267,0.99988,1.0,2.62,1.50
2017.10.27 15:23:29.784,0.99988,1.0,2.62,1.37
2017.10.27 15:23:30.333,0.99988,1.0,2.44,1.63
2017.10.27 15:23:30.867,0.99988,1.0,2.44,1.37
2017.10.27 15:23:31.683,0.99988,1.0,2.44,1.63
2017.10.27 15:23:32.188,0.99988,1.0,2.44,1.63
2017.10.27 15:23:32.689,0.99988,1.0,2.63,1.37
2017.10.27 15:23:33.219,0.99988,1.0,1.69,1.37
2017.10.27 15:23:33.728,0.99988,1.0,1.12,1.50
2017.10.27 15:23:35.739,0.99989,0.99998,1.00,1.25
2017.10.27 15:23:35.791,0.99987,0.99997,2.25,1.00
2017.10.27 15:23:37.358,0.99987,0.99997,1.50,1.00
2017.10.27 15:23:38.374,0.99987,0.99997,1.12,1.00
2017.10.27 15:23:38.683,0.99985,0.99996,1.00,1.25
2017.10.27 15:23:39.216,0.99984,0.99996,2.85,1.44
2017.10.27 15:23:39.678,0.99984,0.99993,1.00,1.00
2017.10.27 15:23:40.026,0.99982,0.99987,1.50,1.87
2017.10.27 15:23:40.079,0.99976,0.99987,1.12,1.87
2017.10.27 15:23:40.286,0.99976,0.99988,4.50,3.19
2017.10.27 15:23:40.689,0.99981,0.99988,1.30,1.31
2017.10.27 15:23:40.741,0.99981,0.99991,1.91,1.12
2017.10.27 15:23:41.266,0.99983,0.99994,2.44,2.06
2017.10.27 15:23:41.784,0.99984,0.99996,2.62,1.12
2017.10.27 15:23:43.155,0.99984,0.99996,2.62,1.00
2017.10.27 15:23:43.412,0.99984,0.99996,1.50,3.19
2017.10.27 15:23:43.720,0.99981,0.99994,5.48,2.63
2017.10.27 15:23:43.934,0.99981,0.99994,4.73,2.06
2017.10.27 15:23:44.241,0.99981,0.99993,3.98,1.00
2017.10.27 15:23:44.852,0.99981,0.99993,4.73,1.00
2017.10.27 15:23:45.062,0.99981,0.9999,1.12,1.12
2017.10.27 15:23:45.689,0.9998,0.99991,1.67,1.12
2017.10.27 15:23:46.626,0.99981,0.99992,2.85,3.19
2017.10.27 15:23:46.678,0.99982,0.99993,2.44,1.00
2017.10.27 15:23:48.083,0.99983,0.99994,2.44,1.25
2017.10.27 15:23:48.290,0.99987,0.99997,1.00,1.50
2017.10.27 15:23:49.540,0.99988,0.99997,1.31,1.00
2017.10.27 15:23:49.644,0.99988,0.99999,1.87,1.87
2017.10.27 15:23:49.981,0.9999,0.99999,1.00,1.00
2017.10.27 15:23:50.239,0.99993,1.00003,1.00,1.25
2017.10.27 15:23:51.219,0.99993,1.00002,1.00,1.37
2017.10.27 15:23:51.424,0.9999,1.00002,1.00,2.06
2017.10.27 15:23:54.076,0.9999,1.00002,2.06,2.44
2017.10.27 15:23:54.707,0.9999,1.00002,1.69,1.69
2017.10.27 15:23:54.810,0.99989,0.99999,1.19,1.25
2017.10.27 15:23:55.069,0.99993,1.00003,1.00,1.50
2017.10.27 15:23:55.593,0.99992,1.00002,1.00,1.00
2017.10.27 15:23:56.106,0.9999,1.00002,2.25,1.50
2017.10.27 15:23:57.613,0.99994,1.00004,1.00,2.25
2017.10.27 15:23:58.127,0.99994,1.00005,1.00,2.25
2017.10.27 15:23:58.654,0.99995,1.00005,1.00,1.50
2017.10.27 15:23:59.644,0.99995,1.00004,1.00,1.31
2017.10.27 15:24:00.156,0.99994,1.00003,1.00,1.50
2017.10.27 15:24:01.487,0.99994,1.00004,1.00,1.00
2017.10.27 15:24:01.691,0.99995,1.00006,1.12,1.69
2017.10.27 15:24:03.839,0.99997,1.00007,1.00,3.37
2017.10.27 15:24:06.959,0.99995,1.00006,1.69,2.25
2017.10.27 15:24:10.052,0.99995,1.00006,2.06,3.37
2017.10.27 15:24:16.231,0.99995,1.00006,1.25,4.50
2017.10.27 15:24:17.870,0.99994,1.00004,1.31,1.00
2017.10.27 15:24:18.749,0.99993,1.00003,2.29,1.00
2017.10.27 15:24:19.930,0.99993,1.00003,1.69,1.00
2017.10.27 15:24:20.471,0.99993,1.00003,1.31,1.00
2017.10.27 15:24:21.073,0.99993,1.0,1.00,1.50
2017.10.27 15:24:21.125,0.99989,0.99999,1.00,1.50
2017.10.27 15:24:22.879,0.99989,0.99999,1.00,3.00
2017.10.27 15:24:23.395,0.99989,0.99998,1.00,1.00
2017.10.27 15:24:23.911,0.99987,0.99998,2.62,2.25
2017.10.27 15:24:24.259,0.99989,0.99998,1.69,1.00
2017.10.27 15:24:24.311,0.99989,1.0,1.88,1.00
2017.10.27 15:24:24.827,0.99989,1.00001,2.81,1.87
2017.10.27 15:24:25.369,0.99989,1.0,2.62,1.00
2017.10.27 15:24:25.870,0.99989,1.00001,2.62,3.56
2017.10.27 15:24:26.373,0.99989,1.00001,1.87,3.56
2017.10.27 15:24:27.049,0.99992,1.0,3.00,1.00
2017.10.27 15:24:27.101,0.99993,1.00002,3.41,1.00
2017.10.27 15:24:27.360,0.99995,1.00005,1.25,3.37
2017.10.27 15:24:27.894,0.99995,1.00005,1.25,1.12
2017.10.27 15:24:28.684,0.99995,1.00004,1.25,1.25
2017.10.27 15:24:29.296,0.99994,1.00004,1.12,1.50
2017.10.27 15:24:29.348,0.99992,1.00003,2.85,3.00
2017.10.27 15:24:29.928,0.99991,1.0,2.06,1.87
2017.10.27 15:24:30.032,0.99987,0.99996,2.62,1.00
2017.10.27 15:24:30.189,0.99986,0.99996,1.69,2.25
2017.10.27 15:24:30.701,0.99988,0.99996,1.50,1.25
2017.10.27 15:24:30.931,0.99988,0.99998,2.44,1.00
2017.10.27 15:24:31.302,0.99986,0.99997,1.25,1.12
2017.10.27 15:24:31.864,0.99986,0.99996,1.87,1.00
2017.10.27 15:24:32.376,0.99987,0.99997,1.00,1.12
2017.10.27 15:24:32.787,0.99989,0.99998,1.00,1.12
2017.10.27 15:24:33.091,0.99994,1.00003,1.50,1.00
2017.10.27 15:24:33.194,0.99994,1.00005,1.69,2.25
2017.10.27 15:24:35.170,0.99994,1.00005,1.31,1.12
2017.10.27 15:24:35.682,0.99994,1.00005,1.12,1.12
2017.10.27 15:24:35.786,0.99993,1.00003,1.00,1.50
2017.10.27 15:24:40.503,0.99991,0.99999,1.00,1.00
2017.10.27 15:24:40.606,0.99986,0.99997,1.00,1.00
2017.10.27 15:24:41.700,0.99986,0.99996,1.00,1.50
2017.10.27 15:24:44.085,0.99986,0.99996,1.00,5.25
2017.10.27 15:24:44.261,0.99984,0.99994,1.25,1.00
2017.10.27 15:24:45.515,0.99985,0.99994,1.00,1.00
2017.10.27 15:24:45.620,0.99985,0.99996,3.00,1.00
2017.10.27 15:24:46.205,0.99986,0.99997,1.50,1.87
2017.10.27 15:24:46.733,0.99986,0.99996,1.69,1.00
2017.10.27 15:24:48.468,0.99986,0.99997,1.25,3.75
2017.10.27 15:24:49.012,0.99986,0.99996,1.25,1.00
2017.10.27 15:24:49.115,0.99988,0.99997,1.00,1.00
2017.10.27 15:24:49.547,0.99986,0.99996,1.00,1.50
2017.10.27 15:24:50.058,0.99986,0.99995,1.00,1.00
2017.10.27 15:24:51.122,0.99986,0.99996,1.00,3.00
2017.10.27 15:24:51.636,0.99986,0.99995,1.00,1.00
2017.10.27 15:24:52.958,0.99986,0.99996,1.00,2.62
2017.10.27 15:24:53.460,0.99986,0.99995,1.25,1.00
2017.10.27 15:24:54.415,0.99986,0.99996,1.00,3.00
2017.10.27 15:24:55.016,0.99986,0.99995,1.00,1.00
2017.10.27 15:24:57.450,0.99986,0.99996,1.00,3.00
2017.10.27 15:24:58.019,0.99986,0.99995,1.00,1.00
2017.10.27 15:24:58.643,0.99985,0.99994,1.25,1.50
2017.10.27 15:25:01.218,0.99985,0.99994,2.81,1.00
2017.10.27 15:25:01.321,0.99986,0.99997,2.44,1.87
2017.10.27 15:25:01.822,0.99986,0.99996,2.81,1.00
2017.10.27 15:25:02.895,0.99986,0.99996,1.50,1.00
2017.10.27 15:25:03.430,0.99986,0.99995,1.00,1.00
2017.10.27 15:25:04.402,0.99985,0.99995,1.31,1.13
2017.10.27 15:25:05.079,0.99985,0.99995,1.69,1.00
2017.10.27 15:25:05.599,0.99985,0.99995,1.31,1.00
2017.10.27 15:25:06.023,0.99984,0.9999,1.69,1.00
2017.10.27 15:25:06.301,0.99977,0.99985,1.31,1.00
2017.10.27 15:25:06.356,0.99977,0.99986,1.12,1.50
2017.10.27 15:25:06.715,0.99975,0.99984,1.69,1.00
2017.10.27 15:25:07.321,0.99975,0.99985,1.31,1.00
2017.10.27 15:25:07.851,0.99974,0.99984,1.56,1.00
2017.10.27 15:25:08.777,0.99974,0.99984,1.00,1.69
2017.10.27 15:25:09.282,0.99972,0.99983,2.85,1.12
2017.10.27 15:25:10.053,0.99974,0.99984,1.12,1.00
2017.10.27 15:25:10.569,0.99973,0.99983,2.06,1.00
2017.10.27 15:25:11.083,0.99973,0.99983,1.87,1.00
2017.10.27 15:25:11.744,0.99973,0.99983,1.50,1.00
2017.10.27 15:25:12.217,0.99971,0.9998,1.00,2.44
2017.10.27 15:25:12.269,0.99969,0.99979,1.00,1.00
2017.10.27 15:25:12.781,0.99969,0.99978,1.00,1.00
2017.10.27 15:25:13.326,0.99969,0.99979,2.06,1.00
2017.10.27 15:25:13.553,0.99971,0.99981,3.60,1.00
2017.10.27 15:25:14.075,0.9997,0.99981,1.31,2.44
2017.10.27 15:25:14.618,0.9997,0.9998,1.25,1.00
2017.10.27 15:25:15.097,0.99968,0.99978,1.69,1.00
2017.10.27 15:25:15.628,0.99968,0.99978,1.25,1.00
2017.10.27 15:25:16.137,0.99968,0.99977,1.00,1.00
2017.10.27 15:25:16.844,0.99968,0.99978,1.25,1.00
2017.10.27 15:25:17.170,0.99971,0.99977,2.66,1.00
2017.10.27 15:25:17.232,0.99974,0.99983,1.91,1.50
2017.10.27 15:25:17.386,0.99974,0.99984,1.69,1.00
2017.10.27 15:25:17.593,0.99978,0.99989,1.50,3.00
2017.10.27 15:25:17.934,0.9998,0.9999,3.41,1.00
2017.10.27 15:25:18.561,0.99981,0.99991,1.44,1.00
2017.10.27 15:25:18.923,0.99983,0.99992,1.19,1.87
2017.10.27 15:25:19.077,0.99982,0.99991,1.69,1.00
2017.10.27 15:25:19.589,0.99982,0.9999,1.25,1.00
2017.10.27 15:25:21.473,0.99982,0.99991,1.25,1.00
2017.10.27 15:25:21.989,0.99981,0.9999,1.19,1.00
2017.10.27 15:25:22.627,0.99982,0.99991,1.12,1.00
2017.10.27 15:25:23.091,0.9998,0.99989,1.19,1.50
2017.10.27 15:25:23.145,0.99979,0.99988,1.00,1.00
2017.10.27 15:25:23.653,0.99977,0.99987,4.50,1.00
2017.10.27 15:25:24.436,0.99977,0.99987,2.25,1.25
2017.10.27 15:25:24.646,0.99977,0.99986,2.81,1.00
2017.10.27 15:25:25.474,0.99974,0.99983,1.00,1.00
2017.10.27 15:25:25.836,0.99974,0.99985,2.81,1.50
2017.10.27 15:25:26.350,0.99976,0.99984,1.00,1.00
2017.10.27 15:25:26.558,0.99974,0.99982,1.00,1.50
2017.10.27 15:25:26.610,0.99971,0.99981,1.31,1.50
2017.10.27 15:25:26.968,0.99973,0.99982,1.00,1.12
2017.10.27 15:25:27.468,0.99975,0.99983,1.00,1.00
2017.10.27 15:25:28.353,0.99975,0.99984,1.00,1.12
2017.10.27 15:25:28.867,0.99975,0.99983,1.00,1.00
2017.10.27 15:25:30.305,0.99975,0.99984,1.69,1.00
2017.10.27 15:25:30.818,0.99976,0.99985,1.00,1.00
2017.10.27 15:25:31.670,0.99976,0.99986,1.00,1.00
2017.10.27 15:25:32.182,0.99976,0.99985,1.00,1.00
2017.10.27 15:25:32.690,0.99976,0.99986,1.00,1.00
2017.10.27 15:25:32.999,0.99978,0.99986,1.12,1.00
2017.10.27 15:25:33.838,0.99978,0.99987,1.12,1.00
2017.10.27 15:25:34.430,0.99978,0.99986,1.12,1.00
2017.10.27 15:25:41.321,0.9998,0.99986,1.05,1.00
2017.10.27 15:25:41.374,0.99981,0.99991,2.44,3.37
2017.10.27 15:25:41.898,0.99981,0.99991,2.81,1.00
2017.10.27 15:25:42.443,0.99981,0.99992,2.48,2.25
2017.10.27 15:25:42.958,0.99981,0.99991,2.48,1.00
2017.10.27 15:25:43.869,0.9998,0.9999,1.19,2.81
2017.10.27 15:25:44.389,0.9998,0.99989,1.00,1.00
2017.10.27 15:25:44.907,0.9998,0.9999,1.00,2.06
2017.10.27 15:25:45.831,0.9998,0.99989,1.00,1.00
2017.10.27 15:25:48.121,0.9998,0.9999,1.12,2.06
2017.10.27 15:25:48.633,0.9998,0.99989,1.12,1.00
2017.10.27 15:25:49.401,0.9998,0.99988,1.00,1.00
2017.10.27 15:25:49.951,0.9998,0.99989,1.00,1.00
2017.10.27 15:25:50.649,0.99981,0.99989,1.00,1.00
2017.10.27 15:25:51.163,0.9998,0.99989,1.12,1.00
2017.10.27 15:25:52.890,0.9998,0.9999,1.12,1.50
2017.10.27 15:25:53.865,0.9998,0.99989,1.12,1.00
2017.10.27 15:25:55.768,0.99981,0.9999,1.12,1.00
2017.10.27 15:25:56.278,0.99981,0.99991,1.91,1.87
2017.10.27 15:25:56.816,0.99981,0.9999,1.12,1.00
2017.10.27 15:25:57.458,0.99981,0.9999,1.50,1.00
2017.10.27 15:25:57.969,0.99981,0.99989,1.00,1.00
2017.10.27 15:25:59.545,0.99981,0.9999,1.00,1.13
2017.10.27 15:26:00.062,0.99981,0.99989,1.00,1.00
2017.10.27 15:26:00.574,0.99978,0.99989,1.87,2.25
2017.10.27 15:26:00.712,0.99978,0.99988,1.50,2.06
2017.10.27 15:26:00.968,0.99979,0.99989,2.63,1.00
2017.10.27 15:26:01.559,0.99978,0.99988,2.25,1.50
2017.10.27 15:26:02.067,0.99975,0.99985,1.87,1.00
2017.10.27 15:26:02.614,0.99975,0.99985,1.00,1.00
2017.10.27 15:26:03.139,0.99974,0.99984,2.25,1.00
2017.10.27 15:26:03.754,0.99974,0.99985,1.62,1.00
2017.10.27 15:26:04.538,0.99974,0.99984,1.62,1.00
2017.10.27 15:26:05.302,0.99975,0.99985,1.00,1.00
2017.10.27 15:26:05.671,0.99973,0.99983,1.00,1.12
2017.10.27 15:26:06.172,0.99973,0.99982,1.00,1.00
2017.10.27 15:26:07.449,0.99973,0.99982,3.19,1.00
2017.10.27 15:26:07.999,0.99973,0.99983,3.38,1.00
2017.10.27 15:26:08.910,0.99973,0.99983,2.06,1.00
2017.10.27 15:26:09.384,0.99974,0.99983,1.50,1.00
2017.10.27 15:26:09.487,0.99974,0.99985,2.06,1.12
2017.10.27 15:26:10.055,0.99974,0.99984,1.62,1.00
2017.10.27 15:26:10.364,0.99974,0.99986,6.56,1.00
2017.10.27 15:26:10.901,0.99976,0.99985,1.00,1.12
2017.10.27 15:26:11.521,0.99974,0.99984,1.12,1.50
2017.10.27 15:26:12.184,0.99974,0.99983,1.12,1.00
2017.10.27 15:26:14.512,0.99974,0.99984,1.12,1.00
2017.10.27 15:26:15.138,0.99976,0.99986,1.69,1.25
2017.10.27 15:26:15.992,0.99977,0.99987,1.12,1.00
2017.10.27 15:26:18.378,0.99977,0.99987,1.00,1.88
2017.10.27 15:26:18.888,0.99977,0.99987,1.00,1.69
2017.10.27 15:26:19.218,0.99976,0.99986,1.00,1.81
2017.10.27 15:26:19.526,0.99974,0.99984,1.50,2.62
2017.10.27 15:26:24.552,0.99974,0.99984,1.12,4.50
2017.10.27 15:26:25.446,0.99973,0.99983,1.12,1.50
2017.10.27 15:26:27.856,0.99971,0.99981,1.50,1.12
2017.10.27 15:26:30.584,0.99972,0.99983,1.00,5.06
2017.10.27 15:26:33.503,0.99974,0.99983,1.00,3.37
2017.10.27 15:26:34.149,0.99974,0.99984,1.12,3.37
2017.10.27 15:26:34.460,0.99978,0.99986,1.00,1.12
2017.10.27 15:26:34.675,0.9998,0.99991,1.50,4.50
2017.10.27 15:26:35.188,0.9998,0.9999,1.19,3.75
2017.10.27 15:26:35.715,0.99979,0.99988,1.25,1.00
2017.10.27 15:26:36.180,0.99978,0.99986,1.00,2.25
2017.10.27 15:26:36.522,0.9998,0.99986,2.81,2.25
2017.10.27 15:26:36.984,0.9998,0.99991,1.87,3.37
2017.10.27 15:26:37.599,0.9998,0.9999,3.00,1.12
2017.10.27 15:26:38.167,0.99982,0.99993,1.00,1.87
2017.10.27 15:26:38.683,0.99983,0.99994,1.69,2.62
2017.10.27 15:26:42.891,0.99983,0.99994,2.81,1.50
2017.10.27 15:26:43.201,0.99987,0.99996,1.00,5.62
2017.10.27 15:26:44.225,0.99987,0.99995,1.00,2.25
2017.10.27 15:26:44.811,0.99985,0.99994,1.25,3.37
2017.10.27 15:26:47.314,0.99983,0.99992,1.31,2.25
2017.10.27 15:26:47.468,0.99983,0.9999,1.00,3.37
2017.10.27 15:26:47.598,0.99979,0.99989,2.81,4.31
2017.10.27 15:26:49.641,0.99978,0.99986,1.00,2.62
2017.10.27 15:26:50.108,0.99979,0.99988,1.00,3.37
2017.10.27 15:26:50.623,0.99979,0.99989,1.25,4.12
2017.10.27 15:26:51.129,0.99979,0.99989,1.12,3.37
2017.10.27 15:26:51.642,0.9998,0.9999,1.69,3.37
2017.10.27 15:26:52.236,0.9998,0.99989,1.00,1.00
2017.10.27 15:26:52.428,0.99978,0.99987,1.19,1.00
2017.10.27 15:26:54.990,0.99976,0.99986,1.31,2.85
2017.10.27 15:26:55.043,0.99975,0.99984,1.12,1.00
2017.10.27 15:26:55.095,0.99975,0.99984,1.00,1.75
2017.10.27 15:26:55.610,0.99974,0.99984,1.25,4.87
2017.10.27 15:26:56.262,0.99974,0.99984,1.25,3.00
2017.10.27 15:26:56.314,0.99975,0.99985,1.00,1.50
2017.10.27 15:26:56.367,0.99975,0.99986,2.81,2.25
2017.10.27 15:26:56.419,0.99977,0.99987,1.25,1.12
2017.10.27 15:26:57.040,0.99978,0.99988,1.00,3.37
2017.10.27 15:26:57.201,0.99978,0.99987,1.00,1.00
2017.10.27 15:26:57.949,0.99978,0.99988,1.00,4.50
2017.10.27 15:26:58.924,0.99977,0.99987,1.25,4.12
2017.10.27 15:26:59.679,0.99977,0.99987,1.25,4.12
2017.10.27 15:27:00.077,0.99978,0.99988,1.50,1.50
2017.10.27 15:27:00.591,0.99979,0.99989,1.25,3.75
2017.10.27 15:27:06.177,0.99979,0.99989,1.87,1.12
2017.10.27 15:27:08.032,0.99979,0.99989,1.87,3.75
2017.10.27 15:27:10.985,0.99981,0.99989,1.25,1.50
2017.10.27 15:27:11.295,0.99981,0.99991,1.25,2.25
2017.10.27 15:27:11.347,0.99981,0.99991,1.13,2.25
2017.10.27 15:27:11.899,0.99981,0.99991,1.13,2.25
2017.10.27 15:27:13.236,0.99981,0.9999,1.25,2.62
2017.10.27 15:27:14.722,0.9998,0.9999,1.19,2.85
2017.10.27 15:27:15.236,0.99981,0.9999,1.25,3.37
2017.10.27 15:27:15.692,0.99976,0.99981,1.12,2.62
2017.10.27 15:27:15.744,0.99974,0.99981,1.00,1.37
2017.10.27 15:27:15.796,0.99972,0.99981,1.31,1.50
2017.10.27 15:27:15.899,0.99975,0.99983,1.19,1.00
2017.10.27 15:27:19.024,0.99976,0.99985,1.25,3.37
2017.10.27 15:27:19.535,0.99976,0.99985,1.25,3.37
2017.10.27 15:27:24.936,0.99976,0.99984,1.25,1.00
2017.10.27 15:27:25.568,0.99976,0.99985,1.25,4.50
2017.10.27 15:27:30.101,0.99976,0.99985,1.25,2.25
2017.10.27 15:27:30.749,0.99976,0.99983,1.25,1.00
2017.10.27 15:27:32.702,0.99976,0.99984,1.25,3.37
2017.10.27 15:27:33.943,0.99973,0.99982,1.19,4.12
2017.10.27 15:27:34.506,0.99973,0.99981,1.19,2.62
2017.10.27 15:27:40.128,0.99973,0.99981,1.69,2.62
2017.10.27 15:27:40.283,0.99974,0.99982,1.25,1.12
2017.10.27 15:27:40.819,0.99974,0.99984,2.06,1.50
2017.10.27 15:27:41.330,0.99974,0.99984,2.06,1.50
2017.10.27 15:27:41.880,0.99974,0.99984,2.06,1.50
2017.10.27 15:27:45.859,0.99974,0.99985,2.44,3.37
2017.10.27 15:27:46.375,0.99974,0.99985,2.62,4.12
2017.10.27 15:27:47.202,0.99975,0.99985,1.50,4.12
2017.10.27 15:27:47.804,0.99976,0.99985,1.12,4.12
2017.10.27 15:27:48.732,0.99975,0.99985,3.00,4.12
2017.10.27 15:27:51.846,0.99975,0.99985,1.87,2.25
2017.10.27 15:27:52.616,0.99975,0.99985,1.19,4.87
2017.10.27 15:27:53.239,0.99975,0.99985,1.00,4.50
2017.10.27 15:27:54.192,0.99974,0.99985,1.87,5.44
2017.10.27 15:27:57.220,0.99974,0.99984,1.87,1.50
2017.10.27 15:27:57.823,0.99974,0.99984,1.00,1.37
2017.10.27 15:27:58.706,0.99974,0.99984,1.00,1.75
2017.10.27 15:28:00.455,0.99974,0.99984,1.00,3.37
2017.10.27 15:28:00.970,0.99974,0.99983,1.25,1.50
2017.10.27 15:28:01.611,0.99973,0.99983,2.63,1.50
2017.10.27 15:28:01.876,0.99972,0.99981,1.87,1.12
2017.10.27 15:28:07.624,0.99974,0.99982,6.75,2.25
2017.10.27 15:28:07.676,0.99977,0.99984,1.12,3.00
2017.10.27 15:28:07.781,0.99975,0.99984,1.12,1.50
2017.10.27 15:28:08.628,0.99974,0.99984,2.25,1.50
2017.10.27 15:28:09.139,0.99975,0.99984,1.31,3.00
2017.10.27 15:28:09.680,0.99974,0.99983,1.00,1.50
2017.10.27 15:28:15.770,0.99973,0.99983,2.25,2.25
2017.10.27 15:28:17.199,0.99972,0.99982,1.87,1.87
2017.10.27 15:28:19.180,0.99972,0.99981,1.00,4.12
2017.10.27 15:28:21.761,0.99968,0.99977,1.37,2.10
2017.10.27 15:28:21.813,0.99967,0.99976,1.50,2.62
2017.10.27 15:28:22.324,0.99966,0.99976,1.00,3.22
2017.10.27 15:28:22.376,0.99964,0.99973,2.81,1.37
2017.10.27 15:28:22.908,0.99964,0.99973,1.00,1.50
2017.10.27 15:28:23.421,0.99963,0.99973,1.00,3.00
2017.10.27 15:28:23.943,0.99963,0.99973,1.00,3.00
2017.10.27 15:28:27.507,0.99963,0.99973,1.69,1.87
2017.10.27 15:28:28.045,0.99963,0.99973,1.69,1.87
2017.10.27 15:28:28.148,0.99961,0.99972,3.37,1.37
2017.10.27 15:28:28.691,0.9996,0.99971,3.75,1.50
2017.10.27 15:28:29.209,0.9996,0.99971,2.63,2.25
2017.10.27 15:28:30.056,0.9996,0.99971,3.98,1.50
2017.10.27 15:28:30.161,0.99963,0.99973,1.87,1.50
2017.10.27 15:28:31.254,0.99963,0.99973,2.44,1.37
2017.10.27 15:28:31.799,0.99963,0.99973,2.44,1.37
2017.10.27 15:28:31.903,0.99964,0.99974,3.37,1.87
2017.10.27 15:28:32.206,0.99963,0.99974,2.06,1.87
2017.10.27 15:28:33.958,0.99964,0.99974,2.44,1.12
2017.10.27 15:28:34.515,0.99964,0.99974,1.87,1.12
2017.10.27 15:28:34.568,0.99963,0.99974,4.31,1.37
2017.10.27 15:28:35.752,0.99964,0.99974,1.31,1.37
2017.10.27 15:28:39.706,0.99963,0.99973,2.06,1.50
2017.10.27 15:28:40.223,0.99963,0.99973,1.00,2.25
2017.10.27 15:28:40.825,0.99962,0.99973,1.00,3.00
2017.10.27 15:28:41.442,0.99962,0.99973,1.19,3.00
2017.10.27 15:28:42.780,0.99963,0.99973,2.06,2.62
2017.10.27 15:28:43.308,0.99963,0.99973,1.12,2.62
2017.10.27 15:28:44.066,0.99964,0.99973,1.87,1.87
2017.10.27 15:28:44.637,0.99963,0.99973,1.12,2.62
2017.10.27 15:28:45.353,0.99963,0.99973,1.31,2.62
2017.10.27 15:28:45.889,0.99963,0.99973,1.25,2.62
2017.10.27 15:28:46.246,0.99964,0.99973,1.87,1.37
2017.10.27 15:28:46.793,0.99964,0.99974,2.25,2.62
2017.10.27 15:28:47.155,0.99966,0.99974,1.19,1.12
2017.10.27 15:28:48.943,0.99967,0.99976,1.50,1.50
2017.10.27 15:28:49.717,0.99967,0.99977,2.63,2.62
2017.10.27 15:28:51.123,0.99969,0.99978,1.44,1.12
2017.10.27 15:28:51.226,0.9997,0.9998,1.25,1.87
2017.10.27 15:28:52.826,0.9997,0.9998,1.88,1.12
2017.10.27 15:28:54.830,0.9997,0.99981,2.06,3.00
2017.10.27 15:28:55.458,0.9997,0.99981,1.69,3.00
2017.10.27 15:28:55.998,0.9997,0.99979,1.31,1.00
2017.10.27 15:28:56.307,0.99968,0.99977,1.19,1.00
2017.10.27 15:28:56.410,0.99967,0.99977,1.00,2.63
2017.10.27 15:28:56.462,0.99963,0.9997,1.87,1.00
2017.10.27 15:28:56.708,0.9996,0.99968,1.12,1.00
2017.10.27 15:28:57.222,0.9996,0.99969,1.88,1.87
2017.10.27 15:29:07.054,0.9996,0.99969,1.00,1.87
2017.10.27 15:29:07.602,0.9996,0.99969,2.63,1.00
2017.10.27 15:29:07.999,0.99962,0.99972,2.06,3.00
2017.10.27 15:29:08.512,0.99962,0.99972,1.69,2.62
2017.10.27 15:29:09.175,0.99963,0.99972,1.69,1.50
2017.10.27 15:29:10.550,0.99964,0.99973,2.06,1.00
2017.10.27 15:29:11.120,0.99964,0.99974,1.25,3.37
2017.10.27 15:29:21.114,0.99962,0.99972,1.56,1.37
2017.10.27 15:29:21.404,0.99962,0.99972,1.25,1.37
2017.10.27 15:29:24.810,0.99964,0.99972,1.00,1.37
2017.10.27 15:29:32.436,0.99964,0.99973,1.25,1.50
2017.10.27 15:29:36.034,0.99965,0.99973,1.00,1.87
2017.10.27 15:29:39.299,0.99964,0.99973,2.06,1.50
2017.10.27 15:29:39.809,0.99965,0.99973,1.69,1.50
2017.10.27 15:29:40.384,0.99965,0.99973,2.62,1.00
2017.10.27 15:29:44.395,0.99963,0.99972,1.12,1.12
2017.10.27 15:29:44.900,0.99963,0.99972,1.00,1.37
2017.10.27 15:29:46.488,0.99963,0.99972,1.69,1.00
2017.10.27 15:29:47.002,0.99964,0.99972,1.00,1.00
2017.10.27 15:29:50.089,0.99965,0.99973,1.00,1.50
2017.10.27 15:29:50.193,0.99965,0.99974,2.62,1.12
2017.10.27 15:29:50.712,0.99966,0.99974,1.00,1.00
2017.10.27 15:29:51.229,0.99965,0.99975,1.00,2.25
2017.10.27 15:29:51.752,0.99964,0.99974,1.00,3.00
2017.10.27 15:29:52.498,0.99964,0.99973,1.00,1.50
2017.10.27 15:29:52.865,0.99966,0.99974,1.00,2.25
2017.10.27 15:29:53.493,0.99966,0.99975,1.50,1.50
2017.10.27 15:29:54.527,0.99964,0.99974,1.87,1.50
2017.10.27 15:29:55.182,0.99965,0.99974,1.25,1.50
2017.10.27 15:29:56.453,0.99964,0.99973,1.00,1.00
2017.10.27 15:29:56.970,0.99964,0.99973,1.00,1.50
2017.10.27 15:29:57.329,0.99964,0.99973,1.19,1.50
2017.10.27 15:29:58.524,0.99965,0.99974,1.44,2.25
2017.10.27 15:29:59.463,0.99964,0.99974,1.31,1.87
2017.10.27 15:30:00.024,0.99967,0.99975,1.50,1.12
2017.10.27 15:30:00.593,0.99968,0.99976,1.00,1.50
2017.10.27 15:30:01.144,0.99967,0.99976,1.12,1.50
2017.10.27 15:30:07.773,0.99969,0.99976,1.00,1.37
2017.10.27 15:30:07.825,0.99969,0.99978,1.50,1.37
2017.10.27 15:30:08.347,0.99969,0.99978,1.50,1.37
2017.10.27 15:30:10.396,0.9997,0.99979,1.00,1.12
2017.10.27 15:30:10.500,0.99972,0.99981,1.25,1.12
2017.10.27 15:30:11.017,0.99973,0.99982,1.00,1.12
2017.10.27 15:30:12.666,0.99973,0.99982,1.44,1.00
2017.10.27 15:30:13.182,0.99973,0.99982,1.25,1.00
2017.10.27 15:30:14.429,0.99972,0.99982,2.25,1.00
2017.10.27 15:30:14.955,0.99972,0.99982,3.19,1.00
2017.10.27 15:30:15.539,0.99972,0.99982,4.31,1.00
2017.10.27 15:30:16.047,0.99972,0.99982,4.69,1.00
2017.10.27 15:30:19.781,0.99973,0.99982,1.19,1.00
2017.10.27 15:30:20.435,0.99973,0.99982,1.25,1.00
2017.10.27 15:30:22.176,0.99973,0.99982,1.44,1.00
2017.10.27 15:30:23.828,0.99973,0.99982,1.00,1.00
2017.10.27 15:30:25.374,0.99973,0.99982,1.19,1.00
2017.10.27 15:30:26.074,0.99973,0.99982,1.25,1.00
2017.10.27 15:30:26.582,0.99973,0.99982,1.19,1.00
2017.10.27 15:30:27.149,0.99973,0.99982,1.88,1.00
2017.10.27 15:30:28.238,0.99973,0.99982,1.69,1.00
2017.10.27 15:30:28.905,0.99979,0.99988,3.79,1.37
2017.10.27 15:30:29.008,0.99981,0.9999,1.35,1.50
2017.10.27 15:30:29.555,0.99981,0.99992,1.13,2.25
2017.10.27 15:30:31.652,0.99981,0.99992,1.31,2.06
2017.10.27 15:30:34.740,0.99982,0.99992,1.31,1.00
2017.10.27 15:30:35.255,0.99983,0.99992,1.00,1.00
2017.10.27 15:30:36.009,0.99983,0.99994,2.44,1.87
2017.10.27 15:30:36.626,0.99984,0.99994,2.44,1.50
2017.10.27 15:30:37.088,0.99989,0.99998,1.50,1.37
2017.10.27 15:30:37.140,0.99989,1.0,4.50,1.57
2017.10.27 15:30:37.787,0.9999,1.0,2.63,1.50
2017.10.27 15:30:37.995,0.99988,0.99998,2.06,1.69
2017.10.27 15:30:38.512,0.99987,0.99998,1.31,2.48
2017.10.27 15:30:40.154,0.99987,0.99998,1.44,1.50
2017.10.27 15:30:40.258,0.99989,1.0,1.50,1.00
2017.10.27 15:30:40.463,0.99989,1.00001,2.63,2.62
2017.10.27 15:30:40.515,0.99989,1.00001,2.44,2.62
2017.10.27 15:30:41.008,0.9999,1.00001,1.50,1.87
2017.10.27 15:30:41.519,0.99989,1.00001,4.12,1.87
2017.10.27 15:30:41.623,0.99988,1.0,1.69,4.35
2017.10.27 15:30:41.725,0.99988,0.99998,1.25,1.37
2017.10.27 15:30:47.823,0.99986,0.99997,1.87,1.73
2017.10.27 15:30:49.533,0.99986,0.99997,1.87,1.69
2017.10.27 15:30:51.523,0.99984,0.99995,3.19,2.62
2017.10.27 15:30:52.130,0.99983,0.99995,2.06,4.69
2017.10.27 15:30:52.657,0.99983,0.99994,2.44,1.00
2017.10.27 15:30:53.189,0.99983,0.99994,2.25,1.00
2017.10.27 15:30:53.808,0.99983,0.99994,2.06,1.00
2017.10.27 15:30:54.817,0.99983,0.99995,2.06,2.62
2017.10.27 15:30:55.462,0.99983,0.99995,2.06,2.81
2017.10.27 15:30:55.979,0.99983,0.99994,2.06,1.00
2017.10.27 15:30:56.540,0.99983,0.99994,1.31,1.00
2017.10.27 15:31:03.908,0.99983,0.99994,1.81,1.00
2017.10.27 15:31:04.455,0.99984,0.99995,1.31,2.06
2017.10.27 15:31:04.968,0.99984,0.99995,1.87,1.12
2017.10.27 15:31:05.493,0.99985,0.99995,1.00,2.81
2017.10.27 15:31:08.496,0.99983,0.99993,1.31,1.12
2017.10.27 15:31:09.009,0.99983,0.99992,1.25,1.31
2017.10.27 15:31:09.906,0.99983,0.99993,1.25,1.12
2017.10.27 15:31:11.012,0.99983,0.99992,1.25,1.00
2017.10.27 15:31:11.065,0.99982,0.99991,1.19,1.37
2017.10.27 15:31:11.581,0.99982,0.99991,1.00,1.69
2017.10.27 15:31:21.979,0.99982,0.99987,1.00,1.50
2017.10.27 15:31:22.031,0.99977,0.99985,1.12,1.30
2017.10.27 15:31:22.134,0.99973,0.99984,2.06,3.94
2017.10.27 15:31:22.186,0.99973,0.99984,2.06,6.19
2017.10.27 15:31:22.730,0.99973,0.99983,1.69,3.56
2017.10.27 15:31:22.883,0.99973,0.99983,1.50,1.00
2017.10.27 15:31:27.133,0.99973,0.99983,1.92,1.00
2017.10.27 15:31:27.388,0.99973,0.99983,1.31,1.00
2017.10.27 15:31:28.487,0.99974,0.99984,1.25,1.00
2017.10.27 15:31:28.539,0.99974,0.99984,3.56,1.00
2017.10.27 15:31:28.953,0.99979,0.99988,1.87,1.37
2017.10.27 15:31:29.340,0.9998,0.9999,1.12,1.12
2017.10.27 15:31:29.600,0.99988,0.99992,1.50,1.50
2017.10.27 15:31:29.708,0.99988,0.99994,2.25,1.31
2017.10.27 15:31:29.878,0.99988,0.99994,1.12,1.31
2017.10.27 15:31:29.931,0.9999,0.99999,1.00,1.50
2017.10.27 15:31:29.985,0.99991,0.99999,1.37,1.00
2017.10.27 15:31:30.038,0.99993,1.00003,1.50,2.25
2017.10.27 15:31:30.092,0.99992,1.00003,1.69,2.61
2017.10.27 15:31:30.144,0.99992,1.00002,1.69,2.81
2017.10.27 15:31:35.108,0.99991,1.00002,3.19,1.50
2017.10.27 15:31:36.528,0.99989,0.99997,1.00,1.00
2017.10.27 15:31:37.079,0.99988,0.99998,4.50,1.12
2017.10.27 15:31:37.428,0.99986,0.99997,1.37,2.85
2017.10.27 15:31:37.959,0.99986,0.99995,1.50,1.37
2017.10.27 15:31:39.267,0.99984,0.99994,1.31,1.12
2017.10.27 15:31:39.577,0.99982,0.99992,1.00,2.81
2017.10.27 15:31:40.126,0.99983,0.99993,1.25,2.06
2017.10.27 15:31:45.554,0.99983,0.99993,1.25,1.69
2017.10.27 15:31:46.007,0.99982,0.99992,1.00,2.81
2017.10.27 15:31:49.805,0.99982,0.99991,1.44,1.00
2017.10.27 15:31:50.583,0.99982,0.99991,1.00,1.00
2017.10.27 15:31:51.947,0.99986,0.99994,1.87,2.06
2017.10.27 15:31:52.005,0.99987,0.99997,1.25,1.00
2017.10.27 15:31:52.654,0.99987,0.99998,1.25,2.06
2017.10.27 15:31:55.068,0.99987,0.99998,1.25,1.25
2017.10.27 15:31:56.169,0.99989,1.0,1.69,4.50
2017.10.27 15:31:56.476,0.99988,0.99996,1.00,1.00
2017.10.27 15:31:56.579,0.99988,0.99998,1.00,3.00
2017.10.27 15:31:57.488,0.99988,0.99998,1.00,4.16
2017.10.27 15:31:58.034,0.99986,0.99997,1.50,2.25
2017.10.27 15:31:58.086,0.99986,0.99995,1.00,1.00
2017.10.27 15:31:59.296,0.99986,0.99996,1.37,1.87
2017.10.27 15:31:59.822,0.99986,0.99995,1.00,1.00
2017.10.27 15:32:00.173,0.99991,1.00002,2.06,6.00
2017.10.27 15:32:00.686,0.99991,1.00001,3.56,1.00
2017.10.27 15:32:04.137,0.99991,1.00001,1.50,1.00
2017.10.27 15:32:05.418,0.99991,1.00001,1.12,1.37
2017.10.27 15:32:06.695,0.9999,0.99998,1.00,2.85
2017.10.27 15:32:06.746,0.99987,0.99997,1.19,2.47
2017.10.27 15:32:07.729,0.99987,0.99997,1.19,3.19
2017.10.27 15:32:07.781,0.99985,0.99996,1.25,3.22
2017.10.27 15:32:08.781,0.99988,0.99998,3.19,1.87
2017.10.27 15:32:08.884,0.99989,1.0,2.81,1.50
2017.10.27 15:32:09.090,0.99991,1.00001,1.00,2.62
2017.10.27 15:32:10.814,0.99991,1.00001,1.00,1.87
2017.10.27 15:32:11.353,0.99991,1.00001,2.44,1.12
2017.10.27 15:32:14.423,0.9999,0.99999,1.31,1.30
2017.10.27 15:32:14.476,0.99989,0.99999,2.06,1.00
2017.10.27 15:32:14.579,0.99991,1.00001,1.00,1.37
2017.10.27 15:32:15.091,0.99991,1.00001,1.87,1.00
2017.10.27 15:32:16.895,0.99991,1.00001,1.00,1.12
2017.10.27 15:32:18.885,0.99991,1.00001,1.87,1.12
2017.10.27 15:32:25.516,0.99993,1.00002,1.00,1.00
2017.10.27 15:32:31.437,0.99991,1.0,1.19,1.54
2017.10.27 15:32:31.949,0.99991,1.0,1.00,1.16
2017.10.27 15:32:32.493,0.99991,1.0,1.00,1.49
2017.10.27 15:32:33.044,0.9999,1.00002,2.63,5.81
2017.10.27 15:32:33.556,0.9999,1.0,1.69,3.00
2017.10.27 15:32:35.379,0.9999,1.0,1.31,3.00
2017.10.27 15:32:37.692,0.99988,0.99997,3.19,3.22
2017.10.27 15:32:37.744,0.99987,0.99997,1.25,3.37
2017.10.27 15:32:38.840,0.99988,0.99997,1.12,1.00
2017.10.27 15:32:39.638,0.99988,0.99997,1.69,1.12
2017.10.27 15:32:40.189,0.99989,1.0,1.50,4.12
2017.10.27 15:32:40.763,0.99989,1.0,1.50,1.50
2017.10.27 15:32:41.904,0.99989,1.0,1.50,1.50
2017.10.27 15:32:42.453,0.99989,1.0,1.50,1.12
2017.10.27 15:32:43.073,0.99991,1.00001,1.00,2.25
2017.10.27 15:32:44.148,0.99991,1.00001,1.13,1.50
2017.10.27 15:32:45.737,0.99992,1.00001,1.25,1.00
2017.10.27 15:32:53.321,0.99992,1.00001,1.00,1.37
2017.10.27 15:32:53.879,0.99992,1.00001,1.00,1.00
2017.10.27 15:32:57.076,0.99993,1.00003,1.00,2.25
2017.10.27 15:32:57.598,0.99992,1.00002,1.62,2.44
2017.10.27 15:32:58.254,0.99992,1.00002,1.25,4.72
2017.10.27 15:32:58.940,0.99992,1.00001,1.25,1.37
2017.10.27 15:33:02.425,0.9999,1.00001,1.88,1.12
2017.10.27 15:33:02.986,0.9999,1.00001,1.88,1.37
2017.10.27 15:33:03.280,0.99993,1.00003,1.50,4.91
2017.10.27 15:33:03.805,0.99992,1.00002,1.25,2.44
2017.10.27 15:33:04.669,0.99992,1.00002,1.31,4.50
2017.10.27 15:33:05.850,0.99991,1.00001,1.69,1.50
2017.10.27 15:33:06.362,0.99991,1.00001,1.69,1.50
2017.10.27 15:33:11.784,0.99991,1.00001,1.19,1.50
2017.10.27 15:33:13.680,0.99992,1.00002,1.25,4.88
2017.10.27 15:33:20.849,0.99992,1.00002,1.50,1.50
2017.10.27 15:33:22.078,0.99992,1.00002,1.31,1.87
2017.10.27 15:33:28.921,0.99992,1.00001,1.12,1.00
2017.10.27 15:33:29.522,0.99992,1.00002,1.12,4.54
2017.10.27 15:33:30.048,0.99992,1.00001,1.12,1.00
2017.10.27 15:33:30.678,0.99992,1.00002,1.12,3.60
2017.10.27 15:33:31.320,0.99993,1.00003,1.00,2.10
2017.10.27 15:33:36.272,0.99993,1.00004,3.75,1.87
2017.10.27 15:33:36.325,0.99999,1.00007,1.00,1.75
2017.10.27 15:33:36.378,0.99999,1.00009,3.00,2.25
2017.10.27 15:33:37.049,1.00001,1.0001,1.25,1.12
2017.10.27 15:33:37.575,1.00002,1.0001,1.12,1.00
2017.10.27 15:33:38.111,0.99998,1.00007,2.25,1.00
2017.10.27 15:33:38.163,0.99998,1.00008,1.50,2.25
2017.10.27 15:33:38.522,0.99995,1.00004,2.25,1.30
2017.10.27 15:33:38.573,0.99994,1.00004,1.75,2.47
2017.10.27 15:33:39.109,0.99993,1.00003,1.31,1.87
2017.10.27 15:33:45.587,0.99992,1.00003,2.81,1.00
2017.10.27 15:33:45.793,0.99994,1.00005,1.50,2.25
2017.10.27 15:33:46.153,0.99996,1.00006,1.25,1.87
2017.10.27 15:33:46.874,0.99996,1.00006,1.62,1.12
2017.10.27 15:33:47.474,0.99996,1.00006,1.25,1.12
2017.10.27 15:33:48.976,0.99999,1.00006,1.25,1.87
2017.10.27 15:33:49.027,0.99995,1.00004,1.37,1.12
2017.10.27 15:33:49.541,0.99995,1.00005,1.00,4.69
2017.10.27 15:33:52.185,0.99993,1.00004,1.69,1.50
2017.10.27 15:33:54.541,0.99992,1.00004,3.56,2.81
2017.10.27 15:33:55.180,0.99992,1.00003,2.06,3.56
2017.10.27 15:33:59.339,0.99992,1.00003,2.06,3.75
2017.10.27 15:34:01.017,0.99992,1.00003,1.69,1.12
2017.10.27 15:34:02.603,0.99994,1.00004,1.19,1.50
2017.10.27 15:34:03.255,0.99992,1.00003,1.69,1.12
2017.10.27 15:34:17.898,0.99992,0.99998,1.19,1.35
2017.10.27 15:34:18.071,0.99991,0.99998,1.00,3.41
2017.10.27 15:34:18.126,0.99986,0.99997,1.19,4.35
2017.10.27 15:34:18.179,0.99985,0.99997,4.31,3.97
2017.10.27 15:34:18.833,0.99987,0.99997,1.00,1.72
2017.10.27 15:34:19.377,0.99986,0.99997,1.69,1.91
2017.10.27 15:34:20.085,0.99988,0.99998,1.12,1.87
2017.10.27 15:34:20.137,0.99988,0.99999,2.06,3.75
2017.10.27 15:34:22.970,0.99989,1.0,2.81,1.12
2017.10.27 15:34:25.977,0.99989,1.0,1.50,1.69
2017.10.27 15:34:26.030,0.99988,0.99997,1.12,1.72
2017.10.27 15:34:26.081,0.99986,0.99996,1.31,2.25
2017.10.27 15:34:26.621,0.99986,0.99995,1.00,2.29
2017.10.27 15:34:27.140,0.99986,0.99996,1.37,1.50
2017.10.27 15:34:27.895,0.99986,0.99996,1.00,2.85
2017.10.27 15:34:28.551,0.99986,0.99996,1.37,3.04
2017.10.27 15:34:30.065,0.99986,0.99996,2.81,1.12
2017.10.27 15:34:30.224,0.99988,0.99998,1.37,2.10
2017.10.27 15:34:31.384,0.99989,0.99999,1.69,1.00
2017.10.27 15:34:33.195,0.99991,1.00001,1.00,1.12
2017.10.27 15:34:33.855,0.99991,1.00001,1.37,1.00
2017.10.27 15:34:34.810,0.99991,1.00001,1.00,1.50
2017.10.27 15:34:35.818,0.99987,0.99997,2.51,2.66
2017.10.27 15:34:35.924,0.99987,0.99997,1.31,3.98
2017.10.27 15:34:36.897,0.99988,0.99999,1.37,1.87
2017.10.27 15:34:41.255,0.99988,0.99999,5.06,1.00
2017.10.27 15:34:41.513,0.99991,1.00001,1.12,2.25
2017.10.27 15:34:42.051,0.99989,1.0,3.37,1.31
2017.10.27 15:34:43.075,0.99989,1.0,1.69,1.87
2017.10.27 15:34:43.354,0.99989,0.99998,1.12,1.00
2017.10.27 15:34:43.893,0.99987,0.99997,1.37,1.00
2017.10.27 15:34:44.581,0.99988,0.99997,1.87,1.00
2017.10.27 15:34:44.633,0.99989,0.99999,2.44,1.00
2017.10.27 15:34:44.736,0.99989,0.99999,2.25,1.00
2017.10.27 15:34:45.361,0.9999,1.0,3.00,1.00
2017.10.27 15:34:45.567,0.99991,1.00002,1.69,2.62
2017.10.27 15:34:46.080,0.99992,1.00002,1.50,1.12
2017.10.27 15:34:46.134,0.99994,1.00003,1.37,1.00
2017.10.27 15:34:46.656,0.99994,1.00005,1.31,2.10
2017.10.27 15:34:47.339,0.99995,1.00005,2.44,1.69
2017.10.27 15:34:47.868,0.99996,1.00006,2.06,1.00
2017.10.27 15:34:49.435,0.99996,1.00006,1.37,1.50
2017.10.27 15:34:58.979,0.99998,1.00006,1.50,1.00
2017.10.27 15:34:59.031,0.99999,1.00008,1.25,1.00
2017.10.27 15:34:59.297,0.99999,1.00009,1.69,1.00
2017.10.27 15:35:00.238,0.99999,1.00008,1.69,1.00
2017.10.27 15:35:00.344,0.99999,1.00008,1.31,1.00
2017.10.27 15:35:00.703,0.99998,1.00006,1.56,1.00
2017.10.27 15:35:01.319,0.99998,1.00008,1.00,3.98
2017.10.27 15:35:01.929,0.99998,1.00008,1.00,3.98
2017.10.27 15:35:02.926,0.99995,1.00005,1.31,1.54
2017.10.27 15:35:04.967,0.99994,1.00004,2.06,1.00
2017.10.27 15:35:05.019,0.99994,1.00004,1.12,1.88
2017.10.27 15:35:05.546,0.99994,1.00004,1.12,1.25
2017.10.27 15:35:06.555,0.99993,1.00003,1.31,1.00
2017.10.27 15:35:07.164,0.99992,1.00002,1.25,1.87
2017.10.27 15:35:07.318,0.9999,1.00001,1.31,3.00
2017.10.27 15:35:07.696,0.9999,1.00001,2.06,2.63
2017.10.27 15:35:08.006,0.99996,1.00006,1.62,1.12
2017.10.27 15:35:14.544,0.99996,1.00006,1.31,2.25
2017.10.27 15:35:18.988,0.99994,1.00005,1.56,3.38
2017.10.27 15:35:19.592,0.99996,1.00006,1.37,1.87
2017.10.27 15:35:20.107,0.99996,1.00006,1.62,1.31
2017.10.27 15:35:20.779,0.99997,1.00007,1.62,2.62
2017.10.27 15:35:22.345,0.99997,1.00007,1.37,1.87
2017.10.27 15:35:23.826,0.99995,1.00006,1.69,2.06
2017.10.27 15:35:24.135,0.99996,1.00006,1.87,1.12
2017.10.27 15:35:24.749,0.99999,1.00007,1.62,1.00
2017.10.27 15:35:25.255,1.0,1.00009,2.44,1.00
2017.10.27 15:35:25.827,0.99999,1.0001,2.48,1.00
2017.10.27 15:35:26.438,1.00001,1.00011,1.87,1.87
2017.10.27 15:35:27.059,1.00002,1.00012,2.44,1.12
2017.10.27 15:35:27.577,1.00002,1.00012,1.69,1.00
2017.10.27 15:35:28.330,1.00003,1.00014,1.50,1.00
2017.10.27 15:35:28.879,1.00002,1.00013,1.69,2.81
2017.10.27 15:35:30.118,1.00003,1.00014,1.50,1.12
2017.10.27 15:35:30.758,1.00004,1.00014,1.69,1.00
2017.10.27 15:35:31.289,1.00005,1.00015,1.62,1.50
2017.10.27 15:35:31.443,1.00006,1.00017,2.06,1.50
2017.10.27 15:35:33.417,1.00005,1.00016,2.81,1.00
2017.10.27 15:35:33.881,1.00006,1.00017,1.50,2.25
2017.10.27 15:35:34.362,1.00009,1.00019,1.12,2.62
2017.10.27 15:35:34.866,1.00008,1.00018,3.00,1.00
2017.10.27 15:35:36.354,1.00007,1.00019,1.50,4.12
2017.10.27 15:35:36.893,1.00008,1.00019,1.00,4.50
2017.10.27 15:35:37.527,1.00006,1.00018,3.56,1.00
2017.10.27 15:35:38.522,1.00006,1.00017,5.25,1.88
2017.10.27 15:35:39.096,1.00005,1.00017,2.62,1.50
2017.10.27 15:35:39.199,1.00005,1.00017,1.31,3.00
2017.10.27 15:35:39.455,1.00003,1.00015,1.31,3.98
2017.10.27 15:35:41.938,1.00003,1.00013,1.31,1.00
2017.10.27 15:35:42.053,1.00003,1.00013,1.12,1.00
2017.10.27 15:35:42.770,1.00001,1.00011,2.06,1.25
2017.10.27 15:35:43.034,0.99997,1.00006,1.25,1.00
2017.10.27 15:35:43.987,0.99994,1.00006,1.69,3.75
2017.10.27 15:35:44.194,0.99994,1.00005,1.25,2.25
2017.10.27 15:35:44.356,0.99993,1.00003,1.69,1.00
2017.10.27 15:35:45.586,0.99993,1.00003,1.00,1.00
2017.10.27 15:35:48.459,0.99993,1.0,1.00,1.00
2017.10.27 15:35:48.972,0.99992,0.99999,1.31,1.00
2017.10.27 15:35:49.229,0.99994,1.00005,1.50,3.00
2017.10.27 15:35:49.402,0.99995,1.00003,1.87,1.00
2017.10.27 15:35:49.711,0.99993,1.00001,1.25,1.00
2017.10.27 15:35:50.322,0.99993,1.0,1.00,1.00
2017.10.27 15:35:50.374,0.99993,1.00002,1.00,1.00
2017.10.27 15:35:50.881,0.99993,1.00001,1.00,1.00
2017.10.27 15:35:51.776,0.99994,1.00002,1.00,1.00
2017.10.27 15:35:52.305,0.99995,1.00003,1.25,1.50
2017.10.27 15:35:53.441,0.99994,1.00003,1.00,1.50
2017.10.27 15:35:53.905,0.99993,1.00001,1.50,1.00
2017.10.27 15:35:54.455,0.99993,1.0,1.00,1.00
2017.10.27 15:35:54.966,0.99992,1.0,1.00,1.00
2017.10.27 15:35:55.952,0.99992,1.00001,1.00,1.00
2017.10.27 15:35:56.408,0.9999,0.99999,4.31,1.00
2017.10.27 15:35:56.731,0.99997,1.00003,2.62,1.00
2017.10.27 15:35:57.084,1.00003,1.00007,1.50,4.50
2017.10.27 15:35:57.319,0.99994,1.00003,3.56,1.12
2017.10.27 15:35:57.370,0.99993,1.00002,1.44,1.37
2017.10.27 15:35:57.422,0.99991,1.00001,4.69,1.12
2017.10.27 15:35:57.473,0.99991,0.99999,3.19,1.00
2017.10.27 15:35:57.732,0.99984,0.99994,2.81,1.87
2017.10.27 15:35:58.278,0.99985,0.99994,3.19,1.12
2017.10.27 15:35:58.539,0.99984,0.99992,1.87,1.00
2017.10.27 15:35:59.054,0.99984,0.99995,3.19,1.87
2017.10.27 15:35:59.851,0.99983,0.99994,1.50,1.50
2017.10.27 15:35:59.902,0.99982,0.99993,1.19,3.00
2017.10.27 15:36:00.415,0.99982,0.99991,4.69,1.00
2017.10.27 15:36:00.717,0.99982,0.99989,1.19,1.00
2017.10.27 15:36:01.194,0.99982,0.99991,1.19,1.00
2017.10.27 15:36:01.716,0.99982,0.9999,1.87,1.00
2017.10.27 15:36:02.236,0.99982,0.99989,1.19,1.00
2017.10.27 15:36:02.800,0.99982,0.9999,1.19,1.00
2017.10.27 15:36:03.727,0.99984,0.99989,1.25,1.00
2017.10.27 15:36:03.779,0.99983,0.99991,1.69,1.00
2017.10.27 15:36:04.344,0.99983,0.99992,1.69,1.00
2017.10.27 15:36:04.897,0.99983,0.99991,1.25,1.00
2017.10.27 15:36:05.160,0.99984,0.99996,2.44,2.62
2017.10.27 15:36:05.212,0.99984,0.99994,3.56,1.00
2017.10.27 15:36:06.070,0.99984,0.99995,3.56,1.00
2017.10.27 15:36:06.587,0.99984,0.99994,2.81,1.00
2017.10.27 15:36:07.090,0.99984,0.99993,3.75,1.00
2017.10.27 15:36:07.811,0.99985,0.99993,1.69,1.00
2017.10.27 15:36:08.355,0.99984,0.99993,4.69,1.00
2017.10.27 15:36:08.564,0.99987,0.99996,1.87,1.00
2017.10.27 15:36:08.616,0.99989,0.99995,1.81,1.00
2017.10.27 15:36:08.722,0.99989,0.99998,1.12,1.00
2017.10.27 15:36:09.239,0.99991,0.99997,1.12,1.00
2017.10.27 15:36:09.294,0.99991,1.0,1.31,1.00
2017.10.27 15:36:09.920,0.99992,0.99999,2.25,1.00
2017.10.27 15:36:10.571,0.99992,1.0,2.62,1.00
2017.10.27 15:36:10.623,0.99994,1.0,2.81,1.00
2017.10.27 15:36:10.676,0.99994,1.00004,1.25,1.12
2017.10.27 15:36:10.727,0.99994,1.00002,1.25,1.00
2017.10.27 15:36:11.061,0.99987,0.99997,1.69,1.35
2017.10.27 15:36:11.113,0.99986,0.99994,1.50,1.00
2017.10.27 15:36:11.216,0.99984,0.99995,4.31,1.00
2017.10.27 15:36:11.370,0.99985,0.99993,2.06,1.00
2017.10.27 15:36:11.734,0.99987,0.99996,1.87,1.00
2017.10.27 15:36:12.094,0.99987,0.99994,1.00,1.00
2017.10.27 15:36:12.620,0.99987,0.99993,1.00,1.00
2017.10.27 15:36:12.951,0.99985,0.99992,1.25,1.00
2017.10.27 15:36:13.384,0.99983,0.9999,1.19,1.00
2017.10.27 15:36:14.151,0.99983,0.99991,1.69,1.00
2017.10.27 15:36:14.747,0.99983,0.9999,1.19,1.00
2017.10.27 15:36:16.904,0.99982,0.99989,1.87,1.00
2017.10.27 15:36:17.060,0.99978,0.99987,1.87,1.00
2017.10.27 15:36:17.426,0.99978,0.99985,1.19,1.00
2017.10.27 15:36:17.940,0.99978,0.99985,1.00,1.00
2017.10.27 15:36:18.702,0.99976,0.99985,2.06,1.00
2017.10.27 15:36:20.175,0.99977,0.99987,1.31,1.87
2017.10.27 15:36:21.160,0.99977,0.99988,1.13,1.12
2017.10.27 15:36:21.678,0.99977,0.99988,1.00,5.25
2017.10.27 15:36:22.778,0.99976,0.99983,2.25,1.00
2017.10.27 15:36:22.933,0.99975,0.99983,2.06,1.00
2017.10.27 15:36:23.037,0.99978,0.99983,1.00,1.00
2017.10.27 15:36:23.089,0.9998,0.9999,1.31,1.57
2017.10.27 15:36:23.141,0.9998,0.99988,1.50,1.00
2017.10.27 15:36:23.489,0.99975,0.99984,1.94,1.00
2017.10.27 15:36:23.696,0.99975,0.99985,1.00,1.50
2017.10.27 15:36:23.747,0.99974,0.99982,1.31,1.00
2017.10.27 15:36:24.273,0.99975,0.99983,1.00,1.00
2017.10.27 15:36:24.885,0.99975,0.99982,1.00,1.00
2017.10.27 15:36:27.109,0.99974,0.99982,1.00,1.00
2017.10.27 15:36:28.374,0.99973,0.99983,4.50,1.00
2017.10.27 15:36:28.879,0.99973,0.99982,4.50,1.00
2017.10.27 15:36:28.931,0.99975,0.99985,1.00,1.00
2017.10.27 15:36:29.136,0.99973,0.99981,3.75,1.00
2017.10.27 15:36:29.279,0.99972,0.99981,1.31,1.50
2017.10.27 15:36:29.434,0.99971,0.99979,3.38,1.00
2017.10.27 15:36:29.743,0.99975,0.99983,1.19,1.00
2017.10.27 15:36:30.051,0.99976,0.99985,1.87,1.00
2017.10.27 15:36:30.103,0.99978,0.99988,1.25,1.50
2017.10.27 15:36:30.615,0.99977,0.99988,2.06,1.00
2017.10.27 15:36:31.536,0.99976,0.99988,2.10,3.94
2017.10.27 15:36:32.309,0.99977,0.99988,1.16,5.25
2017.10.27 15:36:33.008,0.99978,0.99985,1.31,1.00
2017.10.27 15:36:33.586,0.99978,0.99986,1.31,1.00
2017.10.27 15:36:34.122,0.99978,0.99985,1.69,1.00
2017.10.27 15:36:34.482,0.99976,0.99984,2.44,1.00
2017.10.27 15:36:35.015,0.99976,0.99983,2.25,1.00
2017.10.27 15:36:35.599,0.99975,0.99983,1.00,1.00
2017.10.27 15:36:35.855,0.99973,0.99982,2.62,1.00
2017.10.27 15:36:36.099,0.99975,0.99983,1.25,1.00
2017.10.27 15:36:36.635,0.99974,0.99983,1.87,1.00
2017.10.27 15:36:36.842,0.99974,0.99985,1.00,1.87
2017.10.27 15:36:36.894,0.99975,0.99983,1.00,1.00
2017.10.27 15:36:37.484,0.99976,0.99983,1.25,1.00
2017.10.27 15:36:38.042,0.99975,0.99984,3.19,1.00
2017.10.27 15:36:38.559,0.99976,0.99983,1.50,1.00
2017.10.27 15:36:39.081,0.99975,0.99983,1.31,1.00
2017.10.27 15:36:40.163,0.99974,0.99982,3.75,1.00
2017.10.27 15:36:40.483,0.99973,0.99984,2.25,2.25
2017.10.27 15:36:40.892,0.99973,0.99981,2.06,1.00
2017.10.27 15:36:40.944,0.99973,0.99983,2.25,1.50
2017.10.27 15:36:41.129,0.99973,0.99981,2.06,1.00
2017.10.27 15:36:41.920,0.99973,0.99982,2.25,1.00
2017.10.27 15:36:42.439,0.99973,0.99981,2.44,1.00
2017.10.27 15:36:42.644,0.99975,0.99985,1.00,2.25
2017.10.27 15:36:42.696,0.99975,0.99983,1.13,1.00
2017.10.27 15:36:43.415,0.99975,0.99984,1.25,1.00
2017.10.27 15:36:43.941,0.99975,0.99983,1.25,1.00
2017.10.27 15:36:44.095,0.99977,0.99987,1.00,3.00
2017.10.27 15:36:44.646,0.99976,0.99986,1.12,1.50
2017.10.27 15:36:44.955,0.99975,0.99984,3.37,1.00
2017.10.27 15:36:45.109,0.99975,0.99987,3.56,5.25
2017.10.27 15:36:45.616,0.99975,0.99985,1.69,1.50
2017.10.27 15:36:45.977,0.99975,0.99985,1.69,1.50
2017.10.27 15:36:47.102,0.99975,0.99985,1.25,1.50
2017.10.27 15:36:47.410,0.99974,0.99981,1.19,1.00
2017.10.27 15:36:48.325,0.99974,0.99983,1.19,1.12
2017.10.27 15:36:48.377,0.99972,0.99983,1.31,2.25
2017.10.27 15:36:48.890,0.99972,0.99982,2.06,1.12
2017.10.27 15:36:50.082,0.99971,0.99981,1.31,2.25
2017.10.27 15:36:50.135,0.99971,0.99978,1.31,1.00
2017.10.27 15:36:50.548,0.99967,0.99975,1.69,1.00
2017.10.27 15:36:50.600,0.99965,0.99973,2.89,1.00
2017.10.27 15:36:50.911,0.99965,0.99976,1.50,2.25
2017.10.27 15:36:51.478,0.99966,0.99977,1.69,1.87
2017.10.27 15:36:51.530,0.99966,0.99976,3.38,1.00
2017.10.27 15:36:52.530,0.99968,0.99974,1.25,1.00
2017.10.27 15:36:52.869,0.99968,0.99972,1.00,1.00
2017.10.27 15:36:53.281,0.99965,0.99972,1.19,1.00
2017.10.27 15:36:53.834,0.99965,0.99973,1.19,1.00
2017.10.27 15:36:54.123,0.99965,0.99976,2.62,1.12
2017.10.27 15:36:54.225,0.99966,0.99974,1.50,1.00
2017.10.27 15:36:54.845,0.99967,0.99974,1.12,1.00
2017.10.27 15:36:55.001,0.99964,0.99972,1.31,1.00
2017.10.27 15:36:55.209,0.99964,0.99972,3.00,1.00
2017.10.27 15:36:55.724,0.99965,0.99975,2.81,1.12
2017.10.27 15:36:56.380,0.99965,0.99976,1.69,3.94
2017.10.27 15:36:56.840,0.99963,0.99971,3.94,1.00
2017.10.27 15:36:56.892,0.99963,0.99971,3.19,1.00
2017.10.27 15:36:58.078,0.99961,0.99972,5.44,1.00
2017.10.27 15:36:58.599,0.99961,0.99971,6.75,1.00
2017.10.27 15:36:58.856,0.99964,0.99973,1.25,1.00
2017.10.27 15:36:59.380,0.99963,0.99974,1.44,4.12
2017.10.27 15:37:00.081,0.99963,0.99974,2.25,2.25
2017.10.27 15:37:00.621,0.99965,0.99974,2.81,1.00
2017.10.27 15:37:01.257,0.99965,0.99977,3.37,3.75
2017.10.27 15:37:02.401,0.99965,0.99976,3.75,1.12
2017.10.27 15:37:02.951,0.99967,0.99977,1.25,1.00
2017.10.27 15:37:03.682,0.99967,0.99978,1.12,1.12
2017.10.27 15:37:03.887,0.99966,0.99975,1.12,1.75
2017.10.27 15:37:03.939,0.99964,0.99973,2.81,1.00
2017.10.27 15:37:04.450,0.99964,0.99973,1.44,1.00
2017.10.27 15:37:05.343,0.99964,0.99972,1.69,1.00
2017.10.27 15:37:06.060,0.99963,0.99972,3.00,1.00
2017.10.27 15:37:06.111,0.99963,0.9997,1.12,1.12
2017.10.27 15:37:06.420,0.99954,0.99964,1.19,2.25
2017.10.27 15:37:06.704,0.99951,0.99961,2.06,1.00
2017.10.27 15:37:06.858,0.99953,0.99961,1.00,1.00
2017.10.27 15:37:07.114,0.99951,0.9996,3.56,1.00
2017.10.27 15:37:07.471,0.99949,0.99958,1.37,1.12
2017.10.27 15:37:07.523,0.99945,0.99954,1.31,1.00
2017.10.27 15:37:07.625,0.99943,0.99954,1.31,1.12
2017.10.27 15:37:07.678,0.99944,0.99952,1.00,1.00
2017.10.27 15:37:08.224,0.99946,0.99954,1.44,1.00
2017.10.27 15:37:08.736,0.99945,0.99954,4.87,1.00
2017.10.27 15:37:08.839,0.99948,0.9996,1.69,2.62
2017.10.27 15:37:09.359,0.99948,0.9996,1.50,2.62
2017.10.27 15:37:09.412,0.99948,0.99957,1.50,1.00
2017.10.27 15:37:09.932,0.99947,0.99958,1.00,1.50
2017.10.27 15:37:10.447,0.99946,0.99959,1.00,6.56
2017.10.27 15:37:10.994,0.99947,0.99958,1.25,1.00
2017.10.27 15:37:11.458,0.99951,0.9996,1.00,1.00
2017.10.27 15:37:11.969,0.99951,0.99958,1.25,1.00
2017.10.27 15:37:12.174,0.99949,0.99957,2.25,1.00
2017.10.27 15:37:12.277,0.99947,0.99955,1.00,1.00
2017.10.27 15:37:12.795,0.99947,0.99956,1.00,1.00
2017.10.27 15:37:14.134,0.99945,0.99956,1.69,1.00
2017.10.27 15:37:14.445,0.99943,0.99952,1.50,1.00
2017.10.27 15:37:14.548,0.99944,0.99954,1.00,1.50
2017.10.27 15:37:15.012,0.99946,0.99954,1.00,1.00
2017.10.27 15:37:15.525,0.99945,0.99954,1.87,1.00
2017.10.27 15:37:15.914,0.99946,0.99957,1.00,1.87
2017.10.27 15:37:16.119,0.99947,0.99958,1.87,1.31
2017.10.27 15:37:16.632,0.9995,0.99957,1.00,1.00
2017.10.27 15:37:16.684,0.9995,0.99959,1.00,1.00
2017.10.27 15:37:17.340,0.9995,0.9996,1.13,1.00
2017.10.27 15:37:17.883,0.99952,0.99959,1.00,1.00
2017.10.27 15:37:18.410,0.99949,0.99959,2.44,3.60
2017.10.27 15:37:18.462,0.99945,0.99954,2.25,1.00
2017.10.27 15:37:18.514,0.99945,0.99957,2.44,1.50
2017.10.27 15:37:19.231,0.99945,0.99957,2.81,2.62
2017.10.27 15:37:20.871,0.99943,0.99955,2.06,2.81
2017.10.27 15:37:20.923,0.99943,0.99952,1.31,1.00
2017.10.27 15:37:22.017,0.99943,0.99952,1.00,1.00
2017.10.27 15:37:22.364,0.99943,0.9995,2.06,1.00
2017.10.27 15:37:22.570,0.99943,0.99952,2.63,1.00
2017.10.27 15:37:23.084,0.99943,0.99952,2.25,1.00
2017.10.27 15:37:23.601,0.99943,0.99952,2.25,1.00
2017.10.27 15:37:24.122,0.99943,0.99952,2.06,1.00
2017.10.27 15:37:25.338,0.99943,0.99951,2.06,1.00
2017.10.27 15:37:25.390,0.99941,0.9995,4.13,1.00
2017.10.27 15:37:25.910,0.99941,0.99949,2.63,1.00
2017.10.27 15:37:26.592,0.9994,0.99948,2.81,1.00
2017.10.27 15:37:26.645,0.9994,0.99951,2.06,1.87
2017.10.27 15:37:27.161,0.99941,0.99953,1.31,2.81
2017.10.27 15:37:27.706,0.99942,0.99953,1.00,2.06
2017.10.27 15:37:27.758,0.99945,0.99954,1.50,1.00
2017.10.27 15:37:27.810,0.99945,0.99956,2.63,1.12
2017.10.27 15:37:28.016,0.99948,0.99959,1.31,2.25
2017.10.27 15:37:28.520,0.99947,0.99958,1.12,1.00
2017.10.27 15:37:29.195,0.99946,0.99958,2.25,2.25
2017.10.27 15:37:29.544,0.99951,0.99961,1.00,1.12
2017.10.27 15:37:29.851,0.99955,0.99966,1.00,2.44
2017.10.27 15:37:30.260,0.99957,0.99966,1.00,1.00
2017.10.27 15:37:30.540,0.99962,0.99972,1.00,1.12
2017.10.27 15:37:30.696,0.9996,0.99971,1.00,1.00
2017.10.27 15:37:31.728,0.99961,0.99971,1.00,1.31
2017.10.27 15:37:32.240,0.9996,0.99971,2.25,1.00
2017.10.27 15:37:32.953,0.99962,0.99973,1.00,1.69
2017.10.27 15:37:33.471,0.99963,0.99974,1.50,3.19
2017.10.27 15:37:33.973,0.99962,0.99972,1.00,1.87
2017.10.27 15:37:34.476,0.99963,0.99973,1.00,1.00
2017.10.27 15:37:35.790,0.99964,0.99975,1.00,1.25
2017.10.27 15:37:35.964,0.99966,0.99975,1.00,1.00
2017.10.27 15:37:36.019,0.99967,0.99978,3.38,1.69
2017.10.27 15:37:36.432,0.99968,0.99979,3.56,1.12
2017.10.27 15:37:36.485,0.99969,0.99981,1.88,2.62
2017.10.27 15:37:36.884,0.99973,0.99982,1.12,1.19
2017.10.27 15:37:36.938,0.99973,0.99984,1.00,2.06
2017.10.27 15:37:37.454,0.99972,0.99984,2.81,1.69
2017.10.27 15:37:37.996,0.9997,0.99978,1.00,2.85
2017.10.27 15:37:38.052,0.99967,0.99977,1.12,1.00
2017.10.27 15:37:38.598,0.99966,0.99977,1.00,1.87
2017.10.27 15:37:39.111,0.99968,0.99978,1.50,1.00
2017.10.27 15:37:39.641,0.99967,0.99979,2.62,1.00
2017.10.27 15:37:40.643,0.99967,0.99978,1.12,1.00
2017.10.27 15:37:41.257,0.99967,0.99979,2.25,1.87
2017.10.27 15:37:41.589,0.99969,0.99981,2.06,2.44
2017.10.27 15:37:42.379,0.99968,0.99979,1.00,2.63
2017.10.27 15:37:42.843,0.99965,0.99976,1.87,1.50
2017.10.27 15:37:43.359,0.99964,0.99976,2.06,2.44
2017.10.27 15:37:45.160,0.99967,0.99976,1.50,1.50
2017.10.27 15:37:45.213,0.99966,0.99977,2.06,1.00
2017.10.27 15:37:46.233,0.99965,0.99976,1.12,2.48
2017.10.27 15:37:46.962,0.99964,0.99976,1.37,4.13
2017.10.27 15:37:47.168,0.99963,0.99974,1.12,1.88
2017.10.27 15:37:47.221,0.99965,0.99975,1.00,2.85
2017.10.27 15:37:47.901,0.99963,0.99973,1.00,3.75
2017.10.27 15:37:48.436,0.99962,0.99972,1.00,1.87
2017.10.27 15:37:49.073,0.99962,0.9997,1.00,1.37
2017.10.27 15:37:49.124,0.99958,0.99969,1.95,1.12
2017.10.27 15:37:49.176,0.99956,0.99967,1.19,1.87
2017.10.27 15:37:49.486,0.99954,0.99964,1.19,1.87
2017.10.27 15:37:49.588,0.99954,0.99964,1.69,1.87
2017.10.27 15:37:49.640,0.99956,0.99965,1.62,1.00
2017.10.27 15:37:49.813,0.99958,0.99969,1.88,1.37
2017.10.27 15:37:49.865,0.99958,0.99969,1.13,1.37
2017.10.27 15:37:50.022,0.9996,0.99969,1.00,1.37
2017.10.27 15:37:50.074,0.99961,0.99971,1.87,1.50
2017.10.27 15:37:51.166,0.99962,0.99971,1.00,1.12
2017.10.27 15:37:51.680,0.99963,0.99973,1.50,1.87
2017.10.27 15:37:52.345,0.99962,0.99973,1.00,1.37
2017.10.27 15:37:54.070,0.99965,0.99974,1.00,1.12
2017.10.27 15:37:54.392,0.99956,0.99967,1.31,2.47
2017.10.27 15:37:54.976,0.99958,0.99969,1.12,1.50
2017.10.27 15:37:55.492,0.99957,0.99969,1.69,4.87
2017.10.27 15:37:56.084,0.99957,0.99968,1.31,1.50
2017.10.27 15:37:56.191,0.99955,0.99966,1.25,3.00
2017.10.27 15:37:56.550,0.99955,0.99966,1.25,6.60
2017.10.27 15:37:57.101,0.99954,0.99964,1.00,3.00
2017.10.27 15:37:57.499,0.99952,0.99963,1.00,1.87
2017.10.27 15:38:00.508,0.99952,0.99963,1.00,3.00
2017.10.27 15:38:01.575,0.99951,0.99962,1.87,2.62
2017.10.27 15:38:02.290,0.99951,0.99961,1.12,1.00
2017.10.27 15:38:04.269,0.99951,0.99961,1.00,1.50
2017.10.27 15:38:04.680,0.99951,0.99963,2.44,2.81
2017.10.27 15:38:06.987,0.99951,0.99962,1.00,4.50
2017.10.27 15:38:08.037,0.99949,0.99959,1.50,1.25
2017.10.27 15:38:08.244,0.99951,0.99962,1.87,1.00
2017.10.27 15:38:08.772,0.99953,0.99965,3.94,1.50
2017.10.27 15:38:09.081,0.99957,0.99967,3.00,1.00
2017.10.27 15:38:09.594,0.99958,0.99968,1.87,1.00
2017.10.27 15:38:11.119,0.99959,0.99968,1.00,1.00
2017.10.27 15:38:11.323,0.99959,0.9997,1.50,1.50
2017.10.27 15:38:13.945,0.99959,0.9997,1.50,2.81
2017.10.27 15:38:14.092,0.99959,0.99969,1.50,1.67
2017.10.27 15:38:14.350,0.99956,0.99966,1.00,1.00
2017.10.27 15:38:14.952,0.99953,0.99963,2.06,1.00
2017.10.27 15:38:15.468,0.99953,0.99963,1.00,1.00
2017.10.27 15:38:15.786,0.99952,0.99961,1.25,1.00
2017.10.27 15:38:16.046,0.99947,0.99958,1.12,3.56
2017.10.27 15:38:16.967,0.99947,0.99957,1.12,1.60
2017.10.27 15:38:17.552,0.99945,0.99957,4.69,3.00
2017.10.27 15:38:17.860,0.99953,0.99964,1.25,1.37
2017.10.27 15:38:17.911,0.99953,0.99964,1.25,1.00
2017.10.27 15:38:18.427,0.99953,0.99963,1.87,1.00
2017.10.27 15:38:18.939,0.99953,0.99963,2.44,1.00
2017.10.27 15:38:19.527,0.99954,0.99964,1.12,1.00
2017.10.27 15:38:21.892,0.99954,0.99964,1.87,1.00
2017.10.27 15:38:22.213,0.99957,0.99968,1.50,1.25
2017.10.27 15:38:22.725,0.99957,0.99968,2.63,1.00
2017.10.27 15:38:22.778,0.99959,0.9997,1.50,1.25
2017.10.27 15:38:23.102,0.99966,0.99976,1.37,1.87
2017.10.27 15:38:23.463,0.99965,0.99976,1.69,1.00
2017.10.27 15:38:26.715,0.99965,0.99976,1.50,1.00
2017.10.27 15:38:28.216,0.99965,0.99976,1.00,1.12
2017.10.27 15:38:28.449,0.99963,0.99974,1.00,1.69
2017.10.27 15:38:29.292,0.99963,0.99973,1.00,1.50
2017.10.27 15:38:29.623,0.9996,0.99971,1.62,2.25
2017.10.27 15:38:29.830,0.99962,0.99973,1.88,1.12
2017.10.27 15:38:30.347,0.99963,0.99974,1.00,2.25
2017.10.27 15:38:30.858,0.99964,0.99973,1.00,1.00
2017.10.27 15:38:30.960,0.99965,0.99975,1.00,1.12
2017.10.27 15:38:31.114,0.99963,0.99975,1.50,3.37
2017.10.27 15:38:34.158,0.99963,0.99975,2.81,1.87
2017.10.27 15:38:34.673,0.99964,0.99975,1.31,1.12
2017.10.27 15:38:34.988,0.99966,0.99976,1.00,2.44
2017.10.27 15:38:35.534,0.99966,0.99976,1.00,2.06
2017.10.27 15:38:36.045,0.99967,0.99978,1.12,6.19
2017.10.27 15:38:36.345,0.99969,0.99981,2.63,3.00
2017.10.27 15:38:36.398,0.99969,0.99981,1.87,3.56
2017.10.27 15:38:36.811,0.99967,0.99977,1.12,1.00
2017.10.27 15:38:37.322,0.99965,0.99976,1.88,1.25
2017.10.27 15:38:37.850,0.99965,0.99977,1.00,4.31
2017.10.27 15:38:38.484,0.99965,0.99976,1.25,1.00
2017.10.27 15:38:39.941,0.99964,0.99976,2.06,2.25
2017.10.27 15:38:40.146,0.99965,0.99977,1.44,3.19
2017.10.27 15:38:40.659,0.99965,0.99977,1.69,3.19
2017.10.27 15:38:41.375,0.99965,0.99976,1.00,1.25
2017.10.27 15:38:43.192,0.99965,0.99977,1.87,2.06
2017.10.27 15:38:43.633,0.99966,0.99978,1.69,1.25
2017.10.27 15:38:44.404,0.99966,0.99978,2.44,1.50
2017.10.27 15:38:44.917,0.99967,0.99978,1.69,1.50
2017.10.27 15:38:45.428,0.99968,0.99978,1.50,1.00
2017.10.27 15:38:45.753,0.99968,0.9998,4.69,1.50
2017.10.27 15:38:45.902,0.9997,0.99981,1.00,4.12
2017.10.27 15:38:46.453,0.9997,0.99981,1.69,2.25
2017.10.27 15:38:48.580,0.9997,0.99981,3.00,2.25
2017.10.27 15:38:50.169,0.9997,0.99981,3.38,1.12
2017.10.27 15:38:50.221,0.99975,0.99987,2.25,3.19
2017.10.27 15:38:52.915,0.99975,0.99987,2.25,2.62
2017.10.27 15:38:53.426,0.99976,0.99988,1.31,4.88
2017.10.27 15:38:53.936,0.99977,0.99987,1.50,1.12
2017.10.27 15:38:55.546,0.9998,0.99988,1.31,1.00
2017.10.27 15:38:55.598,0.99978,0.99988,3.19,1.25
2017.10.27 15:38:55.804,0.99981,0.99989,1.37,2.62
2017.10.27 15:38:55.962,0.99978,0.99989,1.88,4.69
2017.10.27 15:38:56.218,0.9998,0.99991,1.25,2.62
2017.10.27 15:39:01.023,0.99977,0.99988,3.19,1.50
2017.10.27 15:39:01.186,0.99976,0.99987,3.19,3.00
2017.10.27 15:39:01.728,0.99976,0.99987,1.00,4.69
2017.10.27 15:39:02.259,0.99976,0.99987,1.00,4.31
2017.10.27 15:39:08.494,0.99976,0.99988,1.25,4.50
2017.10.27 15:39:09.006,0.99977,0.99988,1.13,3.00
2017.10.27 15:39:10.683,0.99978,0.99989,1.00,4.87
2017.10.27 15:39:10.735,0.99979,0.99991,3.94,5.62
2017.10.27 15:39:11.411,0.9998,0.99991,1.25,5.25
2017.10.27 15:39:11.929,0.99979,0.99991,2.44,3.37
2017.10.27 15:39:13.811,0.9998,0.99991,1.00,6.75
2017.10.27 15:39:14.016,0.9998,0.99989,1.00,4.12
2017.10.27 15:39:14.279,0.99977,0.99987,1.25,2.25
2017.10.27 15:39:14.793,0.99978,0.99987,1.00,1.87
2017.10.27 15:39:15.340,0.99976,0.99987,1.88,1.87
2017.10.27 15:39:16.410,0.99977,0.99987,2.06,1.12
2017.10.27 15:39:17.010,0.99978,0.99987,1.12,1.37
2017.10.27 15:39:17.215,0.99979,0.99988,1.50,1.00
2017.10.27 15:39:17.370,0.9998,0.9999,1.25,1.00
2017.10.27 15:39:17.847,0.99983,0.99993,1.00,1.00
2017.10.27 15:39:18.496,0.99984,0.99993,1.00,1.12
2017.10.27 15:39:18.928,0.99985,0.99995,1.00,1.50
2017.10.27 15:39:19.767,0.99985,0.99994,1.00,1.31
2017.10.27 15:39:20.082,0.99987,0.99996,1.50,3.00
2017.10.27 15:39:20.134,0.9999,0.99999,1.00,1.12
2017.10.27 15:39:20.340,0.99991,1.00001,2.81,1.12
2017.10.27 15:39:20.846,0.99991,1.00001,1.69,1.50
2017.10.27 15:39:24.159,0.99992,1.00003,1.69,5.25
2017.10.27 15:39:24.314,0.99995,1.00006,1.37,1.12
2017.10.27 15:39:24.822,0.99996,1.00006,1.31,1.37
2017.10.27 15:39:28.407,0.99996,1.00007,2.44,1.87
2017.10.27 15:39:28.928,0.99997,1.00007,1.00,1.37
2017.10.27 15:39:29.466,0.99996,1.00007,1.31,1.37
2017.10.27 15:39:29.996,0.99997,1.00007,1.00,1.37
2017.10.27 15:39:30.202,0.99999,1.0001,1.75,1.12
2017.10.27 15:39:30.356,0.99996,1.00007,1.12,3.00
2017.10.27 15:39:30.868,0.99995,1.00006,2.44,2.44
2017.10.27 15:39:31.395,0.99993,1.00004,1.56,2.44
2017.10.27 15:39:31.909,0.99994,1.00006,3.56,1.50
2017.10.27 15:39:33.964,0.99993,1.00004,1.31,1.00
2017.10.27 15:39:34.273,0.99992,1.00003,2.44,2.25
2017.10.27 15:39:34.429,0.99988,0.99998,1.50,2.25
2017.10.27 15:39:34.892,0.9999,1.0,1.00,1.87
2017.10.27 15:39:35.205,0.99989,0.99998,1.00,3.38
2017.10.27 15:39:35.707,0.99988,0.99997,1.12,1.12
2017.10.27 15:39:36.079,0.99986,0.99996,1.19,1.50
2017.10.27 15:39:37.302,0.99987,0.99996,1.25,1.12
2017.10.27 15:39:38.400,0.99988,0.99997,2.06,1.50
2017.10.27 15:39:42.067,0.99988,0.99997,1.00,1.50
2017.10.27 15:39:42.635,0.99988,0.99997,1.00,1.50
2017.10.27 15:39:43.148,0.99989,0.99998,1.00,6.00
2017.10.27 15:39:45.244,0.9999,1.00001,1.88,6.56
2017.10.27 15:39:45.806,0.99991,1.00001,1.25,1.50
2017.10.27 15:39:46.338,0.99993,1.00002,1.00,1.37
2017.10.27 15:39:46.390,0.99995,1.00004,1.12,1.00
2017.10.27 15:39:46.904,0.99996,1.00005,1.00,1.00
2017.10.27 15:39:47.766,0.99996,1.00007,1.00,3.75
2017.10.27 15:39:48.300,0.99995,1.00006,1.25,1.00
2017.10.27 15:39:48.554,0.99994,1.00004,1.31,1.12
2017.10.27 15:39:49.086,0.99994,1.00004,1.12,1.12
2017.10.27 15:39:50.051,0.99994,1.00005,1.12,3.94
2017.10.27 15:39:51.506,0.99993,1.00003,1.31,1.50
2017.10.27 15:39:51.816,0.9999,0.99998,1.00,1.12
2017.10.27 15:39:51.868,0.99988,0.99998,1.50,1.87
2017.10.27 15:39:52.409,0.99988,0.99998,1.12,1.50
2017.10.27 15:39:54.480,0.9999,0.99999,1.25,5.81
2017.10.27 15:39:54.533,0.9999,1.0,1.25,3.00
2017.10.27 15:39:55.047,0.9999,1.0,1.31,1.50
2017.10.27 15:39:56.414,0.99991,1.00001,2.06,1.87
2017.10.27 15:39:56.568,0.99991,1.00003,2.63,1.12
2017.10.27 15:39:57.097,0.99991,1.00003,2.44,1.50
2017.10.27 15:39:59.026,0.99991,1.00001,2.25,1.00
2017.10.27 15:39:59.337,0.99988,0.99998,1.00,3.00
2017.10.27 15:40:00.331,0.99988,0.99998,1.00,1.87
2017.10.27 15:40:02.323,0.99988,0.99998,1.00,2.25
2017.10.27 15:40:03.904,0.99987,0.99997,1.50,1.87
2017.10.27 15:40:05.335,0.99987,0.99997,1.12,2.25
2017.10.27 15:40:10.248,0.99987,0.99997,1.37,2.25
2017.10.27 15:40:10.800,0.99987,0.99997,1.62,2.25
2017.10.27 15:40:16.111,0.99987,0.99997,1.62,1.50
2017.10.27 15:40:16.856,0.99987,0.99997,1.87,1.12
2017.10.27 15:40:19.362,0.99988,0.99997,1.00,1.12
2017.10.27 15:40:19.899,0.99987,0.99997,1.31,1.12
2017.10.27 15:40:26.748,0.99988,0.99997,1.00,1.50
2017.10.27 15:40:28.867,0.99989,0.99999,2.29,2.25
2017.10.27 15:40:29.073,0.99991,1.00001,3.00,1.12
2017.10.27 15:40:30.700,0.9999,0.99999,1.31,2.81
2017.10.27 15:40:31.008,0.99988,0.99998,1.50,2.62
2017.10.27 15:40:32.483,0.99986,0.99997,1.56,1.50
2017.10.27 15:40:33.241,0.99985,0.99996,1.31,2.06
2017.10.27 15:40:33.599,0.99985,0.99996,1.12,2.44
2017.10.27 15:40:34.119,0.99983,0.99995,1.50,4.50
2017.10.27 15:40:35.446,0.99983,0.99995,1.31,3.00
2017.10.27 15:40:36.927,0.99983,0.99995,1.31,1.69
2017.10.27 15:40:37.552,0.99983,0.99995,1.31,1.50
2017.10.27 15:40:38.130,0.99985,0.99995,1.50,1.00
2017.10.27 15:40:38.442,0.99984,0.99995,1.25,1.00
2017.10.27 15:40:39.572,0.99983,0.99995,2.89,2.06
2017.10.27 15:40:40.137,0.99983,0.99995,2.89,1.69
2017.10.27 15:40:40.666,0.99983,0.99995,3.08,3.38
2017.10.27 15:40:41.341,0.99983,0.99995,3.08,1.69
2017.10.27 15:40:43.598,0.99983,0.99995,2.70,2.06
2017.10.27 15:40:44.133,0.99983,0.99995,2.51,2.25
2017.10.27 15:40:45.975,0.99983,0.99995,2.51,3.56
2017.10.27 15:40:46.546,0.99983,0.99995,2.51,3.00
2017.10.27 15:40:48.156,0.99983,0.99995,2.89,2.25
2017.10.27 15:40:48.722,0.99983,0.99995,2.89,2.25
2017.10.27 15:40:50.473,0.99985,0.99995,1.25,1.12
2017.10.27 15:40:50.974,0.99985,0.99995,1.12,1.44
2017.10.27 15:40:51.486,0.99985,0.99995,1.12,1.00
2017.10.27 15:40:52.055,0.99987,0.99997,1.00,1.87
2017.10.27 15:40:52.159,0.99984,0.99996,1.69,1.50
2017.10.27 15:40:52.417,0.99985,0.99997,1.12,3.19
2017.10.27 15:40:52.843,0.99984,0.99995,1.50,1.00
2017.10.27 15:40:53.356,0.99985,0.99996,3.38,1.00
2017.10.27 15:40:53.910,0.99986,0.99997,1.00,1.31
2017.10.27 15:40:55.921,0.99989,0.99998,1.05,1.00
2017.10.27 15:40:56.422,0.99989,0.99999,1.31,1.00
2017.10.27 15:40:56.747,0.99993,1.00003,1.25,2.62
2017.10.27 15:40:57.250,0.99993,1.00003,1.25,1.00
2017.10.27 15:40:59.102,0.99995,1.00005,1.50,1.00
2017.10.27 15:40:59.627,0.99995,1.00005,1.87,1.00
2017.10.27 15:40:59.679,0.99996,1.00007,1.87,1.31
2017.10.27 15:41:00.190,0.99994,1.00007,3.56,2.25
2017.10.27 15:41:00.692,0.99993,1.00006,4.01,2.81
2017.10.27 15:41:01.560,0.99995,1.00006,3.37,1.00
2017.10.27 15:41:02.078,0.99994,1.00006,2.44,2.63
2017.10.27 15:41:05.879,0.99994,1.00005,1.69,1.00
2017.10.27 15:41:06.523,0.99992,1.00002,2.06,1.50
2017.10.27 15:41:06.742,0.99989,1.00001,1.19,3.56
2017.10.27 15:41:07.829,0.99988,0.99998,2.63,1.00
2017.10.27 15:41:09.620,0.99989,0.99999,3.19,1.00
2017.10.27 15:41:09.674,0.9999,1.00002,2.06,1.25
2017.10.27 15:41:10.189,0.99991,1.00002,2.44,1.31
2017.10.27 15:41:11.015,0.99989,1.00001,3.19,2.81
2017.10.27 15:41:11.587,0.99989,1.00001,1.56,4.12
2017.10.27 15:41:11.894,0.99989,0.99999,1.81,1.00
2017.10.27 15:41:12.305,0.99987,0.99996,1.76,1.00
2017.10.27 15:41:12.589,0.99989,0.99999,1.19,1.00
2017.10.27 15:41:13.655,0.99988,0.99998,1.12,2.25
2017.10.27 15:41:13.919,0.99986,0.99997,1.50,2.63
2017.10.27 15:41:15.215,0.99985,0.99995,1.00,1.12
2017.10.27 15:41:18.822,0.99985,0.99995,2.63,1.00
2017.10.27 15:41:19.338,0.99985,0.99995,2.25,1.00
2017.10.27 15:41:19.758,0.99987,0.99997,1.00,2.44
2017.10.27 15:41:20.077,0.99988,0.99998,2.06,1.00
2017.10.27 15:41:21.120,0.99987,0.99997,2.06,1.00
2017.10.27 15:41:21.736,0.99987,0.99997,1.69,3.75
2017.10.27 15:41:22.161,0.99984,0.99995,1.69,1.00
2017.10.27 15:41:25.190,0.99983,0.99993,1.31,1.00
2017.10.27 15:41:25.414,0.99984,0.99995,2.63,1.00
2017.10.27 15:41:25.622,0.99983,0.99993,3.00,1.00
2017.10.27 15:41:25.725,0.99984,0.99995,1.69,1.00
2017.10.27 15:41:26.234,0.99987,0.99997,1.31,1.00
2017.10.27 15:41:30.988,0.99988,0.99999,2.62,1.00
2017.10.27 15:41:31.498,0.99988,0.99999,1.50,1.25
2017.10.27 15:41:32.507,0.99988,1.0,1.31,3.00
2017.10.27 15:41:33.617,0.99988,0.99999,1.50,1.00
2017.10.27 15:41:33.670,0.99987,0.99996,1.19,1.00
2017.10.27 15:41:33.723,0.99986,0.99995,1.00,1.31
2017.10.27 15:41:33.775,0.99984,0.99995,1.69,2.25
2017.10.27 15:41:34.303,0.99983,0.99994,1.69,2.44
2017.10.27 15:41:34.631,0.99983,0.99992,1.19,1.00
2017.10.27 15:41:37.569,0.99982,0.99992,1.00,2.62
2017.10.27 15:41:39.324,0.9998,0.99991,2.25,1.87
2017.10.27 15:41:39.376,0.99979,0.99989,3.37,1.50
2017.10.27 15:41:39.696,0.99982,0.99989,1.00,1.25
2017.10.27 15:41:39.850,0.99982,0.99992,1.00,1.50
2017.10.27 15:41:42.028,0.99983,0.99992,1.00,1.00
2017.10.27 15:41:42.567,0.99983,0.99993,1.50,1.50
2017.10.27 15:41:45.206,0.99984,0.99994,1.50,1.50
2017.10.27 15:41:45.732,0.99985,0.99995,1.88,1.50
2017.10.27 15:41:47.681,0.99985,0.99994,1.00,1.00
2017.10.27 15:41:48.201,0.99984,0.99994,1.00,1.69
2017.10.27 15:41:48.732,0.99984,0.99993,1.00,1.50
2017.10.27 15:41:50.162,0.99984,0.99994,1.50,1.00
2017.10.27 15:41:52.372,0.99984,0.99993,1.25,1.00
2017.10.27 15:41:52.526,0.99982,0.99992,1.00,1.88
2017.10.27 15:41:53.125,0.99981,0.99991,2.06,1.00
2017.10.27 15:41:55.691,0.99978,0.99987,1.31,1.12
2017.10.27 15:41:55.845,0.99978,0.99989,2.44,1.12
2017.10.27 15:41:56.637,0.99978,0.99988,1.25,1.50
2017.10.27 15:41:56.689,0.99976,0.99986,1.69,1.00
2017.10.27 15:41:56.741,0.99976,0.99986,1.25,1.00
2017.10.27 15:41:57.305,0.99976,0.99986,1.19,1.00
2017.10.27 15:42:00.170,0.99975,0.99987,2.44,3.94
2017.10.27 15:42:00.223,0.99975,0.99986,1.31,3.75
2017.10.27 15:42:00.734,0.99975,0.99986,1.31,3.56
2017.10.27 15:42:01.148,0.99972,0.99984,5.06,1.13
2017.10.27 15:42:01.200,0.99972,0.99984,3.94,1.69
2017.10.27 15:42:01.252,0.99972,0.99984,4.31,1.50
2017.10.27 15:42:02.968,0.99974,0.99985,1.13,4.31
2017.10.27 15:42:03.820,0.99975,0.99985,1.19,1.50
2017.10.27 15:42:04.361,0.99973,0.99985,2.81,3.94
2017.10.27 15:42:04.874,0.99973,0.99985,1.69,5.06
2017.10.27 15:42:05.383,0.99973,0.99984,1.50,1.00
2017.10.27 15:42:06.671,0.99973,0.99984,3.19,1.50
2017.10.27 15:42:07.193,0.99973,0.99984,3.37,1.00
2017.10.27 15:42:08.217,0.99974,0.99985,2.44,2.62
2017.10.27 15:42:08.728,0.99973,0.99984,1.69,1.00
2017.10.27 15:42:09.241,0.99974,0.99985,1.19,1.87
2017.10.27 15:42:09.763,0.99974,0.99984,1.19,1.00
2017.10.27 15:42:10.278,0.99973,0.99985,4.13,2.06
2017.10.27 15:42:12.089,0.99975,0.99986,1.31,2.62
2017.10.27 15:42:14.620,0.99974,0.99985,2.06,1.00
2017.10.27 15:42:15.658,0.99977,0.99987,3.04,1.50
2017.10.27 15:42:15.969,0.99976,0.99986,1.00,2.06
2017.10.27 15:42:16.492,0.99976,0.99987,1.00,2.44
2017.10.27 15:42:17.414,0.99977,0.99988,2.06,4.50
2017.10.27 15:42:17.722,0.99976,0.99986,1.25,1.00
2017.10.27 15:42:17.826,0.99977,0.99987,2.06,1.12
2017.10.27 15:42:18.236,0.99976,0.99986,1.00,1.00
2017.10.27 15:42:18.765,0.99976,0.99987,1.25,1.12
2017.10.27 15:42:18.970,0.99977,0.99987,1.50,1.87
2017.10.27 15:42:20.306,0.99976,0.99987,1.19,2.81
2017.10.27 15:42:20.358,0.99975,0.99986,1.44,2.25
2017.10.27 15:42:20.409,0.99977,0.99987,1.13,2.62
2017.10.27 15:42:20.716,0.99975,0.99986,1.87,1.12
2017.10.27 15:42:20.917,0.99977,0.99987,1.00,4.16
2017.10.27 15:42:22.327,0.99979,0.99988,1.00,1.00
2017.10.27 15:42:22.430,0.99981,0.99993,2.62,1.12
2017.10.27 15:42:22.949,0.99981,0.99992,2.44,1.00
2017.10.27 15:42:23.183,0.99984,0.99993,2.06,1.69
2017.10.27 15:42:23.389,0.99985,0.99995,1.12,1.50
2017.10.27 15:42:23.910,0.99983,0.99994,2.06,1.00
2017.10.27 15:42:24.698,0.99982,0.99992,3.19,1.00
2017.10.27 15:42:24.852,0.99982,0.99992,1.25,2.06
2017.10.27 15:42:25.659,0.9998,0.99991,3.75,1.25
2017.10.27 15:42:25.712,0.99978,0.99984,3.37,1.72
2017.10.27 15:42:25.872,0.99974,0.99985,4.69,2.85
2017.10.27 15:42:26.389,0.99976,0.99986,1.00,2.25
2017.10.27 15:42:26.853,0.99977,0.99988,1.50,4.12
2017.10.27 15:42:27.365,0.99976,0.99987,1.69,2.25
2017.10.27 15:42:28.387,0.9998,0.99989,1.00,1.50
2017.10.27 15:42:28.491,0.99984,0.99995,1.00,1.95
2017.10.27 15:42:29.332,0.99984,0.99995,2.81,1.12
2017.10.27 15:42:29.385,0.99987,0.99997,1.00,2.62
2017.10.27 15:42:29.900,0.99987,0.99997,1.50,1.50
2017.10.27 15:42:30.650,0.99987,0.99998,1.50,2.44
2017.10.27 15:42:30.753,0.99988,0.99999,1.31,1.12
2017.10.27 15:42:30.990,0.99989,1.00001,3.19,1.87
2017.10.27 15:42:32.618,0.9999,1.00001,1.00,1.31
2017.10.27 15:42:33.774,0.99991,1.00003,1.12,3.19
2017.10.27 15:42:35.651,0.99992,1.00003,2.25,1.00
2017.10.27 15:42:35.703,0.99995,1.00006,1.00,2.62
2017.10.27 15:42:35.883,0.99997,1.00009,1.25,3.75
2017.10.27 15:42:36.397,0.99995,1.00006,2.06,1.25
2017.10.27 15:42:36.504,0.99992,1.00004,3.94,1.44
2017.10.27 15:42:36.740,0.99991,1.00003,4.31,1.12
2017.10.27 15:42:37.261,0.99991,1.00003,3.56,1.69
2017.10.27 15:42:37.703,0.9999,1.00002,3.94,1.62
2017.10.27 15:42:37.755,0.9999,1.00002,3.94,3.37
2017.10.27 15:42:37.918,0.99993,1.00002,1.00,1.87
2017.10.27 15:42:37.970,0.99993,1.00004,1.00,3.37
2017.10.27 15:42:38.484,0.99992,1.00004,1.87,1.12
2017.10.27 15:42:39.505,0.99994,1.00006,1.00,6.94
2017.10.27 15:42:39.960,0.99994,1.00006,2.44,1.50
2017.10.27 15:42:40.497,0.99994,1.00006,3.37,1.50
2017.10.27 15:42:41.000,0.99994,1.00006,3.56,1.50
2017.10.27 15:42:42.045,0.99994,1.00006,2.62,1.50
2017.10.27 15:42:42.097,0.99998,1.00009,1.31,2.25
2017.10.27 15:42:42.609,0.99997,1.00009,2.06,1.69
2017.10.27 15:42:43.362,0.99995,1.00005,5.44,1.00
2017.10.27 15:42:43.414,0.99995,1.00005,2.06,1.00
2017.10.27 15:42:43.517,0.99994,1.00005,1.25,1.31
2017.10.27 15:42:43.939,0.99992,1.00004,1.31,2.25
2017.10.27 15:42:44.657,0.99994,1.00005,1.25,1.12
2017.10.27 15:42:45.181,0.99994,1.00005,1.31,2.44
2017.10.27 15:42:45.684,0.99994,1.00006,1.69,4.50
2017.10.27 15:42:48.234,0.99993,1.00005,2.06,3.60
2017.10.27 15:42:48.439,0.99995,1.00006,1.44,5.29
2017.10.27 15:42:48.684,0.99996,1.00008,1.19,4.50
2017.10.27 15:42:49.199,0.99995,1.00006,2.63,1.12
2017.10.27 15:42:49.741,0.99999,1.00007,1.12,2.25
2017.10.27 15:42:50.000,0.99995,1.00005,1.50,1.00
2017.10.27 15:42:50.565,0.99995,1.00006,1.88,1.00
2017.10.27 15:42:51.116,0.99995,1.00006,1.88,1.00
2017.10.27 15:42:51.667,0.99995,1.00005,1.00,1.00
2017.10.27 15:42:51.976,0.99993,1.00005,5.63,1.25
2017.10.27 15:42:52.531,0.99993,1.00005,3.00,3.75
2017.10.27 15:42:53.061,0.99993,1.00005,3.00,3.56
2017.10.27 15:42:53.581,0.99994,1.00005,1.50,2.25
2017.10.27 15:42:54.105,0.99994,1.00006,1.50,1.69
2017.10.27 15:42:54.252,0.99997,1.00008,2.25,2.70
2017.10.27 15:42:54.568,0.99995,1.00007,1.31,3.22
2017.10.27 15:42:54.619,0.99995,1.00007,1.31,2.47
2017.10.27 15:42:55.206,0.99996,1.00008,1.12,3.00
2017.10.27 15:42:55.746,0.99999,1.00011,2.29,2.02
2017.10.27 15:42:55.849,0.99999,1.00011,3.19,1.12
2017.10.27 15:42:55.900,0.99999,1.00008,1.00,1.35
2017.10.27 15:42:56.073,0.99997,1.00007,1.31,1.50
2017.10.27 15:42:56.586,0.99995,1.00006,2.81,1.50
2017.10.27 15:42:57.680,0.99995,1.00007,2.06,4.87
2017.10.27 15:42:59.417,0.99995,1.00006,2.06,1.25
2017.10.27 15:42:59.939,0.99995,1.00007,2.81,2.06
2017.10.27 15:43:00.146,0.99998,1.00009,2.06,2.25
2017.10.27 15:43:00.678,0.99998,1.0001,1.87,1.50
2017.10.27 15:43:01.200,0.99998,1.0001,3.00,2.62
2017.10.27 15:43:04.442,0.99999,1.00009,2.06,1.00
2017.10.27 15:43:07.700,0.99999,1.0001,1.31,2.25
2017.10.27 15:43:08.261,0.99999,1.00009,1.31,1.00
2017.10.27 15:43:08.774,1.0,1.00009,1.00,1.00
2017.10.27 15:43:09.091,1.00008,1.00013,1.00,1.50
2017.10.27 15:43:09.146,1.00009,1.00019,1.50,1.94
2017.10.27 15:43:09.346,1.00009,1.00018,1.00,1.87
2017.10.27 15:43:09.450,1.0001,1.00021,1.69,3.75
2017.10.27 15:43:09.503,1.00012,1.0002,1.12,1.00
2017.10.27 15:43:09.761,1.00013,1.00024,1.00,1.69
2017.10.27 15:43:10.301,1.00012,1.00025,2.25,3.56
2017.10.27 15:43:10.843,1.00012,1.00025,2.25,4.31
2017.10.27 15:43:11.904,1.00012,1.00025,2.06,2.25
2017.10.27 15:43:12.423,1.00012,1.00025,3.19,3.19
2017.10.27 15:43:13.556,1.00012,1.00025,2.25,4.69
2017.10.27 15:43:14.102,1.0001,1.00022,2.81,2.63
2017.10.27 15:43:14.617,1.00008,1.0002,4.31,2.85
2017.10.27 15:43:14.960,1.00001,1.00012,1.69,2.06
2017.10.27 15:43:15.319,0.99997,1.00008,1.62,3.00
2017.10.27 15:43:15.423,0.99995,1.00007,1.12,3.00
2017.10.27 15:43:15.934,0.99995,1.00005,1.25,1.00
2017.10.27 15:43:16.446,0.99994,1.00004,1.87,1.00
2017.10.27 15:43:17.151,0.99994,1.00004,1.00,1.12
2017.10.27 15:43:19.954,0.99994,1.00004,2.25,1.00
2017.10.27 15:43:20.179,0.99995,1.00007,1.31,1.39
2017.10.27 15:43:20.493,0.99992,0.99999,1.31,1.00
2017.10.27 15:43:20.546,0.9999,1.00001,1.56,4.12
2017.10.27 15:43:20.598,0.9999,1.00001,1.25,5.25
2017.10.27 15:43:20.703,0.99991,1.00001,1.88,1.00
2017.10.27 15:43:20.808,0.9999,1.0,1.88,1.00
2017.10.27 15:43:21.378,0.99989,0.99999,3.00,1.00
2017.10.27 15:43:22.386,0.99987,0.99998,2.25,1.00
2017.10.27 15:43:22.438,0.99986,0.99996,2.81,1.00
2017.10.27 15:43:22.646,0.99989,0.99999,1.87,2.25
2017.10.27 15:43:22.753,0.99986,0.99997,2.06,1.00
2017.10.27 15:43:22.806,0.99985,0.99997,1.56,3.94
2017.10.27 15:43:24.307,0.99984,0.99995,1.19,1.12
2017.10.27 15:43:24.358,0.99983,0.99994,1.56,1.00
2017.10.27 15:43:25.706,0.99981,0.99994,4.31,3.00
2017.10.27 15:43:26.242,0.99982,0.99994,1.69,1.87
2017.10.27 15:43:26.500,0.99981,0.99993,3.56,1.25
2017.10.27 15:43:27.015,0.99982,0.99994,1.00,2.81
2017.10.27 15:43:27.618,0.99982,0.99994,1.00,1.50
2017.10.27 15:43:28.130,0.99982,0.99994,1.00,1.12
2017.10.27 15:43:28.643,0.99981,0.99994,5.81,3.56
2017.10.27 15:43:29.007,0.99981,0.99992,1.12,2.44
2017.10.27 15:43:29.527,0.9998,0.99992,1.87,3.19
2017.10.27 15:43:30.054,0.99981,0.99992,1.00,2.06
2017.10.27 15:43:30.567,0.9998,0.99992,2.63,3.19
2017.10.27 15:43:30.882,0.99978,0.99989,1.12,1.69
2017.10.27 15:43:31.394,0.99977,0.99988,1.00,1.12
2017.10.27 15:43:32.519,0.99976,0.99988,2.81,1.00
2017.10.27 15:43:33.321,0.99976,0.99988,3.00,1.00
2017.10.27 15:43:33.785,0.99975,0.99988,2.44,4.13
2017.10.27 15:43:34.094,0.99979,0.9999,1.00,1.10
2017.10.27 15:43:34.622,0.99979,0.99991,1.50,3.00
2017.10.27 15:43:36.311,0.99977,0.99987,1.69,1.00
2017.10.27 15:43:36.416,0.99974,0.99986,3.19,2.25
2017.10.27 15:43:36.921,0.99973,0.99985,3.75,1.50
2017.10.27 15:43:37.461,0.99974,0.99986,1.31,1.87
2017.10.27 15:43:37.978,0.99975,0.99987,1.25,3.19
2017.10.27 15:43:38.482,0.99974,0.99986,2.44,1.00
2017.10.27 15:43:39.535,0.99974,0.99985,1.87,1.25
2017.10.27 15:43:40.051,0.99974,0.99986,3.56,1.25
2017.10.27 15:43:40.616,0.99974,0.99983,1.00,1.00
2017.10.27 15:43:40.720,0.99972,0.99984,1.50,3.75
2017.10.27 15:43:41.148,0.9997,0.99982,3.94,1.12
2017.10.27 15:43:41.302,0.99969,0.9998,1.00,1.12
2017.10.27 15:43:41.836,0.99968,0.9998,3.94,1.50
2017.10.27 15:43:42.146,0.99972,0.99983,1.12,2.44
2017.10.27 15:43:42.467,0.9997,0.99982,1.69,3.56
2017.10.27 15:43:46.287,0.99969,0.9998,1.31,2.25
2017.10.27 15:43:46.723,0.99968,0.99979,1.50,2.81
2017.10.27 15:43:46.983,0.99969,0.9998,1.87,3.56
2017.10.27 15:43:47.502,0.9997,0.99982,1.50,6.38
2017.10.27 15:43:49.987,0.99969,0.9998,1.00,1.31
2017.10.27 15:43:50.749,0.9997,0.9998,1.00,1.12
2017.10.27 15:43:52.419,0.99969,0.9998,1.12,1.31
2017.10.27 15:43:52.944,0.99969,0.9998,1.12,2.44
2017.10.27 15:43:53.503,0.99969,0.9998,1.12,2.25
2017.10.27 15:43:54.251,0.99969,0.9998,1.69,1.25
2017.10.27 15:43:55.771,0.99968,0.9998,3.56,1.25
2017.10.27 15:43:56.093,0.9997,0.99981,1.12,2.44
2017.10.27 15:43:57.247,0.9997,0.99982,1.50,3.64
2017.10.27 15:43:57.300,0.99971,0.99982,1.50,1.95
2017.10.27 15:44:00.855,0.99972,0.99984,1.50,3.38
2017.10.27 15:44:02.909,0.99972,0.99984,2.62,3.00
2017.10.27 15:44:02.961,0.99974,0.99986,3.75,4.88
2017.10.27 15:44:03.476,0.99975,0.99986,1.87,1.00
2017.10.27 15:44:04.318,0.99976,0.99987,1.12,2.44
2017.10.27 15:44:04.830,0.99976,0.99986,1.00,1.50
2017.10.27 15:44:06.697,0.99976,0.99987,1.12,3.75
2017.10.27 15:44:07.209,0.99976,0.99987,1.00,3.56
2017.10.27 15:44:08.117,0.99975,0.99986,1.12,1.12
2017.10.27 15:44:08.663,0.99976,0.99986,1.00,4.12
2017.10.27 15:44:09.426,0.99974,0.99985,2.06,1.00
2017.10.27 15:44:13.123,0.99974,0.99984,1.00,1.50
2017.10.27 15:44:13.636,0.99974,0.99984,1.00,1.12
2017.10.27 15:44:14.485,0.99975,0.99985,1.12,3.37
2017.10.27 15:44:15.016,0.99976,0.99986,1.00,1.95
2017.10.27 15:44:15.273,0.99977,0.99987,1.25,1.00
2017.10.27 15:44:15.786,0.99977,0.99988,1.31,2.44
2017.10.27 15:44:18.304,0.99977,0.99988,1.12,2.81
2017.10.27 15:44:18.837,0.99977,0.99987,1.12,1.50
2017.10.27 15:44:20.486,0.99977,0.99986,1.12,2.06
2017.10.27 15:44:21.669,0.99976,0.99986,1.00,2.10
2017.10.27 15:44:22.210,0.99976,0.99985,1.00,1.50
2017.10.27 15:44:22.846,0.99976,0.99985,1.00,1.87
2017.10.27 15:44:25.097,0.99974,0.99985,1.00,4.50
2017.10.27 15:44:25.201,0.99974,0.99985,1.50,2.62
2017.10.27 15:44:25.724,0.99974,0.99985,1.00,2.62
2017.10.27 15:44:26.232,0.99976,0.99986,1.12,1.50
2017.10.27 15:44:27.986,0.99974,0.99985,1.12,1.87
2017.10.27 15:44:28.191,0.99974,0.99983,1.00,1.12
2017.10.27 15:44:28.700,0.99973,0.99983,1.00,2.25
2017.10.27 15:44:29.983,0.99973,0.99983,1.00,2.25
2017.10.27 15:44:33.745,0.99972,0.99982,1.00,1.69
2017.10.27 15:44:33.848,0.9997,0.99981,3.00,1.00
2017.10.27 15:44:34.352,0.9997,0.9998,1.00,1.88
2017.10.27 15:44:34.939,0.99969,0.99979,1.00,1.00
2017.10.27 15:44:35.206,0.99966,0.99976,2.44,1.12
2017.10.27 15:44:35.919,0.99966,0.99976,1.87,1.00
2017.10.27 15:44:38.095,0.99962,0.99972,2.51,1.31
2017.10.27 15:44:38.306,0.99959,0.9997,1.00,1.31
2017.10.27 15:44:38.822,0.99959,0.9997,1.25,1.88
2017.10.27 15:44:39.813,0.99957,0.99967,1.00,1.12
2017.10.27 15:44:40.120,0.99955,0.99967,2.44,3.00
2017.10.27 15:44:40.982,0.99955,0.99967,2.06,2.62
2017.10.27 15:44:41.501,0.99955,0.99967,3.56,2.25
2017.10.27 15:44:42.302,0.99955,0.99967,2.81,2.25
2017.10.27 15:44:42.868,0.99955,0.99967,3.56,2.25
2017.10.27 15:44:43.644,0.99955,0.99967,2.81,2.25
2017.10.27 15:44:44.149,0.99955,0.99967,4.88,1.87
2017.10.27 15:44:44.968,0.99958,0.99968,1.00,3.19
2017.10.27 15:44:45.298,0.99956,0.99965,2.81,1.00
2017.10.27 15:44:45.352,0.99962,0.99972,1.38,2.81
2017.10.27 15:44:45.404,0.99963,0.99973,1.25,1.50
2017.10.27 15:44:45.609,0.99961,0.99973,3.75,4.12
2017.10.27 15:44:47.153,0.99962,0.99972,1.00,1.50
2017.10.27 15:44:48.960,0.99961,0.99972,1.87,1.50
2017.10.27 15:44:49.474,0.99962,0.99972,1.00,1.50
2017.10.27 15:44:49.994,0.99961,0.99973,2.81,2.25
2017.10.27 15:44:51.130,0.99962,0.99973,1.00,2.63
2017.10.27 15:44:51.819,0.9996,0.99972,2.81,3.38
2017.10.27 15:44:54.367,0.99956,0.99965,1.35,1.00
2017.10.27 15:44:54.470,0.99954,0.99965,2.25,1.12
2017.10.27 15:44:54.726,0.9996,0.9997,1.00,2.70
2017.10.27 15:44:54.778,0.99961,0.9997,1.00,1.87
2017.10.27 15:44:55.326,0.9996,0.99971,1.12,1.50
2017.10.27 15:44:55.841,0.9996,0.99971,1.00,2.25
2017.10.27 15:44:58.333,0.9996,0.99971,2.25,1.00
2017.10.27 15:44:59.155,0.9996,0.99972,3.75,2.62
2017.10.27 15:44:59.708,0.99962,0.99973,1.25,2.06
2017.10.27 15:45:00.281,0.99962,0.99973,1.25,1.31
2017.10.27 15:45:00.848,0.99962,0.99973,1.00,2.25
2017.10.27 15:45:01.779,0.99962,0.99973,1.00,4.50
2017.10.27 15:45:03.402,0.99961,0.99971,1.00,1.13
2017.10.27 15:45:03.923,0.9996,0.99971,1.12,2.62
2017.10.27 15:45:04.232,0.99957,0.99966,1.30,1.12
2017.10.27 15:45:04.336,0.99955,0.99965,1.00,1.31
2017.10.27 15:45:04.668,0.99952,0.99963,1.25,2.93
2017.10.27 15:45:05.493,0.99951,0.99961,1.37,1.00
2017.10.27 15:45:05.994,0.99951,0.99962,2.06,1.37
2017.10.27 15:45:06.655,0.99952,0.99962,1.00,1.37
2017.10.27 15:45:07.240,0.99951,0.99962,2.06,1.37
2017.10.27 15:45:07.770,0.99951,0.99962,1.87,2.25
2017.10.27 15:45:08.079,0.99947,0.99959,1.69,3.56
2017.10.27 15:45:08.596,0.99948,0.99959,1.00,1.87
2017.10.27 15:45:09.108,0.99946,0.99959,2.44,1.87
2017.10.27 15:45:09.215,0.99945,0.99956,2.44,1.50
2017.10.27 15:45:09.722,0.99946,0.99956,1.12,2.62
2017.10.27 15:45:09.826,0.99948,0.99956,3.19,2.25
2017.10.27 15:45:09.930,0.99949,0.99961,1.12,1.69
2017.10.27 15:45:10.395,0.99952,0.99963,1.69,1.56
2017.10.27 15:45:10.909,0.99952,0.99964,1.31,3.56
2017.10.27 15:45:11.258,0.99956,0.99967,1.12,1.87
2017.10.27 15:45:11.676,0.9996,0.99971,2.25,1.94
2017.10.27 15:45:11.873,0.9996,0.99971,3.00,1.12
2017.10.27 15:45:14.680,0.9996,0.99972,3.00,2.25
2017.10.27 15:45:15.688,0.9996,0.99971,4.50,1.00
2017.10.27 15:45:16.208,0.9996,0.99971,3.00,1.00
2017.10.27 15:45:17.983,0.99961,0.99971,1.00,1.00
2017.10.27 15:45:19.099,0.9996,0.99971,3.19,1.00
2017.10.27 15:45:22.049,0.99961,0.99971,1.13,1.00
2017.10.27 15:45:22.727,0.99961,0.99972,1.00,3.94
2017.10.27 15:45:23.702,0.99961,0.99971,1.00,1.00
2017.10.27 15:45:23.805,0.99959,0.99971,4.12,3.19
2017.10.27 15:45:24.267,0.99958,0.99967,1.00,1.69
2017.10.27 15:45:24.574,0.99957,0.99967,1.00,1.69
2017.10.27 15:45:25.314,0.99958,0.99968,1.31,3.37
2017.10.27 15:45:25.368,0.99958,0.99968,1.50,3.37
2017.10.27 15:45:25.988,0.99958,0.99968,1.50,1.12
2017.10.27 15:45:27.636,0.9996,0.99969,1.00,1.12
2017.10.27 15:45:28.951,0.9996,0.99969,1.00,1.50
2017.10.27 15:45:29.799,0.9996,0.9997,1.00,1.69
2017.10.27 15:45:30.299,0.99963,0.99972,1.00,3.56
2017.10.27 15:45:31.767,0.99962,0.99971,1.00,2.66
2017.10.27 15:45:32.282,0.99961,0.99969,1.00,1.12
2017.10.27 15:45:33.172,0.99961,0.99969,1.00,1.37
2017.10.27 15:45:33.788,0.99961,0.99969,1.00,1.00
2017.10.27 15:45:34.338,0.99962,0.9997,1.00,1.25
2017.10.27 15:45:35.014,0.99961,0.99969,1.00,1.69
2017.10.27 15:45:35.614,0.99956,0.99965,1.00,2.63
2017.10.27 15:45:40.410,0.99958,0.99967,2.85,1.50
2017.10.27 15:45:40.734,0.99962,0.99969,1.00,2.25
2017.10.27 15:45:40.790,0.99958,0.99968,1.19,3.23
2017.10.27 15:45:41.509,0.99957,0.99968,1.25,3.41
2017.10.27 15:45:44.687,0.99957,0.99969,1.25,3.00
2017.10.27 15:45:45.048,0.99956,0.99965,1.69,1.00
2017.10.27 15:45:46.318,0.99956,0.99965,1.00,3.00
2017.10.27 15:45:46.849,0.99956,0.99966,1.69,2.81
2017.10.27 15:45:47.468,0.99956,0.99964,1.69,1.00
2017.10.27 15:45:47.993,0.99956,0.99963,1.25,1.00
2017.10.27 15:45:48.624,0.99952,0.99958,1.12,1.00
2017.10.27 15:45:48.779,0.99947,0.99954,1.69,1.00
2017.10.27 15:45:49.322,0.99946,0.99954,1.25,1.00
2017.10.27 15:45:49.744,0.99946,0.99956,1.50,1.12
2017.10.27 15:45:49.795,0.99946,0.99954,1.50,1.00
2017.10.27 15:45:50.311,0.99946,0.99955,1.25,1.00
2017.10.27 15:45:51.348,0.99946,0.99956,1.25,1.00
2017.10.27 15:45:51.962,0.99945,0.99956,1.69,1.25
2017.10.27 15:45:52.569,0.99946,0.99956,1.25,1.25
2017.10.27 15:45:53.340,0.99945,0.99955,2.06,1.00
2017.10.27 15:45:53.647,0.99947,0.99957,3.37,1.31
2017.10.27 15:45:54.115,0.99948,0.99959,1.31,2.63
2017.10.27 15:45:54.620,0.99948,0.99959,1.69,1.00
2017.10.27 15:45:55.221,0.99948,0.99959,1.50,1.50
2017.10.27 15:45:55.790,0.99953,0.99962,1.00,1.37
2017.10.27 15:45:56.303,0.99954,0.99961,1.00,1.12
2017.10.27 15:45:57.400,0.99954,0.99962,1.00,3.19
2017.10.27 15:45:57.903,0.99954,0.99961,1.00,1.00
2017.10.27 15:45:58.754,0.99953,0.9996,1.00,1.00
2017.10.27 15:45:58.806,0.9995,0.9996,1.06,1.00
2017.10.27 15:45:58.960,0.99953,0.9996,1.00,1.00
2017.10.27 15:45:59.063,0.99953,0.99962,1.00,1.87
2017.10.27 15:45:59.552,0.99951,0.99958,1.00,1.00
2017.10.27 15:45:59.603,0.99948,0.99957,1.50,1.12
2017.10.27 15:45:59.912,0.9995,0.99957,1.25,2.47
2017.10.27 15:46:00.441,0.9995,0.99958,1.25,2.81
2017.10.27 15:46:00.925,0.9995,0.99957,1.25,1.37
2017.10.27 15:46:01.339,0.9995,0.99958,2.25,1.12
2017.10.27 15:46:01.878,0.99951,0.99959,1.00,1.37
2017.10.27 15:46:02.421,0.99951,0.99959,1.00,1.12
2017.10.27 15:46:04.114,0.99951,0.9996,1.00,1.12
2017.10.27 15:46:06.949,0.99951,0.99961,1.50,2.62
2017.10.27 15:46:07.208,0.99954,0.99962,1.12,1.00
2017.10.27 15:46:07.515,0.99955,0.99964,1.00,1.00
2017.10.27 15:46:08.111,0.99955,0.99965,1.25,2.25
2017.10.27 15:46:08.772,0.99955,0.99965,2.25,2.25
2017.10.27 15:46:09.377,0.99955,0.99965,3.19,1.12
2017.10.27 15:46:09.481,0.99956,0.99966,1.44,1.00
2017.10.27 15:46:09.789,0.99958,0.99968,2.25,1.12
2017.10.27 15:46:10.045,0.99956,0.99967,2.06,3.19
2017.10.27 15:46:11.904,0.99956,0.99965,1.25,1.50
2017.10.27 15:46:16.206,0.99956,0.99964,1.25,2.44
2017.10.27 15:46:16.515,0.99954,0.99963,1.25,3.00
2017.10.27 15:46:18.506,0.99953,0.99963,1.69,2.25
2017.10.27 15:46:19.952,0.99954,0.99963,1.25,2.25
2017.10.27 15:46:20.275,0.99952,0.99959,1.25,1.30
2017.10.27 15:46:20.480,0.9995,0.99959,1.25,4.50
2017.10.27 15:46:22.040,0.9995,0.9996,2.06,3.19
2017.10.27 15:46:22.607,0.9995,0.99961,1.69,4.69
2017.10.27 15:46:23.216,0.9995,0.99959,1.25,1.12
2017.10.27 15:46:24.567,0.9995,0.99958,1.25,3.37
2017.10.27 15:46:24.790,0.99948,0.99957,1.25,4.31
2017.10.27 15:46:33.133,0.99949,0.99958,1.00,1.00
2017.10.27 15:46:33.655,0.99949,0.99959,1.12,1.12
2017.10.27 15:46:34.683,0.99949,0.99958,1.00,1.00
2017.10.27 15:46:34.839,0.99947,0.99957,1.25,3.37
2017.10.27 15:46:34.966,0.99947,0.99957,3.56,3.75
2017.10.27 15:46:35.472,0.9995,0.99958,2.25,2.25
2017.10.27 15:46:35.691,0.9995,0.9996,2.81,1.00
2017.10.27 15:46:36.491,0.99951,0.99961,1.00,1.87
2017.10.27 15:46:37.564,0.99952,0.99962,1.13,1.87
2017.10.27 15:46:37.766,0.99954,0.99964,1.00,1.50
2017.10.27 15:46:38.393,0.99954,0.99964,1.00,1.12
2017.10.27 15:46:38.801,0.99958,0.99968,1.00,1.00
2017.10.27 15:46:48.827,0.99957,0.99967,1.31,1.00
2017.10.27 15:46:52.170,0.99957,0.99967,1.87,1.50
2017.10.27 15:46:52.778,0.99958,0.99968,1.00,3.00
2017.10.27 15:46:53.212,0.99956,0.99966,1.69,3.97
2017.10.27 15:46:53.731,0.99956,0.99964,1.00,1.00
2017.10.27 15:46:55.300,0.99956,0.99966,1.25,4.54
2017.10.27 15:46:57.168,0.99956,0.99964,1.25,1.00
2017.10.27 15:46:59.764,0.99955,0.99964,1.12,1.00
2017.10.27 15:47:00.385,0.99956,0.99964,1.25,1.00
2017.10.27 15:47:00.933,0.99955,0.99963,1.25,1.00
2017.10.27 15:47:01.295,0.99954,0.99961,1.25,1.00
2017.10.27 15:47:01.605,0.99952,0.99961,1.25,3.56
2017.10.27 15:47:07.978,0.99952,0.99962,1.00,3.00
2017.10.27 15:47:08.596,0.99951,0.99962,1.50,3.75
2017.10.27 15:47:08.701,0.9995,0.99958,1.69,1.00
2017.10.27 15:47:08.807,0.99947,0.99957,2.81,1.12
2017.10.27 15:47:09.331,0.9995,0.99957,1.25,1.00
2017.10.27 15:47:10.660,0.99949,0.99957,1.25,1.00
2017.10.27 15:47:11.172,0.9995,0.99958,1.25,3.00
2017.10.27 15:47:11.731,0.9995,0.99958,1.25,2.25
2017.10.27 15:47:13.578,0.9995,0.99957,1.25,1.00
2017.10.27 15:47:14.188,0.9995,0.99958,1.25,3.56
2017.10.27 15:47:15.544,0.9995,0.99958,1.25,2.63
2017.10.27 15:47:16.567,0.99949,0.99957,1.25,1.12
2017.10.27 15:47:17.077,0.99949,0.99958,1.25,3.23
2017.10.27 15:47:17.588,0.9995,0.99958,1.25,3.79
2017.10.27 15:47:19.459,0.9995,0.99961,2.06,1.88
2017.10.27 15:47:22.128,0.99951,0.99962,1.69,3.36
2017.10.27 15:47:27.850,0.99949,0.99955,1.00,1.72
2017.10.27 15:47:28.159,0.99943,0.99952,1.69,2.62
2017.10.27 15:47:29.085,0.99943,0.9995,1.69,1.00
2017.10.27 15:47:33.941,0.99943,0.9995,1.00,1.87
2017.10.27 15:47:34.358,0.9994,0.99944,1.50,1.00
2017.10.27 15:47:34.412,0.99932,0.99942,1.00,1.37
2017.10.27 15:47:36.132,0.99931,0.9994,1.69,1.37
2017.10.27 15:47:49.946,0.9993,0.99938,1.81,1.12
2017.10.27 15:47:50.497,0.99929,0.99939,11.48,1.12
2017.10.27 15:47:54.742,0.9993,0.99938,1.56,1.00
2017.10.27 15:48:00.222,0.99931,0.99939,1.31,1.12
2017.10.27 15:48:04.329,0.99931,0.9994,1.31,1.87
2017.10.27 15:48:04.879,0.99931,0.9994,1.31,1.87
2017.10.27 15:48:06.993,0.99935,0.9994,1.56,1.12
2017.10.27 15:48:07.096,0.99932,0.99939,1.31,1.00
2017.10.27 15:48:07.148,0.99932,0.99939,2.81,1.00
2017.10.27 15:48:08.600,0.99932,0.99939,1.50,1.00
2017.10.27 15:48:11.221,0.99933,0.99939,1.87,1.00
2017.10.27 15:48:11.732,0.99932,0.99939,1.50,1.00
2017.10.27 15:48:12.244,0.99932,0.99938,1.25,1.00
2017.10.27 15:48:20.648,0.99931,0.99938,1.87,1.00
2017.10.27 15:48:20.752,0.99933,0.99939,1.87,1.50
2017.10.27 15:48:20.950,0.99933,0.99941,2.81,1.50
2017.10.27 15:48:24.050,0.99932,0.9994,3.00,1.00
2017.10.27 15:48:27.131,0.99932,0.99938,1.25,1.00
2017.10.27 15:48:32.589,0.99931,0.99935,1.00,1.00
2017.10.27 15:48:32.640,0.99928,0.99935,1.25,1.50
2017.10.27 15:48:32.693,0.99926,0.99932,1.12,1.00
2017.10.27 15:48:33.003,0.99924,0.9993,1.25,1.00
2017.10.27 15:48:33.549,0.99925,0.9993,1.25,1.00
2017.10.27 15:48:33.960,0.99923,0.9993,1.25,1.87
2017.10.27 15:48:34.496,0.99923,0.99928,1.25,1.12
2017.10.27 15:48:35.709,0.99924,0.99929,1.25,1.37
2017.10.27 15:48:36.293,0.99923,0.99929,1.25,1.37
2017.10.27 15:48:36.839,0.99924,0.99929,1.25,1.37
2017.10.27 15:48:39.490,0.99923,0.99929,1.25,1.37
2017.10.27 15:48:40.072,0.99924,0.99929,1.25,1.37
2017.10.27 15:48:42.048,0.99923,0.99929,1.25,1.37
2017.10.27 15:48:43.314,0.99924,0.99929,1.00,1.37
2017.10.27 15:48:45.730,0.99924,0.99929,1.00,1.00
2017.10.27 15:48:45.988,0.99924,0.99931,1.25,1.50
2017.10.27 15:48:47.405,0.99923,0.99931,1.50,1.50
2017.10.27 15:48:48.185,0.99924,0.99931,1.25,1.50
2017.10.27 15:48:50.589,0.99923,0.99931,1.50,1.00
2017.10.27 15:48:51.093,0.99924,0.99931,1.69,1.00
2017.10.27 15:48:51.870,0.99923,0.9993,1.12,1.00
2017.10.27 15:48:52.075,0.99923,0.99929,1.00,1.37
2017.10.27 15:48:52.612,0.99923,0.99929,1.25,1.50
2017.10.27 15:48:53.149,0.99922,0.99929,1.25,1.50
2017.10.27 15:48:54.684,0.99921,0.99927,1.12,1.00
2017.10.27 15:48:54.736,0.99916,0.99926,3.56,1.50
2017.10.27 15:48:54.788,0.9992,0.99926,1.00,1.50
2017.10.27 15:48:54.942,0.99918,0.99926,1.25,1.87
2017.10.27 15:48:55.502,0.99918,0.99925,1.25,1.00
2017.10.27 15:48:56.339,0.99918,0.99925,1.25,1.87
2017.10.27 15:48:56.929,0.99919,0.99925,1.25,1.87
2017.10.27 15:48:58.319,0.99918,0.99925,1.25,1.87
2017.10.27 15:49:00.762,0.99919,0.99925,1.25,1.87
2017.10.27 15:49:01.325,0.9992,0.99925,1.25,1.87
2017.10.27 15:49:01.738,0.99918,0.99925,1.25,1.87
2017.10.27 15:49:02.298,0.99918,0.99925,1.25,1.87
2017.10.27 15:49:05.174,0.99918,0.99926,1.87,1.00
2017.10.27 15:49:05.489,0.9992,0.99926,2.44,1.00
2017.10.27 15:49:05.593,0.99917,0.99925,2.25,1.00
2017.10.27 15:49:07.458,0.99917,0.99925,1.25,1.00
2017.10.27 15:49:07.970,0.99917,0.99924,1.87,1.00
2017.10.27 15:49:08.835,0.99917,0.99923,1.12,1.00
2017.10.27 15:49:09.701,0.99917,0.99925,3.00,1.00
2017.10.27 15:49:10.248,0.99917,0.99925,2.63,1.50
2017.10.27 15:49:10.687,0.99917,0.99925,2.44,1.00
2017.10.27 15:49:11.056,0.99924,0.9993,1.25,2.25
2017.10.27 15:49:11.363,0.99925,0.99932,1.00,1.12
2017.10.27 15:49:11.885,0.99924,0.99932,1.31,1.00
2017.10.27 15:49:12.407,0.99925,0.99933,2.06,1.00
2017.10.27 15:49:15.145,0.99925,0.99934,2.25,1.87
2017.10.27 15:49:19.336,0.99925,0.99933,1.44,1.00
2017.10.27 15:49:19.949,0.99925,0.99932,1.44,1.00
2017.10.27 15:49:21.580,0.99925,0.9993,1.25,1.00
2017.10.27 15:49:22.131,0.99924,0.9993,1.25,1.87
2017.10.27 15:49:23.548,0.99925,0.9993,1.25,1.87
2017.10.27 15:49:25.342,0.99924,0.99929,1.25,1.00
2017.10.27 15:49:25.549,0.99919,0.99925,1.25,1.12
2017.10.27 15:49:26.105,0.99918,0.99925,1.25,1.87
2017.10.27 15:49:26.878,0.99917,0.99925,1.12,1.87
2017.10.27 15:49:27.610,0.99917,0.99924,1.12,1.00
2017.10.27 15:49:27.663,0.99917,0.99922,1.25,1.00
2017.10.27 15:49:28.175,0.99917,0.99921,1.25,1.00
2017.10.27 15:49:29.319,0.99916,0.99921,1.25,1.00
2017.10.27 15:49:31.507,0.99915,0.99921,1.25,1.00
2017.10.27 15:49:31.558,0.99912,0.99921,3.00,1.00
2017.10.27 15:49:32.103,0.99913,0.99921,1.12,1.37
2017.10.27 15:49:39.103,0.99915,0.99921,1.00,1.00
2017.10.27 15:49:39.619,0.99915,0.99922,1.25,1.50
2017.10.27 15:49:42.798,0.99915,0.99923,2.62,1.00
2017.10.27 15:49:45.831,0.99915,0.99922,1.12,1.00
2017.10.27 15:49:47.226,0.99915,0.99921,1.25,1.12
2017.10.27 15:49:47.770,0.99914,0.9992,1.25,1.12
2017.10.27 15:49:55.508,0.99915,0.99921,1.25,1.87
2017.10.27 15:50:04.002,0.99915,0.99922,1.00,1.87
2017.10.27 15:50:11.582,0.99915,0.99922,1.02,1.37
2017.10.27 15:50:12.092,0.99914,0.99922,1.25,1.87
2017.10.27 15:50:13.041,0.99913,0.99922,1.21,1.87
2017.10.27 15:50:13.584,0.99914,0.99922,1.25,1.87
2017.10.27 15:50:17.178,0.99915,0.99922,1.25,1.00
2017.10.27 15:50:18.246,0.99914,0.99923,2.14,1.00
2017.10.27 15:50:18.447,0.99915,0.99923,1.21,1.00
2017.10.27 15:50:19.234,0.99914,0.99923,3.46,1.00
2017.10.27 15:50:19.805,0.99914,0.99923,1.96,1.37
2017.10.27 15:50:21.081,0.99914,0.99922,1.25,1.37
2017.10.27 15:50:22.069,0.99914,0.99919,1.25,1.00
2017.10.27 15:50:22.480,0.99908,0.99916,3.56,1.00
2017.10.27 15:50:22.532,0.99906,0.99914,2.44,1.00
2017.10.27 15:50:22.918,0.99904,0.99911,1.19,1.00
2017.10.27 15:50:24.955,0.99904,0.99911,1.25,1.00
2017.10.27 15:50:25.456,0.99904,0.9991,1.25,1.00
2017.10.27 15:50:26.330,0.99902,0.99909,1.25,1.37
2017.10.27 15:50:26.536,0.999,0.99908,1.25,1.12
2017.10.27 15:50:27.040,0.999,0.99907,1.25,1.00
2017.10.27 15:50:27.556,0.99901,0.99907,1.25,1.00
2017.10.27 15:50:30.138,0.99902,0.99907,1.62,1.00
2017.10.27 15:50:30.657,0.99902,0.99908,1.08,1.00
2017.10.27 15:50:31.163,0.99902,0.99909,1.50,1.00
2017.10.27 15:50:31.628,0.99903,0.9991,1.87,1.00
2017.10.27 15:50:31.952,0.99907,0.99915,1.33,1.37
2017.10.27 15:50:32.465,0.99907,0.99914,1.00,1.12
2017.10.27 15:50:32.870,0.99907,0.99914,2.62,1.00
2017.10.27 15:50:32.925,0.99908,0.99917,2.25,1.37
2017.10.27 15:50:33.028,0.99906,0.99913,1.69,1.00
2017.10.27 15:50:33.540,0.99908,0.99913,1.00,1.00
2017.10.27 15:50:39.216,0.99907,0.99913,1.25,1.50
2017.10.27 15:50:39.906,0.99908,0.99913,1.25,1.50
2017.10.27 15:50:40.364,0.99906,0.99912,1.25,1.12
2017.10.27 15:50:40.468,0.99904,0.9991,1.25,1.00
2017.10.27 15:50:40.971,0.99905,0.9991,1.25,1.00
2017.10.27 15:50:42.446,0.99904,0.9991,1.25,1.87
2017.10.27 15:50:43.790,0.99904,0.99911,2.63,1.00
2017.10.27 15:50:44.300,0.99904,0.99912,2.81,1.00
2017.10.27 15:50:48.837,0.99904,0.99912,1.50,1.87
2017.10.27 15:50:52.437,0.99904,0.99912,3.00,1.50
2017.10.27 15:50:53.064,0.99904,0.99912,2.44,1.50
2017.10.27 15:50:55.552,0.99904,0.99912,3.94,1.00
2017.10.27 15:50:59.817,0.99906,0.99913,1.31,1.00
2017.10.27 15:51:00.150,0.99908,0.99917,4.13,1.50
2017.10.27 15:51:00.255,0.99908,0.99914,1.25,1.00
2017.10.27 15:51:00.609,0.99907,0.99912,1.25,1.00
2017.10.27 15:51:00.818,0.99904,0.9991,1.25,1.00
2017.10.27 15:51:01.130,0.99902,0.99909,1.25,1.50
2017.10.27 15:51:02.180,0.99903,0.99909,1.25,1.50
2017.10.27 15:51:02.702,0.99904,0.99909,1.00,1.50
2017.10.27 15:51:03.749,0.99903,0.99909,1.25,1.50
2017.10.27 15:51:04.151,0.99899,0.99907,1.12,1.00
2017.10.27 15:51:05.253,0.99898,0.99906,2.63,1.00
2017.10.27 15:51:09.074,0.99897,0.99906,2.06,1.50
2017.10.27 15:51:09.237,0.99897,0.99904,2.06,1.00
2017.10.27 15:51:11.814,0.99897,0.99903,1.00,1.00
2017.10.27 15:51:11.866,0.99893,0.999,1.00,1.00
2017.10.27 15:51:11.918,0.99891,0.99899,1.25,1.37
2017.10.27 15:51:15.819,0.99891,0.99899,1.50,1.87
2017.10.27 15:51:16.745,0.99891,0.99899,2.25,1.00
2017.10.27 15:51:17.273,0.99891,0.99899,1.87,1.00
2017.10.27 15:51:21.597,0.99891,0.99899,2.06,1.00
2017.10.27 15:51:22.391,0.99891,0.99899,1.69,1.00
2017.10.27 15:51:22.935,0.99892,0.99901,1.87,1.87
2017.10.27 15:51:23.877,0.99891,0.999,3.56,1.12
2017.10.27 15:51:24.997,0.99892,0.999,1.25,1.12
2017.10.27 15:51:26.815,0.9989,0.99898,2.25,1.37
2017.10.27 15:51:27.492,0.99891,0.99898,1.12,1.00
2017.10.27 15:51:32.145,0.9989,0.99897,2.41,1.00
2017.10.27 15:51:32.538,0.99887,0.99895,1.54,2.05
2017.10.27 15:51:32.591,0.99883,0.99891,1.00,2.25
2017.10.27 15:51:32.850,0.99879,0.99886,1.00,1.38
2017.10.27 15:51:32.902,0.99879,0.99887,1.00,1.00
2017.10.27 15:51:33.550,0.99879,0.99888,1.12,1.87
2017.10.27 15:51:35.471,0.99888,0.99892,1.31,2.44
2017.10.27 15:51:35.574,0.9989,0.99893,1.25,1.00
2017.10.27 15:51:35.626,0.99888,0.99893,2.81,1.00
2017.10.27 15:51:36.056,0.99889,0.99895,1.00,1.00
2017.10.27 15:51:36.686,0.99888,0.99896,1.25,3.37
2017.10.27 15:51:37.369,0.99885,0.99893,1.12,1.12
2017.10.27 15:51:37.421,0.99885,0.9989,1.25,1.00
2017.10.27 15:51:37.473,0.99883,0.99889,1.25,1.00
2017.10.27 15:51:37.995,0.99882,0.99889,1.25,1.00
2017.10.27 15:51:38.385,0.99881,0.99887,1.25,1.00
2017.10.27 15:51:38.694,0.99879,0.99886,1.25,1.00
2017.10.27 15:51:39.108,0.99872,0.99877,1.00,1.00
2017.10.27 15:51:39.162,0.99863,0.99875,5.62,1.12
2017.10.27 15:51:39.215,0.99867,0.99875,1.31,1.50
2017.10.27 15:51:39.731,0.99868,0.99874,1.25,1.00
2017.10.27 15:51:40.326,0.99868,0.99875,1.87,1.00
2017.10.27 15:51:40.378,0.99868,0.99878,1.31,1.12
2017.10.27 15:51:40.635,0.99868,0.99876,1.25,1.00
2017.10.27 15:51:44.627,0.99867,0.99876,1.31,1.00
2017.10.27 15:51:45.164,0.99868,0.99876,1.25,1.00
2017.10.27 15:51:45.419,0.99868,0.99878,1.50,1.50
2017.10.27 15:51:45.950,0.99868,0.99877,1.31,1.00
2017.10.27 15:51:47.451,0.99867,0.99877,1.31,1.00
2017.10.27 15:51:48.004,0.99868,0.99876,1.25,1.00
2017.10.27 15:51:49.662,0.99865,0.99872,1.25,1.50
2017.10.27 15:51:49.970,0.99864,0.9987,1.25,1.00
2017.10.27 15:51:50.228,0.99862,0.9987,1.25,1.00
2017.10.27 15:51:50.977,0.99862,0.99868,1.25,1.00
2017.10.27 15:51:51.029,0.99859,0.99866,1.25,1.00
2017.10.27 15:51:51.080,0.99859,0.99864,1.25,1.00
2017.10.27 15:51:51.596,0.99858,0.99864,1.25,1.00
2017.10.27 15:51:52.114,0.99858,0.99865,1.25,1.50
2017.10.27 15:51:52.533,0.99858,0.99867,1.31,1.00
2017.10.27 15:51:53.052,0.99858,0.99866,1.31,1.00
2017.10.27 15:51:54.235,0.99858,0.99865,1.25,1.00
2017.10.27 15:51:54.750,0.99858,0.99864,1.00,1.00
2017.10.27 15:51:55.301,0.99858,0.99866,1.31,1.50
2017.10.27 15:51:57.078,0.99856,0.99862,1.25,1.00
2017.10.27 15:51:57.650,0.99855,0.99862,1.25,1.00
2017.10.27 15:51:59.767,0.99854,0.99862,1.25,1.00
2017.10.27 15:52:00.074,0.99856,0.99862,1.25,1.00
2017.10.27 15:52:00.617,0.99856,0.99863,1.00,1.00
2017.10.27 15:52:01.187,0.99856,0.99864,1.31,1.50
2017.10.27 15:52:01.701,0.99856,0.99864,1.50,1.00
2017.10.27 15:52:01.909,0.99859,0.99868,1.88,1.12
2017.10.27 15:52:03.197,0.99859,0.99868,1.88,1.00
2017.10.27 15:52:03.353,0.9986,0.9987,3.38,1.00
2017.10.27 15:52:03.876,0.9986,0.99871,4.31,1.50
2017.10.27 15:52:05.002,0.99861,0.99871,1.13,1.50
2017.10.27 15:52:05.312,0.99863,0.99872,1.00,1.00
2017.10.27 15:52:05.827,0.99863,0.99873,2.25,1.50
2017.10.27 15:52:06.290,0.99866,0.99873,1.12,1.00
2017.10.27 15:52:06.342,0.99866,0.99876,1.13,2.25
2017.10.27 15:52:06.394,0.99865,0.99874,1.50,1.00
2017.10.27 15:52:06.919,0.99865,0.99874,2.44,1.00
2017.10.27 15:52:07.437,0.99865,0.99875,3.56,1.50
2017.10.27 15:52:08.211,0.99866,0.99876,1.63,1.00
2017.10.27 15:52:10.381,0.99867,0.99876,5.25,1.00
2017.10.27 15:52:10.705,0.99869,0.99878,1.44,1.00
2017.10.27 15:52:11.339,0.99869,0.99878,1.25,1.00
2017.10.27 15:52:19.556,0.99867,0.99876,3.00,1.12
2017.10.27 15:52:19.894,0.99867,0.99873,1.00,1.00
2017.10.27 15:52:20.639,0.99867,0.99874,1.31,1.87
2017.10.27 15:52:20.856,0.99866,0.99876,2.06,1.50
2017.10.27 15:52:21.371,0.99867,0.99875,1.31,1.00
2017.10.27 15:52:24.881,0.99866,0.99874,1.25,1.50
2017.10.27 15:52:25.419,0.99867,0.99873,1.25,1.12
2017.10.27 15:52:25.955,0.99866,0.99873,1.25,1.12
2017.10.27 15:52:27.632,0.99867,0.99872,1.25,1.00
2017.10.27 15:52:28.232,0.99866,0.99872,1.25,1.00
2017.10.27 15:52:29.055,0.99866,0.99871,1.25,1.00
2017.10.27 15:52:31.516,0.99867,0.99871,1.25,1.00
2017.10.27 15:52:31.921,0.99863,0.99869,1.25,1.00
2017.10.27 15:52:32.433,0.99863,0.9987,1.25,1.12
2017.10.27 15:52:32.641,0.99861,0.99869,1.25,1.87
2017.10.27 15:52:38.747,0.9986,0.99869,1.31,1.87
2017.10.27 15:52:40.219,0.9986,0.99869,2.44,1.12
2017.10.27 15:52:41.658,0.99861,0.99868,1.25,1.00
2017.10.27 15:52:42.182,0.99861,0.99867,1.25,1.50
2017.10.27 15:52:42.828,0.9986,0.99867,1.25,1.50
2017.10.27 15:52:43.375,0.99861,0.99867,1.25,1.50
2017.10.27 15:52:44.343,0.9986,0.99867,1.25,1.87
2017.10.27 15:52:44.893,0.99859,0.99867,1.31,1.87
2017.10.27 15:52:45.646,0.99859,0.99864,1.25,2.25
2017.10.27 15:52:45.698,0.99856,0.99863,1.31,1.12
2017.10.27 15:52:46.239,0.99855,0.99863,1.25,1.12
2017.10.27 15:52:46.290,0.99857,0.99863,1.25,1.12
2017.10.27 15:52:47.008,0.99856,0.99864,1.62,1.50
2017.10.27 15:52:49.041,0.99856,0.99864,1.25,1.87
2017.10.27 15:52:50.116,0.99856,0.99864,1.25,2.62
2017.10.27 15:52:50.852,0.99855,0.99863,1.25,1.12
2017.10.27 15:52:51.414,0.99855,0.99862,1.25,1.00
2017.10.27 15:52:53.107,0.99854,0.99861,1.25,2.25
2017.10.27 15:52:54.850,0.99847,0.99854,3.19,3.98
2017.10.27 15:52:55.234,0.99825,0.99829,2.06,1.12
2017.10.27 15:52:55.287,0.9982,0.99829,3.00,1.87
2017.10.27 15:52:55.757,0.9982,0.99829,1.50,1.12
2017.10.27 15:52:56.005,0.99818,0.99826,1.37,1.50
2017.10.27 15:52:56.058,0.99816,0.99826,1.50,1.25
2017.10.27 15:52:56.576,0.99821,0.99827,1.00,1.00
2017.10.27 15:52:56.681,0.99821,0.99831,1.87,1.56
2017.10.27 15:52:57.073,0.99823,0.99833,4.31,1.87
2017.10.27 15:52:57.127,0.99824,0.99834,1.25,1.20
2017.10.27 15:52:57.639,0.99824,0.99835,1.69,2.44
2017.10.27 15:52:58.202,0.99828,0.99836,1.00,2.44
2017.10.27 15:52:58.511,0.99834,0.9984,1.50,2.25
2017.10.27 15:52:58.718,0.99834,0.99844,1.31,1.00
2017.10.27 15:52:59.220,0.99834,0.99845,1.31,1.69
2017.10.27 15:53:00.130,0.99835,0.99845,1.12,1.12
2017.10.27 15:53:00.182,0.99838,0.99848,1.00,1.69
2017.10.27 15:53:00.284,0.99839,0.99848,1.12,1.25
2017.10.27 15:53:04.082,0.99841,0.99849,1.87,1.19
2017.10.27 15:53:04.325,0.99844,0.99854,2.25,1.25
2017.10.27 15:53:07.207,0.99848,0.99858,1.00,1.69
2017.10.27 15:53:07.721,0.99846,0.99858,5.25,3.19
2017.10.27 15:53:07.825,0.99845,0.99856,1.50,1.69
2017.10.27 15:53:08.343,0.99843,0.99853,3.19,1.31
2017.10.27 15:53:08.395,0.99842,0.99852,1.12,1.00
2017.10.27 15:53:09.358,0.99842,0.99852,2.81,1.00
2017.10.27 15:53:13.026,0.99843,0.99854,1.12,1.31
2017.10.27 15:53:13.776,0.99841,0.99852,3.00,1.12
2017.10.27 15:53:15.246,0.99842,0.99853,2.25,1.31
2017.10.27 15:53:15.297,0.99846,0.99856,1.00,5.81
2017.10.27 15:53:15.868,0.99845,0.99856,1.50,6.56
2017.10.27 15:53:16.385,0.99846,0.99856,1.00,6.19
2017.10.27 15:53:16.438,0.99843,0.99854,2.25,1.69
2017.10.27 15:53:17.173,0.99842,0.99852,1.50,1.50
2017.10.27 15:53:17.740,0.99841,0.99851,1.88,1.00
2017.10.27 15:53:24.150,0.99842,0.99852,1.00,1.87
2017.10.27 15:53:30.712,0.99841,0.99851,1.31,1.00
2017.10.27 15:53:31.716,0.99841,0.99851,2.44,1.00
2017.10.27 15:53:32.376,0.99841,0.99851,2.25,1.00
2017.10.27 15:53:33.229,0.99841,0.99851,2.44,1.00
2017.10.27 15:53:33.738,0.99841,0.99851,2.25,1.00
2017.10.27 15:53:34.494,0.9984,0.99847,2.62,2.85
2017.10.27 15:53:34.855,0.99833,0.99842,1.63,1.00
2017.10.27 15:53:35.374,0.99833,0.99844,1.63,1.69
2017.10.27 15:53:35.834,0.99832,0.99843,1.50,1.12
2017.10.27 15:53:36.529,0.99832,0.99843,1.44,2.25
2017.10.27 15:53:37.348,0.99832,0.99843,1.25,1.12
2017.10.27 15:53:38.029,0.99832,0.99843,1.44,1.12
2017.10.27 15:53:39.530,0.99832,0.99843,1.25,1.50
2017.10.27 15:53:42.838,0.99834,0.99844,1.00,1.31
2017.10.27 15:53:43.147,0.99837,0.99848,1.50,1.31
2017.10.27 15:53:43.683,0.99839,0.9985,1.50,1.69
2017.10.27 15:53:43.992,0.99833,0.99844,1.12,3.79
2017.10.27 15:53:44.513,0.99832,0.99843,1.88,2.81
2017.10.27 15:53:45.459,0.99828,0.99837,3.37,2.10
2017.10.27 15:53:45.511,0.99827,0.99837,1.12,1.13
2017.10.27 15:53:47.700,0.99827,0.99835,1.00,1.12
2017.10.27 15:53:47.753,0.99824,0.99835,1.87,1.87
2017.10.27 15:53:48.266,0.99824,0.99835,1.00,3.19
2017.10.27 15:53:50.496,0.99825,0.99835,1.00,1.62
2017.10.27 15:53:51.091,0.99824,0.99835,2.25,2.06
2017.10.27 15:53:52.040,0.99825,0.99835,1.00,2.06
2017.10.27 15:53:52.589,0.99826,0.99836,1.00,1.31
2017.10.27 15:53:53.708,0.99827,0.99837,1.27,1.31
2017.10.27 15:53:53.760,0.9983,0.99839,1.50,1.50
2017.10.27 15:53:54.305,0.99828,0.99839,4.87,1.87
2017.10.27 15:53:54.357,0.99825,0.99835,1.50,1.25
2017.10.27 15:53:54.614,0.99824,0.99837,3.19,2.81
2017.10.27 15:53:55.142,0.99824,0.99837,3.94,3.75
2017.10.27 15:53:55.683,0.99826,0.99837,4.13,1.19
2017.10.27 15:53:56.195,0.99826,0.99837,4.13,1.19
2017.10.27 15:53:56.821,0.99826,0.99837,4.13,1.19
2017.10.27 15:53:57.343,0.99826,0.99837,4.13,1.19
2017.10.27 15:53:57.764,0.99831,0.99843,2.44,2.81
2017.10.27 15:53:57.919,0.99833,0.99843,1.00,2.06
2017.10.27 15:53:59.800,0.99831,0.99839,1.50,1.12
2017.10.27 15:53:59.851,0.99828,0.99839,1.37,2.44
2017.10.27 15:54:00.370,0.99827,0.99839,3.56,2.06
2017.10.27 15:54:00.835,0.99828,0.99839,1.37,4.31
2017.10.27 15:54:01.345,0.99829,0.99839,1.63,1.19
2017.10.27 15:54:05.297,0.99828,0.99839,1.87,2.44
2017.10.27 15:54:06.003,0.99829,0.99839,1.37,1.19
2017.10.27 15:54:09.340,0.9983,0.99839,1.37,1.12
2017.10.27 15:54:16.061,0.9983,0.99839,1.37,1.50
2017.10.27 15:54:17.097,0.9983,0.9984,4.88,1.69
2017.10.27 15:54:17.626,0.99832,0.9984,1.00,1.69
2017.10.27 15:54:18.797,0.99833,0.99841,1.00,3.75
2017.10.27 15:54:21.910,0.99836,0.99843,1.50,1.19
2017.10.27 15:54:21.962,0.99836,0.99844,2.06,1.00
2017.10.27 15:54:22.372,0.99836,0.99846,3.75,1.50
2017.10.27 15:54:23.909,0.99836,0.99845,1.87,1.37
2017.10.27 15:54:24.217,0.99835,0.99844,1.12,4.35
2017.10.27 15:54:24.841,0.99833,0.99842,1.12,1.12
2017.10.27 15:54:26.891,0.99836,0.99843,1.00,1.69
2017.10.27 15:54:26.943,0.99836,0.99845,2.06,1.37
2017.10.27 15:54:27.464,0.99837,0.99845,1.12,1.00
2017.10.27 15:54:27.984,0.99837,0.99845,1.00,1.37
2017.10.27 15:54:28.972,0.99837,0.99845,1.25,1.12
2017.10.27 15:54:30.962,0.99837,0.99845,1.00,1.37
2017.10.27 15:54:33.235,0.99837,0.99845,1.00,1.12
2017.10.27 15:54:33.914,0.99837,0.99846,1.00,3.94
2017.10.27 15:54:34.441,0.99837,0.99846,1.87,3.00
2017.10.27 15:54:36.431,0.99837,0.99846,1.87,1.12
2017.10.27 15:54:37.254,0.99842,0.99847,1.00,1.37
2017.10.27 15:54:37.411,0.99861,0.9987,1.50,1.69
2017.10.27 15:54:37.515,0.99862,0.99871,2.25,1.00
2017.10.27 15:54:40.028,0.99862,0.99872,2.51,1.00
2017.10.27 15:54:41.943,0.99862,0.99872,1.95,2.25
2017.10.27 15:54:43.261,0.99863,0.99872,1.57,1.87
2017.10.27 15:54:43.787,0.99863,0.99873,1.20,1.37
2017.10.27 15:54:44.534,0.99864,0.99873,1.20,1.12
2017.10.27 15:54:46.949,0.99863,0.99874,1.20,2.44
2017.10.27 15:54:47.450,0.99863,0.99873,1.45,1.12
2017.10.27 15:54:51.330,0.99863,0.99872,1.20,1.00
2017.10.27 15:54:51.434,0.99861,0.99872,1.95,1.88
2017.10.27 15:54:51.959,0.99861,0.99872,1.57,1.50
2017.10.27 15:54:52.472,0.99861,0.99872,1.95,1.31
2017.10.27 15:54:52.799,0.99861,0.9987,1.57,1.12
2017.10.27 15:54:53.905,0.9986,0.99867,2.62,1.50
2017.10.27 15:54:54.009,0.99855,0.99864,1.45,1.35
2017.10.27 15:54:54.112,0.99854,0.99863,1.20,1.25
2017.10.27 15:54:54.623,0.99854,0.99864,1.20,2.44
2017.10.27 15:54:56.123,0.99854,0.99864,1.20,4.31
2017.10.27 15:54:56.590,0.99855,0.99865,1.20,1.50
2017.10.27 15:54:57.299,0.99855,0.99866,1.20,2.25
2017.10.27 15:54:57.612,0.99857,0.99866,1.20,1.00
2017.10.27 15:54:57.924,0.99861,0.9987,1.20,1.12
2017.10.27 15:54:58.282,0.99857,0.99867,2.70,1.50
2017.10.27 15:54:58.590,0.9986,0.99871,1.45,5.25
2017.10.27 15:54:58.920,0.99859,0.99869,1.20,4.69
2017.10.27 15:54:59.441,0.99859,0.99869,1.20,3.94
2017.10.27 15:54:59.952,0.99859,0.99868,1.20,1.50
2017.10.27 15:55:00.469,0.99858,0.99868,1.39,1.50
2017.10.27 15:55:02.843,0.99858,0.99867,1.20,1.00
2017.10.27 15:55:03.204,0.99859,0.9987,1.58,1.87
2017.10.27 15:55:03.755,0.9986,0.9987,1.20,1.50
2017.10.27 15:55:05.974,0.99861,0.9987,1.20,1.00
2017.10.27 15:55:06.733,0.9986,0.99869,1.45,1.12
2017.10.27 15:55:06.835,0.99859,0.9987,2.32,3.75
2017.10.27 15:55:07.296,0.9986,0.9987,1.20,3.56
2017.10.27 15:55:07.675,0.99859,0.9987,2.32,3.37
2017.10.27 15:55:08.180,0.9986,0.9987,1.20,2.62
2017.10.27 15:55:08.766,0.9986,0.9987,1.20,3.37
2017.10.27 15:55:13.721,0.9986,0.99871,2.32,1.87
2017.10.27 15:55:14.256,0.99862,0.99871,1.20,1.00
2017.10.27 15:55:14.795,0.99862,0.99872,1.20,4.69
2017.10.27 15:55:15.451,0.99862,0.99872,1.20,5.44
2017.10.27 15:55:17.093,0.99863,0.99873,1.10,1.12
2017.10.27 15:55:17.198,0.99865,0.99874,1.20,2.06
2017.10.27 15:55:17.707,0.99866,0.99875,1.20,1.50
2017.10.27 15:55:18.731,0.99865,0.99874,1.20,1.00
2017.10.27 15:55:19.064,0.99864,0.99872,1.20,1.31
2017.10.27 15:55:21.520,0.99864,0.99873,1.20,2.44
2017.10.27 15:55:22.031,0.99865,0.99875,1.00,2.44
2017.10.27 15:55:22.543,0.99866,0.99876,1.20,3.75
2017.10.27 15:55:23.183,0.99866,0.99876,1.45,1.12
2017.10.27 15:55:23.597,0.99869,0.99878,1.20,1.37
2017.10.27 15:55:24.269,0.99869,0.99879,1.39,1.00
2017.10.27 15:55:26.248,0.9987,0.9988,1.20,4.31
2017.10.27 15:55:26.552,0.9987,0.9988,1.57,2.25
2017.10.27 15:55:27.963,0.99868,0.9988,6.00,2.06
2017.10.27 15:55:28.247,0.99868,0.99879,1.25,1.50
2017.10.27 15:55:29.146,0.99868,0.99879,1.25,1.12
2017.10.27 15:55:29.713,0.99868,0.99879,1.12,2.06
2017.10.27 15:55:31.148,0.99867,0.99879,1.25,3.75
2017.10.27 15:55:31.496,0.99864,0.99876,2.25,4.12
2017.10.27 15:55:32.016,0.99865,0.99876,1.00,3.37
2017.10.27 15:55:33.050,0.99864,0.99876,2.81,3.75
2017.10.27 15:55:33.573,0.99864,0.99876,3.75,4.88
2017.10.27 15:55:34.155,0.99864,0.99876,2.06,5.06
2017.10.27 15:55:35.310,0.99864,0.99876,1.88,4.12
2017.10.27 15:55:35.613,0.99864,0.99876,3.94,3.75
2017.10.27 15:55:40.710,0.99864,0.99876,3.56,3.75
2017.10.27 15:55:41.225,0.99866,0.99876,1.00,1.12
2017.10.27 15:55:53.224,0.99864,0.99876,2.25,3.37
2017.10.27 15:55:53.535,0.99864,0.99875,1.50,1.87
2017.10.27 15:55:55.398,0.99866,0.99876,1.00,1.87
2017.10.27 15:55:59.079,0.99866,0.99876,1.00,2.25
2017.10.27 15:55:59.632,0.99866,0.99876,1.00,2.25
2017.10.27 15:56:00.257,0.99864,0.99876,4.12,3.19
2017.10.27 15:56:00.770,0.99864,0.99875,2.44,1.50
2017.10.27 15:56:02.979,0.99864,0.99875,2.06,1.50
2017.10.27 15:56:03.084,0.99865,0.99876,2.06,1.12
2017.10.27 15:56:03.599,0.99867,0.99877,1.87,1.00
2017.10.27 15:56:05.420,0.99865,0.99875,1.12,2.85
2017.10.27 15:56:05.931,0.99866,0.99875,1.00,1.12
2017.10.27 15:56:06.537,0.99866,0.99876,1.69,1.00
2017.10.27 15:56:07.402,0.99866,0.99876,1.87,1.00
2017.10.27 15:56:07.907,0.99867,0.99877,2.25,1.00
2017.10.27 15:56:08.998,0.99866,0.99877,4.50,1.37
2017.10.27 15:56:09.504,0.99866,0.99877,2.25,4.12
2017.10.27 15:56:10.446,0.99866,0.99875,1.12,3.37
2017.10.27 15:56:10.956,0.99865,0.99873,1.00,2.62
2017.10.27 15:56:13.107,0.99863,0.99873,2.25,2.62
2017.10.27 15:56:13.262,0.99865,0.99874,1.62,3.37
2017.10.27 15:56:16.061,0.99865,0.99874,1.00,3.37
2017.10.27 15:56:16.113,0.99863,0.99874,2.06,4.12
2017.10.27 15:56:20.653,0.99864,0.99875,3.37,4.50
2017.10.27 15:56:20.972,0.99867,0.99877,2.62,1.87
2017.10.27 15:56:21.024,0.99867,0.99876,1.88,2.62
2017.10.27 15:56:21.127,0.99866,0.99876,1.87,3.37
2017.10.27 15:56:21.638,0.99866,0.99876,4.12,3.37
2017.10.27 15:56:22.158,0.99866,0.99876,1.50,3.37
2017.10.27 15:56:23.442,0.99864,0.99874,2.32,2.62
2017.10.27 15:56:23.494,0.99864,0.99874,1.57,1.00
2017.10.27 15:56:23.853,0.99864,0.99874,1.20,2.62
2017.10.27 15:56:25.131,0.99866,0.99874,1.12,3.37
2017.10.27 15:56:28.341,0.99866,0.99873,1.50,1.00
2017.10.27 15:56:28.665,0.99864,0.99874,1.01,3.37
2017.10.27 15:56:30.360,0.99864,0.99874,1.10,1.50
2017.10.27 15:56:30.516,0.99864,0.99874,1.87,3.37
2017.10.27 15:56:32.207,0.99864,0.99874,2.14,3.37
2017.10.27 15:56:32.719,0.99866,0.99874,1.12,3.37
2017.10.27 15:56:33.831,0.99866,0.99875,1.50,1.50
2017.10.27 15:56:34.807,0.99866,0.99877,2.14,5.44
2017.10.27 15:56:35.454,0.99866,0.99876,1.95,2.62
2017.10.27 15:56:36.025,0.99866,0.99877,2.32,2.81
2017.10.27 15:56:36.565,0.99866,0.99875,1.95,1.00
2017.10.27 15:56:37.302,0.99865,0.99874,1.07,2.25
2017.10.27 15:56:37.632,0.99863,0.99872,1.39,1.50
2017.10.27 15:56:37.945,0.99861,0.99871,1.37,5.25
2017.10.27 15:56:38.567,0.99861,0.99869,1.12,1.00
2017.10.27 15:56:38.671,0.99858,0.99867,1.95,1.00
2017.10.27 15:56:38.825,0.99856,0.99865,1.00,1.00
2017.10.27 15:56:38.928,0.9986,0.99868,2.44,1.50
2017.10.27 15:56:38.980,0.99862,0.9987,1.20,1.12
2017.10.27 15:56:39.084,0.99859,0.99869,1.20,3.94
2017.10.27 15:56:39.136,0.99857,0.99866,1.00,1.88
2017.10.27 15:56:39.659,0.99856,0.99866,1.57,1.87
2017.10.27 15:56:40.071,0.99858,0.99869,1.00,2.62
2017.10.27 15:56:40.382,0.9986,0.99872,3.64,2.44
2017.10.27 15:56:40.902,0.9986,0.99871,2.89,1.87
2017.10.27 15:56:41.956,0.9986,0.9987,2.70,2.62
2017.10.27 15:56:43.994,0.9986,0.9987,1.20,4.31
2017.10.27 15:56:44.386,0.99857,0.99867,1.82,1.00
2017.10.27 15:56:44.952,0.99861,0.99869,1.00,1.00
2017.10.27 15:56:45.004,0.99863,0.99872,1.00,1.37
2017.10.27 15:56:45.209,0.99868,0.99878,2.66,1.87
2017.10.27 15:56:45.725,0.99868,0.99878,2.36,1.12
2017.10.27 15:56:50.874,0.9987,0.99882,1.50,2.06
2017.10.27 15:56:50.926,0.99871,0.99881,2.44,1.37
2017.10.27 15:56:51.279,0.99872,0.99882,2.51,1.00
2017.10.27 15:56:51.807,0.99872,0.99882,1.57,1.12
2017.10.27 15:56:53.029,0.99872,0.99882,2.32,1.12
2017.10.27 15:56:55.746,0.99873,0.99882,1.20,1.00
2017.10.27 15:56:58.539,0.99874,0.99885,1.76,1.00
2017.10.27 15:56:59.069,0.99873,0.99884,3.82,1.00
2017.10.27 15:56:59.585,0.99874,0.99885,1.95,1.12
2017.10.27 15:56:59.893,0.99876,0.99887,1.10,1.12
2017.10.27 15:57:00.777,0.99876,0.99887,2.32,1.00
2017.10.27 15:57:01.863,0.99875,0.99887,1.76,3.75
2017.10.27 15:57:02.172,0.99873,0.99884,4.76,1.00
2017.10.27 15:57:02.738,0.99873,0.99884,1.57,1.12
2017.10.27 15:57:03.251,0.99873,0.99884,1.57,1.12
2017.10.27 15:57:05.332,0.99873,0.99884,2.32,1.37
2017.10.27 15:57:06.765,0.99873,0.99884,1.57,1.50
2017.10.27 15:57:09.767,0.99873,0.99884,1.57,2.25
2017.10.27 15:57:10.034,0.9987,0.9988,5.14,1.12
2017.10.27 15:57:10.203,0.99869,0.99879,1.57,1.87
2017.10.27 15:57:10.860,0.99868,0.99879,5.14,2.25
2017.10.27 15:57:11.388,0.99869,0.99879,2.89,1.12
2017.10.27 15:57:14.186,0.99869,0.99876,3.07,1.00
2017.10.27 15:57:16.080,0.99868,0.99876,3.26,1.00
2017.10.27 15:57:19.010,0.99868,0.99874,1.12,1.00
2017.10.27 15:57:19.380,0.99866,0.99876,4.39,1.00
2017.10.27 15:57:20.731,0.99866,0.99876,4.39,1.00
2017.10.27 15:57:23.797,0.99867,0.99874,1.25,1.00
2017.10.27 15:57:24.680,0.99866,0.99874,4.39,1.00
2017.10.27 15:57:25.221,0.99867,0.99874,1.87,1.00
2017.10.27 15:57:26.424,0.99867,0.99876,2.32,1.00
2017.10.27 15:57:28.172,0.99868,0.99876,2.06,1.00
2017.10.27 15:57:30.263,0.99869,0.99878,2.33,1.00
2017.10.27 15:57:30.748,0.99871,0.9988,1.12,1.00
2017.10.27 15:57:31.282,0.99871,0.9988,4.12,1.00
2017.10.27 15:57:32.398,0.99874,0.99882,1.12,1.00
2017.10.27 15:57:32.667,0.99877,0.99886,1.10,1.00
2017.10.27 15:57:51.900,0.99879,0.99887,1.31,1.00
2017.10.27 15:57:52.004,0.9988,0.99892,3.00,5.25
2017.10.27 15:57:52.167,0.99883,0.99891,1.00,1.00
2017.10.27 15:57:52.529,0.99883,0.99893,2.62,1.12
2017.10.27 15:57:53.989,0.99885,0.99896,2.25,1.50
2017.10.27 15:57:54.501,0.99886,0.99897,3.45,1.37
2017.10.27 15:57:55.003,0.99886,0.99896,1.10,1.00
2017.10.27 15:57:56.019,0.99885,0.99894,1.57,1.00
2017.10.27 15:57:56.602,0.99884,0.99894,1.57,1.12
2017.10.27 15:57:57.141,0.99884,0.99894,1.57,1.12
2017.10.27 15:58:01.615,0.99884,0.99894,1.20,1.50
2017.10.27 15:58:01.928,0.99879,0.99888,1.95,1.00
2017.10.27 15:58:02.639,0.99879,0.99887,1.57,1.00
2017.10.27 15:58:03.001,0.99882,0.99891,2.32,1.25
2017.10.27 15:58:03.055,0.99884,0.99892,1.37,1.12
2017.10.27 15:58:03.107,0.99886,0.99895,3.64,1.69
2017.10.27 15:58:03.210,0.99885,0.99893,1.10,1.12
2017.10.27 15:58:03.834,0.99884,0.99893,1.50,1.12
2017.10.27 15:58:06.058,0.99884,0.99895,1.76,1.50
2017.10.27 15:58:06.567,0.99884,0.99894,1.57,1.00
2017.10.27 15:58:10.573,0.99883,0.99893,2.70,1.00
2017.10.27 15:58:11.123,0.99883,0.99893,2.32,1.00
2017.10.27 15:58:11.284,0.99881,0.99891,1.57,1.87
2017.10.27 15:58:11.592,0.99879,0.99888,2.32,1.00
2017.10.27 15:58:12.789,0.99879,0.9989,6.11,1.00
2017.10.27 15:58:12.892,0.99879,0.99888,1.95,1.00
2017.10.27 15:58:13.440,0.99879,0.99888,1.57,1.00
2017.10.27 15:58:14.473,0.99879,0.99888,1.47,1.00
2017.10.27 15:58:18.537,0.9988,0.9989,3.45,1.12
2017.10.27 15:58:22.098,0.9988,0.99889,2.32,1.00
2017.10.27 15:58:22.153,0.9988,0.99887,1.57,1.00
2017.10.27 15:58:22.666,0.99878,0.99888,4.01,1.00
2017.10.27 15:58:24.109,0.99878,0.99888,4.50,1.00
2017.10.27 15:58:24.617,0.99879,0.99888,1.95,1.00
2017.10.27 15:58:24.992,0.99881,0.99891,1.31,1.00
2017.10.27 15:58:25.096,0.99883,0.99892,1.12,1.12
2017.10.27 15:58:25.751,0.99885,0.99895,1.12,1.69
2017.10.27 15:58:26.064,0.99887,0.99896,1.20,1.00
2017.10.27 15:58:26.612,0.99886,0.99898,1.10,6.56
2017.10.27 15:58:27.079,0.99887,0.99897,2.51,1.00
2017.10.27 15:58:27.964,0.99886,0.99897,1.10,1.38
2017.10.27 15:58:29.937,0.99885,0.99896,1.10,1.00
2017.10.27 15:58:31.140,0.99884,0.99894,2.32,1.50
2017.10.27 15:58:31.454,0.99883,0.99892,2.51,1.00
2017.10.27 15:58:31.835,0.99887,0.99896,1.12,1.37
2017.10.27 15:58:31.939,0.99889,0.99898,1.50,1.00
2017.10.27 15:58:31.991,0.99889,0.999,1.95,1.00
2017.10.27 15:58:33.033,0.99889,0.99899,1.57,1.00
2017.10.27 15:58:33.187,0.99888,0.99897,3.07,1.00
2017.10.27 15:58:39.426,0.99888,0.99897,2.70,1.00
2017.10.27 15:58:39.529,0.99889,0.99899,2.32,1.00
2017.10.27 15:58:40.054,0.99888,0.99898,1.57,1.00
2017.10.27 15:58:40.737,0.99888,0.99898,1.57,1.00
2017.10.27 15:58:43.839,0.99888,0.99898,1.07,1.12
2017.10.27 15:58:44.098,0.99887,0.99895,1.10,1.00
2017.10.27 15:58:44.613,0.99884,0.99894,2.70,1.00
2017.10.27 15:58:45.321,0.99885,0.99894,1.57,1.00
2017.10.27 15:58:46.649,0.99884,0.99894,1.45,1.00
2017.10.27 15:58:46.883,0.99887,0.99897,1.69,3.00
2017.10.27 15:58:47.140,0.99886,0.99896,1.20,1.00
2017.10.27 15:58:47.750,0.99885,0.99894,1.07,1.00
2017.10.27 15:58:50.296,0.99885,0.99894,1.10,1.00
2017.10.27 15:58:50.811,0.99884,0.99894,2.89,1.00
2017.10.27 15:58:53.171,0.99885,0.99895,1.57,1.00
2017.10.27 15:58:54.105,0.99891,0.99896,1.05,1.00
2017.10.27 15:58:54.159,0.99893,0.99898,1.00,1.12
2017.10.27 15:58:54.212,0.99893,0.99903,1.57,1.12
2017.10.27 15:58:54.388,0.99892,0.99903,1.20,1.50
2017.10.27 15:58:54.646,0.99894,0.99907,3.26,1.69
2017.10.27 15:58:54.699,0.999,0.99908,1.50,1.12
2017.10.27 15:58:54.751,0.999,0.99911,4.35,1.12
2017.10.27 15:58:55.338,0.999,0.9991,1.10,1.69
2017.10.27 15:58:55.390,0.99899,0.99908,1.57,1.25
2017.10.27 15:58:55.901,0.999,0.99908,2.32,1.25
2017.10.27 15:58:56.454,0.999,0.99909,1.57,1.25
2017.10.27 15:58:56.970,0.999,0.99908,1.20,1.25
2017.10.27 15:58:59.610,0.99901,0.99908,1.10,1.25
2017.10.27 15:59:01.469,0.99901,0.99908,2.70,1.00
2017.10.27 15:59:01.521,0.99901,0.9991,3.45,1.00
2017.10.27 15:59:02.037,0.99901,0.9991,2.32,1.25
2017.10.27 15:59:02.936,0.99901,0.9991,2.32,1.25
2017.10.27 15:59:05.249,0.99902,0.9991,1.10,1.25
2017.10.27 15:59:05.809,0.99902,0.9991,1.76,1.00
2017.10.27 15:59:06.464,0.99903,0.99912,2.14,1.00
2017.10.27 15:59:07.492,0.99903,0.99913,2.51,1.12
2017.10.27 15:59:07.851,0.99902,0.99912,1.00,2.62
2017.10.27 15:59:08.396,0.99902,0.99912,1.57,2.62
2017.10.27 15:59:09.845,0.99902,0.99911,1.57,1.00
2017.10.27 15:59:10.003,0.99899,0.9991,2.32,3.79
2017.10.27 15:59:10.513,0.99898,0.99908,2.32,1.25
2017.10.27 15:59:11.905,0.99898,0.99909,1.95,1.69
2017.10.27 15:59:12.422,0.99898,0.99908,1.45,1.25
2017.10.27 15:59:15.198,0.99899,0.99908,1.20,1.25
2017.10.27 15:59:16.845,0.99901,0.99908,1.10,1.25
2017.10.27 15:59:17.494,0.999,0.99909,2.32,1.25
2017.10.27 15:59:18.187,0.999,0.9991,2.32,1.25
2017.10.27 15:59:18.239,0.99903,0.99912,1.87,1.00
2017.10.27 15:59:18.549,0.99903,0.99912,2.51,1.00
2017.10.27 15:59:19.600,0.99903,0.99912,2.70,1.00
2017.10.27 15:59:20.112,0.99902,0.99912,3.07,1.25
2017.10.27 15:59:22.312,0.99904,0.99912,1.57,1.00
2017.10.27 15:59:22.841,0.99903,0.99912,1.57,1.00
2017.10.27 15:59:24.098,0.99906,0.99914,1.00,1.25
2017.10.27 15:59:24.151,0.99906,0.99916,3.19,1.31
2017.10.27 15:59:24.778,0.99906,0.99916,1.70,1.25
2017.10.27 15:59:25.308,0.99906,0.99916,1.01,1.25
2017.10.27 15:59:25.842,0.99906,0.99916,1.32,1.25
2017.10.27 15:59:26.238,0.99904,0.99916,3.07,3.98
2017.10.27 15:59:26.876,0.99904,0.99914,1.07,2.06
2017.10.27 15:59:27.418,0.99904,0.99914,1.10,2.06
2017.10.27 15:59:27.910,0.99902,0.99913,2.14,1.69
2017.10.27 15:59:28.015,0.99902,0.99912,1.01,1.12
2017.10.27 15:59:28.541,0.99902,0.99914,1.58,4.69
2017.10.27 15:59:29.645,0.99902,0.99914,1.58,3.56
2017.10.27 15:59:30.157,0.99901,0.99914,4.39,3.75
2017.10.27 15:59:30.744,0.99903,0.99914,1.57,2.25
2017.10.27 15:59:31.451,0.99902,0.99914,3.64,2.62
2017.10.27 15:59:32.006,0.99903,0.99914,1.57,2.25
2017.10.27 15:59:32.603,0.99902,0.99914,2.14,3.00
2017.10.27 15:59:33.114,0.99902,0.99914,1.95,3.37
2017.10.27 15:59:33.706,0.99902,0.99914,2.14,3.56
2017.10.27 15:59:34.388,0.99902,0.99914,1.95,4.12
2017.10.27 15:59:34.987,0.99902,0.99914,1.95,4.12
2017.10.27 15:59:36.087,0.99902,0.99912,1.95,1.00
2017.10.27 15:59:49.299,0.99904,0.99914,1.50,2.81
2017.10.27 15:59:51.075,0.99904,0.99914,1.20,2.25
2017.10.27 15:59:51.588,0.99902,0.99912,3.07,1.00
2017.10.27 15:59:53.822,0.99902,0.99912,3.45,1.25
2017.10.27 15:59:54.124,0.99904,0.99912,2.70,1.25
2017.10.27 15:59:54.841,0.99904,0.99912,2.70,1.25
2017.10.27 15:59:55.360,0.99904,0.99913,2.70,1.25
2017.10.27 15:59:55.565,0.99903,0.99912,1.20,1.12
2017.10.27 15:59:57.969,0.99903,0.99913,1.95,1.69
2017.10.27 15:59:58.072,0.99905,0.99914,1.87,4.50
2017.10.27 15:59:58.226,0.99907,0.99916,1.69,1.69
2017.10.27 15:59:58.435,0.99908,0.99916,2.14,1.25
2017.10.27 15:59:59.864,0.99908,0.99917,1.10,2.81
