2014.02.06 06:00:01.020,0.90487,0.90498,1.00,1.15
2014.02.06 06:00:01.325,0.90487,0.90498,1.18,1.10
2014.02.06 06:00:21.446,0.90487,0.90498,1.15,1.00
2014.02.06 06:00:24.343,0.90492,0.90501,1.00,1.15
2014.02.06 06:00:32.119,0.90495,0.90502,1.00,1.10
2014.02.06 06:00:32.778,0.90495,0.90505,1.00,1.65
2014.02.06 06:00:40.867,0.90495,0.90506,1.18,1.10
2014.02.06 06:00:41.398,0.90497,0.90508,1.00,1.15
2014.02.06 06:00:45.642,0.90497,0.90508,1.00,1.15
2014.02.06 06:00:46.191,0.90497,0.90508,1.00,1.15
2014.02.06 06:00:47.838,0.90497,0.90508,1.00,1.15
2014.02.06 06:00:48.360,0.90497,0.90508,1.00,1.15
2014.02.06 06:00:50.102,0.90497,0.90508,1.00,1.15
2014.02.06 06:01:16.034,0.90495,0.90506,1.10,1.18
2014.02.06 06:01:16.337,0.90492,0.90503,1.15,1.00
2014.02.06 06:01:16.489,0.90491,0.90501,2.40,1.00
2014.02.06 06:01:17.014,0.90492,0.90502,1.00,3.90
2014.02.06 06:01:29.668,0.9049,0.90501,1.10,1.18
2014.02.06 06:01:36.627,0.9049,0.90501,1.00,5.25
2014.02.06 06:01:37.703,0.90492,0.90501,1.00,3.90
2014.02.06 06:01:39.541,0.90488,0.905,1.08,1.15
2014.02.06 06:01:39.643,0.9049,0.90499,1.00,3.90
2014.02.06 06:01:39.745,0.90487,0.90498,1.00,1.50
2014.02.06 06:01:40.330,0.90484,0.90495,1.10,5.25
2014.02.06 06:01:40.540,0.90481,0.90492,1.13,1.15
2014.02.06 06:01:40.743,0.90479,0.9049,2.33,1.18
2014.02.06 06:01:40.896,0.90479,0.9049,1.00,1.15
2014.02.06 06:01:41.150,0.90479,0.9049,1.10,1.18
2014.02.06 06:01:45.479,0.90479,0.9049,1.58,1.10
2014.02.06 06:01:46.024,0.90479,0.9049,1.65,1.10
2014.02.06 06:01:47.015,0.90479,0.9049,1.65,1.00
2014.02.06 06:01:49.211,0.90479,0.9049,1.65,1.10
2014.02.06 06:01:50.178,0.90481,0.9049,1.00,1.10
2014.02.06 06:01:50.483,0.90482,0.90492,1.15,1.00
2014.02.06 06:01:54.691,0.90485,0.90492,1.00,1.00
2014.02.06 06:01:54.742,0.90485,0.90495,1.00,1.18
2014.02.06 06:01:55.395,0.90485,0.90495,1.18,1.00
2014.02.06 06:01:57.065,0.90485,0.90495,1.10,1.10
2014.02.06 06:01:57.826,0.90485,0.90495,1.08,1.00
2014.02.06 06:02:00.219,0.90484,0.90495,1.65,1.10
2014.02.06 06:02:00.985,0.90484,0.90495,1.10,1.08
2014.02.06 06:02:15.754,0.90484,0.90495,1.00,3.00
2014.02.06 06:02:16.271,0.90484,0.90495,1.00,1.50
2014.02.06 06:02:16.991,0.90484,0.90495,1.00,9.00
2014.02.06 06:02:18.507,0.90484,0.90495,1.00,9.00
2014.02.06 06:02:19.613,0.90484,0.90495,1.10,4.65
2014.02.06 06:02:24.629,0.90484,0.90495,1.00,1.15
2014.02.06 06:02:54.138,0.90484,0.90495,1.00,8.40
2014.02.06 06:02:54.905,0.90481,0.90495,1.10,7.65
2014.02.06 06:03:10.989,0.90481,0.90494,1.00,3.90
2014.02.06 06:03:11.511,0.90481,0.90494,1.10,3.90
2014.02.06 06:03:15.335,0.90481,0.90492,1.00,1.18
2014.02.06 06:03:20.242,0.90484,0.90494,1.00,4.65
2014.02.06 06:03:25.479,0.90484,0.90494,1.00,1.15
2014.02.06 06:03:44.531,0.90484,0.90494,1.00,1.15
2014.02.06 06:03:46.022,0.90484,0.90494,1.00,1.18
2014.02.06 06:03:50.932,0.90484,0.90494,1.00,1.15
2014.02.06 06:03:55.323,0.90484,0.90494,1.00,1.18
2014.02.06 06:04:00.801,0.90484,0.90494,1.00,1.15
2014.02.06 06:04:03.990,0.90484,0.90494,1.00,1.15
2014.02.06 06:04:04.142,0.90482,0.90492,1.00,1.15
2014.02.06 06:04:31.673,0.90482,0.90492,1.00,1.18
2014.02.06 06:04:44.870,0.90482,0.90492,1.00,1.18
2014.02.06 06:04:47.396,0.90482,0.90492,1.00,1.15
2014.02.06 06:04:47.915,0.90482,0.90492,1.00,1.18
2014.02.06 06:05:04.424,0.90478,0.90495,5.03,7.65
2014.02.06 06:05:10.690,0.90478,0.90495,5.03,7.65
2014.02.06 06:05:11.364,0.90478,0.90495,5.03,7.65
2014.02.06 06:05:15.383,0.90478,0.90495,5.03,7.65
2014.02.06 06:05:17.359,0.90479,0.90496,3.90,4.65
2014.02.06 06:05:21.933,0.90478,0.90495,5.03,7.65
2014.02.06 06:05:22.621,0.90478,0.90495,5.03,7.65
2014.02.06 06:05:23.269,0.90478,0.90495,5.03,7.65
2014.02.06 06:05:24.430,0.90478,0.90495,5.03,7.65
2014.02.06 06:05:25.013,0.90478,0.90495,5.03,7.65
2014.02.06 06:05:25.542,0.90478,0.90495,5.03,7.65
2014.02.06 06:05:26.078,0.90479,0.90496,3.90,5.40
2014.02.06 06:05:35.627,0.90479,0.90496,3.90,4.65
2014.02.06 06:05:37.255,0.90479,0.90496,3.90,5.40
2014.02.06 06:05:44.573,0.90478,0.90492,1.20,3.90
2014.02.06 06:05:44.877,0.90476,0.90486,1.28,1.00
2014.02.06 06:05:46.749,0.90476,0.90486,1.18,1.00
2014.02.06 06:05:52.720,0.90479,0.90489,1.00,1.15
2014.02.06 06:05:52.821,0.90476,0.90486,1.18,1.00
2014.02.06 06:05:53.371,0.90476,0.90486,1.00,1.18
2014.02.06 06:06:52.875,0.90471,0.90488,6.53,3.90
2014.02.06 06:06:53.363,0.90471,0.90488,6.38,3.75
2014.02.06 06:06:58.463,0.90471,0.90487,1.88,3.75
2014.02.06 06:07:11.536,0.90471,0.90486,2.25,3.75
2014.02.06 06:07:13.840,0.90471,0.90486,2.33,3.83
2014.02.06 06:07:14.449,0.90471,0.90486,2.03,3.90
2014.02.06 06:07:14.981,0.90471,0.90486,2.03,3.90
2014.02.06 06:07:15.514,0.90471,0.90486,2.03,3.90
2014.02.06 06:07:23.183,0.90471,0.90487,2.03,3.90
2014.02.06 06:07:23.704,0.90471,0.90487,2.03,3.90
2014.02.06 06:07:25.274,0.90471,0.90487,2.03,3.90
2014.02.06 06:07:30.567,0.90471,0.90486,2.78,3.90
2014.02.06 06:07:31.628,0.90471,0.90486,2.78,3.90
2014.02.06 06:07:35.809,0.90471,0.90487,2.78,3.90
2014.02.06 06:07:38.514,0.90474,0.90485,1.10,4.65
2014.02.06 06:07:42.839,0.90474,0.90485,1.00,1.18
2014.02.06 06:07:43.534,0.90474,0.90485,1.10,8.40
2014.02.06 06:07:44.136,0.90476,0.90487,1.00,4.65
2014.02.06 06:08:05.271,0.90476,0.90487,4.65,1.10
2014.02.06 06:08:05.372,0.90479,0.90489,1.00,1.18
2014.02.06 06:08:38.661,0.90479,0.90489,1.10,1.10
2014.02.06 06:08:43.200,0.90479,0.90489,1.00,1.08
2014.02.06 06:08:57.718,0.90479,0.90489,1.10,1.20
2014.02.06 06:09:04.579,0.90479,0.90489,1.00,1.18
2014.02.06 06:09:05.406,0.90477,0.90492,1.18,4.65
2014.02.06 06:09:06.086,0.90477,0.90492,1.15,4.65
2014.02.06 06:09:08.034,0.90477,0.90492,1.18,4.65
2014.02.06 06:09:32.900,0.90477,0.90492,1.10,4.65
2014.02.06 06:09:33.560,0.90477,0.90492,1.18,4.65
2014.02.06 06:09:34.409,0.90477,0.90492,1.10,4.65
2014.02.06 06:09:34.979,0.90477,0.90492,1.18,1.15
2014.02.06 06:09:49.076,0.90481,0.90491,1.00,1.15
2014.02.06 06:09:49.612,0.90481,0.90491,1.00,1.15
2014.02.06 06:10:00.837,0.90484,0.90491,1.00,1.15
2014.02.06 06:10:04.229,0.90484,0.90491,1.00,1.00
2014.02.06 06:10:04.483,0.90485,0.90494,1.00,1.58
2014.02.06 06:10:05.736,0.90485,0.90494,1.00,1.48
2014.02.06 06:10:08.309,0.90484,0.90494,1.10,1.48
2014.02.06 06:10:10.804,0.90484,0.90494,1.58,1.48
2014.02.06 06:10:10.856,0.90486,0.90495,1.00,1.55
2014.02.06 06:10:11.161,0.90489,0.90495,1.00,1.88
2014.02.06 06:10:19.862,0.90489,0.90496,1.08,1.50
2014.02.06 06:10:19.964,0.90489,0.90496,1.15,1.88
2014.02.06 06:10:25.874,0.90489,0.90497,1.15,1.50
2014.02.06 06:10:28.185,0.90489,0.90496,1.15,1.50
2014.02.06 06:10:28.795,0.90489,0.90499,1.15,1.38
2014.02.06 06:10:40.631,0.90489,0.90499,1.15,1.38
2014.02.06 06:10:40.973,0.9049,0.905,1.15,1.88
2014.02.06 06:10:47.486,0.9049,0.905,1.18,1.20
2014.02.06 06:10:48.276,0.9049,0.905,1.10,1.20
2014.02.06 06:10:53.758,0.90489,0.90499,1.18,1.00
2014.02.06 06:10:54.545,0.90489,0.90499,1.15,1.13
2014.02.06 06:10:55.924,0.90489,0.90499,1.18,1.38
2014.02.06 06:10:56.438,0.90489,0.90499,1.10,1.38
2014.02.06 06:10:59.093,0.90489,0.90496,1.15,1.50
2014.02.06 06:10:59.829,0.90492,0.90496,1.00,1.50
2014.02.06 06:11:00.858,0.9049,0.90496,1.20,1.88
2014.02.06 06:11:01.364,0.9049,0.90497,1.18,1.88
2014.02.06 06:11:03.610,0.9049,0.90497,1.55,1.50
2014.02.06 06:11:03.712,0.90491,0.90497,1.10,1.88
2014.02.06 06:11:07.459,0.90491,0.90497,1.65,1.50
2014.02.06 06:11:07.561,0.90496,0.90504,1.10,1.10
2014.02.06 06:11:07.815,0.90494,0.90502,1.50,1.95
2014.02.06 06:11:08.345,0.90495,0.90502,1.00,1.95
2014.02.06 06:11:09.690,0.90494,0.90502,1.00,1.95
2014.02.06 06:11:09.791,0.90494,0.90502,1.50,1.88
2014.02.06 06:11:09.994,0.90494,0.90502,1.00,1.88
2014.02.06 06:11:10.906,0.90494,0.90504,1.13,1.55
2014.02.06 06:11:12.556,0.90495,0.90505,1.50,4.28
2014.02.06 06:11:12.607,0.90499,0.90505,1.00,3.08
2014.02.06 06:11:13.320,0.90493,0.90505,1.15,3.45
2014.02.06 06:11:13.370,0.90496,0.90505,1.00,3.53
2014.02.06 06:11:15.744,0.90496,0.90503,1.00,1.48
2014.02.06 06:11:15.896,0.90494,0.905,1.00,1.95
2014.02.06 06:11:15.947,0.90487,0.905,1.15,2.03
2014.02.06 06:11:15.998,0.90491,0.905,1.00,2.03
2014.02.06 06:11:16.508,0.90491,0.90497,1.00,1.88
2014.02.06 06:11:17.031,0.90492,0.90498,1.10,1.13
2014.02.06 06:11:17.479,0.90496,0.90501,1.00,1.50
2014.02.06 06:11:19.372,0.90496,0.90502,1.00,1.88
2014.02.06 06:11:21.882,0.90493,0.90502,1.00,2.03
2014.02.06 06:11:24.945,0.90493,0.90502,1.00,2.03
2014.02.06 06:11:25.760,0.90494,0.90502,1.53,1.50
2014.02.06 06:11:27.996,0.90493,0.90501,1.15,1.50
2014.02.06 06:11:29.033,0.90493,0.90501,1.53,1.50
2014.02.06 06:11:29.238,0.90493,0.90501,1.53,1.50
2014.02.06 06:11:40.824,0.90493,0.90501,1.53,1.50
2014.02.06 06:11:41.463,0.90493,0.90501,1.53,1.50
2014.02.06 06:11:51.190,0.90493,0.90501,1.53,1.00
2014.02.06 06:11:51.241,0.90493,0.90501,1.53,1.00
2014.02.06 06:11:51.344,0.90493,0.90503,1.53,1.00
2014.02.06 06:11:52.946,0.90493,0.90503,1.53,1.00
2014.02.06 06:11:53.507,0.90493,0.90503,1.53,1.00
2014.02.06 06:11:54.093,0.90493,0.90503,1.53,1.00
2014.02.06 06:11:54.755,0.90493,0.90503,1.53,1.00
2014.02.06 06:11:55.464,0.90493,0.90503,1.53,1.00
2014.02.06 06:12:01.892,0.90493,0.90503,1.53,1.00
2014.02.06 06:12:03.164,0.90493,0.90503,1.53,1.00
2014.02.06 06:12:03.665,0.90493,0.90503,1.55,1.00
2014.02.06 06:12:16.917,0.90493,0.90504,1.55,1.10
2014.02.06 06:12:22.145,0.90493,0.90504,1.55,1.48
2014.02.06 06:12:59.860,0.90497,0.90504,1.00,1.48
2014.02.06 06:13:00.338,0.90495,0.90504,1.00,1.48
2014.02.06 06:13:00.490,0.90495,0.90501,1.00,1.48
2014.02.06 06:13:00.998,0.90495,0.90501,1.00,1.80
2014.02.06 06:13:05.239,0.9049,0.90501,1.18,1.80
2014.02.06 06:13:07.520,0.90495,0.90501,1.00,2.55
2014.02.06 06:13:12.025,0.9049,0.90501,1.28,1.80
2014.02.06 06:13:12.310,0.9049,0.90498,1.28,1.38
2014.02.06 06:13:15.152,0.9049,0.90498,1.28,1.38
2014.02.06 06:13:19.763,0.90492,0.905,1.00,1.95
2014.02.06 06:13:27.123,0.9049,0.90501,1.58,2.78
2014.02.06 06:13:27.174,0.90494,0.90501,1.00,2.40
2014.02.06 06:14:02.834,0.9049,0.90499,1.28,1.38
2014.02.06 06:14:04.964,0.9049,0.90498,1.18,1.88
2014.02.06 06:14:19.924,0.9049,0.90499,1.28,1.38
2014.02.06 06:14:26.533,0.9049,0.90499,1.28,1.38
2014.02.06 06:14:31.362,0.9049,0.90498,1.18,1.88
2014.02.06 06:14:44.312,0.90487,0.905,5.40,3.38
2014.02.06 06:14:44.863,0.90487,0.90502,5.40,1.88
2014.02.06 06:14:45.392,0.90487,0.90501,4.65,2.18
2014.02.06 06:14:48.763,0.90494,0.905,1.00,1.30
2014.02.06 06:14:49.275,0.90495,0.905,1.00,1.30
2014.02.06 06:15:11.154,0.90488,0.90502,1.75,2.48
2014.02.06 06:15:17.641,0.90491,0.905,1.15,1.88
2014.02.06 06:15:39.764,0.90492,0.90501,1.18,1.38
2014.02.06 06:15:40.070,0.90492,0.905,1.10,1.73
2014.02.06 06:16:11.375,0.90491,0.905,1.10,1.88
2014.02.06 06:16:27.591,0.90491,0.905,1.00,1.95
2014.02.06 06:16:28.186,0.9049,0.90498,1.00,1.48
2014.02.06 06:16:32.215,0.9049,0.90498,1.00,1.48
2014.02.06 06:17:32.313,0.90487,0.905,3.90,2.03
2014.02.06 06:17:45.898,0.90487,0.905,3.90,2.03
2014.02.06 06:17:46.657,0.90487,0.90503,4.28,1.55
2014.02.06 06:17:46.961,0.90494,0.90503,1.00,1.55
2014.02.06 06:17:47.214,0.90494,0.90503,1.00,1.18
2014.02.06 06:17:48.822,0.90495,0.90503,1.10,1.00
2014.02.06 06:17:48.880,0.90495,0.90506,1.58,1.28
2014.02.06 06:17:48.931,0.90497,0.90508,1.10,1.55
2014.02.06 06:17:49.480,0.90497,0.90508,1.10,1.28
2014.02.06 06:17:54.836,0.90497,0.90506,1.10,1.00
2014.02.06 06:17:55.343,0.90497,0.90506,1.00,1.48
2014.02.06 06:18:00.162,0.90497,0.90504,1.00,1.00
2014.02.06 06:18:00.466,0.90492,0.90499,1.50,1.00
2014.02.06 06:18:00.770,0.90492,0.90499,1.00,1.00
2014.02.06 06:18:01.389,0.90488,0.90496,6.15,1.00
2014.02.06 06:18:01.491,0.90493,0.90498,1.00,1.58
2014.02.06 06:18:01.592,0.90489,0.90498,1.08,1.13
2014.02.06 06:18:01.950,0.90495,0.90501,1.00,1.10
2014.02.06 06:18:02.001,0.90489,0.90498,4.28,1.00
2014.02.06 06:18:02.052,0.90493,0.90498,1.00,1.00
2014.02.06 06:18:02.103,0.90493,0.90501,1.00,1.65
2014.02.06 06:18:02.155,0.9049,0.90501,1.65,1.48
2014.02.06 06:18:04.141,0.90497,0.90503,1.00,1.53
2014.02.06 06:18:05.346,0.90497,0.90505,1.00,1.28
2014.02.06 06:18:05.473,0.90497,0.90506,1.00,1.55
2014.02.06 06:18:06.771,0.90497,0.90506,1.00,1.55
2014.02.06 06:18:10.999,0.90495,0.90505,1.10,1.95
2014.02.06 06:18:21.105,0.90497,0.90505,1.00,3.45
2014.02.06 06:18:30.628,0.90495,0.90506,1.00,5.03
2014.02.06 06:18:48.592,0.90495,0.90506,1.00,5.03
2014.02.06 06:18:48.643,0.90492,0.90503,1.10,1.28
2014.02.06 06:19:08.681,0.90492,0.90502,1.00,3.90
2014.02.06 06:19:30.963,0.90492,0.90502,1.00,4.28
2014.02.06 06:19:37.690,0.90492,0.90503,1.00,5.03
2014.02.06 06:19:45.552,0.90492,0.90503,1.00,1.28
2014.02.06 06:19:48.942,0.90487,0.90502,1.28,3.90
2014.02.06 06:19:50.743,0.90486,0.90501,2.10,4.20
2014.02.06 06:19:51.916,0.90486,0.90501,2.10,4.28
2014.02.06 06:19:55.717,0.90486,0.90501,5.10,1.20
2014.02.06 06:19:56.224,0.90487,0.90501,3.90,1.28
2014.02.06 06:19:56.788,0.90488,0.90503,3.90,5.03
2014.02.06 06:19:57.525,0.90487,0.90503,4.28,5.03
2014.02.06 06:20:02.190,0.90487,0.90503,4.28,4.28
2014.02.06 06:20:02.291,0.90491,0.90503,1.08,4.20
2014.02.06 06:20:02.596,0.90495,0.90506,1.00,2.03
2014.02.06 06:20:03.102,0.90495,0.90506,1.18,1.48
2014.02.06 06:20:04.581,0.90495,0.90506,1.10,1.55
2014.02.06 06:20:05.121,0.90495,0.90506,1.18,1.48
2014.02.06 06:20:05.773,0.90495,0.90506,1.10,1.55
2014.02.06 06:20:07.939,0.90497,0.90508,1.00,2.78
2014.02.06 06:20:24.575,0.90492,0.90503,1.15,1.00
2014.02.06 06:20:24.783,0.90492,0.90503,1.10,1.55
2014.02.06 06:20:30.197,0.90492,0.90503,1.18,1.10
2014.02.06 06:20:31.970,0.90492,0.90503,1.10,1.18
2014.02.06 06:20:32.595,0.90492,0.90502,1.00,3.90
2014.02.06 06:20:34.865,0.90492,0.90502,1.00,4.65
2014.02.06 06:20:37.829,0.90492,0.90502,1.00,3.90
2014.02.06 06:20:44.298,0.90492,0.90502,1.00,4.28
2014.02.06 06:20:47.046,0.90492,0.90502,1.00,5.03
2014.02.06 06:20:55.793,0.90496,0.90504,1.00,5.78
2014.02.06 06:20:56.346,0.90496,0.90505,1.00,1.95
2014.02.06 06:21:02.017,0.90496,0.90505,1.00,2.70
2014.02.06 06:21:09.127,0.90496,0.90505,1.00,3.45
2014.02.06 06:21:19.989,0.90495,0.90505,1.00,1.28
2014.02.06 06:22:16.769,0.90495,0.90505,1.00,1.13
2014.02.06 06:22:20.024,0.9049,0.90507,7.88,4.88
2014.02.06 06:22:24.239,0.9049,0.90507,4.13,4.88
2014.02.06 06:22:24.391,0.90493,0.90503,1.00,1.00
2014.02.06 06:22:30.908,0.90495,0.90505,1.00,1.38
2014.02.06 06:22:31.414,0.90495,0.90505,1.10,1.20
2014.02.06 06:22:31.960,0.90495,0.90505,1.10,1.48
2014.02.06 06:22:35.796,0.90495,0.90504,1.10,1.38
2014.02.06 06:22:36.100,0.90493,0.90503,1.15,1.38
2014.02.06 06:22:42.366,0.90493,0.90503,1.15,1.13
2014.02.06 06:22:42.773,0.90495,0.90505,1.18,1.13
2014.02.06 06:22:43.434,0.90495,0.90505,1.10,1.20
2014.02.06 06:22:44.063,0.90495,0.90505,1.18,1.13
2014.02.06 06:22:46.456,0.90495,0.90505,1.10,1.20
2014.02.06 06:22:47.002,0.90495,0.90505,1.08,1.13
2014.02.06 06:22:47.758,0.90495,0.90505,1.10,1.20
2014.02.06 06:22:50.291,0.90495,0.90505,1.18,1.13
2014.02.06 06:22:52.905,0.90495,0.90505,1.10,1.20
2014.02.06 06:22:53.981,0.90495,0.90505,1.18,1.13
2014.02.06 06:22:58.750,0.90495,0.90505,1.10,1.20
2014.02.06 06:22:59.398,0.90495,0.90505,1.18,1.13
2014.02.06 06:23:00.879,0.90495,0.90505,1.10,1.20
2014.02.06 06:23:25.483,0.90495,0.90505,1.18,1.13
2014.02.06 06:23:28.025,0.90493,0.90503,1.73,2.93
2014.02.06 06:23:28.076,0.9049,0.90502,12.00,2.33
2014.02.06 06:23:28.177,0.90493,0.905,1.20,1.00
2014.02.06 06:23:28.329,0.9049,0.90497,3.83,1.08
2014.02.06 06:23:28.634,0.9049,0.90495,1.00,1.58
2014.02.06 06:23:28.685,0.90485,0.90493,1.08,1.38
2014.02.06 06:23:32.873,0.90483,0.9049,1.08,1.38
2014.02.06 06:23:32.975,0.9048,0.9049,1.15,1.38
2014.02.06 06:23:33.027,0.9048,0.9049,1.10,1.48
2014.02.06 06:23:33.078,0.90477,0.90484,3.83,1.38
2014.02.06 06:23:33.179,0.90476,0.90481,1.50,1.00
2014.02.06 06:23:33.281,0.90478,0.90488,1.00,1.53
2014.02.06 06:23:33.382,0.90475,0.9048,1.10,1.00
2014.02.06 06:23:33.484,0.90473,0.9048,1.10,1.00
2014.02.06 06:23:33.989,0.90473,0.9048,1.10,1.38
2014.02.06 06:23:35.256,0.90475,0.90482,1.00,1.00
2014.02.06 06:23:35.307,0.90475,0.90485,1.10,1.20
2014.02.06 06:23:35.885,0.90475,0.90485,1.18,1.00
2014.02.06 06:23:51.298,0.90475,0.90485,1.10,1.10
2014.02.06 06:23:57.990,0.90475,0.90485,1.18,1.00
2014.02.06 06:24:08.073,0.90475,0.90485,1.10,1.48
2014.02.06 06:24:32.783,0.90471,0.90481,1.18,1.00
2014.02.06 06:24:37.346,0.90471,0.9048,1.00,1.15
2014.02.06 06:24:37.448,0.90471,0.90481,1.10,1.10
2014.02.06 06:24:37.549,0.90471,0.90481,1.10,1.18
2014.02.06 06:24:37.803,0.90471,0.90481,1.10,1.10
2014.02.06 06:24:37.905,0.90471,0.90481,1.00,1.15
2014.02.06 06:24:38.007,0.9047,0.9048,1.00,1.15
2014.02.06 06:24:38.108,0.9047,0.9048,1.10,1.10
2014.02.06 06:24:38.159,0.9047,0.90476,1.10,1.00
2014.02.06 06:24:38.296,0.9047,0.9048,1.10,1.20
2014.02.06 06:24:38.356,0.9047,0.90478,1.00,1.15
2014.02.06 06:24:38.661,0.90468,0.90478,1.00,1.28
2014.02.06 06:24:38.813,0.90468,0.90478,1.18,1.00
2014.02.06 06:24:41.717,0.90466,0.90471,1.00,1.00
2014.02.06 06:24:41.819,0.90468,0.90477,1.00,1.65
2014.02.06 06:24:42.023,0.90464,0.90471,1.28,1.00
2014.02.06 06:24:42.175,0.90468,0.90476,1.00,1.08
2014.02.06 06:24:42.378,0.90466,0.90471,1.00,1.00
2014.02.06 06:24:42.580,0.90467,0.90478,1.08,1.45
2014.02.06 06:24:42.682,0.90467,0.90476,1.08,1.00
2014.02.06 06:24:42.936,0.90466,0.90471,1.10,1.00
2014.02.06 06:24:43.240,0.90468,0.90476,1.00,1.08
2014.02.06 06:24:43.342,0.90468,0.90478,1.00,1.18
2014.02.06 06:24:49.983,0.90466,0.90471,1.00,1.00
2014.02.06 06:24:51.739,0.90468,0.90479,1.00,1.65
2014.02.06 06:24:51.840,0.90468,0.90478,1.00,1.18
2014.02.06 06:25:06.829,0.90468,0.90478,1.08,1.10
2014.02.06 06:25:13.749,0.90468,0.90478,1.20,1.10
2014.02.06 06:25:24.082,0.90464,0.90475,1.15,1.00
2014.02.06 06:25:24.183,0.90464,0.90475,1.15,1.00
2014.02.06 06:25:27.113,0.90464,0.90475,1.15,1.38
2014.02.06 06:25:29.973,0.90464,0.90475,1.15,1.38
2014.02.06 06:25:30.308,0.90464,0.90475,1.15,2.63
2014.02.06 06:25:31.662,0.90464,0.90475,1.15,2.63
2014.02.06 06:25:32.653,0.90464,0.90475,1.15,2.63
2014.02.06 06:25:33.602,0.90464,0.90475,1.15,2.63
2014.02.06 06:25:36.552,0.90464,0.90475,1.15,1.13
2014.02.06 06:25:37.768,0.90464,0.90475,1.15,1.13
2014.02.06 06:25:38.241,0.90466,0.90477,1.08,1.20
2014.02.06 06:25:38.782,0.90466,0.90477,1.10,1.18
2014.02.06 06:25:42.565,0.90466,0.90477,1.08,1.20
2014.02.06 06:25:59.833,0.90469,0.90479,1.00,1.45
2014.02.06 06:26:08.741,0.90469,0.90479,1.10,1.20
2014.02.06 06:26:34.929,0.90469,0.90479,1.18,1.10
2014.02.06 06:26:35.235,0.90471,0.90481,1.10,1.20
2014.02.06 06:26:42.714,0.90469,0.90479,1.15,1.00
2014.02.06 06:27:08.843,0.90469,0.90479,1.18,1.00
2014.02.06 06:27:09.227,0.90466,0.90476,2.03,1.00
2014.02.06 06:27:25.933,0.90466,0.90476,1.10,1.10
2014.02.06 06:27:26.034,0.90464,0.90474,1.15,1.00
2014.02.06 06:27:26.539,0.90464,0.90474,1.15,1.00
2014.02.06 06:27:27.045,0.90464,0.90474,1.15,1.00
2014.02.06 06:27:30.674,0.90464,0.90474,1.15,1.00
2014.02.06 06:27:32.923,0.90464,0.90474,1.15,1.00
2014.02.06 06:27:45.853,0.90464,0.90474,1.18,1.00
2014.02.06 06:27:51.038,0.90464,0.90474,1.18,1.00
2014.02.06 06:27:53.890,0.90467,0.90477,1.10,1.08
2014.02.06 06:27:53.991,0.90464,0.90474,1.18,1.00
2014.02.06 06:27:54.093,0.90464,0.90474,1.18,1.00
2014.02.06 06:27:54.245,0.90465,0.90474,3.90,1.00
2014.02.06 06:27:54.346,0.90469,0.90479,1.00,5.78
2014.02.06 06:27:58.718,0.90469,0.90479,1.10,1.10
2014.02.06 06:28:05.992,0.90469,0.90476,1.10,1.00
2014.02.06 06:28:09.808,0.90469,0.90477,1.10,1.00
2014.02.06 06:28:27.550,0.90471,0.90481,1.00,1.65
2014.02.06 06:28:27.702,0.90471,0.90481,1.10,1.20
2014.02.06 06:28:28.264,0.90471,0.90481,1.00,1.28
2014.02.06 06:28:28.795,0.90471,0.90481,1.10,1.28
2014.02.06 06:28:29.325,0.90471,0.90481,1.00,1.28
2014.02.06 06:28:42.145,0.90471,0.90481,1.10,1.10
2014.02.06 06:28:42.670,0.90471,0.90481,1.00,1.18
2014.02.06 06:28:44.544,0.90471,0.90481,1.10,1.20
2014.02.06 06:28:45.313,0.90471,0.90481,1.00,1.28
2014.02.06 06:28:47.890,0.90471,0.90481,1.10,1.20
2014.02.06 06:28:51.047,0.90472,0.90481,3.83,1.00
2014.02.06 06:28:51.098,0.90474,0.90484,1.10,1.10
2014.02.06 06:28:51.353,0.90474,0.90484,1.08,1.00
2014.02.06 06:28:51.934,0.90474,0.90484,1.18,1.00
2014.02.06 06:28:53.305,0.90474,0.90484,4.65,1.00
2014.02.06 06:28:53.998,0.90474,0.90484,1.15,1.00
2014.02.06 06:28:56.260,0.90474,0.90484,4.65,1.00
2014.02.06 06:28:56.463,0.90477,0.90487,1.18,1.00
2014.02.06 06:28:58.352,0.90477,0.90487,1.08,1.08
2014.02.06 06:28:58.534,0.90477,0.90486,1.00,2.03
2014.02.06 06:28:58.641,0.90471,0.90479,3.90,1.00
2014.02.06 06:29:01.187,0.90475,0.90485,1.00,3.53
2014.02.06 06:29:01.694,0.90475,0.90485,1.00,1.18
2014.02.06 06:29:02.199,0.90475,0.90485,1.00,1.28
2014.02.06 06:29:38.616,0.90477,0.90487,1.00,4.65
2014.02.06 06:29:44.042,0.90477,0.90487,1.18,2.63
2014.02.06 06:29:46.001,0.90477,0.90487,1.10,2.70
2014.02.06 06:29:46.516,0.90477,0.90487,1.18,2.63
2014.02.06 06:29:46.669,0.90477,0.90487,1.18,2.63
2014.02.06 06:29:57.652,0.90477,0.90487,1.10,1.48
2014.02.06 06:29:58.736,0.90474,0.90482,1.00,1.00
2014.02.06 06:29:58.787,0.90474,0.90482,1.00,1.38
2014.02.06 06:29:59.293,0.90473,0.90482,1.10,1.38
2014.02.06 06:30:00.211,0.90472,0.90482,1.65,1.13
2014.02.06 06:30:00.514,0.90474,0.90485,1.18,10.28
2014.02.06 06:30:04.863,0.90474,0.90485,1.10,3.45
2014.02.06 06:30:05.634,0.90474,0.90485,1.18,1.28
2014.02.06 06:30:06.318,0.90474,0.90485,1.10,3.45
2014.02.06 06:30:17.023,0.90476,0.90485,1.00,2.33
2014.02.06 06:30:17.663,0.90474,0.90485,1.18,1.28
2014.02.06 06:30:31.226,0.90476,0.90486,1.00,2.70
2014.02.06 06:30:37.392,0.90476,0.90486,1.08,2.25
2014.02.06 06:30:37.444,0.90476,0.90487,1.15,1.18
2014.02.06 06:30:43.773,0.90479,0.90488,1.00,1.15
2014.02.06 06:30:48.099,0.90479,0.9049,1.18,1.28
2014.02.06 06:30:48.624,0.90481,0.90492,1.10,11.63
2014.02.06 06:31:20.307,0.90481,0.90491,1.00,2.70
2014.02.06 06:31:20.815,0.90481,0.90492,1.10,7.95
2014.02.06 06:31:28.342,0.90481,0.90491,1.00,2.70
2014.02.06 06:31:28.868,0.90481,0.90492,1.10,4.20
2014.02.06 06:31:45.544,0.90479,0.9049,1.18,1.53
2014.02.06 06:31:46.404,0.90479,0.90489,1.10,2.70
2014.02.06 06:31:47.036,0.90479,0.90487,1.00,1.15
2014.02.06 06:31:47.340,0.90476,0.90485,1.00,2.33
2014.02.06 06:31:47.441,0.90474,0.90485,1.20,3.08
2014.02.06 06:31:47.950,0.90474,0.90485,1.18,1.28
2014.02.06 06:31:49.037,0.90474,0.90485,1.20,3.45
2014.02.06 06:31:52.530,0.90471,0.90482,1.28,1.53
2014.02.06 06:31:53.424,0.90474,0.90483,1.00,3.08
2014.02.06 06:31:53.933,0.90474,0.90485,1.10,5.63
2014.02.06 06:31:54.471,0.90474,0.90484,1.00,2.33
2014.02.06 06:32:01.012,0.90474,0.90485,1.10,3.45
2014.02.06 06:32:03.121,0.90471,0.90482,1.15,1.08
2014.02.06 06:32:03.426,0.90469,0.9048,6.90,1.35
2014.02.06 06:32:03.678,0.90474,0.90484,1.00,2.33
2014.02.06 06:32:04.191,0.90474,0.90483,1.00,2.33
2014.02.06 06:32:04.648,0.90472,0.90483,1.10,3.83
2014.02.06 06:32:04.800,0.90472,0.90481,1.00,2.33
2014.02.06 06:32:14.418,0.90472,0.9048,1.00,2.70
2014.02.06 06:32:24.727,0.90472,0.90479,1.00,2.70
2014.02.06 06:32:34.043,0.90472,0.9048,1.00,5.70
2014.02.06 06:32:36.535,0.90472,0.90479,1.00,2.70
2014.02.06 06:32:38.608,0.90472,0.9048,1.00,4.88
2014.02.06 06:32:39.821,0.90472,0.90479,1.00,2.70
2014.02.06 06:32:41.890,0.90468,0.90478,1.00,2.70
2014.02.06 06:32:46.305,0.90469,0.90478,1.00,2.70
2014.02.06 06:32:46.812,0.90469,0.90477,1.00,2.70
2014.02.06 06:32:47.347,0.90469,0.90478,1.00,6.38
2014.02.06 06:32:48.505,0.90466,0.90477,1.65,1.53
2014.02.06 06:32:48.556,0.90466,0.90475,1.58,2.70
2014.02.06 06:32:49.063,0.90466,0.90473,1.00,2.70
2014.02.06 06:32:49.367,0.90464,0.90474,1.50,2.70
2014.02.06 06:32:49.935,0.90464,0.90473,1.50,2.70
2014.02.06 06:32:55.637,0.90465,0.90473,1.00,2.70
2014.02.06 06:32:56.148,0.90465,0.90474,1.00,2.70
2014.02.06 06:32:57.526,0.90465,0.90473,1.00,2.70
2014.02.06 06:32:58.338,0.90465,0.90474,1.00,2.70
2014.02.06 06:33:03.375,0.90465,0.90472,1.00,2.70
2014.02.06 06:33:03.917,0.90464,0.90469,1.00,1.20
2014.02.06 06:33:08.621,0.90462,0.90469,1.00,1.20
2014.02.06 06:33:09.378,0.90462,0.90469,1.00,1.28
2014.02.06 06:33:21.204,0.90462,0.90469,1.00,3.45
2014.02.06 06:33:22.277,0.90461,0.90469,1.00,3.45
2014.02.06 06:33:22.810,0.90461,0.90468,1.00,4.20
2014.02.06 06:33:27.348,0.90461,0.90468,1.00,2.03
2014.02.06 06:33:27.865,0.90462,0.90469,1.00,3.45
2014.02.06 06:33:33.380,0.90459,0.90468,1.38,2.33
2014.02.06 06:33:58.920,0.90462,0.90469,1.00,3.45
2014.02.06 06:33:59.611,0.90459,0.90468,1.38,2.33
2014.02.06 06:34:00.410,0.90462,0.90469,1.00,5.63
2014.02.06 06:34:08.411,0.90464,0.90469,1.00,2.25
2014.02.06 06:34:08.937,0.90465,0.90469,1.00,2.18
2014.02.06 06:34:09.488,0.90465,0.90472,1.00,2.33
2014.02.06 06:34:12.008,0.90464,0.90471,1.00,2.33
2014.02.06 06:34:15.448,0.90465,0.90472,1.00,2.33
2014.02.06 06:34:26.659,0.90466,0.90472,1.00,2.33
2014.02.06 06:34:29.165,0.90466,0.90473,1.00,4.50
2014.02.06 06:34:30.084,0.90464,0.90472,1.00,2.33
2014.02.06 06:34:30.846,0.90466,0.90473,1.00,4.50
2014.02.06 06:34:32.483,0.90464,0.90472,1.00,2.33
2014.02.06 06:34:33.800,0.90466,0.90473,1.00,4.50
2014.02.06 06:34:40.644,0.90466,0.90474,1.00,3.08
2014.02.06 06:34:40.847,0.90468,0.90474,1.00,1.15
2014.02.06 06:34:42.066,0.90464,0.90474,1.50,3.08
2014.02.06 06:34:44.636,0.90464,0.90474,1.50,3.08
2014.02.06 06:34:59.079,0.90466,0.90473,1.00,3.08
2014.02.06 06:34:59.130,0.90464,0.90473,1.13,3.08
2014.02.06 06:34:59.385,0.90466,0.9047,1.00,1.10
2014.02.06 06:34:59.487,0.90464,0.90473,1.00,2.33
2014.02.06 06:35:00.021,0.90464,0.90474,1.38,2.33
2014.02.06 06:35:05.355,0.90465,0.90475,1.38,3.08
2014.02.06 06:35:06.545,0.90469,0.90475,1.00,1.15
2014.02.06 06:35:19.573,0.90461,0.9047,7.58,1.10
2014.02.06 06:35:19.624,0.90466,0.9047,1.00,1.10
2014.02.06 06:35:22.828,0.90462,0.9047,1.38,1.08
2014.02.06 06:35:23.358,0.90465,0.9047,1.00,1.10
2014.02.06 06:35:26.656,0.90464,0.9047,1.00,1.10
2014.02.06 06:35:31.358,0.90463,0.9047,1.10,1.00
2014.02.06 06:35:31.561,0.90463,0.9047,1.00,1.28
2014.02.06 06:35:35.286,0.90463,0.9047,1.00,1.55
2014.02.06 06:35:35.828,0.90463,0.9047,1.00,3.45
2014.02.06 06:35:36.567,0.90463,0.9047,1.00,1.15
2014.02.06 06:35:37.225,0.90463,0.9047,1.00,3.08
2014.02.06 06:35:38.553,0.90464,0.9047,1.00,2.33
2014.02.06 06:35:39.083,0.90464,0.90471,1.00,2.33
2014.02.06 06:35:39.588,0.90461,0.9047,1.13,2.33
2014.02.06 06:35:40.165,0.90464,0.90471,1.00,2.33
2014.02.06 06:35:40.689,0.90464,0.90473,1.50,2.33
2014.02.06 06:35:41.145,0.90464,0.90471,1.50,2.33
2014.02.06 06:35:42.150,0.90464,0.90472,1.50,2.33
2014.02.06 06:35:42.905,0.90464,0.90471,1.50,2.33
2014.02.06 06:35:44.182,0.90459,0.9047,1.43,2.33
2014.02.06 06:35:44.690,0.90457,0.90469,1.28,2.33
2014.02.06 06:35:44.741,0.90461,0.90469,1.00,2.33
2014.02.06 06:35:45.432,0.90461,0.90471,1.00,2.33
2014.02.06 06:35:48.316,0.90462,0.90471,1.00,2.33
2014.02.06 06:35:48.823,0.90462,0.9047,1.00,2.33
2014.02.06 06:35:49.331,0.90461,0.9047,1.00,2.33
2014.02.06 06:35:49.837,0.90461,0.90471,1.00,2.33
2014.02.06 06:35:50.381,0.90461,0.9047,1.00,2.33
2014.02.06 06:35:51.202,0.90461,0.90471,1.00,2.33
2014.02.06 06:35:51.773,0.90461,0.9047,1.00,2.33
2014.02.06 06:35:52.504,0.90461,0.90471,1.00,2.33
2014.02.06 06:35:53.055,0.90461,0.9047,1.00,2.33
2014.02.06 06:35:53.157,0.90461,0.90468,1.00,2.33
2014.02.06 06:35:53.208,0.90459,0.90468,1.00,2.33
2014.02.06 06:35:53.310,0.90456,0.90467,1.65,1.15
2014.02.06 06:35:53.817,0.90457,0.90467,1.00,3.08
2014.02.06 06:35:55.135,0.90457,0.90466,1.00,2.33
2014.02.06 06:35:55.541,0.90454,0.90462,1.10,1.20
2014.02.06 06:35:55.592,0.90454,0.90462,1.00,1.28
2014.02.06 06:35:56.108,0.90454,0.90462,1.00,1.28
2014.02.06 06:35:56.640,0.90454,0.90462,1.00,1.55
2014.02.06 06:36:00.216,0.90452,0.90462,1.18,1.55
2014.02.06 06:36:02.961,0.90457,0.90462,1.00,1.18
2014.02.06 06:36:03.850,0.90451,0.90462,1.65,1.55
2014.02.06 06:36:04.104,0.90451,0.90461,1.50,2.70
2014.02.06 06:36:04.611,0.90451,0.9046,1.00,1.53
2014.02.06 06:36:07.066,0.90451,0.90458,1.10,1.38
2014.02.06 06:36:07.219,0.90444,0.90452,1.25,1.38
2014.02.06 06:36:07.270,0.90446,0.90452,1.00,1.10
2014.02.06 06:36:07.777,0.90445,0.90452,1.00,1.10
2014.02.06 06:36:08.289,0.90444,0.90452,4.28,1.00
2014.02.06 06:36:08.390,0.90446,0.90455,1.10,1.28
2014.02.06 06:36:10.799,0.90443,0.9045,6.00,1.38
2014.02.06 06:36:10.850,0.90443,0.9045,3.90,1.38
2014.02.06 06:36:11.362,0.90441,0.9045,3.90,1.38
2014.02.06 06:36:13.318,0.90441,0.9045,3.90,1.00
2014.02.06 06:36:13.470,0.90444,0.90455,1.08,4.28
2014.02.06 06:36:13.978,0.90444,0.90455,1.18,1.53
2014.02.06 06:36:16.398,0.90444,0.90455,1.15,1.55
2014.02.06 06:36:16.938,0.90444,0.90455,1.18,1.53
2014.02.06 06:36:17.618,0.90444,0.90455,1.15,1.55
2014.02.06 06:36:21.461,0.90444,0.90455,1.18,1.53
2014.02.06 06:36:25.550,0.90444,0.90455,1.18,1.53
2014.02.06 06:36:26.207,0.90444,0.90455,1.18,1.53
2014.02.06 06:36:32.184,0.90444,0.90455,1.15,2.78
2014.02.06 06:36:40.183,0.90445,0.90455,9.83,2.25
2014.02.06 06:36:47.934,0.90444,0.90455,9.00,2.70
2014.02.06 06:36:48.435,0.90445,0.90455,2.33,2.25
2014.02.06 06:36:52.204,0.90444,0.90455,3.08,2.70
2014.02.06 06:36:52.945,0.90445,0.90455,2.33,2.25
2014.02.06 06:36:54.377,0.90444,0.90455,6.83,2.70
2014.02.06 06:36:54.926,0.90445,0.90455,2.33,2.25
2014.02.06 06:36:55.436,0.90445,0.90455,7.65,2.70
2014.02.06 06:36:56.051,0.90445,0.90455,9.83,2.25
2014.02.06 06:36:56.553,0.90445,0.90455,7.65,2.70
2014.02.06 06:37:00.621,0.90445,0.90455,2.33,2.25
2014.02.06 06:37:01.226,0.90444,0.90455,3.08,2.70
2014.02.06 06:37:05.886,0.90445,0.90455,2.33,2.25
2014.02.06 06:37:12.057,0.90445,0.90455,3.90,2.70
2014.02.06 06:37:12.605,0.90445,0.90455,2.33,2.25
2014.02.06 06:37:30.433,0.90445,0.90453,2.18,1.38
2014.02.06 06:37:30.484,0.90444,0.9045,3.90,1.38
2014.02.06 06:37:30.990,0.90443,0.9045,3.90,1.38
2014.02.06 06:37:40.669,0.90444,0.90455,1.10,4.95
2014.02.06 06:37:40.890,0.90444,0.90455,1.15,4.28
2014.02.06 06:37:41.193,0.90445,0.90455,9.83,3.75
2014.02.06 06:37:41.797,0.90444,0.90455,6.83,3.83
2014.02.06 06:37:45.151,0.90444,0.90455,4.65,4.28
2014.02.06 06:37:45.755,0.90445,0.90455,7.65,3.83
2014.02.06 06:37:46.256,0.90446,0.90455,3.83,1.38
2014.02.06 06:37:52.201,0.90445,0.90455,2.33,3.75
2014.02.06 06:37:52.253,0.90444,0.90455,1.15,4.28
2014.02.06 06:37:53.875,0.90444,0.90455,4.65,4.28
2014.02.06 06:37:54.841,0.90444,0.90455,1.18,4.28
2014.02.06 06:37:55.812,0.90444,0.90455,1.15,4.28
2014.02.06 06:38:02.682,0.90444,0.90455,1.18,2.78
2014.02.06 06:38:03.935,0.90449,0.90455,1.00,2.40
2014.02.06 06:38:15.439,0.90449,0.90455,1.00,2.25
2014.02.06 06:38:22.944,0.90449,0.90455,1.00,2.25
2014.02.06 06:38:31.104,0.90447,0.90455,1.10,2.63
2014.02.06 06:38:31.734,0.90447,0.90455,1.18,2.25
2014.02.06 06:38:31.937,0.90449,0.90455,1.00,4.13
2014.02.06 06:38:46.715,0.90449,0.90458,1.00,1.53
2014.02.06 06:38:50.732,0.90449,0.90458,1.00,1.53
2014.02.06 06:38:51.138,0.90449,0.90455,1.00,1.28
2014.02.06 06:38:51.677,0.90449,0.90455,1.00,1.38
2014.02.06 06:38:56.624,0.90449,0.90458,1.00,2.78
2014.02.06 06:38:56.725,0.90449,0.90458,1.08,1.95
2014.02.06 06:38:57.219,0.90451,0.90458,2.25,1.00
2014.02.06 06:39:00.225,0.9045,0.90458,6.83,1.48
2014.02.06 06:39:00.277,0.9045,0.90458,1.10,1.48
2014.02.06 06:39:00.784,0.9045,0.90458,1.18,1.38
2014.02.06 06:39:01.650,0.9045,0.90458,1.18,1.38
2014.02.06 06:39:02.175,0.9045,0.90458,1.00,1.55
2014.02.06 06:39:03.160,0.90451,0.90458,1.00,1.48
2014.02.06 06:39:03.744,0.90451,0.90458,1.10,1.38
2014.02.06 06:39:06.187,0.90451,0.90458,1.00,3.45
2014.02.06 06:39:06.502,0.9045,0.90458,1.38,1.53
2014.02.06 06:39:06.554,0.90453,0.90458,1.00,1.08
2014.02.06 06:39:06.657,0.90453,0.9046,1.10,1.88
2014.02.06 06:39:06.809,0.90453,0.90458,1.10,1.13
2014.02.06 06:39:15.202,0.90451,0.90456,3.90,1.00
2014.02.06 06:39:15.303,0.90453,0.90458,1.00,1.20
2014.02.06 06:39:15.405,0.90448,0.90456,4.95,2.25
2014.02.06 06:39:15.506,0.90448,0.90453,4.50,1.20
2014.02.06 06:39:15.608,0.90446,0.90453,3.75,1.18
2014.02.06 06:39:15.811,0.90448,0.90453,1.18,1.00
2014.02.06 06:39:15.963,0.90444,0.90453,3.90,1.38
2014.02.06 06:39:16.166,0.90445,0.9045,4.58,1.00
2014.02.06 06:39:16.279,0.90445,0.90454,4.65,1.95
2014.02.06 06:39:16.389,0.90445,0.90454,1.10,1.55
2014.02.06 06:39:16.940,0.90444,0.90451,1.10,1.00
2014.02.06 06:39:21.646,0.90442,0.90451,1.15,1.00
2014.02.06 06:39:21.747,0.90446,0.90455,1.28,1.58
2014.02.06 06:39:21.849,0.90451,0.90455,1.00,1.00
2014.02.06 06:39:22.354,0.90451,0.90459,1.00,2.33
2014.02.06 06:39:23.450,0.90451,0.90458,1.00,2.33
2014.02.06 06:39:23.602,0.90454,0.90461,1.00,1.28
2014.02.06 06:39:24.085,0.90451,0.90461,1.00,3.45
2014.02.06 06:39:24.606,0.90446,0.90455,2.33,1.00
2014.02.06 06:39:24.708,0.90445,0.90455,1.65,1.10
2014.02.06 06:39:25.325,0.90448,0.90458,1.10,1.15
2014.02.06 06:39:39.285,0.90448,0.90458,4.65,1.10
2014.02.06 06:39:39.868,0.90448,0.90458,4.65,1.28
2014.02.06 06:39:42.854,0.90446,0.90453,3.83,1.20
2014.02.06 06:39:42.905,0.90445,0.90453,7.50,1.28
2014.02.06 06:39:43.411,0.90443,0.90453,4.65,1.28
2014.02.06 06:39:44.922,0.90443,0.90453,4.65,1.20
2014.02.06 06:39:45.176,0.9045,0.90458,1.00,2.70
2014.02.06 06:39:45.278,0.90448,0.90458,1.00,3.45
2014.02.06 06:39:49.899,0.90445,0.90455,8.40,1.10
2014.02.06 06:39:50.404,0.90445,0.90455,1.18,1.18
2014.02.06 06:39:56.759,0.90445,0.90455,1.58,1.15
2014.02.06 06:39:57.333,0.90445,0.90455,9.15,1.55
2014.02.06 06:39:57.439,0.90448,0.90455,1.00,1.18
2014.02.06 06:40:00.338,0.90448,0.90455,1.00,1.20
2014.02.06 06:40:00.592,0.90448,0.90458,1.18,1.28
2014.02.06 06:40:02.056,0.90448,0.90458,1.75,1.28
2014.02.06 06:40:02.589,0.90448,0.90458,1.65,1.28
2014.02.06 06:40:03.711,0.90448,0.90458,2.03,1.28
2014.02.06 06:40:04.072,0.90452,0.90458,1.15,1.00
2014.02.06 06:40:04.174,0.90452,0.9046,1.15,1.00
2014.02.06 06:40:04.328,0.90457,0.90463,1.00,1.28
2014.02.06 06:40:04.430,0.90455,0.90465,1.15,1.95
2014.02.06 06:40:04.532,0.90455,0.90465,1.10,1.53
2014.02.06 06:40:05.038,0.90455,0.90465,1.18,1.18
2014.02.06 06:40:07.806,0.90453,0.90465,2.33,2.28
2014.02.06 06:40:07.908,0.90451,0.90465,6.83,6.70
2014.02.06 06:40:15.401,0.90451,0.90459,3.90,1.00
2014.02.06 06:40:15.554,0.90448,0.90456,1.10,1.10
2014.02.06 06:40:15.706,0.90445,0.90451,8.40,1.00
2014.02.06 06:40:16.162,0.90444,0.90451,1.10,1.38
2014.02.06 06:40:16.517,0.90445,0.90454,1.00,1.53
2014.02.06 06:40:17.050,0.90445,0.90454,1.18,1.48
2014.02.06 06:40:17.911,0.90448,0.90454,1.00,1.48
2014.02.06 06:40:18.064,0.9045,0.90456,2.25,1.38
2014.02.06 06:40:18.116,0.90447,0.90456,2.33,1.38
2014.02.06 06:40:18.656,0.90446,0.90456,3.83,1.38
2014.02.06 06:40:20.961,0.90447,0.90456,2.33,1.38
2014.02.06 06:40:21.315,0.9045,0.90456,1.00,1.00
2014.02.06 06:40:21.770,0.90451,0.90458,2.33,1.00
2014.02.06 06:40:21.872,0.9045,0.90458,3.90,1.00
2014.02.06 06:40:22.024,0.90451,0.9046,3.90,1.00
2014.02.06 06:40:24.206,0.90456,0.9046,1.00,1.00
2014.02.06 06:40:24.809,0.90457,0.90463,1.00,1.53
2014.02.06 06:40:25.054,0.90453,0.9046,3.83,1.00
2014.02.06 06:40:27.032,0.90456,0.90464,1.00,3.45
2014.02.06 06:40:27.235,0.90454,0.90464,1.18,2.03
2014.02.06 06:40:27.844,0.90454,0.90464,1.10,1.53
2014.02.06 06:40:28.894,0.90459,0.90464,1.00,1.45
2014.02.06 06:40:29.097,0.90459,0.90464,1.00,1.10
2014.02.06 06:40:29.351,0.90459,0.90469,1.50,8.25
2014.02.06 06:40:31.969,0.90461,0.90469,1.00,3.45
2014.02.06 06:40:40.382,0.90459,0.90464,1.00,1.00
2014.02.06 06:40:40.484,0.90456,0.90466,1.18,1.28
2014.02.06 06:40:41.003,0.90454,0.90464,3.08,1.00
2014.02.06 06:40:44.658,0.90455,0.90464,2.33,1.00
2014.02.06 06:40:46.263,0.90455,0.90464,2.33,1.00
2014.02.06 06:40:46.466,0.9045,0.90459,1.65,1.00
2014.02.06 06:40:48.274,0.9045,0.90459,3.83,1.00
2014.02.06 06:40:48.838,0.9045,0.90459,1.15,1.00
2014.02.06 06:40:49.265,0.90451,0.90459,2.33,1.00
2014.02.06 06:40:49.920,0.90449,0.90459,1.18,2.03
2014.02.06 06:40:50.073,0.90447,0.90456,3.83,1.50
2014.02.06 06:40:50.379,0.90445,0.90451,1.10,1.00
2014.02.06 06:40:50.961,0.90445,0.90451,1.18,1.00
2014.02.06 06:40:51.063,0.90446,0.90456,1.65,1.58
2014.02.06 06:40:55.308,0.90447,0.90456,1.18,1.10
2014.02.06 06:40:57.069,0.9045,0.90456,1.00,1.10
2014.02.06 06:40:58.613,0.90449,0.90459,1.50,3.45
2014.02.06 06:41:10.609,0.90452,0.90459,1.38,3.38
2014.02.06 06:41:10.761,0.90454,0.90461,1.38,2.70
2014.02.06 06:41:10.813,0.90455,0.90461,1.08,1.10
2014.02.06 06:41:10.864,0.90458,0.90463,1.00,1.00
2014.02.06 06:41:11.390,0.90458,0.90464,1.00,1.20
2014.02.06 06:41:11.957,0.90462,0.90466,1.00,1.10
2014.02.06 06:41:12.261,0.9046,0.90468,1.38,1.45
2014.02.06 06:41:12.363,0.90459,0.90468,1.55,1.48
2014.02.06 06:41:12.616,0.90459,0.90469,1.20,2.03
2014.02.06 06:41:13.399,0.90459,0.90469,1.18,2.03
2014.02.06 06:41:15.228,0.90457,0.90464,3.90,1.38
2014.02.06 06:41:15.279,0.90457,0.90464,3.83,1.38
2014.02.06 06:41:15.888,0.90457,0.90464,2.25,1.00
2014.02.06 06:41:16.142,0.90459,0.90469,1.18,2.03
2014.02.06 06:41:17.896,0.90459,0.90469,1.20,2.03
2014.02.06 06:41:18.975,0.90456,0.90464,6.08,1.00
2014.02.06 06:41:19.279,0.90454,0.90464,6.83,1.00
2014.02.06 06:41:19.432,0.90454,0.90464,1.18,1.55
2014.02.06 06:41:20.956,0.90459,0.90464,1.00,1.10
2014.02.06 06:41:21.463,0.90457,0.90464,2.25,1.00
2014.02.06 06:41:21.514,0.90454,0.90464,1.15,1.95
2014.02.06 06:41:22.122,0.90454,0.90464,1.15,1.95
2014.02.06 06:41:23.832,0.90459,0.90464,1.00,1.48
2014.02.06 06:41:24.136,0.90458,0.90466,2.70,3.75
2014.02.06 06:41:24.339,0.90455,0.90464,8.40,1.10
2014.02.06 06:41:24.441,0.90456,0.90464,2.33,1.00
2014.02.06 06:41:24.737,0.90455,0.90464,3.90,1.00
2014.02.06 06:41:24.890,0.90454,0.90464,4.65,1.55
2014.02.06 06:41:26.443,0.90459,0.90464,1.00,1.55
2014.02.06 06:41:26.747,0.9046,0.90468,1.38,1.15
2014.02.06 06:41:26.900,0.90464,0.90469,1.00,1.00
2014.02.06 06:41:29.188,0.9046,0.90468,1.53,1.38
2014.02.06 06:41:29.240,0.90459,0.90466,2.70,1.00
2014.02.06 06:41:29.392,0.90455,0.90464,3.90,1.00
2014.02.06 06:41:29.494,0.90454,0.90464,1.18,1.18
2014.02.06 06:41:29.848,0.90452,0.90461,6.83,1.00
2014.02.06 06:41:31.706,0.90453,0.90461,2.33,1.00
2014.02.06 06:41:32.059,0.90459,0.90464,1.00,1.00
2014.02.06 06:41:32.317,0.90455,0.90464,3.08,1.38
2014.02.06 06:41:32.419,0.90452,0.90461,7.20,1.00
2014.02.06 06:41:34.596,0.90453,0.90461,1.53,1.00
2014.02.06 06:41:34.952,0.90462,0.90469,1.00,3.90
2014.02.06 06:41:40.188,0.90459,0.90466,1.08,1.13
2014.02.06 06:41:40.354,0.90455,0.90461,1.18,1.00
2014.02.06 06:41:40.561,0.90459,0.90466,1.15,1.88
2014.02.06 06:41:40.764,0.90454,0.90461,6.08,1.00
2014.02.06 06:41:40.866,0.90456,0.90466,1.10,1.15
2014.02.06 06:41:41.388,0.90456,0.90466,1.18,1.18
2014.02.06 06:41:43.120,0.90456,0.90466,1.93,1.18
2014.02.06 06:41:43.425,0.90464,0.9047,1.00,2.03
2014.02.06 06:41:47.487,0.90462,0.90466,1.00,1.00
2014.02.06 06:41:47.695,0.90457,0.90464,1.15,1.00
2014.02.06 06:41:52.402,0.90457,0.90464,1.08,1.38
2014.02.06 06:41:52.453,0.90456,0.90464,6.45,1.38
2014.02.06 06:41:53.779,0.90458,0.90464,1.15,1.00
2014.02.06 06:41:54.386,0.90461,0.90466,1.00,1.38
2014.02.06 06:41:57.687,0.90461,0.90467,1.00,1.00
2014.02.06 06:41:59.561,0.90458,0.90467,1.18,1.38
2014.02.06 06:42:00.215,0.90461,0.90467,1.00,1.00
2014.02.06 06:42:01.979,0.90462,0.90467,1.00,1.00
2014.02.06 06:42:02.233,0.90457,0.90467,6.83,1.38
2014.02.06 06:42:02.745,0.90462,0.90467,1.00,1.00
2014.02.06 06:42:05.175,0.90461,0.90467,1.00,1.00
2014.02.06 06:42:12.979,0.90458,0.90467,1.28,1.48
2014.02.06 06:42:13.487,0.90458,0.90464,1.18,1.00
2014.02.06 06:42:13.589,0.90458,0.90464,1.15,1.00
2014.02.06 06:42:14.636,0.90458,0.90462,1.00,1.00
2014.02.06 06:42:14.839,0.90453,0.90462,6.08,1.00
2014.02.06 06:42:18.008,0.90454,0.90462,2.33,1.00
2014.02.06 06:42:18.364,0.90458,0.90464,1.00,1.20
2014.02.06 06:42:18.415,0.9046,0.90464,1.00,1.10
2014.02.06 06:42:21.593,0.90458,0.90464,1.10,1.13
2014.02.06 06:42:21.695,0.90458,0.90462,1.00,1.00
2014.02.06 06:42:22.219,0.90457,0.90462,1.00,1.00
2014.02.06 06:42:34.999,0.90454,0.90462,1.15,1.38
2014.02.06 06:42:38.519,0.90458,0.90463,1.00,1.38
2014.02.06 06:42:38.671,0.90458,0.90466,1.58,1.48
2014.02.06 06:42:38.975,0.90458,0.90466,1.00,2.03
2014.02.06 06:42:40.156,0.9046,0.90464,1.00,1.00
2014.02.06 06:42:43.703,0.90458,0.90464,1.00,1.38
2014.02.06 06:42:48.120,0.90455,0.90462,1.08,1.48
2014.02.06 06:43:04.482,0.90454,0.90462,1.10,1.48
2014.02.06 06:43:06.703,0.90455,0.90462,1.00,2.03
2014.02.06 06:43:07.228,0.90457,0.90462,1.00,1.18
2014.02.06 06:43:07.445,0.90455,0.90462,1.00,1.55
2014.02.06 06:43:10.662,0.90457,0.90462,1.00,1.18
2014.02.06 06:43:14.832,0.90452,0.90462,3.83,1.38
2014.02.06 06:43:17.064,0.90452,0.90462,3.90,1.48
2014.02.06 06:43:18.786,0.90452,0.90462,3.90,1.20
2014.02.06 06:43:19.040,0.90453,0.90464,6.83,1.48
2014.02.06 06:43:19.587,0.90453,0.90464,6.83,1.10
2014.02.06 06:43:32.793,0.90455,0.90466,1.18,2.78
2014.02.06 06:43:32.896,0.90454,0.90464,1.10,1.53
2014.02.06 06:43:44.144,0.90454,0.90464,1.18,1.55
2014.02.06 06:43:44.801,0.90454,0.90464,1.10,1.53
2014.02.06 06:43:50.978,0.90452,0.90462,1.18,1.08
2014.02.06 06:43:51.598,0.90452,0.90462,1.10,1.15
2014.02.06 06:44:07.115,0.90451,0.90461,1.10,1.15
2014.02.06 06:44:07.775,0.90451,0.90461,1.18,1.18
2014.02.06 06:44:18.017,0.90453,0.90461,1.00,1.18
2014.02.06 06:44:23.760,0.90453,0.90461,1.00,1.15
2014.02.06 06:44:24.285,0.90453,0.90461,1.00,1.65
2014.02.06 06:44:24.942,0.90453,0.90459,1.00,1.00
2014.02.06 06:44:25.943,0.90452,0.90459,1.00,1.10
2014.02.06 06:44:26.247,0.90448,0.90456,1.08,1.45
2014.02.06 06:44:26.298,0.90447,0.90456,1.00,1.53
2014.02.06 06:44:28.320,0.90447,0.90456,1.58,1.53
2014.02.06 06:44:28.472,0.9045,0.90457,1.00,1.15
2014.02.06 06:44:28.725,0.9045,0.90458,1.00,1.18
2014.02.06 06:44:29.234,0.90451,0.90458,1.00,1.10
2014.02.06 06:44:30.153,0.90452,0.90461,1.00,4.58
2014.02.06 06:44:30.255,0.90453,0.90461,1.10,2.33
2014.02.06 06:44:31.430,0.90455,0.90463,3.90,1.00
2014.02.06 06:44:31.633,0.90458,0.90465,1.58,1.00
2014.02.06 06:44:32.444,0.90458,0.90466,1.10,2.63
2014.02.06 06:44:33.141,0.90458,0.90465,1.10,1.00
2014.02.06 06:44:38.405,0.90459,0.90465,1.00,1.00
2014.02.06 06:44:38.944,0.90458,0.90465,1.58,1.00
2014.02.06 06:44:39.469,0.90459,0.90465,1.00,1.00
2014.02.06 06:44:39.984,0.90458,0.90465,1.58,1.00
2014.02.06 06:44:40.530,0.90459,0.90465,1.00,1.00
2014.02.06 06:44:44.195,0.90457,0.90465,1.00,1.18
2014.02.06 06:44:44.297,0.90456,0.90465,1.50,3.08
2014.02.06 06:44:44.826,0.90455,0.90465,1.00,3.08
2014.02.06 06:44:58.320,0.90456,0.90464,1.00,1.15
2014.02.06 06:44:59.734,0.90456,0.90464,1.00,1.18
2014.02.06 06:45:00.281,0.90452,0.90464,6.08,1.18
2014.02.06 06:45:02.373,0.90453,0.90465,3.90,3.45
2014.02.06 06:45:03.148,0.90453,0.90465,3.90,1.15
2014.02.06 06:45:03.835,0.90455,0.90465,1.18,1.18
2014.02.06 06:45:04.361,0.90454,0.90465,2.33,1.10
2014.02.06 06:45:04.766,0.90453,0.90461,5.93,2.25
2014.02.06 06:45:04.817,0.90453,0.90461,3.75,2.33
2014.02.06 06:45:04.868,0.90452,0.90462,6.75,2.25
2014.02.06 06:45:04.920,0.90455,0.90463,1.10,1.10
2014.02.06 06:45:07.048,0.90456,0.90464,1.08,1.10
2014.02.06 06:45:07.572,0.90459,0.90465,1.00,1.50
2014.02.06 06:45:09.654,0.90458,0.90466,1.58,1.58
2014.02.06 06:45:10.161,0.9046,0.90467,1.18,1.00
2014.02.06 06:45:10.363,0.90459,0.90467,1.00,1.18
2014.02.06 06:45:14.969,0.90459,0.90467,1.00,3.08
2014.02.06 06:45:17.014,0.90459,0.90466,1.00,2.33
2014.02.06 06:45:17.786,0.90458,0.90466,1.00,2.33
2014.02.06 06:45:20.251,0.90458,0.90467,1.08,3.00
2014.02.06 06:45:20.302,0.90458,0.90467,1.15,1.00
2014.02.06 06:45:21.088,0.90461,0.90467,1.10,1.00
2014.02.06 06:45:27.901,0.90461,0.90467,1.08,1.00
2014.02.06 06:45:30.305,0.9046,0.90467,1.58,1.10
2014.02.06 06:45:31.044,0.9046,0.90467,1.00,1.48
2014.02.06 06:45:31.154,0.9046,0.90467,1.00,1.20
2014.02.06 06:45:38.934,0.90459,0.90467,1.58,1.20
2014.02.06 06:45:40.015,0.90458,0.90466,1.58,1.08
2014.02.06 06:45:40.217,0.90457,0.90466,1.50,3.08
2014.02.06 06:45:40.953,0.90457,0.90466,1.50,1.15
2014.02.06 06:45:52.317,0.90457,0.90466,1.58,1.18
2014.02.06 06:45:54.586,0.90457,0.90466,2.40,1.00
2014.02.06 06:45:55.093,0.90459,0.90468,1.10,1.55
2014.02.06 06:45:57.156,0.9046,0.90467,1.00,1.20
2014.02.06 06:46:03.783,0.90459,0.90467,1.20,1.20
2014.02.06 06:46:04.289,0.90459,0.90467,1.18,1.13
2014.02.06 06:46:05.189,0.90459,0.90467,1.10,1.20
2014.02.06 06:46:06.155,0.90459,0.90467,1.08,1.13
2014.02.06 06:46:07.328,0.90459,0.90467,1.20,1.20
2014.02.06 06:46:08.957,0.90459,0.90467,1.08,1.13
2014.02.06 06:46:12.254,0.90459,0.90467,1.20,1.20
2014.02.06 06:46:18.786,0.9046,0.9047,1.50,3.45
2014.02.06 06:46:28.225,0.90461,0.9047,1.00,1.53
2014.02.06 06:46:29.587,0.9046,0.9047,2.33,1.53
2014.02.06 06:46:30.140,0.90461,0.9047,1.00,1.53
2014.02.06 06:46:33.416,0.9046,0.9047,1.58,1.53
2014.02.06 06:46:34.018,0.90461,0.9047,1.00,1.53
2014.02.06 06:46:34.522,0.9046,0.9047,1.50,3.45
2014.02.06 06:46:35.600,0.90461,0.9047,1.00,3.45
2014.02.06 06:46:36.410,0.9046,0.9047,1.50,3.45
2014.02.06 06:46:37.428,0.90461,0.9047,1.00,1.53
2014.02.06 06:46:56.129,0.90461,0.9047,1.00,4.20
2014.02.06 06:46:56.483,0.90459,0.90467,1.50,1.53
2014.02.06 06:47:02.173,0.90459,0.90467,1.50,1.28
2014.02.06 06:47:03.084,0.90459,0.90469,1.50,7.95
2014.02.06 06:47:03.746,0.90459,0.90469,1.50,10.13
2014.02.06 06:47:04.297,0.90459,0.90469,1.50,7.95
2014.02.06 06:47:17.870,0.90459,0.90468,1.50,2.70
2014.02.06 06:47:19.420,0.90459,0.90467,1.00,1.28
2014.02.06 06:47:31.685,0.90459,0.90467,1.00,1.28
2014.02.06 06:47:32.588,0.90459,0.90467,1.00,1.28
2014.02.06 06:47:34.106,0.90459,0.90467,1.00,1.28
2014.02.06 06:47:35.716,0.90459,0.90467,1.00,1.28
2014.02.06 06:47:41.104,0.90459,0.90467,1.00,1.55
2014.02.06 06:47:53.446,0.90459,0.90467,1.00,2.03
2014.02.06 06:47:58.820,0.9046,0.90469,1.00,7.20
2014.02.06 06:47:59.327,0.90461,0.90469,1.00,1.55
2014.02.06 06:48:02.263,0.9046,0.90469,2.33,1.55
2014.02.06 06:48:02.769,0.90461,0.90469,1.00,1.55
2014.02.06 06:48:03.022,0.90459,0.90469,1.10,5.03
2014.02.06 06:48:03.072,0.90461,0.90469,1.00,5.03
2014.02.06 06:48:04.267,0.9046,0.90469,1.58,5.03
2014.02.06 06:48:04.919,0.90459,0.90469,1.10,5.03
2014.02.06 06:48:05.273,0.90461,0.90469,1.00,5.03
2014.02.06 06:48:05.927,0.9046,0.90469,1.00,5.03
2014.02.06 06:48:06.990,0.90461,0.90469,1.00,5.03
2014.02.06 06:48:09.681,0.9046,0.90469,1.58,1.55
2014.02.06 06:48:13.229,0.90459,0.90469,1.10,1.53
2014.02.06 06:48:13.543,0.90461,0.90469,1.00,1.18
2014.02.06 06:48:14.061,0.9046,0.90469,1.00,1.53
2014.02.06 06:48:14.567,0.90461,0.90471,1.00,9.90
2014.02.06 06:48:14.922,0.90463,0.90471,1.00,1.73
2014.02.06 06:48:15.023,0.90464,0.90471,1.00,1.20
2014.02.06 06:48:15.125,0.90462,0.90471,1.00,3.23
2014.02.06 06:48:19.816,0.90462,0.9047,1.00,7.65
2014.02.06 06:48:20.453,0.90462,0.90469,1.00,3.83
2014.02.06 06:48:20.905,0.90461,0.90468,1.00,3.83
2014.02.06 06:48:21.057,0.90459,0.90467,1.00,3.90
2014.02.06 06:48:21.260,0.90461,0.90469,1.00,7.20
2014.02.06 06:48:22.931,0.9046,0.90469,1.50,3.45
2014.02.06 06:48:23.436,0.90461,0.90469,1.00,7.20
2014.02.06 06:48:24.226,0.9046,0.90469,1.00,7.20
2014.02.06 06:48:24.732,0.90459,0.90469,1.00,3.45
2014.02.06 06:48:25.036,0.90461,0.90469,1.00,3.45
2014.02.06 06:48:26.572,0.9046,0.90469,1.00,3.45
2014.02.06 06:48:27.079,0.90461,0.90469,1.00,3.45
2014.02.06 06:48:27.763,0.9046,0.90469,1.00,3.45
2014.02.06 06:48:28.268,0.90459,0.90469,1.50,7.95
2014.02.06 06:48:28.574,0.90461,0.90469,1.00,7.20
2014.02.06 06:48:29.083,0.9046,0.90469,1.00,7.95
2014.02.06 06:48:29.595,0.90459,0.90469,1.00,7.20
2014.02.06 06:48:29.901,0.90461,0.90469,1.00,7.20
2014.02.06 06:48:30.054,0.90459,0.90469,1.00,7.20
2014.02.06 06:48:30.155,0.90461,0.90469,1.00,7.95
2014.02.06 06:48:30.754,0.90459,0.90469,1.00,7.20
2014.02.06 06:48:30.856,0.90461,0.90469,1.00,7.20
2014.02.06 06:48:33.083,0.9046,0.90469,1.00,7.20
2014.02.06 06:48:33.623,0.90461,0.90468,1.00,2.33
2014.02.06 06:48:33.680,0.90461,0.90469,1.00,5.03
2014.02.06 06:48:33.987,0.90459,0.90468,1.10,4.28
2014.02.06 06:48:34.494,0.9046,0.90469,1.00,5.03
2014.02.06 06:48:35.000,0.90458,0.90468,2.25,6.45
2014.02.06 06:48:35.303,0.9046,0.90468,1.00,4.28
2014.02.06 06:48:35.810,0.90459,0.90467,1.10,4.20
2014.02.06 06:48:48.684,0.90459,0.90467,1.00,4.28
2014.02.06 06:48:49.243,0.90458,0.90467,1.50,6.45
2014.02.06 06:48:55.786,0.90458,0.90466,1.50,2.33
2014.02.06 06:48:56.315,0.90458,0.90465,1.00,2.33
2014.02.06 06:48:56.367,0.90455,0.90465,2.25,2.33
2014.02.06 06:48:57.026,0.90456,0.90464,1.00,2.03
2014.02.06 06:48:57.533,0.90454,0.90464,1.10,1.28
2014.02.06 06:48:58.155,0.90454,0.90464,1.18,1.28
2014.02.06 06:48:58.777,0.90456,0.90466,1.00,10.20
2014.02.06 06:49:01.782,0.90456,0.90466,1.38,4.95
2014.02.06 06:49:01.833,0.90456,0.90467,2.78,5.03
2014.02.06 06:49:02.435,0.90458,0.90469,1.95,9.56
2014.02.06 06:49:06.461,0.9046,0.90469,1.00,8.70
2014.02.06 06:49:06.976,0.9046,0.90469,1.00,6.53
2014.02.06 06:49:07.484,0.9046,0.90469,1.10,1.55
2014.02.06 06:49:08.059,0.90458,0.90468,2.03,4.20
2014.02.06 06:49:09.884,0.90458,0.90468,2.03,4.28
2014.02.06 06:49:14.035,0.90458,0.90467,1.88,6.45
2014.02.06 06:49:14.810,0.90458,0.90465,1.88,3.83
2014.02.06 06:49:15.114,0.9046,0.90467,1.00,4.28
2014.02.06 06:49:20.209,0.90458,0.90467,1.88,4.28
2014.02.06 06:49:25.743,0.9046,0.90467,1.00,4.28
2014.02.06 06:49:26.048,0.9046,0.90468,1.00,4.28
2014.02.06 06:49:28.461,0.90458,0.90468,1.28,4.28
2014.02.06 06:49:28.968,0.90458,0.90467,1.08,4.28
2014.02.06 06:49:29.527,0.90458,0.90467,1.00,4.28
2014.02.06 06:49:34.568,0.90458,0.90467,1.10,4.28
2014.02.06 06:49:35.191,0.90458,0.90467,1.00,4.28
2014.02.06 06:49:45.974,0.90458,0.90466,1.00,3.90
2014.02.06 06:49:52.379,0.90458,0.90467,1.00,4.28
2014.02.06 06:49:52.581,0.90459,0.90468,1.20,4.28
2014.02.06 06:49:52.936,0.90459,0.90468,1.00,6.45
2014.02.06 06:49:53.088,0.90457,0.90467,1.58,1.53
2014.02.06 06:49:53.603,0.90457,0.90467,1.00,7.20
2014.02.06 06:50:00.139,0.90456,0.90467,2.33,7.95
2014.02.06 06:50:02.032,0.90456,0.90466,2.25,2.70
2014.02.06 06:50:02.644,0.90456,0.90466,2.33,4.28
2014.02.06 06:50:04.401,0.90456,0.90466,1.50,6.45
2014.02.06 06:50:04.950,0.90456,0.90466,1.58,4.28
2014.02.06 06:50:13.335,0.90456,0.90466,1.50,2.70
2014.02.06 06:50:22.664,0.90454,0.90463,1.18,1.95
2014.02.06 06:50:40.087,0.90457,0.90463,1.00,1.65
2014.02.06 06:51:02.878,0.90457,0.90463,1.00,1.65
2014.02.06 06:51:21.179,0.90457,0.90463,1.00,1.95
2014.02.06 06:51:24.015,0.90458,0.90465,1.00,2.03
2014.02.06 06:51:36.218,0.90459,0.90465,1.00,1.65
2014.02.06 06:51:36.371,0.90459,0.90466,1.00,1.53
2014.02.06 06:51:39.052,0.9046,0.90467,1.00,1.55
2014.02.06 06:51:39.756,0.90459,0.90467,1.50,1.55
2014.02.06 06:51:40.408,0.90459,0.90467,1.58,1.08
2014.02.06 06:51:40.661,0.90461,0.90468,1.65,1.00
2014.02.06 06:51:41.015,0.9046,0.90469,8.78,1.48
2014.02.06 06:51:41.117,0.9046,0.90469,4.58,1.48
2014.02.06 06:51:41.647,0.9046,0.90469,1.15,1.00
2014.02.06 06:51:43.755,0.9046,0.90469,1.08,4.95
2014.02.06 06:51:44.061,0.9046,0.90469,1.10,5.03
2014.02.06 06:51:49.112,0.90459,0.90469,2.03,2.03
2014.02.06 06:51:49.163,0.90459,0.90469,1.28,1.95
2014.02.06 06:51:49.733,0.90459,0.90467,2.03,1.38
2014.02.06 06:51:54.103,0.90459,0.90467,2.03,1.13
2014.02.06 06:52:00.544,0.90459,0.90469,2.03,2.03
2014.02.06 06:52:01.051,0.90461,0.90471,1.10,2.78
2014.02.06 06:52:02.316,0.90461,0.90471,1.08,2.78
2014.02.06 06:52:11.508,0.90461,0.90471,1.20,2.78
2014.02.06 06:52:12.378,0.90461,0.90471,1.08,2.78
2014.02.06 06:52:15.250,0.90463,0.90471,1.10,1.48
2014.02.06 06:52:15.354,0.90465,0.90471,3.90,1.00
2014.02.06 06:52:15.504,0.90464,0.90474,1.65,1.28
2014.02.06 06:52:15.915,0.90466,0.90475,2.40,1.20
2014.02.06 06:52:15.967,0.90469,0.90475,1.00,1.08
2014.02.06 06:52:16.069,0.90466,0.90475,3.83,4.50
2014.02.06 06:52:16.222,0.90466,0.90475,1.10,3.90
2014.02.06 06:52:16.526,0.90464,0.90472,1.18,1.00
2014.02.06 06:52:16.678,0.90463,0.90471,1.20,1.48
2014.02.06 06:52:19.582,0.90463,0.90471,1.10,1.48
2014.02.06 06:52:20.607,0.90462,0.90471,1.65,1.48
2014.02.06 06:52:22.589,0.90462,0.90472,1.18,5.78
2014.02.06 06:52:22.985,0.90461,0.90469,1.00,1.45
2014.02.06 06:52:25.777,0.90461,0.90469,1.00,1.55
2014.02.06 06:52:27.436,0.90461,0.90469,1.18,1.38
2014.02.06 06:52:29.380,0.90461,0.90469,1.20,1.48
2014.02.06 06:52:31.239,0.90461,0.90469,1.10,1.48
2014.02.06 06:52:42.085,0.90462,0.9047,1.00,2.03
2014.02.06 06:52:42.445,0.90464,0.9047,1.00,1.65
2014.02.06 06:52:42.951,0.90464,0.90471,1.10,1.38
2014.02.06 06:52:58.127,0.90464,0.90471,1.58,1.00
2014.02.06 06:52:58.420,0.90468,0.90472,1.00,1.00
2014.02.06 06:52:58.574,0.90468,0.90475,1.00,1.95
2014.02.06 06:52:58.626,0.9047,0.90475,1.00,1.20
2014.02.06 06:52:58.728,0.90467,0.90476,1.10,1.65
2014.02.06 06:52:58.779,0.90467,0.90476,1.00,3.83
2014.02.06 06:52:59.134,0.90465,0.90475,1.50,3.45
2014.02.06 06:53:00.503,0.90465,0.90475,1.18,9.90
2014.02.06 06:53:01.008,0.90465,0.90475,1.10,10.28
2014.02.06 06:53:10.556,0.90464,0.90473,1.58,4.28
2014.02.06 06:53:12.330,0.90465,0.90474,1.00,2.70
2014.02.06 06:53:24.720,0.90464,0.90472,1.10,1.38
2014.02.06 06:53:25.225,0.90465,0.9047,1.00,1.50
2014.02.06 06:53:28.217,0.90464,0.9047,1.10,1.50
2014.02.06 06:53:28.674,0.90462,0.9047,1.58,1.95
2014.02.06 06:53:38.757,0.9046,0.9047,2.40,2.03
2014.02.06 06:53:39.345,0.9046,0.9047,2.25,4.20
2014.02.06 06:53:45.712,0.9046,0.90469,1.18,1.48
2014.02.06 06:53:45.915,0.90459,0.90469,2.33,5.03
2014.02.06 06:53:46.284,0.90459,0.90467,1.50,2.70
2014.02.06 06:53:46.335,0.90457,0.90465,1.13,1.28
2014.02.06 06:53:46.437,0.90457,0.90465,1.13,1.55
2014.02.06 06:53:46.947,0.90456,0.90465,1.58,1.55
2014.02.06 06:53:47.447,0.90456,0.90465,1.58,2.40
2014.02.06 06:53:47.979,0.90456,0.90465,1.50,1.15
2014.02.06 06:53:51.465,0.90456,0.90465,1.50,3.08
2014.02.06 06:53:52.124,0.90456,0.90465,1.00,1.15
2014.02.06 06:53:52.582,0.90456,0.90465,1.18,1.10
2014.02.06 06:53:54.990,0.90456,0.90465,1.58,1.08
2014.02.06 06:53:55.517,0.90456,0.90465,1.00,10.58
2014.02.06 06:54:00.341,0.90456,0.90465,1.00,1.15
2014.02.06 06:54:01.744,0.90456,0.90465,1.00,10.58
2014.02.06 06:54:02.287,0.90455,0.90464,1.00,4.65
2014.02.06 06:54:02.799,0.90454,0.90464,2.33,4.65
2014.02.06 06:54:03.326,0.90455,0.90464,1.00,1.15
2014.02.06 06:54:03.829,0.90455,0.90464,1.10,1.18
2014.02.06 06:54:05.758,0.90455,0.90464,1.18,1.10
2014.02.06 06:54:06.113,0.90454,0.90464,1.58,1.15
2014.02.06 06:54:12.049,0.90454,0.90464,1.58,1.15
2014.02.06 06:54:21.445,0.90454,0.90464,1.58,1.15
2014.02.06 06:54:22.099,0.90454,0.90464,1.65,1.18
2014.02.06 06:54:35.930,0.90455,0.90464,1.18,1.10
2014.02.06 06:54:36.636,0.90457,0.90464,1.00,1.10
2014.02.06 06:54:47.365,0.90457,0.90466,1.18,1.08
2014.02.06 06:54:48.193,0.90457,0.90466,1.15,1.00
2014.02.06 06:55:04.483,0.90457,0.90466,1.00,1.15
2014.02.06 06:55:22.382,0.90457,0.90466,1.10,1.15
2014.02.06 06:55:22.959,0.90457,0.90466,1.18,1.10
2014.02.06 06:55:26.115,0.90459,0.90466,1.00,1.20
2014.02.06 06:55:26.469,0.90459,0.90466,1.18,1.00
2014.02.06 06:55:26.975,0.90459,0.90467,1.18,1.00
2014.02.06 06:55:27.758,0.90458,0.90467,3.08,1.00
2014.02.06 06:55:28.263,0.90458,0.90467,1.15,1.00
2014.02.06 06:55:28.871,0.90458,0.90467,3.08,1.00
2014.02.06 06:55:29.651,0.90458,0.90467,1.15,1.00
2014.02.06 06:55:30.157,0.90458,0.90467,3.08,1.00
2014.02.06 06:55:34.076,0.90461,0.90467,1.08,1.00
2014.02.06 06:55:36.420,0.90462,0.90469,1.10,1.00
2014.02.06 06:55:56.693,0.90462,0.90469,1.18,1.00
2014.02.06 06:55:57.206,0.90462,0.90469,1.10,1.00
2014.02.06 06:55:59.298,0.90462,0.90469,1.18,1.00
2014.02.06 06:56:00.059,0.90462,0.90469,1.10,1.00
2014.02.06 06:56:32.763,0.90462,0.90469,1.65,1.00
2014.02.06 06:56:34.087,0.90462,0.90469,1.58,1.00
2014.02.06 06:56:36.676,0.90462,0.90472,1.58,7.28
2014.02.06 06:56:45.698,0.90462,0.90471,1.50,4.65
2014.02.06 06:56:46.429,0.90462,0.90471,1.50,6.83
2014.02.06 06:56:48.382,0.90462,0.90471,1.50,4.65
2014.02.06 06:56:49.064,0.90462,0.90471,1.50,3.08
2014.02.06 06:56:52.993,0.90462,0.90471,1.50,1.15
2014.02.06 06:56:54.108,0.90462,0.90471,1.50,6.83
2014.02.06 06:56:55.158,0.90462,0.90471,1.50,4.28
2014.02.06 06:56:57.757,0.90462,0.90471,1.50,6.45
2014.02.06 06:56:58.771,0.90462,0.90471,1.50,4.28
2014.02.06 06:57:02.820,0.90462,0.90471,1.50,2.70
2014.02.06 06:57:05.957,0.90462,0.90472,1.50,7.95
2014.02.06 06:57:07.698,0.90462,0.90471,1.50,2.70
2014.02.06 06:57:08.389,0.90462,0.90472,1.50,9.45
2014.02.06 06:57:09.048,0.90462,0.90471,1.00,6.45
2014.02.06 06:57:09.753,0.9046,0.9047,1.58,1.65
2014.02.06 06:57:09.906,0.9046,0.90465,1.00,1.00
2014.02.06 06:57:10.108,0.90459,0.90468,1.10,1.18
2014.02.06 06:57:20.136,0.9046,0.90468,1.00,1.18
2014.02.06 06:57:20.756,0.9046,0.90468,1.10,1.20
2014.02.06 06:57:27.229,0.90459,0.90468,1.58,1.18
2014.02.06 06:57:43.257,0.90461,0.90468,1.00,1.18
2014.02.06 06:57:43.675,0.90459,0.90468,1.10,1.18
2014.02.06 06:57:48.183,0.90461,0.90468,1.00,1.18
2014.02.06 06:57:53.437,0.90461,0.90468,1.00,1.10
2014.02.06 06:57:53.946,0.90461,0.90468,1.00,1.18
2014.02.06 06:58:00.192,0.90459,0.90468,1.58,1.18
2014.02.06 06:58:01.407,0.90459,0.90464,1.10,1.00
2014.02.06 06:58:01.711,0.90457,0.90462,1.10,1.00
2014.02.06 06:58:05.406,0.90457,0.90462,1.10,1.00
2014.02.06 06:58:11.648,0.90461,0.90467,1.00,1.15
2014.02.06 06:58:14.630,0.90457,0.90465,1.08,1.08
2014.02.06 06:58:19.162,0.90459,0.90467,1.00,3.45
2014.02.06 06:58:27.108,0.90455,0.90459,1.00,1.00
2014.02.06 06:58:35.834,0.90454,0.90459,1.58,1.00
2014.02.06 06:58:45.966,0.90457,0.90463,1.00,1.15
2014.02.06 06:58:46.068,0.90455,0.90463,1.00,1.15
2014.02.06 06:58:46.169,0.90456,0.90463,1.10,1.00
2014.02.06 06:58:46.983,0.90456,0.90463,1.08,1.00
2014.02.06 06:58:48.406,0.90457,0.90463,1.08,1.00
2014.02.06 06:59:12.034,0.90457,0.90466,1.18,1.10
2014.02.06 06:59:12.135,0.90456,0.9046,1.00,1.00
2014.02.06 06:59:12.288,0.90457,0.90463,1.00,1.00
2014.02.06 06:59:14.484,0.90457,0.90463,1.18,1.00
2014.02.06 06:59:20.840,0.90457,0.90463,1.00,1.10
2014.02.06 06:59:21.366,0.90456,0.90463,1.10,1.00
2014.02.06 06:59:30.131,0.90457,0.90465,2.25,7.58
2014.02.06 06:59:30.670,0.90456,0.90463,2.33,1.00
2014.02.06 06:59:30.823,0.90457,0.90463,1.10,1.00
2014.02.06 06:59:33.881,0.90455,0.90463,1.18,1.00
2014.02.06 06:59:34.466,0.90455,0.90463,1.00,1.18
2014.02.06 06:59:35.316,0.90455,0.90463,3.00,1.08
2014.02.06 06:59:35.825,0.90457,0.90463,1.15,1.00
2014.02.06 06:59:38.487,0.90458,0.90466,3.83,1.13
2014.02.06 06:59:39.000,0.90459,0.90466,3.83,1.13
2014.02.06 06:59:39.506,0.9046,0.90468,3.08,4.13
2014.02.06 06:59:45.315,0.9046,0.90466,1.15,1.13
2014.02.06 06:59:46.325,0.9046,0.90466,1.10,1.13
2014.02.06 06:59:47.046,0.90459,0.90466,1.15,1.13
2014.02.06 06:59:47.553,0.90459,0.90466,1.18,1.00
2014.02.06 06:59:48.511,0.90459,0.90466,1.18,1.00
2014.02.06 06:59:49.029,0.90459,0.90466,1.18,1.00
2014.02.06 06:59:51.212,0.90459,0.90466,1.18,1.13
2014.02.06 06:59:51.715,0.90459,0.90466,1.18,1.13
2014.02.06 06:59:51.766,0.90458,0.90466,1.15,1.13
2014.02.06 06:59:51.919,0.90454,0.90461,1.00,1.10
2014.02.06 06:59:51.970,0.90453,0.90458,1.10,1.00
