2014.02.14 07:00:00.195,0.89269,0.8928,4.50,1.53
2014.02.14 07:00:00.248,0.89269,0.89275,3.75,4.13
2014.02.14 07:00:00.303,0.89266,0.89272,1.00,1.00
2014.02.14 07:00:00.354,0.8926,0.8927,2.25,1.00
2014.02.14 07:00:00.405,0.8926,0.8927,1.00,1.00
2014.02.14 07:00:00.608,0.89258,0.89267,1.20,1.00
2014.02.14 07:00:00.812,0.89256,0.89267,1.00,1.00
2014.02.14 07:00:01.420,0.89256,0.89265,1.00,4.80
2014.02.14 07:00:01.572,0.89254,0.89264,1.00,1.47
2014.02.14 07:00:01.674,0.89251,0.8926,1.00,1.00
2014.02.14 07:00:01.981,0.89249,0.8926,1.00,1.00
2014.02.14 07:00:02.133,0.89246,0.89257,1.13,1.00
2014.02.14 07:00:02.590,0.89246,0.89255,1.13,3.75
2014.02.14 07:00:02.692,0.89244,0.89254,1.00,3.75
2014.02.14 07:00:02.793,0.89244,0.89252,1.00,1.00
2014.02.14 07:00:02.996,0.89235,0.89251,3.00,4.50
2014.02.14 07:00:03.164,0.89236,0.89247,1.00,1.00
2014.02.14 07:00:03.873,0.89233,0.89245,1.00,1.00
2014.02.14 07:00:04.127,0.89236,0.89248,1.50,1.00
2014.02.14 07:00:04.484,0.89236,0.89245,1.50,3.75
2014.02.14 07:00:04.610,0.89235,0.89244,1.00,3.75
2014.02.14 07:00:05.118,0.89235,0.89242,1.00,3.75
2014.02.14 07:00:05.323,0.89232,0.89242,1.13,3.75
2014.02.14 07:00:05.881,0.89232,0.8924,1.00,4.50
2014.02.14 07:00:06.085,0.8923,0.89239,1.00,3.75
2014.02.14 07:00:06.188,0.89226,0.89242,1.75,5.25
2014.02.14 07:00:06.240,0.89221,0.89237,4.53,1.50
2014.02.14 07:00:06.537,0.89221,0.89232,3.75,1.00
2014.02.14 07:00:07.044,0.8922,0.89232,1.13,1.00
2014.02.14 07:00:07.558,0.89221,0.89232,3.75,1.00
2014.02.14 07:00:07.609,0.89221,0.8923,3.75,1.00
2014.02.14 07:00:08.828,0.89221,0.89229,4.50,1.00
2014.02.14 07:00:09.082,0.89221,0.89231,1.00,1.00
2014.02.14 07:00:10.072,0.89221,0.89229,1.00,1.00
2014.02.14 07:00:10.378,0.89216,0.89224,5.25,1.00
2014.02.14 07:00:10.683,0.89216,0.89222,1.00,3.75
2014.02.14 07:00:10.835,0.89215,0.8922,1.00,4.50
2014.02.14 07:00:11.042,0.89215,0.89222,1.00,3.75
2014.02.14 07:00:11.549,0.89216,0.89223,1.00,1.00
2014.02.14 07:00:11.852,0.89218,0.89223,1.00,1.00
2014.02.14 07:00:12.358,0.89218,0.89224,1.00,1.00
2014.02.14 07:00:12.662,0.89221,0.89229,1.00,2.43
2014.02.14 07:00:12.713,0.89221,0.89227,1.00,1.00
2014.02.14 07:00:12.916,0.89221,0.89229,1.00,1.00
2014.02.14 07:00:13.796,0.89223,0.89232,2.25,1.00
2014.02.14 07:00:14.218,0.89232,0.89238,1.10,1.00
2014.02.14 07:00:14.538,0.89237,0.89244,2.33,1.00
2014.02.14 07:00:15.095,0.8924,0.89247,2.33,2.81
2014.02.14 07:00:15.249,0.89243,0.8925,2.33,1.00
2014.02.14 07:00:15.402,0.89245,0.89253,2.33,1.38
2014.02.14 07:00:16.369,0.89245,0.89253,2.33,1.00
2014.02.14 07:00:16.928,0.89245,0.89254,2.33,1.00
2014.02.14 07:00:17.232,0.89248,0.89255,2.25,9.90
2014.02.14 07:00:17.384,0.89246,0.89254,3.00,3.83
2014.02.14 07:00:17.486,0.89248,0.89255,2.25,6.15
2014.02.14 07:00:17.588,0.89246,0.89254,1.00,3.90
2014.02.14 07:00:18.100,0.89246,0.89255,4.65,1.58
2014.02.14 07:00:18.454,0.89251,0.89258,2.33,1.00
2014.02.14 07:00:18.986,0.89252,0.89263,2.33,6.30
2014.02.14 07:00:19.154,0.89252,0.8926,2.33,1.00
2014.02.14 07:00:19.363,0.89252,0.89262,3.08,4.50
2014.02.14 07:00:19.736,0.8925,0.89263,3.08,1.15
2014.02.14 07:00:19.837,0.8925,0.89258,3.08,1.00
2014.02.14 07:00:20.141,0.8925,0.89261,2.33,4.58
2014.02.14 07:00:20.192,0.8925,0.89261,2.25,6.83
2014.02.14 07:00:20.293,0.8925,0.89261,2.33,4.65
2014.02.14 07:00:20.841,0.89248,0.89261,3.08,4.65
2014.02.14 07:00:21.350,0.89249,0.89261,2.33,1.18
2014.02.14 07:00:23.358,0.89251,0.89261,2.33,1.00
2014.02.14 07:00:26.652,0.8925,0.89261,1.15,1.18
2014.02.14 07:00:27.159,0.89251,0.89261,1.10,1.15
2014.02.14 07:00:27.702,0.89251,0.89261,1.18,1.18
2014.02.14 07:00:28.056,0.89251,0.8926,1.00,3.90
2014.02.14 07:00:28.513,0.89248,0.89258,2.03,1.08
2014.02.14 07:00:28.818,0.89248,0.89255,1.00,4.65
2014.02.14 07:00:28.869,0.89246,0.89255,1.20,8.40
2014.02.14 07:00:29.243,0.89246,0.89255,1.13,10.58
2014.02.14 07:00:29.496,0.89244,0.89255,1.65,7.65
2014.02.14 07:00:30.474,0.89245,0.89256,2.70,3.90
2014.02.14 07:00:30.987,0.89244,0.89256,3.83,3.90
2014.02.14 07:00:31.655,0.89244,0.89255,1.65,7.58
2014.02.14 07:00:32.373,0.89244,0.89255,3.45,7.58
2014.02.14 07:00:32.892,0.89244,0.89254,1.53,1.10
2014.02.14 07:00:33.195,0.89244,0.89254,1.55,4.58
2014.02.14 07:00:33.517,0.89244,0.89254,1.20,4.65
2014.02.14 07:00:35.881,0.89241,0.8925,1.28,1.10
2014.02.14 07:00:35.984,0.89239,0.8925,3.53,4.58
2014.02.14 07:00:38.284,0.89239,0.8925,1.15,7.65
2014.02.14 07:00:38.786,0.89239,0.8925,1.15,7.65
2014.02.14 07:00:40.150,0.89237,0.89248,3.83,3.83
2014.02.14 07:00:40.252,0.89236,0.89247,3.15,3.90
2014.02.14 07:00:40.556,0.89235,0.89245,1.58,8.78
2014.02.14 07:00:41.282,0.89232,0.89243,3.08,1.58
2014.02.14 07:00:41.739,0.89231,0.89241,1.55,1.20
2014.02.14 07:00:42.246,0.89232,0.89243,1.18,1.15
2014.02.14 07:00:42.794,0.89232,0.89243,1.18,1.15
2014.02.14 07:00:43.300,0.89231,0.89243,3.08,1.65
2014.02.14 07:00:44.009,0.89231,0.89241,2.33,1.00
2014.02.14 07:00:44.515,0.89231,0.89241,1.15,1.10
2014.02.14 07:00:44.668,0.89231,0.89236,2.25,3.00
2014.02.14 07:00:44.719,0.89228,0.89236,1.50,3.15
2014.02.14 07:00:44.821,0.89228,0.89237,3.83,3.00
2014.02.14 07:00:45.074,0.89229,0.89242,3.45,4.65
2014.02.14 07:00:45.175,0.89231,0.8924,2.33,1.00
2014.02.14 07:00:45.226,0.89231,0.89242,2.33,1.20
2014.02.14 07:00:45.327,0.8923,0.89242,2.33,1.15
2014.02.14 07:00:45.378,0.89229,0.8924,1.15,1.38
2014.02.14 07:00:45.582,0.89227,0.89238,1.28,1.18
2014.02.14 07:00:45.887,0.89225,0.89235,1.58,1.18
2014.02.14 07:00:45.938,0.89222,0.89235,3.45,4.65
2014.02.14 07:00:46.141,0.89222,0.89231,2.70,3.75
2014.02.14 07:00:46.490,0.89217,0.89227,2.40,1.10
2014.02.14 07:00:46.643,0.89219,0.8923,1.15,3.83
2014.02.14 07:00:46.694,0.89219,0.8923,3.83,3.83
2014.02.14 07:00:47.200,0.8922,0.8923,2.33,1.00
2014.02.14 07:00:47.352,0.89217,0.8923,3.45,1.65
2014.02.14 07:00:47.657,0.89216,0.89225,2.33,1.00
2014.02.14 07:00:47.961,0.89215,0.89221,2.25,3.75
2014.02.14 07:00:48.012,0.8921,0.89221,3.45,3.83
2014.02.14 07:00:48.328,0.89209,0.8922,3.45,1.20
2014.02.14 07:00:49.081,0.89209,0.89219,2.70,1.38
2014.02.14 07:00:49.184,0.89207,0.89216,1.20,1.18
2014.02.14 07:00:49.342,0.89205,0.89215,2.03,1.95
2014.02.14 07:00:49.545,0.89204,0.89215,2.33,1.58
2014.02.14 07:00:50.001,0.89205,0.89213,2.70,1.00
2014.02.14 07:00:50.709,0.89201,0.89213,1.28,1.50
2014.02.14 07:00:50.911,0.89199,0.89211,1.65,3.75
2014.02.14 07:00:51.013,0.89198,0.89209,1.13,3.75
2014.02.14 07:00:51.530,0.89195,0.89208,2.03,1.00
2014.02.14 07:00:51.886,0.89195,0.89206,2.03,1.00
2014.02.14 07:00:52.305,0.89195,0.89206,1.20,1.88
2014.02.14 07:00:52.356,0.89195,0.89206,1.20,1.88
2014.02.14 07:00:52.559,0.89195,0.89206,1.10,1.88
2014.02.14 07:00:52.864,0.89195,0.89206,1.10,1.88
2014.02.14 07:00:52.965,0.89195,0.89206,4.58,1.50
2014.02.14 07:00:53.271,0.89195,0.89202,1.10,1.00
2014.02.14 07:00:53.524,0.89193,0.89202,1.20,1.00
2014.02.14 07:00:53.727,0.89193,0.892,1.50,1.00
2014.02.14 07:00:53.930,0.89192,0.89202,4.50,1.00
2014.02.14 07:00:54.335,0.89191,0.892,3.75,1.00
2014.02.14 07:00:54.436,0.89188,0.892,4.88,1.00
2014.02.14 07:00:54.487,0.89188,0.89198,4.13,1.00
2014.02.14 07:00:54.842,0.89187,0.892,2.63,1.50
2014.02.14 07:00:56.407,0.89187,0.89197,1.88,1.00
2014.02.14 07:00:56.661,0.89188,0.89201,1.38,2.40
2014.02.14 07:00:57.167,0.89188,0.89199,3.83,1.00
2014.02.14 07:00:57.268,0.89189,0.89201,1.00,1.00
2014.02.14 07:00:57.471,0.89189,0.89202,5.40,1.00
2014.02.14 07:00:57.776,0.89189,0.89202,5.78,1.00
2014.02.14 07:00:57.877,0.89189,0.89202,5.78,1.00
2014.02.14 07:00:58.282,0.89191,0.89202,1.48,1.00
2014.02.14 07:00:58.384,0.89192,0.89205,1.88,1.50
2014.02.14 07:00:58.536,0.89192,0.89205,5.63,1.50
2014.02.14 07:00:58.586,0.89194,0.89205,3.75,1.50
2014.02.14 07:00:58.890,0.89192,0.89203,3.83,1.00
2014.02.14 07:00:59.043,0.89192,0.89205,5.33,1.50
2014.02.14 07:00:59.094,0.89194,0.89205,3.75,1.50
2014.02.14 07:00:59.603,0.89192,0.89205,1.58,5.25
2014.02.14 07:00:59.906,0.89196,0.89205,1.00,1.88
2014.02.14 07:01:00.412,0.89196,0.89205,1.00,1.50
2014.02.14 07:01:00.680,0.89195,0.89208,1.00,1.00
2014.02.14 07:01:00.731,0.89195,0.89208,3.08,1.15
2014.02.14 07:01:01.187,0.892,0.89209,3.90,1.58
2014.02.14 07:01:01.490,0.89206,0.89213,2.33,1.00
2014.02.14 07:01:02.005,0.89205,0.89213,9.83,1.00
2014.02.14 07:01:02.056,0.89206,0.89216,2.33,1.88
2014.02.14 07:01:02.658,0.89206,0.89216,6.08,1.00
2014.02.14 07:01:02.914,0.89209,0.89216,2.25,1.00
2014.02.14 07:01:03.320,0.89211,0.89217,3.90,1.00
2014.02.14 07:01:03.421,0.89211,0.8922,3.90,1.00
2014.02.14 07:01:03.675,0.89209,0.89218,4.50,1.13
2014.02.14 07:01:03.827,0.89207,0.89218,6.08,1.10
2014.02.14 07:01:04.637,0.89207,0.89215,2.33,1.00
2014.02.14 07:01:04.840,0.89207,0.89217,2.33,1.00
2014.02.14 07:01:05.346,0.89207,0.89218,6.08,1.10
2014.02.14 07:01:06.198,0.89211,0.89218,1.50,1.10
2014.02.14 07:01:06.467,0.89211,0.8922,5.40,1.58
2014.02.14 07:01:07.132,0.89211,0.8922,1.58,1.18
2014.02.14 07:01:07.731,0.8921,0.8922,7.65,1.18
2014.02.14 07:01:08.583,0.89211,0.89222,3.90,1.65
2014.02.14 07:01:08.786,0.89212,0.89222,3.90,1.10
2014.02.14 07:01:09.089,0.89209,0.89222,6.83,1.15
2014.02.14 07:01:09.393,0.89207,0.89219,7.58,1.18
2014.02.14 07:01:09.747,0.89206,0.89213,2.33,1.00
2014.02.14 07:01:09.798,0.89203,0.89213,4.58,1.00
2014.02.14 07:01:09.849,0.89203,0.89211,3.08,1.00
2014.02.14 07:01:09.901,0.89202,0.89211,2.03,1.10
2014.02.14 07:01:10.204,0.89199,0.8921,5.25,1.10
2014.02.14 07:01:10.751,0.89199,0.8921,5.40,1.18
2014.02.14 07:01:11.057,0.892,0.8921,2.33,1.00
2014.02.14 07:01:11.832,0.89202,0.8921,6.08,1.00
2014.02.14 07:01:12.162,0.89202,0.8921,3.90,1.00
2014.02.14 07:01:12.672,0.89204,0.8921,1.00,1.00
2014.02.14 07:01:12.723,0.89205,0.89213,2.33,1.00
2014.02.14 07:01:12.825,0.89205,0.89215,6.08,1.00
2014.02.14 07:01:12.926,0.89205,0.89215,8.40,1.55
2014.02.14 07:01:13.382,0.89205,0.89215,6.08,1.00
2014.02.14 07:01:13.937,0.89206,0.89215,2.33,1.00
2014.02.14 07:01:14.696,0.89205,0.89215,9.83,1.00
2014.02.14 07:01:15.278,0.89205,0.89215,7.65,1.10
2014.02.14 07:01:16.088,0.89205,0.89215,9.83,1.00
2014.02.14 07:01:17.184,0.89206,0.89215,6.08,1.00
2014.02.14 07:01:17.704,0.89206,0.89215,3.90,1.00
2014.02.14 07:01:18.317,0.89206,0.89215,6.08,1.00
2014.02.14 07:01:18.835,0.89206,0.89215,3.90,1.00
2014.02.14 07:01:20.505,0.89207,0.89215,3.90,1.00
2014.02.14 07:01:21.332,0.89209,0.89217,1.15,1.00
2014.02.14 07:01:21.839,0.8921,0.89218,7.58,1.10
2014.02.14 07:01:22.143,0.89214,0.8922,3.75,1.15
2014.02.14 07:01:22.345,0.89213,0.89223,3.90,1.18
2014.02.14 07:01:22.750,0.89213,0.89223,6.83,1.50
2014.02.14 07:01:24.008,0.89217,0.89225,4.13,1.18
2014.02.14 07:01:24.110,0.89218,0.89227,3.90,1.58
2014.02.14 07:01:24.711,0.89217,0.89227,4.28,1.65
2014.02.14 07:01:26.664,0.89216,0.89227,4.28,1.65
2014.02.14 07:01:27.174,0.89217,0.89227,5.03,1.65
2014.02.14 07:01:29.620,0.89216,0.89227,5.78,1.65
2014.02.14 07:01:30.372,0.89217,0.89227,4.28,1.65
2014.02.14 07:01:36.707,0.89215,0.89225,10.95,1.00
2014.02.14 07:01:36.960,0.89214,0.89223,6.08,1.50
2014.02.14 07:01:37.011,0.89213,0.89223,2.40,1.65
2014.02.14 07:01:37.062,0.89212,0.8922,6.15,1.00
2014.02.14 07:01:37.214,0.8921,0.8922,5.40,1.10
2014.02.14 07:01:37.771,0.8921,0.8922,1.55,1.18
2014.02.14 07:01:38.297,0.8921,0.89218,1.18,1.00
2014.02.14 07:01:38.552,0.89208,0.89216,1.20,1.10
2014.02.14 07:01:38.707,0.89207,0.89212,1.55,1.00
2014.02.14 07:01:39.011,0.89203,0.8921,3.83,1.00
2014.02.14 07:01:39.113,0.89201,0.89209,1.48,1.10
2014.02.14 07:01:39.215,0.89201,0.8921,1.20,1.18
2014.02.14 07:01:39.316,0.89201,0.89211,1.20,1.65
2014.02.14 07:01:39.620,0.892,0.89206,1.20,1.00
2014.02.14 07:01:40.127,0.89199,0.8921,1.20,2.33
2014.02.14 07:01:40.431,0.89199,0.89211,1.15,1.28
2014.02.14 07:01:40.937,0.89199,0.89209,2.33,1.50
2014.02.14 07:01:41.814,0.89198,0.89209,3.08,1.58
2014.02.14 07:01:43.451,0.89198,0.89206,1.15,1.00
2014.02.14 07:01:43.704,0.89198,0.89209,1.15,1.18
2014.02.14 07:01:44.241,0.89198,0.89209,3.08,1.10
2014.02.14 07:01:44.874,0.89198,0.89208,1.15,1.20
2014.02.14 07:01:45.342,0.89195,0.89206,3.45,1.10
2014.02.14 07:01:45.999,0.89195,0.89206,1.15,1.18
2014.02.14 07:01:46.302,0.89195,0.89203,1.15,1.38
2014.02.14 07:01:46.657,0.89198,0.89206,1.10,1.48
2014.02.14 07:01:46.758,0.892,0.89208,1.38,2.40
2014.02.14 07:01:47.062,0.89198,0.89204,1.18,1.00
2014.02.14 07:01:47.609,0.892,0.89205,1.28,1.00
2014.02.14 07:01:48.149,0.89202,0.89208,1.28,1.00
2014.02.14 07:01:48.604,0.89199,0.89205,1.28,1.00
2014.02.14 07:01:48.706,0.89197,0.89205,1.65,1.38
2014.02.14 07:01:49.328,0.89197,0.89203,1.18,1.38
2014.02.14 07:01:50.906,0.89197,0.89203,1.10,1.38
2014.02.14 07:01:51.109,0.89194,0.892,2.93,1.88
2014.02.14 07:01:51.161,0.89194,0.892,1.10,1.88
2014.02.14 07:01:51.712,0.89194,0.89199,1.18,1.13
2014.02.14 07:01:52.267,0.89195,0.892,1.10,1.00
2014.02.14 07:01:52.800,0.89197,0.89204,1.00,1.18
2014.02.14 07:01:52.851,0.89197,0.89204,1.00,1.18
2014.02.14 07:01:52.902,0.89201,0.89207,1.00,2.70
2014.02.14 07:01:53.003,0.89201,0.89209,1.00,3.08
2014.02.14 07:01:53.054,0.89199,0.89209,1.08,3.08
2014.02.14 07:01:53.105,0.89205,0.8921,1.00,1.20
2014.02.14 07:01:53.206,0.89203,0.8921,1.18,1.13
2014.02.14 07:01:53.358,0.89207,0.89213,1.00,1.18
2014.02.14 07:01:53.662,0.89202,0.8921,3.08,2.63
2014.02.14 07:01:53.864,0.89201,0.89205,1.10,1.00
2014.02.14 07:01:54.067,0.89201,0.89207,1.10,1.50
2014.02.14 07:01:54.572,0.892,0.89208,1.10,2.33
2014.02.14 07:01:55.150,0.89201,0.89208,1.00,1.58
2014.02.14 07:01:55.721,0.89201,0.89207,1.10,1.00
2014.02.14 07:01:56.025,0.89201,0.89207,1.10,1.38
2014.02.14 07:01:56.328,0.89199,0.89207,1.18,1.50
2014.02.14 07:01:56.531,0.89197,0.89203,1.10,1.38
2014.02.14 07:01:56.834,0.89193,0.89199,1.15,1.00
2014.02.14 07:01:56.885,0.89196,0.89202,1.00,1.38
2014.02.14 07:01:58.338,0.89196,0.89202,1.00,1.00
2014.02.14 07:01:58.439,0.89196,0.892,1.10,1.00
2014.02.14 07:01:59.460,0.89196,0.89203,1.00,1.10
2014.02.14 07:01:59.519,0.89196,0.892,1.00,1.00
2014.02.14 07:01:59.721,0.89196,0.89203,1.10,1.50
2014.02.14 07:01:59.974,0.89193,0.89203,1.15,1.95
2014.02.14 07:02:00.279,0.89192,0.89198,1.15,1.00
2014.02.14 07:02:00.330,0.89195,0.89199,1.00,1.10
2014.02.14 07:02:01.189,0.89189,0.89198,4.28,1.38
2014.02.14 07:02:01.588,0.89189,0.89198,4.28,1.38
2014.02.14 07:02:01.740,0.89193,0.89198,1.00,1.13
2014.02.14 07:02:01.841,0.89193,0.89201,1.18,1.50
2014.02.14 07:02:02.044,0.89193,0.89198,1.18,1.00
2014.02.14 07:02:02.348,0.89196,0.89203,1.00,1.55
2014.02.14 07:02:02.449,0.89196,0.89202,1.00,1.20
2014.02.14 07:02:02.500,0.89198,0.89202,1.00,1.20
2014.02.14 07:02:03.340,0.89198,0.89203,1.00,1.38
2014.02.14 07:02:03.780,0.89197,0.89201,1.10,1.13
2014.02.14 07:02:04.033,0.89196,0.89203,1.10,1.88
2014.02.14 07:02:04.134,0.89194,0.89199,1.15,1.00
2014.02.14 07:02:04.647,0.89193,0.89198,1.08,1.00
2014.02.14 07:02:05.178,0.89193,0.89199,1.15,1.00
2014.02.14 07:02:05.785,0.89196,0.89202,1.10,1.00
2014.02.14 07:02:05.836,0.89196,0.89202,1.10,1.38
2014.02.14 07:02:06.356,0.89196,0.89202,1.00,1.38
2014.02.14 07:02:06.884,0.89193,0.89199,1.15,1.00
2014.02.14 07:02:07.138,0.89193,0.89199,1.15,1.88
2014.02.14 07:02:07.290,0.89193,0.89198,1.15,1.00
2014.02.14 07:02:07.826,0.89188,0.89198,3.83,1.38
2014.02.14 07:02:09.758,0.89193,0.89198,1.00,1.50
2014.02.14 07:02:10.288,0.89193,0.89198,1.00,1.50
2014.02.14 07:02:10.541,0.89188,0.89198,3.08,1.88
2014.02.14 07:02:10.642,0.89186,0.89198,9.45,2.03
2014.02.14 07:02:11.497,0.89188,0.89198,1.18,2.03
2014.02.14 07:02:12.012,0.89187,0.89198,7.95,1.95
2014.02.14 07:02:12.265,0.89187,0.89198,1.55,2.03
2014.02.14 07:02:12.820,0.89186,0.89198,2.40,2.03
2014.02.14 07:02:13.732,0.8919,0.89199,4.20,1.18
2014.02.14 07:02:13.788,0.8919,0.89199,4.28,1.10
2014.02.14 07:02:13.939,0.89189,0.89199,4.28,1.48
2014.02.14 07:02:14.243,0.89189,0.89199,4.28,1.48
2014.02.14 07:02:14.750,0.89188,0.89198,4.65,1.55
2014.02.14 07:02:16.446,0.89187,0.89198,5.40,1.28
2014.02.14 07:02:16.598,0.89186,0.89194,4.65,1.00
2014.02.14 07:02:17.105,0.89187,0.89194,5.33,1.00
2014.02.14 07:02:17.409,0.89188,0.89199,5.40,1.28
2014.02.14 07:02:17.713,0.89188,0.89196,3.90,1.38
2014.02.14 07:02:17.915,0.89186,0.89196,1.20,1.53
2014.02.14 07:02:18.370,0.89188,0.89193,1.00,1.10
2014.02.14 07:02:18.619,0.89188,0.89195,1.10,1.00
2014.02.14 07:02:19.341,0.89185,0.89194,9.83,1.00
2014.02.14 07:02:19.593,0.89184,0.89193,1.28,1.00
2014.02.14 07:02:21.876,0.89184,0.89193,3.08,1.00
2014.02.14 07:02:22.745,0.89184,0.89193,1.15,1.00
2014.02.14 07:02:22.796,0.89184,0.89193,1.15,1.38
2014.02.14 07:02:22.948,0.89179,0.89187,2.96,1.13
2014.02.14 07:02:23.202,0.89178,0.89187,1.38,1.48
2014.02.14 07:02:23.745,0.89178,0.89187,1.50,1.38
2014.02.14 07:02:24.161,0.89175,0.89183,2.25,1.00
2014.02.14 07:02:24.465,0.89174,0.89179,1.88,1.00
2014.02.14 07:02:24.667,0.89169,0.89179,1.88,1.13
2014.02.14 07:02:25.375,0.89168,0.89174,1.50,1.00
2014.02.14 07:02:25.476,0.89167,0.89177,1.13,1.08
2014.02.14 07:02:25.932,0.89166,0.89176,3.75,1.18
2014.02.14 07:02:26.185,0.89164,0.89176,1.13,1.15
2014.02.14 07:02:26.490,0.89164,0.89176,6.00,1.18
2014.02.14 07:02:26.996,0.89165,0.89176,7.88,1.18
2014.02.14 07:02:27.543,0.89165,0.89176,2.40,1.10
2014.02.14 07:02:28.658,0.89167,0.89177,2.78,1.00
2014.02.14 07:02:33.115,0.89167,0.89176,6.68,1.00
2014.02.14 07:02:33.471,0.89167,0.89176,4.65,1.00
2014.02.14 07:02:33.992,0.89167,0.89176,6.83,1.00
2014.02.14 07:02:34.502,0.89167,0.89176,4.65,1.00
2014.02.14 07:02:35.010,0.89167,0.89176,6.83,1.00
2014.02.14 07:02:36.122,0.89167,0.89176,4.65,1.00
2014.02.14 07:02:36.644,0.89167,0.89176,6.83,1.00
2014.02.14 07:02:37.495,0.89172,0.8918,2.63,1.20
2014.02.14 07:02:37.647,0.89173,0.89183,1.15,1.10
2014.02.14 07:02:37.901,0.89174,0.89183,3.08,1.00
2014.02.14 07:02:42.934,0.89174,0.89186,3.45,1.18
2014.02.14 07:02:44.745,0.89174,0.89186,3.45,1.18
2014.02.14 07:02:45.157,0.89177,0.89187,2.70,1.00
2014.02.14 07:02:45.410,0.89178,0.89189,2.70,1.10
2014.02.14 07:02:45.461,0.89181,0.89189,2.33,1.00
2014.02.14 07:02:45.562,0.89181,0.89192,2.33,1.95
2014.02.14 07:02:45.917,0.89183,0.89194,2.33,1.10
2014.02.14 07:02:46.537,0.89182,0.89194,3.08,1.18
2014.02.14 07:02:48.215,0.89182,0.89194,1.15,1.18
2014.02.14 07:02:48.631,0.89184,0.89195,3.08,3.00
2014.02.14 07:02:48.834,0.89185,0.89197,3.08,1.28
2014.02.14 07:02:52.455,0.89185,0.89195,3.08,1.00
2014.02.14 07:02:52.506,0.89185,0.89193,3.08,1.00
2014.02.14 07:02:52.557,0.89184,0.89193,1.15,1.00
2014.02.14 07:02:52.963,0.89182,0.89194,1.18,8.18
2014.02.14 07:02:53.785,0.8918,0.89192,3.45,1.15
2014.02.14 07:02:53.837,0.8918,0.89192,1.55,3.08
2014.02.14 07:02:54.388,0.8918,0.89192,1.53,1.15
2014.02.14 07:02:54.905,0.8918,0.89192,1.55,3.08
2014.02.14 07:02:55.432,0.8918,0.89192,1.53,1.15
2014.02.14 07:02:55.938,0.8918,0.89192,1.55,3.60
2014.02.14 07:02:57.345,0.8918,0.89192,2.70,3.15
2014.02.14 07:02:57.396,0.89181,0.89192,2.33,1.10
2014.02.14 07:02:58.075,0.89181,0.89193,1.15,1.15
2014.02.14 07:02:58.870,0.89182,0.89193,2.33,1.18
2014.02.14 07:02:59.408,0.89181,0.89193,4.20,1.18
2014.02.14 07:03:01.201,0.89186,0.89193,1.00,1.18
2014.02.14 07:03:01.303,0.89186,0.89195,1.18,1.10
2014.02.14 07:03:01.556,0.89188,0.89197,1.18,1.80
2014.02.14 07:03:02.091,0.89188,0.89197,1.10,1.88
2014.02.14 07:03:04.527,0.8919,0.89197,1.00,1.18
2014.02.14 07:03:05.145,0.8919,0.89197,1.00,1.10
2014.02.14 07:03:05.860,0.89191,0.89199,1.00,2.03
2014.02.14 07:03:10.811,0.8919,0.89198,1.10,1.95
2014.02.14 07:03:11.116,0.89189,0.89197,1.00,1.18
2014.02.14 07:03:11.809,0.8919,0.89197,1.00,1.18
2014.02.14 07:03:12.114,0.89184,0.89194,1.15,1.95
2014.02.14 07:03:12.165,0.89187,0.89194,1.00,1.58
2014.02.14 07:03:12.267,0.89187,0.89194,1.00,1.58
2014.02.14 07:03:12.368,0.89189,0.89194,1.00,1.48
2014.02.14 07:03:12.910,0.89189,0.89194,1.00,1.13
2014.02.14 07:03:13.430,0.89189,0.89194,1.00,1.38
2014.02.14 07:03:13.781,0.89185,0.89192,1.15,1.38
2014.02.14 07:03:14.439,0.89185,0.89192,1.15,1.00
2014.02.14 07:03:14.956,0.89185,0.89192,1.53,1.00
2014.02.14 07:03:17.067,0.89186,0.89192,1.08,1.38
2014.02.14 07:03:17.576,0.89186,0.89192,1.15,1.00
2014.02.14 07:03:26.353,0.89188,0.89192,1.10,1.00
2014.02.14 07:03:26.868,0.8919,0.89194,1.00,1.00
2014.02.14 07:03:28.305,0.89187,0.89192,1.18,1.00
2014.02.14 07:03:28.407,0.89188,0.89192,1.10,1.00
2014.02.14 07:03:28.987,0.89187,0.89192,1.13,1.00
2014.02.14 07:03:29.038,0.89184,0.89192,1.65,1.38
2014.02.14 07:03:29.747,0.89184,0.8919,1.58,1.38
2014.02.14 07:03:35.915,0.89182,0.8919,1.10,1.20
2014.02.14 07:03:36.884,0.89185,0.89192,1.95,1.00
2014.02.14 07:03:39.747,0.89188,0.89193,1.38,1.10
2014.02.14 07:03:39.957,0.89189,0.89195,1.00,2.33
2014.02.14 07:03:40.110,0.89189,0.89198,1.55,1.10
2014.02.14 07:03:40.212,0.8919,0.89198,1.38,1.15
2014.02.14 07:03:40.415,0.89188,0.89198,2.78,1.18
2014.02.14 07:03:40.921,0.89188,0.89198,1.48,1.15
2014.02.14 07:03:41.439,0.89188,0.89198,1.55,2.03
2014.02.14 07:03:41.979,0.89188,0.89198,1.48,2.03
2014.02.14 07:03:46.755,0.89188,0.89196,5.40,1.00
2014.02.14 07:03:48.336,0.8919,0.89199,1.00,3.45
2014.02.14 07:03:49.001,0.8919,0.89199,1.50,1.15
2014.02.14 07:03:52.969,0.8919,0.89199,1.00,3.08
2014.02.14 07:03:53.936,0.89189,0.89199,6.08,1.15
2014.02.14 07:03:55.144,0.89191,0.89199,1.00,1.15
2014.02.14 07:03:57.016,0.89191,0.89199,5.25,2.33
2014.02.14 07:03:57.117,0.89192,0.892,3.90,1.05
2014.02.14 07:03:57.624,0.89192,0.89202,3.90,1.65
2014.02.14 07:03:59.388,0.89192,0.89202,4.58,1.65
2014.02.14 07:03:59.792,0.89192,0.89202,4.65,1.58
2014.02.14 07:04:00.146,0.89193,0.89202,6.08,1.50
2014.02.14 07:04:00.451,0.89197,0.89204,1.18,1.38
2014.02.14 07:04:00.981,0.89198,0.89204,1.18,1.00
2014.02.14 07:04:01.718,0.89198,0.89204,1.10,1.00
2014.02.14 07:04:03.125,0.89198,0.89204,1.18,1.00
2014.02.14 07:04:04.120,0.89198,0.89204,1.10,1.00
2014.02.14 07:04:05.118,0.89198,0.89204,1.08,1.50
2014.02.14 07:04:05.633,0.89198,0.89204,1.10,1.50
2014.02.14 07:04:07.420,0.89198,0.89204,1.08,1.00
2014.02.14 07:04:07.978,0.89198,0.89206,1.18,1.50
2014.02.14 07:04:10.752,0.892,0.89207,5.25,1.10
2014.02.14 07:04:10.853,0.89202,0.89208,1.08,1.10
2014.02.14 07:04:11.157,0.89205,0.8921,1.10,1.38
2014.02.14 07:04:14.817,0.89205,0.8921,1.10,1.00
2014.02.14 07:04:17.477,0.89205,0.89212,1.10,1.00
2014.02.14 07:04:19.867,0.89208,0.89213,1.00,1.13
2014.02.14 07:04:20.171,0.8921,0.89214,1.00,1.00
2014.02.14 07:04:20.525,0.89211,0.89217,1.00,1.00
2014.02.14 07:04:20.626,0.89211,0.89217,1.15,1.00
2014.02.14 07:04:24.108,0.89213,0.89218,1.10,1.00
2014.02.14 07:04:24.613,0.89209,0.89218,9.38,1.50
2014.02.14 07:04:25.152,0.89209,0.89218,5.03,1.50
2014.02.14 07:04:25.687,0.89211,0.89218,1.28,1.50
2014.02.14 07:04:26.192,0.89211,0.89221,1.18,1.65
2014.02.14 07:04:26.294,0.89209,0.89221,1.28,7.58
2014.02.14 07:04:31.117,0.89207,0.89218,3.45,1.48
2014.02.14 07:04:31.168,0.89207,0.89217,1.28,1.05
2014.02.14 07:04:31.219,0.89205,0.89216,2.70,1.73
2014.02.14 07:04:31.320,0.89204,0.89215,1.15,5.03
2014.02.14 07:04:31.573,0.89203,0.89214,1.55,6.38
2014.02.14 07:04:31.776,0.89203,0.89214,1.10,3.08
2014.02.14 07:04:32.974,0.89202,0.89215,5.03,3.45
2014.02.14 07:04:37.650,0.89204,0.89215,1.95,2.33
2014.02.14 07:04:37.701,0.89205,0.89218,1.28,3.83
2014.02.14 07:04:46.086,0.89205,0.89215,1.18,1.18
2014.02.14 07:04:46.629,0.89205,0.89215,1.15,1.10
2014.02.14 07:04:49.865,0.89205,0.89216,3.08,1.65
2014.02.14 07:04:50.475,0.89205,0.89216,1.15,1.28
2014.02.14 07:04:55.695,0.89205,0.89215,3.08,1.13
2014.02.14 07:04:56.205,0.89205,0.89214,1.15,1.00
2014.02.14 07:04:58.057,0.89205,0.89215,3.45,1.10
2014.02.14 07:04:58.562,0.89206,0.89215,2.70,1.00
2014.02.14 07:04:59.173,0.89205,0.89217,3.45,1.18
2014.02.14 07:05:00.876,0.89206,0.89217,2.70,1.10
2014.02.14 07:05:01.333,0.89209,0.89219,3.38,1.20
2014.02.14 07:05:01.639,0.89212,0.89219,2.25,1.00
2014.02.14 07:05:01.692,0.89211,0.89221,4.50,1.88
2014.02.14 07:05:03.422,0.89212,0.89222,3.90,1.10
2014.02.14 07:05:03.624,0.89213,0.89223,3.08,1.50
2014.02.14 07:05:03.928,0.89215,0.89223,2.33,1.00
2014.02.14 07:05:06.488,0.89214,0.89223,2.33,1.00
2014.02.14 07:05:07.012,0.89215,0.89223,2.33,1.00
2014.02.14 07:05:09.135,0.89214,0.89223,2.33,1.38
2014.02.14 07:05:09.641,0.89213,0.89222,2.33,1.13
2014.02.14 07:05:14.693,0.89212,0.89222,1.55,1.18
2014.02.14 07:05:16.462,0.89212,0.89222,1.28,1.10
2014.02.14 07:05:16.971,0.89212,0.89222,1.28,1.18
2014.02.14 07:05:17.521,0.89212,0.89222,1.28,1.10
2014.02.14 07:05:18.201,0.89212,0.89222,1.28,1.18
2014.02.14 07:05:18.722,0.89212,0.89222,1.28,1.10
2014.02.14 07:05:19.722,0.89212,0.89222,3.45,1.00
2014.02.14 07:05:19.925,0.89215,0.89222,2.25,1.00
2014.02.14 07:05:20.435,0.89214,0.89223,2.33,1.00
2014.02.14 07:05:20.948,0.89215,0.89223,2.33,1.00
2014.02.14 07:05:21.518,0.89214,0.89223,3.08,1.00
2014.02.14 07:05:22.110,0.89215,0.89223,2.33,1.00
2014.02.14 07:05:22.870,0.89214,0.89223,3.08,1.00
2014.02.14 07:05:30.631,0.89214,0.89223,2.33,1.50
2014.02.14 07:05:31.886,0.89213,0.89223,3.08,1.50
2014.02.14 07:05:32.425,0.89214,0.89223,2.33,1.50
2014.02.14 07:05:38.864,0.89213,0.89222,3.08,1.00
2014.02.14 07:05:39.378,0.89214,0.89222,2.33,1.13
2014.02.14 07:05:43.493,0.89213,0.89222,3.08,1.13
2014.02.14 07:05:44.284,0.89214,0.89222,2.33,1.13
2014.02.14 07:05:45.332,0.89213,0.89222,3.68,1.13
2014.02.14 07:05:47.740,0.89214,0.89222,2.33,1.13
2014.02.14 07:05:49.334,0.89214,0.89223,2.33,1.50
2014.02.14 07:05:56.863,0.89213,0.89223,2.33,1.50
2014.02.14 07:05:57.483,0.89214,0.89223,2.33,1.50
2014.02.14 07:05:57.936,0.89212,0.89223,3.30,2.33
2014.02.14 07:05:58.037,0.89211,0.89223,2.40,4.58
2014.02.14 07:05:58.341,0.89213,0.89223,1.15,1.58
2014.02.14 07:06:00.240,0.89213,0.89223,1.18,1.28
2014.02.14 07:06:00.781,0.89213,0.89223,1.15,1.20
2014.02.14 07:06:02.402,0.89213,0.89222,1.28,1.00
2014.02.14 07:06:04.918,0.89213,0.89222,7.20,1.00
2014.02.14 07:06:05.835,0.89214,0.89222,6.08,1.00
2014.02.14 07:06:06.418,0.89213,0.89222,7.20,1.00
2014.02.14 07:06:08.321,0.89214,0.89222,2.33,1.00
2014.02.14 07:06:11.646,0.89213,0.89222,9.38,1.00
2014.02.14 07:06:12.678,0.89213,0.8922,3.68,1.00
2014.02.14 07:06:17.428,0.89212,0.8922,4.88,1.00
2014.02.14 07:06:18.086,0.89211,0.8922,2.03,1.00
2014.02.14 07:06:18.778,0.89211,0.8922,4.20,1.00
2014.02.14 07:06:19.286,0.89211,0.8922,2.03,1.00
2014.02.14 07:06:19.819,0.89211,0.8922,2.70,1.50
2014.02.14 07:06:20.273,0.8921,0.8922,2.63,1.58
2014.02.14 07:06:20.782,0.8921,0.8922,3.30,1.50
2014.02.14 07:06:23.255,0.8921,0.89218,3.30,1.00
2014.02.14 07:06:23.886,0.8921,0.89219,3.30,1.00
2014.02.14 07:06:27.739,0.8921,0.89218,10.20,1.00
2014.02.14 07:06:27.790,0.8921,0.89218,8.03,1.00
2014.02.14 07:06:28.296,0.89209,0.89217,1.95,1.95
2014.02.14 07:06:39.193,0.89208,0.89217,1.50,1.95
2014.02.14 07:06:39.905,0.89207,0.89217,5.78,2.03
2014.02.14 07:06:39.957,0.89207,0.89216,4.65,1.10
2014.02.14 07:06:40.114,0.89206,0.89216,3.15,1.58
2014.02.14 07:06:40.629,0.89206,0.89216,6.90,1.65
2014.02.14 07:06:41.250,0.89206,0.89216,3.08,1.65
2014.02.14 07:06:41.797,0.89206,0.89216,3.15,1.58
2014.02.14 07:06:42.261,0.89208,0.89218,6.53,1.18
2014.02.14 07:06:42.780,0.89208,0.89217,1.95,1.65
2014.02.14 07:06:43.089,0.89208,0.89215,1.95,1.38
2014.02.14 07:06:43.708,0.89206,0.89215,2.78,1.38
2014.02.14 07:06:44.374,0.89206,0.89215,4.95,1.38
2014.02.14 07:06:44.923,0.89206,0.89215,1.65,1.50
2014.02.14 07:06:45.451,0.89205,0.89215,1.28,7.65
2014.02.14 07:06:45.999,0.89205,0.89214,1.18,1.10
2014.02.14 07:06:46.516,0.89205,0.89214,1.15,1.00
2014.02.14 07:06:49.292,0.89205,0.89216,1.15,2.03
2014.02.14 07:06:51.192,0.89204,0.89215,3.00,1.65
2014.02.14 07:06:51.243,0.89202,0.89213,2.03,1.28
2014.02.14 07:06:51.750,0.89202,0.89212,1.28,1.55
2014.02.14 07:06:52.247,0.89201,0.89212,1.10,7.95
2014.02.14 07:06:53.018,0.89201,0.89211,1.00,6.83
2014.02.14 07:06:53.965,0.89199,0.8921,1.28,8.78
2014.02.14 07:06:55.629,0.89201,0.89211,1.00,2.70
2014.02.14 07:06:56.059,0.89203,0.89212,1.50,2.33
2014.02.14 07:06:56.162,0.89203,0.89214,1.58,6.38
2014.02.14 07:06:57.256,0.89203,0.89214,2.33,1.28
2014.02.14 07:07:00.027,0.89205,0.89214,1.00,1.28
2014.02.14 07:07:01.397,0.89205,0.89214,1.18,1.10
2014.02.14 07:07:01.903,0.89206,0.89216,4.88,2.70
2014.02.14 07:07:01.954,0.89206,0.89217,5.03,1.55
2014.02.14 07:07:04.564,0.89206,0.89217,1.28,2.03
2014.02.14 07:07:05.074,0.89206,0.89217,1.28,2.03
2014.02.14 07:07:09.239,0.89206,0.89217,1.20,4.20
2014.02.14 07:07:12.399,0.89206,0.89217,1.20,1.65
2014.02.14 07:07:18.002,0.89206,0.89216,1.28,1.20
2014.02.14 07:07:18.546,0.89206,0.89216,1.18,1.18
2014.02.14 07:07:19.390,0.89206,0.89216,1.18,1.20
2014.02.14 07:07:20.887,0.89205,0.89215,3.45,1.00
2014.02.14 07:07:21.039,0.89204,0.89214,1.20,1.15
2014.02.14 07:07:21.443,0.89204,0.89213,1.00,2.33
2014.02.14 07:07:23.013,0.89204,0.89214,1.00,8.70
2014.02.14 07:07:23.860,0.89204,0.89213,1.00,6.08
2014.02.14 07:07:25.375,0.89204,0.89213,1.38,6.08
2014.02.14 07:07:25.843,0.89202,0.89212,1.48,1.15
2014.02.14 07:07:33.776,0.89202,0.89212,1.58,1.15
2014.02.14 07:07:33.979,0.89202,0.89211,1.50,2.33
2014.02.14 07:07:39.798,0.89202,0.89212,1.50,3.08
2014.02.14 07:07:40.307,0.89202,0.89212,1.58,1.15
2014.02.14 07:07:40.822,0.89202,0.89211,1.13,2.33
2014.02.14 07:07:43.050,0.89201,0.89211,1.13,3.45
2014.02.14 07:07:43.358,0.89199,0.89208,1.20,2.25
2014.02.14 07:07:43.899,0.89199,0.89209,1.13,3.83
2014.02.14 07:07:44.454,0.89199,0.89208,1.00,2.70
2014.02.14 07:07:45.062,0.89198,0.89208,1.50,3.45
2014.02.14 07:07:45.365,0.89197,0.89204,1.00,6.45
2014.02.14 07:07:45.568,0.89195,0.89204,1.00,2.70
2014.02.14 07:07:46.571,0.89195,0.89203,1.00,6.08
2014.02.14 07:07:46.925,0.89193,0.89203,1.00,6.83
2014.02.14 07:07:48.209,0.89193,0.89203,1.38,6.83
2014.02.14 07:07:48.452,0.89193,0.89203,3.45,1.00
2014.02.14 07:07:50.251,0.89193,0.89203,1.28,1.10
2014.02.14 07:07:53.654,0.89193,0.89203,1.53,1.10
2014.02.14 07:07:56.455,0.89193,0.89203,1.53,1.10
2014.02.14 07:07:58.834,0.89193,0.89203,1.28,1.18
2014.02.14 07:08:00.655,0.89193,0.89203,1.15,4.95
2014.02.14 07:08:01.426,0.89193,0.89203,1.28,1.18
2014.02.14 07:08:02.072,0.89193,0.89203,1.28,1.10
2014.02.14 07:08:04.264,0.89193,0.89203,1.28,1.08
2014.02.14 07:08:04.777,0.89193,0.89203,1.28,1.10
2014.02.14 07:08:06.656,0.89193,0.89203,1.18,1.65
2014.02.14 07:08:07.880,0.89193,0.89203,1.15,4.58
2014.02.14 07:08:08.565,0.89193,0.89203,1.18,1.18
2014.02.14 07:08:09.960,0.89193,0.89203,1.15,1.10
2014.02.14 07:08:10.487,0.89193,0.89203,1.18,1.18
2014.02.14 07:08:10.995,0.89193,0.89203,1.15,1.10
2014.02.14 07:08:11.559,0.89193,0.89203,1.18,1.18
2014.02.14 07:08:12.087,0.89193,0.89203,1.15,1.10
2014.02.14 07:08:12.882,0.89193,0.89203,1.15,5.33
2014.02.14 07:08:13.389,0.89191,0.89201,3.08,1.13
2014.02.14 07:08:13.490,0.89191,0.89201,1.18,1.65
2014.02.14 07:08:13.693,0.89189,0.89199,1.53,1.20
2014.02.14 07:08:14.199,0.89188,0.89197,6.45,1.00
2014.02.14 07:08:14.513,0.89192,0.89201,9.38,1.13
2014.02.14 07:08:14.867,0.89193,0.89202,2.33,1.13
2014.02.14 07:08:15.600,0.89194,0.89202,2.33,1.13
2014.02.14 07:08:18.072,0.89195,0.89204,7.65,1.50
2014.02.14 07:08:18.376,0.89196,0.89204,3.08,1.00
2014.02.14 07:08:24.431,0.89197,0.89207,1.53,1.10
2014.02.14 07:08:24.481,0.89201,0.89208,2.25,4.13
2014.02.14 07:08:24.583,0.89202,0.8921,1.15,6.75
2014.02.14 07:08:24.634,0.89203,0.8921,2.33,1.00
2014.02.14 07:08:24.938,0.89205,0.89214,2.33,1.13
2014.02.14 07:08:24.989,0.89205,0.89213,2.33,1.00
2014.02.14 07:08:25.529,0.89205,0.89213,7.65,1.00
2014.02.14 07:08:26.049,0.89205,0.89213,2.33,1.00
2014.02.14 07:08:27.769,0.8921,0.89216,2.18,1.38
2014.02.14 07:08:27.921,0.8921,0.89217,2.33,1.13
2014.02.14 07:08:28.376,0.8921,0.89217,2.33,1.00
2014.02.14 07:08:28.477,0.8921,0.89217,2.33,1.13
2014.02.14 07:08:30.457,0.8921,0.89217,2.33,1.38
2014.02.14 07:08:30.969,0.89209,0.89217,4.50,1.38
2014.02.14 07:08:31.508,0.8921,0.89217,2.33,1.00
2014.02.14 07:08:32.866,0.8921,0.89217,2.33,1.88
2014.02.14 07:08:33.420,0.89209,0.89217,2.33,1.88
2014.02.14 07:08:41.858,0.89209,0.89216,2.33,1.00
2014.02.14 07:08:42.891,0.89209,0.89216,2.33,1.38
2014.02.14 07:08:43.903,0.89208,0.89216,4.50,1.38
2014.02.14 07:08:44.409,0.89209,0.89216,2.33,1.00
2014.02.14 07:08:47.739,0.89209,0.89217,2.33,1.88
2014.02.14 07:08:48.557,0.89208,0.89217,2.33,1.88
2014.02.14 07:08:48.884,0.8921,0.89217,2.33,1.50
2014.02.14 07:08:49.671,0.89209,0.89217,2.33,1.38
2014.02.14 07:08:52.004,0.8921,0.89217,2.33,1.00
2014.02.14 07:08:52.538,0.89209,0.89217,6.08,1.00
2014.02.14 07:08:52.749,0.89209,0.89219,6.83,1.13
2014.02.14 07:08:52.901,0.89209,0.89215,3.08,1.00
2014.02.14 07:08:53.205,0.89209,0.89217,3.08,1.13
2014.02.14 07:08:53.831,0.89209,0.89217,3.08,1.38
2014.02.14 07:08:54.987,0.89209,0.89215,3.08,1.00
2014.02.14 07:09:04.469,0.89209,0.89217,2.33,1.50
2014.02.14 07:09:05.819,0.8921,0.89217,2.33,1.13
2014.02.14 07:09:06.337,0.89209,0.89216,3.83,1.13
2014.02.14 07:09:07.906,0.8921,0.89217,2.33,1.50
2014.02.14 07:09:08.411,0.89209,0.89216,4.28,1.00
2014.02.14 07:09:09.007,0.89209,0.89216,4.28,1.38
2014.02.14 07:09:10.844,0.8921,0.89217,2.33,1.00
2014.02.14 07:09:11.218,0.89206,0.89214,4.50,1.75
2014.02.14 07:09:11.370,0.89208,0.89212,1.50,4.50
2014.02.14 07:09:11.421,0.8921,0.89214,2.18,1.00
2014.02.14 07:09:11.523,0.89207,0.89214,3.00,1.00
2014.02.14 07:09:11.624,0.89208,0.89215,2.33,1.38
2014.02.14 07:09:12.150,0.89208,0.89215,2.33,1.00
2014.02.14 07:09:13.574,0.89208,0.89216,2.33,1.50
2014.02.14 07:09:15.237,0.89208,0.89215,2.33,1.00
2014.02.14 07:09:16.862,0.89208,0.89216,2.33,1.50
2014.02.14 07:09:17.565,0.89209,0.89216,3.08,1.50
2014.02.14 07:09:18.571,0.89209,0.89218,3.08,1.75
2014.02.14 07:09:22.438,0.89209,0.89218,3.68,1.75
2014.02.14 07:09:34.716,0.89209,0.89216,1.15,1.00
2014.02.14 07:09:35.020,0.8921,0.89218,3.08,1.50
2014.02.14 07:09:36.758,0.8921,0.89219,3.83,1.50
2014.02.14 07:09:37.839,0.8921,0.89219,3.83,1.50
2014.02.14 07:09:38.895,0.89211,0.89219,2.33,1.50
2014.02.14 07:09:39.553,0.8921,0.89219,3.83,1.39
2014.02.14 07:09:40.529,0.89211,0.89219,2.33,1.39
2014.02.14 07:09:41.070,0.8921,0.89219,7.58,1.39
2014.02.14 07:09:41.575,0.89211,0.89219,2.33,1.39
2014.02.14 07:09:42.852,0.89211,0.89219,2.33,1.39
2014.02.14 07:09:43.386,0.8921,0.89219,3.83,2.14
2014.02.14 07:09:44.948,0.8921,0.89219,3.83,2.14
2014.02.14 07:09:47.543,0.8921,0.89216,1.18,1.00
2014.02.14 07:09:49.081,0.8921,0.89216,1.11,1.39
2014.02.14 07:10:00.379,0.8921,0.89216,3.10,1.13
2014.02.14 07:10:00.532,0.8921,0.89217,3.10,1.00
2014.02.14 07:10:01.073,0.8921,0.89218,8.43,1.88
2014.02.14 07:10:12.005,0.8921,0.89218,2.33,1.88
2014.02.14 07:10:14.169,0.89209,0.89217,5.25,1.13
2014.02.14 07:10:15.519,0.89209,0.89217,3.08,1.38
2014.02.14 07:10:16.292,0.89209,0.89217,3.08,1.13
2014.02.14 07:10:20.203,0.89209,0.89217,2.33,1.38
2014.02.14 07:10:20.506,0.8921,0.89218,3.83,1.00
2014.02.14 07:10:21.015,0.89211,0.89221,4.65,1.95
2014.02.14 07:10:22.456,0.8921,0.89218,1.18,1.00
2014.02.14 07:10:22.971,0.8921,0.8922,1.15,3.45
2014.02.14 07:10:23.476,0.8921,0.89219,1.18,2.33
2014.02.14 07:10:23.981,0.8921,0.89219,1.15,2.25
2014.02.14 07:10:24.532,0.8921,0.89219,1.65,1.58
2014.02.14 07:10:27.699,0.8921,0.89219,1.65,1.50
2014.02.14 07:10:28.385,0.8921,0.8922,9.75,2.33
2014.02.14 07:10:28.702,0.89211,0.89221,6.08,2.33
2014.02.14 07:10:29.208,0.89212,0.89221,2.33,1.38
2014.02.14 07:10:34.598,0.89213,0.89222,2.25,1.88
2014.02.14 07:10:34.650,0.89215,0.89222,2.33,1.00
2014.02.14 07:10:34.953,0.89215,0.89224,2.33,1.13
2014.02.14 07:10:35.457,0.89216,0.89226,2.33,1.13
2014.02.14 07:10:37.276,0.89217,0.89226,6.68,1.00
2014.02.14 07:10:37.428,0.89218,0.89228,6.68,1.88
2014.02.14 07:10:37.954,0.89217,0.89228,3.68,1.95
2014.02.14 07:10:38.056,0.89216,0.89227,3.38,1.28
2014.02.14 07:10:38.737,0.89216,0.89227,5.18,1.20
2014.02.14 07:10:40.110,0.89216,0.89227,3.00,1.65
2014.02.14 07:10:40.439,0.89218,0.89227,2.25,1.58
2014.02.14 07:10:40.945,0.89219,0.89228,6.08,1.13
2014.02.14 07:10:40.996,0.89219,0.89228,3.90,1.20
2014.02.14 07:10:41.642,0.89218,0.89228,4.50,1.28
2014.02.14 07:10:42.178,0.89218,0.89228,4.50,1.20
2014.02.14 07:10:51.334,0.8922,0.8923,8.25,1.95
2014.02.14 07:10:51.436,0.89221,0.89231,4.50,1.58
2014.02.14 07:10:51.951,0.89222,0.89231,3.90,1.00
2014.02.14 07:10:54.478,0.89222,0.89233,4.65,1.55
2014.02.14 07:10:56.180,0.89222,0.89233,4.65,1.28
2014.02.14 07:10:56.687,0.89222,0.89233,4.65,1.28
2014.02.14 07:10:57.610,0.89222,0.89233,6.83,1.20
2014.02.14 07:10:58.118,0.89222,0.89233,4.65,1.18
2014.02.14 07:10:58.627,0.89222,0.89233,1.18,1.28
2014.02.14 07:10:59.228,0.89222,0.89233,1.10,3.83
2014.02.14 07:11:01.621,0.8922,0.89231,1.43,1.65
2014.02.14 07:11:01.672,0.8922,0.89231,1.10,3.83
2014.02.14 07:11:02.500,0.89219,0.8923,1.80,3.45
2014.02.14 07:11:03.501,0.89219,0.8923,1.50,1.15
2014.02.14 07:11:07.569,0.89219,0.8923,1.50,3.08
2014.02.14 07:11:10.401,0.89219,0.8923,1.43,1.15
2014.02.14 07:11:16.057,0.89219,0.8923,1.50,1.18
2014.02.14 07:11:25.170,0.89219,0.8923,1.50,1.15
2014.02.14 07:11:27.116,0.89219,0.8923,5.25,1.18
2014.02.14 07:11:31.126,0.89221,0.89232,1.18,3.38
2014.02.14 07:11:31.177,0.89221,0.89232,3.08,1.10
2014.02.14 07:11:34.397,0.89221,0.89232,1.88,1.18
2014.02.14 07:11:35.155,0.89221,0.89232,4.05,1.10
2014.02.14 07:11:38.246,0.89221,0.89232,1.15,1.18
2014.02.14 07:11:38.955,0.89221,0.89232,3.68,1.20
2014.02.14 07:11:39.457,0.89221,0.89232,1.50,1.28
2014.02.14 07:11:41.809,0.89221,0.89232,1.50,1.28
2014.02.14 07:11:43.478,0.89221,0.89232,1.50,1.28
2014.02.14 07:11:44.205,0.89221,0.89232,1.50,1.28
2014.02.14 07:11:44.408,0.89223,0.89233,2.25,1.18
2014.02.14 07:11:45.478,0.89222,0.89233,1.78,1.15
2014.02.14 07:11:45.987,0.89221,0.89232,1.10,3.08
2014.02.14 07:11:46.492,0.89221,0.89232,1.18,1.15
2014.02.14 07:11:48.510,0.89221,0.89232,1.15,1.28
2014.02.14 07:11:51.292,0.89222,0.89232,1.10,1.28
2014.02.14 07:11:53.067,0.89222,0.89232,1.28,1.28
2014.02.14 07:11:53.590,0.89222,0.89232,1.20,1.28
2014.02.14 07:12:01.138,0.89222,0.89232,1.53,1.10
2014.02.14 07:12:03.099,0.89222,0.89232,1.55,1.18
2014.02.14 07:12:07.011,0.89222,0.89232,1.48,1.28
2014.02.14 07:12:07.558,0.89222,0.89232,1.55,1.28
2014.02.14 07:12:09.653,0.89222,0.89232,1.48,1.28
2014.02.14 07:12:11.056,0.89222,0.89232,1.88,1.18
2014.02.14 07:12:11.359,0.89225,0.89234,1.30,1.15
2014.02.14 07:12:16.060,0.89224,0.89234,1.35,3.08
2014.02.14 07:12:16.566,0.89223,0.89232,2.63,1.10
2014.02.14 07:12:17.083,0.89223,0.89232,2.55,1.18
2014.02.14 07:12:18.121,0.89223,0.89232,2.63,1.10
2014.02.14 07:12:20.248,0.89225,0.89232,2.10,1.10
2014.02.14 07:12:26.614,0.89225,0.89234,6.38,1.10
2014.02.14 07:12:29.732,0.89226,0.89236,5.55,1.15
2014.02.14 07:12:30.480,0.89226,0.89236,5.55,1.15
2014.02.14 07:12:33.933,0.89226,0.89236,5.18,1.15
2014.02.14 07:12:37.117,0.89227,0.89236,3.75,1.15
2014.02.14 07:12:40.795,0.89227,0.89236,4.13,1.15
2014.02.14 07:12:45.868,0.89227,0.89236,4.13,1.15
2014.02.14 07:12:53.484,0.89226,0.89236,5.55,1.15
2014.02.14 07:12:54.000,0.89226,0.89236,5.55,1.15
2014.02.14 07:13:00.563,0.89226,0.89236,5.55,1.15
2014.02.14 07:13:02.204,0.89226,0.89236,5.55,1.15
2014.02.14 07:13:04.503,0.89227,0.89236,1.30,3.08
2014.02.14 07:13:05.044,0.89227,0.89236,1.30,1.15
2014.02.14 07:13:05.837,0.89227,0.89236,1.30,3.08
2014.02.14 07:13:06.040,0.89226,0.89233,1.13,2.33
2014.02.14 07:13:06.343,0.89223,0.89233,1.13,3.83
2014.02.14 07:13:06.394,0.89221,0.89231,1.75,3.08
2014.02.14 07:13:06.547,0.89221,0.89231,1.00,3.08
2014.02.14 07:13:07.089,0.89221,0.89231,1.10,1.15
2014.02.14 07:13:07.717,0.89221,0.89231,1.48,1.15
2014.02.14 07:13:11.938,0.89221,0.89231,1.10,1.15
2014.02.14 07:13:12.241,0.89221,0.8923,1.00,2.33
2014.02.14 07:13:12.444,0.89218,0.89227,1.50,1.15
2014.02.14 07:13:13.324,0.89217,0.89227,1.38,3.08
2014.02.14 07:13:15.020,0.89217,0.89227,1.00,4.20
2014.02.14 07:13:15.071,0.89215,0.89224,1.30,1.15
2014.02.14 07:13:15.325,0.89209,0.89219,1.65,1.18
2014.02.14 07:13:15.581,0.89207,0.89217,1.00,3.08
2014.02.14 07:13:16.090,0.89205,0.89215,1.53,1.10
2014.02.14 07:13:16.394,0.89204,0.89214,1.13,3.08
2014.02.14 07:13:17.263,0.89202,0.89212,1.48,1.15
2014.02.14 07:13:18.163,0.89202,0.89212,1.48,1.15
2014.02.14 07:13:19.671,0.89202,0.89212,1.20,1.15
2014.02.14 07:13:20.185,0.89202,0.89212,1.38,3.08
2014.02.14 07:13:20.438,0.89202,0.89212,1.55,1.18
2014.02.14 07:13:22.235,0.89204,0.89214,1.38,3.08
2014.02.14 07:13:22.769,0.89204,0.89214,1.80,1.15
2014.02.14 07:13:23.001,0.89204,0.89214,1.43,1.15
2014.02.14 07:13:28.583,0.89204,0.89214,1.80,1.15
2014.02.14 07:13:28.965,0.89206,0.89216,1.48,3.08
2014.02.14 07:13:29.118,0.89206,0.89216,1.53,1.10
2014.02.14 07:13:29.325,0.89206,0.89216,1.00,3.45
2014.02.14 07:13:29.579,0.89206,0.89216,1.15,1.10
2014.02.14 07:13:29.882,0.8921,0.89218,7.65,1.00
2014.02.14 07:13:30.186,0.89212,0.89222,1.15,1.58
2014.02.14 07:13:30.885,0.89214,0.89224,1.10,1.15
2014.02.14 07:13:31.914,0.89214,0.89224,1.18,1.18
2014.02.14 07:13:32.986,0.89215,0.89225,1.48,1.15
2014.02.14 07:13:33.037,0.89217,0.89227,1.15,1.20
2014.02.14 07:13:33.542,0.89219,0.89229,1.08,1.18
2014.02.14 07:13:34.049,0.89219,0.89229,1.15,1.10
2014.02.14 07:13:51.826,0.89219,0.89229,1.15,1.48
2014.02.14 07:13:51.928,0.89217,0.89227,1.15,1.10
2014.02.14 07:13:51.979,0.89217,0.89227,1.18,1.08
2014.02.14 07:13:52.283,0.89215,0.89223,2.33,4.88
2014.02.14 07:13:52.618,0.89212,0.89222,1.00,3.08
2014.02.14 07:13:55.434,0.89212,0.89222,1.10,1.15
2014.02.14 07:13:56.062,0.89212,0.89222,1.00,3.08
2014.02.14 07:13:56.214,0.89212,0.89222,1.18,1.18
2014.02.14 07:13:57.548,0.89212,0.89222,1.55,1.18
2014.02.14 07:13:58.004,0.89213,0.89223,1.53,1.10
2014.02.14 07:13:58.307,0.89215,0.89225,1.28,1.10
2014.02.14 07:14:01.025,0.89215,0.89225,3.08,1.00
2014.02.14 07:14:01.564,0.89215,0.89225,1.15,1.10
2014.02.14 07:14:02.224,0.89215,0.89225,3.08,1.00
2014.02.14 07:14:03.316,0.89215,0.89225,1.28,1.10
2014.02.14 07:14:03.835,0.89215,0.89225,3.08,1.00
2014.02.14 07:14:04.420,0.89215,0.89225,1.15,1.08
2014.02.14 07:14:05.164,0.89215,0.89225,1.18,1.18
2014.02.14 07:14:05.692,0.89215,0.89225,1.10,1.15
2014.02.14 07:14:07.169,0.89215,0.89224,1.00,1.15
2014.02.14 07:14:07.897,0.89215,0.89224,1.00,3.08
2014.02.14 07:14:08.200,0.89212,0.89222,1.28,1.18
2014.02.14 07:14:08.745,0.89212,0.89221,1.10,1.18
2014.02.14 07:14:09.214,0.8921,0.8922,1.28,1.08
2014.02.14 07:14:09.721,0.8921,0.89219,1.18,1.10
2014.02.14 07:14:10.025,0.89209,0.89217,1.00,1.18
2014.02.14 07:14:10.329,0.89207,0.89216,1.10,1.08
2014.02.14 07:14:10.834,0.89205,0.89215,1.28,1.18
2014.02.14 07:14:11.389,0.89205,0.89215,1.28,1.18
2014.02.14 07:14:11.694,0.89203,0.89213,1.48,1.15
2014.02.14 07:14:11.897,0.89201,0.89211,1.58,1.18
2014.02.14 07:14:12.400,0.89201,0.89211,1.48,1.15
2014.02.14 07:14:13.204,0.89201,0.89211,1.48,1.15
2014.02.14 07:14:16.045,0.892,0.8921,1.55,1.18
2014.02.14 07:14:16.702,0.892,0.8921,1.20,1.15
2014.02.14 07:14:17.252,0.892,0.8921,1.28,1.18
2014.02.14 07:14:18.114,0.892,0.8921,1.53,1.08
2014.02.14 07:14:18.682,0.892,0.8921,1.53,1.10
2014.02.14 07:14:19.275,0.892,0.8921,1.53,1.10
2014.02.14 07:14:20.764,0.892,0.8921,1.53,1.10
2014.02.14 07:14:22.014,0.892,0.8921,1.53,1.10
2014.02.14 07:14:22.519,0.892,0.8921,1.53,1.10
2014.02.14 07:14:28.044,0.892,0.8921,1.53,1.10
2014.02.14 07:14:28.553,0.89202,0.89212,1.28,1.18
2014.02.14 07:14:29.054,0.89204,0.89213,1.00,2.33
2014.02.14 07:14:29.105,0.89204,0.89214,1.15,1.20
2014.02.14 07:14:29.775,0.89205,0.89215,1.15,1.10
2014.02.14 07:14:47.682,0.89207,0.89217,1.18,1.18
2014.02.14 07:14:48.316,0.89207,0.89217,1.10,1.15
2014.02.14 07:14:48.468,0.89207,0.89217,1.88,1.10
2014.02.14 07:14:48.771,0.89209,0.89219,9.98,1.00
2014.02.14 07:14:49.075,0.89212,0.89219,2.25,1.00
2014.02.14 07:14:49.126,0.89214,0.89223,1.18,1.08
2014.02.14 07:14:49.328,0.89214,0.89224,3.08,1.13
2014.02.14 07:14:51.422,0.89216,0.89226,1.18,1.65
2014.02.14 07:14:54.938,0.89216,0.89226,1.10,1.65
2014.02.14 07:14:56.900,0.89216,0.89226,1.18,1.18
2014.02.14 07:14:57.402,0.89216,0.89226,1.10,1.15
2014.02.14 07:14:58.521,0.89216,0.89226,1.08,1.15
2014.02.14 07:14:59.076,0.89216,0.89226,1.10,1.15
2014.02.14 07:15:00.827,0.89216,0.89226,1.08,1.15
2014.02.14 07:15:01.483,0.89216,0.89226,1.20,1.18
2014.02.14 07:15:02.041,0.89216,0.89226,1.18,1.18
2014.02.14 07:15:04.340,0.89216,0.89226,1.18,1.20
2014.02.14 07:15:05.281,0.89216,0.89226,1.10,1.15
2014.02.14 07:15:05.635,0.89216,0.89226,1.15,1.10
2014.02.14 07:15:09.369,0.89216,0.89226,1.18,1.18
2014.02.14 07:15:10.877,0.89216,0.89226,1.15,1.10
2014.02.14 07:15:11.388,0.89218,0.89228,1.18,1.28
2014.02.14 07:15:17.019,0.89218,0.89228,1.10,1.28
2014.02.14 07:15:17.563,0.89218,0.89225,1.10,1.00
2014.02.14 07:15:19.658,0.89216,0.89226,1.15,1.10
2014.02.14 07:15:19.962,0.89214,0.89224,1.08,1.18
2014.02.14 07:15:20.265,0.89214,0.89224,1.20,1.15
2014.02.14 07:15:20.772,0.89214,0.89224,1.00,3.83
2014.02.14 07:15:28.302,0.89213,0.89222,1.10,1.65
2014.02.14 07:15:28.809,0.89213,0.89222,1.00,2.03
2014.02.14 07:15:28.961,0.89211,0.89216,2.10,1.00
2014.02.14 07:15:29.011,0.89211,0.89216,2.18,1.00
2014.02.14 07:15:29.062,0.89211,0.89221,3.68,1.65
2014.02.14 07:15:29.214,0.89211,0.89221,3.75,1.48
2014.02.14 07:15:29.467,0.89213,0.89222,1.10,1.65
2014.02.14 07:15:30.453,0.89213,0.89221,1.10,1.48
2014.02.14 07:15:30.960,0.89212,0.89219,1.10,1.13
2014.02.14 07:15:31.466,0.89212,0.89218,1.10,1.13
2014.02.14 07:15:31.972,0.89212,0.89218,1.10,1.38
2014.02.14 07:15:33.750,0.89212,0.89218,1.10,1.50
2014.02.14 07:15:34.054,0.89209,0.89214,3.30,1.13
2014.02.14 07:15:34.409,0.89206,0.89212,1.00,1.48
2014.02.14 07:15:34.997,0.89205,0.89212,1.00,1.10
2014.02.14 07:15:36.240,0.89205,0.89212,1.00,1.48
2014.02.14 07:15:39.080,0.89205,0.89212,1.00,1.55
2014.02.14 07:15:39.687,0.89203,0.89212,3.38,1.48
2014.02.14 07:15:41.092,0.89203,0.89211,1.13,1.38
2014.02.14 07:15:41.193,0.89202,0.89211,3.75,1.00
2014.02.14 07:15:41.700,0.89203,0.89212,1.05,1.28
2014.02.14 07:15:42.206,0.89202,0.89212,3.68,1.28
2014.02.14 07:15:42.510,0.89202,0.89212,1.20,5.03
2014.02.14 07:15:42.797,0.89199,0.89208,2.70,1.08
2014.02.14 07:15:42.906,0.89198,0.89208,1.20,1.18
2014.02.14 07:15:43.159,0.89198,0.89207,1.00,2.33
2014.02.14 07:15:44.772,0.89196,0.89206,1.43,1.15
2014.02.14 07:15:46.097,0.89196,0.89206,2.93,1.28
2014.02.14 07:15:46.658,0.89196,0.89206,3.00,1.28
2014.02.14 07:15:47.168,0.89196,0.89206,2.93,1.28
2014.02.14 07:15:47.422,0.89194,0.89204,1.18,1.18
2014.02.14 07:15:47.473,0.89194,0.89204,1.10,3.08
2014.02.14 07:15:47.979,0.89193,0.89203,1.20,1.15
2014.02.14 07:15:48.494,0.89193,0.89203,1.00,3.08
2014.02.14 07:15:48.748,0.89188,0.89198,1.80,1.28
2014.02.14 07:15:48.799,0.89189,0.89198,3.90,1.20
2014.02.14 07:15:49.153,0.8919,0.89201,9.75,1.18
2014.02.14 07:15:49.658,0.89191,0.89202,1.50,3.08
2014.02.14 07:15:50.165,0.89191,0.89201,1.00,4.50
2014.02.14 07:15:50.774,0.89191,0.892,1.00,2.33
2014.02.14 07:15:51.296,0.89189,0.892,1.18,1.15
2014.02.14 07:15:51.802,0.89189,0.892,1.10,3.08
2014.02.14 07:15:52.409,0.89189,0.892,1.28,1.15
2014.02.14 07:15:52.916,0.89189,0.892,1.20,3.08
2014.02.14 07:15:53.219,0.89189,0.892,1.53,1.18
2014.02.14 07:15:53.770,0.89189,0.892,1.18,1.15
2014.02.14 07:15:54.632,0.89189,0.892,1.53,1.18
2014.02.14 07:15:54.953,0.89192,0.89204,1.28,4.20
2014.02.14 07:15:55.312,0.89194,0.89204,3.90,1.28
2014.02.14 07:15:56.213,0.89194,0.89204,3.90,1.28
2014.02.14 07:16:01.163,0.89195,0.89205,7.58,3.38
2014.02.14 07:16:01.214,0.89195,0.89205,10.50,1.20
2014.02.14 07:16:01.367,0.89196,0.89208,7.95,1.08
2014.02.14 07:16:01.469,0.892,0.8921,3.83,1.15
2014.02.14 07:16:01.621,0.89201,0.89212,1.28,2.70
2014.02.14 07:16:01.672,0.89201,0.89213,1.28,2.03
2014.02.14 07:16:02.183,0.89204,0.89216,4.65,3.45
2014.02.14 07:16:02.487,0.89207,0.89218,1.58,3.45
2014.02.14 07:16:02.640,0.89208,0.8922,5.03,4.20
2014.02.14 07:16:02.994,0.8921,0.8922,3.83,1.18
2014.02.14 07:16:03.197,0.89212,0.89224,1.18,3.45
2014.02.14 07:16:03.956,0.89213,0.89224,1.18,2.33
2014.02.14 07:16:04.007,0.89213,0.89225,1.15,1.15
2014.02.14 07:16:05.054,0.89216,0.89226,1.08,2.25
2014.02.14 07:16:05.105,0.89216,0.89228,1.15,3.15
2014.02.14 07:16:07.404,0.89218,0.89229,1.18,1.65
2014.02.14 07:16:07.911,0.89217,0.89229,3.90,3.45
2014.02.14 07:16:13.634,0.89216,0.89228,2.40,2.70
2014.02.14 07:16:14.155,0.89216,0.89228,6.15,2.70
2014.02.14 07:16:14.408,0.89216,0.89228,1.28,2.70
2014.02.14 07:16:14.813,0.89215,0.89225,1.00,3.08
2014.02.14 07:16:15.068,0.89215,0.89227,1.65,3.45
2014.02.14 07:16:15.994,0.89215,0.89226,1.58,2.33
2014.02.14 07:16:16.197,0.89216,0.89229,1.53,3.45
2014.02.14 07:16:16.500,0.89217,0.89229,2.70,1.53
2014.02.14 07:16:16.652,0.89216,0.89229,4.65,3.45
2014.02.14 07:16:16.855,0.89214,0.89225,2.33,8.93
2014.02.14 07:16:17.159,0.89214,0.89222,2.18,6.00
2014.02.14 07:16:17.209,0.8921,0.89222,1.65,6.08
2014.02.14 07:16:17.412,0.89209,0.89219,1.58,2.33
2014.02.14 07:16:17.463,0.89207,0.89219,2.78,2.70
2014.02.14 07:16:17.991,0.89204,0.89215,3.83,1.10
2014.02.14 07:16:18.042,0.89204,0.89215,1.65,3.00
2014.02.14 07:16:18.143,0.89202,0.89214,1.50,2.33
2014.02.14 07:16:20.273,0.89202,0.89214,1.55,2.33
2014.02.14 07:16:20.779,0.89202,0.89214,1.28,2.33
2014.02.14 07:16:24.189,0.89203,0.89214,1.48,2.33
2014.02.14 07:16:24.291,0.89203,0.89216,1.53,3.08
2014.02.14 07:16:25.575,0.89203,0.89215,1.08,6.08
2014.02.14 07:16:25.727,0.89202,0.89212,2.25,3.00
2014.02.14 07:16:25.828,0.89198,0.89209,1.85,2.33
2014.02.14 07:16:28.560,0.89198,0.89211,1.53,3.83
2014.02.14 07:16:29.236,0.89198,0.89211,1.53,3.08
2014.02.14 07:16:29.540,0.89202,0.89213,1.53,3.53
2014.02.14 07:16:29.896,0.89203,0.89215,3.08,1.15
2014.02.14 07:16:30.404,0.89204,0.89215,1.15,1.18
2014.02.14 07:16:31.505,0.89204,0.89215,1.18,1.15
2014.02.14 07:16:31.809,0.892,0.89211,1.10,3.08
2014.02.14 07:16:32.314,0.89198,0.89209,1.55,1.15
2014.02.14 07:16:32.843,0.89198,0.89209,1.18,1.15
2014.02.14 07:16:36.886,0.89199,0.89209,1.48,1.15
2014.02.14 07:16:37.038,0.89203,0.89212,1.00,2.70
2014.02.14 07:16:37.140,0.89203,0.89213,1.28,2.33
2014.02.14 07:16:37.242,0.89203,0.89214,3.83,1.20
2014.02.14 07:16:37.749,0.89206,0.89217,1.55,3.45
2014.02.14 07:16:37.800,0.89206,0.89217,1.53,1.18
2014.02.14 07:16:38.153,0.8921,0.8922,1.10,3.08
2014.02.14 07:16:38.204,0.8921,0.89221,1.18,1.90
2014.02.14 07:16:38.306,0.89211,0.89222,1.15,1.18
2014.02.14 07:16:38.851,0.89211,0.89222,1.18,1.15
2014.02.14 07:16:41.978,0.8921,0.89221,1.18,1.15
2014.02.14 07:16:44.024,0.89213,0.89221,1.00,1.28
2014.02.14 07:16:44.125,0.89213,0.89221,1.10,1.20
2014.02.14 07:16:45.464,0.89213,0.89222,1.00,1.53
2014.02.14 07:16:48.914,0.89213,0.89222,1.10,5.03
2014.02.14 07:16:49.909,0.89212,0.8922,1.10,1.10
2014.02.14 07:16:50.364,0.8921,0.89218,1.18,1.00
2014.02.14 07:16:50.870,0.8921,0.89218,1.15,1.00
2014.02.14 07:16:51.376,0.8921,0.89218,1.18,1.00
2014.02.14 07:16:52.622,0.8921,0.89218,1.18,1.00
2014.02.14 07:16:52.673,0.8921,0.8922,1.15,1.10
2014.02.14 07:16:53.218,0.89211,0.89221,1.15,1.20
2014.02.14 07:16:57.970,0.8921,0.89221,1.18,1.15
2014.02.14 07:16:58.601,0.89208,0.89219,1.15,1.08
2014.02.14 07:16:58.703,0.89207,0.89218,1.65,1.18
2014.02.14 07:16:59.253,0.89207,0.89216,1.20,1.08
2014.02.14 07:17:01.194,0.89205,0.89216,1.65,3.08
2014.02.14 07:17:01.923,0.89205,0.89216,1.65,1.15
2014.02.14 07:17:04.333,0.89205,0.89216,1.65,3.08
2014.02.14 07:17:04.855,0.89206,0.89216,1.10,1.15
2014.02.14 07:17:05.552,0.89207,0.89216,1.00,1.15
2014.02.14 07:17:08.096,0.89207,0.89216,1.00,3.08
2014.02.14 07:17:08.248,0.89205,0.89216,1.58,3.08
2014.02.14 07:17:09.190,0.89205,0.89214,1.00,2.33
2014.02.14 07:17:09.393,0.89202,0.89213,1.55,1.15
2014.02.14 07:17:10.532,0.89202,0.89213,1.20,3.08
2014.02.14 07:17:25.106,0.89201,0.89212,1.28,4.20
2014.02.14 07:17:25.716,0.89201,0.89212,1.18,2.40
2014.02.14 07:17:27.579,0.89201,0.89212,2.03,1.28
2014.02.14 07:17:30.045,0.89204,0.89213,1.00,1.55
2014.02.14 07:17:30.146,0.89204,0.89213,1.28,1.45
2014.02.14 07:17:30.248,0.89205,0.89216,1.28,1.65
2014.02.14 07:17:30.450,0.89208,0.89219,1.65,4.88
2014.02.14 07:17:30.603,0.89209,0.8922,1.15,1.55
2014.02.14 07:17:31.145,0.89209,0.8922,1.15,1.55
2014.02.14 07:17:31.976,0.89211,0.89221,1.15,1.20
2014.02.14 07:17:32.302,0.89211,0.8922,1.10,1.65
2014.02.14 07:17:35.194,0.89209,0.89218,1.15,1.00
2014.02.14 07:17:35.350,0.89208,0.89218,1.18,1.65
2014.02.14 07:17:35.452,0.89206,0.89217,1.88,1.65
2014.02.14 07:17:35.960,0.89205,0.89215,1.28,1.55
2014.02.14 07:17:36.519,0.89205,0.89215,1.10,1.65
2014.02.14 07:17:43.065,0.89204,0.89215,1.18,2.40
2014.02.14 07:17:43.369,0.89204,0.89215,3.08,1.20
2014.02.14 07:17:43.571,0.89204,0.89215,1.15,2.40
2014.02.14 07:17:44.087,0.89204,0.89215,3.08,2.33
2014.02.14 07:17:44.340,0.89205,0.89215,1.53,1.10
2014.02.14 07:17:44.846,0.89206,0.89217,3.45,1.58
2014.02.14 07:17:45.154,0.89206,0.89217,3.08,1.58
2014.02.14 07:17:45.356,0.89205,0.89216,1.28,1.55
2014.02.14 07:17:45.952,0.89203,0.89214,5.63,1.48
2014.02.14 07:17:46.852,0.89202,0.89213,5.63,1.20
2014.02.14 07:17:47.359,0.89202,0.89213,3.08,1.58
2014.02.14 07:17:47.903,0.89202,0.89213,3.08,1.58
2014.02.14 07:17:48.788,0.89203,0.89213,6.08,1.13
2014.02.14 07:17:49.306,0.89204,0.89213,6.45,1.13
2014.02.14 07:17:52.326,0.89206,0.89217,5.03,3.53
2014.02.14 07:17:52.581,0.89207,0.89217,3.08,1.88
2014.02.14 07:17:52.885,0.89209,0.8922,3.08,1.85
2014.02.14 07:17:53.424,0.89209,0.8922,1.15,1.93
2014.02.14 07:17:53.973,0.89209,0.8922,3.08,1.85
2014.02.14 07:17:55.274,0.89209,0.8922,3.08,1.85
2014.02.14 07:17:55.857,0.89209,0.8922,6.83,1.58
2014.02.14 07:17:56.363,0.8921,0.8922,2.33,1.75
2014.02.14 07:17:57.916,0.8921,0.8922,2.33,1.75
2014.02.14 07:17:58.453,0.8921,0.8922,2.33,1.75
2014.02.14 07:17:58.961,0.8921,0.89217,2.33,1.00
2014.02.14 07:17:59.369,0.89208,0.89217,2.33,1.00
2014.02.14 07:17:59.899,0.89209,0.89217,2.33,1.00
2014.02.14 07:18:00.435,0.89208,0.89217,3.08,1.00
2014.02.14 07:18:01.958,0.89209,0.89217,2.33,1.00
2014.02.14 07:18:03.693,0.89209,0.89219,2.33,1.38
2014.02.14 07:18:06.836,0.89209,0.89217,2.33,1.00
2014.02.14 07:18:07.458,0.8921,0.89217,2.33,1.00
2014.02.14 07:18:07.711,0.89211,0.89219,2.33,1.13
2014.02.14 07:18:08.224,0.89212,0.89219,2.33,1.13
2014.02.14 07:18:08.578,0.89214,0.89221,3.90,1.00
2014.02.14 07:18:08.731,0.89216,0.89226,1.50,3.83
2014.02.14 07:18:08.832,0.89216,0.89227,1.58,3.45
2014.02.14 07:18:08.883,0.89216,0.89227,1.65,1.28
2014.02.14 07:18:08.984,0.89218,0.89228,2.33,2.25
2014.02.14 07:18:10.356,0.89218,0.89224,2.33,1.13
2014.02.14 07:18:10.510,0.89216,0.89224,3.83,1.13
2014.02.14 07:18:11.052,0.89215,0.89224,2.33,1.50
2014.02.14 07:18:16.163,0.89215,0.89222,2.33,1.00
2014.02.14 07:18:17.322,0.89216,0.89223,2.33,1.13
2014.02.14 07:18:17.828,0.89215,0.89223,2.33,1.13
2014.02.14 07:18:18.358,0.89214,0.89225,3.08,1.95
2014.02.14 07:18:20.928,0.89214,0.8922,1.15,1.00
2014.02.14 07:18:21.131,0.89211,0.89218,1.10,1.13
2014.02.14 07:18:21.661,0.89209,0.89218,3.83,1.00
2014.02.14 07:18:22.271,0.89209,0.89218,1.65,1.00
2014.02.14 07:18:22.793,0.89209,0.89219,1.18,1.18
2014.02.14 07:18:25.454,0.89209,0.89218,1.28,1.00
2014.02.14 07:18:27.197,0.89209,0.89218,1.28,1.10
2014.02.14 07:18:29.184,0.89207,0.89215,3.45,1.00
2014.02.14 07:18:29.491,0.89207,0.89212,2.18,1.00
2014.02.14 07:18:29.542,0.89203,0.89212,1.28,1.00
2014.02.14 07:18:30.172,0.89201,0.89212,5.63,2.03
2014.02.14 07:18:30.678,0.89201,0.89212,4.05,1.95
2014.02.14 07:18:31.301,0.89201,0.89212,1.88,2.03
2014.02.14 07:18:31.886,0.89201,0.89212,4.05,1.20
2014.02.14 07:18:36.458,0.89203,0.89214,7.58,1.20
2014.02.14 07:18:36.509,0.89204,0.89214,3.08,1.00
2014.02.14 07:18:37.083,0.89206,0.89216,6.45,1.08
2014.02.14 07:18:37.134,0.89207,0.89218,1.15,1.20
2014.02.14 07:18:37.641,0.89207,0.89218,3.08,1.58
2014.02.14 07:18:38.543,0.89208,0.89218,2.33,1.00
2014.02.14 07:18:39.558,0.89207,0.89218,5.25,1.10
2014.02.14 07:18:41.693,0.89207,0.89218,3.08,1.58
2014.02.14 07:18:41.999,0.89205,0.89211,1.00,4.65
2014.02.14 07:18:42.253,0.892,0.8921,1.10,8.40
2014.02.14 07:18:42.850,0.892,0.8921,1.18,8.78
2014.02.14 07:18:43.404,0.892,0.8921,1.10,8.78
2014.02.14 07:18:46.294,0.892,0.8921,1.08,8.78
2014.02.14 07:18:46.749,0.892,0.8921,2.33,1.95
2014.02.14 07:18:47.310,0.89199,0.8921,4.05,1.95
2014.02.14 07:18:47.845,0.892,0.8921,2.33,1.88
2014.02.14 07:18:49.247,0.892,0.8921,2.33,1.50
2014.02.14 07:18:49.753,0.89201,0.89211,3.30,1.00
2014.02.14 07:18:50.057,0.89206,0.89215,2.33,4.88
2014.02.14 07:18:51.529,0.89206,0.89216,2.33,1.50
2014.02.14 07:18:53.195,0.89206,0.89216,3.08,1.13
2014.02.14 07:18:53.296,0.89208,0.89219,3.08,2.70
2014.02.14 07:18:53.802,0.89209,0.89219,2.33,1.50
2014.02.14 07:18:54.326,0.89208,0.89219,6.83,1.58
2014.02.14 07:18:55.683,0.89208,0.89219,6.83,1.48
2014.02.14 07:18:58.947,0.89208,0.89219,1.15,1.83
2014.02.14 07:18:59.973,0.89208,0.89218,1.15,1.10
2014.02.14 07:19:00.480,0.89208,0.89218,2.33,2.25
2014.02.14 07:19:02.488,0.89208,0.89218,1.15,1.95
2014.02.14 07:19:02.793,0.89204,0.89209,1.50,1.38
2014.02.14 07:19:03.096,0.89198,0.89208,1.28,4.28
2014.02.14 07:19:05.385,0.89198,0.89209,1.65,2.03
2014.02.14 07:19:06.499,0.89198,0.89209,1.65,5.78
2014.02.14 07:19:07.517,0.89199,0.89209,2.70,1.88
2014.02.14 07:19:08.825,0.892,0.8921,1.15,1.48
2014.02.14 07:19:10.361,0.89201,0.8921,2.33,1.38
2014.02.14 07:19:11.618,0.892,0.8921,6.83,1.38
2014.02.14 07:19:12.313,0.89201,0.8921,2.33,1.38
2014.02.14 07:19:19.802,0.89201,0.8921,2.33,1.88
2014.02.14 07:19:20.106,0.89197,0.89204,1.10,1.20
2014.02.14 07:19:20.612,0.89194,0.89204,1.15,1.20
2014.02.14 07:19:22.814,0.89194,0.89204,3.08,1.00
2014.02.14 07:19:24.091,0.89195,0.89204,2.33,1.00
2014.02.14 07:19:24.509,0.89196,0.89206,1.15,1.50
2014.02.14 07:19:25.031,0.89197,0.89206,1.15,1.00
2014.02.14 07:19:26.173,0.89197,0.89206,1.18,1.00
2014.02.14 07:19:26.577,0.89197,0.89206,1.18,2.25
2014.02.14 07:19:26.882,0.89195,0.892,2.18,1.38
2014.02.14 07:19:26.933,0.89192,0.89202,1.15,2.25
2014.02.14 07:19:27.034,0.89192,0.89202,3.45,1.38
2014.02.14 07:19:27.539,0.89192,0.89202,1.28,1.00
2014.02.14 07:19:27.691,0.89193,0.89202,2.33,1.00
2014.02.14 07:19:29.528,0.89192,0.89202,9.75,1.00
2014.02.14 07:19:30.191,0.89193,0.89202,2.33,1.00
2014.02.14 07:19:33.509,0.89194,0.89202,2.33,1.00
2014.02.14 07:19:33.560,0.89194,0.89204,3.08,1.13
2014.02.14 07:19:39.238,0.89195,0.89205,1.50,1.10
2014.02.14 07:19:39.751,0.89196,0.89205,3.90,1.00
2014.02.14 07:19:40.000,0.89199,0.89209,1.15,1.48
2014.02.14 07:19:42.113,0.89199,0.89209,1.18,1.55
2014.02.14 07:19:46.722,0.89199,0.89206,1.00,1.10
2014.02.14 07:19:47.009,0.89195,0.89205,1.18,1.55
2014.02.14 07:19:47.523,0.89195,0.89205,1.00,6.83
2014.02.14 07:19:47.928,0.89194,0.89202,1.00,6.08
2014.02.14 07:19:47.979,0.89192,0.89202,1.00,6.83
2014.02.14 07:19:48.080,0.8919,0.892,1.13,3.08
2014.02.14 07:19:48.182,0.8919,0.892,1.28,1.18
2014.02.14 07:19:51.910,0.89192,0.89202,1.08,1.15
2014.02.14 07:19:52.201,0.89194,0.89204,4.65,1.28
2014.02.14 07:19:57.075,0.89197,0.89206,1.00,1.15
2014.02.14 07:19:57.176,0.89197,0.89206,1.18,1.10
2014.02.14 07:19:59.047,0.89197,0.89207,1.18,1.55
2014.02.14 07:19:59.259,0.89197,0.89202,1.08,1.00
2014.02.14 07:19:59.567,0.89189,0.89199,1.20,1.28
2014.02.14 07:19:59.871,0.8919,0.892,1.18,1.55
2014.02.14 07:20:00.327,0.8919,0.892,6.83,1.00
2014.02.14 07:20:00.833,0.8919,0.892,8.40,1.10
2014.02.14 07:20:02.150,0.8919,0.89199,1.15,1.50
2014.02.14 07:20:02.302,0.89187,0.89197,1.50,6.83
2014.02.14 07:20:02.807,0.89184,0.89194,1.65,1.10
2014.02.14 07:20:04.356,0.89184,0.89194,1.18,1.18
2014.02.14 07:20:05.486,0.89183,0.89193,1.18,1.45
2014.02.14 07:20:05.791,0.89179,0.89189,1.13,3.08
2014.02.14 07:20:06.296,0.89179,0.89189,1.20,1.15
2014.02.14 07:20:06.600,0.89177,0.89186,1.00,2.33
2014.02.14 07:20:06.752,0.89175,0.89185,1.95,5.03
2014.02.14 07:20:06.803,0.89175,0.89183,1.50,2.25
2014.02.14 07:20:07.107,0.89172,0.8918,1.38,3.08
2014.02.14 07:20:07.528,0.89175,0.89181,1.10,1.00
2014.02.14 07:20:07.734,0.89172,0.8918,2.25,1.08
2014.02.14 07:20:07.785,0.89168,0.8918,1.28,1.15
2014.02.14 07:20:08.312,0.89168,0.8918,1.28,3.08
2014.02.14 07:20:08.853,0.89169,0.8918,1.18,1.15
2014.02.14 07:20:08.904,0.89169,0.8918,1.55,1.15
2014.02.14 07:20:09.409,0.89171,0.89181,1.10,1.15
2014.02.14 07:20:09.966,0.89171,0.89181,1.00,3.08
2014.02.14 07:20:10.472,0.8917,0.89181,1.18,1.65
2014.02.14 07:20:10.775,0.8917,0.8918,1.00,3.08
2014.02.14 07:20:11.310,0.8917,0.8918,1.10,1.15
2014.02.14 07:20:11.907,0.8917,0.8918,1.00,3.08
2014.02.14 07:20:12.785,0.8917,0.8918,1.10,1.15
2014.02.14 07:20:13.305,0.8917,0.8918,1.00,3.08
2014.02.14 07:20:13.814,0.8917,0.8918,1.10,1.15
2014.02.14 07:20:14.607,0.8917,0.8918,1.00,3.08
2014.02.14 07:20:16.880,0.89168,0.89179,1.18,1.15
2014.02.14 07:20:17.184,0.89164,0.89175,3.45,3.08
2014.02.14 07:20:17.503,0.89163,0.89175,3.15,3.08
2014.02.14 07:20:20.605,0.89163,0.89173,2.55,3.83
2014.02.14 07:20:20.807,0.89161,0.89172,3.38,1.15
2014.02.14 07:20:21.364,0.89161,0.89171,3.38,1.18
2014.02.14 07:20:23.231,0.89161,0.89171,3.30,1.15
2014.02.14 07:20:25.697,0.89161,0.89172,7.13,1.18
2014.02.14 07:20:26.202,0.89161,0.89172,3.38,1.15
2014.02.14 07:20:27.133,0.89162,0.89173,2.40,2.03
2014.02.14 07:20:27.284,0.89165,0.89175,4.58,1.15
2014.02.14 07:20:27.692,0.89167,0.89176,2.10,2.33
2014.02.14 07:20:28.054,0.8917,0.89176,3.75,2.33
2014.02.14 07:20:28.258,0.89171,0.89179,3.75,2.33
2014.02.14 07:20:28.411,0.89171,0.89182,3.90,1.93
2014.02.14 07:20:28.869,0.89172,0.89182,3.90,1.85
2014.02.14 07:20:29.376,0.89172,0.89184,5.25,2.78
2014.02.14 07:20:30.027,0.89173,0.89184,3.90,1.18
2014.02.14 07:20:30.390,0.89178,0.89188,3.90,1.65
2014.02.14 07:20:30.897,0.89176,0.89188,6.75,1.28
2014.02.14 07:20:31.413,0.89179,0.89189,1.10,1.53
2014.02.14 07:20:31.754,0.89182,0.89191,1.18,1.10
2014.02.14 07:20:32.260,0.89182,0.89194,4.65,1.65
2014.02.14 07:20:32.766,0.89182,0.89194,1.18,3.45
2014.02.14 07:20:33.071,0.89179,0.89189,3.83,3.08
2014.02.14 07:20:33.376,0.89176,0.89185,1.00,2.33
2014.02.14 07:20:34.087,0.89174,0.89185,1.10,3.08
2014.02.14 07:20:34.938,0.89174,0.89185,1.48,3.08
2014.02.14 07:20:35.292,0.89177,0.89186,1.20,1.18
2014.02.14 07:20:36.210,0.89177,0.89187,1.13,3.08
2014.02.14 07:20:36.468,0.89175,0.89184,1.00,1.15
2014.02.14 07:20:38.419,0.89175,0.89184,1.10,1.18
2014.02.14 07:20:43.911,0.89176,0.89186,1.10,2.33
2014.02.14 07:20:43.964,0.89176,0.89187,1.18,1.15
2014.02.14 07:20:44.415,0.89177,0.89187,7.43,1.08
2014.02.14 07:20:44.517,0.8918,0.89189,6.00,1.58
2014.02.14 07:20:44.618,0.89183,0.89191,1.00,2.03
2014.02.14 07:20:44.973,0.89183,0.89194,1.18,1.53
2014.02.14 07:20:49.803,0.89183,0.89194,4.65,1.15
2014.02.14 07:20:50.351,0.89183,0.89194,1.18,1.15
2014.02.14 07:20:54.554,0.89183,0.89194,4.65,1.15
2014.02.14 07:20:55.059,0.89183,0.89194,4.65,1.15
2014.02.14 07:20:56.609,0.89183,0.89194,4.65,1.18
2014.02.14 07:20:58.943,0.89183,0.89194,4.65,1.15
2014.02.14 07:21:00.022,0.89183,0.89194,4.65,1.15
2014.02.14 07:21:00.527,0.89183,0.89194,1.18,1.28
2014.02.14 07:21:01.367,0.89183,0.89194,4.65,1.28
2014.02.14 07:21:02.913,0.89186,0.89196,4.50,3.08
2014.02.14 07:21:03.015,0.89186,0.89197,1.50,1.53
2014.02.14 07:21:04.378,0.89185,0.89195,8.25,2.55
2014.02.14 07:21:04.630,0.89181,0.89192,2.03,1.73
2014.02.14 07:21:06.279,0.89182,0.89193,4.58,1.83
2014.02.14 07:21:06.380,0.89182,0.89193,8.18,1.20
2014.02.14 07:21:11.024,0.89184,0.89195,1.10,3.45
2014.02.14 07:21:11.790,0.89182,0.89193,1.80,3.45
2014.02.14 07:21:14.096,0.89184,0.89193,1.00,2.33
2014.02.14 07:21:14.198,0.89184,0.89194,1.10,1.15
2014.02.14 07:21:18.290,0.89184,0.89195,1.18,1.65
2014.02.14 07:21:19.109,0.89184,0.89195,1.15,1.55
2014.02.14 07:21:19.620,0.89184,0.89195,1.18,1.53
2014.02.14 07:21:21.805,0.89184,0.89195,1.10,3.45
2014.02.14 07:21:22.971,0.89184,0.89193,4.05,1.18
2014.02.14 07:21:23.325,0.89185,0.89196,4.13,1.15
2014.02.14 07:21:26.550,0.89185,0.89196,12.00,1.15
2014.02.14 07:21:27.241,0.89186,0.89196,1.00,1.18
2014.02.14 07:21:27.443,0.89184,0.89194,1.95,1.30
2014.02.14 07:21:27.747,0.8918,0.89191,1.95,9.38
2014.02.14 07:21:28.051,0.89177,0.89185,3.45,1.45
2014.02.14 07:21:28.401,0.89177,0.89185,1.58,1.20
2014.02.14 07:21:28.556,0.89174,0.89183,1.48,1.18
2014.02.14 07:21:28.708,0.89174,0.89183,1.00,1.15
2014.02.14 07:21:29.276,0.89173,0.89182,1.00,1.15
2014.02.14 07:21:30.413,0.89173,0.89183,3.38,1.08
2014.02.14 07:21:30.464,0.89174,0.89185,1.15,1.55
2014.02.14 07:21:30.869,0.89178,0.89189,1.08,4.95
2014.02.14 07:21:31.174,0.8918,0.89189,3.83,2.03
2014.02.14 07:21:31.226,0.8918,0.8919,3.90,1.55
2014.02.14 07:21:31.773,0.8918,0.8919,7.58,1.53
2014.02.14 07:21:35.280,0.89178,0.89189,4.65,1.28
2014.02.14 07:21:36.397,0.89178,0.89189,1.18,1.53
2014.02.14 07:21:36.952,0.89178,0.89189,1.18,1.53
2014.02.14 07:21:37.457,0.89178,0.89189,1.15,1.55
2014.02.14 07:21:38.258,0.89178,0.89188,1.15,1.48
2014.02.14 07:21:38.360,0.89176,0.89187,4.65,1.65
2014.02.14 07:21:39.316,0.8918,0.89187,1.13,1.65
2014.02.14 07:21:39.822,0.8918,0.89189,1.20,3.45
2014.02.14 07:21:40.956,0.8918,0.89189,1.38,3.15
2014.02.14 07:21:41.411,0.8918,0.89189,1.48,3.15
2014.02.14 07:21:41.564,0.89181,0.89189,2.40,1.00
2014.02.14 07:21:42.083,0.89183,0.89192,1.13,1.43
2014.02.14 07:21:45.276,0.89183,0.89192,1.38,1.43
2014.02.14 07:21:47.644,0.89184,0.89192,1.10,1.18
2014.02.14 07:21:48.178,0.89184,0.89192,1.10,1.10
2014.02.14 07:21:48.736,0.89186,0.89194,1.00,1.80
2014.02.14 07:21:48.940,0.89186,0.89194,1.10,1.10
2014.02.14 07:21:50.921,0.89186,0.89195,1.08,1.20
2014.02.14 07:21:51.716,0.89187,0.89195,4.58,1.10
2014.02.14 07:21:52.289,0.89187,0.89195,4.20,1.48
2014.02.14 07:21:52.840,0.89188,0.89195,1.13,1.10
2014.02.14 07:21:53.747,0.89186,0.89195,5.40,1.48
2014.02.14 07:21:54.252,0.89186,0.89195,1.18,1.48
2014.02.14 07:21:54.637,0.89186,0.89195,1.18,1.10
2014.02.14 07:21:55.743,0.89186,0.89197,7.58,1.58
2014.02.14 07:21:56.265,0.89188,0.89197,1.10,1.18
2014.02.14 07:21:56.784,0.89188,0.89197,1.18,1.20
2014.02.14 07:21:57.291,0.89189,0.892,5.40,1.65
2014.02.14 07:21:57.800,0.89189,0.892,1.65,1.65
2014.02.14 07:21:58.305,0.89189,0.892,1.58,3.83
2014.02.14 07:21:59.141,0.89191,0.892,1.00,1.28
2014.02.14 07:21:59.660,0.89192,0.89199,1.00,1.28
2014.02.14 07:21:59.812,0.89189,0.89199,1.10,2.03
2014.02.14 07:22:00.674,0.89189,0.89197,1.00,1.18
2014.02.14 07:22:02.882,0.89188,0.89198,1.58,1.15
2014.02.14 07:22:02.933,0.89188,0.89198,3.83,1.00
2014.02.14 07:22:03.442,0.89189,0.89199,1.18,1.65
2014.02.14 07:22:04.841,0.89191,0.89199,1.00,1.28
2014.02.14 07:22:05.349,0.8919,0.89201,1.28,1.65
2014.02.14 07:22:05.653,0.89191,0.89201,2.33,1.13
2014.02.14 07:22:06.649,0.8919,0.89201,9.08,3.45
2014.02.14 07:22:06.953,0.89192,0.89201,1.00,3.08
2014.02.14 07:22:07.710,0.89192,0.892,1.00,2.33
2014.02.14 07:22:08.706,0.89192,0.89201,1.00,3.08
2014.02.14 07:22:10.322,0.89192,0.89201,1.38,2.33
2014.02.14 07:22:10.626,0.89196,0.89202,1.00,2.33
2014.02.14 07:22:10.930,0.89198,0.89204,1.00,2.33
2014.02.14 07:22:13.698,0.89196,0.89205,1.38,3.08
2014.02.14 07:22:14.052,0.89196,0.89207,1.48,3.08
2014.02.14 07:22:14.153,0.89201,0.89207,1.00,1.18
2014.02.14 07:22:16.680,0.89201,0.8921,1.00,1.28
2014.02.14 07:22:20.702,0.89205,0.89211,1.00,3.08
2014.02.14 07:22:21.208,0.892,0.8921,1.00,4.50
2014.02.14 07:22:21.730,0.892,0.8921,1.00,2.33
2014.02.14 07:22:22.060,0.89201,0.89211,3.83,1.15
2014.02.14 07:22:22.683,0.89202,0.89211,1.00,2.33
2014.02.14 07:22:24.607,0.89202,0.89212,1.00,4.50
2014.02.14 07:22:27.766,0.89202,0.89213,1.10,5.63
2014.02.14 07:22:28.416,0.89202,0.89212,1.00,2.33
2014.02.14 07:22:31.085,0.89202,0.89213,1.10,3.45
2014.02.14 07:22:31.726,0.89202,0.89212,1.00,2.70
2014.02.14 07:22:32.148,0.89203,0.89212,1.38,4.50
2014.02.14 07:22:32.199,0.89203,0.89211,2.25,2.25
2014.02.14 07:22:32.301,0.89203,0.89213,1.83,2.18
2014.02.14 07:22:32.402,0.89209,0.89215,1.00,1.45
2014.02.14 07:22:32.504,0.89209,0.89218,1.00,3.08
2014.02.14 07:22:32.958,0.89205,0.89216,9.08,3.08
2014.02.14 07:22:33.516,0.8921,0.89218,1.13,3.08
2014.02.14 07:22:34.022,0.89209,0.89218,1.13,2.33
2014.02.14 07:22:34.623,0.89209,0.89217,1.13,2.33
2014.02.14 07:22:40.422,0.89207,0.89214,1.13,1.10
2014.02.14 07:22:40.524,0.89205,0.89211,1.55,1.00
2014.02.14 07:22:40.828,0.89199,0.89209,1.13,2.33
2014.02.14 07:22:42.271,0.892,0.8921,1.00,5.25
2014.02.14 07:22:42.575,0.89198,0.89206,1.75,1.18
2014.02.14 07:22:42.626,0.89199,0.89206,1.38,1.18
2014.02.14 07:22:42.980,0.89195,0.89204,1.50,2.33
2014.02.14 07:22:47.741,0.89195,0.89203,1.50,2.33
2014.02.14 07:22:48.452,0.89195,0.89204,1.50,2.33
2014.02.14 07:22:48.958,0.89195,0.89204,1.88,2.33
2014.02.14 07:22:50.005,0.89195,0.89203,1.13,2.33
2014.02.14 07:22:53.265,0.89193,0.89202,1.38,2.33
2014.02.14 07:22:53.316,0.89196,0.89202,1.00,2.33
2014.02.14 07:22:54.026,0.89196,0.89203,1.00,2.33
2014.02.14 07:22:55.088,0.89193,0.89202,1.13,2.33
2014.02.14 07:22:56.225,0.89196,0.89203,1.00,2.33
2014.02.14 07:22:56.729,0.89193,0.89203,1.50,2.33
2014.02.14 07:22:57.279,0.89194,0.89204,1.00,3.08
2014.02.14 07:23:09.564,0.89193,0.89204,1.48,3.08
2014.02.14 07:23:17.582,0.89195,0.89204,1.38,1.15
2014.02.14 07:23:21.364,0.89196,0.89203,1.00,2.33
2014.02.14 07:23:21.566,0.89193,0.892,1.00,2.33
2014.02.14 07:23:21.820,0.89194,0.89201,1.00,3.08
2014.02.14 07:23:22.175,0.89194,0.89202,1.38,2.33
2014.02.14 07:23:22.226,0.89195,0.89203,1.38,1.15
2014.02.14 07:23:22.732,0.89195,0.89203,1.13,1.15
2014.02.14 07:23:22.925,0.89193,0.89203,1.58,1.15
2014.02.14 07:23:23.027,0.89193,0.89203,1.58,1.15
2014.02.14 07:23:23.453,0.89197,0.89204,1.38,3.08
2014.02.14 07:23:24.037,0.89197,0.89204,1.00,3.08
2014.02.14 07:23:25.989,0.89194,0.89203,1.00,1.15
2014.02.14 07:23:26.712,0.89194,0.89203,1.00,7.20
2014.02.14 07:23:27.016,0.89195,0.89203,1.95,3.83
2014.02.14 07:23:27.067,0.89195,0.89203,5.78,3.75
2014.02.14 07:23:27.118,0.89198,0.89208,1.48,5.70
2014.02.14 07:23:27.169,0.89198,0.89208,2.03,2.40
2014.02.14 07:23:27.523,0.89201,0.89209,1.00,1.65
2014.02.14 07:23:27.827,0.89203,0.89214,1.18,1.28
2014.02.14 07:23:27.980,0.89206,0.89215,4.50,2.33
2014.02.14 07:23:28.082,0.89208,0.89219,1.18,1.53
2014.02.14 07:23:32.694,0.89206,0.89217,7.20,1.25
2014.02.14 07:23:32.897,0.89206,0.89216,1.18,1.65
2014.02.14 07:23:32.998,0.89204,0.89215,1.15,1.55
2014.02.14 07:23:38.073,0.89206,0.89215,1.10,1.28
2014.02.14 07:23:38.733,0.89205,0.89215,1.10,1.28
2014.02.14 07:23:41.559,0.89204,0.89214,1.10,6.83
2014.02.14 07:23:42.085,0.89203,0.89212,1.18,4.58
2014.02.14 07:23:42.435,0.89203,0.8921,1.10,3.83
2014.02.14 07:23:42.486,0.89201,0.8921,1.10,4.65
2014.02.14 07:23:42.840,0.892,0.89211,3.45,5.03
2014.02.14 07:23:43.346,0.89201,0.89211,2.33,1.00
2014.02.14 07:23:44.271,0.89204,0.89213,1.58,1.18
2014.02.14 07:23:44.799,0.89205,0.89213,1.00,1.28
2014.02.14 07:23:48.480,0.89204,0.89213,1.58,1.18
2014.02.14 07:23:54.330,0.89206,0.89214,1.08,1.20
2014.02.14 07:23:54.380,0.89206,0.89214,1.15,1.13
2014.02.14 07:23:54.532,0.89206,0.89216,1.15,1.35
2014.02.14 07:23:55.038,0.89206,0.89216,1.18,1.18
2014.02.14 07:23:58.428,0.89206,0.89216,1.18,1.20
2014.02.14 07:23:58.641,0.89211,0.89218,1.08,1.20
2014.02.14 07:23:59.000,0.89213,0.89222,1.10,1.15
2014.02.14 07:23:59.051,0.89216,0.89222,1.00,1.15
2014.02.14 07:23:59.152,0.89217,0.89224,1.00,1.20
2014.02.14 07:23:59.659,0.89217,0.89226,1.18,1.48
2014.02.14 07:24:00.182,0.89217,0.89226,1.18,1.10
2014.02.14 07:24:00.738,0.89217,0.89226,1.10,1.18
2014.02.14 07:24:01.279,0.89217,0.89226,1.18,1.10
2014.02.14 07:24:03.775,0.89213,0.89223,3.68,1.50
2014.02.14 07:24:04.382,0.89212,0.89223,1.18,3.00
2014.02.14 07:24:04.535,0.89212,0.89222,1.13,7.05
2014.02.14 07:24:04.839,0.89212,0.89223,2.03,1.28
2014.02.14 07:24:06.257,0.89212,0.89223,1.10,8.33
2014.02.14 07:24:06.907,0.89211,0.8922,1.00,1.58
2014.02.14 07:24:07.414,0.89211,0.89221,1.10,4.28
2014.02.14 07:24:08.129,0.8921,0.8922,1.10,5.03
2014.02.14 07:24:08.641,0.8921,0.8922,1.18,8.78
2014.02.14 07:24:10.486,0.8921,0.8922,1.10,1.28
2014.02.14 07:24:10.790,0.8921,0.89219,1.00,4.50
2014.02.14 07:24:11.244,0.8921,0.89217,1.00,2.33
2014.02.14 07:24:11.764,0.89209,0.89216,1.13,2.33
2014.02.14 07:24:13.227,0.8921,0.89217,1.00,2.33
2014.02.14 07:24:13.594,0.89204,0.89213,1.95,2.33
2014.02.14 07:24:13.797,0.89202,0.89212,1.38,2.33
2014.02.14 07:24:13.898,0.89201,0.8921,1.50,6.83
2014.02.14 07:24:14.101,0.89199,0.89207,1.13,2.33
2014.02.14 07:24:14.641,0.89199,0.89208,1.00,2.33
2014.02.14 07:24:14.794,0.89199,0.8921,1.10,10.95
2014.02.14 07:24:28.330,0.89199,0.8921,1.08,1.28
2014.02.14 07:24:28.431,0.89199,0.8921,3.45,1.28
2014.02.14 07:24:29.089,0.89199,0.8921,5.63,1.18
2014.02.14 07:24:29.644,0.89201,0.89212,1.08,1.65
2014.02.14 07:24:30.185,0.89201,0.89212,1.10,3.08
2014.02.14 07:24:34.646,0.89201,0.89212,1.18,1.15
2014.02.14 07:24:36.814,0.89201,0.89212,1.10,3.08
2014.02.14 07:24:37.685,0.89201,0.89211,1.00,2.33
2014.02.14 07:24:44.716,0.89201,0.89212,1.08,7.20
2014.02.14 07:24:45.100,0.89205,0.89214,1.18,4.20
2014.02.14 07:24:45.611,0.89205,0.89216,1.10,3.08
2014.02.14 07:24:46.353,0.89205,0.89216,1.18,1.15
2014.02.14 07:24:47.151,0.89205,0.89216,3.08,1.10
2014.02.14 07:24:47.737,0.89205,0.89216,1.15,1.18
2014.02.14 07:24:48.107,0.89208,0.89219,1.15,1.18
2014.02.14 07:24:49.194,0.89208,0.89219,1.10,3.08
2014.02.14 07:24:49.717,0.89208,0.89218,1.00,6.45
2014.02.14 07:24:50.223,0.89208,0.89218,1.10,4.28
2014.02.14 07:24:50.731,0.89208,0.89218,1.00,6.45
2014.02.14 07:24:51.238,0.89208,0.89217,1.10,3.90
2014.02.14 07:24:51.592,0.89205,0.89215,1.13,10.20
2014.02.14 07:24:52.274,0.89202,0.89213,2.63,1.15
2014.02.14 07:24:52.730,0.89199,0.8921,1.28,8.78
2014.02.14 07:24:53.450,0.89199,0.8921,1.15,1.28
2014.02.14 07:24:54.167,0.89199,0.8921,3.08,1.28
2014.02.14 07:24:56.389,0.89201,0.89212,3.08,1.20
2014.02.14 07:25:03.433,0.89204,0.89212,2.25,1.13
2014.02.14 07:25:05.812,0.89203,0.89212,8.25,1.00
2014.02.14 07:25:15.570,0.89204,0.89212,2.33,1.00
2014.02.14 07:25:15.935,0.89204,0.89214,3.08,1.00
2014.02.14 07:25:16.088,0.89206,0.89215,2.33,1.00
2014.02.14 07:25:16.606,0.89205,0.89215,3.83,1.00
2014.02.14 07:25:21.511,0.89205,0.89215,1.15,1.10
2014.02.14 07:25:21.916,0.89206,0.89215,2.33,1.00
2014.02.14 07:25:22.245,0.89207,0.89217,1.15,1.10
2014.02.14 07:25:26.460,0.89206,0.89215,2.70,1.00
2014.02.14 07:25:26.612,0.89205,0.89215,1.28,1.10
2014.02.14 07:25:26.713,0.89205,0.89215,1.20,1.15
2014.02.14 07:25:27.017,0.89208,0.89218,1.08,3.45
2014.02.14 07:25:27.069,0.89208,0.89218,1.18,1.28
2014.02.14 07:25:27.170,0.89207,0.89217,1.00,3.08
2014.02.14 07:25:27.678,0.89207,0.89216,1.00,2.33
2014.02.14 07:25:28.184,0.89207,0.89217,1.00,7.20
2014.02.14 07:25:29.858,0.89207,0.89216,1.00,2.33
2014.02.14 07:25:30.162,0.89205,0.89214,1.00,2.33
2014.02.14 07:25:30.669,0.89205,0.89215,1.00,3.08
2014.02.14 07:25:32.279,0.89205,0.89214,1.00,2.33
2014.02.14 07:25:34.668,0.89205,0.89215,1.00,5.25
2014.02.14 07:25:38.063,0.89205,0.89214,1.00,2.33
2014.02.14 07:25:41.289,0.89205,0.89215,1.00,3.83
2014.02.14 07:25:41.390,0.89205,0.89215,1.18,1.18
2014.02.14 07:25:48.121,0.89207,0.89217,1.00,3.08
2014.02.14 07:25:48.630,0.89207,0.89217,1.10,1.15
2014.02.14 07:25:49.162,0.89207,0.89217,1.00,3.08
2014.02.14 07:25:49.670,0.89207,0.89216,1.00,2.33
2014.02.14 07:25:50.837,0.89207,0.89217,1.00,3.08
2014.02.14 07:25:53.094,0.89205,0.89215,1.55,1.18
2014.02.14 07:25:53.144,0.89205,0.89214,1.10,2.25
2014.02.14 07:25:54.236,0.89205,0.89215,1.00,5.25
2014.02.14 07:25:56.202,0.89203,0.89213,1.10,1.15
2014.02.14 07:25:56.303,0.89203,0.89212,1.00,2.33
2014.02.14 07:25:56.838,0.89203,0.89212,1.00,4.28
2014.02.14 07:26:02.398,0.89203,0.89212,1.00,6.45
2014.02.14 07:26:02.501,0.89201,0.89211,1.00,3.08
2014.02.14 07:26:06.401,0.892,0.89209,1.00,2.33
2014.02.14 07:26:07.142,0.892,0.8921,1.00,13.13
2014.02.14 07:26:07.647,0.892,0.89209,1.00,6.45
2014.02.14 07:26:08.961,0.892,0.89209,1.00,4.28
2014.02.14 07:26:19.694,0.89198,0.89208,1.08,5.03
2014.02.14 07:26:21.299,0.89198,0.89208,1.18,1.00
2014.02.14 07:26:23.661,0.89199,0.89209,1.10,1.00
2014.02.14 07:26:23.966,0.892,0.8921,8.40,1.00
2014.02.14 07:26:24.523,0.892,0.8921,8.40,1.00
2014.02.14 07:26:26.932,0.892,0.8921,1.15,1.00
2014.02.14 07:26:27.467,0.892,0.8921,1.18,1.00
2014.02.14 07:26:28.716,0.89202,0.89212,1.10,1.00
2014.02.14 07:26:29.322,0.89202,0.89212,1.18,1.00
2014.02.14 07:26:30.468,0.89202,0.89212,1.53,1.00
2014.02.14 07:26:31.010,0.89202,0.89212,5.03,1.00
2014.02.14 07:26:31.555,0.89202,0.89212,5.03,1.18
2014.02.14 07:26:43.503,0.89202,0.89212,4.65,1.65
2014.02.14 07:26:44.007,0.89202,0.89212,5.03,1.18
2014.02.14 07:26:45.583,0.89202,0.89212,4.95,1.15
2014.02.14 07:26:46.351,0.89202,0.89212,5.03,1.18
2014.02.14 07:26:46.973,0.89202,0.89212,4.95,3.08
2014.02.14 07:26:47.570,0.89202,0.89212,1.48,1.15
2014.02.14 07:26:49.732,0.89202,0.89212,1.48,3.08
2014.02.14 07:26:50.281,0.89202,0.89211,1.13,2.33
2014.02.14 07:26:51.113,0.89202,0.89212,1.13,3.08
2014.02.14 07:26:51.887,0.89202,0.89212,1.80,1.15
2014.02.14 07:26:53.185,0.89202,0.89212,1.00,6.83
2014.02.14 07:27:03.507,0.89202,0.89211,1.13,2.33
2014.02.14 07:27:04.022,0.89202,0.89212,1.13,3.45
2014.02.14 07:27:05.243,0.89202,0.89212,1.13,3.98
2014.02.14 07:27:05.446,0.89199,0.89206,1.58,1.00
2014.02.14 07:27:05.699,0.89198,0.89204,1.08,1.00
2014.02.14 07:27:06.204,0.89198,0.89204,1.00,1.00
2014.02.14 07:27:06.489,0.89198,0.89206,1.65,1.10
2014.02.14 07:27:06.996,0.89199,0.89208,1.08,1.10
2014.02.14 07:27:09.605,0.89199,0.89208,1.65,1.10
2014.02.14 07:27:10.164,0.892,0.89208,1.18,1.00
2014.02.14 07:27:11.956,0.892,0.89209,8.70,1.10
2014.02.14 07:27:12.259,0.89201,0.89211,8.18,1.00
2014.02.14 07:27:12.880,0.89202,0.89211,5.25,1.10
2014.02.14 07:27:13.393,0.89202,0.89211,5.25,1.00
2014.02.14 07:27:15.054,0.89202,0.89211,3.90,1.10
2014.02.14 07:27:16.485,0.89202,0.89211,3.90,1.00
2014.02.14 07:27:25.938,0.89201,0.89211,4.65,1.10
2014.02.14 07:27:26.262,0.89206,0.89214,1.00,2.70
2014.02.14 07:27:26.363,0.89207,0.89215,1.28,4.13
2014.02.14 07:27:26.465,0.89209,0.89219,1.18,1.65
2014.02.14 07:27:26.994,0.89209,0.89219,1.20,1.18
2014.02.14 07:27:36.726,0.8921,0.8922,1.00,3.08
2014.02.14 07:27:38.852,0.8921,0.8922,1.08,1.18
2014.02.14 07:27:38.902,0.8921,0.8922,1.15,1.10
2014.02.14 07:27:39.308,0.89209,0.89219,1.20,3.00
2014.02.14 07:27:39.359,0.89209,0.89219,1.13,3.08
2014.02.14 07:27:39.890,0.89209,0.89218,1.00,2.33
2014.02.14 07:27:41.017,0.89208,0.89218,1.00,8.33
2014.02.14 07:27:41.068,0.89202,0.89214,3.08,2.33
2014.02.14 07:27:41.295,0.89204,0.89214,1.88,3.08
2014.02.14 07:27:41.900,0.89204,0.89214,1.50,3.08
2014.02.14 07:27:44.504,0.89203,0.89213,1.10,1.65
2014.02.14 07:27:44.757,0.89201,0.89209,1.15,1.00
2014.02.14 07:27:45.061,0.89201,0.89209,1.00,3.08
2014.02.14 07:27:46.742,0.89199,0.89209,1.38,3.08
2014.02.14 07:27:47.275,0.89199,0.89209,1.10,1.28
2014.02.14 07:27:52.146,0.89199,0.89209,1.00,3.45
2014.02.14 07:27:52.887,0.89198,0.89208,1.10,1.15
2014.02.14 07:27:53.700,0.89198,0.89208,1.18,1.18
2014.02.14 07:27:54.259,0.89198,0.89208,1.20,1.15
2014.02.14 07:27:55.882,0.89198,0.89208,1.28,1.18
2014.02.14 07:28:27.156,0.89198,0.89209,5.03,3.08
2014.02.14 07:28:27.779,0.89198,0.89209,1.10,3.45
2014.02.14 07:28:28.284,0.89198,0.89209,5.03,1.15
2014.02.14 07:28:29.992,0.89198,0.89207,4.50,2.33
2014.02.14 07:28:30.498,0.89195,0.89206,8.78,1.18
2014.02.14 07:28:31.581,0.89195,0.89204,8.78,1.00
2014.02.14 07:28:31.885,0.89193,0.89204,1.10,3.45
2014.02.14 07:28:36.405,0.89192,0.89203,1.10,3.83
2014.02.14 07:28:36.910,0.89192,0.89202,1.00,2.70
2014.02.14 07:28:40.469,0.89192,0.89203,1.10,4.95
2014.02.14 07:28:40.975,0.89192,0.89203,1.18,1.65
2014.02.14 07:28:41.504,0.89192,0.892,1.10,10.35
2014.02.14 07:28:41.605,0.89188,0.89198,2.63,3.00
2014.02.14 07:28:41.656,0.89187,0.89198,1.20,3.45
2014.02.14 07:28:42.219,0.89187,0.89195,1.13,2.25
2014.02.14 07:28:42.473,0.89183,0.89193,1.20,1.65
2014.02.14 07:28:42.676,0.89181,0.8919,1.20,2.25
2014.02.14 07:28:43.192,0.8918,0.89191,1.20,3.45
2014.02.14 07:28:43.705,0.8918,0.89191,8.78,1.55
2014.02.14 07:28:44.313,0.8918,0.89191,8.78,1.55
2014.02.14 07:28:47.826,0.89182,0.89192,1.00,2.33
2014.02.14 07:28:49.817,0.8918,0.89191,8.40,1.15
2014.02.14 07:28:50.020,0.8918,0.89189,1.00,2.33
2014.02.14 07:28:50.071,0.89178,0.89189,2.33,3.08
2014.02.14 07:28:52.181,0.89178,0.89186,1.00,2.70
2014.02.14 07:28:52.686,0.89177,0.89186,1.50,2.70
2014.02.14 07:28:53.041,0.89177,0.89188,1.65,5.03
2014.02.14 07:28:53.294,0.89178,0.89191,7.95,1.28
2014.02.14 07:28:53.598,0.89181,0.8919,1.00,2.33
2014.02.14 07:28:53.699,0.89179,0.8919,4.58,2.33
2014.02.14 07:28:53.852,0.89178,0.89188,1.50,2.33
2014.02.14 07:28:54.004,0.89176,0.89188,1.20,5.63
2014.02.14 07:28:54.360,0.89176,0.89184,1.00,2.70
2014.02.14 07:28:54.562,0.89173,0.89184,1.58,2.70
2014.02.14 07:28:57.338,0.89174,0.89184,1.10,4.28
2014.02.14 07:28:57.440,0.89175,0.89186,1.15,1.28
2014.02.14 07:28:57.946,0.89175,0.89187,1.18,3.08
2014.02.14 07:29:00.238,0.89175,0.89186,1.08,2.33
2014.02.14 07:29:00.743,0.89175,0.89186,1.10,2.33
2014.02.14 07:29:03.319,0.89175,0.89186,8.40,2.33
2014.02.14 07:29:03.370,0.89176,0.89188,1.18,2.33
2014.02.14 07:29:04.024,0.89176,0.89187,1.10,2.33
2014.02.14 07:29:04.542,0.89176,0.89188,1.18,2.33
2014.02.14 07:29:08.623,0.89176,0.89183,1.18,1.00
2014.02.14 07:29:11.369,0.89176,0.89188,1.18,2.33
2014.02.14 07:29:19.007,0.89175,0.89187,4.65,2.33
2014.02.14 07:29:19.773,0.89173,0.89186,1.15,6.83
2014.02.14 07:29:24.044,0.89173,0.89186,3.08,5.40
2014.02.14 07:29:24.931,0.89173,0.89186,1.15,3.45
2014.02.14 07:29:25.438,0.89173,0.89186,3.08,1.28
2014.02.14 07:29:30.149,0.89173,0.89186,1.15,7.58
2014.02.14 07:29:30.828,0.89173,0.89186,3.08,5.40
2014.02.14 07:29:31.787,0.89174,0.89186,2.70,5.40
2014.02.14 07:29:31.889,0.89176,0.89187,2.70,1.58
2014.02.14 07:29:32.194,0.89178,0.89189,3.08,2.40
2014.02.14 07:29:32.449,0.89179,0.89191,2.33,2.78
2014.02.14 07:29:32.966,0.89178,0.89191,7.20,2.78
2014.02.14 07:29:40.806,0.8918,0.89191,1.18,1.65
2014.02.14 07:29:41.059,0.89181,0.89192,3.83,1.28
2014.02.14 07:29:41.261,0.89184,0.89194,1.15,1.45
2014.02.14 07:29:41.718,0.89184,0.89194,3.08,1.20
2014.02.14 07:29:42.253,0.89184,0.89194,4.65,1.10
2014.02.14 07:29:42.666,0.89187,0.89197,1.15,1.20
2014.02.14 07:29:43.390,0.89187,0.89197,1.18,1.18
2014.02.14 07:29:44.929,0.8919,0.89199,1.00,6.45
2014.02.14 07:29:45.081,0.8919,0.892,1.15,4.95
2014.02.14 07:29:45.689,0.8919,0.892,1.08,2.85
2014.02.14 07:29:45.740,0.89188,0.89199,1.10,2.70
2014.02.14 07:29:46.965,0.89185,0.89197,1.15,3.45
2014.02.14 07:29:47.219,0.89183,0.89195,1.18,3.45
2014.02.14 07:29:47.748,0.89184,0.89194,1.00,3.08
2014.02.14 07:29:48.301,0.89184,0.89194,1.10,1.15
2014.02.14 07:29:53.793,0.89184,0.89194,1.00,3.08
2014.02.14 07:29:54.325,0.89182,0.89192,1.15,1.10
2014.02.14 07:29:55.285,0.89182,0.89192,1.15,1.08
2014.02.14 07:29:55.691,0.89182,0.89192,3.08,1.00
2014.02.14 07:29:56.350,0.89182,0.89192,1.15,1.10
2014.02.14 07:29:56.935,0.89182,0.89192,3.08,1.00
2014.02.14 07:29:58.614,0.89182,0.89192,1.15,1.10
2014.02.14 07:30:01.927,0.89183,0.89194,1.10,3.83
2014.02.14 07:30:02.252,0.8918,0.8919,1.00,2.70
2014.02.14 07:30:03.520,0.89178,0.89189,1.18,2.03
2014.02.14 07:30:04.126,0.89176,0.89186,1.00,3.08
2014.02.14 07:30:04.674,0.89176,0.89185,1.00,2.33
2014.02.14 07:30:04.725,0.89174,0.89185,1.10,3.08
2014.02.14 07:30:05.866,0.89171,0.89182,1.65,1.18
2014.02.14 07:30:05.967,0.89171,0.89181,2.25,2.33
2014.02.14 07:30:06.472,0.89171,0.89182,1.10,3.83
2014.02.14 07:30:08.161,0.89169,0.8918,1.28,1.15
2014.02.14 07:30:08.516,0.89167,0.89178,1.65,1.15
2014.02.14 07:30:09.050,0.89168,0.89179,1.18,1.15
2014.02.14 07:30:10.446,0.89168,0.89179,1.20,3.08
2014.02.14 07:30:12.669,0.89165,0.89176,1.65,1.35
2014.02.14 07:30:13.004,0.89165,0.89175,1.00,2.33
2014.02.14 07:30:13.857,0.89163,0.89172,1.18,1.20
2014.02.14 07:30:14.160,0.8916,0.89171,1.48,3.45
2014.02.14 07:30:14.514,0.8916,0.89171,1.15,1.28
2014.02.14 07:30:16.791,0.8916,0.89168,1.10,1.10
2014.02.14 07:30:17.448,0.8916,0.89171,1.08,1.15
2014.02.14 07:30:17.992,0.8916,0.89171,1.15,1.18
2014.02.14 07:30:28.259,0.8916,0.89171,4.20,1.10
2014.02.14 07:30:28.564,0.89165,0.89174,10.58,1.38
2014.02.14 07:30:29.071,0.89165,0.89174,10.95,1.00
2014.02.14 07:30:29.584,0.89165,0.89174,8.40,1.00
2014.02.14 07:30:36.899,0.89163,0.89174,9.00,1.10
2014.02.14 07:30:38.080,0.89165,0.89174,1.18,1.00
2014.02.14 07:30:38.536,0.89167,0.89174,1.28,1.00
2014.02.14 07:30:39.082,0.89169,0.89179,3.83,1.15
2014.02.14 07:30:39.184,0.89169,0.89179,2.25,1.08
2014.02.14 07:30:39.336,0.89173,0.89184,4.65,1.18
2014.02.14 07:30:39.387,0.89176,0.89186,2.25,1.95
2014.02.14 07:30:39.488,0.89176,0.89186,2.33,1.50
2014.02.14 07:30:40.000,0.89178,0.89188,1.18,1.18
2014.02.14 07:30:40.830,0.89178,0.89188,1.20,1.18
2014.02.14 07:30:44.939,0.89175,0.89186,1.15,1.08
2014.02.14 07:30:45.091,0.89175,0.89186,1.10,3.08
2014.02.14 07:30:45.293,0.89178,0.89186,1.00,3.08
2014.02.14 07:30:46.277,0.89178,0.89185,1.00,2.33
2014.02.14 07:30:47.357,0.89178,0.89186,1.00,5.25
2014.02.14 07:30:47.610,0.89178,0.89188,2.63,2.33
2014.02.14 07:30:47.711,0.89178,0.89186,1.88,2.33
2014.02.14 07:30:48.527,0.89176,0.89185,1.13,1.30
2014.02.14 07:30:48.629,0.89176,0.89184,1.00,2.33
2014.02.14 07:30:49.286,0.89175,0.89183,1.00,2.33
2014.02.14 07:30:49.690,0.89174,0.89183,1.38,2.33
2014.02.14 07:30:49.944,0.89175,0.89184,1.00,4.05
2014.02.14 07:30:50.096,0.89175,0.89181,1.00,1.15
2014.02.14 07:30:50.399,0.89175,0.89184,1.00,1.15
2014.02.14 07:30:50.501,0.89179,0.89184,1.00,1.08
2014.02.14 07:30:51.011,0.89179,0.89184,1.00,1.08
2014.02.14 07:30:51.537,0.89179,0.89186,1.00,1.15
2014.02.14 07:30:53.128,0.89179,0.89186,1.00,3.08
2014.02.14 07:30:55.012,0.89175,0.89186,1.48,3.08
2014.02.14 07:30:57.564,0.89176,0.89186,1.08,1.15
2014.02.14 07:31:00.843,0.89179,0.89186,1.00,1.15
2014.02.14 07:31:00.945,0.89175,0.89183,1.13,2.33
2014.02.14 07:31:01.046,0.89177,0.89183,1.00,3.08
2014.02.14 07:31:01.553,0.89173,0.89182,1.00,2.33
2014.02.14 07:31:02.118,0.89173,0.89181,1.38,2.33
2014.02.14 07:31:02.928,0.89173,0.89181,1.00,2.33
2014.02.14 07:31:03.080,0.8917,0.89178,1.18,1.00
2014.02.14 07:31:03.131,0.89168,0.89176,4.13,2.33
2014.02.14 07:31:03.232,0.89167,0.89176,2.63,3.08
2014.02.14 07:31:03.602,0.89165,0.89175,1.00,3.83
2014.02.14 07:31:03.758,0.89164,0.89173,1.00,3.08
2014.02.14 07:31:04.163,0.89162,0.89173,1.58,3.45
2014.02.14 07:31:05.321,0.89162,0.89173,1.65,1.53
2014.02.14 07:31:05.859,0.89162,0.89173,1.58,3.45
2014.02.14 07:31:07.061,0.89162,0.89173,1.65,1.55
2014.02.14 07:31:07.364,0.89162,0.89171,1.10,1.28
2014.02.14 07:31:07.889,0.89162,0.89171,1.00,1.28
2014.02.14 07:31:08.413,0.89162,0.89171,1.10,1.18
2014.02.14 07:31:09.131,0.89162,0.89171,1.00,1.15
2014.02.14 07:31:09.434,0.8916,0.8917,1.50,2.33
2014.02.14 07:31:10.959,0.8916,0.89168,1.00,1.65
2014.02.14 07:31:12.648,0.89158,0.89168,1.58,1.65
2014.02.14 07:31:12.800,0.89158,0.89166,1.50,2.25
2014.02.14 07:31:13.256,0.89155,0.89165,2.33,1.15
2014.02.14 07:31:14.235,0.89155,0.89165,2.40,1.18
2014.02.14 07:31:14.847,0.89157,0.89165,1.00,1.18
2014.02.14 07:31:15.374,0.89155,0.89165,1.65,1.28
2014.02.14 07:31:16.235,0.89155,0.89165,1.58,1.15
2014.02.14 07:31:16.286,0.89157,0.89165,1.00,1.15
2014.02.14 07:31:16.492,0.89155,0.89165,1.58,1.15
2014.02.14 07:31:19.549,0.89155,0.89163,1.10,1.48
2014.02.14 07:31:19.865,0.89151,0.89157,1.50,1.15
2014.02.14 07:31:19.916,0.8915,0.89156,1.50,1.18
2014.02.14 07:31:19.967,0.89148,0.89156,1.00,1.18
2014.02.14 07:31:20.322,0.89146,0.89155,1.20,1.08
2014.02.14 07:31:20.372,0.89148,0.89155,1.00,1.18
2014.02.14 07:31:20.474,0.89145,0.89155,1.65,1.18
2014.02.14 07:31:20.979,0.89146,0.89155,1.00,1.00
2014.02.14 07:31:21.508,0.89145,0.89155,2.70,1.00
2014.02.14 07:31:22.230,0.89145,0.89155,2.33,1.00
2014.02.14 07:31:23.647,0.89148,0.89156,1.00,1.00
2014.02.14 07:31:23.749,0.89148,0.89158,2.18,1.50
2014.02.14 07:31:23.799,0.8915,0.89158,6.00,1.50
2014.02.14 07:31:23.850,0.89153,0.8916,1.10,2.18
2014.02.14 07:31:24.053,0.89155,0.8916,1.00,2.18
2014.02.14 07:31:24.688,0.89155,0.89165,1.58,1.88
2014.02.14 07:31:25.167,0.89155,0.89165,9.53,1.13
2014.02.14 07:31:25.846,0.89155,0.89165,9.53,1.38
2014.02.14 07:31:26.352,0.89155,0.89165,2.40,1.00
2014.02.14 07:31:29.596,0.89158,0.89166,1.00,1.00
2014.02.14 07:31:29.656,0.89158,0.89168,1.55,2.25
2014.02.14 07:31:29.758,0.8916,0.8917,1.58,1.13
2014.02.14 07:31:30.721,0.8916,0.8917,1.58,1.15
2014.02.14 07:31:31.277,0.89163,0.8917,1.10,1.00
2014.02.14 07:31:31.783,0.8916,0.8917,1.65,1.10
2014.02.14 07:31:32.317,0.8916,0.8917,1.65,1.18
2014.02.14 07:31:32.621,0.89158,0.89166,1.18,1.00
2014.02.14 07:31:32.924,0.89156,0.89165,1.10,1.28
2014.02.14 07:31:33.026,0.89158,0.89165,1.00,1.20
2014.02.14 07:31:35.546,0.89158,0.89165,1.00,1.18
2014.02.14 07:31:36.446,0.89159,0.89165,1.00,1.20
2014.02.14 07:31:45.602,0.89155,0.89165,12.08,1.00
2014.02.14 07:31:46.109,0.89158,0.89165,1.13,1.08
2014.02.14 07:31:46.638,0.89158,0.89165,1.00,1.10
2014.02.14 07:31:51.306,0.89158,0.89165,1.20,1.00
2014.02.14 07:31:51.356,0.8916,0.89168,1.00,1.65
2014.02.14 07:31:52.081,0.8916,0.89168,4.20,1.00
2014.02.14 07:31:52.132,0.8916,0.8917,4.58,1.00
2014.02.14 07:31:52.335,0.89165,0.8917,1.00,1.00
2014.02.14 07:31:52.640,0.89168,0.89172,1.00,1.00
2014.02.14 07:31:52.691,0.89168,0.89173,1.00,1.00
2014.02.14 07:31:52.742,0.89168,0.89175,1.00,1.10
2014.02.14 07:31:53.299,0.89168,0.89175,2.33,1.00
2014.02.14 07:31:53.400,0.89166,0.89175,1.18,1.10
2014.02.14 07:31:54.726,0.89166,0.89175,1.10,1.18
2014.02.14 07:31:54.938,0.89168,0.89175,1.10,1.00
2014.02.14 07:31:55.098,0.89168,0.89177,1.18,1.10
2014.02.14 07:31:55.503,0.89171,0.89177,1.00,1.10
2014.02.14 07:31:55.959,0.8917,0.8918,2.40,1.18
2014.02.14 07:31:56.162,0.89173,0.8918,1.00,1.18
2014.02.14 07:31:56.406,0.89171,0.8918,1.10,1.18
2014.02.14 07:32:04.324,0.89171,0.89178,1.10,1.00
2014.02.14 07:32:05.777,0.89171,0.89175,1.00,1.00
2014.02.14 07:32:10.086,0.89171,0.89176,1.00,1.00
2014.02.14 07:32:10.963,0.89171,0.89178,1.00,1.65
2014.02.14 07:32:13.363,0.89171,0.89178,1.00,1.10
2014.02.14 07:32:17.280,0.89171,0.89178,1.00,1.18
2014.02.14 07:32:20.207,0.89171,0.89175,1.00,1.10
2014.02.14 07:32:20.309,0.89167,0.89175,2.33,1.10
2014.02.14 07:32:20.360,0.89167,0.89173,1.20,1.00
2014.02.14 07:32:20.663,0.89164,0.8917,1.15,1.00
2014.02.14 07:32:20.975,0.89164,0.8917,1.00,1.15
2014.02.14 07:32:21.560,0.89164,0.89171,1.00,1.65
2014.02.14 07:32:24.688,0.89162,0.89171,1.10,1.65
2014.02.14 07:32:25.235,0.89162,0.89171,1.00,1.65
2014.02.14 07:32:32.668,0.89162,0.89171,1.58,1.18
2014.02.14 07:32:36.820,0.89162,0.89171,1.50,1.18
2014.02.14 07:32:38.680,0.89162,0.89171,1.58,1.15
2014.02.14 07:32:39.628,0.89162,0.89168,1.10,1.00
2014.02.14 07:32:39.932,0.8916,0.89166,1.10,1.00
2014.02.14 07:32:53.309,0.89158,0.89165,1.15,1.00
2014.02.14 07:32:53.461,0.89158,0.89164,1.00,1.10
2014.02.14 07:32:53.512,0.89155,0.89164,1.18,1.10
2014.02.14 07:32:54.036,0.89154,0.89164,3.45,1.00
2014.02.14 07:32:54.539,0.89154,0.89164,1.53,1.10
2014.02.14 07:32:56.830,0.89155,0.89164,6.83,1.00
2014.02.14 07:32:57.539,0.89156,0.89166,4.65,1.10
2014.02.14 07:32:57.990,0.89154,0.89164,3.45,1.00
2014.02.14 07:32:58.142,0.89154,0.89164,1.55,1.18
2014.02.14 07:32:58.395,0.89154,0.89164,3.45,1.00
2014.02.14 07:32:58.971,0.89154,0.89164,1.53,1.10
2014.02.14 07:32:59.649,0.89158,0.89165,1.10,1.10
2014.02.14 07:32:59.852,0.89159,0.89169,4.65,1.10
2014.02.14 07:33:00.648,0.89162,0.89169,1.00,1.10
2014.02.14 07:33:01.785,0.89161,0.89171,1.10,1.28
2014.02.14 07:33:05.248,0.89161,0.89171,1.18,1.18
2014.02.14 07:33:05.299,0.89164,0.89171,1.48,1.08
2014.02.14 07:33:05.350,0.89164,0.89174,1.55,2.78
2014.02.14 07:33:05.553,0.89164,0.89174,1.00,4.20
2014.02.14 07:33:05.654,0.89164,0.89174,4.65,1.58
2014.02.14 07:33:05.907,0.89165,0.89174,2.33,1.88
2014.02.14 07:33:06.008,0.89164,0.89174,5.03,2.03
2014.02.14 07:33:06.538,0.89164,0.89174,1.10,5.78
2014.02.14 07:33:08.012,0.89164,0.89173,1.10,4.65
2014.02.14 07:33:08.164,0.89161,0.89171,1.18,1.18
2014.02.14 07:33:15.316,0.89161,0.89171,1.15,1.95
2014.02.14 07:33:15.888,0.89161,0.89171,1.18,2.03
2014.02.14 07:33:17.324,0.89161,0.89171,1.18,1.65
2014.02.14 07:33:17.875,0.89161,0.89171,1.18,1.18
2014.02.14 07:33:18.484,0.89161,0.89171,1.18,1.20
2014.02.14 07:33:19.025,0.89161,0.89171,1.18,1.18
2014.02.14 07:33:19.228,0.89164,0.89174,1.00,5.70
2014.02.14 07:33:19.735,0.89164,0.89174,1.18,2.03
2014.02.14 07:33:20.393,0.89164,0.89174,1.10,2.03
2014.02.14 07:33:20.930,0.89164,0.89174,1.18,1.65
2014.02.14 07:33:24.897,0.89167,0.89174,1.00,2.03
2014.02.14 07:33:25.529,0.89167,0.89174,1.10,1.50
2014.02.14 07:33:26.579,0.89167,0.89174,1.08,1.00
2014.02.14 07:33:26.882,0.89168,0.89176,4.65,1.00
2014.02.14 07:33:29.100,0.89168,0.89176,3.90,1.00
2014.02.14 07:33:30.457,0.89169,0.89179,1.53,1.58
2014.02.14 07:33:36.520,0.89169,0.89179,4.65,1.65
2014.02.14 07:33:41.388,0.89169,0.89179,4.65,1.58
2014.02.14 07:33:45.829,0.8917,0.89178,7.65,1.00
2014.02.14 07:33:46.415,0.89169,0.89178,3.90,1.10
2014.02.14 07:33:48.468,0.89169,0.89178,3.90,1.13
2014.02.14 07:33:49.159,0.89169,0.89178,3.90,1.20
2014.02.14 07:33:49.717,0.89168,0.89178,4.65,1.28
2014.02.14 07:33:52.167,0.89168,0.89178,4.65,1.28
2014.02.14 07:33:54.851,0.89168,0.89178,1.08,1.28
2014.02.14 07:33:54.902,0.89168,0.89178,1.10,1.53
2014.02.14 07:33:55.409,0.89166,0.89175,5.03,1.00
2014.02.14 07:33:55.926,0.89166,0.89175,3.45,1.00
2014.02.14 07:33:57.227,0.89167,0.89178,1.15,2.63
2014.02.14 07:33:59.025,0.8917,0.8918,1.00,7.43
2014.02.14 07:33:59.619,0.8917,0.8918,1.10,3.38
2014.02.14 07:34:00.177,0.8917,0.8918,1.08,2.63
2014.02.14 07:34:00.847,0.8917,0.8918,1.10,2.78
2014.02.14 07:34:01.599,0.8917,0.8918,1.18,2.03
2014.02.14 07:34:03.040,0.8917,0.8918,1.18,2.03
2014.02.14 07:34:03.704,0.8917,0.8918,1.10,2.03
2014.02.14 07:34:04.413,0.8917,0.89175,1.10,1.10
2014.02.14 07:34:04.464,0.89167,0.89175,3.75,1.18
2014.02.14 07:34:04.566,0.8917,0.89177,1.00,2.40
2014.02.14 07:34:04.870,0.8917,0.8918,1.10,2.03
2014.02.14 07:34:07.398,0.8917,0.8918,1.18,2.03
2014.02.14 07:34:12.128,0.89175,0.89182,1.00,6.08
2014.02.14 07:34:12.483,0.89175,0.89185,1.00,4.20
2014.02.14 07:34:12.635,0.89175,0.89185,1.18,3.15
2014.02.14 07:34:12.686,0.89173,0.89182,2.33,1.00
2014.02.14 07:34:12.788,0.89172,0.89182,1.18,1.20
2014.02.14 07:34:12.990,0.89172,0.89182,1.10,1.53
2014.02.14 07:34:15.842,0.89172,0.89182,1.18,1.28
2014.02.14 07:34:20.251,0.89172,0.89182,1.15,1.58
2014.02.14 07:34:20.707,0.89172,0.89182,1.20,2.03
2014.02.14 07:34:21.212,0.89172,0.89182,1.18,1.28
2014.02.14 07:34:21.720,0.89172,0.8918,1.18,1.00
2014.02.14 07:34:24.239,0.89172,0.89182,1.18,1.28
2014.02.14 07:34:35.660,0.89172,0.89182,1.10,5.40
2014.02.14 07:34:36.197,0.89172,0.89182,1.18,5.40
2014.02.14 07:34:40.155,0.89172,0.8918,1.18,1.00
2014.02.14 07:34:42.515,0.89172,0.8918,1.20,1.10
2014.02.14 07:34:42.819,0.8917,0.89179,1.10,4.28
2014.02.14 07:34:43.326,0.89167,0.89177,1.10,1.15
2014.02.14 07:34:43.837,0.89167,0.89177,1.08,1.28
2014.02.14 07:34:44.366,0.89167,0.89177,1.00,3.45
2014.02.14 07:34:46.018,0.89167,0.89177,1.10,1.28
2014.02.14 07:34:47.915,0.89167,0.89177,1.15,1.10
2014.02.14 07:34:48.436,0.89167,0.89177,1.18,1.18
2014.02.14 07:34:49.106,0.89167,0.89177,1.15,1.10
2014.02.14 07:34:49.650,0.89167,0.89177,1.18,1.18
2014.02.14 07:34:53.104,0.89167,0.89177,1.18,1.20
2014.02.14 07:34:53.613,0.89167,0.89177,1.18,1.18
2014.02.14 07:34:56.907,0.89172,0.89179,1.00,2.33
2014.02.14 07:34:57.109,0.89172,0.8918,1.00,1.28
2014.02.14 07:35:01.596,0.89172,0.8918,1.00,1.93
2014.02.14 07:35:01.698,0.89167,0.89173,1.10,1.00
2014.02.14 07:35:01.749,0.89165,0.89175,1.65,1.95
2014.02.14 07:35:04.070,0.89165,0.8917,1.08,1.00
2014.02.14 07:35:04.171,0.89164,0.8917,1.00,1.00
2014.02.14 07:35:04.576,0.89165,0.89172,1.10,1.00
2014.02.14 07:35:13.638,0.89165,0.89174,1.10,1.18
2014.02.14 07:35:46.538,0.89164,0.89173,1.10,2.25
2014.02.14 07:35:46.640,0.89162,0.89172,1.10,1.65
2014.02.14 07:35:47.247,0.89164,0.89172,1.00,2.03
2014.02.14 07:35:47.785,0.89164,0.89172,1.00,2.03
2014.02.14 07:35:48.659,0.89165,0.89174,1.00,7.58
2014.02.14 07:35:49.166,0.89165,0.89172,1.00,1.58
2014.02.14 07:35:51.114,0.89165,0.89172,1.00,1.65
2014.02.14 07:35:53.963,0.89165,0.89172,1.00,1.65
2014.02.14 07:35:55.080,0.89165,0.89172,1.00,1.28
2014.02.14 07:35:55.585,0.89165,0.89172,1.00,2.03
2014.02.14 07:35:57.011,0.89165,0.89171,1.00,1.18
2014.02.14 07:36:05.744,0.89165,0.8917,1.00,1.20
2014.02.14 07:36:06.803,0.8916,0.89167,1.65,1.50
2014.02.14 07:36:07.274,0.89164,0.89168,1.00,1.00
2014.02.14 07:36:23.675,0.89159,0.89168,1.28,1.00
2014.02.14 07:36:26.948,0.89159,0.89168,1.28,1.10
2014.02.14 07:36:31.474,0.89161,0.89168,1.00,1.10
2014.02.14 07:36:31.988,0.89159,0.89168,4.05,1.00
2014.02.14 07:36:39.013,0.8916,0.8917,1.65,1.95
2014.02.14 07:36:39.799,0.89162,0.89173,1.48,5.70
2014.02.14 07:36:40.102,0.89164,0.89173,1.18,1.20
2014.02.14 07:36:40.406,0.89164,0.89173,6.83,1.13
2014.02.14 07:36:40.661,0.89165,0.89175,4.65,1.20
2014.02.14 07:36:40.966,0.89166,0.89175,3.08,1.00
2014.02.14 07:36:46.557,0.89167,0.89175,6.08,1.00
2014.02.14 07:37:01.467,0.89167,0.89177,2.33,1.13
2014.02.14 07:37:05.878,0.89169,0.89179,1.65,1.55
2014.02.14 07:37:11.856,0.89167,0.89176,1.65,1.20
2014.02.14 07:37:12.371,0.89167,0.89176,1.18,1.48
2014.02.14 07:37:14.823,0.89167,0.89176,1.18,1.10
2014.02.14 07:37:15.138,0.89167,0.89176,3.08,1.00
2014.02.14 07:37:18.419,0.89167,0.89176,1.15,1.00
2014.02.14 07:37:19.541,0.89167,0.89176,6.83,1.00
2014.02.14 07:37:19.642,0.89168,0.89178,1.15,1.20
2014.02.14 07:37:20.147,0.89169,0.89179,1.10,5.78
2014.02.14 07:37:32.701,0.89169,0.89178,1.18,1.38
2014.02.14 07:37:33.006,0.89172,0.89179,1.00,1.38
2014.02.14 07:37:33.107,0.89169,0.89179,1.55,1.38
2014.02.14 07:37:35.383,0.89173,0.89179,1.00,1.13
2014.02.14 07:37:35.873,0.89169,0.89179,1.65,1.38
2014.02.14 07:37:36.392,0.89169,0.89179,1.58,1.38
2014.02.14 07:37:37.183,0.89169,0.89179,1.58,1.38
2014.02.14 07:37:37.687,0.89169,0.89179,1.58,1.38
2014.02.14 07:37:39.550,0.89169,0.89179,1.58,1.45
2014.02.14 07:37:42.638,0.89171,0.89178,1.00,1.18
2014.02.14 07:37:42.790,0.89172,0.8918,1.00,1.18
2014.02.14 07:38:03.650,0.89172,0.8918,1.10,1.20
2014.02.14 07:38:10.541,0.89172,0.89181,1.18,1.10
2014.02.14 07:38:10.977,0.89174,0.89183,1.18,1.95
2014.02.14 07:38:16.009,0.89177,0.89183,1.00,1.10
2014.02.14 07:38:16.312,0.89179,0.89183,1.00,1.00
2014.02.14 07:38:19.842,0.89177,0.89183,1.18,1.00
2014.02.14 07:38:20.508,0.89177,0.89183,1.00,1.00
2014.02.14 07:38:40.109,0.89179,0.89183,1.00,1.00
2014.02.14 07:38:40.261,0.89174,0.89183,1.28,1.58
2014.02.14 07:38:40.914,0.89174,0.89183,1.15,1.50
2014.02.14 07:38:44.304,0.89175,0.89183,1.10,1.58
2014.02.14 07:38:44.405,0.89175,0.89183,1.15,1.50
2014.02.14 07:38:47.397,0.89178,0.89186,2.25,1.65
2014.02.14 07:38:47.550,0.89181,0.89188,1.10,1.50
2014.02.14 07:38:47.854,0.89181,0.89188,5.03,1.00
2014.02.14 07:38:48.361,0.89182,0.8919,3.90,1.00
2014.02.14 07:38:58.484,0.89183,0.8919,2.33,1.00
2014.02.14 07:38:59.139,0.89182,0.8919,3.08,1.00
2014.02.14 07:38:59.921,0.89182,0.8919,1.15,1.00
2014.02.14 07:39:01.069,0.89182,0.8919,3.08,1.00
2014.02.14 07:39:05.123,0.89181,0.8919,3.45,1.00
2014.02.14 07:39:05.628,0.89181,0.8919,1.15,1.00
2014.02.14 07:39:07.049,0.89181,0.8919,3.08,1.00
2014.02.14 07:39:09.921,0.89182,0.89191,1.65,1.00
2014.02.14 07:39:10.023,0.89182,0.8919,1.10,1.10
2014.02.14 07:39:10.532,0.89182,0.89189,1.00,1.28
2014.02.14 07:39:10.734,0.89179,0.89188,1.00,6.15
2014.02.14 07:39:10.836,0.89179,0.89187,1.00,2.70
2014.02.14 07:39:10.886,0.89177,0.89187,1.88,3.30
2014.02.14 07:39:13.108,0.89177,0.89184,4.58,1.00
2014.02.14 07:39:13.164,0.89179,0.89188,1.18,1.10
2014.02.14 07:39:13.681,0.89179,0.89188,1.10,1.18
2014.02.14 07:39:15.534,0.89179,0.89186,1.10,1.13
2014.02.14 07:39:15.637,0.89177,0.89186,1.58,1.28
2014.02.14 07:39:16.175,0.89177,0.89183,1.00,1.00
2014.02.14 07:39:16.479,0.89177,0.89181,1.00,1.00
2014.02.14 07:39:16.631,0.89175,0.89181,1.00,1.18
2014.02.14 07:39:16.682,0.89172,0.8918,1.20,1.20
2014.02.14 07:39:17.187,0.89172,0.8918,1.50,1.18
2014.02.14 07:39:20.504,0.89173,0.8918,1.00,1.18
2014.02.14 07:39:22.166,0.89173,0.8918,1.10,1.00
2014.02.14 07:39:22.571,0.89173,0.89184,1.65,2.03
2014.02.14 07:39:25.626,0.89175,0.89184,1.00,2.03
2014.02.14 07:39:26.722,0.89175,0.89183,1.10,1.65
2014.02.14 07:39:29.092,0.89175,0.89183,1.08,1.50
2014.02.14 07:39:29.623,0.89175,0.89183,1.10,1.58
2014.02.14 07:39:30.136,0.89176,0.89183,1.00,1.10
2014.02.14 07:39:32.784,0.89176,0.89183,1.00,1.18
2014.02.14 07:39:33.087,0.89173,0.89181,1.18,1.00
2014.02.14 07:39:33.828,0.89173,0.89183,1.18,1.18
2014.02.14 07:39:34.182,0.89175,0.89183,1.18,1.00
2014.02.14 07:39:34.687,0.89175,0.89183,1.10,1.10
2014.02.14 07:39:37.233,0.89175,0.89181,1.10,1.00
2014.02.14 07:39:38.425,0.89175,0.89181,1.18,1.00
2014.02.14 07:39:38.578,0.89175,0.89183,1.18,1.00
2014.02.14 07:39:39.086,0.89175,0.89183,1.10,1.10
2014.02.14 07:39:50.001,0.89175,0.89181,1.10,1.00
2014.02.14 07:39:51.538,0.89175,0.89183,1.10,1.58
2014.02.14 07:39:58.724,0.89175,0.89181,1.10,1.00
2014.02.14 07:40:02.312,0.89174,0.89181,1.00,4.58
2014.02.14 07:40:02.616,0.89173,0.89177,1.10,1.00
2014.02.14 07:40:02.768,0.89173,0.8918,1.10,1.00
2014.02.14 07:40:03.224,0.89173,0.89181,1.65,1.13
2014.02.14 07:40:03.736,0.89173,0.89181,1.65,1.00
2014.02.14 07:40:04.552,0.89173,0.89181,5.40,1.00
2014.02.14 07:40:05.061,0.89173,0.89181,5.40,1.00
2014.02.14 07:40:05.364,0.89175,0.89183,1.08,1.95
2014.02.14 07:40:05.994,0.89175,0.89181,1.18,1.00
2014.02.14 07:40:07.043,0.89175,0.89179,1.20,1.00
2014.02.14 07:40:07.548,0.89173,0.89179,1.65,1.00
2014.02.14 07:40:08.159,0.89173,0.89181,1.65,1.00
2014.02.14 07:40:10.925,0.89173,0.89181,1.18,1.38
2014.02.14 07:40:11.027,0.89172,0.89181,1.10,1.93
2014.02.14 07:40:11.552,0.89171,0.89178,1.15,1.00
2014.02.14 07:40:11.653,0.89171,0.89178,1.10,1.00
2014.02.14 07:40:13.154,0.89171,0.89177,1.10,1.00
2014.02.14 07:40:13.625,0.89171,0.8918,1.10,1.55
2014.02.14 07:40:13.727,0.89172,0.8918,1.08,1.08
2014.02.14 07:40:13.829,0.89173,0.89181,1.18,1.00
2014.02.14 07:40:13.981,0.89173,0.89183,1.15,1.58
2014.02.14 07:40:14.870,0.89173,0.89183,3.08,1.50
2014.02.14 07:40:16.010,0.89173,0.89183,1.15,1.58
2014.02.14 07:40:18.987,0.89173,0.89183,1.15,1.95
2014.02.14 07:40:33.991,0.89173,0.89183,1.15,1.58
2014.02.14 07:40:34.640,0.89173,0.89183,1.18,1.65
2014.02.14 07:40:36.107,0.89173,0.89182,1.15,1.00
2014.02.14 07:40:37.293,0.89173,0.89182,1.18,1.10
2014.02.14 07:40:38.507,0.89173,0.89182,1.15,1.00
2014.02.14 07:40:39.830,0.89173,0.89182,1.15,1.38
2014.02.14 07:40:40.505,0.89173,0.89182,1.18,1.48
2014.02.14 07:40:41.854,0.89173,0.89182,1.18,1.20
2014.02.14 07:40:45.755,0.89173,0.89182,1.15,1.00
2014.02.14 07:40:46.932,0.89173,0.89182,1.18,1.10
2014.02.14 07:40:47.291,0.89172,0.8918,1.18,1.13
2014.02.14 07:40:47.595,0.8917,0.89178,1.18,1.13
2014.02.14 07:40:48.143,0.8917,0.89178,1.10,1.20
2014.02.14 07:40:48.757,0.8917,0.89178,1.18,1.13
2014.02.14 07:40:50.661,0.8917,0.89178,1.10,1.20
2014.02.14 07:40:51.395,0.8917,0.89178,1.18,1.13
2014.02.14 07:40:56.644,0.8917,0.89179,1.18,1.95
2014.02.14 07:40:57.619,0.8917,0.89179,1.18,1.48
2014.02.14 07:40:58.921,0.8917,0.89179,1.18,1.48
2014.02.14 07:41:04.471,0.8917,0.89179,1.18,1.95
2014.02.14 07:41:05.085,0.8917,0.89176,1.20,1.13
2014.02.14 07:41:05.389,0.8917,0.89174,1.10,1.00
2014.02.14 07:41:05.667,0.8917,0.89176,1.10,1.13
2014.02.14 07:41:07.749,0.8917,0.89178,1.08,1.38
2014.02.14 07:41:08.154,0.89168,0.89178,3.08,1.13
2014.02.14 07:41:08.307,0.89168,0.89178,3.08,1.50
2014.02.14 07:41:08.929,0.89168,0.89178,3.08,1.50
2014.02.14 07:41:09.132,0.89166,0.89175,1.15,1.00
2014.02.14 07:41:09.183,0.89165,0.89173,6.83,1.00
2014.02.14 07:41:09.537,0.89165,0.89174,3.08,1.38
2014.02.14 07:41:09.638,0.89164,0.89175,1.15,1.95
2014.02.14 07:41:10.144,0.89165,0.89175,1.10,1.15
2014.02.14 07:41:10.246,0.89165,0.89175,1.08,1.18
2014.02.14 07:41:10.751,0.89166,0.89175,1.18,1.10
2014.02.14 07:41:21.541,0.89166,0.89175,1.28,1.00
2014.02.14 07:41:22.052,0.89169,0.89179,1.00,3.83
2014.02.14 07:41:22.204,0.8917,0.8918,1.15,1.20
2014.02.14 07:41:24.137,0.8917,0.8918,1.18,1.08
2014.02.14 07:41:24.759,0.8917,0.8918,1.18,1.18
2014.02.14 07:41:26.335,0.8917,0.8918,1.10,1.15
2014.02.14 07:41:28.709,0.8917,0.89175,1.00,1.00
2014.02.14 07:41:28.861,0.89167,0.89173,1.20,1.00
2014.02.14 07:41:29.013,0.89165,0.89172,1.10,1.10
2014.02.14 07:41:37.223,0.89163,0.89172,1.18,1.10
2014.02.14 07:41:37.475,0.89163,0.89169,1.18,1.00
2014.02.14 07:41:37.576,0.89162,0.89169,1.10,1.00
2014.02.14 07:41:37.880,0.89162,0.89169,1.00,2.40
2014.02.14 07:41:37.982,0.89159,0.89167,1.00,4.65
2014.02.14 07:41:38.033,0.89157,0.89164,1.28,1.00
2014.02.14 07:41:38.134,0.89156,0.89164,1.00,1.18
2014.02.14 07:41:38.669,0.89156,0.89162,1.00,1.10
2014.02.14 07:41:40.220,0.89156,0.89162,1.22,1.00
2014.02.14 07:41:40.731,0.89156,0.89163,1.00,1.10
2014.02.14 07:41:42.061,0.89154,0.89163,1.18,1.58
2014.02.14 07:41:42.516,0.89154,0.89163,1.18,1.48
2014.02.14 07:41:43.045,0.89154,0.8916,1.18,1.00
2014.02.14 07:41:46.774,0.89154,0.8916,1.18,1.00
2014.02.14 07:41:47.374,0.89154,0.8916,1.18,1.00
2014.02.14 07:41:49.269,0.89154,0.89162,3.08,1.13
2014.02.14 07:41:59.299,0.89157,0.89162,2.25,1.13
2014.02.14 07:41:59.350,0.8916,0.89166,1.00,1.13
2014.02.14 07:41:59.452,0.89162,0.89168,1.50,1.50
2014.02.14 07:41:59.503,0.89163,0.89172,2.25,1.58
2014.02.14 07:41:59.554,0.89164,0.89173,2.33,1.13
2014.02.14 07:42:00.060,0.89163,0.89173,3.08,1.00
2014.02.14 07:42:00.262,0.89165,0.89173,3.08,1.00
2014.02.14 07:42:00.366,0.89165,0.89175,3.08,1.00
2014.02.14 07:42:00.569,0.89167,0.89178,1.65,1.65
2014.02.14 07:42:00.671,0.89168,0.89178,3.08,1.13
2014.02.14 07:42:01.178,0.8917,0.8918,1.18,2.78
2014.02.14 07:42:06.322,0.89168,0.89177,3.08,1.38
2014.02.14 07:42:06.424,0.89168,0.89175,1.18,1.13
2014.02.14 07:42:06.624,0.89167,0.89175,1.10,1.48
2014.02.14 07:42:06.877,0.89165,0.89174,1.58,4.28
2014.02.14 07:42:07.383,0.89163,0.89173,1.08,5.03
2014.02.14 07:42:07.434,0.89163,0.89173,1.10,5.03
2014.02.14 07:42:08.388,0.89163,0.89173,1.18,5.03
2014.02.14 07:42:11.304,0.89165,0.89173,1.00,1.18
2014.02.14 07:42:27.882,0.89165,0.89172,1.18,1.00
2014.02.14 07:42:27.933,0.89166,0.89174,1.65,1.20
2014.02.14 07:42:28.389,0.89167,0.89177,2.33,1.88
2014.02.14 07:42:28.996,0.89168,0.89177,1.15,1.88
2014.02.14 07:42:29.299,0.89168,0.89177,1.18,1.20
2014.02.14 07:42:41.680,0.89169,0.8918,1.18,3.15
2014.02.14 07:42:42.210,0.89169,0.8918,1.10,5.33
2014.02.14 07:42:43.678,0.89169,0.89176,1.10,4.13
2014.02.14 07:42:43.782,0.89167,0.89176,1.00,4.28
2014.02.14 07:42:50.693,0.89166,0.89176,1.10,4.28
2014.02.14 07:42:51.229,0.89166,0.89175,1.10,8.03
2014.02.14 07:42:55.130,0.89167,0.89175,1.00,8.78
2014.02.14 07:42:56.785,0.89164,0.89174,1.65,2.70
2014.02.14 07:42:56.988,0.89163,0.8917,1.18,1.13
2014.02.14 07:42:57.038,0.89163,0.8917,1.10,1.20
2014.02.14 07:42:57.722,0.89161,0.89169,1.00,1.18
2014.02.14 07:43:00.947,0.8916,0.89168,1.10,1.10
2014.02.14 07:43:01.641,0.89161,0.89171,1.00,3.08
2014.02.14 07:43:01.742,0.89161,0.89172,1.65,2.03
2014.02.14 07:43:03.110,0.89161,0.89172,1.65,1.65
2014.02.14 07:43:03.628,0.89163,0.89172,1.10,1.18
2014.02.14 07:43:04.396,0.89163,0.89172,1.00,1.15
2014.02.14 07:43:06.199,0.89163,0.89172,1.10,1.15
2014.02.14 07:43:06.707,0.89163,0.89172,1.00,1.18
2014.02.14 07:43:10.192,0.89163,0.89172,1.10,1.15
2014.02.14 07:43:10.751,0.89163,0.89172,1.00,1.15
2014.02.14 07:43:11.254,0.89163,0.89172,1.10,1.18
2014.02.14 07:43:11.970,0.89163,0.89172,1.00,1.15
2014.02.14 07:43:13.050,0.89163,0.89172,1.10,1.18
2014.02.14 07:43:13.589,0.89163,0.89172,1.00,1.15
2014.02.14 07:43:14.297,0.89164,0.89172,1.00,1.18
2014.02.14 07:43:14.958,0.89164,0.89172,1.00,1.18
2014.02.14 07:43:15.620,0.89164,0.89172,1.00,1.15
2014.02.14 07:43:16.280,0.89164,0.89172,1.00,1.18
2014.02.14 07:43:17.100,0.89164,0.89172,1.00,1.18
2014.02.14 07:43:17.619,0.89164,0.89172,1.00,1.18
2014.02.14 07:43:18.465,0.89164,0.89172,1.00,1.18
2014.02.14 07:43:20.107,0.89163,0.89172,1.00,1.15
2014.02.14 07:43:20.968,0.89163,0.89172,1.10,1.15
2014.02.14 07:43:23.008,0.89163,0.89172,1.08,1.20
2014.02.14 07:43:26.468,0.89163,0.89173,1.20,1.18
2014.02.14 07:43:29.692,0.89163,0.89174,1.58,1.15
2014.02.14 07:43:29.946,0.89165,0.89176,1.58,2.03
2014.02.14 07:43:30.807,0.89166,0.89176,1.18,1.18
2014.02.14 07:43:30.909,0.89169,0.89178,1.00,1.15
2014.02.14 07:43:31.011,0.89169,0.8918,1.65,2.40
2014.02.14 07:43:31.516,0.8917,0.89181,1.18,1.53
2014.02.14 07:43:46.259,0.89169,0.8918,1.65,5.03
2014.02.14 07:43:47.157,0.89169,0.8918,1.65,8.78
2014.02.14 07:43:50.808,0.89169,0.8918,1.18,8.78
2014.02.14 07:43:53.238,0.89169,0.8918,1.15,8.78
2014.02.14 07:43:54.194,0.89169,0.89179,1.18,4.28
2014.02.14 07:43:54.734,0.89169,0.89179,1.15,4.20
2014.02.14 07:43:55.263,0.89169,0.89179,1.18,4.28
2014.02.14 07:43:56.163,0.89169,0.8918,1.15,8.78
2014.02.14 07:43:56.922,0.89169,0.8918,1.18,8.78
2014.02.14 07:43:59.208,0.89169,0.8918,1.15,8.78
2014.02.14 07:43:59.970,0.89169,0.8918,1.18,1.53
2014.02.14 07:44:05.705,0.89169,0.89179,1.65,4.20
2014.02.14 07:44:06.230,0.89169,0.8918,1.65,8.78
2014.02.14 07:44:09.377,0.89169,0.8918,1.65,8.78
2014.02.14 07:44:27.549,0.89169,0.8918,1.15,10.50
2014.02.14 07:44:27.752,0.89166,0.89176,1.45,7.13
2014.02.14 07:44:27.853,0.89166,0.89176,1.00,7.58
2014.02.14 07:44:28.107,0.89164,0.89174,1.10,6.08
2014.02.14 07:44:28.636,0.89164,0.89175,1.10,13.58
2014.02.14 07:44:30.190,0.89164,0.89175,3.38,10.95
2014.02.14 07:44:30.242,0.89164,0.89175,3.45,10.88
2014.02.14 07:44:30.677,0.89164,0.89173,3.45,1.00
2014.02.14 07:44:30.829,0.89164,0.89175,4.20,3.38
2014.02.14 07:44:30.930,0.89168,0.89175,2.33,1.50
2014.02.14 07:44:31.461,0.89168,0.89174,3.08,1.00
2014.02.14 07:44:32.782,0.89166,0.89174,3.08,1.00
2014.02.14 07:44:33.342,0.89166,0.89175,3.08,1.88
2014.02.14 07:44:35.180,0.89166,0.89175,1.15,1.88
2014.02.14 07:44:41.418,0.89166,0.89175,3.08,1.00
2014.02.14 07:44:41.822,0.89166,0.89172,1.15,1.00
2014.02.14 07:44:41.974,0.89165,0.89172,1.18,1.00
2014.02.14 07:44:42.495,0.89165,0.89172,1.15,1.00
2014.02.14 07:44:42.597,0.89165,0.89172,1.10,1.00
2014.02.14 07:44:43.961,0.89167,0.89172,1.00,1.00
2014.02.14 07:44:44.265,0.8917,0.89176,1.00,2.33
2014.02.14 07:44:44.518,0.8917,0.89179,1.00,1.65
2014.02.14 07:44:45.356,0.8917,0.89179,1.18,1.20
2014.02.14 07:44:48.481,0.89172,0.89181,1.00,1.53
2014.02.14 07:44:48.582,0.89172,0.89181,1.08,1.08
2014.02.14 07:44:48.633,0.89172,0.89182,1.65,1.05
2014.02.14 07:44:49.137,0.89172,0.89183,1.65,1.65
2014.02.14 07:44:49.667,0.89172,0.89183,1.65,1.65
2014.02.14 07:44:51.081,0.89173,0.89183,2.33,1.58
2014.02.14 07:44:52.411,0.89174,0.89184,3.08,1.50
2014.02.14 07:44:52.564,0.89175,0.89186,1.15,2.78
2014.02.14 07:44:55.113,0.89175,0.89185,1.58,1.00
2014.02.14 07:44:55.619,0.89175,0.89185,1.50,1.00
2014.02.14 07:44:58.617,0.8918,0.89187,1.00,1.50
2014.02.14 07:44:58.719,0.89177,0.89187,1.00,1.50
2014.02.14 07:44:59.075,0.8918,0.89187,1.00,1.50
2014.02.14 07:44:59.227,0.8918,0.89188,1.00,4.13
2014.02.14 07:45:03.687,0.89178,0.89188,1.00,1.13
2014.02.14 07:45:08.917,0.89183,0.89189,1.00,1.50
2014.02.14 07:45:09.020,0.89178,0.89188,1.50,1.00
2014.02.14 07:45:09.553,0.8918,0.89189,1.00,1.13
2014.02.14 07:45:10.221,0.8918,0.89189,1.08,1.13
2014.02.14 07:45:10.964,0.8918,0.89189,1.15,1.13
2014.02.14 07:45:11.624,0.8918,0.89189,1.18,1.20
2014.02.14 07:45:12.146,0.89182,0.89192,1.10,1.28
2014.02.14 07:45:14.346,0.89183,0.89193,1.15,1.20
2014.02.14 07:45:14.974,0.89183,0.89191,1.00,2.33
2014.02.14 07:45:16.688,0.89182,0.89191,1.00,2.33
2014.02.14 07:45:18.655,0.89183,0.89191,1.00,2.33
2014.02.14 07:45:19.161,0.89182,0.89191,1.00,2.33
2014.02.14 07:45:20.184,0.89184,0.89191,1.00,2.33
2014.02.14 07:45:20.896,0.89184,0.89191,1.00,2.33
2014.02.14 07:45:21.049,0.89187,0.89194,1.00,2.33
2014.02.14 07:45:26.489,0.89187,0.89195,1.00,2.33
2014.02.14 07:45:27.333,0.89188,0.89195,1.50,2.25
2014.02.14 07:45:27.386,0.89189,0.89198,1.00,3.08
2014.02.14 07:45:27.742,0.89189,0.89196,1.00,2.33
2014.02.14 07:45:30.311,0.89189,0.89199,1.10,1.28
2014.02.14 07:45:32.614,0.89189,0.89199,1.18,1.28
2014.02.14 07:45:34.547,0.89192,0.89201,1.00,7.58
2014.02.14 07:45:34.701,0.89194,0.89201,1.00,4.58
2014.02.14 07:45:36.422,0.89194,0.89203,1.08,1.28
2014.02.14 07:45:36.928,0.89194,0.89203,1.10,1.65
2014.02.14 07:45:47.785,0.89194,0.89205,1.18,10.28
2014.02.14 07:45:47.988,0.89197,0.89205,1.00,3.08
2014.02.14 07:45:48.039,0.89197,0.89206,1.10,1.28
2014.02.14 07:45:48.141,0.89197,0.89206,1.15,1.00
2014.02.14 07:45:48.243,0.89197,0.89206,1.10,1.18
2014.02.14 07:45:48.446,0.89199,0.89208,1.10,3.15
2014.02.14 07:45:48.597,0.89197,0.89206,1.10,1.18
2014.02.14 07:45:49.203,0.89196,0.89205,1.10,1.08
2014.02.14 07:45:49.710,0.89194,0.89205,1.18,1.65
2014.02.14 07:46:01.902,0.89193,0.89203,1.65,1.08
2014.02.14 07:46:02.425,0.89193,0.89202,1.10,1.18
2014.02.14 07:46:03.538,0.89193,0.89202,1.00,1.18
2014.02.14 07:46:11.284,0.89193,0.89202,1.10,1.18
2014.02.14 07:46:11.858,0.89193,0.89202,1.00,1.15
2014.02.14 07:46:24.523,0.89195,0.89202,1.00,1.15
2014.02.14 07:46:29.929,0.89195,0.89202,1.00,1.18
2014.02.14 07:46:30.793,0.89195,0.89202,1.00,1.15
2014.02.14 07:46:31.309,0.89195,0.89202,1.00,1.18
2014.02.14 07:46:33.357,0.89198,0.89202,1.00,1.10
2014.02.14 07:46:34.351,0.89193,0.89202,1.13,1.15
2014.02.14 07:46:34.964,0.89193,0.89202,1.20,1.18
2014.02.14 07:46:36.369,0.89198,0.89205,1.00,3.45
2014.02.14 07:46:36.419,0.89198,0.89205,1.88,1.20
2014.02.14 07:46:36.695,0.89201,0.89205,1.00,1.00
2014.02.14 07:46:36.899,0.89201,0.8921,1.10,3.45
2014.02.14 07:46:36.950,0.89201,0.8921,1.10,1.28
2014.02.14 07:46:39.100,0.89204,0.8921,1.00,1.18
2014.02.14 07:46:39.647,0.89203,0.8921,1.00,1.18
2014.02.14 07:46:40.159,0.89203,0.8921,1.00,1.18
2014.02.14 07:46:41.165,0.89201,0.8921,1.00,1.15
2014.02.14 07:46:41.866,0.892,0.8921,1.58,1.15
2014.02.14 07:46:41.968,0.892,0.89205,1.10,1.00
2014.02.14 07:46:42.121,0.89198,0.89205,1.58,1.00
2014.02.14 07:46:42.173,0.89197,0.89203,1.08,1.00
2014.02.14 07:46:42.275,0.89195,0.89203,1.10,1.10
2014.02.14 07:46:42.326,0.89195,0.89203,1.00,1.15
2014.02.14 07:46:42.529,0.89195,0.89205,1.58,1.15
2014.02.14 07:46:44.164,0.89196,0.89205,1.00,1.15
2014.02.14 07:46:50.312,0.89196,0.89205,1.10,1.15
2014.02.14 07:46:50.872,0.89196,0.89205,1.00,1.15
2014.02.14 07:47:03.838,0.89197,0.89205,1.00,1.15
2014.02.14 07:47:11.098,0.89196,0.89205,1.00,1.15
2014.02.14 07:47:12.664,0.89196,0.89205,1.10,1.18
2014.02.14 07:47:13.359,0.89196,0.89205,1.00,1.15
2014.02.14 07:47:13.790,0.89198,0.89205,1.00,1.15
2014.02.14 07:47:14.099,0.89201,0.89207,1.58,2.18
2014.02.14 07:47:14.159,0.89201,0.8921,1.58,3.83
2014.02.14 07:47:14.268,0.89201,0.8921,1.10,1.65
2014.02.14 07:47:19.507,0.89201,0.8921,1.20,1.20
2014.02.14 07:47:20.038,0.89201,0.8921,1.20,1.18
2014.02.14 07:47:23.107,0.89201,0.8921,1.18,1.10
2014.02.14 07:47:27.853,0.89201,0.8921,1.28,1.08
2014.02.14 07:47:28.631,0.89201,0.8921,1.28,1.10
2014.02.14 07:47:32.844,0.89201,0.8921,1.20,1.08
2014.02.14 07:47:36.415,0.89201,0.8921,1.08,1.20
2014.02.14 07:47:40.879,0.892,0.8921,1.65,1.18
2014.02.14 07:47:43.296,0.892,0.8921,3.15,1.10
2014.02.14 07:47:43.812,0.892,0.8921,3.15,1.18
2014.02.14 07:47:44.814,0.892,0.8921,2.40,1.55
2014.02.14 07:47:45.321,0.892,0.89209,2.63,2.33
2014.02.14 07:47:45.372,0.892,0.8921,2.70,1.65
2014.02.14 07:47:45.524,0.892,0.89206,1.95,1.10
2014.02.14 07:47:45.676,0.89196,0.89206,2.03,1.18
2014.02.14 07:47:47.944,0.89195,0.89205,1.08,1.18
2014.02.14 07:47:47.995,0.89195,0.89205,1.10,1.15
2014.02.14 07:47:48.506,0.89193,0.89203,1.18,2.40
2014.02.14 07:47:52.775,0.89193,0.89201,1.18,1.00
2014.02.14 07:48:00.142,0.89193,0.89202,1.18,1.10
2014.02.14 07:48:00.253,0.89193,0.89197,1.10,1.00
2014.02.14 07:48:00.405,0.89191,0.89197,1.00,1.00
2014.02.14 07:48:00.506,0.89189,0.89197,1.00,2.40
2014.02.14 07:48:00.709,0.89186,0.89195,1.55,1.58
2014.02.14 07:48:00.810,0.89186,0.89194,1.38,1.18
2014.02.14 07:48:01.316,0.89186,0.89195,1.00,2.40
2014.02.14 07:48:05.213,0.89186,0.89192,1.00,1.00
2014.02.14 07:48:07.543,0.89186,0.89195,1.00,1.65
2014.02.14 07:48:07.866,0.89188,0.89196,1.00,1.15
2014.02.14 07:48:08.415,0.89189,0.89197,1.00,1.65
2014.02.14 07:48:11.185,0.89189,0.89197,1.10,1.58
2014.02.14 07:48:13.645,0.89189,0.89197,1.00,1.65
2014.02.14 07:48:23.048,0.89189,0.89196,1.38,1.10
2014.02.14 07:48:23.301,0.89192,0.89199,1.00,2.33
2014.02.14 07:48:23.554,0.89192,0.89201,2.78,1.10
2014.02.14 07:48:24.059,0.89192,0.89201,1.95,1.18
2014.02.14 07:48:25.154,0.89192,0.89202,2.03,1.65
2014.02.14 07:48:28.529,0.89192,0.89201,1.28,1.20
2014.02.14 07:48:29.133,0.89192,0.89201,1.28,1.10
2014.02.14 07:48:30.048,0.89192,0.89201,1.20,1.18
2014.02.14 07:48:32.198,0.89192,0.89201,1.28,1.10
2014.02.14 07:48:32.754,0.89192,0.89201,1.20,1.18
2014.02.14 07:48:40.080,0.89193,0.89202,1.00,1.65
2014.02.14 07:49:05.042,0.89193,0.89202,1.10,1.65
2014.02.14 07:49:06.141,0.89193,0.89202,1.00,1.65
2014.02.14 07:49:11.443,0.89193,0.89202,1.00,1.65
2014.02.14 07:49:11.595,0.89201,0.89206,1.13,1.18
2014.02.14 07:49:11.696,0.89201,0.89206,1.38,1.10
2014.02.14 07:49:11.797,0.89203,0.89208,1.13,1.88
2014.02.14 07:49:12.152,0.89201,0.89208,1.13,1.95
2014.02.14 07:49:21.034,0.89202,0.89208,1.00,1.13
2014.02.14 07:49:24.758,0.89202,0.89208,1.38,1.00
2014.02.14 07:49:24.812,0.892,0.89208,2.78,1.38
2014.02.14 07:49:25.448,0.89204,0.89208,1.00,1.13
2014.02.14 07:49:26.106,0.89202,0.89208,2.40,1.88
2014.02.14 07:49:26.718,0.89202,0.89208,1.10,1.88
2014.02.14 07:49:28.877,0.89205,0.89209,1.00,1.13
2014.02.14 07:49:31.256,0.89204,0.89209,1.00,1.38
2014.02.14 07:49:32.313,0.89203,0.89209,1.00,1.38
2014.02.14 07:49:32.873,0.89204,0.89209,1.00,1.38
2014.02.14 07:49:33.420,0.89203,0.89209,1.00,1.58
2014.02.14 07:49:33.471,0.89201,0.89209,1.58,1.58
2014.02.14 07:49:33.989,0.89201,0.89208,1.00,1.20
2014.02.14 07:49:38.474,0.89201,0.8921,1.58,1.55
2014.02.14 07:49:39.124,0.89201,0.8921,1.10,1.65
2014.02.14 07:49:39.629,0.89201,0.8921,2.70,1.55
2014.02.14 07:49:40.202,0.89201,0.8921,2.70,1.55
2014.02.14 07:49:41.097,0.89202,0.8921,1.13,1.18
2014.02.14 07:49:41.249,0.89204,0.89211,1.00,1.55
2014.02.14 07:49:41.794,0.89204,0.89211,1.00,1.48
2014.02.14 07:49:44.015,0.89204,0.89211,1.00,1.48
2014.02.14 07:49:44.546,0.89204,0.89211,1.00,1.95
2014.02.14 07:49:45.884,0.89202,0.89209,2.70,1.38
2014.02.14 07:49:49.152,0.89202,0.89209,1.10,1.50
2014.02.14 07:49:49.404,0.892,0.89206,1.00,1.20
2014.02.14 07:49:49.455,0.89198,0.89205,1.00,1.08
2014.02.14 07:49:49.658,0.89195,0.89203,3.00,2.03
2014.02.14 07:49:50.164,0.89194,0.89201,1.00,1.20
2014.02.14 07:49:51.074,0.89192,0.89201,3.15,1.10
2014.02.14 07:49:51.427,0.89193,0.89203,2.63,1.58
2014.02.14 07:49:51.731,0.89197,0.89204,1.38,1.20
2014.02.14 07:49:51.834,0.89197,0.89206,1.55,1.20
2014.02.14 07:49:52.403,0.89197,0.89206,1.55,1.48
2014.02.14 07:49:52.912,0.89198,0.89206,1.95,1.20
2014.02.14 07:49:53.273,0.89198,0.89203,1.00,1.08
2014.02.14 07:49:53.374,0.89196,0.89201,1.00,1.00
2014.02.14 07:49:53.779,0.89194,0.89201,1.00,1.08
2014.02.14 07:49:54.032,0.89191,0.89201,1.65,1.18
2014.02.14 07:49:54.550,0.89191,0.89201,1.53,1.10
2014.02.14 07:49:55.996,0.89191,0.89201,1.53,1.08
2014.02.14 07:49:56.518,0.89193,0.892,1.13,1.18
2014.02.14 07:49:57.004,0.89193,0.89202,1.95,1.18
2014.02.14 07:50:07.014,0.89192,0.89203,2.03,3.83
2014.02.14 07:50:08.890,0.89191,0.892,1.13,8.40
2014.02.14 07:50:09.448,0.8919,0.892,1.10,8.78
2014.02.14 07:50:13.345,0.8919,0.892,1.18,1.28
2014.02.14 07:50:14.451,0.89192,0.892,1.00,1.18
2014.02.14 07:50:14.981,0.89192,0.892,1.10,1.10
2014.02.14 07:50:15.909,0.89192,0.892,1.00,1.18
2014.02.14 07:50:16.414,0.89192,0.892,1.20,1.10
2014.02.14 07:50:18.019,0.89192,0.89202,1.28,1.18
2014.02.14 07:50:22.020,0.89192,0.89202,1.10,1.53
2014.02.14 07:50:22.597,0.89192,0.89202,1.18,1.55
2014.02.14 07:50:23.243,0.89192,0.89202,1.10,1.53
2014.02.14 07:50:23.875,0.89192,0.89202,1.00,3.83
2014.02.14 07:50:24.387,0.89192,0.89203,1.58,8.33
2014.02.14 07:50:40.415,0.89192,0.89203,1.65,3.15
2014.02.14 07:50:41.139,0.89194,0.89203,1.58,1.65
2014.02.14 07:50:41.676,0.89194,0.89203,1.10,2.03
2014.02.14 07:50:48.173,0.89194,0.89202,1.00,1.53
2014.02.14 07:50:51.295,0.89194,0.89202,1.00,1.55
2014.02.14 07:50:53.497,0.89194,0.89202,1.00,1.53
2014.02.14 07:50:54.031,0.89194,0.89202,1.00,1.55
2014.02.14 07:51:02.183,0.89194,0.892,1.00,1.00
2014.02.14 07:51:02.719,0.89199,0.89204,1.00,1.00
2014.02.14 07:51:02.871,0.89199,0.89208,1.18,1.95
2014.02.14 07:51:03.377,0.89199,0.89208,1.18,1.10
2014.02.14 07:51:03.681,0.89199,0.89207,1.00,1.28
2014.02.14 07:51:04.187,0.89199,0.89208,1.18,1.95
2014.02.14 07:51:06.461,0.892,0.89208,1.10,1.58
2014.02.14 07:51:11.097,0.892,0.89206,1.10,1.00
2014.02.14 07:51:11.401,0.89199,0.89206,1.00,1.15
2014.02.14 07:51:11.810,0.89199,0.89206,1.10,1.00
2014.02.14 07:51:12.330,0.892,0.89206,1.50,1.00
2014.02.14 07:51:12.990,0.89197,0.89204,1.00,1.00
2014.02.14 07:51:13.092,0.89198,0.89206,1.58,3.75
2014.02.14 07:51:13.243,0.892,0.89206,1.00,1.10
2014.02.14 07:51:14.721,0.892,0.89206,1.00,1.08
2014.02.14 07:51:14.974,0.892,0.89206,1.50,1.58
2014.02.14 07:51:20.392,0.89197,0.89203,1.58,1.00
2014.02.14 07:51:20.444,0.89198,0.89202,1.13,1.00
2014.02.14 07:51:20.495,0.89198,0.89203,1.00,1.00
2014.02.14 07:51:20.596,0.89197,0.89201,1.13,1.00
2014.02.14 07:51:20.697,0.89198,0.89203,1.00,1.00
2014.02.14 07:51:20.900,0.89197,0.89201,1.13,1.00
2014.02.14 07:51:21.002,0.89195,0.89201,1.50,1.00
2014.02.14 07:51:21.507,0.89194,0.89201,1.00,1.18
2014.02.14 07:51:24.101,0.89194,0.89198,1.00,1.00
2014.02.14 07:51:30.458,0.89192,0.89198,1.00,1.00
2014.02.14 07:51:32.337,0.89192,0.89199,1.00,1.10
2014.02.14 07:52:00.536,0.8919,0.892,2.70,8.78
2014.02.14 07:52:00.840,0.8919,0.892,1.10,9.90
2014.02.14 07:52:01.166,0.8919,0.892,1.20,6.15
2014.02.14 07:52:01.318,0.89192,0.892,1.00,1.28
2014.02.14 07:52:01.824,0.89192,0.89202,2.03,1.08
2014.02.14 07:52:01.874,0.89192,0.89202,2.03,1.10
2014.02.14 07:52:07.211,0.89194,0.89203,1.00,7.20
2014.02.14 07:52:07.718,0.89194,0.89203,1.50,1.15
2014.02.14 07:52:10.324,0.89197,0.89203,1.00,1.15
2014.02.14 07:52:10.858,0.89196,0.89203,1.00,1.15
2014.02.14 07:52:14.192,0.89194,0.89203,1.50,1.15
2014.02.14 07:52:15.867,0.89194,0.89203,1.13,3.08
2014.02.14 07:52:17.048,0.89194,0.89203,1.00,1.15
2014.02.14 07:52:17.604,0.89194,0.89203,1.88,3.08
2014.02.14 07:52:18.120,0.89193,0.89203,1.50,7.58
2014.02.14 07:52:18.626,0.89193,0.892,1.00,1.18
2014.02.14 07:52:19.132,0.89193,0.892,1.00,10.58
2014.02.14 07:52:19.637,0.89193,0.892,1.00,8.40
2014.02.14 07:52:20.159,0.89193,0.892,1.00,8.40
2014.02.14 07:52:20.463,0.89191,0.892,1.00,8.40
2014.02.14 07:52:21.070,0.89191,0.892,1.10,8.40
2014.02.14 07:52:21.614,0.89191,0.89199,1.00,3.90
2014.02.14 07:52:23.507,0.8919,0.89197,1.00,1.28
2014.02.14 07:52:23.559,0.89187,0.89195,2.33,1.10
2014.02.14 07:52:23.610,0.89187,0.89195,1.00,5.03
2014.02.14 07:52:24.119,0.89186,0.89193,1.13,1.10
2014.02.14 07:52:24.959,0.89186,0.89193,1.48,1.00
2014.02.14 07:52:25.466,0.89188,0.89193,1.00,1.00
2014.02.14 07:52:25.819,0.89186,0.89193,1.13,1.10
2014.02.14 07:52:40.161,0.89185,0.89193,1.58,1.10
2014.02.14 07:52:43.179,0.89183,0.89192,1.08,3.83
2014.02.14 07:52:43.230,0.89183,0.89192,1.10,3.90
2014.02.14 07:52:43.434,0.89183,0.8919,1.00,1.18
2014.02.14 07:52:43.789,0.89181,0.89188,2.25,1.18
2014.02.14 07:52:44.295,0.89183,0.89188,1.00,1.18
2014.02.14 07:52:44.498,0.89181,0.8919,1.00,3.08
2014.02.14 07:52:44.550,0.89181,0.8919,1.10,1.18
2014.02.14 07:52:48.984,0.89182,0.8919,1.00,1.18
2014.02.14 07:52:49.187,0.89185,0.89193,1.00,5.25
2014.02.14 07:52:49.339,0.89185,0.89193,1.00,1.18
2014.02.14 07:52:50.585,0.89185,0.89193,1.10,1.10
2014.02.14 07:52:54.402,0.89185,0.89193,1.18,1.00
2014.02.14 07:52:54.942,0.89185,0.89193,1.10,1.10
2014.02.14 07:52:55.511,0.89185,0.89193,1.18,1.00
2014.02.14 07:52:57.142,0.89187,0.89195,1.00,1.55
2014.02.14 07:52:57.344,0.89188,0.89195,1.18,1.00
2014.02.14 07:52:57.699,0.89189,0.89198,1.58,1.28
2014.02.14 07:52:57.902,0.8919,0.892,1.65,1.55
2014.02.14 07:52:58.418,0.8919,0.89198,1.65,1.50
2014.02.14 07:52:58.837,0.8919,0.89198,1.00,2.78
2014.02.14 07:52:58.938,0.89188,0.89196,1.18,1.00
2014.02.14 07:52:59.479,0.89189,0.89198,1.10,6.15
2014.02.14 07:53:00.042,0.89188,0.89196,1.18,1.00
2014.02.14 07:53:00.295,0.89185,0.89195,2.40,1.18
2014.02.14 07:53:03.176,0.89185,0.89194,1.65,1.58
2014.02.14 07:53:03.681,0.89185,0.89194,1.65,1.58
2014.02.14 07:53:06.216,0.89185,0.89194,1.65,1.58
2014.02.14 07:53:06.753,0.89185,0.89194,1.65,1.58
2014.02.14 07:53:09.484,0.89185,0.89194,1.65,1.58
2014.02.14 07:53:10.130,0.89185,0.89194,1.65,1.58
2014.02.14 07:53:10.647,0.89185,0.89194,1.65,1.58
2014.02.14 07:53:11.219,0.89185,0.89194,1.65,1.58
2014.02.14 07:53:11.931,0.89185,0.89194,1.65,1.58
2014.02.14 07:53:12.454,0.89185,0.89194,1.65,1.58
2014.02.14 07:53:15.474,0.89185,0.89194,1.65,1.58
2014.02.14 07:53:16.070,0.89185,0.89194,1.65,1.58
2014.02.14 07:53:29.538,0.89185,0.89195,2.40,1.58
2014.02.14 07:53:30.701,0.89185,0.89195,2.40,1.20
2014.02.14 07:53:34.329,0.89185,0.89195,2.40,1.28
2014.02.14 07:53:37.759,0.89185,0.89195,2.40,1.20
2014.02.14 07:53:39.291,0.89185,0.89195,2.40,1.20
2014.02.14 07:53:39.946,0.89185,0.89195,2.78,1.10
2014.02.14 07:53:43.499,0.89187,0.89195,1.00,1.08
2014.02.14 07:53:44.094,0.89185,0.89195,2.40,1.55
2014.02.14 07:53:44.524,0.89185,0.89195,2.33,1.90
2014.02.14 07:53:45.255,0.89185,0.89193,1.58,1.50
2014.02.14 07:53:46.803,0.89185,0.89193,1.65,1.13
2014.02.14 07:53:47.849,0.89185,0.89192,1.65,1.00
2014.02.14 07:53:48.379,0.89185,0.89192,1.50,1.10
2014.02.14 07:53:52.799,0.89185,0.89195,2.25,3.83
2014.02.14 07:53:54.341,0.89184,0.89192,1.10,1.18
2014.02.14 07:53:54.846,0.89184,0.89192,1.00,1.15
2014.02.14 07:54:03.806,0.89183,0.89192,1.00,1.28
2014.02.14 07:54:04.111,0.89179,0.89188,1.18,1.95
2014.02.14 07:54:04.414,0.89178,0.89188,1.95,4.20
2014.02.14 07:54:05.377,0.89178,0.89188,1.58,2.03
2014.02.14 07:54:05.732,0.89178,0.89188,8.33,1.58
2014.02.14 07:54:06.037,0.89182,0.89192,5.40,1.65
2014.02.14 07:54:06.762,0.89183,0.89192,3.90,1.20
2014.02.14 07:54:09.387,0.89183,0.89193,6.83,1.13
2014.02.14 07:54:23.173,0.89185,0.89194,1.18,1.95
2014.02.14 07:54:31.758,0.89185,0.89194,1.18,1.95
2014.02.14 07:54:33.342,0.89186,0.89194,1.08,1.88
2014.02.14 07:54:39.171,0.89186,0.89195,1.18,1.10
2014.02.14 07:54:39.426,0.89189,0.89197,1.10,1.09
2014.02.14 07:54:39.932,0.89189,0.89196,1.10,1.50
2014.02.14 07:54:40.236,0.89189,0.89198,1.15,1.13
2014.02.14 07:54:48.190,0.89189,0.89196,1.08,1.00
2014.02.14 07:54:48.241,0.89187,0.89196,1.15,1.00
2014.02.14 07:54:48.746,0.89187,0.89196,1.18,1.10
2014.02.14 07:54:49.252,0.89186,0.89195,1.65,1.00
2014.02.14 07:54:49.875,0.89186,0.89196,1.65,1.10
2014.02.14 07:55:03.053,0.89187,0.89195,1.08,1.10
2014.02.14 07:55:03.559,0.89187,0.89195,1.00,1.08
2014.02.14 07:55:23.997,0.89187,0.89196,1.00,3.08
2014.02.14 07:55:24.609,0.89187,0.89196,1.00,1.15
2014.02.14 07:55:27.019,0.89187,0.89196,1.00,3.08
2014.02.14 07:55:27.542,0.89187,0.89196,1.00,1.15
2014.02.14 07:55:28.048,0.89187,0.89196,1.00,3.08
2014.02.14 07:55:32.261,0.89187,0.89196,1.00,1.15
2014.02.14 07:55:44.129,0.89186,0.89196,1.50,3.45
2014.02.14 07:55:44.654,0.89186,0.89196,1.58,1.28
2014.02.14 07:55:45.332,0.89186,0.89196,1.50,3.83
2014.02.14 07:55:46.498,0.89186,0.89195,1.58,1.15
2014.02.14 07:55:47.713,0.89186,0.89196,1.65,1.65
2014.02.14 07:55:48.818,0.89186,0.89194,1.18,1.00
2014.02.14 07:55:59.692,0.89185,0.89194,1.18,1.10
2014.02.14 07:56:00.872,0.89185,0.89194,1.10,1.18
2014.02.14 07:56:01.125,0.89183,0.89192,1.58,1.18
2014.02.14 07:56:01.970,0.89185,0.89192,1.00,1.65
2014.02.14 07:56:03.463,0.89185,0.8919,1.00,1.10
2014.02.14 07:56:03.514,0.89182,0.8919,1.50,1.18
2014.02.14 07:56:04.027,0.89182,0.8919,1.10,1.58
2014.02.14 07:56:06.136,0.89182,0.8919,1.00,1.58
2014.02.14 07:56:13.271,0.89183,0.8919,1.00,1.65
2014.02.14 07:56:16.441,0.89183,0.8919,1.00,1.65
2014.02.14 07:56:17.166,0.89183,0.8919,1.00,1.65
2014.02.14 07:56:18.322,0.89183,0.8919,1.00,1.10
2014.02.14 07:56:19.209,0.89183,0.89191,1.13,1.00
2014.02.14 07:56:20.514,0.89183,0.89191,1.38,1.00
2014.02.14 07:56:24.341,0.89184,0.89192,1.95,1.50
2014.02.14 07:56:24.645,0.89182,0.89187,1.10,1.38
2014.02.14 07:56:24.899,0.89176,0.89185,2.70,1.00
2014.02.14 07:56:25.152,0.89176,0.89185,1.50,3.68
2014.02.14 07:56:25.254,0.89176,0.89183,1.50,1.00
2014.02.14 07:56:26.133,0.89176,0.89182,1.50,1.00
2014.02.14 07:56:26.234,0.89174,0.89182,1.00,2.25
2014.02.14 07:56:26.437,0.89172,0.89182,1.10,6.00
2014.02.14 07:56:28.321,0.89172,0.89182,1.08,1.88
2014.02.14 07:56:29.153,0.89172,0.89182,1.28,1.58
2014.02.14 07:56:31.168,0.89174,0.89182,1.10,1.95
2014.02.14 07:56:32.247,0.89174,0.89183,1.28,1.20
2014.02.14 07:56:32.843,0.89174,0.89183,1.20,1.28
2014.02.14 07:56:33.504,0.89174,0.89183,1.28,1.20
2014.02.14 07:56:48.024,0.89175,0.89183,1.00,1.18
2014.02.14 07:56:48.530,0.89175,0.89184,1.10,1.28
2014.02.14 07:56:49.660,0.89175,0.89184,1.10,1.55
2014.02.14 07:56:49.812,0.89175,0.89184,1.10,2.13
2014.02.14 07:56:49.914,0.89172,0.89182,1.53,1.58
2014.02.14 07:56:49.965,0.89172,0.89182,1.48,1.65
2014.02.14 07:56:50.475,0.89172,0.89182,1.55,1.65
2014.02.14 07:56:50.980,0.89172,0.89182,1.10,5.40
2014.02.14 07:56:51.538,0.89172,0.89182,1.28,5.78
2014.02.14 07:56:53.796,0.89172,0.89182,1.20,2.40
2014.02.14 07:56:55.046,0.89172,0.89182,1.28,6.15
2014.02.14 07:56:58.946,0.89172,0.89182,1.10,2.03
2014.02.14 07:57:05.043,0.89172,0.89182,1.95,3.83
2014.02.14 07:57:05.838,0.89173,0.89182,1.00,3.08
2014.02.14 07:57:08.254,0.89173,0.89181,1.00,2.33
2014.02.14 07:57:12.690,0.89173,0.89182,1.00,5.25
2014.02.14 07:57:19.616,0.89174,0.89182,1.00,3.08
2014.02.14 07:57:21.025,0.89174,0.89182,1.00,1.15
2014.02.14 07:57:21.126,0.89174,0.89184,1.10,2.40
2014.02.14 07:57:21.632,0.89174,0.89184,1.18,1.65
2014.02.14 07:57:21.937,0.89179,0.89185,1.00,1.53
2014.02.14 07:57:22.445,0.8918,0.89185,1.00,1.20
2014.02.14 07:57:24.815,0.8918,0.89186,1.00,1.55
2014.02.14 07:57:25.321,0.8918,0.89186,1.00,1.55
2014.02.14 07:57:29.917,0.89178,0.89186,1.00,1.55
2014.02.14 07:57:30.588,0.89178,0.89186,1.00,1.55
2014.02.14 07:57:32.518,0.89178,0.89186,1.00,1.18
2014.02.14 07:57:33.132,0.89178,0.89187,1.08,1.18
2014.02.14 07:57:33.706,0.89178,0.89187,5.03,1.10
2014.02.14 07:57:37.919,0.89178,0.89187,1.20,1.18
2014.02.14 07:57:38.664,0.89178,0.89187,1.28,1.10
2014.02.14 07:57:38.988,0.89182,0.89189,1.00,2.33
2014.02.14 07:57:39.446,0.89179,0.89189,2.33,1.15
2014.02.14 07:57:39.965,0.8918,0.8919,1.10,1.15
2014.02.14 07:57:40.482,0.89178,0.89187,4.28,1.00
2014.02.14 07:57:47.767,0.89178,0.89188,5.40,1.10
2014.02.14 07:57:48.484,0.89178,0.89188,5.40,1.18
2014.02.14 07:57:48.687,0.89183,0.89189,1.00,1.18
2014.02.14 07:57:48.839,0.89183,0.89191,1.00,1.28
2014.02.14 07:57:50.552,0.89183,0.89193,1.00,1.58
2014.02.14 07:57:51.109,0.89183,0.89193,1.18,2.03
2014.02.14 07:57:51.637,0.89184,0.89193,1.00,1.28
2014.02.14 07:57:53.338,0.89184,0.89193,1.10,1.18
2014.02.14 07:57:54.415,0.89181,0.89191,8.70,1.00
2014.02.14 07:57:54.618,0.89181,0.89191,2.03,1.65
2014.02.14 07:57:54.823,0.89183,0.89191,1.18,1.00
2014.02.14 07:57:55.433,0.89183,0.89193,1.18,1.65
2014.02.14 07:57:56.415,0.89183,0.89193,1.10,1.65
2014.02.14 07:57:56.768,0.8918,0.89188,1.28,1.00
2014.02.14 07:57:57.282,0.8918,0.89188,1.10,1.10
2014.02.14 07:57:58.222,0.8918,0.89187,1.10,1.00
2014.02.14 07:58:01.460,0.89182,0.89187,1.00,1.00
2014.02.14 07:58:01.764,0.89186,0.89191,1.00,2.25
2014.02.14 07:58:02.119,0.89185,0.89195,1.18,1.65
2014.02.14 07:58:06.204,0.89185,0.89195,1.10,1.65
2014.02.14 07:58:06.587,0.89187,0.89195,1.00,1.65
2014.02.14 07:58:06.740,0.89185,0.89195,1.00,3.83
2014.02.14 07:58:07.307,0.89185,0.89195,1.10,1.65
2014.02.14 07:58:08.069,0.89185,0.89195,1.00,3.83
2014.02.14 07:58:13.680,0.89186,0.89195,1.00,3.83
2014.02.14 07:58:16.385,0.89187,0.89195,1.00,3.83
2014.02.14 07:58:16.922,0.89187,0.89195,1.00,1.65
2014.02.14 07:58:19.736,0.8919,0.89195,1.00,1.65
2014.02.14 07:58:20.293,0.8919,0.89197,1.00,1.15
2014.02.14 07:58:20.800,0.89187,0.89197,1.10,1.65
2014.02.14 07:58:21.053,0.89185,0.89195,1.48,1.65
2014.02.14 07:58:21.559,0.89185,0.89195,1.18,2.03
2014.02.14 07:58:22.064,0.89185,0.89193,1.10,1.10
2014.02.14 07:58:25.893,0.89187,0.89193,1.00,1.10
2014.02.14 07:58:31.605,0.89186,0.89193,1.10,1.00
2014.02.14 07:58:40.557,0.89186,0.89193,1.18,1.00
2014.02.14 07:58:40.609,0.89186,0.89195,1.18,1.10
2014.02.14 07:58:41.202,0.89186,0.89195,1.10,1.18
2014.02.14 07:58:42.081,0.89186,0.89195,1.18,1.10
2014.02.14 07:58:44.295,0.89186,0.89195,1.20,1.08
2014.02.14 07:58:44.843,0.89186,0.89195,1.18,1.10
2014.02.14 07:58:45.510,0.89186,0.89195,1.10,1.18
2014.02.14 07:58:46.025,0.89186,0.89195,1.18,1.10
2014.02.14 07:58:46.900,0.89186,0.89195,1.10,1.18
2014.02.14 07:58:47.912,0.89186,0.89195,1.18,1.10
2014.02.14 07:58:48.505,0.89186,0.89195,1.10,1.18
2014.02.14 07:58:49.042,0.89186,0.89195,1.18,1.10
2014.02.14 07:59:00.725,0.89187,0.89195,1.00,1.08
2014.02.14 07:59:00.979,0.89187,0.89193,1.00,1.18
2014.02.14 07:59:01.233,0.89185,0.89193,1.13,1.28
2014.02.14 07:59:01.587,0.89185,0.89192,1.13,1.15
2014.02.14 07:59:01.891,0.89181,0.89187,1.00,1.10
2014.02.14 07:59:02.144,0.89179,0.89187,1.50,1.65
2014.02.14 07:59:02.448,0.89182,0.89187,1.00,1.08
2014.02.14 07:59:02.822,0.89182,0.89187,1.00,1.00
2014.02.14 07:59:04.004,0.89182,0.89189,1.00,1.18
2014.02.14 07:59:05.954,0.8918,0.89189,1.58,1.18
2014.02.14 07:59:06.460,0.89181,0.89189,1.00,1.18
2014.02.14 07:59:06.613,0.89178,0.89187,1.28,1.58
2014.02.14 07:59:07.118,0.89177,0.89187,2.78,1.65
2014.02.14 07:59:10.099,0.89177,0.89187,1.18,2.40
2014.02.14 07:59:10.828,0.89177,0.89187,1.18,6.15
2014.02.14 07:59:20.453,0.89176,0.89186,2.03,1.48
2014.02.14 07:59:20.555,0.89176,0.89184,1.10,1.10
2014.02.14 07:59:20.606,0.89173,0.89181,4.20,1.00
2014.02.14 07:59:21.111,0.89173,0.89181,1.95,1.10
2014.02.14 07:59:21.456,0.89173,0.89181,1.95,1.10
2014.02.14 07:59:21.608,0.89175,0.89181,1.00,1.10
2014.02.14 07:59:23.878,0.89175,0.89183,1.10,1.10
2014.02.14 07:59:30.133,0.89175,0.89183,1.00,1.28
2014.02.14 07:59:30.234,0.89175,0.89183,1.00,3.45
2014.02.14 07:59:30.387,0.89172,0.89181,1.00,3.83
2014.02.14 07:59:30.488,0.8917,0.89179,1.88,3.08
2014.02.14 07:59:30.792,0.8917,0.89177,1.50,2.33
2014.02.14 07:59:31.297,0.8917,0.89177,1.00,2.33
2014.02.14 07:59:31.845,0.89169,0.89177,1.50,2.33
2014.02.14 07:59:32.272,0.89166,0.89172,4.50,1.10
2014.02.14 07:59:32.577,0.89162,0.89166,1.13,2.18
2014.02.14 07:59:33.129,0.89159,0.89166,1.38,2.18
2014.02.14 07:59:33.534,0.89161,0.89166,1.00,2.18
2014.02.14 07:59:34.164,0.89159,0.89166,1.00,2.33
2014.02.14 07:59:34.719,0.8916,0.89166,1.00,2.33
2014.02.14 07:59:35.230,0.89158,0.89166,1.50,2.33
2014.02.14 07:59:35.484,0.89154,0.8916,1.00,1.18
2014.02.14 07:59:35.586,0.89151,0.89158,1.00,2.33
2014.02.14 07:59:35.638,0.8915,0.89158,1.88,2.33
2014.02.14 07:59:36.043,0.89148,0.89157,1.88,1.15
2014.02.14 07:59:36.550,0.89148,0.89156,1.00,2.33
2014.02.14 07:59:37.058,0.89151,0.89157,1.00,2.33
2014.02.14 07:59:37.466,0.89146,0.89153,1.00,2.33
2014.02.14 07:59:37.517,0.89146,0.89153,1.00,3.08
2014.02.14 07:59:37.568,0.89143,0.8915,1.00,1.65
2014.02.14 07:59:37.873,0.89138,0.89143,1.50,1.00
2014.02.14 07:59:38.178,0.89134,0.8914,1.45,1.10
2014.02.14 07:59:38.279,0.89135,0.8914,1.00,1.10
2014.02.14 07:59:38.331,0.89131,0.89139,4.50,2.33
2014.02.14 07:59:38.534,0.89133,0.89138,1.38,1.00
2014.02.14 07:59:38.585,0.89136,0.89142,1.36,1.08
2014.02.14 07:59:39.193,0.89134,0.8914,1.38,1.08
2014.02.14 07:59:39.295,0.89136,0.89144,1.74,1.10
2014.02.14 07:59:39.599,0.89136,0.89142,1.74,2.18
2014.02.14 07:59:39.751,0.89134,0.8914,1.11,1.18
2014.02.14 07:59:40.271,0.89136,0.89142,1.74,2.93
2014.02.14 07:59:40.777,0.89136,0.89143,1.00,2.33
2014.02.14 07:59:41.128,0.89136,0.89143,1.74,2.25
2014.02.14 07:59:41.431,0.89138,0.89145,1.74,2.33
2014.02.14 07:59:41.482,0.89136,0.89145,1.74,3.08
2014.02.14 07:59:41.989,0.89138,0.89144,1.74,2.25
2014.02.14 07:59:42.141,0.89139,0.89145,1.81,1.00
2014.02.14 07:59:42.399,0.89139,0.89145,1.89,1.00
2014.02.14 07:59:42.653,0.89143,0.89148,1.00,2.33
2014.02.14 07:59:43.159,0.89143,0.89148,1.00,1.58
2014.02.14 07:59:45.884,0.89143,0.89148,1.00,3.68
2014.02.14 07:59:46.403,0.8914,0.89148,1.74,1.65
2014.02.14 07:59:46.946,0.89143,0.89148,1.00,1.65
2014.02.14 07:59:47.465,0.89143,0.89148,1.00,1.50
2014.02.14 07:59:47.998,0.89145,0.89149,1.00,1.10
2014.02.14 07:59:48.863,0.89141,0.89148,1.00,3.75
2014.02.14 07:59:49.167,0.89136,0.89145,1.88,3.08
2014.02.14 07:59:49.533,0.89137,0.89145,1.13,3.08
2014.02.14 07:59:50.147,0.89141,0.89145,1.00,1.20
2014.02.14 07:59:53.084,0.89134,0.89142,1.90,1.00
2014.02.14 07:59:53.597,0.89136,0.89142,1.75,1.10
2014.02.14 07:59:54.062,0.89137,0.89145,1.75,1.18
2014.02.14 07:59:54.715,0.89138,0.89145,1.75,1.10
2014.02.14 07:59:54.917,0.89139,0.89145,1.28,1.00
2014.02.14 07:59:54.968,0.89136,0.89141,2.93,1.00
2014.02.14 07:59:55.272,0.89139,0.89145,1.38,1.00
2014.02.14 07:59:55.779,0.89139,0.89145,1.15,1.00
2014.02.14 07:59:57.035,0.89138,0.89144,3.08,1.00
2014.02.14 07:59:57.188,0.89138,0.89142,1.00,1.10
2014.02.14 07:59:57.693,0.89139,0.89144,1.00,1.15
2014.02.14 07:59:58.585,0.89139,0.89145,1.00,1.18
2014.02.14 07:59:59.093,0.89137,0.89144,1.00,2.33
