2010.10.27 06:00:01.632,0.98599,0.98611,1.80,1.10
2010.10.27 06:00:03.696,0.98599,0.98612,1.80,1.10
2010.10.27 06:00:05.703,0.98598,0.98607,1.80,1.10
2010.10.27 06:00:08.061,0.98594,0.98608,2.50,1.10
2010.10.27 06:00:10.134,0.98592,0.98607,2.50,1.10
2010.10.27 06:00:10.939,0.98589,0.98597,1.50,1.10
2010.10.27 06:00:13.045,0.98579,0.98597,3.00,1.50
2010.10.27 06:00:15.405,0.98577,0.98597,2.30,1.10
2010.10.27 06:00:17.558,0.98582,0.98601,3.00,1.50
2010.10.27 06:00:19.614,0.98583,0.98603,1.20,3.00
2010.10.27 06:00:21.720,0.98581,0.98602,2.70,1.50
2010.10.27 06:00:23.852,0.98585,0.98605,1.90,2.30
2010.10.27 06:00:25.884,0.98585,0.98604,3.80,1.10
2010.10.27 06:00:28.154,0.9859,0.98608,1.50,1.50
2010.10.27 06:00:30.252,0.98591,0.98607,1.50,1.50
2010.10.27 06:00:32.320,0.98596,0.98607,4.50,1.50
2010.10.27 06:00:34.349,0.98595,0.98609,1.50,1.50
2010.10.27 06:00:36.463,0.98595,0.98611,1.50,1.50
2010.10.27 06:00:38.556,0.98595,0.98611,1.50,3.00
2010.10.27 06:00:40.687,0.98595,0.9861,1.50,1.50
2010.10.27 06:00:42.774,0.98595,0.9861,1.50,1.50
2010.10.27 06:00:44.885,0.98595,0.9861,1.50,1.50
2010.10.27 06:00:46.920,0.98595,0.9861,1.50,1.50
2010.10.27 06:00:48.966,0.98594,0.98608,1.50,1.50
2010.10.27 06:00:50.970,0.98593,0.98608,1.50,1.50
2010.10.27 06:00:53.003,0.98593,0.9861,2.30,1.80
2010.10.27 06:00:55.322,0.98594,0.9861,2.30,1.80
2010.10.27 06:00:57.382,0.98594,0.9861,2.30,1.80
2010.10.27 06:00:59.529,0.98593,0.9861,1.50,1.80
2010.10.27 06:01:01.853,0.98593,0.9861,3.00,1.80
2010.10.27 06:01:03.045,0.98594,0.98614,2.30,1.80
2010.10.27 06:01:04.204,0.98605,0.98619,2.30,2.30
2010.10.27 06:01:06.282,0.98611,0.98628,1.50,1.50
2010.10.27 06:01:08.392,0.98613,0.98631,1.50,1.50
2010.10.27 06:01:10.486,0.9862,0.98636,1.50,1.50
2010.10.27 06:01:12.574,0.98618,0.98636,2.30,1.50
2010.10.27 06:01:14.592,0.98618,0.98636,2.30,1.50
2010.10.27 06:01:16.644,0.98618,0.98636,2.30,3.80
2010.10.27 06:01:18.732,0.98616,0.98634,1.50,4.50
2010.10.27 06:01:20.968,0.98616,0.98632,1.50,2.30
2010.10.27 06:01:23.003,0.98613,0.98632,3.00,3.00
2010.10.27 06:01:25.063,0.98613,0.98632,3.00,3.00
2010.10.27 06:01:27.121,0.98613,0.98629,1.50,1.50
2010.10.27 06:01:29.299,0.98608,0.98626,3.00,2.30
2010.10.27 06:01:31.363,0.98609,0.98625,2.30,1.50
2010.10.27 06:01:33.582,0.98611,0.98625,1.50,1.50
2010.10.27 06:01:35.612,0.98608,0.98623,2.30,1.50
2010.10.27 06:01:37.666,0.98608,0.98623,1.50,2.30
2010.10.27 06:01:39.736,0.9861,0.98624,1.50,1.50
2010.10.27 06:01:41.912,0.9861,0.98623,1.50,1.50
2010.10.27 06:01:43.932,0.98604,0.98621,3.00,1.50
2010.10.27 06:01:46.313,0.98606,0.98621,2.30,1.50
2010.10.27 06:01:48.106,0.98605,0.98618,1.50,1.50
2010.10.27 06:01:50.485,0.98602,0.98617,2.30,1.50
2010.10.27 06:01:52.573,0.98603,0.98617,1.50,1.50
2010.10.27 06:01:54.610,0.98603,0.98617,2.60,1.50
2010.10.27 06:01:56.751,0.98604,0.98617,1.50,1.50
2010.10.27 06:01:58.797,0.98604,0.98617,1.50,1.50
2010.10.27 06:02:00.853,0.98604,0.98617,1.50,1.50
2010.10.27 06:02:03.112,0.98604,0.98617,1.50,1.50
2010.10.27 06:02:05.198,0.98604,0.98617,1.80,1.50
2010.10.27 06:02:07.282,0.98604,0.98617,1.80,1.50
2010.10.27 06:02:09.304,0.98604,0.98617,1.80,1.50
2010.10.27 06:02:11.363,0.98605,0.98619,1.50,2.30
2010.10.27 06:02:13.371,0.98605,0.98619,1.50,2.30
2010.10.27 06:02:15.502,0.98605,0.98619,1.50,2.30
2010.10.27 06:02:17.800,0.98605,0.9862,1.50,2.30
2010.10.27 06:02:19.841,0.98604,0.98619,1.50,2.30
2010.10.27 06:02:21.851,0.98604,0.98619,1.50,2.30
2010.10.27 06:02:23.929,0.98604,0.98618,1.50,1.50
2010.10.27 06:02:26.015,0.98603,0.98618,1.50,1.50
2010.10.27 06:02:28.046,0.98607,0.9862,2.60,1.50
2010.10.27 06:02:30.158,0.98615,0.98628,1.50,1.50
2010.10.27 06:02:32.188,0.98614,0.98631,3.00,1.50
2010.10.27 06:02:34.285,0.98617,0.98631,1.50,1.50
2010.10.27 06:02:36.394,0.98617,0.98631,1.50,1.50
2010.10.27 06:02:38.636,0.98614,0.98628,1.80,1.50
2010.10.27 06:02:40.696,0.98614,0.98628,1.80,1.50
2010.10.27 06:02:42.763,0.98614,0.98628,1.80,1.50
2010.10.27 06:02:44.825,0.98614,0.98628,1.80,2.30
2010.10.27 06:02:47.003,0.98614,0.98628,1.80,2.30
2010.10.27 06:02:49.263,0.98614,0.98628,1.80,2.30
2010.10.27 06:02:51.423,0.98614,0.98628,1.80,2.30
2010.10.27 06:02:53.789,0.98615,0.98628,1.50,2.30
2010.10.27 06:02:56.436,0.98615,0.98631,1.50,1.50
2010.10.27 06:02:58.171,0.98614,0.98629,1.80,1.50
2010.10.27 06:03:00.231,0.98612,0.98627,2.30,1.50
2010.10.27 06:03:02.587,0.98614,0.98628,1.50,2.30
2010.10.27 06:03:04.656,0.98614,0.98628,1.50,2.30
2010.10.27 06:03:06.845,0.98613,0.98627,1.50,4.50
2010.10.27 06:03:08.972,0.98613,0.98627,2.30,3.80
2010.10.27 06:03:10.971,0.98614,0.98628,1.50,2.30
2010.10.27 06:03:13.077,0.98614,0.98627,1.50,1.50
2010.10.27 06:03:15.151,0.98612,0.98624,2.30,1.50
2010.10.27 06:03:17.181,0.98612,0.98624,2.30,1.50
2010.10.27 06:03:19.351,0.98611,0.98624,2.30,1.50
2010.10.27 06:03:21.461,0.9861,0.98624,2.30,1.50
2010.10.27 06:03:23.551,0.9861,0.98624,2.30,1.50
2010.10.27 06:03:25.644,0.9861,0.98624,2.30,1.50
2010.10.27 06:03:27.646,0.98608,0.98624,4.10,1.50
2010.10.27 06:03:29.714,0.9861,0.98624,1.10,1.50
2010.10.27 06:03:32.073,0.9861,0.98624,1.10,1.50
2010.10.27 06:03:34.179,0.9861,0.98624,1.10,1.50
2010.10.27 06:03:36.385,0.98612,0.98622,1.10,1.50
2010.10.27 06:03:37.797,0.98606,0.98619,3.00,1.10
2010.10.27 06:03:39.893,0.98597,0.98613,1.50,1.50
2010.10.27 06:03:42.078,0.98597,0.98612,1.50,1.50
2010.10.27 06:03:44.322,0.98597,0.98612,1.50,1.50
2010.10.27 06:03:46.476,0.98597,0.98613,2.30,1.90
2010.10.27 06:03:48.564,0.98596,0.98612,2.30,1.50
2010.10.27 06:03:50.656,0.98596,0.98612,2.30,1.50
2010.10.27 06:03:52.722,0.98592,0.98608,2.30,1.50
2010.10.27 06:03:54.832,0.98595,0.9861,2.30,1.10
2010.10.27 06:03:56.988,0.98593,0.98608,3.00,2.30
2010.10.27 06:03:59.092,0.98595,0.9861,1.50,1.10
2010.10.27 06:04:01.213,0.98595,0.98611,3.00,1.10
2010.10.27 06:04:03.266,0.98595,0.98608,1.50,1.10
2010.10.27 06:04:05.444,0.98595,0.98608,1.50,1.10
2010.10.27 06:04:07.503,0.98595,0.98609,3.00,1.10
2010.10.27 06:04:09.574,0.98594,0.98609,1.50,1.10
2010.10.27 06:04:11.810,0.98594,0.98609,1.50,1.10
2010.10.27 06:04:13.811,0.98594,0.98609,3.00,1.10
2010.10.27 06:04:16.197,0.98594,0.98608,3.00,1.10
2010.10.27 06:04:18.203,0.98595,0.98609,2.30,1.10
2010.10.27 06:04:20.266,0.98596,0.98608,3.00,1.10
2010.10.27 06:04:22.301,0.98599,0.9861,1.50,1.80
2010.10.27 06:04:24.333,0.98597,0.98615,2.30,2.30
2010.10.27 06:04:26.394,0.98602,0.98615,2.30,1.50
2010.10.27 06:04:28.452,0.98602,0.98615,2.30,1.50
2010.10.27 06:04:30.427,0.986,0.98611,1.50,1.10
2010.10.27 06:04:32.514,0.986,0.98613,1.50,2.60
2010.10.27 06:04:34.542,0.98598,0.98613,2.10,1.80
2010.10.27 06:04:36.603,0.98599,0.98613,2.30,1.80
2010.10.27 06:04:38.692,0.98599,0.98613,1.50,1.80
2010.10.27 06:04:40.926,0.98599,0.98611,1.40,1.50
2010.10.27 06:04:43.113,0.98599,0.98611,1.40,1.50
2010.10.27 06:04:45.467,0.98599,0.98611,2.30,1.50
2010.10.27 06:04:47.454,0.98607,0.98621,1.50,2.30
2010.10.27 06:04:47.693,0.98613,0.98621,2.30,1.50
2010.10.27 06:04:48.064,0.98613,0.98631,2.30,1.50
2010.10.27 06:04:50.075,0.98616,0.98633,2.30,1.50
2010.10.27 06:04:52.162,0.98616,0.9863,1.50,2.30
2010.10.27 06:04:52.843,0.98614,0.98632,1.80,1.50
2010.10.27 06:04:54.911,0.98615,0.9863,1.50,2.60
2010.10.27 06:04:57.325,0.98615,0.9863,1.50,2.60
2010.10.27 06:04:59.540,0.98616,0.9863,1.50,1.80
2010.10.27 06:05:01.616,0.98616,0.9863,1.50,1.10
2010.10.27 06:05:03.758,0.98616,0.9863,1.50,1.10
2010.10.27 06:05:05.872,0.98616,0.9863,1.50,1.10
2010.10.27 06:05:07.882,0.98616,0.9863,1.50,1.10
2010.10.27 06:05:10.123,0.98616,0.9863,1.50,1.10
2010.10.27 06:05:12.387,0.98616,0.9863,1.50,1.10
2010.10.27 06:05:14.653,0.98616,0.9863,1.50,1.10
2010.10.27 06:05:16.781,0.98616,0.98631,1.50,2.30
2010.10.27 06:05:18.891,0.98618,0.98633,3.00,3.80
2010.10.27 06:05:21.036,0.98622,0.98638,1.50,2.30
2010.10.27 06:05:23.034,0.9862,0.98637,1.50,2.30
2010.10.27 06:05:25.102,0.98622,0.98638,2.30,2.30
2010.10.27 06:05:27.510,0.98623,0.98635,1.50,1.50
2010.10.27 06:05:29.541,0.98632,0.98644,2.30,1.50
2010.10.27 06:05:31.642,0.98632,0.98646,2.30,1.50
2010.10.27 06:05:33.723,0.98632,0.98646,2.30,1.50
2010.10.27 06:05:35.792,0.98633,0.98646,1.50,1.50
2010.10.27 06:05:37.805,0.98633,0.98646,1.50,1.50
2010.10.27 06:05:39.900,0.98633,0.98646,1.50,1.50
2010.10.27 06:05:42.143,0.98636,0.98651,2.30,1.50
2010.10.27 06:05:44.178,0.98638,0.98655,1.50,1.50
2010.10.27 06:05:46.232,0.98638,0.98656,1.50,2.30
2010.10.27 06:05:48.292,0.98641,0.98656,1.40,2.30
2010.10.27 06:05:50.313,0.9864,0.98656,2.10,2.30
2010.10.27 06:05:52.351,0.9864,0.98656,2.10,3.00
2010.10.27 06:05:54.430,0.98645,0.9866,1.50,1.50
2010.10.27 06:05:56.788,0.98648,0.98665,3.40,1.50
2010.10.27 06:05:58.834,0.98651,0.98667,2.30,2.30
2010.10.27 06:06:00.833,0.9865,0.98665,1.60,1.50
2010.10.27 06:06:00.959,0.98647,0.98662,2.30,1.50
2010.10.27 06:06:03.033,0.98646,0.98662,1.50,2.30
2010.10.27 06:06:05.365,0.98646,0.98662,1.50,2.30
2010.10.27 06:06:07.356,0.98646,0.98662,1.50,2.30
2010.10.27 06:06:09.366,0.98638,0.98654,1.50,1.50
2010.10.27 06:06:11.442,0.98634,0.98649,1.50,1.50
2010.10.27 06:06:13.580,0.98633,0.98649,1.50,1.50
2010.10.27 06:06:15.594,0.98633,0.98649,1.50,1.50
2010.10.27 06:06:17.822,0.98633,0.98649,1.50,1.50
2010.10.27 06:06:19.853,0.98633,0.98649,1.50,1.50
2010.10.27 06:06:21.877,0.98633,0.98649,3.00,1.50
2010.10.27 06:06:23.964,0.98639,0.98654,2.30,1.50
2010.10.27 06:06:25.982,0.98637,0.98653,1.50,1.50
2010.10.27 06:06:26.316,0.98636,0.98647,2.30,1.10
2010.10.27 06:06:26.722,0.98629,0.98642,3.80,1.80
2010.10.27 06:06:28.565,0.98625,0.98642,3.00,2.30
2010.10.27 06:06:30.670,0.98622,0.98639,3.00,1.50
2010.10.27 06:06:32.713,0.98619,0.98637,3.10,1.80
2010.10.27 06:06:34.740,0.98619,0.98637,3.00,1.80
2010.10.27 06:06:36.832,0.98626,0.98639,2.30,1.50
2010.10.27 06:06:38.901,0.98629,0.9864,1.10,1.50
2010.10.27 06:06:41.012,0.98629,0.98643,1.10,1.50
2010.10.27 06:06:43.043,0.98629,0.98643,1.10,1.50
2010.10.27 06:06:45.325,0.98629,0.98643,1.10,1.50
2010.10.27 06:06:47.403,0.98629,0.98643,1.10,1.50
2010.10.27 06:06:49.452,0.98622,0.98639,1.60,1.50
2010.10.27 06:06:51.552,0.98622,0.98639,1.60,1.50
2010.10.27 06:06:53.581,0.98622,0.98639,1.50,1.50
2010.10.27 06:06:55.833,0.98622,0.98639,1.50,1.50
2010.10.27 06:06:58.129,0.98617,0.98632,1.50,2.30
2010.10.27 06:07:00.200,0.98617,0.98632,1.50,2.30
2010.10.27 06:07:02.306,0.98621,0.98638,3.00,1.50
2010.10.27 06:07:04.308,0.98621,0.98638,3.00,1.50
2010.10.27 06:07:06.522,0.98621,0.98638,3.00,1.50
2010.10.27 06:07:08.579,0.98621,0.98638,3.00,1.50
2010.10.27 06:07:10.753,0.98621,0.98638,3.00,1.50
2010.10.27 06:07:12.753,0.98622,0.98638,2.30,1.50
2010.10.27 06:07:14.821,0.98622,0.98639,2.30,1.50
2010.10.27 06:07:17.026,0.98622,0.98639,2.30,1.50
2010.10.27 06:07:19.124,0.98623,0.98639,1.50,1.50
2010.10.27 06:07:21.126,0.98623,0.98639,1.50,1.50
2010.10.27 06:07:23.203,0.98624,0.9864,2.30,2.30
2010.10.27 06:07:25.207,0.98625,0.98641,3.00,3.30
2010.10.27 06:07:27.357,0.98626,0.98641,2.30,3.30
2010.10.27 06:07:29.373,0.98627,0.98641,1.50,3.30
2010.10.27 06:07:31.409,0.98625,0.98641,1.50,1.10
2010.10.27 06:07:33.530,0.98627,0.98641,1.50,3.30
2010.10.27 06:07:35.593,0.98624,0.98641,2.30,3.30
2010.10.27 06:07:37.615,0.98628,0.98642,2.30,2.60
2010.10.27 06:07:39.708,0.98625,0.98641,1.50,1.50
2010.10.27 06:07:41.803,0.98628,0.98645,2.30,3.00
2010.10.27 06:07:43.871,0.98628,0.98645,3.80,2.30
2010.10.27 06:07:46.160,0.98629,0.98645,1.50,2.30
2010.10.27 06:07:48.179,0.98628,0.98645,2.30,2.30
2010.10.27 06:07:50.181,0.98628,0.98645,2.30,2.30
2010.10.27 06:07:52.262,0.98628,0.98645,2.30,2.30
2010.10.27 06:07:54.353,0.98628,0.98645,2.30,2.30
2010.10.27 06:07:56.454,0.9863,0.98645,1.50,1.50
2010.10.27 06:07:58.551,0.98638,0.98648,1.50,1.50
2010.10.27 06:07:59.768,0.98638,0.98657,1.50,1.50
2010.10.27 06:08:01.850,0.9865,0.98665,1.50,2.30
2010.10.27 06:08:03.942,0.98654,0.98667,1.50,2.30
2010.10.27 06:08:06.197,0.98654,0.98671,1.50,3.00
2010.10.27 06:08:06.360,0.98661,0.98677,2.30,1.50
2010.10.27 06:08:08.330,0.98666,0.98683,1.50,1.50
2010.10.27 06:08:10.344,0.98666,0.98683,1.50,1.50
2010.10.27 06:08:12.506,0.98666,0.98683,1.50,3.00
2010.10.27 06:08:14.543,0.9866,0.98676,2.30,1.30
2010.10.27 06:08:16.564,0.98659,0.98676,1.50,1.30
2010.10.27 06:08:18.666,0.98657,0.98674,1.50,2.30
2010.10.27 06:08:20.713,0.9866,0.98677,1.50,1.50
2010.10.27 06:08:21.156,0.9866,0.9867,1.50,3.00
2010.10.27 06:08:22.175,0.9866,0.98678,1.50,1.50
2010.10.27 06:08:24.319,0.98667,0.98684,1.50,2.30
2010.10.27 06:08:26.362,0.98668,0.98685,1.50,3.00
2010.10.27 06:08:27.448,0.98667,0.98686,1.50,3.00
2010.10.27 06:08:29.526,0.98669,0.98686,1.50,3.00
2010.10.27 06:08:31.574,0.98669,0.98686,1.50,1.50
2010.10.27 06:08:33.433,0.98668,0.98686,2.30,3.20
2010.10.27 06:08:35.463,0.98665,0.98682,3.00,2.40
2010.10.27 06:08:37.466,0.98658,0.98674,3.00,2.30
2010.10.27 06:08:39.507,0.98658,0.98673,2.30,2.30
2010.10.27 06:08:41.718,0.9865,0.98667,2.30,1.50
2010.10.27 06:08:41.840,0.98647,0.98664,2.30,2.30
2010.10.27 06:08:44.084,0.98644,0.98661,2.30,3.00
2010.10.27 06:08:46.364,0.9864,0.98656,3.00,1.50
2010.10.27 06:08:48.427,0.98642,0.98658,1.50,1.50
2010.10.27 06:08:50.525,0.98639,0.98654,1.50,1.50
2010.10.27 06:08:52.562,0.9864,0.98655,1.50,1.50
2010.10.27 06:08:54.640,0.98643,0.98659,2.30,1.50
2010.10.27 06:08:56.744,0.98643,0.9866,2.30,3.00
2010.10.27 06:08:58.851,0.98643,0.98661,2.30,1.80
2010.10.27 06:09:01.275,0.98645,0.98662,1.50,2.30
2010.10.27 06:09:03.533,0.98645,0.98661,1.50,1.50
2010.10.27 06:09:05.569,0.98647,0.98662,1.50,1.50
2010.10.27 06:09:07.707,0.98646,0.9866,1.50,1.50
2010.10.27 06:09:09.704,0.98644,0.9866,1.50,3.00
2010.10.27 06:09:12.064,0.98644,0.9866,1.50,3.00
2010.10.27 06:09:14.149,0.98644,0.98659,1.50,2.30
2010.10.27 06:09:16.177,0.98644,0.98659,1.50,2.30
2010.10.27 06:09:18.228,0.98643,0.98656,1.50,1.80
2010.10.27 06:09:20.264,0.98642,0.98657,2.30,2.60
2010.10.27 06:09:22.365,0.98642,0.98656,1.50,1.50
2010.10.27 06:09:24.404,0.98642,0.98655,1.50,1.50
2010.10.27 06:09:26.740,0.98642,0.98658,1.50,3.00
2010.10.27 06:09:28.761,0.98644,0.98661,1.50,1.50
2010.10.27 06:09:30.837,0.98647,0.98664,1.50,1.80
2010.10.27 06:09:32.869,0.98652,0.98666,1.50,1.10
2010.10.27 06:09:34.967,0.98652,0.98664,1.50,1.10
2010.10.27 06:09:37.275,0.98648,0.98664,1.50,1.10
2010.10.27 06:09:39.393,0.98652,0.98671,1.50,4.50
2010.10.27 06:09:41.046,0.98656,0.98673,1.50,2.30
2010.10.27 06:09:41.580,0.98656,0.98673,1.50,2.60
2010.10.27 06:09:43.621,0.98656,0.98674,1.50,1.10
2010.10.27 06:09:45.706,0.98656,0.98674,1.50,1.10
2010.10.27 06:09:47.737,0.98657,0.98674,1.50,2.60
2010.10.27 06:09:49.825,0.98653,0.98671,3.00,1.50
2010.10.27 06:09:51.896,0.98653,0.9867,2.30,1.50
2010.10.27 06:09:53.991,0.98653,0.98669,2.30,2.30
2010.10.27 06:09:55.298,0.98648,0.98661,1.50,3.00
2010.10.27 06:09:57.334,0.9865,0.98667,1.50,2.60
2010.10.27 06:09:59.413,0.98645,0.98663,1.50,1.50
2010.10.27 06:10:01.474,0.98643,0.98662,3.80,3.00
2010.10.27 06:10:03.578,0.98643,0.98663,3.80,2.30
2010.10.27 06:10:05.644,0.98647,0.98662,1.50,2.30
2010.10.27 06:10:07.651,0.98646,0.98661,1.50,1.60
2010.10.27 06:10:09.776,0.98646,0.98661,1.50,1.60
2010.10.27 06:10:11.878,0.98647,0.98661,1.50,1.50
2010.10.27 06:10:13.976,0.98647,0.98661,1.50,1.50
2010.10.27 06:10:16.112,0.98647,0.98661,1.50,1.50
2010.10.27 06:10:18.443,0.98646,0.98661,1.50,1.50
2010.10.27 06:10:20.512,0.98647,0.9866,1.50,1.50
2010.10.27 06:10:22.593,0.98647,0.9866,1.50,1.50
2010.10.27 06:10:24.606,0.98647,0.9866,1.50,1.50
2010.10.27 06:10:26.929,0.98646,0.9866,1.50,1.50
2010.10.27 06:10:29.004,0.98646,0.9866,1.50,1.50
2010.10.27 06:10:31.009,0.98646,0.98662,1.50,2.30
2010.10.27 06:10:33.004,0.98651,0.98669,1.50,2.30
2010.10.27 06:10:35.106,0.98656,0.98671,2.30,1.50
2010.10.27 06:10:37.111,0.98657,0.98672,1.50,1.50
2010.10.27 06:10:39.355,0.98656,0.98672,1.50,2.30
2010.10.27 06:10:41.584,0.98656,0.98669,1.50,1.50
2010.10.27 06:10:43.671,0.98653,0.98669,3.80,1.50
2010.10.27 06:10:45.901,0.98653,0.98664,1.50,1.50
2010.10.27 06:10:47.974,0.98643,0.98658,1.50,1.50
2010.10.27 06:10:50.074,0.98642,0.98657,1.50,1.50
2010.10.27 06:10:52.093,0.9864,0.98657,1.50,2.30
2010.10.27 06:10:54.095,0.98639,0.98655,3.80,1.50
2010.10.27 06:10:56.224,0.98632,0.98647,1.50,1.50
2010.10.27 06:10:58.334,0.98626,0.9864,2.30,1.50
2010.10.27 06:11:00.457,0.98625,0.9864,3.00,1.50
2010.10.27 06:11:02.578,0.98625,0.98639,3.00,1.50
2010.10.27 06:11:04.988,0.98625,0.9864,3.00,1.50
2010.10.27 06:11:07.083,0.98625,0.9864,3.00,1.50
2010.10.27 06:11:09.104,0.98622,0.98638,3.00,1.50
2010.10.27 06:11:11.172,0.98621,0.98635,1.50,1.50
2010.10.27 06:11:13.223,0.9862,0.98636,1.50,1.50
2010.10.27 06:11:15.403,0.9862,0.98636,1.50,1.50
2010.10.27 06:11:16.095,0.98628,0.98643,3.00,2.30
2010.10.27 06:11:18.103,0.98629,0.98647,1.50,3.00
2010.10.27 06:11:18.223,0.98629,0.98646,1.50,1.10
2010.10.27 06:11:20.275,0.98622,0.98638,1.50,2.30
2010.10.27 06:11:22.332,0.98626,0.98642,1.50,2.30
2010.10.27 06:11:24.351,0.98626,0.98643,1.50,2.30
2010.10.27 06:11:24.979,0.98629,0.98644,1.20,1.50
2010.10.27 06:11:27.079,0.98632,0.98648,1.50,1.50
2010.10.27 06:11:29.096,0.98635,0.9865,1.80,1.50
2010.10.27 06:11:31.132,0.98637,0.98652,1.50,1.50
2010.10.27 06:11:33.195,0.98638,0.98653,2.30,1.50
2010.10.27 06:11:35.309,0.98638,0.98654,2.30,1.50
2010.10.27 06:11:37.384,0.98642,0.98658,1.50,3.80
2010.10.27 06:11:39.492,0.98642,0.98658,1.50,3.80
2010.10.27 06:11:41.504,0.98645,0.98661,3.00,3.00
2010.10.27 06:11:43.534,0.98643,0.98659,1.50,1.50
2010.10.27 06:11:45.612,0.98643,0.98661,1.50,2.30
2010.10.27 06:11:47.768,0.98641,0.98659,1.50,2.30
2010.10.27 06:11:49.869,0.98638,0.98655,1.50,2.30
2010.10.27 06:11:51.944,0.98638,0.98655,1.50,2.30
2010.10.27 06:11:53.954,0.98641,0.98658,1.50,3.00
2010.10.27 06:11:55.990,0.98641,0.98658,1.50,3.00
2010.10.27 06:11:58.332,0.98641,0.98658,1.50,3.00
2010.10.27 06:12:00.374,0.98642,0.98659,2.30,2.30
2010.10.27 06:12:02.424,0.98642,0.9866,2.30,3.30
2010.10.27 06:12:04.433,0.98643,0.9866,1.50,1.50
2010.10.27 06:12:06.544,0.98643,0.98662,1.50,2.30
2010.10.27 06:12:08.614,0.98641,0.98658,1.50,3.80
2010.10.27 06:12:10.783,0.9864,0.98658,1.50,2.30
2010.10.27 06:12:12.833,0.98643,0.98662,3.00,3.30
2010.10.27 06:12:14.892,0.98645,0.98662,1.50,1.10
2010.10.27 06:12:15.390,0.98652,0.98667,2.30,4.10
2010.10.27 06:12:17.694,0.98652,0.9867,3.80,1.50
2010.10.27 06:12:19.914,0.98652,0.9867,4.50,1.50
2010.10.27 06:12:22.156,0.98652,0.9867,4.50,1.50
2010.10.27 06:12:24.155,0.9865,0.98667,2.30,2.60
2010.10.27 06:12:26.224,0.9865,0.98665,1.50,3.00
2010.10.27 06:12:28.258,0.9865,0.98665,1.50,3.00
2010.10.27 06:12:30.339,0.98646,0.98665,3.80,1.50
2010.10.27 06:12:32.384,0.98646,0.98665,3.80,1.50
2010.10.27 06:12:34.593,0.98646,0.98665,3.80,1.50
2010.10.27 06:12:36.905,0.98646,0.98665,2.30,1.50
2010.10.27 06:12:38.967,0.98646,0.98665,2.30,3.00
2010.10.27 06:12:41.045,0.9865,0.98666,2.30,1.50
2010.10.27 06:12:43.175,0.9865,0.98666,2.30,1.50
2010.10.27 06:12:45.378,0.98654,0.98671,1.50,4.50
2010.10.27 06:12:47.449,0.98654,0.98671,1.50,4.50
2010.10.27 06:12:49.464,0.98655,0.98673,1.50,3.80
2010.10.27 06:12:51.504,0.98652,0.98666,1.50,1.50
2010.10.27 06:12:53.516,0.98652,0.98666,1.50,3.00
2010.10.27 06:12:55.533,0.98649,0.98668,3.00,1.50
2010.10.27 06:12:57.797,0.9865,0.98668,1.50,1.50
2010.10.27 06:12:59.890,0.9865,0.98668,1.50,1.50
2010.10.27 06:13:01.954,0.9865,0.98668,2.30,1.50
2010.10.27 06:13:03.178,0.98649,0.98658,1.50,2.30
2010.10.27 06:13:05.184,0.98647,0.98665,1.50,3.00
2010.10.27 06:13:07.371,0.98651,0.98665,3.00,2.30
2010.10.27 06:13:09.380,0.98654,0.98671,1.50,3.30
2010.10.27 06:13:11.414,0.98657,0.98671,1.50,3.00
2010.10.27 06:13:12.033,0.9866,0.98678,1.50,1.50
2010.10.27 06:13:14.189,0.98666,0.98685,4.50,2.30
2010.10.27 06:13:16.267,0.98668,0.98684,1.50,1.50
2010.10.27 06:13:18.338,0.98665,0.98682,2.30,1.50
2010.10.27 06:13:20.367,0.98665,0.98682,2.30,1.50
2010.10.27 06:13:20.873,0.98664,0.9868,1.50,1.80
2010.10.27 06:13:22.935,0.98662,0.98678,2.30,1.50
2010.10.27 06:13:24.334,0.98661,0.98678,1.50,1.50
2010.10.27 06:13:26.436,0.98661,0.98678,1.50,1.50
2010.10.27 06:13:28.573,0.98661,0.98678,1.50,1.50
2010.10.27 06:13:30.644,0.98659,0.98677,1.50,3.00
2010.10.27 06:13:32.810,0.98659,0.98673,1.50,3.80
2010.10.27 06:13:34.892,0.98657,0.98676,1.50,3.00
2010.10.27 06:13:36.945,0.98659,0.98676,1.50,1.50
2010.10.27 06:13:39.033,0.98659,0.98677,1.50,3.80
2010.10.27 06:13:41.300,0.98659,0.98674,1.50,3.80
2010.10.27 06:13:43.493,0.98657,0.98674,1.50,3.00
2010.10.27 06:13:45.522,0.98654,0.98671,3.00,2.30
2010.10.27 06:13:47.555,0.98657,0.98673,1.50,2.30
2010.10.27 06:13:49.605,0.9866,0.98678,1.50,3.00
2010.10.27 06:13:51.785,0.98662,0.98679,1.50,3.00
2010.10.27 06:13:53.884,0.98662,0.98681,3.00,1.50
2010.10.27 06:13:56.238,0.98663,0.9868,2.30,2.30
2010.10.27 06:13:58.315,0.98663,0.98681,2.30,3.00
2010.10.27 06:14:00.363,0.98663,0.98681,2.30,1.50
2010.10.27 06:14:02.573,0.98663,0.98682,2.30,1.50
2010.10.27 06:14:04.575,0.98663,0.98682,3.80,2.30
2010.10.27 06:14:06.621,0.98665,0.98682,1.50,1.50
2010.10.27 06:14:08.645,0.98665,0.98682,1.50,1.50
2010.10.27 06:14:10.632,0.98665,0.98682,1.50,1.50
2010.10.27 06:14:12.643,0.98666,0.98682,2.30,1.50
2010.10.27 06:14:14.695,0.98666,0.98682,3.00,1.50
2010.10.27 06:14:16.742,0.98666,0.98682,3.00,1.50
2010.10.27 06:14:18.861,0.98669,0.98687,1.50,1.50
2010.10.27 06:14:20.905,0.98672,0.98688,3.80,1.50
2010.10.27 06:14:23.109,0.98675,0.98689,1.50,1.50
2010.10.27 06:14:25.169,0.98673,0.98691,5.30,1.50
2010.10.27 06:14:27.256,0.98679,0.98694,1.50,1.50
2010.10.27 06:14:29.354,0.98679,0.98694,1.50,1.50
2010.10.27 06:14:31.487,0.98679,0.98693,1.50,1.50
2010.10.27 06:14:33.566,0.98678,0.98693,1.50,1.50
2010.10.27 06:14:35.955,0.98677,0.98693,2.30,1.50
2010.10.27 06:14:37.983,0.98677,0.98693,3.00,1.50
2010.10.27 06:14:40.049,0.98672,0.9869,4.50,1.50
2010.10.27 06:14:42.128,0.98671,0.98689,2.30,1.50
2010.10.27 06:14:42.484,0.9867,0.98687,3.00,1.50
2010.10.27 06:14:44.664,0.9867,0.98687,1.50,1.50
2010.10.27 06:14:46.718,0.9867,0.98687,1.50,1.50
2010.10.27 06:14:48.785,0.98672,0.9869,3.00,1.50
2010.10.27 06:14:50.882,0.98673,0.9869,2.30,1.50
2010.10.27 06:14:52.920,0.98678,0.98692,1.50,1.80
2010.10.27 06:14:55.005,0.98681,0.98694,3.00,1.50
2010.10.27 06:14:57.390,0.98681,0.98694,3.00,1.50
2010.10.27 06:14:59.484,0.98681,0.98694,3.00,1.50
2010.10.27 06:15:01.518,0.98681,0.98696,3.00,1.50
2010.10.27 06:15:03.659,0.98682,0.98695,2.30,1.50
2010.10.27 06:15:05.729,0.98681,0.98697,4.50,1.50
2010.10.27 06:15:07.803,0.98681,0.98697,5.00,1.50
2010.10.27 06:15:10.179,0.98684,0.98696,1.50,4.80
2010.10.27 06:15:12.386,0.98682,0.98697,2.30,1.50
2010.10.27 06:15:14.464,0.9868,0.98694,1.50,1.50
2010.10.27 06:15:16.473,0.98682,0.98698,1.50,2.30
2010.10.27 06:15:18.767,0.98682,0.98698,1.50,1.50
2010.10.27 06:15:20.832,0.98688,0.987,2.30,1.50
2010.10.27 06:15:22.861,0.98688,0.987,2.30,1.50
2010.10.27 06:15:24.949,0.98686,0.98699,1.50,1.50
2010.10.27 06:15:26.962,0.98682,0.98698,1.50,1.50
2010.10.27 06:15:28.546,0.98688,0.987,2.30,1.50
2010.10.27 06:15:29.470,0.98682,0.98697,3.00,2.30
2010.10.27 06:15:31.495,0.9868,0.98697,2.30,1.50
2010.10.27 06:15:34.258,0.9867,0.98684,2.30,1.50
2010.10.27 06:15:36.274,0.98668,0.98682,5.60,1.50
2010.10.27 06:15:36.728,0.98668,0.9868,1.50,1.50
2010.10.27 06:15:37.122,0.9866,0.98673,1.50,2.30
2010.10.27 06:15:37.247,0.98658,0.98675,3.80,1.80
2010.10.27 06:15:39.299,0.98658,0.98669,1.50,2.30
2010.10.27 06:15:41.312,0.98653,0.98671,4.50,1.50
2010.10.27 06:15:43.653,0.98653,0.98671,1.50,1.50
2010.10.27 06:15:45.720,0.98648,0.98662,1.50,1.50
2010.10.27 06:15:47.931,0.98648,0.98663,1.50,1.50
2010.10.27 06:15:49.959,0.98648,0.98664,1.50,1.50
2010.10.27 06:15:52.062,0.98649,0.98668,4.50,2.30
2010.10.27 06:15:54.350,0.98653,0.9867,1.10,2.30
2010.10.27 06:15:56.423,0.98652,0.9867,1.50,2.30
2010.10.27 06:15:58.653,0.98649,0.98667,2.30,1.50
2010.10.27 06:15:59.455,0.98645,0.98662,3.00,3.00
2010.10.27 06:16:01.464,0.98642,0.98661,1.50,1.50
2010.10.27 06:16:03.485,0.98642,0.98661,1.50,1.50
2010.10.27 06:16:05.580,0.98642,0.98661,3.00,1.50
2010.10.27 06:16:07.579,0.98633,0.9865,3.00,1.50
2010.10.27 06:16:09.620,0.98632,0.98647,1.50,2.30
2010.10.27 06:16:11.567,0.98623,0.98638,1.50,1.50
2010.10.27 06:16:13.706,0.98619,0.98637,1.50,3.00
2010.10.27 06:16:15.037,0.98626,0.98644,1.50,1.50
2010.10.27 06:16:17.094,0.98631,0.98648,2.30,1.50
2010.10.27 06:16:19.174,0.98634,0.98651,2.30,2.30
2010.10.27 06:16:21.350,0.98638,0.98652,1.50,1.50
2010.10.27 06:16:23.364,0.9865,0.98664,1.50,1.50
2010.10.27 06:16:25.426,0.98652,0.98672,1.50,1.50
2010.10.27 06:16:27.465,0.98656,0.98672,2.30,1.50
2010.10.27 06:16:29.495,0.98652,0.98667,1.50,1.50
2010.10.27 06:16:31.480,0.98641,0.98657,1.50,1.50
2010.10.27 06:16:33.584,0.98639,0.98658,1.50,2.30
2010.10.27 06:16:35.828,0.98639,0.98658,3.00,2.30
2010.10.27 06:16:37.917,0.98641,0.98657,1.50,1.50
2010.10.27 06:16:40.167,0.98642,0.98658,1.50,1.50
2010.10.27 06:16:42.274,0.98642,0.9866,1.50,1.50
2010.10.27 06:16:44.317,0.98649,0.98667,2.30,1.50
2010.10.27 06:16:46.375,0.98649,0.98665,3.80,1.50
2010.10.27 06:16:48.488,0.98649,0.98665,1.50,2.30
2010.10.27 06:16:50.554,0.98649,0.98665,1.50,2.30
2010.10.27 06:16:52.581,0.9865,0.98668,1.50,2.30
2010.10.27 06:16:54.564,0.9865,0.98668,1.50,2.30
2010.10.27 06:16:56.624,0.98653,0.98669,1.10,1.50
2010.10.27 06:16:58.636,0.98648,0.98664,1.10,3.80
2010.10.27 06:17:00.646,0.98649,0.98664,1.40,3.80
2010.10.27 06:17:02.734,0.98651,0.98668,1.10,1.50
2010.10.27 06:17:05.130,0.9865,0.98669,1.80,3.80
2010.10.27 06:17:07.133,0.9865,0.98668,3.00,2.30
2010.10.27 06:17:09.179,0.98655,0.9867,2.30,1.50
2010.10.27 06:17:11.264,0.98656,0.98672,2.30,1.50
2010.10.27 06:17:13.352,0.98656,0.98672,2.30,1.50
2010.10.27 06:17:15.674,0.98655,0.98672,2.30,1.50
2010.10.27 06:17:17.995,0.98648,0.9866,4.50,1.50
2010.10.27 06:17:18.154,0.98642,0.98661,1.50,2.60
2010.10.27 06:17:20.333,0.98643,0.98658,2.30,1.50
2010.10.27 06:17:21.347,0.98644,0.98648,1.50,2.30
2010.10.27 06:17:21.463,0.98638,0.98657,3.00,1.50
2010.10.27 06:17:23.399,0.98635,0.98643,1.50,2.30
2010.10.27 06:17:24.843,0.98637,0.98653,2.40,1.10
2010.10.27 06:17:26.899,0.98644,0.98661,1.60,3.00
2010.10.27 06:17:28.266,0.9864,0.98657,2.40,1.50
2010.10.27 06:17:30.353,0.98642,0.98658,2.30,1.80
2010.10.27 06:17:32.373,0.98643,0.98658,1.50,1.10
2010.10.27 06:17:34.510,0.98644,0.98658,3.00,1.10
2010.10.27 06:17:36.509,0.98643,0.98658,2.30,1.10
2010.10.27 06:17:38.586,0.98644,0.98658,2.30,1.10
2010.10.27 06:17:40.651,0.98644,0.98658,2.30,1.10
2010.10.27 06:17:42.653,0.98642,0.98658,1.50,1.10
2010.10.27 06:17:44.724,0.9864,0.98656,2.30,1.50
2010.10.27 06:17:46.796,0.98642,0.98657,2.30,1.80
2010.10.27 06:17:48.905,0.98642,0.98658,1.50,1.80
2010.10.27 06:17:50.965,0.98642,0.98658,3.00,1.80
2010.10.27 06:17:53.059,0.98642,0.98658,3.80,1.10
2010.10.27 06:17:55.116,0.98643,0.98658,1.50,1.10
2010.10.27 06:17:57.125,0.98639,0.98657,3.80,1.50
2010.10.27 06:17:59.122,0.98639,0.98657,3.80,1.50
2010.10.27 06:18:01.177,0.98639,0.98657,3.80,1.50
2010.10.27 06:18:03.314,0.98642,0.98659,3.00,1.50
2010.10.27 06:18:05.323,0.98644,0.98659,1.50,1.50
2010.10.27 06:18:07.422,0.98642,0.98659,1.50,1.50
2010.10.27 06:18:09.454,0.9864,0.98657,3.00,1.50
2010.10.27 06:18:11.496,0.98638,0.98656,3.00,1.50
2010.10.27 06:18:13.535,0.98638,0.98656,3.00,5.30
2010.10.27 06:18:15.715,0.98639,0.98653,1.50,1.50
2010.10.27 06:18:17.824,0.98639,0.98653,1.50,1.50
2010.10.27 06:18:19.896,0.98642,0.98658,1.50,1.50
2010.10.27 06:18:22.004,0.98639,0.98657,1.50,3.80
2010.10.27 06:18:24.053,0.98643,0.98661,3.80,1.50
2010.10.27 06:18:26.186,0.98643,0.98661,2.30,1.50
2010.10.27 06:18:28.586,0.98643,0.98661,3.80,1.50
2010.10.27 06:18:30.373,0.98643,0.98663,2.30,5.30
2010.10.27 06:18:32.506,0.98642,0.98661,1.50,1.50
2010.10.27 06:18:34.567,0.98642,0.98656,1.50,2.30
2010.10.27 06:18:36.645,0.98639,0.98656,2.30,3.00
2010.10.27 06:18:38.733,0.98638,0.98656,3.00,3.00
2010.10.27 06:18:40.973,0.98637,0.98651,3.30,2.30
2010.10.27 06:18:43.104,0.98637,0.98654,3.30,1.50
2010.10.27 06:18:45.203,0.98637,0.98654,3.30,1.50
2010.10.27 06:18:47.332,0.98639,0.98656,3.00,3.00
2010.10.27 06:18:49.375,0.98639,0.98654,1.50,1.50
2010.10.27 06:18:51.473,0.98637,0.98654,1.50,2.30
2010.10.27 06:18:53.849,0.98636,0.98653,1.50,2.30
2010.10.27 06:18:55.876,0.98635,0.98649,2.30,1.50
2010.10.27 06:18:58.026,0.98635,0.98648,2.30,2.30
2010.10.27 06:19:00.034,0.98634,0.98649,2.30,1.50
2010.10.27 06:19:02.142,0.98634,0.9865,2.30,3.00
2010.10.27 06:19:04.422,0.98634,0.9865,2.30,1.50
2010.10.27 06:19:06.425,0.98635,0.98654,1.50,3.00
2010.10.27 06:19:08.448,0.98638,0.98657,3.00,3.00
2010.10.27 06:19:10.533,0.98637,0.98655,1.50,3.80
2010.10.27 06:19:12.596,0.98637,0.98654,1.50,1.10
2010.10.27 06:19:14.690,0.9864,0.98657,1.10,1.50
2010.10.27 06:19:16.744,0.98642,0.98657,1.30,1.50
2010.10.27 06:19:18.774,0.98645,0.9866,1.10,1.50
2010.10.27 06:19:21.032,0.98645,0.9866,1.10,3.00
2010.10.27 06:19:23.115,0.98641,0.98658,1.50,2.30
2010.10.27 06:19:25.489,0.98641,0.98658,1.50,2.30
2010.10.27 06:19:27.572,0.98641,0.98659,1.50,1.50
2010.10.27 06:19:29.633,0.98642,0.98659,1.50,1.50
2010.10.27 06:19:31.764,0.98642,0.98659,1.50,1.50
2010.10.27 06:19:33.954,0.98642,0.98659,1.50,1.50
2010.10.27 06:19:35.961,0.98644,0.9866,1.50,1.10
2010.10.27 06:19:38.285,0.98644,0.9866,1.50,1.10
2010.10.27 06:19:40.854,0.98647,0.98663,1.50,2.30
2010.10.27 06:19:43.073,0.98648,0.98665,1.50,1.50
2010.10.27 06:19:45.074,0.98647,0.98663,1.50,3.00
2010.10.27 06:19:47.258,0.98647,0.98663,1.50,1.50
2010.10.27 06:19:49.504,0.98644,0.9866,1.50,1.50
2010.10.27 06:19:51.290,0.98641,0.98658,5.30,3.00
2010.10.27 06:19:53.306,0.98643,0.9866,1.50,1.50
2010.10.27 06:19:53.430,0.98637,0.98654,1.50,1.50
2010.10.27 06:19:53.546,0.98637,0.98656,1.50,2.30
2010.10.27 06:19:53.888,0.98642,0.98656,1.50,1.50
2010.10.27 06:19:54.388,0.98649,0.98667,1.50,4.50
2010.10.27 06:19:55.041,0.98641,0.98655,1.50,1.50
2010.10.27 06:19:57.103,0.98636,0.98649,2.30,1.50
2010.10.27 06:19:59.203,0.98638,0.98652,1.50,2.60
2010.10.27 06:20:01.530,0.98639,0.98651,2.30,1.10
2010.10.27 06:20:03.561,0.98639,0.98655,4.50,1.10
2010.10.27 06:20:05.625,0.98639,0.98657,6.00,1.80
2010.10.27 06:20:07.744,0.98639,0.98656,4.50,1.10
2010.10.27 06:20:09.814,0.98639,0.98657,6.30,1.50
2010.10.27 06:20:11.833,0.98639,0.98657,6.30,1.50
2010.10.27 06:20:13.934,0.98643,0.98658,1.50,1.50
2010.10.27 06:20:15.944,0.98649,0.98664,6.30,1.50
2010.10.27 06:20:18.051,0.9865,0.98666,2.30,1.50
2010.10.27 06:20:20.341,0.9865,0.98666,2.30,1.50
2010.10.27 06:20:22.514,0.9865,0.98666,2.30,1.50
2010.10.27 06:20:24.544,0.98649,0.98666,6.80,1.50
2010.10.27 06:20:26.567,0.98656,0.98672,2.30,1.10
2010.10.27 06:20:28.669,0.98659,0.98675,3.80,1.80
2010.10.27 06:20:30.698,0.98658,0.98676,3.00,1.50
2010.10.27 06:20:32.795,0.98658,0.98671,1.50,1.50
2010.10.27 06:20:34.882,0.98655,0.98671,1.50,1.50
2010.10.27 06:20:36.914,0.98659,0.98671,1.50,1.50
2010.10.27 06:20:39.094,0.98661,0.98674,1.50,1.10
2010.10.27 06:20:41.174,0.98664,0.98677,1.50,1.50
2010.10.27 06:20:43.235,0.98664,0.98677,1.50,1.50
2010.10.27 06:20:45.228,0.98664,0.98677,1.50,1.50
2010.10.27 06:20:47.389,0.98665,0.98677,1.50,1.50
2010.10.27 06:20:49.485,0.98664,0.98677,1.50,1.50
2010.10.27 06:20:51.570,0.98665,0.98677,1.50,1.50
2010.10.27 06:20:53.959,0.98665,0.98677,1.50,1.50
2010.10.27 06:20:56.051,0.98665,0.98677,1.50,1.50
2010.10.27 06:20:58.054,0.98665,0.98677,1.50,1.50
2010.10.27 06:21:00.275,0.98666,0.98678,3.00,3.00
2010.10.27 06:21:02.376,0.98666,0.98678,1.50,3.00
2010.10.27 06:21:04.479,0.98666,0.98678,1.50,3.00
2010.10.27 06:21:04.814,0.98666,0.98671,1.50,2.30
2010.10.27 06:21:06.881,0.98663,0.98677,3.00,2.30
2010.10.27 06:21:08.987,0.98657,0.9867,3.80,2.30
2010.10.27 06:21:11.085,0.98653,0.98666,3.00,3.00
2010.10.27 06:21:13.093,0.9865,0.98662,1.50,2.30
2010.10.27 06:21:15.153,0.9865,0.98662,1.50,2.30
2010.10.27 06:21:17.371,0.98658,0.98668,3.00,3.00
2010.10.27 06:21:19.395,0.98658,0.98668,3.00,3.00
2010.10.27 06:21:20.301,0.98665,0.98676,2.30,3.30
2010.10.27 06:21:22.382,0.98669,0.98675,1.50,3.00
2010.10.27 06:21:22.501,0.98671,0.98686,1.50,1.50
2010.10.27 06:21:24.564,0.98678,0.98688,1.50,2.30
2010.10.27 06:21:26.837,0.98681,0.98691,1.50,3.00
2010.10.27 06:21:28.887,0.98685,0.98697,1.50,1.10
2010.10.27 06:21:30.980,0.98689,0.98697,1.50,3.30
2010.10.27 06:21:33.304,0.98687,0.98696,1.50,1.10
2010.10.27 06:21:35.426,0.98694,0.98701,1.50,2.30
2010.10.27 06:21:37.445,0.98684,0.98697,1.50,4.10
2010.10.27 06:21:39.557,0.9868,0.98687,1.50,1.10
2010.10.27 06:21:41.562,0.98677,0.98687,1.50,1.50
2010.10.27 06:21:43.919,0.98677,0.98687,1.50,1.50
2010.10.27 06:21:46.297,0.98675,0.98687,1.50,3.80
2010.10.27 06:21:48.413,0.98675,0.98687,1.50,1.50
2010.10.27 06:21:50.437,0.98675,0.98687,1.50,1.50
2010.10.27 06:21:52.658,0.98675,0.98687,1.50,1.50
2010.10.27 06:21:54.829,0.98676,0.98687,1.50,1.50
2010.10.27 06:21:56.927,0.98675,0.98687,1.50,1.50
2010.10.27 06:21:59.488,0.98674,0.98687,1.50,2.30
2010.10.27 06:22:01.817,0.98673,0.98685,1.50,1.10
2010.10.27 06:22:04.012,0.98671,0.98681,1.50,1.50
2010.10.27 06:22:06.072,0.9867,0.98683,1.50,1.10
2010.10.27 06:22:08.124,0.9867,0.98683,1.50,1.50
2010.10.27 06:22:10.165,0.98671,0.98683,1.50,1.50
2010.10.27 06:22:11.413,0.9868,0.98688,1.50,1.10
2010.10.27 06:22:11.536,0.98682,0.98696,3.00,1.70
2010.10.27 06:22:12.450,0.98679,0.98693,3.00,1.10
2010.10.27 06:22:16.551,0.98682,0.98692,1.50,1.50
2010.10.27 06:22:18.740,0.9868,0.98693,1.50,2.30
2010.10.27 06:22:20.886,0.98689,0.98698,1.50,1.50
2010.10.27 06:22:22.992,0.98688,0.98698,1.50,1.50
2010.10.27 06:22:25.009,0.98689,0.987,1.50,1.50
2010.10.27 06:22:27.089,0.98689,0.98699,1.50,3.00
2010.10.27 06:22:29.332,0.98687,0.98698,1.50,1.50
2010.10.27 06:22:31.406,0.9868,0.98697,3.80,2.30
2010.10.27 06:22:31.755,0.98674,0.98689,2.30,1.50
2010.10.27 06:22:33.835,0.98679,0.98693,1.50,1.50
2010.10.27 06:22:35.860,0.98683,0.98693,1.50,1.50
2010.10.27 06:22:36.095,0.98695,0.987,1.50,2.30
2010.10.27 06:22:37.241,0.98689,0.98698,3.00,1.50
2010.10.27 06:22:37.478,0.98683,0.98697,1.50,1.50
2010.10.27 06:22:39.479,0.98677,0.98691,3.00,1.50
2010.10.27 06:22:41.528,0.98678,0.98692,1.50,1.50
2010.10.27 06:22:42.769,0.9869,0.987,1.50,3.00
2010.10.27 06:22:44.805,0.98691,0.98701,1.50,1.10
2010.10.27 06:22:45.200,0.98684,0.98699,2.30,3.00
2010.10.27 06:22:45.329,0.98682,0.98693,2.30,1.10
2010.10.27 06:22:47.354,0.98675,0.98688,1.50,1.10
2010.10.27 06:22:49.424,0.98672,0.98688,3.00,1.10
2010.10.27 06:22:51.469,0.98674,0.98688,1.50,1.10
2010.10.27 06:22:53.558,0.9868,0.98688,1.50,1.10
2010.10.27 06:22:55.661,0.98676,0.98688,2.30,1.10
2010.10.27 06:22:57.694,0.98677,0.98689,1.50,3.00
2010.10.27 06:22:59.699,0.98672,0.98688,2.30,1.50
2010.10.27 06:23:01.707,0.98672,0.98688,2.30,1.50
2010.10.27 06:23:03.727,0.98673,0.98688,1.50,1.50
2010.10.27 06:23:05.825,0.98675,0.98689,1.50,3.00
2010.10.27 06:23:07.849,0.98678,0.98689,1.50,3.00
2010.10.27 06:23:09.948,0.98672,0.98689,3.80,3.80
2010.10.27 06:23:12.026,0.98673,0.98688,1.50,2.30
2010.10.27 06:23:14.061,0.98667,0.98682,3.00,2.60
2010.10.27 06:23:16.303,0.9867,0.98687,1.50,1.10
2010.10.27 06:23:18.405,0.98668,0.98685,2.30,3.80
2010.10.27 06:23:20.474,0.98672,0.98688,2.30,1.50
2010.10.27 06:23:22.607,0.98678,0.98692,1.50,1.50
2010.10.27 06:23:24.655,0.98674,0.9869,1.50,1.50
2010.10.27 06:23:26.879,0.98674,0.9869,1.50,1.50
2010.10.27 06:23:28.906,0.98674,0.9869,1.50,1.50
2010.10.27 06:23:30.943,0.98673,0.9869,2.30,1.50
2010.10.27 06:23:33.403,0.98673,0.9869,2.30,1.50
2010.10.27 06:23:35.497,0.98676,0.98693,1.50,1.50
2010.10.27 06:23:37.555,0.98676,0.98692,1.50,1.50
2010.10.27 06:23:39.647,0.98675,0.98692,1.50,1.50
2010.10.27 06:23:41.747,0.98673,0.98688,1.50,1.50
2010.10.27 06:23:43.769,0.98673,0.98688,1.50,1.50
2010.10.27 06:23:45.831,0.98673,0.98687,1.50,1.50
2010.10.27 06:23:47.926,0.98672,0.98686,1.50,1.50
2010.10.27 06:23:50.015,0.98667,0.98681,1.50,1.50
2010.10.27 06:23:52.134,0.98666,0.98681,1.50,1.50
2010.10.27 06:23:54.174,0.98664,0.98678,1.50,1.50
2010.10.27 06:23:56.268,0.9866,0.98677,2.30,1.10
2010.10.27 06:23:58.281,0.98662,0.98678,2.30,1.50
2010.10.27 06:24:00.315,0.98662,0.98678,2.30,1.50
2010.10.27 06:24:02.425,0.98661,0.98678,3.00,1.50
2010.10.27 06:24:04.477,0.98661,0.98678,3.00,1.50
2010.10.27 06:24:06.540,0.98663,0.9868,1.50,1.50
2010.10.27 06:24:08.575,0.98662,0.9868,3.80,1.50
2010.10.27 06:24:11.061,0.98662,0.9868,3.80,1.50
2010.10.27 06:24:13.100,0.9866,0.98677,1.50,1.50
2010.10.27 06:24:15.134,0.98662,0.98677,1.50,1.10
2010.10.27 06:24:17.167,0.98663,0.98678,1.50,1.80
2010.10.27 06:24:19.264,0.98666,0.98683,1.50,1.50
2010.10.27 06:24:21.433,0.98666,0.98683,1.50,1.50
2010.10.27 06:24:23.499,0.98666,0.98683,1.50,3.80
2010.10.27 06:24:25.614,0.98664,0.9868,1.50,1.50
2010.10.27 06:24:27.657,0.98663,0.9868,2.30,1.50
2010.10.27 06:24:29.745,0.98663,0.9868,2.30,1.50
2010.10.27 06:24:31.813,0.98663,0.9868,5.30,1.50
2010.10.27 06:24:33.875,0.98663,0.9868,5.30,1.50
2010.10.27 06:24:35.902,0.98663,0.9868,5.30,1.50
2010.10.27 06:24:37.950,0.98663,0.9868,5.30,1.50
2010.10.27 06:24:40.053,0.98665,0.9868,1.50,1.50
2010.10.27 06:24:42.135,0.98665,0.98682,1.50,2.30
2010.10.27 06:24:44.158,0.98664,0.98682,2.30,2.30
2010.10.27 06:24:45.618,0.98661,0.98673,1.50,2.30
2010.10.27 06:24:47.625,0.9866,0.98677,1.50,1.50
2010.10.27 06:24:48.694,0.98656,0.9867,4.50,2.30
2010.10.27 06:24:50.861,0.98651,0.98667,1.50,1.50
2010.10.27 06:24:53.027,0.98648,0.98665,1.10,1.50
2010.10.27 06:24:55.118,0.98649,0.98667,3.80,1.50
2010.10.27 06:24:57.198,0.98649,0.98667,4.50,2.30
2010.10.27 06:24:59.128,0.98653,0.98671,2.30,1.50
2010.10.27 06:25:00.535,0.9865,0.98667,2.30,1.50
2010.10.27 06:25:01.260,0.98644,0.98653,1.50,2.30
2010.10.27 06:25:01.385,0.98642,0.98654,3.00,2.30
2010.10.27 06:25:03.402,0.98637,0.98653,3.80,1.50
2010.10.27 06:25:05.416,0.98635,0.98651,2.30,1.50
2010.10.27 06:25:07.747,0.98636,0.98652,1.50,1.50
2010.10.27 06:25:09.722,0.98642,0.98659,1.50,3.00
2010.10.27 06:25:11.804,0.98643,0.98653,1.50,2.30
2010.10.27 06:25:13.904,0.98647,0.98664,3.00,2.30
2010.10.27 06:25:16.006,0.98649,0.98664,2.30,2.30
2010.10.27 06:25:17.959,0.98643,0.98652,2.60,2.30
2010.10.27 06:25:19.996,0.9865,0.98666,2.30,1.50
2010.10.27 06:25:22.300,0.98652,0.98668,1.50,1.60
2010.10.27 06:25:24.373,0.98652,0.98668,1.50,1.50
2010.10.27 06:25:26.403,0.98652,0.98668,1.50,1.50
2010.10.27 06:25:28.473,0.98652,0.98668,1.50,1.50
2010.10.27 06:25:30.544,0.98649,0.98665,1.10,3.80
2010.10.27 06:25:32.623,0.98649,0.98665,1.10,3.80
2010.10.27 06:25:34.734,0.98649,0.98666,2.60,3.00
2010.10.27 06:25:36.907,0.98649,0.98665,1.10,1.50
2010.10.27 06:25:37.598,0.98648,0.98656,3.80,1.10
2010.10.27 06:25:38.152,0.98641,0.98656,1.50,4.10
2010.10.27 06:25:40.393,0.98645,0.98663,2.60,1.50
2010.10.27 06:25:42.457,0.98643,0.9866,5.20,1.50
2010.10.27 06:25:44.556,0.98643,0.9866,5.20,1.50
2010.10.27 06:25:45.907,0.98652,0.98665,2.30,3.70
2010.10.27 06:25:47.955,0.98655,0.98669,1.50,1.50
2010.10.27 06:25:50.330,0.98654,0.98671,1.50,1.50
2010.10.27 06:25:52.341,0.98655,0.98671,2.30,1.50
2010.10.27 06:25:54.444,0.98659,0.98675,2.30,1.50
2010.10.27 06:25:56.529,0.98655,0.98668,1.50,1.10
2010.10.27 06:25:58.564,0.9865,0.98664,1.50,1.10
2010.10.27 06:26:00.747,0.98652,0.98668,1.50,4.10
2010.10.27 06:26:02.791,0.98651,0.98667,1.50,1.10
2010.10.27 06:26:05.068,0.98651,0.98668,1.50,1.80
2010.10.27 06:26:07.268,0.98655,0.98671,1.50,1.10
2010.10.27 06:26:09.308,0.98655,0.98671,1.50,3.00
2010.10.27 06:26:11.340,0.98663,0.98677,2.30,1.10
2010.10.27 06:26:13.350,0.98664,0.98679,1.50,3.70
2010.10.27 06:26:14.547,0.98667,0.98685,2.30,6.70
2010.10.27 06:26:16.652,0.98669,0.98683,1.50,3.70
2010.10.27 06:26:18.911,0.98667,0.98682,1.50,3.70
2010.10.27 06:26:21.117,0.98665,0.98682,1.50,1.50
2010.10.27 06:26:23.385,0.98661,0.98675,2.30,1.10
2010.10.27 06:26:25.445,0.98655,0.9867,1.50,2.30
2010.10.27 06:26:27.595,0.98656,0.98668,1.50,2.30
2010.10.27 06:26:29.647,0.98653,0.98668,1.50,4.50
2010.10.27 06:26:31.756,0.98655,0.98673,3.00,2.30
2010.10.27 06:26:33.958,0.9866,0.98677,2.30,4.50
2010.10.27 06:26:36.002,0.9866,0.98678,3.00,1.50
2010.10.27 06:26:38.102,0.98661,0.98678,1.50,1.50
2010.10.27 06:26:40.463,0.98659,0.98676,1.80,3.80
2010.10.27 06:26:42.516,0.98659,0.98675,1.10,2.30
2010.10.27 06:26:44.518,0.98659,0.98675,1.10,2.30
2010.10.27 06:26:46.779,0.98659,0.98678,3.30,2.30
2010.10.27 06:26:48.874,0.98662,0.98678,1.50,1.50
2010.10.27 06:26:50.966,0.98659,0.98675,1.10,5.20
2010.10.27 06:26:53.045,0.98654,0.98672,3.00,1.50
2010.10.27 06:26:55.230,0.98654,0.98666,3.00,2.60
2010.10.27 06:26:56.505,0.98646,0.98662,2.30,4.10
2010.10.27 06:26:58.556,0.98642,0.98654,2.30,1.10
2010.10.27 06:26:59.385,0.98644,0.98657,1.50,1.80
2010.10.27 06:27:01.395,0.98646,0.98659,1.50,2.30
2010.10.27 06:27:03.448,0.98646,0.98659,1.50,2.30
2010.10.27 06:27:05.506,0.98642,0.98653,2.30,1.80
2010.10.27 06:27:07.689,0.98636,0.98649,1.50,3.00
2010.10.27 06:27:07.813,0.98631,0.98645,2.30,1.10
2010.10.27 06:27:09.904,0.98631,0.98647,3.00,1.50
2010.10.27 06:27:11.938,0.98628,0.98644,2.30,2.30
2010.10.27 06:27:14.025,0.98628,0.98643,1.50,1.50
2010.10.27 06:27:16.077,0.9863,0.98647,1.50,2.30
2010.10.27 06:27:18.138,0.98628,0.98644,1.50,1.50
2010.10.27 06:27:20.155,0.98628,0.98644,1.50,1.50
2010.10.27 06:27:22.228,0.98629,0.98647,6.00,3.80
2010.10.27 06:27:24.229,0.98629,0.98647,6.00,1.50
2010.10.27 06:27:26.322,0.98629,0.98646,2.60,1.50
2010.10.27 06:27:28.357,0.98629,0.98644,1.10,3.00
2010.10.27 06:27:30.415,0.98629,0.98645,1.10,3.00
2010.10.27 06:27:33.011,0.98629,0.98646,1.10,1.50
2010.10.27 06:27:34.979,0.98624,0.98642,1.50,1.50
2010.10.27 06:27:36.995,0.98622,0.98639,3.80,1.50
2010.10.27 06:27:39.178,0.98622,0.98639,3.80,1.50
2010.10.27 06:27:41.285,0.98622,0.98639,3.80,1.50
2010.10.27 06:27:43.326,0.98622,0.98639,3.80,1.50
2010.10.27 06:27:45.374,0.98623,0.98639,2.30,1.80
2010.10.27 06:27:47.387,0.98623,0.98639,2.30,1.80
2010.10.27 06:27:49.407,0.98622,0.98639,5.20,1.80
2010.10.27 06:27:51.693,0.98622,0.98634,3.00,1.10
2010.10.27 06:27:53.015,0.98614,0.9862,2.30,1.10
2010.10.27 06:27:54.792,0.98615,0.9863,1.50,3.70
2010.10.27 06:27:56.909,0.98615,0.98631,1.50,4.80
2010.10.27 06:27:58.906,0.98614,0.98631,3.00,4.80
2010.10.27 06:28:01.026,0.98618,0.98628,2.30,1.10
2010.10.27 06:28:03.045,0.98618,0.98628,2.30,1.10
2010.10.27 06:28:05.091,0.98619,0.98628,1.50,1.10
2010.10.27 06:28:07.166,0.98619,0.98628,1.50,1.10
2010.10.27 06:28:09.253,0.98619,0.98629,1.50,1.10
2010.10.27 06:28:11.311,0.98619,0.98629,1.50,1.10
2010.10.27 06:28:13.335,0.98616,0.98629,2.30,1.10
2010.10.27 06:28:15.445,0.9862,0.98633,2.30,1.10
2010.10.27 06:28:17.482,0.9862,0.98634,2.30,3.00
2010.10.27 06:28:19.536,0.98617,0.98632,1.50,5.30
2010.10.27 06:28:21.588,0.98617,0.98632,1.50,5.30
2010.10.27 06:28:23.726,0.98616,0.98632,2.30,5.30
2010.10.27 06:28:25.742,0.98615,0.9863,1.50,1.50
2010.10.27 06:28:27.827,0.98615,0.9863,1.50,1.50
2010.10.27 06:28:29.825,0.98615,0.98628,1.50,1.50
2010.10.27 06:28:31.915,0.98613,0.98628,1.50,1.50
2010.10.27 06:28:34.281,0.98609,0.98627,3.00,1.50
2010.10.27 06:28:36.099,0.98612,0.98628,1.80,1.80
2010.10.27 06:28:38.118,0.98612,0.98628,1.80,1.80
2010.10.27 06:28:40.147,0.98607,0.98624,3.70,1.50
2010.10.27 06:28:42.287,0.98606,0.98624,2.30,1.50
2010.10.27 06:28:44.316,0.98607,0.98624,1.50,1.50
2010.10.27 06:28:46.027,0.98606,0.98617,3.00,1.50
2010.10.27 06:28:46.265,0.98598,0.98613,1.50,1.50
2010.10.27 06:28:46.860,0.98592,0.98604,1.50,3.00
2010.10.27 06:28:48.935,0.98593,0.98608,1.50,1.50
2010.10.27 06:28:51.036,0.98593,0.98609,2.30,3.00
2010.10.27 06:28:53.087,0.98595,0.98611,1.50,3.70
2010.10.27 06:28:55.121,0.98589,0.98607,2.30,5.20
2010.10.27 06:28:55.787,0.98585,0.98602,2.30,2.30
2010.10.27 06:28:58.173,0.98586,0.98601,1.50,1.50
2010.10.27 06:28:59.950,0.98583,0.98596,1.10,2.30
2010.10.27 06:29:01.962,0.98583,0.98596,1.10,2.30
2010.10.27 06:29:04.202,0.98583,0.98596,1.10,2.30
2010.10.27 06:29:06.245,0.98582,0.98593,1.80,2.30
2010.10.27 06:29:08.255,0.98582,0.98598,1.10,2.30
2010.10.27 06:29:10.601,0.98583,0.98598,1.80,2.30
2010.10.27 06:29:12.595,0.98585,0.98603,3.00,1.50
2010.10.27 06:29:13.595,0.98597,0.98611,2.30,3.00
2010.10.27 06:29:15.657,0.98599,0.98615,1.50,2.30
2010.10.27 06:29:17.674,0.98596,0.98615,3.00,1.50
2010.10.27 06:29:19.748,0.98596,0.98613,2.30,6.00
2010.10.27 06:29:21.935,0.98593,0.9861,1.80,1.50
2010.10.27 06:29:23.220,0.98583,0.98596,1.80,2.30
2010.10.27 06:29:25.240,0.98581,0.98596,1.80,2.30
2010.10.27 06:29:26.723,0.98569,0.98574,19.40,1.10
2010.10.27 06:29:27.083,0.9857,0.98574,3.00,3.30
2010.10.27 06:29:27.528,0.98559,0.98574,3.00,3.30
2010.10.27 06:29:29.398,0.98553,0.98569,1.10,1.10
2010.10.27 06:29:31.647,0.98554,0.98568,1.60,1.10
2010.10.27 06:29:33.930,0.98556,0.98566,2.30,3.00
2010.10.27 06:29:35.985,0.98558,0.9857,1.50,1.80
2010.10.27 06:29:38.050,0.98552,0.98567,4.70,1.80
2010.10.27 06:29:40.185,0.98552,0.98568,4.70,1.10
2010.10.27 06:29:42.058,0.9856,0.98574,1.10,6.00
2010.10.27 06:29:44.420,0.98563,0.98579,2.30,1.10
2010.10.27 06:29:46.515,0.98566,0.98583,4.80,4.80
2010.10.27 06:29:48.574,0.98568,0.98583,1.10,5.60
2010.10.27 06:29:50.905,0.98568,0.98583,2.60,2.60
2010.10.27 06:29:51.476,0.9858,0.98591,1.10,2.30
2010.10.27 06:29:52.053,0.98584,0.98598,1.10,1.50
2010.10.27 06:29:54.052,0.98588,0.98605,1.50,3.00
2010.10.27 06:29:56.133,0.986,0.98616,6.80,1.10
2010.10.27 06:29:57.818,0.98606,0.98622,1.10,6.70
2010.10.27 06:30:00.136,0.98616,0.98634,2.30,2.30
2010.10.27 06:30:02.202,0.98625,0.98639,3.70,1.50
2010.10.27 06:30:04.314,0.98623,0.98639,1.10,1.50
2010.10.27 06:30:06.378,0.98619,0.98634,2.30,1.50
2010.10.27 06:30:08.385,0.98619,0.98637,1.50,6.00
2010.10.27 06:30:10.313,0.98615,0.98628,1.50,1.10
2010.10.27 06:30:12.625,0.98617,0.98632,1.10,1.80
2010.10.27 06:30:14.715,0.98622,0.98638,2.30,1.10
2010.10.27 06:30:16.758,0.98625,0.98641,1.50,1.50
2010.10.27 06:30:18.817,0.98623,0.9864,1.80,1.50
2010.10.27 06:30:20.853,0.98623,0.9864,1.80,1.50
2010.10.27 06:30:22.907,0.98623,0.98639,1.80,1.50
2010.10.27 06:30:24.917,0.98623,0.98639,1.80,1.50
2010.10.27 06:30:26.915,0.98623,0.98639,1.80,1.50
2010.10.27 06:30:29.098,0.98621,0.98639,3.30,1.50
2010.10.27 06:30:31.178,0.98621,0.98637,1.80,1.50
2010.10.27 06:30:33.101,0.98621,0.98634,1.10,8.30
2010.10.27 06:30:33.255,0.98613,0.9863,3.00,3.30
2010.10.27 06:30:35.284,0.98617,0.98629,1.50,1.50
2010.10.27 06:30:37.477,0.98616,0.98633,3.00,2.30
2010.10.27 06:30:39.554,0.98617,0.98633,3.00,1.50
2010.10.27 06:30:41.630,0.98614,0.98631,3.30,2.30
2010.10.27 06:30:43.948,0.98613,0.98629,2.60,2.30
2010.10.27 06:30:46.347,0.98607,0.98626,3.00,3.80
2010.10.27 06:30:48.425,0.98606,0.98623,2.30,1.50
2010.10.27 06:30:50.468,0.98606,0.98623,2.30,1.50
2010.10.27 06:30:52.578,0.98604,0.9862,2.30,1.50
2010.10.27 06:30:54.668,0.98606,0.9862,1.50,1.50
2010.10.27 06:30:56.705,0.98605,0.9862,1.50,1.50
2010.10.27 06:30:58.948,0.98605,0.9862,2.30,1.50
2010.10.27 06:31:01.035,0.98606,0.98622,1.80,1.50
2010.10.27 06:31:03.220,0.98607,0.98622,1.50,1.50
2010.10.27 06:31:05.256,0.98607,0.98623,2.30,1.50
2010.10.27 06:31:07.276,0.98607,0.98625,2.30,1.50
2010.10.27 06:31:09.334,0.98607,0.98625,2.30,1.50
2010.10.27 06:31:11.581,0.98607,0.98625,2.30,1.50
2010.10.27 06:31:13.653,0.98607,0.98625,2.30,1.50
2010.10.27 06:31:15.724,0.98606,0.98625,3.00,3.00
2010.10.27 06:31:17.835,0.98605,0.98622,1.50,1.50
2010.10.27 06:31:20.047,0.98606,0.98622,1.50,1.50
2010.10.27 06:31:22.148,0.98607,0.98623,2.30,1.50
2010.10.27 06:31:24.245,0.98606,0.98623,2.30,2.30
2010.10.27 06:31:26.415,0.98605,0.98623,1.50,1.50
2010.10.27 06:31:28.426,0.98612,0.98622,1.50,1.50
2010.10.27 06:31:30.516,0.9861,0.98622,1.50,4.50
2010.10.27 06:31:32.787,0.98609,0.98622,1.50,4.50
2010.10.27 06:31:34.796,0.98609,0.98622,1.50,4.50
2010.10.27 06:31:37.157,0.9861,0.98622,1.50,4.50
2010.10.27 06:31:39.252,0.98613,0.98622,1.50,3.00
2010.10.27 06:31:41.326,0.98616,0.98629,1.50,1.80
2010.10.27 06:31:43.429,0.98624,0.9863,3.00,1.10
2010.10.27 06:31:45.514,0.98622,0.98636,1.50,1.80
2010.10.27 06:31:47.596,0.98633,0.98641,1.10,1.50
2010.10.27 06:31:47.711,0.9863,0.98644,2.30,4.70
2010.10.27 06:31:50.114,0.9863,0.98641,1.50,3.00
2010.10.27 06:31:52.627,0.98628,0.98642,1.50,4.50
2010.10.27 06:31:54.725,0.98625,0.98638,1.50,1.50
2010.10.27 06:31:56.809,0.98624,0.98639,1.50,3.00
2010.10.27 06:31:58.806,0.98628,0.98642,1.50,1.50
2010.10.27 06:32:00.890,0.98633,0.98645,1.50,4.50
2010.10.27 06:32:02.940,0.98632,0.98648,2.60,2.30
2010.10.27 06:32:05.293,0.98636,0.98649,1.50,1.10
2010.10.27 06:32:07.629,0.98636,0.9865,1.50,1.80
2010.10.27 06:32:08.748,0.98645,0.98654,1.10,1.50
2010.10.27 06:32:10.182,0.98655,0.98664,1.10,4.50
2010.10.27 06:32:10.406,0.98657,0.98669,4.00,3.00
2010.10.27 06:32:10.934,0.98662,0.98679,4.00,1.10
2010.10.27 06:32:11.991,0.98674,0.98686,1.50,4.50
2010.10.27 06:32:12.433,0.98674,0.98692,3.30,2.30
2010.10.27 06:32:14.808,0.98679,0.98694,1.50,1.50
2010.10.27 06:32:16.860,0.98669,0.98682,1.50,3.00
2010.10.27 06:32:18.973,0.98669,0.98682,1.50,3.00
2010.10.27 06:32:19.400,0.98659,0.98672,1.10,2.30
2010.10.27 06:32:19.522,0.98655,0.98669,1.50,2.30
2010.10.27 06:32:20.001,0.98655,0.98659,1.50,2.30
2010.10.27 06:32:20.122,0.98648,0.98659,2.30,2.30
2010.10.27 06:32:20.349,0.9865,0.98666,1.50,2.60
2010.10.27 06:32:22.383,0.98644,0.98654,5.20,2.30
2010.10.27 06:32:22.497,0.98644,0.98661,5.20,3.20
2010.10.27 06:32:22.988,0.9864,0.98656,1.50,6.00
2010.10.27 06:32:24.980,0.98636,0.98652,2.30,1.50
2010.10.27 06:32:26.985,0.98633,0.98646,1.50,3.20
2010.10.27 06:32:29.263,0.98634,0.98647,1.50,1.10
2010.10.27 06:32:31.283,0.9863,0.98646,4.50,3.20
2010.10.27 06:32:33.374,0.98633,0.98648,1.50,4.00
2010.10.27 06:32:35.458,0.98627,0.98644,1.50,3.70
2010.10.27 06:32:37.528,0.98629,0.98642,1.50,3.00
2010.10.27 06:32:44.095,0.9863,0.98645,1.50,3.70
2010.10.27 06:32:46.306,0.98634,0.98646,1.50,4.00
2010.10.27 06:32:48.447,0.9864,0.98649,1.50,1.10
2010.10.27 06:32:50.598,0.98638,0.9865,1.50,1.10
2010.10.27 06:32:52.697,0.98638,0.9865,1.50,1.10
2010.10.27 06:32:54.767,0.98639,0.98649,1.50,1.10
2010.10.27 06:32:55.755,0.98644,0.98651,1.50,1.80
2010.10.27 06:32:56.919,0.98651,0.98658,1.50,3.00
2010.10.27 06:32:57.038,0.98651,0.98664,1.50,3.00
2010.10.27 06:32:57.597,0.98655,0.98671,1.80,3.70
2010.10.27 06:32:59.995,0.98664,0.98676,1.50,2.30
2010.10.27 06:33:01.758,0.98662,0.98676,1.50,2.30
2010.10.27 06:33:03.856,0.98664,0.98678,1.50,1.20
2010.10.27 06:33:06.040,0.98666,0.9868,1.50,1.50
2010.10.27 06:33:06.619,0.98662,0.98674,1.50,1.50
2010.10.27 06:33:08.663,0.98656,0.98668,1.50,2.30
2010.10.27 06:33:10.724,0.98654,0.98668,1.50,2.30
2010.10.27 06:33:12.816,0.98654,0.98668,1.50,2.30
2010.10.27 06:33:14.856,0.98654,0.98672,1.50,3.00
2010.10.27 06:33:17.045,0.98657,0.98674,1.50,1.50
2010.10.27 06:33:19.087,0.98657,0.98674,1.50,3.80
2010.10.27 06:33:21.171,0.98657,0.98673,1.50,2.30
2010.10.27 06:33:23.243,0.98657,0.98673,1.50,2.30
2010.10.27 06:33:25.373,0.98657,0.98673,1.50,2.30
2010.10.27 06:33:27.390,0.98654,0.98672,1.50,4.50
2010.10.27 06:33:29.490,0.98668,0.98681,1.50,1.50
2010.10.27 06:33:31.351,0.98652,0.9867,3.00,3.30
2010.10.27 06:33:33.448,0.98659,0.98672,1.50,2.30
2010.10.27 06:33:35.647,0.98662,0.98677,1.10,1.50
2010.10.27 06:33:37.715,0.98661,0.98676,1.10,4.50
2010.10.27 06:33:40.086,0.98655,0.98671,4.50,2.30
2010.10.27 06:33:42.104,0.98654,0.98668,1.80,2.30
2010.10.27 06:33:44.187,0.98652,0.98665,1.80,2.30
2010.10.27 06:33:46.249,0.98651,0.98665,1.10,3.80
2010.10.27 06:33:48.437,0.98652,0.98665,1.10,3.80
2010.10.27 06:33:50.726,0.98652,0.98668,1.10,6.80
2010.10.27 06:33:52.818,0.98653,0.98668,1.10,4.50
2010.10.27 06:33:54.872,0.98654,0.98668,1.80,3.80
2010.10.27 06:33:56.945,0.98653,0.98669,2.30,1.50
2010.10.27 06:33:59.170,0.98653,0.98669,2.30,1.50
2010.10.27 06:34:01.261,0.98653,0.98669,2.30,1.50
2010.10.27 06:34:03.348,0.98659,0.98673,2.30,1.50
2010.10.27 06:34:05.437,0.98659,0.98673,2.30,1.50
2010.10.27 06:34:07.445,0.9866,0.98674,1.50,1.50
2010.10.27 06:34:09.548,0.98658,0.98674,1.50,2.30
2010.10.27 06:34:11.575,0.98658,0.98674,1.50,2.30
2010.10.27 06:34:13.659,0.98657,0.98673,1.50,2.30
2010.10.27 06:34:15.683,0.98657,0.98669,2.30,2.30
2010.10.27 06:34:17.701,0.98658,0.98672,1.50,1.50
2010.10.27 06:34:19.802,0.98658,0.98673,2.30,1.50
2010.10.27 06:34:21.924,0.98658,0.98673,1.50,2.30
2010.10.27 06:34:23.934,0.98658,0.98675,2.30,3.00
2010.10.27 06:34:26.276,0.98658,0.98675,2.30,3.00
2010.10.27 06:34:28.373,0.98661,0.98676,1.50,2.60
2010.10.27 06:34:30.399,0.98661,0.98675,1.50,2.30
2010.10.27 06:34:32.438,0.98659,0.98674,1.50,2.30
2010.10.27 06:34:34.437,0.98656,0.98671,2.30,3.00
2010.10.27 06:34:36.484,0.98656,0.98669,2.30,1.50
2010.10.27 06:34:38.548,0.98656,0.98669,2.30,1.50
2010.10.27 06:34:40.585,0.98656,0.98673,2.30,3.80
2010.10.27 06:34:42.675,0.98656,0.9867,2.30,1.50
2010.10.27 06:34:44.952,0.98658,0.98672,2.30,1.50
2010.10.27 06:34:46.986,0.98658,0.98674,2.30,2.30
2010.10.27 06:34:49.007,0.98661,0.98676,1.50,5.70
2010.10.27 06:34:51.085,0.98659,0.98675,1.50,2.30
2010.10.27 06:34:53.132,0.98659,0.98674,1.50,2.30
2010.10.27 06:34:55.135,0.98659,0.98674,1.50,2.30
2010.10.27 06:34:57.190,0.98659,0.98673,1.50,2.30
2010.10.27 06:34:59.328,0.98659,0.98673,1.50,2.30
2010.10.27 06:35:01.336,0.98659,0.98673,1.50,2.30
2010.10.27 06:35:03.388,0.98657,0.98673,1.50,1.50
2010.10.27 06:35:05.435,0.98658,0.98673,1.50,2.30
2010.10.27 06:35:07.588,0.98658,0.98674,1.50,2.30
2010.10.27 06:35:09.657,0.98658,0.98674,1.50,2.30
2010.10.27 06:35:11.727,0.98658,0.98673,1.50,2.30
2010.10.27 06:35:13.935,0.98658,0.98673,1.50,2.30
2010.10.27 06:35:15.956,0.98656,0.98672,1.50,2.30
2010.10.27 06:35:18.026,0.98657,0.98673,1.50,3.00
2010.10.27 06:35:20.107,0.98665,0.98682,1.50,2.30
2010.10.27 06:35:20.619,0.98665,0.98679,1.50,1.50
2010.10.27 06:35:22.628,0.98676,0.9869,1.10,1.50
2010.10.27 06:35:24.803,0.98676,0.98693,1.50,1.50
2010.10.27 06:35:25.972,0.98675,0.98684,1.50,3.00
2010.10.27 06:35:28.377,0.98674,0.98689,2.60,1.50
2010.10.27 06:35:30.379,0.98675,0.9869,1.10,2.30
2010.10.27 06:35:31.397,0.98679,0.98694,1.40,3.00
2010.10.27 06:35:33.437,0.98682,0.98697,1.10,1.50
2010.10.27 06:35:35.491,0.98682,0.98698,3.70,1.10
2010.10.27 06:35:37.521,0.98682,0.98696,1.10,1.50
2010.10.27 06:35:39.816,0.98682,0.98696,1.10,1.50
2010.10.27 06:35:41.816,0.98682,0.98696,1.10,1.50
2010.10.27 06:35:42.628,0.98693,0.98699,1.50,1.10
2010.10.27 06:35:42.750,0.98683,0.98699,2.30,1.10
2010.10.27 06:35:43.717,0.98705,0.98711,1.10,31.70
2010.10.27 06:35:44.281,0.98705,0.98717,1.10,1.50
2010.10.27 06:35:45.542,0.98705,0.98722,2.60,1.10
2010.10.27 06:35:47.627,0.98703,0.98721,1.10,1.50
2010.10.27 06:35:49.762,0.98703,0.98719,1.10,1.50
2010.10.27 06:35:51.839,0.98696,0.98712,4.50,1.50
2010.10.27 06:35:54.085,0.98692,0.98708,3.30,1.50
2010.10.27 06:35:56.416,0.98694,0.98712,1.50,2.30
2010.10.27 06:35:58.668,0.98693,0.98712,3.00,2.30
2010.10.27 06:36:00.717,0.98694,0.98713,4.50,2.30
2010.10.27 06:36:02.818,0.98699,0.98712,4.00,1.50
2010.10.27 06:36:05.212,0.987,0.98716,1.10,1.80
2010.10.27 06:36:07.192,0.98702,0.98718,1.10,3.00
2010.10.27 06:36:09.609,0.98702,0.98718,1.10,3.00
2010.10.27 06:36:11.327,0.98701,0.98718,4.00,2.30
2010.10.27 06:36:13.328,0.98701,0.98718,4.00,2.30
2010.10.27 06:36:15.625,0.9869,0.98707,4.00,2.60
2010.10.27 06:36:17.670,0.98691,0.98706,1.10,1.50
2010.10.27 06:36:19.697,0.98689,0.98702,1.10,1.50
2010.10.27 06:36:21.797,0.98689,0.98702,1.10,1.50
2010.10.27 06:36:24.097,0.98691,0.98701,1.10,2.30
2010.10.27 06:36:26.204,0.98685,0.98699,5.20,1.50
2010.10.27 06:36:28.524,0.9869,0.98702,4.00,1.50
2010.10.27 06:36:30.740,0.98685,0.98698,1.50,1.50
2010.10.27 06:36:33.175,0.98683,0.98696,1.10,1.50
2010.10.27 06:36:35.177,0.98684,0.98697,1.80,1.50
2010.10.27 06:36:37.221,0.98683,0.98695,1.10,1.50
2010.10.27 06:36:39.234,0.98683,0.98697,1.80,1.50
2010.10.27 06:36:41.249,0.98684,0.98697,3.00,1.50
2010.10.27 06:36:43.290,0.98683,0.98693,1.80,1.50
2010.10.27 06:36:45.376,0.98683,0.98694,1.10,1.50
2010.10.27 06:36:47.741,0.98683,0.98694,1.10,3.80
2010.10.27 06:36:49.786,0.98682,0.98695,1.10,2.30
2010.10.27 06:36:51.849,0.98682,0.98696,1.80,1.50
2010.10.27 06:36:53.916,0.98677,0.98693,2.30,2.30
2010.10.27 06:36:55.929,0.98684,0.98699,1.10,1.50
2010.10.27 06:36:58.192,0.98683,0.987,1.10,2.30
2010.10.27 06:37:00.290,0.98682,0.98701,3.70,3.00
2010.10.27 06:37:02.340,0.98681,0.987,1.50,4.50
2010.10.27 06:37:04.435,0.98682,0.98699,1.50,1.10
2010.10.27 06:37:06.540,0.98681,0.98698,1.50,1.50
2010.10.27 06:37:08.599,0.98681,0.98698,3.00,1.50
2010.10.27 06:37:10.617,0.98685,0.98702,1.50,1.50
2010.10.27 06:37:12.642,0.98686,0.98704,5.20,3.00
2010.10.27 06:37:14.915,0.98686,0.98704,3.70,3.00
2010.10.27 06:37:16.956,0.98686,0.98704,3.70,1.50
2010.10.27 06:37:19.123,0.98686,0.98704,3.70,1.50
2010.10.27 06:37:21.149,0.98679,0.98695,4.50,2.30
2010.10.27 06:37:23.165,0.98676,0.98693,3.80,1.50
2010.10.27 06:37:25.229,0.98673,0.98691,4.70,2.30
2010.10.27 06:37:27.593,0.98667,0.98683,2.30,1.50
2010.10.27 06:37:29.832,0.98667,0.98685,6.00,1.10
2010.10.27 06:37:31.003,0.98672,0.98689,6.00,2.30
2010.10.27 06:37:33.028,0.98672,0.98688,1.10,3.70
2010.10.27 06:37:35.341,0.98666,0.98684,2.30,1.50
2010.10.27 06:37:37.514,0.98668,0.98684,1.50,1.50
2010.10.27 06:37:39.540,0.9866,0.98679,6.90,1.80
2010.10.27 06:37:41.569,0.98659,0.98676,1.50,1.10
2010.10.27 06:37:43.665,0.98658,0.98675,1.50,1.80
2010.10.27 06:37:46.180,0.98658,0.98676,4.50,1.80
2010.10.27 06:37:48.163,0.98658,0.98676,4.50,1.80
2010.10.27 06:37:50.257,0.98658,0.98676,1.50,3.30
2010.10.27 06:37:52.332,0.98659,0.98677,1.50,1.50
2010.10.27 06:37:54.429,0.98666,0.98681,3.20,1.50
2010.10.27 06:37:55.181,0.98654,0.98671,6.20,2.30
2010.10.27 06:37:55.313,0.9865,0.98664,3.00,1.10
2010.10.27 06:37:57.388,0.98641,0.98657,3.00,1.10
2010.10.27 06:37:58.376,0.98638,0.98648,2.30,1.50
2010.10.27 06:38:00.449,0.98628,0.98646,2.30,1.80
2010.10.27 06:38:02.781,0.98634,0.98651,2.30,2.30
2010.10.27 06:38:04.788,0.98633,0.98651,1.50,2.30
2010.10.27 06:38:06.811,0.9863,0.98649,3.80,1.50
2010.10.27 06:38:08.899,0.98633,0.98647,4.50,1.80
2010.10.27 06:38:10.670,0.98639,0.98653,3.00,1.50
2010.10.27 06:38:12.696,0.9864,0.98657,4.70,2.60
2010.10.27 06:38:14.884,0.98644,0.98656,1.10,1.50
2010.10.27 06:38:16.955,0.98645,0.98661,1.50,1.50
2010.10.27 06:38:18.838,0.98645,0.98654,1.50,2.30
2010.10.27 06:38:19.069,0.98638,0.98653,3.70,1.50
2010.10.27 06:38:19.188,0.98636,0.9865,1.50,1.10
2010.10.27 06:38:19.309,0.98634,0.98645,3.00,1.10
2010.10.27 06:38:21.337,0.98626,0.98643,1.50,3.00
2010.10.27 06:38:22.193,0.98633,0.98645,1.10,1.50
2010.10.27 06:38:24.444,0.98635,0.98646,1.10,1.50
2010.10.27 06:38:24.892,0.9864,0.98654,1.80,2.30
2010.10.27 06:38:28.970,0.98644,0.98659,1.10,3.00
2010.10.27 06:38:31.082,0.98643,0.98656,1.10,1.50
2010.10.27 06:38:33.262,0.9864,0.98654,4.00,3.00
2010.10.27 06:38:35.627,0.98641,0.98654,1.10,3.00
2010.10.27 06:38:37.913,0.98651,0.98658,1.10,2.30
2010.10.27 06:38:39.925,0.98651,0.98663,1.10,3.00
2010.10.27 06:38:42.022,0.98651,0.98666,1.10,2.30
2010.10.27 06:38:44.087,0.98651,0.98664,1.10,1.50
2010.10.27 06:38:46.275,0.98649,0.98666,1.50,4.50
2010.10.27 06:38:48.465,0.98654,0.98672,1.50,1.50
2010.10.27 06:38:50.735,0.98654,0.98672,1.50,1.50
2010.10.27 06:38:52.739,0.98654,0.98672,1.50,1.50
2010.10.27 06:38:54.808,0.98659,0.98671,2.30,1.50
2010.10.27 06:38:55.761,0.98643,0.9866,4.50,1.50
2010.10.27 06:38:58.040,0.98643,0.98657,1.10,2.30
2010.10.27 06:39:00.138,0.98641,0.98655,1.80,3.80
2010.10.27 06:39:02.231,0.98652,0.98664,1.10,1.50
2010.10.27 06:39:04.263,0.98652,0.98664,1.10,1.50
2010.10.27 06:39:06.460,0.98653,0.98668,1.10,2.30
2010.10.27 06:39:08.463,0.98652,0.98668,1.10,4.50
2010.10.27 06:39:10.486,0.98653,0.98669,1.10,3.00
2010.10.27 06:39:12.527,0.98656,0.98672,3.00,1.50
2010.10.27 06:39:14.871,0.98656,0.98673,3.00,1.50
2010.10.27 06:39:16.902,0.98656,0.98674,3.00,1.50
2010.10.27 06:39:19.277,0.98659,0.98675,1.50,1.50
2010.10.27 06:39:21.542,0.98661,0.98676,1.50,3.00
2010.10.27 06:39:21.671,0.98666,0.98678,4.50,1.50
2010.10.27 06:39:22.612,0.98671,0.98685,1.50,1.50
2010.10.27 06:39:23.644,0.98679,0.98692,1.50,1.50
2010.10.27 06:39:24.742,0.98682,0.98698,1.50,2.30
2010.10.27 06:39:26.809,0.98685,0.98698,1.50,2.60
2010.10.27 06:39:28.826,0.98687,0.98703,1.10,1.80
2010.10.27 06:39:29.689,0.98687,0.98703,1.10,4.10
2010.10.27 06:39:31.741,0.98689,0.987,1.50,2.30
2010.10.27 06:39:33.850,0.98683,0.98698,1.10,1.10
2010.10.27 06:39:35.895,0.98684,0.98699,1.50,1.80
2010.10.27 06:39:37.916,0.98687,0.987,1.50,1.50
2010.10.27 06:39:39.994,0.98697,0.98708,1.50,1.50
2010.10.27 06:39:42.046,0.98698,0.98711,3.70,1.50
2010.10.27 06:39:44.040,0.987,0.98716,3.20,2.30
2010.10.27 06:39:46.096,0.987,0.98715,4.00,1.50
2010.10.27 06:39:47.284,0.98691,0.98707,3.00,3.30
2010.10.27 06:39:49.469,0.98687,0.98706,1.50,2.30
2010.10.27 06:39:51.646,0.98693,0.98708,1.10,1.50
2010.10.27 06:39:53.645,0.98687,0.98706,1.50,3.90
2010.10.27 06:39:55.821,0.98686,0.98699,3.70,2.30
2010.10.27 06:39:58.172,0.98683,0.98696,1.50,2.30
2010.10.27 06:40:00.186,0.98683,0.98696,1.50,2.30
2010.10.27 06:40:02.540,0.98679,0.9869,1.50,3.00
2010.10.27 06:40:04.845,0.98675,0.98688,2.30,1.10
2010.10.27 06:40:06.979,0.98675,0.98689,2.30,4.10
2010.10.27 06:40:09.269,0.98676,0.98689,1.50,4.10
2010.10.27 06:40:13.531,0.98677,0.98689,1.50,3.30
2010.10.27 06:40:15.642,0.98681,0.98696,1.10,1.50
2010.10.27 06:40:16.258,0.98691,0.98705,1.10,1.50
2010.10.27 06:40:17.751,0.9869,0.98696,7.40,1.10
2010.10.27 06:40:18.246,0.98689,0.98704,1.50,1.80
2010.10.27 06:40:20.633,0.98691,0.98706,1.80,2.30
2010.10.27 06:40:22.627,0.98694,0.98708,2.30,1.50
2010.10.27 06:40:24.888,0.98695,0.98709,3.00,1.50
2010.10.27 06:40:26.990,0.98695,0.98709,6.20,1.50
2010.10.27 06:40:29.878,0.98694,0.9871,2.60,2.30
2010.10.27 06:40:30.015,0.987,0.98715,2.30,1.80
2010.10.27 06:40:31.936,0.98714,0.98719,1.10,3.00
2010.10.27 06:40:33.963,0.98716,0.98727,3.00,1.50
2010.10.27 06:40:36.001,0.98715,0.98731,1.10,2.30
2010.10.27 06:40:37.422,0.98734,0.98747,1.80,1.70
2010.10.27 06:40:39.798,0.98737,0.9875,3.00,1.50
2010.10.27 06:40:41.835,0.98733,0.98746,1.10,1.50
2010.10.27 06:40:43.827,0.98729,0.98742,1.10,1.50
2010.10.27 06:40:44.383,0.98724,0.98737,1.50,1.50
2010.10.27 06:40:45.246,0.9872,0.98736,1.10,1.70
2010.10.27 06:40:47.282,0.9871,0.98723,1.80,1.50
2010.10.27 06:40:49.309,0.9871,0.98721,1.10,1.50
2010.10.27 06:40:51.397,0.9871,0.98722,1.10,1.50
2010.10.27 06:40:53.510,0.9871,0.98724,1.10,2.30
2010.10.27 06:40:55.682,0.98705,0.98719,2.30,9.30
2010.10.27 06:40:57.759,0.98697,0.98708,1.50,1.10
2010.10.27 06:40:59.775,0.98694,0.98707,1.50,1.50
2010.10.27 06:41:01.846,0.98693,0.98707,1.50,1.50
2010.10.27 06:41:03.917,0.98692,0.98707,3.30,2.30
2010.10.27 06:41:05.997,0.9869,0.98704,1.50,1.10
2010.10.27 06:41:08.058,0.98691,0.98706,3.00,2.30
2010.10.27 06:41:10.277,0.98692,0.98706,3.00,1.50
2010.10.27 06:41:12.275,0.9869,0.98705,3.00,1.80
2010.10.27 06:41:14.330,0.9869,0.98705,4.50,1.50
2010.10.27 06:41:16.510,0.9869,0.98703,3.00,1.50
2010.10.27 06:41:18.526,0.9869,0.98703,1.50,1.50
2010.10.27 06:41:20.572,0.98689,0.98705,3.80,4.50
2010.10.27 06:41:22.721,0.98684,0.987,2.60,1.50
2010.10.27 06:41:24.796,0.98682,0.98697,1.50,2.30
2010.10.27 06:41:27.000,0.98684,0.98699,1.50,1.80
2010.10.27 06:41:29.007,0.98684,0.98699,1.50,4.10
2010.10.27 06:41:31.115,0.98684,0.98699,1.50,1.80
2010.10.27 06:41:33.240,0.98684,0.98699,1.50,1.80
2010.10.27 06:41:35.272,0.98684,0.98699,1.50,4.20
2010.10.27 06:41:37.386,0.98682,0.98697,3.30,1.50
2010.10.27 06:41:39.392,0.98683,0.98697,1.10,1.50
2010.10.27 06:41:41.446,0.98683,0.98697,2.30,1.50
2010.10.27 06:41:43.127,0.98667,0.98679,1.10,1.50
2010.10.27 06:41:45.157,0.98662,0.98677,1.80,1.80
2010.10.27 06:41:47.399,0.9867,0.98681,1.10,1.50
2010.10.27 06:41:47.535,0.98675,0.98689,1.50,3.30
2010.10.27 06:41:50.019,0.98676,0.98689,3.00,1.10
2010.10.27 06:41:50.153,0.9868,0.98696,2.30,1.80
2010.10.27 06:41:52.198,0.98683,0.98699,1.50,4.50
2010.10.27 06:41:54.246,0.9868,0.98694,1.10,1.50
2010.10.27 06:41:56.468,0.9868,0.98694,1.10,1.50
2010.10.27 06:41:58.815,0.98676,0.98689,1.50,2.60
2010.10.27 06:42:00.885,0.98673,0.98688,1.50,1.50
2010.10.27 06:42:02.993,0.98673,0.98688,3.00,1.50
2010.10.27 06:42:05.180,0.98674,0.98688,2.30,1.50
2010.10.27 06:42:05.608,0.98681,0.98689,3.00,2.30
2010.10.27 06:42:05.848,0.98686,0.98701,3.30,3.70
2010.10.27 06:42:08.107,0.98696,0.98706,1.10,1.50
2010.10.27 06:42:10.396,0.98693,0.98707,1.40,1.50
2010.10.27 06:42:11.337,0.98706,0.98713,1.10,1.50
2010.10.27 06:42:13.412,0.98702,0.98716,1.80,1.50
2010.10.27 06:42:15.420,0.98708,0.98719,1.50,1.50
2010.10.27 06:42:15.877,0.98719,0.98727,1.10,1.70
2010.10.27 06:42:16.532,0.98712,0.98723,1.50,1.50
2010.10.27 06:42:18.552,0.98716,0.98729,1.50,1.50
2010.10.27 06:42:19.997,0.9872,0.98729,1.10,4.50
2010.10.27 06:42:20.465,0.98716,0.98732,2.30,1.80
2010.10.27 06:42:22.795,0.98721,0.98734,1.50,4.50
2010.10.27 06:42:24.858,0.98718,0.98732,3.00,1.50
2010.10.27 06:42:26.899,0.98721,0.98729,1.10,1.50
2010.10.27 06:42:28.614,0.98707,0.98716,3.00,1.10
2010.10.27 06:42:30.713,0.98704,0.98719,3.00,1.80
2010.10.27 06:42:32.806,0.98708,0.98719,1.50,3.30
2010.10.27 06:42:34.826,0.9871,0.98723,2.30,1.50
2010.10.27 06:42:36.743,0.98705,0.98718,2.30,1.70
2010.10.27 06:42:36.977,0.98697,0.9871,2.30,1.50
2010.10.27 06:42:37.614,0.9869,0.98705,1.50,1.10
2010.10.27 06:42:39.269,0.98688,0.98701,1.50,4.50
2010.10.27 06:42:39.656,0.98682,0.98695,3.00,1.10
2010.10.27 06:42:41.735,0.98686,0.98698,7.50,4.50
2010.10.27 06:42:41.868,0.987,0.9871,1.50,1.50
2010.10.27 06:42:43.959,0.987,0.98714,1.50,2.30
2010.10.27 06:42:46.066,0.987,0.98715,1.50,4.00
2010.10.27 06:42:48.154,0.98705,0.98719,1.10,1.50
2010.10.27 06:42:50.513,0.98708,0.98722,2.60,4.50
2010.10.27 06:42:50.995,0.98721,0.98733,1.10,1.50
2010.10.27 06:42:52.168,0.98732,0.98739,1.10,4.90
2010.10.27 06:42:52.605,0.98727,0.98742,4.00,3.20
2010.10.27 06:42:52.720,0.98727,0.98737,3.00,1.10
2010.10.27 06:42:54.747,0.9872,0.98732,1.50,2.30
2010.10.27 06:42:56.777,0.98721,0.98736,1.50,2.30
2010.10.27 06:42:58.856,0.9872,0.98732,1.50,1.80
2010.10.27 06:43:00.926,0.98718,0.98731,2.60,1.50
2010.10.27 06:43:01.259,0.98719,0.98723,1.50,1.10
2010.10.27 06:43:01.601,0.98708,0.98721,2.60,3.70
2010.10.27 06:43:02.039,0.98713,0.9872,1.10,1.50
2010.10.27 06:43:02.379,0.98713,0.98725,1.10,1.50
2010.10.27 06:43:04.418,0.98713,0.98727,1.10,1.50
2010.10.27 06:43:06.508,0.98711,0.98724,1.50,1.50
2010.10.27 06:43:08.586,0.9871,0.98725,1.10,4.50
2010.10.27 06:43:09.233,0.98707,0.98716,1.50,1.10
2010.10.27 06:43:11.325,0.98703,0.98717,1.50,1.10
2010.10.27 06:43:11.961,0.98708,0.98723,1.50,3.30
2010.10.27 06:43:14.040,0.98711,0.98727,1.50,3.50
2010.10.27 06:43:16.284,0.98711,0.98726,1.50,3.70
2010.10.27 06:43:18.339,0.98711,0.98724,1.50,3.70
2010.10.27 06:43:20.365,0.98712,0.98725,1.50,2.30
2010.10.27 06:43:22.390,0.98717,0.98727,1.50,1.50
2010.10.27 06:43:24.406,0.98725,0.98739,1.50,3.00
2010.10.27 06:43:26.469,0.98722,0.98736,1.50,1.50
2010.10.27 06:43:28.557,0.98717,0.98733,1.50,2.30
2010.10.27 06:43:30.647,0.98721,0.98736,2.60,1.50
2010.10.27 06:43:32.740,0.98717,0.98732,1.50,3.00
2010.10.27 06:43:34.789,0.98716,0.98732,1.50,2.30
2010.10.27 06:43:36.803,0.98716,0.98732,1.50,2.30
2010.10.27 06:43:38.908,0.98716,0.9873,1.50,1.50
2010.10.27 06:43:43.207,0.98716,0.98732,1.50,2.30
2010.10.27 06:43:44.503,0.9872,0.98733,1.10,3.00
2010.10.27 06:43:46.423,0.98714,0.98721,8.10,1.10
2010.10.27 06:43:46.901,0.98708,0.98722,1.50,3.80
2010.10.27 06:43:49.210,0.98704,0.98721,3.30,1.50
2010.10.27 06:43:50.318,0.98703,0.98718,1.10,1.50
2010.10.27 06:43:50.445,0.98697,0.98711,1.50,1.50
2010.10.27 06:43:52.468,0.98699,0.98714,1.50,1.50
2010.10.27 06:43:54.569,0.98699,0.98712,1.50,1.50
2010.10.27 06:43:56.700,0.98698,0.98714,1.50,1.50
2010.10.27 06:43:58.813,0.98698,0.98712,1.50,1.50
2010.10.27 06:44:00.888,0.98704,0.98716,1.10,2.30
2010.10.27 06:44:01.398,0.98702,0.98712,1.50,1.10
2010.10.27 06:44:03.498,0.987,0.98708,1.50,1.10
2010.10.27 06:44:05.579,0.98692,0.98706,1.80,1.50
2010.10.27 06:44:07.645,0.98692,0.98706,1.80,1.50
2010.10.27 06:44:09.366,0.98691,0.98701,1.50,1.10
2010.10.27 06:44:11.466,0.98681,0.98696,1.50,1.10
2010.10.27 06:44:13.591,0.9868,0.98696,2.30,1.10
2010.10.27 06:44:15.726,0.9868,0.98696,2.30,1.10
2010.10.27 06:44:17.816,0.98682,0.98697,1.50,1.80
2010.10.27 06:44:19.827,0.9869,0.98706,1.50,1.10
2010.10.27 06:44:22.077,0.9869,0.98707,1.50,3.30
2010.10.27 06:44:24.217,0.9869,0.98706,1.50,1.50
2010.10.27 06:44:26.240,0.98689,0.98704,1.50,1.10
2010.10.27 06:44:28.566,0.98689,0.98705,1.50,1.10
2010.10.27 06:44:30.656,0.98694,0.98708,1.50,1.10
2010.10.27 06:44:32.830,0.98697,0.98708,1.50,1.10
2010.10.27 06:44:34.916,0.98703,0.98717,1.50,1.70
2010.10.27 06:44:35.769,0.98707,0.98722,1.50,1.50
2010.10.27 06:44:38.036,0.98704,0.98721,4.50,3.00
2010.10.27 06:44:40.137,0.98704,0.98721,4.50,3.00
2010.10.27 06:44:42.150,0.98704,0.98721,4.50,1.50
2010.10.27 06:44:43.189,0.98702,0.98709,11.80,1.10
2010.10.27 06:44:43.311,0.98704,0.98712,1.50,3.80
2010.10.27 06:44:43.428,0.98699,0.98711,2.30,4.50
2010.10.27 06:44:45.454,0.98696,0.9871,1.50,2.30
2010.10.27 06:44:47.596,0.98687,0.98701,1.50,1.50
2010.10.27 06:44:49.866,0.98703,0.98712,1.50,1.50
2010.10.27 06:44:49.992,0.98711,0.9872,1.10,1.50
2010.10.27 06:44:52.050,0.98703,0.98717,2.20,1.10
2010.10.27 06:44:54.064,0.98703,0.98715,1.50,1.50
2010.10.27 06:44:56.158,0.98702,0.98715,1.70,1.50
2010.10.27 06:44:58.236,0.98702,0.98715,1.70,1.50
2010.10.27 06:45:00.307,0.98702,0.98715,1.70,1.50
2010.10.27 06:45:02.648,0.98703,0.98717,1.50,1.10
2010.10.27 06:45:04.722,0.98715,0.98721,1.10,6.00
2010.10.27 06:45:05.368,0.98715,0.98728,2.30,1.10
2010.10.27 06:45:05.490,0.9872,0.98729,1.10,1.50
2010.10.27 06:45:06.411,0.98725,0.98738,2.30,3.70
2010.10.27 06:45:08.700,0.98727,0.98742,1.10,3.00
2010.10.27 06:45:08.829,0.98736,0.98741,1.10,2.30
2010.10.27 06:45:11.068,0.98739,0.98751,1.50,1.50
2010.10.27 06:45:13.390,0.98734,0.98751,1.80,2.30
2010.10.27 06:45:15.709,0.98734,0.9875,1.50,2.30
2010.10.27 06:45:17.795,0.9873,0.98744,1.50,1.50
2010.10.27 06:45:20.054,0.98728,0.98743,2.30,1.50
2010.10.27 06:45:22.140,0.98728,0.98743,3.00,1.50
2010.10.27 06:45:24.160,0.98724,0.9874,1.50,1.50
2010.10.27 06:45:26.198,0.98724,0.9874,1.50,1.50
2010.10.27 06:45:28.309,0.98729,0.98742,2.30,1.50
2010.10.27 06:45:30.396,0.98731,0.98744,1.50,1.50
2010.10.27 06:45:32.455,0.98737,0.98751,1.50,3.30
2010.10.27 06:45:34.739,0.98737,0.98748,3.00,1.10
2010.10.27 06:45:37.046,0.98736,0.98748,1.50,1.10
2010.10.27 06:45:39.168,0.98736,0.98748,1.50,1.10
2010.10.27 06:45:41.271,0.98736,0.98748,1.50,1.10
2010.10.27 06:45:43.287,0.98735,0.98748,1.50,1.10
2010.10.27 06:45:45.349,0.98737,0.98747,1.50,1.10
2010.10.27 06:45:47.711,0.98737,0.98747,1.50,1.10
2010.10.27 06:45:49.773,0.98736,0.98749,1.50,1.10
2010.10.27 06:45:51.818,0.98736,0.98749,1.50,1.10
2010.10.27 06:45:53.981,0.98736,0.98749,1.50,1.10
2010.10.27 06:45:56.207,0.98728,0.98743,1.50,1.50
2010.10.27 06:45:58.289,0.98733,0.98748,1.50,2.30
2010.10.27 06:46:00.346,0.98733,0.98748,1.50,2.30
2010.10.27 06:46:02.367,0.9873,0.98743,1.50,1.10
2010.10.27 06:46:04.399,0.9873,0.98743,1.50,1.80
2010.10.27 06:46:06.406,0.9873,0.98743,1.50,1.80
2010.10.27 06:46:08.520,0.98732,0.98747,1.80,1.80
2010.10.27 06:46:10.836,0.98732,0.98747,1.80,1.80
2010.10.27 06:46:12.891,0.98732,0.98747,1.80,1.80
2010.10.27 06:46:14.928,0.98735,0.98748,1.50,1.10
2010.10.27 06:46:16.995,0.98735,0.98748,1.50,1.10
2010.10.27 06:46:19.047,0.98735,0.98748,1.50,1.10
2010.10.27 06:46:20.189,0.98746,0.98752,1.10,2.30
2010.10.27 06:46:22.258,0.98746,0.98759,1.10,3.00
2010.10.27 06:46:24.330,0.98745,0.98759,1.50,2.30
2010.10.27 06:46:26.696,0.98744,0.98758,1.80,1.50
2010.10.27 06:46:28.778,0.98744,0.98759,1.80,1.50
2010.10.27 06:46:30.816,0.98744,0.98759,1.80,3.00
2010.10.27 06:46:31.562,0.98749,0.98759,1.10,3.00
2010.10.27 06:46:33.307,0.98751,0.98759,1.10,1.50
2010.10.27 06:46:35.415,0.98749,0.98763,1.50,2.30
2010.10.27 06:46:37.564,0.98749,0.98762,1.50,1.50
2010.10.27 06:46:39.232,0.98752,0.98767,2.30,2.30
2010.10.27 06:46:41.284,0.98754,0.98765,1.50,1.10
2010.10.27 06:46:43.317,0.98748,0.98764,3.80,4.50
2010.10.27 06:46:45.414,0.98748,0.98764,3.80,1.50
2010.10.27 06:46:47.481,0.98748,0.98764,3.00,4.50
2010.10.27 06:46:49.544,0.98744,0.98758,1.10,1.50
2010.10.27 06:46:51.587,0.98742,0.98753,1.10,1.50
2010.10.27 06:46:53.765,0.98732,0.98746,2.60,1.50
2010.10.27 06:46:55.823,0.98722,0.98736,1.80,1.50
2010.10.27 06:46:57.886,0.98733,0.98745,2.30,1.50
2010.10.27 06:47:00.045,0.98737,0.9875,2.30,2.30
2010.10.27 06:47:02.387,0.98736,0.98752,1.50,3.80
2010.10.27 06:47:04.609,0.98738,0.98753,2.30,1.50
2010.10.27 06:47:06.611,0.9874,0.98753,1.50,1.50
2010.10.27 06:47:08.636,0.9874,0.98753,1.50,1.50
2010.10.27 06:47:10.751,0.98739,0.98755,1.50,2.30
2010.10.27 06:47:13.130,0.98745,0.9876,1.50,2.30
2010.10.27 06:47:14.848,0.98746,0.98761,1.50,1.50
2010.10.27 06:47:17.017,0.98746,0.98761,3.00,1.50
2010.10.27 06:47:19.203,0.98746,0.98761,3.00,1.50
2010.10.27 06:47:21.420,0.98746,0.98761,1.50,3.00
2010.10.27 06:47:23.648,0.98742,0.98757,3.30,1.50
2010.10.27 06:47:25.720,0.98743,0.98758,3.80,2.30
2010.10.27 06:47:27.775,0.98743,0.98758,3.80,2.30
2010.10.27 06:47:29.815,0.98745,0.98759,1.50,1.10
2010.10.27 06:47:31.847,0.98742,0.98759,4.80,1.80
2010.10.27 06:47:33.937,0.98742,0.98757,1.80,1.50
2010.10.27 06:47:36.035,0.98742,0.98757,1.10,2.30
2010.10.27 06:47:38.435,0.98743,0.98757,2.30,2.30
2010.10.27 06:47:39.128,0.98747,0.98762,2.60,3.00
2010.10.27 06:47:41.224,0.98745,0.98758,1.50,1.10
2010.10.27 06:47:43.319,0.98745,0.98758,1.50,1.10
2010.10.27 06:47:45.419,0.98746,0.98758,1.50,1.10
2010.10.27 06:47:47.427,0.98744,0.98758,1.50,1.80
2010.10.27 06:47:49.497,0.98738,0.98748,1.50,3.00
2010.10.27 06:47:50.493,0.9873,0.98737,3.00,1.50
2010.10.27 06:47:51.183,0.98719,0.98726,3.00,1.80
2010.10.27 06:47:53.248,0.9871,0.98723,2.30,1.50
2010.10.27 06:47:55.290,0.98708,0.98724,1.50,1.50
2010.10.27 06:47:55.865,0.98715,0.98729,1.10,1.50
2010.10.27 06:47:56.746,0.98728,0.98741,1.50,1.50
2010.10.27 06:47:58.815,0.98723,0.98739,1.80,1.50
2010.10.27 06:48:00.896,0.98722,0.98738,4.70,3.00
2010.10.27 06:48:01.453,0.98718,0.98731,1.50,3.00
2010.10.27 06:48:03.663,0.98721,0.98735,1.80,3.80
2010.10.27 06:48:05.670,0.98725,0.9874,4.70,2.30
2010.10.27 06:48:07.709,0.98724,0.98738,1.10,2.30
2010.10.27 06:48:09.829,0.98722,0.98736,1.80,1.50
2010.10.27 06:48:11.362,0.9872,0.98731,3.00,1.10
2010.10.27 06:48:13.399,0.98712,0.98728,2.60,1.50
2010.10.27 06:48:15.489,0.98713,0.98729,2.30,1.10
2010.10.27 06:48:17.589,0.98712,0.98726,1.50,1.50
2010.10.27 06:48:19.643,0.98725,0.98737,1.10,3.70
2010.10.27 06:48:21.679,0.98722,0.98738,1.80,2.30
2010.10.27 06:48:23.778,0.98722,0.98736,1.80,1.50
2010.10.27 06:48:25.857,0.98722,0.98736,1.80,1.50
2010.10.27 06:48:27.961,0.98722,0.98738,1.80,2.30
2010.10.27 06:48:29.999,0.98722,0.98738,1.80,1.50
2010.10.27 06:48:32.047,0.98722,0.98737,2.60,1.50
2010.10.27 06:48:34.089,0.98718,0.98734,3.00,2.30
2010.10.27 06:48:36.149,0.98708,0.98724,1.50,1.50
2010.10.27 06:48:38.279,0.98707,0.98722,1.50,1.80
2010.10.27 06:48:40.028,0.98707,0.98716,1.50,1.10
2010.10.27 06:48:42.077,0.98704,0.98714,1.50,3.70
2010.10.27 06:48:44.223,0.98706,0.98718,1.50,1.80
2010.10.27 06:48:46.312,0.98704,0.98716,1.50,1.10
2010.10.27 06:48:48.641,0.98704,0.98716,1.50,1.10
2010.10.27 06:48:50.687,0.98704,0.98716,1.50,1.10
2010.10.27 06:48:52.812,0.98704,0.98715,1.50,1.10
2010.10.27 06:48:54.893,0.98704,0.98715,1.50,1.10
2010.10.27 06:48:56.898,0.98703,0.98715,1.50,1.10
2010.10.27 06:48:58.940,0.98701,0.98707,1.50,2.70
2010.10.27 06:49:01.103,0.98697,0.98708,1.50,1.10
2010.10.27 06:49:03.192,0.98697,0.98712,3.80,1.30
2010.10.27 06:49:05.244,0.98698,0.98711,1.50,1.30
2010.10.27 06:49:07.296,0.9869,0.98704,1.10,1.50
2010.10.27 06:49:09.349,0.9869,0.98704,1.10,1.50
2010.10.27 06:49:11.575,0.98683,0.98698,1.80,1.50
2010.10.27 06:49:13.693,0.98683,0.98697,1.50,2.30
2010.10.27 06:49:15.771,0.98671,0.98686,1.50,1.10
2010.10.27 06:49:17.851,0.98668,0.98682,1.50,1.50
2010.10.27 06:49:19.925,0.98667,0.98682,4.50,2.30
2010.10.27 06:49:21.947,0.98668,0.98682,1.50,1.50
2010.10.27 06:49:24.188,0.98672,0.98687,2.30,1.50
2010.10.27 06:49:26.270,0.98675,0.98687,1.50,1.10
2010.10.27 06:49:27.299,0.98661,0.98668,21.70,1.10
2010.10.27 06:49:27.662,0.98654,0.98666,1.50,3.00
2010.10.27 06:49:29.710,0.9865,0.98662,1.50,1.10
2010.10.27 06:49:31.778,0.98649,0.98663,1.50,1.50
2010.10.27 06:49:33.887,0.98648,0.98663,3.00,1.50
2010.10.27 06:49:35.924,0.98648,0.98663,3.00,2.30
2010.10.27 06:49:37.946,0.9865,0.98665,1.50,2.30
2010.10.27 06:49:40.038,0.9865,0.98665,1.50,1.50
2010.10.27 06:49:42.071,0.9865,0.98665,1.50,1.50
2010.10.27 06:49:44.363,0.9865,0.98667,1.50,7.00
2010.10.27 06:49:46.368,0.9865,0.98665,1.50,2.30
2010.10.27 06:49:47.636,0.98664,0.98678,1.50,3.00
2010.10.27 06:49:49.687,0.98659,0.98675,1.50,2.30
2010.10.27 06:49:51.865,0.98662,0.98677,4.00,1.50
2010.10.27 06:49:53.966,0.98657,0.98666,1.50,1.50
2010.10.27 06:49:55.784,0.98658,0.98673,1.50,1.50
2010.10.27 06:49:57.888,0.98667,0.9868,1.80,1.50
2010.10.27 06:49:59.921,0.98665,0.98678,1.50,1.80
2010.10.27 06:50:02.117,0.98665,0.98678,1.50,1.80
2010.10.27 06:50:04.397,0.98668,0.98679,1.80,2.30
2010.10.27 06:50:04.512,0.98663,0.98676,3.20,1.50
2010.10.27 06:50:06.529,0.98662,0.98675,1.50,2.30
2010.10.27 06:50:08.849,0.98658,0.98672,2.30,2.60
2010.10.27 06:50:10.619,0.98653,0.98668,5.50,2.30
2010.10.27 06:50:12.830,0.98653,0.98665,4.70,1.50
2010.10.27 06:50:14.841,0.98654,0.98669,1.50,1.50
2010.10.27 06:50:16.924,0.98655,0.9867,1.50,1.50
2010.10.27 06:50:18.927,0.9866,0.98671,1.10,2.30
2010.10.27 06:50:21.023,0.98661,0.98672,1.10,3.00
2010.10.27 06:50:23.047,0.98661,0.98674,1.10,1.50
2010.10.27 06:50:25.098,0.98661,0.98674,1.10,1.50
2010.10.27 06:50:27.107,0.98661,0.98674,1.80,3.00
2010.10.27 06:50:29.477,0.98661,0.98676,1.80,3.00
2010.10.27 06:50:31.587,0.98661,0.98673,1.10,3.00
2010.10.27 06:50:32.687,0.9865,0.9866,5.50,2.30
2010.10.27 06:50:33.587,0.98632,0.98646,1.50,3.30
2010.10.27 06:50:35.203,0.98636,0.98645,1.10,2.30
2010.10.27 06:50:37.278,0.98638,0.98651,1.50,1.50
2010.10.27 06:50:38.155,0.98646,0.98655,1.50,1.50
2010.10.27 06:50:40.216,0.98651,0.98664,1.10,2.30
2010.10.27 06:50:40.668,0.98649,0.9866,1.10,1.50
2010.10.27 06:50:41.116,0.98644,0.98657,3.70,2.30
2010.10.27 06:50:41.390,0.98638,0.98644,5.20,1.10
2010.10.27 06:50:41.837,0.98633,0.98639,3.00,1.10
2010.10.27 06:50:42.145,0.9862,0.98634,3.00,1.50
2010.10.27 06:50:42.589,0.98614,0.98627,7.40,1.10
2010.10.27 06:50:44.388,0.98619,0.98631,1.50,1.50
2010.10.27 06:50:45.193,0.98621,0.98633,1.50,2.30
2010.10.27 06:50:47.279,0.98623,0.98636,1.50,1.50
2010.10.27 06:50:48.703,0.98617,0.98628,1.50,1.10
2010.10.27 06:50:50.799,0.98621,0.98628,1.50,1.10
2010.10.27 06:50:52.344,0.98631,0.98639,1.50,1.80
2010.10.27 06:50:54.235,0.98633,0.98641,1.50,1.50
2010.10.27 06:50:54.472,0.98626,0.98637,1.50,2.30
2010.10.27 06:50:56.580,0.98631,0.98644,1.50,1.80
2010.10.27 06:50:57.397,0.98639,0.98651,1.50,2.30
2010.10.27 06:50:59.688,0.9864,0.9865,1.50,1.50
2010.10.27 06:51:02.088,0.98641,0.98651,1.50,1.50
2010.10.27 06:51:04.298,0.98633,0.98643,3.00,1.50
2010.10.27 06:51:06.310,0.98629,0.98642,1.50,2.30
2010.10.27 06:51:08.282,0.98628,0.98638,1.50,1.10
2010.10.27 06:51:10.585,0.98623,0.98636,1.50,2.60
2010.10.27 06:51:11.706,0.98611,0.98628,2.30,3.30
2010.10.27 06:51:13.819,0.98615,0.98627,1.50,1.10
2010.10.27 06:51:15.896,0.9861,0.98621,4.50,1.10
2010.10.27 06:51:17.989,0.98611,0.9862,1.50,1.10
2010.10.27 06:51:20.049,0.98611,0.98619,1.50,1.10
2010.10.27 06:51:22.350,0.98612,0.98624,1.50,1.10
2010.10.27 06:51:24.450,0.98613,0.98627,1.80,3.00
2010.10.27 06:51:26.500,0.98614,0.98629,1.50,1.80
2010.10.27 06:51:28.572,0.98614,0.98629,3.80,1.80
2010.10.27 06:51:30.677,0.98614,0.98629,3.00,1.80
2010.10.27 06:51:32.756,0.98612,0.98627,1.80,1.80
2010.10.27 06:51:34.794,0.98612,0.98627,1.80,1.80
2010.10.27 06:51:36.905,0.98612,0.98627,1.80,1.80
2010.10.27 06:51:39.445,0.98612,0.98627,1.80,1.80
2010.10.27 06:51:41.450,0.98612,0.98627,1.80,1.50
2010.10.27 06:51:43.452,0.98611,0.98625,1.80,1.50
2010.10.27 06:51:45.565,0.98611,0.98625,1.80,1.50
2010.10.27 06:51:47.598,0.98611,0.98625,1.10,1.50
2010.10.27 06:51:49.475,0.98607,0.98618,4.50,1.10
2010.10.27 06:51:49.594,0.98607,0.98619,4.50,3.30
2010.10.27 06:51:51.667,0.98602,0.98615,2.30,1.10
2010.10.27 06:51:53.669,0.98597,0.9861,1.50,1.80
2010.10.27 06:51:55.388,0.98611,0.98617,1.50,1.10
2010.10.27 06:51:56.142,0.98614,0.98623,1.50,3.00
2010.10.27 06:51:58.204,0.98614,0.98627,1.50,1.80
2010.10.27 06:52:00.292,0.98619,0.98628,1.50,3.00
2010.10.27 06:52:01.167,0.98624,0.9863,1.50,1.50
2010.10.27 06:52:03.257,0.98627,0.98638,1.50,1.10
2010.10.27 06:52:05.370,0.9862,0.98637,1.50,2.60
2010.10.27 06:52:07.423,0.98618,0.98633,2.30,1.50
2010.10.27 06:52:09.487,0.98618,0.98633,1.50,2.30
2010.10.27 06:52:10.794,0.98626,0.98633,1.10,1.50
2010.10.27 06:52:12.835,0.98618,0.98633,5.30,1.50
2010.10.27 06:52:14.849,0.98616,0.98631,3.00,1.50
2010.10.27 06:52:16.940,0.98613,0.98627,2.30,1.10
2010.10.27 06:52:19.763,0.98626,0.98634,1.10,6.00
2010.10.27 06:52:21.823,0.98621,0.98636,1.80,1.50
2010.10.27 06:52:23.808,0.98621,0.98636,1.80,1.50
2010.10.27 06:52:25.816,0.98622,0.98633,1.10,1.50
2010.10.27 06:52:27.855,0.98622,0.98633,1.10,1.50
2010.10.27 06:52:29.874,0.98622,0.98633,1.10,1.50
2010.10.27 06:52:31.930,0.98622,0.98633,1.10,1.50
2010.10.27 06:52:34.027,0.98627,0.9864,1.50,2.30
2010.10.27 06:52:36.027,0.98627,0.9864,1.50,1.50
2010.10.27 06:52:37.861,0.98625,0.98639,1.50,1.50
2010.10.27 06:52:39.939,0.98624,0.98634,1.40,1.50
2010.10.27 06:52:41.964,0.98624,0.98635,1.40,1.50
2010.10.27 06:52:43.992,0.98625,0.9864,3.30,1.50
2010.10.27 06:52:46.097,0.98625,0.9864,6.00,1.50
2010.10.27 06:52:48.108,0.98624,0.98637,1.60,1.50
2010.10.27 06:52:50.152,0.98624,0.98636,1.60,1.50
2010.10.27 06:52:52.164,0.98624,0.98639,5.30,1.50
2010.10.27 06:52:54.306,0.98624,0.98638,4.70,1.50
2010.10.27 06:52:56.354,0.98624,0.98638,4.70,1.50
2010.10.27 06:52:58.418,0.98624,0.98638,1.80,1.50
2010.10.27 06:53:00.536,0.98624,0.98638,1.80,1.50
2010.10.27 06:53:02.570,0.98623,0.98635,1.40,1.50
2010.10.27 06:53:04.769,0.98626,0.9864,1.50,4.50
2010.10.27 06:53:06.491,0.98626,0.98642,6.00,2.30
2010.10.27 06:53:08.518,0.9863,0.98639,1.50,1.50
2010.10.27 06:53:10.621,0.98631,0.98642,1.10,1.50
2010.10.27 06:53:12.642,0.98635,0.98649,1.50,3.00
2010.10.27 06:53:14.710,0.98631,0.98645,1.50,1.10
2010.10.27 06:53:16.766,0.98628,0.9864,1.40,1.50
2010.10.27 06:53:18.830,0.98627,0.98641,1.40,1.50
2010.10.27 06:53:20.882,0.98627,0.98639,1.40,1.50
2010.10.27 06:53:23.217,0.98628,0.98639,1.40,1.50
2010.10.27 06:53:24.918,0.98627,0.98641,1.40,1.50
2010.10.27 06:53:27.092,0.98628,0.98641,1.40,1.50
2010.10.27 06:53:29.096,0.98628,0.98641,1.40,1.50
2010.10.27 06:53:31.146,0.98628,0.98641,1.40,1.50
2010.10.27 06:53:33.155,0.98628,0.98641,1.40,1.50
2010.10.27 06:53:35.239,0.98628,0.98641,1.40,1.50
2010.10.27 06:53:37.305,0.98628,0.98641,1.40,1.50
2010.10.27 06:53:39.596,0.98628,0.98641,1.40,1.50
2010.10.27 06:53:41.676,0.98627,0.98641,1.40,1.50
2010.10.27 06:53:43.735,0.98627,0.98641,1.40,1.50
2010.10.27 06:53:45.738,0.98627,0.98639,1.40,1.50
2010.10.27 06:53:47.746,0.98628,0.98639,1.40,1.50
2010.10.27 06:53:49.825,0.98628,0.98639,1.40,1.50
2010.10.27 06:53:51.851,0.9863,0.98641,4.50,1.50
2010.10.27 06:53:52.467,0.98634,0.98647,3.70,1.50
2010.10.27 06:53:54.518,0.98632,0.98645,2.30,1.10
2010.10.27 06:53:56.580,0.98632,0.98646,2.30,1.80
2010.10.27 06:53:57.306,0.98632,0.98639,2.30,1.10
2010.10.27 06:53:59.366,0.9862,0.98632,1.50,1.50
2010.10.27 06:54:01.385,0.98618,0.98632,3.00,1.50
2010.10.27 06:54:03.386,0.98618,0.98632,1.50,1.50
2010.10.27 06:54:05.463,0.98618,0.98632,3.00,1.50
2010.10.27 06:54:07.561,0.98617,0.98632,3.80,1.50
2010.10.27 06:54:09.672,0.98618,0.98633,2.30,1.50
2010.10.27 06:54:12.035,0.98618,0.98633,2.30,1.50
2010.10.27 06:54:14.143,0.98618,0.98633,2.30,1.50
2010.10.27 06:54:16.188,0.98618,0.98633,3.80,1.50
2010.10.27 06:54:18.269,0.98622,0.98637,2.30,1.50
2010.10.27 06:54:20.305,0.98631,0.98648,1.50,2.30
2010.10.27 06:54:22.328,0.98638,0.98652,1.50,3.00
2010.10.27 06:54:23.592,0.98645,0.9866,1.30,3.00
2010.10.27 06:54:23.827,0.98657,0.98665,2.30,3.00
2010.10.27 06:54:23.943,0.98657,0.98672,5.30,3.00
2010.10.27 06:54:24.446,0.98663,0.98679,1.50,6.60
2010.10.27 06:54:26.815,0.98663,0.98677,1.50,3.80
2010.10.27 06:54:28.897,0.98667,0.98679,1.50,1.80
2010.10.27 06:54:30.887,0.98678,0.98685,11.20,6.60
2010.10.27 06:54:31.005,0.98683,0.98695,1.10,1.50
2010.10.27 06:54:33.252,0.9868,0.98696,2.30,2.00
2010.10.27 06:54:35.339,0.98679,0.98694,1.50,2.30
2010.10.27 06:54:37.419,0.98679,0.98693,1.50,1.50
2010.10.27 06:54:39.467,0.98685,0.98698,1.50,1.10
2010.10.27 06:54:41.563,0.98684,0.98697,1.50,1.10
2010.10.27 06:54:43.647,0.98675,0.9869,1.50,1.50
2010.10.27 06:54:45.698,0.98677,0.98694,2.30,1.50
2010.10.27 06:54:47.760,0.9868,0.9869,1.50,1.80
2010.10.27 06:54:48.446,0.98686,0.98698,1.10,1.50
2010.10.27 06:54:50.622,0.9868,0.98697,3.00,4.70
2010.10.27 06:54:52.710,0.98682,0.98696,2.30,1.80
2010.10.27 06:54:54.735,0.98682,0.98697,2.30,1.80
2010.10.27 06:54:56.809,0.98681,0.98696,2.30,1.50
2010.10.27 06:54:58.831,0.98685,0.98697,1.80,1.50
2010.10.27 06:55:01.091,0.98685,0.98699,1.80,1.50
2010.10.27 06:55:03.109,0.98685,0.98694,2.30,1.10
2010.10.27 06:55:05.181,0.98685,0.98698,1.50,1.50
2010.10.27 06:55:07.182,0.98691,0.98702,1.10,1.50
2010.10.27 06:55:09.269,0.98687,0.98699,4.50,1.50
2010.10.27 06:55:11.575,0.98675,0.98691,3.00,4.50
2010.10.27 06:55:13.670,0.98675,0.98691,1.50,4.50
2010.10.27 06:55:15.757,0.98675,0.9869,1.50,1.10
2010.10.27 06:55:17.863,0.98669,0.98685,2.30,1.10
2010.10.27 06:55:19.960,0.98672,0.98685,3.00,1.10
2010.10.27 06:55:21.967,0.9867,0.98685,3.00,1.10
2010.10.27 06:55:24.077,0.9867,0.98685,3.00,1.10
2010.10.27 06:55:26.158,0.9867,0.98685,3.00,1.80
2010.10.27 06:55:28.168,0.9867,0.98685,3.00,1.10
2010.10.27 06:55:30.493,0.98668,0.98684,2.30,1.50
2010.10.27 06:55:32.507,0.9867,0.98684,1.50,1.50
2010.10.27 06:55:34.571,0.98673,0.98688,2.30,2.30
2010.10.27 06:55:36.614,0.98675,0.98688,3.00,1.10
2010.10.27 06:55:38.804,0.98676,0.98688,1.50,1.10
2010.10.27 06:55:41.360,0.98675,0.98688,1.50,1.10
2010.10.27 06:55:43.387,0.98676,0.98688,1.50,1.10
2010.10.27 06:55:45.678,0.98676,0.98688,1.50,1.10
2010.10.27 06:55:47.751,0.98676,0.98688,1.50,1.10
2010.10.27 06:55:49.917,0.98675,0.98688,1.50,1.10
2010.10.27 06:55:51.936,0.98679,0.98688,1.50,1.10
2010.10.27 06:55:54.128,0.98681,0.98688,1.50,1.10
2010.10.27 06:55:54.940,0.98685,0.98699,1.10,1.50
2010.10.27 06:55:57.160,0.98689,0.98701,3.70,2.30
2010.10.27 06:55:59.169,0.98689,0.98701,3.70,2.30
2010.10.27 06:56:01.271,0.9869,0.98705,2.30,1.50
2010.10.27 06:56:03.530,0.98691,0.98705,2.30,1.50
2010.10.27 06:56:05.543,0.98691,0.98705,2.30,1.80
2010.10.27 06:56:06.507,0.987,0.98712,1.50,3.00
2010.10.27 06:56:08.844,0.98704,0.9872,1.50,3.80
2010.10.27 06:56:11.148,0.98707,0.98723,2.30,1.50
2010.10.27 06:56:13.196,0.98707,0.98723,2.30,3.00
2010.10.27 06:56:15.279,0.98707,0.98721,2.30,1.50
2010.10.27 06:56:17.289,0.98707,0.98721,2.30,1.50
2010.10.27 06:56:19.366,0.98711,0.98724,1.50,2.30
2010.10.27 06:56:21.433,0.98711,0.98725,1.50,1.50
2010.10.27 06:56:23.501,0.98718,0.98734,2.30,4.50
2010.10.27 06:56:25.550,0.98721,0.98736,1.50,4.80
2010.10.27 06:56:27.580,0.98726,0.9874,1.50,2.30
2010.10.27 06:56:29.623,0.9873,0.98743,1.50,1.50
2010.10.27 06:56:31.702,0.98723,0.98738,1.10,2.30
2010.10.27 06:56:33.807,0.98722,0.98735,1.80,1.50
2010.10.27 06:56:36.143,0.98719,0.98735,1.50,2.30
2010.10.27 06:56:38.139,0.98721,0.98739,1.50,4.50
2010.10.27 06:56:40.179,0.98722,0.98738,2.30,3.30
2010.10.27 06:56:42.713,0.98722,0.98738,2.60,3.00
2010.10.27 06:56:44.767,0.98722,0.98738,2.60,3.00
2010.10.27 06:56:45.408,0.98724,0.9874,1.50,14.40
2010.10.27 06:56:45.886,0.98746,0.98758,2.30,10.80
2010.10.27 06:56:46.003,0.98744,0.98756,1.50,1.10
2010.10.27 06:56:48.035,0.98732,0.98749,2.60,3.00
2010.10.27 06:56:50.187,0.98734,0.98748,1.10,2.30
2010.10.27 06:56:52.188,0.98731,0.98742,1.10,1.50
2010.10.27 06:56:54.340,0.98727,0.98741,1.80,1.50
2010.10.27 06:56:54.470,0.98722,0.98733,1.10,1.50
2010.10.27 06:56:56.543,0.9872,0.98731,1.80,1.50
2010.10.27 06:56:58.726,0.98722,0.98733,1.10,3.80
2010.10.27 06:57:00.828,0.98722,0.98734,1.10,1.50
2010.10.27 06:57:02.870,0.98722,0.98734,1.10,1.50
2010.10.27 06:57:04.961,0.98722,0.98736,1.80,1.50
2010.10.27 06:57:06.993,0.98722,0.98736,1.80,1.50
2010.10.27 06:57:09.067,0.98722,0.98737,1.80,1.80
2010.10.27 06:57:11.098,0.98723,0.98737,1.50,1.10
2010.10.27 06:57:13.114,0.98723,0.98737,1.50,1.10
2010.10.27 06:57:15.151,0.98723,0.98737,1.50,1.10
2010.10.27 06:57:17.359,0.98723,0.98738,1.50,2.60
2010.10.27 06:57:19.364,0.98723,0.98738,1.50,2.60
2010.10.27 06:57:21.449,0.98723,0.98738,1.50,2.60
2010.10.27 06:57:23.487,0.98723,0.98738,1.50,2.60
2010.10.27 06:57:25.558,0.98723,0.98738,1.50,2.60
2010.10.27 06:57:27.646,0.98723,0.98738,1.50,2.60
2010.10.27 06:57:29.728,0.98723,0.98738,1.80,2.30
2010.10.27 06:57:31.814,0.98723,0.98738,1.80,2.30
2010.10.27 06:57:33.896,0.98723,0.98738,1.80,2.30
2010.10.27 06:57:36.100,0.98723,0.98737,1.10,1.50
2010.10.27 06:57:38.186,0.98722,0.98736,1.80,1.50
2010.10.27 06:57:40.220,0.98722,0.98737,1.80,1.50
2010.10.27 06:57:42.286,0.98722,0.98737,1.80,1.50
2010.10.27 06:57:44.320,0.98722,0.98737,1.80,1.50
2010.10.27 06:57:46.269,0.9873,0.98737,2.30,1.50
2010.10.27 06:57:46.765,0.98729,0.98742,1.80,3.00
2010.10.27 06:57:48.840,0.98729,0.98743,1.50,1.50
2010.10.27 06:57:50.908,0.98723,0.98739,4.70,1.50
2010.10.27 06:57:52.959,0.98725,0.9874,1.10,1.50
2010.10.27 06:57:55.059,0.98725,0.9874,1.10,1.50
2010.10.27 06:57:57.248,0.98725,0.9874,1.10,1.50
2010.10.27 06:57:59.620,0.98723,0.98738,1.10,2.30
2010.10.27 06:58:01.667,0.98723,0.98738,1.10,2.30
2010.10.27 06:58:03.696,0.98723,0.98738,1.10,2.30
2010.10.27 06:58:05.720,0.98722,0.98736,1.10,1.50
2010.10.27 06:58:07.829,0.98722,0.98735,1.10,1.50
2010.10.27 06:58:10.122,0.98723,0.98737,1.10,1.50
2010.10.27 06:58:12.217,0.98723,0.98737,1.10,1.50
2010.10.27 06:58:13.102,0.98733,0.98741,1.10,5.30
2010.10.27 06:58:13.543,0.9874,0.98746,2.30,2.50
2010.10.27 06:58:13.667,0.98744,0.98761,3.30,4.50
2010.10.27 06:58:15.791,0.98745,0.98759,1.10,1.50
2010.10.27 06:58:17.800,0.98742,0.98757,1.80,3.00
2010.10.27 06:58:18.616,0.98733,0.98745,3.00,1.10
2010.10.27 06:58:20.630,0.98726,0.98743,5.30,1.50
2010.10.27 06:58:22.680,0.98725,0.98739,3.00,1.50
2010.10.27 06:58:24.754,0.98725,0.98739,3.00,1.50
2010.10.27 06:58:26.793,0.98725,0.98739,3.00,1.50
2010.10.27 06:58:28.826,0.98725,0.98739,3.00,1.50
2010.10.27 06:58:30.856,0.98725,0.98739,3.00,1.50
2010.10.27 06:58:32.957,0.98725,0.98739,3.00,1.50
2010.10.27 06:58:35.503,0.98725,0.98739,3.00,1.50
2010.10.27 06:58:37.608,0.98725,0.98739,1.50,1.50
2010.10.27 06:58:39.624,0.98726,0.98739,3.00,1.50
2010.10.27 06:58:41.727,0.98729,0.98744,1.50,1.50
2010.10.27 06:58:43.831,0.98728,0.98744,3.80,2.30
2010.10.27 06:58:45.921,0.98727,0.98743,3.00,1.50
2010.10.27 06:58:48.024,0.98725,0.98741,1.50,2.30
2010.10.27 06:58:50.128,0.98725,0.98741,3.80,2.30
2010.10.27 06:58:52.371,0.98726,0.98741,3.70,2.30
2010.10.27 06:58:54.510,0.98726,0.98741,3.70,2.30
2010.10.27 06:58:56.422,0.98732,0.98747,1.10,4.50
2010.10.27 06:58:58.485,0.98735,0.98749,1.10,1.50
2010.10.27 06:59:00.519,0.98734,0.98749,1.80,1.50
2010.10.27 06:59:02.822,0.98734,0.98749,1.80,1.50
2010.10.27 06:59:04.392,0.98729,0.98743,4.00,1.50
2010.10.27 06:59:06.666,0.98723,0.98738,1.80,1.50
2010.10.27 06:59:08.692,0.98726,0.98741,5.20,2.30
2010.10.27 06:59:10.741,0.98726,0.98737,3.00,3.00
2010.10.27 06:59:12.755,0.98724,0.98735,3.30,3.00
2010.10.27 06:59:14.926,0.98724,0.98735,2.60,3.00
2010.10.27 06:59:16.997,0.98726,0.98741,1.50,1.50
2010.10.27 06:59:19.090,0.98724,0.98738,1.80,1.50
2010.10.27 06:59:21.107,0.98724,0.98738,1.10,1.50
2010.10.27 06:59:23.482,0.98728,0.98742,1.50,1.50
2010.10.27 06:59:25.572,0.98728,0.98742,1.50,1.50
2010.10.27 06:59:27.693,0.98728,0.98742,1.50,1.50
2010.10.27 06:59:29.716,0.98728,0.98742,1.50,1.50
2010.10.27 06:59:31.758,0.98728,0.98742,1.50,1.50
2010.10.27 06:59:33.995,0.9873,0.98741,1.50,1.50
2010.10.27 06:59:36.050,0.98727,0.98742,2.30,1.50
2010.10.27 06:59:38.161,0.98728,0.98741,2.30,1.50
2010.10.27 06:59:40.253,0.98729,0.98741,1.50,1.50
2010.10.27 06:59:42.359,0.98727,0.98741,3.00,1.50
2010.10.27 06:59:44.446,0.98729,0.98741,1.50,1.50
2010.10.27 06:59:46.465,0.98729,0.98741,1.50,1.50
2010.10.27 06:59:48.579,0.98728,0.98741,2.30,1.50
2010.10.27 06:59:50.659,0.98729,0.98742,1.50,1.50
2010.10.27 06:59:52.698,0.98729,0.98741,1.50,1.50
2010.10.27 06:59:53.087,0.98729,0.98735,1.50,1.10
2010.10.27 06:59:53.309,0.98729,0.98742,1.50,3.80
2010.10.27 06:59:55.567,0.98727,0.98738,1.50,1.10
2010.10.27 06:59:56.153,0.98726,0.98739,1.10,3.70
2010.10.27 06:59:58.498,0.98727,0.98738,2.30,1.10
2010.10.27 06:59:59.965,0.9874,0.98746,1.10,1.50
