2011.04.05 06:00:00.464,0.9221,0.92228,4.35,1.50
2011.04.05 06:00:01.022,0.92211,0.92228,2.10,1.50
2011.04.05 06:00:01.643,0.92217,0.9223,1.35,2.25
2011.04.05 06:00:01.771,0.92218,0.92234,1.50,1.50
2011.04.05 06:00:01.888,0.9222,0.92236,1.35,2.25
2011.04.05 06:00:02.119,0.92221,0.92239,2.10,1.50
2011.04.05 06:00:02.235,0.92221,0.9224,2.85,1.50
2011.04.05 06:00:02.573,0.92221,0.92241,2.85,1.50
2011.04.05 06:00:03.152,0.92221,0.92241,2.85,1.58
2011.04.05 06:00:03.702,0.92223,0.9224,1.35,1.50
2011.04.05 06:00:03.813,0.92223,0.92242,2.10,2.25
2011.04.05 06:00:04.702,0.92223,0.92242,2.10,1.50
2011.04.05 06:00:05.942,0.92224,0.92243,2.25,1.69
2011.04.05 06:00:06.492,0.92226,0.92245,1.35,1.65
2011.04.05 06:00:06.825,0.92225,0.92244,5.10,1.50
2011.04.05 06:00:07.333,0.92225,0.92244,3.60,1.69
2011.04.05 06:00:07.881,0.92225,0.92243,2.10,1.88
2011.04.05 06:00:08.528,0.92226,0.92243,2.10,1.88
2011.04.05 06:00:10.731,0.92225,0.92242,2.85,1.50
2011.04.05 06:00:13.901,0.92225,0.92242,2.85,1.50
2011.04.05 06:00:14.564,0.92224,0.92241,4.50,1.50
2011.04.05 06:00:14.792,0.92221,0.92238,1.50,1.50
2011.04.05 06:00:15.011,0.92219,0.92238,2.85,1.50
2011.04.05 06:00:15.990,0.92219,0.92238,2.10,1.50
2011.04.05 06:00:16.541,0.92219,0.92237,2.10,1.50
2011.04.05 06:00:17.460,0.92219,0.92235,1.35,1.50
2011.04.05 06:00:17.807,0.92217,0.92231,1.35,1.50
2011.04.05 06:00:18.361,0.92217,0.92229,1.50,1.50
2011.04.05 06:00:18.930,0.92214,0.92229,2.10,1.50
2011.04.05 06:00:21.031,0.92215,0.92232,1.50,1.50
2011.04.05 06:00:21.723,0.92216,0.92232,1.50,1.50
2011.04.05 06:00:22.281,0.92215,0.92231,2.25,1.50
2011.04.05 06:00:24.753,0.92219,0.92231,1.35,1.50
2011.04.05 06:00:24.968,0.9222,0.92232,1.35,1.50
2011.04.05 06:00:25.086,0.9222,0.92236,2.10,1.50
2011.04.05 06:00:25.692,0.9222,0.92235,1.35,1.50
2011.04.05 06:00:36.395,0.9222,0.92238,3.60,2.25
2011.04.05 06:00:36.950,0.92222,0.92238,1.50,1.50
2011.04.05 06:00:37.502,0.92221,0.92238,1.50,2.25
2011.04.05 06:00:41.903,0.9222,0.92235,1.50,1.50
2011.04.05 06:00:42.352,0.92217,0.92235,1.50,3.79
2011.04.05 06:00:50.563,0.92216,0.92233,2.25,1.50
2011.04.05 06:00:51.550,0.92217,0.92233,1.50,1.50
2011.04.05 06:00:56.394,0.92217,0.9223,1.50,2.25
2011.04.05 06:00:56.735,0.92206,0.92217,2.25,1.50
2011.04.05 06:00:56.855,0.922,0.92216,1.50,1.50
2011.04.05 06:00:56.976,0.92198,0.92211,1.50,1.50
2011.04.05 06:00:57.442,0.92198,0.92211,2.25,1.50
2011.04.05 06:00:57.774,0.92198,0.92211,2.25,1.50
2011.04.05 06:00:58.222,0.92199,0.92214,2.25,1.50
2011.04.05 06:00:58.441,0.922,0.92217,1.50,1.50
2011.04.05 06:00:58.661,0.922,0.92218,1.50,2.25
2011.04.05 06:00:58.993,0.92203,0.92218,1.50,1.50
2011.04.05 06:00:59.551,0.92203,0.92218,1.50,1.50
2011.04.05 06:01:01.440,0.92203,0.92218,1.50,1.50
2011.04.05 06:01:04.710,0.92203,0.92219,1.50,1.50
2011.04.05 06:01:06.497,0.92203,0.92219,1.50,2.25
2011.04.05 06:01:09.048,0.92203,0.9222,1.50,2.25
2011.04.05 06:01:09.818,0.92204,0.9222,1.50,2.25
2011.04.05 06:01:10.630,0.92204,0.9222,1.50,3.00
2011.04.05 06:01:11.402,0.92204,0.9222,1.50,2.25
2011.04.05 06:01:11.744,0.92208,0.92224,1.50,1.50
2011.04.05 06:01:11.865,0.9221,0.92226,1.50,1.50
2011.04.05 06:01:12.092,0.9221,0.92228,1.50,1.50
2011.04.05 06:01:12.752,0.9221,0.92228,1.50,1.50
2011.04.05 06:01:14.681,0.92213,0.92228,2.25,1.50
2011.04.05 06:01:15.014,0.92223,0.92233,1.50,1.50
2011.04.05 06:01:15.135,0.92223,0.92239,2.25,2.25
2011.04.05 06:01:15.449,0.92225,0.92241,1.50,1.50
2011.04.05 06:01:15.563,0.92223,0.92241,1.50,1.50
2011.04.05 06:01:15.908,0.92218,0.92232,1.50,3.75
2011.04.05 06:01:16.028,0.9222,0.92232,1.50,1.50
2011.04.05 06:01:16.265,0.9222,0.92236,1.50,1.50
2011.04.05 06:01:16.383,0.92221,0.92239,1.90,1.50
2011.04.05 06:01:16.722,0.92223,0.92239,1.50,1.50
2011.04.05 06:01:17.270,0.92225,0.92242,1.50,1.50
2011.04.05 06:01:17.711,0.92226,0.92242,1.50,1.50
2011.04.05 06:01:18.057,0.92226,0.92244,1.50,1.50
2011.04.05 06:01:18.174,0.92228,0.92245,1.50,1.50
2011.04.05 06:01:18.403,0.92229,0.92247,3.00,2.25
2011.04.05 06:01:18.744,0.9223,0.92244,2.25,2.25
2011.04.05 06:01:19.072,0.9223,0.92248,2.25,1.50
2011.04.05 06:01:19.189,0.92231,0.92248,1.50,1.50
2011.04.05 06:01:19.537,0.92233,0.92248,1.50,1.50
2011.04.05 06:01:19.765,0.92232,0.9225,2.25,2.25
2011.04.05 06:01:19.883,0.92231,0.9225,1.50,3.00
2011.04.05 06:01:20.004,0.9223,0.92248,2.25,1.50
2011.04.05 06:01:20.563,0.9223,0.92244,1.50,1.50
2011.04.05 06:01:20.792,0.92228,0.92244,1.50,1.50
2011.04.05 06:01:20.902,0.92228,0.92244,2.25,1.50
2011.04.05 06:01:21.452,0.92228,0.92244,1.50,1.50
2011.04.05 06:01:22.107,0.92227,0.92245,3.00,2.25
2011.04.05 06:01:22.344,0.92226,0.92242,1.50,1.50
2011.04.05 06:01:22.684,0.92224,0.92243,2.25,1.50
2011.04.05 06:01:23.026,0.92222,0.92239,2.10,1.50
2011.04.05 06:01:23.472,0.92218,0.92236,3.00,1.50
2011.04.05 06:01:24.026,0.92217,0.92231,1.50,1.50
2011.04.05 06:01:24.257,0.9221,0.92229,2.25,1.50
2011.04.05 06:01:24.374,0.9221,0.92228,1.50,2.33
2011.04.05 06:01:24.494,0.92209,0.92228,2.25,2.33
2011.04.05 06:01:24.865,0.92209,0.92225,2.25,1.50
2011.04.05 06:01:25.218,0.92206,0.92222,4.50,1.50
2011.04.05 06:01:25.565,0.92207,0.92223,1.50,2.25
2011.04.05 06:01:26.131,0.92208,0.92225,3.00,1.50
2011.04.05 06:01:26.462,0.9221,0.92228,1.50,2.25
2011.04.05 06:01:27.016,0.92212,0.92228,2.25,1.50
2011.04.05 06:01:27.488,0.92217,0.92228,1.50,1.50
2011.04.05 06:01:27.854,0.9222,0.92228,1.50,1.50
2011.04.05 06:01:28.192,0.92217,0.92228,1.50,1.50
2011.04.05 06:01:28.633,0.92215,0.92227,2.25,1.50
2011.04.05 06:01:30.294,0.92213,0.92227,1.50,1.50
2011.04.05 06:01:30.414,0.92213,0.92227,2.25,2.25
2011.04.05 06:01:31.101,0.92211,0.92228,2.25,2.25
2011.04.05 06:01:31.652,0.9221,0.92227,3.40,1.50
2011.04.05 06:01:31.872,0.9221,0.92227,1.50,1.50
2011.04.05 06:01:32.092,0.92209,0.92227,2.25,1.50
2011.04.05 06:01:32.313,0.9221,0.92227,2.25,1.50
2011.04.05 06:01:32.870,0.9221,0.92227,3.00,1.50
2011.04.05 06:01:33.420,0.9221,0.92228,3.00,2.25
2011.04.05 06:01:33.752,0.9221,0.92227,1.50,1.50
2011.04.05 06:01:33.976,0.92212,0.9223,3.00,1.50
2011.04.05 06:01:34.097,0.92214,0.92231,2.25,1.50
2011.04.05 06:01:34.444,0.92213,0.92231,2.25,1.50
2011.04.05 06:01:34.562,0.92212,0.92231,1.50,1.50
2011.04.05 06:01:34.783,0.92212,0.9223,2.25,1.50
2011.04.05 06:01:39.843,0.9221,0.92227,1.50,1.50
2011.04.05 06:01:40.255,0.9221,0.92228,2.25,1.50
2011.04.05 06:01:40.923,0.9221,0.92225,1.50,1.50
2011.04.05 06:01:41.265,0.92205,0.92223,2.25,1.50
2011.04.05 06:01:41.384,0.92205,0.92223,1.50,3.00
2011.04.05 06:01:41.503,0.92204,0.92222,1.50,1.50
2011.04.05 06:01:41.841,0.92203,0.92221,1.50,1.50
2011.04.05 06:01:42.280,0.92203,0.92221,1.50,1.50
2011.04.05 06:01:45.840,0.92203,0.92221,1.50,2.25
2011.04.05 06:01:46.281,0.92203,0.92221,2.25,1.50
2011.04.05 06:01:46.501,0.92205,0.92222,1.50,1.50
2011.04.05 06:01:46.889,0.92205,0.92221,1.50,1.50
2011.04.05 06:01:47.016,0.92208,0.92223,1.35,2.25
2011.04.05 06:01:47.134,0.92208,0.92223,1.35,1.50
2011.04.05 06:01:47.704,0.9221,0.92226,1.50,1.50
2011.04.05 06:01:48.593,0.92212,0.92229,1.50,2.25
2011.04.05 06:01:48.714,0.92212,0.92229,1.50,1.50
2011.04.05 06:01:50.124,0.92216,0.92232,1.50,1.50
2011.04.05 06:01:50.475,0.92216,0.92232,1.50,1.50
2011.04.05 06:01:50.815,0.92216,0.92232,1.50,1.50
2011.04.05 06:01:51.152,0.92216,0.92232,1.50,1.50
2011.04.05 06:01:51.375,0.92216,0.92232,1.50,1.50
2011.04.05 06:01:51.935,0.92221,0.92235,1.50,2.25
2011.04.05 06:01:52.053,0.92221,0.92236,1.50,2.78
2011.04.05 06:01:52.503,0.92223,0.92242,2.25,3.00
2011.04.05 06:01:53.781,0.92226,0.92241,1.50,1.50
2011.04.05 06:01:54.222,0.92226,0.92242,1.50,1.50
2011.04.05 06:01:54.769,0.92226,0.92242,1.50,1.50
2011.04.05 06:01:55.542,0.92226,0.92241,1.50,1.50
2011.04.05 06:01:55.871,0.92226,0.92241,1.50,1.50
2011.04.05 06:01:56.422,0.92226,0.92241,1.50,1.50
2011.04.05 06:01:56.973,0.92224,0.92243,2.25,1.50
2011.04.05 06:01:57.336,0.92226,0.92244,1.50,2.44
2011.04.05 06:01:57.670,0.92225,0.92243,1.50,2.44
2011.04.05 06:01:59.433,0.92226,0.92243,1.50,2.63
2011.04.05 06:01:59.771,0.92224,0.92242,1.50,2.25
2011.04.05 06:01:59.996,0.92222,0.92239,1.50,1.69
2011.04.05 06:02:00.234,0.92218,0.92235,2.25,2.52
2011.04.05 06:02:00.352,0.92216,0.92234,1.50,2.25
2011.04.05 06:02:01.107,0.92216,0.92234,1.50,2.25
2011.04.05 06:02:01.664,0.92218,0.92236,3.75,2.52
2011.04.05 06:02:02.070,0.92215,0.92237,3.00,5.44
2011.04.05 06:02:02.633,0.92217,0.92237,1.50,3.00
2011.04.05 06:02:03.521,0.92217,0.92235,1.50,1.50
2011.04.05 06:02:04.073,0.92215,0.92234,1.50,1.50
2011.04.05 06:02:04.634,0.92215,0.92235,2.25,1.50
2011.04.05 06:02:04.974,0.92216,0.92235,1.50,1.50
2011.04.05 06:02:05.532,0.92217,0.92234,1.50,1.50
2011.04.05 06:02:05.971,0.92217,0.92235,1.50,2.25
2011.04.05 06:02:06.353,0.92217,0.92235,1.50,2.25
2011.04.05 06:02:06.913,0.92216,0.92234,1.50,1.50
2011.04.05 06:02:07.621,0.92216,0.92233,1.50,1.50
2011.04.05 06:02:07.843,0.92216,0.92234,2.25,2.25
2011.04.05 06:02:08.401,0.92214,0.92234,1.50,3.00
2011.04.05 06:02:10.233,0.92214,0.92233,1.50,1.50
2011.04.05 06:02:10.351,0.92214,0.92233,1.50,1.50
2011.04.05 06:02:10.572,0.92214,0.92234,1.50,3.00
2011.04.05 06:02:11.232,0.92214,0.92233,1.50,1.50
2011.04.05 06:02:11.563,0.92214,0.92228,1.50,2.25
2011.04.05 06:02:11.683,0.92212,0.9223,1.50,2.25
2011.04.05 06:02:12.411,0.92211,0.9223,1.50,1.35
2011.04.05 06:02:12.973,0.92211,0.92231,1.50,2.25
2011.04.05 06:02:13.311,0.92211,0.92231,1.50,2.25
2011.04.05 06:02:13.862,0.92212,0.92231,1.50,3.00
2011.04.05 06:02:14.853,0.92211,0.9223,1.50,1.50
2011.04.05 06:02:15.411,0.9221,0.92229,1.50,1.50
2011.04.05 06:02:15.852,0.92209,0.92226,2.10,1.50
2011.04.05 06:02:16.378,0.92209,0.92225,1.35,1.50
2011.04.05 06:02:16.714,0.92209,0.92227,1.35,1.50
2011.04.05 06:02:17.711,0.92209,0.92227,2.10,1.58
2011.04.05 06:02:18.261,0.92209,0.92227,2.10,1.58
2011.04.05 06:02:21.415,0.92209,0.92229,2.10,3.00
2011.04.05 06:02:25.484,0.9221,0.9223,2.25,3.00
2011.04.05 06:02:25.602,0.9221,0.9223,3.00,3.00
2011.04.05 06:02:26.162,0.92212,0.9223,1.50,3.75
2011.04.05 06:02:26.714,0.92212,0.9223,1.50,1.50
2011.04.05 06:02:27.272,0.92214,0.92232,1.50,3.00
2011.04.05 06:02:27.712,0.92214,0.92232,1.50,4.50
2011.04.05 06:02:38.735,0.92214,0.92233,1.50,1.50
2011.04.05 06:02:38.963,0.92214,0.92232,1.50,1.50
2011.04.05 06:02:39.193,0.92213,0.92232,1.50,1.50
2011.04.05 06:02:40.302,0.92214,0.92232,1.50,1.50
2011.04.05 06:02:43.084,0.92214,0.92233,1.50,3.75
2011.04.05 06:02:43.312,0.92214,0.92232,1.50,1.50
2011.04.05 06:02:44.088,0.92214,0.92232,1.50,1.50
2011.04.05 06:02:44.658,0.92214,0.9223,1.50,3.00
2011.04.05 06:02:45.544,0.92213,0.92231,2.25,1.50
2011.04.05 06:02:45.666,0.92214,0.92232,1.50,2.25
2011.04.05 06:02:46.221,0.92216,0.92232,1.50,1.50
2011.04.05 06:02:47.765,0.92216,0.92232,2.25,1.50
2011.04.05 06:02:49.195,0.92216,0.92232,2.25,1.50
2011.04.05 06:02:49.755,0.92215,0.92233,2.10,1.50
2011.04.05 06:02:50.322,0.92215,0.92232,2.10,2.25
2011.04.05 06:02:50.652,0.92212,0.9223,1.35,2.33
2011.04.05 06:02:53.290,0.92212,0.9223,1.35,2.25
2011.04.05 06:02:54.084,0.92215,0.92231,1.50,3.75
2011.04.05 06:02:54.434,0.92216,0.92234,2.25,3.00
2011.04.05 06:02:54.664,0.92216,0.92233,2.25,2.25
2011.04.05 06:02:55.332,0.92217,0.92233,1.50,2.25
2011.04.05 06:02:56.841,0.92217,0.92233,1.50,1.50
2011.04.05 06:02:57.394,0.92217,0.92233,1.50,2.25
2011.04.05 06:02:57.952,0.92217,0.92233,1.50,1.50
2011.04.05 06:02:59.718,0.92219,0.92235,1.50,3.75
2011.04.05 06:03:00.283,0.92219,0.92235,1.50,3.00
2011.04.05 06:03:00.843,0.92219,0.92235,1.50,2.25
2011.04.05 06:03:02.752,0.92218,0.92235,2.10,2.25
2011.04.05 06:03:03.192,0.92218,0.92235,2.50,2.25
2011.04.05 06:03:03.632,0.92218,0.92235,3.25,1.50
2011.04.05 06:03:05.034,0.92224,0.92235,1.35,1.50
2011.04.05 06:03:05.156,0.92224,0.9224,2.50,3.75
2011.04.05 06:03:05.383,0.92224,0.92241,2.85,2.25
2011.04.05 06:03:05.941,0.92227,0.92241,1.50,1.50
2011.04.05 06:03:06.382,0.92227,0.92241,1.50,1.50
2011.04.05 06:03:06.931,0.92227,0.92241,1.50,1.50
2011.04.05 06:03:07.444,0.92227,0.92243,1.50,2.25
2011.04.05 06:03:07.900,0.92227,0.92243,1.50,2.25
2011.04.05 06:03:09.103,0.92226,0.92243,1.50,2.25
2011.04.05 06:03:09.333,0.92226,0.9224,1.50,1.50
2011.04.05 06:03:09.892,0.92224,0.9224,1.35,1.50
2011.04.05 06:03:10.440,0.92224,0.9224,2.10,2.25
2011.04.05 06:03:11.814,0.92224,0.9224,2.10,1.50
2011.04.05 06:03:12.042,0.92224,0.92242,2.85,3.00
2011.04.05 06:03:12.373,0.92227,0.92242,1.50,1.50
2011.04.05 06:03:12.715,0.92229,0.92246,3.00,2.25
2011.04.05 06:03:12.833,0.92229,0.92244,3.75,1.50
2011.04.05 06:03:13.943,0.92229,0.92244,2.25,3.00
2011.04.05 06:03:14.174,0.92228,0.9224,1.50,1.50
2011.04.05 06:03:14.295,0.92228,0.92244,1.50,2.25
2011.04.05 06:03:14.810,0.92227,0.92244,2.25,1.50
2011.04.05 06:03:15.595,0.92228,0.92245,2.25,1.50
2011.04.05 06:03:16.153,0.9223,0.92246,2.10,1.50
2011.04.05 06:03:17.042,0.9223,0.92245,2.10,1.50
2011.04.05 06:03:17.374,0.92228,0.92241,2.25,1.50
2011.04.05 06:03:17.492,0.92228,0.92245,2.25,1.50
2011.04.05 06:03:18.262,0.92228,0.92245,1.50,2.25
2011.04.05 06:03:18.811,0.92226,0.92244,1.50,3.00
2011.04.05 06:03:19.393,0.92227,0.92243,1.50,1.50
2011.04.05 06:03:20.033,0.92226,0.92243,1.50,1.50
2011.04.05 06:03:23.792,0.92226,0.92244,2.25,2.25
2011.04.05 06:03:24.013,0.92226,0.92244,2.25,3.00
2011.04.05 06:03:24.681,0.92225,0.92243,1.50,3.00
2011.04.05 06:03:25.340,0.92226,0.92242,1.50,2.25
2011.04.05 06:03:26.881,0.92226,0.92242,1.50,3.00
2011.04.05 06:03:30.161,0.92227,0.92242,1.50,1.50
2011.04.05 06:03:30.493,0.92229,0.92245,1.50,3.00
2011.04.05 06:03:31.892,0.92229,0.92245,1.50,3.75
2011.04.05 06:03:32.222,0.92225,0.92242,1.50,1.50
2011.04.05 06:03:32.771,0.92225,0.92243,1.50,1.50
2011.04.05 06:03:33.212,0.92224,0.92243,2.85,1.50
2011.04.05 06:03:34.981,0.92223,0.92236,1.50,1.50
2011.04.05 06:03:35.093,0.9222,0.92236,2.10,1.50
2011.04.05 06:03:35.982,0.9222,0.92236,2.10,1.50
2011.04.05 06:03:41.893,0.92218,0.92236,1.50,2.25
2011.04.05 06:03:52.550,0.92217,0.92236,2.10,1.50
2011.04.05 06:03:52.883,0.92217,0.92237,2.85,3.00
2011.04.05 06:03:54.521,0.92217,0.92235,3.60,1.50
2011.04.05 06:03:54.850,0.92217,0.92235,3.60,1.50
2011.04.05 06:04:04.452,0.92219,0.92235,2.25,2.25
2011.04.05 06:04:04.672,0.9222,0.92238,2.25,1.50
2011.04.05 06:04:04.785,0.92224,0.92239,1.50,1.50
2011.04.05 06:04:05.123,0.92224,0.92242,2.10,1.50
2011.04.05 06:04:05.792,0.92224,0.92242,2.10,1.50
2011.04.05 06:04:06.435,0.92224,0.92242,2.10,1.50
2011.04.05 06:04:09.332,0.92226,0.92244,1.50,2.25
2011.04.05 06:04:09.882,0.92226,0.92245,3.40,1.50
2011.04.05 06:04:11.331,0.92226,0.92245,3.40,1.50
2011.04.05 06:04:12.607,0.92227,0.92245,1.50,1.50
2011.04.05 06:04:13.394,0.92228,0.92246,1.50,2.25
2011.04.05 06:04:13.734,0.92228,0.92246,1.50,3.00
2011.04.05 06:04:15.491,0.92228,0.92246,1.50,3.75
2011.04.05 06:04:16.041,0.92228,0.92246,1.50,3.75
2011.04.05 06:04:17.993,0.92228,0.92246,1.50,2.25
2011.04.05 06:04:18.338,0.92228,0.92246,1.50,1.50
2011.04.05 06:04:18.455,0.92227,0.92245,2.25,1.50
2011.04.05 06:04:19.454,0.92228,0.92245,1.50,1.50
2011.04.05 06:04:19.575,0.92228,0.92246,2.25,1.50
2011.04.05 06:04:21.122,0.92229,0.92247,2.25,3.00
2011.04.05 06:04:21.674,0.92229,0.92247,1.50,1.50
2011.04.05 06:04:22.231,0.92229,0.92247,2.65,2.25
2011.04.05 06:04:23.413,0.92228,0.92247,3.40,3.00
2011.04.05 06:04:23.863,0.92229,0.92247,1.90,3.00
2011.04.05 06:04:32.301,0.92227,0.92247,1.90,2.25
2011.04.05 06:04:32.744,0.92227,0.92245,1.50,1.50
2011.04.05 06:04:34.488,0.92227,0.9224,2.25,2.25
2011.04.05 06:04:34.763,0.92224,0.92239,3.00,1.50
2011.04.05 06:04:34.885,0.9222,0.92239,1.50,2.10
2011.04.05 06:04:35.344,0.92219,0.92237,1.50,1.50
2011.04.05 06:04:35.901,0.92219,0.92237,1.50,1.50
2011.04.05 06:04:36.453,0.92219,0.92237,1.50,1.50
2011.04.05 06:04:36.786,0.92225,0.92239,1.50,2.25
2011.04.05 06:04:36.906,0.92225,0.92243,2.25,1.50
2011.04.05 06:04:37.024,0.92225,0.92244,2.25,1.50
2011.04.05 06:04:37.583,0.92227,0.92244,1.50,1.50
2011.04.05 06:04:37.702,0.92227,0.92245,2.25,2.25
2011.04.05 06:04:39.232,0.92228,0.92245,1.50,1.50
2011.04.05 06:04:41.842,0.92228,0.92246,3.00,2.25
2011.04.05 06:04:42.281,0.92228,0.92245,2.25,1.50
2011.04.05 06:04:42.832,0.92228,0.92245,3.75,1.50
2011.04.05 06:04:44.792,0.92228,0.92246,1.50,1.50
2011.04.05 06:04:45.013,0.92227,0.92246,3.00,1.50
2011.04.05 06:04:45.902,0.92228,0.92243,2.25,1.50
2011.04.05 06:04:46.450,0.92229,0.92245,3.00,1.50
2011.04.05 06:04:48.144,0.92231,0.92246,1.50,1.50
2011.04.05 06:04:48.702,0.92232,0.92247,1.50,1.50
2011.04.05 06:04:49.373,0.92233,0.92248,1.50,4.50
2011.04.05 06:04:49.604,0.92233,0.92249,3.00,1.50
2011.04.05 06:04:49.943,0.92235,0.92254,1.50,2.25
2011.04.05 06:04:50.490,0.92235,0.92253,4.50,1.50
2011.04.05 06:04:52.253,0.92235,0.92253,3.00,1.50
2011.04.05 06:04:53.596,0.92235,0.92253,3.00,1.50
2011.04.05 06:04:54.040,0.92235,0.92253,3.00,1.50
2011.04.05 06:04:54.591,0.92236,0.92253,1.50,1.50
2011.04.05 06:04:55.391,0.92235,0.92253,3.00,1.50
2011.04.05 06:04:56.182,0.92235,0.92253,2.25,1.50
2011.04.05 06:04:56.953,0.92234,0.92253,1.50,1.50
2011.04.05 06:04:57.513,0.92232,0.92248,1.50,1.50
2011.04.05 06:04:57.741,0.92229,0.92248,1.50,2.25
2011.04.05 06:04:57.963,0.92229,0.92247,2.25,2.25
2011.04.05 06:04:58.192,0.92229,0.92247,2.25,2.25
2011.04.05 06:04:58.741,0.92231,0.92247,1.50,3.00
2011.04.05 06:04:59.847,0.92232,0.92248,2.85,2.25
2011.04.05 06:05:00.186,0.9223,0.92242,1.15,1.50
2011.04.05 06:05:00.303,0.9223,0.92248,1.90,2.25
2011.04.05 06:05:00.426,0.92229,0.92247,2.25,1.50
2011.04.05 06:05:00.652,0.92228,0.92246,2.10,1.50
2011.04.05 06:05:01.176,0.92228,0.92246,2.10,1.50
2011.04.05 06:05:01.732,0.92228,0.92248,3.60,3.00
2011.04.05 06:05:03.381,0.92228,0.92248,4.35,2.25
2011.04.05 06:05:04.041,0.92229,0.92248,1.50,2.25
2011.04.05 06:05:04.373,0.92229,0.92248,1.50,2.25
2011.04.05 06:05:04.604,0.92228,0.92248,2.10,1.50
2011.04.05 06:05:05.274,0.92228,0.92248,2.85,1.50
2011.04.05 06:05:05.831,0.92228,0.92248,2.85,1.50
2011.04.05 06:05:06.383,0.92228,0.92248,2.85,1.50
2011.04.05 06:05:06.979,0.92228,0.92248,3.60,2.25
2011.04.05 06:05:07.321,0.92228,0.92248,3.60,2.25
2011.04.05 06:05:07.872,0.92228,0.92248,2.85,2.25
2011.04.05 06:05:08.421,0.92228,0.92248,2.85,2.25
2011.04.05 06:05:08.965,0.92228,0.92248,2.85,2.25
2011.04.05 06:05:09.413,0.92228,0.92248,2.85,2.25
2011.04.05 06:05:09.972,0.92228,0.92248,2.85,2.25
2011.04.05 06:05:10.191,0.92228,0.92248,2.85,3.00
2011.04.05 06:05:11.742,0.92228,0.92248,2.85,3.00
2011.04.05 06:05:12.183,0.92228,0.92248,3.60,3.00
2011.04.05 06:05:12.873,0.9223,0.92248,2.25,3.00
2011.04.05 06:05:13.303,0.92231,0.92249,2.25,2.25
2011.04.05 06:05:13.853,0.92231,0.92249,2.25,2.25
2011.04.05 06:05:14.400,0.92231,0.92249,2.25,2.25
2011.04.05 06:05:14.735,0.92231,0.92249,2.25,2.25
2011.04.05 06:05:15.292,0.92231,0.92249,2.25,1.50
2011.04.05 06:05:15.842,0.92231,0.92249,2.25,2.25
2011.04.05 06:05:16.544,0.92235,0.92252,2.25,1.50
2011.04.05 06:05:16.991,0.92237,0.92255,1.50,3.00
2011.04.05 06:05:19.518,0.92237,0.92255,1.50,2.25
2011.04.05 06:05:20.405,0.9224,0.92255,2.25,1.50
2011.04.05 06:05:21.194,0.92241,0.92259,1.50,3.75
2011.04.05 06:05:24.361,0.92241,0.92257,1.50,1.50
2011.04.05 06:05:24.913,0.92241,0.92257,1.50,1.50
2011.04.05 06:05:25.462,0.92241,0.92257,3.00,1.50
2011.04.05 06:05:28.332,0.92241,0.92258,3.00,1.50
2011.04.05 06:05:32.893,0.92241,0.92259,3.75,3.60
2011.04.05 06:05:33.234,0.92246,0.92265,2.25,2.44
2011.04.05 06:05:33.354,0.92246,0.92264,3.75,1.69
2011.04.05 06:05:33.473,0.92246,0.92264,2.25,1.50
2011.04.05 06:05:33.592,0.92246,0.92265,2.25,2.25
2011.04.05 06:05:34.141,0.92245,0.92265,3.75,2.25
2011.04.05 06:05:40.039,0.92246,0.92259,1.35,1.50
2011.04.05 06:05:40.274,0.92247,0.92265,1.50,1.50
2011.04.05 06:05:43.002,0.92247,0.92261,1.50,1.50
2011.04.05 06:05:43.333,0.92242,0.92259,3.00,1.50
2011.04.05 06:05:43.892,0.92242,0.92259,1.50,3.00
2011.04.05 06:05:44.441,0.92241,0.92259,2.25,2.25
2011.04.05 06:05:44.802,0.92241,0.92257,1.50,1.50
2011.04.05 06:05:45.393,0.92235,0.92248,1.50,1.50
2011.04.05 06:05:45.622,0.92231,0.92248,3.00,1.50
2011.04.05 06:05:46.176,0.9223,0.92247,2.85,3.00
2011.04.05 06:05:46.731,0.9223,0.92247,2.85,1.50
2011.04.05 06:05:47.287,0.9223,0.92248,2.25,2.25
2011.04.05 06:05:47.842,0.92231,0.92249,3.00,2.25
2011.04.05 06:05:51.392,0.92231,0.9225,3.00,2.25
2011.04.05 06:05:52.791,0.92232,0.92249,2.25,1.50
2011.04.05 06:05:53.341,0.92232,0.92249,1.50,2.25
2011.04.05 06:05:53.891,0.92232,0.9225,2.25,3.00
2011.04.05 06:05:54.222,0.92232,0.9225,2.25,1.50
2011.04.05 06:05:56.923,0.92231,0.9225,3.00,3.75
2011.04.05 06:05:57.153,0.92231,0.92248,2.25,2.25
2011.04.05 06:05:57.703,0.9223,0.92248,2.25,2.25
2011.04.05 06:05:59.252,0.9223,0.92247,2.25,1.50
2011.04.05 06:06:02.023,0.92228,0.92247,3.00,3.00
2011.04.05 06:06:03.126,0.92228,0.92246,2.25,3.00
2011.04.05 06:06:03.681,0.92228,0.92246,2.25,3.00
2011.04.05 06:06:05.697,0.92228,0.92246,3.38,1.50
2011.04.05 06:06:05.924,0.92232,0.92246,1.50,1.50
2011.04.05 06:06:07.043,0.92232,0.92247,1.50,3.75
2011.04.05 06:06:08.435,0.9223,0.92246,2.25,1.50
2011.04.05 06:06:11.911,0.9223,0.92246,2.25,2.25
2011.04.05 06:06:12.464,0.9223,0.92246,2.25,3.00
2011.04.05 06:06:15.883,0.92232,0.92247,1.50,1.50
2011.04.05 06:06:16.864,0.92232,0.92249,2.63,1.50
2011.04.05 06:06:16.984,0.92235,0.9225,2.25,1.50
2011.04.05 06:06:17.545,0.92236,0.92252,2.25,1.50
2011.04.05 06:06:17.663,0.92236,0.92253,2.25,3.75
2011.04.05 06:06:18.224,0.92236,0.92252,2.25,1.50
2011.04.05 06:06:19.454,0.92238,0.92254,1.50,3.75
2011.04.05 06:06:20.013,0.92237,0.92254,2.25,3.75
2011.04.05 06:06:20.672,0.92237,0.92254,1.50,3.00
2011.04.05 06:06:21.112,0.92237,0.92254,1.50,3.00
2011.04.05 06:06:23.357,0.92234,0.9225,1.50,3.08
2011.04.05 06:06:23.594,0.92233,0.92248,1.50,1.50
2011.04.05 06:06:24.372,0.92233,0.92249,1.50,1.50
2011.04.05 06:06:25.371,0.92232,0.92249,2.25,1.50
2011.04.05 06:06:25.944,0.92233,0.92249,1.50,1.50
2011.04.05 06:06:27.273,0.92232,0.92249,1.50,1.50
2011.04.05 06:06:27.797,0.92234,0.9225,1.50,1.50
2011.04.05 06:06:28.792,0.92234,0.92249,1.50,1.50
2011.04.05 06:06:29.341,0.92234,0.92249,1.50,1.50
2011.04.05 06:06:29.891,0.92234,0.92249,1.50,1.50
2011.04.05 06:06:30.441,0.92234,0.92249,1.50,1.50
2011.04.05 06:06:35.214,0.92235,0.9225,1.50,1.50
2011.04.05 06:06:35.755,0.92235,0.9225,1.50,1.50
2011.04.05 06:06:44.434,0.92233,0.9225,2.25,1.50
2011.04.05 06:06:44.994,0.92233,0.9225,1.50,3.00
2011.04.05 06:06:46.810,0.92235,0.9225,1.50,2.25
2011.04.05 06:06:47.253,0.92236,0.92252,1.50,2.85
2011.04.05 06:06:47.363,0.92236,0.92251,1.50,1.13
2011.04.05 06:06:47.922,0.92236,0.92251,1.50,2.25
2011.04.05 06:06:48.473,0.92236,0.92251,1.50,1.50
2011.04.05 06:06:50.452,0.92236,0.9225,1.50,1.50
2011.04.05 06:06:50.672,0.92236,0.9225,1.50,1.50
2011.04.05 06:06:53.791,0.92236,0.92251,1.50,2.63
2011.04.05 06:06:54.591,0.92237,0.9225,1.50,1.50
2011.04.05 06:06:55.142,0.92238,0.92252,1.50,1.50
2011.04.05 06:06:56.037,0.9224,0.92255,1.50,2.25
2011.04.05 06:06:56.263,0.9224,0.92255,1.50,2.25
2011.04.05 06:06:56.811,0.9224,0.92255,1.50,2.25
2011.04.05 06:06:57.251,0.9224,0.92255,1.50,2.25
2011.04.05 06:06:58.611,0.9224,0.92255,1.50,2.25
2011.04.05 06:06:59.162,0.9224,0.92255,1.50,2.25
2011.04.05 06:06:59.270,0.9224,0.92255,1.50,2.25
2011.04.05 06:06:59.981,0.9224,0.92255,2.25,1.50
2011.04.05 06:07:00.313,0.92239,0.92254,1.50,1.50
2011.04.05 06:07:00.850,0.92238,0.92254,1.50,1.50
2011.04.05 06:07:02.644,0.92235,0.92252,3.00,1.35
2011.04.05 06:07:02.985,0.92233,0.92251,1.50,1.35
2011.04.05 06:07:03.982,0.92233,0.92251,2.63,2.85
2011.04.05 06:07:04.531,0.92234,0.92251,2.25,2.10
2011.04.05 06:07:04.751,0.92234,0.92251,2.25,2.10
2011.04.05 06:07:05.744,0.92234,0.92251,2.25,1.35
2011.04.05 06:07:05.864,0.92234,0.9225,2.25,1.50
2011.04.05 06:07:06.319,0.92231,0.92247,1.50,2.25
2011.04.05 06:07:08.623,0.92229,0.92244,1.50,1.50
2011.04.05 06:07:08.732,0.92229,0.92244,1.50,1.50
2011.04.05 06:07:09.284,0.92229,0.92244,1.50,1.50
2011.04.05 06:07:10.762,0.92229,0.92244,1.50,1.50
2011.04.05 06:07:11.092,0.92227,0.92244,1.50,1.50
2011.04.05 06:07:11.697,0.92227,0.92244,2.25,1.50
2011.04.05 06:07:12.251,0.92226,0.92244,2.25,1.50
2011.04.05 06:07:12.361,0.92226,0.92244,2.25,1.50
2011.04.05 06:07:12.912,0.92226,0.92244,2.25,1.50
2011.04.05 06:07:13.462,0.92226,0.92244,2.25,1.50
2011.04.05 06:07:15.540,0.92227,0.92244,1.50,1.50
2011.04.05 06:07:17.103,0.92226,0.92242,2.25,1.50
2011.04.05 06:07:17.322,0.92226,0.92242,2.25,1.50
2011.04.05 06:07:18.352,0.92226,0.92242,3.00,1.50
2011.04.05 06:07:18.467,0.92229,0.92243,1.35,1.50
2011.04.05 06:07:23.064,0.92229,0.92243,1.35,1.50
2011.04.05 06:07:23.295,0.92229,0.92243,1.35,1.50
2011.04.05 06:07:23.852,0.92228,0.92245,2.85,1.50
2011.04.05 06:07:24.403,0.9223,0.92246,1.50,1.50
2011.04.05 06:07:24.961,0.92229,0.92247,2.10,1.50
2011.04.05 06:07:26.503,0.92229,0.92246,1.35,1.50
2011.04.05 06:07:28.154,0.92227,0.92243,1.50,1.50
2011.04.05 06:07:31.372,0.92226,0.92244,2.25,3.00
2011.04.05 06:07:36.644,0.92227,0.92244,1.50,3.00
2011.04.05 06:07:42.902,0.92228,0.92244,1.50,2.25
2011.04.05 06:07:44.235,0.92228,0.9224,1.50,1.50
2011.04.05 06:07:44.465,0.92223,0.92241,1.35,1.50
2011.04.05 06:07:53.002,0.92225,0.92241,3.75,1.50
2011.04.05 06:07:54.304,0.92225,0.92241,3.00,1.50
2011.04.05 06:07:54.424,0.92224,0.9224,3.25,1.50
2011.04.05 06:07:54.875,0.92224,0.92243,4.00,1.50
2011.04.05 06:07:55.652,0.92226,0.92243,1.90,1.50
2011.04.05 06:07:56.313,0.92226,0.92243,2.65,1.50
2011.04.05 06:07:56.784,0.92229,0.92243,1.15,1.50
2011.04.05 06:07:57.342,0.92228,0.92244,1.90,1.50
2011.04.05 06:07:57.562,0.92233,0.92245,1.15,1.50
2011.04.05 06:07:58.221,0.92233,0.92248,1.15,1.50
2011.04.05 06:07:59.213,0.92232,0.92248,1.15,1.50
2011.04.05 06:07:59.763,0.92231,0.92248,1.15,1.50
2011.04.05 06:08:00.312,0.92231,0.92248,1.15,1.50
2011.04.05 06:08:00.862,0.9223,0.92248,1.50,1.50
2011.04.05 06:08:02.852,0.92231,0.92249,3.00,1.50
2011.04.05 06:08:03.513,0.92231,0.92249,3.75,1.50
2011.04.05 06:08:03.952,0.92232,0.92249,3.00,1.50
2011.04.05 06:08:04.612,0.92234,0.92252,1.15,2.25
2011.04.05 06:08:04.946,0.92233,0.92247,2.25,1.50
2011.04.05 06:08:05.171,0.92233,0.92252,3.40,1.50
2011.04.05 06:08:07.702,0.92233,0.92252,2.65,1.50
2011.04.05 06:08:07.925,0.92239,0.92252,1.50,1.50
2011.04.05 06:08:08.348,0.92237,0.92252,1.50,1.50
2011.04.05 06:08:10.324,0.92237,0.92248,1.50,1.50
2011.04.05 06:08:10.446,0.92234,0.92248,1.50,1.50
2011.04.05 06:08:10.564,0.92236,0.92248,1.50,1.50
2011.04.05 06:08:10.903,0.92236,0.92251,1.50,1.50
2011.04.05 06:08:11.232,0.92234,0.92251,1.50,1.50
2011.04.05 06:08:11.342,0.92234,0.92251,1.50,1.50
2011.04.05 06:08:13.222,0.92234,0.92251,1.50,1.50
2011.04.05 06:08:13.333,0.9223,0.92249,1.15,1.50
2011.04.05 06:08:13.458,0.92233,0.92249,1.50,2.25
2011.04.05 06:08:13.683,0.92231,0.92247,1.50,1.50
2011.04.05 06:08:14.313,0.9223,0.92247,1.50,1.50
2011.04.05 06:08:14.871,0.92229,0.92246,1.50,1.50
2011.04.05 06:08:25.225,0.92227,0.92244,1.50,1.50
2011.04.05 06:08:25.783,0.92227,0.92243,1.50,2.85
2011.04.05 06:08:27.213,0.92226,0.92244,1.50,2.25
2011.04.05 06:08:29.273,0.92227,0.92243,1.50,2.85
2011.04.05 06:08:30.513,0.92228,0.92243,1.50,2.85
2011.04.05 06:08:32.245,0.92225,0.92244,1.90,2.25
2011.04.05 06:08:32.804,0.92225,0.92244,2.25,1.50
2011.04.05 06:08:34.382,0.92225,0.92244,2.25,1.58
2011.04.05 06:08:34.712,0.92225,0.92244,2.25,1.58
2011.04.05 06:08:35.190,0.92225,0.92244,2.25,1.58
2011.04.05 06:08:35.854,0.92225,0.92244,2.25,2.33
2011.04.05 06:08:36.081,0.92224,0.92244,3.60,3.08
2011.04.05 06:08:36.521,0.92226,0.92242,1.50,1.35
2011.04.05 06:08:37.072,0.92225,0.92244,1.50,2.33
2011.04.05 06:08:37.633,0.92225,0.92244,1.50,2.33
2011.04.05 06:08:38.423,0.92225,0.92244,1.50,2.33
2011.04.05 06:08:38.752,0.92227,0.92244,1.50,2.33
2011.04.05 06:08:38.863,0.92225,0.92244,1.50,2.33
2011.04.05 06:08:39.800,0.92226,0.92244,1.50,2.33
2011.04.05 06:08:40.463,0.92226,0.92244,2.25,1.58
2011.04.05 06:08:40.803,0.92226,0.92244,2.25,1.58
2011.04.05 06:08:41.351,0.92226,0.92244,2.25,1.58
2011.04.05 06:08:42.152,0.92226,0.92244,1.50,1.50
2011.04.05 06:08:42.595,0.92226,0.92246,3.00,1.50
2011.04.05 06:08:44.483,0.92229,0.92246,1.50,1.50
2011.04.05 06:08:47.425,0.92231,0.92246,1.50,1.50
2011.04.05 06:08:47.950,0.92229,0.92246,1.50,1.50
2011.04.05 06:08:48.066,0.92227,0.92246,1.50,1.50
2011.04.05 06:08:48.882,0.92229,0.92243,1.50,2.10
2011.04.05 06:08:52.563,0.92227,0.92243,1.50,1.50
2011.04.05 06:08:52.674,0.92227,0.92243,1.50,1.50
2011.04.05 06:08:53.232,0.92227,0.92243,1.50,1.50
2011.04.05 06:08:53.344,0.92227,0.92243,1.50,1.50
2011.04.05 06:08:53.902,0.92227,0.92243,1.50,1.50
2011.04.05 06:08:54.123,0.92227,0.92243,1.50,1.50
2011.04.05 06:08:54.782,0.92227,0.92243,1.50,2.25
2011.04.05 06:08:56.334,0.92223,0.92241,2.25,2.10
2011.04.05 06:08:56.564,0.92223,0.9224,1.50,1.50
2011.04.05 06:08:57.014,0.92225,0.92239,1.50,1.50
2011.04.05 06:08:57.576,0.92225,0.92242,1.50,2.25
2011.04.05 06:08:58.265,0.92225,0.92242,1.50,2.25
2011.04.05 06:08:58.822,0.92226,0.92242,1.50,1.50
2011.04.05 06:08:59.704,0.92225,0.92242,1.50,1.50
2011.04.05 06:09:02.192,0.92225,0.92241,1.50,1.35
2011.04.05 06:09:04.580,0.92227,0.92242,1.50,1.50
2011.04.05 06:09:04.805,0.92227,0.92243,1.50,1.50
2011.04.05 06:09:05.363,0.92229,0.92244,1.50,2.25
2011.04.05 06:09:06.031,0.92227,0.92243,1.50,1.50
2011.04.05 06:09:06.581,0.92227,0.92243,1.50,1.50
2011.04.05 06:09:07.122,0.92227,0.92243,1.50,1.50
2011.04.05 06:09:07.671,0.92228,0.92244,1.50,1.50
2011.04.05 06:09:08.332,0.92228,0.92244,1.50,1.50
2011.04.05 06:09:08.553,0.92228,0.92246,2.25,3.00
2011.04.05 06:09:08.884,0.92229,0.92244,1.50,1.50
2011.04.05 06:09:09.002,0.92227,0.92244,1.50,1.50
2011.04.05 06:09:12.063,0.92226,0.92244,2.25,2.25
2011.04.05 06:09:12.663,0.92226,0.92244,1.50,2.25
2011.04.05 06:09:23.672,0.92224,0.92242,2.25,1.50
2011.04.05 06:09:25.692,0.92227,0.92244,1.50,2.25
2011.04.05 06:09:25.914,0.92224,0.92243,2.25,1.35
2011.04.05 06:09:26.493,0.92224,0.92243,1.50,1.35
2011.04.05 06:09:27.044,0.92225,0.92243,1.50,1.35
2011.04.05 06:09:30.227,0.92225,0.92242,1.50,2.25
2011.04.05 06:09:30.784,0.92224,0.92242,1.50,2.25
2011.04.05 06:09:31.341,0.92223,0.92242,1.50,2.25
2011.04.05 06:09:33.975,0.92223,0.92242,1.50,2.25
2011.04.05 06:09:34.541,0.92224,0.92242,2.25,1.50
2011.04.05 06:09:43.032,0.92224,0.9224,1.50,1.50
2011.04.05 06:10:02.711,0.92222,0.92241,3.60,3.00
2011.04.05 06:10:04.553,0.92221,0.92239,4.50,1.50
2011.04.05 06:10:05.702,0.92221,0.92238,2.25,1.50
2011.04.05 06:10:06.251,0.92221,0.92238,1.50,1.50
2011.04.05 06:10:09.132,0.92221,0.92238,1.50,1.50
2011.04.05 06:10:09.662,0.92221,0.92238,1.50,1.50
2011.04.05 06:10:14.791,0.92221,0.92239,1.50,1.50
2011.04.05 06:10:15.015,0.92218,0.92237,4.15,1.50
2011.04.05 06:10:16.371,0.92218,0.92237,2.25,1.50
2011.04.05 06:10:20.594,0.92218,0.92236,1.50,1.50
2011.04.05 06:10:22.195,0.92221,0.92239,1.50,1.50
2011.04.05 06:10:22.314,0.92221,0.9224,3.60,3.00
2011.04.05 06:10:22.872,0.92221,0.9224,2.85,2.25
2011.04.05 06:10:24.915,0.92223,0.9224,1.35,1.50
2011.04.05 06:10:25.256,0.92224,0.92243,3.75,1.50
2011.04.05 06:10:25.705,0.92224,0.92243,1.50,1.50
2011.04.05 06:10:26.374,0.92224,0.92243,1.50,1.50
2011.04.05 06:10:26.485,0.92223,0.9224,1.35,1.50
2011.04.05 06:10:27.062,0.92223,0.92238,1.35,1.50
2011.04.05 06:10:27.645,0.92221,0.92238,1.50,1.50
2011.04.05 06:10:27.982,0.92221,0.92238,1.50,1.50
2011.04.05 06:10:28.201,0.92221,0.92238,1.50,1.50
2011.04.05 06:10:28.751,0.92221,0.92238,1.50,1.50
2011.04.05 06:10:29.304,0.92221,0.92238,1.50,1.50
2011.04.05 06:10:29.642,0.92221,0.92238,1.50,1.50
2011.04.05 06:10:30.321,0.92221,0.92238,2.25,1.50
2011.04.05 06:10:33.616,0.92222,0.9224,1.35,2.25
2011.04.05 06:10:34.824,0.92222,0.9224,1.35,2.25
2011.04.05 06:10:36.264,0.9222,0.92238,3.60,1.50
2011.04.05 06:10:36.386,0.92219,0.92238,2.85,1.50
2011.04.05 06:10:36.942,0.9222,0.92238,1.50,1.50
2011.04.05 06:10:38.982,0.92219,0.92238,2.85,1.50
2011.04.05 06:10:39.533,0.92219,0.92238,2.10,1.50
2011.04.05 06:10:40.083,0.9222,0.92239,1.50,2.25
2011.04.05 06:10:40.414,0.92221,0.92239,2.85,1.50
2011.04.05 06:10:41.413,0.92221,0.9224,4.35,1.50
2011.04.05 06:10:41.972,0.92221,0.9224,2.85,2.25
2011.04.05 06:10:42.945,0.92221,0.92241,3.60,1.50
2011.04.05 06:10:43.282,0.92221,0.92241,2.85,1.50
2011.04.05 06:10:44.614,0.9222,0.92241,1.50,2.25
2011.04.05 06:10:44.735,0.92219,0.92236,2.25,2.25
2011.04.05 06:10:44.964,0.92218,0.92234,1.50,1.50
2011.04.05 06:10:45.963,0.92218,0.92236,1.50,2.25
2011.04.05 06:10:46.512,0.92217,0.92236,2.10,2.25
2011.04.05 06:10:49.074,0.92218,0.92236,1.50,1.50
2011.04.05 06:10:49.296,0.92218,0.92237,6.00,2.25
2011.04.05 06:10:49.527,0.92221,0.9224,2.10,2.25
2011.04.05 06:10:49.874,0.92222,0.9224,1.50,1.50
2011.04.05 06:10:49.998,0.92223,0.92241,2.25,1.50
2011.04.05 06:10:50.663,0.92223,0.92242,2.25,2.25
2011.04.05 06:10:51.105,0.92224,0.92242,3.00,1.50
2011.04.05 06:10:51.662,0.92225,0.92242,2.25,1.50
2011.04.05 06:10:52.213,0.92225,0.92243,2.25,1.50
2011.04.05 06:10:52.543,0.92225,0.92244,2.25,3.00
2011.04.05 06:10:53.204,0.92225,0.92243,3.00,1.50
2011.04.05 06:10:53.764,0.92225,0.92243,3.75,2.25
2011.04.05 06:10:54.305,0.92225,0.92243,3.75,2.25
2011.04.05 06:10:54.650,0.92224,0.92243,2.25,3.00
2011.04.05 06:10:58.884,0.92224,0.92241,2.25,1.50
2011.04.05 06:10:59.325,0.92224,0.92242,3.00,2.25
2011.04.05 06:10:59.901,0.92224,0.92242,3.00,1.50
2011.04.05 06:11:00.013,0.92224,0.92243,3.75,2.25
2011.04.05 06:11:00.235,0.92228,0.92243,2.25,1.50
2011.04.05 06:11:00.682,0.92227,0.92244,1.50,2.25
2011.04.05 06:11:01.233,0.92227,0.92244,2.25,2.25
2011.04.05 06:11:01.344,0.92227,0.92242,1.50,1.50
2011.04.05 06:11:01.793,0.92224,0.92242,3.00,2.25
2011.04.05 06:11:03.494,0.92226,0.92242,1.50,2.25
2011.04.05 06:11:04.272,0.92226,0.92242,1.50,2.25
2011.04.05 06:11:04.822,0.92226,0.92242,1.50,1.50
2011.04.05 06:11:05.483,0.92226,0.92242,1.50,2.25
2011.04.05 06:11:06.062,0.92224,0.92242,2.25,2.25
2011.04.05 06:11:07.382,0.92227,0.92242,1.50,2.25
2011.04.05 06:11:07.962,0.92227,0.92241,1.50,2.25
2011.04.05 06:11:09.091,0.92229,0.92241,1.50,2.25
2011.04.05 06:11:10.414,0.9223,0.92241,1.50,1.50
2011.04.05 06:11:10.971,0.9223,0.92243,1.50,2.25
2011.04.05 06:11:12.410,0.92232,0.92243,1.50,1.50
2011.04.05 06:11:12.635,0.9223,0.92243,1.50,1.50
2011.04.05 06:11:16.912,0.9223,0.92244,1.50,1.50
2011.04.05 06:11:18.238,0.9223,0.92244,1.50,1.50
2011.04.05 06:11:18.683,0.92231,0.92244,2.25,1.50
2011.04.05 06:11:19.233,0.92231,0.92244,2.25,1.50
2011.04.05 06:11:19.913,0.92231,0.92244,2.25,1.50
2011.04.05 06:11:20.266,0.92234,0.92248,1.50,3.00
2011.04.05 06:11:20.385,0.92236,0.92248,2.25,2.25
2011.04.05 06:11:20.838,0.92238,0.92251,1.50,1.50
2011.04.05 06:11:21.393,0.92239,0.92254,1.50,2.25
2011.04.05 06:11:21.964,0.9224,0.92253,1.50,1.50
2011.04.05 06:11:22.414,0.92238,0.92253,1.50,1.50
2011.04.05 06:11:22.972,0.92237,0.92253,2.25,1.50
2011.04.05 06:11:23.902,0.92238,0.92253,1.50,1.50
2011.04.05 06:11:25.113,0.92238,0.92252,1.50,1.50
2011.04.05 06:11:25.224,0.92241,0.92252,1.50,1.50
2011.04.05 06:11:26.192,0.92238,0.92252,1.50,1.50
2011.04.05 06:11:28.012,0.92238,0.92252,1.50,2.25
2011.04.05 06:11:28.532,0.9224,0.92252,1.50,2.25
2011.04.05 06:11:29.082,0.92241,0.92251,1.50,1.50
2011.04.05 06:11:29.411,0.92238,0.92251,1.50,1.50
2011.04.05 06:11:33.787,0.9224,0.92252,1.50,1.50
2011.04.05 06:11:34.341,0.92239,0.92252,1.50,1.50
2011.04.05 06:11:34.785,0.92237,0.92252,1.50,2.25
2011.04.05 06:11:35.341,0.92237,0.92253,1.50,2.25
2011.04.05 06:11:35.453,0.9224,0.92253,1.50,1.50
2011.04.05 06:11:35.784,0.9224,0.92253,3.00,1.50
2011.04.05 06:11:36.180,0.9224,0.92253,1.50,1.50
2011.04.05 06:11:36.524,0.92242,0.92255,1.50,1.50
2011.04.05 06:11:36.975,0.92242,0.92255,1.50,1.50
2011.04.05 06:11:37.532,0.92242,0.92255,1.50,1.50
2011.04.05 06:11:38.472,0.92241,0.92255,1.50,1.50
2011.04.05 06:11:43.202,0.92241,0.92254,1.50,1.50
2011.04.05 06:11:43.534,0.92236,0.9225,1.50,1.50
2011.04.05 06:11:43.657,0.92236,0.92252,1.50,2.25
2011.04.05 06:11:43.882,0.92237,0.92252,2.25,1.50
2011.04.05 06:11:44.227,0.92241,0.92255,1.50,2.25
2011.04.05 06:11:44.580,0.92243,0.92261,2.25,1.50
2011.04.05 06:11:45.903,0.92244,0.92261,2.25,2.25
2011.04.05 06:11:46.240,0.92247,0.92261,1.50,2.25
2011.04.05 06:11:46.575,0.92249,0.92263,1.50,1.50
2011.04.05 06:11:47.135,0.92252,0.92266,1.50,2.25
2011.04.05 06:11:47.582,0.92252,0.92265,1.50,1.50
2011.04.05 06:11:48.793,0.9225,0.92265,1.50,1.50
2011.04.05 06:11:49.296,0.92249,0.92265,2.25,1.50
2011.04.05 06:11:50.624,0.92249,0.92265,2.25,2.25
2011.04.05 06:11:51.402,0.92249,0.92265,3.00,1.50
2011.04.05 06:11:51.953,0.92249,0.92267,3.00,1.50
2011.04.05 06:11:52.065,0.92252,0.92267,1.50,1.50
2011.04.05 06:11:52.622,0.92252,0.92267,1.50,1.50
2011.04.05 06:11:53.150,0.92252,0.92267,1.50,2.25
2011.04.05 06:11:53.706,0.92252,0.92267,1.50,1.50
2011.04.05 06:11:54.263,0.92252,0.92267,1.50,2.25
2011.04.05 06:11:54.933,0.92252,0.92267,1.50,1.50
2011.04.05 06:11:55.484,0.92253,0.92267,1.50,1.50
2011.04.05 06:11:55.602,0.92251,0.92267,2.25,1.50
2011.04.05 06:11:57.004,0.9225,0.92267,1.35,1.50
2011.04.05 06:11:57.564,0.9225,0.92267,1.35,2.25
2011.04.05 06:11:59.766,0.9225,0.92266,1.35,1.50
2011.04.05 06:11:59.999,0.92248,0.92265,3.00,1.50
2011.04.05 06:12:00.117,0.92246,0.92265,3.00,1.50
2011.04.05 06:12:00.234,0.92246,0.92265,3.00,3.19
2011.04.05 06:12:00.354,0.92245,0.92262,1.50,1.50
2011.04.05 06:12:00.912,0.92245,0.92261,2.25,1.50
2011.04.05 06:12:01.413,0.92245,0.92261,1.50,2.25
2011.04.05 06:12:02.652,0.92245,0.92262,1.50,3.00
2011.04.05 06:12:04.299,0.92245,0.92261,1.50,1.50
2011.04.05 06:12:04.812,0.92245,0.92261,2.25,1.50
2011.04.05 06:12:06.576,0.92247,0.92262,1.50,2.25
2011.04.05 06:12:06.694,0.92245,0.92262,2.25,2.25
2011.04.05 06:12:06.812,0.92247,0.92262,1.50,2.25
2011.04.05 06:12:09.372,0.92245,0.92262,2.25,2.25
2011.04.05 06:12:10.563,0.92245,0.92262,2.25,1.50
2011.04.05 06:12:11.112,0.92247,0.92262,2.25,1.50
2011.04.05 06:12:11.662,0.92247,0.92263,1.50,1.50
2011.04.05 06:12:11.772,0.92247,0.92264,1.50,2.25
2011.04.05 06:12:12.324,0.92245,0.92263,1.50,1.50
2011.04.05 06:12:13.211,0.92245,0.92264,3.00,2.25
2011.04.05 06:12:13.872,0.92245,0.92264,3.00,2.25
2011.04.05 06:12:17.625,0.92245,0.92262,1.50,1.50
2011.04.05 06:12:22.778,0.92245,0.92259,1.50,1.50
2011.04.05 06:12:23.014,0.92243,0.92258,1.50,1.50
2011.04.05 06:12:23.135,0.9224,0.92257,2.25,1.50
2011.04.05 06:12:23.693,0.92239,0.92257,3.00,3.00
2011.04.05 06:12:30.177,0.92243,0.92257,1.50,1.50
2011.04.05 06:12:30.732,0.92243,0.9226,1.50,3.00
2011.04.05 06:12:31.283,0.92243,0.9226,2.25,2.25
2011.04.05 06:12:32.243,0.92243,0.9226,2.25,3.00
2011.04.05 06:12:32.791,0.92243,0.9226,2.25,3.00
2011.04.05 06:12:33.575,0.92243,0.9226,1.50,3.00
2011.04.05 06:12:34.118,0.92242,0.9226,2.25,3.00
2011.04.05 06:12:34.592,0.92242,0.9226,2.25,3.00
2011.04.05 06:12:35.143,0.92242,0.9226,2.25,3.00
2011.04.05 06:12:35.802,0.92242,0.9226,2.25,3.00
2011.04.05 06:12:36.352,0.92242,0.9226,2.25,3.00
2011.04.05 06:12:36.901,0.92242,0.9226,2.25,3.00
2011.04.05 06:12:37.402,0.92242,0.9226,2.25,3.00
2011.04.05 06:12:37.842,0.92242,0.9226,2.25,3.00
2011.04.05 06:12:38.501,0.92242,0.9226,1.50,3.00
2011.04.05 06:12:39.052,0.92242,0.9226,2.25,3.00
2011.04.05 06:12:39.872,0.92242,0.9226,2.25,3.00
2011.04.05 06:12:41.472,0.92242,0.9226,2.25,3.00
2011.04.05 06:12:42.032,0.92242,0.9226,1.50,3.00
2011.04.05 06:12:42.662,0.92242,0.9226,2.25,3.00
2011.04.05 06:12:44.552,0.92242,0.9226,2.25,3.00
2011.04.05 06:12:44.993,0.92242,0.9226,2.25,3.00
2011.04.05 06:12:45.103,0.92242,0.9226,2.25,3.00
2011.04.05 06:12:45.653,0.92242,0.92258,2.25,3.00
2011.04.05 06:12:46.202,0.92242,0.92258,2.25,2.25
2011.04.05 06:12:46.789,0.92242,0.92258,2.25,3.00
2011.04.05 06:12:47.324,0.92242,0.92258,2.25,2.25
2011.04.05 06:12:47.886,0.92242,0.92258,2.25,2.25
2011.04.05 06:12:51.994,0.92242,0.92258,2.25,1.50
2011.04.05 06:12:52.335,0.92244,0.92258,1.50,1.50
2011.04.05 06:12:55.079,0.92243,0.92259,2.25,1.50
2011.04.05 06:12:55.965,0.92243,0.92259,2.25,1.50
2011.04.05 06:12:56.304,0.92243,0.92259,1.50,1.50
2011.04.05 06:13:00.903,0.92245,0.9226,1.50,3.00
2011.04.05 06:13:04.664,0.92245,0.9226,1.50,2.25
2011.04.05 06:13:06.342,0.92246,0.92261,1.50,1.50
2011.04.05 06:13:08.842,0.92246,0.92261,1.50,1.69
2011.04.05 06:13:09.624,0.92242,0.92256,2.25,1.50
2011.04.05 06:13:09.744,0.92244,0.92256,2.25,1.50
2011.04.05 06:13:10.301,0.92245,0.92256,1.50,1.50
2011.04.05 06:13:11.302,0.92245,0.92255,1.50,1.50
2011.04.05 06:13:12.224,0.92246,0.92256,1.50,1.50
2011.04.05 06:13:12.337,0.92246,0.92257,1.50,1.50
2011.04.05 06:13:12.454,0.92243,0.92257,2.25,1.50
2011.04.05 06:13:12.973,0.92245,0.92259,1.50,1.50
2011.04.05 06:13:14.113,0.92245,0.92259,1.50,1.50
2011.04.05 06:13:16.434,0.92245,0.92261,1.50,1.88
2011.04.05 06:13:16.991,0.92243,0.92261,2.25,1.88
2011.04.05 06:13:18.464,0.92245,0.92261,1.50,1.88
2011.04.05 06:13:19.687,0.92246,0.92261,1.50,2.25
2011.04.05 06:13:25.742,0.92245,0.92261,1.50,2.63
2011.04.05 06:13:28.463,0.92245,0.92261,2.25,1.88
2011.04.05 06:13:28.794,0.92246,0.92262,1.50,1.13
2011.04.05 06:13:29.026,0.92248,0.92264,1.50,1.50
2011.04.05 06:13:30.414,0.92248,0.92265,2.25,1.50
2011.04.05 06:13:30.944,0.92248,0.92265,2.25,1.50
2011.04.05 06:13:34.703,0.92248,0.92265,3.75,1.50
2011.04.05 06:13:35.252,0.92248,0.92266,3.00,1.50
2011.04.05 06:13:35.801,0.92248,0.92265,1.50,2.25
2011.04.05 06:13:36.375,0.92248,0.92265,1.50,2.25
2011.04.05 06:13:36.713,0.9225,0.92265,1.50,2.25
2011.04.05 06:13:37.265,0.92249,0.92265,2.25,1.50
2011.04.05 06:13:37.932,0.92249,0.92265,1.50,1.50
2011.04.05 06:13:38.815,0.92248,0.92266,2.25,1.50
2011.04.05 06:13:39.546,0.9225,0.92266,1.50,1.50
2011.04.05 06:13:50.103,0.92255,0.92267,1.50,1.50
2011.04.05 06:13:50.434,0.92248,0.92267,2.25,1.50
2011.04.05 06:13:50.554,0.92248,0.92266,2.25,1.50
2011.04.05 06:13:52.523,0.92247,0.92266,3.00,2.25
2011.04.05 06:13:53.072,0.92246,0.92265,3.00,1.50
2011.04.05 06:14:02.114,0.92248,0.92265,2.25,1.50
2011.04.05 06:14:02.445,0.92251,0.92267,2.85,1.50
2011.04.05 06:14:02.783,0.92254,0.92271,3.75,1.50
2011.04.05 06:14:03.003,0.92254,0.92273,3.40,1.50
2011.04.05 06:14:03.552,0.92255,0.92272,1.50,1.50
2011.04.05 06:14:04.101,0.92254,0.92272,4.35,1.50
2011.04.05 06:14:05.372,0.92254,0.92272,4.00,1.50
2011.04.05 06:14:05.922,0.92255,0.92272,1.15,1.50
2011.04.05 06:14:09.784,0.92254,0.92272,4.15,1.50
2011.04.05 06:14:10.093,0.92252,0.92272,1.50,1.50
2011.04.05 06:14:10.423,0.92253,0.9227,1.50,1.77
2011.04.05 06:14:11.082,0.92252,0.92269,1.35,1.02
2011.04.05 06:14:11.743,0.92252,0.92269,1.35,1.02
2011.04.05 06:14:12.309,0.92252,0.92269,1.35,1.02
2011.04.05 06:14:12.972,0.92252,0.92269,1.35,1.02
2011.04.05 06:14:15.252,0.92252,0.92269,1.35,1.02
2011.04.05 06:14:15.803,0.9225,0.92269,4.90,1.02
2011.04.05 06:14:16.485,0.92251,0.9227,2.25,1.77
2011.04.05 06:14:17.042,0.92251,0.9227,2.65,1.77
2011.04.05 06:14:17.854,0.92251,0.9227,2.85,1.02
2011.04.05 06:14:18.523,0.92251,0.9227,2.85,1.77
2011.04.05 06:14:19.064,0.92251,0.9227,3.60,1.77
2011.04.05 06:14:20.064,0.92251,0.9227,3.60,1.77
2011.04.05 06:14:20.622,0.92251,0.9227,3.60,1.77
2011.04.05 06:14:21.172,0.92251,0.9227,3.60,1.77
2011.04.05 06:14:21.953,0.92251,0.9227,3.60,1.77
2011.04.05 06:14:22.513,0.92251,0.9227,3.60,1.77
2011.04.05 06:14:24.396,0.92251,0.9227,2.85,1.77
2011.04.05 06:14:25.063,0.92251,0.9227,1.35,1.77
2011.04.05 06:14:25.614,0.92251,0.9227,1.35,1.77
2011.04.05 06:14:26.282,0.92251,0.9227,1.35,1.77
2011.04.05 06:14:27.343,0.92251,0.92269,2.10,1.02
2011.04.05 06:14:27.893,0.92251,0.92269,2.10,1.02
2011.04.05 06:14:28.491,0.92251,0.92269,2.10,1.02
2011.04.05 06:14:28.944,0.92251,0.92269,2.10,1.02
2011.04.05 06:14:31.154,0.92249,0.92267,2.85,1.50
2011.04.05 06:14:31.483,0.92248,0.92267,2.25,1.50
2011.04.05 06:14:32.035,0.92248,0.92265,3.75,1.50
2011.04.05 06:14:32.158,0.92256,0.92269,1.50,1.50
2011.04.05 06:14:32.276,0.92255,0.92274,1.50,1.50
2011.04.05 06:14:32.394,0.92254,0.92274,1.35,3.75
2011.04.05 06:14:32.623,0.92254,0.92273,1.35,1.50
2011.04.05 06:14:32.732,0.92253,0.92272,1.35,1.50
2011.04.05 06:14:33.061,0.92253,0.92272,1.35,1.50
2011.04.05 06:14:36.251,0.92253,0.92272,2.10,1.50
2011.04.05 06:14:36.804,0.92251,0.92268,1.50,1.50
2011.04.05 06:14:37.134,0.92252,0.9227,1.75,1.50
2011.04.05 06:14:37.362,0.92252,0.9227,1.75,1.50
2011.04.05 06:14:39.263,0.92252,0.9227,1.35,1.50
2011.04.05 06:14:39.975,0.92252,0.9227,2.10,1.50
2011.04.05 06:14:40.326,0.92251,0.92268,3.75,1.50
2011.04.05 06:14:40.557,0.92249,0.92268,4.15,1.50
2011.04.05 06:14:41.113,0.92249,0.92268,3.75,1.50
2011.04.05 06:14:41.665,0.92251,0.9227,1.50,1.50
2011.04.05 06:14:42.222,0.92251,0.9227,1.50,1.50
2011.04.05 06:14:45.624,0.9225,0.92269,2.10,1.50
2011.04.05 06:14:46.183,0.9225,0.92269,1.35,1.50
2011.04.05 06:14:46.732,0.9225,0.92269,1.35,1.50
2011.04.05 06:14:47.281,0.9225,0.92269,1.35,1.50
2011.04.05 06:14:47.833,0.9225,0.92269,1.35,1.50
2011.04.05 06:14:48.401,0.9225,0.92269,3.60,1.50
2011.04.05 06:14:48.628,0.92254,0.92274,2.25,1.50
2011.04.05 06:14:48.746,0.92254,0.92274,1.50,3.00
2011.04.05 06:14:49.192,0.92252,0.9227,2.85,1.50
2011.04.05 06:14:51.103,0.92256,0.9227,2.10,1.50
2011.04.05 06:14:51.216,0.92255,0.9227,1.75,1.50
2011.04.05 06:14:51.334,0.92255,0.92275,1.75,2.25
2011.04.05 06:14:51.663,0.92254,0.92271,1.35,1.50
2011.04.05 06:14:53.905,0.92253,0.92262,2.10,2.25
2011.04.05 06:14:54.151,0.9224,0.92256,1.50,1.50
2011.04.05 06:14:54.264,0.92238,0.92256,2.25,1.50
2011.04.05 06:14:54.387,0.92238,0.92256,3.60,1.50
2011.04.05 06:14:54.942,0.92238,0.92256,3.60,1.50
2011.04.05 06:14:55.492,0.92238,0.92256,1.50,3.00
2011.04.05 06:14:57.274,0.92237,0.92254,1.50,1.50
2011.04.05 06:14:57.397,0.92236,0.92254,1.50,2.25
2011.04.05 06:14:57.517,0.92236,0.92255,1.50,2.25
2011.04.05 06:14:59.096,0.92237,0.92252,2.85,1.50
2011.04.05 06:14:59.214,0.92239,0.92254,1.35,1.50
2011.04.05 06:14:59.772,0.92239,0.92257,1.35,5.25
2011.04.05 06:15:02.024,0.92239,0.92257,3.60,3.75
2011.04.05 06:15:03.132,0.92239,0.92257,4.75,3.00
2011.04.05 06:15:03.652,0.92239,0.92257,6.25,3.00
2011.04.05 06:15:05.152,0.92239,0.92257,5.85,3.00
2011.04.05 06:15:05.483,0.92239,0.92257,4.00,3.00
2011.04.05 06:15:06.033,0.92239,0.92257,3.60,3.00
2011.04.05 06:15:08.444,0.92239,0.92255,2.10,1.50
2011.04.05 06:15:09.005,0.92239,0.92255,2.10,1.50
2011.04.05 06:15:09.566,0.92239,0.92255,3.60,1.50
2011.04.05 06:15:09.686,0.92239,0.92258,4.35,2.25
2011.04.05 06:15:10.243,0.92241,0.9226,3.00,2.25
2011.04.05 06:15:12.906,0.92241,0.9226,2.25,1.50
2011.04.05 06:15:15.775,0.92244,0.92262,2.10,3.08
2011.04.05 06:15:16.114,0.92245,0.92263,1.50,2.33
2011.04.05 06:15:16.334,0.92245,0.92262,1.50,1.50
2011.04.05 06:15:16.892,0.92245,0.92263,1.50,1.50
2011.04.05 06:15:17.442,0.92245,0.92263,1.50,1.50
2011.04.05 06:15:19.523,0.92245,0.92263,1.50,1.50
2011.04.05 06:15:19.967,0.92243,0.92262,1.50,2.25
2011.04.05 06:15:20.086,0.92242,0.92262,1.35,2.25
2011.04.05 06:15:20.314,0.92241,0.92261,2.25,1.50
2011.04.05 06:15:20.843,0.92242,0.92261,1.50,1.50
2011.04.05 06:15:21.403,0.92242,0.92261,1.50,1.50
2011.04.05 06:15:26.015,0.92242,0.92262,3.60,2.25
2011.04.05 06:15:26.421,0.92243,0.92262,2.25,1.50
2011.04.05 06:15:29.913,0.92243,0.92262,2.25,1.50
2011.04.05 06:15:30.462,0.92243,0.92262,2.25,1.50
2011.04.05 06:15:30.791,0.92243,0.92262,2.25,1.50
2011.04.05 06:15:31.342,0.92243,0.92262,3.00,1.50
2011.04.05 06:15:32.158,0.92243,0.92261,1.50,1.50
2011.04.05 06:15:34.963,0.92242,0.92261,2.25,1.50
2011.04.05 06:15:35.294,0.92241,0.92261,2.65,1.50
2011.04.05 06:15:35.633,0.92241,0.92261,3.00,1.50
2011.04.05 06:15:36.194,0.92244,0.92261,1.50,1.50
2011.04.05 06:15:37.183,0.92243,0.92261,1.50,1.50
2011.04.05 06:15:37.732,0.92243,0.92261,1.50,1.50
2011.04.05 06:15:47.461,0.92243,0.92261,2.25,1.50
2011.04.05 06:15:48.013,0.92243,0.92261,2.25,1.50
2011.04.05 06:15:49.053,0.92242,0.92261,2.85,1.50
2011.04.05 06:15:50.954,0.92243,0.92262,1.50,1.50
2011.04.05 06:15:51.293,0.92243,0.92262,1.50,1.50
2011.04.05 06:15:51.844,0.92243,0.92262,1.50,2.25
2011.04.05 06:16:02.733,0.92242,0.92261,1.50,1.50
2011.04.05 06:16:12.113,0.92241,0.92261,4.50,1.50
2011.04.05 06:16:12.665,0.92242,0.92259,1.50,1.50
2011.04.05 06:16:14.465,0.92242,0.92257,1.50,1.50
2011.04.05 06:16:15.485,0.92241,0.92257,2.25,1.50
2011.04.05 06:16:15.604,0.92241,0.92257,2.25,1.50
2011.04.05 06:16:16.793,0.92239,0.92257,2.25,1.50
2011.04.05 06:16:17.674,0.92241,0.92257,1.35,1.50
2011.04.05 06:16:18.300,0.9224,0.92257,2.10,1.50
2011.04.05 06:16:18.902,0.9224,0.92258,2.10,2.25
2011.04.05 06:16:20.385,0.92241,0.92257,1.35,1.50
2011.04.05 06:16:20.973,0.92241,0.92257,1.35,1.50
2011.04.05 06:16:21.302,0.92241,0.92257,1.35,1.50
2011.04.05 06:16:23.725,0.92241,0.92258,2.10,1.50
2011.04.05 06:16:24.173,0.92241,0.92258,2.10,1.50
2011.04.05 06:16:24.724,0.92241,0.92258,2.10,1.50
2011.04.05 06:16:31.970,0.92242,0.92258,1.50,1.50
2011.04.05 06:16:32.199,0.92245,0.92263,1.50,2.25
2011.04.05 06:16:32.756,0.92245,0.92263,1.50,1.50
2011.04.05 06:16:36.343,0.92245,0.92264,1.50,1.50
2011.04.05 06:16:36.782,0.92244,0.92264,1.50,2.25
2011.04.05 06:16:37.347,0.92242,0.92263,3.75,2.25
2011.04.05 06:16:37.905,0.92242,0.92261,1.50,1.50
2011.04.05 06:16:55.506,0.92244,0.9226,1.50,1.50
2011.04.05 06:16:58.426,0.92245,0.92261,1.50,1.50
2011.04.05 06:16:58.992,0.92243,0.92261,1.50,2.25
2011.04.05 06:16:59.544,0.92244,0.9226,1.50,1.50
2011.04.05 06:17:09.352,0.92242,0.92259,3.00,1.50
2011.04.05 06:17:21.164,0.92242,0.92259,3.75,1.50
2011.04.05 06:17:21.385,0.92244,0.92263,1.50,1.50
2011.04.05 06:17:21.614,0.92243,0.92262,3.75,1.50
2011.04.05 06:17:21.937,0.92243,0.92263,3.75,1.35
2011.04.05 06:17:23.664,0.92243,0.92264,3.75,2.85
2011.04.05 06:17:24.005,0.92245,0.92263,3.75,2.10
2011.04.05 06:17:24.124,0.92247,0.92263,1.50,2.10
2011.04.05 06:17:24.673,0.92245,0.92263,1.50,1.35
2011.04.05 06:17:25.553,0.92243,0.92261,3.00,1.50
2011.04.05 06:17:26.242,0.92243,0.92261,2.25,1.50
2011.04.05 06:17:26.792,0.92243,0.92262,1.50,1.50
2011.04.05 06:17:28.395,0.92243,0.92262,2.25,1.50
2011.04.05 06:17:29.394,0.92242,0.92258,1.50,1.50
2011.04.05 06:17:29.515,0.9224,0.92258,1.50,1.50
2011.04.05 06:17:30.633,0.92242,0.92259,1.50,5.85
2011.04.05 06:17:31.183,0.92242,0.92261,2.25,1.50
2011.04.05 06:17:31.733,0.92243,0.92262,1.50,1.50
2011.04.05 06:17:33.392,0.92242,0.92259,1.50,1.35
2011.04.05 06:17:33.942,0.9224,0.92257,2.25,1.35
2011.04.05 06:17:37.885,0.9224,0.92259,2.25,3.75
2011.04.05 06:17:38.222,0.9224,0.92259,1.50,3.75
2011.04.05 06:17:41.693,0.9224,0.92259,1.50,3.75
2011.04.05 06:17:44.614,0.9224,0.92259,1.50,3.75
2011.04.05 06:17:45.393,0.9224,0.92259,1.50,3.75
2011.04.05 06:17:46.968,0.92242,0.92259,1.50,2.25
2011.04.05 06:17:47.317,0.92244,0.92263,4.15,3.00
2011.04.05 06:17:47.894,0.92245,0.92263,2.65,2.25
2011.04.05 06:17:48.013,0.92249,0.92263,4.35,1.50
2011.04.05 06:17:48.250,0.92257,0.92271,1.50,1.50
2011.04.05 06:17:49.024,0.92258,0.92273,2.25,1.50
2011.04.05 06:17:49.365,0.92258,0.92275,2.25,1.50
2011.04.05 06:17:49.924,0.92259,0.92275,1.50,2.25
2011.04.05 06:17:50.591,0.92258,0.92274,2.25,1.50
2011.04.05 06:17:51.389,0.92258,0.92274,3.00,1.50
2011.04.05 06:17:54.064,0.92258,0.92274,1.50,1.50
2011.04.05 06:17:54.613,0.92258,0.92274,1.50,1.50
2011.04.05 06:17:55.057,0.92255,0.92271,1.50,1.02
2011.04.05 06:17:55.174,0.92253,0.92271,2.25,2.44
2011.04.05 06:17:55.502,0.92253,0.92272,1.50,1.50
2011.04.05 06:17:55.726,0.92254,0.92271,2.10,1.50
2011.04.05 06:17:56.282,0.92255,0.92271,1.50,1.50
2011.04.05 06:17:57.494,0.92255,0.92268,1.50,1.50
2011.04.05 06:17:57.713,0.92252,0.9227,1.50,1.50
2011.04.05 06:17:58.374,0.92252,0.9227,2.25,1.50
2011.04.05 06:17:58.815,0.92253,0.9227,1.50,1.50
2011.04.05 06:17:59.705,0.92252,0.9227,2.25,1.50
2011.04.05 06:18:01.582,0.92252,0.9227,2.25,1.50
2011.04.05 06:18:02.055,0.92252,0.9227,2.25,1.50
2011.04.05 06:18:02.503,0.92254,0.9227,2.25,1.50
2011.04.05 06:18:03.055,0.92253,0.92269,1.35,1.50
2011.04.05 06:18:03.635,0.92252,0.92269,2.10,1.50
2011.04.05 06:18:03.877,0.92253,0.92269,1.35,1.50
2011.04.05 06:18:03.993,0.92253,0.92269,2.10,1.50
2011.04.05 06:18:04.986,0.92251,0.92269,2.25,1.50
2011.04.05 06:18:05.104,0.92253,0.9227,1.50,1.50
2011.04.05 06:18:05.543,0.92253,0.9227,2.25,1.50
2011.04.05 06:18:06.102,0.92253,0.9227,2.25,1.50
2011.04.05 06:18:06.212,0.92253,0.9227,1.50,1.50
2011.04.05 06:18:06.775,0.92253,0.9227,1.50,1.50
2011.04.05 06:18:07.054,0.92255,0.9227,1.35,1.50
2011.04.05 06:18:07.166,0.92256,0.92272,2.25,3.75
2011.04.05 06:18:07.284,0.92257,0.92273,2.25,1.50
2011.04.05 06:18:07.735,0.92254,0.92269,1.07,1.50
2011.04.05 06:18:08.624,0.92254,0.9227,1.82,1.50
2011.04.05 06:18:11.702,0.92255,0.92271,1.50,1.50
2011.04.05 06:18:20.241,0.92256,0.92273,1.50,1.50
2011.04.05 06:18:20.575,0.92254,0.92271,1.38,1.50
2011.04.05 06:18:21.132,0.92253,0.92271,2.13,1.50
2011.04.05 06:18:22.077,0.92255,0.92271,1.35,1.50
2011.04.05 06:18:22.743,0.92255,0.92272,1.75,1.50
2011.04.05 06:18:23.292,0.92255,0.92272,1.35,1.50
2011.04.05 06:18:26.323,0.92254,0.92272,2.25,1.50
2011.04.05 06:18:30.374,0.92257,0.92274,1.50,2.25
2011.04.05 06:18:30.794,0.92257,0.92275,1.50,1.50
2011.04.05 06:18:30.904,0.9226,0.92276,1.50,3.60
2011.04.05 06:18:31.025,0.9226,0.92275,1.50,1.50
2011.04.05 06:18:31.144,0.92261,0.92275,1.50,1.50
2011.04.05 06:18:31.899,0.92259,0.92275,1.50,1.50
2011.04.05 06:18:32.484,0.92259,0.92275,1.50,1.50
2011.04.05 06:18:33.034,0.92259,0.92275,1.50,1.50
2011.04.05 06:18:35.834,0.92259,0.92275,1.50,1.50
2011.04.05 06:18:36.496,0.92261,0.92276,1.50,2.85
2011.04.05 06:18:37.091,0.9226,0.92276,1.50,2.85
2011.04.05 06:18:37.692,0.9226,0.92276,1.50,3.60
2011.04.05 06:18:37.913,0.9226,0.92276,1.50,3.60
2011.04.05 06:18:38.462,0.9226,0.92276,1.50,3.60
2011.04.05 06:18:41.664,0.92261,0.92276,1.50,2.85
2011.04.05 06:18:41.883,0.9226,0.92276,1.50,3.60
2011.04.05 06:18:42.103,0.92259,0.92276,1.50,3.60
2011.04.05 06:18:42.213,0.92259,0.92276,1.50,3.60
2011.04.05 06:18:44.525,0.9226,0.92276,1.50,2.85
2011.04.05 06:18:45.083,0.92261,0.92276,1.50,3.60
2011.04.05 06:18:46.265,0.92261,0.92276,1.50,3.60
2011.04.05 06:18:46.587,0.92259,0.92276,1.50,3.60
2011.04.05 06:18:54.086,0.9226,0.92276,1.50,3.60
2011.04.05 06:18:54.205,0.9226,0.92276,1.50,3.60
2011.04.05 06:18:54.564,0.9226,0.92276,1.50,3.60
2011.04.05 06:18:55.014,0.92258,0.92276,3.00,3.60
2011.04.05 06:18:56.362,0.92258,0.92276,3.00,3.60
2011.04.05 06:18:56.913,0.92258,0.92276,3.00,3.60
2011.04.05 06:18:57.813,0.92258,0.92276,3.00,3.60
2011.04.05 06:18:58.033,0.92258,0.92276,3.00,3.60
2011.04.05 06:18:58.692,0.92258,0.92276,2.25,3.60
2011.04.05 06:18:59.183,0.92257,0.92273,2.25,1.50
2011.04.05 06:18:59.732,0.92257,0.92275,1.90,2.63
2011.04.05 06:19:00.283,0.92257,0.92274,1.50,1.50
2011.04.05 06:19:03.778,0.92259,0.92275,1.90,1.13
2011.04.05 06:19:04.333,0.92259,0.92276,1.50,6.98
2011.04.05 06:19:05.214,0.92259,0.92276,1.90,6.98
2011.04.05 06:19:06.326,0.92259,0.92273,1.15,1.50
2011.04.05 06:19:06.556,0.92256,0.92275,2.25,1.50
2011.04.05 06:19:07.186,0.92255,0.92273,2.57,1.50
2011.04.05 06:19:09.554,0.92255,0.92273,3.00,1.50
2011.04.05 06:19:09.666,0.92256,0.92274,1.50,1.50
2011.04.05 06:19:10.223,0.92257,0.92274,1.15,1.50
2011.04.05 06:19:10.994,0.92257,0.92277,1.50,3.00
2011.04.05 06:19:12.094,0.92258,0.92277,1.15,2.25
2011.04.05 06:19:12.643,0.92257,0.92276,1.90,1.50
2011.04.05 06:19:13.137,0.92257,0.92276,3.40,1.50
2011.04.05 06:19:14.154,0.92257,0.92276,3.00,2.10
2011.04.05 06:19:14.275,0.92257,0.92276,3.00,2.10
2011.04.05 06:19:14.833,0.92257,0.92276,3.00,1.35
2011.04.05 06:19:15.732,0.92257,0.92276,3.40,1.35
2011.04.05 06:19:16.283,0.92257,0.92276,3.40,1.35
2011.04.05 06:19:17.373,0.92258,0.92276,1.15,1.35
2011.04.05 06:19:18.476,0.92257,0.92276,3.40,1.35
2011.04.05 06:19:19.439,0.92257,0.92276,1.90,1.35
2011.04.05 06:19:19.668,0.92257,0.92276,1.50,1.35
2011.04.05 06:19:20.222,0.92257,0.92276,1.90,1.35
2011.04.05 06:19:20.773,0.92257,0.92276,2.28,1.35
2011.04.05 06:19:21.332,0.92257,0.92276,1.50,1.35
2011.04.05 06:19:21.664,0.92258,0.92276,1.15,1.35
2011.04.05 06:19:22.214,0.92257,0.92276,1.15,1.35
2011.04.05 06:19:22.774,0.92257,0.92276,1.50,1.35
2011.04.05 06:19:23.804,0.9226,0.92276,1.50,1.50
2011.04.05 06:19:24.243,0.9226,0.92279,4.15,1.50
2011.04.05 06:19:24.905,0.92265,0.9228,1.50,3.00
2011.04.05 06:19:25.355,0.92266,0.92283,4.15,1.50
2011.04.05 06:19:26.884,0.92267,0.92284,1.50,1.50
2011.04.05 06:19:27.433,0.92267,0.92284,1.50,1.50
2011.04.05 06:19:27.981,0.92267,0.92284,1.50,1.50
2011.04.05 06:19:28.204,0.92267,0.9228,1.50,1.35
2011.04.05 06:19:28.536,0.92261,0.92275,1.51,1.50
2011.04.05 06:19:28.876,0.92255,0.92273,2.25,1.50
2011.04.05 06:19:28.994,0.92256,0.92274,2.25,1.50
2011.04.05 06:19:30.488,0.92256,0.92275,2.25,3.38
2011.04.05 06:19:30.719,0.92256,0.92273,1.50,2.10
2011.04.05 06:19:30.837,0.92256,0.92272,1.50,1.50
2011.04.05 06:19:31.503,0.92256,0.92272,1.50,1.50
2011.04.05 06:19:32.057,0.92256,0.92273,1.50,1.50
2011.04.05 06:19:32.174,0.92256,0.92273,1.50,1.50
2011.04.05 06:19:36.305,0.92254,0.92272,1.50,2.25
2011.04.05 06:19:36.534,0.92252,0.9227,2.25,1.50
2011.04.05 06:19:36.755,0.92252,0.9227,1.50,1.50
2011.04.05 06:19:37.315,0.92251,0.92268,2.85,1.50
2011.04.05 06:19:37.874,0.92251,0.9227,5.10,3.00
2011.04.05 06:19:38.884,0.9225,0.92268,3.00,1.50
2011.04.05 06:19:39.222,0.9225,0.92268,2.65,1.50
2011.04.05 06:19:39.445,0.9225,0.92268,2.25,3.00
2011.04.05 06:19:42.223,0.92249,0.92267,3.40,1.50
2011.04.05 06:19:42.558,0.92248,0.92263,1.50,2.25
2011.04.05 06:19:42.675,0.92247,0.92263,2.25,1.50
2011.04.05 06:19:44.115,0.92246,0.92262,3.00,1.50
2011.04.05 06:19:44.672,0.92246,0.92262,3.00,1.50
2011.04.05 06:19:45.545,0.92245,0.92262,1.50,2.25
2011.04.05 06:19:48.106,0.92243,0.9226,2.25,1.50
2011.04.05 06:19:48.227,0.92243,0.92262,2.25,2.25
2011.04.05 06:19:48.785,0.92243,0.92262,2.25,1.50
2011.04.05 06:19:50.442,0.92245,0.92263,1.50,2.25
2011.04.05 06:19:51.003,0.92246,0.92263,1.50,1.50
2011.04.05 06:19:52.924,0.92247,0.92264,1.50,2.10
2011.04.05 06:19:57.417,0.92248,0.92259,1.50,1.50
2011.04.05 06:19:57.644,0.92246,0.92261,1.50,2.25
2011.04.05 06:19:58.193,0.92244,0.92262,2.10,1.50
2011.04.05 06:19:59.356,0.92244,0.92262,1.35,6.00
2011.04.05 06:19:59.475,0.92242,0.92259,3.75,1.50
2011.04.05 06:19:59.704,0.92243,0.92263,1.50,6.00
2011.04.05 06:19:59.815,0.92243,0.92263,1.50,4.50
2011.04.05 06:20:01.474,0.92244,0.92263,3.00,2.25
2011.04.05 06:20:02.025,0.92244,0.92262,1.50,1.35
2011.04.05 06:20:02.367,0.92244,0.92261,1.50,2.63
2011.04.05 06:20:02.486,0.92243,0.92262,2.65,2.25
2011.04.05 06:20:02.824,0.92244,0.92263,2.25,3.60
2011.04.05 06:20:03.267,0.92246,0.92263,1.50,1.35
2011.04.05 06:20:03.898,0.92244,0.92262,1.50,2.10
2011.04.05 06:20:04.015,0.92244,0.92263,1.50,1.35
2011.04.05 06:20:04.576,0.92245,0.92263,2.25,1.35
2011.04.05 06:20:04.818,0.92244,0.9226,2.25,1.13
2011.04.05 06:20:05.044,0.92245,0.92263,1.50,2.10
2011.04.05 06:20:06.168,0.92249,0.92263,1.50,2.85
2011.04.05 06:20:06.398,0.92249,0.92263,1.50,2.10
2011.04.05 06:20:06.740,0.92252,0.92266,2.10,4.50
2011.04.05 06:20:06.858,0.92252,0.9227,2.10,1.88
2011.04.05 06:20:07.136,0.92254,0.9227,1.50,1.13
2011.04.05 06:20:07.366,0.92255,0.92272,1.50,1.50
2011.04.05 06:20:07.895,0.92255,0.92272,3.00,1.50
2011.04.05 06:20:09.747,0.92254,0.92273,6.00,1.50
2011.04.05 06:20:10.100,0.92259,0.92277,2.25,1.50
2011.04.05 06:20:10.214,0.9226,0.92278,2.25,1.50
2011.04.05 06:20:10.335,0.9226,0.92278,2.25,1.50
2011.04.05 06:20:10.788,0.9226,0.92278,2.25,2.25
2011.04.05 06:20:12.518,0.92261,0.92278,1.15,1.50
2011.04.05 06:20:12.864,0.92261,0.92278,2.25,2.25
2011.04.05 06:20:12.975,0.92263,0.92278,2.25,1.50
2011.04.05 06:20:13.534,0.92261,0.92279,2.65,1.50
2011.04.05 06:20:14.304,0.92264,0.92279,3.00,1.50
2011.04.05 06:20:14.528,0.92266,0.92282,3.25,1.13
2011.04.05 06:20:14.647,0.92269,0.92285,2.25,1.50
2011.04.05 06:20:15.203,0.92272,0.92288,2.25,1.50
2011.04.05 06:20:15.316,0.92272,0.92292,2.25,3.98
2011.04.05 06:20:15.434,0.92273,0.92292,2.85,1.50
2011.04.05 06:20:15.876,0.92274,0.92292,3.00,1.50
2011.04.05 06:20:16.913,0.92275,0.92293,3.00,2.25
2011.04.05 06:20:17.475,0.92275,0.92292,2.10,1.50
2011.04.05 06:20:18.034,0.92275,0.92292,2.85,1.50
2011.04.05 06:20:18.913,0.92275,0.9229,3.60,1.50
2011.04.05 06:20:19.245,0.92274,0.92288,2.25,1.69
2011.04.05 06:20:19.366,0.92271,0.92287,3.75,1.13
2011.04.05 06:20:20.144,0.92271,0.92288,3.75,1.50
2011.04.05 06:20:21.684,0.92271,0.92287,3.00,1.50
2011.04.05 06:20:21.794,0.92271,0.92287,1.50,1.50
2011.04.05 06:20:22.403,0.92271,0.92288,1.50,1.50
2011.04.05 06:20:22.954,0.92271,0.92287,1.50,2.25
2011.04.05 06:20:23.064,0.92268,0.92284,1.50,2.25
2011.04.05 06:20:23.615,0.92267,0.92284,3.00,1.50
2011.04.05 06:20:24.174,0.92267,0.92283,3.00,1.50
2011.04.05 06:20:27.767,0.92267,0.92279,2.25,3.94
2011.04.05 06:20:28.104,0.92261,0.92268,1.50,2.10
2011.04.05 06:20:28.439,0.92252,0.92261,2.25,1.50
2011.04.05 06:20:28.775,0.92248,0.92262,1.50,2.10
2011.04.05 06:20:28.896,0.92244,0.92262,2.25,2.85
2011.04.05 06:20:29.381,0.92245,0.92262,1.50,2.85
2011.04.05 06:20:30.924,0.92247,0.92262,1.50,2.85
2011.04.05 06:20:31.035,0.92251,0.92266,1.50,1.50
2011.04.05 06:20:31.813,0.9225,0.92266,3.00,1.50
2011.04.05 06:20:32.254,0.9225,0.92266,1.50,1.50
2011.04.05 06:20:33.254,0.92248,0.92265,1.50,1.50
2011.04.05 06:20:33.477,0.92247,0.92263,1.50,2.10
2011.04.05 06:20:33.813,0.92241,0.92259,2.25,2.10
2011.04.05 06:20:33.926,0.92241,0.92259,2.25,4.35
2011.04.05 06:20:34.659,0.92242,0.92258,1.50,3.00
2011.04.05 06:20:35.212,0.92241,0.92258,1.50,2.25
2011.04.05 06:20:35.543,0.92242,0.92259,1.50,1.35
2011.04.05 06:20:35.765,0.92242,0.92259,1.50,1.35
2011.04.05 06:20:36.106,0.92243,0.92256,1.50,1.50
2011.04.05 06:20:36.225,0.92246,0.92262,1.50,1.35
2011.04.05 06:20:36.782,0.92246,0.92262,1.50,2.10
2011.04.05 06:20:37.333,0.92247,0.92262,1.50,1.35
2011.04.05 06:20:37.663,0.92245,0.92261,2.25,1.50
2011.04.05 06:20:37.886,0.92245,0.92261,2.25,1.50
2011.04.05 06:20:42.833,0.92245,0.9226,1.50,1.50
2011.04.05 06:20:42.944,0.92245,0.9226,1.50,1.50
2011.04.05 06:20:45.143,0.92245,0.9226,1.50,3.00
2011.04.05 06:20:47.165,0.92245,0.92259,1.50,2.25
2011.04.05 06:20:47.724,0.92245,0.92259,1.50,1.50
2011.04.05 06:20:48.276,0.92247,0.92262,1.50,1.35
2011.04.05 06:20:48.834,0.92248,0.92262,1.50,1.35
2011.04.05 06:20:50.195,0.92251,0.92265,3.75,2.10
2011.04.05 06:20:50.547,0.92252,0.92269,2.25,3.92
2011.04.05 06:20:50.669,0.92257,0.92269,1.50,2.25
2011.04.05 06:20:50.790,0.92254,0.92271,2.65,2.10
2011.04.05 06:20:50.905,0.92256,0.92271,1.50,2.10
2011.04.05 06:20:51.244,0.92256,0.92271,1.50,1.35
2011.04.05 06:20:51.464,0.92256,0.92271,1.50,1.35
2011.04.05 06:20:51.793,0.92256,0.92272,2.25,2.10
2011.04.05 06:20:52.015,0.92258,0.92272,1.50,2.10
2011.04.05 06:20:52.917,0.92259,0.92273,1.50,1.50
2011.04.05 06:20:53.518,0.92258,0.92272,1.50,2.10
2011.04.05 06:20:54.406,0.92261,0.92274,1.50,2.10
2011.04.05 06:20:54.527,0.92262,0.92278,2.65,2.25
2011.04.05 06:20:54.647,0.92263,0.92278,1.15,1.50
2011.04.05 06:20:55.221,0.92267,0.92282,1.50,1.50
2011.04.05 06:20:55.339,0.92267,0.92283,2.65,2.25
2011.04.05 06:20:55.578,0.92268,0.92283,2.25,1.50
2011.04.05 06:20:56.134,0.92267,0.92282,1.50,1.50
2011.04.05 06:20:56.619,0.92268,0.9228,1.50,1.35
2011.04.05 06:20:56.964,0.92268,0.92282,1.50,1.50
2011.04.05 06:20:57.525,0.92268,0.92282,1.50,1.50
2011.04.05 06:20:58.614,0.92268,0.92282,1.50,1.50
2011.04.05 06:20:58.837,0.92269,0.92282,1.50,1.50
2011.04.05 06:20:59.396,0.92269,0.92283,1.50,1.50
2011.04.05 06:20:59.734,0.92268,0.92282,1.50,1.50
2011.04.05 06:21:00.284,0.92268,0.92282,2.25,1.50
2011.04.05 06:21:02.117,0.92268,0.92285,1.50,1.88
2011.04.05 06:21:03.114,0.92268,0.92285,1.50,1.50
2011.04.05 06:21:03.556,0.92266,0.92285,2.25,2.25
2011.04.05 06:21:04.114,0.92265,0.92284,3.75,1.50
2011.04.05 06:21:08.008,0.92265,0.92284,1.50,1.50
2011.04.05 06:21:08.126,0.92264,0.92284,1.35,1.50
2011.04.05 06:21:08.695,0.92263,0.92282,3.60,1.50
2011.04.05 06:21:09.256,0.92263,0.92282,3.60,1.50
2011.04.05 06:21:10.275,0.92263,0.92281,1.50,1.50
2011.04.05 06:21:10.615,0.92262,0.9228,2.25,1.50
2011.04.05 06:21:10.736,0.92262,0.9228,1.50,1.50
2011.04.05 06:21:11.293,0.92262,0.9228,1.50,1.50
2011.04.05 06:21:14.317,0.9226,0.92271,3.38,4.50
2011.04.05 06:21:14.435,0.9226,0.92274,1.44,1.50
2011.04.05 06:21:14.557,0.92257,0.92272,2.34,1.50
2011.04.05 06:21:14.675,0.92254,0.92268,3.00,1.50
2011.04.05 06:21:14.906,0.92254,0.92269,2.25,1.50
2011.04.05 06:21:15.026,0.92252,0.92268,2.25,1.50
2011.04.05 06:21:15.255,0.92252,0.92268,3.00,1.50
2011.04.05 06:21:15.927,0.92254,0.92268,1.50,1.50
2011.04.05 06:21:16.482,0.92255,0.92271,1.50,1.50
2011.04.05 06:21:16.813,0.92256,0.92271,1.50,1.50
2011.04.05 06:21:17.145,0.92259,0.92274,1.13,2.25
2011.04.05 06:21:17.654,0.92259,0.92274,1.13,2.25
2011.04.05 06:21:18.203,0.92259,0.92274,1.13,2.25
2011.04.05 06:21:18.754,0.9226,0.92275,1.13,1.13
2011.04.05 06:21:18.974,0.9226,0.92277,1.13,1.50
2011.04.05 06:21:20.185,0.9226,0.92277,1.50,1.50
2011.04.05 06:21:20.742,0.9226,0.92275,1.13,1.50
2011.04.05 06:21:22.412,0.92259,0.92275,1.13,1.50
2011.04.05 06:21:22.852,0.92258,0.92274,1.50,2.25
2011.04.05 06:21:23.295,0.92258,0.92274,1.50,2.25
2011.04.05 06:21:23.834,0.92258,0.92274,1.50,2.25
2011.04.05 06:21:24.165,0.92258,0.92274,2.25,1.50
2011.04.05 06:21:24.487,0.92256,0.92274,2.25,2.25
2011.04.05 06:21:24.715,0.92256,0.92276,3.00,1.50
2011.04.05 06:21:25.497,0.92256,0.92274,1.50,1.50
2011.04.05 06:21:26.052,0.92255,0.92275,2.25,2.25
2011.04.05 06:21:26.384,0.92257,0.92275,1.50,2.25
2011.04.05 06:21:26.933,0.92255,0.92275,2.25,1.50
2011.04.05 06:21:28.146,0.92255,0.92273,1.50,1.50
2011.04.05 06:21:28.703,0.92256,0.92272,1.50,1.50
2011.04.05 06:21:29.373,0.92257,0.92274,1.50,1.50
2011.04.05 06:21:29.922,0.92255,0.92273,2.25,2.25
2011.04.05 06:21:30.465,0.92255,0.92273,1.50,2.25
2011.04.05 06:21:30.917,0.92255,0.92273,1.50,2.25
2011.04.05 06:21:31.477,0.92255,0.92269,1.50,2.25
2011.04.05 06:21:32.033,0.92252,0.92273,1.50,2.25
2011.04.05 06:21:32.255,0.92254,0.9227,1.50,1.50
2011.04.05 06:21:32.815,0.92255,0.92272,1.50,2.10
2011.04.05 06:21:33.043,0.92255,0.92273,1.50,2.85
2011.04.05 06:21:33.375,0.92255,0.92273,1.50,2.85
2011.04.05 06:21:35.624,0.92255,0.92272,3.00,1.35
2011.04.05 06:21:36.176,0.92257,0.92273,1.50,2.10
2011.04.05 06:21:36.843,0.92257,0.92273,1.50,2.10
2011.04.05 06:21:37.722,0.92257,0.92273,1.50,2.10
2011.04.05 06:21:38.272,0.92257,0.92273,1.50,2.10
2011.04.05 06:21:38.823,0.92256,0.92273,1.50,2.85
2011.04.05 06:21:41.005,0.92257,0.92273,1.50,2.85
2011.04.05 06:21:41.123,0.92258,0.92273,1.50,2.85
2011.04.05 06:21:42.206,0.92259,0.92275,1.50,2.10
2011.04.05 06:21:42.765,0.92261,0.92275,1.50,1.35
2011.04.05 06:21:43.323,0.92261,0.92277,3.40,2.85
2011.04.05 06:21:43.895,0.92261,0.92272,2.25,2.10
2011.04.05 06:21:44.114,0.92259,0.92272,1.50,2.10
2011.04.05 06:21:44.674,0.92256,0.92271,1.50,2.85
2011.04.05 06:21:44.785,0.92256,0.92272,1.50,1.50
2011.04.05 06:21:45.565,0.92256,0.92271,1.50,2.10
2011.04.05 06:21:45.795,0.92254,0.92269,1.50,2.10
2011.04.05 06:21:45.915,0.92253,0.92269,1.50,2.10
2011.04.05 06:21:47.040,0.92253,0.92269,1.50,1.35
2011.04.05 06:21:47.265,0.92251,0.92269,3.75,1.35
2011.04.05 06:21:47.822,0.92251,0.92269,3.75,1.35
2011.04.05 06:21:48.332,0.92251,0.92269,3.75,1.35
2011.04.05 06:21:48.773,0.92251,0.92269,3.75,1.35
2011.04.05 06:21:49.322,0.92251,0.92269,3.00,1.35
2011.04.05 06:21:49.653,0.92251,0.92269,3.75,1.35
2011.04.05 06:21:50.203,0.92252,0.92269,1.50,1.35
2011.04.05 06:21:52.795,0.92252,0.92269,1.50,2.10
2011.04.05 06:21:57.535,0.92251,0.92269,1.50,2.10
2011.04.05 06:21:57.762,0.92251,0.92269,2.25,2.10
2011.04.05 06:22:00.975,0.92251,0.92269,2.25,2.10
2011.04.05 06:22:01.094,0.92251,0.92269,2.25,2.10
2011.04.05 06:22:02.869,0.92251,0.92264,2.25,2.10
2011.04.05 06:22:03.094,0.92251,0.92265,1.50,1.13
2011.04.05 06:22:03.203,0.92252,0.92268,1.50,2.10
2011.04.05 06:22:03.745,0.92251,0.92268,1.50,2.10
2011.04.05 06:22:04.085,0.9225,0.92268,1.50,2.10
2011.04.05 06:22:05.085,0.92249,0.9226,1.50,2.10
2011.04.05 06:22:05.314,0.92246,0.9226,1.50,2.10
2011.04.05 06:22:08.285,0.92245,0.92262,1.50,1.50
2011.04.05 06:22:08.625,0.92247,0.92264,1.50,2.25
2011.04.05 06:22:09.184,0.92246,0.92264,1.50,2.25
2011.04.05 06:22:10.615,0.92247,0.92264,1.50,2.25
2011.04.05 06:22:10.844,0.92249,0.92264,1.50,2.25
2011.04.05 06:22:11.283,0.92248,0.92264,3.00,2.25
2011.04.05 06:22:11.942,0.92249,0.92264,1.50,2.25
2011.04.05 06:22:12.493,0.92249,0.92264,1.50,2.25
2011.04.05 06:22:13.044,0.92249,0.92264,1.50,2.25
2011.04.05 06:22:13.593,0.92248,0.92264,3.00,2.25
2011.04.05 06:22:13.705,0.92248,0.92264,3.00,2.25
2011.04.05 06:22:15.233,0.92248,0.92264,1.50,1.50
2011.04.05 06:22:17.084,0.92248,0.92264,1.50,1.50
2011.04.05 06:22:17.306,0.92248,0.92264,1.50,1.50
2011.04.05 06:22:17.758,0.92249,0.92264,1.50,1.50
2011.04.05 06:22:18.364,0.92248,0.92264,2.25,1.50
2011.04.05 06:22:20.365,0.92247,0.92264,2.10,1.50
2011.04.05 06:22:20.898,0.92245,0.92264,2.25,1.50
2011.04.05 06:22:21.895,0.92245,0.92264,2.25,1.50
2011.04.05 06:22:22.125,0.92248,0.92264,1.50,1.50
2011.04.05 06:22:22.687,0.92249,0.92264,1.50,1.50
2011.04.05 06:22:24.013,0.92246,0.92263,1.50,1.35
2011.04.05 06:22:24.785,0.92243,0.92261,1.50,1.50
2011.04.05 06:22:25.454,0.92245,0.92262,1.50,1.50
2011.04.05 06:22:25.675,0.92246,0.92263,2.85,1.50
2011.04.05 06:22:27.148,0.92246,0.92263,1.35,2.25
2011.04.05 06:22:27.497,0.92246,0.9226,1.35,1.50
2011.04.05 06:22:28.059,0.92245,0.9226,1.35,2.25
2011.04.05 06:22:28.179,0.92243,0.9226,1.35,2.25
2011.04.05 06:22:28.627,0.92243,0.9226,1.35,1.50
2011.04.05 06:22:29.734,0.92243,0.9226,1.35,1.50
2011.04.05 06:22:34.580,0.92244,0.92262,1.50,2.25
2011.04.05 06:22:36.013,0.92243,0.92262,2.10,1.50
2011.04.05 06:22:36.565,0.92244,0.92262,1.50,1.50
2011.04.05 06:22:36.893,0.92244,0.9226,2.85,1.50
2011.04.05 06:22:37.223,0.92244,0.92259,2.10,1.50
2011.04.05 06:22:37.555,0.92244,0.92259,2.10,2.25
2011.04.05 06:22:38.113,0.92244,0.92259,2.10,2.25
2011.04.05 06:22:42.476,0.92244,0.92257,2.10,1.50
2011.04.05 06:22:42.816,0.92238,0.92256,2.10,2.25
2011.04.05 06:22:42.936,0.92238,0.92253,1.35,1.50
2011.04.05 06:22:43.175,0.92232,0.9225,2.85,1.50
2011.04.05 06:22:43.732,0.92232,0.9225,2.85,1.50
2011.04.05 06:22:45.728,0.92233,0.92253,2.10,3.75
2011.04.05 06:22:45.847,0.92233,0.92253,2.85,2.25
2011.04.05 06:22:48.044,0.92234,0.92253,4.53,1.50
2011.04.05 06:22:48.157,0.92236,0.92253,1.50,1.50
2011.04.05 06:22:48.386,0.9224,0.92255,1.50,1.50
2011.04.05 06:22:48.614,0.9224,0.92257,1.90,1.50
2011.04.05 06:22:48.944,0.92239,0.92259,2.65,1.50
2011.04.05 06:22:49.384,0.92239,0.92259,2.65,1.50
2011.04.05 06:22:49.893,0.92239,0.92259,3.40,1.50
2011.04.05 06:22:50.813,0.92239,0.92259,3.40,1.50
2011.04.05 06:22:51.365,0.9224,0.92259,1.50,1.50
2011.04.05 06:22:52.025,0.9224,0.92259,1.50,1.50
2011.04.05 06:22:52.597,0.9224,0.92259,1.50,1.50
2011.04.05 06:22:53.373,0.92241,0.92259,1.90,1.50
2011.04.05 06:22:53.923,0.92242,0.9226,1.35,1.50
2011.04.05 06:23:00.264,0.92237,0.92252,3.40,2.25
2011.04.05 06:23:00.596,0.92232,0.92251,1.65,1.50
2011.04.05 06:23:01.044,0.92231,0.92249,2.10,3.00
2011.04.05 06:23:02.267,0.92231,0.92249,2.10,2.25
2011.04.05 06:23:02.495,0.92231,0.92248,1.35,2.25
2011.04.05 06:23:02.727,0.92231,0.92248,1.35,1.50
2011.04.05 06:23:07.306,0.92238,0.92248,1.50,1.50
2011.04.05 06:23:07.875,0.92237,0.92254,2.10,1.50
2011.04.05 06:23:08.527,0.92239,0.92256,1.35,1.50
2011.04.05 06:23:08.757,0.92237,0.92255,2.10,1.50
2011.04.05 06:23:09.314,0.92237,0.92255,2.85,1.50
2011.04.05 06:23:09.862,0.92237,0.92255,2.85,1.50
2011.04.05 06:23:10.412,0.92238,0.92255,1.35,1.50
2011.04.05 06:23:11.513,0.92237,0.92255,2.85,1.50
2011.04.05 06:23:11.972,0.92237,0.92255,2.85,1.50
2011.04.05 06:23:12.305,0.92239,0.92255,1.35,1.50
2011.04.05 06:23:12.865,0.92239,0.92257,1.35,1.50
2011.04.05 06:23:13.095,0.9224,0.92258,1.50,1.50
2011.04.05 06:23:13.356,0.9224,0.92258,1.50,1.50
2011.04.05 06:23:13.706,0.9224,0.92258,1.50,1.50
2011.04.05 06:23:14.265,0.9224,0.92257,2.25,1.50
2011.04.05 06:23:14.824,0.9224,0.92257,1.50,1.50
2011.04.05 06:23:15.372,0.9224,0.92257,2.25,1.50
2011.04.05 06:23:16.182,0.9224,0.92257,2.25,1.50
2011.04.05 06:23:16.767,0.92243,0.9226,1.50,1.88
2011.04.05 06:23:17.106,0.92248,0.92261,2.10,1.50
2011.04.05 06:23:17.335,0.92249,0.92265,1.15,1.50
2011.04.05 06:23:17.893,0.92248,0.92264,2.10,1.50
2011.04.05 06:23:18.444,0.92248,0.92264,2.10,1.50
2011.04.05 06:23:18.776,0.92245,0.92264,1.35,2.25
2011.04.05 06:23:19.027,0.92244,0.92264,3.00,3.00
2011.04.05 06:23:19.269,0.92244,0.92264,3.00,3.00
2011.04.05 06:23:19.501,0.92249,0.92267,2.25,3.75
2011.04.05 06:23:19.622,0.92248,0.92267,2.85,2.25
2011.04.05 06:23:20.077,0.92248,0.92266,1.35,3.00
2011.04.05 06:23:20.635,0.92244,0.92263,1.50,3.00
2011.04.05 06:23:20.756,0.92243,0.92258,1.50,1.50
2011.04.05 06:23:20.875,0.92243,0.92258,1.50,1.50
2011.04.05 06:23:21.214,0.92241,0.92258,1.50,1.50
2011.04.05 06:23:21.763,0.9224,0.92257,1.35,1.50
2011.04.05 06:23:23.391,0.9224,0.92257,1.35,1.50
2011.04.05 06:23:23.630,0.92241,0.92258,1.15,2.25
2011.04.05 06:23:23.968,0.92246,0.92261,3.60,1.50
2011.04.05 06:23:24.087,0.92247,0.92263,1.35,1.50
2011.04.05 06:23:24.315,0.92246,0.92263,1.50,1.50
2011.04.05 06:23:24.653,0.92246,0.92263,1.50,1.50
2011.04.05 06:23:25.314,0.92246,0.92263,1.50,1.50
2011.04.05 06:23:25.843,0.92246,0.92263,1.50,1.50
2011.04.05 06:23:26.064,0.92243,0.92262,4.90,2.25
2011.04.05 06:23:26.837,0.92247,0.92261,1.50,1.50
2011.04.05 06:23:27.177,0.92252,0.92266,1.50,1.50
2011.04.05 06:23:27.297,0.92255,0.92268,1.50,1.50
2011.04.05 06:23:27.417,0.92256,0.92272,1.50,2.25
2011.04.05 06:23:31.954,0.92253,0.92272,1.50,2.25
2011.04.05 06:23:32.065,0.92252,0.9227,2.25,1.50
2011.04.05 06:23:32.616,0.92252,0.92269,1.50,2.25
2011.04.05 06:23:32.845,0.9225,0.92269,1.50,3.00
2011.04.05 06:23:32.965,0.92249,0.92268,1.35,1.50
2011.04.05 06:23:33.532,0.92249,0.92267,1.35,3.00
2011.04.05 06:23:34.217,0.92249,0.92268,1.35,3.75
2011.04.05 06:23:34.773,0.9225,0.92268,4.15,1.50
2011.04.05 06:23:35.327,0.92251,0.92268,3.00,1.50
2011.04.05 06:23:35.883,0.92251,0.92267,2.25,2.25
2011.04.05 06:23:36.433,0.92251,0.92267,2.25,1.50
2011.04.05 06:23:36.942,0.92251,0.92267,1.50,1.50
2011.04.05 06:23:37.494,0.9225,0.92266,2.25,1.50
2011.04.05 06:23:38.043,0.9225,0.92266,1.50,1.50
2011.04.05 06:23:38.945,0.9225,0.92264,1.50,1.50
2011.04.05 06:23:42.613,0.9225,0.92263,1.50,1.50
2011.04.05 06:23:42.832,0.92249,0.92263,1.50,1.50
2011.04.05 06:23:44.864,0.92249,0.92263,1.50,2.25
2011.04.05 06:23:45.416,0.92246,0.92263,2.25,1.50
2011.04.05 06:23:51.094,0.92248,0.92263,1.50,3.00
2011.04.05 06:23:52.433,0.9225,0.92264,1.50,1.50
2011.04.05 06:23:52.777,0.92247,0.92263,1.50,1.50
2011.04.05 06:23:53.115,0.92247,0.92264,1.50,1.50
2011.04.05 06:23:53.458,0.92249,0.92265,1.50,1.50
2011.04.05 06:23:57.087,0.92249,0.92265,1.50,1.50
2011.04.05 06:23:57.315,0.92247,0.92265,2.25,1.50
2011.04.05 06:23:57.876,0.92248,0.92265,1.50,1.50
2011.04.05 06:23:58.544,0.9225,0.92266,1.50,1.50
2011.04.05 06:23:59.093,0.9225,0.92266,1.50,1.50
2011.04.05 06:23:59.853,0.9225,0.92266,1.50,1.50
2011.04.05 06:24:00.185,0.92248,0.92266,2.10,1.50
2011.04.05 06:24:00.305,0.92247,0.92266,2.85,1.50
2011.04.05 06:24:00.428,0.92249,0.92266,1.50,1.50
2011.04.05 06:24:00.546,0.92249,0.92266,2.65,1.50
2011.04.05 06:24:01.074,0.92248,0.92266,2.10,1.50
2011.04.05 06:24:01.184,0.92248,0.92266,2.10,1.50
2011.04.05 06:24:01.403,0.92248,0.92266,2.10,1.50
2011.04.05 06:24:03.504,0.92248,0.92264,2.25,1.50
2011.04.05 06:24:04.288,0.92248,0.92264,3.00,1.50
2011.04.05 06:24:04.683,0.92249,0.92264,1.50,1.50
2011.04.05 06:24:05.252,0.92249,0.92264,1.50,1.50
2011.04.05 06:24:05.585,0.92252,0.92266,1.50,1.50
2011.04.05 06:24:05.712,0.92253,0.92266,2.10,1.50
2011.04.05 06:24:05.938,0.92254,0.9227,1.90,2.03
2011.04.05 06:24:06.494,0.92256,0.92273,2.25,2.25
2011.04.05 06:24:07.535,0.92256,0.92272,3.00,1.50
2011.04.05 06:24:08.194,0.92257,0.92272,1.50,1.50
2011.04.05 06:24:10.666,0.92257,0.92273,2.25,1.50
2011.04.05 06:24:11.028,0.9226,0.92276,1.50,1.13
2011.04.05 06:24:11.255,0.9226,0.92278,2.25,2.25
2011.04.05 06:24:11.814,0.92261,0.92278,1.50,1.50
2011.04.05 06:24:12.258,0.92263,0.92279,1.50,1.50
2011.04.05 06:24:12.487,0.92261,0.92279,1.50,1.50
2011.04.05 06:24:13.343,0.92262,0.92279,1.50,1.50
2011.04.05 06:24:13.894,0.92264,0.92279,1.50,1.50
2011.04.05 06:24:14.564,0.92262,0.92279,1.90,1.50
2011.04.05 06:24:15.752,0.92262,0.92279,1.90,1.50
2011.04.05 06:24:16.335,0.92264,0.92279,1.50,1.50
2011.04.05 06:24:17.555,0.92264,0.92279,1.50,1.50
2011.04.05 06:24:18.009,0.92265,0.92281,3.40,1.13
2011.04.05 06:24:18.429,0.9227,0.92285,1.50,1.28
2011.04.05 06:24:18.552,0.9227,0.92286,1.50,1.50
2011.04.05 06:24:19.105,0.9227,0.92286,1.90,1.50
2011.04.05 06:24:19.326,0.9227,0.92288,2.65,2.25
2011.04.05 06:24:19.450,0.92273,0.92288,1.50,2.25
2011.04.05 06:24:20.016,0.92273,0.9229,2.25,1.50
2011.04.05 06:24:20.577,0.92273,0.92289,1.50,1.50
2011.04.05 06:24:20.694,0.92273,0.9229,2.25,1.50
2011.04.05 06:24:21.228,0.92273,0.9229,2.25,1.50
2011.04.05 06:24:21.582,0.92273,0.92289,1.50,1.50
2011.04.05 06:24:21.929,0.92272,0.9229,3.00,2.25
2011.04.05 06:24:22.375,0.92271,0.92289,3.00,1.50
2011.04.05 06:24:22.826,0.92271,0.92288,1.50,1.69
2011.04.05 06:24:23.383,0.92269,0.92288,3.75,1.50
2011.04.05 06:24:24.053,0.92268,0.92287,1.50,1.50
2011.04.05 06:24:24.617,0.92268,0.92287,1.50,2.25
2011.04.05 06:24:25.173,0.92269,0.92287,1.50,1.50
2011.04.05 06:24:26.834,0.92269,0.92287,2.25,1.50
2011.04.05 06:24:28.301,0.92268,0.92288,2.25,1.50
2011.04.05 06:24:28.526,0.9227,0.92289,1.50,2.25
2011.04.05 06:24:29.087,0.92268,0.92288,2.25,1.50
2011.04.05 06:24:29.643,0.92268,0.92287,2.25,1.50
2011.04.05 06:24:30.085,0.92268,0.92287,2.25,1.50
2011.04.05 06:24:32.624,0.92268,0.92287,3.00,1.50
2011.04.05 06:24:32.954,0.92268,0.92289,3.75,3.00
2011.04.05 06:24:33.520,0.92276,0.92291,1.50,1.50
2011.04.05 06:24:34.309,0.92278,0.92293,1.50,1.50
2011.04.05 06:24:34.426,0.92278,0.92296,1.50,3.08
2011.04.05 06:24:35.204,0.92278,0.92296,2.65,1.50
2011.04.05 06:24:35.862,0.92278,0.92296,2.65,1.50
2011.04.05 06:24:36.413,0.92279,0.92298,1.15,2.25
2011.04.05 06:24:37.753,0.92279,0.92297,1.50,2.25
2011.04.05 06:24:38.304,0.9228,0.92297,1.50,2.25
2011.04.05 06:24:38.853,0.9228,0.92297,2.65,1.50
2011.04.05 06:24:39.404,0.92281,0.92298,1.15,1.50
2011.04.05 06:24:39.952,0.92281,0.92298,1.50,1.50
2011.04.05 06:24:40.504,0.92281,0.92297,1.90,1.50
2011.04.05 06:24:40.835,0.92281,0.92299,2.65,1.50
2011.04.05 06:24:41.405,0.92283,0.92299,1.90,1.50
2011.04.05 06:24:41.963,0.92283,0.92301,4.90,1.50
2011.04.05 06:24:42.843,0.92283,0.923,1.90,1.50
2011.04.05 06:24:43.395,0.92283,0.923,2.65,1.50
2011.04.05 06:24:43.953,0.92282,0.923,4.15,1.50
2011.04.05 06:24:44.505,0.92283,0.923,1.50,1.50
2011.04.05 06:24:45.044,0.92282,0.92299,2.65,1.50
2011.04.05 06:24:45.594,0.92282,0.92299,2.65,1.50
2011.04.05 06:24:46.164,0.9228,0.92299,1.90,2.10
2011.04.05 06:24:48.216,0.9228,0.92298,1.90,1.50
2011.04.05 06:24:48.556,0.92279,0.92298,1.50,1.50
2011.04.05 06:24:49.257,0.92276,0.92296,2.25,2.25
2011.04.05 06:24:49.378,0.92276,0.92296,1.50,3.00
2011.04.05 06:24:50.159,0.92275,0.92293,1.50,2.10
2011.04.05 06:24:52.254,0.92274,0.92292,2.25,1.50
2011.04.05 06:24:53.164,0.92274,0.92291,1.50,2.25
2011.04.05 06:24:53.831,0.92276,0.92293,2.25,2.25
2011.04.05 06:24:54.384,0.92276,0.92293,3.40,2.25
2011.04.05 06:24:54.715,0.92277,0.92294,1.90,1.35
2011.04.05 06:24:54.835,0.92277,0.92295,1.90,1.58
2011.04.05 06:24:55.284,0.92278,0.92295,2.25,1.58
2011.04.05 06:24:55.835,0.92278,0.92293,1.50,1.50
2011.04.05 06:24:58.254,0.92278,0.92295,1.50,1.88
2011.04.05 06:24:58.475,0.92278,0.92296,1.50,1.50
2011.04.05 06:24:58.917,0.92279,0.92297,1.50,2.85
2011.04.05 06:24:59.146,0.92279,0.92293,1.50,2.10
2011.04.05 06:24:59.816,0.92279,0.92296,1.50,1.50
2011.04.05 06:25:00.267,0.92282,0.92299,2.25,2.25
2011.04.05 06:25:00.386,0.92284,0.92299,1.50,1.50
2011.04.05 06:25:00.726,0.92285,0.92301,2.25,1.50
2011.04.05 06:25:01.054,0.92285,0.92299,1.50,1.50
2011.04.05 06:25:01.297,0.92285,0.92301,2.25,1.50
2011.04.05 06:25:01.527,0.92285,0.92301,3.00,1.50
2011.04.05 06:25:01.867,0.92286,0.92301,1.50,1.50
2011.04.05 06:25:02.318,0.92286,0.92301,1.50,1.50
2011.04.05 06:25:02.544,0.92281,0.92301,3.60,2.25
2011.04.05 06:25:02.983,0.92281,0.92298,2.10,1.50
2011.04.05 06:25:03.386,0.92281,0.92299,3.60,1.50
2011.04.05 06:25:03.835,0.92281,0.92298,2.25,1.50
2011.04.05 06:25:04.065,0.92282,0.923,1.50,1.88
2011.04.05 06:25:04.294,0.92282,0.923,1.50,1.50
2011.04.05 06:25:04.624,0.92282,0.923,1.50,1.50
2011.04.05 06:25:04.845,0.9228,0.923,3.60,2.25
2011.04.05 06:25:05.436,0.92281,0.92298,1.50,1.50
2011.04.05 06:25:07.322,0.9228,0.92298,3.60,1.50
2011.04.05 06:25:08.574,0.9228,0.92298,1.35,1.50
2011.04.05 06:25:09.124,0.92281,0.92298,1.50,1.50
2011.04.05 06:25:10.335,0.92281,0.92299,1.50,1.50
2011.04.05 06:25:10.788,0.9228,0.92299,2.10,2.25
2011.04.05 06:25:11.784,0.9228,0.92299,1.35,2.25
2011.04.05 06:25:13.583,0.92278,0.92298,1.50,1.50
2011.04.05 06:25:13.913,0.92278,0.92298,1.50,1.50
2011.04.05 06:25:15.235,0.92279,0.92299,1.50,1.50
2011.04.05 06:25:15.784,0.9228,0.92299,1.50,1.50
2011.04.05 06:25:19.070,0.9228,0.923,1.50,2.25
2011.04.05 06:25:21.053,0.9228,0.923,1.50,2.25
2011.04.05 06:25:21.602,0.9228,0.923,1.50,2.25
2011.04.05 06:25:22.045,0.92281,0.923,2.10,2.25
2011.04.05 06:25:22.593,0.92282,0.923,1.35,1.50
2011.04.05 06:25:24.005,0.9228,0.92302,3.60,3.00
2011.04.05 06:25:24.353,0.92283,0.923,1.35,1.50
2011.04.05 06:25:24.795,0.92282,0.923,1.35,1.50
2011.04.05 06:25:25.355,0.92283,0.923,1.35,1.50
2011.04.05 06:25:28.324,0.92281,0.923,2.85,1.50
2011.04.05 06:25:28.437,0.9228,0.92299,1.35,1.50
2011.04.05 06:25:30.295,0.92279,0.92298,1.35,2.25
2011.04.05 06:25:32.336,0.92279,0.92298,1.35,2.25
2011.04.05 06:25:32.579,0.92276,0.92295,2.10,1.32
2011.04.05 06:25:33.138,0.92276,0.92295,1.35,1.13
2011.04.05 06:25:33.803,0.92276,0.92295,1.35,1.13
2011.04.05 06:25:35.525,0.92276,0.92295,1.35,1.13
2011.04.05 06:25:36.306,0.92275,0.92294,1.35,1.13
2011.04.05 06:25:36.429,0.92274,0.92294,1.50,1.32
2011.04.05 06:25:36.984,0.92273,0.92294,2.10,1.32
2011.04.05 06:25:37.535,0.92273,0.92291,2.10,1.88
2011.04.05 06:25:38.084,0.92273,0.92291,1.35,3.38
2011.04.05 06:25:40.085,0.92273,0.92291,2.10,1.50
2011.04.05 06:25:40.420,0.92271,0.9229,1.50,1.50
2011.04.05 06:25:40.646,0.9227,0.9229,1.50,2.25
2011.04.05 06:25:42.298,0.9227,0.92289,1.50,2.25
2011.04.05 06:25:42.856,0.9227,0.92289,1.50,2.25
2011.04.05 06:25:43.592,0.9227,0.92287,1.50,4.50
2011.04.05 06:25:43.928,0.9227,0.92289,1.50,2.63
2011.04.05 06:25:44.048,0.9227,0.92289,1.50,1.50
2011.04.05 06:25:44.716,0.9227,0.92289,1.50,2.25
2011.04.05 06:25:46.919,0.92271,0.9229,1.50,1.50
2011.04.05 06:25:47.039,0.92273,0.92292,1.50,2.25
2011.04.05 06:25:47.155,0.92273,0.92292,2.25,1.50
2011.04.05 06:25:47.708,0.92274,0.92295,1.50,2.25
2011.04.05 06:25:48.687,0.92276,0.92295,1.50,1.50
2011.04.05 06:25:49.355,0.92276,0.92296,1.50,1.50
2011.04.05 06:25:51.356,0.92276,0.92295,1.50,1.50
2011.04.05 06:25:51.905,0.92276,0.92295,1.50,1.50
2011.04.05 06:25:52.494,0.92279,0.92296,1.50,1.50
2011.04.05 06:25:53.154,0.92279,0.92297,1.50,1.50
2011.04.05 06:25:53.703,0.92279,0.92298,1.50,4.50
2011.04.05 06:25:54.693,0.92279,0.92297,1.50,1.50
2011.04.05 06:25:55.353,0.92279,0.92298,1.50,4.50
2011.04.05 06:25:56.565,0.92279,0.92297,1.50,1.50
2011.04.05 06:25:57.145,0.92279,0.92296,1.50,1.50
2011.04.05 06:25:57.254,0.92278,0.92296,1.50,1.50
2011.04.05 06:26:00.555,0.92279,0.92296,1.50,1.50
2011.04.05 06:26:03.908,0.92277,0.92296,2.10,1.50
2011.04.05 06:26:07.705,0.92276,0.92295,1.50,2.25
2011.04.05 06:26:08.148,0.92277,0.92295,1.50,1.50
2011.04.05 06:26:08.375,0.92276,0.92295,1.50,1.50
2011.04.05 06:26:08.924,0.92277,0.92295,1.50,1.50
2011.04.05 06:26:11.458,0.92277,0.92296,1.50,1.50
2011.04.05 06:26:11.794,0.92277,0.92296,1.50,1.50
2011.04.05 06:26:12.423,0.92277,0.92296,1.50,1.50
2011.04.05 06:26:12.755,0.92276,0.92296,2.25,1.50
2011.04.05 06:26:13.303,0.92277,0.92296,1.50,1.50
2011.04.05 06:26:14.586,0.92277,0.92296,1.50,1.50
2011.04.05 06:26:15.314,0.92277,0.92296,1.50,1.50
2011.04.05 06:26:15.864,0.92277,0.92296,1.50,1.50
2011.04.05 06:26:17.254,0.92277,0.92296,1.50,1.50
2011.04.05 06:26:17.698,0.92277,0.92297,1.50,2.10
2011.04.05 06:26:17.928,0.9228,0.92296,1.50,1.50
2011.04.05 06:26:18.157,0.92277,0.92296,2.25,2.25
2011.04.05 06:26:19.066,0.92277,0.92294,1.50,1.50
2011.04.05 06:26:19.605,0.92277,0.92294,1.50,1.50
2011.04.05 06:26:20.154,0.92276,0.92294,1.50,1.50
2011.04.05 06:26:21.055,0.92278,0.92296,1.50,1.50
2011.04.05 06:26:21.607,0.92278,0.92297,1.50,2.85
2011.04.05 06:26:22.864,0.92278,0.92296,1.50,1.50
2011.04.05 06:26:23.306,0.92275,0.92294,2.25,2.10
2011.04.05 06:26:23.529,0.92275,0.92293,1.50,2.25
2011.04.05 06:26:23.645,0.92274,0.92291,1.50,1.50
2011.04.05 06:26:24.907,0.92274,0.92293,1.50,2.25
2011.04.05 06:26:25.465,0.92274,0.92293,1.50,3.00
2011.04.05 06:26:26.014,0.92274,0.92293,1.50,3.00
2011.04.05 06:26:28.847,0.92274,0.9229,1.50,1.50
2011.04.05 06:26:29.733,0.92272,0.92291,1.50,2.25
2011.04.05 06:26:30.999,0.92273,0.9229,1.50,2.85
2011.04.05 06:26:33.298,0.92273,0.9229,1.50,2.85
2011.04.05 06:26:33.528,0.92273,0.92288,1.50,1.35
2011.04.05 06:26:33.756,0.92273,0.92288,1.50,1.35
2011.04.05 06:26:34.305,0.92273,0.92288,1.50,1.35
2011.04.05 06:26:34.854,0.92273,0.92288,1.50,1.35
2011.04.05 06:26:35.555,0.92273,0.92288,1.50,1.35
2011.04.05 06:26:35.775,0.92273,0.92288,1.50,1.35
2011.04.05 06:26:37.868,0.92272,0.92288,2.25,1.50
2011.04.05 06:26:38.099,0.92274,0.92292,3.00,2.85
2011.04.05 06:26:38.717,0.92276,0.92292,1.50,1.35
2011.04.05 06:26:39.060,0.92274,0.92292,1.50,2.10
2011.04.05 06:26:39.397,0.92277,0.92292,2.25,1.35
2011.04.05 06:26:40.182,0.92277,0.92293,5.25,1.35
2011.04.05 06:26:40.747,0.9228,0.92294,1.50,2.10
2011.04.05 06:26:41.324,0.9228,0.92294,1.50,2.10
2011.04.05 06:26:41.994,0.9228,0.92294,1.50,2.85
2011.04.05 06:26:44.235,0.92279,0.92294,1.50,2.85
2011.04.05 06:26:44.915,0.92281,0.92297,1.50,1.50
2011.04.05 06:26:45.376,0.92282,0.92298,1.50,1.35
2011.04.05 06:26:45.717,0.92282,0.92298,1.50,1.35
2011.04.05 06:26:45.838,0.92282,0.92298,1.50,1.35
2011.04.05 06:26:46.395,0.92282,0.92298,1.50,1.35
2011.04.05 06:26:46.945,0.92282,0.92298,1.50,1.35
2011.04.05 06:26:47.505,0.92281,0.92298,1.50,1.35
2011.04.05 06:26:48.057,0.9228,0.92297,2.25,1.50
2011.04.05 06:26:48.396,0.9228,0.92295,1.50,1.35
2011.04.05 06:26:48.956,0.9228,0.92295,1.50,1.35
2011.04.05 06:26:49.353,0.9228,0.92295,1.50,1.35
2011.04.05 06:26:52.198,0.92279,0.92296,1.50,1.35
2011.04.05 06:26:52.426,0.92284,0.92298,1.50,2.85
2011.04.05 06:26:52.978,0.92279,0.92297,4.50,1.50
2011.04.05 06:26:53.756,0.92282,0.92296,2.25,1.35
2011.04.05 06:26:54.197,0.9228,0.92296,1.50,1.35
2011.04.05 06:26:54.798,0.9228,0.92296,1.50,1.35
2011.04.05 06:26:56.125,0.92281,0.92296,1.50,1.35
2011.04.05 06:26:56.235,0.92281,0.92296,1.50,2.10
2011.04.05 06:26:56.456,0.92284,0.92298,1.50,2.10
2011.04.05 06:26:56.796,0.92282,0.92302,3.75,1.35
2011.04.05 06:26:57.467,0.92282,0.92298,3.00,2.10
2011.04.05 06:26:58.355,0.92281,0.923,1.50,1.50
2011.04.05 06:26:58.905,0.92282,0.923,1.50,3.60
2011.04.05 06:27:00.600,0.92282,0.923,1.50,2.85
2011.04.05 06:27:01.048,0.92282,0.92299,1.50,1.35
2011.04.05 06:27:02.576,0.92282,0.923,1.50,2.85
2011.04.05 06:27:02.915,0.92282,0.923,1.50,2.85
2011.04.05 06:27:03.137,0.92282,0.923,1.50,2.85
2011.04.05 06:27:03.256,0.92282,0.92301,1.50,2.10
2011.04.05 06:27:03.695,0.92282,0.923,1.50,2.85
2011.04.05 06:27:04.243,0.92282,0.923,1.50,2.85
2011.04.05 06:27:08.804,0.92282,0.923,1.50,2.10
2011.04.05 06:27:09.364,0.92282,0.923,1.50,2.10
2011.04.05 06:27:13.006,0.9228,0.923,1.50,2.10
2011.04.05 06:27:13.226,0.9228,0.923,1.58,2.10
2011.04.05 06:27:13.557,0.9228,0.923,1.58,2.10
2011.04.05 06:27:13.896,0.92282,0.923,3.75,2.10
2011.04.05 06:27:14.805,0.92282,0.923,6.75,1.35
2011.04.05 06:27:15.038,0.92284,0.92302,5.25,1.35
2011.04.05 06:27:16.145,0.92285,0.92303,2.25,3.04
2011.04.05 06:27:16.364,0.92287,0.92304,1.50,1.24
2011.04.05 06:27:16.915,0.92287,0.92306,3.75,1.80
2011.04.05 06:27:17.138,0.92289,0.92307,1.50,2.85
2011.04.05 06:27:17.695,0.92292,0.92307,1.50,2.85
2011.04.05 06:27:18.136,0.92292,0.92307,1.50,2.10
2011.04.05 06:27:18.369,0.92293,0.92307,1.50,2.10
2011.04.05 06:27:18.925,0.92293,0.92312,1.50,1.58
2011.04.05 06:27:19.458,0.92293,0.92312,1.50,1.58
2011.04.05 06:27:19.578,0.92291,0.92311,1.50,2.25
2011.04.05 06:27:20.028,0.9229,0.92309,1.50,1.35
2011.04.05 06:27:20.696,0.92291,0.92311,2.25,2.63
2011.04.05 06:27:22.026,0.92292,0.92311,1.50,2.25
2011.04.05 06:27:22.808,0.92292,0.92311,1.50,2.25
2011.04.05 06:27:23.367,0.92292,0.9231,1.50,1.35
2011.04.05 06:27:23.927,0.92291,0.92311,3.00,2.44
2011.04.05 06:27:24.329,0.92293,0.92311,1.50,2.63
2011.04.05 06:27:26.517,0.92291,0.9231,3.00,1.50
2011.04.05 06:27:30.918,0.92289,0.92308,2.10,2.25
2011.04.05 06:27:31.040,0.92289,0.92307,1.50,2.25
2011.04.05 06:27:31.529,0.92286,0.92306,1.57,4.50
2011.04.05 06:27:31.868,0.92285,0.92304,1.57,1.50
2011.04.05 06:27:32.425,0.92285,0.92305,2.32,3.45
2011.04.05 06:27:34.805,0.92285,0.92304,1.57,1.58
2011.04.05 06:27:35.355,0.92285,0.92304,1.57,1.58
2011.04.05 06:27:36.774,0.92285,0.92304,1.57,1.58
2011.04.05 06:27:38.065,0.92284,0.92304,2.17,1.58
2011.04.05 06:27:38.401,0.92284,0.92301,1.49,1.50
2011.04.05 06:27:38.845,0.92284,0.92303,2.24,1.50
2011.04.05 06:27:39.415,0.92284,0.92303,2.92,1.50
2011.04.05 06:27:39.528,0.92284,0.92303,2.99,1.50
2011.04.05 06:27:40.304,0.92284,0.92306,4.49,3.83
2011.04.05 06:27:40.415,0.92286,0.92306,1.57,3.83
2011.04.05 06:27:40.976,0.92286,0.92306,1.50,3.75
2011.04.05 06:27:41.525,0.92286,0.92305,1.50,1.58
2011.04.05 06:27:42.056,0.92286,0.92305,1.57,1.58
2011.04.05 06:27:42.614,0.92286,0.92305,1.57,1.58
2011.04.05 06:27:43.824,0.92287,0.92306,1.50,1.58
2011.04.05 06:27:44.596,0.92287,0.92307,2.65,4.20
2011.04.05 06:27:44.936,0.92288,0.92306,1.50,1.58
2011.04.05 06:27:45.375,0.92288,0.92305,1.50,1.02
2011.04.05 06:27:46.146,0.92288,0.92305,2.25,1.02
2011.04.05 06:27:46.678,0.92289,0.92305,1.50,1.02
2011.04.05 06:27:47.456,0.92289,0.92305,1.50,1.02
2011.04.05 06:27:48.006,0.92288,0.92305,2.25,1.02
2011.04.05 06:27:48.586,0.92287,0.92305,2.50,1.58
2011.04.05 06:27:49.366,0.92287,0.92305,2.10,1.77
2011.04.05 06:27:49.925,0.92286,0.92304,1.57,1.24
2011.04.05 06:27:50.478,0.92285,0.92303,2.32,1.24
2011.04.05 06:27:50.926,0.92286,0.92303,1.50,1.24
2011.04.05 06:27:51.667,0.92286,0.92303,1.57,1.24
2011.04.05 06:27:53.016,0.92286,0.92304,1.50,1.05
2011.04.05 06:27:53.566,0.92286,0.92305,3.00,1.58
2011.04.05 06:27:54.125,0.92287,0.92305,2.25,1.58
2011.04.05 06:27:57.046,0.92288,0.92305,1.50,1.58
2011.04.05 06:27:57.647,0.92289,0.92307,3.40,1.13
2011.04.05 06:27:58.327,0.92287,0.92305,1.50,1.50
2011.04.05 06:27:58.885,0.92286,0.92304,2.25,2.25
2011.04.05 06:27:59.434,0.92286,0.92304,1.50,2.25
2011.04.05 06:28:00.534,0.92286,0.92304,2.32,2.25
2011.04.05 06:28:01.085,0.92287,0.92304,1.50,2.25
2011.04.05 06:28:01.635,0.92287,0.92304,1.50,2.25
2011.04.05 06:28:05.938,0.92287,0.92304,1.50,2.25
2011.04.05 06:28:08.888,0.92286,0.92304,2.25,2.25
2011.04.05 06:28:09.336,0.92287,0.92304,1.50,2.25
2011.04.05 06:28:09.884,0.92287,0.92304,1.50,2.25
2011.04.05 06:28:14.025,0.92285,0.92304,2.65,1.50
2011.04.05 06:28:15.339,0.92284,0.92303,2.65,1.58
2011.04.05 06:28:15.569,0.92284,0.92303,3.00,3.08
2011.04.05 06:28:16.896,0.92282,0.92301,2.10,1.50
2011.04.05 06:28:17.226,0.92282,0.92298,1.50,2.85
2011.04.05 06:28:17.445,0.92279,0.92296,1.50,1.35
2011.04.05 06:28:18.544,0.92279,0.92297,1.50,1.35
2011.04.05 06:28:19.129,0.92279,0.92298,2.25,1.50
2011.04.05 06:28:23.116,0.92278,0.92297,1.50,1.50
2011.04.05 06:28:24.335,0.92278,0.92296,1.50,1.50
2011.04.05 06:28:24.856,0.92276,0.92295,1.50,2.25
2011.04.05 06:28:24.984,0.92275,0.92294,2.25,1.50
2011.04.05 06:28:25.316,0.92275,0.92292,2.25,2.25
2011.04.05 06:28:25.866,0.92275,0.92292,1.50,2.25
2011.04.05 06:28:26.414,0.92273,0.92292,1.50,3.00
2011.04.05 06:28:26.965,0.92273,0.92291,2.25,1.50
2011.04.05 06:28:27.075,0.92273,0.92291,1.50,2.25
2011.04.05 06:28:27.297,0.92273,0.92292,2.25,4.50
2011.04.05 06:28:27.854,0.92273,0.92291,2.25,2.25
2011.04.05 06:28:28.187,0.92273,0.92291,1.50,3.75
2011.04.05 06:28:28.744,0.92271,0.9229,2.25,2.25
2011.04.05 06:28:29.955,0.92271,0.9229,1.50,2.25
2011.04.05 06:28:31.566,0.92271,0.9229,1.50,1.50
2011.04.05 06:28:31.787,0.92269,0.92288,1.50,1.50
2011.04.05 06:28:33.445,0.92269,0.92287,1.50,1.50
2011.04.05 06:28:33.558,0.92268,0.92286,1.50,1.50
2011.04.05 06:28:33.787,0.92268,0.92284,1.50,2.25
2011.04.05 06:28:34.345,0.92265,0.92284,1.50,1.50
2011.04.05 06:28:34.786,0.92264,0.92283,1.50,1.50
2011.04.05 06:28:35.333,0.92264,0.92283,1.50,1.50
2011.04.05 06:28:36.006,0.92266,0.92286,4.50,3.83
2011.04.05 06:28:37.114,0.92266,0.92286,2.25,3.08
2011.04.05 06:28:38.328,0.92268,0.92282,1.50,1.35
2011.04.05 06:28:38.666,0.92263,0.92282,2.65,1.35
2011.04.05 06:28:39.108,0.92261,0.92278,1.50,2.10
2011.04.05 06:28:39.665,0.9226,0.92278,1.50,2.10
2011.04.05 06:28:40.329,0.92258,0.92274,1.88,1.50
2011.04.05 06:28:40.937,0.92257,0.92274,1.50,1.50
2011.04.05 06:28:41.496,0.92258,0.92274,1.50,2.25
2011.04.05 06:28:41.827,0.9226,0.92276,1.50,1.88
2011.04.05 06:28:41.945,0.9226,0.92277,1.50,1.50
2011.04.05 06:28:42.057,0.92261,0.92277,1.50,1.50
2011.04.05 06:28:42.616,0.92261,0.92277,1.50,1.50
2011.04.05 06:28:43.256,0.92261,0.92277,1.50,1.50
2011.04.05 06:28:43.585,0.92262,0.92276,1.50,5.85
2011.04.05 06:28:44.024,0.92259,0.92274,1.50,1.50
2011.04.05 06:28:44.574,0.92259,0.92275,1.50,3.38
2011.04.05 06:28:50.453,0.92257,0.92273,1.50,1.50
2011.04.05 06:28:52.765,0.9226,0.92277,1.50,2.97
2011.04.05 06:28:55.544,0.9226,0.92276,1.50,1.47
2011.04.05 06:28:56.098,0.92258,0.92274,1.50,1.50
2011.04.05 06:28:57.345,0.92258,0.92275,2.25,1.88
2011.04.05 06:28:58.997,0.92257,0.92275,1.50,1.13
2011.04.05 06:28:59.556,0.92256,0.92274,1.50,1.50
2011.04.05 06:29:06.746,0.92261,0.92274,1.50,1.50
2011.04.05 06:29:07.297,0.92259,0.92275,1.50,1.88
2011.04.05 06:29:07.965,0.92259,0.92274,1.50,1.50
2011.04.05 06:29:09.201,0.92258,0.92273,1.50,1.50
2011.04.05 06:29:09.539,0.92255,0.92273,1.50,2.25
2011.04.05 06:29:09.878,0.92258,0.92271,1.50,1.13
2011.04.05 06:29:09.997,0.92258,0.92273,1.50,1.50
2011.04.05 06:29:10.335,0.92258,0.92273,1.50,1.50
2011.04.05 06:29:10.774,0.92259,0.92273,1.50,1.50
2011.04.05 06:29:11.767,0.92257,0.92268,1.50,1.50
2011.04.05 06:29:11.999,0.92258,0.92271,1.50,1.50
2011.04.05 06:29:12.117,0.92258,0.92273,2.25,1.50
2011.04.05 06:29:12.678,0.92258,0.92275,2.25,1.35
2011.04.05 06:29:13.017,0.92258,0.92275,1.50,1.73
2011.04.05 06:29:13.440,0.92258,0.92275,1.50,1.73
2011.04.05 06:29:14.795,0.92256,0.92268,3.00,1.35
2011.04.05 06:29:15.019,0.92254,0.92273,3.00,2.10
2011.04.05 06:29:15.355,0.92258,0.92273,2.25,2.10
2011.04.05 06:29:15.906,0.92259,0.92273,3.00,2.10
2011.04.05 06:29:20.604,0.9226,0.92274,1.50,1.50
2011.04.05 06:29:24.417,0.92258,0.92274,1.50,1.50
2011.04.05 06:29:24.976,0.9226,0.92278,1.15,3.12
2011.04.05 06:29:25.308,0.92263,0.92278,1.15,3.00
2011.04.05 06:29:25.752,0.92265,0.92281,1.50,2.25
2011.04.05 06:29:25.870,0.92267,0.92282,1.50,1.50
2011.04.05 06:29:25.987,0.92267,0.92282,1.50,1.50
2011.04.05 06:29:26.218,0.92269,0.92286,2.25,1.13
2011.04.05 06:29:26.334,0.92268,0.92286,1.50,1.50
2011.04.05 06:29:26.884,0.92269,0.92286,1.50,1.50
2011.04.05 06:29:27.215,0.9227,0.92287,1.50,1.50
2011.04.05 06:29:27.765,0.9227,0.92288,1.50,2.25
2011.04.05 06:29:29.086,0.92272,0.92288,2.25,1.50
2011.04.05 06:29:29.305,0.92273,0.92289,1.50,1.50
2011.04.05 06:29:30.626,0.92273,0.92289,1.50,1.50
2011.04.05 06:29:31.175,0.92273,0.92289,1.50,1.50
2011.04.05 06:29:31.949,0.92274,0.9229,1.50,1.88
2011.04.05 06:29:32.067,0.92277,0.92294,2.25,2.25
2011.04.05 06:29:32.189,0.92282,0.92298,1.50,3.53
2011.04.05 06:29:32.416,0.9228,0.92296,2.25,1.50
2011.04.05 06:29:32.527,0.92278,0.92296,1.50,1.50
2011.04.05 06:29:32.756,0.92278,0.92296,2.25,2.25
2011.04.05 06:29:32.974,0.92278,0.92296,2.25,2.25
2011.04.05 06:29:33.524,0.92277,0.92296,1.50,2.25
2011.04.05 06:29:34.516,0.92277,0.92291,1.50,1.50
2011.04.05 06:29:34.637,0.92274,0.92291,1.50,1.50
2011.04.05 06:29:34.757,0.92272,0.92291,2.25,3.75
2011.04.05 06:29:35.304,0.92272,0.92292,2.25,1.50
2011.04.05 06:29:35.962,0.92272,0.92292,1.50,1.50
2011.04.05 06:29:37.519,0.92274,0.92294,2.25,3.19
2011.04.05 06:29:37.857,0.92276,0.92294,1.50,2.25
2011.04.05 06:29:38.417,0.92274,0.92293,3.00,3.00
2011.04.05 06:29:38.537,0.92274,0.92292,1.50,1.50
2011.04.05 06:29:39.647,0.92274,0.92294,1.50,3.75
2011.04.05 06:29:40.207,0.92272,0.92291,1.50,1.50
2011.04.05 06:29:40.768,0.92272,0.92292,2.85,2.25
2011.04.05 06:29:40.888,0.92272,0.92292,2.85,2.25
2011.04.05 06:29:42.155,0.92274,0.92292,3.75,1.50
2011.04.05 06:29:42.487,0.92276,0.92296,4.13,3.00
2011.04.05 06:29:43.377,0.92275,0.92293,1.88,1.50
2011.04.05 06:29:43.935,0.92276,0.92292,2.25,1.35
2011.04.05 06:29:44.543,0.92278,0.92293,3.00,1.50
2011.04.05 06:29:44.985,0.92278,0.92293,3.00,1.50
2011.04.05 06:29:45.207,0.92278,0.92293,3.00,1.50
2011.04.05 06:29:45.328,0.92278,0.92291,2.25,4.50
2011.04.05 06:29:45.558,0.92278,0.92293,1.50,3.23
2011.04.05 06:29:45.675,0.92278,0.92293,1.50,2.85
2011.04.05 06:29:46.224,0.92278,0.92293,2.25,2.85
2011.04.05 06:29:46.557,0.92279,0.92296,1.90,2.63
2011.04.05 06:29:46.675,0.9228,0.92295,1.50,1.13
2011.04.05 06:29:46.900,0.92279,0.92297,2.25,2.10
2011.04.05 06:29:47.674,0.92279,0.92298,3.75,2.85
2011.04.05 06:29:48.234,0.92279,0.92298,3.75,2.10
2011.04.05 06:29:48.676,0.92284,0.92298,1.50,2.10
2011.04.05 06:29:48.787,0.92284,0.92299,1.50,1.50
2011.04.05 06:29:48.906,0.92284,0.92299,1.50,1.50
2011.04.05 06:29:49.136,0.92282,0.923,1.50,2.25
2011.04.05 06:29:50.766,0.92284,0.92303,2.25,3.15
2011.04.05 06:29:51.105,0.92287,0.92303,2.25,1.65
2011.04.05 06:29:51.326,0.92284,0.92303,1.50,3.15
2011.04.05 06:29:52.644,0.92284,0.92303,1.50,1.65
2011.04.05 06:29:53.085,0.92288,0.92304,3.00,1.65
2011.04.05 06:29:53.305,0.92284,0.92304,4.50,2.40
2011.04.05 06:29:53.855,0.92285,0.92305,1.50,3.00
2011.04.05 06:29:53.964,0.92284,0.92303,6.00,1.65
2011.04.05 06:29:54.514,0.92285,0.92303,1.50,1.65
2011.04.05 06:29:54.627,0.92285,0.92305,1.50,3.00
2011.04.05 06:29:54.857,0.92285,0.92303,2.25,1.65
2011.04.05 06:29:55.304,0.92285,0.92303,1.50,1.65
2011.04.05 06:29:56.355,0.92285,0.92303,2.65,1.50
2011.04.05 06:29:56.907,0.92286,0.92305,2.65,2.10
2011.04.05 06:29:57.465,0.92286,0.92305,1.50,2.10
2011.04.05 06:29:57.798,0.92287,0.92305,1.50,1.35
2011.04.05 06:29:58.135,0.9229,0.92306,1.50,3.23
2011.04.05 06:29:58.687,0.92289,0.92308,2.25,1.50
2011.04.05 06:29:59.136,0.92287,0.92306,3.75,2.10
2011.04.05 06:29:59.684,0.92287,0.92306,1.50,2.85
2011.04.05 06:30:00.234,0.92288,0.92306,1.50,2.10
2011.04.05 06:30:00.786,0.92288,0.92306,1.50,2.85
2011.04.05 06:30:00.895,0.92288,0.92306,2.25,1.35
2011.04.05 06:30:01.228,0.92288,0.92306,4.90,1.50
2011.04.05 06:30:01.561,0.92291,0.92309,1.50,3.75
2011.04.05 06:30:02.128,0.92292,0.92311,3.00,2.85
2011.04.05 06:30:02.795,0.92292,0.92311,1.50,3.60
2011.04.05 06:30:02.906,0.92291,0.92309,1.15,1.50
2011.04.05 06:30:03.237,0.92294,0.9231,1.50,1.35
2011.04.05 06:30:03.359,0.92296,0.92312,1.15,1.69
2011.04.05 06:30:03.479,0.92299,0.92313,1.50,2.25
2011.04.05 06:30:03.705,0.92298,0.92313,1.15,1.50
2011.04.05 06:30:04.366,0.92301,0.92315,1.50,2.10
2011.04.05 06:30:04.476,0.92301,0.92319,1.50,3.60
2011.04.05 06:30:04.588,0.92304,0.92319,1.50,1.35
2011.04.05 06:30:05.128,0.92303,0.92319,1.50,1.35
2011.04.05 06:30:05.696,0.92302,0.92319,2.25,1.35
2011.04.05 06:30:06.248,0.92302,0.92319,2.25,1.35
2011.04.05 06:30:06.476,0.92304,0.9232,1.50,3.60
2011.04.05 06:30:06.819,0.92304,0.9232,1.50,3.60
2011.04.05 06:30:07.509,0.92304,0.9232,1.50,2.10
2011.04.05 06:30:07.847,0.92302,0.92319,1.50,1.35
2011.04.05 06:30:08.398,0.92304,0.92319,1.50,1.35
2011.04.05 06:30:08.738,0.92302,0.92319,1.50,1.35
2011.04.05 06:30:09.295,0.92302,0.92319,1.50,2.10
2011.04.05 06:30:09.844,0.92302,0.92319,1.50,2.10
2011.04.05 06:30:10.065,0.92302,0.92319,1.50,2.10
2011.04.05 06:30:11.824,0.92302,0.92319,1.50,2.85
2011.04.05 06:30:12.814,0.92303,0.92318,1.50,1.50
2011.04.05 06:30:13.641,0.92302,0.92318,1.50,2.25
2011.04.05 06:30:13.755,0.92301,0.92318,1.50,3.00
2011.04.05 06:30:14.637,0.923,0.92318,1.50,3.00
2011.04.05 06:30:14.755,0.92302,0.92317,1.50,2.25
2011.04.05 06:30:15.415,0.92301,0.92317,1.50,2.25
2011.04.05 06:30:16.295,0.923,0.92317,1.50,2.25
2011.04.05 06:30:16.405,0.92302,0.92319,1.50,2.10
2011.04.05 06:30:16.625,0.923,0.92316,1.50,1.35
2011.04.05 06:30:20.315,0.92302,0.92317,1.50,2.10
2011.04.05 06:30:20.536,0.92302,0.92315,1.50,1.35
2011.04.05 06:30:21.087,0.923,0.92315,2.25,2.25
2011.04.05 06:30:21.427,0.923,0.92312,1.50,3.00
2011.04.05 06:30:21.550,0.92297,0.92311,1.50,1.50
2011.04.05 06:30:21.669,0.92297,0.92311,1.50,1.50
2011.04.05 06:30:22.084,0.92295,0.92312,3.00,1.50
2011.04.05 06:30:22.210,0.92295,0.92312,1.50,1.50
2011.04.05 06:30:22.547,0.92295,0.92312,2.25,2.25
2011.04.05 06:30:22.779,0.92298,0.92312,1.50,2.25
2011.04.05 06:30:22.900,0.92299,0.92316,1.50,4.35
2011.04.05 06:30:23.347,0.92297,0.92315,1.50,1.35
2011.04.05 06:30:24.124,0.92296,0.92314,2.25,2.25
2011.04.05 06:30:24.455,0.92299,0.92313,1.50,2.25
2011.04.05 06:30:24.785,0.92299,0.92313,1.50,2.25
2011.04.05 06:30:25.556,0.92299,0.92307,1.50,1.23
2011.04.05 06:30:25.885,0.92296,0.92307,2.25,1.23
2011.04.05 06:30:26.506,0.92296,0.92314,2.25,1.50
2011.04.05 06:30:26.620,0.92299,0.92316,1.50,1.35
2011.04.05 06:30:27.176,0.92299,0.92314,2.25,1.50
2011.04.05 06:30:27.396,0.923,0.92316,1.50,2.10
2011.04.05 06:30:27.615,0.92299,0.92315,3.00,1.50
2011.04.05 06:30:30.414,0.92299,0.92315,2.25,2.25
2011.04.05 06:30:31.936,0.92299,0.92313,1.50,2.25
2011.04.05 06:30:32.271,0.92299,0.92312,1.50,3.00
2011.04.05 06:30:32.936,0.92299,0.92309,1.50,2.25
2011.04.05 06:30:33.484,0.92299,0.92309,1.50,1.50
2011.04.05 06:30:34.148,0.92298,0.9231,1.50,2.25
2011.04.05 06:30:34.710,0.92299,0.92311,1.50,2.25
2011.04.05 06:30:36.868,0.923,0.92312,1.50,1.50
2011.04.05 06:30:36.988,0.92301,0.92312,1.50,1.50
2011.04.05 06:30:37.214,0.92301,0.92314,1.50,1.50
2011.04.05 06:30:37.436,0.92301,0.92311,1.50,1.50
2011.04.05 06:30:37.546,0.92299,0.92311,1.50,1.50
2011.04.05 06:30:38.095,0.92299,0.92311,1.50,1.50
2011.04.05 06:30:41.936,0.92299,0.92308,1.50,3.00
2011.04.05 06:30:43.044,0.92299,0.92307,1.50,1.50
2011.04.05 06:30:43.595,0.92299,0.92308,1.50,1.50
2011.04.05 06:30:44.145,0.92299,0.92308,1.50,1.50
2011.04.05 06:30:44.804,0.92299,0.92308,1.50,1.50
2011.04.05 06:30:45.687,0.92297,0.92307,1.50,1.50
2011.04.05 06:30:45.807,0.92299,0.92307,1.50,1.50
2011.04.05 06:30:48.299,0.92299,0.92307,1.50,1.50
2011.04.05 06:30:49.325,0.92299,0.92307,1.50,1.50
2011.04.05 06:30:49.875,0.92299,0.92307,1.50,1.50
2011.04.05 06:30:52.757,0.92299,0.92307,1.50,1.50
2011.04.05 06:30:57.248,0.92299,0.92307,1.50,1.50
2011.04.05 06:30:58.676,0.92299,0.92307,1.50,1.50
2011.04.05 06:30:59.005,0.92297,0.92307,1.50,1.50
2011.04.05 06:30:59.117,0.92298,0.92305,1.50,1.50
2011.04.05 06:30:59.357,0.9229,0.92305,1.50,2.25
2011.04.05 06:30:59.476,0.9229,0.92302,1.50,2.85
2011.04.05 06:30:59.805,0.92288,0.92302,1.50,3.60
2011.04.05 06:31:00.356,0.92287,0.92301,1.50,1.50
2011.04.05 06:31:01.186,0.92287,0.92301,1.50,1.50
2011.04.05 06:31:04.556,0.92287,0.92303,1.50,1.50
2011.04.05 06:31:05.195,0.92288,0.92303,1.50,1.50
2011.04.05 06:31:05.755,0.92288,0.92304,1.50,1.50
2011.04.05 06:31:07.160,0.92289,0.92305,1.50,1.50
2011.04.05 06:31:07.506,0.9229,0.92304,1.50,1.50
2011.04.05 06:31:07.727,0.92288,0.92305,3.75,1.50
2011.04.05 06:31:07.845,0.9229,0.92307,1.50,1.88
2011.04.05 06:31:08.177,0.92294,0.92306,1.50,1.50
2011.04.05 06:31:11.334,0.9229,0.92306,1.50,1.50
2011.04.05 06:31:12.217,0.92288,0.92302,1.50,1.13
2011.04.05 06:31:12.335,0.92288,0.92302,1.50,1.88
2011.04.05 06:31:12.649,0.92288,0.92302,1.50,1.50
2011.04.05 06:31:18.015,0.92288,0.92304,1.50,1.50
2011.04.05 06:31:19.446,0.92288,0.92304,2.25,1.50
2011.04.05 06:31:19.667,0.92288,0.92305,1.50,1.50
2011.04.05 06:31:20.005,0.92288,0.92306,1.50,1.50
2011.04.05 06:31:20.532,0.92288,0.92306,1.50,1.50
2011.04.05 06:31:20.652,0.92288,0.92305,1.50,2.25
2011.04.05 06:31:21.205,0.92288,0.92302,1.50,1.50
2011.04.05 06:31:21.657,0.92286,0.92301,1.50,1.50
2011.04.05 06:31:22.439,0.92284,0.92301,1.50,3.00
2011.04.05 06:31:22.780,0.92278,0.92292,1.50,1.50
2011.04.05 06:31:22.897,0.9228,0.92292,1.50,2.25
2011.04.05 06:31:23.017,0.92276,0.92292,1.50,3.75
2011.04.05 06:31:23.138,0.92276,0.92292,1.50,3.75
2011.04.05 06:31:24.136,0.92276,0.92296,2.37,4.32
2011.04.05 06:31:25.354,0.92278,0.92295,1.50,1.50
2011.04.05 06:31:25.959,0.92278,0.92295,1.50,1.50
2011.04.05 06:31:27.067,0.92281,0.92298,2.37,2.25
2011.04.05 06:31:27.186,0.92282,0.92298,1.50,2.25
2011.04.05 06:31:27.957,0.92281,0.92297,1.50,1.50
2011.04.05 06:31:28.295,0.92278,0.92297,1.50,1.50
2011.04.05 06:31:28.844,0.92278,0.92297,1.50,1.50
2011.04.05 06:31:29.394,0.92278,0.92297,1.50,1.50
2011.04.05 06:31:29.945,0.92278,0.92297,1.50,2.25
2011.04.05 06:31:30.494,0.92278,0.92297,1.50,3.75
2011.04.05 06:31:32.886,0.92278,0.92294,1.50,1.50
2011.04.05 06:31:34.415,0.92278,0.92293,2.25,1.50
2011.04.05 06:31:36.174,0.92278,0.92293,2.25,1.50
2011.04.05 06:31:38.816,0.92277,0.92292,1.50,1.50
2011.04.05 06:31:39.366,0.92277,0.9229,1.50,2.25
2011.04.05 06:31:39.475,0.92274,0.92288,1.50,1.50
2011.04.05 06:31:39.696,0.92272,0.92288,2.25,1.50
2011.04.05 06:31:39.915,0.92272,0.92286,1.62,1.50
2011.04.05 06:31:40.490,0.92272,0.92286,1.62,1.50
2011.04.05 06:31:41.044,0.92272,0.92286,1.50,1.50
2011.04.05 06:31:43.264,0.92272,0.92288,1.62,2.25
2011.04.05 06:31:43.815,0.92272,0.92288,1.50,2.25
2011.04.05 06:31:44.035,0.92272,0.92288,2.25,2.25
2011.04.05 06:31:44.914,0.92272,0.92288,1.50,2.25
2011.04.05 06:31:45.466,0.92272,0.92288,2.25,2.25
2011.04.05 06:31:46.344,0.92272,0.92288,2.25,2.25
2011.04.05 06:31:46.895,0.92272,0.92288,2.25,2.25
2011.04.05 06:31:47.444,0.92272,0.92288,2.37,2.25
2011.04.05 06:31:48.104,0.92272,0.92288,2.37,2.25
2011.04.05 06:31:48.824,0.92272,0.92287,2.37,1.50
2011.04.05 06:31:49.817,0.92272,0.92289,1.62,3.60
2011.04.05 06:31:51.196,0.92271,0.92288,2.37,1.50
2011.04.05 06:31:51.745,0.92272,0.92287,1.62,1.50
2011.04.05 06:31:52.296,0.92272,0.92287,2.25,1.50
2011.04.05 06:31:52.845,0.92272,0.92286,2.37,1.50
2011.04.05 06:31:56.266,0.92272,0.92288,2.37,2.25
2011.04.05 06:31:56.816,0.92272,0.92287,1.50,1.50
2011.04.05 06:31:58.186,0.92272,0.92287,2.37,1.50
2011.04.05 06:31:59.896,0.92272,0.92288,2.25,2.25
2011.04.05 06:32:00.456,0.92272,0.92288,2.37,2.25
2011.04.05 06:32:01.336,0.92272,0.92288,1.62,2.25
2011.04.05 06:32:01.446,0.92272,0.92288,1.50,2.25
2011.04.05 06:32:02.636,0.92272,0.92288,2.37,2.25
2011.04.05 06:32:03.404,0.92272,0.92288,1.50,2.25
2011.04.05 06:32:03.959,0.92272,0.92288,3.75,1.50
2011.04.05 06:32:05.805,0.92273,0.92288,2.25,1.50
2011.04.05 06:32:06.134,0.92274,0.92288,1.50,1.50
2011.04.05 06:32:07.594,0.92274,0.9229,2.25,1.50
2011.04.05 06:32:11.776,0.92274,0.92288,2.25,1.50
2011.04.05 06:32:14.085,0.92274,0.92289,1.50,1.50
2011.04.05 06:32:17.167,0.92277,0.9229,1.50,1.88
2011.04.05 06:32:23.696,0.92276,0.9229,2.25,1.13
2011.04.05 06:32:23.807,0.92276,0.92293,2.25,2.85
2011.04.05 06:32:24.365,0.92276,0.92292,1.50,2.25
2011.04.05 06:32:24.587,0.92274,0.92291,2.25,3.75
2011.04.05 06:32:26.784,0.92276,0.92291,1.50,2.25
2011.04.05 06:32:27.225,0.92274,0.9229,2.25,1.50
2011.04.05 06:32:27.807,0.92274,0.92291,2.25,3.75
2011.04.05 06:32:28.379,0.92273,0.92289,2.25,2.85
2011.04.05 06:32:29.046,0.92275,0.92289,3.00,1.35
2011.04.05 06:32:48.237,0.92277,0.92289,1.50,1.35
2011.04.05 06:32:48.580,0.92278,0.92291,1.50,1.50
2011.04.05 06:32:48.697,0.92278,0.92293,2.25,1.35
2011.04.05 06:32:48.818,0.92278,0.92295,2.25,2.25
2011.04.05 06:32:48.936,0.9228,0.92295,1.50,1.50
2011.04.05 06:32:49.046,0.92282,0.92296,1.50,1.35
2011.04.05 06:32:49.594,0.9228,0.92296,2.25,1.35
2011.04.05 06:32:50.584,0.92281,0.92297,1.50,3.60
2011.04.05 06:32:51.134,0.92281,0.92297,1.50,1.50
2011.04.05 06:32:51.574,0.92281,0.92297,1.50,1.50
2011.04.05 06:32:51.796,0.9228,0.92299,1.50,2.25
2011.04.05 06:32:52.949,0.92279,0.92296,1.50,3.00
2011.04.05 06:32:53.394,0.92279,0.92296,1.50,2.25
2011.04.05 06:32:53.945,0.92279,0.92294,1.50,1.50
2011.04.05 06:32:54.277,0.92277,0.92294,1.62,2.25
2011.04.05 06:32:54.836,0.92277,0.92294,1.50,1.50
2011.04.05 06:32:54.946,0.92277,0.92294,1.50,2.25
2011.04.05 06:32:55.056,0.92276,0.92294,2.25,2.25
2011.04.05 06:32:55.827,0.92274,0.92292,2.22,1.50
2011.04.05 06:32:56.386,0.92272,0.9229,1.50,3.00
2011.04.05 06:32:57.045,0.92272,0.9229,1.62,3.00
2011.04.05 06:32:58.378,0.92272,0.92286,1.50,1.50
2011.04.05 06:32:58.718,0.92269,0.92285,1.50,1.69
2011.04.05 06:32:58.838,0.92268,0.92285,1.50,1.69
2011.04.05 06:32:59.396,0.92267,0.92283,2.25,1.50
2011.04.05 06:32:59.947,0.92265,0.92283,2.25,2.25
2011.04.05 06:33:00.496,0.92266,0.92283,1.50,2.25
2011.04.05 06:33:01.046,0.92267,0.92283,1.50,1.50
2011.04.05 06:33:01.266,0.92267,0.92285,1.50,2.44
2011.04.05 06:33:01.595,0.92268,0.92285,1.50,1.50
2011.04.05 06:33:02.155,0.92268,0.92285,2.25,1.50
2011.04.05 06:33:02.916,0.92266,0.92284,3.00,2.25
2011.04.05 06:33:03.257,0.92266,0.92284,3.00,2.25
2011.04.05 06:33:05.045,0.92267,0.92284,1.50,1.50
2011.04.05 06:33:05.375,0.92267,0.92284,1.50,1.50
2011.04.05 06:33:05.815,0.92267,0.92284,1.50,1.50
2011.04.05 06:33:06.258,0.9227,0.92286,1.50,2.10
2011.04.05 06:33:06.595,0.9227,0.92286,1.50,2.10
2011.04.05 06:33:08.585,0.9227,0.92286,2.25,2.10
2011.04.05 06:33:10.335,0.92271,0.92288,1.50,1.50
2011.04.05 06:33:10.885,0.92272,0.92288,2.25,1.50
2011.04.05 06:33:11.325,0.92272,0.92288,3.00,1.50
2011.04.05 06:33:12.314,0.92273,0.92289,1.50,2.25
2011.04.05 06:33:15.275,0.92272,0.92288,1.50,1.50
2011.04.05 06:33:15.936,0.92272,0.92288,2.25,1.50
2011.04.05 06:33:16.487,0.92272,0.92288,1.50,1.50
2011.04.05 06:33:16.598,0.92272,0.92288,1.50,1.50
2011.04.05 06:33:16.825,0.92271,0.92289,1.50,1.50
2011.04.05 06:33:17.380,0.92271,0.92289,1.50,1.50
2011.04.05 06:33:17.956,0.92271,0.92289,1.50,2.25
2011.04.05 06:33:18.067,0.92271,0.92289,1.50,2.25
2011.04.05 06:33:18.956,0.92269,0.92287,1.50,1.50
2011.04.05 06:33:23.876,0.9227,0.92287,1.50,1.50
2011.04.05 06:33:25.714,0.9227,0.92287,3.00,1.50
2011.04.05 06:33:26.945,0.9227,0.92287,1.50,1.50
2011.04.05 06:33:27.386,0.92269,0.92285,1.50,1.50
2011.04.05 06:33:27.717,0.9227,0.92285,1.50,1.50
2011.04.05 06:33:28.056,0.92272,0.92285,1.50,1.50
2011.04.05 06:33:28.388,0.92273,0.92282,1.50,1.50
2011.04.05 06:33:29.055,0.92273,0.92284,1.50,2.25
2011.04.05 06:33:29.605,0.92273,0.92285,1.50,1.50
2011.04.05 06:33:30.706,0.92273,0.92287,1.50,1.50
2011.04.05 06:33:32.715,0.92273,0.92287,1.50,1.50
2011.04.05 06:33:33.265,0.92273,0.92287,1.50,1.50
2011.04.05 06:33:33.835,0.92273,0.92287,1.50,1.50
2011.04.05 06:33:34.938,0.92273,0.92287,1.50,1.50
2011.04.05 06:33:35.276,0.92271,0.92288,1.50,1.50
2011.04.05 06:33:35.716,0.92269,0.92286,1.50,1.50
2011.04.05 06:33:36.818,0.92269,0.92286,3.00,1.50
2011.04.05 06:33:37.253,0.92269,0.92286,6.75,1.50
2011.04.05 06:33:37.808,0.92269,0.92283,1.50,2.25
2011.04.05 06:33:38.145,0.92269,0.92283,1.50,2.25
2011.04.05 06:33:38.697,0.92269,0.9228,1.50,1.50
2011.04.05 06:33:45.281,0.92265,0.9228,1.50,1.50
2011.04.05 06:33:45.397,0.92265,0.9228,1.50,1.50
2011.04.05 06:33:45.846,0.92265,0.9228,1.50,1.50
2011.04.05 06:33:46.505,0.92265,0.9228,1.50,1.50
2011.04.05 06:33:47.095,0.92265,0.9228,1.50,1.50
2011.04.05 06:33:47.756,0.92265,0.9228,1.50,1.50
2011.04.05 06:33:48.306,0.92265,0.9228,1.50,1.50
2011.04.05 06:33:48.621,0.92265,0.92274,1.50,1.50
2011.04.05 06:33:48.956,0.92255,0.92268,1.50,1.50
2011.04.05 06:33:49.066,0.92253,0.92268,1.50,1.50
2011.04.05 06:33:49.743,0.92253,0.92269,2.25,2.85
2011.04.05 06:33:50.846,0.92253,0.92269,1.50,2.10
2011.04.05 06:33:51.726,0.92252,0.92269,1.50,3.60
2011.04.05 06:33:53.267,0.92252,0.92269,3.00,2.25
2011.04.05 06:33:55.176,0.92252,0.92269,3.00,2.25
2011.04.05 06:33:55.395,0.92254,0.92269,1.50,1.50
2011.04.05 06:33:56.496,0.92254,0.92269,1.50,1.50
2011.04.05 06:33:56.810,0.92253,0.92269,1.50,1.50
2011.04.05 06:33:57.037,0.92253,0.92269,1.50,1.50
2011.04.05 06:33:58.376,0.92253,0.92269,1.50,2.25
2011.04.05 06:33:58.925,0.92253,0.92268,1.50,1.50
2011.04.05 06:34:00.358,0.92253,0.92268,1.50,2.25
2011.04.05 06:34:00.585,0.92252,0.92267,1.50,1.50
2011.04.05 06:34:01.134,0.92252,0.92267,1.50,1.50
2011.04.05 06:34:01.687,0.92251,0.92265,1.50,1.50
2011.04.05 06:34:02.029,0.9225,0.92264,2.25,1.50
2011.04.05 06:34:02.569,0.9225,0.92264,2.25,1.50
2011.04.05 06:34:02.799,0.9225,0.92266,2.25,1.50
2011.04.05 06:34:03.355,0.92251,0.92265,1.50,2.25
2011.04.05 06:34:04.349,0.92251,0.92262,1.50,1.50
2011.04.05 06:34:04.906,0.9225,0.92261,1.50,1.50
2011.04.05 06:34:06.228,0.92249,0.9226,1.05,1.50
2011.04.05 06:34:06.350,0.92247,0.9226,1.50,1.50
2011.04.05 06:34:06.470,0.92244,0.92257,1.50,1.50
2011.04.05 06:34:06.586,0.92242,0.92257,2.25,2.25
2011.04.05 06:34:06.916,0.92239,0.92253,1.50,1.50
2011.04.05 06:34:07.026,0.92238,0.92253,2.25,1.50
2011.04.05 06:34:07.136,0.92238,0.92253,2.25,1.50
2011.04.05 06:34:08.475,0.92238,0.92253,2.25,1.50
2011.04.05 06:34:09.026,0.92238,0.92253,2.25,1.50
2011.04.05 06:34:09.469,0.92242,0.92255,1.50,1.50
2011.04.05 06:34:12.777,0.92243,0.92257,1.50,1.50
2011.04.05 06:34:12.888,0.92247,0.92258,1.50,1.50
2011.04.05 06:34:13.009,0.9224,0.92256,1.50,1.50
2011.04.05 06:34:13.566,0.92239,0.92256,1.50,3.00
2011.04.05 06:34:14.974,0.92238,0.92256,1.50,2.25
2011.04.05 06:34:15.526,0.92238,0.92256,1.50,2.25
2011.04.05 06:34:16.075,0.92238,0.92256,1.50,3.00
2011.04.05 06:34:16.515,0.92238,0.92256,1.50,3.00
2011.04.05 06:34:17.065,0.92238,0.92256,1.50,3.00
2011.04.05 06:34:17.638,0.92238,0.92256,1.50,3.00
2011.04.05 06:34:18.785,0.92237,0.92254,1.50,1.50
2011.04.05 06:34:19.335,0.92237,0.92254,1.50,1.50
2011.04.05 06:34:19.778,0.92237,0.92254,1.50,1.50
2011.04.05 06:34:21.475,0.92238,0.92254,1.50,1.50
2011.04.05 06:34:22.134,0.9224,0.92255,1.50,1.50
2011.04.05 06:34:22.685,0.9224,0.92255,1.50,1.50
2011.04.05 06:34:23.236,0.9224,0.92255,3.00,1.50
2011.04.05 06:34:23.455,0.9224,0.92255,1.50,1.50
2011.04.05 06:34:23.566,0.9224,0.92255,1.50,1.50
2011.04.05 06:34:24.336,0.92241,0.92255,1.50,1.50
2011.04.05 06:34:24.776,0.92243,0.92261,2.25,2.25
2011.04.05 06:34:25.326,0.92244,0.92261,1.50,1.50
2011.04.05 06:34:25.875,0.92244,0.92261,1.50,1.50
2011.04.05 06:34:28.419,0.92246,0.92261,1.50,1.50
2011.04.05 06:34:28.974,0.92245,0.92261,1.50,1.50
2011.04.05 06:34:29.553,0.92244,0.92261,1.50,1.50
2011.04.05 06:34:30.134,0.92246,0.92261,1.50,1.50
2011.04.05 06:34:30.635,0.92245,0.92261,1.50,1.50
2011.04.05 06:34:31.296,0.92245,0.92261,2.25,2.25
2011.04.05 06:34:31.407,0.92247,0.92261,1.50,1.50
2011.04.05 06:34:31.636,0.92249,0.92265,1.50,1.35
2011.04.05 06:34:32.077,0.92249,0.92266,1.50,2.25
2011.04.05 06:34:32.295,0.92249,0.92265,1.50,1.50
2011.04.05 06:34:32.517,0.92248,0.92262,1.50,1.50
2011.04.05 06:34:32.747,0.92245,0.92262,1.50,1.50
2011.04.05 06:34:33.295,0.92246,0.92261,1.50,2.25
2011.04.05 06:34:34.597,0.92245,0.92263,2.25,1.50
2011.04.05 06:34:35.038,0.92247,0.92265,1.50,2.25
2011.04.05 06:34:35.488,0.92247,0.92264,1.50,1.50
2011.04.05 06:34:36.265,0.92247,0.92263,1.50,1.50
2011.04.05 06:34:36.815,0.92247,0.92263,1.50,1.50
2011.04.05 06:34:37.365,0.92247,0.92263,1.50,1.50
2011.04.05 06:34:37.915,0.92247,0.92264,1.50,1.50
2011.04.05 06:34:38.400,0.92256,0.92267,1.50,2.25
2011.04.05 06:34:38.629,0.92254,0.92267,3.00,1.50
2011.04.05 06:34:38.748,0.92256,0.92266,2.25,1.50
2011.04.05 06:34:38.868,0.92252,0.92267,1.50,2.25
2011.04.05 06:34:39.394,0.92251,0.92266,1.50,1.50
2011.04.05 06:34:39.840,0.92251,0.92266,2.25,1.50
2011.04.05 06:34:40.176,0.92251,0.92266,2.25,1.50
2011.04.05 06:34:40.740,0.92251,0.92267,2.25,1.50
2011.04.05 06:34:41.969,0.9225,0.92267,3.00,1.50
2011.04.05 06:34:42.305,0.9225,0.92267,3.75,1.50
2011.04.05 06:34:42.416,0.92259,0.92267,1.50,1.50
2011.04.05 06:34:42.526,0.92251,0.92267,1.50,1.50
2011.04.05 06:34:42.746,0.92252,0.92267,2.25,1.50
2011.04.05 06:34:43.404,0.92252,0.92267,2.25,1.50
2011.04.05 06:34:44.055,0.92252,0.92268,3.75,1.50
2011.04.05 06:34:44.276,0.92252,0.92267,2.25,1.50
2011.04.05 06:34:44.609,0.92252,0.92267,2.25,3.00
2011.04.05 06:34:44.836,0.92249,0.92261,1.50,1.50
2011.04.05 06:34:45.386,0.92248,0.92261,2.25,1.50
2011.04.05 06:34:45.934,0.92249,0.92261,1.50,1.50
2011.04.05 06:34:46.054,0.92247,0.92262,1.50,1.50
2011.04.05 06:34:46.386,0.92247,0.92262,1.50,1.50
2011.04.05 06:34:46.937,0.92247,0.92262,1.50,1.50
2011.04.05 06:34:47.595,0.92247,0.92262,1.50,1.50
2011.04.05 06:34:48.367,0.92245,0.92259,1.50,1.50
2011.04.05 06:34:48.915,0.92244,0.92259,1.50,2.25
2011.04.05 06:34:49.797,0.92245,0.92259,1.50,2.25
2011.04.05 06:34:50.345,0.92246,0.92259,1.50,1.50
2011.04.05 06:34:51.447,0.92246,0.92259,1.50,2.25
2011.04.05 06:34:52.005,0.92246,0.92259,1.50,2.25
2011.04.05 06:34:53.148,0.92246,0.92259,1.50,2.25
2011.04.05 06:34:53.930,0.92246,0.92259,1.50,1.50
2011.04.05 06:34:54.044,0.92249,0.92259,1.50,1.50
2011.04.05 06:34:54.596,0.92249,0.92259,1.50,2.25
2011.04.05 06:34:55.145,0.92249,0.92259,1.50,1.50
2011.04.05 06:34:55.585,0.92249,0.92259,1.50,1.50
2011.04.05 06:34:55.915,0.92249,0.92259,1.50,1.50
2011.04.05 06:34:56.136,0.92249,0.92259,1.50,1.50
2011.04.05 06:34:56.467,0.92249,0.92259,1.50,1.50
2011.04.05 06:34:57.237,0.92247,0.92256,1.50,1.50
2011.04.05 06:34:57.577,0.92247,0.92256,1.50,1.50
2011.04.05 06:34:58.136,0.92246,0.92256,1.50,1.50
2011.04.05 06:34:58.645,0.92243,0.92252,1.50,1.50
2011.04.05 06:34:59.002,0.92241,0.92248,1.50,1.50
2011.04.05 06:34:59.338,0.92236,0.92245,1.50,1.50
2011.04.05 06:34:59.457,0.92237,0.92245,1.50,1.50
2011.04.05 06:34:59.799,0.92229,0.92243,1.13,2.10
2011.04.05 06:35:00.355,0.92228,0.92241,1.50,1.50
2011.04.05 06:35:00.687,0.92228,0.92243,1.50,2.85
2011.04.05 06:35:01.027,0.92226,0.92241,2.25,1.50
2011.04.05 06:35:03.379,0.92236,0.92248,1.50,1.50
2011.04.05 06:35:03.716,0.92236,0.92248,1.50,1.50
2011.04.05 06:35:04.387,0.92236,0.92248,1.50,1.50
2011.04.05 06:35:04.716,0.92235,0.92248,1.50,1.50
2011.04.05 06:35:05.852,0.92235,0.9225,1.50,2.25
2011.04.05 06:35:06.408,0.92235,0.9225,1.50,2.25
2011.04.05 06:35:07.207,0.92235,0.9225,1.50,2.25
2011.04.05 06:35:07.886,0.92235,0.9225,1.50,2.25
2011.04.05 06:35:10.486,0.92235,0.92248,1.50,1.35
2011.04.05 06:35:10.705,0.92235,0.92248,1.50,1.35
2011.04.05 06:35:11.146,0.92235,0.92248,1.50,1.35
2011.04.05 06:35:12.355,0.92235,0.9225,1.50,3.00
2011.04.05 06:35:12.686,0.92235,0.9225,1.50,3.00
2011.04.05 06:35:13.897,0.92235,0.9225,1.50,2.25
2011.04.05 06:35:14.457,0.92235,0.9225,1.50,1.50
2011.04.05 06:35:16.566,0.92235,0.92251,1.50,1.50
2011.04.05 06:35:17.985,0.92235,0.92251,1.50,1.50
2011.04.05 06:35:19.534,0.92236,0.92251,1.50,1.50
2011.04.05 06:35:24.887,0.92237,0.92253,1.50,2.25
2011.04.05 06:35:25.444,0.92237,0.92253,1.50,2.25
2011.04.05 06:35:26.005,0.92237,0.92253,1.50,2.25
2011.04.05 06:35:32.997,0.92235,0.9225,2.25,3.00
2011.04.05 06:35:34.215,0.92235,0.92248,1.50,1.50
2011.04.05 06:35:34.766,0.92235,0.92248,1.50,1.50
2011.04.05 06:35:39.466,0.92233,0.92248,1.50,1.50
2011.04.05 06:35:41.635,0.92234,0.9225,2.25,1.50
2011.04.05 06:35:42.625,0.92234,0.92251,2.25,3.00
2011.04.05 06:35:42.848,0.92236,0.92251,1.50,2.63
2011.04.05 06:35:43.596,0.92237,0.92252,1.50,1.50
2011.04.05 06:35:47.696,0.92241,0.92254,1.50,1.50
2011.04.05 06:35:48.027,0.92241,0.92258,1.50,2.25
2011.04.05 06:35:48.257,0.92246,0.92257,1.50,1.50
2011.04.05 06:35:48.377,0.92239,0.92255,1.88,2.10
2011.04.05 06:35:48.486,0.92238,0.92254,1.50,1.35
2011.04.05 06:35:48.814,0.9224,0.92254,1.50,1.35
2011.04.05 06:35:48.925,0.9224,0.92255,1.50,2.85
2011.04.05 06:35:50.465,0.9224,0.92254,1.50,1.35
2011.04.05 06:35:51.015,0.9224,0.92254,2.25,1.35
2011.04.05 06:35:57.768,0.9224,0.92255,1.50,2.10
2011.04.05 06:35:59.975,0.92241,0.92255,1.50,2.10
2011.04.05 06:36:00.525,0.9224,0.92255,2.25,2.10
2011.04.05 06:36:09.907,0.9224,0.92254,1.50,1.35
2011.04.05 06:36:10.455,0.92239,0.92254,1.50,1.35
2011.04.05 06:36:11.005,0.92239,0.92255,1.50,3.60
2011.04.05 06:36:13.888,0.92239,0.92253,1.50,1.50
2011.04.05 06:36:14.118,0.92238,0.92251,1.50,1.50
2011.04.05 06:36:14.347,0.92235,0.92251,2.25,2.25
2011.04.05 06:36:16.456,0.92235,0.92252,2.25,5.25
2011.04.05 06:36:17.665,0.92235,0.92249,2.25,1.50
2011.04.05 06:36:18.215,0.92235,0.9225,2.25,2.25
2011.04.05 06:36:18.776,0.92235,0.9225,2.25,2.25
2011.04.05 06:36:20.235,0.92235,0.92249,2.25,1.50
2011.04.05 06:36:20.565,0.92235,0.92249,2.25,1.50
2011.04.05 06:36:20.903,0.92233,0.92246,1.50,1.50
2011.04.05 06:36:21.261,0.9223,0.92242,1.50,2.25
2011.04.05 06:36:21.376,0.92227,0.92242,5.25,2.25
2011.04.05 06:36:21.819,0.92229,0.92242,1.50,2.25
2011.04.05 06:36:22.596,0.92229,0.92242,1.50,3.00
2011.04.05 06:36:23.146,0.92229,0.92242,1.50,1.50
2011.04.05 06:36:23.759,0.9223,0.92242,1.50,1.50
2011.04.05 06:36:25.816,0.92228,0.92242,1.50,1.50
2011.04.05 06:36:26.146,0.92228,0.9224,1.50,1.50
2011.04.05 06:36:30.585,0.92224,0.9224,1.50,1.50
2011.04.05 06:36:31.689,0.92224,0.92241,1.50,2.25
2011.04.05 06:36:32.027,0.92225,0.92242,1.50,1.50
2011.04.05 06:36:35.017,0.92228,0.92245,1.50,2.33
2011.04.05 06:36:35.895,0.92228,0.92245,1.50,2.33
2011.04.05 06:36:40.655,0.92228,0.92245,1.50,2.33
2011.04.05 06:36:42.037,0.92228,0.92245,1.50,1.50
2011.04.05 06:36:42.366,0.92229,0.92247,1.50,4.50
2011.04.05 06:36:43.659,0.92229,0.92245,1.50,1.50
2011.04.05 06:36:44.221,0.9223,0.92247,1.50,3.75
2011.04.05 06:36:44.565,0.92232,0.92247,1.50,1.50
2011.04.05 06:36:45.116,0.92232,0.92248,1.50,3.00
2011.04.05 06:36:47.136,0.92232,0.92248,1.50,2.25
2011.04.05 06:36:47.687,0.92232,0.92248,1.50,3.00
2011.04.05 06:36:48.290,0.92232,0.92248,1.50,2.25
2011.04.05 06:36:53.987,0.92233,0.92248,1.50,1.50
2011.04.05 06:36:54.547,0.92233,0.92248,1.50,1.50
2011.04.05 06:36:56.536,0.92232,0.92248,1.50,2.25
2011.04.05 06:36:56.916,0.92232,0.92248,1.50,2.25
2011.04.05 06:36:57.247,0.92232,0.92248,1.50,2.25
2011.04.05 06:36:58.818,0.92233,0.92248,1.50,2.25
2011.04.05 06:37:00.589,0.92233,0.92248,1.50,1.50
2011.04.05 06:37:01.395,0.92233,0.92248,1.50,1.50
2011.04.05 06:37:01.958,0.92233,0.92248,1.50,1.50
2011.04.05 06:37:02.396,0.92233,0.92248,1.50,1.50
2011.04.05 06:37:02.724,0.92233,0.92249,2.25,1.50
2011.04.05 06:37:03.166,0.92234,0.92249,1.50,1.50
2011.04.05 06:37:06.325,0.92233,0.92251,3.00,1.50
2011.04.05 06:37:08.636,0.92235,0.92251,1.50,1.50
2011.04.05 06:37:09.185,0.92235,0.92251,1.50,1.50
2011.04.05 06:37:10.285,0.92233,0.9225,2.25,1.50
2011.04.05 06:37:11.385,0.92233,0.9225,3.00,1.50
2011.04.05 06:37:11.975,0.92233,0.9225,2.25,1.50
2011.04.05 06:37:14.289,0.92233,0.9225,3.00,2.25
2011.04.05 06:37:14.865,0.92233,0.9225,2.25,2.25
2011.04.05 06:37:15.415,0.92233,0.9225,3.00,2.25
2011.04.05 06:37:15.730,0.92233,0.9225,3.00,2.25
2011.04.05 06:37:16.066,0.92235,0.9225,1.50,1.50
2011.04.05 06:37:16.615,0.92235,0.9225,1.50,1.50
2011.04.05 06:37:17.165,0.92235,0.9225,1.50,1.50
2011.04.05 06:37:17.276,0.92235,0.9225,1.50,1.50
2011.04.05 06:37:17.936,0.92234,0.9225,1.50,1.50
2011.04.05 06:37:19.285,0.92234,0.9225,1.50,1.50
2011.04.05 06:37:19.756,0.92234,0.9225,1.50,1.50
2011.04.05 06:37:20.306,0.92234,0.9225,1.50,1.50
2011.04.05 06:37:23.117,0.92234,0.9225,1.50,1.50
2011.04.05 06:37:23.641,0.92234,0.9225,1.50,1.50
2011.04.05 06:37:25.914,0.92234,0.9225,1.50,3.00
2011.04.05 06:37:26.466,0.92234,0.9225,1.50,3.00
2011.04.05 06:37:28.235,0.92234,0.9225,1.50,3.00
2011.04.05 06:37:31.546,0.92236,0.92251,1.50,2.10
2011.04.05 06:37:31.766,0.92235,0.92251,1.50,1.50
2011.04.05 06:37:33.136,0.92236,0.92252,1.50,2.25
2011.04.05 06:37:33.908,0.92236,0.92251,1.50,1.50
2011.04.05 06:37:36.708,0.92236,0.92252,2.25,1.50
2011.04.05 06:37:37.267,0.92236,0.92251,2.25,1.50
2011.04.05 06:37:37.816,0.92237,0.92253,1.50,3.00
2011.04.05 06:37:38.255,0.92237,0.92253,1.50,3.00
2011.04.05 06:37:38.998,0.92236,0.92253,1.50,3.00
2011.04.05 06:37:39.915,0.92237,0.92253,1.50,3.00
2011.04.05 06:37:43.315,0.92238,0.92253,1.50,3.00
2011.04.05 06:37:47.197,0.92237,0.92253,1.50,3.00
2011.04.05 06:37:47.737,0.92237,0.92253,1.50,3.00
2011.04.05 06:37:51.176,0.92237,0.92252,1.50,1.50
2011.04.05 06:37:51.767,0.92236,0.92252,1.50,1.50
2011.04.05 06:37:53.346,0.92237,0.92252,1.50,1.50
2011.04.05 06:38:16.579,0.92237,0.92251,1.50,1.35
2011.04.05 06:38:17.246,0.92236,0.9225,1.50,2.10
2011.04.05 06:38:17.357,0.92236,0.92252,1.50,1.50
2011.04.05 06:38:17.905,0.92235,0.92252,1.50,1.50
2011.04.05 06:38:19.717,0.92237,0.92253,1.50,1.35
2011.04.05 06:38:20.267,0.92236,0.92253,3.75,1.35
2011.04.05 06:38:20.816,0.92237,0.92253,1.50,1.35
2011.04.05 06:38:23.655,0.92237,0.92253,1.50,1.35
2011.04.05 06:38:24.268,0.92239,0.92255,1.50,4.50
2011.04.05 06:38:26.315,0.92239,0.92255,1.50,4.50
2011.04.05 06:38:26.789,0.92239,0.92255,1.50,4.50
2011.04.05 06:38:27.796,0.92239,0.92255,1.50,4.50
2011.04.05 06:38:29.755,0.92239,0.92255,1.50,4.50
2011.04.05 06:38:30.415,0.92239,0.92255,1.50,4.50
2011.04.05 06:38:32.593,0.92236,0.92254,2.25,1.50
2011.04.05 06:38:35.747,0.92239,0.92255,1.50,1.50
2011.04.05 06:38:36.092,0.9224,0.92256,1.50,1.50
2011.04.05 06:38:36.210,0.92242,0.92257,2.25,1.50
2011.04.05 06:38:36.331,0.92242,0.92257,1.50,1.50
2011.04.05 06:38:36.666,0.92243,0.92259,1.50,1.50
2011.04.05 06:38:36.996,0.92242,0.92259,1.50,1.50
2011.04.05 06:38:38.224,0.92241,0.92259,3.00,1.50
2011.04.05 06:38:38.344,0.9224,0.92256,1.50,1.50
2011.04.05 06:38:40.328,0.92238,0.92255,1.50,1.50
2011.04.05 06:38:40.447,0.92238,0.92255,1.50,1.50
2011.04.05 06:38:40.999,0.92236,0.92253,2.25,1.50
2011.04.05 06:38:41.338,0.92236,0.92253,1.50,1.50
2011.04.05 06:38:45.377,0.92236,0.92253,1.50,1.50
2011.04.05 06:38:45.926,0.92238,0.92254,1.50,1.50
2011.04.05 06:38:46.152,0.9224,0.92257,1.50,2.85
2011.04.05 06:38:46.269,0.92242,0.92257,2.25,2.10
2011.04.05 06:38:46.609,0.92246,0.92259,1.50,1.50
2011.04.05 06:38:47.179,0.92246,0.92261,1.50,1.50
2011.04.05 06:38:47.741,0.92245,0.92263,2.25,1.50
2011.04.05 06:38:48.333,0.92245,0.92265,2.25,3.75
2011.04.05 06:38:49.216,0.92245,0.92264,2.25,1.50
2011.04.05 06:38:49.438,0.92245,0.92263,2.25,1.50
2011.04.05 06:38:49.996,0.92245,0.92263,2.25,2.25
2011.04.05 06:38:50.787,0.92245,0.92263,2.25,2.25
2011.04.05 06:38:51.445,0.92245,0.92263,2.25,1.50
2011.04.05 06:38:51.776,0.92245,0.92263,2.25,1.50
2011.04.05 06:38:52.325,0.92245,0.92263,1.50,1.50
2011.04.05 06:38:52.875,0.92245,0.92263,2.25,1.50
2011.04.05 06:38:53.206,0.92245,0.92263,1.50,1.50
2011.04.05 06:38:53.865,0.92245,0.9226,1.50,1.50
2011.04.05 06:38:54.415,0.92244,0.9226,2.25,1.50
2011.04.05 06:38:56.286,0.92244,0.9226,1.50,1.50
2011.04.05 06:38:56.617,0.92242,0.9226,3.00,1.50
2011.04.05 06:38:57.197,0.92242,0.92259,2.25,1.50
2011.04.05 06:38:57.746,0.92242,0.92259,2.25,1.50
2011.04.05 06:38:58.295,0.92242,0.92259,2.25,1.50
2011.04.05 06:38:58.630,0.92242,0.92259,1.50,1.50
2011.04.05 06:38:59.407,0.92241,0.92256,2.25,1.50
2011.04.05 06:39:01.057,0.92238,0.92255,3.75,1.50
2011.04.05 06:39:01.276,0.9224,0.92257,2.25,2.25
2011.04.05 06:39:01.495,0.9224,0.92257,2.25,2.25
2011.04.05 06:39:03.108,0.92242,0.92257,1.50,2.25
2011.04.05 06:39:03.668,0.92242,0.92257,1.50,2.85
2011.04.05 06:39:04.007,0.92244,0.92258,1.50,1.50
2011.04.05 06:39:04.118,0.92244,0.92262,1.50,2.10
2011.04.05 06:39:04.346,0.92244,0.92261,1.50,1.50
2011.04.05 06:39:05.054,0.92244,0.92261,2.25,1.50
2011.04.05 06:39:05.606,0.92244,0.92261,1.50,1.50
2011.04.05 06:39:06.156,0.92244,0.92261,1.50,1.50
2011.04.05 06:39:07.915,0.92244,0.9226,1.50,1.50
2011.04.05 06:39:08.355,0.92244,0.9226,1.50,1.50
2011.04.05 06:39:09.680,0.92244,0.92261,1.50,2.25
2011.04.05 06:39:10.017,0.92244,0.92261,1.50,1.50
2011.04.05 06:39:11.387,0.92244,0.92261,1.50,2.25
2011.04.05 06:39:11.935,0.92244,0.92261,1.50,1.50
2011.04.05 06:39:12.487,0.92249,0.92261,5.25,1.50
2011.04.05 06:39:12.597,0.92252,0.92265,1.50,1.50
2011.04.05 06:39:12.818,0.92252,0.92266,1.35,2.25
2011.04.05 06:39:13.157,0.92252,0.9227,3.25,1.50
2011.04.05 06:39:13.707,0.92253,0.9227,1.50,1.50
2011.04.05 06:39:14.236,0.92254,0.92271,1.50,1.50
2011.04.05 06:39:15.668,0.92255,0.92273,1.50,3.00
2011.04.05 06:39:17.086,0.92256,0.92273,1.50,2.25
2011.04.05 06:39:17.636,0.92256,0.92274,1.50,1.50
2011.04.05 06:39:17.967,0.92259,0.92275,1.50,3.60
2011.04.05 06:39:18.515,0.92259,0.92275,1.50,3.60
2011.04.05 06:39:20.549,0.92259,0.92271,1.50,4.50
2011.04.05 06:39:21.012,0.92256,0.9227,1.50,1.35
2011.04.05 06:39:21.128,0.92256,0.9227,2.25,1.35
2011.04.05 06:39:21.468,0.92256,0.9227,1.50,1.35
2011.04.05 06:39:24.187,0.92256,0.9227,1.50,1.35
2011.04.05 06:39:24.736,0.92256,0.9227,1.50,1.35
2011.04.05 06:39:25.175,0.92256,0.9227,1.50,1.35
2011.04.05 06:39:25.886,0.92254,0.9227,2.25,1.35
2011.04.05 06:39:26.436,0.92255,0.9227,1.50,1.35
2011.04.05 06:39:26.990,0.92257,0.92271,1.50,2.10
2011.04.05 06:39:27.385,0.92264,0.92278,2.25,2.25
2011.04.05 06:39:27.612,0.92266,0.9228,1.50,2.25
2011.04.05 06:39:27.727,0.92267,0.9228,1.50,1.50
2011.04.05 06:39:27.838,0.92267,0.92283,1.50,1.50
2011.04.05 06:39:28.068,0.92267,0.92285,1.50,1.50
2011.04.05 06:39:28.187,0.92268,0.92286,1.50,2.10
2011.04.05 06:39:28.406,0.92268,0.92286,1.50,2.10
2011.04.05 06:39:28.957,0.92268,0.92286,1.50,2.10
2011.04.05 06:39:29.506,0.92267,0.92286,2.25,2.10
2011.04.05 06:39:29.945,0.92267,0.92286,2.25,2.25
2011.04.05 06:39:30.937,0.92267,0.92283,1.50,1.50
2011.04.05 06:39:31.976,0.92266,0.92283,1.50,1.50
2011.04.05 06:39:32.527,0.92266,0.92283,1.50,1.50
2011.04.05 06:39:33.190,0.92265,0.92284,1.50,2.25
2011.04.05 06:39:35.189,0.92265,0.92282,1.50,1.50
2011.04.05 06:39:35.767,0.92265,0.92282,1.50,1.50
2011.04.05 06:39:36.207,0.92267,0.92282,2.25,1.50
2011.04.05 06:39:36.426,0.92267,0.92282,1.50,1.50
2011.04.05 06:39:37.086,0.92267,0.92282,2.25,1.50
2011.04.05 06:39:37.529,0.92269,0.92284,1.50,1.50
2011.04.05 06:39:37.648,0.92268,0.92286,1.50,1.50
2011.04.05 06:39:37.769,0.92267,0.92284,2.25,2.25
2011.04.05 06:39:37.997,0.92268,0.92284,1.50,1.50
2011.04.05 06:39:38.327,0.92267,0.92284,2.25,1.50
2011.04.05 06:39:39.326,0.92267,0.92284,2.25,1.50
2011.04.05 06:39:43.506,0.92266,0.92284,2.25,1.50
2011.04.05 06:39:44.815,0.92266,0.92284,1.50,1.50
2011.04.05 06:39:49.455,0.92267,0.92284,2.25,1.50
2011.04.05 06:39:49.566,0.92267,0.92284,3.00,1.50
2011.04.05 06:39:50.116,0.92267,0.92286,1.50,1.50
2011.04.05 06:39:50.996,0.92268,0.92286,3.00,1.50
2011.04.05 06:39:53.005,0.92269,0.92286,1.50,1.50
2011.04.05 06:39:53.666,0.92268,0.92288,2.25,1.50
2011.04.05 06:39:53.775,0.92268,0.92288,2.25,1.50
2011.04.05 06:39:54.325,0.92268,0.92288,2.25,1.50
2011.04.05 06:39:54.927,0.92269,0.92288,1.50,1.50
2011.04.05 06:39:55.477,0.92269,0.92288,2.25,1.50
2011.04.05 06:39:57.266,0.9227,0.92285,2.25,1.50
2011.04.05 06:39:59.006,0.9227,0.92287,2.25,1.50
2011.04.05 06:40:03.201,0.92269,0.92287,3.00,1.50
2011.04.05 06:40:03.867,0.92269,0.92287,2.25,1.50
2011.04.05 06:40:04.306,0.92269,0.92287,1.50,1.50
2011.04.05 06:40:04.856,0.92267,0.92284,3.75,1.50
2011.04.05 06:40:05.186,0.92267,0.92284,3.75,1.50
2011.04.05 06:40:06.288,0.9227,0.92286,2.25,1.50
2011.04.05 06:40:06.408,0.92271,0.92286,2.25,1.50
2011.04.05 06:40:06.751,0.92273,0.9229,1.50,2.25
2011.04.05 06:40:07.326,0.92274,0.9229,1.50,1.50
2011.04.05 06:40:07.876,0.92274,0.9229,1.50,1.50
2011.04.05 06:40:08.455,0.92273,0.9229,2.25,1.50
2011.04.05 06:40:08.895,0.92275,0.9229,1.35,1.50
2011.04.05 06:40:09.336,0.92275,0.9229,1.35,1.50
2011.04.05 06:40:10.632,0.92271,0.92288,1.50,1.50
2011.04.05 06:40:12.088,0.9227,0.92288,2.25,1.50
2011.04.05 06:40:14.727,0.9227,0.92286,1.50,1.50
2011.04.05 06:40:15.275,0.92269,0.92286,1.50,1.50
2011.04.05 06:40:17.558,0.92268,0.92286,3.00,1.50
2011.04.05 06:40:32.157,0.92269,0.92286,1.50,1.50
2011.04.05 06:40:32.705,0.92268,0.92286,2.25,1.50
2011.04.05 06:40:34.479,0.92268,0.92286,1.50,1.50
2011.04.05 06:40:34.605,0.92266,0.92283,2.25,2.10
2011.04.05 06:40:34.718,0.92266,0.92283,2.25,1.50
2011.04.05 06:40:34.949,0.92266,0.92283,2.25,1.50
2011.04.05 06:40:35.505,0.92266,0.92283,1.50,1.50
2011.04.05 06:40:35.834,0.92266,0.92283,2.25,1.50
2011.04.05 06:40:38.659,0.92266,0.92283,1.50,2.25
2011.04.05 06:40:39.216,0.92263,0.92281,2.25,3.00
2011.04.05 06:40:39.765,0.92263,0.92279,1.50,1.50
2011.04.05 06:40:40.322,0.92262,0.92276,1.50,1.50
2011.04.05 06:40:40.551,0.92258,0.92273,1.35,1.50
2011.04.05 06:40:41.031,0.92257,0.92273,2.25,2.25
2011.04.05 06:40:41.587,0.92257,0.92273,4.35,2.25
2011.04.05 06:40:42.137,0.92258,0.92273,1.35,2.25
2011.04.05 06:40:42.801,0.92258,0.92273,1.35,1.50
2011.04.05 06:40:43.031,0.9226,0.92273,2.25,1.50
2011.04.05 06:40:43.589,0.92262,0.92276,1.50,1.50
2011.04.05 06:40:44.147,0.92262,0.92276,1.50,1.50
2011.04.05 06:40:44.478,0.92262,0.92278,2.25,1.50
2011.04.05 06:40:45.347,0.92261,0.92278,2.25,1.50
2011.04.05 06:40:45.896,0.92262,0.92278,1.50,1.50
2011.04.05 06:40:46.887,0.92261,0.92278,2.25,1.50
2011.04.05 06:40:47.107,0.92261,0.92277,1.50,2.25
2011.04.05 06:40:47.332,0.9226,0.92276,2.63,1.50
2011.04.05 06:40:47.776,0.9226,0.92275,1.88,1.50
2011.04.05 06:40:48.437,0.92261,0.92275,1.50,1.50
2011.04.05 06:40:48.988,0.9226,0.92275,2.25,1.50
2011.04.05 06:40:49.218,0.92262,0.92277,2.25,1.50
2011.04.05 06:40:49.776,0.92262,0.92277,2.25,1.50
2011.04.05 06:40:52.255,0.92262,0.92277,2.25,1.50
2011.04.05 06:40:53.026,0.92262,0.92278,3.00,1.50
2011.04.05 06:40:53.575,0.92262,0.92277,3.00,1.50
2011.04.05 06:40:54.348,0.92262,0.92278,3.75,1.50
2011.04.05 06:40:54.907,0.92262,0.92279,3.75,2.25
2011.04.05 06:40:55.455,0.92262,0.92278,3.75,1.50
2011.04.05 06:40:56.026,0.92262,0.92278,3.75,1.50
2011.04.05 06:40:56.576,0.92263,0.92278,1.50,1.50
2011.04.05 06:40:57.485,0.92262,0.92277,2.25,1.50
2011.04.05 06:40:57.596,0.92262,0.92277,1.50,1.50
2011.04.05 06:40:57.927,0.92263,0.92279,1.50,1.50
2011.04.05 06:40:58.500,0.92263,0.92279,2.25,1.50
2011.04.05 06:40:58.946,0.92262,0.92279,3.00,1.50
2011.04.05 06:41:00.416,0.92262,0.92279,3.75,1.50
2011.04.05 06:41:00.966,0.92262,0.92279,3.75,1.50
2011.04.05 06:41:01.514,0.92262,0.92279,3.75,1.50
2011.04.05 06:41:02.085,0.92262,0.92279,3.75,1.50
2011.04.05 06:41:02.635,0.92262,0.92279,3.75,1.50
2011.04.05 06:41:03.294,0.92262,0.92279,3.75,1.50
2011.04.05 06:41:03.845,0.92262,0.92279,2.25,2.25
2011.04.05 06:41:04.395,0.92262,0.92278,2.25,1.50
2011.04.05 06:41:04.944,0.92262,0.92279,2.25,2.25
2011.04.05 06:41:05.167,0.92261,0.92278,2.25,1.50
2011.04.05 06:41:05.389,0.92261,0.92278,3.00,1.50
2011.04.05 06:41:06.666,0.92262,0.92277,1.50,2.25
2011.04.05 06:41:26.514,0.92262,0.92277,2.25,2.25
2011.04.05 06:41:27.065,0.92261,0.92277,1.50,2.93
2011.04.05 06:41:36.247,0.92262,0.92276,1.50,1.20
2011.04.05 06:41:36.905,0.92262,0.92276,1.50,1.73
2011.04.05 06:41:51.808,0.9226,0.92275,1.88,1.50
2011.04.05 06:41:52.146,0.92259,0.92275,1.13,1.50
2011.04.05 06:41:52.696,0.92258,0.92275,2.25,1.50
2011.04.05 06:41:54.797,0.92259,0.92276,1.50,1.50
2011.04.05 06:42:00.967,0.9226,0.92277,1.50,2.25
2011.04.05 06:42:01.187,0.9226,0.92277,1.50,2.25
2011.04.05 06:42:04.977,0.92258,0.92275,3.00,1.50
2011.04.05 06:42:05.417,0.92258,0.92275,3.00,1.50
2011.04.05 06:42:05.968,0.92259,0.92277,1.50,2.25
2011.04.05 06:42:06.515,0.92258,0.92276,3.00,1.50
2011.04.05 06:42:09.497,0.92258,0.92275,3.00,1.50
2011.04.05 06:42:10.045,0.92258,0.92275,3.00,1.50
2011.04.05 06:42:10.548,0.92258,0.92275,3.00,1.50
2011.04.05 06:42:11.485,0.92258,0.92275,3.00,1.50
2011.04.05 06:42:11.705,0.92258,0.92275,3.00,1.50
2011.04.05 06:42:12.258,0.92259,0.92275,2.10,1.50
2011.04.05 06:42:12.376,0.9226,0.92275,1.35,1.50
2011.04.05 06:42:12.925,0.9226,0.92275,1.35,1.50
2011.04.05 06:42:14.256,0.92259,0.92275,2.10,1.50
2011.04.05 06:42:14.478,0.92262,0.92276,2.25,1.50
2011.04.05 06:42:16.018,0.92262,0.92277,1.50,2.25
2011.04.05 06:42:18.446,0.92263,0.92277,2.25,1.50
2011.04.05 06:42:18.776,0.92263,0.9228,2.25,2.25
2011.04.05 06:42:19.106,0.92263,0.9228,2.25,2.25
2011.04.05 06:42:19.655,0.92263,0.92279,1.50,1.50
2011.04.05 06:42:20.284,0.92265,0.92279,2.25,1.50
2011.04.05 06:42:20.416,0.92268,0.92282,1.50,2.25
2011.04.05 06:42:20.968,0.92268,0.92283,2.25,1.50
2011.04.05 06:42:33.498,0.92268,0.92282,1.50,1.50
2011.04.05 06:42:35.587,0.92266,0.92281,2.25,1.50
2011.04.05 06:42:36.112,0.92267,0.92282,2.25,1.50
2011.04.05 06:42:39.859,0.92267,0.92283,2.25,1.50
2011.04.05 06:42:40.318,0.92269,0.92285,1.50,1.35
2011.04.05 06:42:40.552,0.92271,0.92286,1.50,1.50
2011.04.05 06:42:41.438,0.92271,0.92286,1.50,1.50
2011.04.05 06:42:41.996,0.92271,0.92288,1.50,3.00
2011.04.05 06:42:42.551,0.92271,0.92286,1.50,1.50
2011.04.05 06:42:43.085,0.92271,0.92287,1.50,1.50
2011.04.05 06:42:43.415,0.92271,0.92287,1.50,1.50
2011.04.05 06:42:44.577,0.9227,0.92285,1.50,1.50
2011.04.05 06:42:44.798,0.9227,0.92287,1.50,3.00
2011.04.05 06:42:45.141,0.9227,0.92285,1.50,1.50
2011.04.05 06:42:45.365,0.9227,0.92287,1.50,3.00
2011.04.05 06:43:12.136,0.9227,0.92287,2.25,1.50
2011.04.05 06:43:12.798,0.9227,0.92285,2.25,1.50
2011.04.05 06:43:13.356,0.9227,0.92287,1.50,1.50
2011.04.05 06:43:17.497,0.9227,0.92287,1.50,1.50
2011.04.05 06:43:22.146,0.9227,0.92286,1.50,1.50
2011.04.05 06:43:25.806,0.9227,0.92287,1.50,2.25
2011.04.05 06:43:26.025,0.92272,0.92287,1.50,1.50
2011.04.05 06:43:26.356,0.92276,0.92289,1.50,2.10
2011.04.05 06:43:26.579,0.92282,0.92298,1.88,1.50
2011.04.05 06:43:27.136,0.92285,0.92299,2.25,1.35
2011.04.05 06:43:28.586,0.92288,0.92301,1.50,1.13
2011.04.05 06:43:28.806,0.92287,0.92302,1.50,2.46
2011.04.05 06:43:30.235,0.92287,0.92302,1.50,1.35
2011.04.05 06:43:31.227,0.92286,0.92299,1.50,1.50
2011.04.05 06:43:31.347,0.92284,0.92296,1.50,1.50
2011.04.05 06:43:31.459,0.92283,0.92294,1.50,1.50
2011.04.05 06:43:31.579,0.92278,0.92294,3.00,2.25
2011.04.05 06:43:31.806,0.92278,0.92296,2.25,2.25
2011.04.05 06:43:35.996,0.92281,0.92298,1.50,1.50
2011.04.05 06:43:36.332,0.9228,0.92297,2.25,2.25
2011.04.05 06:43:36.556,0.92279,0.92297,1.50,2.25
2011.04.05 06:43:36.886,0.92279,0.92296,1.50,1.50
2011.04.05 06:43:38.016,0.92279,0.92296,1.50,1.50
2011.04.05 06:43:38.238,0.92283,0.923,1.50,3.60
2011.04.05 06:43:38.796,0.92287,0.923,1.50,2.10
2011.04.05 06:43:39.346,0.92287,0.923,1.50,2.10
2011.04.05 06:43:42.524,0.92287,0.923,1.50,2.10
2011.04.05 06:43:42.750,0.92288,0.92303,1.50,2.61
2011.04.05 06:43:42.976,0.92288,0.92303,1.50,1.86
2011.04.05 06:43:43.415,0.92288,0.92303,1.50,1.86
2011.04.05 06:43:43.984,0.92288,0.92305,1.50,3.60
2011.04.05 06:43:44.395,0.92288,0.92303,1.50,1.86
2011.04.05 06:43:45.094,0.92288,0.92302,1.50,1.86
2011.04.05 06:43:46.234,0.92288,0.92303,1.50,1.86
2011.04.05 06:43:47.934,0.92288,0.92302,1.50,1.86
2011.04.05 06:43:48.836,0.92288,0.92302,1.50,1.86
2011.04.05 06:43:49.387,0.92288,0.92303,1.50,2.61
2011.04.05 06:43:49.715,0.92288,0.92302,1.50,2.61
2011.04.05 06:43:49.935,0.92288,0.92303,1.50,1.86
2011.04.05 06:43:51.294,0.92288,0.92303,1.50,1.86
2011.04.05 06:43:52.175,0.92287,0.92302,1.50,1.86
2011.04.05 06:43:53.164,0.92287,0.92303,1.50,2.61
2011.04.05 06:43:54.336,0.92287,0.92302,1.50,1.86
2011.04.05 06:43:54.668,0.92289,0.92302,1.50,1.80
2011.04.05 06:43:55.215,0.92289,0.92303,1.50,1.80
2011.04.05 06:43:55.765,0.92289,0.92302,1.50,1.80
2011.04.05 06:43:56.316,0.92289,0.92303,1.50,1.80
2011.04.05 06:43:57.255,0.92289,0.92302,1.50,1.80
2011.04.05 06:43:57.995,0.92289,0.92303,1.50,1.80
2011.04.05 06:43:58.549,0.92289,0.92303,1.50,1.80
2011.04.05 06:43:59.106,0.92289,0.92302,1.50,1.80
2011.04.05 06:44:00.048,0.92289,0.92303,1.50,1.80
2011.04.05 06:44:01.046,0.92289,0.92302,1.50,1.80
2011.04.05 06:44:01.596,0.92289,0.92303,1.50,1.80
2011.04.05 06:44:02.619,0.92289,0.92303,1.50,1.80
2011.04.05 06:44:03.407,0.92289,0.92302,1.50,1.80
2011.04.05 06:44:04.206,0.92289,0.92303,1.50,1.80
2011.04.05 06:44:05.045,0.92289,0.92302,1.50,1.80
2011.04.05 06:44:05.815,0.92289,0.92303,1.50,1.80
2011.04.05 06:44:06.148,0.9229,0.92305,1.50,1.35
2011.04.05 06:44:06.378,0.92292,0.92306,1.50,2.10
2011.04.05 06:44:06.825,0.92292,0.92306,1.50,2.10
2011.04.05 06:44:07.146,0.92292,0.92306,1.50,2.10
2011.04.05 06:44:08.455,0.92292,0.92306,1.50,2.10
2011.04.05 06:44:18.505,0.92294,0.92306,1.50,2.10
2011.04.05 06:44:18.836,0.92294,0.92311,2.25,3.00
2011.04.05 06:44:19.385,0.92295,0.92312,1.50,3.75
2011.04.05 06:44:20.045,0.92295,0.92312,1.50,3.75
2011.04.05 06:44:20.647,0.92295,0.92311,1.50,1.50
2011.04.05 06:44:22.095,0.92295,0.92312,1.50,3.75
2011.04.05 06:44:23.314,0.92295,0.92312,1.50,3.75
2011.04.05 06:44:24.516,0.92295,0.92312,1.50,3.75
2011.04.05 06:44:25.506,0.92295,0.92309,1.50,2.10
2011.04.05 06:44:25.725,0.92295,0.92311,1.50,2.07
2011.04.05 06:44:28.715,0.92295,0.92311,1.50,6.00
2011.04.05 06:44:29.050,0.92292,0.92301,2.25,2.25
2011.04.05 06:44:29.389,0.9227,0.92281,3.00,1.35
2011.04.05 06:44:29.509,0.92268,0.92282,1.50,3.60
2011.04.05 06:44:29.738,0.92268,0.92282,1.50,2.85
2011.04.05 06:44:30.079,0.92265,0.92281,1.50,2.10
2011.04.05 06:44:30.636,0.92264,0.92279,1.50,1.50
2011.04.05 06:44:31.157,0.92263,0.92279,1.50,3.27
2011.04.05 06:44:31.783,0.92263,0.92279,1.50,3.27
2011.04.05 06:44:32.338,0.92264,0.92279,1.50,2.85
2011.04.05 06:44:32.458,0.92264,0.92278,1.50,1.50
2011.04.05 06:44:32.906,0.92262,0.92276,1.50,1.50
2011.04.05 06:44:33.896,0.92262,0.92276,1.50,1.50
2011.04.05 06:44:34.121,0.92261,0.92271,1.50,1.30
2011.04.05 06:44:34.347,0.92256,0.92265,1.50,2.25
2011.04.05 06:44:34.579,0.92254,0.92263,1.50,2.25
2011.04.05 06:44:34.698,0.92254,0.92261,1.50,2.03
2011.04.05 06:44:35.256,0.9225,0.92261,1.50,1.54
2011.04.05 06:44:35.805,0.9225,0.92262,1.50,4.13
2011.04.05 06:44:36.467,0.9225,0.92262,1.50,1.09
2011.04.05 06:44:36.800,0.92251,0.92267,1.50,2.10
2011.04.05 06:44:37.358,0.92254,0.92271,1.50,2.10
2011.04.05 06:44:37.846,0.92254,0.92271,1.50,2.10
2011.04.05 06:44:38.396,0.92258,0.92272,1.50,2.10
2011.04.05 06:44:38.508,0.92258,0.92272,1.50,2.10
2011.04.05 06:44:38.627,0.92262,0.92276,1.50,1.35
2011.04.05 06:44:39.618,0.92262,0.92276,1.50,1.50
2011.04.05 06:44:39.960,0.92264,0.92278,1.50,2.10
2011.04.05 06:44:40.516,0.92267,0.92281,1.50,1.35
2011.04.05 06:44:42.576,0.92267,0.92282,2.25,1.50
2011.04.05 06:44:42.688,0.92267,0.92281,2.25,2.10
2011.04.05 06:44:42.807,0.92267,0.92283,1.50,2.85
2011.04.05 06:44:43.355,0.92268,0.92283,1.50,2.85
2011.04.05 06:44:44.789,0.92268,0.92283,1.50,4.35
2011.04.05 06:44:45.787,0.92267,0.92282,1.50,2.10
2011.04.05 06:44:46.336,0.92268,0.9228,1.50,2.10
2011.04.05 06:44:47.877,0.92265,0.92278,1.50,1.50
2011.04.05 06:44:48.099,0.92266,0.92277,1.50,1.35
2011.04.05 06:44:48.327,0.92264,0.92274,1.50,2.10
2011.04.05 06:44:48.731,0.92261,0.92276,1.50,2.10
2011.04.05 06:44:48.967,0.92261,0.92277,1.50,4.92
2011.04.05 06:44:49.526,0.92261,0.92277,1.50,2.85
2011.04.05 06:44:51.526,0.92261,0.92277,1.50,4.92
2011.04.05 06:44:56.574,0.92261,0.92277,1.50,4.92
2011.04.05 06:44:57.146,0.92261,0.92277,1.50,4.35
2011.04.05 06:44:57.587,0.92259,0.92275,1.50,1.50
2011.04.05 06:44:57.698,0.92259,0.92274,1.50,1.50
2011.04.05 06:44:57.820,0.92259,0.92272,1.50,2.10
2011.04.05 06:44:58.847,0.92259,0.92272,1.50,2.10
2011.04.05 06:45:00.325,0.92259,0.92272,1.50,2.10
2011.04.05 06:45:00.656,0.92259,0.92272,1.50,2.10
2011.04.05 06:45:00.987,0.92259,0.92272,1.50,2.10
2011.04.05 06:45:01.315,0.92257,0.92271,1.50,1.35
2011.04.05 06:45:01.426,0.92259,0.92272,1.50,2.10
2011.04.05 06:45:01.975,0.92259,0.92272,1.50,2.10
2011.04.05 06:45:02.197,0.92259,0.92272,1.50,2.10
2011.04.05 06:45:03.296,0.92259,0.92274,1.50,1.35
2011.04.05 06:45:03.407,0.92259,0.92273,1.50,1.50
2011.04.05 06:45:03.956,0.92257,0.92272,1.50,2.25
2011.04.05 06:45:04.506,0.92257,0.92272,1.50,2.25
2011.04.05 06:45:05.026,0.92257,0.92272,1.50,2.25
2011.04.05 06:45:05.794,0.92257,0.92272,1.50,2.25
2011.04.05 06:45:07.021,0.92257,0.92272,1.50,2.25
2011.04.05 06:45:08.125,0.92257,0.92271,1.50,1.50
2011.04.05 06:45:08.869,0.92257,0.92271,1.50,1.50
2011.04.05 06:45:08.987,0.92257,0.92272,1.50,2.25
2011.04.05 06:45:09.575,0.92257,0.92272,1.50,2.25
2011.04.05 06:45:09.806,0.92257,0.92272,1.50,2.25
2011.04.05 06:45:10.355,0.92257,0.92272,1.50,2.25
2011.04.05 06:45:11.235,0.92257,0.92272,1.50,2.25
2011.04.05 06:45:11.785,0.92257,0.92272,1.50,2.25
2011.04.05 06:45:12.335,0.92257,0.92272,1.50,2.25
2011.04.05 06:45:12.847,0.92257,0.92272,1.50,2.25
2011.04.05 06:45:13.397,0.92257,0.92272,1.50,1.50
2011.04.05 06:45:14.166,0.92257,0.92274,1.50,3.60
2011.04.05 06:45:14.695,0.92257,0.92274,1.50,3.60
2011.04.05 06:45:15.246,0.92257,0.92274,1.50,3.60
2011.04.05 06:45:15.464,0.92257,0.92273,1.50,1.50
2011.04.05 06:45:21.855,0.92257,0.92275,2.25,3.00
2011.04.05 06:45:22.299,0.92257,0.92276,2.25,4.50
2011.04.05 06:45:22.855,0.92259,0.92275,1.50,1.50
2011.04.05 06:45:23.518,0.92259,0.92275,3.00,1.50
2011.04.05 06:45:23.882,0.92261,0.92278,1.50,2.61
2011.04.05 06:45:23.998,0.92261,0.92278,3.00,2.61
2011.04.05 06:45:24.556,0.92261,0.92278,3.00,2.25
2011.04.05 06:45:25.496,0.92261,0.92277,3.00,1.50
2011.04.05 06:45:25.717,0.9226,0.92276,3.00,1.50
2011.04.05 06:45:28.246,0.9226,0.92276,1.50,2.25
2011.04.05 06:45:28.905,0.9226,0.92276,1.50,1.50
2011.04.05 06:45:29.615,0.9226,0.92276,1.50,1.50
2011.04.05 06:45:30.227,0.9226,0.92277,1.50,2.25
2011.04.05 06:45:30.885,0.9226,0.92277,3.00,1.50
2011.04.05 06:45:33.416,0.9226,0.92275,3.00,1.50
2011.04.05 06:45:33.842,0.92263,0.92278,2.10,1.86
2011.04.05 06:45:33.963,0.92268,0.92284,1.50,3.60
2011.04.05 06:45:34.186,0.92267,0.92284,1.50,2.85
2011.04.05 06:45:34.735,0.92268,0.92284,1.50,3.60
2011.04.05 06:45:34.846,0.92268,0.92284,1.50,2.85
2011.04.05 06:45:36.276,0.92268,0.92284,1.50,2.85
2011.04.05 06:45:36.816,0.92268,0.92284,1.50,2.10
2011.04.05 06:45:37.365,0.92268,0.92284,1.50,2.85
2011.04.05 06:45:38.105,0.92267,0.92284,1.50,2.85
2011.04.05 06:45:38.655,0.92266,0.92284,2.25,2.85
2011.04.05 06:45:39.106,0.92267,0.92284,1.50,2.85
2011.04.05 06:45:39.220,0.9227,0.92285,2.85,2.44
2011.04.05 06:45:39.775,0.9227,0.92286,4.35,4.43
2011.04.05 06:45:42.225,0.92271,0.92285,1.50,2.07
2011.04.05 06:45:42.756,0.9227,0.92286,2.25,6.68
2011.04.05 06:45:44.237,0.9227,0.92285,2.25,1.32
2011.04.05 06:45:44.895,0.92272,0.92286,1.50,4.84
2011.04.05 06:45:45.464,0.92272,0.92285,1.50,1.32
2011.04.05 06:45:45.995,0.9227,0.92286,2.25,6.53
2011.04.05 06:45:46.896,0.92271,0.92285,1.50,2.07
2011.04.05 06:45:47.555,0.92271,0.92286,1.50,3.34
2011.04.05 06:45:48.085,0.9227,0.92285,2.25,1.32
2011.04.05 06:45:49.107,0.92272,0.92286,1.50,6.53
2011.04.05 06:45:49.896,0.92272,0.92285,1.50,1.32
2011.04.05 06:45:50.555,0.92272,0.92286,1.50,2.25
2011.04.05 06:45:51.445,0.92272,0.92285,1.50,1.50
2011.04.05 06:45:52.562,0.92272,0.92286,1.50,3.00
2011.04.05 06:45:55.637,0.9227,0.92285,3.00,1.50
2011.04.05 06:45:56.185,0.9227,0.92286,3.00,4.88
2011.04.05 06:46:00.896,0.9227,0.92285,2.25,1.50
2011.04.05 06:46:01.605,0.9227,0.92286,2.25,5.85
2011.04.05 06:46:02.156,0.9227,0.92285,2.25,1.50
2011.04.05 06:46:02.865,0.9227,0.92286,2.25,5.85
2011.04.05 06:46:03.748,0.9227,0.92285,2.25,1.50
2011.04.05 06:46:04.364,0.9227,0.92286,2.25,6.60
2011.04.05 06:46:04.859,0.9227,0.92285,2.25,3.36
2011.04.05 06:46:05.172,0.92269,0.92278,1.50,1.84
2011.04.05 06:46:05.292,0.92265,0.92278,1.50,1.77
2011.04.05 06:46:05.847,0.92264,0.92277,1.50,1.50
2011.04.05 06:46:06.396,0.92264,0.92276,1.50,1.50
2011.04.05 06:46:08.918,0.92261,0.92276,1.50,2.25
2011.04.05 06:46:09.475,0.92259,0.92274,1.50,1.35
2011.04.05 06:46:10.026,0.92259,0.92276,1.50,3.75
2011.04.05 06:46:10.575,0.92259,0.92276,1.50,3.00
2011.04.05 06:46:12.566,0.92259,0.92275,1.50,2.25
2011.04.05 06:46:13.118,0.92257,0.92273,1.50,2.10
2011.04.05 06:46:13.645,0.92257,0.92273,1.50,2.18
2011.04.05 06:46:13.976,0.92256,0.92273,2.25,2.93
2011.04.05 06:46:14.525,0.92256,0.92273,2.25,2.93
2011.04.05 06:46:16.017,0.92255,0.92269,1.50,1.99
2011.04.05 06:46:16.577,0.92255,0.92269,1.50,1.24
2011.04.05 06:46:16.909,0.92253,0.92267,2.25,2.85
2011.04.05 06:46:17.248,0.92251,0.92266,1.50,2.25
2011.04.05 06:46:18.137,0.92251,0.92265,1.50,1.50
2011.04.05 06:46:18.470,0.9225,0.92264,1.50,1.05
2011.04.05 06:46:18.809,0.9225,0.92264,1.50,1.35
2011.04.05 06:46:18.929,0.9225,0.92265,1.50,1.35
2011.04.05 06:46:19.487,0.92253,0.92266,1.50,2.10
2011.04.05 06:46:20.340,0.9225,0.92268,2.25,4.88
2011.04.05 06:46:20.790,0.92252,0.92268,1.50,2.25
2011.04.05 06:46:21.237,0.92254,0.9227,1.50,2.25
2011.04.05 06:46:22.116,0.92255,0.9227,1.50,2.25
2011.04.05 06:46:22.668,0.92255,0.92271,1.50,1.50
2011.04.05 06:46:23.226,0.92255,0.92273,3.00,5.10
2011.04.05 06:46:23.666,0.92256,0.92271,1.50,1.50
2011.04.05 06:46:32.984,0.92254,0.92271,2.25,1.50
2011.04.05 06:46:34.186,0.92255,0.92271,1.50,1.50
2011.04.05 06:46:34.735,0.92254,0.92271,1.50,1.50
2011.04.05 06:46:35.725,0.92255,0.92271,1.50,1.50
2011.04.05 06:46:36.313,0.92254,0.92271,1.50,1.50
2011.04.05 06:46:36.426,0.92254,0.92271,1.50,1.50
2011.04.05 06:46:36.975,0.92255,0.92271,1.50,1.50
2011.04.05 06:46:37.086,0.92254,0.92271,1.50,1.50
2011.04.05 06:46:37.635,0.92253,0.92271,3.75,1.50
2011.04.05 06:46:38.295,0.92253,0.92271,2.25,1.50
2011.04.05 06:46:38.845,0.92253,0.92271,3.00,1.50
2011.04.05 06:46:39.176,0.92253,0.92271,3.00,1.50
2011.04.05 06:46:39.726,0.92253,0.92271,3.00,1.50
2011.04.05 06:46:41.674,0.92253,0.92271,3.00,1.50
2011.04.05 06:46:42.225,0.92253,0.92271,3.75,1.50
2011.04.05 06:46:42.555,0.92253,0.92271,3.75,1.50
2011.04.05 06:46:43.215,0.92254,0.92271,1.50,1.50
2011.04.05 06:46:44.525,0.92253,0.92271,3.75,1.50
2011.04.05 06:46:44.745,0.92253,0.92271,3.75,1.50
2011.04.05 06:46:45.295,0.92253,0.92271,3.75,1.50
2011.04.05 06:46:45.845,0.92253,0.92271,3.75,1.50
2011.04.05 06:46:46.917,0.92253,0.92271,3.00,1.50
2011.04.05 06:46:47.797,0.92253,0.92271,3.75,1.50
2011.04.05 06:46:48.346,0.92255,0.92271,1.50,1.50
2011.04.05 06:46:54.335,0.92256,0.92271,1.50,1.50
2011.04.05 06:46:57.176,0.92256,0.92273,1.50,1.35
2011.04.05 06:47:02.857,0.92254,0.92271,2.25,1.50
2011.04.05 06:47:03.398,0.92255,0.92271,1.50,1.50
2011.04.05 06:47:03.955,0.92254,0.92271,2.25,1.50
2011.04.05 06:47:11.495,0.92258,0.92271,5.33,1.50
2011.04.05 06:47:11.605,0.92256,0.92271,5.33,1.50
2011.04.05 06:47:12.125,0.92254,0.92271,3.75,1.50
2011.04.05 06:47:14.735,0.92255,0.92271,1.50,1.50
2011.04.05 06:47:15.068,0.92263,0.92274,5.33,1.50
2011.04.05 06:47:15.300,0.92263,0.92279,6.08,1.50
2011.04.05 06:47:15.417,0.92268,0.92278,5.33,1.50
2011.04.05 06:47:16.090,0.92267,0.92279,5.33,1.50
2011.04.05 06:47:16.578,0.92267,0.92278,5.33,2.25
2011.04.05 06:47:16.808,0.92264,0.92278,6.08,2.85
2011.04.05 06:47:17.366,0.92261,0.92278,1.50,2.85
2011.04.05 06:47:18.657,0.92263,0.92278,1.50,2.85
2011.04.05 06:47:18.988,0.92264,0.9228,1.50,1.50
2011.04.05 06:47:19.326,0.92264,0.92278,1.50,1.50
2011.04.05 06:47:19.548,0.92265,0.92281,1.50,2.25
2011.04.05 06:47:19.878,0.92266,0.92284,1.50,2.25
2011.04.05 06:47:20.100,0.92267,0.92284,1.50,1.50
2011.04.05 06:47:20.767,0.92269,0.92288,3.00,2.85
2011.04.05 06:47:21.315,0.9227,0.92288,1.50,2.85
2011.04.05 06:47:23.677,0.92274,0.92288,1.50,1.50
2011.04.05 06:47:23.897,0.92277,0.92291,1.50,1.50
2011.04.05 06:47:24.009,0.92277,0.92291,1.50,1.50
2011.04.05 06:47:24.567,0.92275,0.92291,1.50,1.50
2011.04.05 06:47:25.116,0.92275,0.92291,2.25,1.50
2011.04.05 06:47:26.797,0.92276,0.92289,1.50,2.10
2011.04.05 06:47:27.248,0.92274,0.92291,1.50,1.35
2011.04.05 06:47:27.370,0.92273,0.9229,2.25,1.50
2011.04.05 06:47:28.476,0.92271,0.92289,3.00,2.25
2011.04.05 06:47:28.919,0.92271,0.92289,1.50,2.25
2011.04.05 06:47:30.580,0.92278,0.92288,3.75,2.25
2011.04.05 06:47:30.810,0.92279,0.92294,2.63,1.50
2011.04.05 06:47:30.928,0.9228,0.92295,4.35,1.50
2011.04.05 06:47:31.049,0.92281,0.92296,1.15,1.50
2011.04.05 06:47:31.386,0.92281,0.92298,1.15,1.50
2011.04.05 06:47:31.937,0.92282,0.92297,1.50,1.50
2011.04.05 06:47:32.378,0.9228,0.92296,2.25,1.50
2011.04.05 06:47:32.497,0.92279,0.92295,2.25,1.50
2011.04.05 06:47:32.607,0.92278,0.92296,2.25,1.50
2011.04.05 06:47:33.195,0.92278,0.92296,1.50,1.50
2011.04.05 06:47:33.305,0.92278,0.92296,1.50,1.50
2011.04.05 06:47:33.639,0.92277,0.92288,1.90,2.10
2011.04.05 06:47:33.868,0.92273,0.92288,1.50,2.10
2011.04.05 06:47:34.648,0.92274,0.92288,1.50,1.50
2011.04.05 06:47:36.977,0.92274,0.9229,1.50,1.35
2011.04.05 06:47:37.089,0.92277,0.92291,1.35,1.50
2011.04.05 06:47:37.645,0.92278,0.92293,1.50,1.50
2011.04.05 06:47:37.756,0.92278,0.92293,2.25,1.50
2011.04.05 06:47:38.335,0.92278,0.92293,1.50,1.50
2011.04.05 06:47:39.608,0.92276,0.9229,3.00,2.85
2011.04.05 06:47:39.837,0.92278,0.92293,1.50,4.35
2011.04.05 06:47:40.167,0.92276,0.92293,1.50,4.35
2011.04.05 06:47:40.497,0.92273,0.92288,2.25,1.50
2011.04.05 06:47:41.795,0.92273,0.92288,2.25,1.73
2011.04.05 06:47:42.346,0.92272,0.92286,1.50,1.35
2011.04.05 06:47:42.906,0.92271,0.92286,1.50,1.58
2011.04.05 06:47:43.456,0.92271,0.92286,1.50,1.02
2011.04.05 06:47:44.226,0.92271,0.92286,1.50,1.20
2011.04.05 06:47:45.249,0.92271,0.92286,1.50,1.58
2011.04.05 06:47:45.806,0.92271,0.92286,1.50,1.20
2011.04.05 06:47:46.406,0.92271,0.92286,1.50,1.58
2011.04.05 06:47:48.666,0.92271,0.92287,1.50,1.58
2011.04.05 06:47:49.325,0.92271,0.92286,1.50,1.58
2011.04.05 06:47:50.285,0.9227,0.92286,1.50,1.73
2011.04.05 06:47:51.275,0.9227,0.92286,1.50,1.73
2011.04.05 06:47:53.876,0.9227,0.92286,1.50,3.00
2011.04.05 06:47:56.865,0.92269,0.92285,1.50,1.13
2011.04.05 06:48:02.186,0.92269,0.92286,1.50,2.18
2011.04.05 06:48:02.518,0.92269,0.92286,1.50,2.18
2011.04.05 06:48:02.750,0.92268,0.92286,1.50,1.99
2011.04.05 06:48:05.736,0.92269,0.92286,1.50,2.18
2011.04.05 06:48:07.942,0.92268,0.92286,1.50,2.18
2011.04.05 06:48:08.827,0.92267,0.92283,3.00,1.50
2011.04.05 06:48:09.376,0.92268,0.92283,1.50,1.50
2011.04.05 06:48:13.487,0.92268,0.92283,1.50,1.50
2011.04.05 06:48:15.338,0.92267,0.92283,1.50,1.50
2011.04.05 06:48:15.928,0.92267,0.92283,3.00,1.50
2011.04.05 06:48:16.478,0.92265,0.92282,2.25,1.50
2011.04.05 06:48:17.037,0.92266,0.92284,1.50,1.50
2011.04.05 06:48:21.548,0.92267,0.92284,2.25,1.50
2011.04.05 06:48:21.886,0.92267,0.92283,2.25,1.50
2011.04.05 06:48:22.319,0.92267,0.9228,1.50,1.35
2011.04.05 06:48:22.658,0.92265,0.92279,1.50,1.50
2011.04.05 06:48:23.107,0.92264,0.92279,1.50,1.77
2011.04.05 06:48:23.657,0.92263,0.92279,1.50,1.77
2011.04.05 06:48:24.206,0.92263,0.92279,1.50,1.58
2011.04.05 06:48:25.646,0.92264,0.92279,1.50,1.50
2011.04.05 06:48:28.646,0.92264,0.9228,1.50,2.00
2011.04.05 06:48:28.757,0.92264,0.92281,1.50,1.50
2011.04.05 06:48:28.978,0.92265,0.92281,2.25,1.50
2011.04.05 06:48:29.201,0.92265,0.92275,1.50,1.50
2011.04.05 06:48:29.755,0.92265,0.92274,1.50,1.50
2011.04.05 06:48:31.670,0.92265,0.92276,1.50,1.13
2011.04.05 06:48:31.788,0.92267,0.92281,1.50,2.85
2011.04.05 06:48:31.909,0.92267,0.92281,2.25,2.10
2011.04.05 06:48:32.397,0.92269,0.92281,2.25,2.10
2011.04.05 06:48:33.171,0.92272,0.92285,1.50,1.50
2011.04.05 06:48:33.510,0.92273,0.92286,1.50,3.23
2011.04.05 06:48:33.956,0.92274,0.92286,1.50,3.60
2011.04.05 06:48:34.617,0.92274,0.92286,1.50,4.35
2011.04.05 06:48:35.297,0.92274,0.92286,1.50,4.73
2011.04.05 06:48:36.066,0.92274,0.92286,1.50,4.35
2011.04.05 06:48:36.400,0.92268,0.92282,4.23,1.35
2011.04.05 06:48:36.631,0.92277,0.92291,2.25,1.88
2011.04.05 06:48:36.856,0.92277,0.92294,2.25,2.63
2011.04.05 06:48:37.077,0.92277,0.92292,1.50,1.50
2011.04.05 06:48:37.626,0.92277,0.92292,1.50,1.50
2011.04.05 06:48:38.175,0.92277,0.92292,1.50,1.50
2011.04.05 06:48:38.622,0.92277,0.92293,1.50,1.50
2011.04.05 06:48:38.933,0.92277,0.92293,1.50,1.50
2011.04.05 06:48:40.257,0.92277,0.92293,1.50,1.50
2011.04.05 06:48:40.807,0.92277,0.92293,1.50,1.50
2011.04.05 06:48:41.356,0.92277,0.92293,1.50,1.50
2011.04.05 06:48:41.957,0.92277,0.92293,1.50,1.50
2011.04.05 06:48:42.505,0.92277,0.92293,1.50,1.50
2011.04.05 06:48:43.166,0.92277,0.92293,1.50,1.50
2011.04.05 06:48:43.822,0.92278,0.92295,1.50,2.25
2011.04.05 06:48:44.160,0.92278,0.92295,2.10,2.25
2011.04.05 06:48:44.496,0.92278,0.92295,1.35,2.25
2011.04.05 06:48:45.343,0.92278,0.92295,1.35,2.25
2011.04.05 06:48:45.896,0.92277,0.92294,2.25,1.88
2011.04.05 06:48:46.121,0.92277,0.92293,1.50,2.25
2011.04.05 06:48:46.565,0.92278,0.92293,1.50,1.50
2011.04.05 06:48:47.136,0.92276,0.92293,2.25,2.25
2011.04.05 06:48:47.688,0.92278,0.92293,1.50,2.25
2011.04.05 06:48:48.236,0.92275,0.92292,1.50,3.00
2011.04.05 06:48:48.346,0.92275,0.9229,1.50,1.50
2011.04.05 06:48:48.678,0.92268,0.92283,1.50,1.50
2011.04.05 06:48:48.798,0.92266,0.92283,1.50,2.25
2011.04.05 06:48:48.918,0.92266,0.92281,1.50,3.60
2011.04.05 06:48:49.040,0.92265,0.92281,1.50,2.85
2011.04.05 06:48:49.268,0.92265,0.9228,1.50,2.25
2011.04.05 06:48:49.609,0.92265,0.92277,1.50,2.10
2011.04.05 06:48:50.002,0.92267,0.9228,1.50,1.50
2011.04.05 06:48:50.118,0.92269,0.92284,1.50,2.10
2011.04.05 06:48:50.239,0.92269,0.92284,2.25,1.50
2011.04.05 06:48:50.796,0.92271,0.92285,1.50,1.50
2011.04.05 06:48:51.678,0.9227,0.92286,1.50,2.10
2011.04.05 06:48:52.006,0.92269,0.92286,1.50,2.10
2011.04.05 06:48:53.548,0.92269,0.9228,1.50,2.10
2011.04.05 06:48:53.986,0.92268,0.92284,3.00,3.60
2011.04.05 06:48:54.535,0.92272,0.92288,1.50,6.60
2011.04.05 06:48:55.197,0.92272,0.92287,1.50,1.50
2011.04.05 06:48:55.745,0.92271,0.92287,2.25,1.50
2011.04.05 06:48:56.300,0.92273,0.92287,1.50,1.50
2011.04.05 06:48:56.857,0.92273,0.92288,1.50,4.73
2011.04.05 06:48:57.408,0.92273,0.92287,1.50,1.50
2011.04.05 06:48:58.299,0.92272,0.92287,1.50,1.50
2011.04.05 06:49:01.277,0.92274,0.92286,1.50,1.50
2011.04.05 06:49:01.495,0.92271,0.92286,2.25,1.50
2011.04.05 06:49:01.830,0.92273,0.92288,1.50,1.50
2011.04.05 06:49:02.058,0.92272,0.92287,3.00,1.50
2011.04.05 06:49:02.289,0.92274,0.92287,1.50,1.50
2011.04.05 06:49:02.847,0.92272,0.92286,1.50,2.85
2011.04.05 06:49:04.366,0.92273,0.92288,1.50,2.85
2011.04.05 06:49:04.915,0.92273,0.92288,1.50,2.85
2011.04.05 06:49:05.915,0.92273,0.92286,1.50,1.50
2011.04.05 06:49:06.139,0.92273,0.92283,1.50,3.00
2011.04.05 06:49:06.366,0.92271,0.92285,3.00,1.50
2011.04.05 06:49:06.919,0.92271,0.92287,3.00,2.25
2011.04.05 06:49:09.256,0.92271,0.92286,3.00,1.35
2011.04.05 06:49:09.835,0.92271,0.92286,2.25,1.35
2011.04.05 06:49:10.651,0.92272,0.92285,1.50,2.10
2011.04.05 06:49:15.257,0.92271,0.92286,2.25,1.50
2011.04.05 06:49:15.809,0.92271,0.92287,2.25,2.10
2011.04.05 06:49:15.932,0.92271,0.92285,1.50,1.50
2011.04.05 06:49:16.597,0.92271,0.92284,1.50,1.50
2011.04.05 06:49:16.708,0.9227,0.92282,1.50,1.35
2011.04.05 06:49:17.059,0.92268,0.92282,2.25,3.38
2011.04.05 06:49:17.289,0.92268,0.9228,1.50,1.50
2011.04.05 06:49:18.727,0.92268,0.92281,1.50,1.50
2011.04.05 06:49:19.057,0.92266,0.92279,1.50,1.50
2011.04.05 06:49:20.376,0.92266,0.92278,1.50,1.50
2011.04.05 06:49:20.926,0.92266,0.92278,1.50,1.50
2011.04.05 06:49:23.057,0.92266,0.92281,1.50,1.50
2011.04.05 06:49:23.166,0.92266,0.92282,1.50,2.25
2011.04.05 06:49:23.280,0.92266,0.92282,1.50,2.63
2011.04.05 06:49:23.836,0.92263,0.9228,2.25,1.50
2011.04.05 06:49:26.241,0.92262,0.9228,2.25,1.50
2011.04.05 06:49:26.686,0.92264,0.9228,1.50,1.50
2011.04.05 06:49:27.366,0.92264,0.9228,1.50,1.50
2011.04.05 06:49:29.338,0.92262,0.9228,1.50,1.50
2011.04.05 06:49:32.546,0.92263,0.92281,3.00,2.10
2011.04.05 06:49:33.868,0.92263,0.9228,1.50,2.25
2011.04.05 06:49:33.988,0.92262,0.92279,1.50,1.50
2011.04.05 06:49:43.226,0.92262,0.92278,1.50,1.50
2011.04.05 06:49:46.278,0.92262,0.92279,2.25,1.50
2011.04.05 06:49:46.773,0.92264,0.92279,1.50,1.50
2011.04.05 06:49:49.421,0.92262,0.92279,1.50,1.50
2011.04.05 06:49:49.866,0.92262,0.92279,1.50,1.50
2011.04.05 06:49:55.995,0.92264,0.92279,1.50,1.50
2011.04.05 06:49:56.328,0.92265,0.92281,1.50,2.48
2011.04.05 06:49:56.890,0.92266,0.92282,1.50,2.10
2011.04.05 06:49:57.008,0.92269,0.92282,1.50,2.10
2011.04.05 06:49:57.120,0.9227,0.92285,1.50,2.10
2011.04.05 06:49:57.347,0.9227,0.92287,1.50,2.25
2011.04.05 06:49:58.226,0.92272,0.92288,1.50,2.10
2011.04.05 06:49:58.775,0.92271,0.92288,1.50,2.10
2011.04.05 06:49:59.329,0.92272,0.92288,1.50,2.10
2011.04.05 06:49:59.778,0.92271,0.92287,1.50,1.50
2011.04.05 06:50:00.213,0.92261,0.92267,2.25,1.50
2011.04.05 06:50:00.339,0.92246,0.92262,1.50,1.50
2011.04.05 06:50:00.788,0.92245,0.92262,1.50,2.10
2011.04.05 06:50:01.118,0.92247,0.92264,1.50,3.75
2011.04.05 06:50:01.667,0.92249,0.92265,1.50,2.85
2011.04.05 06:50:02.217,0.92248,0.92265,1.50,5.85
2011.04.05 06:50:02.696,0.92248,0.92265,1.50,5.85
2011.04.05 06:50:03.246,0.92248,0.92265,1.50,5.10
2011.04.05 06:50:05.335,0.92247,0.92265,2.25,5.10
2011.04.05 06:50:05.669,0.92247,0.92265,2.25,2.85
2011.04.05 06:50:05.896,0.92247,0.92263,2.25,3.60
2011.04.05 06:50:06.007,0.92247,0.92261,2.25,1.35
2011.04.05 06:50:06.554,0.92246,0.92264,2.25,2.10
2011.04.05 06:50:08.339,0.92246,0.92264,3.75,2.10
2011.04.05 06:50:08.676,0.92247,0.92263,1.50,1.50
2011.04.05 06:50:09.445,0.92248,0.92264,1.50,2.10
2011.04.05 06:50:12.587,0.92247,0.92263,2.25,3.60
2011.04.05 06:50:15.926,0.92247,0.92263,1.50,1.50
2011.04.05 06:50:16.378,0.92247,0.92263,1.50,1.50
2011.04.05 06:50:17.054,0.92247,0.92263,1.50,1.50
2011.04.05 06:50:19.348,0.92247,0.92263,1.50,1.50
2011.04.05 06:50:19.897,0.92247,0.92263,1.50,1.50
2011.04.05 06:50:21.446,0.92245,0.92261,3.00,1.35
2011.04.05 06:50:28.605,0.92245,0.92261,2.25,1.35
2011.04.05 06:50:35.189,0.92244,0.92262,1.50,2.85
2011.04.05 06:50:35.636,0.92244,0.92262,1.50,2.85
2011.04.05 06:50:36.236,0.92245,0.92262,1.50,2.93
2011.04.05 06:50:36.786,0.92244,0.92262,1.50,3.53
2011.04.05 06:50:39.566,0.92243,0.92261,2.25,1.99
2011.04.05 06:50:41.628,0.92243,0.92256,1.50,1.50
2011.04.05 06:50:46.657,0.92241,0.92256,1.50,1.50
2011.04.05 06:50:47.208,0.92238,0.92256,3.00,2.10
2011.04.05 06:50:49.357,0.92238,0.92256,3.00,2.10
2011.04.05 06:50:49.905,0.92239,0.92256,1.50,2.10
2011.04.05 06:50:51.629,0.92241,0.92256,1.50,2.10
2011.04.05 06:50:52.188,0.92238,0.92256,2.25,2.10
2011.04.05 06:50:52.416,0.92239,0.92256,1.50,2.10
2011.04.05 06:50:52.859,0.92239,0.92256,1.50,2.10
2011.04.05 06:50:54.428,0.9224,0.92256,1.50,2.10
2011.04.05 06:50:54.658,0.92241,0.92256,1.50,2.10
2011.04.05 06:50:55.216,0.9224,0.92256,2.25,1.35
2011.04.05 06:50:57.135,0.9224,0.92253,2.25,2.10
2011.04.05 06:51:02.047,0.92243,0.92253,1.50,2.10
2011.04.05 06:51:02.159,0.92243,0.92257,1.50,1.35
2011.04.05 06:51:02.607,0.92242,0.92258,1.50,1.95
2011.04.05 06:51:05.136,0.92242,0.92258,2.25,1.20
2011.04.05 06:51:05.838,0.92242,0.92259,1.50,1.50
2011.04.05 06:51:06.167,0.92242,0.92259,1.50,3.00
2011.04.05 06:51:06.857,0.92242,0.92259,1.50,3.00
2011.04.05 06:51:08.178,0.92242,0.92257,1.50,1.50
2011.04.05 06:51:08.736,0.92242,0.92258,1.50,2.10
2011.04.05 06:51:08.848,0.92242,0.92255,1.50,2.85
2011.04.05 06:51:08.967,0.92242,0.92256,1.50,1.35
2011.04.05 06:51:09.077,0.92243,0.92256,1.50,1.35
2011.04.05 06:51:09.296,0.92243,0.92259,1.50,3.00
2011.04.05 06:51:10.669,0.92243,0.92259,1.50,1.50
2011.04.05 06:51:11.116,0.92243,0.92259,1.50,3.00
2011.04.05 06:51:12.897,0.92241,0.92258,1.50,1.50
2011.04.05 06:51:13.445,0.92241,0.92258,1.50,1.50
2011.04.05 06:51:16.076,0.92241,0.92257,1.50,1.50
2011.04.05 06:51:16.297,0.92241,0.92257,1.50,1.50
2011.04.05 06:51:18.690,0.92238,0.92256,2.25,2.25
2011.04.05 06:51:19.027,0.92238,0.92253,1.50,1.35
2011.04.05 06:51:19.579,0.92236,0.92248,1.50,1.50
2011.04.05 06:51:19.698,0.92234,0.92248,1.50,1.50
2011.04.05 06:51:24.676,0.92233,0.92248,1.50,2.25
2011.04.05 06:51:25.007,0.92233,0.92248,1.50,1.50
2011.04.05 06:51:25.228,0.92233,0.92248,1.50,1.50
2011.04.05 06:51:25.777,0.92233,0.92248,1.50,1.50
2011.04.05 06:51:28.348,0.92232,0.92248,1.50,1.50
2011.04.05 06:51:29.137,0.92233,0.9225,2.25,2.85
2011.04.05 06:51:29.685,0.92233,0.9225,1.50,1.50
2011.04.05 06:51:31.027,0.92233,0.92251,2.25,1.50
2011.04.05 06:51:31.245,0.92234,0.92251,1.50,1.50
2011.04.05 06:51:31.906,0.92236,0.92251,1.50,1.50
2011.04.05 06:51:32.017,0.92236,0.92251,1.50,1.69
2011.04.05 06:51:32.565,0.92235,0.92251,1.50,1.88
2011.04.05 06:51:35.537,0.92236,0.92251,1.50,1.69
2011.04.05 06:51:38.636,0.92233,0.9225,2.25,1.50
2011.04.05 06:51:38.968,0.92231,0.92248,3.00,2.10
2011.04.05 06:51:39.525,0.92232,0.92248,1.50,2.10
2011.04.05 06:51:41.297,0.9223,0.92247,2.25,1.50
2011.04.05 06:51:41.626,0.9223,0.92247,1.50,1.50
2011.04.05 06:51:42.177,0.9223,0.92247,1.50,1.50
2011.04.05 06:51:42.507,0.92232,0.92247,3.75,1.50
2011.04.05 06:51:45.847,0.92232,0.92248,3.00,1.50
2011.04.05 06:51:46.286,0.92232,0.92247,3.00,1.50
2011.04.05 06:51:46.617,0.92231,0.92247,3.00,1.50
2011.04.05 06:51:46.838,0.9223,0.92246,2.25,2.85
2011.04.05 06:51:47.396,0.9223,0.92247,2.25,1.50
2011.04.05 06:51:51.657,0.92231,0.92247,1.50,1.50
2011.04.05 06:51:57.386,0.92231,0.92247,1.50,2.85
2011.04.05 06:51:58.118,0.92231,0.92247,1.50,2.10
2011.04.05 06:52:00.307,0.92231,0.92247,1.50,2.85
2011.04.05 06:52:04.507,0.92232,0.92248,1.50,2.25
2011.04.05 06:52:04.836,0.92232,0.92248,1.50,1.50
2011.04.05 06:52:05.606,0.92232,0.92248,2.25,1.50
2011.04.05 06:52:21.490,0.92234,0.92249,1.50,2.25
2011.04.05 06:52:22.047,0.92232,0.92248,2.25,1.50
2011.04.05 06:52:25.705,0.92232,0.92247,1.50,1.50
2011.04.05 06:52:50.027,0.92232,0.92248,1.50,1.50
2011.04.05 06:52:50.248,0.92231,0.92248,2.25,1.50
2011.04.05 06:52:57.256,0.92232,0.92249,1.50,2.25
2011.04.05 06:52:58.408,0.92231,0.92248,1.50,1.50
2011.04.05 06:53:01.106,0.92232,0.92247,1.50,1.50
2011.04.05 06:53:01.326,0.92231,0.92246,2.25,1.50
2011.04.05 06:53:04.126,0.92232,0.92248,1.50,1.50
2011.04.05 06:53:04.345,0.92231,0.92247,1.50,1.50
2011.04.05 06:53:04.786,0.92231,0.92247,2.25,1.50
2011.04.05 06:53:05.556,0.92231,0.92247,1.50,1.50
2011.04.05 06:53:13.486,0.92232,0.92248,1.50,2.25
2011.04.05 06:53:14.039,0.92233,0.9225,1.50,3.45
2011.04.05 06:53:17.217,0.92233,0.9225,1.50,1.95
2011.04.05 06:53:17.437,0.92233,0.9225,1.50,3.00
2011.04.05 06:53:22.865,0.92233,0.9225,1.50,2.63
2011.04.05 06:53:23.198,0.92233,0.9225,1.50,1.88
2011.04.05 06:53:23.651,0.92238,0.92252,1.50,1.50
2011.04.05 06:53:23.772,0.9224,0.92254,1.50,1.50
2011.04.05 06:53:23.999,0.9224,0.92257,1.50,2.13
2011.04.05 06:53:24.232,0.92241,0.92257,1.50,1.38
2011.04.05 06:53:24.348,0.92241,0.92256,1.50,1.07
2011.04.05 06:53:24.896,0.92243,0.92257,1.50,2.13
2011.04.05 06:53:25.816,0.92243,0.92258,1.50,3.63
2011.04.05 06:53:26.147,0.92244,0.92258,1.50,1.50
2011.04.05 06:53:27.468,0.92245,0.92259,1.50,1.35
2011.04.05 06:53:28.339,0.92245,0.92259,1.50,1.35
2011.04.05 06:53:28.689,0.92245,0.9226,1.50,3.60
2011.04.05 06:53:29.246,0.92244,0.92259,1.50,1.35
2011.04.05 06:53:29.796,0.92244,0.9226,1.50,3.60
2011.04.05 06:53:30.311,0.92244,0.92259,1.50,1.35
2011.04.05 06:53:30.971,0.92244,0.9226,1.50,3.60
2011.04.05 06:53:31.307,0.92244,0.92259,1.50,2.10
2011.04.05 06:53:31.638,0.9224,0.92255,1.50,2.10
2011.04.05 06:53:32.407,0.9224,0.92255,1.50,2.10
2011.04.05 06:53:32.956,0.9224,0.92255,1.50,2.10
2011.04.05 06:53:40.541,0.9224,0.92255,1.50,2.10
2011.04.05 06:53:40.879,0.9224,0.92255,1.50,2.10
2011.04.05 06:53:44.010,0.9224,0.92257,1.50,1.50
2011.04.05 06:53:44.456,0.9224,0.92257,1.50,1.50
2011.04.05 06:53:45.005,0.9224,0.92258,1.50,3.60
2011.04.05 06:53:45.557,0.9224,0.92258,1.50,2.85
2011.04.05 06:53:46.198,0.9224,0.92258,1.50,3.60
2011.04.05 06:53:49.426,0.9224,0.92257,1.50,1.50
2011.04.05 06:53:49.866,0.9224,0.92257,1.50,2.25
2011.04.05 06:53:53.358,0.9224,0.92257,1.50,3.75
2011.04.05 06:53:53.688,0.92238,0.92255,1.50,2.25
2011.04.05 06:53:54.237,0.92238,0.92255,1.50,3.00
2011.04.05 06:53:56.515,0.92238,0.92255,1.50,3.00
2011.04.05 06:53:59.420,0.92238,0.92255,1.50,3.00
2011.04.05 06:53:59.967,0.92238,0.92255,1.50,3.00
2011.04.05 06:54:00.517,0.92238,0.92255,1.50,1.50
2011.04.05 06:54:01.066,0.92238,0.92255,1.50,2.25
2011.04.05 06:54:01.396,0.92238,0.92255,1.50,2.25
2011.04.05 06:54:01.968,0.92238,0.92255,1.50,2.25
2011.04.05 06:54:02.516,0.92238,0.92255,1.50,2.33
2011.04.05 06:54:02.737,0.92238,0.92255,1.50,2.33
2011.04.05 06:54:03.656,0.92238,0.92255,1.50,2.33
2011.04.05 06:54:03.880,0.92238,0.92257,1.50,2.33
2011.04.05 06:54:03.999,0.92238,0.92257,1.50,2.25
2011.04.05 06:54:04.447,0.92241,0.92258,1.50,1.35
2011.04.05 06:54:10.198,0.92241,0.92258,1.88,1.50
2011.04.05 06:54:10.429,0.92245,0.9226,1.50,3.19
2011.04.05 06:54:10.549,0.92243,0.9226,3.00,3.57
2011.04.05 06:54:10.889,0.92247,0.9226,1.50,1.32
2011.04.05 06:54:11.120,0.92249,0.92261,1.50,1.80
2011.04.05 06:54:11.551,0.9225,0.92262,1.50,1.43
2011.04.05 06:54:11.903,0.92252,0.92266,1.60,2.10
2011.04.05 06:54:12.241,0.92254,0.92268,1.60,1.32
2011.04.05 06:54:12.795,0.92254,0.9227,1.50,1.58
2011.04.05 06:54:15.900,0.92254,0.92272,1.50,3.68
2011.04.05 06:54:17.776,0.92254,0.92272,2.25,3.68
2011.04.05 06:54:18.436,0.92254,0.92271,2.25,1.58
2011.04.05 06:54:20.280,0.92255,0.92272,1.50,2.18
2011.04.05 06:54:20.399,0.92256,0.92272,1.50,2.18
2011.04.05 06:54:21.509,0.92256,0.92272,2.25,1.35
2011.04.05 06:54:22.069,0.92258,0.92272,1.50,1.35
2011.04.05 06:54:22.407,0.92257,0.92272,1.50,1.35
2011.04.05 06:54:22.955,0.92256,0.92272,3.00,1.35
2011.04.05 06:54:23.527,0.92257,0.92274,1.50,2.25
2011.04.05 06:54:24.076,0.92257,0.92274,1.50,2.25
2011.04.05 06:54:24.627,0.92257,0.92274,1.50,2.25
2011.04.05 06:54:25.509,0.92258,0.92274,1.50,2.25
2011.04.05 06:54:25.631,0.92259,0.92274,1.50,1.50
2011.04.05 06:54:26.143,0.92259,0.92274,1.50,1.50
2011.04.05 06:54:26.702,0.92259,0.92274,1.50,1.50
2011.04.05 06:54:27.260,0.9226,0.92271,1.50,1.50
2011.04.05 06:54:29.057,0.9226,0.92271,1.50,1.50
2011.04.05 06:54:30.726,0.9226,0.92271,1.50,1.50
2011.04.05 06:54:31.166,0.9226,0.92271,1.50,1.50
2011.04.05 06:54:31.388,0.92256,0.92269,2.25,1.02
2011.04.05 06:54:31.836,0.92253,0.92269,2.25,1.02
2011.04.05 06:54:33.295,0.92255,0.92272,3.00,1.50
2011.04.05 06:54:37.837,0.92255,0.92272,3.00,1.50
2011.04.05 06:54:39.048,0.92255,0.92272,3.00,1.50
2011.04.05 06:54:39.596,0.92255,0.92272,3.00,1.50
2011.04.05 06:54:40.696,0.92255,0.92272,3.00,1.50
2011.04.05 06:54:41.029,0.92264,0.92272,6.83,1.50
2011.04.05 06:54:41.151,0.92272,0.92281,2.25,2.25
2011.04.05 06:54:41.273,0.9228,0.92285,5.33,2.25
2011.04.05 06:54:41.391,0.92274,0.92284,1.50,2.63
2011.04.05 06:54:41.666,0.92271,0.92284,1.50,2.63
2011.04.05 06:54:41.788,0.92268,0.92278,1.50,1.50
2011.04.05 06:54:41.901,0.92268,0.92278,1.50,2.25
2011.04.05 06:54:42.020,0.92266,0.92278,1.50,1.50
2011.04.05 06:54:42.138,0.92264,0.92279,1.50,1.58
2011.04.05 06:54:42.698,0.92263,0.92277,1.50,1.69
2011.04.05 06:54:43.246,0.92264,0.92277,1.50,1.69
2011.04.05 06:54:43.799,0.92264,0.92277,1.50,1.69
2011.04.05 06:54:44.356,0.92263,0.92277,1.50,1.50
2011.04.05 06:54:44.908,0.92263,0.92277,1.50,1.50
2011.04.05 06:54:45.348,0.92263,0.92277,1.50,1.50
2011.04.05 06:54:45.789,0.92263,0.92277,1.50,1.50
2011.04.05 06:54:46.346,0.92263,0.92277,1.50,1.69
2011.04.05 06:54:48.257,0.92263,0.92277,1.50,1.50
2011.04.05 06:54:48.806,0.92263,0.92277,1.50,1.69
2011.04.05 06:54:49.356,0.92263,0.92277,1.50,1.50
2011.04.05 06:54:49.906,0.92263,0.92277,1.50,1.69
2011.04.05 06:54:50.347,0.92263,0.92277,1.50,1.50
2011.04.05 06:54:51.874,0.92263,0.92274,1.50,1.50
2011.04.05 06:54:52.099,0.92258,0.92272,1.50,1.58
2011.04.05 06:54:52.330,0.92256,0.92269,1.50,1.43
2011.04.05 06:54:52.996,0.92256,0.92269,2.25,1.02
2011.04.05 06:55:02.008,0.92257,0.92274,2.25,3.60
2011.04.05 06:55:15.717,0.92256,0.92273,2.25,1.50
2011.04.05 06:55:16.266,0.92256,0.92273,2.25,1.50
2011.04.05 06:55:16.797,0.92256,0.92273,2.25,1.50
2011.04.05 06:55:18.466,0.92256,0.92273,2.25,1.50
2011.04.05 06:55:19.016,0.92256,0.92273,3.00,1.50
2011.04.05 06:55:19.566,0.92256,0.92273,2.25,1.50
2011.04.05 06:55:20.056,0.92256,0.92269,1.50,1.50
2011.04.05 06:55:30.727,0.92254,0.92268,1.50,1.50
2011.04.05 06:55:31.276,0.92254,0.92268,1.50,1.50
2011.04.05 06:55:36.249,0.92255,0.92268,1.50,2.25
2011.04.05 06:55:36.807,0.92255,0.92268,1.50,1.50
2011.04.05 06:55:37.356,0.92255,0.92268,1.50,1.50
2011.04.05 06:55:40.096,0.92255,0.92268,1.50,1.50
2011.04.05 06:55:42.386,0.92254,0.92268,1.50,1.50
2011.04.05 06:55:49.248,0.92255,0.92268,1.50,1.50
2011.04.05 06:55:51.238,0.92256,0.9227,1.50,1.50
2011.04.05 06:55:51.689,0.92255,0.92271,4.50,1.50
2011.04.05 06:55:52.247,0.92257,0.92271,2.25,1.50
2011.04.05 06:56:07.856,0.92257,0.92272,2.25,2.25
2011.04.05 06:56:08.407,0.92257,0.92271,1.35,1.50
2011.04.05 06:56:10.086,0.92255,0.92271,3.38,1.50
2011.04.05 06:56:10.636,0.92256,0.92271,1.50,1.50
2011.04.05 06:56:11.186,0.92255,0.92271,4.13,1.50
2011.04.05 06:56:11.737,0.92256,0.92271,3.00,1.50
2011.04.05 06:56:12.287,0.92256,0.92271,2.25,1.50
2011.04.05 06:56:12.947,0.92256,0.92271,3.00,1.50
2011.04.05 06:56:20.587,0.92256,0.92272,3.00,2.25
2011.04.05 06:56:21.028,0.92257,0.92272,2.10,2.25
2011.04.05 06:56:24.734,0.92256,0.9227,3.00,2.25
2011.04.05 06:56:26.237,0.9226,0.9227,1.50,2.25
2011.04.05 06:56:32.298,0.9226,0.92269,1.50,1.50
2011.04.05 06:56:32.857,0.9226,0.92269,1.50,1.50
2011.04.05 06:56:33.408,0.9226,0.92269,1.50,1.50
2011.04.05 06:56:34.202,0.92259,0.92269,1.50,1.50
2011.04.05 06:56:37.541,0.92259,0.92269,1.50,1.50
2011.04.05 06:56:49.006,0.92259,0.92272,1.50,2.25
2011.04.05 06:57:06.557,0.92259,0.92273,1.50,1.50
2011.04.05 06:57:07.109,0.9226,0.92275,3.00,1.50
2011.04.05 06:57:07.666,0.92261,0.92274,1.50,1.50
2011.04.05 06:57:09.247,0.92263,0.92275,1.50,1.50
2011.04.05 06:57:11.557,0.92264,0.92275,1.50,1.50
2011.04.05 06:57:12.156,0.92264,0.92276,1.50,1.50
2011.04.05 06:57:12.820,0.92264,0.92276,1.50,1.50
2011.04.05 06:57:13.266,0.92264,0.92276,1.50,1.50
2011.04.05 06:57:18.047,0.92264,0.92274,1.50,1.50
2011.04.05 06:57:20.227,0.92263,0.92273,1.50,1.50
2011.04.05 06:57:30.238,0.92263,0.92273,1.50,1.50
2011.04.05 06:57:44.588,0.92264,0.92273,1.50,1.50
2011.04.05 06:57:45.138,0.92264,0.92272,1.50,2.25
2011.04.05 06:57:47.178,0.92264,0.92274,1.50,1.50
2011.04.05 06:57:47.507,0.92264,0.92274,1.50,1.50
2011.04.05 06:57:56.506,0.92264,0.92273,1.50,1.50
2011.04.05 06:58:08.420,0.92264,0.92275,1.50,2.25
2011.04.05 06:58:08.870,0.92264,0.92278,1.50,1.50
2011.04.05 06:58:13.867,0.92264,0.92277,1.50,1.50
2011.04.05 06:58:15.317,0.92263,0.92277,2.25,2.25
2011.04.05 06:58:18.057,0.92263,0.92277,2.25,1.50
2011.04.05 06:58:26.196,0.92263,0.92276,1.50,1.50
2011.04.05 06:58:26.916,0.92263,0.92276,1.50,1.50
2011.04.05 06:58:27.359,0.92263,0.92276,1.50,1.50
2011.04.05 06:58:27.939,0.92263,0.92276,1.50,3.00
2011.04.05 06:58:28.486,0.92263,0.92275,1.50,2.25
2011.04.05 06:58:30.382,0.92263,0.92273,1.50,2.10
2011.04.05 06:58:30.723,0.92256,0.92269,1.50,1.69
2011.04.05 06:58:31.279,0.92256,0.92269,1.50,1.50
2011.04.05 06:58:32.047,0.92256,0.92269,1.50,2.25
2011.04.05 06:58:32.378,0.92256,0.92265,1.50,1.50
2011.04.05 06:58:32.928,0.92256,0.92264,1.50,2.25
2011.04.05 06:58:35.820,0.9225,0.92264,2.85,3.75
2011.04.05 06:58:35.943,0.92252,0.92262,1.50,2.25
2011.04.05 06:58:36.498,0.92251,0.92261,1.50,2.25
2011.04.05 06:58:37.052,0.92251,0.92259,1.50,1.50
2011.04.05 06:58:38.492,0.92247,0.92259,1.50,2.25
2011.04.05 06:58:38.973,0.92247,0.92257,1.50,2.25
2011.04.05 06:58:39.538,0.92248,0.92256,1.50,2.25
2011.04.05 06:58:40.092,0.92246,0.92254,1.50,2.25
2011.04.05 06:58:41.330,0.92243,0.92252,1.50,1.50
2011.04.05 06:58:41.452,0.9224,0.92252,1.50,1.50
2011.04.05 06:58:42.117,0.9224,0.92252,1.50,1.50
2011.04.05 06:58:42.728,0.9224,0.92252,1.50,1.50
2011.04.05 06:58:43.278,0.9224,0.92253,1.50,1.50
2011.04.05 06:58:44.487,0.9224,0.92252,1.50,1.50
2011.04.05 06:58:45.058,0.9224,0.92252,1.50,1.50
2011.04.05 06:58:45.716,0.9224,0.92252,1.50,1.50
2011.04.05 06:58:46.266,0.9224,0.92252,1.50,1.50
2011.04.05 06:58:46.707,0.9224,0.92252,1.50,1.50
2011.04.05 06:58:47.298,0.9224,0.92252,1.50,1.50
2011.04.05 06:58:47.958,0.9224,0.92252,1.50,1.50
2011.04.05 06:58:48.889,0.9224,0.92252,1.50,1.50
2011.04.05 06:58:49.110,0.92237,0.92251,1.50,1.50
2011.04.05 06:58:49.672,0.92237,0.92249,1.50,1.50
2011.04.05 06:58:50.228,0.92238,0.92248,1.50,2.25
2011.04.05 06:58:50.446,0.92238,0.92248,1.50,2.25
2011.04.05 06:58:51.077,0.92238,0.92247,1.50,2.25
2011.04.05 06:58:51.627,0.92238,0.92247,1.50,2.25
2011.04.05 06:58:52.178,0.92238,0.92247,1.50,2.25
2011.04.05 06:58:52.510,0.92236,0.92245,1.50,1.50
2011.04.05 06:58:52.633,0.92236,0.92243,1.50,1.50
2011.04.05 06:58:52.750,0.92234,0.92243,1.50,2.25
2011.04.05 06:58:53.309,0.92233,0.92242,1.50,1.50
2011.04.05 06:58:55.359,0.92232,0.92242,1.50,1.50
2011.04.05 06:58:55.906,0.9223,0.92243,1.50,3.00
2011.04.05 06:58:56.570,0.9223,0.92242,1.50,1.50
2011.04.05 06:58:57.126,0.9223,0.92242,1.50,1.50
2011.04.05 06:58:59.078,0.9223,0.92242,1.50,2.25
2011.04.05 06:59:05.238,0.9223,0.9224,1.50,3.00
2011.04.05 06:59:09.662,0.92229,0.92238,1.50,1.50
2011.04.05 06:59:10.000,0.92228,0.92236,1.50,1.50
2011.04.05 06:59:10.229,0.92227,0.92236,1.50,1.50
2011.04.05 06:59:15.360,0.92225,0.92233,1.50,1.50
2011.04.05 06:59:15.480,0.92219,0.92233,1.50,2.25
2011.04.05 06:59:15.601,0.92219,0.92232,1.50,1.50
2011.04.05 06:59:15.719,0.92221,0.92233,1.50,1.50
2011.04.05 06:59:15.841,0.92223,0.92233,1.50,1.50
2011.04.05 06:59:16.067,0.92221,0.92232,1.50,1.50
2011.04.05 06:59:16.618,0.92221,0.92233,1.50,1.50
2011.04.05 06:59:17.782,0.92221,0.92233,1.50,1.50
2011.04.05 06:59:17.908,0.92225,0.92235,1.50,2.25
2011.04.05 06:59:18.252,0.92222,0.92237,1.50,2.25
2011.04.05 06:59:18.369,0.92225,0.92237,1.50,1.50
2011.04.05 06:59:18.928,0.92218,0.92235,2.25,1.50
2011.04.05 06:59:19.259,0.92219,0.92233,1.50,1.50
2011.04.05 06:59:19.707,0.92216,0.92232,1.50,2.25
2011.04.05 06:59:19.817,0.9222,0.92232,1.50,2.25
2011.04.05 06:59:20.148,0.9222,0.92232,1.50,1.50
2011.04.05 06:59:20.259,0.9222,0.92233,1.50,1.50
2011.04.05 06:59:23.027,0.92221,0.92232,1.50,1.50
2011.04.05 06:59:23.140,0.92221,0.92229,1.50,1.50
2011.04.05 06:59:23.460,0.92214,0.92229,2.25,1.50
2011.04.05 06:59:24.017,0.92213,0.9223,2.25,1.50
2011.04.05 06:59:24.598,0.92214,0.9223,1.50,1.50
2011.04.05 06:59:26.579,0.92213,0.9223,2.25,2.25
2011.04.05 06:59:26.910,0.9221,0.92226,2.10,1.50
2011.04.05 06:59:27.032,0.92209,0.92223,1.50,1.50
2011.04.05 06:59:27.150,0.92208,0.92223,1.50,2.25
2011.04.05 06:59:27.269,0.92205,0.9222,3.60,1.50
2011.04.05 06:59:27.826,0.92205,0.9222,1.50,1.50
2011.04.05 06:59:31.310,0.92205,0.92221,1.50,1.50
2011.04.05 06:59:32.506,0.92204,0.9222,1.35,2.25
2011.04.05 06:59:32.839,0.92201,0.92214,2.25,1.50
2011.04.05 06:59:32.949,0.92199,0.92214,1.50,2.25
2011.04.05 06:59:33.059,0.92198,0.92212,1.50,1.50
2011.04.05 06:59:33.399,0.92195,0.92211,1.50,1.50
2011.04.05 06:59:33.946,0.92194,0.9221,1.50,3.00
2011.04.05 06:59:34.718,0.92193,0.92208,1.62,1.50
2011.04.05 06:59:35.047,0.92193,0.92209,1.62,1.50
2011.04.05 06:59:35.266,0.92193,0.92209,1.62,1.50
2011.04.05 06:59:35.597,0.92192,0.92208,2.37,1.50
2011.04.05 06:59:36.146,0.92193,0.92208,1.62,1.50
2011.04.05 06:59:36.716,0.92193,0.92209,1.50,2.25
2011.04.05 06:59:36.841,0.92191,0.92206,1.50,1.50
2011.04.05 06:59:37.069,0.9219,0.92206,3.00,1.50
2011.04.05 06:59:37.301,0.92189,0.92205,1.50,1.50
2011.04.05 06:59:37.532,0.92186,0.92204,2.10,1.50
2011.04.05 06:59:37.978,0.92186,0.92202,1.35,1.50
2011.04.05 06:59:38.999,0.92186,0.92202,1.35,2.25
2011.04.05 06:59:39.220,0.92183,0.92202,1.90,2.25
2011.04.05 06:59:40.318,0.92184,0.92201,3.00,1.50
2011.04.05 06:59:40.869,0.92184,0.92201,2.25,1.50
2011.04.05 06:59:41.528,0.92186,0.92203,1.50,3.00
2011.04.05 06:59:43.827,0.92186,0.92203,1.50,3.00
2011.04.05 06:59:44.492,0.92186,0.92203,1.50,4.50
2011.04.05 06:59:45.048,0.92183,0.92202,1.90,1.88
2011.04.05 06:59:45.877,0.92183,0.92202,1.90,2.25
2011.04.05 06:59:46.319,0.92183,0.92202,1.90,3.00
2011.04.05 06:59:46.539,0.92183,0.92199,1.13,1.50
2011.04.05 06:59:47.090,0.92183,0.92199,1.13,1.50
2011.04.05 06:59:47.309,0.92183,0.92199,1.13,1.50
2011.04.05 06:59:47.862,0.92182,0.92198,1.13,1.50
2011.04.05 06:59:47.984,0.92181,0.92197,1.50,1.65
2011.04.05 06:59:48.370,0.92179,0.92193,2.25,2.25
2011.04.05 06:59:48.487,0.92173,0.92193,1.50,3.00
2011.04.05 06:59:48.710,0.92174,0.92189,1.50,1.50
2011.04.05 06:59:49.259,0.92172,0.92189,2.25,1.50
2011.04.05 06:59:49.700,0.92174,0.92189,1.88,1.50
2011.04.05 06:59:50.043,0.92175,0.92193,1.50,1.50
2011.04.05 06:59:50.598,0.92175,0.92193,1.50,1.50
2011.04.05 06:59:51.989,0.92175,0.92191,1.50,2.25
2011.04.05 06:59:52.099,0.92175,0.92191,1.50,2.25
2011.04.05 06:59:52.759,0.92175,0.9219,1.50,2.25
2011.04.05 06:59:54.580,0.92175,0.9219,1.50,1.50
2011.04.05 06:59:55.529,0.92175,0.9219,1.50,1.50
2011.04.05 06:59:56.519,0.92175,0.92191,1.50,2.25
2011.04.05 06:59:56.851,0.92176,0.92193,1.50,2.85
2011.04.05 06:59:57.408,0.92179,0.92193,1.50,2.10
2011.04.05 06:59:57.630,0.92177,0.92189,1.50,2.85
2011.04.05 06:59:57.970,0.92179,0.92192,1.50,2.10
2011.04.05 06:59:58.311,0.92181,0.92192,1.50,2.10
2011.04.05 06:59:58.429,0.92181,0.92192,1.50,2.10
