2017.02.22 18:00:00.369,1.0117,1.01179,1.00,2.06
2017.02.22 18:00:00.875,1.01171,1.01181,1.50,3.00
2017.02.22 18:00:01.106,1.01172,1.01182,1.37,2.44
2017.02.22 18:00:01.414,1.01169,1.01177,1.87,1.12
2017.02.22 18:00:01.466,1.01169,1.01176,1.00,1.00
2017.02.22 18:00:01.616,1.01169,1.01178,1.50,1.37
2017.02.22 18:00:01.668,1.0117,1.01181,1.87,1.31
2017.02.22 18:00:01.769,1.0117,1.01181,1.12,4.69
2017.02.22 18:00:02.277,1.01171,1.01182,1.12,3.19
2017.02.22 18:00:02.480,1.01171,1.01182,3.37,2.25
2017.02.22 18:00:03.010,1.01172,1.01182,1.00,2.25
2017.02.22 18:00:03.592,1.01172,1.01183,3.75,1.69
2017.02.22 18:00:04.122,1.01173,1.01183,1.87,1.69
2017.02.22 18:00:04.631,1.01172,1.01182,1.00,1.69
2017.02.22 18:00:05.176,1.01171,1.01181,2.25,1.31
2017.02.22 18:00:08.020,1.0117,1.01178,1.00,1.25
2017.02.22 18:00:08.138,1.01167,1.01178,3.75,1.31
2017.02.22 18:00:08.189,1.01167,1.01178,3.00,2.00
2017.02.22 18:00:08.493,1.01169,1.01179,1.00,2.44
2017.02.22 18:00:09.003,1.01168,1.01179,2.62,3.19
2017.02.22 18:00:09.748,1.01169,1.01179,1.00,1.75
2017.02.22 18:00:09.901,1.0117,1.01181,1.87,3.19
2017.02.22 18:00:10.487,1.0117,1.01179,1.12,1.31
2017.02.22 18:00:11.211,1.0117,1.0118,1.12,1.69
2017.02.22 18:00:16.441,1.01173,1.01181,1.00,1.75
2017.02.22 18:00:16.492,1.01173,1.01181,1.00,1.12
2017.02.22 18:00:16.796,1.01171,1.01182,2.62,3.19
2017.02.22 18:00:21.334,1.01171,1.01181,1.50,2.06
2017.02.22 18:00:21.849,1.01172,1.01181,1.00,1.12
2017.02.22 18:00:29.095,1.01171,1.01182,1.12,4.69
2017.02.22 18:00:33.232,1.0117,1.01181,4.12,2.81
2017.02.22 18:00:33.385,1.01169,1.0118,2.62,1.69
2017.02.22 18:00:33.436,1.01169,1.0118,1.50,1.69
2017.02.22 18:00:33.740,1.01168,1.01176,1.12,1.00
2017.02.22 18:00:34.262,1.01167,1.01177,1.00,3.19
2017.02.22 18:00:34.619,1.01165,1.01174,1.87,1.25
2017.02.22 18:00:34.953,1.01164,1.01173,1.00,1.50
2017.02.22 18:00:35.731,1.01164,1.01173,1.12,1.00
2017.02.22 18:00:36.284,1.01164,1.01174,1.87,2.25
2017.02.22 18:00:36.794,1.01164,1.01174,1.87,2.06
2017.02.22 18:00:38.058,1.01164,1.01173,1.50,1.69
2017.02.22 18:00:38.261,1.01162,1.01173,3.37,1.69
2017.02.22 18:00:38.852,1.01162,1.01173,3.00,1.00
2017.02.22 18:00:39.457,1.01162,1.01173,3.00,1.31
2017.02.22 18:00:39.761,1.01163,1.01173,2.25,2.00
2017.02.22 18:00:40.280,1.01163,1.01173,1.00,1.69
2017.02.22 18:00:41.409,1.01162,1.01173,3.37,1.69
2017.02.22 18:00:44.187,1.01162,1.01171,1.50,1.00
2017.02.22 18:00:44.390,1.01161,1.01171,3.00,1.00
2017.02.22 18:00:44.573,1.01163,1.01173,1.00,2.81
2017.02.22 18:00:45.386,1.01163,1.01172,1.00,1.50
2017.02.22 18:00:46.040,1.01162,1.01173,1.87,3.56
2017.02.22 18:00:51.770,1.01163,1.01173,1.50,2.81
2017.02.22 18:00:52.315,1.01162,1.01172,1.00,1.50
2017.02.22 18:00:54.994,1.01163,1.01173,1.00,2.44
2017.02.22 18:00:55.540,1.01162,1.01173,1.50,2.44
2017.02.22 18:00:55.845,1.01164,1.01173,1.00,2.06
2017.02.22 18:00:56.353,1.01163,1.01173,1.87,1.31
2017.02.22 18:00:57.726,1.01164,1.01173,1.87,1.25
2017.02.22 18:00:58.231,1.01164,1.01174,1.50,1.69
2017.02.22 18:00:59.500,1.01166,1.01174,1.00,1.19
2017.02.22 18:00:59.552,1.01168,1.01177,1.00,1.87
2017.02.22 18:00:59.708,1.0117,1.01178,1.50,1.00
2017.02.22 18:01:00.015,1.01171,1.01181,3.37,1.00
2017.02.22 18:01:00.117,1.01171,1.01181,1.00,2.62
2017.02.22 18:01:00.320,1.01169,1.01178,1.00,1.31
2017.02.22 18:01:01.311,1.01171,1.0118,1.00,4.69
2017.02.22 18:01:01.464,1.01173,1.01183,1.50,1.62
2017.02.22 18:01:01.515,1.01174,1.01183,1.00,1.31
2017.02.22 18:01:01.921,1.01172,1.01181,1.50,1.12
2017.02.22 18:01:03.294,1.01172,1.01182,2.62,1.25
2017.02.22 18:01:03.867,1.01171,1.01181,5.25,1.19
2017.02.22 18:01:03.918,1.01171,1.01182,5.25,1.31
2017.02.22 18:01:08.324,1.01173,1.01183,1.00,3.19
2017.02.22 18:01:09.559,1.01174,1.01183,1.00,2.44
2017.02.22 18:01:10.735,1.01174,1.01184,1.87,2.44
2017.02.22 18:01:10.938,1.01177,1.01184,1.00,1.31
2017.02.22 18:01:11.141,1.01178,1.01187,1.00,3.19
2017.02.22 18:01:11.679,1.01177,1.01187,1.12,2.81
2017.02.22 18:01:13.736,1.01176,1.01185,1.87,1.19
2017.02.22 18:01:13.989,1.01175,1.01185,1.00,2.44
2017.02.22 18:01:20.195,1.01174,1.01182,1.12,1.19
2017.02.22 18:01:20.702,1.01172,1.01182,3.00,1.00
2017.02.22 18:01:21.222,1.01173,1.01182,1.12,1.19
2017.02.22 18:01:22.214,1.01172,1.01182,1.00,2.44
2017.02.22 18:01:24.856,1.01171,1.01181,3.00,1.25
2017.02.22 18:01:25.376,1.01171,1.0118,1.50,1.31
2017.02.22 18:01:25.932,1.01171,1.01181,1.50,1.69
2017.02.22 18:01:27.161,1.01172,1.01181,1.50,1.69
2017.02.22 18:01:29.191,1.01171,1.01181,2.25,1.69
2017.02.22 18:01:29.501,1.01173,1.01181,1.12,1.31
2017.02.22 18:01:29.704,1.01174,1.01183,1.00,2.81
2017.02.22 18:01:29.806,1.01174,1.01182,1.00,1.19
2017.02.22 18:01:30.059,1.01172,1.01182,1.00,1.87
2017.02.22 18:01:30.552,1.01174,1.01183,1.00,1.31
2017.02.22 18:01:31.658,1.01174,1.01183,1.00,1.62
2017.02.22 18:01:32.521,1.01173,1.01183,1.50,1.69
2017.02.22 18:01:34.033,1.01172,1.01182,3.00,1.50
2017.02.22 18:01:35.305,1.01171,1.01181,1.87,1.56
2017.02.22 18:01:35.818,1.01171,1.01181,1.00,3.19
2017.02.22 18:01:36.563,1.0117,1.01181,1.87,3.19
2017.02.22 18:01:37.686,1.01171,1.01181,1.50,3.19
2017.02.22 18:01:37.839,1.01171,1.01181,1.12,1.12
2017.02.22 18:01:37.890,1.01173,1.01181,1.00,1.00
2017.02.22 18:01:38.145,1.0117,1.0118,1.87,1.12
2017.02.22 18:01:38.694,1.01173,1.01182,1.00,3.00
2017.02.22 18:01:39.201,1.01172,1.01182,1.50,1.50
2017.02.22 18:01:41.290,1.01174,1.01182,1.00,1.50
2017.02.22 18:01:41.544,1.01171,1.01182,1.00,3.19
2017.02.22 18:01:42.753,1.0117,1.01181,1.87,3.19
2017.02.22 18:01:44.384,1.01171,1.01181,2.25,3.19
2017.02.22 18:01:47.913,1.01171,1.01179,2.25,1.25
2017.02.22 18:01:48.015,1.01169,1.01178,1.00,1.69
2017.02.22 18:01:48.191,1.01168,1.01178,3.00,3.19
2017.02.22 18:01:48.500,1.0117,1.01178,1.00,2.44
2017.02.22 18:01:49.021,1.01168,1.01177,2.62,1.50
2017.02.22 18:01:49.173,1.0117,1.01178,1.00,2.06
2017.02.22 18:01:49.680,1.01171,1.01178,2.25,1.69
2017.02.22 18:01:50.746,1.01173,1.01179,2.25,1.31
2017.02.22 18:01:53.397,1.01172,1.0118,2.25,2.81
2017.02.22 18:01:53.927,1.01173,1.0118,2.25,2.81
2017.02.22 18:01:54.029,1.01171,1.01179,2.25,1.69
2017.02.22 18:01:54.571,1.01171,1.01179,2.25,2.44
2017.02.22 18:01:55.629,1.01171,1.01179,2.25,2.81
2017.02.22 18:01:55.681,1.01171,1.01176,2.25,1.00
2017.02.22 18:01:55.985,1.01168,1.01176,2.25,1.56
2017.02.22 18:01:56.037,1.01166,1.01176,2.25,2.81
2017.02.22 18:01:56.436,1.01167,1.01177,1.87,3.00
2017.02.22 18:01:56.952,1.01166,1.01175,3.00,1.25
2017.02.22 18:01:57.054,1.01166,1.01175,2.62,1.31
2017.02.22 18:01:57.593,1.01166,1.01175,3.00,1.69
2017.02.22 18:01:58.836,1.01166,1.01175,3.37,2.06
2017.02.22 18:01:59.360,1.01167,1.01175,1.00,3.19
2017.02.22 18:02:02.618,1.01167,1.01175,1.00,2.81
2017.02.22 18:02:03.955,1.01171,1.01177,1.00,1.87
2017.02.22 18:02:04.318,1.01178,1.01182,2.25,1.50
2017.02.22 18:02:04.369,1.01178,1.01186,5.25,1.50
2017.02.22 18:02:04.573,1.0118,1.01188,2.25,1.00
2017.02.22 18:02:04.877,1.01181,1.01189,2.62,2.29
2017.02.22 18:02:05.030,1.01183,1.01193,1.00,4.31
2017.02.22 18:02:05.225,1.01181,1.01189,1.50,1.19
2017.02.22 18:02:05.276,1.01179,1.01189,1.00,3.56
2017.02.22 18:02:05.682,1.01181,1.01189,2.25,1.00
2017.02.22 18:02:05.935,1.01178,1.01189,3.37,2.81
2017.02.22 18:02:06.488,1.01181,1.01188,2.25,1.37
2017.02.22 18:02:06.640,1.01181,1.01189,3.37,1.00
2017.02.22 18:02:06.692,1.01183,1.0119,2.25,1.87
2017.02.22 18:02:07.200,1.01181,1.0119,6.00,1.00
2017.02.22 18:02:07.611,1.01183,1.0119,3.75,1.00
2017.02.22 18:02:08.123,1.01183,1.0119,3.37,1.25
2017.02.22 18:02:09.081,1.01185,1.0119,1.00,1.25
2017.02.22 18:02:09.234,1.01188,1.01199,3.37,5.81
2017.02.22 18:02:09.336,1.01188,1.01199,2.62,3.19
2017.02.22 18:02:09.642,1.01188,1.01195,3.00,1.19
2017.02.22 18:02:09.693,1.01188,1.01197,2.62,1.19
2017.02.22 18:02:10.228,1.01188,1.01197,2.25,1.94
2017.02.22 18:02:10.431,1.01189,1.012,1.50,2.81
2017.02.22 18:02:10.933,1.01189,1.012,1.50,3.19
2017.02.22 18:02:11.579,1.01191,1.01201,1.87,1.75
2017.02.22 18:02:11.734,1.01192,1.01202,3.37,1.50
2017.02.22 18:02:11.988,1.01195,1.01204,1.00,2.06
2017.02.22 18:02:12.141,1.01194,1.01205,6.37,2.44
2017.02.22 18:02:13.144,1.01196,1.01205,2.25,2.06
2017.02.22 18:02:14.034,1.01196,1.01205,2.25,6.94
2017.02.22 18:02:14.880,1.01195,1.01203,2.25,1.50
2017.02.22 18:02:15.479,1.01196,1.01203,2.25,2.25
2017.02.22 18:02:16.071,1.01195,1.01203,2.25,1.12
2017.02.22 18:02:16.638,1.01196,1.01203,2.25,1.87
2017.02.22 18:02:17.468,1.01195,1.01203,2.25,1.00
2017.02.22 18:02:18.053,1.01196,1.01203,2.25,1.00
2017.02.22 18:02:19.256,1.01196,1.01204,2.25,1.31
2017.02.22 18:02:19.561,1.01198,1.01206,1.00,1.69
2017.02.22 18:02:20.177,1.01197,1.01206,1.00,1.31
2017.02.22 18:02:20.949,1.01196,1.01206,2.25,2.06
2017.02.22 18:02:21.457,1.01196,1.01206,2.62,2.44
2017.02.22 18:02:22.162,1.01196,1.01206,2.62,1.69
2017.02.22 18:02:22.488,1.01199,1.01207,2.25,2.06
2017.02.22 18:02:22.795,1.01201,1.01209,3.75,1.00
2017.02.22 18:02:23.113,1.01203,1.0121,2.25,1.50
2017.02.22 18:02:24.160,1.01203,1.01211,2.25,1.62
2017.02.22 18:02:24.262,1.01203,1.01212,2.25,2.81
2017.02.22 18:02:25.052,1.01201,1.0121,1.00,1.00
2017.02.22 18:02:25.358,1.01203,1.01212,2.25,1.69
2017.02.22 18:02:27.182,1.01204,1.01214,1.00,4.69
2017.02.22 18:02:27.283,1.01204,1.01214,1.00,3.19
2017.02.22 18:02:28.611,1.01203,1.01213,3.37,1.31
2017.02.22 18:02:28.713,1.01203,1.01213,3.00,2.00
2017.02.22 18:02:29.076,1.01203,1.01211,2.25,3.00
2017.02.22 18:02:29.442,1.01203,1.01212,2.25,2.25
2017.02.22 18:02:29.950,1.01203,1.01212,3.00,1.12
2017.02.22 18:02:30.204,1.01203,1.01211,2.25,2.25
2017.02.22 18:02:31.050,1.01202,1.01211,2.25,2.44
2017.02.22 18:02:31.574,1.01203,1.01211,2.25,2.44
2017.02.22 18:02:32.609,1.01202,1.01211,2.25,2.06
2017.02.22 18:02:33.302,1.01203,1.0121,2.25,1.87
2017.02.22 18:02:33.455,1.01201,1.0121,2.25,4.12
2017.02.22 18:02:33.608,1.01203,1.0121,2.25,1.50
2017.02.22 18:02:33.711,1.01203,1.0121,2.25,1.00
2017.02.22 18:02:35.694,1.01202,1.01211,2.25,1.69
2017.02.22 18:02:36.351,1.01203,1.01212,2.25,4.31
2017.02.22 18:02:37.045,1.01202,1.01211,2.25,2.44
2017.02.22 18:02:37.097,1.01203,1.01211,2.25,2.44
2017.02.22 18:02:37.199,1.01203,1.01211,2.25,1.00
2017.02.22 18:02:37.403,1.01205,1.01213,2.25,2.62
2017.02.22 18:02:37.709,1.01204,1.01213,2.25,1.12
2017.02.22 18:02:38.266,1.01205,1.01214,2.25,1.69
2017.02.22 18:02:38.919,1.01204,1.01214,3.00,2.06
2017.02.22 18:02:39.460,1.01205,1.01214,2.25,2.06
2017.02.22 18:02:40.055,1.01204,1.01214,3.00,2.06
2017.02.22 18:02:40.556,1.01205,1.01214,2.25,2.06
2017.02.22 18:02:40.670,1.01203,1.01212,2.62,1.25
2017.02.22 18:02:40.924,1.01202,1.01211,2.25,1.50
2017.02.22 18:02:41.076,1.012,1.0121,2.62,1.62
2017.02.22 18:02:41.279,1.01203,1.01209,2.25,1.00
2017.02.22 18:02:41.708,1.01202,1.01211,2.25,2.62
2017.02.22 18:02:42.218,1.01203,1.01211,2.25,1.87
2017.02.22 18:02:43.587,1.01202,1.01211,2.25,1.87
2017.02.22 18:02:44.129,1.01203,1.01211,2.25,1.87
2017.02.22 18:02:44.473,1.012,1.01209,1.50,2.06
2017.02.22 18:02:44.626,1.01198,1.01208,4.12,1.31
2017.02.22 18:02:44.728,1.01198,1.01208,3.00,2.44
2017.02.22 18:02:44.932,1.01198,1.01208,4.12,2.06
2017.02.22 18:02:45.318,1.01201,1.0121,1.00,1.75
2017.02.22 18:02:45.522,1.01203,1.01211,2.25,1.00
2017.02.22 18:02:46.134,1.01202,1.01211,2.62,1.00
2017.02.22 18:02:46.784,1.01203,1.01211,2.25,1.00
2017.02.22 18:02:47.415,1.01201,1.01209,2.25,2.44
2017.02.22 18:02:47.743,1.01203,1.0121,2.25,2.06
2017.02.22 18:02:49.270,1.01202,1.0121,2.25,1.31
2017.02.22 18:02:49.778,1.01203,1.0121,3.00,1.31
2017.02.22 18:02:49.830,1.01203,1.01212,2.25,1.50
2017.02.22 18:02:51.216,1.01203,1.0121,2.25,1.00
2017.02.22 18:02:51.318,1.01199,1.01208,1.12,1.00
2017.02.22 18:02:51.839,1.01198,1.01208,3.37,1.87
2017.02.22 18:02:51.992,1.01197,1.01206,3.37,1.25
2017.02.22 18:02:52.316,1.01196,1.01205,3.00,1.37
2017.02.22 18:02:52.621,1.01198,1.01205,2.25,1.00
2017.02.22 18:02:53.131,1.01198,1.01206,2.25,1.31
2017.02.22 18:02:53.601,1.01196,1.01205,2.62,2.81
2017.02.22 18:02:53.754,1.01196,1.01204,2.25,1.50
2017.02.22 18:02:53.906,1.01196,1.01205,2.25,2.06
2017.02.22 18:02:53.958,1.01198,1.01206,1.00,1.69
2017.02.22 18:02:54.161,1.01198,1.01207,3.00,1.00
2017.02.22 18:02:55.060,1.01197,1.01208,4.50,1.00
2017.02.22 18:02:55.670,1.01198,1.01208,2.62,2.06
2017.02.22 18:02:57.180,1.01197,1.01207,3.37,1.12
2017.02.22 18:02:57.457,1.01198,1.01208,4.50,2.25
2017.02.22 18:02:58.035,1.01201,1.01208,2.25,1.69
2017.02.22 18:02:58.353,1.01203,1.01209,2.25,1.12
2017.02.22 18:02:58.868,1.01202,1.01209,2.25,1.12
2017.02.22 18:02:59.375,1.01203,1.0121,2.25,1.50
2017.02.22 18:03:02.441,1.01202,1.0121,2.25,1.50
2017.02.22 18:03:03.066,1.01203,1.0121,2.25,1.50
2017.02.22 18:03:04.891,1.01203,1.01211,2.25,1.25
2017.02.22 18:03:05.044,1.01203,1.01213,3.56,1.12
2017.02.22 18:03:05.197,1.01203,1.01213,3.00,2.44
2017.02.22 18:03:05.995,1.01203,1.01213,3.37,2.06
2017.02.22 18:03:06.653,1.01204,1.01214,1.12,2.44
2017.02.22 18:03:07.162,1.01203,1.01212,2.25,1.87
2017.02.22 18:03:08.012,1.01203,1.01211,2.25,1.25
2017.02.22 18:03:08.521,1.01203,1.01211,2.25,1.50
2017.02.22 18:03:10.251,1.01202,1.01211,2.25,1.50
2017.02.22 18:03:10.964,1.01203,1.01211,2.25,1.50
2017.02.22 18:03:12.251,1.01203,1.01212,2.25,2.25
2017.02.22 18:03:12.769,1.01203,1.01212,2.25,1.87
2017.02.22 18:03:13.555,1.01202,1.01211,2.62,1.00
2017.02.22 18:03:13.869,1.01203,1.01211,2.25,2.00
2017.02.22 18:03:15.265,1.01203,1.01211,2.25,1.31
2017.02.22 18:03:15.804,1.01203,1.01211,2.25,1.69
2017.02.22 18:03:17.227,1.01204,1.01212,1.00,1.31
2017.02.22 18:03:18.305,1.01203,1.01212,3.37,1.19
2017.02.22 18:03:22.047,1.01204,1.01212,1.00,1.19
2017.02.22 18:03:22.565,1.01203,1.01212,2.62,1.19
2017.02.22 18:03:23.921,1.01204,1.01215,1.00,3.19
2017.02.22 18:03:24.232,1.01208,1.01215,2.25,1.31
2017.02.22 18:03:24.435,1.01208,1.01218,3.00,1.31
2017.02.22 18:03:24.741,1.01207,1.01217,4.12,1.00
2017.02.22 18:03:25.253,1.01208,1.01218,2.25,2.06
2017.02.22 18:03:25.354,1.0121,1.01218,1.00,1.37
2017.02.22 18:03:25.406,1.01208,1.01218,2.25,2.06
2017.02.22 18:03:25.508,1.01211,1.01219,2.25,2.81
2017.02.22 18:03:26.015,1.01211,1.01219,2.44,1.87
2017.02.22 18:03:26.730,1.01208,1.01218,3.00,2.06
2017.02.22 18:03:26.831,1.01208,1.01218,2.62,3.19
2017.02.22 18:03:26.933,1.01211,1.01218,2.25,1.69
2017.02.22 18:03:27.035,1.01208,1.01218,1.12,1.69
2017.02.22 18:03:28.428,1.01206,1.01216,1.75,1.69
2017.02.22 18:03:28.530,1.01206,1.01216,2.62,2.44
2017.02.22 18:03:29.797,1.01205,1.01216,2.25,2.44
2017.02.22 18:03:30.405,1.01206,1.01216,2.25,2.44
2017.02.22 18:03:31.032,1.01206,1.01216,3.75,1.69
2017.02.22 18:03:32.355,1.01206,1.01216,2.25,3.56
2017.02.22 18:03:32.406,1.01204,1.01213,1.87,1.19
2017.02.22 18:03:33.330,1.01205,1.01215,1.50,1.19
2017.02.22 18:03:33.706,1.01205,1.01213,1.50,1.19
2017.02.22 18:03:34.375,1.01205,1.01216,2.25,1.19
2017.02.22 18:03:34.426,1.01208,1.01217,2.25,2.81
2017.02.22 18:03:34.759,1.01211,1.0122,2.25,1.50
2017.02.22 18:03:34.963,1.01207,1.01218,1.50,1.56
2017.02.22 18:03:35.370,1.01206,1.01218,4.50,1.69
2017.02.22 18:03:35.478,1.01208,1.01219,3.00,2.44
2017.02.22 18:03:35.580,1.01207,1.01219,2.25,1.69
2017.02.22 18:03:36.109,1.01207,1.01219,3.00,2.06
2017.02.22 18:03:36.160,1.01207,1.01219,2.62,2.44
2017.02.22 18:03:37.884,1.01208,1.01219,1.00,2.00
2017.02.22 18:03:39.535,1.01209,1.0122,1.00,4.69
2017.02.22 18:03:41.599,1.01211,1.0122,1.00,3.56
2017.02.22 18:03:41.651,1.01211,1.0122,1.87,1.19
2017.02.22 18:03:47.468,1.01211,1.0122,3.00,1.19
2017.02.22 18:03:48.173,1.01211,1.0122,2.62,1.19
2017.02.22 18:03:50.690,1.01212,1.0122,1.00,1.19
2017.02.22 18:03:52.495,1.01213,1.01223,1.50,2.06
2017.02.22 18:03:52.698,1.01214,1.01223,1.50,1.19
2017.02.22 18:03:53.205,1.01214,1.01224,1.12,1.31
2017.02.22 18:03:55.447,1.01216,1.01224,2.25,1.31
2017.02.22 18:03:55.700,1.01218,1.01227,2.25,3.94
2017.02.22 18:03:56.005,1.01221,1.01227,2.25,1.56
2017.02.22 18:03:57.715,1.01218,1.01227,2.25,1.31
2017.02.22 18:03:59.311,1.01217,1.01227,3.37,1.69
2017.02.22 18:03:59.936,1.01218,1.01227,2.25,2.44
2017.02.22 18:04:01.602,1.01216,1.01225,2.62,1.87
2017.02.22 18:04:01.654,1.01216,1.01224,2.62,1.19
2017.02.22 18:04:02.162,1.01216,1.01224,2.25,1.94
2017.02.22 18:04:02.662,1.01213,1.01222,2.25,1.69
2017.02.22 18:04:02.713,1.01213,1.01222,2.25,2.44
2017.02.22 18:04:03.246,1.01213,1.01222,2.25,2.81
2017.02.22 18:04:03.299,1.01213,1.01223,2.25,4.31
2017.02.22 18:04:03.704,1.01213,1.0122,2.25,1.50
2017.02.22 18:04:05.945,1.01212,1.0122,2.25,1.50
2017.02.22 18:04:06.687,1.01213,1.0122,2.25,1.50
2017.02.22 18:04:07.870,1.01212,1.0122,2.25,1.50
2017.02.22 18:04:08.528,1.01213,1.0122,2.25,1.50
2017.02.22 18:04:10.022,1.01211,1.01219,2.25,1.31
2017.02.22 18:04:10.551,1.01211,1.01219,2.25,1.69
2017.02.22 18:04:10.703,1.01207,1.01216,1.00,1.31
2017.02.22 18:04:11.083,1.01204,1.01214,1.12,1.12
2017.02.22 18:04:11.186,1.01203,1.01212,3.00,1.00
2017.02.22 18:04:11.747,1.01205,1.01213,1.00,1.50
2017.02.22 18:04:12.285,1.01204,1.01214,1.00,2.44
2017.02.22 18:04:16.190,1.01205,1.01214,1.00,2.44
2017.02.22 18:04:16.723,1.01206,1.01214,1.00,2.44
2017.02.22 18:04:17.244,1.01208,1.01217,1.00,2.44
2017.02.22 18:04:17.346,1.01208,1.01217,3.00,1.62
2017.02.22 18:04:17.651,1.01206,1.01217,2.25,2.06
2017.02.22 18:04:18.672,1.01204,1.01214,1.37,1.19
2017.02.22 18:04:18.723,1.01203,1.01214,3.37,2.44
2017.02.22 18:04:19.263,1.01204,1.01214,1.00,2.44
2017.02.22 18:04:24.460,1.01203,1.01214,2.62,2.44
2017.02.22 18:04:24.741,1.01203,1.01211,2.25,2.25
2017.02.22 18:04:25.159,1.01203,1.01211,2.25,2.25
2017.02.22 18:04:25.362,1.01204,1.01213,1.00,1.75
2017.02.22 18:04:25.463,1.01203,1.01213,3.00,1.50
2017.02.22 18:04:25.870,1.01203,1.01211,2.25,3.19
2017.02.22 18:04:26.732,1.01203,1.01208,2.25,1.12
2017.02.22 18:04:26.784,1.01198,1.01206,4.12,1.19
2017.02.22 18:04:27.038,1.01198,1.01207,3.37,1.00
2017.02.22 18:04:27.089,1.012,1.01208,1.00,1.12
2017.02.22 18:04:27.343,1.01198,1.01208,2.62,2.81
2017.02.22 18:04:27.548,1.01198,1.01207,2.25,2.81
2017.02.22 18:04:27.889,1.01196,1.01205,2.25,1.31
2017.02.22 18:04:28.904,1.01195,1.01205,3.37,1.31
2017.02.22 18:04:29.438,1.01196,1.01205,2.25,1.31
2017.02.22 18:04:29.692,1.01196,1.01204,2.25,1.37
2017.02.22 18:04:31.747,1.01195,1.01205,2.25,1.31
2017.02.22 18:04:32.483,1.01196,1.01204,2.25,1.37
2017.02.22 18:04:34.219,1.01195,1.01204,2.25,1.50
2017.02.22 18:04:34.361,1.01193,1.01202,3.19,1.00
2017.02.22 18:04:34.514,1.01195,1.01203,1.00,2.44
2017.02.22 18:04:34.565,1.01195,1.01203,1.00,2.06
2017.02.22 18:04:34.717,1.01192,1.01203,4.12,1.31
2017.02.22 18:04:35.223,1.01194,1.01203,1.00,2.06
2017.02.22 18:04:35.471,1.01193,1.01202,3.00,1.50
2017.02.22 18:04:40.294,1.01193,1.01202,3.37,1.00
2017.02.22 18:04:40.831,1.01193,1.01202,2.25,2.25
2017.02.22 18:04:42.819,1.01193,1.01202,3.00,1.87
2017.02.22 18:04:43.499,1.01194,1.01202,1.00,1.50
2017.02.22 18:04:43.805,1.01196,1.01203,3.00,1.19
2017.02.22 18:04:43.857,1.01196,1.01205,2.25,1.25
2017.02.22 18:04:44.012,1.01193,1.01202,2.62,1.00
2017.02.22 18:04:44.317,1.01197,1.01205,1.00,1.69
2017.02.22 18:04:44.369,1.01198,1.01206,2.25,1.25
2017.02.22 18:04:44.881,1.01198,1.01207,2.62,1.00
2017.02.22 18:04:49.575,1.01199,1.01208,1.00,1.87
2017.02.22 18:04:50.036,1.01197,1.01207,2.25,2.06
2017.02.22 18:04:50.553,1.01198,1.01207,2.25,2.81
2017.02.22 18:04:55.942,1.01198,1.01208,2.62,2.25
2017.02.22 18:04:56.463,1.01198,1.01207,2.62,2.44
2017.02.22 18:04:57.008,1.01198,1.01207,2.25,3.19
2017.02.22 18:04:57.514,1.01198,1.01207,2.25,3.19
2017.02.22 18:04:57.863,1.01197,1.01207,2.25,3.19
2017.02.22 18:04:58.426,1.01198,1.01207,2.25,3.94
2017.02.22 18:04:58.978,1.01196,1.01205,2.25,2.44
2017.02.22 18:04:59.661,1.01196,1.01205,2.25,1.94
2017.02.22 18:05:00.147,1.01198,1.01207,2.25,5.44
2017.02.22 18:05:00.199,1.01198,1.01207,2.25,2.81
2017.02.22 18:05:04.332,1.01199,1.01207,1.00,2.06
2017.02.22 18:05:04.501,1.01199,1.01208,1.00,1.00
2017.02.22 18:05:04.756,1.01199,1.01208,1.00,1.12
2017.02.22 18:05:04.858,1.01198,1.01209,2.62,2.81
2017.02.22 18:05:05.029,1.01198,1.01209,2.25,2.81
2017.02.22 18:05:05.334,1.01201,1.01209,2.25,2.25
2017.02.22 18:05:05.950,1.012,1.01209,2.25,2.25
2017.02.22 18:05:06.542,1.01201,1.01209,2.25,2.25
2017.02.22 18:05:06.718,1.01198,1.01208,2.25,2.81
2017.02.22 18:05:07.073,1.01198,1.01208,2.25,2.06
2017.02.22 18:05:07.964,1.01197,1.01208,3.00,2.06
2017.02.22 18:05:08.552,1.01198,1.01207,2.25,1.00
2017.02.22 18:05:09.468,1.01197,1.01207,3.75,1.00
2017.02.22 18:05:10.073,1.01198,1.01207,2.25,1.00
2017.02.22 18:05:16.039,1.01198,1.01208,7.80,2.06
2017.02.22 18:05:16.090,1.01201,1.01208,2.25,1.12
2017.02.22 18:05:16.443,1.01202,1.01211,1.37,1.00
2017.02.22 18:05:17.107,1.01202,1.01212,1.37,1.00
2017.02.22 18:05:18.923,1.01202,1.01211,1.37,1.00
2017.02.22 18:05:19.976,1.01201,1.01212,3.75,1.00
2017.02.22 18:05:24.605,1.01201,1.01211,3.75,1.25
2017.02.22 18:05:24.707,1.01201,1.0121,2.62,1.50
2017.02.22 18:05:24.809,1.01201,1.0121,2.25,2.25
2017.02.22 18:05:25.402,1.012,1.0121,3.00,2.25
2017.02.22 18:05:26.024,1.01201,1.0121,2.25,2.25
2017.02.22 18:05:26.586,1.012,1.0121,3.00,2.25
2017.02.22 18:05:27.113,1.01201,1.0121,2.25,2.25
2017.02.22 18:05:30.290,1.01198,1.01207,2.25,1.12
2017.02.22 18:05:30.392,1.01198,1.01207,3.00,1.87
2017.02.22 18:05:30.545,1.01201,1.01209,2.25,1.12
2017.02.22 18:05:31.554,1.01201,1.0121,2.25,2.25
2017.02.22 18:05:33.428,1.01201,1.0121,2.25,2.25
2017.02.22 18:05:35.719,1.01201,1.0121,2.25,2.62
2017.02.22 18:05:38.789,1.012,1.01209,2.25,1.12
2017.02.22 18:05:40.122,1.01201,1.0121,1.00,1.87
2017.02.22 18:05:40.427,1.01203,1.01211,2.25,1.25
2017.02.22 18:05:40.479,1.01201,1.01211,3.75,1.25
2017.02.22 18:05:40.530,1.01201,1.01211,3.00,1.62
2017.02.22 18:05:41.061,1.01201,1.01211,2.25,1.69
2017.02.22 18:05:45.651,1.01202,1.01211,1.00,1.25
2017.02.22 18:05:46.177,1.01201,1.0121,4.50,1.00
2017.02.22 18:05:53.413,1.01201,1.01211,3.75,1.00
2017.02.22 18:05:53.932,1.01203,1.01211,2.25,1.37
2017.02.22 18:05:54.839,1.01203,1.01212,3.00,1.00
2017.02.22 18:05:54.891,1.01205,1.01214,1.50,1.12
2017.02.22 18:05:54.942,1.01206,1.01214,2.25,1.00
2017.02.22 18:05:55.531,1.01205,1.01215,3.75,2.81
2017.02.22 18:05:56.044,1.01205,1.01212,2.25,1.00
2017.02.22 18:05:56.095,1.01203,1.01212,2.25,1.00
2017.02.22 18:05:56.146,1.01203,1.01212,2.25,1.37
2017.02.22 18:05:56.348,1.01203,1.01212,3.00,1.50
2017.02.22 18:06:02.160,1.01204,1.01213,1.00,2.06
2017.02.22 18:06:02.312,1.01203,1.01209,2.62,1.19
2017.02.22 18:06:02.479,1.01199,1.01208,1.50,1.31
2017.02.22 18:06:02.936,1.01203,1.01209,2.25,1.00
2017.02.22 18:06:03.088,1.01203,1.01213,1.87,3.56
2017.02.22 18:06:03.162,1.01203,1.01213,4.12,1.69
2017.02.22 18:06:03.366,1.01203,1.01212,2.25,2.81
2017.02.22 18:06:03.882,1.01203,1.01212,2.25,2.44
2017.02.22 18:06:04.035,1.01203,1.01212,1.00,1.12
2017.02.22 18:06:04.187,1.01204,1.01212,1.00,2.81
2017.02.22 18:06:04.713,1.01204,1.01212,1.00,1.50
2017.02.22 18:06:05.261,1.01204,1.01209,1.00,1.69
2017.02.22 18:06:05.313,1.01198,1.01208,3.00,2.25
2017.02.22 18:06:05.821,1.01199,1.01208,1.50,1.00
2017.02.22 18:06:05.872,1.01201,1.01208,2.25,1.00
2017.02.22 18:06:06.125,1.01199,1.01209,2.25,2.06
2017.02.22 18:06:06.993,1.01199,1.01209,1.50,1.69
2017.02.22 18:06:07.046,1.01197,1.01207,3.37,2.06
2017.02.22 18:06:07.534,1.012,1.01208,1.00,2.81
2017.02.22 18:06:07.805,1.01199,1.01209,1.00,2.81
2017.02.22 18:06:08.355,1.01199,1.01209,1.50,1.69
2017.02.22 18:06:08.970,1.01201,1.0121,2.25,2.44
2017.02.22 18:06:09.022,1.01203,1.0121,1.50,1.31
2017.02.22 18:06:09.429,1.01203,1.01213,2.25,2.06
2017.02.22 18:06:09.990,1.01203,1.01213,2.25,1.69
2017.02.22 18:06:11.364,1.01202,1.01212,3.37,1.12
2017.02.22 18:06:11.894,1.01203,1.01212,1.87,1.00
2017.02.22 18:06:12.476,1.01206,1.01214,2.25,2.06
2017.02.22 18:06:15.442,1.01208,1.01215,2.25,1.12
2017.02.22 18:06:15.493,1.01206,1.01215,2.25,2.06
2017.02.22 18:06:16.022,1.01208,1.01215,2.25,1.50
2017.02.22 18:06:17.011,1.01208,1.01216,2.25,1.50
2017.02.22 18:06:18.794,1.01207,1.01216,2.25,1.50
2017.02.22 18:06:20.142,1.01208,1.01216,2.25,1.50
2017.02.22 18:06:20.648,1.01208,1.01216,2.25,1.87
2017.02.22 18:06:21.825,1.01207,1.01216,2.25,1.87
2017.02.22 18:06:22.340,1.01208,1.01216,2.25,1.87
2017.02.22 18:06:28.269,1.01207,1.01216,2.25,1.87
2017.02.22 18:06:28.773,1.01208,1.01216,2.25,1.87
2017.02.22 18:06:31.739,1.01211,1.01216,3.00,1.00
2017.02.22 18:06:32.304,1.01211,1.01218,2.25,1.69
2017.02.22 18:06:40.469,1.01211,1.01218,2.25,2.81
2017.02.22 18:06:40.521,1.01208,1.01217,4.50,1.69
2017.02.22 18:06:40.674,1.01206,1.01215,3.00,1.50
2017.02.22 18:06:41.955,1.01206,1.01215,2.62,1.12
2017.02.22 18:06:45.941,1.01208,1.01216,2.25,1.12
2017.02.22 18:06:46.458,1.01209,1.01217,1.00,1.31
2017.02.22 18:06:46.922,1.01208,1.01214,3.00,1.19
2017.02.22 18:06:46.973,1.01208,1.01216,3.00,2.06
2017.02.22 18:06:47.550,1.01211,1.01218,1.00,1.69
2017.02.22 18:06:48.230,1.01209,1.01217,1.87,1.19
2017.02.22 18:06:48.449,1.01209,1.01219,1.12,1.50
2017.02.22 18:06:50.936,1.01211,1.01219,2.25,1.12
2017.02.22 18:06:51.241,1.01209,1.01218,1.50,1.19
2017.02.22 18:06:51.845,1.0121,1.01219,1.00,1.12
2017.02.22 18:06:55.707,1.01208,1.01218,2.25,1.00
2017.02.22 18:06:55.808,1.01208,1.01217,2.62,1.25
2017.02.22 18:06:56.511,1.01211,1.01218,1.00,1.12
2017.02.22 18:06:57.071,1.01211,1.01219,1.00,1.12
2017.02.22 18:06:57.842,1.0121,1.01219,1.50,1.12
2017.02.22 18:06:58.920,1.01211,1.01219,1.00,1.12
2017.02.22 18:07:00.278,1.01209,1.01219,1.87,1.12
2017.02.22 18:07:00.810,1.01209,1.01219,2.25,1.00
2017.02.22 18:07:01.949,1.01208,1.01218,3.00,1.00
2017.02.22 18:07:02.142,1.01208,1.01218,2.62,1.12
2017.02.22 18:07:02.195,1.01209,1.01219,1.00,2.06
2017.02.22 18:07:02.297,1.01209,1.0122,1.12,3.19
2017.02.22 18:07:02.819,1.01208,1.01218,1.87,1.12
2017.02.22 18:07:04.512,1.01208,1.01218,1.12,2.44
2017.02.22 18:07:04.614,1.01208,1.01216,1.00,1.69
2017.02.22 18:07:05.146,1.01208,1.01216,1.00,2.81
2017.02.22 18:07:05.608,1.01209,1.01216,5.62,1.75
2017.02.22 18:07:05.811,1.01214,1.01225,2.62,2.44
2017.02.22 18:07:06.080,1.01216,1.01225,1.00,3.19
2017.02.22 18:07:06.694,1.01215,1.01225,1.00,3.94
2017.02.22 18:07:07.236,1.01216,1.01225,1.50,2.44
2017.02.22 18:07:07.338,1.01217,1.01227,1.00,2.06
2017.02.22 18:07:07.439,1.01218,1.01227,1.00,1.31
2017.02.22 18:07:07.643,1.01218,1.01227,1.00,2.00
2017.02.22 18:07:07.854,1.01218,1.01227,1.00,1.12
2017.02.22 18:07:08.914,1.01219,1.01228,1.00,1.12
2017.02.22 18:07:09.457,1.01219,1.01229,1.87,1.12
2017.02.22 18:07:09.559,1.01224,1.0123,1.00,1.62
2017.02.22 18:07:09.610,1.01222,1.01231,1.00,1.50
2017.02.22 18:07:09.661,1.01224,1.01231,1.00,1.00
2017.02.22 18:07:10.016,1.01226,1.01232,1.00,1.25
2017.02.22 18:07:10.535,1.01225,1.01232,1.00,1.25
2017.02.22 18:07:11.143,1.01226,1.01232,1.00,1.25
2017.02.22 18:07:13.641,1.01225,1.01232,1.00,1.25
2017.02.22 18:07:14.173,1.01226,1.01232,1.00,1.25
2017.02.22 18:07:20.721,1.01226,1.01233,1.00,1.87
2017.02.22 18:07:23.062,1.01221,1.01227,1.50,1.69
2017.02.22 18:07:23.165,1.01218,1.01227,6.75,2.44
2017.02.22 18:07:23.470,1.01217,1.01227,1.00,3.56
2017.02.22 18:07:23.981,1.01218,1.01227,1.00,3.19
2017.02.22 18:07:24.501,1.01218,1.01227,1.50,1.12
2017.02.22 18:07:24.878,1.01218,1.01226,1.50,1.19
2017.02.22 18:07:24.981,1.01218,1.01227,1.50,1.31
2017.02.22 18:07:26.413,1.0122,1.01226,1.00,1.19
2017.02.22 18:07:26.515,1.01221,1.01228,3.00,1.00
2017.02.22 18:07:26.871,1.01218,1.01227,1.00,3.37
2017.02.22 18:07:27.176,1.01219,1.01228,1.00,1.25
2017.02.22 18:07:27.460,1.01221,1.01229,1.00,2.06
2017.02.22 18:07:28.514,1.0122,1.01229,1.00,1.31
2017.02.22 18:07:29.160,1.01221,1.01229,1.00,1.31
2017.02.22 18:07:30.268,1.0122,1.01229,1.00,1.31
2017.02.22 18:07:30.574,1.01223,1.01233,1.00,2.06
2017.02.22 18:07:31.109,1.01224,1.01232,1.00,1.69
2017.02.22 18:07:31.373,1.01221,1.0123,1.12,1.69
2017.02.22 18:07:31.424,1.01224,1.01231,1.00,1.31
2017.02.22 18:07:31.744,1.01225,1.01234,1.00,1.25
2017.02.22 18:07:32.283,1.01226,1.01234,1.00,1.31
2017.02.22 18:07:33.137,1.01225,1.01235,1.00,3.19
2017.02.22 18:07:33.662,1.01226,1.01234,1.00,1.31
2017.02.22 18:07:34.648,1.01225,1.01234,1.00,1.31
2017.02.22 18:07:35.190,1.01226,1.01234,1.00,1.31
2017.02.22 18:07:39.137,1.01225,1.01235,1.00,2.44
2017.02.22 18:07:39.823,1.01226,1.01234,1.00,1.25
2017.02.22 18:07:43.585,1.01224,1.01233,2.25,1.19
2017.02.22 18:07:44.103,1.01224,1.01233,1.00,2.44
2017.02.22 18:07:44.307,1.01226,1.01235,1.00,2.44
2017.02.22 18:07:45.490,1.01225,1.01235,1.87,1.69
2017.02.22 18:07:46.115,1.01226,1.01235,1.00,1.69
2017.02.22 18:07:48.731,1.01225,1.01235,1.87,1.69
2017.02.22 18:07:49.273,1.01226,1.01235,1.00,1.69
2017.02.22 18:07:49.947,1.01225,1.01235,1.12,1.69
2017.02.22 18:07:50.461,1.01226,1.01235,1.00,1.69
2017.02.22 18:07:51.171,1.01225,1.01235,1.12,1.69
2017.02.22 18:07:51.727,1.01226,1.01235,1.00,1.69
2017.02.22 18:07:53.428,1.01226,1.01233,1.00,1.50
2017.02.22 18:07:53.530,1.01222,1.01231,2.62,1.25
2017.02.22 18:07:54.046,1.01224,1.01231,1.00,1.69
2017.02.22 18:07:54.622,1.01223,1.01231,1.00,1.69
2017.02.22 18:07:55.171,1.01224,1.01231,1.00,1.69
2017.02.22 18:07:55.673,1.01224,1.01232,1.00,2.44
2017.02.22 18:07:58.289,1.01226,1.01232,1.00,1.00
2017.02.22 18:07:58.441,1.01226,1.01235,1.00,1.19
2017.02.22 18:08:00.840,1.01227,1.01235,3.00,1.31
2017.02.22 18:08:00.891,1.01229,1.01235,1.00,1.31
2017.02.22 18:08:01.432,1.01228,1.01235,1.12,1.19
2017.02.22 18:08:02.236,1.01229,1.01238,1.50,1.00
2017.02.22 18:08:02.288,1.01231,1.01238,1.00,1.00
2017.02.22 18:08:02.441,1.01233,1.01241,1.00,1.00
2017.02.22 18:08:02.985,1.01231,1.01242,3.37,2.06
2017.02.22 18:08:03.188,1.01229,1.01239,2.62,1.25
2017.02.22 18:08:03.290,1.01229,1.01239,2.25,2.06
2017.02.22 18:08:03.393,1.01229,1.01239,1.50,2.00
2017.02.22 18:08:03.444,1.01229,1.01239,2.25,1.25
2017.02.22 18:08:04.065,1.01231,1.01239,1.00,1.25
2017.02.22 18:08:05.429,1.01231,1.01239,1.50,1.19
2017.02.22 18:08:05.720,1.01231,1.0124,2.25,1.12
2017.02.22 18:08:05.824,1.01233,1.01243,1.50,1.62
2017.02.22 18:08:05.928,1.01233,1.01243,1.50,1.31
2017.02.22 18:08:06.521,1.01234,1.01243,1.00,1.31
2017.02.22 18:08:06.810,1.01234,1.01242,1.00,3.56
2017.02.22 18:08:07.267,1.01234,1.01243,3.37,1.00
2017.02.22 18:08:07.318,1.01236,1.01245,1.00,2.44
2017.02.22 18:08:10.052,1.01235,1.01245,3.00,2.06
2017.02.22 18:08:10.813,1.01236,1.01245,1.00,2.06
2017.02.22 18:08:12.161,1.01238,1.01247,1.00,2.06
2017.02.22 18:08:12.472,1.01244,1.01251,1.50,1.19
2017.02.22 18:08:12.624,1.01245,1.01253,1.00,2.62
2017.02.22 18:08:13.133,1.01246,1.01254,1.00,2.06
2017.02.22 18:08:13.491,1.01244,1.01252,1.00,1.50
2017.02.22 18:08:13.611,1.01239,1.0125,1.75,2.81
2017.02.22 18:08:14.133,1.01239,1.01249,3.00,1.31
2017.02.22 18:08:14.286,1.01243,1.01253,1.87,1.25
2017.02.22 18:08:14.794,1.01244,1.01254,1.00,2.81
2017.02.22 18:08:15.376,1.01246,1.01253,1.00,1.19
2017.02.22 18:08:15.427,1.01246,1.01254,1.00,1.31
2017.02.22 18:08:17.523,1.01245,1.01255,1.00,4.31
2017.02.22 18:08:18.160,1.01246,1.01255,1.00,4.31
2017.02.22 18:08:19.069,1.01245,1.01255,1.00,2.81
2017.02.22 18:08:19.680,1.01246,1.01255,1.00,2.81
2017.02.22 18:08:20.165,1.01246,1.01252,1.00,1.00
2017.02.22 18:08:20.501,1.01241,1.0125,1.87,2.06
2017.02.22 18:08:21.274,1.0124,1.01249,1.00,1.31
2017.02.22 18:08:21.794,1.01241,1.01249,1.00,1.31
2017.02.22 18:08:24.722,1.01238,1.01249,4.50,1.12
2017.02.22 18:08:25.231,1.01238,1.01248,2.62,1.31
2017.02.22 18:08:25.851,1.01241,1.01249,1.00,2.44
2017.02.22 18:08:26.004,1.01239,1.01249,1.12,2.06
2017.02.22 18:08:26.511,1.0124,1.01248,1.50,1.69
2017.02.22 18:08:27.232,1.01242,1.0125,1.00,1.00
2017.02.22 18:08:27.284,1.01244,1.0125,1.00,1.00
2017.02.22 18:08:27.602,1.01246,1.01254,1.00,1.62
2017.02.22 18:08:28.022,1.01246,1.01255,1.00,1.31
2017.02.22 18:08:33.140,1.01246,1.01253,1.00,1.31
2017.02.22 18:08:33.445,1.01246,1.01254,1.00,1.69
2017.02.22 18:08:33.963,1.01245,1.01254,1.00,2.44
2017.02.22 18:08:34.246,1.01246,1.01255,3.75,1.19
2017.02.22 18:08:35.620,1.01246,1.01255,2.62,1.19
2017.02.22 18:08:45.608,1.01245,1.01255,1.00,2.44
2017.02.22 18:08:46.178,1.01246,1.01255,1.00,2.44
2017.02.22 18:08:46.707,1.01245,1.01255,1.50,2.44
2017.02.22 18:08:47.213,1.01246,1.01254,1.00,2.06
2017.02.22 18:08:47.865,1.01245,1.01254,1.00,2.06
2017.02.22 18:08:48.401,1.01246,1.01254,1.00,1.25
2017.02.22 18:08:51.469,1.01247,1.01255,1.00,1.69
2017.02.22 18:08:51.773,1.01249,1.01255,1.00,1.00
2017.02.22 18:08:52.335,1.01249,1.01256,1.00,1.12
2017.02.22 18:08:54.072,1.01248,1.01256,1.00,1.00
2017.02.22 18:08:54.768,1.01249,1.01256,1.00,1.00
2017.02.22 18:08:55.829,1.01248,1.01256,1.00,1.00
2017.02.22 18:08:56.496,1.01249,1.01256,1.00,1.00
2017.02.22 18:09:00.133,1.01248,1.01258,2.25,3.19
2017.02.22 18:09:00.468,1.0125,1.01259,1.50,1.69
2017.02.22 18:09:00.722,1.0125,1.01259,1.12,1.69
2017.02.22 18:09:01.271,1.01251,1.01259,1.00,1.69
2017.02.22 18:09:01.778,1.0125,1.01259,1.12,1.69
2017.02.22 18:09:02.303,1.01251,1.01259,1.00,1.69
2017.02.22 18:09:03.182,1.0125,1.01259,1.12,1.69
2017.02.22 18:09:03.781,1.01251,1.01259,1.00,1.69
2017.02.22 18:09:05.727,1.01251,1.01261,1.00,2.44
2017.02.22 18:09:05.829,1.01253,1.01261,2.25,1.19
2017.02.22 18:09:06.335,1.01252,1.01261,1.87,1.19
2017.02.22 18:09:08.668,1.01251,1.0126,1.00,1.69
2017.02.22 18:09:09.304,1.01252,1.0126,1.00,2.06
2017.02.22 18:09:10.101,1.01251,1.01259,1.00,1.19
2017.02.22 18:09:10.255,1.01249,1.01258,1.50,1.31
2017.02.22 18:09:10.537,1.01251,1.01259,1.00,1.25
2017.02.22 18:09:10.891,1.01251,1.0126,2.62,1.69
2017.02.22 18:09:11.195,1.01251,1.01261,3.75,1.25
2017.02.22 18:09:13.814,1.01251,1.0126,2.25,1.12
2017.02.22 18:09:13.966,1.01251,1.0126,1.00,2.44
2017.02.22 18:09:14.433,1.01251,1.0126,1.50,1.00
2017.02.22 18:09:14.992,1.01251,1.01261,1.50,1.25
2017.02.22 18:09:16.997,1.01254,1.01262,1.00,3.19
2017.02.22 18:09:17.589,1.01253,1.01262,1.12,1.69
2017.02.22 18:09:22.438,1.01256,1.01263,1.00,1.00
2017.02.22 18:09:22.720,1.01256,1.01265,2.25,1.31
2017.02.22 18:09:23.226,1.01256,1.01265,1.00,1.25
2017.02.22 18:09:23.684,1.01255,1.01263,2.25,1.19
2017.02.22 18:09:23.909,1.01253,1.01263,1.00,1.69
2017.02.22 18:09:24.750,1.01252,1.01262,5.25,1.25
2017.02.22 18:09:26.205,1.01251,1.01261,1.50,1.12
2017.02.22 18:09:26.835,1.01251,1.01261,1.00,1.50
2017.02.22 18:09:28.924,1.01251,1.0126,1.50,2.44
2017.02.22 18:09:29.471,1.0125,1.0126,3.00,2.81
2017.02.22 18:09:30.341,1.01251,1.0126,1.00,2.81
2017.02.22 18:09:32.791,1.01252,1.0126,1.00,1.69
2017.02.22 18:09:33.297,1.01252,1.0126,1.50,1.19
2017.02.22 18:09:33.807,1.01252,1.01262,1.50,3.56
2017.02.22 18:09:35.092,1.01254,1.01261,1.00,1.25
2017.02.22 18:09:38.256,1.01253,1.01262,2.25,2.06
2017.02.22 18:09:38.770,1.01252,1.01262,3.37,2.06
2017.02.22 18:09:39.746,1.01253,1.01262,1.00,2.06
2017.02.22 18:09:40.715,1.01252,1.01262,3.37,2.06
2017.02.22 18:09:41.457,1.01253,1.01262,1.00,2.06
2017.02.22 18:09:41.611,1.01252,1.0126,1.12,1.69
2017.02.22 18:09:42.112,1.01252,1.0126,1.50,1.69
2017.02.22 18:09:42.214,1.01252,1.01261,2.62,1.31
2017.02.22 18:09:42.315,1.01252,1.0126,2.25,1.19
2017.02.22 18:09:42.417,1.01252,1.01261,1.87,1.25
2017.02.22 18:09:42.468,1.01252,1.0126,1.87,1.19
2017.02.22 18:09:42.570,1.01251,1.01261,3.00,1.31
2017.02.22 18:09:43.702,1.01253,1.01261,1.00,1.25
2017.02.22 18:09:44.348,1.01253,1.01262,1.00,1.31
2017.02.22 18:09:44.450,1.01252,1.0126,1.87,1.19
2017.02.22 18:09:44.552,1.01252,1.01262,1.87,1.31
2017.02.22 18:09:45.108,1.01253,1.01262,1.00,1.31
2017.02.22 18:09:45.635,1.01252,1.01261,1.12,1.00
2017.02.22 18:09:46.645,1.0125,1.0126,1.50,1.69
2017.02.22 18:09:47.637,1.0125,1.0126,1.87,1.69
2017.02.22 18:09:48.311,1.01251,1.0126,1.00,1.69
2017.02.22 18:09:48.931,1.01251,1.01261,3.00,1.69
2017.02.22 18:09:49.505,1.01251,1.0126,3.75,1.19
2017.02.22 18:09:49.649,1.01252,1.01261,1.00,1.25
2017.02.22 18:09:50.942,1.01251,1.01262,3.75,2.81
2017.02.22 18:09:53.795,1.01251,1.0126,2.25,1.19
2017.02.22 18:09:53.847,1.01252,1.01261,1.00,1.50
2017.02.22 18:09:54.051,1.01252,1.0126,1.00,1.19
2017.02.22 18:09:55.307,1.01251,1.0126,2.62,1.19
2017.02.22 18:09:56.381,1.0125,1.0126,2.62,2.06
2017.02.22 18:09:56.922,1.01251,1.0126,1.00,2.81
2017.02.22 18:09:57.585,1.0125,1.0126,1.50,2.44
2017.02.22 18:09:58.089,1.01251,1.0126,1.00,2.44
2017.02.22 18:10:04.084,1.01252,1.0126,1.00,2.44
2017.02.22 18:10:04.845,1.01251,1.0126,2.25,2.44
2017.02.22 18:10:05.149,1.01253,1.01262,2.62,2.06
2017.02.22 18:10:08.265,1.01254,1.01262,1.50,2.06
2017.02.22 18:10:11.014,1.01255,1.01262,1.00,1.19
2017.02.22 18:10:20.375,1.01258,1.01264,1.50,1.62
2017.02.22 18:10:20.428,1.01256,1.01265,1.50,1.94
2017.02.22 18:10:20.479,1.01258,1.01265,1.00,1.56
2017.02.22 18:10:20.786,1.01261,1.01269,1.12,1.75
2017.02.22 18:10:20.940,1.01263,1.0127,3.37,1.00
2017.02.22 18:10:21.198,1.01261,1.01269,2.62,1.69
2017.02.22 18:10:21.300,1.01261,1.0127,1.00,1.31
2017.02.22 18:10:21.423,1.01259,1.01269,1.50,1.31
2017.02.22 18:10:21.526,1.01258,1.01269,2.62,3.19
2017.02.22 18:10:22.052,1.01258,1.01269,3.00,2.81
2017.02.22 18:10:24.431,1.01259,1.01268,1.00,1.69
2017.02.22 18:10:25.103,1.01259,1.01268,1.00,1.31
2017.02.22 18:10:31.595,1.0126,1.01269,1.50,2.06
2017.02.22 18:10:31.646,1.01262,1.0127,1.00,1.87
2017.02.22 18:10:31.748,1.01262,1.01271,1.00,1.31
2017.02.22 18:10:32.154,1.01266,1.01272,1.00,1.00
2017.02.22 18:10:32.205,1.01264,1.01272,1.12,1.00
2017.02.22 18:10:32.712,1.01265,1.01273,1.50,1.31
2017.02.22 18:10:33.628,1.01265,1.01275,1.50,2.44
2017.02.22 18:10:35.635,1.01265,1.01275,2.25,2.44
2017.02.22 18:10:35.869,1.01269,1.01276,1.00,1.94
2017.02.22 18:10:36.441,1.01268,1.01276,1.12,1.19
2017.02.22 18:10:36.542,1.01268,1.01278,1.87,1.31
2017.02.22 18:10:38.857,1.01269,1.01279,1.00,3.56
2017.02.22 18:10:39.409,1.01269,1.01279,1.00,3.19
2017.02.22 18:10:40.169,1.01268,1.01279,1.50,3.56
2017.02.22 18:10:40.705,1.01266,1.01276,3.75,2.06
2017.02.22 18:10:41.009,1.01266,1.01273,1.00,1.19
2017.02.22 18:10:41.060,1.01265,1.01276,3.75,3.19
2017.02.22 18:10:44.128,1.01265,1.01274,1.50,1.31
2017.02.22 18:10:46.546,1.01264,1.01274,2.25,3.94
2017.02.22 18:10:46.597,1.01264,1.01269,1.50,1.19
2017.02.22 18:10:46.800,1.01259,1.01269,2.25,1.25
2017.02.22 18:10:46.902,1.01259,1.01269,1.50,1.69
2017.02.22 18:10:47.566,1.01259,1.01269,1.00,2.06
2017.02.22 18:10:47.872,1.01257,1.01267,3.37,1.12
2017.02.22 18:10:48.502,1.01258,1.01267,1.00,1.69
2017.02.22 18:10:49.010,1.01258,1.01267,1.00,1.00
2017.02.22 18:10:49.582,1.01258,1.01268,1.50,1.25
2017.02.22 18:10:50.811,1.01259,1.01268,1.00,2.44
2017.02.22 18:10:51.318,1.01259,1.01269,3.75,1.69
2017.02.22 18:10:51.823,1.01259,1.01269,3.75,1.00
2017.02.22 18:10:52.355,1.01259,1.01269,1.00,1.87
2017.02.22 18:10:54.865,1.01258,1.01268,3.37,1.87
2017.02.22 18:10:54.916,1.01258,1.01267,3.37,1.56
2017.02.22 18:10:56.611,1.01257,1.01268,2.62,5.06
2017.02.22 18:10:58.063,1.01259,1.01266,1.00,1.31
2017.02.22 18:10:58.316,1.01257,1.01267,1.87,1.50
2017.02.22 18:10:58.820,1.01258,1.01267,1.00,1.50
2017.02.22 18:11:00.249,1.01257,1.01267,1.87,1.50
2017.02.22 18:11:00.786,1.01258,1.01268,1.00,4.31
2017.02.22 18:11:01.318,1.01259,1.01268,1.00,2.44
2017.02.22 18:11:01.826,1.01258,1.01268,2.25,2.44
2017.02.22 18:11:02.341,1.01259,1.01268,1.00,2.44
2017.02.22 18:11:03.090,1.0126,1.01268,1.00,1.69
2017.02.22 18:11:06.925,1.01259,1.01268,3.37,1.19
2017.02.22 18:11:07.512,1.0126,1.01268,1.00,1.19
2017.02.22 18:11:07.613,1.01263,1.0127,1.00,1.69
2017.02.22 18:11:07.715,1.01263,1.01272,1.00,1.50
2017.02.22 18:11:07.867,1.01261,1.0127,2.62,1.19
2017.02.22 18:11:08.019,1.01259,1.01269,1.87,2.06
2017.02.22 18:11:08.425,1.01261,1.01269,1.00,2.44
2017.02.22 18:11:08.628,1.0126,1.01269,1.12,1.00
2017.02.22 18:11:09.137,1.0126,1.0127,1.12,2.62
2017.02.22 18:11:09.679,1.0126,1.01269,1.12,1.00
2017.02.22 18:11:18.246,1.01262,1.0127,1.00,1.69
2017.02.22 18:11:19.146,1.01263,1.01271,1.00,2.06
2017.02.22 18:11:19.707,1.01262,1.01272,3.37,3.19
2017.02.22 18:11:20.012,1.01258,1.01267,3.37,1.31
2017.02.22 18:11:21.489,1.01259,1.01268,1.00,2.06
2017.02.22 18:11:21.999,1.01259,1.01267,1.50,1.69
2017.02.22 18:11:24.866,1.0126,1.01268,1.00,1.12
2017.02.22 18:11:24.968,1.0126,1.0127,1.00,3.56
2017.02.22 18:11:25.324,1.01259,1.01268,1.00,1.62
2017.02.22 18:11:26.175,1.01258,1.01268,2.25,2.06
2017.02.22 18:11:27.732,1.01259,1.01268,1.50,1.62
2017.02.22 18:11:28.062,1.01261,1.01268,1.00,1.25
2017.02.22 18:11:31.140,1.01259,1.01269,2.25,1.87
2017.02.22 18:11:31.655,1.0126,1.01269,1.00,1.87
2017.02.22 18:11:33.137,1.01261,1.01269,1.00,1.62
2017.02.22 18:11:33.239,1.01263,1.0127,1.00,1.12
2017.02.22 18:11:33.391,1.0126,1.0127,2.62,2.44
2017.02.22 18:11:33.907,1.0126,1.01269,2.25,1.25
2017.02.22 18:11:34.979,1.01261,1.0127,1.00,2.06
2017.02.22 18:11:36.232,1.0126,1.01269,1.00,2.06
2017.02.22 18:11:36.284,1.01259,1.01267,4.12,1.19
2017.02.22 18:11:36.859,1.01259,1.01268,3.00,1.87
2017.02.22 18:11:37.012,1.0126,1.01269,2.25,1.25
2017.02.22 18:11:37.551,1.01259,1.01268,1.50,2.06
2017.02.22 18:11:37.855,1.01261,1.01269,1.00,1.87
2017.02.22 18:11:40.253,1.01261,1.01269,1.00,2.06
2017.02.22 18:11:40.356,1.01259,1.01269,1.87,3.19
2017.02.22 18:11:40.899,1.01259,1.01268,2.25,1.25
2017.02.22 18:11:42.418,1.0126,1.01268,1.00,1.25
2017.02.22 18:11:44.599,1.01262,1.01268,1.00,1.25
2017.02.22 18:11:44.782,1.01263,1.01271,2.06,1.37
2017.02.22 18:11:44.835,1.01264,1.01273,2.25,1.69
2017.02.22 18:11:45.387,1.01264,1.01274,2.62,2.44
2017.02.22 18:11:54.794,1.01265,1.01274,1.00,1.69
2017.02.22 18:11:55.296,1.01264,1.01274,1.87,1.69
2017.02.22 18:12:01.312,1.01265,1.01274,1.00,2.44
2017.02.22 18:12:02.264,1.01264,1.01274,1.87,2.44
2017.02.22 18:12:03.098,1.01263,1.01268,1.00,1.19
2017.02.22 18:12:03.195,1.01258,1.01268,1.87,3.19
2017.02.22 18:12:03.246,1.01258,1.01267,1.50,1.62
2017.02.22 18:12:03.399,1.0126,1.01268,1.00,3.56
2017.02.22 18:12:04.993,1.01259,1.01268,1.50,2.44
2017.02.22 18:12:05.556,1.0126,1.01268,1.00,2.06
2017.02.22 18:12:06.080,1.0126,1.01269,1.00,3.19
2017.02.22 18:12:06.403,1.01259,1.01267,1.00,1.69
2017.02.22 18:12:07.074,1.01258,1.01267,1.00,1.69
2017.02.22 18:12:07.627,1.0126,1.01269,1.50,3.56
2017.02.22 18:12:08.166,1.0126,1.01269,1.87,2.06
2017.02.22 18:12:08.713,1.01259,1.01268,1.50,1.25
2017.02.22 18:12:10.207,1.01258,1.01267,1.87,1.19
2017.02.22 18:12:15.910,1.01259,1.01268,1.00,2.06
2017.02.22 18:12:16.012,1.01259,1.01269,1.12,3.94
2017.02.22 18:12:16.861,1.0126,1.01269,1.00,2.25
2017.02.22 18:12:17.472,1.0126,1.01269,1.50,1.12
2017.02.22 18:12:24.271,1.01259,1.01267,1.12,1.19
2017.02.22 18:12:24.526,1.0126,1.01269,1.00,2.81
2017.02.22 18:12:26.789,1.01261,1.01269,1.00,2.06
2017.02.22 18:12:26.841,1.01263,1.0127,1.25,1.12
2017.02.22 18:12:27.045,1.01263,1.01273,1.12,1.69
2017.02.22 18:12:27.581,1.01264,1.01273,1.00,1.25
2017.02.22 18:12:28.746,1.01263,1.01274,2.62,3.56
2017.02.22 18:12:28.935,1.01261,1.01269,1.75,1.00
2017.02.22 18:12:29.239,1.01258,1.01267,1.87,2.81
2017.02.22 18:12:30.796,1.0126,1.01267,1.00,1.37
2017.02.22 18:12:30.985,1.01261,1.01269,1.00,1.25
2017.02.22 18:12:31.535,1.0126,1.01269,5.10,1.25
2017.02.22 18:12:31.637,1.01259,1.01266,2.25,1.00
2017.02.22 18:12:31.739,1.01258,1.01266,2.25,1.00
2017.02.22 18:12:31.841,1.01258,1.01266,2.62,1.00
2017.02.22 18:12:36.089,1.01258,1.01267,1.87,1.87
2017.02.22 18:12:36.675,1.01258,1.01266,2.62,1.00
2017.02.22 18:12:38.178,1.01258,1.01267,1.87,1.87
2017.02.22 18:12:38.872,1.01258,1.01266,1.87,1.00
2017.02.22 18:12:41.634,1.01257,1.01266,3.00,1.12
2017.02.22 18:12:42.179,1.01256,1.01266,3.00,1.12
2017.02.22 18:12:42.726,1.01257,1.01266,1.00,1.12
2017.02.22 18:12:43.336,1.01256,1.01266,2.62,1.12
2017.02.22 18:12:44.119,1.01257,1.01266,1.00,1.12
2017.02.22 18:12:44.274,1.01255,1.01264,2.62,1.00
2017.02.22 18:12:44.580,1.01254,1.01263,1.12,2.25
2017.02.22 18:12:48.350,1.01255,1.01263,1.00,1.87
2017.02.22 18:12:49.991,1.01254,1.01263,2.25,1.87
2017.02.22 18:12:50.565,1.01255,1.01263,1.00,1.87
2017.02.22 18:12:52.142,1.01256,1.01263,1.00,1.12
2017.02.22 18:12:53.064,1.01255,1.01263,1.87,1.50
2017.02.22 18:12:53.659,1.01256,1.01263,1.00,1.50
2017.02.22 18:12:54.295,1.01255,1.01263,1.87,1.50
2017.02.22 18:12:55.890,1.01257,1.01263,1.00,1.50
2017.02.22 18:12:56.245,1.01257,1.01265,1.00,1.25
2017.02.22 18:12:56.756,1.01256,1.01266,3.00,2.81
2017.02.22 18:12:59.471,1.01257,1.01266,1.00,3.19
2017.02.22 18:13:00.419,1.01258,1.01266,1.00,2.06
2017.02.22 18:13:00.938,1.01257,1.01266,2.62,2.06
2017.02.22 18:13:01.745,1.01259,1.01266,1.00,2.06
2017.02.22 18:13:02.345,1.01259,1.01266,1.12,1.25
2017.02.22 18:13:07.497,1.01258,1.01267,1.00,2.44
2017.02.22 18:13:09.510,1.01257,1.01266,1.12,1.25
2017.02.22 18:13:10.088,1.01258,1.01266,1.12,1.25
2017.02.22 18:13:14.521,1.01259,1.01266,1.00,1.25
2017.02.22 18:13:36.184,1.01258,1.01266,1.12,1.25
2017.02.22 18:13:36.930,1.0126,1.01268,4.72,1.50
2017.02.22 18:13:37.031,1.01262,1.0127,1.00,1.87
2017.02.22 18:13:37.571,1.01263,1.01271,1.87,1.31
2017.02.22 18:13:45.169,1.01264,1.01272,1.00,3.56
2017.02.22 18:13:46.344,1.01263,1.01272,1.87,3.56
2017.02.22 18:13:46.858,1.01264,1.01272,1.00,3.56
2017.02.22 18:13:51.805,1.01263,1.01271,1.12,1.62
2017.02.22 18:13:52.126,1.01259,1.01266,2.25,1.00
2017.02.22 18:13:52.647,1.01259,1.01267,1.87,1.12
2017.02.22 18:13:53.150,1.01259,1.01266,2.62,1.00
2017.02.22 18:13:55.279,1.01259,1.01267,1.87,1.12
2017.02.22 18:13:56.138,1.01259,1.01266,2.62,1.00
2017.02.22 18:13:56.777,1.0126,1.01266,1.00,1.00
2017.02.22 18:13:58.633,1.01259,1.01266,1.87,1.00
2017.02.22 18:14:00.100,1.01257,1.01267,3.37,2.44
2017.02.22 18:14:00.303,1.01256,1.01265,1.87,1.31
2017.02.22 18:14:01.767,1.01257,1.01264,1.00,1.25
2017.02.22 18:14:02.004,1.01257,1.01266,1.00,1.50
2017.02.22 18:14:02.563,1.01258,1.01266,1.00,1.50
2017.02.22 18:14:06.060,1.01259,1.01266,1.00,1.00
2017.02.22 18:14:07.800,1.01261,1.01266,1.00,1.00
2017.02.22 18:14:07.852,1.01261,1.01269,1.50,4.69
2017.02.22 18:14:08.362,1.01261,1.01269,2.25,2.06
2017.02.22 18:14:08.678,1.0126,1.01269,1.12,4.31
2017.02.22 18:14:08.729,1.01258,1.01266,2.62,1.00
2017.02.22 18:14:08.781,1.01258,1.01266,1.50,1.00
2017.02.22 18:14:11.708,1.01258,1.01267,1.00,2.25
2017.02.22 18:14:12.213,1.01258,1.01266,1.50,1.00
2017.02.22 18:14:14.902,1.01257,1.01266,3.37,1.12
2017.02.22 18:14:16.281,1.01258,1.01266,1.00,1.50
2017.02.22 18:14:18.198,1.01257,1.01266,2.25,1.00
2017.02.22 18:14:18.738,1.01258,1.01266,1.12,1.12
2017.02.22 18:14:19.493,1.01259,1.01266,1.00,1.12
2017.02.22 18:14:20.131,1.01258,1.01266,1.12,1.12
2017.02.22 18:14:24.537,1.01257,1.01266,1.00,1.50
2017.02.22 18:14:36.236,1.01257,1.01266,1.50,3.00
2017.02.22 18:14:36.776,1.01257,1.01266,1.50,2.25
2017.02.22 18:14:38.640,1.01257,1.01266,1.00,2.44
2017.02.22 18:14:39.198,1.01256,1.01264,1.12,1.00
2017.02.22 18:14:44.956,1.01256,1.01265,1.12,1.25
2017.02.22 18:14:45.964,1.01256,1.01264,1.12,1.00
2017.02.22 18:14:47.828,1.01256,1.01265,1.12,1.69
2017.02.22 18:14:48.417,1.01256,1.01264,1.12,1.00
2017.02.22 18:14:50.040,1.01255,1.01265,2.25,1.69
2017.02.22 18:14:50.654,1.01256,1.01264,1.12,1.00
2017.02.22 18:14:51.387,1.01256,1.01265,1.12,1.69
2017.02.22 18:14:52.042,1.01255,1.01264,1.50,1.00
2017.02.22 18:14:52.245,1.01252,1.01264,3.94,3.37
2017.02.22 18:14:52.759,1.01254,1.01264,1.00,3.37
2017.02.22 18:14:55.157,1.01253,1.01264,2.06,1.87
2017.02.22 18:14:55.816,1.01253,1.01264,2.44,1.50
2017.02.22 18:14:56.205,1.01253,1.01263,2.25,1.19
2017.02.22 18:14:59.616,1.01252,1.01261,1.75,1.00
2017.02.22 18:14:59.769,1.01252,1.01261,1.00,2.25
2017.02.22 18:15:00.524,1.01251,1.01261,2.62,2.25
2017.02.22 18:15:07.368,1.01251,1.01261,2.62,2.25
2017.02.22 18:15:07.998,1.01251,1.01261,2.62,1.12
2017.02.22 18:15:08.101,1.01254,1.01261,1.00,2.25
2017.02.22 18:15:09.820,1.01251,1.01261,3.75,1.12
2017.02.22 18:15:17.182,1.01254,1.01261,1.12,1.00
2017.02.22 18:15:17.730,1.01253,1.01262,1.50,2.06
2017.02.22 18:15:19.171,1.01253,1.01262,1.12,2.81
2017.02.22 18:15:22.617,1.01254,1.01262,1.00,1.31
2017.02.22 18:15:25.110,1.01253,1.01262,1.00,7.16
2017.02.22 18:15:25.624,1.01251,1.01261,4.50,1.12
2017.02.22 18:15:26.136,1.01253,1.01261,1.00,1.00
2017.02.22 18:15:26.892,1.01253,1.01262,1.00,3.19
2017.02.22 18:15:27.659,1.01253,1.01261,1.50,1.00
2017.02.22 18:15:28.185,1.01253,1.01262,1.00,3.19
2017.02.22 18:15:32.213,1.01254,1.01262,1.00,1.69
2017.02.22 18:15:32.857,1.01253,1.01262,1.50,1.69
2017.02.22 18:15:33.533,1.01254,1.01262,1.00,1.69
2017.02.22 18:15:34.061,1.01253,1.01262,1.50,1.69
2017.02.22 18:15:36.430,1.01251,1.01262,4.50,3.19
2017.02.22 18:15:36.974,1.01253,1.01262,1.00,3.19
2017.02.22 18:15:41.812,1.01253,1.01261,1.00,1.00
2017.02.22 18:15:44.607,1.01253,1.01262,1.00,1.69
2017.02.22 18:15:45.139,1.01251,1.01262,3.00,4.69
2017.02.22 18:15:46.273,1.01251,1.01261,2.25,1.00
2017.02.22 18:15:48.191,1.0125,1.01259,5.25,1.25
2017.02.22 18:15:48.529,1.01249,1.01259,1.12,4.69
2017.02.22 18:15:49.101,1.01249,1.01259,1.00,5.06
2017.02.22 18:15:49.671,1.01248,1.01258,1.87,1.12
2017.02.22 18:15:57.954,1.01248,1.01258,2.62,2.81
2017.02.22 18:15:58.528,1.01249,1.01258,1.00,2.06
2017.02.22 18:15:59.070,1.0125,1.01258,1.00,2.06
2017.02.22 18:16:00.210,1.01249,1.01258,1.50,1.31
2017.02.22 18:16:01.036,1.0125,1.01258,1.00,2.06
2017.02.22 18:16:02.838,1.01249,1.01258,1.50,1.31
2017.02.22 18:16:03.332,1.0125,1.01259,1.87,1.87
2017.02.22 18:16:04.239,1.01251,1.0126,1.50,1.31
2017.02.22 18:16:04.978,1.01251,1.01259,2.25,1.00
2017.02.22 18:16:06.025,1.0125,1.01259,3.00,3.19
2017.02.22 18:16:06.569,1.0125,1.01259,2.62,3.56
2017.02.22 18:16:20.858,1.01249,1.01259,2.25,2.81
2017.02.22 18:16:21.576,1.0125,1.01259,1.00,4.31
2017.02.22 18:16:28.017,1.01249,1.01259,2.25,2.44
2017.02.22 18:16:28.600,1.01248,1.01257,1.12,1.50
2017.02.22 18:16:29.124,1.01248,1.01259,1.12,3.56
2017.02.22 18:16:30.033,1.01249,1.01259,1.00,2.81
2017.02.22 18:16:32.505,1.01248,1.01259,1.87,2.06
2017.02.22 18:16:33.018,1.01249,1.01259,1.00,2.81
2017.02.22 18:16:33.592,1.0125,1.01259,1.00,2.81
2017.02.22 18:16:34.683,1.01249,1.01259,1.50,2.81
2017.02.22 18:16:47.853,1.01251,1.01258,1.00,1.25
2017.02.22 18:16:51.921,1.0125,1.01259,1.87,2.06
2017.02.22 18:16:56.748,1.01251,1.01259,1.00,1.69
2017.02.22 18:16:58.147,1.0125,1.01259,2.62,2.06
2017.02.22 18:17:03.482,1.01248,1.01258,2.62,1.69
2017.02.22 18:17:03.668,1.01248,1.01257,1.87,1.25
2017.02.22 18:17:05.551,1.01248,1.01256,1.87,1.00
2017.02.22 18:17:06.261,1.01248,1.01258,1.87,2.06
2017.02.22 18:17:08.823,1.01249,1.01258,1.00,1.31
2017.02.22 18:17:11.094,1.01248,1.01259,1.87,4.31
2017.02.22 18:17:14.928,1.01249,1.01259,1.00,3.56
2017.02.22 18:17:18.232,1.0125,1.01259,1.50,3.56
2017.02.22 18:17:18.407,1.01253,1.01261,1.00,4.31
2017.02.22 18:17:18.914,1.01253,1.01261,2.25,1.25
2017.02.22 18:17:19.335,1.01253,1.01259,1.12,2.06
2017.02.22 18:17:19.386,1.0125,1.01259,1.50,2.06
2017.02.22 18:17:22.241,1.01249,1.01259,1.87,2.06
2017.02.22 18:17:29.028,1.0125,1.01259,1.00,2.44
2017.02.22 18:17:29.201,1.01251,1.01259,1.50,1.69
2017.02.22 18:17:29.405,1.0125,1.01259,1.87,1.69
2017.02.22 18:17:31.229,1.01251,1.01259,1.00,1.69
2017.02.22 18:17:32.112,1.0125,1.01259,1.87,1.69
2017.02.22 18:17:34.047,1.01251,1.01259,1.00,1.00
2017.02.22 18:17:34.584,1.01251,1.01259,1.50,1.00
2017.02.22 18:17:35.620,1.01251,1.01259,1.12,1.00
2017.02.22 18:17:37.157,1.0125,1.01259,2.25,3.19
2017.02.22 18:17:37.759,1.0125,1.01259,1.00,2.06
2017.02.22 18:17:42.184,1.01249,1.01259,1.12,2.44
2017.02.22 18:17:43.191,1.0125,1.01259,1.00,2.06
2017.02.22 18:17:44.169,1.01249,1.01259,1.87,2.06
2017.02.22 18:17:57.103,1.0125,1.01259,1.00,2.06
2017.02.22 18:17:57.651,1.01251,1.01259,1.50,2.06
2017.02.22 18:17:58.820,1.01252,1.01259,1.00,2.06
2017.02.22 18:17:59.354,1.01251,1.01259,1.50,1.31
2017.02.22 18:17:59.912,1.01252,1.01259,1.00,2.06
2017.02.22 18:18:01.122,1.01251,1.01259,1.00,2.06
2017.02.22 18:18:01.670,1.01251,1.01259,1.12,1.00
2017.02.22 18:18:04.427,1.01253,1.01261,1.00,3.19
2017.02.22 18:18:04.878,1.01257,1.01266,1.00,1.12
2017.02.22 18:18:05.382,1.01256,1.01266,2.62,1.12
2017.02.22 18:18:06.232,1.01257,1.01267,1.00,2.06
2017.02.22 18:18:06.757,1.01258,1.01266,1.12,1.00
2017.02.22 18:18:08.667,1.01258,1.01267,1.12,1.25
2017.02.22 18:18:09.190,1.01258,1.01266,1.12,1.00
2017.02.22 18:18:10.009,1.01258,1.01267,1.12,1.25
2017.02.22 18:18:10.771,1.01258,1.01266,1.12,1.00
2017.02.22 18:18:11.295,1.01258,1.01268,1.12,2.44
2017.02.22 18:18:18.168,1.0126,1.01268,1.00,1.50
2017.02.22 18:18:18.374,1.01266,1.01275,1.37,1.50
2017.02.22 18:18:18.476,1.01265,1.01275,1.87,1.87
2017.02.22 18:18:20.566,1.01267,1.01276,1.00,1.69
2017.02.22 18:18:26.575,1.01266,1.01278,3.00,3.94
2017.02.22 18:18:27.177,1.01266,1.01278,3.75,3.19
2017.02.22 18:18:35.042,1.01268,1.01278,1.00,3.19
2017.02.22 18:18:39.389,1.01269,1.01278,1.00,3.19
2017.02.22 18:18:43.196,1.0127,1.01278,1.00,1.69
2017.02.22 18:18:43.707,1.01269,1.01278,1.00,1.69
2017.02.22 18:18:47.493,1.01268,1.01278,1.50,1.69
2017.02.22 18:18:50.975,1.01269,1.01278,1.00,1.69
2017.02.22 18:18:51.656,1.01269,1.01278,2.62,1.19
2017.02.22 18:18:52.211,1.01269,1.01278,2.25,1.31
2017.02.22 18:18:58.539,1.0127,1.01278,1.00,1.31
2017.02.22 18:18:59.097,1.01271,1.01278,1.50,1.19
2017.02.22 18:19:01.889,1.01272,1.01278,1.00,1.19
2017.02.22 18:19:02.485,1.01271,1.01278,1.50,1.19
2017.02.22 18:19:03.033,1.0127,1.01278,1.12,1.19
2017.02.22 18:19:04.161,1.01273,1.01278,1.00,1.19
2017.02.22 18:19:04.263,1.01274,1.01281,1.00,1.12
2017.02.22 18:19:04.365,1.01276,1.01282,1.87,1.12
2017.02.22 18:19:04.857,1.01277,1.01288,1.00,2.06
2017.02.22 18:19:05.514,1.01277,1.01288,1.87,1.94
2017.02.22 18:19:05.869,1.01281,1.01289,1.00,3.94
2017.02.22 18:19:05.971,1.0128,1.01289,1.00,1.69
2017.02.22 18:19:06.556,1.01279,1.01289,1.00,1.69
2017.02.22 18:19:07.233,1.0128,1.01289,1.00,1.69
2017.02.22 18:19:07.868,1.0128,1.01289,1.00,1.25
2017.02.22 18:19:08.481,1.0128,1.0129,1.00,2.62
2017.02.22 18:19:09.018,1.0128,1.01289,1.00,1.00
2017.02.22 18:19:09.539,1.0128,1.0129,1.00,2.62
2017.02.22 18:19:10.069,1.0128,1.01289,1.00,1.00
2017.02.22 18:19:10.573,1.01279,1.01289,1.00,1.50
2017.02.22 18:19:11.721,1.0128,1.01289,1.50,1.50
2017.02.22 18:19:11.823,1.01281,1.01291,1.00,2.06
2017.02.22 18:19:12.313,1.0128,1.01289,1.00,1.50
2017.02.22 18:19:12.899,1.0128,1.01289,1.00,2.25
2017.02.22 18:19:13.449,1.0128,1.01289,1.00,2.25
2017.02.22 18:19:13.803,1.01278,1.01289,1.00,4.12
2017.02.22 18:19:13.854,1.01277,1.01288,1.25,3.37
2017.02.22 18:19:16.199,1.01278,1.01287,1.00,1.00
2017.02.22 18:19:16.986,1.01277,1.01288,3.19,1.50
2017.02.22 18:19:18.038,1.01278,1.01286,1.00,1.00
2017.02.22 18:19:19.024,1.01277,1.01286,3.19,1.00
2017.02.22 18:19:22.636,1.01278,1.01286,1.00,1.00
2017.02.22 18:19:24.130,1.01278,1.01289,1.50,1.87
2017.02.22 18:19:24.675,1.01278,1.01288,1.87,1.00
2017.02.22 18:19:25.406,1.01278,1.01289,1.00,3.00
2017.02.22 18:19:26.011,1.01278,1.01288,1.00,1.75
2017.02.22 18:19:26.737,1.01277,1.01288,1.12,1.87
2017.02.22 18:19:27.317,1.01276,1.01287,1.87,2.62
2017.02.22 18:19:28.940,1.01276,1.01285,1.87,1.31
2017.02.22 18:19:28.991,1.01272,1.01282,1.75,1.50
2017.02.22 18:19:29.093,1.01272,1.01282,1.50,1.69
2017.02.22 18:19:32.044,1.0127,1.01282,3.37,8.25
2017.02.22 18:19:32.559,1.01271,1.01282,1.00,3.56
2017.02.22 18:19:33.112,1.01272,1.01282,1.00,4.31
2017.02.22 18:19:34.339,1.01274,1.01282,1.50,1.75
2017.02.22 18:19:34.441,1.01275,1.01284,1.00,1.50
2017.02.22 18:19:34.954,1.01275,1.01285,1.00,1.62
2017.02.22 18:19:36.117,1.01275,1.01285,1.00,1.62
2017.02.22 18:19:36.525,1.01275,1.01287,2.25,7.31
2017.02.22 18:19:37.048,1.01275,1.01285,1.50,1.25
2017.02.22 18:19:37.149,1.01275,1.01283,1.50,1.00
2017.02.22 18:19:37.940,1.01275,1.01286,2.25,1.69
2017.02.22 18:19:39.549,1.01274,1.01285,2.62,1.62
2017.02.22 18:19:39.856,1.01274,1.01285,2.25,2.00
2017.02.22 18:19:43.411,1.01276,1.01286,1.00,4.69
2017.02.22 18:19:43.563,1.01276,1.01286,1.00,2.44
2017.02.22 18:19:43.766,1.01275,1.01285,1.00,2.00
2017.02.22 18:19:44.423,1.01274,1.01285,1.50,2.06
2017.02.22 18:19:51.360,1.01277,1.01285,1.00,2.00
2017.02.22 18:19:51.411,1.01275,1.01285,1.00,2.00
2017.02.22 18:19:53.679,1.01276,1.01285,1.00,2.00
2017.02.22 18:19:56.258,1.01275,1.01285,1.00,2.00
2017.02.22 18:19:57.200,1.01276,1.01286,1.00,4.69
2017.02.22 18:19:57.302,1.01276,1.01286,1.00,2.81
2017.02.22 18:19:58.022,1.01277,1.01286,1.00,2.44
2017.02.22 18:19:58.124,1.01279,1.01287,1.00,1.12
2017.02.22 18:19:58.278,1.01279,1.01288,1.00,1.00
2017.02.22 18:19:58.329,1.01277,1.01287,1.00,1.25
2017.02.22 18:19:58.482,1.01276,1.01287,2.62,2.44
2017.02.22 18:19:58.817,1.01278,1.01287,1.00,1.37
2017.02.22 18:19:59.335,1.01277,1.01288,3.00,1.12
2017.02.22 18:19:59.639,1.01279,1.01289,1.00,2.62
2017.02.22 18:20:00.147,1.0128,1.01288,1.00,1.37
2017.02.22 18:20:00.300,1.01282,1.01293,3.00,2.06
2017.02.22 18:20:00.805,1.01281,1.01291,1.00,2.06
2017.02.22 18:20:00.856,1.01283,1.01291,1.00,1.37
2017.02.22 18:20:01.162,1.01285,1.01297,2.62,7.16
2017.02.22 18:20:01.213,1.01285,1.01296,2.62,1.62
2017.02.22 18:20:01.264,1.01284,1.01295,3.00,1.56
2017.02.22 18:20:01.649,1.01286,1.01297,1.00,2.81
2017.02.22 18:20:02.374,1.01286,1.01297,3.37,1.12
2017.02.22 18:20:02.896,1.01287,1.01297,1.00,1.37
2017.02.22 18:20:03.319,1.01285,1.01295,1.00,1.62
2017.02.22 18:20:03.822,1.01285,1.01295,1.00,1.62
2017.02.22 18:20:04.125,1.01287,1.01297,1.00,7.69
2017.02.22 18:20:04.177,1.01287,1.01295,1.00,1.00
2017.02.22 18:20:04.710,1.01286,1.01296,1.00,2.62
2017.02.22 18:20:05.226,1.01285,1.01296,2.06,2.62
2017.02.22 18:20:05.825,1.01286,1.01296,1.00,2.62
2017.02.22 18:20:06.333,1.01289,1.01298,1.00,2.81
2017.02.22 18:20:06.384,1.01288,1.01297,1.00,1.25
2017.02.22 18:20:06.790,1.01287,1.01297,2.25,1.31
2017.02.22 18:20:07.310,1.01287,1.01298,1.00,2.44
2017.02.22 18:20:07.516,1.01289,1.01299,1.12,2.62
2017.02.22 18:20:07.618,1.01289,1.01296,1.00,1.00
2017.02.22 18:20:07.922,1.01288,1.01298,1.00,1.00
2017.02.22 18:20:08.327,1.01286,1.01298,4.12,2.44
2017.02.22 18:20:08.429,1.01286,1.01297,4.12,1.31
2017.02.22 18:20:08.938,1.01286,1.01295,1.00,1.37
2017.02.22 18:20:10.893,1.01285,1.01295,2.25,1.37
2017.02.22 18:20:11.606,1.01286,1.01295,1.00,1.87
2017.02.22 18:20:11.658,1.01284,1.01295,1.00,3.94
2017.02.22 18:20:11.709,1.01283,1.0129,2.25,1.00
2017.02.22 18:20:11.863,1.0128,1.01292,2.25,10.16
2017.02.22 18:20:12.369,1.0128,1.01291,2.25,1.31
2017.02.22 18:20:13.232,1.01283,1.01292,1.50,1.75
2017.02.22 18:20:13.334,1.01283,1.01293,2.06,1.50
2017.02.22 18:20:13.486,1.01283,1.0129,1.00,1.25
2017.02.22 18:20:13.589,1.0128,1.01289,1.87,1.87
2017.02.22 18:20:13.640,1.0128,1.01289,1.00,2.25
2017.02.22 18:20:13.692,1.01278,1.01289,3.00,3.37
2017.02.22 18:20:14.512,1.01277,1.01288,1.87,1.87
2017.02.22 18:20:15.054,1.01278,1.01287,1.00,1.00
2017.02.22 18:20:15.662,1.01281,1.01289,1.00,2.25
2017.02.22 18:20:15.814,1.01282,1.01292,1.00,2.62
2017.02.22 18:20:16.270,1.01285,1.01293,1.00,1.37
2017.02.22 18:20:16.777,1.01285,1.01295,1.00,1.75
2017.02.22 18:20:17.621,1.01284,1.01295,1.50,1.75
2017.02.22 18:20:17.922,1.01286,1.01295,1.00,1.75
2017.02.22 18:20:18.741,1.01289,1.01294,1.00,1.00
2017.02.22 18:20:19.277,1.01288,1.01296,1.00,1.37
2017.02.22 18:20:19.941,1.01289,1.01296,1.00,1.37
2017.02.22 18:20:21.290,1.01288,1.01296,1.00,1.37
2017.02.22 18:20:21.792,1.01289,1.01296,1.00,1.37
2017.02.22 18:20:22.528,1.01286,1.01295,1.00,1.69
2017.02.22 18:20:23.057,1.01286,1.01295,1.00,2.06
2017.02.22 18:20:24.701,1.01283,1.01293,3.94,1.00
2017.02.22 18:20:24.804,1.01286,1.01294,2.25,1.50
2017.02.22 18:20:25.058,1.01287,1.01296,1.00,1.50
2017.02.22 18:20:25.160,1.01286,1.01296,3.00,1.75
2017.02.22 18:20:25.501,1.01286,1.01292,1.00,1.37
2017.02.22 18:20:25.805,1.01283,1.01292,1.00,1.50
2017.02.22 18:20:26.311,1.01282,1.01291,1.00,1.00
2017.02.22 18:20:26.517,1.01281,1.0129,1.12,1.37
2017.02.22 18:20:28.314,1.01283,1.01292,1.00,1.75
2017.02.22 18:20:28.571,1.01283,1.01294,1.00,4.31
2017.02.22 18:20:28.739,1.01281,1.01291,1.00,2.06
2017.02.22 18:20:28.843,1.01281,1.01289,1.00,1.00
2017.02.22 18:20:29.353,1.01281,1.0129,1.87,1.12
2017.02.22 18:20:30.103,1.01282,1.0129,1.00,1.00
2017.02.22 18:20:30.639,1.01281,1.01291,1.12,1.31
2017.02.22 18:20:32.931,1.01281,1.01291,1.12,1.69
2017.02.22 18:20:40.652,1.01279,1.0129,1.69,1.50
2017.02.22 18:20:40.958,1.01279,1.0129,1.00,1.87
2017.02.22 18:20:41.010,1.01279,1.01289,1.12,1.00
2017.02.22 18:20:43.571,1.0128,1.0129,1.50,1.87
2017.02.22 18:20:44.171,1.01281,1.0129,1.00,2.44
2017.02.22 18:20:45.926,1.01282,1.0129,1.00,2.06
2017.02.22 18:20:46.153,1.01279,1.01288,1.87,1.00
2017.02.22 18:20:46.457,1.01278,1.01285,1.87,2.25
2017.02.22 18:20:46.937,1.01278,1.01285,1.00,3.37
2017.02.22 18:20:47.588,1.01278,1.01283,1.00,1.00
2017.02.22 18:20:49.088,1.01277,1.01284,1.00,2.25
2017.02.22 18:20:49.831,1.01278,1.01284,1.00,3.00
2017.02.22 18:20:50.909,1.01275,1.01284,1.00,2.25
2017.02.22 18:20:51.457,1.01276,1.01283,1.00,1.00
2017.02.22 18:20:51.609,1.01271,1.01281,1.37,1.31
2017.02.22 18:20:51.711,1.0127,1.01279,1.50,1.00
2017.02.22 18:20:52.217,1.01269,1.01279,1.00,3.37
2017.02.22 18:20:52.879,1.01268,1.01279,2.62,2.62
2017.02.22 18:20:53.423,1.01269,1.01279,1.00,4.12
2017.02.22 18:20:53.927,1.01268,1.01278,4.12,1.00
2017.02.22 18:20:54.531,1.01269,1.01278,1.50,1.00
2017.02.22 18:20:55.225,1.01268,1.01278,3.37,1.00
2017.02.22 18:20:56.280,1.01269,1.01278,1.50,1.00
2017.02.22 18:20:57.212,1.0127,1.01278,1.00,1.00
2017.02.22 18:20:57.762,1.01271,1.01279,1.00,3.00
2017.02.22 18:20:58.015,1.01269,1.01278,1.00,1.00
2017.02.22 18:20:58.578,1.01269,1.01277,1.00,1.00
2017.02.22 18:20:59.100,1.01269,1.01278,1.00,1.50
2017.02.22 18:20:59.732,1.01268,1.01278,1.31,1.50
2017.02.22 18:20:59.784,1.01269,1.01276,1.00,1.12
2017.02.22 18:21:00.089,1.01269,1.01276,1.00,2.25
2017.02.22 18:21:00.672,1.01269,1.01276,1.00,2.25
2017.02.22 18:21:01.217,1.01269,1.01276,1.00,1.87
2017.02.22 18:21:01.871,1.01268,1.01276,1.00,1.87
2017.02.22 18:21:02.630,1.01269,1.01276,1.00,1.87
2017.02.22 18:21:06.018,1.01268,1.01276,1.00,1.12
2017.02.22 18:21:06.613,1.01269,1.01277,1.00,1.00
2017.02.22 18:21:07.274,1.01269,1.01278,1.00,2.25
2017.02.22 18:21:15.573,1.01269,1.01278,1.00,2.62
2017.02.22 18:21:17.961,1.01269,1.01278,1.00,2.81
2017.02.22 18:21:21.343,1.01268,1.01278,1.00,2.44
2017.02.22 18:21:21.895,1.01269,1.01278,1.00,3.19
2017.02.22 18:21:23.646,1.01271,1.01279,1.00,1.87
2017.02.22 18:21:23.699,1.01269,1.01279,1.00,1.87
2017.02.22 18:21:23.750,1.01269,1.01279,1.00,3.56
2017.02.22 18:21:24.071,1.01269,1.01278,1.00,2.06
2017.02.22 18:21:24.631,1.01268,1.01278,1.00,2.00
2017.02.22 18:21:25.178,1.01269,1.01278,1.00,2.00
2017.02.22 18:21:27.341,1.01268,1.01278,1.00,2.00
2017.02.22 18:21:27.898,1.01269,1.01278,1.00,2.00
2017.02.22 18:21:31.914,1.01269,1.01277,1.00,3.00
2017.02.22 18:21:32.451,1.01268,1.01277,1.00,3.00
2017.02.22 18:21:32.705,1.01269,1.01278,1.00,2.25
2017.02.22 18:21:33.175,1.01269,1.01277,1.00,2.44
2017.02.22 18:21:33.799,1.01269,1.01277,1.00,2.25
2017.02.22 18:21:38.953,1.01268,1.01277,1.00,1.87
2017.02.22 18:21:39.476,1.01269,1.01275,1.00,1.37
2017.02.22 18:21:40.678,1.01266,1.01275,1.00,2.81
2017.02.22 18:21:40.729,1.01265,1.01272,1.00,1.00
2017.02.22 18:21:41.236,1.01266,1.01272,1.00,1.87
2017.02.22 18:21:42.686,1.01263,1.01272,1.50,1.87
2017.02.22 18:21:42.790,1.01261,1.01269,2.62,1.00
2017.02.22 18:21:42.963,1.01258,1.01269,1.50,2.81
2017.02.22 18:21:43.488,1.01258,1.01268,1.00,2.44
2017.02.22 18:21:44.618,1.01259,1.01268,1.00,2.25
2017.02.22 18:21:47.773,1.01258,1.01269,1.69,3.37
2017.02.22 18:21:48.302,1.01257,1.01268,2.25,3.00
2017.02.22 18:21:51.942,1.01256,1.01267,3.37,1.87
2017.02.22 18:21:52.523,1.01257,1.01267,1.00,2.62
2017.02.22 18:21:54.375,1.01256,1.01267,2.62,1.37
2017.02.22 18:21:54.882,1.01257,1.01267,1.00,1.37
2017.02.22 18:21:55.493,1.01256,1.01267,4.12,1.37
2017.02.22 18:21:55.600,1.01258,1.01268,1.00,3.75
2017.02.22 18:21:58.070,1.0126,1.01268,1.00,3.75
2017.02.22 18:21:58.191,1.01261,1.0127,1.00,1.75
2017.02.22 18:21:58.408,1.01259,1.0127,1.12,4.16
2017.02.22 18:21:58.459,1.01257,1.01268,1.87,1.37
2017.02.22 18:21:58.813,1.01259,1.01269,1.00,2.62
2017.02.22 18:21:59.393,1.01258,1.01269,1.50,3.00
2017.02.22 18:22:00.539,1.01257,1.01268,3.75,1.50
2017.02.22 18:22:00.844,1.01259,1.01268,1.00,1.50
2017.02.22 18:22:04.307,1.01257,1.01268,3.37,1.50
2017.02.22 18:22:04.838,1.01257,1.01268,2.25,1.87
2017.02.22 18:22:05.367,1.01256,1.01267,3.37,2.25
2017.02.22 18:22:06.028,1.01255,1.01264,1.69,1.00
2017.02.22 18:22:06.537,1.01256,1.01266,1.00,3.00
2017.02.22 18:22:09.236,1.01255,1.01266,6.00,1.50
2017.02.22 18:22:11.714,1.01256,1.01265,1.00,1.87
2017.02.22 18:22:12.265,1.01256,1.01268,4.50,4.12
2017.02.22 18:22:12.899,1.01256,1.01268,5.25,4.12
2017.02.22 18:22:14.952,1.01257,1.01268,1.00,4.12
2017.02.22 18:22:15.910,1.01256,1.01268,3.75,3.37
2017.02.22 18:22:16.626,1.01257,1.01268,1.00,2.62
2017.02.22 18:22:20.933,1.01256,1.01268,4.50,1.87
2017.02.22 18:22:21.947,1.01257,1.01268,1.00,1.87
2017.02.22 18:22:23.135,1.01258,1.01268,1.00,1.12
2017.02.22 18:22:23.689,1.01258,1.01269,1.00,3.37
2017.02.22 18:22:24.224,1.01257,1.01268,1.87,1.37
2017.02.22 18:22:24.571,1.0126,1.01269,2.25,2.62
2017.02.22 18:22:24.725,1.0126,1.01271,3.00,1.00
2017.02.22 18:22:24.776,1.01259,1.01269,1.87,1.00
2017.02.22 18:22:24.930,1.01257,1.01268,1.50,1.75
2017.02.22 18:22:25.032,1.01259,1.01269,1.00,3.37
2017.02.22 18:22:25.397,1.01259,1.0127,3.56,2.25
2017.02.22 18:22:25.499,1.01257,1.01269,5.10,1.87
2017.02.22 18:22:26.006,1.01258,1.01268,1.00,1.50
2017.02.22 18:22:26.601,1.01257,1.01268,3.75,1.50
2017.02.22 18:22:27.409,1.01258,1.01269,1.00,2.62
2017.02.22 18:22:28.927,1.0126,1.01269,1.00,1.75
2017.02.22 18:22:29.028,1.01259,1.0127,1.12,3.56
2017.02.22 18:22:30.182,1.0126,1.0127,1.00,2.44
2017.02.22 18:22:30.963,1.01261,1.01271,1.50,1.94
2017.02.22 18:22:31.014,1.01264,1.01272,1.25,1.87
2017.02.22 18:22:31.116,1.01263,1.01274,3.19,1.75
2017.02.22 18:22:31.168,1.01263,1.01274,1.50,3.00
2017.02.22 18:22:31.676,1.01263,1.01272,1.69,1.12
2017.02.22 18:22:32.207,1.01266,1.01274,1.00,1.75
2017.02.22 18:22:32.309,1.01266,1.01274,1.50,1.00
2017.02.22 18:22:32.852,1.01266,1.01276,1.50,1.50
2017.02.22 18:22:33.402,1.01265,1.01276,1.87,2.44
2017.02.22 18:22:34.136,1.01264,1.01275,1.50,4.31
2017.02.22 18:22:34.289,1.01263,1.01274,1.87,1.50
2017.02.22 18:22:34.442,1.01264,1.01273,1.25,1.75
2017.02.22 18:22:34.645,1.01263,1.01273,1.87,1.12
2017.02.22 18:22:35.190,1.01263,1.01273,2.06,1.12
2017.02.22 18:22:35.752,1.01263,1.01273,1.50,1.50
2017.02.22 18:22:36.259,1.01262,1.01273,2.62,1.50
2017.02.22 18:22:37.234,1.01264,1.01273,1.00,1.50
2017.02.22 18:22:39.476,1.01262,1.01273,1.87,4.12
2017.02.22 18:22:39.783,1.01262,1.01272,1.00,3.00
2017.02.22 18:22:40.037,1.01262,1.01272,1.50,1.50
2017.02.22 18:22:40.835,1.01261,1.01272,2.62,2.25
2017.02.22 18:22:41.209,1.01259,1.01269,1.75,1.50
2017.02.22 18:22:41.260,1.01259,1.01269,1.00,2.25
2017.02.22 18:22:42.019,1.01259,1.01269,1.12,1.00
2017.02.22 18:22:42.343,1.01257,1.01268,1.12,3.37
2017.02.22 18:22:43.969,1.0126,1.01269,1.00,1.87
2017.02.22 18:22:44.093,1.01259,1.01269,1.12,1.12
2017.02.22 18:22:44.146,1.01259,1.01269,1.00,2.25
2017.02.22 18:22:44.351,1.01257,1.01268,1.87,1.87
2017.02.22 18:22:45.208,1.01258,1.01268,1.00,1.87
2017.02.22 18:22:45.738,1.01257,1.01268,1.12,1.50
2017.02.22 18:22:52.173,1.01258,1.01268,1.00,1.50
2017.02.22 18:22:52.833,1.01257,1.01268,1.12,1.50
2017.02.22 18:23:06.803,1.01256,1.01267,1.50,3.75
2017.02.22 18:23:07.006,1.01255,1.01265,4.12,1.00
2017.02.22 18:23:07.209,1.01255,1.01265,1.50,2.62
2017.02.22 18:23:07.361,1.01253,1.01264,2.62,3.19
2017.02.22 18:23:13.244,1.01253,1.01262,1.37,1.00
2017.02.22 18:23:13.397,1.01249,1.0126,2.62,1.69
2017.02.22 18:23:13.612,1.01247,1.01257,1.87,2.25
2017.02.22 18:23:14.114,1.01247,1.01257,1.50,1.37
2017.02.22 18:23:14.659,1.01246,1.01258,2.62,2.62
2017.02.22 18:23:15.074,1.01248,1.01258,1.00,2.62
2017.02.22 18:23:15.686,1.01247,1.01258,1.00,2.62
2017.02.22 18:23:16.230,1.01246,1.01258,3.37,2.62
2017.02.22 18:23:16.749,1.01247,1.01258,1.00,2.62
2017.02.22 18:23:18.093,1.01246,1.01256,1.12,1.12
2017.02.22 18:23:18.444,1.01246,1.01256,2.25,1.87
2017.02.22 18:23:18.495,1.01247,1.01256,1.00,1.00
2017.02.22 18:23:19.602,1.01246,1.01256,3.00,1.00
2017.02.22 18:23:20.118,1.01246,1.01255,1.50,1.50
2017.02.22 18:23:24.327,1.01245,1.01255,2.44,1.50
2017.02.22 18:23:24.848,1.01246,1.01255,1.00,1.50
2017.02.22 18:23:25.501,1.01245,1.01255,3.19,1.50
2017.02.22 18:23:29.287,1.01245,1.01255,2.81,1.50
2017.02.22 18:23:29.794,1.01245,1.01255,2.81,1.50
2017.02.22 18:23:35.486,1.01244,1.01253,3.19,1.50
2017.02.22 18:23:35.740,1.01242,1.01253,1.12,2.62
2017.02.22 18:23:38.450,1.01241,1.01252,2.62,2.44
2017.02.22 18:23:38.602,1.01241,1.01251,1.12,4.69
2017.02.22 18:23:38.755,1.01239,1.01249,2.62,1.37
2017.02.22 18:23:39.352,1.0124,1.01249,1.00,1.87
2017.02.22 18:23:39.788,1.01238,1.01248,3.00,1.00
2017.02.22 18:23:40.194,1.01242,1.01248,1.00,2.06
2017.02.22 18:23:40.296,1.01239,1.01249,3.00,2.81
2017.02.22 18:23:40.347,1.01243,1.0125,1.00,2.62
2017.02.22 18:23:40.609,1.01242,1.01252,1.00,2.25
2017.02.22 18:23:41.210,1.01241,1.01252,1.87,3.75
2017.02.22 18:23:41.650,1.01242,1.01252,1.00,1.50
2017.02.22 18:23:42.290,1.01241,1.01252,1.50,1.50
2017.02.22 18:23:42.826,1.01242,1.01252,1.00,2.62
2017.02.22 18:23:42.928,1.0124,1.01249,1.37,1.00
2017.02.22 18:23:43.031,1.01239,1.0125,1.69,4.12
2017.02.22 18:23:43.202,1.0124,1.0125,1.31,2.25
2017.02.22 18:23:43.319,1.01241,1.01251,1.69,1.87
2017.02.22 18:23:43.828,1.01241,1.01251,1.31,1.12
2017.02.22 18:23:44.452,1.01241,1.01251,2.06,1.50
2017.02.22 18:23:44.654,1.01239,1.0125,2.81,2.62
2017.02.22 18:23:45.173,1.01239,1.01249,1.69,2.62
2017.02.22 18:23:45.359,1.01242,1.01249,1.00,2.25
2017.02.22 18:23:45.635,1.01242,1.01251,1.00,2.06
2017.02.22 18:23:46.613,1.01241,1.01252,3.00,2.81
2017.02.22 18:23:48.325,1.01242,1.01252,1.00,1.69
2017.02.22 18:23:48.723,1.01241,1.01249,1.00,1.87
2017.02.22 18:23:48.825,1.01238,1.01248,1.69,1.87
2017.02.22 18:23:50.973,1.01241,1.01249,1.25,1.87
2017.02.22 18:23:51.075,1.01241,1.01251,1.25,1.50
2017.02.22 18:23:51.589,1.01241,1.01251,1.62,1.87
2017.02.22 18:23:52.372,1.01241,1.01249,1.37,1.00
2017.02.22 18:23:52.473,1.01238,1.01249,3.19,1.50
2017.02.22 18:23:52.676,1.0124,1.0125,1.00,2.00
2017.02.22 18:23:52.778,1.0124,1.0125,1.37,1.25
2017.02.22 18:23:53.577,1.01239,1.01249,3.37,1.00
2017.02.22 18:23:53.628,1.01239,1.01249,2.25,1.12
2017.02.22 18:23:54.035,1.01241,1.0125,1.00,2.44
2017.02.22 18:23:54.289,1.01238,1.01249,3.75,2.25
2017.02.22 18:23:54.423,1.0124,1.01249,1.00,1.87
2017.02.22 18:23:56.655,1.0124,1.0125,1.12,1.87
2017.02.22 18:23:57.255,1.01241,1.01251,1.00,2.81
2017.02.22 18:24:03.043,1.01241,1.01249,1.00,1.00
2017.02.22 18:24:03.145,1.01238,1.01248,1.69,1.12
2017.02.22 18:24:03.400,1.01237,1.01248,3.00,1.37
2017.02.22 18:24:03.933,1.01238,1.01248,1.00,1.87
2017.02.22 18:24:05.572,1.01237,1.01249,2.25,4.50
2017.02.22 18:24:06.106,1.01241,1.01249,1.00,2.25
2017.02.22 18:24:06.282,1.01241,1.0125,1.12,1.69
2017.02.22 18:24:06.586,1.01239,1.0125,1.87,5.06
2017.02.22 18:24:06.689,1.01238,1.01248,2.62,1.69
2017.02.22 18:24:06.892,1.01238,1.01249,1.50,1.00
2017.02.22 18:24:06.995,1.01238,1.01249,1.00,2.62
2017.02.22 18:24:08.255,1.01237,1.01248,2.25,1.37
2017.02.22 18:24:08.863,1.01238,1.01249,1.00,2.62
2017.02.22 18:24:09.304,1.01241,1.01249,1.00,1.75
2017.02.22 18:24:09.407,1.01241,1.01249,1.00,1.12
2017.02.22 18:24:09.883,1.01239,1.01249,1.00,1.12
2017.02.22 18:24:10.289,1.01238,1.01248,1.00,1.50
2017.02.22 18:24:15.572,1.01238,1.01248,1.12,1.12
2017.02.22 18:24:18.945,1.01238,1.01247,1.12,1.50
2017.02.22 18:24:19.292,1.01238,1.01245,1.00,1.00
2017.02.22 18:24:21.026,1.01237,1.01246,1.00,1.87
2017.02.22 18:24:21.538,1.01238,1.01246,1.00,1.87
2017.02.22 18:24:23.899,1.01237,1.01245,1.00,1.00
2017.02.22 18:24:24.510,1.01238,1.01245,1.00,1.00
2017.02.22 18:24:27.224,1.01238,1.01247,1.00,1.87
2017.02.22 18:24:27.530,1.01241,1.01247,1.00,1.00
2017.02.22 18:24:27.632,1.01241,1.01249,1.00,1.12
2017.02.22 18:24:28.176,1.01241,1.01249,1.00,2.62
2017.02.22 18:24:28.812,1.01238,1.01248,2.25,1.12
2017.02.22 18:24:33.340,1.01238,1.01247,1.12,1.50
2017.02.22 18:24:33.850,1.01238,1.01247,1.00,2.62
2017.02.22 18:24:34.724,1.01237,1.01247,1.00,1.50
2017.02.22 18:24:35.292,1.01238,1.01247,1.00,2.25
2017.02.22 18:24:35.836,1.01238,1.01247,1.12,1.87
2017.02.22 18:24:36.385,1.01238,1.01248,1.12,1.87
2017.02.22 18:24:37.454,1.01243,1.01249,1.00,2.25
2017.02.22 18:24:37.557,1.01244,1.01253,1.00,1.75
2017.02.22 18:24:37.608,1.01244,1.01253,1.00,1.12
2017.02.22 18:24:37.777,1.01246,1.01253,1.50,1.00
2017.02.22 18:24:37.828,1.01246,1.01255,2.62,1.00
2017.02.22 18:24:43.250,1.01246,1.01256,3.75,1.12
2017.02.22 18:24:46.967,1.01246,1.01256,3.00,2.25
2017.02.22 18:24:47.568,1.01246,1.01256,3.00,2.25
2017.02.22 18:24:49.737,1.0125,1.01257,1.19,1.87
2017.02.22 18:24:49.839,1.01252,1.01258,1.00,1.50
2017.02.22 18:24:49.941,1.01254,1.01263,1.00,2.25
2017.02.22 18:24:50.043,1.01254,1.01263,1.00,1.50
2017.02.22 18:24:50.591,1.01254,1.01263,1.12,1.12
2017.02.22 18:24:52.143,1.01253,1.01264,1.37,2.25
2017.02.22 18:24:52.395,1.01253,1.01264,1.00,2.62
2017.02.22 18:24:53.004,1.01254,1.01263,1.00,1.50
2017.02.22 18:24:53.506,1.01253,1.01263,1.00,1.37
2017.02.22 18:24:54.010,1.01254,1.01263,1.00,1.87
2017.02.22 18:24:55.410,1.01252,1.01261,1.50,1.50
2017.02.22 18:24:55.918,1.01252,1.01261,1.12,2.25
2017.02.22 18:24:56.575,1.01251,1.01261,1.25,2.25
2017.02.22 18:24:59.440,1.01251,1.01259,1.00,1.50
2017.02.22 18:24:59.593,1.01251,1.01258,1.00,1.50
2017.02.22 18:24:59.695,1.01251,1.01261,1.12,2.44
2017.02.22 18:25:00.555,1.01251,1.0126,1.31,1.50
2017.02.22 18:25:02.557,1.01249,1.0126,2.25,2.25
2017.02.22 18:25:03.040,1.01251,1.01258,1.00,1.00
2017.02.22 18:25:03.294,1.01254,1.01263,1.00,3.00
2017.02.22 18:25:04.601,1.01253,1.01263,1.00,1.50
2017.02.22 18:25:05.242,1.01254,1.01263,1.00,2.25
2017.02.22 18:25:07.280,1.01253,1.01264,1.00,3.00
2017.02.22 18:25:08.570,1.01254,1.01264,1.00,3.75
2017.02.22 18:25:09.379,1.01253,1.01264,1.00,3.00
2017.02.22 18:25:10.128,1.01254,1.01264,1.00,4.50
2017.02.22 18:25:14.284,1.01253,1.01264,1.00,3.00
2017.02.22 18:25:15.309,1.01254,1.01264,1.00,3.75
2017.02.22 18:25:18.608,1.01254,1.01263,1.00,3.00
2017.02.22 18:25:23.175,1.01251,1.01261,2.25,1.25
2017.02.22 18:25:23.226,1.01251,1.01261,1.12,3.56
2017.02.22 18:25:24.253,1.0125,1.0126,1.87,1.37
2017.02.22 18:25:24.821,1.01251,1.01261,1.00,6.79
2017.02.22 18:25:25.174,1.01249,1.01258,1.69,2.25
2017.02.22 18:25:25.402,1.01248,1.01257,1.00,1.75
2017.02.22 18:25:25.913,1.01248,1.01256,1.00,2.62
2017.02.22 18:25:26.218,1.01248,1.01257,1.00,2.62
2017.02.22 18:25:26.752,1.01249,1.01257,1.00,1.50
2017.02.22 18:25:30.343,1.01246,1.01256,2.25,1.00
2017.02.22 18:25:30.447,1.01246,1.01256,1.00,2.62
2017.02.22 18:25:31.378,1.01249,1.01257,1.00,3.19
2017.02.22 18:25:31.844,1.01249,1.01259,1.50,2.25
2017.02.22 18:25:32.351,1.01249,1.01259,1.00,1.75
2017.02.22 18:25:34.325,1.01249,1.01259,1.87,1.87
2017.02.22 18:25:35.724,1.01249,1.01259,1.50,2.25
2017.02.22 18:25:39.096,1.01248,1.01259,2.25,1.50
2017.02.22 18:25:39.600,1.01249,1.01259,1.00,2.25
2017.02.22 18:25:40.294,1.01249,1.01258,1.00,1.50
2017.02.22 18:25:40.846,1.01249,1.01258,1.00,1.75
2017.02.22 18:25:41.804,1.01251,1.01259,1.00,4.50
2017.02.22 18:25:41.855,1.01251,1.01259,1.00,2.25
2017.02.22 18:25:42.719,1.0125,1.01259,1.00,1.12
2017.02.22 18:25:43.245,1.01249,1.0126,1.87,1.69
2017.02.22 18:26:04.909,1.01251,1.0126,1.00,1.69
2017.02.22 18:26:05.289,1.01256,1.01263,1.00,1.12
2017.02.22 18:26:05.342,1.01254,1.01263,1.00,1.12
2017.02.22 18:26:09.305,1.01253,1.01264,1.12,2.81
2017.02.22 18:26:09.837,1.01254,1.01263,1.00,1.12
2017.02.22 18:26:10.091,1.01253,1.01263,1.00,1.12
2017.02.22 18:26:10.639,1.01254,1.01263,1.00,1.87
2017.02.22 18:26:15.427,1.01251,1.01262,2.25,4.69
2017.02.22 18:26:15.529,1.01251,1.01261,1.00,3.19
2017.02.22 18:26:16.882,1.0125,1.01261,1.00,2.00
2017.02.22 18:26:17.500,1.01251,1.01261,1.00,3.19
2017.02.22 18:26:17.887,1.01249,1.01258,2.25,1.69
2017.02.22 18:26:23.288,1.01249,1.01257,1.00,1.50
2017.02.22 18:26:23.444,1.01249,1.01257,1.00,2.25
2017.02.22 18:26:23.989,1.01249,1.01257,1.00,2.25
2017.02.22 18:26:24.791,1.01248,1.01257,1.00,1.50
2017.02.22 18:26:25.321,1.01249,1.01257,1.00,2.25
2017.02.22 18:26:28.357,1.01249,1.01257,1.00,4.12
2017.02.22 18:26:28.893,1.01249,1.01257,1.00,4.12
2017.02.22 18:26:31.186,1.01248,1.01257,1.00,2.62
2017.02.22 18:26:31.721,1.01249,1.01257,1.00,2.25
2017.02.22 18:26:35.552,1.01249,1.01257,1.00,2.25
2017.02.22 18:26:36.656,1.01249,1.01256,1.00,1.00
2017.02.22 18:26:36.960,1.01249,1.01255,1.00,2.25
2017.02.22 18:26:38.879,1.01248,1.01255,1.00,1.50
2017.02.22 18:26:39.515,1.01249,1.01255,1.00,2.25
2017.02.22 18:26:43.479,1.01249,1.01258,1.50,3.00
2017.02.22 18:26:43.581,1.01249,1.01258,1.87,1.50
2017.02.22 18:26:54.078,1.01248,1.01259,1.12,1.50
2017.02.22 18:26:54.874,1.01249,1.01259,1.00,3.19
2017.02.22 18:26:56.140,1.0125,1.01259,1.00,2.25
2017.02.22 18:26:56.292,1.01249,1.0126,4.50,1.31
2017.02.22 18:26:56.547,1.0125,1.0126,1.00,1.25
2017.02.22 18:26:57.107,1.01248,1.0126,2.25,1.69
2017.02.22 18:26:58.954,1.01251,1.0126,1.00,2.25
2017.02.22 18:26:59.042,1.01251,1.01261,1.12,1.87
2017.02.22 18:26:59.573,1.01251,1.01261,1.00,2.25
2017.02.22 18:27:04.834,1.0125,1.01261,2.62,2.25
2017.02.22 18:27:12.862,1.01251,1.0126,1.00,1.87
2017.02.22 18:27:15.170,1.01252,1.0126,1.00,1.87
2017.02.22 18:27:15.221,1.01255,1.01261,1.00,1.87
2017.02.22 18:27:15.387,1.01255,1.01264,3.19,1.12
2017.02.22 18:27:19.320,1.01255,1.01264,2.81,1.00
2017.02.22 18:27:19.939,1.01255,1.01264,3.19,1.00
2017.02.22 18:27:20.431,1.01257,1.01266,1.00,1.37
2017.02.22 18:27:20.483,1.01259,1.01267,1.00,1.00
2017.02.22 18:27:20.997,1.01259,1.01268,1.31,1.00
2017.02.22 18:27:21.362,1.01262,1.01269,3.00,1.12
2017.02.22 18:27:21.614,1.01263,1.01273,2.62,1.00
2017.02.22 18:27:21.665,1.01263,1.01273,1.87,2.25
2017.02.22 18:27:22.174,1.01263,1.01273,2.62,1.50
2017.02.22 18:27:23.501,1.01265,1.01275,3.37,2.25
2017.02.22 18:27:24.026,1.01265,1.01275,2.62,1.75
2017.02.22 18:27:25.065,1.01269,1.01277,1.00,7.50
2017.02.22 18:27:25.734,1.01269,1.01277,1.00,1.75
2017.02.22 18:27:26.262,1.01269,1.01277,1.00,2.25
2017.02.22 18:27:33.098,1.01268,1.01278,1.69,1.87
2017.02.22 18:27:33.210,1.01269,1.01278,1.00,1.50
2017.02.22 18:27:35.219,1.0127,1.0128,1.00,2.06
2017.02.22 18:27:35.272,1.01273,1.0128,1.00,1.50
2017.02.22 18:27:35.375,1.01273,1.01281,2.62,1.12
2017.02.22 18:27:35.427,1.01276,1.01282,1.00,1.00
2017.02.22 18:27:35.631,1.01276,1.01286,1.12,1.12
2017.02.22 18:27:39.010,1.01275,1.01284,1.87,1.00
2017.02.22 18:27:39.315,1.01276,1.01284,1.00,2.25
2017.02.22 18:27:39.514,1.01273,1.01284,2.62,2.25
2017.02.22 18:27:39.934,1.01273,1.01284,1.87,2.62
2017.02.22 18:27:41.372,1.01272,1.01284,1.50,1.37
2017.02.22 18:27:41.676,1.01271,1.01283,7.50,2.25
2017.02.22 18:27:45.609,1.01274,1.01284,1.00,2.25
2017.02.22 18:27:46.336,1.01273,1.01284,1.50,2.25
2017.02.22 18:27:46.862,1.01272,1.01284,3.75,2.25
2017.02.22 18:27:47.369,1.01273,1.01284,1.00,2.25
2017.02.22 18:27:47.629,1.01272,1.01284,1.37,1.50
2017.02.22 18:27:58.247,1.01275,1.01286,1.00,2.25
2017.02.22 18:27:58.855,1.01274,1.01285,3.00,2.25
2017.02.22 18:27:58.906,1.01274,1.01284,3.00,1.37
2017.02.22 18:27:59.449,1.01275,1.01284,1.00,1.75
2017.02.22 18:28:00.312,1.01276,1.01284,1.00,1.75
2017.02.22 18:28:00.931,1.01275,1.01284,1.50,1.75
2017.02.22 18:28:04.132,1.01274,1.01285,1.00,2.25
2017.02.22 18:28:04.653,1.01273,1.01283,1.00,1.50
2017.02.22 18:28:04.996,1.01275,1.01285,1.00,2.62
2017.02.22 18:28:05.098,1.01273,1.01284,1.12,1.37
2017.02.22 18:28:05.200,1.01275,1.01284,1.00,1.37
2017.02.22 18:28:05.743,1.01276,1.01285,1.00,2.62
2017.02.22 18:28:06.102,1.01273,1.01285,2.25,3.75
2017.02.22 18:28:11.628,1.01273,1.01283,1.00,1.87
2017.02.22 18:28:11.729,1.01276,1.01283,1.00,1.87
2017.02.22 18:28:11.831,1.01275,1.01285,1.37,1.87
2017.02.22 18:28:12.348,1.01275,1.01286,1.50,1.87
2017.02.22 18:28:12.708,1.01278,1.01285,1.00,1.00
2017.02.22 18:28:12.862,1.01277,1.01288,1.12,1.50
2017.02.22 18:28:14.328,1.01278,1.01288,1.00,1.50
2017.02.22 18:28:14.532,1.01279,1.01288,1.37,1.00
2017.02.22 18:28:15.235,1.01281,1.01291,1.12,3.56
2017.02.22 18:28:15.640,1.01279,1.01289,1.50,1.12
2017.02.22 18:28:15.742,1.01278,1.01289,2.25,2.62
2017.02.22 18:28:16.047,1.0128,1.0129,1.00,3.00
2017.02.22 18:28:16.659,1.01281,1.0129,1.00,2.25
2017.02.22 18:28:16.761,1.01281,1.01291,1.12,2.06
2017.02.22 18:28:16.963,1.01281,1.01291,1.00,2.00
2017.02.22 18:28:17.674,1.0128,1.01291,1.00,3.19
2017.02.22 18:28:22.120,1.01279,1.01289,2.25,1.12
2017.02.22 18:28:22.546,1.01278,1.01289,1.00,2.44
2017.02.22 18:28:34.213,1.01277,1.01288,1.87,1.69
2017.02.22 18:28:37.052,1.01279,1.01289,1.00,3.37
2017.02.22 18:28:37.357,1.01283,1.01292,1.50,1.00
2017.02.22 18:28:37.801,1.01283,1.01292,1.00,1.75
2017.02.22 18:28:38.023,1.01281,1.01292,1.50,1.75
2017.02.22 18:28:41.822,1.01279,1.0129,1.87,3.00
2017.02.22 18:28:42.369,1.0128,1.01289,1.00,2.25
2017.02.22 18:28:42.825,1.01282,1.01289,1.00,1.50
2017.02.22 18:28:43.081,1.01285,1.01295,1.12,1.12
2017.02.22 18:28:43.584,1.01286,1.01296,1.87,1.31
2017.02.22 18:28:44.694,1.01288,1.01297,1.00,1.56
2017.02.22 18:28:44.897,1.0129,1.013,1.12,1.19
2017.02.22 18:28:45.439,1.0129,1.01301,1.00,5.44
2017.02.22 18:28:47.476,1.01292,1.01302,1.00,1.75
2017.02.22 18:28:47.577,1.01292,1.01303,1.12,3.19
2017.02.22 18:28:48.604,1.01291,1.01301,1.50,1.00
2017.02.22 18:28:48.807,1.01289,1.013,1.87,3.94
2017.02.22 18:28:49.240,1.01288,1.013,3.56,4.69
2017.02.22 18:28:50.514,1.01288,1.01296,1.00,1.00
2017.02.22 18:28:51.041,1.01288,1.01297,1.00,1.31
2017.02.22 18:28:51.093,1.01288,1.01298,1.00,1.50
2017.02.22 18:28:51.654,1.01287,1.01298,1.87,3.00
2017.02.22 18:28:52.162,1.01287,1.01298,1.50,3.00
2017.02.22 18:28:54.013,1.01288,1.01298,1.00,2.25
2017.02.22 18:28:54.130,1.0129,1.01298,1.00,1.50
2017.02.22 18:28:54.333,1.01288,1.01298,1.00,1.50
2017.02.22 18:28:54.981,1.01287,1.01298,1.50,1.75
2017.02.22 18:28:55.504,1.01287,1.01299,2.25,3.00
2017.02.22 18:28:55.676,1.01289,1.013,1.50,3.00
2017.02.22 18:28:55.727,1.01289,1.013,1.87,2.25
2017.02.22 18:28:57.230,1.01288,1.01298,1.00,1.69
2017.02.22 18:28:58.090,1.01287,1.01298,2.25,1.69
2017.02.22 18:29:00.301,1.01288,1.01299,1.00,3.56
2017.02.22 18:29:00.605,1.01288,1.01297,1.00,1.31
2017.02.22 18:29:00.707,1.01289,1.01299,2.44,1.12
2017.02.22 18:29:00.910,1.01289,1.013,1.50,2.62
2017.02.22 18:29:00.961,1.01289,1.013,1.37,2.25
2017.02.22 18:29:01.514,1.01289,1.01298,1.50,1.00
2017.02.22 18:29:02.196,1.01288,1.01298,1.50,1.00
2017.02.22 18:29:02.577,1.01287,1.01299,1.12,3.00
2017.02.22 18:29:04.441,1.01286,1.01298,4.50,1.75
2017.02.22 18:29:05.015,1.01285,1.01297,3.19,3.19
2017.02.22 18:29:07.733,1.01283,1.01294,2.06,1.12
2017.02.22 18:29:07.834,1.01284,1.01294,1.87,1.75
2017.02.22 18:29:07.936,1.01284,1.01294,2.25,2.62
2017.02.22 18:29:08.367,1.01284,1.01294,1.87,3.00
2017.02.22 18:29:11.105,1.01282,1.01292,2.06,1.87
2017.02.22 18:29:11.493,1.01282,1.01292,1.50,2.25
2017.02.22 18:29:11.546,1.01279,1.0129,1.87,2.25
2017.02.22 18:29:12.004,1.01283,1.01291,1.00,1.87
2017.02.22 18:29:12.056,1.01283,1.01292,1.00,1.37
2017.02.22 18:29:12.260,1.01283,1.01294,3.56,1.87
2017.02.22 18:29:12.767,1.01283,1.01294,1.12,2.25
2017.02.22 18:29:17.144,1.01282,1.01294,1.50,1.75
2017.02.22 18:29:17.399,1.01281,1.01291,1.00,1.87
2017.02.22 18:29:17.451,1.01282,1.01291,1.00,1.87
2017.02.22 18:29:18.412,1.01283,1.01293,1.00,2.44
2017.02.22 18:29:18.953,1.01284,1.01294,1.12,2.44
2017.02.22 18:29:19.484,1.01283,1.01294,1.12,3.19
2017.02.22 18:29:23.708,1.01284,1.01294,2.44,1.12
2017.02.22 18:29:23.759,1.01287,1.01296,1.00,3.37
2017.02.22 18:29:24.042,1.01286,1.01296,1.87,1.12
2017.02.22 18:29:24.715,1.01287,1.01296,1.00,1.12
2017.02.22 18:29:30.102,1.01288,1.01298,1.00,2.06
2017.02.22 18:29:30.610,1.01289,1.01298,1.00,1.56
2017.02.22 18:29:32.711,1.01288,1.01298,1.00,1.56
2017.02.22 18:29:33.230,1.01288,1.01299,1.12,4.31
2017.02.22 18:29:36.858,1.01287,1.01299,1.12,4.31
2017.02.22 18:29:37.011,1.01286,1.01297,1.00,2.00
2017.02.22 18:29:37.621,1.01287,1.01297,1.00,2.00
2017.02.22 18:29:38.681,1.01285,1.01298,1.87,3.19
2017.02.22 18:29:38.943,1.01286,1.01297,1.50,1.31
2017.02.22 18:29:39.263,1.01286,1.01297,1.00,2.00
2017.02.22 18:29:39.778,1.01285,1.01295,1.12,1.12
2017.02.22 18:29:40.625,1.01284,1.01295,1.50,1.50
2017.02.22 18:29:41.155,1.01283,1.01294,3.75,2.44
2017.02.22 18:29:41.308,1.01283,1.01292,1.12,1.12
2017.02.22 18:29:41.410,1.01283,1.01292,1.12,1.00
2017.02.22 18:29:41.877,1.01282,1.01289,1.12,1.00
2017.02.22 18:29:42.133,1.0127,1.0128,1.12,1.12
2017.02.22 18:29:42.235,1.0127,1.0128,1.00,1.75
2017.02.22 18:29:42.767,1.01271,1.01279,1.00,1.87
2017.02.22 18:29:43.274,1.0127,1.01279,1.00,1.87
2017.02.22 18:29:46.496,1.01271,1.01279,1.00,1.12
2017.02.22 18:29:47.058,1.01271,1.0128,1.00,2.62
2017.02.22 18:29:47.211,1.01269,1.01279,1.00,1.50
2017.02.22 18:29:47.715,1.01269,1.01279,1.00,1.87
2017.02.22 18:29:49.614,1.01268,1.01279,2.62,1.87
2017.02.22 18:29:49.767,1.01265,1.01276,1.50,3.37
2017.02.22 18:29:50.288,1.01267,1.01275,1.00,1.12
2017.02.22 18:29:53.176,1.01264,1.01275,2.25,1.12
2017.02.22 18:29:53.227,1.01264,1.01275,1.50,1.50
2017.02.22 18:29:53.738,1.01265,1.01274,1.00,1.37
2017.02.22 18:29:55.414,1.01264,1.01274,2.25,1.37
2017.02.22 18:29:55.617,1.01261,1.01271,3.75,1.87
2017.02.22 18:29:55.719,1.0126,1.01269,1.37,1.50
2017.02.22 18:29:56.240,1.0126,1.01269,1.00,3.00
2017.02.22 18:30:00.584,1.0126,1.01269,1.00,2.62
2017.02.22 18:30:01.130,1.01259,1.01269,1.50,1.87
2017.02.22 18:30:01.551,1.0126,1.01269,1.00,1.12
2017.02.22 18:30:02.037,1.01258,1.01268,2.62,1.69
2017.02.22 18:30:02.548,1.01259,1.01269,1.31,2.25
2017.02.22 18:30:03.307,1.0126,1.01269,1.00,2.25
2017.02.22 18:30:05.232,1.01259,1.01269,2.06,2.25
2017.02.22 18:30:05.874,1.01259,1.01269,1.25,2.62
2017.02.22 18:30:06.158,1.01258,1.01267,1.00,1.37
2017.02.22 18:30:06.993,1.01257,1.01267,1.50,1.12
2017.02.22 18:30:07.792,1.01258,1.01267,1.00,1.12
2017.02.22 18:30:08.341,1.01257,1.01267,1.50,1.12
2017.02.22 18:30:08.816,1.01259,1.01267,1.00,1.87
2017.02.22 18:30:09.220,1.01257,1.01261,1.00,1.00
2017.02.22 18:30:09.271,1.01256,1.01261,1.12,3.75
2017.02.22 18:30:09.322,1.01253,1.01261,1.87,4.12
2017.02.22 18:30:09.534,1.01249,1.01259,3.19,1.00
2017.02.22 18:30:10.045,1.0125,1.01259,1.00,1.37
2017.02.22 18:30:12.486,1.01249,1.01259,1.25,1.87
2017.02.22 18:30:13.388,1.01249,1.01258,1.25,1.37
2017.02.22 18:30:15.132,1.01248,1.01257,1.00,1.00
2017.02.22 18:30:15.183,1.01248,1.01253,1.00,1.12
2017.02.22 18:30:15.234,1.01245,1.01254,1.50,1.50
2017.02.22 18:30:15.286,1.01243,1.01254,3.00,3.00
2017.02.22 18:30:15.438,1.01243,1.01248,1.37,1.00
2017.02.22 18:30:15.591,1.0124,1.01248,1.00,1.50
2017.02.22 18:30:16.120,1.01239,1.01248,1.50,1.50
2017.02.22 18:30:16.653,1.0124,1.01248,1.12,1.00
2017.02.22 18:30:18.345,1.0124,1.01248,2.62,1.50
2017.02.22 18:30:18.851,1.0124,1.01248,1.50,1.12
2017.02.22 18:30:20.189,1.01239,1.01248,1.87,1.50
2017.02.22 18:30:21.687,1.0124,1.01248,1.00,1.00
2017.02.22 18:30:22.205,1.01241,1.01249,1.00,4.50
2017.02.22 18:30:23.066,1.0124,1.01249,1.87,4.50
2017.02.22 18:30:24.733,1.0124,1.01249,1.12,2.25
2017.02.22 18:30:25.018,1.01239,1.01249,1.37,4.50
2017.02.22 18:30:25.120,1.01238,1.01248,2.62,1.37
2017.02.22 18:30:25.653,1.01237,1.01248,1.12,1.87
2017.02.22 18:30:26.379,1.01233,1.01237,1.87,1.50
2017.02.22 18:30:26.431,1.01228,1.01237,2.81,1.50
2017.02.22 18:30:26.482,1.01227,1.01237,2.06,2.25
2017.02.22 18:30:26.685,1.01232,1.01238,1.00,1.50
2017.02.22 18:30:26.838,1.01236,1.01243,1.00,1.00
2017.02.22 18:30:27.042,1.01236,1.01245,1.37,1.50
2017.02.22 18:30:27.551,1.01236,1.01244,1.37,1.00
2017.02.22 18:30:33.954,1.01235,1.01245,2.62,1.00
2017.02.22 18:30:34.056,1.01235,1.01244,3.00,1.12
2017.02.22 18:30:34.258,1.01236,1.01244,1.37,1.00
2017.02.22 18:30:34.773,1.01235,1.01244,2.25,1.00
2017.02.22 18:30:35.383,1.01236,1.01244,1.50,1.00
2017.02.22 18:30:35.935,1.01235,1.01244,2.62,1.12
2017.02.22 18:30:36.470,1.01235,1.01244,2.25,1.12
2017.02.22 18:30:38.781,1.01234,1.01244,3.56,1.12
2017.02.22 18:30:39.307,1.01235,1.01244,1.00,1.12
2017.02.22 18:30:40.284,1.01236,1.01244,1.00,1.12
2017.02.22 18:30:40.589,1.01238,1.01246,1.00,1.31
2017.02.22 18:30:40.893,1.01235,1.01244,2.25,1.00
2017.02.22 18:30:40.995,1.01235,1.01244,1.50,1.12
2017.02.22 18:30:41.389,1.01235,1.01245,1.87,1.00
2017.02.22 18:30:41.736,1.01238,1.01246,1.50,1.00
2017.02.22 18:30:42.064,1.01238,1.01246,1.50,1.69
2017.02.22 18:30:42.115,1.01238,1.01246,1.50,1.00
2017.02.22 18:30:42.632,1.01238,1.01247,1.00,1.12
2017.02.22 18:30:43.277,1.01238,1.01246,1.50,1.00
2017.02.22 18:30:44.590,1.01238,1.01247,1.50,1.12
2017.02.22 18:30:45.150,1.01238,1.01246,1.50,1.00
2017.02.22 18:30:46.877,1.01237,1.01247,2.06,1.12
2017.02.22 18:30:47.079,1.01238,1.01246,1.37,1.00
2017.02.22 18:30:51.467,1.01238,1.01246,2.25,1.00
2017.02.22 18:30:51.682,1.0124,1.01249,1.69,1.12
2017.02.22 18:30:51.735,1.01242,1.01249,1.50,1.12
2017.02.22 18:30:56.141,1.01242,1.0125,1.50,1.00
2017.02.22 18:30:57.047,1.01243,1.01249,1.12,1.00
2017.02.22 18:30:57.098,1.01243,1.01251,2.62,1.00
2017.02.22 18:30:57.149,1.01244,1.01253,2.44,1.12
2017.02.22 18:30:57.200,1.01245,1.01253,1.37,1.00
2017.02.22 18:30:57.545,1.01246,1.01253,1.75,1.00
2017.02.22 18:30:58.108,1.01245,1.01253,3.75,1.00
2017.02.22 18:30:58.653,1.01245,1.01254,3.75,1.00
2017.02.22 18:30:59.662,1.01245,1.01255,3.75,1.00
2017.02.22 18:31:00.173,1.01246,1.01254,1.12,1.00
2017.02.22 18:31:03.101,1.01246,1.01256,1.12,1.31
2017.02.22 18:31:03.957,1.01244,1.01255,2.06,1.00
2017.02.22 18:31:04.059,1.01244,1.01256,2.06,3.94
2017.02.22 18:31:04.598,1.01245,1.01256,1.12,3.56
2017.02.22 18:31:05.377,1.01246,1.01256,1.00,2.81
2017.02.22 18:31:15.054,1.01245,1.01256,1.87,3.41
2017.02.22 18:31:15.571,1.01245,1.01256,1.50,1.91
2017.02.22 18:31:22.662,1.01244,1.01255,1.75,4.69
2017.02.22 18:31:22.764,1.01243,1.01252,1.50,1.00
2017.02.22 18:31:22.967,1.01242,1.01254,3.00,2.25
2017.02.22 18:31:23.493,1.01243,1.01254,1.00,2.25
2017.02.22 18:31:24.014,1.01244,1.01254,1.00,2.44
2017.02.22 18:31:27.574,1.01243,1.01254,3.56,1.00
2017.02.22 18:31:27.625,1.01245,1.01254,1.00,1.00
2017.02.22 18:31:30.720,1.01246,1.01254,1.00,1.00
2017.02.22 18:31:31.036,1.01257,1.01266,1.50,1.50
2017.02.22 18:31:31.087,1.01257,1.01267,2.25,1.87
2017.02.22 18:31:31.189,1.01257,1.01267,1.12,1.87
2017.02.22 18:31:31.750,1.01257,1.01266,1.00,1.12
2017.02.22 18:31:32.270,1.01255,1.01266,4.12,1.12
2017.02.22 18:31:34.369,1.01254,1.01265,1.69,1.37
2017.02.22 18:31:34.899,1.01255,1.01265,1.69,1.50
2017.02.22 18:31:35.445,1.01255,1.01267,3.19,4.69
2017.02.22 18:31:35.749,1.01259,1.01268,1.50,1.50
2017.02.22 18:31:36.280,1.01259,1.01269,1.50,2.44
2017.02.22 18:31:36.555,1.01261,1.01271,1.00,1.50
2017.02.22 18:31:36.657,1.01261,1.01271,2.44,1.00
2017.02.22 18:31:37.010,1.01261,1.0127,1.00,3.19
2017.02.22 18:31:38.525,1.01259,1.0127,1.50,1.87
2017.02.22 18:31:38.899,1.0126,1.01271,2.25,2.25
2017.02.22 18:31:40.662,1.0126,1.0127,1.50,2.25
2017.02.22 18:31:40.815,1.01259,1.01269,1.50,1.50
2017.02.22 18:31:41.018,1.0126,1.01271,2.25,2.44
2017.02.22 18:31:42.165,1.0126,1.01271,2.44,2.25
2017.02.22 18:31:49.502,1.01261,1.01272,1.50,3.00
2017.02.22 18:31:49.801,1.01257,1.01268,1.00,3.00
2017.02.22 18:31:50.054,1.0126,1.01268,1.00,1.50
2017.02.22 18:31:50.399,1.0126,1.01271,2.25,2.06
2017.02.22 18:31:50.451,1.0126,1.0127,1.00,1.37
2017.02.22 18:31:51.079,1.01259,1.0127,1.00,1.50
2017.02.22 18:31:53.506,1.01258,1.01268,2.25,1.50
2017.02.22 18:31:53.811,1.01259,1.0127,3.19,2.25
2017.02.22 18:31:54.420,1.01259,1.0127,3.00,2.44
2017.02.22 18:31:55.066,1.0126,1.01271,1.50,2.62
2017.02.22 18:31:55.635,1.01261,1.01271,2.06,1.50
2017.02.22 18:31:58.089,1.01262,1.01273,3.00,4.31
2017.02.22 18:31:58.466,1.01262,1.0127,1.37,1.25
2017.02.22 18:31:58.517,1.01261,1.0127,1.37,2.44
2017.02.22 18:31:58.619,1.01259,1.0127,1.87,3.56
2017.02.22 18:31:58.822,1.01259,1.0127,2.25,3.94
2017.02.22 18:31:58.923,1.0126,1.0127,2.25,1.00
2017.02.22 18:31:59.126,1.01261,1.01272,1.75,3.00
2017.02.22 18:32:00.615,1.01259,1.0127,1.87,3.75
2017.02.22 18:32:00.716,1.01259,1.01269,1.50,2.62
2017.02.22 18:32:01.264,1.01259,1.01269,1.50,2.25
2017.02.22 18:32:01.721,1.01264,1.01269,1.00,1.00
2017.02.22 18:32:01.823,1.01265,1.01273,1.50,1.50
2017.02.22 18:32:01.935,1.01265,1.01272,2.25,1.00
2017.02.22 18:32:01.987,1.01266,1.01277,1.37,1.87
2017.02.22 18:32:02.492,1.01265,1.01277,1.50,5.06
2017.02.22 18:32:03.829,1.01265,1.01275,1.95,1.12
2017.02.22 18:32:09.201,1.01264,1.01274,1.62,1.00
2017.02.22 18:32:09.253,1.01263,1.01272,1.12,1.69
2017.02.22 18:32:09.494,1.0126,1.01271,1.00,5.25
2017.02.22 18:32:09.545,1.01262,1.01271,1.00,2.25
2017.02.22 18:32:10.061,1.01263,1.01271,1.00,1.00
2017.02.22 18:32:10.597,1.01262,1.01271,1.12,1.00
2017.02.22 18:32:13.755,1.01261,1.0127,1.00,1.00
2017.02.22 18:32:14.010,1.01259,1.01269,2.06,1.87
2017.02.22 18:32:14.062,1.01261,1.01271,1.37,1.37
2017.02.22 18:32:14.294,1.01263,1.01273,1.37,2.25
2017.02.22 18:32:15.282,1.01264,1.01273,1.37,1.00
2017.02.22 18:32:15.744,1.01263,1.01273,1.50,1.00
2017.02.22 18:32:15.947,1.01264,1.01275,2.06,3.00
2017.02.22 18:32:16.675,1.01264,1.01273,2.44,1.00
2017.02.22 18:32:16.878,1.01264,1.01275,1.12,4.87
2017.02.22 18:32:16.980,1.01264,1.01272,1.00,1.19
2017.02.22 18:32:17.031,1.01264,1.01273,1.00,1.00
2017.02.22 18:32:17.775,1.01263,1.01274,2.44,1.87
2017.02.22 18:32:17.877,1.01265,1.01274,1.62,1.00
2017.02.22 18:32:18.430,1.01265,1.01275,1.12,2.62
2017.02.22 18:32:18.794,1.01263,1.01274,1.87,2.25
2017.02.22 18:32:19.101,1.01265,1.01274,1.50,1.00
2017.02.22 18:32:19.941,1.01265,1.01275,2.25,1.00
2017.02.22 18:32:20.357,1.01263,1.01273,1.12,1.87
2017.02.22 18:32:20.459,1.01263,1.01273,1.37,1.00
2017.02.22 18:32:20.965,1.01266,1.01276,1.37,3.56
2017.02.22 18:32:21.570,1.01266,1.01276,1.50,3.56
2017.02.22 18:32:22.394,1.01264,1.01276,2.06,4.69
2017.02.22 18:32:22.919,1.01265,1.01274,1.12,1.00
2017.02.22 18:32:24.156,1.01263,1.01272,1.87,1.50
2017.02.22 18:32:24.512,1.01265,1.01274,1.00,2.62
2017.02.22 18:32:25.060,1.01266,1.01274,1.00,1.00
2017.02.22 18:32:27.223,1.01265,1.01274,1.12,1.00
2017.02.22 18:32:27.428,1.01267,1.01275,1.12,1.50
2017.02.22 18:32:27.997,1.01266,1.01276,1.12,2.62
2017.02.22 18:32:30.114,1.01267,1.01276,1.00,1.87
2017.02.22 18:32:32.436,1.01266,1.01277,1.50,2.81
2017.02.22 18:32:34.625,1.01267,1.01276,1.12,1.50
2017.02.22 18:32:38.454,1.01269,1.01276,1.00,1.00
2017.02.22 18:32:38.506,1.01269,1.01278,1.12,3.00
2017.02.22 18:32:42.920,1.01267,1.01277,1.12,1.69
2017.02.22 18:32:42.971,1.01266,1.01275,1.12,2.44
2017.02.22 18:32:43.124,1.01264,1.01275,1.87,2.06
2017.02.22 18:32:43.328,1.01265,1.01275,1.75,1.69
2017.02.22 18:32:44.435,1.01265,1.01275,1.37,1.69
2017.02.22 18:32:45.043,1.01267,1.01275,1.00,1.69
2017.02.22 18:32:45.980,1.01267,1.01276,1.00,3.75
2017.02.22 18:32:47.925,1.01267,1.01276,1.37,3.37
2017.02.22 18:32:48.077,1.01268,1.01278,1.12,2.62
2017.02.22 18:32:56.192,1.01265,1.01274,1.87,1.25
2017.02.22 18:32:56.446,1.0126,1.01269,1.50,1.50
2017.02.22 18:32:56.977,1.0126,1.0127,1.50,1.50
2017.02.22 18:32:58.427,1.01258,1.01268,1.87,1.50
2017.02.22 18:32:58.709,1.01258,1.01268,1.00,1.87
2017.02.22 18:32:59.216,1.01258,1.01268,1.87,1.50
2017.02.22 18:33:00.600,1.01259,1.01269,1.12,2.81
2017.02.22 18:33:01.639,1.01259,1.01268,1.12,1.00
2017.02.22 18:33:04.170,1.01259,1.01269,1.12,2.81
2017.02.22 18:33:04.671,1.01256,1.01267,4.50,2.25
2017.02.22 18:33:04.824,1.01256,1.01266,1.37,1.00
2017.02.22 18:33:05.355,1.01258,1.01267,1.12,1.50
2017.02.22 18:33:10.873,1.01256,1.01264,1.37,1.00
2017.02.22 18:33:11.460,1.01256,1.01264,1.50,1.50
2017.02.22 18:33:11.893,1.01258,1.01268,1.00,1.50
2017.02.22 18:33:12.404,1.01257,1.01267,1.75,1.50
2017.02.22 18:33:12.940,1.01257,1.01266,1.75,1.50
2017.02.22 18:33:14.351,1.0126,1.01266,1.00,1.00
2017.02.22 18:33:14.402,1.0126,1.01269,1.00,4.12
2017.02.22 18:33:14.554,1.01259,1.01267,1.12,1.50
2017.02.22 18:33:15.471,1.01257,1.01267,1.50,1.50
2017.02.22 18:33:15.785,1.01255,1.01265,2.81,1.50
2017.02.22 18:33:16.735,1.01259,1.01268,1.00,1.87
2017.02.22 18:33:17.315,1.01256,1.01266,1.12,1.25
2017.02.22 18:33:18.202,1.01258,1.01267,1.12,1.50
2017.02.22 18:33:19.400,1.0126,1.01267,1.00,1.50
2017.02.22 18:33:19.553,1.01262,1.0127,1.00,2.25
2017.02.22 18:33:21.740,1.01259,1.01269,3.37,1.50
2017.02.22 18:33:22.273,1.01259,1.01269,2.25,1.50
2017.02.22 18:33:22.824,1.01258,1.01269,2.25,3.75
2017.02.22 18:33:24.000,1.01258,1.01268,1.75,1.00
2017.02.22 18:33:24.512,1.0126,1.0127,1.12,3.94
2017.02.22 18:33:24.614,1.0126,1.0127,1.75,3.19
2017.02.22 18:33:26.205,1.0126,1.01271,2.44,1.00
2017.02.22 18:33:27.234,1.01262,1.01272,1.12,2.62
2017.02.22 18:33:27.553,1.01264,1.01273,1.12,1.00
2017.02.22 18:33:27.872,1.01263,1.01267,1.00,1.87
2017.02.22 18:33:28.176,1.01259,1.01263,1.12,1.50
2017.02.22 18:33:29.046,1.01256,1.01263,1.37,2.25
2017.02.22 18:33:29.164,1.01253,1.01263,1.50,2.25
2017.02.22 18:33:34.838,1.01253,1.01264,2.81,1.00
2017.02.22 18:33:35.342,1.01256,1.01264,1.00,1.00
2017.02.22 18:33:35.967,1.01254,1.01265,1.69,3.37
2017.02.22 18:33:36.520,1.01254,1.01264,1.69,1.00
2017.02.22 18:33:37.067,1.01256,1.01264,1.00,1.00
2017.02.22 18:33:37.321,1.01259,1.01267,1.00,1.69
2017.02.22 18:33:39.530,1.01262,1.01268,1.00,1.00
2017.02.22 18:33:39.633,1.01262,1.01271,1.00,1.12
2017.02.22 18:33:39.786,1.01263,1.01273,1.50,1.50
2017.02.22 18:33:39.888,1.01263,1.01272,1.00,2.44
2017.02.22 18:33:40.094,1.01258,1.01269,2.25,1.00
2017.02.22 18:33:40.325,1.01257,1.01266,1.50,1.00
2017.02.22 18:33:40.381,1.01256,1.01266,1.37,1.62
2017.02.22 18:33:40.895,1.01256,1.01266,1.00,1.69
2017.02.22 18:33:42.177,1.01256,1.01264,1.00,1.00
2017.02.22 18:33:42.851,1.01255,1.01264,1.50,1.50
2017.02.22 18:33:43.845,1.01256,1.01264,1.00,1.50
2017.02.22 18:33:44.405,1.01256,1.01265,1.00,1.87
2017.02.22 18:33:45.653,1.01257,1.01265,1.00,1.87
2017.02.22 18:33:46.196,1.01256,1.01265,1.00,1.87
2017.02.22 18:33:47.117,1.01255,1.01265,1.12,1.12
2017.02.22 18:33:55.666,1.01255,1.01265,1.50,1.50
2017.02.22 18:34:00.422,1.01257,1.01265,1.00,1.50
2017.02.22 18:34:00.940,1.01257,1.01265,1.37,1.00
2017.02.22 18:34:01.224,1.01259,1.01268,1.12,1.50
2017.02.22 18:34:04.527,1.0126,1.01268,1.00,1.50
2017.02.22 18:34:04.629,1.01262,1.0127,1.00,1.50
2017.02.22 18:34:04.731,1.01262,1.01271,2.25,1.00
2017.02.22 18:34:04.783,1.01262,1.01274,3.37,3.75
2017.02.22 18:34:05.376,1.01262,1.01272,1.50,1.50
2017.02.22 18:34:10.431,1.01261,1.01271,1.12,1.50
2017.02.22 18:34:10.677,1.01259,1.01271,3.56,4.69
2017.02.22 18:34:15.599,1.0126,1.01271,1.00,3.79
2017.02.22 18:34:16.573,1.0126,1.01268,1.00,1.00
2017.02.22 18:34:16.725,1.01258,1.01268,1.00,1.69
2017.02.22 18:34:17.262,1.01257,1.01268,1.87,2.44
2017.02.22 18:34:20.229,1.01258,1.01268,1.25,2.25
2017.02.22 18:34:20.280,1.01258,1.01268,2.00,1.50
2017.02.22 18:34:20.405,1.01258,1.01268,1.31,1.87
2017.02.22 18:34:29.472,1.01256,1.01266,1.31,2.25
2017.02.22 18:34:29.625,1.01254,1.01265,3.56,1.00
2017.02.22 18:34:30.136,1.01256,1.01266,1.69,2.25
2017.02.22 18:34:30.645,1.01256,1.01266,1.25,2.25
2017.02.22 18:34:32.983,1.01254,1.01265,1.87,1.31
2017.02.22 18:34:41.618,1.01257,1.01266,1.00,1.69
2017.02.22 18:34:43.721,1.01258,1.01267,1.00,2.81
2017.02.22 18:34:43.924,1.01259,1.01267,1.12,1.00
2017.02.22 18:34:44.470,1.01259,1.01268,1.12,1.69
2017.02.22 18:34:45.051,1.01259,1.01267,1.12,1.00
2017.02.22 18:34:45.154,1.0126,1.01269,1.00,2.62
2017.02.22 18:34:45.770,1.0126,1.01269,1.37,1.69
2017.02.22 18:34:47.898,1.01259,1.01269,1.50,1.50
2017.02.22 18:34:48.051,1.01258,1.01268,2.44,1.00
2017.02.22 18:34:48.762,1.01258,1.01268,2.44,1.00
2017.02.22 18:34:49.447,1.01258,1.01268,1.69,1.00
2017.02.22 18:34:52.139,1.01258,1.01269,1.69,1.87
2017.02.22 18:34:52.747,1.01257,1.01268,1.94,1.00
2017.02.22 18:34:54.356,1.01257,1.01269,1.94,2.62
2017.02.22 18:34:55.259,1.01257,1.01268,1.94,1.00
2017.02.22 18:34:55.769,1.01257,1.01268,1.50,2.06
2017.02.22 18:35:01.658,1.0126,1.01269,1.00,2.62
2017.02.22 18:35:02.167,1.01259,1.01269,1.50,2.44
2017.02.22 18:35:02.973,1.01257,1.01269,2.62,2.81
2017.02.22 18:35:03.201,1.01255,1.01266,1.31,3.00
2017.02.22 18:35:26.097,1.01254,1.01262,1.87,1.00
2017.02.22 18:35:26.409,1.01251,1.0126,1.12,2.44
2017.02.22 18:35:26.460,1.01254,1.01261,1.00,1.75
2017.02.22 18:35:26.563,1.01254,1.01263,1.00,2.62
2017.02.22 18:35:26.817,1.01252,1.01263,1.50,3.37
2017.02.22 18:35:27.324,1.01253,1.01262,1.00,1.12
2017.02.22 18:35:27.838,1.01252,1.01263,1.12,4.50
2017.02.22 18:35:29.141,1.01254,1.01263,1.50,1.50
2017.02.22 18:35:29.295,1.01255,1.01265,1.12,1.12
2017.02.22 18:35:29.346,1.01255,1.01265,1.37,1.50
2017.02.22 18:35:29.870,1.01255,1.01265,1.37,1.50
2017.02.22 18:35:30.387,1.01255,1.01266,1.37,2.44
2017.02.22 18:35:32.736,1.01255,1.01265,1.37,1.50
2017.02.22 18:35:38.194,1.01254,1.01263,1.62,1.50
2017.02.22 18:35:38.404,1.01248,1.01257,1.12,1.50
2017.02.22 18:35:38.911,1.01249,1.01257,1.00,1.00
2017.02.22 18:35:39.425,1.0125,1.01257,1.00,1.00
2017.02.22 18:35:40.252,1.0125,1.01258,1.00,1.87
2017.02.22 18:35:40.759,1.0125,1.01257,1.00,1.00
2017.02.22 18:35:41.393,1.01247,1.01256,2.62,1.00
2017.02.22 18:35:41.638,1.01249,1.01258,1.12,1.50
2017.02.22 18:35:46.962,1.01251,1.0126,1.00,2.44
2017.02.22 18:35:47.172,1.01252,1.01262,1.37,1.87
2017.02.22 18:35:48.299,1.01251,1.01259,1.12,1.00
2017.02.22 18:35:48.401,1.0125,1.01259,1.50,3.19
2017.02.22 18:35:48.553,1.01249,1.01259,1.00,3.94
2017.02.22 18:35:49.076,1.0125,1.01258,1.00,1.50
2017.02.22 18:35:51.373,1.01249,1.01258,1.12,1.50
2017.02.22 18:35:52.194,1.01248,1.01258,1.87,1.87
2017.02.22 18:36:00.357,1.01249,1.01258,1.00,1.87
2017.02.22 18:36:00.967,1.0125,1.01258,1.12,1.50
2017.02.22 18:36:04.176,1.01251,1.0126,1.00,3.94
2017.02.22 18:36:04.685,1.01249,1.01259,1.87,2.25
2017.02.22 18:36:04.736,1.01247,1.01259,2.25,3.00
2017.02.22 18:36:04.940,1.01248,1.01258,1.12,1.87
2017.02.22 18:36:05.042,1.01249,1.01258,1.50,1.50
2017.02.22 18:36:05.347,1.01251,1.01259,1.50,1.50
2017.02.22 18:36:07.383,1.01251,1.01261,1.69,2.25
2017.02.22 18:36:07.737,1.0125,1.0126,1.00,3.00
2017.02.22 18:36:08.418,1.01248,1.01258,2.25,1.50
2017.02.22 18:36:14.739,1.01248,1.01258,2.25,1.87
2017.02.22 18:36:15.492,1.01248,1.01258,1.87,1.87
2017.02.22 18:36:17.800,1.0125,1.01259,1.00,2.44
2017.02.22 18:36:18.437,1.01249,1.0126,2.25,4.91
2017.02.22 18:36:19.611,1.01249,1.01261,2.25,4.12
2017.02.22 18:36:19.712,1.01247,1.01258,4.12,1.00
2017.02.22 18:36:20.247,1.01249,1.01259,1.50,1.00
2017.02.22 18:36:20.769,1.01249,1.0126,1.50,2.62
2017.02.22 18:36:21.107,1.01253,1.01263,2.44,1.12
2017.02.22 18:36:21.310,1.01253,1.01262,1.31,1.00
2017.02.22 18:36:22.083,1.01252,1.01263,1.69,1.87
2017.02.22 18:36:22.653,1.01252,1.01262,1.69,1.00
2017.02.22 18:36:28.423,1.01253,1.01263,1.31,1.87
2017.02.22 18:36:28.474,1.01253,1.01263,1.62,1.00
2017.02.22 18:36:28.983,1.01253,1.01264,2.81,1.00
2017.02.22 18:36:33.898,1.01254,1.01265,2.25,2.81
2017.02.22 18:36:34.357,1.01253,1.01264,2.06,1.87
2017.02.22 18:36:34.858,1.01252,1.01264,2.06,2.62
2017.02.22 18:36:35.561,1.01252,1.01264,2.06,1.87
2017.02.22 18:36:36.112,1.01253,1.01263,2.00,1.50
2017.02.22 18:36:36.416,1.01253,1.01263,1.25,1.50
2017.02.22 18:36:38.006,1.01252,1.01262,2.06,1.50
2017.02.22 18:36:39.277,1.01252,1.01262,1.25,2.25
2017.02.22 18:36:39.992,1.01252,1.01262,1.19,2.25
2017.02.22 18:36:55.442,1.01252,1.01261,1.00,3.19
2017.02.22 18:36:55.493,1.01251,1.01259,1.37,1.87
2017.02.22 18:36:55.595,1.01249,1.01259,1.37,2.06
2017.02.22 18:36:55.646,1.01248,1.01258,1.12,1.31
2017.02.22 18:36:56.164,1.01249,1.01259,1.25,3.00
2017.02.22 18:36:57.452,1.0125,1.01259,1.00,2.25
2017.02.22 18:36:57.956,1.0125,1.01259,1.50,1.50
2017.02.22 18:37:00.139,1.01251,1.01259,1.00,1.50
2017.02.22 18:37:00.190,1.01255,1.01261,1.00,1.50
2017.02.22 18:37:00.393,1.01254,1.01263,1.12,1.50
2017.02.22 18:37:00.898,1.01253,1.01262,1.50,1.00
2017.02.22 18:37:07.787,1.01255,1.01263,1.00,1.00
2017.02.22 18:37:07.838,1.01256,1.01264,1.37,1.50
2017.02.22 18:37:07.940,1.01256,1.01266,1.50,2.44
2017.02.22 18:37:09.226,1.01255,1.01265,1.50,1.12
2017.02.22 18:37:09.733,1.01256,1.01265,1.50,1.00
2017.02.22 18:37:10.274,1.01256,1.01266,1.50,1.69
2017.02.22 18:37:15.879,1.01256,1.01265,1.50,1.50
2017.02.22 18:37:25.729,1.01254,1.01266,4.31,2.44
2017.02.22 18:37:35.510,1.01254,1.01265,4.31,1.00
2017.02.22 18:37:54.366,1.01257,1.01267,1.31,1.12
2017.02.22 18:37:54.417,1.01262,1.01268,1.87,1.00
2017.02.22 18:37:54.760,1.01266,1.01275,1.50,1.00
2017.02.22 18:37:55.373,1.01266,1.01276,1.50,2.44
2017.02.22 18:37:55.906,1.01266,1.01276,1.12,2.81
2017.02.22 18:38:00.949,1.01265,1.01275,1.37,1.87
2017.02.22 18:38:01.498,1.01264,1.01275,2.81,3.37
2017.02.22 18:38:02.044,1.01264,1.01274,2.06,1.00
2017.02.22 18:38:03.902,1.01263,1.01273,1.75,1.50
2017.02.22 18:38:04.156,1.01266,1.01275,1.00,1.12
2017.02.22 18:38:04.410,1.01268,1.01276,1.00,2.47
2017.02.22 18:38:04.954,1.01268,1.01276,1.00,1.00
2017.02.22 18:38:06.588,1.01268,1.01277,1.12,4.69
2017.02.22 18:38:09.698,1.01267,1.01276,1.50,1.50
2017.02.22 18:38:10.206,1.01267,1.01277,1.50,4.54
2017.02.22 18:38:15.929,1.01267,1.01276,1.50,1.50
2017.02.22 18:38:16.639,1.01267,1.01277,1.50,2.29
2017.02.22 18:38:18.085,1.01267,1.01276,1.50,1.00
2017.02.22 18:38:18.588,1.01266,1.01276,1.50,1.00
2017.02.22 18:38:24.368,1.01267,1.01276,1.50,1.00
2017.02.22 18:38:24.915,1.01268,1.01277,1.12,4.69
2017.02.22 18:38:31.139,1.01266,1.01276,1.75,1.00
2017.02.22 18:38:31.255,1.01266,1.01276,1.00,1.00
2017.02.22 18:38:33.255,1.01266,1.01276,1.50,1.50
2017.02.22 18:38:42.488,1.01267,1.01277,1.12,5.44
2017.02.22 18:38:42.702,1.01269,1.01279,1.37,1.25
2017.02.22 18:38:43.006,1.01274,1.01283,1.50,1.87
2017.02.22 18:38:43.311,1.01275,1.01285,1.12,3.00
2017.02.22 18:38:43.717,1.01273,1.01284,1.12,1.50
2017.02.22 18:38:44.301,1.01274,1.01284,1.00,3.19
2017.02.22 18:38:44.809,1.01273,1.01284,2.25,2.44
2017.02.22 18:38:48.860,1.01272,1.01282,1.62,1.50
2017.02.22 18:38:49.387,1.01272,1.01282,1.25,1.87
2017.02.22 18:38:49.904,1.01273,1.01282,1.00,1.87
2017.02.22 18:38:55.858,1.01274,1.01283,1.00,3.37
2017.02.22 18:38:56.120,1.01276,1.01286,1.00,2.06
2017.02.22 18:38:56.526,1.01274,1.01285,3.56,2.25
2017.02.22 18:38:57.050,1.01274,1.01285,2.81,3.00
2017.02.22 18:38:57.727,1.01274,1.01284,2.81,1.50
2017.02.22 18:39:00.867,1.01275,1.01286,1.50,2.44
2017.02.22 18:39:00.968,1.01275,1.01286,1.12,3.19
2017.02.22 18:39:01.473,1.01274,1.01284,1.12,1.31
2017.02.22 18:39:01.675,1.01275,1.01286,1.50,2.81
2017.02.22 18:39:01.979,1.01274,1.01284,3.19,1.50
2017.02.22 18:39:03.133,1.01274,1.01284,2.06,2.25
2017.02.22 18:39:04.982,1.01274,1.01284,2.06,1.50
2017.02.22 18:39:05.298,1.01276,1.01285,1.12,1.50
2017.02.22 18:39:19.545,1.01277,1.01286,1.00,1.31
2017.02.22 18:39:19.850,1.01278,1.01287,1.50,1.00
2017.02.22 18:39:20.460,1.01278,1.01288,1.50,2.25
2017.02.22 18:39:21.673,1.0128,1.01289,1.12,1.50
2017.02.22 18:39:22.219,1.01279,1.01289,1.12,2.62
2017.02.22 18:39:22.789,1.01278,1.01287,1.87,1.00
2017.02.22 18:39:23.308,1.01278,1.01287,1.12,1.00
2017.02.22 18:39:23.633,1.01278,1.01287,1.75,1.00
2017.02.22 18:39:24.182,1.01279,1.01288,1.00,1.12
2017.02.22 18:39:24.912,1.0128,1.0129,1.12,2.06
2017.02.22 18:39:25.014,1.01281,1.0129,1.50,1.25
2017.02.22 18:39:25.422,1.0128,1.0129,1.87,1.31
2017.02.22 18:39:25.885,1.01282,1.01291,1.25,1.37
2017.02.22 18:39:26.410,1.01282,1.01291,1.69,1.00
2017.02.22 18:39:26.913,1.01282,1.01292,1.69,3.00
2017.02.22 18:39:28.139,1.01281,1.01291,1.87,3.37
2017.02.22 18:39:28.359,1.01278,1.01289,1.12,2.44
2017.02.22 18:39:28.740,1.0128,1.01289,1.12,1.31
2017.02.22 18:39:35.159,1.01281,1.0129,1.00,2.81
2017.02.22 18:39:35.507,1.01285,1.01293,1.00,1.37
2017.02.22 18:39:35.559,1.01285,1.01295,1.00,3.56
2017.02.22 18:39:36.066,1.01283,1.01293,3.00,1.00
2017.02.22 18:39:36.767,1.01283,1.01294,3.00,1.87
2017.02.22 18:39:37.288,1.01283,1.01293,3.00,1.00
2017.02.22 18:39:40.528,1.01283,1.01294,2.25,2.62
2017.02.22 18:39:40.630,1.01282,1.01289,1.87,1.50
2017.02.22 18:39:40.934,1.01271,1.01278,2.25,2.25
2017.02.22 18:39:40.986,1.0127,1.01278,1.50,2.25
2017.02.22 18:39:41.138,1.0127,1.01278,1.00,2.25
2017.02.22 18:39:41.610,1.01268,1.01277,1.50,1.00
2017.02.22 18:39:41.763,1.0127,1.01278,1.00,1.75
2017.02.22 18:39:42.292,1.01269,1.01278,1.12,2.25
2017.02.22 18:39:43.191,1.0127,1.01278,1.00,2.25
2017.02.22 18:39:43.887,1.0127,1.01278,1.00,1.75
2017.02.22 18:39:45.514,1.01268,1.01278,1.12,4.50
2017.02.22 18:39:45.666,1.01268,1.01276,1.00,1.50
2017.02.22 18:39:46.178,1.01268,1.01277,1.12,1.75
2017.02.22 18:39:46.667,1.01269,1.01278,1.87,3.19
2017.02.22 18:39:46.871,1.0127,1.01278,1.00,2.06
2017.02.22 18:39:47.074,1.01269,1.01278,1.12,3.00
2017.02.22 18:39:55.622,1.01268,1.01278,1.87,3.00
2017.02.22 18:39:58.637,1.01267,1.01278,1.12,2.25
2017.02.22 18:39:58.688,1.01269,1.01278,1.00,2.25
2017.02.22 18:39:59.198,1.0127,1.01278,1.00,1.75
2017.02.22 18:39:59.740,1.0127,1.01278,1.00,1.75
2017.02.22 18:40:01.695,1.01269,1.01278,1.00,1.75
2017.02.22 18:40:03.023,1.01269,1.01278,1.50,3.00
2017.02.22 18:40:03.687,1.01269,1.01278,1.00,3.19
2017.02.22 18:40:04.197,1.01268,1.01275,1.00,1.00
2017.02.22 18:40:04.975,1.01269,1.01275,1.00,1.00
2017.02.22 18:40:05.560,1.0127,1.01278,1.00,3.19
2017.02.22 18:40:05.763,1.01269,1.01279,2.62,1.50
2017.02.22 18:40:05.966,1.0127,1.01279,1.00,1.75
2017.02.22 18:40:06.533,1.01271,1.01279,1.00,1.75
2017.02.22 18:40:06.653,1.01269,1.0128,2.25,1.75
2017.02.22 18:40:06.806,1.01271,1.0128,1.00,1.75
2017.02.22 18:40:09.620,1.0127,1.0128,1.00,2.44
2017.02.22 18:40:09.925,1.01269,1.01278,1.00,2.44
2017.02.22 18:40:10.950,1.01269,1.01278,1.12,3.19
2017.02.22 18:40:11.570,1.0127,1.01279,1.00,1.75
2017.02.22 18:40:11.671,1.01269,1.01279,1.87,2.25
2017.02.22 18:40:11.774,1.01269,1.01277,1.00,1.37
2017.02.22 18:40:12.120,1.01269,1.01277,1.00,1.75
2017.02.22 18:40:12.720,1.01268,1.01277,1.00,1.75
2017.02.22 18:40:13.429,1.01269,1.01278,1.00,3.37
2017.02.22 18:40:13.480,1.01269,1.01278,1.00,1.50
2017.02.22 18:40:17.291,1.01268,1.01277,1.00,1.12
2017.02.22 18:40:17.463,1.01269,1.01277,1.00,1.75
2017.02.22 18:40:18.518,1.0127,1.01278,1.00,2.00
2017.02.22 18:40:18.762,1.0127,1.01278,1.00,1.69
2017.02.22 18:40:34.470,1.01268,1.01277,1.00,1.87
2017.02.22 18:40:34.583,1.01265,1.01275,1.50,1.37
2017.02.22 18:40:34.887,1.01267,1.01275,1.00,1.75
2017.02.22 18:40:34.989,1.01268,1.01275,1.00,1.00
2017.02.22 18:40:35.664,1.01267,1.01275,1.50,1.00
2017.02.22 18:40:38.028,1.01266,1.01275,1.00,1.50
2017.02.22 18:40:40.394,1.01268,1.01276,1.00,1.50
2017.02.22 18:40:42.833,1.0127,1.01279,1.00,4.31
2017.02.22 18:40:43.428,1.01269,1.01278,1.00,1.75
2017.02.22 18:40:46.153,1.01268,1.01278,1.00,3.75
2017.02.22 18:40:46.407,1.01265,1.01276,1.69,2.25
2017.02.22 18:40:46.509,1.01267,1.01276,1.00,2.25
2017.02.22 18:40:46.926,1.0127,1.01277,1.00,1.37
2017.02.22 18:40:47.484,1.0127,1.01278,1.00,2.62
2017.02.22 18:40:47.786,1.01266,1.01276,1.00,2.25
2017.02.22 18:40:47.888,1.01268,1.01276,1.00,2.25
2017.02.22 18:40:53.825,1.01269,1.01276,1.00,1.12
2017.02.22 18:40:53.927,1.0127,1.01278,1.00,1.50
2017.02.22 18:40:54.130,1.0127,1.01278,1.00,1.50
2017.02.22 18:40:54.485,1.01267,1.01277,1.00,1.87
2017.02.22 18:40:54.810,1.0127,1.01277,1.00,1.37
2017.02.22 18:40:55.071,1.01267,1.01277,1.00,1.37
2017.02.22 18:40:55.581,1.0127,1.01278,1.00,3.75
2017.02.22 18:40:57.078,1.01269,1.01278,1.00,3.94
2017.02.22 18:40:57.604,1.01269,1.01278,1.00,2.44
2017.02.22 18:40:59.720,1.01268,1.01272,1.00,1.50
2017.02.22 18:40:59.925,1.0125,1.01255,1.00,3.19
2017.02.22 18:40:59.976,1.01246,1.01253,2.25,1.50
2017.02.22 18:41:00.028,1.01244,1.01253,1.31,1.50
2017.02.22 18:41:00.130,1.01247,1.01254,1.00,1.37
2017.02.22 18:41:00.181,1.01247,1.01254,1.00,1.12
2017.02.22 18:41:00.699,1.01247,1.01256,1.00,1.12
2017.02.22 18:41:01.470,1.01246,1.01256,1.50,1.37
2017.02.22 18:41:02.010,1.01246,1.01256,1.50,1.00
2017.02.22 18:41:02.520,1.01247,1.01256,1.00,1.00
2017.02.22 18:41:03.599,1.01247,1.01257,1.00,3.19
2017.02.22 18:41:06.059,1.01247,1.01256,1.00,1.00
2017.02.22 18:41:27.884,1.01247,1.01255,1.00,2.25
2017.02.22 18:41:38.332,1.01247,1.01255,1.12,1.50
2017.02.22 18:41:45.410,1.01245,1.01254,1.75,1.50
2017.02.22 18:41:45.664,1.01242,1.01254,3.19,2.62
2017.02.22 18:41:47.719,1.01245,1.01254,1.50,2.44
2017.02.22 18:41:48.235,1.01245,1.01254,1.75,2.44
2017.02.22 18:41:50.374,1.01245,1.01254,1.12,2.44
2017.02.22 18:41:55.964,1.01243,1.01253,1.75,1.00
2017.02.22 18:41:56.476,1.01242,1.01254,5.44,2.62
2017.02.22 18:41:56.629,1.01243,1.01254,1.12,3.37
2017.02.22 18:41:57.130,1.01245,1.01253,1.00,1.12
2017.02.22 18:41:57.588,1.01245,1.01255,1.27,1.87
2017.02.22 18:41:58.107,1.01243,1.01254,2.25,2.06
2017.02.22 18:41:58.411,1.01245,1.01254,1.12,1.25
2017.02.22 18:41:59.807,1.01245,1.01255,1.12,2.85
2017.02.22 18:42:00.147,1.01246,1.01256,1.75,2.06
2017.02.22 18:42:00.934,1.01247,1.01256,1.75,1.25
2017.02.22 18:42:02.558,1.01247,1.01257,1.75,1.00
2017.02.22 18:42:06.486,1.01248,1.01257,1.00,1.00
2017.02.22 18:42:14.943,1.0125,1.01257,1.00,1.00
2017.02.22 18:42:15.147,1.01253,1.01262,1.50,2.25
2017.02.22 18:42:17.570,1.01251,1.01261,1.75,2.44
2017.02.22 18:42:17.721,1.01251,1.0126,1.50,1.00
2017.02.22 18:42:18.285,1.0125,1.0126,3.00,1.00
2017.02.22 18:42:18.954,1.0125,1.01261,2.25,2.81
2017.02.22 18:42:19.110,1.01249,1.01259,5.06,1.00
2017.02.22 18:42:19.214,1.0125,1.01257,1.00,2.25
2017.02.22 18:42:19.809,1.01247,1.01257,1.75,2.25
2017.02.22 18:42:22.257,1.01247,1.01257,3.00,2.25
2017.02.22 18:42:22.695,1.01247,1.01257,1.50,2.25
2017.02.22 18:42:23.023,1.01247,1.01257,3.00,2.25
2017.02.22 18:42:29.059,1.0125,1.01258,1.12,1.50
2017.02.22 18:42:29.564,1.01249,1.01258,1.50,1.50
2017.02.22 18:42:30.355,1.01249,1.01258,2.25,1.50
2017.02.22 18:42:30.508,1.01249,1.01258,1.37,1.50
2017.02.22 18:42:36.366,1.01249,1.01258,1.87,1.00
2017.02.22 18:42:36.874,1.01249,1.01259,2.25,1.50
2017.02.22 18:42:37.403,1.0125,1.0126,1.87,1.00
2017.02.22 18:42:37.706,1.0125,1.01261,1.75,4.12
2017.02.22 18:42:37.959,1.01249,1.0126,2.25,1.50
2017.02.22 18:42:38.462,1.01249,1.01259,1.75,1.00
2017.02.22 18:42:43.672,1.01251,1.0126,1.87,1.12
2017.02.22 18:42:43.825,1.01252,1.01262,2.25,1.69
2017.02.22 18:42:44.996,1.01251,1.0126,1.75,1.00
2017.02.22 18:42:45.218,1.01248,1.01259,2.44,1.50
2017.02.22 18:42:45.769,1.01248,1.01258,2.06,1.12
2017.02.22 18:42:47.951,1.01247,1.01256,2.25,1.00
2017.02.22 18:42:48.214,1.01249,1.01258,1.12,2.44
2017.02.22 18:42:49.676,1.01251,1.0126,1.69,2.62
2017.02.22 18:42:50.046,1.01252,1.01262,2.25,1.50
2017.02.22 18:42:59.485,1.01253,1.01263,1.12,3.00
2017.02.22 18:43:00.062,1.01253,1.01262,1.12,1.00
2017.02.22 18:43:01.034,1.01254,1.01263,1.00,2.62
2017.02.22 18:43:05.268,1.01253,1.01263,1.12,2.62
2017.02.22 18:43:11.777,1.01251,1.01262,2.62,1.69
2017.02.22 18:43:12.340,1.01252,1.01262,2.25,1.50
2017.02.22 18:43:13.723,1.01251,1.01261,1.75,1.25
2017.02.22 18:43:13.865,1.0125,1.01261,1.12,1.69
2017.02.22 18:43:14.916,1.01251,1.01261,1.00,1.69
2017.02.22 18:43:15.803,1.0125,1.01261,1.12,1.69
2017.02.22 18:43:20.730,1.01249,1.0126,2.06,1.00
2017.02.22 18:43:20.781,1.01247,1.01258,2.44,1.50
2017.02.22 18:43:21.319,1.01249,1.01258,1.12,1.00
2017.02.22 18:43:28.791,1.01248,1.01257,1.50,1.00
2017.02.22 18:43:28.943,1.01247,1.01257,1.12,1.12
2017.02.22 18:43:29.099,1.0125,1.01257,1.00,1.31
2017.02.22 18:43:29.252,1.0125,1.01258,1.12,1.00
2017.02.22 18:43:30.158,1.01249,1.01258,1.12,1.00
2017.02.22 18:43:30.639,1.01247,1.01257,1.12,1.12
2017.02.22 18:43:31.251,1.01247,1.01257,1.00,1.50
2017.02.22 18:43:35.535,1.01244,1.01255,2.44,1.50
2017.02.22 18:43:36.045,1.01246,1.01255,1.00,2.25
2017.02.22 18:43:39.637,1.01247,1.01256,1.50,1.37
2017.02.22 18:43:39.689,1.01248,1.01257,1.00,1.50
2017.02.22 18:43:40.272,1.01249,1.01257,1.00,1.87
2017.02.22 18:43:43.805,1.01247,1.01257,1.12,1.87
2017.02.22 18:43:46.231,1.01247,1.01256,1.12,1.50
2017.02.22 18:43:46.586,1.01244,1.01254,2.62,1.00
2017.02.22 18:43:46.690,1.01244,1.01255,2.62,1.87
2017.02.22 18:43:47.276,1.01246,1.01255,1.00,1.87
2017.02.22 18:43:51.686,1.01245,1.01254,1.12,1.00
2017.02.22 18:43:53.978,1.01245,1.01254,1.37,1.00
2017.02.22 18:43:54.266,1.01246,1.01256,1.12,2.62
2017.02.22 18:43:56.527,1.01245,1.01256,1.12,3.00
2017.02.22 18:43:57.256,1.01243,1.01253,1.87,1.00
2017.02.22 18:43:57.329,1.01241,1.01253,4.87,2.25
2017.02.22 18:43:57.431,1.01242,1.01253,1.00,3.19
2017.02.22 18:43:57.664,1.01243,1.01253,2.06,1.12
2017.02.22 18:43:58.171,1.01245,1.01255,1.00,1.75
2017.02.22 18:44:00.268,1.01246,1.01256,1.00,3.19
2017.02.22 18:44:01.229,1.01246,1.01256,1.12,2.06
2017.02.22 18:44:01.903,1.01246,1.01256,1.00,2.44
2017.02.22 18:44:04.890,1.01245,1.01256,1.12,2.44
2017.02.22 18:44:06.293,1.01246,1.01256,1.00,2.25
2017.02.22 18:44:06.917,1.01246,1.01256,1.12,1.87
2017.02.22 18:44:07.459,1.01247,1.01256,1.00,1.87
2017.02.22 18:44:08.243,1.01248,1.01257,1.00,1.87
2017.02.22 18:44:08.295,1.01251,1.01257,1.00,1.12
2017.02.22 18:44:08.397,1.01251,1.0126,1.00,3.37
2017.02.22 18:44:08.600,1.0125,1.01261,2.44,1.87
2017.02.22 18:44:08.752,1.01252,1.01261,1.50,1.50
2017.02.22 18:44:10.556,1.01251,1.01262,3.56,1.00
2017.02.22 18:44:11.077,1.01253,1.01263,1.12,2.62
2017.02.22 18:44:11.944,1.01253,1.01263,1.87,1.00
2017.02.22 18:44:15.117,1.01253,1.01262,1.87,1.00
2017.02.22 18:44:21.072,1.01253,1.01263,2.06,1.50
2017.02.22 18:44:22.021,1.01254,1.01264,1.31,2.62
2017.02.22 18:44:22.326,1.0126,1.01268,1.00,2.25
2017.02.22 18:44:22.378,1.01259,1.01268,1.12,1.50
2017.02.22 18:44:22.684,1.0126,1.01269,1.50,1.00
2017.02.22 18:44:22.786,1.01258,1.01268,1.50,2.62
2017.02.22 18:44:23.149,1.0126,1.01268,1.00,1.87
2017.02.22 18:44:24.748,1.01258,1.01268,2.25,1.50
2017.02.22 18:44:25.255,1.01257,1.01268,1.50,2.25
2017.02.22 18:44:25.673,1.01261,1.01269,1.00,2.25
2017.02.22 18:44:25.827,1.01263,1.01273,1.12,1.87
2017.02.22 18:44:26.182,1.0126,1.01272,3.94,1.75
2017.02.22 18:44:26.486,1.01263,1.01272,1.00,1.00
2017.02.22 18:44:28.415,1.01262,1.01273,2.44,1.12
2017.02.22 18:44:28.924,1.01261,1.01273,4.31,1.00
2017.02.22 18:44:31.298,1.01263,1.01272,1.50,1.00
2017.02.22 18:44:31.604,1.01264,1.01274,1.75,1.00
2017.02.22 18:44:31.914,1.01264,1.01274,1.31,1.12
2017.02.22 18:44:33.899,1.01265,1.01275,1.25,3.00
2017.02.22 18:44:37.453,1.01266,1.01277,1.00,3.00
2017.02.22 18:44:37.605,1.01266,1.01277,3.00,1.50
2017.02.22 18:44:38.152,1.01265,1.01277,4.31,2.25
2017.02.22 18:44:40.027,1.01265,1.01276,3.19,1.87
2017.02.22 18:44:41.283,1.01267,1.01276,1.00,2.25
2017.02.22 18:44:41.435,1.0127,1.01278,1.00,1.50
2017.02.22 18:44:41.487,1.01272,1.0128,1.00,1.50
2017.02.22 18:44:41.589,1.01273,1.01283,1.00,4.12
2017.02.22 18:44:41.793,1.01275,1.01283,1.25,1.00
2017.02.22 18:44:41.946,1.01275,1.01286,2.81,1.50
2017.02.22 18:44:42.536,1.01275,1.01286,1.69,1.75
2017.02.22 18:44:43.055,1.01274,1.01286,2.25,3.94
2017.02.22 18:44:52.530,1.01276,1.01285,1.00,1.50
2017.02.22 18:44:53.064,1.01275,1.01285,1.25,1.50
2017.02.22 18:44:53.604,1.01274,1.01285,1.12,2.25
2017.02.22 18:44:55.669,1.01274,1.01285,1.50,2.25
2017.02.22 18:44:57.290,1.01275,1.01285,1.00,2.25
2017.02.22 18:44:59.093,1.01274,1.01285,1.00,3.00
2017.02.22 18:45:01.286,1.01275,1.01285,2.25,1.75
2017.02.22 18:45:01.337,1.01276,1.01285,1.00,1.12
2017.02.22 18:45:01.837,1.01273,1.01285,3.00,2.62
2017.02.22 18:45:10.191,1.01275,1.01285,1.00,1.37
2017.02.22 18:45:14.919,1.01276,1.01285,1.00,1.87
2017.02.22 18:45:15.569,1.01276,1.01285,1.00,2.62
2017.02.22 18:45:16.278,1.01276,1.01286,1.12,1.87
2017.02.22 18:45:18.215,1.01277,1.01288,1.50,3.19
2017.02.22 18:45:18.293,1.01281,1.01288,1.00,2.25
2017.02.22 18:45:18.344,1.01279,1.01289,2.25,1.50
2017.02.22 18:45:18.396,1.01279,1.01289,2.25,1.50
2017.02.22 18:45:18.498,1.01279,1.01289,2.25,1.00
2017.02.22 18:45:18.701,1.01279,1.01289,1.50,1.50
2017.02.22 18:45:21.385,1.01279,1.0129,1.87,2.25
2017.02.22 18:45:22.530,1.01278,1.01286,1.12,1.00
2017.02.22 18:45:23.068,1.01279,1.01288,1.00,1.12
2017.02.22 18:45:23.583,1.0128,1.01289,1.87,1.50
2017.02.22 18:45:24.197,1.01279,1.01289,2.06,1.12
2017.02.22 18:45:24.713,1.0128,1.01289,1.00,1.12
2017.02.22 18:45:24.814,1.01278,1.01288,3.37,1.12
2017.02.22 18:45:25.344,1.01278,1.01288,1.12,1.31
2017.02.22 18:45:26.717,1.01278,1.01288,1.12,1.87
2017.02.22 18:45:26.819,1.01278,1.01288,1.00,1.75
2017.02.22 18:45:28.124,1.01278,1.01288,1.00,1.50
2017.02.22 18:45:34.640,1.01278,1.01288,1.87,1.12
2017.02.22 18:45:35.155,1.01278,1.01288,1.50,1.50
2017.02.22 18:45:35.498,1.01279,1.01289,1.12,1.12
2017.02.22 18:45:36.101,1.01277,1.01288,3.94,1.00
2017.02.22 18:45:36.647,1.01277,1.01288,4.69,1.87
2017.02.22 18:45:41.303,1.01278,1.01287,1.12,1.00
2017.02.22 18:45:41.926,1.01277,1.01287,1.25,3.00
2017.02.22 18:45:52.230,1.01278,1.01287,1.00,1.50
2017.02.22 18:45:52.333,1.01276,1.01286,1.12,1.12
2017.02.22 18:45:52.526,1.01276,1.01286,1.19,1.37
2017.02.22 18:45:53.105,1.01277,1.01286,1.00,1.37
2017.02.22 18:45:53.157,1.01275,1.01286,2.06,1.37
2017.02.22 18:45:53.436,1.01274,1.01285,2.62,1.75
2017.02.22 18:45:54.050,1.01273,1.01285,4.31,2.25
2017.02.22 18:45:55.506,1.01274,1.01283,1.00,1.12
2017.02.22 18:45:57.895,1.01273,1.01282,1.50,1.00
2017.02.22 18:45:58.200,1.01269,1.01279,1.00,1.75
2017.02.22 18:45:58.320,1.0127,1.01279,1.00,1.12
2017.02.22 18:45:58.885,1.01269,1.01279,1.12,1.12
2017.02.22 18:45:59.779,1.01268,1.01279,3.00,1.87
2017.02.22 18:46:01.874,1.01268,1.01279,2.62,1.50
2017.02.22 18:46:09.944,1.01268,1.01278,3.00,1.00
2017.02.22 18:46:10.768,1.01268,1.01278,2.25,1.00
2017.02.22 18:46:40.591,1.01267,1.01276,1.69,1.00
2017.02.22 18:46:40.845,1.01263,1.01274,1.87,2.25
2017.02.22 18:46:40.947,1.01262,1.01273,1.00,1.75
2017.02.22 18:46:41.489,1.01261,1.01272,1.50,2.62
2017.02.22 18:46:41.998,1.01261,1.01272,1.12,3.00
2017.02.22 18:46:43.259,1.01262,1.01272,1.00,1.50
2017.02.22 18:46:43.652,1.01259,1.0127,3.94,1.12
2017.02.22 18:46:44.308,1.01262,1.01271,1.00,1.87
2017.02.22 18:46:44.893,1.01263,1.01272,1.12,1.50
2017.02.22 18:46:45.628,1.01262,1.01271,1.50,1.00
2017.02.22 18:46:45.680,1.0126,1.01271,3.75,2.81
2017.02.22 18:46:45.832,1.0126,1.0127,4.87,1.00
2017.02.22 18:46:46.338,1.0126,1.01271,4.87,1.12
2017.02.22 18:46:46.866,1.0126,1.0127,6.37,1.00
2017.02.22 18:46:48.650,1.01261,1.01269,1.00,1.00
2017.02.22 18:46:49.197,1.01261,1.0127,1.12,1.00
2017.02.22 18:46:49.760,1.01261,1.01271,1.12,2.25
2017.02.22 18:46:50.294,1.01261,1.0127,1.12,1.00
2017.02.22 18:46:51.438,1.01261,1.01271,1.12,1.87
2017.02.22 18:46:51.939,1.01261,1.0127,1.12,1.00
2017.02.22 18:46:53.340,1.01261,1.01271,1.12,2.25
2017.02.22 18:46:53.860,1.01261,1.0127,1.12,1.00
2017.02.22 18:46:54.166,1.01263,1.01274,1.87,1.00
2017.02.22 18:46:54.355,1.01263,1.01272,1.87,1.37
2017.02.22 18:46:54.407,1.01261,1.0127,2.25,1.00
2017.02.22 18:46:57.545,1.01261,1.01269,1.00,2.62
2017.02.22 18:46:58.049,1.01261,1.0127,1.00,1.12
2017.02.22 18:46:58.894,1.01261,1.0127,1.50,1.00
2017.02.22 18:46:59.805,1.01263,1.01272,1.00,1.12
2017.02.22 18:47:00.400,1.01263,1.01273,1.12,1.87
2017.02.22 18:47:00.988,1.01263,1.01272,1.12,1.00
2017.02.22 18:47:01.880,1.01261,1.01269,1.12,5.62
2017.02.22 18:47:02.033,1.01255,1.01264,1.37,1.00
2017.02.22 18:47:02.185,1.01254,1.01264,2.44,3.00
2017.02.22 18:47:04.393,1.01254,1.01263,1.31,1.00
2017.02.22 18:47:07.657,1.01255,1.01263,1.00,1.00
2017.02.22 18:47:08.960,1.01254,1.01263,2.44,1.00
2017.02.22 18:47:12.402,1.01254,1.01264,3.19,3.00
2017.02.22 18:47:16.809,1.01255,1.01264,1.00,3.00
2017.02.22 18:47:18.473,1.01254,1.01264,1.31,2.62
2017.02.22 18:47:19.767,1.01255,1.01264,1.00,4.50
2017.02.22 18:47:21.480,1.01254,1.01264,1.31,3.75
2017.02.22 18:47:23.637,1.01256,1.01264,1.00,4.50
2017.02.22 18:47:24.175,1.01257,1.01264,1.00,4.50
2017.02.22 18:47:24.941,1.01255,1.01264,1.00,3.00
2017.02.22 18:47:25.481,1.01254,1.01264,1.12,3.00
2017.02.22 18:48:06.799,1.01254,1.01264,2.44,2.62
2017.02.22 18:48:07.514,1.01254,1.01264,3.19,1.87
2017.02.22 18:48:08.185,1.01255,1.01264,1.00,1.12
2017.02.22 18:48:08.755,1.01254,1.01264,3.56,1.12
2017.02.22 18:48:12.787,1.01255,1.01264,1.00,1.87
2017.02.22 18:48:33.598,1.01254,1.01263,1.69,1.50
2017.02.22 18:48:35.127,1.01254,1.01264,1.69,2.25
2017.02.22 18:48:35.685,1.01254,1.01263,1.69,1.00
2017.02.22 18:48:38.657,1.01254,1.01264,1.69,2.25
2017.02.22 18:48:39.060,1.01254,1.01258,1.25,1.00
2017.02.22 18:48:39.163,1.01246,1.01255,1.87,1.00
2017.02.22 18:48:40.114,1.01246,1.01255,2.44,1.00
2017.02.22 18:48:40.622,1.01246,1.01256,1.87,1.00
2017.02.22 18:48:41.129,1.01245,1.01255,1.50,1.50
2017.02.22 18:48:41.954,1.01245,1.01254,1.00,1.00
2017.02.22 18:48:42.558,1.01245,1.01255,1.00,2.25
2017.02.22 18:48:47.443,1.01246,1.01255,1.37,1.00
2017.02.22 18:48:48.452,1.01245,1.01253,1.87,1.00
2017.02.22 18:48:48.692,1.01243,1.01251,1.00,1.00
2017.02.22 18:48:48.743,1.01241,1.01251,1.12,1.12
2017.02.22 18:48:50.713,1.01244,1.01252,1.00,1.12
2017.02.22 18:48:51.019,1.01245,1.01253,1.75,1.37
2017.02.22 18:48:51.339,1.01245,1.01256,1.94,1.87
2017.02.22 18:48:55.844,1.01245,1.01256,2.44,1.87
2017.02.22 18:49:02.954,1.01247,1.01256,1.12,2.25
2017.02.22 18:49:03.478,1.01247,1.01255,1.50,1.00
2017.02.22 18:49:08.665,1.01247,1.01257,1.00,2.25
2017.02.22 18:49:11.792,1.01247,1.01256,1.00,1.00
2017.02.22 18:49:17.263,1.01246,1.01256,3.94,1.00
2017.02.22 18:49:18.436,1.01246,1.01256,1.69,1.50
2017.02.22 18:49:33.756,1.01245,1.01256,2.44,1.87
2017.02.22 18:49:41.757,1.01245,1.01255,1.69,1.00
2017.02.22 18:49:41.910,1.01244,1.01255,2.62,1.87
2017.02.22 18:49:42.508,1.01244,1.01255,3.75,1.12
2017.02.22 18:49:48.160,1.01245,1.01255,1.25,2.62
2017.02.22 18:49:55.547,1.01245,1.01255,1.12,2.25
2017.02.22 18:50:00.261,1.01244,1.01254,1.50,1.00
2017.02.22 18:50:00.778,1.01244,1.01254,1.12,1.87
2017.02.22 18:50:18.462,1.01244,1.01254,2.47,1.12
2017.02.22 18:50:18.564,1.01246,1.01254,1.31,1.00
2017.02.22 18:50:19.064,1.01246,1.01255,1.30,1.50
2017.02.22 18:50:19.699,1.01246,1.01255,1.91,1.50
2017.02.22 18:50:19.904,1.01246,1.01255,1.30,1.50
2017.02.22 18:50:20.005,1.01246,1.01256,2.10,1.31
2017.02.22 18:50:20.336,1.01258,1.01266,1.00,1.00
2017.02.22 18:50:21.354,1.01256,1.01266,3.56,1.87
2017.02.22 18:50:21.457,1.01255,1.01265,1.50,2.62
2017.02.22 18:50:26.778,1.01255,1.01265,1.72,1.12
2017.02.22 18:50:27.340,1.01256,1.01266,2.44,1.50
2017.02.22 18:50:28.165,1.01256,1.01267,5.66,1.12
2017.02.22 18:50:28.329,1.01259,1.01269,1.30,1.87
2017.02.22 18:50:31.424,1.01258,1.01268,2.85,1.00
2017.02.22 18:50:32.068,1.01258,1.01268,2.47,1.12
2017.02.22 18:50:32.522,1.01258,1.01268,3.22,1.12
2017.02.22 18:50:32.776,1.01257,1.01268,2.44,1.50
2017.02.22 18:50:35.859,1.01256,1.01266,2.25,1.00
2017.02.22 18:50:36.366,1.01257,1.01266,1.67,1.00
2017.02.22 18:50:38.563,1.01258,1.01267,1.30,1.00
2017.02.22 18:50:39.024,1.01256,1.01265,2.81,1.00
2017.02.22 18:50:39.284,1.01255,1.01266,1.54,2.25
2017.02.22 18:50:48.185,1.01255,1.01265,1.31,1.37
2017.02.22 18:50:48.589,1.01254,1.01262,1.00,1.50
2017.02.22 18:50:48.826,1.01252,1.01262,2.25,1.12
2017.02.22 18:50:48.877,1.0125,1.01261,3.97,1.00
2017.02.22 18:50:49.081,1.01251,1.01261,1.72,1.00
2017.02.22 18:50:49.628,1.01252,1.01262,3.37,1.00
2017.02.22 18:50:50.132,1.01252,1.01263,3.37,1.12
2017.02.22 18:50:53.852,1.01252,1.01262,2.81,1.00
2017.02.22 18:50:54.199,1.01248,1.01258,1.72,1.00
2017.02.22 18:50:54.555,1.01249,1.0126,2.47,1.87
2017.02.22 18:50:55.405,1.01249,1.0126,1.35,2.25
2017.02.22 18:50:55.507,1.0125,1.0126,1.72,1.87
2017.02.22 18:50:55.610,1.01252,1.01261,1.85,1.12
2017.02.22 18:50:55.763,1.01254,1.01264,1.72,1.12
2017.02.22 18:50:56.297,1.01254,1.01264,1.00,1.50
2017.02.22 18:50:58.512,1.01253,1.01261,1.50,1.00
2017.02.22 18:50:58.769,1.0125,1.01261,2.85,3.19
2017.02.22 18:50:59.293,1.0125,1.01261,1.00,4.12
2017.02.22 18:50:59.395,1.0125,1.01261,1.72,2.62
2017.02.22 18:50:59.923,1.01251,1.0126,1.30,1.00
2017.02.22 18:51:00.465,1.0125,1.0126,2.47,1.00
2017.02.22 18:51:00.796,1.0125,1.0126,1.72,1.12
2017.02.22 18:51:12.041,1.01249,1.01259,2.06,1.50
2017.02.22 18:51:12.208,1.01248,1.01258,1.25,1.37
2017.02.22 18:51:12.839,1.01246,1.01256,1.37,1.00
2017.02.22 18:51:17.645,1.01246,1.01255,2.25,1.00
2017.02.22 18:51:17.748,1.01246,1.01256,1.00,3.00
2017.02.22 18:51:18.289,1.01246,1.01254,1.00,1.00
2017.02.22 18:51:18.470,1.01246,1.01251,1.00,1.00
2017.02.22 18:51:18.573,1.0124,1.01249,2.62,1.00
2017.02.22 18:51:18.980,1.0124,1.01249,2.47,1.00
2017.02.22 18:51:19.522,1.01241,1.0125,1.00,1.87
2017.02.22 18:51:20.067,1.0124,1.0125,2.47,1.87
2017.02.22 18:51:20.602,1.01241,1.0125,1.00,1.87
2017.02.22 18:51:21.568,1.0124,1.01251,1.87,1.37
2017.02.22 18:51:22.090,1.01239,1.0125,2.47,1.37
2017.02.22 18:51:22.773,1.01238,1.01248,3.97,1.00
2017.02.22 18:51:23.481,1.01238,1.01246,1.50,1.00
2017.02.22 18:51:23.633,1.01236,1.01246,2.81,1.50
2017.02.22 18:51:24.001,1.01237,1.01247,3.60,1.00
2017.02.22 18:51:24.532,1.01239,1.01248,1.30,1.00
2017.02.22 18:51:25.061,1.01237,1.01247,2.44,1.50
2017.02.22 18:51:25.162,1.01237,1.01247,1.31,3.00
2017.02.22 18:51:25.683,1.01236,1.01246,1.54,1.50
2017.02.22 18:51:27.953,1.01236,1.01245,1.19,1.50
2017.02.22 18:51:28.943,1.01236,1.01244,1.00,1.12
2017.02.22 18:51:28.995,1.01234,1.01244,1.50,3.75
2017.02.22 18:51:29.047,1.01234,1.01242,1.00,2.25
2017.02.22 18:51:29.354,1.01232,1.0124,1.00,1.00
2017.02.22 18:51:29.889,1.01231,1.0124,1.35,1.00
2017.02.22 18:51:31.983,1.0123,1.0124,1.72,1.12
2017.02.22 18:51:32.431,1.01232,1.01241,1.05,1.87
2017.02.22 18:51:32.671,1.01234,1.01243,1.12,1.50
2017.02.22 18:51:32.924,1.01231,1.01242,2.62,2.25
2017.02.22 18:51:33.026,1.01231,1.0124,1.12,1.50
2017.02.22 18:51:33.333,1.01231,1.0124,1.35,2.25
2017.02.22 18:51:33.486,1.01233,1.01243,1.31,2.25
2017.02.22 18:51:34.054,1.01231,1.01242,2.44,3.00
2017.02.22 18:51:34.669,1.01231,1.01241,3.79,1.12
2017.02.22 18:51:36.782,1.01231,1.0124,2.44,1.00
2017.02.22 18:51:36.834,1.0123,1.01238,1.37,1.00
2017.02.22 18:51:37.761,1.01231,1.0124,1.35,2.25
2017.02.22 18:51:38.066,1.01234,1.01241,1.00,1.12
2017.02.22 18:51:38.596,1.01231,1.01241,1.69,3.00
2017.02.22 18:51:38.698,1.01229,1.01239,1.50,1.00
2017.02.22 18:51:38.749,1.01229,1.01239,1.50,1.12
2017.02.22 18:51:39.260,1.01229,1.01239,1.00,1.50
2017.02.22 18:51:41.037,1.01229,1.01238,2.10,1.00
2017.02.22 18:51:41.139,1.01231,1.0124,1.54,1.87
2017.02.22 18:51:41.343,1.01234,1.01241,1.00,1.12
2017.02.22 18:51:42.012,1.01232,1.01241,1.16,1.12
2017.02.22 18:51:42.395,1.0123,1.01239,3.75,1.00
2017.02.22 18:51:42.549,1.0123,1.01239,1.12,1.50
2017.02.22 18:51:43.034,1.01231,1.0124,1.54,1.37
2017.02.22 18:51:43.547,1.01229,1.01239,2.47,1.12
2017.02.22 18:51:43.648,1.01229,1.01239,2.10,1.50
2017.02.22 18:51:44.198,1.01229,1.01239,2.10,1.12
2017.02.22 18:51:45.513,1.01228,1.01238,2.81,1.87
2017.02.22 18:51:46.020,1.01228,1.01238,3.41,1.12
2017.02.22 18:51:48.530,1.01228,1.01238,3.00,1.12
2017.02.22 18:51:48.685,1.01227,1.01237,1.25,3.37
2017.02.22 18:51:49.097,1.01227,1.01235,1.80,1.00
2017.02.22 18:51:49.635,1.01227,1.01236,1.80,1.00
2017.02.22 18:51:51.028,1.01228,1.01238,2.10,1.00
2017.02.22 18:51:51.635,1.01227,1.01238,4.16,1.37
2017.02.22 18:51:52.702,1.01228,1.01238,2.10,1.12
2017.02.22 18:51:54.838,1.01226,1.01236,1.69,1.00
2017.02.22 18:51:54.889,1.01226,1.01236,1.69,1.00
2017.02.22 18:52:02.582,1.01226,1.01235,1.25,1.00
2017.02.22 18:52:03.113,1.01224,1.01234,1.31,1.12
2017.02.22 18:52:05.767,1.01223,1.01233,2.81,1.00
2017.02.22 18:52:06.274,1.01223,1.01233,2.44,1.12
2017.02.22 18:52:07.140,1.01223,1.01233,2.44,1.12
2017.02.22 18:52:08.520,1.01223,1.01231,1.25,1.00
2017.02.22 18:52:08.754,1.01217,1.01228,3.15,1.50
2017.02.22 18:52:13.421,1.0122,1.01229,1.57,1.00
2017.02.22 18:52:14.321,1.01221,1.0123,1.00,1.50
2017.02.22 18:52:14.625,1.01217,1.01227,5.25,1.00
2017.02.22 18:52:14.828,1.01215,1.01225,2.96,1.00
2017.02.22 18:52:15.335,1.01217,1.01225,1.20,1.00
2017.02.22 18:52:15.388,1.01216,1.01225,4.09,1.00
2017.02.22 18:52:15.439,1.01218,1.01228,2.21,1.87
2017.02.22 18:52:15.951,1.01219,1.01228,1.57,1.50
2017.02.22 18:52:16.904,1.01219,1.0123,3.37,2.62
2017.02.22 18:52:17.006,1.01219,1.0123,3.37,1.50
2017.02.22 18:52:17.311,1.01219,1.01228,1.37,1.00
2017.02.22 18:52:17.413,1.01218,1.01228,2.25,1.12
2017.02.22 18:52:19.044,1.01217,1.01227,3.37,1.00
2017.02.22 18:52:19.146,1.01219,1.01229,1.50,1.50
2017.02.22 18:52:19.724,1.01218,1.01229,1.50,1.00
2017.02.22 18:52:20.274,1.01218,1.0123,1.75,2.62
2017.02.22 18:52:20.594,1.01223,1.01232,1.00,3.75
2017.02.22 18:52:20.646,1.01223,1.01232,1.37,1.12
2017.02.22 18:52:21.182,1.01222,1.01232,1.50,1.00
2017.02.22 18:52:23.096,1.01221,1.01231,1.87,1.50
2017.02.22 18:52:23.251,1.0122,1.0123,2.81,1.00
2017.02.22 18:52:24.218,1.01221,1.01231,3.19,1.12
2017.02.22 18:52:24.422,1.01223,1.01232,1.50,1.00
2017.02.22 18:52:24.575,1.01222,1.01232,1.50,1.12
2017.02.22 18:52:25.120,1.01223,1.01232,1.00,1.50
2017.02.22 18:52:25.325,1.01219,1.01229,2.81,1.00
2017.02.22 18:52:25.662,1.0122,1.0123,2.44,1.00
2017.02.22 18:52:26.139,1.01222,1.01232,1.37,1.12
2017.02.22 18:52:26.242,1.01223,1.01234,2.62,1.50
2017.02.22 18:52:26.446,1.01223,1.01234,1.50,1.12
2017.02.22 18:52:28.560,1.01222,1.01233,1.12,1.50
2017.02.22 18:52:29.098,1.01221,1.01231,2.25,1.00
2017.02.22 18:52:29.615,1.01221,1.01231,1.12,1.12
2017.02.22 18:52:30.456,1.01222,1.01231,1.50,1.12
2017.02.22 18:52:30.659,1.01223,1.01234,3.00,1.12
2017.02.22 18:52:30.926,1.01222,1.01232,3.37,1.00
2017.02.22 18:52:31.028,1.01222,1.01232,1.87,1.12
2017.02.22 18:52:31.690,1.01221,1.01231,2.25,1.00
2017.02.22 18:52:33.000,1.01221,1.01232,2.25,1.50
2017.02.22 18:52:36.830,1.01221,1.0123,1.37,1.00
2017.02.22 18:52:37.083,1.01218,1.01228,2.25,1.00
2017.02.22 18:52:37.605,1.01217,1.01225,1.50,1.00
2017.02.22 18:52:37.921,1.01213,1.01223,3.37,1.00
2017.02.22 18:52:38.277,1.01216,1.01225,1.00,1.00
2017.02.22 18:52:38.814,1.01216,1.01225,1.50,1.00
2017.02.22 18:52:39.342,1.01216,1.01226,1.00,1.37
2017.02.22 18:52:42.395,1.01216,1.01227,1.19,1.75
2017.02.22 18:52:42.447,1.01216,1.01226,2.25,1.00
2017.02.22 18:52:42.961,1.01217,1.01227,1.00,1.00
2017.02.22 18:52:47.442,1.01216,1.01226,2.44,1.00
2017.02.22 18:52:47.962,1.01215,1.01226,2.06,1.50
2017.02.22 18:52:48.310,1.01218,1.01227,1.00,1.37
2017.02.22 18:52:48.361,1.01218,1.01227,1.00,1.00
2017.02.22 18:52:48.513,1.0122,1.01229,1.25,1.50
2017.02.22 18:52:48.818,1.01224,1.01233,1.00,1.12
2017.02.22 18:52:49.823,1.01222,1.01233,3.37,1.87
2017.02.22 18:52:50.306,1.01224,1.01234,1.37,1.37
2017.02.22 18:52:50.816,1.01224,1.01234,1.94,1.00
2017.02.22 18:52:51.327,1.01224,1.01235,1.94,1.87
2017.02.22 18:52:51.842,1.01224,1.01234,1.37,1.12
2017.02.22 18:52:51.893,1.01223,1.01233,3.00,1.12
2017.02.22 18:52:53.422,1.01224,1.01233,1.00,1.12
2017.02.22 18:52:53.931,1.01225,1.01234,1.50,1.00
2017.02.22 18:52:55.512,1.01224,1.01233,1.37,1.50
2017.02.22 18:52:56.029,1.01224,1.01234,2.25,1.12
2017.02.22 18:52:57.192,1.01223,1.01233,1.87,1.00
2017.02.22 18:52:57.294,1.01222,1.01232,2.44,1.00
2017.02.22 18:52:57.870,1.01222,1.01232,1.31,1.12
2017.02.22 18:52:58.099,1.01223,1.01233,1.31,1.37
2017.02.22 18:52:58.202,1.01223,1.01234,2.44,1.12
2017.02.22 18:52:59.065,1.01224,1.01233,1.12,1.00
2017.02.22 18:52:59.577,1.01223,1.01234,1.69,2.62
2017.02.22 18:52:59.679,1.01224,1.01234,1.50,1.00
2017.02.22 18:53:00.008,1.01222,1.01232,2.62,1.12
2017.02.22 18:53:01.051,1.01222,1.01233,2.44,1.00
2017.02.22 18:53:01.384,1.0122,1.0123,1.50,2.25
2017.02.22 18:53:01.690,1.01223,1.01231,1.37,1.00
2017.02.22 18:53:01.894,1.01221,1.01231,2.62,1.12
2017.02.22 18:53:03.815,1.01222,1.01232,1.00,1.50
2017.02.22 18:53:04.021,1.01223,1.01234,4.12,1.12
2017.02.22 18:53:05.124,1.01224,1.01234,1.12,1.12
2017.02.22 18:53:06.186,1.01222,1.01233,3.37,1.50
2017.02.22 18:53:06.568,1.01221,1.01231,2.06,1.50
2017.02.22 18:53:06.872,1.01222,1.01232,1.12,1.00
2017.02.22 18:53:07.025,1.01221,1.01231,1.87,1.00
2017.02.22 18:53:07.589,1.01222,1.01231,1.00,1.00
2017.02.22 18:53:08.090,1.01222,1.01232,1.50,1.00
2017.02.22 18:53:09.127,1.01222,1.01231,1.00,4.50
2017.02.22 18:53:09.178,1.01222,1.01229,1.00,1.00
2017.02.22 18:53:09.330,1.01218,1.01229,1.31,2.25
2017.02.22 18:53:09.672,1.0122,1.0123,1.00,3.00
2017.02.22 18:53:09.725,1.0122,1.0123,1.12,1.87
2017.02.22 18:53:10.031,1.0122,1.0123,2.25,1.00
2017.02.22 18:53:10.571,1.01221,1.01231,1.50,1.00
2017.02.22 18:53:11.105,1.0122,1.0123,1.87,1.00
2017.02.22 18:53:11.360,1.01217,1.01226,1.12,1.00
2017.02.22 18:53:11.411,1.01215,1.01226,2.81,1.50
2017.02.22 18:53:11.577,1.01215,1.01226,3.56,1.00
2017.02.22 18:53:12.055,1.01215,1.01221,2.81,1.00
2017.02.22 18:53:12.310,1.0121,1.0122,1.50,1.00
2017.02.22 18:53:12.412,1.01209,1.01219,1.50,1.12
2017.02.22 18:53:12.615,1.0121,1.0122,1.50,1.00
2017.02.22 18:53:13.663,1.01212,1.01221,1.00,1.12
2017.02.22 18:53:14.170,1.01211,1.01221,2.62,1.12
2017.02.22 18:53:14.474,1.01214,1.01224,2.25,1.00
2017.02.22 18:53:14.777,1.01213,1.01224,2.62,1.75
2017.02.22 18:53:15.284,1.0121,1.01222,4.31,1.12
2017.02.22 18:53:15.590,1.01208,1.01218,2.25,1.00
2017.02.22 18:53:15.844,1.0121,1.01221,1.50,1.12
2017.02.22 18:53:15.948,1.01209,1.01218,1.75,1.00
2017.02.22 18:53:16.168,1.01208,1.01218,1.00,1.50
2017.02.22 18:53:16.678,1.01208,1.01218,1.12,1.12
2017.02.22 18:53:17.137,1.01208,1.01218,3.75,1.00
2017.02.22 18:53:17.577,1.01208,1.01218,1.87,1.12
2017.02.22 18:53:18.520,1.01209,1.01219,1.50,1.50
2017.02.22 18:53:18.621,1.0121,1.01221,1.87,2.25
2017.02.22 18:53:18.723,1.0121,1.01221,3.00,1.00
2017.02.22 18:53:19.027,1.01209,1.01219,3.37,1.00
2017.02.22 18:53:19.350,1.0121,1.01221,1.50,1.87
2017.02.22 18:53:19.977,1.0121,1.01218,1.37,1.00
2017.02.22 18:53:20.028,1.01208,1.01218,1.87,1.00
2017.02.22 18:53:20.232,1.01208,1.01218,5.62,1.00
2017.02.22 18:53:20.764,1.01209,1.01219,2.00,1.00
2017.02.22 18:53:20.984,1.01212,1.01222,1.00,2.62
2017.02.22 18:53:21.188,1.01214,1.01224,1.50,2.25
2017.02.22 18:53:21.444,1.01212,1.01223,1.87,1.50
2017.02.22 18:53:21.547,1.01214,1.01223,1.00,1.50
2017.02.22 18:53:21.650,1.01215,1.01225,1.00,1.50
2017.02.22 18:53:22.207,1.01213,1.01223,1.50,1.00
2017.02.22 18:53:23.136,1.01214,1.01224,1.12,1.12
2017.02.22 18:53:23.531,1.01216,1.01224,1.00,1.12
2017.02.22 18:53:24.091,1.01216,1.01225,1.87,1.00
2017.02.22 18:53:24.981,1.01214,1.01224,2.62,1.12
2017.02.22 18:53:25.692,1.01213,1.01223,2.25,1.50
2017.02.22 18:53:26.033,1.01213,1.01223,1.00,3.00
2017.02.22 18:53:26.084,1.01211,1.01222,3.94,1.50
2017.02.22 18:53:26.440,1.01212,1.01222,2.25,1.00
2017.02.22 18:53:26.947,1.01212,1.01223,3.00,1.12
2017.02.22 18:53:29.738,1.01214,1.01223,1.00,1.12
2017.02.22 18:53:29.890,1.01215,1.01225,2.44,1.00
2017.02.22 18:53:29.992,1.01215,1.01225,3.19,1.00
2017.02.22 18:53:30.772,1.01215,1.01226,3.19,1.00
2017.02.22 18:53:34.380,1.01218,1.01226,1.50,1.00
2017.02.22 18:53:34.926,1.01217,1.01226,1.87,1.00
2017.02.22 18:53:35.472,1.01215,1.01223,2.25,1.00
2017.02.22 18:53:35.625,1.01212,1.01222,2.00,1.00
2017.02.22 18:53:35.676,1.01212,1.01222,2.81,1.12
2017.02.22 18:53:35.778,1.01214,1.01223,1.19,1.00
2017.02.22 18:53:35.981,1.01212,1.01223,1.12,4.87
2017.02.22 18:53:36.349,1.01212,1.01222,1.31,1.12
2017.02.22 18:53:36.451,1.01211,1.01221,1.87,1.00
2017.02.22 18:53:39.741,1.01211,1.01222,1.87,1.87
2017.02.22 18:53:40.809,1.01212,1.01223,5.06,1.00
2017.02.22 18:53:41.698,1.01212,1.01222,1.75,1.00
2017.02.22 18:53:42.004,1.01209,1.01213,3.00,3.19
2017.02.22 18:53:42.106,1.01203,1.01207,1.50,1.00
2017.02.22 18:53:42.157,1.01198,1.01208,1.50,1.00
2017.02.22 18:53:42.311,1.01198,1.01206,1.00,1.87
2017.02.22 18:53:42.617,1.01194,1.01204,3.75,1.25
2017.02.22 18:53:42.827,1.01194,1.01204,1.87,2.44
2017.02.22 18:53:45.108,1.01195,1.01205,1.00,2.25
2017.02.22 18:53:47.465,1.01198,1.01205,1.00,1.50
2017.02.22 18:53:47.567,1.01196,1.01207,2.06,1.87
2017.02.22 18:53:47.619,1.01196,1.01207,2.81,1.12
2017.02.22 18:53:48.409,1.01197,1.01208,1.50,3.00
2017.02.22 18:53:48.918,1.01198,1.01208,3.56,1.00
2017.02.22 18:53:50.302,1.01199,1.0121,1.12,4.50
2017.02.22 18:53:50.403,1.01199,1.0121,2.25,2.62
2017.02.22 18:53:50.939,1.01199,1.0121,1.50,3.00
2017.02.22 18:53:51.447,1.01198,1.01209,2.44,1.00
2017.02.22 18:53:53.260,1.01198,1.01206,1.75,1.12
2017.02.22 18:53:53.413,1.01196,1.01206,1.50,1.87
2017.02.22 18:53:53.617,1.01193,1.01204,3.75,1.12
2017.02.22 18:53:54.138,1.01194,1.01203,1.00,3.00
2017.02.22 18:53:54.994,1.01192,1.01203,3.56,1.87
2017.02.22 18:53:57.731,1.01194,1.01203,1.00,1.12
2017.02.22 18:54:00.846,1.01193,1.01204,1.87,2.62
2017.02.22 18:54:01.354,1.01194,1.01204,1.00,2.62
2017.02.22 18:54:01.884,1.01193,1.01204,1.87,2.62
2017.02.22 18:54:02.036,1.01194,1.01205,2.06,2.25
2017.02.22 18:54:04.444,1.01195,1.01205,2.25,2.25
2017.02.22 18:54:04.648,1.01198,1.01208,2.25,1.12
2017.02.22 18:54:04.700,1.01201,1.0121,1.00,1.87
2017.02.22 18:54:04.852,1.01201,1.0121,1.12,1.00
2017.02.22 18:54:05.696,1.01201,1.01211,1.12,1.12
2017.02.22 18:54:08.305,1.01201,1.01206,1.12,1.12
2017.02.22 18:54:08.582,1.01194,1.01204,1.00,1.87
2017.02.22 18:54:09.099,1.01194,1.01204,1.00,2.62
2017.02.22 18:54:09.729,1.01193,1.01204,2.62,1.50
2017.02.22 18:54:10.141,1.01198,1.01204,1.00,1.00
2017.02.22 18:54:10.192,1.01194,1.01204,1.69,1.00
2017.02.22 18:54:10.967,1.01194,1.01203,1.00,1.00
2017.02.22 18:54:13.193,1.01194,1.01204,1.00,1.50
2017.02.22 18:54:15.919,1.01194,1.01203,2.25,1.00
2017.02.22 18:54:16.021,1.01196,1.01204,1.50,2.62
2017.02.22 18:54:16.327,1.01201,1.01208,1.00,1.37
2017.02.22 18:54:16.489,1.01202,1.0121,1.00,2.62
2017.02.22 18:54:16.541,1.01204,1.0121,1.00,1.37
2017.02.22 18:54:16.745,1.01204,1.01215,1.00,3.37
2017.02.22 18:54:17.257,1.01204,1.01214,1.00,1.50
2017.02.22 18:54:17.849,1.01203,1.01214,2.62,1.50
2017.02.22 18:54:18.991,1.01203,1.01214,2.62,1.00
2017.02.22 18:54:19.476,1.01202,1.01207,1.00,1.50
2017.02.22 18:54:19.529,1.01196,1.01206,1.50,1.00
2017.02.22 18:54:19.814,1.01197,1.01208,1.50,3.19
2017.02.22 18:54:20.220,1.01203,1.01209,1.00,1.00
2017.02.22 18:54:20.373,1.01203,1.01215,3.19,1.87
2017.02.22 18:54:24.066,1.01202,1.01213,1.69,1.50
2017.02.22 18:54:28.287,1.01202,1.01213,2.81,1.00
2017.02.22 18:54:28.338,1.01202,1.01213,1.87,1.00
2017.02.22 18:54:28.390,1.01202,1.01214,2.62,3.37
2017.02.22 18:54:42.000,1.01202,1.01214,2.25,3.75
2017.02.22 18:54:44.786,1.01203,1.01214,1.75,2.25
2017.02.22 18:54:48.502,1.01203,1.01214,1.75,1.87
2017.02.22 18:54:49.065,1.01203,1.01214,1.75,1.00
2017.02.22 18:54:50.027,1.01203,1.01214,1.75,1.37
2017.02.22 18:54:50.551,1.01203,1.01214,1.75,1.50
2017.02.22 18:55:02.009,1.01205,1.01215,1.37,1.87
2017.02.22 18:55:02.317,1.01206,1.01218,6.56,4.50
2017.02.22 18:55:02.419,1.01207,1.01218,2.06,1.50
2017.02.22 18:55:02.929,1.0121,1.0122,4.31,1.00
2017.02.22 18:55:03.184,1.01212,1.01223,2.25,1.87
2017.02.22 18:55:03.619,1.01213,1.01224,2.44,1.50
2017.02.22 18:55:04.199,1.01213,1.01225,4.69,1.87
2017.02.22 18:55:08.243,1.01215,1.01226,2.00,1.12
2017.02.22 18:55:08.870,1.01216,1.01227,3.75,1.12
2017.02.22 18:55:09.198,1.01222,1.01232,1.75,1.00
2017.02.22 18:55:09.249,1.01222,1.01232,1.50,1.12
2017.02.22 18:55:09.763,1.01223,1.01234,3.00,1.37
2017.02.22 18:55:10.220,1.01223,1.01234,2.25,1.00
2017.02.22 18:55:10.764,1.01225,1.01236,1.12,1.00
2017.02.22 18:55:11.272,1.01225,1.01235,1.12,1.12
2017.02.22 18:55:11.501,1.01223,1.01232,1.87,1.12
2017.02.22 18:55:11.627,1.01221,1.01231,1.50,1.12
2017.02.22 18:55:12.220,1.0122,1.01229,2.25,1.00
2017.02.22 18:55:12.680,1.01217,1.01229,3.37,1.87
2017.02.22 18:55:15.557,1.01217,1.01229,3.37,2.25
2017.02.22 18:55:16.111,1.01217,1.01229,2.62,2.25
2017.02.22 18:55:16.295,1.01218,1.01229,2.25,1.12
2017.02.22 18:55:17.877,1.01218,1.01228,1.12,1.50
2017.02.22 18:55:17.980,1.01217,1.01228,1.50,3.00
2017.02.22 18:55:18.592,1.01216,1.01226,1.31,1.12
2017.02.22 18:55:19.101,1.01213,1.01225,2.62,2.25
2017.02.22 18:55:20.001,1.01214,1.01225,1.75,1.50
2017.02.22 18:55:20.441,1.01215,1.01227,3.56,2.25
2017.02.22 18:55:23.005,1.01215,1.01227,2.81,1.00
2017.02.22 18:55:23.107,1.01216,1.01229,2.44,2.47
2017.02.22 18:55:24.354,1.01216,1.01228,2.44,2.25
2017.02.22 18:55:28.007,1.01217,1.01228,1.94,1.87
2017.02.22 18:55:33.849,1.01217,1.01227,2.06,1.00
2017.02.22 18:55:33.900,1.01217,1.01227,1.00,1.31
2017.02.22 18:55:34.002,1.01216,1.01227,2.25,2.00
2017.02.22 18:55:34.511,1.01216,1.01227,1.50,2.00
2017.02.22 18:55:35.164,1.01216,1.01227,1.87,1.69
2017.02.22 18:55:35.694,1.01217,1.01228,1.87,1.50
2017.02.22 18:55:40.266,1.01219,1.0123,1.50,2.81
2017.02.22 18:55:40.318,1.01219,1.0123,1.87,1.62
2017.02.22 18:55:40.826,1.01219,1.0123,1.50,2.44
2017.02.22 18:55:41.029,1.0122,1.01231,2.62,1.50
2017.02.22 18:55:41.545,1.0122,1.01231,2.62,1.50
2017.02.22 18:55:42.086,1.0122,1.0123,1.50,1.37
2017.02.22 18:55:42.660,1.01219,1.0123,1.00,2.25
2017.02.22 18:55:43.594,1.01218,1.01229,1.00,1.50
2017.02.22 18:55:44.894,1.01217,1.01228,3.00,1.37
2017.02.22 18:55:45.322,1.01216,1.01227,2.25,1.50
2017.02.22 18:55:45.946,1.01217,1.01227,1.00,1.50
2017.02.22 18:55:46.172,1.01216,1.01224,1.00,1.00
2017.02.22 18:55:46.325,1.01213,1.01224,3.00,1.87
2017.02.22 18:55:46.580,1.01213,1.01223,1.50,1.50
2017.02.22 18:55:46.919,1.01214,1.01225,2.44,1.50
2017.02.22 18:55:47.423,1.01215,1.01225,1.00,1.12
2017.02.22 18:55:50.196,1.01216,1.01226,1.37,1.62
2017.02.22 18:55:50.348,1.01217,1.01228,2.62,1.12
2017.02.22 18:55:51.420,1.01218,1.01229,1.50,3.00
2017.02.22 18:55:51.950,1.01218,1.01228,1.50,1.12
2017.02.22 18:55:57.851,1.01218,1.01228,1.00,2.25
2017.02.22 18:56:00.439,1.01218,1.01228,1.37,2.25
2017.02.22 18:56:01.029,1.01218,1.01228,1.12,2.25
2017.02.22 18:56:03.949,1.01217,1.01227,1.12,1.31
2017.02.22 18:56:04.306,1.01217,1.01227,1.00,2.00
2017.02.22 18:56:04.927,1.01216,1.01226,1.87,1.50
2017.02.22 18:56:05.240,1.01215,1.01221,1.00,1.00
2017.02.22 18:56:05.292,1.01212,1.0122,1.87,1.00
2017.02.22 18:56:05.394,1.0121,1.0122,1.87,3.22
2017.02.22 18:56:05.445,1.01209,1.0122,1.62,3.00
2017.02.22 18:56:05.952,1.0121,1.0122,1.31,1.50
2017.02.22 18:56:06.175,1.01211,1.01221,1.50,1.12
2017.02.22 18:56:06.683,1.01212,1.01221,1.00,1.12
2017.02.22 18:56:06.735,1.01212,1.01221,1.00,1.37
2017.02.22 18:56:07.074,1.01215,1.01225,1.00,1.12
2017.02.22 18:56:07.379,1.01216,1.01225,1.37,1.12
2017.02.22 18:56:07.849,1.01214,1.01225,3.56,1.37
2017.02.22 18:56:08.368,1.01215,1.01225,1.12,1.75
2017.02.22 18:56:17.700,1.01216,1.01226,1.87,2.00
2017.02.22 18:56:17.802,1.01216,1.01226,1.87,1.69
2017.02.22 18:56:18.439,1.01216,1.01226,1.50,1.31
2017.02.22 18:56:18.623,1.01217,1.01227,1.87,1.50
2017.02.22 18:56:19.130,1.01217,1.01227,1.87,1.50
2017.02.22 18:56:20.212,1.01218,1.01228,1.37,1.75
2017.02.22 18:56:20.417,1.01219,1.0123,2.62,2.44
2017.02.22 18:56:20.621,1.01221,1.0123,1.37,3.19
2017.02.22 18:56:21.027,1.0122,1.0123,1.00,2.25
2017.02.22 18:56:21.601,1.0122,1.0123,1.37,1.50
2017.02.22 18:56:23.625,1.0122,1.0123,1.00,2.25
2017.02.22 18:56:25.160,1.0122,1.01231,1.12,2.44
2017.02.22 18:56:25.483,1.01219,1.01229,1.50,1.37
2017.02.22 18:56:25.787,1.0122,1.0123,1.87,1.87
2017.02.22 18:56:26.344,1.01221,1.01231,1.12,1.69
2017.02.22 18:56:26.648,1.01219,1.01229,1.00,1.87
2017.02.22 18:56:30.747,1.01217,1.01228,3.19,1.50
2017.02.22 18:56:31.281,1.01217,1.01227,1.00,1.62
2017.02.22 18:56:32.372,1.01218,1.01227,1.00,1.62
2017.02.22 18:56:32.608,1.01218,1.01228,1.69,1.12
2017.02.22 18:56:32.659,1.01218,1.01228,2.44,1.12
2017.02.22 18:56:33.720,1.01218,1.01228,2.44,1.12
2017.02.22 18:56:37.376,1.01217,1.01229,4.31,1.50
2017.02.22 18:56:37.931,1.01217,1.01229,4.31,1.50
2017.02.22 18:56:44.851,1.01221,1.0123,3.00,1.75
2017.02.22 18:56:45.140,1.01224,1.01234,2.44,1.37
2017.02.22 18:56:45.678,1.01224,1.01234,2.44,1.12
2017.02.22 18:56:49.131,1.01225,1.01235,1.50,1.50
2017.02.22 18:56:50.380,1.01226,1.01236,1.50,1.62
2017.02.22 18:56:50.433,1.01226,1.01236,1.87,1.31
2017.02.22 18:56:52.541,1.01228,1.01236,1.00,1.12
2017.02.22 18:56:52.593,1.01226,1.01236,1.50,1.12
2017.02.22 18:56:53.115,1.01227,1.01237,1.00,1.50
2017.02.22 18:56:55.614,1.01227,1.01237,1.00,2.00
2017.02.22 18:56:55.996,1.01229,1.01239,1.00,4.69
2017.02.22 18:56:56.195,1.01228,1.01239,2.62,1.50
2017.02.22 18:56:56.398,1.01228,1.01238,1.87,1.75
2017.02.22 18:56:56.500,1.01228,1.01238,1.87,1.50
2017.02.22 18:56:56.602,1.01231,1.01238,1.50,1.00
2017.02.22 18:56:56.806,1.01232,1.01241,1.12,1.12
2017.02.22 18:56:57.376,1.01231,1.01242,2.62,1.75
2017.02.22 18:56:57.847,1.01229,1.0124,4.12,1.69
2017.02.22 18:56:58.363,1.01229,1.01238,1.50,1.00
2017.02.22 18:56:58.465,1.01229,1.01238,1.87,1.00
2017.02.22 18:56:58.517,1.01229,1.01238,1.87,1.00
2017.02.22 18:56:58.823,1.0123,1.0124,2.62,1.50
2017.02.22 18:56:59.331,1.0123,1.0124,3.00,1.12
2017.02.22 18:57:01.341,1.01231,1.01243,2.62,3.19
2017.02.22 18:57:01.673,1.01228,1.01238,3.19,1.12
2017.02.22 18:57:01.941,1.01229,1.01238,1.00,1.50
2017.02.22 18:57:02.144,1.0123,1.0124,1.00,1.50
2017.02.22 18:57:03.040,1.0123,1.0124,1.00,2.25
2017.02.22 18:57:03.447,1.0123,1.01239,1.00,1.75
2017.02.22 18:57:03.701,1.01228,1.01238,2.62,1.37
2017.02.22 18:57:03.871,1.01228,1.01238,3.00,1.12
2017.02.22 18:57:04.400,1.01229,1.01238,1.00,1.12
2017.02.22 18:57:05.738,1.01229,1.01239,1.12,2.25
2017.02.22 18:57:06.510,1.01228,1.01239,1.69,2.25
2017.02.22 18:57:10.229,1.01229,1.01239,1.00,3.00
2017.02.22 18:57:10.331,1.01229,1.01239,1.00,2.25
2017.02.22 18:57:14.881,1.0123,1.0124,1.00,3.19
2017.02.22 18:57:15.468,1.0123,1.0124,1.25,3.00
2017.02.22 18:57:21.260,1.0123,1.0124,1.69,1.00
2017.02.22 18:57:21.879,1.01233,1.01242,1.00,1.50
2017.02.22 18:57:22.134,1.01236,1.01246,1.50,1.31
2017.02.22 18:57:24.845,1.01235,1.01246,2.25,1.62
2017.02.22 18:57:25.912,1.01236,1.01246,1.00,1.69
2017.02.22 18:57:25.964,1.01236,1.01246,2.62,1.25
2017.02.22 18:57:26.258,1.01237,1.01248,1.87,1.75
2017.02.22 18:57:26.312,1.01238,1.01248,1.00,1.12
2017.02.22 18:57:27.061,1.01239,1.01249,1.00,2.44
2017.02.22 18:57:29.117,1.0124,1.0125,1.00,2.44
2017.02.22 18:57:29.618,1.0124,1.01249,1.00,2.00
2017.02.22 18:57:30.138,1.01239,1.01249,1.00,2.25
2017.02.22 18:57:32.209,1.01237,1.01247,1.50,1.87
2017.02.22 18:57:32.666,1.01236,1.01246,1.00,1.62
2017.02.22 18:57:34.981,1.01236,1.01246,1.50,1.69
2017.02.22 18:57:35.524,1.01236,1.01247,1.87,2.44
2017.02.22 18:57:36.049,1.01236,1.01247,1.87,1.94
2017.02.22 18:57:36.886,1.01237,1.01247,1.25,1.75
2017.02.22 18:57:36.987,1.01238,1.01248,1.00,3.00
2017.02.22 18:57:40.238,1.01237,1.01248,2.44,2.25
2017.02.22 18:57:41.458,1.01238,1.01248,1.00,1.50
2017.02.22 18:57:41.981,1.01237,1.01248,1.69,2.25
2017.02.22 18:57:42.738,1.01238,1.01248,1.00,2.25
2017.02.22 18:57:45.876,1.01237,1.01248,1.12,2.44
2017.02.22 18:57:47.752,1.01237,1.01248,1.12,3.19
2017.02.22 18:57:48.273,1.01236,1.01248,1.00,3.19
2017.02.22 18:57:49.209,1.01238,1.01248,1.12,1.69
2017.02.22 18:57:49.826,1.01239,1.01249,1.00,2.00
2017.02.22 18:57:51.532,1.01238,1.01248,1.12,2.44
2017.02.22 18:57:52.138,1.01238,1.01248,1.00,2.44
2017.02.22 18:57:55.619,1.01238,1.01247,1.00,1.25
2017.02.22 18:58:00.736,1.01238,1.01248,1.12,2.44
2017.02.22 18:58:05.243,1.01238,1.01247,1.00,1.31
2017.02.22 18:58:06.059,1.01239,1.01248,1.12,1.50
2017.02.22 18:58:06.161,1.0124,1.0125,1.00,2.81
2017.02.22 18:58:06.325,1.01242,1.0125,1.19,1.12
2017.02.22 18:58:07.007,1.01244,1.01251,1.25,1.12
2017.02.22 18:58:07.059,1.01244,1.01254,1.62,1.00
2017.02.22 18:58:07.362,1.01243,1.01253,1.12,1.50
2017.02.22 18:58:07.868,1.01243,1.01252,1.00,1.00
2017.02.22 18:58:08.437,1.01244,1.01252,1.00,1.00
2017.02.22 18:58:10.043,1.01243,1.01252,1.00,1.50
2017.02.22 18:58:10.400,1.01241,1.01251,1.12,1.69
2017.02.22 18:58:10.613,1.0124,1.01249,1.37,1.00
2017.02.22 18:58:10.765,1.01239,1.01249,1.12,1.00
2017.02.22 18:58:10.867,1.01241,1.01251,1.00,1.50
2017.02.22 18:58:12.997,1.01241,1.0125,1.00,1.00
2017.02.22 18:58:14.915,1.01241,1.01252,1.25,2.62
2017.02.22 18:58:14.966,1.01243,1.01252,1.00,1.87
2017.02.22 18:58:15.068,1.01241,1.01252,1.12,1.50
2017.02.22 18:58:15.271,1.01243,1.01252,1.00,1.37
2017.02.22 18:58:15.322,1.01243,1.01253,1.00,2.06
2017.02.22 18:58:15.373,1.01243,1.01252,1.00,1.69
2017.02.22 18:58:15.474,1.01243,1.01252,1.00,1.50
2017.02.22 18:58:21.150,1.01242,1.01253,1.00,2.25
2017.02.22 18:58:21.691,1.01243,1.01253,1.00,1.00
2017.02.22 18:58:22.201,1.0124,1.0125,1.00,1.00
2017.02.22 18:58:22.507,1.01239,1.01248,1.00,1.19
2017.02.22 18:58:23.389,1.01238,1.01248,1.00,1.19
2017.02.22 18:58:26.598,1.01239,1.01249,2.62,1.25
2017.02.22 18:58:27.121,1.01238,1.01248,1.00,1.69
2017.02.22 18:58:28.297,1.01237,1.01248,1.00,1.69
2017.02.22 18:58:32.461,1.01237,1.01247,1.00,1.00
2017.02.22 18:58:32.975,1.01236,1.01246,1.00,1.00
2017.02.22 18:58:34.268,1.01234,1.01246,4.31,1.50
2017.02.22 18:58:34.421,1.01234,1.01244,1.31,1.00
2017.02.22 18:58:36.214,1.01234,1.01245,1.25,2.25
2017.02.22 18:58:36.780,1.01235,1.01245,1.00,1.50
2017.02.22 18:58:40.481,1.01234,1.01245,1.25,1.50
2017.02.22 18:58:41.538,1.01235,1.01245,1.00,1.00
2017.02.22 18:58:45.378,1.01234,1.01244,1.25,1.00
2017.02.22 18:58:47.243,1.01233,1.01243,1.50,1.00
2017.02.22 18:58:51.104,1.0123,1.01234,1.00,1.25
2017.02.22 18:58:51.156,1.01227,1.01231,1.87,1.25
2017.02.22 18:58:51.207,1.01226,1.01231,3.75,1.00
2017.02.22 18:58:51.259,1.01222,1.01231,1.00,1.00
2017.02.22 18:58:51.564,1.0122,1.01228,1.37,1.00
2017.02.22 18:58:51.897,1.0122,1.01226,1.37,1.25
2017.02.22 18:58:52.049,1.01216,1.01226,1.50,1.25
2017.02.22 18:58:52.965,1.01215,1.01226,1.00,1.69
2017.02.22 18:58:53.538,1.01213,1.01224,1.50,1.00
2017.02.22 18:58:54.503,1.01213,1.01223,1.50,1.00
2017.02.22 18:58:55.520,1.01211,1.01223,1.87,1.50
2017.02.22 18:58:55.928,1.0121,1.01221,2.06,2.25
2017.02.22 18:58:56.081,1.01208,1.01219,1.50,1.25
2017.02.22 18:58:56.285,1.01209,1.01218,1.19,1.00
2017.02.22 18:58:56.583,1.01207,1.01218,1.31,1.00
2017.02.22 18:58:57.382,1.01206,1.01217,1.87,2.44
2017.02.22 18:58:57.640,1.01204,1.01215,1.12,1.69
2017.02.22 18:58:58.786,1.01203,1.01214,1.87,1.00
2017.02.22 18:58:59.910,1.01203,1.01213,1.00,1.00
2017.02.22 18:59:00.114,1.01202,1.01208,1.00,1.50
2017.02.22 18:59:00.325,1.01198,1.01208,1.00,1.50
2017.02.22 18:59:00.427,1.01201,1.0121,1.12,1.12
2017.02.22 18:59:00.581,1.01203,1.01214,1.87,1.50
2017.02.22 18:59:01.009,1.01203,1.01213,1.50,1.19
2017.02.22 18:59:01.263,1.01201,1.01213,2.25,2.44
2017.02.22 18:59:01.821,1.01201,1.01211,1.00,1.00
2017.02.22 18:59:03.425,1.012,1.0121,2.25,1.00
2017.02.22 18:59:03.946,1.01199,1.0121,1.50,1.00
2017.02.22 18:59:04.505,1.012,1.0121,1.00,1.00
2017.02.22 18:59:05.506,1.01199,1.0121,1.00,1.00
2017.02.22 18:59:06.054,1.01198,1.01209,1.50,1.00
2017.02.22 18:59:06.559,1.01198,1.01208,1.00,1.00
2017.02.22 18:59:07.059,1.01193,1.01202,1.00,1.00
2017.02.22 18:59:07.161,1.01191,1.01202,1.69,1.50
2017.02.22 18:59:13.291,1.01192,1.01202,1.00,1.00
2017.02.22 18:59:13.835,1.01191,1.01202,3.56,1.00
2017.02.22 18:59:14.353,1.01191,1.01202,3.56,1.00
2017.02.22 18:59:14.507,1.01191,1.01202,3.56,1.00
2017.02.22 18:59:18.080,1.01193,1.01205,1.12,2.81
2017.02.22 18:59:18.235,1.01196,1.01207,1.12,1.50
2017.02.22 18:59:18.294,1.01198,1.01207,1.00,1.00
2017.02.22 18:59:18.397,1.01198,1.0121,1.00,2.06
2017.02.22 18:59:18.696,1.01198,1.01206,1.00,1.25
2017.02.22 18:59:18.747,1.01196,1.01206,1.50,1.25
2017.02.22 18:59:19.987,1.01198,1.01206,1.00,1.25
2017.02.22 18:59:20.140,1.01201,1.01211,1.50,2.62
2017.02.22 18:59:20.328,1.01208,1.01216,1.00,1.12
2017.02.22 18:59:20.582,1.01209,1.0122,1.00,2.00
2017.02.22 18:59:20.734,1.0121,1.0122,1.00,1.25
2017.02.22 18:59:20.786,1.01207,1.0122,1.00,1.69
2017.02.22 18:59:20.837,1.01207,1.01216,1.00,1.25
2017.02.22 18:59:21.345,1.01206,1.01216,1.00,1.25
2017.02.22 18:59:23.462,1.01207,1.01216,1.00,1.25
2017.02.22 18:59:24.856,1.01206,1.01216,1.50,1.25
2017.02.22 18:59:25.371,1.01207,1.01216,1.00,1.25
2017.02.22 18:59:25.980,1.01206,1.01215,1.00,1.00
2017.02.22 18:59:26.436,1.01208,1.01216,1.00,1.00
2017.02.22 18:59:26.980,1.01207,1.01217,1.00,1.19
2017.02.22 18:59:27.565,1.01206,1.01216,1.00,1.25
2017.02.22 18:59:28.127,1.01207,1.01216,1.00,1.25
2017.02.22 18:59:29.152,1.01206,1.01216,1.50,1.25
2017.02.22 18:59:29.660,1.01207,1.01216,1.00,1.25
2017.02.22 18:59:30.200,1.01206,1.01216,1.00,1.00
2017.02.22 18:59:31.010,1.0121,1.01218,1.00,1.00
2017.02.22 18:59:32.862,1.01209,1.01218,2.62,1.00
2017.02.22 18:59:33.424,1.0121,1.01218,1.00,1.00
2017.02.22 18:59:36.662,1.0121,1.01218,1.37,1.00
2017.02.22 18:59:38.643,1.01209,1.01218,2.62,1.00
2017.02.22 18:59:39.313,1.01207,1.01217,1.87,1.50
2017.02.22 18:59:39.365,1.01207,1.01215,1.12,1.00
2017.02.22 18:59:39.750,1.01204,1.01215,2.62,1.00
2017.02.22 18:59:40.259,1.01205,1.01215,1.00,1.00
2017.02.22 18:59:40.770,1.01205,1.01216,1.12,1.00
2017.02.22 18:59:41.376,1.01204,1.01215,1.37,1.00
2017.02.22 18:59:42.784,1.01203,1.01214,3.37,1.00
2017.02.22 18:59:43.296,1.01203,1.01215,1.37,1.00
2017.02.22 18:59:45.148,1.01204,1.01217,1.37,1.00
2017.02.22 18:59:45.677,1.01204,1.01218,1.37,1.00
2017.02.22 18:59:45.991,1.012,1.0121,1.37,1.00
2017.02.22 18:59:46.042,1.012,1.0121,1.37,1.00
2017.02.22 18:59:46.208,1.01195,1.0121,1.00,1.87
2017.02.22 18:59:46.753,1.01194,1.01209,1.37,1.87
2017.02.22 18:59:47.474,1.01194,1.0121,1.87,1.00
2017.02.22 18:59:47.989,1.01194,1.0121,1.37,1.00
2017.02.22 18:59:48.330,1.012,1.01211,1.37,1.12
2017.02.22 18:59:48.513,1.01201,1.01216,1.37,1.00
2017.02.22 18:59:48.564,1.01201,1.01219,1.37,1.50
2017.02.22 18:59:49.100,1.01201,1.0122,1.37,1.00
2017.02.22 18:59:50.658,1.012,1.0122,1.87,1.00
2017.02.22 18:59:51.048,1.01208,1.0122,1.00,1.00
2017.02.22 18:59:51.099,1.01212,1.01231,1.00,1.50
2017.02.22 18:59:51.601,1.01212,1.01231,1.00,1.00
2017.02.22 18:59:51.883,1.01228,1.01232,1.00,1.12
2017.02.22 18:59:51.935,1.01228,1.01242,1.00,2.25
2017.02.22 18:59:52.139,1.01212,1.01242,1.50,2.17
2017.02.22 18:59:52.640,1.01213,1.01242,1.00,2.17
2017.02.22 18:59:53.035,1.01216,1.01242,1.00,2.17
2017.02.22 18:59:53.273,1.01213,1.01243,1.00,1.67
2017.02.22 18:59:53.391,1.01212,1.0124,1.50,1.00
2017.02.22 18:59:54.891,1.01212,1.01242,1.00,1.67
2017.02.22 18:59:55.475,1.01213,1.01245,1.00,1.80
