2008.09.08 20:00:00.966,1.1298,1.12995,2.80,1.20
2008.09.08 20:00:02.905,1.1298,1.13,2.80,1.20
2008.09.08 20:00:03.710,1.1298,1.13005,2.80,1.40
2008.09.08 20:00:04.149,1.1298,1.13,2.80,1.00
2008.09.08 20:00:07.284,1.12975,1.13,2.80,1.00
2008.09.08 20:00:08.253,1.12975,1.13,2.80,1.40
2008.09.08 20:00:09.889,1.12975,1.13,2.80,1.00
2008.09.08 20:00:10.925,1.1298,1.13005,3.30,1.40
2008.09.08 20:00:11.041,1.12985,1.13005,2.80,1.20
2008.09.08 20:00:11.625,1.12985,1.13005,2.80,1.70
2008.09.08 20:00:11.781,1.1298,1.13005,2.80,2.00
2008.09.08 20:00:12.093,1.1298,1.13005,4.10,2.00
2008.09.08 20:00:13.634,1.12985,1.13005,2.80,1.20
2008.09.08 20:00:14.998,1.1298,1.13005,3.30,1.40
2008.09.08 20:00:15.261,1.1298,1.13005,2.80,1.40
2008.09.08 20:00:18.466,1.12985,1.13005,3.30,1.20
2008.09.08 20:00:19.013,1.1299,1.13005,1.20,1.20
2008.09.08 20:00:19.395,1.1299,1.13015,1.20,2.00
2008.09.08 20:00:22.042,1.1299,1.13,1.00,1.00
2008.09.08 20:00:22.189,1.1298,1.13,5.50,1.00
2008.09.08 20:00:22.429,1.12975,1.13,5.50,1.00
2008.09.08 20:00:25.881,1.12975,1.13,2.80,1.00
2008.09.08 20:00:33.976,1.12975,1.12995,2.80,1.00
2008.09.08 20:00:35.030,1.12975,1.13,2.80,1.40
2008.09.08 20:00:37.529,1.12975,1.13,2.80,1.00
2008.09.08 20:00:37.765,1.12975,1.12995,2.80,1.00
2008.09.08 20:00:38.237,1.12985,1.13005,1.20,1.20
2008.09.08 20:00:39.312,1.1299,1.1301,1.20,1.00
2008.09.08 20:00:42.573,1.1299,1.13015,4.10,1.40
2008.09.08 20:00:42.858,1.1299,1.13015,4.70,1.40
2008.09.08 20:00:43.425,1.12995,1.13015,2.80,1.40
2008.09.08 20:00:43.919,1.1299,1.13015,4.70,1.40
2008.09.08 20:00:45.630,1.1299,1.13015,4.10,1.40
2008.09.08 20:00:45.694,1.1299,1.1301,1.20,1.00
2008.09.08 20:00:46.054,1.1299,1.1301,1.20,1.00
2008.09.08 20:00:46.773,1.1299,1.13015,4.70,1.40
2008.09.08 20:01:04.468,1.12995,1.13015,2.80,1.40
2008.09.08 20:01:06.444,1.12995,1.13015,2.80,1.20
2008.09.08 20:01:08.277,1.13,1.13025,2.80,1.40
2008.09.08 20:01:08.910,1.13,1.13025,4.10,1.40
2008.09.08 20:01:15.979,1.13005,1.13025,2.80,1.20
2008.09.08 20:01:25.637,1.13,1.1302,1.20,1.00
2008.09.08 20:01:25.901,1.12995,1.1302,4.30,1.00
2008.09.08 20:01:26.173,1.12995,1.1302,2.80,1.00
2008.09.08 20:01:26.437,1.1299,1.13015,4.70,1.00
2008.09.08 20:01:26.701,1.1299,1.13015,4.70,1.40
2008.09.08 20:01:50.392,1.1299,1.13015,4.10,1.40
2008.09.08 20:01:50.455,1.1299,1.13015,2.80,1.40
2008.09.08 20:01:50.860,1.1299,1.1301,2.80,1.20
2008.09.08 20:01:51.124,1.12985,1.1301,2.80,1.40
2008.09.08 20:01:52.080,1.12985,1.13005,2.80,1.20
2008.09.08 20:01:53.386,1.1298,1.13005,3.30,1.40
2008.09.08 20:01:53.443,1.1298,1.13005,2.80,1.40
2008.09.08 20:01:53.756,1.1298,1.13,2.80,1.20
2008.09.08 20:01:53.860,1.1298,1.12995,2.80,1.20
2008.09.08 20:01:54.161,1.1297,1.12995,2.80,1.40
2008.09.08 20:01:54.362,1.1297,1.12985,2.80,1.20
2008.09.08 20:01:55.992,1.12965,1.12985,3.90,1.20
2008.09.08 20:01:58.397,1.12975,1.12985,3.70,1.20
2008.09.08 20:01:58.542,1.12975,1.13005,3.30,6.60
2008.09.08 20:01:58.673,1.1298,1.12995,2.80,5.40
2008.09.08 20:01:58.765,1.1298,1.1301,2.80,1.20
2008.09.08 20:02:04.940,1.1298,1.13005,4.10,1.40
2008.09.08 20:02:05.050,1.1298,1.13005,2.80,1.40
2008.09.08 20:02:05.288,1.1298,1.13,2.80,1.20
2008.09.08 20:02:05.370,1.1298,1.12995,2.80,1.20
2008.09.08 20:02:31.732,1.12975,1.12995,2.80,1.20
2008.09.08 20:02:36.952,1.12975,1.12995,2.80,1.40
2008.09.08 20:02:38.648,1.12975,1.12995,2.80,1.00
2008.09.08 20:02:38.925,1.1297,1.12995,7.40,1.00
2008.09.08 20:02:39.044,1.12975,1.1299,2.70,1.00
2008.09.08 20:02:39.277,1.12975,1.1299,2.70,2.40
2008.09.08 20:02:39.408,1.12975,1.1299,2.70,2.90
2008.09.08 20:02:39.756,1.1297,1.1299,2.80,2.90
2008.09.08 20:02:41.092,1.1297,1.1299,2.80,2.40
2008.09.08 20:02:41.892,1.12975,1.1299,1.00,2.40
2008.09.08 20:02:42.208,1.1298,1.13,1.20,5.60
2008.09.08 20:02:42.524,1.1298,1.13,1.20,1.00
2008.09.08 20:02:42.840,1.1298,1.13005,4.10,1.00
2008.09.08 20:02:43.464,1.1298,1.13,2.80,2.40
2008.09.08 20:02:43.552,1.12975,1.13,6.00,3.20
2008.09.08 20:02:43.641,1.12975,1.13,5.50,3.20
2008.09.08 20:02:43.817,1.12975,1.13,2.80,2.70
2008.09.08 20:02:43.904,1.12975,1.13,2.80,3.90
2008.09.08 20:02:44.400,1.12975,1.13,2.80,4.40
2008.09.08 20:02:44.728,1.1297,1.1299,4.70,1.00
2008.09.08 20:02:45.048,1.12975,1.1299,2.80,1.00
2008.09.08 20:02:45.288,1.12975,1.13,2.80,4.40
2008.09.08 20:02:45.528,1.12975,1.13,5.50,3.20
2008.09.08 20:02:45.768,1.12975,1.13,2.80,4.40
2008.09.08 20:02:46.505,1.12975,1.13,2.80,3.90
2008.09.08 20:02:46.770,1.12975,1.13,2.80,3.20
2008.09.08 20:02:47.028,1.12975,1.13,2.80,4.40
2008.09.08 20:02:47.286,1.12975,1.13,2.80,3.90
2008.09.08 20:02:47.534,1.12985,1.13,2.80,1.40
2008.09.08 20:02:47.780,1.12985,1.13,2.80,1.20
2008.09.08 20:02:48.281,1.12995,1.13005,3.30,1.20
2008.09.08 20:02:48.408,1.12995,1.1301,3.30,1.20
2008.09.08 20:02:48.536,1.12995,1.1302,3.30,1.00
2008.09.08 20:02:48.792,1.13,1.1302,1.20,1.00
2008.09.08 20:02:49.260,1.12995,1.1302,3.70,1.00
2008.09.08 20:02:49.692,1.12995,1.1302,2.80,1.00
2008.09.08 20:02:49.909,1.1299,1.13015,5.50,1.00
2008.09.08 20:02:50.340,1.1299,1.1301,5.50,1.00
2008.09.08 20:02:50.525,1.12985,1.13005,2.70,1.00
2008.09.08 20:02:52.834,1.1298,1.13005,5.50,1.00
2008.09.08 20:02:53.672,1.1297,1.12995,2.80,1.00
2008.09.08 20:02:54.280,1.12975,1.13,2.80,1.40
2008.09.08 20:02:54.356,1.12975,1.13,2.80,1.00
2008.09.08 20:02:54.432,1.1297,1.1299,5.50,1.00
2008.09.08 20:02:54.660,1.1298,1.1301,2.80,1.40
2008.09.08 20:02:55.348,1.1298,1.1301,5.50,1.00
2008.09.08 20:02:55.517,1.12985,1.1301,2.70,1.00
2008.09.08 20:03:00.053,1.1298,1.13005,5.50,1.00
2008.09.08 20:03:00.276,1.1298,1.13005,2.80,1.00
2008.09.08 20:03:04.424,1.12975,1.13,6.60,1.00
2008.09.08 20:03:04.532,1.12975,1.13,3.90,1.00
2008.09.08 20:03:04.976,1.12975,1.12995,3.90,1.00
2008.09.08 20:03:05.384,1.12975,1.12995,2.80,1.00
2008.09.08 20:03:05.588,1.12975,1.13,2.80,1.00
2008.09.08 20:03:06.356,1.12975,1.13,5.50,1.00
2008.09.08 20:03:06.544,1.12975,1.12995,2.70,1.00
2008.09.08 20:03:06.960,1.12975,1.13,5.50,1.00
2008.09.08 20:03:07.188,1.12975,1.13,5.50,5.60
2008.09.08 20:03:07.416,1.12975,1.13,2.80,5.60
2008.09.08 20:03:07.644,1.12975,1.12995,2.80,1.20
2008.09.08 20:03:07.872,1.12975,1.13,2.80,1.40
2008.09.08 20:03:08.132,1.1297,1.12995,2.80,1.00
2008.09.08 20:03:08.393,1.1297,1.12995,5.50,1.00
2008.09.08 20:03:08.913,1.1298,1.12995,1.00,1.00
2008.09.08 20:03:08.988,1.1298,1.12995,3.30,1.00
2008.09.08 20:03:09.065,1.1298,1.13005,3.30,1.40
2008.09.08 20:03:09.368,1.1298,1.13005,4.70,1.40
2008.09.08 20:03:09.444,1.1298,1.13005,7.40,1.00
2008.09.08 20:03:09.522,1.12985,1.1301,2.80,1.40
2008.09.08 20:03:10.032,1.1299,1.1301,2.80,1.20
2008.09.08 20:03:10.236,1.1298,1.13005,7.40,1.00
2008.09.08 20:03:12.972,1.1298,1.13005,6.80,3.50
2008.09.08 20:03:13.161,1.1298,1.13005,6.80,4.00
2008.09.08 20:03:13.245,1.1298,1.13005,4.10,4.00
2008.09.08 20:03:13.330,1.1298,1.13,4.10,1.20
2008.09.08 20:03:14.528,1.1298,1.13,1.20,1.40
2008.09.08 20:03:16.582,1.1298,1.13,1.20,4.10
2008.09.08 20:03:18.588,1.1298,1.13,1.20,1.40
2008.09.08 20:03:20.528,1.12975,1.12995,2.80,1.00
2008.09.08 20:03:20.968,1.12975,1.12995,5.50,1.00
2008.09.08 20:03:21.188,1.1297,1.12995,5.50,1.00
2008.09.08 20:03:21.744,1.1297,1.1299,2.70,1.00
2008.09.08 20:03:22.481,1.12965,1.1299,6.70,1.00
2008.09.08 20:03:23.056,1.12965,1.12985,3.70,1.00
2008.09.08 20:03:23.961,1.12965,1.1299,6.70,1.00
2008.09.08 20:03:24.252,1.12965,1.1299,4.00,1.00
2008.09.08 20:03:24.480,1.12965,1.1299,3.10,1.00
2008.09.08 20:03:24.782,1.12965,1.1299,5.80,1.00
2008.09.08 20:03:25.412,1.1297,1.12995,2.80,1.00
2008.09.08 20:03:25.666,1.1297,1.12995,3.30,1.00
2008.09.08 20:03:26.112,1.12975,1.12995,2.80,1.00
2008.09.08 20:03:26.472,1.12975,1.13,2.80,1.40
2008.09.08 20:03:26.652,1.12975,1.12995,3.30,1.20
2008.09.08 20:03:27.080,1.12975,1.13,4.30,1.40
2008.09.08 20:03:27.576,1.1298,1.13,1.20,5.60
2008.09.08 20:03:27.824,1.12975,1.13,3.70,5.60
2008.09.08 20:03:28.072,1.12975,1.13,2.80,1.40
2008.09.08 20:03:28.608,1.12975,1.12995,2.80,1.20
2008.09.08 20:03:29.360,1.12975,1.12995,3.30,1.20
2008.09.08 20:03:29.576,1.12975,1.13,3.30,11.00
2008.09.08 20:03:29.792,1.1298,1.13,1.20,4.00
2008.09.08 20:03:30.224,1.1298,1.13,1.20,1.40
2008.09.08 20:03:30.464,1.1298,1.12995,1.20,1.00
2008.09.08 20:03:30.584,1.1297,1.12995,6.80,1.00
2008.09.08 20:03:30.704,1.1297,1.12995,6.80,1.00
2008.09.08 20:03:30.825,1.1297,1.12995,4.10,1.40
2008.09.08 20:03:30.944,1.12975,1.12995,2.80,1.40
2008.09.08 20:03:31.064,1.12975,1.12995,2.80,1.20
2008.09.08 20:03:35.120,1.1297,1.12995,4.10,1.40
2008.09.08 20:03:37.369,1.12985,1.12995,1.20,1.20
2008.09.08 20:03:37.616,1.12985,1.12995,4.70,1.20
2008.09.08 20:03:37.866,1.1299,1.1302,1.00,1.00
2008.09.08 20:03:38.112,1.12995,1.13025,1.20,1.40
2008.09.08 20:03:42.580,1.13,1.1302,1.20,1.00
2008.09.08 20:03:43.252,1.13,1.1302,1.20,1.40
2008.09.08 20:03:45.556,1.13,1.1302,4.10,1.20
2008.09.08 20:03:45.600,1.13,1.1302,4.70,1.20
2008.09.08 20:03:46.384,1.13,1.13025,4.70,1.40
2008.09.08 20:03:47.565,1.13,1.13025,4.70,1.00
2008.09.08 20:03:47.653,1.13,1.13025,4.70,1.00
2008.09.08 20:03:50.255,1.13,1.13025,4.70,1.40
2008.09.08 20:03:52.080,1.13,1.13025,4.10,1.40
2008.09.08 20:03:52.240,1.13,1.1302,4.10,1.00
2008.09.08 20:03:52.901,1.13,1.13025,4.70,1.40
2008.09.08 20:03:53.240,1.13,1.13025,7.40,1.00
2008.09.08 20:03:53.580,1.13,1.13025,4.70,1.40
2008.09.08 20:03:54.265,1.13005,1.13025,2.80,1.20
2008.09.08 20:03:54.596,1.13,1.13025,4.70,1.40
2008.09.08 20:03:56.336,1.13005,1.13025,2.80,1.20
2008.09.08 20:04:00.617,1.13,1.13015,1.20,1.00
2008.09.08 20:04:01.008,1.13,1.13015,1.00,1.00
2008.09.08 20:04:01.204,1.1299,1.13015,5.10,1.00
2008.09.08 20:04:01.815,1.1299,1.13015,5.10,1.00
2008.09.08 20:04:02.444,1.1299,1.13015,5.60,1.00
2008.09.08 20:04:02.700,1.13,1.1302,1.20,1.40
2008.09.08 20:04:02.956,1.13,1.13025,4.70,2.00
2008.09.08 20:04:03.212,1.13,1.13025,4.70,1.40
2008.09.08 20:04:37.856,1.13005,1.13025,2.80,1.20
2008.09.08 20:04:38.632,1.13005,1.1303,2.80,1.40
2008.09.08 20:04:43.981,1.13,1.13025,4.70,1.00
2008.09.08 20:04:44.475,1.13,1.13025,4.70,1.40
2008.09.08 20:05:00.726,1.13005,1.13025,2.80,1.20
2008.09.08 20:05:03.882,1.13,1.13025,4.70,1.40
2008.09.08 20:05:08.824,1.13005,1.13025,2.80,1.20
2008.09.08 20:05:11.479,1.13005,1.1303,2.80,5.60
2008.09.08 20:05:11.697,1.13005,1.1303,5.50,5.60
2008.09.08 20:05:11.840,1.13005,1.1303,5.50,1.00
2008.09.08 20:05:16.904,1.13015,1.1303,1.00,1.00
2008.09.08 20:05:26.275,1.1301,1.13035,4.30,1.00
2008.09.08 20:05:26.991,1.1301,1.13035,5.60,1.00
2008.09.08 20:05:27.196,1.13015,1.13035,2.80,1.00
2008.09.08 20:05:27.599,1.13015,1.1304,2.80,1.40
2008.09.08 20:05:46.376,1.13015,1.13035,2.80,1.20
2008.09.08 20:05:51.472,1.13015,1.1304,5.50,1.00
2008.09.08 20:05:51.757,1.13015,1.13035,2.80,1.20
2008.09.08 20:05:55.303,1.13015,1.1304,2.80,1.40
2008.09.08 20:06:04.759,1.1302,1.1304,2.80,1.20
2008.09.08 20:06:09.111,1.1302,1.13035,2.80,1.20
2008.09.08 20:06:17.092,1.13025,1.13035,2.80,1.20
2008.09.08 20:06:23.075,1.1302,1.13035,2.80,1.20
2008.09.08 20:06:37.507,1.1303,1.1304,4.40,5.40
2008.09.08 20:06:37.647,1.1303,1.1304,3.90,5.40
2008.09.08 20:06:37.787,1.1303,1.13045,3.70,1.00
2008.09.08 20:06:38.240,1.13015,1.1304,2.80,5.40
2008.09.08 20:06:38.868,1.13015,1.13035,2.80,1.20
2008.09.08 20:06:39.239,1.1301,1.13035,2.80,1.20
2008.09.08 20:06:39.675,1.1301,1.13035,4.70,1.40
2008.09.08 20:06:42.159,1.1301,1.13035,4.10,1.40
2008.09.08 20:06:42.863,1.1301,1.1303,4.10,1.00
2008.09.08 20:06:50.944,1.1301,1.1302,1.20,1.00
2008.09.08 20:06:50.979,1.1301,1.1302,4.00,1.00
2008.09.08 20:06:51.015,1.1301,1.1302,1.00,1.00
2008.09.08 20:06:51.083,1.1301,1.13015,1.00,1.00
2008.09.08 20:06:51.155,1.13,1.13015,2.70,1.00
2008.09.08 20:06:51.191,1.13,1.1302,2.70,1.00
2008.09.08 20:06:51.494,1.13,1.13015,2.70,1.00
2008.09.08 20:06:52.343,1.1299,1.13015,5.50,1.00
2008.09.08 20:06:58.432,1.1299,1.1301,5.50,1.00
2008.09.08 20:07:05.683,1.1299,1.1301,2.80,1.00
2008.09.08 20:07:29.283,1.1299,1.1301,5.50,1.00
2008.09.08 20:07:29.499,1.12995,1.1301,2.70,1.00
2008.09.08 20:07:32.993,1.12995,1.1301,24.30,1.00
2008.09.08 20:07:34.875,1.12995,1.1301,25.10,1.00
2008.09.08 20:07:37.175,1.12995,1.1302,27.10,1.00
2008.09.08 20:07:39.817,1.12995,1.1302,24.40,1.00
2008.09.08 20:07:40.432,1.13,1.13025,2.80,1.40
2008.09.08 20:07:41.079,1.13,1.13025,2.80,1.00
2008.09.08 20:07:57.244,1.1301,1.13025,2.70,1.00
2008.09.08 20:07:57.328,1.13015,1.13025,2.70,1.00
2008.09.08 20:07:57.413,1.13015,1.13035,2.70,5.40
2008.09.08 20:07:57.495,1.13015,1.1304,2.70,1.00
2008.09.08 20:07:57.739,1.13015,1.13035,2.70,1.00
2008.09.08 20:07:58.067,1.1301,1.13035,2.70,1.00
2008.09.08 20:07:58.397,1.1302,1.13035,2.70,1.00
2008.09.08 20:07:59.539,1.1301,1.13035,6.80,1.00
2008.09.08 20:07:59.699,1.1301,1.13025,2.70,1.00
2008.09.08 20:07:59.908,1.13,1.13025,2.70,1.00
2008.09.08 20:08:00.215,1.12995,1.13025,6.40,1.00
2008.09.08 20:08:00.374,1.12995,1.1302,3.50,1.00
2008.09.08 20:08:00.683,1.12995,1.1302,4.50,1.00
2008.09.08 20:08:00.931,1.12995,1.1302,7.50,1.00
2008.09.08 20:08:01.487,1.12995,1.1301,4.50,1.00
2008.09.08 20:08:01.583,1.12995,1.1301,4.50,1.00
2008.09.08 20:08:04.276,1.13005,1.1301,1.00,1.00
2008.09.08 20:08:05.409,1.1301,1.1303,1.00,1.10
2008.09.08 20:08:05.538,1.1301,1.1303,4.80,1.10
2008.09.08 20:08:05.576,1.13015,1.1304,2.70,4.20
2008.09.08 20:08:05.615,1.13015,1.13045,2.70,1.00
2008.09.08 20:08:05.679,1.1302,1.13045,2.70,1.00
2008.09.08 20:08:06.026,1.1301,1.13045,5.50,1.00
2008.09.08 20:08:06.370,1.13,1.13025,3.50,1.00
2008.09.08 20:08:06.728,1.12965,1.13005,7.10,1.30
2008.09.08 20:08:07.063,1.12975,1.1301,3.70,2.20
2008.09.08 20:08:07.128,1.12975,1.13015,2.80,3.90
2008.09.08 20:08:07.251,1.1298,1.13015,1.20,1.40
2008.09.08 20:08:07.375,1.1298,1.13,1.20,1.00
2008.09.08 20:08:07.439,1.1298,1.13,1.00,1.00
2008.09.08 20:08:07.563,1.1297,1.13,2.70,1.00
2008.09.08 20:08:07.627,1.1297,1.1301,5.50,1.00
2008.09.08 20:08:07.931,1.12985,1.13015,2.80,5.60
2008.09.08 20:08:07.995,1.12985,1.13005,2.80,1.20
2008.09.08 20:08:08.396,1.1298,1.12995,2.80,1.20
2008.09.08 20:08:12.053,1.1298,1.13,2.80,1.20
2008.09.08 20:08:27.471,1.1298,1.13,2.80,1.40
2008.09.08 20:08:27.591,1.1298,1.13,2.80,1.20
2008.09.08 20:08:28.174,1.12985,1.13,2.80,1.20
2008.09.08 20:09:12.207,1.1298,1.13,2.80,1.20
2008.09.08 20:09:17.638,1.12985,1.13,2.80,1.20
2008.09.08 20:09:17.990,1.12975,1.13,2.80,1.40
2008.09.08 20:09:18.218,1.1297,1.12995,2.80,1.00
2008.09.08 20:09:18.743,1.12975,1.13,2.80,1.40
2008.09.08 20:09:19.936,1.1298,1.13,2.80,1.20
2008.09.08 20:09:24.540,1.1298,1.12995,2.80,1.20
2008.09.08 20:09:29.235,1.12985,1.12995,2.80,1.20
2008.09.08 20:09:29.573,1.1298,1.13,2.80,1.40
2008.09.08 20:09:30.074,1.1297,1.12995,2.80,1.00
2008.09.08 20:09:30.310,1.1297,1.12995,2.80,1.40
2008.09.08 20:10:15.454,1.12975,1.12995,2.80,1.20
2008.09.08 20:10:16.072,1.1298,1.12995,2.80,1.20
2008.09.08 20:10:53.577,1.1298,1.1299,2.80,1.20
2008.09.08 20:11:00.940,1.1297,1.1299,2.80,1.20
2008.09.08 20:11:00.955,1.1297,1.12985,2.80,1.20
2008.09.08 20:11:01.702,1.12965,1.12985,2.80,1.20
2008.09.08 20:11:02.066,1.1296,1.12985,2.80,1.40
2008.09.08 20:11:18.526,1.12955,1.1298,2.80,1.00
2008.09.08 20:11:22.158,1.12955,1.1298,2.80,1.40
2008.09.08 20:11:22.476,1.12955,1.12975,2.80,1.00
2008.09.08 20:11:23.262,1.1295,1.12975,6.80,1.00
2008.09.08 20:11:23.427,1.1295,1.12975,6.80,1.00
2008.09.08 20:11:26.162,1.1295,1.1297,3.90,1.00
2008.09.08 20:11:26.335,1.1295,1.1297,3.90,1.00
2008.09.08 20:11:26.867,1.1295,1.1297,2.70,2.70
2008.09.08 20:11:27.654,1.12945,1.1297,10.30,2.70
2008.09.08 20:11:27.782,1.12945,1.1297,13.00,2.70
2008.09.08 20:11:30.627,1.12945,1.12965,10.20,1.00
2008.09.08 20:11:30.790,1.12945,1.12965,10.20,1.00
2008.09.08 20:11:30.876,1.1295,1.12965,7.50,1.00
2008.09.08 20:11:30.960,1.1295,1.1296,7.50,1.00
2008.09.08 20:11:31.613,1.1295,1.12955,7.50,1.00
2008.09.08 20:11:31.898,1.1293,1.12955,2.70,1.00
2008.09.08 20:11:32.187,1.1293,1.1295,5.50,1.00
2008.09.08 20:11:32.474,1.1293,1.1295,2.80,2.40
2008.09.08 20:11:33.922,1.12935,1.1295,2.80,1.00
2008.09.08 20:11:34.152,1.12935,1.12955,2.80,1.20
2008.09.08 20:11:34.826,1.12935,1.1296,2.80,1.00
2008.09.08 20:11:35.090,1.1294,1.12965,2.80,1.40
2008.09.08 20:11:36.018,1.12935,1.1296,2.80,1.00
2008.09.08 20:11:36.454,1.12935,1.12955,2.80,1.00
2008.09.08 20:11:36.746,1.1294,1.1296,2.80,1.20
2008.09.08 20:11:37.146,1.12935,1.1296,2.80,1.40
2008.09.08 20:11:38.954,1.12935,1.12955,2.80,1.20
2008.09.08 20:11:39.058,1.1293,1.12955,2.80,1.40
2008.09.08 20:11:39.662,1.12935,1.12955,2.80,1.20
2008.09.08 20:11:42.395,1.1294,1.12955,2.80,1.20
2008.09.08 20:11:44.962,1.1294,1.12955,2.80,6.60
2008.09.08 20:11:45.150,1.12935,1.12955,2.80,6.60
2008.09.08 20:11:45.334,1.12935,1.12955,2.80,1.20
2008.09.08 20:11:46.058,1.12935,1.12945,2.80,1.20
2008.09.08 20:11:46.998,1.1293,1.12945,2.80,1.20
2008.09.08 20:11:48.066,1.12935,1.1294,2.80,1.20
2008.09.08 20:11:48.974,1.1293,1.1294,2.80,1.20
2008.09.08 20:11:49.651,1.12905,1.1294,1.20,1.20
2008.09.08 20:11:49.990,1.12855,1.1288,3.20,1.20
2008.09.08 20:11:50.174,1.12855,1.1288,4.10,1.20
2008.09.08 20:11:50.254,1.12855,1.12885,3.20,1.20
2008.09.08 20:11:50.338,1.12855,1.1289,5.40,1.20
2008.09.08 20:11:50.999,1.1287,1.129,2.70,3.50
2008.09.08 20:11:51.262,1.1287,1.129,2.70,8.90
2008.09.08 20:11:51.518,1.1287,1.12885,2.70,1.00
2008.09.08 20:11:51.779,1.1287,1.1288,2.70,4.80
2008.09.08 20:11:52.048,1.1287,1.1289,2.70,8.30
2008.09.08 20:11:52.314,1.1287,1.1289,2.70,13.70
2008.09.08 20:11:52.581,1.12815,1.1286,1.00,4.80
2008.09.08 20:11:53.114,1.12805,1.1286,1.00,4.80
2008.09.08 20:11:53.434,1.12805,1.1285,1.00,1.20
2008.09.08 20:11:53.754,1.12815,1.1284,3.90,1.20
2008.09.08 20:11:54.074,1.12795,1.12825,2.70,1.00
2008.09.08 20:11:54.194,1.12795,1.12815,2.70,5.40
2008.09.08 20:11:54.433,1.12805,1.1282,1.00,4.80
2008.09.08 20:11:54.550,1.12825,1.1285,4.80,10.80
2008.09.08 20:11:54.786,1.12825,1.12845,4.80,1.00
2008.09.08 20:11:54.906,1.12825,1.12845,2.70,1.00
2008.09.08 20:11:55.026,1.12825,1.1284,2.70,1.00
2008.09.08 20:11:55.262,1.12825,1.1285,2.70,2.70
2008.09.08 20:11:55.498,1.1281,1.12835,2.70,1.00
2008.09.08 20:11:55.734,1.12805,1.12825,2.70,1.00
2008.09.08 20:11:55.971,1.12805,1.1282,2.70,1.00
2008.09.08 20:11:56.206,1.12825,1.1283,2.80,4.30
2008.09.08 20:11:56.562,1.12795,1.1282,2.70,1.00
2008.09.08 20:11:56.744,1.1282,1.1283,3.20,1.00
2008.09.08 20:11:56.922,1.12825,1.1283,2.70,1.00
2008.09.08 20:11:57.102,1.12825,1.1284,2.70,1.00
2008.09.08 20:11:57.412,1.1282,1.12865,2.70,1.40
2008.09.08 20:11:57.718,1.1282,1.12865,2.70,1.20
2008.09.08 20:11:58.536,1.1283,1.1285,3.90,1.00
2008.09.08 20:12:00.149,1.1283,1.12855,1.20,1.70
2008.09.08 20:12:02.048,1.1283,1.12855,1.20,1.20
2008.09.08 20:12:02.287,1.1283,1.1286,3.90,4.30
2008.09.08 20:12:02.487,1.1284,1.1286,1.20,1.80
2008.09.08 20:12:04.059,1.1284,1.12855,1.20,1.00
2008.09.08 20:12:04.282,1.1284,1.12865,1.20,2.10
2008.09.08 20:12:04.739,1.1284,1.12865,1.20,5.40
2008.09.08 20:12:04.967,1.1284,1.1286,1.20,1.70
2008.09.08 20:12:05.194,1.1284,1.1286,1.00,4.10
2008.09.08 20:12:05.446,1.1283,1.1286,3.90,4.40
2008.09.08 20:12:05.674,1.1284,1.1286,1.20,1.70
2008.09.08 20:12:05.905,1.1284,1.1286,1.20,1.20
2008.09.08 20:12:06.180,1.1284,1.1286,1.70,1.20
2008.09.08 20:12:06.328,1.1284,1.1286,4.70,1.20
2008.09.08 20:12:06.466,1.1285,1.1286,2.80,1.20
2008.09.08 20:12:06.745,1.1286,1.129,2.80,1.40
2008.09.08 20:12:07.316,1.1288,1.129,2.80,1.20
2008.09.08 20:12:07.862,1.12885,1.129,2.80,1.20
2008.09.08 20:12:08.298,1.1289,1.129,2.80,1.20
2008.09.08 20:12:09.759,1.12875,1.1289,10.80,1.40
2008.09.08 20:12:09.953,1.12875,1.1289,10.80,1.20
2008.09.08 20:12:10.419,1.12875,1.1289,10.80,1.40
2008.09.08 20:12:11.070,1.1288,1.1289,10.80,3.90
2008.09.08 20:12:11.618,1.1288,1.12885,10.80,1.00
2008.09.08 20:12:11.894,1.1288,1.12885,10.80,4.50
2008.09.08 20:12:12.890,1.1288,1.12885,10.80,4.60
2008.09.08 20:12:13.269,1.1288,1.1289,10.80,20.00
2008.09.08 20:12:13.534,1.1286,1.1287,46.60,1.00
2008.09.08 20:12:16.702,1.1288,1.12885,10.80,14.50
2008.09.08 20:12:16.898,1.1288,1.12885,10.80,14.60
2008.09.08 20:12:17.094,1.1287,1.1288,42.80,5.70
2008.09.08 20:12:17.670,1.1288,1.12885,10.80,15.00
2008.09.08 20:12:17.967,1.1288,1.12885,10.80,5.20
2008.09.08 20:12:19.530,1.12875,1.1288,13.60,1.20
2008.09.08 20:12:19.946,1.12875,1.129,13.60,1.20
2008.09.08 20:12:22.034,1.12875,1.12895,13.60,1.70
2008.09.08 20:12:22.479,1.1288,1.12895,2.80,1.70
2008.09.08 20:12:27.046,1.1288,1.12895,2.80,1.20
2008.09.08 20:12:27.093,1.1288,1.129,2.80,2.90
2008.09.08 20:12:32.247,1.1288,1.129,2.80,2.40
2008.09.08 20:12:32.587,1.1288,1.12905,4.10,5.20
2008.09.08 20:12:32.926,1.1288,1.129,4.10,1.00
2008.09.08 20:12:35.064,1.12875,1.129,9.80,3.20
2008.09.08 20:12:35.232,1.12875,1.129,2.80,3.20
2008.09.08 20:12:35.398,1.12875,1.1289,2.80,1.00
2008.09.08 20:12:35.566,1.1287,1.12895,2.80,1.00
2008.09.08 20:12:35.898,1.12865,1.12895,2.80,1.40
2008.09.08 20:12:36.066,1.12865,1.1289,2.80,1.00
2008.09.08 20:12:36.354,1.12865,1.1289,2.80,1.40
2008.09.08 20:12:36.643,1.12865,1.12885,2.80,1.20
2008.09.08 20:12:38.767,1.12865,1.12885,4.90,1.20
2008.09.08 20:12:39.102,1.1287,1.12885,2.80,1.20
2008.09.08 20:12:39.514,1.12865,1.12885,4.90,1.20
2008.09.08 20:12:39.663,1.12865,1.12875,4.90,1.20
2008.09.08 20:12:39.803,1.12865,1.12885,4.90,1.20
2008.09.08 20:12:40.322,1.12865,1.1288,4.90,1.20
2008.09.08 20:12:41.770,1.12865,1.12875,4.90,1.20
2008.09.08 20:12:45.142,1.1287,1.12875,2.80,1.20
2008.09.08 20:12:45.885,1.1286,1.12865,6.10,1.00
2008.09.08 20:12:46.065,1.1286,1.12865,5.40,4.30
2008.09.08 20:12:46.348,1.1284,1.1285,7.40,2.90
2008.09.08 20:12:46.979,1.1286,1.12865,5.40,7.10
2008.09.08 20:12:47.106,1.1286,1.12865,5.40,1.20
2008.09.08 20:12:48.938,1.1286,1.1287,5.40,5.10
2008.09.08 20:12:49.046,1.1286,1.12875,2.80,1.20
2008.09.08 20:12:49.156,1.12865,1.12875,2.80,1.20
2008.09.08 20:12:49.582,1.1287,1.12875,2.80,1.20
2008.09.08 20:12:56.950,1.1287,1.1288,2.80,1.20
2008.09.08 20:13:00.773,1.1287,1.12885,2.80,13.00
2008.09.08 20:13:04.010,1.1287,1.1288,2.80,11.80
2008.09.08 20:13:04.482,1.12865,1.1288,2.80,11.80
2008.09.08 20:13:05.047,1.12865,1.1288,5.50,11.80
2008.09.08 20:13:05.413,1.12865,1.1288,2.70,12.10
2008.09.08 20:13:05.702,1.12865,1.1287,2.70,1.00
2008.09.08 20:13:06.170,1.12855,1.1287,10.90,1.00
2008.09.08 20:13:06.638,1.12855,1.12865,8.10,1.00
2008.09.08 20:13:07.203,1.12855,1.1287,8.10,2.90
2008.09.08 20:13:07.486,1.1286,1.1287,5.40,3.20
2008.09.08 20:13:07.585,1.1285,1.1286,11.80,1.00
2008.09.08 20:13:13.649,1.12855,1.1287,8.20,2.90
2008.09.08 20:13:19.190,1.12855,1.1287,8.20,2.40
2008.09.08 20:13:19.530,1.12865,1.1288,2.80,2.90
2008.09.08 20:13:24.142,1.1286,1.1287,2.80,1.00
2008.09.08 20:13:24.995,1.12855,1.1287,10.90,1.00
2008.09.08 20:13:45.437,1.12855,1.12875,8.20,2.00
2008.09.08 20:13:45.534,1.1286,1.12875,2.80,1.70
2008.09.08 20:13:47.354,1.12855,1.12865,8.20,1.20
2008.09.08 20:13:47.578,1.1286,1.1287,5.40,1.20
2008.09.08 20:13:47.802,1.1286,1.1287,5.40,1.40
2008.09.08 20:13:48.026,1.1286,1.12865,5.40,1.00
2008.09.08 20:13:48.106,1.1286,1.12865,5.40,1.40
2008.09.08 20:13:48.698,1.12835,1.1286,9.50,1.00
2008.09.08 20:13:51.450,1.1286,1.12865,5.40,1.40
2008.09.08 20:13:51.574,1.1286,1.12865,5.40,1.00
2008.09.08 20:13:53.210,1.12835,1.1286,7.50,1.00
2008.09.08 20:14:14.682,1.12835,1.12855,7.40,1.00
2008.09.08 20:14:15.410,1.1286,1.12865,5.40,1.40
2008.09.08 20:14:15.809,1.1286,1.12865,5.40,1.00
2008.09.08 20:14:16.001,1.1284,1.1286,7.40,1.00
2008.09.08 20:14:16.394,1.1286,1.12875,5.40,1.10
2008.09.08 20:14:17.063,1.1284,1.1286,7.40,1.00
2008.09.08 20:14:17.906,1.1284,1.12855,7.40,1.00
2008.09.08 20:14:19.922,1.1286,1.12875,5.40,1.00
2008.09.08 20:14:19.995,1.1286,1.1288,5.40,1.40
2008.09.08 20:14:20.025,1.1286,1.1288,5.40,2.00
2008.09.08 20:14:20.393,1.1286,1.12875,2.70,1.00
2008.09.08 20:14:27.249,1.1286,1.12875,2.70,1.00
2008.09.08 20:14:29.599,1.1286,1.1288,2.70,3.20
2008.09.08 20:14:29.874,1.1288,1.1289,5.50,1.60
2008.09.08 20:14:30.022,1.1289,1.12895,2.80,2.10
2008.09.08 20:14:30.067,1.1289,1.129,2.80,11.40
2008.09.08 20:14:30.102,1.12895,1.129,5.50,11.40
2008.09.08 20:14:30.213,1.1292,1.1293,2.80,27.60
2008.09.08 20:14:30.251,1.12895,1.12915,4.80,12.90
2008.09.08 20:14:30.361,1.1292,1.12935,2.80,2.90
2008.09.08 20:14:30.397,1.1292,1.1293,2.80,1.00
2008.09.08 20:14:30.485,1.12895,1.1293,5.50,1.00
2008.09.08 20:14:30.594,1.12895,1.12935,5.50,2.40
2008.09.08 20:14:30.671,1.12915,1.1294,2.80,3.30
2008.09.08 20:14:31.146,1.12895,1.12935,5.50,2.40
2008.09.08 20:14:32.709,1.1291,1.12935,2.80,3.60
2008.09.08 20:14:35.735,1.1292,1.12935,2.80,3.30
2008.09.08 20:14:36.006,1.1292,1.12935,2.80,1.20
2008.09.08 20:14:37.535,1.1292,1.12935,2.80,1.20
2008.09.08 20:14:37.805,1.1291,1.12935,2.80,1.40
2008.09.08 20:14:37.919,1.12905,1.1293,5.50,1.00
2008.09.08 20:14:39.182,1.12905,1.1293,2.80,1.00
2008.09.08 20:14:39.522,1.12905,1.1293,5.50,2.70
2008.09.08 20:14:39.876,1.12905,1.1293,2.80,2.70
2008.09.08 20:14:39.979,1.129,1.12925,5.50,1.00
2008.09.08 20:14:40.081,1.129,1.12915,5.50,1.00
2008.09.08 20:14:40.385,1.129,1.12915,2.80,1.00
2008.09.08 20:14:40.585,1.129,1.1292,2.80,2.90
2008.09.08 20:14:41.769,1.12895,1.1292,10.90,2.70
2008.09.08 20:14:44.029,1.12895,1.12915,8.10,1.00
2008.09.08 20:14:45.697,1.129,1.12915,5.40,1.00
2008.09.08 20:14:46.329,1.129,1.12915,5.40,1.40
2008.09.08 20:14:48.037,1.129,1.1291,5.40,1.00
2008.09.08 20:14:50.424,1.129,1.1291,5.40,6.70
2008.09.08 20:14:50.485,1.129,1.12905,5.40,1.00
2008.09.08 20:14:50.731,1.12885,1.129,7.40,1.00
2008.09.08 20:14:51.101,1.129,1.1291,5.40,3.20
2008.09.08 20:14:51.469,1.12885,1.129,10.20,1.00
2008.09.08 20:14:54.521,1.129,1.12905,5.40,5.10
2008.09.08 20:14:54.862,1.129,1.12905,5.40,6.80
2008.09.08 20:14:56.446,1.129,1.12905,5.40,1.10
2008.09.08 20:14:56.617,1.129,1.1292,5.40,1.00
2008.09.08 20:14:57.302,1.12895,1.1292,8.10,1.00
2008.09.08 20:14:57.641,1.12895,1.12915,8.10,1.00
2008.09.08 20:14:57.977,1.12895,1.1291,8.10,1.00
2008.09.08 20:14:58.681,1.12895,1.12915,8.10,1.00
2008.09.08 20:14:58.776,1.12895,1.12915,8.10,1.00
2008.09.08 20:14:59.482,1.12895,1.12915,10.90,1.00
2008.09.08 20:15:02.670,1.129,1.1292,2.70,3.20
2008.09.08 20:15:02.933,1.129,1.1292,2.70,2.70
2008.09.08 20:15:03.197,1.129,1.1292,5.50,2.40
2008.09.08 20:15:04.877,1.129,1.1292,6.40,2.40
2008.09.08 20:15:05.514,1.1291,1.1292,2.80,2.40
2008.09.08 20:15:05.691,1.1291,1.1293,2.80,2.90
2008.09.08 20:15:06.043,1.12905,1.1293,2.80,3.20
2008.09.08 20:15:06.533,1.12905,1.1293,2.80,2.70
2008.09.08 20:15:06.821,1.12905,1.1293,5.50,2.70
2008.09.08 20:15:07.257,1.1291,1.1293,2.80,2.40
2008.09.08 20:15:07.665,1.1291,1.1293,2.80,2.90
2008.09.08 20:15:10.690,1.1292,1.1293,2.80,2.90
2008.09.08 20:15:10.893,1.1292,1.1293,2.80,2.40
2008.09.08 20:15:11.344,1.1292,1.1293,2.80,1.00
2008.09.08 20:15:11.385,1.1292,1.1294,2.80,2.90
2008.09.08 20:15:11.593,1.1291,1.12935,6.80,1.00
2008.09.08 20:15:13.425,1.1291,1.1293,6.80,1.00
2008.09.08 20:15:13.697,1.1291,1.1293,6.80,1.00
2008.09.08 20:15:14.170,1.1291,1.1293,2.70,2.70
2008.09.08 20:15:14.509,1.1291,1.1293,2.70,3.20
2008.09.08 20:15:17.386,1.1292,1.1293,1.00,3.20
2008.09.08 20:15:18.333,1.1292,1.1293,1.00,2.70
2008.09.08 20:15:19.324,1.12915,1.1293,3.70,2.40
2008.09.08 20:15:19.587,1.1292,1.1293,2.70,1.00
2008.09.08 20:15:19.833,1.1292,1.1294,2.70,1.00
2008.09.08 20:15:21.469,1.1292,1.12945,5.50,1.00
2008.09.08 20:15:21.645,1.12925,1.1295,5.50,1.00
2008.09.08 20:15:21.949,1.12925,1.12945,2.70,1.00
2008.09.08 20:15:29.289,1.12925,1.1295,5.50,1.00
2008.09.08 20:15:29.573,1.12935,1.1296,2.80,1.40
2008.09.08 20:15:30.141,1.12935,1.1296,5.50,1.00
2008.09.08 20:15:30.214,1.1294,1.12965,2.80,1.00
2008.09.08 20:15:30.601,1.1294,1.12965,2.80,1.00
2008.09.08 20:15:30.673,1.12945,1.1297,5.50,1.00
2008.09.08 20:15:31.273,1.12945,1.1297,5.50,1.30
2008.09.08 20:15:31.425,1.12945,1.12965,2.70,1.00
2008.09.08 20:15:32.433,1.12945,1.1296,2.70,1.00
2008.09.08 20:15:33.593,1.1294,1.1296,2.70,1.00
2008.09.08 20:15:33.705,1.12935,1.1296,5.50,1.00
2008.09.08 20:15:33.975,1.12945,1.1297,2.80,3.90
2008.09.08 20:15:34.315,1.12945,1.1297,2.80,2.70
2008.09.08 20:15:34.653,1.12955,1.12975,2.80,1.80
2008.09.08 20:15:38.670,1.12955,1.12975,2.80,5.10
2008.09.08 20:15:42.655,1.1295,1.12975,4.10,5.40
2008.09.08 20:15:45.109,1.1296,1.12975,2.80,5.40
2008.09.08 20:15:45.267,1.1296,1.12975,2.80,1.80
2008.09.08 20:15:45.665,1.12955,1.12975,2.80,1.80
2008.09.08 20:15:45.694,1.12955,1.12975,2.80,1.20
2008.09.08 20:15:47.621,1.12955,1.1298,2.80,2.10
2008.09.08 20:15:47.933,1.1295,1.12975,4.10,1.00
2008.09.08 20:15:48.089,1.1295,1.12975,2.80,1.00
2008.09.08 20:15:48.250,1.1295,1.12975,2.80,1.40
2008.09.08 20:15:48.557,1.12955,1.12975,2.80,1.40
2008.09.08 20:15:50.398,1.12955,1.12975,2.80,1.20
2008.09.08 20:15:51.175,1.1296,1.12975,2.80,1.20
2008.09.08 20:15:52.285,1.12955,1.12975,2.80,4.40
2008.09.08 20:15:52.573,1.1295,1.12975,4.10,4.70
2008.09.08 20:16:01.486,1.1295,1.12975,4.10,3.50
2008.09.08 20:16:01.700,1.1295,1.12975,4.10,4.70
2008.09.08 20:16:02.929,1.1295,1.12975,4.10,5.40
2008.09.08 20:16:03.113,1.1295,1.1297,4.10,4.10
2008.09.08 20:16:08.333,1.1295,1.1297,4.10,2.10
2008.09.08 20:16:10.097,1.1295,1.1296,1.20,1.00
2008.09.08 20:16:10.409,1.1295,1.1296,1.00,1.00
2008.09.08 20:16:10.565,1.1294,1.1296,6.80,1.00
2008.09.08 20:16:10.729,1.1294,1.1296,4.10,1.00
2008.09.08 20:16:11.029,1.1294,1.1296,2.80,1.00
2008.09.08 20:16:12.097,1.12935,1.1296,5.50,1.00
2008.09.08 20:16:12.618,1.12935,1.12955,2.70,1.00
2008.09.08 20:16:14.609,1.12935,1.1296,5.50,1.00
2008.09.08 20:16:17.455,1.12935,1.12955,2.70,1.00
2008.09.08 20:16:18.049,1.12935,1.1295,2.70,1.00
2008.09.08 20:16:18.541,1.12935,1.12955,2.70,1.00
2008.09.08 20:16:19.677,1.12935,1.1296,5.50,1.00
2008.09.08 20:16:32.950,1.12935,1.12955,2.70,1.00
2008.09.08 20:16:43.518,1.12935,1.1296,5.50,1.00
2008.09.08 20:16:44.093,1.12935,1.12955,5.50,1.00
2008.09.08 20:16:44.233,1.12935,1.1296,5.50,1.00
2008.09.08 20:16:47.517,1.1294,1.12965,2.80,1.00
2008.09.08 20:16:47.581,1.1294,1.12965,5.50,1.00
2008.09.08 20:16:51.506,1.12945,1.12965,2.70,1.00
2008.09.08 20:16:53.405,1.1294,1.12965,5.50,1.00
2008.09.08 20:16:53.698,1.12945,1.12965,2.70,1.00
2008.09.08 20:16:54.618,1.12945,1.1297,5.50,2.70
2008.09.08 20:16:55.629,1.1295,1.1297,2.80,2.40
2008.09.08 20:16:58.045,1.12945,1.1297,5.50,2.70
2008.09.08 20:16:58.201,1.12945,1.1297,2.80,2.70
2008.09.08 20:16:58.505,1.12945,1.12965,2.80,1.00
2008.09.08 20:16:58.932,1.1294,1.12965,5.50,1.00
2008.09.08 20:17:00.333,1.1294,1.12965,2.80,1.00
2008.09.08 20:17:04.521,1.12935,1.1296,5.50,1.00
2008.09.08 20:17:04.693,1.12935,1.12955,2.80,1.20
2008.09.08 20:17:07.457,1.12935,1.1296,2.80,1.40
2008.09.08 20:17:08.284,1.12935,1.1296,2.80,1.00
2008.09.08 20:17:10.857,1.12935,1.1296,2.80,1.40
2008.09.08 20:17:13.213,1.12935,1.1296,2.80,1.00
2008.09.08 20:17:14.648,1.1294,1.12965,2.80,1.40
2008.09.08 20:17:16.658,1.1294,1.12965,2.80,1.00
2008.09.08 20:17:19.998,1.12935,1.1296,5.50,1.00
2008.09.08 20:17:23.596,1.1294,1.12965,2.80,1.00
2008.09.08 20:17:44.237,1.1294,1.12965,2.80,1.40
2008.09.08 20:17:54.743,1.1294,1.12965,2.80,1.00
2008.09.08 20:18:00.496,1.12945,1.1297,2.80,3.90
2008.09.08 20:18:01.599,1.12945,1.1297,5.50,2.70
2008.09.08 20:18:05.024,1.12945,1.1296,2.70,1.00
2008.09.08 20:18:05.217,1.12935,1.1296,3.70,7.40
2008.09.08 20:18:05.600,1.12935,1.1296,3.70,2.70
2008.09.08 20:18:06.609,1.12935,1.1296,2.80,2.70
2008.09.08 20:18:08.880,1.12935,1.1296,2.80,3.20
2008.09.08 20:18:15.898,1.12935,1.1295,2.80,2.40
2008.09.08 20:18:15.973,1.1293,1.1295,6.40,2.40
2008.09.08 20:18:16.609,1.12935,1.1295,5.50,2.40
2008.09.08 20:18:16.680,1.12935,1.1295,5.50,1.00
2008.09.08 20:18:16.848,1.12935,1.1296,5.50,2.70
2008.09.08 20:18:30.146,1.1294,1.1296,2.80,2.40
2008.09.08 20:18:31.376,1.12945,1.1296,2.80,2.40
2008.09.08 20:18:31.481,1.12945,1.1296,2.80,1.00
2008.09.08 20:18:31.600,1.12945,1.1297,2.80,1.40
2008.09.08 20:18:31.725,1.1294,1.12965,2.80,1.00
2008.09.08 20:18:31.828,1.1294,1.12965,2.80,1.00
2008.09.08 20:18:32.200,1.1294,1.12965,2.80,1.40
2008.09.08 20:18:32.372,1.1295,1.12965,2.80,1.20
2008.09.08 20:18:32.801,1.1295,1.12965,2.80,1.70
2008.09.08 20:18:34.436,1.12945,1.12965,2.80,1.70
2008.09.08 20:18:34.546,1.12945,1.12965,2.80,4.90
2008.09.08 20:18:34.989,1.12945,1.1296,2.80,2.40
2008.09.08 20:19:00.957,1.12945,1.1296,5.50,2.40
2008.09.08 20:19:01.037,1.12945,1.1296,5.50,1.00
2008.09.08 20:19:01.116,1.12945,1.1297,2.80,4.50
2008.09.08 20:19:06.684,1.12945,1.1297,2.80,3.90
2008.09.08 20:19:17.368,1.12945,1.1297,2.80,2.70
2008.09.08 20:19:24.817,1.12945,1.1297,2.80,3.90
2008.09.08 20:19:30.164,1.1295,1.1297,2.80,3.60
2008.09.08 20:19:30.344,1.1295,1.1297,2.80,1.20
2008.09.08 20:19:33.868,1.1295,1.12975,2.80,1.40
2008.09.08 20:19:41.268,1.1295,1.1297,2.80,1.20
2008.09.08 20:19:42.276,1.1295,1.12975,2.80,1.40
2008.09.08 20:19:44.748,1.1295,1.12975,2.80,1.00
2008.09.08 20:19:52.680,1.1295,1.12975,2.80,1.40
2008.09.08 20:19:53.389,1.1295,1.12975,2.80,1.00
2008.09.08 20:19:53.912,1.1295,1.1297,2.80,1.00
2008.09.08 20:20:04.224,1.1295,1.1297,5.50,1.00
2008.09.08 20:20:06.706,1.1295,1.1297,2.80,1.00
2008.09.08 20:20:13.340,1.1295,1.1297,2.80,1.40
2008.09.08 20:20:14.688,1.1295,1.1297,2.80,1.00
2008.09.08 20:20:16.152,1.1295,1.1297,5.50,1.00
2008.09.08 20:20:17.016,1.1295,1.1297,2.80,1.00
2008.09.08 20:20:20.204,1.1295,1.1297,2.80,1.40
2008.09.08 20:20:21.956,1.1295,1.1297,5.50,1.00
2008.09.08 20:20:23.886,1.1295,1.1297,2.80,1.00
2008.09.08 20:20:24.320,1.1295,1.1297,2.80,1.40
2008.09.08 20:20:25.220,1.1295,1.1297,2.80,1.00
2008.09.08 20:20:32.940,1.1295,1.12975,2.80,1.00
2008.09.08 20:20:33.159,1.12955,1.12975,2.70,1.00
2008.09.08 20:20:35.436,1.12955,1.1297,2.70,1.00
2008.09.08 20:20:37.660,1.1295,1.1297,2.80,1.00
2008.09.08 20:20:37.855,1.1295,1.12975,2.80,1.00
2008.09.08 20:20:38.541,1.1295,1.12975,4.10,1.00
2008.09.08 20:20:38.796,1.1295,1.12975,6.80,1.00
2008.09.08 20:20:39.504,1.12955,1.12975,2.70,1.00
2008.09.08 20:20:44.928,1.12955,1.12975,3.50,1.00
2008.09.08 20:20:50.267,1.12955,1.1298,6.40,1.00
2008.09.08 20:20:52.972,1.1296,1.1298,2.70,1.00
2008.09.08 20:20:58.960,1.12965,1.1298,2.70,1.00
2008.09.08 20:21:03.608,1.12965,1.1299,5.50,1.00
2008.09.08 20:21:09.878,1.12965,1.1299,2.80,1.40
2008.09.08 20:21:10.220,1.1297,1.12985,2.70,1.00
2008.09.08 20:21:12.616,1.12965,1.12985,10.90,1.00
2008.09.08 20:21:13.121,1.1297,1.12985,2.70,1.00
2008.09.08 20:21:14.156,1.1297,1.1299,2.70,1.00
2008.09.08 20:21:15.052,1.1297,1.1299,2.70,2.70
2008.09.08 20:21:15.276,1.1297,1.12995,6.80,1.00
2008.09.08 20:21:15.588,1.12975,1.12995,2.70,1.00
2008.09.08 20:21:24.694,1.12975,1.12995,3.20,1.00
2008.09.08 20:21:24.936,1.1298,1.12995,3.50,1.00
2008.09.08 20:21:25.176,1.1298,1.13,3.50,2.70
2008.09.08 20:21:28.464,1.12995,1.13,2.80,1.00
2008.09.08 20:21:28.564,1.12995,1.13035,2.80,12.00
2008.09.08 20:21:28.765,1.12995,1.13035,2.80,1.20
2008.09.08 20:21:29.528,1.1301,1.13035,2.80,1.20
2008.09.08 20:21:29.800,1.1301,1.1303,2.80,1.40
2008.09.08 20:21:35.687,1.1301,1.13025,2.80,1.20
2008.09.08 20:21:40.292,1.1301,1.1303,2.80,1.20
2008.09.08 20:21:46.945,1.1301,1.13025,2.80,1.20
2008.09.08 20:21:57.876,1.1301,1.13025,2.80,1.80
2008.09.08 20:21:58.137,1.1301,1.1302,2.80,1.20
2008.09.08 20:21:58.963,1.13,1.1302,1.20,1.40
2008.09.08 20:21:59.548,1.12995,1.13015,2.80,1.20
2008.09.08 20:22:01.762,1.12995,1.1302,2.80,1.40
2008.09.08 20:22:01.931,1.13,1.1302,2.80,1.20
2008.09.08 20:22:02.083,1.13,1.13025,2.80,2.10
2008.09.08 20:22:02.516,1.13005,1.13025,2.80,1.80
2008.09.08 20:22:07.975,1.13,1.13025,4.10,2.10
2008.09.08 20:22:08.164,1.13,1.1302,4.10,1.00
2008.09.08 20:22:11.999,1.13,1.13025,4.10,2.10
2008.09.08 20:22:16.672,1.13,1.13025,4.10,1.40
2008.09.08 20:22:17.056,1.13,1.13025,4.10,1.00
2008.09.08 20:22:23.653,1.13,1.13025,4.10,1.40
2008.09.08 20:22:24.027,1.13,1.1302,4.10,1.00
2008.09.08 20:22:29.921,1.13,1.1302,2.80,1.00
2008.09.08 20:22:31.941,1.12995,1.1302,2.80,1.00
2008.09.08 20:22:32.195,1.12995,1.1302,2.80,1.00
2008.09.08 20:22:32.366,1.12995,1.13015,2.80,1.00
2008.09.08 20:22:40.987,1.1299,1.13015,2.80,1.00
2008.09.08 20:22:42.072,1.1299,1.13015,2.80,1.40
2008.09.08 20:22:42.622,1.1299,1.1301,2.80,1.20
2008.09.08 20:22:46.487,1.12985,1.1301,2.80,1.40
2008.09.08 20:22:46.555,1.1299,1.1301,2.80,1.20
2008.09.08 20:22:47.471,1.12995,1.1301,2.80,1.20
2008.09.08 20:22:47.540,1.12985,1.1301,2.80,1.40
2008.09.08 20:22:48.060,1.1299,1.1301,2.80,1.20
2008.09.08 20:23:01.042,1.12995,1.1301,2.80,1.20
2008.09.08 20:23:04.915,1.12995,1.13005,2.80,1.00
2008.09.08 20:23:05.371,1.12995,1.1301,2.80,1.80
2008.09.08 20:23:06.599,1.12995,1.1301,2.80,1.20
2008.09.08 20:23:06.715,1.12995,1.13015,2.80,1.80
2008.09.08 20:23:08.411,1.12995,1.13015,2.80,1.20
2008.09.08 20:23:14.467,1.13005,1.13015,2.80,1.20
2008.09.08 20:23:14.555,1.12995,1.13015,2.80,1.20
2008.09.08 20:23:14.981,1.13,1.13015,2.80,1.20
2008.09.08 20:23:16.087,1.13,1.1302,2.80,1.80
2008.09.08 20:23:21.802,1.13,1.1302,2.80,4.30
2008.09.08 20:23:27.148,1.13,1.1302,2.80,1.80
2008.09.08 20:23:27.422,1.13005,1.1302,2.80,1.80
2008.09.08 20:23:28.836,1.1301,1.1303,2.70,2.70
2008.09.08 20:23:28.980,1.1301,1.13025,2.70,5.10
2008.09.08 20:23:29.124,1.1301,1.1303,2.70,2.70
2008.09.08 20:23:29.687,1.1301,1.13025,2.70,1.00
2008.09.08 20:23:30.213,1.13,1.1302,2.80,1.20
2008.09.08 20:23:31.643,1.13,1.1301,2.80,2.40
2008.09.08 20:23:31.687,1.1299,1.1301,2.80,2.70
2008.09.08 20:23:31.811,1.1299,1.1301,2.80,3.90
2008.09.08 20:23:32.218,1.1299,1.1301,2.80,3.60
2008.09.08 20:23:34.849,1.12995,1.1301,2.80,3.60
2008.09.08 20:23:34.955,1.12995,1.1301,2.80,1.20
2008.09.08 20:23:35.220,1.12995,1.13015,2.80,1.20
2008.09.08 20:23:36.003,1.1299,1.13015,2.80,1.40
2008.09.08 20:23:36.943,1.12995,1.13015,2.80,1.40
2008.09.08 20:23:38.723,1.1301,1.13015,1.20,1.40
2008.09.08 20:23:38.823,1.1301,1.13015,3.90,1.00
2008.09.08 20:23:38.924,1.1301,1.1302,3.90,5.40
2008.09.08 20:23:39.023,1.1301,1.13045,3.90,5.60
2008.09.08 20:23:39.303,1.1302,1.13055,4.10,1.20
2008.09.08 20:23:39.847,1.1303,1.1306,6.80,1.00
2008.09.08 20:23:41.556,1.13025,1.13045,14.30,1.00
2008.09.08 20:23:41.623,1.13025,1.13045,13.50,1.00
2008.09.08 20:23:41.691,1.13025,1.13045,4.80,1.00
2008.09.08 20:23:41.788,1.13025,1.13045,2.70,1.00
2008.09.08 20:23:41.910,1.13025,1.13045,3.20,1.00
2008.09.08 20:23:41.931,1.13025,1.13045,4.10,1.00
2008.09.08 20:23:41.951,1.13025,1.13045,1.40,1.00
2008.09.08 20:23:41.979,1.13035,1.13045,1.20,1.00
2008.09.08 20:23:42.699,1.1304,1.1305,2.80,1.20
2008.09.08 20:23:44.161,1.13035,1.1305,4.90,1.20
2008.09.08 20:23:44.647,1.13035,1.1305,2.80,1.20
2008.09.08 20:23:44.747,1.1304,1.13045,2.80,4.80
2008.09.08 20:23:44.973,1.13015,1.1304,3.50,1.20
2008.09.08 20:23:46.324,1.13005,1.1304,2.80,1.40
2008.09.08 20:23:46.784,1.13005,1.13035,2.80,1.00
2008.09.08 20:23:48.769,1.13015,1.13035,2.80,1.40
2008.09.08 20:23:58.175,1.13015,1.13035,2.80,1.20
2008.09.08 20:23:59.691,1.13005,1.1303,2.80,1.00
2008.09.08 20:24:00.263,1.13005,1.1303,2.80,1.40
2008.09.08 20:24:02.789,1.1301,1.1303,2.80,1.20
2008.09.08 20:24:17.896,1.1301,1.13025,2.80,1.20
2008.09.08 20:24:18.031,1.13005,1.1302,2.80,1.20
2008.09.08 20:24:20.730,1.1301,1.1302,2.80,1.20
2008.09.08 20:24:21.295,1.1301,1.13025,2.80,1.80
2008.09.08 20:24:22.884,1.13015,1.13025,2.80,1.80
2008.09.08 20:24:27.439,1.13005,1.13025,2.80,1.20
2008.09.08 20:24:27.811,1.13005,1.1303,2.80,1.40
2008.09.08 20:24:27.995,1.13005,1.1303,2.80,3.90
2008.09.08 20:24:29.052,1.1301,1.1303,2.80,3.60
2008.09.08 20:24:29.181,1.1301,1.1303,2.80,1.20
2008.09.08 20:24:41.227,1.13005,1.1303,2.80,1.40
2008.09.08 20:24:41.436,1.13005,1.1302,2.80,1.20
2008.09.08 20:24:41.855,1.13005,1.13025,2.80,1.20
2008.09.08 20:24:45.112,1.1301,1.13025,2.80,1.20
2008.09.08 20:24:45.384,1.1301,1.13035,2.80,5.50
2008.09.08 20:24:45.759,1.1301,1.13035,4.10,5.50
2008.09.08 20:24:46.411,1.1301,1.13035,4.10,4.10
2008.09.08 20:24:46.540,1.1301,1.1303,1.20,4.10
2008.09.08 20:24:47.056,1.1301,1.1303,1.20,1.40
2008.09.08 20:24:47.247,1.13005,1.1303,7.10,3.90
2008.09.08 20:24:47.323,1.13005,1.1303,4.90,3.90
2008.09.08 20:24:47.403,1.13005,1.1303,2.80,3.90
2008.09.08 20:24:47.443,1.13,1.13025,4.10,1.00
2008.09.08 20:24:47.639,1.13005,1.13025,2.80,1.20
2008.09.08 20:24:48.383,1.1301,1.13025,2.80,1.20
2008.09.08 20:24:51.703,1.13015,1.13025,2.80,1.20
2008.09.08 20:24:51.835,1.13015,1.1303,2.80,4.30
2008.09.08 20:24:52.146,1.13015,1.1303,2.80,3.60
2008.09.08 20:24:52.195,1.13015,1.1303,2.80,1.20
2008.09.08 20:24:52.331,1.13015,1.1303,2.80,3.90
2008.09.08 20:24:53.105,1.1301,1.13035,4.10,4.10
2008.09.08 20:24:53.343,1.1301,1.1303,4.10,1.20
2008.09.08 20:24:53.923,1.13015,1.1303,2.80,1.20
2008.09.08 20:24:54.119,1.13015,1.1303,2.80,3.90
2008.09.08 20:24:55.532,1.1302,1.1303,2.80,3.90
2008.09.08 20:24:56.683,1.13015,1.13035,2.80,4.10
2008.09.08 20:24:58.110,1.1301,1.1303,1.20,4.10
2008.09.08 20:24:58.308,1.1301,1.1303,1.20,1.40
2008.09.08 20:24:58.411,1.1302,1.1303,1.20,1.40
2008.09.08 20:24:58.450,1.1302,1.1303,4.10,1.20
2008.09.08 20:24:58.856,1.1302,1.1305,6.80,8.30
2008.09.08 20:24:58.981,1.1302,1.1305,6.80,3.50
2008.09.08 20:24:59.948,1.1302,1.13045,6.80,5.60
2008.09.08 20:25:01.343,1.1302,1.13045,6.80,1.00
2008.09.08 20:25:01.451,1.13025,1.1304,2.80,1.00
2008.09.08 20:25:01.663,1.1303,1.1304,2.80,1.00
2008.09.08 20:25:01.719,1.1303,1.1304,4.10,1.00
2008.09.08 20:25:07.970,1.1303,1.1304,1.20,3.20
2008.09.08 20:25:08.239,1.1303,1.13045,1.20,4.40
2008.09.08 20:25:08.469,1.1303,1.13045,4.10,4.40
2008.09.08 20:25:08.531,1.1303,1.13045,2.80,4.40
2008.09.08 20:25:11.033,1.13035,1.13045,2.80,4.40
2008.09.08 20:25:11.132,1.13045,1.13055,2.80,14.50
2008.09.08 20:25:11.303,1.13045,1.1305,2.80,5.40
2008.09.08 20:25:11.559,1.13045,1.1306,2.80,1.20
2008.09.08 20:25:11.731,1.13045,1.1306,2.80,1.80
2008.09.08 20:25:12.271,1.1304,1.1306,1.20,2.10
2008.09.08 20:25:12.843,1.13035,1.1306,2.80,4.50
2008.09.08 20:25:15.823,1.1303,1.13055,6.80,1.00
2008.09.08 20:25:19.539,1.13035,1.1306,2.80,4.50
2008.09.08 20:25:30.351,1.13035,1.1306,2.80,3.90
2008.09.08 20:25:40.497,1.13045,1.1306,2.80,1.20
2008.09.08 20:25:40.836,1.13045,1.13065,2.80,1.20
2008.09.08 20:25:42.876,1.13045,1.1307,2.80,1.40
2008.09.08 20:25:43.620,1.13045,1.13065,2.80,1.20
2008.09.08 20:25:45.647,1.13045,1.1307,2.80,1.40
2008.09.08 20:25:52.243,1.13045,1.1307,2.80,1.00
2008.09.08 20:25:52.923,1.13045,1.1307,5.50,1.00
2008.09.08 20:25:59.607,1.13045,1.1307,2.80,1.00
2008.09.08 20:25:59.999,1.13045,1.1307,2.80,1.40
2008.09.08 20:26:01.491,1.13045,1.13065,2.80,1.20
2008.09.08 20:26:04.487,1.13045,1.1307,2.80,5.10
2008.09.08 20:26:04.629,1.1305,1.13065,2.80,1.00
2008.09.08 20:26:04.939,1.13055,1.13065,2.80,1.00
2008.09.08 20:26:11.358,1.13055,1.13075,2.80,1.20
2008.09.08 20:26:11.648,1.13055,1.1308,2.80,4.50
2008.09.08 20:26:11.955,1.13065,1.13075,2.80,1.00
2008.09.08 20:26:12.032,1.1307,1.13075,2.80,1.00
2008.09.08 20:26:13.799,1.1307,1.1308,2.80,1.80
2008.09.08 20:26:22.551,1.1307,1.13075,2.80,1.00
2008.09.08 20:26:22.878,1.13075,1.1308,2.80,1.30
2008.09.08 20:26:23.054,1.13075,1.13085,2.80,1.80
2008.09.08 20:26:23.111,1.13075,1.1308,2.80,1.00
2008.09.08 20:26:23.475,1.1307,1.1308,2.80,1.00
2008.09.08 20:26:23.599,1.1307,1.13085,2.80,1.80
2008.09.08 20:26:32.635,1.1307,1.13085,2.80,5.10
2008.09.08 20:26:32.740,1.1306,1.13075,1.20,1.00
2008.09.08 20:26:36.607,1.1306,1.1308,4.10,4.10
2008.09.08 20:26:40.792,1.1306,1.1308,4.10,1.40
2008.09.08 20:26:41.059,1.1306,1.1308,4.10,2.10
2008.09.08 20:26:44.777,1.1306,1.1307,4.10,1.00
2008.09.08 20:26:47.855,1.1306,1.1309,6.80,4.50
2008.09.08 20:26:48.002,1.13065,1.1309,2.80,6.40
2008.09.08 20:26:48.542,1.13065,1.1309,2.80,6.20
2008.09.08 20:26:48.794,1.13065,1.13085,2.80,4.90
2008.09.08 20:26:49.372,1.13065,1.1308,2.80,1.00
2008.09.08 20:26:49.499,1.1307,1.1308,2.80,1.00
2008.09.08 20:26:49.615,1.1307,1.13085,2.80,1.80
2008.09.08 20:26:52.383,1.13075,1.13085,2.80,1.80
2008.09.08 20:26:52.633,1.13075,1.13085,2.80,1.20
2008.09.08 20:26:58.425,1.13065,1.13085,2.80,1.20
2008.09.08 20:27:02.935,1.13065,1.1309,2.80,2.10
2008.09.08 20:27:03.310,1.13065,1.13085,2.80,1.20
2008.09.08 20:27:06.984,1.13065,1.1309,2.80,1.40
2008.09.08 20:27:08.522,1.13065,1.13085,2.80,1.20
2008.09.08 20:27:10.210,1.13065,1.13085,2.80,1.80
2008.09.08 20:27:32.910,1.13065,1.13085,2.80,1.20
2008.09.08 20:27:33.018,1.13065,1.1309,2.80,1.40
2008.09.08 20:27:49.790,1.13065,1.1309,2.80,3.90
2008.09.08 20:27:50.402,1.1306,1.1308,1.20,1.00
2008.09.08 20:27:50.710,1.1306,1.13085,4.10,1.40
2008.09.08 20:27:52.877,1.1306,1.13085,4.10,1.00
2008.09.08 20:27:54.046,1.13065,1.1309,2.80,4.40
2008.09.08 20:27:54.130,1.13065,1.13085,2.80,1.20
2008.09.08 20:27:54.494,1.1306,1.1308,1.20,1.00
2008.09.08 20:27:54.736,1.1306,1.1307,1.20,1.00
2008.09.08 20:27:55.302,1.1305,1.1307,1.70,1.00
2008.09.08 20:27:55.642,1.1305,1.1307,4.40,1.00
2008.09.08 20:27:56.318,1.13055,1.1308,2.80,3.90
2008.09.08 20:27:57.058,1.1305,1.13075,7.40,1.00
2008.09.08 20:27:57.466,1.1305,1.1307,4.40,1.00
2008.09.08 20:28:01.262,1.1306,1.1308,1.20,1.40
2008.09.08 20:28:01.619,1.1306,1.1308,1.20,5.40
2008.09.08 20:28:01.798,1.1306,1.1308,1.20,3.20
2008.09.08 20:28:02.155,1.1307,1.13085,2.80,4.10
2008.09.08 20:28:03.353,1.1307,1.13075,2.80,1.00
2008.09.08 20:28:03.562,1.1307,1.13085,2.80,1.80
2008.09.08 20:28:04.175,1.1306,1.13085,4.10,2.10
2008.09.08 20:28:04.394,1.1306,1.13085,4.10,2.00
2008.09.08 20:28:04.614,1.1306,1.1308,4.10,1.20
2008.09.08 20:28:04.834,1.1306,1.1308,2.80,3.60
2008.09.08 20:28:05.646,1.1307,1.1308,2.80,3.60
2008.09.08 20:28:05.806,1.1307,1.13085,2.80,3.90
2008.09.08 20:28:05.966,1.1307,1.13085,2.80,3.30
2008.09.08 20:28:06.126,1.13075,1.13085,2.80,1.20
2008.09.08 20:28:21.937,1.13055,1.13085,4.70,1.40
2008.09.08 20:28:35.066,1.1306,1.13085,4.10,1.40
2008.09.08 20:28:35.178,1.1306,1.13085,2.80,1.40
2008.09.08 20:28:37.950,1.13065,1.13085,2.80,1.40
2008.09.08 20:28:41.479,1.13045,1.13075,7.40,1.00
2008.09.08 20:28:42.250,1.13045,1.1307,4.40,1.00
2008.09.08 20:28:42.510,1.1305,1.13075,7.40,1.00
2008.09.08 20:28:49.970,1.13055,1.13075,2.80,1.00
2008.09.08 20:28:52.522,1.1305,1.13065,3.20,1.00
2008.09.08 20:28:52.607,1.1305,1.13065,2.70,1.00
2008.09.08 20:28:54.230,1.13045,1.13065,2.70,1.00
2008.09.08 20:28:54.539,1.13045,1.1306,2.70,1.00
2008.09.08 20:28:55.374,1.13045,1.13065,2.70,1.00
2008.09.08 20:28:56.074,1.13045,1.1307,5.50,1.00
2008.09.08 20:28:56.749,1.13045,1.13065,2.70,1.00
2008.09.08 20:28:58.451,1.13045,1.13065,5.50,1.00
2008.09.08 20:28:58.567,1.13045,1.1307,5.50,1.00
2008.09.08 20:29:01.280,1.13045,1.13065,2.70,1.00
2008.09.08 20:29:01.553,1.13045,1.1307,5.50,1.00
2008.09.08 20:29:12.043,1.1305,1.1307,2.70,1.00
2008.09.08 20:29:14.078,1.1305,1.13065,2.70,1.00
2008.09.08 20:29:15.602,1.1305,1.1307,2.70,1.00
2008.09.08 20:29:16.242,1.1305,1.13065,2.70,1.00
2008.09.08 20:29:18.951,1.1305,1.13075,6.00,1.00
2008.09.08 20:29:19.250,1.13055,1.1308,2.80,2.70
2008.09.08 20:29:20.030,1.13055,1.1308,2.80,3.20
2008.09.08 20:29:22.398,1.13055,1.1308,5.50,3.20
2008.09.08 20:29:22.946,1.13055,1.13075,2.70,1.00
2008.09.08 20:29:23.147,1.13055,1.13075,2.70,1.00
2008.09.08 20:29:25.211,1.1305,1.13075,5.50,1.00
2008.09.08 20:29:26.310,1.13055,1.13075,2.70,1.00
2008.09.08 20:29:27.854,1.1305,1.13075,5.50,1.00
2008.09.08 20:29:28.262,1.1305,1.13075,5.50,1.00
2008.09.08 20:29:28.562,1.1305,1.13075,6.80,1.00
2008.09.08 20:29:32.961,1.13055,1.1308,2.80,3.20
2008.09.08 20:29:33.854,1.13055,1.1307,2.80,1.00
2008.09.08 20:29:34.424,1.13065,1.1307,2.80,1.00
2008.09.08 20:29:34.542,1.1306,1.1307,2.80,1.00
2008.09.08 20:29:34.663,1.1306,1.1309,2.80,4.70
2008.09.08 20:29:34.940,1.1306,1.1309,5.50,3.50
2008.09.08 20:29:35.486,1.13065,1.13085,2.80,3.20
2008.09.08 20:29:37.086,1.1307,1.1308,2.80,3.20
2008.09.08 20:29:39.228,1.13065,1.1308,2.80,3.20
2008.09.08 20:29:39.490,1.1306,1.1308,2.70,3.50
2008.09.08 20:29:40.554,1.13055,1.1308,2.80,2.70
2008.09.08 20:29:56.148,1.13065,1.1308,2.80,2.40
2008.09.08 20:29:56.487,1.13065,1.131,5.50,2.90
2008.09.08 20:29:56.826,1.13065,1.13095,2.70,1.00
2008.09.08 20:29:57.038,1.1307,1.13105,2.80,1.00
2008.09.08 20:29:57.250,1.1307,1.131,5.50,1.00
2008.09.08 20:29:57.682,1.13075,1.131,2.80,1.00
2008.09.08 20:29:58.762,1.13085,1.13105,2.80,1.70
2008.09.08 20:29:59.009,1.1308,1.13105,2.80,2.00
2008.09.08 20:29:59.211,1.13075,1.131,2.80,1.00
2008.09.08 20:29:59.406,1.1308,1.13105,2.80,2.00
2008.09.08 20:30:01.567,1.1309,1.13105,2.80,1.20
2008.09.08 20:30:01.906,1.1311,1.13115,3.70,1.40
2008.09.08 20:30:02.042,1.13075,1.131,5.90,1.00
2008.09.08 20:30:02.180,1.13115,1.1312,2.70,1.00
2008.09.08 20:30:02.316,1.131,1.1312,2.70,1.00
2008.09.08 20:30:03.246,1.131,1.1311,2.70,1.00
2008.09.08 20:30:03.454,1.13095,1.1311,2.70,1.00
2008.09.08 20:30:04.070,1.13095,1.13115,2.70,1.00
2008.09.08 20:30:05.898,1.13095,1.1311,2.70,1.00
2008.09.08 20:30:06.707,1.13095,1.13115,2.70,1.00
2008.09.08 20:30:07.371,1.131,1.13115,2.70,1.00
2008.09.08 20:30:07.554,1.13095,1.13115,2.70,1.00
2008.09.08 20:30:07.738,1.1309,1.13115,6.40,1.00
2008.09.08 20:30:10.158,1.1309,1.13115,5.50,1.00
2008.09.08 20:30:10.322,1.1309,1.1311,2.70,1.00
2008.09.08 20:30:10.486,1.1309,1.13115,5.50,1.00
2008.09.08 20:30:10.754,1.1309,1.13115,2.80,1.00
2008.09.08 20:30:11.026,1.1309,1.13105,5.40,1.00
2008.09.08 20:30:11.294,1.1308,1.13105,6.40,1.00
2008.09.08 20:30:11.562,1.1308,1.131,3.50,1.00
2008.09.08 20:30:11.846,1.1308,1.13105,6.40,1.00
2008.09.08 20:30:13.511,1.1309,1.13105,2.70,1.00
2008.09.08 20:30:16.506,1.1309,1.13095,2.70,1.00
2008.09.08 20:30:16.954,1.13085,1.13095,2.70,1.00
2008.09.08 20:30:17.678,1.13085,1.131,2.70,1.00
2008.09.08 20:30:18.462,1.13085,1.13105,2.70,1.00
2008.09.08 20:30:19.733,1.1309,1.13105,2.70,1.00
2008.09.08 20:30:20.310,1.1309,1.131,2.70,1.00
2008.09.08 20:30:20.746,1.1309,1.13105,2.70,2.60
2008.09.08 20:30:21.218,1.13085,1.1309,1.00,1.00
2008.09.08 20:30:27.010,1.13085,1.1309,1.00,1.00
2008.09.08 20:30:28.580,1.13075,1.1309,18.90,1.00
2008.09.08 20:30:32.795,1.1308,1.1309,16.20,1.00
2008.09.08 20:30:33.866,1.1307,1.1308,22.30,1.00
2008.09.08 20:30:40.446,1.1306,1.13075,16.90,1.00
2008.09.08 20:30:41.448,1.1305,1.13065,20.60,1.00
2008.09.08 20:30:41.938,1.1305,1.1306,20.60,1.00
2008.09.08 20:30:42.214,1.1305,1.13055,20.60,1.00
2008.09.08 20:30:42.762,1.1308,1.13085,16.20,8.50
2008.09.08 20:30:42.902,1.1304,1.13055,2.70,1.00
2008.09.08 20:30:43.274,1.1304,1.1305,2.70,1.00
2008.09.08 20:30:43.472,1.1304,1.13055,2.70,1.00
2008.09.08 20:30:45.474,1.13045,1.1305,4.70,1.00
2008.09.08 20:30:46.715,1.13045,1.1305,2.70,1.00
2008.09.08 20:30:53.058,1.1304,1.1305,2.70,1.00
2008.09.08 20:30:58.158,1.1304,1.13055,2.70,1.00
2008.09.08 20:31:01.906,1.1304,1.1305,2.70,1.00
2008.09.08 20:31:02.254,1.1303,1.1305,2.70,1.00
2008.09.08 20:31:40.929,1.1303,1.13055,5.50,1.00
2008.09.08 20:31:43.964,1.13035,1.13055,2.80,1.00
2008.09.08 20:31:54.539,1.13035,1.13055,2.80,1.40
2008.09.08 20:31:55.023,1.13035,1.13055,2.80,2.10
2008.09.08 20:31:55.070,1.1303,1.1305,2.80,2.40
2008.09.08 20:32:08.693,1.1302,1.13045,6.80,1.00
2008.09.08 20:32:08.758,1.1302,1.13045,5.50,1.00
2008.09.08 20:32:08.863,1.1302,1.13045,6.00,1.00
2008.09.08 20:32:08.925,1.1302,1.1304,3.20,1.00
2008.09.08 20:32:13.862,1.1303,1.1305,2.80,2.40
2008.09.08 20:32:13.986,1.1303,1.13055,2.80,2.00
2008.09.08 20:32:14.054,1.1303,1.13055,2.80,1.40
2008.09.08 20:32:14.257,1.13035,1.13055,2.80,1.20
2008.09.08 20:32:24.674,1.13025,1.1305,2.80,1.00
2008.09.08 20:32:26.777,1.13025,1.1305,5.50,1.00
2008.09.08 20:32:27.947,1.1303,1.13055,2.80,1.00
2008.09.08 20:32:28.164,1.1303,1.13055,5.50,1.00
2008.09.08 20:32:31.897,1.13035,1.13055,2.80,1.00
2008.09.08 20:32:50.939,1.1304,1.1306,2.80,1.20
2008.09.08 20:33:09.373,1.1304,1.13065,2.80,1.40
2008.09.08 20:33:18.841,1.1304,1.13065,2.80,1.00
2008.09.08 20:33:33.845,1.1304,1.13065,5.50,1.00
2008.09.08 20:34:04.369,1.1304,1.13065,2.80,1.00
2008.09.08 20:34:05.325,1.1304,1.13065,5.50,1.00
2008.09.08 20:34:16.073,1.1304,1.13065,5.50,5.60
2008.09.08 20:34:16.253,1.1304,1.13055,2.80,1.20
2008.09.08 20:34:23.001,1.1304,1.1306,2.80,1.20
2008.09.08 20:34:25.595,1.1304,1.13055,2.80,1.20
2008.09.08 20:34:28.240,1.1304,1.1305,2.80,1.20
2008.09.08 20:34:28.561,1.13045,1.13055,2.80,1.20
2008.09.08 20:34:29.965,1.13045,1.13055,2.80,4.40
2008.09.08 20:34:30.100,1.13035,1.13055,2.80,4.40
2008.09.08 20:34:30.523,1.13035,1.13055,2.80,5.10
2008.09.08 20:34:30.600,1.13035,1.1305,2.80,2.40
2008.09.08 20:34:40.689,1.1304,1.13055,2.80,1.80
2008.09.08 20:34:40.901,1.1304,1.13055,2.80,1.20
2008.09.08 20:34:45.201,1.13045,1.13065,2.80,1.20
2008.09.08 20:34:45.448,1.1305,1.13065,2.80,1.20
2008.09.08 20:34:46.069,1.13045,1.13065,2.80,1.20
2008.09.08 20:34:46.193,1.13045,1.1307,2.80,1.00
2008.09.08 20:34:46.530,1.13055,1.13075,2.80,1.70
2008.09.08 20:34:46.869,1.1305,1.13075,2.80,1.70
2008.09.08 20:34:47.205,1.13055,1.13075,2.80,1.70
2008.09.08 20:34:47.420,1.1305,1.13075,2.80,1.70
2008.09.08 20:34:49.755,1.1306,1.1307,2.80,1.20
2008.09.08 20:34:49.997,1.13055,1.1307,2.80,1.20
2008.09.08 20:34:50.237,1.1305,1.13065,2.80,1.20
2008.09.08 20:34:54.046,1.13055,1.13065,2.80,1.20
2008.09.08 20:34:54.181,1.1305,1.13065,2.80,1.20
2008.09.08 20:34:54.590,1.13055,1.13065,2.80,1.20
2008.09.08 20:35:16.144,1.13045,1.13065,2.80,1.20
2008.09.08 20:35:16.473,1.13055,1.13065,2.80,1.20
2008.09.08 20:35:17.104,1.13055,1.1307,2.80,1.20
2008.09.08 20:35:34.665,1.13055,1.1308,2.80,1.40
2008.09.08 20:35:34.955,1.1305,1.13075,2.80,1.00
2008.09.08 20:35:35.167,1.1305,1.13075,5.50,1.00
2008.09.08 20:35:36.054,1.1305,1.1307,2.70,1.00
2008.09.08 20:35:36.321,1.1306,1.13075,2.70,1.00
2008.09.08 20:35:36.452,1.1306,1.1308,2.70,6.70
2008.09.08 20:35:36.716,1.1306,1.13075,2.70,1.00
2008.09.08 20:35:37.388,1.1306,1.13075,2.70,1.00
2008.09.08 20:35:41.381,1.13065,1.1308,2.70,6.70
2008.09.08 20:35:44.448,1.13065,1.1307,2.70,1.00
2008.09.08 20:35:44.664,1.13065,1.13075,2.70,1.00
2008.09.08 20:35:44.764,1.1307,1.13075,2.70,1.00
2008.09.08 20:35:45.977,1.13055,1.13065,12.20,1.00
2008.09.08 20:35:46.212,1.13065,1.1307,4.70,1.00
2008.09.08 20:35:47.120,1.13065,1.1307,2.70,1.00
2008.09.08 20:35:59.615,1.13065,1.1308,2.70,6.70
2008.09.08 20:36:11.717,1.1306,1.1308,2.70,6.70
2008.09.08 20:36:14.393,1.13055,1.1308,10.90,6.70
2008.09.08 20:36:16.792,1.13055,1.1308,8.20,6.70
2008.09.08 20:36:20.888,1.13055,1.1308,8.20,1.40
2008.09.08 20:36:34.694,1.13055,1.13075,8.20,1.20
2008.09.08 20:36:35.801,1.1306,1.13075,5.40,1.40
2008.09.08 20:36:36.183,1.13055,1.13075,8.20,1.20
2008.09.08 20:36:45.332,1.13055,1.1308,8.20,1.40
2008.09.08 20:36:58.408,1.1306,1.1307,5.40,1.00
2008.09.08 20:37:10.157,1.1306,1.1307,5.40,1.00
2008.09.08 20:37:10.252,1.1306,1.1307,5.40,2.90
2008.09.08 20:37:10.348,1.1306,1.1307,5.40,8.30
2008.09.08 20:37:10.444,1.1306,1.1307,5.40,4.60
2008.09.08 20:37:11.237,1.1306,1.1307,5.40,11.00
2008.09.08 20:37:11.564,1.1306,1.1307,5.40,7.40
2008.09.08 20:37:11.888,1.1306,1.1307,5.40,3.20
2008.09.08 20:37:13.142,1.1306,1.1307,5.40,1.40
2008.09.08 20:37:13.456,1.1306,1.1307,5.40,8.90
2008.09.08 20:37:13.819,1.1306,1.1307,5.40,1.10
2008.09.08 20:37:14.473,1.1306,1.1307,5.40,10.20
2008.09.08 20:37:14.676,1.1306,1.13065,5.40,1.00
2008.09.08 20:37:15.110,1.1306,1.1307,5.40,7.60
2008.09.08 20:37:19.488,1.1306,1.1308,5.40,17.60
2008.09.08 20:37:19.649,1.1306,1.1307,5.40,5.00
2008.09.08 20:37:19.748,1.1306,1.1307,5.40,5.00
2008.09.08 20:37:21.022,1.1306,1.13065,5.40,1.40
2008.09.08 20:37:21.940,1.13035,1.1306,7.50,1.40
2008.09.08 20:37:22.162,1.1306,1.13075,5.40,6.60
2008.09.08 20:37:22.824,1.1306,1.13075,5.40,6.60
2008.09.08 20:37:24.910,1.1306,1.13065,5.40,1.40
2008.09.08 20:37:30.093,1.1306,1.1307,5.40,1.20
2008.09.08 20:37:30.514,1.1306,1.1307,5.40,1.00
2008.09.08 20:37:32.792,1.1304,1.1306,10.40,1.00
2008.09.08 20:37:38.753,1.1306,1.1307,5.40,5.00
2008.09.08 20:37:40.947,1.13025,1.13055,7.50,1.20
2008.09.08 20:37:41.855,1.1306,1.1307,5.40,2.00
2008.09.08 20:37:45.580,1.13025,1.1305,7.50,1.20
2008.09.08 20:37:46.081,1.13025,1.13055,7.50,1.20
2008.09.08 20:37:48.238,1.1306,1.13065,5.40,5.40
2008.09.08 20:37:59.651,1.1303,1.13055,6.00,1.20
2008.09.08 20:38:02.324,1.1306,1.13065,5.40,5.40
2008.09.08 20:38:04.720,1.1302,1.1305,11.70,1.40
2008.09.08 20:38:04.780,1.13005,1.1305,4.50,1.40
2008.09.08 20:38:04.960,1.1301,1.1305,2.70,1.00
2008.09.08 20:38:05.153,1.1301,1.13055,2.80,1.20
2008.09.08 20:38:05.788,1.1303,1.13055,2.80,1.20
2008.09.08 20:38:06.048,1.1303,1.1306,2.80,1.40
2008.09.08 20:38:07.604,1.13035,1.1306,2.80,1.20
2008.09.08 20:38:08.111,1.13035,1.13055,2.80,1.20
2008.09.08 20:38:09.863,1.13035,1.1306,2.80,1.20
2008.09.08 20:38:09.925,1.13035,1.1306,2.80,1.80
2008.09.08 20:38:14.998,1.13035,1.13055,2.80,1.20
2008.09.08 20:38:17.720,1.13035,1.1306,2.80,1.20
2008.09.08 20:38:19.776,1.13025,1.1306,5.50,1.40
2008.09.08 20:38:19.964,1.13025,1.1305,2.80,1.20
2008.09.08 20:38:20.152,1.13025,1.1305,2.80,3.60
2008.09.08 20:38:20.395,1.1304,1.1305,2.80,1.20
2008.09.08 20:38:20.636,1.13045,1.1306,1.00,2.40
2008.09.08 20:38:20.876,1.13045,1.1306,3.70,1.00
2008.09.08 20:38:21.116,1.13045,1.13065,4.50,1.20
2008.09.08 20:38:21.355,1.13045,1.13065,1.30,1.20
2008.09.08 20:38:21.675,1.1305,1.1307,1.30,1.80
2008.09.08 20:38:22.798,1.1305,1.1307,1.00,1.80
2008.09.08 20:38:22.960,1.1304,1.1307,4.10,1.80
2008.09.08 20:38:25.708,1.13035,1.13065,11.80,1.00
2008.09.08 20:38:25.776,1.13035,1.1306,7.50,4.80
2008.09.08 20:38:25.944,1.13035,1.13055,4.80,1.20
2008.09.08 20:38:26.112,1.13035,1.13055,2.80,1.20
2008.09.08 20:38:27.932,1.13035,1.1306,2.80,1.20
2008.09.08 20:38:30.482,1.1303,1.1306,3.70,1.20
2008.09.08 20:38:30.647,1.1303,1.13065,6.40,1.40
2008.09.08 20:38:43.814,1.1303,1.1306,3.70,1.20
2008.09.08 20:38:49.344,1.1303,1.13065,6.40,1.40
2008.09.08 20:38:49.495,1.1303,1.1306,3.50,1.00
2008.09.08 20:38:51.591,1.1304,1.1306,2.70,1.00
2008.09.08 20:38:52.627,1.1304,1.13065,2.70,1.00
2008.09.08 20:38:53.228,1.1304,1.13065,3.50,1.00
2008.09.08 20:38:53.628,1.1304,1.1306,3.50,1.00
2008.09.08 20:38:54.243,1.1304,1.1306,2.70,1.00
2008.09.08 20:38:56.318,1.13035,1.1306,3.50,1.00
2008.09.08 20:38:57.124,1.13035,1.1306,2.70,1.00
2008.09.08 20:38:57.988,1.1303,1.1306,3.50,1.40
2008.09.08 20:38:59.265,1.1304,1.1306,2.70,1.00
2008.09.08 20:38:59.544,1.1304,1.13065,2.70,1.00
2008.09.08 20:39:04.588,1.1304,1.1307,5.50,1.00
2008.09.08 20:39:04.724,1.13045,1.13075,2.80,1.20
2008.09.08 20:39:04.864,1.1305,1.13075,2.70,1.00
2008.09.08 20:39:04.932,1.1305,1.1308,2.70,1.00
2008.09.08 20:39:07.612,1.13055,1.1308,2.70,1.00
2008.09.08 20:39:11.316,1.1305,1.1308,2.70,1.00
2008.09.08 20:39:11.935,1.1305,1.13085,5.50,1.40
2008.09.08 20:39:16.891,1.13055,1.13085,2.70,1.00
2008.09.08 20:39:18.635,1.1306,1.13085,2.70,1.00
2008.09.08 20:39:29.676,1.13055,1.13085,2.70,1.00
2008.09.08 20:39:29.937,1.13055,1.13075,2.70,1.00
2008.09.08 20:39:32.083,1.13045,1.1307,24.30,1.00
2008.09.08 20:39:32.788,1.13045,1.13075,24.30,1.00
2008.09.08 20:39:33.097,1.13045,1.1307,24.30,1.00
2008.09.08 20:39:48.723,1.13045,1.13065,24.30,1.00
2008.09.08 20:39:49.127,1.13045,1.13085,27.10,1.40
2008.09.08 20:39:49.453,1.13045,1.13075,24.30,1.00
2008.09.08 20:39:52.063,1.13045,1.13075,24.30,1.00
2008.09.08 20:39:55.341,1.1305,1.13075,2.70,1.00
2008.09.08 20:40:11.618,1.13055,1.13075,2.70,1.00
2008.09.08 20:40:12.008,1.13055,1.1308,2.70,1.00
2008.09.08 20:40:12.559,1.13055,1.13075,2.70,1.00
2008.09.08 20:40:18.552,1.1305,1.13075,2.70,1.00
2008.09.08 20:40:20.491,1.13055,1.13075,2.70,1.00
2008.09.08 20:40:29.843,1.1306,1.13075,2.70,1.00
2008.09.08 20:40:40.351,1.1306,1.13085,2.70,1.00
2008.09.08 20:40:59.364,1.1306,1.1308,2.70,1.00
2008.09.08 20:41:00.148,1.1306,1.13085,2.70,1.00
2008.09.08 20:41:00.896,1.1306,1.1308,2.70,1.00
2008.09.08 20:41:01.119,1.1306,1.13085,2.70,1.00
2008.09.08 20:41:01.666,1.1306,1.1308,2.70,1.00
2008.09.08 20:41:01.927,1.1306,1.13085,2.70,1.00
2008.09.08 20:41:07.871,1.1305,1.13085,5.50,1.40
2008.09.08 20:41:15.466,1.1305,1.1308,2.70,1.00
2008.09.08 20:41:15.719,1.1305,1.13085,5.50,1.40
2008.09.08 20:41:16.159,1.1305,1.1308,2.70,1.00
2008.09.08 20:41:16.303,1.1305,1.1308,6.40,1.00
2008.09.08 20:41:16.447,1.13055,1.13085,2.80,1.20
2008.09.08 20:41:17.607,1.13065,1.1309,2.70,5.60
2008.09.08 20:41:23.515,1.13065,1.13085,2.70,1.00
2008.09.08 20:41:24.443,1.1306,1.13085,2.70,1.00
2008.09.08 20:41:25.560,1.1306,1.1308,2.70,1.00
2008.09.08 20:41:25.772,1.1306,1.13085,2.70,1.00
2008.09.08 20:41:26.509,1.1306,1.1309,2.70,5.60
2008.09.08 20:41:29.139,1.1306,1.1309,2.70,1.40
2008.09.08 20:41:29.591,1.13065,1.1309,2.70,5.60
2008.09.08 20:41:30.211,1.13065,1.13095,2.70,5.60
2008.09.08 20:41:30.703,1.13065,1.13085,2.70,1.00
2008.09.08 20:41:30.951,1.13065,1.1309,2.70,5.60
2008.09.08 20:41:31.199,1.1307,1.1309,2.70,5.60
2008.09.08 20:41:32.764,1.13065,1.1309,2.70,5.60
2008.09.08 20:41:33.527,1.1307,1.1309,2.70,5.60
2008.09.08 20:41:33.698,1.1307,1.13085,2.70,1.00
2008.09.08 20:41:33.955,1.1307,1.1309,2.70,5.60
2008.09.08 20:41:35.898,1.1307,1.13085,2.70,1.00
2008.09.08 20:41:36.013,1.1307,1.1308,2.70,1.00
2008.09.08 20:41:36.791,1.1307,1.13085,2.70,1.00
2008.09.08 20:41:40.191,1.1307,1.13095,2.70,5.60
2008.09.08 20:41:40.456,1.13075,1.13095,2.70,5.60
2008.09.08 20:41:41.525,1.13075,1.1309,2.70,5.60
2008.09.08 20:41:41.775,1.13075,1.13095,2.70,5.60
2008.09.08 20:41:41.903,1.1307,1.13095,2.70,5.60
2008.09.08 20:41:42.031,1.13065,1.13095,8.10,5.60
2008.09.08 20:41:42.235,1.13065,1.13085,8.10,1.00
2008.09.08 20:41:46.751,1.13065,1.1308,8.10,1.00
2008.09.08 20:41:46.947,1.13065,1.13085,8.10,1.00
2008.09.08 20:41:53.615,1.13065,1.1309,8.10,5.60
2008.09.08 20:41:55.788,1.1307,1.1309,2.70,5.60
2008.09.08 20:42:02.415,1.1307,1.13095,2.70,5.60
2008.09.08 20:42:03.003,1.1307,1.13085,2.70,1.00
2008.09.08 20:42:03.301,1.1307,1.13095,2.70,5.60
2008.09.08 20:42:05.403,1.13075,1.13095,2.70,5.60
2008.09.08 20:42:09.438,1.13075,1.13085,2.70,1.00
2008.09.08 20:42:09.883,1.13075,1.1309,2.70,5.60
2008.09.08 20:42:31.076,1.13075,1.13095,2.70,5.60
2008.09.08 20:43:13.455,1.1308,1.13095,2.70,5.60
2008.09.08 20:43:24.155,1.1308,1.1309,2.70,5.60
2008.09.08 20:43:24.506,1.13075,1.1309,2.70,5.60
2008.09.08 20:43:27.611,1.13075,1.1308,2.70,1.00
2008.09.08 20:43:27.859,1.13075,1.131,2.70,5.60
2008.09.08 20:43:31.148,1.13075,1.13085,2.70,1.00
2008.09.08 20:43:31.367,1.13075,1.13095,2.70,5.60
2008.09.08 20:43:31.483,1.13075,1.13085,2.70,1.00
2008.09.08 20:43:31.920,1.13075,1.13095,2.70,5.60
2008.09.08 20:43:49.445,1.13075,1.1309,2.70,5.60
2008.09.08 20:43:49.786,1.1307,1.1309,2.70,5.60
2008.09.08 20:43:49.887,1.1307,1.13085,2.70,1.00
2008.09.08 20:43:52.034,1.1307,1.1308,2.70,1.00
2008.09.08 20:43:56.664,1.1307,1.131,2.70,5.60
2008.09.08 20:43:57.822,1.13075,1.13095,2.70,5.60
2008.09.08 20:43:59.194,1.13075,1.1309,2.70,5.60
2008.09.08 20:43:59.409,1.13075,1.13095,2.70,5.60
2008.09.08 20:43:59.447,1.1307,1.13095,2.70,5.60
2008.09.08 20:44:00.071,1.1307,1.13085,2.70,1.00
2008.09.08 20:44:06.882,1.1307,1.1308,2.70,1.00
2008.09.08 20:44:11.233,1.13075,1.1308,2.70,1.00
2008.09.08 20:44:11.388,1.13075,1.131,2.70,5.60
2008.09.08 20:44:15.117,1.13075,1.13085,2.70,1.00
2008.09.08 20:44:15.470,1.13075,1.1309,2.70,1.00
2008.09.08 20:44:15.751,1.13075,1.131,2.70,5.60
2008.09.08 20:44:17.418,1.13075,1.1309,2.70,5.60
2008.09.08 20:44:17.690,1.13075,1.13095,2.70,5.60
2008.09.08 20:44:18.082,1.13075,1.1309,2.70,5.60
2008.09.08 20:45:01.718,1.13075,1.1308,2.70,1.00
2008.09.08 20:45:01.938,1.13075,1.131,2.70,5.60
2008.09.08 20:45:02.570,1.1307,1.131,64.80,6.80
2008.09.08 20:45:02.851,1.1307,1.13085,64.80,1.00
2008.09.08 20:45:07.226,1.1307,1.1308,2.70,1.00
2008.09.08 20:45:07.382,1.13075,1.131,2.70,5.60
2008.09.08 20:45:48.446,1.13075,1.13085,2.70,1.00
2008.09.08 20:45:48.963,1.1308,1.1309,2.70,5.40
2008.09.08 20:45:49.706,1.1308,1.13095,2.70,5.60
2008.09.08 20:45:50.013,1.1308,1.1309,2.70,5.40
2008.09.08 20:45:50.473,1.1308,1.13095,2.70,5.60
2008.09.08 20:45:50.678,1.1308,1.1309,2.70,5.40
2008.09.08 20:45:53.166,1.1308,1.13095,2.70,5.60
2008.09.08 20:45:53.522,1.1308,1.1309,2.70,5.40
2008.09.08 20:45:54.054,1.1308,1.13095,2.70,5.60
2008.09.08 20:45:54.524,1.1308,1.1309,2.70,5.40
2008.09.08 20:45:54.662,1.1308,1.13095,2.70,5.60
2008.09.08 20:45:55.075,1.1308,1.1309,2.70,5.40
2008.09.08 20:45:55.214,1.1308,1.1309,5.50,5.40
2008.09.08 20:45:55.430,1.1308,1.13085,2.70,1.00
2008.09.08 20:45:55.643,1.1308,1.1309,2.70,5.40
2008.09.08 20:45:55.818,1.13085,1.1309,2.70,5.40
2008.09.08 20:45:56.397,1.13085,1.13095,2.70,5.60
2008.09.08 20:45:56.610,1.13085,1.1309,2.70,5.40
2008.09.08 20:45:58.906,1.1308,1.1309,5.50,5.40
2008.09.08 20:45:59.054,1.1308,1.13095,2.70,5.60
2008.09.08 20:45:59.202,1.1308,1.1309,5.50,5.40
2008.09.08 20:46:03.464,1.1308,1.1309,2.70,5.60
2008.09.08 20:46:03.860,1.1308,1.1309,2.70,5.40
2008.09.08 20:46:04.059,1.1308,1.1309,2.70,5.60
2008.09.08 20:46:04.257,1.1308,1.1309,5.50,5.40
2008.09.08 20:46:04.441,1.1308,1.13095,2.70,5.60
2008.09.08 20:46:04.686,1.1308,1.1309,2.70,5.40
2008.09.08 20:46:04.882,1.1308,1.1309,5.50,5.40
2008.09.08 20:46:04.959,1.1308,1.1309,2.80,5.40
2008.09.08 20:46:24.134,1.13075,1.1309,2.70,5.40
2008.09.08 20:46:24.376,1.13075,1.1309,5.90,5.40
2008.09.08 20:46:24.452,1.1308,1.1309,2.80,5.40
2008.09.08 20:46:24.606,1.1308,1.1309,5.50,5.40
2008.09.08 20:46:35.922,1.1308,1.1309,2.70,5.40
2008.09.08 20:46:36.730,1.13075,1.1309,2.70,5.40
2008.09.08 20:46:40.630,1.13075,1.1309,3.70,5.40
2008.09.08 20:46:40.742,1.13075,1.1309,2.70,5.40
2008.09.08 20:46:40.821,1.1308,1.1309,2.70,5.40
2008.09.08 20:46:41.428,1.1308,1.1309,5.50,5.40
2008.09.08 20:46:48.377,1.1308,1.13085,5.40,1.00
2008.09.08 20:46:48.664,1.1308,1.1309,5.50,5.40
2008.09.08 20:46:52.399,1.1308,1.1309,6.80,5.40
2008.09.08 20:46:52.541,1.1308,1.1309,4.10,5.40
2008.09.08 20:46:52.926,1.13075,1.1308,2.20,1.00
2008.09.08 20:46:52.953,1.1307,1.1308,3.60,1.00
2008.09.08 20:46:53.395,1.1306,1.1309,11.30,1.00
2008.09.08 20:46:53.738,1.1306,1.131,3.70,6.80
2008.09.08 20:46:54.075,1.1307,1.1309,3.70,5.40
2008.09.08 20:46:54.255,1.1307,1.1309,2.70,5.40
2008.09.08 20:46:54.370,1.1307,1.1309,5.50,5.40
2008.09.08 20:46:54.710,1.1308,1.1309,2.80,5.40
2008.09.08 20:46:54.942,1.1308,1.1309,4.10,5.40
2008.09.08 20:46:55.065,1.1308,1.13095,1.20,5.60
2008.09.08 20:46:55.525,1.1308,1.1309,4.10,5.40
2008.09.08 20:46:56.142,1.1309,1.13105,2.80,6.30
2008.09.08 20:46:56.558,1.1307,1.1309,6.70,5.40
2008.09.08 20:46:56.635,1.1307,1.1309,5.90,5.40
2008.09.08 20:46:56.737,1.1307,1.1309,2.70,5.40
2008.09.08 20:46:56.894,1.13085,1.1309,2.80,5.40
2008.09.08 20:46:57.465,1.1307,1.1309,2.70,5.40
2008.09.08 20:46:57.790,1.13065,1.1309,2.70,5.40
2008.09.08 20:46:58.114,1.1307,1.1309,2.70,5.40
2008.09.08 20:46:58.278,1.13085,1.1309,2.80,5.40
2008.09.08 20:46:58.501,1.1307,1.13085,2.70,1.00
2008.09.08 20:46:58.725,1.1307,1.13095,2.70,5.60
2008.09.08 20:46:58.949,1.1307,1.13095,3.70,5.60
2008.09.08 20:46:59.173,1.1308,1.1309,2.80,5.40
2008.09.08 20:46:59.617,1.13075,1.13095,5.90,5.60
2008.09.08 20:46:59.908,1.13075,1.13095,2.70,5.60
2008.09.08 20:47:00.190,1.13075,1.1309,2.70,5.40
2008.09.08 20:47:00.257,1.13075,1.1309,3.70,5.40
2008.09.08 20:47:00.645,1.13075,1.13095,3.70,5.60
2008.09.08 20:47:00.685,1.13075,1.13095,2.70,5.60
2008.09.08 20:47:02.162,1.13085,1.1309,2.80,5.40
2008.09.08 20:47:02.351,1.13085,1.13095,2.80,6.60
2008.09.08 20:47:02.525,1.13065,1.1309,2.70,5.60
2008.09.08 20:47:02.873,1.13055,1.1309,5.50,5.60
2008.09.08 20:47:03.049,1.13055,1.13095,5.50,6.80
2008.09.08 20:47:03.621,1.1307,1.13095,2.80,6.60
2008.09.08 20:47:05.025,1.1307,1.1309,2.80,1.20
2008.09.08 20:47:05.149,1.13065,1.13085,2.80,1.20
2008.09.08 20:47:05.701,1.1307,1.13085,2.80,1.20
2008.09.08 20:47:10.025,1.13075,1.13085,6.00,1.20
2008.09.08 20:47:10.147,1.13075,1.13085,2.80,1.20
2008.09.08 20:47:10.613,1.13075,1.13095,2.80,6.60
2008.09.08 20:47:16.443,1.1307,1.13095,1.20,6.60
2008.09.08 20:47:16.522,1.13065,1.13095,3.70,6.60
2008.09.08 20:47:16.602,1.1307,1.13095,1.00,6.80
2008.09.08 20:47:16.683,1.1306,1.1309,2.80,1.20
2008.09.08 20:47:16.925,1.1306,1.1308,2.80,1.20
2008.09.08 20:47:18.869,1.1306,1.13075,2.80,1.20
2008.09.08 20:47:19.460,1.1306,1.13085,2.80,1.20
2008.09.08 20:47:19.665,1.1306,1.13085,4.10,1.20
2008.09.08 20:47:33.886,1.13075,1.13085,2.80,1.20
2008.09.08 20:47:34.440,1.1308,1.13085,2.80,1.20
2008.09.08 20:47:34.577,1.1307,1.13085,2.80,1.20
2008.09.08 20:47:42.656,1.13085,1.131,2.80,4.80
2008.09.08 20:47:42.876,1.1305,1.13085,2.80,1.20
2008.09.08 20:47:43.533,1.13055,1.13085,2.80,1.20
2008.09.08 20:47:43.872,1.1305,1.13085,2.80,1.20
2008.09.08 20:47:54.233,1.1306,1.13085,4.10,1.20
2008.09.08 20:47:56.991,1.1306,1.13085,2.80,1.20
2008.09.08 20:47:57.193,1.1306,1.1308,1.00,1.00
2008.09.08 20:47:57.199,1.1305,1.1308,3.90,1.00
2008.09.08 20:47:57.541,1.1306,1.13085,2.80,1.20
2008.09.08 20:47:57.877,1.1306,1.1308,2.80,1.20
2008.09.08 20:47:58.886,1.1306,1.1308,4.10,1.20
2008.09.08 20:47:59.109,1.1306,1.13085,4.10,1.20
2008.09.08 20:48:04.951,1.13075,1.13085,1.00,1.20
2008.09.08 20:48:05.065,1.13075,1.1309,1.00,5.40
2008.09.08 20:48:12.849,1.1307,1.1309,4.10,5.40
2008.09.08 20:48:13.114,1.1307,1.13095,4.10,6.60
2008.09.08 20:48:13.209,1.13065,1.13095,2.80,6.60
2008.09.08 20:48:13.709,1.1306,1.13085,2.70,1.00
2008.09.08 20:48:13.805,1.1306,1.13085,1.00,1.00
2008.09.08 20:48:13.902,1.1306,1.1309,2.80,1.20
2008.09.08 20:48:14.505,1.1306,1.1309,4.10,1.20
2008.09.08 20:48:58.733,1.1308,1.13085,2.80,1.20
2008.09.08 20:48:59.029,1.13065,1.13085,2.80,1.20
2008.09.08 20:49:01.652,1.13085,1.13095,2.80,5.20
2008.09.08 20:49:01.863,1.1307,1.13085,2.80,1.20
2008.09.08 20:49:05.425,1.13065,1.13085,2.80,1.20
2008.09.08 20:49:08.913,1.1307,1.13085,2.80,1.20
2008.09.08 20:49:09.065,1.13085,1.13095,2.80,5.20
2008.09.08 20:49:09.293,1.1307,1.13085,2.80,1.20
2008.09.08 20:49:14.597,1.13075,1.13095,2.80,6.60
2008.09.08 20:49:15.949,1.1307,1.13095,4.10,6.60
2008.09.08 20:49:15.993,1.1307,1.13095,2.80,6.60
2008.09.08 20:49:16.037,1.13065,1.13095,2.80,6.60
2008.09.08 20:49:16.081,1.13065,1.13085,2.80,1.20
2008.09.08 20:49:16.333,1.1306,1.13085,2.80,1.20
2008.09.08 20:49:16.947,1.1307,1.13085,2.80,1.20
2008.09.08 20:49:17.153,1.1307,1.13095,2.80,6.60
2008.09.08 20:49:17.525,1.1307,1.13095,4.10,6.60
2008.09.08 20:49:42.224,1.1307,1.13095,2.80,6.60
2008.09.08 20:49:42.409,1.1307,1.13095,1.00,6.80
2008.09.08 20:49:42.595,1.1307,1.13095,3.20,6.80
2008.09.08 20:49:42.689,1.1307,1.13085,2.80,1.20
2008.09.08 20:49:42.885,1.1307,1.13095,2.80,6.60
2008.09.08 20:49:43.281,1.1307,1.13085,1.00,1.20
2008.09.08 20:49:46.655,1.1307,1.1308,1.00,1.20
2008.09.08 20:49:52.297,1.1307,1.13085,1.00,1.20
2008.09.08 20:49:53.249,1.1307,1.13085,2.80,1.20
2008.09.08 20:49:53.385,1.1307,1.13095,2.80,6.60
2008.09.08 20:49:54.057,1.1307,1.13095,4.10,6.60
2008.09.08 20:50:10.166,1.1307,1.13095,1.20,6.60
2008.09.08 20:50:10.191,1.13065,1.13095,4.80,6.60
2008.09.08 20:50:10.384,1.13065,1.13095,3.90,6.60
2008.09.08 20:50:10.620,1.13065,1.1309,3.90,1.20
2008.09.08 20:50:11.324,1.13075,1.1309,1.00,1.20
2008.09.08 20:50:11.404,1.1307,1.1309,3.90,1.20
2008.09.08 20:50:11.565,1.1307,1.1309,3.90,5.40
2008.09.08 20:50:12.009,1.13075,1.1309,1.20,5.40
2008.09.08 20:50:22.004,1.13075,1.1309,5.90,5.40
2008.09.08 20:50:22.104,1.13075,1.1309,4.90,5.40
2008.09.08 20:50:22.333,1.13075,1.1309,2.80,5.40
2008.09.08 20:50:22.751,1.13075,1.1309,3.90,5.40
2008.09.08 20:50:22.816,1.1308,1.1309,1.20,5.40
2008.09.08 20:50:24.545,1.13075,1.1309,3.90,5.40
2008.09.08 20:50:24.797,1.13075,1.13095,3.90,6.60
2008.09.08 20:50:25.313,1.1308,1.13095,1.00,6.60
2008.09.08 20:50:28.174,1.1308,1.1309,1.00,5.40
2008.09.08 20:50:41.689,1.13085,1.1309,2.80,5.40
2008.09.08 20:50:41.913,1.1308,1.1309,1.00,5.40
2008.09.08 20:51:01.425,1.1308,1.1309,1.00,5.40
2008.09.08 20:51:02.715,1.13075,1.1309,2.80,5.40
2008.09.08 20:51:09.029,1.13075,1.1309,2.80,6.60
2008.09.08 20:51:09.164,1.1307,1.1309,2.80,6.60
2008.09.08 20:51:51.043,1.1307,1.1309,2.80,5.40
2008.09.08 20:52:04.148,1.1307,1.1309,5.50,5.40
2008.09.08 20:52:05.820,1.1307,1.1309,10.90,5.40
2008.09.08 20:52:06.607,1.13075,1.1309,2.80,5.40
2008.09.08 20:52:06.968,1.1307,1.1309,10.90,5.40
2008.09.08 20:52:08.272,1.1307,1.1309,10.90,5.40
2008.09.08 20:52:08.292,1.13075,1.1309,2.70,5.40
2008.09.08 20:52:08.365,1.13075,1.1309,5.50,5.40
2008.09.08 20:52:11.020,1.1308,1.1309,2.70,5.40
2008.09.08 20:52:11.261,1.1308,1.1309,5.50,5.40
2008.09.08 20:52:11.354,1.1308,1.1309,2.70,5.40
2008.09.08 20:52:15.290,1.1309,1.1311,5.40,6.20
2008.09.08 20:52:15.492,1.13095,1.1312,2.70,5.60
2008.09.08 20:52:16.132,1.1309,1.13125,25.60,6.50
2008.09.08 20:52:18.495,1.1309,1.1312,22.60,5.60
2008.09.08 20:52:19.046,1.1309,1.13125,25.60,6.50
2008.09.08 20:52:20.473,1.1309,1.13125,31.00,6.50
2008.09.08 20:52:20.669,1.13095,1.13125,2.70,5.60
2008.09.08 20:52:24.772,1.13095,1.13115,2.70,3.20
2008.09.08 20:52:36.529,1.13095,1.1312,2.70,3.50
2008.09.08 20:52:36.892,1.13095,1.1312,2.70,3.20
2008.09.08 20:52:39.875,1.13095,1.1313,5.50,11.00
2008.09.08 20:52:39.980,1.13095,1.13125,2.70,1.00
2008.09.08 20:52:40.521,1.13095,1.13125,5.50,1.00
2008.09.08 20:52:50.180,1.13095,1.13125,2.70,1.00
2008.09.08 20:52:50.356,1.13095,1.1312,2.70,3.20
2008.09.08 20:52:50.508,1.13095,1.1312,5.50,3.50
2008.09.08 20:52:50.661,1.13095,1.1312,2.70,3.20
2008.09.08 20:52:52.317,1.131,1.1312,2.70,3.20
2008.09.08 20:52:52.552,1.131,1.1312,8.30,3.20
2008.09.08 20:52:54.541,1.131,1.13125,8.30,1.00
2008.09.08 20:52:54.821,1.13105,1.13125,2.70,1.00
2008.09.08 20:52:55.101,1.13105,1.1313,2.70,3.20
2008.09.08 20:52:58.217,1.13105,1.13135,2.70,1.00
2008.09.08 20:52:58.400,1.13105,1.13135,5.50,1.00
2008.09.08 20:53:00.220,1.13105,1.13135,5.50,5.10
2008.09.08 20:53:00.381,1.13105,1.1313,2.80,1.20
2008.09.08 20:53:01.959,1.13105,1.13125,2.80,1.20
2008.09.08 20:53:02.144,1.131,1.13125,14.00,1.20
2008.09.08 20:53:03.056,1.131,1.13125,19.40,1.20
2008.09.08 20:53:03.396,1.131,1.1313,22.10,1.20
2008.09.08 20:53:04.836,1.131,1.13135,22.10,1.40
2008.09.08 20:53:10.696,1.131,1.13135,27.50,1.40
2008.09.08 20:53:11.556,1.1311,1.13135,1.00,1.40
2008.09.08 20:53:17.159,1.1311,1.1313,1.00,3.20
2008.09.08 20:53:17.300,1.1311,1.13135,1.00,1.40
2008.09.08 20:53:17.440,1.1311,1.13125,1.00,3.20
2008.09.08 20:53:35.700,1.1311,1.13115,1.00,1.00
2008.09.08 20:53:36.036,1.1309,1.13105,9.00,1.00
2008.09.08 20:53:38.984,1.1311,1.1312,1.00,1.50
2008.09.08 20:53:39.236,1.1311,1.13115,1.00,1.00
2008.09.08 20:53:47.217,1.1311,1.1312,1.00,1.20
2008.09.08 20:53:47.546,1.1311,1.13115,1.00,1.00
2008.09.08 20:53:53.279,1.1311,1.1312,1.00,1.40
2008.09.08 20:54:06.796,1.1311,1.1312,1.00,1.20
2008.09.08 20:54:06.978,1.1311,1.1312,1.00,1.40
2008.09.08 20:54:11.099,1.13085,1.1312,10.90,1.40
2008.09.08 20:54:15.954,1.13095,1.13125,2.80,6.00
2008.09.08 20:54:16.097,1.1311,1.13125,2.80,1.20
2008.09.08 20:54:16.242,1.13095,1.13125,2.80,1.20
2008.09.08 20:54:30.912,1.1309,1.13125,10.90,1.40
2008.09.08 20:54:38.534,1.1311,1.13125,1.00,1.40
2008.09.08 20:54:39.487,1.1311,1.13125,1.00,1.20
2008.09.08 20:54:51.509,1.1312,1.13125,3.10,1.20
2008.09.08 20:54:51.612,1.1312,1.13125,1.00,1.20
2008.09.08 20:55:04.840,1.1313,1.13135,1.00,4.80
2008.09.08 20:55:08.075,1.1313,1.13135,1.00,4.80
2008.09.08 20:55:26.335,1.13115,1.1313,2.20,1.20
2008.09.08 20:55:30.835,1.1313,1.13135,1.00,1.20
2008.09.08 20:55:31.571,1.1313,1.1314,1.00,6.60
2008.09.08 20:55:35.691,1.1312,1.1314,2.80,6.60
2008.09.08 20:55:35.935,1.1313,1.1314,2.80,6.60
2008.09.08 20:55:38.531,1.1314,1.13145,2.80,10.20
2008.09.08 20:55:38.860,1.1311,1.1314,8.80,5.40
2008.09.08 20:55:42.027,1.13145,1.13155,2.80,6.30
2008.09.08 20:55:42.839,1.13145,1.1316,2.80,1.20
2008.09.08 20:56:03.211,1.13145,1.1316,2.80,10.80
2008.09.08 20:56:04.254,1.1315,1.1316,2.80,10.80
2008.09.08 20:56:04.718,1.13145,1.1316,2.80,10.80
2008.09.08 20:56:04.874,1.1315,1.1316,2.80,10.80
2008.09.08 20:56:11.823,1.1315,1.1316,2.80,12.00
2008.09.08 20:56:12.451,1.13145,1.1316,2.80,12.00
2008.09.08 20:56:21.444,1.1314,1.1315,1.00,1.00
2008.09.08 20:56:38.019,1.1312,1.1314,2.70,5.40
2008.09.08 20:57:03.270,1.13125,1.1314,5.50,5.40
2008.09.08 20:57:11.386,1.13125,1.1314,2.70,5.40
2008.09.08 20:57:11.553,1.1315,1.13155,2.80,6.30
2008.09.08 20:57:15.041,1.13125,1.1314,2.80,5.40
2008.09.08 20:57:15.284,1.1314,1.13165,2.80,6.30
2008.09.08 20:57:17.514,1.1314,1.13165,2.80,6.30
2008.09.08 20:57:18.682,1.13135,1.1314,2.80,5.40
2008.09.08 20:57:27.855,1.1314,1.13165,2.80,6.30
2008.09.08 20:57:44.054,1.1314,1.13165,3.90,6.30
2008.09.08 20:57:44.211,1.1314,1.13165,1.00,10.10
2008.09.08 20:57:48.317,1.1314,1.1315,6.60,6.00
2008.09.08 20:57:48.367,1.1314,1.1316,13.00,6.20
2008.09.08 20:57:48.435,1.13145,1.1316,2.80,6.20
2008.09.08 20:57:48.682,1.13145,1.1318,2.80,6.30
2008.09.08 20:57:48.730,1.13145,1.1318,5.50,6.30
2008.09.08 20:57:48.979,1.1315,1.1318,2.80,6.30
2008.09.08 20:57:59.958,1.1316,1.1318,2.80,7.10
2008.09.08 20:58:00.310,1.1316,1.1318,2.80,1.20
2008.09.08 20:58:34.098,1.1315,1.1318,17.00,1.20
2008.09.08 20:58:34.735,1.1315,1.13185,25.10,1.40
2008.09.08 20:58:45.070,1.1315,1.13185,8.90,1.40
2008.09.08 20:59:00.698,1.1315,1.13185,14.30,1.40
2008.09.08 20:59:00.823,1.13155,1.13185,2.70,1.40
2008.09.08 20:59:01.126,1.13155,1.13185,2.70,1.00
2008.09.08 20:59:52.082,1.13155,1.1319,2.70,1.20
2008.09.08 20:59:56.561,1.13155,1.13185,2.70,1.20
2008.09.08 20:59:56.889,1.1315,1.13175,23.80,1.20
