2009.03.09 20:00:01.262,1.1587,1.1589,8.00,1.00
2009.03.09 20:00:02.012,1.1587,1.15905,8.00,6.80
2009.03.09 20:00:02.191,1.1587,1.1589,8.00,1.00
2009.03.09 20:00:02.612,1.1587,1.15905,8.00,6.80
2009.03.09 20:00:03.241,1.1587,1.15905,8.00,6.60
2009.03.09 20:00:09.250,1.1586,1.159,22.40,6.60
2009.03.09 20:00:10.150,1.1587,1.159,8.00,6.60
2009.03.09 20:00:10.269,1.1586,1.159,22.40,6.60
2009.03.09 20:00:11.589,1.15865,1.159,16.00,6.60
2009.03.09 20:00:11.711,1.15865,1.159,22.40,6.60
2009.03.09 20:00:11.829,1.1587,1.159,8.00,6.60
2009.03.09 20:00:31.155,1.1586,1.159,22.40,6.60
2009.03.09 20:00:31.605,1.1587,1.159,8.00,6.60
2009.03.09 20:00:52.580,1.15875,1.159,4.80,6.60
2009.03.09 20:00:52.869,1.15875,1.15905,4.80,8.40
2009.03.09 20:00:59.538,1.15875,1.159,4.80,1.00
2009.03.09 20:01:00.687,1.15875,1.159,12.80,1.00
2009.03.09 20:01:00.927,1.15875,1.159,20.80,1.00
2009.03.09 20:01:03.107,1.15875,1.159,27.20,1.00
2009.03.09 20:01:05.856,1.1588,1.159,3.00,1.00
2009.03.09 20:01:05.966,1.15885,1.159,4.80,1.00
2009.03.09 20:01:06.206,1.15885,1.15905,4.80,4.20
2009.03.09 20:01:06.886,1.15885,1.159,4.80,1.00
2009.03.09 20:01:07.046,1.15885,1.159,3.60,1.00
2009.03.09 20:01:07.206,1.1587,1.159,35.60,1.00
2009.03.09 20:01:07.256,1.15875,1.159,14.60,1.00
2009.03.09 20:01:08.576,1.15875,1.159,4.80,1.00
2009.03.09 20:01:09.715,1.15875,1.159,4.80,6.80
2009.03.09 20:01:11.205,1.15875,1.159,4.80,6.60
2009.03.09 20:01:11.315,1.15875,1.159,4.80,6.80
2009.03.09 20:01:11.425,1.15875,1.159,4.80,1.00
2009.03.09 20:01:11.535,1.15875,1.15905,4.80,8.40
2009.03.09 20:01:11.655,1.15875,1.159,4.80,1.00
2009.03.09 20:01:12.165,1.15875,1.159,4.80,6.80
2009.03.09 20:01:18.553,1.15875,1.15895,4.80,6.60
2009.03.09 20:01:18.954,1.15875,1.159,4.80,6.80
2009.03.09 20:01:20.613,1.15875,1.159,4.80,6.60
2009.03.09 20:01:23.532,1.15875,1.15905,4.80,8.40
2009.03.09 20:01:37.938,1.15875,1.159,4.80,6.80
2009.03.09 20:01:38.628,1.1589,1.159,1.60,6.80
2009.03.09 20:01:41.707,1.159,1.15905,1.60,7.00
2009.03.09 20:01:42.287,1.1588,1.159,4.90,6.80
2009.03.09 20:01:45.027,1.159,1.15905,1.60,7.00
2009.03.09 20:01:46.007,1.1588,1.159,4.90,6.80
2009.03.09 20:01:46.706,1.15875,1.159,7.80,6.60
2009.03.09 20:01:46.926,1.15875,1.15905,3.00,7.80
2009.03.09 20:01:47.197,1.15865,1.159,36.20,6.60
2009.03.09 20:01:47.306,1.1587,1.159,4.80,6.60
2009.03.09 20:02:09.181,1.15875,1.159,4.80,1.00
2009.03.09 20:02:09.761,1.15875,1.159,4.80,6.80
2009.03.09 20:02:17.889,1.15875,1.159,4.80,6.60
2009.03.09 20:02:19.958,1.15875,1.15905,4.80,7.80
2009.03.09 20:02:20.238,1.15875,1.159,4.80,6.60
2009.03.09 20:02:20.768,1.15875,1.15905,4.80,7.80
2009.03.09 20:02:22.218,1.15875,1.159,4.80,6.60
2009.03.09 20:02:33.215,1.15875,1.15905,4.80,7.80
2009.03.09 20:02:35.035,1.15875,1.15905,19.20,7.80
2009.03.09 20:02:35.095,1.15875,1.15905,19.20,6.80
2009.03.09 20:02:35.205,1.15875,1.15905,19.20,6.80
2009.03.09 20:02:35.495,1.1588,1.15905,8.00,1.00
2009.03.09 20:02:40.533,1.1589,1.1591,3.00,1.00
2009.03.09 20:02:40.653,1.1588,1.1591,27.20,1.00
2009.03.09 20:02:40.933,1.15895,1.1591,4.80,1.00
2009.03.09 20:02:41.053,1.15895,1.1591,4.80,1.00
2009.03.09 20:02:48.032,1.15895,1.15915,4.80,7.40
2009.03.09 20:02:50.921,1.15895,1.1591,4.80,1.00
2009.03.09 20:02:51.101,1.15895,1.15915,4.80,7.40
2009.03.09 20:02:51.911,1.15895,1.1591,4.80,1.00
2009.03.09 20:02:53.700,1.15895,1.15915,4.80,7.40
2009.03.09 20:02:54.160,1.15895,1.15915,4.80,4.20
2009.03.09 20:02:54.790,1.15895,1.15915,4.80,7.40
2009.03.09 20:02:56.189,1.15895,1.15915,4.80,6.60
2009.03.09 20:02:56.460,1.15905,1.15915,8.00,6.60
2009.03.09 20:02:56.751,1.15905,1.1592,12.80,6.60
2009.03.09 20:02:56.989,1.15915,1.15955,14.40,6.60
2009.03.09 20:02:57.219,1.15925,1.15955,14.40,6.60
2009.03.09 20:02:57.619,1.1593,1.15965,20.80,6.60
2009.03.09 20:02:57.729,1.1594,1.15965,4.80,6.60
2009.03.09 20:02:58.019,1.1595,1.1598,14.40,6.60
2009.03.09 20:02:58.299,1.15965,1.1598,1.00,6.60
2009.03.09 20:02:58.579,1.15955,1.16,30.40,6.60
2009.03.09 20:02:58.859,1.1599,1.16005,1.00,11.40
2009.03.09 20:02:59.019,1.16,1.16005,1.60,6.60
2009.03.09 20:02:59.249,1.16,1.16015,1.60,8.00
2009.03.09 20:02:59.409,1.1598,1.1602,4.80,6.60
2009.03.09 20:02:59.749,1.15985,1.1602,4.80,6.60
2009.03.09 20:03:00.019,1.15985,1.1601,9.80,1.00
2009.03.09 20:03:00.249,1.15985,1.1601,14.60,1.00
2009.03.09 20:03:00.478,1.1597,1.1601,19.00,7.20
2009.03.09 20:03:00.768,1.15975,1.1601,8.00,7.20
2009.03.09 20:03:01.069,1.15965,1.16005,22.40,6.60
2009.03.09 20:03:01.348,1.1597,1.15995,8.00,1.20
2009.03.09 20:03:01.628,1.1597,1.1599,8.00,1.00
2009.03.09 20:03:01.908,1.15975,1.15985,8.00,1.00
2009.03.09 20:03:02.198,1.1596,1.15985,5.60,1.00
2009.03.09 20:03:02.308,1.15965,1.15985,4.80,1.00
2009.03.09 20:03:02.428,1.15965,1.1597,4.80,1.00
2009.03.09 20:03:02.538,1.1594,1.1597,8.00,1.00
2009.03.09 20:03:03.058,1.15945,1.15965,8.00,1.00
2009.03.09 20:03:04.677,1.1595,1.15965,18.20,1.00
2009.03.09 20:03:04.978,1.1595,1.1599,22.20,7.20
2009.03.09 20:03:05.647,1.1595,1.15985,22.20,1.20
2009.03.09 20:03:05.817,1.1595,1.15985,22.20,1.80
2009.03.09 20:03:06.159,1.1595,1.1598,22.20,7.80
2009.03.09 20:03:10.946,1.1595,1.15975,22.20,1.00
2009.03.09 20:03:11.116,1.1595,1.15975,14.20,7.20
2009.03.09 20:03:14.705,1.1595,1.15975,17.20,7.20
2009.03.09 20:03:21.633,1.1595,1.15975,12.40,7.20
2009.03.09 20:03:21.743,1.1596,1.15975,3.80,7.40
2009.03.09 20:03:21.863,1.1596,1.1597,3.80,1.00
2009.03.09 20:03:21.913,1.1596,1.1597,1.00,1.00
2009.03.09 20:03:22.093,1.15935,1.1597,15.20,1.00
2009.03.09 20:03:22.153,1.15935,1.1597,7.20,7.20
2009.03.09 20:03:22.273,1.15925,1.15965,19.00,1.00
2009.03.09 20:03:22.333,1.1593,1.15965,8.60,1.00
2009.03.09 20:03:22.553,1.1593,1.1596,8.60,1.00
2009.03.09 20:03:22.663,1.15935,1.1596,1.00,6.80
2009.03.09 20:03:22.893,1.15915,1.1596,10.80,7.20
2009.03.09 20:03:23.123,1.1592,1.15955,8.00,1.00
2009.03.09 20:03:26.032,1.15925,1.1595,8.00,2.00
2009.03.09 20:03:26.322,1.15915,1.1595,8.80,8.00
2009.03.09 20:03:27.692,1.15915,1.1595,8.60,8.00
2009.03.09 20:03:28.212,1.15915,1.1595,8.00,8.00
2009.03.09 20:03:29.382,1.1592,1.1595,8.00,7.40
2009.03.09 20:03:40.369,1.1592,1.15945,8.00,1.00
2009.03.09 20:03:40.649,1.15905,1.15945,35.60,6.80
2009.03.09 20:03:40.809,1.1591,1.1594,20.80,6.60
2009.03.09 20:03:43.178,1.1591,1.1594,12.80,6.60
2009.03.09 20:03:43.928,1.1591,1.1594,12.80,7.20
2009.03.09 20:03:44.038,1.1591,1.1594,12.80,7.40
2009.03.09 20:03:48.827,1.1591,1.1594,15.80,7.20
2009.03.09 20:03:50.187,1.1591,1.1594,12.80,7.20
2009.03.09 20:03:50.306,1.1591,1.1594,12.80,7.40
2009.03.09 20:03:50.866,1.1591,1.15935,4.80,6.60
2009.03.09 20:03:56.095,1.159,1.1593,12.80,7.40
2009.03.09 20:03:56.775,1.159,1.1593,4.80,7.40
2009.03.09 20:04:15.191,1.159,1.1593,7.80,7.20
2009.03.09 20:04:33.436,1.159,1.1593,4.80,7.20
2009.03.09 20:04:33.496,1.159,1.1593,7.80,7.20
2009.03.09 20:05:05.698,1.159,1.1593,4.80,7.40
2009.03.09 20:05:11.037,1.159,1.1593,12.80,1.20
2009.03.09 20:05:11.387,1.159,1.1593,12.80,7.40
2009.03.09 20:05:11.607,1.159,1.1593,12.80,7.20
2009.03.09 20:05:11.777,1.159,1.1593,12.80,7.40
2009.03.09 20:05:12.407,1.159,1.1593,27.20,7.40
2009.03.09 20:05:12.587,1.159,1.1593,27.20,1.20
2009.03.09 20:05:12.977,1.15905,1.1593,8.00,1.20
2009.03.09 20:05:16.156,1.15905,1.1593,8.00,1.00
2009.03.09 20:05:16.566,1.15895,1.1593,36.00,1.00
2009.03.09 20:05:17.545,1.15905,1.1593,8.00,1.00
2009.03.09 20:05:18.705,1.15905,1.1593,9.80,1.00
2009.03.09 20:05:19.065,1.15905,1.1593,9.80,1.20
2009.03.09 20:05:19.295,1.1591,1.1593,1.80,1.20
2009.03.09 20:05:24.344,1.1591,1.1593,1.80,1.00
2009.03.09 20:05:24.524,1.15895,1.1593,40.00,1.20
2009.03.09 20:05:24.644,1.159,1.1593,20.80,1.20
2009.03.09 20:05:26.813,1.159,1.1593,23.80,1.00
2009.03.09 20:05:36.201,1.159,1.15935,29.00,1.00
2009.03.09 20:05:37.541,1.1591,1.15935,8.00,1.00
2009.03.09 20:05:40.190,1.15915,1.15935,8.00,1.00
2009.03.09 20:05:53.706,1.15915,1.1593,8.00,1.00
2009.03.09 20:05:53.757,1.15915,1.15935,8.00,7.00
2009.03.09 20:05:53.876,1.15915,1.15935,1.80,7.40
2009.03.09 20:05:53.987,1.159,1.15935,32.00,7.40
2009.03.09 20:05:54.276,1.15905,1.15935,12.80,14.00
2009.03.09 20:05:54.547,1.15905,1.15935,4.80,14.00
2009.03.09 20:05:54.936,1.15905,1.15935,4.80,14.20
2009.03.09 20:05:55.106,1.15905,1.1593,4.80,6.60
2009.03.09 20:05:55.666,1.15905,1.15935,4.80,14.20
2009.03.09 20:06:06.903,1.15905,1.1593,4.80,6.80
2009.03.09 20:06:24.159,1.15905,1.15935,4.80,14.20
2009.03.09 20:06:33.037,1.15905,1.15935,4.80,14.00
2009.03.09 20:06:33.147,1.15905,1.1593,12.80,6.80
2009.03.09 20:06:33.617,1.15905,1.1593,4.80,6.80
2009.03.09 20:06:34.007,1.15905,1.1593,12.80,6.80
2009.03.09 20:06:34.907,1.15905,1.1593,12.80,6.40
2009.03.09 20:06:34.967,1.15905,1.1593,27.20,6.40
2009.03.09 20:06:35.027,1.15905,1.1593,27.20,3.20
2009.03.09 20:06:35.087,1.15905,1.15935,27.20,6.80
2009.03.09 20:06:35.326,1.15905,1.15935,32.20,6.80
2009.03.09 20:06:35.487,1.1591,1.15935,8.00,1.00
2009.03.09 20:06:42.975,1.1591,1.15935,16.00,1.00
2009.03.09 20:06:43.315,1.15915,1.15935,8.00,1.00
2009.03.09 20:06:50.233,1.15905,1.15935,29.00,1.00
2009.03.09 20:06:50.463,1.1591,1.15935,8.00,1.00
2009.03.09 20:06:54.842,1.1591,1.15935,16.00,1.00
2009.03.09 20:06:54.962,1.15915,1.1594,11.00,1.00
2009.03.09 20:06:55.132,1.15925,1.1594,4.80,1.00
2009.03.09 20:06:55.462,1.15925,1.1594,4.80,1.00
2009.03.09 20:06:55.883,1.1591,1.1594,30.60,1.00
2009.03.09 20:06:55.992,1.15915,1.1594,9.80,1.00
2009.03.09 20:06:56.371,1.15915,1.15935,9.80,1.00
2009.03.09 20:07:07.899,1.15915,1.15935,17.80,1.00
2009.03.09 20:07:08.019,1.15915,1.15935,22.60,1.00
2009.03.09 20:07:08.079,1.15915,1.1594,22.60,1.00
2009.03.09 20:07:29.454,1.15915,1.1594,29.00,1.00
2009.03.09 20:07:29.684,1.15925,1.1594,4.80,1.00
2009.03.09 20:07:29.803,1.15925,1.1594,4.80,1.00
2009.03.09 20:07:32.513,1.1591,1.1594,36.80,1.00
2009.03.09 20:07:32.673,1.15915,1.1594,22.60,1.00
2009.03.09 20:07:50.129,1.1592,1.1594,8.00,1.00
2009.03.09 20:07:50.248,1.1592,1.15945,9.80,3.20
2009.03.09 20:07:50.358,1.1592,1.15945,9.80,1.00
2009.03.09 20:07:50.478,1.1592,1.15945,17.80,1.00
2009.03.09 20:08:00.026,1.15925,1.1595,12.80,1.00
2009.03.09 20:08:06.455,1.15915,1.1595,31.00,1.20
2009.03.09 20:08:06.695,1.15915,1.1595,23.80,7.40
2009.03.09 20:08:07.724,1.1592,1.1595,23.80,1.20
2009.03.09 20:08:12.023,1.1592,1.1595,26.20,1.20
2009.03.09 20:08:12.203,1.1593,1.1595,3.00,1.20
2009.03.09 20:08:12.473,1.1593,1.1595,7.80,1.20
2009.03.09 20:08:15.392,1.1592,1.1595,36.80,1.20
2009.03.09 20:08:15.752,1.1593,1.1595,1.80,1.20
2009.03.09 20:08:44.585,1.1593,1.1595,7.80,1.20
2009.03.09 20:08:51.643,1.1593,1.1595,3.00,1.20
2009.03.09 20:08:51.753,1.1592,1.1595,36.80,1.20
2009.03.09 20:08:52.792,1.1593,1.1595,1.80,1.20
2009.03.09 20:08:54.502,1.15915,1.1595,38.80,1.20
2009.03.09 20:08:56.262,1.1592,1.1595,30.20,1.20
2009.03.09 20:09:20.006,1.1593,1.1595,1.80,1.20
2009.03.09 20:09:26.035,1.1593,1.1595,1.80,1.00
2009.03.09 20:09:26.595,1.15915,1.1595,36.00,1.00
2009.03.09 20:09:26.955,1.1592,1.1595,32.00,1.20
2009.03.09 20:09:34.312,1.15925,1.1595,8.00,1.20
2009.03.09 20:09:34.773,1.15925,1.1595,14.40,1.20
2009.03.09 20:09:34.883,1.15925,1.1595,24.20,1.20
2009.03.09 20:09:34.942,1.1593,1.1595,7.80,1.20
2009.03.09 20:09:55.577,1.15945,1.1595,4.80,1.00
2009.03.09 20:09:55.787,1.15945,1.1595,4.80,1.00
2009.03.09 20:09:55.839,1.15945,1.1596,4.80,6.60
2009.03.09 20:09:55.897,1.15945,1.15965,4.80,1.00
2009.03.09 20:09:56.067,1.15945,1.15965,12.80,1.00
2009.03.09 20:09:56.357,1.15945,1.15985,12.80,7.40
2009.03.09 20:09:56.477,1.15945,1.15985,20.80,7.40
2009.03.09 20:09:59.517,1.1595,1.1596,20.80,3.20
2009.03.09 20:10:17.372,1.1595,1.15975,20.80,8.00
2009.03.09 20:11:08.800,1.1595,1.15975,20.80,8.40
2009.03.09 20:11:17.447,1.1595,1.15975,22.60,8.40
2009.03.09 20:11:18.347,1.1595,1.15975,25.60,8.40
2009.03.09 20:11:18.637,1.1595,1.15975,12.80,8.40
2009.03.09 20:11:18.937,1.1595,1.15975,12.80,8.00
2009.03.09 20:11:19.047,1.1595,1.1598,20.80,7.40
2009.03.09 20:11:25.166,1.1595,1.15975,20.80,1.00
2009.03.09 20:11:35.283,1.1595,1.1598,20.80,7.40
2009.03.09 20:11:58.518,1.1595,1.1598,20.80,1.20
2009.03.09 20:11:59.107,1.1595,1.15975,20.80,1.00
2009.03.09 20:12:00.147,1.1595,1.15975,20.80,8.40
2009.03.09 20:12:08.875,1.1595,1.15975,20.80,8.00
2009.03.09 20:12:24.181,1.1595,1.15975,20.80,8.00
2009.03.09 20:12:24.921,1.15965,1.1598,1.20,1.20
2009.03.09 20:12:28.790,1.1594,1.1598,32.00,1.20
2009.03.09 20:12:35.339,1.1595,1.15975,20.80,8.40
2009.03.09 20:12:45.426,1.1595,1.15975,20.80,8.00
2009.03.09 20:12:54.644,1.1595,1.15975,20.80,8.40
2009.03.09 20:13:02.043,1.1595,1.15975,20.80,1.00
2009.03.09 20:13:04.671,1.1595,1.1598,20.80,7.40
2009.03.09 20:13:24.627,1.1595,1.1598,20.80,7.40
2009.03.09 20:13:35.264,1.1595,1.15975,20.80,8.00
2009.03.09 20:13:36.944,1.1595,1.15975,23.80,8.00
2009.03.09 20:13:37.174,1.1595,1.15975,20.80,8.40
2009.03.09 20:13:46.991,1.1595,1.15975,20.80,8.00
2009.03.09 20:13:56.439,1.1595,1.15975,20.80,8.40
2009.03.09 20:14:02.738,1.1595,1.15975,12.80,8.40
2009.03.09 20:14:06.606,1.1595,1.15975,12.80,8.00
2009.03.09 20:14:12.205,1.1595,1.15975,12.80,8.40
2009.03.09 20:14:17.564,1.1594,1.15975,25.60,8.40
2009.03.09 20:14:17.744,1.15945,1.15975,16.20,1.00
2009.03.09 20:14:17.924,1.15935,1.15975,20.00,1.00
2009.03.09 20:14:18.144,1.1594,1.15975,14.40,1.00
2009.03.09 20:14:18.484,1.1594,1.15975,6.40,1.00
2009.03.09 20:14:18.594,1.1593,1.15975,22.80,1.00
2009.03.09 20:14:21.133,1.15935,1.15975,15.20,1.00
2009.03.09 20:14:22.093,1.15935,1.15965,8.80,3.20
2009.03.09 20:14:22.203,1.15935,1.15955,8.80,1.00
2009.03.09 20:14:22.383,1.1594,1.15955,4.80,1.20
2009.03.09 20:14:22.503,1.15925,1.15955,18.40,1.20
2009.03.09 20:14:30.641,1.15925,1.15935,12.00,1.00
2009.03.09 20:14:31.041,1.15925,1.15935,8.00,1.00
2009.03.09 20:14:31.101,1.15925,1.15935,1.80,1.00
2009.03.09 20:14:31.501,1.1591,1.15935,41.60,1.00
2009.03.09 20:14:31.610,1.1592,1.15935,6.40,1.00
2009.03.09 20:14:31.671,1.1592,1.1593,11.20,1.00
2009.03.09 20:14:31.731,1.1592,1.1594,14.20,9.80
2009.03.09 20:14:31.901,1.1592,1.15945,24.00,8.20
2009.03.09 20:14:32.341,1.1592,1.1595,32.00,1.20
2009.03.09 20:14:32.690,1.15925,1.1595,8.00,1.20
2009.03.09 20:14:40.140,1.1593,1.1595,4.80,1.20
2009.03.09 20:14:40.249,1.1593,1.1595,7.80,1.20
2009.03.09 20:14:40.359,1.1593,1.1595,9.60,1.20
2009.03.09 20:14:40.538,1.1593,1.1595,4.80,1.20
2009.03.09 20:14:41.118,1.1594,1.1595,3.00,1.00
2009.03.09 20:14:41.688,1.1593,1.1595,2.80,1.00
2009.03.09 20:14:41.868,1.15935,1.1595,1.80,1.20
2009.03.09 20:14:44.578,1.1594,1.1595,1.80,1.20
2009.03.09 20:14:50.016,1.1593,1.1595,2.80,1.20
2009.03.09 20:14:50.366,1.1592,1.1595,32.80,1.20
2009.03.09 20:14:54.575,1.15925,1.1595,9.80,1.20
2009.03.09 20:14:55.105,1.15925,1.1595,8.00,1.20
2009.03.09 20:14:55.275,1.15915,1.1595,25.00,1.20
2009.03.09 20:14:57.544,1.1592,1.1595,9.80,1.20
2009.03.09 20:14:58.764,1.1592,1.15935,8.00,1.00
2009.03.09 20:14:59.004,1.1592,1.15935,1.80,1.00
2009.03.09 20:14:59.244,1.1592,1.15935,8.00,1.00
2009.03.09 20:14:59.414,1.1592,1.15935,1.80,1.00
2009.03.09 20:15:00.913,1.1592,1.1593,1.80,1.20
2009.03.09 20:15:09.002,1.1592,1.1593,1.80,1.00
2009.03.09 20:15:19.619,1.1592,1.1593,3.00,1.20
2009.03.09 20:15:19.969,1.1591,1.1593,5.80,1.20
2009.03.09 20:15:20.319,1.1592,1.1593,1.80,1.20
2009.03.09 20:15:24.678,1.15895,1.15925,8.00,1.00
2009.03.09 20:15:24.898,1.15885,1.1593,23.20,7.20
2009.03.09 20:15:25.228,1.15895,1.1593,8.00,7.20
2009.03.09 20:15:31.766,1.159,1.1593,8.00,7.40
2009.03.09 20:15:39.954,1.159,1.1592,8.00,4.00
2009.03.09 20:15:40.064,1.159,1.15905,8.00,1.20
2009.03.09 20:15:40.454,1.159,1.1591,1.00,10.80
2009.03.09 20:15:42.013,1.159,1.15905,1.00,10.80
2009.03.09 20:15:45.383,1.1589,1.159,1.00,1.00
2009.03.09 20:15:46.363,1.1589,1.15905,1.00,10.60
2009.03.09 20:15:46.472,1.15885,1.1591,5.60,10.60
2009.03.09 20:15:46.583,1.1589,1.1591,3.00,10.60
2009.03.09 20:15:47.162,1.1589,1.1591,3.00,14.00
2009.03.09 20:15:50.791,1.159,1.15905,1.00,3.80
2009.03.09 20:15:57.860,1.159,1.15905,1.00,1.00
2009.03.09 20:16:00.479,1.15895,1.15905,1.00,1.00
2009.03.09 20:16:00.649,1.1589,1.1591,3.00,14.20
2009.03.09 20:16:00.949,1.15885,1.15905,8.60,1.00
2009.03.09 20:16:07.697,1.15895,1.159,1.00,1.00
2009.03.09 20:16:07.867,1.159,1.15905,1.00,1.00
2009.03.09 20:16:11.236,1.159,1.1591,1.00,11.20
2009.03.09 20:16:11.476,1.159,1.1591,1.00,14.00
2009.03.09 20:16:12.176,1.15895,1.159,1.00,1.00
2009.03.09 20:16:14.316,1.159,1.1591,1.00,6.80
2009.03.09 20:16:17.835,1.15895,1.159,1.00,1.20
2009.03.09 20:16:17.945,1.1589,1.15905,1.00,10.80
2009.03.09 20:16:23.064,1.15895,1.159,1.00,1.20
2009.03.09 20:16:23.184,1.159,1.15905,1.00,10.80
2009.03.09 20:16:33.081,1.1589,1.159,1.00,1.20
2009.03.09 20:16:41.599,1.159,1.15905,1.00,6.00
2009.03.09 20:16:44.508,1.159,1.15905,1.00,5.90
2009.03.09 20:16:46.058,1.15895,1.159,1.00,1.20
2009.03.09 20:16:51.777,1.1589,1.159,1.00,1.20
2009.03.09 20:16:55.346,1.1587,1.15905,20.80,10.80
2009.03.09 20:16:55.506,1.1587,1.15905,8.00,10.80
2009.03.09 20:16:55.726,1.15865,1.15905,27.20,10.80
2009.03.09 20:16:56.066,1.15865,1.159,27.20,7.40
2009.03.09 20:17:02.714,1.1587,1.159,8.00,7.20
2009.03.09 20:17:02.884,1.1587,1.15905,16.00,8.00
2009.03.09 20:17:03.054,1.1587,1.15905,27.20,7.80
2009.03.09 20:17:25.868,1.15875,1.159,4.80,6.80
2009.03.09 20:17:26.328,1.15875,1.15905,4.80,7.80
2009.03.09 20:17:26.448,1.15875,1.15905,4.80,9.40
2009.03.09 20:17:26.738,1.1587,1.15895,22.20,1.00
2009.03.09 20:17:27.078,1.15875,1.15895,4.80,14.00
2009.03.09 20:17:32.807,1.15875,1.15885,6.00,3.20
2009.03.09 20:17:33.337,1.15875,1.1589,12.80,3.00
2009.03.09 20:17:33.567,1.1589,1.1591,1.60,4.40
2009.03.09 20:17:37.238,1.159,1.15905,1.60,4.20
2009.03.09 20:17:41.065,1.15865,1.1589,12.80,1.00
2009.03.09 20:17:41.365,1.15865,1.15895,4.80,1.20
2009.03.09 20:17:47.353,1.15875,1.15895,4.80,7.40
2009.03.09 20:17:47.473,1.15875,1.15895,4.80,11.00
2009.03.09 20:17:51.732,1.15875,1.15895,4.80,7.40
2009.03.09 20:17:53.372,1.15875,1.1589,4.80,1.00
2009.03.09 20:17:56.231,1.15875,1.159,4.80,12.60
2009.03.09 20:17:56.451,1.15875,1.15895,4.80,11.00
2009.03.09 20:17:56.511,1.15875,1.159,4.80,12.60
2009.03.09 20:18:04.519,1.15875,1.1589,4.80,2.20
2009.03.09 20:18:04.689,1.15875,1.1589,4.80,9.40
2009.03.09 20:18:04.919,1.15875,1.1589,4.80,14.00
2009.03.09 20:18:14.647,1.1587,1.15885,7.80,3.20
2009.03.09 20:18:14.807,1.1587,1.1589,4.80,14.00
2009.03.09 20:18:15.267,1.1587,1.1589,4.80,11.00
2009.03.09 20:18:17.076,1.15875,1.1589,4.80,10.60
2009.03.09 20:18:17.306,1.15875,1.1589,4.80,7.40
2009.03.09 20:18:29.373,1.1587,1.15885,9.40,3.60
2009.03.09 20:18:29.433,1.15875,1.1589,4.80,14.00
2009.03.09 20:18:29.553,1.15875,1.1589,4.80,14.00
2009.03.09 20:18:33.412,1.1587,1.15885,4.80,3.20
2009.03.09 20:18:33.522,1.1587,1.15885,4.80,3.60
2009.03.09 20:18:33.572,1.1587,1.15885,4.80,6.80
2009.03.09 20:18:40.840,1.1587,1.15885,4.80,6.60
2009.03.09 20:18:40.900,1.1587,1.15885,6.40,6.60
2009.03.09 20:18:41.190,1.1588,1.15885,4.80,6.60
2009.03.09 20:18:41.470,1.1588,1.15895,4.80,6.80
2009.03.09 20:18:41.700,1.1588,1.159,4.80,15.60
2009.03.09 20:18:42.420,1.1588,1.159,9.40,15.60
2009.03.09 20:18:42.640,1.1588,1.159,6.40,14.00
2009.03.09 20:18:42.990,1.15885,1.159,4.80,11.00
2009.03.09 20:18:43.400,1.15885,1.159,4.80,7.40
2009.03.09 20:18:45.129,1.15885,1.15905,4.80,12.40
2009.03.09 20:18:45.239,1.1589,1.15905,4.80,11.80
2009.03.09 20:18:45.411,1.1589,1.159,6.40,8.20
2009.03.09 20:18:45.469,1.15895,1.15905,4.80,3.20
2009.03.09 20:18:49.388,1.1589,1.15905,3.00,3.80
2009.03.09 20:18:49.448,1.1589,1.15905,3.00,4.20
2009.03.09 20:18:49.498,1.1588,1.15905,13.60,4.20
2009.03.09 20:18:49.738,1.1586,1.15905,12.00,8.60
2009.03.09 20:18:49.790,1.15865,1.159,2.80,6.60
2009.03.09 20:18:49.908,1.1587,1.159,4.80,6.60
2009.03.09 20:18:50.209,1.1586,1.15905,12.00,11.80
2009.03.09 20:18:50.268,1.1586,1.15905,10.20,11.80
2009.03.09 20:18:50.388,1.1587,1.15905,4.80,11.00
2009.03.09 20:18:50.958,1.15875,1.159,4.80,6.60
2009.03.09 20:18:51.228,1.15865,1.15905,18.40,11.80
2009.03.09 20:18:51.578,1.15875,1.15905,4.80,11.00
2009.03.09 20:18:51.818,1.1587,1.15905,9.40,7.80
2009.03.09 20:18:51.988,1.15875,1.15905,4.80,7.80
2009.03.09 20:18:52.167,1.15865,1.15905,26.40,7.80
2009.03.09 20:18:52.338,1.1587,1.15905,8.00,7.80
2009.03.09 20:18:52.507,1.15875,1.15905,4.80,7.80
2009.03.09 20:18:52.678,1.1589,1.159,1.60,6.60
2009.03.09 20:18:52.847,1.1589,1.159,1.60,6.60
2009.03.09 20:18:55.467,1.159,1.15905,1.60,7.80
2009.03.09 20:18:55.687,1.159,1.1591,1.60,12.60
2009.03.09 20:18:58.306,1.15885,1.159,4.00,1.00
2009.03.09 20:18:59.456,1.159,1.15905,1.60,7.40
2009.03.09 20:19:01.346,1.159,1.15905,1.60,5.60
2009.03.09 20:19:10.413,1.159,1.15905,1.60,7.40
2009.03.09 20:19:11.953,1.1588,1.159,3.30,1.00
2009.03.09 20:19:12.183,1.159,1.15905,1.60,11.00
2009.03.09 20:19:12.583,1.159,1.15905,1.60,7.80
2009.03.09 20:19:12.983,1.159,1.15905,1.60,11.00
2009.03.09 20:19:17.081,1.159,1.15905,1.60,7.80
2009.03.09 20:19:17.191,1.15875,1.159,4.00,1.00
2009.03.09 20:19:33.677,1.159,1.15905,1.60,7.80
2009.03.09 20:19:34.368,1.159,1.15905,1.60,11.00
2009.03.09 20:19:36.477,1.159,1.1591,1.60,13.40
2009.03.09 20:19:36.767,1.159,1.15905,1.60,11.00
2009.03.09 20:19:38.216,1.159,1.15905,1.60,7.80
2009.03.09 20:19:49.634,1.15875,1.159,12.90,1.00
2009.03.09 20:19:50.084,1.159,1.1591,1.60,13.40
2009.03.09 20:19:57.062,1.1588,1.159,2.50,1.00
2009.03.09 20:20:08.659,1.15865,1.15905,21.00,7.80
2009.03.09 20:20:08.779,1.15875,1.15905,4.80,11.00
2009.03.09 20:20:08.949,1.15865,1.15905,25.60,11.00
2009.03.09 20:20:09.069,1.15865,1.15905,25.80,11.00
2009.03.09 20:20:09.179,1.15865,1.15905,14.60,11.00
2009.03.09 20:20:16.267,1.1588,1.15905,8.00,6.60
2009.03.09 20:20:16.427,1.15895,1.15915,1.60,6.80
2009.03.09 20:20:16.597,1.15905,1.15915,1.60,6.80
2009.03.09 20:20:16.767,1.159,1.15915,4.80,6.60
2009.03.09 20:20:17.067,1.159,1.15935,4.80,8.40
2009.03.09 20:20:18.487,1.15905,1.1593,4.80,14.20
2009.03.09 20:20:22.716,1.15905,1.1592,4.80,1.00
2009.03.09 20:20:23.406,1.15905,1.15915,4.80,1.00
2009.03.09 20:20:55.048,1.15895,1.15905,12.90,1.00
2009.03.09 20:20:55.158,1.15895,1.15905,16.20,1.00
2009.03.09 20:20:55.208,1.15895,1.15905,21.00,1.00
2009.03.09 20:20:55.428,1.15895,1.1593,6.60,6.80
2009.03.09 20:20:55.608,1.15895,1.1593,4.80,6.80
2009.03.09 20:21:09.424,1.15895,1.1592,4.80,6.80
2009.03.09 20:21:11.794,1.15895,1.15915,4.80,1.00
2009.03.09 20:21:17.812,1.15895,1.1592,4.80,6.80
2009.03.09 20:21:17.972,1.15895,1.15915,4.80,1.00
2009.03.09 20:21:29.559,1.15895,1.1592,4.80,6.60
2009.03.09 20:21:29.859,1.15895,1.1591,4.80,1.00
2009.03.09 20:21:29.910,1.15905,1.1591,1.60,1.00
2009.03.09 20:21:30.070,1.159,1.1592,4.80,6.60
2009.03.09 20:21:30.180,1.159,1.15925,4.80,6.80
2009.03.09 20:21:31.569,1.15905,1.15925,4.80,6.60
2009.03.09 20:22:57.128,1.15905,1.15925,4.80,6.80
2009.03.09 20:23:04.147,1.1592,1.15935,1.60,1.00
2009.03.09 20:23:04.447,1.15915,1.15935,4.80,1.00
2009.03.09 20:23:04.667,1.15915,1.15935,6.40,6.80
2009.03.09 20:23:04.906,1.1593,1.1594,8.00,6.60
2009.03.09 20:23:05.077,1.1593,1.1594,8.00,6.60
2009.03.09 20:23:05.186,1.15935,1.1596,4.80,6.60
2009.03.09 20:23:05.407,1.15935,1.1596,6.40,6.60
2009.03.09 20:23:05.586,1.15935,1.15965,20.80,6.60
2009.03.09 20:23:05.706,1.15935,1.1597,20.80,6.60
2009.03.09 20:23:16.104,1.15935,1.15965,20.80,6.80
2009.03.09 20:23:16.554,1.15935,1.15965,20.80,6.60
2009.03.09 20:23:27.931,1.15935,1.15965,20.80,6.80
2009.03.09 20:24:00.053,1.15935,1.15965,12.80,6.80
2009.03.09 20:24:00.103,1.15935,1.15965,12.80,6.60
2009.03.09 20:24:00.213,1.15935,1.15965,11.20,6.60
2009.03.09 20:24:00.503,1.1593,1.15965,22.40,6.60
2009.03.09 20:24:00.843,1.1593,1.15945,22.40,1.00
2009.03.09 20:24:00.963,1.1593,1.15975,22.40,6.60
2009.03.09 20:24:01.413,1.1593,1.15975,22.40,6.80
2009.03.09 20:24:15.589,1.1593,1.15965,22.40,6.80
2009.03.09 20:24:25.537,1.1593,1.15965,22.40,6.60
2009.03.09 20:24:35.864,1.1593,1.1597,14.40,3.80
2009.03.09 20:24:39.174,1.1593,1.15965,14.40,1.00
2009.03.09 20:24:39.344,1.1593,1.15965,22.40,6.80
2009.03.09 20:24:52.760,1.1593,1.15965,16.00,6.80
2009.03.09 20:24:52.820,1.1593,1.15965,8.00,7.60
2009.03.09 20:24:52.880,1.1593,1.15965,8.00,7.20
2009.03.09 20:24:53.050,1.1593,1.15965,8.00,7.60
2009.03.09 20:25:00.258,1.1593,1.15965,8.00,6.80
2009.03.09 20:25:03.248,1.1593,1.15965,8.00,6.60
2009.03.09 20:25:35.550,1.1593,1.15965,8.00,6.80
2009.03.09 20:25:36.120,1.15935,1.15965,8.00,6.80
2009.03.09 20:25:36.240,1.15935,1.15965,8.00,1.00
2009.03.09 20:25:45.478,1.15935,1.1597,8.00,7.40
2009.03.09 20:25:48.277,1.1593,1.15965,8.00,6.60
2009.03.09 20:25:53.986,1.1593,1.15965,8.00,6.80
2009.03.09 20:25:59.704,1.1593,1.15955,8.00,1.00
2009.03.09 20:26:00.034,1.1593,1.1597,8.00,6.80
2009.03.09 20:26:04.263,1.1593,1.15965,8.00,6.60
2009.03.09 20:26:42.713,1.1593,1.15965,8.00,6.80
2009.03.09 20:26:43.444,1.1593,1.1596,8.00,1.00
2009.03.09 20:26:43.503,1.1593,1.1596,8.00,6.80
2009.03.09 20:26:45.223,1.1592,1.1595,22.40,1.00
2009.03.09 20:26:45.383,1.1592,1.1595,8.00,1.00
2009.03.09 20:26:59.390,1.1592,1.1595,8.00,6.80
2009.03.09 20:27:00.170,1.15915,1.15945,20.80,1.00
2009.03.09 20:27:04.478,1.15915,1.15945,27.20,1.00
2009.03.09 20:27:09.477,1.15915,1.1595,27.20,6.80
2009.03.09 20:27:16.246,1.15915,1.15945,27.20,1.00
2009.03.09 20:27:16.426,1.15915,1.15945,20.80,1.00
2009.03.09 20:27:16.486,1.15915,1.15945,20.80,6.80
2009.03.09 20:27:16.605,1.15915,1.15945,12.80,6.80
2009.03.09 20:27:17.456,1.15915,1.15945,12.80,6.60
2009.03.09 20:27:18.015,1.15915,1.15945,27.20,6.60
2009.03.09 20:27:35.411,1.15915,1.15945,19.20,6.60
2009.03.09 20:27:35.471,1.15915,1.15945,12.80,6.80
2009.03.09 20:27:35.701,1.15915,1.15945,4.80,6.80
2009.03.09 20:27:36.291,1.15915,1.15945,4.80,6.60
2009.03.09 20:27:36.401,1.15915,1.15945,12.80,6.60
2009.03.09 20:27:38.130,1.15915,1.15945,12.80,6.80
2009.03.09 20:27:44.039,1.159,1.1592,3.00,1.00
2009.03.09 20:27:44.209,1.1589,1.15925,9.80,2.00
2009.03.09 20:27:44.499,1.1588,1.15905,8.00,1.00
2009.03.09 20:27:44.779,1.1588,1.15905,8.00,1.00
2009.03.09 20:27:49.047,1.1588,1.15905,8.00,1.00
2009.03.09 20:27:49.848,1.1588,1.15895,8.00,1.00
2009.03.09 20:27:57.646,1.1588,1.1589,8.00,1.00
2009.03.09 20:28:10.183,1.1588,1.15895,8.00,1.00
2009.03.09 20:28:10.772,1.1588,1.1591,8.00,8.00
2009.03.09 20:28:45.094,1.1587,1.15905,5.60,1.00
2009.03.09 20:28:47.114,1.1587,1.15905,5.60,1.00
2009.03.09 20:28:47.413,1.1587,1.15905,8.00,8.60
2009.03.09 20:28:47.533,1.15865,1.15905,8.00,8.40
2009.03.09 20:28:47.823,1.15865,1.159,8.00,7.80
2009.03.09 20:28:48.163,1.1587,1.159,8.00,7.80
2009.03.09 20:29:03.560,1.1587,1.15875,8.00,1.00
2009.03.09 20:29:03.620,1.1583,1.1587,6.40,10.20
2009.03.09 20:29:03.739,1.15825,1.1587,8.20,10.20
2009.03.09 20:29:04.020,1.15825,1.1587,6.60,13.40
2009.03.09 20:29:06.449,1.1584,1.1586,9.80,13.40
2009.03.09 20:29:06.619,1.1584,1.1586,16.20,13.00
2009.03.09 20:29:06.789,1.1584,1.1586,16.20,6.60
2009.03.09 20:29:07.069,1.1584,1.1586,17.00,6.60
2009.03.09 20:29:07.301,1.1585,1.159,20.80,6.60
2009.03.09 20:29:07.649,1.1585,1.159,27.20,6.60
2009.03.09 20:29:09.628,1.15855,1.15865,14.40,1.00
2009.03.09 20:29:09.868,1.1583,1.15865,6.60,3.60
2009.03.09 20:29:17.996,1.15855,1.15885,8.00,1.00
2009.03.09 20:29:20.316,1.15855,1.1589,8.00,7.20
2009.03.09 20:29:40.950,1.15865,1.1589,3.00,7.20
2009.03.09 20:29:41.061,1.15865,1.1589,3.00,6.60
2009.03.09 20:29:41.231,1.15865,1.15895,11.00,8.60
2009.03.09 20:29:41.461,1.15865,1.15885,8.00,1.00
2009.03.09 20:29:46.289,1.15865,1.1587,8.00,4.80
2009.03.09 20:29:46.449,1.1584,1.1587,4.80,6.60
2009.03.09 20:29:46.789,1.1585,1.15875,8.00,1.60
2009.03.09 20:29:47.030,1.1585,1.1589,8.00,1.00
2009.03.09 20:29:55.967,1.1586,1.1588,4.80,1.00
2009.03.09 20:29:56.138,1.1586,1.1589,4.80,6.60
2009.03.09 20:29:56.257,1.1586,1.15895,12.80,7.40
2009.03.09 20:30:05.965,1.1586,1.15895,15.80,7.40
2009.03.09 20:30:08.724,1.1586,1.15895,15.80,7.20
2009.03.09 20:30:20.061,1.1584,1.1585,1.80,1.00
2009.03.09 20:30:26.899,1.1583,1.1585,30.20,1.00
2009.03.09 20:30:31.958,1.1583,1.1585,27.20,1.00
2009.03.09 20:30:32.068,1.1584,1.1585,1.80,1.00
2009.03.09 20:30:35.578,1.1583,1.1585,22.60,1.00
2009.03.09 20:30:35.637,1.1583,1.1585,6.60,1.00
2009.03.09 20:30:35.757,1.15835,1.1585,1.80,1.00
2009.03.09 20:30:35.817,1.15835,1.1585,1.80,1.20
2009.03.09 20:30:36.497,1.15825,1.1585,17.80,1.20
2009.03.09 20:30:37.857,1.15825,1.1585,17.80,1.00
2009.03.09 20:30:38.087,1.15835,1.1585,8.00,1.00
2009.03.09 20:30:38.267,1.15835,1.15875,8.00,6.60
2009.03.09 20:30:38.437,1.15835,1.15875,22.40,6.60
2009.03.09 20:30:38.776,1.1584,1.1588,8.00,6.60
2009.03.09 20:30:45.015,1.1584,1.1587,8.00,1.20
2009.03.09 20:30:45.185,1.1584,1.1587,8.00,7.20
2009.03.09 20:30:45.295,1.1584,1.1587,8.00,7.40
2009.03.09 20:30:45.525,1.1584,1.1587,8.00,1.20
2009.03.09 20:30:45.985,1.1584,1.1587,8.00,1.00
2009.03.09 20:30:48.904,1.1585,1.1588,8.80,6.60
2009.03.09 20:30:49.254,1.1586,1.15885,8.00,1.00
2009.03.09 20:30:51.664,1.1587,1.15885,8.00,1.00
2009.03.09 20:30:51.843,1.1587,1.1589,8.00,1.00
2009.03.09 20:30:55.213,1.1587,1.15885,8.00,1.00
2009.03.09 20:30:55.493,1.1586,1.15885,8.00,1.00
2009.03.09 20:31:21.726,1.1586,1.15895,8.00,2.00
2009.03.09 20:31:22.286,1.1586,1.15895,8.00,1.80
2009.03.09 20:31:28.285,1.15855,1.15875,1.80,1.00
2009.03.09 20:31:28.585,1.15845,1.15855,8.00,1.00
2009.03.09 20:31:28.935,1.15825,1.1585,8.80,1.20
2009.03.09 20:31:29.204,1.1583,1.15845,4.80,1.00
2009.03.09 20:31:29.495,1.1581,1.15845,16.00,1.00
2009.03.09 20:31:34.843,1.15815,1.1584,16.00,1.00
2009.03.09 20:31:35.013,1.15815,1.1585,16.00,7.40
2009.03.09 20:31:35.403,1.15815,1.15845,14.40,6.60
2009.03.09 20:31:35.573,1.1582,1.15845,8.00,6.60
2009.03.09 20:31:37.002,1.1582,1.1585,8.00,6.60
2009.03.09 20:31:37.403,1.15825,1.1585,8.00,6.60
2009.03.09 20:31:37.572,1.15825,1.15855,8.00,6.60
2009.03.09 20:31:37.842,1.15825,1.1586,16.00,6.60
2009.03.09 20:31:38.882,1.15825,1.1585,22.40,1.00
2009.03.09 20:31:40.691,1.15825,1.1586,22.40,6.80
2009.03.09 20:31:40.752,1.15825,1.1586,8.00,7.40
2009.03.09 20:31:43.861,1.1583,1.1586,8.00,7.40
2009.03.09 20:31:54.778,1.1583,1.1586,8.00,7.20
2009.03.09 20:31:55.668,1.1583,1.1586,8.00,7.40
2009.03.09 20:31:56.208,1.1583,1.1586,8.00,7.20
2009.03.09 20:31:56.498,1.1583,1.1586,8.00,7.40
2009.03.09 20:31:57.747,1.1583,1.1586,8.00,7.20
2009.03.09 20:31:59.127,1.1583,1.1586,8.00,7.40
2009.03.09 20:32:02.106,1.1583,1.15855,8.00,1.00
2009.03.09 20:32:11.954,1.1583,1.1586,8.00,7.40
2009.03.09 20:32:14.623,1.1583,1.1585,8.00,1.00
2009.03.09 20:32:14.733,1.1583,1.1585,8.00,1.20
2009.03.09 20:32:14.784,1.1582,1.1585,27.20,1.20
2009.03.09 20:33:23.787,1.1582,1.1585,19.20,1.20
2009.03.09 20:33:24.187,1.1582,1.1584,12.80,1.00
2009.03.09 20:33:24.348,1.1582,1.1584,4.80,1.00
2009.03.09 20:33:31.445,1.1582,1.1584,4.80,1.00
2009.03.09 20:33:31.505,1.1582,1.1584,14.60,1.00
2009.03.09 20:33:31.565,1.1582,1.1584,21.00,1.00
2009.03.09 20:33:31.785,1.1582,1.1584,29.00,1.00
2009.03.09 20:33:31.905,1.1582,1.1585,29.00,1.20
2009.03.09 20:33:37.853,1.1583,1.1585,4.80,1.20
2009.03.09 20:33:38.193,1.1583,1.1585,7.80,1.00
2009.03.09 20:33:38.413,1.1583,1.1585,4.80,1.20
2009.03.09 20:34:04.334,1.15798,1.15848,17.60,7.20
2009.03.09 20:34:08.963,1.15801,1.15851,17.60,6.60
2009.03.09 20:34:09.513,1.158,1.1585,6.40,6.60
2009.03.09 20:34:16.861,1.15794,1.15849,17.60,7.20
2009.03.09 20:34:18.251,1.15799,1.15849,11.20,6.60
2009.03.09 20:34:18.481,1.15801,1.15851,6.40,6.60
2009.03.09 20:34:18.831,1.158,1.15855,6.40,6.60
2009.03.09 20:34:19.441,1.15801,1.15856,6.40,6.60
2009.03.09 20:34:29.728,1.15801,1.15856,11.20,7.20
2009.03.09 20:34:34.307,1.15801,1.15851,17.60,6.60
2009.03.09 20:34:34.766,1.15796,1.15841,11.20,6.60
2009.03.09 20:34:50.683,1.15787,1.15837,11.20,1.00
2009.03.09 20:34:50.923,1.15789,1.15834,17.60,6.60
2009.03.09 20:34:51.423,1.15792,1.15842,11.20,1.20
2009.03.09 20:34:51.603,1.15791,1.15846,6.40,6.60
2009.03.09 20:34:52.463,1.15789,1.15844,17.60,7.20
2009.03.09 20:34:52.923,1.15801,1.15836,17.60,7.20
2009.03.09 20:34:53.193,1.15801,1.15841,11.20,6.60
2009.03.09 20:34:53.312,1.15802,1.15847,6.40,6.60
2009.03.09 20:34:53.692,1.15807,1.15852,11.20,1.00
2009.03.09 20:34:53.872,1.15812,1.15858,2.80,6.60
2009.03.09 20:35:00.354,1.1583,1.1585,7.80,1.00
2009.03.09 20:35:00.473,1.1583,1.1585,4.80,1.20
2009.03.09 20:35:15.520,1.1583,1.1585,7.80,1.00
2009.03.09 20:35:15.640,1.1583,1.1585,4.80,1.20
2009.03.09 20:35:49.931,1.1583,1.15855,4.80,6.60
2009.03.09 20:35:50.041,1.1583,1.1586,4.80,6.60
2009.03.09 20:35:50.261,1.1583,1.1586,12.80,6.60
2009.03.09 20:35:58.449,1.1583,1.1586,19.20,6.60
2009.03.09 20:35:58.689,1.1583,1.15865,27.20,6.80
2009.03.09 20:35:58.871,1.1583,1.15865,8.00,7.40
2009.03.09 20:35:59.049,1.1583,1.1586,7.80,7.20
2009.03.09 20:35:59.679,1.1583,1.1586,15.80,7.20
2009.03.09 20:36:06.147,1.1583,1.1586,22.20,6.60
2009.03.09 20:36:06.257,1.1583,1.1586,30.20,6.60
2009.03.09 20:36:11.636,1.1583,1.15865,30.20,6.80
2009.03.09 20:36:13.786,1.1583,1.15865,30.20,6.60
2009.03.09 20:36:22.634,1.1583,1.15865,27.20,6.80
2009.03.09 20:36:22.753,1.15835,1.15865,8.00,1.00
2009.03.09 20:36:40.339,1.15835,1.1587,8.00,7.40
2009.03.09 20:36:41.189,1.1583,1.15865,30.20,6.60
2009.03.09 20:36:59.124,1.1583,1.15865,27.20,6.80
2009.03.09 20:36:59.474,1.1584,1.15855,8.00,1.00
2009.03.09 20:36:59.764,1.1584,1.15855,14.40,1.00
2009.03.09 20:36:59.935,1.1584,1.15855,22.40,1.00
2009.03.09 20:37:00.224,1.15845,1.15855,8.00,1.00
2009.03.09 20:37:01.994,1.15845,1.15865,9.80,1.00
2009.03.09 20:37:02.164,1.1584,1.15865,9.80,1.00
2009.03.09 20:37:02.384,1.1584,1.15855,8.00,1.00
2009.03.09 20:37:03.244,1.15845,1.15855,8.00,1.00
2009.03.09 20:37:03.584,1.15845,1.15865,8.00,1.00
2009.03.09 20:37:03.933,1.1586,1.1587,3.00,1.00
2009.03.09 20:37:04.273,1.15845,1.1588,8.00,1.20
2009.03.09 20:37:04.563,1.1584,1.1588,11.20,7.40
2009.03.09 20:37:04.923,1.15845,1.1588,8.00,7.40
2009.03.09 20:37:09.262,1.1585,1.1587,8.00,1.00
2009.03.09 20:37:13.341,1.1585,1.15885,8.00,7.40
2009.03.09 20:37:14.121,1.1585,1.15885,8.00,7.20
2009.03.09 20:37:14.421,1.15845,1.1588,8.00,7.20
2009.03.09 20:37:14.661,1.1584,1.15875,16.00,6.60
2009.03.09 20:37:14.841,1.1584,1.1587,8.00,6.60
2009.03.09 20:37:15.541,1.1584,1.1587,16.00,6.60
2009.03.09 20:37:18.940,1.15865,1.15895,4.80,5.00
2009.03.09 20:37:19.270,1.15865,1.15885,4.80,6.60
2009.03.09 20:37:19.390,1.15865,1.1589,4.80,6.60
2009.03.09 20:37:19.630,1.15865,1.15895,4.80,1.00
2009.03.09 20:37:20.899,1.1587,1.1589,8.00,1.20
2009.03.09 20:37:21.189,1.1585,1.1589,9.80,7.40
2009.03.09 20:37:27.598,1.15855,1.15885,8.00,1.00
2009.03.09 20:37:27.948,1.15845,1.15875,16.00,6.60
2009.03.09 20:37:28.238,1.15845,1.15875,8.00,6.60
2009.03.09 20:37:28.468,1.15845,1.1587,8.00,6.60
2009.03.09 20:37:29.327,1.15845,1.15875,8.00,6.60
2009.03.09 20:37:35.825,1.1584,1.1587,23.80,1.00
2009.03.09 20:37:36.056,1.1584,1.15875,30.20,6.60
2009.03.09 20:37:36.336,1.1584,1.1587,22.20,6.60
2009.03.09 20:37:36.567,1.1584,1.1587,30.20,6.60
2009.03.09 20:37:47.513,1.15845,1.15875,22.40,6.60
2009.03.09 20:37:48.143,1.1585,1.15885,8.00,6.60
2009.03.09 20:37:59.330,1.1585,1.15885,9.80,6.60
2009.03.09 20:38:00.050,1.1586,1.1589,8.00,7.80
2009.03.09 20:38:00.730,1.1586,1.15885,8.00,1.00
2009.03.09 20:38:01.079,1.1585,1.15885,9.80,7.20
2009.03.09 20:38:05.869,1.15865,1.1589,4.80,3.20
2009.03.09 20:38:06.498,1.1586,1.1589,12.80,4.20
2009.03.09 20:38:06.779,1.1585,1.1589,8.00,5.00
2009.03.09 20:38:06.898,1.1586,1.15885,8.00,1.00
2009.03.09 20:38:09.457,1.15855,1.15885,8.00,1.00
2009.03.09 20:38:09.627,1.1586,1.15885,8.00,1.00
2009.03.09 20:38:10.207,1.15855,1.15885,8.00,1.00
2009.03.09 20:38:10.727,1.15855,1.15885,8.00,1.00
2009.03.09 20:38:10.907,1.15855,1.1589,8.00,8.00
2009.03.09 20:38:11.087,1.15855,1.15885,8.00,1.00
2009.03.09 20:38:19.855,1.1585,1.15885,12.80,7.20
2009.03.09 20:38:23.624,1.1585,1.15885,15.80,7.20
2009.03.09 20:38:23.854,1.1585,1.15885,12.80,7.40
2009.03.09 20:38:24.034,1.1585,1.1588,12.80,6.60
2009.03.09 20:38:25.554,1.1585,1.1588,15.80,6.60
2009.03.09 20:38:25.833,1.1585,1.15885,12.80,7.40
2009.03.09 20:38:26.064,1.15855,1.15885,8.00,1.00
2009.03.09 20:38:26.294,1.15855,1.15885,8.00,1.00
2009.03.09 20:38:26.864,1.1585,1.15885,15.80,7.20
2009.03.09 20:38:27.603,1.1585,1.15885,12.80,7.40
2009.03.09 20:38:27.893,1.1585,1.1588,12.80,6.60
2009.03.09 20:38:29.503,1.1585,1.15885,12.80,7.40
2009.03.09 20:38:31.272,1.1585,1.15885,12.80,6.80
2009.03.09 20:38:31.622,1.1585,1.1588,4.80,6.60
2009.03.09 20:38:32.112,1.1585,1.15885,12.80,6.80
2009.03.09 20:38:37.451,1.1585,1.15885,12.80,6.60
2009.03.09 20:38:40.360,1.15855,1.15885,8.00,1.00
2009.03.09 20:38:40.880,1.15855,1.1589,8.00,8.00
2009.03.09 20:38:46.938,1.15855,1.1589,8.00,7.20
2009.03.09 20:38:49.068,1.15855,1.1589,8.00,6.60
2009.03.09 20:38:57.386,1.1587,1.1589,6.40,6.60
2009.03.09 20:38:57.606,1.1589,1.159,4.80,9.40
2009.03.09 20:38:57.776,1.1589,1.15925,4.80,1.00
2009.03.09 20:39:01.365,1.159,1.1592,5.60,1.00
2009.03.09 20:39:01.705,1.1591,1.15925,4.80,7.40
2009.03.09 20:39:01.945,1.15895,1.1592,4.80,1.00
2009.03.09 20:39:02.115,1.15895,1.1592,4.80,1.00
2009.03.09 20:39:03.704,1.159,1.1592,4.80,1.40
2009.03.09 20:39:03.984,1.159,1.1591,4.80,6.60
2009.03.09 20:39:04.284,1.159,1.15905,4.80,6.60
2009.03.09 20:39:04.564,1.15865,1.159,8.00,6.60
2009.03.09 20:39:05.864,1.15865,1.15895,22.40,6.60
2009.03.09 20:39:06.104,1.15865,1.159,22.40,6.60
2009.03.09 20:39:13.042,1.15865,1.159,16.00,6.60
2009.03.09 20:39:15.321,1.15865,1.15895,16.00,1.00
2009.03.09 20:39:15.981,1.15865,1.15895,8.00,1.00
2009.03.09 20:39:16.432,1.15865,1.15895,16.00,1.00
2009.03.09 20:39:16.541,1.15865,1.1589,8.00,6.60
2009.03.09 20:39:21.700,1.15855,1.1589,22.40,6.60
2009.03.09 20:39:27.670,1.15855,1.1589,16.00,6.60
2009.03.09 20:39:27.729,1.15855,1.1589,22.40,6.60
2009.03.09 20:39:28.529,1.15865,1.159,8.00,8.00
2009.03.09 20:39:31.448,1.15865,1.15895,8.00,1.00
2009.03.09 20:39:32.987,1.15865,1.159,8.00,8.00
2009.03.09 20:39:33.227,1.15865,1.15895,8.00,1.00
2009.03.09 20:39:33.457,1.15865,1.15895,8.00,1.00
2009.03.09 20:39:33.687,1.15865,1.15895,16.00,1.00
2009.03.09 20:39:33.867,1.15865,1.15895,22.40,1.00
2009.03.09 20:39:35.047,1.15865,1.15885,8.00,1.00
2009.03.09 20:39:35.227,1.1586,1.15885,1.80,1.00
2009.03.09 20:39:44.964,1.1586,1.1588,1.80,1.20
2009.03.09 20:39:49.243,1.1585,1.1588,12.80,1.20
2009.03.09 20:39:49.863,1.1585,1.1588,12.80,7.40
2009.03.09 20:39:53.323,1.1585,1.1588,12.80,1.20
2009.03.09 20:40:41.992,1.1585,1.1588,12.80,7.40
2009.03.09 20:40:47.270,1.1585,1.1588,12.80,1.20
2009.03.09 20:41:47.855,1.1585,1.1588,4.80,1.20
2009.03.09 20:42:10.339,1.1585,1.1588,12.80,7.40
2009.03.09 20:42:29.144,1.1585,1.1586,12.80,1.00
2009.03.09 20:42:29.374,1.1585,1.1586,8.00,1.00
2009.03.09 20:42:29.774,1.1583,1.1586,7.80,1.00
2009.03.09 20:42:41.511,1.1584,1.15855,3.00,1.00
2009.03.09 20:42:41.681,1.1584,1.15855,3.00,3.80
2009.03.09 20:42:42.012,1.15835,1.1585,4.80,1.00
2009.03.09 20:42:42.122,1.15815,1.1585,4.80,7.40
2009.03.09 20:42:43.321,1.1583,1.1585,4.80,7.40
2009.03.09 20:42:43.441,1.1583,1.1585,4.80,1.00
2009.03.09 20:42:47.170,1.1583,1.1585,4.80,1.00
2009.03.09 20:42:47.340,1.1583,1.15855,4.80,6.60
2009.03.09 20:42:50.599,1.1583,1.1585,4.80,1.00
2009.03.09 20:42:50.829,1.1583,1.1585,4.80,1.00
2009.03.09 20:42:54.988,1.1583,1.1585,7.80,1.00
2009.03.09 20:42:55.908,1.1583,1.1585,4.80,1.00
2009.03.09 20:42:58.918,1.1583,1.1585,7.80,1.00
2009.03.09 20:43:01.277,1.1583,1.1585,4.80,1.00
2009.03.09 20:43:01.397,1.1583,1.1585,7.80,1.00
2009.03.09 20:43:02.366,1.1583,1.1585,4.80,1.00
2009.03.09 20:43:02.656,1.1583,1.1585,7.80,1.00
2009.03.09 20:43:03.806,1.1583,1.1585,4.80,1.00
2009.03.09 20:43:11.095,1.1583,1.1585,19.20,1.00
2009.03.09 20:43:11.385,1.1583,1.1585,4.80,1.00
2009.03.09 20:43:44.716,1.15825,1.1585,12.80,1.20
2009.03.09 20:43:44.946,1.15825,1.1585,9.80,1.20
2009.03.09 20:43:45.816,1.15825,1.1585,17.80,1.20
2009.03.09 20:43:45.996,1.1583,1.1585,4.80,1.20
2009.03.09 20:43:46.106,1.1583,1.1585,4.80,1.00
2009.03.09 20:43:49.325,1.1583,1.1585,4.80,1.00
2009.03.09 20:43:49.505,1.15835,1.15855,6.40,6.60
2009.03.09 20:43:49.565,1.1584,1.1586,8.00,1.60
2009.03.09 20:43:49.785,1.1584,1.15865,16.00,1.00
2009.03.09 20:43:59.423,1.1584,1.15855,16.00,1.00
2009.03.09 20:43:59.643,1.1584,1.15855,8.00,1.00
2009.03.09 20:43:59.763,1.1583,1.15855,4.80,1.00
2009.03.09 20:44:13.220,1.15835,1.1585,7.80,1.00
2009.03.09 20:44:43.182,1.15835,1.1585,3.00,1.00
2009.03.09 20:44:43.302,1.1583,1.1585,14.40,1.00
2009.03.09 20:44:43.422,1.1583,1.1585,12.80,1.00
2009.03.09 20:44:43.482,1.1583,1.1585,4.80,1.00
2009.03.09 20:44:54.769,1.1583,1.1585,7.80,1.00
2009.03.09 20:44:58.738,1.1583,1.1585,4.80,1.00
2009.03.09 20:44:59.188,1.1583,1.1585,7.80,1.00
2009.03.09 20:45:03.147,1.15835,1.15855,8.00,6.60
2009.03.09 20:45:03.377,1.15835,1.1586,8.00,6.60
2009.03.09 20:45:07.666,1.15835,1.15865,8.00,7.00
2009.03.09 20:45:11.115,1.15835,1.15865,8.00,7.20
2009.03.09 20:45:13.135,1.15835,1.15865,8.00,6.80
2009.03.09 20:45:24.804,1.15835,1.15865,8.00,7.20
2009.03.09 20:45:24.912,1.15835,1.15865,8.00,7.00
2009.03.09 20:45:25.822,1.15835,1.15865,8.00,7.20
2009.03.09 20:45:33.310,1.15835,1.15865,14.40,7.20
2009.03.09 20:45:33.420,1.1584,1.15865,4.80,7.20
2009.03.09 20:45:33.530,1.1584,1.15865,12.80,7.00
2009.03.09 20:45:33.820,1.1584,1.15865,23.80,1.00
2009.03.09 20:45:34.941,1.1584,1.1587,23.80,7.20
2009.03.09 20:45:36.029,1.15845,1.1587,8.00,6.60
2009.03.09 20:45:44.357,1.1584,1.15865,8.00,1.00
2009.03.09 20:45:44.707,1.15835,1.15865,16.00,1.00
2009.03.09 20:45:47.397,1.15835,1.15865,22.40,1.00
2009.03.09 20:45:48.037,1.15835,1.15865,16.00,1.00
2009.03.09 20:45:51.086,1.15835,1.1587,16.00,6.60
2009.03.09 20:45:56.234,1.15835,1.15865,16.00,1.00
2009.03.09 20:45:56.694,1.15835,1.15865,22.40,1.00
2009.03.09 20:45:56.875,1.15835,1.15865,16.00,1.00
2009.03.09 20:45:57.095,1.15835,1.15865,16.00,7.00
2009.03.09 20:45:57.774,1.15835,1.15865,8.00,7.00
2009.03.09 20:45:58.284,1.15835,1.15865,14.40,7.00
2009.03.09 20:45:58.924,1.1584,1.15865,16.00,1.00
2009.03.09 20:46:02.073,1.1584,1.15865,8.00,1.00
2009.03.09 20:46:06.462,1.1584,1.15875,8.00,6.60
2009.03.09 20:46:12.151,1.15845,1.15865,8.00,1.00
2009.03.09 20:46:18.419,1.1584,1.15865,16.00,1.00
2009.03.09 20:46:21.898,1.1584,1.15875,16.00,6.60
2009.03.09 20:46:22.808,1.1584,1.15865,16.00,1.00
2009.03.09 20:46:28.227,1.1584,1.15865,8.00,6.80
2009.03.09 20:46:29.087,1.1584,1.15865,8.00,6.60
2009.03.09 20:47:08.237,1.1584,1.15865,8.00,6.60
2009.03.09 20:47:08.358,1.1584,1.15865,14.40,6.60
2009.03.09 20:47:23.643,1.1584,1.15865,8.00,6.60
2009.03.09 20:47:24.063,1.1584,1.1586,8.00,6.60
2009.03.09 20:47:26.023,1.1584,1.15865,8.00,6.60
2009.03.09 20:47:58.315,1.15835,1.15865,14.40,6.60
2009.03.09 20:48:00.464,1.1584,1.15865,6.40,6.60
2009.03.09 20:48:00.644,1.1584,1.15865,14.40,6.60
2009.03.09 20:48:47.863,1.1584,1.15865,8.00,6.60
2009.03.09 20:48:48.083,1.15835,1.15865,14.40,6.60
2009.03.09 20:48:48.473,1.15835,1.1586,14.40,6.60
2009.03.09 20:48:54.361,1.15835,1.1586,8.00,6.60
2009.03.09 20:48:54.591,1.1583,1.1586,30.20,6.60
2009.03.09 20:48:54.881,1.1583,1.1586,22.20,6.60
2009.03.09 20:48:56.831,1.1583,1.1586,23.00,6.60
2009.03.09 20:48:57.001,1.1584,1.1586,4.80,6.60
2009.03.09 20:48:57.121,1.1584,1.1587,4.80,6.60
2009.03.09 20:48:57.811,1.1584,1.1587,12.80,6.60
2009.03.09 20:49:06.868,1.15845,1.1587,8.00,6.60
2009.03.09 20:49:06.928,1.15845,1.1587,14.40,6.60
2009.03.09 20:49:07.738,1.1584,1.1587,19.20,7.20
2009.03.09 20:49:08.088,1.1584,1.1587,22.20,7.20
2009.03.09 20:49:11.257,1.1584,1.1587,15.80,7.20
2009.03.09 20:49:11.427,1.1584,1.1587,12.80,7.40
2009.03.09 20:49:15.936,1.1584,1.1587,7.80,7.20
2009.03.09 20:49:16.386,1.1584,1.1587,4.80,7.20
2009.03.09 20:49:16.676,1.1584,1.15865,4.80,6.60
2009.03.09 20:49:17.366,1.1583,1.15865,20.80,10.40
2009.03.09 20:49:17.776,1.1583,1.1586,12.80,6.60
2009.03.09 20:49:23.065,1.1583,1.1586,13.60,6.60
2009.03.09 20:49:23.234,1.1584,1.1586,7.80,6.60
2009.03.09 20:49:23.354,1.1584,1.15865,7.80,6.60
2009.03.09 20:49:23.524,1.1584,1.15865,4.80,6.60
2009.03.09 20:49:28.533,1.1584,1.15865,7.80,6.60
2009.03.09 20:49:28.763,1.1584,1.15865,7.80,9.80
2009.03.09 20:49:29.113,1.1584,1.15865,7.80,6.60
2009.03.09 20:49:32.562,1.1583,1.15855,4.80,6.60
2009.03.09 20:49:37.361,1.1583,1.1584,4.80,1.00
2009.03.09 20:49:47.309,1.1583,1.15845,4.80,1.00
2009.03.09 20:49:48.018,1.1583,1.1584,4.80,1.00
2009.03.09 20:49:48.419,1.1583,1.15835,4.80,1.00
2009.03.09 20:49:48.528,1.15835,1.15845,4.80,1.00
2009.03.09 20:49:48.828,1.1583,1.1585,7.20,1.00
2009.03.09 20:49:49.058,1.1583,1.1585,4.80,1.00
2009.03.09 20:49:49.978,1.1583,1.1585,4.80,7.40
2009.03.09 20:49:52.907,1.1583,1.1585,7.80,7.20
2009.03.09 20:49:53.777,1.1583,1.1585,7.80,6.60
2009.03.09 20:49:54.057,1.1583,1.15855,7.80,7.00
2009.03.09 20:49:54.747,1.1583,1.15855,7.80,10.20
2009.03.09 20:49:55.316,1.1583,1.15855,7.80,7.00
2009.03.09 20:49:57.466,1.1583,1.15855,7.80,7.20
2009.03.09 20:50:07.414,1.1583,1.15855,7.80,6.60
2009.03.09 20:50:10.113,1.1583,1.15855,4.80,6.60
2009.03.09 20:50:14.482,1.1584,1.15855,7.80,6.60
2009.03.09 20:50:14.712,1.1584,1.15865,3.00,6.60
2009.03.09 20:50:14.992,1.15835,1.15865,8.00,6.80
2009.03.09 20:50:15.392,1.15835,1.1586,8.00,6.60
2009.03.09 20:50:20.851,1.15835,1.1586,14.40,6.60
2009.03.09 20:50:20.960,1.15835,1.1586,16.20,6.60
2009.03.09 20:50:21.130,1.15835,1.1587,27.20,7.40
2009.03.09 20:50:21.490,1.1584,1.1587,4.80,7.40
2009.03.09 20:50:23.230,1.1584,1.1587,7.80,7.20
2009.03.09 20:50:23.690,1.1584,1.1587,4.80,7.40
2009.03.09 20:50:23.870,1.1584,1.15865,7.80,6.60
2009.03.09 20:50:30.868,1.1584,1.15865,4.80,6.60
2009.03.09 20:50:31.498,1.1584,1.15865,7.80,6.60
2009.03.09 20:50:39.946,1.1584,1.15865,4.80,6.60
2009.03.09 20:50:41.926,1.1584,1.15865,7.80,6.60
2009.03.09 20:50:44.616,1.1584,1.15865,4.80,6.60
2009.03.09 20:50:45.215,1.1584,1.1587,4.80,7.40
2009.03.09 20:50:45.385,1.1584,1.1587,7.80,7.20
2009.03.09 20:50:47.964,1.1584,1.1587,4.80,7.40
2009.03.09 20:50:50.803,1.1584,1.1587,7.80,7.20
2009.03.09 20:50:51.303,1.1584,1.1587,4.80,7.20
2009.03.09 20:50:51.533,1.1584,1.1587,7.80,7.20
2009.03.09 20:50:55.882,1.1584,1.15865,7.80,6.60
2009.03.09 20:51:01.671,1.1584,1.1587,15.80,1.00
2009.03.09 20:51:11.638,1.1584,1.15865,7.80,6.60
2009.03.09 20:51:32.743,1.1584,1.15865,4.80,6.60
2009.03.09 20:51:35.972,1.1584,1.15865,7.80,6.60
2009.03.09 20:51:43.021,1.1584,1.15865,7.80,6.80
2009.03.09 20:51:43.141,1.1584,1.1586,7.80,1.00
2009.03.09 20:51:56.008,1.1584,1.1586,4.80,1.00
2009.03.09 20:51:57.377,1.1584,1.1586,4.80,1.00
2009.03.09 20:51:57.497,1.1584,1.15865,4.80,6.60
2009.03.09 20:52:01.646,1.1584,1.1587,4.80,7.40
2009.03.09 20:52:08.174,1.1584,1.1587,7.80,7.20
2009.03.09 20:52:27.540,1.1584,1.1587,4.80,7.40
2009.03.09 20:52:30.069,1.1584,1.1587,12.80,7.40
2009.03.09 20:52:31.429,1.1584,1.15865,12.80,6.60
2009.03.09 20:52:32.519,1.1583,1.15865,19.20,6.60
2009.03.09 20:52:32.639,1.1583,1.15855,14.40,6.60
2009.03.09 20:52:33.258,1.1583,1.15855,8.00,6.60
2009.03.09 20:52:33.489,1.1582,1.15855,22.20,6.60
2009.03.09 20:52:33.668,1.1583,1.1585,2.60,6.60
2009.03.09 20:52:33.898,1.1584,1.1585,7.80,6.60
2009.03.09 20:52:34.119,1.1584,1.1587,7.80,6.60
2009.03.09 20:52:35.978,1.1584,1.15865,4.80,6.60
2009.03.09 20:52:36.587,1.1584,1.1587,4.80,7.40
2009.03.09 20:52:51.754,1.1584,1.1587,7.80,7.20
2009.03.09 20:53:23.827,1.1584,1.1587,4.80,7.40
2009.03.09 20:53:27.345,1.1584,1.1587,4.80,7.20
2009.03.09 20:53:27.525,1.1584,1.1587,4.80,7.40
2009.03.09 20:53:32.094,1.15835,1.1587,4.80,7.40
2009.03.09 20:53:32.204,1.1584,1.15855,1.80,1.00
2009.03.09 20:53:32.305,1.15835,1.15855,1.00,1.00
2009.03.09 20:53:32.364,1.15835,1.15865,1.00,6.60
2009.03.09 20:53:32.544,1.15815,1.1586,4.80,6.60
2009.03.09 20:53:32.654,1.15815,1.15865,4.80,6.60
2009.03.09 20:53:33.464,1.15825,1.15855,4.80,6.60
2009.03.09 20:53:33.814,1.1583,1.1586,4.80,1.00
2009.03.09 20:53:33.934,1.1583,1.15865,4.80,7.40
2009.03.09 20:53:34.104,1.1583,1.1586,4.80,6.60
2009.03.09 20:53:43.261,1.1583,1.15865,4.80,6.80
2009.03.09 20:53:49.920,1.1583,1.1586,4.80,6.60
2009.03.09 20:53:54.909,1.1583,1.1586,12.80,6.60
2009.03.09 20:53:56.119,1.1583,1.15865,12.80,6.80
2009.03.09 20:54:24.202,1.1583,1.1586,12.80,6.60
2009.03.09 20:54:24.472,1.1583,1.15865,12.80,6.80
2009.03.09 20:54:25.001,1.1583,1.1586,4.80,6.60
2009.03.09 20:54:35.789,1.1583,1.1586,19.20,6.60
2009.03.09 20:55:00.473,1.1583,1.1586,12.80,6.60
2009.03.09 20:55:01.353,1.1583,1.15865,12.80,6.80
2009.03.09 20:55:08.961,1.1583,1.15865,12.80,6.80
2009.03.09 20:55:29.166,1.1583,1.15865,4.80,7.40
2009.03.09 20:55:29.396,1.1583,1.1586,4.80,6.60
2009.03.09 20:55:29.686,1.1583,1.1586,4.80,7.20
2009.03.09 20:55:31.175,1.1583,1.1586,4.80,6.60
2009.03.09 20:55:42.023,1.1583,1.15865,7.80,6.60
2009.03.09 20:55:43.902,1.1583,1.15865,15.80,6.60
2009.03.09 20:55:44.362,1.1583,1.15865,12.80,6.80
2009.03.09 20:55:44.652,1.1583,1.15865,20.80,1.00
2009.03.09 20:55:48.851,1.1583,1.1586,20.80,1.00
2009.03.09 20:55:49.011,1.1583,1.1586,23.80,1.00
2009.03.09 20:55:49.181,1.1583,1.1586,15.80,1.00
2009.03.09 20:55:51.021,1.1583,1.1586,12.80,1.00
2009.03.09 20:55:54.619,1.1583,1.1586,19.20,1.00
2009.03.09 20:56:08.466,1.1583,1.1586,22.20,1.00
2009.03.09 20:56:25.732,1.1583,1.1586,12.80,1.00
2009.03.09 20:56:35.410,1.1583,1.1586,19.20,1.00
2009.03.09 20:56:45.447,1.1583,1.1586,12.80,1.00
2009.03.09 20:56:45.977,1.1583,1.1586,19.20,1.00
2009.03.09 20:56:47.727,1.15835,1.1586,8.00,1.00
2009.03.09 20:56:47.847,1.15835,1.15865,14.40,6.60
2009.03.09 20:56:53.715,1.15835,1.15865,8.00,6.60
2009.03.09 20:56:53.775,1.1583,1.15865,22.20,6.60
2009.03.09 20:57:33.066,1.15835,1.15865,8.00,6.60
2009.03.09 20:57:33.246,1.15835,1.15865,8.00,6.80
2009.03.09 20:57:33.406,1.15835,1.15865,8.00,1.00
2009.03.09 20:58:03.548,1.15835,1.1587,8.00,7.40
2009.03.09 20:58:06.168,1.15835,1.1587,14.40,7.40
2009.03.09 20:58:07.717,1.1584,1.1587,8.00,6.60
2009.03.09 20:58:09.397,1.1584,1.15865,8.00,6.60
2009.03.09 20:58:09.557,1.15835,1.15865,6.40,6.60
2009.03.09 20:58:09.667,1.1583,1.1586,15.80,1.00
2009.03.09 20:58:09.957,1.1583,1.1586,15.80,6.80
2009.03.09 20:58:10.287,1.1583,1.1586,7.80,6.80
2009.03.09 20:58:11.687,1.1583,1.1586,7.80,6.60
2009.03.09 20:58:11.867,1.1583,1.15865,7.80,7.20
2009.03.09 20:58:12.156,1.15835,1.15865,14.40,6.60
2009.03.09 20:58:16.675,1.15835,1.15865,8.00,6.60
2009.03.09 20:58:17.025,1.1583,1.15865,15.80,6.60
2009.03.09 20:58:17.365,1.1583,1.1586,7.80,6.60
2009.03.09 20:58:25.013,1.1583,1.15865,22.20,6.60
2009.03.09 20:58:25.184,1.15845,1.15865,7.80,6.60
2009.03.09 20:58:25.533,1.15845,1.1587,7.80,1.00
2009.03.09 20:58:27.223,1.1586,1.1587,4.80,1.00
2009.03.09 20:58:27.633,1.1586,1.15865,4.80,6.60
2009.03.09 20:58:27.923,1.1586,1.1587,4.80,1.00
2009.03.09 20:58:30.922,1.1583,1.15865,7.80,7.20
2009.03.09 20:58:31.442,1.1583,1.1586,7.80,6.60
2009.03.09 20:58:40.200,1.1583,1.1586,4.80,6.60
2009.03.09 20:58:40.370,1.1583,1.15855,4.80,6.60
2009.03.09 20:58:41.679,1.1583,1.15855,7.80,6.60
2009.03.09 20:58:42.139,1.1583,1.1586,7.80,6.60
2009.03.09 20:58:47.108,1.1583,1.1586,7.80,7.20
2009.03.09 20:58:47.388,1.1583,1.15855,4.80,7.20
2009.03.09 20:58:47.548,1.1583,1.15855,4.80,7.40
2009.03.09 20:58:48.517,1.1583,1.1585,4.80,1.00
2009.03.09 20:58:48.977,1.1583,1.15845,4.80,1.00
2009.03.09 20:58:49.447,1.1583,1.1584,4.80,1.00
2009.03.09 20:58:51.207,1.1583,1.15845,7.80,1.00
2009.03.09 20:58:51.547,1.1583,1.15855,7.80,6.60
2009.03.09 20:58:51.947,1.1583,1.1586,7.80,6.60
2009.03.09 20:58:53.756,1.1583,1.1586,7.80,7.20
2009.03.09 20:58:53.977,1.1583,1.15845,4.80,1.00
2009.03.09 20:58:56.606,1.1583,1.1586,4.80,6.60
2009.03.09 20:58:56.906,1.1583,1.15865,4.80,6.60
2009.03.09 20:59:00.065,1.1583,1.1586,7.80,6.60
2009.03.09 20:59:00.305,1.1583,1.15855,7.80,6.60
2009.03.09 20:59:00.465,1.1583,1.15855,4.80,6.60
2009.03.09 20:59:05.943,1.1583,1.15855,4.80,1.00
2009.03.09 20:59:06.293,1.1583,1.15855,4.80,6.60
2009.03.09 20:59:12.942,1.1583,1.1586,4.80,6.60
2009.03.09 20:59:14.771,1.1583,1.15855,4.80,6.60
2009.03.09 20:59:30.307,1.1583,1.15855,4.80,7.20
2009.03.09 20:59:30.657,1.1583,1.1585,4.80,1.00
2009.03.09 20:59:37.586,1.1583,1.15855,4.80,6.60
2009.03.09 20:59:37.816,1.1583,1.15855,4.80,7.20
2009.03.09 20:59:38.376,1.1583,1.15855,4.80,6.60
2009.03.09 20:59:40.195,1.1583,1.1585,4.80,1.00
2009.03.09 20:59:57.751,1.1584,1.1585,1.00,1.00
