2016.11.11 18:00:01.355,0.98608,0.9862,2.85,1.50
2016.11.11 18:00:01.876,0.98609,0.98622,1.00,1.75
2016.11.11 18:00:02.079,0.9861,0.98623,2.25,2.62
2016.11.11 18:00:02.486,0.98612,0.98623,1.00,1.12
2016.11.11 18:00:03.029,0.98611,0.98622,1.87,1.12
2016.11.11 18:00:03.537,0.98612,0.98624,1.12,1.50
2016.11.11 18:00:04.045,0.98612,0.98624,1.12,1.12
2016.11.11 18:00:04.892,0.98616,0.98627,1.50,3.37
2016.11.11 18:00:05.097,0.98618,0.9863,1.12,1.37
2016.11.11 18:00:05.630,0.98618,0.98631,1.12,2.25
2016.11.11 18:00:06.232,0.98618,0.98629,1.12,1.00
2016.11.11 18:00:10.184,0.98618,0.9863,1.00,1.00
2016.11.11 18:00:10.236,0.98618,0.98623,1.00,1.00
2016.11.11 18:00:10.388,0.98615,0.98623,1.00,1.37
2016.11.11 18:00:10.555,0.98612,0.98622,1.37,1.12
2016.11.11 18:00:11.279,0.98611,0.98623,2.62,1.50
2016.11.11 18:00:12.390,0.98611,0.98623,2.25,1.50
2016.11.11 18:00:12.492,0.9861,0.9862,1.50,1.12
2016.11.11 18:00:12.594,0.98609,0.9862,1.12,1.12
2016.11.11 18:00:13.979,0.98608,0.98619,1.72,1.00
2016.11.11 18:00:14.523,0.98605,0.98616,1.75,1.00
2016.11.11 18:00:14.582,0.98604,0.98616,1.75,2.44
2016.11.11 18:00:14.684,0.98603,0.98616,3.75,2.81
2016.11.11 18:00:15.039,0.98603,0.98614,3.00,1.00
2016.11.11 18:00:15.745,0.98604,0.98616,3.22,1.12
2016.11.11 18:00:15.796,0.98607,0.98616,1.37,1.12
2016.11.11 18:00:15.928,0.98608,0.9862,1.72,1.00
2016.11.11 18:00:16.031,0.9861,0.98622,1.00,1.87
2016.11.11 18:00:16.133,0.9861,0.98623,1.50,1.12
2016.11.11 18:00:16.235,0.9861,0.98623,1.50,1.75
2016.11.11 18:00:17.753,0.9861,0.98618,1.50,1.50
2016.11.11 18:00:18.007,0.98603,0.98614,2.25,1.12
2016.11.11 18:00:20.360,0.98603,0.98613,1.50,1.00
2016.11.11 18:00:24.289,0.98602,0.98613,3.00,1.12
2016.11.11 18:00:29.133,0.98602,0.98614,3.00,1.00
2016.11.11 18:00:30.616,0.98603,0.98615,1.50,1.00
2016.11.11 18:00:36.126,0.98608,0.98615,1.37,1.00
2016.11.11 18:00:36.228,0.9861,0.98619,1.00,1.87
2016.11.11 18:00:36.280,0.9861,0.98621,1.50,2.62
2016.11.11 18:00:37.618,0.9861,0.98621,1.00,1.00
2016.11.11 18:00:38.075,0.98608,0.98619,3.75,1.00
2016.11.11 18:00:38.582,0.98608,0.98619,1.12,1.00
2016.11.11 18:00:48.491,0.98608,0.9862,1.12,1.12
2016.11.11 18:00:48.999,0.98607,0.98619,1.50,1.00
2016.11.11 18:00:49.521,0.98608,0.98621,1.00,2.25
2016.11.11 18:00:50.027,0.98607,0.98619,1.87,1.00
2016.11.11 18:00:55.538,0.98607,0.98616,1.87,1.31
2016.11.11 18:00:55.742,0.98603,0.98614,3.75,1.00
2016.11.11 18:00:55.793,0.98603,0.98616,4.87,2.25
2016.11.11 18:00:56.048,0.98606,0.98617,1.00,1.50
2016.11.11 18:00:56.100,0.98607,0.98619,1.50,1.50
2016.11.11 18:00:56.687,0.98608,0.9862,1.50,1.00
2016.11.11 18:00:57.217,0.98608,0.98621,2.25,2.25
2016.11.11 18:00:57.999,0.98609,0.98621,1.00,1.00
2016.11.11 18:00:59.891,0.9861,0.98621,1.12,1.00
2016.11.11 18:00:59.942,0.9861,0.98624,3.37,1.50
2016.11.11 18:01:00.198,0.98614,0.98623,1.00,1.00
2016.11.11 18:01:00.250,0.98616,0.98626,2.25,1.12
2016.11.11 18:01:00.302,0.98618,0.98626,1.00,1.12
2016.11.11 18:01:00.404,0.98619,0.98631,1.12,1.37
2016.11.11 18:01:00.530,0.98619,0.98632,1.50,2.25
2016.11.11 18:01:04.084,0.9862,0.98632,1.12,1.50
2016.11.11 18:01:04.594,0.9862,0.98633,4.12,1.50
2016.11.11 18:01:05.845,0.9862,0.98633,3.75,1.50
2016.11.11 18:01:08.444,0.9862,0.98633,3.75,1.50
2016.11.11 18:01:10.258,0.98621,0.98633,1.87,1.00
2016.11.11 18:01:10.788,0.98621,0.98634,2.62,1.50
2016.11.11 18:01:11.294,0.98621,0.98633,3.37,1.00
2016.11.11 18:01:11.949,0.98624,0.98636,2.25,1.87
2016.11.11 18:01:12.001,0.98626,0.98637,1.00,2.62
2016.11.11 18:01:12.154,0.98626,0.98639,1.12,1.12
2016.11.11 18:01:12.672,0.98627,0.98639,1.00,1.00
2016.11.11 18:01:13.179,0.98627,0.9864,1.87,1.87
2016.11.11 18:01:16.794,0.98627,0.9864,1.12,3.37
2016.11.11 18:01:19.079,0.98627,0.9864,1.12,2.25
2016.11.11 18:01:19.283,0.98626,0.98635,1.87,1.00
2016.11.11 18:01:19.436,0.98625,0.98636,2.25,1.00
2016.11.11 18:01:19.592,0.98626,0.98638,1.12,1.12
2016.11.11 18:01:19.982,0.98628,0.9864,1.00,1.12
2016.11.11 18:01:20.289,0.98629,0.98638,1.12,1.00
2016.11.11 18:01:20.545,0.98628,0.9864,1.12,1.12
2016.11.11 18:01:21.273,0.98629,0.98641,2.25,1.00
2016.11.11 18:01:22.192,0.9863,0.98642,1.00,1.12
2016.11.11 18:01:22.496,0.98632,0.98644,1.12,1.12
2016.11.11 18:01:23.016,0.98633,0.98644,1.00,1.00
2016.11.11 18:01:25.829,0.98633,0.98645,1.12,2.06
2016.11.11 18:01:27.023,0.98633,0.98644,1.00,1.12
2016.11.11 18:01:27.328,0.98631,0.98643,1.12,1.87
2016.11.11 18:01:28.829,0.98631,0.98644,3.00,1.50
2016.11.11 18:01:29.346,0.98631,0.98643,4.12,1.00
2016.11.11 18:01:30.341,0.98632,0.98645,1.12,2.81
2016.11.11 18:01:30.842,0.98632,0.98645,3.00,2.44
2016.11.11 18:01:32.072,0.98632,0.98644,3.00,1.00
2016.11.11 18:01:32.595,0.98631,0.98643,2.62,1.00
2016.11.11 18:01:32.647,0.98631,0.98641,1.87,1.00
2016.11.11 18:01:33.191,0.9863,0.98641,1.87,1.00
2016.11.11 18:01:33.700,0.9863,0.98641,1.12,1.00
2016.11.11 18:01:34.497,0.98631,0.98641,1.37,1.00
2016.11.11 18:01:36.560,0.98631,0.98643,1.37,2.25
2016.11.11 18:01:37.066,0.98631,0.98643,2.62,1.50
2016.11.11 18:01:38.720,0.98633,0.98645,1.00,2.25
2016.11.11 18:01:39.227,0.98633,0.98645,2.25,2.25
2016.11.11 18:01:39.798,0.98635,0.98645,1.00,1.00
2016.11.11 18:01:39.850,0.98636,0.98648,2.25,1.87
2016.11.11 18:01:39.951,0.98638,0.9865,1.12,1.75
2016.11.11 18:01:40.003,0.98638,0.9865,1.50,1.12
2016.11.11 18:01:40.626,0.98639,0.98651,1.12,1.00
2016.11.11 18:01:41.134,0.98639,0.98652,3.37,1.87
2016.11.11 18:01:41.650,0.98639,0.98651,2.62,1.00
2016.11.11 18:01:44.734,0.9864,0.98652,2.25,1.12
2016.11.11 18:01:46.117,0.9864,0.98652,2.25,1.00
2016.11.11 18:01:52.838,0.9864,0.9865,1.87,1.00
2016.11.11 18:01:53.143,0.98632,0.98642,1.00,1.00
2016.11.11 18:01:53.650,0.9863,0.98643,4.50,1.87
2016.11.11 18:01:55.850,0.9863,0.98643,4.50,1.87
2016.11.11 18:01:58.087,0.9863,0.98643,3.75,1.50
2016.11.11 18:01:59.962,0.98631,0.98643,1.31,1.00
2016.11.11 18:02:00.134,0.98634,0.98646,1.12,2.62
2016.11.11 18:02:00.186,0.98634,0.98646,1.12,1.50
2016.11.11 18:02:00.280,0.98633,0.98644,1.87,1.50
2016.11.11 18:02:00.382,0.98631,0.98643,2.25,1.00
2016.11.11 18:02:00.484,0.9863,0.98642,1.50,1.00
2016.11.11 18:02:02.591,0.98631,0.98643,1.31,1.12
2016.11.11 18:02:02.693,0.98632,0.98645,3.94,1.00
2016.11.11 18:02:02.845,0.98634,0.98647,3.37,1.87
2016.11.11 18:02:03.150,0.98638,0.98652,4.87,1.50
2016.11.11 18:02:03.201,0.9864,0.98652,1.00,1.12
2016.11.11 18:02:05.192,0.9864,0.98653,1.50,3.00
2016.11.11 18:02:05.498,0.98647,0.98656,1.00,1.50
2016.11.11 18:02:05.600,0.98647,0.9866,1.50,3.37
2016.11.11 18:02:05.803,0.98647,0.9866,1.87,2.62
2016.11.11 18:02:15.860,0.98647,0.98659,1.12,1.00
2016.11.11 18:02:15.911,0.98647,0.98655,1.12,2.44
2016.11.11 18:02:16.116,0.98641,0.98651,1.50,1.00
2016.11.11 18:02:16.167,0.98641,0.98653,1.50,1.00
2016.11.11 18:02:21.538,0.98641,0.98653,1.37,1.00
2016.11.11 18:02:22.045,0.9864,0.98653,4.12,1.12
2016.11.11 18:02:32.011,0.98641,0.98653,3.37,1.00
2016.11.11 18:02:37.733,0.98643,0.98654,2.10,1.00
2016.11.11 18:02:37.885,0.98646,0.98659,1.12,1.50
2016.11.11 18:02:38.433,0.98647,0.98659,1.00,1.00
2016.11.11 18:02:39.715,0.98647,0.9866,1.50,1.87
2016.11.11 18:02:40.223,0.98648,0.9866,1.00,1.12
2016.11.11 18:02:43.882,0.98649,0.98662,2.25,1.87
2016.11.11 18:02:44.035,0.98651,0.98663,1.00,1.12
2016.11.11 18:02:44.354,0.98653,0.98663,1.00,1.00
2016.11.11 18:02:46.312,0.98655,0.98666,1.30,1.87
2016.11.11 18:02:46.617,0.98655,0.98668,2.47,2.25
2016.11.11 18:02:47.042,0.98657,0.98668,1.00,1.00
2016.11.11 18:02:47.551,0.98657,0.98669,1.00,1.12
2016.11.11 18:02:47.922,0.98658,0.98671,1.50,3.37
2016.11.11 18:02:48.439,0.98659,0.9867,1.00,1.00
2016.11.11 18:02:49.987,0.98658,0.98667,1.50,1.00
2016.11.11 18:02:50.208,0.98652,0.98663,1.37,2.25
2016.11.11 18:02:50.259,0.98651,0.98661,1.37,1.00
2016.11.11 18:02:50.311,0.9865,0.98661,1.87,1.00
2016.11.11 18:02:50.362,0.9865,0.98659,1.00,1.00
2016.11.11 18:02:50.618,0.98648,0.98659,3.37,1.00
2016.11.11 18:02:51.024,0.9865,0.98661,1.87,1.00
2016.11.11 18:02:51.328,0.98654,0.98666,2.10,2.62
2016.11.11 18:02:51.430,0.98656,0.98669,2.25,1.50
2016.11.11 18:02:51.961,0.98656,0.98669,2.25,1.00
2016.11.11 18:02:53.145,0.98659,0.98671,1.00,1.12
2016.11.11 18:02:53.453,0.98661,0.98672,1.12,1.00
2016.11.11 18:02:53.993,0.9866,0.98672,1.30,1.50
2016.11.11 18:02:54.297,0.98666,0.98674,2.06,1.12
2016.11.11 18:02:54.500,0.98667,0.98679,1.87,1.12
2016.11.11 18:03:03.040,0.98666,0.98679,3.37,2.25
2016.11.11 18:03:04.063,0.98666,0.98678,1.31,1.00
2016.11.11 18:03:04.165,0.98666,0.98673,1.12,2.47
2016.11.11 18:03:04.419,0.98657,0.98668,1.50,1.00
2016.11.11 18:03:04.545,0.98656,0.98668,1.87,1.00
2016.11.11 18:03:04.647,0.98659,0.98669,1.50,1.00
2016.11.11 18:03:04.749,0.98662,0.98673,1.00,1.12
2016.11.11 18:03:04.851,0.98663,0.98675,1.00,1.12
2016.11.11 18:03:05.388,0.98662,0.98674,1.00,1.00
2016.11.11 18:03:07.375,0.98662,0.98673,1.00,1.50
2016.11.11 18:03:07.426,0.98661,0.98672,1.00,1.37
2016.11.11 18:03:07.578,0.98659,0.98671,1.00,1.12
2016.11.11 18:03:08.219,0.98659,0.98672,2.10,1.00
2016.11.11 18:03:08.803,0.98659,0.98673,2.25,2.62
2016.11.11 18:03:10.553,0.98663,0.98673,1.00,1.12
2016.11.11 18:03:10.741,0.98665,0.98678,2.85,1.50
2016.11.11 18:03:11.248,0.98665,0.98678,3.75,1.87
2016.11.11 18:03:12.537,0.98666,0.98678,1.12,1.50
2016.11.11 18:03:13.499,0.98666,0.98678,1.50,1.69
2016.11.11 18:03:13.551,0.98666,0.98674,1.12,1.47
2016.11.11 18:03:13.754,0.98659,0.98668,1.87,1.12
2016.11.11 18:03:14.296,0.98658,0.9867,1.50,1.87
2016.11.11 18:03:15.585,0.98659,0.9867,1.00,1.37
2016.11.11 18:03:15.636,0.98659,0.98672,1.00,3.75
2016.11.11 18:03:19.845,0.98659,0.9867,1.12,1.37
2016.11.11 18:03:20.586,0.98659,0.9867,1.12,1.37
2016.11.11 18:03:21.745,0.98659,0.98671,1.12,1.37
2016.11.11 18:03:27.621,0.98659,0.98671,2.25,1.37
2016.11.11 18:03:27.672,0.9866,0.98671,2.25,1.37
2016.11.11 18:03:27.978,0.98666,0.98676,1.87,1.75
2016.11.11 18:03:28.485,0.98667,0.98677,1.50,1.37
2016.11.11 18:03:29.239,0.98667,0.98678,1.00,1.37
2016.11.11 18:03:34.040,0.98667,0.98679,1.50,1.50
2016.11.11 18:03:35.636,0.98667,0.98678,1.50,1.37
2016.11.11 18:03:37.970,0.98667,0.98679,1.87,1.50
2016.11.11 18:03:38.072,0.98669,0.98681,1.50,3.37
2016.11.11 18:03:38.384,0.98669,0.98682,4.87,2.62
2016.11.11 18:03:38.739,0.98669,0.9868,4.87,1.37
2016.11.11 18:03:39.420,0.98669,0.9868,3.75,1.50
2016.11.11 18:03:40.065,0.98669,0.98679,3.75,1.12
2016.11.11 18:03:45.981,0.98669,0.98678,1.37,1.00
2016.11.11 18:03:46.083,0.98668,0.98678,1.50,1.00
2016.11.11 18:03:46.593,0.98668,0.98679,1.50,1.12
2016.11.11 18:03:46.897,0.98667,0.98677,3.00,1.00
2016.11.11 18:03:47.202,0.98662,0.98672,5.10,1.00
2016.11.11 18:03:47.254,0.98664,0.98675,1.50,1.00
2016.11.11 18:03:47.788,0.98663,0.98675,3.97,1.00
2016.11.11 18:03:48.300,0.98664,0.98676,1.00,1.12
2016.11.11 18:03:50.536,0.98664,0.98675,1.00,1.50
2016.11.11 18:03:50.588,0.98664,0.98673,1.00,1.00
2016.11.11 18:03:50.740,0.9866,0.98671,1.12,1.12
2016.11.11 18:03:51.055,0.9866,0.98673,2.47,2.62
2016.11.11 18:03:51.106,0.98662,0.98674,1.50,1.50
2016.11.11 18:03:51.615,0.98663,0.98674,1.12,1.12
2016.11.11 18:03:54.944,0.98663,0.98676,2.25,2.25
2016.11.11 18:03:56.018,0.98663,0.98673,1.37,1.00
2016.11.11 18:03:56.324,0.98656,0.98667,1.87,1.00
2016.11.11 18:03:56.578,0.98657,0.98669,1.50,1.00
2016.11.11 18:04:00.191,0.98657,0.98669,1.00,1.87
2016.11.11 18:04:00.736,0.98656,0.98669,3.75,1.50
2016.11.11 18:04:02.247,0.98656,0.98668,1.00,1.00
2016.11.11 18:04:02.772,0.98656,0.98669,1.50,1.50
2016.11.11 18:04:06.893,0.98656,0.98669,1.12,2.25
2016.11.11 18:04:06.995,0.98656,0.98669,1.12,1.87
2016.11.11 18:04:07.294,0.98655,0.98666,3.37,1.69
2016.11.11 18:04:07.599,0.9865,0.98661,1.12,1.00
2016.11.11 18:04:09.640,0.9865,0.98662,1.12,1.00
2016.11.11 18:04:09.742,0.98652,0.98664,1.00,1.50
2016.11.11 18:04:10.046,0.98654,0.98667,1.87,2.25
2016.11.11 18:04:10.148,0.98657,0.98669,1.00,3.00
2016.11.11 18:04:10.199,0.98657,0.98669,1.00,1.87
2016.11.11 18:04:10.740,0.98658,0.98669,1.00,1.12
2016.11.11 18:04:11.157,0.9866,0.98672,1.00,1.75
2016.11.11 18:04:11.208,0.9866,0.98672,1.00,1.12
2016.11.11 18:04:12.146,0.98659,0.98671,2.62,1.00
2016.11.11 18:04:18.369,0.98659,0.98671,1.50,1.00
2016.11.11 18:04:21.763,0.98659,0.98672,2.25,1.50
2016.11.11 18:04:29.700,0.9866,0.98673,4.12,1.87
2016.11.11 18:04:32.911,0.98662,0.98673,4.31,1.12
2016.11.11 18:04:32.962,0.98664,0.98673,1.00,1.00
2016.11.11 18:04:33.013,0.98664,0.98675,2.25,1.12
2016.11.11 18:04:33.114,0.98665,0.98678,1.87,1.12
2016.11.11 18:04:33.625,0.98665,0.98678,2.62,1.12
2016.11.11 18:04:34.434,0.98666,0.98679,1.50,1.87
2016.11.11 18:04:37.982,0.98666,0.98679,3.75,1.87
2016.11.11 18:04:40.129,0.98666,0.98678,1.87,1.00
2016.11.11 18:04:40.652,0.98665,0.98678,4.12,1.50
2016.11.11 18:04:46.137,0.98665,0.98674,3.37,1.00
2016.11.11 18:04:46.238,0.98663,0.98674,2.25,1.00
2016.11.11 18:04:46.788,0.98663,0.98675,1.87,1.87
2016.11.11 18:04:47.492,0.98663,0.98676,3.37,2.62
2016.11.11 18:04:49.058,0.98664,0.98677,2.62,1.87
2016.11.11 18:04:49.571,0.98665,0.98678,1.87,4.50
2016.11.11 18:04:50.881,0.98665,0.98678,1.12,2.25
2016.11.11 18:04:51.545,0.98665,0.98678,2.25,1.87
2016.11.11 18:04:57.490,0.98667,0.98679,1.37,1.50
2016.11.11 18:04:57.592,0.98669,0.9868,1.00,1.12
2016.11.11 18:04:57.795,0.9867,0.98682,1.50,1.50
2016.11.11 18:04:58.393,0.9867,0.98682,2.25,1.50
2016.11.11 18:05:00.786,0.98673,0.98683,1.00,1.50
2016.11.11 18:05:00.889,0.98674,0.98686,1.50,1.50
2016.11.11 18:05:01.185,0.98674,0.98684,2.25,1.12
2016.11.11 18:05:01.338,0.9867,0.98681,1.37,3.00
2016.11.11 18:05:01.440,0.98668,0.98678,1.12,1.00
2016.11.11 18:05:01.948,0.98668,0.98679,1.00,1.00
2016.11.11 18:05:02.481,0.98667,0.98678,1.12,1.00
2016.11.11 18:05:05.577,0.98666,0.98676,2.62,1.00
2016.11.11 18:05:05.933,0.98665,0.98674,1.87,1.25
2016.11.11 18:05:06.085,0.98662,0.98672,1.37,1.00
2016.11.11 18:05:06.136,0.98662,0.9867,1.00,1.00
2016.11.11 18:05:06.440,0.98661,0.98674,3.00,3.75
2016.11.11 18:05:11.223,0.98664,0.98674,2.62,1.50
2016.11.11 18:05:11.427,0.98668,0.9868,1.50,1.12
2016.11.11 18:05:13.799,0.98669,0.98682,3.37,1.75
2016.11.11 18:05:13.852,0.98669,0.98682,2.62,1.12
2016.11.11 18:05:14.361,0.98671,0.98682,1.87,1.00
2016.11.11 18:05:15.590,0.98671,0.98682,1.00,1.12
2016.11.11 18:05:17.096,0.9867,0.98681,1.87,1.00
2016.11.11 18:05:17.300,0.98669,0.9868,1.12,1.50
2016.11.11 18:05:19.387,0.98669,0.98681,1.12,1.12
2016.11.11 18:05:19.895,0.98669,0.98681,1.50,1.12
2016.11.11 18:05:21.138,0.98669,0.98682,1.87,1.00
2016.11.11 18:05:22.176,0.98669,0.98681,3.37,1.00
2016.11.11 18:05:22.278,0.98668,0.98676,1.50,1.00
2016.11.11 18:05:22.481,0.98663,0.98673,1.37,1.12
2016.11.11 18:05:22.583,0.98661,0.98673,1.00,1.12
2016.11.11 18:05:23.882,0.9866,0.98671,2.25,1.00
2016.11.11 18:05:24.389,0.9866,0.9867,1.00,1.00
2016.11.11 18:05:24.722,0.9866,0.98668,1.00,1.00
2016.11.11 18:05:24.824,0.98659,0.9867,1.00,1.00
2016.11.11 18:05:25.180,0.98657,0.98669,1.50,1.00
2016.11.11 18:05:26.740,0.98657,0.98667,1.12,1.00
2016.11.11 18:05:27.079,0.98651,0.98661,1.00,1.00
2016.11.11 18:05:27.181,0.98651,0.98663,1.50,1.00
2016.11.11 18:05:27.435,0.98653,0.98666,1.00,2.25
2016.11.11 18:05:27.943,0.98652,0.98664,1.12,1.00
2016.11.11 18:05:28.903,0.98652,0.98665,1.87,2.25
2016.11.11 18:05:30.093,0.98653,0.98665,1.00,1.00
2016.11.11 18:05:30.643,0.98653,0.98666,2.25,1.12
2016.11.11 18:05:31.745,0.98656,0.98668,1.00,5.62
2016.11.11 18:05:32.051,0.98659,0.98668,1.00,2.25
2016.11.11 18:05:32.103,0.98659,0.9867,1.00,1.00
2016.11.11 18:05:32.614,0.98658,0.9867,1.00,1.00
2016.11.11 18:05:34.522,0.98657,0.9867,1.00,1.00
2016.11.11 18:05:36.642,0.98658,0.9867,1.00,1.00
2016.11.11 18:05:37.184,0.98657,0.9867,1.12,1.87
2016.11.11 18:05:37.688,0.98657,0.98669,1.12,1.00
2016.11.11 18:05:38.204,0.98656,0.98668,1.50,1.00
2016.11.11 18:05:38.256,0.98656,0.98665,1.50,1.00
2016.11.11 18:05:38.459,0.98653,0.98663,1.00,1.00
2016.11.11 18:05:38.965,0.98652,0.98664,1.87,1.00
2016.11.11 18:05:39.669,0.98654,0.98666,1.00,2.25
2016.11.11 18:05:39.821,0.98654,0.98667,6.00,1.50
2016.11.11 18:05:39.923,0.98657,0.98669,1.00,1.50
2016.11.11 18:05:40.075,0.98657,0.9867,1.50,3.37
2016.11.11 18:05:40.581,0.98657,0.98669,1.00,1.00
2016.11.11 18:05:43.639,0.98656,0.98669,2.25,1.50
2016.11.11 18:05:43.792,0.98656,0.98669,1.00,2.25
2016.11.11 18:05:44.884,0.98656,0.98669,1.12,1.00
2016.11.11 18:05:45.091,0.98655,0.98667,2.62,1.00
2016.11.11 18:05:47.139,0.98656,0.98668,1.12,1.00
2016.11.11 18:05:49.750,0.98656,0.98669,1.12,1.00
2016.11.11 18:05:50.573,0.98656,0.98668,1.00,1.00
2016.11.11 18:05:54.440,0.98656,0.98669,1.00,1.50
2016.11.11 18:05:54.745,0.98654,0.98667,1.87,3.41
2016.11.11 18:05:55.281,0.98653,0.98665,1.12,1.00
2016.11.11 18:05:55.828,0.98653,0.98666,1.87,1.91
2016.11.11 18:05:56.847,0.98653,0.98665,3.37,1.35
2016.11.11 18:05:57.152,0.9865,0.98661,2.25,1.00
2016.11.11 18:05:57.598,0.98651,0.98663,1.12,1.00
2016.11.11 18:06:06.474,0.98653,0.98665,1.00,1.50
2016.11.11 18:06:06.982,0.98653,0.98666,1.00,1.50
2016.11.11 18:06:07.488,0.98653,0.98666,1.50,1.50
2016.11.11 18:06:07.794,0.98648,0.9866,2.62,1.00
2016.11.11 18:06:08.323,0.98648,0.9866,1.12,1.00
2016.11.11 18:06:09.586,0.98648,0.98659,1.12,1.00
2016.11.11 18:06:09.922,0.98641,0.98653,1.37,1.50
2016.11.11 18:06:10.431,0.98641,0.98653,1.12,1.00
2016.11.11 18:06:10.635,0.98643,0.98656,4.69,1.87
2016.11.11 18:06:11.040,0.98647,0.98657,1.00,1.00
2016.11.11 18:06:11.092,0.98648,0.9866,1.00,1.87
2016.11.11 18:06:11.234,0.98649,0.98661,1.00,1.00
2016.11.11 18:06:11.893,0.98647,0.98659,1.50,1.00
2016.11.11 18:06:12.243,0.98646,0.98657,1.12,1.00
2016.11.11 18:06:13.140,0.98646,0.98659,3.75,1.00
2016.11.11 18:06:13.293,0.98648,0.98659,1.00,1.00
2016.11.11 18:06:13.395,0.98648,0.98661,1.50,2.25
2016.11.11 18:06:13.447,0.98648,0.98659,1.00,1.00
2016.11.11 18:06:15.248,0.98648,0.98659,1.37,1.00
2016.11.11 18:06:15.408,0.9865,0.98661,1.37,2.62
2016.11.11 18:06:17.413,0.98648,0.98661,1.87,2.25
2016.11.11 18:06:17.920,0.98649,0.98662,2.25,1.50
2016.11.11 18:06:20.694,0.9865,0.98662,1.00,1.00
2016.11.11 18:06:20.869,0.98651,0.98664,3.75,1.50
2016.11.11 18:06:21.375,0.98651,0.98663,1.12,2.25
2016.11.11 18:06:30.689,0.9865,0.98661,2.25,1.00
2016.11.11 18:06:30.892,0.98649,0.9866,1.12,1.00
2016.11.11 18:06:31.379,0.98651,0.98662,1.00,1.00
2016.11.11 18:06:31.684,0.98656,0.98668,1.12,1.00
2016.11.11 18:06:32.488,0.98655,0.98665,2.25,1.54
2016.11.11 18:06:32.692,0.98649,0.98661,1.87,1.50
2016.11.11 18:06:32.794,0.98649,0.98661,1.00,1.50
2016.11.11 18:06:35.040,0.98649,0.98661,1.50,1.00
2016.11.11 18:06:35.142,0.98653,0.98662,1.00,1.00
2016.11.11 18:06:35.296,0.98656,0.98668,1.12,1.37
2016.11.11 18:06:35.349,0.98655,0.98665,2.25,1.50
2016.11.11 18:06:35.503,0.98652,0.98663,3.00,1.00
2016.11.11 18:06:36.010,0.98652,0.98664,3.00,1.00
2016.11.11 18:06:38.482,0.98652,0.98663,2.62,1.50
2016.11.11 18:06:38.584,0.98649,0.98662,4.50,1.50
2016.11.11 18:06:39.092,0.98649,0.98662,1.50,1.50
2016.11.11 18:06:40.330,0.98649,0.98662,1.12,1.50
2016.11.11 18:06:42.281,0.98649,0.9866,1.12,1.00
2016.11.11 18:06:42.599,0.98645,0.98656,1.00,1.00
2016.11.11 18:06:42.817,0.98645,0.98658,1.50,1.50
2016.11.11 18:06:42.970,0.98647,0.98658,1.00,1.00
2016.11.11 18:06:46.188,0.98647,0.9866,1.50,3.37
2016.11.11 18:06:49.636,0.98647,0.98659,1.00,1.00
2016.11.11 18:06:50.143,0.98646,0.98658,1.00,1.50
2016.11.11 18:06:52.486,0.98645,0.98658,1.87,2.25
2016.11.11 18:06:55.327,0.98646,0.98658,1.00,1.00
2016.11.11 18:06:56.782,0.98647,0.98659,1.00,1.50
2016.11.11 18:06:56.935,0.98649,0.98662,1.50,3.37
2016.11.11 18:06:57.886,0.98649,0.9866,1.00,1.00
2016.11.11 18:06:58.039,0.98646,0.98659,3.00,1.00
2016.11.11 18:06:58.557,0.98646,0.98658,1.00,1.00
2016.11.11 18:07:01.714,0.98647,0.98659,1.12,1.00
2016.11.11 18:07:02.569,0.98647,0.98654,1.00,1.00
2016.11.11 18:07:02.621,0.98645,0.98654,1.12,3.97
2016.11.11 18:07:02.672,0.98643,0.98651,1.50,1.00
2016.11.11 18:07:02.724,0.98642,0.98651,1.37,1.00
2016.11.11 18:07:02.838,0.98641,0.98653,1.12,1.00
2016.11.11 18:07:11.542,0.9864,0.98653,1.12,1.00
2016.11.11 18:07:14.319,0.9864,0.98653,1.00,1.87
2016.11.11 18:07:18.788,0.9864,0.98652,1.00,1.37
2016.11.11 18:07:20.649,0.9864,0.98653,1.00,1.87
2016.11.11 18:07:24.719,0.98644,0.98653,1.37,1.87
2016.11.11 18:07:24.824,0.98649,0.98659,1.00,1.87
2016.11.11 18:07:24.875,0.98649,0.98661,1.50,1.87
2016.11.11 18:07:24.977,0.98651,0.98664,1.00,4.12
2016.11.11 18:07:26.990,0.98651,0.98664,1.87,2.62
2016.11.11 18:07:28.540,0.98651,0.98661,1.12,1.00
2016.11.11 18:07:28.845,0.98649,0.98659,1.00,1.37
2016.11.11 18:07:29.302,0.98648,0.98661,1.72,1.37
2016.11.11 18:07:29.556,0.98648,0.98657,1.00,1.00
2016.11.11 18:07:29.708,0.98646,0.98657,1.50,1.12
2016.11.11 18:07:29.912,0.98648,0.98658,1.00,1.12
2016.11.11 18:07:30.590,0.98647,0.9866,1.87,1.87
2016.11.11 18:07:31.798,0.98647,0.9866,1.87,1.37
2016.11.11 18:07:33.496,0.98647,0.9866,1.87,2.62
2016.11.11 18:07:36.592,0.98647,0.9866,1.87,1.87
2016.11.11 18:07:37.430,0.98647,0.98657,1.12,1.00
2016.11.11 18:07:37.684,0.98647,0.98659,1.12,1.12
2016.11.11 18:07:38.191,0.98648,0.9866,1.00,1.12
2016.11.11 18:07:39.288,0.98648,0.9866,1.00,1.37
2016.11.11 18:07:39.829,0.98648,0.98658,1.00,1.12
2016.11.11 18:07:39.880,0.98648,0.98657,1.00,1.37
2016.11.11 18:07:39.931,0.98646,0.98657,1.50,1.87
2016.11.11 18:07:40.185,0.98644,0.98653,2.62,1.00
2016.11.11 18:07:40.338,0.98643,0.98653,1.00,1.00
2016.11.11 18:07:46.457,0.98642,0.98652,1.87,1.00
2016.11.11 18:07:46.991,0.98641,0.98653,1.87,1.12
2016.11.11 18:07:47.042,0.98641,0.98651,1.87,1.00
2016.11.11 18:07:47.768,0.98641,0.98652,1.87,1.00
2016.11.11 18:07:48.294,0.98641,0.98652,1.37,1.37
2016.11.11 18:07:50.911,0.98641,0.98652,1.37,1.12
2016.11.11 18:08:05.643,0.98641,0.98653,1.37,1.00
2016.11.11 18:08:09.538,0.98641,0.98654,2.62,1.50
2016.11.11 18:08:10.046,0.98644,0.98654,1.00,1.00
2016.11.11 18:08:10.149,0.98646,0.98657,1.00,1.12
2016.11.11 18:08:10.302,0.98646,0.98659,1.50,1.87
2016.11.11 18:08:12.740,0.98647,0.98659,1.50,1.00
2016.11.11 18:08:12.842,0.98649,0.98661,1.00,1.00
2016.11.11 18:08:13.796,0.98649,0.98662,1.50,2.62
2016.11.11 18:08:14.343,0.9865,0.98662,1.12,1.00
2016.11.11 18:08:14.887,0.9865,0.98663,1.87,1.69
2016.11.11 18:08:17.194,0.9865,0.98662,1.87,1.00
2016.11.11 18:08:17.499,0.98647,0.98659,3.00,1.00
2016.11.11 18:08:18.639,0.98647,0.98658,1.87,1.00
2016.11.11 18:08:19.179,0.98647,0.98659,1.00,1.00
2016.11.11 18:08:27.647,0.98646,0.98659,1.50,1.50
2016.11.11 18:08:33.890,0.9865,0.98659,1.00,1.50
2016.11.11 18:08:34.196,0.98661,0.98669,1.50,2.25
2016.11.11 18:08:34.451,0.98666,0.98677,2.25,1.12
2016.11.11 18:08:34.553,0.98667,0.98679,1.00,1.12
2016.11.11 18:08:35.247,0.98665,0.98674,2.62,1.25
2016.11.11 18:08:35.400,0.98661,0.98671,1.00,1.00
2016.11.11 18:08:35.563,0.98659,0.98671,1.12,1.00
2016.11.11 18:08:38.441,0.98658,0.98671,2.10,1.50
2016.11.11 18:08:38.979,0.98658,0.98671,3.60,1.50
2016.11.11 18:08:41.440,0.98659,0.98671,2.10,1.50
2016.11.11 18:08:44.891,0.98658,0.98671,3.60,1.50
2016.11.11 18:08:44.942,0.98657,0.98668,2.25,2.29
2016.11.11 18:08:45.247,0.98657,0.9867,1.50,3.00
2016.11.11 18:08:45.298,0.98659,0.9867,1.00,1.50
2016.11.11 18:08:45.428,0.9866,0.98672,1.00,2.25
2016.11.11 18:08:46.347,0.98659,0.98672,1.87,2.25
2016.11.11 18:08:53.150,0.98658,0.9867,1.87,1.00
2016.11.11 18:08:53.340,0.98657,0.9867,2.62,2.25
2016.11.11 18:08:53.847,0.9866,0.98672,1.00,1.50
2016.11.11 18:08:54.353,0.98659,0.98672,1.87,1.50
2016.11.11 18:08:54.708,0.98661,0.98672,1.00,1.00
2016.11.11 18:08:54.861,0.98662,0.98674,1.00,1.00
2016.11.11 18:08:55.441,0.98662,0.98673,1.00,1.00
2016.11.11 18:08:55.594,0.9866,0.98673,2.25,1.50
2016.11.11 18:08:56.132,0.9866,0.98672,1.12,1.00
2016.11.11 18:08:56.988,0.9866,0.98673,1.87,1.50
2016.11.11 18:08:57.039,0.98666,0.98673,1.00,1.50
2016.11.11 18:08:57.143,0.98666,0.98677,1.00,1.37
2016.11.11 18:08:57.194,0.98666,0.98678,1.00,1.12
2016.11.11 18:08:58.052,0.98666,0.98679,2.62,1.50
2016.11.11 18:08:58.661,0.98669,0.98681,1.00,2.25
2016.11.11 18:08:59.168,0.98668,0.98681,2.47,1.50
2016.11.11 18:08:59.473,0.9867,0.98683,1.12,1.50
2016.11.11 18:08:59.821,0.98669,0.98681,1.87,1.00
2016.11.11 18:09:01.341,0.98671,0.98682,1.00,1.00
2016.11.11 18:09:01.392,0.98671,0.98684,1.50,1.50
2016.11.11 18:09:01.443,0.98674,0.98684,1.00,1.00
2016.11.11 18:09:01.494,0.98674,0.98686,1.50,1.00
2016.11.11 18:09:01.886,0.98674,0.98684,1.00,1.00
2016.11.11 18:09:01.988,0.98674,0.98686,1.00,1.00
2016.11.11 18:09:02.968,0.98674,0.98687,1.00,1.00
2016.11.11 18:09:03.482,0.98674,0.98687,1.87,2.25
2016.11.11 18:09:03.533,0.98674,0.98682,1.12,1.00
2016.11.11 18:09:03.686,0.98669,0.98682,2.06,1.50
2016.11.11 18:09:04.195,0.98669,0.98682,1.31,3.00
2016.11.11 18:09:06.376,0.98671,0.98683,1.00,1.00
2016.11.11 18:09:06.887,0.98671,0.98684,1.50,1.50
2016.11.11 18:09:13.956,0.98671,0.98684,2.25,1.50
2016.11.11 18:09:29.465,0.98671,0.98684,1.87,1.50
2016.11.11 18:09:29.972,0.98671,0.98683,1.00,1.00
2016.11.11 18:09:33.828,0.98671,0.98684,1.50,1.00
2016.11.11 18:09:34.132,0.98673,0.98686,1.50,1.00
2016.11.11 18:09:35.134,0.98674,0.98686,1.00,1.00
2016.11.11 18:09:36.589,0.98676,0.98687,1.00,2.25
2016.11.11 18:09:36.794,0.98678,0.9869,1.00,2.25
2016.11.11 18:09:37.150,0.98681,0.98692,1.00,1.00
2016.11.11 18:09:37.403,0.98683,0.98696,1.50,2.81
2016.11.11 18:09:37.557,0.98682,0.98693,1.37,1.00
2016.11.11 18:09:37.880,0.98679,0.9869,1.00,1.00
2016.11.11 18:09:45.442,0.98678,0.9869,1.12,1.00
2016.11.11 18:09:45.948,0.98682,0.98691,1.50,1.00
2016.11.11 18:09:46.152,0.98687,0.98698,1.00,1.00
2016.11.11 18:09:46.632,0.98687,0.987,1.35,1.00
2016.11.11 18:09:47.301,0.98688,0.98698,1.00,1.87
2016.11.11 18:09:47.605,0.9868,0.98692,3.00,1.00
2016.11.11 18:09:47.656,0.9868,0.98692,2.62,1.00
2016.11.11 18:09:47.910,0.98682,0.98694,1.50,1.50
2016.11.11 18:09:47.961,0.98684,0.98694,1.72,1.50
2016.11.11 18:09:48.063,0.98687,0.98697,1.00,1.12
2016.11.11 18:09:48.421,0.98687,0.987,1.00,2.62
2016.11.11 18:09:51.043,0.98687,0.987,2.25,1.50
2016.11.11 18:09:51.550,0.98688,0.98701,1.12,1.00
2016.11.11 18:09:52.056,0.98688,0.98701,1.87,1.00
2016.11.11 18:09:53.536,0.98688,0.98699,1.37,1.00
2016.11.11 18:09:53.841,0.98686,0.98697,1.87,1.00
2016.11.11 18:09:56.586,0.98687,0.987,1.12,3.00
2016.11.11 18:09:57.097,0.98688,0.98701,2.25,1.50
2016.11.11 18:09:59.943,0.98689,0.98701,1.00,1.00
2016.11.11 18:10:00.471,0.98688,0.987,1.12,1.00
2016.11.11 18:10:05.297,0.98688,0.98699,1.12,1.00
2016.11.11 18:10:06.531,0.98688,0.98698,1.12,1.00
2016.11.11 18:10:06.583,0.98687,0.98695,1.50,1.25
2016.11.11 18:10:06.736,0.98685,0.98695,1.12,1.00
2016.11.11 18:10:07.244,0.98683,0.98695,2.25,1.50
2016.11.11 18:10:09.742,0.98682,0.98695,3.00,3.56
2016.11.11 18:10:09.895,0.98681,0.98692,1.12,1.00
2016.11.11 18:10:10.301,0.98682,0.98694,1.69,1.00
2016.11.11 18:10:10.403,0.98683,0.98695,2.10,1.00
2016.11.11 18:10:10.924,0.98683,0.98695,1.12,1.00
2016.11.11 18:10:11.343,0.98681,0.98692,1.12,1.00
2016.11.11 18:10:15.097,0.98685,0.98695,1.00,1.50
2016.11.11 18:10:15.352,0.98686,0.98699,1.87,1.50
2016.11.11 18:10:15.862,0.98686,0.98698,1.00,1.00
2016.11.11 18:10:16.409,0.98686,0.98699,1.00,1.00
2016.11.11 18:10:21.792,0.98686,0.987,1.00,1.87
2016.11.11 18:10:22.895,0.98687,0.987,1.00,1.87
2016.11.11 18:10:24.447,0.98689,0.987,1.00,1.00
2016.11.11 18:10:24.991,0.98689,0.98701,1.00,1.00
2016.11.11 18:10:25.335,0.98687,0.98698,1.37,1.50
2016.11.11 18:10:25.438,0.98686,0.98697,1.12,1.00
2016.11.11 18:10:25.945,0.98686,0.98698,1.00,1.00
2016.11.11 18:10:25.997,0.98686,0.98701,1.87,4.87
2016.11.11 18:10:26.099,0.98688,0.98701,1.50,4.12
2016.11.11 18:10:26.606,0.98688,0.987,1.00,1.00
2016.11.11 18:10:27.146,0.98687,0.98699,1.00,1.00
2016.11.11 18:10:28.452,0.98687,0.987,1.87,1.50
2016.11.11 18:10:28.805,0.98692,0.98701,1.00,1.50
2016.11.11 18:10:28.958,0.98694,0.98705,1.00,2.25
2016.11.11 18:10:29.110,0.98692,0.98704,3.75,1.00
2016.11.11 18:10:29.314,0.98693,0.98706,1.87,1.00
2016.11.11 18:10:31.091,0.98695,0.98707,1.00,1.00
2016.11.11 18:10:31.596,0.98695,0.98708,1.50,3.00
2016.11.11 18:10:33.090,0.98695,0.98704,1.50,1.50
2016.11.11 18:10:33.365,0.98689,0.987,1.12,1.00
2016.11.11 18:10:33.917,0.9869,0.98703,1.00,1.50
2016.11.11 18:10:34.020,0.98695,0.98703,1.00,1.00
2016.11.11 18:10:34.071,0.98696,0.98705,1.00,1.00
2016.11.11 18:10:34.174,0.98698,0.98708,1.00,1.50
2016.11.11 18:10:34.479,0.98706,0.98718,1.00,1.75
2016.11.11 18:10:34.632,0.98703,0.98714,2.62,1.69
2016.11.11 18:10:34.684,0.98703,0.9871,1.87,1.50
2016.11.11 18:10:34.870,0.98697,0.98708,1.12,1.00
2016.11.11 18:10:35.545,0.98696,0.98707,1.37,1.00
2016.11.11 18:10:35.646,0.98695,0.98707,2.25,1.00
2016.11.11 18:10:35.901,0.98695,0.98709,1.87,3.00
2016.11.11 18:10:38.691,0.98696,0.98709,1.00,1.00
2016.11.11 18:10:39.232,0.98697,0.98709,1.00,1.00
2016.11.11 18:10:40.519,0.98698,0.9871,1.00,1.00
2016.11.11 18:10:40.859,0.98699,0.98712,1.87,1.50
2016.11.11 18:10:41.386,0.98699,0.98712,3.75,1.00
2016.11.11 18:10:41.893,0.987,0.98713,1.12,1.00
2016.11.11 18:10:42.943,0.98702,0.98713,1.50,1.00
2016.11.11 18:10:43.197,0.98704,0.98717,1.87,2.25
2016.11.11 18:10:43.553,0.98703,0.98715,1.12,1.00
2016.11.11 18:10:44.891,0.98703,0.98716,1.12,1.00
2016.11.11 18:10:45.597,0.98702,0.98714,3.00,2.62
2016.11.11 18:10:45.749,0.98701,0.98713,1.50,1.00
2016.11.11 18:10:46.745,0.987,0.98712,1.50,1.00
2016.11.11 18:10:47.252,0.987,0.98712,1.12,1.00
2016.11.11 18:10:49.555,0.98699,0.98711,2.62,1.00
2016.11.11 18:10:50.387,0.98699,0.98709,1.87,1.00
2016.11.11 18:10:50.731,0.98698,0.98711,3.37,2.25
2016.11.11 18:10:51.239,0.98698,0.9871,2.62,1.00
2016.11.11 18:10:51.838,0.98697,0.98709,1.50,1.50
2016.11.11 18:10:52.375,0.98697,0.98709,1.12,1.50
2016.11.11 18:10:52.891,0.98696,0.98709,3.37,3.37
2016.11.11 18:10:53.757,0.98696,0.98703,1.37,1.00
2016.11.11 18:10:53.910,0.98694,0.98707,2.62,3.37
2016.11.11 18:10:54.165,0.98695,0.98708,1.12,1.12
2016.11.11 18:10:54.677,0.98696,0.98708,1.00,1.12
2016.11.11 18:10:57.036,0.98696,0.98704,1.00,1.12
2016.11.11 18:10:57.241,0.98689,0.98701,1.87,1.12
2016.11.11 18:10:57.750,0.98689,0.98699,1.00,1.00
2016.11.11 18:10:58.005,0.98687,0.98699,1.12,1.00
2016.11.11 18:10:58.511,0.98688,0.987,1.00,1.12
2016.11.11 18:10:59.044,0.98687,0.987,1.12,1.87
2016.11.11 18:10:59.500,0.98689,0.98702,1.12,2.62
2016.11.11 18:10:59.551,0.98689,0.98702,1.00,2.25
2016.11.11 18:10:59.754,0.9869,0.98703,1.87,2.62
2016.11.11 18:11:00.261,0.9869,0.98703,1.12,1.87
2016.11.11 18:11:00.541,0.9869,0.98703,2.25,1.12
2016.11.11 18:11:00.927,0.98691,0.98704,2.25,1.37
2016.11.11 18:11:01.130,0.98693,0.98705,1.00,1.00
2016.11.11 18:11:01.587,0.98693,0.98703,1.00,1.00
2016.11.11 18:11:01.840,0.98688,0.987,3.37,1.00
2016.11.11 18:11:02.372,0.98688,0.98701,4.12,1.12
2016.11.11 18:11:03.143,0.98688,0.98701,4.12,1.37
2016.11.11 18:11:03.709,0.98693,0.98702,1.00,1.87
2016.11.11 18:11:03.811,0.98695,0.98704,1.00,1.00
2016.11.11 18:11:03.912,0.98695,0.98706,1.00,1.00
2016.11.11 18:11:05.869,0.98695,0.98703,1.00,1.00
2016.11.11 18:11:06.139,0.98687,0.987,1.50,2.62
2016.11.11 18:11:08.741,0.98687,0.98697,1.00,1.37
2016.11.11 18:11:08.843,0.98684,0.98697,3.00,1.87
2016.11.11 18:11:09.248,0.98685,0.98697,1.12,1.12
2016.11.11 18:11:10.479,0.98685,0.98698,1.12,3.37
2016.11.11 18:11:11.862,0.98685,0.98698,1.12,3.37
2016.11.11 18:11:13.193,0.98684,0.98697,3.22,1.37
2016.11.11 18:11:16.442,0.98687,0.98698,1.00,1.50
2016.11.11 18:11:16.495,0.98687,0.987,1.00,4.50
2016.11.11 18:11:16.699,0.98685,0.987,2.85,1.87
2016.11.11 18:11:17.685,0.98685,0.98698,2.47,1.37
2016.11.11 18:11:18.394,0.98687,0.98698,1.00,1.37
2016.11.11 18:11:18.497,0.98688,0.987,1.50,1.12
2016.11.11 18:11:19.039,0.98689,0.98701,1.12,1.12
2016.11.11 18:11:21.875,0.9869,0.98702,1.00,1.87
2016.11.11 18:11:23.198,0.98691,0.98702,1.87,1.37
2016.11.11 18:11:23.300,0.98693,0.98704,1.00,1.37
2016.11.11 18:11:24.086,0.98692,0.987,1.50,1.37
2016.11.11 18:11:24.187,0.98689,0.987,1.50,1.87
2016.11.11 18:11:24.696,0.98688,0.987,2.62,1.37
2016.11.11 18:11:37.942,0.98689,0.98702,1.87,2.62
2016.11.11 18:11:38.347,0.98688,0.987,1.50,1.87
2016.11.11 18:11:40.250,0.98687,0.98699,3.00,1.37
2016.11.11 18:11:40.554,0.98685,0.98698,4.12,1.37
2016.11.11 18:11:41.985,0.98685,0.98697,1.12,1.37
2016.11.11 18:11:46.990,0.98684,0.98695,3.75,1.50
2016.11.11 18:11:47.319,0.98679,0.98692,3.00,2.25
2016.11.11 18:11:47.386,0.9868,0.98692,1.50,1.37
2016.11.11 18:11:47.893,0.9868,0.98693,3.37,2.62
2016.11.11 18:11:49.062,0.9868,0.98693,3.37,2.62
2016.11.11 18:11:50.239,0.9868,0.98692,1.12,1.12
2016.11.11 18:11:56.077,0.98679,0.98691,3.00,1.00
2016.11.11 18:12:08.441,0.9868,0.98692,1.12,1.12
2016.11.11 18:12:09.189,0.9868,0.9869,1.12,1.50
2016.11.11 18:12:09.695,0.98679,0.9869,1.12,2.62
2016.11.11 18:12:10.093,0.98683,0.98692,1.12,1.00
2016.11.11 18:12:10.196,0.98684,0.98696,1.87,1.37
2016.11.11 18:12:10.298,0.98685,0.98698,1.00,2.62
2016.11.11 18:12:13.040,0.98689,0.98698,1.00,1.37
2016.11.11 18:12:13.092,0.9869,0.98701,1.00,1.12
2016.11.11 18:12:13.244,0.98692,0.98703,1.00,1.50
2016.11.11 18:12:13.296,0.98692,0.98703,1.50,1.12
2016.11.11 18:12:13.804,0.98693,0.98706,1.12,2.62
2016.11.11 18:12:15.393,0.98693,0.98707,1.87,1.87
2016.11.11 18:12:22.645,0.98693,0.98705,2.62,1.69
2016.11.11 18:12:22.748,0.98693,0.98703,1.12,2.25
2016.11.11 18:12:22.900,0.9869,0.98701,1.12,1.00
2016.11.11 18:12:23.002,0.98693,0.98701,1.00,1.00
2016.11.11 18:12:23.104,0.98697,0.98708,2.10,1.50
2016.11.11 18:12:23.155,0.98703,0.98708,1.00,1.00
2016.11.11 18:12:23.257,0.98704,0.98716,1.00,2.25
2016.11.11 18:12:23.309,0.98706,0.98716,1.00,1.37
2016.11.11 18:12:23.360,0.98706,0.98717,1.00,1.00
2016.11.11 18:12:24.055,0.98706,0.98718,1.00,1.12
2016.11.11 18:12:26.429,0.98705,0.98717,1.87,1.00
2016.11.11 18:12:26.965,0.98705,0.98718,1.87,2.62
2016.11.11 18:12:28.290,0.98705,0.98718,1.87,3.37
2016.11.11 18:12:32.125,0.98705,0.98717,1.87,1.87
2016.11.11 18:12:32.431,0.98701,0.98712,1.87,1.12
2016.11.11 18:12:34.392,0.98702,0.98713,1.12,1.12
2016.11.11 18:12:35.992,0.98701,0.98712,1.87,1.00
2016.11.11 18:12:36.093,0.98699,0.98712,2.62,1.50
2016.11.11 18:12:36.195,0.98699,0.98712,2.62,2.62
2016.11.11 18:12:36.499,0.98702,0.98713,1.00,1.37
2016.11.11 18:12:36.651,0.987,0.98713,1.87,1.87
2016.11.11 18:12:37.164,0.98703,0.98713,1.00,1.37
2016.11.11 18:12:37.266,0.98703,0.98715,1.00,1.50
2016.11.11 18:12:37.607,0.98704,0.98717,1.87,1.37
2016.11.11 18:12:38.880,0.98704,0.98716,1.12,1.37
2016.11.11 18:12:42.092,0.98704,0.98714,1.12,1.69
2016.11.11 18:12:42.599,0.98702,0.98714,2.25,2.81
2016.11.11 18:12:44.129,0.98701,0.98714,2.25,2.81
2016.11.11 18:12:44.662,0.98701,0.98713,1.12,1.87
2016.11.11 18:12:44.713,0.987,0.9871,1.87,1.12
2016.11.11 18:12:45.017,0.98701,0.98713,1.12,2.62
2016.11.11 18:12:45.524,0.98701,0.98714,2.62,1.87
2016.11.11 18:12:46.422,0.98701,0.98714,3.37,2.62
2016.11.11 18:12:50.940,0.98701,0.98713,3.37,1.37
2016.11.11 18:12:51.461,0.987,0.98713,3.00,1.37
2016.11.11 18:12:57.371,0.98701,0.98713,2.25,1.37
2016.11.11 18:12:57.423,0.98702,0.98715,3.00,1.87
2016.11.11 18:12:57.526,0.98704,0.98717,2.62,1.50
2016.11.11 18:12:57.832,0.98705,0.98716,1.37,1.87
2016.11.11 18:12:58.137,0.98699,0.9871,2.62,1.12
2016.11.11 18:12:58.442,0.98701,0.98712,1.00,1.12
2016.11.11 18:12:58.984,0.98701,0.98714,3.37,3.75
2016.11.11 18:12:59.440,0.98699,0.98711,1.87,1.12
2016.11.11 18:12:59.962,0.98698,0.98712,3.75,2.62
2016.11.11 18:13:01.742,0.98698,0.98706,3.37,1.69
2016.11.11 18:13:01.845,0.98695,0.98704,1.12,1.87
2016.11.11 18:13:01.947,0.98693,0.98704,1.37,1.87
2016.11.11 18:13:02.049,0.98694,0.98705,1.12,1.00
2016.11.11 18:13:02.181,0.98698,0.98709,1.00,1.89
2016.11.11 18:13:02.690,0.98697,0.9871,2.62,1.01
2016.11.11 18:13:02.793,0.98699,0.98711,1.00,1.00
2016.11.11 18:13:03.339,0.98699,0.9871,1.00,1.00
2016.11.11 18:13:05.954,0.98699,0.98709,1.00,1.00
2016.11.11 18:13:06.157,0.98697,0.9871,1.12,2.62
2016.11.11 18:13:07.297,0.98698,0.9871,1.00,1.37
2016.11.11 18:13:07.349,0.98698,0.98711,1.50,1.87
2016.11.11 18:13:07.858,0.987,0.98711,1.00,1.12
2016.11.11 18:13:08.125,0.98704,0.98717,1.12,1.12
2016.11.11 18:13:08.885,0.98704,0.98717,2.62,1.12
2016.11.11 18:13:10.221,0.98706,0.98719,1.50,1.87
2016.11.11 18:13:10.323,0.98708,0.9872,1.50,1.87
2016.11.11 18:13:14.343,0.98708,0.9872,1.00,1.12
2016.11.11 18:13:14.911,0.98707,0.9872,2.62,1.12
2016.11.11 18:13:15.488,0.98708,0.9872,1.00,1.12
2016.11.11 18:13:18.643,0.98708,0.98721,1.00,3.37
2016.11.11 18:13:19.202,0.98707,0.9872,3.00,1.87
2016.11.11 18:13:19.739,0.98708,0.9872,1.00,2.62
2016.11.11 18:13:20.045,0.98706,0.98718,2.25,1.12
2016.11.11 18:13:22.895,0.98706,0.98718,1.87,2.25
2016.11.11 18:13:23.199,0.98701,0.98713,1.12,1.87
2016.11.11 18:13:23.706,0.98701,0.98713,2.25,1.50
2016.11.11 18:13:24.247,0.98702,0.98713,1.37,1.50
2016.11.11 18:13:25.945,0.98704,0.98716,1.00,2.25
2016.11.11 18:13:26.334,0.98705,0.98718,1.00,2.25
2016.11.11 18:13:27.297,0.98704,0.98715,1.87,1.25
2016.11.11 18:13:27.603,0.98701,0.98713,1.00,1.50
2016.11.11 18:13:27.726,0.98703,0.98713,1.00,1.00
2016.11.11 18:13:27.777,0.98705,0.98716,1.00,1.00
2016.11.11 18:13:27.980,0.98706,0.98718,1.12,1.00
2016.11.11 18:13:28.390,0.98706,0.98714,1.87,1.91
2016.11.11 18:13:28.593,0.98699,0.98709,1.12,1.00
2016.11.11 18:13:29.101,0.98699,0.9871,1.00,1.50
2016.11.11 18:13:32.492,0.98699,0.98712,2.25,2.25
2016.11.11 18:13:32.544,0.98701,0.98712,1.00,1.50
2016.11.11 18:13:32.775,0.98703,0.98716,3.37,3.00
2016.11.11 18:13:33.029,0.98706,0.98716,1.00,1.00
2016.11.11 18:13:33.081,0.98706,0.98718,1.00,1.12
2016.11.11 18:13:35.786,0.98705,0.98714,3.37,1.00
2016.11.11 18:13:35.948,0.987,0.9871,1.12,1.12
2016.11.11 18:13:36.152,0.98698,0.98709,1.12,1.00
2016.11.11 18:13:37.167,0.98698,0.98711,2.62,1.12
2016.11.11 18:13:37.673,0.98701,0.98711,1.00,1.12
2016.11.11 18:13:37.978,0.98698,0.98708,1.75,1.00
2016.11.11 18:13:38.029,0.98697,0.98708,1.37,1.00
2016.11.11 18:13:38.131,0.98696,0.98708,1.87,1.00
2016.11.11 18:13:38.891,0.98697,0.9871,1.00,3.00
2016.11.11 18:13:39.168,0.98699,0.9871,1.00,1.12
2016.11.11 18:13:39.675,0.98698,0.98711,1.50,3.00
2016.11.11 18:13:42.757,0.987,0.98711,1.00,1.00
2016.11.11 18:13:43.080,0.98702,0.98713,1.00,1.50
2016.11.11 18:13:43.131,0.987,0.98712,1.12,1.00
2016.11.11 18:13:47.139,0.987,0.98711,1.12,1.00
2016.11.11 18:13:47.646,0.98699,0.98711,1.50,1.12
2016.11.11 18:13:50.630,0.987,0.98712,1.00,1.50
2016.11.11 18:13:50.733,0.98703,0.98713,2.62,1.00
2016.11.11 18:13:50.936,0.98706,0.98718,1.00,1.00
2016.11.11 18:13:51.696,0.98706,0.98719,1.50,2.25
2016.11.11 18:13:52.203,0.98707,0.98719,1.00,1.00
2016.11.11 18:13:55.494,0.98708,0.9872,1.00,1.00
2016.11.11 18:13:55.849,0.98711,0.98721,1.00,1.00
2016.11.11 18:13:56.104,0.98709,0.98721,1.12,1.50
2016.11.11 18:13:56.893,0.98708,0.98721,1.87,1.50
2016.11.11 18:13:58.961,0.98708,0.9872,1.12,1.00
2016.11.11 18:14:00.992,0.98708,0.98721,1.87,1.50
2016.11.11 18:14:01.916,0.98707,0.98719,1.37,1.50
2016.11.11 18:14:02.220,0.98706,0.98717,1.00,1.00
2016.11.11 18:14:02.944,0.98705,0.98717,1.12,1.00
2016.11.11 18:14:05.444,0.98705,0.98714,1.12,1.50
2016.11.11 18:14:05.672,0.98698,0.98711,3.00,1.00
2016.11.11 18:14:05.775,0.98698,0.98711,1.87,1.00
2016.11.11 18:14:06.292,0.98699,0.98712,1.50,1.50
2016.11.11 18:14:06.343,0.98701,0.98713,1.00,2.25
2016.11.11 18:14:06.891,0.98701,0.98714,1.12,3.94
2016.11.11 18:14:07.376,0.98699,0.98711,3.00,1.00
2016.11.11 18:14:07.548,0.98699,0.98711,1.00,1.00
2016.11.11 18:14:08.391,0.98701,0.98711,1.00,1.00
2016.11.11 18:14:08.443,0.98701,0.98713,1.00,1.12
2016.11.11 18:14:08.949,0.987,0.98712,1.87,1.00
2016.11.11 18:14:12.530,0.98701,0.98713,1.12,1.00
2016.11.11 18:14:13.040,0.98701,0.98713,2.62,1.00
2016.11.11 18:14:13.589,0.98703,0.98713,1.00,1.00
2016.11.11 18:14:13.691,0.98704,0.98715,1.87,1.00
2016.11.11 18:14:13.742,0.98705,0.98718,1.50,2.62
2016.11.11 18:14:14.250,0.98705,0.98718,1.87,1.12
2016.11.11 18:14:14.352,0.98707,0.98718,1.00,1.12
2016.11.11 18:14:14.506,0.98707,0.9872,1.50,2.62
2016.11.11 18:14:15.042,0.98708,0.9872,1.12,1.12
2016.11.11 18:14:18.185,0.98708,0.98719,1.12,1.12
2016.11.11 18:14:18.642,0.98706,0.98718,1.12,1.00
2016.11.11 18:14:21.235,0.98707,0.98718,1.00,1.12
2016.11.11 18:14:21.286,0.98707,0.9872,1.00,2.62
2016.11.11 18:14:21.809,0.98707,0.98718,1.00,1.00
2016.11.11 18:14:22.194,0.98707,0.9872,1.50,1.50
2016.11.11 18:14:22.726,0.98708,0.98721,1.00,1.87
2016.11.11 18:14:32.640,0.98707,0.9872,1.87,1.00
2016.11.11 18:14:33.792,0.98707,0.98719,1.87,1.00
2016.11.11 18:14:33.843,0.98707,0.98717,1.12,1.00
2016.11.11 18:14:35.921,0.98706,0.98717,1.12,1.00
2016.11.11 18:14:36.890,0.98705,0.98716,1.50,1.87
2016.11.11 18:14:37.094,0.98703,0.98715,1.87,1.50
2016.11.11 18:14:37.959,0.98703,0.98716,1.87,1.12
2016.11.11 18:14:40.940,0.98705,0.98716,1.00,1.00
2016.11.11 18:14:41.793,0.98705,0.98717,1.00,1.50
2016.11.11 18:14:42.694,0.98705,0.98715,1.00,1.00
2016.11.11 18:14:43.241,0.98704,0.98716,1.50,1.00
2016.11.11 18:14:47.142,0.98704,0.98716,1.50,1.87
2016.11.11 18:14:54.638,0.98704,0.98714,1.50,1.37
2016.11.11 18:15:00.091,0.98705,0.98716,1.00,1.87
2016.11.11 18:15:00.245,0.98706,0.98718,1.87,1.37
2016.11.11 18:15:00.754,0.98707,0.98716,1.37,1.37
2016.11.11 18:15:00.856,0.98707,0.98716,1.37,1.37
2016.11.11 18:15:01.936,0.98707,0.98717,1.37,1.37
2016.11.11 18:15:02.752,0.98708,0.98719,1.50,1.37
2016.11.11 18:15:03.331,0.98708,0.98719,2.25,1.37
2016.11.11 18:15:04.243,0.98708,0.98721,2.25,2.62
2016.11.11 18:15:08.362,0.98708,0.9872,2.25,1.12
2016.11.11 18:15:12.144,0.98708,0.9872,2.25,1.37
2016.11.11 18:15:14.662,0.9871,0.98722,1.50,1.37
2016.11.11 18:15:15.200,0.9871,0.98723,3.00,1.37
2016.11.11 18:15:17.189,0.9871,0.98723,3.00,1.87
2016.11.11 18:15:19.063,0.9871,0.98722,3.00,1.37
2016.11.11 18:15:19.165,0.9871,0.98723,3.00,2.62
2016.11.11 18:15:30.490,0.9871,0.98723,3.00,4.12
2016.11.11 18:15:30.896,0.98714,0.98724,1.12,1.37
2016.11.11 18:15:31.075,0.98718,0.98729,2.25,1.12
2016.11.11 18:15:31.127,0.98719,0.98731,2.25,2.62
2016.11.11 18:15:31.636,0.98719,0.98731,2.25,1.87
2016.11.11 18:15:32.390,0.98719,0.98731,3.00,1.12
2016.11.11 18:15:33.198,0.98722,0.98733,1.00,1.12
2016.11.11 18:15:33.351,0.98723,0.98733,1.50,1.12
2016.11.11 18:15:33.606,0.98725,0.98736,1.37,1.12
2016.11.11 18:15:33.758,0.98729,0.98736,1.00,1.12
2016.11.11 18:15:33.809,0.98729,0.98739,1.50,1.00
2016.11.11 18:15:34.316,0.98728,0.9874,3.00,1.12
2016.11.11 18:15:34.997,0.98729,0.9874,1.50,1.37
2016.11.11 18:15:35.518,0.98729,0.9874,1.50,1.87
2016.11.11 18:15:35.772,0.9873,0.98742,1.87,3.37
2016.11.11 18:15:37.088,0.9873,0.98742,1.37,1.87
2016.11.11 18:15:38.202,0.9873,0.98742,2.25,1.87
2016.11.11 18:15:38.704,0.98731,0.98742,1.50,1.37
2016.11.11 18:15:39.009,0.98736,0.98747,1.00,2.25
2016.11.11 18:15:39.341,0.98738,0.98749,1.50,1.37
2016.11.11 18:15:42.804,0.98738,0.98749,2.25,1.37
2016.11.11 18:15:43.109,0.98736,0.98747,1.00,1.87
2016.11.11 18:15:44.049,0.98735,0.98747,3.00,1.87
2016.11.11 18:15:44.687,0.98735,0.98747,2.25,1.37
2016.11.11 18:15:45.343,0.98734,0.98741,1.37,1.50
2016.11.11 18:15:45.647,0.98729,0.98739,1.87,1.37
2016.11.11 18:15:46.792,0.98728,0.9874,3.00,2.62
2016.11.11 18:15:50.488,0.98728,0.98738,1.37,1.87
2016.11.11 18:15:50.793,0.98725,0.98734,1.37,1.87
2016.11.11 18:15:51.198,0.98726,0.98736,1.50,1.37
2016.11.11 18:15:51.351,0.98727,0.98738,2.25,1.38
2016.11.11 18:15:52.680,0.98728,0.98739,1.12,1.37
2016.11.11 18:15:55.259,0.98732,0.98741,1.00,1.37
2016.11.11 18:15:55.310,0.98732,0.98743,2.25,1.37
2016.11.11 18:15:55.412,0.98733,0.98745,1.00,3.75
2016.11.11 18:15:55.564,0.98735,0.98747,1.00,1.37
2016.11.11 18:15:55.615,0.98735,0.98747,1.00,1.37
2016.11.11 18:15:58.889,0.98735,0.98742,1.00,1.37
2016.11.11 18:15:59.093,0.98731,0.98741,2.25,1.37
2016.11.11 18:15:59.196,0.98734,0.98743,1.50,1.12
2016.11.11 18:15:59.298,0.98733,0.98742,1.12,1.87
2016.11.11 18:15:59.402,0.98731,0.9874,1.75,1.37
2016.11.11 18:15:59.505,0.98733,0.98743,1.50,1.12
2016.11.11 18:15:59.556,0.98735,0.98746,1.50,3.75
2016.11.11 18:15:59.880,0.98736,0.98744,1.00,1.37
2016.11.11 18:15:59.933,0.98736,0.98745,1.12,1.37
2016.11.11 18:16:00.441,0.98737,0.98748,1.87,1.37
2016.11.11 18:16:06.492,0.98738,0.98748,1.00,1.37
2016.11.11 18:16:06.796,0.98739,0.9875,1.12,1.37
2016.11.11 18:16:06.949,0.98742,0.98752,1.00,1.37
2016.11.11 18:16:07.001,0.98742,0.98753,1.00,3.19
2016.11.11 18:16:07.305,0.98739,0.98751,1.37,3.37
2016.11.11 18:16:08.221,0.98739,0.9875,1.37,1.37
2016.11.11 18:16:08.323,0.98739,0.98751,1.87,1.37
2016.11.11 18:16:08.830,0.9874,0.98752,1.87,3.37
2016.11.11 18:16:09.134,0.98743,0.98754,1.12,1.37
2016.11.11 18:16:09.236,0.98744,0.98756,1.00,1.87
2016.11.11 18:16:10.945,0.98744,0.98756,3.00,1.37
2016.11.11 18:16:11.047,0.98745,0.98757,1.00,1.50
2016.11.11 18:16:11.352,0.98746,0.98759,1.87,1.50
2016.11.11 18:16:11.504,0.98747,0.98759,1.37,1.50
2016.11.11 18:16:11.719,0.98748,0.98761,4.12,1.00
2016.11.11 18:16:12.889,0.98749,0.9876,2.25,1.50
2016.11.11 18:16:13.395,0.98748,0.9876,1.00,1.50
2016.11.11 18:16:14.261,0.98748,0.98758,1.00,1.00
2016.11.11 18:16:14.565,0.98739,0.98749,3.00,1.00
2016.11.11 18:16:14.768,0.98739,0.98751,3.00,1.00
2016.11.11 18:16:15.023,0.98742,0.98752,1.00,1.00
2016.11.11 18:16:15.328,0.98742,0.98755,4.50,1.00
2016.11.11 18:16:15.862,0.98743,0.98756,1.12,1.00
2016.11.11 18:16:16.996,0.98744,0.98756,1.37,1.00
2016.11.11 18:16:17.385,0.98745,0.98758,1.87,1.00
2016.11.11 18:16:17.897,0.98745,0.98758,2.62,1.00
2016.11.11 18:16:18.581,0.98745,0.98752,1.37,1.12
2016.11.11 18:16:18.785,0.98739,0.9875,1.37,1.50
2016.11.11 18:16:19.319,0.98738,0.9875,3.75,1.00
2016.11.11 18:16:20.702,0.98738,0.98748,1.37,1.00
2016.11.11 18:16:21.128,0.98737,0.9875,2.62,1.50
2016.11.11 18:16:21.642,0.98738,0.9875,1.37,1.50
2016.11.11 18:16:22.303,0.98737,0.9875,3.37,1.50
2016.11.11 18:16:24.351,0.98737,0.98749,1.50,1.00
2016.11.11 18:16:24.859,0.98737,0.9875,1.50,1.50
2016.11.11 18:16:33.702,0.98738,0.9875,1.00,1.00
2016.11.11 18:16:34.897,0.98738,0.98748,1.00,1.50
2016.11.11 18:16:35.050,0.98736,0.98747,1.12,1.00
2016.11.11 18:16:35.289,0.98736,0.98749,1.12,2.25
2016.11.11 18:16:37.639,0.98737,0.98749,1.00,1.00
2016.11.11 18:16:37.741,0.98739,0.9875,1.00,1.00
2016.11.11 18:16:38.046,0.98738,0.98748,1.12,1.00
2016.11.11 18:16:38.742,0.98737,0.98748,1.12,1.00
2016.11.11 18:16:40.957,0.98737,0.98747,1.12,1.00
2016.11.11 18:16:41.367,0.98736,0.98749,3.37,2.25
2016.11.11 18:16:41.866,0.98736,0.98747,2.62,1.00
2016.11.11 18:16:42.122,0.98734,0.98746,1.12,1.50
2016.11.11 18:16:42.731,0.98734,0.98747,1.50,2.25
2016.11.11 18:16:43.393,0.98734,0.98743,1.00,1.00
2016.11.11 18:16:43.599,0.98731,0.98743,1.00,1.50
2016.11.11 18:16:45.344,0.98732,0.98745,1.00,1.50
2016.11.11 18:16:45.446,0.98734,0.98745,1.00,1.00
2016.11.11 18:16:45.497,0.98734,0.98747,1.87,1.50
2016.11.11 18:16:45.599,0.98734,0.98744,3.37,1.00
2016.11.11 18:16:45.803,0.98729,0.9874,1.37,1.00
2016.11.11 18:16:46.310,0.98729,0.98741,1.12,1.50
2016.11.11 18:16:46.660,0.9873,0.98743,2.25,1.50
2016.11.11 18:16:46.777,0.98732,0.98745,1.00,1.50
2016.11.11 18:16:47.284,0.98733,0.98746,3.37,1.00
2016.11.11 18:16:47.839,0.98734,0.98746,1.00,1.00
2016.11.11 18:16:50.193,0.98734,0.98745,1.00,1.00
2016.11.11 18:16:50.598,0.98735,0.98747,1.00,1.00
2016.11.11 18:16:51.104,0.98735,0.98747,4.87,1.00
2016.11.11 18:16:53.640,0.98737,0.98747,1.00,1.00
2016.11.11 18:16:54.579,0.98736,0.98747,1.12,1.00
2016.11.11 18:16:55.086,0.98735,0.98747,1.12,1.50
2016.11.11 18:16:59.348,0.98736,0.98748,1.00,1.00
2016.11.11 18:16:59.890,0.98736,0.98749,1.00,1.00
2016.11.11 18:17:00.394,0.98737,0.98749,1.00,1.00
2016.11.11 18:17:10.043,0.98737,0.9875,1.50,1.50
2016.11.11 18:17:10.551,0.98738,0.98751,1.12,1.00
2016.11.11 18:17:10.974,0.98738,0.98751,4.50,1.00
2016.11.11 18:17:11.280,0.98748,0.98761,1.87,3.00
2016.11.11 18:17:11.383,0.98749,0.98761,1.37,1.50
2016.11.11 18:17:11.688,0.98756,0.98765,1.00,1.87
2016.11.11 18:17:11.819,0.98757,0.98767,1.12,1.00
2016.11.11 18:17:11.870,0.98758,0.98767,1.37,1.00
2016.11.11 18:17:11.922,0.98758,0.9877,1.37,3.75
2016.11.11 18:17:12.233,0.9876,0.9877,1.37,1.00
2016.11.11 18:17:12.742,0.98759,0.9877,1.37,1.00
2016.11.11 18:17:13.251,0.98759,0.98769,1.37,1.00
2016.11.11 18:17:13.303,0.98757,0.98769,1.12,1.00
2016.11.11 18:17:13.710,0.98757,0.98766,1.12,1.00
2016.11.11 18:17:14.015,0.9875,0.9876,1.37,1.00
2016.11.11 18:17:14.525,0.9875,0.98761,2.62,1.00
2016.11.11 18:17:15.032,0.98751,0.98762,1.37,1.00
2016.11.11 18:17:15.552,0.98751,0.98763,1.87,1.00
2016.11.11 18:17:17.040,0.98751,0.98762,1.87,1.00
2016.11.11 18:17:17.344,0.98749,0.9876,1.37,1.00
2016.11.11 18:17:17.587,0.98746,0.98758,1.37,1.00
2016.11.11 18:17:26.358,0.98746,0.98759,2.62,1.00
2016.11.11 18:17:29.345,0.98748,0.9876,2.62,1.00
2016.11.11 18:17:29.455,0.9875,0.9876,1.00,1.00
2016.11.11 18:17:29.759,0.98751,0.9876,1.37,1.00
2016.11.11 18:17:32.146,0.98751,0.98763,3.75,1.50
2016.11.11 18:17:32.197,0.98753,0.98763,1.37,1.50
2016.11.11 18:17:32.350,0.98756,0.98767,1.00,1.00
2016.11.11 18:17:32.890,0.98756,0.98768,1.87,1.00
2016.11.11 18:17:33.332,0.98757,0.98768,1.37,1.00
2016.11.11 18:17:34.025,0.98757,0.98766,1.37,1.00
2016.11.11 18:17:34.229,0.98755,0.98767,1.37,1.00
2016.11.11 18:17:43.854,0.98755,0.98768,1.87,1.50
2016.11.11 18:17:46.038,0.98755,0.98767,1.37,1.00
2016.11.11 18:17:52.464,0.98755,0.98765,1.50,1.87
2016.11.11 18:17:52.770,0.98751,0.98759,1.00,1.00
2016.11.11 18:17:52.821,0.98748,0.98759,2.25,1.00
2016.11.11 18:17:53.337,0.98748,0.9876,1.87,1.00
2016.11.11 18:17:54.187,0.98748,0.98761,1.87,1.87
2016.11.11 18:18:16.343,0.9875,0.98762,1.00,1.37
2016.11.11 18:18:16.495,0.9875,0.98763,3.00,1.00
2016.11.11 18:18:17.035,0.9875,0.98763,3.75,1.00
2016.11.11 18:18:18.338,0.9875,0.98762,3.75,1.00
2016.11.11 18:18:18.493,0.9875,0.9876,1.37,1.00
2016.11.11 18:18:18.696,0.98748,0.9876,1.87,1.12
2016.11.11 18:18:19.221,0.98748,0.9876,1.12,1.12
2016.11.11 18:18:19.985,0.98748,0.98757,1.12,1.00
2016.11.11 18:18:20.138,0.98748,0.98759,1.12,1.00
2016.11.11 18:18:20.240,0.98748,0.98761,2.62,1.87
2016.11.11 18:18:29.240,0.98748,0.9876,1.87,1.00
2016.11.11 18:18:29.342,0.98747,0.9876,2.25,1.00
2016.11.11 18:18:29.848,0.98745,0.98759,4.50,1.12
2016.11.11 18:18:32.337,0.98745,0.98759,1.87,1.50
2016.11.11 18:18:32.440,0.98746,0.98759,1.00,1.12
2016.11.11 18:18:37.513,0.98746,0.98758,1.00,1.00
2016.11.11 18:18:38.019,0.98745,0.98758,1.12,1.50
2016.11.11 18:18:48.133,0.98751,0.98758,1.12,1.50
2016.11.11 18:18:48.439,0.98755,0.98768,1.87,1.87
2016.11.11 18:18:48.945,0.98755,0.98769,3.00,1.87
2016.11.11 18:18:49.492,0.98756,0.98768,1.12,1.00
2016.11.11 18:18:50.150,0.98756,0.9877,2.25,3.37
2016.11.11 18:18:51.355,0.98757,0.9877,1.00,1.87
2016.11.11 18:18:51.559,0.98758,0.98771,3.00,1.50
2016.11.11 18:18:51.864,0.98755,0.98767,1.75,1.50
2016.11.11 18:18:52.118,0.98754,0.98765,1.12,1.12
2016.11.11 18:18:52.979,0.98754,0.98767,1.87,1.50
2016.11.11 18:18:53.182,0.98755,0.98768,1.50,1.87
2016.11.11 18:18:53.692,0.98756,0.98769,1.50,1.50
2016.11.11 18:18:55.240,0.98757,0.98769,1.00,1.50
2016.11.11 18:18:55.393,0.98758,0.98771,1.50,1.87
2016.11.11 18:18:55.595,0.98762,0.98771,1.50,1.00
2016.11.11 18:18:55.794,0.98765,0.98778,3.00,1.50
2016.11.11 18:18:56.201,0.98765,0.98776,1.37,1.50
2016.11.11 18:18:56.532,0.98763,0.98772,2.62,1.12
2016.11.11 18:18:56.737,0.98759,0.98769,1.00,1.00
2016.11.11 18:18:57.251,0.98757,0.98769,1.37,1.87
2016.11.11 18:19:00.640,0.98757,0.98768,1.37,1.50
2016.11.11 18:19:00.691,0.98755,0.98768,2.25,2.25
2016.11.11 18:19:00.793,0.98755,0.98766,1.12,1.00
2016.11.11 18:19:02.136,0.98757,0.98766,1.87,1.00
2016.11.11 18:19:02.187,0.98759,0.9877,1.00,1.12
2016.11.11 18:19:02.238,0.98759,0.98772,1.50,1.50
2016.11.11 18:19:02.774,0.9876,0.98772,1.12,1.12
2016.11.11 18:19:05.739,0.98759,0.98771,1.87,1.00
2016.11.11 18:19:05.840,0.98759,0.98769,1.37,1.00
2016.11.11 18:19:05.992,0.98756,0.98769,1.87,1.87
2016.11.11 18:19:07.787,0.98756,0.98768,1.12,1.00
2016.11.11 18:19:08.294,0.98755,0.98768,1.50,3.00
2016.11.11 18:19:08.959,0.98755,0.98766,1.00,1.00
2016.11.11 18:19:09.317,0.98754,0.98764,1.12,1.00
2016.11.11 18:19:09.621,0.98751,0.98762,1.87,1.12
2016.11.11 18:19:10.026,0.98753,0.98765,1.00,3.00
2016.11.11 18:19:10.229,0.98754,0.98767,1.12,1.50
2016.11.11 18:19:10.736,0.98754,0.98767,1.00,2.25
2016.11.11 18:19:10.899,0.98756,0.98768,1.37,1.75
2016.11.11 18:19:11.052,0.98758,0.98771,1.00,2.25
2016.11.11 18:19:11.153,0.98758,0.98771,1.50,1.87
2016.11.11 18:19:11.683,0.98759,0.98771,1.12,1.12
2016.11.11 18:19:12.921,0.98759,0.98772,3.75,1.50
2016.11.11 18:19:14.029,0.98759,0.9877,3.00,1.00
2016.11.11 18:19:14.537,0.98759,0.98771,1.12,1.87
2016.11.11 18:19:15.193,0.98762,0.98772,1.00,1.50
2016.11.11 18:19:15.245,0.9876,0.98772,3.60,1.50
2016.11.11 18:19:15.380,0.98763,0.98775,1.00,1.50
2016.11.11 18:19:15.837,0.98763,0.98772,1.00,1.00
2016.11.11 18:19:15.989,0.98759,0.98769,1.00,1.00
2016.11.11 18:19:16.497,0.98757,0.9877,1.87,3.75
2016.11.11 18:19:17.003,0.98757,0.9877,1.12,1.50
2016.11.11 18:19:19.641,0.98758,0.98771,1.00,2.25
2016.11.11 18:19:21.443,0.98757,0.98764,1.12,1.25
2016.11.11 18:19:21.596,0.98754,0.98764,1.12,1.00
2016.11.11 18:19:21.698,0.98752,0.98764,1.50,1.87
2016.11.11 18:19:21.749,0.98753,0.98766,1.12,2.25
2016.11.11 18:19:22.542,0.98754,0.98767,1.00,2.62
2016.11.11 18:19:24.512,0.98755,0.98767,1.00,1.12
2016.11.11 18:19:25.019,0.98755,0.98768,1.12,1.12
2016.11.11 18:19:25.699,0.98755,0.98768,1.12,1.50
2016.11.11 18:19:25.902,0.98757,0.9877,1.00,1.87
2016.11.11 18:19:26.234,0.98763,0.98776,1.00,2.25
2016.11.11 18:19:26.285,0.98763,0.98776,2.25,1.00
2016.11.11 18:19:26.337,0.98763,0.98772,1.50,2.25
2016.11.11 18:19:26.540,0.98758,0.98769,1.37,1.12
2016.11.11 18:19:27.047,0.98757,0.98769,1.00,3.37
2016.11.11 18:19:27.149,0.98756,0.98768,1.00,2.25
2016.11.11 18:19:27.548,0.98754,0.98766,1.00,1.87
2016.11.11 18:19:28.056,0.98754,0.98765,1.00,1.00
2016.11.11 18:19:28.579,0.98753,0.98765,1.12,1.00
2016.11.11 18:19:29.089,0.98753,0.98765,1.72,1.00
2016.11.11 18:19:29.551,0.98757,0.98768,1.00,1.50
2016.11.11 18:19:29.807,0.98755,0.98769,1.87,3.00
2016.11.11 18:19:30.517,0.98754,0.98768,3.75,1.87
2016.11.11 18:19:30.569,0.98754,0.98767,1.12,1.50
2016.11.11 18:19:34.978,0.98756,0.98767,1.60,1.50
2016.11.11 18:19:35.080,0.98756,0.98769,2.10,2.62
2016.11.11 18:19:35.384,0.98757,0.9877,2.10,2.25
2016.11.11 18:19:35.943,0.98757,0.9877,2.10,1.87
2016.11.11 18:19:36.578,0.98758,0.9877,1.00,1.87
2016.11.11 18:19:40.836,0.98758,0.9877,1.72,1.12
2016.11.11 18:19:41.581,0.9876,0.9877,1.50,1.12
2016.11.11 18:19:42.091,0.98758,0.9877,1.72,1.12
2016.11.11 18:19:42.244,0.9876,0.98773,1.60,1.87
2016.11.11 18:19:42.397,0.98761,0.98773,1.12,1.00
2016.11.11 18:19:43.861,0.98761,0.98773,1.12,1.37
2016.11.11 18:19:44.167,0.98759,0.98769,1.37,1.50
2016.11.11 18:19:44.269,0.98755,0.98766,2.62,1.00
2016.11.11 18:19:44.675,0.98754,0.98765,1.00,1.00
2016.11.11 18:19:45.272,0.98753,0.98765,2.10,1.12
2016.11.11 18:19:49.029,0.98753,0.98766,2.10,1.87
2016.11.11 18:19:49.080,0.98753,0.98762,2.62,2.29
2016.11.11 18:19:49.342,0.98747,0.9876,1.87,2.62
2016.11.11 18:19:54.970,0.98747,0.9876,2.10,1.12
2016.11.11 18:19:59.282,0.98748,0.98761,1.50,1.50
2016.11.11 18:19:59.789,0.98748,0.98761,1.50,1.87
2016.11.11 18:20:00.807,0.98748,0.9876,1.00,1.00
2016.11.11 18:20:01.692,0.98748,0.98761,1.35,1.00
2016.11.11 18:20:02.098,0.9875,0.98762,1.00,3.37
2016.11.11 18:20:02.607,0.98749,0.98762,1.72,3.00
2016.11.11 18:20:03.113,0.9875,0.98762,1.00,1.87
2016.11.11 18:20:03.621,0.98749,0.98762,2.47,1.87
2016.11.11 18:20:05.138,0.98748,0.9876,1.87,1.00
2016.11.11 18:20:05.442,0.98747,0.9876,2.10,2.25
2016.11.11 18:20:06.054,0.98747,0.98759,2.10,1.50
2016.11.11 18:20:10.543,0.98747,0.9876,4.35,1.50
2016.11.11 18:20:11.052,0.98748,0.9876,1.30,1.12
2016.11.11 18:20:21.536,0.98749,0.98761,1.00,2.25
2016.11.11 18:20:22.044,0.98748,0.98761,1.12,2.25
2016.11.11 18:20:22.719,0.98749,0.98761,1.00,1.50
2016.11.11 18:20:23.024,0.98751,0.98763,1.87,1.87
2016.11.11 18:20:25.373,0.98751,0.98764,3.00,1.50
2016.11.11 18:20:25.677,0.98755,0.98767,1.00,1.12
2016.11.11 18:20:29.665,0.98758,0.98767,1.00,1.00
2016.11.11 18:20:29.868,0.98758,0.9877,1.12,1.50
2016.11.11 18:20:30.374,0.98758,0.98771,1.12,2.62
2016.11.11 18:20:30.780,0.98758,0.98769,1.12,1.12
2016.11.11 18:20:31.084,0.98756,0.98769,1.12,3.00
2016.11.11 18:20:31.692,0.98755,0.98762,1.37,1.00
2016.11.11 18:20:31.824,0.9875,0.98762,1.87,3.00
2016.11.11 18:20:31.875,0.98749,0.98762,3.37,2.62
2016.11.11 18:20:32.382,0.98749,0.98762,3.00,1.50
2016.11.11 18:20:33.338,0.98752,0.98762,1.35,1.50
2016.11.11 18:20:33.440,0.98752,0.98764,1.00,1.37
2016.11.11 18:20:33.491,0.98752,0.98765,1.87,1.12
2016.11.11 18:20:36.288,0.98751,0.98763,3.00,1.00
2016.11.11 18:20:36.543,0.98749,0.98762,1.12,4.50
2016.11.11 18:20:37.302,0.98749,0.98762,2.47,1.50
2016.11.11 18:20:38.131,0.98751,0.98763,1.00,1.50
2016.11.11 18:20:40.099,0.98749,0.98761,1.12,1.50
2016.11.11 18:20:40.607,0.98748,0.9876,1.00,1.12
2016.11.11 18:20:42.240,0.98748,0.98761,1.00,1.50
2016.11.11 18:20:42.595,0.9875,0.98761,1.00,1.12
2016.11.11 18:20:45.120,0.98748,0.98761,1.12,1.37
2016.11.11 18:20:48.784,0.98747,0.9876,2.10,1.12
2016.11.11 18:20:53.068,0.98748,0.9876,1.00,1.12
2016.11.11 18:21:01.838,0.9875,0.98761,1.00,1.50
2016.11.11 18:21:01.940,0.9875,0.98762,1.12,1.87
2016.11.11 18:21:03.287,0.9875,0.98762,1.87,1.00
2016.11.11 18:21:03.338,0.98753,0.98763,1.00,1.12
2016.11.11 18:21:03.440,0.98753,0.98766,1.00,2.25
2016.11.11 18:21:05.076,0.98754,0.98766,1.00,1.50
2016.11.11 18:21:05.588,0.98753,0.98766,1.12,1.50
2016.11.11 18:21:08.840,0.98755,0.98767,1.00,1.12
2016.11.11 18:21:09.397,0.98756,0.98767,1.00,1.50
2016.11.11 18:21:13.889,0.98757,0.98769,1.00,3.00
2016.11.11 18:21:14.441,0.98756,0.98769,1.50,3.00
2016.11.11 18:21:16.468,0.98755,0.98768,1.12,2.25
2016.11.11 18:21:16.975,0.98754,0.98767,1.87,2.25
2016.11.11 18:21:18.686,0.98753,0.98766,2.25,1.50
2016.11.11 18:21:20.895,0.98755,0.98768,1.12,1.87
2016.11.11 18:21:20.997,0.98755,0.98769,2.62,2.25
2016.11.11 18:21:21.099,0.98757,0.98769,1.00,1.50
2016.11.11 18:21:21.640,0.98757,0.9877,5.62,1.00
2016.11.11 18:21:22.661,0.98757,0.9877,3.37,1.50
2016.11.11 18:21:23.167,0.98756,0.9877,3.56,3.75
2016.11.11 18:21:26.084,0.98757,0.9877,1.12,1.12
2016.11.11 18:21:26.388,0.98756,0.9877,3.00,3.00
2016.11.11 18:21:36.596,0.98758,0.9877,2.25,1.75
2016.11.11 18:21:36.698,0.98759,0.98772,1.50,1.87
2016.11.11 18:21:36.952,0.98763,0.98772,1.00,1.50
2016.11.11 18:21:37.105,0.98767,0.98779,1.00,2.25
2016.11.11 18:21:37.511,0.98766,0.9878,1.50,6.37
2016.11.11 18:21:38.038,0.98765,0.98779,1.12,2.25
2016.11.11 18:21:40.223,0.98764,0.98777,1.00,2.25
2016.11.11 18:21:40.527,0.9876,0.98773,1.12,3.75
2016.11.11 18:21:40.629,0.9876,0.98774,1.87,1.50
2016.11.11 18:21:40.781,0.98763,0.98775,1.00,4.12
2016.11.11 18:21:40.832,0.98763,0.98775,1.00,1.50
2016.11.11 18:21:41.051,0.98766,0.98779,1.50,1.87
2016.11.11 18:21:41.638,0.98766,0.9878,3.37,3.00
2016.11.11 18:21:43.138,0.98768,0.9878,1.00,1.12
2016.11.11 18:21:53.550,0.98768,0.98781,2.25,1.50
2016.11.11 18:21:54.794,0.98769,0.98781,2.25,1.50
2016.11.11 18:21:55.646,0.98769,0.98782,2.62,2.44
2016.11.11 18:21:57.435,0.98773,0.98782,1.00,1.00
2016.11.11 18:21:57.487,0.98773,0.98785,1.00,3.37
2016.11.11 18:21:57.589,0.98774,0.98787,1.00,3.00
2016.11.11 18:21:58.134,0.98774,0.98786,1.12,1.00
2016.11.11 18:22:00.780,0.98774,0.98787,1.12,1.50
2016.11.11 18:22:02.968,0.98773,0.98787,3.37,2.25
2016.11.11 18:22:03.019,0.98773,0.98784,1.87,2.06
2016.11.11 18:22:03.172,0.98771,0.98782,1.12,1.00
2016.11.11 18:22:03.680,0.98769,0.98781,1.50,1.00
2016.11.11 18:22:03.782,0.98769,0.98779,1.00,1.00
2016.11.11 18:22:04.582,0.98768,0.98775,1.37,1.35
2016.11.11 18:22:04.887,0.98755,0.98766,1.37,2.25
2016.11.11 18:22:04.989,0.98753,0.98766,1.12,2.25
2016.11.11 18:22:05.498,0.98752,0.98764,2.62,1.12
2016.11.11 18:22:05.987,0.98754,0.98765,1.00,1.12
2016.11.11 18:22:06.089,0.98753,0.98767,3.37,1.87
2016.11.11 18:22:08.089,0.98754,0.98766,1.12,3.19
2016.11.11 18:22:08.199,0.98753,0.98764,1.25,1.00
2016.11.11 18:22:08.301,0.98755,0.98767,1.00,2.62
2016.11.11 18:22:08.605,0.98755,0.98769,1.87,2.44
2016.11.11 18:22:10.218,0.98758,0.9877,1.50,4.50
2016.11.11 18:22:10.421,0.98759,0.98771,1.12,1.50
2016.11.11 18:22:10.928,0.98758,0.98771,1.00,2.25
2016.11.11 18:22:11.292,0.98756,0.9877,2.25,2.62
2016.11.11 18:22:11.794,0.98757,0.9877,1.50,2.62
2016.11.11 18:22:13.495,0.98755,0.98768,3.00,1.00
2016.11.11 18:22:14.036,0.98755,0.98767,1.00,1.50
2016.11.11 18:22:14.341,0.98748,0.9876,1.50,1.00
2016.11.11 18:22:14.661,0.9875,0.98762,1.12,1.50
2016.11.11 18:22:15.290,0.9875,0.98763,1.87,1.00
2016.11.11 18:22:16.487,0.9875,0.98764,1.87,2.25
2016.11.11 18:22:16.793,0.98753,0.98765,1.12,1.12
2016.11.11 18:22:17.336,0.98754,0.98767,1.00,2.62
2016.11.11 18:22:17.865,0.98756,0.98767,1.00,1.87
2016.11.11 18:22:17.969,0.98756,0.98769,1.00,3.37
2016.11.11 18:22:18.477,0.98756,0.98769,1.00,3.75
2016.11.11 18:22:18.635,0.98754,0.98767,1.50,1.25
2016.11.11 18:22:18.787,0.98752,0.98765,3.37,2.25
2016.11.11 18:22:19.192,0.98751,0.98765,2.25,4.12
2016.11.11 18:22:19.346,0.9875,0.98761,1.37,1.12
2016.11.11 18:22:19.481,0.98748,0.9876,1.00,2.25
2016.11.11 18:22:19.937,0.98746,0.98759,3.75,1.00
2016.11.11 18:22:35.238,0.98745,0.98758,2.62,1.31
2016.11.11 18:22:35.289,0.98745,0.98756,1.87,1.00
2016.11.11 18:22:35.796,0.98745,0.98756,1.00,1.12
2016.11.11 18:22:35.949,0.98745,0.98758,1.12,1.87
2016.11.11 18:22:36.489,0.98746,0.98758,1.00,2.25
2016.11.11 18:22:36.945,0.98746,0.9876,5.25,1.87
2016.11.11 18:22:38.840,0.98746,0.9876,4.12,1.87
2016.11.11 18:22:39.361,0.98746,0.98758,2.25,1.50
2016.11.11 18:22:39.514,0.98744,0.98758,1.87,4.50
2016.11.11 18:22:39.565,0.98743,0.98755,2.25,1.00
2016.11.11 18:22:39.869,0.98739,0.98752,3.75,1.00
2016.11.11 18:22:39.980,0.98741,0.98753,1.12,1.50
2016.11.11 18:22:40.082,0.98741,0.98754,1.87,1.00
2016.11.11 18:22:40.337,0.98747,0.98757,1.00,2.62
2016.11.11 18:22:40.439,0.98747,0.98759,1.87,1.12
2016.11.11 18:22:40.947,0.98746,0.98759,1.50,1.12
2016.11.11 18:22:44.143,0.98746,0.98758,1.00,1.87
2016.11.11 18:22:44.299,0.98744,0.98757,4.12,1.50
2016.11.11 18:22:44.452,0.98746,0.98757,2.25,1.12
2016.11.11 18:22:44.554,0.98746,0.9876,3.37,3.56
2016.11.11 18:22:45.060,0.98746,0.98759,3.00,1.37
2016.11.11 18:22:48.325,0.98747,0.98759,1.50,1.12
2016.11.11 18:22:48.783,0.98749,0.98761,1.00,2.25
2016.11.11 18:22:49.941,0.98748,0.98761,3.56,1.87
2016.11.11 18:22:51.086,0.98749,0.98761,1.00,2.62
2016.11.11 18:22:52.426,0.98748,0.98761,2.62,2.81
2016.11.11 18:22:53.592,0.98749,0.98761,1.00,2.62
2016.11.11 18:22:54.719,0.98749,0.98759,1.00,1.00
2016.11.11 18:22:55.239,0.98749,0.98761,2.25,1.50
2016.11.11 18:22:55.494,0.98752,0.98763,1.50,1.50
2016.11.11 18:22:55.849,0.98753,0.98765,1.12,2.25
2016.11.11 18:22:56.002,0.98755,0.98765,1.00,2.25
2016.11.11 18:22:56.540,0.98754,0.98765,1.00,1.50
2016.11.11 18:22:57.493,0.98753,0.98765,3.75,1.50
2016.11.11 18:23:00.135,0.98753,0.98766,3.75,1.50
2016.11.11 18:23:00.637,0.98754,0.98766,1.00,1.50
2016.11.11 18:23:00.941,0.98753,0.98764,1.12,1.00
2016.11.11 18:23:02.238,0.98753,0.98765,1.12,1.87
2016.11.11 18:23:06.123,0.98753,0.98764,1.12,1.31
2016.11.11 18:23:06.433,0.98742,0.98753,1.50,1.50
2016.11.11 18:23:06.586,0.9874,0.98753,1.87,1.87
2016.11.11 18:23:06.841,0.98743,0.98754,1.25,1.50
2016.11.11 18:23:06.995,0.98743,0.98755,3.60,1.00
2016.11.11 18:23:07.047,0.98745,0.98758,1.72,1.12
2016.11.11 18:23:07.199,0.98749,0.98758,1.00,1.00
2016.11.11 18:23:07.250,0.98749,0.9876,1.12,1.00
2016.11.11 18:23:07.352,0.98752,0.98763,1.00,2.10
2016.11.11 18:23:07.891,0.98752,0.98763,1.00,1.35
2016.11.11 18:23:10.286,0.98754,0.98765,1.00,1.50
2016.11.11 18:23:10.439,0.98755,0.98768,2.44,2.10
2016.11.11 18:23:20.843,0.98755,0.98767,3.37,1.00
2016.11.11 18:23:20.945,0.98755,0.98764,1.00,1.00
2016.11.11 18:23:21.047,0.98753,0.98764,1.25,1.00
2016.11.11 18:23:21.251,0.98752,0.98762,1.00,1.50
2016.11.11 18:23:21.723,0.9875,0.98761,1.00,1.00
2016.11.11 18:23:21.876,0.98751,0.98764,2.10,1.35
2016.11.11 18:23:22.230,0.98754,0.98766,1.00,2.85
2016.11.11 18:23:23.838,0.98753,0.98766,1.50,2.25
2016.11.11 18:23:24.169,0.98753,0.98765,1.00,3.00
2016.11.11 18:23:26.680,0.98752,0.98765,1.12,3.75
2016.11.11 18:23:30.857,0.98752,0.98762,1.50,1.00
2016.11.11 18:23:31.112,0.98748,0.9876,1.00,1.12
2016.11.11 18:23:31.425,0.98752,0.98761,1.00,1.12
2016.11.11 18:23:31.476,0.98752,0.98763,1.00,1.12
2016.11.11 18:23:31.578,0.98753,0.98765,1.00,1.50
2016.11.11 18:23:31.781,0.98753,0.98766,2.62,2.25
2016.11.11 18:23:34.194,0.98755,0.98768,2.62,3.00
2016.11.11 18:23:34.297,0.98757,0.98769,1.00,1.12
2016.11.11 18:23:34.501,0.98756,0.98769,1.87,2.25
2016.11.11 18:23:35.596,0.98757,0.98769,1.12,1.87
2016.11.11 18:23:42.409,0.98756,0.98768,2.62,1.00
2016.11.11 18:23:42.613,0.98754,0.98766,1.87,1.00
2016.11.11 18:23:42.664,0.98753,0.98766,1.87,1.00
2016.11.11 18:23:43.171,0.98755,0.98768,1.12,3.94
2016.11.11 18:23:43.323,0.98754,0.98767,1.37,1.37
2016.11.11 18:23:45.757,0.98754,0.98766,1.00,1.12
2016.11.11 18:23:46.104,0.98753,0.98766,1.87,3.00
2016.11.11 18:23:46.794,0.98753,0.98763,1.37,1.00
2016.11.11 18:23:46.947,0.98751,0.98765,1.87,4.50
2016.11.11 18:23:47.150,0.98752,0.98765,1.12,2.62
2016.11.11 18:23:54.360,0.98752,0.98762,1.12,1.50
2016.11.11 18:23:54.563,0.98748,0.98759,1.12,1.00
2016.11.11 18:23:55.393,0.98747,0.98759,1.12,1.00
2016.11.11 18:23:55.647,0.98748,0.98761,1.87,1.87
2016.11.11 18:23:58.090,0.98749,0.98761,1.50,1.12
2016.11.11 18:23:58.594,0.98749,0.98762,1.50,1.50
2016.11.11 18:24:25.215,0.98751,0.98762,1.00,1.12
2016.11.11 18:24:25.520,0.98754,0.98763,1.00,1.00
2016.11.11 18:24:25.847,0.98757,0.98769,1.50,2.62
2016.11.11 18:24:26.405,0.98757,0.9877,1.00,3.00
2016.11.11 18:24:26.939,0.98756,0.98769,2.25,1.00
2016.11.11 18:24:27.460,0.98756,0.9877,2.25,1.00
2016.11.11 18:24:28.426,0.98757,0.9877,1.00,1.00
2016.11.11 18:24:30.280,0.98757,0.9877,1.00,1.50
2016.11.11 18:24:30.838,0.98757,0.9877,1.00,1.75
2016.11.11 18:24:38.478,0.98757,0.9877,1.50,1.12
2016.11.11 18:24:52.941,0.98756,0.98768,2.25,1.00
2016.11.11 18:24:53.481,0.98755,0.98768,1.87,1.50
2016.11.11 18:24:53.990,0.98756,0.98769,1.12,3.75
2016.11.11 18:24:57.691,0.98757,0.98769,1.00,1.50
2016.11.11 18:24:57.844,0.98757,0.9877,1.50,1.12
2016.11.11 18:24:58.373,0.98757,0.9877,1.50,1.37
2016.11.11 18:25:00.137,0.98756,0.98769,1.87,1.12
2016.11.11 18:25:00.239,0.98756,0.98769,1.87,1.75
2016.11.11 18:25:02.865,0.98756,0.98769,1.12,2.25
2016.11.11 18:25:05.116,0.98756,0.98769,1.87,1.50
2016.11.11 18:25:05.268,0.98756,0.98769,1.87,1.12
2016.11.11 18:25:05.775,0.98756,0.9877,2.62,3.00
2016.11.11 18:25:06.300,0.98756,0.9877,1.87,3.75
2016.11.11 18:25:07.332,0.98756,0.98768,1.00,1.50
2016.11.11 18:25:09.068,0.98755,0.98767,1.00,1.12
2016.11.11 18:25:09.588,0.98755,0.98767,1.00,1.50
2016.11.11 18:25:11.051,0.98756,0.98767,1.00,1.50
2016.11.11 18:25:11.254,0.98758,0.98771,1.00,4.12
2016.11.11 18:25:11.862,0.98758,0.98771,1.00,5.25
2016.11.11 18:25:12.378,0.98758,0.98771,1.00,5.25
2016.11.11 18:25:36.338,0.98757,0.98769,1.87,1.00
2016.11.11 18:25:36.502,0.98757,0.98769,1.87,1.75
2016.11.11 18:25:36.908,0.98757,0.98769,1.00,1.50
2016.11.11 18:25:37.797,0.98756,0.98769,2.62,3.00
2016.11.11 18:25:39.099,0.98756,0.98769,1.50,4.12
2016.11.11 18:25:45.689,0.98755,0.98764,1.37,1.50
2016.11.11 18:25:45.946,0.98747,0.98759,1.87,2.25
2016.11.11 18:25:45.998,0.98747,0.98759,1.37,1.87
2016.11.11 18:25:46.150,0.98747,0.98759,4.12,1.00
2016.11.11 18:25:46.202,0.9875,0.98759,1.00,1.00
2016.11.11 18:25:46.485,0.98754,0.98765,1.50,1.00
2016.11.11 18:25:46.991,0.98755,0.98768,1.50,3.00
2016.11.11 18:25:47.528,0.98756,0.98769,1.50,3.00
2016.11.11 18:25:48.036,0.98756,0.98769,1.87,2.25
2016.11.11 18:25:48.887,0.98756,0.98769,1.87,3.00
2016.11.11 18:25:53.107,0.98756,0.98767,1.87,1.00
2016.11.11 18:25:53.434,0.98756,0.98768,1.37,2.25
2016.11.11 18:25:56.341,0.98755,0.98768,2.62,2.25
2016.11.11 18:25:56.847,0.98755,0.98768,1.87,2.25
2016.11.11 18:25:58.038,0.98754,0.98764,2.25,1.69
2016.11.11 18:25:58.343,0.98749,0.9876,1.00,1.50
2016.11.11 18:25:58.650,0.98746,0.98757,1.37,1.12
2016.11.11 18:25:58.752,0.98745,0.98757,2.25,1.50
2016.11.11 18:25:59.018,0.98745,0.98759,2.62,1.50
2016.11.11 18:25:59.524,0.98746,0.98759,1.00,1.50
2016.11.11 18:26:00.092,0.98747,0.98759,1.00,1.50
2016.11.11 18:26:01.084,0.98746,0.98759,1.50,2.25
2016.11.11 18:26:02.541,0.98746,0.98759,1.00,2.25
2016.11.11 18:26:04.191,0.98745,0.98757,1.87,1.12
2016.11.11 18:26:06.788,0.98745,0.98756,1.12,1.00
2016.11.11 18:26:06.840,0.98745,0.98754,1.12,1.69
2016.11.11 18:26:07.094,0.9874,0.98751,1.37,1.00
2016.11.11 18:26:07.298,0.98743,0.98752,1.00,1.50
2016.11.11 18:26:07.533,0.98745,0.98757,1.87,1.50
2016.11.11 18:26:07.736,0.98746,0.98759,1.12,3.00
2016.11.11 18:26:08.284,0.98746,0.98758,1.12,1.50
2016.11.11 18:26:08.792,0.98745,0.98758,1.87,1.87
2016.11.11 18:26:09.300,0.98746,0.98758,1.00,1.87
2016.11.11 18:26:09.809,0.98746,0.98758,1.87,1.00
2016.11.11 18:26:11.191,0.98748,0.98759,1.00,1.50
2016.11.11 18:26:11.698,0.98749,0.98761,1.00,2.06
2016.11.11 18:26:12.433,0.98748,0.98761,2.25,1.50
2016.11.11 18:26:12.952,0.98749,0.9876,1.00,1.37
2016.11.11 18:26:14.373,0.98746,0.98758,3.37,1.00
2016.11.11 18:26:14.576,0.98745,0.98755,1.00,1.00
2016.11.11 18:26:15.091,0.98747,0.98755,1.12,1.12
2016.11.11 18:26:15.395,0.98744,0.98751,1.87,1.50
2016.11.11 18:26:15.800,0.9874,0.98752,1.50,1.87
2016.11.11 18:26:16.388,0.98739,0.98752,1.25,1.50
2016.11.11 18:26:20.388,0.98739,0.98751,1.00,1.00
2016.11.11 18:26:20.931,0.98739,0.98751,3.00,1.00
2016.11.11 18:26:22.188,0.98739,0.9875,1.87,1.00
2016.11.11 18:26:22.442,0.98738,0.9875,2.25,1.00
2016.11.11 18:26:23.890,0.98739,0.98752,1.00,2.62
2016.11.11 18:26:24.438,0.98739,0.98751,1.50,1.00
2016.11.11 18:26:25.844,0.9874,0.98752,1.12,1.87
2016.11.11 18:26:25.895,0.98742,0.98753,1.41,1.12
2016.11.11 18:26:26.200,0.98747,0.9876,2.62,1.75
2016.11.11 18:26:26.302,0.98747,0.9876,1.87,1.12
2016.11.11 18:26:27.714,0.98748,0.98759,1.00,1.50
2016.11.11 18:26:27.816,0.98746,0.98757,1.87,1.00
2016.11.11 18:26:28.238,0.98744,0.98756,1.50,1.00
2016.11.11 18:26:28.645,0.98744,0.98752,1.12,1.00
2016.11.11 18:26:28.899,0.98738,0.98748,1.87,1.00
2016.11.11 18:26:29.052,0.98738,0.98751,1.50,1.87
2016.11.11 18:26:29.153,0.9874,0.98751,1.12,1.87
2016.11.11 18:26:30.266,0.98738,0.98751,1.50,1.50
2016.11.11 18:26:30.570,0.98737,0.98749,1.50,1.00
2016.11.11 18:26:31.088,0.98737,0.9875,1.87,1.12
2016.11.11 18:26:31.393,0.98737,0.98749,1.00,1.19
2016.11.11 18:26:31.992,0.98736,0.98749,1.00,2.25
2016.11.11 18:26:33.089,0.98736,0.98743,1.00,1.00
2016.11.11 18:26:33.192,0.98733,0.98742,1.87,2.06
2016.11.11 18:26:33.344,0.98728,0.9874,2.25,1.00
2016.11.11 18:26:33.584,0.98732,0.98743,1.19,1.37
2016.11.11 18:26:33.650,0.98733,0.98744,1.25,1.69
2016.11.11 18:26:33.954,0.98735,0.98746,1.00,1.00
2016.11.11 18:26:34.259,0.98738,0.98749,1.00,1.37
2016.11.11 18:26:34.767,0.98738,0.9875,1.00,1.12
2016.11.11 18:26:35.308,0.98737,0.9875,1.00,1.87
2016.11.11 18:26:39.188,0.98737,0.98749,1.00,1.00
2016.11.11 18:26:39.774,0.98737,0.98749,1.00,3.00
2016.11.11 18:26:39.927,0.98731,0.98744,4.87,1.50
2016.11.11 18:26:40.384,0.98734,0.98747,1.50,1.69
2016.11.11 18:26:40.638,0.98736,0.98748,1.00,2.62
2016.11.11 18:26:41.116,0.98737,0.98749,1.50,1.87
2016.11.11 18:26:41.168,0.98739,0.98751,1.00,1.50
2016.11.11 18:26:41.320,0.98737,0.9875,1.12,1.87
2016.11.11 18:26:41.675,0.98736,0.98748,1.12,1.00
2016.11.11 18:26:41.982,0.98738,0.98749,1.00,1.12
2016.11.11 18:26:42.488,0.98737,0.98751,2.25,1.87
2016.11.11 18:26:43.030,0.98737,0.9875,2.25,1.00
2016.11.11 18:26:52.435,0.98737,0.98748,1.50,1.00
2016.11.11 18:26:52.781,0.98728,0.98739,2.25,1.12
2016.11.11 18:26:52.833,0.98728,0.98739,1.50,1.37
2016.11.11 18:26:52.935,0.98724,0.98736,2.62,1.00
2016.11.11 18:26:53.087,0.98726,0.98739,1.69,2.25
2016.11.11 18:26:53.138,0.98727,0.98739,1.60,2.25
2016.11.11 18:26:53.241,0.98729,0.9874,1.00,1.00
2016.11.11 18:26:53.292,0.98729,0.98742,1.00,3.75
2016.11.11 18:26:53.798,0.98729,0.98742,1.50,2.25
2016.11.11 18:26:54.858,0.98729,0.98742,1.00,1.87
2016.11.11 18:26:55.340,0.98729,0.9874,1.00,1.00
2016.11.11 18:26:55.492,0.98727,0.98739,1.00,1.00
2016.11.11 18:26:56.696,0.98728,0.98739,1.00,1.00
2016.11.11 18:26:56.911,0.9873,0.98741,1.00,1.00
2016.11.11 18:26:57.215,0.9873,0.98743,2.62,2.62
2016.11.11 18:26:57.722,0.98731,0.98742,1.00,1.00
2016.11.11 18:26:58.240,0.9873,0.98743,1.87,5.25
2016.11.11 18:26:58.780,0.9873,0.98742,1.00,1.87
2016.11.11 18:27:04.218,0.98729,0.9874,1.12,1.00
2016.11.11 18:27:04.370,0.98729,0.98742,1.00,1.87
2016.11.11 18:27:06.207,0.9873,0.98742,1.00,1.12
2016.11.11 18:27:06.613,0.98732,0.98743,1.35,2.25
2016.11.11 18:27:06.765,0.98733,0.98745,1.50,1.00
2016.11.11 18:27:06.996,0.98735,0.98747,2.25,1.12
2016.11.11 18:27:07.199,0.98735,0.98749,3.37,2.25
2016.11.11 18:27:09.530,0.98736,0.98748,1.12,1.00
2016.11.11 18:27:13.837,0.98735,0.98748,1.31,1.87
2016.11.11 18:27:14.938,0.98736,0.98748,1.00,1.50
2016.11.11 18:27:15.487,0.98736,0.98749,1.87,1.00
2016.11.11 18:27:17.354,0.98737,0.9875,1.00,3.37
2016.11.11 18:27:17.870,0.98738,0.9875,1.00,1.12
2016.11.11 18:27:19.261,0.98738,0.98751,1.00,2.25
2016.11.11 18:27:21.642,0.98738,0.98751,2.25,1.87
2016.11.11 18:27:22.862,0.98739,0.98752,2.25,1.12
2016.11.11 18:27:23.736,0.9874,0.98752,2.25,1.31
2016.11.11 18:27:32.131,0.98739,0.98749,1.00,1.00
2016.11.11 18:27:32.641,0.98737,0.98749,1.50,1.00
2016.11.11 18:27:32.945,0.98732,0.9874,3.75,1.00
2016.11.11 18:27:33.008,0.98729,0.98739,1.37,1.00
2016.11.11 18:27:33.110,0.98728,0.98739,1.00,1.50
2016.11.11 18:27:33.161,0.98725,0.98738,1.37,1.00
2016.11.11 18:27:33.352,0.98727,0.9874,2.62,1.50
2016.11.11 18:27:33.455,0.98727,0.9874,3.75,1.50
2016.11.11 18:27:33.962,0.98729,0.98741,1.12,1.00
2016.11.11 18:27:36.789,0.98729,0.98741,1.37,1.00
2016.11.11 18:27:39.708,0.9873,0.98742,1.12,1.87
2016.11.11 18:27:40.241,0.9873,0.98742,1.50,1.69
2016.11.11 18:27:40.777,0.9873,0.98742,1.12,1.69
2016.11.11 18:27:50.240,0.98732,0.98743,1.50,1.50
2016.11.11 18:27:50.545,0.98738,0.9875,1.00,1.12
2016.11.11 18:28:01.375,0.98738,0.98751,1.12,2.06
2016.11.11 18:28:07.385,0.98738,0.98748,1.12,1.00
2016.11.11 18:28:07.538,0.98735,0.98748,2.25,1.00
2016.11.11 18:28:08.437,0.98736,0.98749,1.12,1.87
2016.11.11 18:28:08.938,0.98736,0.98749,1.50,1.87
2016.11.11 18:28:21.937,0.98737,0.98748,1.00,1.00
2016.11.11 18:28:22.444,0.98736,0.98748,1.00,1.00
2016.11.11 18:28:22.546,0.98735,0.98742,1.12,1.00
2016.11.11 18:28:22.698,0.98733,0.98741,1.00,1.00
2016.11.11 18:28:22.800,0.98729,0.98741,1.50,1.00
2016.11.11 18:28:23.336,0.98729,0.98741,1.12,1.00
2016.11.11 18:28:25.037,0.98729,0.98742,1.12,1.00
2016.11.11 18:28:25.161,0.98731,0.98743,1.12,1.87
2016.11.11 18:28:25.470,0.98735,0.98745,1.00,1.00
2016.11.11 18:28:25.573,0.98736,0.98747,3.75,1.12
2016.11.11 18:28:25.625,0.98741,0.9875,1.00,1.87
2016.11.11 18:28:25.677,0.98741,0.9875,1.44,1.87
2016.11.11 18:28:25.830,0.98739,0.98752,4.12,3.00
2016.11.11 18:28:25.881,0.9874,0.98752,1.00,2.62
2016.11.11 18:28:25.933,0.9874,0.9875,1.00,1.00
2016.11.11 18:28:26.238,0.98738,0.9875,1.00,1.50
2016.11.11 18:28:27.288,0.98738,0.98748,1.50,1.00
2016.11.11 18:28:27.390,0.98738,0.9875,1.00,1.00
2016.11.11 18:28:27.939,0.98737,0.9875,1.50,1.00
2016.11.11 18:28:29.137,0.98737,0.98749,1.00,1.00
2016.11.11 18:28:29.647,0.98738,0.98751,1.00,2.62
2016.11.11 18:28:29.749,0.9874,0.98752,1.00,1.00
2016.11.11 18:28:30.256,0.9874,0.98752,1.87,1.00
2016.11.11 18:28:30.954,0.9874,0.98753,2.62,1.12
2016.11.11 18:28:31.320,0.98743,0.98755,2.06,2.25
2016.11.11 18:28:31.625,0.9875,0.98761,1.50,1.00
2016.11.11 18:28:32.248,0.9875,0.98762,1.12,1.12
2016.11.11 18:28:32.364,0.98749,0.9876,1.50,1.00
2016.11.11 18:28:32.619,0.98747,0.98759,1.00,1.50
2016.11.11 18:28:32.721,0.98745,0.98757,2.25,1.00
2016.11.11 18:28:33.025,0.98742,0.98751,1.37,1.00
2016.11.11 18:28:33.127,0.98741,0.98752,1.00,1.00
2016.11.11 18:28:33.381,0.98743,0.98754,1.00,1.00
2016.11.11 18:28:33.749,0.98745,0.98758,1.00,1.87
2016.11.11 18:28:34.255,0.98746,0.98759,1.00,3.75
2016.11.11 18:28:35.220,0.98746,0.98758,1.37,1.12
2016.11.11 18:28:35.372,0.98748,0.98761,2.62,1.50
2016.11.11 18:28:35.628,0.98749,0.98761,1.50,1.12
2016.11.11 18:28:36.087,0.98751,0.98763,1.00,1.00
2016.11.11 18:28:36.594,0.98751,0.98763,1.87,1.12
2016.11.11 18:28:37.193,0.98751,0.98761,1.87,1.00
2016.11.11 18:28:37.346,0.9875,0.98761,1.00,1.00
2016.11.11 18:28:38.055,0.98749,0.98762,2.25,1.50
2016.11.11 18:28:39.391,0.98749,0.98762,2.25,1.87
2016.11.11 18:28:40.908,0.98749,0.98762,1.37,1.50
2016.11.11 18:28:41.434,0.98748,0.98761,2.25,1.00
2016.11.11 18:28:41.646,0.98748,0.98759,2.25,1.00
2016.11.11 18:28:41.799,0.98745,0.98758,3.75,1.12
2016.11.11 18:28:41.951,0.98745,0.98757,1.50,1.00
2016.11.11 18:28:42.786,0.98745,0.98758,1.12,2.25
2016.11.11 18:28:43.135,0.98746,0.98759,3.37,1.12
2016.11.11 18:28:43.647,0.98746,0.98759,1.12,2.25
2016.11.11 18:28:44.187,0.98747,0.98759,1.00,1.50
2016.11.11 18:28:46.627,0.98747,0.98758,1.00,1.50
2016.11.11 18:28:46.729,0.98744,0.98757,2.62,1.12
2016.11.11 18:28:47.237,0.98744,0.98756,1.00,1.00
2016.11.11 18:28:47.798,0.98744,0.98757,1.50,1.87
2016.11.11 18:28:48.284,0.98746,0.98757,1.00,1.00
2016.11.11 18:28:48.791,0.98746,0.98759,1.87,1.87
2016.11.11 18:28:49.785,0.98747,0.9876,1.00,3.00
2016.11.11 18:28:51.888,0.98746,0.98758,1.00,1.00
2016.11.11 18:28:54.688,0.98746,0.98759,1.00,1.12
2016.11.11 18:29:01.409,0.98745,0.98758,2.25,1.00
2016.11.11 18:29:02.239,0.98746,0.98758,1.00,1.00
2016.11.11 18:29:02.663,0.98745,0.98754,1.50,3.41
2016.11.11 18:29:02.919,0.98737,0.98751,1.87,1.69
2016.11.11 18:29:03.021,0.98737,0.98751,1.50,1.87
2016.11.11 18:29:03.072,0.98737,0.98749,1.50,1.00
2016.11.11 18:29:03.578,0.98735,0.9875,7.50,1.12
2016.11.11 18:29:03.883,0.98737,0.9875,1.50,1.00
2016.11.11 18:29:04.431,0.98738,0.98751,1.50,1.50
2016.11.11 18:29:04.985,0.98738,0.98751,1.12,1.50
2016.11.11 18:29:05.291,0.98736,0.98749,2.25,1.00
2016.11.11 18:29:05.395,0.98735,0.98748,1.50,2.25
2016.11.11 18:29:05.548,0.98737,0.98748,1.00,2.25
2016.11.11 18:29:05.751,0.98738,0.98751,1.87,1.50
2016.11.11 18:29:06.034,0.9874,0.98751,1.37,1.00
2016.11.11 18:29:06.086,0.98741,0.98754,1.12,1.87
2016.11.11 18:29:06.137,0.98743,0.98756,1.00,4.50
2016.11.11 18:29:06.497,0.98743,0.98753,1.87,1.50
2016.11.11 18:29:06.750,0.98737,0.98749,1.87,1.00
2016.11.11 18:29:08.957,0.98736,0.98749,1.12,2.25
2016.11.11 18:29:09.469,0.98735,0.98748,1.87,1.00
2016.11.11 18:29:09.520,0.98738,0.9875,1.00,1.50
2016.11.11 18:29:09.823,0.9874,0.98752,1.00,1.00
2016.11.11 18:29:14.235,0.98739,0.98752,1.50,1.50
2016.11.11 18:29:20.488,0.98739,0.98751,1.12,1.25
2016.11.11 18:29:20.539,0.98737,0.98749,3.00,1.00
2016.11.11 18:29:20.692,0.98736,0.98747,1.00,1.50
2016.11.11 18:29:21.227,0.98734,0.98747,2.25,1.50
2016.11.11 18:29:23.043,0.98736,0.98747,1.00,1.00
2016.11.11 18:29:23.586,0.98734,0.98747,5.25,1.00
2016.11.11 18:29:23.688,0.98734,0.98745,3.75,1.12
2016.11.11 18:29:23.842,0.98731,0.98744,2.06,1.50
2016.11.11 18:29:23.893,0.98731,0.98744,1.87,1.87
2016.11.11 18:29:24.401,0.98732,0.98744,2.06,1.00
2016.11.11 18:29:24.453,0.98734,0.98744,1.00,1.00
2016.11.11 18:29:24.605,0.98731,0.98743,1.12,1.50
2016.11.11 18:29:24.785,0.98729,0.98742,1.87,2.62
2016.11.11 18:29:24.837,0.98733,0.98742,1.16,1.12
2016.11.11 18:29:25.005,0.98735,0.98747,1.12,1.00
2016.11.11 18:29:25.107,0.98736,0.98749,2.25,1.12
2016.11.11 18:29:25.630,0.98737,0.98749,1.00,1.00
2016.11.11 18:29:26.138,0.98735,0.98748,1.87,1.00
2016.11.11 18:29:26.736,0.98735,0.98748,1.50,1.12
2016.11.11 18:29:27.243,0.98736,0.98749,1.00,4.12
2016.11.11 18:29:28.770,0.98737,0.9875,1.00,2.62
2016.11.11 18:29:28.923,0.98737,0.9875,1.87,1.50
2016.11.11 18:29:29.245,0.98735,0.98747,1.50,1.00
2016.11.11 18:29:29.752,0.98735,0.98747,1.00,1.00
2016.11.11 18:29:30.337,0.98735,0.98745,1.00,2.06
2016.11.11 18:29:30.567,0.98734,0.98747,1.50,3.37
2016.11.11 18:29:31.482,0.98733,0.98746,1.12,1.87
2016.11.11 18:29:31.887,0.98735,0.98747,1.00,1.37
2016.11.11 18:29:32.423,0.98735,0.98747,1.00,1.00
2016.11.11 18:29:32.891,0.98733,0.98746,3.37,1.00
2016.11.11 18:29:34.400,0.98734,0.98747,2.62,1.50
2016.11.11 18:29:34.451,0.98736,0.98747,1.00,1.00
2016.11.11 18:29:34.603,0.98736,0.98751,3.75,1.87
2016.11.11 18:29:34.756,0.98736,0.98751,5.25,1.12
2016.11.11 18:29:34.858,0.98736,0.98751,3.75,1.50
2016.11.11 18:29:36.818,0.98738,0.98751,1.50,1.50
2016.11.11 18:29:37.333,0.98737,0.9875,1.87,1.00
2016.11.11 18:29:37.843,0.98737,0.98749,1.12,1.00
2016.11.11 18:29:38.368,0.98736,0.98749,1.50,3.00
2016.11.11 18:29:38.419,0.98736,0.98747,1.00,1.50
2016.11.11 18:29:38.470,0.98734,0.98747,1.12,1.50
2016.11.11 18:29:38.521,0.98734,0.98744,1.12,1.25
2016.11.11 18:29:38.776,0.98731,0.98744,3.75,1.50
2016.11.11 18:29:39.385,0.98732,0.98745,1.00,1.87
2016.11.11 18:29:41.195,0.98731,0.98743,2.25,1.00
2016.11.11 18:29:41.499,0.98728,0.98739,1.87,1.00
2016.11.11 18:29:41.958,0.9873,0.98741,1.00,1.00
2016.11.11 18:29:42.009,0.98733,0.98742,1.00,1.00
2016.11.11 18:29:42.060,0.98731,0.98745,2.25,3.00
2016.11.11 18:29:42.111,0.98733,0.98745,1.00,1.12
2016.11.11 18:29:42.621,0.98733,0.98746,2.62,1.69
2016.11.11 18:29:44.462,0.98733,0.98745,1.00,1.00
2016.11.11 18:29:44.970,0.98732,0.98745,1.50,1.50
2016.11.11 18:29:46.109,0.98734,0.98747,1.50,3.75
2016.11.11 18:29:46.313,0.98736,0.98749,1.87,1.12
2016.11.11 18:29:47.239,0.98736,0.98748,1.12,1.00
2016.11.11 18:29:48.288,0.98735,0.98747,1.87,1.00
2016.11.11 18:29:48.390,0.98734,0.98742,1.37,1.00
2016.11.11 18:29:48.492,0.9873,0.98742,2.44,1.00
2016.11.11 18:29:49.036,0.9873,0.98741,1.31,1.00
2016.11.11 18:29:49.188,0.9873,0.98743,2.25,1.00
2016.11.11 18:29:49.718,0.98731,0.98744,1.69,1.50
2016.11.11 18:29:52.185,0.98731,0.98743,1.69,1.00
2016.11.11 18:29:52.686,0.98731,0.98744,1.50,1.50
2016.11.11 18:29:55.136,0.98731,0.98742,1.00,1.00
2016.11.11 18:29:55.373,0.98727,0.98739,1.12,1.00
2016.11.11 18:29:59.092,0.98728,0.98739,1.00,1.00
2016.11.11 18:29:59.319,0.98728,0.98741,2.62,1.12
2016.11.11 18:29:59.572,0.98732,0.98742,1.16,1.12
2016.11.11 18:29:59.775,0.98734,0.98746,1.12,1.00
2016.11.11 18:30:00.279,0.98733,0.98746,1.87,1.00
2016.11.11 18:30:00.785,0.98734,0.98747,3.00,1.50
2016.11.11 18:30:01.144,0.98734,0.98743,1.50,2.10
2016.11.11 18:30:01.400,0.98729,0.98741,1.25,1.00
2016.11.11 18:30:01.945,0.98727,0.9874,1.87,1.50
2016.11.11 18:30:02.047,0.98726,0.98739,1.00,1.12
2016.11.11 18:30:02.605,0.98725,0.98737,3.00,1.00
2016.11.11 18:30:02.910,0.98723,0.98733,1.37,4.91
2016.11.11 18:30:03.113,0.98719,0.9873,1.00,1.00
2016.11.11 18:30:03.639,0.9872,0.9873,1.00,1.00
2016.11.11 18:30:08.549,0.98723,0.98733,1.00,1.87
2016.11.11 18:30:08.802,0.98723,0.98735,2.25,1.00
2016.11.11 18:30:09.338,0.98724,0.98736,1.50,1.00
2016.11.11 18:30:10.459,0.98725,0.98738,3.19,2.25
2016.11.11 18:30:10.514,0.98728,0.98738,1.00,2.25
2016.11.11 18:30:10.669,0.98729,0.98741,1.00,1.50
2016.11.11 18:30:11.279,0.98732,0.98743,1.91,1.87
2016.11.11 18:30:11.406,0.98734,0.98746,1.50,1.87
2016.11.11 18:30:11.561,0.98734,0.98742,1.00,1.00
2016.11.11 18:30:11.764,0.98729,0.9874,1.50,1.00
2016.11.11 18:30:11.815,0.98729,0.9874,1.12,1.00
2016.11.11 18:30:12.489,0.98727,0.9874,4.12,1.00
2016.11.11 18:30:14.442,0.98727,0.98739,2.62,1.00
2016.11.11 18:30:14.968,0.98727,0.9874,1.12,1.87
2016.11.11 18:30:15.690,0.98726,0.98739,4.69,1.00
2016.11.11 18:30:16.339,0.98728,0.98739,1.00,1.00
2016.11.11 18:30:16.888,0.98728,0.9874,1.12,1.12
2016.11.11 18:30:17.978,0.98729,0.98741,1.00,1.87
2016.11.11 18:30:18.071,0.98734,0.98741,1.00,1.37
2016.11.11 18:30:18.123,0.98734,0.98743,1.00,1.87
2016.11.11 18:30:18.174,0.98736,0.98746,1.00,3.75
2016.11.11 18:30:18.230,0.98737,0.98748,1.00,1.50
2016.11.11 18:30:18.739,0.98735,0.98748,2.10,1.00
2016.11.11 18:30:19.271,0.98736,0.98749,1.12,1.12
2016.11.11 18:30:22.569,0.98735,0.98748,1.50,1.00
2016.11.11 18:30:23.075,0.98735,0.98749,2.25,1.12
2016.11.11 18:30:26.691,0.98737,0.98749,1.00,1.12
2016.11.11 18:30:27.282,0.98737,0.9875,1.37,2.62
2016.11.11 18:30:27.794,0.98737,0.9875,1.00,3.19
2016.11.11 18:30:37.671,0.98737,0.98748,1.00,1.00
2016.11.11 18:30:37.849,0.98735,0.98747,1.00,1.00
2016.11.11 18:30:38.355,0.98736,0.98747,1.00,1.00
2016.11.11 18:30:38.888,0.98736,0.98747,1.50,1.00
2016.11.11 18:30:40.930,0.98737,0.98749,1.12,1.00
2016.11.11 18:30:54.840,0.98735,0.98746,2.25,3.60
2016.11.11 18:30:55.095,0.98732,0.98744,1.00,1.50
2016.11.11 18:30:55.349,0.98733,0.98746,1.00,1.50
2016.11.11 18:30:55.754,0.98735,0.98747,1.50,1.00
2016.11.11 18:30:56.086,0.98738,0.98751,1.87,4.50
2016.11.11 18:30:56.391,0.98737,0.98748,1.50,1.00
2016.11.11 18:30:56.492,0.98735,0.98748,2.62,1.50
2016.11.11 18:30:57.001,0.98735,0.98747,1.00,1.00
2016.11.11 18:30:57.589,0.98734,0.98747,2.25,1.50
2016.11.11 18:30:58.460,0.98734,0.98747,1.50,1.69
2016.11.11 18:30:58.865,0.98736,0.98748,1.00,2.62
2016.11.11 18:30:59.120,0.98736,0.98749,2.62,1.87
2016.11.11 18:30:59.738,0.98736,0.9875,2.62,3.04
2016.11.11 18:31:04.288,0.98737,0.98748,1.00,1.00
2016.11.11 18:31:04.390,0.98735,0.98748,1.50,1.50
2016.11.11 18:31:04.441,0.98735,0.98746,1.50,1.00
2016.11.11 18:31:04.954,0.98734,0.98746,1.00,1.12
2016.11.11 18:31:05.899,0.98733,0.98746,1.12,2.25
2016.11.11 18:31:06.249,0.98729,0.98742,1.50,2.25
2016.11.11 18:31:06.554,0.98735,0.98748,2.25,1.12
2016.11.11 18:31:07.060,0.98735,0.98748,1.00,1.87
2016.11.11 18:31:07.567,0.98734,0.98747,1.00,1.12
2016.11.11 18:31:08.382,0.98734,0.98746,1.00,1.00
2016.11.11 18:31:08.891,0.98733,0.98746,1.87,1.50
2016.11.11 18:31:09.197,0.98738,0.9875,1.00,1.69
2016.11.11 18:31:09.501,0.98739,0.98752,1.12,1.50
2016.11.11 18:31:09.603,0.98741,0.98753,1.00,3.94
2016.11.11 18:31:10.146,0.98741,0.98753,3.37,1.00
2016.11.11 18:31:21.690,0.98741,0.98752,1.12,1.50
2016.11.11 18:31:22.198,0.98739,0.98752,4.87,1.87
2016.11.11 18:31:30.844,0.9874,0.98751,1.12,2.85
2016.11.11 18:31:31.098,0.98735,0.98748,1.12,1.50
2016.11.11 18:31:31.941,0.98734,0.98747,4.87,1.00
2016.11.11 18:31:33.445,0.98735,0.98748,2.29,1.50
2016.11.11 18:31:34.692,0.98737,0.98748,1.00,1.00
2016.11.11 18:31:34.744,0.98739,0.98749,1.00,1.00
2016.11.11 18:31:34.899,0.98739,0.98752,1.87,3.94
2016.11.11 18:31:36.845,0.9874,0.98752,1.00,3.00
2016.11.11 18:31:37.353,0.98739,0.98751,1.00,1.00
2016.11.11 18:31:37.860,0.9874,0.98751,1.12,1.00
2016.11.11 18:31:38.572,0.98739,0.98751,1.50,1.00
2016.11.11 18:31:39.637,0.98739,0.98752,2.25,1.87
2016.11.11 18:31:42.767,0.98743,0.98754,4.87,1.12
2016.11.11 18:31:42.920,0.98746,0.98759,2.25,2.06
2016.11.11 18:31:42.971,0.98746,0.98759,2.62,2.06
2016.11.11 18:31:46.300,0.98748,0.9876,1.87,1.00
2016.11.11 18:31:46.808,0.9875,0.98761,1.12,2.06
2016.11.11 18:31:47.344,0.9875,0.9876,1.12,1.00
2016.11.11 18:31:48.280,0.98749,0.9876,1.12,1.00
2016.11.11 18:31:48.585,0.98751,0.98762,1.37,1.50
2016.11.11 18:31:48.991,0.98752,0.98764,2.62,2.06
2016.11.11 18:31:49.461,0.98753,0.98766,3.94,3.37
2016.11.11 18:31:49.514,0.98755,0.98766,1.00,3.00
2016.11.11 18:31:49.820,0.98756,0.9877,3.00,2.62
2016.11.11 18:31:50.125,0.98755,0.98767,1.87,1.00
2016.11.11 18:31:50.429,0.98756,0.9877,1.87,3.37
2016.11.11 18:31:50.480,0.98756,0.9877,1.87,3.00
2016.11.11 18:31:51.109,0.98757,0.98769,1.37,1.00
2016.11.11 18:31:55.498,0.98757,0.98768,1.37,1.00
2016.11.11 18:31:57.594,0.98757,0.98767,1.37,1.00
2016.11.11 18:31:58.100,0.98757,0.98768,1.37,1.12
2016.11.11 18:32:01.623,0.98757,0.98769,1.37,1.00
2016.11.11 18:32:02.131,0.98758,0.9877,1.37,1.12
2016.11.11 18:32:03.594,0.98758,0.98771,1.87,3.41
2016.11.11 18:32:05.944,0.98759,0.98771,1.37,2.06
2016.11.11 18:32:08.247,0.98758,0.98771,1.87,4.31
2016.11.11 18:32:09.244,0.98757,0.9877,2.62,2.25
2016.11.11 18:32:09.790,0.98757,0.9877,2.62,2.25
2016.11.11 18:32:11.938,0.98757,0.9877,2.62,2.25
2016.11.11 18:32:12.603,0.98764,0.9877,1.00,1.00
2016.11.11 18:32:12.764,0.98766,0.98777,1.37,1.00
2016.11.11 18:32:13.068,0.98766,0.98778,1.12,1.87
2016.11.11 18:32:13.119,0.98766,0.98775,1.12,1.37
2016.11.11 18:32:13.322,0.98759,0.98771,1.75,1.87
2016.11.11 18:32:13.373,0.98758,0.98771,2.25,2.25
2016.11.11 18:32:13.626,0.98763,0.98772,1.37,1.50
2016.11.11 18:32:13.728,0.98764,0.98777,3.00,5.62
2016.11.11 18:32:13.931,0.98766,0.98779,2.62,2.62
2016.11.11 18:32:14.083,0.98766,0.98779,3.00,1.87
2016.11.11 18:32:14.605,0.98766,0.98778,1.87,1.50
2016.11.11 18:32:15.391,0.98766,0.98777,1.37,1.00
2016.11.11 18:32:15.940,0.98766,0.98778,1.37,1.50
2016.11.11 18:32:17.349,0.98766,0.98777,1.37,1.00
2016.11.11 18:32:17.855,0.98765,0.98774,1.50,1.50
2016.11.11 18:32:18.051,0.98761,0.98772,1.00,1.50
2016.11.11 18:32:18.729,0.9876,0.98771,1.50,1.00
2016.11.11 18:32:19.236,0.9876,0.98772,1.50,1.00
2016.11.11 18:32:19.339,0.98762,0.98773,1.37,1.87
2016.11.11 18:32:19.645,0.98764,0.98776,1.37,1.12
2016.11.11 18:32:23.821,0.98766,0.98778,1.12,1.87
2016.11.11 18:32:23.873,0.98767,0.98778,1.37,1.50
2016.11.11 18:32:23.975,0.98768,0.98781,1.37,5.06
2016.11.11 18:32:24.483,0.98768,0.98779,1.37,1.00
2016.11.11 18:32:25.042,0.98767,0.98779,2.25,1.00
2016.11.11 18:32:25.543,0.98767,0.98778,1.37,1.00
2016.11.11 18:32:26.263,0.98766,0.98778,1.50,1.00
2016.11.11 18:32:27.038,0.98773,0.9878,1.00,1.50
2016.11.11 18:32:27.342,0.98777,0.98789,1.37,1.50
2016.11.11 18:32:27.478,0.98777,0.98788,1.12,1.00
2016.11.11 18:32:27.985,0.98775,0.98788,1.37,1.87
2016.11.11 18:32:28.762,0.98774,0.98787,2.62,1.12
2016.11.11 18:32:30.090,0.98775,0.98787,1.87,1.12
2016.11.11 18:32:30.448,0.98775,0.98785,1.37,1.00
2016.11.11 18:32:30.601,0.98776,0.98788,1.37,1.37
2016.11.11 18:32:30.703,0.98776,0.98789,1.87,1.00
2016.11.11 18:32:31.210,0.98775,0.98787,3.00,1.00
2016.11.11 18:32:31.732,0.98775,0.98786,1.37,1.00
2016.11.11 18:32:31.937,0.98777,0.98789,1.12,2.25
2016.11.11 18:32:31.988,0.98777,0.98789,1.87,1.87
2016.11.11 18:32:32.497,0.98776,0.98789,2.25,1.87
2016.11.11 18:32:33.282,0.98776,0.98789,2.25,1.87
2016.11.11 18:32:33.991,0.98778,0.98789,1.37,1.12
2016.11.11 18:32:34.195,0.98782,0.98793,1.12,1.50
2016.11.11 18:32:34.631,0.9878,0.98791,1.37,1.00
2016.11.11 18:32:35.089,0.9878,0.9879,1.50,1.50
2016.11.11 18:32:35.293,0.98777,0.9879,1.37,1.87
2016.11.11 18:32:35.395,0.98776,0.98788,1.87,1.00
2016.11.11 18:32:36.696,0.98776,0.98789,1.87,1.50
2016.11.11 18:32:37.863,0.98776,0.98787,1.50,1.00
2016.11.11 18:32:38.096,0.98773,0.98783,1.12,1.50
2016.11.11 18:32:38.198,0.98773,0.98783,1.37,1.12
2016.11.11 18:32:38.351,0.98775,0.98786,1.12,3.00
2016.11.11 18:32:38.402,0.98775,0.98785,1.87,1.37
2016.11.11 18:32:38.505,0.98775,0.98788,2.62,1.37
2016.11.11 18:32:39.377,0.98775,0.98786,1.37,1.00
2016.11.11 18:32:39.479,0.98773,0.98786,1.50,1.87
2016.11.11 18:32:39.632,0.98773,0.98784,1.87,1.00
2016.11.11 18:32:41.671,0.98773,0.98785,1.37,1.87
2016.11.11 18:32:42.178,0.98772,0.98784,1.37,1.00
2016.11.11 18:32:43.683,0.98772,0.98783,1.37,1.00
2016.11.11 18:32:44.219,0.98772,0.98782,1.37,1.00
2016.11.11 18:32:44.726,0.98772,0.98783,1.37,1.00
2016.11.11 18:32:45.234,0.98772,0.98784,1.37,1.00
2016.11.11 18:32:45.538,0.98775,0.98786,1.37,1.87
2016.11.11 18:32:46.085,0.98774,0.98787,3.37,1.00
2016.11.11 18:32:46.592,0.98776,0.98788,1.37,1.12
2016.11.11 18:32:50.490,0.98776,0.98789,1.87,1.12
2016.11.11 18:32:50.797,0.98776,0.98786,1.37,1.00
2016.11.11 18:32:50.849,0.98774,0.98786,1.87,2.25
2016.11.11 18:32:50.901,0.98774,0.98781,1.37,1.00
2016.11.11 18:32:51.156,0.98771,0.98781,1.37,1.00
2016.11.11 18:32:51.901,0.98771,0.98783,1.37,2.25
2016.11.11 18:32:52.053,0.98772,0.98784,1.37,1.87
2016.11.11 18:33:00.342,0.98774,0.98785,1.37,1.00
2016.11.11 18:33:00.647,0.98776,0.98786,1.37,1.00
2016.11.11 18:33:00.750,0.98776,0.98789,1.87,1.50
2016.11.11 18:33:01.664,0.98777,0.9879,1.87,1.87
2016.11.11 18:33:02.170,0.98779,0.98791,1.37,2.62
2016.11.11 18:33:02.677,0.9878,0.98791,1.37,1.00
2016.11.11 18:33:03.641,0.98779,0.98792,2.25,1.87
2016.11.11 18:33:04.148,0.9878,0.98792,1.37,1.50
2016.11.11 18:33:05.143,0.98781,0.98794,2.62,1.50
2016.11.11 18:33:05.347,0.98783,0.98796,1.87,2.81
2016.11.11 18:33:05.549,0.98784,0.98795,1.37,1.12
2016.11.11 18:33:05.868,0.98782,0.98793,1.37,2.06
2016.11.11 18:33:05.919,0.98782,0.98791,1.37,1.00
2016.11.11 18:33:06.173,0.98781,0.98793,1.87,1.31
2016.11.11 18:33:06.913,0.98782,0.98795,2.62,1.50
2016.11.11 18:33:06.964,0.98785,0.98796,1.12,3.19
2016.11.11 18:33:07.270,0.98785,0.98797,1.50,1.50
2016.11.11 18:33:07.473,0.98785,0.98797,1.50,1.00
2016.11.11 18:33:07.980,0.98786,0.98798,1.00,1.12
2016.11.11 18:33:08.329,0.98784,0.98796,3.37,1.00
2016.11.11 18:33:10.648,0.98784,0.98797,1.50,1.87
2016.11.11 18:33:11.280,0.98784,0.98796,1.50,1.25
2016.11.11 18:33:11.789,0.98784,0.98796,1.37,1.00
2016.11.11 18:33:12.296,0.98783,0.98796,1.87,2.62
2016.11.11 18:33:13.436,0.98782,0.98791,2.25,1.00
2016.11.11 18:33:13.488,0.98782,0.98791,1.12,1.00
2016.11.11 18:33:13.590,0.9878,0.98792,1.00,2.25
2016.11.11 18:33:14.140,0.98779,0.98792,2.25,1.87
2016.11.11 18:33:17.734,0.98779,0.98791,2.25,1.00
2016.11.11 18:33:19.324,0.98779,0.98792,1.50,2.62
2016.11.11 18:33:19.993,0.98779,0.98791,2.25,1.00
2016.11.11 18:33:21.673,0.98779,0.98791,1.87,1.00
2016.11.11 18:33:31.399,0.98779,0.9879,1.00,1.00
2016.11.11 18:33:31.819,0.98779,0.98788,1.00,1.12
2016.11.11 18:33:31.972,0.98775,0.98787,1.12,1.00
2016.11.11 18:33:32.508,0.98774,0.98787,2.25,1.87
2016.11.11 18:33:33.058,0.98774,0.98787,2.25,1.87
2016.11.11 18:33:34.779,0.98774,0.98787,2.25,2.25
2016.11.11 18:33:35.287,0.98773,0.98786,3.00,1.12
2016.11.11 18:33:39.530,0.98773,0.98782,3.00,1.00
2016.11.11 18:33:39.785,0.98766,0.98777,1.87,1.00
2016.11.11 18:33:40.294,0.98765,0.98776,2.25,1.00
2016.11.11 18:33:40.691,0.98768,0.98779,1.00,1.50
2016.11.11 18:33:40.845,0.98769,0.98781,2.62,1.50
2016.11.11 18:33:41.302,0.98771,0.98783,1.00,1.00
2016.11.11 18:33:43.692,0.98772,0.98783,1.00,1.00
2016.11.11 18:33:45.190,0.98771,0.98783,1.12,1.00
2016.11.11 18:33:46.061,0.98772,0.98783,1.00,1.00
2016.11.11 18:33:47.661,0.98773,0.98783,1.00,1.00
2016.11.11 18:33:48.538,0.98773,0.98781,1.00,1.00
2016.11.11 18:33:48.793,0.98769,0.98781,1.12,1.50
2016.11.11 18:33:49.566,0.9877,0.98782,1.00,2.62
2016.11.11 18:33:50.074,0.98771,0.98781,1.00,1.00
2016.11.11 18:33:50.692,0.98769,0.98781,1.50,1.00
2016.11.11 18:33:51.199,0.98769,0.98782,3.00,2.25
2016.11.11 18:33:51.704,0.98769,0.98782,3.00,1.87
2016.11.11 18:33:52.232,0.98769,0.98781,2.25,1.12
2016.11.11 18:33:52.744,0.98769,0.98782,4.12,1.50
2016.11.11 18:33:53.253,0.9877,0.98781,1.12,1.00
2016.11.11 18:33:54.367,0.98769,0.98782,2.25,2.25
2016.11.11 18:33:56.444,0.98774,0.98784,1.12,1.12
2016.11.11 18:33:56.699,0.98776,0.98788,1.00,1.12
2016.11.11 18:33:57.206,0.98777,0.98788,1.00,1.00
2016.11.11 18:33:57.743,0.98777,0.98789,1.50,1.12
2016.11.11 18:33:59.971,0.98778,0.98789,1.00,1.12
2016.11.11 18:34:00.275,0.98776,0.98788,1.12,1.12
2016.11.11 18:34:01.487,0.98777,0.98788,1.00,1.12
2016.11.11 18:34:03.487,0.98777,0.98789,1.00,1.50
2016.11.11 18:34:03.641,0.98776,0.98787,1.12,1.12
2016.11.11 18:34:04.874,0.98774,0.98787,3.56,1.50
2016.11.11 18:34:05.437,0.98774,0.98787,4.31,1.00
2016.11.11 18:34:05.488,0.98776,0.98789,1.12,1.87
2016.11.11 18:34:07.553,0.98775,0.98788,4.12,1.00
2016.11.11 18:34:08.059,0.98775,0.98788,4.87,1.00
2016.11.11 18:34:08.568,0.98776,0.98789,1.00,1.87
2016.11.11 18:34:12.175,0.98776,0.98789,1.00,2.25
2016.11.11 18:34:12.684,0.98775,0.98788,1.87,1.12
2016.11.11 18:34:13.563,0.98775,0.98787,1.00,1.00
2016.11.11 18:34:14.575,0.98775,0.98788,1.12,1.12
2016.11.11 18:34:15.788,0.98775,0.98787,1.12,1.00
2016.11.11 18:34:16.295,0.98774,0.98787,1.00,1.00
2016.11.11 18:34:19.994,0.98777,0.98788,1.00,1.00
2016.11.11 18:34:20.501,0.98776,0.98789,1.50,1.50
2016.11.11 18:34:21.747,0.98777,0.98789,1.50,1.00
2016.11.11 18:34:22.283,0.98777,0.9879,1.00,3.00
2016.11.11 18:34:24.041,0.98777,0.98789,1.00,1.00
2016.11.11 18:34:24.396,0.98775,0.98788,1.87,1.12
2016.11.11 18:34:24.905,0.98776,0.9879,1.00,4.54
2016.11.11 18:34:25.413,0.98775,0.9879,3.00,4.16
2016.11.11 18:34:26.744,0.98775,0.98787,3.00,1.00
2016.11.11 18:34:27.253,0.98774,0.98787,3.75,1.00
2016.11.11 18:34:27.456,0.98775,0.98788,2.25,1.50
2016.11.11 18:34:29.852,0.98777,0.98789,1.12,1.12
2016.11.11 18:34:30.187,0.9878,0.98792,1.12,1.00
2016.11.11 18:34:30.899,0.9878,0.98793,1.12,3.00
2016.11.11 18:34:31.437,0.98779,0.98792,4.50,1.50
2016.11.11 18:34:32.739,0.9878,0.98793,1.87,2.44
2016.11.11 18:34:34.732,0.9878,0.98792,1.14,1.00
2016.11.11 18:34:44.232,0.98779,0.98788,2.26,1.00
2016.11.11 18:34:44.284,0.98776,0.98788,1.87,1.50
2016.11.11 18:34:44.335,0.98776,0.98784,1.00,1.30
2016.11.11 18:34:44.538,0.98771,0.98783,1.50,1.50
2016.11.11 18:34:44.641,0.98772,0.98783,2.25,1.00
2016.11.11 18:34:44.692,0.98772,0.98785,4.87,1.12
2016.11.11 18:34:44.794,0.98775,0.98787,1.00,1.12
2016.11.11 18:34:46.642,0.98774,0.98787,2.62,1.50
2016.11.11 18:34:47.706,0.98774,0.98786,1.87,1.00
2016.11.11 18:34:48.026,0.98773,0.98784,1.12,1.00
2016.11.11 18:34:48.077,0.98773,0.98786,1.12,1.87
2016.11.11 18:34:52.975,0.98774,0.98787,2.25,1.37
2016.11.11 18:34:53.523,0.98775,0.98787,1.50,1.00
2016.11.11 18:34:55.587,0.98774,0.98786,1.50,1.00
2016.11.11 18:34:56.792,0.98774,0.98787,1.00,1.87
2016.11.11 18:34:57.097,0.98776,0.98788,1.00,1.12
2016.11.11 18:34:57.629,0.98774,0.98787,2.62,1.50
2016.11.11 18:35:00.192,0.98774,0.98787,1.50,1.50
2016.11.11 18:35:01.382,0.98774,0.98787,2.62,1.50
2016.11.11 18:35:02.466,0.98774,0.98787,1.50,1.50
2016.11.11 18:35:03.299,0.98775,0.98788,1.00,1.12
2016.11.11 18:35:08.014,0.98773,0.98788,4.12,2.62
2016.11.11 18:35:08.572,0.98773,0.98786,3.37,1.00
2016.11.11 18:35:09.782,0.98773,0.98786,1.87,1.50
2016.11.11 18:35:11.037,0.98773,0.98782,1.87,1.00
2016.11.11 18:35:11.343,0.98768,0.98781,4.12,1.50
2016.11.11 18:35:12.594,0.98768,0.98778,1.00,1.00
2016.11.11 18:35:12.797,0.98765,0.98777,1.87,1.00
2016.11.11 18:35:13.103,0.98767,0.98779,1.00,1.50
2016.11.11 18:35:13.633,0.98768,0.9878,1.00,1.00
2016.11.11 18:35:14.598,0.98767,0.9878,1.87,1.50
2016.11.11 18:35:17.443,0.98767,0.9878,2.25,1.50
2016.11.11 18:35:18.388,0.98768,0.98781,1.00,3.00
2016.11.11 18:35:18.896,0.98767,0.9878,1.50,1.50
2016.11.11 18:35:20.194,0.98767,0.98779,1.50,1.00
2016.11.11 18:35:20.744,0.98766,0.98778,1.12,1.50
2016.11.11 18:35:21.331,0.98766,0.98779,3.00,1.00
2016.11.11 18:35:21.874,0.98767,0.98779,1.12,1.00
2016.11.11 18:35:25.941,0.98767,0.9878,3.00,1.00
2016.11.11 18:35:27.451,0.98767,0.98779,2.62,1.00
2016.11.11 18:35:27.955,0.98769,0.98782,1.12,2.25
2016.11.11 18:35:28.497,0.98771,0.98782,1.00,1.00
2016.11.11 18:35:28.596,0.98772,0.98785,1.00,1.50
2016.11.11 18:35:28.799,0.98774,0.98786,2.25,1.00
2016.11.11 18:35:28.952,0.98778,0.98791,1.87,1.50
2016.11.11 18:35:29.462,0.98778,0.9879,1.50,1.00
2016.11.11 18:35:29.770,0.98779,0.98792,2.25,1.00
2016.11.11 18:35:30.293,0.98779,0.98792,3.37,1.00
2016.11.11 18:35:30.816,0.98779,0.98791,1.87,1.00
2016.11.11 18:35:31.341,0.98779,0.98791,1.12,1.00
2016.11.11 18:35:32.744,0.98781,0.98791,1.00,1.00
2016.11.11 18:35:33.162,0.98779,0.98792,3.37,1.00
2016.11.11 18:35:35.393,0.98779,0.98791,3.37,1.00
2016.11.11 18:35:36.382,0.98779,0.98792,3.00,1.12
2016.11.11 18:35:37.119,0.98779,0.98792,2.25,1.12
2016.11.11 18:35:38.143,0.98779,0.98792,2.25,1.12
2016.11.11 18:35:38.852,0.98779,0.98791,1.87,1.12
2016.11.11 18:35:38.903,0.98779,0.98789,1.12,4.87
2016.11.11 18:35:39.157,0.98771,0.98784,1.50,1.50
2016.11.11 18:35:39.247,0.98771,0.98784,1.50,1.87
2016.11.11 18:35:39.756,0.98772,0.98785,2.25,1.00
2016.11.11 18:35:40.495,0.98773,0.98786,1.12,2.25
2016.11.11 18:35:43.495,0.98774,0.98786,1.12,1.12
2016.11.11 18:35:43.698,0.98776,0.98789,1.12,1.87
2016.11.11 18:35:44.435,0.98776,0.98789,1.50,1.12
2016.11.11 18:35:44.833,0.98776,0.98789,1.00,1.12
2016.11.11 18:35:45.188,0.9878,0.98789,1.00,1.00
2016.11.11 18:35:45.291,0.98778,0.98789,1.00,1.00
2016.11.11 18:35:45.838,0.98778,0.9879,1.00,1.50
2016.11.11 18:35:46.091,0.98776,0.98789,3.00,1.00
2016.11.11 18:35:49.195,0.98777,0.9879,1.00,1.87
2016.11.11 18:35:50.188,0.98776,0.98789,3.00,1.00
2016.11.11 18:35:51.987,0.98777,0.98789,1.00,1.00
2016.11.11 18:35:52.512,0.98776,0.98789,3.00,1.00
2016.11.11 18:35:53.093,0.98777,0.9879,1.50,1.87
2016.11.11 18:35:53.611,0.98777,0.98789,1.00,1.00
2016.11.11 18:35:54.118,0.98777,0.9879,1.00,2.25
2016.11.11 18:35:54.624,0.98776,0.98789,1.87,1.00
2016.11.11 18:35:55.820,0.98777,0.9879,1.50,1.87
2016.11.11 18:35:56.417,0.98776,0.98789,3.75,1.00
2016.11.11 18:35:59.031,0.98778,0.9879,1.00,1.00
2016.11.11 18:36:00.206,0.98776,0.98789,4.50,1.00
2016.11.11 18:36:00.770,0.98776,0.98789,3.37,1.00
2016.11.11 18:36:01.039,0.98778,0.98789,1.00,1.00
2016.11.11 18:36:01.345,0.98784,0.98792,1.00,1.00
2016.11.11 18:36:01.649,0.98784,0.98796,1.12,1.00
2016.11.11 18:36:02.206,0.98784,0.98797,1.12,1.00
2016.11.11 18:36:02.486,0.98786,0.98799,1.00,1.87
2016.11.11 18:36:03.042,0.98788,0.98801,1.50,3.94
2016.11.11 18:36:03.245,0.98786,0.988,2.25,2.25
2016.11.11 18:36:03.752,0.98787,0.988,1.50,1.72
2016.11.11 18:36:04.268,0.98787,0.988,1.50,1.87
2016.11.11 18:36:04.724,0.98786,0.98798,1.50,1.00
2016.11.11 18:36:05.029,0.98786,0.98792,1.37,1.50
2016.11.11 18:36:05.080,0.98783,0.98791,1.37,1.25
2016.11.11 18:36:05.131,0.98779,0.98791,1.50,1.50
2016.11.11 18:36:05.233,0.98777,0.98789,4.12,1.00
2016.11.11 18:36:06.144,0.98778,0.9879,2.25,1.00
2016.11.11 18:36:06.449,0.98782,0.98793,2.62,1.12
2016.11.11 18:36:06.550,0.98783,0.98796,1.12,1.50
2016.11.11 18:36:07.057,0.98782,0.98795,1.12,1.87
2016.11.11 18:36:09.368,0.98782,0.98794,1.00,1.00
2016.11.11 18:36:09.635,0.98781,0.9879,1.00,1.00
2016.11.11 18:36:09.737,0.98777,0.9879,1.87,1.50
2016.11.11 18:36:09.788,0.98777,0.9879,1.00,1.50
2016.11.11 18:36:10.843,0.98776,0.98789,3.37,1.00
2016.11.11 18:36:11.387,0.98778,0.9879,1.00,1.00
2016.11.11 18:36:14.182,0.98777,0.9879,1.12,1.50
2016.11.11 18:36:15.903,0.98777,0.98788,1.12,1.00
2016.11.11 18:36:16.410,0.98776,0.98788,1.00,1.00
2016.11.11 18:36:16.939,0.98776,0.98789,1.00,1.12
2016.11.11 18:36:19.289,0.98777,0.98789,1.00,1.12
2016.11.11 18:36:19.791,0.98778,0.9879,1.00,1.00
2016.11.11 18:36:22.516,0.98777,0.9879,1.50,1.12
2016.11.11 18:36:23.066,0.98778,0.98791,1.12,3.00
2016.11.11 18:36:29.874,0.98777,0.98789,1.00,1.00
2016.11.11 18:36:30.382,0.98776,0.98789,1.12,1.50
2016.11.11 18:36:30.889,0.98776,0.98789,3.75,1.00
2016.11.11 18:36:31.396,0.98777,0.9879,1.50,2.25
2016.11.11 18:36:35.990,0.98777,0.9879,2.25,2.25
2016.11.11 18:36:37.192,0.98776,0.98788,2.25,1.00
2016.11.11 18:36:37.698,0.98775,0.98787,1.87,1.00
2016.11.11 18:36:38.236,0.98775,0.98787,1.37,1.00
2016.11.11 18:36:45.647,0.98776,0.98782,1.12,1.00
2016.11.11 18:36:45.752,0.98773,0.98781,1.37,1.00
2016.11.11 18:36:45.854,0.98768,0.9878,1.87,1.00
2016.11.11 18:36:45.906,0.98768,0.9878,1.12,1.00
2016.11.11 18:36:46.314,0.98769,0.98782,2.62,1.12
2016.11.11 18:36:46.416,0.98772,0.98783,1.00,1.12
2016.11.11 18:36:46.853,0.98772,0.98785,1.12,1.87
2016.11.11 18:36:47.056,0.98772,0.98783,1.87,2.66
2016.11.11 18:36:47.259,0.98769,0.98781,1.87,1.12
2016.11.11 18:36:47.765,0.98769,0.98782,3.00,1.00
2016.11.11 18:36:47.816,0.98772,0.98784,1.00,1.87
2016.11.11 18:36:48.019,0.98773,0.98786,1.50,2.25
2016.11.11 18:36:48.422,0.98775,0.98786,1.00,1.50
2016.11.11 18:36:48.524,0.98775,0.98788,1.87,1.12
2016.11.11 18:36:49.334,0.98774,0.98787,2.62,1.00
2016.11.11 18:36:55.944,0.98777,0.98789,1.50,1.00
2016.11.11 18:36:56.536,0.98778,0.9879,1.00,1.00
2016.11.11 18:36:57.233,0.98777,0.9879,1.87,1.00
2016.11.11 18:36:57.992,0.98779,0.9879,1.00,1.50
2016.11.11 18:36:58.248,0.98783,0.98795,1.12,1.00
2016.11.11 18:36:58.783,0.98783,0.98796,1.12,1.12
2016.11.11 18:36:59.387,0.98782,0.98795,1.50,1.00
2016.11.11 18:37:02.403,0.98782,0.98791,1.87,1.12
2016.11.11 18:37:02.555,0.98777,0.98789,1.50,1.00
2016.11.11 18:37:03.063,0.98777,0.9879,1.12,1.50
2016.11.11 18:37:03.891,0.98776,0.98788,1.37,1.00
2016.11.11 18:37:04.403,0.98776,0.98789,1.50,3.00
2016.11.11 18:37:09.990,0.98777,0.9879,1.50,3.00
2016.11.11 18:37:10.294,0.98781,0.98791,1.00,1.12
2016.11.11 18:37:10.599,0.9878,0.9879,1.87,1.00
2016.11.11 18:37:10.701,0.98777,0.9879,3.37,1.50
2016.11.11 18:37:10.752,0.98779,0.9879,1.00,1.00
2016.11.11 18:37:11.057,0.98782,0.98792,1.50,1.00
2016.11.11 18:37:11.270,0.98783,0.98796,1.50,2.25
2016.11.11 18:37:11.476,0.98781,0.98793,3.75,1.16
2016.11.11 18:37:11.528,0.98781,0.98792,2.62,1.00
2016.11.11 18:37:11.631,0.98782,0.98794,1.50,1.00
2016.11.11 18:37:11.783,0.98781,0.98794,1.87,1.50
2016.11.11 18:37:12.088,0.98783,0.98796,1.50,1.87
2016.11.11 18:37:12.444,0.98784,0.98794,1.50,1.50
2016.11.11 18:37:12.518,0.98781,0.98793,1.00,1.50
2016.11.11 18:37:13.026,0.9878,0.98793,5.25,1.00
2016.11.11 18:37:13.535,0.98781,0.98794,1.00,2.25
2016.11.11 18:37:13.637,0.98784,0.98794,1.00,1.00
2016.11.11 18:37:13.740,0.98785,0.98797,2.25,1.37
2016.11.11 18:37:14.024,0.98784,0.98793,1.12,1.00
2016.11.11 18:37:14.229,0.98782,0.98793,1.00,1.50
2016.11.11 18:37:14.737,0.98782,0.98793,1.00,1.00
2016.11.11 18:37:14.788,0.9878,0.98793,2.25,1.00
2016.11.11 18:37:15.194,0.98783,0.98794,1.00,1.12
2016.11.11 18:37:15.347,0.98783,0.98796,1.87,3.37
2016.11.11 18:37:15.676,0.98785,0.98798,1.00,3.75
2016.11.11 18:37:16.183,0.98785,0.98798,1.00,1.50
2016.11.11 18:37:16.840,0.98786,0.98798,1.00,1.00
2016.11.11 18:37:16.942,0.98787,0.988,1.00,2.62
2016.11.11 18:37:17.449,0.98785,0.988,2.62,2.25
2016.11.11 18:37:17.989,0.98785,0.988,2.81,3.00
2016.11.11 18:37:18.531,0.98785,0.98798,2.81,1.00
2016.11.11 18:37:18.836,0.98787,0.988,1.50,1.87
2016.11.11 18:37:19.089,0.98786,0.98798,1.87,1.00
2016.11.11 18:37:24.013,0.98786,0.98799,2.62,1.00
2016.11.11 18:37:24.317,0.98789,0.98801,2.62,1.00
2016.11.11 18:37:24.859,0.98789,0.98802,2.25,1.31
2016.11.11 18:37:25.936,0.98789,0.98802,1.87,1.50
2016.11.11 18:37:26.544,0.9879,0.98803,1.87,1.12
2016.11.11 18:37:26.933,0.98791,0.98803,1.37,1.12
2016.11.11 18:37:27.486,0.98791,0.98802,1.00,1.00
2016.11.11 18:37:27.689,0.98789,0.98802,2.25,2.25
2016.11.11 18:37:27.741,0.98788,0.988,2.25,1.12
2016.11.11 18:37:28.045,0.98787,0.98798,1.00,1.00
2016.11.11 18:37:28.552,0.98787,0.98799,1.00,2.25
2016.11.11 18:37:31.240,0.98787,0.988,1.00,4.50
2016.11.11 18:37:31.546,0.98786,0.98797,1.00,1.00
2016.11.11 18:37:31.785,0.98787,0.98799,1.00,1.00
2016.11.11 18:37:33.395,0.98786,0.98798,1.50,1.00
2016.11.11 18:37:33.642,0.98785,0.98798,1.50,1.50
2016.11.11 18:37:35.396,0.98785,0.98797,1.50,1.00
2016.11.11 18:37:35.543,0.98783,0.98795,1.87,1.00
2016.11.11 18:37:35.898,0.98783,0.98793,1.50,1.00
2016.11.11 18:37:36.304,0.98784,0.98795,1.00,1.00
2016.11.11 18:37:36.405,0.98782,0.98795,2.25,1.12
2016.11.11 18:37:36.950,0.98782,0.98795,2.62,1.12
2016.11.11 18:37:37.273,0.98786,0.98797,1.00,1.12
2016.11.11 18:37:37.375,0.98786,0.98799,1.50,2.85
2016.11.11 18:37:37.426,0.98786,0.98796,1.00,1.00
2016.11.11 18:37:37.477,0.98784,0.98796,1.00,1.00
2016.11.11 18:37:37.933,0.98785,0.98798,1.87,1.87
2016.11.11 18:37:38.477,0.98785,0.98798,2.25,1.50
2016.11.11 18:37:39.299,0.98787,0.98798,1.00,1.00
2016.11.11 18:37:41.488,0.98786,0.98798,1.12,1.00
2016.11.11 18:37:43.346,0.98785,0.98798,2.25,4.12
2016.11.11 18:37:43.653,0.98779,0.98789,1.00,1.00
2016.11.11 18:37:43.835,0.98777,0.9879,1.87,1.87
2016.11.11 18:37:43.987,0.98781,0.98792,1.62,1.50
2016.11.11 18:37:44.140,0.98782,0.98795,2.62,1.87
2016.11.11 18:37:44.276,0.98784,0.98795,1.00,1.00
2016.11.11 18:37:44.806,0.98782,0.98795,4.12,1.00
2016.11.11 18:37:45.338,0.98783,0.98796,1.12,1.50
2016.11.11 18:37:46.549,0.98786,0.98796,1.50,1.00
2016.11.11 18:37:46.600,0.98786,0.98799,1.50,1.87
2016.11.11 18:37:47.128,0.98787,0.988,1.00,5.06
2016.11.11 18:37:47.421,0.98785,0.98798,1.50,2.25
2016.11.11 18:37:51.479,0.98785,0.98797,1.12,1.00
2016.11.11 18:37:53.191,0.98785,0.98798,1.12,1.87
2016.11.11 18:37:53.795,0.98786,0.98799,1.50,1.50
2016.11.11 18:37:53.949,0.98787,0.98801,1.00,3.75
2016.11.11 18:37:54.364,0.98786,0.98798,1.12,1.00
2016.11.11 18:37:54.871,0.98787,0.98799,1.00,1.12
2016.11.11 18:37:55.076,0.98785,0.98798,1.50,1.87
2016.11.11 18:37:55.584,0.98786,0.98798,1.00,1.00
2016.11.11 18:37:56.093,0.98784,0.98797,3.00,1.50
2016.11.11 18:37:56.637,0.98784,0.98796,4.50,1.00
2016.11.11 18:37:57.206,0.98783,0.98796,1.87,1.87
2016.11.11 18:37:58.196,0.98785,0.98797,1.00,1.12
2016.11.11 18:38:02.128,0.98784,0.98795,1.50,1.00
2016.11.11 18:38:02.648,0.98783,0.98795,1.37,1.00
2016.11.11 18:38:02.699,0.98784,0.98797,1.12,1.50
2016.11.11 18:38:03.237,0.98784,0.98797,2.62,1.00
2016.11.11 18:38:03.941,0.98784,0.98796,1.37,1.00
2016.11.11 18:38:04.501,0.98783,0.98796,5.25,1.00
2016.11.11 18:38:07.514,0.98785,0.98798,1.00,4.12
2016.11.11 18:38:08.022,0.98784,0.98796,1.12,1.12
2016.11.11 18:38:08.544,0.98783,0.98793,1.87,1.00
2016.11.11 18:38:08.697,0.98781,0.98792,1.50,1.00
2016.11.11 18:38:09.244,0.98781,0.98794,1.00,3.75
2016.11.11 18:38:09.750,0.9878,0.98793,1.87,1.12
2016.11.11 18:38:09.954,0.98782,0.98795,1.00,2.25
2016.11.11 18:38:10.005,0.98782,0.98795,1.00,1.87
2016.11.11 18:38:12.168,0.98783,0.98795,1.00,1.87
2016.11.11 18:38:12.220,0.98785,0.98796,1.00,1.87
2016.11.11 18:38:12.322,0.98785,0.98797,1.00,1.12
2016.11.11 18:38:12.887,0.98785,0.98798,1.12,3.00
2016.11.11 18:38:13.953,0.98786,0.98798,1.00,1.00
2016.11.11 18:38:14.106,0.98787,0.988,1.00,2.85
2016.11.11 18:38:14.438,0.98785,0.98799,1.87,1.50
2016.11.11 18:38:15.032,0.98784,0.98797,2.62,1.00
2016.11.11 18:38:15.541,0.98784,0.98797,2.62,1.00
2016.11.11 18:38:18.306,0.98784,0.98798,1.50,1.12
2016.11.11 18:38:18.612,0.98782,0.98794,1.87,1.91
2016.11.11 18:38:18.764,0.9878,0.98792,1.50,1.12
2016.11.11 18:38:19.119,0.98783,0.98795,1.00,1.50
2016.11.11 18:38:19.272,0.98781,0.98791,1.87,1.00
2016.11.11 18:38:19.373,0.9878,0.98791,1.12,1.00
2016.11.11 18:38:19.905,0.98778,0.98791,3.00,2.25
2016.11.11 18:38:20.341,0.98778,0.98789,2.25,1.00
2016.11.11 18:38:20.645,0.98778,0.98791,1.50,3.37
2016.11.11 18:38:25.847,0.98778,0.98789,1.50,1.00
2016.11.11 18:38:26.354,0.98777,0.9879,1.12,1.50
2016.11.11 18:38:26.893,0.98777,0.9879,1.50,1.50
2016.11.11 18:38:31.246,0.98777,0.9879,1.87,1.50
2016.11.11 18:38:34.426,0.98781,0.9879,1.00,1.00
2016.11.11 18:38:34.527,0.98782,0.98793,1.50,1.12
2016.11.11 18:38:34.680,0.98782,0.98795,2.25,1.50
2016.11.11 18:38:34.984,0.98784,0.98797,1.87,1.50
2016.11.11 18:38:35.493,0.98785,0.98797,1.00,1.00
2016.11.11 18:38:36.637,0.98785,0.98798,1.87,1.12
2016.11.11 18:38:37.144,0.98785,0.98799,2.62,2.25
2016.11.11 18:38:37.652,0.98785,0.98798,2.62,1.00
2016.11.11 18:38:38.618,0.98785,0.98799,2.62,1.00
2016.11.11 18:38:39.126,0.98787,0.988,1.00,4.31
2016.11.11 18:38:41.338,0.98786,0.98796,1.12,1.00
2016.11.11 18:38:41.643,0.98778,0.98788,1.50,1.00
2016.11.11 18:38:41.695,0.98778,0.9879,1.12,1.00
2016.11.11 18:38:46.268,0.98778,0.98789,1.00,1.00
2016.11.11 18:38:46.775,0.98777,0.98788,1.50,1.00
2016.11.11 18:38:53.487,0.98778,0.98789,1.50,1.00
2016.11.11 18:38:53.538,0.98778,0.98791,3.00,3.00
2016.11.11 18:38:53.640,0.9878,0.98792,1.00,1.37
2016.11.11 18:38:53.945,0.98783,0.98796,1.50,1.87
2016.11.11 18:38:53.996,0.98783,0.98796,1.50,1.50
2016.11.11 18:38:54.199,0.98783,0.98796,1.50,1.69
2016.11.11 18:38:54.657,0.98783,0.98796,1.50,1.50
2016.11.11 18:38:56.340,0.98784,0.98796,1.00,1.12
2016.11.11 18:38:59.344,0.98784,0.98795,1.00,1.00
2016.11.11 18:38:59.853,0.98782,0.98795,3.37,1.00
2016.11.11 18:39:00.361,0.98783,0.98796,1.12,1.87
2016.11.11 18:39:04.819,0.98783,0.98796,4.16,1.12
2016.11.11 18:39:05.022,0.98785,0.98798,1.00,2.25
2016.11.11 18:39:05.837,0.98784,0.98797,2.62,1.00
2016.11.11 18:39:06.345,0.98784,0.98797,1.12,1.50
2016.11.11 18:39:06.735,0.98783,0.98796,3.75,1.50
2016.11.11 18:39:07.243,0.98783,0.98794,1.12,1.00
2016.11.11 18:39:07.888,0.98782,0.98792,1.50,1.72
2016.11.11 18:39:08.109,0.98779,0.98791,1.50,1.12
2016.11.11 18:39:08.617,0.98779,0.98792,1.87,1.50
2016.11.11 18:39:09.144,0.9878,0.98792,1.00,1.00
2016.11.11 18:39:09.774,0.98779,0.9879,1.87,1.00
2016.11.11 18:39:10.281,0.98778,0.98791,1.87,1.00
2016.11.11 18:39:11.327,0.98779,0.98791,1.00,1.00
2016.11.11 18:39:11.841,0.98779,0.98792,1.50,1.50
2016.11.11 18:39:26.403,0.9878,0.98792,1.00,1.00
2016.11.11 18:39:27.610,0.98779,0.98792,2.62,1.50
2016.11.11 18:39:28.736,0.98781,0.98792,1.00,1.50
2016.11.11 18:39:29.041,0.98785,0.98797,1.00,1.12
2016.11.11 18:39:29.143,0.98787,0.98797,1.00,1.00
2016.11.11 18:39:29.295,0.98784,0.98797,1.50,1.12
2016.11.11 18:39:29.499,0.98784,0.98796,1.87,1.50
2016.11.11 18:39:29.815,0.98784,0.98797,1.00,1.12
2016.11.11 18:39:30.336,0.98783,0.98796,1.50,1.00
2016.11.11 18:39:35.607,0.98785,0.98797,1.00,1.12
2016.11.11 18:39:36.115,0.98785,0.98797,1.37,1.00
2016.11.11 18:39:36.419,0.98786,0.98799,1.50,3.00
2016.11.11 18:39:46.538,0.98786,0.98799,1.12,1.37
2016.11.11 18:39:48.078,0.98786,0.98799,1.12,1.50
2016.11.11 18:39:48.637,0.98785,0.98798,2.25,1.00
2016.11.11 18:39:51.949,0.98786,0.98799,1.12,1.12
2016.11.11 18:39:53.413,0.98785,0.98797,1.37,1.00
2016.11.11 18:39:54.337,0.98785,0.98791,1.37,1.35
2016.11.11 18:39:54.511,0.98777,0.9879,1.50,1.50
2016.11.11 18:39:55.903,0.98778,0.9879,1.50,1.87
2016.11.11 18:39:57.240,0.98778,0.98791,3.00,1.50
2016.11.11 18:39:57.747,0.98777,0.98789,1.87,1.00
2016.11.11 18:39:57.799,0.98777,0.98789,1.50,1.00
2016.11.11 18:39:59.232,0.98776,0.98789,1.50,1.00
2016.11.11 18:39:59.839,0.98776,0.98789,3.00,1.00
2016.11.11 18:40:00.540,0.98775,0.98788,4.35,1.00
2016.11.11 18:40:01.047,0.98776,0.98789,1.12,1.12
2016.11.11 18:40:02.547,0.98776,0.98789,1.50,1.00
2016.11.11 18:40:03.054,0.98777,0.9879,1.00,1.12
2016.11.11 18:40:03.358,0.98776,0.98789,1.12,1.50
2016.11.11 18:40:03.859,0.98776,0.98789,1.12,1.12
2016.11.11 18:40:04.168,0.98774,0.98787,1.87,1.00
2016.11.11 18:40:04.474,0.98769,0.98781,1.12,1.00
2016.11.11 18:40:04.779,0.98774,0.98786,1.12,1.00
2016.11.11 18:40:05.309,0.98774,0.98786,1.87,1.00
2016.11.11 18:40:06.969,0.98774,0.98788,1.50,1.87
2016.11.11 18:40:07.071,0.98774,0.98786,2.25,1.00
2016.11.11 18:40:08.039,0.98774,0.98787,3.00,1.00
2016.11.11 18:40:08.546,0.98775,0.98788,1.37,1.50
2016.11.11 18:40:09.087,0.98775,0.98788,1.12,1.00
2016.11.11 18:40:09.392,0.98777,0.9879,1.12,1.12
2016.11.11 18:40:09.739,0.98776,0.98788,1.37,1.00
2016.11.11 18:40:10.247,0.98777,0.98789,1.00,1.00
2016.11.11 18:40:10.845,0.98776,0.98788,1.50,1.00
2016.11.11 18:40:12.586,0.98777,0.9879,1.87,1.12
2016.11.11 18:40:12.789,0.98778,0.9879,1.37,1.00
2016.11.11 18:40:13.337,0.98778,0.9879,1.12,1.00
2016.11.11 18:40:17.789,0.98777,0.98788,1.37,1.00
2016.11.11 18:40:18.097,0.98777,0.9879,2.25,1.00
2016.11.11 18:40:18.604,0.98777,0.9879,2.25,1.00
2016.11.11 18:40:19.059,0.98776,0.98789,1.00,1.12
2016.11.11 18:40:20.387,0.98775,0.98788,1.50,1.00
2016.11.11 18:40:20.901,0.98776,0.98788,1.00,1.00
2016.11.11 18:40:21.204,0.98776,0.9879,1.00,4.87
2016.11.11 18:40:21.768,0.98775,0.9879,1.87,5.10
2016.11.11 18:40:21.819,0.98775,0.98788,1.50,1.00
2016.11.11 18:40:22.345,0.98775,0.98787,1.00,1.00
2016.11.11 18:40:25.881,0.98774,0.98787,1.50,1.00
2016.11.11 18:40:29.276,0.98775,0.98787,1.00,1.00
2016.11.11 18:40:29.428,0.98775,0.98789,2.62,1.50
2016.11.11 18:40:31.032,0.98774,0.98787,5.44,1.00
2016.11.11 18:40:31.538,0.98774,0.98789,6.37,1.37
2016.11.11 18:40:32.077,0.98775,0.98789,1.00,1.12
2016.11.11 18:40:32.594,0.98775,0.98788,1.12,1.12
2016.11.11 18:40:36.644,0.98776,0.98789,1.00,2.62
2016.11.11 18:40:37.635,0.98776,0.98789,1.12,1.00
2016.11.11 18:40:39.615,0.98775,0.98788,3.00,1.00
2016.11.11 18:40:40.906,0.98775,0.98788,4.12,1.00
2016.11.11 18:40:41.161,0.98777,0.9879,1.50,3.00
2016.11.11 18:40:42.025,0.98776,0.98789,2.62,1.00
2016.11.11 18:40:42.937,0.98778,0.98791,1.87,4.69
2016.11.11 18:40:46.011,0.98778,0.9879,1.00,1.00
2016.11.11 18:40:46.512,0.98777,0.9879,1.00,2.25
2016.11.11 18:40:47.242,0.98775,0.98788,6.37,1.00
2016.11.11 18:40:47.787,0.98775,0.98788,2.25,1.00
2016.11.11 18:40:51.361,0.98775,0.98788,3.37,1.00
2016.11.11 18:40:54.972,0.98775,0.98788,1.50,1.50
2016.11.11 18:40:56.164,0.98775,0.98788,3.37,1.00
2016.11.11 18:40:56.688,0.98775,0.98788,3.37,1.00
2016.11.11 18:40:58.770,0.98777,0.98788,1.00,1.00
2016.11.11 18:40:59.747,0.98776,0.98788,1.12,1.00
2016.11.11 18:41:00.060,0.98779,0.98791,1.12,1.12
2016.11.11 18:41:00.580,0.98779,0.98791,3.00,1.00
2016.11.11 18:41:01.125,0.98779,0.98791,1.12,1.00
2016.11.11 18:41:04.489,0.98779,0.98792,1.12,1.00
2016.11.11 18:41:06.643,0.98779,0.98791,1.00,1.00
2016.11.11 18:41:06.914,0.98777,0.9879,1.50,1.00
2016.11.11 18:41:11.597,0.98777,0.98789,1.12,1.00
2016.11.11 18:41:12.340,0.98776,0.98789,1.50,1.50
2016.11.11 18:41:12.869,0.98777,0.9879,1.00,2.25
2016.11.11 18:41:14.715,0.98776,0.98789,2.62,1.00
2016.11.11 18:41:19.289,0.98777,0.98789,1.00,1.00
2016.11.11 18:41:19.836,0.98777,0.9879,2.25,1.12
2016.11.11 18:41:21.190,0.98779,0.9879,1.00,1.12
2016.11.11 18:41:21.242,0.98781,0.98791,1.00,1.37
2016.11.11 18:41:21.344,0.98782,0.98794,1.00,1.50
2016.11.11 18:41:21.446,0.98783,0.98795,1.12,1.12
2016.11.11 18:41:22.217,0.98783,0.98796,1.87,1.12
2016.11.11 18:41:25.689,0.98784,0.98796,1.00,1.12
2016.11.11 18:41:25.871,0.98785,0.98799,1.00,3.19
2016.11.11 18:41:26.378,0.98785,0.98799,1.37,1.31
2016.11.11 18:41:26.891,0.98785,0.98798,1.50,1.25
2016.11.11 18:41:27.434,0.98785,0.98798,3.75,1.25
2016.11.11 18:41:30.045,0.98784,0.98797,3.37,1.00
2016.11.11 18:41:30.351,0.98786,0.98799,1.50,1.00
2016.11.11 18:41:30.872,0.98786,0.98799,1.00,1.12
2016.11.11 18:41:31.377,0.98785,0.98798,1.87,1.00
2016.11.11 18:41:31.883,0.98786,0.98799,1.00,1.12
2016.11.11 18:41:32.338,0.98786,0.98797,1.00,1.00
2016.11.11 18:41:32.843,0.98785,0.98798,1.87,1.00
2016.11.11 18:41:33.362,0.98786,0.98799,1.50,1.12
2016.11.11 18:41:33.881,0.98786,0.988,3.00,2.62
2016.11.11 18:41:34.409,0.98786,0.98799,1.12,1.50
2016.11.11 18:41:35.056,0.98786,0.98799,1.00,4.12
2016.11.11 18:41:35.562,0.98785,0.98798,2.62,1.00
2016.11.11 18:41:35.968,0.98788,0.98801,1.00,5.62
2016.11.11 18:41:38.238,0.98786,0.98799,3.37,1.00
2016.11.11 18:41:38.441,0.98786,0.98799,3.00,1.00
2016.11.11 18:41:38.991,0.98787,0.98799,1.00,1.00
2016.11.11 18:41:41.343,0.98787,0.98798,1.00,1.00
2016.11.11 18:41:41.849,0.98785,0.98798,4.12,1.00
2016.11.11 18:41:46.410,0.98786,0.98798,1.00,1.87
2016.11.11 18:41:46.562,0.98783,0.98796,3.00,1.00
2016.11.11 18:41:47.396,0.98784,0.98797,1.12,1.12
2016.11.11 18:41:47.903,0.98784,0.98797,2.25,1.00
2016.11.11 18:41:48.422,0.98785,0.98798,2.25,1.00
2016.11.11 18:41:48.943,0.98785,0.98798,3.37,1.00
2016.11.11 18:41:49.256,0.98787,0.988,2.25,1.50
2016.11.11 18:41:52.890,0.98787,0.988,1.00,1.12
2016.11.11 18:41:56.392,0.98786,0.98799,3.37,1.00
2016.11.11 18:41:57.188,0.98786,0.98797,1.87,1.00
2016.11.11 18:41:57.290,0.98785,0.98797,1.50,1.00
2016.11.11 18:41:57.825,0.98785,0.98797,1.50,1.00
2016.11.11 18:41:58.333,0.98785,0.98798,2.62,1.00
2016.11.11 18:41:58.988,0.98786,0.98799,1.50,1.00
2016.11.11 18:41:59.495,0.98788,0.988,1.12,1.12
2016.11.11 18:42:07.509,0.98788,0.98801,1.50,4.31
2016.11.11 18:42:18.552,0.98789,0.98801,1.12,4.12
2016.11.11 18:42:19.058,0.98787,0.988,2.25,1.00
2016.11.11 18:42:22.937,0.98791,0.98802,1.00,1.37
2016.11.11 18:42:23.039,0.98791,0.98803,2.25,2.06
2016.11.11 18:42:23.090,0.98793,0.98803,1.00,1.00
2016.11.11 18:42:23.192,0.98794,0.98807,2.25,1.87
2016.11.11 18:42:23.243,0.98795,0.98807,1.50,1.12
2016.11.11 18:42:23.446,0.98796,0.98809,1.12,1.12
2016.11.11 18:42:28.838,0.98794,0.98807,3.37,1.00
2016.11.11 18:42:30.054,0.98794,0.98807,1.87,1.00
2016.11.11 18:42:34.036,0.98794,0.98801,1.87,2.29
2016.11.11 18:42:34.188,0.98793,0.98801,1.00,4.87
2016.11.11 18:42:34.240,0.98788,0.98801,1.12,5.10
2016.11.11 18:42:34.848,0.98788,0.98801,1.50,3.94
2016.11.11 18:42:35.330,0.9879,0.98802,1.12,1.12
2016.11.11 18:42:35.634,0.9879,0.98802,1.75,1.00
2016.11.11 18:42:35.736,0.9879,0.98803,1.12,1.87
2016.11.11 18:42:38.288,0.98791,0.98803,1.00,1.00
2016.11.11 18:42:38.339,0.98794,0.98803,1.00,1.00
2016.11.11 18:42:38.543,0.98797,0.98809,1.87,1.00
2016.11.11 18:42:39.070,0.98797,0.98809,1.50,1.00
2016.11.11 18:42:39.591,0.98797,0.9881,2.25,1.12
2016.11.11 18:42:40.238,0.98797,0.98809,1.12,1.50
2016.11.11 18:42:40.392,0.98795,0.98808,2.25,2.25
2016.11.11 18:42:40.927,0.98795,0.98807,1.00,1.00
2016.11.11 18:42:44.745,0.98794,0.98807,5.62,1.00
2016.11.11 18:42:46.359,0.98795,0.98807,1.50,1.00
2016.11.11 18:42:46.410,0.98797,0.98809,1.12,1.25
2016.11.11 18:42:47.097,0.98796,0.98808,1.00,1.50
2016.11.11 18:42:47.638,0.98794,0.98807,3.75,1.00
2016.11.11 18:42:48.279,0.98794,0.98806,3.00,1.00
2016.11.11 18:42:48.786,0.98794,0.98807,2.25,1.50
2016.11.11 18:42:49.696,0.98795,0.98808,1.87,1.12
2016.11.11 18:42:49.900,0.98795,0.98808,1.50,1.00
2016.11.11 18:42:50.052,0.98795,0.98808,1.12,1.00
2016.11.11 18:42:50.103,0.98795,0.98808,1.50,1.00
2016.11.11 18:42:50.619,0.98795,0.98808,1.87,1.00
2016.11.11 18:42:51.143,0.98795,0.98808,1.50,1.00
2016.11.11 18:42:51.687,0.98795,0.98807,1.00,1.00
2016.11.11 18:42:52.887,0.98794,0.98806,2.62,1.00
2016.11.11 18:42:53.394,0.98794,0.98807,2.25,1.00
2016.11.11 18:42:53.902,0.98796,0.98808,1.00,1.12
2016.11.11 18:42:54.438,0.98794,0.98808,2.25,1.87
2016.11.11 18:42:54.742,0.98794,0.98806,1.50,1.00
2016.11.11 18:42:54.793,0.98795,0.98808,1.50,3.00
2016.11.11 18:42:55.836,0.98795,0.98807,1.00,1.00
2016.11.11 18:42:56.603,0.98794,0.98807,3.37,1.00
2016.11.11 18:42:57.110,0.98795,0.98808,2.62,1.00
2016.11.11 18:42:59.689,0.98795,0.98808,1.87,1.00
2016.11.11 18:43:00.234,0.98795,0.98808,1.50,1.00
2016.11.11 18:43:02.518,0.98795,0.98808,1.50,1.00
2016.11.11 18:43:02.670,0.98795,0.98808,1.50,1.00
2016.11.11 18:43:05.513,0.98795,0.98808,1.50,1.00
2016.11.11 18:43:07.843,0.98796,0.98808,1.00,1.00
2016.11.11 18:43:10.244,0.98795,0.98807,1.37,1.50
2016.11.11 18:43:10.852,0.98795,0.98808,1.50,1.50
2016.11.11 18:43:11.378,0.98794,0.98807,4.12,1.00
2016.11.11 18:43:11.887,0.98795,0.98808,2.25,1.00
2016.11.11 18:43:12.520,0.98795,0.98808,2.25,1.00
2016.11.11 18:43:12.824,0.98797,0.9881,1.75,4.69
2016.11.11 18:43:13.353,0.98796,0.98809,2.25,1.00
2016.11.11 18:43:16.151,0.98796,0.98809,1.75,1.00
2016.11.11 18:43:16.688,0.98796,0.98809,1.50,1.00
2016.11.11 18:43:18.966,0.98798,0.9881,1.00,1.00
2016.11.11 18:43:19.222,0.98799,0.98812,1.87,1.50
2016.11.11 18:43:19.789,0.98799,0.98812,1.12,1.87
2016.11.11 18:43:21.138,0.98799,0.98812,1.12,2.62
2016.11.11 18:43:21.639,0.98799,0.98812,1.12,1.00
2016.11.11 18:43:24.383,0.98799,0.98812,1.87,1.00
2016.11.11 18:43:25.772,0.98799,0.98812,2.25,1.00
2016.11.11 18:43:40.703,0.988,0.98813,1.50,2.06
2016.11.11 18:43:41.211,0.98801,0.98814,1.50,1.00
2016.11.11 18:43:47.080,0.98802,0.98814,1.00,1.00
2016.11.11 18:43:47.133,0.98803,0.98816,1.00,2.06
2016.11.11 18:43:47.641,0.98802,0.98815,3.75,1.00
2016.11.11 18:43:49.191,0.98802,0.98812,1.87,1.00
2016.11.11 18:43:49.396,0.98798,0.9881,1.12,1.87
2016.11.11 18:43:49.549,0.988,0.98809,2.25,1.00
2016.11.11 18:43:49.600,0.988,0.98811,3.37,1.00
2016.11.11 18:43:49.703,0.98801,0.98812,1.50,1.00
2016.11.11 18:43:49.836,0.98802,0.98815,2.25,1.00
2016.11.11 18:43:50.343,0.98803,0.98815,1.87,1.00
2016.11.11 18:43:50.495,0.98804,0.98817,1.12,1.12
2016.11.11 18:43:51.497,0.98804,0.98816,1.12,2.22
2016.11.11 18:43:51.549,0.98802,0.98812,3.00,1.00
2016.11.11 18:43:51.651,0.98801,0.98812,1.00,1.50
2016.11.11 18:43:51.753,0.98799,0.98812,1.50,1.00
2016.11.11 18:43:52.045,0.988,0.98812,1.50,1.00
2016.11.11 18:43:52.147,0.98801,0.98814,1.87,1.00
2016.11.11 18:43:52.402,0.98802,0.98814,1.37,1.00
2016.11.11 18:43:52.656,0.98803,0.98816,1.00,1.50
2016.11.11 18:43:53.163,0.98803,0.98815,1.87,1.00
2016.11.11 18:43:53.315,0.98801,0.98814,5.62,1.00
2016.11.11 18:43:53.874,0.98801,0.98813,1.87,1.87
2016.11.11 18:43:54.165,0.98798,0.98812,2.62,4.50
2016.11.11 18:43:54.319,0.98798,0.98812,2.62,3.75
2016.11.11 18:43:54.370,0.98798,0.98812,2.25,4.50
2016.11.11 18:43:54.878,0.98799,0.98811,1.00,1.00
2016.11.11 18:43:55.406,0.98799,0.9881,1.00,1.00
2016.11.11 18:43:56.047,0.98799,0.98811,1.00,1.00
2016.11.11 18:43:56.381,0.98801,0.98813,1.12,1.50
2016.11.11 18:43:56.738,0.98803,0.98816,1.00,1.87
2016.11.11 18:43:56.943,0.98803,0.98816,3.37,1.00
2016.11.11 18:43:57.248,0.98803,0.98813,1.12,2.29
2016.11.11 18:43:57.527,0.98799,0.98812,1.12,1.12
2016.11.11 18:43:58.337,0.98798,0.98811,3.00,1.00
2016.11.11 18:43:58.743,0.98798,0.98809,1.37,1.00
2016.11.11 18:43:58.845,0.98796,0.98809,1.87,1.00
2016.11.11 18:43:59.381,0.98798,0.9881,1.00,1.50
2016.11.11 18:43:59.888,0.98798,0.98811,1.87,1.00
2016.11.11 18:44:00.253,0.98798,0.98811,3.00,1.00
2016.11.11 18:44:00.355,0.98798,0.98811,3.75,1.00
2016.11.11 18:44:01.012,0.98799,0.98811,1.00,1.00
2016.11.11 18:44:01.063,0.988,0.98811,1.75,1.00
2016.11.11 18:44:01.586,0.988,0.98811,1.75,1.00
2016.11.11 18:44:02.767,0.988,0.98812,1.75,1.31
2016.11.11 18:44:04.745,0.98803,0.98813,1.12,1.00
2016.11.11 18:44:05.050,0.98805,0.98818,2.25,2.62
2016.11.11 18:44:05.456,0.98803,0.98816,3.37,1.00
2016.11.11 18:44:05.890,0.98803,0.98814,2.62,1.69
2016.11.11 18:44:05.992,0.98805,0.98813,1.00,1.00
2016.11.11 18:44:06.043,0.98805,0.98815,1.00,2.25
2016.11.11 18:44:06.292,0.98804,0.98815,1.75,2.25
2016.11.11 18:44:06.973,0.98804,0.98816,1.75,1.00
2016.11.11 18:44:09.637,0.98805,0.98817,1.75,1.87
2016.11.11 18:44:09.942,0.98807,0.98819,1.75,1.00
2016.11.11 18:44:10.488,0.9881,0.9882,1.00,1.31
2016.11.11 18:44:10.813,0.98809,0.9882,1.75,1.25
2016.11.11 18:44:12.290,0.98809,0.9882,1.75,1.37
2016.11.11 18:44:12.596,0.98801,0.98811,1.50,1.50
2016.11.11 18:44:12.698,0.98801,0.9881,1.00,1.00
2016.11.11 18:44:12.919,0.98799,0.98811,1.00,3.56
2016.11.11 18:44:13.123,0.98799,0.9881,1.50,1.00
2016.11.11 18:44:13.630,0.98798,0.9881,1.87,1.00
2016.11.11 18:44:14.139,0.98798,0.9881,2.62,1.00
2016.11.11 18:44:14.573,0.98799,0.98812,1.75,2.47
2016.11.11 18:44:14.624,0.98799,0.98812,1.75,3.00
2016.11.11 18:44:15.131,0.98799,0.98812,2.62,1.50
2016.11.11 18:44:15.637,0.98798,0.98811,1.87,1.50
2016.11.11 18:44:20.142,0.98798,0.9881,2.85,1.00
2016.11.11 18:44:20.756,0.98798,0.98811,1.87,1.50
2016.11.11 18:44:21.262,0.98798,0.9881,1.87,1.00
2016.11.11 18:44:21.837,0.98797,0.9881,2.62,2.25
2016.11.11 18:44:22.345,0.98797,0.98809,1.75,1.00
2016.11.11 18:44:22.877,0.98798,0.9881,2.25,1.00
2016.11.11 18:44:24.389,0.98798,0.98811,2.25,1.50
2016.11.11 18:44:24.938,0.98798,0.9881,1.75,1.00
2016.11.11 18:44:27.241,0.988,0.9881,1.50,1.00
2016.11.11 18:44:27.546,0.98798,0.9881,1.12,1.00
2016.11.11 18:44:32.290,0.98798,0.9881,1.75,1.87
2016.11.11 18:44:32.814,0.98797,0.9881,1.75,1.00
2016.11.11 18:44:33.291,0.98799,0.9881,1.75,1.00
2016.11.11 18:44:34.271,0.988,0.98811,2.85,1.00
2016.11.11 18:44:34.424,0.98802,0.98815,1.87,1.87
2016.11.11 18:44:34.475,0.98802,0.98815,1.37,1.12
2016.11.11 18:44:34.779,0.98806,0.98817,1.00,1.87
2016.11.11 18:44:36.594,0.98805,0.98818,3.00,1.87
2016.11.11 18:44:37.102,0.98805,0.98818,3.37,2.10
2016.11.11 18:44:37.254,0.98805,0.98818,1.75,2.10
2016.11.11 18:44:38.675,0.98804,0.98817,1.87,3.37
2016.11.11 18:44:38.878,0.98804,0.98817,1.75,3.37
2016.11.11 18:44:39.387,0.98803,0.98816,4.12,1.00
2016.11.11 18:44:39.743,0.98804,0.98811,1.75,1.00
2016.11.11 18:44:39.997,0.98799,0.9881,1.75,1.00
2016.11.11 18:44:40.560,0.98799,0.98811,1.75,2.25
2016.11.11 18:44:41.067,0.98798,0.98811,1.87,1.37
2016.11.11 18:44:41.588,0.98798,0.98811,1.87,1.12
2016.11.11 18:44:42.094,0.98798,0.98811,1.87,1.50
2016.11.11 18:44:42.994,0.98801,0.9881,2.10,1.00
2016.11.11 18:44:43.046,0.98803,0.98813,1.50,1.12
2016.11.11 18:44:43.148,0.98805,0.98816,1.87,1.75
2016.11.11 18:44:43.200,0.98806,0.98818,1.00,3.00
2016.11.11 18:44:43.251,0.98806,0.98818,1.75,1.87
2016.11.11 18:44:43.832,0.98806,0.98819,2.25,1.87
2016.11.11 18:44:44.237,0.98808,0.9882,2.25,1.69
2016.11.11 18:44:44.542,0.98814,0.98826,2.25,1.00
2016.11.11 18:44:45.444,0.98813,0.98826,2.25,1.87
2016.11.11 18:44:45.546,0.98812,0.98825,1.75,1.00
2016.11.11 18:44:46.897,0.98812,0.98822,1.75,2.29
2016.11.11 18:44:47.042,0.98811,0.98821,1.00,1.50
2016.11.11 18:44:47.564,0.98808,0.9882,1.87,1.00
2016.11.11 18:44:50.040,0.98808,0.98821,2.62,1.50
2016.11.11 18:44:50.165,0.98811,0.98823,1.50,1.00
2016.11.11 18:44:50.275,0.98812,0.98825,2.25,1.12
2016.11.11 18:44:52.367,0.98813,0.98825,1.75,1.12
2016.11.11 18:44:52.700,0.98816,0.98826,2.25,1.00
2016.11.11 18:44:52.802,0.98814,0.98825,1.87,1.00
2016.11.11 18:44:52.904,0.98814,0.98824,1.37,1.72
2016.11.11 18:44:53.107,0.98813,0.98824,1.00,1.16
2016.11.11 18:44:54.346,0.98812,0.98825,1.50,4.35
2016.11.11 18:44:54.398,0.98812,0.98822,1.50,1.50
2016.11.11 18:44:54.574,0.98809,0.98822,1.75,2.25
2016.11.11 18:44:55.437,0.98808,0.98819,1.87,1.50
2016.11.11 18:44:55.489,0.98808,0.98817,1.12,1.00
2016.11.11 18:44:55.694,0.98804,0.98816,3.00,1.00
2016.11.11 18:44:55.900,0.98805,0.98817,1.75,1.00
2016.11.11 18:44:56.670,0.98808,0.98817,1.75,1.00
2016.11.11 18:44:56.721,0.98808,0.98819,1.75,1.00
2016.11.11 18:44:56.974,0.98807,0.98819,2.25,1.00
2016.11.11 18:44:57.487,0.98807,0.98819,3.37,1.00
2016.11.11 18:44:58.108,0.98807,0.9882,5.62,1.25
2016.11.11 18:44:58.511,0.98812,0.9882,1.50,1.00
2016.11.11 18:44:58.562,0.98814,0.98824,1.50,1.50
2016.11.11 18:44:58.613,0.98814,0.98825,3.00,1.00
2016.11.11 18:44:58.665,0.98814,0.98828,3.37,1.50
2016.11.11 18:44:59.171,0.98814,0.98828,3.37,2.25
2016.11.11 18:45:00.169,0.98816,0.98829,2.25,1.50
2016.11.11 18:45:00.228,0.98816,0.98829,1.75,1.00
2016.11.11 18:45:00.736,0.98816,0.98828,1.75,1.00
2016.11.11 18:45:01.246,0.98816,0.98829,2.25,1.00
2016.11.11 18:45:03.743,0.98817,0.9883,1.75,2.44
2016.11.11 18:45:06.218,0.98817,0.98829,1.75,1.49
2016.11.11 18:45:06.523,0.98814,0.98827,1.87,1.50
2016.11.11 18:45:08.746,0.98815,0.98827,1.75,1.00
2016.11.11 18:45:11.592,0.98817,0.98829,1.50,1.12
2016.11.11 18:45:12.100,0.98817,0.9883,1.50,3.79
2016.11.11 18:45:14.091,0.98816,0.98829,2.62,1.00
2016.11.11 18:45:14.733,0.98816,0.98829,1.87,1.41
2016.11.11 18:45:14.785,0.98816,0.98826,1.12,1.00
2016.11.11 18:45:14.950,0.98815,0.98826,1.12,1.50
2016.11.11 18:45:17.746,0.98815,0.98822,1.00,1.50
2016.11.11 18:45:17.984,0.98809,0.9882,1.37,1.50
2016.11.11 18:45:18.544,0.98809,0.9882,1.12,1.00
2016.11.11 18:45:19.007,0.98811,0.98823,1.12,1.00
2016.11.11 18:45:19.533,0.98812,0.98822,1.00,1.00
2016.11.11 18:45:20.108,0.98812,0.98824,1.00,1.91
2016.11.11 18:45:21.341,0.9881,0.98824,1.87,2.10
2016.11.11 18:45:21.594,0.9881,0.98822,1.87,1.00
2016.11.11 18:45:22.740,0.9881,0.9882,1.12,1.16
2016.11.11 18:45:22.993,0.98806,0.98818,1.12,1.87
2016.11.11 18:45:23.095,0.98806,0.98818,1.00,1.87
2016.11.11 18:45:23.297,0.98806,0.98818,1.12,1.69
2016.11.11 18:45:25.692,0.98806,0.98815,1.12,1.00
2016.11.11 18:45:25.794,0.98805,0.98815,1.37,1.25
2016.11.11 18:45:25.997,0.98804,0.98815,1.00,1.25
2016.11.11 18:45:27.202,0.98804,0.98816,1.50,1.00
2016.11.11 18:45:27.743,0.98804,0.98816,1.87,1.30
2016.11.11 18:45:28.402,0.98804,0.98816,1.00,1.00
2016.11.11 18:45:28.503,0.98804,0.98815,1.12,1.00
2016.11.11 18:45:28.706,0.98804,0.98815,1.12,1.00
2016.11.11 18:45:29.254,0.98804,0.98815,1.37,1.00
2016.11.11 18:45:29.766,0.98804,0.98816,1.12,1.00
2016.11.11 18:45:30.277,0.98804,0.98816,1.37,1.00
2016.11.11 18:45:30.783,0.98804,0.98815,1.37,1.00
2016.11.11 18:45:38.025,0.98804,0.98816,1.50,1.00
2016.11.11 18:45:38.536,0.98805,0.98816,1.37,1.00
2016.11.11 18:45:39.339,0.98805,0.98815,1.37,1.00
2016.11.11 18:45:40.751,0.98805,0.9881,1.37,1.00
2016.11.11 18:45:40.854,0.98801,0.9881,1.50,1.00
2016.11.11 18:45:41.391,0.98799,0.98811,1.12,1.50
2016.11.11 18:45:41.545,0.98802,0.98813,2.25,1.50
2016.11.11 18:45:41.596,0.98804,0.98814,1.50,1.00
2016.11.11 18:45:41.698,0.98805,0.98817,1.00,1.12
2016.11.11 18:45:41.851,0.98805,0.98817,1.12,1.00
2016.11.11 18:45:47.055,0.98805,0.98818,2.62,1.00
2016.11.11 18:45:51.764,0.98806,0.98818,1.87,1.00
2016.11.11 18:45:51.866,0.98806,0.98818,1.37,1.00
2016.11.11 18:45:52.120,0.98806,0.98811,1.00,1.00
2016.11.11 18:45:52.171,0.98805,0.98813,1.37,1.69
2016.11.11 18:45:52.375,0.98801,0.98813,2.25,1.00
2016.11.11 18:45:52.529,0.98805,0.98813,1.00,1.00
2016.11.11 18:45:52.581,0.98806,0.98817,1.00,1.12
2016.11.11 18:45:52.632,0.98807,0.98818,1.12,1.87
2016.11.11 18:45:52.734,0.98808,0.9882,1.00,3.94
2016.11.11 18:45:53.479,0.98809,0.9882,1.00,2.44
2016.11.11 18:45:53.989,0.9881,0.98821,1.12,1.69
2016.11.11 18:45:54.740,0.9881,0.9882,1.12,1.25
2016.11.11 18:45:57.437,0.9881,0.98821,1.12,1.00
2016.11.11 18:45:57.590,0.98812,0.98825,1.87,1.50
2016.11.11 18:45:57.641,0.98813,0.98826,1.87,1.87
2016.11.11 18:45:57.986,0.98814,0.98826,3.37,1.00
2016.11.11 18:46:02.467,0.98814,0.98827,2.62,1.00
2016.11.11 18:46:02.836,0.98814,0.98826,1.37,3.60
2016.11.11 18:46:02.887,0.98814,0.9882,1.37,1.25
2016.11.11 18:46:03.040,0.98812,0.9882,1.00,1.69
2016.11.11 18:46:03.142,0.98808,0.9882,1.37,2.44
2016.11.11 18:46:14.948,0.98808,0.98819,1.37,1.00
2016.11.11 18:46:15.130,0.98807,0.98818,1.00,1.00
2016.11.11 18:46:15.385,0.98805,0.98818,1.50,1.00
2016.11.11 18:46:15.893,0.98805,0.98818,1.87,1.00
2016.11.11 18:46:16.395,0.98805,0.98817,1.37,1.00
2016.11.11 18:46:17.990,0.98806,0.98819,1.87,2.25
2016.11.11 18:46:18.540,0.98806,0.98819,2.62,2.25
2016.11.11 18:46:19.226,0.98806,0.98819,2.62,1.00
2016.11.11 18:46:19.531,0.9881,0.9882,1.12,1.00
2016.11.11 18:46:19.582,0.9881,0.98823,1.87,2.62
2016.11.11 18:46:19.634,0.98811,0.98823,2.62,1.87
2016.11.11 18:46:19.685,0.98812,0.98825,2.25,1.50
2016.11.11 18:46:19.736,0.98812,0.98825,2.25,1.50
2016.11.11 18:46:20.243,0.98813,0.98825,1.87,1.00
2016.11.11 18:46:25.202,0.98813,0.98826,3.75,1.00
2016.11.11 18:46:25.791,0.98814,0.98826,1.87,1.00
2016.11.11 18:46:27.188,0.98814,0.98827,2.62,1.00
2016.11.11 18:46:30.093,0.98816,0.98828,1.00,1.50
2016.11.11 18:46:30.398,0.98817,0.98829,1.75,1.00
2016.11.11 18:46:31.123,0.98817,0.9883,2.25,1.00
2016.11.11 18:46:33.963,0.98817,0.9883,2.25,1.00
2016.11.11 18:46:34.493,0.98817,0.9883,2.25,1.00
2016.11.11 18:46:34.802,0.98822,0.98832,1.00,1.37
2016.11.11 18:46:34.955,0.9882,0.98834,4.12,1.50
2016.11.11 18:46:35.158,0.9882,0.98834,3.37,1.50
2016.11.11 18:46:36.946,0.98821,0.98834,1.12,1.50
2016.11.11 18:46:37.492,0.9882,0.98833,1.87,1.00
2016.11.11 18:46:38.153,0.9882,0.9883,1.37,1.12
2016.11.11 18:46:38.357,0.98816,0.98828,1.00,1.00
2016.11.11 18:46:38.458,0.98816,0.98828,1.12,1.00
2016.11.11 18:46:39.605,0.98815,0.98827,3.37,1.00
2016.11.11 18:46:39.656,0.98816,0.98827,1.00,1.50
2016.11.11 18:46:40.090,0.98814,0.98826,1.00,1.25
2016.11.11 18:46:53.042,0.98815,0.98828,1.00,1.37
2016.11.11 18:46:53.574,0.98815,0.98828,1.37,1.12
2016.11.11 18:46:57.346,0.98814,0.98827,2.25,1.00
2016.11.11 18:46:57.888,0.98815,0.98828,1.50,1.12
2016.11.11 18:47:00.172,0.98814,0.98827,1.87,1.00
2016.11.11 18:47:01.090,0.98814,0.98826,1.87,1.00
2016.11.11 18:47:01.294,0.98813,0.98825,1.50,1.00
2016.11.11 18:47:01.817,0.98813,0.98826,1.37,1.50
2016.11.11 18:47:02.020,0.98814,0.98827,1.87,1.00
2016.11.11 18:47:04.195,0.98814,0.98826,1.87,1.00
2016.11.11 18:47:04.348,0.98813,0.98826,1.50,2.25
2016.11.11 18:47:04.804,0.98812,0.98825,1.50,1.50
2016.11.11 18:47:04.855,0.98812,0.98822,1.12,1.49
2016.11.11 18:47:05.079,0.98809,0.98821,1.12,1.00
2016.11.11 18:47:05.486,0.9881,0.98823,1.12,2.06
2016.11.11 18:47:05.792,0.98809,0.98821,1.87,1.50
2016.11.11 18:47:06.097,0.98805,0.98818,5.25,1.00
2016.11.11 18:47:06.628,0.98806,0.98818,1.37,1.00
2016.11.11 18:47:08.205,0.98806,0.98818,1.37,1.00
2016.11.11 18:47:11.485,0.98806,0.98819,1.87,1.00
2016.11.11 18:47:11.913,0.98807,0.98819,3.75,1.00
2016.11.11 18:47:12.014,0.9881,0.98821,2.25,1.00
2016.11.11 18:47:12.116,0.9881,0.98824,1.50,2.62
2016.11.11 18:47:12.319,0.98812,0.98825,1.37,2.25
2016.11.11 18:47:12.635,0.98812,0.98823,1.50,1.00
2016.11.11 18:47:13.773,0.98812,0.98825,1.50,1.00
2016.11.11 18:47:14.289,0.98813,0.98826,1.12,2.62
2016.11.11 18:47:14.442,0.98813,0.98826,3.00,1.00
2016.11.11 18:47:14.950,0.98813,0.98826,3.37,1.00
2016.11.11 18:47:15.457,0.98814,0.98827,1.75,1.00
2016.11.11 18:47:17.319,0.98815,0.98828,3.00,1.50
2016.11.11 18:47:17.853,0.98816,0.98829,3.00,1.00
2016.11.11 18:47:18.493,0.98817,0.9883,1.12,1.12
2016.11.11 18:47:18.848,0.98817,0.9883,1.50,1.00
2016.11.11 18:47:20.971,0.9882,0.9883,1.30,1.00
2016.11.11 18:47:21.174,0.98822,0.98834,1.50,1.00
2016.11.11 18:47:21.276,0.98822,0.98835,3.00,1.00
2016.11.11 18:47:21.797,0.98822,0.9883,1.50,1.00
2016.11.11 18:47:22.051,0.98816,0.98827,1.12,1.00
2016.11.11 18:47:22.154,0.98816,0.98827,1.00,1.00
2016.11.11 18:47:23.043,0.98816,0.98828,1.00,1.00
2016.11.11 18:47:23.585,0.98816,0.98829,1.50,1.00
2016.11.11 18:47:25.839,0.98816,0.98829,1.87,1.00
2016.11.11 18:47:28.743,0.98815,0.98828,2.25,1.00
2016.11.11 18:47:31.838,0.98816,0.98829,1.50,1.50
2016.11.11 18:47:48.893,0.98816,0.98827,1.50,1.00
2016.11.11 18:47:49.099,0.98813,0.98825,1.12,1.00
2016.11.11 18:47:51.636,0.98813,0.98826,1.00,3.56
2016.11.11 18:47:51.687,0.98813,0.98824,1.00,1.00
2016.11.11 18:47:53.852,0.98813,0.98825,1.00,1.00
2016.11.11 18:47:54.393,0.98812,0.98825,1.12,1.00
2016.11.11 18:47:54.890,0.98812,0.98822,1.12,1.00
2016.11.11 18:47:55.145,0.98807,0.98819,1.50,1.00
2016.11.11 18:47:55.690,0.98807,0.9882,1.50,3.37
2016.11.11 18:47:56.216,0.98807,0.98819,1.00,1.00
2016.11.11 18:47:57.388,0.98807,0.9882,1.50,1.50
2016.11.11 18:48:01.191,0.9881,0.98822,1.00,1.37
2016.11.11 18:48:01.293,0.98811,0.98825,2.62,4.50
2016.11.11 18:48:01.344,0.98813,0.98825,1.00,2.62
2016.11.11 18:48:01.547,0.98815,0.98828,1.50,1.31
2016.11.11 18:48:01.700,0.98815,0.98826,1.00,1.00
2016.11.11 18:48:02.227,0.98814,0.98826,1.00,1.12
2016.11.11 18:48:02.278,0.98812,0.98825,1.50,1.00
2016.11.11 18:48:02.784,0.98812,0.98825,1.87,1.00
2016.11.11 18:48:05.232,0.98814,0.98825,1.00,1.00
2016.11.11 18:48:05.335,0.98817,0.98828,1.50,1.50
2016.11.11 18:48:05.387,0.98817,0.9883,1.50,2.62
2016.11.11 18:48:05.639,0.98817,0.98828,1.00,2.25
2016.11.11 18:48:05.945,0.98813,0.98825,1.37,1.50
2016.11.11 18:48:09.286,0.98813,0.98826,3.37,1.00
2016.11.11 18:48:19.039,0.98815,0.98828,1.87,1.00
2016.11.11 18:48:19.194,0.98817,0.9883,1.87,2.62
2016.11.11 18:48:19.428,0.98818,0.98831,1.87,1.12
2016.11.11 18:48:24.688,0.98818,0.9883,1.50,1.00
2016.11.11 18:48:24.942,0.98816,0.9883,4.12,1.50
2016.11.11 18:48:27.430,0.98816,0.98829,4.12,1.00
2016.11.11 18:48:27.948,0.98817,0.98831,4.50,1.12
2016.11.11 18:48:28.286,0.9882,0.98832,1.75,1.00
2016.11.11 18:48:28.438,0.9882,0.98832,1.00,1.00
2016.11.11 18:48:28.937,0.9882,0.98834,1.00,1.87
2016.11.11 18:48:29.487,0.98819,0.98834,3.37,3.37
2016.11.11 18:48:30.637,0.98819,0.98832,2.62,1.00
2016.11.11 18:48:32.567,0.98819,0.9883,1.12,1.12
2016.11.11 18:48:32.769,0.98817,0.98829,1.00,1.50
2016.11.11 18:48:33.175,0.98822,0.9883,1.00,1.12
2016.11.11 18:48:33.351,0.98823,0.98835,1.37,1.37
2016.11.11 18:48:33.857,0.98824,0.98835,1.12,1.00
2016.11.11 18:48:34.387,0.98824,0.98836,1.12,1.00
2016.11.11 18:48:35.686,0.98823,0.98835,1.87,1.72
2016.11.11 18:48:35.778,0.98823,0.98829,1.50,1.00
2016.11.11 18:48:35.885,0.98817,0.98829,1.75,1.50
2016.11.11 18:48:35.937,0.98817,0.98828,1.37,1.00
2016.11.11 18:48:36.090,0.98816,0.98828,3.00,1.00
2016.11.11 18:48:36.192,0.98818,0.98829,1.12,1.00
2016.11.11 18:48:36.243,0.98818,0.98831,1.87,1.00
2016.11.11 18:48:36.295,0.98818,0.98831,3.37,1.00
2016.11.11 18:48:36.832,0.98818,0.98831,4.12,1.00
2016.11.11 18:48:37.881,0.98821,0.98831,1.00,1.00
2016.11.11 18:48:37.932,0.98822,0.98834,1.00,1.50
2016.11.11 18:48:38.059,0.98824,0.98836,1.12,1.87
2016.11.11 18:48:38.566,0.98823,0.98836,1.87,1.00
2016.11.11 18:48:39.766,0.98824,0.98837,1.50,3.37
2016.11.11 18:48:43.200,0.98825,0.98837,1.12,1.50
2016.11.11 18:48:45.892,0.98826,0.98837,1.00,1.00
2016.11.11 18:48:48.772,0.98826,0.98838,1.00,1.00
2016.11.11 18:48:49.323,0.98824,0.98838,3.75,1.12
2016.11.11 18:48:51.875,0.98824,0.98837,3.75,1.00
2016.11.11 18:48:52.411,0.98826,0.98838,1.00,1.00
2016.11.11 18:48:54.578,0.98828,0.9884,1.50,1.87
2016.11.11 18:48:54.680,0.98826,0.9884,1.00,3.37
2016.11.11 18:48:55.212,0.98825,0.98836,1.50,1.00
2016.11.11 18:48:55.627,0.98826,0.98838,1.00,1.87
2016.11.11 18:48:56.188,0.98827,0.98839,1.00,1.12
2016.11.11 18:49:00.338,0.98826,0.98839,1.87,1.00
2016.11.11 18:49:05.192,0.98825,0.98838,2.25,1.00
2016.11.11 18:49:05.738,0.98826,0.98839,1.00,1.69
2016.11.11 18:49:07.534,0.98825,0.98837,1.00,1.00
2016.11.11 18:49:08.653,0.98826,0.98839,1.00,3.75
2016.11.11 18:49:08.753,0.98825,0.98837,1.50,1.00
2016.11.11 18:49:10.444,0.98823,0.98836,1.87,1.00
2016.11.11 18:49:10.648,0.98823,0.98836,1.12,1.12
2016.11.11 18:49:11.198,0.98824,0.98836,1.00,1.00
2016.11.11 18:49:11.704,0.98823,0.98835,1.00,1.00
2016.11.11 18:49:15.744,0.98822,0.98835,3.75,1.00
2016.11.11 18:49:17.139,0.98823,0.98836,2.25,1.00
2016.11.11 18:49:17.821,0.98822,0.98835,1.87,1.00
2016.11.11 18:49:17.872,0.98822,0.98835,3.37,1.00
2016.11.11 18:49:18.379,0.98823,0.98835,2.62,1.00
2016.11.11 18:49:19.037,0.98823,0.98836,3.37,1.12
2016.11.11 18:49:31.789,0.98824,0.98836,1.00,1.00
2016.11.11 18:49:43.493,0.98823,0.98832,1.87,1.00
2016.11.11 18:49:43.715,0.98818,0.9883,1.12,1.00
2016.11.11 18:49:44.288,0.98818,0.98829,1.50,1.12
2016.11.11 18:49:44.390,0.98815,0.98827,1.12,1.50
2016.11.11 18:49:44.441,0.98814,0.98827,1.87,2.25
2016.11.11 18:49:44.980,0.98814,0.98827,1.50,3.00
2016.11.11 18:49:45.581,0.98814,0.98826,1.00,1.00
2016.11.11 18:49:48.245,0.98813,0.98826,1.50,1.50
2016.11.11 18:49:49.086,0.98812,0.98825,2.62,1.50
2016.11.11 18:49:49.598,0.98812,0.98825,1.12,1.50
2016.11.11 18:49:50.186,0.98813,0.98825,1.00,1.00
2016.11.11 18:49:50.239,0.98816,0.98825,1.00,1.00
2016.11.11 18:49:50.341,0.98817,0.9883,1.00,2.25
2016.11.11 18:49:50.443,0.98817,0.9883,1.50,1.87
2016.11.11 18:49:50.849,0.98817,0.98827,1.00,1.00
2016.11.11 18:49:50.951,0.98814,0.98826,1.37,1.00
2016.11.11 18:49:51.461,0.98813,0.98827,1.87,2.25
2016.11.11 18:49:54.897,0.98813,0.98826,1.00,1.00
2016.11.11 18:49:54.948,0.98815,0.98826,1.00,1.00
2016.11.11 18:49:55.101,0.98816,0.98829,1.00,1.50
2016.11.11 18:49:55.405,0.98814,0.98827,1.00,1.00
2016.11.11 18:49:55.944,0.98812,0.98826,2.25,1.00
2016.11.11 18:49:56.485,0.98812,0.98825,1.87,1.00
2016.11.11 18:50:06.800,0.98813,0.98826,1.12,2.62
2016.11.11 18:50:07.104,0.98812,0.9882,1.00,1.00
2016.11.11 18:50:07.256,0.98807,0.9882,2.25,1.50
2016.11.11 18:50:07.767,0.98807,0.9882,2.25,1.00
2016.11.11 18:50:08.353,0.98808,0.9882,1.00,1.00
2016.11.11 18:50:08.607,0.9881,0.98823,2.25,1.87
2016.11.11 18:50:08.912,0.98814,0.98827,1.37,1.12
2016.11.11 18:50:09.421,0.98814,0.98827,1.00,1.50
2016.11.11 18:50:10.642,0.98814,0.98827,2.25,1.12
2016.11.11 18:50:20.354,0.98815,0.98828,1.12,1.87
2016.11.11 18:50:20.860,0.98814,0.98827,1.50,1.00
2016.11.11 18:50:21.740,0.98813,0.98826,3.37,1.00
2016.11.11 18:50:24.344,0.98814,0.98827,1.50,1.00
2016.11.11 18:50:25.846,0.98814,0.98827,2.25,1.00
2016.11.11 18:50:26.452,0.98816,0.98828,1.00,1.00
2016.11.11 18:50:26.970,0.98815,0.98828,1.50,1.50
2016.11.11 18:50:27.471,0.98816,0.98829,1.00,1.87
2016.11.11 18:50:27.775,0.98813,0.98826,2.25,1.00
2016.11.11 18:50:28.282,0.98813,0.98826,2.25,1.00
2016.11.11 18:50:28.831,0.98814,0.98827,1.12,3.00
2016.11.11 18:50:36.038,0.98816,0.98827,1.00,1.00
2016.11.11 18:50:36.291,0.98817,0.98829,1.12,1.50
2016.11.11 18:50:41.643,0.98821,0.9883,1.87,2.62
2016.11.11 18:50:41.745,0.98823,0.98833,1.00,1.50
2016.11.11 18:50:41.796,0.98825,0.98837,1.05,3.75
2016.11.11 18:50:41.848,0.98824,0.98837,1.50,1.50
2016.11.11 18:50:42.001,0.98823,0.98835,1.12,1.00
2016.11.11 18:50:42.522,0.98823,0.98835,3.37,1.00
2016.11.11 18:50:42.688,0.98824,0.98837,1.12,1.50
2016.11.11 18:50:43.234,0.98823,0.98836,1.12,1.50
2016.11.11 18:50:44.587,0.98824,0.98836,1.00,1.50
2016.11.11 18:50:45.091,0.98824,0.98837,1.50,3.00
2016.11.11 18:50:50.600,0.98825,0.98837,1.00,1.00
2016.11.11 18:50:51.104,0.98824,0.98837,1.12,1.12
2016.11.11 18:50:51.616,0.98824,0.98837,2.62,1.12
2016.11.11 18:51:00.688,0.98824,0.98837,2.25,1.12
2016.11.11 18:51:11.594,0.98824,0.98836,1.50,1.50
2016.11.11 18:51:12.185,0.98822,0.98835,2.62,1.87
2016.11.11 18:51:12.720,0.98822,0.98834,1.87,1.00
2016.11.11 18:51:13.541,0.98822,0.98835,3.00,1.12
2016.11.11 18:51:18.440,0.98824,0.98837,1.50,2.62
2016.11.11 18:51:19.625,0.98826,0.98837,1.00,1.00
2016.11.11 18:51:19.932,0.9883,0.98843,1.12,1.69
2016.11.11 18:51:20.826,0.9883,0.98842,1.00,1.00
2016.11.11 18:51:21.765,0.9883,0.98843,4.12,1.00
2016.11.11 18:51:22.287,0.98831,0.98844,2.25,2.25
2016.11.11 18:51:24.940,0.98832,0.98845,1.87,1.50
2016.11.11 18:51:24.991,0.98834,0.98845,1.00,1.00
2016.11.11 18:51:25.534,0.98834,0.98846,1.87,1.00
2016.11.11 18:51:26.041,0.98834,0.98846,1.00,1.50
2016.11.11 18:51:32.139,0.98834,0.98842,1.00,1.50
2016.11.11 18:51:32.241,0.9883,0.98841,1.37,1.00
2016.11.11 18:51:32.293,0.9883,0.98839,1.00,1.00
2016.11.11 18:51:32.497,0.98826,0.98839,3.00,1.50
2016.11.11 18:51:33.091,0.98826,0.98839,1.87,2.25
2016.11.11 18:51:36.505,0.98826,0.98839,1.87,1.50
2016.11.11 18:51:37.846,0.98826,0.98838,2.25,1.00
2016.11.11 18:51:38.385,0.98827,0.98839,1.12,1.00
2016.11.11 18:51:40.191,0.98828,0.98839,1.00,1.00
2016.11.11 18:51:40.697,0.98827,0.98839,2.25,1.00
2016.11.11 18:51:44.038,0.98827,0.98839,1.87,1.00
2016.11.11 18:51:44.545,0.98827,0.9884,1.87,2.37
2016.11.11 18:51:53.554,0.98827,0.98839,1.50,1.00
2016.11.11 18:52:04.943,0.98827,0.98838,1.00,1.00
2016.11.11 18:52:05.449,0.98827,0.98839,1.50,1.12
2016.11.11 18:52:08.788,0.98827,0.9884,1.50,3.37
2016.11.11 18:52:08.839,0.98826,0.98837,1.37,1.00
2016.11.11 18:52:09.125,0.98825,0.98838,1.00,2.25
2016.11.11 18:52:12.608,0.98825,0.98837,1.00,1.00
2016.11.11 18:52:16.831,0.98825,0.98835,1.00,1.00
2016.11.11 18:52:17.374,0.98823,0.98835,2.62,1.00
2016.11.11 18:52:20.230,0.98826,0.98835,1.00,1.00
2016.11.11 18:52:20.382,0.98826,0.98838,1.12,1.00
2016.11.11 18:52:20.891,0.98826,0.98839,2.62,3.37
2016.11.11 18:52:21.490,0.98826,0.98838,1.87,1.00
2016.11.11 18:52:25.166,0.98825,0.98838,3.37,1.87
2016.11.11 18:52:25.776,0.98825,0.98838,3.00,2.25
2016.11.11 18:52:26.962,0.98825,0.98837,1.50,1.00
2016.11.11 18:52:45.934,0.98825,0.98836,1.50,1.00
2016.11.11 18:52:45.985,0.98825,0.98832,1.37,1.00
2016.11.11 18:52:46.036,0.98824,0.98832,1.00,1.00
2016.11.11 18:52:46.138,0.98822,0.98832,1.12,1.00
2016.11.11 18:52:46.340,0.98822,0.98835,1.00,1.87
2016.11.11 18:52:46.889,0.98822,0.98835,1.00,1.87
2016.11.11 18:52:49.342,0.98823,0.98835,1.00,1.12
2016.11.11 18:52:50.639,0.98825,0.98835,1.00,1.12
2016.11.11 18:52:51.248,0.98823,0.98836,1.87,1.37
2016.11.11 18:52:53.690,0.98824,0.98836,1.00,1.37
2016.11.11 18:52:54.215,0.98823,0.98836,2.62,1.12
2016.11.11 18:52:54.722,0.98824,0.98836,1.00,1.12
2016.11.11 18:52:55.178,0.98826,0.98837,1.00,2.25
2016.11.11 18:52:55.331,0.98827,0.98839,1.00,1.37
2016.11.11 18:52:55.832,0.98828,0.98839,1.00,1.00
2016.11.11 18:52:57.455,0.98827,0.98839,1.50,1.00
2016.11.11 18:52:59.340,0.98826,0.98838,1.50,1.00
2016.11.11 18:52:59.897,0.98826,0.98838,1.50,1.00
2016.11.11 18:53:00.452,0.98826,0.98839,2.25,1.50
2016.11.11 18:53:09.741,0.98826,0.98839,1.87,2.25
2016.11.11 18:53:10.788,0.98826,0.98838,1.12,1.12
2016.11.11 18:53:10.889,0.98824,0.98836,1.37,1.00
2016.11.11 18:53:10.991,0.98823,0.98836,1.00,3.00
2016.11.11 18:53:11.200,0.98825,0.98837,1.00,2.62
2016.11.11 18:53:11.455,0.98826,0.98839,2.25,1.87
2016.11.11 18:53:16.178,0.98832,0.9884,1.00,1.00
2016.11.11 18:53:16.382,0.98833,0.98845,1.00,1.12
2016.11.11 18:53:16.925,0.98832,0.98845,1.50,1.12
2016.11.11 18:53:17.437,0.98833,0.98846,1.00,3.00
2016.11.11 18:53:17.870,0.98835,0.98847,1.00,5.25
2016.11.11 18:53:18.376,0.98835,0.98847,1.00,4.12
2016.11.11 18:53:20.242,0.98834,0.98847,1.50,2.62
2016.11.11 18:53:21.121,0.98835,0.98847,1.00,1.12
2016.11.11 18:53:21.628,0.98834,0.98847,2.25,2.62
2016.11.11 18:53:22.134,0.98834,0.98847,1.87,3.00
2016.11.11 18:53:25.784,0.98834,0.98847,1.12,2.25
2016.11.11 18:53:26.388,0.98835,0.98847,1.12,1.12
2016.11.11 18:53:32.188,0.98834,0.98847,1.87,1.12
2016.11.11 18:53:38.143,0.98834,0.98847,1.87,1.50
2016.11.11 18:53:42.141,0.98834,0.98843,2.25,1.00
2016.11.11 18:53:42.307,0.98827,0.98839,1.50,1.00
2016.11.11 18:53:42.408,0.98831,0.9884,1.12,1.75
2016.11.11 18:53:42.461,0.98831,0.98843,4.31,1.87
2016.11.11 18:53:42.512,0.98834,0.98843,1.00,1.37
2016.11.11 18:53:42.564,0.98833,0.98845,1.12,1.37
2016.11.11 18:53:42.666,0.98833,0.98846,1.50,1.12
2016.11.11 18:53:43.172,0.98833,0.98846,1.50,1.00
2016.11.11 18:53:44.840,0.98835,0.98846,1.00,1.00
2016.11.11 18:53:45.348,0.98835,0.98847,1.00,1.87
2016.11.11 18:53:45.963,0.98834,0.98847,1.00,1.12
2016.11.11 18:53:53.024,0.98836,0.98847,1.00,1.12
2016.11.11 18:53:53.075,0.98834,0.98847,2.62,1.12
2016.11.11 18:53:53.582,0.98835,0.98848,1.87,2.25
2016.11.11 18:53:54.038,0.98838,0.98848,1.00,1.50
2016.11.11 18:53:54.089,0.98836,0.98849,1.00,2.25
2016.11.11 18:53:54.191,0.98836,0.98849,1.00,1.87
2016.11.11 18:53:54.742,0.98837,0.9885,1.00,4.12
2016.11.11 18:53:55.571,0.98838,0.98851,1.00,1.87
2016.11.11 18:53:56.087,0.98838,0.98851,1.50,1.00
2016.11.11 18:53:59.767,0.98838,0.98851,1.12,1.50
2016.11.11 18:54:00.832,0.98838,0.9885,1.12,3.56
2016.11.11 18:54:00.883,0.98837,0.98847,1.37,1.00
2016.11.11 18:54:00.985,0.98833,0.98846,1.50,2.25
2016.11.11 18:54:01.839,0.98834,0.98846,1.00,3.00
2016.11.11 18:54:02.189,0.98834,0.98847,1.00,1.50
2016.11.11 18:54:05.540,0.98834,0.98842,1.00,1.30
2016.11.11 18:54:05.592,0.98831,0.98841,1.37,1.50
2016.11.11 18:54:05.744,0.98828,0.9884,1.00,1.00
2016.11.11 18:54:06.583,0.98827,0.9884,1.50,1.12
2016.11.11 18:54:07.089,0.98828,0.98841,1.00,4.12
2016.11.11 18:54:07.600,0.98827,0.9884,1.12,1.50
2016.11.11 18:54:07.803,0.98825,0.98839,1.12,3.37
2016.11.11 18:54:08.134,0.98825,0.98837,1.00,1.00
2016.11.11 18:54:08.652,0.98824,0.98837,1.50,1.50
2016.11.11 18:54:10.191,0.98824,0.98836,1.12,1.00
2016.11.11 18:54:13.424,0.98825,0.98837,1.00,1.00
2016.11.11 18:54:13.931,0.98824,0.98836,1.50,1.00
2016.11.11 18:54:14.439,0.98824,0.98837,2.25,1.00
2016.11.11 18:54:15.935,0.98825,0.98838,1.00,3.00
2016.11.11 18:54:20.039,0.98826,0.98839,1.00,5.25
2016.11.11 18:54:21.045,0.98825,0.98838,1.00,1.87
2016.11.11 18:54:22.960,0.98826,0.98838,1.00,1.12
2016.11.11 18:54:23.486,0.98825,0.98838,1.12,1.87
2016.11.11 18:54:24.035,0.98826,0.98839,1.00,5.39
2016.11.11 18:54:25.323,0.98824,0.98837,2.62,1.00
2016.11.11 18:54:25.832,0.98824,0.98837,2.62,1.00
2016.11.11 18:54:28.442,0.98824,0.98836,1.12,1.00
2016.11.11 18:54:28.985,0.98825,0.98837,1.00,1.00
2016.11.11 18:54:29.657,0.98824,0.98836,1.00,1.00
2016.11.11 18:54:30.163,0.98824,0.98837,1.00,1.00
2016.11.11 18:54:31.337,0.98824,0.98836,1.00,1.00
2016.11.11 18:54:31.879,0.98824,0.98837,1.50,1.00
2016.11.11 18:54:33.867,0.98823,0.98836,2.25,1.00
2016.11.11 18:54:34.374,0.98823,0.98836,1.87,1.00
2016.11.11 18:54:38.686,0.98824,0.98836,1.00,1.00
2016.11.11 18:54:39.188,0.98824,0.98837,1.12,1.12
2016.11.11 18:55:05.819,0.98824,0.98837,1.00,1.50
2016.11.11 18:55:08.586,0.98825,0.98837,1.00,1.50
2016.11.11 18:55:09.538,0.98824,0.98837,1.50,1.50
2016.11.11 18:55:22.843,0.98825,0.98838,1.00,4.12
2016.11.11 18:55:25.150,0.98824,0.98837,1.00,1.50
2016.11.11 18:55:25.818,0.98824,0.98837,1.50,1.12
2016.11.11 18:55:26.594,0.98825,0.98838,1.00,4.12
2016.11.11 18:55:27.135,0.98825,0.98838,1.00,3.37
2016.11.11 18:55:30.291,0.98824,0.98838,1.50,1.12
2016.11.11 18:55:31.276,0.98824,0.98837,1.50,1.00
2016.11.11 18:55:39.881,0.98824,0.98835,1.00,1.00
2016.11.11 18:55:39.983,0.98822,0.98835,1.50,1.00
2016.11.11 18:55:43.437,0.98823,0.98835,1.00,1.12
2016.11.11 18:55:43.590,0.98824,0.98837,2.25,1.50
2016.11.11 18:55:46.491,0.98825,0.98838,1.00,3.37
2016.11.11 18:55:46.594,0.98831,0.98838,1.00,1.87
2016.11.11 18:55:46.726,0.98831,0.98842,1.00,1.12
2016.11.11 18:55:46.777,0.98831,0.98844,1.00,3.75
2016.11.11 18:55:46.829,0.9883,0.98844,2.62,3.00
2016.11.11 18:55:46.982,0.9883,0.98844,1.87,3.00
2016.11.11 18:55:48.239,0.9883,0.98844,1.87,3.00
2016.11.11 18:55:48.789,0.98831,0.98844,1.87,3.00
2016.11.11 18:55:51.407,0.98831,0.98844,1.00,1.00
2016.11.11 18:55:51.915,0.98831,0.98844,1.00,1.50
2016.11.11 18:55:57.248,0.98829,0.9884,2.25,1.69
2016.11.11 18:55:57.553,0.98827,0.98836,1.00,1.00
2016.11.11 18:55:57.807,0.98824,0.98836,1.12,1.00
2016.11.11 18:56:02.940,0.98824,0.98837,1.87,1.00
2016.11.11 18:56:03.144,0.98826,0.98839,1.00,2.25
2016.11.11 18:56:04.211,0.98826,0.98839,1.87,1.12
2016.11.11 18:56:09.569,0.98827,0.98839,1.00,1.50
2016.11.11 18:56:10.930,0.98828,0.9884,1.00,1.50
2016.11.11 18:56:11.237,0.98835,0.98847,1.00,1.00
2016.11.11 18:56:11.643,0.98834,0.98847,1.12,3.75
2016.11.11 18:56:15.884,0.98833,0.98846,1.12,1.50
2016.11.11 18:56:25.845,0.98833,0.98846,1.50,1.87
2016.11.11 18:56:30.292,0.98832,0.98845,2.25,1.00
2016.11.11 18:56:32.091,0.98833,0.98846,1.00,1.12
2016.11.11 18:56:51.041,0.98834,0.98847,1.00,4.12
2016.11.11 18:56:51.628,0.98834,0.98847,1.50,4.12
2016.11.11 18:56:52.139,0.98835,0.98847,1.50,1.50
2016.11.11 18:56:52.662,0.98835,0.98848,2.25,2.62
2016.11.11 18:56:53.033,0.98835,0.98848,2.25,2.62
2016.11.11 18:56:53.583,0.98835,0.98848,2.25,1.50
2016.11.11 18:57:14.291,0.98835,0.98848,1.00,1.12
2016.11.11 18:57:21.939,0.98836,0.98848,1.00,1.12
2016.11.11 18:57:22.989,0.98836,0.98849,1.50,3.75
2016.11.11 18:57:23.990,0.98837,0.98849,1.50,1.50
2016.11.11 18:57:24.721,0.98839,0.9885,1.50,2.25
2016.11.11 18:57:25.072,0.98845,0.98857,1.00,1.75
2016.11.11 18:57:25.197,0.98845,0.98857,1.00,1.00
2016.11.11 18:57:25.725,0.98844,0.98857,2.25,1.00
2016.11.11 18:57:26.231,0.98845,0.98858,1.00,1.75
2016.11.11 18:57:28.495,0.98844,0.98857,1.87,1.50
2016.11.11 18:57:29.635,0.98843,0.98855,2.25,1.00
2016.11.11 18:57:30.144,0.98842,0.98855,3.37,1.00
2016.11.11 18:57:32.987,0.98842,0.98855,1.50,1.12
2016.11.11 18:57:33.038,0.98842,0.98854,1.00,1.37
2016.11.11 18:57:38.847,0.98839,0.9885,1.75,1.00
2016.11.11 18:57:38.899,0.98838,0.98849,1.37,1.00
2016.11.11 18:57:38.950,0.98837,0.98849,1.12,3.94
2016.11.11 18:57:39.002,0.98834,0.98847,5.25,1.00
2016.11.11 18:57:39.053,0.98835,0.98847,1.00,1.00
2016.11.11 18:57:39.564,0.98834,0.98847,2.62,1.37
2016.11.11 18:57:40.097,0.98834,0.98847,3.00,1.00
2016.11.11 18:57:45.237,0.98837,0.98849,1.00,1.50
2016.11.11 18:57:45.576,0.98842,0.98853,1.00,2.25
2016.11.11 18:57:45.628,0.98842,0.98855,1.12,1.12
2016.11.11 18:57:46.134,0.98843,0.98856,1.50,1.50
2016.11.11 18:57:48.440,0.98843,0.98856,1.12,1.12
2016.11.11 18:57:48.969,0.98843,0.98856,1.87,1.50
2016.11.11 18:57:49.476,0.98842,0.98855,3.37,1.37
2016.11.11 18:57:50.291,0.98842,0.98855,2.25,1.87
2016.11.11 18:57:50.799,0.98843,0.98855,1.00,1.37
2016.11.11 18:57:51.308,0.98843,0.98856,1.00,3.75
2016.11.11 18:57:54.441,0.98843,0.98854,1.00,1.00
2016.11.11 18:57:54.594,0.98842,0.98852,1.12,1.00
2016.11.11 18:57:54.849,0.98832,0.98845,1.75,1.00
2016.11.11 18:57:54.951,0.98831,0.98845,5.25,1.12
2016.11.11 18:57:56.860,0.98831,0.98844,3.75,1.00
2016.11.11 18:57:57.366,0.98831,0.98844,3.00,1.00
2016.11.11 18:58:00.240,0.98832,0.98844,1.87,1.00
2016.11.11 18:58:00.781,0.98831,0.98844,4.12,1.00
2016.11.11 18:58:00.832,0.98833,0.98844,1.87,1.00
2016.11.11 18:58:01.339,0.98832,0.98844,2.62,1.00
2016.11.11 18:58:03.274,0.98831,0.98844,3.37,1.00
2016.11.11 18:58:03.780,0.98832,0.98844,1.87,1.12
2016.11.11 18:58:04.285,0.98831,0.98844,3.00,1.12
2016.11.11 18:58:05.994,0.98831,0.98843,3.00,1.00
2016.11.11 18:58:06.299,0.98824,0.98836,3.00,1.00
2016.11.11 18:58:06.806,0.98825,0.98837,1.87,1.00
2016.11.11 18:58:07.111,0.98827,0.9884,2.62,3.37
2016.11.11 18:58:10.187,0.98828,0.9884,1.00,4.50
2016.11.11 18:58:10.694,0.98828,0.98841,1.00,2.06
2016.11.11 18:58:11.197,0.98828,0.98841,1.37,2.06
2016.11.11 18:58:16.491,0.98828,0.98841,2.62,3.56
2016.11.11 18:58:20.287,0.98827,0.98839,2.62,2.62
2016.11.11 18:58:20.830,0.98826,0.98838,1.12,1.00
2016.11.11 18:58:25.237,0.98827,0.98838,2.62,1.00
2016.11.11 18:58:25.390,0.98828,0.9884,2.62,1.00
2016.11.11 18:58:25.577,0.98831,0.98841,1.12,1.12
2016.11.11 18:58:25.679,0.98832,0.98845,3.00,2.62
2016.11.11 18:58:26.186,0.98833,0.98846,3.00,1.75
2016.11.11 18:58:26.440,0.98831,0.98843,1.00,1.87
2016.11.11 18:58:26.542,0.98829,0.98842,2.62,1.87
2016.11.11 18:58:27.050,0.98829,0.98842,3.37,2.25
2016.11.11 18:58:27.556,0.9883,0.98841,1.87,1.12
2016.11.11 18:58:28.063,0.9883,0.98843,3.75,1.50
2016.11.11 18:58:28.569,0.98831,0.98843,1.87,1.50
2016.11.11 18:58:30.239,0.98832,0.98844,2.62,1.50
2016.11.11 18:58:30.340,0.98832,0.98845,4.50,1.50
2016.11.11 18:58:30.442,0.98832,0.98845,3.75,1.37
2016.11.11 18:58:30.985,0.98833,0.98845,1.87,1.75
2016.11.11 18:58:31.563,0.98832,0.98845,3.75,1.75
2016.11.11 18:58:32.646,0.98831,0.98843,1.12,1.87
2016.11.11 18:58:32.950,0.98829,0.98841,1.00,2.25
2016.11.11 18:58:33.683,0.98828,0.98841,1.12,3.75
2016.11.11 18:58:34.845,0.98828,0.98839,1.00,1.87
2016.11.11 18:58:34.948,0.98825,0.98839,1.87,3.56
2016.11.11 18:58:34.999,0.98825,0.98837,1.00,1.50
2016.11.11 18:58:35.506,0.98824,0.98837,3.00,1.50
2016.11.11 18:58:35.846,0.98829,0.98839,1.87,2.62
2016.11.11 18:58:35.998,0.98831,0.98843,1.87,1.12
2016.11.11 18:58:36.506,0.9883,0.98841,1.87,1.00
2016.11.11 18:58:36.709,0.98827,0.98839,2.25,1.50
2016.11.11 18:58:37.282,0.98827,0.98838,1.87,1.12
2016.11.11 18:58:38.876,0.98826,0.98837,1.87,1.00
2016.11.11 18:58:39.030,0.98824,0.98836,2.25,1.12
2016.11.11 18:58:39.081,0.98824,0.98831,1.87,2.47
2016.11.11 18:58:39.183,0.98821,0.98831,2.25,1.50
2016.11.11 18:58:39.336,0.98818,0.9883,1.00,1.12
2016.11.11 18:58:39.792,0.98816,0.98829,1.12,1.00
2016.11.11 18:58:39.843,0.98818,0.98829,1.87,1.00
2016.11.11 18:58:40.365,0.98818,0.98831,1.87,2.25
2016.11.11 18:58:40.890,0.98819,0.98831,1.87,2.62
2016.11.11 18:58:41.413,0.98818,0.9883,1.87,2.25
2016.11.11 18:58:41.958,0.98817,0.98829,1.87,1.00
2016.11.11 18:58:42.464,0.98816,0.98829,2.25,1.50
2016.11.11 18:58:42.789,0.98815,0.98822,1.00,1.00
2016.11.11 18:58:42.941,0.9881,0.9882,2.62,2.25
2016.11.11 18:58:42.992,0.98807,0.9882,2.62,3.37
2016.11.11 18:58:43.094,0.98807,0.9882,1.87,3.75
2016.11.11 18:58:43.485,0.98809,0.9882,1.87,1.12
2016.11.11 18:58:43.840,0.98812,0.98821,1.00,1.12
2016.11.11 18:58:44.095,0.98819,0.98831,1.87,1.87
2016.11.11 18:58:44.197,0.9882,0.98831,1.87,1.12
2016.11.11 18:58:44.299,0.98819,0.98828,1.87,1.00
2016.11.11 18:58:44.401,0.98816,0.98827,1.37,1.12
2016.11.11 18:58:44.503,0.98815,0.98826,1.12,1.50
2016.11.11 18:58:44.732,0.98815,0.98827,1.87,1.50
2016.11.11 18:58:49.669,0.98815,0.98826,1.87,1.50
2016.11.11 18:58:49.771,0.98812,0.98825,3.75,1.12
2016.11.11 18:58:49.822,0.98812,0.98825,1.87,1.75
2016.11.11 18:58:50.339,0.98812,0.98825,1.12,1.75
2016.11.11 18:58:50.694,0.9881,0.98822,3.75,1.87
2016.11.11 18:58:50.898,0.98806,0.98816,1.00,1.00
2016.11.11 18:58:51.327,0.98807,0.98819,1.87,1.12
2016.11.11 18:58:51.514,0.98806,0.98819,1.12,1.75
2016.11.11 18:58:54.011,0.98806,0.98819,3.00,2.25
2016.11.11 18:58:54.315,0.98808,0.98821,1.87,2.25
2016.11.11 18:58:54.839,0.98808,0.98821,3.00,2.25
2016.11.11 18:58:55.240,0.98811,0.98821,2.25,1.37
2016.11.11 18:58:55.417,0.98813,0.98825,2.25,1.12
2016.11.11 18:58:55.939,0.98813,0.98826,3.00,2.25
2016.11.11 18:58:56.142,0.98815,0.98826,2.62,1.37
2016.11.11 18:58:56.244,0.98818,0.98829,1.00,1.50
2016.11.11 18:58:56.346,0.9882,0.98831,1.87,1.75
2016.11.11 18:58:56.550,0.9882,0.98833,2.25,3.94
2016.11.11 18:58:56.601,0.98821,0.98834,3.75,2.25
2016.11.11 18:58:56.938,0.98823,0.98835,3.00,1.12
2016.11.11 18:58:57.141,0.98825,0.98838,5.25,1.50
2016.11.11 18:58:57.447,0.98829,0.98841,3.00,1.00
2016.11.11 18:58:58.056,0.98828,0.98841,3.75,2.25
2016.11.11 18:58:58.603,0.98828,0.9884,2.25,2.25
2016.11.11 18:58:59.138,0.98827,0.9884,3.75,1.12
2016.11.11 18:58:59.494,0.98827,0.98839,2.62,3.37
2016.11.11 18:58:59.647,0.98826,0.98839,3.75,3.00
2016.11.11 18:59:00.636,0.98826,0.98839,3.00,3.00
2016.11.11 18:59:02.631,0.98826,0.98839,3.00,1.75
2016.11.11 18:59:07.088,0.98826,0.98839,3.00,1.50
2016.11.11 18:59:10.491,0.98826,0.98838,1.37,1.00
2016.11.11 18:59:11.034,0.98826,0.98838,1.37,1.50
2016.11.11 18:59:16.227,0.98827,0.98839,2.25,2.25
2016.11.11 18:59:16.688,0.98829,0.98839,2.62,1.50
2016.11.11 18:59:16.892,0.98831,0.98842,3.37,1.00
2016.11.11 18:59:16.994,0.98833,0.98845,1.87,3.75
2016.11.11 18:59:17.197,0.98833,0.98845,3.00,1.50
2016.11.11 18:59:17.714,0.98833,0.98846,3.00,1.50
2016.11.11 18:59:18.252,0.98833,0.98846,4.50,1.50
2016.11.11 18:59:18.758,0.98834,0.98847,1.87,2.62
2016.11.11 18:59:19.114,0.9884,0.9885,1.87,1.75
2016.11.11 18:59:19.217,0.9884,0.9885,1.87,1.00
2016.11.11 18:59:20.316,0.98842,0.98853,1.00,1.75
2016.11.11 18:59:20.419,0.98841,0.98854,1.87,1.75
2016.11.11 18:59:20.521,0.9884,0.98849,1.37,1.50
2016.11.11 18:59:20.673,0.98836,0.98849,4.50,1.50
2016.11.11 18:59:21.180,0.98837,0.98849,2.25,1.00
2016.11.11 18:59:21.720,0.98837,0.98848,2.25,1.00
2016.11.11 18:59:21.825,0.98837,0.9885,2.25,1.87
2016.11.11 18:59:22.585,0.98839,0.9885,1.50,1.12
2016.11.11 18:59:22.839,0.98843,0.98855,1.87,2.25
2016.11.11 18:59:23.092,0.98842,0.98855,3.00,3.00
2016.11.11 18:59:23.650,0.98843,0.98855,1.00,2.25
2016.11.11 18:59:25.239,0.98844,0.98856,1.87,3.75
2016.11.11 18:59:25.290,0.98844,0.98856,1.87,3.75
2016.11.11 18:59:25.837,0.98844,0.98855,1.87,1.00
2016.11.11 18:59:27.438,0.98844,0.98856,1.87,1.12
2016.11.11 18:59:27.726,0.98844,0.98854,1.87,2.25
2016.11.11 18:59:27.879,0.98842,0.98854,2.62,3.75
2016.11.11 18:59:28.387,0.98843,0.98854,1.87,3.75
2016.11.11 18:59:28.743,0.98842,0.98851,2.25,1.50
2016.11.11 18:59:28.898,0.98839,0.9885,3.00,1.12
2016.11.11 18:59:28.949,0.98837,0.9885,3.37,2.25
2016.11.11 18:59:30.239,0.98836,0.98847,3.00,1.00
2016.11.11 18:59:30.392,0.98835,0.98847,1.00,2.25
2016.11.11 18:59:30.907,0.98834,0.98845,1.00,1.00
2016.11.11 18:59:31.463,0.98833,0.98845,3.37,1.12
2016.11.11 18:59:33.888,0.98835,0.98846,1.87,1.37
2016.11.11 18:59:34.143,0.9884,0.98853,2.25,2.25
2016.11.11 18:59:34.498,0.98842,0.98853,1.87,1.00
2016.11.11 18:59:35.001,0.98841,0.98852,1.37,1.12
2016.11.11 18:59:35.254,0.98841,0.98854,4.50,1.00
2016.11.11 18:59:35.761,0.98846,0.98857,1.50,1.50
2016.11.11 18:59:35.914,0.98846,0.98858,4.12,1.50
2016.11.11 18:59:36.066,0.98848,0.98859,1.00,1.37
2016.11.11 18:59:37.054,0.98847,0.98859,3.00,1.37
2016.11.11 18:59:45.365,0.98848,0.98859,2.62,1.00
2016.11.11 18:59:45.874,0.98846,0.98859,4.87,1.37
2016.11.11 18:59:46.395,0.98847,0.9886,1.12,2.06
2016.11.11 18:59:46.941,0.98848,0.98859,2.62,1.00
2016.11.11 18:59:50.245,0.98848,0.98858,1.00,1.00
2016.11.11 18:59:50.448,0.98845,0.98856,1.00,1.50
2016.11.11 18:59:58.989,0.98844,0.98857,2.25,1.12
