2012.05.28 14:00:00.571,0.9581,0.95821,1.50,3.00
2012.05.28 14:00:00.789,0.9581,0.95822,1.50,2.25
2012.05.28 14:00:01.263,0.95808,0.95822,1.50,1.50
2012.05.28 14:00:01.339,0.95808,0.95822,2.25,1.50
2012.05.28 14:00:01.761,0.95812,0.95824,1.50,2.63
2012.05.28 14:00:02.264,0.95811,0.95823,1.50,1.13
2012.05.28 14:00:02.813,0.95811,0.95823,2.25,1.13
2012.05.28 14:00:03.412,0.95811,0.95823,2.25,1.13
2012.05.28 14:00:03.839,0.9581,0.95822,1.50,1.50
2012.05.28 14:00:03.979,0.95812,0.95822,1.50,1.50
2012.05.28 14:00:04.121,0.95807,0.95819,3.00,1.50
2012.05.28 14:00:04.201,0.95807,0.95816,2.25,1.13
2012.05.28 14:00:04.419,0.95805,0.95817,1.69,3.00
2012.05.28 14:00:04.773,0.95803,0.95816,2.25,2.25
2012.05.28 14:00:05.505,0.95803,0.95812,2.25,1.50
2012.05.28 14:00:05.959,0.95803,0.9581,2.25,1.50
2012.05.28 14:00:06.040,0.95801,0.9581,1.50,1.50
2012.05.28 14:00:06.327,0.95798,0.9581,1.50,1.88
2012.05.28 14:00:07.816,0.95797,0.95809,2.25,1.88
2012.05.28 14:00:09.416,0.95798,0.9581,1.50,1.50
2012.05.28 14:00:10.359,0.958,0.95811,1.50,2.25
2012.05.28 14:00:10.748,0.95803,0.95811,2.25,2.25
2012.05.28 14:00:10.829,0.958,0.95809,1.50,1.50
2012.05.28 14:00:11.107,0.95797,0.95809,3.00,1.50
2012.05.28 14:00:11.667,0.95798,0.9581,1.50,2.44
2012.05.28 14:00:12.226,0.95797,0.95809,3.00,1.50
2012.05.28 14:00:12.744,0.95796,0.9581,3.38,1.88
2012.05.28 14:00:13.289,0.95797,0.95811,3.75,1.88
2012.05.28 14:00:13.370,0.95799,0.95812,2.25,1.69
2012.05.28 14:00:13.591,0.95801,0.95813,1.50,2.44
2012.05.28 14:00:13.948,0.95803,0.95813,1.50,1.69
2012.05.28 14:00:14.020,0.95804,0.95817,1.50,4.51
2012.05.28 14:00:14.239,0.95801,0.95815,2.07,1.88
2012.05.28 14:00:14.308,0.95801,0.95814,1.88,2.25
2012.05.28 14:00:15.732,0.958,0.95809,1.28,1.50
2012.05.28 14:00:15.808,0.95799,0.95811,1.28,1.50
2012.05.28 14:00:16.162,0.95798,0.95809,2.19,1.50
2012.05.28 14:00:16.507,0.95798,0.95811,2.19,1.88
2012.05.28 14:00:17.018,0.95798,0.9581,1.44,1.50
2012.05.28 14:00:17.564,0.95797,0.9581,2.19,2.25
2012.05.28 14:00:19.905,0.95797,0.95811,3.69,1.50
2012.05.28 14:00:20.427,0.95797,0.95809,3.69,1.50
2012.05.28 14:00:20.995,0.95797,0.9581,2.19,1.50
2012.05.28 14:00:22.753,0.95797,0.95809,2.19,1.50
2012.05.28 14:00:23.112,0.95794,0.95805,1.05,1.50
2012.05.28 14:00:23.260,0.95793,0.95805,4.13,1.50
2012.05.28 14:00:23.338,0.95793,0.95805,3.90,1.50
2012.05.28 14:00:23.551,0.95793,0.95805,3.90,3.00
2012.05.28 14:00:24.133,0.95791,0.95803,3.53,1.50
2012.05.28 14:00:24.847,0.95791,0.95803,4.13,1.50
2012.05.28 14:00:25.297,0.95793,0.95805,1.88,3.38
2012.05.28 14:00:25.807,0.95792,0.95804,1.88,1.50
2012.05.28 14:00:26.334,0.95794,0.95808,2.25,3.19
2012.05.28 14:00:26.829,0.95794,0.95808,1.50,2.25
2012.05.28 14:00:27.366,0.95795,0.95807,1.50,1.50
2012.05.28 14:00:27.647,0.95797,0.95809,1.50,3.38
2012.05.28 14:00:27.790,0.95794,0.95808,3.75,2.25
2012.05.28 14:00:28.458,0.95795,0.95809,1.50,1.88
2012.05.28 14:00:28.944,0.95795,0.95807,1.50,1.50
2012.05.28 14:00:29.194,0.95795,0.95809,1.50,3.38
2012.05.28 14:00:31.795,0.95795,0.95807,1.50,1.50
2012.05.28 14:00:31.988,0.95795,0.95809,1.50,3.19
2012.05.28 14:00:35.138,0.95795,0.95807,1.50,2.25
2012.05.28 14:00:35.706,0.95791,0.95799,1.50,1.50
2012.05.28 14:00:35.790,0.95784,0.95796,3.53,1.50
2012.05.28 14:00:35.869,0.95786,0.95798,2.25,1.50
2012.05.28 14:00:36.378,0.95788,0.958,1.50,2.25
2012.05.28 14:00:36.788,0.9579,0.958,1.50,1.50
2012.05.28 14:00:36.860,0.95791,0.95803,2.25,3.19
2012.05.28 14:00:37.575,0.9579,0.95804,2.25,4.69
2012.05.28 14:00:37.721,0.9579,0.95804,2.70,2.44
2012.05.28 14:00:37.937,0.95792,0.95806,3.00,4.69
2012.05.28 14:00:38.166,0.95792,0.95804,3.00,1.50
2012.05.28 14:00:39.166,0.95793,0.95805,2.25,1.50
2012.05.28 14:00:39.677,0.95794,0.95806,2.25,2.25
2012.05.28 14:00:40.139,0.95791,0.95803,1.28,1.50
2012.05.28 14:00:40.288,0.9579,0.95803,1.62,1.50
2012.05.28 14:00:40.805,0.9579,0.95803,1.05,1.88
2012.05.28 14:00:41.777,0.9579,0.95803,1.05,1.50
2012.05.28 14:00:43.716,0.9579,0.95804,2.55,1.88
2012.05.28 14:00:44.382,0.9579,0.95804,3.00,1.88
2012.05.28 14:00:44.903,0.9579,0.95804,2.55,1.50
2012.05.28 14:00:45.864,0.9579,0.95804,2.55,1.50
2012.05.28 14:00:49.297,0.9579,0.95804,3.15,1.50
2012.05.28 14:00:49.807,0.95791,0.95804,1.14,1.69
2012.05.28 14:00:50.917,0.9579,0.95804,3.38,1.50
2012.05.28 14:00:51.577,0.9579,0.95804,2.55,1.50
2012.05.28 14:00:53.120,0.9579,0.95804,2.70,1.50
2012.05.28 14:00:55.093,0.95792,0.95804,1.65,1.50
2012.05.28 14:00:55.709,0.95793,0.95805,1.88,2.44
2012.05.28 14:00:57.349,0.95793,0.95806,1.50,1.50
2012.05.28 14:00:58.054,0.95793,0.95806,1.50,1.50
2012.05.28 14:00:58.200,0.95796,0.95807,2.25,1.50
2012.05.28 14:00:58.555,0.95796,0.9581,2.40,3.00
2012.05.28 14:00:58.909,0.95799,0.95813,1.88,5.07
2012.05.28 14:00:59.417,0.95799,0.95813,1.88,6.57
2012.05.28 14:01:01.856,0.95798,0.95812,2.25,1.69
2012.05.28 14:01:03.569,0.95799,0.95813,1.50,3.94
2012.05.28 14:01:03.718,0.958,0.95813,1.50,2.44
2012.05.28 14:01:04.199,0.95803,0.95815,1.50,2.25
2012.05.28 14:01:04.886,0.95802,0.95814,3.00,1.50
2012.05.28 14:01:05.223,0.95805,0.95817,1.50,1.69
2012.05.28 14:01:05.306,0.95807,0.95819,1.50,4.50
2012.05.28 14:01:05.519,0.95805,0.95817,1.50,1.69
2012.05.28 14:01:05.871,0.95806,0.9582,1.50,2.63
2012.05.28 14:01:06.431,0.95805,0.95817,1.32,1.50
2012.05.28 14:01:06.576,0.95806,0.9582,1.50,2.25
2012.05.28 14:01:07.098,0.95805,0.95817,2.63,1.50
2012.05.28 14:01:07.669,0.95804,0.95816,2.63,1.50
2012.05.28 14:01:07.817,0.95804,0.95818,2.63,1.88
2012.05.28 14:01:09.918,0.95806,0.95818,1.13,1.88
2012.05.28 14:01:11.435,0.95804,0.95818,3.00,1.88
2012.05.28 14:01:11.790,0.95807,0.95819,1.50,1.50
2012.05.28 14:01:13.590,0.95805,0.95817,1.50,1.50
2012.05.28 14:01:13.668,0.95803,0.95817,3.00,1.50
2012.05.28 14:01:14.006,0.95805,0.95817,1.50,1.50
2012.05.28 14:01:14.387,0.95803,0.95817,3.00,1.50
2012.05.28 14:01:14.464,0.95805,0.95817,1.50,1.50
2012.05.28 14:01:16.827,0.95802,0.95814,5.63,2.25
2012.05.28 14:01:17.392,0.958,0.95814,2.40,2.63
2012.05.28 14:01:19.155,0.95799,0.95813,7.28,2.63
2012.05.28 14:01:19.863,0.95801,0.95813,2.40,2.63
2012.05.28 14:01:20.397,0.95799,0.95813,3.68,2.63
2012.05.28 14:01:23.463,0.958,0.95812,1.65,1.50
2012.05.28 14:01:24.886,0.958,0.95812,1.65,1.50
2012.05.28 14:01:25.854,0.95799,0.95813,3.15,1.50
2012.05.28 14:01:26.394,0.95799,0.95813,3.15,1.69
2012.05.28 14:01:27.462,0.95799,0.9581,1.50,1.50
2012.05.28 14:01:28.450,0.95797,0.95811,2.25,1.69
2012.05.28 14:01:30.168,0.95797,0.95811,2.25,1.50
2012.05.28 14:01:30.715,0.95799,0.95811,1.50,2.25
2012.05.28 14:01:32.127,0.95799,0.95811,1.95,1.50
2012.05.28 14:01:32.199,0.95801,0.95813,1.73,1.50
2012.05.28 14:01:32.626,0.95799,0.95811,2.48,1.50
2012.05.28 14:01:33.127,0.958,0.95812,2.40,2.25
2012.05.28 14:01:35.541,0.95799,0.95811,1.05,1.50
2012.05.28 14:01:35.898,0.95798,0.95809,2.19,2.25
2012.05.28 14:01:36.426,0.95798,0.95809,1.80,1.50
2012.05.28 14:01:36.845,0.95796,0.95807,1.44,1.50
2012.05.28 14:01:37.365,0.95796,0.95808,2.94,1.50
2012.05.28 14:01:40.285,0.95796,0.95808,2.94,1.50
2012.05.28 14:01:41.738,0.95796,0.95806,1.44,1.50
2012.05.28 14:01:42.838,0.95796,0.95806,1.44,1.50
2012.05.28 14:01:43.098,0.95796,0.95809,1.44,2.25
2012.05.28 14:01:43.239,0.95796,0.95807,1.44,1.50
2012.05.28 14:01:43.308,0.95796,0.95809,1.44,2.25
2012.05.28 14:01:43.658,0.95796,0.95807,1.44,1.50
2012.05.28 14:01:44.204,0.95796,0.95807,1.44,1.50
2012.05.28 14:01:45.455,0.95796,0.95807,1.44,1.50
2012.05.28 14:01:46.309,0.95796,0.95807,1.44,1.50
2012.05.28 14:01:46.811,0.95796,0.95808,2.94,1.50
2012.05.28 14:01:47.365,0.95796,0.95808,2.94,1.50
2012.05.28 14:01:47.685,0.95794,0.95808,3.19,3.00
2012.05.28 14:01:48.488,0.95794,0.95808,3.19,3.75
2012.05.28 14:01:49.017,0.95797,0.95809,1.50,3.75
2012.05.28 14:01:49.089,0.95797,0.95811,1.50,3.00
2012.05.28 14:01:49.157,0.95795,0.95809,3.75,1.50
2012.05.28 14:01:49.663,0.95795,0.95809,3.75,1.50
2012.05.28 14:01:51.187,0.95796,0.95809,2.25,1.50
2012.05.28 14:01:51.717,0.95796,0.95809,2.25,1.50
2012.05.28 14:01:52.066,0.95797,0.95807,1.50,1.50
2012.05.28 14:01:53.666,0.95797,0.95809,1.50,1.50
2012.05.28 14:01:54.168,0.95797,0.9581,1.50,1.50
2012.05.28 14:01:56.188,0.95798,0.95811,1.50,1.69
2012.05.28 14:01:56.736,0.958,0.95813,1.50,3.75
2012.05.28 14:01:57.214,0.95798,0.95813,1.50,1.50
2012.05.28 14:01:58.605,0.95798,0.95812,1.50,1.50
2012.05.28 14:01:59.109,0.95798,0.95813,2.25,1.50
2012.05.28 14:02:00.465,0.95799,0.95814,2.25,1.50
2012.05.28 14:02:01.197,0.95799,0.95814,2.25,1.50
2012.05.28 14:02:02.240,0.95799,0.95813,2.25,1.50
2012.05.28 14:02:03.528,0.95799,0.95813,1.48,1.50
2012.05.28 14:02:03.601,0.95806,0.95813,1.13,1.50
2012.05.28 14:02:03.962,0.95811,0.95816,2.25,1.50
2012.05.28 14:02:04.110,0.95813,0.95817,1.50,1.50
2012.05.28 14:02:04.258,0.95812,0.95823,1.50,2.25
2012.05.28 14:02:04.827,0.95811,0.95821,1.65,1.50
2012.05.28 14:02:05.423,0.9581,0.95822,2.40,1.50
2012.05.28 14:02:07.574,0.9581,0.95822,2.40,1.50
2012.05.28 14:02:10.117,0.9581,0.95823,2.25,1.50
2012.05.28 14:02:11.786,0.9581,0.95822,2.25,1.50
2012.05.28 14:02:12.346,0.9581,0.95822,2.63,3.00
2012.05.28 14:02:12.629,0.95806,0.95821,3.00,4.13
2012.05.28 14:02:12.700,0.95806,0.95821,3.00,4.13
2012.05.28 14:02:16.974,0.95806,0.9582,3.00,1.50
2012.05.28 14:02:17.504,0.95808,0.95821,1.50,2.44
2012.05.28 14:02:18.215,0.95806,0.95821,3.38,2.25
2012.05.28 14:02:19.105,0.95808,0.95821,1.50,2.25
2012.05.28 14:02:21.816,0.95806,0.95822,3.19,2.63
2012.05.28 14:02:22.366,0.95808,0.95821,1.50,2.25
2012.05.28 14:02:22.893,0.95806,0.95822,3.19,2.63
2012.05.28 14:02:23.561,0.95808,0.95821,1.50,2.25
2012.05.28 14:02:24.086,0.95806,0.95822,3.19,2.63
2012.05.28 14:02:25.305,0.95808,0.95821,1.50,2.25
2012.05.28 14:02:25.805,0.95807,0.95821,1.50,2.25
2012.05.28 14:02:28.925,0.95808,0.95821,1.50,2.44
2012.05.28 14:02:29.534,0.95807,0.95821,2.25,2.44
2012.05.28 14:02:31.758,0.95805,0.9582,3.75,1.50
2012.05.28 14:02:31.826,0.95805,0.95818,2.25,1.50
2012.05.28 14:02:32.483,0.95805,0.95819,1.50,1.50
2012.05.28 14:02:33.336,0.95805,0.95818,2.10,1.50
2012.05.28 14:02:33.869,0.95805,0.95816,1.20,1.50
2012.05.28 14:02:33.939,0.95805,0.95818,1.20,1.50
2012.05.28 14:02:34.431,0.95807,0.95821,1.50,1.50
2012.05.28 14:02:34.944,0.95806,0.95821,2.44,2.25
2012.05.28 14:02:43.764,0.95806,0.95821,2.25,2.63
2012.05.28 14:02:44.313,0.95806,0.95821,1.50,2.63
2012.05.28 14:02:47.026,0.95806,0.95819,3.94,1.50
2012.05.28 14:02:47.157,0.95806,0.95821,3.19,1.50
2012.05.28 14:02:47.831,0.95806,0.95822,5.44,1.50
2012.05.28 14:02:48.344,0.95808,0.95821,1.50,1.50
2012.05.28 14:02:49.064,0.95806,0.95822,5.44,1.50
2012.05.28 14:02:49.756,0.95807,0.95821,2.44,1.50
2012.05.28 14:02:50.293,0.95806,0.95822,5.44,1.50
2012.05.28 14:02:50.796,0.95807,0.95821,2.44,1.50
2012.05.28 14:02:51.723,0.95808,0.95821,1.50,1.50
2012.05.28 14:02:52.276,0.95807,0.95821,2.44,1.50
2012.05.28 14:02:52.690,0.95806,0.95819,3.38,1.50
2012.05.28 14:02:53.049,0.95804,0.95816,1.50,1.50
2012.05.28 14:02:53.128,0.95804,0.95819,3.00,4.13
2012.05.28 14:02:53.409,0.95803,0.95816,7.13,1.50
2012.05.28 14:02:53.887,0.95802,0.95816,2.63,1.50
2012.05.28 14:02:54.447,0.95803,0.95815,3.00,1.50
2012.05.28 14:02:55.906,0.95803,0.95814,1.50,1.50
2012.05.28 14:02:56.256,0.95799,0.95813,3.00,1.69
2012.05.28 14:02:56.786,0.958,0.95812,3.19,1.50
2012.05.28 14:02:57.356,0.95801,0.95813,1.50,1.50
2012.05.28 14:02:57.947,0.95801,0.95813,2.25,1.50
2012.05.28 14:02:58.021,0.95802,0.95816,2.25,2.63
2012.05.28 14:02:58.577,0.95805,0.95816,1.50,1.13
2012.05.28 14:02:58.997,0.95806,0.95818,1.50,1.50
2012.05.28 14:03:00.173,0.95806,0.95818,4.13,1.50
2012.05.28 14:03:00.389,0.95807,0.95821,2.25,2.44
2012.05.28 14:03:00.966,0.95806,0.9582,3.00,1.69
2012.05.28 14:03:04.345,0.95808,0.9582,1.50,1.50
2012.05.28 14:03:05.755,0.95807,0.95819,2.25,1.50
2012.05.28 14:03:07.545,0.95807,0.95819,2.25,1.88
2012.05.28 14:03:09.967,0.95806,0.95817,1.50,1.50
2012.05.28 14:03:10.618,0.95805,0.95817,3.00,1.88
2012.05.28 14:03:11.537,0.95807,0.95819,1.50,5.25
2012.05.28 14:03:13.028,0.95807,0.95819,1.50,1.69
2012.05.28 14:03:13.640,0.95808,0.9582,1.50,1.69
2012.05.28 14:03:14.047,0.95808,0.9582,3.75,1.50
2012.05.28 14:03:14.401,0.95817,0.95823,1.50,1.50
2012.05.28 14:03:14.694,0.9582,0.95831,1.50,1.43
2012.05.28 14:03:14.909,0.95821,0.95833,2.25,2.25
2012.05.28 14:03:15.473,0.95822,0.95834,1.50,1.50
2012.05.28 14:03:16.016,0.95821,0.95835,2.25,1.69
2012.05.28 14:03:16.535,0.95822,0.95836,1.50,1.69
2012.05.28 14:03:16.748,0.95821,0.95833,3.19,1.50
2012.05.28 14:03:17.291,0.95822,0.95834,2.25,1.50
2012.05.28 14:03:17.927,0.95821,0.95833,3.00,1.50
2012.05.28 14:03:18.346,0.95821,0.95835,3.00,3.00
2012.05.28 14:03:19.704,0.9582,0.95834,3.75,1.50
2012.05.28 14:03:21.549,0.95821,0.95833,2.63,1.50
2012.05.28 14:03:21.756,0.95821,0.95835,2.63,1.50
2012.05.28 14:03:21.824,0.95821,0.95833,2.63,1.50
2012.05.28 14:03:22.365,0.95822,0.95834,2.25,1.50
2012.05.28 14:03:22.507,0.95822,0.95836,2.25,2.25
2012.05.28 14:03:23.073,0.95821,0.95835,3.00,1.50
2012.05.28 14:03:27.808,0.95821,0.95833,2.63,1.50
2012.05.28 14:03:28.375,0.95822,0.95834,2.25,1.50
2012.05.28 14:03:29.716,0.95822,0.95836,2.25,2.44
2012.05.28 14:03:30.275,0.95822,0.95834,2.25,1.50
2012.05.28 14:03:30.347,0.95822,0.95836,2.25,3.75
2012.05.28 14:03:30.919,0.95824,0.95838,3.00,2.82
2012.05.28 14:03:30.987,0.95826,0.95838,1.50,2.82
2012.05.28 14:03:31.552,0.95826,0.95839,1.50,2.25
2012.05.28 14:03:32.715,0.95826,0.9584,1.50,2.63
2012.05.28 14:03:35.140,0.95826,0.9584,1.50,2.44
2012.05.28 14:03:35.892,0.95825,0.95839,3.75,1.50
2012.05.28 14:03:37.006,0.95827,0.95839,1.50,1.50
2012.05.28 14:03:37.355,0.95829,0.95839,1.50,1.50
2012.05.28 14:03:37.694,0.9583,0.95839,1.50,1.50
2012.05.28 14:03:39.196,0.95829,0.95839,1.50,1.50
2012.05.28 14:03:39.552,0.95829,0.95842,2.25,1.50
2012.05.28 14:03:39.767,0.95832,0.95844,1.50,2.25
2012.05.28 14:03:40.105,0.95831,0.95842,1.50,1.50
2012.05.28 14:03:40.527,0.95829,0.95841,3.19,1.50
2012.05.28 14:03:42.147,0.95829,0.95841,3.00,1.50
2012.05.28 14:03:50.570,0.95829,0.95841,4.80,2.25
2012.05.28 14:03:50.651,0.95832,0.95843,1.50,1.50
2012.05.28 14:03:50.729,0.95832,0.95844,2.25,2.25
2012.05.28 14:03:50.874,0.95833,0.95844,2.25,1.50
2012.05.28 14:03:51.707,0.95831,0.95843,3.68,1.50
2012.05.28 14:03:52.291,0.95831,0.95843,3.75,2.25
2012.05.28 14:03:52.862,0.95831,0.95841,1.43,1.50
2012.05.28 14:03:53.730,0.95831,0.95842,1.50,1.50
2012.05.28 14:03:54.209,0.95829,0.95842,2.63,2.25
2012.05.28 14:03:54.558,0.95829,0.95842,2.63,2.25
2012.05.28 14:03:56.946,0.95829,0.95842,1.50,1.50
2012.05.28 14:03:58.836,0.95829,0.95841,3.75,2.25
2012.05.28 14:03:59.399,0.95829,0.95841,2.25,1.50
2012.05.28 14:04:00.949,0.95831,0.95844,2.25,3.00
2012.05.28 14:04:01.019,0.95831,0.95844,2.25,1.50
2012.05.28 14:04:01.836,0.95832,0.95843,1.50,1.50
2012.05.28 14:04:03.826,0.95832,0.95843,1.50,1.50
2012.05.28 14:04:13.250,0.95833,0.95846,1.50,1.88
2012.05.28 14:04:13.328,0.95833,0.95846,1.50,1.50
2012.05.28 14:04:13.646,0.95835,0.95847,1.50,3.00
2012.05.28 14:04:14.156,0.95835,0.95847,1.50,1.50
2012.05.28 14:04:14.716,0.95835,0.95846,1.35,1.50
2012.05.28 14:04:15.265,0.95835,0.95847,2.85,1.50
2012.05.28 14:04:15.805,0.95835,0.95847,2.85,1.50
2012.05.28 14:04:16.435,0.95835,0.95848,1.35,3.00
2012.05.28 14:04:17.157,0.95834,0.95848,2.85,3.00
2012.05.28 14:04:17.568,0.95832,0.95843,1.13,1.50
2012.05.28 14:04:17.708,0.95832,0.95843,1.13,1.50
2012.05.28 14:04:18.926,0.95831,0.95845,3.00,2.44
2012.05.28 14:04:19.438,0.95832,0.95843,1.13,1.50
2012.05.28 14:04:19.966,0.95832,0.95845,1.13,2.25
2012.05.28 14:04:20.037,0.95832,0.95843,1.13,1.50
2012.05.28 14:04:20.367,0.95832,0.95845,1.13,2.25
2012.05.28 14:04:24.884,0.95831,0.95843,2.44,1.50
2012.05.28 14:04:25.942,0.95832,0.95844,2.25,2.25
2012.05.28 14:04:26.506,0.95831,0.95843,2.44,1.50
2012.05.28 14:04:27.047,0.9583,0.95842,2.44,1.50
2012.05.28 14:04:27.819,0.95832,0.95844,2.25,2.25
2012.05.28 14:04:28.354,0.95832,0.95844,2.25,1.50
2012.05.28 14:04:29.997,0.95832,0.95843,1.35,1.50
2012.05.28 14:04:30.371,0.95831,0.95845,3.04,2.25
2012.05.28 14:04:31.022,0.95831,0.95843,3.04,1.50
2012.05.28 14:04:31.526,0.95832,0.95844,2.25,1.50
2012.05.28 14:04:37.708,0.95834,0.95846,1.50,4.50
2012.05.28 14:04:39.761,0.95832,0.95845,1.13,1.50
2012.05.28 14:04:42.022,0.95833,0.95847,2.25,4.50
2012.05.28 14:04:42.569,0.95832,0.95845,1.13,1.50
2012.05.28 14:04:44.567,0.95831,0.95843,3.19,1.50
2012.05.28 14:04:45.079,0.95832,0.95844,2.44,1.50
2012.05.28 14:04:47.837,0.95832,0.95844,2.85,1.50
2012.05.28 14:04:54.236,0.95832,0.95845,1.35,2.25
2012.05.28 14:04:54.754,0.95832,0.95845,1.35,2.25
2012.05.28 14:04:57.786,0.95831,0.95843,3.23,1.50
2012.05.28 14:04:58.572,0.95832,0.95844,2.25,1.50
2012.05.28 14:05:03.548,0.95833,0.95846,3.19,2.25
2012.05.28 14:05:03.761,0.95837,0.95849,1.50,2.74
2012.05.28 14:05:04.811,0.95836,0.9585,3.75,2.25
2012.05.28 14:05:04.961,0.95839,0.95852,1.50,1.13
2012.05.28 14:05:05.527,0.95839,0.95851,2.85,2.25
2012.05.28 14:05:06.077,0.9584,0.95852,1.54,2.25
2012.05.28 14:05:06.655,0.9584,0.95851,1.54,1.50
2012.05.28 14:05:08.111,0.9584,0.95852,1.35,2.25
2012.05.28 14:05:09.285,0.95839,0.95853,2.85,2.44
2012.05.28 14:05:11.151,0.95841,0.95855,2.25,3.19
2012.05.28 14:05:11.369,0.95841,0.95855,2.25,4.69
2012.05.28 14:05:16.304,0.9584,0.95853,1.50,2.25
2012.05.28 14:05:17.244,0.95839,0.95853,3.00,1.50
2012.05.28 14:05:17.574,0.9584,0.95851,1.50,2.25
2012.05.28 14:05:19.385,0.9584,0.95853,1.50,2.25
2012.05.28 14:05:19.957,0.95839,0.95853,3.00,1.50
2012.05.28 14:05:20.528,0.95841,0.95853,1.50,2.25
2012.05.28 14:05:21.007,0.9584,0.95851,1.50,1.50
2012.05.28 14:05:21.552,0.9584,0.95852,1.50,2.25
2012.05.28 14:05:23.387,0.9584,0.95853,1.50,3.00
2012.05.28 14:05:27.671,0.9584,0.95852,1.50,1.50
2012.05.28 14:05:29.511,0.9584,0.95852,3.00,1.50
2012.05.28 14:05:30.246,0.9584,0.95852,3.00,2.25
2012.05.28 14:05:30.906,0.9584,0.95852,3.00,1.50
2012.05.28 14:05:31.735,0.9584,0.95853,1.50,1.50
2012.05.28 14:05:32.256,0.9584,0.95853,1.50,2.25
2012.05.28 14:05:32.596,0.9584,0.95851,1.50,2.25
2012.05.28 14:05:34.227,0.9584,0.9585,1.50,1.50
2012.05.28 14:05:34.836,0.9584,0.95852,1.50,2.25
2012.05.28 14:05:35.343,0.9584,0.95851,1.50,2.25
2012.05.28 14:05:37.095,0.9584,0.95851,1.50,2.25
2012.05.28 14:05:37.609,0.95839,0.95851,2.25,1.50
2012.05.28 14:05:38.136,0.95839,0.9585,1.50,1.50
2012.05.28 14:05:38.641,0.95839,0.95851,3.00,2.25
2012.05.28 14:05:39.764,0.95839,0.95852,1.50,1.50
2012.05.28 14:05:40.487,0.95839,0.95851,1.50,1.50
2012.05.28 14:05:41.654,0.95839,0.95851,1.50,1.50
2012.05.28 14:05:41.848,0.95838,0.95851,1.88,2.25
2012.05.28 14:05:42.376,0.95838,0.9585,1.13,2.25
2012.05.28 14:05:43.300,0.95837,0.95851,4.51,2.25
2012.05.28 14:05:43.520,0.95837,0.95849,1.50,1.50
2012.05.28 14:05:43.670,0.95834,0.95846,6.00,2.25
2012.05.28 14:05:43.753,0.95833,0.95844,1.51,3.00
2012.05.28 14:05:43.832,0.95833,0.95844,1.14,2.82
2012.05.28 14:05:43.980,0.95831,0.95844,3.00,1.32
2012.05.28 14:05:44.108,0.95831,0.95842,1.50,1.50
2012.05.28 14:05:44.631,0.95826,0.95836,2.24,1.50
2012.05.28 14:05:44.991,0.95824,0.95836,3.36,1.50
2012.05.28 14:05:45.209,0.95824,0.95838,1.50,2.25
2012.05.28 14:05:45.416,0.95824,0.95836,2.25,1.50
2012.05.28 14:05:45.946,0.95823,0.95835,3.38,1.50
2012.05.28 14:05:46.599,0.95823,0.95835,3.38,1.50
2012.05.28 14:05:46.947,0.95826,0.95838,3.00,1.50
2012.05.28 14:05:47.087,0.95826,0.95838,3.00,1.50
2012.05.28 14:05:47.302,0.95826,0.9584,3.00,2.25
2012.05.28 14:05:47.729,0.95827,0.95838,1.50,1.50
2012.05.28 14:05:48.208,0.95827,0.9584,2.25,1.50
2012.05.28 14:05:48.896,0.95827,0.95839,3.00,1.50
2012.05.28 14:05:58.541,0.95827,0.95839,3.75,1.50
2012.05.28 14:05:59.077,0.95827,0.9584,1.50,2.25
2012.05.28 14:06:05.796,0.95829,0.95841,1.50,2.25
2012.05.28 14:06:06.413,0.95827,0.95839,2.25,1.50
2012.05.28 14:06:07.157,0.95829,0.95841,1.50,3.00
2012.05.28 14:06:07.666,0.9583,0.95842,1.50,3.19
2012.05.28 14:06:08.205,0.95829,0.95841,1.50,1.50
2012.05.28 14:06:11.341,0.9583,0.95841,1.50,1.50
2012.05.28 14:06:11.627,0.9583,0.95842,2.25,1.50
2012.05.28 14:06:12.253,0.9583,0.95842,2.25,2.25
2012.05.28 14:06:12.807,0.9583,0.95842,2.25,1.50
2012.05.28 14:06:15.617,0.95831,0.95843,1.50,1.69
2012.05.28 14:06:16.678,0.95829,0.95841,2.25,1.50
2012.05.28 14:06:17.028,0.95827,0.95839,2.63,2.25
2012.05.28 14:06:17.589,0.95828,0.95841,1.50,1.50
2012.05.28 14:06:18.257,0.95828,0.95842,2.25,2.25
2012.05.28 14:06:18.336,0.95827,0.9584,1.88,1.50
2012.05.28 14:06:18.412,0.95827,0.9584,1.13,3.00
2012.05.28 14:06:19.036,0.95826,0.9584,2.25,3.57
2012.05.28 14:06:19.829,0.95826,0.9584,2.25,3.00
2012.05.28 14:06:20.166,0.95829,0.9584,1.50,1.88
2012.05.28 14:06:20.701,0.95829,0.95841,1.65,2.63
2012.05.28 14:06:20.850,0.95831,0.95843,1.50,1.88
2012.05.28 14:06:20.932,0.95831,0.95843,2.25,1.50
2012.05.28 14:06:21.150,0.95832,0.95845,1.50,1.69
2012.05.28 14:06:21.990,0.95833,0.95845,1.50,1.50
2012.05.28 14:06:22.414,0.95833,0.95847,3.00,3.00
2012.05.28 14:06:22.776,0.95833,0.95847,3.00,1.50
2012.05.28 14:06:23.288,0.95833,0.95847,3.00,1.50
2012.05.28 14:06:23.747,0.95834,0.95848,2.25,1.50
2012.05.28 14:06:24.286,0.95834,0.95848,2.44,1.50
2012.05.28 14:06:24.635,0.95834,0.95848,3.19,1.50
2012.05.28 14:06:25.549,0.95833,0.95845,3.75,1.50
2012.05.28 14:06:26.069,0.95833,0.95844,2.25,1.50
2012.05.28 14:06:26.279,0.95834,0.95847,1.14,1.50
2012.05.28 14:06:26.494,0.95835,0.95848,1.50,1.88
2012.05.28 14:06:27.036,0.95837,0.95849,1.50,2.25
2012.05.28 14:06:27.782,0.95835,0.95849,3.38,2.25
2012.05.28 14:06:29.955,0.95837,0.95849,1.50,2.25
2012.05.28 14:06:30.485,0.95836,0.9585,2.25,1.88
2012.05.28 14:06:31.106,0.95835,0.95849,3.00,1.50
2012.05.28 14:06:32.205,0.95835,0.95849,3.00,1.50
2012.05.28 14:06:36.888,0.95837,0.95849,2.25,2.25
2012.05.28 14:06:37.243,0.95846,0.95854,3.75,3.38
2012.05.28 14:06:37.528,0.95848,0.9586,2.25,1.69
2012.05.28 14:06:37.598,0.95848,0.95862,2.25,3.00
2012.05.28 14:06:38.147,0.95848,0.9586,2.25,2.25
2012.05.28 14:06:39.762,0.9585,0.95862,4.50,2.25
2012.05.28 14:06:39.839,0.95852,0.95862,2.63,1.50
2012.05.28 14:06:40.194,0.95855,0.95866,1.50,2.63
2012.05.28 14:06:40.339,0.95855,0.95866,1.50,1.50
2012.05.28 14:06:40.829,0.95852,0.95866,2.63,2.25
2012.05.28 14:06:41.495,0.95852,0.95866,2.25,3.19
2012.05.28 14:06:41.850,0.9585,0.95862,1.50,2.63
2012.05.28 14:06:42.186,0.9585,0.95861,1.50,2.25
2012.05.28 14:06:42.737,0.9585,0.95861,1.50,3.00
2012.05.28 14:06:42.876,0.9585,0.95861,1.50,2.25
2012.05.28 14:06:43.266,0.9585,0.95861,1.50,2.25
2012.05.28 14:06:43.807,0.9585,0.95861,1.50,2.25
2012.05.28 14:06:44.649,0.9585,0.95861,1.50,1.50
2012.05.28 14:06:45.174,0.9585,0.95864,3.00,3.38
2012.05.28 14:06:45.719,0.95854,0.95863,1.50,1.50
2012.05.28 14:06:45.862,0.95855,0.95864,1.50,1.13
2012.05.28 14:06:46.009,0.95853,0.95865,1.50,1.88
2012.05.28 14:06:46.406,0.95851,0.95863,3.00,1.50
2012.05.28 14:06:47.069,0.95851,0.95862,1.50,1.50
2012.05.28 14:06:47.618,0.9585,0.95864,5.25,3.38
2012.05.28 14:06:48.131,0.95852,0.95864,1.50,2.63
2012.05.28 14:06:48.898,0.9585,0.95864,3.00,2.63
2012.05.28 14:06:49.579,0.95853,0.95866,1.50,1.50
2012.05.28 14:06:50.129,0.95852,0.95864,2.25,1.50
2012.05.28 14:06:50.637,0.9585,0.95864,3.00,2.25
2012.05.28 14:06:50.989,0.95849,0.95862,1.50,2.25
2012.05.28 14:06:51.561,0.95849,0.95861,3.00,1.50
2012.05.28 14:06:51.642,0.95851,0.95863,1.50,1.50
2012.05.28 14:06:51.858,0.95852,0.95865,1.50,1.88
2012.05.28 14:06:52.143,0.9585,0.95864,2.25,1.50
2012.05.28 14:06:52.223,0.9585,0.95864,2.25,1.50
2012.05.28 14:06:53.045,0.9585,0.95864,2.25,2.25
2012.05.28 14:06:53.175,0.9585,0.95864,3.00,2.25
2012.05.28 14:06:53.770,0.95852,0.95865,1.50,2.63
2012.05.28 14:06:54.116,0.9585,0.95864,3.00,2.25
2012.05.28 14:06:54.677,0.9585,0.95864,3.00,2.25
2012.05.28 14:06:56.221,0.9585,0.95864,1.50,1.50
2012.05.28 14:06:56.301,0.95852,0.95864,1.50,1.50
2012.05.28 14:06:56.382,0.9585,0.95864,1.50,2.25
2012.05.28 14:06:56.517,0.9585,0.95864,1.50,2.25
2012.05.28 14:06:56.719,0.9585,0.95863,1.50,1.13
2012.05.28 14:06:57.260,0.95849,0.95861,1.50,2.25
2012.05.28 14:06:57.598,0.95843,0.95856,1.50,2.25
2012.05.28 14:06:58.106,0.95843,0.95855,2.25,1.50
2012.05.28 14:06:58.658,0.95845,0.95857,1.50,1.50
2012.05.28 14:06:59.008,0.95845,0.95859,3.75,1.50
2012.05.28 14:07:00.639,0.95846,0.9586,1.50,1.69
2012.05.28 14:07:02.210,0.95848,0.95862,1.50,7.50
2012.05.28 14:07:02.737,0.95847,0.95859,1.50,2.25
2012.05.28 14:07:04.289,0.95848,0.95859,2.40,2.25
2012.05.28 14:07:04.430,0.9585,0.95864,2.25,2.25
2012.05.28 14:07:04.581,0.95849,0.95861,3.00,1.50
2012.05.28 14:07:05.328,0.95848,0.9586,4.13,1.50
2012.05.28 14:07:05.869,0.95848,0.95861,2.63,1.50
2012.05.28 14:07:06.356,0.9585,0.95864,2.25,2.25
2012.05.28 14:07:06.897,0.95851,0.95865,1.50,3.00
2012.05.28 14:07:06.970,0.9585,0.95862,2.25,1.50
2012.05.28 14:07:07.109,0.95852,0.95866,1.50,3.57
2012.05.28 14:07:07.496,0.95854,0.95866,1.50,2.25
2012.05.28 14:07:08.017,0.95854,0.95865,1.50,1.88
2012.05.28 14:07:08.163,0.95852,0.95864,2.25,1.50
2012.05.28 14:07:12.458,0.95853,0.95865,1.50,2.44
2012.05.28 14:07:13.248,0.95852,0.95866,1.50,2.44
2012.05.28 14:07:14.338,0.95852,0.95866,1.50,2.25
2012.05.28 14:07:14.870,0.95853,0.95865,2.25,1.50
2012.05.28 14:07:19.157,0.95854,0.95866,1.50,1.50
2012.05.28 14:07:23.646,0.95854,0.95868,1.50,3.19
2012.05.28 14:07:24.661,0.95854,0.95868,1.69,3.00
2012.05.28 14:07:24.951,0.95862,0.95873,1.50,2.63
2012.05.28 14:07:25.035,0.95861,0.95873,1.50,1.50
2012.05.28 14:07:25.112,0.95863,0.95876,2.25,1.50
2012.05.28 14:07:25.192,0.95863,0.95877,2.40,3.75
2012.05.28 14:07:25.554,0.95868,0.9588,1.50,6.75
2012.05.28 14:07:26.118,0.95864,0.95876,1.65,1.50
2012.05.28 14:07:26.188,0.95865,0.95878,1.65,1.69
2012.05.28 14:07:26.458,0.95865,0.95877,1.50,2.25
2012.05.28 14:07:26.528,0.95863,0.95875,3.00,1.50
2012.05.28 14:07:27.079,0.95862,0.95876,2.25,2.63
2012.05.28 14:07:27.423,0.95862,0.95876,2.25,3.75
2012.05.28 14:07:27.800,0.95864,0.95875,1.50,1.50
2012.05.28 14:07:28.006,0.95862,0.95875,2.25,1.50
2012.05.28 14:07:28.607,0.95863,0.95875,1.50,1.69
2012.05.28 14:07:29.146,0.95862,0.95875,2.25,1.69
2012.05.28 14:07:29.656,0.95862,0.95875,2.25,1.69
2012.05.28 14:07:30.676,0.95862,0.95876,2.25,2.82
2012.05.28 14:07:31.316,0.95862,0.95876,3.75,3.57
2012.05.28 14:07:31.392,0.95864,0.95876,1.50,2.44
2012.05.28 14:07:32.279,0.95865,0.95877,1.50,1.50
2012.05.28 14:07:32.826,0.95866,0.95878,1.50,3.19
2012.05.28 14:07:33.379,0.95865,0.95877,1.50,1.50
2012.05.28 14:07:34.049,0.95865,0.95879,1.50,2.44
2012.05.28 14:07:34.575,0.95865,0.95877,1.50,1.50
2012.05.28 14:07:35.437,0.95866,0.95878,1.50,2.25
2012.05.28 14:07:36.272,0.95864,0.95878,1.50,2.25
2012.05.28 14:07:36.799,0.95865,0.95879,1.50,3.75
2012.05.28 14:07:38.320,0.95865,0.95878,1.50,1.69
2012.05.28 14:07:38.848,0.95864,0.95876,1.50,2.25
2012.05.28 14:07:39.289,0.95866,0.95878,1.50,3.19
2012.05.28 14:07:39.857,0.95866,0.95878,1.50,3.94
2012.05.28 14:07:40.060,0.95864,0.95878,3.00,3.19
2012.05.28 14:07:40.640,0.95865,0.95878,1.50,2.44
2012.05.28 14:07:41.058,0.95865,0.95879,1.50,3.94
2012.05.28 14:07:41.266,0.95867,0.9588,1.50,6.75
2012.05.28 14:07:42.097,0.95867,0.95879,1.50,1.69
2012.05.28 14:07:42.608,0.95866,0.95878,1.50,1.69
2012.05.28 14:07:45.776,0.95865,0.95877,1.50,1.95
2012.05.28 14:07:46.518,0.95865,0.95879,1.50,2.25
2012.05.28 14:07:48.517,0.95865,0.95879,2.44,1.50
2012.05.28 14:07:49.035,0.95867,0.95881,1.50,3.75
2012.05.28 14:07:49.893,0.95867,0.95881,1.50,4.13
2012.05.28 14:07:50.177,0.95867,0.95881,1.50,5.25
2012.05.28 14:07:51.106,0.95866,0.95878,1.50,1.50
2012.05.28 14:07:51.450,0.95871,0.95882,1.50,1.50
2012.05.28 14:07:51.729,0.95869,0.95883,1.50,2.25
2012.05.28 14:07:52.208,0.95871,0.95883,1.50,2.25
2012.05.28 14:07:52.857,0.9587,0.95882,1.50,2.25
2012.05.28 14:07:53.467,0.9587,0.95882,1.50,2.44
2012.05.28 14:07:55.309,0.95871,0.95883,1.50,1.88
2012.05.28 14:07:55.572,0.95873,0.95884,1.50,2.25
2012.05.28 14:07:55.650,0.95869,0.95883,2.25,1.88
2012.05.28 14:07:56.116,0.95871,0.95883,1.50,2.63
2012.05.28 14:07:57.050,0.95871,0.95883,1.50,4.88
2012.05.28 14:07:57.388,0.95869,0.95883,2.25,4.88
2012.05.28 14:08:00.316,0.95869,0.95883,2.25,2.25
2012.05.28 14:08:01.165,0.95869,0.95883,2.25,2.25
2012.05.28 14:08:01.724,0.95869,0.95883,2.25,2.44
2012.05.28 14:08:03.097,0.95869,0.95883,3.00,3.00
2012.05.28 14:08:03.226,0.95869,0.95883,3.00,3.75
2012.05.28 14:08:03.298,0.95869,0.95883,3.00,3.00
2012.05.28 14:08:03.837,0.9587,0.95882,1.50,1.50
2012.05.28 14:08:04.376,0.95869,0.95883,1.50,3.75
2012.05.28 14:08:04.447,0.95869,0.95883,1.50,3.75
2012.05.28 14:08:05.994,0.95869,0.95883,1.50,3.38
2012.05.28 14:08:06.525,0.95871,0.95883,1.50,3.00
2012.05.28 14:08:06.906,0.95869,0.95883,1.50,3.38
2012.05.28 14:08:07.623,0.95869,0.95883,1.50,3.38
2012.05.28 14:08:08.065,0.95871,0.95883,1.50,3.00
2012.05.28 14:08:08.507,0.9587,0.95882,1.50,2.63
2012.05.28 14:08:10.156,0.9587,0.95882,1.50,1.88
2012.05.28 14:08:11.046,0.9587,0.95883,1.50,1.50
2012.05.28 14:08:11.607,0.95869,0.95883,1.50,3.00
2012.05.28 14:08:12.135,0.9587,0.95882,1.50,2.25
2012.05.28 14:08:15.227,0.95871,0.95883,1.50,2.25
2012.05.28 14:08:15.654,0.95874,0.95885,1.50,1.50
2012.05.28 14:08:15.938,0.95876,0.95888,1.50,1.50
2012.05.28 14:08:16.138,0.95878,0.95889,1.50,1.88
2012.05.28 14:08:16.347,0.95875,0.95887,1.50,2.25
2012.05.28 14:08:16.888,0.95875,0.95887,2.18,1.50
2012.05.28 14:08:16.962,0.95877,0.95889,2.18,1.95
2012.05.28 14:08:17.523,0.95879,0.95891,1.50,3.75
2012.05.28 14:08:17.880,0.95878,0.95889,1.50,1.13
2012.05.28 14:08:18.466,0.95877,0.95889,1.73,1.13
2012.05.28 14:08:18.972,0.95878,0.9589,1.50,1.13
2012.05.28 14:08:19.358,0.95879,0.95891,1.50,2.25
2012.05.28 14:08:19.428,0.95877,0.95891,1.50,2.25
2012.05.28 14:08:19.677,0.95877,0.95889,1.50,2.25
2012.05.28 14:08:19.819,0.95876,0.9589,1.50,2.63
2012.05.28 14:08:20.026,0.95878,0.9589,1.50,2.63
2012.05.28 14:08:20.227,0.95876,0.9589,3.00,2.63
2012.05.28 14:08:20.300,0.95876,0.9589,1.50,3.38
2012.05.28 14:08:20.837,0.95876,0.9589,1.50,3.38
2012.05.28 14:08:21.389,0.95877,0.95889,1.50,2.25
2012.05.28 14:08:21.931,0.95876,0.9589,1.50,3.38
2012.05.28 14:08:22.466,0.95877,0.9589,1.50,1.88
2012.05.28 14:08:23.017,0.95878,0.9589,1.50,2.63
2012.05.28 14:08:23.546,0.95877,0.95889,1.50,2.25
2012.05.28 14:08:24.075,0.95877,0.95889,1.50,2.25
2012.05.28 14:08:25.916,0.95877,0.95891,3.00,3.94
2012.05.28 14:08:26.436,0.95878,0.9589,1.50,2.25
2012.05.28 14:08:27.305,0.95879,0.95891,1.50,3.19
2012.05.28 14:08:27.519,0.95877,0.95891,1.50,2.44
2012.05.28 14:08:28.547,0.95878,0.9589,1.50,1.50
2012.05.28 14:08:28.692,0.95873,0.95887,4.88,1.50
2012.05.28 14:08:29.189,0.95875,0.95889,1.50,4.50
2012.05.28 14:08:29.715,0.95874,0.95886,1.50,2.25
2012.05.28 14:08:30.268,0.95875,0.95887,1.50,2.25
2012.05.28 14:08:30.518,0.95872,0.95886,2.25,2.25
2012.05.28 14:08:31.070,0.95874,0.95886,1.50,2.25
2012.05.28 14:08:31.628,0.95873,0.95887,2.25,2.25
2012.05.28 14:08:32.701,0.95875,0.95888,1.50,1.69
2012.05.28 14:08:33.256,0.95874,0.95888,1.50,3.00
2012.05.28 14:08:33.983,0.95874,0.95888,1.50,2.25
2012.05.28 14:08:34.062,0.95876,0.95888,1.50,2.25
2012.05.28 14:08:35.345,0.95874,0.95888,1.50,2.25
2012.05.28 14:08:36.360,0.95875,0.95889,1.50,3.94
2012.05.28 14:08:37.386,0.95875,0.95889,1.50,2.25
2012.05.28 14:08:37.830,0.95875,0.95889,1.50,3.94
2012.05.28 14:08:37.973,0.95873,0.95886,1.50,2.25
2012.05.28 14:08:38.726,0.95873,0.95885,2.25,2.25
2012.05.28 14:08:39.273,0.95874,0.95885,1.69,1.50
2012.05.28 14:08:39.489,0.95876,0.95888,1.50,3.00
2012.05.28 14:08:39.836,0.95878,0.9589,1.50,3.38
2012.05.28 14:08:39.909,0.95876,0.9589,1.50,3.38
2012.05.28 14:08:40.121,0.95874,0.95888,3.19,1.50
2012.05.28 14:08:40.202,0.95873,0.95885,3.19,1.50
2012.05.28 14:08:40.346,0.95873,0.95887,3.94,1.50
2012.05.28 14:08:40.478,0.95875,0.95889,1.50,3.00
2012.05.28 14:08:41.426,0.95875,0.95887,1.50,1.50
2012.05.28 14:08:41.589,0.95875,0.95889,1.50,4.88
2012.05.28 14:08:42.299,0.95874,0.95888,1.50,1.50
2012.05.28 14:08:42.943,0.95875,0.95889,1.50,3.38
2012.05.28 14:08:43.476,0.95876,0.95888,1.50,2.25
2012.05.28 14:08:44.017,0.95875,0.95887,1.50,2.25
2012.05.28 14:08:44.360,0.95873,0.95886,1.50,2.25
2012.05.28 14:08:44.699,0.95871,0.95885,1.88,2.25
2012.05.28 14:08:45.121,0.95874,0.95886,1.50,3.00
2012.05.28 14:08:45.549,0.95874,0.95888,1.50,2.82
2012.05.28 14:08:46.077,0.95874,0.95886,1.50,1.50
2012.05.28 14:08:46.348,0.95872,0.95886,4.50,1.50
2012.05.28 14:08:46.618,0.95874,0.95886,1.50,2.63
2012.05.28 14:08:47.706,0.95874,0.95886,1.50,2.63
2012.05.28 14:08:51.357,0.95874,0.95886,1.50,2.25
2012.05.28 14:08:53.225,0.95874,0.95886,1.50,2.25
2012.05.28 14:08:54.527,0.95874,0.95888,1.50,4.32
2012.05.28 14:08:54.597,0.95874,0.95888,1.50,3.00
2012.05.28 14:08:54.808,0.95876,0.95888,1.50,3.00
2012.05.28 14:08:54.877,0.95874,0.95888,1.50,3.00
2012.05.28 14:08:56.436,0.95873,0.95885,1.50,1.88
2012.05.28 14:08:57.858,0.95872,0.95886,1.50,2.63
2012.05.28 14:08:58.187,0.95874,0.95886,1.50,2.63
2012.05.28 14:08:59.409,0.95876,0.95887,1.50,2.25
2012.05.28 14:08:59.958,0.95875,0.95887,1.50,3.75
2012.05.28 14:09:00.397,0.95875,0.95887,1.50,2.44
2012.05.28 14:09:02.166,0.95875,0.95887,1.50,1.69
2012.05.28 14:09:02.636,0.95872,0.95886,3.00,1.69
2012.05.28 14:09:04.262,0.95871,0.95883,2.63,1.50
2012.05.28 14:09:04.806,0.95871,0.95883,1.50,1.50
2012.05.28 14:09:07.715,0.95869,0.95883,4.13,1.50
2012.05.28 14:09:08.227,0.9587,0.95884,2.25,1.50
2012.05.28 14:09:14.267,0.9587,0.95882,2.25,1.50
2012.05.28 14:09:14.706,0.9587,0.95884,2.25,1.95
2012.05.28 14:09:15.278,0.95871,0.95885,1.50,3.19
2012.05.28 14:09:15.651,0.95871,0.95885,1.50,2.44
2012.05.28 14:09:15.868,0.95873,0.95886,1.50,1.39
2012.05.28 14:09:16.480,0.95874,0.95886,1.50,2.25
2012.05.28 14:09:16.906,0.95871,0.95884,2.63,1.50
2012.05.28 14:09:17.497,0.95873,0.95887,1.50,3.75
2012.05.28 14:09:17.999,0.95872,0.95886,1.50,2.25
2012.05.28 14:09:18.376,0.95874,0.95886,1.50,2.25
2012.05.28 14:09:18.788,0.95874,0.95886,1.50,1.50
2012.05.28 14:09:19.136,0.95872,0.95886,1.69,1.95
2012.05.28 14:09:19.959,0.95873,0.95887,1.50,2.25
2012.05.28 14:09:21.455,0.95873,0.95887,1.50,2.25
2012.05.28 14:09:22.708,0.95873,0.95885,1.50,1.50
2012.05.28 14:09:24.516,0.95874,0.95886,1.50,1.95
2012.05.28 14:09:26.644,0.95873,0.95885,1.50,1.95
2012.05.28 14:09:27.263,0.95874,0.95886,1.50,1.95
2012.05.28 14:09:27.926,0.95874,0.95885,1.50,1.50
2012.05.28 14:09:28.445,0.95872,0.95885,1.50,1.69
2012.05.28 14:09:30.358,0.95872,0.95885,1.50,1.39
2012.05.28 14:09:30.427,0.95874,0.95885,1.50,1.39
2012.05.28 14:09:31.136,0.95873,0.95885,1.50,2.44
2012.05.28 14:09:32.571,0.95873,0.95885,1.50,6.64
2012.05.28 14:09:33.115,0.95872,0.95885,1.50,8.25
2012.05.28 14:09:34.306,0.95873,0.95885,1.50,8.25
2012.05.28 14:09:35.166,0.95873,0.95885,1.50,5.63
2012.05.28 14:09:35.298,0.95871,0.95883,1.50,1.69
2012.05.28 14:09:35.368,0.95869,0.95883,1.50,1.69
2012.05.28 14:09:35.506,0.95871,0.95883,1.50,2.44
2012.05.28 14:09:35.886,0.95871,0.95883,1.50,2.44
2012.05.28 14:09:36.097,0.95868,0.9588,2.25,1.50
2012.05.28 14:09:36.171,0.95868,0.95882,2.25,2.25
2012.05.28 14:09:36.250,0.95868,0.95882,2.25,2.25
2012.05.28 14:09:36.787,0.95869,0.95881,1.50,2.25
2012.05.28 14:09:37.300,0.95868,0.9588,2.25,1.50
2012.05.28 14:09:37.816,0.95869,0.95881,1.50,2.25
2012.05.28 14:09:39.943,0.95868,0.9588,2.25,1.50
2012.05.28 14:09:40.486,0.95868,0.95882,1.50,2.44
2012.05.28 14:09:41.885,0.95868,0.95882,2.25,2.25
2012.05.28 14:09:42.258,0.95871,0.95883,1.50,3.19
2012.05.28 14:09:42.765,0.9587,0.95884,1.50,3.19
2012.05.28 14:09:43.511,0.95869,0.95883,1.50,2.44
2012.05.28 14:09:44.248,0.95869,0.95883,1.50,2.44
2012.05.28 14:09:44.947,0.95869,0.95883,1.50,2.44
2012.05.28 14:09:47.390,0.95869,0.95883,1.50,2.44
2012.05.28 14:09:48.975,0.9587,0.95884,1.50,3.94
2012.05.28 14:09:49.285,0.95872,0.95884,1.50,1.69
2012.05.28 14:09:50.671,0.95872,0.95885,4.50,2.63
2012.05.28 14:09:51.238,0.95872,0.95884,2.25,1.69
2012.05.28 14:09:51.743,0.95872,0.95884,2.25,1.50
2012.05.28 14:09:52.406,0.95873,0.95887,1.50,2.63
2012.05.28 14:09:53.116,0.95872,0.95886,2.25,2.25
2012.05.28 14:09:53.506,0.95874,0.95886,1.50,2.25
2012.05.28 14:09:56.799,0.95875,0.95889,1.50,6.75
2012.05.28 14:09:56.868,0.95875,0.95889,1.50,5.44
2012.05.28 14:09:57.007,0.95873,0.95887,1.50,1.50
2012.05.28 14:09:57.515,0.95873,0.95887,1.50,2.25
2012.05.28 14:10:01.578,0.95873,0.95885,1.50,1.50
2012.05.28 14:10:02.341,0.95874,0.95886,1.50,2.25
2012.05.28 14:10:03.705,0.95876,0.95888,1.50,2.25
2012.05.28 14:10:04.135,0.95874,0.95888,1.50,2.25
2012.05.28 14:10:04.354,0.95876,0.95888,1.50,2.25
2012.05.28 14:10:06.878,0.95874,0.95888,1.50,3.00
2012.05.28 14:10:09.615,0.95875,0.95887,1.50,1.50
2012.05.28 14:10:11.149,0.95875,0.95887,1.50,2.25
2012.05.28 14:10:11.706,0.95875,0.95887,1.50,2.44
2012.05.28 14:10:13.815,0.95875,0.95887,1.50,2.44
2012.05.28 14:10:14.323,0.95875,0.95887,1.50,1.69
2012.05.28 14:10:15.663,0.95876,0.95888,1.50,1.50
2012.05.28 14:10:17.016,0.95874,0.95888,3.00,2.25
2012.05.28 14:10:17.477,0.95875,0.95887,1.50,2.25
2012.05.28 14:10:17.977,0.95873,0.95885,1.50,1.50
2012.05.28 14:10:18.541,0.95872,0.95886,2.25,3.38
2012.05.28 14:10:19.055,0.95872,0.95886,2.25,5.25
2012.05.28 14:10:19.395,0.95874,0.95886,1.50,5.25
2012.05.28 14:10:19.466,0.95868,0.95884,1.50,2.44
2012.05.28 14:10:20.100,0.9587,0.95884,1.50,1.69
2012.05.28 14:10:25.336,0.9587,0.95884,1.50,1.69
2012.05.28 14:10:26.091,0.95869,0.95881,2.25,1.50
2012.05.28 14:10:26.456,0.95866,0.95878,1.43,1.50
2012.05.28 14:10:26.897,0.95864,0.95875,1.80,1.50
2012.05.28 14:10:26.977,0.95865,0.95879,1.80,2.63
2012.05.28 14:10:27.537,0.95865,0.95879,1.80,1.88
2012.05.28 14:10:28.027,0.95864,0.95878,3.30,2.25
2012.05.28 14:10:28.099,0.95864,0.95876,2.25,1.50
2012.05.28 14:10:28.658,0.95864,0.95876,2.25,2.63
2012.05.28 14:10:29.356,0.95863,0.95875,2.25,1.50
2012.05.28 14:10:29.910,0.95864,0.95876,2.25,2.63
2012.05.28 14:10:31.557,0.95862,0.95875,1.13,2.25
2012.05.28 14:10:31.810,0.95862,0.95874,1.88,1.50
2012.05.28 14:10:32.093,0.9586,0.95871,1.13,1.50
2012.05.28 14:10:32.575,0.95859,0.95871,1.50,2.25
2012.05.28 14:10:33.126,0.95858,0.9587,1.50,2.25
2012.05.28 14:10:40.745,0.95859,0.95871,1.50,2.25
2012.05.28 14:10:40.814,0.95857,0.95871,3.38,2.25
2012.05.28 14:10:42.156,0.95857,0.95871,3.38,2.25
2012.05.28 14:10:42.359,0.95859,0.95871,1.50,1.50
2012.05.28 14:10:43.103,0.9586,0.95872,1.50,1.50
2012.05.28 14:10:52.288,0.9586,0.95874,1.50,1.50
2012.05.28 14:10:52.686,0.9586,0.95874,2.25,1.50
2012.05.28 14:10:53.039,0.95862,0.95876,2.63,2.25
2012.05.28 14:10:53.628,0.95863,0.95877,1.50,2.25
2012.05.28 14:10:53.777,0.95863,0.95875,1.50,1.50
2012.05.28 14:10:57.977,0.95864,0.95876,1.50,1.50
2012.05.28 14:10:58.786,0.95863,0.95875,1.50,1.50
2012.05.28 14:11:01.161,0.95861,0.95874,3.00,1.50
2012.05.28 14:11:01.687,0.9586,0.95874,2.25,3.75
2012.05.28 14:11:03.102,0.95863,0.95874,1.50,2.44
2012.05.28 14:11:03.461,0.95867,0.95874,1.50,1.50
2012.05.28 14:11:03.818,0.9587,0.95881,1.50,2.25
2012.05.28 14:11:03.950,0.95867,0.95881,2.25,3.75
2012.05.28 14:11:04.022,0.95869,0.95881,1.50,3.38
2012.05.28 14:11:04.991,0.95868,0.9588,1.50,1.50
2012.05.28 14:11:06.578,0.95868,0.95882,3.00,2.44
2012.05.28 14:11:06.791,0.9587,0.95884,1.50,6.00
2012.05.28 14:11:08.450,0.9587,0.95884,2.25,1.88
2012.05.28 14:11:08.769,0.95873,0.95885,1.50,4.50
2012.05.28 14:11:09.111,0.95871,0.95883,1.50,1.88
2012.05.28 14:11:09.319,0.95871,0.95883,2.25,1.88
2012.05.28 14:11:09.466,0.95877,0.95885,1.50,1.50
2012.05.28 14:11:09.612,0.95877,0.95887,2.25,1.50
2012.05.28 14:11:09.692,0.95882,0.95887,1.50,1.50
2012.05.28 14:11:10.206,0.95882,0.95889,1.50,1.50
2012.05.28 14:11:10.408,0.95882,0.95893,1.50,1.15
2012.05.28 14:11:10.863,0.95882,0.95893,1.50,1.13
2012.05.28 14:11:11.447,0.95882,0.95896,1.50,3.94
2012.05.28 14:11:11.519,0.95884,0.95896,1.50,3.94
2012.05.28 14:11:11.658,0.95882,0.95896,1.50,3.94
2012.05.28 14:11:11.801,0.95882,0.95894,1.50,2.25
2012.05.28 14:11:12.766,0.95879,0.95893,2.25,2.44
2012.05.28 14:11:12.978,0.95877,0.95891,3.38,2.25
2012.05.28 14:11:13.318,0.9588,0.95891,1.50,1.50
2012.05.28 14:11:13.670,0.9588,0.9589,1.50,3.75
2012.05.28 14:11:16.395,0.9588,0.95891,1.50,1.69
2012.05.28 14:11:17.288,0.9588,0.95891,1.50,1.50
2012.05.28 14:11:17.854,0.95881,0.95892,1.50,1.13
2012.05.28 14:11:17.938,0.95884,0.95894,1.50,2.25
2012.05.28 14:11:18.010,0.95884,0.95894,1.50,1.50
2012.05.28 14:11:18.278,0.95882,0.95894,1.50,1.88
2012.05.28 14:11:18.478,0.9588,0.95894,2.25,2.25
2012.05.28 14:11:19.010,0.95881,0.95893,1.50,2.25
2012.05.28 14:11:19.579,0.95882,0.95894,1.50,1.50
2012.05.28 14:11:19.788,0.95884,0.95894,1.50,1.50
2012.05.28 14:11:20.000,0.95882,0.95894,2.25,3.00
2012.05.28 14:11:20.787,0.95882,0.95894,1.50,1.50
2012.05.28 14:11:21.141,0.95883,0.95894,2.25,1.50
2012.05.28 14:11:21.485,0.95886,0.95897,1.50,4.50
2012.05.28 14:11:22.043,0.95886,0.95897,1.50,2.63
2012.05.28 14:11:22.400,0.95889,0.95901,2.25,1.50
2012.05.28 14:11:22.861,0.95891,0.95901,1.50,2.25
2012.05.28 14:11:22.945,0.95889,0.95901,1.50,2.25
2012.05.28 14:11:23.021,0.95887,0.95899,1.50,2.25
2012.05.28 14:11:23.641,0.95887,0.95901,1.50,3.75
2012.05.28 14:11:23.720,0.95887,0.95901,1.50,3.75
2012.05.28 14:11:24.282,0.95888,0.959,1.50,2.25
2012.05.28 14:11:24.848,0.95887,0.95899,1.50,2.25
2012.05.28 14:11:25.380,0.95887,0.95899,1.50,2.25
2012.05.28 14:11:25.591,0.95885,0.95897,3.00,2.25
2012.05.28 14:11:26.138,0.95885,0.95898,1.50,3.00
2012.05.28 14:11:26.416,0.95883,0.95893,2.25,1.50
2012.05.28 14:11:26.739,0.95878,0.95889,2.64,1.50
2012.05.28 14:11:27.019,0.95877,0.9589,1.35,2.25
2012.05.28 14:11:27.431,0.95875,0.95889,1.88,2.25
2012.05.28 14:11:27.578,0.95875,0.95887,1.88,1.50
2012.05.28 14:11:28.126,0.95874,0.95888,2.63,1.50
2012.05.28 14:11:28.645,0.95874,0.95888,2.25,2.25
2012.05.28 14:11:30.157,0.95874,0.95888,3.00,1.50
2012.05.28 14:11:30.666,0.95875,0.95887,2.25,1.50
2012.05.28 14:11:31.105,0.95875,0.95887,2.70,1.50
2012.05.28 14:11:31.958,0.95875,0.95889,2.70,2.25
2012.05.28 14:11:33.711,0.95875,0.95889,3.15,2.25
2012.05.28 14:11:34.297,0.95876,0.9589,2.70,2.63
2012.05.28 14:11:34.820,0.95876,0.95889,1.20,2.25
2012.05.28 14:11:36.348,0.95876,0.95889,1.20,1.50
2012.05.28 14:11:37.758,0.95877,0.95891,1.50,4.50
2012.05.28 14:11:37.829,0.95877,0.95891,1.73,4.50
2012.05.28 14:11:40.923,0.95875,0.95889,3.38,1.50
2012.05.28 14:11:41.261,0.95879,0.95891,1.50,2.44
2012.05.28 14:11:41.787,0.95877,0.95891,1.50,2.44
2012.05.28 14:11:42.760,0.95876,0.9589,3.38,2.44
2012.05.28 14:11:43.297,0.95877,0.95889,1.50,1.50
2012.05.28 14:11:43.871,0.95876,0.9589,2.07,2.25
2012.05.28 14:11:45.848,0.95876,0.9589,1.88,2.44
2012.05.28 14:11:46.291,0.95875,0.95887,2.07,1.13
2012.05.28 14:11:46.651,0.95871,0.95879,2.25,1.50
2012.05.28 14:11:46.733,0.95869,0.95879,1.73,2.25
2012.05.28 14:11:47.387,0.95866,0.95877,2.25,1.50
2012.05.28 14:11:47.599,0.95866,0.95879,3.68,2.25
2012.05.28 14:11:48.406,0.95866,0.95879,2.18,1.50
2012.05.28 14:11:48.761,0.95866,0.95879,1.50,2.25
2012.05.28 14:11:49.327,0.95866,0.95878,3.00,2.25
2012.05.28 14:11:49.889,0.95866,0.95877,1.50,1.50
2012.05.28 14:11:50.651,0.95866,0.95877,1.13,2.25
2012.05.28 14:11:50.729,0.95864,0.95876,1.28,1.50
2012.05.28 14:11:51.011,0.95863,0.95874,1.33,1.50
2012.05.28 14:11:51.488,0.95862,0.95874,2.25,2.25
2012.05.28 14:11:52.297,0.95861,0.95873,2.25,1.50
2012.05.28 14:11:52.366,0.95861,0.95875,2.25,2.44
2012.05.28 14:11:52.507,0.95861,0.95875,2.25,2.44
2012.05.28 14:11:53.031,0.95861,0.95873,1.50,2.25
2012.05.28 14:11:59.123,0.95864,0.95877,1.50,1.69
2012.05.28 14:11:59.864,0.95861,0.95874,1.50,1.50
2012.05.28 14:12:00.386,0.95861,0.95873,2.25,1.50
2012.05.28 14:12:00.905,0.9586,0.95874,7.50,2.25
2012.05.28 14:12:01.398,0.9586,0.95871,6.00,1.50
2012.05.28 14:12:01.537,0.95859,0.95871,1.50,1.50
2012.05.28 14:12:02.045,0.95858,0.9587,1.13,1.50
2012.05.28 14:12:02.584,0.95859,0.95871,2.25,2.25
2012.05.28 14:12:02.727,0.95859,0.95873,2.25,3.00
2012.05.28 14:12:02.867,0.95862,0.95874,1.50,3.00
2012.05.28 14:12:03.387,0.9586,0.95874,3.00,1.50
2012.05.28 14:12:07.114,0.9586,0.95874,2.63,2.25
2012.05.28 14:12:07.468,0.95864,0.95876,1.50,1.69
2012.05.28 14:12:07.679,0.95861,0.95875,3.00,1.50
2012.05.28 14:12:07.890,0.95862,0.95874,1.88,1.50
2012.05.28 14:12:08.101,0.95864,0.95876,1.50,1.50
2012.05.28 14:12:08.639,0.95862,0.95876,2.78,1.50
2012.05.28 14:12:08.710,0.95863,0.95876,1.66,1.50
2012.05.28 14:12:09.249,0.95868,0.9588,1.50,1.88
2012.05.28 14:12:10.440,0.95868,0.95882,1.50,2.63
2012.05.28 14:12:10.511,0.9587,0.95882,1.50,3.38
2012.05.28 14:12:10.591,0.9587,0.95882,1.50,3.00
2012.05.28 14:12:10.669,0.95868,0.95881,2.25,1.50
2012.05.28 14:12:11.176,0.95868,0.9588,3.38,1.50
2012.05.28 14:12:11.688,0.95869,0.95881,2.25,1.50
2012.05.28 14:12:11.831,0.9587,0.95883,1.50,1.50
2012.05.28 14:12:12.357,0.95869,0.95883,2.25,2.25
2012.05.28 14:12:13.345,0.95869,0.95883,3.00,2.25
2012.05.28 14:12:17.324,0.95869,0.95883,3.00,2.25
2012.05.28 14:12:18.499,0.95869,0.95883,2.25,2.25
2012.05.28 14:12:19.637,0.95869,0.95883,2.25,2.25
2012.05.28 14:12:20.797,0.95869,0.95883,2.25,2.25
2012.05.28 14:12:21.326,0.95868,0.9588,2.44,1.50
2012.05.28 14:12:21.470,0.95868,0.95882,2.44,3.00
2012.05.28 14:12:21.737,0.95868,0.9588,2.44,1.50
2012.05.28 14:12:22.257,0.95869,0.95881,1.50,2.25
2012.05.28 14:12:23.115,0.95868,0.9588,2.25,1.50
2012.05.28 14:12:23.400,0.95865,0.95878,1.88,1.50
2012.05.28 14:12:23.541,0.95865,0.95876,1.88,1.50
2012.05.28 14:12:24.227,0.95865,0.95876,1.65,2.25
2012.05.28 14:12:25.996,0.95865,0.95876,1.65,2.25
2012.05.28 14:12:26.745,0.95866,0.95878,1.50,1.50
2012.05.28 14:12:27.664,0.95865,0.95878,1.88,1.50
2012.05.28 14:12:28.905,0.95865,0.95879,3.38,3.00
2012.05.28 14:12:28.975,0.95865,0.95877,3.38,1.50
2012.05.28 14:12:29.115,0.95865,0.95879,3.38,3.00
2012.05.28 14:12:29.306,0.95866,0.95878,1.50,2.25
2012.05.28 14:12:30.203,0.95865,0.95877,3.83,2.25
2012.05.28 14:12:33.015,0.95865,0.95879,3.00,2.25
2012.05.28 14:12:33.089,0.95868,0.9588,1.50,2.25
2012.05.28 14:12:33.759,0.95868,0.9588,1.50,2.25
2012.05.28 14:12:33.885,0.95865,0.95879,3.75,2.25
2012.05.28 14:12:34.386,0.95869,0.95881,1.50,2.25
2012.05.28 14:12:34.936,0.95868,0.95882,1.50,3.94
2012.05.28 14:12:35.322,0.95868,0.9588,1.50,3.00
2012.05.28 14:12:35.538,0.95866,0.95878,2.25,2.25
2012.05.28 14:12:36.029,0.95866,0.95878,1.50,3.00
2012.05.28 14:12:36.580,0.95865,0.95877,1.88,2.25
2012.05.28 14:12:37.106,0.95865,0.95877,1.50,2.25
2012.05.28 14:12:39.077,0.95865,0.95877,2.25,2.44
2012.05.28 14:12:41.708,0.95865,0.95877,1.88,2.25
2012.05.28 14:12:41.846,0.95864,0.95877,2.70,2.25
2012.05.28 14:12:41.916,0.95864,0.95877,2.70,1.50
2012.05.28 14:12:42.046,0.95864,0.95877,1.95,2.25
2012.05.28 14:12:42.177,0.95864,0.95877,1.13,2.25
2012.05.28 14:12:42.247,0.95863,0.95877,4.65,2.25
2012.05.28 14:12:42.660,0.95862,0.95874,2.82,3.00
2012.05.28 14:12:42.944,0.95859,0.95872,2.25,1.50
2012.05.28 14:12:43.502,0.95858,0.95871,1.50,3.00
2012.05.28 14:12:43.852,0.95857,0.95869,5.67,2.25
2012.05.28 14:12:44.138,0.95856,0.95867,2.44,1.50
2012.05.28 14:12:44.677,0.95856,0.95868,2.82,2.25
2012.05.28 14:12:46.539,0.95855,0.95865,1.80,1.50
2012.05.28 14:12:47.548,0.95855,0.95866,2.55,1.50
2012.05.28 14:12:48.032,0.95852,0.95863,1.95,1.50
2012.05.28 14:12:48.393,0.9585,0.95861,1.13,1.50
2012.05.28 14:12:48.612,0.95849,0.95859,4.88,1.50
2012.05.28 14:12:49.166,0.9585,0.9586,1.13,1.50
2012.05.28 14:12:49.669,0.95849,0.9586,5.03,2.25
2012.05.28 14:12:49.877,0.95847,0.9586,1.80,1.50
2012.05.28 14:12:50.417,0.95848,0.9586,1.65,3.75
2012.05.28 14:12:50.875,0.95848,0.95858,1.65,1.50
2012.05.28 14:12:50.947,0.95848,0.9586,1.65,3.75
2012.05.28 14:12:51.351,0.95848,0.95858,1.65,1.50
2012.05.28 14:12:51.931,0.95848,0.95859,1.88,1.50
2012.05.28 14:12:53.817,0.95849,0.95858,1.13,1.50
2012.05.28 14:12:54.157,0.95848,0.9586,1.88,1.50
2012.05.28 14:12:59.037,0.95849,0.95862,1.50,2.25
2012.05.28 14:12:59.600,0.95849,0.95861,2.25,1.50
2012.05.28 14:13:00.798,0.95848,0.9586,3.75,1.50
2012.05.28 14:13:01.271,0.95846,0.95858,4.13,1.50
2012.05.28 14:13:01.349,0.95846,0.95858,2.25,1.50
2012.05.28 14:13:01.901,0.95849,0.95861,2.25,3.57
2012.05.28 14:13:02.120,0.95847,0.95861,2.25,2.07
2012.05.28 14:13:02.189,0.95847,0.95861,3.00,1.69
2012.05.28 14:13:02.343,0.9585,0.95863,2.25,3.00
2012.05.28 14:13:02.897,0.9585,0.95861,1.50,1.50
2012.05.28 14:13:05.330,0.9585,0.95861,1.13,1.50
2012.05.28 14:13:05.870,0.95849,0.95861,1.50,1.50
2012.05.28 14:13:06.427,0.95848,0.95862,3.75,1.50
2012.05.28 14:13:07.160,0.95849,0.95862,1.88,1.50
2012.05.28 14:13:07.300,0.95851,0.95865,1.50,3.00
2012.05.28 14:13:07.807,0.95851,0.95865,2.25,3.75
2012.05.28 14:13:08.532,0.9585,0.95864,2.25,1.50
2012.05.28 14:13:08.880,0.95849,0.95861,4.13,1.50
2012.05.28 14:13:09.210,0.95851,0.95863,2.25,3.00
2012.05.28 14:13:09.748,0.95849,0.95861,6.75,1.50
2012.05.28 14:13:10.309,0.95849,0.95861,4.13,1.50
2012.05.28 14:13:11.698,0.95849,0.95858,1.50,1.50
2012.05.28 14:13:11.979,0.95844,0.95856,5.25,1.50
2012.05.28 14:13:12.519,0.95845,0.95857,1.88,1.50
2012.05.28 14:13:12.940,0.95845,0.95859,1.88,2.25
2012.05.28 14:13:13.932,0.95845,0.95859,1.50,3.19
2012.05.28 14:13:14.488,0.95843,0.95857,4.50,2.25
2012.05.28 14:13:15.049,0.95844,0.95856,2.25,1.50
2012.05.28 14:13:15.622,0.95843,0.95855,2.25,1.50
2012.05.28 14:13:15.982,0.95841,0.95853,6.38,1.50
2012.05.28 14:13:16.272,0.95841,0.95853,2.25,2.25
2012.05.28 14:13:16.409,0.9584,0.95851,1.13,1.50
2012.05.28 14:13:16.743,0.95839,0.95853,3.75,1.50
2012.05.28 14:13:16.820,0.9584,0.95853,1.13,1.50
2012.05.28 14:13:16.960,0.9584,0.95853,1.50,1.50
2012.05.28 14:13:17.516,0.9584,0.95852,3.00,1.50
2012.05.28 14:13:18.617,0.9584,0.95852,3.00,1.50
2012.05.28 14:13:19.296,0.95839,0.95853,4.50,2.25
2012.05.28 14:13:19.369,0.95839,0.95851,4.50,1.50
2012.05.28 14:13:20.816,0.95839,0.95852,1.88,1.50
2012.05.28 14:13:21.356,0.95839,0.95851,3.38,1.50
2012.05.28 14:13:21.696,0.95841,0.95853,1.88,1.50
2012.05.28 14:13:21.769,0.95839,0.95851,3.38,1.50
2012.05.28 14:13:21.908,0.9584,0.95854,1.88,3.19
2012.05.28 14:13:22.037,0.95839,0.95851,3.38,1.50
2012.05.28 14:13:22.447,0.9584,0.95854,1.88,4.50
2012.05.28 14:13:22.659,0.95839,0.9585,2.03,1.50
2012.05.28 14:13:22.955,0.95838,0.95849,1.50,1.50
2012.05.28 14:13:23.169,0.95834,0.95848,3.95,2.25
2012.05.28 14:13:23.240,0.95834,0.95848,3.58,3.75
2012.05.28 14:13:23.792,0.95834,0.95846,2.08,2.25
2012.05.28 14:13:26.539,0.95832,0.95844,2.44,1.50
2012.05.28 14:13:27.117,0.95831,0.95843,2.44,1.50
2012.05.28 14:13:27.665,0.95832,0.95844,2.25,1.50
2012.05.28 14:13:33.979,0.95831,0.95845,2.63,1.50
2012.05.28 14:13:36.110,0.95831,0.95845,4.50,1.50
2012.05.28 14:13:38.905,0.95831,0.95845,3.39,1.50
2012.05.28 14:13:41.649,0.95834,0.95846,1.50,2.25
2012.05.28 14:13:42.189,0.95835,0.95847,1.50,2.44
2012.05.28 14:13:42.708,0.95833,0.95847,2.25,2.44
2012.05.28 14:13:43.582,0.95834,0.95847,1.33,1.50
2012.05.28 14:13:43.937,0.95837,0.95849,1.73,1.50
2012.05.28 14:13:44.563,0.95835,0.95849,1.88,2.25
2012.05.28 14:13:45.128,0.95834,0.95848,2.44,1.50
2012.05.28 14:13:45.537,0.95834,0.95848,3.00,1.50
2012.05.28 14:13:46.080,0.95835,0.95848,1.50,1.50
2012.05.28 14:13:47.439,0.95836,0.95849,1.50,2.25
2012.05.28 14:13:47.859,0.95834,0.95846,2.63,1.50
2012.05.28 14:13:48.406,0.95835,0.95847,2.25,1.50
2012.05.28 14:13:48.720,0.95837,0.95847,1.13,1.50
2012.05.28 14:13:48.792,0.95836,0.9585,2.78,3.00
2012.05.28 14:13:49.141,0.95838,0.95851,1.50,1.88
2012.05.28 14:13:49.642,0.95839,0.95851,2.25,1.50
2012.05.28 14:13:50.176,0.95839,0.95851,2.44,1.50
2012.05.28 14:13:52.067,0.9584,0.95852,1.69,1.50
2012.05.28 14:13:55.438,0.95841,0.95854,1.50,1.50
2012.05.28 14:13:56.008,0.95841,0.95853,1.50,1.50
2012.05.28 14:14:03.937,0.95842,0.95854,1.50,1.50
2012.05.28 14:14:04.996,0.95841,0.95853,2.25,1.50
2012.05.28 14:14:05.811,0.95842,0.95854,2.25,1.50
2012.05.28 14:14:07.528,0.95841,0.95853,1.69,1.50
2012.05.28 14:14:08.375,0.95841,0.95855,1.69,1.50
2012.05.28 14:14:11.639,0.95842,0.95854,1.50,1.50
2012.05.28 14:14:17.237,0.95841,0.95855,2.44,1.50
2012.05.28 14:14:22.335,0.9584,0.95854,3.19,1.50
2012.05.28 14:14:22.862,0.95842,0.95854,1.50,1.50
2012.05.28 14:14:25.237,0.95842,0.95854,1.84,1.50
2012.05.28 14:14:25.447,0.95843,0.95857,1.95,1.50
2012.05.28 14:14:25.588,0.95843,0.95855,1.95,1.50
2012.05.28 14:14:25.658,0.95843,0.95855,1.65,1.50
2012.05.28 14:14:25.804,0.95843,0.95855,2.03,1.50
2012.05.28 14:14:25.880,0.95843,0.95855,2.63,1.50
2012.05.28 14:14:26.026,0.95843,0.95853,1.13,1.50
2012.05.28 14:14:26.170,0.95845,0.95857,1.50,1.50
2012.05.28 14:14:26.487,0.95846,0.95859,2.25,1.50
2012.05.28 14:14:26.565,0.95849,0.95861,1.50,3.94
2012.05.28 14:14:27.429,0.95847,0.95861,4.14,2.25
2012.05.28 14:14:29.280,0.95848,0.95862,2.25,1.50
2012.05.28 14:14:29.419,0.95851,0.95863,1.50,1.50
2012.05.28 14:14:31.408,0.95851,0.95864,1.50,1.13
2012.05.28 14:14:31.929,0.95851,0.95863,1.50,1.50
2012.05.28 14:14:33.907,0.95849,0.95866,1.50,3.19
2012.05.28 14:14:34.756,0.95849,0.95866,1.69,3.00
2012.05.28 14:14:35.865,0.95848,0.95866,6.57,3.00
2012.05.28 14:14:37.147,0.95849,0.95866,1.69,3.00
2012.05.28 14:14:37.730,0.95849,0.95865,1.50,3.94
2012.05.28 14:14:39.595,0.95849,0.95865,1.50,2.44
2012.05.28 14:14:41.378,0.95849,0.95865,1.50,2.44
2012.05.28 14:14:41.519,0.95849,0.95865,1.50,2.44
2012.05.28 14:14:46.715,0.9585,0.95865,1.88,1.50
2012.05.28 14:14:47.483,0.9585,0.95865,1.88,1.50
2012.05.28 14:14:48.048,0.95851,0.95867,2.25,1.13
2012.05.28 14:14:49.017,0.9585,0.95869,2.82,7.88
2012.05.28 14:14:49.658,0.95851,0.95867,1.69,1.50
2012.05.28 14:14:50.863,0.9585,0.95868,3.19,3.38
2012.05.28 14:14:51.147,0.95851,0.95868,2.44,3.38
2012.05.28 14:14:51.428,0.95851,0.95868,1.69,4.13
2012.05.28 14:14:51.827,0.95852,0.95868,2.25,2.63
2012.05.28 14:14:53.306,0.95852,0.95868,1.50,3.38
2012.05.28 14:14:53.508,0.95851,0.95868,2.44,6.38
2012.05.28 14:14:54.086,0.9585,0.95868,1.69,4.13
2012.05.28 14:14:57.478,0.95851,0.95868,2.63,4.32
2012.05.28 14:15:00.105,0.95851,0.95867,1.13,2.44
2012.05.28 14:15:00.848,0.95849,0.95865,5.74,2.63
2012.05.28 14:15:00.976,0.95849,0.95865,5.07,2.63
2012.05.28 14:15:01.966,0.95849,0.95866,3.57,1.88
2012.05.28 14:15:02.289,0.95851,0.95866,2.25,1.13
2012.05.28 14:15:02.877,0.95852,0.95867,1.13,2.25
2012.05.28 14:15:06.698,0.95852,0.95868,1.13,3.94
2012.05.28 14:15:07.304,0.95851,0.95868,1.88,1.69
2012.05.28 14:15:08.209,0.95851,0.95867,1.88,2.44
2012.05.28 14:15:08.892,0.95851,0.95867,1.13,1.69
2012.05.28 14:15:09.970,0.95851,0.95867,1.13,2.07
2012.05.28 14:15:10.309,0.95849,0.95863,3.38,2.25
2012.05.28 14:15:10.379,0.95849,0.95863,1.13,2.44
2012.05.28 14:15:10.906,0.9585,0.95864,1.50,2.44
2012.05.28 14:15:11.481,0.95849,0.95862,1.50,1.50
2012.05.28 14:15:12.038,0.9585,0.95864,1.50,2.44
2012.05.28 14:15:12.371,0.95849,0.95861,2.63,1.50
2012.05.28 14:15:12.734,0.95855,0.95868,2.25,1.50
2012.05.28 14:15:13.241,0.95859,0.95868,1.50,1.50
2012.05.28 14:15:13.919,0.95861,0.95872,1.50,1.50
2012.05.28 14:15:14.193,0.95859,0.95873,2.25,1.69
2012.05.28 14:15:14.411,0.95861,0.95873,1.50,1.69
2012.05.28 14:15:14.771,0.95862,0.95874,2.25,1.50
2012.05.28 14:15:14.977,0.95862,0.95876,2.25,1.69
2012.05.28 14:15:15.878,0.95861,0.95875,3.57,1.50
2012.05.28 14:15:18.118,0.95861,0.95873,2.82,1.50
2012.05.28 14:15:18.798,0.95862,0.95874,2.25,1.50
2012.05.28 14:15:19.297,0.95862,0.95874,2.55,1.50
2012.05.28 14:15:19.368,0.95863,0.95877,2.55,2.63
2012.05.28 14:15:19.886,0.95863,0.95877,3.75,1.88
2012.05.28 14:15:20.439,0.95863,0.95875,3.01,1.50
2012.05.28 14:15:20.948,0.95864,0.95876,1.50,1.50
2012.05.28 14:15:21.305,0.95867,0.9588,2.25,3.00
2012.05.28 14:15:21.662,0.95868,0.95882,3.00,3.60
2012.05.28 14:15:21.941,0.95869,0.95882,3.38,3.23
2012.05.28 14:15:22.291,0.95873,0.95883,1.50,1.20
2012.05.28 14:15:22.441,0.95873,0.95885,1.50,1.15
2012.05.28 14:15:22.578,0.95871,0.95884,1.69,1.50
2012.05.28 14:15:23.154,0.95873,0.95885,1.50,1.50
2012.05.28 14:15:23.719,0.95874,0.95887,1.50,1.50
2012.05.28 14:15:23.788,0.95876,0.95888,1.50,1.50
2012.05.28 14:15:24.144,0.95876,0.95888,5.63,1.50
2012.05.28 14:15:24.493,0.95881,0.95888,2.25,1.50
2012.05.28 14:15:24.642,0.95881,0.95893,3.75,1.50
2012.05.28 14:15:25.206,0.95883,0.95894,1.50,1.13
2012.05.28 14:15:25.867,0.95883,0.95895,1.50,2.07
2012.05.28 14:15:25.951,0.95883,0.95894,2.18,1.50
2012.05.28 14:15:26.162,0.95885,0.95899,2.25,2.25
2012.05.28 14:15:26.244,0.95885,0.95899,3.00,2.25
2012.05.28 14:15:26.460,0.95888,0.959,1.50,1.13
2012.05.28 14:15:27.007,0.95889,0.95902,2.25,3.00
2012.05.28 14:15:27.562,0.95888,0.959,2.25,3.75
2012.05.28 14:15:27.911,0.95885,0.95899,3.00,2.63
2012.05.28 14:15:28.658,0.95885,0.95897,4.05,2.25
2012.05.28 14:15:29.247,0.95886,0.95898,2.25,2.63
2012.05.28 14:15:29.766,0.95885,0.95897,3.38,1.50
2012.05.28 14:15:34.118,0.95885,0.95897,2.93,1.50
2012.05.28 14:15:34.989,0.95884,0.95895,3.15,2.25
2012.05.28 14:15:36.331,0.95884,0.95895,1.43,1.50
2012.05.28 14:15:36.719,0.95883,0.95892,2.03,1.50
2012.05.28 14:15:37.256,0.95883,0.95893,1.43,1.50
2012.05.28 14:15:37.718,0.95883,0.95895,3.15,2.25
2012.05.28 14:15:38.238,0.95883,0.95894,1.43,2.25
2012.05.28 14:15:39.580,0.95882,0.95894,3.68,1.50
2012.05.28 14:15:40.087,0.95882,0.95894,3.68,2.25
2012.05.28 14:15:41.646,0.95882,0.95894,3.68,1.50
2012.05.28 14:15:42.209,0.95882,0.95894,3.90,1.50
2012.05.28 14:15:42.754,0.95882,0.95896,4.13,1.88
2012.05.28 14:15:43.295,0.95882,0.95896,4.92,1.50
2012.05.28 14:15:43.645,0.95882,0.95894,4.92,1.50
2012.05.28 14:15:45.395,0.95884,0.95894,1.20,1.50
2012.05.28 14:15:45.478,0.95885,0.95897,1.50,3.38
2012.05.28 14:15:45.760,0.95885,0.95899,2.25,2.44
2012.05.28 14:15:46.596,0.95884,0.95898,2.25,1.69
2012.05.28 14:15:47.119,0.95885,0.95897,2.25,2.25
2012.05.28 14:15:47.381,0.95888,0.95898,1.50,1.13
2012.05.28 14:15:47.718,0.9589,0.959,1.50,2.25
2012.05.28 14:15:47.892,0.95888,0.959,1.50,3.75
2012.05.28 14:15:48.029,0.95887,0.95901,2.25,5.44
2012.05.28 14:15:49.580,0.95887,0.95901,3.75,2.25
2012.05.28 14:15:49.936,0.95892,0.95901,2.03,1.50
2012.05.28 14:15:50.388,0.95895,0.95907,3.75,1.69
2012.05.28 14:15:50.896,0.95895,0.95907,3.00,1.50
2012.05.28 14:15:51.550,0.95896,0.95907,1.50,1.50
2012.05.28 14:15:51.689,0.95898,0.9591,2.25,1.50
2012.05.28 14:15:51.759,0.959,0.95912,1.50,4.17
2012.05.28 14:15:52.112,0.959,0.95912,4.32,1.50
2012.05.28 14:15:52.408,0.95902,0.95916,3.00,3.38
2012.05.28 14:15:52.951,0.95902,0.95916,3.00,2.63
2012.05.28 14:15:53.519,0.95903,0.95915,4.50,1.50
2012.05.28 14:15:54.130,0.95903,0.95916,2.25,1.88
2012.05.28 14:15:55.069,0.95905,0.95917,2.25,3.75
2012.05.28 14:15:55.419,0.95907,0.95918,1.50,1.50
2012.05.28 14:15:55.910,0.95909,0.95923,2.25,1.69
2012.05.28 14:15:56.336,0.95908,0.9592,1.50,1.50
2012.05.28 14:15:56.838,0.95907,0.95919,3.75,1.50
2012.05.28 14:15:57.161,0.95907,0.95921,3.75,1.50
2012.05.28 14:15:57.697,0.95909,0.95923,2.25,3.19
2012.05.28 14:15:58.929,0.95907,0.95919,3.75,1.50
2012.05.28 14:15:59.138,0.95905,0.95918,2.25,1.50
2012.05.28 14:16:00.476,0.95905,0.95919,3.00,2.25
2012.05.28 14:16:02.039,0.95908,0.9592,2.25,2.25
2012.05.28 14:16:03.099,0.95905,0.95918,2.44,1.50
2012.05.28 14:16:03.661,0.95905,0.95919,3.94,2.25
2012.05.28 14:16:04.632,0.95905,0.95917,3.19,1.50
2012.05.28 14:16:05.261,0.95905,0.95918,1.50,1.50
2012.05.28 14:16:07.828,0.95905,0.95919,3.00,1.50
2012.05.28 14:16:08.347,0.95906,0.95918,2.25,1.50
2012.05.28 14:16:09.405,0.95905,0.95919,2.25,1.50
2012.05.28 14:16:09.727,0.95905,0.95917,2.25,1.50
2012.05.28 14:16:10.683,0.95905,0.95919,2.25,3.00
2012.05.28 14:16:10.946,0.95905,0.95917,2.25,1.50
2012.05.28 14:16:14.217,0.95904,0.95917,1.69,1.50
2012.05.28 14:16:14.895,0.95904,0.95918,3.19,1.50
2012.05.28 14:16:15.409,0.95905,0.95919,2.25,2.25
2012.05.28 14:16:17.329,0.95904,0.95916,3.00,1.50
2012.05.28 14:16:17.538,0.95905,0.95919,2.25,2.44
2012.05.28 14:16:18.828,0.95906,0.95919,1.50,2.44
2012.05.28 14:16:19.162,0.95906,0.95917,1.50,2.25
2012.05.28 14:16:19.518,0.95906,0.95914,1.50,1.50
2012.05.28 14:16:20.020,0.95906,0.95915,1.50,2.25
2012.05.28 14:16:20.351,0.95904,0.95911,1.13,1.50
2012.05.28 14:16:20.433,0.95901,0.95911,1.50,2.25
2012.05.28 14:16:20.652,0.95901,0.9591,1.50,1.50
2012.05.28 14:16:20.871,0.95897,0.95911,2.44,2.25
2012.05.28 14:16:21.440,0.95896,0.95907,2.25,1.50
2012.05.28 14:16:23.331,0.95897,0.95909,2.25,1.50
2012.05.28 14:16:23.847,0.95898,0.9591,2.25,2.25
2012.05.28 14:16:24.387,0.95897,0.95909,2.25,1.50
2012.05.28 14:16:24.527,0.95897,0.95911,2.25,2.25
2012.05.28 14:16:25.049,0.95899,0.95911,2.25,2.25
2012.05.28 14:16:25.119,0.95898,0.9591,1.69,2.25
2012.05.28 14:16:27.568,0.95897,0.95909,1.50,1.50
2012.05.28 14:16:28.112,0.95897,0.95908,1.50,1.50
2012.05.28 14:16:29.482,0.95897,0.95911,2.25,3.00
2012.05.28 14:16:29.828,0.95897,0.95909,2.25,1.50
2012.05.28 14:16:30.167,0.95897,0.95909,2.25,1.50
2012.05.28 14:16:30.709,0.95899,0.9591,1.13,1.50
2012.05.28 14:16:32.262,0.95898,0.95911,2.25,2.25
2012.05.28 14:16:32.990,0.95899,0.9591,1.69,1.50
2012.05.28 14:16:33.516,0.95899,0.95911,1.69,2.25
2012.05.28 14:16:34.039,0.95899,0.9591,1.69,1.50
2012.05.28 14:16:34.496,0.95899,0.9591,1.69,1.50
2012.05.28 14:16:34.703,0.95899,0.9591,1.69,1.50
2012.05.28 14:16:34.779,0.95899,0.95912,3.19,1.50
2012.05.28 14:16:35.669,0.95897,0.95911,3.00,2.25
2012.05.28 14:16:36.210,0.95897,0.95909,3.00,3.00
2012.05.28 14:16:37.996,0.95898,0.9591,2.25,2.25
2012.05.28 14:16:38.815,0.95897,0.95909,3.00,1.50
2012.05.28 14:16:44.677,0.95897,0.95911,3.00,2.25
2012.05.28 14:16:45.946,0.95897,0.9591,1.50,2.25
2012.05.28 14:16:46.508,0.95897,0.95911,3.00,2.25
2012.05.28 14:16:46.649,0.95897,0.95911,3.00,2.25
2012.05.28 14:16:47.267,0.95897,0.95909,1.50,2.25
2012.05.28 14:16:47.340,0.95897,0.95909,1.50,2.25
2012.05.28 14:16:47.415,0.95897,0.95907,1.50,1.50
2012.05.28 14:16:47.937,0.95897,0.95907,1.50,1.50
2012.05.28 14:16:48.289,0.95897,0.95909,1.50,3.00
2012.05.28 14:16:49.270,0.95897,0.95909,1.50,2.25
2012.05.28 14:16:49.469,0.95895,0.95908,2.63,2.25
2012.05.28 14:16:49.957,0.95898,0.9591,2.25,2.25
2012.05.28 14:16:50.100,0.95897,0.95909,2.25,1.50
2012.05.28 14:16:50.171,0.95897,0.95911,3.00,2.25
2012.05.28 14:16:50.726,0.95898,0.9591,2.25,2.25
2012.05.28 14:16:53.257,0.95898,0.9591,2.25,2.25
2012.05.28 14:16:56.049,0.95898,0.9591,2.25,1.50
2012.05.28 14:16:56.598,0.95898,0.9591,2.25,1.50
2012.05.28 14:16:57.149,0.95899,0.95911,2.25,1.50
2012.05.28 14:16:57.812,0.959,0.95912,2.25,1.50
2012.05.28 14:16:58.027,0.95899,0.95911,2.25,1.50
2012.05.28 14:16:58.164,0.959,0.95914,2.25,3.38
2012.05.28 14:16:58.820,0.95901,0.95914,2.25,1.13
2012.05.28 14:16:59.357,0.959,0.95914,2.25,2.63
2012.05.28 14:16:59.957,0.959,0.95912,2.25,1.50
2012.05.28 14:17:00.820,0.95901,0.95913,2.25,2.25
2012.05.28 14:17:01.517,0.95899,0.95913,3.00,2.25
2012.05.28 14:17:02.145,0.95899,0.95913,2.25,2.25
2012.05.28 14:17:02.349,0.95897,0.95909,4.69,1.50
2012.05.28 14:17:02.898,0.95898,0.9591,3.19,1.50
2012.05.28 14:17:07.508,0.95898,0.9591,3.00,1.50
2012.05.28 14:17:07.769,0.95899,0.95912,1.50,2.25
2012.05.28 14:17:08.309,0.95899,0.95912,1.50,3.75
2012.05.28 14:17:08.375,0.95899,0.9591,1.50,1.50
2012.05.28 14:17:11.998,0.959,0.9591,1.50,1.50
2012.05.28 14:17:12.127,0.959,0.95912,1.50,1.50
2012.05.28 14:17:17.129,0.959,0.9591,2.25,1.50
2012.05.28 14:17:17.268,0.959,0.95913,2.25,2.25
2012.05.28 14:17:17.785,0.959,0.95912,3.75,1.50
2012.05.28 14:17:21.737,0.95899,0.95911,3.19,1.50
2012.05.28 14:17:21.932,0.95898,0.95909,4.13,1.50
2012.05.28 14:17:22.125,0.95898,0.95911,3.75,1.50
2012.05.28 14:17:26.019,0.95898,0.95909,1.50,1.50
2012.05.28 14:17:26.482,0.95898,0.95911,1.50,2.25
2012.05.28 14:17:26.618,0.95898,0.95909,1.50,1.50
2012.05.28 14:17:27.246,0.95898,0.95911,1.50,2.25
2012.05.28 14:17:27.808,0.95898,0.9591,1.50,1.50
2012.05.28 14:17:28.368,0.95898,0.95911,1.50,2.25
2012.05.28 14:17:28.915,0.95898,0.95911,1.50,2.25
2012.05.28 14:17:29.108,0.95898,0.95909,1.50,1.50
2012.05.28 14:17:29.357,0.95899,0.95913,2.25,3.00
2012.05.28 14:17:32.506,0.95897,0.95911,3.94,1.50
2012.05.28 14:17:35.488,0.95897,0.95909,3.19,1.50
2012.05.28 14:17:35.998,0.95897,0.95909,1.50,1.50
2012.05.28 14:17:36.527,0.95897,0.95908,2.25,1.50
2012.05.28 14:17:37.377,0.95897,0.95911,3.75,3.75
2012.05.28 14:17:38.091,0.95897,0.95909,3.75,1.50
2012.05.28 14:17:40.107,0.95897,0.95909,3.75,1.50
2012.05.28 14:17:40.402,0.9589,0.95903,1.28,3.75
2012.05.28 14:17:40.978,0.95889,0.95902,1.50,3.75
2012.05.28 14:17:41.360,0.95887,0.95899,3.75,1.50
2012.05.28 14:17:41.908,0.95887,0.95901,3.38,1.50
2012.05.28 14:17:42.436,0.95888,0.959,3.00,1.50
2012.05.28 14:17:42.899,0.95889,0.95902,2.25,1.50
2012.05.28 14:17:43.526,0.95889,0.95903,2.25,3.37
2012.05.28 14:17:44.119,0.95889,0.95903,1.50,2.25
2012.05.28 14:17:44.969,0.95889,0.95903,1.50,4.12
2012.05.28 14:17:45.508,0.95888,0.959,1.50,1.50
2012.05.28 14:17:46.339,0.95888,0.95901,1.50,2.25
2012.05.28 14:17:47.028,0.95888,0.95901,1.50,1.50
2012.05.28 14:17:47.990,0.95888,0.95901,1.50,1.50
2012.05.28 14:17:48.378,0.9589,0.95904,2.25,5.63
2012.05.28 14:17:48.938,0.95889,0.95901,1.50,1.50
2012.05.28 14:17:49.459,0.9589,0.95902,1.50,1.50
2012.05.28 14:17:52.498,0.9589,0.95902,2.25,1.50
2012.05.28 14:17:52.748,0.9589,0.95904,1.50,3.75
2012.05.28 14:17:52.887,0.9589,0.95902,1.50,1.50
2012.05.28 14:17:53.238,0.9589,0.95903,1.50,1.50
2012.05.28 14:17:54.107,0.9589,0.95903,1.88,1.50
2012.05.28 14:17:54.615,0.9589,0.95903,1.13,1.50
2012.05.28 14:17:55.041,0.9589,0.95901,1.13,1.50
2012.05.28 14:17:55.757,0.9589,0.95903,1.13,1.50
2012.05.28 14:17:56.938,0.95889,0.959,1.50,1.50
2012.05.28 14:17:57.458,0.95889,0.95901,1.50,1.50
2012.05.28 14:18:01.328,0.95889,0.95903,3.19,1.50
2012.05.28 14:18:02.156,0.9589,0.95902,2.25,1.50
2012.05.28 14:18:02.311,0.9589,0.95902,5.63,1.50
2012.05.28 14:18:02.695,0.95895,0.95902,2.25,1.50
2012.05.28 14:18:02.777,0.95896,0.95905,3.00,1.50
2012.05.28 14:18:02.923,0.95897,0.95908,2.44,1.50
2012.05.28 14:18:03.000,0.95896,0.9591,5.25,2.25
2012.05.28 14:18:03.570,0.95897,0.95911,2.44,1.50
2012.05.28 14:18:03.920,0.95895,0.95908,2.63,1.50
2012.05.28 14:18:04.451,0.95897,0.95909,2.25,1.50
2012.05.28 14:18:05.206,0.95897,0.95911,2.25,1.50
2012.05.28 14:18:05.766,0.95896,0.9591,1.50,1.50
2012.05.28 14:18:05.908,0.95898,0.9591,1.65,1.50
2012.05.28 14:18:06.037,0.95897,0.95909,1.50,1.50
2012.05.28 14:18:06.107,0.95897,0.95911,1.50,1.50
2012.05.28 14:18:06.617,0.95898,0.9591,2.44,1.50
2012.05.28 14:18:08.177,0.95898,0.95912,2.44,1.50
2012.05.28 14:18:08.513,0.95898,0.95912,2.44,1.50
2012.05.28 14:18:09.018,0.95899,0.95911,2.25,1.50
2012.05.28 14:18:09.407,0.95897,0.95909,3.19,1.50
2012.05.28 14:18:09.538,0.95897,0.95911,4.69,1.50
2012.05.28 14:18:09.677,0.959,0.95912,1.50,1.50
2012.05.28 14:18:10.075,0.95898,0.95912,1.69,1.50
2012.05.28 14:18:11.537,0.95898,0.95912,2.44,2.25
2012.05.28 14:18:13.286,0.95899,0.95911,1.50,1.50
2012.05.28 14:18:14.680,0.95897,0.95909,4.32,1.50
2012.05.28 14:18:15.282,0.95898,0.9591,2.44,1.50
2012.05.28 14:18:16.189,0.95897,0.9591,1.13,1.50
2012.05.28 14:18:18.636,0.95897,0.95911,2.63,2.44
2012.05.28 14:18:20.047,0.95897,0.95911,2.63,1.50
2012.05.28 14:18:20.659,0.95897,0.95911,2.63,2.25
2012.05.28 14:18:21.930,0.95897,0.95909,2.63,1.50
2012.05.28 14:18:22.055,0.95897,0.95911,2.63,2.25
2012.05.28 14:18:24.107,0.95897,0.95911,3.38,1.50
2012.05.28 14:18:26.611,0.959,0.95912,2.25,1.50
2012.05.28 14:18:26.888,0.95902,0.95916,3.00,2.63
2012.05.28 14:18:27.446,0.95904,0.95916,2.25,1.50
2012.05.28 14:18:27.967,0.95903,0.95915,2.25,1.50
2012.05.28 14:18:28.506,0.95903,0.95915,2.25,1.50
2012.05.28 14:18:28.638,0.95903,0.95917,2.25,2.25
2012.05.28 14:18:30.461,0.95905,0.95917,1.50,1.50
2012.05.28 14:18:30.829,0.95903,0.95917,2.25,1.50
2012.05.28 14:18:31.329,0.95905,0.95918,3.00,1.69
2012.05.28 14:18:31.667,0.95909,0.9592,1.50,3.00
2012.05.28 14:18:31.917,0.95909,0.95921,1.50,2.25
2012.05.28 14:18:32.388,0.95907,0.95921,1.50,2.25
2012.05.28 14:18:32.891,0.95907,0.95921,1.50,2.25
2012.05.28 14:18:33.493,0.95909,0.95923,1.50,3.19
2012.05.28 14:18:33.747,0.95909,0.95923,1.50,2.25
2012.05.28 14:18:34.757,0.95909,0.95921,1.50,1.50
2012.05.28 14:18:36.060,0.95909,0.95921,2.40,1.50
2012.05.28 14:18:36.269,0.95912,0.95924,2.55,1.50
2012.05.28 14:18:36.416,0.95914,0.95928,2.25,3.57
2012.05.28 14:18:36.561,0.95913,0.95925,1.80,2.25
2012.05.28 14:18:36.851,0.95912,0.95925,1.80,2.25
2012.05.28 14:18:37.531,0.95913,0.95925,2.18,2.25
2012.05.28 14:18:37.599,0.95915,0.95927,1.50,3.19
2012.05.28 14:18:38.127,0.95914,0.95926,1.50,1.50
2012.05.28 14:18:39.548,0.95914,0.95926,2.25,2.25
2012.05.28 14:18:40.438,0.95913,0.95924,1.43,1.50
2012.05.28 14:18:41.917,0.95912,0.95924,2.93,1.50
2012.05.28 14:18:42.057,0.95914,0.95927,1.50,2.44
2012.05.28 14:18:42.576,0.95914,0.95928,1.50,1.50
2012.05.28 14:18:43.117,0.95913,0.95927,3.75,1.50
2012.05.28 14:18:43.945,0.95913,0.95927,2.25,1.50
2012.05.28 14:18:44.917,0.95913,0.95927,1.50,1.50
2012.05.28 14:18:45.477,0.95913,0.95927,2.25,1.50
2012.05.28 14:18:46.856,0.95914,0.95928,2.25,1.50
2012.05.28 14:18:47.718,0.95913,0.95927,2.25,1.50
2012.05.28 14:18:49.552,0.95914,0.95928,1.50,3.00
2012.05.28 14:18:50.098,0.95913,0.95927,2.25,2.25
2012.05.28 14:18:50.357,0.95915,0.95927,1.50,2.25
2012.05.28 14:18:50.491,0.95913,0.95927,2.25,2.25
2012.05.28 14:18:50.930,0.95915,0.95927,2.25,1.50
2012.05.28 14:18:51.278,0.95917,0.95931,1.50,3.19
2012.05.28 14:18:51.349,0.95917,0.95929,1.50,1.50
2012.05.28 14:18:52.101,0.95916,0.95928,1.50,2.25
2012.05.28 14:18:57.250,0.95915,0.95929,2.25,2.25
2012.05.28 14:18:58.699,0.95915,0.95927,2.25,1.50
2012.05.28 14:18:59.247,0.95915,0.95927,2.25,2.25
2012.05.28 14:18:59.601,0.9592,0.9593,1.50,2.44
2012.05.28 14:18:59.672,0.95918,0.95931,3.00,4.50
2012.05.28 14:18:59.809,0.9592,0.95931,1.50,3.00
2012.05.28 14:18:59.879,0.95918,0.95929,1.50,1.69
2012.05.28 14:19:00.468,0.95917,0.95931,2.25,1.50
2012.05.28 14:19:00.685,0.95917,0.95929,2.25,1.50
2012.05.28 14:19:01.168,0.95916,0.95928,2.40,1.50
2012.05.28 14:19:01.510,0.95918,0.95931,1.58,1.50
2012.05.28 14:19:02.189,0.95918,0.95931,2.03,1.50
2012.05.28 14:19:02.719,0.95918,0.95931,2.23,1.50
2012.05.28 14:19:04.657,0.9592,0.95932,2.33,1.50
2012.05.28 14:19:05.200,0.9592,0.95932,2.70,2.25
2012.05.28 14:19:06.150,0.95922,0.95934,1.50,1.13
2012.05.28 14:19:06.667,0.95923,0.95935,1.50,2.44
2012.05.28 14:19:06.947,0.95921,0.95935,1.50,2.44
2012.05.28 14:19:07.372,0.95925,0.95939,1.50,2.44
2012.05.28 14:19:09.026,0.95925,0.95937,1.88,4.50
2012.05.28 14:19:09.105,0.95926,0.95937,1.98,2.25
2012.05.28 14:19:09.255,0.9593,0.95937,1.50,1.50
2012.05.28 14:19:09.611,0.95934,0.95946,2.63,3.70
2012.05.28 14:19:09.761,0.95937,0.95946,2.25,1.80
2012.05.28 14:19:09.845,0.95939,0.95949,1.50,2.42
2012.05.28 14:19:10.204,0.95941,0.95951,1.13,3.19
2012.05.28 14:19:10.712,0.9594,0.95953,1.50,3.00
2012.05.28 14:19:10.934,0.9594,0.95953,1.28,4.50
2012.05.28 14:19:11.503,0.95942,0.95954,1.50,2.44
2012.05.28 14:19:12.014,0.9594,0.95953,1.20,3.75
2012.05.28 14:19:12.580,0.9594,0.95951,1.20,2.25
2012.05.28 14:19:12.721,0.95943,0.95952,1.50,1.50
2012.05.28 14:19:12.862,0.9594,0.95952,1.20,3.00
2012.05.28 14:19:13.282,0.9594,0.95952,1.20,2.25
2012.05.28 14:19:13.840,0.9594,0.9595,1.20,1.50
2012.05.28 14:19:14.402,0.9594,0.95949,1.20,1.50
2012.05.28 14:19:14.969,0.95941,0.95949,1.20,2.25
2012.05.28 14:19:15.291,0.9594,0.9595,1.20,3.00
2012.05.28 14:19:15.356,0.95941,0.9595,1.20,3.00
2012.05.28 14:19:15.884,0.95941,0.9595,1.13,3.00
2012.05.28 14:19:16.549,0.95938,0.95944,1.88,1.50
2012.05.28 14:19:16.689,0.95938,0.95947,1.88,2.25
2012.05.28 14:19:17.288,0.95938,0.95948,1.50,5.25
2012.05.28 14:19:17.430,0.95934,0.95946,3.00,2.25
2012.05.28 14:19:17.978,0.95935,0.95947,2.25,1.50
2012.05.28 14:19:18.189,0.95935,0.95947,2.25,1.50
2012.05.28 14:19:18.717,0.95934,0.95946,3.00,1.50
2012.05.28 14:19:19.269,0.95935,0.95947,2.25,1.50
2012.05.28 14:19:19.827,0.95935,0.95948,1.50,2.25
2012.05.28 14:19:20.338,0.95936,0.95948,2.25,2.25
2012.05.28 14:19:21.497,0.95936,0.95946,1.50,1.50
2012.05.28 14:19:22.027,0.95936,0.95947,1.50,1.50
2012.05.28 14:19:22.912,0.95935,0.95947,2.25,1.50
2012.05.28 14:19:23.458,0.95935,0.95948,1.50,2.25
2012.05.28 14:19:23.743,0.95934,0.95948,2.25,2.25
2012.05.28 14:19:24.251,0.95933,0.95943,1.50,1.50
2012.05.28 14:19:24.332,0.95932,0.95943,1.89,1.50
2012.05.28 14:19:24.407,0.95932,0.95945,1.50,1.50
2012.05.28 14:19:24.966,0.95933,0.95946,2.63,1.50
2012.05.28 14:19:25.486,0.95933,0.95943,1.13,2.25
2012.05.28 14:19:26.928,0.95932,0.95944,3.38,2.25
2012.05.28 14:19:27.007,0.95932,0.95942,1.88,1.50
2012.05.28 14:19:27.080,0.95932,0.95942,1.88,1.50
2012.05.28 14:19:27.637,0.95933,0.95943,1.13,2.25
2012.05.28 14:19:33.027,0.95932,0.95943,1.65,2.25
2012.05.28 14:19:33.240,0.95931,0.95941,1.05,3.00
2012.05.28 14:19:34.506,0.95931,0.95938,1.80,1.50
2012.05.28 14:19:34.648,0.95931,0.9594,1.80,1.50
2012.05.28 14:19:35.884,0.95931,0.95941,2.03,1.50
2012.05.28 14:19:36.172,0.95933,0.95943,5.25,2.25
2012.05.28 14:19:36.319,0.95933,0.95945,2.25,1.69
2012.05.28 14:19:36.857,0.95933,0.95944,1.50,2.25
2012.05.28 14:19:39.807,0.95934,0.95946,1.50,3.19
2012.05.28 14:19:41.020,0.95934,0.95946,1.50,3.19
2012.05.28 14:19:41.582,0.95932,0.95943,2.25,2.25
2012.05.28 14:19:54.297,0.95933,0.95943,1.28,2.25
2012.05.28 14:19:57.988,0.95932,0.95943,2.03,2.25
2012.05.28 14:19:58.429,0.95932,0.95945,2.03,2.25
2012.05.28 14:19:58.709,0.95935,0.95946,1.50,3.38
2012.05.28 14:19:59.129,0.95933,0.95946,2.25,1.13
2012.05.28 14:19:59.198,0.95933,0.95946,2.78,2.63
2012.05.28 14:19:59.716,0.95933,0.95946,2.25,1.88
2012.05.28 14:20:00.255,0.95933,0.95946,2.78,2.63
2012.05.28 14:20:00.797,0.95933,0.95946,2.78,1.88
2012.05.28 14:20:02.327,0.95934,0.95946,1.50,1.50
2012.05.28 14:20:02.684,0.95937,0.95948,1.50,1.13
2012.05.28 14:20:02.828,0.95935,0.95948,3.75,1.13
2012.05.28 14:20:03.280,0.95934,0.95945,2.25,2.25
2012.05.28 14:20:03.831,0.95931,0.95943,2.55,3.00
2012.05.28 14:20:04.521,0.95931,0.95943,2.55,3.00
2012.05.28 14:20:04.592,0.95931,0.95943,1.50,3.75
2012.05.28 14:20:05.160,0.9593,0.95942,1.50,3.00
2012.05.28 14:20:06.132,0.9593,0.95942,1.50,1.69
2012.05.28 14:20:06.705,0.9593,0.95942,3.00,3.19
2012.05.28 14:20:07.227,0.9593,0.95942,3.00,3.19
2012.05.28 14:20:08.378,0.95933,0.95944,1.50,1.13
2012.05.28 14:20:08.449,0.95933,0.95944,1.50,1.13
2012.05.28 14:20:08.774,0.95933,0.95944,1.50,1.13
2012.05.28 14:20:08.854,0.95927,0.95942,3.00,2.25
2012.05.28 14:20:09.378,0.9593,0.95941,1.50,1.50
2012.05.28 14:20:09.968,0.9593,0.95943,1.50,2.25
2012.05.28 14:20:11.030,0.95931,0.95945,2.25,2.63
2012.05.28 14:20:11.172,0.95931,0.95945,3.75,1.88
2012.05.28 14:20:12.898,0.95933,0.95946,2.25,1.50
2012.05.28 14:20:13.410,0.95932,0.95944,2.25,1.50
2012.05.28 14:20:13.479,0.95933,0.95947,3.75,2.63
2012.05.28 14:20:13.618,0.95934,0.95947,2.25,1.13
2012.05.28 14:20:14.177,0.95934,0.95946,2.25,2.25
2012.05.28 14:20:15.377,0.95934,0.95946,2.25,2.25
2012.05.28 14:20:15.917,0.95934,0.95946,2.25,2.25
2012.05.28 14:20:17.717,0.95934,0.95948,3.00,4.50
2012.05.28 14:20:18.060,0.95937,0.95949,3.00,1.50
2012.05.28 14:20:18.411,0.95938,0.9595,1.73,2.25
2012.05.28 14:20:18.817,0.95939,0.95951,1.50,2.25
2012.05.28 14:20:19.151,0.95938,0.95952,3.00,2.25
2012.05.28 14:20:19.848,0.9594,0.95952,1.13,1.50
2012.05.28 14:20:19.928,0.9594,0.95954,3.00,2.63
2012.05.28 14:20:20.472,0.95942,0.95953,1.50,1.50
2012.05.28 14:20:20.550,0.95943,0.95956,2.25,1.13
2012.05.28 14:20:21.117,0.95943,0.95955,2.25,1.50
2012.05.28 14:20:21.658,0.95944,0.95956,2.25,1.88
2012.05.28 14:20:22.513,0.95944,0.95956,2.03,1.50
2012.05.28 14:20:22.598,0.95947,0.9596,1.80,1.88
2012.05.28 14:20:22.746,0.95949,0.95962,1.50,4.13
2012.05.28 14:20:22.826,0.95949,0.95962,1.50,1.50
2012.05.28 14:20:23.670,0.95951,0.95963,3.00,1.50
2012.05.28 14:20:24.410,0.95951,0.95964,2.25,2.25
2012.05.28 14:20:24.842,0.95951,0.95965,2.25,1.50
2012.05.28 14:20:25.413,0.9595,0.95964,3.75,1.50
2012.05.28 14:20:25.769,0.95952,0.95964,1.50,1.50
2012.05.28 14:20:26.311,0.95951,0.95963,1.50,1.50
2012.05.28 14:20:26.838,0.9595,0.95962,1.50,2.25
2012.05.28 14:20:27.373,0.95948,0.95962,3.68,3.94
2012.05.28 14:20:27.917,0.95949,0.95963,3.00,6.00
2012.05.28 14:20:28.477,0.95949,0.95962,2.25,2.44
2012.05.28 14:20:29.030,0.9595,0.95962,2.25,2.25
2012.05.28 14:20:29.548,0.9595,0.95962,2.25,2.25
2012.05.28 14:20:30.080,0.9595,0.95962,2.25,2.25
2012.05.28 14:20:30.434,0.95948,0.9596,3.00,1.50
2012.05.28 14:20:30.777,0.95946,0.9596,1.50,2.25
2012.05.28 14:20:31.318,0.95945,0.95959,3.00,1.50
2012.05.28 14:20:32.190,0.95947,0.95959,1.50,2.25
2012.05.28 14:20:33.633,0.95947,0.95961,1.50,3.38
2012.05.28 14:20:34.052,0.95949,0.95961,1.50,1.88
2012.05.28 14:20:34.399,0.95951,0.95963,1.50,2.63
2012.05.28 14:20:34.684,0.95951,0.95965,1.50,2.63
2012.05.28 14:20:34.830,0.95949,0.95961,3.00,1.50
2012.05.28 14:20:35.027,0.95951,0.95963,1.50,1.50
2012.05.28 14:20:36.721,0.95949,0.95961,2.25,1.50
2012.05.28 14:20:37.247,0.95948,0.95962,2.44,3.75
2012.05.28 14:20:37.805,0.95949,0.95961,1.73,1.50
2012.05.28 14:20:38.021,0.95947,0.9596,1.13,2.25
2012.05.28 14:20:38.491,0.95949,0.95961,1.50,3.75
2012.05.28 14:20:39.048,0.95949,0.95961,1.50,2.25
2012.05.28 14:20:39.470,0.9595,0.95964,1.50,3.38
2012.05.28 14:20:39.745,0.95952,0.95964,1.50,2.63
2012.05.28 14:20:39.949,0.95951,0.95963,1.50,2.25
2012.05.28 14:20:40.020,0.95949,0.95961,2.93,1.50
2012.05.28 14:20:40.666,0.95947,0.95961,3.68,1.50
2012.05.28 14:20:41.230,0.95948,0.95962,2.63,2.63
2012.05.28 14:20:41.301,0.95948,0.95958,1.50,1.50
2012.05.28 14:20:41.512,0.95944,0.95958,4.88,1.50
2012.05.28 14:20:41.660,0.95943,0.95956,1.50,1.69
2012.05.28 14:20:42.202,0.95945,0.95957,1.50,1.69
2012.05.28 14:20:42.761,0.95944,0.95956,2.25,1.50
2012.05.28 14:20:42.898,0.95944,0.95958,2.25,1.50
2012.05.28 14:20:43.038,0.95944,0.95956,2.25,1.50
2012.05.28 14:20:45.759,0.95943,0.95957,3.38,3.00
2012.05.28 14:20:46.276,0.95944,0.95958,2.25,1.69
2012.05.28 14:20:46.592,0.95944,0.95956,2.25,1.50
2012.05.28 14:20:46.671,0.95944,0.95958,2.25,2.44
2012.05.28 14:20:47.670,0.95943,0.95957,3.00,1.50
2012.05.28 14:20:48.227,0.95945,0.95957,1.50,1.50
2012.05.28 14:20:48.769,0.95944,0.95958,2.25,1.69
2012.05.28 14:20:50.638,0.95944,0.95956,2.25,1.50
2012.05.28 14:20:50.994,0.95944,0.95952,1.50,1.50
2012.05.28 14:20:51.353,0.95936,0.95949,2.24,2.25
2012.05.28 14:20:51.783,0.95936,0.9595,1.50,3.94
2012.05.28 14:20:52.005,0.95936,0.9595,3.19,1.50
2012.05.28 14:20:52.431,0.95938,0.95952,1.50,3.00
2012.05.28 14:20:52.702,0.9594,0.95952,1.50,2.25
2012.05.28 14:20:52.919,0.95939,0.9595,1.50,1.50
2012.05.28 14:20:53.908,0.95938,0.9595,3.00,1.50
2012.05.28 14:20:54.450,0.95938,0.95951,1.50,1.50
2012.05.28 14:20:55.363,0.95937,0.95947,2.25,1.13
2012.05.28 14:20:55.580,0.95933,0.95944,1.50,1.50
2012.05.28 14:20:55.839,0.95931,0.95944,1.13,2.25
2012.05.28 14:20:56.402,0.95933,0.95945,1.50,1.13
2012.05.28 14:20:56.919,0.95932,0.95943,2.25,1.50
2012.05.28 14:20:57.060,0.95931,0.95941,1.50,1.50
2012.05.28 14:20:57.649,0.95931,0.95941,1.50,1.50
2012.05.28 14:20:57.743,0.95928,0.9594,1.13,2.25
2012.05.28 14:20:58.308,0.95928,0.9594,1.50,1.50
2012.05.28 14:20:58.781,0.95928,0.9594,2.44,1.50
2012.05.28 14:20:59.188,0.95929,0.95943,2.25,1.50
2012.05.28 14:20:59.377,0.95929,0.95941,2.25,1.50
2012.05.28 14:21:00.300,0.95927,0.95939,2.44,1.50
2012.05.28 14:21:00.439,0.95927,0.95939,2.25,1.50
2012.05.28 14:21:01.048,0.95926,0.9594,2.25,1.50
2012.05.28 14:21:01.847,0.95926,0.9594,2.25,3.00
2012.05.28 14:21:02.202,0.95921,0.95935,2.25,1.50
2012.05.28 14:21:02.280,0.95921,0.95931,1.50,1.50
2012.05.28 14:21:02.666,0.9592,0.95929,2.68,1.50
2012.05.28 14:21:02.753,0.9592,0.9593,1.69,1.50
2012.05.28 14:21:03.035,0.9592,0.95932,2.07,2.25
2012.05.28 14:21:03.600,0.9592,0.95932,1.47,2.25
2012.05.28 14:21:04.102,0.9592,0.95931,1.13,2.25
2012.05.28 14:21:04.183,0.95919,0.95931,2.25,2.25
2012.05.28 14:21:04.334,0.95917,0.95928,3.75,1.50
2012.05.28 14:21:04.890,0.95918,0.9593,2.25,3.00
2012.05.28 14:21:05.171,0.95917,0.95929,3.38,1.50
2012.05.28 14:21:05.309,0.95917,0.95929,3.38,1.50
2012.05.28 14:21:05.450,0.95917,0.95931,3.00,2.25
2012.05.28 14:21:05.520,0.95917,0.95929,3.00,1.50
2012.05.28 14:21:05.859,0.95919,0.95931,1.50,2.25
2012.05.28 14:21:06.388,0.95919,0.9593,1.50,1.50
2012.05.28 14:21:07.095,0.95926,0.95934,2.33,1.12
2012.05.28 14:21:07.245,0.9593,0.95936,2.10,2.25
2012.05.28 14:21:07.322,0.95931,0.95937,1.69,2.25
2012.05.28 14:21:07.392,0.95932,0.9594,2.44,1.52
2012.05.28 14:21:07.470,0.95932,0.95942,2.44,4.52
2012.05.28 14:21:07.822,0.95938,0.95943,3.00,1.13
2012.05.28 14:21:07.900,0.9594,0.95947,4.50,1.13
2012.05.28 14:21:08.115,0.95942,0.9595,1.50,1.13
2012.05.28 14:21:08.261,0.95943,0.95953,1.50,2.25
2012.05.28 14:21:08.331,0.95943,0.95956,1.50,2.63
2012.05.28 14:21:08.910,0.95943,0.95955,3.00,1.90
2012.05.28 14:21:08.989,0.95943,0.95955,3.45,1.88
2012.05.28 14:21:09.491,0.95944,0.95956,1.50,1.88
2012.05.28 14:21:10.047,0.95943,0.95954,1.20,1.50
2012.05.28 14:21:10.668,0.95942,0.95953,1.20,1.50
2012.05.28 14:21:11.430,0.95943,0.95955,1.20,2.25
2012.05.28 14:21:11.999,0.95942,0.95954,1.95,1.50
2012.05.28 14:21:12.565,0.95942,0.95952,1.50,1.50
2012.05.28 14:21:12.926,0.95938,0.95949,1.95,2.25
2012.05.28 14:21:13.134,0.95938,0.95947,1.20,1.50
2012.05.28 14:21:13.665,0.95936,0.95947,1.88,2.25
2012.05.28 14:21:14.190,0.95936,0.95948,1.88,1.50
2012.05.28 14:21:15.030,0.95937,0.95949,2.25,2.25
2012.05.28 14:21:15.430,0.95938,0.95949,1.50,2.25
2012.05.28 14:21:15.980,0.95939,0.95949,1.65,1.50
2012.05.28 14:21:16.051,0.95942,0.95954,1.95,6.00
2012.05.28 14:21:16.124,0.95942,0.95954,1.50,3.75
2012.05.28 14:21:16.672,0.95941,0.95953,2.25,1.50
2012.05.28 14:21:16.820,0.95941,0.95955,2.25,2.25
2012.05.28 14:21:17.504,0.9594,0.95954,3.45,2.44
2012.05.28 14:21:19.781,0.95939,0.95952,2.33,1.50
2012.05.28 14:21:20.361,0.95939,0.95951,3.00,1.69
2012.05.28 14:21:20.924,0.95939,0.95951,1.50,2.44
2012.05.28 14:21:21.786,0.95939,0.95951,1.50,2.44
2012.05.28 14:21:22.342,0.95939,0.9595,1.88,1.50
2012.05.28 14:21:22.850,0.95939,0.9595,1.13,1.50
2012.05.28 14:21:23.269,0.95938,0.95948,1.50,1.50
2012.05.28 14:21:23.620,0.95937,0.95946,1.50,1.50
2012.05.28 14:21:24.158,0.95936,0.95947,1.88,1.50
2012.05.28 14:21:24.232,0.95937,0.95949,2.25,3.00
2012.05.28 14:21:24.509,0.95937,0.95949,2.25,3.00
2012.05.28 14:21:25.938,0.95936,0.95949,1.88,2.25
2012.05.28 14:21:27.280,0.95936,0.9595,3.38,3.00
2012.05.28 14:21:27.781,0.95936,0.9595,3.00,4.50
2012.05.28 14:21:28.808,0.95936,0.95948,3.38,2.25
2012.05.28 14:21:30.588,0.95936,0.95948,1.88,2.25
2012.05.28 14:21:31.127,0.95936,0.95948,1.88,3.00
2012.05.28 14:21:31.680,0.95936,0.95948,1.88,2.25
2012.05.28 14:21:35.937,0.95936,0.95948,1.88,2.63
2012.05.28 14:21:36.151,0.95933,0.95946,2.44,2.25
2012.05.28 14:21:36.219,0.95932,0.95944,1.69,1.50
2012.05.28 14:21:36.750,0.95932,0.95945,1.50,3.00
2012.05.28 14:21:36.877,0.95932,0.95943,1.50,1.50
2012.05.28 14:21:37.017,0.95931,0.95945,2.63,3.00
2012.05.28 14:21:37.488,0.95931,0.95945,2.25,3.75
2012.05.28 14:21:37.628,0.9593,0.95942,2.25,1.50
2012.05.28 14:21:38.052,0.95932,0.95944,1.50,2.63
2012.05.28 14:21:38.598,0.95934,0.95946,1.50,3.00
2012.05.28 14:21:38.940,0.95932,0.95944,1.50,1.50
2012.05.28 14:21:39.271,0.9593,0.95944,3.38,2.25
2012.05.28 14:21:39.788,0.95931,0.95945,1.50,2.25
2012.05.28 14:21:40.288,0.95931,0.95945,1.50,2.25
2012.05.28 14:21:41.097,0.95931,0.95945,1.50,2.25
2012.05.28 14:21:42.527,0.95931,0.95943,1.50,1.50
2012.05.28 14:21:42.671,0.95931,0.95945,1.50,2.25
2012.05.28 14:21:42.879,0.95934,0.95947,1.50,1.50
2012.05.28 14:21:43.279,0.95936,0.9595,1.50,6.75
2012.05.28 14:21:43.820,0.95936,0.95948,1.50,2.25
2012.05.28 14:21:44.362,0.95934,0.95944,1.50,1.50
2012.05.28 14:21:44.780,0.95934,0.95947,1.50,3.00
2012.05.28 14:21:45.283,0.95934,0.95946,3.00,1.50
2012.05.28 14:21:45.500,0.95934,0.95948,3.00,2.25
2012.05.28 14:21:47.160,0.95937,0.95949,1.95,1.69
2012.05.28 14:21:47.304,0.95939,0.95952,1.58,1.65
2012.05.28 14:21:47.523,0.95942,0.95954,1.50,2.63
2012.05.28 14:21:49.040,0.95941,0.95953,2.25,4.50
2012.05.28 14:21:49.379,0.95937,0.95951,2.25,2.82
2012.05.28 14:21:49.449,0.95937,0.95951,2.25,5.07
2012.05.28 14:21:49.998,0.95936,0.9595,2.25,2.44
2012.05.28 14:21:50.639,0.95936,0.95948,2.25,1.50
2012.05.28 14:21:52.676,0.95937,0.95949,2.25,2.25
2012.05.28 14:21:53.323,0.95938,0.95951,1.50,1.13
2012.05.28 14:21:53.888,0.95938,0.9595,2.25,1.50
2012.05.28 14:21:54.961,0.95939,0.95952,1.50,1.50
2012.05.28 14:21:55.101,0.95941,0.95954,1.95,2.25
2012.05.28 14:21:55.454,0.95943,0.95956,2.25,1.88
2012.05.28 14:21:55.532,0.95943,0.95957,2.25,1.50
2012.05.28 14:21:56.048,0.95945,0.95957,1.50,1.50
2012.05.28 14:21:56.572,0.95944,0.95956,2.25,1.50
2012.05.28 14:21:59.923,0.95945,0.95957,1.50,1.50
2012.05.28 14:22:01.279,0.95944,0.95956,2.25,1.50
2012.05.28 14:22:01.821,0.95943,0.95955,2.25,1.50
2012.05.28 14:22:02.357,0.95942,0.95956,2.63,1.50
2012.05.28 14:22:03.220,0.95943,0.95955,2.25,1.50
2012.05.28 14:22:04.169,0.95943,0.95957,2.25,2.44
2012.05.28 14:22:05.560,0.95943,0.95957,2.25,2.25
2012.05.28 14:22:06.659,0.95943,0.95955,2.25,1.50
2012.05.28 14:22:06.736,0.95943,0.95957,2.25,1.50
2012.05.28 14:22:07.549,0.95945,0.95957,1.50,2.25
2012.05.28 14:22:08.971,0.95943,0.95957,2.25,2.63
2012.05.28 14:22:12.684,0.95943,0.95957,2.25,2.44
2012.05.28 14:22:14.088,0.95944,0.95956,1.50,2.25
2012.05.28 14:22:14.628,0.95943,0.95955,2.25,1.50
2012.05.28 14:22:15.188,0.95942,0.95956,2.25,2.25
2012.05.28 14:22:15.590,0.95945,0.95957,1.98,2.25
2012.05.28 14:22:15.739,0.95948,0.9596,1.50,3.00
2012.05.28 14:22:16.231,0.95949,0.95963,2.25,2.63
2012.05.28 14:22:16.926,0.95948,0.95961,1.20,1.50
2012.05.28 14:22:17.797,0.95948,0.9596,1.95,1.50
2012.05.28 14:22:18.380,0.95948,0.9596,1.50,1.50
2012.05.28 14:22:18.572,0.95947,0.95958,1.65,1.50
2012.05.28 14:22:19.109,0.95947,0.9596,1.20,1.50
2012.05.28 14:22:19.539,0.95949,0.95961,2.25,2.25
2012.05.28 14:22:21.552,0.95948,0.95962,2.63,3.00
2012.05.28 14:22:21.889,0.95948,0.95961,2.33,2.25
2012.05.28 14:22:22.390,0.95948,0.95961,1.88,2.25
2012.05.28 14:22:22.768,0.95948,0.9596,3.08,3.00
2012.05.28 14:22:22.845,0.95948,0.9596,1.13,3.00
2012.05.28 14:22:22.922,0.95947,0.9596,3.00,3.00
2012.05.28 14:22:23.074,0.95947,0.95959,1.88,2.25
2012.05.28 14:22:23.155,0.95947,0.95959,1.50,3.00
2012.05.28 14:22:23.305,0.95948,0.9596,1.50,2.25
2012.05.28 14:22:23.382,0.95948,0.9596,2.09,1.50
2012.05.28 14:22:23.531,0.9595,0.95962,2.25,1.50
2012.05.28 14:22:23.680,0.95952,0.95963,1.50,1.50
2012.05.28 14:22:24.229,0.9595,0.95962,3.00,2.25
2012.05.28 14:22:24.569,0.9595,0.95962,3.00,2.25
2012.05.28 14:22:24.925,0.95949,0.95961,1.50,2.25
2012.05.28 14:22:25.003,0.95946,0.95959,3.45,2.25
2012.05.28 14:22:25.153,0.95946,0.95956,1.50,2.25
2012.05.28 14:22:25.651,0.95944,0.95956,1.50,2.25
2012.05.28 14:22:25.935,0.95946,0.95957,1.50,1.50
2012.05.28 14:22:26.412,0.95948,0.95958,1.20,1.50
2012.05.28 14:22:26.565,0.95948,0.95961,1.95,1.50
2012.05.28 14:22:27.971,0.95947,0.95961,2.70,2.25
2012.05.28 14:22:28.537,0.95947,0.95961,2.70,2.25
2012.05.28 14:22:29.054,0.95947,0.95961,2.70,2.25
2012.05.28 14:22:29.618,0.95947,0.95961,2.89,2.25
2012.05.28 14:22:31.873,0.95947,0.95955,2.25,1.50
2012.05.28 14:22:32.022,0.95947,0.95956,2.25,1.88
2012.05.28 14:22:32.302,0.95942,0.95954,2.63,1.50
2012.05.28 14:22:32.849,0.95941,0.95954,1.50,2.25
2012.05.28 14:22:33.061,0.95944,0.95957,1.50,4.50
2012.05.28 14:22:33.871,0.95944,0.95956,1.50,2.63
2012.05.28 14:22:33.939,0.95942,0.95956,2.25,2.25
2012.05.28 14:22:34.456,0.95942,0.95956,2.25,1.50
2012.05.28 14:22:34.597,0.95944,0.95956,1.50,1.50
2012.05.28 14:22:35.298,0.95943,0.95955,1.50,1.50
2012.05.28 14:22:37.230,0.95941,0.95953,3.00,1.50
2012.05.28 14:22:37.800,0.95941,0.95952,1.50,2.25
2012.05.28 14:22:38.149,0.9594,0.95951,1.50,2.25
2012.05.28 14:22:38.677,0.9594,0.9595,1.50,2.25
2012.05.28 14:22:39.341,0.9594,0.9595,1.50,2.25
2012.05.28 14:22:39.740,0.9594,0.95949,1.50,2.25
2012.05.28 14:22:39.951,0.95934,0.95947,1.09,3.00
2012.05.28 14:22:40.088,0.95933,0.95945,1.84,1.50
2012.05.28 14:22:40.159,0.95933,0.95947,3.34,2.25
2012.05.28 14:22:40.511,0.95937,0.95949,1.50,3.75
2012.05.28 14:22:41.055,0.95937,0.95949,1.50,2.44
2012.05.28 14:22:41.599,0.95936,0.95948,1.50,1.50
2012.05.28 14:22:43.989,0.95936,0.95948,1.50,2.25
2012.05.28 14:22:44.058,0.95934,0.95946,3.00,1.50
2012.05.28 14:22:46.930,0.95931,0.95945,4.58,1.50
2012.05.28 14:22:47.071,0.95931,0.95943,2.25,1.50
2012.05.28 14:22:47.589,0.95932,0.95944,2.25,1.50
2012.05.28 14:22:47.954,0.95932,0.95943,2.25,2.25
2012.05.28 14:22:48.231,0.95928,0.95942,3.75,2.25
2012.05.28 14:22:48.300,0.95928,0.95942,3.38,1.50
2012.05.28 14:22:48.439,0.95928,0.9594,1.88,1.50
2012.05.28 14:22:49.642,0.95927,0.95939,2.25,1.50
2012.05.28 14:22:50.002,0.95923,0.95935,2.42,1.50
2012.05.28 14:22:52.549,0.95922,0.95934,1.88,1.50
2012.05.28 14:22:57.301,0.95919,0.95933,5.07,1.50
2012.05.28 14:22:57.889,0.95919,0.95932,2.44,2.25
2012.05.28 14:22:58.474,0.95919,0.95932,2.44,1.50
2012.05.28 14:22:58.791,0.95919,0.95932,2.82,1.50
2012.05.28 14:22:59.143,0.95921,0.95935,2.25,3.00
2012.05.28 14:22:59.364,0.95919,0.95931,5.44,1.50
2012.05.28 14:22:59.441,0.95919,0.95933,4.69,3.75
2012.05.28 14:22:59.509,0.95919,0.95933,3.94,2.25
2012.05.28 14:22:59.583,0.95919,0.95931,3.75,1.50
2012.05.28 14:23:00.127,0.9592,0.95932,2.25,2.25
2012.05.28 14:23:00.738,0.95919,0.95932,1.50,1.50
2012.05.28 14:23:01.277,0.95919,0.95932,1.13,1.50
2012.05.28 14:23:01.483,0.95922,0.95934,1.50,2.25
2012.05.28 14:23:01.980,0.95919,0.9593,1.13,1.50
2012.05.28 14:23:02.052,0.95919,0.95933,2.63,1.50
2012.05.28 14:23:02.390,0.95919,0.95931,2.25,1.50
2012.05.28 14:23:02.520,0.95919,0.95933,2.25,2.25
2012.05.28 14:23:03.118,0.95919,0.95931,2.25,1.50
2012.05.28 14:23:03.601,0.95917,0.95928,2.44,1.50
2012.05.28 14:23:04.521,0.95916,0.9593,5.25,2.25
2012.05.28 14:23:05.344,0.95916,0.95929,3.75,1.50
2012.05.28 14:23:05.490,0.95915,0.95929,3.38,7.50
2012.05.28 14:23:05.829,0.95916,0.95926,1.88,2.25
2012.05.28 14:23:06.161,0.95915,0.95927,2.25,3.00
2012.05.28 14:23:06.511,0.95917,0.95928,1.50,2.63
2012.05.28 14:23:06.719,0.95915,0.95927,2.25,1.13
2012.05.28 14:23:06.860,0.9592,0.95927,1.50,1.13
2012.05.28 14:23:07.387,0.95919,0.95927,1.50,1.13
2012.05.28 14:23:07.593,0.95915,0.95928,2.25,1.32
2012.05.28 14:23:07.743,0.95913,0.95925,4.50,1.50
2012.05.28 14:23:08.107,0.95911,0.95923,3.38,1.50
2012.05.28 14:23:08.389,0.95911,0.95923,2.63,1.50
2012.05.28 14:23:09.239,0.95911,0.95923,1.88,1.50
2012.05.28 14:23:11.149,0.9591,0.95922,1.88,1.50
2012.05.28 14:23:11.228,0.95912,0.95924,1.50,1.50
2012.05.28 14:23:11.792,0.95909,0.95922,2.63,1.50
2012.05.28 14:23:12.470,0.9591,0.95922,1.50,1.50
2012.05.28 14:23:12.751,0.9591,0.95923,1.50,1.50
2012.05.28 14:23:14.048,0.95909,0.95922,1.13,1.50
2012.05.28 14:23:15.100,0.9591,0.95922,1.50,1.50
2012.05.28 14:23:15.636,0.95909,0.95922,1.50,1.50
2012.05.28 14:23:16.147,0.95909,0.95922,1.50,1.50
2012.05.28 14:23:16.721,0.95909,0.95922,1.88,1.50
2012.05.28 14:23:17.377,0.95909,0.95922,2.25,1.50
2012.05.28 14:23:17.886,0.95909,0.95922,1.88,1.50
2012.05.28 14:23:18.450,0.95912,0.95924,2.25,1.50
2012.05.28 14:23:19.009,0.95909,0.95923,3.38,1.50
2012.05.28 14:23:22.903,0.95909,0.95923,3.00,3.00
2012.05.28 14:23:23.401,0.95909,0.9592,1.88,1.50
2012.05.28 14:23:23.679,0.95909,0.95922,1.88,1.50
2012.05.28 14:23:24.218,0.9591,0.95922,2.63,1.50
2012.05.28 14:23:25.380,0.9591,0.95922,2.25,1.50
2012.05.28 14:23:26.012,0.95909,0.95923,3.00,3.00
2012.05.28 14:23:27.929,0.95909,0.95922,1.50,1.50
2012.05.28 14:23:28.469,0.95909,0.95923,3.00,1.50
2012.05.28 14:23:29.169,0.95909,0.95923,3.00,1.50
2012.05.28 14:23:31.949,0.95909,0.95921,3.19,1.50
2012.05.28 14:23:32.557,0.95909,0.95922,1.69,1.50
2012.05.28 14:23:33.117,0.95909,0.95921,3.19,1.50
2012.05.28 14:23:33.638,0.9591,0.95922,2.31,1.50
2012.05.28 14:23:34.052,0.95914,0.95926,2.25,2.44
2012.05.28 14:23:34.248,0.95915,0.95927,2.25,3.00
2012.05.28 14:23:34.321,0.95917,0.95927,1.50,1.50
2012.05.28 14:23:34.871,0.95918,0.95928,1.50,2.25
2012.05.28 14:23:35.000,0.95918,0.95928,1.50,2.25
2012.05.28 14:23:36.847,0.95918,0.95928,1.50,2.25
2012.05.28 14:23:37.059,0.95918,0.95927,1.50,2.25
2012.05.28 14:23:38.454,0.95918,0.95927,1.50,3.00
2012.05.28 14:23:38.893,0.95917,0.95927,1.50,3.00
2012.05.28 14:23:39.240,0.95915,0.95925,4.50,1.50
2012.05.28 14:23:39.568,0.95915,0.95923,4.50,1.50
2012.05.28 14:23:40.918,0.95912,0.95923,2.24,1.50
2012.05.28 14:23:41.439,0.95911,0.95923,2.63,2.25
2012.05.28 14:23:42.570,0.95911,0.95923,2.25,2.25
2012.05.28 14:23:43.189,0.95911,0.95923,2.25,2.25
2012.05.28 14:23:43.690,0.9591,0.95921,1.32,1.50
2012.05.28 14:23:44.044,0.95908,0.95917,1.13,1.50
2012.05.28 14:23:44.124,0.95906,0.95917,1.88,2.25
2012.05.28 14:23:44.274,0.95903,0.95917,1.50,3.00
2012.05.28 14:23:44.348,0.95901,0.95915,4.88,1.50
2012.05.28 14:23:44.860,0.95903,0.95915,1.50,1.50
2012.05.28 14:23:45.377,0.95904,0.95916,1.50,1.50
2012.05.28 14:23:46.128,0.959,0.95911,1.88,1.50
2012.05.28 14:23:46.203,0.959,0.95913,1.88,1.50
2012.05.28 14:23:47.099,0.959,0.95911,1.50,1.50
2012.05.28 14:23:47.648,0.95898,0.9591,2.07,1.50
2012.05.28 14:23:48.335,0.95898,0.95911,2.07,1.50
2012.05.28 14:23:49.208,0.95899,0.95913,2.63,1.50
2012.05.28 14:23:49.742,0.959,0.95912,1.13,1.50
2012.05.28 14:23:50.287,0.959,0.95914,2.63,2.25
2012.05.28 14:23:51.406,0.95898,0.95912,2.63,2.63
2012.05.28 14:23:51.761,0.95895,0.95907,2.82,2.25
2012.05.28 14:23:51.970,0.95893,0.95906,1.50,2.25
2012.05.28 14:23:52.519,0.95891,0.95904,4.88,1.50
2012.05.28 14:23:52.662,0.95889,0.95903,3.38,3.75
2012.05.28 14:23:52.742,0.95888,0.959,2.63,1.50
2012.05.28 14:23:53.302,0.95887,0.95899,7.50,1.50
2012.05.28 14:23:53.511,0.95887,0.95899,3.00,1.50
2012.05.28 14:23:53.863,0.95885,0.95898,2.63,1.50
2012.05.28 14:23:54.723,0.95885,0.95895,1.13,1.50
2012.05.28 14:23:54.872,0.95885,0.95897,1.13,1.50
2012.05.28 14:23:55.740,0.95885,0.95898,1.13,3.75
2012.05.28 14:23:57.237,0.95885,0.95898,1.13,1.50
2012.05.28 14:23:57.796,0.95885,0.95899,3.38,1.50
2012.05.28 14:23:58.333,0.95886,0.95898,1.13,1.50
2012.05.28 14:23:58.819,0.95886,0.95899,1.13,1.50
2012.05.28 14:23:59.082,0.95885,0.95898,1.88,1.50
2012.05.28 14:23:59.651,0.95885,0.95897,2.25,3.00
2012.05.28 14:23:59.848,0.95885,0.95895,2.25,1.50
2012.05.28 14:24:00.196,0.95881,0.95893,3.00,1.50
2012.05.28 14:24:00.272,0.95881,0.95891,1.50,1.50
2012.05.28 14:24:00.872,0.95881,0.9589,1.13,1.50
2012.05.28 14:24:00.958,0.95881,0.95892,1.13,1.50
2012.05.28 14:24:01.245,0.95881,0.95894,1.92,2.25
2012.05.28 14:24:01.797,0.95883,0.95895,2.63,2.25
2012.05.28 14:24:02.363,0.95881,0.95895,5.29,1.50
2012.05.28 14:24:02.769,0.95885,0.95897,1.50,2.44
2012.05.28 14:24:03.261,0.95886,0.95898,2.25,1.50
2012.05.28 14:24:04.028,0.95885,0.95896,2.25,1.50
2012.05.28 14:24:04.392,0.95882,0.95893,1.58,1.50
2012.05.28 14:24:04.881,0.95882,0.95896,3.45,2.44
2012.05.28 14:24:05.409,0.95882,0.95895,1.95,1.69
2012.05.28 14:24:06.321,0.95882,0.95896,3.45,1.50
2012.05.28 14:24:06.840,0.95883,0.95895,2.70,1.50
2012.05.28 14:24:07.377,0.95882,0.95896,3.45,1.50
2012.05.28 14:24:10.531,0.95884,0.95894,1.50,1.50
2012.05.28 14:24:10.739,0.95882,0.95894,2.25,2.25
2012.05.28 14:24:11.270,0.95884,0.95896,1.50,2.44
2012.05.28 14:24:11.411,0.95882,0.95895,1.13,1.50
2012.05.28 14:24:11.832,0.95882,0.95894,1.88,2.44
2012.05.28 14:24:12.254,0.95878,0.95891,5.63,3.75
2012.05.28 14:24:12.830,0.95875,0.95885,1.65,1.69
2012.05.28 14:24:13.195,0.95873,0.95879,1.59,1.50
2012.05.28 14:24:13.741,0.95871,0.95878,1.28,1.50
2012.05.28 14:24:13.813,0.95867,0.95878,1.50,1.50
2012.05.28 14:24:14.239,0.95867,0.95881,1.50,2.44
2012.05.28 14:24:14.588,0.95867,0.9588,1.50,3.00
2012.05.28 14:24:15.763,0.95867,0.9588,2.25,3.00
2012.05.28 14:24:16.121,0.9587,0.95883,1.50,1.69
2012.05.28 14:24:16.390,0.95873,0.95884,1.50,3.75
2012.05.28 14:24:16.467,0.95873,0.95886,1.50,2.25
2012.05.28 14:24:16.610,0.95876,0.95886,1.50,2.25
2012.05.28 14:24:16.677,0.95874,0.95886,1.50,2.25
2012.05.28 14:24:17.242,0.95873,0.95886,2.63,1.50
2012.05.28 14:24:17.382,0.95873,0.95887,3.03,2.63
2012.05.28 14:24:17.731,0.95878,0.95888,2.28,1.50
2012.05.28 14:24:18.013,0.9588,0.9589,1.65,1.88
2012.05.28 14:24:18.159,0.95882,0.95894,1.50,2.63
2012.05.28 14:24:18.373,0.9588,0.95894,2.03,2.25
2012.05.28 14:24:18.451,0.95877,0.95891,3.75,1.50
2012.05.28 14:24:18.987,0.95877,0.9589,1.13,1.50
2012.05.28 14:24:19.343,0.95877,0.95888,1.13,1.50
2012.05.28 14:24:19.770,0.95874,0.95888,3.38,3.38
2012.05.28 14:24:22.178,0.95875,0.95889,1.88,3.75
2012.05.28 14:24:22.699,0.95875,0.95889,1.88,1.69
2012.05.28 14:24:23.469,0.95875,0.95889,1.88,1.69
2012.05.28 14:24:23.769,0.95875,0.95889,1.88,1.69
2012.05.28 14:24:24.306,0.95875,0.95887,1.88,1.50
2012.05.28 14:24:24.839,0.95875,0.95889,1.88,1.69
2012.05.28 14:24:25.650,0.95876,0.95888,2.25,1.69
2012.05.28 14:24:27.857,0.95875,0.95889,2.25,1.69
2012.05.28 14:24:28.902,0.95877,0.95889,1.15,1.69
2012.05.28 14:24:28.971,0.95877,0.95891,3.40,2.25
2012.05.28 14:24:29.043,0.95878,0.95891,1.14,1.50
2012.05.28 14:24:29.252,0.95879,0.95891,4.14,1.50
2012.05.28 14:24:29.821,0.9588,0.95893,1.88,1.32
2012.05.28 14:24:30.034,0.9588,0.95894,3.00,4.50
2012.05.28 14:24:30.180,0.95882,0.95894,1.50,2.25
2012.05.28 14:24:30.702,0.95883,0.95895,1.50,3.38
2012.05.28 14:24:30.827,0.95881,0.95895,1.50,3.38
2012.05.28 14:24:31.158,0.95883,0.95895,1.50,3.38
2012.05.28 14:24:32.549,0.95882,0.95895,1.50,1.50
2012.05.28 14:24:33.260,0.95883,0.95895,1.50,3.38
2012.05.28 14:24:33.611,0.95886,0.95897,1.50,3.75
2012.05.28 14:24:33.824,0.95886,0.95898,1.50,2.63
2012.05.28 14:24:34.112,0.95885,0.95899,2.63,1.88
2012.05.28 14:24:34.669,0.95886,0.959,1.88,2.63
2012.05.28 14:24:35.239,0.95886,0.959,1.88,2.63
2012.05.28 14:24:35.869,0.95886,0.959,1.50,2.63
2012.05.28 14:24:36.838,0.95885,0.95897,2.25,1.50
2012.05.28 14:24:36.979,0.95885,0.95899,2.63,1.50
2012.05.28 14:24:37.538,0.95886,0.95898,1.13,1.50
2012.05.28 14:24:38.180,0.95887,0.95901,1.50,5.25
2012.05.28 14:24:38.749,0.95886,0.959,2.63,2.63
2012.05.28 14:24:39.469,0.95888,0.959,1.50,1.88
2012.05.28 14:24:39.868,0.95886,0.959,2.63,1.88
2012.05.28 14:24:40.409,0.95886,0.95897,1.13,1.50
2012.05.28 14:24:40.677,0.95886,0.95899,1.13,1.50
2012.05.28 14:24:42.110,0.95886,0.95899,1.13,1.50
2012.05.28 14:24:44.649,0.95887,0.95901,1.88,1.50
2012.05.28 14:24:45.169,0.95887,0.95901,1.88,1.50
2012.05.28 14:24:45.598,0.95887,0.95899,1.88,1.50
2012.05.28 14:24:47.043,0.95887,0.95901,2.63,1.50
2012.05.28 14:24:47.191,0.9589,0.95904,1.50,3.75
2012.05.28 14:24:47.568,0.95893,0.95904,1.50,2.25
2012.05.28 14:24:48.124,0.95892,0.95904,1.50,3.75
2012.05.28 14:24:51.929,0.9589,0.95903,1.50,1.13
2012.05.28 14:24:52.437,0.9589,0.95902,1.50,1.50
2012.05.28 14:24:54.876,0.9589,0.95904,1.50,3.75
2012.05.28 14:24:55.458,0.95889,0.95903,1.88,2.25
2012.05.28 14:24:56.514,0.95888,0.95899,1.88,1.50
2012.05.28 14:24:56.661,0.95887,0.95901,2.63,1.50
2012.05.28 14:24:56.978,0.95887,0.959,1.13,1.50
2012.05.28 14:24:57.048,0.95887,0.959,1.13,1.50
2012.05.28 14:24:57.575,0.95887,0.959,1.13,1.50
2012.05.28 14:24:59.399,0.95887,0.959,1.13,1.50
2012.05.28 14:25:00.147,0.95887,0.959,1.13,1.50
2012.05.28 14:25:00.692,0.95886,0.959,2.25,3.75
2012.05.28 14:25:01.678,0.95886,0.95899,1.13,1.69
2012.05.28 14:25:02.301,0.95886,0.95899,1.13,1.50
2012.05.28 14:25:03.445,0.95886,0.95899,1.13,1.50
2012.05.28 14:25:05.918,0.95886,0.95899,2.63,1.50
2012.05.28 14:25:06.462,0.95886,0.959,2.63,1.50
2012.05.28 14:25:12.292,0.95886,0.95899,2.63,1.69
2012.05.28 14:25:12.758,0.95885,0.95897,2.63,1.50
2012.05.28 14:25:13.030,0.95885,0.95899,2.63,3.19
2012.05.28 14:25:14.467,0.95885,0.95899,2.63,1.69
2012.05.28 14:25:16.939,0.95885,0.95897,2.63,1.50
2012.05.28 14:25:17.457,0.95886,0.95898,1.50,1.50
2012.05.28 14:25:18.115,0.95886,0.95898,1.88,1.50
2012.05.28 14:25:18.628,0.95886,0.95898,2.25,1.50
2012.05.28 14:25:19.357,0.95886,0.95898,1.88,1.50
2012.05.28 14:25:21.727,0.95886,0.95898,1.88,1.50
2012.05.28 14:25:22.336,0.95886,0.95898,1.88,1.50
2012.05.28 14:25:22.411,0.95886,0.95898,1.88,1.50
2012.05.28 14:25:22.681,0.95888,0.959,1.88,1.50
2012.05.28 14:25:23.240,0.95888,0.95902,1.88,2.63
2012.05.28 14:25:23.310,0.95887,0.95899,1.88,1.50
2012.05.28 14:25:23.838,0.95886,0.95898,3.01,1.50
2012.05.28 14:25:24.432,0.95886,0.95898,3.01,1.50
2012.05.28 14:25:24.937,0.95887,0.95898,1.13,1.50
2012.05.28 14:25:25.187,0.95887,0.95901,2.63,2.25
2012.05.28 14:25:25.809,0.95887,0.95901,2.63,3.75
2012.05.28 14:25:25.877,0.95887,0.95899,2.63,1.50
2012.05.28 14:25:26.965,0.95887,0.95899,2.63,1.50
2012.05.28 14:25:28.587,0.95887,0.95899,1.88,1.50
2012.05.28 14:25:29.828,0.95887,0.95899,1.88,1.50
2012.05.28 14:25:30.107,0.95887,0.95901,1.88,1.50
2012.05.28 14:25:30.180,0.95887,0.95899,1.88,1.50
2012.05.28 14:25:30.727,0.95888,0.959,1.50,1.50
2012.05.28 14:25:33.238,0.95887,0.95899,1.88,1.50
2012.05.28 14:25:33.776,0.95888,0.959,1.88,1.50
2012.05.28 14:25:34.538,0.95887,0.95899,1.50,1.50
2012.05.28 14:25:35.221,0.95886,0.959,3.00,1.50
2012.05.28 14:25:37.128,0.95886,0.959,3.00,1.50
2012.05.28 14:25:37.676,0.95886,0.959,2.63,1.50
2012.05.28 14:25:38.737,0.95886,0.959,3.00,1.50
2012.05.28 14:25:39.260,0.95886,0.959,2.25,1.50
2012.05.28 14:25:39.610,0.95886,0.959,2.63,1.50
2012.05.28 14:25:42.089,0.95886,0.959,3.00,1.50
2012.05.28 14:25:42.615,0.95887,0.95899,1.88,1.50
2012.05.28 14:25:43.352,0.95887,0.95899,1.50,1.50
2012.05.28 14:25:49.477,0.95887,0.95899,1.88,1.50
2012.05.28 14:25:50.102,0.95887,0.95899,1.50,1.50
2012.05.28 14:25:53.388,0.95887,0.95899,1.88,1.50
2012.05.28 14:25:54.048,0.95887,0.95899,1.88,1.50
2012.05.28 14:25:54.606,0.95887,0.95899,1.88,1.50
2012.05.28 14:25:55.588,0.95888,0.959,1.88,1.50
2012.05.28 14:25:56.230,0.95886,0.959,3.38,1.50
2012.05.28 14:25:56.439,0.95885,0.95897,2.25,1.50
2012.05.28 14:25:56.948,0.95884,0.95898,2.63,1.50
2012.05.28 14:25:57.701,0.95885,0.95899,1.88,2.25
2012.05.28 14:25:58.048,0.95887,0.95899,1.88,1.50
2012.05.28 14:25:58.369,0.95887,0.95901,1.88,1.69
2012.05.28 14:25:58.780,0.95887,0.95899,1.88,1.50
2012.05.28 14:25:59.310,0.95885,0.95897,3.75,1.50
2012.05.28 14:25:59.588,0.95886,0.95898,1.88,1.50
2012.05.28 14:25:59.658,0.95887,0.95901,1.88,1.69
2012.05.28 14:26:00.217,0.95886,0.959,2.25,1.50
2012.05.28 14:26:04.206,0.95885,0.95898,1.50,1.50
2012.05.28 14:26:04.748,0.95886,0.95898,1.50,1.50
2012.05.28 14:26:05.267,0.95885,0.95897,2.63,1.50
2012.05.28 14:26:05.790,0.95885,0.95898,1.13,1.50
2012.05.28 14:26:06.504,0.95885,0.95899,2.63,2.25
2012.05.28 14:26:07.012,0.95885,0.95898,1.13,1.50
2012.05.28 14:26:08.761,0.95884,0.95896,2.63,1.50
2012.05.28 14:26:09.697,0.95885,0.95899,1.50,2.44
2012.05.28 14:26:09.984,0.95882,0.95892,2.25,1.50
2012.05.28 14:26:10.424,0.95881,0.95893,1.50,3.75
2012.05.28 14:26:10.769,0.95881,0.9589,1.50,1.50
2012.05.28 14:26:10.840,0.95877,0.95888,1.88,1.50
2012.05.28 14:26:11.422,0.95877,0.95889,1.50,1.13
2012.05.28 14:26:11.949,0.95876,0.95888,1.50,1.50
2012.05.28 14:26:14.129,0.95874,0.95888,2.25,2.25
2012.05.28 14:26:14.668,0.95875,0.95889,1.50,2.63
2012.05.28 14:26:15.012,0.95874,0.95888,3.00,3.75
2012.05.28 14:26:15.479,0.95873,0.95887,2.63,3.75
2012.05.28 14:26:15.818,0.95872,0.95883,1.89,1.50
2012.05.28 14:26:16.160,0.95871,0.95881,1.14,1.50
2012.05.28 14:26:16.231,0.9587,0.95881,1.13,1.50
2012.05.28 14:26:16.372,0.95869,0.95878,1.13,1.50
2012.05.28 14:26:16.584,0.95869,0.9588,1.88,3.00
2012.05.28 14:26:17.142,0.95867,0.95879,1.88,1.50
2012.05.28 14:26:17.213,0.95867,0.95878,1.13,1.50
2012.05.28 14:26:17.573,0.95862,0.95873,1.64,1.50
2012.05.28 14:26:18.091,0.9586,0.95874,4.82,1.50
2012.05.28 14:26:18.232,0.9586,0.95874,3.19,1.50
2012.05.28 14:26:18.838,0.95861,0.95873,2.25,1.50
2012.05.28 14:26:18.917,0.95861,0.95875,2.25,1.50
2012.05.28 14:26:19.431,0.95861,0.95875,3.00,1.50
2012.05.28 14:26:20.409,0.95861,0.95875,2.44,1.50
2012.05.28 14:26:20.947,0.95861,0.95875,3.19,1.50
2012.05.28 14:26:21.511,0.9586,0.95874,3.00,1.50
2012.05.28 14:26:22.924,0.9586,0.95874,3.00,2.63
2012.05.28 14:26:23.768,0.95861,0.95873,2.25,1.50
2012.05.28 14:26:24.359,0.95861,0.95873,3.19,1.50
2012.05.28 14:26:24.908,0.95862,0.95874,3.00,1.50
2012.05.28 14:26:29.918,0.95862,0.95874,3.00,1.50
2012.05.28 14:26:30.808,0.95863,0.95874,1.50,1.50
2012.05.28 14:26:30.882,0.95864,0.95877,1.50,2.25
2012.05.28 14:26:31.022,0.95862,0.95873,1.50,1.50
2012.05.28 14:26:31.546,0.95864,0.95876,2.25,1.50
2012.05.28 14:26:31.873,0.95866,0.95878,2.25,3.19
2012.05.28 14:26:31.951,0.95868,0.95879,2.25,1.13
2012.05.28 14:26:32.022,0.95868,0.9588,2.25,2.44
2012.05.28 14:26:32.513,0.95871,0.95882,1.50,5.25
2012.05.28 14:26:32.798,0.9587,0.95882,2.25,1.50
2012.05.28 14:26:33.198,0.95871,0.95883,2.25,1.50
2012.05.28 14:26:33.752,0.95869,0.95883,3.75,1.50
2012.05.28 14:26:34.272,0.95869,0.95883,3.75,1.50
2012.05.28 14:26:35.469,0.9587,0.95883,1.50,1.50
2012.05.28 14:26:37.078,0.95869,0.95883,3.75,1.50
2012.05.28 14:26:37.398,0.95869,0.95883,4.14,1.50
2012.05.28 14:26:37.937,0.9587,0.95884,2.25,1.50
2012.05.28 14:26:38.439,0.95869,0.95883,3.75,1.50
2012.05.28 14:26:39.041,0.95869,0.95883,3.00,1.50
2012.05.28 14:26:40.168,0.95869,0.95883,3.75,1.50
2012.05.28 14:26:40.498,0.95869,0.95881,3.00,1.50
2012.05.28 14:26:41.048,0.95869,0.95881,3.75,1.50
2012.05.28 14:26:42.023,0.95869,0.95881,3.00,1.50
2012.05.28 14:26:42.875,0.95869,0.95881,3.00,1.50
2012.05.28 14:26:44.267,0.95869,0.95881,3.00,1.50
2012.05.28 14:26:44.599,0.95869,0.95881,3.00,1.50
2012.05.28 14:26:44.668,0.95869,0.95883,3.00,1.50
2012.05.28 14:26:46.076,0.9587,0.95882,2.25,1.50
2012.05.28 14:26:46.511,0.9587,0.95882,2.25,1.50
2012.05.28 14:26:47.715,0.9587,0.95882,1.50,1.50
2012.05.28 14:26:48.767,0.9587,0.95882,2.25,1.50
2012.05.28 14:26:48.968,0.9587,0.95884,2.25,2.44
2012.05.28 14:26:49.657,0.95869,0.95883,3.75,1.50
2012.05.28 14:26:53.327,0.95869,0.95883,3.00,2.25
2012.05.28 14:26:54.085,0.95869,0.95883,3.00,2.25
2012.05.28 14:26:55.567,0.95869,0.95883,3.00,2.25
2012.05.28 14:26:56.586,0.95869,0.95883,3.00,2.25
2012.05.28 14:27:04.266,0.95869,0.95883,3.00,2.25
2012.05.28 14:27:04.816,0.95869,0.95883,3.00,2.25
2012.05.28 14:27:07.207,0.9587,0.95884,1.50,2.44
2012.05.28 14:27:07.756,0.9587,0.95882,1.50,1.50
2012.05.28 14:27:09.599,0.9587,0.95884,2.25,2.63
2012.05.28 14:27:12.731,0.9587,0.95884,2.25,1.69
2012.05.28 14:27:14.086,0.9587,0.95884,2.25,1.69
2012.05.28 14:27:14.396,0.9587,0.95884,2.25,1.69
2012.05.28 14:27:15.572,0.95872,0.95886,2.25,4.95
2012.05.28 14:27:15.712,0.95873,0.95887,1.88,2.33
2012.05.28 14:27:15.782,0.95875,0.95888,2.25,1.58
2012.05.28 14:27:16.340,0.95878,0.9589,2.25,4.58
2012.05.28 14:27:16.878,0.95876,0.95889,1.50,1.58
2012.05.28 14:27:17.618,0.95875,0.95887,2.25,1.58
2012.05.28 14:27:18.138,0.95876,0.95888,2.25,1.50
2012.05.28 14:27:18.680,0.95876,0.95888,2.25,1.50
2012.05.28 14:27:19.648,0.95876,0.95888,2.25,1.50
2012.05.28 14:27:20.340,0.95875,0.95889,2.44,1.50
2012.05.28 14:27:22.128,0.95875,0.95889,2.44,1.50
2012.05.28 14:27:22.647,0.95874,0.95888,4.32,1.50
2012.05.28 14:27:23.200,0.95875,0.95889,3.19,1.50
2012.05.28 14:27:23.749,0.95875,0.95888,1.69,1.50
2012.05.28 14:27:25.499,0.95874,0.95886,2.44,1.50
2012.05.28 14:27:25.852,0.95876,0.95886,1.50,1.88
2012.05.28 14:27:26.120,0.95869,0.95881,2.97,1.50
2012.05.28 14:27:26.391,0.95871,0.95885,1.50,3.00
2012.05.28 14:27:26.899,0.95871,0.95885,3.00,2.25
2012.05.28 14:27:27.479,0.95872,0.95885,1.50,1.50
2012.05.28 14:27:29.460,0.95873,0.95885,1.50,2.25
2012.05.28 14:27:29.602,0.95871,0.95885,2.25,2.25
2012.05.28 14:27:29.863,0.95871,0.95883,2.25,1.50
2012.05.28 14:27:30.211,0.95873,0.95885,2.64,1.50
2012.05.28 14:27:30.948,0.95874,0.95886,3.00,1.50
2012.05.28 14:27:31.030,0.95877,0.95889,1.50,2.25
2012.05.28 14:27:31.582,0.95878,0.95889,1.50,1.50
2012.05.28 14:27:31.790,0.95878,0.95887,1.50,1.50
2012.05.28 14:27:31.858,0.95878,0.9589,1.50,1.50
2012.05.28 14:27:32.751,0.95878,0.9589,1.50,1.50
2012.05.28 14:27:33.287,0.95878,0.9589,1.50,1.50
2012.05.28 14:27:34.511,0.95877,0.95891,3.00,1.50
2012.05.28 14:27:34.579,0.95877,0.95889,3.00,1.50
2012.05.28 14:27:35.084,0.95878,0.9589,2.25,1.50
2012.05.28 14:27:35.649,0.95877,0.95889,3.75,1.50
2012.05.28 14:27:36.322,0.95877,0.95889,2.63,2.25
2012.05.28 14:27:36.464,0.95873,0.95886,1.50,1.50
2012.05.28 14:27:37.034,0.95872,0.95886,1.50,3.75
2012.05.28 14:27:37.115,0.95871,0.95883,1.88,1.50
2012.05.28 14:27:37.670,0.95873,0.95884,1.50,2.25
2012.05.28 14:27:37.881,0.95871,0.95883,2.25,1.50
2012.05.28 14:27:45.051,0.95873,0.95885,1.50,2.25
2012.05.28 14:27:45.532,0.95875,0.95888,2.25,3.00
2012.05.28 14:27:46.070,0.95876,0.95888,2.25,2.63
2012.05.28 14:27:47.419,0.95876,0.95888,3.00,2.63
2012.05.28 14:27:47.894,0.95877,0.95889,2.25,3.00
2012.05.28 14:27:48.547,0.95877,0.95889,1.50,3.00
2012.05.28 14:27:49.098,0.95877,0.95889,2.25,1.88
2012.05.28 14:27:50.481,0.95879,0.9589,1.50,1.13
2012.05.28 14:27:50.690,0.95877,0.95891,3.38,1.88
2012.05.28 14:27:50.762,0.95879,0.95891,1.50,1.88
2012.05.28 14:27:51.042,0.95878,0.95892,1.50,1.50
2012.05.28 14:27:51.379,0.95878,0.9589,2.25,1.50
2012.05.28 14:28:00.939,0.95879,0.95891,1.50,1.50
2012.05.28 14:28:01.513,0.95878,0.9589,1.69,1.50
2012.05.28 14:28:03.762,0.95877,0.9589,2.25,1.88
2012.05.28 14:28:04.100,0.95877,0.95889,1.50,4.50
2012.05.28 14:28:04.619,0.95878,0.95889,1.50,4.88
2012.05.28 14:28:05.128,0.95876,0.95889,2.25,4.88
2012.05.28 14:28:07.092,0.95879,0.95889,1.50,2.25
2012.05.28 14:28:07.158,0.95879,0.95891,1.50,4.50
2012.05.28 14:28:07.841,0.95878,0.9589,2.25,1.88
2012.05.28 14:28:09.397,0.95877,0.95891,2.25,5.25
2012.05.28 14:28:10.168,0.95877,0.95891,2.25,3.19
2012.05.28 14:28:10.701,0.95878,0.95892,2.25,5.25
2012.05.28 14:28:11.308,0.95878,0.95892,2.25,4.50
2012.05.28 14:28:11.971,0.95877,0.95891,2.25,1.88
2012.05.28 14:28:13.968,0.95877,0.95891,2.25,1.50
2012.05.28 14:28:14.700,0.95877,0.95891,2.25,2.44
2012.05.28 14:28:15.582,0.95877,0.95889,2.25,1.50
2012.05.28 14:28:16.203,0.95877,0.95891,2.25,3.19
2012.05.28 14:28:16.538,0.95877,0.95889,2.25,1.50
2012.05.28 14:28:16.898,0.95876,0.9589,2.25,1.50
2012.05.28 14:28:17.459,0.95876,0.9589,3.00,1.50
2012.05.28 14:28:17.960,0.95878,0.9589,2.25,1.50
2012.05.28 14:28:18.554,0.95876,0.9589,2.25,1.50
2012.05.28 14:28:18.769,0.95878,0.9589,2.25,1.69
2012.05.28 14:28:19.490,0.95878,0.95892,2.25,2.44
2012.05.28 14:28:19.932,0.95878,0.9589,2.25,1.50
2012.05.28 14:28:20.557,0.95879,0.95891,1.50,1.50
2012.05.28 14:28:21.738,0.95877,0.95891,3.00,1.50
2012.05.28 14:28:22.211,0.95877,0.95889,2.25,1.50
2012.05.28 14:28:22.728,0.95877,0.9589,3.00,1.50
2012.05.28 14:28:23.656,0.95876,0.9589,3.00,2.63
2012.05.28 14:28:24.429,0.95878,0.9589,1.50,2.63
2012.05.28 14:28:25.278,0.95877,0.95889,2.25,1.88
2012.05.28 14:28:25.802,0.95876,0.95888,2.25,1.50
2012.05.28 14:28:26.319,0.95877,0.95889,1.50,1.88
2012.05.28 14:28:28.598,0.95876,0.9589,2.25,3.38
2012.05.28 14:28:29.358,0.95876,0.9589,2.25,3.19
2012.05.28 14:28:30.010,0.95876,0.9589,2.25,3.19
2012.05.28 14:28:30.208,0.95875,0.95889,3.75,1.69
2012.05.28 14:28:30.889,0.95878,0.9589,1.50,3.19
2012.05.28 14:28:31.440,0.95876,0.9589,2.25,3.94
2012.05.28 14:28:32.060,0.95876,0.9589,2.25,3.94
2012.05.28 14:28:34.749,0.95876,0.9589,2.25,4.13
2012.05.28 14:28:38.117,0.95876,0.9589,2.25,4.13
2012.05.28 14:28:38.903,0.95876,0.9589,1.50,4.13
2012.05.28 14:28:39.416,0.95876,0.9589,2.25,6.00
2012.05.28 14:28:42.030,0.95876,0.9589,3.00,4.50
2012.05.28 14:28:42.174,0.95876,0.9589,2.25,3.00
2012.05.28 14:28:42.250,0.95876,0.9589,2.25,3.00
2012.05.28 14:28:42.787,0.95877,0.95889,1.50,2.63
2012.05.28 14:28:44.089,0.95877,0.95889,1.50,2.63
2012.05.28 14:28:44.349,0.95875,0.95889,3.00,2.63
2012.05.28 14:28:46.040,0.95875,0.95887,3.00,1.50
2012.05.28 14:28:46.560,0.95874,0.95886,2.25,1.50
2012.05.28 14:28:46.817,0.95876,0.95888,1.50,2.25
2012.05.28 14:28:46.967,0.95874,0.95888,2.25,2.25
2012.05.28 14:28:47.830,0.95875,0.95888,1.50,1.13
2012.05.28 14:28:48.391,0.95875,0.95887,1.50,2.44
2012.05.28 14:28:48.518,0.95877,0.95889,1.50,6.00
2012.05.28 14:28:48.981,0.95874,0.95888,1.50,2.44
2012.05.28 14:28:49.320,0.95876,0.95888,1.50,3.19
2012.05.28 14:28:49.940,0.95875,0.95887,1.50,2.44
2012.05.28 14:28:53.570,0.95876,0.95888,1.50,2.44
2012.05.28 14:28:54.131,0.95874,0.95887,1.50,1.88
2012.05.28 14:28:54.638,0.95871,0.95883,3.75,1.50
2012.05.28 14:28:54.709,0.95871,0.95883,3.75,1.50
2012.05.28 14:28:56.272,0.9587,0.95882,1.50,1.50
2012.05.28 14:28:56.788,0.95869,0.95883,3.00,1.50
2012.05.28 14:28:56.860,0.95871,0.95883,1.50,1.50
2012.05.28 14:28:57.989,0.9587,0.95884,1.50,2.25
2012.05.28 14:28:58.717,0.9587,0.95884,3.00,2.44
2012.05.28 14:28:59.279,0.9587,0.95882,2.25,1.50
2012.05.28 14:28:59.877,0.95871,0.95883,2.25,1.50
2012.05.28 14:29:01.141,0.95869,0.95883,2.63,1.50
2012.05.28 14:29:01.282,0.95869,0.95881,1.13,1.50
2012.05.28 14:29:01.636,0.95866,0.95878,6.00,1.50
2012.05.28 14:29:01.781,0.95864,0.95878,4.51,2.25
2012.05.28 14:29:02.338,0.95865,0.95877,2.25,1.50
2012.05.28 14:29:04.130,0.95862,0.95876,2.25,1.50
2012.05.28 14:29:04.685,0.95863,0.95875,3.00,1.50
2012.05.28 14:29:05.187,0.95864,0.95876,1.50,2.25
2012.05.28 14:29:05.769,0.95863,0.95876,1.50,2.25
2012.05.28 14:29:06.353,0.95864,0.95876,1.50,2.25
2012.05.28 14:29:06.770,0.95866,0.95878,1.50,1.88
2012.05.28 14:29:07.087,0.95863,0.95876,1.50,2.25
2012.05.28 14:29:07.600,0.95863,0.95877,2.25,2.25
2012.05.28 14:29:09.140,0.95863,0.95875,2.25,1.50
2012.05.28 14:29:11.098,0.95861,0.95873,3.00,1.50
2012.05.28 14:29:11.407,0.95862,0.95874,2.25,1.50
2012.05.28 14:29:14.397,0.95862,0.95874,2.25,1.50
2012.05.28 14:29:16.953,0.95862,0.95874,2.25,1.50
2012.05.28 14:29:18.339,0.95862,0.95874,3.00,1.50
2012.05.28 14:29:18.529,0.95862,0.95876,3.75,1.88
2012.05.28 14:29:18.872,0.95862,0.95876,3.75,1.88
2012.05.28 14:29:20.277,0.95863,0.95875,2.25,1.50
2012.05.28 14:29:24.477,0.95862,0.95873,1.50,1.50
2012.05.28 14:29:24.988,0.95859,0.95871,1.89,1.50
2012.05.28 14:29:25.539,0.9586,0.95874,1.50,4.50
2012.05.28 14:29:26.050,0.95861,0.95873,2.25,1.69
2012.05.28 14:29:26.781,0.9586,0.95874,2.25,1.88
2012.05.28 14:29:27.519,0.9586,0.95874,2.25,1.88
2012.05.28 14:29:28.058,0.9586,0.95875,1.50,1.13
2012.05.28 14:29:28.562,0.9586,0.95874,3.00,1.88
2012.05.28 14:29:28.689,0.9586,0.95874,2.25,1.88
2012.05.28 14:29:29.539,0.95861,0.95873,2.25,1.50
2012.05.28 14:29:30.347,0.95859,0.95873,3.00,1.50
2012.05.28 14:29:30.897,0.9586,0.95874,2.25,1.50
2012.05.28 14:29:31.556,0.9586,0.95874,2.25,1.50
2012.05.28 14:29:31.689,0.9586,0.95872,2.25,1.50
2012.05.28 14:29:32.212,0.9586,0.95872,1.50,1.50
2012.05.28 14:29:32.612,0.95858,0.9587,2.25,1.50
2012.05.28 14:29:32.683,0.95859,0.95872,1.50,2.25
2012.05.28 14:29:33.232,0.95858,0.95872,2.25,2.44
2012.05.28 14:29:33.867,0.95858,0.9587,2.25,1.50
2012.05.28 14:29:34.271,0.9586,0.95872,2.25,1.50
2012.05.28 14:29:34.482,0.95862,0.95874,1.50,1.88
2012.05.28 14:29:35.090,0.95861,0.95873,1.50,2.25
2012.05.28 14:29:35.230,0.95859,0.9587,1.50,1.50
2012.05.28 14:29:35.939,0.95859,0.95871,3.00,1.50
2012.05.28 14:29:36.789,0.95859,0.9587,1.50,1.50
2012.05.28 14:29:37.318,0.95858,0.95872,4.13,1.50
2012.05.28 14:29:39.881,0.95859,0.95872,1.50,1.50
2012.05.28 14:29:39.951,0.95862,0.95874,1.50,3.00
2012.05.28 14:29:40.457,0.95861,0.95873,1.50,1.50
2012.05.28 14:29:43.229,0.95862,0.95874,2.25,1.50
2012.05.28 14:29:43.571,0.95864,0.95876,1.50,2.59
2012.05.28 14:29:46.299,0.95863,0.95875,1.50,1.50
2012.05.28 14:29:47.492,0.95864,0.95876,1.50,1.69
2012.05.28 14:29:48.020,0.95863,0.95877,2.25,2.44
2012.05.28 14:29:48.587,0.95862,0.95876,1.50,1.69
2012.05.28 14:29:50.420,0.95864,0.95876,1.50,1.50
2012.05.28 14:29:50.967,0.95863,0.95875,1.50,2.25
2012.05.28 14:29:57.118,0.95861,0.95871,1.50,1.50
2012.05.28 14:29:57.194,0.9586,0.95872,1.88,2.25
2012.05.28 14:29:57.414,0.9586,0.95874,1.88,2.25
2012.05.28 14:29:57.868,0.9586,0.95872,1.88,1.50
2012.05.28 14:29:57.940,0.9586,0.95874,2.63,1.50
2012.05.28 14:29:58.450,0.95861,0.95873,2.25,1.50
2012.05.28 14:29:58.957,0.95862,0.95874,2.25,1.50
2012.05.28 14:30:01.571,0.95862,0.95874,2.25,1.50
2012.05.28 14:30:01.710,0.95864,0.95876,1.50,1.50
2012.05.28 14:30:02.598,0.95863,0.95875,2.25,1.50
2012.05.28 14:30:02.859,0.95863,0.95877,2.25,4.13
2012.05.28 14:30:03.359,0.95864,0.95876,1.50,1.50
2012.05.28 14:30:04.309,0.95864,0.95876,1.95,1.50
2012.05.28 14:30:04.378,0.95866,0.95878,1.50,1.69
2012.05.28 14:30:04.954,0.95865,0.95877,1.95,1.50
2012.05.28 14:30:05.488,0.95864,0.95878,2.40,1.69
2012.05.28 14:30:06.029,0.95865,0.95877,2.25,1.50
2012.05.28 14:30:06.531,0.95866,0.95878,1.50,1.50
2012.05.28 14:30:07.059,0.95865,0.95877,1.50,1.50
2012.05.28 14:30:07.760,0.95866,0.95878,1.50,1.50
2012.05.28 14:30:08.299,0.95865,0.95877,1.69,1.50
2012.05.28 14:30:08.840,0.95866,0.95878,1.50,1.50
2012.05.28 14:30:09.370,0.95865,0.95877,2.25,1.50
2012.05.28 14:30:09.704,0.95865,0.95875,1.13,1.50
2012.05.28 14:30:10.062,0.95861,0.95872,2.25,1.50
2012.05.28 14:30:11.079,0.95861,0.95873,2.82,1.69
2012.05.28 14:30:11.639,0.95861,0.95875,2.82,3.75
2012.05.28 14:30:11.772,0.95861,0.95875,2.82,1.69
2012.05.28 14:30:12.274,0.95861,0.95875,3.57,1.69
2012.05.28 14:30:13.089,0.95862,0.95875,1.32,1.69
2012.05.28 14:30:16.698,0.95862,0.95875,1.32,1.88
2012.05.28 14:30:18.678,0.95861,0.95875,2.82,2.63
2012.05.28 14:30:20.467,0.95861,0.95875,2.82,2.63
2012.05.28 14:30:21.301,0.95861,0.95875,2.82,2.63
2012.05.28 14:30:21.841,0.95861,0.95873,2.25,1.50
2012.05.28 14:30:22.039,0.95859,0.95871,2.25,1.50
2012.05.28 14:30:22.249,0.95858,0.95871,1.13,1.50
2012.05.28 14:30:23.072,0.95858,0.95869,1.13,1.50
2012.05.28 14:30:23.450,0.95857,0.95869,2.63,2.25
2012.05.28 14:30:23.873,0.95854,0.95866,1.89,2.25
2012.05.28 14:30:23.953,0.95853,0.95863,1.13,1.50
2012.05.28 14:30:24.021,0.95851,0.95863,6.43,1.50
2012.05.28 14:30:24.680,0.95851,0.95862,1.89,1.50
2012.05.28 14:30:24.889,0.95851,0.9586,1.14,1.50
2012.05.28 14:30:25.423,0.95849,0.95861,2.63,1.50
2012.05.28 14:30:26.589,0.95849,0.95861,2.63,1.50
2012.05.28 14:30:27.149,0.95848,0.95862,3.38,1.69
2012.05.28 14:30:27.481,0.95851,0.95863,1.50,1.69
2012.05.28 14:30:28.034,0.95851,0.95863,1.50,2.25
2012.05.28 14:30:29.640,0.95848,0.95862,4.13,1.50
2012.05.28 14:30:30.550,0.95849,0.95862,1.50,1.50
2012.05.28 14:30:31.108,0.95848,0.95862,4.13,1.50
2012.05.28 14:30:32.819,0.95849,0.95862,1.50,1.50
2012.05.28 14:30:34.783,0.95849,0.95862,1.50,1.50
2012.05.28 14:30:35.337,0.95849,0.95862,1.50,1.50
2012.05.28 14:30:35.466,0.9585,0.95864,2.25,3.38
2012.05.28 14:30:40.097,0.9585,0.95864,3.00,1.50
2012.05.28 14:30:45.258,0.9585,0.95864,5.25,1.50
2012.05.28 14:30:45.530,0.95854,0.95866,2.25,2.25
2012.05.28 14:30:46.480,0.95852,0.95866,1.50,2.25
2012.05.28 14:30:47.021,0.95853,0.95867,1.50,2.44
2012.05.28 14:30:47.558,0.95852,0.95866,2.25,1.50
2012.05.28 14:30:47.821,0.95854,0.95866,1.50,1.50
2012.05.28 14:30:49.558,0.95852,0.95866,2.25,1.50
2012.05.28 14:30:50.298,0.95853,0.95867,1.50,3.00
2012.05.28 14:30:51.948,0.95853,0.95865,1.50,1.50
2012.05.28 14:30:52.583,0.9585,0.95864,3.19,1.50
2012.05.28 14:30:53.098,0.95851,0.95864,4.69,1.50
2012.05.28 14:30:53.233,0.9585,0.95864,3.77,1.50
2012.05.28 14:30:53.312,0.9585,0.95864,3.81,1.50
2012.05.28 14:30:53.448,0.9585,0.95864,2.25,1.50
2012.05.28 14:30:53.999,0.95851,0.95865,2.25,1.50
2012.05.28 14:30:54.833,0.95852,0.95864,2.25,1.50
2012.05.28 14:30:59.418,0.95851,0.95865,3.00,1.69
2012.05.28 14:30:59.558,0.95851,0.95863,2.25,1.50
2012.05.28 14:31:01.145,0.9585,0.95864,2.63,1.50
2012.05.28 14:31:01.668,0.95851,0.95863,1.88,1.50
2012.05.28 14:31:02.192,0.9585,0.95864,3.00,1.50
2012.05.28 14:31:02.731,0.95851,0.95865,3.00,1.88
2012.05.28 14:31:03.738,0.9585,0.95862,2.44,1.50
2012.05.28 14:31:03.928,0.95852,0.95864,1.50,3.00
2012.05.28 14:31:04.479,0.95851,0.95865,3.00,1.50
2012.05.28 14:31:05.054,0.95851,0.95865,3.00,1.50
2012.05.28 14:31:05.589,0.95851,0.95863,2.25,1.50
2012.05.28 14:31:06.129,0.95852,0.95864,3.00,1.50
2012.05.28 14:31:10.162,0.95851,0.95863,2.25,1.50
2012.05.28 14:31:10.719,0.95852,0.95864,2.25,1.69
2012.05.28 14:31:12.731,0.95852,0.95864,3.00,1.69
2012.05.28 14:31:13.225,0.95855,0.95868,1.50,1.92
2012.05.28 14:31:13.441,0.95853,0.95865,1.50,1.50
2012.05.28 14:31:14.459,0.95854,0.95866,1.50,1.50
2012.05.28 14:31:14.529,0.95852,0.95866,2.25,1.50
2012.05.28 14:31:15.061,0.95853,0.95867,2.25,1.69
2012.05.28 14:31:17.197,0.95853,0.95867,1.50,1.69
2012.05.28 14:31:20.248,0.95853,0.95867,1.50,1.88
2012.05.28 14:31:23.511,0.95853,0.95867,2.25,1.88
2012.05.28 14:31:23.639,0.95856,0.95868,1.50,1.69
2012.05.28 14:31:23.919,0.95856,0.9587,1.50,2.82
2012.05.28 14:31:24.478,0.95854,0.95868,2.25,1.50
2012.05.28 14:31:25.831,0.95855,0.95869,2.25,1.88
2012.05.28 14:31:26.379,0.95856,0.9587,2.25,1.50
2012.05.28 14:31:26.590,0.95855,0.95867,1.50,1.50
2012.05.28 14:31:27.150,0.95855,0.95868,1.50,1.50
2012.05.28 14:31:28.958,0.95855,0.95868,2.25,1.50
2012.05.28 14:31:29.517,0.95855,0.95867,3.00,1.50
2012.05.28 14:31:30.517,0.95855,0.95869,3.00,1.69
2012.05.28 14:31:31.093,0.95855,0.95869,3.00,1.50
2012.05.28 14:31:31.646,0.95856,0.9587,1.50,1.69
2012.05.28 14:31:35.897,0.95856,0.9587,1.50,1.69
2012.05.28 14:31:38.160,0.95856,0.9587,2.25,1.69
2012.05.28 14:31:38.688,0.95856,0.9587,2.25,1.50
2012.05.28 14:31:39.233,0.95857,0.95869,1.50,1.50
2012.05.28 14:31:43.740,0.95855,0.95869,3.19,1.50
2012.05.28 14:31:44.320,0.95857,0.95869,1.50,1.50
2012.05.28 14:31:45.909,0.95855,0.95869,3.94,1.50
2012.05.28 14:31:46.457,0.95857,0.95869,1.50,1.50
2012.05.28 14:31:47.478,0.95856,0.95868,1.50,1.50
2012.05.28 14:31:48.742,0.95856,0.9587,1.50,1.69
2012.05.28 14:31:48.870,0.95858,0.95872,2.25,4.50
2012.05.28 14:31:49.392,0.95858,0.95872,2.25,3.75
2012.05.28 14:31:49.461,0.95858,0.95872,2.25,1.50
2012.05.28 14:31:50.970,0.95858,0.95872,2.25,1.50
2012.05.28 14:31:59.165,0.95858,0.9587,1.50,1.50
2012.05.28 14:31:59.778,0.95859,0.95871,1.50,1.50
2012.05.28 14:32:10.087,0.95858,0.9587,1.50,1.50
2012.05.28 14:32:20.769,0.95858,0.9587,3.00,1.50
2012.05.28 14:32:21.121,0.95865,0.95877,2.25,1.88
2012.05.28 14:32:21.260,0.95866,0.9588,1.50,4.50
2012.05.28 14:32:21.861,0.95865,0.95879,1.50,1.69
2012.05.28 14:32:22.370,0.95865,0.95879,2.14,1.50
2012.05.28 14:32:23.662,0.95868,0.9588,1.50,1.50
2012.05.28 14:32:25.003,0.95865,0.95879,5.63,1.50
2012.05.28 14:32:25.507,0.95866,0.9588,2.25,1.50
2012.05.28 14:32:35.927,0.95865,0.95878,2.25,1.50
2012.05.28 14:32:36.698,0.95866,0.95878,1.50,1.50
2012.05.28 14:32:49.453,0.95868,0.9588,1.50,2.25
2012.05.28 14:32:49.803,0.95865,0.95878,1.20,1.50
2012.05.28 14:32:50.367,0.95865,0.95877,2.25,1.50
2012.05.28 14:32:50.712,0.95863,0.95876,1.89,2.25
2012.05.28 14:32:51.101,0.95862,0.95872,1.88,2.25
2012.05.28 14:32:51.246,0.9586,0.95872,1.50,1.50
2012.05.28 14:32:51.463,0.95859,0.9587,1.13,1.50
2012.05.28 14:32:52.019,0.95858,0.95869,2.07,1.50
2012.05.28 14:32:52.158,0.95858,0.95872,3.57,2.25
2012.05.28 14:32:52.708,0.95858,0.95871,1.88,2.18
2012.05.28 14:32:53.939,0.95858,0.95872,2.63,1.50
2012.05.28 14:32:57.302,0.95858,0.95872,2.25,1.69
2012.05.28 14:32:58.160,0.95861,0.95873,1.50,4.43
2012.05.28 14:32:58.301,0.95861,0.95873,1.50,2.18
2012.05.28 14:32:58.508,0.95864,0.95875,1.50,1.43
2012.05.28 14:32:58.650,0.95864,0.95876,1.50,3.15
2012.05.28 14:32:58.992,0.95861,0.95873,2.25,1.50
2012.05.28 14:32:59.530,0.95859,0.95873,3.75,1.50
2012.05.28 14:32:59.601,0.95862,0.95874,1.50,1.50
2012.05.28 14:33:00.109,0.9586,0.95874,2.25,1.50
2012.05.28 14:33:00.668,0.9586,0.95872,2.25,1.50
2012.05.28 14:33:01.228,0.95861,0.95873,1.50,1.50
2012.05.28 14:33:03.628,0.9586,0.95872,1.50,1.50
2012.05.28 14:33:16.428,0.9586,0.95874,1.50,1.88
2012.05.28 14:33:21.128,0.95859,0.95873,1.50,1.50
2012.05.28 14:33:24.703,0.95858,0.95872,1.50,1.50
2012.05.28 14:33:24.849,0.95857,0.95871,2.63,2.18
2012.05.28 14:33:25.190,0.95857,0.95868,1.13,1.50
2012.05.28 14:33:25.796,0.95855,0.95869,1.50,2.25
2012.05.28 14:33:25.870,0.95857,0.95869,1.50,2.25
2012.05.28 14:33:26.014,0.95855,0.95869,1.50,2.25
2012.05.28 14:33:26.091,0.95856,0.9587,1.50,2.25
2012.05.28 14:33:26.231,0.95855,0.95869,1.50,1.50
2012.05.28 14:33:26.620,0.95856,0.95868,1.50,1.50
2012.05.28 14:33:26.703,0.95854,0.95866,1.50,1.50
2012.05.28 14:33:26.781,0.95854,0.95865,1.50,1.50
2012.05.28 14:33:27.350,0.95853,0.95865,1.88,1.50
2012.05.28 14:33:28.169,0.95854,0.95865,1.50,1.50
2012.05.28 14:33:28.678,0.95854,0.95866,1.50,3.68
2012.05.28 14:33:28.879,0.95854,0.95866,2.25,1.50
2012.05.28 14:33:29.082,0.95855,0.95869,3.38,1.50
2012.05.28 14:33:29.733,0.95855,0.95868,1.13,2.25
2012.05.28 14:33:29.943,0.95855,0.95869,4.13,3.75
2012.05.28 14:33:30.488,0.95855,0.95866,3.38,1.50
2012.05.28 14:33:31.015,0.95857,0.95869,1.50,2.25
2012.05.28 14:33:31.200,0.95857,0.95869,1.50,1.50
2012.05.28 14:33:31.285,0.95861,0.95873,1.50,5.25
2012.05.28 14:33:31.434,0.95861,0.95874,2.25,1.32
2012.05.28 14:33:31.793,0.9586,0.95872,2.25,1.50
2012.05.28 14:33:36.650,0.95859,0.95872,1.13,1.50
2012.05.28 14:33:37.150,0.95858,0.95872,2.25,1.50
2012.05.28 14:33:39.243,0.95857,0.95871,5.82,1.50
2012.05.28 14:33:39.513,0.95857,0.95869,3.19,1.50
2012.05.28 14:33:40.302,0.95857,0.95871,2.25,2.44
2012.05.28 14:33:40.654,0.95856,0.95868,1.88,1.50
2012.05.28 14:33:40.870,0.95855,0.95867,3.00,1.50
2012.05.28 14:33:41.098,0.95855,0.95869,3.00,2.25
2012.05.28 14:33:41.640,0.95856,0.95868,1.50,1.50
2012.05.28 14:33:44.061,0.95857,0.95869,1.50,1.50
2012.05.28 14:33:44.460,0.95858,0.95872,1.50,4.13
2012.05.28 14:33:44.731,0.95858,0.9587,1.50,1.50
2012.05.28 14:33:45.520,0.95859,0.95871,1.50,1.50
2012.05.28 14:33:46.050,0.9586,0.95872,1.50,1.13
2012.05.28 14:33:46.560,0.95859,0.95872,1.50,1.13
2012.05.28 14:33:47.000,0.95861,0.95873,1.50,2.63
2012.05.28 14:33:47.347,0.95859,0.95873,1.50,2.63
2012.05.28 14:33:52.549,0.95859,0.95873,1.50,2.25
2012.05.28 14:33:52.682,0.95858,0.9587,1.50,1.50
2012.05.28 14:33:53.023,0.95857,0.95868,1.69,1.50
2012.05.28 14:33:53.368,0.95858,0.95868,1.50,1.50
2012.05.28 14:33:53.561,0.95861,0.95873,1.50,1.88
2012.05.28 14:33:53.701,0.95857,0.95869,3.94,1.50
2012.05.28 14:33:53.981,0.95856,0.95868,1.50,1.50
2012.05.28 14:33:54.527,0.95854,0.95868,3.19,1.50
2012.05.28 14:33:55.088,0.95856,0.9587,2.25,3.00
2012.05.28 14:33:56.279,0.95856,0.9587,3.00,2.44
2012.05.28 14:33:56.491,0.95858,0.9587,1.50,1.50
2012.05.28 14:33:57.048,0.95858,0.9587,1.50,1.69
2012.05.28 14:33:57.300,0.95856,0.95869,2.25,1.69
2012.05.28 14:34:00.109,0.95856,0.9587,2.25,2.63
2012.05.28 14:34:00.840,0.95855,0.95869,2.25,1.50
2012.05.28 14:34:01.398,0.95856,0.9587,2.25,1.50
2012.05.28 14:34:02.778,0.95856,0.9587,1.50,1.69
2012.05.28 14:34:03.062,0.95855,0.95867,3.00,1.50
2012.05.28 14:34:03.201,0.95856,0.95869,1.50,2.44
2012.05.28 14:34:03.274,0.95855,0.95867,2.25,1.50
2012.05.28 14:34:03.564,0.95855,0.95869,2.25,1.69
2012.05.28 14:34:03.850,0.95857,0.95869,1.50,1.69
2012.05.28 14:34:04.201,0.95859,0.95871,2.25,1.50
2012.05.28 14:34:04.823,0.9586,0.95874,1.50,2.44
2012.05.28 14:34:07.314,0.95857,0.95871,3.00,1.50
2012.05.28 14:34:07.452,0.95859,0.95871,1.50,1.50
2012.05.28 14:34:08.680,0.95857,0.95871,2.25,1.50
2012.05.28 14:34:08.890,0.95855,0.95868,2.44,1.50
2012.05.28 14:34:09.092,0.95856,0.9587,2.44,3.00
2012.05.28 14:34:14.678,0.95856,0.95868,3.00,1.50
2012.05.28 14:34:15.359,0.95857,0.95869,2.25,1.50
2012.05.28 14:34:15.793,0.95857,0.95869,3.75,1.50
2012.05.28 14:34:15.871,0.95859,0.95871,2.25,1.50
2012.05.28 14:34:15.942,0.95859,0.95871,2.25,1.50
2012.05.28 14:34:16.152,0.9586,0.95874,2.25,2.44
2012.05.28 14:34:16.429,0.95859,0.95871,3.00,1.50
2012.05.28 14:34:19.708,0.95859,0.95871,2.44,1.50
2012.05.28 14:34:20.283,0.95859,0.95871,2.44,1.50
2012.05.28 14:34:23.478,0.95859,0.95871,3.00,1.50
2012.05.28 14:34:24.449,0.9586,0.95874,1.50,3.00
2012.05.28 14:34:24.578,0.9586,0.95872,1.50,1.50
2012.05.28 14:34:25.170,0.95861,0.95873,1.50,1.50
2012.05.28 14:34:25.880,0.9586,0.95872,2.25,1.50
2012.05.28 14:34:30.535,0.95858,0.9587,2.44,1.50
2012.05.28 14:34:30.752,0.95856,0.95869,2.63,1.50
2012.05.28 14:34:31.345,0.95857,0.9587,2.63,1.13
2012.05.28 14:34:33.705,0.95855,0.95869,2.25,1.50
2012.05.28 14:34:34.218,0.95856,0.95868,2.25,1.50
2012.05.28 14:34:34.289,0.95856,0.9587,2.25,2.63
2012.05.28 14:34:34.813,0.95855,0.95869,2.25,1.50
2012.05.28 14:34:35.902,0.95855,0.95869,3.00,2.25
2012.05.28 14:34:36.784,0.95855,0.95869,2.25,1.50
2012.05.28 14:34:37.003,0.95854,0.95868,1.69,1.50
2012.05.28 14:34:37.074,0.95853,0.95866,1.69,1.50
2012.05.28 14:34:37.609,0.95853,0.95865,2.25,1.50
2012.05.28 14:34:38.481,0.95854,0.95866,1.50,1.50
2012.05.28 14:34:46.977,0.95852,0.95866,3.00,1.50
2012.05.28 14:34:47.662,0.95853,0.95867,2.25,1.88
2012.05.28 14:34:50.642,0.95852,0.95866,2.63,2.25
2012.05.28 14:34:50.920,0.95851,0.95865,4.13,1.50
2012.05.28 14:34:51.309,0.95851,0.95865,4.88,1.50
2012.05.28 14:34:51.911,0.95854,0.95866,2.25,1.50
2012.05.28 14:34:52.241,0.95852,0.95864,2.25,1.50
2012.05.28 14:34:52.794,0.9585,0.95864,2.25,1.50
2012.05.28 14:34:53.389,0.9585,0.95864,2.25,1.50
2012.05.28 14:34:54.000,0.9585,0.95864,2.25,1.50
2012.05.28 14:34:54.490,0.95851,0.95864,1.50,1.50
2012.05.28 14:34:54.763,0.95854,0.95866,1.50,2.25
2012.05.28 14:34:55.302,0.95853,0.95867,3.00,2.25
2012.05.28 14:34:59.230,0.95855,0.95869,1.50,6.00
2012.05.28 14:34:59.830,0.95853,0.95866,1.13,1.50
2012.05.28 14:35:00.211,0.95858,0.95868,1.50,1.69
2012.05.28 14:35:00.426,0.95858,0.95872,3.19,1.50
2012.05.28 14:35:00.979,0.9586,0.95872,1.50,1.50
2012.05.28 14:35:01.462,0.95862,0.95874,1.50,1.88
2012.05.28 14:35:01.810,0.95859,0.95873,3.00,1.50
2012.05.28 14:35:02.030,0.95861,0.95873,1.50,1.50
2012.05.28 14:35:02.419,0.95859,0.95873,3.00,1.50
2012.05.28 14:35:03.031,0.9586,0.95874,2.25,1.88
2012.05.28 14:35:03.453,0.95862,0.95873,2.25,1.50
2012.05.28 14:35:03.526,0.95865,0.95877,1.50,3.19
2012.05.28 14:35:03.661,0.95862,0.95876,2.25,1.50
2012.05.28 14:35:03.790,0.95864,0.95876,1.50,1.50
2012.05.28 14:35:04.720,0.95863,0.95875,1.50,1.50
2012.05.28 14:35:07.148,0.95863,0.95877,1.50,2.44
2012.05.28 14:35:07.771,0.95862,0.95876,1.50,1.88
2012.05.28 14:35:12.330,0.95864,0.95876,1.50,1.50
2012.05.28 14:35:13.397,0.95862,0.95876,1.50,1.50
2012.05.28 14:35:13.466,0.95864,0.95876,1.50,1.50
2012.05.28 14:35:14.338,0.95862,0.95876,3.00,1.50
2012.05.28 14:35:14.529,0.95864,0.95876,1.50,1.50
2012.05.28 14:36:02.700,0.95862,0.95876,1.50,1.50
2012.05.28 14:36:05.076,0.95863,0.95877,1.50,3.00
2012.05.28 14:36:05.526,0.95863,0.95875,1.50,1.50
2012.05.28 14:36:06.278,0.95863,0.95877,1.50,3.00
2012.05.28 14:36:08.470,0.95866,0.95878,1.50,2.44
2012.05.28 14:36:08.823,0.9587,0.95884,1.50,3.92
2012.05.28 14:36:08.895,0.95868,0.95882,1.50,2.03
2012.05.28 14:36:08.970,0.9587,0.95883,1.50,2.40
2012.05.28 14:36:09.171,0.9587,0.95884,1.50,3.02
2012.05.28 14:36:09.691,0.95869,0.95883,1.50,1.88
2012.05.28 14:36:12.930,0.95871,0.95883,1.50,1.69
2012.05.28 14:36:13.118,0.95869,0.95883,3.00,1.69
2012.05.28 14:36:13.380,0.95871,0.95883,1.50,1.69
2012.05.28 14:36:13.568,0.95869,0.95883,2.25,1.69
2012.05.28 14:36:14.209,0.95871,0.95883,1.50,1.69
2012.05.28 14:36:14.760,0.9587,0.95882,1.50,1.50
2012.05.28 14:36:16.022,0.95871,0.95883,1.50,1.69
2012.05.28 14:36:16.374,0.95876,0.95888,1.50,2.25
2012.05.28 14:36:16.932,0.95874,0.95888,1.50,1.50
2012.05.28 14:36:17.617,0.95872,0.95884,2.48,1.50
2012.05.28 14:36:18.182,0.95871,0.95883,2.25,1.50
2012.05.28 14:36:18.560,0.95872,0.95886,2.25,2.44
2012.05.28 14:36:19.239,0.95872,0.95886,2.25,1.88
2012.05.28 14:36:21.339,0.95873,0.95887,1.50,3.75
2012.05.28 14:36:21.730,0.95873,0.95885,2.25,1.50
2012.05.28 14:36:22.513,0.95872,0.95886,2.25,1.50
2012.05.28 14:36:24.649,0.95874,0.95886,1.50,1.50
2012.05.28 14:36:25.124,0.95876,0.95888,1.50,2.63
2012.05.28 14:36:25.892,0.95875,0.95889,2.25,2.25
2012.05.28 14:36:26.440,0.95876,0.95888,1.50,2.25
2012.05.28 14:36:27.782,0.95878,0.9589,1.50,1.50
2012.05.28 14:36:28.329,0.95879,0.95891,1.50,1.50
2012.05.28 14:36:28.653,0.95878,0.9589,2.25,1.50
2012.05.28 14:36:28.734,0.95878,0.9589,3.00,1.50
2012.05.28 14:36:28.813,0.9588,0.95893,1.50,2.82
2012.05.28 14:36:29.367,0.95879,0.95893,1.50,3.94
2012.05.28 14:36:29.901,0.95878,0.95892,1.50,2.44
2012.05.28 14:36:30.441,0.95879,0.95891,2.25,1.50
2012.05.28 14:36:31.248,0.95881,0.95893,1.50,3.19
2012.05.28 14:36:31.936,0.9588,0.95892,2.25,2.44
2012.05.28 14:36:32.489,0.95878,0.9589,2.25,1.50
2012.05.28 14:36:35.948,0.95877,0.95889,2.25,1.50
2012.05.28 14:36:36.209,0.95879,0.95891,1.50,1.50
2012.05.28 14:36:36.529,0.95877,0.95889,2.25,1.50
2012.05.28 14:36:36.598,0.95879,0.95891,1.50,1.50
2012.05.28 14:36:36.919,0.95877,0.95889,2.25,1.50
2012.05.28 14:36:37.059,0.95878,0.95892,2.25,2.25
2012.05.28 14:36:37.258,0.95876,0.9589,4.69,1.50
2012.05.28 14:36:37.459,0.95878,0.95892,2.25,3.00
2012.05.28 14:36:37.779,0.95878,0.9589,2.25,1.50
2012.05.28 14:36:37.853,0.95878,0.95892,2.25,3.00
2012.05.28 14:36:37.919,0.95878,0.9589,2.25,1.50
2012.05.28 14:36:38.513,0.95876,0.9589,2.44,1.50
2012.05.28 14:36:38.864,0.95875,0.95887,1.50,1.50
2012.05.28 14:36:39.389,0.95876,0.95888,1.50,1.50
2012.05.28 14:36:40.709,0.95874,0.95888,2.25,1.50
2012.05.28 14:36:41.118,0.95876,0.95888,1.50,1.50
2012.05.28 14:36:41.940,0.95874,0.95886,2.25,2.25
2012.05.28 14:36:42.141,0.95876,0.95888,1.50,1.69
2012.05.28 14:36:42.768,0.95874,0.95888,2.25,1.69
2012.05.28 14:36:44.058,0.95875,0.95889,1.50,1.69
2012.05.28 14:36:44.831,0.95875,0.95889,2.25,1.50
2012.05.28 14:36:45.040,0.95875,0.95887,1.50,1.50
2012.05.28 14:36:45.607,0.95876,0.95888,1.50,1.50
2012.05.28 14:36:46.209,0.95877,0.9589,1.50,4.50
2012.05.28 14:36:46.559,0.95879,0.9589,1.50,1.50
2012.05.28 14:36:47.089,0.95878,0.9589,2.25,1.50
2012.05.28 14:36:51.619,0.95877,0.95889,1.50,1.50
2012.05.28 14:36:51.988,0.95877,0.95891,1.50,3.75
2012.05.28 14:36:52.319,0.95879,0.95891,1.50,1.88
2012.05.28 14:36:52.841,0.95877,0.95891,2.25,1.88
2012.05.28 14:36:53.358,0.95878,0.9589,2.25,1.50
2012.05.28 14:36:55.830,0.95878,0.9589,2.25,1.50
2012.05.28 14:36:56.817,0.95878,0.9589,2.25,1.50
2012.05.28 14:37:00.913,0.95876,0.9589,3.00,1.50
2012.05.28 14:37:04.030,0.95877,0.95891,1.50,1.50
2012.05.28 14:37:04.712,0.95876,0.9589,2.44,1.50
2012.05.28 14:37:05.120,0.95878,0.9589,1.50,1.50
2012.05.28 14:37:05.900,0.95876,0.9589,3.19,1.50
2012.05.28 14:37:06.432,0.95877,0.95891,2.25,1.50
2012.05.28 14:37:09.756,0.95877,0.95889,2.25,1.50
2012.05.28 14:37:10.321,0.95875,0.95888,1.50,1.50
2012.05.28 14:37:10.888,0.95876,0.95888,3.00,1.50
2012.05.28 14:37:11.438,0.95876,0.95888,3.00,1.50
2012.05.28 14:37:16.370,0.95876,0.95888,3.75,1.50
2012.05.28 14:37:16.443,0.95878,0.9589,2.25,1.50
2012.05.28 14:37:16.772,0.95878,0.95892,2.25,2.63
2012.05.28 14:37:17.065,0.95885,0.95896,2.25,1.65
2012.05.28 14:37:17.496,0.95888,0.95898,3.19,1.88
2012.05.28 14:37:17.644,0.95891,0.95903,1.50,1.50
2012.05.28 14:37:17.861,0.95896,0.95906,1.50,2.63
2012.05.28 14:37:18.390,0.95895,0.95906,1.50,1.50
2012.05.28 14:37:18.461,0.95893,0.95905,1.50,1.50
2012.05.28 14:37:19.041,0.95893,0.95905,2.25,1.50
2012.05.28 14:37:19.111,0.95895,0.95907,1.50,1.50
2012.05.28 14:37:19.393,0.95897,0.95908,1.50,1.13
2012.05.28 14:37:19.602,0.95895,0.95907,1.50,1.50
2012.05.28 14:37:21.442,0.95895,0.95909,1.50,2.25
2012.05.28 14:37:21.793,0.95898,0.9591,1.50,2.63
2012.05.28 14:37:21.919,0.95896,0.9591,3.00,2.63
2012.05.28 14:37:22.794,0.95896,0.9591,2.25,2.63
2012.05.28 14:37:23.054,0.95901,0.95913,1.50,5.63
2012.05.28 14:37:23.139,0.95902,0.95915,1.50,1.13
2012.05.28 14:37:23.681,0.95902,0.95915,1.50,1.13
2012.05.28 14:37:24.245,0.95902,0.95914,1.50,1.50
2012.05.28 14:37:24.980,0.95903,0.95915,1.50,2.63
2012.05.28 14:37:25.511,0.95905,0.95917,1.50,1.95
2012.05.28 14:37:25.862,0.9591,0.95921,1.50,5.65
2012.05.28 14:37:25.933,0.9591,0.95922,1.50,3.77
2012.05.28 14:37:26.371,0.95911,0.95923,1.50,3.38
2012.05.28 14:37:28.184,0.95911,0.95923,2.63,2.25
2012.05.28 14:37:28.263,0.95916,0.95926,1.50,1.43
2012.05.28 14:37:28.332,0.95916,0.95926,1.50,1.43
2012.05.28 14:37:28.824,0.95913,0.95927,2.25,2.25
2012.05.28 14:37:29.333,0.95913,0.95927,1.50,2.25
2012.05.28 14:37:29.860,0.95911,0.95925,3.19,1.50
2012.05.28 14:37:30.400,0.95913,0.95925,1.50,1.50
2012.05.28 14:37:32.303,0.95914,0.95928,1.50,6.75
2012.05.28 14:37:32.819,0.95913,0.95927,1.50,2.63
2012.05.28 14:37:33.968,0.95913,0.95927,1.50,3.75
2012.05.28 14:37:35.569,0.95914,0.95927,1.50,2.25
2012.05.28 14:37:36.770,0.95913,0.95927,1.50,4.50
2012.05.28 14:37:37.268,0.95913,0.95927,2.25,4.50
2012.05.28 14:37:38.682,0.95913,0.95927,1.50,3.75
2012.05.28 14:37:39.250,0.95913,0.95927,1.50,1.69
2012.05.28 14:37:40.413,0.95914,0.95928,1.50,6.00
2012.05.28 14:37:40.972,0.95913,0.95925,1.50,1.50
2012.05.28 14:37:41.821,0.95914,0.95926,1.50,1.69
2012.05.28 14:37:42.372,0.95912,0.95926,2.25,1.69
2012.05.28 14:37:42.896,0.95913,0.95927,1.50,2.44
2012.05.28 14:37:43.398,0.95913,0.95927,1.50,2.44
2012.05.28 14:37:43.835,0.95916,0.95928,1.50,3.19
2012.05.28 14:37:43.912,0.95913,0.95925,1.50,1.50
2012.05.28 14:37:44.185,0.95912,0.95921,1.50,1.50
2012.05.28 14:37:44.545,0.95909,0.95914,1.50,1.50
2012.05.28 14:37:44.624,0.95904,0.95914,2.25,1.50
2012.05.28 14:37:44.985,0.95902,0.95915,3.01,2.25
2012.05.28 14:37:45.206,0.95902,0.95912,2.45,1.50
2012.05.28 14:37:45.643,0.95901,0.95914,1.28,2.44
2012.05.28 14:37:46.181,0.95903,0.95915,1.50,1.50
2012.05.28 14:37:47.056,0.95901,0.95915,4.28,2.25
2012.05.28 14:37:47.203,0.95903,0.95915,1.50,4.50
2012.05.28 14:37:47.719,0.95902,0.95914,2.25,2.44
2012.05.28 14:37:48.501,0.959,0.95912,2.63,1.50
2012.05.28 14:37:49.113,0.959,0.95912,1.13,2.25
2012.05.28 14:37:49.252,0.959,0.95909,1.13,1.50
2012.05.28 14:37:49.788,0.95901,0.95913,1.88,2.25
2012.05.28 14:37:50.071,0.95901,0.95908,1.50,1.13
2012.05.28 14:37:50.424,0.959,0.95906,1.50,2.25
2012.05.28 14:37:50.506,0.95894,0.95906,1.50,3.75
2012.05.28 14:37:51.063,0.95893,0.95905,2.03,1.50
2012.05.28 14:37:51.962,0.95893,0.95905,2.25,1.50
2012.05.28 14:37:54.450,0.95892,0.95904,2.55,1.50
2012.05.28 14:37:54.662,0.9589,0.95902,3.37,1.50
2012.05.28 14:37:54.803,0.9589,0.95902,2.32,3.75
2012.05.28 14:37:55.343,0.95888,0.959,1.64,2.25
2012.05.28 14:37:55.481,0.95888,0.959,2.99,2.25
2012.05.28 14:37:56.021,0.95887,0.95899,2.25,1.50
2012.05.28 14:37:56.694,0.95885,0.95898,2.07,1.50
2012.05.28 14:37:57.500,0.95885,0.95899,3.00,1.69
2012.05.28 14:37:58.049,0.95885,0.95898,1.50,1.50
2012.05.28 14:37:58.610,0.95885,0.95899,3.19,1.50
2012.05.28 14:37:59.201,0.95886,0.95898,2.44,1.50
2012.05.28 14:38:01.258,0.95885,0.95899,3.38,1.50
2012.05.28 14:38:01.801,0.95885,0.95899,6.38,1.50
2012.05.28 14:38:02.594,0.95889,0.95899,1.13,1.50
2012.05.28 14:38:02.741,0.95891,0.95905,2.25,2.63
2012.05.28 14:38:02.813,0.95892,0.95905,2.10,1.13
2012.05.28 14:38:03.382,0.95892,0.95904,1.50,1.50
2012.05.28 14:38:10.771,0.9589,0.95902,2.25,1.50
2012.05.28 14:38:11.094,0.9589,0.95904,2.25,1.50
2012.05.28 14:38:11.600,0.95891,0.95905,3.00,1.50
2012.05.28 14:38:12.135,0.95892,0.95906,1.50,1.69
2012.05.28 14:38:12.681,0.95892,0.95906,2.48,1.69
2012.05.28 14:38:13.210,0.95894,0.95908,1.50,1.69
2012.05.28 14:38:22.049,0.95894,0.95908,1.50,1.88
2012.05.28 14:38:27.362,0.95894,0.95907,1.50,1.50
2012.05.28 14:38:27.504,0.95891,0.95905,2.25,1.50
2012.05.28 14:38:27.641,0.95893,0.95905,1.50,1.50
2012.05.28 14:38:28.180,0.95892,0.95906,1.50,1.50
2012.05.28 14:38:32.120,0.95894,0.95907,1.50,1.69
2012.05.28 14:38:34.792,0.95892,0.95906,1.50,2.25
2012.05.28 14:38:36.433,0.95895,0.95907,1.50,1.88
2012.05.28 14:38:37.134,0.95894,0.95908,1.50,4.50
2012.05.28 14:38:37.319,0.95894,0.95908,1.50,2.63
2012.05.28 14:38:41.499,0.95892,0.95906,1.69,1.50
2012.05.28 14:38:42.093,0.95892,0.95904,1.50,1.50
2012.05.28 14:38:43.560,0.9589,0.95902,2.63,1.50
2012.05.28 14:38:43.901,0.95889,0.959,1.13,1.50
2012.05.28 14:38:44.271,0.95886,0.959,2.63,1.50
2012.05.28 14:38:44.541,0.95885,0.95901,2.63,2.63
2012.05.28 14:38:45.811,0.95887,0.95899,1.50,1.50
2012.05.28 14:38:46.361,0.95884,0.95898,2.40,1.50
2012.05.28 14:38:46.999,0.95885,0.95897,2.25,1.50
2012.05.28 14:38:47.508,0.95886,0.95898,2.25,1.50
2012.05.28 14:38:49.095,0.95883,0.95896,1.62,1.50
2012.05.28 14:38:49.176,0.95884,0.95898,1.80,1.50
2012.05.28 14:38:49.911,0.95885,0.95899,1.50,2.63
2012.05.28 14:38:50.801,0.95885,0.95899,1.65,2.63
2012.05.28 14:38:50.869,0.95885,0.95899,2.25,1.88
2012.05.28 14:38:51.011,0.95886,0.95897,1.50,1.50
2012.05.28 14:38:51.142,0.95887,0.95899,1.50,1.50
2012.05.28 14:38:51.211,0.95885,0.95897,3.00,1.50
2012.05.28 14:38:51.739,0.95885,0.95898,1.50,1.50
2012.05.28 14:38:52.427,0.95885,0.95899,3.00,1.50
2012.05.28 14:38:52.970,0.95885,0.95898,1.13,1.50
2012.05.28 14:38:54.142,0.95887,0.959,1.50,1.69
2012.05.28 14:38:54.601,0.95887,0.95901,1.50,2.25
2012.05.28 14:38:54.671,0.95887,0.95899,1.50,1.50
2012.05.28 14:38:54.810,0.95887,0.95901,1.50,2.25
2012.05.28 14:38:55.463,0.95886,0.959,2.44,1.50
2012.05.28 14:38:55.730,0.95888,0.959,1.50,1.50
2012.05.28 14:38:56.652,0.95887,0.95899,3.75,1.50
2012.05.28 14:38:56.860,0.95887,0.95901,3.00,2.63
2012.05.28 14:38:57.122,0.95887,0.95899,3.19,1.50
2012.05.28 14:38:57.310,0.95887,0.95901,2.44,1.50
2012.05.28 14:38:58.171,0.95888,0.959,1.50,1.50
2012.05.28 14:38:58.890,0.95886,0.959,4.32,1.50
2012.05.28 14:38:59.410,0.95888,0.959,1.50,1.50
2012.05.28 14:39:00.210,0.95887,0.95899,3.00,1.50
2012.05.28 14:39:00.355,0.95887,0.95901,3.75,2.25
2012.05.28 14:39:01.003,0.95886,0.959,3.75,1.50
2012.05.28 14:39:01.529,0.95886,0.959,4.50,1.50
2012.05.28 14:39:01.601,0.95888,0.959,1.50,1.50
2012.05.28 14:39:02.138,0.95887,0.95901,2.25,2.25
2012.05.28 14:39:02.581,0.95885,0.95899,3.00,1.50
2012.05.28 14:39:03.099,0.95886,0.959,3.00,3.75
2012.05.28 14:39:03.559,0.95885,0.95898,1.50,1.50
2012.05.28 14:39:03.629,0.95885,0.95902,1.50,3.19
2012.05.28 14:39:03.700,0.95886,0.959,1.50,1.50
2012.05.28 14:39:04.110,0.95888,0.959,1.50,1.50
2012.05.28 14:39:04.451,0.95886,0.95898,2.44,1.50
2012.05.28 14:39:04.727,0.95887,0.95901,2.44,1.50
2012.05.28 14:39:04.873,0.95891,0.95903,1.50,3.38
2012.05.28 14:39:05.400,0.95889,0.95901,1.50,1.50
2012.05.28 14:39:05.541,0.95889,0.95903,1.50,1.88
2012.05.28 14:39:07.483,0.95891,0.95903,1.50,1.50
2012.05.28 14:39:07.833,0.95895,0.95903,1.50,1.50
2012.05.28 14:39:08.042,0.95895,0.95907,3.00,1.50
2012.05.28 14:39:08.112,0.95898,0.95909,1.50,1.13
2012.05.28 14:39:08.641,0.95896,0.9591,3.00,2.25
2012.05.28 14:39:08.982,0.95897,0.95911,3.19,1.50
2012.05.28 14:39:10.153,0.95899,0.95912,1.50,2.63
2012.05.28 14:39:10.492,0.95903,0.95915,1.50,4.50
2012.05.28 14:39:11.093,0.95903,0.95915,1.50,5.25
2012.05.28 14:39:11.629,0.95901,0.95915,1.50,6.00
2012.05.28 14:39:12.560,0.959,0.95913,1.50,1.69
2012.05.28 14:39:13.231,0.959,0.95912,1.50,1.50
2012.05.28 14:39:13.780,0.95899,0.95911,1.50,1.50
2012.05.28 14:39:14.067,0.95896,0.9591,3.00,1.50
2012.05.28 14:39:14.591,0.95895,0.95909,2.25,1.50
2012.05.28 14:39:16.140,0.95895,0.95907,2.25,1.50
2012.05.28 14:39:16.212,0.95895,0.95907,1.69,1.50
2012.05.28 14:39:16.740,0.95896,0.95908,1.50,1.50
2012.05.28 14:39:19.430,0.95895,0.95907,1.50,1.50
2012.05.28 14:39:20.112,0.95893,0.95905,2.25,1.50
2012.05.28 14:39:20.253,0.95894,0.95908,1.50,1.88
2012.05.28 14:39:20.790,0.95895,0.95907,1.50,1.50
2012.05.28 14:39:23.668,0.95895,0.95909,1.50,5.44
2012.05.28 14:39:24.221,0.95894,0.95908,1.50,1.50
2012.05.28 14:39:25.510,0.95894,0.95908,2.25,1.50
2012.05.28 14:39:26.429,0.95894,0.95908,1.50,1.50
2012.05.28 14:39:27.898,0.95896,0.95908,1.50,1.50
2012.05.28 14:39:28.028,0.95894,0.95908,2.25,1.50
2012.05.28 14:39:28.532,0.95894,0.95908,2.25,1.50
2012.05.28 14:39:29.079,0.95894,0.95908,1.50,1.88
2012.05.28 14:39:33.139,0.95896,0.95908,1.50,1.88
2012.05.28 14:39:34.902,0.95894,0.95908,1.50,1.88
2012.05.28 14:39:37.832,0.95894,0.95908,1.73,2.44
2012.05.28 14:39:37.973,0.95898,0.95909,1.50,3.75
2012.05.28 14:39:38.321,0.95897,0.95911,1.50,3.75
2012.05.28 14:39:38.879,0.95897,0.95911,1.50,2.63
2012.05.28 14:39:39.564,0.95896,0.9591,3.00,1.50
2012.05.28 14:39:48.183,0.95896,0.95909,1.50,1.50
2012.05.28 14:39:48.258,0.95893,0.95906,3.00,1.50
2012.05.28 14:39:48.332,0.95894,0.95908,2.25,1.50
2012.05.28 14:39:48.890,0.95895,0.95909,1.50,1.50
2012.05.28 14:39:51.581,0.95894,0.95908,3.75,1.50
2012.05.28 14:39:52.263,0.95895,0.95909,1.50,2.44
2012.05.28 14:39:55.082,0.95897,0.9591,1.50,1.13
2012.05.28 14:39:55.602,0.95898,0.9591,1.50,1.88
2012.05.28 14:39:55.744,0.95895,0.95908,2.25,1.50
2012.05.28 14:39:56.220,0.95898,0.9591,1.50,1.50
2012.05.28 14:39:56.550,0.95897,0.95909,1.50,1.50
2012.05.28 14:39:57.400,0.95898,0.9591,1.50,1.50
2012.05.28 14:39:57.590,0.95896,0.9591,1.50,1.50
2012.05.28 14:39:57.800,0.95898,0.9591,1.50,1.50
2012.05.28 14:39:57.942,0.95896,0.9591,1.50,1.50
2012.05.28 14:39:58.392,0.95898,0.9591,1.50,1.50
2012.05.28 14:39:58.909,0.95897,0.95911,1.50,2.25
2012.05.28 14:39:59.591,0.95897,0.95909,1.50,1.50
2012.05.28 14:40:00.279,0.95898,0.9591,1.50,1.69
2012.05.28 14:40:00.349,0.95895,0.95909,2.25,1.50
2012.05.28 14:40:00.539,0.95898,0.9591,1.50,1.69
2012.05.28 14:40:01.280,0.95896,0.9591,1.50,1.69
2012.05.28 14:40:04.702,0.95898,0.9591,1.50,1.69
2012.05.28 14:40:05.210,0.95897,0.95909,1.50,1.50
2012.05.28 14:40:11.579,0.95898,0.9591,1.50,1.50
2012.05.28 14:40:12.129,0.95897,0.95909,1.50,1.50
2012.05.28 14:40:14.609,0.95898,0.9591,1.50,2.25
2012.05.28 14:40:14.680,0.95895,0.95909,2.25,1.50
2012.05.28 14:40:18.571,0.95898,0.9591,1.50,3.00
2012.05.28 14:40:19.089,0.95897,0.95911,1.50,3.94
2012.05.28 14:40:19.621,0.95897,0.95909,1.50,1.50
2012.05.28 14:40:20.483,0.95894,0.95908,3.00,1.50
2012.05.28 14:40:21.012,0.95897,0.95911,1.50,3.19
2012.05.28 14:40:21.580,0.95897,0.95909,1.50,1.50
2012.05.28 14:40:22.652,0.95896,0.9591,2.25,1.50
2012.05.28 14:40:23.076,0.95894,0.95906,3.00,1.50
2012.05.28 14:40:23.561,0.95893,0.95906,1.13,1.50
2012.05.28 14:40:23.703,0.95892,0.95904,3.75,1.50
2012.05.28 14:40:24.324,0.95893,0.95905,2.25,1.50
2012.05.28 14:40:24.459,0.95894,0.95908,2.25,2.44
2012.05.28 14:40:26.091,0.95894,0.95908,2.25,2.25
2012.05.28 14:40:26.611,0.95895,0.95907,2.25,1.50
2012.05.28 14:40:26.752,0.95895,0.95909,3.00,1.50
2012.05.28 14:40:27.021,0.95895,0.95907,3.00,1.50
2012.05.28 14:40:27.785,0.95896,0.95908,2.25,1.50
2012.05.28 14:40:28.140,0.95898,0.95912,2.25,1.69
2012.05.28 14:40:28.281,0.95898,0.95912,2.25,1.69
2012.05.28 14:40:28.791,0.95898,0.95912,2.44,1.50
2012.05.28 14:40:29.841,0.95898,0.95912,1.69,1.50
2012.05.28 14:40:30.200,0.95898,0.95912,2.44,1.50
2012.05.28 14:40:31.782,0.95898,0.95912,2.44,1.50
2012.05.28 14:40:32.091,0.959,0.95912,1.50,1.50
2012.05.28 14:40:34.169,0.959,0.95914,2.25,3.38
2012.05.28 14:40:34.638,0.959,0.95912,1.50,1.50
2012.05.28 14:40:35.478,0.95901,0.95913,1.50,1.50
2012.05.28 14:40:35.921,0.95898,0.95912,3.19,1.50
2012.05.28 14:40:36.462,0.95899,0.95913,2.25,1.50
2012.05.28 14:40:37.841,0.95899,0.95913,2.25,1.69
2012.05.28 14:40:38.164,0.95899,0.95911,1.50,1.50
2012.05.28 14:40:38.551,0.95899,0.95913,1.50,1.69
2012.05.28 14:40:38.982,0.95897,0.95911,3.38,1.50
2012.05.28 14:40:39.179,0.95899,0.95913,1.50,1.69
2012.05.28 14:40:39.722,0.95898,0.95912,1.50,1.50
2012.05.28 14:40:40.262,0.95899,0.95913,1.50,3.19
2012.05.28 14:40:40.779,0.95898,0.95912,1.50,1.50
2012.05.28 14:40:44.258,0.95898,0.95911,1.50,1.50
2012.05.28 14:40:44.330,0.95897,0.95909,2.25,1.50
2012.05.28 14:40:44.399,0.95897,0.95911,1.50,3.00
2012.05.28 14:40:44.470,0.95897,0.95909,1.50,1.50
2012.05.28 14:40:44.968,0.95897,0.95911,1.50,3.00
2012.05.28 14:40:50.925,0.95899,0.95913,1.50,3.00
2012.05.28 14:40:51.271,0.95902,0.95915,1.50,1.13
2012.05.28 14:40:51.782,0.95901,0.95915,1.50,1.88
2012.05.28 14:40:52.562,0.95901,0.95915,1.50,1.88
2012.05.28 14:40:55.912,0.95903,0.95915,1.50,1.88
2012.05.28 14:40:56.417,0.95902,0.95914,1.50,1.50
2012.05.28 14:41:08.120,0.95901,0.95915,1.50,1.69
2012.05.28 14:41:09.392,0.95903,0.95915,1.50,1.69
2012.05.28 14:41:09.930,0.95902,0.95914,1.50,1.50
2012.05.28 14:41:11.752,0.95899,0.95913,3.75,1.50
2012.05.28 14:41:12.082,0.95899,0.95911,2.63,1.50
2012.05.28 14:41:13.460,0.95898,0.95912,3.79,3.00
2012.05.28 14:41:14.000,0.95899,0.95911,2.25,1.50
2012.05.28 14:41:14.671,0.95899,0.95913,1.50,4.69
2012.05.28 14:41:15.289,0.95898,0.95912,2.25,2.44
2012.05.28 14:41:15.812,0.95899,0.95911,1.50,1.50
2012.05.28 14:41:16.322,0.959,0.95912,1.50,1.69
2012.05.28 14:41:16.770,0.95898,0.95912,2.25,1.69
2012.05.28 14:41:16.839,0.959,0.95912,1.50,1.69
2012.05.28 14:41:17.389,0.95899,0.95913,2.25,3.19
2012.05.28 14:41:18.178,0.959,0.95912,1.50,1.69
2012.05.28 14:41:18.699,0.95899,0.95913,2.25,3.19
2012.05.28 14:41:19.225,0.959,0.95912,1.50,1.69
2012.05.28 14:41:19.788,0.95898,0.95912,1.50,1.69
2012.05.28 14:41:19.919,0.959,0.95912,1.50,1.69
2012.05.28 14:41:19.989,0.95898,0.95912,1.50,1.69
2012.05.28 14:41:20.370,0.95897,0.95909,1.50,1.50
2012.05.28 14:41:20.439,0.95897,0.95911,1.50,1.50
2012.05.28 14:41:20.961,0.95897,0.95909,1.50,1.50
2012.05.28 14:41:21.282,0.95899,0.95911,1.50,2.25
2012.05.28 14:41:21.809,0.95898,0.9591,1.50,1.50
2012.05.28 14:41:22.022,0.95898,0.95912,2.25,3.19
2012.05.28 14:41:22.542,0.95898,0.95912,1.50,2.44
2012.05.28 14:41:22.739,0.959,0.95912,1.50,2.44
2012.05.28 14:41:23.058,0.95897,0.95909,1.50,1.50
2012.05.28 14:41:23.129,0.95897,0.95911,3.00,1.50
2012.05.28 14:41:23.199,0.959,0.95912,1.50,2.25
2012.05.28 14:41:23.409,0.95897,0.95911,3.38,1.50
2012.05.28 14:41:23.791,0.95899,0.95913,1.50,3.00
2012.05.28 14:41:23.920,0.95899,0.95911,1.50,1.50
2012.05.28 14:41:24.259,0.95896,0.9591,2.25,2.41
2012.05.28 14:41:24.798,0.95896,0.9591,2.25,2.41
2012.05.28 14:41:25.209,0.95896,0.9591,2.25,2.18
2012.05.28 14:41:25.719,0.95898,0.9591,1.50,1.50
2012.05.28 14:41:26.320,0.95897,0.95909,1.50,1.50
2012.05.28 14:41:27.720,0.95895,0.95907,4.13,1.50
2012.05.28 14:41:28.082,0.95895,0.95908,1.13,2.25
2012.05.28 14:41:28.860,0.95895,0.95909,1.88,1.50
2012.05.28 14:41:29.293,0.95895,0.95907,2.25,1.50
2012.05.28 14:41:29.622,0.95894,0.95903,2.48,1.50
2012.05.28 14:41:29.953,0.95894,0.95901,1.35,1.50
2012.05.28 14:41:31.121,0.9589,0.95901,1.49,1.50
2012.05.28 14:41:31.336,0.95889,0.95903,3.92,1.50
2012.05.28 14:41:31.484,0.9589,0.95901,1.49,1.50
2012.05.28 14:41:31.945,0.95887,0.95898,2.44,1.65
2012.05.28 14:41:32.226,0.95886,0.95898,2.25,3.60
2012.05.28 14:41:32.303,0.95886,0.95896,2.25,1.50
2012.05.28 14:41:32.513,0.95883,0.95896,3.98,1.50
2012.05.28 14:41:32.793,0.95886,0.95898,1.50,2.63
2012.05.28 14:41:35.022,0.95884,0.95898,4.65,2.10
2012.05.28 14:41:35.422,0.95883,0.95896,3.53,1.50
2012.05.28 14:41:35.741,0.95882,0.95893,1.88,2.25
2012.05.28 14:41:36.025,0.95879,0.95891,2.99,2.44
2012.05.28 14:41:36.244,0.95879,0.9589,1.50,2.10
2012.05.28 14:41:36.741,0.95877,0.9589,1.13,2.25
2012.05.28 14:41:37.122,0.95876,0.9589,1.50,3.00
2012.05.28 14:41:37.792,0.95876,0.95889,1.50,1.39
2012.05.28 14:41:37.861,0.95876,0.95889,1.50,1.39
2012.05.28 14:41:38.389,0.95875,0.95889,2.25,2.29
2012.05.28 14:41:38.871,0.95875,0.95889,1.50,2.10
2012.05.28 14:41:39.223,0.95872,0.95884,2.44,1.50
2012.05.28 14:41:39.364,0.95872,0.95883,2.25,1.50
2012.05.28 14:41:39.573,0.95869,0.95881,3.68,1.50
2012.05.28 14:41:39.702,0.95869,0.95881,2.93,1.50
2012.05.28 14:41:40.245,0.95869,0.95882,1.50,1.35
2012.05.28 14:41:40.328,0.95866,0.95878,3.00,1.50
2012.05.28 14:41:40.544,0.95866,0.95879,2.25,1.50
2012.05.28 14:41:40.626,0.95868,0.9588,1.50,3.00
2012.05.28 14:41:41.183,0.95867,0.9588,1.50,1.50
2012.05.28 14:41:41.677,0.95867,0.95881,2.25,1.50
2012.05.28 14:41:41.952,0.95871,0.95883,2.25,3.19
2012.05.28 14:41:42.562,0.9587,0.95882,2.25,1.50
2012.05.28 14:41:43.250,0.9587,0.95882,2.25,1.50
2012.05.28 14:41:43.780,0.95871,0.95883,2.25,1.69
2012.05.28 14:41:44.360,0.95871,0.95883,2.25,1.69
2012.05.28 14:41:44.505,0.95871,0.95883,2.25,1.94
2012.05.28 14:41:44.582,0.9587,0.95882,3.00,1.98
2012.05.28 14:41:45.109,0.9587,0.95882,2.25,1.88
2012.05.28 14:41:45.910,0.95871,0.95883,2.25,1.50
2012.05.28 14:41:46.473,0.95871,0.95883,2.25,1.50
2012.05.28 14:41:46.991,0.95871,0.95883,1.50,1.50
2012.05.28 14:41:47.500,0.9587,0.95882,2.25,1.50
2012.05.28 14:41:48.001,0.95871,0.95883,1.50,2.10
2012.05.28 14:41:48.289,0.95868,0.9588,2.63,1.50
2012.05.28 14:41:48.911,0.95868,0.95882,2.25,2.10
2012.05.28 14:41:49.430,0.95868,0.95881,1.50,1.50
2012.05.28 14:41:49.966,0.95868,0.95882,3.00,1.50
2012.05.28 14:41:50.492,0.95868,0.95882,3.00,1.50
2012.05.28 14:41:51.035,0.9587,0.95884,2.63,3.00
2012.05.28 14:41:51.123,0.95872,0.95884,1.51,1.50
2012.05.28 14:41:51.473,0.95878,0.95884,1.50,1.50
2012.05.28 14:41:51.617,0.95878,0.95887,1.50,1.50
2012.05.28 14:41:51.752,0.95879,0.95891,2.25,1.50
2012.05.28 14:41:52.291,0.95877,0.95889,3.38,1.50
2012.05.28 14:41:52.642,0.95879,0.95893,2.25,4.32
2012.05.28 14:41:53.206,0.95879,0.95891,2.25,1.50
2012.05.28 14:41:54.581,0.95878,0.9589,1.50,1.50
2012.05.28 14:41:54.652,0.95878,0.95892,1.50,1.50
2012.05.28 14:41:55.170,0.95879,0.95891,1.50,1.50
2012.05.28 14:41:56.781,0.95879,0.95891,2.25,1.50
2012.05.28 14:41:56.929,0.95882,0.95895,1.50,6.00
2012.05.28 14:41:57.954,0.95884,0.95896,2.25,1.50
2012.05.28 14:41:58.404,0.95888,0.95899,1.50,1.50
2012.05.28 14:41:58.753,0.95891,0.95903,3.00,3.00
2012.05.28 14:41:59.313,0.95892,0.95906,2.25,3.96
2012.05.28 14:41:59.876,0.95891,0.95903,2.25,1.50
2012.05.28 14:42:01.881,0.95891,0.95903,2.25,2.25
2012.05.28 14:42:02.232,0.95891,0.95902,1.50,4.88
2012.05.28 14:42:02.302,0.95891,0.95901,1.50,3.00
2012.05.28 14:42:02.372,0.95887,0.95899,2.25,1.50
2012.05.28 14:42:02.683,0.95885,0.95899,1.50,3.75
2012.05.28 14:42:03.361,0.95885,0.95897,1.50,1.50
2012.05.28 14:42:03.574,0.95883,0.95895,2.25,2.25
2012.05.28 14:42:04.185,0.95881,0.95894,1.50,1.50
2012.05.28 14:42:04.543,0.95879,0.95893,3.00,2.63
2012.05.28 14:42:05.070,0.9588,0.95894,2.25,3.38
2012.05.28 14:42:05.483,0.95878,0.95892,1.50,3.00
2012.05.28 14:42:05.624,0.95878,0.95892,1.50,3.00
2012.05.28 14:42:06.162,0.95877,0.95889,2.44,1.50
2012.05.28 14:42:06.372,0.95878,0.95892,1.50,6.00
2012.05.28 14:42:06.572,0.95878,0.9589,1.50,2.25
2012.05.28 14:42:07.127,0.95877,0.95889,1.50,1.50
2012.05.28 14:42:07.679,0.95877,0.95891,1.50,4.13
2012.05.28 14:42:09.282,0.95876,0.9589,1.88,2.25
2012.05.28 14:42:11.302,0.95876,0.9589,1.50,2.82
2012.05.28 14:42:11.658,0.95873,0.95883,2.25,1.50
2012.05.28 14:42:11.734,0.95873,0.95883,1.50,1.50
2012.05.28 14:42:12.259,0.9587,0.95884,4.13,1.50
2012.05.28 14:42:12.815,0.95873,0.95885,1.50,2.25
2012.05.28 14:42:13.353,0.95872,0.95884,1.50,2.25
2012.05.28 14:42:13.764,0.9587,0.95882,2.25,1.50
2012.05.28 14:42:14.310,0.95871,0.95883,2.25,1.50
2012.05.28 14:42:15.111,0.95873,0.95885,1.50,3.19
2012.05.28 14:42:15.322,0.95871,0.95883,3.00,1.50
2012.05.28 14:42:15.662,0.95873,0.95885,1.50,2.25
2012.05.28 14:42:15.973,0.95869,0.95883,3.00,1.50
2012.05.28 14:42:16.492,0.9587,0.95884,1.88,2.25
2012.05.28 14:42:17.670,0.9587,0.95884,1.50,2.63
2012.05.28 14:42:18.202,0.9587,0.95882,1.50,1.50
2012.05.28 14:42:18.761,0.9587,0.95884,2.25,4.88
2012.05.28 14:42:20.050,0.9587,0.95884,2.25,3.00
2012.05.28 14:42:20.590,0.9587,0.95884,2.25,2.25
2012.05.28 14:42:20.869,0.95872,0.95884,1.50,1.50
2012.05.28 14:42:23.180,0.9587,0.95882,2.25,1.50
2012.05.28 14:42:23.740,0.95871,0.95883,1.50,1.50
2012.05.28 14:42:24.613,0.95871,0.95883,1.50,2.25
2012.05.28 14:42:24.824,0.95868,0.95881,1.13,2.25
2012.05.28 14:42:27.899,0.95869,0.95881,1.50,2.25
2012.05.28 14:42:28.044,0.95868,0.95882,2.63,1.50
2012.05.28 14:42:28.170,0.95868,0.95879,1.88,1.50
2012.05.28 14:42:28.712,0.95868,0.9588,2.63,1.50
2012.05.28 14:42:28.843,0.95868,0.95882,2.63,3.00
2012.05.28 14:42:29.391,0.95869,0.95881,1.50,1.50
2012.05.28 14:42:29.957,0.95868,0.9588,2.25,1.50
2012.05.28 14:42:30.790,0.95868,0.95882,3.00,1.50
2012.05.28 14:42:31.380,0.95868,0.95881,1.50,1.50
2012.05.28 14:42:31.929,0.95868,0.95881,1.50,1.50
2012.05.28 14:42:32.121,0.95867,0.95881,2.25,1.50
2012.05.28 14:42:32.861,0.95869,0.95881,1.50,1.50
2012.05.28 14:42:33.070,0.95868,0.9588,1.50,1.65
2012.05.28 14:42:33.140,0.95866,0.95878,3.00,1.50
2012.05.28 14:42:33.346,0.95868,0.9588,1.50,1.65
2012.05.28 14:42:34.077,0.95867,0.95881,1.50,1.69
2012.05.28 14:42:34.601,0.95867,0.95881,2.25,1.50
2012.05.28 14:42:35.203,0.95867,0.95879,2.25,1.50
2012.05.28 14:42:35.471,0.95869,0.95881,1.50,2.25
2012.05.28 14:42:35.800,0.95866,0.9588,3.19,1.50
2012.05.28 14:42:35.871,0.95869,0.95881,1.50,2.25
2012.05.28 14:42:35.941,0.95867,0.95881,2.25,2.25
2012.05.28 14:42:36.215,0.95866,0.95878,3.19,1.50
2012.05.28 14:42:36.559,0.95868,0.9588,1.50,1.50
2012.05.28 14:42:37.541,0.95867,0.95881,2.25,1.50
2012.05.28 14:42:38.223,0.95865,0.95878,2.07,1.50
2012.05.28 14:42:38.504,0.95865,0.95879,1.50,3.00
2012.05.28 14:42:38.572,0.95863,0.95877,2.25,2.25
2012.05.28 14:42:38.641,0.95866,0.95878,1.50,3.75
2012.05.28 14:42:38.922,0.95864,0.95876,1.50,1.50
2012.05.28 14:42:39.133,0.95862,0.95874,3.19,1.50
2012.05.28 14:42:39.341,0.95862,0.95876,3.19,1.50
2012.05.28 14:42:40.853,0.95862,0.95876,3.19,1.50
2012.05.28 14:42:41.404,0.95863,0.95877,1.50,3.75
2012.05.28 14:42:41.962,0.95861,0.95874,1.69,1.50
2012.05.28 14:42:42.521,0.95861,0.95873,2.44,1.50
2012.05.28 14:42:43.031,0.95861,0.95873,2.25,1.50
2012.05.28 14:42:44.235,0.9586,0.95872,2.25,1.50
2012.05.28 14:42:44.597,0.95858,0.95868,1.13,1.50
2012.05.28 14:42:44.675,0.95857,0.95868,1.88,1.50
2012.05.28 14:42:45.506,0.95857,0.95869,2.25,2.78
2012.05.28 14:42:46.074,0.95855,0.95867,1.69,1.50
2012.05.28 14:42:46.623,0.95856,0.95868,1.50,2.25
2012.05.28 14:42:49.058,0.95854,0.95868,2.25,2.25
2012.05.28 14:42:50.868,0.95854,0.95868,1.69,2.25
2012.05.28 14:42:52.672,0.95854,0.95868,2.44,2.25
2012.05.28 14:42:58.650,0.95854,0.95868,1.69,2.25
2012.05.28 14:42:59.101,0.95855,0.95868,1.50,2.25
2012.05.28 14:42:59.445,0.95859,0.9587,2.25,2.25
2012.05.28 14:43:01.483,0.95857,0.95869,1.50,1.50
2012.05.28 14:43:01.842,0.95858,0.9587,1.88,1.13
2012.05.28 14:43:01.916,0.95858,0.9587,1.13,1.13
2012.05.28 14:43:02.123,0.95857,0.95868,1.50,1.50
2012.05.28 14:43:02.333,0.95858,0.95871,1.69,2.25
2012.05.28 14:43:03.602,0.95859,0.95871,2.25,1.50
2012.05.28 14:43:04.094,0.95861,0.95873,1.50,2.25
2012.05.28 14:43:04.442,0.95862,0.95873,1.51,1.50
2012.05.28 14:43:04.793,0.95867,0.95875,1.50,1.50
2012.05.28 14:43:05.214,0.95867,0.95881,3.00,1.50
2012.05.28 14:43:05.801,0.95869,0.95881,1.50,1.50
2012.05.28 14:43:06.362,0.95868,0.9588,2.25,1.50
2012.05.28 14:43:07.103,0.95869,0.95881,1.50,1.50
2012.05.28 14:43:08.385,0.95868,0.9588,1.50,1.50
2012.05.28 14:43:08.953,0.95869,0.95881,1.50,1.50
2012.05.28 14:43:09.326,0.95866,0.95879,1.50,2.25
2012.05.28 14:43:09.823,0.95869,0.95881,1.50,2.44
2012.05.28 14:43:11.940,0.95869,0.95881,1.50,1.50
2012.05.28 14:43:13.431,0.95869,0.95881,2.25,1.50
2012.05.28 14:43:13.980,0.95868,0.95882,2.44,1.50
2012.05.28 14:43:14.519,0.95869,0.95881,2.25,1.50
2012.05.28 14:43:15.798,0.95867,0.95881,2.25,1.50
2012.05.28 14:43:16.299,0.95868,0.95882,2.44,1.50
2012.05.28 14:43:17.591,0.95868,0.95882,3.19,1.50
2012.05.28 14:43:18.121,0.95868,0.95882,3.19,1.50
2012.05.28 14:43:18.983,0.95868,0.95882,3.38,1.50
2012.05.28 14:43:19.921,0.95868,0.95882,3.00,1.50
2012.05.28 14:43:21.139,0.95869,0.95881,1.50,1.50
2012.05.28 14:43:32.754,0.9587,0.95884,1.50,1.69
2012.05.28 14:43:33.283,0.95869,0.95883,2.25,1.50
2012.05.28 14:43:33.411,0.95871,0.95883,1.50,1.50
2012.05.28 14:43:33.901,0.95869,0.95881,2.25,1.50
2012.05.28 14:43:34.151,0.9587,0.95884,2.25,1.69
2012.05.28 14:43:35.581,0.9587,0.95882,1.50,1.50
2012.05.28 14:43:35.902,0.9587,0.95884,2.44,1.50
2012.05.28 14:43:37.421,0.95872,0.95886,1.50,2.63
2012.05.28 14:43:37.870,0.95874,0.95886,1.50,2.63
2012.05.28 14:43:38.685,0.95873,0.95885,1.50,1.50
2012.05.28 14:43:39.729,0.95873,0.95887,1.50,3.38
2012.05.28 14:43:40.368,0.95873,0.95885,1.50,1.50
2012.05.28 14:43:42.858,0.95874,0.95886,1.50,2.25
2012.05.28 14:43:43.472,0.95873,0.95885,1.50,1.50
2012.05.28 14:43:44.660,0.95873,0.95886,1.50,1.13
2012.05.28 14:43:45.163,0.95872,0.95886,2.25,2.63
2012.05.28 14:43:45.605,0.9587,0.95884,2.44,1.50
2012.05.28 14:43:45.878,0.95872,0.95886,1.50,2.63
2012.05.28 14:43:51.367,0.95873,0.95887,1.50,3.38
2012.05.28 14:43:53.338,0.95873,0.95885,1.50,1.50
2012.05.28 14:43:53.898,0.95873,0.95887,1.50,3.38
2012.05.28 14:43:54.419,0.95873,0.95885,1.50,1.50
2012.05.28 14:43:54.965,0.95872,0.95886,2.25,1.50
2012.05.28 14:43:55.159,0.95874,0.95886,1.50,1.50
2012.05.28 14:43:56.383,0.95872,0.95886,2.25,2.25
2012.05.28 14:43:56.887,0.95873,0.95887,1.50,2.63
2012.05.28 14:43:56.968,0.95873,0.95887,2.63,2.44
2012.05.28 14:43:57.116,0.95876,0.95888,5.07,1.73
2012.05.28 14:43:57.194,0.9588,0.95892,1.13,2.63
2012.05.28 14:43:57.270,0.9588,0.95892,1.32,2.40
2012.05.28 14:43:57.345,0.95881,0.95892,1.50,1.50
2012.05.28 14:43:57.636,0.95884,0.95895,1.50,1.50
2012.05.28 14:43:58.180,0.95885,0.95897,2.25,2.25
2012.05.28 14:43:59.004,0.95886,0.95898,1.50,1.50
2012.05.28 14:43:59.144,0.95887,0.959,2.25,1.15
2012.05.28 14:43:59.495,0.95892,0.95904,1.50,1.32
2012.05.28 14:43:59.644,0.95895,0.95907,1.50,2.63
2012.05.28 14:44:00.186,0.95894,0.95908,1.50,3.11
2012.05.28 14:44:00.924,0.95894,0.95908,1.50,2.44
2012.05.28 14:44:01.065,0.95893,0.95905,2.25,1.50
2012.05.28 14:44:01.632,0.95892,0.95904,1.50,1.50
2012.05.28 14:44:02.172,0.95893,0.95905,1.50,1.50
2012.05.28 14:44:03.921,0.95891,0.95905,2.64,1.50
2012.05.28 14:44:06.902,0.95891,0.95904,1.14,1.50
2012.05.28 14:44:07.433,0.95892,0.95904,1.50,4.50
2012.05.28 14:44:12.093,0.95892,0.95904,1.50,3.00
2012.05.28 14:44:12.167,0.95889,0.95901,1.88,2.25
2012.05.28 14:44:12.524,0.95883,0.95895,2.25,1.50
2012.05.28 14:44:13.084,0.95883,0.95894,1.50,1.50
2012.05.28 14:44:13.502,0.95884,0.95896,2.25,1.65
2012.05.28 14:44:14.053,0.95883,0.95897,3.00,2.25
2012.05.28 14:44:14.798,0.95883,0.95897,3.00,2.25
2012.05.28 14:44:15.330,0.95883,0.95895,1.50,2.03
2012.05.28 14:44:15.872,0.95883,0.95896,1.50,2.03
2012.05.28 14:44:17.111,0.95883,0.95896,1.50,2.03
2012.05.28 14:44:20.819,0.95882,0.95896,3.38,2.25
2012.05.28 14:44:21.343,0.95884,0.95896,1.50,1.73
2012.05.28 14:44:21.496,0.95886,0.95898,1.50,1.99
2012.05.28 14:44:22.054,0.95885,0.95897,1.50,1.65
2012.05.28 14:44:22.601,0.95886,0.95898,1.50,1.80
2012.05.28 14:44:24.729,0.95885,0.95897,1.50,1.65
2012.05.28 14:44:25.885,0.95883,0.95896,1.50,1.65
2012.05.28 14:44:26.441,0.95885,0.95897,1.50,1.80
2012.05.28 14:44:26.961,0.95885,0.95897,1.50,1.80
2012.05.28 14:44:27.749,0.95884,0.95898,1.50,1.80
2012.05.28 14:44:30.822,0.95884,0.95898,2.25,1.80
2012.05.28 14:44:31.452,0.95885,0.95897,2.25,1.80
2012.05.28 14:44:33.590,0.95885,0.95897,3.00,1.80
2012.05.28 14:44:36.948,0.95885,0.95897,2.25,1.65
2012.05.28 14:44:42.730,0.95885,0.95897,2.25,1.88
2012.05.28 14:44:42.876,0.95884,0.95895,1.13,1.88
2012.05.28 14:44:43.304,0.95881,0.95893,2.25,1.50
2012.05.28 14:44:43.512,0.95883,0.95897,2.25,3.60
2012.05.28 14:44:44.040,0.95883,0.95897,3.38,2.85
2012.05.28 14:44:44.791,0.95883,0.95897,2.63,2.18
2012.05.28 14:44:46.572,0.95883,0.95897,3.38,2.18
2012.05.28 14:44:46.714,0.95884,0.95897,1.50,2.18
2012.05.28 14:44:47.281,0.95876,0.95889,2.25,2.18
2012.05.28 14:44:47.891,0.95875,0.95889,2.44,3.75
2012.05.28 14:44:48.419,0.95875,0.95889,2.25,4.13
2012.05.28 14:44:49.896,0.95875,0.95889,2.25,4.88
2012.05.28 14:44:50.431,0.95875,0.95889,2.25,4.13
2012.05.28 14:44:52.915,0.95875,0.95889,1.50,3.00
2012.05.28 14:44:53.424,0.95873,0.95886,2.82,1.50
2012.05.28 14:44:53.775,0.95871,0.95884,3.75,1.50
2012.05.28 14:44:54.187,0.9587,0.95884,3.38,3.00
2012.05.28 14:44:54.740,0.95871,0.95883,2.25,1.50
2012.05.28 14:45:02.810,0.95871,0.95883,1.50,1.69
2012.05.28 14:45:03.319,0.9587,0.95882,3.00,1.69
2012.05.28 14:45:05.331,0.95871,0.95883,1.50,1.69
2012.05.28 14:45:06.073,0.95869,0.95883,3.00,1.69
2012.05.28 14:45:06.760,0.95871,0.95883,1.50,1.69
2012.05.28 14:45:08.511,0.95871,0.95883,1.50,1.69
2012.05.28 14:45:10.899,0.9587,0.95882,1.50,1.50
2012.05.28 14:45:12.099,0.9587,0.95884,1.50,2.44
2012.05.28 14:45:12.790,0.95869,0.95883,3.00,1.69
2012.05.28 14:45:13.330,0.9587,0.95884,2.25,2.44
2012.05.28 14:45:14.022,0.9587,0.95884,2.25,1.88
2012.05.28 14:45:14.580,0.9587,0.95884,2.25,1.88
2012.05.28 14:45:16.364,0.95871,0.95883,2.25,1.50
2012.05.28 14:45:16.921,0.95873,0.95885,1.50,1.88
2012.05.28 14:45:16.994,0.95871,0.95884,2.25,1.88
2012.05.28 14:45:17.415,0.9587,0.95884,2.64,1.88
2012.05.28 14:45:19.261,0.95872,0.95886,2.25,1.88
2012.05.28 14:45:20.233,0.95872,0.95886,1.50,1.88
2012.05.28 14:45:20.370,0.9587,0.95884,3.00,1.50
2012.05.28 14:45:21.021,0.9587,0.95884,3.00,1.69
2012.05.28 14:45:22.310,0.9587,0.95884,3.00,1.69
2012.05.28 14:45:25.451,0.9587,0.95884,3.01,1.88
2012.05.28 14:45:26.170,0.95873,0.95885,1.50,3.75
2012.05.28 14:45:27.110,0.95873,0.95885,1.50,1.88
2012.05.28 14:45:30.059,0.95873,0.95885,1.50,3.75
2012.05.28 14:45:32.582,0.95871,0.95882,2.25,1.50
2012.05.28 14:45:32.932,0.9587,0.95882,2.25,1.50
2012.05.28 14:45:33.077,0.95869,0.9588,2.25,1.69
2012.05.28 14:45:33.506,0.95866,0.95878,4.50,1.50
2012.05.28 14:45:33.935,0.95865,0.95877,1.50,1.50
2012.05.28 14:45:34.015,0.95864,0.95877,5.03,3.75
2012.05.28 14:45:34.834,0.95866,0.95877,1.50,2.25
2012.05.28 14:45:35.048,0.95864,0.95877,3.00,2.25
2012.05.28 14:45:35.600,0.95865,0.95877,1.50,2.25
2012.05.28 14:45:36.332,0.95864,0.95877,1.50,2.25
2012.05.28 14:45:37.639,0.95866,0.95877,1.50,2.25
2012.05.28 14:45:37.851,0.95862,0.95876,2.25,1.69
2012.05.28 14:45:38.192,0.95864,0.95876,1.50,1.69
2012.05.28 14:45:39.822,0.95864,0.95876,1.50,1.88
2012.05.28 14:45:40.584,0.95863,0.95875,1.50,1.50
2012.05.28 14:45:41.484,0.95863,0.95877,1.50,1.88
2012.05.28 14:45:42.534,0.95863,0.95876,1.50,2.25
2012.05.28 14:45:43.734,0.95861,0.95873,1.88,1.50
2012.05.28 14:45:43.807,0.95861,0.95873,1.88,3.75
2012.05.28 14:45:44.303,0.95863,0.95873,1.50,2.25
2012.05.28 14:45:44.434,0.95863,0.95875,1.50,3.38
2012.05.28 14:45:44.916,0.95863,0.95873,1.50,1.50
2012.05.28 14:45:45.134,0.95859,0.95871,1.50,1.88
2012.05.28 14:45:45.641,0.95858,0.9587,1.50,1.50
2012.05.28 14:45:45.964,0.95856,0.95868,1.28,1.50
2012.05.28 14:45:46.521,0.95855,0.95868,1.88,1.88
2012.05.28 14:45:49.201,0.95857,0.95869,1.50,2.25
2012.05.28 14:45:49.272,0.95857,0.95871,1.50,3.75
2012.05.28 14:45:52.832,0.95858,0.9587,1.50,1.88
2012.05.28 14:45:52.964,0.95855,0.95869,4.13,1.88
2012.05.28 14:45:53.574,0.95856,0.95868,2.25,1.50
2012.05.28 14:45:54.110,0.95857,0.95869,1.50,1.88
2012.05.28 14:45:54.512,0.9586,0.95871,1.50,4.13
2012.05.28 14:45:55.153,0.95857,0.95871,2.25,6.53
2012.05.28 14:45:55.905,0.95856,0.95868,1.50,1.50
2012.05.28 14:45:55.985,0.95854,0.95865,2.26,1.50
2012.05.28 14:45:56.551,0.95853,0.95866,2.25,2.25
2012.05.28 14:45:58.294,0.95856,0.95868,1.50,4.50
2012.05.28 14:45:58.642,0.95855,0.95868,2.25,2.25
2012.05.28 14:45:59.602,0.95856,0.95868,1.50,2.25
2012.05.28 14:45:59.953,0.95856,0.95868,1.50,1.50
2012.05.28 14:46:00.517,0.95856,0.9587,2.25,3.19
2012.05.28 14:46:01.991,0.95856,0.9587,2.25,5.25
2012.05.28 14:46:02.903,0.95857,0.95869,2.25,1.88
2012.05.28 14:46:03.448,0.95857,0.95869,2.25,1.88
2012.05.28 14:46:03.991,0.95856,0.95868,2.25,1.88
2012.05.28 14:46:04.760,0.95857,0.95869,2.25,1.88
2012.05.28 14:46:06.212,0.95857,0.95869,1.50,1.69
2012.05.28 14:46:07.224,0.95857,0.9587,2.25,1.69
2012.05.28 14:46:07.774,0.95857,0.9587,2.25,2.25
2012.05.28 14:46:10.415,0.95857,0.95869,2.25,2.25
2012.05.28 14:46:12.671,0.95856,0.95868,1.50,1.88
2012.05.28 14:46:14.931,0.95856,0.95868,2.25,1.88
2012.05.28 14:46:15.620,0.95856,0.95868,1.50,1.88
2012.05.28 14:46:16.190,0.95856,0.95867,2.25,2.25
2012.05.28 14:46:16.830,0.95857,0.95867,1.50,2.25
2012.05.28 14:46:17.351,0.95856,0.95867,2.25,2.25
2012.05.28 14:46:18.850,0.95856,0.95869,2.25,2.25
2012.05.28 14:46:19.398,0.95856,0.95869,1.50,2.25
2012.05.28 14:46:20.533,0.95854,0.95865,1.50,1.50
2012.05.28 14:46:20.730,0.95853,0.95867,3.75,1.69
2012.05.28 14:46:21.242,0.95854,0.95866,2.25,1.50
2012.05.28 14:46:21.802,0.95853,0.95866,1.50,1.88
2012.05.28 14:46:22.387,0.95853,0.95867,3.00,3.75
2012.05.28 14:46:22.750,0.95857,0.95867,1.50,2.25
2012.05.28 14:46:23.271,0.95858,0.95867,1.50,2.25
2012.05.28 14:46:23.545,0.95858,0.9587,1.50,6.00
2012.05.28 14:46:23.820,0.95856,0.95868,1.50,1.88
2012.05.28 14:46:24.633,0.95856,0.95868,1.50,3.75
2012.05.28 14:46:25.664,0.95855,0.95867,2.25,1.88
2012.05.28 14:46:27.851,0.95856,0.95868,1.50,3.75
2012.05.28 14:46:28.062,0.95854,0.95868,2.25,3.75
2012.05.28 14:46:28.380,0.95854,0.95868,2.25,3.75
2012.05.28 14:46:28.453,0.95854,0.95868,2.25,3.75
2012.05.28 14:46:28.662,0.95856,0.95868,1.50,3.75
2012.05.28 14:46:29.923,0.95856,0.95868,2.25,3.75
2012.05.28 14:46:30.480,0.95857,0.95868,2.25,2.25
2012.05.28 14:46:31.711,0.95855,0.95868,1.50,3.75
2012.05.28 14:46:32.229,0.95856,0.95868,2.25,3.75
2012.05.28 14:46:35.020,0.95856,0.95868,2.25,2.25
2012.05.28 14:46:35.542,0.95855,0.95867,2.25,1.69
2012.05.28 14:46:36.050,0.95856,0.95868,1.50,3.75
2012.05.28 14:46:36.560,0.95856,0.95868,2.25,2.25
2012.05.28 14:46:37.890,0.95856,0.95868,1.50,3.75
2012.05.28 14:46:38.020,0.95856,0.95868,2.25,3.75
2012.05.28 14:46:38.669,0.95857,0.95868,1.50,2.25
2012.05.28 14:46:40.001,0.95858,0.95868,1.50,2.25
2012.05.28 14:46:40.269,0.95855,0.95867,4.50,2.25
2012.05.28 14:46:41.080,0.95855,0.95867,3.00,3.75
2012.05.28 14:46:41.632,0.95855,0.95867,1.50,3.75
2012.05.28 14:46:42.150,0.95855,0.95867,2.25,3.75
2012.05.28 14:46:42.681,0.95855,0.95867,2.25,3.75
2012.05.28 14:46:44.061,0.95855,0.95867,1.50,1.69
2012.05.28 14:46:44.570,0.95855,0.95866,1.50,2.25
2012.05.28 14:46:48.883,0.95854,0.95866,1.50,3.75
2012.05.28 14:46:50.640,0.95854,0.95866,2.25,3.75
2012.05.28 14:46:52.749,0.95854,0.95866,2.25,3.75
2012.05.28 14:46:53.289,0.95855,0.95866,2.25,2.25
2012.05.28 14:46:53.821,0.95855,0.95867,1.50,1.69
2012.05.28 14:46:54.232,0.95853,0.95866,2.25,1.69
2012.05.28 14:46:54.503,0.95853,0.95865,3.75,1.69
2012.05.28 14:46:54.691,0.95853,0.95866,3.75,2.25
2012.05.28 14:46:54.830,0.95853,0.95866,3.75,2.25
2012.05.28 14:46:54.908,0.95853,0.95865,3.75,1.69
2012.05.28 14:46:55.112,0.95854,0.95866,2.25,3.75
2012.05.28 14:46:55.254,0.95853,0.95867,3.75,1.69
2012.05.28 14:46:55.699,0.95855,0.95869,2.25,4.50
2012.05.28 14:46:56.290,0.95855,0.95867,2.25,2.25
2012.05.28 14:46:58.832,0.95855,0.95867,1.50,2.25
2012.05.28 14:46:59.391,0.95854,0.95868,2.25,3.75
2012.05.28 14:46:59.769,0.95854,0.95868,2.25,3.75
2012.05.28 14:47:00.581,0.95855,0.95868,1.50,2.25
2012.05.28 14:47:02.610,0.95855,0.95867,1.50,1.69
2012.05.28 14:47:03.181,0.95855,0.95867,2.25,1.69
2012.05.28 14:47:03.659,0.95856,0.95867,2.25,2.25
2012.05.28 14:47:04.071,0.95854,0.95867,2.25,2.25
2012.05.28 14:47:04.601,0.95853,0.95865,3.00,1.88
2012.05.28 14:47:06.831,0.95854,0.95866,1.50,3.00
2012.05.28 14:47:06.901,0.95852,0.95866,1.50,3.00
2012.05.28 14:47:07.939,0.95853,0.95867,1.50,2.63
2012.05.28 14:47:08.640,0.95853,0.95865,1.50,1.50
2012.05.28 14:47:08.830,0.95853,0.95867,1.50,1.88
2012.05.28 14:47:09.343,0.95853,0.95866,1.50,2.25
2012.05.28 14:47:09.923,0.95852,0.95866,3.00,3.75
2012.05.28 14:47:10.522,0.95853,0.95866,1.50,2.25
2012.05.28 14:47:11.042,0.95852,0.95866,3.00,3.75
2012.05.28 14:47:11.593,0.95853,0.95865,1.50,1.69
2012.05.28 14:47:11.992,0.95851,0.95863,1.50,1.69
2012.05.28 14:47:12.601,0.9585,0.95861,1.50,1.50
2012.05.28 14:47:13.349,0.9585,0.95861,1.50,1.50
2012.05.28 14:47:13.863,0.95849,0.95861,5.25,1.50
2012.05.28 14:47:14.560,0.9585,0.95861,2.25,1.50
2012.05.28 14:47:15.580,0.9585,0.95861,2.25,1.50
2012.05.28 14:47:16.120,0.95849,0.95861,2.63,1.50
2012.05.28 14:47:16.192,0.95849,0.95861,2.63,3.75
2012.05.28 14:47:17.733,0.95849,0.95862,1.88,1.88
2012.05.28 14:47:18.305,0.95851,0.95863,1.50,1.88
2012.05.28 14:47:18.561,0.95851,0.95861,1.50,2.25
2012.05.28 14:47:19.275,0.95849,0.95861,1.88,2.25
2012.05.28 14:47:22.480,0.95849,0.95861,2.63,1.88
2012.05.28 14:47:22.973,0.95851,0.95862,1.50,2.25
2012.05.28 14:47:23.672,0.95849,0.95862,2.63,1.50
2012.05.28 14:47:24.239,0.95849,0.95862,1.88,1.50
2012.05.28 14:47:24.570,0.95849,0.95861,1.88,2.25
2012.05.28 14:47:25.770,0.95849,0.95862,1.13,1.50
2012.05.28 14:47:26.579,0.95849,0.95862,1.13,3.75
2012.05.28 14:47:28.474,0.9585,0.95863,1.50,1.88
2012.05.28 14:47:29.140,0.9585,0.95862,1.50,2.25
2012.05.28 14:47:32.334,0.9585,0.95864,2.25,3.75
2012.05.28 14:47:33.032,0.9585,0.95861,1.50,2.25
2012.05.28 14:47:34.033,0.95849,0.95861,1.50,2.25
2012.05.28 14:47:42.701,0.95849,0.95861,3.00,1.50
2012.05.28 14:47:43.239,0.95849,0.95861,3.00,3.75
2012.05.28 14:47:46.412,0.95848,0.9586,5.63,3.75
2012.05.28 14:47:46.981,0.95848,0.9586,4.13,3.98
2012.05.28 14:47:47.511,0.95848,0.9586,3.38,3.98
2012.05.28 14:47:47.761,0.95848,0.9586,3.38,1.92
2012.05.28 14:47:48.504,0.95848,0.9586,3.38,1.92
2012.05.28 14:47:49.062,0.95848,0.9586,2.25,1.73
2012.05.28 14:47:49.605,0.95849,0.9586,1.50,2.48
2012.05.28 14:47:50.094,0.95847,0.9586,2.25,2.63
2012.05.28 14:47:50.612,0.95848,0.9586,1.50,2.63
2012.05.28 14:47:52.083,0.95847,0.9586,2.25,2.25
2012.05.28 14:47:52.542,0.95849,0.9586,1.50,2.25
2012.05.28 14:47:53.981,0.95848,0.9586,1.50,4.50
2012.05.28 14:47:56.771,0.95848,0.9586,1.50,2.25
2012.05.28 14:47:56.852,0.95846,0.95858,1.88,1.50
2012.05.28 14:47:57.513,0.95845,0.95857,3.00,1.50
2012.05.28 14:47:57.591,0.95844,0.95856,1.13,1.84
2012.05.28 14:47:58.133,0.95843,0.95857,1.88,4.65
2012.05.28 14:47:58.200,0.95845,0.95857,1.50,4.65
2012.05.28 14:47:58.965,0.95844,0.95857,1.50,2.25
2012.05.28 14:47:59.184,0.95844,0.95858,2.25,2.63
2012.05.28 14:47:59.252,0.95844,0.95858,2.25,2.63
2012.05.28 14:47:59.322,0.95844,0.95856,2.25,1.50
2012.05.28 14:47:59.881,0.95843,0.95857,4.13,1.50
2012.05.28 14:48:00.294,0.95845,0.95856,1.50,2.25
2012.05.28 14:48:00.366,0.95843,0.95856,1.88,3.75
2012.05.28 14:48:00.691,0.95845,0.95856,1.50,2.25
2012.05.28 14:48:01.250,0.95844,0.95856,1.50,2.25
2012.05.28 14:48:02.100,0.95843,0.95855,1.88,1.69
2012.05.28 14:48:02.410,0.95845,0.95856,1.50,2.25
2012.05.28 14:48:02.933,0.95844,0.95856,1.50,1.69
2012.05.28 14:48:03.004,0.95843,0.95855,1.50,3.00
2012.05.28 14:48:03.552,0.95842,0.95854,3.00,2.25
2012.05.28 14:48:04.080,0.95843,0.95854,2.25,1.13
2012.05.28 14:48:06.180,0.95843,0.95854,1.50,1.13
2012.05.28 14:48:14.043,0.95843,0.95854,2.25,1.13
2012.05.28 14:48:14.821,0.95843,0.95854,2.25,1.13
2012.05.28 14:48:15.680,0.95843,0.95854,3.00,1.13
2012.05.28 14:48:15.893,0.95843,0.95855,2.25,1.88
2012.05.28 14:48:16.410,0.95843,0.95855,2.25,1.88
2012.05.28 14:48:17.359,0.95843,0.95855,2.25,3.75
2012.05.28 14:48:20.074,0.95844,0.95855,1.50,2.25
2012.05.28 14:48:20.142,0.95844,0.95856,1.50,2.44
2012.05.28 14:48:21.718,0.95844,0.95855,1.50,2.25
2012.05.28 14:48:22.482,0.95843,0.95855,2.25,3.75
2012.05.28 14:48:27.111,0.95843,0.95855,1.50,1.88
2012.05.28 14:48:30.648,0.95843,0.95855,1.50,1.88
2012.05.28 14:48:34.093,0.95841,0.95853,4.13,1.50
2012.05.28 14:48:34.293,0.95841,0.95851,1.13,1.50
2012.05.28 14:48:34.646,0.95838,0.95848,1.50,1.50
2012.05.28 14:48:35.206,0.95836,0.95847,1.50,1.50
2012.05.28 14:48:35.555,0.95836,0.95848,1.50,3.75
2012.05.28 14:48:36.267,0.95836,0.95848,2.25,2.25
2012.05.28 14:48:36.930,0.95837,0.95848,2.25,2.25
2012.05.28 14:48:37.285,0.95837,0.95849,2.25,1.88
2012.05.28 14:48:37.561,0.95835,0.95849,4.88,1.88
2012.05.28 14:48:37.702,0.95836,0.9585,2.25,2.63
2012.05.28 14:48:38.354,0.95836,0.95848,2.25,1.50
2012.05.28 14:48:39.141,0.95835,0.95846,1.88,1.50
2012.05.28 14:48:39.218,0.95836,0.95848,1.50,3.00
2012.05.28 14:48:39.860,0.95836,0.95847,1.50,2.25
2012.05.28 14:48:41.654,0.95836,0.95848,1.50,1.69
2012.05.28 14:48:42.411,0.95835,0.95846,1.13,1.50
2012.05.28 14:48:42.934,0.95835,0.95848,1.13,1.69
2012.05.28 14:48:43.692,0.95835,0.95847,2.63,1.69
2012.05.28 14:48:45.564,0.95836,0.95847,1.50,2.25
2012.05.28 14:48:47.455,0.95836,0.95848,2.25,1.69
2012.05.28 14:48:47.980,0.95834,0.95846,1.88,1.50
2012.05.28 14:48:48.058,0.95834,0.95845,1.88,2.25
2012.05.28 14:48:48.134,0.95832,0.95843,3.01,1.88
2012.05.28 14:48:48.622,0.95832,0.95841,1.13,1.50
2012.05.28 14:48:48.764,0.95832,0.95843,1.13,3.75
2012.05.28 14:48:48.834,0.95832,0.95841,1.13,1.50
2012.05.28 14:48:54.600,0.95833,0.95842,1.13,1.50
2012.05.28 14:48:55.703,0.95833,0.95842,1.13,1.88
2012.05.28 14:48:56.817,0.95829,0.9584,3.46,2.25
2012.05.28 14:48:57.387,0.95828,0.95839,1.50,1.69
2012.05.28 14:48:57.464,0.95827,0.95839,1.50,1.69
2012.05.28 14:48:57.884,0.95825,0.95839,3.76,1.69
2012.05.28 14:48:58.024,0.95825,0.95837,3.76,3.00
2012.05.28 14:48:58.367,0.95822,0.95835,1.13,2.55
2012.05.28 14:48:58.925,0.95821,0.95835,2.25,2.25
2012.05.28 14:48:59.484,0.95822,0.95834,2.25,1.50
2012.05.28 14:49:00.032,0.95822,0.95836,2.25,3.17
2012.05.28 14:49:00.594,0.95822,0.95834,2.25,1.50
2012.05.28 14:49:01.225,0.95822,0.95836,2.25,3.17
2012.05.28 14:49:02.541,0.95823,0.95836,3.00,1.69
2012.05.28 14:49:03.090,0.95824,0.95836,1.50,1.69
2012.05.28 14:49:03.530,0.95824,0.95836,2.25,3.75
2012.05.28 14:49:04.073,0.95823,0.95835,4.13,1.88
2012.05.28 14:49:05.430,0.95823,0.95836,2.63,1.69
2012.05.28 14:49:05.631,0.95823,0.95834,2.63,1.50
2012.05.28 14:49:07.802,0.95823,0.95835,4.13,1.50
2012.05.28 14:49:08.312,0.95823,0.95835,4.13,1.50
2012.05.28 14:49:08.668,0.95828,0.95839,2.25,3.75
2012.05.28 14:49:09.211,0.95826,0.95839,1.50,5.25
2012.05.28 14:49:09.688,0.95825,0.95839,3.75,5.25
2012.05.28 14:49:10.033,0.95826,0.95839,1.50,5.25
2012.05.28 14:49:10.173,0.95826,0.95839,1.50,3.38
2012.05.28 14:49:11.581,0.95826,0.95838,3.00,1.50
2012.05.28 14:49:12.142,0.95826,0.95839,3.00,1.88
2012.05.28 14:49:12.659,0.95826,0.9584,3.00,2.63
2012.05.28 14:49:13.202,0.95827,0.95839,3.00,1.88
2012.05.28 14:49:13.892,0.95829,0.9584,1.50,1.13
2012.05.28 14:49:14.613,0.95827,0.95839,2.25,1.50
2012.05.28 14:49:15.087,0.95826,0.95838,2.63,1.50
2012.05.28 14:49:15.643,0.95826,0.95838,2.25,1.69
2012.05.28 14:49:16.163,0.95827,0.95839,2.25,3.75
2012.05.28 14:49:16.775,0.95829,0.95839,1.50,2.25
2012.05.28 14:49:16.951,0.95829,0.95841,1.50,3.38
2012.05.28 14:49:17.223,0.95828,0.95838,1.50,1.50
2012.05.28 14:49:17.543,0.95827,0.9584,1.50,1.50
2012.05.28 14:49:17.922,0.95825,0.95839,3.75,1.88
2012.05.28 14:49:17.992,0.95825,0.95839,3.00,2.63
2012.05.28 14:49:19.084,0.95827,0.95839,1.50,2.63
2012.05.28 14:49:19.964,0.95826,0.95838,1.50,1.88
2012.05.28 14:49:20.865,0.95826,0.9584,3.00,3.75
2012.05.28 14:49:21.073,0.95826,0.9584,3.38,5.63
2012.05.28 14:49:21.601,0.95826,0.95836,1.50,1.50
2012.05.28 14:49:21.674,0.95825,0.95838,1.50,1.69
2012.05.28 14:49:21.814,0.95825,0.95837,1.50,3.75
2012.05.28 14:49:22.482,0.95826,0.95837,1.50,2.25
2012.05.28 14:49:23.910,0.95825,0.95839,3.00,2.25
2012.05.28 14:49:24.046,0.95825,0.95839,3.00,2.25
2012.05.28 14:49:24.560,0.95826,0.9584,2.25,2.63
2012.05.28 14:49:25.321,0.95826,0.95838,2.25,1.50
2012.05.28 14:49:25.849,0.95825,0.95839,3.00,3.00
2012.05.28 14:49:26.159,0.95827,0.95839,1.50,3.00
2012.05.28 14:49:26.679,0.95826,0.95839,2.25,1.50
2012.05.28 14:49:32.103,0.95825,0.95839,2.25,2.25
2012.05.28 14:49:32.630,0.95824,0.95838,3.00,1.50
2012.05.28 14:49:33.253,0.95824,0.95838,3.00,1.88
2012.05.28 14:49:34.052,0.95824,0.95836,3.00,1.50
2012.05.28 14:49:34.632,0.95825,0.95837,2.25,1.69
2012.05.28 14:49:41.153,0.95825,0.95839,3.00,3.38
2012.05.28 14:49:41.775,0.95826,0.95838,3.00,1.50
2012.05.28 14:49:45.830,0.95826,0.95838,3.75,1.50
2012.05.28 14:49:46.420,0.95827,0.95839,1.50,1.50
2012.05.28 14:49:47.075,0.95826,0.95838,3.00,1.50
2012.05.28 14:49:50.239,0.95826,0.95838,2.25,3.23
2012.05.28 14:49:50.388,0.95822,0.95834,1.88,2.25
2012.05.28 14:49:50.912,0.95822,0.95835,1.13,3.75
2012.05.28 14:49:50.992,0.95821,0.95833,4.13,1.50
2012.05.28 14:49:51.346,0.9582,0.95831,1.13,1.50
2012.05.28 14:49:52.088,0.9582,0.95834,2.63,3.75
2012.05.28 14:49:52.902,0.9582,0.95834,2.63,3.75
2012.05.28 14:49:52.996,0.9582,0.95834,2.63,1.50
2012.05.28 14:49:53.142,0.95822,0.95834,1.50,1.50
2012.05.28 14:49:53.563,0.9582,0.95834,2.63,1.50
2012.05.28 14:49:55.231,0.95822,0.95836,1.50,3.19
2012.05.28 14:49:55.740,0.95822,0.95834,1.50,1.50
2012.05.28 14:49:56.165,0.95824,0.95836,1.50,3.75
2012.05.28 14:49:56.443,0.95824,0.95836,1.50,3.00
2012.05.28 14:49:56.951,0.95825,0.95836,1.50,1.50
2012.05.28 14:49:57.151,0.95823,0.95836,1.50,1.50
2012.05.28 14:49:57.720,0.95822,0.95834,1.88,1.50
2012.05.28 14:49:58.282,0.95823,0.95835,1.50,1.50
2012.05.28 14:49:58.931,0.95823,0.95835,1.50,1.69
2012.05.28 14:50:00.919,0.95823,0.95835,2.25,1.50
2012.05.28 14:50:02.121,0.95823,0.95835,1.50,1.88
2012.05.28 14:50:03.454,0.95824,0.95836,1.50,3.75
2012.05.28 14:50:03.651,0.95822,0.95836,2.25,1.50
2012.05.28 14:50:04.473,0.95821,0.95835,4.13,1.50
2012.05.28 14:50:05.973,0.95823,0.95835,2.25,1.88
2012.05.28 14:50:06.682,0.95824,0.95836,1.50,2.25
2012.05.28 14:50:06.990,0.95823,0.95837,2.25,3.19
2012.05.28 14:50:08.483,0.95823,0.95834,1.50,1.50
2012.05.28 14:50:09.021,0.95822,0.95835,1.50,1.69
2012.05.28 14:50:10.901,0.95822,0.95835,2.25,2.25
2012.05.28 14:50:11.232,0.95821,0.95833,2.25,1.88
2012.05.28 14:50:12.951,0.95822,0.95835,1.50,3.75
2012.05.28 14:50:13.533,0.95821,0.95835,3.00,4.50
2012.05.28 14:50:15.320,0.95821,0.95835,3.00,5.25
2012.05.28 14:50:16.632,0.95821,0.95835,3.38,5.25
2012.05.28 14:50:17.544,0.95823,0.95835,1.50,3.75
2012.05.28 14:50:17.684,0.95823,0.95835,3.00,1.88
2012.05.28 14:50:17.921,0.95825,0.95837,1.50,5.25
2012.05.28 14:50:18.277,0.95829,0.9584,1.50,4.50
2012.05.28 14:50:18.911,0.95827,0.95839,1.50,1.69
2012.05.28 14:50:19.523,0.95827,0.95839,2.25,1.69
2012.05.28 14:50:20.050,0.95827,0.95839,2.25,1.69
2012.05.28 14:50:21.362,0.95825,0.95839,4.13,2.44
2012.05.28 14:50:21.507,0.95825,0.95836,1.88,1.50
2012.05.28 14:50:22.062,0.95825,0.95837,2.63,2.63
2012.05.28 14:50:22.795,0.95824,0.95836,4.13,1.50
2012.05.28 14:50:23.321,0.95824,0.95835,1.13,1.50
2012.05.28 14:50:24.016,0.95822,0.95834,4.13,1.50
2012.05.28 14:50:24.513,0.95822,0.95835,1.50,2.25
2012.05.28 14:50:25.384,0.95821,0.95833,4.89,1.50
2012.05.28 14:50:25.521,0.95821,0.95835,4.50,2.25
2012.05.28 14:50:26.521,0.95823,0.95835,1.50,1.50
2012.05.28 14:50:32.232,0.95823,0.95835,2.25,1.50
2012.05.28 14:50:33.250,0.95822,0.95834,3.75,1.50
2012.05.28 14:50:33.752,0.95822,0.95836,3.75,2.25
2012.05.28 14:50:34.840,0.95822,0.95836,3.00,1.50
2012.05.28 14:50:36.950,0.95822,0.95833,1.50,1.50
2012.05.28 14:50:37.499,0.95822,0.95834,3.00,1.50
2012.05.28 14:50:37.811,0.95822,0.95836,3.00,1.50
2012.05.28 14:50:37.883,0.95822,0.95834,3.00,1.50
2012.05.28 14:50:38.023,0.95822,0.95834,2.25,1.50
2012.05.28 14:50:38.552,0.95822,0.95836,2.25,4.50
2012.05.28 14:50:39.302,0.95822,0.95836,2.25,3.00
2012.05.28 14:50:39.811,0.95823,0.95835,2.25,2.25
2012.05.28 14:50:43.979,0.95824,0.95836,1.50,1.50
2012.05.28 14:50:44.950,0.95824,0.95836,1.50,3.00
2012.05.28 14:50:45.473,0.9582,0.95834,4.88,2.25
2012.05.28 14:50:46.164,0.95821,0.95835,3.00,3.00
2012.05.28 14:50:46.510,0.95821,0.95834,2.25,1.50
2012.05.28 14:50:48.241,0.95823,0.95835,1.50,1.50
2012.05.28 14:50:48.760,0.95822,0.95836,2.25,4.50
2012.05.28 14:50:48.890,0.95821,0.95835,3.15,2.25
2012.05.28 14:50:49.393,0.95822,0.95834,2.25,2.25
2012.05.28 14:50:52.769,0.95822,0.95834,2.25,1.50
2012.05.28 14:50:53.321,0.95822,0.95834,2.25,2.25
2012.05.28 14:50:53.810,0.95823,0.95835,1.50,2.25
2012.05.28 14:50:56.541,0.95825,0.95837,1.50,3.75
2012.05.28 14:50:57.072,0.95826,0.95837,1.50,1.50
2012.05.28 14:50:58.081,0.95827,0.95839,1.50,2.63
2012.05.28 14:50:58.493,0.95825,0.95839,3.00,2.25
2012.05.28 14:50:58.561,0.95825,0.95839,3.00,2.25
2012.05.28 14:50:59.122,0.95826,0.9584,1.50,4.69
2012.05.28 14:50:59.683,0.95826,0.95838,1.50,1.50
2012.05.28 14:51:00.221,0.95827,0.95839,1.50,2.25
2012.05.28 14:51:00.364,0.95824,0.95838,3.75,2.25
2012.05.28 14:51:01.443,0.95824,0.95836,3.75,1.50
2012.05.28 14:51:01.951,0.95824,0.95838,2.25,3.00
2012.05.28 14:51:02.524,0.95825,0.95837,1.50,2.25
2012.05.28 14:51:03.823,0.95823,0.95837,3.57,3.00
2012.05.28 14:51:04.339,0.95822,0.95834,2.82,2.25
2012.05.28 14:51:06.822,0.95822,0.95836,2.63,2.25
2012.05.28 14:51:07.161,0.95822,0.95833,1.13,2.25
2012.05.28 14:51:07.681,0.95822,0.95835,1.88,2.25
2012.05.28 14:51:08.201,0.95822,0.95835,1.88,1.50
2012.05.28 14:51:08.773,0.95822,0.95834,3.38,1.50
2012.05.28 14:51:09.330,0.95822,0.95835,3.38,2.25
2012.05.28 14:51:10.212,0.95824,0.95838,1.50,2.25
2012.05.28 14:51:10.740,0.95824,0.95836,1.50,2.25
2012.05.28 14:51:10.880,0.95823,0.95834,1.13,1.50
2012.05.28 14:51:11.401,0.95823,0.95836,1.13,2.25
2012.05.28 14:51:14.961,0.95823,0.95837,2.63,2.25
2012.05.28 14:51:15.212,0.95823,0.95834,1.13,1.50
2012.05.28 14:51:15.731,0.95823,0.95836,2.63,1.50
2012.05.28 14:51:15.861,0.95823,0.95834,1.13,1.50
2012.05.28 14:51:16.401,0.95823,0.95835,2.63,2.25
2012.05.28 14:51:18.361,0.95824,0.95838,2.25,3.00
2012.05.28 14:51:18.922,0.95824,0.95838,2.25,3.00
2012.05.28 14:51:20.145,0.95824,0.95838,2.25,2.63
2012.05.28 14:51:20.826,0.95824,0.95838,2.25,2.63
2012.05.28 14:51:22.819,0.95824,0.95838,2.25,1.50
2012.05.28 14:51:22.889,0.95824,0.95838,2.25,2.25
2012.05.28 14:51:23.508,0.95825,0.95837,1.50,2.25
2012.05.28 14:51:24.319,0.95824,0.95836,2.25,2.25
2012.05.28 14:51:25.242,0.95824,0.95836,2.25,2.25
2012.05.28 14:51:26.965,0.95825,0.95837,1.50,2.25
2012.05.28 14:51:27.625,0.95823,0.95837,2.63,2.25
2012.05.28 14:51:28.871,0.95823,0.95837,2.63,2.25
2012.05.28 14:51:29.215,0.95822,0.95834,3.75,1.50
2012.05.28 14:51:29.745,0.95821,0.95833,2.63,1.50
2012.05.28 14:51:30.295,0.95822,0.95834,1.50,2.25
2012.05.28 14:51:30.823,0.95821,0.95833,2.25,1.50
2012.05.28 14:51:31.552,0.95822,0.95834,1.50,2.25
2012.05.28 14:51:32.232,0.95822,0.95834,1.50,2.25
2012.05.28 14:51:33.613,0.9582,0.95834,4.50,2.25
2012.05.28 14:51:38.516,0.95821,0.95835,2.25,3.00
2012.05.28 14:51:40.332,0.95821,0.95833,2.25,1.50
2012.05.28 14:51:42.690,0.95822,0.95834,1.50,2.25
2012.05.28 14:51:43.196,0.9582,0.95834,3.75,2.25
2012.05.28 14:51:43.801,0.95821,0.95835,2.25,3.00
2012.05.28 14:51:44.551,0.9582,0.95834,3.75,2.25
2012.05.28 14:51:45.064,0.9582,0.95833,2.25,3.00
2012.05.28 14:51:46.503,0.95818,0.9583,2.70,2.25
2012.05.28 14:51:46.581,0.95817,0.95829,2.63,1.50
2012.05.28 14:51:46.724,0.95815,0.95829,3.75,2.25
2012.05.28 14:51:47.425,0.95817,0.95829,2.25,2.25
2012.05.28 14:51:47.835,0.95816,0.95826,1.50,1.50
2012.05.28 14:51:47.988,0.95812,0.95825,1.65,2.25
2012.05.28 14:51:48.498,0.95812,0.95826,2.78,3.75
2012.05.28 14:51:49.230,0.95812,0.95826,2.40,2.25
2012.05.28 14:51:49.791,0.95812,0.95826,4.65,1.50
2012.05.28 14:51:51.266,0.95812,0.95825,1.65,1.50
2012.05.28 14:51:51.416,0.95811,0.95822,1.65,1.50
2012.05.28 14:51:51.777,0.95811,0.95822,1.50,2.25
2012.05.28 14:51:52.333,0.95809,0.95823,2.25,3.00
2012.05.28 14:51:52.401,0.95809,0.95823,2.25,1.50
2012.05.28 14:51:52.991,0.95809,0.95823,3.00,2.25
2012.05.28 14:51:53.473,0.95811,0.95824,2.25,2.63
2012.05.28 14:51:53.893,0.95813,0.95825,2.63,2.25
2012.05.28 14:51:53.964,0.95814,0.95828,3.38,4.80
2012.05.28 14:51:54.175,0.95814,0.95828,2.25,1.50
2012.05.28 14:51:54.825,0.95819,0.95828,1.50,1.50
2012.05.28 14:51:55.176,0.95821,0.95833,1.50,1.88
2012.05.28 14:51:58.905,0.95819,0.95831,3.00,1.50
2012.05.28 14:51:59.240,0.95819,0.9583,2.25,1.50
2012.05.28 14:51:59.525,0.95815,0.95829,2.63,3.00
2012.05.28 14:51:59.944,0.95814,0.95826,2.25,1.50
2012.05.28 14:52:00.365,0.95812,0.95825,1.88,2.25
2012.05.28 14:52:00.921,0.95814,0.95826,2.25,2.25
2012.05.28 14:52:01.583,0.95814,0.95826,2.25,2.25
2012.05.28 14:52:02.673,0.95812,0.95826,2.25,3.00
2012.05.28 14:52:03.543,0.95811,0.95825,2.25,2.25
2012.05.28 14:52:05.783,0.95811,0.95825,2.25,2.25
2012.05.28 14:52:05.994,0.9581,0.95822,2.63,1.50
2012.05.28 14:52:06.660,0.9581,0.95821,1.13,2.25
2012.05.28 14:52:06.738,0.9581,0.95823,1.13,2.25
2012.05.28 14:52:06.876,0.95808,0.95822,2.63,2.25
2012.05.28 14:52:07.309,0.95804,0.9582,1.50,2.25
2012.05.28 14:52:07.385,0.95807,0.9582,1.50,2.25
2012.05.28 14:52:07.933,0.95807,0.9582,1.50,2.25
2012.05.28 14:52:08.263,0.95807,0.9582,1.50,2.25
2012.05.28 14:52:08.750,0.95806,0.95818,2.25,5.63
2012.05.28 14:52:08.900,0.95806,0.95815,1.50,3.75
2012.05.28 14:52:08.978,0.95802,0.95812,1.65,1.50
2012.05.28 14:52:09.545,0.95801,0.95812,2.18,1.50
2012.05.28 14:52:10.047,0.95801,0.95811,1.13,1.50
2012.05.28 14:52:10.608,0.95801,0.95813,1.13,2.25
2012.05.28 14:52:11.254,0.95801,0.95813,1.13,3.75
2012.05.28 14:52:11.468,0.95801,0.95811,2.63,1.50
2012.05.28 14:52:11.933,0.95798,0.95809,1.32,1.50
2012.05.28 14:52:12.282,0.958,0.95812,1.50,1.50
2012.05.28 14:52:12.810,0.95799,0.95811,2.25,1.50
2012.05.28 14:52:13.325,0.958,0.95812,1.50,1.50
2012.05.28 14:52:13.973,0.95799,0.95811,2.25,1.50
2012.05.28 14:52:14.046,0.95798,0.95809,1.13,1.50
2012.05.28 14:52:14.657,0.95797,0.95808,1.50,1.50
2012.05.28 14:52:15.037,0.95796,0.9581,3.00,1.50
2012.05.28 14:52:15.607,0.95797,0.95809,2.25,1.50
2012.05.28 14:52:15.964,0.95797,0.95811,2.25,1.50
2012.05.28 14:52:17.057,0.95797,0.95811,1.50,1.50
2012.05.28 14:52:17.606,0.958,0.95812,2.25,1.50
2012.05.28 14:52:17.685,0.958,0.95814,2.25,1.50
2012.05.28 14:52:17.756,0.95803,0.95815,1.50,1.50
2012.05.28 14:52:18.303,0.95802,0.95814,1.50,1.50
2012.05.28 14:52:18.433,0.958,0.95813,1.13,1.50
2012.05.28 14:52:18.507,0.95801,0.95815,1.50,2.25
2012.05.28 14:52:19.786,0.95802,0.95815,1.13,2.25
2012.05.28 14:52:19.864,0.95804,0.95816,1.13,1.65
2012.05.28 14:52:20.213,0.95808,0.95818,1.50,1.20
2012.05.28 14:52:20.767,0.9581,0.9582,1.50,1.50
2012.05.28 14:52:21.057,0.95807,0.95819,3.75,2.25
2012.05.28 14:52:21.623,0.95804,0.95818,2.25,1.50
2012.05.28 14:52:21.835,0.95807,0.95819,1.50,1.50
2012.05.28 14:52:29.063,0.95807,0.95819,2.25,1.50
2012.05.28 14:52:29.571,0.95808,0.9582,1.50,1.50
2012.05.28 14:52:30.022,0.95806,0.9582,2.25,1.50
2012.05.28 14:52:30.558,0.95806,0.9582,2.25,1.50
2012.05.28 14:52:31.091,0.95807,0.95821,2.25,1.50
2012.05.28 14:52:31.163,0.95807,0.95819,2.25,1.50
2012.05.28 14:52:32.903,0.95808,0.9582,1.50,1.50
2012.05.28 14:52:33.374,0.95809,0.95822,2.25,1.50
2012.05.28 14:52:33.882,0.9581,0.95823,1.13,2.25
2012.05.28 14:52:34.240,0.95813,0.95825,3.38,1.50
2012.05.28 14:52:34.317,0.95816,0.95827,2.25,2.25
2012.05.28 14:52:34.537,0.95817,0.95831,1.50,3.57
2012.05.28 14:52:34.685,0.95815,0.95827,2.25,1.50
2012.05.28 14:52:34.906,0.95816,0.9583,2.25,1.50
2012.05.28 14:52:35.474,0.95816,0.95828,2.25,1.50
2012.05.28 14:52:36.060,0.95816,0.9583,2.25,2.25
2012.05.28 14:52:36.845,0.95816,0.9583,1.50,3.75
2012.05.28 14:52:36.922,0.95816,0.9583,1.50,3.75
2012.05.28 14:52:37.135,0.95813,0.95827,3.00,1.50
2012.05.28 14:52:37.692,0.95815,0.95827,1.50,2.25
2012.05.28 14:52:38.405,0.95814,0.95826,1.50,1.50
2012.05.28 14:52:38.873,0.95814,0.95828,1.50,2.25
2012.05.28 14:52:39.015,0.95816,0.9583,1.50,3.75
2012.05.28 14:52:39.814,0.95816,0.9583,2.25,2.25
2012.05.28 14:52:40.435,0.95818,0.95831,1.50,1.50
2012.05.28 14:52:43.872,0.95817,0.95829,1.50,1.50
2012.05.28 14:52:44.411,0.95817,0.95831,1.50,3.00
2012.05.28 14:52:45.659,0.9582,0.95831,1.50,1.50
2012.05.28 14:52:46.194,0.95819,0.95833,1.50,8.25
2012.05.28 14:52:46.941,0.9582,0.95832,1.50,2.25
2012.05.28 14:52:47.533,0.95819,0.95831,1.50,2.25
2012.05.28 14:52:48.636,0.95819,0.95831,3.00,2.25
2012.05.28 14:52:48.716,0.95821,0.95833,1.50,1.88
2012.05.28 14:52:49.275,0.95822,0.95836,2.25,1.50
2012.05.28 14:52:49.345,0.95822,0.95834,2.25,1.50
2012.05.28 14:52:49.976,0.95822,0.95836,2.25,1.50
2012.05.28 14:52:50.635,0.95822,0.95835,2.25,1.50
2012.05.28 14:52:50.708,0.9582,0.95833,3.00,1.50
2012.05.28 14:52:50.788,0.95818,0.95832,4.73,1.50
2012.05.28 14:52:51.353,0.95816,0.9583,1.50,1.50
2012.05.28 14:52:52.095,0.95817,0.95831,1.50,3.00
2012.05.28 14:52:52.716,0.95817,0.95829,1.50,1.50
2012.05.28 14:52:53.076,0.95814,0.95828,1.50,2.25
2012.05.28 14:52:54.081,0.95815,0.95827,1.50,1.50
2012.05.28 14:52:54.349,0.95812,0.95824,3.94,1.50
2012.05.28 14:52:54.493,0.95814,0.95826,1.50,2.78
2012.05.28 14:52:54.564,0.95813,0.95822,1.50,1.50
2012.05.28 14:52:54.635,0.9581,0.95822,4.13,1.50
2012.05.28 14:52:55.295,0.95809,0.95821,1.50,1.50
2012.05.28 14:52:55.850,0.95809,0.95822,1.50,1.50
2012.05.28 14:52:56.400,0.95808,0.95822,1.50,3.00
2012.05.28 14:52:56.844,0.95807,0.95819,3.00,1.50
2012.05.28 14:52:57.872,0.95807,0.95821,1.50,1.50
2012.05.28 14:52:58.450,0.95806,0.9582,1.50,1.50
2012.05.28 14:53:00.263,0.95806,0.9582,2.25,1.50
2012.05.28 14:53:00.801,0.95809,0.95821,1.50,1.50
2012.05.28 14:53:01.805,0.95808,0.95822,2.25,2.25
2012.05.28 14:53:03.244,0.95809,0.95823,1.50,2.25
2012.05.28 14:53:03.573,0.95809,0.95821,1.50,1.50
2012.05.28 14:53:03.891,0.95809,0.95823,1.50,3.00
2012.05.28 14:53:04.022,0.95809,0.95821,1.50,1.50
2012.05.28 14:53:04.492,0.95809,0.95823,1.50,3.00
2012.05.28 14:53:04.941,0.95809,0.95821,2.25,1.50
2012.05.28 14:53:05.304,0.95808,0.9582,2.25,1.50
2012.05.28 14:53:05.831,0.95809,0.95821,1.50,1.50
2012.05.28 14:53:08.660,0.95809,0.95821,2.25,1.50
2012.05.28 14:53:09.101,0.95809,0.95823,2.25,1.50
2012.05.28 14:53:09.492,0.95809,0.95821,3.00,1.50
2012.05.28 14:53:09.562,0.95809,0.95823,3.00,1.50
2012.05.28 14:53:10.082,0.95809,0.95821,2.25,1.50
2012.05.28 14:53:10.652,0.9581,0.95822,1.50,1.50
2012.05.28 14:53:10.901,0.95808,0.95822,3.75,1.50
2012.05.28 14:53:11.420,0.95809,0.95821,1.50,1.50
2012.05.28 14:53:12.123,0.95809,0.95823,1.50,1.50
2012.05.28 14:53:12.613,0.95809,0.95821,1.50,1.50
2012.05.28 14:53:14.104,0.9581,0.95822,1.50,1.50
2012.05.28 14:53:15.093,0.95808,0.95822,1.50,1.50
2012.05.28 14:53:15.743,0.95807,0.95819,2.25,1.50
2012.05.28 14:53:15.815,0.95807,0.95821,3.00,1.50
2012.05.28 14:53:16.522,0.95807,0.95821,3.00,1.50
2012.05.28 14:53:17.025,0.95808,0.95822,2.25,1.50
2012.05.28 14:53:17.550,0.95809,0.95823,1.50,2.25
2012.05.28 14:53:17.621,0.95809,0.95821,1.50,1.50
2012.05.28 14:53:17.823,0.95809,0.95823,1.50,2.25
2012.05.28 14:53:18.370,0.95808,0.95822,1.50,1.50
2012.05.28 14:53:22.693,0.9581,0.95822,1.50,2.25
2012.05.28 14:53:23.330,0.95808,0.95822,2.25,1.50
2012.05.28 14:53:23.473,0.9581,0.95824,1.50,1.88
2012.05.28 14:53:24.010,0.95811,0.95825,2.25,2.63
2012.05.28 14:53:24.540,0.95811,0.95825,2.25,2.63
2012.05.28 14:53:24.856,0.95813,0.95825,1.50,2.63
2012.05.28 14:53:24.932,0.95811,0.95825,1.50,2.63
2012.05.28 14:53:25.362,0.95813,0.95825,1.50,2.63
2012.05.28 14:53:25.703,0.9581,0.95824,2.25,1.88
2012.05.28 14:53:27.691,0.9581,0.95824,1.50,1.50
2012.05.28 14:53:30.303,0.9581,0.95824,2.25,1.88
2012.05.28 14:53:30.645,0.95811,0.95822,1.50,1.50
2012.05.28 14:53:31.313,0.9581,0.95822,2.25,1.50
2012.05.28 14:53:36.212,0.95812,0.95824,1.50,5.07
2012.05.28 14:53:36.354,0.9581,0.95822,4.50,1.50
2012.05.28 14:53:36.712,0.95811,0.95824,2.25,1.32
2012.05.28 14:53:37.268,0.95812,0.95824,2.25,1.50
2012.05.28 14:53:37.837,0.95818,0.95829,1.50,1.13
2012.05.28 14:53:38.314,0.95818,0.9583,1.50,2.25
2012.05.28 14:53:42.261,0.95818,0.9583,1.50,2.25
2012.05.28 14:53:42.811,0.95819,0.95832,1.50,1.13
2012.05.28 14:53:44.413,0.95819,0.95831,2.63,1.50
2012.05.28 14:53:44.484,0.95823,0.95831,1.50,1.50
2012.05.28 14:53:44.626,0.9582,0.95833,2.25,1.50
2012.05.28 14:53:44.913,0.95822,0.95836,2.25,2.27
2012.05.28 14:53:45.058,0.95824,0.95838,1.50,2.84
2012.05.28 14:53:45.626,0.95824,0.95836,2.25,1.52
2012.05.28 14:53:46.129,0.95824,0.95834,2.25,1.50
2012.05.28 14:53:46.207,0.95824,0.95835,1.50,2.55
2012.05.28 14:53:46.287,0.9582,0.95831,1.50,1.50
2012.05.28 14:53:47.012,0.95818,0.9583,4.13,1.50
2012.05.28 14:53:47.084,0.9582,0.95832,2.25,1.50
2012.05.28 14:53:47.632,0.95817,0.95831,4.13,1.50
2012.05.28 14:53:48.673,0.9582,0.95832,2.25,1.50
2012.05.28 14:53:49.208,0.95819,0.95833,2.25,2.25
2012.05.28 14:53:49.286,0.95819,0.95831,2.25,1.50
2012.05.28 14:53:52.173,0.95822,0.95831,1.50,1.50
2012.05.28 14:53:52.525,0.95824,0.95838,2.25,2.63
2012.05.28 14:53:54.784,0.95824,0.95836,2.25,1.50
2012.05.28 14:53:55.323,0.95825,0.95837,3.00,1.50
2012.05.28 14:53:56.100,0.95825,0.95837,3.00,1.50
2012.05.28 14:53:56.649,0.95827,0.95839,2.64,1.50
2012.05.28 14:53:56.798,0.95828,0.95842,7.50,1.88
2012.05.28 14:53:57.154,0.95833,0.95844,1.50,1.50
2012.05.28 14:53:57.294,0.95834,0.95846,2.25,1.50
2012.05.28 14:53:57.574,0.95832,0.95844,1.50,1.50
2012.05.28 14:53:58.546,0.95833,0.95846,3.00,1.50
2012.05.28 14:53:59.044,0.95836,0.95847,1.50,1.50
2012.05.28 14:53:59.790,0.95836,0.95848,2.25,1.50
2012.05.28 14:54:00.352,0.95835,0.95847,3.00,1.50
2012.05.28 14:54:01.144,0.95837,0.9585,1.50,3.75
2012.05.28 14:54:01.783,0.95837,0.95849,1.50,1.50
2012.05.28 14:54:02.322,0.95837,0.95848,1.50,1.50
2012.05.28 14:54:02.853,0.95837,0.95849,3.00,2.25
2012.05.28 14:54:03.393,0.95837,0.95848,1.50,1.50
2012.05.28 14:54:04.755,0.95837,0.95849,3.00,2.25
2012.05.28 14:54:08.456,0.95839,0.95851,2.25,2.25
2012.05.28 14:54:08.966,0.95837,0.9585,2.25,1.13
2012.05.28 14:54:09.117,0.95836,0.95849,1.50,3.75
2012.05.28 14:54:09.838,0.95836,0.95847,1.50,1.50
2012.05.28 14:54:09.986,0.95837,0.95849,2.25,2.25
2012.05.28 14:54:12.842,0.95837,0.95848,1.50,1.50
2012.05.28 14:54:13.626,0.95836,0.95846,1.50,1.50
2012.05.28 14:54:13.845,0.95836,0.95848,1.50,1.50
2012.05.28 14:54:14.406,0.95834,0.95845,3.38,1.50
2012.05.28 14:54:14.625,0.95834,0.95845,1.88,2.25
2012.05.28 14:54:14.904,0.95833,0.95845,2.63,1.50
2012.05.28 14:54:15.164,0.95834,0.95847,2.25,1.88
2012.05.28 14:54:15.302,0.95834,0.95848,2.25,3.00
2012.05.28 14:54:15.632,0.95834,0.95846,2.25,1.50
2012.05.28 14:54:16.596,0.95833,0.95845,1.13,1.50
2012.05.28 14:54:16.815,0.95833,0.95845,1.13,1.50
2012.05.28 14:54:17.350,0.95834,0.95846,1.50,1.50
2012.05.28 14:54:17.863,0.95835,0.95847,1.50,3.19
2012.05.28 14:54:17.933,0.95833,0.95847,2.25,3.19
2012.05.28 14:54:19.617,0.95833,0.95846,2.25,1.50
2012.05.28 14:54:19.765,0.95832,0.95844,2.25,1.50
2012.05.28 14:54:20.283,0.95831,0.95843,2.25,1.50
2012.05.28 14:54:21.063,0.95832,0.95844,2.25,1.50
2012.05.28 14:54:21.597,0.95831,0.95843,2.25,3.00
2012.05.28 14:54:22.155,0.95831,0.95845,2.25,1.50
2012.05.28 14:54:22.295,0.95831,0.95843,2.25,1.50
2012.05.28 14:54:23.182,0.95832,0.95844,2.25,3.00
2012.05.28 14:54:24.044,0.95831,0.95843,2.25,1.50
2012.05.28 14:54:26.045,0.95831,0.95845,2.25,3.00
2012.05.28 14:54:26.111,0.95831,0.95843,2.25,1.50
2012.05.28 14:54:28.712,0.95832,0.95844,2.25,1.50
2012.05.28 14:54:41.452,0.95832,0.95844,3.00,1.50
2012.05.28 14:54:41.857,0.95834,0.95846,2.25,1.50
2012.05.28 14:54:42.276,0.95835,0.95848,2.25,1.13
2012.05.28 14:54:42.841,0.95835,0.95847,2.25,1.50
2012.05.28 14:54:44.204,0.95836,0.9585,1.50,3.00
2012.05.28 14:54:44.556,0.95838,0.9585,1.50,2.63
2012.05.28 14:54:45.555,0.95837,0.9585,3.75,1.13
2012.05.28 14:54:46.165,0.95836,0.95848,2.25,1.50
2012.05.28 14:54:46.744,0.95836,0.9585,2.25,2.25
2012.05.28 14:54:48.821,0.95836,0.95848,2.25,1.50
2012.05.28 14:54:49.371,0.95835,0.95849,2.25,2.25
2012.05.28 14:54:49.926,0.95835,0.95847,2.25,1.50
2012.05.28 14:54:50.481,0.95836,0.9585,2.25,3.75
2012.05.28 14:54:51.747,0.95837,0.95849,2.25,1.69
2012.05.28 14:54:53.006,0.95836,0.95846,1.50,1.50
2012.05.28 14:54:54.445,0.95835,0.95846,1.50,3.38
2012.05.28 14:54:54.517,0.95834,0.95844,1.50,1.88
2012.05.28 14:54:54.665,0.95831,0.95843,3.00,1.50
2012.05.28 14:54:54.735,0.95831,0.95844,1.50,1.50
2012.05.28 14:54:55.144,0.95831,0.95845,2.25,3.00
2012.05.28 14:54:55.709,0.95832,0.95844,2.25,1.50
2012.05.28 14:54:58.004,0.95831,0.95843,2.25,1.50
2012.05.28 14:54:58.606,0.95832,0.95844,2.25,1.50
2012.05.28 14:54:58.943,0.9583,0.95842,3.00,1.50
2012.05.28 14:55:01.694,0.95831,0.95845,2.25,1.50
2012.05.28 14:55:02.037,0.95831,0.95843,2.25,1.50
2012.05.28 14:55:02.184,0.95831,0.95845,2.25,3.00
2012.05.28 14:55:02.253,0.95831,0.95843,2.25,1.50
2012.05.28 14:55:03.043,0.95832,0.95844,2.25,1.50
2012.05.28 14:55:04.142,0.95834,0.95846,2.25,1.50
2012.05.28 14:55:06.466,0.95832,0.95844,2.25,1.50
2012.05.28 14:55:06.981,0.95832,0.95844,2.25,1.50
2012.05.28 14:55:09.866,0.95831,0.95845,2.25,1.50
2012.05.28 14:55:10.351,0.95831,0.95843,2.25,1.50
2012.05.28 14:55:10.483,0.95831,0.95845,2.25,2.25
2012.05.28 14:55:11.025,0.9583,0.95844,4.50,1.50
2012.05.28 14:55:13.032,0.9583,0.95842,1.50,1.50
2012.05.28 14:55:15.063,0.9583,0.9584,1.50,1.50
2012.05.28 14:55:15.417,0.95828,0.95838,1.50,1.50
2012.05.28 14:55:15.635,0.95829,0.95841,2.25,3.75
2012.05.28 14:55:15.845,0.95829,0.95843,2.25,5.25
2012.05.28 14:55:16.443,0.95829,0.95841,2.25,1.50
2012.05.28 14:55:17.871,0.95831,0.95843,2.25,1.50
2012.05.28 14:55:17.951,0.95831,0.95843,2.25,1.50
2012.05.28 14:55:18.512,0.95832,0.95844,2.25,2.25
2012.05.28 14:55:19.126,0.9583,0.95843,2.25,1.50
2012.05.28 14:55:19.807,0.9583,0.95842,1.50,1.50
2012.05.28 14:55:21.582,0.9583,0.95841,1.50,1.50
2012.05.28 14:55:22.592,0.9583,0.95843,1.50,2.25
2012.05.28 14:55:26.186,0.9583,0.95841,1.50,1.50
2012.05.28 14:55:26.902,0.9583,0.95842,3.00,1.50
2012.05.28 14:55:33.814,0.9583,0.95842,3.00,1.50
2012.05.28 14:55:33.952,0.95832,0.95844,1.50,1.50
2012.05.28 14:55:34.643,0.9583,0.95844,3.00,2.25
2012.05.28 14:55:36.003,0.9583,0.95844,3.00,2.25
2012.05.28 14:55:36.144,0.9583,0.95841,1.50,1.50
2012.05.28 14:55:36.353,0.9583,0.95843,1.50,1.50
2012.05.28 14:55:36.892,0.95831,0.95844,2.25,1.88
2012.05.28 14:55:39.353,0.95831,0.95844,1.50,1.50
2012.05.28 14:55:39.871,0.95831,0.95845,2.25,1.50
2012.05.28 14:55:41.393,0.95834,0.95846,1.50,3.00
2012.05.28 14:55:42.043,0.95831,0.95845,3.00,2.25
2012.05.28 14:55:42.585,0.95834,0.95846,1.50,2.25
2012.05.28 14:55:45.021,0.95832,0.95844,2.25,1.50
2012.05.28 14:55:48.046,0.95832,0.95844,1.50,1.50
2012.05.28 14:55:48.602,0.95831,0.95845,2.25,2.25
2012.05.28 14:55:48.824,0.95833,0.95846,1.50,3.00
2012.05.28 14:55:51.512,0.95832,0.95844,1.50,1.50
2012.05.28 14:55:52.671,0.95832,0.95844,1.50,2.25
2012.05.28 14:55:53.196,0.9583,0.95844,2.25,2.25
2012.05.28 14:55:53.727,0.95829,0.95842,1.13,2.25
2012.05.28 14:55:58.415,0.9583,0.95842,1.50,1.50
2012.05.28 14:56:00.824,0.95829,0.95842,1.13,1.50
2012.05.28 14:56:02.551,0.95829,0.95843,2.63,2.25
2012.05.28 14:56:02.884,0.95829,0.95841,2.25,2.25
2012.05.28 14:56:03.975,0.95828,0.95839,1.88,1.50
2012.05.28 14:56:04.531,0.95829,0.95841,2.25,1.50
2012.05.28 14:56:06.748,0.95828,0.95839,1.88,2.25
2012.05.28 14:56:07.257,0.95824,0.95838,2.63,1.50
2012.05.28 14:56:08.042,0.95827,0.95839,1.50,3.00
2012.05.28 14:56:08.111,0.95825,0.95839,1.88,3.00
2012.05.28 14:56:09.364,0.95826,0.95839,1.50,2.25
2012.05.28 14:56:09.643,0.95829,0.95841,1.50,4.32
2012.05.28 14:56:09.921,0.95826,0.9584,1.50,2.25
2012.05.28 14:56:15.077,0.95825,0.95839,2.25,2.25
2012.05.28 14:56:15.163,0.95825,0.95837,1.50,1.50
2012.05.28 14:56:15.707,0.95825,0.95837,2.25,2.25
2012.05.28 14:56:16.511,0.95824,0.95838,2.25,2.25
2012.05.28 14:56:19.025,0.95825,0.95837,1.50,1.50
2012.05.28 14:56:19.165,0.95822,0.95834,2.25,1.50
2012.05.28 14:56:19.233,0.95822,0.95836,2.25,1.50
2012.05.28 14:56:25.910,0.95824,0.95838,1.50,2.63
2012.05.28 14:56:26.601,0.95823,0.95837,1.50,1.50
2012.05.28 14:56:28.414,0.95824,0.95838,1.50,1.50
2012.05.28 14:56:28.916,0.95823,0.95837,1.50,1.50
2012.05.28 14:56:29.583,0.95824,0.95836,1.50,1.50
2012.05.28 14:56:29.786,0.95822,0.95836,2.44,1.50
2012.05.28 14:56:30.390,0.95823,0.95835,1.50,1.50
2012.05.28 14:56:35.313,0.95821,0.95835,4.88,1.50
2012.05.28 14:56:35.528,0.95821,0.95833,1.50,2.25
2012.05.28 14:56:35.886,0.95817,0.95828,1.13,1.50
2012.05.28 14:56:36.234,0.95813,0.95824,1.50,1.50
2012.05.28 14:56:36.447,0.95813,0.95826,1.13,1.50
2012.05.28 14:56:36.809,0.95812,0.95826,2.25,1.50
2012.05.28 14:56:37.412,0.95812,0.95826,1.88,1.50
2012.05.28 14:56:38.645,0.95815,0.95827,1.50,2.25
2012.05.28 14:56:38.995,0.95816,0.95829,3.00,4.88
2012.05.28 14:56:39.377,0.95816,0.9583,5.25,1.88
2012.05.28 14:56:39.458,0.95818,0.95832,4.13,2.25
2012.05.28 14:56:40.023,0.95821,0.95833,1.50,2.63
2012.05.28 14:56:40.364,0.95818,0.95832,2.25,2.25
2012.05.28 14:56:40.574,0.95819,0.95831,2.25,1.50
2012.05.28 14:56:41.090,0.95819,0.95831,1.50,1.50
2012.05.28 14:56:41.653,0.95818,0.95832,2.25,2.25
2012.05.28 14:56:42.231,0.95818,0.95832,1.50,2.25
2012.05.28 14:56:42.775,0.95819,0.95831,1.50,1.50
2012.05.28 14:56:43.602,0.95818,0.95832,1.50,2.25
2012.05.28 14:56:44.120,0.95817,0.95831,1.50,1.50
2012.05.28 14:56:44.834,0.9582,0.95832,1.50,3.75
2012.05.28 14:56:45.351,0.95819,0.95831,1.50,1.50
2012.05.28 14:56:51.587,0.9582,0.95832,1.50,2.25
2012.05.28 14:56:51.951,0.95822,0.95834,1.50,3.38
2012.05.28 14:56:52.099,0.95823,0.95835,1.50,1.50
2012.05.28 14:56:52.303,0.95825,0.95835,1.50,1.50
2012.05.28 14:56:52.656,0.95826,0.95836,1.88,1.50
2012.05.28 14:56:52.740,0.95828,0.9584,1.50,1.88
2012.05.28 14:56:52.819,0.95831,0.95842,1.50,1.13
2012.05.28 14:56:52.902,0.95826,0.9584,4.88,1.88
2012.05.28 14:56:53.046,0.95829,0.95841,1.50,1.88
2012.05.28 14:56:53.114,0.95829,0.95841,1.50,1.88
2012.05.28 14:56:54.473,0.9583,0.95842,1.50,1.50
2012.05.28 14:56:59.586,0.95833,0.95846,1.50,1.69
2012.05.28 14:57:02.487,0.95831,0.95845,2.25,2.25
2012.05.28 14:57:03.020,0.9583,0.95844,2.44,1.50
2012.05.28 14:57:07.866,0.95831,0.95845,1.50,3.00
2012.05.28 14:57:08.401,0.95832,0.95844,1.50,2.25
2012.05.28 14:57:15.804,0.95831,0.95843,1.50,1.50
2012.05.28 14:57:16.324,0.95831,0.95845,1.50,3.00
2012.05.28 14:57:18.395,0.9583,0.95844,1.50,2.25
2012.05.28 14:57:18.926,0.95829,0.95843,3.19,1.50
2012.05.28 14:57:19.226,0.95829,0.95841,2.44,1.50
2012.05.28 14:57:30.612,0.95827,0.95839,2.25,1.50
2012.05.28 14:57:33.795,0.95829,0.95841,1.50,1.50
2012.05.28 14:57:38.971,0.95827,0.95839,2.25,1.50
2012.05.28 14:57:46.226,0.95829,0.95841,1.50,1.50
2012.05.28 14:57:46.732,0.9583,0.95842,1.50,1.50
2012.05.28 14:57:47.283,0.95829,0.95843,1.50,4.88
2012.05.28 14:57:48.030,0.9583,0.95842,1.50,1.50
2012.05.28 14:57:48.541,0.95829,0.95841,1.50,1.50
2012.05.28 14:57:50.787,0.95829,0.95843,3.00,3.00
2012.05.28 14:57:50.936,0.95831,0.95843,1.88,2.25
2012.05.28 14:57:51.286,0.95833,0.95845,1.50,1.35
2012.05.28 14:57:51.494,0.95835,0.95847,1.50,1.50
2012.05.28 14:57:51.565,0.95833,0.95847,1.50,1.50
2012.05.28 14:58:01.438,0.95834,0.95846,1.50,1.50
2012.05.28 14:58:05.153,0.95835,0.95847,1.50,1.50
2012.05.28 14:58:05.594,0.95833,0.95847,1.50,1.50
2012.05.28 14:58:05.781,0.95835,0.95847,1.50,1.50
2012.05.28 14:58:06.591,0.95834,0.95846,1.50,1.50
2012.05.28 14:58:07.595,0.95835,0.95847,1.50,1.50
2012.05.28 14:58:18.358,0.95833,0.95847,3.00,1.50
2012.05.28 14:58:19.050,0.95834,0.95848,1.50,2.25
2012.05.28 14:58:19.914,0.95834,0.95846,1.50,1.50
2012.05.28 14:58:20.424,0.95835,0.95847,1.50,1.50
2012.05.28 14:58:23.958,0.95834,0.95846,1.50,1.50
2012.05.28 14:58:24.581,0.95835,0.95847,1.50,1.50
2012.05.28 14:58:25.093,0.95836,0.95849,1.50,1.50
2012.05.28 14:58:25.444,0.9584,0.95851,1.50,3.00
2012.05.28 14:58:25.654,0.95838,0.9585,1.50,1.13
2012.05.28 14:58:25.996,0.9584,0.95852,1.50,2.40
2012.05.28 14:58:26.333,0.95839,0.95851,1.50,3.15
2012.05.28 14:58:27.654,0.95838,0.9585,1.50,2.25
2012.05.28 14:58:29.514,0.9584,0.95852,1.50,2.40
2012.05.28 14:58:30.064,0.9584,0.95852,1.50,1.50
2012.05.28 14:58:30.594,0.95839,0.95853,3.75,1.50
2012.05.28 14:58:32.248,0.95839,0.95851,3.00,1.50
2012.05.28 14:58:32.326,0.95839,0.95853,3.75,1.50
2012.05.28 14:58:32.604,0.95842,0.95854,1.50,1.50
2012.05.28 14:58:33.765,0.95843,0.95857,1.50,3.38
2012.05.28 14:58:33.896,0.95844,0.95858,1.50,3.00
2012.05.28 14:58:34.199,0.95847,0.95859,1.50,2.93
2012.05.28 14:58:35.566,0.95848,0.9586,1.50,1.43
2012.05.28 14:58:35.921,0.95846,0.95858,3.00,1.50
2012.05.28 14:58:36.462,0.95847,0.95859,1.50,2.40
2012.05.28 14:58:37.249,0.95849,0.95861,1.50,3.15
2012.05.28 14:58:37.606,0.95851,0.95864,1.88,2.80
2012.05.28 14:58:37.678,0.95854,0.95864,1.50,1.64
2012.05.28 14:58:38.261,0.95856,0.95867,1.50,1.52
2012.05.28 14:58:38.336,0.95853,0.95865,2.25,1.52
2012.05.28 14:58:38.893,0.95853,0.95865,2.25,1.52
2012.05.28 14:58:39.023,0.95853,0.95865,2.25,1.50
2012.05.28 14:58:39.570,0.95854,0.95866,1.65,1.50
2012.05.28 14:58:39.930,0.95859,0.95872,2.25,1.88
2012.05.28 14:58:40.145,0.9586,0.95874,2.25,1.50
2012.05.28 14:58:40.714,0.95859,0.95873,1.50,1.50
2012.05.28 14:58:42.405,0.95861,0.95873,1.50,2.25
2012.05.28 14:58:42.897,0.95859,0.95873,1.50,1.50
2012.05.28 14:58:43.184,0.95862,0.95874,1.50,1.50
2012.05.28 14:58:43.325,0.9586,0.95874,1.50,2.25
2012.05.28 14:58:43.532,0.95862,0.95874,1.50,1.50
2012.05.28 14:58:44.175,0.95859,0.95873,1.50,1.50
2012.05.28 14:58:44.245,0.95861,0.95873,1.50,1.50
2012.05.28 14:58:44.584,0.95861,0.95875,1.50,2.25
2012.05.28 14:58:47.364,0.95861,0.95873,1.50,1.50
2012.05.28 14:58:47.934,0.95862,0.95874,1.50,2.25
2012.05.28 14:58:49.735,0.95862,0.95874,1.50,2.25
2012.05.28 14:58:49.803,0.9586,0.95874,1.50,2.25
2012.05.28 14:58:50.346,0.95859,0.95873,2.25,1.50
2012.05.28 14:58:50.614,0.95861,0.95873,1.50,1.50
2012.05.28 14:58:51.164,0.95861,0.95875,1.50,1.50
2012.05.28 14:58:51.507,0.95863,0.95875,1.50,1.50
2012.05.28 14:58:51.866,0.95866,0.95878,1.50,2.63
2012.05.28 14:58:52.380,0.95865,0.95877,1.50,2.25
2012.05.28 14:58:52.996,0.95867,0.95879,1.13,4.13
2012.05.28 14:58:53.353,0.95868,0.9588,2.25,1.50
2012.05.28 14:58:53.836,0.95868,0.95882,2.25,1.50
2012.05.28 14:58:55.413,0.95868,0.95882,1.50,2.25
2012.05.28 14:58:55.556,0.9587,0.95882,1.50,2.25
2012.05.28 14:58:58.036,0.9587,0.95883,1.50,1.50
2012.05.28 14:58:58.573,0.95869,0.95883,1.50,3.00
2012.05.28 14:59:01.366,0.95868,0.9588,1.50,1.50
2012.05.28 14:59:01.959,0.95869,0.95881,1.50,1.50
2012.05.28 14:59:03.652,0.95868,0.9588,1.50,1.50
2012.05.28 14:59:10.505,0.95868,0.9588,1.50,2.25
2012.05.28 14:59:10.642,0.95866,0.95878,1.50,1.50
2012.05.28 14:59:11.194,0.95865,0.95879,2.25,1.50
2012.05.28 14:59:11.322,0.95868,0.9588,1.50,1.50
2012.05.28 14:59:14.356,0.95867,0.95881,1.50,3.75
2012.05.28 14:59:14.712,0.95866,0.95878,1.50,1.50
2012.05.28 14:59:16.413,0.95865,0.95877,2.25,1.50
2012.05.28 14:59:16.545,0.95865,0.95879,2.25,2.25
2012.05.28 14:59:18.203,0.95866,0.95879,1.50,1.50
2012.05.28 14:59:18.272,0.95868,0.9588,1.50,1.50
2012.05.28 14:59:19.527,0.95868,0.9588,1.50,2.25
2012.05.28 14:59:20.828,0.95868,0.9588,1.50,2.25
2012.05.28 14:59:21.374,0.95865,0.95879,3.00,1.50
2012.05.28 14:59:21.584,0.95867,0.95881,1.50,3.00
2012.05.28 14:59:22.315,0.95867,0.95881,1.50,3.75
2012.05.28 14:59:22.895,0.95867,0.95881,1.50,3.75
2012.05.28 14:59:23.340,0.95871,0.95881,1.50,2.25
2012.05.28 14:59:23.694,0.95873,0.95886,1.50,1.50
2012.05.28 14:59:24.187,0.95873,0.95885,1.50,1.50
2012.05.28 14:59:24.543,0.95871,0.95883,1.50,2.25
2012.05.28 14:59:24.745,0.95869,0.95883,1.50,2.25
2012.05.28 14:59:27.394,0.95871,0.95883,1.50,1.50
2012.05.28 14:59:27.842,0.95873,0.95885,1.50,1.50
2012.05.28 14:59:28.056,0.95869,0.95883,2.25,1.50
2012.05.28 14:59:28.136,0.95868,0.95881,3.75,1.50
2012.05.28 14:59:28.472,0.95871,0.95883,1.50,1.50
2012.05.28 14:59:29.003,0.9587,0.95882,1.50,1.50
2012.05.28 14:59:30.214,0.9587,0.95882,1.50,2.25
2012.05.28 14:59:30.356,0.95868,0.95881,1.50,2.25
2012.05.28 14:59:30.914,0.95869,0.95881,1.50,2.25
2012.05.28 14:59:31.196,0.95866,0.95879,1.13,1.50
2012.05.28 14:59:31.665,0.95865,0.95879,3.38,3.00
2012.05.28 14:59:32.005,0.95865,0.95877,2.63,1.50
2012.05.28 14:59:32.346,0.95864,0.95875,1.13,1.50
2012.05.28 14:59:32.902,0.95862,0.95874,2.63,1.50
2012.05.28 14:59:33.258,0.9586,0.95873,1.50,2.25
2012.05.28 14:59:33.339,0.95861,0.95871,1.50,1.50
2012.05.28 14:59:33.697,0.95866,0.95874,2.25,2.25
2012.05.28 14:59:33.984,0.95866,0.95876,3.00,1.50
2012.05.28 14:59:34.129,0.95869,0.95877,1.50,1.50
2012.05.28 14:59:34.205,0.95869,0.95876,1.50,1.50
2012.05.28 14:59:34.697,0.95867,0.95876,1.50,1.50
2012.05.28 14:59:34.913,0.95869,0.95877,1.50,1.13
2012.05.28 14:59:35.937,0.95869,0.95881,1.50,2.25
2012.05.28 14:59:36.282,0.95869,0.95883,3.00,1.50
2012.05.28 14:59:36.553,0.95871,0.95883,3.00,1.50
2012.05.28 14:59:36.903,0.95874,0.95883,1.50,1.50
2012.05.28 14:59:37.436,0.95878,0.95884,3.75,1.50
2012.05.28 14:59:37.909,0.95879,0.95889,1.88,1.05
2012.05.28 14:59:38.474,0.95879,0.95893,1.88,2.25
2012.05.28 14:59:38.739,0.95879,0.95893,1.88,2.25
2012.05.28 14:59:38.817,0.95879,0.95893,1.88,2.25
2012.05.28 14:59:39.437,0.95879,0.95893,1.88,2.40
2012.05.28 14:59:39.731,0.95875,0.9589,1.50,2.93
2012.05.28 14:59:39.875,0.95873,0.95889,2.26,2.25
2012.05.28 14:59:40.084,0.95872,0.95887,1.13,1.50
2012.05.28 14:59:40.692,0.9587,0.95884,2.78,1.50
2012.05.28 14:59:41.035,0.9587,0.95882,1.13,1.50
2012.05.28 14:59:41.447,0.95874,0.95886,1.50,2.25
2012.05.28 14:59:41.530,0.95876,0.95888,1.50,3.75
2012.05.28 14:59:42.099,0.95874,0.95888,3.38,2.25
2012.05.28 14:59:42.178,0.95876,0.95888,1.50,2.25
2012.05.28 14:59:42.538,0.95872,0.95886,2.63,1.65
2012.05.28 14:59:43.237,0.95874,0.95883,1.88,1.50
2012.05.28 14:59:43.318,0.95872,0.95883,1.13,1.50
2012.05.28 14:59:43.958,0.95876,0.95888,3.00,2.78
2012.05.28 14:59:44.317,0.95879,0.95891,1.50,3.82
2012.05.28 14:59:44.470,0.95877,0.95889,2.25,1.50
2012.05.28 14:59:44.688,0.95878,0.95892,2.25,1.95
2012.05.28 14:59:44.766,0.9588,0.95893,1.50,3.14
2012.05.28 14:59:45.117,0.95877,0.95889,2.25,1.50
2012.05.28 14:59:45.966,0.95877,0.95889,1.50,4.50
2012.05.28 14:59:46.315,0.95875,0.95887,1.50,1.80
2012.05.28 14:59:46.664,0.95878,0.9589,1.50,3.41
2012.05.28 14:59:46.737,0.95876,0.9589,1.88,2.92
2012.05.28 14:59:47.049,0.9588,0.9589,1.50,2.17
2012.05.28 14:59:47.395,0.95882,0.95891,1.50,1.20
2012.05.28 14:59:47.606,0.95879,0.9589,4.50,1.05
2012.05.28 14:59:47.817,0.95881,0.95893,2.25,1.50
2012.05.28 14:59:48.320,0.95879,0.95891,4.13,1.50
2012.05.28 14:59:48.734,0.95879,0.95891,2.63,1.50
2012.05.28 14:59:48.809,0.95879,0.95891,3.38,1.50
2012.05.28 14:59:48.956,0.95879,0.95889,1.13,1.50
2012.05.28 14:59:49.029,0.95879,0.95891,1.13,1.50
2012.05.28 14:59:49.245,0.95878,0.9589,1.50,1.50
2012.05.28 14:59:49.456,0.95877,0.9589,3.75,1.50
2012.05.28 14:59:49.596,0.95879,0.95893,2.25,2.25
2012.05.28 14:59:50.147,0.9588,0.95892,2.25,1.50
2012.05.28 14:59:50.967,0.9588,0.95891,1.88,1.50
2012.05.28 14:59:51.046,0.9588,0.95893,3.38,1.50
2012.05.28 14:59:51.542,0.95881,0.95893,2.25,1.50
2012.05.28 14:59:51.626,0.95884,0.95895,1.50,1.50
2012.05.28 14:59:52.132,0.95883,0.95895,2.63,1.50
2012.05.28 14:59:52.966,0.95883,0.95897,2.63,2.25
2012.05.28 14:59:54.349,0.95882,0.95896,2.25,5.25
2012.05.28 14:59:54.566,0.9588,0.95894,3.38,3.75
2012.05.28 14:59:54.715,0.9588,0.95892,3.38,1.50
2012.05.28 14:59:55.262,0.9588,0.95893,1.88,1.50
2012.05.28 14:59:55.805,0.95881,0.95893,1.50,1.50
2012.05.28 14:59:56.337,0.95882,0.95894,2.25,1.50
2012.05.28 14:59:56.746,0.95884,0.95896,1.50,2.25
2012.05.28 14:59:57.447,0.95883,0.95897,2.25,2.25
2012.05.28 14:59:58.365,0.95883,0.95895,1.50,1.50
2012.05.28 14:59:58.888,0.95884,0.95896,1.50,2.25
2012.05.28 14:59:59.443,0.95883,0.95895,1.50,1.50
