2018.05.29 09:00:00.242,0.99324,0.99333,1.00,1.00
2018.05.29 09:00:00.557,0.99323,0.99332,3.56,1.00
2018.05.29 09:00:01.062,0.99326,0.99333,1.00,1.00
2018.05.29 09:00:01.450,0.99326,0.99335,2.62,1.50
2018.05.29 09:00:01.502,0.99329,0.99336,1.00,1.00
2018.05.29 09:00:02.096,0.99329,0.99337,1.12,1.00
2018.05.29 09:00:02.618,0.99329,0.99338,1.50,1.00
2018.05.29 09:00:03.161,0.99331,0.99338,1.12,1.00
2018.05.29 09:00:05.286,0.9933,0.99339,1.12,1.00
2018.05.29 09:00:07.511,0.99331,0.99339,1.00,1.00
2018.05.29 09:00:08.383,0.99329,0.99339,1.37,1.25
2018.05.29 09:00:08.928,0.99331,0.99339,1.00,1.25
2018.05.29 09:00:09.922,0.99326,0.9933,2.81,1.00
2018.05.29 09:00:10.122,0.99318,0.99328,1.12,1.00
2018.05.29 09:00:10.176,0.99318,0.99329,1.37,4.31
2018.05.29 09:00:10.747,0.99317,0.99328,1.62,1.00
2018.05.29 09:00:11.279,0.99316,0.99328,2.44,1.00
2018.05.29 09:00:11.787,0.99317,0.99329,1.62,6.26
2018.05.29 09:00:12.300,0.99316,0.99328,2.44,1.50
2018.05.29 09:00:12.687,0.99317,0.99326,1.62,1.00
2018.05.29 09:00:12.843,0.99316,0.99326,2.06,1.00
2018.05.29 09:00:12.897,0.99315,0.99326,3.94,1.00
2018.05.29 09:00:13.218,0.99316,0.99323,1.37,1.00
2018.05.29 09:00:13.728,0.99316,0.99324,1.37,1.00
2018.05.29 09:00:14.444,0.99316,0.99323,1.37,1.00
2018.05.29 09:00:15.487,0.99316,0.99324,1.37,1.00
2018.05.29 09:00:16.062,0.99316,0.99324,1.12,1.50
2018.05.29 09:00:16.387,0.99311,0.99321,1.94,1.00
2018.05.29 09:00:16.668,0.9931,0.99321,3.75,1.25
2018.05.29 09:00:16.724,0.99313,0.9932,1.00,1.00
2018.05.29 09:00:17.350,0.99314,0.99321,1.12,1.00
2018.05.29 09:00:17.714,0.99314,0.99323,1.62,1.50
2018.05.29 09:00:18.281,0.99314,0.99324,1.37,1.19
2018.05.29 09:00:18.738,0.99314,0.99323,1.37,1.69
2018.05.29 09:00:19.257,0.99314,0.99323,1.37,1.39
2018.05.29 09:00:19.760,0.99314,0.99323,1.37,1.29
2018.05.29 09:00:20.491,0.99314,0.99324,1.37,2.14
2018.05.29 09:00:21.122,0.99314,0.99324,1.37,1.69
2018.05.29 09:00:21.981,0.99314,0.99323,1.37,1.25
2018.05.29 09:00:22.486,0.99314,0.99323,1.37,1.19
2018.05.29 09:00:23.927,0.99314,0.99323,1.12,1.19
2018.05.29 09:00:24.345,0.99314,0.99323,1.37,1.25
2018.05.29 09:00:24.892,0.99314,0.99323,1.37,1.69
2018.05.29 09:00:25.480,0.99314,0.99323,1.12,1.19
2018.05.29 09:00:27.580,0.99314,0.99322,1.37,1.25
2018.05.29 09:00:28.089,0.99314,0.99324,1.37,1.69
2018.05.29 09:00:28.735,0.99314,0.99324,1.37,1.69
2018.05.29 09:00:30.456,0.99314,0.99324,1.00,1.69
2018.05.29 09:00:30.973,0.99314,0.99322,1.37,1.25
2018.05.29 09:00:35.285,0.99314,0.99321,1.37,1.00
2018.05.29 09:00:37.776,0.99314,0.99321,1.00,1.19
2018.05.29 09:00:37.882,0.99314,0.99322,2.25,1.00
2018.05.29 09:00:37.936,0.99315,0.99324,1.87,1.00
2018.05.29 09:00:38.455,0.99317,0.99324,1.87,1.00
2018.05.29 09:00:38.992,0.99315,0.99321,1.00,1.00
2018.05.29 09:00:39.046,0.99315,0.99323,1.00,1.50
2018.05.29 09:00:39.575,0.99316,0.99323,1.00,1.00
2018.05.29 09:00:40.098,0.99316,0.99324,1.00,1.00
2018.05.29 09:00:41.070,0.99316,0.99324,1.12,1.00
2018.05.29 09:00:41.418,0.99319,0.99326,1.12,1.00
2018.05.29 09:00:41.949,0.99318,0.99327,3.37,1.50
2018.05.29 09:00:42.475,0.99319,0.99327,1.50,1.50
2018.05.29 09:00:43.341,0.99318,0.99327,3.37,1.00
2018.05.29 09:00:43.527,0.99321,0.99329,1.12,1.00
2018.05.29 09:00:43.632,0.99322,0.99329,2.62,1.00
2018.05.29 09:00:43.738,0.99324,0.99331,1.00,1.00
2018.05.29 09:00:43.844,0.99325,0.99332,1.50,1.00
2018.05.29 09:00:44.385,0.99325,0.99334,1.87,1.50
2018.05.29 09:00:44.495,0.99324,0.99333,4.50,1.00
2018.05.29 09:00:44.929,0.99325,0.99334,1.62,1.00
2018.05.29 09:00:45.437,0.99327,0.99335,1.12,1.00
2018.05.29 09:00:45.941,0.99325,0.99334,4.31,1.00
2018.05.29 09:00:46.341,0.99324,0.99331,1.87,1.00
2018.05.29 09:00:46.394,0.99324,0.99333,1.87,1.69
2018.05.29 09:00:46.446,0.99323,0.99331,1.37,1.00
2018.05.29 09:00:46.967,0.99323,0.99331,1.50,1.50
2018.05.29 09:00:47.521,0.99322,0.9933,1.47,1.00
2018.05.29 09:00:47.734,0.99322,0.99332,1.62,1.00
2018.05.29 09:00:47.787,0.99321,0.99332,3.64,1.00
2018.05.29 09:00:47.892,0.99321,0.9933,1.01,1.00
2018.05.29 09:00:48.437,0.9932,0.99329,1.69,1.00
2018.05.29 09:00:49.212,0.99322,0.99329,2.06,1.00
2018.05.29 09:00:49.264,0.99324,0.99331,1.31,1.00
2018.05.29 09:00:49.595,0.9932,0.9933,1.47,1.50
2018.05.29 09:00:49.698,0.9932,0.9933,1.62,2.25
2018.05.29 09:00:49.853,0.99318,0.99326,1.20,1.50
2018.05.29 09:00:49.918,0.99315,0.99324,2.14,1.00
2018.05.29 09:00:50.154,0.99315,0.99323,1.00,1.00
2018.05.29 09:00:50.399,0.99313,0.99322,1.00,1.50
2018.05.29 09:00:50.451,0.99309,0.99319,1.76,1.00
2018.05.29 09:00:50.556,0.9931,0.99318,1.12,1.50
2018.05.29 09:00:51.081,0.99309,0.99317,1.37,1.00
2018.05.29 09:00:51.422,0.99311,0.9932,1.62,1.00
2018.05.29 09:00:51.527,0.99311,0.99322,2.06,1.50
2018.05.29 09:00:52.145,0.99312,0.99322,2.06,1.00
2018.05.29 09:00:53.538,0.99313,0.99323,1.37,1.00
2018.05.29 09:00:54.377,0.99312,0.99321,1.39,1.00
2018.05.29 09:00:55.164,0.99312,0.99321,1.00,1.00
2018.05.29 09:00:57.205,0.99314,0.99323,1.37,1.00
2018.05.29 09:00:57.522,0.99313,0.99322,1.62,1.00
2018.05.29 09:00:58.047,0.99312,0.99321,2.89,1.00
2018.05.29 09:00:58.306,0.99311,0.99319,1.76,1.00
2018.05.29 09:00:58.839,0.99309,0.99318,2.06,1.00
2018.05.29 09:00:59.382,0.99311,0.9932,1.62,1.00
2018.05.29 09:00:59.888,0.99311,0.9932,1.39,1.00
2018.05.29 09:01:00.146,0.99312,0.99321,1.00,1.00
2018.05.29 09:01:00.303,0.99311,0.99318,1.12,1.00
2018.05.29 09:01:00.812,0.99308,0.99318,1.37,1.00
2018.05.29 09:01:01.343,0.99309,0.99317,1.12,1.50
2018.05.29 09:01:02.305,0.99309,0.99318,1.12,1.00
2018.05.29 09:01:03.232,0.99309,0.99317,1.12,1.00
2018.05.29 09:01:03.764,0.99309,0.99317,1.37,1.00
2018.05.29 09:01:05.906,0.99309,0.99317,1.12,1.00
2018.05.29 09:01:06.420,0.99309,0.99318,1.25,1.00
2018.05.29 09:01:07.475,0.99309,0.99314,1.00,1.00
2018.05.29 09:01:07.582,0.99304,0.99311,1.32,1.00
2018.05.29 09:01:07.634,0.99302,0.99313,3.64,1.50
2018.05.29 09:01:08.013,0.99302,0.99311,1.62,1.00
2018.05.29 09:01:08.725,0.99302,0.99314,4.76,1.00
2018.05.29 09:01:09.551,0.99302,0.99313,1.01,1.00
2018.05.29 09:01:09.896,0.99298,0.9931,3.26,1.25
2018.05.29 09:01:09.951,0.99298,0.9931,2.14,1.25
2018.05.29 09:01:11.095,0.99299,0.99311,2.14,2.06
2018.05.29 09:01:11.229,0.993,0.99312,2.14,1.12
2018.05.29 09:01:11.751,0.99302,0.99313,1.47,1.25
2018.05.29 09:01:12.137,0.993,0.99311,1.01,1.00
2018.05.29 09:01:12.446,0.99299,0.99309,1.12,1.19
2018.05.29 09:01:12.616,0.99299,0.99309,1.62,1.00
2018.05.29 09:01:12.721,0.99298,0.9931,2.51,1.00
2018.05.29 09:01:13.694,0.99298,0.99309,1.76,1.00
2018.05.29 09:01:13.800,0.99298,0.99309,1.39,1.00
2018.05.29 09:01:13.857,0.99296,0.99302,1.66,3.00
2018.05.29 09:01:13.964,0.99295,0.993,1.00,1.19
2018.05.29 09:01:14.155,0.99296,0.99303,1.00,2.81
2018.05.29 09:01:14.664,0.99296,0.99304,1.00,3.19
2018.05.29 09:01:14.934,0.99296,0.99304,1.00,2.06
2018.05.29 09:01:15.566,0.99293,0.99305,2.14,1.56
2018.05.29 09:01:15.978,0.99297,0.99308,1.10,4.09
2018.05.29 09:01:16.031,0.99297,0.99308,1.01,2.06
2018.05.29 09:01:17.223,0.99296,0.99307,1.47,1.19
2018.05.29 09:01:17.571,0.99292,0.99305,3.26,1.19
2018.05.29 09:01:18.905,0.99293,0.99304,1.76,1.00
2018.05.29 09:01:19.419,0.99295,0.99304,1.62,1.00
2018.05.29 09:01:19.968,0.99295,0.99305,1.56,1.00
2018.05.29 09:01:20.072,0.99295,0.99307,5.14,1.20
2018.05.29 09:01:20.405,0.99295,0.99306,3.64,1.00
2018.05.29 09:01:20.613,0.99293,0.99304,1.76,1.00
2018.05.29 09:01:21.158,0.99293,0.99304,1.69,1.00
2018.05.29 09:01:21.471,0.99293,0.99302,1.57,1.00
2018.05.29 09:01:21.811,0.99293,0.99304,1.39,1.50
2018.05.29 09:01:22.340,0.99294,0.99305,1.01,1.00
2018.05.29 09:01:22.860,0.99295,0.99306,1.64,1.00
2018.05.29 09:01:23.182,0.99303,0.99314,1.39,1.12
2018.05.29 09:01:23.758,0.99305,0.99315,1.62,1.50
2018.05.29 09:01:24.808,0.99304,0.99315,1.76,1.00
2018.05.29 09:01:25.240,0.99305,0.99317,2.14,1.50
2018.05.29 09:01:25.346,0.99309,0.9932,1.37,3.37
2018.05.29 09:01:25.400,0.99308,0.9932,2.14,2.44
2018.05.29 09:01:25.955,0.99307,0.9932,2.89,1.69
2018.05.29 09:01:26.473,0.99308,0.99319,2.14,1.00
2018.05.29 09:01:26.725,0.99308,0.99316,1.31,1.00
2018.05.29 09:01:26.780,0.99303,0.99314,1.64,1.00
2018.05.29 09:01:26.835,0.99303,0.99312,1.47,1.00
2018.05.29 09:01:26.890,0.99303,0.99314,1.95,1.00
2018.05.29 09:01:26.998,0.99303,0.99312,1.47,1.00
2018.05.29 09:01:29.107,0.99304,0.99314,2.25,1.00
2018.05.29 09:01:29.426,0.99307,0.99316,2.62,1.00
2018.05.29 09:01:29.689,0.99307,0.99318,5.70,1.12
2018.05.29 09:01:30.005,0.99311,0.99319,1.00,1.00
2018.05.29 09:01:30.375,0.99314,0.99321,1.00,1.00
2018.05.29 09:01:30.428,0.99312,0.99321,1.50,1.25
2018.05.29 09:01:30.850,0.99311,0.99322,2.89,1.00
2018.05.29 09:01:31.393,0.99314,0.99325,1.12,2.44
2018.05.29 09:01:31.497,0.99316,0.99326,1.00,1.87
2018.05.29 09:01:32.036,0.99314,0.99327,7.39,3.56
2018.05.29 09:01:32.947,0.99314,0.99327,4.95,5.44
2018.05.29 09:01:33.495,0.99315,0.99327,1.37,1.69
2018.05.29 09:01:34.046,0.99315,0.99327,1.45,1.31
2018.05.29 09:01:34.686,0.99315,0.99327,2.89,1.25
2018.05.29 09:01:35.000,0.99319,0.99329,1.47,1.25
2018.05.29 09:01:35.528,0.99321,0.9933,1.00,1.25
2018.05.29 09:01:36.075,0.99322,0.99332,1.00,2.81
2018.05.29 09:01:38.587,0.99322,0.99333,1.47,1.69
2018.05.29 09:01:38.691,0.99325,0.99334,1.00,1.31
2018.05.29 09:01:39.207,0.99324,0.99335,4.87,1.25
2018.05.29 09:01:39.991,0.99324,0.99335,1.95,1.69
2018.05.29 09:01:40.580,0.99324,0.99335,3.37,1.50
2018.05.29 09:01:41.816,0.99324,0.99335,4.12,1.69
2018.05.29 09:01:42.370,0.99324,0.99335,4.12,1.69
2018.05.29 09:01:42.897,0.99324,0.99335,4.20,1.25
2018.05.29 09:01:43.432,0.99324,0.99335,4.20,1.25
2018.05.29 09:01:43.871,0.99327,0.99335,1.00,1.19
2018.05.29 09:01:44.388,0.99327,0.99337,1.12,2.81
2018.05.29 09:01:44.739,0.9933,0.99337,1.00,1.00
2018.05.29 09:01:45.002,0.99328,0.99336,1.00,1.00
2018.05.29 09:01:45.170,0.99326,0.99337,2.62,2.44
2018.05.29 09:01:45.689,0.99326,0.99337,2.62,3.19
2018.05.29 09:01:46.044,0.99326,0.99334,2.62,1.00
2018.05.29 09:01:46.439,0.99324,0.99332,1.50,1.25
2018.05.29 09:01:46.953,0.99324,0.99333,2.25,1.00
2018.05.29 09:01:47.493,0.99325,0.99334,1.00,1.25
2018.05.29 09:01:48.056,0.99326,0.99335,1.50,1.25
2018.05.29 09:01:48.581,0.99327,0.99334,1.00,1.00
2018.05.29 09:01:49.865,0.99326,0.99334,1.50,1.00
2018.05.29 09:01:50.413,0.99327,0.99334,1.00,1.00
2018.05.29 09:01:51.011,0.99326,0.99334,1.50,1.00
2018.05.29 09:01:51.481,0.99328,0.99336,1.00,1.69
2018.05.29 09:01:51.875,0.99326,0.99334,1.50,1.56
2018.05.29 09:01:52.140,0.99325,0.99333,1.00,1.69
2018.05.29 09:01:52.347,0.99322,0.99331,2.32,3.56
2018.05.29 09:01:52.471,0.99322,0.99331,1.50,3.19
2018.05.29 09:01:53.002,0.99321,0.9933,1.50,1.56
2018.05.29 09:01:53.258,0.99321,0.9933,1.50,1.62
2018.05.29 09:01:53.363,0.99323,0.99332,1.00,3.19
2018.05.29 09:01:53.908,0.99324,0.99332,1.50,1.56
2018.05.29 09:01:54.121,0.99321,0.99329,1.00,1.37
2018.05.29 09:01:55.461,0.99322,0.99333,1.00,4.69
2018.05.29 09:01:55.835,0.99324,0.99333,1.00,1.94
2018.05.29 09:01:56.458,0.99323,0.99333,1.00,1.62
2018.05.29 09:01:57.135,0.99324,0.99333,1.00,1.62
2018.05.29 09:01:57.703,0.99325,0.99334,1.00,2.06
2018.05.29 09:01:58.246,0.99324,0.99334,3.19,1.56
2018.05.29 09:01:58.984,0.99325,0.99334,1.50,1.56
2018.05.29 09:01:59.207,0.99326,0.99334,1.00,1.37
2018.05.29 09:02:00.083,0.99327,0.99335,1.00,1.62
2018.05.29 09:02:00.599,0.99327,0.99336,1.00,2.44
2018.05.29 09:02:01.121,0.99328,0.99336,1.00,1.62
2018.05.29 09:02:01.335,0.99329,0.99337,1.00,1.31
2018.05.29 09:02:01.416,0.99329,0.99338,1.12,1.50
2018.05.29 09:02:01.474,0.99334,0.99343,1.00,2.81
2018.05.29 09:02:01.795,0.99337,0.99345,1.50,1.87
2018.05.29 09:02:02.348,0.99338,0.99345,1.50,1.37
2018.05.29 09:02:03.969,0.99337,0.99345,1.50,1.56
2018.05.29 09:02:04.130,0.99337,0.99345,1.50,1.31
2018.05.29 09:02:04.632,0.99338,0.99348,1.50,2.06
2018.05.29 09:02:05.536,0.99338,0.99348,1.50,3.19
2018.05.29 09:02:06.802,0.99339,0.99348,1.00,3.19
2018.05.29 09:02:07.310,0.99338,0.99346,1.50,2.81
2018.05.29 09:02:07.724,0.99337,0.99345,1.00,1.56
2018.05.29 09:02:08.238,0.99338,0.99346,1.00,1.69
2018.05.29 09:02:11.353,0.99338,0.99348,1.50,2.81
2018.05.29 09:02:11.459,0.9934,0.99348,1.00,2.06
2018.05.29 09:02:12.050,0.9934,0.99348,1.50,1.37
2018.05.29 09:02:14.223,0.99339,0.99348,1.50,1.56
2018.05.29 09:02:15.221,0.99339,0.99349,1.50,2.44
2018.05.29 09:02:15.750,0.9934,0.99349,1.00,2.44
2018.05.29 09:02:16.378,0.9934,0.99349,1.00,2.44
2018.05.29 09:02:16.816,0.9934,0.99348,1.00,1.62
2018.05.29 09:02:17.367,0.99339,0.99348,1.50,3.56
2018.05.29 09:02:18.487,0.99338,0.99346,1.00,1.56
2018.05.29 09:02:18.804,0.99336,0.99345,1.50,1.56
2018.05.29 09:02:20.413,0.99337,0.99345,1.00,1.56
2018.05.29 09:02:20.785,0.99337,0.99346,1.87,1.87
2018.05.29 09:02:21.096,0.99339,0.99347,1.00,1.37
2018.05.29 09:02:21.477,0.99338,0.99347,1.50,2.06
2018.05.29 09:02:22.054,0.99337,0.99346,1.00,3.56
2018.05.29 09:02:22.684,0.99338,0.99346,1.00,2.06
2018.05.29 09:02:23.524,0.99337,0.99346,1.00,1.56
2018.05.29 09:02:24.071,0.99336,0.99346,3.00,1.56
2018.05.29 09:02:24.600,0.99337,0.99346,1.00,2.06
2018.05.29 09:02:25.161,0.99338,0.99346,1.00,1.56
2018.05.29 09:02:26.014,0.99338,0.99346,1.00,2.06
2018.05.29 09:02:26.755,0.99339,0.99347,1.00,1.62
2018.05.29 09:02:27.082,0.99341,0.9935,1.50,1.69
2018.05.29 09:02:27.188,0.99341,0.9935,1.50,2.06
2018.05.29 09:02:27.293,0.99341,0.99349,1.00,1.62
2018.05.29 09:02:27.482,0.99341,0.9935,1.50,1.25
2018.05.29 09:02:27.642,0.99343,0.99351,1.00,2.62
2018.05.29 09:02:28.228,0.99343,0.9935,1.50,1.37
2018.05.29 09:02:28.546,0.99341,0.9935,2.32,1.87
2018.05.29 09:02:29.121,0.99342,0.9935,1.00,1.37
2018.05.29 09:02:29.708,0.99343,0.99351,1.00,1.37
2018.05.29 09:02:30.022,0.99345,0.99354,1.00,2.81
2018.05.29 09:02:30.234,0.99345,0.99353,1.00,1.56
2018.05.29 09:02:30.742,0.99345,0.99354,1.00,2.06
2018.05.29 09:02:31.672,0.99344,0.99353,1.00,1.94
2018.05.29 09:02:32.227,0.99343,0.99353,1.00,4.31
2018.05.29 09:02:33.416,0.99343,0.99351,1.00,1.37
2018.05.29 09:02:33.468,0.99341,0.9935,1.10,3.56
2018.05.29 09:02:33.960,0.99342,0.99351,1.00,1.50
2018.05.29 09:02:34.117,0.99343,0.99351,1.00,1.00
2018.05.29 09:02:34.646,0.99344,0.99353,1.50,1.62
2018.05.29 09:02:34.972,0.99345,0.99353,1.00,1.31
2018.05.29 09:02:35.115,0.99347,0.99354,1.00,1.37
2018.05.29 09:02:35.632,0.99348,0.99356,1.00,1.56
2018.05.29 09:02:36.066,0.99346,0.99355,1.50,2.06
2018.05.29 09:02:38.141,0.99345,0.99352,1.00,1.87
2018.05.29 09:02:38.193,0.99341,0.9935,1.10,1.87
2018.05.29 09:02:38.245,0.99343,0.9935,1.00,2.06
2018.05.29 09:02:38.613,0.9934,0.99349,1.12,1.69
2018.05.29 09:02:40.131,0.9934,0.99349,1.00,2.06
2018.05.29 09:02:40.697,0.9934,0.99349,2.62,1.62
2018.05.29 09:02:41.008,0.99346,0.99353,1.87,1.50
2018.05.29 09:02:41.875,0.99347,0.99357,1.50,2.06
2018.05.29 09:02:42.422,0.99348,0.99357,1.00,2.44
2018.05.29 09:02:46.421,0.99347,0.99356,2.25,1.69
2018.05.29 09:02:48.282,0.99348,0.99357,1.00,1.69
2018.05.29 09:02:49.294,0.99347,0.99357,1.50,2.44
2018.05.29 09:02:49.880,0.99347,0.99357,1.00,3.19
2018.05.29 09:02:51.145,0.99347,0.99356,1.00,1.62
2018.05.29 09:02:51.252,0.99349,0.99358,1.00,3.56
2018.05.29 09:02:51.411,0.9935,0.99359,1.00,1.69
2018.05.29 09:02:51.517,0.9935,0.99359,1.00,1.69
2018.05.29 09:02:52.054,0.9935,0.99359,1.00,1.69
2018.05.29 09:02:52.579,0.9935,0.99359,1.00,1.31
2018.05.29 09:02:54.782,0.99352,0.9936,1.00,1.00
2018.05.29 09:02:55.104,0.99356,0.99364,1.00,1.00
2018.05.29 09:02:55.316,0.99354,0.99363,1.00,1.25
2018.05.29 09:02:56.128,0.99354,0.99363,1.00,1.31
2018.05.29 09:02:56.740,0.99353,0.99362,1.00,1.25
2018.05.29 09:02:57.709,0.99353,0.99363,1.12,1.25
2018.05.29 09:02:57.884,0.99353,0.99361,1.87,1.00
2018.05.29 09:02:58.154,0.99353,0.99363,1.37,1.00
2018.05.29 09:02:58.440,0.99355,0.99364,1.47,1.00
2018.05.29 09:02:58.545,0.99355,0.99367,3.64,3.75
2018.05.29 09:02:59.632,0.99355,0.99366,3.45,1.00
2018.05.29 09:02:59.736,0.99359,0.99369,1.00,3.75
2018.05.29 09:03:00.285,0.99358,0.99369,1.00,2.44
2018.05.29 09:03:00.822,0.99357,0.99367,4.20,1.00
2018.05.29 09:03:01.028,0.99358,0.99369,1.00,3.19
2018.05.29 09:03:01.576,0.99359,0.99369,1.12,1.50
2018.05.29 09:03:02.445,0.99361,0.99369,1.00,1.50
2018.05.29 09:03:04.185,0.99361,0.99371,1.00,3.19
2018.05.29 09:03:04.396,0.99362,0.99372,1.50,1.00
2018.05.29 09:03:04.780,0.99364,0.99373,1.00,1.25
2018.05.29 09:03:04.939,0.99362,0.99374,4.57,4.69
2018.05.29 09:03:05.399,0.99364,0.99374,1.00,4.31
2018.05.29 09:03:05.924,0.99364,0.99375,1.12,4.13
2018.05.29 09:03:06.464,0.99364,0.99374,1.12,1.31
2018.05.29 09:03:07.059,0.99364,0.99375,1.12,3.94
2018.05.29 09:03:08.103,0.99365,0.99376,1.00,1.31
2018.05.29 09:03:08.210,0.99365,0.99378,2.06,2.51
2018.05.29 09:03:08.603,0.99368,0.99379,1.87,2.44
2018.05.29 09:03:08.967,0.99369,0.99381,1.37,3.26
2018.05.29 09:03:09.507,0.99369,0.99381,1.95,3.19
2018.05.29 09:03:10.066,0.99369,0.99381,6.82,1.31
2018.05.29 09:03:10.227,0.99369,0.99379,4.57,1.00
2018.05.29 09:03:10.280,0.9937,0.99381,1.20,1.31
2018.05.29 09:03:10.384,0.99374,0.99382,1.00,1.12
2018.05.29 09:03:10.539,0.99374,0.99385,2.25,3.41
2018.05.29 09:03:10.608,0.99374,0.99383,2.25,1.00
2018.05.29 09:03:10.921,0.99374,0.99386,3.64,1.31
2018.05.29 09:03:11.415,0.99376,0.99384,1.20,1.12
2018.05.29 09:03:11.908,0.99376,0.99387,1.95,1.62
2018.05.29 09:03:12.064,0.99379,0.99391,1.50,4.16
2018.05.29 09:03:12.570,0.99379,0.99389,2.25,1.31
2018.05.29 09:03:13.515,0.99382,0.99389,1.25,1.00
2018.05.29 09:03:13.624,0.99377,0.99389,5.44,1.19
2018.05.29 09:03:13.677,0.99379,0.99389,1.12,2.06
2018.05.29 09:03:14.215,0.99377,0.99389,3.56,4.31
2018.05.29 09:03:14.420,0.99377,0.99388,3.37,1.69
2018.05.29 09:03:14.935,0.99377,0.99388,3.37,1.69
2018.05.29 09:03:15.708,0.99377,0.99388,3.37,1.19
2018.05.29 09:03:16.158,0.99374,0.99386,1.87,1.25
2018.05.29 09:03:16.313,0.99375,0.99387,2.25,2.81
2018.05.29 09:03:17.285,0.99376,0.99387,1.37,1.25
2018.05.29 09:03:17.825,0.99376,0.99388,2.25,1.76
2018.05.29 09:03:18.347,0.99375,0.99389,4.31,4.39
2018.05.29 09:03:18.874,0.99376,0.99388,1.50,1.39
2018.05.29 09:03:19.568,0.99377,0.99388,1.50,2.81
2018.05.29 09:03:20.073,0.99377,0.99387,1.00,1.00
2018.05.29 09:03:21.640,0.99379,0.99389,1.12,1.50
2018.05.29 09:03:21.956,0.99385,0.99396,1.50,1.16
2018.05.29 09:03:22.398,0.99386,0.99397,1.50,1.50
2018.05.29 09:03:22.925,0.99386,0.99397,1.12,1.31
2018.05.29 09:03:24.590,0.99386,0.99398,2.25,1.69
2018.05.29 09:03:26.656,0.99387,0.99397,1.00,1.00
2018.05.29 09:03:27.567,0.99387,0.99398,1.00,1.25
2018.05.29 09:03:27.724,0.99387,0.99398,1.12,1.00
2018.05.29 09:03:28.230,0.99386,0.99398,2.81,1.00
2018.05.29 09:03:28.643,0.99386,0.99397,1.87,1.00
2018.05.29 09:03:29.338,0.99386,0.99397,1.87,1.00
2018.05.29 09:03:29.854,0.99386,0.99397,1.50,1.00
2018.05.29 09:03:30.009,0.99383,0.99395,2.32,1.00
2018.05.29 09:03:30.527,0.99381,0.99394,1.87,1.25
2018.05.29 09:03:31.037,0.99381,0.99393,1.87,1.00
2018.05.29 09:03:31.754,0.99379,0.99389,2.14,1.00
2018.05.29 09:03:31.913,0.99375,0.99387,2.44,1.00
2018.05.29 09:03:33.083,0.99375,0.99387,1.37,1.19
2018.05.29 09:03:33.619,0.99375,0.99387,1.37,1.19
2018.05.29 09:03:34.701,0.99375,0.99387,1.37,1.19
2018.05.29 09:03:35.018,0.99372,0.99384,2.89,1.25
2018.05.29 09:03:35.321,0.99367,0.99376,1.87,1.00
2018.05.29 09:03:35.909,0.99365,0.99377,4.31,1.00
2018.05.29 09:03:38.325,0.99365,0.99377,4.69,1.00
2018.05.29 09:03:38.857,0.99369,0.99381,1.56,3.45
2018.05.29 09:03:38.910,0.99369,0.99381,1.56,2.70
2018.05.29 09:03:40.031,0.99368,0.99378,1.69,1.00
2018.05.29 09:03:40.266,0.99366,0.99377,3.34,1.00
2018.05.29 09:03:42.559,0.99365,0.99377,2.44,1.62
2018.05.29 09:03:43.103,0.99363,0.99375,3.56,1.87
2018.05.29 09:03:43.846,0.99364,0.99375,1.00,2.06
2018.05.29 09:03:44.348,0.99363,0.99375,1.76,2.81
2018.05.29 09:03:48.673,0.99364,0.99376,1.25,4.31
2018.05.29 09:03:49.127,0.99364,0.99376,1.39,2.06
2018.05.29 09:03:49.648,0.99364,0.99376,2.51,1.37
2018.05.29 09:03:50.392,0.99364,0.99377,2.51,2.44
2018.05.29 09:03:51.004,0.99364,0.99376,2.06,1.62
2018.05.29 09:03:52.210,0.99363,0.99375,3.07,2.06
2018.05.29 09:03:52.773,0.99363,0.99374,2.32,1.62
2018.05.29 09:03:53.277,0.99363,0.99374,1.57,1.62
2018.05.29 09:03:54.148,0.99363,0.99374,2.32,1.62
2018.05.29 09:03:56.895,0.99363,0.99374,2.32,1.62
2018.05.29 09:03:57.663,0.99364,0.99375,1.10,2.06
2018.05.29 09:03:57.791,0.99365,0.99375,1.69,1.12
2018.05.29 09:03:58.317,0.99365,0.99376,1.39,1.37
2018.05.29 09:04:00.299,0.99365,0.99376,1.76,1.37
2018.05.29 09:04:00.804,0.99365,0.99376,1.69,1.37
2018.05.29 09:04:01.551,0.99366,0.99377,2.51,1.37
2018.05.29 09:04:01.603,0.99368,0.99379,1.00,3.56
2018.05.29 09:04:01.963,0.99366,0.99377,1.01,1.37
2018.05.29 09:04:02.283,0.99368,0.99376,1.00,1.37
2018.05.29 09:04:02.834,0.99366,0.99377,1.69,1.37
2018.05.29 09:04:02.940,0.99368,0.99377,1.00,1.37
2018.05.29 09:04:02.993,0.99366,0.99377,1.69,1.87
2018.05.29 09:04:03.240,0.99369,0.99377,1.00,1.37
2018.05.29 09:04:03.347,0.99366,0.99377,2.70,1.37
2018.05.29 09:04:03.454,0.99369,0.99377,1.00,1.62
2018.05.29 09:04:03.559,0.99367,0.99377,1.00,1.37
2018.05.29 09:04:03.669,0.99369,0.99377,1.00,1.37
2018.05.29 09:04:03.722,0.99367,0.99377,1.00,1.37
2018.05.29 09:04:03.909,0.99367,0.99377,1.50,1.62
2018.05.29 09:04:04.015,0.99369,0.99377,1.00,1.62
2018.05.29 09:04:04.068,0.99367,0.99377,1.00,2.06
2018.05.29 09:04:04.174,0.99369,0.99377,1.00,1.62
2018.05.29 09:04:04.280,0.99367,0.99377,1.00,2.06
2018.05.29 09:04:04.493,0.99369,0.99377,1.00,1.62
2018.05.29 09:04:04.547,0.99367,0.99377,1.00,1.62
2018.05.29 09:04:04.653,0.99369,0.99377,1.00,1.62
2018.05.29 09:04:05.201,0.99367,0.99377,1.00,1.62
2018.05.29 09:04:05.304,0.99369,0.99377,1.00,1.62
2018.05.29 09:04:05.717,0.99367,0.99377,1.00,1.62
2018.05.29 09:04:06.005,0.99368,0.99378,1.00,1.62
2018.05.29 09:04:06.275,0.9937,0.99381,2.44,2.32
2018.05.29 09:04:06.582,0.99374,0.99382,1.00,1.56
2018.05.29 09:04:06.635,0.99371,0.99382,1.00,1.56
2018.05.29 09:04:06.689,0.99373,0.99382,1.00,1.56
2018.05.29 09:04:06.800,0.99371,0.99382,2.25,1.62
2018.05.29 09:04:06.907,0.99374,0.99382,1.00,1.62
2018.05.29 09:04:06.959,0.99371,0.99382,1.50,1.62
2018.05.29 09:04:07.064,0.99374,0.99382,1.00,1.62
2018.05.29 09:04:07.116,0.99372,0.99382,1.00,1.62
2018.05.29 09:04:07.169,0.9937,0.99381,1.25,1.87
2018.05.29 09:04:07.693,0.99371,0.9938,1.00,1.87
2018.05.29 09:04:07.848,0.99369,0.9938,1.00,2.06
2018.05.29 09:04:07.939,0.99371,0.9938,1.00,2.06
2018.05.29 09:04:08.451,0.99371,0.99379,1.00,1.37
2018.05.29 09:04:09.496,0.99371,0.99382,1.50,2.70
2018.05.29 09:04:09.704,0.99369,0.9938,1.25,1.87
2018.05.29 09:04:09.757,0.99372,0.9938,1.00,2.06
2018.05.29 09:04:10.101,0.99374,0.99383,1.00,2.32
2018.05.29 09:04:10.154,0.9937,0.99383,1.69,1.47
2018.05.29 09:04:10.206,0.99374,0.99382,1.00,1.37
2018.05.29 09:04:10.311,0.99372,0.99383,1.00,1.87
2018.05.29 09:04:10.416,0.99374,0.99383,1.00,2.06
2018.05.29 09:04:10.469,0.99372,0.99383,1.00,2.06
2018.05.29 09:04:10.575,0.99374,0.99383,1.00,1.62
2018.05.29 09:04:10.628,0.99372,0.99383,1.00,2.44
2018.05.29 09:04:10.731,0.99374,0.99383,1.00,1.37
2018.05.29 09:04:10.807,0.99372,0.99383,1.50,1.37
2018.05.29 09:04:11.066,0.99374,0.99382,1.00,1.37
2018.05.29 09:04:11.172,0.99372,0.99382,1.00,1.37
2018.05.29 09:04:11.225,0.99374,0.99383,1.00,1.37
2018.05.29 09:04:11.331,0.99372,0.99383,1.00,1.87
2018.05.29 09:04:11.383,0.99374,0.99383,1.00,1.37
2018.05.29 09:04:11.663,0.99372,0.99383,1.50,1.87
2018.05.29 09:04:11.769,0.99374,0.99383,1.00,1.37
2018.05.29 09:04:11.873,0.99372,0.99383,1.00,2.06
2018.05.29 09:04:12.136,0.99374,0.99383,1.00,2.06
2018.05.29 09:04:12.307,0.99372,0.99383,1.00,2.06
2018.05.29 09:04:12.367,0.99374,0.99383,1.00,1.56
2018.05.29 09:04:12.420,0.99372,0.99383,1.00,2.06
2018.05.29 09:04:12.473,0.99374,0.99383,1.00,1.56
2018.05.29 09:04:12.630,0.99372,0.99383,1.00,1.56
2018.05.29 09:04:12.683,0.99374,0.99383,1.00,1.56
2018.05.29 09:04:12.788,0.99372,0.99383,1.00,2.06
2018.05.29 09:04:12.842,0.99374,0.99383,1.00,1.56
2018.05.29 09:04:12.947,0.99372,0.99383,1.00,2.06
2018.05.29 09:04:13.001,0.99374,0.99383,1.00,1.56
2018.05.29 09:04:13.227,0.99372,0.99381,1.00,1.37
2018.05.29 09:04:13.280,0.99369,0.99378,1.01,1.00
2018.05.29 09:04:13.337,0.99368,0.99378,1.69,1.37
2018.05.29 09:04:13.729,0.99371,0.99381,1.25,1.95
2018.05.29 09:04:15.660,0.99371,0.99381,1.25,1.37
2018.05.29 09:04:17.265,0.9937,0.99381,2.44,1.37
2018.05.29 09:04:17.577,0.99374,0.99383,1.00,2.62
2018.05.29 09:04:17.682,0.9937,0.99382,2.06,1.37
2018.05.29 09:04:17.746,0.99374,0.99382,1.00,1.50
2018.05.29 09:04:17.853,0.99371,0.99382,1.25,1.87
2018.05.29 09:04:17.919,0.99374,0.99382,1.00,1.37
2018.05.29 09:04:18.194,0.99371,0.99382,1.25,1.37
2018.05.29 09:04:18.301,0.99374,0.99382,1.00,1.37
2018.05.29 09:04:18.406,0.99371,0.99382,1.69,1.37
2018.05.29 09:04:18.460,0.99374,0.99382,1.00,1.37
2018.05.29 09:04:18.569,0.99371,0.99382,1.25,1.37
2018.05.29 09:04:18.623,0.99374,0.99382,1.00,1.37
2018.05.29 09:04:18.729,0.99371,0.99382,2.06,1.37
2018.05.29 09:04:18.937,0.99374,0.99382,1.00,1.37
2018.05.29 09:04:18.992,0.99371,0.99382,1.25,1.87
2018.05.29 09:04:19.050,0.99374,0.99382,1.00,1.37
2018.05.29 09:04:19.157,0.99371,0.99382,1.25,1.87
2018.05.29 09:04:19.211,0.99374,0.99382,1.00,1.37
2018.05.29 09:04:19.318,0.99371,0.99382,2.06,1.12
2018.05.29 09:04:19.424,0.99374,0.99382,1.00,1.12
2018.05.29 09:04:19.528,0.99372,0.99382,2.25,1.12
2018.05.29 09:04:19.631,0.99374,0.99382,1.00,1.12
2018.05.29 09:04:19.684,0.99372,0.99382,2.25,1.12
2018.05.29 09:04:19.847,0.99374,0.99382,1.00,1.12
2018.05.29 09:04:19.899,0.99372,0.99382,2.25,1.12
2018.05.29 09:04:19.951,0.99374,0.99382,1.00,1.12
2018.05.29 09:04:20.055,0.99372,0.99382,2.25,1.87
2018.05.29 09:04:20.107,0.99374,0.99382,1.00,1.12
2018.05.29 09:04:20.210,0.99371,0.99382,1.31,1.12
2018.05.29 09:04:20.312,0.99374,0.99382,1.00,1.37
2018.05.29 09:04:20.415,0.99371,0.99382,1.25,1.87
2018.05.29 09:04:20.466,0.99374,0.99382,1.00,1.87
2018.05.29 09:04:20.570,0.99371,0.99382,1.69,1.37
2018.05.29 09:04:20.673,0.99374,0.99382,1.00,1.37
2018.05.29 09:04:20.789,0.99372,0.99382,2.44,1.87
2018.05.29 09:04:20.847,0.99374,0.99382,1.00,1.37
2018.05.29 09:04:21.106,0.99372,0.99382,2.25,1.87
2018.05.29 09:04:21.158,0.99374,0.99382,1.00,1.37
2018.05.29 09:04:21.260,0.99372,0.99382,2.25,1.37
2018.05.29 09:04:21.364,0.99374,0.99382,1.00,1.12
2018.05.29 09:04:21.468,0.99372,0.99382,2.44,1.12
2018.05.29 09:04:21.754,0.99374,0.99382,1.00,1.12
2018.05.29 09:04:21.858,0.99371,0.99382,1.31,1.12
2018.05.29 09:04:21.910,0.99373,0.99381,1.00,3.75
2018.05.29 09:04:21.962,0.99371,0.9938,1.00,1.87
2018.05.29 09:04:22.014,0.99369,0.9938,3.19,1.87
2018.05.29 09:04:22.118,0.99371,0.99379,1.00,1.37
2018.05.29 09:04:22.638,0.99368,0.99379,2.44,1.37
2018.05.29 09:04:22.691,0.99371,0.99379,1.00,1.37
2018.05.29 09:04:22.796,0.99369,0.99379,2.44,1.87
2018.05.29 09:04:22.904,0.99371,0.99379,1.00,1.12
2018.05.29 09:04:23.305,0.99374,0.99383,1.00,2.32
2018.05.29 09:04:23.516,0.99372,0.99383,1.00,2.25
2018.05.29 09:04:23.568,0.99374,0.99382,1.00,1.37
2018.05.29 09:04:23.673,0.99372,0.99381,1.00,1.37
2018.05.29 09:04:23.725,0.99374,0.99381,1.00,1.12
2018.05.29 09:04:24.181,0.99372,0.99383,1.00,1.50
2018.05.29 09:04:24.234,0.99374,0.99383,1.00,1.50
2018.05.29 09:04:24.340,0.99372,0.99382,1.00,1.37
2018.05.29 09:04:24.445,0.99374,0.99384,1.00,2.51
2018.05.29 09:04:24.498,0.99371,0.99382,1.25,1.37
2018.05.29 09:04:24.551,0.99374,0.99382,1.00,1.37
2018.05.29 09:04:24.656,0.99373,0.99384,1.00,1.50
2018.05.29 09:04:25.198,0.99374,0.99384,1.00,1.87
2018.05.29 09:04:25.745,0.99373,0.99384,1.69,1.12
2018.05.29 09:04:25.902,0.99373,0.99384,1.69,1.37
2018.05.29 09:04:26.416,0.99373,0.99384,1.69,1.37
2018.05.29 09:04:26.728,0.99379,0.99387,1.00,1.57
2018.05.29 09:04:26.781,0.99377,0.99387,3.19,1.10
2018.05.29 09:04:26.987,0.99381,0.99387,1.00,1.10
2018.05.29 09:04:27.091,0.99379,0.99389,1.31,1.82
2018.05.29 09:04:27.604,0.9938,0.9939,1.50,1.37
2018.05.29 09:04:28.667,0.99381,0.99388,1.00,1.37
2018.05.29 09:04:29.188,0.99381,0.99388,1.00,1.37
2018.05.29 09:04:29.629,0.99381,0.99391,1.31,3.45
2018.05.29 09:04:29.838,0.99385,0.99394,1.00,2.70
2018.05.29 09:04:30.847,0.99384,0.99395,1.00,1.87
2018.05.29 09:04:31.763,0.99386,0.99395,2.25,1.87
2018.05.29 09:04:32.516,0.99383,0.99395,1.69,2.62
2018.05.29 09:04:33.107,0.99384,0.99394,1.00,1.37
2018.05.29 09:04:34.442,0.99384,0.99395,3.75,3.56
2018.05.29 09:04:35.433,0.99386,0.99395,1.00,3.45
2018.05.29 09:04:35.946,0.99386,0.99395,1.00,1.50
2018.05.29 09:04:36.478,0.99386,0.99397,1.00,2.62
2018.05.29 09:04:37.018,0.99386,0.99394,2.06,1.12
2018.05.29 09:04:38.873,0.99389,0.99398,1.00,1.37
2018.05.29 09:04:39.418,0.99387,0.99398,1.69,1.37
2018.05.29 09:04:39.969,0.99389,0.99398,1.00,1.37
2018.05.29 09:04:40.230,0.99389,0.994,1.00,1.50
2018.05.29 09:04:40.438,0.99391,0.99401,1.00,1.87
2018.05.29 09:04:40.750,0.99392,0.99402,1.50,1.87
2018.05.29 09:04:40.806,0.99395,0.99404,1.00,1.20
2018.05.29 09:04:41.215,0.99396,0.99404,2.06,1.12
2018.05.29 09:04:41.422,0.99399,0.99408,1.31,1.12
2018.05.29 09:04:41.474,0.994,0.99408,3.94,1.12
2018.05.29 09:04:41.783,0.99405,0.9941,1.00,1.00
2018.05.29 09:04:42.542,0.99404,0.9941,1.50,1.00
2018.05.29 09:04:42.802,0.99401,0.9941,1.50,1.87
2018.05.29 09:04:42.855,0.99402,0.9941,1.00,4.31
2018.05.29 09:04:42.907,0.99398,0.99409,1.31,1.69
2018.05.29 09:04:43.353,0.99397,0.99409,4.31,2.25
2018.05.29 09:04:43.900,0.99396,0.99409,1.69,2.70
2018.05.29 09:04:44.553,0.99399,0.99409,1.00,3.00
2018.05.29 09:04:45.081,0.99399,0.9941,1.31,2.62
2018.05.29 09:04:46.570,0.99398,0.99409,1.19,1.37
2018.05.29 09:04:49.325,0.99398,0.99411,6.19,3.75
2018.05.29 09:04:49.636,0.99401,0.99413,2.62,2.62
2018.05.29 09:04:49.843,0.99404,0.99413,1.00,1.50
2018.05.29 09:04:50.177,0.99403,0.99413,2.06,1.12
2018.05.29 09:04:50.489,0.99406,0.99413,1.00,1.50
2018.05.29 09:04:52.482,0.99405,0.99417,1.31,1.50
2018.05.29 09:04:52.590,0.99405,0.99417,1.31,1.37
2018.05.29 09:04:52.696,0.99409,0.99417,1.00,2.06
2018.05.29 09:04:52.802,0.99405,0.99416,2.81,1.37
2018.05.29 09:04:52.907,0.99409,0.99417,1.00,1.37
2018.05.29 09:04:53.064,0.99405,0.99416,3.56,1.37
2018.05.29 09:04:53.298,0.99405,0.99416,2.81,1.37
2018.05.29 09:04:53.793,0.99406,0.99414,1.00,1.62
2018.05.29 09:04:53.996,0.99399,0.99409,1.00,3.37
2018.05.29 09:04:54.049,0.99399,0.99409,1.00,1.87
2018.05.29 09:04:54.572,0.99399,0.99408,1.00,1.37
2018.05.29 09:04:54.883,0.99399,0.99409,1.00,1.87
2018.05.29 09:04:55.494,0.99399,0.99408,1.00,1.37
2018.05.29 09:04:56.561,0.99399,0.99408,1.00,1.87
2018.05.29 09:04:57.400,0.99396,0.99408,1.39,1.37
2018.05.29 09:04:57.505,0.99399,0.99407,1.00,1.37
2018.05.29 09:04:57.624,0.99399,0.99407,1.00,1.12
2018.05.29 09:04:58.203,0.99398,0.99408,1.00,1.50
2018.05.29 09:04:59.513,0.99399,0.99409,1.00,3.37
2018.05.29 09:05:00.071,0.99399,0.99409,1.00,1.87
2018.05.29 09:05:00.715,0.99399,0.99407,1.00,1.50
2018.05.29 09:05:01.234,0.99399,0.99407,1.00,1.37
2018.05.29 09:05:01.290,0.99396,0.99406,1.19,1.12
2018.05.29 09:05:01.342,0.99395,0.99406,1.25,3.00
2018.05.29 09:05:01.395,0.99399,0.99406,1.00,1.12
2018.05.29 09:05:01.706,0.99399,0.99407,1.00,2.06
2018.05.29 09:05:02.549,0.99399,0.99407,1.00,1.12
2018.05.29 09:05:03.092,0.99398,0.99407,1.00,1.87
2018.05.29 09:05:03.605,0.99399,0.99408,1.00,3.37
2018.05.29 09:05:04.600,0.99394,0.99406,3.19,1.87
2018.05.29 09:05:04.704,0.99396,0.99406,1.00,1.87
2018.05.29 09:05:04.860,0.99392,0.99402,2.89,1.12
2018.05.29 09:05:05.390,0.9939,0.99401,2.81,1.50
2018.05.29 09:05:06.014,0.9939,0.99401,2.06,1.12
2018.05.29 09:05:06.537,0.99391,0.99401,1.00,1.12
2018.05.29 09:05:07.933,0.99391,0.994,1.12,1.00
2018.05.29 09:05:08.440,0.99391,0.99401,1.12,2.25
2018.05.29 09:05:08.955,0.99391,0.994,1.12,1.12
2018.05.29 09:05:09.007,0.99389,0.99399,1.39,1.00
2018.05.29 09:05:09.143,0.99391,0.99399,1.00,3.37
2018.05.29 09:05:09.196,0.99384,0.99395,5.89,1.00
2018.05.29 09:05:09.249,0.99389,0.99396,1.00,1.12
2018.05.29 09:05:09.561,0.99387,0.99396,1.00,4.12
2018.05.29 09:05:11.566,0.99387,0.99396,1.00,1.37
2018.05.29 09:05:12.756,0.99386,0.99396,1.00,2.62
2018.05.29 09:05:12.870,0.99382,0.99394,4.31,1.87
2018.05.29 09:05:12.925,0.99382,0.99391,2.07,1.00
2018.05.29 09:05:13.275,0.99379,0.99389,1.45,2.25
2018.05.29 09:05:13.854,0.99379,0.99389,1.00,2.81
2018.05.29 09:05:14.872,0.99379,0.99389,1.00,4.12
2018.05.29 09:05:14.977,0.99377,0.99387,1.20,1.37
2018.05.29 09:05:15.134,0.99375,0.99385,1.45,1.87
2018.05.29 09:05:15.662,0.99376,0.99385,1.00,1.87
2018.05.29 09:05:16.164,0.99376,0.99385,1.00,1.87
2018.05.29 09:05:17.772,0.99376,0.99385,1.00,1.37
2018.05.29 09:05:18.300,0.99376,0.99385,1.00,3.75
2018.05.29 09:05:18.634,0.99376,0.99385,1.00,3.19
2018.05.29 09:05:18.689,0.99372,0.99379,1.00,1.00
2018.05.29 09:05:19.201,0.99371,0.9938,1.00,1.12
2018.05.29 09:05:19.414,0.99373,0.99382,1.00,1.20
2018.05.29 09:05:19.946,0.99374,0.99383,1.00,1.00
2018.05.29 09:05:20.613,0.99373,0.99383,1.00,1.00
2018.05.29 09:05:20.925,0.99373,0.99383,1.00,2.62
2018.05.29 09:05:24.858,0.99373,0.99384,1.31,2.25
2018.05.29 09:05:25.116,0.99374,0.99385,1.19,1.50
2018.05.29 09:05:25.257,0.99374,0.99385,1.56,1.00
2018.05.29 09:05:25.924,0.99373,0.99384,2.44,1.12
2018.05.29 09:05:26.451,0.99374,0.99384,1.00,1.87
2018.05.29 09:05:26.677,0.99374,0.99384,1.00,1.87
2018.05.29 09:05:27.589,0.99374,0.99385,1.00,2.70
2018.05.29 09:05:30.316,0.99374,0.99379,1.00,1.00
2018.05.29 09:05:31.358,0.99374,0.9938,1.00,1.00
2018.05.29 09:05:32.026,0.99374,0.99381,1.00,1.12
2018.05.29 09:05:35.910,0.99374,0.99382,1.25,1.00
2018.05.29 09:05:36.450,0.99374,0.99381,1.00,1.00
2018.05.29 09:05:40.613,0.99374,0.99381,1.00,1.37
2018.05.29 09:05:41.137,0.99374,0.99381,1.00,1.00
2018.05.29 09:05:43.049,0.99374,0.99384,1.25,2.25
2018.05.29 09:05:45.151,0.99374,0.99384,1.00,1.37
2018.05.29 09:05:47.188,0.99372,0.99384,1.31,1.50
2018.05.29 09:05:47.734,0.99372,0.99385,2.06,2.62
2018.05.29 09:05:48.334,0.99372,0.99384,2.06,1.50
2018.05.29 09:05:48.390,0.99371,0.99383,2.81,1.37
2018.05.29 09:05:48.916,0.99371,0.99384,2.81,3.00
2018.05.29 09:05:49.892,0.99371,0.99384,1.69,3.75
2018.05.29 09:05:50.500,0.9937,0.99383,4.31,2.25
2018.05.29 09:05:51.094,0.99371,0.99383,2.06,1.50
2018.05.29 09:05:51.725,0.9937,0.99381,2.81,1.87
2018.05.29 09:05:52.241,0.9937,0.99383,2.81,2.32
2018.05.29 09:05:52.556,0.99372,0.99384,1.00,5.51
2018.05.29 09:05:52.665,0.99373,0.99384,1.56,1.37
2018.05.29 09:05:55.103,0.99373,0.99384,1.00,1.37
2018.05.29 09:05:55.158,0.99371,0.99384,3.19,3.56
2018.05.29 09:05:55.610,0.99369,0.99381,2.44,1.37
2018.05.29 09:05:56.185,0.99366,0.99376,4.50,1.12
2018.05.29 09:05:56.342,0.99364,0.99376,2.51,1.87
2018.05.29 09:05:56.882,0.99364,0.99376,3.56,1.37
2018.05.29 09:05:57.244,0.99364,0.99376,3.94,1.12
2018.05.29 09:05:58.105,0.99363,0.99376,4.31,2.62
2018.05.29 09:05:58.740,0.99364,0.99376,2.06,2.62
2018.05.29 09:05:59.067,0.99364,0.99376,2.44,1.12
2018.05.29 09:05:59.121,0.99365,0.99376,1.31,1.12
2018.05.29 09:05:59.646,0.99364,0.99376,3.94,1.12
2018.05.29 09:05:59.752,0.99364,0.99376,2.06,1.37
2018.05.29 09:06:00.066,0.99365,0.99376,1.31,1.12
2018.05.29 09:06:00.578,0.99365,0.99376,1.69,1.12
2018.05.29 09:06:01.853,0.99365,0.99377,3.19,1.87
2018.05.29 09:06:02.401,0.99366,0.99378,1.19,2.62
2018.05.29 09:06:04.384,0.99366,0.99378,1.31,1.37
2018.05.29 09:06:04.930,0.99366,0.99378,1.31,1.50
2018.05.29 09:06:05.531,0.99366,0.99377,1.19,1.87
2018.05.29 09:06:05.583,0.99366,0.99377,1.25,1.87
2018.05.29 09:06:07.572,0.99364,0.99375,4.20,1.12
2018.05.29 09:06:07.728,0.99364,0.99374,1.31,1.12
2018.05.29 09:06:08.309,0.99364,0.99374,1.31,1.12
2018.05.29 09:06:08.412,0.99365,0.99376,1.19,2.62
2018.05.29 09:06:08.911,0.99365,0.99378,3.94,3.37
2018.05.29 09:06:09.844,0.99365,0.99378,2.81,3.00
2018.05.29 09:06:10.000,0.99366,0.99378,3.94,1.87
2018.05.29 09:06:10.754,0.99366,0.99378,5.06,1.37
2018.05.29 09:06:11.518,0.99366,0.99379,3.94,3.00
2018.05.29 09:06:11.723,0.99366,0.99379,3.56,2.62
2018.05.29 09:06:12.229,0.99366,0.99377,2.06,1.12
2018.05.29 09:06:12.494,0.99366,0.99377,3.56,1.12
2018.05.29 09:06:12.937,0.99369,0.9938,1.19,1.50
2018.05.29 09:06:13.715,0.99369,0.9938,2.06,1.12
2018.05.29 09:06:14.202,0.99372,0.99382,1.00,1.50
2018.05.29 09:06:14.256,0.99372,0.99383,2.44,1.00
2018.05.29 09:06:15.580,0.99372,0.99383,2.81,1.00
2018.05.29 09:06:16.125,0.99373,0.99384,3.19,1.12
2018.05.29 09:06:17.120,0.99373,0.99384,3.56,1.00
2018.05.29 09:06:17.656,0.99373,0.99384,2.81,1.00
2018.05.29 09:06:19.511,0.99374,0.99385,2.44,1.12
2018.05.29 09:06:20.579,0.99374,0.99385,1.31,1.87
2018.05.29 09:06:21.665,0.99374,0.99385,2.06,2.25
2018.05.29 09:06:21.979,0.99377,0.99388,1.19,1.87
2018.05.29 09:06:22.506,0.99377,0.99388,3.19,1.00
2018.05.29 09:06:23.377,0.99377,0.99388,2.44,1.12
2018.05.29 09:06:24.660,0.99377,0.99388,1.69,1.87
2018.05.29 09:06:25.082,0.99377,0.99388,1.69,1.87
2018.05.29 09:06:25.503,0.9938,0.99391,1.19,1.95
2018.05.29 09:06:25.557,0.99381,0.99392,1.31,2.62
2018.05.29 09:06:26.102,0.99382,0.99393,2.44,1.00
2018.05.29 09:06:27.152,0.99382,0.99395,2.81,2.62
2018.05.29 09:06:27.316,0.99381,0.99392,1.69,1.12
2018.05.29 09:06:27.471,0.99379,0.99391,2.06,1.87
2018.05.29 09:06:28.012,0.9938,0.99391,1.69,1.37
2018.05.29 09:06:28.572,0.9938,0.99391,1.69,1.37
2018.05.29 09:06:29.092,0.99379,0.99391,2.81,1.37
2018.05.29 09:06:29.560,0.99378,0.9939,1.31,1.37
2018.05.29 09:06:29.613,0.99378,0.99388,1.25,1.37
2018.05.29 09:06:29.932,0.99375,0.99387,1.50,2.25
2018.05.29 09:06:30.135,0.99375,0.99386,1.00,1.87
2018.05.29 09:06:30.700,0.99374,0.99385,1.25,1.37
2018.05.29 09:06:33.412,0.99374,0.99385,1.69,1.37
2018.05.29 09:06:33.963,0.99376,0.99385,1.00,1.37
2018.05.29 09:06:34.429,0.99377,0.99386,1.00,1.00
2018.05.29 09:06:34.481,0.99379,0.99386,1.00,1.00
2018.05.29 09:06:35.034,0.99379,0.99387,1.00,1.12
2018.05.29 09:06:36.270,0.99379,0.99389,1.50,1.37
2018.05.29 09:06:36.601,0.99382,0.99392,1.00,1.50
2018.05.29 09:06:36.980,0.99379,0.9939,2.06,1.50
2018.05.29 09:06:37.189,0.99378,0.99384,1.00,1.00
2018.05.29 09:06:37.241,0.99374,0.99383,1.57,1.00
2018.05.29 09:06:37.294,0.99371,0.99382,2.70,1.87
2018.05.29 09:06:37.347,0.99369,0.99379,3.82,1.87
2018.05.29 09:06:37.474,0.99366,0.99376,4.37,1.00
2018.05.29 09:06:37.538,0.99365,0.99377,1.31,1.12
2018.05.29 09:06:37.589,0.99365,0.99376,1.69,1.37
2018.05.29 09:06:38.326,0.99364,0.99375,1.00,1.87
2018.05.29 09:06:38.856,0.99363,0.99374,1.00,1.87
2018.05.29 09:06:39.725,0.99363,0.99374,1.25,1.37
2018.05.29 09:06:40.265,0.99363,0.99374,1.69,1.37
2018.05.29 09:06:40.858,0.99364,0.99374,1.00,1.87
2018.05.29 09:06:41.015,0.99362,0.99373,1.31,1.87
2018.05.29 09:06:41.068,0.99364,0.99373,1.00,1.00
2018.05.29 09:06:41.593,0.99364,0.99373,1.00,1.37
2018.05.29 09:06:41.785,0.99361,0.99371,1.00,1.87
2018.05.29 09:06:41.944,0.99361,0.99371,1.00,2.25
2018.05.29 09:06:41.997,0.99359,0.9937,1.00,1.37
2018.05.29 09:06:42.270,0.99359,0.99367,1.00,1.37
2018.05.29 09:06:42.375,0.99354,0.99365,1.10,1.87
2018.05.29 09:06:42.565,0.99353,0.99365,1.25,1.37
2018.05.29 09:06:42.828,0.99354,0.99366,1.50,1.95
2018.05.29 09:06:43.345,0.99353,0.99365,1.69,1.37
2018.05.29 09:06:43.944,0.99354,0.99366,1.69,1.87
2018.05.29 09:06:43.997,0.99356,0.99366,1.00,1.37
2018.05.29 09:06:44.721,0.99359,0.99368,1.00,2.25
2018.05.29 09:06:44.776,0.99355,0.99367,1.56,1.50
2018.05.29 09:06:44.883,0.99359,0.99368,1.00,1.50
2018.05.29 09:06:45.097,0.99356,0.99368,1.69,1.37
2018.05.29 09:06:45.150,0.99359,0.99369,1.00,1.87
2018.05.29 09:06:45.254,0.99356,0.99368,2.06,1.37
2018.05.29 09:06:45.307,0.99359,0.99369,1.00,2.25
2018.05.29 09:06:46.222,0.99358,0.9937,2.81,1.87
2018.05.29 09:06:50.310,0.99358,0.99369,1.25,1.37
2018.05.29 09:06:51.391,0.99358,0.9937,2.81,1.37
2018.05.29 09:06:51.937,0.99359,0.9937,1.31,1.37
2018.05.29 09:06:52.249,0.99359,0.99371,5.81,1.37
2018.05.29 09:06:52.303,0.9936,0.99371,1.69,1.12
2018.05.29 09:06:52.376,0.99361,0.99372,2.81,1.37
2018.05.29 09:06:52.870,0.99364,0.99375,2.06,1.12
2018.05.29 09:06:53.342,0.99369,0.99379,1.00,3.00
2018.05.29 09:06:53.555,0.99367,0.99379,1.00,1.50
2018.05.29 09:06:53.609,0.99369,0.99379,1.00,1.37
2018.05.29 09:06:53.662,0.99367,0.99379,1.69,1.37
2018.05.29 09:06:53.769,0.99369,0.99379,1.00,1.37
2018.05.29 09:06:54.273,0.99368,0.99379,2.06,1.37
2018.05.29 09:06:54.918,0.99368,0.9938,3.19,1.37
2018.05.29 09:06:55.021,0.9937,0.99381,1.00,1.20
2018.05.29 09:06:55.124,0.99371,0.99382,1.69,1.95
2018.05.29 09:06:57.188,0.99371,0.99382,1.25,1.37
2018.05.29 09:06:57.508,0.99372,0.99383,1.69,1.37
2018.05.29 09:06:58.030,0.99374,0.99384,1.12,1.37
2018.05.29 09:06:58.441,0.99374,0.99385,1.31,1.37
2018.05.29 09:06:58.980,0.99374,0.99386,1.31,2.25
2018.05.29 09:07:00.123,0.99374,0.99386,2.81,1.87
2018.05.29 09:07:00.434,0.99376,0.99388,3.19,1.37
2018.05.29 09:07:00.774,0.99375,0.99388,7.12,1.87
2018.05.29 09:07:01.243,0.99375,0.99387,2.25,1.69
2018.05.29 09:07:01.791,0.99374,0.99385,1.25,1.37
2018.05.29 09:07:03.250,0.99374,0.99385,1.12,3.94
2018.05.29 09:07:03.456,0.99371,0.99384,2.81,1.37
2018.05.29 09:07:03.508,0.99374,0.99383,1.12,1.37
2018.05.29 09:07:04.346,0.99374,0.99384,1.00,2.25
2018.05.29 09:07:04.542,0.99372,0.99384,1.25,2.44
2018.05.29 09:07:04.595,0.99374,0.99382,1.00,1.87
2018.05.29 09:07:04.754,0.99371,0.99382,2.25,1.47
2018.05.29 09:07:04.859,0.99374,0.99382,1.00,1.12
2018.05.29 09:07:05.190,0.99376,0.99384,1.00,1.37
2018.05.29 09:07:05.814,0.99376,0.99388,1.56,3.07
2018.05.29 09:07:05.935,0.99376,0.99387,1.25,1.50
2018.05.29 09:07:05.988,0.99379,0.99388,1.00,1.37
2018.05.29 09:07:06.196,0.99375,0.99388,6.75,1.87
2018.05.29 09:07:07.365,0.99375,0.99387,3.56,1.50
2018.05.29 09:07:08.046,0.99374,0.99386,4.69,1.87
2018.05.29 09:07:10.068,0.99376,0.99388,2.81,1.57
2018.05.29 09:07:10.275,0.99376,0.99388,2.44,1.12
2018.05.29 09:07:11.971,0.99379,0.99389,2.06,1.12
2018.05.29 09:07:12.129,0.99384,0.99395,1.25,2.25
2018.05.29 09:07:13.211,0.99384,0.99396,1.69,2.25
2018.05.29 09:07:14.673,0.99384,0.99395,1.50,1.00
2018.05.29 09:07:15.219,0.99384,0.99396,1.50,2.44
2018.05.29 09:07:15.747,0.99386,0.99397,1.87,2.25
2018.05.29 09:07:16.016,0.99393,0.99405,1.56,1.50
2018.05.29 09:07:16.519,0.99393,0.99406,2.44,1.87
2018.05.29 09:07:17.497,0.99393,0.99406,4.69,1.87
2018.05.29 09:07:17.939,0.99399,0.99408,1.31,2.51
2018.05.29 09:07:18.259,0.99406,0.99412,1.12,1.00
2018.05.29 09:07:18.313,0.99406,0.99413,1.00,1.00
2018.05.29 09:07:18.591,0.99407,0.99417,1.00,2.32
2018.05.29 09:07:21.239,0.99406,0.99417,1.12,1.50
2018.05.29 09:07:21.788,0.99406,0.99416,1.12,1.00
2018.05.29 09:07:23.849,0.99406,0.99415,1.12,1.00
2018.05.29 09:07:24.009,0.99403,0.99413,1.56,1.00
2018.05.29 09:07:24.062,0.99406,0.99415,1.12,1.00
2018.05.29 09:07:24.595,0.99406,0.99416,1.62,1.87
2018.05.29 09:07:25.102,0.99404,0.99414,1.56,1.00
2018.05.29 09:07:25.154,0.99404,0.99416,1.56,3.00
2018.05.29 09:07:25.467,0.99403,0.99416,3.94,1.12
2018.05.29 09:07:25.977,0.99406,0.99417,1.56,1.87
2018.05.29 09:07:26.347,0.99409,0.99419,1.69,1.00
2018.05.29 09:07:26.401,0.9942,0.99424,1.00,1.20
2018.05.29 09:07:26.509,0.9942,0.9943,1.69,1.45
2018.05.29 09:07:26.562,0.99421,0.99429,3.19,1.00
2018.05.29 09:07:26.673,0.9942,0.99431,3.56,1.57
2018.05.29 09:07:26.727,0.99423,0.99428,1.12,1.00
2018.05.29 09:07:26.922,0.99418,0.99427,1.12,1.37
2018.05.29 09:07:26.979,0.99418,0.99427,1.12,1.87
2018.05.29 09:07:28.402,0.99415,0.99426,2.44,1.00
2018.05.29 09:07:28.922,0.99415,0.99427,3.19,1.00
2018.05.29 09:07:29.464,0.99415,0.99427,2.44,1.00
2018.05.29 09:07:30.007,0.99414,0.99426,1.69,3.00
2018.05.29 09:07:30.716,0.99415,0.99426,1.62,2.25
2018.05.29 09:07:30.872,0.99415,0.99426,2.06,1.00
2018.05.29 09:07:31.385,0.99415,0.99427,3.56,1.00
2018.05.29 09:07:31.907,0.99416,0.99427,1.62,1.00
2018.05.29 09:07:32.434,0.99416,0.99427,1.69,1.50
2018.05.29 09:07:32.991,0.99414,0.99426,2.06,1.00
2018.05.29 09:07:33.610,0.99413,0.99424,2.44,1.50
2018.05.29 09:07:34.075,0.99413,0.99422,1.37,1.00
2018.05.29 09:07:34.414,0.99413,0.99419,1.00,1.00
2018.05.29 09:07:34.863,0.99413,0.99421,1.00,3.00
2018.05.29 09:07:35.338,0.99408,0.9942,2.06,1.00
2018.05.29 09:07:35.867,0.99409,0.99421,1.25,1.00
2018.05.29 09:07:35.919,0.9941,0.9942,1.19,1.00
2018.05.29 09:07:35.973,0.99412,0.99423,1.31,1.21
2018.05.29 09:07:36.025,0.99411,0.99423,3.56,1.21
2018.05.29 09:07:36.718,0.99411,0.99423,1.94,1.00
2018.05.29 09:07:37.231,0.99414,0.99424,1.62,1.50
2018.05.29 09:07:37.775,0.99414,0.99425,1.62,2.70
2018.05.29 09:07:38.312,0.99415,0.99426,1.62,1.12
2018.05.29 09:07:38.939,0.99415,0.99426,1.00,1.87
2018.05.29 09:07:39.515,0.99415,0.99426,1.37,2.62
2018.05.29 09:07:40.029,0.99414,0.99426,1.37,3.56
2018.05.29 09:07:40.685,0.99414,0.99426,2.25,2.97
2018.05.29 09:07:41.210,0.99413,0.99425,2.25,1.00
2018.05.29 09:07:42.768,0.99413,0.99424,1.50,1.00
2018.05.29 09:07:42.884,0.99413,0.99424,1.12,1.00
2018.05.29 09:07:43.095,0.99412,0.99424,1.12,1.25
2018.05.29 09:07:43.645,0.99412,0.99423,1.69,1.00
2018.05.29 09:07:44.218,0.99413,0.99424,1.62,1.00
2018.05.29 09:07:44.374,0.99412,0.99424,2.44,1.50
2018.05.29 09:07:44.892,0.99412,0.99424,2.44,1.50
2018.05.29 09:07:46.311,0.99413,0.99424,1.69,1.50
2018.05.29 09:07:46.532,0.99412,0.99424,2.44,2.25
2018.05.29 09:07:48.794,0.99413,0.99424,1.69,1.50
2018.05.29 09:07:49.584,0.99414,0.99425,1.31,2.62
2018.05.29 09:07:50.133,0.99414,0.99424,1.12,1.00
2018.05.29 09:07:50.762,0.99414,0.99425,1.31,2.25
2018.05.29 09:07:53.446,0.99415,0.99425,1.00,1.12
2018.05.29 09:07:54.021,0.99414,0.99425,1.87,1.00
2018.05.29 09:07:55.008,0.99414,0.99424,1.87,1.50
2018.05.29 09:07:55.774,0.99414,0.99425,1.25,1.50
2018.05.29 09:07:55.834,0.99414,0.99426,3.56,1.87
2018.05.29 09:07:58.907,0.99416,0.99426,1.12,2.25
2018.05.29 09:07:59.222,0.99414,0.99424,1.62,1.00
2018.05.29 09:07:59.431,0.99414,0.99424,1.25,1.12
2018.05.29 09:08:02.193,0.99413,0.99424,1.25,1.12
2018.05.29 09:08:02.300,0.99414,0.99425,1.31,1.00
2018.05.29 09:08:02.903,0.99413,0.99425,2.44,1.00
2018.05.29 09:08:03.454,0.99413,0.99424,1.50,1.00
2018.05.29 09:08:04.097,0.99413,0.99425,2.44,1.00
2018.05.29 09:08:04.602,0.99413,0.99425,2.81,1.00
2018.05.29 09:08:06.859,0.99414,0.99425,1.69,1.50
2018.05.29 09:08:07.589,0.99413,0.99424,1.50,1.00
2018.05.29 09:08:09.008,0.99414,0.99423,1.37,1.00
2018.05.29 09:08:09.909,0.99412,0.99424,1.69,1.50
2018.05.29 09:08:10.558,0.99417,0.99425,1.69,1.12
2018.05.29 09:08:10.714,0.99422,0.99435,2.81,3.07
2018.05.29 09:08:11.051,0.99421,0.99432,1.56,1.00
2018.05.29 09:08:11.585,0.99421,0.99433,2.44,1.12
2018.05.29 09:08:12.179,0.99421,0.99434,2.81,1.12
2018.05.29 09:08:12.500,0.99426,0.99437,1.56,1.00
2018.05.29 09:08:12.658,0.99424,0.99436,1.56,1.50
2018.05.29 09:08:12.856,0.99423,0.99434,1.62,1.00
2018.05.29 09:08:13.370,0.99423,0.99436,1.62,4.87
2018.05.29 09:08:13.714,0.99423,0.99436,1.69,3.00
2018.05.29 09:08:14.226,0.99424,0.99435,1.87,1.00
2018.05.29 09:08:16.286,0.99424,0.99435,1.37,1.00
2018.05.29 09:08:16.861,0.99423,0.99435,1.50,1.00
2018.05.29 09:08:17.396,0.99424,0.99435,2.06,1.00
2018.05.29 09:08:22.650,0.99424,0.99435,1.56,1.00
2018.05.29 09:08:22.972,0.99426,0.99438,3.56,2.32
2018.05.29 09:08:23.494,0.99426,0.99437,2.06,1.00
2018.05.29 09:08:24.034,0.99427,0.99438,1.56,2.25
2018.05.29 09:08:24.125,0.99428,0.99439,3.94,1.50
2018.05.29 09:08:24.556,0.99431,0.99442,1.56,2.10
2018.05.29 09:08:25.104,0.9943,0.99442,3.19,1.50
2018.05.29 09:08:25.646,0.99433,0.99445,2.44,1.30
2018.05.29 09:08:25.806,0.99433,0.99444,3.75,1.50
2018.05.29 09:08:25.910,0.99434,0.99446,1.87,1.00
2018.05.29 09:08:26.073,0.99433,0.99445,3.19,1.00
2018.05.29 09:08:26.617,0.99433,0.99445,1.69,1.00
2018.05.29 09:08:27.102,0.99432,0.99443,1.62,1.00
2018.05.29 09:08:27.620,0.99432,0.99443,1.56,1.00
2018.05.29 09:08:28.153,0.99432,0.99444,2.06,1.00
2018.05.29 09:08:28.460,0.99433,0.99445,2.25,1.12
2018.05.29 09:08:28.566,0.99433,0.99444,1.56,1.00
2018.05.29 09:08:29.124,0.99432,0.99444,2.44,1.00
2018.05.29 09:08:29.642,0.99432,0.99444,3.19,1.00
2018.05.29 09:08:30.217,0.99431,0.99444,4.31,1.50
2018.05.29 09:08:30.398,0.99431,0.99438,3.94,1.00
2018.05.29 09:08:30.913,0.9943,0.99439,2.81,1.00
2018.05.29 09:08:31.456,0.99429,0.99438,1.69,1.00
2018.05.29 09:08:32.041,0.99428,0.99438,4.69,1.12
2018.05.29 09:08:32.555,0.99428,0.99438,1.69,1.37
2018.05.29 09:08:32.813,0.99432,0.99438,1.00,1.37
2018.05.29 09:08:33.341,0.99431,0.99438,1.00,1.37
2018.05.29 09:08:33.859,0.99431,0.99438,1.00,1.12
2018.05.29 09:08:34.382,0.99432,0.99438,1.00,1.00
2018.05.29 09:08:34.536,0.9943,0.99438,1.00,1.00
2018.05.29 09:08:34.589,0.99432,0.99438,1.00,1.00
2018.05.29 09:08:35.118,0.99431,0.99438,1.00,1.12
2018.05.29 09:08:35.658,0.99431,0.99438,1.69,1.12
2018.05.29 09:08:36.128,0.99434,0.99439,1.00,1.00
2018.05.29 09:08:36.983,0.99432,0.99439,1.00,1.12
2018.05.29 09:08:37.314,0.99434,0.99439,1.00,1.00
2018.05.29 09:08:37.852,0.99433,0.99439,1.00,1.37
2018.05.29 09:08:38.372,0.99432,0.9944,1.00,1.12
2018.05.29 09:08:38.645,0.99431,0.99439,1.25,1.37
2018.05.29 09:08:39.160,0.99432,0.99439,1.00,1.37
2018.05.29 09:08:39.377,0.9943,0.99439,1.25,1.87
2018.05.29 09:08:39.914,0.9943,0.99439,1.00,2.44
2018.05.29 09:08:40.466,0.9943,0.99438,1.00,1.37
2018.05.29 09:08:41.706,0.9943,0.99438,1.00,1.87
2018.05.29 09:08:42.264,0.99429,0.99438,1.00,1.37
2018.05.29 09:08:43.036,0.99429,0.99438,1.00,1.12
2018.05.29 09:08:43.573,0.99429,0.99438,1.00,1.37
2018.05.29 09:08:44.873,0.99429,0.99438,1.00,1.12
2018.05.29 09:08:44.976,0.99431,0.99439,1.00,1.37
2018.05.29 09:08:45.080,0.99431,0.9944,1.19,1.12
2018.05.29 09:08:45.183,0.9943,0.99439,1.50,1.00
2018.05.29 09:08:45.700,0.99431,0.99439,1.00,1.37
2018.05.29 09:08:45.753,0.99428,0.99439,1.31,1.37
2018.05.29 09:08:46.301,0.99428,0.99438,1.00,1.37
2018.05.29 09:08:46.825,0.99429,0.99439,1.25,1.37
2018.05.29 09:08:48.141,0.99428,0.99439,3.56,1.37
2018.05.29 09:08:48.383,0.99428,0.99437,1.50,1.12
2018.05.29 09:08:48.435,0.99428,0.99438,1.50,4.12
2018.05.29 09:08:48.540,0.99429,0.99439,1.00,1.57
2018.05.29 09:08:49.073,0.99427,0.99439,3.56,2.62
2018.05.29 09:08:49.599,0.99427,0.99439,2.81,2.62
2018.05.29 09:08:50.103,0.99427,0.99439,1.31,3.37
2018.05.29 09:08:50.155,0.99427,0.99438,2.06,1.50
2018.05.29 09:08:50.316,0.99426,0.99436,1.19,3.75
2018.05.29 09:08:50.623,0.99425,0.99436,1.25,3.37
2018.05.29 09:08:51.143,0.99424,0.99435,1.25,1.50
2018.05.29 09:08:51.654,0.99424,0.99433,1.00,1.00
2018.05.29 09:08:52.420,0.99423,0.99433,1.00,1.12
2018.05.29 09:08:52.960,0.99423,0.99434,2.81,1.00
2018.05.29 09:08:53.117,0.99424,0.99435,1.31,1.87
2018.05.29 09:08:53.629,0.99424,0.99435,1.56,1.87
2018.05.29 09:08:54.147,0.99424,0.99435,1.31,1.87
2018.05.29 09:08:54.704,0.99423,0.99435,2.44,2.25
2018.05.29 09:08:55.230,0.99423,0.99435,1.31,2.62
2018.05.29 09:08:55.744,0.99423,0.99434,1.31,1.20
2018.05.29 09:08:56.176,0.99425,0.99436,1.19,2.32
2018.05.29 09:08:56.282,0.99425,0.99436,1.56,3.07
2018.05.29 09:08:56.492,0.99425,0.99436,1.25,2.70
2018.05.29 09:08:56.805,0.99426,0.99437,3.19,1.20
2018.05.29 09:08:56.909,0.99426,0.99437,2.44,1.20
2018.05.29 09:08:57.433,0.99425,0.99436,1.56,2.32
2018.05.29 09:08:57.950,0.99425,0.99436,1.31,3.45
2018.05.29 09:08:58.239,0.99425,0.99436,1.31,3.45
2018.05.29 09:08:58.292,0.99425,0.99436,1.31,3.45
2018.05.29 09:08:58.805,0.99425,0.99436,1.19,2.70
2018.05.29 09:08:59.398,0.99425,0.99436,1.25,3.45
2018.05.29 09:08:59.775,0.99425,0.99436,1.56,3.07
2018.05.29 09:09:00.099,0.99427,0.99437,1.31,1.20
2018.05.29 09:09:00.153,0.99428,0.99438,1.19,2.32
2018.05.29 09:09:00.801,0.99427,0.99438,1.31,1.95
2018.05.29 09:09:01.736,0.99429,0.99438,1.19,1.10
2018.05.29 09:09:01.789,0.99432,0.99438,1.00,1.10
2018.05.29 09:09:02.101,0.99434,0.99439,1.19,1.00
2018.05.29 09:09:02.153,0.99434,0.99444,1.19,2.70
2018.05.29 09:09:03.350,0.99435,0.99444,1.19,1.12
2018.05.29 09:09:03.509,0.99437,0.99446,1.19,1.57
2018.05.29 09:09:04.061,0.99437,0.99446,1.19,1.57
2018.05.29 09:09:05.063,0.99437,0.99446,1.19,1.95
2018.05.29 09:09:05.585,0.99437,0.99447,1.25,1.57
2018.05.29 09:09:06.195,0.99436,0.99446,1.25,1.47
2018.05.29 09:09:06.892,0.99436,0.99446,1.69,1.20
2018.05.29 09:09:07.439,0.99437,0.99447,1.19,2.32
2018.05.29 09:09:07.964,0.99437,0.99446,1.25,1.20
2018.05.29 09:09:08.290,0.99436,0.99442,1.25,1.00
2018.05.29 09:09:08.668,0.99434,0.99442,1.50,1.00
2018.05.29 09:09:09.174,0.99434,0.99442,1.19,1.00
2018.05.29 09:09:09.570,0.99436,0.99442,1.69,1.00
2018.05.29 09:09:10.112,0.99436,0.99443,1.69,1.00
2018.05.29 09:09:10.632,0.99436,0.99442,1.50,1.00
2018.05.29 09:09:11.320,0.99436,0.99442,1.69,1.00
2018.05.29 09:09:11.886,0.99436,0.99442,1.69,1.00
2018.05.29 09:09:18.480,0.99436,0.99443,1.50,1.00
2018.05.29 09:09:19.029,0.99436,0.99442,2.25,1.00
2018.05.29 09:09:19.544,0.99436,0.99442,1.19,1.00
2018.05.29 09:09:19.805,0.99435,0.99442,1.25,1.00
2018.05.29 09:09:20.326,0.99436,0.99442,1.25,1.00
2018.05.29 09:09:21.024,0.99436,0.99442,1.19,1.00
2018.05.29 09:09:21.544,0.99436,0.99442,1.00,1.00
2018.05.29 09:09:23.310,0.99436,0.99442,1.19,1.00
2018.05.29 09:09:23.519,0.99439,0.99443,1.00,1.00
2018.05.29 09:09:23.677,0.99435,0.99442,2.81,1.00
2018.05.29 09:09:23.782,0.99439,0.99443,1.00,1.00
2018.05.29 09:09:23.834,0.99434,0.99442,2.81,1.00
2018.05.29 09:09:24.109,0.99439,0.99443,1.00,1.00
2018.05.29 09:09:24.528,0.99435,0.99443,2.06,1.00
2018.05.29 09:09:24.581,0.99439,0.99443,1.00,1.00
2018.05.29 09:09:24.692,0.99435,0.99443,2.81,1.00
2018.05.29 09:09:24.745,0.99439,0.99443,1.00,1.00
2018.05.29 09:09:24.903,0.99435,0.99443,1.62,1.00
2018.05.29 09:09:25.407,0.99436,0.99442,1.12,1.00
2018.05.29 09:09:26.527,0.99433,0.99442,2.81,1.00
2018.05.29 09:09:26.581,0.99436,0.99442,1.00,1.00
2018.05.29 09:09:27.693,0.99433,0.99442,2.44,1.00
2018.05.29 09:09:27.746,0.99433,0.99442,1.69,1.00
2018.05.29 09:09:27.868,0.99436,0.99442,1.00,1.00
2018.05.29 09:09:29.669,0.99436,0.99442,1.62,1.00
2018.05.29 09:09:29.987,0.99439,0.99443,1.00,1.00
2018.05.29 09:09:30.040,0.99436,0.99442,1.62,1.00
2018.05.29 09:09:30.093,0.99439,0.99443,1.00,1.00
2018.05.29 09:09:30.198,0.99435,0.99442,1.69,1.00
2018.05.29 09:09:30.250,0.99439,0.99443,1.00,1.00
2018.05.29 09:09:30.375,0.99436,0.99442,1.25,1.00
2018.05.29 09:09:30.427,0.99439,0.99443,1.00,1.00
2018.05.29 09:09:30.534,0.99436,0.99442,1.19,1.00
2018.05.29 09:09:30.639,0.99438,0.99442,1.25,1.00
2018.05.29 09:09:30.692,0.99437,0.99442,1.12,1.00
2018.05.29 09:09:30.745,0.99439,0.99443,1.00,1.00
2018.05.29 09:09:30.905,0.99437,0.99442,1.12,1.00
2018.05.29 09:09:30.958,0.99439,0.99443,1.00,1.00
2018.05.29 09:09:31.076,0.99436,0.99442,3.19,1.00
2018.05.29 09:09:31.131,0.99439,0.99443,1.00,1.00
2018.05.29 09:09:31.237,0.99436,0.99442,2.44,1.00
2018.05.29 09:09:31.290,0.99439,0.99443,1.00,1.00
2018.05.29 09:09:31.396,0.99436,0.99442,2.44,1.00
2018.05.29 09:09:31.503,0.99439,0.99443,1.00,1.00
2018.05.29 09:09:31.556,0.99436,0.99442,2.44,1.00
2018.05.29 09:09:31.661,0.99439,0.99443,1.50,1.00
2018.05.29 09:09:31.863,0.99439,0.99447,1.50,1.00
2018.05.29 09:09:31.915,0.9944,0.99449,1.00,3.82
2018.05.29 09:09:32.429,0.99441,0.99449,1.50,1.00
2018.05.29 09:09:32.481,0.99443,0.9945,1.00,2.32
2018.05.29 09:09:33.554,0.99443,0.99451,1.00,2.70
2018.05.29 09:09:34.056,0.99441,0.99451,1.92,3.37
2018.05.29 09:09:34.547,0.99444,0.99451,1.00,1.00
2018.05.29 09:09:35.081,0.99444,0.99453,1.42,3.75
2018.05.29 09:09:36.170,0.99444,0.99453,1.42,3.37
2018.05.29 09:09:36.744,0.99444,0.99453,1.67,3.37
2018.05.29 09:09:37.435,0.99448,0.99457,1.00,1.45
2018.05.29 09:09:37.488,0.99447,0.99457,2.44,1.00
2018.05.29 09:09:37.702,0.9945,0.99458,1.00,1.00
2018.05.29 09:09:37.807,0.99451,0.9946,1.00,1.12
2018.05.29 09:09:37.912,0.99453,0.9946,1.00,1.00
2018.05.29 09:09:38.445,0.99454,0.9946,1.87,1.00
2018.05.29 09:09:39.576,0.99454,0.9946,3.19,1.00
2018.05.29 09:09:40.095,0.99456,0.9946,1.00,1.00
2018.05.29 09:09:41.241,0.99456,0.99461,1.69,1.00
2018.05.29 09:09:41.705,0.99459,0.99469,1.00,1.87
2018.05.29 09:09:41.859,0.99457,0.99463,3.19,1.00
2018.05.29 09:09:42.084,0.99455,0.99461,2.51,1.00
2018.05.29 09:09:42.137,0.99459,0.99468,1.00,2.62
2018.05.29 09:09:42.192,0.99457,0.99462,1.50,1.00
2018.05.29 09:09:42.245,0.99455,0.99461,3.19,1.00
2018.05.29 09:09:42.297,0.99459,0.99468,1.00,3.37
2018.05.29 09:09:42.834,0.99459,0.99468,1.00,2.62
2018.05.29 09:09:44.767,0.99459,0.99469,2.62,1.00
2018.05.29 09:09:45.317,0.9946,0.99468,1.00,1.00
2018.05.29 09:09:45.826,0.99459,0.99467,1.50,1.50
2018.05.29 09:09:46.361,0.9946,0.99468,1.00,1.00
2018.05.29 09:09:49.298,0.99458,0.99468,2.81,1.00
2018.05.29 09:09:49.826,0.9946,0.99469,1.00,1.87
2018.05.29 09:09:50.350,0.9946,0.99468,1.00,1.50
2018.05.29 09:09:50.900,0.99459,0.99468,1.00,1.00
2018.05.29 09:09:51.420,0.9946,0.99468,1.00,1.50
2018.05.29 09:09:51.658,0.99459,0.99463,1.50,1.00
2018.05.29 09:09:51.918,0.99451,0.99459,1.50,1.00
2018.05.29 09:09:51.970,0.99451,0.99457,1.00,1.00
2018.05.29 09:09:52.022,0.99449,0.99456,1.10,1.00
2018.05.29 09:09:52.074,0.99449,0.99458,1.50,1.00
2018.05.29 09:09:52.587,0.9945,0.99456,1.00,1.00
2018.05.29 09:09:52.906,0.99449,0.99458,1.00,2.25
2018.05.29 09:09:53.428,0.9945,0.99459,1.00,2.25
2018.05.29 09:09:53.894,0.9945,0.99457,1.00,1.00
2018.05.29 09:09:54.418,0.9945,0.99458,1.00,1.00
2018.05.29 09:09:54.719,0.99449,0.99456,1.00,1.00
2018.05.29 09:09:54.772,0.9945,0.99458,1.00,2.25
2018.05.29 09:09:54.825,0.9945,0.99456,1.00,1.00
2018.05.29 09:09:54.878,0.99448,0.99456,1.00,2.25
2018.05.29 09:09:58.008,0.99448,0.99452,1.00,1.00
2018.05.29 09:09:58.060,0.9944,0.99448,2.51,1.50
2018.05.29 09:09:58.164,0.99439,0.99445,1.00,1.00
2018.05.29 09:09:58.598,0.99438,0.99447,1.12,1.50
2018.05.29 09:09:58.916,0.99436,0.99443,1.01,1.00
2018.05.29 09:09:59.455,0.99435,0.99444,1.50,1.12
2018.05.29 09:09:59.853,0.99433,0.9944,1.56,1.00
2018.05.29 09:10:00.115,0.99436,0.99444,1.50,1.00
2018.05.29 09:10:00.345,0.99435,0.99443,1.00,1.37
2018.05.29 09:10:00.864,0.99432,0.99439,1.70,1.12
2018.05.29 09:10:00.977,0.99432,0.99439,1.00,1.50
2018.05.29 09:10:01.038,0.99434,0.99444,1.29,1.87
2018.05.29 09:10:01.091,0.99435,0.99443,1.00,1.12
2018.05.29 09:10:01.248,0.99437,0.99443,1.00,1.00
2018.05.29 09:10:01.406,0.99435,0.99444,1.10,1.37
2018.05.29 09:10:01.784,0.99437,0.99445,1.00,1.50
2018.05.29 09:10:02.304,0.99437,0.99446,1.00,2.44
2018.05.29 09:10:02.850,0.99438,0.99446,1.00,1.62
2018.05.29 09:10:03.980,0.99439,0.99447,1.00,1.62
2018.05.29 09:10:04.034,0.99439,0.99448,1.00,1.69
2018.05.29 09:10:04.140,0.99439,0.99447,1.00,1.37
2018.05.29 09:10:04.297,0.99437,0.99446,1.10,1.37
2018.05.29 09:10:05.012,0.99438,0.99446,1.00,1.87
2018.05.29 09:10:05.220,0.99438,0.99446,1.00,1.87
2018.05.29 09:10:05.489,0.99438,0.99446,1.00,1.37
2018.05.29 09:10:05.541,0.99438,0.99446,1.00,1.37
2018.05.29 09:10:06.003,0.99437,0.99441,1.00,1.00
2018.05.29 09:10:06.111,0.99436,0.99441,1.20,1.00
2018.05.29 09:10:09.466,0.99435,0.99441,1.00,1.00
2018.05.29 09:10:21.078,0.99434,0.99441,1.00,1.00
2018.05.29 09:10:22.868,0.99434,0.99442,1.10,1.00
2018.05.29 09:10:23.427,0.99434,0.99441,1.10,1.00
2018.05.29 09:10:24.664,0.99434,0.99442,1.50,1.25
2018.05.29 09:10:24.723,0.99434,0.99441,1.50,1.37
2018.05.29 09:10:25.255,0.99434,0.99441,1.87,1.00
2018.05.29 09:10:25.892,0.99434,0.99441,1.37,1.00
2018.05.29 09:10:28.577,0.99434,0.99442,1.37,1.00
2018.05.29 09:10:32.698,0.99434,0.99441,1.37,1.00
2018.05.29 09:10:34.495,0.99434,0.99442,1.37,1.00
2018.05.29 09:10:35.051,0.99434,0.99441,2.62,1.00
2018.05.29 09:10:35.721,0.99436,0.99441,1.00,1.00
2018.05.29 09:10:36.280,0.99435,0.99441,1.12,1.00
2018.05.29 09:10:40.894,0.99435,0.99442,1.00,1.00
2018.05.29 09:10:41.632,0.99435,0.99441,1.00,1.00
2018.05.29 09:10:48.377,0.99435,0.99441,1.37,1.00
2018.05.29 09:10:49.439,0.99437,0.99442,1.37,1.00
2018.05.29 09:10:49.666,0.9944,0.99449,1.00,3.19
2018.05.29 09:10:50.685,0.99436,0.99441,1.62,1.00
2018.05.29 09:10:50.744,0.99434,0.9944,1.50,1.00
2018.05.29 09:10:51.155,0.99434,0.99443,1.00,2.44
2018.05.29 09:10:51.518,0.99436,0.99445,1.00,3.56
2018.05.29 09:10:52.022,0.99436,0.99445,1.00,2.06
2018.05.29 09:10:53.182,0.99436,0.99444,1.00,1.00
2018.05.29 09:10:53.969,0.99436,0.99445,1.00,1.50
2018.05.29 09:10:54.925,0.99437,0.99445,1.00,1.00
2018.05.29 09:10:55.953,0.99441,0.99451,1.00,3.00
2018.05.29 09:10:56.381,0.99442,0.99451,1.37,1.00
2018.05.29 09:10:56.921,0.99443,0.99452,1.12,1.00
2018.05.29 09:10:57.516,0.99444,0.99452,1.00,1.00
2018.05.29 09:10:57.676,0.99445,0.99455,1.00,2.62
2018.05.29 09:10:57.730,0.99447,0.99455,1.00,1.00
2018.05.29 09:10:57.836,0.99447,0.99457,1.00,2.81
2018.05.29 09:10:58.350,0.99447,0.99456,1.00,1.00
2018.05.29 09:10:58.905,0.99447,0.99457,1.00,1.50
2018.05.29 09:10:59.273,0.9945,0.99459,1.50,1.37
2018.05.29 09:10:59.378,0.99453,0.99463,1.12,1.50
2018.05.29 09:10:59.484,0.99454,0.99462,1.37,1.12
2018.05.29 09:11:00.023,0.99455,0.99463,1.12,3.00
2018.05.29 09:11:00.075,0.99455,0.99465,1.12,1.87
2018.05.29 09:11:00.285,0.9946,0.9947,1.00,3.00
2018.05.29 09:11:00.436,0.99462,0.99471,1.00,1.31
2018.05.29 09:11:00.962,0.99461,0.99471,1.10,2.44
2018.05.29 09:11:01.466,0.99458,0.99465,1.20,1.00
2018.05.29 09:11:01.777,0.99456,0.99465,1.00,2.44
2018.05.29 09:11:01.880,0.99456,0.99465,1.00,1.69
2018.05.29 09:11:01.985,0.99456,0.99465,1.00,2.06
2018.05.29 09:11:02.467,0.99455,0.99465,1.87,1.69
2018.05.29 09:11:02.524,0.99457,0.99465,1.00,1.69
2018.05.29 09:11:02.853,0.99456,0.99465,1.00,2.81
2018.05.29 09:11:03.023,0.99456,0.99465,1.00,2.81
2018.05.29 09:11:03.778,0.99456,0.99465,1.00,2.81
2018.05.29 09:11:03.831,0.99456,0.99465,1.00,2.06
2018.05.29 09:11:04.094,0.99456,0.99463,1.00,1.19
2018.05.29 09:11:04.404,0.99455,0.99465,1.00,4.31
2018.05.29 09:11:04.901,0.99458,0.99466,1.00,1.50
2018.05.29 09:11:05.438,0.99458,0.99466,1.00,1.31
2018.05.29 09:11:05.984,0.99458,0.99467,1.00,1.12
2018.05.29 09:11:06.530,0.99457,0.99467,1.00,1.12
2018.05.29 09:11:07.055,0.99458,0.99467,1.00,1.12
2018.05.29 09:11:07.372,0.99463,0.99474,1.87,1.00
2018.05.29 09:11:08.281,0.99464,0.99473,1.37,1.00
2018.05.29 09:11:08.333,0.99464,0.99475,1.37,3.19
2018.05.29 09:11:08.853,0.99465,0.99475,1.12,2.44
2018.05.29 09:11:09.377,0.99464,0.99475,1.37,3.19
2018.05.29 09:11:11.259,0.99465,0.99475,1.00,2.06
2018.05.29 09:11:11.805,0.99464,0.99474,1.10,1.62
2018.05.29 09:11:12.830,0.99465,0.99474,1.00,2.06
2018.05.29 09:11:14.592,0.99465,0.99473,1.00,1.37
2018.05.29 09:11:14.803,0.99463,0.99473,1.00,2.44
2018.05.29 09:11:15.342,0.99464,0.99473,1.00,2.44
2018.05.29 09:11:15.887,0.99462,0.99471,1.95,1.37
2018.05.29 09:11:17.303,0.99462,0.9947,1.47,1.00
2018.05.29 09:11:17.854,0.99464,0.99471,1.37,1.00
2018.05.29 09:11:18.582,0.99464,0.99471,1.12,1.00
2018.05.29 09:11:20.785,0.99464,0.99471,1.37,1.00
2018.05.29 09:11:20.941,0.99462,0.9947,1.12,1.00
2018.05.29 09:11:21.459,0.99463,0.99471,1.00,1.00
2018.05.29 09:11:23.180,0.99463,0.9947,1.37,1.00
2018.05.29 09:11:23.232,0.99463,0.99468,1.00,1.00
2018.05.29 09:11:23.490,0.99459,0.99466,1.07,1.00
2018.05.29 09:11:23.993,0.99457,0.99466,1.76,1.00
2018.05.29 09:11:25.672,0.99458,0.99466,1.37,1.00
2018.05.29 09:11:26.197,0.99458,0.99467,1.95,1.00
2018.05.29 09:11:26.250,0.99459,0.99467,2.14,1.00
2018.05.29 09:11:26.416,0.99461,0.9947,1.62,1.00
2018.05.29 09:11:26.938,0.99462,0.9947,1.37,1.00
2018.05.29 09:11:27.468,0.99461,0.9947,2.06,1.00
2018.05.29 09:11:27.673,0.99464,0.9947,1.37,1.00
2018.05.29 09:11:28.207,0.99464,0.99471,1.37,1.00
2018.05.29 09:11:29.202,0.99464,0.99471,1.00,1.00
2018.05.29 09:11:29.593,0.99464,0.99471,1.37,1.00
2018.05.29 09:11:29.751,0.99462,0.9947,2.06,1.00
2018.05.29 09:11:30.282,0.99464,0.99471,1.37,1.00
2018.05.29 09:11:30.595,0.99465,0.99473,1.37,1.00
2018.05.29 09:11:31.118,0.99465,0.99473,1.12,1.00
2018.05.29 09:11:32.490,0.99464,0.99473,1.12,1.50
2018.05.29 09:11:32.624,0.99466,0.99473,1.00,1.00
2018.05.29 09:11:33.762,0.99465,0.99473,1.00,1.00
2018.05.29 09:11:34.295,0.99466,0.99473,1.00,1.00
2018.05.29 09:11:34.615,0.99463,0.99469,1.12,1.00
2018.05.29 09:11:34.913,0.99461,0.99468,1.12,1.00
2018.05.29 09:11:34.982,0.99463,0.99468,1.00,1.00
2018.05.29 09:11:35.350,0.99463,0.9947,1.12,1.00
2018.05.29 09:11:35.875,0.99465,0.99473,1.00,1.12
2018.05.29 09:11:36.388,0.99465,0.99473,1.47,1.00
2018.05.29 09:11:36.917,0.99465,0.99474,1.57,1.12
2018.05.29 09:11:38.751,0.99465,0.99474,1.20,1.50
2018.05.29 09:11:38.911,0.99465,0.99473,1.20,1.19
2018.05.29 09:11:38.965,0.99464,0.99472,1.10,1.25
2018.05.29 09:11:39.700,0.99463,0.99472,1.12,1.25
2018.05.29 09:11:40.322,0.99463,0.99472,1.47,1.00
2018.05.29 09:11:40.837,0.99464,0.99473,1.95,1.00
2018.05.29 09:11:42.055,0.99463,0.99473,1.37,1.31
2018.05.29 09:11:42.569,0.99464,0.99474,1.47,1.12
2018.05.29 09:11:45.977,0.99464,0.99474,1.00,3.37
2018.05.29 09:11:46.394,0.99465,0.99475,1.37,1.00
2018.05.29 09:11:47.395,0.99465,0.99476,1.47,2.25
2018.05.29 09:11:48.555,0.99466,0.99476,1.37,2.44
2018.05.29 09:11:49.124,0.99466,0.99476,1.20,2.06
2018.05.29 09:11:49.465,0.99468,0.99476,1.00,2.06
2018.05.29 09:11:50.195,0.99468,0.99474,1.00,1.00
2018.05.29 09:11:50.247,0.99466,0.99474,1.95,1.00
2018.05.29 09:11:53.084,0.99464,0.99471,1.37,1.00
2018.05.29 09:11:53.136,0.99464,0.99473,1.87,1.00
2018.05.29 09:11:53.401,0.99464,0.99472,1.00,2.25
2018.05.29 09:11:53.902,0.99465,0.99472,1.12,1.00
2018.05.29 09:11:54.829,0.99465,0.99472,1.37,1.12
2018.05.29 09:11:55.325,0.99464,0.9947,1.00,1.00
2018.05.29 09:11:55.838,0.99463,0.9947,1.12,1.00
2018.05.29 09:11:56.990,0.99464,0.99473,1.00,3.75
2018.05.29 09:11:57.490,0.99466,0.99472,1.00,1.00
2018.05.29 09:11:57.991,0.99465,0.99473,1.12,1.00
2018.05.29 09:11:58.303,0.99467,0.99474,1.00,1.00
2018.05.29 09:11:59.134,0.99467,0.99474,1.37,1.00
2018.05.29 09:12:02.318,0.99468,0.99475,1.12,1.50
2018.05.29 09:12:03.034,0.99467,0.99475,1.37,1.00
2018.05.29 09:12:03.602,0.99467,0.99475,1.37,1.50
2018.05.29 09:12:04.478,0.99467,0.99475,1.00,1.50
2018.05.29 09:12:05.334,0.99467,0.99474,1.00,1.00
2018.05.29 09:12:05.544,0.99465,0.99474,1.12,1.50
2018.05.29 09:12:05.597,0.99465,0.99474,1.62,1.50
2018.05.29 09:12:05.757,0.99465,0.99474,1.00,2.81
2018.05.29 09:12:06.139,0.99467,0.99474,1.00,1.31
2018.05.29 09:12:07.015,0.9947,0.99476,1.00,1.12
2018.05.29 09:12:07.197,0.99471,0.99478,1.00,1.12
2018.05.29 09:12:07.250,0.99473,0.99479,1.00,1.12
2018.05.29 09:12:07.838,0.99473,0.99481,1.00,1.62
2018.05.29 09:12:09.138,0.99473,0.99479,1.00,1.50
2018.05.29 09:12:09.419,0.99465,0.99474,1.45,2.25
2018.05.29 09:12:09.472,0.99467,0.99473,1.50,1.31
2018.05.29 09:12:09.630,0.99465,0.99472,1.00,1.25
2018.05.29 09:12:09.735,0.99465,0.9947,1.00,1.00
2018.05.29 09:12:09.840,0.99465,0.99474,1.00,2.44
2018.05.29 09:12:10.387,0.99466,0.99474,1.50,1.31
2018.05.29 09:12:10.897,0.99468,0.99474,1.00,1.12
2018.05.29 09:12:11.246,0.99471,0.99477,1.00,1.00
2018.05.29 09:12:11.568,0.99469,0.99475,1.00,3.19
2018.05.29 09:12:11.753,0.99467,0.99474,1.00,1.00
2018.05.29 09:12:12.327,0.99465,0.99474,1.50,3.94
2018.05.29 09:12:12.585,0.99465,0.99474,1.50,2.44
2018.05.29 09:12:12.873,0.99467,0.99474,1.00,1.31
2018.05.29 09:12:13.337,0.99466,0.99473,1.00,2.81
2018.05.29 09:12:13.852,0.99465,0.99473,1.00,1.87
2018.05.29 09:12:15.219,0.99465,0.99472,1.00,1.00
2018.05.29 09:12:15.764,0.99461,0.99472,4.05,3.94
2018.05.29 09:12:16.291,0.99461,0.9947,2.92,1.12
2018.05.29 09:12:16.642,0.99461,0.99469,2.92,1.62
2018.05.29 09:12:16.799,0.99458,0.99468,1.67,2.06
2018.05.29 09:12:17.319,0.99456,0.99467,3.86,1.37
2018.05.29 09:12:17.423,0.99457,0.99468,1.67,2.62
2018.05.29 09:12:19.426,0.99457,0.99468,2.17,2.44
2018.05.29 09:12:19.948,0.99457,0.99468,2.17,2.25
2018.05.29 09:12:20.637,0.99457,0.99468,2.17,3.00
2018.05.29 09:12:22.301,0.99456,0.99467,4.05,1.87
2018.05.29 09:12:22.842,0.99457,0.99467,1.67,1.37
2018.05.29 09:12:27.774,0.9946,0.99467,1.00,2.06
2018.05.29 09:12:28.383,0.9946,0.99466,1.00,1.00
2018.05.29 09:12:29.180,0.99459,0.99466,1.00,1.00
2018.05.29 09:12:33.525,0.99459,0.99466,1.00,1.37
2018.05.29 09:12:34.090,0.99459,0.99465,1.00,1.37
2018.05.29 09:12:34.795,0.99459,0.99465,1.00,1.50
2018.05.29 09:12:35.101,0.99459,0.99464,1.00,1.37
2018.05.29 09:12:35.623,0.99459,0.99464,1.00,1.12
2018.05.29 09:12:36.743,0.99459,0.99464,1.00,1.37
2018.05.29 09:12:37.828,0.99457,0.99461,1.00,1.25
2018.05.29 09:12:37.935,0.9945,0.99457,1.00,1.00
2018.05.29 09:12:38.565,0.99451,0.99458,1.00,1.50
2018.05.29 09:12:40.083,0.9945,0.99458,1.00,2.25
2018.05.29 09:12:42.517,0.9945,0.99458,1.00,3.00
2018.05.29 09:12:43.424,0.9945,0.99456,1.00,1.37
2018.05.29 09:12:43.959,0.99449,0.99456,1.00,1.50
2018.05.29 09:12:44.542,0.9945,0.99456,1.00,1.37
2018.05.29 09:12:46.325,0.99447,0.99454,1.00,1.12
2018.05.29 09:12:46.432,0.99446,0.99452,1.00,1.12
2018.05.29 09:12:46.490,0.99444,0.99452,1.00,1.12
2018.05.29 09:12:46.901,0.99443,0.99449,1.00,1.00
2018.05.29 09:12:47.268,0.99441,0.99449,1.00,2.62
2018.05.29 09:12:48.698,0.99441,0.99448,1.00,1.37
2018.05.29 09:12:49.120,0.99439,0.99447,1.00,2.62
2018.05.29 09:12:49.622,0.9944,0.99447,1.00,1.87
2018.05.29 09:12:51.697,0.99439,0.99447,1.00,2.81
2018.05.29 09:12:52.229,0.9944,0.99448,1.00,4.87
2018.05.29 09:12:53.822,0.99439,0.99446,1.00,1.50
2018.05.29 09:12:54.353,0.99439,0.99446,1.00,1.50
2018.05.29 09:12:57.249,0.9944,0.99446,1.00,1.00
2018.05.29 09:12:57.788,0.9944,0.99446,1.00,2.25
2018.05.29 09:12:58.048,0.99439,0.99447,1.00,3.00
2018.05.29 09:13:00.061,0.9944,0.99447,1.00,1.00
2018.05.29 09:13:03.030,0.99439,0.99447,1.00,2.62
2018.05.29 09:13:03.550,0.9944,0.99447,1.00,1.50
2018.05.29 09:13:04.334,0.9944,0.99448,1.00,2.25
2018.05.29 09:13:04.870,0.9944,0.99447,1.00,1.00
2018.05.29 09:13:05.402,0.9944,0.99448,1.00,3.75
2018.05.29 09:13:06.769,0.99441,0.99448,1.00,1.12
2018.05.29 09:13:07.290,0.9944,0.99448,1.00,3.75
2018.05.29 09:13:08.175,0.99441,0.99448,1.00,2.25
2018.05.29 09:13:08.566,0.99439,0.99447,1.00,1.12
2018.05.29 09:13:09.135,0.9944,0.99448,1.00,4.87
2018.05.29 09:13:09.951,0.9944,0.99448,1.00,3.75
2018.05.29 09:13:10.795,0.9944,0.99448,1.00,3.37
2018.05.29 09:13:11.310,0.9944,0.99448,1.00,3.37
2018.05.29 09:13:13.240,0.99439,0.99447,1.00,2.62
2018.05.29 09:13:13.810,0.9944,0.99447,1.00,2.62
2018.05.29 09:13:14.362,0.99439,0.99447,1.00,2.62
2018.05.29 09:13:14.881,0.9944,0.99447,1.00,2.62
2018.05.29 09:13:15.424,0.99439,0.99447,1.00,2.62
2018.05.29 09:13:15.972,0.9944,0.99446,1.00,1.12
2018.05.29 09:13:16.074,0.99438,0.99446,1.50,1.12
2018.05.29 09:13:16.608,0.99439,0.99446,1.00,1.12
2018.05.29 09:13:17.474,0.9944,0.99447,1.00,1.87
2018.05.29 09:13:17.996,0.99439,0.99447,1.00,1.87
2018.05.29 09:13:18.556,0.9944,0.99448,1.00,4.12
2018.05.29 09:13:20.556,0.99439,0.99448,1.50,6.00
2018.05.29 09:13:21.297,0.99439,0.99448,1.25,4.50
2018.05.29 09:13:21.350,0.99442,0.9945,1.00,3.00
2018.05.29 09:13:21.405,0.99442,0.9945,1.00,1.87
2018.05.29 09:13:21.512,0.99444,0.99451,1.00,1.12
2018.05.29 09:13:22.047,0.99444,0.9945,1.00,1.00
2018.05.29 09:13:22.468,0.99442,0.9945,1.00,2.62
2018.05.29 09:13:22.633,0.99442,0.99449,1.00,2.25
2018.05.29 09:13:23.144,0.99443,0.9945,1.00,1.87
2018.05.29 09:13:23.196,0.99443,0.99451,1.00,5.06
2018.05.29 09:13:23.735,0.99444,0.99452,1.00,2.25
2018.05.29 09:13:24.413,0.99443,0.99451,1.00,2.25
2018.05.29 09:13:26.373,0.99443,0.9945,1.00,1.37
2018.05.29 09:13:26.804,0.99442,0.99449,1.00,2.25
2018.05.29 09:13:27.015,0.9944,0.99449,1.00,2.62
2018.05.29 09:13:28.157,0.9944,0.99449,1.00,1.87
2018.05.29 09:13:28.476,0.99442,0.99449,1.00,1.12
2018.05.29 09:13:28.986,0.99442,0.99449,1.00,1.50
2018.05.29 09:13:29.506,0.99441,0.99449,1.00,2.25
2018.05.29 09:13:30.051,0.99442,0.99449,1.00,1.50
2018.05.29 09:13:30.697,0.99443,0.9945,1.00,1.37
2018.05.29 09:13:31.011,0.99441,0.99449,1.00,2.25
2018.05.29 09:13:31.555,0.99441,0.99449,1.00,1.87
2018.05.29 09:13:32.170,0.99442,0.99449,1.00,1.00
2018.05.29 09:13:32.695,0.99441,0.99448,1.00,1.00
2018.05.29 09:13:34.504,0.99441,0.99449,1.00,1.12
2018.05.29 09:13:34.956,0.99443,0.99451,1.00,3.75
2018.05.29 09:13:35.658,0.99444,0.99451,1.00,1.00
2018.05.29 09:13:35.921,0.99442,0.99451,1.00,1.00
2018.05.29 09:13:36.994,0.99442,0.9945,1.00,1.00
2018.05.29 09:13:37.426,0.9944,0.99448,1.00,1.00
2018.05.29 09:13:39.640,0.9944,0.99449,1.00,2.25
2018.05.29 09:13:39.977,0.99442,0.99449,1.00,1.50
2018.05.29 09:13:41.711,0.99441,0.99449,1.00,1.12
2018.05.29 09:13:42.080,0.99443,0.9945,1.00,1.87
2018.05.29 09:13:42.541,0.99445,0.99451,1.00,1.87
2018.05.29 09:13:43.960,0.99445,0.99452,1.00,1.00
2018.05.29 09:13:44.482,0.99446,0.99452,1.00,1.00
2018.05.29 09:13:45.075,0.99445,0.99454,1.00,2.25
2018.05.29 09:13:47.603,0.99445,0.99453,1.00,1.50
2018.05.29 09:13:49.037,0.99447,0.99454,1.00,1.50
2018.05.29 09:13:49.557,0.99446,0.99454,1.00,1.37
2018.05.29 09:13:52.207,0.99447,0.99454,1.00,1.50
2018.05.29 09:13:52.721,0.99446,0.99454,1.00,1.50
2018.05.29 09:13:53.259,0.99447,0.99454,1.00,1.37
2018.05.29 09:13:53.864,0.99446,0.99454,1.00,1.37
2018.05.29 09:13:54.386,0.99447,0.99455,1.00,3.37
2018.05.29 09:13:56.167,0.99448,0.99455,1.00,2.62
2018.05.29 09:13:56.360,0.9945,0.99457,1.00,1.75
2018.05.29 09:13:57.221,0.9945,0.99456,1.00,1.00
2018.05.29 09:13:57.861,0.99449,0.99456,1.00,1.37
2018.05.29 09:13:58.384,0.99449,0.99457,1.00,1.87
2018.05.29 09:13:58.940,0.9945,0.99457,1.00,2.06
2018.05.29 09:14:03.254,0.99446,0.99457,2.62,1.31
2018.05.29 09:14:03.357,0.99445,0.99457,4.31,3.56
2018.05.29 09:14:03.410,0.99445,0.99455,2.44,1.50
2018.05.29 09:14:05.416,0.99444,0.99455,2.81,1.50
2018.05.29 09:14:06.001,0.99445,0.99456,2.44,3.75
2018.05.29 09:14:06.521,0.99446,0.99456,1.50,2.81
2018.05.29 09:14:06.646,0.99446,0.99457,1.50,3.56
2018.05.29 09:14:07.483,0.99447,0.99457,1.87,1.50
2018.05.29 09:14:07.588,0.99449,0.9946,3.97,1.87
2018.05.29 09:14:08.112,0.99451,0.99461,1.50,1.37
2018.05.29 09:14:09.419,0.99451,0.99461,1.87,1.37
2018.05.29 09:14:09.684,0.99451,0.99461,1.25,1.25
2018.05.29 09:14:09.741,0.99451,0.99463,4.69,2.81
2018.05.29 09:14:10.214,0.99456,0.99464,1.00,1.25
2018.05.29 09:14:10.729,0.99456,0.99465,1.00,1.69
2018.05.29 09:14:11.261,0.99456,0.99465,1.00,2.06
2018.05.29 09:14:11.834,0.99456,0.99465,1.00,2.06
2018.05.29 09:14:12.198,0.99459,0.99468,1.00,4.31
2018.05.29 09:14:12.302,0.99456,0.99468,3.97,4.31
2018.05.29 09:14:12.561,0.99459,0.99468,1.00,4.31
2018.05.29 09:14:12.908,0.99459,0.99468,1.00,3.56
2018.05.29 09:14:13.147,0.99461,0.99469,1.00,3.56
2018.05.29 09:14:13.410,0.99456,0.99466,2.44,1.25
2018.05.29 09:14:13.543,0.99459,0.99467,1.00,1.69
2018.05.29 09:14:13.704,0.99456,0.99468,1.69,3.19
2018.05.29 09:14:13.757,0.99459,0.99468,1.00,1.69
2018.05.29 09:14:13.864,0.99456,0.99468,3.37,3.19
2018.05.29 09:14:13.917,0.99459,0.99468,1.00,2.44
2018.05.29 09:14:14.024,0.99455,0.99467,4.39,2.81
2018.05.29 09:14:14.511,0.99459,0.99467,1.00,2.25
2018.05.29 09:14:14.617,0.99456,0.99467,1.12,1.00
2018.05.29 09:14:14.721,0.99459,0.99467,1.00,1.00
2018.05.29 09:14:14.826,0.99455,0.99466,2.81,1.00
2018.05.29 09:14:15.352,0.99455,0.99466,3.19,1.00
2018.05.29 09:14:16.619,0.99455,0.99466,1.00,2.44
2018.05.29 09:14:17.291,0.99455,0.99465,1.69,1.00
2018.05.29 09:14:17.775,0.99459,0.99466,1.00,1.00
2018.05.29 09:14:17.828,0.99456,0.99466,2.25,1.00
2018.05.29 09:14:17.934,0.99459,0.99467,1.00,1.87
2018.05.29 09:14:18.088,0.99459,0.99469,1.25,1.00
2018.05.29 09:14:18.233,0.99463,0.99469,1.00,1.00
2018.05.29 09:14:18.338,0.99464,0.99472,1.00,1.50
2018.05.29 09:14:18.443,0.99466,0.99472,1.00,1.00
2018.05.29 09:14:18.981,0.99465,0.99477,1.31,4.12
2018.05.29 09:14:19.236,0.99465,0.99474,1.31,1.12
2018.05.29 09:14:19.705,0.99465,0.99476,1.31,1.00
2018.05.29 09:14:19.939,0.99469,0.99476,1.00,1.00
2018.05.29 09:14:20.411,0.9947,0.99479,1.69,1.00
2018.05.29 09:14:20.567,0.99474,0.9948,1.00,1.00
2018.05.29 09:14:20.778,0.9947,0.99481,1.69,2.06
2018.05.29 09:14:20.831,0.99474,0.99481,1.00,2.06
2018.05.29 09:14:21.411,0.9947,0.99481,1.69,2.06
2018.05.29 09:14:21.464,0.99474,0.99481,1.00,1.62
2018.05.29 09:14:24.373,0.99476,0.99482,1.00,1.50
2018.05.29 09:14:24.426,0.99474,0.99484,1.25,2.06
2018.05.29 09:14:24.984,0.99476,0.99485,1.00,4.31
2018.05.29 09:14:25.090,0.99473,0.99485,2.44,4.31
2018.05.29 09:14:25.355,0.99474,0.99485,1.25,2.06
2018.05.29 09:14:25.622,0.99478,0.99487,2.44,1.50
2018.05.29 09:14:25.675,0.99479,0.99487,1.00,1.12
2018.05.29 09:14:26.041,0.9948,0.9949,1.00,1.87
2018.05.29 09:14:26.094,0.99478,0.9949,2.25,5.06
2018.05.29 09:14:26.683,0.99478,0.99488,1.00,1.37
2018.05.29 09:14:26.786,0.99476,0.99487,1.00,1.87
2018.05.29 09:14:26.838,0.99479,0.99487,1.00,2.06
2018.05.29 09:14:26.993,0.99474,0.99485,2.06,1.12
2018.05.29 09:14:27.514,0.99475,0.99485,1.00,1.69
2018.05.29 09:14:28.131,0.99475,0.99485,1.00,2.06
2018.05.29 09:14:28.683,0.99476,0.99485,1.00,2.44
2018.05.29 09:14:28.851,0.99476,0.99486,1.00,2.06
2018.05.29 09:14:29.113,0.99479,0.99487,1.00,1.62
2018.05.29 09:14:29.166,0.99476,0.99488,1.69,2.44
2018.05.29 09:14:29.685,0.99475,0.99487,2.44,2.44
2018.05.29 09:14:30.299,0.99476,0.99487,1.00,2.44
2018.05.29 09:14:30.803,0.99475,0.99486,1.25,1.12
2018.05.29 09:14:31.406,0.99475,0.99486,1.50,1.37
2018.05.29 09:14:31.618,0.99476,0.99483,1.00,1.00
2018.05.29 09:14:32.228,0.99475,0.99486,1.00,2.81
2018.05.29 09:14:32.281,0.99473,0.99484,1.54,1.12
2018.05.29 09:14:32.337,0.99476,0.99484,1.00,1.25
2018.05.29 09:14:32.601,0.99474,0.99484,1.00,1.37
2018.05.29 09:14:32.653,0.99472,0.99483,1.87,1.50
2018.05.29 09:14:32.860,0.99473,0.99484,1.60,2.81
2018.05.29 09:14:33.122,0.99471,0.99483,1.87,1.00
2018.05.29 09:14:33.352,0.99474,0.99483,1.00,1.00
2018.05.29 09:14:33.507,0.99471,0.99483,1.37,1.87
2018.05.29 09:14:33.611,0.99474,0.99482,1.00,1.12
2018.05.29 09:14:33.714,0.99471,0.99482,1.00,2.06
2018.05.29 09:14:33.766,0.99474,0.99482,1.00,1.00
2018.05.29 09:14:33.870,0.99471,0.99483,1.12,1.62
2018.05.29 09:14:34.057,0.99474,0.99483,1.00,1.37
2018.05.29 09:14:34.212,0.99471,0.99482,1.00,1.00
2018.05.29 09:14:34.316,0.99474,0.99483,1.00,1.87
2018.05.29 09:14:34.367,0.99471,0.99482,1.50,1.12
2018.05.29 09:14:34.419,0.99474,0.99482,1.00,1.12
2018.05.29 09:14:34.522,0.99471,0.99482,1.50,1.12
2018.05.29 09:14:34.574,0.99474,0.99482,1.00,1.12
2018.05.29 09:14:35.082,0.99473,0.99483,1.00,1.50
2018.05.29 09:14:36.381,0.99473,0.99484,1.00,1.31
2018.05.29 09:14:37.090,0.99473,0.99483,1.00,1.00
2018.05.29 09:14:37.668,0.99473,0.99483,1.00,3.19
2018.05.29 09:14:37.773,0.99471,0.99482,1.69,1.19
2018.05.29 09:14:37.880,0.99474,0.99482,1.00,1.00
2018.05.29 09:14:38.195,0.99472,0.99484,1.25,1.87
2018.05.29 09:14:38.403,0.99473,0.99485,1.25,2.62
2018.05.29 09:14:38.746,0.99473,0.99484,1.00,2.62
2018.05.29 09:14:39.414,0.99473,0.99483,1.00,1.37
2018.05.29 09:14:39.733,0.99469,0.99481,1.25,3.19
2018.05.29 09:14:39.785,0.99471,0.99481,1.00,3.19
2018.05.29 09:14:40.492,0.99469,0.9948,2.29,1.00
2018.05.29 09:14:40.544,0.99471,0.9948,1.00,1.50
2018.05.29 09:14:40.853,0.99465,0.99476,2.89,1.00
2018.05.29 09:14:41.183,0.99465,0.99476,3.37,1.00
2018.05.29 09:14:41.654,0.99465,0.99477,1.50,5.81
2018.05.29 09:14:41.875,0.99466,0.99476,1.00,1.00
2018.05.29 09:14:42.139,0.99469,0.99477,1.00,1.37
2018.05.29 09:14:42.244,0.99465,0.99477,5.06,1.50
2018.05.29 09:14:42.349,0.99469,0.99476,1.00,1.00
2018.05.29 09:14:42.401,0.99466,0.99478,1.31,3.56
2018.05.29 09:14:42.505,0.99469,0.99476,1.00,1.62
2018.05.29 09:14:42.646,0.99469,0.99477,1.00,3.56
2018.05.29 09:14:42.697,0.99464,0.99475,3.64,1.00
2018.05.29 09:14:42.749,0.99466,0.99475,1.00,1.00
2018.05.29 09:14:43.060,0.99466,0.99475,1.00,1.37
2018.05.29 09:14:43.112,0.99466,0.99475,1.00,1.12
2018.05.29 09:14:43.635,0.99465,0.99476,1.25,3.00
2018.05.29 09:14:43.739,0.99465,0.99476,1.25,2.62
2018.05.29 09:14:44.385,0.99466,0.99476,1.50,1.12
2018.05.29 09:14:44.594,0.99468,0.99476,1.00,1.87
2018.05.29 09:14:44.707,0.99465,0.99476,1.69,1.87
2018.05.29 09:14:45.215,0.99465,0.99475,1.00,1.12
2018.05.29 09:14:45.864,0.99465,0.99476,1.25,1.87
2018.05.29 09:14:46.125,0.99469,0.99477,1.00,1.69
2018.05.29 09:14:46.372,0.99465,0.99476,2.81,1.00
2018.05.29 09:14:46.476,0.99469,0.99476,1.00,1.12
2018.05.29 09:14:46.580,0.99464,0.99475,3.19,1.50
2018.05.29 09:14:46.632,0.99466,0.99475,1.00,1.69
2018.05.29 09:14:47.167,0.99465,0.99475,1.00,1.87
2018.05.29 09:14:50.251,0.99465,0.99474,1.00,1.00
2018.05.29 09:14:52.840,0.99466,0.99474,1.00,1.12
2018.05.29 09:14:53.380,0.99465,0.99474,1.69,1.12
2018.05.29 09:14:54.320,0.99464,0.99474,3.19,1.00
2018.05.29 09:14:55.022,0.99464,0.99474,3.37,1.00
2018.05.29 09:14:55.559,0.99464,0.99474,3.19,1.00
2018.05.29 09:14:56.101,0.99464,0.99474,3.37,1.00
2018.05.29 09:14:56.472,0.99465,0.99476,1.69,2.25
2018.05.29 09:14:56.830,0.99469,0.99477,1.00,2.06
2018.05.29 09:14:57.075,0.99466,0.99478,1.50,3.37
2018.05.29 09:14:57.180,0.99469,0.99478,1.00,3.37
2018.05.29 09:14:57.284,0.99469,0.9948,1.25,1.37
2018.05.29 09:14:57.387,0.9947,0.9948,1.00,1.12
2018.05.29 09:15:00.252,0.99474,0.9948,1.00,1.12
2018.05.29 09:15:01.175,0.99474,0.99481,1.00,1.00
2018.05.29 09:15:01.712,0.99475,0.99481,1.00,1.00
2018.05.29 09:15:02.677,0.99472,0.9948,1.00,1.00
2018.05.29 09:15:02.734,0.99475,0.99482,1.00,1.62
2018.05.29 09:15:03.099,0.99473,0.99481,1.00,2.06
2018.05.29 09:15:03.640,0.99473,0.99479,1.00,1.12
2018.05.29 09:15:03.850,0.9947,0.99476,1.00,1.12
2018.05.29 09:15:04.391,0.99469,0.99476,1.50,1.00
2018.05.29 09:15:04.602,0.9947,0.99479,1.50,1.12
2018.05.29 09:15:05.121,0.99471,0.9948,1.00,1.37
2018.05.29 09:15:06.461,0.99472,0.99482,1.00,2.62
2018.05.29 09:15:06.962,0.99471,0.99481,1.00,1.37
2018.05.29 09:15:07.508,0.99472,0.99481,1.00,1.50
2018.05.29 09:15:08.058,0.99471,0.99481,1.50,1.50
2018.05.29 09:15:08.580,0.99471,0.99481,1.00,1.50
2018.05.29 09:15:09.103,0.99471,0.99481,1.25,1.00
2018.05.29 09:15:09.267,0.99474,0.99481,1.50,1.00
2018.05.29 09:15:09.770,0.99474,0.99482,1.50,1.12
2018.05.29 09:15:20.327,0.99478,0.99485,2.10,2.06
2018.05.29 09:15:20.433,0.99479,0.99489,1.25,1.39
2018.05.29 09:15:20.701,0.99477,0.99487,1.00,1.56
2018.05.29 09:15:20.922,0.99474,0.99485,1.25,2.62
2018.05.29 09:15:20.978,0.99476,0.99485,1.00,2.62
2018.05.29 09:15:21.503,0.99476,0.99483,1.00,1.12
2018.05.29 09:15:21.681,0.99474,0.99482,1.00,3.19
2018.05.29 09:15:21.889,0.99474,0.9948,1.00,1.12
2018.05.29 09:15:21.996,0.99474,0.99482,1.35,1.12
2018.05.29 09:15:22.404,0.99473,0.99484,1.00,1.10
2018.05.29 09:15:22.953,0.99473,0.99483,1.00,1.20
2018.05.29 09:15:23.465,0.99473,0.99482,1.00,1.00
2018.05.29 09:15:24.144,0.99474,0.99482,1.00,1.00
2018.05.29 09:15:26.310,0.99473,0.99482,1.00,1.87
2018.05.29 09:15:28.021,0.99476,0.99483,1.00,1.12
2018.05.29 09:15:28.539,0.99475,0.99483,1.00,1.12
2018.05.29 09:15:29.241,0.99474,0.99483,1.00,2.44
2018.05.29 09:15:29.632,0.99469,0.99476,2.25,3.56
2018.05.29 09:15:29.687,0.99464,0.99471,1.00,1.76
2018.05.29 09:15:29.896,0.99459,0.99471,1.37,4.69
2018.05.29 09:15:29.949,0.99462,0.9947,1.00,1.57
2018.05.29 09:15:30.263,0.99464,0.99471,1.00,2.32
2018.05.29 09:15:30.492,0.99463,0.99473,1.50,1.45
2018.05.29 09:15:31.018,0.99468,0.99476,1.54,1.37
2018.05.29 09:15:31.198,0.99469,0.9948,1.19,2.07
2018.05.29 09:15:31.404,0.99469,0.99481,1.25,3.64
2018.05.29 09:15:31.765,0.99471,0.99481,1.00,1.47
2018.05.29 09:15:32.508,0.99471,0.99481,1.00,2.14
2018.05.29 09:15:32.768,0.99469,0.9948,1.00,1.69
2018.05.29 09:15:33.131,0.99468,0.99476,1.69,1.00
2018.05.29 09:15:33.395,0.99465,0.99475,1.87,1.00
2018.05.29 09:15:33.576,0.99468,0.99476,2.25,1.29
2018.05.29 09:15:33.735,0.9947,0.99479,2.25,1.00
2018.05.29 09:15:34.264,0.99471,0.99479,1.00,1.00
2018.05.29 09:15:34.522,0.99471,0.99481,1.00,1.95
2018.05.29 09:15:35.179,0.9947,0.99481,3.94,1.57
2018.05.29 09:15:36.028,0.99471,0.99482,1.19,2.70
2018.05.29 09:15:37.221,0.99472,0.99483,2.44,2.70
2018.05.29 09:15:37.772,0.99472,0.99483,4.87,1.50
2018.05.29 09:15:37.962,0.99479,0.99489,1.00,2.14
2018.05.29 09:15:38.272,0.99477,0.99488,3.00,1.75
2018.05.29 09:15:38.426,0.99475,0.99487,2.62,1.95
2018.05.29 09:15:41.475,0.99475,0.99486,2.25,1.20
2018.05.29 09:15:43.367,0.99474,0.99486,1.69,4.01
2018.05.29 09:15:43.995,0.99473,0.99483,2.44,1.00
2018.05.29 09:15:44.537,0.99473,0.99483,1.69,1.00
2018.05.29 09:15:45.382,0.99472,0.99482,1.31,1.00
2018.05.29 09:15:45.436,0.99471,0.99482,2.06,1.00
2018.05.29 09:15:45.937,0.9947,0.99482,3.37,1.45
2018.05.29 09:15:46.502,0.9947,0.99482,3.37,1.57
2018.05.29 09:15:47.028,0.9947,0.9948,3.19,1.00
2018.05.29 09:15:47.403,0.99471,0.9948,1.19,1.00
2018.05.29 09:15:47.560,0.99478,0.99487,5.44,1.00
2018.05.29 09:15:49.111,0.99479,0.99487,1.19,1.00
2018.05.29 09:15:49.637,0.99479,0.99488,1.69,1.12
2018.05.29 09:15:50.075,0.99479,0.99486,1.19,1.00
2018.05.29 09:15:50.610,0.99479,0.99486,1.19,1.00
2018.05.29 09:15:51.222,0.99479,0.99488,1.69,1.20
2018.05.29 09:15:52.627,0.99482,0.99489,1.00,1.00
2018.05.29 09:15:52.786,0.9948,0.99489,1.31,1.00
2018.05.29 09:15:53.217,0.99478,0.99488,1.19,1.37
2018.05.29 09:15:53.273,0.99477,0.99487,4.12,1.12
2018.05.29 09:15:53.794,0.99478,0.99486,2.44,1.00
2018.05.29 09:15:54.363,0.99478,0.99487,2.44,1.00
2018.05.29 09:15:55.107,0.99478,0.99486,2.44,1.00
2018.05.29 09:15:56.104,0.99478,0.99488,1.69,1.20
2018.05.29 09:15:57.879,0.99478,0.99487,1.69,1.00
2018.05.29 09:15:58.297,0.9948,0.99488,1.19,1.00
2018.05.29 09:15:58.834,0.9948,0.9949,2.62,1.10
2018.05.29 09:15:59.376,0.99481,0.99491,3.56,1.10
2018.05.29 09:16:02.162,0.99488,0.99492,1.00,1.00
2018.05.29 09:16:02.216,0.99485,0.99494,1.25,1.20
2018.05.29 09:16:02.344,0.99487,0.99494,1.31,1.00
2018.05.29 09:16:02.447,0.99484,0.99492,1.00,1.00
2018.05.29 09:16:02.955,0.99483,0.99492,4.50,1.00
2018.05.29 09:16:03.937,0.99481,0.99493,6.56,1.20
2018.05.29 09:16:04.168,0.99486,0.99495,2.44,1.57
2018.05.29 09:16:04.271,0.99486,0.99496,2.44,1.50
2018.05.29 09:16:05.234,0.99485,0.99494,1.00,2.06
2018.05.29 09:16:05.297,0.99484,0.99493,1.00,1.39
2018.05.29 09:16:05.561,0.99481,0.99493,2.81,1.57
2018.05.29 09:16:06.105,0.99483,0.99493,1.87,1.57
2018.05.29 09:16:06.314,0.99483,0.99494,8.06,1.57
2018.05.29 09:16:06.721,0.99486,0.99496,1.00,1.70
2018.05.29 09:16:07.212,0.99487,0.99493,2.06,1.00
2018.05.29 09:16:07.368,0.99479,0.99489,1.25,1.25
2018.05.29 09:16:07.628,0.99478,0.99488,1.12,1.76
2018.05.29 09:16:08.170,0.99479,0.99488,1.00,1.57
2018.05.29 09:16:08.326,0.9948,0.99491,1.25,1.95
2018.05.29 09:16:09.168,0.9948,0.99491,1.19,1.57
2018.05.29 09:16:09.679,0.9948,0.99491,1.25,1.57
2018.05.29 09:16:10.775,0.9948,0.99491,1.69,1.47
2018.05.29 09:16:11.290,0.99479,0.9949,4.31,1.12
2018.05.29 09:16:11.837,0.99479,0.9949,3.19,1.95
2018.05.29 09:16:12.365,0.99479,0.9949,3.19,1.95
2018.05.29 09:16:12.885,0.99479,0.9949,2.44,1.95
2018.05.29 09:16:13.635,0.99479,0.99488,2.44,1.00
2018.05.29 09:16:14.212,0.99479,0.99488,1.69,1.00
2018.05.29 09:16:14.763,0.99479,0.99488,1.50,1.00
2018.05.29 09:16:15.596,0.99478,0.99485,1.19,1.00
2018.05.29 09:16:15.803,0.99475,0.99484,2.44,1.00
2018.05.29 09:16:15.856,0.99478,0.99484,1.00,1.00
2018.05.29 09:16:16.405,0.99477,0.99485,3.19,1.00
2018.05.29 09:16:16.611,0.99478,0.99487,4.12,1.00
2018.05.29 09:16:16.715,0.9948,0.99487,1.25,1.10
2018.05.29 09:16:17.273,0.99478,0.99487,3.94,1.00
2018.05.29 09:16:17.807,0.99479,0.99487,1.19,1.00
2018.05.29 09:16:18.792,0.99479,0.99487,1.69,1.00
2018.05.29 09:16:18.844,0.99479,0.99489,2.44,1.10
2018.05.29 09:16:19.516,0.99481,0.9949,1.19,1.95
2018.05.29 09:16:20.084,0.99481,0.99489,1.25,1.00
2018.05.29 09:16:20.608,0.99481,0.99489,1.44,1.00
2018.05.29 09:16:21.435,0.99481,0.99489,1.25,1.00
2018.05.29 09:16:24.423,0.9948,0.99489,3.19,1.00
2018.05.29 09:16:24.940,0.9948,0.99489,2.44,1.00
2018.05.29 09:16:26.267,0.9948,0.99488,2.44,1.00
2018.05.29 09:16:27.423,0.9948,0.99487,1.19,1.00
2018.05.29 09:16:27.926,0.9948,0.99488,1.19,1.00
2018.05.29 09:16:28.490,0.99479,0.99489,3.75,1.00
2018.05.29 09:16:29.005,0.9948,0.9949,1.19,1.95
2018.05.29 09:16:30.084,0.9948,0.99488,1.69,1.00
2018.05.29 09:16:30.294,0.9948,0.9949,1.69,1.95
2018.05.29 09:16:30.692,0.99484,0.99491,1.19,1.00
2018.05.29 09:16:31.414,0.99484,0.99491,1.25,1.00
2018.05.29 09:16:33.295,0.99483,0.99491,2.44,1.00
2018.05.29 09:16:33.561,0.99485,0.99493,1.19,1.00
2018.05.29 09:16:33.878,0.99483,0.99491,2.44,1.00
2018.05.29 09:16:34.415,0.99485,0.99492,1.25,1.00
2018.05.29 09:16:34.920,0.99485,0.99494,1.25,1.50
2018.05.29 09:16:34.973,0.99485,0.99492,1.25,1.00
2018.05.29 09:16:35.504,0.99485,0.99493,1.25,1.00
2018.05.29 09:16:35.821,0.99489,0.99498,1.19,1.00
2018.05.29 09:16:36.418,0.99489,0.99498,1.25,1.00
2018.05.29 09:16:38.128,0.99489,0.99498,1.69,1.00
2018.05.29 09:16:38.657,0.9949,0.99499,1.25,1.10
2018.05.29 09:16:40.790,0.99488,0.99498,1.62,1.00
2018.05.29 09:16:41.337,0.99489,0.99499,2.06,1.00
2018.05.29 09:16:45.302,0.99489,0.99499,3.00,1.57
2018.05.29 09:16:45.821,0.99489,0.99499,2.81,1.57
2018.05.29 09:16:48.047,0.99489,0.99498,1.25,1.50
2018.05.29 09:16:48.636,0.99488,0.99498,4.50,1.57
2018.05.29 09:16:49.153,0.99488,0.99498,4.31,1.57
2018.05.29 09:16:50.153,0.99488,0.99497,3.56,1.00
2018.05.29 09:16:52.345,0.99489,0.99497,1.19,1.00
2018.05.29 09:16:52.707,0.99488,0.99498,2.81,1.57
2018.05.29 09:16:53.422,0.99487,0.99498,6.75,1.57
2018.05.29 09:16:54.865,0.9949,0.99498,1.00,1.50
2018.05.29 09:16:55.641,0.99491,0.99498,1.00,1.50
2018.05.29 09:16:55.694,0.99489,0.99498,1.00,1.50
2018.05.29 09:16:55.798,0.99491,0.99498,1.00,1.50
2018.05.29 09:16:56.347,0.99491,0.99496,1.00,1.00
2018.05.29 09:16:56.659,0.99486,0.9949,1.12,1.00
2018.05.29 09:16:57.153,0.99483,0.99491,2.25,1.57
2018.05.29 09:16:57.417,0.99482,0.99488,1.00,1.00
2018.05.29 09:16:57.945,0.99479,0.99488,3.19,1.00
2018.05.29 09:16:58.574,0.99477,0.99486,5.81,1.00
2018.05.29 09:16:58.890,0.99477,0.99486,3.75,1.50
2018.05.29 09:16:59.432,0.99478,0.99486,1.00,1.00
2018.05.29 09:16:59.638,0.99476,0.99486,1.25,1.50
2018.05.29 09:17:00.188,0.99475,0.99485,1.31,1.57
2018.05.29 09:17:00.703,0.99475,0.99484,1.31,1.50
2018.05.29 09:17:01.828,0.99475,0.99484,2.25,1.00
2018.05.29 09:17:02.350,0.99475,0.99484,1.25,1.00
2018.05.29 09:17:03.495,0.99476,0.99484,1.00,1.12
2018.05.29 09:17:04.019,0.99474,0.99484,3.37,1.50
2018.05.29 09:17:04.881,0.99473,0.99484,2.62,2.32
2018.05.29 09:17:04.933,0.99473,0.99482,1.69,1.00
2018.05.29 09:17:05.680,0.99472,0.99481,1.31,1.00
2018.05.29 09:17:08.813,0.99471,0.99481,4.31,1.50
2018.05.29 09:17:09.128,0.99477,0.99483,1.69,1.00
2018.05.29 09:17:09.179,0.99477,0.99485,1.69,2.32
2018.05.29 09:17:09.367,0.99475,0.99483,1.25,1.00
2018.05.29 09:17:10.204,0.99476,0.99483,1.00,1.50
2018.05.29 09:17:10.564,0.99477,0.99485,1.50,2.25
2018.05.29 09:17:11.139,0.99477,0.99486,1.69,1.87
2018.05.29 09:17:11.619,0.99479,0.99487,1.19,1.00
2018.05.29 09:17:12.171,0.99479,0.99488,1.25,1.50
2018.05.29 09:17:12.951,0.99479,0.99487,1.00,1.00
2018.05.29 09:17:14.010,0.99481,0.99487,1.00,1.00
2018.05.29 09:17:14.067,0.99481,0.9949,3.75,1.00
2018.05.29 09:17:14.127,0.99481,0.9949,1.25,1.50
2018.05.29 09:17:14.240,0.99479,0.99489,2.44,1.00
2018.05.29 09:17:14.292,0.99479,0.99487,2.81,1.00
2018.05.29 09:17:15.321,0.99474,0.99483,3.79,1.00
2018.05.29 09:17:15.483,0.9947,0.9948,1.57,1.00
2018.05.29 09:17:15.536,0.9947,0.99478,1.07,1.00
2018.05.29 09:17:16.063,0.9947,0.99479,1.12,1.50
2018.05.29 09:17:16.634,0.99474,0.99479,1.00,1.50
2018.05.29 09:17:16.739,0.99475,0.99484,2.81,1.45
2018.05.29 09:17:17.281,0.99472,0.99482,2.62,1.00
2018.05.29 09:17:17.898,0.99472,0.99481,1.87,1.00
2018.05.29 09:17:18.194,0.99471,0.99481,4.50,1.50
2018.05.29 09:17:18.964,0.99471,0.99482,4.87,1.50
2018.05.29 09:17:19.470,0.99472,0.99481,1.19,1.00
2018.05.29 09:17:20.116,0.9947,0.99481,3.94,2.25
2018.05.29 09:17:20.563,0.9947,0.99479,2.06,1.00
2018.05.29 09:17:21.133,0.9947,0.99479,2.81,1.00
2018.05.29 09:17:21.317,0.9947,0.99479,1.69,1.50
2018.05.29 09:17:21.836,0.99469,0.99478,2.81,1.00
2018.05.29 09:17:22.917,0.99469,0.99479,2.06,1.50
2018.05.29 09:17:23.448,0.99469,0.99479,2.06,1.50
2018.05.29 09:17:24.094,0.99469,0.99479,1.69,1.50
2018.05.29 09:17:24.618,0.99469,0.99478,1.69,1.00
2018.05.29 09:17:25.127,0.99468,0.99479,4.12,1.50
2018.05.29 09:17:25.690,0.99469,0.99479,1.31,1.87
2018.05.29 09:17:26.209,0.99469,0.99479,1.31,1.87
2018.05.29 09:17:27.511,0.99469,0.99478,1.31,1.00
2018.05.29 09:17:28.351,0.99469,0.99479,2.06,1.87
2018.05.29 09:17:29.429,0.99469,0.99478,1.31,1.00
2018.05.29 09:17:29.949,0.99469,0.99478,1.31,1.00
2018.05.29 09:17:30.157,0.99467,0.99476,1.25,1.00
2018.05.29 09:17:30.429,0.99463,0.99474,1.31,1.00
2018.05.29 09:17:30.950,0.99463,0.99473,2.06,1.00
2018.05.29 09:17:31.492,0.99463,0.99473,2.06,1.00
2018.05.29 09:17:31.999,0.99463,0.99472,1.31,1.50
2018.05.29 09:17:32.502,0.99463,0.99471,1.19,1.00
2018.05.29 09:17:34.255,0.99464,0.99472,1.25,1.87
2018.05.29 09:17:34.377,0.99461,0.99472,3.56,2.25
2018.05.29 09:17:34.432,0.9946,0.9947,2.44,1.50
2018.05.29 09:17:34.803,0.9946,0.99468,1.69,1.00
2018.05.29 09:17:35.480,0.9946,0.99468,1.25,1.00
2018.05.29 09:17:38.170,0.99464,0.99468,1.25,1.00
2018.05.29 09:17:38.222,0.99464,0.99471,1.25,1.00
2018.05.29 09:17:38.834,0.99462,0.99472,2.81,1.00
2018.05.29 09:17:39.513,0.99462,0.99471,1.31,1.00
2018.05.29 09:17:40.084,0.99461,0.99471,4.31,1.00
2018.05.29 09:17:40.763,0.9946,0.9947,2.06,1.12
2018.05.29 09:17:40.870,0.99458,0.99466,1.00,1.00
2018.05.29 09:17:40.974,0.99454,0.99463,2.44,1.00
2018.05.29 09:17:41.265,0.99457,0.99464,1.00,1.00
2018.05.29 09:17:41.320,0.99457,0.99467,3.37,1.00
2018.05.29 09:17:42.737,0.99458,0.99467,1.69,1.00
2018.05.29 09:17:43.269,0.99459,0.99466,1.00,1.00
2018.05.29 09:17:43.776,0.99459,0.99467,1.00,1.50
2018.05.29 09:17:44.374,0.99457,0.99467,1.00,2.62
2018.05.29 09:17:44.428,0.99459,0.99465,1.00,1.00
2018.05.29 09:17:44.482,0.99455,0.99465,1.19,1.50
2018.05.29 09:17:44.672,0.99458,0.99464,1.00,1.00
2018.05.29 09:17:44.929,0.99459,0.99466,1.00,1.50
2018.05.29 09:17:46.228,0.99455,0.99466,2.06,1.50
2018.05.29 09:17:46.281,0.99455,0.99464,1.31,1.00
2018.05.29 09:17:46.643,0.99459,0.99465,1.00,1.00
2018.05.29 09:17:47.337,0.99459,0.99466,1.00,1.50
2018.05.29 09:17:47.690,0.99457,0.99465,1.25,1.00
2018.05.29 09:17:47.743,0.99459,0.99465,1.00,1.00
2018.05.29 09:17:48.709,0.99458,0.99465,1.00,1.00
2018.05.29 09:17:48.866,0.99455,0.99465,1.19,1.50
2018.05.29 09:17:48.918,0.99459,0.99464,1.00,1.00
2018.05.29 09:17:49.453,0.99459,0.99465,1.00,1.00
2018.05.29 09:17:50.439,0.99458,0.99465,1.00,1.00
2018.05.29 09:17:50.543,0.99456,0.99465,1.69,1.00
2018.05.29 09:17:50.648,0.99459,0.99465,1.00,1.50
2018.05.29 09:17:51.195,0.99456,0.99465,1.25,1.50
2018.05.29 09:17:51.370,0.99459,0.99465,1.00,1.87
2018.05.29 09:17:52.574,0.99458,0.99465,1.00,1.00
2018.05.29 09:17:52.883,0.99455,0.99465,1.25,1.00
2018.05.29 09:17:53.192,0.99453,0.99463,2.44,1.00
2018.05.29 09:17:53.764,0.99453,0.99462,1.56,1.00
2018.05.29 09:17:55.364,0.99453,0.99462,1.25,1.12
2018.05.29 09:17:55.681,0.99451,0.9946,1.87,1.12
2018.05.29 09:17:56.469,0.9945,0.9946,2.81,1.87
2018.05.29 09:17:57.076,0.99451,0.9946,1.00,1.87
2018.05.29 09:17:57.602,0.99452,0.9946,1.00,1.87
2018.05.29 09:17:57.655,0.9945,0.99459,1.00,1.00
2018.05.29 09:17:58.180,0.99449,0.99458,1.87,1.00
2018.05.29 09:17:58.718,0.9945,0.99458,1.00,1.00
2018.05.29 09:17:59.357,0.99452,0.99458,1.00,1.00
2018.05.29 09:17:59.411,0.9945,0.99459,1.00,1.00
2018.05.29 09:17:59.935,0.9945,0.99458,1.00,1.00
2018.05.29 09:18:00.515,0.99451,0.99459,1.00,1.00
2018.05.29 09:18:01.064,0.99451,0.99458,1.00,1.00
2018.05.29 09:18:01.772,0.9945,0.99458,1.50,1.00
2018.05.29 09:18:02.200,0.99452,0.99459,1.00,1.00
2018.05.29 09:18:02.253,0.99453,0.99462,3.19,1.00
2018.05.29 09:18:02.776,0.99454,0.99463,2.06,1.50
2018.05.29 09:18:03.014,0.99457,0.99466,2.25,1.87
2018.05.29 09:18:03.427,0.99459,0.99467,1.00,1.00
2018.05.29 09:18:03.963,0.99458,0.99467,1.87,1.00
2018.05.29 09:18:04.277,0.99459,0.99468,2.25,1.00
2018.05.29 09:18:04.824,0.99459,0.99468,2.62,1.00
2018.05.29 09:18:05.241,0.9946,0.99468,1.19,1.50
2018.05.29 09:18:05.777,0.99459,0.99468,5.44,1.50
2018.05.29 09:18:06.600,0.99459,0.99467,3.75,1.00
2018.05.29 09:18:06.809,0.99458,0.99467,4.69,1.00
2018.05.29 09:18:07.361,0.99458,0.99468,5.81,1.50
2018.05.29 09:18:08.507,0.9946,0.99468,1.00,1.00
2018.05.29 09:18:09.158,0.99459,0.99469,4.69,1.50
2018.05.29 09:18:09.701,0.99459,0.99468,3.94,1.00
2018.05.29 09:18:10.210,0.99461,0.99468,1.00,1.00
2018.05.29 09:18:10.796,0.99461,0.99469,1.00,1.50
2018.05.29 09:18:11.055,0.99459,0.99469,1.69,1.00
2018.05.29 09:18:11.470,0.99461,0.99469,1.00,1.00
2018.05.29 09:18:11.572,0.99459,0.99469,1.25,1.00
2018.05.29 09:18:12.105,0.99459,0.9947,3.19,1.50
2018.05.29 09:18:12.725,0.99459,0.9947,2.44,1.50
2018.05.29 09:18:13.060,0.99463,0.99472,2.25,1.00
2018.05.29 09:18:13.589,0.99463,0.99473,1.25,1.12
2018.05.29 09:18:13.932,0.99461,0.99472,4.31,1.37
2018.05.29 09:18:15.348,0.99463,0.99472,1.00,1.37
2018.05.29 09:18:15.504,0.99461,0.99472,2.81,1.00
2018.05.29 09:18:15.608,0.9946,0.9947,2.81,1.00
2018.05.29 09:18:17.093,0.99462,0.99471,1.00,1.00
2018.05.29 09:18:17.735,0.9946,0.99471,3.56,1.50
2018.05.29 09:18:18.512,0.99463,0.99471,1.00,1.50
2018.05.29 09:18:18.618,0.99461,0.99471,1.12,1.50
2018.05.29 09:18:19.148,0.99459,0.9947,2.81,2.25
2018.05.29 09:18:19.678,0.99459,0.99469,1.87,1.00
2018.05.29 09:18:20.100,0.99457,0.99467,3.07,1.00
2018.05.29 09:18:20.274,0.99457,0.99467,1.57,1.50
2018.05.29 09:18:20.783,0.99457,0.99466,1.00,1.12
2018.05.29 09:18:21.611,0.99458,0.99466,1.00,1.87
2018.05.29 09:18:22.130,0.99457,0.99466,1.00,1.87
2018.05.29 09:18:24.693,0.99457,0.99466,1.00,1.72
2018.05.29 09:18:24.750,0.99454,0.99462,1.10,1.00
2018.05.29 09:18:25.288,0.99453,0.99462,1.25,1.60
2018.05.29 09:18:25.631,0.99454,0.99463,3.37,1.35
2018.05.29 09:18:25.740,0.99458,0.99466,1.00,1.24
2018.05.29 09:18:27.197,0.99456,0.99466,1.69,1.72
2018.05.29 09:18:27.706,0.99457,0.99466,1.00,1.72
2018.05.29 09:18:30.170,0.99458,0.99467,2.25,1.35
2018.05.29 09:18:30.311,0.99459,0.99469,1.19,2.55
2018.05.29 09:18:30.368,0.9946,0.9947,2.25,1.00
2018.05.29 09:18:30.420,0.99461,0.99472,2.44,3.22
2018.05.29 09:18:30.524,0.99461,0.99472,2.44,3.22
2018.05.29 09:18:31.073,0.99461,0.9947,1.25,1.35
2018.05.29 09:18:31.604,0.9946,0.9947,2.06,1.35
2018.05.29 09:18:32.064,0.9946,0.99468,1.00,1.00
2018.05.29 09:18:32.585,0.99459,0.99471,1.69,1.72
2018.05.29 09:18:34.174,0.9946,0.99471,1.25,2.10
2018.05.29 09:18:34.281,0.99462,0.99471,1.25,1.35
2018.05.29 09:18:34.853,0.99463,0.99471,1.00,1.50
2018.05.29 09:18:35.871,0.99467,0.99474,2.25,1.37
2018.05.29 09:18:36.054,0.99464,0.99471,1.12,1.50
2018.05.29 09:18:36.116,0.9946,0.99469,1.12,1.00
2018.05.29 09:18:37.111,0.99459,0.99469,1.31,1.50
2018.05.29 09:18:38.683,0.9946,0.99469,1.12,1.00
2018.05.29 09:18:39.215,0.9946,0.9947,1.19,1.80
2018.05.29 09:18:39.425,0.99459,0.9947,2.81,2.55
2018.05.29 09:18:39.940,0.99459,0.9947,2.81,2.55
2018.05.29 09:18:40.458,0.99459,0.9947,2.44,1.80
2018.05.29 09:18:42.301,0.99459,0.9947,1.25,1.80
2018.05.29 09:18:42.812,0.99459,0.9947,1.19,1.80
2018.05.29 09:18:44.097,0.99458,0.9947,2.44,2.55
2018.05.29 09:18:44.648,0.99458,0.9947,3.19,2.55
2018.05.29 09:18:45.166,0.99458,0.9947,3.94,2.55
2018.05.29 09:18:45.641,0.99459,0.99469,2.44,1.67
2018.05.29 09:18:46.169,0.99461,0.99471,1.25,1.80
2018.05.29 09:18:47.396,0.9946,0.99471,1.25,1.80
2018.05.29 09:18:47.942,0.99459,0.99468,2.81,1.50
2018.05.29 09:18:48.952,0.99459,0.99468,1.19,1.00
2018.05.29 09:18:49.472,0.99458,0.99468,3.37,1.00
2018.05.29 09:18:49.889,0.99458,0.99466,1.69,1.00
2018.05.29 09:18:50.391,0.99459,0.99465,1.00,1.00
2018.05.29 09:18:50.498,0.99456,0.99465,1.69,1.50
2018.05.29 09:18:51.043,0.99455,0.99464,1.25,1.00
2018.05.29 09:18:51.565,0.99455,0.99464,1.19,1.00
2018.05.29 09:18:53.560,0.99455,0.99463,1.25,1.00
2018.05.29 09:18:54.064,0.99456,0.99464,1.25,1.00
2018.05.29 09:18:54.169,0.99457,0.99464,3.19,1.00
2018.05.29 09:18:54.222,0.99457,0.99466,3.37,1.50
2018.05.29 09:18:54.399,0.99458,0.99468,3.75,1.00
2018.05.29 09:18:54.565,0.99459,0.99469,1.44,1.50
2018.05.29 09:18:54.881,0.99463,0.99471,1.25,1.00
2018.05.29 09:18:55.221,0.99464,0.99469,1.00,1.00
2018.05.29 09:18:55.273,0.99461,0.99469,2.44,1.00
2018.05.29 09:18:55.325,0.99464,0.99471,1.00,1.00
2018.05.29 09:18:55.429,0.99461,0.99471,3.37,1.00
2018.05.29 09:18:55.952,0.99463,0.99471,1.25,1.00
2018.05.29 09:18:56.469,0.99464,0.99471,1.50,1.00
2018.05.29 09:18:57.357,0.99463,0.99473,1.69,1.87
2018.05.29 09:18:57.566,0.99463,0.9947,1.19,1.00
2018.05.29 09:18:59.756,0.99464,0.99469,1.00,1.00
2018.05.29 09:18:59.863,0.99461,0.99469,1.19,1.50
2018.05.29 09:18:59.915,0.99464,0.99471,1.00,2.25
2018.05.29 09:19:00.436,0.99463,0.99472,1.69,1.87
2018.05.29 09:19:01.517,0.99466,0.99472,1.00,1.50
2018.05.29 09:19:01.625,0.99462,0.99472,1.87,1.50
2018.05.29 09:19:03.687,0.99462,0.99471,1.44,1.00
2018.05.29 09:19:04.213,0.99462,0.9947,1.19,1.00
2018.05.29 09:19:04.797,0.99462,0.99471,1.19,1.50
2018.05.29 09:19:05.360,0.99461,0.9947,3.56,1.50
2018.05.29 09:19:05.620,0.99463,0.99472,1.19,1.87
2018.05.29 09:19:06.319,0.99462,0.99471,1.19,1.12
2018.05.29 09:19:06.374,0.9946,0.99469,1.69,1.00
2018.05.29 09:19:06.889,0.99459,0.99468,2.81,1.00
2018.05.29 09:19:09.059,0.99459,0.99468,1.19,1.00
2018.05.29 09:19:09.579,0.99459,0.99468,1.19,1.50
2018.05.29 09:19:12.504,0.99459,0.99467,1.69,1.00
2018.05.29 09:19:12.813,0.99458,0.99467,1.69,1.00
2018.05.29 09:19:13.325,0.99458,0.99467,1.25,1.50
2018.05.29 09:19:13.773,0.99458,0.99465,1.25,1.00
2018.05.29 09:19:14.450,0.99459,0.99465,1.00,1.00
2018.05.29 09:19:14.999,0.99457,0.99465,1.19,1.50
2018.05.29 09:19:15.604,0.99458,0.99465,1.19,1.00
2018.05.29 09:19:16.219,0.99458,0.99466,1.19,1.50
2018.05.29 09:19:17.189,0.99455,0.99463,2.06,1.00
2018.05.29 09:19:17.648,0.99454,0.99463,1.25,1.12
2018.05.29 09:19:18.172,0.99454,0.99462,1.19,1.50
2018.05.29 09:19:18.702,0.99454,0.99462,1.00,1.87
2018.05.29 09:19:18.760,0.99451,0.9946,2.81,1.00
2018.05.29 09:19:19.111,0.99453,0.99461,1.19,1.00
2018.05.29 09:19:20.911,0.99453,0.99461,1.25,1.00
2018.05.29 09:19:21.829,0.99452,0.9946,1.25,1.00
2018.05.29 09:19:22.342,0.99452,0.9946,1.19,1.50
2018.05.29 09:19:23.105,0.99452,0.99459,1.19,1.00
2018.05.29 09:19:23.594,0.99454,0.99461,1.00,1.50
2018.05.29 09:19:24.217,0.99457,0.99462,1.50,1.00
2018.05.29 09:19:24.272,0.99457,0.99466,3.94,1.87
2018.05.29 09:19:24.867,0.99457,0.99466,4.69,1.50
2018.05.29 09:19:25.128,0.99461,0.99467,1.00,1.50
2018.05.29 09:19:25.915,0.99456,0.99466,3.19,1.00
2018.05.29 09:19:25.967,0.99461,0.99466,1.00,1.00
2018.05.29 09:19:26.277,0.99456,0.99466,3.19,1.50
2018.05.29 09:19:26.608,0.99455,0.99464,3.56,1.00
2018.05.29 09:19:26.970,0.99459,0.99464,1.00,1.00
2018.05.29 09:19:27.127,0.99455,0.99464,3.19,1.00
2018.05.29 09:19:27.180,0.99459,0.99464,1.00,1.12
2018.05.29 09:19:27.357,0.99456,0.99463,1.19,1.50
2018.05.29 09:19:27.672,0.99455,0.99462,1.00,1.00
2018.05.29 09:19:28.200,0.99455,0.99461,1.00,1.00
2018.05.29 09:19:28.519,0.99451,0.9946,1.31,1.50
2018.05.29 09:19:28.974,0.99451,0.99458,1.25,1.00
2018.05.29 09:19:29.497,0.99452,0.99457,1.00,1.00
2018.05.29 09:19:30.025,0.99452,0.99458,1.00,1.00
2018.05.29 09:19:30.617,0.9945,0.99458,1.19,1.00
2018.05.29 09:19:31.944,0.99451,0.99459,1.25,1.87
2018.05.29 09:19:33.131,0.99451,0.99458,1.25,1.00
2018.05.29 09:19:33.647,0.99449,0.99456,1.25,1.00
2018.05.29 09:19:33.854,0.99446,0.99455,1.69,1.00
2018.05.29 09:19:34.177,0.9945,0.99456,1.00,1.00
2018.05.29 09:19:34.229,0.99448,0.99456,1.25,1.00
2018.05.29 09:19:34.334,0.9945,0.99458,1.69,1.50
2018.05.29 09:19:34.731,0.99451,0.99459,1.19,1.50
2018.05.29 09:19:35.245,0.99451,0.99459,1.19,1.50
2018.05.29 09:19:35.783,0.99451,0.99458,1.69,1.00
2018.05.29 09:19:36.320,0.9945,0.99459,3.19,1.00
2018.05.29 09:19:36.888,0.9945,0.99459,1.19,1.00
2018.05.29 09:19:38.066,0.99453,0.9946,1.19,1.00
2018.05.29 09:19:38.929,0.99453,0.99461,1.19,1.00
2018.05.29 09:19:39.451,0.99454,0.99461,1.19,1.00
2018.05.29 09:19:40.695,0.99453,0.99461,1.25,1.50
2018.05.29 09:19:40.751,0.99451,0.99459,2.06,1.00
2018.05.29 09:19:40.806,0.99451,0.99459,1.12,1.50
2018.05.29 09:19:40.911,0.9945,0.99459,1.69,1.00
2018.05.29 09:19:41.673,0.9945,0.99457,1.69,1.00
2018.05.29 09:19:41.726,0.9945,0.99457,1.69,1.00
2018.05.29 09:19:41.832,0.99449,0.99457,1.31,1.00
2018.05.29 09:19:42.145,0.99448,0.99455,2.81,1.00
2018.05.29 09:19:42.252,0.99447,0.99455,1.19,1.00
2018.05.29 09:19:42.305,0.99445,0.99454,1.61,1.00
2018.05.29 09:19:42.656,0.99444,0.99452,1.12,1.00
2018.05.29 09:19:43.196,0.99443,0.99451,2.06,1.00
2018.05.29 09:19:44.253,0.99441,0.99451,2.81,1.50
2018.05.29 09:19:44.579,0.9944,0.99449,3.19,1.00
2018.05.29 09:19:45.081,0.99441,0.99449,1.19,1.00
2018.05.29 09:19:45.185,0.99439,0.99449,2.81,1.50
2018.05.29 09:19:45.694,0.99439,0.99448,2.06,1.00
2018.05.29 09:19:46.243,0.99439,0.99448,3.94,1.00
2018.05.29 09:19:47.008,0.99439,0.99448,1.69,1.00
2018.05.29 09:19:49.310,0.99439,0.99448,1.19,1.87
2018.05.29 09:19:51.131,0.99441,0.99448,1.00,1.87
2018.05.29 09:19:51.500,0.99439,0.99446,1.25,1.37
2018.05.29 09:19:51.605,0.99434,0.99444,1.25,1.12
2018.05.29 09:19:51.658,0.99432,0.99441,4.69,1.00
2018.05.29 09:19:51.874,0.99431,0.9944,1.19,1.00
2018.05.29 09:19:51.926,0.99431,0.9944,3.19,1.12
2018.05.29 09:19:52.910,0.9943,0.9944,2.06,1.87
2018.05.29 09:19:53.326,0.9943,0.99438,1.31,1.00
2018.05.29 09:19:53.875,0.99429,0.99438,2.06,1.00
2018.05.29 09:19:54.415,0.99429,0.99437,2.06,1.00
2018.05.29 09:19:54.952,0.99428,0.99437,1.31,1.87
2018.05.29 09:19:55.472,0.99428,0.99436,1.31,1.00
2018.05.29 09:19:56.467,0.99428,0.99436,1.31,1.00
2018.05.29 09:19:56.873,0.99427,0.99436,3.19,1.00
2018.05.29 09:19:58.464,0.99425,0.99435,1.88,1.00
2018.05.29 09:19:58.518,0.99424,0.99435,2.44,1.87
2018.05.29 09:19:58.828,0.99422,0.99431,1.69,1.12
2018.05.29 09:19:58.881,0.99421,0.99431,1.69,1.00
2018.05.29 09:19:59.090,0.9942,0.99429,1.69,1.00
2018.05.29 09:19:59.597,0.99419,0.99429,3.75,1.00
2018.05.29 09:20:00.258,0.99419,0.99429,3.38,1.00
2018.05.29 09:20:00.815,0.99419,0.99428,2.25,1.00
2018.05.29 09:20:01.331,0.9942,0.99429,1.25,1.00
2018.05.29 09:20:03.339,0.9942,0.9943,1.00,1.50
2018.05.29 09:20:03.888,0.9942,0.99429,1.00,1.00
2018.05.29 09:20:04.957,0.99421,0.99429,1.50,1.00
2018.05.29 09:20:05.501,0.99422,0.9943,1.87,1.00
2018.05.29 09:20:06.032,0.99424,0.99431,1.12,1.00
2018.05.29 09:20:06.538,0.99422,0.99431,2.81,1.00
2018.05.29 09:20:08.720,0.99423,0.99432,1.50,1.12
2018.05.29 09:20:09.204,0.99424,0.99433,1.50,1.50
2018.05.29 09:20:09.744,0.99426,0.99433,1.12,1.00
2018.05.29 09:20:09.798,0.99425,0.99435,3.56,1.87
2018.05.29 09:20:10.528,0.99427,0.99435,1.00,1.87
2018.05.29 09:20:13.024,0.99427,0.99435,1.31,1.00
2018.05.29 09:20:13.077,0.99428,0.99437,1.00,1.87
2018.05.29 09:20:13.579,0.99428,0.99437,3.19,1.00
2018.05.29 09:20:14.074,0.99427,0.99436,1.12,1.87
2018.05.29 09:20:14.611,0.99426,0.99436,1.87,1.87
2018.05.29 09:20:15.231,0.99425,0.99436,5.81,1.87
2018.05.29 09:20:15.753,0.99425,0.99436,6.00,1.87
2018.05.29 09:20:17.777,0.99427,0.99436,4.69,1.50
2018.05.29 09:20:17.831,0.99428,0.99436,3.75,1.00
2018.05.29 09:20:18.094,0.99428,0.99438,4.31,1.87
2018.05.29 09:20:19.497,0.99429,0.99437,1.25,1.00
2018.05.29 09:20:20.080,0.99428,0.99437,2.81,1.50
2018.05.29 09:20:20.301,0.99427,0.99435,2.44,1.00
2018.05.29 09:20:20.411,0.99429,0.99437,1.50,1.87
2018.05.29 09:20:20.617,0.99431,0.99439,1.31,1.37
2018.05.29 09:20:21.160,0.99431,0.99439,1.50,1.00
2018.05.29 09:20:21.566,0.9943,0.99437,2.25,1.00
2018.05.29 09:20:21.786,0.99428,0.99437,3.94,1.00
2018.05.29 09:20:22.314,0.99429,0.99438,2.81,1.00
2018.05.29 09:20:22.831,0.99431,0.99438,1.12,1.00
2018.05.29 09:20:23.148,0.99435,0.99441,1.12,1.00
2018.05.29 09:20:23.205,0.99436,0.99443,1.00,1.00
2018.05.29 09:20:23.873,0.99436,0.99443,1.69,1.12
2018.05.29 09:20:25.065,0.99436,0.99443,2.06,1.00
2018.05.29 09:20:25.605,0.99436,0.99444,1.69,1.50
2018.05.29 09:20:26.817,0.99435,0.99444,2.25,1.87
2018.05.29 09:20:27.356,0.99436,0.99444,1.00,1.50
2018.05.29 09:20:27.682,0.99434,0.99442,5.06,1.00
2018.05.29 09:20:28.207,0.99435,0.99443,2.81,1.50
2018.05.29 09:20:28.947,0.99434,0.99443,5.06,1.50
2018.05.29 09:20:29.372,0.99436,0.99444,2.25,1.87
2018.05.29 09:20:29.750,0.99435,0.99443,2.62,1.00
2018.05.29 09:20:30.286,0.99436,0.99444,1.00,1.00
2018.05.29 09:20:31.573,0.99436,0.99444,1.50,1.00
2018.05.29 09:20:32.336,0.99439,0.99446,1.12,1.50
2018.05.29 09:20:32.984,0.99438,0.99447,3.94,1.00
2018.05.29 09:20:33.297,0.99432,0.9944,1.00,1.12
2018.05.29 09:20:33.804,0.99431,0.99439,2.06,1.00
2018.05.29 09:20:35.532,0.99431,0.99441,2.06,1.90
2018.05.29 09:20:36.051,0.99431,0.99441,2.81,1.52
2018.05.29 09:20:36.504,0.9943,0.99441,2.81,1.52
2018.05.29 09:20:37.020,0.9943,0.99439,3.19,1.52
2018.05.29 09:20:38.864,0.99429,0.99439,3.19,1.65
2018.05.29 09:20:39.124,0.99428,0.99437,1.12,1.27
2018.05.29 09:20:39.230,0.99427,0.99437,1.69,1.65
2018.05.29 09:20:39.570,0.99427,0.99437,6.00,1.52
2018.05.29 09:20:40.094,0.99429,0.99439,1.50,1.65
2018.05.29 09:20:40.953,0.99429,0.99439,1.50,1.65
2018.05.29 09:20:41.477,0.99429,0.99439,2.44,1.65
2018.05.29 09:20:42.014,0.9943,0.99439,3.00,1.52
2018.05.29 09:20:43.601,0.9943,0.9944,2.44,1.52
2018.05.29 09:20:43.919,0.99432,0.99441,1.50,1.52
2018.05.29 09:20:44.424,0.99432,0.99441,1.50,1.00
2018.05.29 09:20:44.737,0.99434,0.99441,1.00,1.12
2018.05.29 09:20:44.878,0.99434,0.99443,1.50,1.00
2018.05.29 09:20:45.086,0.99435,0.99443,2.25,1.00
2018.05.29 09:20:45.597,0.99435,0.99444,3.56,1.00
2018.05.29 09:20:46.193,0.99438,0.99446,1.50,1.50
2018.05.29 09:20:47.898,0.99438,0.99447,1.12,1.00
2018.05.29 09:20:48.210,0.99436,0.99445,1.19,1.87
2018.05.29 09:20:48.541,0.99441,0.99446,1.00,1.00
2018.05.29 09:20:48.646,0.9944,0.99449,2.00,1.00
2018.05.29 09:20:48.700,0.99444,0.99449,1.12,1.00
2018.05.29 09:20:48.810,0.99442,0.99452,2.25,3.26
2018.05.29 09:20:48.916,0.99444,0.99451,1.00,1.00
2018.05.29 09:20:49.230,0.99442,0.9945,2.25,1.12
2018.05.29 09:20:49.785,0.9944,0.99449,2.06,1.50
2018.05.29 09:20:50.147,0.99438,0.99447,2.25,1.00
2018.05.29 09:20:50.200,0.99438,0.99447,1.00,1.69
2018.05.29 09:20:50.290,0.99437,0.99445,1.50,1.00
2018.05.29 09:20:50.397,0.99437,0.99444,1.00,1.12
2018.05.29 09:20:50.501,0.99436,0.99444,2.62,1.12
2018.05.29 09:20:51.051,0.99434,0.99443,3.56,1.00
2018.05.29 09:20:51.316,0.99435,0.99443,1.50,1.00
2018.05.29 09:20:51.686,0.99435,0.99445,2.44,1.87
2018.05.29 09:20:51.945,0.99438,0.99445,1.00,1.00
2018.05.29 09:20:52.102,0.99439,0.99447,1.31,1.12
2018.05.29 09:20:52.639,0.9944,0.99447,1.12,1.12
2018.05.29 09:20:53.153,0.9944,0.99448,1.50,1.37
2018.05.29 09:20:54.902,0.9944,0.99449,2.25,1.50
2018.05.29 09:20:55.058,0.99442,0.9945,1.50,1.50
2018.05.29 09:20:55.371,0.99444,0.99452,1.87,1.87
2018.05.29 09:20:55.718,0.99444,0.99453,1.87,1.12
2018.05.29 09:20:57.255,0.99444,0.99452,1.00,1.00
2018.05.29 09:20:57.642,0.99445,0.99453,2.62,1.12
2018.05.29 09:20:57.694,0.99445,0.99453,1.12,1.12
2018.05.29 09:21:00.365,0.99444,0.99453,2.25,1.12
2018.05.29 09:21:00.879,0.99445,0.99453,1.00,1.37
2018.05.29 09:21:01.410,0.99445,0.99453,1.69,1.00
2018.05.29 09:21:01.858,0.99448,0.99456,1.00,1.12
2018.05.29 09:21:01.965,0.9945,0.99459,2.06,1.87
2018.05.29 09:21:02.122,0.9945,0.99459,5.25,1.00
2018.05.29 09:21:02.514,0.9945,0.99459,1.50,1.37
2018.05.29 09:21:03.032,0.9945,0.99459,2.25,1.12
2018.05.29 09:21:03.563,0.99451,0.9946,1.50,1.12
2018.05.29 09:21:04.871,0.99451,0.9946,2.25,1.12
2018.05.29 09:21:08.328,0.99451,0.9946,1.50,1.37
2018.05.29 09:21:08.911,0.99451,0.99459,1.50,1.12
2018.05.29 09:21:09.462,0.9945,0.99459,1.00,1.37
2018.05.29 09:21:10.058,0.99449,0.99459,4.01,1.00
2018.05.29 09:21:10.948,0.9945,0.99459,1.12,1.00
2018.05.29 09:21:11.553,0.99449,0.99457,1.50,1.00
2018.05.29 09:21:12.094,0.99448,0.99457,1.87,1.00
2018.05.29 09:21:12.634,0.99448,0.99456,1.20,1.00
2018.05.29 09:21:13.867,0.99447,0.99456,2.81,1.00
2018.05.29 09:21:14.482,0.99448,0.99456,1.25,1.00
2018.05.29 09:21:15.147,0.99447,0.99456,2.89,1.12
2018.05.29 09:21:15.820,0.99447,0.99456,4.69,1.12
2018.05.29 09:21:16.339,0.99447,0.99456,2.81,1.12
2018.05.29 09:21:16.677,0.99447,0.99455,2.06,1.37
2018.05.29 09:21:17.092,0.99444,0.99449,1.80,1.00
2018.05.29 09:21:17.458,0.99438,0.99447,1.50,1.37
2018.05.29 09:21:17.965,0.99439,0.99448,1.00,1.37
2018.05.29 09:21:18.310,0.99439,0.99448,1.37,1.37
2018.05.29 09:21:18.413,0.99439,0.99448,1.37,1.37
2018.05.29 09:21:18.465,0.99439,0.99448,1.12,1.37
2018.05.29 09:21:20.158,0.99439,0.99448,1.50,1.37
2018.05.29 09:21:20.672,0.99439,0.99448,1.12,1.37
2018.05.29 09:21:24.759,0.99441,0.99448,1.00,1.37
2018.05.29 09:21:25.289,0.9944,0.99449,1.12,1.37
2018.05.29 09:21:25.840,0.99441,0.99449,1.12,1.00
2018.05.29 09:21:26.406,0.99441,0.99449,1.00,1.37
2018.05.29 09:21:29.221,0.9944,0.99448,1.12,1.12
2018.05.29 09:21:29.782,0.99441,0.99448,1.00,1.12
2018.05.29 09:21:30.670,0.99441,0.99449,1.00,1.87
2018.05.29 09:21:31.375,0.99441,0.99449,1.00,1.87
2018.05.29 09:21:33.438,0.9944,0.99449,2.25,1.87
2018.05.29 09:21:34.001,0.99441,0.99449,1.12,1.87
2018.05.29 09:21:37.299,0.9944,0.99449,3.75,1.00
2018.05.29 09:21:37.813,0.99441,0.99449,1.00,1.00
2018.05.29 09:21:40.641,0.99441,0.99449,1.69,1.00
2018.05.29 09:21:40.935,0.99446,0.99452,1.00,1.12
2018.05.29 09:21:41.039,0.99444,0.99452,1.12,1.12
2018.05.29 09:21:41.304,0.99446,0.99453,1.00,1.37
2018.05.29 09:21:42.908,0.99446,0.99453,1.00,1.12
2018.05.29 09:21:43.432,0.99445,0.99454,3.00,1.12
2018.05.29 09:21:44.110,0.99445,0.99453,3.00,1.12
2018.05.29 09:21:44.791,0.99444,0.99451,1.50,1.00
2018.05.29 09:21:45.139,0.99441,0.9945,1.00,1.56
2018.05.29 09:21:47.842,0.99441,0.99448,1.00,1.37
2018.05.29 09:21:55.427,0.9944,0.99447,1.50,1.37
2018.05.29 09:21:55.941,0.99441,0.99449,1.87,1.37
2018.05.29 09:21:57.650,0.99441,0.99449,2.62,1.12
2018.05.29 09:21:57.763,0.99443,0.9945,3.56,1.00
2018.05.29 09:21:58.026,0.99444,0.99452,2.44,1.00
2018.05.29 09:21:58.079,0.99446,0.99454,1.00,1.31
2018.05.29 09:21:58.408,0.99451,0.99459,1.87,1.12
2018.05.29 09:22:00.603,0.99451,0.99458,3.00,1.00
2018.05.29 09:22:01.026,0.99451,0.99458,1.00,1.37
2018.05.29 09:22:01.188,0.99447,0.99457,2.62,1.37
2018.05.29 09:22:01.294,0.99449,0.99455,1.00,1.37
2018.05.29 09:22:01.400,0.99449,0.99458,2.25,1.12
2018.05.29 09:22:01.802,0.99451,0.99459,1.00,2.81
2018.05.29 09:22:01.855,0.99452,0.9946,1.87,1.12
2018.05.29 09:22:01.911,0.99454,0.99461,1.00,2.62
2018.05.29 09:22:02.519,0.99453,0.99462,1.50,1.37
2018.05.29 09:22:03.041,0.99453,0.99462,3.75,1.37
2018.05.29 09:22:04.073,0.99453,0.99462,4.12,1.37
2018.05.29 09:22:04.597,0.99452,0.99461,1.87,1.31
2018.05.29 09:22:04.928,0.99454,0.99462,1.00,1.37
2018.05.29 09:22:05.449,0.99453,0.99462,2.25,1.37
2018.05.29 09:22:05.952,0.99453,0.99462,2.25,1.37
2018.05.29 09:22:06.383,0.99455,0.99463,1.00,1.12
2018.05.29 09:22:08.576,0.99455,0.99462,1.00,1.12
2018.05.29 09:22:09.853,0.99456,0.99465,1.12,2.81
2018.05.29 09:22:09.906,0.99455,0.99463,1.19,1.37
2018.05.29 09:22:10.011,0.99452,0.99459,1.69,1.00
2018.05.29 09:22:10.063,0.99453,0.99459,1.37,1.00
2018.05.29 09:22:10.118,0.99453,0.99461,1.37,1.12
2018.05.29 09:22:10.377,0.99453,0.99461,1.00,2.06
2018.05.29 09:22:10.722,0.99447,0.99455,1.50,1.37
2018.05.29 09:22:10.987,0.99449,0.99454,1.00,1.00
2018.05.29 09:22:11.163,0.99449,0.99458,2.44,1.37
2018.05.29 09:22:11.419,0.99451,0.99458,1.00,1.37
2018.05.29 09:22:11.575,0.99451,0.99459,1.69,1.00
2018.05.29 09:22:11.855,0.99455,0.99462,1.00,1.87
2018.05.29 09:22:12.170,0.99454,0.99464,2.25,1.37
2018.05.29 09:22:12.277,0.99456,0.99462,1.00,1.37
2018.05.29 09:22:12.434,0.99451,0.99461,1.25,1.37
2018.05.29 09:22:12.487,0.99454,0.99462,1.00,1.37
2018.05.29 09:22:12.661,0.99451,0.9946,1.25,1.00
2018.05.29 09:22:12.766,0.99454,0.99461,1.00,1.12
2018.05.29 09:22:13.133,0.99454,0.99461,1.00,1.37
2018.05.29 09:22:13.186,0.99451,0.99461,1.87,1.37
2018.05.29 09:22:14.254,0.99451,0.99458,1.00,1.00
2018.05.29 09:22:15.078,0.9945,0.99458,1.00,1.37
2018.05.29 09:22:15.275,0.99446,0.99453,1.00,1.00
2018.05.29 09:22:15.326,0.99448,0.99455,1.00,1.87
2018.05.29 09:22:15.633,0.99448,0.99455,1.00,1.00
2018.05.29 09:22:15.936,0.9945,0.99457,1.50,1.00
2018.05.29 09:22:16.148,0.99451,0.99461,1.12,3.00
2018.05.29 09:22:17.103,0.99452,0.99461,1.00,1.12
2018.05.29 09:22:17.461,0.9945,0.99459,1.00,1.00
2018.05.29 09:22:18.042,0.99449,0.99459,1.12,1.12
2018.05.29 09:22:20.223,0.9945,0.99459,1.00,1.00
2018.05.29 09:22:20.771,0.99451,0.9946,1.31,1.12
2018.05.29 09:22:21.492,0.99451,0.9946,1.00,1.37
2018.05.29 09:22:21.755,0.99449,0.99459,3.00,1.37
2018.05.29 09:22:22.510,0.99451,0.99459,1.00,1.12
2018.05.29 09:22:23.026,0.99451,0.9946,2.44,1.00
2018.05.29 09:22:23.888,0.99451,0.9946,1.31,1.00
2018.05.29 09:22:24.390,0.99451,0.9946,1.31,1.37
2018.05.29 09:22:24.944,0.99452,0.9946,1.00,1.37
2018.05.29 09:22:25.475,0.9945,0.9946,3.56,1.37
2018.05.29 09:22:27.070,0.99448,0.99457,1.87,1.12
2018.05.29 09:22:27.122,0.9945,0.99456,1.00,1.00
2018.05.29 09:22:27.615,0.99448,0.99456,1.50,1.37
2018.05.29 09:22:28.168,0.99449,0.99456,1.00,1.37
2018.05.29 09:22:28.932,0.99447,0.99454,1.00,1.37
2018.05.29 09:22:29.090,0.99448,0.99454,1.00,1.00
2018.05.29 09:22:29.247,0.99446,0.99454,1.00,1.00
2018.05.29 09:22:29.353,0.99449,0.99456,1.00,2.25
2018.05.29 09:22:29.902,0.99449,0.99457,1.00,1.12
2018.05.29 09:22:34.110,0.99449,0.99458,1.50,1.12
2018.05.29 09:22:34.447,0.99452,0.99461,1.25,1.87
2018.05.29 09:22:34.832,0.9945,0.99458,1.25,1.00
2018.05.29 09:22:35.347,0.99449,0.99458,1.31,1.00
2018.05.29 09:22:35.399,0.9945,0.9946,1.50,1.12
2018.05.29 09:22:35.520,0.99449,0.99458,1.00,1.00
2018.05.29 09:22:36.043,0.99449,0.99457,1.00,1.00
2018.05.29 09:22:36.627,0.99448,0.99456,1.00,1.00
2018.05.29 09:22:37.167,0.99449,0.99458,1.00,1.00
2018.05.29 09:22:37.374,0.9945,0.9946,1.12,1.12
2018.05.29 09:22:37.582,0.99449,0.99457,1.87,1.12
2018.05.29 09:22:37.778,0.99449,0.99459,1.12,1.00
2018.05.29 09:22:38.302,0.99449,0.99458,4.31,1.00
2018.05.29 09:22:38.804,0.9945,0.99459,1.00,1.00
2018.05.29 09:22:39.345,0.9945,0.99458,1.00,1.00
2018.05.29 09:22:39.862,0.99449,0.99459,2.62,1.12
2018.05.29 09:22:40.781,0.99449,0.99459,3.75,1.37
2018.05.29 09:22:41.317,0.99449,0.99459,3.75,1.00
2018.05.29 09:22:41.428,0.99449,0.99459,2.25,1.37
2018.05.29 09:22:42.267,0.9945,0.99458,1.00,1.00
2018.05.29 09:22:42.782,0.9945,0.99459,1.00,1.00
2018.05.29 09:22:43.374,0.9945,0.99459,2.44,1.00
2018.05.29 09:22:43.918,0.9945,0.99459,2.44,1.00
2018.05.29 09:22:45.639,0.9945,0.99459,2.44,1.00
2018.05.29 09:22:46.190,0.99451,0.99461,1.00,1.62
2018.05.29 09:22:46.574,0.99449,0.9946,3.37,2.06
2018.05.29 09:22:48.246,0.9945,0.9946,1.87,1.37
2018.05.29 09:22:48.981,0.99451,0.9946,1.69,1.12
2018.05.29 09:22:49.244,0.9945,0.9946,1.12,1.12
2018.05.29 09:22:50.087,0.9945,0.99462,2.06,1.87
2018.05.29 09:22:50.657,0.9945,0.99462,1.87,2.06
2018.05.29 09:22:51.526,0.9945,0.99462,1.87,2.06
2018.05.29 09:22:52.038,0.9945,0.99462,2.06,2.06
2018.05.29 09:22:53.667,0.9945,0.99462,2.06,1.87
2018.05.29 09:22:54.231,0.9945,0.99462,2.06,2.06
2018.05.29 09:22:55.612,0.9945,0.99461,2.06,1.37
2018.05.29 09:22:56.122,0.99451,0.99461,1.25,1.12
2018.05.29 09:23:02.691,0.99451,0.9946,1.00,1.00
2018.05.29 09:23:03.217,0.9945,0.9946,1.50,1.25
2018.05.29 09:23:03.320,0.9945,0.9946,1.00,1.56
2018.05.29 09:23:03.764,0.99451,0.99461,1.31,1.37
2018.05.29 09:23:05.163,0.9945,0.99459,1.87,1.12
2018.05.29 09:23:07.366,0.99451,0.99462,1.00,2.81
2018.05.29 09:23:07.900,0.9945,0.99461,1.87,1.62
2018.05.29 09:23:09.428,0.9945,0.9946,1.87,1.12
2018.05.29 09:23:09.846,0.9945,0.99458,1.00,1.00
2018.05.29 09:23:10.004,0.99448,0.99458,3.00,1.37
2018.05.29 09:23:10.514,0.99449,0.99459,1.50,1.37
2018.05.29 09:23:11.480,0.99449,0.99458,1.50,1.00
2018.05.29 09:23:12.031,0.99449,0.99459,1.50,1.12
2018.05.29 09:23:12.245,0.99448,0.99457,1.00,1.00
2018.05.29 09:23:12.560,0.99445,0.99453,1.00,1.12
2018.05.29 09:23:14.198,0.99444,0.99453,1.00,1.12
2018.05.29 09:23:14.726,0.99444,0.99452,1.00,1.00
2018.05.29 09:23:15.250,0.99443,0.99452,1.50,1.00
2018.05.29 09:23:16.735,0.99443,0.99452,1.00,1.37
2018.05.29 09:23:21.242,0.99443,0.99452,1.00,1.12
2018.05.29 09:23:22.992,0.99443,0.99453,1.19,1.37
2018.05.29 09:23:24.296,0.99443,0.99453,1.00,1.37
2018.05.29 09:23:24.832,0.99442,0.99453,2.81,1.37
2018.05.29 09:23:27.521,0.99442,0.99452,2.06,1.12
2018.05.29 09:23:28.042,0.99442,0.99452,1.00,1.12
2018.05.29 09:23:28.564,0.9944,0.99451,3.56,1.00
2018.05.29 09:23:29.086,0.9944,0.99452,3.94,1.12
2018.05.29 09:23:29.447,0.99439,0.9945,4.69,1.12
2018.05.29 09:23:29.964,0.99439,0.99449,3.94,1.00
2018.05.29 09:23:31.188,0.9944,0.99449,1.00,3.37
2018.05.29 09:23:31.701,0.9944,0.9945,1.69,1.37
2018.05.29 09:23:33.667,0.9944,0.9945,1.00,1.37
2018.05.29 09:23:34.808,0.99439,0.9945,1.87,1.37
2018.05.29 09:23:35.325,0.9944,0.9945,1.00,1.50
2018.05.29 09:23:35.483,0.9944,0.99448,1.25,1.00
2018.05.29 09:23:36.020,0.9944,0.99449,1.25,1.00
2018.05.29 09:23:36.705,0.99441,0.99449,1.37,1.00
2018.05.29 09:23:36.757,0.99441,0.99451,1.69,1.10
2018.05.29 09:23:37.884,0.99441,0.99451,3.19,1.00
2018.05.29 09:23:38.418,0.99441,0.99451,3.00,1.00
2018.05.29 09:23:39.312,0.9944,0.99449,1.50,1.00
2018.05.29 09:23:39.864,0.99439,0.99448,1.87,1.00
2018.05.29 09:23:40.659,0.9944,0.99449,1.87,1.00
2018.05.29 09:23:41.051,0.99438,0.99447,2.81,1.00
2018.05.29 09:23:42.123,0.99439,0.99447,1.12,1.00
2018.05.29 09:23:42.649,0.99439,0.99447,1.62,1.00
2018.05.29 09:23:43.168,0.99439,0.99448,1.19,1.00
2018.05.29 09:23:43.530,0.99438,0.99448,1.31,1.50
2018.05.29 09:23:43.692,0.99437,0.99448,3.94,1.37
2018.05.29 09:23:44.146,0.99439,0.99448,1.69,1.12
2018.05.29 09:23:45.022,0.99438,0.99448,2.62,1.12
2018.05.29 09:23:45.681,0.99439,0.99448,1.00,1.12
2018.05.29 09:23:46.331,0.9944,0.99448,1.00,1.12
2018.05.29 09:23:47.045,0.99439,0.9945,1.87,1.37
2018.05.29 09:23:47.467,0.99441,0.99452,1.00,1.87
2018.05.29 09:23:47.986,0.9944,0.99452,2.06,2.62
2018.05.29 09:23:48.784,0.99439,0.9945,3.19,1.12
2018.05.29 09:23:52.853,0.9944,0.99451,1.00,1.87
2018.05.29 09:23:53.512,0.9944,0.9945,1.37,1.00
2018.05.29 09:23:55.429,0.9944,0.9945,2.06,1.00
2018.05.29 09:23:55.481,0.9944,0.99452,2.06,1.00
2018.05.29 09:23:55.998,0.99442,0.99453,1.69,2.25
2018.05.29 09:23:56.544,0.9944,0.99452,3.56,1.00
2018.05.29 09:23:57.424,0.9944,0.99453,3.56,1.50
2018.05.29 09:23:57.936,0.99441,0.99452,2.44,1.00
2018.05.29 09:23:58.458,0.99442,0.99452,1.37,1.00
2018.05.29 09:23:59.386,0.99442,0.99453,2.89,1.00
2018.05.29 09:24:03.116,0.99443,0.99454,1.66,1.00
2018.05.29 09:24:04.153,0.99444,0.99455,4.31,1.00
2018.05.29 09:24:04.419,0.99445,0.99457,2.14,2.25
2018.05.29 09:24:05.241,0.99445,0.99456,2.51,1.00
2018.05.29 09:24:05.753,0.99446,0.99457,2.14,1.00
2018.05.29 09:24:05.906,0.99449,0.99459,2.06,1.00
2018.05.29 09:24:06.009,0.9945,0.99462,1.39,2.25
2018.05.29 09:24:06.527,0.99451,0.99463,1.10,2.62
2018.05.29 09:24:06.630,0.9945,0.99461,2.32,1.00
2018.05.29 09:24:07.214,0.9945,0.99461,1.47,2.25
2018.05.29 09:24:07.704,0.99454,0.99462,1.00,1.00
2018.05.29 09:24:07.810,0.99452,0.99464,1.20,2.62
2018.05.29 09:24:07.914,0.99454,0.99464,1.37,1.69
2018.05.29 09:24:08.350,0.99458,0.99465,1.00,1.00
2018.05.29 09:24:08.455,0.99459,0.99468,1.12,1.69
2018.05.29 09:24:08.864,0.99455,0.99467,1.57,1.00
2018.05.29 09:24:08.920,0.99454,0.99466,1.57,1.69
2018.05.29 09:24:09.347,0.99459,0.99466,1.00,2.06
2018.05.29 09:24:09.580,0.99459,0.99467,1.00,3.75
2018.05.29 09:24:09.684,0.99454,0.99466,1.76,1.50
2018.05.29 09:24:09.791,0.99459,0.99466,1.00,1.69
2018.05.29 09:24:09.844,0.99454,0.99465,1.95,1.00
2018.05.29 09:24:09.948,0.99459,0.99466,1.00,1.12
2018.05.29 09:24:10.054,0.99454,0.99466,1.55,4.12
2018.05.29 09:24:10.107,0.99459,0.99464,1.00,1.00
2018.05.29 09:24:10.240,0.99454,0.99464,1.20,1.00
2018.05.29 09:24:10.293,0.99459,0.99464,1.00,1.00
2018.05.29 09:24:10.350,0.99459,0.99466,1.00,3.75
2018.05.29 09:24:10.404,0.99453,0.99464,1.57,1.00
2018.05.29 09:24:10.460,0.99458,0.99464,1.00,1.25
2018.05.29 09:24:10.566,0.99453,0.99465,1.95,1.12
2018.05.29 09:24:10.672,0.99459,0.99465,1.00,1.12
2018.05.29 09:24:10.829,0.99454,0.99465,1.76,1.87
2018.05.29 09:24:10.936,0.99459,0.99465,1.00,1.12
2018.05.29 09:24:11.229,0.99453,0.99465,3.26,1.31
2018.05.29 09:24:11.435,0.99458,0.99466,1.00,3.19
2018.05.29 09:24:11.540,0.99453,0.99463,1.07,1.00
2018.05.29 09:24:11.592,0.99456,0.99464,1.00,1.50
2018.05.29 09:24:12.227,0.99454,0.99465,1.05,1.87
2018.05.29 09:24:12.332,0.99456,0.99465,1.00,2.06
2018.05.29 09:24:13.235,0.99453,0.99465,2.51,2.06
2018.05.29 09:24:13.416,0.99456,0.99464,1.00,1.12
2018.05.29 09:24:14.176,0.99456,0.99465,1.00,1.12
2018.05.29 09:24:14.982,0.99456,0.99464,1.00,1.00
2018.05.29 09:24:15.485,0.99453,0.99464,2.51,1.00
2018.05.29 09:24:15.538,0.99458,0.99466,1.00,2.62
2018.05.29 09:24:15.697,0.99453,0.99465,3.45,1.87
2018.05.29 09:24:15.805,0.99459,0.99465,1.00,1.37
2018.05.29 09:24:15.858,0.99454,0.99465,2.14,1.37
2018.05.29 09:24:15.963,0.99456,0.99464,1.00,1.37
2018.05.29 09:24:16.359,0.99454,0.99464,1.10,1.12
2018.05.29 09:24:16.410,0.99452,0.99462,2.89,1.00
2018.05.29 09:24:16.718,0.99456,0.99464,1.00,1.00
2018.05.29 09:24:18.990,0.99456,0.99464,1.00,1.37
2018.05.29 09:24:19.501,0.99452,0.99462,3.04,1.00
2018.05.29 09:24:19.553,0.99457,0.99463,1.00,1.12
2018.05.29 09:24:19.710,0.99453,0.99464,2.66,1.37
2018.05.29 09:24:19.763,0.99457,0.99463,1.00,1.12
2018.05.29 09:24:19.924,0.99453,0.99464,2.66,1.37
2018.05.29 09:24:19.977,0.99458,0.99463,1.00,1.37
2018.05.29 09:24:20.030,0.99452,0.99464,2.51,1.87
2018.05.29 09:24:20.134,0.99456,0.99464,1.00,1.87
2018.05.29 09:24:20.186,0.99452,0.99461,1.39,1.00
2018.05.29 09:24:20.291,0.99455,0.99463,1.00,1.12
2018.05.29 09:24:21.406,0.99456,0.99464,1.00,1.37
2018.05.29 09:24:21.930,0.99453,0.99462,1.25,1.00
2018.05.29 09:24:21.983,0.99456,0.99463,1.00,1.12
2018.05.29 09:24:22.598,0.99455,0.99464,1.00,1.12
2018.05.29 09:24:22.914,0.99459,0.99465,1.00,1.37
2018.05.29 09:24:22.967,0.99453,0.99465,4.39,1.87
2018.05.29 09:24:23.020,0.99453,0.99463,1.39,1.00
2018.05.29 09:24:23.073,0.99457,0.99465,1.00,3.19
2018.05.29 09:24:23.532,0.99454,0.99463,1.20,1.12
2018.05.29 09:24:23.585,0.99453,0.99461,1.39,1.00
2018.05.29 09:24:23.903,0.99456,0.99462,1.00,1.00
2018.05.29 09:24:24.010,0.99451,0.99462,1.20,1.87
2018.05.29 09:24:24.071,0.99451,0.9946,1.10,1.00
2018.05.29 09:24:24.384,0.99456,0.99461,1.00,1.12
2018.05.29 09:24:24.642,0.99456,0.99463,1.00,1.87
2018.05.29 09:24:26.107,0.99456,0.99463,1.00,1.37
2018.05.29 09:24:26.702,0.99456,0.99463,1.00,1.12
2018.05.29 09:24:26.912,0.99453,0.99461,1.20,1.00
2018.05.29 09:24:27.251,0.99456,0.99462,1.00,1.87
2018.05.29 09:24:27.795,0.99455,0.99462,1.00,1.00
2018.05.29 09:24:28.334,0.99458,0.99464,1.00,1.37
2018.05.29 09:24:28.440,0.99453,0.99464,3.26,1.37
2018.05.29 09:24:28.493,0.99457,0.99464,1.00,1.87
2018.05.29 09:24:28.600,0.99453,0.99463,3.26,1.12
2018.05.29 09:24:28.729,0.99459,0.99464,1.00,1.87
2018.05.29 09:24:28.781,0.99454,0.99463,1.20,1.00
2018.05.29 09:24:29.295,0.99456,0.99464,1.00,1.12
2018.05.29 09:24:29.348,0.99452,0.99462,4.01,1.00
2018.05.29 09:24:29.682,0.99458,0.99464,1.00,1.12
2018.05.29 09:24:29.789,0.99454,0.99464,1.39,1.12
2018.05.29 09:24:29.894,0.99459,0.99466,1.00,3.19
2018.05.29 09:24:30.511,0.99459,0.99466,1.00,1.87
2018.05.29 09:24:30.932,0.99461,0.99468,1.00,1.12
2018.05.29 09:24:31.514,0.99461,0.99469,1.00,1.12
2018.05.29 09:24:32.401,0.99464,0.99471,1.00,1.00
2018.05.29 09:24:32.556,0.99462,0.99471,1.20,1.37
2018.05.29 09:24:32.608,0.99466,0.99471,1.00,1.37
2018.05.29 09:24:32.712,0.99463,0.99474,1.10,2.06
2018.05.29 09:24:32.839,0.99466,0.99473,1.00,1.12
2018.05.29 09:24:34.393,0.99466,0.99474,1.00,1.12
2018.05.29 09:24:45.584,0.99466,0.99473,1.00,1.37
2018.05.29 09:24:47.692,0.99466,0.99473,1.00,1.00
2018.05.29 09:24:48.237,0.99465,0.99474,2.62,1.12
2018.05.29 09:24:50.703,0.99465,0.99476,1.87,1.62
2018.05.29 09:24:50.874,0.99464,0.99474,4.95,1.00
2018.05.29 09:24:51.234,0.99466,0.99474,1.00,1.37
2018.05.29 09:24:51.730,0.99463,0.99471,2.89,1.00
2018.05.29 09:24:52.040,0.99466,0.99472,1.00,1.37
2018.05.29 09:24:52.573,0.99466,0.99473,1.00,1.37
2018.05.29 09:24:53.954,0.99464,0.99473,1.10,1.37
2018.05.29 09:24:54.079,0.99466,0.99472,1.00,1.37
2018.05.29 09:24:54.185,0.99463,0.99472,1.00,1.37
2018.05.29 09:24:54.238,0.9946,0.99467,1.57,1.00
2018.05.29 09:24:54.395,0.99458,0.99467,1.39,1.12
2018.05.29 09:24:54.918,0.99459,0.99467,1.00,1.12
2018.05.29 09:24:55.464,0.99458,0.99466,1.57,1.00
2018.05.29 09:24:55.991,0.99458,0.99468,1.20,1.87
2018.05.29 09:24:56.943,0.99459,0.99468,1.00,1.37
2018.05.29 09:24:57.895,0.99457,0.99467,1.76,1.12
2018.05.29 09:24:58.443,0.99459,0.99467,1.00,1.12
2018.05.29 09:24:58.599,0.99457,0.99467,2.51,1.12
2018.05.29 09:24:58.651,0.99459,0.99467,1.00,1.12
2018.05.29 09:24:58.756,0.99457,0.99467,4.76,1.12
2018.05.29 09:24:58.809,0.99459,0.99467,1.00,1.12
2018.05.29 09:24:59.315,0.99456,0.99466,2.14,1.00
2018.05.29 09:24:59.524,0.99459,0.99467,1.00,1.12
2018.05.29 09:24:59.647,0.99456,0.99466,2.14,1.00
2018.05.29 09:24:59.699,0.99459,0.99468,1.00,1.37
2018.05.29 09:24:59.820,0.99457,0.99468,2.44,1.37
2018.05.29 09:24:59.926,0.99458,0.99467,4.12,1.12
2018.05.29 09:25:01.119,0.99458,0.99468,1.20,1.37
2018.05.29 09:25:01.635,0.99457,0.99468,3.64,1.87
2018.05.29 09:25:02.182,0.99459,0.99467,1.00,1.12
2018.05.29 09:25:02.727,0.99459,0.99469,2.25,1.87
2018.05.29 09:25:03.203,0.99456,0.99467,4.01,1.00
2018.05.29 09:25:03.256,0.99459,0.99466,1.00,1.12
2018.05.29 09:25:03.363,0.99455,0.99465,1.20,1.37
2018.05.29 09:25:03.422,0.99459,0.99465,1.00,1.37
2018.05.29 09:25:03.609,0.99454,0.99464,2.89,1.12
2018.05.29 09:25:03.662,0.99459,0.99465,1.00,1.87
2018.05.29 09:25:03.823,0.99454,0.99464,3.26,1.00
2018.05.29 09:25:03.883,0.99459,0.99466,1.00,2.62
2018.05.29 09:25:03.989,0.99455,0.99465,1.95,1.12
2018.05.29 09:25:04.096,0.99459,0.99465,1.00,1.00
2018.05.29 09:25:04.396,0.99459,0.99467,1.00,1.12
2018.05.29 09:25:05.022,0.99457,0.99466,4.39,1.00
2018.05.29 09:25:05.560,0.99459,0.99467,1.00,1.12
2018.05.29 09:25:05.663,0.99457,0.99467,3.26,1.12
2018.05.29 09:25:05.715,0.99457,0.99465,2.32,1.00
2018.05.29 09:25:05.766,0.99458,0.99467,1.20,1.12
2018.05.29 09:25:06.292,0.99459,0.99467,1.00,1.12
2018.05.29 09:25:06.396,0.99457,0.99466,1.31,1.00
2018.05.29 09:25:06.448,0.99459,0.99466,1.00,1.00
2018.05.29 09:25:06.809,0.99457,0.99467,2.51,1.12
2018.05.29 09:25:06.861,0.99459,0.99467,1.00,1.12
2018.05.29 09:25:07.798,0.99457,0.99467,2.51,1.12
2018.05.29 09:25:08.339,0.99459,0.99468,1.00,1.87
2018.05.29 09:25:08.889,0.99459,0.99466,1.00,1.00
2018.05.29 09:25:09.435,0.99459,0.99467,1.00,1.12
2018.05.29 09:25:09.949,0.99457,0.99467,5.14,1.12
2018.05.29 09:25:10.491,0.99459,0.99468,1.00,1.87
2018.05.29 09:25:10.543,0.99457,0.99466,1.39,1.00
2018.05.29 09:25:10.597,0.99459,0.99467,1.00,1.12
2018.05.29 09:25:10.857,0.99456,0.99467,4.01,1.12
2018.05.29 09:25:10.909,0.99459,0.99467,1.00,1.12
2018.05.29 09:25:11.033,0.99457,0.99467,1.76,1.12
2018.05.29 09:25:11.088,0.99459,0.99467,1.00,1.12
2018.05.29 09:25:11.397,0.99457,0.99467,2.14,1.12
2018.05.29 09:25:11.449,0.99459,0.99467,1.00,1.12
2018.05.29 09:25:11.764,0.99456,0.99466,1.76,1.00
2018.05.29 09:25:11.817,0.99459,0.99467,1.00,1.12
2018.05.29 09:25:12.211,0.99456,0.99466,2.51,1.12
2018.05.29 09:25:12.264,0.99459,0.99467,1.00,1.37
2018.05.29 09:25:12.369,0.99456,0.99465,1.32,1.00
2018.05.29 09:25:12.422,0.99459,0.99464,1.00,1.12
2018.05.29 09:25:12.580,0.99455,0.99464,1.39,1.00
2018.05.29 09:25:12.633,0.99459,0.99466,1.00,1.87
2018.05.29 09:25:12.878,0.99456,0.99466,5.51,1.00
2018.05.29 09:25:13.089,0.99455,0.99464,1.20,1.00
2018.05.29 09:25:13.404,0.99459,0.99466,1.00,1.37
2018.05.29 09:25:14.798,0.99456,0.99466,1.95,1.37
2018.05.29 09:25:14.966,0.99459,0.99466,1.00,1.37
2018.05.29 09:25:15.029,0.99455,0.99464,1.39,1.00
2018.05.29 09:25:15.082,0.99459,0.99465,1.00,1.12
2018.05.29 09:25:15.186,0.99454,0.99465,1.76,1.87
2018.05.29 09:25:15.289,0.99459,0.99465,1.00,1.87
2018.05.29 09:25:15.393,0.99454,0.99465,1.76,1.87
2018.05.29 09:25:15.898,0.99453,0.99463,2.32,1.00
2018.05.29 09:25:16.261,0.99459,0.99465,1.00,1.12
2018.05.29 09:25:16.365,0.99456,0.99466,3.75,1.12
2018.05.29 09:25:16.469,0.99459,0.99466,1.00,1.12
2018.05.29 09:25:16.574,0.99456,0.99466,2.51,1.87
2018.05.29 09:25:16.627,0.99459,0.99466,1.00,1.87
2018.05.29 09:25:16.944,0.99455,0.99466,1.01,1.12
2018.05.29 09:25:16.998,0.99459,0.99466,1.00,1.87
2018.05.29 09:25:17.105,0.99456,0.99465,1.39,1.00
2018.05.29 09:25:17.159,0.99459,0.99466,1.00,1.12
2018.05.29 09:25:17.315,0.99456,0.99466,1.39,1.12
2018.05.29 09:25:17.368,0.99459,0.99465,1.00,1.37
2018.05.29 09:25:17.473,0.99454,0.99463,1.16,1.00
2018.05.29 09:25:17.612,0.99459,0.99465,1.00,1.87
2018.05.29 09:25:17.666,0.99453,0.99465,3.26,2.62
2018.05.29 09:25:17.719,0.99458,0.99463,1.00,1.00
2018.05.29 09:25:17.824,0.99459,0.99466,1.00,1.87
2018.05.29 09:25:17.981,0.99455,0.99464,1.10,1.00
2018.05.29 09:25:18.054,0.99459,0.99465,1.00,1.37
2018.05.29 09:25:18.160,0.99454,0.99465,2.70,2.62
2018.05.29 09:25:18.288,0.99459,0.99465,1.00,1.50
2018.05.29 09:25:18.393,0.99455,0.99465,1.10,1.87
2018.05.29 09:25:18.500,0.99459,0.99464,1.00,1.00
2018.05.29 09:25:18.659,0.99454,0.99464,2.14,1.12
2018.05.29 09:25:18.765,0.99458,0.99465,1.00,1.87
2018.05.29 09:25:18.871,0.99454,0.99464,1.57,1.00
2018.05.29 09:25:19.010,0.99459,0.99464,1.00,1.00
2018.05.29 09:25:19.115,0.99453,0.99463,4.01,1.00
2018.05.29 09:25:19.167,0.99459,0.99464,1.00,1.87
2018.05.29 09:25:19.270,0.99453,0.99464,6.07,1.87
2018.05.29 09:25:19.374,0.99459,0.99465,1.00,1.87
2018.05.29 09:25:19.426,0.99453,0.99464,5.51,1.37
2018.05.29 09:25:19.530,0.99459,0.99465,1.00,1.37
2018.05.29 09:25:19.582,0.99456,0.99465,1.00,1.37
2018.05.29 09:25:19.634,0.99453,0.99464,2.70,1.37
2018.05.29 09:25:19.687,0.99459,0.99465,1.00,1.37
2018.05.29 09:25:19.853,0.99454,0.99465,1.25,1.37
2018.05.29 09:25:19.958,0.99459,0.99465,1.00,1.87
2018.05.29 09:25:20.013,0.99455,0.99465,1.10,1.87
2018.05.29 09:25:20.117,0.99459,0.99465,1.00,2.62
2018.05.29 09:25:20.325,0.99454,0.99463,1.20,1.00
2018.05.29 09:25:20.377,0.99458,0.99464,1.00,1.37
2018.05.29 09:25:20.481,0.99453,0.99463,3.26,1.12
2018.05.29 09:25:20.648,0.99459,0.99464,1.00,1.37
2018.05.29 09:25:20.702,0.99455,0.99463,1.00,1.12
2018.05.29 09:25:20.753,0.99457,0.99463,1.00,1.12
2018.05.29 09:25:20.962,0.99454,0.99464,1.07,1.12
2018.05.29 09:25:21.013,0.99454,0.99462,1.07,1.00
2018.05.29 09:25:21.183,0.99453,0.99464,2.51,1.12
2018.05.29 09:25:21.236,0.99458,0.99465,1.00,1.62
2018.05.29 09:25:21.338,0.99455,0.99465,1.00,1.87
2018.05.29 09:25:21.605,0.99459,0.99465,1.00,2.62
2018.05.29 09:25:21.709,0.99455,0.99465,1.10,1.87
2018.05.29 09:25:21.765,0.99454,0.99463,1.76,1.00
2018.05.29 09:25:22.159,0.99453,0.99465,2.51,2.62
2018.05.29 09:25:22.212,0.99459,0.99465,1.00,1.87
2018.05.29 09:25:22.265,0.99454,0.99463,1.32,1.00
2018.05.29 09:25:22.370,0.99459,0.99463,1.00,1.00
2018.05.29 09:25:22.578,0.99458,0.99465,1.00,1.12
2018.05.29 09:25:22.787,0.99456,0.99465,1.00,1.12
2018.05.29 09:25:22.893,0.99459,0.99466,1.00,1.87
2018.05.29 09:25:23.011,0.99455,0.99466,1.10,2.06
2018.05.29 09:25:23.063,0.99459,0.99466,1.00,1.87
2018.05.29 09:25:23.219,0.99457,0.99464,1.00,1.00
2018.05.29 09:25:23.323,0.99459,0.99465,1.00,1.12
2018.05.29 09:25:23.374,0.99454,0.99465,1.76,1.12
2018.05.29 09:25:23.426,0.99458,0.99464,1.00,1.00
2018.05.29 09:25:23.635,0.99455,0.99463,1.20,1.00
2018.05.29 09:25:23.688,0.99458,0.99463,1.00,1.00
2018.05.29 09:25:23.804,0.99456,0.99465,1.00,1.12
2018.05.29 09:25:23.859,0.99459,0.99467,1.00,2.62
2018.05.29 09:25:24.689,0.99459,0.99466,1.00,1.00
2018.05.29 09:25:25.208,0.99459,0.99467,1.00,1.12
2018.05.29 09:25:25.756,0.99459,0.99468,1.00,1.12
2018.05.29 09:25:26.020,0.99457,0.99467,1.01,1.00
2018.05.29 09:25:26.073,0.99459,0.99467,1.00,1.00
2018.05.29 09:25:26.719,0.99457,0.99467,1.57,1.00
2018.05.29 09:25:27.221,0.99459,0.99467,1.00,1.00
2018.05.29 09:25:27.273,0.99457,0.99467,1.20,1.00
2018.05.29 09:25:27.377,0.99459,0.99467,2.25,1.00
2018.05.29 09:25:27.921,0.99459,0.99468,1.50,1.12
2018.05.29 09:25:28.536,0.99458,0.99467,1.95,1.00
2018.05.29 09:25:29.068,0.99459,0.99467,1.00,1.12
2018.05.29 09:25:29.281,0.99459,0.99469,6.19,1.00
2018.05.29 09:25:29.824,0.99461,0.9947,1.95,1.12
2018.05.29 09:25:30.353,0.99461,0.9947,1.47,1.12
2018.05.29 09:25:31.646,0.9946,0.9947,2.32,1.12
2018.05.29 09:25:31.857,0.99464,0.99471,1.00,1.37
2018.05.29 09:25:31.964,0.9946,0.99471,2.70,1.37
2018.05.29 09:25:32.018,0.9946,0.99469,2.32,1.00
2018.05.29 09:25:32.072,0.99463,0.99472,1.00,1.87
2018.05.29 09:25:32.288,0.99461,0.99471,1.20,1.37
2018.05.29 09:25:32.392,0.99464,0.99471,1.00,1.37
2018.05.29 09:25:32.495,0.99461,0.99471,1.20,1.37
2018.05.29 09:25:32.547,0.99464,0.99471,1.00,1.37
2018.05.29 09:25:32.652,0.9946,0.99471,3.45,1.37
2018.05.29 09:25:32.703,0.99464,0.99471,1.00,1.37
2018.05.29 09:25:32.858,0.99461,0.9947,1.07,1.12
2018.05.29 09:25:32.910,0.99464,0.9947,1.00,1.12
2018.05.29 09:25:33.013,0.99462,0.99471,1.20,1.37
2018.05.29 09:25:33.106,0.99464,0.99471,1.00,1.37
2018.05.29 09:25:33.210,0.99462,0.99471,1.10,1.37
2018.05.29 09:25:33.263,0.99464,0.99471,1.00,1.37
2018.05.29 09:25:33.366,0.99462,0.99471,1.00,1.37
2018.05.29 09:25:33.417,0.9946,0.99471,2.32,1.37
2018.05.29 09:25:33.470,0.99464,0.99472,1.00,1.37
2018.05.29 09:25:33.574,0.99461,0.99472,1.20,1.37
2018.05.29 09:25:33.679,0.99464,0.99472,1.00,1.37
2018.05.29 09:25:33.731,0.99461,0.9947,1.57,1.12
2018.05.29 09:25:33.836,0.99464,0.99472,1.00,1.37
2018.05.29 09:25:33.889,0.99461,0.99472,1.95,1.37
2018.05.29 09:25:33.995,0.99464,0.99472,1.00,1.37
2018.05.29 09:25:34.125,0.99461,0.99472,1.10,1.37
2018.05.29 09:25:34.177,0.99464,0.99472,1.00,1.37
2018.05.29 09:25:34.280,0.99461,0.99472,3.07,1.37
2018.05.29 09:25:34.333,0.99464,0.99472,1.00,1.37
2018.05.29 09:25:34.435,0.99462,0.99472,1.20,1.37
2018.05.29 09:25:34.541,0.99464,0.99472,1.00,1.37
2018.05.29 09:25:34.593,0.99462,0.9947,1.50,1.00
2018.05.29 09:25:34.697,0.99464,0.99472,1.00,1.37
2018.05.29 09:25:34.800,0.99462,0.99472,1.20,1.37
2018.05.29 09:25:34.903,0.99464,0.99471,1.00,1.12
2018.05.29 09:25:35.171,0.99461,0.99471,1.95,1.12
2018.05.29 09:25:35.222,0.99464,0.99471,1.00,1.12
2018.05.29 09:25:35.325,0.99462,0.99471,1.95,1.12
2018.05.29 09:25:35.428,0.99464,0.99472,1.00,1.37
2018.05.29 09:25:35.531,0.99461,0.99472,2.51,1.12
2018.05.29 09:25:35.583,0.99466,0.99473,1.00,1.87
2018.05.29 09:25:35.863,0.99466,0.99473,1.00,1.12
2018.05.29 09:25:36.440,0.99464,0.9947,1.10,1.19
2018.05.29 09:25:36.534,0.99466,0.99473,1.00,1.69
2018.05.29 09:25:36.587,0.9946,0.99467,1.87,1.00
2018.05.29 09:25:37.115,0.99459,0.99468,1.10,1.12
2018.05.29 09:25:37.630,0.99459,0.99467,1.12,1.00
2018.05.29 09:25:38.133,0.99459,0.99468,1.87,1.12
2018.05.29 09:25:38.793,0.99461,0.99469,1.00,1.37
2018.05.29 09:25:39.106,0.99461,0.9947,1.00,1.12
2018.05.29 09:25:43.247,0.9946,0.9947,1.95,1.12
2018.05.29 09:25:43.404,0.9946,0.99468,1.95,1.00
2018.05.29 09:25:43.458,0.99461,0.9947,1.76,1.12
2018.05.29 09:25:43.982,0.99462,0.9947,1.00,1.12
2018.05.29 09:25:46.144,0.99461,0.9947,1.95,1.12
2018.05.29 09:25:46.672,0.99461,0.99469,1.57,1.00
2018.05.29 09:25:47.198,0.99461,0.9947,1.10,1.12
2018.05.29 09:25:47.742,0.99461,0.99469,1.10,1.00
2018.05.29 09:25:48.272,0.99461,0.9947,1.10,1.12
2018.05.29 09:25:49.909,0.99461,0.99469,1.20,1.00
2018.05.29 09:25:50.285,0.99459,0.99469,2.62,1.25
2018.05.29 09:25:50.389,0.99459,0.99467,1.00,1.12
2018.05.29 09:25:50.441,0.99457,0.99467,4.12,1.12
2018.05.29 09:25:50.493,0.99457,0.99467,1.12,1.37
2018.05.29 09:25:50.651,0.99457,0.99467,1.00,1.12
2018.05.29 09:25:50.789,0.99457,0.99465,1.00,1.00
2018.05.29 09:25:51.304,0.99456,0.99466,2.25,1.00
2018.05.29 09:25:53.549,0.99456,0.99465,2.44,1.00
2018.05.29 09:25:53.967,0.99456,0.99465,1.00,1.37
2018.05.29 09:25:54.738,0.99455,0.99464,1.00,1.37
2018.05.29 09:25:56.738,0.99454,0.99463,2.25,1.12
2018.05.29 09:25:57.544,0.99454,0.99463,1.00,1.37
2018.05.29 09:26:03.864,0.99453,0.99462,1.57,1.12
2018.05.29 09:26:04.280,0.99454,0.99463,2.25,1.00
2018.05.29 09:26:04.784,0.99455,0.99464,1.57,1.00
2018.05.29 09:26:05.348,0.99455,0.99464,1.76,1.00
2018.05.29 09:26:07.416,0.99454,0.99464,3.82,1.00
2018.05.29 09:26:08.121,0.99455,0.99464,1.57,1.00
2018.05.29 09:26:09.613,0.99455,0.99463,1.20,1.00
2018.05.29 09:26:10.193,0.99455,0.99463,1.00,1.00
2018.05.29 09:26:10.944,0.99454,0.99463,3.82,1.00
2018.05.29 09:26:11.464,0.99454,0.99463,3.45,1.00
2018.05.29 09:26:12.113,0.99454,0.99463,3.07,1.00
2018.05.29 09:26:12.649,0.99454,0.99463,4.20,1.00
2018.05.29 09:26:15.421,0.99456,0.99465,4.69,1.12
2018.05.29 09:26:15.932,0.99455,0.99465,3.82,1.87
2018.05.29 09:26:16.652,0.99457,0.99465,1.20,1.00
2018.05.29 09:26:17.006,0.99457,0.99467,3.82,1.87
2018.05.29 09:26:17.569,0.99459,0.99467,1.87,1.12
2018.05.29 09:26:18.297,0.99461,0.99468,3.37,1.37
2018.05.29 09:26:18.497,0.99461,0.99469,2.62,1.00
2018.05.29 09:26:18.550,0.99462,0.99471,3.82,1.12
2018.05.29 09:26:19.207,0.99463,0.99471,1.50,1.12
2018.05.29 09:26:20.055,0.99464,0.99472,3.82,1.12
2018.05.29 09:26:21.520,0.99465,0.99473,1.00,1.37
2018.05.29 09:26:21.771,0.99467,0.99473,1.12,1.00
2018.05.29 09:26:22.272,0.99466,0.99474,3.07,1.00
2018.05.29 09:26:22.881,0.99467,0.99475,3.00,1.12
2018.05.29 09:26:24.168,0.99466,0.99475,3.07,1.12
2018.05.29 09:26:24.716,0.99466,0.99476,3.45,1.37
2018.05.29 09:26:26.035,0.99466,0.99475,3.82,1.12
2018.05.29 09:26:26.549,0.99466,0.99476,3.82,1.37
2018.05.29 09:26:28.117,0.99466,0.99476,4.57,1.37
2018.05.29 09:26:28.668,0.99466,0.99475,3.45,1.12
2018.05.29 09:26:31.847,0.99467,0.99475,1.00,1.37
2018.05.29 09:26:32.241,0.99469,0.99477,2.44,1.37
2018.05.29 09:26:32.293,0.9947,0.99478,2.62,1.00
2018.05.29 09:26:32.345,0.99474,0.99481,1.12,1.37
2018.05.29 09:26:32.398,0.99474,0.99482,1.87,1.00
2018.05.29 09:26:32.553,0.99477,0.99487,1.50,1.37
2018.05.29 09:26:32.892,0.99481,0.99492,1.12,3.94
2018.05.29 09:26:32.996,0.99481,0.99493,1.95,3.56
2018.05.29 09:26:33.624,0.99481,0.99492,3.07,1.62
2018.05.29 09:26:33.890,0.99481,0.99491,2.32,1.37
2018.05.29 09:26:33.996,0.99481,0.99492,1.57,1.62
2018.05.29 09:26:37.336,0.99483,0.99493,1.12,1.37
2018.05.29 09:26:37.716,0.99484,0.99495,1.95,3.94
2018.05.29 09:26:39.349,0.99483,0.99495,2.70,3.56
2018.05.29 09:26:40.513,0.99484,0.99495,1.20,3.19
2018.05.29 09:26:41.306,0.99484,0.99494,1.00,1.56
2018.05.29 09:26:41.995,0.99484,0.99494,1.87,1.56
2018.05.29 09:26:42.514,0.99484,0.99495,1.95,1.69
2018.05.29 09:26:50.204,0.99485,0.99497,1.57,6.94
2018.05.29 09:26:50.757,0.99486,0.99496,1.12,1.37
2018.05.29 09:26:53.581,0.99485,0.99496,1.57,1.87
2018.05.29 09:26:54.110,0.99486,0.99496,1.12,1.37
2018.05.29 09:26:54.549,0.99486,0.99495,1.00,1.56
2018.05.29 09:26:54.601,0.99484,0.99495,3.07,1.56
2018.05.29 09:27:01.181,0.99484,0.99496,3.75,5.06
2018.05.29 09:27:06.533,0.99485,0.99496,1.00,1.69
2018.05.29 09:27:07.948,0.99484,0.99496,3.82,3.19
2018.05.29 09:27:09.415,0.99483,0.99494,3.45,1.56
2018.05.29 09:27:09.954,0.99484,0.99494,1.50,2.06
2018.05.29 09:27:10.495,0.99485,0.99495,1.00,1.69
2018.05.29 09:27:11.390,0.99486,0.99496,1.00,2.44
2018.05.29 09:27:12.099,0.99489,0.99499,1.00,2.06
2018.05.29 09:27:12.620,0.99489,0.99501,2.25,3.56
2018.05.29 09:27:13.155,0.9949,0.99501,2.25,1.69
2018.05.29 09:27:13.730,0.99491,0.99502,2.25,2.81
2018.05.29 09:27:14.055,0.99491,0.99502,1.50,1.69
2018.05.29 09:27:14.318,0.99493,0.99504,2.25,3.19
2018.05.29 09:27:14.828,0.99494,0.99504,1.00,1.69
2018.05.29 09:27:15.952,0.99493,0.99503,1.00,1.69
2018.05.29 09:27:16.158,0.99491,0.99502,1.50,1.56
2018.05.29 09:27:16.262,0.99494,0.99502,1.00,2.06
2018.05.29 09:27:16.418,0.99492,0.99503,1.00,2.81
2018.05.29 09:27:16.471,0.99494,0.99504,1.00,3.94
2018.05.29 09:27:16.574,0.99494,0.99504,1.00,2.44
2018.05.29 09:27:21.208,0.99494,0.99504,1.00,1.62
2018.05.29 09:27:21.824,0.99494,0.99505,1.12,3.19
2018.05.29 09:27:22.155,0.99494,0.99505,1.87,4.31
2018.05.29 09:27:22.668,0.99493,0.99504,1.87,1.69
2018.05.29 09:27:23.179,0.99493,0.99504,3.45,2.06
2018.05.29 09:27:24.291,0.99494,0.99505,1.00,2.81
2018.05.29 09:27:24.929,0.99493,0.99504,1.95,1.56
2018.05.29 09:27:25.597,0.99494,0.99504,1.00,2.06
2018.05.29 09:27:26.137,0.99494,0.99504,1.00,4.31
2018.05.29 09:27:26.758,0.99494,0.99504,1.00,3.56
2018.05.29 09:27:27.097,0.99492,0.99503,1.95,2.44
2018.05.29 09:27:27.315,0.99492,0.99503,1.87,2.44
2018.05.29 09:27:27.740,0.99493,0.99503,1.00,1.75
2018.05.29 09:27:28.254,0.99492,0.99501,2.25,1.37
2018.05.29 09:27:30.173,0.99492,0.99502,3.00,1.69
2018.05.29 09:27:30.704,0.99494,0.99502,1.00,1.62
2018.05.29 09:27:31.421,0.99494,0.99503,1.00,1.69
2018.05.29 09:27:31.478,0.99492,0.99502,3.00,1.69
2018.05.29 09:27:32.443,0.99491,0.99501,1.87,1.62
2018.05.29 09:27:32.598,0.9949,0.995,1.50,2.81
2018.05.29 09:27:32.925,0.99489,0.99497,1.00,3.19
2018.05.29 09:27:33.233,0.99487,0.99496,1.00,2.06
2018.05.29 09:27:33.285,0.99489,0.99496,1.00,1.62
2018.05.29 09:27:33.601,0.99485,0.99493,1.00,1.37
2018.05.29 09:27:38.164,0.99484,0.99494,1.50,3.56
2018.05.29 09:27:39.102,0.99485,0.99494,1.00,2.06
2018.05.29 09:27:39.635,0.99486,0.99494,1.00,2.06
2018.05.29 09:27:43.542,0.99486,0.99491,1.00,1.00
2018.05.29 09:27:43.790,0.99484,0.99491,1.00,1.00
2018.05.29 09:27:44.264,0.99484,0.99488,1.00,1.00
2018.05.29 09:27:44.371,0.99473,0.99481,2.89,1.56
2018.05.29 09:27:44.426,0.99473,0.99478,1.00,2.81
2018.05.29 09:27:44.785,0.99474,0.9948,1.00,1.12
2018.05.29 09:27:45.308,0.99474,0.9948,1.50,1.37
2018.05.29 09:27:45.857,0.99475,0.9948,1.00,1.00
2018.05.29 09:27:46.397,0.99474,0.99482,1.50,1.62
2018.05.29 09:27:50.172,0.99474,0.99483,1.00,3.94
2018.05.29 09:27:53.115,0.99474,0.99482,1.00,1.62
2018.05.29 09:27:53.998,0.99474,0.99482,1.00,1.12
2018.05.29 09:27:54.154,0.99474,0.99481,1.00,1.37
2018.05.29 09:27:54.700,0.99474,0.99482,1.00,1.37
2018.05.29 09:27:55.001,0.99474,0.99482,1.00,1.37
2018.05.29 09:27:56.795,0.99471,0.99482,1.07,1.62
2018.05.29 09:27:56.901,0.99474,0.99483,1.00,2.44
2018.05.29 09:27:59.086,0.99474,0.99483,1.00,1.69
2018.05.29 09:28:00.476,0.99474,0.99482,1.50,1.62
2018.05.29 09:28:00.685,0.99474,0.99483,1.10,1.69
2018.05.29 09:28:04.239,0.99475,0.99484,1.00,1.69
2018.05.29 09:28:05.666,0.99475,0.99485,1.10,1.62
2018.05.29 09:28:08.081,0.99476,0.99485,1.00,1.56
2018.05.29 09:28:09.738,0.99474,0.99484,1.57,1.56
2018.05.29 09:28:10.264,0.99475,0.99484,1.00,1.62
2018.05.29 09:28:11.229,0.99475,0.99484,1.00,1.62
2018.05.29 09:28:11.736,0.99474,0.99485,1.57,2.81
2018.05.29 09:28:12.686,0.99476,0.99484,1.00,1.62
2018.05.29 09:28:12.738,0.99474,0.99484,1.10,1.69
2018.05.29 09:28:13.273,0.99474,0.99484,1.57,1.62
2018.05.29 09:28:14.678,0.99475,0.99484,1.00,1.62
2018.05.29 09:28:14.887,0.99481,0.99487,1.00,2.25
2018.05.29 09:28:14.939,0.99483,0.99493,1.31,1.87
2018.05.29 09:28:14.993,0.99485,0.99493,1.10,1.12
2018.05.29 09:28:15.075,0.99484,0.99496,2.14,2.44
2018.05.29 09:28:15.128,0.99485,0.99497,1.20,1.62
2018.05.29 09:28:15.443,0.99487,0.99498,1.07,2.44
2018.05.29 09:28:15.976,0.99489,0.99499,1.00,3.00
2018.05.29 09:28:16.401,0.9949,0.99502,1.87,4.69
2018.05.29 09:28:16.558,0.99492,0.99504,1.00,4.69
2018.05.29 09:28:17.093,0.99493,0.99504,1.00,4.69
2018.05.29 09:28:18.845,0.99494,0.99505,1.00,3.19
2018.05.29 09:28:20.854,0.99492,0.99504,1.20,1.56
2018.05.29 09:28:23.529,0.99494,0.99505,1.00,5.06
2018.05.29 09:28:24.054,0.99492,0.99505,1.57,5.06
2018.05.29 09:28:26.821,0.99494,0.99505,1.00,5.06
2018.05.29 09:28:30.401,0.99493,0.99503,1.10,1.62
2018.05.29 09:28:31.568,0.99494,0.99503,1.00,1.37
2018.05.29 09:28:34.096,0.99495,0.99504,1.00,2.44
2018.05.29 09:28:39.577,0.99495,0.99503,1.00,1.12
2018.05.29 09:28:39.632,0.99497,0.99505,1.00,1.37
2018.05.29 09:28:39.739,0.99498,0.99508,1.00,2.25
2018.05.29 09:28:39.948,0.99501,0.99509,1.00,1.12
2018.05.29 09:28:40.000,0.99499,0.99509,1.00,2.06
2018.05.29 09:28:40.503,0.99498,0.99509,1.50,1.31
2018.05.29 09:28:40.914,0.995,0.99509,1.00,1.31
2018.05.29 09:28:41.437,0.99499,0.9951,1.00,1.56
2018.05.29 09:28:41.787,0.99497,0.99507,1.00,4.31
2018.05.29 09:28:42.051,0.99494,0.99505,1.00,1.56
2018.05.29 09:28:42.581,0.99494,0.99504,1.00,1.56
2018.05.29 09:28:43.103,0.99493,0.99504,1.50,1.56
2018.05.29 09:28:43.417,0.99495,0.99504,1.00,1.56
2018.05.29 09:28:44.748,0.99495,0.99504,1.00,2.44
2018.05.29 09:28:45.083,0.99493,0.99504,1.00,1.69
2018.05.29 09:28:45.806,0.99494,0.99504,1.00,1.50
2018.05.29 09:28:52.078,0.99493,0.99503,1.00,1.31
2018.05.29 09:28:52.183,0.99493,0.99502,1.00,2.81
2018.05.29 09:28:52.235,0.99491,0.99502,1.00,2.06
2018.05.29 09:28:52.781,0.99492,0.99502,1.00,1.62
2018.05.29 09:28:53.389,0.99492,0.99503,1.00,3.19
2018.05.29 09:28:54.624,0.99493,0.99504,1.00,3.19
2018.05.29 09:28:55.289,0.99492,0.99504,1.00,1.69
2018.05.29 09:28:58.645,0.99491,0.99503,1.00,1.37
2018.05.29 09:28:59.164,0.9949,0.99503,3.37,1.37
2018.05.29 09:29:00.190,0.99494,0.99503,1.00,1.56
2018.05.29 09:29:00.751,0.99493,0.99503,1.00,1.62
2018.05.29 09:29:02.209,0.99492,0.99505,1.00,5.14
2018.05.29 09:29:02.562,0.99494,0.99505,1.00,2.89
2018.05.29 09:29:02.998,0.99498,0.99507,1.00,1.95
2018.05.29 09:29:03.051,0.99498,0.9951,1.50,3.56
2018.05.29 09:29:03.157,0.995,0.9951,1.00,1.62
2018.05.29 09:29:03.683,0.99501,0.99511,1.00,3.19
2018.05.29 09:29:05.878,0.99501,0.99511,1.00,2.06
2018.05.29 09:29:06.576,0.99501,0.99511,1.00,2.06
2018.05.29 09:29:07.170,0.995,0.9951,1.00,1.37
2018.05.29 09:29:08.706,0.995,0.99511,1.00,3.19
2018.05.29 09:29:09.029,0.99501,0.99509,1.00,1.56
2018.05.29 09:29:09.091,0.99501,0.99511,1.00,3.64
2018.05.29 09:29:09.613,0.99501,0.99511,1.00,2.06
2018.05.29 09:29:10.551,0.995,0.99511,1.00,1.62
2018.05.29 09:29:11.008,0.99497,0.99509,2.25,1.12
2018.05.29 09:29:11.060,0.99501,0.9951,1.00,2.44
2018.05.29 09:29:12.263,0.99501,0.99511,1.00,2.62
2018.05.29 09:29:12.776,0.995,0.99511,1.00,1.62
2018.05.29 09:29:13.416,0.995,0.99512,2.44,1.62
2018.05.29 09:29:13.679,0.99504,0.99513,1.00,2.89
2018.05.29 09:29:14.053,0.995,0.99512,2.06,2.06
2018.05.29 09:29:14.107,0.99504,0.99512,1.00,1.62
2018.05.29 09:29:14.425,0.99502,0.99512,1.87,1.12
2018.05.29 09:29:14.534,0.99504,0.99512,1.00,1.62
2018.05.29 09:29:14.585,0.99502,0.99512,1.00,1.62
2018.05.29 09:29:14.908,0.99507,0.99512,1.00,1.00
2018.05.29 09:29:14.960,0.99504,0.99512,1.00,1.00
2018.05.29 09:29:15.219,0.99506,0.99513,1.00,1.00
2018.05.29 09:29:15.386,0.99507,0.99517,1.00,1.62
2018.05.29 09:29:15.489,0.99509,0.99517,1.00,1.37
2018.05.29 09:29:16.172,0.99509,0.99518,1.00,2.06
2018.05.29 09:29:16.705,0.99508,0.99518,2.25,1.37
2018.05.29 09:29:17.101,0.99509,0.9952,1.00,2.06
2018.05.29 09:29:17.360,0.99511,0.9952,1.00,1.87
2018.05.29 09:29:18.691,0.99511,0.9952,1.00,1.37
2018.05.29 09:29:18.871,0.99509,0.9952,2.25,1.62
2018.05.29 09:29:19.408,0.99509,0.99518,1.50,1.31
2018.05.29 09:29:19.932,0.99507,0.99518,1.50,1.12
2018.05.29 09:29:19.986,0.99509,0.99518,1.00,1.12
2018.05.29 09:29:20.328,0.99509,0.99517,1.00,1.62
2018.05.29 09:29:20.382,0.99504,0.99515,1.40,1.37
2018.05.29 09:29:20.489,0.99508,0.99516,1.00,1.37
2018.05.29 09:29:20.543,0.99504,0.99514,1.40,1.12
2018.05.29 09:29:21.658,0.99505,0.99516,2.44,1.37
2018.05.29 09:29:21.765,0.99506,0.99516,2.25,1.12
2018.05.29 09:29:22.094,0.99509,0.99517,1.00,1.37
2018.05.29 09:29:23.833,0.99509,0.99517,1.12,1.00
2018.05.29 09:29:24.046,0.9951,0.99519,1.50,1.00
2018.05.29 09:29:24.359,0.99509,0.99517,1.00,1.00
2018.05.29 09:29:24.413,0.99511,0.9952,1.00,1.31
2018.05.29 09:29:24.971,0.99511,0.99518,1.00,1.00
2018.05.29 09:29:25.508,0.99511,0.99519,1.00,1.00
2018.05.29 09:29:26.662,0.9951,0.99519,2.62,1.00
2018.05.29 09:29:27.242,0.99511,0.99519,1.00,1.00
2018.05.29 09:29:27.768,0.99511,0.99521,1.00,1.37
2018.05.29 09:29:31.382,0.99511,0.99519,1.00,1.12
2018.05.29 09:29:31.434,0.99509,0.99519,4.31,1.12
2018.05.29 09:29:34.864,0.99509,0.99518,1.12,1.00
2018.05.29 09:29:35.279,0.99506,0.99516,2.44,1.00
2018.05.29 09:29:35.331,0.99509,0.99516,1.00,1.00
2018.05.29 09:29:35.861,0.99509,0.99518,1.00,1.62
2018.05.29 09:29:36.461,0.99509,0.99518,1.00,1.31
2018.05.29 09:29:36.968,0.99508,0.99518,1.87,1.31
2018.05.29 09:29:37.301,0.9951,0.99518,1.00,1.00
2018.05.29 09:29:37.467,0.9951,0.9952,1.00,1.00
2018.05.29 09:29:38.337,0.99508,0.9952,1.00,2.06
2018.05.29 09:29:38.547,0.99507,0.99517,1.12,1.00
2018.05.29 09:29:39.060,0.99508,0.99517,1.50,1.00
2018.05.29 09:29:39.573,0.99509,0.99517,1.00,1.00
2018.05.29 09:29:39.998,0.99506,0.99517,3.00,1.69
2018.05.29 09:29:40.051,0.99505,0.99514,1.12,1.00
2018.05.29 09:29:40.366,0.99509,0.99514,1.00,1.00
2018.05.29 09:29:40.694,0.99509,0.99517,1.00,1.37
2018.05.29 09:29:40.799,0.99506,0.99516,1.31,1.12
2018.05.29 09:29:40.902,0.99509,0.99515,1.00,1.12
2018.05.29 09:29:41.007,0.99506,0.99514,1.00,1.00
2018.05.29 09:29:41.059,0.99509,0.99517,1.00,1.62
2018.05.29 09:29:41.110,0.99507,0.99517,1.00,1.37
2018.05.29 09:29:41.162,0.99505,0.99513,1.00,1.00
2018.05.29 09:29:41.482,0.99509,0.99516,1.00,2.06
2018.05.29 09:29:41.586,0.99504,0.99513,1.03,1.12
2018.05.29 09:29:41.638,0.99509,0.99514,1.00,1.37
2018.05.29 09:29:41.741,0.99509,0.99515,1.00,1.00
2018.05.29 09:29:41.792,0.99503,0.99513,4.33,1.00
2018.05.29 09:29:41.896,0.99509,0.99515,1.00,1.37
2018.05.29 09:29:41.948,0.99504,0.99515,1.03,1.37
2018.05.29 09:29:42.052,0.99509,0.99515,1.00,1.37
2018.05.29 09:29:42.225,0.99504,0.99513,1.52,1.00
2018.05.29 09:29:42.277,0.99509,0.99515,1.00,1.12
2018.05.29 09:29:42.381,0.99503,0.99514,1.33,1.00
2018.05.29 09:29:42.434,0.99509,0.99515,1.00,1.12
2018.05.29 09:29:42.592,0.99504,0.99513,1.03,1.00
2018.05.29 09:29:42.646,0.99508,0.99513,1.00,1.12
2018.05.29 09:29:42.750,0.99505,0.99515,1.00,1.00
2018.05.29 09:29:42.857,0.99509,0.99514,1.00,1.00
2018.05.29 09:29:43.067,0.99509,0.99516,1.00,1.12
2018.05.29 09:29:43.224,0.99507,0.99516,1.00,1.00
2018.05.29 09:29:43.740,0.99508,0.99517,1.50,1.12
2018.05.29 09:29:44.439,0.99509,0.99518,1.00,1.37
2018.05.29 09:29:44.893,0.99512,0.99517,1.00,1.00
2018.05.29 09:29:44.947,0.99511,0.99522,2.06,1.45
2018.05.29 09:29:45.458,0.99514,0.99521,1.00,1.37
2018.05.29 09:29:45.510,0.9951,0.99521,2.06,1.37
2018.05.29 09:29:46.035,0.99511,0.99519,1.00,1.00
2018.05.29 09:29:46.618,0.9951,0.99519,1.50,1.00
2018.05.29 09:29:46.938,0.99511,0.99521,1.00,1.12
2018.05.29 09:29:47.197,0.99513,0.99523,1.00,1.62
2018.05.29 09:29:47.325,0.99511,0.99523,1.69,2.81
2018.05.29 09:29:47.379,0.99514,0.99523,1.00,2.06
2018.05.29 09:29:47.537,0.99512,0.99523,1.12,1.87
2018.05.29 09:29:47.822,0.99514,0.99524,1.00,1.62
2018.05.29 09:29:48.348,0.99512,0.99524,4.14,1.37
2018.05.29 09:29:48.808,0.99514,0.99522,1.00,1.37
2018.05.29 09:29:49.435,0.9951,0.99522,1.87,2.06
2018.05.29 09:29:49.598,0.99508,0.9952,3.00,2.06
2018.05.29 09:29:49.651,0.9951,0.9952,1.00,1.37
2018.05.29 09:29:50.203,0.99509,0.99519,1.00,1.37
2018.05.29 09:29:50.415,0.99509,0.9952,1.00,1.31
2018.05.29 09:29:50.673,0.99511,0.99521,1.00,2.06
2018.05.29 09:29:51.199,0.99511,0.99522,1.00,1.62
2018.05.29 09:29:52.108,0.99511,0.99522,1.00,1.31
2018.05.29 09:29:52.577,0.99514,0.99524,1.00,1.37
2018.05.29 09:29:52.683,0.99512,0.99524,1.00,1.56
2018.05.29 09:29:52.739,0.99514,0.99524,1.00,1.56
2018.05.29 09:29:52.845,0.99512,0.99524,1.00,2.06
2018.05.29 09:29:52.897,0.99514,0.99524,1.00,1.56
2018.05.29 09:29:53.404,0.99514,0.99525,1.00,2.44
2018.05.29 09:29:54.173,0.99514,0.99524,1.00,1.56
2018.05.29 09:29:54.387,0.99511,0.99523,1.00,2.06
2018.05.29 09:29:54.594,0.9951,0.99522,1.87,1.69
2018.05.29 09:29:55.145,0.99512,0.99522,1.50,1.62
2018.05.29 09:29:55.668,0.99512,0.99522,1.00,1.56
2018.05.29 09:29:56.404,0.99511,0.99522,2.25,2.06
2018.05.29 09:29:57.844,0.99513,0.99523,1.00,3.64
2018.05.29 09:29:57.903,0.99511,0.99523,2.25,5.14
2018.05.29 09:29:58.872,0.99511,0.99522,1.50,1.56
2018.05.29 09:29:59.387,0.99511,0.99522,1.00,1.56
2018.05.29 09:30:00.038,0.99511,0.99522,1.50,2.06
2018.05.29 09:30:00.497,0.99507,0.99517,1.31,1.37
2018.05.29 09:30:00.815,0.99509,0.99516,1.00,2.32
2018.05.29 09:30:00.921,0.99505,0.99516,1.87,2.32
2018.05.29 09:30:01.028,0.99509,0.99516,1.00,1.45
2018.05.29 09:30:01.082,0.99505,0.99516,1.50,1.39
2018.05.29 09:30:01.231,0.99509,0.99517,1.00,1.39
2018.05.29 09:30:01.283,0.99505,0.99517,1.50,1.76
2018.05.29 09:30:01.338,0.99509,0.99517,1.00,2.14
2018.05.29 09:30:01.441,0.99505,0.99516,2.81,1.37
2018.05.29 09:30:01.545,0.99509,0.99517,1.00,1.37
2018.05.29 09:30:01.648,0.99506,0.99517,1.00,1.87
2018.05.29 09:30:01.810,0.99509,0.99517,1.00,2.14
2018.05.29 09:30:02.018,0.99506,0.99516,1.00,1.47
2018.05.29 09:30:02.122,0.99509,0.99517,1.00,2.51
2018.05.29 09:30:02.382,0.99507,0.99517,1.00,1.47
2018.05.29 09:30:02.575,0.99505,0.99517,1.50,2.51
2018.05.29 09:30:02.627,0.99509,0.99517,1.00,2.51
2018.05.29 09:30:02.986,0.99506,0.99516,1.00,1.39
2018.05.29 09:30:03.039,0.99509,0.99517,1.00,2.14
2018.05.29 09:30:03.205,0.99505,0.99516,1.50,1.01
2018.05.29 09:30:03.263,0.99509,0.99517,1.00,2.14
2018.05.29 09:30:03.367,0.99505,0.99516,1.25,1.20
2018.05.29 09:30:03.420,0.99508,0.99517,1.00,1.76
2018.05.29 09:30:03.525,0.99506,0.99517,1.00,1.76
2018.05.29 09:30:03.577,0.99509,0.99517,1.00,1.01
2018.05.29 09:30:03.889,0.99505,0.99517,1.69,2.14
2018.05.29 09:30:03.994,0.99509,0.99518,1.00,3.26
2018.05.29 09:30:04.046,0.99507,0.99517,1.00,1.70
2018.05.29 09:30:04.149,0.99509,0.99517,1.00,1.01
2018.05.29 09:30:04.253,0.99507,0.99518,1.00,2.51
2018.05.29 09:30:04.357,0.99509,0.99517,1.00,1.70
2018.05.29 09:30:04.461,0.99507,0.99517,1.00,1.39
2018.05.29 09:30:04.684,0.99509,0.99518,1.00,1.66
2018.05.29 09:30:04.839,0.99506,0.99518,1.87,2.14
2018.05.29 09:30:04.891,0.99509,0.99519,1.00,4.39
2018.05.29 09:30:04.996,0.99507,0.99518,1.00,1.70
2018.05.29 09:30:05.104,0.99509,0.99519,1.00,3.64
2018.05.29 09:30:05.613,0.99507,0.99519,1.12,2.89
2018.05.29 09:30:05.666,0.99509,0.99518,1.00,2.89
2018.05.29 09:30:05.779,0.99506,0.99517,1.31,1.12
2018.05.29 09:30:05.917,0.99509,0.99518,1.00,2.89
2018.05.29 09:30:05.972,0.99506,0.99518,2.81,1.47
2018.05.29 09:30:06.026,0.99509,0.99519,1.00,1.64
2018.05.29 09:30:06.133,0.99507,0.99517,1.00,1.70
2018.05.29 09:30:06.188,0.99509,0.99517,1.00,1.70
2018.05.29 09:30:06.398,0.99506,0.99517,1.31,1.95
2018.05.29 09:30:06.450,0.99509,0.99519,1.00,3.26
2018.05.29 09:30:06.854,0.99511,0.99521,2.62,2.06
2018.05.29 09:30:07.071,0.99513,0.99524,1.00,2.51
2018.05.29 09:30:07.198,0.99511,0.99523,1.25,1.69
2018.05.29 09:30:07.521,0.99509,0.99518,1.50,1.00
2018.05.29 09:30:08.017,0.9951,0.99517,1.00,1.95
2018.05.29 09:30:08.209,0.99505,0.99515,2.44,1.00
2018.05.29 09:30:08.262,0.99509,0.99515,1.00,1.00
2018.05.29 09:30:08.475,0.99504,0.99514,1.69,1.00
2018.05.29 09:30:08.687,0.99506,0.99514,1.00,1.37
2018.05.29 09:30:12.005,0.99505,0.99513,1.00,3.37
2018.05.29 09:30:12.330,0.99501,0.99513,3.19,4.87
2018.05.29 09:30:12.383,0.99506,0.99513,1.00,4.12
2018.05.29 09:30:14.863,0.99505,0.99514,1.50,1.31
2018.05.29 09:30:15.415,0.99506,0.99514,1.00,1.01
2018.05.29 09:30:15.939,0.99506,0.99514,1.00,2.06
2018.05.29 09:30:16.490,0.99506,0.99514,1.00,1.57
2018.05.29 09:30:17.451,0.99506,0.99514,1.00,1.87
2018.05.29 09:30:17.998,0.99506,0.99514,1.00,1.87
2018.05.29 09:30:18.521,0.99503,0.99514,1.50,1.50
2018.05.29 09:30:18.725,0.99506,0.99512,1.00,1.37
2018.05.29 09:30:18.780,0.99502,0.99512,1.00,1.37
2018.05.29 09:30:18.895,0.99504,0.99512,1.00,1.62
2018.05.29 09:30:18.948,0.99502,0.99513,1.25,2.32
2018.05.29 09:30:19.053,0.99504,0.99513,1.00,2.32
2018.05.29 09:30:19.107,0.99502,0.99513,1.50,2.32
2018.05.29 09:30:19.216,0.99504,0.99511,1.00,1.00
2018.05.29 09:30:19.321,0.995,0.99511,1.87,2.25
2018.05.29 09:30:19.468,0.99504,0.99512,1.00,1.50
2018.05.29 09:30:22.073,0.99504,0.99513,1.00,1.20
2018.05.29 09:30:22.602,0.99504,0.99513,1.00,1.57
2018.05.29 09:30:23.158,0.99504,0.99514,1.00,1.47
2018.05.29 09:30:23.318,0.99501,0.99512,2.62,1.00
2018.05.29 09:30:23.371,0.99503,0.99512,1.00,1.00
2018.05.29 09:30:23.820,0.99505,0.99514,1.00,2.70
2018.05.29 09:30:23.874,0.99503,0.99514,1.12,2.70
2018.05.29 09:30:24.570,0.99502,0.99513,1.00,2.70
2018.05.29 09:30:24.622,0.99504,0.99512,1.00,1.12
2018.05.29 09:30:24.933,0.99502,0.99513,1.50,2.32
2018.05.29 09:30:25.038,0.99504,0.99513,1.00,1.57
2018.05.29 09:30:25.322,0.99502,0.99513,2.25,1.20
2018.05.29 09:30:25.850,0.99504,0.99513,1.00,1.07
2018.05.29 09:30:26.032,0.99505,0.99515,1.00,2.32
2018.05.29 09:30:26.348,0.99507,0.99515,1.00,1.10
2018.05.29 09:30:26.630,0.99507,0.99518,2.06,2.70
2018.05.29 09:30:26.683,0.99509,0.99517,1.00,1.00
2018.05.29 09:30:27.236,0.99507,0.99517,1.00,1.50
2018.05.29 09:30:27.288,0.99509,0.99517,1.00,1.76
2018.05.29 09:30:27.392,0.99506,0.99517,2.06,1.10
2018.05.29 09:30:27.547,0.99509,0.99516,1.00,1.20
2018.05.29 09:30:27.602,0.99505,0.99516,2.06,3.00
2018.05.29 09:30:27.723,0.99509,0.99516,1.00,3.00
2018.05.29 09:30:27.776,0.99507,0.99516,1.00,1.10
2018.05.29 09:30:27.828,0.99509,0.99516,1.00,1.10
2018.05.29 09:30:27.987,0.99507,0.99517,1.00,2.70
2018.05.29 09:30:28.041,0.99509,0.99517,1.00,1.07
2018.05.29 09:30:28.147,0.99507,0.99517,1.00,1.57
2018.05.29 09:30:28.253,0.99509,0.99517,1.00,1.10
2018.05.29 09:30:28.349,0.99507,0.99517,1.00,1.10
2018.05.29 09:30:28.402,0.99509,0.99517,1.00,1.07
2018.05.29 09:30:28.557,0.99506,0.99517,2.06,2.32
2018.05.29 09:30:28.609,0.99509,0.99517,1.00,1.57
2018.05.29 09:30:28.713,0.99507,0.99517,1.00,1.20
2018.05.29 09:30:28.818,0.99509,0.99518,1.00,3.64
2018.05.29 09:30:28.871,0.99507,0.99517,1.00,1.20
2018.05.29 09:30:28.974,0.99509,0.99518,1.00,3.07
2018.05.29 09:30:29.116,0.99507,0.99518,1.69,1.57
2018.05.29 09:30:29.219,0.99509,0.99518,1.00,2.51
2018.05.29 09:30:29.529,0.99507,0.99517,1.00,1.12
2018.05.29 09:30:29.683,0.99509,0.99518,1.00,1.20
2018.05.29 09:30:30.003,0.9951,0.99521,1.50,3.07
2018.05.29 09:30:30.159,0.99513,0.99521,1.00,2.51
2018.05.29 09:30:31.011,0.99511,0.99521,2.25,1.69
2018.05.29 09:30:32.137,0.99511,0.99521,1.00,1.76
2018.05.29 09:30:32.685,0.99511,0.99522,1.50,4.50
2018.05.29 09:30:33.828,0.99515,0.99522,1.00,1.12
2018.05.29 09:30:33.934,0.99516,0.99525,1.00,1.10
2018.05.29 09:30:34.474,0.99517,0.99527,1.50,3.00
2018.05.29 09:30:35.435,0.99517,0.99527,1.00,1.87
2018.05.29 09:30:35.969,0.99517,0.99526,1.00,1.62
2018.05.29 09:30:36.200,0.99514,0.99526,1.00,4.31
2018.05.29 09:30:36.712,0.99513,0.99524,1.00,1.56
2018.05.29 09:30:37.218,0.99513,0.99524,1.50,3.56
2018.05.29 09:30:37.710,0.99511,0.99523,2.06,4.31
2018.05.29 09:30:37.763,0.99514,0.99523,1.00,4.31
2018.05.29 09:30:37.874,0.99511,0.99522,1.12,1.69
2018.05.29 09:30:38.878,0.9951,0.99521,1.87,1.69
2018.05.29 09:30:39.943,0.99513,0.99522,1.00,1.12
2018.05.29 09:30:40.048,0.99513,0.99525,3.75,2.62
2018.05.29 09:30:40.232,0.99516,0.99525,1.00,1.37
2018.05.29 09:30:40.336,0.99516,0.99527,4.31,1.87
2018.05.29 09:30:40.491,0.99519,0.99527,1.00,1.00
2018.05.29 09:30:40.698,0.99517,0.99527,1.00,1.12
2018.05.29 09:30:40.823,0.99517,0.99527,1.50,1.50
2018.05.29 09:30:40.928,0.99516,0.99527,4.12,1.69
2018.05.29 09:30:40.980,0.99518,0.99527,1.00,1.69
2018.05.29 09:30:41.443,0.99519,0.99527,1.00,3.56
2018.05.29 09:30:41.499,0.99516,0.99526,1.00,1.62
2018.05.29 09:30:41.658,0.99516,0.99526,2.25,3.37
2018.05.29 09:30:41.953,0.9952,0.9953,1.50,2.04
2018.05.29 09:30:42.057,0.99521,0.99531,1.50,1.00
2018.05.29 09:30:42.569,0.99522,0.99531,1.50,1.12
2018.05.29 09:30:42.622,0.99522,0.99534,1.50,3.56
2018.05.29 09:30:42.729,0.99522,0.99534,1.50,3.19
2018.05.29 09:30:42.853,0.99524,0.99534,1.00,3.19
2018.05.29 09:30:43.064,0.99527,0.99539,1.00,3.19
2018.05.29 09:30:43.171,0.99529,0.99539,1.00,2.06
2018.05.29 09:30:43.277,0.9953,0.99539,1.00,1.25
2018.05.29 09:30:43.434,0.9953,0.99539,1.00,2.04
2018.05.29 09:30:43.487,0.99531,0.99539,1.00,1.56
2018.05.29 09:30:43.696,0.99529,0.99538,1.50,1.62
2018.05.29 09:30:44.529,0.99528,0.9954,1.87,1.76
2018.05.29 09:30:44.958,0.9953,0.9954,1.00,1.76
2018.05.29 09:30:45.157,0.9953,0.99541,1.00,1.76
2018.05.29 09:30:45.265,0.99533,0.99543,1.50,1.01
2018.05.29 09:30:45.330,0.99533,0.99544,1.50,1.76
2018.05.29 09:30:45.542,0.99531,0.99541,1.12,1.50
2018.05.29 09:30:46.615,0.99531,0.99541,1.00,1.76
2018.05.29 09:30:47.160,0.99532,0.99542,1.00,1.47
2018.05.29 09:30:47.391,0.99529,0.99539,1.00,1.10
2018.05.29 09:30:47.898,0.99529,0.99541,1.87,1.76
2018.05.29 09:30:47.950,0.99531,0.99541,1.50,1.07
2018.05.29 09:30:48.297,0.99534,0.99544,1.00,1.01
2018.05.29 09:30:48.766,0.99537,0.99546,3.75,1.26
2018.05.29 09:30:49.090,0.99542,0.9955,1.00,1.19
2018.05.29 09:30:49.213,0.99542,0.99551,1.50,1.19
2018.05.29 09:30:49.746,0.9954,0.99551,1.12,1.47
2018.05.29 09:30:49.829,0.99539,0.99547,1.00,1.47
2018.05.29 09:30:50.087,0.99538,0.99549,1.12,1.01
2018.05.29 09:30:50.243,0.99538,0.99549,1.12,1.66
2018.05.29 09:30:50.369,0.99536,0.99547,1.00,1.47
2018.05.29 09:30:50.786,0.99535,0.99546,1.50,1.76
2018.05.29 09:30:51.264,0.99538,0.99546,1.50,1.07
2018.05.29 09:30:51.369,0.99539,0.9955,1.00,1.95
2018.05.29 09:30:51.726,0.99537,0.99548,1.50,1.01
2018.05.29 09:30:52.323,0.99538,0.99547,1.00,1.76
2018.05.29 09:30:52.403,0.99538,0.99545,1.00,1.01
2018.05.29 09:30:52.456,0.99537,0.99546,1.00,2.14
2018.05.29 09:30:52.986,0.99539,0.99549,1.50,1.39
2018.05.29 09:30:53.041,0.99539,0.9955,1.50,1.47
2018.05.29 09:30:53.155,0.99538,0.99549,1.12,1.01
2018.05.29 09:30:53.627,0.99539,0.9955,1.00,1.01
2018.05.29 09:30:53.886,0.99541,0.99551,1.00,1.95
2018.05.29 09:30:54.237,0.99543,0.99552,1.87,1.37
2018.05.29 09:30:54.759,0.99546,0.99552,2.25,1.00
2018.05.29 09:30:54.916,0.99544,0.99553,1.50,1.50
2018.05.29 09:30:54.970,0.99546,0.99553,1.00,2.25
2018.05.29 09:30:55.301,0.99544,0.99554,1.00,1.76
2018.05.29 09:30:55.353,0.99544,0.99554,1.00,1.76
2018.05.29 09:30:55.524,0.99545,0.99554,1.00,3.26
2018.05.29 09:30:55.891,0.99543,0.99554,1.00,2.89
2018.05.29 09:30:55.944,0.99543,0.99553,1.00,1.95
2018.05.29 09:30:56.251,0.99544,0.99553,1.00,1.07
2018.05.29 09:30:56.303,0.99546,0.99553,1.00,1.07
2018.05.29 09:30:56.565,0.99544,0.99554,1.00,1.76
2018.05.29 09:30:57.083,0.99545,0.99554,1.00,1.66
2018.05.29 09:30:57.227,0.99545,0.99554,1.00,1.76
2018.05.29 09:30:57.384,0.99545,0.99554,1.00,1.66
2018.05.29 09:30:57.872,0.99546,0.99555,1.00,4.01
2018.05.29 09:30:58.141,0.99548,0.99557,1.00,1.39
2018.05.29 09:30:58.426,0.99545,0.99554,1.00,1.57
2018.05.29 09:30:58.582,0.99544,0.99549,1.00,1.00
2018.05.29 09:30:58.634,0.99542,0.9955,1.00,1.50
2018.05.29 09:30:58.889,0.99544,0.99554,1.00,2.44
2018.05.29 09:30:59.420,0.99546,0.99556,1.00,1.56
2018.05.29 09:30:59.785,0.99545,0.99552,1.00,1.37
2018.05.29 09:31:00.193,0.99545,0.99555,1.00,1.01
2018.05.29 09:31:00.580,0.99546,0.99557,1.00,2.51
2018.05.29 09:31:00.739,0.99546,0.99557,1.00,1.20
2018.05.29 09:31:01.114,0.99548,0.99558,1.00,4.39
2018.05.29 09:31:01.483,0.99546,0.99557,1.00,1.57
2018.05.29 09:31:01.669,0.99546,0.99554,1.00,1.00
2018.05.29 09:31:02.198,0.99546,0.99555,1.00,2.14
2018.05.29 09:31:02.461,0.99547,0.99557,1.00,1.95
2018.05.29 09:31:02.763,0.99549,0.99558,1.00,1.45
2018.05.29 09:31:02.816,0.99549,0.99559,1.50,1.01
2018.05.29 09:31:02.872,0.99551,0.9956,1.00,2.51
2018.05.29 09:31:03.073,0.99548,0.99559,1.00,2.14
2018.05.29 09:31:03.455,0.99547,0.99556,1.00,1.47
2018.05.29 09:31:03.784,0.99546,0.99555,1.00,2.14
2018.05.29 09:31:04.332,0.99545,0.99554,1.00,1.76
2018.05.29 09:31:04.875,0.99544,0.99555,1.12,2.14
2018.05.29 09:31:05.033,0.99544,0.99554,3.00,1.01
2018.05.29 09:31:05.552,0.99545,0.99555,1.00,1.39
2018.05.29 09:31:05.814,0.99545,0.99555,1.00,1.39
2018.05.29 09:31:05.943,0.99545,0.99555,1.00,1.39
2018.05.29 09:31:06.474,0.99546,0.99555,1.00,1.76
2018.05.29 09:31:06.808,0.99548,0.99558,1.00,2.14
2018.05.29 09:31:07.143,0.99551,0.99559,1.00,1.45
2018.05.29 09:31:07.509,0.99553,0.99559,1.00,1.12
2018.05.29 09:31:07.942,0.99549,0.99559,1.50,1.32
2018.05.29 09:31:07.994,0.99551,0.99559,1.00,1.39
2018.05.29 09:31:08.503,0.99552,0.99561,1.00,1.85
2018.05.29 09:31:09.026,0.99552,0.99561,1.00,1.84
2018.05.29 09:31:09.558,0.99552,0.99562,1.00,1.66
2018.05.29 09:31:10.117,0.99552,0.99563,1.00,1.16
2018.05.29 09:31:10.618,0.99553,0.99564,1.00,3.79
2018.05.29 09:31:11.139,0.99553,0.99563,1.00,1.16
2018.05.29 09:31:11.679,0.99554,0.99564,1.00,1.45
2018.05.29 09:31:12.031,0.99557,0.99565,1.00,1.54
2018.05.29 09:31:12.630,0.99562,0.99567,1.50,2.14
2018.05.29 09:31:12.734,0.99563,0.99571,1.50,1.95
2018.05.29 09:31:12.786,0.99564,0.99571,1.00,1.50
2018.05.29 09:31:13.356,0.99561,0.99568,1.00,4.50
2018.05.29 09:31:13.411,0.99561,0.9957,1.00,1.32
2018.05.29 09:31:13.682,0.99563,0.99573,1.00,2.66
2018.05.29 09:31:14.010,0.99566,0.99576,1.87,1.76
2018.05.29 09:31:14.516,0.99567,0.99576,1.12,1.00
2018.05.29 09:31:15.028,0.99566,0.99576,1.87,1.64
2018.05.29 09:31:15.595,0.99568,0.99576,1.00,1.00
2018.05.29 09:31:15.986,0.9957,0.99579,1.00,1.01
2018.05.29 09:31:16.574,0.99569,0.99579,1.00,1.37
2018.05.29 09:31:17.081,0.99569,0.9958,1.00,1.84
2018.05.29 09:31:18.103,0.9957,0.9958,1.00,1.76
2018.05.29 09:31:18.337,0.9957,0.99581,1.00,1.84
2018.05.29 09:31:18.441,0.99573,0.99583,1.00,1.54
2018.05.29 09:31:18.492,0.99573,0.99583,1.00,1.54
2018.05.29 09:31:18.872,0.99572,0.99581,1.00,1.86
2018.05.29 09:31:19.308,0.99572,0.99583,1.00,1.64
2018.05.29 09:31:19.832,0.99572,0.99582,1.00,1.64
2018.05.29 09:31:20.216,0.99572,0.99582,1.50,1.77
2018.05.29 09:31:20.374,0.99573,0.99581,1.00,1.57
2018.05.29 09:31:20.884,0.99573,0.99582,1.00,1.47
2018.05.29 09:31:20.989,0.99574,0.99583,1.00,1.27
2018.05.29 09:31:21.150,0.99574,0.99584,1.00,1.69
2018.05.29 09:31:21.685,0.99573,0.99584,1.00,1.69
2018.05.29 09:31:22.912,0.99574,0.99586,1.00,4.39
2018.05.29 09:31:23.254,0.99577,0.99586,1.00,1.77
2018.05.29 09:31:24.964,0.99578,0.99586,1.00,1.37
2018.05.29 09:31:25.477,0.99579,0.99589,1.00,1.56
2018.05.29 09:31:25.993,0.99578,0.99589,1.00,1.69
2018.05.29 09:31:26.600,0.99579,0.9959,1.00,2.29
2018.05.29 09:31:26.914,0.99581,0.99591,1.00,3.04
2018.05.29 09:31:27.324,0.99579,0.9959,1.87,1.91
2018.05.29 09:31:27.378,0.99579,0.99591,1.87,2.29
2018.05.29 09:31:27.927,0.9958,0.99592,1.50,1.69
2018.05.29 09:31:27.979,0.99582,0.99592,1.00,2.06
2018.05.29 09:31:28.084,0.99582,0.99593,1.12,3.94
2018.05.29 09:31:28.586,0.99583,0.99593,1.12,2.81
2018.05.29 09:31:29.130,0.99584,0.99593,1.00,1.31
2018.05.29 09:31:29.185,0.99584,0.99597,1.87,3.26
2018.05.29 09:31:29.301,0.99586,0.99596,1.12,1.19
2018.05.29 09:31:29.512,0.99589,0.996,1.00,1.95
2018.05.29 09:31:29.567,0.99591,0.99601,1.12,2.81
2018.05.29 09:31:29.980,0.99593,0.99602,1.12,1.00
2018.05.29 09:31:30.531,0.99594,0.99604,1.00,1.01
2018.05.29 09:31:30.995,0.99596,0.99605,1.00,1.57
2018.05.29 09:31:32.196,0.99595,0.99604,1.00,1.57
2018.05.29 09:31:32.716,0.99593,0.99604,1.37,1.95
2018.05.29 09:31:33.245,0.99594,0.99605,1.37,1.07
2018.05.29 09:31:33.596,0.99597,0.99606,1.37,1.87
2018.05.29 09:31:34.138,0.99596,0.99606,1.37,1.57
2018.05.29 09:31:34.641,0.99596,0.99606,1.37,1.95
2018.05.29 09:31:35.556,0.99596,0.99606,1.37,2.25
2018.05.29 09:31:35.773,0.99593,0.99604,4.31,1.00
2018.05.29 09:31:36.098,0.99596,0.99606,1.37,3.00
2018.05.29 09:31:36.719,0.99596,0.99605,1.37,1.00
2018.05.29 09:31:37.286,0.99596,0.99606,1.37,1.31
2018.05.29 09:31:37.339,0.99594,0.99604,1.62,1.00
2018.05.29 09:31:37.496,0.99596,0.99606,1.37,2.81
2018.05.29 09:31:40.253,0.99595,0.99607,2.44,2.81
2018.05.29 09:31:40.357,0.99596,0.99606,1.37,1.50
2018.05.29 09:31:40.921,0.99596,0.99606,1.37,1.07
2018.05.29 09:31:41.280,0.99596,0.99606,1.12,1.50
2018.05.29 09:31:41.903,0.99596,0.99606,1.37,1.50
2018.05.29 09:31:42.435,0.99596,0.99607,1.37,1.69
2018.05.29 09:31:42.801,0.99596,0.99605,1.37,1.00
2018.05.29 09:31:43.530,0.99593,0.99605,3.94,3.82
2018.05.29 09:31:43.923,0.99594,0.99605,1.69,2.70
2018.05.29 09:31:44.465,0.99594,0.99604,1.37,1.00
2018.05.29 09:31:45.427,0.99594,0.99605,1.37,3.94
2018.05.29 09:31:45.938,0.99593,0.99603,2.81,1.00
2018.05.29 09:31:46.275,0.99593,0.99604,1.69,1.00
2018.05.29 09:31:46.796,0.99593,0.99602,1.12,1.00
2018.05.29 09:31:47.588,0.99591,0.99598,1.37,1.50
2018.05.29 09:31:47.642,0.99586,0.99597,2.25,1.69
2018.05.29 09:31:47.747,0.99587,0.99599,1.62,1.39
2018.05.29 09:31:48.266,0.99588,0.996,3.56,1.19
2018.05.29 09:31:48.583,0.99585,0.99596,1.87,1.69
2018.05.29 09:31:48.830,0.99584,0.99595,1.31,1.19
2018.05.29 09:31:49.149,0.99587,0.99599,1.87,2.81
2018.05.29 09:31:49.448,0.99589,0.99599,1.37,1.00
2018.05.29 09:31:49.761,0.99594,0.99601,1.00,1.42
2018.05.29 09:31:50.110,0.99594,0.99605,1.00,3.19
2018.05.29 09:31:50.318,0.99592,0.99604,3.19,1.25
2018.05.29 09:31:50.627,0.99593,0.99599,1.37,1.00
2018.05.29 09:31:51.080,0.99594,0.99605,1.12,2.36
2018.05.29 09:31:51.185,0.99593,0.99603,1.37,1.50
2018.05.29 09:31:51.291,0.99594,0.99605,1.12,3.19
2018.05.29 09:31:51.493,0.99594,0.99603,1.12,1.00
2018.05.29 09:31:51.701,0.99596,0.99606,1.12,2.81
2018.05.29 09:31:53.408,0.99595,0.99605,1.37,1.12
2018.05.29 09:31:54.457,0.99597,0.99606,1.00,1.50
2018.05.29 09:31:55.006,0.99596,0.99605,1.37,1.00
2018.05.29 09:31:55.547,0.99597,0.99606,1.37,1.57
2018.05.29 09:31:56.068,0.99597,0.99605,1.37,1.00
2018.05.29 09:31:57.075,0.99597,0.99606,1.37,1.57
2018.05.29 09:31:57.593,0.99597,0.99605,1.37,1.00
2018.05.29 09:32:00.037,0.99597,0.99606,1.37,1.57
2018.05.29 09:32:00.541,0.99597,0.99605,1.12,1.00
2018.05.29 09:32:01.060,0.99597,0.99605,1.37,1.00
2018.05.29 09:32:01.621,0.99597,0.99605,1.00,1.00
2018.05.29 09:32:02.181,0.99597,0.99605,1.37,1.50
2018.05.29 09:32:02.702,0.99597,0.99605,1.12,1.50
2018.05.29 09:32:03.219,0.99596,0.99603,1.87,1.00
2018.05.29 09:32:03.728,0.99597,0.99605,1.12,2.32
2018.05.29 09:32:04.403,0.99596,0.99603,1.00,1.25
2018.05.29 09:32:04.508,0.99593,0.99601,1.00,1.00
2018.05.29 09:32:04.718,0.99595,0.99603,1.00,3.07
2018.05.29 09:32:05.237,0.99595,0.99603,1.12,1.00
2018.05.29 09:32:07.264,0.99594,0.99602,1.87,1.00
2018.05.29 09:32:07.790,0.99594,0.99603,1.87,1.57
2018.05.29 09:32:08.334,0.99594,0.99603,1.87,2.32
2018.05.29 09:32:08.951,0.99594,0.99603,1.37,1.07
2018.05.29 09:32:09.477,0.99594,0.99601,1.37,1.00
2018.05.29 09:32:09.842,0.99594,0.99603,1.37,1.10
2018.05.29 09:32:12.630,0.99592,0.996,1.87,1.00
2018.05.29 09:32:13.237,0.99591,0.99601,1.37,1.07
2018.05.29 09:32:13.787,0.99591,0.99601,1.62,1.10
2018.05.29 09:32:14.741,0.99591,0.99599,1.37,1.00
2018.05.29 09:32:14.947,0.99591,0.99601,1.87,1.10
2018.05.29 09:32:15.318,0.99591,0.99599,1.87,1.00
2018.05.29 09:32:15.473,0.99591,0.99601,1.50,1.10
2018.05.29 09:32:15.526,0.99591,0.99599,1.50,1.50
2018.05.29 09:32:15.982,0.99591,0.99601,1.87,1.20
2018.05.29 09:32:16.035,0.99593,0.99603,2.06,1.10
2018.05.29 09:32:16.139,0.99594,0.99605,1.62,1.57
2018.05.29 09:32:16.913,0.99596,0.99607,1.00,5.14
2018.05.29 09:32:17.119,0.99594,0.99605,1.12,2.89
2018.05.29 09:32:18.193,0.99594,0.99604,1.37,1.01
2018.05.29 09:32:19.329,0.99592,0.996,1.37,1.00
2018.05.29 09:32:19.453,0.99591,0.99601,1.00,2.32
2018.05.29 09:32:19.558,0.9959,0.99601,2.00,2.32
2018.05.29 09:32:20.066,0.99591,0.99601,1.50,1.50
2018.05.29 09:32:20.568,0.99593,0.99604,1.37,2.25
2018.05.29 09:32:20.622,0.99593,0.99604,3.00,1.00
2018.05.29 09:32:21.945,0.99593,0.99604,2.44,1.57
2018.05.29 09:32:27.743,0.99593,0.99604,1.56,1.07
2018.05.29 09:32:28.111,0.99591,0.99601,3.00,1.00
2018.05.29 09:32:28.469,0.99589,0.99599,1.50,1.10
2018.05.29 09:32:29.274,0.99589,0.99598,1.50,1.00
2018.05.29 09:32:29.805,0.99589,0.99597,1.12,1.25
2018.05.29 09:32:34.875,0.99589,0.99597,1.00,1.19
2018.05.29 09:32:35.321,0.9959,0.99599,1.00,1.87
2018.05.29 09:32:35.480,0.99592,0.996,1.00,1.25
2018.05.29 09:32:35.949,0.99591,0.99599,1.12,1.19
2018.05.29 09:32:36.000,0.99589,0.99599,1.12,1.69
2018.05.29 09:32:36.656,0.99589,0.99598,1.12,1.19
2018.05.29 09:32:37.015,0.99589,0.99598,1.37,1.25
2018.05.29 09:32:37.518,0.99589,0.99599,1.87,1.00
2018.05.29 09:32:40.049,0.9959,0.99599,1.37,2.06
2018.05.29 09:32:40.205,0.99587,0.99598,2.25,1.69
2018.05.29 09:32:41.292,0.99587,0.99597,1.87,1.19
2018.05.29 09:32:41.833,0.99587,0.99598,1.87,1.69
2018.05.29 09:32:42.339,0.99587,0.99598,1.87,1.19
2018.05.29 09:32:43.090,0.99587,0.99597,1.87,2.44
2018.05.29 09:32:43.642,0.99587,0.99597,1.37,1.69
2018.05.29 09:32:45.742,0.99587,0.99596,1.87,1.25
2018.05.29 09:32:46.258,0.99587,0.99597,1.12,1.25
2018.05.29 09:32:46.808,0.99588,0.99597,1.00,1.25
2018.05.29 09:32:47.370,0.99587,0.99598,1.87,4.87
2018.05.29 09:32:47.960,0.99589,0.99597,1.37,1.25
2018.05.29 09:32:48.539,0.99588,0.99597,1.87,1.25
2018.05.29 09:32:50.674,0.99588,0.99598,1.37,1.69
2018.05.29 09:32:51.295,0.99588,0.99598,1.37,1.69
2018.05.29 09:32:52.096,0.99588,0.99598,1.37,1.69
2018.05.29 09:32:52.841,0.99588,0.99598,1.37,1.25
2018.05.29 09:32:53.325,0.99586,0.99595,1.37,1.25
2018.05.29 09:32:53.430,0.99585,0.99593,1.12,1.25
2018.05.29 09:32:53.848,0.99583,0.99593,1.12,1.25
2018.05.29 09:32:54.484,0.99583,0.99592,1.12,1.25
2018.05.29 09:32:56.268,0.99581,0.99592,1.37,2.62
2018.05.29 09:32:56.775,0.99581,0.99591,1.37,1.25
2018.05.29 09:32:57.535,0.99581,0.99591,1.12,2.81
2018.05.29 09:32:57.862,0.99574,0.99585,1.40,1.25
2018.05.29 09:32:58.133,0.99575,0.99586,1.62,1.69
2018.05.29 09:32:58.295,0.99577,0.99588,1.87,1.25
2018.05.29 09:32:58.837,0.99579,0.99589,1.12,1.69
2018.05.29 09:32:59.509,0.99578,0.99589,1.37,1.69
2018.05.29 09:32:59.669,0.99579,0.99589,1.37,1.19
2018.05.29 09:32:59.885,0.99576,0.99587,3.45,1.25
2018.05.29 09:32:59.939,0.99576,0.99585,1.50,1.00
2018.05.29 09:33:00.094,0.99574,0.99584,1.87,1.19
2018.05.29 09:33:00.624,0.99572,0.99584,1.12,2.06
2018.05.29 09:33:01.145,0.99571,0.99584,3.37,2.06
2018.05.29 09:33:01.201,0.99572,0.99584,1.50,1.31
2018.05.29 09:33:01.360,0.99573,0.99585,2.25,1.19
2018.05.29 09:33:02.096,0.99574,0.99586,1.37,8.25
2018.05.29 09:33:02.149,0.99574,0.99586,1.37,8.25
2018.05.29 09:33:02.851,0.99573,0.99585,1.87,2.06
2018.05.29 09:33:03.326,0.99572,0.99584,1.37,2.81
2018.05.29 09:33:03.486,0.99573,0.99585,1.37,4.87
2018.05.29 09:33:03.829,0.99569,0.99579,1.50,1.69
2018.05.29 09:33:04.088,0.99568,0.99578,1.12,1.19
2018.05.29 09:33:04.568,0.99568,0.99578,1.87,1.25
2018.05.29 09:33:05.069,0.99569,0.99581,1.87,3.56
2018.05.29 09:33:05.856,0.99569,0.9958,1.37,1.19
2018.05.29 09:33:05.977,0.99569,0.9958,1.37,1.31
2018.05.29 09:33:06.710,0.99568,0.9958,3.00,2.06
2018.05.29 09:33:06.908,0.99568,0.99579,1.37,2.81
2018.05.29 09:33:07.440,0.99568,0.99579,1.87,1.19
2018.05.29 09:33:10.162,0.99567,0.99577,2.25,1.00
2018.05.29 09:33:10.663,0.99568,0.99576,1.87,1.00
2018.05.29 09:33:10.874,0.99569,0.99578,1.37,1.00
2018.05.29 09:33:11.704,0.99569,0.99578,1.37,1.00
2018.05.29 09:33:12.395,0.99568,0.99577,1.50,1.00
2018.05.29 09:33:12.448,0.99568,0.99577,1.37,1.00
2018.05.29 09:33:12.552,0.99568,0.99577,1.12,1.25
2018.05.29 09:33:15.428,0.99568,0.99577,1.87,1.00
2018.05.29 09:33:15.964,0.99568,0.99577,1.87,1.00
2018.05.29 09:33:16.274,0.99568,0.9958,1.87,1.69
2018.05.29 09:33:16.943,0.99569,0.99581,1.37,2.44
2018.05.29 09:33:18.905,0.99569,0.9958,1.37,3.56
2018.05.29 09:33:19.068,0.99567,0.99579,2.25,1.19
2018.05.29 09:33:19.617,0.99567,0.9958,2.25,5.44
2018.05.29 09:33:20.224,0.99567,0.9958,3.00,5.06
2018.05.29 09:33:20.778,0.99567,0.9958,3.00,5.06
2018.05.29 09:33:21.284,0.99567,0.9958,3.19,5.44
2018.05.29 09:33:21.796,0.99568,0.9958,1.87,3.19
2018.05.29 09:33:21.849,0.9957,0.99581,1.87,2.81
2018.05.29 09:33:22.362,0.99569,0.99581,2.62,2.06
2018.05.29 09:33:26.844,0.99569,0.99581,1.37,1.00
2018.05.29 09:33:27.520,0.9957,0.99581,1.37,1.19
2018.05.29 09:33:29.090,0.9957,0.99581,1.37,1.19
2018.05.29 09:33:29.270,0.9957,0.99581,1.37,1.25
2018.05.29 09:33:29.323,0.9957,0.99581,1.37,1.19
2018.05.29 09:33:29.376,0.9957,0.99581,1.37,1.00
2018.05.29 09:33:29.591,0.99571,0.99583,3.00,2.06
2018.05.29 09:33:29.904,0.99571,0.99583,4.12,1.31
2018.05.29 09:33:31.786,0.99573,0.99584,1.37,2.81
2018.05.29 09:33:35.255,0.99572,0.99583,1.37,1.29
2018.05.29 09:33:35.792,0.99571,0.99581,1.50,1.01
2018.05.29 09:33:37.360,0.99572,0.99583,2.44,1.76
2018.05.29 09:33:37.675,0.99572,0.99584,2.81,2.89
2018.05.29 09:33:38.055,0.99576,0.99587,1.37,6.49
2018.05.29 09:33:39.989,0.99576,0.99587,1.37,4.69
2018.05.29 09:33:41.188,0.99576,0.99587,1.37,1.31
2018.05.29 09:33:41.740,0.99576,0.99587,1.37,1.31
2018.05.29 09:33:42.784,0.99576,0.99587,1.12,5.44
2018.05.29 09:33:43.283,0.99576,0.99586,1.37,1.19
2018.05.29 09:33:44.577,0.99575,0.99586,1.87,1.19
2018.05.29 09:33:45.346,0.99575,0.99586,1.37,2.44
2018.05.29 09:33:45.866,0.99574,0.99586,1.87,2.29
2018.05.29 09:33:46.814,0.99575,0.99586,1.37,1.69
2018.05.29 09:33:49.750,0.99575,0.99586,1.37,1.69
2018.05.29 09:33:49.858,0.99577,0.99587,1.37,1.69
2018.05.29 09:33:50.123,0.99578,0.99589,1.37,1.31
2018.05.29 09:33:50.677,0.99579,0.9959,1.37,2.81
2018.05.29 09:33:51.183,0.99579,0.9959,1.37,3.94
2018.05.29 09:33:52.649,0.99579,0.9959,1.37,3.56
2018.05.29 09:33:52.866,0.99576,0.99586,1.12,1.69
2018.05.29 09:33:53.128,0.99574,0.99585,1.87,2.06
2018.05.29 09:33:53.637,0.99573,0.99583,1.50,1.00
2018.05.29 09:33:54.164,0.99573,0.99581,1.50,1.00
2018.05.29 09:33:56.100,0.99576,0.99581,1.00,1.00
2018.05.29 09:33:56.651,0.99575,0.99582,1.37,1.00
2018.05.29 09:33:57.667,0.99576,0.9958,1.12,1.00
2018.05.29 09:33:57.935,0.99576,0.99582,1.37,1.00
2018.05.29 09:33:58.640,0.99576,0.99583,1.37,1.00
2018.05.29 09:33:59.185,0.99575,0.99584,1.50,1.00
2018.05.29 09:33:59.496,0.99575,0.99584,3.37,1.00
2018.05.29 09:33:59.678,0.99573,0.99582,1.87,1.25
2018.05.29 09:33:59.990,0.99576,0.99582,1.00,1.00
2018.05.29 09:34:00.426,0.99576,0.99584,1.87,1.00
2018.05.29 09:34:00.479,0.99576,0.99582,1.00,1.37
2018.05.29 09:34:00.583,0.99573,0.99582,1.00,1.62
2018.05.29 09:34:00.688,0.99576,0.99581,1.00,1.00
2018.05.29 09:34:01.159,0.99573,0.99581,1.50,1.00
2018.05.29 09:34:01.264,0.99577,0.99581,1.00,1.00
2018.05.29 09:34:01.420,0.99577,0.99583,1.00,1.25
2018.05.29 09:34:01.627,0.99573,0.99583,5.62,1.12
2018.05.29 09:34:01.679,0.99576,0.99583,1.00,1.31
2018.05.29 09:34:01.994,0.99581,0.99588,1.50,1.12
2018.05.29 09:34:02.305,0.99585,0.9959,1.00,1.00
2018.05.29 09:34:02.411,0.99583,0.9959,1.00,1.12
2018.05.29 09:34:02.580,0.99579,0.99588,1.00,1.37
2018.05.29 09:34:02.633,0.99581,0.99586,1.00,1.00
2018.05.29 09:34:02.841,0.99577,0.99586,1.00,1.00
2018.05.29 09:34:02.893,0.99579,0.99586,1.00,1.00
2018.05.29 09:34:02.997,0.99576,0.99584,3.37,1.00
2018.05.29 09:34:03.100,0.99579,0.99583,1.00,1.00
2018.05.29 09:34:03.233,0.99575,0.99583,1.50,1.00
2018.05.29 09:34:03.286,0.99573,0.99583,4.50,1.25
2018.05.29 09:34:03.339,0.99578,0.99583,1.00,1.25
2018.05.29 09:34:03.941,0.99578,0.99585,1.00,1.25
2018.05.29 09:34:03.993,0.99578,0.99583,1.00,1.00
2018.05.29 09:34:04.099,0.99576,0.99583,1.50,1.00
2018.05.29 09:34:04.152,0.99578,0.99583,1.00,1.00
2018.05.29 09:34:04.262,0.99576,0.99583,2.25,1.00
2018.05.29 09:34:04.585,0.99576,0.99585,3.00,1.00
2018.05.29 09:34:04.689,0.99579,0.99585,1.00,1.00
2018.05.29 09:34:04.794,0.99576,0.99583,1.50,1.00
2018.05.29 09:34:04.847,0.99579,0.99583,1.00,1.00
2018.05.29 09:34:04.952,0.99576,0.99584,4.12,1.00
2018.05.29 09:34:05.057,0.99579,0.99584,1.00,1.00
2018.05.29 09:34:05.110,0.99577,0.99584,1.00,1.00
2018.05.29 09:34:05.215,0.99579,0.99584,1.00,1.00
2018.05.29 09:34:05.375,0.99576,0.99584,2.62,1.00
2018.05.29 09:34:05.428,0.99579,0.99583,1.00,1.00
2018.05.29 09:34:05.587,0.99579,0.99585,1.00,1.00
2018.05.29 09:34:05.897,0.99576,0.99585,5.63,1.00
2018.05.29 09:34:05.949,0.99579,0.99585,1.00,1.00
2018.05.29 09:34:06.242,0.99576,0.99585,6.00,1.00
2018.05.29 09:34:06.346,0.99579,0.99585,1.00,1.00
2018.05.29 09:34:06.398,0.99577,0.99585,1.00,1.00
2018.05.29 09:34:06.705,0.99579,0.99585,1.00,1.00
2018.05.29 09:34:06.808,0.99576,0.99585,6.00,1.00
2018.05.29 09:34:06.860,0.99579,0.99585,1.00,1.00
2018.05.29 09:34:07.127,0.99577,0.99585,1.50,1.00
2018.05.29 09:34:07.179,0.99576,0.99583,3.37,1.00
2018.05.29 09:34:07.489,0.99579,0.99584,1.00,1.00
2018.05.29 09:34:07.779,0.99576,0.99584,4.12,1.00
2018.05.29 09:34:07.831,0.99579,0.99584,1.00,1.00
2018.05.29 09:34:07.934,0.99576,0.99584,4.31,1.00
2018.05.29 09:34:07.987,0.99579,0.99584,1.00,1.00
2018.05.29 09:34:08.091,0.99576,0.99584,4.31,1.00
2018.05.29 09:34:08.195,0.99579,0.99584,1.00,1.00
2018.05.29 09:34:08.485,0.99576,0.99584,3.75,1.00
2018.05.29 09:34:08.542,0.99579,0.99586,1.00,1.50
2018.05.29 09:34:08.646,0.99577,0.99586,1.50,1.50
2018.05.29 09:34:08.698,0.99576,0.99584,4.12,1.00
2018.05.29 09:34:09.251,0.99579,0.99584,1.00,1.00
2018.05.29 09:34:09.355,0.99576,0.99584,3.37,1.00
2018.05.29 09:34:09.407,0.99579,0.99584,1.00,1.00
2018.05.29 09:34:09.511,0.99577,0.99584,1.00,1.00
2018.05.29 09:34:09.615,0.99579,0.99584,1.00,1.00
2018.05.29 09:34:09.718,0.99576,0.99582,1.00,1.00
2018.05.29 09:34:09.900,0.99575,0.9958,1.50,1.00
2018.05.29 09:34:09.953,0.99575,0.99583,1.00,3.56
2018.05.29 09:34:10.005,0.99575,0.99579,1.50,1.00
2018.05.29 09:34:10.551,0.99576,0.9958,1.00,1.00
2018.05.29 09:34:10.816,0.99576,0.99582,1.00,1.00
2018.05.29 09:34:11.131,0.99573,0.99582,1.69,1.00
2018.05.29 09:34:11.311,0.99579,0.99584,1.00,1.00
2018.05.29 09:34:11.465,0.99574,0.99583,1.12,1.00
2018.05.29 09:34:11.570,0.99577,0.99583,1.00,1.00
2018.05.29 09:34:11.984,0.99579,0.99583,1.00,1.00
2018.05.29 09:34:12.141,0.99579,0.99585,1.00,1.00
2018.05.29 09:34:12.511,0.99579,0.99587,1.00,1.25
2018.05.29 09:34:12.617,0.99577,0.99587,1.00,1.31
2018.05.29 09:34:12.724,0.99579,0.99587,1.00,1.31
2018.05.29 09:34:12.829,0.99577,0.99587,1.50,1.31
2018.05.29 09:34:12.886,0.9958,0.99587,1.00,1.31
2018.05.29 09:34:13.152,0.99581,0.99589,1.00,1.00
2018.05.29 09:34:13.262,0.99583,0.99592,1.00,1.25
2018.05.29 09:34:13.388,0.99586,0.99593,1.00,2.06
2018.05.29 09:34:13.760,0.99588,0.99595,1.00,2.44
2018.05.29 09:34:13.865,0.99586,0.99595,1.00,1.25
2018.05.29 09:34:13.992,0.99589,0.99595,1.00,1.31
2018.05.29 09:34:14.501,0.99589,0.99596,1.00,1.25
2018.05.29 09:34:17.596,0.99588,0.99596,1.50,1.62
2018.05.29 09:34:17.751,0.99585,0.99596,1.37,2.44
2018.05.29 09:34:17.854,0.99587,0.99596,1.00,2.81
2018.05.29 09:34:17.958,0.99585,0.99594,1.50,1.00
2018.05.29 09:34:18.010,0.99584,0.99593,1.00,1.31
2018.05.29 09:34:18.269,0.99584,0.99594,1.50,1.00
2018.05.29 09:34:18.322,0.99587,0.99594,1.00,1.19
2018.05.29 09:34:18.532,0.99585,0.99595,1.50,1.19
2018.05.29 09:34:18.638,0.99589,0.99595,1.00,1.19
2018.05.29 09:34:18.743,0.99586,0.99595,1.00,1.19
2018.05.29 09:34:18.796,0.99588,0.99595,1.00,1.19
2018.05.29 09:34:18.919,0.99586,0.99595,1.00,1.25
2018.05.29 09:34:19.028,0.99589,0.99596,1.00,1.31
2018.05.29 09:34:19.135,0.99586,0.99596,1.00,1.31
2018.05.29 09:34:19.243,0.99589,0.99596,1.00,1.56
2018.05.29 09:34:19.309,0.99585,0.99596,1.50,1.62
2018.05.29 09:34:19.365,0.99589,0.99596,1.00,1.25
2018.05.29 09:34:19.543,0.99585,0.99595,1.00,1.00
2018.05.29 09:34:19.598,0.99589,0.99596,1.00,1.31
2018.05.29 09:34:19.652,0.99585,0.99595,1.12,1.00
2018.05.29 09:34:19.708,0.99588,0.99595,1.00,1.00
2018.05.29 09:34:19.815,0.99585,0.99595,1.87,1.25
2018.05.29 09:34:19.930,0.99588,0.99596,1.00,1.69
2018.05.29 09:34:20.041,0.99584,0.99596,2.44,1.69
2018.05.29 09:34:20.094,0.99589,0.99596,1.00,1.31
2018.05.29 09:34:20.212,0.99586,0.99596,1.00,1.12
2018.05.29 09:34:20.266,0.99589,0.99596,1.00,1.12
2018.05.29 09:34:20.370,0.99586,0.99595,1.00,1.00
2018.05.29 09:34:20.474,0.99589,0.99595,1.00,1.25
2018.05.29 09:34:20.526,0.99586,0.99595,1.00,1.25
2018.05.29 09:34:20.630,0.99589,0.99595,1.00,1.25
2018.05.29 09:34:20.682,0.99586,0.99595,1.50,1.25
2018.05.29 09:34:20.785,0.99589,0.99595,1.00,1.25
2018.05.29 09:34:20.888,0.99586,0.99595,1.00,1.00
2018.05.29 09:34:20.940,0.99588,0.99595,1.00,1.00
2018.05.29 09:34:21.288,0.99586,0.99595,1.00,1.00
2018.05.29 09:34:21.340,0.99589,0.99595,1.00,1.00
2018.05.29 09:34:21.444,0.99586,0.99595,1.00,1.25
2018.05.29 09:34:21.497,0.99588,0.99595,1.00,1.25
2018.05.29 09:34:21.607,0.99586,0.99595,1.50,1.00
2018.05.29 09:34:21.761,0.99588,0.99595,1.00,1.00
2018.05.29 09:34:21.890,0.99585,0.99595,1.00,1.50
2018.05.29 09:34:21.942,0.99588,0.99595,1.00,1.19
2018.05.29 09:34:22.045,0.99585,0.99595,1.12,1.25
2018.05.29 09:34:22.149,0.99589,0.99595,1.00,1.25
2018.05.29 09:34:22.201,0.99589,0.99597,1.00,1.31
2018.05.29 09:34:22.305,0.9959,0.99599,1.69,1.12
2018.05.29 09:34:22.519,0.99591,0.99601,1.00,1.69
2018.05.29 09:34:22.570,0.99593,0.99601,1.50,1.69
2018.05.29 09:34:24.685,0.99594,0.99601,1.00,1.62
2018.05.29 09:34:24.923,0.99591,0.99601,1.00,1.62
2018.05.29 09:34:25.028,0.99593,0.99601,1.00,1.62
2018.05.29 09:34:26.047,0.99594,0.99601,1.00,1.62
2018.05.29 09:34:26.949,0.99594,0.99601,1.00,1.31
2018.05.29 09:34:27.503,0.99594,0.99601,1.00,1.62
2018.05.29 09:34:28.186,0.99594,0.99601,1.00,1.31
2018.05.29 09:34:30.635,0.99591,0.99602,1.00,2.14
2018.05.29 09:34:30.738,0.99594,0.99603,1.00,3.26
2018.05.29 09:34:31.066,0.99591,0.99603,4.69,2.51
2018.05.29 09:34:31.172,0.99596,0.99604,1.00,1.76
2018.05.29 09:34:31.864,0.99592,0.99603,3.37,1.31
2018.05.29 09:34:31.917,0.99596,0.99603,1.00,1.31
2018.05.29 09:34:32.422,0.99596,0.99604,1.00,1.66
2018.05.29 09:34:33.055,0.99596,0.99606,1.00,2.51
2018.05.29 09:34:33.199,0.99592,0.99603,2.25,2.81
2018.05.29 09:34:33.252,0.99595,0.99602,1.00,1.56
2018.05.29 09:34:33.410,0.99595,0.99605,1.00,3.64
2018.05.29 09:34:33.462,0.99593,0.99604,2.25,1.29
2018.05.29 09:34:33.514,0.99596,0.99603,1.00,1.56
2018.05.29 09:34:33.669,0.99592,0.99604,3.75,2.51
2018.05.29 09:34:33.869,0.99596,0.99604,1.00,2.89
2018.05.29 09:34:34.392,0.99596,0.99603,1.00,1.19
2018.05.29 09:34:34.920,0.99596,0.99605,1.00,3.26
2018.05.29 09:34:35.441,0.99596,0.99605,1.00,1.76
2018.05.29 09:34:35.894,0.99596,0.99604,1.00,1.66
2018.05.29 09:34:36.387,0.99589,0.996,4.50,2.89
2018.05.29 09:34:36.442,0.99593,0.99601,1.00,3.26
2018.05.29 09:34:36.599,0.99588,0.99599,1.12,2.06
2018.05.29 09:34:36.806,0.9959,0.99598,1.00,1.64
2018.05.29 09:34:37.315,0.99589,0.99598,1.50,1.31
2018.05.29 09:34:38.446,0.99589,0.99598,1.00,1.31
2018.05.29 09:34:38.991,0.99589,0.99598,1.00,1.31
2018.05.29 09:34:39.303,0.99586,0.99594,1.50,1.31
2018.05.29 09:34:39.841,0.99585,0.99593,1.50,2.14
2018.05.29 09:34:40.506,0.99586,0.99593,1.00,1.66
2018.05.29 09:34:41.895,0.99585,0.99591,1.00,1.56
2018.05.29 09:34:41.950,0.99583,0.99591,1.00,1.56
2018.05.29 09:34:42.004,0.99579,0.99587,3.75,1.56
2018.05.29 09:34:42.554,0.99579,0.99588,1.00,2.51
2018.05.29 09:34:44.228,0.99579,0.99587,1.00,2.51
2018.05.29 09:34:44.285,0.99578,0.99585,1.00,1.39
2018.05.29 09:34:44.670,0.99575,0.99582,1.00,1.39
2018.05.29 09:34:45.285,0.99576,0.99586,1.00,2.51
2018.05.29 09:34:45.339,0.99576,0.99586,1.00,1.26
2018.05.29 09:34:45.858,0.99577,0.99586,1.00,1.01
2018.05.29 09:34:47.583,0.99578,0.99588,1.00,1.01
2018.05.29 09:34:48.125,0.99577,0.99587,1.87,1.39
2018.05.29 09:34:48.628,0.99578,0.99587,1.00,1.39
2018.05.29 09:34:49.221,0.99577,0.99588,1.12,1.76
2018.05.29 09:34:49.647,0.99577,0.99587,1.00,1.64
2018.05.29 09:34:50.163,0.99576,0.99585,1.00,3.64
2018.05.29 09:34:50.374,0.99576,0.99586,1.00,1.64
2018.05.29 09:34:51.312,0.99576,0.99587,1.50,1.32
2018.05.29 09:34:51.711,0.99576,0.99585,1.00,1.64
2018.05.29 09:34:54.010,0.99576,0.99584,2.25,1.00
2018.05.29 09:34:54.550,0.99576,0.99584,1.00,1.31
2018.05.29 09:34:55.075,0.99576,0.99584,1.00,1.76
2018.05.29 09:34:55.183,0.99573,0.99582,2.25,1.00
2018.05.29 09:34:55.235,0.99576,0.99584,1.00,2.51
2018.05.29 09:34:55.764,0.99576,0.99584,1.00,1.76
2018.05.29 09:34:56.605,0.99574,0.99583,1.50,1.39
2018.05.29 09:34:56.710,0.99572,0.99581,2.62,1.00
2018.05.29 09:34:57.556,0.99576,0.99581,1.50,1.10
2018.05.29 09:34:57.609,0.99572,0.99582,4.87,1.10
2018.05.29 09:34:58.139,0.99572,0.99582,1.87,1.32
2018.05.29 09:34:59.578,0.99571,0.99581,1.00,1.76
2018.05.29 09:34:59.789,0.99568,0.99579,1.00,1.76
2018.05.29 09:35:00.204,0.99567,0.99577,1.00,1.76
2018.05.29 09:35:00.731,0.99567,0.99577,1.50,1.32
2018.05.29 09:35:01.478,0.99567,0.99578,1.00,3.64
2018.05.29 09:35:01.793,0.99568,0.99578,1.00,1.32
2018.05.29 09:35:02.319,0.99569,0.9958,2.25,4.01
2018.05.29 09:35:03.902,0.99576,0.9958,1.50,1.01
2018.05.29 09:35:04.114,0.99576,0.99585,2.25,1.66
2018.05.29 09:35:04.633,0.99577,0.99586,1.00,1.64
2018.05.29 09:35:05.959,0.99576,0.99585,1.00,2.14
2018.05.29 09:35:06.126,0.99577,0.99586,1.00,2.51
2018.05.29 09:35:06.887,0.99577,0.99587,1.50,1.19
2018.05.29 09:35:07.419,0.99577,0.99586,1.00,1.76
2018.05.29 09:35:07.970,0.99577,0.99585,1.00,1.76
2018.05.29 09:35:08.610,0.99577,0.99585,1.00,1.10
2018.05.29 09:35:09.128,0.99577,0.99585,1.00,1.07
2018.05.29 09:35:09.636,0.99577,0.99585,1.00,1.10
2018.05.29 09:35:09.944,0.9958,0.99586,1.00,1.39
2018.05.29 09:35:10.065,0.9958,0.99587,2.25,1.31
2018.05.29 09:35:10.590,0.9958,0.99591,3.00,1.76
2018.05.29 09:35:11.669,0.9958,0.99591,3.75,1.76
2018.05.29 09:35:12.196,0.9958,0.9959,3.00,1.66
2018.05.29 09:35:12.736,0.99581,0.9959,1.00,1.66
2018.05.29 09:35:13.794,0.99581,0.9959,1.00,1.39
2018.05.29 09:35:14.343,0.99582,0.99592,1.12,2.89
2018.05.29 09:35:14.499,0.99586,0.99592,1.00,1.26
2018.05.29 09:35:14.552,0.99583,0.99593,2.25,2.14
2018.05.29 09:35:14.604,0.99582,0.99592,1.12,1.26
2018.05.29 09:35:15.155,0.99581,0.99591,1.00,1.39
2018.05.29 09:35:17.393,0.99581,0.9959,1.00,1.01
2018.05.29 09:35:17.940,0.99581,0.9959,1.00,1.32
2018.05.29 09:35:18.476,0.9958,0.9959,1.00,1.32
2018.05.29 09:35:19.969,0.9958,0.9959,2.25,2.14
2018.05.29 09:35:20.499,0.99581,0.9959,1.00,1.64
2018.05.29 09:35:21.151,0.9958,0.99592,3.00,4.76
2018.05.29 09:35:21.573,0.9958,0.9959,1.50,1.66
2018.05.29 09:35:22.608,0.99581,0.9959,1.00,1.66
2018.05.29 09:35:23.139,0.9958,0.99589,1.50,1.66
2018.05.29 09:35:24.480,0.99578,0.99589,3.00,1.39
2018.05.29 09:35:24.981,0.99578,0.99588,2.25,1.76
2018.05.29 09:35:25.517,0.99579,0.99588,1.00,2.14
2018.05.29 09:35:26.027,0.99578,0.99588,1.87,2.14
2018.05.29 09:35:26.550,0.99579,0.99588,1.00,1.76
2018.05.29 09:35:28.784,0.9958,0.99589,1.00,1.39
2018.05.29 09:35:30.202,0.99579,0.99589,1.00,1.39
2018.05.29 09:35:31.107,0.9958,0.99589,1.00,1.39
2018.05.29 09:35:31.658,0.99581,0.99591,1.00,2.14
2018.05.29 09:35:32.200,0.99581,0.99591,1.00,2.14
2018.05.29 09:35:32.736,0.99581,0.99591,1.00,2.14
2018.05.29 09:35:33.163,0.99581,0.99589,1.00,1.00
2018.05.29 09:35:33.996,0.99581,0.9959,1.00,1.76
2018.05.29 09:35:34.537,0.99581,0.99589,1.00,1.00
2018.05.29 09:35:36.932,0.9958,0.99589,3.00,1.10
2018.05.29 09:35:37.251,0.9958,0.99589,1.00,2.14
2018.05.29 09:35:37.800,0.99579,0.99589,1.31,1.39
2018.05.29 09:35:38.348,0.9958,0.99589,1.00,1.39
2018.05.29 09:35:40.678,0.99579,0.99589,1.12,1.39
2018.05.29 09:35:41.407,0.99579,0.99588,1.00,1.39
2018.05.29 09:35:44.797,0.99579,0.99587,1.00,1.12
2018.05.29 09:35:45.141,0.99581,0.99589,1.12,1.12
2018.05.29 09:35:48.914,0.99581,0.99587,1.00,1.37
2018.05.29 09:35:48.966,0.99579,0.99587,1.00,1.62
2018.05.29 09:35:49.494,0.99579,0.99586,1.00,1.37
2018.05.29 09:35:50.524,0.99578,0.99587,1.50,1.31
2018.05.29 09:35:51.353,0.99573,0.99579,1.00,1.62
2018.05.29 09:35:51.517,0.9957,0.99579,1.87,1.37
2018.05.29 09:35:51.683,0.99574,0.9958,1.00,1.01
2018.05.29 09:35:51.735,0.99572,0.99581,2.62,1.87
2018.05.29 09:35:51.787,0.99575,0.99582,1.00,1.12
2018.05.29 09:35:51.985,0.99576,0.99584,2.25,1.85
2018.05.29 09:35:54.117,0.99576,0.99585,2.25,2.51
2018.05.29 09:35:54.635,0.99577,0.99585,1.00,2.51
2018.05.29 09:35:54.794,0.99573,0.99581,2.32,1.31
2018.05.29 09:35:54.901,0.99571,0.9958,1.00,1.94
2018.05.29 09:35:55.079,0.99569,0.99578,2.25,1.31
2018.05.29 09:35:55.440,0.99566,0.99575,1.00,1.56
2018.05.29 09:35:56.403,0.99565,0.99575,2.29,1.62
2018.05.29 09:35:56.508,0.99563,0.99572,1.00,1.01
2018.05.29 09:35:56.822,0.99559,0.99569,1.75,1.19
2018.05.29 09:35:57.021,0.99559,0.99569,1.87,1.00
2018.05.29 09:35:57.967,0.99559,0.9957,1.69,1.32
2018.05.29 09:35:58.517,0.9956,0.9957,1.50,1.07
2018.05.29 09:36:00.302,0.99559,0.9957,3.19,1.32
2018.05.29 09:36:00.457,0.99561,0.9957,1.00,1.32
2018.05.29 09:36:00.809,0.99564,0.99573,2.25,1.57
2018.05.29 09:36:01.405,0.99565,0.99574,1.00,1.29
2018.05.29 09:36:03.302,0.99563,0.99574,3.37,1.76
2018.05.29 09:36:03.845,0.99562,0.99572,2.62,1.39
2018.05.29 09:36:04.461,0.99562,0.99572,2.25,1.76
2018.05.29 09:36:05.007,0.99562,0.99572,2.25,1.39
2018.05.29 09:36:05.485,0.99562,0.99572,2.25,1.76
2018.05.29 09:36:05.997,0.99562,0.99572,2.25,1.76
2018.05.29 09:36:07.430,0.99562,0.99572,2.25,1.76
2018.05.29 09:36:07.956,0.99562,0.99572,2.25,1.76
2018.05.29 09:36:08.491,0.99562,0.99572,1.50,1.76
2018.05.29 09:36:09.025,0.99562,0.99572,2.25,1.01
2018.05.29 09:36:09.249,0.99562,0.99572,2.25,1.39
2018.05.29 09:36:09.779,0.99563,0.99572,1.00,2.14
2018.05.29 09:36:09.884,0.99561,0.99572,3.37,1.76
2018.05.29 09:36:10.411,0.99562,0.99572,1.00,3.26
2018.05.29 09:36:10.618,0.99563,0.9957,1.00,2.14
2018.05.29 09:36:10.673,0.9956,0.99568,1.00,1.66
2018.05.29 09:36:11.089,0.99558,0.99568,4.12,1.39
2018.05.29 09:36:11.522,0.99559,0.99569,1.35,1.76
2018.05.29 09:36:11.783,0.99561,0.9957,1.00,1.01
2018.05.29 09:36:11.835,0.99559,0.9957,3.75,1.76
2018.05.29 09:36:12.466,0.99559,0.99571,3.00,4.76
2018.05.29 09:36:13.017,0.9956,0.99571,1.00,4.01
2018.05.29 09:36:13.518,0.99559,0.9957,1.00,2.89
2018.05.29 09:36:14.043,0.99558,0.9957,2.81,2.51
2018.05.29 09:36:14.549,0.9956,0.99571,1.25,1.76
2018.05.29 09:36:14.861,0.99558,0.99569,1.12,1.29
2018.05.29 09:36:15.952,0.99558,0.99569,1.00,2.89
2018.05.29 09:36:16.527,0.99559,0.99569,1.00,1.39
2018.05.29 09:36:16.795,0.99557,0.99569,3.37,2.89
2018.05.29 09:36:17.452,0.99557,0.99568,2.25,2.51
2018.05.29 09:36:19.006,0.99557,0.99566,1.00,1.66
2018.05.29 09:36:19.241,0.99554,0.99563,1.00,4.01
2018.05.29 09:36:20.947,0.99554,0.99563,1.00,3.64
2018.05.29 09:36:21.055,0.99549,0.99559,4.12,1.19
2018.05.29 09:36:21.107,0.99549,0.99558,1.87,1.01
2018.05.29 09:36:21.547,0.99551,0.99558,1.00,2.14
2018.05.29 09:36:21.772,0.99547,0.99557,2.66,1.01
2018.05.29 09:36:22.296,0.99547,0.99558,1.37,2.14
2018.05.29 09:36:22.854,0.99547,0.99558,2.25,2.14
2018.05.29 09:36:23.499,0.99548,0.99558,1.00,1.39
2018.05.29 09:36:23.712,0.99551,0.99559,1.00,1.01
2018.05.29 09:36:23.869,0.99551,0.99561,1.00,2.51
2018.05.29 09:36:24.102,0.99554,0.99561,1.00,1.45
2018.05.29 09:36:24.260,0.99554,0.99562,1.00,1.01
2018.05.29 09:36:24.313,0.99551,0.99561,2.25,1.00
2018.05.29 09:36:24.418,0.99554,0.99561,1.00,1.07
2018.05.29 09:36:24.522,0.99552,0.99562,1.00,1.39
2018.05.29 09:36:24.575,0.99554,0.99562,1.00,1.01
2018.05.29 09:36:24.852,0.99551,0.99559,1.00,1.01
2018.05.29 09:36:25.388,0.99551,0.9956,1.00,3.64
2018.05.29 09:36:25.893,0.9955,0.99559,1.00,1.26
2018.05.29 09:36:26.418,0.9955,0.99558,1.00,1.29
2018.05.29 09:36:26.525,0.9955,0.9956,1.00,3.64
2018.05.29 09:36:27.075,0.9955,0.99561,1.00,3.64
2018.05.29 09:36:27.127,0.99549,0.99559,1.00,1.39
2018.05.29 09:36:27.636,0.99548,0.99558,1.12,1.26
2018.05.29 09:36:28.007,0.99551,0.99559,1.00,2.14
2018.05.29 09:36:28.560,0.99551,0.99559,1.00,2.14
2018.05.29 09:36:29.083,0.99551,0.99559,1.00,2.14
2018.05.29 09:36:29.620,0.99551,0.9956,1.00,1.76
2018.05.29 09:36:32.469,0.99551,0.9956,1.00,1.76
2018.05.29 09:36:32.640,0.99549,0.9956,1.00,2.89
2018.05.29 09:36:32.692,0.99554,0.9956,1.00,1.01
2018.05.29 09:36:32.743,0.99554,0.99561,1.00,1.39
2018.05.29 09:36:32.846,0.9955,0.99561,1.50,1.29
2018.05.29 09:36:32.950,0.99553,0.99561,1.00,1.26
2018.05.29 09:36:33.004,0.9955,0.99561,1.50,1.76
2018.05.29 09:36:33.256,0.99551,0.99559,1.00,1.26
2018.05.29 09:36:33.515,0.99548,0.99559,2.62,1.01
2018.05.29 09:36:33.567,0.99551,0.9956,1.00,2.51
2018.05.29 09:36:34.081,0.99551,0.9956,1.00,3.64
2018.05.29 09:36:35.193,0.99551,0.99559,1.00,2.14
2018.05.29 09:36:35.481,0.99548,0.99558,2.25,1.31
2018.05.29 09:36:35.688,0.99551,0.99558,1.00,1.76
2018.05.29 09:36:35.813,0.99548,0.99558,1.00,2.14
2018.05.29 09:36:36.324,0.99549,0.99558,1.00,2.89
2018.05.29 09:36:36.377,0.99547,0.99558,2.62,2.14
2018.05.29 09:36:36.484,0.99551,0.99559,1.00,1.39
2018.05.29 09:36:36.733,0.99551,0.9956,1.00,1.26
2018.05.29 09:36:36.889,0.99549,0.9956,1.50,1.39
2018.05.29 09:36:36.941,0.99552,0.99561,1.00,2.14
2018.05.29 09:36:37.199,0.99549,0.9956,1.00,1.64
2018.05.29 09:36:37.251,0.99551,0.9956,1.00,2.51
2018.05.29 09:36:38.270,0.99551,0.9956,1.00,2.89
2018.05.29 09:36:38.794,0.99551,0.99559,1.00,2.14
2018.05.29 09:36:39.384,0.99549,0.9956,1.50,1.39
2018.05.29 09:36:39.491,0.99551,0.9956,1.00,1.26
2018.05.29 09:36:39.624,0.99549,0.99561,1.00,2.51
2018.05.29 09:36:39.677,0.99554,0.9956,1.00,1.01
2018.05.29 09:36:39.730,0.99554,0.99561,1.00,1.76
2018.05.29 09:36:40.098,0.99554,0.9956,1.00,1.39
2018.05.29 09:36:40.256,0.99554,0.99562,1.00,4.76
2018.05.29 09:36:41.221,0.99549,0.9956,1.12,1.29
2018.05.29 09:36:41.273,0.99551,0.9956,1.00,1.76
2018.05.29 09:36:42.267,0.99551,0.9956,1.00,1.64
2018.05.29 09:36:42.811,0.99551,0.99561,1.50,1.70
2018.05.29 09:36:43.127,0.99551,0.99562,1.12,2.51
2018.05.29 09:36:43.205,0.99554,0.99561,1.00,1.01
2018.05.29 09:36:43.358,0.9955,0.99561,1.12,1.39
2018.05.29 09:36:43.411,0.99554,0.99562,1.00,2.51
2018.05.29 09:36:43.515,0.9955,0.99561,1.12,1.01
2018.05.29 09:36:43.825,0.99554,0.99562,1.00,2.14
2018.05.29 09:36:44.380,0.99554,0.99562,1.00,1.39
2018.05.29 09:36:44.799,0.9955,0.99561,1.87,1.76
2018.05.29 09:36:44.852,0.99554,0.99561,1.00,1.64
2018.05.29 09:36:44.958,0.99551,0.99561,1.00,2.51
2018.05.29 09:36:45.402,0.99552,0.9956,1.00,1.76
2018.05.29 09:36:46.571,0.99552,0.9956,1.00,2.89
2018.05.29 09:36:49.116,0.9955,0.99558,1.00,1.19
2018.05.29 09:36:49.226,0.99552,0.99559,1.00,2.14
2018.05.29 09:36:49.330,0.9955,0.99559,1.00,2.89
2018.05.29 09:36:49.900,0.99551,0.99559,1.50,1.76
2018.05.29 09:36:50.427,0.99551,0.9956,1.50,1.76
2018.05.29 09:36:50.968,0.99552,0.99561,1.00,5.89
2018.05.29 09:36:51.231,0.99554,0.99561,1.00,3.64
2018.05.29 09:36:51.587,0.99551,0.99561,1.50,2.06
2018.05.29 09:36:51.640,0.99554,0.99561,1.00,1.76
2018.05.29 09:36:52.165,0.99554,0.99562,1.50,3.64
2018.05.29 09:36:52.674,0.99554,0.99562,1.50,2.51
2018.05.29 09:36:53.244,0.99554,0.99562,1.50,2.51
2018.05.29 09:36:53.767,0.99554,0.99561,1.50,1.39
2018.05.29 09:36:53.947,0.99552,0.9956,1.00,1.66
2018.05.29 09:36:54.102,0.99552,0.99561,1.00,3.64
2018.05.29 09:36:54.205,0.99552,0.9956,1.00,3.26
2018.05.29 09:36:54.873,0.99551,0.99559,1.50,1.26
2018.05.29 09:36:55.203,0.99551,0.99558,1.00,2.14
2018.05.29 09:36:55.463,0.99549,0.99558,1.00,1.64
2018.05.29 09:36:55.950,0.99551,0.9956,1.50,3.26
2018.05.29 09:36:56.331,0.99554,0.99561,1.00,3.26
2018.05.29 09:36:56.436,0.99552,0.99561,1.00,2.51
2018.05.29 09:36:56.974,0.99552,0.99558,1.00,1.25
2018.05.29 09:36:57.028,0.9955,0.99557,1.00,1.25
2018.05.29 09:36:57.564,0.99547,0.99556,2.25,1.19
2018.05.29 09:36:57.721,0.99549,0.99556,1.00,1.07
2018.05.29 09:36:57.773,0.99547,0.99556,1.50,1.07
2018.05.29 09:36:57.954,0.99549,0.99556,1.00,1.00
2018.05.29 09:36:58.507,0.9955,0.99557,1.00,1.01
2018.05.29 09:36:59.033,0.99549,0.99558,1.50,1.76
2018.05.29 09:36:59.379,0.99549,0.99556,1.00,2.14
2018.05.29 09:36:59.435,0.99546,0.99555,1.00,1.07
2018.05.29 09:36:59.489,0.99543,0.99554,5.92,1.31
2018.05.29 09:36:59.544,0.99548,0.99554,1.00,1.39
2018.05.29 09:36:59.648,0.99544,0.99554,1.12,1.69
2018.05.29 09:36:59.753,0.99546,0.99554,1.00,1.76
2018.05.29 09:37:00.277,0.99546,0.99554,1.00,1.26
2018.05.29 09:37:00.801,0.99543,0.99555,1.87,3.64
2018.05.29 09:37:00.855,0.99546,0.99554,1.00,1.26
2018.05.29 09:37:01.288,0.99547,0.99556,1.00,2.14
2018.05.29 09:37:01.724,0.99546,0.99554,1.00,2.14
2018.05.29 09:37:02.355,0.99546,0.99555,1.00,2.89
2018.05.29 09:37:02.892,0.99546,0.99553,1.00,1.26
2018.05.29 09:37:08.212,0.99546,0.99554,1.00,1.39
2018.05.29 09:37:08.747,0.99545,0.99555,1.50,2.14
2018.05.29 09:37:09.053,0.99545,0.99552,1.00,1.32
2018.05.29 09:37:09.106,0.99542,0.99552,1.87,1.26
2018.05.29 09:37:09.159,0.99541,0.99551,1.00,4.76
2018.05.29 09:37:09.213,0.99542,0.9955,1.00,1.39
2018.05.29 09:37:09.530,0.99539,0.9955,2.44,1.39
2018.05.29 09:37:09.805,0.99543,0.9955,1.00,1.26
2018.05.29 09:37:10.015,0.9954,0.99551,1.00,2.51
2018.05.29 09:37:10.067,0.99542,0.99549,1.00,1.25
2018.05.29 09:37:10.398,0.99544,0.99552,1.00,1.39
2018.05.29 09:37:10.913,0.99544,0.99552,1.00,1.39
2018.05.29 09:37:11.147,0.99542,0.99552,1.50,1.76
2018.05.29 09:37:11.205,0.99539,0.9955,2.10,1.29
2018.05.29 09:37:11.524,0.99542,0.99549,1.00,1.32
2018.05.29 09:37:11.577,0.99539,0.99549,2.44,1.32
2018.05.29 09:37:11.683,0.99542,0.99549,1.00,1.39
2018.05.29 09:37:11.736,0.99539,0.99549,2.25,1.39
2018.05.29 09:37:11.834,0.99542,0.99549,1.00,1.32
2018.05.29 09:37:11.939,0.99539,0.99549,2.25,1.01
2018.05.29 09:37:11.992,0.99541,0.99549,1.00,1.01
2018.05.29 09:37:12.149,0.99539,0.99549,2.25,1.10
2018.05.29 09:37:12.202,0.99543,0.9955,1.00,1.39
2018.05.29 09:37:12.254,0.9954,0.9955,3.19,1.39
2018.05.29 09:37:12.359,0.99543,0.9955,1.00,1.39
2018.05.29 09:37:12.547,0.99541,0.99549,1.00,1.32
2018.05.29 09:37:13.447,0.99541,0.99549,1.00,1.10
2018.05.29 09:37:13.999,0.99542,0.9955,1.00,1.26
2018.05.29 09:37:14.525,0.99543,0.9955,1.00,1.10
2018.05.29 09:37:14.683,0.99539,0.99549,5.62,1.00
2018.05.29 09:37:14.737,0.99542,0.99549,1.00,1.07
2018.05.29 09:37:14.789,0.99539,0.99549,5.44,1.10
2018.05.29 09:37:14.901,0.99542,0.99549,1.00,1.07
2018.05.29 09:37:15.006,0.99539,0.99548,2.25,1.00
2018.05.29 09:37:15.059,0.99542,0.99548,1.00,1.00
2018.05.29 09:37:15.163,0.9954,0.99548,1.00,1.00
2018.05.29 09:37:15.268,0.99542,0.99549,1.00,1.20
2018.05.29 09:37:15.676,0.99539,0.99549,1.69,1.32
2018.05.29 09:37:15.730,0.99541,0.99548,1.00,1.10
2018.05.29 09:37:17.832,0.99541,0.99548,1.00,1.26
2018.05.29 09:37:18.078,0.99538,0.99546,1.00,1.64
2018.05.29 09:37:18.181,0.99536,0.99544,1.50,1.01
2018.05.29 09:37:18.438,0.99531,0.99541,1.12,1.19
2018.05.29 09:37:18.491,0.99532,0.99539,1.00,1.19
2018.05.29 09:37:18.678,0.99529,0.9954,1.12,1.76
2018.05.29 09:37:18.730,0.99532,0.9954,1.00,1.76
2018.05.29 09:37:18.887,0.99529,0.9954,1.31,2.14
2018.05.29 09:37:18.939,0.99531,0.9954,1.00,2.14
2018.05.29 09:37:19.487,0.9953,0.9954,1.00,2.89
2018.05.29 09:37:20.005,0.99531,0.9954,1.00,3.26
2018.05.29 09:37:20.518,0.9953,0.9954,1.00,2.89
2018.05.29 09:37:21.056,0.99531,0.9954,1.00,2.89
2018.05.29 09:37:21.978,0.9953,0.99539,1.00,2.51
2018.05.29 09:37:22.091,0.99526,0.99535,1.00,1.31
2018.05.29 09:37:22.145,0.99528,0.99535,1.00,2.06
2018.05.29 09:37:22.249,0.99524,0.99535,1.25,2.89
2018.05.29 09:37:22.353,0.99527,0.99534,1.00,1.76
2018.05.29 09:37:22.506,0.99524,0.99534,1.25,1.07
2018.05.29 09:37:22.560,0.99528,0.99534,1.00,1.39
2018.05.29 09:37:22.613,0.99522,0.99531,1.12,1.69
2018.05.29 09:37:22.667,0.99522,0.9953,1.00,1.76
2018.05.29 09:37:22.822,0.99522,0.99531,1.00,1.01
2018.05.29 09:37:22.873,0.99518,0.9953,7.13,1.20
2018.05.29 09:37:23.209,0.99522,0.99531,1.00,1.57
2018.05.29 09:37:23.261,0.99519,0.99531,4.50,1.95
2018.05.29 09:37:23.365,0.99523,0.99531,1.00,2.89
2018.05.29 09:37:23.575,0.9952,0.9953,1.25,1.20
2018.05.29 09:37:23.678,0.99523,0.9953,1.00,1.39
2018.05.29 09:37:24.017,0.99524,0.99533,3.00,1.57
2018.05.29 09:37:24.072,0.99526,0.99534,1.00,1.45
2018.05.29 09:37:24.126,0.99528,0.99535,1.00,1.20
2018.05.29 09:37:24.285,0.99527,0.99536,1.20,1.39
2018.05.29 09:37:24.726,0.99528,0.99536,1.00,3.26
2018.05.29 09:37:24.830,0.99523,0.99533,5.85,1.25
2018.05.29 09:37:24.936,0.99528,0.99535,1.00,2.14
2018.05.29 09:37:25.093,0.99525,0.99535,1.00,1.07
2018.05.29 09:37:25.200,0.99527,0.99535,1.00,2.51
2018.05.29 09:37:25.532,0.99528,0.99536,1.00,1.57
2018.05.29 09:37:25.637,0.99528,0.99537,1.00,1.10
2018.05.29 09:37:26.174,0.99529,0.99537,1.00,1.07
2018.05.29 09:37:26.706,0.99528,0.99537,2.44,1.20
2018.05.29 09:37:26.810,0.99531,0.99538,1.00,1.70
2018.05.29 09:37:27.796,0.99531,0.9954,1.00,1.57
2018.05.29 09:37:28.145,0.99534,0.9954,1.00,1.07
2018.05.29 09:37:28.253,0.99531,0.99541,1.50,1.39
2018.05.29 09:37:28.305,0.99534,0.99541,1.00,1.39
2018.05.29 09:37:28.461,0.99534,0.99542,1.00,2.14
2018.05.29 09:37:28.619,0.99531,0.99541,1.50,1.39
2018.05.29 09:37:28.754,0.99534,0.99541,1.00,1.76
2018.05.29 09:37:28.913,0.9953,0.99541,1.12,3.64
2018.05.29 09:37:28.966,0.99531,0.99538,1.00,1.00
2018.05.29 09:37:29.512,0.99531,0.99538,1.00,1.20
2018.05.29 09:37:30.585,0.9953,0.99539,1.00,1.76
2018.05.29 09:37:30.744,0.99528,0.99539,2.25,1.76
2018.05.29 09:37:31.270,0.99528,0.99537,3.00,1.20
2018.05.29 09:37:31.920,0.99527,0.99536,1.50,1.10
2018.05.29 09:37:32.024,0.99529,0.99537,1.00,1.20
2018.05.29 09:37:32.309,0.99527,0.99536,1.69,1.10
2018.05.29 09:37:32.363,0.99529,0.99536,1.00,1.07
2018.05.29 09:37:32.525,0.99527,0.99536,1.00,1.10
2018.05.29 09:37:32.632,0.99529,0.99536,1.00,1.07
2018.05.29 09:37:32.685,0.99527,0.99536,1.50,1.10
2018.05.29 09:37:32.853,0.99529,0.99536,1.00,1.10
2018.05.29 09:37:32.957,0.99527,0.99536,1.00,1.10
2018.05.29 09:37:33.060,0.99529,0.99536,1.00,1.10
2018.05.29 09:37:33.215,0.99527,0.99536,1.00,1.10
2018.05.29 09:37:33.472,0.99529,0.99536,1.00,1.07
2018.05.29 09:37:33.622,0.99527,0.99536,1.25,1.10
2018.05.29 09:37:33.675,0.99529,0.99536,1.00,1.10
2018.05.29 09:37:34.197,0.99528,0.99537,1.00,1.39
2018.05.29 09:37:34.704,0.99528,0.99537,1.00,1.76
2018.05.29 09:37:35.029,0.99526,0.99536,2.06,1.57
2018.05.29 09:37:35.086,0.99524,0.99533,1.87,1.19
2018.05.29 09:37:35.426,0.99526,0.99531,1.00,1.39
2018.05.29 09:37:35.479,0.9952,0.9953,3.75,1.69
2018.05.29 09:37:35.531,0.99524,0.9953,1.00,2.14
2018.05.29 09:37:35.685,0.99519,0.99528,1.46,1.29
2018.05.29 09:37:35.788,0.99521,0.99528,1.00,1.01
2018.05.29 09:37:36.251,0.99518,0.99528,2.62,1.10
2018.05.29 09:37:36.305,0.99523,0.99529,1.00,1.39
2018.05.29 09:37:36.463,0.9952,0.9953,2.25,1.01
2018.05.29 09:37:36.890,0.99523,0.99532,2.06,1.20
2018.05.29 09:37:37.097,0.99524,0.99532,1.37,1.01
2018.05.29 09:37:37.347,0.9952,0.9953,1.50,1.19
2018.05.29 09:37:38.068,0.99524,0.99532,1.37,1.32
2018.05.29 09:37:38.119,0.99525,0.99531,1.12,1.39
2018.05.29 09:37:38.641,0.99521,0.99529,1.37,1.26
2018.05.29 09:37:39.256,0.99521,0.99529,1.37,1.26
2018.05.29 09:37:40.078,0.99521,0.9953,1.87,1.39
2018.05.29 09:37:40.235,0.99524,0.99531,1.37,1.10
2018.05.29 09:37:40.781,0.99523,0.99531,1.37,1.26
2018.05.29 09:37:41.042,0.99522,0.99531,1.37,1.29
2018.05.29 09:37:41.639,0.99524,0.99531,1.12,1.19
2018.05.29 09:37:42.175,0.99524,0.99532,1.12,1.39
2018.05.29 09:37:44.011,0.99524,0.99531,1.00,2.14
2018.05.29 09:37:44.169,0.99521,0.99528,1.87,1.19
2018.05.29 09:37:44.306,0.99521,0.99528,1.12,1.26
2018.05.29 09:37:44.836,0.99521,0.99528,1.37,1.32
2018.05.29 09:37:45.030,0.99521,0.99528,1.37,1.25
2018.05.29 09:37:45.567,0.9952,0.99529,1.37,1.01
2018.05.29 09:37:46.113,0.9952,0.99529,1.37,1.26
2018.05.29 09:37:46.739,0.9952,0.99529,2.25,1.10
2018.05.29 09:37:46.896,0.99521,0.9953,2.81,1.01
2018.05.29 09:37:47.532,0.99524,0.99532,1.37,1.39
2018.05.29 09:37:47.854,0.99529,0.99538,1.37,1.39
2018.05.29 09:37:48.862,0.99531,0.9954,1.37,2.14
2018.05.29 09:37:49.229,0.99531,0.9954,1.37,1.32
2018.05.29 09:37:49.385,0.99534,0.99541,1.12,1.76
2018.05.29 09:37:49.867,0.99534,0.99541,1.37,1.26
2018.05.29 09:37:49.973,0.99537,0.99545,1.50,1.07
2018.05.29 09:37:50.026,0.99538,0.99546,1.87,1.20
2018.05.29 09:37:50.257,0.99538,0.99547,1.87,1.39
2018.05.29 09:37:50.622,0.99538,0.99547,1.12,1.26
2018.05.29 09:37:50.776,0.99537,0.99546,1.37,1.29
2018.05.29 09:37:50.889,0.99537,0.99547,1.87,1.32
2018.05.29 09:37:51.146,0.99539,0.99547,1.37,1.29
2018.05.29 09:37:51.692,0.99539,0.99546,1.00,2.44
2018.05.29 09:37:51.744,0.99539,0.99545,1.00,1.19
2018.05.29 09:37:51.802,0.99534,0.99545,1.37,4.01
2018.05.29 09:37:52.236,0.99534,0.99542,1.37,2.51
2018.05.29 09:37:52.570,0.99533,0.99541,1.50,1.20
2018.05.29 09:37:52.675,0.99532,0.99541,1.37,1.10
2018.05.29 09:37:52.883,0.99532,0.99539,1.37,1.10
2018.05.29 09:37:53.689,0.99534,0.99541,1.12,1.76
2018.05.29 09:37:54.202,0.99534,0.99541,1.00,3.26
2018.05.29 09:37:54.522,0.99531,0.99539,1.37,1.10
2018.05.29 09:37:54.575,0.99534,0.99541,1.37,1.76
2018.05.29 09:37:55.018,0.99534,0.99541,1.37,2.32
2018.05.29 09:37:55.558,0.9953,0.99541,2.25,2.14
2018.05.29 09:37:56.082,0.99534,0.99541,1.37,1.26
2018.05.29 09:37:56.638,0.99534,0.99541,1.37,1.76
2018.05.29 09:37:57.115,0.99536,0.99542,1.12,1.10
2018.05.29 09:37:58.007,0.99536,0.99546,3.56,1.29
2018.05.29 09:37:58.166,0.99539,0.99546,1.00,1.39
2018.05.29 09:37:58.669,0.99539,0.99546,1.00,1.39
2018.05.29 09:37:59.359,0.99536,0.99542,1.00,1.10
2018.05.29 09:37:59.483,0.99532,0.99542,1.65,1.20
2018.05.29 09:37:59.535,0.99534,0.99541,1.00,2.51
2018.05.29 09:37:59.588,0.9953,0.9954,1.54,1.76
2018.05.29 09:37:59.641,0.99533,0.99539,1.00,1.19
2018.05.29 09:37:59.748,0.9953,0.99539,1.50,1.26
2018.05.29 09:38:00.244,0.99533,0.9954,1.00,2.14
2018.05.29 09:38:00.764,0.99534,0.99541,1.00,1.76
2018.05.29 09:38:01.912,0.9953,0.9954,1.12,2.51
2018.05.29 09:38:02.432,0.99531,0.99538,1.12,1.01
2018.05.29 09:38:02.844,0.99529,0.99539,1.12,2.51
2018.05.29 09:38:02.949,0.99531,0.99538,1.00,1.39
2018.05.29 09:38:03.107,0.99529,0.99538,1.12,1.01
2018.05.29 09:38:03.211,0.99531,0.99538,1.00,1.39
2018.05.29 09:38:03.489,0.99531,0.9954,1.12,1.01
2018.05.29 09:38:03.541,0.99534,0.99541,1.00,2.14
2018.05.29 09:38:03.856,0.9953,0.99538,1.00,1.00
2018.05.29 09:38:04.400,0.99531,0.99538,1.00,1.10
2018.05.29 09:38:04.947,0.99531,0.99538,1.00,1.39
2018.05.29 09:38:05.454,0.99531,0.99538,1.00,1.10
2018.05.29 09:38:05.964,0.99531,0.99538,1.00,1.29
2018.05.29 09:38:06.511,0.99531,0.99538,1.00,1.00
2018.05.29 09:38:07.946,0.99531,0.9954,1.00,2.14
2018.05.29 09:38:08.292,0.9953,0.9954,1.50,2.51
2018.05.29 09:38:08.865,0.99531,0.99539,1.00,1.39
2018.05.29 09:38:09.379,0.99531,0.99539,1.00,1.29
2018.05.29 09:38:11.007,0.99531,0.99539,1.00,2.51
2018.05.29 09:38:11.312,0.99531,0.99538,1.00,1.01
2018.05.29 09:38:12.331,0.99531,0.99539,1.00,1.26
2018.05.29 09:38:12.872,0.99531,0.99539,1.00,1.39
2018.05.29 09:38:13.576,0.99531,0.99539,1.00,1.39
2018.05.29 09:38:14.534,0.99531,0.99538,1.00,1.29
2018.05.29 09:38:15.067,0.99531,0.99538,1.00,1.29
2018.05.29 09:38:15.340,0.99537,0.99542,1.00,1.76
2018.05.29 09:38:15.394,0.99533,0.99543,2.81,1.00
2018.05.29 09:38:15.450,0.99533,0.99542,1.00,1.31
2018.05.29 09:38:15.718,0.9953,0.9954,2.25,1.01
2018.05.29 09:38:16.574,0.99531,0.9954,1.12,1.32
2018.05.29 09:38:17.089,0.99529,0.9954,4.31,1.01
2018.05.29 09:38:19.009,0.99529,0.9954,3.56,1.32
2018.05.29 09:38:24.219,0.99529,0.99539,3.37,1.07
2018.05.29 09:38:24.746,0.99529,0.99539,2.25,1.10
2018.05.29 09:38:25.272,0.99529,0.9954,1.87,1.20
2018.05.29 09:38:25.802,0.9953,0.9954,1.37,1.39
2018.05.29 09:38:26.868,0.9953,0.99538,1.37,1.00
2018.05.29 09:38:28.842,0.99529,0.9954,3.56,1.07
2018.05.29 09:38:29.448,0.99529,0.9954,1.87,1.76
2018.05.29 09:38:30.344,0.99529,0.9954,1.87,1.39
2018.05.29 09:38:30.874,0.9953,0.9954,2.06,1.32
2018.05.29 09:38:32.144,0.99531,0.99541,2.06,1.20
2018.05.29 09:38:32.652,0.99531,0.99541,2.06,1.10
2018.05.29 09:38:33.154,0.9953,0.99541,1.37,1.39
2018.05.29 09:38:33.685,0.9953,0.99541,1.37,1.76
2018.05.29 09:38:34.910,0.9953,0.99541,1.00,2.14
2018.05.29 09:38:35.441,0.99529,0.99541,3.56,4.01
2018.05.29 09:38:35.495,0.99529,0.99541,3.56,4.01
2018.05.29 09:38:35.996,0.99527,0.99537,2.62,1.76
2018.05.29 09:38:36.624,0.99527,0.99537,1.69,1.66
2018.05.29 09:38:37.125,0.99528,0.99538,1.50,2.51
2018.05.29 09:38:37.856,0.99528,0.99537,1.50,1.20
2018.05.29 09:38:38.399,0.99525,0.99534,1.87,1.56
2018.05.29 09:38:38.502,0.99527,0.99536,1.00,1.39
2018.05.29 09:38:39.913,0.99529,0.99537,1.00,1.01
2018.05.29 09:38:40.517,0.99528,0.99537,1.50,1.00
2018.05.29 09:38:41.876,0.99528,0.99538,1.69,1.25
2018.05.29 09:38:42.413,0.99528,0.99538,2.62,1.39
2018.05.29 09:38:42.812,0.99531,0.9954,1.00,1.64
2018.05.29 09:38:42.995,0.99533,0.99543,1.69,1.39
2018.05.29 09:38:43.049,0.99536,0.99544,1.50,1.39
2018.05.29 09:38:43.207,0.99536,0.99546,3.00,1.39
2018.05.29 09:38:43.702,0.99535,0.99542,1.12,1.00
2018.05.29 09:38:44.209,0.99535,0.99541,1.00,1.10
2018.05.29 09:38:44.759,0.99535,0.99542,1.00,2.14
2018.05.29 09:38:44.811,0.99533,0.99542,1.00,2.14
2018.05.29 09:38:45.323,0.99532,0.99542,1.00,2.14
2018.05.29 09:38:46.011,0.99531,0.99542,2.44,1.32
2018.05.29 09:38:46.536,0.99532,0.99542,1.00,1.26
2018.05.29 09:38:46.897,0.99536,0.99545,1.00,1.39
2018.05.29 09:38:47.097,0.99536,0.99546,4.50,1.39
2018.05.29 09:38:47.624,0.99537,0.99547,1.00,2.14
2018.05.29 09:38:49.519,0.99535,0.99545,1.37,1.10
2018.05.29 09:38:49.627,0.99534,0.99543,3.00,1.29
2018.05.29 09:38:49.897,0.9953,0.9954,2.25,1.26
2018.05.29 09:38:50.414,0.99529,0.9954,1.87,2.51
2018.05.29 09:38:50.921,0.99529,0.99539,1.87,1.26
2018.05.29 09:38:51.434,0.99529,0.99539,1.50,1.76
2018.05.29 09:38:52.966,0.99528,0.99538,3.00,2.51
2018.05.29 09:38:53.251,0.99529,0.99535,1.00,1.01
2018.05.29 09:38:53.796,0.99529,0.99537,1.00,2.51
2018.05.29 09:38:54.348,0.99527,0.99537,2.25,2.51
2018.05.29 09:38:57.485,0.99528,0.99538,1.00,2.89
2018.05.29 09:38:58.013,0.99527,0.99538,3.75,2.51
2018.05.29 09:39:00.309,0.99528,0.99538,2.25,2.14
2018.05.29 09:39:00.988,0.99529,0.99539,1.00,1.20
2018.05.29 09:39:01.552,0.99528,0.99539,3.37,1.20
2018.05.29 09:39:03.207,0.99529,0.99539,1.00,1.20
2018.05.29 09:39:03.749,0.99531,0.9954,1.50,1.32
2018.05.29 09:39:03.854,0.99531,0.99541,1.00,1.76
2018.05.29 09:39:04.012,0.99534,0.99542,1.00,2.51
2018.05.29 09:39:04.323,0.99536,0.99544,1.00,2.51
2018.05.29 09:39:04.852,0.99536,0.99544,1.00,2.51
2018.05.29 09:39:05.363,0.99533,0.99544,2.25,2.51
2018.05.29 09:39:05.468,0.99536,0.99544,1.00,2.51
2018.05.29 09:39:05.991,0.99536,0.99544,1.00,2.14
2018.05.29 09:39:06.512,0.99536,0.99545,1.00,1.39
2018.05.29 09:39:06.909,0.99538,0.99547,1.00,1.76
2018.05.29 09:39:07.022,0.99542,0.99552,1.50,1.76
2018.05.29 09:39:07.131,0.99542,0.99553,1.50,1.01
2018.05.29 09:39:07.392,0.99546,0.99555,1.00,4.01
2018.05.29 09:39:07.715,0.99548,0.99554,1.00,1.66
2018.05.29 09:39:07.769,0.99544,0.99554,1.00,1.66
2018.05.29 09:39:08.290,0.99545,0.99554,1.00,1.64
2018.05.29 09:39:08.773,0.99545,0.99555,1.00,1.64
2018.05.29 09:39:09.297,0.99547,0.99557,3.37,1.01
2018.05.29 09:39:09.614,0.9955,0.99559,1.50,1.66
2018.05.29 09:39:10.140,0.99551,0.99559,1.00,1.66
2018.05.29 09:39:10.518,0.99551,0.99557,1.00,1.39
2018.05.29 09:39:10.726,0.99549,0.99557,1.00,1.26
2018.05.29 09:39:10.882,0.99545,0.99557,2.25,3.26
2018.05.29 09:39:10.934,0.99544,0.99554,1.12,1.19
2018.05.29 09:39:11.090,0.99546,0.99556,1.00,1.39
2018.05.29 09:39:11.143,0.99549,0.99556,1.00,2.89
2018.05.29 09:39:11.248,0.99545,0.99556,1.50,2.14
2018.05.29 09:39:11.300,0.99545,0.99554,1.00,1.56
2018.05.29 09:39:11.801,0.99546,0.99553,1.00,2.51
2018.05.29 09:39:11.905,0.99541,0.99551,1.12,1.76
2018.05.29 09:39:11.957,0.99546,0.99551,1.00,1.76
2018.05.29 09:39:12.060,0.99546,0.99552,1.00,1.76
2018.05.29 09:39:12.177,0.99542,0.99552,1.00,1.39
2018.05.29 09:39:12.234,0.99546,0.99552,1.00,1.64
2018.05.29 09:39:12.451,0.99546,0.99554,1.00,2.89
2018.05.29 09:39:12.505,0.99541,0.99552,2.25,2.14
2018.05.29 09:39:12.559,0.99546,0.99552,1.00,1.76
2018.05.29 09:39:12.666,0.99546,0.99553,1.00,1.64
2018.05.29 09:39:12.726,0.99542,0.99551,1.00,1.56
2018.05.29 09:39:12.972,0.99545,0.99552,1.00,1.20
2018.05.29 09:39:13.034,0.9954,0.99551,6.37,1.19
2018.05.29 09:39:13.087,0.99546,0.99552,1.00,1.76
2018.05.29 09:39:13.270,0.99542,0.99553,1.12,1.76
2018.05.29 09:39:13.323,0.99541,0.99551,1.00,1.19
2018.05.29 09:39:13.668,0.99546,0.99551,1.00,1.39
2018.05.29 09:39:13.722,0.99546,0.99552,1.00,1.39
2018.05.29 09:39:13.777,0.9954,0.99552,1.12,1.39
2018.05.29 09:39:13.830,0.99545,0.99551,1.00,1.31
2018.05.29 09:39:13.884,0.99546,0.99552,1.00,2.14
2018.05.29 09:39:14.042,0.9954,0.99551,1.50,3.26
2018.05.29 09:39:14.095,0.99544,0.99551,1.00,2.89
2018.05.29 09:39:14.150,0.99544,0.99551,1.00,2.14
2018.05.29 09:39:14.205,0.99539,0.99551,1.00,4.39
2018.05.29 09:39:14.260,0.99544,0.99549,1.00,1.39
2018.05.29 09:39:14.369,0.99539,0.99551,2.25,2.89
2018.05.29 09:39:14.446,0.99544,0.9955,1.00,2.06
2018.05.29 09:39:14.712,0.99544,0.99551,1.00,1.29
2018.05.29 09:39:14.774,0.9954,0.9955,1.50,1.32
2018.05.29 09:39:14.828,0.99541,0.99548,1.00,1.19
2018.05.29 09:39:14.992,0.99538,0.99549,2.62,1.39
2018.05.29 09:39:15.120,0.99544,0.9955,1.00,1.76
2018.05.29 09:39:15.173,0.99539,0.9955,1.00,1.66
2018.05.29 09:39:15.277,0.99541,0.99546,1.00,1.19
2018.05.29 09:39:15.330,0.99542,0.99547,1.00,1.39
2018.05.29 09:39:15.383,0.99536,0.99546,1.00,1.00
2018.05.29 09:39:15.437,0.9954,0.99546,1.00,1.31
2018.05.29 09:39:15.597,0.99541,0.99549,1.00,1.76
2018.05.29 09:39:15.721,0.99538,0.99545,1.00,2.51
2018.05.29 09:39:15.774,0.99539,0.99544,1.00,1.01
2018.05.29 09:39:15.826,0.99534,0.99543,1.04,1.31
2018.05.29 09:39:15.879,0.99532,0.99543,2.62,2.14
2018.05.29 09:39:15.931,0.99539,0.99543,1.00,2.14
2018.05.29 09:39:15.984,0.99533,0.99543,1.12,1.32
2018.05.29 09:39:16.088,0.99536,0.99543,1.00,2.51
2018.05.29 09:39:17.054,0.99536,0.99543,1.00,1.10
2018.05.29 09:39:17.559,0.99536,0.99543,1.00,1.07
2018.05.29 09:39:19.246,0.99536,0.99543,1.00,1.10
2018.05.29 09:39:19.608,0.99536,0.99545,1.00,1.39
2018.05.29 09:39:19.661,0.99536,0.99545,1.00,1.76
2018.05.29 09:39:19.713,0.99534,0.99543,1.00,1.10
2018.05.29 09:39:19.766,0.99532,0.99543,1.50,2.14
2018.05.29 09:39:20.095,0.99536,0.99544,1.00,1.39
2018.05.29 09:39:20.684,0.99535,0.99543,1.00,1.32
2018.05.29 09:39:21.200,0.99535,0.99544,1.00,1.39
2018.05.29 09:39:21.715,0.99536,0.99544,1.00,1.01
2018.05.29 09:39:22.183,0.99536,0.99543,1.00,1.32
2018.05.29 09:39:24.142,0.99532,0.99543,1.12,1.76
2018.05.29 09:39:24.194,0.99536,0.99543,1.00,1.01
2018.05.29 09:39:24.488,0.99529,0.9954,3.00,1.31
2018.05.29 09:39:24.593,0.99534,0.9954,1.00,1.07
2018.05.29 09:39:24.645,0.99534,0.99541,1.00,1.01
2018.05.29 09:39:24.698,0.99531,0.99541,1.00,1.26
2018.05.29 09:39:24.750,0.99534,0.99541,1.00,1.26
2018.05.29 09:39:24.854,0.99531,0.99541,1.00,1.39
2018.05.29 09:39:24.958,0.99534,0.99541,1.00,2.14
2018.05.29 09:39:25.144,0.9953,0.99541,1.12,2.14
2018.05.29 09:39:25.197,0.99533,0.99542,1.00,2.14
2018.05.29 09:39:25.252,0.99531,0.99541,1.00,1.26
2018.05.29 09:39:25.305,0.99534,0.99541,1.00,1.26
2018.05.29 09:39:25.410,0.99534,0.99542,1.00,1.76
2018.05.29 09:39:25.777,0.99531,0.99543,3.00,1.76
2018.05.29 09:39:25.831,0.99536,0.99543,1.00,1.01
2018.05.29 09:39:29.237,0.99536,0.99544,1.00,1.64
2018.05.29 09:39:29.544,0.99536,0.99544,1.00,1.39
2018.05.29 09:39:30.150,0.99536,0.99544,1.00,1.01
2018.05.29 09:39:31.881,0.99536,0.99547,4.12,1.76
2018.05.29 09:39:32.040,0.99541,0.99548,1.00,1.76
2018.05.29 09:39:32.096,0.99541,0.99551,1.00,3.26
2018.05.29 09:39:32.308,0.99546,0.99551,1.00,1.50
2018.05.29 09:39:32.360,0.99543,0.99551,1.10,1.50
2018.05.29 09:39:32.414,0.99546,0.99551,1.00,1.50
2018.05.29 09:39:32.520,0.99542,0.99551,1.45,1.00
2018.05.29 09:39:32.885,0.99545,0.99551,1.57,1.00
2018.05.29 09:39:33.046,0.99549,0.99559,1.50,1.69
2018.05.29 09:39:33.099,0.99551,0.99557,1.00,1.31
2018.05.29 09:39:33.154,0.99549,0.99556,1.00,1.69
2018.05.29 09:39:33.303,0.99549,0.99555,1.50,2.44
2018.05.29 09:39:33.356,0.99548,0.99556,1.10,1.69
2018.05.29 09:39:33.461,0.9955,0.99557,1.00,1.69
2018.05.29 09:39:33.773,0.99547,0.99556,1.10,2.44
2018.05.29 09:39:33.825,0.99549,0.99555,1.00,1.31
2018.05.29 09:39:33.929,0.99547,0.99555,1.00,1.31
2018.05.29 09:39:34.105,0.99549,0.99556,1.00,3.19
2018.05.29 09:39:34.158,0.99547,0.99554,1.50,1.62
2018.05.29 09:39:34.212,0.99549,0.99557,1.00,3.56
2018.05.29 09:39:34.318,0.99547,0.99554,1.00,1.31
2018.05.29 09:39:34.865,0.99545,0.99555,1.10,2.44
2018.05.29 09:39:34.969,0.99546,0.99556,1.10,2.44
2018.05.29 09:39:35.125,0.99545,0.99555,1.20,1.37
2018.05.29 09:39:35.332,0.99545,0.99555,1.10,2.06
2018.05.29 09:39:35.898,0.99546,0.99555,1.00,2.44
2018.05.29 09:39:36.416,0.99546,0.99555,1.10,1.25
2018.05.29 09:39:36.727,0.99546,0.99556,1.10,2.44
2018.05.29 09:39:37.116,0.99546,0.99556,1.10,2.44
2018.05.29 09:39:37.588,0.99549,0.99558,1.00,1.31
2018.05.29 09:39:37.910,0.99546,0.99555,1.07,1.31
2018.05.29 09:39:38.280,0.99549,0.99557,1.00,1.56
2018.05.29 09:39:38.334,0.99543,0.99554,1.95,1.00
2018.05.29 09:39:38.580,0.99544,0.99556,1.95,2.06
2018.05.29 09:39:38.635,0.99549,0.99557,1.00,1.56
2018.05.29 09:39:38.690,0.99543,0.99554,3.07,1.25
2018.05.29 09:39:38.743,0.99548,0.99555,1.00,2.44
2018.05.29 09:39:38.902,0.99545,0.99555,1.10,2.44
2018.05.29 09:39:39.406,0.99546,0.99555,1.10,2.44
2018.05.29 09:39:40.132,0.99549,0.99556,1.00,1.69
2018.05.29 09:39:40.186,0.99547,0.99556,1.00,1.31
2018.05.29 09:39:40.239,0.99545,0.99554,1.10,1.25
2018.05.29 09:39:40.557,0.99548,0.99555,1.00,1.50
2018.05.29 09:39:40.950,0.99544,0.99555,1.20,2.81
2018.05.29 09:39:41.004,0.99548,0.99555,1.00,1.69
2018.05.29 09:39:41.270,0.99549,0.99557,1.00,3.19
2018.05.29 09:39:41.412,0.99546,0.99555,1.95,1.31
2018.05.29 09:39:41.463,0.99548,0.99555,1.00,2.44
2018.05.29 09:39:41.668,0.99547,0.99556,1.00,2.06
2018.05.29 09:39:41.771,0.99543,0.99554,1.45,1.69
2018.05.29 09:39:42.082,0.99548,0.99554,1.00,1.19
2018.05.29 09:39:42.384,0.99544,0.99553,1.45,1.37
2018.05.29 09:39:43.965,0.99546,0.99554,1.00,1.31
2018.05.29 09:39:46.436,0.99546,0.99553,1.00,1.19
2018.05.29 09:39:46.542,0.99546,0.99554,1.00,2.81
2018.05.29 09:39:47.064,0.99546,0.99555,1.00,2.06
2018.05.29 09:39:50.552,0.99545,0.99554,1.10,1.31
2018.05.29 09:39:50.780,0.99545,0.99554,1.00,2.06
2018.05.29 09:39:51.326,0.99545,0.99554,1.00,2.06
2018.05.29 09:39:51.835,0.99545,0.99554,1.00,2.06
2018.05.29 09:39:52.336,0.99545,0.99554,1.00,2.06
2018.05.29 09:39:52.918,0.99546,0.99552,1.00,1.31
2018.05.29 09:39:52.970,0.99546,0.99552,1.00,1.31
2018.05.29 09:39:54.607,0.99546,0.99555,1.00,3.19
2018.05.29 09:39:56.235,0.99546,0.99553,1.00,1.31
2018.05.29 09:39:56.396,0.99541,0.99551,3.00,1.69
2018.05.29 09:39:56.449,0.99539,0.99548,1.50,1.19
2018.05.29 09:39:56.740,0.99543,0.99551,1.00,1.62
2018.05.29 09:39:56.900,0.99541,0.99551,1.00,1.62
2018.05.29 09:39:57.006,0.99544,0.99551,1.00,1.62
2018.05.29 09:39:57.111,0.9954,0.99551,2.25,1.69
2018.05.29 09:39:57.165,0.99546,0.99552,1.00,1.31
2018.05.29 09:39:57.272,0.99542,0.99552,1.69,1.12
2018.05.29 09:39:57.399,0.99546,0.99552,1.00,1.12
2018.05.29 09:39:58.816,0.99546,0.99552,1.00,1.62
2018.05.29 09:40:00.096,0.99546,0.99552,1.00,1.31
2018.05.29 09:40:00.635,0.99545,0.99552,1.00,1.62
2018.05.29 09:40:01.207,0.99546,0.99552,1.00,1.62
2018.05.29 09:40:01.786,0.99545,0.99553,1.00,1.31
2018.05.29 09:40:02.308,0.99545,0.99553,1.00,1.69
2018.05.29 09:40:02.953,0.99546,0.99553,1.00,2.44
2018.05.29 09:40:05.985,0.99542,0.99552,1.45,1.31
2018.05.29 09:40:06.037,0.99546,0.99552,1.00,1.31
2018.05.29 09:40:06.295,0.99542,0.99552,1.95,1.56
2018.05.29 09:40:06.347,0.99546,0.99552,1.00,1.62
2018.05.29 09:40:06.451,0.99544,0.99552,1.10,1.62
2018.05.29 09:40:06.555,0.99541,0.99552,1.57,1.56
2018.05.29 09:40:07.052,0.99544,0.99552,1.00,1.62
2018.05.29 09:40:07.885,0.99541,0.99551,1.57,1.69
2018.05.29 09:40:07.937,0.99539,0.9955,2.70,2.06
2018.05.29 09:40:08.199,0.99536,0.99546,3.26,1.00
2018.05.29 09:40:08.639,0.99539,0.99547,1.00,1.00
2018.05.29 09:40:11.083,0.99539,0.99548,1.10,1.00
2018.05.29 09:40:11.610,0.99538,0.99548,2.25,1.00
2018.05.29 09:40:13.935,0.99538,0.99548,1.00,1.50
2018.05.29 09:40:14.304,0.99538,0.99548,1.00,1.50
2018.05.29 09:40:15.042,0.9954,0.99548,1.00,1.00
2018.05.29 09:40:15.619,0.9954,0.99549,1.00,1.12
2018.05.29 09:40:16.231,0.9954,0.9955,1.00,1.12
2018.05.29 09:40:16.589,0.99539,0.9955,1.12,1.87
2018.05.29 09:40:16.643,0.99539,0.9955,4.12,1.12
2018.05.29 09:40:16.749,0.99543,0.9955,1.00,1.12
2018.05.29 09:40:21.085,0.99542,0.99552,1.50,1.56
2018.05.29 09:40:21.625,0.99543,0.99552,1.00,2.44
2018.05.29 09:40:23.906,0.99543,0.99552,1.00,2.44
2018.05.29 09:40:24.013,0.9954,0.99549,1.12,1.69
2018.05.29 09:40:24.228,0.99538,0.99548,1.00,1.12
2018.05.29 09:40:24.280,0.9954,0.9955,1.00,3.56
2018.05.29 09:40:24.539,0.9954,0.99551,1.50,4.69
2018.05.29 09:40:24.752,0.99542,0.9955,1.00,1.19
2018.05.29 09:40:25.007,0.9954,0.99551,1.00,3.56
2018.05.29 09:40:25.528,0.9954,0.99551,1.50,3.56
2018.05.29 09:40:26.057,0.9954,0.9955,1.00,2.44
2018.05.29 09:40:26.889,0.9954,0.9955,1.00,2.44
2018.05.29 09:40:27.200,0.99538,0.99547,1.00,1.19
2018.05.29 09:40:27.312,0.99538,0.99548,1.50,1.00
2018.05.29 09:40:27.673,0.9954,0.99549,1.00,2.81
2018.05.29 09:40:34.497,0.9954,0.99549,1.12,2.06
2018.05.29 09:40:35.137,0.9954,0.99548,1.12,1.00
2018.05.29 09:40:38.477,0.99539,0.99549,1.37,2.81
2018.05.29 09:40:39.121,0.99539,0.99548,1.37,1.25
2018.05.29 09:40:39.636,0.9954,0.99551,1.00,3.56
2018.05.29 09:40:40.867,0.99539,0.9955,1.87,3.56
2018.05.29 09:40:41.411,0.99539,0.99548,1.37,1.69
2018.05.29 09:40:42.016,0.99539,0.99548,1.00,1.69
2018.05.29 09:40:42.698,0.99539,0.99549,1.50,1.62
2018.05.29 09:40:43.234,0.99539,0.9955,2.25,2.44
2018.05.29 09:40:43.648,0.99538,0.99549,1.37,5.44
2018.05.29 09:40:43.920,0.99536,0.99546,1.87,2.06
2018.05.29 09:40:46.021,0.99537,0.99548,1.00,4.69
2018.05.29 09:40:46.943,0.99537,0.99548,1.37,4.69
2018.05.29 09:40:49.079,0.99539,0.99549,1.50,1.31
2018.05.29 09:40:49.241,0.99538,0.99549,1.50,2.81
2018.05.29 09:40:49.407,0.99536,0.99547,1.87,2.06
2018.05.29 09:40:50.750,0.99536,0.99547,1.12,2.81
2018.05.29 09:40:50.905,0.99535,0.99546,2.81,1.25
2018.05.29 09:40:51.529,0.99534,0.99546,4.50,2.66
2018.05.29 09:40:52.051,0.99533,0.99544,1.87,3.19
2018.05.29 09:40:52.534,0.99533,0.99544,1.87,3.94
2018.05.29 09:40:53.038,0.99533,0.99543,1.12,1.00
2018.05.29 09:40:54.471,0.99533,0.99543,1.50,1.00
2018.05.29 09:40:55.012,0.99533,0.99544,2.06,2.25
2018.05.29 09:40:55.553,0.99533,0.99544,2.25,1.50
2018.05.29 09:40:56.025,0.99536,0.99547,1.50,2.89
2018.05.29 09:40:56.157,0.99536,0.99547,2.62,1.20
2018.05.29 09:40:56.212,0.99535,0.99545,2.06,1.37
2018.05.29 09:40:56.264,0.99535,0.99545,1.12,2.00
2018.05.29 09:40:56.806,0.99534,0.99545,1.37,3.75
2018.05.29 09:40:57.327,0.99534,0.99545,1.00,3.37
2018.05.29 09:40:57.859,0.99534,0.99545,1.19,2.62
2018.05.29 09:40:59.353,0.99538,0.99548,1.25,1.57
2018.05.29 09:40:59.408,0.99539,0.99548,1.00,1.87
2018.05.29 09:41:00.676,0.99539,0.9955,1.19,1.87
2018.05.29 09:41:02.289,0.99539,0.9955,3.19,1.37
2018.05.29 09:41:02.479,0.99541,0.99552,1.50,3.19
2018.05.29 09:41:02.997,0.9954,0.99551,1.25,2.25
2018.05.29 09:41:06.774,0.99539,0.9955,1.12,2.81
2018.05.29 09:41:06.826,0.99539,0.9955,1.31,1.50
2018.05.29 09:41:06.879,0.99542,0.99552,1.00,4.20
2018.05.29 09:41:07.382,0.99543,0.99554,1.25,3.75
2018.05.29 09:41:07.819,0.99543,0.99553,1.25,1.00
2018.05.29 09:41:09.136,0.99543,0.99553,1.25,1.50
2018.05.29 09:41:09.839,0.99543,0.99553,1.00,1.69
2018.05.29 09:41:10.350,0.99542,0.99553,1.00,2.44
2018.05.29 09:41:11.383,0.99541,0.99552,1.25,2.25
2018.05.29 09:41:11.436,0.99541,0.99552,1.25,2.25
2018.05.29 09:41:11.960,0.9954,0.99551,1.00,3.19
2018.05.29 09:41:13.874,0.99541,0.99551,1.00,1.75
2018.05.29 09:41:14.529,0.99541,0.99551,1.25,1.50
2018.05.29 09:41:16.127,0.9954,0.99551,1.00,3.19
2018.05.29 09:41:16.448,0.9954,0.9955,1.00,1.75
2018.05.29 09:41:16.955,0.9954,0.99551,1.00,3.56
2018.05.29 09:41:17.468,0.99539,0.99549,1.50,1.00
2018.05.29 09:41:18.039,0.9954,0.99551,1.00,3.56
2018.05.29 09:41:19.118,0.99541,0.99551,1.00,2.81
2018.05.29 09:41:19.644,0.99542,0.99552,1.00,2.06
2018.05.29 09:41:20.285,0.99542,0.99552,1.00,2.06
2018.05.29 09:41:20.493,0.99542,0.99553,1.87,1.50
2018.05.29 09:41:21.014,0.99544,0.99553,1.00,2.25
2018.05.29 09:41:21.828,0.99542,0.99553,1.87,2.25
2018.05.29 09:41:22.329,0.99543,0.99553,1.00,1.50
2018.05.29 09:41:24.871,0.99543,0.99554,1.69,1.87
2018.05.29 09:41:25.051,0.99547,0.99557,1.50,3.94
2018.05.29 09:41:25.156,0.99547,0.99557,1.25,3.00
2018.05.29 09:41:25.419,0.99548,0.99559,1.19,1.87
2018.05.29 09:41:25.649,0.99549,0.99559,1.00,1.00
2018.05.29 09:41:26.512,0.99548,0.99559,1.69,1.00
2018.05.29 09:41:26.667,0.99551,0.99561,1.00,2.81
2018.05.29 09:41:29.280,0.99551,0.99562,1.00,6.19
2018.05.29 09:41:29.652,0.99548,0.99561,3.94,4.31
2018.05.29 09:41:30.165,0.9955,0.9956,1.00,1.75
2018.05.29 09:41:32.512,0.99549,0.9956,1.00,1.69
2018.05.29 09:41:32.622,0.99551,0.99558,1.00,1.00
2018.05.29 09:41:38.289,0.99551,0.9956,1.00,1.00
2018.05.29 09:41:38.827,0.9955,0.99562,1.69,2.06
2018.05.29 09:41:40.544,0.99551,0.99562,1.00,3.56
2018.05.29 09:41:42.292,0.9955,0.99562,2.25,3.56
2018.05.29 09:41:42.345,0.99552,0.99563,1.25,2.44
2018.05.29 09:41:42.397,0.99552,0.99563,1.69,1.12
2018.05.29 09:41:42.554,0.99556,0.99564,1.00,1.00
2018.05.29 09:41:42.863,0.99558,0.99566,1.00,2.62
2018.05.29 09:41:42.978,0.99554,0.99564,1.87,1.37
2018.05.29 09:41:43.029,0.99558,0.99566,1.00,2.06
2018.05.29 09:41:43.081,0.99555,0.99566,1.25,1.37
2018.05.29 09:41:43.184,0.99557,0.99568,1.69,1.12
2018.05.29 09:41:43.391,0.99557,0.99569,4.12,1.69
2018.05.29 09:41:43.496,0.9956,0.99567,1.00,1.12
2018.05.29 09:41:43.548,0.99558,0.99567,2.25,1.12
2018.05.29 09:41:43.709,0.99561,0.99568,1.00,1.12
2018.05.29 09:41:44.221,0.99561,0.99569,1.00,1.25
2018.05.29 09:41:44.998,0.99561,0.99572,1.00,2.14
2018.05.29 09:41:45.538,0.9956,0.99571,1.00,1.25
2018.05.29 09:41:46.067,0.99561,0.99571,1.00,1.25
2018.05.29 09:41:46.618,0.99561,0.99571,1.00,2.25
2018.05.29 09:41:47.809,0.99562,0.99573,1.25,2.81
2018.05.29 09:41:48.350,0.99563,0.99573,1.00,1.31
2018.05.29 09:41:49.104,0.99563,0.99573,1.12,1.31
2018.05.29 09:41:49.647,0.99564,0.99573,1.00,1.31
2018.05.29 09:41:51.777,0.99561,0.99573,1.87,1.94
2018.05.29 09:41:52.039,0.99564,0.99573,1.00,1.69
2018.05.29 09:41:54.748,0.99564,0.99573,1.25,2.25
2018.05.29 09:41:54.856,0.99566,0.99575,2.06,1.12
2018.05.29 09:41:54.961,0.99566,0.99578,1.31,2.44
2018.05.29 09:41:55.014,0.99569,0.99579,1.31,1.37
2018.05.29 09:41:55.455,0.99568,0.99579,3.00,1.00
2018.05.29 09:41:55.614,0.99571,0.99581,1.00,3.94
2018.05.29 09:41:57.357,0.9957,0.99581,1.37,1.69
2018.05.29 09:41:59.804,0.99571,0.99582,1.37,2.44
2018.05.29 09:42:00.664,0.99572,0.99582,1.12,1.00
2018.05.29 09:42:00.931,0.99574,0.99582,1.00,1.00
2018.05.29 09:42:01.710,0.99573,0.99583,2.81,1.25
2018.05.29 09:42:02.223,0.99576,0.99586,1.69,1.50
2018.05.29 09:42:02.287,0.99576,0.99586,3.94,1.00
2018.05.29 09:42:02.702,0.99579,0.9959,1.00,5.81
2018.05.29 09:42:03.337,0.99579,0.99589,1.00,2.44
2018.05.29 09:42:03.853,0.99576,0.99585,1.00,1.75
2018.05.29 09:42:04.493,0.99572,0.99584,5.44,1.69
2018.05.29 09:42:05.030,0.99574,0.99585,1.37,4.69
2018.05.29 09:42:05.575,0.99574,0.99585,1.00,5.06
2018.05.29 09:42:05.749,0.99574,0.99586,1.25,2.06
2018.05.29 09:42:05.957,0.99576,0.99587,1.00,4.69
2018.05.29 09:42:06.271,0.99579,0.99587,1.00,1.94
2018.05.29 09:42:06.439,0.99576,0.99587,1.12,1.69
2018.05.29 09:42:06.995,0.99576,0.99586,1.12,3.56
2018.05.29 09:42:07.569,0.99575,0.99584,1.87,1.00
2018.05.29 09:42:08.103,0.99577,0.99585,1.00,1.00
2018.05.29 09:42:09.549,0.99577,0.99587,1.00,1.69
2018.05.29 09:42:09.783,0.99577,0.99587,1.12,2.06
2018.05.29 09:42:09.836,0.99577,0.99587,1.12,1.87
2018.05.29 09:42:10.099,0.99579,0.99589,1.00,2.44
2018.05.29 09:42:10.848,0.99578,0.99588,1.37,1.69
2018.05.29 09:42:11.392,0.99579,0.99587,1.12,1.00
2018.05.29 09:42:12.019,0.9958,0.99589,1.00,2.00
2018.05.29 09:42:12.550,0.9958,0.9959,1.00,4.69
2018.05.29 09:42:14.615,0.9958,0.99589,1.00,4.50
2018.05.29 09:42:14.771,0.99575,0.99586,3.45,2.44
2018.05.29 09:42:15.029,0.99573,0.99582,1.37,1.19
2018.05.29 09:42:15.367,0.99574,0.99584,1.37,1.69
2018.05.29 09:42:15.585,0.99577,0.99586,1.00,1.56
2018.05.29 09:42:15.892,0.99579,0.99589,1.00,1.94
2018.05.29 09:42:16.309,0.99581,0.9959,1.00,1.69
2018.05.29 09:42:17.444,0.99582,0.99593,1.00,6.94
2018.05.29 09:42:18.043,0.99582,0.99593,1.00,3.19
2018.05.29 09:42:18.569,0.99581,0.99591,1.87,1.94
2018.05.29 09:42:18.998,0.99581,0.99591,1.87,1.11
2018.05.29 09:42:20.197,0.99582,0.99592,1.00,3.19
2018.05.29 09:42:20.759,0.99581,0.99592,1.50,4.31
2018.05.29 09:42:21.325,0.99582,0.99592,1.00,2.44
2018.05.29 09:42:21.430,0.99582,0.99592,1.00,2.25
2018.05.29 09:42:23.932,0.99584,0.99594,1.00,6.19
2018.05.29 09:42:24.145,0.99585,0.99596,1.00,3.26
2018.05.29 09:42:24.539,0.99587,0.99597,1.00,2.00
2018.05.29 09:42:24.694,0.99588,0.99599,1.00,1.69
2018.05.29 09:42:25.162,0.9959,0.99598,1.00,1.00
2018.05.29 09:42:25.266,0.99588,0.99598,1.50,1.25
2018.05.29 09:42:25.318,0.9959,0.99598,1.00,1.00
2018.05.29 09:42:25.694,0.99591,0.99598,1.00,1.62
2018.05.29 09:42:25.800,0.99588,0.99598,1.00,3.19
2018.05.29 09:42:26.592,0.99588,0.99598,1.00,2.81
2018.05.29 09:42:26.835,0.99591,0.996,2.25,1.62
2018.05.29 09:42:28.725,0.99591,0.99602,1.00,3.56
2018.05.29 09:42:29.309,0.99591,0.99603,1.50,1.94
2018.05.29 09:42:29.853,0.99592,0.99604,1.00,4.69
2018.05.29 09:42:30.388,0.99592,0.99603,1.00,4.31
2018.05.29 09:42:32.587,0.99592,0.99604,1.00,3.75
2018.05.29 09:42:33.352,0.99591,0.99603,1.12,1.56
2018.05.29 09:42:33.995,0.99592,0.99602,1.00,1.56
2018.05.29 09:42:34.935,0.99593,0.99603,1.00,2.25
2018.05.29 09:42:35.143,0.99591,0.99602,1.50,1.56
2018.05.29 09:42:35.678,0.99591,0.99603,1.50,2.51
2018.05.29 09:42:37.434,0.99592,0.99603,1.00,1.56
2018.05.29 09:42:37.817,0.99592,0.99604,1.00,4.69
2018.05.29 09:42:38.329,0.99592,0.99604,1.00,4.95
2018.05.29 09:42:39.763,0.99591,0.99603,1.50,3.56
2018.05.29 09:42:39.872,0.99591,0.99598,1.00,1.12
2018.05.29 09:42:39.979,0.99589,0.99599,1.12,1.56
2018.05.29 09:42:40.240,0.99585,0.99596,1.00,1.69
2018.05.29 09:42:40.401,0.99586,0.99594,1.00,1.31
2018.05.29 09:42:40.454,0.99586,0.99596,1.00,3.19
2018.05.29 09:42:40.507,0.99585,0.99595,1.00,1.69
2018.05.29 09:42:40.562,0.99583,0.99593,1.00,1.56
2018.05.29 09:42:40.614,0.99584,0.99592,1.00,1.56
2018.05.29 09:42:40.799,0.99582,0.99593,1.50,3.19
2018.05.29 09:42:41.411,0.99583,0.99594,1.00,3.56
2018.05.29 09:42:41.939,0.99582,0.99593,1.00,1.69
2018.05.29 09:42:42.093,0.99584,0.99594,1.00,2.89
2018.05.29 09:42:42.414,0.9959,0.99598,1.00,1.37
2018.05.29 09:42:42.466,0.9959,0.99599,1.00,1.31
2018.05.29 09:42:43.006,0.99591,0.99602,1.00,2.89
2018.05.29 09:42:43.332,0.9959,0.99599,1.00,1.62
2018.05.29 09:42:43.384,0.99588,0.99599,1.00,2.44
2018.05.29 09:42:43.514,0.99586,0.99599,3.37,4.39
2018.05.29 09:42:43.889,0.99589,0.996,1.00,1.69
2018.05.29 09:42:44.266,0.99591,0.99601,1.00,1.56
2018.05.29 09:42:49.163,0.99589,0.99599,1.50,1.56
2018.05.29 09:42:49.428,0.99589,0.99599,1.50,1.62
2018.05.29 09:42:50.150,0.99591,0.99601,1.00,1.56
2018.05.29 09:42:50.713,0.99591,0.99602,1.00,2.06
2018.05.29 09:42:50.871,0.99589,0.99601,1.87,1.56
2018.05.29 09:42:51.376,0.9959,0.99602,1.00,3.19
2018.05.29 09:42:51.932,0.9959,0.996,1.00,1.56
2018.05.29 09:42:52.466,0.9959,0.99601,1.00,1.69
2018.05.29 09:42:52.998,0.9959,0.99601,1.00,1.56
2018.05.29 09:42:53.533,0.99591,0.99602,1.00,2.81
2018.05.29 09:42:54.071,0.99591,0.99603,1.00,3.94
2018.05.29 09:42:54.678,0.99593,0.99604,1.00,3.64
2018.05.29 09:42:55.190,0.99594,0.99605,1.00,5.89
2018.05.29 09:42:57.013,0.99594,0.99604,1.00,2.81
2018.05.29 09:42:57.436,0.99592,0.99603,1.50,1.62
2018.05.29 09:42:57.645,0.99594,0.99604,1.00,1.56
2018.05.29 09:42:59.646,0.99594,0.99602,1.00,1.56
2018.05.29 09:42:59.759,0.99595,0.99606,1.00,4.39
2018.05.29 09:42:59.921,0.99597,0.99607,1.00,2.06
2018.05.29 09:42:59.973,0.99599,0.99608,1.00,2.06
2018.05.29 09:43:00.026,0.99601,0.99608,1.00,2.06
2018.05.29 09:43:00.198,0.99598,0.99608,1.00,1.56
2018.05.29 09:43:00.259,0.99599,0.99605,1.00,1.19
2018.05.29 09:43:00.425,0.99597,0.99605,1.00,1.19
2018.05.29 09:43:00.636,0.99596,0.99602,1.50,1.19
2018.05.29 09:43:00.833,0.99596,0.99604,1.50,1.31
2018.05.29 09:43:02.606,0.99595,0.99604,1.00,1.56
2018.05.29 09:43:02.822,0.99594,0.99602,1.50,2.06
2018.05.29 09:43:03.349,0.99594,0.996,1.00,1.31
2018.05.29 09:43:04.933,0.99594,0.99602,1.50,1.56
2018.05.29 09:43:05.563,0.99594,0.99602,1.50,1.56
2018.05.29 09:43:06.983,0.99594,0.99603,1.50,1.56
2018.05.29 09:43:08.948,0.99594,0.99602,1.00,1.56
2018.05.29 09:43:09.208,0.99595,0.99602,1.00,1.56
2018.05.29 09:43:09.940,0.99595,0.99602,1.00,1.56
2018.05.29 09:43:10.484,0.99594,0.99602,1.00,1.56
2018.05.29 09:43:11.577,0.99594,0.99602,1.00,1.56
2018.05.29 09:43:12.231,0.99594,0.99601,1.00,1.56
2018.05.29 09:43:12.335,0.99592,0.996,1.00,1.31
2018.05.29 09:43:12.387,0.99594,0.996,1.00,1.19
2018.05.29 09:43:12.440,0.99594,0.99602,1.50,1.56
2018.05.29 09:43:12.596,0.99594,0.996,1.00,1.31
2018.05.29 09:43:12.649,0.99594,0.99602,1.00,2.06
2018.05.29 09:43:13.164,0.99595,0.99603,1.00,1.56
2018.05.29 09:43:15.558,0.99594,0.99603,1.50,1.56
2018.05.29 09:43:16.100,0.99595,0.99603,1.00,1.56
2018.05.29 09:43:17.350,0.99594,0.996,1.00,1.31
2018.05.29 09:43:17.939,0.99594,0.99602,1.50,2.06
2018.05.29 09:43:18.595,0.99594,0.99604,1.50,1.56
2018.05.29 09:43:18.759,0.99594,0.99601,1.00,1.31
2018.05.29 09:43:19.276,0.99594,0.99603,1.50,1.56
2018.05.29 09:43:19.403,0.99597,0.99601,1.00,1.00
2018.05.29 09:43:19.456,0.99597,0.99605,1.00,1.56
2018.05.29 09:43:19.510,0.99597,0.99604,1.00,2.06
2018.05.29 09:43:20.027,0.99597,0.99604,1.00,2.44
2018.05.29 09:43:20.577,0.99596,0.99603,1.00,1.56
2018.05.29 09:43:21.092,0.99597,0.99604,1.00,1.56
2018.05.29 09:43:21.470,0.996,0.99608,1.00,2.14
2018.05.29 09:43:21.526,0.99603,0.99611,1.87,1.01
2018.05.29 09:43:21.581,0.99602,0.99613,2.10,1.01
2018.05.29 09:43:21.635,0.99606,0.99615,1.00,1.56
2018.05.29 09:43:21.690,0.99603,0.99611,1.47,1.00
2018.05.29 09:43:21.744,0.99606,0.99615,1.00,1.56
2018.05.29 09:43:21.801,0.99606,0.99617,1.00,2.51
2018.05.29 09:43:22.339,0.99607,0.99618,1.00,2.89
2018.05.29 09:43:22.513,0.99611,0.99618,1.00,1.00
2018.05.29 09:43:22.712,0.99613,0.99625,1.00,3.94
2018.05.29 09:43:22.764,0.99617,0.99627,1.00,1.20
2018.05.29 09:43:22.869,0.99619,0.9963,1.50,1.01
2018.05.29 09:43:23.025,0.9962,0.99632,1.00,1.01
2018.05.29 09:43:23.572,0.99621,0.99632,1.00,1.69
2018.05.29 09:43:24.118,0.99622,0.99633,1.00,1.56
2018.05.29 09:43:24.954,0.9962,0.99632,2.25,2.06
2018.05.29 09:43:25.472,0.99621,0.99632,1.00,2.06
2018.05.29 09:43:26.070,0.99621,0.9963,1.00,1.56
2018.05.29 09:43:26.232,0.99617,0.99627,1.00,1.69
2018.05.29 09:43:26.709,0.99619,0.9963,1.50,2.89
2018.05.29 09:43:27.223,0.99619,0.9963,1.50,1.69
2018.05.29 09:43:27.765,0.9962,0.99631,1.00,1.69
2018.05.29 09:43:28.156,0.99619,0.99628,1.00,2.06
2018.05.29 09:43:28.313,0.99619,0.99631,1.00,1.56
2018.05.29 09:43:28.365,0.99622,0.99631,1.00,1.56
2018.05.29 09:43:28.601,0.99622,0.99632,1.00,1.56
2018.05.29 09:43:28.654,0.99624,0.99634,1.00,1.69
2018.05.29 09:43:28.965,0.9963,0.99636,1.00,2.62
2018.05.29 09:43:29.502,0.9963,0.9964,1.00,1.56
2018.05.29 09:43:30.477,0.9963,0.9964,1.00,2.81
2018.05.29 09:43:30.593,0.99631,0.9964,1.00,1.37
2018.05.29 09:43:31.215,0.99631,0.99642,1.00,2.25
2018.05.29 09:43:31.326,0.99633,0.99644,1.69,1.95
2018.05.29 09:43:31.874,0.99634,0.99645,1.00,2.44
2018.05.29 09:43:33.246,0.99634,0.99644,1.00,2.25
2018.05.29 09:43:33.775,0.99633,0.99645,1.00,1.87
2018.05.29 09:43:34.315,0.99634,0.99645,1.00,1.62
2018.05.29 09:43:34.832,0.99634,0.99644,1.00,1.37
2018.05.29 09:43:35.363,0.99634,0.99644,1.00,1.87
2018.05.29 09:43:36.008,0.99634,0.99644,1.00,1.69
2018.05.29 09:43:37.061,0.99634,0.99644,1.00,1.50
2018.05.29 09:43:37.645,0.99633,0.99644,1.00,1.87
2018.05.29 09:43:38.725,0.99632,0.99641,1.00,1.37
2018.05.29 09:43:39.287,0.99631,0.99639,1.00,1.00
2018.05.29 09:43:39.796,0.99631,0.9964,1.00,1.12
2018.05.29 09:43:40.064,0.99627,0.99638,1.00,1.69
2018.05.29 09:43:40.331,0.99629,0.9964,1.00,2.44
2018.05.29 09:43:40.850,0.99629,0.9964,1.00,3.19
2018.05.29 09:43:41.364,0.99629,0.9964,1.00,2.44
2018.05.29 09:43:41.905,0.99629,0.99639,1.00,1.00
2018.05.29 09:43:42.712,0.99629,0.99639,1.00,1.37
2018.05.29 09:43:43.440,0.99629,0.99639,1.00,1.12
2018.05.29 09:43:44.868,0.99629,0.99638,1.00,1.00
2018.05.29 09:43:44.975,0.99627,0.99636,1.00,1.25
2018.05.29 09:43:45.516,0.99626,0.99635,1.00,1.25
2018.05.29 09:43:46.040,0.99627,0.99634,1.00,1.12
2018.05.29 09:43:46.179,0.99625,0.99634,1.00,1.37
2018.05.29 09:43:47.006,0.99625,0.99635,1.00,1.69
2018.05.29 09:43:48.034,0.99624,0.99635,1.13,1.69
2018.05.29 09:43:48.592,0.99625,0.99635,1.00,5.44
2018.05.29 09:43:49.400,0.99625,0.99635,1.00,3.56
2018.05.29 09:43:50.534,0.99625,0.99635,1.12,3.56
2018.05.29 09:43:52.380,0.99624,0.99634,1.37,1.69
2018.05.29 09:43:53.022,0.99625,0.99634,1.12,1.00
2018.05.29 09:43:54.117,0.99625,0.99634,1.12,2.44
2018.05.29 09:43:55.057,0.99623,0.99633,1.37,1.25
2018.05.29 09:43:55.109,0.99621,0.99629,2.25,1.50
2018.05.29 09:43:55.215,0.9962,0.99627,1.00,1.00
2018.05.29 09:43:55.268,0.99621,0.99629,1.00,1.12
2018.05.29 09:43:55.321,0.99621,0.99632,1.00,5.14
2018.05.29 09:43:55.914,0.99621,0.99632,1.87,1.25
2018.05.29 09:43:57.369,0.99622,0.99633,1.12,4.50
2018.05.29 09:43:58.107,0.99622,0.99631,1.12,1.00
2018.05.29 09:43:58.243,0.99622,0.99633,1.12,4.50
2018.05.29 09:43:59.367,0.99622,0.99632,1.12,1.00
2018.05.29 09:44:01.214,0.99622,0.99632,1.31,1.00
2018.05.29 09:44:01.729,0.99622,0.99631,1.12,1.00
2018.05.29 09:44:02.278,0.99622,0.99632,1.12,1.50
2018.05.29 09:44:05.051,0.99622,0.99632,1.31,1.00
2018.05.29 09:44:06.269,0.99622,0.99632,1.12,1.50
2018.05.29 09:44:06.784,0.99622,0.99631,1.00,1.00
2018.05.29 09:44:07.329,0.99623,0.99632,1.00,3.75
2018.05.29 09:44:10.334,0.99623,0.99629,1.00,1.00
2018.05.29 09:44:10.386,0.99623,0.99632,1.00,4.50
2018.05.29 09:44:10.740,0.99621,0.9963,1.50,2.25
2018.05.29 09:44:10.793,0.99623,0.99631,1.00,1.12
2018.05.29 09:44:11.307,0.99623,0.9963,1.00,1.00
2018.05.29 09:44:11.827,0.99623,0.99632,1.00,3.37
2018.05.29 09:44:12.365,0.99623,0.9963,1.00,1.00
2018.05.29 09:44:12.913,0.99622,0.99632,1.25,5.32
2018.05.29 09:44:14.350,0.99622,0.9963,1.00,1.00
2018.05.29 09:44:14.672,0.99621,0.99632,1.00,4.20
2018.05.29 09:44:14.726,0.99622,0.99632,1.19,1.57
2018.05.29 09:44:15.087,0.99625,0.99635,1.00,4.87
2018.05.29 09:44:15.244,0.99625,0.99635,1.00,6.94
2018.05.29 09:44:16.338,0.99625,0.99633,1.00,1.00
2018.05.29 09:44:16.847,0.99625,0.99634,1.00,1.12
2018.05.29 09:44:17.367,0.99626,0.99635,1.00,2.25
2018.05.29 09:44:18.081,0.99625,0.99635,1.25,1.87
2018.05.29 09:44:19.587,0.99625,0.99634,1.69,1.00
2018.05.29 09:44:20.182,0.99625,0.99635,1.25,3.37
2018.05.29 09:44:22.064,0.99625,0.99634,1.25,1.00
2018.05.29 09:44:22.600,0.99625,0.99635,1.25,2.25
2018.05.29 09:44:23.851,0.99624,0.99633,1.31,1.00
2018.05.29 09:44:24.685,0.99624,0.99632,1.25,1.00
2018.05.29 09:44:25.277,0.99625,0.99633,1.19,1.00
2018.05.29 09:44:25.794,0.99625,0.99634,1.25,1.00
2018.05.29 09:44:26.577,0.99625,0.99633,1.00,1.00
2018.05.29 09:44:27.097,0.99625,0.99634,1.25,1.00
2018.05.29 09:44:28.993,0.99625,0.99635,1.25,3.00
2018.05.29 09:44:29.504,0.99626,0.99635,1.00,1.00
2018.05.29 09:44:32.145,0.99626,0.99635,1.19,1.00
2018.05.29 09:44:32.679,0.99626,0.99635,1.31,1.00
2018.05.29 09:44:39.579,0.99626,0.99633,1.31,1.50
2018.05.29 09:44:39.816,0.99621,0.9963,1.25,1.87
2018.05.29 09:44:40.031,0.99621,0.99632,1.50,3.37
2018.05.29 09:44:40.259,0.99621,0.99629,1.12,1.00
2018.05.29 09:44:40.399,0.99621,0.99631,1.12,1.87
2018.05.29 09:44:40.713,0.99623,0.99633,1.00,4.87
2018.05.29 09:44:41.243,0.99623,0.99631,1.00,1.00
2018.05.29 09:44:41.295,0.99623,0.99633,1.00,5.25
2018.05.29 09:44:41.400,0.99623,0.99633,1.00,4.82
2018.05.29 09:44:41.455,0.99623,0.99633,1.00,4.87
2018.05.29 09:44:41.896,0.99623,0.9963,1.00,1.00
2018.05.29 09:44:42.007,0.99623,0.99632,1.00,1.50
2018.05.29 09:44:42.301,0.99623,0.9963,1.00,1.00
2018.05.29 09:44:42.406,0.99621,0.9963,1.00,4.50
2018.05.29 09:44:42.511,0.99621,0.99631,1.69,1.00
2018.05.29 09:44:42.566,0.99621,0.99627,1.50,1.00
2018.05.29 09:44:42.621,0.99619,0.99627,3.37,1.12
2018.05.29 09:44:42.727,0.9962,0.99631,1.25,3.97
2018.05.29 09:44:42.924,0.99618,0.99627,1.87,1.00
2018.05.29 09:44:43.241,0.99619,0.9963,1.25,3.82
2018.05.29 09:44:43.453,0.99621,0.99631,1.25,3.37
2018.05.29 09:44:46.193,0.99621,0.99632,1.00,5.14
2018.05.29 09:44:47.164,0.99621,0.99631,1.00,2.25
2018.05.29 09:44:47.659,0.99619,0.99631,1.12,3.37
2018.05.29 09:44:48.261,0.9962,0.99631,1.00,3.37
2018.05.29 09:44:49.299,0.9962,0.99631,1.19,2.62
2018.05.29 09:44:49.855,0.9962,0.99631,1.00,2.62
2018.05.29 09:44:50.630,0.9962,0.9963,1.00,1.00
2018.05.29 09:44:51.445,0.9962,0.99631,1.25,1.12
2018.05.29 09:44:51.576,0.99622,0.99632,1.00,1.57
2018.05.29 09:44:52.506,0.99623,0.99633,1.00,3.75
2018.05.29 09:44:54.587,0.99623,0.99633,1.00,1.00
2018.05.29 09:45:00.491,0.99623,0.99631,1.00,1.50
2018.05.29 09:45:01.035,0.99622,0.9963,1.00,1.87
2018.05.29 09:45:01.248,0.9962,0.99629,1.00,1.50
2018.05.29 09:45:03.305,0.99622,0.99631,1.00,1.87
2018.05.29 09:45:03.961,0.99623,0.99631,1.00,1.00
2018.05.29 09:45:04.218,0.9962,0.99631,1.00,3.37
2018.05.29 09:45:04.729,0.99621,0.99631,1.00,1.50
2018.05.29 09:45:05.758,0.99621,0.99632,1.00,6.75
2018.05.29 09:45:06.306,0.99621,0.99631,1.00,1.50
2018.05.29 09:45:06.873,0.99621,0.99632,1.00,5.51
2018.05.29 09:45:07.295,0.99621,0.9963,1.00,1.00
2018.05.29 09:45:07.805,0.99621,0.99631,1.00,3.19
2018.05.29 09:45:08.332,0.99622,0.99631,1.00,1.50
2018.05.29 09:45:10.480,0.99622,0.99632,1.00,1.50
2018.05.29 09:45:11.169,0.99623,0.99632,1.00,1.00
2018.05.29 09:45:11.685,0.99624,0.99632,1.00,1.00
2018.05.29 09:45:12.198,0.99623,0.99632,1.00,1.00
2018.05.29 09:45:15.036,0.9962,0.99633,2.81,3.37
2018.05.29 09:45:15.089,0.99627,0.99634,1.00,1.50
2018.05.29 09:45:15.324,0.99627,0.99638,1.31,1.50
2018.05.29 09:45:15.378,0.99627,0.99638,1.31,2.17
2018.05.29 09:45:15.891,0.99626,0.99636,1.00,1.50
2018.05.29 09:45:16.366,0.99629,0.99638,1.00,2.62
2018.05.29 09:45:16.895,0.99627,0.99638,2.06,1.12
2018.05.29 09:45:17.413,0.99629,0.99638,1.00,1.00
2018.05.29 09:45:17.932,0.9963,0.99638,1.00,1.50
2018.05.29 09:45:19.709,0.99629,0.99638,1.00,1.50
2018.05.29 09:45:20.026,0.99628,0.99636,1.00,1.50
2018.05.29 09:45:20.568,0.99627,0.99636,1.00,1.00
2018.05.29 09:45:23.102,0.99627,0.99637,1.00,1.87
2018.05.29 09:45:23.777,0.99627,0.99636,1.00,1.00
2018.05.29 09:45:24.940,0.99626,0.99636,1.00,1.00
2018.05.29 09:45:25.271,0.99626,0.99636,1.00,1.62
2018.05.29 09:45:25.883,0.99626,0.99635,1.00,3.56
2018.05.29 09:45:26.121,0.99622,0.99631,1.00,1.37
2018.05.29 09:45:27.995,0.99622,0.99631,1.00,1.87
2018.05.29 09:45:28.460,0.9962,0.99628,1.00,2.62
2018.05.29 09:45:28.513,0.99616,0.99625,1.87,1.50
2018.05.29 09:45:28.565,0.99616,0.99626,1.50,1.37
2018.05.29 09:45:28.720,0.99617,0.99627,1.69,1.37
2018.05.29 09:45:28.894,0.9962,0.9963,1.00,4.76
2018.05.29 09:45:29.712,0.9962,0.99629,1.00,1.87
2018.05.29 09:45:29.970,0.99615,0.99625,1.95,1.87
2018.05.29 09:45:30.152,0.99618,0.99627,1.19,2.32
2018.05.29 09:45:30.411,0.99619,0.9963,1.25,3.00
2018.05.29 09:45:31.011,0.99619,0.9963,1.19,2.25
2018.05.29 09:45:31.725,0.99618,0.9963,1.31,2.44
2018.05.29 09:45:32.243,0.99618,0.9963,2.44,3.00
2018.05.29 09:45:32.296,0.99618,0.9963,1.31,3.19
2018.05.29 09:45:33.118,0.99618,0.9963,2.44,2.06
2018.05.29 09:45:34.256,0.99621,0.9963,1.00,1.37
2018.05.29 09:45:34.902,0.99618,0.9963,1.31,1.69
2018.05.29 09:45:35.449,0.99619,0.9963,1.00,2.44
2018.05.29 09:45:36.185,0.99619,0.9963,1.00,2.44
2018.05.29 09:45:36.698,0.9962,0.9963,1.00,2.44
2018.05.29 09:45:39.137,0.99621,0.99631,1.00,3.37
2018.05.29 09:45:39.644,0.99622,0.99631,1.00,1.50
2018.05.29 09:45:39.993,0.99625,0.99632,1.00,1.37
2018.05.29 09:45:40.096,0.99624,0.99633,1.00,1.62
2018.05.29 09:45:40.148,0.99621,0.99633,1.87,1.37
2018.05.29 09:45:40.203,0.99625,0.99633,1.00,1.37
2018.05.29 09:45:40.582,0.99627,0.99636,1.00,4.12
2018.05.29 09:45:40.896,0.99625,0.99636,1.50,4.12
2018.05.29 09:45:41.448,0.99625,0.99635,1.00,1.37
2018.05.29 09:45:42.096,0.99624,0.99633,1.00,1.62
2018.05.29 09:45:42.252,0.99622,0.99633,1.00,6.00
2018.05.29 09:45:42.666,0.9962,0.99629,1.12,1.00
2018.05.29 09:45:42.740,0.99622,0.99631,1.00,1.62
2018.05.29 09:45:43.093,0.99622,0.9963,1.00,1.56
2018.05.29 09:45:43.802,0.9962,0.9963,1.00,1.56
2018.05.29 09:45:44.389,0.99619,0.9963,1.00,4.69
2018.05.29 09:45:44.949,0.9962,0.9963,1.00,3.19
2018.05.29 09:45:45.636,0.99621,0.9963,1.12,1.69
2018.05.29 09:45:46.179,0.99622,0.9963,1.00,1.69
2018.05.29 09:45:46.685,0.99622,0.99629,1.00,1.19
2018.05.29 09:45:46.737,0.99619,0.99628,1.50,1.69
2018.05.29 09:45:47.283,0.9962,0.9963,1.12,3.19
2018.05.29 09:45:48.325,0.9962,0.9963,1.12,3.19
2018.05.29 09:45:48.779,0.9962,0.9963,1.12,2.44
2018.05.29 09:45:48.890,0.99622,0.9963,1.00,1.62
2018.05.29 09:45:49.355,0.9962,0.9963,1.12,1.69
2018.05.29 09:45:50.176,0.99622,0.9963,1.00,1.69
2018.05.29 09:45:50.435,0.99622,0.99632,1.00,5.81
2018.05.29 09:45:50.695,0.99623,0.99632,1.00,1.31
2018.05.29 09:45:51.104,0.99625,0.99634,1.00,2.06
2018.05.29 09:45:51.701,0.99624,0.99632,1.00,1.56
2018.05.29 09:45:52.021,0.99624,0.99632,1.00,1.56
2018.05.29 09:45:52.074,0.99619,0.9963,2.25,2.06
2018.05.29 09:45:52.127,0.99619,0.99629,1.50,1.69
2018.05.29 09:45:52.463,0.99621,0.99629,1.00,3.19
2018.05.29 09:45:53.794,0.99621,0.9963,1.00,1.56
2018.05.29 09:45:54.250,0.99621,0.99629,1.00,1.31
2018.05.29 09:45:54.858,0.99621,0.99629,1.00,1.69
2018.05.29 09:45:55.169,0.99618,0.99629,1.87,2.44
2018.05.29 09:45:55.221,0.99621,0.99629,1.00,2.44
2018.05.29 09:45:57.378,0.9962,0.99629,1.00,1.94
2018.05.29 09:45:57.896,0.99621,0.9963,1.00,2.44
2018.05.29 09:45:58.718,0.99621,0.99628,1.00,1.56
2018.05.29 09:45:59.255,0.9962,0.99628,1.00,1.69
2018.05.29 09:46:00.295,0.99618,0.99628,1.37,1.69
2018.05.29 09:46:00.811,0.99618,0.99628,1.37,1.69
2018.05.29 09:46:01.384,0.99618,0.99629,1.87,2.44
2018.05.29 09:46:02.911,0.9962,0.99629,1.00,3.19
2018.05.29 09:46:03.502,0.99619,0.99628,1.00,2.44
2018.05.29 09:46:06.483,0.99619,0.99629,1.00,1.25
2018.05.29 09:46:06.957,0.9962,0.9963,1.37,2.06
2018.05.29 09:46:07.596,0.99621,0.99631,1.37,1.31
2018.05.29 09:46:08.100,0.99621,0.99631,1.37,1.19
2018.05.29 09:46:08.661,0.99621,0.99631,1.37,1.19
2018.05.29 09:46:08.870,0.99621,0.99632,1.37,3.94
2018.05.29 09:46:08.923,0.99623,0.99632,1.37,1.25
2018.05.29 09:46:09.187,0.99623,0.99634,1.37,2.44
2018.05.29 09:46:09.758,0.99627,0.99637,1.12,3.00
2018.05.29 09:46:10.078,0.99626,0.99637,2.25,1.19
2018.05.29 09:46:10.899,0.99628,0.99638,1.37,2.44
2018.05.29 09:46:11.425,0.99629,0.99638,1.12,1.69
2018.05.29 09:46:12.714,0.99628,0.99638,1.12,2.44
2018.05.29 09:46:13.240,0.99628,0.99638,1.12,1.19
2018.05.29 09:46:14.713,0.99629,0.99638,1.00,1.69
2018.05.29 09:46:17.541,0.99627,0.99638,1.37,2.44
2018.05.29 09:46:18.092,0.99628,0.99638,1.12,1.69
2018.05.29 09:46:18.506,0.99628,0.99638,1.12,2.44
2018.05.29 09:46:19.846,0.99628,0.99638,1.37,2.44
2018.05.29 09:46:20.584,0.99626,0.99636,1.37,1.19
2018.05.29 09:46:20.740,0.99626,0.99636,1.12,1.19
2018.05.29 09:46:20.793,0.99627,0.99637,1.12,1.19
2018.05.29 09:46:21.229,0.99629,0.99638,1.00,3.19
2018.05.29 09:46:22.130,0.99629,0.99638,1.00,3.94
2018.05.29 09:46:22.339,0.99627,0.99638,1.12,3.19
2018.05.29 09:46:23.039,0.99626,0.99638,1.37,3.94
2018.05.29 09:46:23.555,0.99628,0.99638,1.00,3.94
2018.05.29 09:46:24.109,0.99628,0.99638,1.00,3.19
2018.05.29 09:46:24.629,0.99628,0.99638,1.00,3.94
2018.05.29 09:46:25.207,0.99628,0.99638,1.00,3.19
2018.05.29 09:46:25.259,0.99628,0.99638,1.00,3.94
2018.05.29 09:46:25.608,0.99625,0.99634,1.37,1.19
2018.05.29 09:46:25.661,0.99623,0.99632,1.20,1.19
2018.05.29 09:46:25.714,0.99623,0.99633,1.00,1.19
2018.05.29 09:46:26.256,0.99623,0.99633,1.00,2.44
2018.05.29 09:46:26.703,0.99621,0.99631,1.37,1.19
2018.05.29 09:46:27.418,0.99619,0.99629,3.00,2.29
2018.05.29 09:46:27.470,0.99622,0.99631,1.00,2.06
2018.05.29 09:46:27.522,0.9962,0.99629,1.00,1.25
2018.05.29 09:46:27.679,0.99621,0.99631,1.37,1.19
2018.05.29 09:46:27.732,0.99621,0.99631,1.37,1.19
2018.05.29 09:46:28.011,0.99621,0.99631,1.37,2.44
2018.05.29 09:46:28.523,0.99621,0.99631,1.87,1.69
2018.05.29 09:46:29.033,0.99621,0.99631,2.25,1.19
2018.05.29 09:46:29.678,0.99621,0.99631,2.25,1.19
2018.05.29 09:46:29.890,0.99622,0.99632,1.37,1.69
2018.05.29 09:46:30.154,0.99626,0.99636,2.25,4.31
2018.05.29 09:46:30.706,0.99627,0.99637,2.62,2.06
2018.05.29 09:46:31.142,0.99627,0.99637,2.62,1.19
2018.05.29 09:46:32.372,0.99628,0.99637,1.87,1.19
2018.05.29 09:46:33.060,0.99628,0.99637,1.37,1.19
2018.05.29 09:46:33.646,0.99628,0.99637,1.37,1.19
2018.05.29 09:46:34.235,0.9963,0.99637,1.50,1.19
2018.05.29 09:46:34.287,0.9963,0.9964,1.37,1.31
2018.05.29 09:46:34.614,0.9963,0.9964,1.37,2.06
2018.05.29 09:46:35.240,0.9963,0.9964,1.37,1.31
2018.05.29 09:46:36.418,0.9963,0.9964,1.37,1.19
2018.05.29 09:46:36.957,0.9963,0.9964,1.37,1.19
2018.05.29 09:46:37.378,0.99631,0.99641,1.50,1.19
2018.05.29 09:46:37.507,0.99634,0.99642,1.37,1.19
2018.05.29 09:46:37.812,0.99637,0.99647,3.00,1.69
2018.05.29 09:46:38.360,0.99639,0.99647,1.87,1.19
2018.05.29 09:46:39.411,0.99643,0.99647,1.00,1.25
2018.05.29 09:46:39.465,0.99648,0.99653,1.50,1.25
2018.05.29 09:46:39.520,0.99649,0.99657,1.12,1.69
2018.05.29 09:46:39.575,0.9965,0.99657,1.50,1.25
2018.05.29 09:46:39.686,0.99653,0.99659,1.12,1.25
2018.05.29 09:46:40.292,0.99653,0.99661,1.12,1.69
2018.05.29 09:46:40.450,0.99654,0.99661,1.00,1.19
2018.05.29 09:46:40.783,0.99654,0.99661,1.00,1.69
2018.05.29 09:46:41.309,0.99653,0.9966,1.87,1.19
2018.05.29 09:46:42.900,0.99653,0.99661,1.00,1.69
2018.05.29 09:46:43.421,0.99652,0.9966,1.00,1.19
2018.05.29 09:46:44.115,0.99652,0.99659,1.00,1.19
2018.05.29 09:46:44.449,0.99655,0.99664,1.00,1.69
2018.05.29 09:46:44.503,0.99658,0.99665,1.50,2.06
2018.05.29 09:46:44.714,0.9966,0.99669,1.00,1.19
2018.05.29 09:46:45.226,0.9966,0.99669,1.50,1.69
2018.05.29 09:46:45.742,0.99661,0.99669,1.00,1.19
2018.05.29 09:46:46.245,0.99661,0.99669,1.00,1.69
2018.05.29 09:46:47.476,0.99661,0.99669,1.00,1.19
2018.05.29 09:46:47.741,0.99661,0.99669,2.25,1.19
2018.05.29 09:46:48.272,0.99662,0.9967,1.00,1.19
2018.05.29 09:46:49.673,0.99662,0.9967,1.00,1.19
2018.05.29 09:46:50.099,0.99661,0.99668,1.00,1.19
2018.05.29 09:46:50.542,0.99661,0.9967,1.00,1.69
2018.05.29 09:46:52.037,0.99661,0.99668,1.12,1.19
2018.05.29 09:46:52.090,0.99662,0.99671,1.12,1.19
2018.05.29 09:46:52.193,0.99662,0.9967,1.12,1.19
2018.05.29 09:46:52.713,0.99662,0.9967,1.00,1.19
2018.05.29 09:46:53.195,0.99663,0.99671,1.00,1.19
2018.05.29 09:46:53.480,0.99663,0.9967,1.00,1.19
2018.05.29 09:46:54.010,0.99662,0.9967,1.00,1.19
2018.05.29 09:46:54.633,0.99661,0.9967,1.00,1.19
2018.05.29 09:46:55.648,0.99662,0.99671,1.50,1.19
2018.05.29 09:46:55.751,0.99664,0.99673,1.00,1.39
2018.05.29 09:46:55.856,0.99664,0.99672,1.00,1.19
2018.05.29 09:46:56.392,0.99663,0.99672,1.50,1.29
2018.05.29 09:46:56.496,0.99665,0.99674,2.25,1.32
2018.05.29 09:46:56.599,0.99666,0.99676,1.50,2.51
2018.05.29 09:46:57.110,0.99668,0.99676,1.00,1.19
2018.05.29 09:46:57.710,0.99667,0.99676,1.50,1.19
2018.05.29 09:46:58.253,0.99666,0.99676,1.50,1.19
2018.05.29 09:46:58.789,0.99667,0.99675,1.87,1.19
2018.05.29 09:46:59.342,0.99668,0.99677,1.00,1.19
2018.05.29 09:47:00.698,0.99668,0.99677,1.00,1.69
2018.05.29 09:47:01.996,0.99666,0.99677,1.87,1.29
2018.05.29 09:47:02.480,0.99664,0.99674,1.50,1.19
2018.05.29 09:47:02.585,0.99662,0.99672,1.50,1.19
2018.05.29 09:47:03.093,0.99665,0.99672,1.50,1.19
2018.05.29 09:47:03.145,0.99666,0.99674,1.00,1.26
2018.05.29 09:47:03.250,0.99666,0.99674,1.37,1.25
2018.05.29 09:47:03.752,0.99666,0.99678,2.62,3.64
2018.05.29 09:47:04.291,0.99667,0.99677,1.37,1.29
2018.05.29 09:47:04.852,0.99669,0.99677,1.12,1.25
2018.05.29 09:47:05.008,0.99669,0.99677,1.12,1.19
2018.05.29 09:47:05.114,0.99668,0.99679,1.50,1.31
2018.05.29 09:47:05.332,0.99668,0.99677,1.50,1.19
2018.05.29 09:47:05.727,0.99667,0.99679,2.25,4.76
2018.05.29 09:47:06.465,0.99668,0.99679,1.87,1.26
2018.05.29 09:47:06.753,0.99668,0.99679,1.12,2.51
2018.05.29 09:47:07.068,0.99669,0.99679,1.00,1.29
2018.05.29 09:47:07.381,0.99671,0.9968,1.00,2.89
2018.05.29 09:47:07.558,0.99671,0.99679,1.00,1.19
2018.05.29 09:47:08.074,0.9967,0.99679,1.00,2.44
2018.05.29 09:47:08.647,0.9967,0.9968,1.00,2.06
2018.05.29 09:47:08.961,0.99669,0.99679,1.00,1.69
2018.05.29 09:47:09.619,0.9967,0.99679,1.00,1.19
2018.05.29 09:47:10.125,0.9967,0.9968,1.00,1.69
2018.05.29 09:47:10.334,0.99668,0.99679,1.87,1.69
2018.05.29 09:47:10.801,0.9967,0.9968,1.00,1.19
2018.05.29 09:47:11.556,0.9967,0.99679,1.12,1.19
2018.05.29 09:47:12.071,0.9967,0.99679,1.00,1.19
2018.05.29 09:47:12.333,0.99668,0.99679,2.25,1.19
2018.05.29 09:47:13.738,0.99668,0.99679,2.25,1.19
2018.05.29 09:47:14.563,0.99668,0.99679,1.12,2.81
2018.05.29 09:47:15.106,0.99668,0.99678,1.50,1.69
2018.05.29 09:47:15.261,0.99667,0.99677,3.00,1.19
2018.05.29 09:47:15.798,0.99668,0.99677,1.87,1.19
2018.05.29 09:47:16.020,0.99669,0.99679,1.12,1.19
2018.05.29 09:47:16.169,0.99669,0.99679,1.12,1.19
2018.05.29 09:47:16.720,0.99667,0.99679,3.00,2.81
2018.05.29 09:47:17.262,0.99667,0.99677,2.25,1.19
2018.05.29 09:47:18.138,0.99667,0.99677,2.25,1.19
2018.05.29 09:47:19.748,0.99666,0.99677,2.25,2.06
2018.05.29 09:47:19.800,0.99663,0.99674,3.08,3.19
2018.05.29 09:47:20.103,0.9966,0.99669,1.65,1.31
2018.05.29 09:47:20.169,0.99659,0.99669,1.10,3.19
2018.05.29 09:47:20.725,0.99659,0.99669,1.00,1.31
2018.05.29 09:47:21.765,0.99658,0.99669,1.00,2.81
2018.05.29 09:47:21.943,0.99656,0.99666,1.12,1.69
2018.05.29 09:47:22.284,0.99655,0.99661,1.00,1.19
2018.05.29 09:47:22.965,0.99654,0.99661,1.00,1.31
2018.05.29 09:47:23.071,0.9965,0.99661,1.50,1.31
2018.05.29 09:47:23.391,0.9965,0.99662,1.50,3.19
2018.05.29 09:47:23.549,0.9965,0.99661,1.50,1.31
2018.05.29 09:47:23.653,0.9965,0.99661,1.50,1.31
2018.05.29 09:47:23.886,0.9965,0.99661,1.00,2.81
2018.05.29 09:47:25.164,0.9965,0.99661,1.50,1.31
2018.05.29 09:47:25.696,0.9965,0.99661,1.00,1.31
2018.05.29 09:47:25.903,0.99648,0.99661,3.82,3.94
2018.05.29 09:47:26.439,0.99649,0.99661,1.50,3.26
2018.05.29 09:47:26.942,0.99648,0.9966,1.12,2.81
2018.05.29 09:47:27.469,0.99649,0.9966,1.00,2.44
2018.05.29 09:47:28.074,0.99648,0.9966,1.00,2.81
2018.05.29 09:47:28.230,0.99647,0.99657,1.87,1.19
2018.05.29 09:47:28.282,0.99647,0.99659,2.25,2.06
2018.05.29 09:47:28.335,0.99647,0.9966,3.75,2.14
2018.05.29 09:47:28.439,0.99648,0.9966,1.37,2.06
2018.05.29 09:47:28.814,0.9965,0.99661,3.37,1.31
2018.05.29 09:47:28.974,0.99656,0.99665,1.50,2.81
2018.05.29 09:47:29.515,0.99656,0.99665,1.00,1.19
2018.05.29 09:47:30.036,0.99656,0.99667,1.50,2.06
2018.05.29 09:47:30.668,0.99657,0.99667,1.00,1.69
2018.05.29 09:47:31.203,0.99656,0.99667,1.12,1.19
2018.05.29 09:47:31.789,0.99657,0.99667,1.50,1.19
2018.05.29 09:47:32.415,0.99657,0.99667,1.00,1.19
2018.05.29 09:47:32.950,0.99657,0.99667,1.50,1.19
2018.05.29 09:47:33.594,0.99657,0.99667,1.00,1.31
2018.05.29 09:47:33.646,0.99657,0.99668,1.00,2.81
2018.05.29 09:47:33.754,0.99657,0.99667,1.00,1.19
2018.05.29 09:47:34.287,0.99657,0.99667,1.00,1.19
2018.05.29 09:47:38.777,0.99656,0.99667,3.00,1.69
2018.05.29 09:47:39.279,0.99657,0.99666,1.00,1.19
2018.05.29 09:47:39.846,0.99657,0.99668,2.25,2.81
2018.05.29 09:47:40.366,0.99656,0.99665,1.12,1.25
2018.05.29 09:47:40.778,0.99656,0.99661,1.00,1.00
2018.05.29 09:47:40.830,0.99654,0.99662,1.00,1.00
2018.05.29 09:47:40.883,0.99652,0.99659,1.95,1.00
2018.05.29 09:47:41.107,0.9965,0.99658,1.57,1.00
2018.05.29 09:47:41.569,0.99648,0.99656,1.57,1.00
2018.05.29 09:47:41.675,0.99649,0.99656,1.50,1.19
2018.05.29 09:47:41.852,0.99647,0.99656,1.00,1.25
2018.05.29 09:47:42.385,0.99646,0.99655,2.25,1.00
2018.05.29 09:47:42.978,0.99646,0.99655,1.00,1.19
2018.05.29 09:47:43.741,0.99646,0.99655,1.00,1.25
2018.05.29 09:47:46.916,0.99645,0.99655,4.87,1.25
2018.05.29 09:47:46.973,0.99644,0.99651,1.12,1.25
2018.05.29 09:47:47.028,0.99642,0.99651,2.62,1.25
2018.05.29 09:47:47.087,0.99641,0.99649,1.47,1.00
2018.05.29 09:47:47.194,0.99639,0.99647,1.87,1.25
2018.05.29 09:47:47.714,0.99637,0.99647,4.12,1.19
2018.05.29 09:47:48.232,0.99637,0.99647,1.87,1.19
2018.05.29 09:47:48.777,0.99637,0.99645,1.12,1.25
2018.05.29 09:47:49.849,0.99636,0.99644,2.25,1.00
2018.05.29 09:47:50.057,0.99636,0.99646,2.25,1.25
2018.05.29 09:47:50.903,0.99636,0.99643,1.00,1.00
2018.05.29 09:47:51.009,0.99634,0.99642,1.12,1.25
2018.05.29 09:47:51.163,0.99636,0.99644,1.00,1.00
2018.05.29 09:47:51.215,0.99636,0.99646,1.50,1.00
2018.05.29 09:47:51.685,0.99638,0.99647,1.00,1.25
2018.05.29 09:47:52.036,0.9964,0.99648,1.00,1.19
2018.05.29 09:47:52.089,0.99638,0.99647,1.00,1.19
2018.05.29 09:47:52.247,0.99636,0.99647,2.62,1.19
2018.05.29 09:47:53.050,0.99636,0.99647,1.50,1.31
2018.05.29 09:47:53.208,0.99638,0.99647,2.25,1.25
2018.05.29 09:47:53.566,0.99635,0.99645,1.87,1.25
2018.05.29 09:47:53.673,0.99637,0.99646,1.50,2.06
2018.05.29 09:47:53.728,0.99637,0.99646,1.50,1.00
2018.05.29 09:47:54.225,0.9964,0.99647,1.00,1.00
2018.05.29 09:47:54.637,0.99645,0.99652,1.50,2.03
2018.05.29 09:47:55.090,0.99646,0.99655,1.12,1.25
2018.05.29 09:47:55.561,0.99646,0.99651,1.87,1.12
2018.05.29 09:47:56.009,0.99646,0.99653,2.25,1.00
2018.05.29 09:47:56.113,0.99646,0.99656,2.25,2.06
2018.05.29 09:47:56.868,0.99647,0.99656,1.00,1.69
2018.05.29 09:47:57.382,0.99646,0.99656,1.50,1.31
2018.05.29 09:47:57.535,0.99648,0.99656,1.00,1.25
2018.05.29 09:47:57.639,0.99646,0.99656,3.75,1.19
2018.05.29 09:47:58.381,0.99648,0.99655,1.00,1.25
2018.05.29 09:47:58.882,0.99647,0.99655,1.50,1.25
2018.05.29 09:47:59.427,0.99646,0.99655,1.50,1.19
2018.05.29 09:47:59.959,0.99646,0.99655,1.00,1.00
2018.05.29 09:48:00.272,0.99646,0.99654,1.00,1.19
2018.05.29 09:48:00.381,0.99646,0.99655,1.00,1.25
2018.05.29 09:48:00.926,0.99647,0.99655,1.00,1.25
2018.05.29 09:48:01.565,0.99647,0.99656,1.00,1.69
2018.05.29 09:48:02.109,0.99647,0.99656,1.00,1.19
2018.05.29 09:48:02.427,0.99646,0.99653,1.00,1.00
2018.05.29 09:48:02.966,0.99646,0.99654,1.00,1.25
2018.05.29 09:48:03.489,0.99645,0.99654,2.25,1.25
2018.05.29 09:48:03.990,0.99646,0.99653,1.00,1.00
2018.05.29 09:48:04.523,0.99642,0.99649,1.50,1.19
2018.05.29 09:48:04.723,0.99638,0.99646,2.62,1.00
2018.05.29 09:48:04.990,0.99638,0.99646,1.50,1.25
2018.05.29 09:48:06.308,0.99638,0.99646,1.37,1.00
2018.05.29 09:48:07.587,0.99637,0.99646,1.50,1.25
2018.05.29 09:48:08.351,0.99637,0.99646,1.50,1.19
2018.05.29 09:48:08.862,0.99637,0.99646,1.50,1.25
2018.05.29 09:48:09.422,0.99638,0.99646,1.37,1.00
2018.05.29 09:48:10.021,0.99638,0.99646,1.87,1.00
2018.05.29 09:48:10.232,0.99637,0.99645,1.50,1.00
2018.05.29 09:48:10.529,0.99638,0.99646,2.62,1.00
2018.05.29 09:48:11.044,0.99637,0.99645,1.50,1.00
2018.05.29 09:48:15.124,0.99636,0.99644,1.37,1.25
2018.05.29 09:48:15.673,0.99636,0.99645,1.50,1.00
2018.05.29 09:48:17.075,0.99636,0.99644,1.50,1.00
2018.05.29 09:48:17.882,0.99636,0.99645,1.12,1.25
2018.05.29 09:48:18.531,0.99635,0.99645,3.00,1.19
2018.05.29 09:48:19.039,0.99636,0.99645,1.12,1.25
2018.05.29 09:48:19.357,0.99632,0.99639,1.37,1.00
2018.05.29 09:48:19.529,0.9963,0.99638,1.12,1.00
2018.05.29 09:48:20.063,0.99629,0.99637,1.37,1.50
2018.05.29 09:48:20.281,0.99627,0.99634,1.50,1.00
2018.05.29 09:48:20.895,0.99627,0.99635,1.50,1.50
2018.05.29 09:48:24.595,0.99626,0.99635,2.62,1.50
2018.05.29 09:48:25.098,0.99627,0.99635,1.12,1.50
2018.05.29 09:48:25.695,0.99628,0.99636,2.62,1.00
2018.05.29 09:48:26.274,0.99627,0.99635,1.87,1.00
2018.05.29 09:48:26.327,0.99626,0.99635,1.87,1.00
2018.05.29 09:48:26.599,0.99626,0.99633,1.87,1.00
2018.05.29 09:48:27.849,0.99625,0.99633,3.75,1.50
2018.05.29 09:48:28.370,0.99626,0.99633,1.12,1.00
2018.05.29 09:48:29.451,0.99625,0.99633,2.62,1.00
2018.05.29 09:48:29.968,0.99625,0.99632,3.37,1.00
2018.05.29 09:48:30.166,0.99626,0.99634,1.37,1.00
2018.05.29 09:48:30.674,0.99627,0.99635,1.37,1.50
2018.05.29 09:48:31.225,0.99628,0.99636,2.32,1.50
2018.05.29 09:48:32.083,0.99628,0.99635,1.12,1.00
2018.05.29 09:48:34.177,0.99627,0.99636,3.00,1.50
2018.05.29 09:48:35.180,0.9963,0.99636,1.00,1.50
2018.05.29 09:48:35.445,0.99628,0.99636,1.87,1.00
2018.05.29 09:48:36.141,0.99628,0.99637,1.87,1.50
2018.05.29 09:48:36.848,0.9963,0.99638,1.00,1.50
2018.05.29 09:48:37.149,0.99628,0.99637,1.50,1.50
2018.05.29 09:48:37.961,0.99629,0.99637,1.00,1.50
2018.05.29 09:48:38.120,0.99634,0.99639,1.12,1.00
2018.05.29 09:48:38.172,0.99636,0.99643,1.00,1.47
2018.05.29 09:48:38.225,0.99636,0.99644,3.19,1.00
2018.05.29 09:48:38.732,0.99636,0.99645,2.25,1.00
2018.05.29 09:48:39.235,0.99637,0.99645,1.50,1.25
2018.05.29 09:48:39.762,0.99636,0.99645,2.25,1.00
2018.05.29 09:48:40.293,0.99637,0.99645,1.00,1.50
2018.05.29 09:48:40.948,0.99636,0.99644,2.25,1.00
2018.05.29 09:48:41.721,0.99636,0.99644,1.37,1.00
2018.05.29 09:48:43.988,0.99635,0.99644,3.94,1.00
2018.05.29 09:48:44.042,0.99635,0.99642,1.12,1.00
2018.05.29 09:48:44.438,0.99633,0.99641,1.50,1.00
2018.05.29 09:48:44.493,0.99632,0.99639,1.87,1.00
2018.05.29 09:48:46.333,0.99632,0.99641,1.37,1.00
2018.05.29 09:48:46.540,0.99632,0.99639,1.37,1.00
2018.05.29 09:48:46.870,0.9963,0.99638,1.87,1.00
2018.05.29 09:48:47.135,0.99628,0.99637,3.00,1.00
2018.05.29 09:48:48.167,0.99628,0.99636,1.50,1.00
2018.05.29 09:48:48.409,0.99627,0.99634,2.62,1.00
2018.05.29 09:48:50.340,0.99628,0.99635,2.62,1.00
2018.05.29 09:48:50.394,0.99628,0.99637,1.87,1.25
2018.05.29 09:48:50.503,0.99629,0.99637,1.37,1.00
2018.05.29 09:48:51.323,0.99627,0.99635,2.25,1.00
2018.05.29 09:48:51.429,0.99628,0.99635,1.00,1.00
2018.05.29 09:48:52.280,0.99628,0.99636,1.50,1.00
2018.05.29 09:48:52.791,0.99628,0.99635,1.00,1.00
2018.05.29 09:48:55.109,0.99627,0.99633,1.50,1.00
2018.05.29 09:48:55.956,0.99627,0.99635,2.25,1.00
2018.05.29 09:48:56.477,0.99627,0.99634,1.12,1.00
2018.05.29 09:48:56.941,0.99627,0.99636,2.06,1.31
2018.05.29 09:48:57.921,0.99628,0.99636,1.50,1.31
2018.05.29 09:48:59.070,0.99628,0.99634,1.87,1.00
2018.05.29 09:48:59.681,0.99628,0.99635,1.87,1.00
2018.05.29 09:49:00.856,0.99627,0.99635,1.87,1.00
2018.05.29 09:49:01.493,0.99626,0.99634,1.87,1.00
2018.05.29 09:49:01.805,0.99622,0.99628,1.12,1.00
2018.05.29 09:49:01.943,0.9962,0.99628,1.87,1.00
2018.05.29 09:49:02.575,0.99618,0.99628,3.94,1.00
2018.05.29 09:49:02.813,0.99618,0.99625,1.50,1.00
2018.05.29 09:49:03.282,0.9962,0.99628,1.00,1.31
2018.05.29 09:49:03.814,0.99619,0.99627,1.12,1.00
2018.05.29 09:49:04.097,0.99617,0.99623,1.12,1.00
2018.05.29 09:49:04.203,0.99617,0.99626,1.12,1.00
2018.05.29 09:49:04.854,0.99618,0.99626,1.50,1.00
2018.05.29 09:49:05.380,0.99617,0.99625,1.87,1.00
2018.05.29 09:49:05.882,0.99618,0.99626,2.25,1.00
2018.05.29 09:49:05.987,0.99616,0.99624,2.25,1.00
2018.05.29 09:49:06.204,0.99618,0.99626,1.00,1.00
2018.05.29 09:49:07.315,0.99618,0.99628,1.00,2.06
2018.05.29 09:49:07.419,0.99618,0.99625,1.00,1.00
2018.05.29 09:49:07.471,0.99618,0.99627,1.00,1.31
2018.05.29 09:49:08.101,0.99619,0.99627,1.00,1.25
2018.05.29 09:49:08.691,0.99618,0.99627,1.00,1.00
2018.05.29 09:49:09.213,0.99619,0.99628,1.50,1.00
2018.05.29 09:49:09.580,0.99621,0.99628,1.00,1.25
2018.05.29 09:49:09.738,0.99621,0.9963,1.00,2.06
2018.05.29 09:49:10.100,0.99619,0.9963,2.25,2.44
2018.05.29 09:49:10.153,0.99618,0.99626,1.12,1.00
2018.05.29 09:49:12.063,0.99618,0.99628,1.12,1.00
2018.05.29 09:49:12.399,0.99619,0.99626,1.00,1.00
2018.05.29 09:49:15.358,0.99619,0.99628,1.00,1.00
2018.05.29 09:49:16.682,0.99618,0.99627,1.12,1.00
2018.05.29 09:49:17.788,0.99617,0.99625,2.62,1.00
2018.05.29 09:49:19.248,0.99617,0.99625,1.95,1.00
2018.05.29 09:49:19.824,0.99618,0.99627,1.20,1.00
2018.05.29 09:49:20.384,0.99617,0.99627,3.64,1.00
2018.05.29 09:49:20.804,0.9962,0.99629,1.10,1.00
2018.05.29 09:49:21.052,0.99619,0.99627,1.07,1.00
2018.05.29 09:49:21.528,0.9962,0.99629,1.10,1.25
2018.05.29 09:49:22.046,0.99619,0.99628,1.07,1.25
2018.05.29 09:49:22.660,0.99619,0.99628,1.00,1.19
2018.05.29 09:49:23.175,0.99619,0.99626,1.10,1.00
2018.05.29 09:49:23.715,0.99619,0.99628,1.10,1.00
2018.05.29 09:49:24.241,0.99619,0.99628,1.07,1.00
2018.05.29 09:49:24.745,0.99619,0.99628,1.10,1.00
2018.05.29 09:49:25.508,0.99618,0.99626,1.20,1.00
2018.05.29 09:49:26.274,0.99617,0.99625,2.32,1.31
2018.05.29 09:49:26.328,0.99617,0.99625,1.57,1.12
2018.05.29 09:49:26.642,0.99618,0.99627,1.00,1.00
2018.05.29 09:49:27.426,0.99618,0.99627,2.70,1.00
2018.05.29 09:49:28.832,0.99618,0.99627,1.50,1.00
2018.05.29 09:49:29.527,0.99618,0.99626,1.50,1.00
2018.05.29 09:49:29.790,0.99616,0.99625,3.00,1.00
2018.05.29 09:49:29.842,0.99617,0.99623,1.00,1.00
2018.05.29 09:49:30.052,0.99616,0.99625,2.25,1.00
2018.05.29 09:49:30.406,0.99618,0.99625,1.00,1.00
2018.05.29 09:49:31.011,0.99618,0.99626,1.00,1.00
2018.05.29 09:49:36.933,0.99617,0.99625,2.25,1.00
2018.05.29 09:49:37.504,0.99618,0.99625,1.00,1.00
2018.05.29 09:49:38.332,0.99617,0.99625,1.00,1.00
2018.05.29 09:49:39.707,0.99618,0.99625,1.00,1.00
2018.05.29 09:49:44.250,0.99617,0.99625,1.50,1.00
2018.05.29 09:49:44.563,0.99619,0.99625,1.00,1.00
2018.05.29 09:49:45.169,0.99619,0.99626,1.00,1.25
2018.05.29 09:49:45.222,0.99616,0.99624,2.62,1.00
2018.05.29 09:49:45.769,0.99617,0.99624,1.00,1.00
2018.05.29 09:49:49.827,0.99618,0.99625,1.00,1.00
2018.05.29 09:49:49.935,0.99618,0.99628,1.00,2.06
2018.05.29 09:49:49.988,0.99618,0.99626,1.00,1.00
2018.05.29 09:49:50.527,0.99618,0.99625,1.00,1.00
2018.05.29 09:49:51.059,0.99618,0.99628,1.00,2.06
2018.05.29 09:49:51.141,0.99618,0.99625,1.00,1.00
2018.05.29 09:49:51.404,0.99616,0.99625,2.25,1.00
2018.05.29 09:49:51.611,0.99614,0.99622,1.69,1.00
2018.05.29 09:49:51.770,0.99611,0.99618,1.00,1.25
2018.05.29 09:49:52.287,0.99609,0.99618,1.50,1.25
2018.05.29 09:49:52.812,0.99609,0.99618,1.12,1.00
2018.05.29 09:49:54.589,0.99609,0.99618,1.00,1.56
2018.05.29 09:49:54.791,0.99607,0.99616,1.00,1.56
2018.05.29 09:49:55.320,0.99608,0.99616,1.00,1.00
2018.05.29 09:49:57.944,0.99607,0.99616,1.87,1.31
2018.05.29 09:49:57.997,0.99607,0.99614,1.87,1.00
2018.05.29 09:49:58.473,0.99607,0.99616,1.87,1.00
2018.05.29 09:49:59.814,0.99608,0.99616,1.00,1.00
2018.05.29 09:50:00.497,0.99608,0.99616,1.00,1.19
2018.05.29 09:50:01.079,0.99608,0.99616,1.10,1.00
2018.05.29 09:50:02.100,0.99608,0.99617,1.57,1.00
2018.05.29 09:50:03.809,0.99608,0.99617,4.20,1.00
2018.05.29 09:50:06.558,0.99608,0.99617,1.69,1.00
2018.05.29 09:50:07.405,0.9961,0.99619,2.32,1.12
2018.05.29 09:50:07.722,0.99617,0.99625,1.10,1.00
2018.05.29 09:50:09.375,0.99616,0.99625,1.07,2.06
2018.05.29 09:50:09.686,0.99615,0.99622,2.32,1.00
2018.05.29 09:50:10.014,0.99612,0.9962,4.65,1.00
2018.05.29 09:50:10.120,0.99609,0.99617,2.62,1.00
2018.05.29 09:50:10.383,0.99608,0.99616,5.25,1.00
2018.05.29 09:50:14.699,0.99607,0.99616,3.00,1.31
2018.05.29 09:50:14.966,0.99607,0.99614,3.00,1.00
2018.05.29 09:50:15.956,0.99607,0.99615,3.00,1.00
2018.05.29 09:50:16.635,0.99608,0.99615,1.00,1.00
2018.05.29 09:50:17.185,0.99607,0.99615,3.00,1.00
2018.05.29 09:50:17.701,0.99608,0.99615,1.00,1.00
2018.05.29 09:50:19.187,0.99607,0.99615,3.00,1.00
2018.05.29 09:50:19.904,0.99608,0.99615,1.00,1.00
2018.05.29 09:50:20.449,0.99607,0.99615,3.00,1.00
2018.05.29 09:50:20.754,0.99607,0.99613,1.00,1.00
2018.05.29 09:50:21.246,0.99607,0.99615,1.00,1.00
2018.05.29 09:50:21.752,0.99608,0.99615,1.00,1.00
2018.05.29 09:50:22.916,0.99607,0.99615,2.44,1.00
2018.05.29 09:50:23.454,0.99608,0.99615,1.00,1.00
2018.05.29 09:50:23.934,0.99608,0.99617,1.50,1.12
2018.05.29 09:50:24.852,0.99608,0.99617,2.25,1.31
2018.05.29 09:50:25.382,0.99607,0.99615,1.50,1.25
2018.05.29 09:50:25.609,0.99605,0.99613,2.81,1.00
2018.05.29 09:50:25.923,0.99607,0.99615,1.00,1.69
2018.05.29 09:50:26.430,0.99606,0.99615,1.00,1.69
2018.05.29 09:50:28.044,0.99606,0.99613,1.50,1.00
2018.05.29 09:50:28.464,0.99604,0.99613,1.00,1.31
2018.05.29 09:50:28.517,0.99601,0.99609,1.50,1.00
2018.05.29 09:50:29.035,0.996,0.99609,1.87,1.12
2018.05.29 09:50:30.114,0.99599,0.99609,1.00,1.12
2018.05.29 09:50:31.055,0.99599,0.99608,1.00,1.00
2018.05.29 09:50:33.577,0.996,0.99608,1.50,1.00
2018.05.29 09:50:35.560,0.99599,0.99608,1.69,1.00
2018.05.29 09:50:37.606,0.99599,0.99606,2.25,1.00
2018.05.29 09:50:37.770,0.99599,0.99608,2.25,1.31
2018.05.29 09:50:38.115,0.99605,0.99612,1.50,2.14
2018.05.29 09:50:38.274,0.99606,0.99614,1.50,1.25
2018.05.29 09:50:39.630,0.99606,0.99613,1.50,1.00
2018.05.29 09:50:40.150,0.99605,0.99611,5.62,1.00
2018.05.29 09:50:40.203,0.99606,0.99613,1.00,1.00
2018.05.29 09:50:40.749,0.99605,0.99612,3.37,1.00
2018.05.29 09:50:40.804,0.99602,0.9961,2.25,1.00
2018.05.29 09:50:40.975,0.996,0.99609,1.00,1.25
2018.05.29 09:50:41.081,0.99605,0.9961,1.50,1.00
2018.05.29 09:50:41.187,0.99605,0.99613,1.50,1.25
2018.05.29 09:50:42.406,0.99605,0.99611,4.12,1.00
2018.05.29 09:50:42.674,0.99605,0.99614,4.50,1.00
2018.05.29 09:50:43.212,0.99607,0.99615,1.50,1.00
2018.05.29 09:50:43.774,0.99607,0.99616,3.75,1.00
2018.05.29 09:50:44.293,0.99607,0.99615,3.00,1.00
2018.05.29 09:50:44.798,0.99606,0.99615,3.00,2.06
2018.05.29 09:50:45.114,0.99606,0.99613,3.00,1.00
2018.05.29 09:50:46.922,0.99605,0.99613,1.00,1.25
2018.05.29 09:50:47.463,0.99605,0.99612,2.62,1.00
2018.05.29 09:50:47.844,0.99603,0.9961,1.00,1.00
2018.05.29 09:50:48.153,0.99601,0.99608,1.87,1.00
2018.05.29 09:50:48.682,0.996,0.99607,1.00,1.00
2018.05.29 09:50:49.205,0.99599,0.99606,3.19,1.00
2018.05.29 09:50:49.648,0.99601,0.99607,1.00,1.00
2018.05.29 09:50:50.170,0.99601,0.99609,1.00,1.50
2018.05.29 09:50:50.303,0.996,0.99607,3.00,1.00
2018.05.29 09:50:50.922,0.99599,0.99608,4.69,1.00
2018.05.29 09:50:51.464,0.99598,0.99607,1.87,1.00
2018.05.29 09:50:51.766,0.99597,0.99604,2.25,1.00
2018.05.29 09:50:52.355,0.99597,0.99605,1.00,1.00
2018.05.29 09:50:52.932,0.99598,0.99606,1.69,1.12
2018.05.29 09:50:55.396,0.99599,0.99607,2.25,1.00
2018.05.29 09:50:55.709,0.99601,0.99608,1.00,1.00
2018.05.29 09:50:56.019,0.99605,0.99612,3.37,1.00
2018.05.29 09:50:56.300,0.99606,0.99614,1.00,1.50
2018.05.29 09:50:56.665,0.99605,0.99612,4.50,1.00
2018.05.29 09:50:57.517,0.99605,0.99611,2.25,1.00
2018.05.29 09:50:57.623,0.99602,0.9961,2.62,1.00
2018.05.29 09:50:57.675,0.99605,0.99611,2.25,1.25
2018.05.29 09:50:58.182,0.99605,0.99612,3.00,1.00
2018.05.29 09:50:58.790,0.99605,0.99611,3.00,1.00
2018.05.29 09:50:59.326,0.99605,0.99612,3.37,1.00
2018.05.29 09:50:59.657,0.99599,0.99607,1.57,1.00
2018.05.29 09:51:00.205,0.99601,0.99608,4.87,1.00
2018.05.29 09:51:00.365,0.99599,0.99608,1.12,1.00
2018.05.29 09:51:00.523,0.99599,0.99606,1.12,1.00
2018.05.29 09:51:00.878,0.99598,0.99604,1.00,1.00
2018.05.29 09:51:01.409,0.99597,0.99604,1.00,1.00
2018.05.29 09:51:02.484,0.99597,0.99603,1.00,1.00
2018.05.29 09:51:02.875,0.99593,0.99601,1.57,1.19
2018.05.29 09:51:02.931,0.99593,0.99599,1.20,1.00
2018.05.29 09:51:03.090,0.99589,0.99598,1.12,1.00
2018.05.29 09:51:05.153,0.9959,0.99599,1.50,1.00
2018.05.29 09:51:05.668,0.99589,0.99597,1.00,1.00
2018.05.29 09:51:06.239,0.9959,0.99597,1.00,1.00
2018.05.29 09:51:06.529,0.9959,0.996,2.70,1.69
2018.05.29 09:51:06.581,0.99595,0.99601,2.25,1.19
2018.05.29 09:51:06.633,0.99591,0.99599,1.10,1.00
2018.05.29 09:51:06.686,0.99591,0.99599,1.20,1.00
2018.05.29 09:51:06.789,0.9959,0.99599,1.57,1.50
2018.05.29 09:51:07.200,0.99589,0.99597,1.95,1.00
2018.05.29 09:51:07.542,0.99588,0.99595,1.07,1.00
2018.05.29 09:51:08.062,0.99588,0.99595,1.10,1.00
2018.05.29 09:51:08.663,0.99588,0.99594,1.00,1.00
2018.05.29 09:51:09.178,0.99586,0.99595,2.70,1.25
2018.05.29 09:51:09.721,0.99588,0.99595,1.00,1.00
2018.05.29 09:51:11.345,0.9959,0.99597,1.00,1.50
2018.05.29 09:51:11.765,0.99591,0.99597,1.37,1.00
2018.05.29 09:51:12.044,0.99589,0.99598,1.87,1.50
2018.05.29 09:51:12.148,0.9959,0.99598,1.87,1.50
2018.05.29 09:51:12.660,0.99589,0.99597,1.95,1.00
2018.05.29 09:51:13.177,0.99587,0.99596,3.45,1.00
2018.05.29 09:51:13.728,0.9959,0.99597,1.37,1.00
2018.05.29 09:51:15.545,0.99589,0.99596,1.37,1.00
2018.05.29 09:51:16.094,0.99589,0.99597,1.37,1.00
2018.05.29 09:51:16.608,0.99588,0.99596,1.57,1.00
2018.05.29 09:51:18.664,0.99588,0.99596,1.12,1.00
2018.05.29 09:51:20.551,0.99587,0.99596,1.57,1.50
2018.05.29 09:51:23.598,0.99588,0.99596,1.95,1.00
2018.05.29 09:51:23.703,0.9959,0.99597,1.00,1.50
2018.05.29 09:51:23.809,0.99591,0.99599,1.12,1.69
2018.05.29 09:51:24.356,0.9959,0.99598,1.00,1.00
2018.05.29 09:51:24.914,0.99589,0.99598,1.00,1.50
2018.05.29 09:51:25.415,0.99588,0.99597,1.20,1.25
2018.05.29 09:51:25.918,0.99587,0.99596,1.00,1.50
2018.05.29 09:51:26.073,0.99587,0.99594,1.00,1.00
2018.05.29 09:51:26.600,0.99587,0.99595,1.10,1.00
2018.05.29 09:51:27.271,0.99587,0.99596,1.20,1.00
2018.05.29 09:51:28.674,0.99588,0.99596,1.00,1.00
2018.05.29 09:51:29.202,0.99587,0.99596,1.95,1.25
2018.05.29 09:51:29.738,0.99587,0.99595,1.45,1.00
2018.05.29 09:51:31.000,0.99587,0.99595,1.00,1.50
2018.05.29 09:51:31.522,0.99587,0.99595,1.07,1.00
2018.05.29 09:51:33.260,0.99587,0.99595,1.20,1.00
2018.05.29 09:51:33.864,0.99586,0.99595,2.32,1.00
2018.05.29 09:51:36.815,0.99586,0.99595,1.76,1.00
2018.05.29 09:51:39.798,0.99587,0.99594,1.00,1.00
2018.05.29 09:51:40.338,0.99586,0.99594,1.20,1.00
2018.05.29 09:51:40.872,0.99586,0.99594,1.95,1.00
2018.05.29 09:51:42.987,0.99586,0.99594,2.32,1.00
2018.05.29 09:51:43.773,0.99587,0.99594,1.00,1.00
2018.05.29 09:51:44.293,0.99586,0.99594,2.32,1.00
2018.05.29 09:51:45.593,0.99585,0.99594,6.07,1.00
2018.05.29 09:51:45.857,0.99587,0.99596,5.14,1.69
2018.05.29 09:51:45.979,0.99589,0.99596,1.00,1.50
2018.05.29 09:51:46.556,0.99587,0.99596,3.45,1.50
2018.05.29 09:51:47.138,0.99587,0.99595,1.07,1.00
2018.05.29 09:51:47.690,0.99586,0.99595,2.89,1.00
2018.05.29 09:51:48.219,0.99586,0.99595,3.26,1.00
2018.05.29 09:51:48.894,0.99586,0.99594,2.70,1.00
2018.05.29 09:51:52.351,0.99585,0.99593,3.45,1.00
2018.05.29 09:51:52.855,0.99586,0.99594,1.95,1.50
2018.05.29 09:51:53.510,0.99586,0.99594,1.47,1.00
2018.05.29 09:51:53.723,0.99587,0.99596,1.62,1.50
2018.05.29 09:51:54.566,0.99586,0.99595,1.95,1.00
2018.05.29 09:51:55.429,0.99586,0.99595,1.10,1.50
2018.05.29 09:51:56.098,0.99585,0.99593,2.32,1.00
2018.05.29 09:51:57.258,0.99586,0.99593,1.00,1.00
2018.05.29 09:51:58.401,0.99585,0.99593,2.70,1.00
2018.05.29 09:51:59.481,0.99585,0.99593,1.47,1.00
2018.05.29 09:51:59.789,0.99588,0.99594,1.00,1.00
2018.05.29 09:51:59.842,0.99587,0.99596,3.82,1.50
2018.05.29 09:52:00.009,0.99587,0.99594,2.89,1.00
2018.05.29 09:52:00.061,0.99588,0.99596,1.01,1.00
2018.05.29 09:52:00.578,0.99588,0.99596,1.95,1.00
2018.05.29 09:52:01.116,0.99588,0.99596,1.10,1.50
2018.05.29 09:52:01.869,0.99589,0.99596,1.10,1.00
2018.05.29 09:52:02.618,0.99587,0.99595,2.32,1.00
2018.05.29 09:52:03.288,0.99587,0.99595,1.20,1.50
2018.05.29 09:52:04.768,0.99587,0.99593,1.10,1.00
2018.05.29 09:52:05.421,0.99585,0.99593,2.70,1.00
2018.05.29 09:52:07.666,0.99584,0.99592,4.57,1.00
2018.05.29 09:52:08.168,0.99586,0.99593,1.10,1.00
2018.05.29 09:52:08.484,0.9958,0.99588,1.20,1.00
2018.05.29 09:52:09.058,0.99578,0.99587,2.70,1.00
2018.05.29 09:52:09.593,0.99578,0.99587,2.89,1.00
2018.05.29 09:52:10.134,0.99577,0.99587,2.70,1.69
2018.05.29 09:52:10.638,0.99577,0.99586,1.57,1.50
2018.05.29 09:52:13.085,0.99577,0.99586,1.50,1.50
2018.05.29 09:52:13.617,0.99577,0.99587,1.50,1.69
2018.05.29 09:52:14.143,0.99578,0.99587,1.00,1.50
2018.05.29 09:52:14.725,0.99577,0.99587,2.25,1.69
2018.05.29 09:52:15.711,0.99577,0.99585,1.00,1.00
2018.05.29 09:52:19.069,0.99576,0.99585,1.87,1.00
2018.05.29 09:52:20.221,0.99577,0.99585,1.00,1.50
2018.05.29 09:52:22.535,0.99576,0.99585,3.00,1.50
2018.05.29 09:52:23.789,0.99577,0.99585,1.87,1.50
2018.05.29 09:52:23.897,0.99577,0.99587,2.62,1.69
2018.05.29 09:52:24.446,0.99577,0.99586,2.62,1.00
2018.05.29 09:52:25.991,0.99577,0.99586,2.62,1.00
2018.05.29 09:52:27.331,0.99577,0.99586,2.62,1.00
2018.05.29 09:52:27.771,0.99578,0.99587,1.37,1.00
2018.05.29 09:52:29.599,0.9958,0.99587,1.37,1.00
2018.05.29 09:52:30.673,0.99577,0.99587,2.06,1.00
2018.05.29 09:52:34.559,0.99582,0.99588,1.87,1.00
2018.05.29 09:52:34.648,0.99583,0.99592,2.25,1.25
2018.05.29 09:52:34.702,0.99585,0.99593,3.37,1.00
2018.05.29 09:52:35.368,0.99586,0.99593,1.00,1.00
2018.05.29 09:52:36.908,0.99586,0.99595,2.44,1.25
2018.05.29 09:52:37.447,0.99586,0.99596,1.87,1.69
2018.05.29 09:52:37.963,0.99587,0.99596,1.50,1.69
2018.05.29 09:52:38.476,0.99587,0.99595,1.00,1.00
2018.05.29 09:52:39.028,0.99586,0.99595,1.50,1.00
2018.05.29 09:52:39.547,0.99587,0.99595,1.00,1.00
2018.05.29 09:52:41.854,0.99587,0.99596,1.00,1.50
2018.05.29 09:52:42.564,0.99587,0.99595,1.00,1.00
2018.05.29 09:52:42.847,0.99585,0.99594,2.25,1.00
2018.05.29 09:52:43.359,0.99585,0.99593,3.75,1.00
2018.05.29 09:52:45.312,0.99583,0.99591,1.87,1.00
2018.05.29 09:52:45.419,0.99579,0.99587,3.00,1.00
2018.05.29 09:52:45.753,0.99577,0.99585,2.25,1.00
2018.05.29 09:52:48.478,0.99577,0.99585,1.87,1.00
2018.05.29 09:52:48.990,0.99576,0.99584,2.25,1.00
2018.05.29 09:52:49.873,0.99577,0.99584,1.00,1.00
2018.05.29 09:52:51.008,0.99576,0.99584,1.50,1.00
2018.05.29 09:52:51.826,0.99575,0.99584,4.50,1.50
2018.05.29 09:52:52.943,0.99577,0.99584,1.37,1.00
2018.05.29 09:52:53.478,0.99577,0.99585,3.94,1.00
2018.05.29 09:52:56.749,0.99577,0.99586,3.94,1.50
2018.05.29 09:52:57.235,0.99581,0.99586,1.00,1.50
2018.05.29 09:52:57.744,0.99578,0.99587,3.37,1.50
2018.05.29 09:52:58.841,0.99579,0.99587,1.00,1.50
2018.05.29 09:53:01.674,0.99579,0.99587,2.62,1.00
2018.05.29 09:53:02.321,0.99578,0.99587,1.37,1.25
2018.05.29 09:53:02.529,0.99577,0.99586,3.75,1.00
2018.05.29 09:53:03.042,0.99577,0.99586,2.62,1.25
2018.05.29 09:53:03.449,0.99577,0.99586,1.37,1.25
2018.05.29 09:53:04.419,0.99577,0.99587,1.50,1.69
2018.05.29 09:53:04.723,0.99577,0.99585,1.50,1.50
2018.05.29 09:53:07.205,0.99577,0.99585,1.57,1.00
2018.05.29 09:53:12.769,0.99577,0.99584,1.50,1.00
2018.05.29 09:53:17.957,0.99577,0.99585,1.47,1.00
2018.05.29 09:53:18.831,0.99576,0.99585,2.70,1.00
2018.05.29 09:53:18.936,0.99576,0.99585,2.70,1.25
2018.05.29 09:53:19.469,0.99576,0.99584,1.87,1.25
2018.05.29 09:53:20.342,0.99576,0.99584,2.62,1.00
2018.05.29 09:53:20.907,0.99576,0.99584,1.87,1.00
2018.05.29 09:53:21.420,0.99576,0.99584,2.62,1.00
2018.05.29 09:53:22.821,0.99576,0.99584,1.87,1.00
2018.05.29 09:53:26.479,0.99576,0.99583,1.95,1.00
2018.05.29 09:53:27.014,0.99575,0.99583,3.64,1.00
2018.05.29 09:53:27.893,0.99576,0.99582,1.95,1.00
2018.05.29 09:53:27.945,0.99576,0.99584,1.87,1.00
2018.05.29 09:53:30.324,0.99576,0.99584,1.95,1.00
2018.05.29 09:53:30.429,0.99575,0.99582,3.82,1.00
2018.05.29 09:53:30.944,0.99575,0.99583,3.00,1.00
2018.05.29 09:53:32.630,0.99576,0.99584,1.87,1.00
2018.05.29 09:53:32.736,0.99577,0.99586,1.37,1.50
2018.05.29 09:53:32.989,0.99577,0.99584,1.37,1.00
2018.05.29 09:53:35.087,0.99576,0.99583,1.95,1.00
2018.05.29 09:53:37.005,0.99576,0.99584,1.47,1.00
2018.05.29 09:53:43.715,0.99575,0.99584,4.87,1.25
2018.05.29 09:53:44.919,0.99576,0.99584,3.37,1.00
2018.05.29 09:53:44.974,0.99578,0.99586,1.37,1.50
2018.05.29 09:53:45.489,0.99576,0.99585,2.62,1.00
2018.05.29 09:53:46.279,0.99576,0.99585,1.87,1.25
2018.05.29 09:53:46.807,0.99575,0.99584,2.62,1.00
2018.05.29 09:53:47.135,0.99573,0.9958,1.95,1.00
2018.05.29 09:53:47.204,0.99572,0.9958,1.37,1.00
2018.05.29 09:53:47.310,0.99569,0.99578,2.44,1.50
2018.05.29 09:53:47.829,0.99569,0.99577,1.37,1.00
2018.05.29 09:53:48.354,0.99567,0.99577,4.87,1.00
2018.05.29 09:53:50.797,0.99567,0.99575,4.31,1.00
2018.05.29 09:53:51.332,0.99567,0.99576,4.87,1.00
2018.05.29 09:53:52.374,0.99568,0.99577,1.69,1.50
2018.05.29 09:53:52.760,0.9957,0.99578,1.50,1.00
2018.05.29 09:53:52.917,0.99575,0.99581,1.87,1.69
2018.05.29 09:53:52.969,0.99575,0.99584,5.44,1.57
2018.05.29 09:53:53.471,0.99576,0.99584,1.50,1.50
2018.05.29 09:53:55.350,0.99574,0.99583,1.37,1.00
2018.05.29 09:53:55.514,0.99571,0.9958,1.20,1.00
2018.05.29 09:53:55.830,0.99569,0.99578,1.37,1.50
2018.05.29 09:53:56.372,0.99568,0.99577,3.37,1.00
2018.05.29 09:53:59.036,0.99568,0.99578,2.44,1.50
2018.05.29 09:54:00.521,0.99569,0.99578,1.69,1.00
2018.05.29 09:54:01.596,0.99569,0.99577,1.37,1.00
2018.05.29 09:54:01.910,0.99569,0.99579,1.37,1.69
2018.05.29 09:54:02.186,0.99568,0.99577,3.00,1.50
2018.05.29 09:54:04.274,0.99568,0.99577,2.25,1.00
2018.05.29 09:54:04.329,0.99567,0.99575,1.50,1.00
2018.05.29 09:54:04.441,0.99567,0.99575,1.50,1.00
2018.05.29 09:54:05.745,0.99568,0.99576,1.37,1.00
2018.05.29 09:54:05.901,0.99568,0.99577,1.87,1.50
2018.05.29 09:54:06.446,0.99568,0.99576,1.87,1.00
2018.05.29 09:54:07.023,0.99568,0.99576,1.87,1.00
2018.05.29 09:54:08.635,0.99567,0.99577,4.50,1.50
2018.05.29 09:54:10.863,0.99567,0.99577,5.44,1.50
2018.05.29 09:54:12.552,0.99568,0.99577,2.81,1.50
2018.05.29 09:54:12.980,0.99568,0.99577,1.50,1.50
2018.05.29 09:54:14.904,0.99568,0.99576,1.50,1.00
2018.05.29 09:54:16.155,0.99568,0.99576,1.87,1.00
2018.05.29 09:54:17.740,0.99568,0.99577,3.00,1.00
2018.05.29 09:54:18.565,0.99569,0.99578,1.50,1.50
2018.05.29 09:54:19.721,0.99568,0.99576,1.87,1.00
2018.05.29 09:54:23.023,0.99568,0.99576,1.75,1.00
2018.05.29 09:54:26.378,0.99567,0.99575,3.37,1.00
2018.05.29 09:54:29.147,0.99567,0.99574,2.25,1.00
2018.05.29 09:54:29.672,0.99567,0.99575,2.62,1.00
2018.05.29 09:54:30.219,0.99567,0.99574,2.62,1.00
2018.05.29 09:54:30.702,0.99567,0.99574,2.62,1.00
2018.05.29 09:54:31.113,0.99567,0.99575,1.50,1.50
2018.05.29 09:54:33.754,0.99567,0.99576,2.25,1.50
2018.05.29 09:54:40.303,0.99568,0.99576,1.37,1.00
2018.05.29 09:54:40.460,0.99569,0.99575,1.37,1.00
2018.05.29 09:54:41.006,0.99569,0.99576,1.50,1.00
2018.05.29 09:54:41.558,0.99568,0.99576,1.37,1.00
2018.05.29 09:54:42.081,0.99568,0.99575,1.37,1.00
2018.05.29 09:54:43.080,0.99568,0.99576,1.37,1.50
2018.05.29 09:54:43.310,0.99568,0.99576,1.87,1.50
2018.05.29 09:54:43.826,0.99567,0.99575,4.12,1.00
2018.05.29 09:54:44.364,0.99568,0.99576,2.06,1.50
2018.05.29 09:54:47.388,0.99568,0.99576,1.37,1.50
2018.05.29 09:54:47.493,0.99568,0.99576,1.57,1.50
2018.05.29 09:54:51.311,0.99568,0.99576,2.32,1.50
2018.05.29 09:54:51.468,0.99569,0.99577,1.50,1.50
2018.05.29 09:54:52.062,0.99568,0.99575,1.37,1.00
2018.05.29 09:54:52.614,0.99568,0.99576,1.37,1.00
2018.05.29 09:54:56.294,0.99568,0.99574,1.37,1.00
2018.05.29 09:54:56.506,0.99567,0.99572,1.37,1.00
2018.05.29 09:54:56.558,0.99567,0.99574,1.37,1.00
2018.05.29 09:54:58.271,0.99567,0.99574,1.87,1.00
2018.05.29 09:54:58.324,0.99566,0.99572,1.95,1.00
2018.05.29 09:54:58.854,0.99566,0.99572,1.12,1.00
2018.05.29 09:54:59.206,0.99566,0.99572,3.37,1.00
2018.05.29 09:54:59.529,0.99567,0.99574,1.47,1.00
2018.05.29 09:54:59.634,0.99567,0.99574,2.32,1.00
2018.05.29 09:55:00.185,0.99567,0.99575,1.95,1.50
2018.05.29 09:55:00.903,0.99567,0.99575,1.95,1.50
2018.05.29 09:55:01.417,0.99567,0.99576,1.57,1.50
2018.05.29 09:55:12.422,0.99567,0.99576,4.39,1.50
2018.05.29 09:55:15.368,0.99568,0.99575,1.37,1.00
2018.05.29 09:55:15.888,0.99568,0.99576,1.87,1.50
2018.05.29 09:55:18.098,0.99567,0.99575,2.32,1.00
2018.05.29 09:55:18.747,0.99567,0.99575,3.82,1.00
2018.05.29 09:55:23.207,0.99567,0.99575,3.45,1.00
2018.05.29 09:55:23.361,0.99566,0.99573,3.82,1.00
2018.05.29 09:55:23.677,0.99566,0.99575,2.62,1.00
2018.05.29 09:55:23.784,0.99567,0.99575,1.87,1.00
2018.05.29 09:55:29.450,0.99567,0.99574,1.87,1.00
2018.05.29 09:55:29.559,0.99565,0.99577,3.45,4.54
2018.05.29 09:55:29.656,0.99565,0.9957,3.00,1.00
2018.05.29 09:55:29.803,0.99561,0.99565,1.10,1.00
2018.05.29 09:55:30.337,0.99558,0.99565,1.95,1.00
2018.05.29 09:55:30.596,0.9956,0.99566,1.87,1.00
2018.05.29 09:55:31.127,0.99559,0.99566,1.57,1.00
2018.05.29 09:55:31.645,0.99559,0.99567,1.57,1.00
2018.05.29 09:55:32.173,0.99559,0.99566,1.57,1.00
2018.05.29 09:55:34.065,0.99565,0.9957,1.50,1.00
2018.05.29 09:55:34.118,0.99565,0.99572,2.62,1.00
2018.05.29 09:55:34.225,0.99565,0.9957,1.00,1.00
2018.05.29 09:55:34.607,0.9956,0.99568,1.95,1.00
2018.05.29 09:55:35.416,0.99561,0.99569,1.47,1.00
2018.05.29 09:55:37.311,0.9956,0.99569,1.20,1.50
2018.05.29 09:55:37.857,0.9956,0.99568,1.20,1.00
2018.05.29 09:55:38.909,0.9956,0.99568,1.10,1.00
2018.05.29 09:55:39.124,0.99562,0.99568,1.37,1.00
2018.05.29 09:55:39.178,0.99565,0.99572,2.25,1.00
2018.05.29 09:55:39.717,0.99565,0.99573,2.70,1.00
2018.05.29 09:55:43.314,0.99565,0.99572,1.57,1.00
2018.05.29 09:55:43.722,0.99565,0.9957,2.32,1.00
2018.05.29 09:55:46.562,0.9956,0.99569,2.32,1.25
2018.05.29 09:55:46.761,0.99559,0.99567,1.07,1.00
2018.05.29 09:55:47.282,0.99558,0.99567,2.70,1.50
2018.05.29 09:55:47.872,0.99558,0.99566,1.87,1.00
2018.05.29 09:55:48.388,0.99557,0.99565,4.20,1.00
2018.05.29 09:55:49.588,0.99557,0.99564,3.82,1.00
2018.05.29 09:55:50.100,0.99557,0.99565,3.82,1.50
2018.05.29 09:55:51.101,0.99557,0.99565,3.07,1.50
2018.05.29 09:55:52.966,0.99558,0.99565,1.00,1.50
2018.05.29 09:55:53.481,0.99559,0.99566,1.20,1.00
2018.05.29 09:55:55.522,0.99558,0.99566,4.20,1.50
2018.05.29 09:55:55.834,0.99558,0.99566,4.20,1.50
2018.05.29 09:55:56.222,0.99557,0.99565,2.25,1.00
2018.05.29 09:55:56.740,0.99557,0.99564,2.25,1.00
2018.05.29 09:55:57.246,0.99557,0.99565,1.00,1.00
2018.05.29 09:55:57.756,0.99557,0.99565,2.25,1.00
2018.05.29 09:55:58.307,0.99558,0.99566,1.47,1.50
2018.05.29 09:55:58.679,0.99557,0.99564,3.45,1.00
2018.05.29 09:55:58.857,0.99557,0.99566,4.57,1.00
2018.05.29 09:55:58.961,0.99557,0.99564,1.95,1.00
2018.05.29 09:55:59.471,0.99558,0.99564,1.12,1.00
2018.05.29 09:56:00.255,0.99557,0.99564,1.10,1.00
2018.05.29 09:56:00.578,0.99556,0.99561,1.57,1.00
2018.05.29 09:56:00.940,0.99556,0.99563,1.57,1.00
2018.05.29 09:56:01.421,0.99556,0.99565,2.89,1.50
2018.05.29 09:56:03.590,0.99556,0.99563,1.57,1.00
2018.05.29 09:56:04.111,0.99556,0.99564,1.10,1.00
2018.05.29 09:56:04.449,0.99557,0.99564,1.47,1.00
2018.05.29 09:56:05.123,0.99557,0.99565,1.57,1.50
2018.05.29 09:56:05.647,0.99557,0.99565,1.57,1.50
2018.05.29 09:56:10.294,0.99557,0.99563,1.50,1.00
2018.05.29 09:56:11.314,0.99557,0.99563,1.12,1.00
2018.05.29 09:56:11.921,0.99556,0.99562,3.45,1.00
2018.05.29 09:56:12.584,0.99556,0.99562,4.20,1.00
2018.05.29 09:56:13.096,0.99556,0.99563,4.20,1.00
2018.05.29 09:56:18.887,0.99557,0.99565,1.37,1.50
2018.05.29 09:56:19.391,0.99557,0.99564,1.57,1.00
2018.05.29 09:56:19.545,0.99557,0.99563,1.47,1.00
2018.05.29 09:56:23.979,0.99557,0.99564,2.44,1.00
2018.05.29 09:56:24.260,0.99558,0.99563,1.20,1.00
2018.05.29 09:56:24.335,0.99558,0.99564,1.47,1.00
2018.05.29 09:56:26.626,0.99557,0.99564,1.50,1.00
2018.05.29 09:56:26.884,0.99556,0.99564,3.45,1.00
2018.05.29 09:56:27.635,0.99557,0.99564,1.50,1.00
2018.05.29 09:56:28.179,0.99557,0.99563,1.50,1.00
2018.05.29 09:56:29.005,0.99557,0.99564,1.50,1.00
2018.05.29 09:56:29.510,0.99558,0.99564,1.50,1.00
2018.05.29 09:56:29.828,0.99557,0.99566,3.45,1.50
2018.05.29 09:56:30.033,0.99558,0.99563,1.50,1.00
2018.05.29 09:56:30.544,0.99557,0.99564,2.32,1.00
2018.05.29 09:56:31.468,0.99557,0.99563,1.50,1.00
2018.05.29 09:56:31.982,0.99557,0.99564,2.32,1.50
2018.05.29 09:56:33.837,0.99557,0.99564,2.25,1.50
2018.05.29 09:56:34.943,0.99557,0.99561,2.25,1.00
2018.05.29 09:56:34.996,0.99557,0.99564,2.25,1.50
2018.05.29 09:56:41.571,0.99557,0.99565,3.07,1.50
2018.05.29 09:56:44.549,0.99557,0.99563,2.32,1.00
2018.05.29 09:56:45.341,0.99557,0.99562,1.95,1.00
2018.05.29 09:56:45.842,0.99557,0.99563,1.95,1.00
2018.05.29 09:56:47.118,0.99557,0.99563,1.47,1.00
2018.05.29 09:56:47.663,0.99557,0.99563,1.47,1.00
2018.05.29 09:56:48.264,0.99556,0.99563,2.70,1.00
2018.05.29 09:56:49.233,0.99558,0.99565,2.62,1.50
2018.05.29 09:56:49.310,0.99559,0.99567,4.31,1.00
2018.05.29 09:56:49.363,0.99559,0.99568,2.62,1.50
2018.05.29 09:56:50.038,0.9956,0.99567,1.50,1.00
2018.05.29 09:56:51.910,0.99559,0.99566,1.00,1.00
2018.05.29 09:56:52.021,0.99558,0.99566,4.12,1.00
2018.05.29 09:56:52.437,0.99559,0.99563,1.00,1.00
2018.05.29 09:56:52.491,0.99558,0.99565,1.50,1.00
2018.05.29 09:56:52.562,0.99559,0.99567,1.37,1.69
2018.05.29 09:56:52.811,0.99563,0.99569,1.12,1.50
2018.05.29 09:56:52.864,0.99562,0.99568,2.62,1.00
2018.05.29 09:56:52.969,0.9956,0.99567,1.57,1.00
2018.05.29 09:56:53.073,0.99558,0.99566,4.87,1.00
2018.05.29 09:56:53.297,0.99559,0.99564,1.37,1.00
2018.05.29 09:56:53.350,0.99559,0.99566,1.50,1.00
2018.05.29 09:56:53.458,0.99563,0.99567,1.00,1.50
2018.05.29 09:56:53.747,0.99561,0.99568,1.00,1.69
2018.05.29 09:56:54.108,0.99563,0.99567,1.00,1.00
2018.05.29 09:56:54.160,0.99561,0.99566,1.00,1.00
2018.05.29 09:56:54.323,0.99557,0.99566,3.00,1.00
2018.05.29 09:56:54.685,0.99557,0.99565,3.37,1.00
2018.05.29 09:56:54.870,0.99557,0.99565,3.00,1.00
2018.05.29 09:56:55.239,0.99557,0.99563,1.00,1.00
2018.05.29 09:56:55.572,0.99554,0.99558,1.27,1.00
2018.05.29 09:56:55.676,0.99548,0.99558,2.25,1.50
2018.05.29 09:56:55.781,0.99554,0.99558,1.00,1.87
2018.05.29 09:56:56.143,0.99549,0.99556,1.50,1.00
2018.05.29 09:56:56.517,0.99547,0.99556,1.00,1.50
2018.05.29 09:56:57.045,0.99546,0.99555,1.37,1.87
2018.05.29 09:56:57.578,0.99546,0.99555,1.00,2.06
2018.05.29 09:56:58.105,0.99545,0.99555,2.25,2.06
2018.05.29 09:56:58.331,0.99547,0.99555,1.00,1.87
2018.05.29 09:56:58.592,0.99545,0.99554,3.37,1.31
2018.05.29 09:56:58.696,0.99547,0.99555,1.00,1.69
2018.05.29 09:56:59.241,0.99546,0.99554,1.87,1.00
2018.05.29 09:56:59.768,0.99545,0.99554,3.37,1.00
2018.05.29 09:57:00.270,0.99545,0.99555,3.75,1.00
2018.05.29 09:57:00.604,0.99545,0.99552,1.00,1.12
2018.05.29 09:57:00.825,0.99542,0.99551,4.87,1.00
2018.05.29 09:57:01.045,0.9954,0.99549,4.72,1.00
2018.05.29 09:57:01.099,0.99541,0.9955,2.25,1.00
2018.05.29 09:57:01.309,0.99539,0.9955,1.60,1.25
2018.05.29 09:57:01.361,0.99542,0.9955,1.12,2.06
2018.05.29 09:57:01.413,0.99542,0.99546,1.12,1.00
2018.05.29 09:57:01.587,0.99536,0.99545,4.87,1.50
2018.05.29 09:57:01.898,0.9954,0.99545,1.00,1.25
2018.05.29 09:57:02.150,0.99535,0.99545,2.25,1.25
2018.05.29 09:57:02.308,0.99534,0.99541,1.75,1.00
2018.05.29 09:57:02.361,0.99531,0.99539,2.85,2.25
2018.05.29 09:57:02.606,0.99531,0.99539,1.00,2.25
2018.05.29 09:57:02.742,0.9953,0.99539,2.06,1.25
2018.05.29 09:57:03.014,0.99536,0.99544,1.35,1.00
2018.05.29 09:57:03.118,0.99539,0.99544,1.00,1.00
2018.05.29 09:57:03.170,0.99537,0.99545,1.00,1.50
2018.05.29 09:57:03.222,0.99537,0.99542,1.00,1.00
2018.05.29 09:57:03.274,0.99535,0.99542,1.00,1.00
2018.05.29 09:57:03.611,0.99537,0.99543,1.00,1.25
2018.05.29 09:57:03.855,0.99537,0.99545,1.87,1.00
2018.05.29 09:57:04.114,0.99537,0.99548,1.87,1.69
2018.05.29 09:57:04.504,0.99535,0.99545,4.87,1.00
2018.05.29 09:57:04.692,0.99533,0.99541,1.50,1.00
2018.05.29 09:57:04.796,0.9953,0.9954,1.00,1.00
2018.05.29 09:57:04.899,0.99532,0.99542,4.12,1.31
2018.05.29 09:57:05.429,0.99534,0.99543,1.50,2.06
2018.05.29 09:57:05.599,0.99535,0.99545,4.12,1.50
2018.05.29 09:57:06.013,0.99534,0.99543,1.00,1.00
2018.05.29 09:57:06.321,0.9953,0.9954,1.87,1.00
2018.05.29 09:57:06.581,0.99528,0.99539,1.75,1.87
2018.05.29 09:57:06.839,0.99528,0.99537,1.00,1.00
2018.05.29 09:57:06.942,0.99532,0.99536,1.87,1.00
2018.05.29 09:57:07.063,0.99531,0.99538,2.02,1.87
2018.05.29 09:57:07.116,0.99535,0.99539,1.12,1.01
2018.05.29 09:57:07.173,0.99532,0.99542,1.37,1.76
2018.05.29 09:57:07.277,0.9953,0.99541,1.87,1.29
2018.05.29 09:57:07.329,0.99532,0.99543,1.37,2.14
2018.05.29 09:57:07.434,0.99529,0.9954,1.37,1.00
2018.05.29 09:57:07.550,0.99529,0.99538,2.25,1.00
2018.05.29 09:57:07.877,0.99529,0.99539,1.87,1.25
2018.05.29 09:57:08.209,0.99532,0.99537,1.20,1.00
2018.05.29 09:57:08.524,0.99529,0.99538,1.00,1.69
2018.05.29 09:57:08.628,0.99527,0.99537,1.00,1.25
2018.05.29 09:57:08.781,0.99527,0.99537,1.50,1.25
2018.05.29 09:57:08.936,0.99527,0.99536,1.00,1.31
2018.05.29 09:57:09.312,0.99525,0.99537,3.37,2.44
2018.05.29 09:57:09.658,0.99526,0.99536,1.12,2.06
2018.05.29 09:57:09.824,0.99528,0.99537,1.00,2.06
2018.05.29 09:57:09.876,0.99526,0.99537,1.12,2.06
2018.05.29 09:57:10.221,0.99525,0.99534,3.00,1.00
2018.05.29 09:57:10.482,0.99521,0.9953,1.50,1.00
2018.05.29 09:57:10.666,0.99523,0.99527,1.00,1.00
2018.05.29 09:57:10.926,0.99516,0.99527,1.37,1.50
2018.05.29 09:57:11.374,0.99522,0.99527,2.70,2.44
2018.05.29 09:57:11.658,0.99515,0.99526,3.75,1.25
2018.05.29 09:57:11.766,0.99515,0.99526,4.12,1.31
2018.05.29 09:57:11.820,0.99519,0.99526,1.00,1.69
2018.05.29 09:57:11.930,0.99516,0.99526,2.25,1.69
2018.05.29 09:57:12.464,0.99515,0.99526,1.87,1.31
2018.05.29 09:57:12.810,0.99515,0.99523,1.12,1.00
2018.05.29 09:57:12.915,0.99516,0.99525,1.00,1.87
2018.05.29 09:57:13.416,0.99517,0.99526,1.00,1.00
2018.05.29 09:57:13.961,0.99518,0.99526,1.50,1.00
2018.05.29 09:57:14.118,0.99516,0.99527,2.25,1.69
2018.05.29 09:57:14.172,0.99514,0.99525,1.31,1.00
2018.05.29 09:57:14.589,0.99512,0.99524,1.76,2.06
2018.05.29 09:57:14.799,0.99515,0.99523,1.00,1.69
2018.05.29 09:57:15.103,0.99516,0.99527,3.00,1.31
2018.05.29 09:57:15.208,0.99516,0.99526,2.25,1.19
2018.05.29 09:57:15.746,0.99517,0.99526,1.00,1.00
2018.05.29 09:57:16.490,0.99516,0.99526,1.87,1.00
2018.05.29 09:57:16.839,0.99519,0.99526,1.00,1.25
2018.05.29 09:57:16.945,0.99515,0.99526,1.50,1.25
2018.05.29 09:57:17.590,0.99516,0.99526,3.75,1.00
2018.05.29 09:57:17.643,0.99516,0.99526,3.00,1.00
2018.05.29 09:57:17.820,0.99518,0.99527,1.00,1.00
2018.05.29 09:57:17.925,0.99516,0.99527,1.12,1.31
2018.05.29 09:57:18.530,0.99515,0.99526,1.37,2.81
2018.05.29 09:57:18.636,0.99511,0.99523,2.77,2.06
2018.05.29 09:57:19.064,0.99511,0.99522,1.00,2.06
2018.05.29 09:57:19.225,0.99511,0.99519,1.50,1.00
2018.05.29 09:57:19.285,0.99511,0.99521,1.50,1.00
2018.05.29 09:57:19.695,0.99511,0.99519,1.00,1.25
2018.05.29 09:57:20.019,0.99505,0.99512,1.00,1.00
2018.05.29 09:57:20.089,0.99506,0.99516,1.00,2.81
2018.05.29 09:57:20.201,0.99504,0.99511,1.72,1.00
2018.05.29 09:57:20.452,0.99505,0.99516,2.25,1.69
2018.05.29 09:57:20.557,0.99506,0.99516,1.00,1.31
2018.05.29 09:57:21.051,0.99508,0.99517,1.00,1.62
2018.05.29 09:57:21.105,0.99506,0.99516,1.50,1.12
2018.05.29 09:57:21.266,0.99504,0.99514,1.50,1.62
2018.05.29 09:57:21.520,0.99505,0.99514,2.62,1.87
2018.05.29 09:57:21.575,0.99503,0.99513,1.76,1.00
2018.05.29 09:57:21.627,0.99502,0.99511,1.50,1.00
2018.05.29 09:57:21.941,0.99499,0.99507,1.87,1.00
2018.05.29 09:57:22.113,0.99498,0.99508,2.25,1.00
2018.05.29 09:57:22.635,0.99497,0.99507,1.50,1.00
2018.05.29 09:57:23.006,0.99499,0.99507,1.50,1.00
2018.05.29 09:57:23.517,0.99498,0.99507,2.62,1.00
2018.05.29 09:57:24.057,0.99498,0.99506,1.87,1.10
2018.05.29 09:57:24.607,0.99498,0.99507,1.69,1.10
2018.05.29 09:57:24.992,0.99499,0.99508,2.06,1.10
2018.05.29 09:57:25.095,0.99499,0.99509,2.81,1.57
2018.05.29 09:57:25.534,0.995,0.99509,1.69,1.10
2018.05.29 09:57:26.062,0.99499,0.99508,2.44,1.57
2018.05.29 09:57:26.434,0.99498,0.99508,1.69,1.95
2018.05.29 09:57:26.985,0.99497,0.99508,2.62,1.95
2018.05.29 09:57:27.492,0.99497,0.99508,2.62,2.32
2018.05.29 09:57:28.435,0.99497,0.99506,1.50,1.00
2018.05.29 09:57:29.257,0.99497,0.99507,2.25,1.00
2018.05.29 09:57:30.146,0.99499,0.9951,1.50,1.95
2018.05.29 09:57:30.199,0.995,0.99509,1.87,1.10
2018.05.29 09:57:30.733,0.99499,0.99508,1.31,1.00
2018.05.29 09:57:31.273,0.99499,0.9951,2.06,1.10
2018.05.29 09:57:31.833,0.99499,0.99509,1.50,1.00
2018.05.29 09:57:32.351,0.99503,0.99509,1.00,1.12
2018.05.29 09:57:32.688,0.99507,0.99518,1.12,2.32
2018.05.29 09:57:33.092,0.99507,0.99518,1.69,1.50
2018.05.29 09:57:33.251,0.99507,0.99518,3.94,1.50
2018.05.29 09:57:33.460,0.99507,0.99519,1.69,3.00
2018.05.29 09:57:33.692,0.99507,0.99519,3.19,3.75
2018.05.29 09:57:34.001,0.99508,0.99519,1.69,1.50
2018.05.29 09:57:34.203,0.99508,0.99518,2.44,1.57
2018.05.29 09:57:34.360,0.99507,0.99516,1.87,1.50
2018.05.29 09:57:34.896,0.99507,0.99517,1.69,1.50
2018.05.29 09:57:35.215,0.99507,0.99516,2.44,1.00
2018.05.29 09:57:35.426,0.99509,0.99517,1.00,1.50
2018.05.29 09:57:35.847,0.99508,0.99517,1.00,1.10
2018.05.29 09:57:36.374,0.99507,0.99518,1.00,1.01
2018.05.29 09:57:38.781,0.99507,0.99518,1.00,1.31
2018.05.29 09:57:39.046,0.99507,0.99515,1.00,1.00
2018.05.29 09:57:39.233,0.99507,0.99517,1.00,1.00
2018.05.29 09:57:39.493,0.99509,0.99518,1.87,1.00
2018.05.29 09:57:39.832,0.99509,0.9952,2.62,1.25
2018.05.29 09:57:39.936,0.99509,0.9952,1.12,1.31
2018.05.29 09:57:40.438,0.99509,0.99518,1.12,1.00
2018.05.29 09:57:40.748,0.99504,0.99516,2.25,1.69
2018.05.29 09:57:40.800,0.99504,0.99515,1.87,1.87
2018.05.29 09:57:41.267,0.99505,0.99513,1.00,1.50
2018.05.29 09:57:41.657,0.99505,0.99516,5.25,1.87
2018.05.29 09:57:41.711,0.99507,0.99516,1.12,1.87
2018.05.29 09:57:44.224,0.99503,0.99512,1.31,1.87
2018.05.29 09:57:44.752,0.99502,0.99511,1.12,1.00
2018.05.29 09:57:45.270,0.99501,0.99511,4.12,1.76
2018.05.29 09:57:45.766,0.99505,0.99511,1.00,1.00
2018.05.29 09:57:45.818,0.99501,0.99511,1.00,1.00
2018.05.29 09:57:45.976,0.99499,0.99509,2.62,1.69
2018.05.29 09:57:46.310,0.99499,0.99507,1.00,1.00
2018.05.29 09:57:46.849,0.99498,0.99507,1.12,1.00
2018.05.29 09:57:47.981,0.99498,0.99508,1.00,2.44
2018.05.29 09:57:48.508,0.99497,0.99507,1.00,1.10
2018.05.29 09:57:49.739,0.99496,0.99506,3.37,1.00
2018.05.29 09:57:50.291,0.99497,0.99506,1.12,1.00
2018.05.29 09:57:50.550,0.99497,0.99508,2.25,1.10
2018.05.29 09:57:51.135,0.99499,0.99509,1.00,1.00
2018.05.29 09:57:51.677,0.995,0.9951,1.00,1.20
2018.05.29 09:57:52.204,0.995,0.9951,2.25,1.20
2018.05.29 09:57:52.734,0.99503,0.99513,4.87,1.95
2018.05.29 09:57:52.839,0.99502,0.99513,3.00,1.95
2018.05.29 09:57:53.293,0.99499,0.9951,2.25,1.00
2018.05.29 09:57:53.618,0.99498,0.99507,2.62,1.00
2018.05.29 09:57:54.134,0.995,0.99508,1.12,1.00
2018.05.29 09:57:54.326,0.99501,0.99511,1.12,1.50
2018.05.29 09:57:54.972,0.995,0.9951,1.00,1.00
2018.05.29 09:57:55.191,0.99502,0.99512,3.07,1.07
2018.05.29 09:57:55.296,0.99501,0.99512,1.87,1.32
2018.05.29 09:57:55.828,0.99506,0.99515,1.00,1.95
2018.05.29 09:57:55.933,0.99506,0.99516,1.00,1.57
2018.05.29 09:57:56.241,0.99503,0.99514,3.07,1.69
2018.05.29 09:57:56.471,0.99501,0.99512,1.87,1.12
2018.05.29 09:57:57.121,0.99504,0.99512,1.00,1.00
2018.05.29 09:57:57.225,0.99506,0.99515,1.87,1.00
2018.05.29 09:57:57.730,0.99506,0.99516,1.12,1.12
2018.05.29 09:57:57.940,0.99505,0.99516,4.50,1.62
2018.05.29 09:57:58.486,0.99504,0.99514,2.62,1.12
2018.05.29 09:57:58.540,0.99504,0.99512,1.50,1.37
2018.05.29 09:57:58.697,0.99502,0.99511,1.12,1.12
2018.05.29 09:57:59.100,0.99505,0.99512,1.00,1.10
2018.05.29 09:57:59.153,0.99502,0.9951,2.25,1.00
2018.05.29 09:57:59.675,0.99502,0.99509,1.00,1.20
2018.05.29 09:57:59.734,0.99505,0.9951,1.00,1.00
2018.05.29 09:57:59.786,0.99502,0.9951,1.12,1.00
2018.05.29 09:57:59.889,0.995,0.9951,1.12,1.00
2018.05.29 09:58:00.411,0.99499,0.99511,4.12,1.39
2018.05.29 09:58:00.998,0.99501,0.99512,1.12,2.14
2018.05.29 09:58:01.520,0.99502,0.99511,1.00,1.00
2018.05.29 09:58:01.712,0.995,0.99511,1.00,2.51
2018.05.29 09:58:02.085,0.99502,0.99512,1.50,1.39
2018.05.29 09:58:02.487,0.99505,0.99513,1.50,1.10
2018.05.29 09:58:02.804,0.99506,0.99517,1.87,1.31
2018.05.29 09:58:03.070,0.99506,0.99517,1.50,1.76
2018.05.29 09:58:03.341,0.99507,0.99517,1.00,1.39
2018.05.29 09:58:03.501,0.99505,0.99515,1.37,1.00
2018.05.29 09:58:03.558,0.99504,0.99515,1.00,1.31
2018.05.29 09:58:03.906,0.99506,0.99517,1.00,1.39
2018.05.29 09:58:05.114,0.99507,0.99518,1.00,2.14
2018.05.29 09:58:05.664,0.99508,0.99518,1.00,1.69
2018.05.29 09:58:05.880,0.99506,0.99517,1.50,2.06
2018.05.29 09:58:05.987,0.99506,0.99517,1.12,1.66
2018.05.29 09:58:06.199,0.99504,0.99517,2.62,2.06
2018.05.29 09:58:06.359,0.99507,0.99518,1.00,2.89
2018.05.29 09:58:06.901,0.99507,0.99518,1.50,1.69
2018.05.29 09:58:07.213,0.99509,0.99519,1.00,1.39
2018.05.29 09:58:07.759,0.99508,0.99519,1.00,1.47
2018.05.29 09:58:08.262,0.99509,0.9952,1.00,2.89
2018.05.29 09:58:08.863,0.9951,0.9952,1.12,1.31
2018.05.29 09:58:08.918,0.99508,0.99519,2.62,1.25
2018.05.29 09:58:09.483,0.99507,0.99518,1.00,1.01
2018.05.29 09:58:10.016,0.99507,0.99518,1.50,1.01
2018.05.29 09:58:10.550,0.99508,0.99518,1.00,1.25
2018.05.29 09:58:11.059,0.99509,0.99519,1.00,1.76
2018.05.29 09:58:11.533,0.9951,0.9952,1.00,2.51
2018.05.29 09:58:11.804,0.99508,0.9952,1.87,2.14
2018.05.29 09:58:12.308,0.99509,0.9952,1.00,2.14
2018.05.29 09:58:12.848,0.99508,0.9952,1.12,2.06
2018.05.29 09:58:13.219,0.99508,0.9952,1.12,2.81
2018.05.29 09:58:13.450,0.99508,0.9952,1.12,2.06
2018.05.29 09:58:13.954,0.99508,0.9952,2.62,2.06
2018.05.29 09:58:16.035,0.99509,0.9952,1.00,2.06
2018.05.29 09:58:16.555,0.99509,0.99521,1.00,1.69
2018.05.29 09:58:17.068,0.99508,0.99521,2.25,1.69
2018.05.29 09:58:17.619,0.99509,0.99521,1.00,2.81
2018.05.29 09:58:18.165,0.99507,0.99519,1.37,3.56
2018.05.29 09:58:18.736,0.99507,0.99519,1.37,3.56
2018.05.29 09:58:18.789,0.99505,0.99517,2.25,2.06
2018.05.29 09:58:19.799,0.99504,0.99516,1.87,1.31
2018.05.29 09:58:20.346,0.99504,0.99516,1.87,1.31
2018.05.29 09:58:20.455,0.99504,0.99515,1.00,2.44
2018.05.29 09:58:20.961,0.99504,0.99515,1.00,1.69
2018.05.29 09:58:21.272,0.99501,0.99512,3.37,1.62
2018.05.29 09:58:21.800,0.99502,0.99512,1.50,1.00
2018.05.29 09:58:23.351,0.99501,0.99511,3.00,1.00
2018.05.29 09:58:24.504,0.99501,0.99511,2.25,1.12
2018.05.29 09:58:25.019,0.99501,0.9951,5.25,1.00
2018.05.29 09:58:25.071,0.99503,0.9951,1.00,1.00
2018.05.29 09:58:25.123,0.99501,0.99511,3.00,1.25
2018.05.29 09:58:25.652,0.99501,0.99511,4.87,1.12
2018.05.29 09:58:25.940,0.99505,0.99513,1.50,1.12
2018.05.29 09:58:25.995,0.99503,0.99513,1.50,1.12
2018.05.29 09:58:26.150,0.99502,0.99511,1.50,1.00
2018.05.29 09:58:26.487,0.99502,0.99511,1.50,1.00
2018.05.29 09:58:26.591,0.995,0.99508,1.00,1.00
2018.05.29 09:58:26.850,0.995,0.9951,1.87,1.00
2018.05.29 09:58:27.654,0.995,0.99508,1.37,1.00
2018.05.29 09:58:28.396,0.99498,0.99508,1.37,1.12
2018.05.29 09:58:28.449,0.99497,0.99505,1.37,1.87
2018.05.29 09:58:28.665,0.99491,0.99501,1.00,1.25
2018.05.29 09:58:28.981,0.99489,0.99498,2.25,1.00
2018.05.29 09:58:29.484,0.99489,0.99498,1.00,2.62
2018.05.29 09:58:29.703,0.99484,0.99495,2.02,1.25
2018.05.29 09:58:30.182,0.99484,0.99493,1.00,1.00
2018.05.29 09:58:30.576,0.99483,0.99491,1.00,1.12
2018.05.29 09:58:31.220,0.99482,0.99488,1.00,1.00
2018.05.29 09:58:31.432,0.99483,0.99492,1.00,1.00
2018.05.29 09:58:31.979,0.99486,0.99494,3.37,1.12
2018.05.29 09:58:32.289,0.99489,0.99497,1.00,1.57
2018.05.29 09:58:32.813,0.99489,0.99498,1.00,1.00
2018.05.29 09:58:33.158,0.99492,0.99499,1.00,1.10
2018.05.29 09:58:33.330,0.99494,0.99502,1.00,1.00
2018.05.29 09:58:33.856,0.99495,0.99503,1.00,1.10
2018.05.29 09:58:34.942,0.99493,0.99503,1.87,1.00
2018.05.29 09:58:35.046,0.99495,0.99503,1.00,1.00
2018.05.29 09:58:35.206,0.99492,0.99503,1.00,3.94
2018.05.29 09:58:35.258,0.9949,0.99496,1.00,1.00
2018.05.29 09:58:35.367,0.99489,0.99499,1.00,1.50
2018.05.29 09:58:35.468,0.9949,0.99495,1.00,1.00
2018.05.29 09:58:35.520,0.99489,0.99498,1.50,1.00
2018.05.29 09:58:35.704,0.99487,0.99497,2.81,1.00
2018.05.29 09:58:35.765,0.99491,0.99497,1.00,1.00
2018.05.29 09:58:36.103,0.99499,0.99504,1.50,1.87
2018.05.29 09:58:36.311,0.99501,0.99509,1.00,1.00
2018.05.29 09:58:36.363,0.99503,0.99509,1.25,1.00
2018.05.29 09:58:36.863,0.99503,0.99511,1.25,1.00
2018.05.29 09:58:37.398,0.99501,0.99511,1.25,1.12
2018.05.29 09:58:37.751,0.99503,0.99508,1.00,1.00
2018.05.29 09:58:38.059,0.99499,0.99512,2.14,3.00
2018.05.29 09:58:38.410,0.99503,0.99512,1.25,2.98
2018.05.29 09:58:38.575,0.99503,0.99509,1.25,1.00
2018.05.29 09:58:38.680,0.99503,0.99512,1.25,1.37
2018.05.29 09:58:38.733,0.99503,0.99512,1.00,1.75
2018.05.29 09:58:38.785,0.99503,0.99511,1.00,1.00
2018.05.29 09:58:39.294,0.99504,0.99512,1.00,1.00
2018.05.29 09:58:39.830,0.99503,0.99513,1.00,1.87
2018.05.29 09:58:40.357,0.99502,0.99513,1.00,3.37
2018.05.29 09:58:40.638,0.99501,0.99511,1.00,1.75
2018.05.29 09:58:41.160,0.995,0.9951,1.25,1.00
2018.05.29 09:58:41.473,0.99502,0.99512,1.00,2.62
2018.05.29 09:58:41.907,0.995,0.99512,1.69,2.06
2018.05.29 09:58:42.013,0.99502,0.99511,1.00,1.50
2018.05.29 09:58:42.357,0.995,0.99508,1.00,1.47
2018.05.29 09:58:42.460,0.99498,0.99508,1.00,1.37
2018.05.29 09:58:42.563,0.99497,0.99508,1.50,1.00
2018.05.29 09:58:42.913,0.995,0.99508,1.00,1.00
2018.05.29 09:58:43.328,0.99498,0.99509,1.00,1.87
2018.05.29 09:58:43.557,0.995,0.9951,1.00,2.25
2018.05.29 09:58:43.871,0.99504,0.99511,1.00,1.00
2018.05.29 09:58:43.924,0.99501,0.99511,2.44,1.00
2018.05.29 09:58:44.102,0.99504,0.99511,1.00,1.00
2018.05.29 09:58:44.633,0.99502,0.99513,1.25,2.62
2018.05.29 09:58:44.737,0.99504,0.99513,1.00,2.62
2018.05.29 09:58:45.187,0.99502,0.99514,1.00,4.50
2018.05.29 09:58:45.240,0.99504,0.99514,1.00,3.37
2018.05.29 09:58:45.347,0.99505,0.99514,1.00,2.25
2018.05.29 09:58:45.452,0.99509,0.99516,1.00,1.12
2018.05.29 09:58:45.800,0.99509,0.9952,1.25,3.37
2018.05.29 09:58:46.057,0.99511,0.9952,1.00,1.87
2018.05.29 09:58:46.239,0.99509,0.99519,1.69,2.25
2018.05.29 09:58:46.291,0.99511,0.99519,1.00,2.62
2018.05.29 09:58:46.447,0.99511,0.99521,1.25,2.25
2018.05.29 09:58:46.553,0.99512,0.99521,1.00,1.00
2018.05.29 09:58:46.801,0.99512,0.99518,1.00,1.00
2018.05.29 09:58:46.957,0.9951,0.99518,1.12,1.00
2018.05.29 09:58:47.440,0.99511,0.9952,1.12,1.12
2018.05.29 09:58:47.924,0.99514,0.99522,1.00,1.50
2018.05.29 09:58:48.028,0.99514,0.99525,1.00,3.07
2018.05.29 09:58:48.575,0.99515,0.99525,1.00,1.25
2018.05.29 09:58:48.638,0.99515,0.99525,1.25,2.25
2018.05.29 09:58:48.691,0.99516,0.99525,1.00,1.00
2018.05.29 09:58:49.141,0.99519,0.99528,1.00,1.87
2018.05.29 09:58:49.675,0.99518,0.99529,1.12,3.37
2018.05.29 09:58:49.985,0.99518,0.99529,1.31,1.12
2018.05.29 09:58:50.039,0.99518,0.99531,1.62,3.26
2018.05.29 09:58:50.622,0.99518,0.9953,1.62,2.25
2018.05.29 09:58:51.162,0.9952,0.9953,1.12,1.37
2018.05.29 09:58:51.679,0.9952,0.99531,1.12,1.87
2018.05.29 09:58:52.106,0.99518,0.99529,1.56,2.62
2018.05.29 09:58:52.415,0.99518,0.99527,1.37,2.62
2018.05.29 09:58:52.946,0.99517,0.99527,1.37,2.62
2018.05.29 09:58:53.054,0.99514,0.99526,1.37,2.06
2018.05.29 09:58:53.585,0.99514,0.99526,1.37,3.19
2018.05.29 09:58:54.184,0.99513,0.99524,1.37,1.37
2018.05.29 09:58:54.701,0.99515,0.99524,1.37,1.12
2018.05.29 09:58:55.203,0.99513,0.99525,1.37,3.37
2018.05.29 09:58:55.257,0.99513,0.99524,1.12,1.56
2018.05.29 09:58:55.547,0.99512,0.99521,1.12,2.44
2018.05.29 09:58:56.158,0.99512,0.99521,1.00,1.50
2018.05.29 09:58:56.214,0.99514,0.99523,1.00,1.37
2018.05.29 09:58:56.728,0.99511,0.99523,2.62,2.44
2018.05.29 09:58:56.781,0.99512,0.99519,1.00,1.00
2018.05.29 09:58:56.991,0.99504,0.99514,1.12,1.69
2018.05.29 09:58:57.371,0.99502,0.99514,2.25,1.31
2018.05.29 09:58:57.680,0.99502,0.99515,5.25,3.19
2018.05.29 09:58:58.180,0.99505,0.99516,1.87,1.69
2018.05.29 09:58:58.234,0.99508,0.99516,1.00,1.25
2018.05.29 09:58:58.391,0.99506,0.99517,1.00,2.25
2018.05.29 09:58:58.694,0.99509,0.99517,1.00,1.00
2018.05.29 09:58:58.800,0.9951,0.99519,1.00,1.31
2018.05.29 09:58:59.322,0.99511,0.99519,1.00,1.00
2018.05.29 09:58:59.643,0.99509,0.99521,1.00,2.06
2018.05.29 09:59:00.067,0.99511,0.99521,1.00,3.19
2018.05.29 09:59:00.612,0.99512,0.99522,1.00,3.19
2018.05.29 09:59:01.154,0.99511,0.99522,1.00,3.56
2018.05.29 09:59:01.621,0.99513,0.99522,1.00,1.12
2018.05.29 09:59:01.862,0.99515,0.99525,1.00,2.25
2018.05.29 09:59:02.273,0.99514,0.99524,1.00,1.62
2018.05.29 09:59:02.850,0.99513,0.99524,1.50,2.25
2018.05.29 09:59:03.189,0.99515,0.99524,1.00,1.75
2018.05.29 09:59:03.293,0.99516,0.99525,1.00,1.50
2018.05.29 09:59:03.345,0.99517,0.99524,1.00,1.37
2018.05.29 09:59:03.398,0.99514,0.99523,1.00,1.00
2018.05.29 09:59:03.785,0.99514,0.99522,1.00,1.50
2018.05.29 09:59:04.324,0.99513,0.99523,1.00,3.19
2018.05.29 09:59:05.783,0.99512,0.99521,1.00,1.25
2018.05.29 09:59:06.882,0.99512,0.99521,1.00,1.19
2018.05.29 09:59:07.412,0.99512,0.99521,1.50,1.25
2018.05.29 09:59:07.878,0.9951,0.9952,1.00,2.06
2018.05.29 09:59:08.193,0.99502,0.99506,3.00,1.00
2018.05.29 09:59:08.248,0.99495,0.99505,1.76,2.62
2018.05.29 09:59:08.303,0.99495,0.99503,1.00,1.50
2018.05.29 09:59:08.848,0.99492,0.99503,1.56,1.50
2018.05.29 09:59:09.171,0.99492,0.99502,1.00,1.31
2018.05.29 09:59:09.435,0.99493,0.99503,1.00,2.44
2018.05.29 09:59:10.338,0.99491,0.99503,1.00,1.69
2018.05.29 09:59:10.494,0.99493,0.99503,1.00,1.19
2018.05.29 09:59:10.698,0.99491,0.99502,1.50,1.69
2018.05.29 09:59:10.857,0.9949,0.99499,1.00,1.00
2018.05.29 09:59:11.214,0.99487,0.99498,1.50,2.25
2018.05.29 09:59:11.732,0.99486,0.99497,1.87,1.62
2018.05.29 09:59:12.033,0.99488,0.99498,1.00,1.69
2018.05.29 09:59:12.548,0.99487,0.99499,4.50,3.37
2018.05.29 09:59:12.876,0.99489,0.99499,1.00,1.00
2018.05.29 09:59:13.441,0.99489,0.995,1.00,2.81
2018.05.29 09:59:13.613,0.99487,0.99498,2.25,1.00
2018.05.29 09:59:13.931,0.99489,0.995,1.00,1.62
2018.05.29 09:59:14.461,0.9949,0.99501,1.00,1.87
2018.05.29 09:59:14.974,0.99491,0.99501,1.00,1.12
2018.05.29 09:59:15.489,0.9949,0.99501,1.00,1.69
2018.05.29 09:59:15.811,0.99489,0.995,1.00,2.62
2018.05.29 09:59:16.019,0.99489,0.99502,1.87,4.87
2018.05.29 09:59:16.126,0.99491,0.99501,1.00,1.25
2018.05.29 09:59:17.143,0.9949,0.99501,1.00,1.25
2018.05.29 09:59:17.516,0.99492,0.99501,1.00,1.25
2018.05.29 09:59:17.672,0.9949,0.99501,1.00,1.69
2018.05.29 09:59:17.724,0.99489,0.99501,1.87,2.06
2018.05.29 09:59:17.882,0.99489,0.99501,2.62,2.44
2018.05.29 09:59:18.300,0.99491,0.99501,1.00,1.00
2018.05.29 09:59:18.803,0.99491,0.99502,1.00,3.19
2018.05.29 09:59:19.225,0.99491,0.99502,1.50,1.69
2018.05.29 09:59:19.575,0.99493,0.99503,1.00,1.69
2018.05.29 09:59:19.930,0.99493,0.99503,1.00,2.81
2018.05.29 09:59:19.982,0.99493,0.99504,1.00,1.69
2018.05.29 09:59:20.136,0.99493,0.99504,1.50,2.81
2018.05.29 09:59:20.293,0.99491,0.99502,1.87,1.87
2018.05.29 09:59:20.815,0.99492,0.99502,1.50,1.87
2018.05.29 09:59:21.326,0.99493,0.99502,1.00,1.50
2018.05.29 09:59:21.919,0.99494,0.99504,1.00,3.19
2018.05.29 09:59:22.421,0.99493,0.99502,1.00,1.00
2018.05.29 09:59:22.952,0.99492,0.99502,1.00,1.00
2018.05.29 09:59:23.471,0.99493,0.99502,1.00,1.00
2018.05.29 09:59:24.525,0.99493,0.99505,1.00,4.12
2018.05.29 09:59:24.889,0.99491,0.99503,1.87,1.69
2018.05.29 09:59:25.182,0.99491,0.99501,1.00,1.00
2018.05.29 09:59:25.503,0.99487,0.99497,1.37,2.44
2018.05.29 09:59:25.558,0.99487,0.99498,1.00,1.95
2018.05.29 09:59:25.752,0.99486,0.99495,1.00,2.44
2018.05.29 09:59:25.908,0.99484,0.99495,1.12,2.62
2018.05.29 09:59:26.645,0.99486,0.99496,1.00,2.32
2018.05.29 09:59:27.152,0.99487,0.99497,1.00,2.25
2018.05.29 09:59:27.720,0.99488,0.99497,1.00,1.87
2018.05.29 09:59:28.016,0.99484,0.99496,1.37,1.37
2018.05.29 09:59:28.173,0.99484,0.99493,1.00,1.12
2018.05.29 09:59:28.693,0.99485,0.99493,1.00,1.37
2018.05.29 09:59:29.158,0.99484,0.99495,1.00,1.87
2018.05.29 09:59:29.648,0.99487,0.99497,1.00,3.37
2018.05.29 09:59:29.920,0.99488,0.99498,1.00,1.00
2018.05.29 09:59:30.458,0.99489,0.99499,1.00,2.81
2018.05.29 09:59:32.377,0.99489,0.99499,1.00,2.44
2018.05.29 09:59:32.787,0.99487,0.99498,1.00,1.69
2018.05.29 09:59:33.099,0.99489,0.99499,1.00,1.37
2018.05.29 09:59:33.756,0.99488,0.995,1.00,3.19
2018.05.29 09:59:34.204,0.9949,0.99499,1.00,1.87
2018.05.29 09:59:34.771,0.99489,0.99498,1.00,1.12
2018.05.29 09:59:35.547,0.99488,0.99499,1.25,2.62
2018.05.29 09:59:36.053,0.99487,0.99498,1.00,1.87
2018.05.29 09:59:36.519,0.99485,0.99495,1.31,1.00
2018.05.29 09:59:36.866,0.99483,0.99495,2.06,2.44
2018.05.29 09:59:37.410,0.99482,0.99491,1.00,1.00
2018.05.29 09:59:37.937,0.99481,0.99491,1.25,1.50
2018.05.29 09:59:38.431,0.99483,0.99492,1.00,1.37
2018.05.29 09:59:38.815,0.99483,0.99493,1.25,1.00
2018.05.29 09:59:39.390,0.99483,0.99494,1.25,3.00
2018.05.29 09:59:40.082,0.99482,0.99493,1.25,1.87
2018.05.29 09:59:40.621,0.99481,0.99491,1.25,1.00
2018.05.29 09:59:42.163,0.99481,0.99491,1.19,1.00
2018.05.29 09:59:43.293,0.99481,0.99491,1.25,1.00
2018.05.29 09:59:43.548,0.99482,0.99493,1.19,2.25
2018.05.29 09:59:43.663,0.9948,0.99491,3.19,1.00
2018.05.29 09:59:44.186,0.99482,0.99492,1.00,1.87
2018.05.29 09:59:44.710,0.99483,0.99494,1.00,2.25
2018.05.29 09:59:45.618,0.99482,0.99492,1.00,1.00
2018.05.29 09:59:45.722,0.99479,0.99491,1.31,1.87
2018.05.29 09:59:46.274,0.99479,0.99491,1.87,2.25
2018.05.29 09:59:46.593,0.99481,0.99491,1.19,1.50
2018.05.29 09:59:47.110,0.99481,0.99491,1.25,2.25
2018.05.29 09:59:47.416,0.99479,0.99489,1.00,2.62
2018.05.29 09:59:47.626,0.99477,0.99489,2.44,2.62
2018.05.29 09:59:47.837,0.99479,0.99488,1.00,1.37
2018.05.29 09:59:48.873,0.99478,0.99488,1.69,1.00
2018.05.29 09:59:49.402,0.99477,0.99489,2.44,1.87
2018.05.29 09:59:49.946,0.99477,0.99489,1.69,2.06
2018.05.29 09:59:50.521,0.99479,0.9949,1.25,2.62
2018.05.29 09:59:50.842,0.99481,0.99491,1.00,2.32
2018.05.29 09:59:51.000,0.99481,0.99493,2.81,1.50
2018.05.29 09:59:51.185,0.99483,0.99493,1.69,1.00
2018.05.29 09:59:51.238,0.99483,0.99494,1.25,3.00
2018.05.29 09:59:51.773,0.99483,0.99494,1.25,1.87
2018.05.29 09:59:51.914,0.99485,0.99494,1.00,1.37
2018.05.29 09:59:52.069,0.99482,0.99494,2.81,1.50
2018.05.29 09:59:52.577,0.99484,0.99494,1.00,1.50
2018.05.29 09:59:52.982,0.99484,0.99492,1.00,1.00
2018.05.29 09:59:53.579,0.99483,0.99492,1.25,1.00
2018.05.29 09:59:53.840,0.99481,0.99492,1.25,2.44
2018.05.29 09:59:54.389,0.99481,0.99492,1.19,2.62
2018.05.29 09:59:54.924,0.99481,0.99492,1.25,2.62
2018.05.29 09:59:55.080,0.99481,0.99492,1.69,2.62
2018.05.29 09:59:55.394,0.99487,0.99498,1.12,4.57
2018.05.29 09:59:55.548,0.99486,0.99495,1.00,2.25
2018.05.29 09:59:56.093,0.99485,0.99494,1.00,1.50
2018.05.29 09:59:57.072,0.99486,0.99495,1.00,2.62
2018.05.29 09:59:57.427,0.99489,0.99497,1.25,1.00
2018.05.29 09:59:57.485,0.99489,0.995,1.25,1.87
2018.05.29 09:59:57.588,0.99491,0.99501,1.00,2.62
2018.05.29 09:59:57.744,0.99492,0.99502,1.50,1.12
2018.05.29 09:59:57.974,0.99496,0.99504,1.00,1.87
2018.05.29 09:59:58.025,0.99494,0.99504,1.00,1.37
2018.05.29 09:59:58.179,0.99494,0.99504,1.25,1.00
2018.05.29 09:59:58.231,0.99496,0.99504,1.00,1.00
2018.05.29 09:59:58.753,0.99496,0.99504,1.00,1.37
2018.05.29 09:59:58.969,0.99497,0.99506,1.00,2.62
2018.05.29 09:59:59.024,0.99499,0.99507,1.00,1.75
2018.05.29 09:59:59.543,0.99499,0.99508,1.00,1.87
