2012.07.25 05:00:08.366,0.99441,0.99445,2.25,0.50
2012.07.25 05:00:10.234,0.9944,0.99445,2.03,0.50
2012.07.25 05:00:33.843,0.99441,0.99445,1.50,0.50
2012.07.25 05:00:34.388,0.9944,0.99445,3.98,0.50
2012.07.25 05:00:36.564,0.9944,0.99445,4.73,0.50
2012.07.25 05:00:36.879,0.99444,0.99445,2.25,0.50
2012.07.25 05:00:36.946,0.99447,0.9945,1.28,0.50
2012.07.25 05:00:37.534,0.99447,0.9945,2.78,0.50
2012.07.25 05:00:38.068,0.99447,0.9945,2.03,0.50
2012.07.25 05:00:39.465,0.99447,0.9945,2.40,0.50
2012.07.25 05:00:39.777,0.99445,0.9945,1.50,0.50
2012.07.25 05:00:40.399,0.99443,0.9945,1.50,0.50
2012.07.25 05:00:43.893,0.99444,0.9945,1.50,0.50
2012.07.25 05:00:45.806,0.99445,0.9945,2.63,0.50
2012.07.25 05:00:49.225,0.99446,0.9945,1.50,0.50
2012.07.25 05:00:52.026,0.99445,0.9945,4.13,0.50
2012.07.25 05:00:53.874,0.99446,0.9945,1.50,0.50
2012.07.25 05:00:55.508,0.99445,0.9945,4.13,0.50
2012.07.25 05:01:09.806,0.99446,0.9945,1.13,0.50
2012.07.25 05:01:46.614,0.99442,0.9945,2.25,0.50
2012.07.25 05:01:46.682,0.99442,0.9945,1.50,0.50
2012.07.25 05:01:47.240,0.99439,0.9945,4.28,0.50
2012.07.25 05:01:47.741,0.99439,0.9945,3.53,0.50
2012.07.25 05:01:52.023,0.99439,0.9945,2.03,0.50
2012.07.25 05:01:54.885,0.99438,0.9945,4.05,0.50
2012.07.25 05:01:55.689,0.99438,0.9945,3.90,0.50
2012.07.25 05:02:01.067,0.99438,0.9945,3.15,0.50
2012.07.25 05:02:08.882,0.99438,0.9945,4.05,0.50
2012.07.25 05:02:13.099,0.9944,0.9945,2.63,0.50
2012.07.25 05:02:13.290,0.99443,0.9945,2.25,0.50
2012.07.25 05:02:16.270,0.99442,0.9945,2.63,0.50
2012.07.25 05:02:18.643,0.99441,0.9945,1.50,0.50
2012.07.25 05:02:20.715,0.99441,0.9945,1.50,0.50
2012.07.25 05:02:28.426,0.99438,0.9945,4.05,0.50
2012.07.25 05:02:29.398,0.99438,0.9945,1.80,0.50
2012.07.25 05:02:40.959,0.9944,0.9945,1.65,0.50
2012.07.25 05:02:48.847,0.99439,0.9945,1.65,0.50
2012.07.25 05:02:55.829,0.99439,0.9945,1.65,0.50
2012.07.25 05:02:56.856,0.99441,0.9945,1.50,0.50
2012.07.25 05:03:00.175,0.99443,0.9945,1.50,0.50
2012.07.25 05:03:00.721,0.99442,0.9945,3.00,0.50
2012.07.25 05:03:21.025,0.99441,0.9945,1.50,0.50
2012.07.25 05:03:22.513,0.99441,0.9945,1.50,0.50
2012.07.25 05:03:35.046,0.99443,0.9945,1.50,0.50
2012.07.25 05:03:35.111,0.99445,0.9945,1.13,0.50
2012.07.25 05:03:36.942,0.99443,0.9945,1.50,0.50
2012.07.25 05:03:37.572,0.99442,0.9945,2.25,0.50
2012.07.25 05:03:38.254,0.99442,0.9945,2.63,0.50
2012.07.25 05:03:38.758,0.99445,0.9945,1.88,0.50
2012.07.25 05:03:40.453,0.99442,0.9945,3.00,0.50
2012.07.25 05:03:42.516,0.99446,0.9945,1.13,0.50
2012.07.25 05:03:43.314,0.99442,0.9945,2.25,0.50
2012.07.25 05:03:45.581,0.99444,0.9945,1.13,0.50
2012.07.25 05:03:45.893,0.99448,0.9945,1.13,0.50
2012.07.25 05:03:46.600,0.99447,0.9945,1.50,0.50
2012.07.25 05:03:47.331,0.99445,0.9945,1.59,0.50
2012.07.25 05:03:51.669,0.99445,0.9945,1.50,0.50
2012.07.25 05:04:12.492,0.99445,0.9945,2.25,0.50
2012.07.25 05:04:13.049,0.99444,0.9945,3.00,0.50
2012.07.25 05:04:35.447,0.99447,0.9945,1.13,0.50
2012.07.25 05:04:35.757,0.99447,0.9945,1.50,0.50
2012.07.25 05:04:35.887,0.99447,0.99459,2.48,1.50
2012.07.25 05:04:36.435,0.99447,0.99459,2.63,1.50
2012.07.25 05:04:36.971,0.99447,0.9946,2.63,1.50
2012.07.25 05:04:37.489,0.99447,0.99459,2.63,1.50
2012.07.25 05:04:39.482,0.99448,0.99462,1.13,1.50
2012.07.25 05:04:39.605,0.99448,0.9946,1.13,1.50
2012.07.25 05:04:40.147,0.9945,0.9946,1.50,1.50
2012.07.25 05:04:40.275,0.99452,0.99465,1.50,1.88
2012.07.25 05:04:40.587,0.99453,0.99465,1.50,1.88
2012.07.25 05:04:41.016,0.9945,0.99461,3.00,1.50
2012.07.25 05:04:41.141,0.9945,0.99463,2.25,1.50
2012.07.25 05:04:41.268,0.9945,0.99461,2.25,1.50
2012.07.25 05:04:41.334,0.9945,0.99463,1.50,3.00
2012.07.25 05:04:41.582,0.9945,0.99461,1.50,1.50
2012.07.25 05:04:42.065,0.9945,0.99463,1.50,3.00
2012.07.25 05:04:42.191,0.9945,0.99461,1.50,1.50
2012.07.25 05:04:43.540,0.9945,0.99462,1.50,1.50
2012.07.25 05:04:44.064,0.9945,0.99463,1.50,1.50
2012.07.25 05:04:44.596,0.9945,0.99463,1.50,1.50
2012.07.25 05:04:45.117,0.9945,0.99462,1.50,1.50
2012.07.25 05:04:45.652,0.9945,0.99462,1.50,1.50
2012.07.25 05:04:48.370,0.9945,0.99462,1.50,1.50
2012.07.25 05:04:49.621,0.9945,0.99461,1.50,1.50
2012.07.25 05:04:49.988,0.99451,0.99464,1.50,1.50
2012.07.25 05:04:50.657,0.99451,0.99463,1.50,1.50
2012.07.25 05:04:50.843,0.99451,0.99461,1.50,1.50
2012.07.25 05:04:50.970,0.99451,0.99463,1.50,1.50
2012.07.25 05:04:56.536,0.99451,0.99464,1.50,1.50
2012.07.25 05:04:57.082,0.99451,0.99463,1.50,1.50
2012.07.25 05:04:58.282,0.99451,0.99465,1.50,1.88
2012.07.25 05:04:58.793,0.99451,0.99464,1.50,1.50
2012.07.25 05:04:59.164,0.99453,0.99464,1.50,1.50
2012.07.25 05:04:59.230,0.99453,0.99466,1.50,3.00
2012.07.25 05:05:00.024,0.99454,0.99467,1.50,1.50
2012.07.25 05:05:00.589,0.99454,0.99468,1.50,1.88
2012.07.25 05:05:01.110,0.99454,0.99466,1.50,1.50
2012.07.25 05:05:01.498,0.99454,0.99468,1.50,1.50
2012.07.25 05:05:02.050,0.99456,0.99469,1.13,1.50
2012.07.25 05:05:02.360,0.99457,0.99471,1.50,1.50
2012.07.25 05:05:03.083,0.99457,0.99471,1.50,1.50
2012.07.25 05:05:03.210,0.99457,0.99468,1.50,1.50
2012.07.25 05:05:03.767,0.99455,0.99469,1.50,1.50
2012.07.25 05:05:04.529,0.99455,0.99468,1.50,1.50
2012.07.25 05:05:04.841,0.99454,0.99465,1.50,1.50
2012.07.25 05:05:04.909,0.99454,0.99465,1.50,1.50
2012.07.25 05:05:05.333,0.99452,0.99465,1.50,1.50
2012.07.25 05:05:05.755,0.99452,0.99463,1.50,1.50
2012.07.25 05:05:05.881,0.9945,0.99465,3.38,3.75
2012.07.25 05:05:06.425,0.9945,0.99464,3.38,1.50
2012.07.25 05:05:07.155,0.99451,0.99465,3.30,2.25
2012.07.25 05:05:07.698,0.99451,0.99463,1.88,1.50
2012.07.25 05:05:08.233,0.99451,0.99464,1.88,1.50
2012.07.25 05:05:13.168,0.99451,0.99465,1.88,2.25
2012.07.25 05:05:13.830,0.99451,0.99466,2.63,1.50
2012.07.25 05:05:14.372,0.99452,0.99468,1.50,2.63
2012.07.25 05:05:14.914,0.99452,0.99467,1.50,1.50
2012.07.25 05:05:15.921,0.99455,0.99467,1.13,1.50
2012.07.25 05:05:18.840,0.99453,0.99467,3.38,1.50
2012.07.25 05:05:20.523,0.99452,0.99466,1.50,1.50
2012.07.25 05:05:20.827,0.9945,0.99465,3.00,1.50
2012.07.25 05:05:21.310,0.9945,0.99467,3.00,2.25
2012.07.25 05:05:21.959,0.9945,0.99467,3.00,2.63
2012.07.25 05:05:22.859,0.9945,0.99465,3.00,1.50
2012.07.25 05:05:23.521,0.9945,0.99465,3.00,1.50
2012.07.25 05:05:25.554,0.99451,0.99466,1.50,1.88
2012.07.25 05:05:25.918,0.9945,0.99463,2.25,1.50
2012.07.25 05:05:26.169,0.99448,0.99461,2.03,1.50
2012.07.25 05:05:26.716,0.99448,0.99462,1.88,3.75
2012.07.25 05:05:27.237,0.99448,0.99463,2.03,4.50
2012.07.25 05:05:27.482,0.99448,0.99461,2.03,1.50
2012.07.25 05:05:28.026,0.99448,0.99462,1.88,1.50
2012.07.25 05:05:32.933,0.99448,0.9946,2.63,1.50
2012.07.25 05:05:33.478,0.99448,0.99462,1.88,5.25
2012.07.25 05:05:34.666,0.99448,0.99461,1.88,1.50
2012.07.25 05:05:35.181,0.99446,0.9946,1.20,1.50
2012.07.25 05:05:35.740,0.99445,0.9946,3.45,1.50
2012.07.25 05:05:41.178,0.99445,0.99462,3.38,4.50
2012.07.25 05:05:41.302,0.99446,0.9946,1.50,1.50
2012.07.25 05:05:42.470,0.99446,0.99461,1.50,1.50
2012.07.25 05:05:43.011,0.99446,0.99463,2.25,2.63
2012.07.25 05:05:43.567,0.99446,0.99461,2.25,1.50
2012.07.25 05:05:44.432,0.99447,0.99462,1.50,2.25
2012.07.25 05:05:48.725,0.99446,0.99462,1.50,2.25
2012.07.25 05:05:52.194,0.99446,0.99462,5.63,2.25
2012.07.25 05:06:03.104,0.99447,0.99462,3.00,1.50
2012.07.25 05:06:03.644,0.99447,0.99464,3.00,1.88
2012.07.25 05:06:03.951,0.9945,0.99465,1.13,3.75
2012.07.25 05:06:04.499,0.9945,0.99464,1.13,1.50
2012.07.25 05:06:05.195,0.9945,0.99465,1.13,2.25
2012.07.25 05:06:06.915,0.99449,0.99465,1.50,2.25
2012.07.25 05:06:07.462,0.99449,0.99465,3.00,2.25
2012.07.25 05:06:07.968,0.99449,0.99466,1.50,4.88
2012.07.25 05:06:08.943,0.99449,0.99466,2.25,4.88
2012.07.25 05:06:09.460,0.99449,0.99466,2.25,4.88
2012.07.25 05:06:10.001,0.99448,0.99464,4.50,2.25
2012.07.25 05:06:11.740,0.9945,0.99466,1.50,4.13
2012.07.25 05:06:11.805,0.99451,0.99466,1.50,2.63
2012.07.25 05:06:12.052,0.99448,0.99466,3.00,3.38
2012.07.25 05:06:12.294,0.99448,0.99465,3.00,1.13
2012.07.25 05:06:12.830,0.99448,0.99465,3.00,1.13
2012.07.25 05:06:13.463,0.99449,0.99465,1.13,1.13
2012.07.25 05:06:26.869,0.99449,0.99466,5.63,1.13
2012.07.25 05:06:27.418,0.99452,0.99467,1.50,2.25
2012.07.25 05:06:27.727,0.99453,0.99468,2.25,1.50
2012.07.25 05:06:28.041,0.99456,0.99469,1.50,2.25
2012.07.25 05:06:28.594,0.99456,0.99471,1.73,1.50
2012.07.25 05:06:29.352,0.99455,0.9947,3.79,1.50
2012.07.25 05:06:29.887,0.99455,0.99471,5.21,1.50
2012.07.25 05:06:30.512,0.99455,0.99471,2.59,1.50
2012.07.25 05:06:31.118,0.99455,0.9947,1.50,1.50
2012.07.25 05:06:31.842,0.99456,0.99471,1.50,3.38
2012.07.25 05:06:32.270,0.99457,0.99471,1.88,1.88
2012.07.25 05:06:32.816,0.99457,0.99471,1.88,1.50
2012.07.25 05:06:33.181,0.99454,0.99471,4.13,1.88
2012.07.25 05:06:35.674,0.99454,0.9947,2.63,1.50
2012.07.25 05:06:35.864,0.99453,0.99468,2.25,1.50
2012.07.25 05:06:35.931,0.99452,0.99468,3.38,1.50
2012.07.25 05:06:36.118,0.99452,0.99466,1.50,1.50
2012.07.25 05:06:36.364,0.99452,0.99466,1.50,1.50
2012.07.25 05:06:40.717,0.99452,0.99467,1.50,1.88
2012.07.25 05:06:48.912,0.99453,0.99468,1.50,2.63
2012.07.25 05:06:50.906,0.99453,0.99468,1.50,1.88
2012.07.25 05:06:52.918,0.99452,0.99467,2.25,1.88
2012.07.25 05:06:53.285,0.99452,0.99465,2.25,1.50
2012.07.25 05:06:53.410,0.99452,0.99467,1.50,1.88
2012.07.25 05:06:53.956,0.99452,0.99466,1.50,1.50
2012.07.25 05:06:55.197,0.99452,0.99467,1.50,1.88
2012.07.25 05:07:01.497,0.99452,0.99465,1.50,1.50
2012.07.25 05:07:03.639,0.99452,0.99466,1.50,1.50
2012.07.25 05:07:05.681,0.99452,0.99467,1.50,1.88
2012.07.25 05:07:06.331,0.99451,0.99466,1.50,1.50
2012.07.25 05:07:08.091,0.99451,0.99467,3.75,1.88
2012.07.25 05:07:08.607,0.99451,0.99466,2.25,1.50
2012.07.25 05:07:09.245,0.99451,0.99465,2.25,1.50
2012.07.25 05:07:10.133,0.99451,0.99467,2.25,1.88
2012.07.25 05:07:11.052,0.99451,0.99466,1.50,1.50
2012.07.25 05:07:11.811,0.99451,0.99467,3.75,1.88
2012.07.25 05:07:12.466,0.99452,0.99465,1.50,1.50
2012.07.25 05:07:13.003,0.99452,0.99466,1.50,1.50
2012.07.25 05:07:20.317,0.99452,0.99468,1.50,1.88
2012.07.25 05:07:20.619,0.99451,0.99468,2.25,1.88
2012.07.25 05:07:21.146,0.99451,0.99467,3.75,1.50
2012.07.25 05:07:26.321,0.99453,0.9947,3.38,3.75
2012.07.25 05:07:26.686,0.99453,0.99469,1.50,2.25
2012.07.25 05:07:28.445,0.99454,0.99469,1.50,2.63
2012.07.25 05:07:28.758,0.99456,0.99472,1.88,3.53
2012.07.25 05:07:38.434,0.99456,0.99472,3.38,1.80
2012.07.25 05:07:40.493,0.99456,0.99472,3.90,2.25
2012.07.25 05:07:40.796,0.99457,0.99473,1.50,2.25
2012.07.25 05:07:41.384,0.99458,0.99473,1.88,2.63
2012.07.25 05:07:42.044,0.99458,0.99473,1.88,3.00
2012.07.25 05:07:42.553,0.99458,0.99473,1.88,1.88
2012.07.25 05:07:43.941,0.99458,0.99472,1.88,1.50
2012.07.25 05:07:44.244,0.99454,0.9947,3.75,2.63
2012.07.25 05:07:44.794,0.99455,0.99472,2.25,5.63
2012.07.25 05:07:46.770,0.99457,0.99471,2.63,1.50
2012.07.25 05:07:47.866,0.99456,0.99471,1.50,2.63
2012.07.25 05:07:49.351,0.99456,0.99471,1.50,2.63
2012.07.25 05:07:49.660,0.99454,0.99469,1.50,2.25
2012.07.25 05:07:49.726,0.99454,0.99469,1.50,2.25
2012.07.25 05:07:50.504,0.99454,0.99469,1.50,2.63
2012.07.25 05:07:56.775,0.99455,0.99469,1.50,1.13
2012.07.25 05:08:08.608,0.99455,0.9947,2.25,2.25
2012.07.25 05:08:09.108,0.99458,0.99471,1.88,1.50
2012.07.25 05:08:09.649,0.99457,0.99471,2.25,1.50
2012.07.25 05:08:10.195,0.99457,0.9947,2.25,1.50
2012.07.25 05:08:10.736,0.99457,0.99471,2.25,1.50
2012.07.25 05:08:19.420,0.99458,0.99471,1.50,1.50
2012.07.25 05:08:19.950,0.99457,0.99471,2.25,1.50
2012.07.25 05:08:20.465,0.99457,0.9947,2.25,1.50
2012.07.25 05:08:21.004,0.99457,0.99471,2.25,1.50
2012.07.25 05:08:23.245,0.99457,0.99471,2.25,1.50
2012.07.25 05:08:26.025,0.99457,0.99473,3.75,4.13
2012.07.25 05:08:31.006,0.99457,0.99473,3.75,2.25
2012.07.25 05:08:52.807,0.99457,0.99471,4.88,1.50
2012.07.25 05:08:54.081,0.99457,0.9947,1.88,1.50
2012.07.25 05:08:54.204,0.99458,0.99472,1.50,2.25
2012.07.25 05:08:54.269,0.99458,0.9947,1.50,1.50
2012.07.25 05:08:54.927,0.99458,0.99472,1.50,2.25
2012.07.25 05:08:56.218,0.99457,0.99471,1.88,1.50
2012.07.25 05:08:57.214,0.99458,0.9947,1.50,1.50
2012.07.25 05:08:57.720,0.99457,0.99471,4.13,1.50
2012.07.25 05:08:58.303,0.99458,0.99472,1.50,2.25
2012.07.25 05:09:03.082,0.99458,0.9947,1.50,1.50
2012.07.25 05:09:03.204,0.99458,0.99472,1.50,2.25
2012.07.25 05:09:03.878,0.99458,0.99471,1.50,1.50
2012.07.25 05:09:04.763,0.99458,0.99472,1.50,2.25
2012.07.25 05:09:05.305,0.99458,0.99471,1.50,1.50
2012.07.25 05:09:08.832,0.99458,0.9947,1.50,1.50
2012.07.25 05:09:09.444,0.99458,0.99471,1.50,1.50
2012.07.25 05:09:22.536,0.99459,0.99472,1.50,1.50
2012.07.25 05:09:22.604,0.99459,0.99472,3.38,1.50
2012.07.25 05:09:22.669,0.9946,0.99474,2.63,3.75
2012.07.25 05:09:28.274,0.99463,0.99474,1.88,2.25
2012.07.25 05:09:28.586,0.99467,0.99476,1.13,1.88
2012.07.25 05:09:28.969,0.99464,0.99478,1.50,2.40
2012.07.25 05:09:29.219,0.99463,0.99476,1.88,2.25
2012.07.25 05:09:29.651,0.99461,0.99474,3.75,1.50
2012.07.25 05:09:30.283,0.9946,0.99474,1.50,1.50
2012.07.25 05:09:30.818,0.99461,0.99475,1.50,2.25
2012.07.25 05:09:32.684,0.99461,0.99473,1.50,1.50
2012.07.25 05:09:32.926,0.99461,0.99475,1.50,2.25
2012.07.25 05:09:34.553,0.99459,0.99474,3.38,1.50
2012.07.25 05:09:37.213,0.99459,0.99474,2.25,1.50
2012.07.25 05:09:37.519,0.99458,0.99474,4.13,2.25
2012.07.25 05:09:38.184,0.99458,0.99471,2.63,1.50
2012.07.25 05:09:49.796,0.99458,0.99473,3.00,2.25
2012.07.25 05:09:49.862,0.99458,0.99473,3.00,2.25
2012.07.25 05:09:52.672,0.9946,0.99474,1.50,1.50
2012.07.25 05:09:53.571,0.9946,0.99474,4.13,1.50
2012.07.25 05:09:53.881,0.99463,0.99475,2.25,1.50
2012.07.25 05:09:54.008,0.99463,0.99477,2.25,2.25
2012.07.25 05:09:54.554,0.99463,0.99477,2.25,2.25
2012.07.25 05:09:55.100,0.99462,0.99476,2.63,2.25
2012.07.25 05:09:55.227,0.99462,0.99474,1.50,1.50
2012.07.25 05:09:55.778,0.99462,0.99473,1.50,1.50
2012.07.25 05:09:57.621,0.99461,0.99475,1.88,1.50
2012.07.25 05:09:58.890,0.99461,0.99475,2.63,2.25
2012.07.25 05:09:59.821,0.99461,0.99473,1.50,1.50
2012.07.25 05:10:00.420,0.99461,0.99474,1.50,1.50
2012.07.25 05:10:07.283,0.99461,0.99474,2.63,1.50
2012.07.25 05:10:07.826,0.99461,0.99475,4.88,2.25
2012.07.25 05:10:10.409,0.99461,0.99475,3.00,2.25
2012.07.25 05:10:10.539,0.99459,0.99473,3.75,1.80
2012.07.25 05:10:10.730,0.99457,0.9947,3.38,1.50
2012.07.25 05:10:11.160,0.99457,0.99468,1.13,1.50
2012.07.25 05:10:11.406,0.99457,0.9947,1.13,3.00
2012.07.25 05:10:27.505,0.99457,0.99471,3.38,3.00
2012.07.25 05:10:28.050,0.99457,0.99471,1.88,1.50
2012.07.25 05:10:29.825,0.99457,0.99473,3.38,2.25
2012.07.25 05:10:29.951,0.99458,0.99473,2.25,2.25
2012.07.25 05:10:30.511,0.9946,0.99474,3.00,2.63
2012.07.25 05:10:31.069,0.99461,0.99474,1.50,1.50
2012.07.25 05:10:39.852,0.9946,0.99474,3.75,2.25
2012.07.25 05:10:40.391,0.99462,0.99475,1.13,2.25
2012.07.25 05:10:48.085,0.99462,0.99475,1.13,2.25
2012.07.25 05:10:48.766,0.99462,0.99475,1.13,2.25
2012.07.25 05:10:52.610,0.99462,0.99476,1.13,1.50
2012.07.25 05:10:52.736,0.99462,0.99476,2.25,1.50
2012.07.25 05:10:58.193,0.99461,0.99476,1.50,2.25
2012.07.25 05:11:08.958,0.99461,0.99475,3.75,2.25
2012.07.25 05:11:26.169,0.99461,0.99474,1.50,3.00
2012.07.25 05:11:26.477,0.9946,0.99472,1.13,1.50
2012.07.25 05:11:26.844,0.99458,0.99471,2.63,1.50
2012.07.25 05:11:27.367,0.99456,0.99472,4.88,3.38
2012.07.25 05:11:28.094,0.99457,0.99472,3.00,1.88
2012.07.25 05:11:28.627,0.99457,0.99472,2.25,2.63
2012.07.25 05:11:30.536,0.99459,0.99472,1.50,1.13
2012.07.25 05:11:30.836,0.9946,0.99475,3.38,3.75
2012.07.25 05:11:31.377,0.99461,0.99476,1.50,2.25
2012.07.25 05:11:34.323,0.99463,0.99477,1.50,4.65
2012.07.25 05:11:34.450,0.99466,0.99476,1.88,1.50
2012.07.25 05:11:34.935,0.99466,0.9948,1.88,4.80
2012.07.25 05:11:35.861,0.99466,0.99481,1.50,2.55
2012.07.25 05:11:46.275,0.99466,0.9948,3.00,1.65
2012.07.25 05:11:46.854,0.99467,0.99481,1.50,1.80
2012.07.25 05:11:47.790,0.99467,0.99481,1.50,1.80
2012.07.25 05:11:49.597,0.99467,0.99481,2.25,1.80
2012.07.25 05:11:49.843,0.99468,0.99482,4.88,3.75
2012.07.25 05:11:50.786,0.99468,0.99481,2.63,1.50
2012.07.25 05:11:51.444,0.99468,0.99482,4.13,3.75
2012.07.25 05:11:53.240,0.99468,0.99482,4.88,3.75
2012.07.25 05:11:57.624,0.99468,0.99481,3.38,1.50
2012.07.25 05:11:58.170,0.99466,0.99481,1.50,3.00
2012.07.25 05:11:58.830,0.99466,0.99481,1.50,3.75
2012.07.25 05:12:08.830,0.99466,0.99481,1.50,3.00
2012.07.25 05:12:10.250,0.99468,0.99482,1.50,3.00
2012.07.25 05:12:17.352,0.99468,0.99484,2.25,3.00
2012.07.25 05:12:17.597,0.9947,0.99484,1.50,3.00
2012.07.25 05:12:18.140,0.99469,0.99484,1.88,1.50
2012.07.25 05:12:19.275,0.9947,0.99484,1.50,1.50
2012.07.25 05:12:21.071,0.99469,0.99483,4.13,1.50
2012.07.25 05:12:22.482,0.99469,0.99485,3.00,3.75
2012.07.25 05:12:22.548,0.99469,0.99485,3.00,3.75
2012.07.25 05:12:23.282,0.99472,0.99485,1.50,2.25
2012.07.25 05:12:25.940,0.99472,0.99486,3.00,1.50
2012.07.25 05:12:26.485,0.99472,0.99488,3.00,4.13
2012.07.25 05:12:26.989,0.99472,0.99488,4.88,2.25
2012.07.25 05:12:30.557,0.99473,0.99488,1.50,2.25
2012.07.25 05:12:33.081,0.99475,0.99489,1.50,2.25
2012.07.25 05:12:34.091,0.99474,0.9949,4.13,4.25
2012.07.25 05:12:34.395,0.99475,0.9949,1.50,3.50
2012.07.25 05:12:34.940,0.99474,0.99489,1.50,1.50
2012.07.25 05:12:35.541,0.99476,0.99489,1.50,1.50
2012.07.25 05:12:36.085,0.99475,0.9949,2.25,0.50
2012.07.25 05:12:40.450,0.99473,0.99489,6.38,1.50
2012.07.25 05:12:40.951,0.99474,0.9949,2.25,2.50
2012.07.25 05:12:43.038,0.99474,0.99488,2.25,1.50
2012.07.25 05:12:43.584,0.99473,0.99487,1.50,1.50
2012.07.25 05:12:43.653,0.99473,0.99487,1.50,1.50
2012.07.25 05:12:43.719,0.99471,0.99485,3.75,1.50
2012.07.25 05:12:43.844,0.99471,0.99485,3.75,1.50
2012.07.25 05:12:44.678,0.99471,0.99487,3.75,1.50
2012.07.25 05:12:45.220,0.99472,0.99486,2.25,1.50
2012.07.25 05:12:47.684,0.99471,0.99485,3.75,1.50
2012.07.25 05:12:48.343,0.99472,0.99486,2.25,1.50
2012.07.25 05:12:49.178,0.99472,0.99486,2.25,1.50
2012.07.25 05:12:49.723,0.99473,0.99487,2.25,1.50
2012.07.25 05:12:50.262,0.99472,0.99486,2.25,1.50
2012.07.25 05:12:52.477,0.99471,0.99487,5.25,1.50
2012.07.25 05:12:53.023,0.99472,0.99488,3.00,2.25
2012.07.25 05:12:53.533,0.99472,0.99487,1.50,1.50
2012.07.25 05:12:55.097,0.99471,0.99486,1.50,1.50
2012.07.25 05:12:58.211,0.99473,0.99487,2.25,1.50
2012.07.25 05:12:59.311,0.99472,0.99486,2.25,1.50
2012.07.25 05:13:01.838,0.99471,0.99485,1.50,1.50
2012.07.25 05:13:02.084,0.9947,0.99483,1.88,1.50
2012.07.25 05:13:02.513,0.99469,0.99485,2.25,1.50
2012.07.25 05:13:03.689,0.99472,0.99486,1.50,1.50
2012.07.25 05:13:04.234,0.99472,0.99486,2.25,1.50
2012.07.25 05:13:04.832,0.9947,0.99486,3.00,1.50
2012.07.25 05:13:06.562,0.99471,0.99485,3.00,1.50
2012.07.25 05:13:06.687,0.99472,0.99488,2.25,4.13
2012.07.25 05:13:07.249,0.99471,0.99486,1.50,1.50
2012.07.25 05:13:10.880,0.99471,0.99485,1.50,1.50
2012.07.25 05:13:14.600,0.99471,0.99485,2.25,1.50
2012.07.25 05:13:15.112,0.99471,0.99484,1.50,1.50
2012.07.25 05:13:15.237,0.99471,0.99487,3.00,2.25
2012.07.25 05:13:15.362,0.99472,0.99487,1.50,2.25
2012.07.25 05:13:16.017,0.99473,0.99486,1.50,1.50
2012.07.25 05:13:22.363,0.99472,0.99484,1.50,1.50
2012.07.25 05:13:22.549,0.99471,0.99486,1.88,1.50
2012.07.25 05:13:25.432,0.99471,0.99486,1.50,1.50
2012.07.25 05:13:25.972,0.99473,0.99487,3.00,1.50
2012.07.25 05:13:26.636,0.99474,0.99487,1.50,1.50
2012.07.25 05:13:32.711,0.99474,0.99488,2.25,2.25
2012.07.25 05:13:33.247,0.99474,0.99489,2.63,1.50
2012.07.25 05:13:34.872,0.99474,0.9949,4.13,3.50
2012.07.25 05:13:37.004,0.99475,0.99489,1.50,1.50
2012.07.25 05:13:43.663,0.99473,0.99488,2.25,2.25
2012.07.25 05:13:43.729,0.99472,0.99486,1.13,1.50
2012.07.25 05:13:43.852,0.99472,0.99486,1.13,1.50
2012.07.25 05:13:44.396,0.99472,0.99487,1.50,1.50
2012.07.25 05:13:44.817,0.99473,0.99487,2.25,1.50
2012.07.25 05:13:45.364,0.99475,0.99489,2.25,2.25
2012.07.25 05:13:45.976,0.99475,0.9949,1.50,2.50
2012.07.25 05:13:47.883,0.99475,0.9949,1.50,2.50
2012.07.25 05:13:48.452,0.99475,0.9949,1.50,2.50
2012.07.25 05:13:48.766,0.99479,0.9949,2.25,0.50
2012.07.25 05:13:49.073,0.99481,0.9949,2.25,0.50
2012.07.25 05:13:49.576,0.99485,0.9949,1.88,0.50
2012.07.25 05:13:50.781,0.99486,0.9949,2.25,0.50
2012.07.25 05:13:51.326,0.99485,0.9949,2.25,0.50
2012.07.25 05:13:51.836,0.99483,0.9949,3.00,0.50
2012.07.25 05:13:52.390,0.99484,0.9949,2.25,0.50
2012.07.25 05:13:59.122,0.99481,0.9949,1.50,0.50
2012.07.25 05:14:00.006,0.99482,0.9949,4.13,0.50
2012.07.25 05:14:00.073,0.99483,0.9949,3.38,0.50
2012.07.25 05:14:00.619,0.99485,0.9949,2.25,0.50
2012.07.25 05:14:01.222,0.99484,0.9949,1.88,0.50
2012.07.25 05:14:01.471,0.99482,0.9949,4.13,0.50
2012.07.25 05:14:02.017,0.99481,0.9949,4.13,0.50
2012.07.25 05:14:03.522,0.99481,0.9949,3.38,0.50
2012.07.25 05:14:04.039,0.99481,0.9949,3.38,0.50
2012.07.25 05:14:04.287,0.99482,0.9949,2.25,0.50
2012.07.25 05:14:05.717,0.99481,0.9949,3.38,0.50
2012.07.25 05:14:08.477,0.99482,0.9949,1.50,0.50
2012.07.25 05:14:09.051,0.99481,0.9949,2.25,0.50
2012.07.25 05:14:13.686,0.99481,0.9949,3.00,0.50
2012.07.25 05:14:27.708,0.99481,0.9949,2.25,0.50
2012.07.25 05:14:30.147,0.9948,0.9949,1.13,0.50
2012.07.25 05:14:30.528,0.99473,0.99486,1.50,1.50
2012.07.25 05:14:30.715,0.9947,0.99486,4.50,1.50
2012.07.25 05:14:31.259,0.9947,0.99486,4.13,1.50
2012.07.25 05:14:33.724,0.99471,0.99487,1.50,2.25
2012.07.25 05:14:34.537,0.9947,0.99486,4.13,1.50
2012.07.25 05:14:35.141,0.99472,0.99486,1.50,1.50
2012.07.25 05:14:37.580,0.9947,0.99486,4.13,1.50
2012.07.25 05:14:39.107,0.99472,0.99486,1.50,1.50
2012.07.25 05:14:39.644,0.99473,0.99487,1.50,1.50
2012.07.25 05:14:43.811,0.99471,0.99486,1.50,1.50
2012.07.25 05:14:44.341,0.9947,0.99486,4.13,1.50
2012.07.25 05:14:47.878,0.99471,0.99487,1.50,1.50
2012.07.25 05:14:48.564,0.99471,0.99485,1.50,1.50
2012.07.25 05:14:49.622,0.99471,0.99487,1.50,1.50
2012.07.25 05:14:50.157,0.99471,0.99487,2.25,1.50
2012.07.25 05:14:50.463,0.99472,0.99488,3.00,1.50
2012.07.25 05:14:50.773,0.99476,0.9949,3.00,0.50
2012.07.25 05:14:51.319,0.99477,0.9949,3.38,0.50
2012.07.25 05:14:55.137,0.99478,0.9949,3.00,0.50
2012.07.25 05:15:32.558,0.99479,0.9949,2.25,0.50
2012.07.25 05:15:32.982,0.99487,0.9949,1.13,0.50
2012.07.25 05:15:33.356,0.99488,0.9949,1.50,0.50
2012.07.25 05:15:33.546,0.99488,0.99502,3.38,1.50
2012.07.25 05:15:34.335,0.99488,0.99502,2.25,1.50
2012.07.25 05:15:36.836,0.99488,0.99502,2.40,1.50
2012.07.25 05:15:45.317,0.99485,0.99501,3.75,1.50
2012.07.25 05:15:45.446,0.99485,0.99497,1.50,1.50
2012.07.25 05:15:45.692,0.99483,0.99497,3.00,1.50
2012.07.25 05:15:46.257,0.99483,0.99497,3.00,1.50
2012.07.25 05:15:49.743,0.99483,0.99499,2.25,2.25
2012.07.25 05:15:50.279,0.99483,0.99497,2.25,1.50
2012.07.25 05:15:50.928,0.99484,0.99498,1.50,2.25
2012.07.25 05:15:52.424,0.99482,0.99498,3.00,2.25
2012.07.25 05:15:53.814,0.99484,0.99498,1.50,1.50
2012.07.25 05:15:54.356,0.99484,0.99499,1.50,1.50
2012.07.25 05:15:59.701,0.99484,0.99497,1.50,1.50
2012.07.25 05:16:00.457,0.99484,0.99498,3.00,1.50
2012.07.25 05:16:04.465,0.99484,0.99498,3.00,1.50
2012.07.25 05:16:04.714,0.99484,0.995,3.00,3.00
2012.07.25 05:16:04.838,0.99484,0.99498,3.00,1.50
2012.07.25 05:16:06.153,0.99484,0.99498,2.25,1.50
2012.07.25 05:16:07.034,0.99482,0.99498,3.00,3.75
2012.07.25 05:16:07.100,0.99482,0.99496,1.50,1.50
2012.07.25 05:16:07.403,0.99482,0.99494,1.50,1.50
2012.07.25 05:16:07.590,0.9948,0.99493,1.50,1.50
2012.07.25 05:16:07.719,0.99477,0.99493,4.28,1.50
2012.07.25 05:16:07.788,0.99477,0.9949,2.78,1.50
2012.07.25 05:16:08.097,0.99477,0.99488,1.28,1.50
2012.07.25 05:16:08.225,0.99474,0.99488,3.00,1.50
2012.07.25 05:16:08.530,0.99474,0.9949,2.25,4.50
2012.07.25 05:16:11.386,0.99473,0.99489,3.00,1.50
2012.07.25 05:16:11.893,0.99475,0.99489,1.50,1.50
2012.07.25 05:16:13.855,0.99475,0.99489,2.25,1.50
2012.07.25 05:16:13.919,0.99476,0.99491,2.25,1.50
2012.07.25 05:16:14.104,0.99477,0.99492,1.50,2.25
2012.07.25 05:16:14.413,0.9948,0.99494,1.50,2.63
2012.07.25 05:16:14.478,0.99478,0.99494,2.25,2.25
2012.07.25 05:16:15.036,0.99477,0.99493,3.00,1.50
2012.07.25 05:16:29.476,0.99478,0.99494,2.25,2.25
2012.07.25 05:16:29.660,0.99478,0.99494,2.25,1.50
2012.07.25 05:16:30.396,0.9948,0.99495,1.50,1.50
2012.07.25 05:16:30.715,0.9948,0.99493,1.50,1.50
2012.07.25 05:16:32.154,0.9948,0.99495,1.50,1.50
2012.07.25 05:16:51.380,0.9948,0.99493,1.50,1.50
2012.07.25 05:16:55.068,0.9948,0.99494,2.25,1.50
2012.07.25 05:16:55.678,0.99479,0.99493,4.13,1.50
2012.07.25 05:16:56.193,0.9948,0.99494,2.25,1.50
2012.07.25 05:16:59.172,0.99479,0.99493,4.13,1.50
2012.07.25 05:16:59.702,0.9948,0.99494,2.25,1.50
2012.07.25 05:17:00.624,0.99479,0.99493,4.13,1.50
2012.07.25 05:17:01.289,0.99479,0.99495,3.00,1.50
2012.07.25 05:17:01.929,0.9948,0.99494,2.25,1.50
2012.07.25 05:17:02.485,0.99479,0.99495,3.00,1.50
2012.07.25 05:17:03.259,0.99479,0.99494,1.50,1.50
2012.07.25 05:17:08.762,0.99479,0.99495,3.00,1.50
2012.07.25 05:17:09.180,0.99479,0.99493,3.00,1.50
2012.07.25 05:17:09.314,0.99479,0.99495,3.00,1.50
2012.07.25 05:17:09.854,0.99479,0.99494,1.50,1.50
2012.07.25 05:17:10.641,0.99479,0.99495,3.00,1.50
2012.07.25 05:17:12.975,0.9948,0.99494,2.25,1.50
2012.07.25 05:17:20.712,0.9948,0.99494,2.25,1.50
2012.07.25 05:17:21.186,0.99481,0.99496,1.50,1.50
2012.07.25 05:17:24.353,0.99481,0.99495,1.50,1.50
2012.07.25 05:17:46.556,0.99481,0.99497,3.00,3.38
2012.07.25 05:17:47.555,0.99481,0.99497,3.75,3.38
2012.07.25 05:17:48.493,0.99481,0.99496,1.50,1.50
2012.07.25 05:17:51.435,0.9948,0.99496,3.75,1.50
2012.07.25 05:17:51.977,0.99481,0.99495,3.00,1.50
2012.07.25 05:17:52.100,0.99481,0.99497,3.00,3.75
2012.07.25 05:17:52.637,0.99482,0.99496,1.50,1.50
2012.07.25 05:17:53.148,0.99481,0.99495,3.00,1.50
2012.07.25 05:17:53.686,0.9948,0.99496,3.75,1.50
2012.07.25 05:17:55.236,0.99483,0.99499,1.50,6.38
2012.07.25 05:17:55.420,0.99482,0.99497,2.25,3.75
2012.07.25 05:17:55.954,0.99481,0.99496,1.50,1.50
2012.07.25 05:17:56.492,0.99481,0.99497,3.00,1.50
2012.07.25 05:17:57.755,0.99484,0.99498,1.50,1.50
2012.07.25 05:18:00.663,0.99482,0.99498,3.00,1.50
2012.07.25 05:18:01.143,0.99482,0.99496,1.50,2.25
2012.07.25 05:18:01.658,0.99481,0.99496,1.50,3.75
2012.07.25 05:18:02.714,0.99482,0.99496,1.50,3.75
2012.07.25 05:18:03.196,0.99482,0.99498,2.25,6.00
2012.07.25 05:18:03.791,0.99484,0.99498,1.50,1.50
2012.07.25 05:18:04.340,0.99483,0.99497,2.25,1.50
2012.07.25 05:18:06.511,0.99482,0.99496,2.25,1.50
2012.07.25 05:18:07.034,0.99481,0.99495,3.00,1.50
2012.07.25 05:18:07.581,0.99482,0.99496,1.50,1.50
2012.07.25 05:18:08.060,0.99483,0.99499,1.50,3.38
2012.07.25 05:18:08.599,0.99484,0.995,1.50,3.75
2012.07.25 05:18:09.141,0.99484,0.995,2.25,1.50
2012.07.25 05:18:09.208,0.99486,0.99502,3.00,6.00
2012.07.25 05:18:09.333,0.99486,0.995,3.00,1.50
2012.07.25 05:18:17.958,0.99486,0.99502,3.00,2.25
2012.07.25 05:18:25.496,0.99486,0.99502,3.23,1.50
2012.07.25 05:18:26.053,0.99489,0.99503,2.25,3.75
2012.07.25 05:18:27.510,0.99487,0.99503,3.23,3.75
2012.07.25 05:18:28.809,0.99488,0.99503,2.25,2.25
2012.07.25 05:18:34.467,0.99488,0.99504,2.85,3.75
2012.07.25 05:18:36.115,0.9949,0.99504,2.25,3.75
2012.07.25 05:18:36.240,0.9949,0.99506,2.25,2.25
2012.07.25 05:18:36.544,0.99489,0.99504,2.63,1.50
2012.07.25 05:18:37.088,0.99489,0.99503,3.00,1.50
2012.07.25 05:18:38.460,0.9949,0.99504,2.25,1.50
2012.07.25 05:18:39.009,0.99489,0.99503,1.50,1.50
2012.07.25 05:18:39.682,0.99489,0.99504,1.50,1.50
2012.07.25 05:18:41.211,0.99489,0.99503,1.50,1.50
2012.07.25 05:18:41.276,0.99488,0.99503,2.63,1.50
2012.07.25 05:18:41.524,0.99487,0.99501,3.75,1.13
2012.07.25 05:18:41.589,0.99486,0.99501,2.25,2.63
2012.07.25 05:18:42.276,0.99485,0.99501,2.25,3.38
2012.07.25 05:18:42.780,0.99487,0.99501,1.50,3.38
2012.07.25 05:18:43.083,0.99485,0.99501,2.25,3.38
2012.07.25 05:18:44.764,0.99485,0.99501,2.25,2.63
2012.07.25 05:18:45.070,0.99489,0.99502,1.50,2.25
2012.07.25 05:18:45.630,0.99487,0.99502,3.38,2.25
2012.07.25 05:18:47.621,0.99487,0.99502,1.50,3.00
2012.07.25 05:18:47.930,0.99486,0.995,1.50,1.50
2012.07.25 05:18:48.357,0.99483,0.99498,1.50,1.50
2012.07.25 05:18:48.726,0.99482,0.99497,1.50,1.50
2012.07.25 05:18:48.791,0.99482,0.99495,1.50,1.50
2012.07.25 05:18:48.916,0.99482,0.99497,1.50,1.50
2012.07.25 05:18:52.340,0.99482,0.99498,3.00,1.50
2012.07.25 05:18:56.713,0.99482,0.99498,3.00,1.50
2012.07.25 05:18:56.779,0.99484,0.995,1.50,2.63
2012.07.25 05:18:57.317,0.99483,0.99499,2.25,1.50
2012.07.25 05:18:58.021,0.99484,0.995,1.50,4.50
2012.07.25 05:18:58.857,0.99484,0.995,1.50,4.50
2012.07.25 05:18:59.383,0.99483,0.99499,2.25,2.25
2012.07.25 05:19:00.145,0.99484,0.995,1.50,4.13
2012.07.25 05:19:01.194,0.99483,0.995,2.25,1.88
2012.07.25 05:19:01.616,0.99485,0.995,2.25,1.88
2012.07.25 05:19:07.220,0.99485,0.995,2.25,1.13
2012.07.25 05:19:09.217,0.99485,0.995,2.25,1.88
2012.07.25 05:19:11.760,0.99484,0.995,2.25,3.38
2012.07.25 05:19:11.886,0.99484,0.995,2.25,1.88
2012.07.25 05:19:12.949,0.99486,0.995,2.25,1.50
2012.07.25 05:19:13.561,0.99483,0.99499,3.00,1.50
2012.07.25 05:19:14.043,0.99483,0.995,1.50,4.88
2012.07.25 05:19:18.234,0.99483,0.99499,2.25,1.50
2012.07.25 05:19:26.295,0.99484,0.995,2.25,6.38
2012.07.25 05:19:27.406,0.99483,0.99499,2.25,1.50
2012.07.25 05:19:28.867,0.99483,0.995,2.25,4.88
2012.07.25 05:19:29.381,0.99483,0.99499,2.25,2.25
2012.07.25 05:19:31.203,0.99484,0.995,2.25,5.63
2012.07.25 05:19:33.024,0.99483,0.99499,3.00,1.50
2012.07.25 05:19:38.192,0.99483,0.995,2.25,4.88
2012.07.25 05:19:40.543,0.99482,0.99498,1.50,1.50
2012.07.25 05:19:41.138,0.99482,0.99499,1.50,2.63
2012.07.25 05:19:49.895,0.99482,0.99499,1.50,3.38
2012.07.25 05:19:54.820,0.99484,0.995,2.25,3.38
2012.07.25 05:19:55.371,0.99483,0.99499,3.00,1.50
2012.07.25 05:19:56.180,0.99483,0.995,3.00,1.88
2012.07.25 05:19:57.530,0.99483,0.99499,3.00,1.50
2012.07.25 05:19:58.913,0.99483,0.995,3.00,1.13
2012.07.25 05:19:59.446,0.99483,0.99499,3.00,1.50
2012.07.25 05:20:00.014,0.99484,0.995,3.00,2.63
2012.07.25 05:20:01.037,0.99483,0.99499,3.00,1.50
2012.07.25 05:20:04.812,0.99484,0.99499,1.50,1.50
2012.07.25 05:20:05.363,0.99484,0.995,2.25,2.63
2012.07.25 05:20:08.063,0.99483,0.99499,2.25,1.50
2012.07.25 05:20:08.606,0.99483,0.995,4.50,1.13
2012.07.25 05:20:15.709,0.99484,0.995,1.50,2.63
2012.07.25 05:20:24.517,0.99483,0.99499,1.50,1.13
2012.07.25 05:20:24.936,0.99483,0.99498,1.50,1.50
2012.07.25 05:20:25.058,0.99483,0.99498,1.50,1.50
2012.07.25 05:20:25.554,0.99482,0.99498,3.00,2.25
2012.07.25 05:20:26.702,0.99483,0.99498,1.50,1.50
2012.07.25 05:20:32.818,0.99483,0.99499,1.50,2.63
2012.07.25 05:20:36.987,0.99483,0.99499,1.50,2.63
2012.07.25 05:20:37.051,0.99483,0.99497,1.50,1.50
2012.07.25 05:20:40.373,0.99482,0.99498,3.00,3.38
2012.07.25 05:20:40.738,0.99484,0.995,2.25,1.50
2012.07.25 05:20:44.304,0.99483,0.995,1.50,3.38
2012.07.25 05:20:44.488,0.99483,0.995,1.50,3.38
2012.07.25 05:20:48.871,0.99482,0.99498,2.25,2.25
2012.07.25 05:20:49.371,0.99484,0.99498,1.50,1.50
2012.07.25 05:20:49.556,0.99485,0.99501,2.25,1.88
2012.07.25 05:20:50.098,0.99485,0.99502,2.25,1.88
2012.07.25 05:20:50.638,0.99484,0.995,2.25,2.25
2012.07.25 05:20:52.964,0.99484,0.99501,2.25,2.25
2012.07.25 05:21:03.001,0.99486,0.99501,1.50,2.25
2012.07.25 05:21:03.360,0.99485,0.99502,1.50,5.63
2012.07.25 05:21:03.963,0.99485,0.995,1.50,1.50
2012.07.25 05:21:04.545,0.99485,0.99501,3.00,1.50
2012.07.25 05:21:08.428,0.99484,0.99502,3.00,5.63
2012.07.25 05:21:08.950,0.99485,0.99501,2.25,1.50
2012.07.25 05:21:09.507,0.99484,0.995,1.50,1.50
2012.07.25 05:21:10.278,0.99483,0.995,1.50,1.50
2012.07.25 05:21:10.872,0.99485,0.99501,3.00,2.25
2012.07.25 05:21:11.419,0.99485,0.995,1.50,1.50
2012.07.25 05:21:12.602,0.99484,0.99502,3.00,6.38
2012.07.25 05:21:13.132,0.99484,0.995,3.00,1.50
2012.07.25 05:21:13.646,0.99484,0.995,3.00,1.50
2012.07.25 05:21:14.297,0.99483,0.99501,4.50,2.25
2012.07.25 05:21:14.955,0.99483,0.995,3.00,1.50
2012.07.25 05:21:18.319,0.99484,0.99499,1.50,1.50
2012.07.25 05:21:18.864,0.99484,0.995,3.00,1.50
2012.07.25 05:21:27.394,0.99485,0.99502,1.50,5.63
2012.07.25 05:21:27.933,0.99487,0.99502,1.50,1.88
2012.07.25 05:21:28.416,0.99485,0.99501,3.75,2.25
2012.07.25 05:21:29.231,0.99485,0.99501,3.75,1.50
2012.07.25 05:21:30.934,0.99485,0.99501,1.50,2.25
2012.07.25 05:21:31.300,0.99484,0.99499,2.25,1.50
2012.07.25 05:21:31.837,0.99484,0.995,1.50,2.25
2012.07.25 05:21:33.931,0.99483,0.995,1.50,3.08
2012.07.25 05:21:34.002,0.99481,0.99498,2.63,3.00
2012.07.25 05:21:34.541,0.99481,0.99496,1.50,2.25
2012.07.25 05:21:38.037,0.99481,0.99496,2.25,2.25
2012.07.25 05:21:38.626,0.99481,0.99497,3.75,2.25
2012.07.25 05:21:45.677,0.99481,0.99497,2.25,1.50
2012.07.25 05:21:46.209,0.99481,0.99497,2.25,2.25
2012.07.25 05:21:50.072,0.99481,0.99497,1.50,4.88
2012.07.25 05:21:50.895,0.99481,0.99497,1.50,3.75
2012.07.25 05:21:53.468,0.99482,0.99497,1.50,2.25
2012.07.25 05:21:54.009,0.99481,0.99497,1.50,1.50
2012.07.25 05:21:55.239,0.99482,0.99497,1.50,1.50
2012.07.25 05:21:56.329,0.99481,0.99497,3.00,3.75
2012.07.25 05:21:58.832,0.99481,0.99497,3.00,3.75
2012.07.25 05:22:00.080,0.99482,0.99498,2.25,2.25
2012.07.25 05:22:01.726,0.99481,0.99497,3.00,3.00
2012.07.25 05:22:04.575,0.99481,0.99497,2.25,2.63
2012.07.25 05:22:22.724,0.99481,0.99493,1.50,1.13
2012.07.25 05:22:22.790,0.99478,0.99492,2.25,1.13
2012.07.25 05:22:23.037,0.99476,0.99492,2.63,3.75
2012.07.25 05:22:23.583,0.99475,0.99492,1.88,3.75
2012.07.25 05:22:29.472,0.99475,0.99492,1.88,3.75
2012.07.25 05:22:30.012,0.99475,0.99493,4.88,4.20
2012.07.25 05:22:39.952,0.99477,0.99491,1.50,1.50
2012.07.25 05:22:40.492,0.99478,0.99493,2.25,1.50
2012.07.25 05:22:41.036,0.99476,0.99492,3.00,3.60
2012.07.25 05:22:41.101,0.99476,0.99492,2.25,3.60
2012.07.25 05:22:41.820,0.99475,0.99492,2.63,1.50
2012.07.25 05:22:42.352,0.99475,0.99491,2.63,1.50
2012.07.25 05:22:57.122,0.99476,0.99491,1.50,1.50
2012.07.25 05:22:58.035,0.99475,0.99491,2.63,1.50
2012.07.25 05:23:09.991,0.99475,0.99491,3.38,1.50
2012.07.25 05:23:10.350,0.99477,0.99491,1.50,1.50
2012.07.25 05:23:10.902,0.99477,0.99493,2.25,4.73
2012.07.25 05:23:14.843,0.99477,0.99493,2.25,5.55
2012.07.25 05:23:38.888,0.99476,0.99491,1.88,1.50
2012.07.25 05:23:42.223,0.99476,0.99491,1.88,1.50
2012.07.25 05:23:45.586,0.99477,0.99491,1.50,1.50
2012.07.25 05:23:46.168,0.99475,0.99491,3.00,1.50
2012.07.25 05:23:55.954,0.99477,0.99491,1.50,1.50
2012.07.25 05:23:56.490,0.99476,0.99492,2.25,2.25
2012.07.25 05:23:58.888,0.99476,0.99492,2.25,2.25
2012.07.25 05:24:12.490,0.99476,0.99492,2.25,2.85
2012.07.25 05:24:24.388,0.99474,0.9949,2.63,1.50
2012.07.25 05:24:24.777,0.99472,0.99489,2.25,2.63
2012.07.25 05:24:36.631,0.99474,0.99488,1.13,2.25
2012.07.25 05:24:41.287,0.99475,0.99491,1.50,5.25
2012.07.25 05:24:41.475,0.99477,0.99492,1.50,1.50
2012.07.25 05:24:41.542,0.99478,0.99493,2.25,3.23
2012.07.25 05:24:41.791,0.99478,0.99494,1.88,3.38
2012.07.25 05:24:42.339,0.99478,0.99496,3.38,3.00
2012.07.25 05:24:51.545,0.99478,0.99495,1.88,4.65
2012.07.25 05:24:51.850,0.99479,0.99487,1.13,1.50
2012.07.25 05:24:51.917,0.99479,0.99491,1.13,3.00
2012.07.25 05:24:51.983,0.99478,0.99492,1.50,3.00
2012.07.25 05:24:52.407,0.99476,0.99492,2.25,3.75
2012.07.25 05:24:52.937,0.99474,0.9949,2.63,2.25
2012.07.25 05:24:56.086,0.99474,0.9949,2.63,2.25
2012.07.25 05:24:56.389,0.99473,0.99487,1.13,2.25
2012.07.25 05:24:56.454,0.99473,0.99487,1.88,2.25
2012.07.25 05:24:56.701,0.99474,0.99489,1.50,2.25
2012.07.25 05:24:57.121,0.99472,0.99487,3.00,1.88
2012.07.25 05:24:57.187,0.99472,0.99487,2.25,2.63
2012.07.25 05:24:57.312,0.99472,0.99488,3.38,3.30
2012.07.25 05:24:57.438,0.99472,0.99488,3.38,2.25
2012.07.25 05:24:57.681,0.99473,0.99489,2.25,2.25
2012.07.25 05:24:57.987,0.9947,0.99486,1.88,2.25
2012.07.25 05:24:59.176,0.99471,0.99487,2.25,3.00
2012.07.25 05:25:08.788,0.9947,0.99486,2.25,2.25
2012.07.25 05:25:12.763,0.9947,0.99486,2.25,2.25
2012.07.25 05:25:28.806,0.99471,0.99486,1.50,2.25
2012.07.25 05:25:31.602,0.99472,0.99488,3.38,2.25
2012.07.25 05:25:32.177,0.99472,0.99487,1.88,1.50
2012.07.25 05:25:50.318,0.99472,0.99489,2.63,2.55
2012.07.25 05:25:51.951,0.99472,0.99487,2.63,1.50
2012.07.25 05:25:55.377,0.99472,0.99488,1.50,1.05
2012.07.25 05:26:00.697,0.99472,0.99487,1.50,1.50
2012.07.25 05:26:01.206,0.99472,0.99489,1.50,2.55
2012.07.25 05:26:06.388,0.99473,0.99487,1.50,1.50
2012.07.25 05:26:08.808,0.99473,0.99488,1.50,2.55
2012.07.25 05:26:20.639,0.99474,0.99489,2.25,2.25
2012.07.25 05:26:21.142,0.99474,0.99491,2.25,2.25
2012.07.25 05:26:27.258,0.99474,0.99491,2.25,2.25
2012.07.25 05:26:29.026,0.99474,0.99491,2.25,2.25
2012.07.25 05:26:38.808,0.99475,0.99491,2.25,1.50
2012.07.25 05:26:40.081,0.99474,0.9949,4.88,1.50
2012.07.25 05:26:48.274,0.99476,0.9949,1.13,1.50
2012.07.25 05:26:48.458,0.99476,0.99492,2.25,2.25
2012.07.25 05:26:49.003,0.99477,0.99493,1.50,3.75
2012.07.25 05:26:57.064,0.99477,0.99493,1.88,3.75
2012.07.25 05:26:57.487,0.99479,0.99495,3.00,1.50
2012.07.25 05:26:57.553,0.99479,0.99495,3.00,2.25
2012.07.25 05:26:57.857,0.99479,0.99497,3.00,1.50
2012.07.25 05:26:57.982,0.99479,0.99495,3.00,1.50
2012.07.25 05:27:02.806,0.9948,0.99496,2.25,1.50
2012.07.25 05:27:06.562,0.99479,0.99495,3.00,1.50
2012.07.25 05:27:06.869,0.99485,0.99495,1.50,1.50
2012.07.25 05:27:06.995,0.99485,0.99499,1.50,2.25
2012.07.25 05:27:07.121,0.99485,0.99501,2.25,2.63
2012.07.25 05:27:19.066,0.99484,0.995,1.50,3.75
2012.07.25 05:27:19.254,0.99483,0.99498,1.50,3.00
2012.07.25 05:27:19.320,0.99483,0.99498,1.50,3.00
2012.07.25 05:27:19.863,0.99481,0.99496,1.50,3.00
2012.07.25 05:27:20.461,0.99481,0.99495,1.50,2.25
2012.07.25 05:27:20.771,0.99478,0.99493,1.50,2.48
2012.07.25 05:27:21.317,0.99476,0.99492,1.50,1.13
2012.07.25 05:27:22.245,0.99477,0.99493,3.00,2.25
2012.07.25 05:27:22.372,0.99478,0.99495,2.25,1.50
2012.07.25 05:27:22.910,0.99479,0.99494,1.50,2.25
2012.07.25 05:27:24.649,0.99479,0.99494,1.50,2.25
2012.07.25 05:27:25.365,0.99479,0.99496,3.75,1.50
2012.07.25 05:27:32.461,0.9948,0.99496,2.25,3.00
2012.07.25 05:27:46.631,0.99482,0.99498,2.25,3.00
2012.07.25 05:27:49.119,0.99483,0.99498,1.50,2.25
2012.07.25 05:27:50.581,0.99483,0.99497,1.50,1.50
2012.07.25 05:27:51.169,0.99483,0.99499,1.50,2.25
2012.07.25 05:28:07.232,0.99483,0.99497,1.50,1.50
2012.07.25 05:28:07.935,0.99483,0.99498,1.50,1.50
2012.07.25 05:28:08.797,0.99483,0.99496,1.50,1.50
2012.07.25 05:28:09.038,0.99483,0.99498,1.50,1.50
2012.07.25 05:28:24.506,0.99483,0.99497,1.50,1.50
2012.07.25 05:28:25.083,0.99483,0.99498,1.50,1.50
2012.07.25 05:28:42.081,0.99483,0.99497,1.50,1.50
2012.07.25 05:28:42.144,0.99483,0.99497,1.50,1.50
2012.07.25 05:28:42.681,0.99483,0.99497,1.50,2.25
2012.07.25 05:28:46.118,0.99482,0.99497,2.25,2.25
2012.07.25 05:28:48.768,0.99482,0.99497,1.50,2.25
2012.07.25 05:28:49.008,0.9948,0.99496,3.00,2.25
2012.07.25 05:28:52.288,0.9948,0.99495,1.50,1.50
2012.07.25 05:28:52.821,0.9948,0.99494,1.50,1.50
2012.07.25 05:28:53.325,0.9948,0.99495,1.50,1.50
2012.07.25 05:28:56.070,0.9948,0.99495,4.50,1.50
2012.07.25 05:28:56.135,0.99481,0.99497,3.00,1.50
2012.07.25 05:28:56.668,0.99481,0.99497,3.38,1.50
2012.07.25 05:29:19.543,0.99482,0.99496,2.25,1.50
2012.07.25 05:29:26.938,0.99482,0.99496,2.25,1.50
2012.07.25 05:29:31.908,0.99484,0.99498,2.25,1.50
2012.07.25 05:29:35.896,0.99483,0.99497,3.00,1.50
2012.07.25 05:29:40.746,0.99484,0.99498,2.25,1.50
2012.07.25 05:29:42.039,0.99483,0.99497,3.75,1.50
2012.07.25 05:29:49.007,0.99483,0.99499,3.00,2.25
2012.07.25 05:29:49.697,0.99484,0.99498,1.50,1.50
2012.07.25 05:29:50.822,0.99484,0.99499,1.50,2.25
2012.07.25 05:29:51.866,0.99484,0.99499,1.50,2.25
2012.07.25 05:29:55.472,0.99484,0.99497,1.50,1.50
2012.07.25 05:29:58.757,0.99484,0.99498,3.00,1.50
2012.07.25 05:29:59.458,0.99484,0.99497,1.50,1.50
2012.07.25 05:29:59.843,0.99484,0.99499,1.50,1.50
2012.07.25 05:30:00.295,0.99489,0.99494,1.50,1.50
2012.07.25 05:30:01.034,0.99489,0.99496,1.50,3.00
2012.07.25 05:30:01.098,0.99489,0.99494,1.50,1.50
2012.07.25 05:30:03.760,0.9949,0.99495,1.50,1.50
2012.07.25 05:30:04.949,0.99487,0.99498,1.50,2.25
2012.07.25 05:30:05.467,0.99486,0.99497,2.25,1.50
2012.07.25 05:30:09.110,0.99486,0.99499,2.25,3.75
2012.07.25 05:30:09.474,0.99489,0.995,1.50,2.25
2012.07.25 05:30:09.780,0.99489,0.99502,3.00,1.50
2012.07.25 05:30:10.208,0.99489,0.99499,1.50,1.50
2012.07.25 05:30:10.332,0.99489,0.99501,1.50,3.00
2012.07.25 05:30:11.126,0.99489,0.995,3.00,1.50
2012.07.25 05:30:12.412,0.99488,0.99501,2.25,3.00
2012.07.25 05:30:21.218,0.99488,0.99501,3.00,1.50
2012.07.25 05:30:21.342,0.9949,0.99503,3.75,2.25
2012.07.25 05:30:21.889,0.99492,0.99503,1.50,1.50
2012.07.25 05:30:22.403,0.99491,0.99502,2.25,1.50
2012.07.25 05:30:22.525,0.99491,0.99504,2.25,3.00
2012.07.25 05:30:23.161,0.9949,0.99503,2.25,1.50
2012.07.25 05:30:23.840,0.9949,0.99501,2.25,1.50
2012.07.25 05:30:24.641,0.9949,0.99503,2.25,1.50
2012.07.25 05:30:28.035,0.99492,0.99503,1.50,1.50
2012.07.25 05:30:28.626,0.99491,0.99502,2.25,1.50
2012.07.25 05:30:37.517,0.99491,0.99504,2.25,1.50
2012.07.25 05:30:37.938,0.99493,0.99506,1.50,2.25
2012.07.25 05:30:38.364,0.99495,0.99506,1.50,1.50
2012.07.25 05:30:38.489,0.99495,0.99508,1.50,1.50
2012.07.25 05:30:38.613,0.99495,0.99506,1.50,1.50
2012.07.25 05:30:39.149,0.99496,0.99507,1.50,1.50
2012.07.25 05:30:39.808,0.99495,0.99506,1.50,1.50
2012.07.25 05:30:42.301,0.99495,0.99508,1.50,1.50
2012.07.25 05:30:42.839,0.99496,0.99507,1.50,1.50
2012.07.25 05:30:51.955,0.99496,0.99507,2.25,1.50
2012.07.25 05:30:52.020,0.99498,0.99509,1.50,1.50
2012.07.25 05:30:52.564,0.99497,0.9951,2.25,2.50
2012.07.25 05:31:08.848,0.99497,0.9951,2.25,3.25
2012.07.25 05:31:11.083,0.99496,0.99507,3.00,1.50
2012.07.25 05:31:13.047,0.99494,0.99507,4.13,1.50
2012.07.25 05:31:13.174,0.99494,0.99503,2.63,1.50
2012.07.25 05:31:13.362,0.99492,0.99503,3.00,1.50
2012.07.25 05:31:14.259,0.99493,0.99506,1.50,1.50
2012.07.25 05:31:14.797,0.99492,0.99505,3.00,1.50
2012.07.25 05:31:16.656,0.99492,0.99504,2.25,1.50
2012.07.25 05:31:17.194,0.99491,0.99504,3.00,1.50
2012.07.25 05:31:19.262,0.99491,0.99502,2.25,1.50
2012.07.25 05:31:21.412,0.99492,0.99503,1.50,1.50
2012.07.25 05:31:21.962,0.9949,0.99503,2.25,1.50
2012.07.25 05:31:24.269,0.9949,0.99503,2.25,3.00
2012.07.25 05:31:24.809,0.99489,0.99502,3.75,1.50
2012.07.25 05:31:25.171,0.99491,0.99504,1.50,1.50
2012.07.25 05:31:25.707,0.9949,0.99503,2.25,1.50
2012.07.25 05:31:31.566,0.9949,0.99501,2.25,1.50
2012.07.25 05:31:31.802,0.9949,0.99503,2.25,1.50
2012.07.25 05:31:33.446,0.9949,0.99501,2.25,1.50
2012.07.25 05:31:33.957,0.99489,0.99502,3.00,1.50
2012.07.25 05:31:34.513,0.9949,0.99501,2.25,1.50
2012.07.25 05:31:34.633,0.9949,0.99503,2.25,1.50
2012.07.25 05:31:36.478,0.9949,0.99502,2.25,1.50
2012.07.25 05:31:36.607,0.99492,0.99503,1.50,3.00
2012.07.25 05:31:37.026,0.9949,0.99501,2.25,1.50
2012.07.25 05:31:37.566,0.99487,0.995,2.25,1.50
2012.07.25 05:31:37.632,0.99487,0.995,2.25,1.50
2012.07.25 05:31:41.442,0.99488,0.99501,1.50,1.50
2012.07.25 05:31:41.805,0.9949,0.99502,1.50,2.25
2012.07.25 05:31:42.048,0.99491,0.99504,1.50,3.00
2012.07.25 05:31:42.173,0.99491,0.99502,1.50,1.50
2012.07.25 05:31:42.696,0.9949,0.99503,2.25,1.50
2012.07.25 05:31:43.055,0.99491,0.99503,1.13,1.50
2012.07.25 05:31:43.358,0.99493,0.99503,1.50,1.50
2012.07.25 05:31:43.483,0.99494,0.99505,1.50,1.50
2012.07.25 05:31:43.547,0.99494,0.99507,1.50,1.50
2012.07.25 05:31:43.672,0.99493,0.99504,4.50,1.50
2012.07.25 05:31:44.213,0.99492,0.99503,1.50,1.50
2012.07.25 05:31:44.690,0.9949,0.99501,3.00,1.50
2012.07.25 05:31:44.816,0.9949,0.99503,3.00,1.50
2012.07.25 05:31:49.587,0.99491,0.99504,2.25,1.50
2012.07.25 05:31:50.119,0.99491,0.99504,3.00,1.50
2012.07.25 05:31:50.244,0.99493,0.99506,1.50,1.50
2012.07.25 05:31:50.780,0.99492,0.99505,2.25,1.50
2012.07.25 05:31:55.862,0.9949,0.99503,4.50,1.50
2012.07.25 05:31:56.454,0.99491,0.99504,2.25,1.50
2012.07.25 05:31:56.984,0.9949,0.99503,3.00,1.50
2012.07.25 05:31:58.149,0.99489,0.99502,5.63,1.50
2012.07.25 05:32:11.710,0.99491,0.99504,2.25,3.00
2012.07.25 05:32:12.330,0.9949,0.99503,2.25,1.50
2012.07.25 05:32:13.436,0.99492,0.99503,1.50,1.50
2012.07.25 05:32:13.972,0.99491,0.99502,2.25,1.50
2012.07.25 05:32:14.386,0.9949,0.99503,3.75,1.50
2012.07.25 05:32:14.452,0.99493,0.99505,2.25,1.50
2012.07.25 05:32:14.996,0.99492,0.99505,3.00,1.50
2012.07.25 05:32:15.120,0.99494,0.99506,1.50,1.50
2012.07.25 05:32:15.364,0.99492,0.99505,3.00,1.50
2012.07.25 05:32:15.893,0.99493,0.99504,1.50,1.50
2012.07.25 05:32:56.952,0.99494,0.99505,1.50,1.50
2012.07.25 05:32:57.072,0.99492,0.99505,3.00,1.50
2012.07.25 05:32:57.582,0.99494,0.99505,1.50,1.50
2012.07.25 05:32:57.822,0.99492,0.99505,3.00,1.50
2012.07.25 05:32:58.547,0.99496,0.99507,1.50,3.00
2012.07.25 05:32:59.050,0.99495,0.99506,2.25,1.50
2012.07.25 05:32:59.233,0.99495,0.99508,2.25,1.50
2012.07.25 05:33:00.126,0.99495,0.99506,2.25,1.50
2012.07.25 05:33:07.866,0.99495,0.99508,2.25,1.50
2012.07.25 05:33:10.174,0.99495,0.99508,2.25,1.50
2012.07.25 05:33:13.590,0.99495,0.99506,2.25,1.50
2012.07.25 05:33:14.230,0.99496,0.99507,2.25,1.50
2012.07.25 05:33:16.762,0.99495,0.99506,1.50,1.50
2012.07.25 05:33:17.305,0.99496,0.99507,1.50,1.50
2012.07.25 05:33:17.427,0.99494,0.99507,5.25,1.50
2012.07.25 05:33:17.549,0.99496,0.99507,1.50,1.50
2012.07.25 05:33:18.335,0.99495,0.99506,1.50,1.50
2012.07.25 05:33:20.192,0.99495,0.99508,2.25,1.50
2012.07.25 05:33:25.358,0.99494,0.99507,4.50,1.50
2012.07.25 05:33:25.879,0.99495,0.99508,2.25,1.50
2012.07.25 05:33:28.425,0.99495,0.99506,2.25,1.50
2012.07.25 05:33:28.606,0.99495,0.99508,2.25,1.50
2012.07.25 05:33:32.151,0.99495,0.99508,3.00,1.50
2012.07.25 05:33:32.215,0.99498,0.99509,1.50,3.00
2012.07.25 05:33:32.339,0.99495,0.99508,3.00,1.50
2012.07.25 05:33:41.476,0.99498,0.99509,1.50,1.50
2012.07.25 05:33:42.770,0.99496,0.99508,1.50,1.50
2012.07.25 05:33:43.322,0.99495,0.99508,2.25,1.50
2012.07.25 05:33:50.937,0.99495,0.99508,2.25,1.50
2012.07.25 05:33:53.979,0.99496,0.99506,1.50,1.50
2012.07.25 05:33:54.913,0.99496,0.99507,2.25,1.50
2012.07.25 05:33:55.448,0.99495,0.99508,3.00,1.50
2012.07.25 05:34:00.416,0.99495,0.99507,1.50,1.50
2012.07.25 05:34:01.176,0.99495,0.99506,3.00,1.50
2012.07.25 05:34:01.717,0.99494,0.99507,3.75,1.50
2012.07.25 05:34:10.442,0.99495,0.99506,2.25,1.50
2012.07.25 05:34:15.507,0.99496,0.99508,1.50,3.00
2012.07.25 05:34:17.882,0.99495,0.99508,3.09,1.50
2012.07.25 05:34:17.948,0.99498,0.99508,1.50,1.50
2012.07.25 05:34:18.013,0.99498,0.9951,3.00,2.50
2012.07.25 05:34:18.561,0.995,0.9951,4.50,0.50
2012.07.25 05:34:29.167,0.99502,0.9951,3.00,0.50
2012.07.25 05:34:29.534,0.995,0.9951,2.34,0.50
2012.07.25 05:34:30.314,0.99499,0.9951,3.00,2.50
2012.07.25 05:34:36.087,0.995,0.9951,2.25,0.50
2012.07.25 05:34:36.693,0.99503,0.9951,1.50,0.50
2012.07.25 05:34:36.877,0.99499,0.9951,3.75,0.50
2012.07.25 05:34:37.535,0.99499,0.9951,3.00,0.50
2012.07.25 05:34:39.844,0.995,0.9951,1.50,0.50
2012.07.25 05:34:40.379,0.99499,0.9951,2.25,0.50
2012.07.25 05:34:43.033,0.99501,0.9951,1.50,0.50
2012.07.25 05:34:43.573,0.99502,0.9951,2.25,0.50
2012.07.25 05:34:49.452,0.99503,0.9951,1.50,0.50
2012.07.25 05:34:49.759,0.99505,0.9951,2.25,0.50
2012.07.25 05:34:50.070,0.99508,0.9951,2.64,0.50
2012.07.25 05:34:50.795,0.99507,0.9951,1.05,0.50
2012.07.25 05:34:51.161,0.99504,0.9951,3.39,0.50
2012.07.25 05:35:02.931,0.99506,0.9951,2.25,0.50
2012.07.25 05:35:03.465,0.99508,0.9951,1.50,0.50
2012.07.25 05:35:04.026,0.99508,0.9951,2.25,0.50
2012.07.25 05:35:04.330,0.99509,0.99522,3.00,1.50
2012.07.25 05:35:04.614,0.99507,0.9952,2.10,1.50
2012.07.25 05:35:05.160,0.99509,0.9952,1.35,1.50
2012.07.25 05:35:05.283,0.99507,0.9952,1.35,1.50
2012.07.25 05:35:06.477,0.99507,0.99518,1.35,1.50
2012.07.25 05:35:07.036,0.99508,0.99519,1.35,1.50
2012.07.25 05:35:10.431,0.99507,0.9952,1.43,1.50
2012.07.25 05:35:13.505,0.99508,0.99521,1.43,1.88
2012.07.25 05:35:14.058,0.99509,0.9952,1.43,1.50
2012.07.25 05:35:15.469,0.99508,0.99519,1.50,1.50
2012.07.25 05:35:16.034,0.99509,0.9952,1.50,1.50
2012.07.25 05:35:16.703,0.99508,0.99521,1.50,1.50
2012.07.25 05:35:18.067,0.99507,0.9952,1.50,1.50
2012.07.25 05:35:18.849,0.99506,0.99519,1.50,1.50
2012.07.25 05:35:19.156,0.99505,0.99518,2.25,1.50
2012.07.25 05:35:22.211,0.99505,0.99518,3.00,1.50
2012.07.25 05:35:30.204,0.99506,0.99518,2.25,1.50
2012.07.25 05:35:30.749,0.99508,0.99519,1.50,1.50
2012.07.25 05:35:31.182,0.99506,0.99517,2.25,1.50
2012.07.25 05:36:00.073,0.99507,0.9952,2.25,3.75
2012.07.25 05:36:00.610,0.99506,0.99519,3.00,1.50
2012.07.25 05:36:07.910,0.99506,0.99517,1.50,1.50
2012.07.25 05:36:08.447,0.99505,0.99516,2.25,1.50
2012.07.25 05:36:08.629,0.99505,0.99518,2.25,3.00
2012.07.25 05:36:09.164,0.99506,0.99517,2.25,1.50
2012.07.25 05:36:09.701,0.99505,0.99518,2.25,1.50
2012.07.25 05:36:10.211,0.99504,0.99517,3.09,1.50
2012.07.25 05:36:17.478,0.99504,0.99517,2.25,1.50
2012.07.25 05:36:17.545,0.99504,0.99516,1.50,3.00
2012.07.25 05:36:17.851,0.99502,0.99513,1.89,3.00
2012.07.25 05:36:17.979,0.99498,0.99509,1.88,1.50
2012.07.25 05:36:18.590,0.99499,0.9951,1.50,1.50
2012.07.25 05:36:21.111,0.995,0.99513,2.25,1.50
2012.07.25 05:36:21.298,0.99502,0.99515,2.25,1.50
2012.07.25 05:36:21.364,0.99504,0.99515,1.50,1.50
2012.07.25 05:36:26.120,0.99503,0.99514,2.25,1.50
2012.07.25 05:36:26.656,0.99503,0.99514,1.50,1.50
2012.07.25 05:36:26.903,0.99499,0.99512,2.25,2.25
2012.07.25 05:36:26.972,0.99498,0.99509,2.25,1.50
2012.07.25 05:36:27.097,0.99496,0.99507,4.50,1.50
2012.07.25 05:36:28.696,0.99496,0.99507,3.00,1.50
2012.07.25 05:36:29.004,0.99502,0.99512,1.88,1.50
2012.07.25 05:36:29.070,0.99499,0.99511,1.50,1.50
2012.07.25 05:36:29.196,0.99498,0.99509,1.50,1.50
2012.07.25 05:36:47.552,0.99498,0.99511,1.50,3.00
2012.07.25 05:36:48.099,0.99499,0.99512,2.25,1.50
2012.07.25 05:36:48.166,0.99498,0.99509,2.25,1.50
2012.07.25 05:36:48.653,0.99498,0.99511,2.25,1.50
2012.07.25 05:36:50.386,0.99497,0.9951,4.88,1.50
2012.07.25 05:36:52.624,0.99498,0.99511,3.00,1.50
2012.07.25 05:36:53.164,0.99497,0.9951,3.00,1.50
2012.07.25 05:36:53.824,0.99498,0.99509,2.25,1.50
2012.07.25 05:36:54.185,0.99498,0.99511,2.25,1.50
2012.07.25 05:36:57.037,0.99497,0.9951,2.25,1.50
2012.07.25 05:36:57.104,0.99496,0.99508,1.50,1.50
2012.07.25 05:36:57.230,0.99496,0.99508,1.50,1.50
2012.07.25 05:36:57.859,0.99497,0.9951,2.25,1.50
2012.07.25 05:37:12.358,0.99497,0.99509,1.50,1.50
2012.07.25 05:37:12.485,0.99495,0.99508,3.00,1.50
2012.07.25 05:37:12.551,0.99495,0.99506,3.00,1.50
2012.07.25 05:37:12.676,0.99492,0.99505,4.13,1.50
2012.07.25 05:37:13.225,0.99493,0.99506,2.25,3.00
2012.07.25 05:37:13.782,0.99492,0.99505,3.00,1.50
2012.07.25 05:37:14.332,0.99494,0.99505,1.50,1.50
2012.07.25 05:37:15.129,0.99493,0.99504,2.25,1.50
2012.07.25 05:37:17.146,0.99494,0.99505,1.50,1.50
2012.07.25 05:37:18.052,0.99492,0.99503,3.00,1.50
2012.07.25 05:37:18.592,0.99491,0.99504,3.00,1.50
2012.07.25 05:37:22.110,0.99491,0.99502,2.25,1.50
2012.07.25 05:37:25.701,0.99491,0.99504,2.25,1.50
2012.07.25 05:37:26.608,0.99492,0.99503,2.25,1.50
2012.07.25 05:37:28.121,0.99491,0.99504,2.25,1.50
2012.07.25 05:37:31.236,0.99491,0.99502,2.25,1.50
2012.07.25 05:37:31.718,0.99491,0.99504,2.25,1.50
2012.07.25 05:37:32.617,0.99491,0.99502,2.25,1.50
2012.07.25 05:37:33.534,0.99491,0.99504,2.25,1.50
2012.07.25 05:37:34.927,0.9949,0.99503,4.50,1.50
2012.07.25 05:37:35.170,0.9949,0.99501,3.75,1.50
2012.07.25 05:37:35.714,0.9949,0.99501,3.00,1.50
2012.07.25 05:37:41.297,0.9949,0.99503,3.00,1.50
2012.07.25 05:37:42.059,0.99492,0.99503,1.50,1.50
2012.07.25 05:37:42.123,0.9949,0.99503,3.00,1.50
2012.07.25 05:37:42.817,0.99491,0.99502,1.50,1.50
2012.07.25 05:37:45.091,0.9949,0.99502,1.50,1.50
2012.07.25 05:37:45.624,0.9949,0.99503,3.00,1.50
2012.07.25 05:37:46.219,0.99491,0.99502,1.50,1.50
2012.07.25 05:37:49.002,0.9949,0.99502,1.50,1.50
2012.07.25 05:37:49.597,0.99491,0.99502,1.50,1.50
2012.07.25 05:37:50.845,0.99492,0.99505,2.25,1.50
2012.07.25 05:37:50.916,0.99494,0.99507,2.25,1.88
2012.07.25 05:37:51.227,0.99499,0.99508,2.25,1.88
2012.07.25 05:37:51.655,0.995,0.99513,2.25,1.88
2012.07.25 05:37:52.196,0.995,0.99511,2.25,1.50
2012.07.25 05:37:55.363,0.99497,0.9951,2.25,1.50
2012.07.25 05:37:55.902,0.99498,0.99511,2.25,1.50
2012.07.25 05:37:56.147,0.99498,0.99509,2.25,1.50
2012.07.25 05:37:56.683,0.99499,0.9951,2.25,1.50
2012.07.25 05:37:57.348,0.99498,0.99509,2.25,1.50
2012.07.25 05:37:59.593,0.99499,0.9951,2.25,1.50
2012.07.25 05:38:00.141,0.99498,0.99509,2.25,1.50
2012.07.25 05:38:13.052,0.99499,0.9951,2.25,1.50
2012.07.25 05:38:13.554,0.99498,0.99511,2.25,1.50
2012.07.25 05:38:14.993,0.99497,0.9951,2.25,1.50
2012.07.25 05:38:15.931,0.99498,0.99511,2.25,1.50
2012.07.25 05:38:17.290,0.99497,0.9951,3.75,1.50
2012.07.25 05:38:21.304,0.99497,0.9951,2.25,1.50
2012.07.25 05:38:22.018,0.99497,0.9951,2.25,1.50
2012.07.25 05:38:22.727,0.99498,0.99509,2.25,1.50
2012.07.25 05:38:23.273,0.99499,0.9951,2.25,1.50
2012.07.25 05:38:23.811,0.99498,0.99509,2.25,1.50
2012.07.25 05:38:24.412,0.99498,0.99511,2.25,3.00
2012.07.25 05:38:26.567,0.99497,0.9951,2.25,1.50
2012.07.25 05:38:27.116,0.99498,0.99511,2.25,1.50
2012.07.25 05:38:27.361,0.99498,0.99509,2.25,1.50
2012.07.25 05:38:27.908,0.99498,0.99509,1.50,1.50
2012.07.25 05:38:28.696,0.99496,0.99506,2.25,1.50
2012.07.25 05:38:28.947,0.99492,0.99505,3.38,1.50
2012.07.25 05:38:29.013,0.99494,0.99505,1.50,1.50
2012.07.25 05:38:29.553,0.99493,0.99504,1.50,1.50
2012.07.25 05:38:38.086,0.99493,0.99506,1.50,1.50
2012.07.25 05:38:38.625,0.99492,0.99505,3.00,1.50
2012.07.25 05:38:40.606,0.99492,0.99502,1.50,1.50
2012.07.25 05:38:41.266,0.99491,0.99504,2.25,1.50
2012.07.25 05:38:41.357,0.99491,0.99502,2.25,1.50
2012.07.25 05:38:42.045,0.99492,0.99503,2.25,1.50
2012.07.25 05:38:58.843,0.99494,0.99506,1.50,1.50
2012.07.25 05:38:59.145,0.99495,0.99508,2.25,2.63
2012.07.25 05:38:59.633,0.99498,0.9951,1.50,2.25
2012.07.25 05:38:59.699,0.99498,0.9951,1.50,1.50
2012.07.25 05:38:59.765,0.99496,0.99508,2.25,1.50
2012.07.25 05:39:09.611,0.99495,0.99507,2.25,1.50
2012.07.25 05:39:10.274,0.99492,0.99506,2.25,1.50
2012.07.25 05:39:11.562,0.99493,0.99505,2.25,1.50
2012.07.25 05:39:41.110,0.99493,0.99505,2.25,1.50
2012.07.25 05:39:41.237,0.99495,0.99509,1.50,5.25
2012.07.25 05:39:41.779,0.99495,0.99509,3.38,1.50
2012.07.25 05:39:48.689,0.99499,0.99511,2.25,2.25
2012.07.25 05:39:49.674,0.99499,0.99511,2.25,1.50
2012.07.25 05:39:54.155,0.99498,0.9951,1.50,1.50
2012.07.25 05:40:04.238,0.99496,0.99509,2.63,1.50
2012.07.25 05:40:04.544,0.99496,0.99507,2.25,1.13
2012.07.25 05:40:05.088,0.99494,0.99508,3.38,1.50
2012.07.25 05:40:05.697,0.99494,0.99508,3.00,1.50
2012.07.25 05:40:06.238,0.99496,0.99508,1.50,1.50
2012.07.25 05:40:06.756,0.99495,0.99507,1.50,1.50
2012.07.25 05:40:10.996,0.99494,0.99506,2.25,1.50
2012.07.25 05:40:11.537,0.99493,0.99505,2.25,1.50
2012.07.25 05:40:12.426,0.99493,0.99505,1.50,1.50
2012.07.25 05:40:12.735,0.99492,0.99502,1.50,1.50
2012.07.25 05:40:13.271,0.99491,0.99503,2.25,1.50
2012.07.25 05:40:13.799,0.99491,0.99503,1.50,1.50
2012.07.25 05:40:17.626,0.99491,0.99503,2.25,1.50
2012.07.25 05:40:17.691,0.99491,0.99505,2.25,3.00
2012.07.25 05:40:18.240,0.99492,0.99504,1.50,1.50
2012.07.25 05:40:20.440,0.99493,0.99506,1.50,1.50
2012.07.25 05:40:21.402,0.99492,0.99506,1.50,1.50
2012.07.25 05:40:28.085,0.99492,0.99506,2.25,1.50
2012.07.25 05:40:36.374,0.99492,0.99504,2.25,1.50
2012.07.25 05:40:43.127,0.99491,0.99503,2.25,1.50
2012.07.25 05:40:43.974,0.99491,0.99505,2.25,1.50
2012.07.25 05:40:46.392,0.99491,0.99503,2.25,1.50
2012.07.25 05:40:46.927,0.9949,0.99502,3.75,1.50
2012.07.25 05:40:46.991,0.9949,0.99504,3.75,1.50
2012.07.25 05:40:53.903,0.99491,0.99505,2.25,1.50
2012.07.25 05:40:54.089,0.99494,0.99506,1.50,3.75
2012.07.25 05:40:54.213,0.99492,0.99506,2.25,2.25
2012.07.25 05:41:01.786,0.99494,0.99506,1.50,1.50
2012.07.25 05:41:02.318,0.99493,0.99505,1.50,1.50
2012.07.25 05:41:02.685,0.99495,0.99505,2.35,1.50
2012.07.25 05:41:02.816,0.99496,0.99509,1.88,2.25
2012.07.25 05:41:02.947,0.99499,0.99511,2.25,1.88
2012.07.25 05:41:03.137,0.99499,0.99513,2.25,1.88
2012.07.25 05:41:03.203,0.99499,0.99513,2.25,1.50
2012.07.25 05:41:03.749,0.99502,0.99514,2.25,1.50
2012.07.25 05:41:04.055,0.995,0.99512,2.25,1.50
2012.07.25 05:41:04.593,0.99499,0.99513,4.88,1.50
2012.07.25 05:41:14.100,0.99503,0.99517,1.50,3.75
2012.07.25 05:41:15.880,0.99503,0.99516,1.13,1.50
2012.07.25 05:41:16.007,0.99503,0.99516,1.88,1.50
2012.07.25 05:41:16.254,0.99505,0.99519,2.25,1.50
2012.07.25 05:41:16.624,0.99508,0.99521,2.25,1.50
2012.07.25 05:41:16.871,0.99507,0.99519,2.25,1.50
2012.07.25 05:41:16.999,0.99507,0.99521,2.25,1.50
2012.07.25 05:41:17.546,0.99508,0.9952,2.25,1.50
2012.07.25 05:41:18.093,0.99507,0.99519,2.25,1.50
2012.07.25 05:41:18.461,0.99506,0.99518,2.25,1.50
2012.07.25 05:41:18.590,0.99505,0.99517,3.75,1.50
2012.07.25 05:41:18.963,0.99502,0.99514,3.00,1.50
2012.07.25 05:41:19.501,0.995,0.99514,3.75,1.50
2012.07.25 05:41:20.588,0.99503,0.99516,2.25,1.50
2012.07.25 05:41:20.716,0.99506,0.99518,1.50,3.75
2012.07.25 05:41:20.964,0.99507,0.99521,1.50,3.00
2012.07.25 05:41:21.506,0.99507,0.99519,2.25,1.50
2012.07.25 05:41:21.978,0.99509,0.99519,1.50,1.50
2012.07.25 05:41:22.043,0.9951,0.99524,1.50,4.13
2012.07.25 05:41:22.230,0.9951,0.99524,3.00,1.88
2012.07.25 05:41:22.779,0.9951,0.99522,2.25,1.50
2012.07.25 05:41:33.848,0.9951,0.99524,2.25,3.00
2012.07.25 05:41:34.089,0.9951,0.99522,2.25,1.50
2012.07.25 05:41:34.630,0.9951,0.99522,1.50,1.50
2012.07.25 05:41:49.302,0.99508,0.99522,1.50,1.50
2012.07.25 05:41:49.663,0.99508,0.9952,1.50,1.50
2012.07.25 05:41:49.787,0.99508,0.99522,2.25,1.50
2012.07.25 05:41:52.922,0.99507,0.99521,3.75,1.50
2012.07.25 05:41:53.045,0.99509,0.99521,1.50,1.50
2012.07.25 05:41:57.973,0.99508,0.9952,2.25,1.50
2012.07.25 05:41:58.097,0.99508,0.99522,2.25,1.50
2012.07.25 05:41:58.861,0.99508,0.99522,2.25,2.25
2012.07.25 05:42:01.221,0.99509,0.99523,1.50,3.75
2012.07.25 05:42:03.490,0.9951,0.99524,1.50,4.50
2012.07.25 05:42:03.793,0.99513,0.99524,1.50,1.50
2012.07.25 05:42:03.858,0.99513,0.99524,1.50,1.50
2012.07.25 05:42:04.163,0.99511,0.99525,3.75,2.40
2012.07.25 05:42:05.452,0.99513,0.99525,1.50,2.40
2012.07.25 05:42:05.976,0.99512,0.99524,1.50,2.25
2012.07.25 05:42:06.516,0.99513,0.99525,1.50,2.40
2012.07.25 05:42:07.057,0.99512,0.99524,1.50,2.25
2012.07.25 05:42:07.716,0.9951,0.99522,2.25,1.50
2012.07.25 05:42:08.023,0.99508,0.99519,1.88,1.50
2012.07.25 05:42:08.609,0.99508,0.9952,3.38,1.50
2012.07.25 05:42:11.089,0.99509,0.99521,2.25,1.50
2012.07.25 05:42:25.739,0.99511,0.99523,1.50,3.75
2012.07.25 05:42:26.391,0.9951,0.99522,1.50,1.50
2012.07.25 05:42:27.872,0.99511,0.99523,1.50,2.25
2012.07.25 05:42:34.046,0.9951,0.99522,2.25,1.50
2012.07.25 05:42:34.588,0.9951,0.99524,1.50,3.75
2012.07.25 05:42:34.950,0.9951,0.99522,1.50,1.50
2012.07.25 05:42:35.073,0.9951,0.99524,1.50,3.75
2012.07.25 05:42:35.197,0.9951,0.99522,1.50,1.50
2012.07.25 05:42:36.566,0.99511,0.99523,1.50,1.50
2012.07.25 05:42:37.227,0.9951,0.99524,1.50,2.25
2012.07.25 05:42:38.967,0.99513,0.99525,1.50,3.75
2012.07.25 05:42:39.230,0.99511,0.99525,3.00,3.75
2012.07.25 05:42:39.473,0.9951,0.99522,1.50,1.50
2012.07.25 05:42:39.538,0.9951,0.99524,1.50,2.25
2012.07.25 05:42:40.088,0.99511,0.99523,1.50,1.50
2012.07.25 05:42:40.625,0.99512,0.99524,1.50,2.25
2012.07.25 05:42:41.164,0.99513,0.99525,1.50,2.40
2012.07.25 05:42:41.714,0.99514,0.99527,1.50,1.65
2012.07.25 05:42:42.283,0.99512,0.99526,3.00,2.40
2012.07.25 05:42:44.268,0.99515,0.99527,1.50,3.15
2012.07.25 05:42:44.661,0.99512,0.99524,2.25,1.50
2012.07.25 05:42:45.197,0.99511,0.99525,3.00,1.50
2012.07.25 05:42:46.469,0.99511,0.99525,3.00,1.50
2012.07.25 05:42:48.827,0.99511,0.99525,3.00,2.25
2012.07.25 05:42:49.304,0.9951,0.99522,3.38,1.50
2012.07.25 05:42:49.863,0.9951,0.99523,1.88,1.50
2012.07.25 05:42:50.410,0.9951,0.99524,3.38,2.25
2012.07.25 05:42:51.162,0.9951,0.99524,4.88,2.25
2012.07.25 05:42:51.466,0.99513,0.99525,1.50,2.25
2012.07.25 05:42:54.148,0.99511,0.99525,3.75,2.25
2012.07.25 05:42:54.388,0.99513,0.99525,1.50,2.25
2012.07.25 05:42:55.124,0.99512,0.99524,1.50,2.25
2012.07.25 05:42:58.524,0.99513,0.99525,1.50,2.25
2012.07.25 05:42:59.500,0.99511,0.99525,3.00,2.25
2012.07.25 05:43:00.184,0.99512,0.99526,1.50,2.40
2012.07.25 05:43:03.187,0.99513,0.99525,1.50,2.25
2012.07.25 05:43:03.973,0.99511,0.99525,3.00,2.25
2012.07.25 05:43:04.583,0.99512,0.99526,1.50,2.29
2012.07.25 05:43:09.365,0.99511,0.99525,3.00,2.25
2012.07.25 05:43:18.434,0.99511,0.99522,1.50,1.50
2012.07.25 05:43:18.497,0.99511,0.99524,1.50,2.25
2012.07.25 05:43:38.782,0.9951,0.99524,3.00,2.25
2012.07.25 05:43:39.730,0.99512,0.99524,1.50,2.25
2012.07.25 05:43:43.351,0.99511,0.99525,3.00,2.25
2012.07.25 05:43:44.309,0.99512,0.99526,1.50,2.67
2012.07.25 05:43:44.877,0.99511,0.99525,3.00,2.25
2012.07.25 05:43:44.999,0.99513,0.99525,1.50,2.25
2012.07.25 05:43:45.819,0.99511,0.99525,4.50,2.25
2012.07.25 05:43:45.940,0.99513,0.99525,1.50,2.25
2012.07.25 05:43:46.531,0.99512,0.99526,2.25,2.63
2012.07.25 05:43:46.845,0.99514,0.99528,1.50,4.17
2012.07.25 05:43:47.769,0.99514,0.99528,1.50,3.04
2012.07.25 05:43:47.893,0.99513,0.99525,3.00,2.25
2012.07.25 05:43:48.721,0.99513,0.99525,1.50,2.25
2012.07.25 05:43:49.260,0.99512,0.99524,1.50,2.25
2012.07.25 05:43:49.908,0.99514,0.99526,1.50,1.17
2012.07.25 05:43:50.033,0.99512,0.99526,1.50,2.63
2012.07.25 05:43:52.853,0.9951,0.99523,1.50,2.25
2012.07.25 05:43:53.616,0.99511,0.99525,1.50,2.25
2012.07.25 05:43:56.423,0.99513,0.99525,1.50,2.25
2012.07.25 05:44:00.624,0.99511,0.99525,1.50,2.25
2012.07.25 05:44:04.622,0.99512,0.99526,1.50,3.42
2012.07.25 05:44:05.427,0.99511,0.99525,2.25,2.25
2012.07.25 05:44:05.491,0.99513,0.99525,1.50,2.25
2012.07.25 05:44:06.366,0.99515,0.99527,1.50,2.29
2012.07.25 05:44:06.957,0.99515,0.99527,1.50,2.29
2012.07.25 05:44:08.140,0.99513,0.99525,1.50,2.25
2012.07.25 05:44:08.645,0.99512,0.99524,3.75,2.25
2012.07.25 05:44:09.183,0.9951,0.99522,5.63,1.50
2012.07.25 05:44:09.718,0.99512,0.99526,2.25,2.29
2012.07.25 05:44:12.091,0.99513,0.99525,1.50,2.25
2012.07.25 05:44:12.633,0.99511,0.99525,3.00,2.25
2012.07.25 05:44:16.876,0.99514,0.99527,1.50,1.92
2012.07.25 05:44:17.416,0.99513,0.99525,3.00,2.25
2012.07.25 05:44:18.074,0.99512,0.99524,2.25,2.25
2012.07.25 05:44:18.820,0.9951,0.99524,4.88,2.25
2012.07.25 05:44:19.607,0.99513,0.99525,1.50,2.25
2012.07.25 05:44:20.145,0.99512,0.99524,2.25,2.25
2012.07.25 05:44:20.684,0.99513,0.99525,1.50,2.25
2012.07.25 05:44:22.229,0.99512,0.99526,3.00,2.25
2012.07.25 05:44:25.645,0.99513,0.99525,1.50,2.25
2012.07.25 05:44:26.058,0.99511,0.99525,2.25,2.25
2012.07.25 05:44:26.596,0.99513,0.99525,1.50,2.25
2012.07.25 05:44:27.134,0.99512,0.99526,1.88,2.63
2012.07.25 05:44:27.684,0.99511,0.99525,2.25,2.25
2012.07.25 05:44:29.198,0.99512,0.99526,1.50,2.63
2012.07.25 05:44:36.958,0.99514,0.99526,1.50,1.13
2012.07.25 05:44:38.419,0.99515,0.99529,1.50,3.19
2012.07.25 05:44:38.603,0.99513,0.99527,3.38,2.29
2012.07.25 05:44:38.972,0.99516,0.99528,2.25,2.44
2012.07.25 05:44:39.278,0.99516,0.99528,3.38,2.40
2012.07.25 05:44:45.189,0.99516,0.99526,1.88,1.50
2012.07.25 05:44:45.737,0.99517,0.99528,1.13,2.40
2012.07.25 05:44:49.121,0.99517,0.99528,1.13,1.65
2012.07.25 05:44:49.565,0.99515,0.99527,3.00,2.25
2012.07.25 05:44:50.111,0.99516,0.99527,1.88,2.25
2012.07.25 05:44:51.086,0.99516,0.99529,2.63,2.40
2012.07.25 05:44:51.632,0.99517,0.99529,2.63,2.40
2012.07.25 05:44:54.403,0.99517,0.99529,2.63,2.33
2012.07.25 05:44:58.225,0.99518,0.9953,1.50,5.33
2012.07.25 05:44:58.409,0.99518,0.9953,2.25,3.50
2012.07.25 05:44:58.655,0.99517,0.9953,1.88,3.45
2012.07.25 05:44:59.223,0.99517,0.9953,1.88,3.45
2012.07.25 05:45:00.544,0.99518,0.9953,1.50,3.45
2012.07.25 05:45:03.123,0.99517,0.9953,3.38,1.45
2012.07.25 05:45:08.141,0.99517,0.9953,3.38,1.25
2012.07.25 05:45:08.209,0.99519,0.9953,2.25,1.50
2012.07.25 05:45:09.755,0.99522,0.9953,1.50,0.70
2012.07.25 05:45:10.293,0.99521,0.9953,2.25,0.70
2012.07.25 05:45:10.536,0.99522,0.9953,2.25,0.70
2012.07.25 05:45:10.662,0.99522,0.9953,2.25,0.50
2012.07.25 05:45:10.731,0.99522,0.9953,3.75,0.50
2012.07.25 05:45:11.164,0.99528,0.9953,1.50,0.50
2012.07.25 05:45:11.417,0.99529,0.9954,1.88,2.63
2012.07.25 05:45:11.484,0.99529,0.9954,2.63,1.88
2012.07.25 05:45:11.550,0.99529,0.99542,1.50,2.63
2012.07.25 05:45:11.677,0.99528,0.99542,1.50,2.25
2012.07.25 05:45:12.120,0.99528,0.9954,2.25,1.50
2012.07.25 05:45:12.501,0.99528,0.9954,2.25,1.50
2012.07.25 05:45:13.159,0.9953,0.99542,2.25,2.25
2012.07.25 05:45:13.702,0.99531,0.99543,1.50,2.63
2012.07.25 05:45:14.240,0.99529,0.99543,3.75,2.25
2012.07.25 05:45:15.686,0.99529,0.99543,2.25,2.25
2012.07.25 05:45:16.172,0.99527,0.99539,3.00,1.50
2012.07.25 05:45:16.237,0.99527,0.99541,3.00,1.50
2012.07.25 05:45:16.781,0.99528,0.9954,2.25,1.50
2012.07.25 05:45:17.552,0.99528,0.9954,2.25,1.50
2012.07.25 05:45:19.155,0.99529,0.99542,2.25,1.50
2012.07.25 05:45:19.848,0.9953,0.99544,1.50,2.25
2012.07.25 05:45:22.469,0.9953,0.99542,2.25,1.50
2012.07.25 05:45:23.226,0.9953,0.99544,2.25,2.25
2012.07.25 05:45:25.143,0.99528,0.9954,4.88,1.50
2012.07.25 05:45:25.392,0.99526,0.9954,2.25,2.25
2012.07.25 05:45:25.459,0.99525,0.99536,2.25,1.50
2012.07.25 05:45:25.649,0.99524,0.99535,1.50,1.50
2012.07.25 05:45:26.193,0.99522,0.99536,2.25,2.25
2012.07.25 05:45:30.852,0.99522,0.99534,2.25,1.50
2012.07.25 05:45:31.093,0.99522,0.99536,2.25,3.38
2012.07.25 05:45:33.013,0.99522,0.99534,1.50,3.00
2012.07.25 05:45:33.319,0.99519,0.99532,3.75,1.50
2012.07.25 05:45:33.625,0.99519,0.9953,1.50,1.50
2012.07.25 05:45:48.319,0.99518,0.99529,1.50,1.50
2012.07.25 05:45:48.448,0.99516,0.99527,1.50,2.25
2012.07.25 05:45:48.758,0.99511,0.99525,1.50,1.50
2012.07.25 05:45:48.883,0.99513,0.99525,1.50,1.50
2012.07.25 05:45:50.674,0.99511,0.99525,1.50,2.25
2012.07.25 05:45:51.219,0.99512,0.99526,1.50,2.25
2012.07.25 05:45:51.761,0.99513,0.99525,1.50,2.25
2012.07.25 05:45:52.256,0.99516,0.99528,1.50,2.63
2012.07.25 05:45:52.382,0.99514,0.99528,1.50,2.63
2012.07.25 05:45:52.654,0.99514,0.99528,2.24,2.63
2012.07.25 05:45:53.146,0.99514,0.99528,2.63,1.50
2012.07.25 05:45:53.688,0.99515,0.99529,2.25,1.50
2012.07.25 05:45:53.872,0.99515,0.99527,2.25,1.50
2012.07.25 05:45:54.410,0.99516,0.99528,1.50,1.50
2012.07.25 05:45:54.949,0.99514,0.99528,2.25,1.50
2012.07.25 05:45:55.491,0.99515,0.99527,2.25,1.50
2012.07.25 05:45:55.978,0.99515,0.99529,2.25,1.88
2012.07.25 05:45:56.461,0.99515,0.99527,2.25,1.50
2012.07.25 05:46:03.598,0.99515,0.99529,2.25,1.50
2012.07.25 05:46:03.721,0.99515,0.99527,2.25,1.50
2012.07.25 05:46:17.632,0.99515,0.99529,2.25,1.50
2012.07.25 05:46:17.757,0.99517,0.99529,1.50,1.50
2012.07.25 05:46:17.821,0.99517,0.99531,1.50,3.00
2012.07.25 05:46:18.460,0.99516,0.9953,1.50,1.50
2012.07.25 05:46:20.741,0.99516,0.9953,2.25,1.50
2012.07.25 05:46:26.438,0.99515,0.99529,2.25,1.50
2012.07.25 05:46:31.520,0.99515,0.99529,2.25,1.50
2012.07.25 05:46:32.055,0.99515,0.99529,2.25,1.88
2012.07.25 05:46:36.130,0.99515,0.99527,2.25,1.50
2012.07.25 05:46:39.103,0.99515,0.99529,2.25,1.88
2012.07.25 05:46:42.792,0.99515,0.99527,2.25,1.50
2012.07.25 05:46:51.839,0.99515,0.99527,1.50,1.50
2012.07.25 05:46:53.406,0.99516,0.99528,1.50,1.88
2012.07.25 05:46:53.530,0.99514,0.99528,3.75,1.50
2012.07.25 05:46:57.037,0.99514,0.99527,2.25,1.13
2012.07.25 05:46:57.343,0.99514,0.9952,1.50,1.20
2012.07.25 05:46:57.472,0.99509,0.9952,1.50,2.70
2012.07.25 05:46:57.600,0.99509,0.99519,1.50,1.50
2012.07.25 05:46:57.907,0.99506,0.99515,1.50,3.00
2012.07.25 05:46:58.216,0.99504,0.99512,1.50,1.50
2012.07.25 05:46:58.404,0.995,0.99514,3.38,2.25
2012.07.25 05:46:58.592,0.995,0.99512,1.50,1.50
2012.07.25 05:46:59.257,0.99504,0.99514,1.50,2.25
2012.07.25 05:46:59.328,0.99499,0.99513,1.88,3.75
2012.07.25 05:46:59.880,0.99499,0.99513,1.88,1.50
2012.07.25 05:47:00.426,0.995,0.99512,1.50,3.75
2012.07.25 05:47:01.525,0.99502,0.99516,1.50,3.38
2012.07.25 05:47:01.954,0.99504,0.99516,1.50,3.00
2012.07.25 05:47:02.257,0.99502,0.99514,1.50,1.50
2012.07.25 05:47:02.940,0.99502,0.99516,1.50,3.38
2012.07.25 05:47:03.064,0.99502,0.99514,1.50,1.50
2012.07.25 05:47:03.309,0.99503,0.99516,1.50,1.88
2012.07.25 05:47:03.857,0.99504,0.99516,1.50,1.50
2012.07.25 05:47:05.220,0.99504,0.99516,2.25,1.50
2012.07.25 05:47:05.557,0.99505,0.99519,2.25,2.25
2012.07.25 05:47:06.072,0.99506,0.99519,1.50,1.50
2012.07.25 05:47:07.017,0.99505,0.99517,1.88,1.50
2012.07.25 05:47:07.142,0.99503,0.99515,1.50,1.50
2012.07.25 05:47:07.329,0.99501,0.99515,5.63,3.75
2012.07.25 05:47:07.457,0.995,0.99512,3.00,1.50
2012.07.25 05:47:08.003,0.995,0.99512,1.50,1.50
2012.07.25 05:47:08.769,0.995,0.99514,1.50,1.88
2012.07.25 05:47:09.310,0.99499,0.99513,1.73,1.50
2012.07.25 05:47:12.493,0.995,0.99514,1.50,1.88
2012.07.25 05:47:12.619,0.995,0.99514,2.25,1.88
2012.07.25 05:47:12.925,0.99502,0.99514,1.88,1.88
2012.07.25 05:47:13.425,0.99506,0.99518,2.63,2.63
2012.07.25 05:47:13.499,0.99504,0.99518,4.50,1.88
2012.07.25 05:47:14.048,0.99505,0.99517,1.50,1.50
2012.07.25 05:47:14.534,0.99501,0.99515,3.75,1.50
2012.07.25 05:47:14.780,0.99499,0.99513,8.25,1.50
2012.07.25 05:47:15.085,0.99499,0.99512,4.73,1.50
2012.07.25 05:47:15.626,0.99499,0.99511,6.23,1.50
2012.07.25 05:47:15.869,0.99499,0.99511,4.35,1.50
2012.07.25 05:47:15.934,0.99499,0.99511,3.98,1.50
2012.07.25 05:47:17.603,0.99499,0.9951,1.50,2.25
2012.07.25 05:47:18.030,0.99495,0.99509,1.50,1.50
2012.07.25 05:47:18.484,0.99495,0.99507,1.50,1.50
2012.07.25 05:47:18.793,0.99495,0.99505,1.50,1.13
2012.07.25 05:47:18.860,0.99495,0.99507,1.50,3.38
2012.07.25 05:47:18.926,0.99493,0.99506,2.63,1.50
2012.07.25 05:47:19.352,0.99494,0.99508,1.50,1.50
2012.07.25 05:47:19.893,0.99495,0.99507,2.25,1.50
2012.07.25 05:47:23.462,0.99496,0.99508,1.50,1.50
2012.07.25 05:47:23.585,0.99494,0.99508,2.25,1.50
2012.07.25 05:47:24.100,0.99495,0.99509,1.50,1.50
2012.07.25 05:47:24.801,0.99495,0.99509,2.25,1.50
2012.07.25 05:47:26.448,0.99495,0.99509,1.50,1.50
2012.07.25 05:47:27.952,0.99495,0.99509,3.75,1.50
2012.07.25 05:47:28.138,0.99497,0.99511,2.25,3.75
2012.07.25 05:47:28.268,0.99499,0.99511,1.88,1.50
2012.07.25 05:47:28.580,0.99501,0.99511,1.50,1.50
2012.07.25 05:47:28.827,0.99504,0.99516,1.50,3.00
2012.07.25 05:47:29.086,0.99502,0.99514,3.75,1.50
2012.07.25 05:47:29.393,0.995,0.99512,3.75,1.50
2012.07.25 05:47:29.639,0.99497,0.99511,3.75,1.50
2012.07.25 05:47:30.188,0.99499,0.99511,1.50,1.50
2012.07.25 05:47:30.738,0.99498,0.9951,2.25,1.50
2012.07.25 05:47:30.990,0.99495,0.99507,2.25,1.50
2012.07.25 05:47:31.119,0.99493,0.99507,2.34,1.50
2012.07.25 05:47:31.304,0.99493,0.99505,2.25,1.50
2012.07.25 05:47:31.429,0.99493,0.99507,2.25,1.50
2012.07.25 05:47:31.857,0.99495,0.99509,1.50,4.13
2012.07.25 05:47:32.164,0.99493,0.99507,3.75,1.50
2012.07.25 05:47:32.533,0.99496,0.99508,1.50,1.88
2012.07.25 05:47:32.718,0.99494,0.99508,3.75,1.50
2012.07.25 05:47:35.175,0.99494,0.99508,3.00,1.50
2012.07.25 05:47:35.704,0.99494,0.99508,3.00,1.50
2012.07.25 05:47:35.888,0.99496,0.99508,1.50,1.50
2012.07.25 05:47:36.012,0.99494,0.99508,3.00,1.50
2012.07.25 05:47:36.259,0.99496,0.99508,1.50,1.50
2012.07.25 05:47:36.875,0.99494,0.99508,3.00,1.50
2012.07.25 05:47:37.428,0.99495,0.99509,2.25,1.50
2012.07.25 05:47:38.490,0.99494,0.99508,3.00,1.50
2012.07.25 05:47:39.030,0.99495,0.99507,2.25,1.50
2012.07.25 05:47:39.390,0.99496,0.99508,3.75,1.50
2012.07.25 05:47:39.457,0.99498,0.9951,1.50,1.88
2012.07.25 05:47:39.704,0.995,0.99511,1.50,1.13
2012.07.25 05:47:39.771,0.995,0.99514,1.50,4.13
2012.07.25 05:47:39.837,0.995,0.99512,1.50,1.50
2012.07.25 05:47:40.357,0.99501,0.99513,1.50,1.50
2012.07.25 05:47:43.274,0.99499,0.99513,2.25,1.50
2012.07.25 05:47:46.792,0.995,0.99514,1.50,1.50
2012.07.25 05:47:50.477,0.995,0.99512,1.50,1.50
2012.07.25 05:47:52.342,0.99501,0.99513,1.50,1.50
2012.07.25 05:48:04.817,0.995,0.99512,1.50,1.50
2012.07.25 05:48:05.168,0.995,0.99514,1.50,1.50
2012.07.25 05:48:09.161,0.99499,0.99513,3.75,1.50
2012.07.25 05:48:09.287,0.99498,0.99511,3.00,1.50
2012.07.25 05:48:09.833,0.99498,0.9951,1.50,1.50
2012.07.25 05:48:10.139,0.99496,0.99508,2.25,1.50
2012.07.25 05:48:10.684,0.99495,0.99507,1.50,1.50
2012.07.25 05:48:11.255,0.99496,0.99508,1.50,1.50
2012.07.25 05:48:12.417,0.99494,0.99508,1.50,1.50
2012.07.25 05:48:13.927,0.99495,0.99507,1.50,1.50
2012.07.25 05:48:15.593,0.99493,0.99505,3.75,1.50
2012.07.25 05:48:15.779,0.99493,0.99507,2.25,3.00
2012.07.25 05:48:16.321,0.99494,0.99506,1.50,1.50
2012.07.25 05:48:17.572,0.99492,0.99506,2.25,1.50
2012.07.25 05:48:18.113,0.99494,0.99506,1.50,1.50
2012.07.25 05:48:20.651,0.99495,0.99507,1.50,1.50
2012.07.25 05:48:23.093,0.99493,0.99506,1.50,1.50
2012.07.25 05:48:23.659,0.99493,0.99507,3.00,1.50
2012.07.25 05:48:25.492,0.99495,0.99509,1.50,1.50
2012.07.25 05:48:25.921,0.99498,0.9951,1.50,1.50
2012.07.25 05:48:26.467,0.99499,0.99511,1.50,1.50
2012.07.25 05:48:26.771,0.99497,0.99509,2.25,1.50
2012.07.25 05:48:27.433,0.99498,0.9951,1.50,1.50
2012.07.25 05:48:27.987,0.99498,0.99512,1.50,1.88
2012.07.25 05:48:29.380,0.99498,0.9951,1.50,1.50
2012.07.25 05:48:37.247,0.99495,0.99509,4.88,1.50
2012.07.25 05:48:38.080,0.99498,0.9951,1.50,1.50
2012.07.25 05:48:38.629,0.99497,0.99511,2.25,1.50
2012.07.25 05:48:43.356,0.99496,0.99509,1.50,1.50
2012.07.25 05:48:44.325,0.99496,0.99508,2.25,1.50
2012.07.25 05:48:44.868,0.99495,0.99509,2.25,1.50
2012.07.25 05:48:45.408,0.99495,0.99509,2.25,1.50
2012.07.25 05:48:45.829,0.99495,0.99507,2.25,1.50
2012.07.25 05:48:46.076,0.99493,0.99506,3.00,1.50
2012.07.25 05:48:46.621,0.99493,0.99505,2.25,1.50
2012.07.25 05:48:47.085,0.99493,0.99507,2.25,3.00
2012.07.25 05:48:47.211,0.99493,0.99505,2.25,1.50
2012.07.25 05:48:48.379,0.99494,0.99506,1.50,1.50
2012.07.25 05:48:48.920,0.99493,0.99505,2.25,1.50
2012.07.25 05:48:49.928,0.99494,0.99506,1.50,1.50
2012.07.25 05:48:50.485,0.99492,0.99506,2.25,1.50
2012.07.25 05:48:51.124,0.99493,0.99505,2.25,1.50
2012.07.25 05:48:51.637,0.99494,0.99506,1.50,1.50
2012.07.25 05:48:52.322,0.99493,0.99507,2.25,1.50
2012.07.25 05:48:55.532,0.99494,0.99505,1.50,1.50
2012.07.25 05:48:56.309,0.99494,0.99505,1.50,1.58
2012.07.25 05:48:56.433,0.99491,0.99502,4.50,1.50
2012.07.25 05:48:56.562,0.9949,0.99499,2.63,1.50
2012.07.25 05:48:56.687,0.99488,0.99499,1.50,1.50
2012.07.25 05:48:57.116,0.99491,0.99502,1.50,1.50
2012.07.25 05:48:57.665,0.99488,0.99499,2.25,1.50
2012.07.25 05:48:58.330,0.99487,0.99497,1.13,1.50
2012.07.25 05:48:58.457,0.99489,0.995,1.50,1.50
2012.07.25 05:48:58.586,0.99487,0.995,2.25,1.50
2012.07.25 05:48:58.711,0.99489,0.995,1.50,1.50
2012.07.25 05:48:58.836,0.99487,0.995,2.25,1.50
2012.07.25 05:48:59.025,0.99489,0.995,1.50,1.50
2012.07.25 05:48:59.572,0.99488,0.99499,1.50,1.50
2012.07.25 05:49:02.947,0.99489,0.995,1.50,1.50
2012.07.25 05:49:03.074,0.9949,0.99503,1.50,1.50
2012.07.25 05:49:03.201,0.99492,0.99503,1.50,1.50
2012.07.25 05:49:03.325,0.9949,0.99503,1.50,1.50
2012.07.25 05:49:03.996,0.99489,0.995,1.50,1.50
2012.07.25 05:49:04.422,0.99486,0.99497,2.25,1.50
2012.07.25 05:49:04.725,0.99486,0.99499,2.25,1.50
2012.07.25 05:49:06.238,0.99488,0.995,1.50,2.25
2012.07.25 05:49:06.782,0.99488,0.99501,2.25,1.50
2012.07.25 05:49:07.028,0.99486,0.99497,3.00,1.50
2012.07.25 05:49:07.570,0.99487,0.99498,1.50,1.50
2012.07.25 05:49:07.756,0.99487,0.995,1.50,3.00
2012.07.25 05:49:14.016,0.99487,0.995,2.25,1.50
2012.07.25 05:49:14.201,0.9949,0.99501,1.50,1.50
2012.07.25 05:49:14.386,0.99487,0.995,1.88,1.50
2012.07.25 05:49:14.749,0.99486,0.99498,1.50,1.50
2012.07.25 05:49:15.257,0.99486,0.99499,3.00,1.50
2012.07.25 05:49:15.615,0.99488,0.99499,1.50,1.50
2012.07.25 05:49:16.697,0.9949,0.99501,1.50,5.25
2012.07.25 05:49:17.007,0.99491,0.99504,2.63,1.50
2012.07.25 05:49:17.132,0.99493,0.99506,1.50,1.50
2012.07.25 05:49:17.624,0.99493,0.99504,1.50,1.50
2012.07.25 05:49:18.174,0.99492,0.99503,1.50,1.50
2012.07.25 05:49:18.421,0.9949,0.99503,1.50,1.50
2012.07.25 05:49:18.790,0.99489,0.99501,3.00,1.50
2012.07.25 05:49:19.095,0.99488,0.99499,1.50,1.50
2012.07.25 05:49:20.028,0.99488,0.99501,1.50,1.50
2012.07.25 05:49:20.391,0.99488,0.99499,1.50,1.50
2012.07.25 05:49:26.611,0.99488,0.99501,1.50,1.50
2012.07.25 05:49:26.974,0.9949,0.99501,1.50,1.50
2012.07.25 05:49:27.585,0.99489,0.995,1.50,1.50
2012.07.25 05:49:28.135,0.99488,0.99501,2.25,1.50
2012.07.25 05:49:34.650,0.99489,0.99501,2.25,1.50
2012.07.25 05:49:35.201,0.99489,0.99502,2.25,1.50
2012.07.25 05:49:39.868,0.99487,0.99504,3.00,3.75
2012.07.25 05:49:39.993,0.99491,0.99502,1.50,1.50
2012.07.25 05:49:41.491,0.99489,0.99502,2.25,1.50
2012.07.25 05:49:41.614,0.99491,0.99502,1.50,1.50
2012.07.25 05:49:45.685,0.9949,0.99503,1.50,1.50
2012.07.25 05:49:46.238,0.9949,0.99501,1.50,1.50
2012.07.25 05:49:48.288,0.9949,0.99503,1.50,1.50
2012.07.25 05:49:49.029,0.99489,0.99502,2.25,1.50
2012.07.25 05:49:49.153,0.99491,0.99502,1.50,1.50
2012.07.25 05:49:51.376,0.99489,0.99502,2.25,1.50
2012.07.25 05:49:52.185,0.99491,0.99502,1.50,1.50
2012.07.25 05:49:58.810,0.99489,0.99502,2.25,1.50
2012.07.25 05:49:59.668,0.99491,0.99502,1.50,1.50
2012.07.25 05:50:00.170,0.9949,0.99503,1.50,1.50
2012.07.25 05:50:01.391,0.9949,0.99501,1.50,1.50
2012.07.25 05:50:01.692,0.9949,0.99503,2.25,1.50
2012.07.25 05:50:02.225,0.99491,0.99502,2.25,1.50
2012.07.25 05:50:11.515,0.99492,0.99503,2.25,1.50
2012.07.25 05:50:12.054,0.99493,0.99504,2.25,1.50
2012.07.25 05:50:12.355,0.99491,0.99502,3.00,1.50
2012.07.25 05:50:12.867,0.99492,0.99503,2.25,1.50
2012.07.25 05:50:14.547,0.99491,0.99502,3.00,1.50
2012.07.25 05:50:14.671,0.99491,0.99504,3.00,3.00
2012.07.25 05:50:15.217,0.99492,0.99503,2.25,1.50
2012.07.25 05:50:21.227,0.99491,0.99504,2.25,3.00
2012.07.25 05:50:26.246,0.9949,0.99503,3.75,1.50
2012.07.25 05:50:26.789,0.99489,0.99502,2.25,1.50
2012.07.25 05:50:27.326,0.99492,0.99503,2.25,1.50
2012.07.25 05:50:27.925,0.99491,0.99502,2.25,1.50
2012.07.25 05:50:28.285,0.99491,0.99504,2.25,3.00
2012.07.25 05:50:29.265,0.9949,0.99503,3.75,1.50
2012.07.25 05:50:30.705,0.99492,0.99503,2.25,1.50
2012.07.25 05:50:31.241,0.99491,0.99502,2.25,1.50
2012.07.25 05:50:31.603,0.99491,0.99504,2.25,1.50
2012.07.25 05:50:31.902,0.99491,0.99502,2.25,1.50
2012.07.25 05:50:32.024,0.99491,0.99504,2.25,1.50
2012.07.25 05:50:32.147,0.99491,0.99502,2.25,1.50
2012.07.25 05:50:33.337,0.99491,0.99504,2.25,1.50
2012.07.25 05:50:38.160,0.9949,0.99503,2.25,1.50
2012.07.25 05:50:38.815,0.9949,0.99501,2.25,1.50
2012.07.25 05:50:39.367,0.99489,0.995,2.25,1.50
2012.07.25 05:50:39.613,0.9949,0.99503,2.25,1.50
2012.07.25 05:50:39.737,0.9949,0.99501,2.25,1.50
2012.07.25 05:50:39.921,0.9949,0.99503,2.25,1.50
2012.07.25 05:50:40.463,0.99489,0.99502,2.25,1.50
2012.07.25 05:50:41.588,0.9949,0.99501,2.25,1.50
2012.07.25 05:50:41.951,0.99492,0.99503,2.25,1.50
2012.07.25 05:50:43.057,0.99491,0.99502,2.25,1.50
2012.07.25 05:50:43.611,0.99492,0.99503,2.25,1.50
2012.07.25 05:50:44.255,0.99492,0.99503,2.25,1.50
2012.07.25 05:50:47.810,0.99489,0.99502,3.75,1.50
2012.07.25 05:50:50.814,0.9949,0.99503,2.25,1.50
2012.07.25 05:50:57.867,0.99489,0.99502,2.25,1.50
2012.07.25 05:50:58.390,0.9949,0.99503,2.25,3.00
2012.07.25 05:51:04.478,0.9949,0.99501,2.25,1.50
2012.07.25 05:51:04.775,0.9949,0.99503,2.25,1.50
2012.07.25 05:51:05.844,0.9949,0.99498,2.25,1.50
2012.07.25 05:51:06.031,0.99486,0.99499,5.25,1.50
2012.07.25 05:51:06.570,0.99489,0.995,2.25,1.50
2012.07.25 05:51:10.416,0.99489,0.995,2.25,1.50
2012.07.25 05:51:18.401,0.99489,0.995,2.25,1.50
2012.07.25 05:51:18.467,0.99492,0.99502,2.25,1.50
2012.07.25 05:51:19.013,0.99488,0.995,2.25,1.50
2012.07.25 05:51:19.572,0.99488,0.99499,2.25,1.50
2012.07.25 05:51:19.875,0.99488,0.99501,2.25,1.50
2012.07.25 05:51:21.013,0.99487,0.995,3.75,1.50
2012.07.25 05:51:22.387,0.99486,0.99499,2.25,3.00
2012.07.25 05:51:26.317,0.99487,0.99498,2.25,1.50
2012.07.25 05:51:30.517,0.99486,0.99497,2.25,1.50
2012.07.25 05:51:31.390,0.99486,0.99497,2.25,1.50
2012.07.25 05:51:31.455,0.99486,0.99499,2.25,1.50
2012.07.25 05:51:33.207,0.99485,0.99498,2.25,1.50
2012.07.25 05:51:33.763,0.99486,0.99497,2.25,1.50
2012.07.25 05:51:34.242,0.99485,0.99498,2.25,1.50
2012.07.25 05:51:54.139,0.99485,0.99496,2.25,1.50
2012.07.25 05:52:00.610,0.99485,0.99496,2.25,1.50
2012.07.25 05:52:04.648,0.99485,0.99496,2.25,1.50
2012.07.25 05:52:05.185,0.99485,0.99498,2.25,1.50
2012.07.25 05:52:08.592,0.99485,0.99498,2.25,1.50
2012.07.25 05:52:20.336,0.99485,0.99498,2.25,1.50
2012.07.25 05:52:20.876,0.99489,0.995,2.25,1.50
2012.07.25 05:52:21.396,0.99488,0.99499,2.63,1.50
2012.07.25 05:52:21.934,0.99489,0.995,2.25,1.50
2012.07.25 05:52:22.001,0.9949,0.99503,2.25,2.25
2012.07.25 05:52:29.193,0.99491,0.99502,2.25,1.50
2012.07.25 05:52:30.327,0.9949,0.99501,3.00,1.50
2012.07.25 05:52:30.450,0.9949,0.99503,3.00,1.50
2012.07.25 05:52:31.791,0.99491,0.99504,2.25,3.00
2012.07.25 05:52:31.856,0.99491,0.99502,2.25,1.50
2012.07.25 05:52:34.246,0.99491,0.99502,1.50,1.50
2012.07.25 05:52:35.268,0.99491,0.99502,2.25,1.50
2012.07.25 05:52:36.669,0.99492,0.99503,2.25,1.50
2012.07.25 05:52:37.261,0.99492,0.99504,1.50,1.50
2012.07.25 05:52:37.504,0.99492,0.99504,1.50,1.50
2012.07.25 05:52:37.752,0.99493,0.99506,2.25,1.88
2012.07.25 05:52:37.936,0.99493,0.99506,3.38,1.88
2012.07.25 05:52:38.493,0.99494,0.99505,2.25,1.50
2012.07.25 05:52:39.016,0.99493,0.99504,4.13,1.50
2012.07.25 05:52:40.678,0.99493,0.99506,4.13,1.50
2012.07.25 05:52:40.802,0.99493,0.99506,3.38,1.50
2012.07.25 05:52:40.927,0.99493,0.99504,4.13,1.50
2012.07.25 05:52:41.891,0.99493,0.99506,2.25,1.50
2012.07.25 05:52:42.430,0.99494,0.99505,3.00,1.50
2012.07.25 05:52:42.981,0.99493,0.99504,2.25,1.50
2012.07.25 05:52:45.596,0.99494,0.99507,2.25,3.00
2012.07.25 05:52:46.087,0.99497,0.99508,1.50,1.50
2012.07.25 05:52:46.393,0.99499,0.9951,1.88,1.50
2012.07.25 05:52:46.699,0.99497,0.99508,2.63,1.50
2012.07.25 05:52:50.018,0.99496,0.99508,1.50,1.50
2012.07.25 05:52:50.083,0.99496,0.99506,1.50,1.50
2012.07.25 05:52:50.627,0.99495,0.99506,1.50,1.50
2012.07.25 05:52:51.179,0.99494,0.99506,1.50,1.50
2012.07.25 05:52:51.484,0.99493,0.99504,3.00,1.50
2012.07.25 05:52:52.023,0.99494,0.99505,2.25,1.50
2012.07.25 05:52:56.329,0.99493,0.99504,3.00,1.50
2012.07.25 05:52:57.212,0.99493,0.99505,1.50,1.50
2012.07.25 05:52:57.757,0.99494,0.99506,1.50,1.50
2012.07.25 05:52:58.070,0.99497,0.99506,1.50,1.50
2012.07.25 05:52:58.197,0.99497,0.9951,2.25,2.25
2012.07.25 05:52:59.608,0.99499,0.9951,1.50,1.50
2012.07.25 05:53:00.145,0.99498,0.99511,2.25,1.50
2012.07.25 05:53:00.389,0.99498,0.99509,2.25,1.50
2012.07.25 05:53:00.893,0.99498,0.99509,2.25,1.50
2012.07.25 05:53:02.643,0.99495,0.99508,3.00,1.50
2012.07.25 05:53:02.765,0.99495,0.99508,3.00,1.50
2012.07.25 05:53:03.066,0.99497,0.9951,2.25,1.50
2012.07.25 05:53:03.488,0.99496,0.99507,2.25,1.50
2012.07.25 05:53:14.422,0.99497,0.9951,2.25,1.88
2012.07.25 05:53:21.107,0.99497,0.99509,2.25,1.50
2012.07.25 05:53:21.678,0.99495,0.99508,3.00,1.50
2012.07.25 05:53:22.396,0.99497,0.9951,2.25,1.50
2012.07.25 05:53:29.202,0.99496,0.99507,2.25,1.50
2012.07.25 05:53:43.956,0.99494,0.99506,1.50,1.50
2012.07.25 05:53:44.141,0.99493,0.99504,3.00,1.50
2012.07.25 05:53:45.534,0.99493,0.99506,2.25,1.50
2012.07.25 05:53:46.400,0.99492,0.99505,3.00,1.50
2012.07.25 05:53:47.078,0.99492,0.99505,2.25,1.50
2012.07.25 05:53:47.324,0.99492,0.99503,2.25,1.50
2012.07.25 05:53:47.873,0.99489,0.99502,5.25,1.50
2012.07.25 05:53:48.414,0.99492,0.99503,2.25,1.50
2012.07.25 05:53:48.783,0.99494,0.99505,1.50,1.50
2012.07.25 05:53:49.330,0.99494,0.99505,2.25,1.50
2012.07.25 05:53:49.877,0.99493,0.99506,2.25,3.00
2012.07.25 05:53:50.381,0.99492,0.99505,3.00,1.50
2012.07.25 05:53:51.376,0.99495,0.99507,2.25,1.50
2012.07.25 05:53:51.742,0.99497,0.99509,2.25,1.50
2012.07.25 05:53:52.375,0.99497,0.9951,2.25,1.50
2012.07.25 05:53:54.914,0.99495,0.99506,5.63,1.50
2012.07.25 05:53:55.038,0.99495,0.99506,4.13,1.50
2012.07.25 05:53:59.899,0.99497,0.99506,2.25,1.50
2012.07.25 05:54:00.027,0.99496,0.99506,3.23,1.50
2012.07.25 05:54:00.334,0.99496,0.99507,3.38,1.50
2012.07.25 05:54:00.400,0.99497,0.99507,1.50,1.50
2012.07.25 05:54:00.465,0.99497,0.9951,3.00,3.00
2012.07.25 05:54:00.898,0.99496,0.99507,3.75,1.50
2012.07.25 05:54:01.628,0.99497,0.9951,2.25,3.00
2012.07.25 05:54:02.784,0.99499,0.9951,1.50,1.50
2012.07.25 05:54:03.574,0.99498,0.99509,2.25,1.50
2012.07.25 05:54:21.614,0.99493,0.99504,2.25,1.50
2012.07.25 05:54:21.863,0.99493,0.99506,2.25,3.00
2012.07.25 05:54:21.990,0.99495,0.99508,2.25,3.00
2012.07.25 05:54:22.240,0.99498,0.99511,1.50,2.25
2012.07.25 05:54:22.793,0.99498,0.99509,1.50,1.50
2012.07.25 05:54:23.300,0.99498,0.99509,2.25,1.50
2012.07.25 05:54:23.608,0.99499,0.99512,2.25,1.50
2012.07.25 05:54:23.735,0.99504,0.99512,1.88,1.50
2012.07.25 05:54:23.923,0.99504,0.99516,2.63,1.50
2012.07.25 05:54:23.987,0.99504,0.99516,2.63,1.50
2012.07.25 05:54:24.295,0.99509,0.9952,1.88,2.03
2012.07.25 05:54:25.015,0.99509,0.99519,1.88,1.50
2012.07.25 05:54:25.854,0.99509,0.9952,3.38,1.50
2012.07.25 05:54:26.396,0.99509,0.99519,1.88,1.50
2012.07.25 05:54:26.999,0.99507,0.99519,1.50,1.50
2012.07.25 05:54:27.538,0.99507,0.99519,1.50,1.50
2012.07.25 05:54:27.663,0.99506,0.99519,2.25,2.25
2012.07.25 05:54:27.730,0.99505,0.99516,1.50,1.50
2012.07.25 05:54:28.151,0.99505,0.99518,1.50,2.25
2012.07.25 05:54:28.958,0.99504,0.99517,3.75,1.50
2012.07.25 05:54:37.134,0.99502,0.99515,2.25,1.50
2012.07.25 05:54:37.677,0.99502,0.99515,2.25,1.50
2012.07.25 05:54:37.984,0.99501,0.99512,2.25,1.50
2012.07.25 05:54:40.835,0.99502,0.99515,2.25,3.00
2012.07.25 05:54:40.900,0.99502,0.99515,3.00,3.00
2012.07.25 05:54:41.446,0.99505,0.99515,1.13,1.50
2012.07.25 05:54:41.511,0.99506,0.99517,2.25,1.50
2012.07.25 05:54:41.815,0.99507,0.99519,2.25,1.50
2012.07.25 05:54:42.357,0.99507,0.99518,2.25,1.50
2012.07.25 05:54:47.542,0.99505,0.99516,4.22,2.25
2012.07.25 05:54:48.087,0.99505,0.99518,3.00,2.25
2012.07.25 05:54:48.628,0.99505,0.99518,4.50,2.25
2012.07.25 05:54:48.873,0.99507,0.9952,1.50,2.25
2012.07.25 05:54:50.085,0.99506,0.99519,2.25,1.50
2012.07.25 05:54:50.629,0.99505,0.99517,1.59,1.50
2012.07.25 05:54:50.938,0.99503,0.99515,1.44,1.50
2012.07.25 05:54:51.064,0.99502,0.99515,3.00,1.50
2012.07.25 05:54:51.605,0.99503,0.99516,2.25,1.50
2012.07.25 05:54:52.188,0.99503,0.99516,2.25,1.50
2012.07.25 05:54:52.727,0.99505,0.99518,1.50,2.25
2012.07.25 05:54:53.264,0.99504,0.99517,3.38,2.25
2012.07.25 05:54:56.897,0.99504,0.99517,3.00,2.25
2012.07.25 05:54:58.547,0.99505,0.99516,2.25,1.50
2012.07.25 05:54:59.089,0.99506,0.99517,2.25,1.50
2012.07.25 05:55:00.886,0.99505,0.99518,2.25,1.50
2012.07.25 05:55:01.425,0.99505,0.99516,2.25,1.50
2012.07.25 05:55:11.761,0.99505,0.99518,2.25,1.50
2012.07.25 05:55:12.348,0.99504,0.99517,3.00,1.50
2012.07.25 05:55:24.495,0.99505,0.99518,2.25,1.50
2012.07.25 05:55:26.372,0.99504,0.99517,3.00,1.50
2012.07.25 05:55:26.556,0.99504,0.99514,1.50,1.50
2012.07.25 05:55:26.862,0.99503,0.99514,2.25,1.50
2012.07.25 05:55:28.651,0.99503,0.99514,2.25,1.50
2012.07.25 05:55:29.019,0.99503,0.99513,1.50,1.50
2012.07.25 05:55:29.085,0.99505,0.99516,2.25,1.13
2012.07.25 05:55:29.213,0.99506,0.99518,1.88,1.50
2012.07.25 05:55:29.718,0.99506,0.99517,2.72,1.50
2012.07.25 05:55:30.379,0.99506,0.99516,2.72,1.50
2012.07.25 05:55:31.055,0.99506,0.99518,2.72,1.50
2012.07.25 05:55:31.670,0.99506,0.99516,2.72,1.50
2012.07.25 05:55:32.261,0.99506,0.99516,2.72,1.50
2012.07.25 05:55:32.872,0.99506,0.99516,2.72,1.50
2012.07.25 05:55:33.419,0.99506,0.99517,1.59,1.50
2012.07.25 05:55:33.956,0.99505,0.99516,3.09,1.50
2012.07.25 05:55:35.290,0.99505,0.99516,3.09,1.50
2012.07.25 05:55:37.929,0.99505,0.99516,3.09,1.50
2012.07.25 05:55:38.448,0.99506,0.99517,1.59,1.50
2012.07.25 05:55:41.763,0.99506,0.99517,1.59,1.50
2012.07.25 05:55:42.282,0.99506,0.99517,2.34,1.50
2012.07.25 05:55:44.545,0.99506,0.99517,2.34,1.50
2012.07.25 05:55:45.119,0.99506,0.99517,2.34,1.50
2012.07.25 05:55:46.874,0.99505,0.99516,2.34,1.50
2012.07.25 05:55:47.542,0.99505,0.99516,2.34,1.50
2012.07.25 05:55:48.278,0.99505,0.99516,2.34,1.50
2012.07.25 05:55:51.873,0.99505,0.99516,2.34,1.50
2012.07.25 05:55:55.035,0.99505,0.99516,2.34,1.50
2012.07.25 05:55:55.837,0.99505,0.99516,2.34,1.50
2012.07.25 05:55:56.271,0.99505,0.99518,2.34,1.50
2012.07.25 05:55:56.569,0.99507,0.9952,1.59,1.50
2012.07.25 05:55:56.695,0.99507,0.99518,1.50,1.50
2012.07.25 05:55:57.786,0.99507,0.9952,2.34,1.50
2012.07.25 05:55:58.031,0.99508,0.99521,2.25,1.50
2012.07.25 05:55:58.349,0.99512,0.99524,2.25,1.50
2012.07.25 05:55:58.655,0.99512,0.99525,2.25,1.50
2012.07.25 05:55:58.961,0.99511,0.99524,2.25,1.50
2012.07.25 05:55:59.500,0.99512,0.99523,2.25,1.50
2012.07.25 05:56:01.751,0.99513,0.99524,1.50,1.50
2012.07.25 05:56:02.293,0.99511,0.99524,1.59,1.65
2012.07.25 05:56:02.595,0.9951,0.99521,2.72,1.50
2012.07.25 05:56:03.177,0.9951,0.99521,2.72,1.50
2012.07.25 05:56:04.243,0.9951,0.99521,1.59,1.50
2012.07.25 05:56:04.896,0.9951,0.99521,1.59,1.50
2012.07.25 05:56:05.931,0.9951,0.99521,1.59,1.50
2012.07.25 05:56:06.603,0.9951,0.99521,1.59,1.50
2012.07.25 05:56:07.496,0.9951,0.99521,1.59,1.50
2012.07.25 05:56:07.798,0.99507,0.99518,2.25,1.50
2012.07.25 05:56:08.345,0.99506,0.99517,1.59,1.50
2012.07.25 05:56:12.885,0.99507,0.99518,1.50,1.50
2012.07.25 05:56:13.933,0.99508,0.9952,1.50,1.50
2012.07.25 05:56:14.352,0.99507,0.99518,1.50,1.50
2012.07.25 05:56:14.477,0.99507,0.9952,1.50,3.00
2012.07.25 05:56:16.726,0.99509,0.9952,1.50,1.50
2012.07.25 05:56:17.279,0.99508,0.99519,1.50,1.50
2012.07.25 05:56:18.168,0.99509,0.9952,1.50,1.50
2012.07.25 05:56:18.948,0.99511,0.99522,1.50,1.50
2012.07.25 05:56:19.495,0.9951,0.99523,1.50,1.50
2012.07.25 05:56:21.200,0.9951,0.99523,2.25,1.50
2012.07.25 05:56:22.070,0.9951,0.99521,2.25,1.50
2012.07.25 05:56:22.375,0.99509,0.99518,1.50,1.50
2012.07.25 05:56:22.854,0.99509,0.9952,2.25,1.50
2012.07.25 05:56:22.920,0.99507,0.9952,5.63,1.50
2012.07.25 05:56:23.163,0.99509,0.9952,1.50,1.50
2012.07.25 05:56:23.906,0.99508,0.99519,1.50,1.50
2012.07.25 05:56:24.443,0.99507,0.9952,4.88,1.50
2012.07.25 05:56:28.152,0.99509,0.9952,1.50,1.50
2012.07.25 05:56:28.744,0.99508,0.99521,1.50,1.50
2012.07.25 05:56:29.258,0.99508,0.99521,2.25,1.50
2012.07.25 05:56:43.774,0.99509,0.99521,1.50,1.50
2012.07.25 05:56:45.348,0.99509,0.99521,1.50,1.50
2012.07.25 05:56:47.603,0.99507,0.99518,2.25,1.50
2012.07.25 05:56:48.588,0.99508,0.99519,1.50,1.50
2012.07.25 05:56:49.251,0.99509,0.9952,1.50,1.50
2012.07.25 05:56:51.944,0.9951,0.99523,2.25,3.75
2012.07.25 05:56:52.623,0.9951,0.99523,3.00,2.25
2012.07.25 05:56:53.296,0.9951,0.99522,1.50,1.50
2012.07.25 05:56:53.585,0.9951,0.9952,1.50,1.50
2012.07.25 05:56:54.121,0.9951,0.99521,1.50,1.50
2012.07.25 05:56:55.103,0.99508,0.99521,3.00,1.50
2012.07.25 05:56:55.773,0.99509,0.9952,2.25,1.50
2012.07.25 05:57:07.678,0.99509,0.9952,2.25,1.50
2012.07.25 05:57:09.553,0.9951,0.99523,2.25,2.25
2012.07.25 05:57:18.079,0.99509,0.99522,2.25,2.25
2012.07.25 05:57:22.819,0.99508,0.99521,3.00,1.50
2012.07.25 05:57:23.884,0.99507,0.9952,3.00,1.50
2012.07.25 05:57:24.009,0.99507,0.99517,1.50,1.50
2012.07.25 05:57:24.252,0.99506,0.99516,2.72,1.50
2012.07.25 05:57:24.497,0.99506,0.99518,1.50,1.50
2012.07.25 05:57:25.202,0.99507,0.99518,3.00,1.50
2012.07.25 05:57:25.273,0.99509,0.9952,1.50,1.50
2012.07.25 05:57:25.810,0.99508,0.99519,1.50,1.50
2012.07.25 05:57:26.830,0.99509,0.9952,1.50,1.50
2012.07.25 05:57:28.292,0.99507,0.9952,5.63,1.50
2012.07.25 05:57:29.879,0.99508,0.99521,1.50,1.50
2012.07.25 05:57:31.355,0.99508,0.99521,2.25,1.50
2012.07.25 05:57:31.659,0.99514,0.99524,2.63,1.50
2012.07.25 05:57:32.373,0.99515,0.99524,1.50,1.50
2012.07.25 05:57:32.881,0.99514,0.99524,2.63,1.50
2012.07.25 05:57:33.480,0.99514,0.99524,1.88,1.50
2012.07.25 05:57:36.164,0.99513,0.99524,1.88,1.88
2012.07.25 05:57:36.535,0.99509,0.9952,1.50,1.50
2012.07.25 05:57:37.075,0.99508,0.99521,2.25,1.50
2012.07.25 05:57:37.519,0.99507,0.99518,2.34,1.50
2012.07.25 05:57:38.060,0.99508,0.99519,1.50,1.50
2012.07.25 05:57:41.378,0.99509,0.9952,1.50,1.50
2012.07.25 05:57:41.895,0.99508,0.99519,1.50,1.50
2012.07.25 05:57:42.412,0.99507,0.9952,3.00,1.50
2012.07.25 05:57:42.966,0.99509,0.9952,1.50,1.50
2012.07.25 05:57:44.432,0.99508,0.99521,3.00,2.25
2012.07.25 05:57:47.219,0.99508,0.99519,3.00,1.50
2012.07.25 05:58:13.052,0.99509,0.9952,1.50,2.25
2012.07.25 05:58:14.557,0.99508,0.99519,2.25,1.50
2012.07.25 05:58:15.327,0.99507,0.9952,3.75,3.75
2012.07.25 05:58:15.739,0.99507,0.99518,3.75,1.50
2012.07.25 05:58:16.301,0.99507,0.9952,3.75,2.25
2012.07.25 05:58:20.147,0.99507,0.99518,3.75,1.50
2012.07.25 05:58:21.225,0.99508,0.9952,1.50,2.25
2012.07.25 05:58:28.964,0.99508,0.99519,2.25,1.50
2012.07.25 05:58:30.353,0.99507,0.9952,3.00,2.25
2012.07.25 05:58:30.911,0.99507,0.99519,1.50,1.50
2012.07.25 05:58:32.013,0.99507,0.9952,3.00,2.25
2012.07.25 05:58:33.995,0.99509,0.9952,1.50,2.25
2012.07.25 05:58:34.526,0.99507,0.9952,3.00,2.25
2012.07.25 05:58:35.069,0.99509,0.9952,1.50,2.25
2012.07.25 05:58:35.619,0.99508,0.99521,2.25,2.25
2012.07.25 05:58:36.427,0.99508,0.99519,2.25,1.50
2012.07.25 05:58:36.727,0.99509,0.99521,1.88,2.25
2012.07.25 05:58:36.793,0.9951,0.99523,2.34,3.75
2012.07.25 05:58:37.221,0.99512,0.99525,2.25,1.50
2012.07.25 05:58:37.762,0.99513,0.99524,2.25,1.50
2012.07.25 05:58:38.072,0.99517,0.99528,1.50,2.25
2012.07.25 05:58:38.474,0.99516,0.99528,1.88,1.50
2012.07.25 05:58:40.188,0.99516,0.99528,2.25,1.50
2012.07.25 05:58:40.846,0.99516,0.99527,1.50,1.50
2012.07.25 05:58:42.958,0.99516,0.99528,1.50,1.50
2012.07.25 05:58:43.023,0.99516,0.99526,1.50,1.50
2012.07.25 05:58:43.088,0.99516,0.99528,1.50,1.50
2012.07.25 05:58:43.213,0.99516,0.99526,1.50,1.50
2012.07.25 05:58:43.575,0.99516,0.99528,1.50,1.50
2012.07.25 05:58:43.640,0.99516,0.99526,1.50,1.50
2012.07.25 05:58:44.611,0.99516,0.99528,1.88,1.50
2012.07.25 05:58:47.111,0.99516,0.99526,2.63,1.50
2012.07.25 05:58:48.233,0.99516,0.99527,4.13,1.50
2012.07.25 05:58:49.715,0.99516,0.99526,1.50,1.50
2012.07.25 05:58:49.792,0.99516,0.99528,1.50,1.50
2012.07.25 05:58:50.915,0.99516,0.99527,1.50,1.50
2012.07.25 05:58:53.656,0.99516,0.99528,3.00,1.50
2012.07.25 05:59:00.833,0.99516,0.99528,4.13,1.50
2012.07.25 05:59:00.899,0.99519,0.99528,1.88,1.50
2012.07.25 05:59:01.209,0.99524,0.99536,1.50,1.88
2012.07.25 05:59:01.335,0.99524,0.99537,2.25,2.63
2012.07.25 05:59:01.821,0.99525,0.99537,1.50,1.88
2012.07.25 05:59:02.130,0.99525,0.99537,1.50,1.50
2012.07.25 05:59:02.722,0.99525,0.99538,1.50,2.25
2012.07.25 05:59:03.254,0.99525,0.99537,3.00,1.50
2012.07.25 05:59:05.633,0.99525,0.99539,3.00,2.25
2012.07.25 05:59:06.171,0.99526,0.99538,1.50,2.25
2012.07.25 05:59:06.707,0.99525,0.99537,3.00,1.50
2012.07.25 05:59:07.281,0.99525,0.99538,1.50,2.25
2012.07.25 05:59:08.537,0.99528,0.9954,1.50,3.38
2012.07.25 05:59:09.090,0.99527,0.99539,1.50,1.50
2012.07.25 05:59:11.647,0.99525,0.99537,4.13,1.50
2012.07.25 05:59:12.183,0.99524,0.99538,3.75,1.50
2012.07.25 05:59:12.486,0.99523,0.99534,1.50,1.50
2012.07.25 05:59:12.612,0.99523,0.99536,1.50,1.50
2012.07.25 05:59:15.083,0.99523,0.99537,2.25,1.50
2012.07.25 05:59:15.567,0.99526,0.99538,1.50,1.50
2012.07.25 05:59:15.907,0.99524,0.99538,1.50,1.50
2012.07.25 05:59:17.765,0.99523,0.99534,3.00,1.50
2012.07.25 05:59:18.318,0.99524,0.99535,1.13,1.50
2012.07.25 05:59:20.370,0.99524,0.99536,1.13,1.50
2012.07.25 05:59:22.704,0.99524,0.99536,1.13,2.25
2012.07.25 05:59:23.250,0.99524,0.99534,1.13,1.50
2012.07.25 05:59:23.561,0.99523,0.99533,1.13,2.25
2012.07.25 05:59:23.693,0.9952,0.99533,1.13,2.63
2012.07.25 05:59:24.078,0.99515,0.99529,3.23,2.25
2012.07.25 05:59:24.142,0.99515,0.99529,2.63,2.25
2012.07.25 05:59:28.940,0.99519,0.99529,1.13,1.50
2012.07.25 05:59:29.127,0.9952,0.99533,1.13,2.55
2012.07.25 05:59:29.369,0.9952,0.99533,1.13,1.50
2012.07.25 05:59:29.672,0.99522,0.99533,1.13,1.50
2012.07.25 05:59:30.217,0.99521,0.99533,1.13,1.65
2012.07.25 05:59:30.875,0.99521,0.99533,1.13,1.65
2012.07.25 05:59:31.237,0.99519,0.99533,2.63,1.65
2012.07.25 05:59:34.448,0.99519,0.99533,2.63,1.50
2012.07.25 05:59:41.393,0.99521,0.99533,1.13,1.50
2012.07.25 05:59:41.931,0.99522,0.99533,1.13,1.50
2012.07.25 05:59:42.411,0.99522,0.99536,2.63,3.75
2012.07.25 05:59:42.957,0.99523,0.99536,1.88,1.50
2012.07.25 05:59:44.164,0.99523,0.99535,1.88,1.50
2012.07.25 05:59:46.842,0.9952,0.99532,4.88,1.50
2012.07.25 05:59:47.027,0.9952,0.99532,2.25,1.50
2012.07.25 05:59:47.329,0.9952,0.99534,1.50,3.75
2012.07.25 05:59:47.746,0.9952,0.99532,1.50,1.50
2012.07.25 05:59:50.430,0.99521,0.99533,1.50,1.50
2012.07.25 05:59:50.941,0.9952,0.99532,1.50,1.50
2012.07.25 05:59:51.519,0.99519,0.99533,2.25,1.50
2012.07.25 05:59:52.436,0.99519,0.99533,2.25,1.65
2012.07.25 05:59:52.739,0.99518,0.9953,2.25,1.50
2012.07.25 05:59:54.275,0.99519,0.99533,1.50,2.78
2012.07.25 05:59:54.632,0.99521,0.99533,1.50,1.65
2012.07.25 05:59:55.169,0.9952,0.99532,1.50,1.50
2012.07.25 05:59:56.062,0.99518,0.9953,3.00,1.50
