2012.07.17 06:00:00.383,0.9777,0.97782,2.25,1.50
2012.07.17 06:00:00.510,0.97768,0.97782,3.90,2.25
2012.07.17 06:00:01.039,0.97767,0.97781,5.63,1.50
2012.07.17 06:00:01.663,0.97767,0.97781,4.50,2.25
2012.07.17 06:00:02.360,0.97768,0.97782,1.50,3.00
2012.07.17 06:00:02.873,0.97768,0.9778,1.50,1.50
2012.07.17 06:00:02.937,0.97768,0.97782,1.50,4.50
2012.07.17 06:00:05.522,0.97767,0.97781,4.50,1.50
2012.07.17 06:00:07.964,0.97767,0.97781,4.50,2.25
2012.07.17 06:00:08.145,0.97766,0.97778,5.25,1.50
2012.07.17 06:00:08.211,0.97766,0.9778,5.25,3.00
2012.07.17 06:00:08.753,0.97767,0.9778,1.50,3.00
2012.07.17 06:00:09.466,0.97768,0.9778,1.50,3.00
2012.07.17 06:00:10.054,0.97769,0.9778,1.50,1.50
2012.07.17 06:00:10.540,0.97769,0.97782,4.20,1.50
2012.07.17 06:00:11.076,0.97769,0.97781,3.45,1.50
2012.07.17 06:00:11.437,0.97772,0.97784,1.50,2.25
2012.07.17 06:00:11.564,0.97771,0.97785,2.25,3.00
2012.07.17 06:00:12.163,0.97772,0.97784,1.50,2.25
2012.07.17 06:00:14.377,0.97772,0.97784,2.25,2.25
2012.07.17 06:00:14.934,0.97771,0.97784,2.63,2.25
2012.07.17 06:00:15.487,0.97772,0.97784,2.25,2.25
2012.07.17 06:00:17.392,0.97772,0.97783,1.50,1.50
2012.07.17 06:00:17.893,0.97772,0.97785,1.50,3.75
2012.07.17 06:00:19.469,0.97772,0.97785,1.50,2.25
2012.07.17 06:00:20.071,0.97773,0.97785,2.25,2.25
2012.07.17 06:00:20.140,0.97774,0.97786,1.50,2.25
2012.07.17 06:00:20.873,0.97774,0.97785,1.50,1.50
2012.07.17 06:00:22.764,0.97773,0.97785,4.88,1.50
2012.07.17 06:00:23.754,0.97774,0.97785,1.50,1.50
2012.07.17 06:00:24.263,0.97774,0.97785,1.50,1.50
2012.07.17 06:00:28.328,0.97773,0.97785,4.50,1.50
2012.07.17 06:00:28.865,0.97773,0.97785,4.50,2.25
2012.07.17 06:00:29.595,0.97772,0.97784,1.50,2.25
2012.07.17 06:00:29.780,0.97771,0.97782,2.25,1.50
2012.07.17 06:00:30.182,0.97771,0.97784,1.50,2.25
2012.07.17 06:00:30.543,0.97771,0.97782,1.50,1.50
2012.07.17 06:00:31.079,0.97771,0.97783,3.00,1.50
2012.07.17 06:00:32.086,0.9777,0.97782,3.75,1.50
2012.07.17 06:00:32.682,0.9777,0.97782,3.00,1.50
2012.07.17 06:00:35.152,0.97771,0.97783,1.50,2.25
2012.07.17 06:00:35.744,0.9777,0.97783,1.50,2.25
2012.07.17 06:00:36.279,0.97771,0.97783,2.25,2.25
2012.07.17 06:00:36.914,0.97772,0.97784,1.50,2.25
2012.07.17 06:00:37.458,0.97771,0.97783,1.50,2.25
2012.07.17 06:00:38.024,0.97772,0.97784,1.50,2.25
2012.07.17 06:00:39.066,0.97772,0.97784,5.25,2.25
2012.07.17 06:00:39.372,0.97774,0.97787,3.75,3.00
2012.07.17 06:00:39.499,0.97775,0.97788,3.00,1.50
2012.07.17 06:00:41.907,0.97774,0.97788,4.50,2.33
2012.07.17 06:00:46.832,0.97774,0.97788,4.50,2.25
2012.07.17 06:00:50.619,0.97777,0.97789,2.25,3.83
2012.07.17 06:00:50.924,0.97777,0.9779,3.00,1.58
2012.07.17 06:00:51.050,0.97779,0.9779,1.50,1.58
2012.07.17 06:00:51.246,0.97779,0.9779,3.00,1.50
2012.07.17 06:00:51.788,0.97778,0.97792,3.75,2.25
2012.07.17 06:00:52.449,0.97778,0.9779,3.75,1.50
2012.07.17 06:00:52.992,0.97778,0.97792,3.75,3.00
2012.07.17 06:00:55.678,0.97777,0.97788,1.13,1.50
2012.07.17 06:00:56.214,0.97776,0.9779,4.50,1.50
2012.07.17 06:00:56.279,0.97776,0.97788,4.50,1.50
2012.07.17 06:00:56.941,0.97777,0.97789,2.25,1.50
2012.07.17 06:00:57.565,0.97776,0.97788,3.75,1.50
2012.07.17 06:00:59.379,0.97777,0.97789,2.25,2.25
2012.07.17 06:00:59.882,0.97776,0.97788,3.75,1.50
2012.07.17 06:01:00.648,0.97776,0.97789,2.25,2.25
2012.07.17 06:01:01.678,0.97776,0.9779,3.75,2.25
2012.07.17 06:01:02.319,0.97776,0.9779,3.75,2.25
2012.07.17 06:01:03.484,0.97776,0.97789,2.25,1.50
2012.07.17 06:01:04.705,0.97776,0.9779,3.75,3.75
2012.07.17 06:01:10.078,0.97776,0.9779,4.50,3.75
2012.07.17 06:01:10.383,0.97776,0.97786,1.50,1.50
2012.07.17 06:01:11.244,0.97774,0.97787,3.00,1.50
2012.07.17 06:01:12.848,0.97774,0.97788,3.00,5.63
2012.07.17 06:01:12.919,0.97773,0.97787,4.88,2.25
2012.07.17 06:01:13.508,0.97773,0.97787,4.88,2.25
2012.07.17 06:01:14.049,0.97776,0.97787,1.50,1.50
2012.07.17 06:01:14.592,0.97775,0.97787,6.00,1.50
2012.07.17 06:01:17.704,0.97776,0.97787,3.38,1.50
2012.07.17 06:01:18.434,0.97776,0.97788,2.78,3.00
2012.07.17 06:01:20.776,0.97776,0.97788,1.50,1.50
2012.07.17 06:01:21.318,0.97777,0.97789,3.00,2.25
2012.07.17 06:01:22.633,0.97777,0.97789,3.00,2.25
2012.07.17 06:01:23.174,0.97777,0.97789,3.00,2.25
2012.07.17 06:01:24.487,0.97777,0.97789,3.00,2.25
2012.07.17 06:01:26.425,0.97777,0.97789,3.00,2.25
2012.07.17 06:01:32.004,0.97776,0.97788,1.50,2.25
2012.07.17 06:01:32.308,0.97775,0.97785,2.25,1.50
2012.07.17 06:01:32.864,0.97773,0.97785,2.63,1.50
2012.07.17 06:01:33.476,0.97773,0.97787,3.75,2.25
2012.07.17 06:01:34.043,0.97773,0.97785,3.75,1.50
2012.07.17 06:01:34.599,0.97774,0.97786,2.25,1.50
2012.07.17 06:01:35.180,0.97774,0.97786,2.25,3.00
2012.07.17 06:01:35.488,0.97771,0.97783,4.50,2.25
2012.07.17 06:01:39.633,0.97771,0.97784,1.80,1.50
2012.07.17 06:01:40.311,0.97771,0.97784,1.05,3.00
2012.07.17 06:01:40.854,0.97771,0.97783,1.80,1.50
2012.07.17 06:01:42.818,0.9777,0.97782,1.80,1.50
2012.07.17 06:01:43.126,0.9777,0.9778,1.80,1.50
2012.07.17 06:01:43.190,0.9777,0.97782,1.80,2.25
2012.07.17 06:01:43.946,0.9777,0.97782,3.40,2.25
2012.07.17 06:01:44.953,0.97771,0.97783,1.80,1.50
2012.07.17 06:01:46.578,0.9777,0.97782,2.18,1.50
2012.07.17 06:01:46.703,0.97771,0.97784,1.05,2.25
2012.07.17 06:01:47.405,0.97771,0.97783,2.55,1.50
2012.07.17 06:01:48.380,0.9777,0.97781,2.93,1.50
2012.07.17 06:01:48.924,0.97768,0.97781,3.23,3.00
2012.07.17 06:01:49.510,0.97768,0.97781,3.23,1.50
2012.07.17 06:01:50.622,0.97768,0.9778,2.25,1.50
2012.07.17 06:01:50.689,0.97767,0.97778,1.88,1.50
2012.07.17 06:01:52.666,0.97766,0.97778,3.30,1.50
2012.07.17 06:01:54.176,0.97766,0.9778,3.30,2.25
2012.07.17 06:01:54.806,0.97767,0.97779,2.25,1.50
2012.07.17 06:01:55.569,0.97767,0.97778,1.05,1.50
2012.07.17 06:01:56.368,0.97766,0.9778,4.43,2.25
2012.07.17 06:01:58.042,0.97767,0.97779,1.05,1.50
2012.07.17 06:01:58.906,0.97766,0.9778,3.68,3.75
2012.07.17 06:02:02.803,0.97766,0.9778,3.68,1.50
2012.07.17 06:02:06.919,0.97769,0.97781,1.50,2.25
2012.07.17 06:02:09.267,0.97768,0.97782,2.40,2.25
2012.07.17 06:02:09.630,0.97766,0.97778,4.05,1.50
2012.07.17 06:02:10.170,0.97767,0.97779,2.55,1.50
2012.07.17 06:02:10.714,0.97768,0.97779,1.35,1.50
2012.07.17 06:02:11.257,0.97768,0.9778,2.85,1.50
2012.07.17 06:02:11.794,0.97768,0.97781,2.85,1.50
2012.07.17 06:02:13.121,0.97768,0.97781,2.85,1.50
2012.07.17 06:02:13.911,0.97768,0.97781,1.35,3.00
2012.07.17 06:02:15.198,0.97769,0.97781,1.50,3.00
2012.07.17 06:02:15.736,0.97769,0.97781,2.85,1.50
2012.07.17 06:02:16.268,0.97768,0.9778,3.75,1.50
2012.07.17 06:02:16.695,0.97771,0.97781,1.50,1.50
2012.07.17 06:02:16.823,0.97772,0.97784,3.00,1.50
2012.07.17 06:02:16.889,0.97774,0.97785,1.50,1.50
2012.07.17 06:02:17.379,0.97772,0.97786,4.50,1.50
2012.07.17 06:02:19.582,0.97772,0.97786,4.50,1.50
2012.07.17 06:02:21.413,0.97773,0.97787,2.25,2.63
2012.07.17 06:02:22.063,0.97773,0.97787,3.75,2.63
2012.07.17 06:02:22.568,0.97773,0.97787,6.00,2.63
2012.07.17 06:02:23.112,0.97776,0.97789,3.75,2.25
2012.07.17 06:02:23.422,0.97778,0.9779,3.75,1.13
2012.07.17 06:02:23.785,0.97779,0.97792,1.50,2.25
2012.07.17 06:02:23.850,0.97779,0.97792,1.50,2.25
2012.07.17 06:02:24.392,0.97779,0.97791,2.25,2.25
2012.07.17 06:02:25.295,0.97779,0.97789,1.50,1.50
2012.07.17 06:02:25.835,0.97779,0.97791,3.00,2.25
2012.07.17 06:02:26.910,0.9778,0.97792,3.00,2.25
2012.07.17 06:02:27.481,0.9778,0.97793,3.75,1.13
2012.07.17 06:02:29.106,0.9778,0.97792,3.75,2.25
2012.07.17 06:02:29.347,0.9778,0.97792,3.75,1.50
2012.07.17 06:02:29.743,0.97781,0.97792,1.50,1.50
2012.07.17 06:02:30.048,0.97782,0.97796,4.13,2.25
2012.07.17 06:02:30.359,0.97781,0.97793,2.25,1.50
2012.07.17 06:02:30.902,0.9778,0.97792,1.50,3.00
2012.07.17 06:02:31.174,0.9778,0.97792,1.50,1.50
2012.07.17 06:02:37.654,0.9778,0.97794,3.00,2.25
2012.07.17 06:02:38.181,0.9778,0.97794,3.75,2.25
2012.07.17 06:02:39.719,0.9778,0.97793,2.25,1.50
2012.07.17 06:02:40.226,0.9778,0.97793,1.50,1.50
2012.07.17 06:02:40.587,0.97779,0.97791,1.50,1.50
2012.07.17 06:02:42.755,0.9778,0.97792,1.50,1.50
2012.07.17 06:02:43.058,0.97782,0.97795,1.50,3.75
2012.07.17 06:02:43.594,0.97781,0.97793,2.25,1.50
2012.07.17 06:02:44.199,0.97781,0.97793,3.00,1.50
2012.07.17 06:02:44.792,0.97781,0.97793,2.25,1.50
2012.07.17 06:02:45.386,0.97781,0.97793,2.25,1.50
2012.07.17 06:02:48.256,0.97783,0.97795,1.50,2.25
2012.07.17 06:02:50.383,0.97784,0.97795,1.50,1.50
2012.07.17 06:02:50.570,0.97786,0.97798,1.50,3.75
2012.07.17 06:02:50.882,0.97784,0.97795,1.50,2.25
2012.07.17 06:02:51.539,0.97783,0.97795,3.00,2.25
2012.07.17 06:02:56.709,0.97783,0.97795,2.25,2.25
2012.07.17 06:03:00.355,0.9778,0.97792,5.25,1.50
2012.07.17 06:03:00.898,0.97781,0.97793,2.25,1.50
2012.07.17 06:03:02.505,0.9778,0.97793,1.50,2.25
2012.07.17 06:03:03.559,0.97779,0.9779,4.88,1.50
2012.07.17 06:03:04.034,0.97779,0.97792,4.88,1.50
2012.07.17 06:03:11.558,0.9778,0.97793,1.88,1.50
2012.07.17 06:03:12.260,0.97779,0.97793,1.50,2.25
2012.07.17 06:03:12.650,0.97779,0.97791,1.50,1.50
2012.07.17 06:03:13.158,0.9778,0.97792,1.50,1.50
2012.07.17 06:03:13.469,0.97786,0.97798,2.63,3.00
2012.07.17 06:03:13.718,0.97786,0.97799,1.50,1.05
2012.07.17 06:03:14.554,0.97787,0.978,1.50,2.18
2012.07.17 06:03:15.905,0.97787,0.978,1.50,1.88
2012.07.17 06:03:16.390,0.97789,0.97802,1.50,4.50
2012.07.17 06:03:16.927,0.97789,0.978,2.25,1.50
2012.07.17 06:03:19.477,0.97789,0.97799,1.50,1.50
2012.07.17 06:03:20.444,0.97789,0.978,1.50,1.50
2012.07.17 06:03:21.037,0.97789,0.97802,1.50,2.25
2012.07.17 06:03:22.942,0.9779,0.97804,1.13,1.50
2012.07.17 06:03:23.247,0.97791,0.97804,2.63,2.25
2012.07.17 06:03:23.785,0.97792,0.97804,1.50,1.50
2012.07.17 06:03:25.417,0.97792,0.97804,2.25,2.25
2012.07.17 06:03:25.930,0.97792,0.97805,2.25,3.00
2012.07.17 06:03:26.776,0.97792,0.97804,2.25,2.25
2012.07.17 06:03:27.321,0.97793,0.97805,2.25,3.75
2012.07.17 06:03:30.081,0.97793,0.97805,2.25,1.50
2012.07.17 06:03:30.148,0.97793,0.97808,3.38,3.00
2012.07.17 06:03:30.275,0.97793,0.97808,1.88,2.25
2012.07.17 06:03:30.520,0.97794,0.97808,1.50,3.75
2012.07.17 06:03:30.644,0.97794,0.97808,1.50,3.75
2012.07.17 06:03:31.178,0.97794,0.97807,1.50,1.58
2012.07.17 06:03:31.248,0.97796,0.97807,2.03,1.50
2012.07.17 06:03:31.313,0.97797,0.97809,1.13,1.50
2012.07.17 06:03:31.439,0.97796,0.97808,1.88,1.50
2012.07.17 06:03:31.743,0.97798,0.97808,1.50,1.50
2012.07.17 06:03:31.810,0.97799,0.9781,1.50,1.50
2012.07.17 06:03:32.113,0.978,0.97812,1.50,1.50
2012.07.17 06:03:32.239,0.978,0.97814,2.25,1.50
2012.07.17 06:03:32.365,0.97804,0.97814,1.13,1.50
2012.07.17 06:03:32.913,0.97802,0.97815,3.00,3.75
2012.07.17 06:03:33.218,0.978,0.97812,1.88,1.50
2012.07.17 06:03:33.706,0.978,0.97812,1.50,1.50
2012.07.17 06:03:34.381,0.97799,0.97812,3.75,3.00
2012.07.17 06:03:34.565,0.97799,0.9781,3.75,1.50
2012.07.17 06:03:35.104,0.97799,0.97811,3.00,1.50
2012.07.17 06:03:35.410,0.97797,0.97811,3.60,3.00
2012.07.17 06:03:35.597,0.97795,0.97808,3.00,2.25
2012.07.17 06:03:36.064,0.97792,0.97806,7.50,1.50
2012.07.17 06:03:36.251,0.97792,0.97806,6.75,1.50
2012.07.17 06:03:36.499,0.97793,0.97805,2.40,1.50
2012.07.17 06:03:36.691,0.97797,0.97808,1.50,1.50
2012.07.17 06:03:36.818,0.97797,0.97809,3.00,1.50
2012.07.17 06:03:37.360,0.97798,0.9781,1.50,2.25
2012.07.17 06:03:37.888,0.97797,0.97809,2.25,1.50
2012.07.17 06:03:40.997,0.97797,0.97807,1.13,1.50
2012.07.17 06:03:41.654,0.97796,0.97808,1.88,1.50
2012.07.17 06:03:42.193,0.97797,0.97807,1.13,1.50
2012.07.17 06:03:42.729,0.97797,0.97808,1.13,1.50
2012.07.17 06:03:43.737,0.97797,0.97808,1.50,1.50
2012.07.17 06:03:50.355,0.97797,0.9781,1.50,1.50
2012.07.17 06:03:50.868,0.97797,0.97809,1.50,1.50
2012.07.17 06:03:51.109,0.97797,0.9781,1.50,1.50
2012.07.17 06:03:55.232,0.97797,0.97808,1.50,1.50
2012.07.17 06:03:55.738,0.97796,0.97807,2.48,1.50
2012.07.17 06:03:57.653,0.97796,0.97808,2.48,1.50
2012.07.17 06:03:58.768,0.97797,0.97807,1.13,1.50
2012.07.17 06:03:59.801,0.97796,0.97808,1.88,1.50
2012.07.17 06:03:59.983,0.97796,0.97808,1.50,1.50
2012.07.17 06:04:00.599,0.97795,0.97805,3.00,1.50
2012.07.17 06:04:02.629,0.97795,0.97805,3.00,1.50
2012.07.17 06:04:05.313,0.97795,0.97807,3.00,1.50
2012.07.17 06:04:06.086,0.97795,0.97807,3.75,1.50
2012.07.17 06:04:06.503,0.97795,0.97805,3.75,1.50
2012.07.17 06:04:07.044,0.97794,0.97806,1.50,1.50
2012.07.17 06:04:08.467,0.97793,0.97804,2.25,1.50
2012.07.17 06:04:09.114,0.97792,0.97805,4.88,1.50
2012.07.17 06:04:09.623,0.97792,0.97804,4.88,1.50
2012.07.17 06:04:10.050,0.97789,0.97802,4.13,1.50
2012.07.17 06:04:10.118,0.97789,0.97802,4.13,3.00
2012.07.17 06:04:10.491,0.97788,0.978,2.10,1.50
2012.07.17 06:04:11.034,0.97788,0.97799,2.10,1.50
2012.07.17 06:04:11.702,0.97788,0.97799,2.10,1.50
2012.07.17 06:04:13.140,0.97788,0.97799,2.10,1.50
2012.07.17 06:04:17.037,0.97788,0.97799,2.10,1.50
2012.07.17 06:04:17.502,0.97788,0.97797,2.10,1.50
2012.07.17 06:04:17.984,0.97785,0.97796,3.38,1.50
2012.07.17 06:04:18.525,0.97785,0.97795,1.13,1.50
2012.07.17 06:04:22.372,0.97782,0.97795,6.38,1.50
2012.07.17 06:04:22.499,0.97782,0.97794,2.25,2.25
2012.07.17 06:04:22.567,0.97782,0.9779,2.25,1.50
2012.07.17 06:04:22.871,0.97781,0.97795,2.25,1.50
2012.07.17 06:04:23.357,0.97782,0.97796,6.00,2.25
2012.07.17 06:04:23.806,0.97785,0.97797,1.50,1.50
2012.07.17 06:04:24.884,0.97784,0.97797,4.50,1.50
2012.07.17 06:04:25.407,0.97785,0.97797,1.50,1.50
2012.07.17 06:04:25.922,0.97785,0.97799,2.25,3.75
2012.07.17 06:04:26.287,0.97789,0.97799,1.13,1.50
2012.07.17 06:04:26.593,0.97789,0.978,3.38,1.50
2012.07.17 06:04:36.239,0.97794,0.97802,1.88,1.50
2012.07.17 06:04:36.485,0.97792,0.97801,1.88,1.50
2012.07.17 06:04:37.026,0.97788,0.97802,4.50,1.50
2012.07.17 06:04:38.410,0.9779,0.97801,1.50,1.50
2012.07.17 06:04:39.989,0.97788,0.97801,1.13,1.50
2012.07.17 06:04:40.056,0.97788,0.97799,1.13,1.50
2012.07.17 06:04:40.548,0.97787,0.97798,1.50,1.50
2012.07.17 06:04:42.579,0.97787,0.97799,1.50,1.50
2012.07.17 06:04:42.825,0.97787,0.97799,1.50,1.50
2012.07.17 06:04:43.537,0.97787,0.97798,1.50,1.50
2012.07.17 06:04:43.838,0.97786,0.97798,3.00,1.50
2012.07.17 06:04:49.553,0.97786,0.97797,2.25,1.50
2012.07.17 06:04:50.080,0.97786,0.97798,2.25,1.50
2012.07.17 06:04:51.099,0.97787,0.97798,1.50,1.50
2012.07.17 06:04:51.694,0.97787,0.97797,1.50,1.50
2012.07.17 06:04:55.143,0.97787,0.97798,1.50,3.00
2012.07.17 06:04:55.269,0.97787,0.97796,1.50,1.50
2012.07.17 06:04:55.840,0.97786,0.97797,1.50,1.50
2012.07.17 06:04:56.387,0.97784,0.97798,1.50,1.50
2012.07.17 06:04:56.694,0.97788,0.978,1.92,1.50
2012.07.17 06:04:57.240,0.97787,0.978,3.59,1.50
2012.07.17 06:04:58.098,0.97787,0.97799,3.38,1.50
2012.07.17 06:04:58.734,0.97787,0.97799,3.38,1.50
2012.07.17 06:04:59.280,0.9779,0.97802,1.50,1.50
2012.07.17 06:04:59.946,0.9779,0.97804,2.25,3.75
2012.07.17 06:05:00.489,0.9779,0.97802,2.25,1.50
2012.07.17 06:05:01.029,0.9779,0.97804,3.00,2.25
2012.07.17 06:05:02.460,0.9779,0.97803,2.25,2.25
2012.07.17 06:05:03.164,0.9779,0.97802,2.25,1.50
2012.07.17 06:05:05.334,0.9779,0.97804,2.63,1.50
2012.07.17 06:05:05.398,0.9779,0.97802,2.63,1.50
2012.07.17 06:05:06.275,0.9779,0.97803,2.25,1.50
2012.07.17 06:05:06.962,0.9779,0.97802,2.25,1.50
2012.07.17 06:05:07.837,0.9779,0.97803,2.25,1.50
2012.07.17 06:05:08.395,0.9779,0.97802,2.25,1.50
2012.07.17 06:05:09.943,0.9779,0.978,2.25,1.50
2012.07.17 06:05:10.008,0.9779,0.97802,1.50,2.25
2012.07.17 06:05:10.251,0.97789,0.97801,2.25,1.50
2012.07.17 06:05:10.802,0.97788,0.978,2.63,1.50
2012.07.17 06:05:12.683,0.97788,0.978,2.25,1.50
2012.07.17 06:05:17.713,0.97788,0.97799,2.25,1.50
2012.07.17 06:05:17.955,0.97788,0.97801,2.25,2.25
2012.07.17 06:05:18.432,0.97789,0.97801,1.50,2.25
2012.07.17 06:05:19.224,0.97789,0.97801,2.25,2.25
2012.07.17 06:05:21.684,0.97789,0.978,2.25,1.50
2012.07.17 06:05:22.374,0.97789,0.978,1.50,1.50
2012.07.17 06:05:23.978,0.97789,0.97802,1.50,3.00
2012.07.17 06:05:24.502,0.97789,0.97801,1.50,1.50
2012.07.17 06:05:24.828,0.97789,0.97801,1.50,1.50
2012.07.17 06:05:25.191,0.97789,0.97803,2.25,2.25
2012.07.17 06:05:25.256,0.97789,0.97803,2.25,2.25
2012.07.17 06:05:25.560,0.9779,0.97803,2.25,2.25
2012.07.17 06:05:26.068,0.9779,0.97802,2.25,1.50
2012.07.17 06:05:26.594,0.9779,0.97804,4.15,2.25
2012.07.17 06:05:27.523,0.97791,0.97802,1.50,1.50
2012.07.17 06:05:27.833,0.97793,0.97806,3.00,4.20
2012.07.17 06:05:28.377,0.97793,0.97805,1.50,1.50
2012.07.17 06:05:28.444,0.97793,0.97803,2.25,1.50
2012.07.17 06:05:28.628,0.97793,0.97805,2.25,1.50
2012.07.17 06:05:29.174,0.97794,0.97806,2.25,1.50
2012.07.17 06:05:30.742,0.97794,0.97806,2.25,1.50
2012.07.17 06:05:30.999,0.97798,0.97812,1.90,2.63
2012.07.17 06:05:31.065,0.97798,0.97812,1.50,2.63
2012.07.17 06:05:31.309,0.97798,0.97809,1.50,1.50
2012.07.17 06:05:32.842,0.97798,0.9781,2.25,1.50
2012.07.17 06:05:33.266,0.97796,0.97807,2.63,1.50
2012.07.17 06:05:33.625,0.97796,0.97809,2.63,1.50
2012.07.17 06:05:37.063,0.97794,0.97807,1.50,1.50
2012.07.17 06:05:37.607,0.97795,0.97806,2.25,1.50
2012.07.17 06:05:38.304,0.97795,0.97806,2.25,1.50
2012.07.17 06:05:38.721,0.97795,0.97806,2.63,1.50
2012.07.17 06:05:38.847,0.97796,0.97808,2.65,2.25
2012.07.17 06:05:39.033,0.97797,0.9781,1.50,3.00
2012.07.17 06:05:39.666,0.97797,0.97809,1.50,1.50
2012.07.17 06:05:40.209,0.97797,0.9781,1.50,3.00
2012.07.17 06:05:40.722,0.97797,0.97809,1.50,1.50
2012.07.17 06:05:41.361,0.97797,0.97809,1.50,1.50
2012.07.17 06:05:41.909,0.97797,0.97808,1.50,1.50
2012.07.17 06:05:42.450,0.97794,0.97807,2.25,1.50
2012.07.17 06:05:42.514,0.97794,0.97805,2.25,1.50
2012.07.17 06:05:42.701,0.97794,0.97807,2.25,1.50
2012.07.17 06:05:43.252,0.97794,0.97806,3.75,1.50
2012.07.17 06:05:43.499,0.97796,0.97806,1.50,1.50
2012.07.17 06:05:43.627,0.97798,0.97808,1.50,1.50
2012.07.17 06:05:43.694,0.97798,0.9781,1.50,1.50
2012.07.17 06:05:43.762,0.97799,0.9781,6.00,1.50
2012.07.17 06:05:43.830,0.978,0.97814,2.25,5.10
2012.07.17 06:05:44.371,0.97801,0.97813,1.50,1.88
2012.07.17 06:05:45.143,0.978,0.97813,2.25,2.63
2012.07.17 06:05:46.735,0.97801,0.97813,1.13,2.25
2012.07.17 06:05:46.802,0.97803,0.97813,2.25,1.35
2012.07.17 06:05:46.928,0.97802,0.97813,2.25,1.35
2012.07.17 06:05:47.588,0.97801,0.97814,3.00,1.35
2012.07.17 06:05:48.125,0.97803,0.97813,1.50,1.35
2012.07.17 06:05:49.638,0.97801,0.97813,3.40,1.35
2012.07.17 06:05:49.996,0.97803,0.97815,2.25,3.38
2012.07.17 06:05:50.304,0.97804,0.97815,1.50,1.50
2012.07.17 06:05:50.850,0.97804,0.97815,2.25,1.50
2012.07.17 06:05:50.976,0.97805,0.97815,2.63,1.50
2012.07.17 06:05:51.346,0.97808,0.97817,1.50,1.50
2012.07.17 06:05:51.651,0.97806,0.97817,3.38,1.50
2012.07.17 06:05:51.961,0.97807,0.97821,5.25,3.75
2012.07.17 06:05:52.027,0.97808,0.97821,1.50,1.50
2012.07.17 06:05:52.568,0.97808,0.97819,2.25,1.50
2012.07.17 06:05:53.100,0.97808,0.9782,1.50,2.25
2012.07.17 06:05:53.349,0.97806,0.97818,1.50,1.50
2012.07.17 06:05:53.887,0.97806,0.97819,1.50,1.50
2012.07.17 06:05:56.661,0.97806,0.97817,1.50,1.50
2012.07.17 06:05:57.438,0.97805,0.97817,3.75,2.25
2012.07.17 06:05:57.978,0.97805,0.97815,1.50,1.50
2012.07.17 06:05:58.339,0.97802,0.97815,7.15,1.50
2012.07.17 06:05:59.407,0.97804,0.97815,3.00,1.50
2012.07.17 06:06:00.180,0.97805,0.97817,1.50,1.50
2012.07.17 06:06:00.664,0.97806,0.97819,1.50,1.50
2012.07.17 06:06:00.791,0.97805,0.97816,3.75,1.13
2012.07.17 06:06:01.183,0.97805,0.97811,1.50,1.50
2012.07.17 06:06:01.255,0.97798,0.9781,1.13,2.25
2012.07.17 06:06:01.684,0.97798,0.97811,1.88,3.00
2012.07.17 06:06:01.750,0.97798,0.9781,1.88,1.50
2012.07.17 06:06:03.320,0.97796,0.97809,2.40,1.88
2012.07.17 06:06:03.446,0.97793,0.97807,3.00,2.25
2012.07.17 06:06:03.571,0.97793,0.97805,2.25,1.50
2012.07.17 06:06:03.637,0.97792,0.97806,3.00,1.50
2012.07.17 06:06:04.175,0.97792,0.97804,3.00,1.50
2012.07.17 06:06:04.418,0.97792,0.97806,3.75,1.50
2012.07.17 06:06:04.958,0.97793,0.97805,2.25,1.50
2012.07.17 06:06:06.496,0.97792,0.97806,3.38,1.50
2012.07.17 06:06:07.111,0.97792,0.97805,1.88,1.50
2012.07.17 06:06:07.482,0.9779,0.97803,2.25,1.50
2012.07.17 06:06:08.497,0.97789,0.978,1.50,1.50
2012.07.17 06:06:08.856,0.97789,0.97802,1.50,3.00
2012.07.17 06:06:10.284,0.97792,0.97803,3.75,1.50
2012.07.17 06:06:10.409,0.97793,0.97806,2.25,1.50
2012.07.17 06:06:10.654,0.97793,0.97807,3.00,3.00
2012.07.17 06:06:10.719,0.97793,0.97807,3.00,3.00
2012.07.17 06:06:10.901,0.97793,0.97807,2.25,3.00
2012.07.17 06:06:11.025,0.97793,0.97805,2.25,1.50
2012.07.17 06:06:11.492,0.97793,0.97807,3.00,4.50
2012.07.17 06:06:11.568,0.97793,0.97805,1.50,1.50
2012.07.17 06:06:11.874,0.97789,0.97801,1.50,1.50
2012.07.17 06:06:12.415,0.97789,0.97801,3.00,1.50
2012.07.17 06:06:12.777,0.97791,0.97803,2.25,3.00
2012.07.17 06:06:13.179,0.97791,0.97803,4.13,1.50
2012.07.17 06:06:13.249,0.97793,0.97807,2.25,3.00
2012.07.17 06:06:13.316,0.97793,0.97805,2.25,1.50
2012.07.17 06:06:13.862,0.97792,0.97806,3.00,1.50
2012.07.17 06:06:16.205,0.97794,0.97806,1.50,1.50
2012.07.17 06:06:16.450,0.97795,0.97809,3.00,4.50
2012.07.17 06:06:16.953,0.97796,0.97808,2.25,2.25
2012.07.17 06:06:19.628,0.97796,0.97808,3.00,1.50
2012.07.17 06:06:20.167,0.97797,0.97809,2.25,1.50
2012.07.17 06:06:22.299,0.97797,0.97809,2.25,2.25
2012.07.17 06:06:22.803,0.97797,0.97809,2.25,1.50
2012.07.17 06:06:24.715,0.97797,0.97809,2.25,1.50
2012.07.17 06:06:32.927,0.97798,0.97809,1.50,1.50
2012.07.17 06:06:32.994,0.97799,0.97811,1.50,2.25
2012.07.17 06:06:33.183,0.97802,0.97814,1.50,2.63
2012.07.17 06:06:33.431,0.97803,0.97815,3.00,1.50
2012.07.17 06:06:33.967,0.97803,0.97814,1.50,1.50
2012.07.17 06:06:34.475,0.97802,0.97815,1.13,1.50
2012.07.17 06:06:35.016,0.97802,0.97814,2.25,1.50
2012.07.17 06:06:36.031,0.97803,0.97815,3.75,1.50
2012.07.17 06:06:36.363,0.97803,0.97815,3.75,1.50
2012.07.17 06:06:36.489,0.97804,0.97818,3.00,2.25
2012.07.17 06:06:37.580,0.97804,0.97817,3.00,1.50
2012.07.17 06:06:37.646,0.97804,0.97815,1.50,1.50
2012.07.17 06:06:37.952,0.978,0.97812,1.50,1.50
2012.07.17 06:06:38.140,0.978,0.97812,3.00,1.50
2012.07.17 06:06:38.700,0.97799,0.97813,2.65,2.25
2012.07.17 06:06:40.859,0.97799,0.97813,3.00,3.00
2012.07.17 06:06:42.701,0.97801,0.97813,1.50,2.25
2012.07.17 06:06:43.221,0.97801,0.97813,4.50,1.50
2012.07.17 06:06:43.289,0.97801,0.97815,4.50,4.13
2012.07.17 06:06:43.532,0.978,0.97813,3.00,1.50
2012.07.17 06:06:43.841,0.978,0.9781,3.00,1.50
2012.07.17 06:06:43.908,0.97799,0.9781,1.50,2.25
2012.07.17 06:06:44.493,0.97797,0.97809,2.25,1.50
2012.07.17 06:06:44.737,0.97798,0.97812,2.25,4.13
2012.07.17 06:06:45.901,0.97799,0.97812,3.00,2.25
2012.07.17 06:06:46.028,0.97803,0.97815,1.50,3.00
2012.07.17 06:06:46.532,0.97802,0.97814,3.00,1.50
2012.07.17 06:06:47.235,0.97803,0.97815,1.50,2.25
2012.07.17 06:06:47.601,0.97802,0.97813,1.50,2.25
2012.07.17 06:06:47.912,0.97799,0.97809,1.50,1.50
2012.07.17 06:06:48.038,0.97796,0.97808,3.38,1.50
2012.07.17 06:06:48.964,0.97799,0.97811,1.50,1.50
2012.07.17 06:06:49.510,0.978,0.97813,1.50,3.00
2012.07.17 06:06:50.020,0.97799,0.97813,4.50,2.25
2012.07.17 06:06:50.562,0.978,0.97812,2.25,2.25
2012.07.17 06:06:52.402,0.978,0.97811,1.50,1.50
2012.07.17 06:06:52.468,0.97797,0.97809,5.25,1.50
2012.07.17 06:06:53.012,0.97795,0.97808,6.00,1.50
2012.07.17 06:06:53.259,0.97797,0.9781,3.00,1.50
2012.07.17 06:06:53.557,0.97799,0.97811,1.50,2.25
2012.07.17 06:06:54.097,0.97797,0.97811,3.75,1.50
2012.07.17 06:06:54.869,0.97799,0.97811,1.50,1.50
2012.07.17 06:06:55.117,0.97801,0.97814,1.50,4.50
2012.07.17 06:06:55.304,0.978,0.97812,3.00,1.50
2012.07.17 06:06:56.434,0.978,0.97813,1.50,1.50
2012.07.17 06:06:57.739,0.978,0.97814,3.00,2.25
2012.07.17 06:06:58.287,0.978,0.97813,1.50,1.50
2012.07.17 06:06:58.885,0.97799,0.97813,2.25,2.25
2012.07.17 06:07:00.427,0.97799,0.97813,2.85,2.25
2012.07.17 06:07:00.614,0.97803,0.97814,1.50,2.25
2012.07.17 06:07:00.679,0.978,0.97814,3.00,3.75
2012.07.17 06:07:01.182,0.97801,0.97813,1.50,2.25
2012.07.17 06:07:01.725,0.97801,0.97814,1.50,2.25
2012.07.17 06:07:02.244,0.97801,0.97814,1.50,2.25
2012.07.17 06:07:02.504,0.97801,0.97814,3.00,2.25
2012.07.17 06:07:03.238,0.97802,0.97815,1.13,1.50
2012.07.17 06:07:03.721,0.97801,0.97815,2.25,3.00
2012.07.17 06:07:04.307,0.978,0.97813,1.50,1.50
2012.07.17 06:07:05.976,0.978,0.97811,1.50,1.50
2012.07.17 06:07:06.490,0.97796,0.97808,2.28,1.50
2012.07.17 06:07:06.563,0.97793,0.97805,2.25,2.25
2012.07.17 06:07:07.103,0.97793,0.97806,1.50,3.00
2012.07.17 06:07:08.232,0.97792,0.97806,4.88,3.00
2012.07.17 06:07:09.638,0.97794,0.97806,1.50,3.00
2012.07.17 06:07:10.202,0.97793,0.97807,4.15,2.25
2012.07.17 06:07:10.269,0.97796,0.97808,2.25,3.00
2012.07.17 06:07:10.812,0.97797,0.97808,1.50,2.25
2012.07.17 06:07:11.334,0.97797,0.97811,3.00,3.98
2012.07.17 06:07:14.431,0.97796,0.9781,3.00,2.25
2012.07.17 06:07:15.134,0.97796,0.9781,3.00,2.25
2012.07.17 06:07:15.512,0.97793,0.97806,1.88,2.25
2012.07.17 06:07:15.639,0.97793,0.97804,3.38,1.50
2012.07.17 06:07:16.062,0.97793,0.97806,3.38,3.00
2012.07.17 06:07:16.187,0.97793,0.97804,1.13,1.50
2012.07.17 06:07:16.728,0.97791,0.97803,7.13,1.50
2012.07.17 06:07:17.810,0.97791,0.97802,3.38,1.50
2012.07.17 06:07:17.936,0.97791,0.97802,1.50,1.50
2012.07.17 06:07:18.483,0.97791,0.97803,2.25,1.50
2012.07.17 06:07:20.077,0.9779,0.97802,2.25,1.50
2012.07.17 06:07:21.441,0.97789,0.97803,5.63,1.50
2012.07.17 06:07:22.287,0.9779,0.97804,2.25,2.25
2012.07.17 06:07:26.105,0.9779,0.97803,3.00,1.50
2012.07.17 06:07:26.662,0.97789,0.97802,1.88,1.50
2012.07.17 06:07:27.027,0.97788,0.978,4.00,1.50
2012.07.17 06:07:27.269,0.97789,0.97802,1.35,1.50
2012.07.17 06:07:32.636,0.97788,0.97802,3.23,1.50
2012.07.17 06:07:35.636,0.97788,0.978,2.10,1.50
2012.07.17 06:07:39.730,0.97789,0.97801,1.35,1.50
2012.07.17 06:07:40.917,0.97788,0.978,1.50,1.50
2012.07.17 06:07:41.396,0.97789,0.97801,2.25,1.50
2012.07.17 06:07:41.461,0.9779,0.97803,2.25,1.50
2012.07.17 06:07:42.121,0.97789,0.97802,3.00,1.50
2012.07.17 06:07:43.473,0.97791,0.97802,1.50,1.50
2012.07.17 06:07:43.545,0.97793,0.97805,2.25,4.13
2012.07.17 06:07:47.113,0.97793,0.97804,1.50,1.50
2012.07.17 06:07:47.826,0.97792,0.97805,1.50,1.50
2012.07.17 06:07:48.557,0.97792,0.97804,1.50,1.50
2012.07.17 06:07:49.190,0.97791,0.97803,6.00,1.50
2012.07.17 06:07:49.435,0.9779,0.97801,1.88,1.50
2012.07.17 06:07:49.621,0.97789,0.97801,2.25,1.50
2012.07.17 06:07:50.174,0.97789,0.97801,1.50,1.50
2012.07.17 06:07:51.919,0.97789,0.97802,2.25,2.25
2012.07.17 06:07:52.686,0.97789,0.97802,2.25,1.50
2012.07.17 06:07:56.444,0.97791,0.97803,1.50,3.00
2012.07.17 06:07:56.998,0.97789,0.97803,2.85,3.00
2012.07.17 06:07:57.600,0.97789,0.97803,2.85,3.00
2012.07.17 06:08:01.401,0.97791,0.97803,1.50,2.25
2012.07.17 06:08:01.936,0.9779,0.97802,2.25,1.50
2012.07.17 06:08:02.584,0.97791,0.97803,1.50,3.00
2012.07.17 06:08:03.124,0.97792,0.97805,1.50,1.13
2012.07.17 06:08:03.685,0.97791,0.97805,1.50,2.63
2012.07.17 06:08:04.045,0.97793,0.97805,1.50,3.38
2012.07.17 06:08:04.110,0.97791,0.97805,1.50,3.38
2012.07.17 06:08:05.091,0.9779,0.97802,3.75,1.50
2012.07.17 06:08:05.785,0.97791,0.97803,1.50,2.25
2012.07.17 06:08:07.330,0.9779,0.97803,2.25,2.25
2012.07.17 06:08:07.997,0.97791,0.97803,1.50,2.25
2012.07.17 06:08:09.834,0.97789,0.97803,3.00,2.25
2012.07.17 06:08:10.624,0.97789,0.978,1.35,1.50
2012.07.17 06:08:11.170,0.97788,0.978,1.95,1.50
2012.07.17 06:08:11.295,0.97788,0.97802,1.95,5.55
2012.07.17 06:08:11.959,0.97787,0.97801,3.90,1.50
2012.07.17 06:08:12.678,0.97787,0.97801,3.90,2.25
2012.07.17 06:08:13.473,0.97787,0.97801,3.45,2.25
2012.07.17 06:08:16.629,0.97787,0.97801,3.08,2.25
2012.07.17 06:08:17.190,0.97787,0.97801,3.08,2.25
2012.07.17 06:08:17.726,0.97787,0.97801,3.08,2.25
2012.07.17 06:08:17.790,0.97787,0.97798,1.58,1.50
2012.07.17 06:08:18.328,0.97789,0.97801,1.95,2.25
2012.07.17 06:08:18.515,0.9779,0.97802,1.50,1.80
2012.07.17 06:08:18.641,0.97793,0.97802,1.50,1.05
2012.07.17 06:08:19.185,0.97792,0.97804,2.25,1.50
2012.07.17 06:08:20.070,0.97792,0.97804,2.25,1.50
2012.07.17 06:08:20.319,0.97793,0.97806,2.25,1.50
2012.07.17 06:08:20.862,0.97791,0.97804,2.63,1.50
2012.07.17 06:08:21.289,0.97789,0.97803,2.25,2.25
2012.07.17 06:08:22.569,0.9779,0.97803,1.50,1.50
2012.07.17 06:08:23.114,0.97789,0.97803,3.00,3.00
2012.07.17 06:08:26.082,0.97791,0.97803,1.50,2.25
2012.07.17 06:08:27.174,0.9779,0.97802,1.50,3.00
2012.07.17 06:08:28.284,0.97791,0.97803,1.50,3.00
2012.07.17 06:08:28.802,0.97792,0.97803,1.50,1.50
2012.07.17 06:08:33.407,0.97791,0.97804,3.75,1.50
2012.07.17 06:08:33.653,0.97793,0.97805,3.75,2.25
2012.07.17 06:08:33.958,0.97795,0.97807,1.50,3.75
2012.07.17 06:08:34.506,0.97794,0.97808,2.25,4.43
2012.07.17 06:08:36.855,0.97796,0.97808,1.50,3.30
2012.07.17 06:08:37.372,0.97795,0.97808,1.50,1.80
2012.07.17 06:08:38.843,0.97794,0.97807,3.00,1.05
2012.07.17 06:08:39.228,0.97796,0.97808,1.50,3.30
2012.07.17 06:08:39.529,0.97796,0.97808,2.63,2.25
2012.07.17 06:08:39.835,0.97798,0.97811,1.50,2.63
2012.07.17 06:08:42.754,0.97798,0.9781,1.50,2.25
2012.07.17 06:08:43.388,0.97797,0.9781,1.88,3.00
2012.07.17 06:08:44.047,0.97797,0.9781,1.13,3.00
2012.07.17 06:08:44.719,0.97797,0.9781,1.13,3.00
2012.07.17 06:08:45.564,0.97797,0.9781,1.13,3.00
2012.07.17 06:08:46.174,0.97798,0.9781,1.50,3.00
2012.07.17 06:08:46.696,0.97796,0.9781,3.38,3.00
2012.07.17 06:08:48.741,0.97796,0.97809,3.38,1.50
2012.07.17 06:08:51.615,0.97796,0.97809,2.25,1.50
2012.07.17 06:08:52.104,0.97793,0.97807,3.75,1.50
2012.07.17 06:08:52.650,0.97794,0.97808,2.25,3.00
2012.07.17 06:08:53.176,0.97794,0.97808,3.00,3.00
2012.07.17 06:08:57.803,0.97794,0.97808,2.25,2.25
2012.07.17 06:09:00.455,0.97796,0.97808,1.50,2.25
2012.07.17 06:09:01.018,0.97794,0.97808,3.00,2.25
2012.07.17 06:09:01.551,0.97795,0.97809,1.50,3.00
2012.07.17 06:09:02.086,0.97795,0.97807,1.50,1.50
2012.07.17 06:09:02.633,0.97795,0.97807,1.50,2.25
2012.07.17 06:09:03.483,0.97795,0.97807,1.50,3.00
2012.07.17 06:09:03.549,0.97791,0.97805,3.75,2.25
2012.07.17 06:09:03.615,0.97791,0.97805,2.25,2.25
2012.07.17 06:09:03.858,0.97793,0.97805,1.50,2.25
2012.07.17 06:09:06.182,0.97795,0.97807,1.50,2.25
2012.07.17 06:09:07.723,0.97796,0.97808,2.25,2.55
2012.07.17 06:09:08.259,0.97795,0.97809,2.25,4.05
2012.07.17 06:09:08.810,0.97795,0.97807,2.25,2.25
2012.07.17 06:09:09.555,0.97795,0.97806,1.50,3.00
2012.07.17 06:09:10.105,0.97793,0.97805,4.13,1.50
2012.07.17 06:09:10.172,0.97794,0.97805,1.50,1.50
2012.07.17 06:09:10.357,0.97796,0.97808,2.25,1.05
2012.07.17 06:09:11.988,0.97795,0.97809,3.00,2.93
2012.07.17 06:09:12.174,0.97796,0.97808,1.88,2.55
2012.07.17 06:09:12.299,0.97798,0.9781,1.50,6.73
2012.07.17 06:09:12.842,0.97798,0.97812,1.50,2.55
2012.07.17 06:09:13.897,0.97799,0.97812,1.50,2.25
2012.07.17 06:09:13.963,0.97801,0.97813,1.50,2.55
2012.07.17 06:09:14.499,0.978,0.97812,1.50,2.25
2012.07.17 06:09:15.410,0.97801,0.97813,1.50,1.50
2012.07.17 06:09:15.598,0.97803,0.97814,2.25,1.50
2012.07.17 06:09:15.790,0.97802,0.97816,3.00,2.25
2012.07.17 06:09:16.340,0.97802,0.97813,1.50,1.05
2012.07.17 06:09:16.887,0.97799,0.97812,3.75,1.05
2012.07.17 06:09:17.014,0.97798,0.9781,3.75,1.50
2012.07.17 06:09:17.536,0.97798,0.97811,1.50,2.25
2012.07.17 06:09:20.349,0.97798,0.97811,3.00,1.50
2012.07.17 06:09:21.158,0.97797,0.97811,3.00,3.00
2012.07.17 06:09:22.587,0.97797,0.97811,2.25,3.00
2012.07.17 06:09:23.097,0.97799,0.97811,1.50,3.00
2012.07.17 06:09:23.603,0.97798,0.9781,1.50,2.25
2012.07.17 06:09:25.059,0.97798,0.97811,1.50,2.25
2012.07.17 06:09:25.584,0.97798,0.9781,1.50,2.25
2012.07.17 06:09:28.638,0.97801,0.97811,1.50,2.25
2012.07.17 06:09:28.948,0.97803,0.97811,2.25,1.13
2012.07.17 06:09:29.256,0.97805,0.97814,1.50,1.50
2012.07.17 06:09:29.383,0.97802,0.97815,1.50,2.63
2012.07.17 06:09:30.318,0.97801,0.97813,1.50,3.00
2012.07.17 06:09:30.384,0.97799,0.97813,3.00,3.00
2012.07.17 06:09:30.932,0.978,0.97813,1.50,1.50
2012.07.17 06:09:31.178,0.97803,0.97814,1.50,1.50
2012.07.17 06:09:32.982,0.97804,0.97815,1.50,1.50
2012.07.17 06:09:33.523,0.97806,0.97815,1.50,1.50
2012.07.17 06:09:34.070,0.97806,0.97817,1.50,2.63
2012.07.17 06:09:37.127,0.97805,0.97817,1.50,5.70
2012.07.17 06:09:37.613,0.97805,0.97817,1.50,2.25
2012.07.17 06:09:37.678,0.97807,0.97818,1.50,1.50
2012.07.17 06:09:38.342,0.97805,0.97817,3.75,2.25
2012.07.17 06:09:41.280,0.97805,0.97819,2.25,2.25
2012.07.17 06:09:41.828,0.97805,0.97819,2.25,3.00
2012.07.17 06:09:42.366,0.97804,0.97817,2.25,1.13
2012.07.17 06:09:45.181,0.97805,0.97818,1.50,1.50
2012.07.17 06:09:46.164,0.97805,0.97819,2.25,2.63
2012.07.17 06:09:46.837,0.97807,0.97819,1.50,2.25
2012.07.17 06:09:48.955,0.97806,0.97818,3.75,1.50
2012.07.17 06:09:49.496,0.97806,0.9782,3.00,2.25
2012.07.17 06:09:49.561,0.97806,0.9782,3.00,2.25
2012.07.17 06:09:50.766,0.97806,0.9782,3.75,2.25
2012.07.17 06:09:52.802,0.97808,0.9782,2.25,2.25
2012.07.17 06:09:54.064,0.97807,0.97819,3.00,1.50
2012.07.17 06:09:54.598,0.97807,0.97819,3.00,1.50
2012.07.17 06:09:56.104,0.97805,0.97819,4.50,1.50
2012.07.17 06:09:56.637,0.97805,0.97819,3.75,2.25
2012.07.17 06:09:57.579,0.97805,0.97819,3.75,1.50
2012.07.17 06:09:58.261,0.97806,0.9782,1.50,3.00
2012.07.17 06:09:59.345,0.97806,0.97818,1.50,2.63
2012.07.17 06:09:59.534,0.97803,0.97815,1.50,1.88
2012.07.17 06:09:59.963,0.97805,0.97815,1.50,1.13
2012.07.17 06:10:00.445,0.97805,0.97817,1.50,2.48
2012.07.17 06:10:02.685,0.97805,0.97816,1.50,1.50
2012.07.17 06:10:03.880,0.97805,0.97817,2.25,2.48
2012.07.17 06:10:04.228,0.97806,0.97818,2.25,2.10
2012.07.17 06:10:04.832,0.97805,0.97819,4.50,4.13
2012.07.17 06:10:05.197,0.97805,0.97817,3.75,2.25
2012.07.17 06:10:05.441,0.97803,0.97816,1.50,2.25
2012.07.17 06:10:05.988,0.97803,0.97815,3.00,1.50
2012.07.17 06:10:06.171,0.97804,0.97818,2.25,2.63
2012.07.17 06:10:08.062,0.97805,0.97817,2.25,3.38
2012.07.17 06:10:09.786,0.97805,0.97817,1.50,1.88
2012.07.17 06:10:10.319,0.97804,0.97817,3.00,2.25
2012.07.17 06:10:10.671,0.97806,0.97817,1.50,2.25
2012.07.17 06:10:11.153,0.97804,0.97817,3.00,1.88
2012.07.17 06:10:11.688,0.97805,0.97817,1.50,2.25
2012.07.17 06:10:14.207,0.97806,0.97816,1.50,1.50
2012.07.17 06:10:14.741,0.97805,0.97816,2.25,1.50
2012.07.17 06:10:14.984,0.97805,0.97816,3.00,1.50
2012.07.17 06:10:15.354,0.97805,0.97816,1.50,1.50
2012.07.17 06:10:15.538,0.97808,0.97817,1.50,1.88
2012.07.17 06:10:15.785,0.97808,0.97819,4.50,1.88
2012.07.17 06:10:15.910,0.9781,0.97819,1.50,1.13
2012.07.17 06:10:16.515,0.97809,0.97819,2.25,1.13
2012.07.17 06:10:17.298,0.97809,0.97819,2.25,1.13
2012.07.17 06:10:17.840,0.97809,0.97819,3.00,1.13
2012.07.17 06:10:18.143,0.97809,0.97819,3.75,1.13
2012.07.17 06:10:18.888,0.9781,0.97821,2.25,1.13
2012.07.17 06:10:19.483,0.97809,0.97822,2.25,2.25
2012.07.17 06:10:20.070,0.97809,0.97822,1.50,2.25
2012.07.17 06:10:21.892,0.9781,0.97822,1.50,2.25
2012.07.17 06:10:22.429,0.97809,0.97821,2.25,2.25
2012.07.17 06:10:22.993,0.97809,0.97821,3.00,2.25
2012.07.17 06:10:24.282,0.97809,0.97821,3.00,2.25
2012.07.17 06:10:25.015,0.97809,0.97821,3.00,2.25
2012.07.17 06:10:25.558,0.97809,0.97821,3.00,2.25
2012.07.17 06:10:32.063,0.97809,0.97821,3.75,2.63
2012.07.17 06:10:36.891,0.9781,0.97823,3.75,2.25
2012.07.17 06:10:37.422,0.9781,0.97821,4.15,1.13
2012.07.17 06:10:37.548,0.9781,0.97821,3.40,1.13
2012.07.17 06:10:37.680,0.97811,0.97821,1.50,1.13
2012.07.17 06:10:37.982,0.97812,0.97824,1.50,3.38
2012.07.17 06:10:38.106,0.97811,0.97824,1.50,3.38
2012.07.17 06:10:38.821,0.97811,0.97824,4.50,2.25
2012.07.17 06:10:38.887,0.97811,0.97824,4.50,1.50
2012.07.17 06:10:42.899,0.97813,0.97825,1.88,2.25
2012.07.17 06:10:42.964,0.97813,0.97825,2.63,2.25
2012.07.17 06:10:43.211,0.97815,0.97827,3.00,1.50
2012.07.17 06:10:43.757,0.97815,0.97828,3.00,1.50
2012.07.17 06:10:44.301,0.97814,0.97827,2.25,2.25
2012.07.17 06:10:44.819,0.97815,0.97828,3.75,1.50
2012.07.17 06:10:45.127,0.97818,0.9783,2.25,2.25
2012.07.17 06:10:45.663,0.97817,0.97829,1.50,2.25
2012.07.17 06:10:46.204,0.97818,0.9783,1.50,2.25
2012.07.17 06:10:46.748,0.97817,0.97829,1.50,2.25
2012.07.17 06:10:51.669,0.97818,0.9783,1.50,2.25
2012.07.17 06:10:52.245,0.97817,0.97829,2.25,2.25
2012.07.17 06:10:52.778,0.97817,0.97829,2.25,2.25
2012.07.17 06:10:57.599,0.97817,0.97829,2.25,2.25
2012.07.17 06:10:58.119,0.97817,0.97829,1.50,2.25
2012.07.17 06:10:58.426,0.97817,0.97829,2.25,2.25
2012.07.17 06:10:59.694,0.97817,0.97829,2.25,2.25
2012.07.17 06:11:00.052,0.97814,0.97827,2.25,2.25
2012.07.17 06:11:00.117,0.97814,0.97827,1.50,2.25
2012.07.17 06:11:00.301,0.97813,0.97824,1.13,1.50
2012.07.17 06:11:00.486,0.97812,0.97824,6.00,1.50
2012.07.17 06:11:01.004,0.97812,0.97823,1.13,1.50
2012.07.17 06:11:01.524,0.97812,0.97824,1.13,2.25
2012.07.17 06:11:03.965,0.97811,0.97824,4.88,2.25
2012.07.17 06:11:04.146,0.97813,0.97825,1.50,2.25
2012.07.17 06:11:09.201,0.97814,0.97827,3.00,2.63
2012.07.17 06:11:09.738,0.97814,0.97826,3.00,1.50
2012.07.17 06:11:10.513,0.97814,0.97825,3.00,1.13
2012.07.17 06:11:25.308,0.97813,0.97824,3.75,1.50
2012.07.17 06:11:25.921,0.97813,0.97825,4.50,2.63
2012.07.17 06:11:26.454,0.97813,0.97826,3.75,1.50
2012.07.17 06:11:29.184,0.97813,0.97827,3.00,3.38
2012.07.17 06:11:31.427,0.97813,0.97827,3.75,4.13
2012.07.17 06:11:32.289,0.97813,0.97824,1.50,1.50
2012.07.17 06:11:32.589,0.97812,0.97823,1.50,1.13
2012.07.17 06:11:33.737,0.9781,0.97823,6.00,1.88
2012.07.17 06:11:33.986,0.97809,0.97821,3.75,2.63
2012.07.17 06:11:34.418,0.97806,0.97818,2.25,1.50
2012.07.17 06:11:34.723,0.97808,0.97821,1.50,4.50
2012.07.17 06:11:36.582,0.97808,0.97819,1.50,1.50
2012.07.17 06:11:36.707,0.97808,0.97821,1.50,2.25
2012.07.17 06:11:36.953,0.97811,0.97822,1.50,1.50
2012.07.17 06:11:37.254,0.97809,0.97822,2.63,2.25
2012.07.17 06:11:37.677,0.97809,0.97822,2.63,2.25
2012.07.17 06:11:37.984,0.97815,0.97823,1.88,1.50
2012.07.17 06:11:38.050,0.97814,0.97823,1.13,1.50
2012.07.17 06:11:38.414,0.97813,0.97821,1.88,1.50
2012.07.17 06:11:38.648,0.97811,0.97823,1.88,1.50
2012.07.17 06:11:39.189,0.97811,0.97822,1.88,1.50
2012.07.17 06:11:42.335,0.97811,0.97824,1.88,1.50
2012.07.17 06:11:43.094,0.97811,0.97824,2.63,1.50
2012.07.17 06:11:43.575,0.97812,0.97826,2.25,2.25
2012.07.17 06:11:44.104,0.97811,0.97825,3.00,1.50
2012.07.17 06:11:44.771,0.97813,0.97825,1.50,1.50
2012.07.17 06:11:50.929,0.97811,0.97825,5.63,1.50
2012.07.17 06:11:51.553,0.97811,0.97825,3.00,3.00
2012.07.17 06:11:52.117,0.97811,0.97825,3.75,3.00
2012.07.17 06:11:54.083,0.9781,0.97824,3.00,3.00
2012.07.17 06:11:54.513,0.97809,0.97821,3.00,1.50
2012.07.17 06:11:56.999,0.97809,0.97821,2.25,2.25
2012.07.17 06:11:57.551,0.97809,0.97821,2.25,2.25
2012.07.17 06:11:58.777,0.97809,0.97821,2.25,2.25
2012.07.17 06:11:59.109,0.97809,0.97821,2.25,2.63
2012.07.17 06:11:59.422,0.97803,0.97816,1.50,2.25
2012.07.17 06:11:59.488,0.97802,0.97814,3.00,1.50
2012.07.17 06:11:59.974,0.97802,0.97816,3.00,2.25
2012.07.17 06:12:01.199,0.97802,0.97816,3.00,2.25
2012.07.17 06:12:01.446,0.97802,0.97814,3.00,1.50
2012.07.17 06:12:01.755,0.97803,0.97813,1.50,1.88
2012.07.17 06:12:02.125,0.97798,0.97811,3.75,2.25
2012.07.17 06:12:02.579,0.97796,0.97807,3.98,1.50
2012.07.17 06:12:03.127,0.97797,0.97808,1.13,2.25
2012.07.17 06:12:03.441,0.97793,0.97806,1.15,3.38
2012.07.17 06:12:03.989,0.97796,0.97807,1.50,1.13
2012.07.17 06:12:04.356,0.97795,0.97808,2.03,1.13
2012.07.17 06:12:04.546,0.97798,0.9781,1.50,3.00
2012.07.17 06:12:05.090,0.97798,0.9781,1.50,3.00
2012.07.17 06:12:06.573,0.97797,0.97809,2.78,1.50
2012.07.17 06:12:07.138,0.97799,0.9781,3.00,2.25
2012.07.17 06:12:07.453,0.97803,0.97815,1.50,2.25
2012.07.17 06:12:07.581,0.97804,0.97817,2.25,1.88
2012.07.17 06:12:08.008,0.97806,0.97817,1.50,1.88
2012.07.17 06:12:08.199,0.97806,0.9782,2.25,2.85
2012.07.17 06:12:08.325,0.9781,0.9782,1.50,2.48
2012.07.17 06:12:08.511,0.97808,0.9782,1.50,2.48
2012.07.17 06:12:08.995,0.97808,0.9782,1.50,3.00
2012.07.17 06:12:09.304,0.97805,0.97815,2.25,1.13
2012.07.17 06:12:09.431,0.97805,0.97817,2.25,1.50
2012.07.17 06:12:09.739,0.97805,0.97819,3.00,2.25
2012.07.17 06:12:10.279,0.97807,0.9782,1.50,1.88
2012.07.17 06:12:15.241,0.97807,0.9782,2.25,1.50
2012.07.17 06:12:15.368,0.97808,0.97821,2.25,2.25
2012.07.17 06:12:15.736,0.9781,0.97824,3.00,3.00
2012.07.17 06:12:17.926,0.9781,0.97822,2.25,1.50
2012.07.17 06:12:18.476,0.97809,0.97821,2.25,1.50
2012.07.17 06:12:19.307,0.9781,0.97822,1.50,2.25
2012.07.17 06:12:20.132,0.97809,0.97821,2.25,1.50
2012.07.17 06:12:21.903,0.97807,0.97815,4.50,1.88
2012.07.17 06:12:21.972,0.97807,0.97815,2.25,1.88
2012.07.17 06:12:22.100,0.97804,0.97815,1.50,3.38
2012.07.17 06:12:22.291,0.97801,0.97812,1.50,1.88
2012.07.17 06:12:23.973,0.97799,0.97813,3.00,3.75
2012.07.17 06:12:24.531,0.978,0.97814,1.50,3.38
2012.07.17 06:12:24.842,0.97804,0.97816,1.50,1.88
2012.07.17 06:12:26.814,0.97802,0.97814,2.25,1.88
2012.07.17 06:12:27.229,0.97806,0.97814,1.50,1.88
2012.07.17 06:12:27.537,0.97809,0.97814,1.50,1.13
2012.07.17 06:12:27.604,0.97809,0.9782,1.50,1.13
2012.07.17 06:12:27.789,0.97811,0.97822,1.50,3.38
2012.07.17 06:12:27.978,0.97808,0.9782,3.75,1.13
2012.07.17 06:12:28.045,0.97808,0.9782,1.50,3.38
2012.07.17 06:12:28.231,0.97804,0.97818,4.50,1.50
2012.07.17 06:12:28.477,0.97803,0.97815,2.25,1.50
2012.07.17 06:12:28.722,0.97805,0.97817,1.50,4.13
2012.07.17 06:12:28.909,0.97803,0.97815,2.25,1.50
2012.07.17 06:12:32.752,0.97803,0.97815,2.25,1.50
2012.07.17 06:12:33.292,0.97801,0.97814,2.25,1.88
2012.07.17 06:12:33.417,0.97801,0.97814,1.50,1.50
2012.07.17 06:12:33.971,0.97801,0.97813,1.50,2.25
2012.07.17 06:12:35.332,0.97799,0.97813,3.00,3.00
2012.07.17 06:12:35.515,0.97799,0.97812,3.00,1.50
2012.07.17 06:12:36.018,0.97801,0.97812,1.50,1.50
2012.07.17 06:12:36.625,0.97799,0.97812,3.00,1.50
2012.07.17 06:12:37.183,0.97799,0.97812,4.50,3.00
2012.07.17 06:12:40.031,0.97798,0.97811,2.25,1.50
2012.07.17 06:12:42.311,0.97804,0.9781,1.50,1.50
2012.07.17 06:12:42.497,0.97802,0.97813,2.25,2.25
2012.07.17 06:12:42.564,0.97801,0.97812,1.50,2.25
2012.07.17 06:12:43.108,0.978,0.97812,1.50,3.00
2012.07.17 06:12:43.882,0.97798,0.97811,2.25,2.25
2012.07.17 06:12:44.009,0.97797,0.97809,2.40,1.50
2012.07.17 06:12:44.555,0.97797,0.97809,2.40,3.00
2012.07.17 06:12:45.456,0.978,0.97811,1.50,2.25
2012.07.17 06:12:45.762,0.97802,0.97812,1.50,1.50
2012.07.17 06:12:46.126,0.978,0.97812,1.50,2.25
2012.07.17 06:12:47.657,0.97801,0.97812,1.50,2.25
2012.07.17 06:12:47.723,0.97799,0.97812,2.25,2.25
2012.07.17 06:12:47.846,0.97801,0.97812,1.50,2.25
2012.07.17 06:12:48.362,0.97801,0.97813,1.50,1.50
2012.07.17 06:12:52.664,0.97801,0.97813,1.50,2.25
2012.07.17 06:12:57.335,0.97803,0.97814,1.50,1.50
2012.07.17 06:12:57.649,0.97805,0.97816,1.50,2.48
2012.07.17 06:13:00.713,0.97802,0.97816,3.75,4.73
2012.07.17 06:13:03.903,0.97802,0.97814,2.25,1.50
2012.07.17 06:13:03.968,0.97801,0.97812,2.25,1.50
2012.07.17 06:13:04.271,0.978,0.97812,1.50,1.50
2012.07.17 06:13:04.768,0.97797,0.9781,3.00,1.50
2012.07.17 06:13:08.329,0.97799,0.9781,1.50,2.25
2012.07.17 06:13:09.046,0.97797,0.9781,3.00,1.50
2012.07.17 06:13:09.672,0.97799,0.97811,2.25,1.50
2012.07.17 06:13:09.975,0.97801,0.97812,3.00,1.50
2012.07.17 06:13:10.042,0.97802,0.97813,1.50,2.25
2012.07.17 06:13:10.736,0.97801,0.97813,1.50,2.25
2012.07.17 06:13:12.435,0.97801,0.97814,1.50,1.50
2012.07.17 06:13:12.560,0.97803,0.97814,1.50,1.50
2012.07.17 06:13:13.171,0.97802,0.97814,1.50,3.00
2012.07.17 06:13:16.066,0.97802,0.97816,1.50,3.00
2012.07.17 06:13:21.136,0.97805,0.97816,1.50,1.50
2012.07.17 06:13:22.722,0.97805,0.97817,1.50,3.00
2012.07.17 06:13:35.371,0.97802,0.97812,2.25,1.50
2012.07.17 06:13:35.822,0.97798,0.9781,1.50,2.25
2012.07.17 06:13:36.480,0.978,0.97812,1.50,2.25
2012.07.17 06:13:36.726,0.97803,0.97813,1.50,1.88
2012.07.17 06:13:37.269,0.97802,0.97813,1.50,1.50
2012.07.17 06:13:37.810,0.978,0.97812,2.25,2.25
2012.07.17 06:13:38.925,0.978,0.97812,2.25,2.25
2012.07.17 06:13:40.585,0.978,0.97811,1.50,1.50
2012.07.17 06:13:42.555,0.978,0.97811,1.50,2.25
2012.07.17 06:13:43.104,0.97797,0.97811,3.45,3.75
2012.07.17 06:13:43.409,0.97801,0.97811,1.50,1.50
2012.07.17 06:13:43.534,0.97801,0.97812,1.50,1.50
2012.07.17 06:13:47.789,0.97799,0.97812,3.00,1.50
2012.07.17 06:13:49.502,0.97801,0.97812,1.50,1.50
2012.07.17 06:13:50.093,0.978,0.97812,1.50,3.00
2012.07.17 06:13:51.073,0.978,0.97812,1.50,3.75
2012.07.17 06:13:52.501,0.97803,0.97813,1.50,2.25
2012.07.17 06:13:52.815,0.97804,0.97815,2.25,1.50
2012.07.17 06:13:52.945,0.97804,0.97818,1.50,6.75
2012.07.17 06:13:53.192,0.97803,0.97815,1.50,1.50
2012.07.17 06:13:53.746,0.97803,0.97816,2.25,3.38
2012.07.17 06:13:54.290,0.97804,0.97816,1.50,1.13
2012.07.17 06:13:57.697,0.97804,0.97817,2.25,1.88
2012.07.17 06:13:58.009,0.97807,0.97817,1.50,1.88
2012.07.17 06:13:58.512,0.97807,0.97817,1.50,1.13
2012.07.17 06:14:00.476,0.97805,0.97817,3.75,2.63
2012.07.17 06:14:01.015,0.97806,0.97817,1.50,1.13
2012.07.17 06:14:03.385,0.97805,0.97815,1.50,1.13
2012.07.17 06:14:03.514,0.97803,0.97815,2.25,2.63
2012.07.17 06:14:04.058,0.97802,0.97814,3.00,1.50
2012.07.17 06:14:04.596,0.97803,0.97815,2.25,2.63
2012.07.17 06:14:06.307,0.97802,0.97811,1.50,1.13
2012.07.17 06:14:06.435,0.97804,0.97813,2.25,1.50
2012.07.17 06:14:06.573,0.97806,0.97815,1.50,1.13
2012.07.17 06:14:06.639,0.97804,0.97815,1.50,1.13
2012.07.17 06:14:10.871,0.97806,0.97815,1.50,1.13
2012.07.17 06:14:10.999,0.97806,0.97818,1.50,2.63
2012.07.17 06:14:11.509,0.97805,0.97817,1.50,1.50
2012.07.17 06:14:12.052,0.97806,0.97818,1.50,2.63
2012.07.17 06:14:12.703,0.97806,0.97818,1.50,3.38
2012.07.17 06:14:13.204,0.97805,0.97817,1.50,2.25
2012.07.17 06:14:14.326,0.97806,0.97818,1.50,3.38
2012.07.17 06:14:14.721,0.97805,0.97813,1.50,1.13
2012.07.17 06:14:14.786,0.97805,0.97817,1.50,4.13
2012.07.17 06:14:15.298,0.97804,0.97817,1.50,1.88
2012.07.17 06:14:15.998,0.97804,0.97817,1.50,1.13
2012.07.17 06:14:16.910,0.97808,0.97817,1.50,1.13
2012.07.17 06:14:17.101,0.97809,0.97821,2.25,3.00
2012.07.17 06:14:17.348,0.9781,0.97823,2.25,1.88
2012.07.17 06:14:22.604,0.97811,0.97823,1.50,1.50
2012.07.17 06:14:38.508,0.9781,0.97822,3.00,1.50
2012.07.17 06:14:39.076,0.9781,0.97824,3.00,3.00
2012.07.17 06:14:42.567,0.9781,0.97824,3.00,3.00
2012.07.17 06:14:43.016,0.97812,0.97824,1.50,2.25
2012.07.17 06:14:43.087,0.97814,0.97826,2.25,1.50
2012.07.17 06:14:43.633,0.97815,0.97827,2.25,2.25
2012.07.17 06:14:45.325,0.97815,0.97828,3.00,1.13
2012.07.17 06:14:45.390,0.97815,0.97828,2.25,1.13
2012.07.17 06:14:45.576,0.97818,0.9783,1.50,2.25
2012.07.17 06:14:45.887,0.97821,0.97831,6.38,1.50
2012.07.17 06:14:45.955,0.97823,0.97835,1.50,2.25
2012.07.17 06:14:46.085,0.97824,0.97837,1.50,1.50
2012.07.17 06:14:46.629,0.97823,0.97837,2.25,3.00
2012.07.17 06:14:47.116,0.97822,0.97834,3.75,2.25
2012.07.17 06:14:48.668,0.97824,0.97836,1.50,1.88
2012.07.17 06:14:48.798,0.97825,0.97838,1.50,2.25
2012.07.17 06:14:48.987,0.97829,0.97841,1.50,1.50
2012.07.17 06:14:49.295,0.97827,0.9784,3.75,1.13
2012.07.17 06:14:49.799,0.97828,0.9784,1.50,2.63
2012.07.17 06:14:51.588,0.97825,0.97839,9.00,1.50
2012.07.17 06:14:51.949,0.97825,0.97837,1.50,1.50
2012.07.17 06:14:54.045,0.97826,0.97837,1.50,1.13
2012.07.17 06:14:56.235,0.97826,0.9784,1.50,2.63
2012.07.17 06:14:56.789,0.97827,0.97839,1.50,1.50
2012.07.17 06:15:00.830,0.97828,0.9784,1.50,2.63
2012.07.17 06:15:01.366,0.97827,0.97839,1.50,2.25
2012.07.17 06:15:01.490,0.97825,0.97837,4.73,1.50
2012.07.17 06:15:03.726,0.97827,0.97839,1.50,2.63
2012.07.17 06:15:04.285,0.97824,0.97837,3.00,1.88
2012.07.17 06:15:05.806,0.97824,0.97836,2.78,1.50
2012.07.17 06:15:06.410,0.97825,0.97837,2.78,1.88
2012.07.17 06:15:07.067,0.97825,0.97837,3.00,1.50
2012.07.17 06:15:07.608,0.97825,0.97837,4.50,1.50
2012.07.17 06:15:09.647,0.97825,0.97837,2.25,1.50
2012.07.17 06:15:10.219,0.97824,0.97838,3.75,2.25
2012.07.17 06:15:10.589,0.97827,0.97839,1.50,2.63
2012.07.17 06:15:18.139,0.97827,0.97839,1.50,2.25
2012.07.17 06:15:18.444,0.97829,0.97842,2.25,1.50
2012.07.17 06:15:18.987,0.97828,0.9784,1.50,2.25
2012.07.17 06:15:19.489,0.97826,0.9784,3.38,2.25
2012.07.17 06:15:22.236,0.97827,0.9784,1.50,1.50
2012.07.17 06:15:22.362,0.97825,0.97837,3.00,1.50
2012.07.17 06:15:22.549,0.97826,0.9784,3.00,3.38
2012.07.17 06:15:25.811,0.97826,0.9784,1.50,4.13
2012.07.17 06:15:26.356,0.97825,0.97838,1.88,1.88
2012.07.17 06:15:27.096,0.97826,0.9784,1.50,4.13
2012.07.17 06:15:31.488,0.97825,0.97838,1.50,1.50
2012.07.17 06:15:32.264,0.97825,0.97837,1.50,1.76
2012.07.17 06:15:32.580,0.9782,0.9783,1.50,1.50
2012.07.17 06:15:32.829,0.97818,0.9783,1.50,3.00
2012.07.17 06:15:33.609,0.97819,0.9783,1.50,1.13
2012.07.17 06:15:34.168,0.97818,0.97832,2.25,3.38
2012.07.17 06:15:36.014,0.9782,0.97831,1.50,1.13
2012.07.17 06:15:36.198,0.97818,0.97831,1.50,1.13
2012.07.17 06:15:38.225,0.97817,0.97829,1.50,2.25
2012.07.17 06:15:42.499,0.97817,0.97829,1.50,3.33
2012.07.17 06:15:42.810,0.97814,0.97823,1.50,1.50
2012.07.17 06:15:42.998,0.97809,0.97821,2.93,1.50
2012.07.17 06:15:43.736,0.9781,0.97822,2.25,2.25
2012.07.17 06:15:44.340,0.97811,0.97823,1.50,4.13
2012.07.17 06:15:45.010,0.9781,0.97823,1.50,4.13
2012.07.17 06:15:45.570,0.97812,0.97824,1.50,2.25
2012.07.17 06:15:47.568,0.97812,0.97825,3.00,1.13
2012.07.17 06:15:48.113,0.97812,0.97824,2.25,2.25
2012.07.17 06:15:48.695,0.97812,0.97824,1.50,2.63
2012.07.17 06:15:49.294,0.9781,0.97822,3.75,1.50
2012.07.17 06:15:49.836,0.9781,0.97823,2.25,1.50
2012.07.17 06:15:50.537,0.97811,0.97824,1.50,2.63
2012.07.17 06:15:53.117,0.9781,0.97822,4.50,1.50
2012.07.17 06:15:53.659,0.9781,0.97824,2.25,2.63
2012.07.17 06:15:55.071,0.97811,0.97823,1.50,1.88
2012.07.17 06:15:55.667,0.97809,0.97823,4.50,1.88
2012.07.17 06:15:56.305,0.97808,0.97822,5.25,1.50
2012.07.17 06:15:56.618,0.97805,0.97818,2.25,3.00
2012.07.17 06:15:57.393,0.97805,0.97818,3.40,1.50
2012.07.17 06:15:57.590,0.97809,0.97821,2.25,1.50
2012.07.17 06:15:57.900,0.9781,0.97823,4.50,1.50
2012.07.17 06:15:58.213,0.97809,0.97821,2.25,1.50
2012.07.17 06:16:01.309,0.9781,0.97822,1.50,1.50
2012.07.17 06:16:01.899,0.97809,0.97821,2.25,1.50
2012.07.17 06:16:02.433,0.9781,0.97822,1.50,1.50
2012.07.17 06:16:04.262,0.9781,0.97824,1.50,4.88
2012.07.17 06:16:04.807,0.97809,0.97823,2.25,1.88
2012.07.17 06:16:06.292,0.97811,0.97823,2.25,1.88
2012.07.17 06:16:06.618,0.97813,0.97825,1.50,2.63
2012.07.17 06:16:07.583,0.97813,0.97824,3.00,1.13
2012.07.17 06:16:07.771,0.97816,0.97828,2.25,1.50
2012.07.17 06:16:08.319,0.97816,0.9783,2.25,2.25
2012.07.17 06:16:08.945,0.97817,0.97831,1.50,3.38
2012.07.17 06:16:10.589,0.97816,0.9783,2.25,2.25
2012.07.17 06:16:10.974,0.97818,0.9783,1.50,2.25
2012.07.17 06:16:11.513,0.97819,0.97831,1.50,2.63
2012.07.17 06:16:12.331,0.97816,0.9783,2.25,2.25
2012.07.17 06:16:13.481,0.97816,0.9783,3.00,2.25
2012.07.17 06:16:14.980,0.97816,0.97829,2.25,1.13
2012.07.17 06:16:15.460,0.97818,0.97829,1.50,1.13
2012.07.17 06:16:16.003,0.97817,0.97829,1.50,2.63
2012.07.17 06:16:16.528,0.97817,0.97829,1.50,2.63
2012.07.17 06:16:17.342,0.97817,0.97827,1.50,1.50
2012.07.17 06:16:17.652,0.97812,0.97824,6.10,1.50
2012.07.17 06:16:18.243,0.97812,0.97824,2.25,1.50
2012.07.17 06:16:20.326,0.97812,0.97826,2.25,3.75
2012.07.17 06:16:20.702,0.97813,0.97826,1.50,2.25
2012.07.17 06:16:21.010,0.97817,0.97828,1.50,1.13
2012.07.17 06:16:23.908,0.97815,0.97828,1.50,4.13
2012.07.17 06:16:24.035,0.97812,0.97825,3.38,2.25
2012.07.17 06:16:24.164,0.97811,0.97825,2.25,2.25
2012.07.17 06:16:25.406,0.97813,0.97824,1.50,1.13
2012.07.17 06:16:25.948,0.97813,0.97825,1.50,2.63
2012.07.17 06:16:26.256,0.97815,0.97827,2.25,1.50
2012.07.17 06:16:26.322,0.97817,0.97828,1.50,1.50
2012.07.17 06:16:26.566,0.97817,0.9783,1.50,1.13
2012.07.17 06:16:27.107,0.97818,0.9783,1.50,2.25
2012.07.17 06:16:28.391,0.97817,0.97831,1.50,3.38
2012.07.17 06:16:28.936,0.97818,0.97829,1.50,1.13
2012.07.17 06:16:29.060,0.9782,0.97829,1.50,1.13
2012.07.17 06:16:29.184,0.97818,0.97829,1.50,1.13
2012.07.17 06:16:30.700,0.9782,0.97829,1.50,1.13
2012.07.17 06:16:31.401,0.97818,0.97831,3.00,1.13
2012.07.17 06:16:31.946,0.97819,0.97831,1.50,1.13
2012.07.17 06:16:32.516,0.97818,0.97831,2.25,1.13
2012.07.17 06:16:35.947,0.97818,0.97831,3.00,1.13
2012.07.17 06:16:36.495,0.97818,0.97826,1.50,1.50
2012.07.17 06:16:36.620,0.97818,0.97828,3.00,1.50
2012.07.17 06:16:37.168,0.97818,0.9783,2.25,2.63
2012.07.17 06:16:37.710,0.97816,0.9783,3.75,3.38
2012.07.17 06:16:38.250,0.97818,0.9783,1.50,3.38
2012.07.17 06:16:38.867,0.97817,0.97829,2.25,1.88
2012.07.17 06:16:39.349,0.97819,0.9783,1.50,1.13
2012.07.17 06:16:39.414,0.97817,0.97829,2.25,1.50
2012.07.17 06:16:39.953,0.97816,0.9783,3.75,2.63
2012.07.17 06:16:40.545,0.97816,0.9783,3.75,2.63
2012.07.17 06:16:56.446,0.97816,0.97828,3.00,1.88
2012.07.17 06:17:00.246,0.97816,0.97828,2.25,1.50
2012.07.17 06:17:02.258,0.97815,0.97828,1.50,1.88
2012.07.17 06:17:02.795,0.97816,0.97828,1.50,1.50
2012.07.17 06:17:04.120,0.97817,0.9783,1.50,1.13
2012.07.17 06:17:04.657,0.97817,0.9783,3.00,1.13
2012.07.17 06:17:05.528,0.97819,0.9783,1.15,1.13
2012.07.17 06:17:05.716,0.97826,0.97835,1.50,3.38
2012.07.17 06:17:06.264,0.97827,0.97839,2.25,1.13
2012.07.17 06:17:06.986,0.97828,0.9784,1.50,3.38
2012.07.17 06:17:07.496,0.97827,0.9784,1.50,3.38
2012.07.17 06:17:10.438,0.97827,0.9784,3.00,1.13
2012.07.17 06:17:11.196,0.97827,0.9784,3.00,1.13
2012.07.17 06:17:12.771,0.97828,0.9784,1.50,2.63
2012.07.17 06:17:13.289,0.97827,0.97839,2.25,1.88
2012.07.17 06:17:16.321,0.97826,0.97839,2.25,1.13
2012.07.17 06:17:17.011,0.97825,0.97836,1.73,2.25
2012.07.17 06:17:17.263,0.9782,0.97831,1.88,1.50
2012.07.17 06:17:17.806,0.97819,0.97831,1.50,2.25
2012.07.17 06:17:20.412,0.97819,0.97831,2.85,1.50
2012.07.17 06:17:20.665,0.97826,0.97838,1.50,1.13
2012.07.17 06:17:20.973,0.97826,0.97839,1.50,3.00
2012.07.17 06:17:21.516,0.97827,0.97839,1.50,2.63
2012.07.17 06:17:24.238,0.97826,0.97837,1.50,1.50
2012.07.17 06:17:24.364,0.97825,0.97837,3.00,1.50
2012.07.17 06:17:29.339,0.97825,0.97837,1.50,1.88
2012.07.17 06:17:30.566,0.97825,0.97837,1.50,1.88
2012.07.17 06:17:30.926,0.97827,0.97838,1.50,1.13
2012.07.17 06:17:31.112,0.97828,0.9784,1.50,1.88
2012.07.17 06:17:31.573,0.9783,0.97841,1.50,2.63
2012.07.17 06:17:31.769,0.9783,0.97841,2.25,1.13
2012.07.17 06:17:32.282,0.9783,0.97841,2.25,1.13
2012.07.17 06:17:32.823,0.97829,0.97841,1.50,2.63
2012.07.17 06:17:33.383,0.97827,0.97839,3.00,1.88
2012.07.17 06:17:33.899,0.97827,0.97839,2.25,2.63
2012.07.17 06:17:36.234,0.97825,0.97836,2.25,1.50
2012.07.17 06:17:36.543,0.97824,0.97834,2.03,2.25
2012.07.17 06:17:36.968,0.97818,0.97831,3.00,1.13
2012.07.17 06:17:37.499,0.97819,0.97831,2.25,1.88
2012.07.17 06:17:41.176,0.9782,0.97831,1.50,1.88
2012.07.17 06:17:41.362,0.97822,0.97833,1.50,1.13
2012.07.17 06:17:59.772,0.9782,0.97832,3.75,1.50
2012.07.17 06:18:00.018,0.97818,0.97832,2.63,3.00
2012.07.17 06:18:04.838,0.97818,0.97832,2.25,2.63
2012.07.17 06:18:04.901,0.97818,0.97832,1.50,2.63
2012.07.17 06:18:05.435,0.97818,0.97831,1.50,1.50
2012.07.17 06:18:05.798,0.97817,0.97831,3.75,1.88
2012.07.17 06:18:06.550,0.97817,0.97831,3.75,3.38
2012.07.17 06:18:07.924,0.97818,0.9783,1.50,3.38
2012.07.17 06:18:08.548,0.97818,0.9783,2.25,2.63
2012.07.17 06:18:08.855,0.97818,0.9783,3.00,2.63
2012.07.17 06:18:09.402,0.97818,0.97832,1.50,4.88
2012.07.17 06:18:09.650,0.97817,0.97829,3.00,2.25
2012.07.17 06:18:10.189,0.97817,0.97827,1.50,1.50
2012.07.17 06:18:16.569,0.97816,0.97829,1.50,3.38
2012.07.17 06:18:18.128,0.97816,0.97829,1.50,3.38
2012.07.17 06:18:18.666,0.97816,0.97829,3.00,1.88
2012.07.17 06:18:19.365,0.97816,0.97829,3.75,1.88
2012.07.17 06:18:19.679,0.97821,0.97834,2.63,1.88
2012.07.17 06:18:19.746,0.97821,0.97833,2.25,1.13
2012.07.17 06:18:20.065,0.97821,0.9783,1.50,1.50
2012.07.17 06:18:20.138,0.97817,0.97828,2.10,1.13
2012.07.17 06:18:20.680,0.97817,0.97828,2.25,1.13
2012.07.17 06:18:22.357,0.97818,0.97828,1.50,1.13
2012.07.17 06:18:23.205,0.97816,0.97828,4.35,1.13
2012.07.17 06:18:23.271,0.97816,0.97827,2.85,1.13
2012.07.17 06:18:25.172,0.97816,0.97827,2.10,1.13
2012.07.17 06:18:26.311,0.97818,0.97828,1.50,1.13
2012.07.17 06:18:27.048,0.97816,0.97828,2.25,1.13
2012.07.17 06:18:27.704,0.97817,0.97828,2.25,1.13
2012.07.17 06:18:28.057,0.97815,0.97827,2.70,2.63
2012.07.17 06:18:37.049,0.97814,0.97825,2.25,3.00
2012.07.17 06:18:37.574,0.97809,0.97822,5.25,1.88
2012.07.17 06:18:37.828,0.97808,0.97822,2.25,3.00
2012.07.17 06:18:39.015,0.9781,0.97822,1.50,1.50
2012.07.17 06:18:39.328,0.97814,0.97825,1.50,1.50
2012.07.17 06:18:39.453,0.97814,0.97824,1.50,1.13
2012.07.17 06:18:39.699,0.97812,0.97824,1.50,2.25
2012.07.17 06:18:40.245,0.97811,0.97823,1.50,2.25
2012.07.17 06:18:40.487,0.97809,0.97823,3.75,2.25
2012.07.17 06:18:40.670,0.97811,0.97823,1.50,2.25
2012.07.17 06:18:41.041,0.97808,0.97822,3.00,2.25
2012.07.17 06:18:42.425,0.97808,0.97822,3.00,2.25
2012.07.17 06:18:43.211,0.97808,0.97822,2.63,2.25
2012.07.17 06:18:43.837,0.9781,0.97822,1.50,2.25
2012.07.17 06:18:44.374,0.97809,0.97821,3.00,1.88
2012.07.17 06:18:45.842,0.97809,0.97821,2.25,1.88
2012.07.17 06:18:46.389,0.9781,0.97821,2.25,1.88
2012.07.17 06:18:47.044,0.97809,0.97821,2.25,2.25
2012.07.17 06:18:47.572,0.9781,0.97822,1.50,2.25
2012.07.17 06:18:48.271,0.9781,0.97822,1.50,2.25
2012.07.17 06:18:48.818,0.97809,0.97821,2.25,2.25
2012.07.17 06:18:49.621,0.9781,0.97822,1.50,2.25
2012.07.17 06:18:50.234,0.97809,0.97821,2.25,2.25
2012.07.17 06:18:52.801,0.9781,0.97822,1.50,2.25
2012.07.17 06:18:59.171,0.97808,0.97822,3.00,2.63
2012.07.17 06:18:59.679,0.9781,0.97822,1.50,2.63
2012.07.17 06:19:00.576,0.97808,0.97821,1.50,2.63
2012.07.17 06:19:00.885,0.97808,0.97821,1.90,1.88
2012.07.17 06:19:01.202,0.97812,0.97825,1.28,1.88
2012.07.17 06:19:03.004,0.97812,0.97827,1.43,3.00
2012.07.17 06:19:04.078,0.97813,0.97826,2.63,2.25
2012.07.17 06:19:04.659,0.97813,0.97826,2.40,2.25
2012.07.17 06:19:05.200,0.97814,0.97826,2.25,2.25
2012.07.17 06:19:05.828,0.97813,0.97824,3.00,1.50
2012.07.17 06:19:05.901,0.9781,0.97821,2.25,2.25
2012.07.17 06:19:06.027,0.9781,0.97821,1.13,1.50
2012.07.17 06:19:06.581,0.97808,0.97822,1.50,3.38
2012.07.17 06:19:07.603,0.97807,0.97821,5.63,2.63
2012.07.17 06:19:08.571,0.97806,0.9782,3.00,2.25
2012.07.17 06:19:11.758,0.97805,0.97817,4.88,1.50
2012.07.17 06:19:12.397,0.97805,0.97818,4.88,2.25
2012.07.17 06:19:13.053,0.97805,0.97817,4.88,1.50
2012.07.17 06:19:17.854,0.97805,0.97818,6.00,2.25
2012.07.17 06:19:19.241,0.97807,0.97819,1.50,2.25
2012.07.17 06:19:21.776,0.97805,0.97819,4.50,3.00
2012.07.17 06:19:22.454,0.97805,0.97818,3.75,1.88
2012.07.17 06:19:23.071,0.97805,0.97818,3.75,1.88
2012.07.17 06:19:23.608,0.97805,0.97818,2.25,1.88
2012.07.17 06:19:27.535,0.97805,0.97817,1.88,1.50
2012.07.17 06:19:27.892,0.97804,0.97817,4.05,1.50
2012.07.17 06:19:28.020,0.97804,0.97812,1.05,1.50
2012.07.17 06:19:28.087,0.97804,0.97812,1.05,1.88
2012.07.17 06:19:28.276,0.97799,0.9781,5.03,2.25
2012.07.17 06:19:28.404,0.97799,0.97809,5.03,1.13
2012.07.17 06:19:28.954,0.97797,0.9781,2.25,1.13
2012.07.17 06:19:29.500,0.97797,0.97809,2.25,2.25
2012.07.17 06:19:30.345,0.97797,0.97809,1.50,2.25
2012.07.17 06:19:31.189,0.97796,0.9781,2.48,2.63
2012.07.17 06:19:32.150,0.97797,0.97809,1.35,2.25
2012.07.17 06:19:32.673,0.97797,0.97807,1.35,2.25
2012.07.17 06:19:34.104,0.97796,0.97808,3.60,2.25
2012.07.17 06:19:35.104,0.97797,0.97807,1.35,2.25
2012.07.17 06:19:40.490,0.97796,0.97809,3.60,2.63
2012.07.17 06:19:44.060,0.97796,0.97806,2.85,2.63
2012.07.17 06:19:44.189,0.97793,0.97805,2.25,2.63
2012.07.17 06:19:44.318,0.97791,0.97803,1.50,3.00
2012.07.17 06:19:44.866,0.97791,0.97803,1.50,1.88
2012.07.17 06:19:45.532,0.9779,0.97802,3.38,1.13
2012.07.17 06:19:45.903,0.97793,0.97806,1.50,3.00
2012.07.17 06:19:46.481,0.97793,0.97806,1.50,3.00
2012.07.17 06:19:46.785,0.97793,0.97806,2.63,1.50
2012.07.17 06:19:46.851,0.97795,0.97807,2.25,2.25
2012.07.17 06:19:47.284,0.97794,0.97805,3.00,1.50
2012.07.17 06:19:47.828,0.97792,0.97805,4.50,1.88
2012.07.17 06:19:48.250,0.97795,0.97807,2.25,3.00
2012.07.17 06:19:48.794,0.97795,0.97807,2.25,3.00
2012.07.17 06:19:49.336,0.97793,0.97807,3.00,1.50
2012.07.17 06:19:50.771,0.97793,0.97807,3.00,3.00
2012.07.17 06:19:51.319,0.97792,0.97804,2.25,1.88
2012.07.17 06:19:52.214,0.97792,0.97805,1.50,1.88
2012.07.17 06:19:55.877,0.97795,0.97807,2.25,3.00
2012.07.17 06:19:59.300,0.97792,0.97807,7.13,1.50
2012.07.17 06:20:01.751,0.97792,0.97806,4.88,1.88
2012.07.17 06:20:01.818,0.97794,0.97807,2.25,3.00
2012.07.17 06:20:03.564,0.97794,0.97807,3.38,3.00
2012.07.17 06:20:03.873,0.97796,0.97809,4.73,1.50
2012.07.17 06:20:04.715,0.97796,0.97808,1.88,1.13
2012.07.17 06:20:05.258,0.97796,0.97809,3.60,3.38
2012.07.17 06:20:05.677,0.97797,0.97809,2.25,1.88
2012.07.17 06:20:16.685,0.97798,0.97811,3.38,1.88
2012.07.17 06:20:16.814,0.97801,0.97814,4.13,2.25
2012.07.17 06:20:16.881,0.97801,0.97813,4.13,1.50
2012.07.17 06:20:33.867,0.97801,0.97811,3.00,1.13
2012.07.17 06:20:33.934,0.97798,0.9781,4.50,1.50
2012.07.17 06:20:34.121,0.97798,0.9781,1.50,2.25
2012.07.17 06:20:34.547,0.97797,0.97806,1.50,1.50
2012.07.17 06:20:34.859,0.97794,0.97805,2.63,2.25
2012.07.17 06:20:35.165,0.97792,0.97805,6.75,2.25
2012.07.17 06:20:36.089,0.97792,0.97805,5.25,1.88
2012.07.17 06:20:37.409,0.97792,0.97805,3.00,3.75
2012.07.17 06:20:37.476,0.9779,0.97804,3.75,1.13
2012.07.17 06:20:38.023,0.9779,0.97802,3.75,1.88
2012.07.17 06:20:38.881,0.9779,0.97802,3.00,1.88
2012.07.17 06:20:39.132,0.97787,0.978,3.90,1.50
2012.07.17 06:20:39.259,0.97788,0.97797,1.50,1.50
2012.07.17 06:20:39.628,0.97786,0.97798,2.25,1.95
2012.07.17 06:20:40.874,0.97786,0.97798,1.50,1.95
2012.07.17 06:20:42.234,0.97785,0.97798,2.03,1.95
2012.07.17 06:20:43.189,0.97785,0.97799,1.88,3.45
2012.07.17 06:20:48.956,0.97785,0.97797,1.73,2.33
2012.07.17 06:20:52.986,0.97786,0.97797,1.50,2.10
2012.07.17 06:21:01.287,0.97786,0.97798,1.50,2.33
2012.07.17 06:21:03.078,0.97784,0.97795,2.25,1.50
2012.07.17 06:21:03.385,0.97783,0.97794,1.13,1.73
2012.07.17 06:21:04.587,0.97781,0.97792,4.13,1.50
2012.07.17 06:21:04.769,0.97781,0.97795,1.13,1.58
2012.07.17 06:21:05.275,0.97781,0.97794,1.13,2.10
2012.07.17 06:21:06.107,0.97781,0.97793,1.13,1.73
2012.07.17 06:21:06.619,0.97783,0.97793,1.13,1.73
2012.07.17 06:21:07.014,0.97783,0.97796,4.13,1.73
2012.07.17 06:21:07.086,0.97783,0.97796,1.88,1.50
2012.07.17 06:21:07.628,0.97783,0.97795,1.88,1.50
2012.07.17 06:21:07.815,0.97782,0.97795,4.50,1.95
2012.07.17 06:21:07.942,0.9778,0.97794,1.50,2.48
2012.07.17 06:21:08.010,0.9778,0.97791,1.50,1.50
2012.07.17 06:21:08.319,0.97778,0.9779,3.75,1.20
2012.07.17 06:21:08.627,0.97779,0.97792,3.38,1.13
2012.07.17 06:21:09.789,0.9778,0.97794,2.25,2.63
2012.07.17 06:21:09.916,0.97781,0.97794,2.63,2.63
2012.07.17 06:21:10.280,0.97781,0.97793,1.88,1.88
2012.07.17 06:21:13.631,0.97781,0.97793,1.88,1.50
2012.07.17 06:21:13.993,0.97782,0.97794,1.13,3.00
2012.07.17 06:21:14.121,0.97782,0.97794,1.88,2.25
2012.07.17 06:21:14.249,0.97783,0.97794,1.65,1.88
2012.07.17 06:21:14.315,0.97783,0.97797,1.65,4.13
2012.07.17 06:21:14.384,0.97783,0.97797,2.18,3.75
2012.07.17 06:21:14.452,0.97785,0.97797,2.25,3.75
2012.07.17 06:21:14.518,0.97785,0.97797,4.50,1.50
2012.07.17 06:21:15.072,0.97785,0.97797,3.00,1.58
2012.07.17 06:21:15.197,0.97785,0.97797,3.00,1.65
2012.07.17 06:21:16.514,0.97785,0.97798,4.50,3.53
2012.07.17 06:21:16.766,0.97783,0.97796,1.50,1.58
2012.07.17 06:21:16.953,0.97781,0.97795,3.00,3.15
2012.07.17 06:21:17.508,0.97781,0.97793,2.25,1.65
2012.07.17 06:21:17.994,0.97783,0.97795,1.50,2.03
2012.07.17 06:21:18.422,0.97783,0.97796,1.50,1.28
2012.07.17 06:21:18.964,0.97783,0.97796,3.00,1.28
2012.07.17 06:21:19.515,0.97783,0.97796,3.00,1.28
2012.07.17 06:21:20.212,0.97785,0.97796,2.25,1.28
2012.07.17 06:21:20.753,0.97786,0.97798,1.50,2.78
2012.07.17 06:21:21.862,0.97786,0.97798,1.50,2.78
2012.07.17 06:21:24.095,0.97785,0.97797,1.13,1.13
2012.07.17 06:21:24.342,0.97782,0.97795,3.38,1.13
2012.07.17 06:21:25.395,0.97781,0.97793,3.00,1.50
2012.07.17 06:21:27.509,0.97782,0.97793,1.50,1.88
2012.07.17 06:21:28.056,0.97782,0.97796,3.75,2.63
2012.07.17 06:21:28.184,0.97781,0.97793,3.75,2.25
2012.07.17 06:21:28.726,0.97782,0.97793,3.38,1.13
2012.07.17 06:21:30.261,0.97782,0.97794,3.38,1.50
2012.07.17 06:21:30.781,0.97782,0.97794,3.00,1.13
2012.07.17 06:21:32.070,0.97782,0.97795,3.75,1.50
2012.07.17 06:21:32.731,0.97782,0.97795,3.75,1.50
2012.07.17 06:21:35.383,0.97781,0.97793,4.13,1.88
2012.07.17 06:21:35.930,0.97781,0.97792,1.50,1.50
2012.07.17 06:21:37.882,0.97781,0.97793,1.50,2.25
2012.07.17 06:21:39.144,0.97783,0.97795,2.25,1.50
2012.07.17 06:21:41.224,0.97781,0.97793,3.00,1.13
2012.07.17 06:21:41.291,0.97781,0.97794,3.00,5.25
2012.07.17 06:21:41.477,0.9778,0.97792,3.00,1.88
2012.07.17 06:21:42.149,0.97781,0.97793,1.50,2.40
2012.07.17 06:21:42.693,0.97781,0.97793,3.00,2.78
2012.07.17 06:21:43.881,0.97781,0.97793,1.50,2.78
2012.07.17 06:21:44.438,0.97781,0.97793,1.50,2.78
2012.07.17 06:21:45.544,0.97779,0.97792,4.13,2.03
2012.07.17 06:21:46.254,0.97779,0.97792,2.63,2.03
2012.07.17 06:21:51.373,0.97781,0.97792,1.50,1.65
2012.07.17 06:21:51.955,0.97781,0.97794,1.50,2.40
2012.07.17 06:21:53.428,0.9778,0.97794,3.75,2.40
2012.07.17 06:21:53.972,0.97778,0.97791,1.50,1.58
2012.07.17 06:21:54.155,0.97778,0.97792,3.00,3.08
2012.07.17 06:21:54.815,0.97778,0.9779,1.50,2.63
2012.07.17 06:21:55.185,0.97778,0.97788,2.25,2.25
2012.07.17 06:21:55.805,0.97775,0.97786,1.20,1.50
2012.07.17 06:21:56.124,0.97781,0.97793,1.50,1.65
2012.07.17 06:21:56.676,0.97777,0.97791,2.25,1.58
2012.07.17 06:21:56.742,0.97776,0.97789,1.20,1.50
2012.07.17 06:21:57.285,0.97776,0.9779,2.70,1.50
2012.07.17 06:22:00.952,0.97779,0.97791,2.25,1.58
2012.07.17 06:22:02.225,0.97779,0.97791,3.00,1.58
2012.07.17 06:22:02.544,0.97782,0.97794,2.25,2.40
2012.07.17 06:22:03.102,0.97783,0.97795,1.50,1.65
2012.07.17 06:22:03.929,0.97784,0.97796,1.50,3.53
2012.07.17 06:22:04.475,0.97783,0.97795,3.00,2.40
2012.07.17 06:22:06.292,0.97783,0.97795,1.50,2.40
2012.07.17 06:22:07.338,0.97783,0.97795,1.50,2.40
2012.07.17 06:22:08.083,0.97782,0.97794,1.88,2.40
2012.07.17 06:22:10.245,0.97782,0.97796,2.25,3.08
2012.07.17 06:22:10.311,0.97782,0.97796,2.25,3.00
2012.07.17 06:22:10.377,0.97782,0.97795,1.50,1.65
2012.07.17 06:22:10.921,0.97779,0.97793,3.38,2.33
2012.07.17 06:22:11.464,0.9778,0.97793,1.50,1.58
2012.07.17 06:22:12.064,0.97779,0.97793,2.25,1.58
2012.07.17 06:22:12.469,0.9778,0.97791,1.50,1.50
2012.07.17 06:22:13.009,0.97779,0.97792,1.50,1.58
2012.07.17 06:22:13.517,0.97779,0.97791,1.50,1.50
2012.07.17 06:22:14.075,0.97779,0.97792,1.50,1.58
2012.07.17 06:22:17.213,0.9778,0.97794,2.25,3.53
2012.07.17 06:22:17.748,0.9778,0.97794,3.00,3.15
2012.07.17 06:22:19.212,0.97781,0.97793,1.50,2.33
2012.07.17 06:22:19.714,0.9778,0.97792,3.00,1.58
2012.07.17 06:22:20.302,0.97781,0.97793,1.50,2.33
2012.07.17 06:22:21.012,0.97781,0.9779,1.50,2.25
2012.07.17 06:22:21.198,0.97777,0.97789,2.63,3.00
2012.07.17 06:22:21.444,0.97778,0.97792,3.00,4.58
2012.07.17 06:22:21.569,0.97778,0.97791,2.25,2.40
2012.07.17 06:22:22.235,0.97778,0.97791,1.50,3.83
2012.07.17 06:22:23.162,0.97777,0.97791,2.25,3.90
2012.07.17 06:22:23.700,0.97777,0.97791,3.00,3.90
2012.07.17 06:22:26.543,0.97776,0.97788,1.13,1.50
2012.07.17 06:22:27.205,0.97772,0.97784,3.75,1.50
2012.07.17 06:22:27.448,0.97772,0.97784,2.25,1.65
2012.07.17 06:22:28.222,0.97772,0.97784,1.50,1.58
2012.07.17 06:22:28.762,0.97772,0.97784,2.25,1.65
2012.07.17 06:22:29.305,0.97772,0.97784,1.50,1.58
2012.07.17 06:22:29.859,0.97772,0.97784,2.25,1.58
2012.07.17 06:22:33.826,0.97772,0.97784,2.25,1.50
2012.07.17 06:22:34.366,0.97772,0.97784,1.50,1.65
2012.07.17 06:22:34.905,0.97771,0.97785,3.00,2.03
2012.07.17 06:22:35.549,0.97772,0.97784,1.50,1.65
2012.07.17 06:22:36.084,0.97771,0.97785,3.00,3.53
2012.07.17 06:22:36.619,0.97772,0.97784,1.50,1.65
2012.07.17 06:22:37.155,0.97771,0.97783,3.00,1.58
2012.07.17 06:22:37.690,0.97771,0.97783,3.00,1.58
2012.07.17 06:22:38.225,0.97771,0.97783,3.00,1.58
2012.07.17 06:22:38.764,0.97771,0.97783,1.50,1.58
2012.07.17 06:22:39.364,0.97771,0.97783,1.50,1.58
2012.07.17 06:22:43.761,0.9777,0.97783,1.50,2.33
2012.07.17 06:22:44.297,0.9777,0.97782,3.00,1.58
2012.07.17 06:22:46.774,0.9777,0.97782,3.00,1.50
2012.07.17 06:22:51.676,0.9777,0.97782,3.00,1.58
2012.07.17 06:22:52.223,0.9777,0.97783,1.50,2.33
2012.07.17 06:22:52.638,0.9777,0.97783,1.50,1.58
2012.07.17 06:22:55.935,0.97771,0.97783,1.50,1.58
2012.07.17 06:22:58.836,0.97771,0.97783,1.50,1.58
2012.07.17 06:23:00.965,0.97772,0.97783,1.50,1.58
2012.07.17 06:23:01.779,0.9777,0.97783,1.80,1.58
2012.07.17 06:23:02.314,0.9777,0.97782,3.30,1.58
2012.07.17 06:23:07.791,0.97771,0.97783,3.00,3.83
2012.07.17 06:23:08.102,0.97774,0.97786,2.20,2.63
2012.07.17 06:23:08.169,0.97775,0.97787,2.63,1.50
2012.07.17 06:23:08.716,0.97777,0.97789,2.10,5.63
2012.07.17 06:23:09.319,0.97777,0.97789,3.00,4.13
2012.07.17 06:23:09.831,0.97777,0.97789,3.00,4.50
2012.07.17 06:23:10.371,0.97777,0.97789,3.00,4.88
2012.07.17 06:23:11.063,0.97776,0.97788,1.35,1.88
2012.07.17 06:23:11.680,0.97777,0.97788,1.35,2.25
2012.07.17 06:23:12.233,0.97776,0.97788,3.00,2.25
2012.07.17 06:23:13.854,0.97777,0.97788,1.50,2.25
2012.07.17 06:23:14.405,0.97777,0.97789,2.25,3.38
2012.07.17 06:23:16.201,0.97777,0.97789,1.50,3.38
2012.07.17 06:23:16.810,0.97777,0.97789,3.75,4.88
2012.07.17 06:23:18.130,0.97777,0.97789,3.00,4.88
2012.07.17 06:23:26.905,0.97777,0.97789,3.00,4.88
2012.07.17 06:23:27.992,0.97777,0.97789,1.50,3.00
2012.07.17 06:23:29.214,0.97777,0.97789,1.50,3.00
2012.07.17 06:23:33.535,0.97777,0.97789,2.25,4.50
2012.07.17 06:23:37.211,0.97777,0.97789,3.00,4.50
2012.07.17 06:23:41.356,0.97777,0.9779,1.50,4.88
2012.07.17 06:23:41.892,0.97778,0.97791,3.00,1.13
2012.07.17 06:23:47.053,0.97778,0.9779,2.25,2.25
2012.07.17 06:23:49.611,0.9778,0.97792,1.50,1.50
2012.07.17 06:23:50.242,0.9778,0.97792,1.50,3.75
2012.07.17 06:23:50.754,0.97779,0.97792,2.25,3.75
2012.07.17 06:23:51.278,0.9778,0.97792,1.50,3.75
2012.07.17 06:23:54.144,0.9778,0.97792,1.50,5.25
2012.07.17 06:23:57.352,0.9778,0.97792,1.50,5.25
2012.07.17 06:23:57.774,0.97783,0.97792,1.50,2.70
2012.07.17 06:23:57.904,0.97785,0.97792,2.25,2.33
2012.07.17 06:23:57.971,0.97785,0.97792,1.50,2.25
2012.07.17 06:23:58.037,0.97785,0.97795,1.50,2.63
2012.07.17 06:23:58.223,0.97787,0.97796,1.50,1.50
2012.07.17 06:23:58.289,0.97785,0.97796,1.50,1.50
2012.07.17 06:23:58.834,0.97786,0.97796,1.50,1.88
2012.07.17 06:23:59.387,0.97787,0.97797,1.50,3.00
2012.07.17 06:24:01.167,0.97787,0.97798,1.50,3.38
2012.07.17 06:24:03.184,0.97787,0.97798,1.50,3.38
2012.07.17 06:24:08.492,0.97786,0.97796,1.50,1.13
2012.07.17 06:24:09.043,0.97785,0.97796,1.50,1.50
2012.07.17 06:24:09.590,0.97786,0.97796,1.50,1.50
2012.07.17 06:24:10.098,0.97786,0.97796,1.50,1.88
2012.07.17 06:24:12.181,0.97786,0.97796,1.50,1.88
2012.07.17 06:24:15.200,0.97786,0.97796,1.50,1.13
2012.07.17 06:24:17.268,0.97784,0.97796,3.00,1.13
2012.07.17 06:24:17.578,0.97783,0.97793,2.25,1.50
2012.07.17 06:24:17.705,0.97783,0.97793,1.50,1.50
2012.07.17 06:24:18.063,0.97783,0.97794,1.50,1.13
2012.07.17 06:24:18.608,0.97784,0.97794,1.50,1.88
2012.07.17 06:24:19.164,0.97784,0.97794,1.50,1.88
2012.07.17 06:24:19.704,0.97783,0.97794,1.50,1.88
2012.07.17 06:24:20.009,0.97786,0.97796,1.50,1.13
2012.07.17 06:24:21.167,0.97786,0.97797,2.25,3.38
2012.07.17 06:24:22.078,0.97786,0.97797,2.25,3.38
2012.07.17 06:24:22.766,0.97784,0.97797,3.00,2.63
2012.07.17 06:24:23.317,0.97784,0.97795,1.50,1.88
2012.07.17 06:24:23.859,0.97782,0.97793,1.50,1.88
2012.07.17 06:24:24.225,0.97778,0.97792,3.75,1.50
2012.07.17 06:24:24.919,0.9778,0.97792,2.25,2.25
2012.07.17 06:24:25.472,0.97779,0.97792,2.25,1.13
2012.07.17 06:24:27.663,0.9778,0.97792,2.25,1.50
2012.07.17 06:24:28.322,0.9778,0.97794,4.50,3.00
2012.07.17 06:24:28.448,0.97782,0.97794,1.50,1.50
2012.07.17 06:24:28.967,0.97782,0.97794,1.50,1.50
2012.07.17 06:24:29.339,0.97779,0.97791,4.50,1.88
2012.07.17 06:24:29.647,0.97777,0.97789,1.88,1.50
2012.07.17 06:24:30.192,0.97779,0.97791,2.25,2.25
2012.07.17 06:24:30.438,0.97776,0.97787,1.50,2.25
2012.07.17 06:24:30.980,0.97775,0.97787,1.50,3.00
2012.07.17 06:24:35.409,0.97775,0.97785,1.65,1.13
2012.07.17 06:24:35.956,0.97777,0.97789,4.35,2.25
2012.07.17 06:24:36.146,0.97777,0.9779,3.75,1.50
2012.07.17 06:24:36.390,0.97778,0.97791,2.25,1.88
2012.07.17 06:24:36.697,0.97776,0.97788,2.78,4.50
2012.07.17 06:24:36.764,0.97775,0.97787,2.25,4.50
2012.07.17 06:24:37.009,0.97774,0.97787,4.13,3.00
2012.07.17 06:24:37.569,0.97776,0.97788,2.25,3.26
2012.07.17 06:24:41.897,0.97779,0.97789,1.50,1.50
2012.07.17 06:24:42.439,0.97778,0.97788,1.50,1.13
2012.07.17 06:24:42.982,0.97779,0.97789,1.50,1.13
2012.07.17 06:24:43.639,0.97777,0.97789,6.00,1.13
2012.07.17 06:24:43.762,0.97779,0.97789,1.50,1.13
2012.07.17 06:24:44.331,0.97778,0.97789,1.50,1.13
2012.07.17 06:24:44.982,0.97779,0.97789,1.50,1.13
2012.07.17 06:24:47.140,0.97777,0.97789,4.50,1.13
2012.07.17 06:24:47.612,0.97779,0.97789,1.50,1.13
2012.07.17 06:24:48.047,0.97777,0.97789,6.00,2.63
2012.07.17 06:24:48.292,0.97776,0.97787,3.00,1.50
2012.07.17 06:24:48.417,0.97775,0.97787,1.50,2.25
2012.07.17 06:24:48.788,0.97772,0.97784,3.00,1.13
2012.07.17 06:24:49.094,0.97769,0.97783,2.78,3.38
2012.07.17 06:24:50.122,0.9777,0.97782,2.25,2.25
2012.07.17 06:24:51.280,0.97772,0.97782,1.50,2.63
2012.07.17 06:24:51.712,0.97775,0.97785,1.50,1.50
2012.07.17 06:24:55.009,0.97774,0.97788,2.25,4.13
2012.07.17 06:24:58.382,0.97775,0.97788,1.50,2.63
2012.07.17 06:25:04.177,0.97774,0.97788,2.25,3.38
2012.07.17 06:25:04.720,0.97772,0.97785,2.25,1.13
2012.07.17 06:25:05.029,0.97771,0.97783,2.25,1.13
2012.07.17 06:25:05.704,0.97771,0.97781,1.50,2.25
2012.07.17 06:25:05.774,0.97769,0.97781,3.75,1.50
2012.07.17 06:25:05.841,0.97772,0.97781,1.50,1.88
2012.07.17 06:25:06.087,0.97771,0.97782,1.50,1.13
2012.07.17 06:25:06.593,0.97771,0.97784,1.50,2.63
2012.07.17 06:25:07.129,0.97772,0.97784,1.50,1.50
2012.07.17 06:25:08.032,0.97772,0.97784,1.50,1.50
2012.07.17 06:25:08.400,0.97775,0.97784,1.50,1.50
2012.07.17 06:25:08.829,0.97777,0.97787,1.50,1.13
2012.07.17 06:25:08.896,0.97778,0.97788,1.50,1.88
2012.07.17 06:25:09.023,0.97779,0.97788,1.50,1.13
2012.07.17 06:25:09.505,0.97777,0.97789,1.50,2.25
2012.07.17 06:25:10.505,0.97777,0.97789,2.25,2.25
2012.07.17 06:25:11.026,0.97777,0.97789,2.25,2.25
2012.07.17 06:25:11.603,0.97776,0.97788,1.50,2.25
2012.07.17 06:25:12.141,0.97776,0.97789,1.50,1.50
2012.07.17 06:25:12.897,0.97775,0.97789,3.00,3.00
2012.07.17 06:25:12.963,0.97777,0.97789,1.50,3.00
2012.07.17 06:25:13.434,0.97775,0.97787,4.50,1.88
2012.07.17 06:25:13.979,0.97776,0.97788,1.50,2.25
2012.07.17 06:25:14.222,0.97774,0.97787,3.00,1.13
2012.07.17 06:25:14.781,0.97774,0.97787,3.00,2.25
2012.07.17 06:25:21.188,0.97775,0.97786,2.25,2.25
2012.07.17 06:25:21.523,0.97773,0.97785,1.50,3.75
2012.07.17 06:25:21.648,0.97773,0.97785,1.50,3.00
2012.07.17 06:25:22.199,0.97774,0.97785,1.50,1.50
2012.07.17 06:25:23.123,0.97774,0.97785,1.50,2.25
2012.07.17 06:25:25.191,0.97774,0.97785,1.50,2.25
2012.07.17 06:25:26.072,0.97774,0.97786,1.50,3.38
2012.07.17 06:25:31.560,0.97774,0.97785,1.50,1.13
2012.07.17 06:25:32.098,0.97774,0.97785,1.50,1.50
2012.07.17 06:25:32.651,0.97773,0.97785,1.50,1.50
2012.07.17 06:25:33.587,0.97774,0.97785,1.50,1.50
2012.07.17 06:25:34.239,0.97773,0.97785,1.50,1.50
2012.07.17 06:25:34.780,0.97774,0.97785,1.50,1.50
2012.07.17 06:25:35.374,0.97773,0.97785,1.50,1.50
2012.07.17 06:25:35.729,0.97776,0.97786,1.50,2.25
2012.07.17 06:25:37.138,0.97776,0.97786,1.50,2.25
2012.07.17 06:25:37.377,0.97774,0.97784,1.50,1.50
2012.07.17 06:25:40.322,0.97774,0.97784,1.50,1.50
2012.07.17 06:25:43.273,0.97774,0.97784,1.50,1.13
2012.07.17 06:25:43.337,0.97774,0.97787,1.50,2.63
2012.07.17 06:25:43.576,0.97774,0.97787,1.50,2.63
2012.07.17 06:25:47.564,0.97775,0.97788,1.88,2.25
2012.07.17 06:25:47.870,0.97779,0.9779,3.00,2.25
2012.07.17 06:25:48.430,0.97779,0.9779,1.50,2.25
2012.07.17 06:25:51.486,0.97779,0.9779,1.50,2.25
2012.07.17 06:25:52.702,0.9778,0.9779,1.50,1.13
2012.07.17 06:25:53.210,0.97779,0.9779,1.50,1.13
2012.07.17 06:25:55.649,0.97781,0.9779,1.50,1.50
2012.07.17 06:25:57.804,0.97782,0.97793,1.50,3.00
2012.07.17 06:25:58.118,0.97785,0.97796,1.50,1.13
2012.07.17 06:25:58.511,0.97781,0.97795,1.50,3.26
2012.07.17 06:25:59.056,0.97781,0.97794,3.00,1.13
2012.07.17 06:25:59.122,0.97783,0.97794,1.50,1.13
2012.07.17 06:25:59.631,0.97784,0.97795,1.50,2.25
2012.07.17 06:26:00.892,0.97783,0.97795,1.50,2.25
2012.07.17 06:26:01.454,0.97784,0.97795,1.50,2.25
2012.07.17 06:26:01.992,0.97783,0.97795,1.50,2.25
2012.07.17 06:26:02.526,0.97784,0.97795,1.50,2.25
2012.07.17 06:26:02.591,0.97782,0.97795,1.50,2.25
2012.07.17 06:26:03.137,0.97783,0.97795,1.50,2.25
2012.07.17 06:26:12.539,0.97783,0.97794,1.50,1.88
2012.07.17 06:26:18.491,0.97783,0.97794,1.50,1.88
2012.07.17 06:26:18.560,0.97783,0.97793,1.88,1.50
2012.07.17 06:26:18.810,0.97786,0.97795,1.50,1.13
2012.07.17 06:26:19.368,0.97787,0.97795,1.50,1.13
2012.07.17 06:26:19.558,0.97784,0.97795,3.00,1.13
2012.07.17 06:26:19.925,0.97783,0.97795,3.00,2.25
2012.07.17 06:26:20.588,0.97783,0.97795,1.50,3.00
2012.07.17 06:26:21.185,0.97783,0.97795,1.50,3.38
2012.07.17 06:26:32.150,0.97783,0.97795,1.50,3.38
2012.07.17 06:26:43.371,0.97783,0.97795,1.50,3.00
2012.07.17 06:26:44.179,0.97783,0.97795,1.50,3.75
2012.07.17 06:26:45.095,0.97784,0.97795,1.50,1.88
2012.07.17 06:26:45.620,0.97784,0.97795,1.50,1.50
2012.07.17 06:26:46.087,0.97786,0.97795,1.50,1.50
2012.07.17 06:26:46.278,0.97785,0.97795,1.50,1.13
2012.07.17 06:26:46.405,0.97783,0.97796,3.00,1.13
2012.07.17 06:26:46.472,0.97783,0.97795,3.00,1.13
2012.07.17 06:26:47.013,0.97781,0.97794,3.00,1.88
2012.07.17 06:26:47.554,0.97783,0.97794,1.50,1.13
2012.07.17 06:26:47.862,0.97787,0.97797,2.25,1.50
2012.07.17 06:26:48.108,0.97788,0.978,1.50,1.76
2012.07.17 06:26:48.416,0.9779,0.978,1.50,1.50
2012.07.17 06:26:52.775,0.97789,0.978,1.50,1.50
2012.07.17 06:26:53.091,0.97791,0.978,1.50,1.50
2012.07.17 06:26:53.649,0.97791,0.97803,3.00,3.00
2012.07.17 06:26:54.112,0.97791,0.97803,3.00,3.00
2012.07.17 06:26:54.237,0.97791,0.97803,3.75,2.25
2012.07.17 06:26:54.670,0.97792,0.97804,3.00,2.63
2012.07.17 06:26:55.214,0.97792,0.97804,2.25,3.00
2012.07.17 06:26:55.766,0.97789,0.97803,3.00,3.00
2012.07.17 06:26:56.310,0.97789,0.97803,3.00,3.00
2012.07.17 06:26:57.143,0.97789,0.97803,3.00,3.00
2012.07.17 06:26:58.192,0.97789,0.97803,3.00,3.00
2012.07.17 06:26:59.997,0.9779,0.97803,1.50,1.50
2012.07.17 06:27:00.539,0.97791,0.97803,1.50,3.00
2012.07.17 06:27:00.665,0.97789,0.97803,3.00,3.00
2012.07.17 06:27:00.969,0.97788,0.97799,1.50,2.25
2012.07.17 06:27:01.512,0.97788,0.978,2.25,2.25
2012.07.17 06:27:02.027,0.97794,0.97803,1.50,2.25
2012.07.17 06:27:02.093,0.97791,0.97802,1.50,1.50
2012.07.17 06:27:02.637,0.97788,0.978,3.00,4.50
2012.07.17 06:27:02.887,0.97786,0.97798,2.25,2.25
2012.07.17 06:27:02.954,0.97786,0.97797,2.25,1.88
2012.07.17 06:27:03.141,0.97785,0.97797,3.00,3.00
2012.07.17 06:27:03.684,0.97786,0.97797,1.50,1.50
2012.07.17 06:27:04.277,0.97786,0.97797,2.25,1.50
2012.07.17 06:27:04.819,0.97786,0.97797,2.25,1.50
2012.07.17 06:27:09.730,0.97785,0.97797,1.50,1.50
2012.07.17 06:27:09.858,0.97783,0.97795,1.50,1.13
2012.07.17 06:27:10.411,0.97781,0.97793,3.00,2.25
2012.07.17 06:27:11.152,0.97781,0.97793,3.00,2.25
2012.07.17 06:27:13.670,0.97781,0.97793,3.00,2.25
2012.07.17 06:27:14.223,0.97781,0.97793,3.38,2.25
2012.07.17 06:27:14.535,0.97784,0.97796,2.25,3.00
2012.07.17 06:27:16.360,0.97784,0.97796,2.25,3.00
2012.07.17 06:27:17.148,0.97784,0.97796,2.25,3.00
2012.07.17 06:27:19.161,0.97784,0.97796,2.25,3.00
2012.07.17 06:27:40.611,0.97783,0.97795,3.38,1.50
2012.07.17 06:27:40.795,0.97783,0.97794,1.88,1.88
2012.07.17 06:27:41.640,0.97783,0.97794,1.50,1.50
2012.07.17 06:27:42.133,0.97785,0.97794,1.50,1.50
2012.07.17 06:27:42.681,0.97785,0.97794,2.25,1.50
2012.07.17 06:27:42.867,0.97785,0.97796,6.23,1.88
2012.07.17 06:27:43.057,0.97793,0.978,1.50,1.13
2012.07.17 06:27:43.185,0.97791,0.97802,2.25,1.50
2012.07.17 06:27:43.743,0.97791,0.97802,2.25,1.13
2012.07.17 06:27:51.061,0.97793,0.97803,1.50,1.50
2012.07.17 06:27:51.600,0.97791,0.97803,3.38,1.50
2012.07.17 06:27:52.840,0.97793,0.97804,1.50,1.50
2012.07.17 06:27:53.386,0.97791,0.97804,3.38,1.50
2012.07.17 06:27:55.243,0.97793,0.97804,1.50,1.50
2012.07.17 06:27:55.954,0.97791,0.97804,3.00,1.50
2012.07.17 06:27:57.330,0.97791,0.97804,3.00,3.00
2012.07.17 06:27:57.690,0.97791,0.97804,1.88,4.50
2012.07.17 06:27:58.238,0.97794,0.97807,1.50,3.75
2012.07.17 06:27:58.425,0.97795,0.97807,3.75,2.25
2012.07.17 06:28:00.913,0.97795,0.97807,3.75,3.00
2012.07.17 06:28:01.753,0.97796,0.97808,3.00,2.70
2012.07.17 06:28:02.143,0.97799,0.97808,1.50,1.50
2012.07.17 06:28:02.211,0.978,0.97812,1.50,1.50
2012.07.17 06:28:02.755,0.97799,0.97813,3.75,3.38
2012.07.17 06:28:03.630,0.978,0.97813,1.50,2.63
2012.07.17 06:28:03.695,0.978,0.97813,1.50,2.25
2012.07.17 06:28:07.027,0.978,0.97814,3.75,3.00
2012.07.17 06:28:08.970,0.978,0.97814,3.00,3.00
2012.07.17 06:28:11.077,0.97801,0.97813,1.50,2.25
2012.07.17 06:28:13.231,0.978,0.97813,1.50,2.25
2012.07.17 06:28:16.120,0.97799,0.97812,1.50,2.25
2012.07.17 06:28:20.278,0.97801,0.97813,1.50,2.25
2012.07.17 06:28:20.808,0.978,0.97812,2.25,2.25
2012.07.17 06:28:21.496,0.97801,0.97814,1.50,1.50
2012.07.17 06:28:22.036,0.97801,0.97814,1.50,1.50
2012.07.17 06:28:22.578,0.97802,0.97815,2.25,1.50
2012.07.17 06:28:24.186,0.97802,0.97815,2.25,1.50
2012.07.17 06:28:24.800,0.978,0.97812,4.50,2.25
2012.07.17 06:28:31.533,0.978,0.97814,3.75,3.00
2012.07.17 06:28:32.071,0.978,0.97812,3.00,2.25
2012.07.17 06:28:32.548,0.978,0.97812,2.25,2.25
2012.07.17 06:28:34.193,0.978,0.97812,2.25,2.25
2012.07.17 06:28:35.077,0.978,0.97812,2.25,2.25
2012.07.17 06:28:36.084,0.978,0.97812,2.25,2.25
2012.07.17 06:28:37.087,0.978,0.97812,2.25,2.25
2012.07.17 06:28:42.707,0.97799,0.97813,3.00,2.25
2012.07.17 06:28:43.244,0.97799,0.97813,3.00,2.25
2012.07.17 06:28:45.192,0.97799,0.97813,3.00,3.00
2012.07.17 06:28:52.485,0.97797,0.97811,3.75,2.25
2012.07.17 06:28:53.174,0.97797,0.97811,3.00,2.25
2012.07.17 06:28:55.964,0.97797,0.9781,1.50,1.88
2012.07.17 06:28:56.500,0.97798,0.9781,2.25,1.88
2012.07.17 06:28:57.031,0.97797,0.97809,3.75,2.25
2012.07.17 06:28:57.535,0.97797,0.97809,3.75,2.25
2012.07.17 06:29:03.649,0.97798,0.9781,2.25,3.00
2012.07.17 06:29:04.352,0.97797,0.97809,3.00,1.50
2012.07.17 06:29:04.882,0.97797,0.97809,3.00,2.25
2012.07.17 06:29:07.351,0.97798,0.9781,2.25,3.00
2012.07.17 06:29:08.115,0.97798,0.9781,2.25,3.00
2012.07.17 06:29:08.753,0.97798,0.9781,2.25,3.00
2012.07.17 06:29:11.262,0.97798,0.9781,2.25,3.00
2012.07.17 06:29:12.732,0.97798,0.9781,2.25,1.50
2012.07.17 06:29:16.088,0.97797,0.9781,4.50,1.50
2012.07.17 06:29:16.328,0.97798,0.9781,2.25,1.50
2012.07.17 06:29:16.745,0.97798,0.97811,2.25,1.50
2012.07.17 06:29:17.557,0.978,0.97811,1.13,2.25
2012.07.17 06:29:17.862,0.97803,0.97814,1.50,1.50
2012.07.17 06:29:18.045,0.97803,0.97815,1.50,3.75
2012.07.17 06:29:18.286,0.97802,0.97815,2.25,2.25
2012.07.17 06:29:19.066,0.97802,0.97815,2.25,2.25
2012.07.17 06:29:20.710,0.97801,0.97814,2.25,1.50
2012.07.17 06:29:21.071,0.97801,0.97813,2.25,1.13
2012.07.17 06:29:21.645,0.97799,0.97811,1.50,2.25
2012.07.17 06:29:22.161,0.97799,0.97812,1.50,1.88
2012.07.17 06:29:22.704,0.97799,0.97812,1.50,1.88
2012.07.17 06:29:23.507,0.97799,0.9781,1.50,1.50
2012.07.17 06:29:26.950,0.97799,0.97812,1.50,1.88
2012.07.17 06:29:30.100,0.97799,0.97813,3.00,3.00
2012.07.17 06:29:30.877,0.97798,0.9781,2.25,2.25
2012.07.17 06:29:31.179,0.97798,0.9781,2.25,2.25
2012.07.17 06:29:32.476,0.97797,0.9781,1.50,3.00
2012.07.17 06:29:34.959,0.97797,0.97809,2.25,1.88
2012.07.17 06:29:37.323,0.97798,0.9781,1.50,3.00
2012.07.17 06:29:39.368,0.97796,0.9781,3.00,3.00
2012.07.17 06:29:39.912,0.97796,0.97809,2.25,2.25
2012.07.17 06:29:43.170,0.97798,0.97811,1.50,2.25
2012.07.17 06:29:45.086,0.97798,0.9781,1.50,1.13
2012.07.17 06:29:52.120,0.97797,0.97811,2.25,3.75
2012.07.17 06:29:52.652,0.97797,0.97809,1.50,1.13
2012.07.17 06:29:57.165,0.97798,0.97809,1.50,1.13
2012.07.17 06:29:58.299,0.97797,0.97809,3.00,2.63
2012.07.17 06:29:59.609,0.97798,0.97809,1.50,1.13
2012.07.17 06:30:00.179,0.97798,0.97809,1.50,1.13
2012.07.17 06:30:01.192,0.97797,0.97809,3.00,1.88
2012.07.17 06:30:01.767,0.97797,0.97809,2.25,1.88
2012.07.17 06:30:03.204,0.97797,0.97809,3.00,1.88
2012.07.17 06:30:11.495,0.97796,0.9781,3.75,3.75
2012.07.17 06:30:15.816,0.97797,0.97807,1.50,1.50
2012.07.17 06:30:15.942,0.97795,0.97804,1.50,1.50
2012.07.17 06:30:16.068,0.97794,0.97804,1.50,2.25
2012.07.17 06:30:16.134,0.97794,0.97804,1.50,2.63
2012.07.17 06:30:16.200,0.97792,0.97804,2.65,3.00
2012.07.17 06:30:16.742,0.97791,0.97803,3.00,2.25
2012.07.17 06:30:16.987,0.9779,0.97801,1.50,1.88
2012.07.17 06:30:17.322,0.97787,0.97799,1.50,3.00
2012.07.17 06:30:17.390,0.97787,0.97799,1.50,5.25
2012.07.17 06:30:17.697,0.97784,0.97796,1.50,1.88
2012.07.17 06:30:17.825,0.97782,0.97793,4.50,1.13
2012.07.17 06:30:18.194,0.97781,0.97792,4.50,1.13
2012.07.17 06:30:18.740,0.97783,0.97793,1.50,1.50
2012.07.17 06:30:19.256,0.97783,0.97793,1.50,1.50
2012.07.17 06:30:22.070,0.97783,0.97793,1.50,1.50
2012.07.17 06:30:22.732,0.97782,0.97794,1.50,2.25
2012.07.17 06:30:24.222,0.97782,0.97794,1.50,2.25
2012.07.17 06:30:24.830,0.97782,0.97794,1.50,3.00
2012.07.17 06:30:25.360,0.97781,0.97794,2.25,3.00
2012.07.17 06:30:26.353,0.97782,0.97794,1.50,3.00
2012.07.17 06:30:26.783,0.9778,0.97792,2.25,3.00
2012.07.17 06:30:26.908,0.97778,0.9779,2.25,1.13
2012.07.17 06:30:27.461,0.97778,0.9779,2.25,1.88
2012.07.17 06:30:28.527,0.97778,0.9779,2.25,1.88
2012.07.17 06:30:28.837,0.97778,0.97788,1.50,2.25
2012.07.17 06:30:29.026,0.97773,0.97785,3.38,1.50
2012.07.17 06:30:29.218,0.97773,0.97782,1.13,1.50
2012.07.17 06:30:29.706,0.97771,0.97783,1.50,2.63
2012.07.17 06:30:31.260,0.9777,0.97783,3.75,1.50
2012.07.17 06:30:32.785,0.97772,0.97783,1.50,1.50
2012.07.17 06:30:33.299,0.9777,0.97783,2.25,3.00
2012.07.17 06:30:38.045,0.97772,0.97782,1.50,2.25
2012.07.17 06:30:38.235,0.97773,0.97785,1.50,2.25
2012.07.17 06:30:38.599,0.97772,0.97785,4.50,1.13
2012.07.17 06:30:38.664,0.97772,0.97785,4.50,1.50
2012.07.17 06:30:39.203,0.97772,0.97786,3.00,3.75
2012.07.17 06:30:42.280,0.97774,0.97786,1.50,3.38
2012.07.17 06:30:42.346,0.97774,0.97786,1.50,3.00
2012.07.17 06:30:42.471,0.97774,0.97786,1.50,3.38
2012.07.17 06:30:43.011,0.97774,0.97786,1.50,3.75
2012.07.17 06:30:43.497,0.97774,0.97788,3.00,3.00
2012.07.17 06:30:43.690,0.97775,0.97789,2.63,3.00
2012.07.17 06:30:43.758,0.97777,0.97789,2.25,3.75
2012.07.17 06:30:43.887,0.9778,0.97789,1.50,1.13
2012.07.17 06:30:44.314,0.9778,0.97793,2.25,1.50
2012.07.17 06:30:44.379,0.9778,0.97792,2.25,1.50
2012.07.17 06:30:44.627,0.97783,0.97794,1.50,1.13
2012.07.17 06:30:45.614,0.97783,0.97795,2.25,3.00
2012.07.17 06:30:45.740,0.97783,0.97796,3.00,1.50
2012.07.17 06:30:45.806,0.97783,0.97797,4.50,2.25
2012.07.17 06:30:45.993,0.97785,0.97797,1.50,1.13
2012.07.17 06:30:46.547,0.97784,0.97797,3.00,1.50
2012.07.17 06:30:47.114,0.97785,0.97797,1.50,3.00
2012.07.17 06:30:54.827,0.97785,0.97797,2.25,3.00
2012.07.17 06:30:55.376,0.97784,0.97798,3.75,3.00
2012.07.17 06:30:58.401,0.97785,0.97797,2.25,1.13
2012.07.17 06:30:58.712,0.97787,0.97798,1.50,1.50
2012.07.17 06:30:59.161,0.97785,0.97797,3.00,3.00
2012.07.17 06:30:59.763,0.97785,0.97797,2.25,3.00
2012.07.17 06:31:02.930,0.97785,0.97792,1.50,1.50
2012.07.17 06:31:03.118,0.97783,0.97793,3.00,1.13
2012.07.17 06:31:03.832,0.97783,0.97793,3.00,1.50
2012.07.17 06:31:04.194,0.97783,0.97794,1.50,1.88
2012.07.17 06:31:04.853,0.97783,0.97794,1.50,1.50
2012.07.17 06:31:05.406,0.97782,0.97793,1.50,1.50
2012.07.17 06:31:06.101,0.97781,0.9779,2.25,1.50
2012.07.17 06:31:06.229,0.9778,0.97789,1.50,3.00
2012.07.17 06:31:06.417,0.97775,0.97786,4.13,2.25
2012.07.17 06:31:06.926,0.97774,0.97784,1.50,1.50
2012.07.17 06:31:07.780,0.97776,0.97784,2.25,1.50
2012.07.17 06:31:08.092,0.97779,0.97792,2.63,3.38
2012.07.17 06:31:08.158,0.97781,0.97792,1.50,1.50
2012.07.17 06:31:08.700,0.97781,0.97792,1.50,1.50
2012.07.17 06:31:08.889,0.97779,0.97791,3.00,1.88
2012.07.17 06:31:10.931,0.97777,0.97789,2.25,1.50
2012.07.17 06:31:11.060,0.97777,0.97788,1.65,2.25
2012.07.17 06:31:13.118,0.97776,0.97789,2.40,2.25
2012.07.17 06:31:14.120,0.97776,0.97788,2.40,2.25
2012.07.17 06:31:16.168,0.97776,0.97789,2.40,2.25
2012.07.17 06:31:18.588,0.97776,0.97789,2.40,3.00
2012.07.17 06:31:18.652,0.97776,0.97789,2.40,3.00
2012.07.17 06:31:19.198,0.97776,0.97789,2.40,2.25
2012.07.17 06:31:19.739,0.97778,0.97791,3.75,1.50
2012.07.17 06:31:20.279,0.97778,0.9779,3.75,1.50
2012.07.17 06:31:22.141,0.97778,0.9779,3.00,1.88
2012.07.17 06:31:22.445,0.97778,0.97788,3.00,1.50
2012.07.17 06:31:22.995,0.97778,0.97788,3.00,1.50
2012.07.17 06:31:23.119,0.97778,0.97788,3.00,1.50
2012.07.17 06:31:24.116,0.97778,0.9779,2.25,1.88
2012.07.17 06:31:24.595,0.97777,0.97789,1.50,3.00
2012.07.17 06:31:25.098,0.97777,0.97788,1.95,1.88
2012.07.17 06:31:26.276,0.97777,0.97788,1.50,1.50
2012.07.17 06:31:27.149,0.97777,0.9779,1.50,3.00
2012.07.17 06:31:32.781,0.97777,0.97789,2.25,1.13
2012.07.17 06:31:35.093,0.9778,0.97792,1.88,3.00
2012.07.17 06:31:35.340,0.97783,0.97792,2.25,1.50
2012.07.17 06:31:37.192,0.97783,0.97792,2.25,1.50
2012.07.17 06:31:37.739,0.97783,0.97795,2.25,3.75
2012.07.17 06:31:37.922,0.97783,0.97794,2.25,1.50
2012.07.17 06:31:40.101,0.97783,0.97795,2.25,3.00
2012.07.17 06:31:41.488,0.97784,0.97795,1.50,1.50
2012.07.17 06:31:42.548,0.97786,0.97795,1.50,1.50
2012.07.17 06:31:42.733,0.97784,0.97795,3.00,1.50
2012.07.17 06:31:43.273,0.97784,0.97797,2.25,1.80
2012.07.17 06:31:45.079,0.97783,0.97793,2.25,1.13
2012.07.17 06:31:46.061,0.97783,0.97796,3.75,1.50
2012.07.17 06:31:46.562,0.97784,0.97796,1.50,2.25
2012.07.17 06:31:52.918,0.97786,0.97796,1.50,1.50
2012.07.17 06:31:53.454,0.97785,0.97796,1.50,1.50
2012.07.17 06:31:53.763,0.97789,0.97796,1.50,1.13
2012.07.17 06:31:53.889,0.97788,0.97798,1.50,2.10
2012.07.17 06:31:54.015,0.97788,0.978,1.50,2.48
2012.07.17 06:31:54.506,0.97785,0.97797,3.00,2.48
2012.07.17 06:31:55.048,0.97785,0.97795,1.50,1.50
2012.07.17 06:31:55.564,0.97785,0.97796,1.50,2.25
2012.07.17 06:31:56.101,0.97785,0.97796,1.50,1.88
2012.07.17 06:31:58.676,0.97786,0.97797,2.25,1.73
2012.07.17 06:31:59.224,0.97783,0.97795,2.25,1.13
2012.07.17 06:31:59.766,0.97782,0.97794,2.25,2.25
2012.07.17 06:32:00.404,0.97782,0.97794,1.50,2.25
2012.07.17 06:32:01.085,0.97783,0.97795,1.50,2.25
2012.07.17 06:32:21.614,0.97783,0.97795,3.00,2.25
2012.07.17 06:32:21.678,0.97784,0.97795,1.50,2.25
2012.07.17 06:32:21.925,0.97789,0.97798,1.50,4.09
2012.07.17 06:32:22.230,0.97787,0.97798,2.25,1.84
2012.07.17 06:32:22.295,0.97787,0.97798,2.25,1.84
2012.07.17 06:32:22.602,0.97791,0.97798,1.50,1.09
2012.07.17 06:32:22.791,0.9779,0.97801,1.50,1.50
2012.07.17 06:32:23.336,0.97791,0.97802,1.50,1.50
2012.07.17 06:32:23.578,0.97791,0.97801,1.50,1.13
2012.07.17 06:32:24.029,0.97791,0.97803,3.00,1.88
2012.07.17 06:32:24.094,0.97791,0.97803,6.00,1.50
2012.07.17 06:32:24.159,0.97791,0.97803,3.00,1.50
2012.07.17 06:32:24.699,0.97791,0.97803,3.00,1.88
2012.07.17 06:32:25.433,0.9779,0.97803,1.50,2.25
2012.07.17 06:32:26.897,0.97789,0.97803,5.25,3.38
2012.07.17 06:32:30.033,0.97789,0.97801,4.50,2.25
2012.07.17 06:32:30.593,0.97789,0.97801,4.50,1.88
2012.07.17 06:32:31.947,0.97789,0.97801,3.75,2.63
2012.07.17 06:32:32.897,0.97789,0.97801,3.75,3.75
2012.07.17 06:32:33.202,0.97788,0.97799,1.50,1.50
2012.07.17 06:32:33.517,0.97783,0.97795,4.50,3.00
2012.07.17 06:32:38.182,0.97781,0.97793,4.50,1.50
2012.07.17 06:32:42.301,0.97781,0.97792,2.25,1.50
2012.07.17 06:32:43.739,0.97781,0.97792,1.50,2.25
2012.07.17 06:32:44.559,0.97781,0.97792,1.50,2.25
2012.07.17 06:32:48.959,0.97781,0.97793,1.50,1.50
2012.07.17 06:32:49.507,0.97781,0.97793,1.50,1.50
2012.07.17 06:32:50.117,0.97781,0.97793,3.75,3.00
2012.07.17 06:32:50.737,0.97781,0.97793,3.00,3.00
2012.07.17 06:32:51.282,0.97782,0.97793,1.50,1.50
2012.07.17 06:32:51.827,0.97781,0.97793,4.50,3.00
2012.07.17 06:32:52.796,0.97781,0.97793,3.75,2.25
2012.07.17 06:33:02.793,0.97781,0.97792,1.50,3.75
2012.07.17 06:33:02.983,0.97778,0.97788,2.25,2.25
2012.07.17 06:33:03.361,0.97779,0.9779,2.25,1.13
2012.07.17 06:33:03.548,0.97781,0.9779,1.50,1.13
2012.07.17 06:33:03.675,0.97779,0.97792,1.50,1.88
2012.07.17 06:33:04.030,0.97781,0.97793,1.50,3.00
2012.07.17 06:33:04.095,0.97779,0.97793,3.00,3.00
2012.07.17 06:33:06.160,0.97779,0.97793,3.00,3.00
2012.07.17 06:33:06.226,0.97779,0.9779,1.50,1.50
2012.07.17 06:33:06.351,0.97779,0.97792,1.50,1.50
2012.07.17 06:33:06.925,0.97779,0.97791,3.00,1.50
2012.07.17 06:33:09.581,0.97779,0.9779,1.50,1.50
2012.07.17 06:33:10.189,0.97779,0.97791,3.00,1.50
2012.07.17 06:33:13.732,0.97779,0.9779,1.50,1.50
2012.07.17 06:33:14.089,0.97779,0.97792,1.50,1.50
2012.07.17 06:33:17.654,0.97779,0.97791,1.50,1.50
2012.07.17 06:33:18.309,0.97778,0.9779,1.50,1.50
2012.07.17 06:33:19.510,0.97779,0.97791,2.25,1.50
2012.07.17 06:33:19.756,0.9778,0.97793,1.50,1.50
2012.07.17 06:33:19.883,0.9778,0.97793,1.50,2.25
2012.07.17 06:33:20.364,0.9778,0.97792,2.25,2.25
2012.07.17 06:33:21.488,0.97781,0.97793,1.50,3.00
2012.07.17 06:33:22.032,0.9778,0.97792,2.25,2.25
2012.07.17 06:33:25.346,0.97781,0.97793,1.50,3.00
2012.07.17 06:33:25.873,0.9778,0.97792,3.00,1.88
2012.07.17 06:33:35.948,0.9778,0.97792,1.50,2.25
2012.07.17 06:33:37.705,0.97778,0.9779,4.50,2.25
2012.07.17 06:33:38.248,0.97778,0.97788,1.50,2.25
2012.07.17 06:33:38.829,0.97778,0.9779,1.50,3.00
2012.07.17 06:33:40.406,0.97777,0.97789,3.00,1.50
2012.07.17 06:33:45.317,0.97777,0.97789,3.00,1.50
2012.07.17 06:33:45.564,0.97775,0.97787,3.75,2.25
2012.07.17 06:33:45.692,0.97775,0.97787,2.25,3.00
2012.07.17 06:33:45.942,0.97773,0.97783,2.25,2.25
2012.07.17 06:33:46.490,0.97771,0.97783,2.25,2.25
2012.07.17 06:33:49.009,0.97772,0.97784,2.25,3.00
2012.07.17 06:33:49.847,0.97771,0.97783,1.50,2.25
2012.07.17 06:33:50.912,0.9777,0.97783,2.25,2.25
2012.07.17 06:33:51.452,0.97769,0.97782,2.25,2.25
2012.07.17 06:33:52.153,0.97769,0.97782,2.48,2.25
2012.07.17 06:33:52.695,0.9777,0.97783,2.25,3.00
2012.07.17 06:33:53.239,0.97771,0.97783,2.25,1.50
2012.07.17 06:33:53.366,0.97771,0.97783,2.25,1.50
2012.07.17 06:33:53.551,0.97773,0.97783,1.50,1.50
2012.07.17 06:33:56.049,0.97771,0.97783,2.63,3.00
2012.07.17 06:33:56.720,0.97769,0.97781,3.00,1.88
2012.07.17 06:33:59.414,0.97769,0.9778,1.88,2.25
2012.07.17 06:33:59.954,0.97769,0.97781,3.00,2.25
2012.07.17 06:34:00.938,0.97769,0.97782,2.10,2.25
2012.07.17 06:34:01.552,0.97769,0.97782,1.50,2.25
2012.07.17 06:34:05.646,0.97769,0.9778,1.50,1.88
2012.07.17 06:34:06.008,0.97768,0.97777,2.63,1.50
2012.07.17 06:34:06.553,0.97764,0.97776,1.88,2.25
2012.07.17 06:34:06.858,0.97763,0.97776,1.50,3.00
2012.07.17 06:34:07.678,0.97764,0.97776,1.50,3.00
2012.07.17 06:34:12.518,0.97763,0.97775,3.00,2.25
2012.07.17 06:34:13.326,0.97763,0.97775,3.00,2.25
2012.07.17 06:34:13.912,0.97763,0.97775,2.25,2.25
2012.07.17 06:34:18.104,0.97763,0.97775,2.25,2.25
2012.07.17 06:34:22.508,0.97763,0.97775,3.38,2.25
2012.07.17 06:34:24.185,0.97764,0.97776,3.75,2.25
2012.07.17 06:34:24.310,0.97764,0.97776,2.25,2.63
2012.07.17 06:34:24.910,0.97762,0.97776,3.75,3.00
2012.07.17 06:34:26.944,0.97763,0.97776,1.88,3.00
2012.07.17 06:34:29.326,0.97763,0.97776,1.88,3.00
2012.07.17 06:34:30.027,0.97763,0.97773,1.50,2.25
2012.07.17 06:34:30.585,0.97762,0.97774,3.75,2.25
2012.07.17 06:34:33.231,0.97762,0.97775,1.50,3.00
2012.07.17 06:34:33.776,0.97761,0.97774,2.25,2.25
2012.07.17 06:34:35.353,0.97761,0.97772,1.50,1.88
2012.07.17 06:34:36.104,0.97761,0.97773,1.50,1.88
2012.07.17 06:34:38.835,0.97761,0.97773,1.50,2.25
2012.07.17 06:34:41.004,0.97761,0.97768,1.50,1.13
2012.07.17 06:34:41.256,0.97752,0.97764,3.00,1.50
2012.07.17 06:34:41.805,0.97752,0.97764,4.50,1.88
2012.07.17 06:34:41.929,0.97753,0.97764,1.50,1.88
2012.07.17 06:34:42.442,0.97754,0.97766,2.25,1.50
2012.07.17 06:34:42.981,0.97755,0.97766,2.25,1.50
2012.07.17 06:34:54.231,0.97755,0.97767,1.88,1.50
2012.07.17 06:34:54.772,0.97756,0.97767,2.25,1.50
2012.07.17 06:35:01.437,0.97756,0.97767,2.25,1.50
2012.07.17 06:35:04.778,0.97758,0.97767,3.78,1.50
2012.07.17 06:35:04.846,0.97759,0.9777,2.25,1.88
2012.07.17 06:35:04.973,0.97759,0.97771,2.63,1.50
2012.07.17 06:35:05.040,0.9776,0.97771,1.13,1.05
2012.07.17 06:35:09.874,0.97758,0.9777,3.38,2.55
2012.07.17 06:35:10.124,0.9776,0.97772,2.25,2.25
2012.07.17 06:35:10.671,0.97763,0.97774,1.50,2.25
2012.07.17 06:35:10.798,0.97764,0.97776,1.50,2.25
2012.07.17 06:35:11.344,0.97764,0.97776,1.50,2.25
2012.07.17 06:35:11.884,0.97764,0.97775,1.88,3.00
2012.07.17 06:35:18.938,0.97763,0.97775,2.25,2.25
2012.07.17 06:35:20.087,0.97764,0.97776,2.25,3.75
2012.07.17 06:35:20.633,0.97764,0.97776,2.25,3.00
2012.07.17 06:35:21.268,0.97763,0.97775,2.25,1.50
2012.07.17 06:35:22.500,0.97763,0.97775,2.25,2.25
2012.07.17 06:35:25.037,0.97764,0.97776,2.25,3.75
2012.07.17 06:35:26.198,0.97763,0.97775,2.25,2.25
2012.07.17 06:35:27.825,0.97763,0.97774,2.25,1.50
2012.07.17 06:35:28.070,0.97762,0.97772,1.50,1.50
2012.07.17 06:35:28.256,0.97762,0.97771,1.50,3.00
2012.07.17 06:35:28.501,0.9776,0.97771,2.25,3.00
2012.07.17 06:35:29.061,0.9776,0.97771,2.25,3.00
2012.07.17 06:35:30.604,0.9776,0.9777,2.25,1.50
2012.07.17 06:35:31.115,0.9776,0.9777,1.50,1.50
2012.07.17 06:35:32.011,0.9776,0.97772,1.50,2.25
2012.07.17 06:35:32.714,0.9776,0.97771,1.50,1.50
2012.07.17 06:35:33.307,0.9776,0.97771,1.50,1.50
2012.07.17 06:35:36.621,0.9776,0.97772,3.00,2.25
2012.07.17 06:35:36.750,0.97761,0.97774,3.00,1.88
2012.07.17 06:35:37.027,0.97763,0.97776,3.00,6.00
2012.07.17 06:35:37.101,0.97763,0.97776,3.75,2.25
2012.07.17 06:35:38.534,0.97764,0.97776,3.00,2.25
2012.07.17 06:35:39.089,0.97764,0.97776,3.00,2.25
2012.07.17 06:35:42.632,0.97764,0.97776,1.50,1.50
2012.07.17 06:35:42.879,0.97765,0.97776,1.50,2.25
2012.07.17 06:35:43.246,0.97764,0.97776,3.00,1.50
2012.07.17 06:35:43.490,0.97764,0.97776,4.50,2.25
2012.07.17 06:35:43.556,0.97765,0.97776,1.50,1.88
2012.07.17 06:35:43.622,0.97765,0.97777,1.50,3.75
2012.07.17 06:35:45.509,0.97765,0.97777,1.50,3.00
2012.07.17 06:35:47.957,0.97765,0.97776,2.25,1.50
2012.07.17 06:35:48.470,0.97766,0.97778,2.25,2.25
2012.07.17 06:35:52.775,0.97766,0.97779,1.50,2.25
2012.07.17 06:36:01.018,0.97766,0.97777,1.50,1.88
2012.07.17 06:36:01.084,0.97766,0.97777,1.50,2.25
2012.07.17 06:36:01.452,0.97767,0.97777,1.50,1.50
2012.07.17 06:36:02.014,0.97767,0.97778,1.50,1.50
2012.07.17 06:36:02.487,0.97767,0.97776,1.50,1.50
2012.07.17 06:36:02.799,0.97764,0.97773,1.50,1.50
2012.07.17 06:36:02.866,0.97764,0.97775,1.50,2.25
2012.07.17 06:36:03.175,0.97764,0.97775,1.50,1.50
2012.07.17 06:36:03.541,0.97765,0.97778,2.25,1.50
2012.07.17 06:36:03.907,0.97764,0.97775,2.25,1.88
2012.07.17 06:36:04.271,0.97765,0.97778,2.25,2.25
2012.07.17 06:36:05.776,0.97765,0.97776,1.50,1.50
2012.07.17 06:36:11.826,0.97765,0.97775,1.50,1.50
2012.07.17 06:36:12.337,0.97764,0.97776,3.00,2.25
2012.07.17 06:36:14.227,0.97765,0.97776,1.50,2.25
2012.07.17 06:36:16.583,0.97765,0.97775,1.50,1.50
2012.07.17 06:36:17.553,0.97765,0.97777,1.50,3.00
2012.07.17 06:36:18.314,0.97765,0.97775,1.50,1.50
2012.07.17 06:36:18.826,0.97765,0.97776,1.50,2.25
2012.07.17 06:36:21.566,0.97765,0.97776,1.50,3.00
2012.07.17 06:36:22.158,0.97765,0.97774,1.50,1.50
2012.07.17 06:36:22.704,0.97765,0.97775,1.50,2.25
2012.07.17 06:36:23.415,0.97765,0.97774,1.50,1.50
2012.07.17 06:36:23.764,0.97764,0.97772,1.50,1.50
2012.07.17 06:36:24.370,0.97764,0.97774,1.50,2.25
2012.07.17 06:36:24.907,0.97767,0.97775,1.50,1.88
2012.07.17 06:36:25.210,0.97767,0.97777,1.50,2.25
2012.07.17 06:36:28.763,0.97765,0.97775,1.50,3.00
2012.07.17 06:36:28.828,0.97765,0.97775,1.50,3.00
2012.07.17 06:36:29.848,0.97765,0.97775,1.50,2.25
2012.07.17 06:36:30.033,0.97765,0.97776,1.50,1.50
2012.07.17 06:36:30.966,0.97765,0.97776,1.50,1.50
2012.07.17 06:36:31.861,0.97765,0.97776,1.50,2.63
2012.07.17 06:36:41.171,0.97764,0.97776,3.38,1.88
2012.07.17 06:36:41.875,0.97764,0.97775,1.13,2.25
2012.07.17 06:36:42.427,0.97763,0.97775,3.00,2.25
2012.07.17 06:36:44.794,0.97763,0.97775,3.00,3.00
2012.07.17 06:36:44.917,0.97763,0.97775,3.00,2.63
2012.07.17 06:36:44.983,0.97763,0.97773,1.50,1.88
2012.07.17 06:36:49.019,0.97763,0.97775,1.50,2.25
2012.07.17 06:36:49.660,0.97763,0.97775,2.25,2.25
2012.07.17 06:36:49.966,0.97763,0.97775,2.25,2.25
2012.07.17 06:37:03.367,0.97764,0.97777,2.63,3.00
2012.07.17 06:37:03.834,0.97766,0.97777,1.50,1.50
2012.07.17 06:37:11.177,0.97766,0.97778,3.00,2.25
2012.07.17 06:37:16.199,0.97766,0.97776,1.50,1.50
2012.07.17 06:37:18.914,0.97766,0.97778,1.50,3.00
2012.07.17 06:37:21.573,0.97766,0.97778,1.50,1.88
2012.07.17 06:37:21.754,0.97766,0.97778,1.50,1.50
2012.07.17 06:37:22.650,0.97765,0.97778,3.00,1.50
2012.07.17 06:37:30.526,0.97766,0.97777,2.25,1.50
2012.07.17 06:37:52.656,0.97768,0.97777,1.50,1.13
2012.07.17 06:37:52.724,0.97768,0.9778,2.25,3.00
2012.07.17 06:37:52.792,0.97767,0.9778,1.50,2.40
2012.07.17 06:37:52.983,0.97768,0.97781,2.25,1.13
2012.07.17 06:37:53.382,0.9777,0.97782,4.13,1.13
2012.07.17 06:37:53.567,0.97772,0.97782,2.25,1.13
2012.07.17 06:37:53.753,0.97772,0.97784,2.25,3.00
2012.07.17 06:37:54.539,0.97772,0.97784,2.25,2.25
2012.07.17 06:38:00.017,0.97772,0.97784,2.25,3.00
2012.07.17 06:38:00.264,0.97771,0.97784,1.50,2.25
2012.07.17 06:38:00.448,0.97773,0.97785,3.00,2.25
2012.07.17 06:38:01.161,0.97776,0.97788,2.25,6.00
2012.07.17 06:38:01.690,0.97775,0.97787,2.25,1.50
2012.07.17 06:38:02.728,0.97774,0.97786,1.50,2.25
2012.07.17 06:38:04.625,0.97774,0.97787,1.50,3.00
2012.07.17 06:38:05.158,0.97774,0.97787,1.50,3.00
2012.07.17 06:38:06.755,0.97776,0.97788,2.25,1.50
2012.07.17 06:38:07.000,0.97777,0.97789,1.50,1.50
2012.07.17 06:38:07.543,0.97776,0.97788,2.25,1.50
2012.07.17 06:38:08.135,0.97777,0.97789,2.25,3.00
2012.07.17 06:38:08.269,0.97777,0.97789,2.25,3.83
2012.07.17 06:38:08.806,0.97776,0.97788,2.25,2.40
2012.07.17 06:38:09.171,0.97776,0.97788,3.00,2.40
2012.07.17 06:38:09.832,0.97776,0.97789,3.00,2.40
2012.07.17 06:38:09.958,0.97778,0.97789,1.50,3.00
2012.07.17 06:38:10.084,0.97778,0.97792,3.00,3.00
2012.07.17 06:38:10.390,0.97778,0.9779,1.50,3.00
2012.07.17 06:38:11.181,0.97778,0.9779,1.50,2.25
2012.07.17 06:38:11.542,0.97778,0.9779,1.50,1.13
2012.07.17 06:38:11.887,0.9778,0.97792,1.50,3.75
2012.07.17 06:38:12.015,0.97783,0.97792,1.50,2.25
2012.07.17 06:38:12.264,0.97783,0.97795,2.25,1.13
2012.07.17 06:38:12.877,0.97784,0.97795,3.00,1.50
2012.07.17 06:38:13.422,0.97784,0.97795,3.00,1.50
2012.07.17 06:38:13.919,0.97785,0.97795,1.50,1.50
2012.07.17 06:38:15.695,0.97786,0.97797,1.50,3.98
2012.07.17 06:38:16.241,0.97786,0.97798,3.00,3.75
2012.07.17 06:38:17.450,0.97787,0.97798,1.50,2.25
2012.07.17 06:38:18.251,0.97787,0.97798,3.75,1.50
2012.07.17 06:38:18.806,0.97788,0.97801,1.50,4.50
2012.07.17 06:38:21.178,0.97789,0.97801,2.25,3.00
2012.07.17 06:38:21.425,0.9779,0.97801,1.50,3.00
2012.07.17 06:38:21.613,0.97792,0.97804,1.50,2.63
2012.07.17 06:38:21.859,0.97794,0.97806,2.25,6.38
2012.07.17 06:38:24.379,0.97794,0.97804,1.50,3.75
2012.07.17 06:38:24.446,0.97794,0.97801,1.50,1.50
2012.07.17 06:38:24.574,0.97791,0.97801,1.50,1.50
2012.07.17 06:38:24.758,0.97791,0.97801,1.50,1.88
2012.07.17 06:38:25.507,0.97791,0.97802,1.50,1.50
2012.07.17 06:38:25.937,0.9779,0.978,1.50,1.50
2012.07.17 06:38:26.004,0.9779,0.978,1.50,1.13
2012.07.17 06:38:26.549,0.97791,0.97801,1.50,2.25
2012.07.17 06:38:26.738,0.97793,0.97805,2.25,3.75
2012.07.17 06:38:27.293,0.97791,0.97805,4.50,3.00
2012.07.17 06:38:27.826,0.97792,0.97804,2.25,1.50
2012.07.17 06:38:27.893,0.97791,0.97802,2.25,1.50
2012.07.17 06:38:28.245,0.97791,0.97802,1.50,2.25
2012.07.17 06:38:28.792,0.9779,0.97799,1.50,1.88
2012.07.17 06:38:29.338,0.9779,0.97801,1.50,2.25
2012.07.17 06:38:29.855,0.9779,0.97802,3.00,2.25
2012.07.17 06:38:30.544,0.9779,0.97802,3.00,2.25
2012.07.17 06:38:31.779,0.9779,0.97802,3.75,2.25
2012.07.17 06:38:32.296,0.97791,0.97804,1.50,3.38
2012.07.17 06:38:34.226,0.9779,0.97801,1.50,3.00
2012.07.17 06:38:34.932,0.9779,0.97801,1.50,2.25
2012.07.17 06:38:36.650,0.97791,0.97801,1.50,3.00
2012.07.17 06:38:38.164,0.97788,0.97798,1.95,1.50
2012.07.17 06:38:43.831,0.9779,0.97802,2.25,4.13
2012.07.17 06:38:44.375,0.97792,0.97803,1.50,3.00
2012.07.17 06:38:45.338,0.97792,0.97804,2.25,3.75
2012.07.17 06:38:45.875,0.97793,0.97804,1.50,2.25
2012.07.17 06:38:46.450,0.97791,0.97804,3.38,3.00
2012.07.17 06:38:50.297,0.97794,0.97803,1.50,1.50
2012.07.17 06:38:50.607,0.97797,0.97806,1.50,1.50
2012.07.17 06:38:50.734,0.97794,0.97808,3.00,3.00
2012.07.17 06:38:50.863,0.97794,0.97808,4.50,2.63
2012.07.17 06:38:51.401,0.97795,0.97808,2.25,1.50
2012.07.17 06:38:53.098,0.97795,0.97808,2.25,1.50
2012.07.17 06:38:53.164,0.97794,0.97808,4.50,3.00
2012.07.17 06:38:53.416,0.97794,0.97804,1.50,1.13
2012.07.17 06:38:53.484,0.97792,0.97804,3.00,1.50
2012.07.17 06:38:54.107,0.97792,0.97804,2.25,2.25
2012.07.17 06:38:54.955,0.9779,0.97801,1.50,2.25
2012.07.17 06:38:55.021,0.9779,0.97801,1.50,2.25
2012.07.17 06:38:55.149,0.97787,0.97801,3.18,3.75
2012.07.17 06:38:55.395,0.97785,0.97799,4.88,2.25
2012.07.17 06:38:55.877,0.97785,0.97796,2.25,1.13
2012.07.17 06:38:56.411,0.9778,0.97794,4.50,5.88
2012.07.17 06:38:56.720,0.9778,0.97792,1.50,1.50
2012.07.17 06:38:57.975,0.97782,0.97795,3.75,3.63
2012.07.17 06:38:58.285,0.97786,0.97795,1.50,1.50
2012.07.17 06:38:58.937,0.97786,0.97796,2.25,1.13
2012.07.17 06:39:00.122,0.97786,0.97798,3.00,3.00
2012.07.17 06:39:00.487,0.97786,0.97798,3.00,3.00
2012.07.17 06:39:00.855,0.97789,0.97798,1.50,1.50
2012.07.17 06:39:01.205,0.97789,0.97801,2.25,2.25
2012.07.17 06:39:01.511,0.97788,0.978,2.25,3.00
2012.07.17 06:39:02.278,0.97785,0.97799,6.00,3.00
2012.07.17 06:39:02.587,0.97785,0.97797,2.25,1.50
2012.07.17 06:39:03.781,0.97786,0.97797,1.50,1.50
2012.07.17 06:39:04.418,0.97785,0.97797,2.25,1.50
2012.07.17 06:39:05.319,0.97785,0.97793,1.50,2.25
2012.07.17 06:39:06.001,0.97782,0.97794,1.50,2.25
2012.07.17 06:39:06.672,0.97783,0.97795,2.25,3.38
2012.07.17 06:39:08.166,0.97783,0.97795,2.25,3.75
2012.07.17 06:39:08.705,0.97783,0.97794,2.25,1.50
2012.07.17 06:39:09.368,0.97782,0.97793,2.25,2.25
2012.07.17 06:39:14.640,0.9778,0.97791,1.50,1.50
2012.07.17 06:39:14.765,0.9778,0.97791,1.50,1.50
2012.07.17 06:39:14.949,0.97779,0.9779,1.88,2.25
2012.07.17 06:39:15.075,0.97779,0.9779,1.50,2.25
2012.07.17 06:39:15.503,0.97777,0.9779,1.50,3.00
2012.07.17 06:39:17.247,0.97777,0.97789,1.50,1.50
2012.07.17 06:39:17.783,0.97777,0.9779,1.50,3.00
2012.07.17 06:39:18.486,0.97776,0.97789,2.25,2.25
2012.07.17 06:39:18.791,0.97775,0.97787,2.25,1.88
2012.07.17 06:39:26.261,0.97775,0.97787,2.25,3.00
2012.07.17 06:39:27.790,0.97774,0.97785,3.00,2.25
2012.07.17 06:39:31.476,0.97776,0.97787,1.50,1.50
2012.07.17 06:39:32.031,0.97775,0.97787,2.25,1.50
2012.07.17 06:39:32.280,0.97777,0.97789,1.65,2.25
2012.07.17 06:39:32.346,0.97777,0.97789,3.00,2.48
2012.07.17 06:39:32.852,0.97776,0.97789,2.25,1.20
2012.07.17 06:39:33.156,0.97775,0.97787,3.38,1.95
2012.07.17 06:39:33.818,0.97773,0.97784,1.50,1.73
2012.07.17 06:39:34.358,0.97772,0.97785,4.13,1.73
2012.07.17 06:39:41.026,0.97772,0.97785,3.75,1.73
2012.07.17 06:39:43.323,0.97772,0.97783,3.75,1.50
2012.07.17 06:39:43.630,0.97772,0.97782,3.00,3.00
2012.07.17 06:39:43.760,0.97768,0.9778,1.50,3.40
2012.07.17 06:39:44.126,0.97765,0.97778,2.25,1.13
2012.07.17 06:39:52.363,0.97763,0.97775,4.88,1.73
2012.07.17 06:39:52.492,0.97763,0.97775,1.88,1.73
2012.07.17 06:39:52.676,0.97763,0.97775,1.88,1.95
2012.07.17 06:39:53.219,0.97763,0.97775,1.50,1.95
2012.07.17 06:39:56.353,0.97764,0.97776,1.50,3.45
2012.07.17 06:39:56.900,0.97763,0.97775,1.50,1.95
2012.07.17 06:39:57.731,0.97764,0.97776,1.50,3.45
2012.07.17 06:39:58.293,0.97762,0.97776,3.00,3.45
2012.07.17 06:39:58.924,0.97762,0.97776,2.25,3.45
2012.07.17 06:40:03.976,0.97761,0.97774,4.50,1.20
2012.07.17 06:40:04.514,0.97761,0.97774,4.50,1.20
2012.07.17 06:40:05.366,0.97761,0.97774,5.25,1.20
2012.07.17 06:40:05.918,0.97762,0.97775,4.50,2.48
2012.07.17 06:40:05.983,0.97763,0.97775,1.50,1.50
2012.07.17 06:40:06.167,0.97766,0.97777,1.50,1.50
2012.07.17 06:40:06.704,0.97767,0.97777,1.50,1.50
2012.07.17 06:40:06.769,0.97765,0.97777,1.50,1.50
2012.07.17 06:40:09.015,0.97765,0.97779,1.50,3.00
2012.07.17 06:40:12.183,0.97767,0.97779,1.50,4.13
2012.07.17 06:40:13.024,0.97766,0.97778,1.50,2.25
2012.07.17 06:40:17.770,0.97767,0.9778,1.50,3.00
2012.07.17 06:40:18.124,0.97768,0.9778,3.00,1.50
2012.07.17 06:40:18.692,0.9777,0.97782,3.00,3.00
2012.07.17 06:40:19.218,0.9777,0.97781,3.00,1.50
2012.07.17 06:40:21.224,0.9777,0.97781,3.00,1.50
2012.07.17 06:40:22.478,0.97771,0.97782,1.50,1.50
2012.07.17 06:40:22.724,0.97771,0.97783,3.00,3.00
2012.07.17 06:40:24.888,0.97771,0.97783,1.50,1.50
2012.07.17 06:40:26.812,0.97771,0.97783,1.50,2.25
2012.07.17 06:40:32.233,0.97771,0.97783,1.50,2.25
2012.07.17 06:40:36.270,0.9777,0.97783,1.50,2.25
2012.07.17 06:40:38.488,0.97769,0.97782,3.00,2.25
2012.07.17 06:40:38.818,0.97771,0.97783,1.50,1.50
2012.07.17 06:40:39.355,0.97772,0.97784,1.50,3.00
2012.07.17 06:40:42.621,0.97771,0.97785,4.50,3.00
2012.07.17 06:40:46.856,0.97771,0.97783,3.00,1.50
2012.07.17 06:40:46.981,0.9777,0.97783,2.25,1.88
2012.07.17 06:40:48.830,0.97771,0.97783,2.25,2.25
2012.07.17 06:40:48.895,0.97771,0.97783,2.25,1.88
2012.07.17 06:40:49.019,0.97771,0.97783,5.25,1.50
2012.07.17 06:40:49.086,0.97775,0.97785,2.25,3.00
2012.07.17 06:40:49.635,0.97774,0.97786,2.25,2.25
2012.07.17 06:40:50.182,0.97776,0.97787,3.75,1.13
2012.07.17 06:40:50.246,0.97775,0.97787,1.50,1.13
2012.07.17 06:40:50.789,0.97775,0.97787,1.50,1.50
2012.07.17 06:40:51.575,0.97776,0.97787,1.50,1.50
2012.07.17 06:40:52.125,0.97773,0.97785,2.25,2.25
2012.07.17 06:40:52.189,0.97773,0.97785,2.25,2.63
2012.07.17 06:40:52.256,0.97773,0.97785,2.25,2.25
2012.07.17 06:40:52.857,0.97773,0.97785,2.25,2.25
2012.07.17 06:40:56.894,0.97772,0.97786,2.25,3.00
2012.07.17 06:40:56.962,0.97771,0.97782,1.50,1.88
2012.07.17 06:40:57.816,0.9777,0.9778,2.25,1.50
2012.07.17 06:40:58.125,0.97766,0.97778,2.93,1.50
2012.07.17 06:40:58.434,0.97766,0.97779,2.25,2.25
2012.07.17 06:40:58.855,0.97769,0.97779,1.50,2.25
2012.07.17 06:40:58.920,0.97769,0.97779,2.25,1.50
2012.07.17 06:40:59.107,0.97769,0.97781,2.25,3.00
2012.07.17 06:40:59.295,0.97772,0.97783,1.50,1.50
2012.07.17 06:40:59.711,0.97774,0.97784,1.50,1.50
2012.07.17 06:41:00.253,0.97773,0.97784,2.25,1.50
2012.07.17 06:41:02.709,0.97771,0.97783,5.25,3.00
2012.07.17 06:41:02.835,0.97771,0.97783,3.75,3.00
2012.07.17 06:41:03.231,0.97769,0.97783,4.50,3.00
2012.07.17 06:41:03.770,0.97769,0.97783,3.75,3.75
2012.07.17 06:41:05.565,0.97769,0.97783,3.75,3.75
2012.07.17 06:41:05.871,0.97771,0.97784,4.50,2.25
2012.07.17 06:41:07.062,0.97773,0.97785,2.25,4.13
2012.07.17 06:41:08.697,0.97773,0.97785,2.25,3.00
2012.07.17 06:41:08.762,0.97773,0.97785,2.25,3.00
2012.07.17 06:41:12.681,0.97773,0.97785,2.25,3.75
2012.07.17 06:41:13.780,0.97772,0.97783,3.75,2.25
2012.07.17 06:41:14.086,0.97769,0.97783,3.75,2.25
2012.07.17 06:41:14.211,0.97769,0.97783,3.75,2.63
2012.07.17 06:41:14.803,0.97769,0.97782,5.25,1.13
2012.07.17 06:41:15.114,0.97769,0.97781,1.50,2.25
2012.07.17 06:41:15.651,0.97769,0.97781,3.00,1.50
2012.07.17 06:41:15.957,0.97773,0.97783,1.50,1.13
2012.07.17 06:41:16.538,0.97772,0.97784,4.50,1.50
2012.07.17 06:41:17.075,0.97772,0.97785,5.25,2.25
2012.07.17 06:41:17.977,0.97772,0.97782,3.75,1.50
2012.07.17 06:41:18.166,0.97769,0.97782,2.25,3.00
2012.07.17 06:41:18.709,0.97769,0.97782,2.25,2.25
2012.07.17 06:41:25.356,0.97769,0.97782,2.25,2.25
2012.07.17 06:41:26.005,0.97769,0.97782,1.50,2.25
2012.07.17 06:41:27.166,0.97769,0.97782,2.25,2.25
2012.07.17 06:41:27.470,0.97769,0.97781,3.00,1.50
2012.07.17 06:41:27.535,0.97768,0.97781,1.50,3.00
2012.07.17 06:41:28.086,0.97768,0.97781,1.88,3.00
2012.07.17 06:41:28.621,0.97768,0.97781,2.63,2.25
2012.07.17 06:41:29.137,0.97769,0.97781,2.25,2.25
2012.07.17 06:41:29.674,0.97768,0.9778,4.13,2.25
2012.07.17 06:41:30.210,0.97768,0.9778,3.38,2.25
2012.07.17 06:41:33.647,0.97768,0.97779,1.13,1.88
2012.07.17 06:41:33.960,0.97765,0.97777,3.00,1.50
2012.07.17 06:41:34.027,0.97763,0.97776,2.25,1.13
2012.07.17 06:41:34.093,0.97763,0.97776,2.25,1.50
2012.07.17 06:41:34.631,0.97763,0.97775,1.50,2.63
2012.07.17 06:41:35.159,0.97764,0.97775,1.50,1.13
2012.07.17 06:41:35.342,0.97762,0.97775,5.25,1.13
2012.07.17 06:41:36.032,0.97762,0.97776,5.25,4.50
2012.07.17 06:41:36.097,0.97762,0.97775,5.25,1.13
2012.07.17 06:41:37.178,0.97762,0.97775,5.25,1.13
2012.07.17 06:41:39.934,0.97762,0.97773,3.00,1.50
2012.07.17 06:41:40.475,0.97762,0.97775,3.00,2.63
2012.07.17 06:41:40.988,0.97761,0.97773,2.25,1.88
2012.07.17 06:41:44.475,0.97762,0.97774,1.50,1.88
2012.07.17 06:41:45.075,0.9776,0.97774,6.40,1.88
2012.07.17 06:41:45.918,0.9776,0.97774,6.00,1.88
2012.07.17 06:41:46.989,0.97761,0.97775,2.25,2.63
2012.07.17 06:41:47.576,0.97761,0.97773,2.25,1.50
2012.07.17 06:41:51.055,0.9776,0.97772,4.50,1.50
2012.07.17 06:41:51.481,0.97759,0.97771,3.75,1.88
2012.07.17 06:41:51.891,0.97759,0.97768,1.50,1.50
2012.07.17 06:41:51.961,0.97757,0.9777,1.50,4.50
2012.07.17 06:41:52.500,0.97757,0.97769,3.00,1.50
2012.07.17 06:41:53.469,0.97757,0.97769,3.00,2.25
2012.07.17 06:41:53.951,0.97756,0.97766,4.50,1.50
2012.07.17 06:41:54.192,0.97756,0.97768,4.50,1.50
2012.07.17 06:41:56.876,0.97757,0.97769,2.25,1.50
2012.07.17 06:41:56.942,0.97757,0.97769,2.25,1.88
2012.07.17 06:41:57.484,0.97755,0.97768,3.75,1.50
2012.07.17 06:42:04.372,0.97757,0.97768,1.50,1.50
2012.07.17 06:42:04.795,0.97755,0.97769,3.38,2.25
2012.07.17 06:42:04.924,0.97757,0.97769,1.50,2.25
2012.07.17 06:42:05.543,0.97756,0.9777,1.50,3.75
2012.07.17 06:42:06.158,0.97755,0.97769,3.38,2.63
2012.07.17 06:42:06.843,0.97755,0.97769,3.38,1.88
2012.07.17 06:42:07.491,0.97755,0.97769,3.38,2.25
2012.07.17 06:42:08.086,0.97756,0.9777,3.38,3.75
2012.07.17 06:42:08.365,0.97756,0.97768,3.38,1.50
2012.07.17 06:42:11.471,0.97755,0.97769,3.00,1.88
2012.07.17 06:42:11.827,0.97755,0.97766,1.50,1.50
2012.07.17 06:42:12.411,0.97755,0.97768,1.50,1.88
2012.07.17 06:42:12.933,0.97755,0.97767,3.00,1.50
2012.07.17 06:42:14.103,0.97755,0.97767,1.50,3.75
2012.07.17 06:42:14.784,0.97755,0.97765,1.50,1.50
2012.07.17 06:42:15.240,0.97755,0.97767,1.50,1.50
2012.07.17 06:42:19.928,0.97755,0.97765,1.50,1.88
2012.07.17 06:42:20.352,0.97754,0.97764,1.50,1.88
2012.07.17 06:42:20.723,0.97751,0.97763,4.50,2.25
2012.07.17 06:42:21.391,0.97751,0.97761,1.50,1.50
2012.07.17 06:42:21.456,0.97751,0.97759,1.50,1.50
2012.07.17 06:42:21.580,0.97751,0.97762,1.50,1.50
2012.07.17 06:42:22.711,0.97751,0.97762,1.50,1.50
2012.07.17 06:42:23.531,0.97751,0.97762,1.50,3.00
2012.07.17 06:42:23.780,0.97748,0.97759,2.63,2.25
2012.07.17 06:42:24.026,0.97747,0.97758,1.13,1.01
2012.07.17 06:42:24.337,0.97743,0.97751,1.53,1.50
2012.07.17 06:42:24.463,0.97743,0.97753,1.13,1.50
2012.07.17 06:42:24.529,0.97742,0.97751,2.25,1.50
2012.07.17 06:42:25.074,0.97742,0.97752,1.50,1.50
2012.07.17 06:42:25.835,0.97742,0.97752,1.50,1.88
2012.07.17 06:42:26.356,0.97742,0.97752,1.50,1.88
2012.07.17 06:42:27.531,0.97742,0.97752,1.50,1.88
2012.07.17 06:42:27.840,0.97739,0.97749,1.50,1.50
2012.07.17 06:42:28.026,0.97739,0.97751,1.50,2.25
2012.07.17 06:42:28.627,0.97738,0.97751,3.75,1.13
2012.07.17 06:42:28.929,0.97739,0.97752,3.75,2.63
2012.07.17 06:42:29.175,0.97741,0.97753,2.25,1.50
2012.07.17 06:42:29.727,0.97742,0.97754,1.50,2.63
2012.07.17 06:42:30.238,0.97741,0.97754,2.25,2.63
2012.07.17 06:42:30.753,0.97741,0.97754,2.25,2.25
2012.07.17 06:42:31.395,0.97741,0.97754,2.25,2.63
2012.07.17 06:42:31.916,0.97741,0.97754,3.00,2.63
2012.07.17 06:42:32.425,0.9774,0.97754,3.00,3.75
2012.07.17 06:42:33.162,0.9774,0.97753,3.00,1.50
2012.07.17 06:42:33.540,0.9774,0.97751,1.50,1.88
2012.07.17 06:42:33.727,0.97738,0.9775,4.50,2.25
2012.07.17 06:42:34.265,0.97737,0.97751,3.75,2.63
2012.07.17 06:42:34.884,0.97737,0.97751,6.00,3.00
2012.07.17 06:42:36.302,0.97738,0.97751,2.25,1.50
2012.07.17 06:42:36.430,0.9774,0.97753,2.63,2.25
2012.07.17 06:42:36.496,0.97742,0.97754,2.25,3.38
2012.07.17 06:42:36.916,0.97742,0.97754,3.00,3.38
2012.07.17 06:42:37.972,0.9774,0.97751,1.50,1.50
2012.07.17 06:42:38.514,0.97742,0.97754,2.25,2.63
2012.07.17 06:42:38.956,0.97741,0.97753,3.00,2.25
2012.07.17 06:42:39.751,0.97741,0.97753,3.00,2.25
2012.07.17 06:42:40.453,0.97741,0.97754,1.50,3.38
2012.07.17 06:42:40.987,0.97741,0.97754,1.50,2.63
2012.07.17 06:42:44.539,0.97741,0.97754,1.50,3.00
2012.07.17 06:42:45.487,0.97741,0.97754,1.50,2.63
2012.07.17 06:42:45.666,0.97741,0.97754,1.50,2.63
2012.07.17 06:42:45.731,0.97741,0.97754,1.50,2.63
2012.07.17 06:42:47.459,0.97741,0.97754,1.50,3.00
2012.07.17 06:42:53.605,0.97742,0.97754,6.00,2.25
2012.07.17 06:42:53.963,0.97744,0.97754,1.50,1.13
2012.07.17 06:42:57.448,0.97742,0.97754,4.50,1.13
2012.07.17 06:42:58.038,0.97742,0.97754,4.50,1.13
2012.07.17 06:42:58.575,0.97742,0.97754,4.50,1.13
2012.07.17 06:43:00.433,0.97741,0.97753,1.50,1.50
2012.07.17 06:43:00.986,0.9774,0.97751,2.25,2.25
2012.07.17 06:43:01.112,0.9774,0.97751,1.50,3.75
2012.07.17 06:43:01.364,0.97737,0.97749,1.88,3.38
2012.07.17 06:43:01.906,0.97736,0.97749,2.25,2.25
2012.07.17 06:43:02.385,0.97736,0.97748,2.25,1.50
2012.07.17 06:43:02.694,0.97734,0.97746,3.75,1.50
2012.07.17 06:43:02.821,0.97733,0.97745,3.00,3.38
2012.07.17 06:43:03.368,0.97732,0.97743,1.50,1.50
2012.07.17 06:43:03.915,0.97732,0.97744,3.00,1.50
2012.07.17 06:43:04.426,0.97732,0.97743,1.50,1.50
2012.07.17 06:43:05.543,0.97732,0.97744,3.00,2.63
2012.07.17 06:43:06.542,0.97731,0.97744,1.50,3.00
2012.07.17 06:43:07.405,0.97731,0.97743,1.50,2.63
2012.07.17 06:43:07.945,0.9773,0.97743,3.75,2.63
2012.07.17 06:43:08.010,0.9773,0.97743,2.25,3.00
2012.07.17 06:43:08.194,0.97732,0.97743,1.50,1.13
2012.07.17 06:43:08.928,0.9773,0.97743,3.75,1.13
2012.07.17 06:43:09.559,0.9773,0.97744,3.75,2.63
2012.07.17 06:43:12.015,0.97732,0.97744,3.75,1.13
2012.07.17 06:43:12.088,0.97734,0.97747,5.25,1.50
2012.07.17 06:43:12.861,0.97735,0.97747,3.00,2.63
2012.07.17 06:43:13.426,0.97735,0.97747,5.25,2.63
2012.07.17 06:43:14.109,0.97735,0.97747,5.25,2.63
2012.07.17 06:43:15.489,0.97735,0.97747,3.00,2.63
2012.07.17 06:43:17.576,0.97734,0.97746,5.25,1.88
2012.07.17 06:43:17.881,0.97733,0.97745,2.25,2.25
2012.07.17 06:43:19.612,0.97733,0.97744,1.50,1.50
2012.07.17 06:43:20.129,0.97733,0.97745,3.00,1.88
2012.07.17 06:43:20.675,0.97733,0.97744,1.50,1.88
2012.07.17 06:43:22.387,0.97733,0.97745,1.50,1.50
2012.07.17 06:43:22.573,0.97733,0.97746,2.25,3.00
2012.07.17 06:43:23.117,0.97732,0.97743,2.25,1.50
2012.07.17 06:43:23.914,0.97732,0.97745,2.25,1.88
2012.07.17 06:43:24.452,0.97732,0.97743,2.25,1.50
2012.07.17 06:43:24.970,0.97732,0.97744,3.75,1.88
2012.07.17 06:43:25.482,0.97732,0.97746,3.75,3.38
2012.07.17 06:43:25.990,0.97732,0.97744,3.75,1.50
2012.07.17 06:43:26.702,0.97732,0.97744,3.75,1.88
2012.07.17 06:43:32.675,0.97733,0.97744,1.50,1.50
2012.07.17 06:43:34.836,0.97732,0.97744,3.00,1.88
2012.07.17 06:43:35.394,0.97732,0.97744,3.00,1.50
2012.07.17 06:43:36.972,0.97733,0.97745,2.25,1.88
2012.07.17 06:43:37.499,0.97732,0.97744,3.00,1.50
2012.07.17 06:43:39.539,0.97733,0.97745,2.25,1.88
2012.07.17 06:43:40.083,0.97732,0.97744,3.00,1.50
2012.07.17 06:43:40.613,0.97732,0.97744,3.00,1.88
2012.07.17 06:43:42.282,0.97732,0.97744,3.00,1.50
2012.07.17 06:43:43.242,0.97732,0.97745,1.50,1.88
2012.07.17 06:43:44.458,0.97732,0.97744,3.00,1.50
2012.07.17 06:43:47.953,0.97733,0.97745,2.25,1.88
2012.07.17 06:43:50.375,0.97733,0.97744,1.50,1.50
2012.07.17 06:43:52.033,0.97733,0.97745,1.50,1.88
2012.07.17 06:43:52.554,0.97732,0.97745,1.50,1.88
2012.07.17 06:43:57.323,0.97731,0.97745,2.25,2.63
2012.07.17 06:43:59.525,0.97732,0.97744,2.25,1.88
2012.07.17 06:44:00.333,0.97732,0.97744,3.00,1.88
2012.07.17 06:44:02.955,0.97732,0.97745,3.00,1.13
2012.07.17 06:44:03.379,0.97734,0.97744,1.50,1.88
2012.07.17 06:44:03.926,0.97733,0.97744,1.50,1.88
2012.07.17 06:44:04.888,0.97733,0.97744,1.50,1.88
2012.07.17 06:44:05.432,0.97733,0.97746,1.50,3.00
2012.07.17 06:44:06.182,0.97733,0.97743,1.50,1.88
2012.07.17 06:44:06.428,0.97733,0.97746,1.50,3.00
2012.07.17 06:44:06.614,0.97733,0.97746,1.50,4.50
2012.07.17 06:44:06.740,0.97733,0.97745,1.50,1.88
2012.07.17 06:44:06.922,0.97733,0.97746,1.50,3.00
2012.07.17 06:44:07.341,0.97733,0.97743,1.50,1.88
2012.07.17 06:44:09.261,0.97733,0.97744,3.00,1.13
2012.07.17 06:44:10.702,0.97733,0.97744,1.50,1.50
2012.07.17 06:44:11.245,0.97732,0.97744,3.00,2.25
2012.07.17 06:44:12.077,0.97732,0.97744,3.00,2.25
2012.07.17 06:44:12.495,0.97735,0.97745,1.50,1.13
2012.07.17 06:44:13.033,0.97734,0.97745,2.25,1.13
2012.07.17 06:44:13.637,0.97734,0.97746,2.25,3.75
2012.07.17 06:44:16.296,0.97734,0.97746,3.00,3.00
2012.07.17 06:44:16.362,0.97734,0.97746,3.75,2.25
2012.07.17 06:44:16.902,0.97735,0.97747,2.25,2.25
2012.07.17 06:44:20.546,0.97734,0.97747,2.25,2.25
2012.07.17 06:44:21.085,0.97736,0.97748,2.25,3.38
2012.07.17 06:44:21.391,0.97736,0.97748,5.25,2.63
2012.07.17 06:44:21.460,0.97741,0.97751,1.50,1.50
2012.07.17 06:44:21.588,0.97742,0.97754,1.50,1.13
2012.07.17 06:44:22.130,0.97745,0.97755,1.50,1.13
2012.07.17 06:44:22.437,0.97745,0.97757,1.88,1.50
2012.07.17 06:44:22.745,0.97747,0.97758,2.25,1.50
2012.07.17 06:44:23.302,0.97746,0.97758,3.75,1.50
2012.07.17 06:44:23.947,0.97746,0.97758,1.50,1.88
2012.07.17 06:44:24.253,0.97746,0.97756,1.50,1.88
2012.07.17 06:44:25.133,0.97746,0.97756,1.50,2.25
2012.07.17 06:44:25.679,0.97746,0.97756,1.50,2.25
2012.07.17 06:44:26.533,0.97746,0.97756,1.50,1.88
2012.07.17 06:44:27.773,0.97746,0.97756,1.50,2.25
2012.07.17 06:44:28.017,0.97746,0.97758,3.00,1.50
2012.07.17 06:44:28.553,0.97746,0.97758,1.50,1.13
2012.07.17 06:44:30.555,0.97747,0.97759,3.00,1.88
2012.07.17 06:44:31.426,0.97747,0.97759,1.50,3.38
2012.07.17 06:44:31.987,0.97746,0.97759,4.50,2.63
2012.07.17 06:44:32.584,0.97746,0.97758,2.25,4.50
2012.07.17 06:44:32.887,0.97747,0.97757,1.50,1.88
2012.07.17 06:44:33.490,0.97747,0.97757,1.50,3.75
2012.07.17 06:44:33.556,0.97747,0.97757,1.50,3.75
2012.07.17 06:44:33.684,0.97745,0.97757,1.50,4.13
2012.07.17 06:44:34.045,0.97744,0.97754,1.50,1.50
2012.07.17 06:44:35.523,0.97743,0.97754,1.50,3.38
2012.07.17 06:44:35.828,0.97742,0.97753,2.25,1.50
2012.07.17 06:44:36.073,0.97742,0.97754,2.25,2.63
2012.07.17 06:44:36.140,0.97742,0.97755,2.25,3.00
2012.07.17 06:44:37.283,0.97742,0.97755,2.25,3.75
2012.07.17 06:44:37.820,0.97742,0.97754,2.25,1.13
2012.07.17 06:44:38.654,0.97742,0.97752,2.25,1.95
2012.07.17 06:44:38.963,0.97738,0.97745,1.50,1.50
2012.07.17 06:44:39.149,0.97734,0.97746,4.50,2.25
2012.07.17 06:44:39.274,0.97734,0.97746,2.25,2.25
2012.07.17 06:44:39.814,0.97735,0.97747,1.50,2.25
2012.07.17 06:44:39.941,0.97736,0.97748,1.50,4.50
2012.07.17 06:44:40.068,0.97734,0.97746,3.00,1.50
2012.07.17 06:44:40.428,0.97736,0.97748,1.50,2.25
2012.07.17 06:44:40.740,0.97736,0.97748,1.50,3.75
2012.07.17 06:44:41.512,0.97736,0.97748,1.50,3.38
2012.07.17 06:44:42.106,0.97736,0.97748,1.50,3.38
2012.07.17 06:44:43.156,0.97738,0.97749,1.50,1.88
2012.07.17 06:44:43.445,0.97739,0.9775,2.25,1.88
2012.07.17 06:44:45.983,0.9774,0.9775,1.50,1.13
2012.07.17 06:44:46.488,0.97738,0.9775,3.00,1.13
2012.07.17 06:44:47.975,0.9774,0.9775,1.50,1.13
2012.07.17 06:44:48.527,0.97738,0.9775,3.00,1.13
2012.07.17 06:44:52.028,0.97739,0.97751,2.25,2.63
2012.07.17 06:44:52.312,0.97737,0.97748,1.50,1.88
2012.07.17 06:44:52.383,0.97736,0.97748,3.75,1.88
2012.07.17 06:44:52.968,0.97737,0.97749,1.50,1.88
2012.07.17 06:44:53.681,0.97737,0.97749,1.50,2.63
2012.07.17 06:44:54.328,0.97736,0.97749,2.25,2.63
2012.07.17 06:44:54.966,0.97736,0.97749,2.25,2.63
2012.07.17 06:44:55.152,0.97736,0.97749,1.50,3.75
2012.07.17 06:44:55.667,0.97736,0.97748,1.50,1.13
2012.07.17 06:44:56.299,0.97736,0.97749,1.50,3.00
2012.07.17 06:44:56.827,0.97736,0.97748,1.50,1.13
2012.07.17 06:44:57.897,0.97736,0.97748,1.50,1.13
2012.07.17 06:44:59.467,0.97735,0.97748,3.00,1.13
2012.07.17 06:45:01.259,0.97735,0.97747,3.00,1.88
2012.07.17 06:45:02.656,0.97735,0.97747,3.00,1.88
2012.07.17 06:45:03.197,0.97736,0.97749,2.25,2.25
2012.07.17 06:45:03.757,0.97736,0.97749,1.50,4.50
2012.07.17 06:45:07.864,0.97736,0.97749,1.50,3.75
2012.07.17 06:45:09.054,0.97735,0.97747,1.50,3.38
2012.07.17 06:45:09.238,0.97734,0.97746,1.50,1.13
2012.07.17 06:45:09.305,0.97733,0.97746,1.50,3.75
2012.07.17 06:45:10.025,0.97733,0.97746,2.25,3.75
2012.07.17 06:45:12.303,0.97734,0.97746,1.50,3.23
2012.07.17 06:45:12.905,0.97733,0.97744,1.50,2.25
2012.07.17 06:45:15.323,0.97732,0.97742,2.25,1.50
2012.07.17 06:45:15.510,0.97729,0.97742,1.50,2.25
2012.07.17 06:45:15.574,0.97729,0.97742,1.50,3.00
2012.07.17 06:45:16.589,0.97728,0.97739,2.25,1.50
2012.07.17 06:45:16.894,0.97727,0.97736,1.50,1.50
2012.07.17 06:45:17.021,0.97724,0.97736,4.13,1.88
2012.07.17 06:45:17.628,0.97724,0.97736,1.13,2.25
2012.07.17 06:45:20.786,0.97725,0.97736,1.50,1.50
2012.07.17 06:45:21.358,0.97724,0.97736,2.25,3.00
2012.07.17 06:45:21.945,0.97725,0.97736,1.50,1.88
2012.07.17 06:45:22.536,0.97724,0.97736,2.25,4.50
2012.07.17 06:45:24.132,0.97722,0.97736,6.00,3.75
2012.07.17 06:45:25.323,0.97722,0.97736,6.00,3.75
2012.07.17 06:45:27.069,0.97722,0.97736,6.00,5.25
2012.07.17 06:45:27.698,0.97722,0.97734,3.75,1.50
2012.07.17 06:45:29.358,0.97719,0.97731,4.50,1.50
2012.07.17 06:45:29.423,0.97719,0.97731,3.00,1.50
2012.07.17 06:45:29.667,0.97718,0.97729,1.50,2.25
2012.07.17 06:45:30.451,0.97718,0.97731,2.25,4.50
2012.07.17 06:45:30.761,0.97724,0.97731,1.50,1.50
2012.07.17 06:45:30.829,0.97726,0.97733,1.50,1.50
2012.07.17 06:45:30.895,0.97728,0.97733,1.50,1.50
2012.07.17 06:45:31.142,0.97728,0.97738,1.50,1.50
2012.07.17 06:45:31.267,0.97728,0.9774,1.50,3.00
2012.07.17 06:45:31.924,0.97729,0.97742,1.50,1.88
2012.07.17 06:45:32.437,0.9773,0.97742,1.50,2.25
2012.07.17 06:45:32.981,0.9773,0.97742,1.50,2.25
2012.07.17 06:45:33.700,0.9773,0.9774,1.50,4.50
2012.07.17 06:45:33.895,0.97732,0.97743,1.88,1.50
2012.07.17 06:45:34.441,0.97732,0.97745,1.50,3.38
2012.07.17 06:45:35.724,0.97733,0.97745,1.50,2.25
2012.07.17 06:45:36.513,0.97732,0.97744,3.75,1.50
2012.07.17 06:45:36.755,0.97733,0.97745,2.25,2.25
2012.07.17 06:45:38.832,0.97732,0.97746,3.75,5.25
2012.07.17 06:45:39.469,0.97732,0.97744,1.50,3.00
2012.07.17 06:45:42.575,0.97731,0.97744,1.50,3.75
2012.07.17 06:45:45.347,0.97732,0.97744,2.25,3.00
2012.07.17 06:45:45.774,0.9773,0.97742,1.50,1.50
2012.07.17 06:46:02.482,0.97731,0.97744,1.50,2.25
2012.07.17 06:46:10.136,0.97732,0.97743,1.50,1.50
2012.07.17 06:46:10.544,0.97734,0.97744,1.50,1.88
2012.07.17 06:46:10.669,0.97732,0.97743,2.25,1.50
2012.07.17 06:46:11.213,0.97732,0.97744,1.50,3.38
2012.07.17 06:46:11.338,0.97729,0.97741,3.00,1.50
2012.07.17 06:46:11.877,0.9773,0.97741,1.50,1.50
2012.07.17 06:46:19.696,0.9773,0.97741,1.50,1.50
2012.07.17 06:46:29.018,0.97731,0.97742,1.50,1.88
2012.07.17 06:46:29.142,0.97729,0.97742,3.00,2.63
2012.07.17 06:46:40.158,0.97729,0.97743,3.00,4.13
2012.07.17 06:46:40.466,0.97733,0.97743,1.50,1.88
2012.07.17 06:46:40.590,0.97731,0.97743,2.25,1.88
2012.07.17 06:46:40.715,0.97733,0.97743,1.50,1.13
2012.07.17 06:46:41.261,0.97733,0.97745,3.00,2.25
2012.07.17 06:46:41.446,0.97735,0.97747,1.50,2.63
2012.07.17 06:46:42.052,0.97733,0.97747,3.75,3.38
2012.07.17 06:46:42.689,0.97735,0.97747,2.25,3.75
2012.07.17 06:46:42.753,0.97735,0.97747,2.25,4.50
2012.07.17 06:46:42.996,0.97735,0.97747,1.50,3.75
2012.07.17 06:46:43.180,0.97737,0.97749,2.25,3.38
2012.07.17 06:46:43.486,0.9774,0.9775,1.50,1.13
2012.07.17 06:46:43.946,0.97738,0.97751,3.00,1.50
2012.07.17 06:46:44.483,0.97739,0.97751,1.50,1.50
2012.07.17 06:46:45.237,0.97738,0.97751,3.00,1.50
2012.07.17 06:46:47.004,0.9774,0.9775,1.50,1.50
2012.07.17 06:46:47.246,0.97738,0.9775,1.50,3.00
2012.07.17 06:46:47.784,0.97737,0.9775,2.25,2.25
2012.07.17 06:46:48.306,0.97737,0.9775,2.25,2.25
2012.07.17 06:46:48.836,0.97737,0.9775,2.25,1.50
2012.07.17 06:46:50.002,0.97737,0.9775,2.25,2.25
2012.07.17 06:46:50.559,0.97737,0.9775,2.25,2.25
2012.07.17 06:46:51.226,0.97737,0.9775,2.25,2.25
2012.07.17 06:46:52.010,0.97737,0.9775,2.25,2.25
2012.07.17 06:46:52.549,0.97737,0.9775,2.25,2.25
2012.07.17 06:46:53.062,0.97737,0.9775,2.25,1.50
2012.07.17 06:46:53.598,0.97738,0.97751,1.50,2.25
2012.07.17 06:46:56.057,0.97738,0.9775,1.50,1.50
2012.07.17 06:46:57.613,0.9774,0.97751,1.50,1.50
2012.07.17 06:46:58.788,0.97738,0.97751,1.50,1.50
2012.07.17 06:47:01.614,0.97738,0.9775,1.50,1.50
2012.07.17 06:47:02.917,0.97738,0.9775,2.25,3.26
2012.07.17 06:47:02.983,0.97736,0.97747,2.25,2.25
2012.07.17 06:47:03.172,0.97736,0.97746,1.50,4.50
2012.07.17 06:47:03.299,0.97733,0.97745,2.25,2.25
2012.07.17 06:47:03.488,0.97732,0.97743,1.50,1.50
2012.07.17 06:47:03.554,0.97733,0.97745,2.25,1.50
2012.07.17 06:47:04.090,0.97732,0.97744,2.25,1.50
2012.07.17 06:47:05.736,0.97731,0.97743,2.25,1.50
2012.07.17 06:47:06.586,0.97732,0.97744,2.25,1.50
2012.07.17 06:47:07.120,0.97731,0.97743,2.25,1.50
2012.07.17 06:47:07.664,0.97731,0.97745,2.25,2.25
2012.07.17 06:47:07.786,0.97731,0.97743,2.25,1.50
2012.07.17 06:47:07.909,0.97731,0.97745,2.25,2.25
2012.07.17 06:47:08.490,0.9773,0.97744,4.50,1.50
2012.07.17 06:47:10.061,0.97731,0.97743,2.25,1.50
2012.07.17 06:47:12.626,0.97731,0.97743,2.25,1.50
2012.07.17 06:47:13.325,0.9773,0.97744,4.13,2.25
2012.07.17 06:47:13.890,0.97731,0.97743,2.25,1.50
2012.07.17 06:47:22.668,0.97731,0.97743,2.25,1.50
2012.07.17 06:47:22.789,0.97731,0.97745,2.25,3.00
2012.07.17 06:47:22.911,0.97731,0.97743,2.25,1.50
2012.07.17 06:47:23.556,0.97731,0.97745,2.25,2.25
2012.07.17 06:47:24.271,0.9773,0.97744,3.75,1.50
2012.07.17 06:47:32.746,0.9773,0.97744,3.00,2.25
2012.07.17 06:47:39.149,0.97731,0.97743,2.25,1.50
2012.07.17 06:47:39.740,0.97731,0.97743,3.00,3.00
2012.07.17 06:47:39.866,0.97728,0.9774,1.50,1.50
2012.07.17 06:47:40.171,0.97728,0.97738,1.50,2.25
2012.07.17 06:47:40.653,0.97725,0.97737,3.00,2.25
2012.07.17 06:47:40.957,0.97724,0.97734,1.50,1.50
2012.07.17 06:47:41.443,0.97722,0.97736,3.00,3.00
2012.07.17 06:47:41.984,0.97722,0.97735,1.50,1.50
2012.07.17 06:47:43.370,0.97721,0.97733,3.75,1.50
2012.07.17 06:47:43.435,0.97721,0.97735,5.25,1.50
2012.07.17 06:47:46.480,0.97724,0.97735,1.50,1.50
2012.07.17 06:47:46.668,0.97725,0.97737,1.50,3.00
2012.07.17 06:47:50.715,0.97726,0.97738,1.50,1.50
2012.07.17 06:47:51.255,0.97725,0.97738,1.13,2.25
2012.07.17 06:47:51.443,0.97727,0.9774,1.50,2.25
2012.07.17 06:47:51.626,0.97727,0.97741,1.50,3.00
2012.07.17 06:47:52.184,0.97727,0.97741,2.25,2.25
2012.07.17 06:47:52.688,0.97727,0.97741,3.00,2.25
2012.07.17 06:47:53.670,0.97727,0.97739,2.25,1.50
2012.07.17 06:47:54.240,0.97728,0.9774,1.50,1.50
2012.07.17 06:48:02.200,0.97729,0.97741,1.50,1.50
2012.07.17 06:48:02.414,0.97727,0.97741,3.00,3.00
2012.07.17 06:48:02.797,0.97729,0.97741,1.50,1.50
2012.07.17 06:48:03.350,0.97728,0.97742,1.50,3.00
2012.07.17 06:48:03.952,0.97729,0.97741,1.50,3.00
2012.07.17 06:48:05.258,0.97729,0.97741,3.75,1.50
2012.07.17 06:48:05.381,0.97731,0.97743,2.25,2.63
2012.07.17 06:48:05.510,0.97732,0.97744,3.00,1.50
2012.07.17 06:48:05.824,0.97736,0.97746,1.50,2.25
2012.07.17 06:48:06.008,0.97737,0.97749,2.25,3.00
2012.07.17 06:48:09.386,0.97736,0.97748,3.00,3.00
2012.07.17 06:48:09.947,0.97736,0.97748,3.00,3.75
2012.07.17 06:48:10.487,0.97737,0.97749,1.50,3.00
2012.07.17 06:48:11.132,0.97736,0.97749,3.00,2.25
2012.07.17 06:48:11.784,0.97736,0.97748,1.50,2.25
2012.07.17 06:48:12.036,0.97736,0.97749,1.50,5.25
2012.07.17 06:48:12.588,0.97735,0.97748,1.50,2.25
2012.07.17 06:48:14.171,0.97734,0.97746,3.00,1.50
2012.07.17 06:48:14.672,0.97734,0.97747,2.25,2.25
2012.07.17 06:48:15.184,0.97734,0.97746,2.25,3.00
2012.07.17 06:48:16.378,0.97734,0.97746,2.25,1.50
2012.07.17 06:48:18.878,0.97734,0.97745,2.25,1.50
2012.07.17 06:48:19.414,0.97733,0.97746,3.00,1.50
2012.07.17 06:48:20.466,0.97733,0.97747,3.00,4.50
2012.07.17 06:48:22.695,0.97733,0.97746,3.00,2.25
2012.07.17 06:48:23.249,0.97733,0.97744,1.50,1.50
2012.07.17 06:48:23.783,0.97733,0.97745,3.00,2.25
2012.07.17 06:48:24.411,0.97733,0.97744,1.50,1.50
2012.07.17 06:48:24.771,0.97733,0.97743,1.50,1.50
2012.07.17 06:48:24.897,0.97731,0.97744,3.00,1.50
2012.07.17 06:48:25.335,0.9773,0.97744,3.00,3.00
2012.07.17 06:48:26.581,0.97731,0.97743,2.25,2.25
2012.07.17 06:48:27.645,0.97732,0.97743,1.50,1.50
2012.07.17 06:48:27.712,0.97735,0.97744,1.50,1.50
2012.07.17 06:48:27.836,0.97733,0.97744,1.50,1.50
2012.07.17 06:48:28.019,0.97735,0.97746,1.50,3.00
2012.07.17 06:48:28.143,0.97733,0.97746,1.50,3.00
2012.07.17 06:48:32.075,0.97735,0.97745,1.50,1.50
2012.07.17 06:48:32.557,0.97731,0.97744,3.00,3.00
2012.07.17 06:48:34.354,0.97733,0.97744,1.50,1.50
2012.07.17 06:48:34.895,0.97732,0.97744,2.25,3.75
2012.07.17 06:48:35.757,0.97733,0.97744,1.50,2.25
2012.07.17 06:48:35.824,0.97733,0.97745,3.00,3.00
2012.07.17 06:48:35.890,0.97735,0.97745,1.50,2.25
2012.07.17 06:48:36.018,0.97735,0.97747,2.25,1.50
2012.07.17 06:48:36.567,0.97735,0.97749,2.25,4.13
2012.07.17 06:48:37.700,0.97735,0.97748,2.25,2.25
2012.07.17 06:48:40.989,0.97736,0.97749,1.50,2.25
2012.07.17 06:48:41.237,0.97739,0.97749,1.50,1.50
2012.07.17 06:48:44.273,0.9774,0.97751,1.50,2.25
2012.07.17 06:48:44.836,0.97739,0.9775,1.50,1.50
2012.07.17 06:48:47.139,0.97741,0.97751,3.00,1.50
2012.07.17 06:48:47.273,0.97746,0.97756,3.75,1.50
2012.07.17 06:48:47.825,0.97749,0.97759,2.25,2.25
2012.07.17 06:48:47.890,0.97749,0.9776,2.25,1.50
2012.07.17 06:48:48.473,0.97749,0.97761,2.25,3.75
2012.07.17 06:48:49.665,0.97749,0.9776,1.50,2.25
2012.07.17 06:48:50.172,0.97747,0.97759,3.00,1.50
2012.07.17 06:48:51.129,0.97747,0.97759,3.00,2.25
2012.07.17 06:48:51.823,0.97747,0.97759,2.25,3.00
2012.07.17 06:48:52.364,0.97746,0.9776,2.25,4.50
2012.07.17 06:48:52.857,0.97749,0.9776,2.25,1.50
2012.07.17 06:48:53.398,0.97749,0.9776,2.25,1.50
2012.07.17 06:48:53.525,0.97747,0.97759,2.25,3.75
2012.07.17 06:48:54.067,0.97747,0.97759,2.25,3.75
2012.07.17 06:48:54.706,0.97748,0.9776,1.50,2.63
2012.07.17 06:48:56.113,0.9775,0.97761,1.50,1.95
2012.07.17 06:48:56.240,0.9775,0.97762,3.00,3.75
2012.07.17 06:48:56.306,0.97752,0.97762,1.50,2.25
2012.07.17 06:48:56.435,0.9775,0.97763,3.00,3.00
2012.07.17 06:48:56.562,0.97752,0.97763,1.50,3.00
2012.07.17 06:48:56.865,0.9775,0.97763,1.50,3.00
2012.07.17 06:48:58.025,0.97748,0.97762,4.50,2.25
2012.07.17 06:48:58.570,0.97748,0.9776,1.50,1.50
2012.07.17 06:48:59.125,0.97746,0.97759,2.25,3.00
2012.07.17 06:48:59.761,0.97747,0.97759,2.25,3.75
2012.07.17 06:49:00.317,0.97747,0.97759,2.25,3.75
2012.07.17 06:49:10.289,0.97747,0.97759,2.25,1.50
2012.07.17 06:49:13.347,0.97748,0.9776,2.25,1.50
2012.07.17 06:49:15.611,0.97748,0.9776,2.25,2.25
2012.07.17 06:49:17.921,0.9775,0.97761,1.50,1.50
2012.07.17 06:49:20.239,0.9775,0.97762,3.00,1.50
2012.07.17 06:49:20.766,0.97751,0.97762,1.50,1.50
2012.07.17 06:49:21.309,0.97751,0.97763,1.50,4.50
2012.07.17 06:49:22.074,0.97751,0.97764,3.75,1.50
2012.07.17 06:49:22.141,0.97752,0.97765,1.13,3.75
2012.07.17 06:49:22.209,0.97754,0.97766,2.25,6.00
2012.07.17 06:49:22.752,0.97754,0.97766,2.25,3.00
2012.07.17 06:49:23.290,0.97754,0.97766,2.25,3.00
2012.07.17 06:49:23.827,0.97753,0.97765,3.75,1.50
2012.07.17 06:49:24.193,0.97753,0.97764,1.50,2.25
2012.07.17 06:49:24.621,0.97751,0.97763,1.50,2.25
2012.07.17 06:49:25.126,0.9775,0.97762,2.25,1.50
2012.07.17 06:49:25.654,0.97751,0.97763,2.25,3.00
2012.07.17 06:49:26.163,0.97751,0.97763,2.25,3.00
2012.07.17 06:49:27.990,0.97751,0.97762,2.25,1.50
2012.07.17 06:49:28.402,0.97751,0.97763,2.25,1.50
2012.07.17 06:49:28.903,0.97751,0.97764,2.25,2.25
2012.07.17 06:49:29.612,0.97751,0.97763,2.25,1.50
2012.07.17 06:49:30.139,0.97751,0.97763,2.25,1.50
2012.07.17 06:49:30.661,0.97751,0.97764,2.25,1.50
2012.07.17 06:49:31.869,0.97751,0.97765,2.25,5.25
2012.07.17 06:49:32.112,0.97753,0.97766,3.75,3.00
2012.07.17 06:49:32.179,0.97755,0.97767,2.25,6.00
2012.07.17 06:49:34.927,0.97754,0.97766,2.25,1.50
2012.07.17 06:49:35.236,0.97753,0.97765,2.25,2.25
2012.07.17 06:49:35.785,0.97754,0.97765,2.25,1.50
2012.07.17 06:49:37.104,0.97753,0.97765,2.25,3.00
2012.07.17 06:49:37.643,0.97753,0.97765,2.25,2.25
2012.07.17 06:49:39.070,0.97752,0.97765,3.00,1.50
2012.07.17 06:49:39.606,0.97752,0.97764,3.00,1.50
2012.07.17 06:49:40.146,0.97752,0.97764,2.25,2.25
2012.07.17 06:49:41.275,0.97752,0.97764,2.25,3.75
2012.07.17 06:49:41.580,0.9775,0.97763,3.00,1.50
2012.07.17 06:49:41.983,0.9775,0.97763,3.00,1.50
2012.07.17 06:49:45.241,0.9775,0.97763,3.00,1.50
2012.07.17 06:49:45.797,0.9775,0.97763,3.00,1.50
2012.07.17 06:49:46.511,0.9775,0.97762,3.38,1.50
2012.07.17 06:49:47.230,0.9775,0.97761,3.00,1.50
2012.07.17 06:49:48.890,0.9775,0.97761,3.00,1.50
2012.07.17 06:49:49.423,0.9775,0.97761,1.50,3.00
2012.07.17 06:49:49.954,0.9775,0.97761,2.25,1.50
2012.07.17 06:49:54.763,0.9775,0.97762,2.25,3.75
2012.07.17 06:49:55.319,0.9775,0.97761,2.25,1.50
2012.07.17 06:49:58.749,0.9775,0.97761,2.25,1.50
2012.07.17 06:50:05.997,0.9775,0.97762,2.25,3.00
2012.07.17 06:50:06.542,0.9775,0.97762,2.25,2.25
2012.07.17 06:50:07.211,0.9775,0.97762,2.25,1.50
2012.07.17 06:50:09.815,0.9775,0.97762,2.25,2.25
2012.07.17 06:50:10.341,0.97749,0.97762,2.25,1.50
2012.07.17 06:50:12.072,0.97749,0.97763,2.25,4.50
2012.07.17 06:50:22.724,0.97749,0.97763,2.85,3.75
2012.07.17 06:50:27.015,0.97749,0.97763,2.85,3.75
2012.07.17 06:50:27.138,0.97749,0.97763,2.85,3.75
2012.07.17 06:50:33.607,0.97749,0.97762,2.85,1.50
2012.07.17 06:50:34.804,0.97749,0.97763,2.85,3.75
2012.07.17 06:50:35.758,0.97749,0.97763,2.25,3.75
2012.07.17 06:50:36.428,0.97749,0.97762,2.25,1.50
2012.07.17 06:50:36.965,0.97749,0.97761,2.25,2.13
2012.07.17 06:50:37.278,0.97744,0.97756,2.63,5.25
2012.07.17 06:50:37.700,0.97741,0.97755,3.38,3.00
2012.07.17 06:50:41.883,0.97742,0.97753,2.25,1.13
2012.07.17 06:50:41.951,0.97742,0.97753,1.50,2.63
2012.07.17 06:50:42.020,0.97742,0.9775,1.50,1.50
2012.07.17 06:50:42.267,0.97739,0.97747,1.50,1.50
2012.07.17 06:50:42.452,0.97738,0.97747,1.50,1.50
2012.07.17 06:50:42.519,0.97735,0.97746,1.13,2.25
2012.07.17 06:50:43.057,0.97734,0.97746,2.25,3.00
2012.07.17 06:50:44.094,0.97734,0.97746,2.25,3.00
2012.07.17 06:50:44.643,0.97734,0.97746,1.50,3.00
2012.07.17 06:50:50.626,0.97734,0.97746,2.25,3.00
2012.07.17 06:50:50.814,0.97735,0.97748,2.40,1.50
2012.07.17 06:50:51.246,0.97738,0.9775,1.50,1.50
2012.07.17 06:50:51.786,0.9774,0.97752,1.50,2.25
2012.07.17 06:50:52.589,0.9774,0.97752,2.25,2.25
2012.07.17 06:50:53.122,0.97741,0.97754,1.50,2.25
2012.07.17 06:50:56.846,0.97741,0.97753,1.88,2.25
2012.07.17 06:50:56.912,0.97742,0.97753,1.88,2.25
2012.07.17 06:50:57.221,0.9775,0.97756,3.03,1.50
2012.07.17 06:50:57.528,0.97755,0.9776,1.50,1.50
2012.07.17 06:50:57.653,0.97755,0.97764,3.00,1.50
2012.07.17 06:50:57.835,0.97755,0.97766,3.00,1.20
2012.07.17 06:50:58.596,0.97755,0.97769,3.00,3.75
2012.07.17 06:51:00.686,0.97756,0.97769,1.50,2.25
2012.07.17 06:51:04.216,0.97756,0.97768,2.25,1.50
2012.07.17 06:51:04.752,0.97758,0.9777,2.25,1.50
2012.07.17 06:51:04.940,0.9776,0.97771,1.50,1.13
2012.07.17 06:51:05.008,0.97761,0.97775,3.00,6.00
2012.07.17 06:51:05.074,0.97763,0.97775,1.50,3.75
2012.07.17 06:51:05.678,0.97764,0.97776,1.50,1.50
2012.07.17 06:51:06.362,0.97763,0.97775,2.25,1.50
2012.07.17 06:51:06.543,0.97763,0.97777,2.25,2.25
2012.07.17 06:51:07.242,0.97762,0.97776,2.25,1.50
2012.07.17 06:51:08.592,0.97762,0.97773,1.50,1.50
2012.07.17 06:51:08.962,0.9776,0.97772,1.13,3.00
2012.07.17 06:51:09.986,0.9776,0.97772,2.25,3.00
2012.07.17 06:51:12.788,0.97758,0.9777,2.25,1.50
2012.07.17 06:51:13.037,0.97756,0.97768,2.63,2.25
2012.07.17 06:51:13.402,0.97756,0.97768,2.25,3.75
2012.07.17 06:51:13.944,0.97756,0.97767,2.25,1.50
2012.07.17 06:51:14.249,0.97753,0.97763,1.88,1.50
2012.07.17 06:51:14.315,0.9775,0.97762,2.25,2.25
2012.07.17 06:51:14.382,0.9775,0.9776,1.50,1.50
2012.07.17 06:51:14.506,0.97747,0.9776,1.65,3.00
2012.07.17 06:51:14.990,0.97749,0.97759,1.13,2.25
2012.07.17 06:51:15.431,0.97758,0.97764,1.13,1.50
2012.07.17 06:51:15.502,0.97758,0.97763,1.13,1.50
2012.07.17 06:51:15.754,0.97762,0.9777,3.00,1.50
2012.07.17 06:51:15.821,0.97764,0.97776,2.25,1.50
2012.07.17 06:51:16.367,0.97763,0.97777,3.00,3.75
2012.07.17 06:51:16.730,0.97764,0.97777,1.50,2.25
2012.07.17 06:51:18.334,0.97764,0.97777,1.50,2.25
2012.07.17 06:51:20.372,0.97764,0.97775,1.50,1.50
2012.07.17 06:51:21.112,0.97764,0.97777,1.50,2.25
2012.07.17 06:51:21.552,0.97769,0.97777,1.88,3.00
2012.07.17 06:51:21.807,0.97776,0.97785,1.50,1.50
2012.07.17 06:51:22.177,0.97777,0.9779,2.25,3.75
2012.07.17 06:51:22.243,0.97777,0.9779,2.25,3.00
2012.07.17 06:51:22.426,0.97778,0.97789,1.50,1.50
2012.07.17 06:51:22.667,0.97778,0.9779,1.50,3.00
2012.07.17 06:51:23.171,0.97778,0.9779,1.50,3.75
2012.07.17 06:51:23.709,0.97778,0.9779,1.50,3.75
2012.07.17 06:51:24.017,0.97778,0.97787,1.50,1.50
2012.07.17 06:51:24.083,0.97775,0.97786,3.75,1.50
2012.07.17 06:51:24.755,0.97775,0.97786,2.25,2.25
2012.07.17 06:51:28.947,0.97775,0.97786,1.50,1.50
2012.07.17 06:51:29.613,0.97775,0.97785,1.50,1.50
2012.07.17 06:51:30.151,0.97773,0.97785,2.25,3.00
2012.07.17 06:51:31.081,0.97773,0.97785,2.25,2.25
2012.07.17 06:51:31.755,0.97773,0.97784,2.25,1.50
2012.07.17 06:51:32.057,0.97772,0.97784,1.50,3.00
2012.07.17 06:51:32.914,0.97771,0.97784,2.25,1.50
2012.07.17 06:51:34.159,0.97771,0.97785,5.25,3.75
2012.07.17 06:51:34.288,0.97777,0.97786,1.50,2.25
2012.07.17 06:51:34.474,0.97776,0.97788,1.50,1.50
2012.07.17 06:51:35.012,0.97776,0.97789,1.50,1.50
2012.07.17 06:51:35.434,0.97775,0.97789,1.50,3.00
2012.07.17 06:51:35.794,0.97777,0.97787,1.50,1.50
2012.07.17 06:51:36.163,0.97775,0.97786,1.50,2.25
2012.07.17 06:51:36.702,0.97775,0.97785,1.50,1.50
2012.07.17 06:51:39.047,0.97775,0.97785,1.50,1.50
2012.07.17 06:51:39.602,0.97775,0.97785,1.50,1.50
2012.07.17 06:51:39.909,0.97778,0.97786,1.50,1.50
2012.07.17 06:51:40.306,0.97782,0.97792,2.25,4.50
2012.07.17 06:51:40.388,0.97785,0.97796,2.25,1.50
2012.07.17 06:51:40.459,0.97785,0.97797,2.25,3.00
2012.07.17 06:51:41.010,0.97785,0.97797,3.00,1.50
2012.07.17 06:51:41.544,0.97784,0.97796,1.50,1.50
2012.07.17 06:51:41.731,0.97783,0.97794,2.25,1.50
2012.07.17 06:51:42.248,0.97781,0.97794,1.50,3.00
2012.07.17 06:51:42.812,0.9778,0.97794,4.50,3.00
2012.07.17 06:51:43.115,0.9778,0.97792,4.50,1.50
2012.07.17 06:51:44.191,0.9778,0.97792,1.50,3.00
2012.07.17 06:51:44.441,0.97777,0.97785,3.00,1.50
2012.07.17 06:51:44.973,0.97777,0.97783,1.50,1.50
2012.07.17 06:51:45.043,0.97772,0.97783,1.50,1.50
2012.07.17 06:51:47.389,0.97771,0.97785,2.25,2.25
2012.07.17 06:51:47.927,0.97772,0.97784,1.50,2.25
2012.07.17 06:51:52.937,0.97773,0.97786,1.50,2.25
2012.07.17 06:51:53.761,0.97777,0.97786,1.50,1.50
2012.07.17 06:51:54.008,0.97777,0.97788,1.50,2.25
2012.07.17 06:51:54.195,0.97779,0.9779,1.50,1.50
2012.07.17 06:51:56.974,0.97778,0.9779,1.50,3.00
2012.07.17 06:52:02.598,0.97776,0.97788,2.55,2.25
2012.07.17 06:52:08.014,0.97776,0.9779,2.18,2.25
2012.07.17 06:52:08.547,0.97776,0.97789,2.18,1.50
2012.07.17 06:52:08.915,0.97775,0.97787,1.50,2.25
2012.07.17 06:52:14.902,0.97776,0.97789,1.50,5.25
2012.07.17 06:52:15.458,0.97776,0.97789,2.18,1.50
2012.07.17 06:52:16.543,0.97776,0.97789,2.25,1.50
2012.07.17 06:52:19.994,0.97777,0.97789,1.50,2.25
2012.07.17 06:52:22.701,0.97777,0.97789,1.50,1.50
2012.07.17 06:52:23.234,0.97777,0.97791,1.50,4.50
2012.07.17 06:52:24.891,0.97778,0.9779,1.50,3.00
2012.07.17 06:52:25.887,0.97778,0.9779,3.75,1.50
2012.07.17 06:52:26.016,0.9778,0.97793,2.93,3.75
2012.07.17 06:52:26.565,0.97779,0.97793,2.25,5.25
2012.07.17 06:52:28.732,0.97777,0.97791,3.38,3.75
2012.07.17 06:52:28.977,0.97777,0.97789,1.13,1.50
2012.07.17 06:52:33.512,0.97776,0.97788,2.25,1.50
2012.07.17 06:52:36.039,0.97776,0.9779,2.25,2.25
2012.07.17 06:52:36.577,0.97775,0.97789,5.18,1.50
2012.07.17 06:52:36.968,0.97779,0.9779,2.25,1.50
2012.07.17 06:52:37.277,0.97782,0.97793,1.50,2.25
2012.07.17 06:52:37.647,0.9778,0.97793,4.50,1.50
2012.07.17 06:52:42.036,0.9778,0.97792,1.50,3.00
2012.07.17 06:52:42.109,0.97778,0.97788,1.50,1.50
2012.07.17 06:52:42.654,0.97776,0.97789,1.50,1.50
2012.07.17 06:52:43.077,0.97775,0.97787,3.75,1.50
2012.07.17 06:52:43.617,0.97776,0.97788,1.50,2.25
2012.07.17 06:52:44.160,0.97774,0.97788,2.25,3.00
2012.07.17 06:52:44.700,0.97776,0.97788,2.25,3.00
2012.07.17 06:52:45.007,0.97779,0.97789,2.25,1.50
2012.07.17 06:52:45.547,0.97779,0.97791,3.00,3.38
2012.07.17 06:52:48.791,0.97779,0.97791,3.00,3.00
2012.07.17 06:52:48.917,0.9778,0.97791,1.50,2.25
2012.07.17 06:52:51.223,0.97783,0.97794,1.50,2.25
2012.07.17 06:52:51.467,0.97783,0.97794,1.50,1.50
2012.07.17 06:52:52.186,0.97785,0.97795,1.88,2.25
2012.07.17 06:52:52.312,0.97788,0.978,3.00,3.45
2012.07.17 06:52:52.675,0.97787,0.97801,1.50,3.33
2012.07.17 06:52:53.015,0.97786,0.97798,4.50,1.50
2012.07.17 06:52:53.441,0.97785,0.97798,2.25,1.50
2012.07.17 06:52:53.946,0.97786,0.97798,2.25,2.25
2012.07.17 06:52:54.840,0.97786,0.97798,2.25,2.25
2012.07.17 06:52:56.010,0.97786,0.97798,2.25,3.00
2012.07.17 06:53:00.392,0.97786,0.97798,2.25,1.50
2012.07.17 06:53:03.178,0.97785,0.97797,1.50,2.25
2012.07.17 06:53:03.663,0.97783,0.97797,3.75,3.00
2012.07.17 06:53:04.452,0.97783,0.97797,3.75,2.25
2012.07.17 06:53:06.136,0.97783,0.97797,3.00,3.75
2012.07.17 06:53:06.670,0.97784,0.97797,2.25,2.25
2012.07.17 06:53:09.185,0.97785,0.97797,1.50,1.13
2012.07.17 06:53:09.758,0.97785,0.97798,1.50,2.25
2012.07.17 06:53:10.302,0.97784,0.97797,2.25,1.50
2012.07.17 06:53:10.855,0.97784,0.97797,2.25,1.50
2012.07.17 06:53:11.487,0.97783,0.97797,4.50,4.50
2012.07.17 06:53:12.022,0.97783,0.97795,3.00,2.25
2012.07.17 06:53:14.815,0.97788,0.97797,1.50,2.25
2012.07.17 06:53:15.180,0.97788,0.97799,1.50,2.25
2012.07.17 06:53:16.262,0.97788,0.978,3.00,2.25
2012.07.17 06:53:17.178,0.97788,0.97799,1.50,3.00
2012.07.17 06:53:17.729,0.97788,0.978,3.00,2.25
2012.07.17 06:53:18.430,0.97788,0.978,2.25,2.25
2012.07.17 06:53:18.961,0.97788,0.97802,2.25,3.75
2012.07.17 06:53:19.512,0.97788,0.97802,2.25,3.75
2012.07.17 06:53:21.517,0.97789,0.97801,1.50,2.25
2012.07.17 06:53:22.164,0.97787,0.97801,4.50,3.75
2012.07.17 06:53:24.205,0.97788,0.97801,2.25,2.25
2012.07.17 06:53:27.778,0.97787,0.97801,3.00,2.25
2012.07.17 06:53:28.403,0.97789,0.97801,1.50,3.00
2012.07.17 06:53:29.779,0.97787,0.97801,3.00,3.00
2012.07.17 06:53:29.842,0.97787,0.97801,3.00,3.00
2012.07.17 06:53:30.083,0.97788,0.978,2.25,1.50
2012.07.17 06:53:32.649,0.97789,0.978,1.50,2.25
2012.07.17 06:53:33.190,0.97788,0.978,2.25,3.75
2012.07.17 06:53:35.906,0.97787,0.97798,1.50,1.50
2012.07.17 06:53:36.856,0.97786,0.97798,2.25,2.25
2012.07.17 06:53:36.920,0.97786,0.97798,2.25,2.25
2012.07.17 06:53:37.043,0.97786,0.97798,2.25,3.00
2012.07.17 06:53:38.171,0.97786,0.97798,2.25,3.00
2012.07.17 06:53:39.049,0.97786,0.97798,2.25,3.00
2012.07.17 06:53:39.758,0.97785,0.97798,1.50,3.00
2012.07.17 06:53:40.122,0.97784,0.97794,2.25,1.50
2012.07.17 06:53:40.248,0.97782,0.97794,1.13,3.00
2012.07.17 06:53:40.788,0.97781,0.97793,2.25,2.25
2012.07.17 06:53:41.386,0.97781,0.97793,2.25,3.00
2012.07.17 06:53:42.343,0.9778,0.97792,2.25,2.25
2012.07.17 06:53:42.527,0.9778,0.97793,2.25,1.50
2012.07.17 06:53:43.068,0.97779,0.97792,3.00,1.50
2012.07.17 06:53:43.490,0.97778,0.9779,3.00,2.25
2012.07.17 06:53:43.556,0.97778,0.9779,2.25,3.75
2012.07.17 06:53:43.745,0.97778,0.97788,2.25,3.38
2012.07.17 06:53:44.203,0.97772,0.97784,1.30,4.50
2012.07.17 06:53:44.330,0.97771,0.97784,2.40,4.50
2012.07.17 06:53:44.515,0.9777,0.97784,3.00,4.50
2012.07.17 06:53:45.056,0.97772,0.97783,2.25,1.50
2012.07.17 06:53:45.301,0.97773,0.97784,2.25,1.50
2012.07.17 06:53:45.366,0.97773,0.97784,2.18,1.50
2012.07.17 06:53:45.494,0.97775,0.97787,2.18,2.25
2012.07.17 06:53:45.682,0.97777,0.97789,1.50,2.63
2012.07.17 06:53:46.111,0.97777,0.97791,2.93,3.00
2012.07.17 06:53:53.758,0.97778,0.97791,3.00,1.50
2012.07.17 06:53:54.499,0.97778,0.97791,2.93,1.50
2012.07.17 06:53:55.165,0.97778,0.97791,3.00,1.50
2012.07.17 06:53:55.972,0.97778,0.97791,3.00,2.25
2012.07.17 06:53:56.502,0.97778,0.97791,3.00,1.50
2012.07.17 06:53:59.293,0.97778,0.97792,1.50,3.75
2012.07.17 06:53:59.805,0.97778,0.97791,1.50,1.50
2012.07.17 06:54:03.246,0.97779,0.97791,1.50,3.75
2012.07.17 06:54:03.369,0.97777,0.97791,4.50,3.00
2012.07.17 06:54:04.467,0.97777,0.97791,3.75,3.00
2012.07.17 06:54:04.588,0.97777,0.9779,3.75,1.50
2012.07.17 06:54:15.137,0.97777,0.97791,3.75,3.00
2012.07.17 06:54:16.379,0.97777,0.97791,3.00,3.00
2012.07.17 06:54:19.021,0.97777,0.97789,3.00,1.50
2012.07.17 06:54:19.503,0.97776,0.97785,1.50,1.50
2012.07.17 06:54:19.808,0.97772,0.97784,3.38,3.00
2012.07.17 06:54:20.053,0.97772,0.97784,2.63,2.25
2012.07.17 06:54:20.356,0.97774,0.97786,1.50,2.63
2012.07.17 06:54:20.959,0.97774,0.97786,1.50,3.00
2012.07.17 06:54:21.750,0.97774,0.97786,2.18,2.25
2012.07.17 06:54:22.180,0.97776,0.97788,1.50,1.50
2012.07.17 06:54:27.646,0.97777,0.97788,1.88,1.50
2012.07.17 06:54:27.715,0.97779,0.97791,3.00,3.75
2012.07.17 06:54:28.142,0.97782,0.97793,1.50,2.25
2012.07.17 06:54:28.696,0.97781,0.97793,3.00,3.75
2012.07.17 06:54:30.981,0.97781,0.97793,3.00,4.50
2012.07.17 06:54:35.521,0.97781,0.97793,1.50,1.50
2012.07.17 06:54:36.122,0.97781,0.97792,1.50,1.50
2012.07.17 06:54:36.734,0.97781,0.97793,1.50,1.50
2012.07.17 06:54:39.413,0.97781,0.97792,2.25,1.50
2012.07.17 06:54:40.113,0.97781,0.97793,3.75,3.00
2012.07.17 06:54:47.077,0.97781,0.97791,3.00,1.50
2012.07.17 06:54:47.209,0.97777,0.97789,1.88,2.25
2012.07.17 06:54:47.749,0.97777,0.97789,4.13,2.25
2012.07.17 06:54:50.599,0.97777,0.97789,1.50,3.75
2012.07.17 06:54:50.907,0.97774,0.97787,3.75,2.25
2012.07.17 06:54:51.096,0.97773,0.97786,1.50,3.00
2012.07.17 06:54:51.643,0.97771,0.97784,1.50,2.25
2012.07.17 06:54:52.189,0.97771,0.97784,1.50,2.25
2012.07.17 06:54:53.110,0.97771,0.97783,3.00,1.50
2012.07.17 06:54:53.802,0.97771,0.97785,3.00,1.50
2012.07.17 06:54:57.641,0.97771,0.97785,3.00,3.00
2012.07.17 06:54:57.882,0.97771,0.97785,3.00,2.25
2012.07.17 06:55:03.482,0.97774,0.97786,2.25,3.00
2012.07.17 06:55:04.141,0.97773,0.97785,2.25,1.50
2012.07.17 06:55:08.283,0.97774,0.97787,3.00,3.00
2012.07.17 06:55:08.409,0.97775,0.97787,2.25,2.25
2012.07.17 06:55:08.717,0.97783,0.97792,1.50,2.63
2012.07.17 06:55:09.158,0.97784,0.97796,3.75,3.00
2012.07.17 06:55:09.686,0.97784,0.97796,3.75,1.50
2012.07.17 06:55:10.242,0.97784,0.97796,3.75,1.50
2012.07.17 06:55:10.468,0.97784,0.97796,3.75,1.50
2012.07.17 06:55:11.009,0.97784,0.97795,2.25,1.50
2012.07.17 06:55:12.478,0.97784,0.97796,2.25,1.50
2012.07.17 06:55:13.065,0.97784,0.97796,2.25,2.25
2012.07.17 06:55:13.547,0.97783,0.97795,3.00,2.25
2012.07.17 06:55:14.090,0.97783,0.97795,3.00,2.25
2012.07.17 06:55:14.400,0.97783,0.97794,2.25,2.25
2012.07.17 06:55:14.468,0.97783,0.97795,1.50,5.25
2012.07.17 06:55:15.077,0.97781,0.97794,2.25,4.50
2012.07.17 06:55:18.709,0.97784,0.97794,1.50,2.25
2012.07.17 06:55:19.415,0.97783,0.97795,1.50,3.75
2012.07.17 06:55:22.364,0.97784,0.97795,1.50,1.50
2012.07.17 06:55:22.485,0.97782,0.97795,2.25,1.50
2012.07.17 06:55:23.970,0.97782,0.97795,2.25,1.50
2012.07.17 06:55:25.409,0.97784,0.97795,1.50,1.50
2012.07.17 06:55:26.101,0.97783,0.97795,2.25,1.50
2012.07.17 06:55:27.965,0.97783,0.97795,2.25,3.75
2012.07.17 06:55:33.370,0.97783,0.97795,2.25,3.00
2012.07.17 06:55:40.462,0.97782,0.97795,3.00,1.50
2012.07.17 06:55:43.009,0.97782,0.97795,3.00,1.50
2012.07.17 06:55:45.140,0.97782,0.97795,3.00,1.50
2012.07.17 06:55:52.267,0.97782,0.97795,3.00,1.50
2012.07.17 06:55:53.678,0.97784,0.97795,1.50,2.25
2012.07.17 06:55:54.238,0.97783,0.97795,2.25,3.75
2012.07.17 06:56:02.317,0.97783,0.97795,2.25,4.50
2012.07.17 06:56:02.440,0.97783,0.97794,2.25,1.50
2012.07.17 06:56:05.353,0.97781,0.97794,1.50,2.25
2012.07.17 06:56:06.135,0.97781,0.97793,1.50,1.50
2012.07.17 06:56:07.360,0.97781,0.97794,1.50,2.25
2012.07.17 06:56:07.483,0.97783,0.97795,2.25,3.00
2012.07.17 06:56:07.547,0.97783,0.97793,2.25,1.50
2012.07.17 06:56:08.018,0.97781,0.97793,1.50,2.25
2012.07.17 06:56:13.815,0.97781,0.97793,1.50,1.50
2012.07.17 06:56:15.256,0.97781,0.97793,1.50,1.50
2012.07.17 06:56:15.820,0.97781,0.97793,1.50,2.25
2012.07.17 06:56:16.608,0.97781,0.97793,1.50,1.50
2012.07.17 06:56:17.225,0.97781,0.97793,1.50,1.50
2012.07.17 06:56:19.603,0.97781,0.97793,1.50,1.50
2012.07.17 06:56:20.146,0.97783,0.97795,2.25,4.50
2012.07.17 06:56:24.913,0.97783,0.97795,1.50,4.88
2012.07.17 06:56:27.019,0.97783,0.97795,1.50,4.13
2012.07.17 06:56:27.196,0.97783,0.97794,1.50,1.50
2012.07.17 06:56:29.632,0.97783,0.97795,1.50,3.75
2012.07.17 06:56:29.698,0.97783,0.97791,1.50,1.50
2012.07.17 06:56:30.014,0.97775,0.97784,1.13,3.75
2012.07.17 06:56:30.263,0.97772,0.97784,1.50,2.25
2012.07.17 06:56:30.329,0.97772,0.97784,1.50,2.25
2012.07.17 06:56:30.991,0.97772,0.97784,1.50,1.50
2012.07.17 06:56:32.234,0.97772,0.97785,1.50,3.75
2012.07.17 06:56:34.513,0.97772,0.97784,1.50,2.25
2012.07.17 06:56:37.530,0.97772,0.97784,1.50,2.25
2012.07.17 06:56:38.167,0.97769,0.97783,4.13,3.00
2012.07.17 06:56:39.312,0.97771,0.97783,2.25,3.00
2012.07.17 06:56:40.079,0.97769,0.97782,5.40,1.50
2012.07.17 06:56:40.433,0.97769,0.9778,2.25,1.88
2012.07.17 06:56:40.744,0.97769,0.97774,1.50,1.50
2012.07.17 06:56:40.810,0.97764,0.97774,1.80,1.50
2012.07.17 06:56:41.175,0.97764,0.97776,2.55,2.25
2012.07.17 06:56:42.819,0.97763,0.97777,3.00,3.75
2012.07.17 06:56:44.103,0.97763,0.97777,4.13,3.00
2012.07.17 06:56:44.292,0.97766,0.97779,2.25,1.50
2012.07.17 06:56:44.602,0.97769,0.9778,1.50,3.75
2012.07.17 06:56:45.270,0.97767,0.9778,3.00,3.00
2012.07.17 06:56:45.781,0.97769,0.9778,1.50,3.00
2012.07.17 06:56:46.144,0.97766,0.97778,5.25,3.00
2012.07.17 06:56:46.684,0.97766,0.97778,3.00,3.75
2012.07.17 06:56:47.136,0.97766,0.97777,2.25,1.50
2012.07.17 06:56:47.676,0.97765,0.97777,1.50,3.00
2012.07.17 06:56:49.318,0.97766,0.97778,1.50,3.75
2012.07.17 06:57:01.090,0.97764,0.97777,3.75,3.00
2012.07.17 06:57:01.444,0.97764,0.97775,1.50,1.50
2012.07.17 06:57:01.997,0.97764,0.97776,3.00,1.50
2012.07.17 06:57:10.798,0.97764,0.97775,2.25,1.50
2012.07.17 06:57:10.922,0.97764,0.97777,1.50,3.00
2012.07.17 06:57:11.045,0.97764,0.97775,2.25,1.50
2012.07.17 06:57:11.726,0.97764,0.97776,3.75,2.25
2012.07.17 06:57:17.306,0.97764,0.97777,1.50,3.00
2012.07.17 06:57:18.622,0.97764,0.97777,2.25,3.75
2012.07.17 06:57:19.990,0.97764,0.97777,2.25,3.75
2012.07.17 06:57:32.787,0.97764,0.97777,2.25,3.00
2012.07.17 06:57:42.636,0.97764,0.97777,2.25,3.00
2012.07.17 06:57:44.641,0.97763,0.97776,2.63,2.25
2012.07.17 06:57:55.515,0.97764,0.97777,1.50,2.25
2012.07.17 06:57:55.824,0.97773,0.97777,1.50,1.50
2012.07.17 06:57:55.952,0.97774,0.9778,2.10,1.50
2012.07.17 06:57:56.457,0.97774,0.97786,3.68,1.50
2012.07.17 06:57:57.000,0.97775,0.97786,1.50,1.50
2012.07.17 06:57:57.540,0.97774,0.97786,3.68,1.50
2012.07.17 06:58:02.769,0.97773,0.97787,3.68,3.00
2012.07.17 06:58:03.071,0.97773,0.97785,3.68,1.50
2012.07.17 06:58:06.581,0.97773,0.97787,3.68,2.25
2012.07.17 06:58:07.047,0.97773,0.97785,3.68,1.50
2012.07.17 06:58:07.553,0.97774,0.97786,2.25,1.50
2012.07.17 06:58:08.086,0.97773,0.97785,3.00,1.50
2012.07.17 06:58:08.597,0.97774,0.97786,2.25,1.50
2012.07.17 06:58:09.108,0.97773,0.97785,3.00,1.50
2012.07.17 06:58:09.611,0.97773,0.97787,3.68,3.00
2012.07.17 06:58:12.164,0.97773,0.97786,2.18,1.50
2012.07.17 06:58:12.808,0.97773,0.97787,3.68,3.75
2012.07.17 06:58:14.187,0.97773,0.97785,3.68,1.50
2012.07.17 06:58:14.716,0.97774,0.97786,2.25,1.50
2012.07.17 06:58:15.598,0.97773,0.97787,3.68,3.75
2012.07.17 06:58:15.952,0.97773,0.97785,3.68,1.50
2012.07.17 06:58:16.639,0.97773,0.97786,2.18,1.50
2012.07.17 06:58:18.096,0.97773,0.97787,3.00,3.75
2012.07.17 06:58:20.593,0.97773,0.97787,3.00,3.75
2012.07.17 06:58:22.107,0.97773,0.97786,1.50,2.25
2012.07.17 06:58:22.737,0.97773,0.97787,3.00,4.13
2012.07.17 06:58:24.441,0.97773,0.97786,3.75,1.50
2012.07.17 06:58:27.496,0.97775,0.97786,1.50,3.00
2012.07.17 06:58:27.913,0.97775,0.97786,1.50,2.25
2012.07.17 06:58:28.698,0.97775,0.97786,1.50,3.00
2012.07.17 06:58:28.884,0.97773,0.97785,3.00,3.00
2012.07.17 06:58:29.303,0.97773,0.97785,1.50,3.00
2012.07.17 06:58:31.242,0.97773,0.97785,1.50,2.25
2012.07.17 06:58:31.853,0.97771,0.97783,4.43,2.25
2012.07.17 06:58:32.365,0.97771,0.97785,3.75,3.00
2012.07.17 06:58:34.143,0.97772,0.97785,1.43,2.25
2012.07.17 06:58:34.786,0.97771,0.97784,3.75,1.50
2012.07.17 06:58:35.024,0.97771,0.97784,4.50,1.50
2012.07.17 06:58:35.708,0.97771,0.97785,4.43,3.00
2012.07.17 06:58:38.202,0.97771,0.97785,4.43,3.00
2012.07.17 06:58:39.225,0.97771,0.97784,3.75,1.50
2012.07.17 06:58:39.451,0.97771,0.97785,8.18,2.25
2012.07.17 06:58:39.954,0.97773,0.97787,2.25,5.25
2012.07.17 06:58:42.384,0.97774,0.97786,1.50,3.00
2012.07.17 06:58:43.885,0.97774,0.97786,2.18,2.25
2012.07.17 06:58:43.950,0.97774,0.97786,2.93,2.25
2012.07.17 06:58:44.492,0.97773,0.97785,4.50,2.25
2012.07.17 06:58:47.495,0.97773,0.97786,2.25,4.13
2012.07.17 06:58:47.832,0.97772,0.97782,3.75,1.50
2012.07.17 06:58:48.018,0.97772,0.97782,2.25,1.50
2012.07.17 06:58:48.559,0.97772,0.97784,1.50,1.88
2012.07.17 06:58:52.363,0.97772,0.97782,3.00,1.50
2012.07.17 06:58:53.585,0.97772,0.97784,3.00,2.25
2012.07.17 06:58:53.707,0.97772,0.97783,3.00,1.50
2012.07.17 06:58:54.832,0.97772,0.97782,3.00,1.50
2012.07.17 06:58:56.301,0.97772,0.97783,3.00,1.50
2012.07.17 06:59:04.275,0.97772,0.97785,2.25,2.25
2012.07.17 06:59:05.027,0.97772,0.97785,1.50,3.00
2012.07.17 06:59:06.687,0.97772,0.97785,1.50,3.75
2012.07.17 06:59:07.278,0.97768,0.9778,2.25,3.75
2012.07.17 06:59:07.521,0.97768,0.9778,3.00,3.00
2012.07.17 06:59:08.065,0.97769,0.9778,2.25,1.50
2012.07.17 06:59:08.254,0.97772,0.97781,1.50,1.50
2012.07.17 06:59:08.320,0.97772,0.97783,1.50,3.00
2012.07.17 06:59:08.507,0.97772,0.97782,1.50,1.50
2012.07.17 06:59:09.072,0.9777,0.97782,3.00,3.00
2012.07.17 06:59:11.753,0.9777,0.97781,2.25,2.25
2012.07.17 06:59:12.062,0.97768,0.97779,1.50,2.25
2012.07.17 06:59:12.425,0.97769,0.97779,1.50,1.50
2012.07.17 06:59:12.903,0.97768,0.9778,3.00,1.50
2012.07.17 06:59:13.547,0.97768,0.97782,5.18,4.50
2012.07.17 06:59:13.852,0.97771,0.97783,1.50,2.25
2012.07.17 06:59:14.698,0.97769,0.97783,3.00,3.75
2012.07.17 06:59:15.248,0.97769,0.97782,2.25,1.50
2012.07.17 06:59:15.811,0.97769,0.97781,2.25,1.50
2012.07.17 06:59:18.035,0.97771,0.97783,1.50,4.50
2012.07.17 06:59:18.279,0.9777,0.97782,2.25,2.25
2012.07.17 06:59:18.933,0.97769,0.97781,2.25,3.00
2012.07.17 06:59:19.234,0.97769,0.9778,2.25,1.50
2012.07.17 06:59:19.546,0.97764,0.97776,3.78,3.00
2012.07.17 06:59:19.612,0.97764,0.97776,3.38,3.75
2012.07.17 06:59:20.171,0.97764,0.97776,2.25,3.00
2012.07.17 06:59:20.722,0.97764,0.97776,2.25,3.00
2012.07.17 06:59:21.258,0.97764,0.97776,2.25,3.00
2012.07.17 06:59:22.705,0.97764,0.97776,2.25,3.00
2012.07.17 06:59:23.223,0.97764,0.97776,2.25,2.25
2012.07.17 06:59:23.758,0.97763,0.97775,3.00,1.50
2012.07.17 06:59:24.285,0.97763,0.97775,2.25,2.25
2012.07.17 06:59:24.352,0.97761,0.97774,2.25,2.25
2012.07.17 06:59:24.478,0.97761,0.97772,2.25,2.25
2012.07.17 06:59:24.902,0.97761,0.97774,2.93,1.50
2012.07.17 06:59:25.426,0.97762,0.97774,2.93,1.50
2012.07.17 06:59:26.068,0.97762,0.97775,2.25,1.50
2012.07.17 06:59:26.492,0.97764,0.97776,2.25,4.50
2012.07.17 06:59:26.558,0.97764,0.97776,2.25,4.50
2012.07.17 06:59:26.800,0.97764,0.97776,2.25,3.75
2012.07.17 06:59:27.402,0.97763,0.97775,2.25,1.50
2012.07.17 06:59:28.081,0.97763,0.97776,2.25,2.25
2012.07.17 06:59:29.198,0.97764,0.97776,2.93,3.00
2012.07.17 06:59:29.771,0.97763,0.97775,2.93,2.25
2012.07.17 06:59:30.365,0.97762,0.97775,2.18,2.25
2012.07.17 06:59:30.917,0.97763,0.97775,2.25,2.25
2012.07.17 06:59:31.431,0.97763,0.97775,2.25,2.25
2012.07.17 06:59:41.858,0.97764,0.97776,2.25,2.25
2012.07.17 06:59:41.983,0.97764,0.97776,2.25,1.50
2012.07.17 06:59:42.520,0.97764,0.97776,2.25,2.25
2012.07.17 06:59:42.826,0.97766,0.97779,2.25,2.25
2012.07.17 06:59:43.774,0.97766,0.97779,1.43,4.50
2012.07.17 06:59:44.175,0.97767,0.97779,2.25,3.75
2012.07.17 06:59:44.305,0.97768,0.97779,1.83,3.00
2012.07.17 06:59:44.618,0.97773,0.97782,1.50,1.50
2012.07.17 06:59:44.981,0.97773,0.97784,3.00,1.50
2012.07.17 06:59:45.517,0.97773,0.97785,3.75,1.50
2012.07.17 06:59:48.502,0.97774,0.97785,1.50,1.50
2012.07.17 06:59:48.567,0.97773,0.97785,6.00,1.50
2012.07.17 06:59:50.669,0.97775,0.97785,2.25,1.50
2012.07.17 06:59:51.213,0.97775,0.97785,1.50,1.50
2012.07.17 06:59:52.634,0.97773,0.97785,3.00,1.50
2012.07.17 06:59:52.939,0.97772,0.97783,2.25,1.50
2012.07.17 06:59:53.497,0.97771,0.97784,1.50,3.38
2012.07.17 06:59:54.044,0.97771,0.97783,3.00,1.50
2012.07.17 06:59:54.355,0.97774,0.97784,1.50,2.63
2012.07.17 06:59:54.482,0.97769,0.97783,3.00,3.00
2012.07.17 06:59:54.965,0.97769,0.97783,2.25,4.50
2012.07.17 06:59:56.566,0.97771,0.97783,1.50,5.25
2012.07.17 06:59:56.691,0.97769,0.97783,2.25,4.50
2012.07.17 06:59:57.248,0.9777,0.97783,1.50,2.25
2012.07.17 06:59:58.036,0.9777,0.97782,1.50,1.50
2012.07.17 06:59:58.566,0.97771,0.97783,1.50,5.25
2012.07.17 06:59:58.633,0.97768,0.9778,3.75,1.50
2012.07.17 06:59:59.180,0.97769,0.97782,1.50,2.25
2012.07.17 06:59:59.579,0.97768,0.9778,2.25,1.50
2012.07.17 06:59:59.767,0.97768,0.97781,1.50,2.25
