2010.09.02 09:00:00.217,1.0117,1.01175,1.00,1.00
2010.09.02 09:00:00.450,1.01165,1.0118,4.80,8.80
2010.09.02 09:00:00.675,1.01165,1.0118,1.60,11.20
2010.09.02 09:00:00.904,1.01165,1.01175,1.00,1.00
2010.09.02 09:00:01.677,1.0117,1.0118,1.00,7.20
2010.09.02 09:00:01.945,1.01165,1.01175,4.80,1.00
2010.09.02 09:00:02.214,1.0116,1.01175,4.80,1.00
2010.09.02 09:00:03.350,1.0116,1.01175,4.00,1.00
2010.09.02 09:00:03.663,1.0116,1.01175,1.60,2.50
2010.09.02 09:00:04.827,1.0116,1.01175,2.40,2.50
2010.09.02 09:00:05.088,1.0116,1.01175,1.60,3.30
2010.09.02 09:00:05.908,1.0116,1.01175,2.40,2.50
2010.09.02 09:00:06.259,1.0116,1.01175,1.60,2.40
2010.09.02 09:00:07.695,1.0116,1.01175,1.60,1.00
2010.09.02 09:00:09.020,1.0116,1.01175,1.60,1.00
2010.09.02 09:00:10.645,1.0116,1.0117,1.00,1.00
2010.09.02 09:00:10.802,1.0116,1.0117,1.00,1.00
2010.09.02 09:00:11.714,1.0116,1.0117,1.00,1.00
2010.09.02 09:00:12.418,1.0116,1.0117,1.60,1.00
2010.09.02 09:00:13.305,1.0116,1.0117,1.60,1.00
2010.09.02 09:00:15.308,1.01155,1.0117,1.60,1.00
2010.09.02 09:00:15.613,1.01155,1.01165,1.00,1.00
2010.09.02 09:00:16.545,1.0115,1.0116,1.60,1.00
2010.09.02 09:00:16.896,1.01145,1.0116,1.60,1.00
2010.09.02 09:00:17.896,1.01145,1.01155,1.00,1.00
2010.09.02 09:00:19.484,1.01135,1.01155,6.40,1.00
2010.09.02 09:00:19.690,1.01135,1.01145,1.00,1.00
2010.09.02 09:00:21.218,1.0113,1.01145,1.60,1.00
2010.09.02 09:00:21.391,1.01135,1.01145,1.00,1.00
2010.09.02 09:00:22.735,1.0113,1.01145,1.60,1.00
2010.09.02 09:00:24.000,1.0113,1.01145,1.60,1.00
2010.09.02 09:00:24.705,1.0113,1.01145,2.40,1.00
2010.09.02 09:00:25.449,1.0113,1.0114,2.40,1.60
2010.09.02 09:00:25.640,1.0113,1.01145,1.00,1.60
2010.09.02 09:00:25.818,1.0113,1.01145,1.60,1.60
2010.09.02 09:00:26.736,1.0113,1.01145,1.60,1.00
2010.09.02 09:00:28.115,1.0113,1.0114,1.00,1.00
2010.09.02 09:00:28.761,1.0113,1.0114,1.00,1.00
2010.09.02 09:00:29.078,1.0113,1.0114,1.00,1.00
2010.09.02 09:00:31.524,1.0112,1.01125,1.60,1.00
2010.09.02 09:00:31.828,1.0112,1.01125,1.60,1.00
2010.09.02 09:00:33.024,1.01115,1.01125,1.60,1.00
2010.09.02 09:00:34.565,1.01115,1.01125,1.00,1.00
2010.09.02 09:00:35.519,1.0111,1.01125,2.40,2.40
2010.09.02 09:00:35.861,1.0111,1.0112,1.60,4.00
2010.09.02 09:00:36.715,1.011,1.0111,1.60,1.00
2010.09.02 09:00:36.955,1.011,1.0111,1.60,2.40
2010.09.02 09:00:38.513,1.01095,1.01105,1.60,1.00
2010.09.02 09:00:40.465,1.01095,1.01105,1.00,1.00
2010.09.02 09:00:41.283,1.0109,1.01105,10.40,1.00
2010.09.02 09:00:41.528,1.01105,1.01115,1.00,1.00
2010.09.02 09:00:42.699,1.0111,1.01125,1.60,3.20
2010.09.02 09:00:43.048,1.0111,1.01125,2.40,2.40
2010.09.02 09:00:43.389,1.0111,1.01125,2.40,1.60
2010.09.02 09:00:44.532,1.011,1.0112,5.60,8.80
2010.09.02 09:00:44.701,1.011,1.0112,4.80,8.80
2010.09.02 09:00:44.867,1.011,1.01115,5.60,1.00
2010.09.02 09:00:45.028,1.011,1.0112,4.80,10.40
2010.09.02 09:00:45.672,1.011,1.0112,4.80,8.80
2010.09.02 09:00:46.391,1.011,1.0112,5.60,9.60
2010.09.02 09:00:47.216,1.011,1.01115,4.80,1.60
2010.09.02 09:00:47.559,1.011,1.0112,4.80,9.60
2010.09.02 09:00:47.898,1.011,1.0112,5.60,9.60
2010.09.02 09:00:49.360,1.011,1.01115,4.00,1.60
2010.09.02 09:00:50.218,1.01115,1.01125,1.00,2.80
2010.09.02 09:00:50.423,1.01115,1.01125,1.60,2.80
2010.09.02 09:00:50.631,1.01115,1.01125,1.60,1.60
2010.09.02 09:00:51.692,1.01115,1.01125,1.00,1.60
2010.09.02 09:00:52.543,1.0111,1.0112,4.00,1.60
2010.09.02 09:00:52.900,1.0111,1.0112,5.00,1.60
2010.09.02 09:00:53.254,1.01115,1.0112,1.00,1.60
2010.09.02 09:00:53.600,1.01115,1.01125,1.00,1.60
2010.09.02 09:01:04.052,1.01115,1.0113,1.00,4.00
2010.09.02 09:01:05.213,1.01115,1.0113,1.00,2.40
2010.09.02 09:01:05.533,1.01115,1.01125,1.00,1.60
2010.09.02 09:01:06.172,1.0111,1.01125,9.60,1.60
2010.09.02 09:01:06.467,1.0111,1.01125,5.60,1.60
2010.09.02 09:01:06.743,1.0111,1.01125,6.40,1.60
2010.09.02 09:01:07.648,1.0111,1.01125,4.80,1.60
2010.09.02 09:01:09.514,1.0111,1.01125,5.60,1.60
2010.09.02 09:01:09.981,1.0111,1.0113,5.60,7.20
2010.09.02 09:01:10.804,1.0111,1.0113,5.60,5.60
2010.09.02 09:01:11.071,1.01115,1.0113,1.00,1.60
2010.09.02 09:01:11.338,1.01115,1.0113,1.00,1.00
2010.09.02 09:01:12.242,1.01125,1.01135,1.00,3.20
2010.09.02 09:01:12.516,1.01125,1.0114,1.00,5.60
2010.09.02 09:01:13.340,1.01125,1.0114,1.00,4.00
2010.09.02 09:01:13.651,1.01125,1.0114,1.60,3.20
2010.09.02 09:01:17.186,1.0113,1.01145,2.40,4.00
2010.09.02 09:01:17.365,1.0113,1.01145,3.20,2.40
2010.09.02 09:01:17.540,1.0113,1.01145,3.20,2.40
2010.09.02 09:01:18.293,1.0113,1.01145,4.00,1.00
2010.09.02 09:01:18.594,1.0113,1.0115,4.00,8.00
2010.09.02 09:01:19.689,1.0113,1.0115,5.00,8.00
2010.09.02 09:01:20.477,1.01135,1.0115,2.40,2.40
2010.09.02 09:01:20.625,1.01135,1.0115,1.60,5.60
2010.09.02 09:01:23.519,1.01135,1.0115,2.40,4.00
2010.09.02 09:01:24.289,1.01135,1.0115,2.40,1.60
2010.09.02 09:01:24.627,1.01135,1.0115,1.60,1.60
2010.09.02 09:01:25.446,1.01135,1.0115,1.00,1.60
2010.09.02 09:01:26.241,1.0113,1.0115,10.40,1.60
2010.09.02 09:01:26.558,1.01135,1.0115,1.00,1.60
2010.09.02 09:01:26.707,1.01135,1.0115,1.00,2.40
2010.09.02 09:01:26.860,1.01135,1.0115,1.60,2.40
2010.09.02 09:01:27.930,1.01135,1.0115,1.60,1.60
2010.09.02 09:01:31.270,1.01135,1.0115,1.60,4.00
2010.09.02 09:01:31.456,1.01135,1.0115,2.40,4.00
2010.09.02 09:01:32.340,1.01135,1.0115,1.60,4.00
2010.09.02 09:01:33.668,1.01135,1.0115,1.60,2.40
2010.09.02 09:01:34.563,1.01135,1.0115,1.60,1.60
2010.09.02 09:01:37.819,1.01135,1.0115,1.60,2.40
2010.09.02 09:01:39.358,1.01135,1.01155,7.20,12.00
2010.09.02 09:01:39.509,1.01135,1.01155,5.60,10.40
2010.09.02 09:01:40.230,1.01135,1.0115,6.40,1.00
2010.09.02 09:01:40.592,1.01135,1.0115,1.60,2.40
2010.09.02 09:01:42.486,1.01135,1.0115,3.20,4.00
2010.09.02 09:01:42.674,1.01135,1.0115,6.40,1.00
2010.09.02 09:01:42.861,1.01145,1.01155,1.00,4.40
2010.09.02 09:01:43.572,1.01155,1.0116,1.00,8.00
2010.09.02 09:01:43.927,1.01155,1.01175,4.00,4.00
2010.09.02 09:01:44.271,1.01155,1.01175,2.40,6.40
2010.09.02 09:01:49.077,1.01165,1.01175,1.00,4.00
2010.09.02 09:01:49.165,1.01165,1.01175,1.00,3.20
2010.09.02 09:01:49.215,1.0117,1.0118,1.00,4.80
2010.09.02 09:01:49.268,1.0117,1.0118,1.60,4.80
2010.09.02 09:01:50.062,1.01175,1.0118,1.00,1.60
2010.09.02 09:01:50.284,1.01175,1.01185,1.00,1.60
2010.09.02 09:01:50.565,1.01175,1.01185,1.00,1.60
2010.09.02 09:01:53.966,1.01185,1.01195,1.00,4.00
2010.09.02 09:01:54.310,1.01185,1.0119,1.00,1.60
2010.09.02 09:01:56.745,1.0118,1.0119,1.20,1.60
2010.09.02 09:01:56.929,1.0118,1.0119,1.60,1.60
2010.09.02 09:01:57.756,1.01175,1.01185,2.40,1.60
2010.09.02 09:02:01.689,1.01175,1.01185,3.20,1.60
2010.09.02 09:02:02.448,1.01175,1.0119,3.20,1.60
2010.09.02 09:02:05.540,1.01185,1.0119,1.00,1.60
2010.09.02 09:02:05.766,1.01185,1.01195,1.00,1.60
2010.09.02 09:02:06.789,1.01195,1.01205,1.00,3.40
2010.09.02 09:02:07.710,1.01195,1.01205,1.00,1.60
2010.09.02 09:02:08.046,1.01195,1.01205,1.00,2.40
2010.09.02 09:02:08.331,1.0119,1.01205,2.80,2.40
2010.09.02 09:02:08.611,1.0119,1.01205,2.40,2.40
2010.09.02 09:02:09.435,1.01195,1.01205,1.00,2.40
2010.09.02 09:02:09.653,1.0119,1.01205,2.40,2.40
2010.09.02 09:02:11.555,1.01185,1.012,4.00,1.00
2010.09.02 09:02:11.713,1.01185,1.01195,1.60,2.40
2010.09.02 09:02:12.433,1.0118,1.01195,10.40,2.40
2010.09.02 09:02:12.583,1.0118,1.01195,7.20,2.40
2010.09.02 09:02:14.189,1.0118,1.01195,6.40,2.40
2010.09.02 09:02:14.455,1.0118,1.01195,3.20,3.20
2010.09.02 09:02:14.712,1.0118,1.0119,2.40,1.60
2010.09.02 09:02:15.858,1.0117,1.01185,4.80,1.60
2010.09.02 09:02:15.973,1.0117,1.01185,3.20,1.60
2010.09.02 09:02:16.087,1.0117,1.01185,2.40,3.20
2010.09.02 09:02:16.859,1.0117,1.01185,4.80,3.20
2010.09.02 09:02:17.216,1.0117,1.01185,4.00,1.60
2010.09.02 09:02:20.467,1.0117,1.01185,2.40,1.60
2010.09.02 09:02:23.796,1.0117,1.0118,1.60,1.60
2010.09.02 09:02:23.957,1.0117,1.0118,1.00,1.60
2010.09.02 09:02:25.538,1.01165,1.01185,3.20,8.80
2010.09.02 09:02:25.690,1.01165,1.01185,4.80,8.80
2010.09.02 09:02:25.842,1.01165,1.01185,6.40,8.00
2010.09.02 09:02:25.988,1.01165,1.01185,8.00,8.00
2010.09.02 09:02:26.696,1.01165,1.01185,7.20,8.00
2010.09.02 09:02:26.922,1.0117,1.01185,1.00,8.00
2010.09.02 09:02:27.366,1.01165,1.0118,1.00,4.00
2010.09.02 09:02:28.088,1.0116,1.0118,9.60,4.80
2010.09.02 09:02:28.433,1.0116,1.01175,7.20,1.00
2010.09.02 09:02:29.398,1.0116,1.01175,6.40,1.00
2010.09.02 09:02:29.706,1.0116,1.01175,6.40,2.40
2010.09.02 09:02:30.617,1.01165,1.01175,1.00,2.40
2010.09.02 09:02:31.365,1.01165,1.0118,2.40,2.80
2010.09.02 09:02:31.538,1.0118,1.01195,2.80,3.20
2010.09.02 09:02:31.806,1.0118,1.01195,2.00,2.40
2010.09.02 09:02:32.075,1.0118,1.01195,3.20,2.40
2010.09.02 09:02:32.789,1.0118,1.01195,4.00,1.60
2010.09.02 09:02:33.147,1.0118,1.01195,3.20,1.60
2010.09.02 09:02:33.990,1.0118,1.012,4.00,8.80
2010.09.02 09:02:34.791,1.0118,1.01195,3.20,1.60
2010.09.02 09:02:36.648,1.0118,1.012,5.60,9.60
2010.09.02 09:02:37.915,1.0118,1.012,7.20,7.20
2010.09.02 09:02:38.148,1.01185,1.012,1.00,4.00
2010.09.02 09:02:38.377,1.01185,1.012,1.00,4.80
2010.09.02 09:02:39.212,1.0118,1.01195,8.00,1.60
2010.09.02 09:02:40.492,1.0118,1.01195,7.20,1.60
2010.09.02 09:02:40.823,1.0118,1.012,8.80,5.60
2010.09.02 09:02:41.757,1.0118,1.01195,8.00,1.60
2010.09.02 09:02:42.039,1.0118,1.012,8.00,5.60
2010.09.02 09:02:42.326,1.0118,1.01195,8.00,1.60
2010.09.02 09:02:45.478,1.0118,1.01195,5.60,1.00
2010.09.02 09:02:45.594,1.01185,1.012,1.00,7.20
2010.09.02 09:02:46.140,1.01185,1.01195,1.00,1.60
2010.09.02 09:02:46.248,1.01185,1.012,1.00,7.20
2010.09.02 09:02:48.070,1.01185,1.01195,1.00,1.60
2010.09.02 09:02:48.256,1.01175,1.01195,13.60,4.00
2010.09.02 09:02:48.447,1.01175,1.01195,10.40,5.60
2010.09.02 09:02:49.868,1.01175,1.01195,10.40,8.80
2010.09.02 09:02:51.307,1.01175,1.01185,2.40,1.00
2010.09.02 09:02:51.363,1.01175,1.01185,1.60,1.00
2010.09.02 09:02:51.409,1.0117,1.01185,4.80,1.00
2010.09.02 09:02:52.194,1.0117,1.01185,4.80,1.00
2010.09.02 09:02:53.196,1.0117,1.01185,2.40,2.40
2010.09.02 09:02:53.546,1.0116,1.01175,2.40,4.00
2010.09.02 09:02:53.749,1.0116,1.01175,1.60,4.00
2010.09.02 09:02:55.716,1.0116,1.01175,1.60,4.80
2010.09.02 09:02:56.357,1.01175,1.0118,1.00,8.80
2010.09.02 09:02:57.070,1.0117,1.0118,1.00,1.00
2010.09.02 09:02:57.368,1.0117,1.01185,2.40,1.00
2010.09.02 09:02:58.824,1.01165,1.0118,4.00,1.00
2010.09.02 09:02:59.147,1.0116,1.01175,4.00,1.00
2010.09.02 09:02:59.464,1.0116,1.0118,6.40,4.80
2010.09.02 09:03:00.763,1.0116,1.0118,8.80,3.20
2010.09.02 09:03:01.566,1.0116,1.01175,7.20,1.60
2010.09.02 09:03:01.813,1.0116,1.01175,8.00,1.00
2010.09.02 09:03:02.622,1.0116,1.01175,7.20,1.00
2010.09.02 09:03:02.973,1.0116,1.0118,8.80,5.60
2010.09.02 09:03:03.319,1.0116,1.0118,10.40,6.40
2010.09.02 09:03:04.755,1.01165,1.0118,1.00,8.00
2010.09.02 09:03:05.076,1.01165,1.0118,1.60,7.20
2010.09.02 09:03:06.293,1.01165,1.01175,1.60,1.00
2010.09.02 09:03:06.468,1.01165,1.01175,1.00,1.00
2010.09.02 09:03:09.287,1.0116,1.01175,7.00,1.00
2010.09.02 09:03:09.425,1.0116,1.01175,6.00,1.00
2010.09.02 09:03:09.637,1.0116,1.01175,4.00,1.00
2010.09.02 09:03:09.856,1.0116,1.01175,4.80,1.00
2010.09.02 09:03:12.880,1.0116,1.01175,4.00,1.00
2010.09.02 09:03:14.465,1.0116,1.01175,4.00,1.00
2010.09.02 09:03:14.639,1.0116,1.01175,3.20,1.00
2010.09.02 09:03:15.952,1.0116,1.01175,6.40,1.00
2010.09.02 09:03:16.231,1.0116,1.01175,7.20,1.00
2010.09.02 09:03:17.097,1.0116,1.01175,4.00,2.40
2010.09.02 09:03:17.756,1.0116,1.01175,4.00,1.60
2010.09.02 09:03:21.930,1.0116,1.01175,3.20,4.00
2010.09.02 09:03:22.609,1.0116,1.01175,1.60,4.00
2010.09.02 09:03:22.897,1.0115,1.01165,6.40,1.60
2010.09.02 09:03:23.764,1.0115,1.01165,6.40,1.60
2010.09.02 09:03:24.098,1.0115,1.01165,6.40,2.40
2010.09.02 09:03:24.428,1.0115,1.0116,1.00,1.60
2010.09.02 09:03:25.326,1.01145,1.01155,1.60,1.60
2010.09.02 09:03:25.654,1.01145,1.01155,1.60,1.60
2010.09.02 09:03:26.580,1.01145,1.01155,1.60,1.60
2010.09.02 09:03:26.816,1.01145,1.01155,1.60,1.60
2010.09.02 09:03:27.283,1.01145,1.01155,1.60,1.60
2010.09.02 09:03:27.938,1.0114,1.01155,5.60,1.60
2010.09.02 09:03:28.293,1.01135,1.0115,2.40,4.00
2010.09.02 09:03:28.644,1.0113,1.01145,8.00,1.60
2010.09.02 09:03:30.408,1.0113,1.0115,8.00,4.00
2010.09.02 09:03:31.299,1.0113,1.0115,10.40,4.00
2010.09.02 09:03:32.793,1.0113,1.0115,10.40,1.00
2010.09.02 09:03:33.044,1.01135,1.0115,1.00,1.60
2010.09.02 09:03:33.291,1.01135,1.01155,1.60,9.70
2010.09.02 09:03:34.081,1.01135,1.01155,1.60,4.80
2010.09.02 09:03:34.339,1.01145,1.0116,1.00,4.80
2010.09.02 09:03:34.591,1.01145,1.0116,1.00,4.00
2010.09.02 09:03:41.645,1.01145,1.0116,1.00,3.20
2010.09.02 09:03:44.916,1.01145,1.0116,1.60,3.20
2010.09.02 09:03:45.814,1.0115,1.0116,1.60,1.60
2010.09.02 09:03:46.029,1.0115,1.01165,1.60,3.20
2010.09.02 09:03:50.655,1.0115,1.01165,1.60,1.60
2010.09.02 09:03:50.685,1.0115,1.01165,2.40,1.60
2010.09.02 09:03:50.738,1.0115,1.01165,4.80,1.60
2010.09.02 09:03:52.936,1.0115,1.01165,5.60,1.60
2010.09.02 09:03:52.986,1.01155,1.0117,1.00,4.80
2010.09.02 09:03:53.036,1.01155,1.0117,1.00,4.00
2010.09.02 09:03:53.087,1.01155,1.0117,1.60,3.20
2010.09.02 09:03:53.236,1.01155,1.0117,2.40,3.20
2010.09.02 09:03:54.176,1.01165,1.01175,1.00,1.60
2010.09.02 09:03:55.249,1.01165,1.01175,1.60,1.60
2010.09.02 09:03:55.966,1.01165,1.01175,1.00,1.60
2010.09.02 09:03:56.129,1.01165,1.0118,1.60,1.60
2010.09.02 09:04:01.837,1.0117,1.0118,1.00,1.60
2010.09.02 09:04:02.042,1.01175,1.01185,1.60,3.20
2010.09.02 09:04:02.816,1.0118,1.01185,1.00,1.60
2010.09.02 09:04:03.020,1.0118,1.01195,1.60,2.40
2010.09.02 09:04:03.329,1.0118,1.01195,1.60,1.60
2010.09.02 09:04:03.627,1.0118,1.0119,1.60,1.60
2010.09.02 09:04:06.435,1.0118,1.0119,2.40,1.60
2010.09.02 09:04:08.427,1.0118,1.0119,4.00,1.60
2010.09.02 09:04:09.916,1.0118,1.0119,3.20,1.60
2010.09.02 09:04:11.716,1.0118,1.0119,1.60,1.60
2010.09.02 09:04:14.901,1.01175,1.0119,2.80,4.00
2010.09.02 09:04:15.733,1.01175,1.01185,1.00,1.60
2010.09.02 09:04:21.288,1.0117,1.01185,2.40,1.60
2010.09.02 09:04:24.051,1.0117,1.01185,1.60,4.80
2010.09.02 09:04:24.792,1.0117,1.0118,1.60,1.60
2010.09.02 09:04:26.425,1.0117,1.0118,2.40,1.60
2010.09.02 09:04:28.795,1.0117,1.01185,2.40,1.60
2010.09.02 09:04:28.952,1.01175,1.01185,1.00,1.60
2010.09.02 09:04:38.066,1.0117,1.01185,2.40,1.60
2010.09.02 09:04:38.206,1.0117,1.01185,3.20,1.60
2010.09.02 09:04:38.348,1.0117,1.01185,2.40,1.60
2010.09.02 09:04:39.051,1.0117,1.01185,3.20,1.60
2010.09.02 09:04:39.670,1.0117,1.01185,3.40,1.60
2010.09.02 09:04:39.978,1.01175,1.0119,2.40,3.20
2010.09.02 09:04:40.282,1.01175,1.0119,3.20,3.20
2010.09.02 09:04:41.083,1.01175,1.0119,2.40,3.20
2010.09.02 09:04:41.338,1.0118,1.01195,1.60,1.60
2010.09.02 09:04:41.550,1.0118,1.0119,1.60,1.60
2010.09.02 09:04:42.382,1.012,1.0121,1.00,1.60
2010.09.02 09:04:43.306,1.012,1.01215,1.60,4.80
2010.09.02 09:04:43.638,1.012,1.0121,1.60,1.60
2010.09.02 09:04:45.649,1.012,1.01215,1.60,4.80
2010.09.02 09:04:47.377,1.012,1.01215,1.60,4.00
2010.09.02 09:04:50.304,1.012,1.01215,1.60,2.40
2010.09.02 09:04:50.461,1.01205,1.01215,1.00,1.60
2010.09.02 09:04:53.868,1.012,1.01215,3.20,1.60
2010.09.02 09:04:54.406,1.01205,1.01215,1.00,1.60
2010.09.02 09:04:54.790,1.012,1.01215,3.20,1.60
2010.09.02 09:04:55.558,1.012,1.01215,2.40,1.60
2010.09.02 09:04:55.761,1.012,1.01215,1.60,2.40
2010.09.02 09:04:55.943,1.012,1.01215,1.60,4.00
2010.09.02 09:04:56.967,1.012,1.0121,1.60,1.60
2010.09.02 09:04:57.855,1.012,1.01215,1.60,3.20
2010.09.02 09:04:58.889,1.012,1.01215,2.40,3.20
2010.09.02 09:04:59.349,1.012,1.01215,1.60,3.20
2010.09.02 09:05:00.867,1.012,1.01215,2.40,3.20
2010.09.02 09:05:01.447,1.012,1.01215,2.40,4.00
2010.09.02 09:05:02.259,1.012,1.01215,1.60,4.00
2010.09.02 09:05:03.326,1.01195,1.0121,2.40,1.60
2010.09.02 09:05:03.677,1.0119,1.01205,9.60,1.60
2010.09.02 09:05:04.514,1.01195,1.01205,1.00,1.60
2010.09.02 09:05:04.814,1.0119,1.01205,7.20,1.60
2010.09.02 09:05:08.434,1.0119,1.01205,8.20,1.60
2010.09.02 09:05:08.688,1.01195,1.0121,1.00,1.60
2010.09.02 09:05:11.201,1.0119,1.0121,8.20,3.20
2010.09.02 09:05:11.494,1.01195,1.0121,1.00,2.40
2010.09.02 09:05:12.124,1.01195,1.0121,2.40,1.60
2010.09.02 09:05:14.947,1.012,1.0122,8.80,4.80
2010.09.02 09:05:15.405,1.012,1.0122,9.60,4.80
2010.09.02 09:05:18.134,1.012,1.0122,10.40,4.80
2010.09.02 09:05:18.180,1.012,1.0122,11.20,4.80
2010.09.02 09:05:19.690,1.012,1.0122,12.00,4.80
2010.09.02 09:05:21.791,1.012,1.0122,9.60,4.80
2010.09.02 09:05:21.893,1.012,1.0122,7.20,4.80
2010.09.02 09:05:24.020,1.012,1.0122,5.60,5.60
2010.09.02 09:05:24.853,1.012,1.01215,4.80,1.60
2010.09.02 09:05:25.090,1.012,1.01215,4.00,1.60
2010.09.02 09:05:26.028,1.0119,1.0121,8.80,2.40
2010.09.02 09:05:26.557,1.0119,1.0121,8.80,1.60
2010.09.02 09:05:29.853,1.0119,1.0121,8.80,2.40
2010.09.02 09:05:32.349,1.0119,1.0121,8.00,2.40
2010.09.02 09:05:33.548,1.0119,1.0121,8.80,2.40
2010.09.02 09:05:34.780,1.0119,1.0121,8.00,2.40
2010.09.02 09:05:39.036,1.0119,1.01205,1.00,5.60
2010.09.02 09:05:39.419,1.0119,1.01205,1.00,6.40
2010.09.02 09:05:40.049,1.01185,1.01205,10.00,6.40
2010.09.02 09:05:40.767,1.01185,1.01205,10.00,8.00
2010.09.02 09:05:41.247,1.01185,1.01205,9.60,8.00
2010.09.02 09:05:41.827,1.01185,1.01205,10.60,8.00
2010.09.02 09:05:42.106,1.01185,1.01205,9.80,7.20
2010.09.02 09:05:42.990,1.0119,1.01205,5.00,3.20
2010.09.02 09:05:43.813,1.0119,1.01205,5.00,1.00
2010.09.02 09:05:44.069,1.0119,1.0121,5.00,5.60
2010.09.02 09:05:45.719,1.0119,1.01205,5.00,1.00
2010.09.02 09:05:45.895,1.0119,1.01205,5.00,1.60
2010.09.02 09:05:46.148,1.0119,1.0121,5.00,8.00
2010.09.02 09:05:51.145,1.0119,1.0121,5.80,8.00
2010.09.02 09:05:51.969,1.0119,1.0121,6.60,8.00
2010.09.02 09:05:52.241,1.0119,1.0121,6.60,5.60
2010.09.02 09:05:52.509,1.0119,1.0121,5.80,4.80
2010.09.02 09:05:52.782,1.0119,1.0121,6.60,4.00
2010.09.02 09:05:53.710,1.0119,1.0121,7.40,4.80
2010.09.02 09:05:54.401,1.01195,1.0121,1.00,4.00
2010.09.02 09:05:55.246,1.0119,1.0121,7.40,4.00
2010.09.02 09:05:55.517,1.01195,1.0121,1.80,4.00
2010.09.02 09:05:55.659,1.01195,1.0121,1.00,4.00
2010.09.02 09:05:55.799,1.0119,1.0121,7.40,4.80
2010.09.02 09:05:58.613,1.0119,1.0121,6.40,4.80
2010.09.02 09:05:58.890,1.0119,1.0121,5.60,4.80
2010.09.02 09:05:59.537,1.01195,1.0121,1.00,4.00
2010.09.02 09:06:00.323,1.0119,1.0121,5.60,4.00
2010.09.02 09:06:01.075,1.0119,1.0121,5.60,4.80
2010.09.02 09:06:01.708,1.0119,1.0121,6.40,4.80
2010.09.02 09:06:01.899,1.0119,1.0121,7.20,4.80
2010.09.02 09:06:02.578,1.01195,1.0121,1.00,2.40
2010.09.02 09:06:02.670,1.0119,1.0121,6.40,4.00
2010.09.02 09:06:02.768,1.0119,1.0121,7.20,4.00
2010.09.02 09:06:03.717,1.0119,1.0121,7.20,4.80
2010.09.02 09:06:04.080,1.0119,1.0121,5.60,4.00
2010.09.02 09:06:05.988,1.0119,1.0121,6.40,4.00
2010.09.02 09:06:07.900,1.0119,1.0121,7.20,3.20
2010.09.02 09:06:08.248,1.0119,1.0121,8.80,3.20
2010.09.02 09:06:09.233,1.01195,1.0121,1.00,1.60
2010.09.02 09:06:09.568,1.0119,1.0121,6.40,4.80
2010.09.02 09:06:10.309,1.0119,1.0121,5.60,4.80
2010.09.02 09:06:12.652,1.0119,1.0121,6.40,4.00
2010.09.02 09:06:12.861,1.0119,1.0121,7.20,4.00
2010.09.02 09:06:13.463,1.0119,1.0121,7.20,4.00
2010.09.02 09:06:13.813,1.0119,1.0121,6.00,4.00
2010.09.02 09:06:14.159,1.0119,1.0121,8.40,4.00
2010.09.02 09:06:20.119,1.0119,1.0121,7.60,4.00
2010.09.02 09:06:20.349,1.0119,1.0121,5.60,4.00
2010.09.02 09:06:21.242,1.0119,1.01205,1.60,4.90
2010.09.02 09:06:22.693,1.0119,1.012,1.00,1.00
2010.09.02 09:06:23.046,1.0118,1.012,8.80,4.00
2010.09.02 09:06:23.627,1.0118,1.012,8.00,4.00
2010.09.02 09:06:23.969,1.0117,1.0119,8.80,4.00
2010.09.02 09:06:24.302,1.0117,1.0119,7.20,4.00
2010.09.02 09:06:25.206,1.0117,1.0119,8.80,4.00
2010.09.02 09:06:26.232,1.0117,1.0119,8.40,4.00
2010.09.02 09:06:27.024,1.0117,1.0119,6.00,4.00
2010.09.02 09:06:28.670,1.0117,1.0119,7.00,4.00
2010.09.02 09:06:28.938,1.0117,1.0119,9.40,4.00
2010.09.02 09:06:29.670,1.0117,1.0119,8.60,4.00
2010.09.02 09:06:30.512,1.0117,1.0119,11.40,1.60
2010.09.02 09:06:30.701,1.0117,1.0119,14.60,1.60
2010.09.02 09:06:32.363,1.01175,1.0119,1.60,1.60
2010.09.02 09:06:36.884,1.01175,1.0119,2.40,1.60
2010.09.02 09:06:37.055,1.01175,1.0119,3.20,1.60
2010.09.02 09:06:43.200,1.01175,1.0119,2.40,2.40
2010.09.02 09:06:43.379,1.01175,1.0119,1.60,2.40
2010.09.02 09:06:44.456,1.0117,1.0119,9.20,2.40
2010.09.02 09:06:44.797,1.01175,1.0119,1.60,2.40
2010.09.02 09:06:46.943,1.01175,1.0119,1.60,1.60
2010.09.02 09:06:47.836,1.0117,1.0119,9.60,2.40
2010.09.02 09:06:48.904,1.0117,1.0119,10.40,2.40
2010.09.02 09:06:49.159,1.0117,1.0119,11.20,2.40
2010.09.02 09:06:51.016,1.01175,1.0119,2.40,1.60
2010.09.02 09:06:52.166,1.0117,1.0119,13.60,1.60
2010.09.02 09:06:54.263,1.0117,1.0119,12.80,1.60
2010.09.02 09:06:54.426,1.0117,1.0119,11.20,1.60
2010.09.02 09:06:54.590,1.0117,1.0119,9.60,1.60
2010.09.02 09:06:55.806,1.0117,1.0119,10.40,2.40
2010.09.02 09:06:57.652,1.01175,1.0119,1.00,1.60
2010.09.02 09:06:57.755,1.01175,1.01195,6.00,9.60
2010.09.02 09:06:59.507,1.01175,1.01195,6.00,8.00
2010.09.02 09:07:00.621,1.01175,1.01195,7.60,8.00
2010.09.02 09:07:01.727,1.01175,1.01195,6.00,8.00
2010.09.02 09:07:02.059,1.01175,1.01195,6.00,9.60
2010.09.02 09:07:02.300,1.01175,1.0119,2.80,1.60
2010.09.02 09:07:02.419,1.01175,1.0119,1.00,3.40
2010.09.02 09:07:02.536,1.0117,1.0119,12.00,3.40
2010.09.02 09:07:03.611,1.0117,1.0119,9.60,3.40
2010.09.02 09:07:05.206,1.0117,1.0119,12.00,3.40
2010.09.02 09:07:09.409,1.0117,1.0119,11.20,3.40
2010.09.02 09:07:11.317,1.0117,1.0119,10.40,3.80
2010.09.02 09:07:12.299,1.0117,1.0119,10.80,4.60
2010.09.02 09:07:12.954,1.0117,1.0119,9.20,4.60
2010.09.02 09:07:13.136,1.0117,1.01185,7.20,1.60
2010.09.02 09:07:15.378,1.0117,1.01185,5.60,3.20
2010.09.02 09:07:16.255,1.0117,1.01185,1.00,9.10
2010.09.02 09:07:16.422,1.01165,1.0118,10.40,2.00
2010.09.02 09:07:16.577,1.01165,1.0118,11.20,2.00
2010.09.02 09:07:17.957,1.01165,1.0118,10.40,2.00
2010.09.02 09:07:19.414,1.01165,1.0118,8.80,2.00
2010.09.02 09:07:19.910,1.01165,1.0118,8.80,1.60
2010.09.02 09:07:21.717,1.01165,1.0118,9.20,1.60
2010.09.02 09:07:25.995,1.01165,1.01185,10.80,10.70
2010.09.02 09:07:26.684,1.01165,1.01185,9.20,9.90
2010.09.02 09:07:26.844,1.01165,1.01185,8.40,9.90
2010.09.02 09:07:28.565,1.01165,1.0118,7.60,1.00
2010.09.02 09:07:30.613,1.01165,1.0118,7.60,2.00
2010.09.02 09:07:34.040,1.01165,1.0118,7.60,2.80
2010.09.02 09:07:34.830,1.01165,1.01185,7.60,11.00
2010.09.02 09:07:37.925,1.01165,1.01185,7.60,10.20
2010.09.02 09:07:39.536,1.01165,1.01185,9.20,10.20
2010.09.02 09:07:40.289,1.01165,1.01185,7.60,10.20
2010.09.02 09:07:41.088,1.01165,1.01185,8.00,8.80
2010.09.02 09:07:41.266,1.01165,1.01185,8.80,8.80
2010.09.02 09:07:42.066,1.01165,1.01185,13.00,7.50
2010.09.02 09:07:42.326,1.01165,1.01185,13.00,8.30
2010.09.02 09:07:43.376,1.01165,1.01185,12.00,8.50
2010.09.02 09:07:44.202,1.01165,1.0118,9.20,1.00
2010.09.02 09:07:44.526,1.01165,1.0118,7.20,2.00
2010.09.02 09:07:45.848,1.01165,1.0118,7.20,2.80
2010.09.02 09:07:49.570,1.01165,1.01175,5.60,1.60
2010.09.02 09:07:49.928,1.01155,1.01165,4.80,1.00
2010.09.02 09:07:50.039,1.01155,1.0117,2.40,4.20
2010.09.02 09:07:50.159,1.01155,1.0117,1.00,4.20
2010.09.02 09:07:50.269,1.01155,1.0117,1.00,4.60
2010.09.02 09:07:50.380,1.0115,1.0117,7.20,4.60
2010.09.02 09:07:51.060,1.0115,1.01165,6.40,1.00
2010.09.02 09:07:51.297,1.0114,1.01155,3.20,2.40
2010.09.02 09:07:51.536,1.0114,1.01145,3.20,1.00
2010.09.02 09:07:52.173,1.0114,1.01145,1.60,1.00
2010.09.02 09:07:52.509,1.01135,1.0115,3.20,1.60
2010.09.02 09:07:53.131,1.01135,1.01155,4.00,7.60
2010.09.02 09:07:53.448,1.01135,1.01155,4.00,4.80
2010.09.02 09:07:54.044,1.01135,1.01155,4.80,4.80
2010.09.02 09:07:54.398,1.01135,1.01155,6.40,4.80
2010.09.02 09:07:54.866,1.01135,1.01155,8.00,4.80
2010.09.02 09:07:55.876,1.01135,1.01155,8.00,4.00
2010.09.02 09:07:56.235,1.01135,1.01155,5.60,4.00
2010.09.02 09:07:57.648,1.01135,1.01155,6.00,4.00
2010.09.02 09:08:02.212,1.01135,1.01155,5.20,4.00
2010.09.02 09:08:03.310,1.01135,1.01155,4.80,5.60
2010.09.02 09:08:05.349,1.01135,1.01155,4.80,4.00
2010.09.02 09:08:09.846,1.01135,1.01155,4.80,2.40
2010.09.02 09:08:10.609,1.01135,1.01155,4.80,3.60
2010.09.02 09:08:10.810,1.01135,1.0115,1.60,2.40
2010.09.02 09:08:11.012,1.01135,1.0115,1.60,1.60
2010.09.02 09:08:11.329,1.01135,1.0115,1.60,2.40
2010.09.02 09:08:13.442,1.01135,1.0115,1.60,1.60
2010.09.02 09:08:17.311,1.01135,1.0115,1.60,2.40
2010.09.02 09:08:17.584,1.0114,1.0115,1.60,1.60
2010.09.02 09:08:19.384,1.01135,1.0115,2.40,1.60
2010.09.02 09:08:20.164,1.0114,1.0115,1.60,1.60
2010.09.02 09:08:20.985,1.0114,1.0115,1.60,1.00
2010.09.02 09:08:23.176,1.01135,1.0115,6.80,1.00
2010.09.02 09:08:23.524,1.01135,1.0115,5.20,1.00
2010.09.02 09:08:24.680,1.01135,1.0115,7.60,1.00
2010.09.02 09:08:24.910,1.0114,1.0115,1.60,1.60
2010.09.02 09:08:26.868,1.0114,1.01155,4.00,7.00
2010.09.02 09:08:27.746,1.01145,1.0116,2.80,2.40
2010.09.02 09:08:28.046,1.0115,1.01165,5.20,3.20
2010.09.02 09:08:28.341,1.01155,1.0117,3.60,4.80
2010.09.02 09:08:29.289,1.01165,1.0118,4.80,3.20
2010.09.02 09:08:29.644,1.0116,1.0118,7.60,4.00
2010.09.02 09:08:30.391,1.0116,1.0118,9.20,4.50
2010.09.02 09:08:30.677,1.0116,1.0118,9.60,3.20
2010.09.02 09:08:30.951,1.0116,1.0118,10.40,3.20
2010.09.02 09:08:31.236,1.01165,1.0118,1.00,2.00
2010.09.02 09:08:32.084,1.0117,1.0118,1.00,1.00
2010.09.02 09:08:32.377,1.0118,1.01195,1.60,4.00
2010.09.02 09:08:33.529,1.0118,1.0119,1.60,1.60
2010.09.02 09:08:33.879,1.0118,1.01195,1.60,4.00
2010.09.02 09:08:37.352,1.01185,1.01195,1.00,1.60
2010.09.02 09:08:37.470,1.0119,1.012,1.00,4.80
2010.09.02 09:08:37.587,1.0119,1.012,1.00,4.00
2010.09.02 09:08:38.263,1.0119,1.012,1.00,1.00
2010.09.02 09:08:38.623,1.01185,1.012,2.40,1.00
2010.09.02 09:08:38.970,1.01185,1.012,2.40,2.40
2010.09.02 09:08:39.322,1.01185,1.012,3.20,2.40
2010.09.02 09:08:40.501,1.0119,1.012,1.00,1.60
2010.09.02 09:08:41.817,1.0119,1.012,3.20,1.60
2010.09.02 09:08:42.068,1.01195,1.01205,1.00,1.00
2010.09.02 09:08:42.313,1.01195,1.01205,1.00,2.40
2010.09.02 09:08:45.308,1.01195,1.01205,1.00,1.60
2010.09.02 09:08:48.227,1.0119,1.01205,6.40,1.60
2010.09.02 09:08:48.534,1.0119,1.01205,5.60,1.60
2010.09.02 09:08:50.206,1.0119,1.01205,5.60,1.00
2010.09.02 09:08:50.420,1.0119,1.01205,4.80,1.00
2010.09.02 09:08:50.642,1.0119,1.0121,6.40,6.40
2010.09.02 09:08:51.129,1.0119,1.01205,6.40,1.60
2010.09.02 09:08:52.042,1.01195,1.0121,1.00,3.20
2010.09.02 09:08:52.235,1.01195,1.0121,1.60,3.20
2010.09.02 09:08:52.337,1.01195,1.0121,1.60,1.60
2010.09.02 09:08:52.438,1.012,1.0121,1.60,1.60
2010.09.02 09:08:52.536,1.012,1.0121,4.80,1.60
2010.09.02 09:08:53.495,1.012,1.01215,6.40,1.60
2010.09.02 09:08:55.101,1.012,1.01215,4.00,1.60
2010.09.02 09:08:56.450,1.012,1.01215,7.20,1.60
2010.09.02 09:08:58.571,1.012,1.0121,2.40,1.60
2010.09.02 09:08:58.717,1.012,1.0121,2.40,1.00
2010.09.02 09:08:58.869,1.01195,1.01215,8.00,8.00
2010.09.02 09:08:59.020,1.012,1.01215,2.40,6.30
2010.09.02 09:08:59.652,1.01195,1.01215,4.00,4.70
2010.09.02 09:08:59.888,1.0119,1.01205,4.00,1.00
2010.09.02 09:09:00.109,1.0119,1.01205,4.00,2.40
2010.09.02 09:09:07.255,1.0119,1.01205,3.20,2.40
2010.09.02 09:09:08.047,1.0119,1.01205,4.00,1.60
2010.09.02 09:09:08.807,1.0119,1.0121,4.00,7.20
2010.09.02 09:09:11.668,1.0119,1.0121,4.00,8.00
2010.09.02 09:09:17.373,1.0119,1.0121,5.60,6.40
2010.09.02 09:09:17.819,1.0119,1.0121,5.60,5.60
2010.09.02 09:09:18.852,1.0119,1.0121,5.60,7.20
2010.09.02 09:09:19.511,1.0119,1.01205,4.80,1.00
2010.09.02 09:09:20.335,1.0119,1.01205,5.60,1.00
2010.09.02 09:09:20.685,1.0119,1.01205,6.40,1.00
2010.09.02 09:09:20.847,1.0119,1.01205,5.60,1.00
2010.09.02 09:09:21.637,1.0119,1.01205,4.80,1.00
2010.09.02 09:09:22.558,1.0119,1.01205,3.20,1.00
2010.09.02 09:09:27.137,1.0119,1.01205,2.40,1.00
2010.09.02 09:09:27.349,1.0119,1.0121,2.40,8.00
2010.09.02 09:09:28.003,1.0119,1.0121,1.60,8.80
2010.09.02 09:09:28.317,1.01195,1.0121,1.60,3.20
2010.09.02 09:09:28.628,1.01195,1.0121,1.70,3.20
2010.09.02 09:09:31.195,1.01195,1.0121,1.70,3.20
2010.09.02 09:09:32.784,1.01195,1.0121,1.60,3.20
2010.09.02 09:09:33.011,1.01195,1.0121,1.00,4.00
2010.09.02 09:09:33.675,1.01195,1.0121,1.80,3.20
2010.09.02 09:09:33.976,1.012,1.0121,1.00,1.60
2010.09.02 09:09:35.952,1.012,1.01215,2.60,8.20
2010.09.02 09:09:36.721,1.01205,1.01215,1.00,1.80
2010.09.02 09:09:36.995,1.0121,1.0123,8.40,4.80
2010.09.02 09:09:37.180,1.0121,1.0123,9.20,3.20
2010.09.02 09:09:37.368,1.01215,1.0123,1.00,2.40
2010.09.02 09:09:42.048,1.01215,1.0123,1.00,4.80
2010.09.02 09:09:42.137,1.01215,1.01225,1.00,1.60
2010.09.02 09:09:43.734,1.01215,1.0123,1.00,5.60
2010.09.02 09:09:44.664,1.01215,1.0123,1.00,2.40
2010.09.02 09:09:47.857,1.01215,1.01225,1.00,1.60
2010.09.02 09:09:48.071,1.01215,1.0123,4.80,1.60
2010.09.02 09:09:48.396,1.01215,1.0123,8.00,1.60
2010.09.02 09:09:49.558,1.01215,1.0123,5.60,1.60
2010.09.02 09:09:49.841,1.01215,1.0123,8.00,1.60
2010.09.02 09:09:50.122,1.0122,1.0123,4.00,1.60
2010.09.02 09:09:50.396,1.0122,1.01235,5.60,2.10
2010.09.02 09:09:50.596,1.0122,1.01235,5.60,1.80
2010.09.02 09:09:51.603,1.01225,1.01235,1.00,1.80
2010.09.02 09:09:51.705,1.01225,1.0124,2.40,2.40
2010.09.02 09:09:51.809,1.01225,1.0124,1.60,4.20
2010.09.02 09:09:51.911,1.01225,1.01235,1.60,1.60
2010.09.02 09:09:52.010,1.0122,1.01235,6.40,1.60
2010.09.02 09:09:52.107,1.0122,1.01235,4.00,1.60
2010.09.02 09:09:53.043,1.0122,1.01235,3.20,1.60
2010.09.02 09:09:53.385,1.0122,1.01235,4.00,1.60
2010.09.02 09:09:54.303,1.0122,1.01235,1.60,1.60
2010.09.02 09:09:54.657,1.01225,1.01235,1.60,1.60
2010.09.02 09:09:55.003,1.01225,1.0124,1.60,6.40
2010.09.02 09:09:59.361,1.01225,1.0124,1.00,6.40
2010.09.02 09:10:00.205,1.01225,1.0124,3.20,1.60
2010.09.02 09:10:00.304,1.0123,1.0124,1.00,1.60
2010.09.02 09:10:01.447,1.01225,1.0124,6.00,1.60
2010.09.02 09:10:02.133,1.01225,1.0124,3.60,4.00
2010.09.02 09:10:02.273,1.01225,1.0124,1.60,5.60
2010.09.02 09:10:03.837,1.0123,1.0124,1.00,5.60
2010.09.02 09:10:08.759,1.0123,1.0124,1.60,5.60
2010.09.02 09:10:08.917,1.0123,1.01245,1.60,4.00
2010.09.02 09:10:09.079,1.0123,1.01245,3.20,1.60
2010.09.02 09:10:10.112,1.0124,1.01245,1.00,1.60
2010.09.02 09:10:10.463,1.01225,1.0124,9.60,1.00
2010.09.02 09:10:10.576,1.0123,1.0124,2.40,1.00
2010.09.02 09:10:11.261,1.0123,1.0124,4.00,1.00
2010.09.02 09:10:11.569,1.01225,1.0124,4.80,2.60
2010.09.02 09:10:11.873,1.0122,1.01235,8.40,1.60
2010.09.02 09:10:12.493,1.0122,1.01235,7.60,1.60
2010.09.02 09:10:12.796,1.0122,1.01235,6.40,1.60
2010.09.02 09:10:13.100,1.0122,1.01235,4.00,4.00
2010.09.02 09:10:13.985,1.0122,1.01235,3.20,1.60
2010.09.02 09:10:14.338,1.01235,1.0124,1.00,1.60
2010.09.02 09:10:15.225,1.01235,1.01245,1.00,1.80
2010.09.02 09:10:15.698,1.01235,1.01245,1.60,1.60
2010.09.02 09:10:16.667,1.0122,1.0124,13.20,4.20
2010.09.02 09:10:17.013,1.01225,1.0124,2.40,3.40
2010.09.02 09:10:17.811,1.01225,1.0124,3.20,2.60
2010.09.02 09:10:18.057,1.0123,1.0125,8.80,6.60
2010.09.02 09:10:18.303,1.01235,1.0125,1.00,4.20
2010.09.02 09:10:19.598,1.01235,1.01245,1.00,1.60
2010.09.02 09:10:20.279,1.01235,1.01245,1.00,2.40
2010.09.02 09:10:21.823,1.01235,1.0124,1.00,1.60
2010.09.02 09:10:22.446,1.01235,1.01245,1.00,7.20
2010.09.02 09:10:22.704,1.01235,1.0124,1.00,2.60
2010.09.02 09:10:23.630,1.01225,1.01235,1.00,1.00
2010.09.02 09:10:23.951,1.01215,1.0123,3.20,2.60
2010.09.02 09:10:24.850,1.01215,1.0123,3.20,2.60
2010.09.02 09:10:25.187,1.01215,1.01225,1.60,1.00
2010.09.02 09:10:25.529,1.01215,1.01225,1.60,1.00
2010.09.02 09:10:26.423,1.01215,1.01225,2.40,1.00
2010.09.02 09:10:26.604,1.01215,1.0123,2.40,4.20
2010.09.02 09:10:26.782,1.01215,1.0123,1.00,5.00
2010.09.02 09:10:27.506,1.0121,1.01225,8.80,1.00
2010.09.02 09:10:27.838,1.012,1.0121,2.40,1.80
2010.09.02 09:10:28.730,1.012,1.01205,1.00,1.00
2010.09.02 09:10:29.039,1.0119,1.012,1.60,1.00
2010.09.02 09:10:29.939,1.0119,1.01205,4.80,1.80
2010.09.02 09:10:30.302,1.01195,1.01205,3.20,1.00
2010.09.02 09:10:31.247,1.01195,1.01205,3.20,1.00
2010.09.02 09:10:31.538,1.01195,1.01205,3.20,1.60
2010.09.02 09:10:31.827,1.01195,1.0121,5.60,2.60
2010.09.02 09:10:32.413,1.01195,1.0121,5.60,1.80
2010.09.02 09:10:32.726,1.01195,1.0121,6.40,1.00
2010.09.02 09:10:33.043,1.01205,1.01215,1.00,10.40
2010.09.02 09:10:33.920,1.0121,1.0122,1.00,1.00
2010.09.02 09:10:34.272,1.01205,1.0122,4.00,1.60
2010.09.02 09:10:34.609,1.0121,1.0122,1.00,1.60
2010.09.02 09:10:35.519,1.0121,1.0122,1.00,2.40
2010.09.02 09:10:35.794,1.01205,1.0122,4.00,2.40
2010.09.02 09:10:38.476,1.01205,1.0122,2.40,2.40
2010.09.02 09:10:41.378,1.01205,1.0122,2.40,3.20
2010.09.02 09:10:41.560,1.01205,1.0122,2.50,2.40
2010.09.02 09:10:41.929,1.01205,1.0122,6.50,1.00
2010.09.02 09:10:42.122,1.01215,1.0122,3.20,1.00
2010.09.02 09:10:42.309,1.01215,1.01225,4.00,1.00
2010.09.02 09:10:43.023,1.01215,1.0123,8.00,1.60
2010.09.02 09:10:43.365,1.01225,1.0124,3.20,3.20
2010.09.02 09:10:45.505,1.01225,1.0124,3.20,1.60
2010.09.02 09:10:48.900,1.0123,1.01245,2.40,5.60
2010.09.02 09:10:49.134,1.0123,1.01245,2.40,3.20
2010.09.02 09:10:55.205,1.01235,1.01245,1.10,3.20
2010.09.02 09:10:58.058,1.01235,1.01245,1.10,2.40
2010.09.02 09:11:00.715,1.01235,1.01245,1.10,3.20
2010.09.02 09:11:03.076,1.01235,1.0125,2.00,4.00
2010.09.02 09:11:03.328,1.01235,1.0125,2.00,3.20
2010.09.02 09:11:04.259,1.01235,1.0125,1.90,3.20
2010.09.02 09:11:04.600,1.01235,1.01245,1.90,1.60
2010.09.02 09:11:05.466,1.01235,1.01245,1.10,1.60
2010.09.02 09:11:05.714,1.01235,1.01245,1.10,1.60
2010.09.02 09:11:09.113,1.01235,1.01245,1.00,1.60
2010.09.02 09:11:10.613,1.01235,1.01245,1.00,1.60
2010.09.02 09:11:12.621,1.01235,1.01245,2.00,1.60
2010.09.02 09:11:12.740,1.01235,1.0125,2.00,3.20
2010.09.02 09:11:13.526,1.01235,1.0125,2.80,3.20
2010.09.02 09:11:16.139,1.01235,1.0125,1.70,3.20
2010.09.02 09:11:16.418,1.01235,1.0125,2.10,3.20
2010.09.02 09:11:17.083,1.01235,1.0125,2.90,3.20
2010.09.02 09:11:17.666,1.01235,1.0125,3.20,3.20
2010.09.02 09:11:19.062,1.01235,1.0125,6.20,1.60
2010.09.02 09:11:20.035,1.01235,1.0125,4.40,1.00
2010.09.02 09:11:20.352,1.01235,1.0125,5.20,2.40
2010.09.02 09:11:21.320,1.01235,1.0125,4.00,4.00
2010.09.02 09:11:21.672,1.01235,1.0125,3.20,4.00
2010.09.02 09:11:23.816,1.01235,1.0125,3.20,4.80
2010.09.02 09:11:23.904,1.01235,1.0125,3.20,4.00
2010.09.02 09:11:26.269,1.01235,1.0125,3.30,1.60
2010.09.02 09:11:26.327,1.01235,1.0125,4.10,1.60
2010.09.02 09:11:26.477,1.01235,1.0125,4.90,1.00
2010.09.02 09:11:26.577,1.01235,1.0125,9.70,1.00
2010.09.02 09:11:27.640,1.0124,1.01255,1.00,6.40
2010.09.02 09:11:27.990,1.0124,1.0126,1.00,15.80
2010.09.02 09:11:28.338,1.0124,1.0126,1.60,17.10
2010.09.02 09:11:28.607,1.0124,1.0126,1.60,15.50
2010.09.02 09:11:34.525,1.01245,1.01255,2.40,1.10
2010.09.02 09:11:34.778,1.01245,1.0126,2.40,3.60
2010.09.02 09:11:35.600,1.01245,1.0126,1.60,3.60
2010.09.02 09:11:35.850,1.0124,1.0126,8.80,6.80
2010.09.02 09:11:36.128,1.0124,1.0126,7.20,6.80
2010.09.02 09:11:37.992,1.01245,1.0126,1.60,4.40
2010.09.02 09:11:38.087,1.01245,1.0126,4.00,4.40
2010.09.02 09:11:38.189,1.01245,1.0126,5.60,4.50
2010.09.02 09:11:38.287,1.01245,1.0126,7.20,4.50
2010.09.02 09:11:39.287,1.01245,1.01255,8.00,1.00
2010.09.02 09:11:40.321,1.0125,1.0126,1.00,1.00
2010.09.02 09:11:40.631,1.0125,1.0127,3.20,11.40
2010.09.02 09:11:41.453,1.0125,1.0127,6.40,11.40
2010.09.02 09:11:41.561,1.0125,1.0127,6.40,10.60
2010.09.02 09:11:41.651,1.0125,1.0127,7.20,9.00
2010.09.02 09:11:41.738,1.0125,1.0127,7.20,9.00
2010.09.02 09:11:42.454,1.0125,1.0127,7.20,9.00
2010.09.02 09:11:42.801,1.0125,1.0127,6.40,9.80
2010.09.02 09:11:43.152,1.0125,1.0127,6.40,10.60
2010.09.02 09:11:43.932,1.0125,1.0126,5.60,1.00
2010.09.02 09:11:46.277,1.0125,1.0126,5.60,1.00
2010.09.02 09:11:46.491,1.0125,1.0126,5.60,1.00
2010.09.02 09:11:46.702,1.0125,1.0126,6.40,1.00
2010.09.02 09:11:50.582,1.0125,1.01265,8.00,1.00
2010.09.02 09:11:50.633,1.0125,1.0127,8.80,5.00
2010.09.02 09:11:50.812,1.0125,1.0127,8.00,5.00
2010.09.02 09:11:52.697,1.0125,1.01265,8.00,2.40
2010.09.02 09:11:52.745,1.0125,1.01265,6.40,2.40
2010.09.02 09:11:52.801,1.0125,1.0127,6.40,5.00
2010.09.02 09:11:52.856,1.0125,1.0127,4.80,5.00
2010.09.02 09:11:53.539,1.0125,1.0127,6.40,9.00
2010.09.02 09:11:54.344,1.0125,1.0126,6.40,1.00
2010.09.02 09:11:56.311,1.0125,1.01265,7.20,2.40
2010.09.02 09:11:57.768,1.0125,1.0127,6.40,6.60
2010.09.02 09:11:58.664,1.0125,1.01265,7.20,2.40
2010.09.02 09:11:58.906,1.0125,1.01265,8.00,1.00
2010.09.02 09:12:00.236,1.0125,1.01265,8.80,1.00
2010.09.02 09:12:01.390,1.0125,1.01265,8.00,1.00
2010.09.02 09:12:02.258,1.0125,1.01265,8.00,2.40
2010.09.02 09:12:03.158,1.0125,1.01265,7.20,3.20
2010.09.02 09:12:03.438,1.0125,1.01265,1.60,4.00
2010.09.02 09:12:04.273,1.0125,1.01265,5.60,1.00
2010.09.02 09:12:04.625,1.0125,1.01265,7.20,1.00
2010.09.02 09:12:06.013,1.0125,1.01265,6.40,1.00
2010.09.02 09:12:06.428,1.0125,1.01265,6.40,2.40
2010.09.02 09:12:08.052,1.01255,1.01265,4.00,2.40
2010.09.02 09:12:08.372,1.01255,1.0127,5.60,2.40
2010.09.02 09:12:08.719,1.01255,1.0127,7.20,2.40
2010.09.02 09:12:09.466,1.01255,1.0127,6.40,4.00
2010.09.02 09:12:09.635,1.01255,1.0127,1.60,4.90
2010.09.02 09:12:11.899,1.01255,1.01265,3.30,1.00
2010.09.02 09:12:12.164,1.01255,1.0127,5.60,3.20
2010.09.02 09:12:12.418,1.01255,1.0127,4.80,3.20
2010.09.02 09:12:12.669,1.01255,1.0127,3.20,3.20
2010.09.02 09:12:14.221,1.01255,1.0127,1.60,3.20
2010.09.02 09:12:14.512,1.01255,1.0127,1.00,4.80
2010.09.02 09:12:15.099,1.01255,1.0127,1.00,6.40
2010.09.02 09:12:15.444,1.01255,1.0127,1.00,4.80
2010.09.02 09:12:19.884,1.0125,1.01265,7.20,1.00
2010.09.02 09:12:22.584,1.0125,1.0127,6.40,7.20
2010.09.02 09:12:22.828,1.0125,1.0127,6.40,7.20
2010.09.02 09:12:26.916,1.01255,1.0127,1.00,4.80
2010.09.02 09:12:27.061,1.01255,1.01275,1.00,15.00
2010.09.02 09:12:28.175,1.01255,1.01275,1.60,16.30
2010.09.02 09:12:31.924,1.0126,1.01275,4.80,4.00
2010.09.02 09:12:32.050,1.0126,1.01275,4.80,2.40
2010.09.02 09:12:32.287,1.0126,1.01275,6.40,2.40
2010.09.02 09:12:32.827,1.0126,1.01275,6.40,1.60
2010.09.02 09:12:34.639,1.0126,1.0127,4.80,1.00
2010.09.02 09:12:36.116,1.0126,1.01275,2.40,9.80
2010.09.02 09:12:36.297,1.01255,1.01275,2.40,18.20
2010.09.02 09:12:37.369,1.01255,1.01275,1.60,18.20
2010.09.02 09:12:38.902,1.01255,1.0127,4.00,3.40
2010.09.02 09:12:39.228,1.01255,1.0127,2.40,3.40
2010.09.02 09:12:42.497,1.01255,1.0127,2.40,2.60
2010.09.02 09:12:42.819,1.01255,1.0127,4.00,2.60
2010.09.02 09:12:43.711,1.0126,1.01275,7.20,1.00
2010.09.02 09:12:44.800,1.01265,1.01285,1.00,19.40
2010.09.02 09:12:45.087,1.0127,1.0129,1.60,9.60
2010.09.02 09:12:45.365,1.0127,1.0129,6.40,6.40
2010.09.02 09:12:46.221,1.0127,1.0129,8.00,8.00
2010.09.02 09:12:47.245,1.0127,1.01285,8.80,1.00
2010.09.02 09:12:48.119,1.0127,1.01285,7.20,1.00
2010.09.02 09:12:48.265,1.0127,1.01285,8.80,1.00
2010.09.02 09:12:51.322,1.0127,1.01285,7.20,3.20
2010.09.02 09:12:51.512,1.0127,1.0128,1.60,1.60
2010.09.02 09:12:51.701,1.01265,1.0128,2.40,4.00
2010.09.02 09:12:52.673,1.01265,1.0128,2.40,5.00
2010.09.02 09:12:52.977,1.01265,1.01275,1.60,1.00
2010.09.02 09:12:53.271,1.0126,1.01275,4.80,1.00
2010.09.02 09:12:53.567,1.0126,1.01275,4.80,1.60
2010.09.02 09:12:55.452,1.0126,1.01275,4.80,2.40
2010.09.02 09:13:10.382,1.01265,1.01275,1.60,1.00
2010.09.02 09:13:10.529,1.0126,1.01275,8.00,1.00
2010.09.02 09:13:10.667,1.0126,1.01275,8.80,1.00
2010.09.02 09:13:11.539,1.01265,1.0128,4.80,1.00
2010.09.02 09:13:11.792,1.01265,1.0128,4.00,1.00
2010.09.02 09:13:13.117,1.0127,1.01285,1.00,6.40
2010.09.02 09:13:13.371,1.0127,1.01285,1.00,4.80
2010.09.02 09:13:15.498,1.0127,1.01285,7.20,1.00
2010.09.02 09:13:15.668,1.0127,1.01285,8.80,1.00
2010.09.02 09:13:17.675,1.0127,1.01285,9.60,1.00
2010.09.02 09:13:19.660,1.0127,1.01285,8.80,1.00
2010.09.02 09:13:19.963,1.01275,1.01285,1.00,1.00
2010.09.02 09:13:22.484,1.0127,1.01285,8.00,1.00
2010.09.02 09:13:22.759,1.0127,1.01285,7.20,2.40
2010.09.02 09:13:23.039,1.0127,1.01285,4.80,3.20
2010.09.02 09:13:23.878,1.01275,1.01285,1.00,1.00
2010.09.02 09:13:30.032,1.01275,1.01285,1.00,1.00
2010.09.02 09:13:30.722,1.0127,1.01285,4.80,1.00
2010.09.02 09:13:33.109,1.0127,1.01285,6.40,1.00
2010.09.02 09:13:33.207,1.0127,1.01285,4.80,1.00
2010.09.02 09:13:33.366,1.0127,1.01285,4.80,1.00
2010.09.02 09:13:33.416,1.0127,1.01285,7.20,1.00
2010.09.02 09:13:36.969,1.0127,1.0128,1.60,2.40
2010.09.02 09:13:37.047,1.01265,1.0128,4.40,1.00
2010.09.02 09:13:37.121,1.01265,1.01285,3.20,4.80
2010.09.02 09:13:37.196,1.01265,1.0128,3.20,1.60
2010.09.02 09:13:37.403,1.01265,1.0128,2.40,2.40
2010.09.02 09:13:38.373,1.01265,1.0128,1.60,2.40
2010.09.02 09:13:38.837,1.01265,1.0128,1.60,1.00
2010.09.02 09:13:39.806,1.01265,1.0128,4.50,1.00
2010.09.02 09:13:41.089,1.0127,1.0128,1.00,1.00
2010.09.02 09:13:41.692,1.01265,1.0128,3.70,1.00
2010.09.02 09:13:42.556,1.01265,1.0128,1.60,2.40
2010.09.02 09:13:42.814,1.01265,1.0128,1.00,3.20
2010.09.02 09:13:47.466,1.01265,1.0128,1.00,4.80
2010.09.02 09:13:48.019,1.01265,1.0128,1.00,3.20
2010.09.02 09:13:48.876,1.01265,1.0128,1.00,4.80
2010.09.02 09:13:51.663,1.01265,1.0128,1.00,6.40
2010.09.02 09:13:52.774,1.01265,1.0128,1.60,4.80
2010.09.02 09:13:56.546,1.01265,1.0128,1.60,3.20
2010.09.02 09:13:58.126,1.01265,1.0128,1.60,4.80
2010.09.02 09:14:00.320,1.01265,1.01275,1.60,2.40
2010.09.02 09:14:00.407,1.01265,1.01275,1.00,1.60
2010.09.02 09:14:00.587,1.01265,1.0128,1.00,6.40
2010.09.02 09:14:04.492,1.01265,1.01275,1.00,1.60
2010.09.02 09:14:32.955,1.0126,1.01275,4.80,2.40
2010.09.02 09:14:32.998,1.0126,1.01275,4.80,3.20
2010.09.02 09:14:33.038,1.0126,1.01275,2.40,3.20
2010.09.02 09:14:33.116,1.0126,1.0127,1.60,1.00
2010.09.02 09:14:33.229,1.0126,1.0127,1.60,2.40
2010.09.02 09:14:33.353,1.0126,1.0127,1.00,2.40
2010.09.02 09:14:33.985,1.01255,1.01265,1.00,2.40
2010.09.02 09:14:34.324,1.0125,1.0126,3.20,1.00
2010.09.02 09:14:34.660,1.01245,1.01255,1.60,2.60
2010.09.02 09:14:34.999,1.0124,1.0125,1.60,1.60
2010.09.02 09:14:35.872,1.01235,1.0124,1.00,1.00
2010.09.02 09:14:36.214,1.01225,1.01235,2.40,1.00
2010.09.02 09:14:36.308,1.01225,1.0124,2.40,6.20
2010.09.02 09:14:36.397,1.01225,1.0124,3.20,2.60
2010.09.02 09:14:36.487,1.01225,1.0124,4.80,1.60
2010.09.02 09:14:36.580,1.01225,1.0124,4.80,1.00
2010.09.02 09:14:36.757,1.0123,1.0124,1.00,1.00
2010.09.02 09:14:37.926,1.0123,1.01245,1.00,3.20
2010.09.02 09:14:38.130,1.0123,1.01245,1.00,4.00
2010.09.02 09:14:39.121,1.0123,1.01245,1.00,3.20
2010.09.02 09:14:40.761,1.0123,1.01245,2.40,2.40
2010.09.02 09:14:41.500,1.01235,1.0125,1.60,3.20
2010.09.02 09:14:41.853,1.01235,1.0125,2.40,3.20
2010.09.02 09:14:45.897,1.01235,1.0125,2.40,2.40
2010.09.02 09:14:48.566,1.01235,1.0125,2.40,1.00
2010.09.02 09:14:50.269,1.01235,1.0125,4.00,1.00
2010.09.02 09:14:52.662,1.01235,1.0125,4.00,1.00
2010.09.02 09:14:53.543,1.01235,1.0125,4.80,1.00
2010.09.02 09:14:54.930,1.01235,1.0125,4.00,1.00
2010.09.02 09:14:56.716,1.01235,1.0125,2.40,1.00
2010.09.02 09:14:56.979,1.01235,1.0125,4.00,1.00
2010.09.02 09:15:11.779,1.01235,1.01245,4.00,1.00
2010.09.02 09:15:11.916,1.0123,1.01245,4.80,1.00
2010.09.02 09:15:13.042,1.0123,1.0125,4.80,8.80
2010.09.02 09:15:17.251,1.0123,1.01245,4.80,1.60
2010.09.02 09:15:17.591,1.0123,1.01245,4.80,2.40
2010.09.02 09:15:18.757,1.0123,1.01245,4.80,2.40
2010.09.02 09:15:24.426,1.0123,1.01245,7.20,1.60
2010.09.02 09:15:24.537,1.0123,1.01245,7.20,1.00
2010.09.02 09:15:24.977,1.01235,1.01245,1.00,1.00
2010.09.02 09:15:26.353,1.01235,1.01245,3.60,1.00
2010.09.02 09:15:26.592,1.01255,1.0127,6.40,1.60
2010.09.02 09:15:26.826,1.01255,1.0127,6.40,1.00
2010.09.02 09:15:27.530,1.0126,1.01275,1.00,6.40
2010.09.02 09:15:27.813,1.0126,1.01275,1.00,5.60
2010.09.02 09:15:29.603,1.01255,1.01275,3.30,6.40
2010.09.02 09:15:37.412,1.01255,1.01275,3.20,6.40
2010.09.02 09:15:39.245,1.01255,1.01275,3.20,4.80
2010.09.02 09:15:40.036,1.01255,1.01275,2.40,4.80
2010.09.02 09:15:41.017,1.01255,1.01275,3.20,4.00
2010.09.02 09:15:41.713,1.01265,1.01275,2.40,4.00
2010.09.02 09:15:41.970,1.01265,1.01275,4.00,1.00
2010.09.02 09:15:42.167,1.0128,1.01285,1.00,7.60
2010.09.02 09:15:42.886,1.01275,1.01285,2.00,1.60
2010.09.02 09:15:43.077,1.0127,1.01285,3.20,1.60
2010.09.02 09:15:43.404,1.0127,1.01285,3.20,2.40
2010.09.02 09:15:44.147,1.0127,1.01285,3.20,3.20
2010.09.02 09:15:44.484,1.0127,1.01285,2.40,2.40
2010.09.02 09:15:44.812,1.0127,1.01285,2.40,1.00
2010.09.02 09:15:46.395,1.0127,1.01285,2.40,1.60
2010.09.02 09:15:47.928,1.0127,1.01285,2.40,2.40
2010.09.02 09:15:48.083,1.0127,1.01285,1.60,3.20
2010.09.02 09:15:49.051,1.0127,1.01285,1.60,2.40
2010.09.02 09:15:54.516,1.0127,1.01285,1.60,1.60
2010.09.02 09:15:55.680,1.0127,1.01285,1.60,3.20
2010.09.02 09:15:55.977,1.01275,1.01285,1.70,2.40
2010.09.02 09:15:56.132,1.01275,1.0129,4.90,2.40
2010.09.02 09:15:56.874,1.0128,1.0129,1.60,1.60
2010.09.02 09:15:57.034,1.0128,1.0129,1.60,1.60
2010.09.02 09:15:57.549,1.0128,1.0129,1.60,1.00
2010.09.02 09:15:58.665,1.0128,1.01295,1.60,5.60
2010.09.02 09:16:01.675,1.0128,1.01295,2.40,4.80
2010.09.02 09:16:03.145,1.0128,1.01295,2.40,3.20
2010.09.02 09:16:05.531,1.0128,1.01295,2.40,4.80
2010.09.02 09:16:05.685,1.0128,1.01295,2.40,3.20
2010.09.02 09:16:08.514,1.0128,1.01295,3.20,1.60
2010.09.02 09:16:09.665,1.0128,1.01295,2.40,1.60
2010.09.02 09:16:09.963,1.0128,1.01295,2.40,3.20
2010.09.02 09:16:10.947,1.0128,1.01295,2.40,2.40
2010.09.02 09:16:11.159,1.0128,1.01295,1.60,2.40
2010.09.02 09:16:11.577,1.0128,1.01295,1.60,1.60
2010.09.02 09:16:11.787,1.0128,1.01295,1.60,2.40
2010.09.02 09:16:16.024,1.0128,1.01295,1.60,4.00
2010.09.02 09:16:18.019,1.0128,1.01295,1.60,2.40
2010.09.02 09:16:21.121,1.0128,1.01295,1.60,1.60
2010.09.02 09:16:23.342,1.0128,1.01295,1.60,3.20
2010.09.02 09:16:24.456,1.0128,1.0129,1.00,1.00
2010.09.02 09:16:25.350,1.0128,1.01295,1.60,7.20
2010.09.02 09:16:25.540,1.0128,1.01295,2.40,2.40
2010.09.02 09:16:26.335,1.0128,1.013,8.00,6.40
2010.09.02 09:16:26.566,1.01285,1.013,1.00,4.00
2010.09.02 09:16:26.791,1.01285,1.013,1.00,5.60
2010.09.02 09:16:27.593,1.01285,1.013,1.00,4.00
2010.09.02 09:16:28.403,1.01285,1.013,1.00,5.60
2010.09.02 09:16:29.186,1.0128,1.01295,6.40,1.00
2010.09.02 09:16:29.539,1.0128,1.01295,4.00,1.60
2010.09.02 09:16:30.461,1.0128,1.01295,5.60,1.60
2010.09.02 09:16:31.369,1.0128,1.01295,5.60,2.40
2010.09.02 09:16:31.647,1.0128,1.01295,8.00,2.40
2010.09.02 09:16:31.735,1.0128,1.01295,8.80,1.60
2010.09.02 09:16:31.829,1.0128,1.01295,9.60,1.00
2010.09.02 09:16:31.926,1.0128,1.01295,8.00,1.00
2010.09.02 09:16:32.971,1.0128,1.01295,8.80,1.00
2010.09.02 09:16:33.481,1.0128,1.01295,7.20,1.00
2010.09.02 09:16:36.279,1.0128,1.01295,8.80,1.00
2010.09.02 09:16:38.365,1.0128,1.01295,9.60,1.00
2010.09.02 09:16:39.927,1.0128,1.01295,6.40,1.60
2010.09.02 09:16:45.370,1.0128,1.01295,6.40,3.20
2010.09.02 09:16:47.010,1.0128,1.0129,1.60,1.00
2010.09.02 09:16:48.146,1.01275,1.0129,5.10,1.00
2010.09.02 09:16:51.456,1.01275,1.0129,5.00,1.00
2010.09.02 09:16:51.758,1.01275,1.0129,4.90,1.00
2010.09.02 09:16:54.860,1.01275,1.0129,4.10,1.00
2010.09.02 09:16:55.177,1.01275,1.0129,4.00,1.00
2010.09.02 09:16:55.501,1.01275,1.0129,1.00,3.20
2010.09.02 09:16:58.006,1.01275,1.0129,2.40,3.20
2010.09.02 09:16:58.699,1.01275,1.0129,1.00,3.20
2010.09.02 09:16:58.968,1.01275,1.0129,1.60,1.00
2010.09.02 09:16:59.239,1.01275,1.0129,1.00,1.60
2010.09.02 09:16:59.508,1.01275,1.0129,1.00,2.40
2010.09.02 09:16:59.777,1.01275,1.0129,1.00,3.20
2010.09.02 09:17:00.048,1.01275,1.0129,1.00,4.00
2010.09.02 09:17:00.876,1.01275,1.0129,1.00,5.60
2010.09.02 09:17:01.866,1.01275,1.0129,1.00,7.20
2010.09.02 09:17:02.214,1.0127,1.01285,9.00,1.00
2010.09.02 09:17:04.204,1.0127,1.01285,8.20,1.60
2010.09.02 09:17:04.396,1.0127,1.0128,1.00,2.40
2010.09.02 09:17:05.180,1.0126,1.01265,2.40,1.00
2010.09.02 09:17:06.116,1.01255,1.01265,4.80,1.00
2010.09.02 09:17:06.420,1.0124,1.01255,6.40,1.00
2010.09.02 09:17:06.711,1.0124,1.01255,4.80,1.60
2010.09.02 09:17:07.000,1.0124,1.01255,4.80,2.40
2010.09.02 09:17:09.980,1.01245,1.01255,1.60,1.60
2010.09.02 09:17:11.889,1.01245,1.01255,4.40,1.00
2010.09.02 09:17:12.505,1.01245,1.01255,1.60,1.00
2010.09.02 09:17:12.667,1.01245,1.01255,1.60,1.00
2010.09.02 09:17:18.591,1.01245,1.0126,4.40,2.40
2010.09.02 09:17:18.847,1.01245,1.0126,4.30,2.40
2010.09.02 09:17:20.819,1.01245,1.0126,3.50,2.40
2010.09.02 09:17:22.457,1.0125,1.0126,1.00,2.40
2010.09.02 09:17:23.325,1.01255,1.01265,1.60,7.00
2010.09.02 09:17:23.390,1.01255,1.01265,1.60,1.20
2010.09.02 09:17:23.746,1.01265,1.0127,1.00,1.00
2010.09.02 09:17:24.658,1.01275,1.0128,1.00,2.00
2010.09.02 09:17:24.963,1.01275,1.0129,1.60,9.60
2010.09.02 09:17:26.327,1.0128,1.0129,4.00,2.40
2010.09.02 09:17:26.525,1.01285,1.013,1.00,6.00
2010.09.02 09:17:26.723,1.01285,1.01295,1.00,1.00
2010.09.02 09:17:27.668,1.0129,1.013,1.00,1.00
2010.09.02 09:17:28.013,1.0129,1.01305,1.00,8.30
2010.09.02 09:17:29.235,1.0129,1.01305,3.20,3.30
2010.09.02 09:17:29.562,1.0129,1.01305,8.00,1.00
2010.09.02 09:17:29.822,1.01295,1.01305,1.00,1.00
2010.09.02 09:17:30.694,1.01295,1.01305,1.60,1.00
2010.09.02 09:17:30.902,1.01295,1.01305,3.20,1.00
2010.09.02 09:17:31.112,1.01295,1.01305,5.60,1.00
2010.09.02 09:17:31.877,1.01295,1.01305,4.00,1.00
2010.09.02 09:17:32.158,1.01295,1.0131,3.30,3.20
2010.09.02 09:17:33.004,1.01295,1.0131,4.10,2.40
2010.09.02 09:17:33.290,1.01295,1.0131,1.60,3.20
2010.09.02 09:17:34.505,1.01295,1.0131,1.60,4.80
2010.09.02 09:17:35.417,1.01295,1.0131,1.60,4.00
2010.09.02 09:17:35.648,1.01295,1.0131,1.60,4.80
2010.09.02 09:17:36.108,1.01295,1.0131,1.60,4.00
2010.09.02 09:17:37.287,1.01295,1.0131,1.60,4.80
2010.09.02 09:17:37.863,1.01295,1.01305,1.60,1.00
2010.09.02 09:17:38.763,1.0129,1.01305,4.80,1.00
2010.09.02 09:17:39.061,1.01295,1.01305,1.00,1.00
2010.09.02 09:17:42.059,1.01285,1.013,4.80,1.60
2010.09.02 09:17:43.101,1.01285,1.01295,4.80,1.00
2010.09.02 09:17:43.884,1.0128,1.0129,1.60,1.00
2010.09.02 09:17:44.100,1.01275,1.01285,1.00,1.00
2010.09.02 09:17:45.868,1.01275,1.01285,2.40,1.00
2010.09.02 09:17:46.113,1.0128,1.0129,1.60,2.80
2010.09.02 09:17:46.358,1.0128,1.0129,1.60,2.40
2010.09.02 09:17:47.405,1.01285,1.0129,1.00,1.00
2010.09.02 09:17:47.562,1.0129,1.01305,4.80,1.60
2010.09.02 09:17:47.708,1.0129,1.01305,8.00,1.00
2010.09.02 09:17:48.893,1.01295,1.01305,1.00,1.60
2010.09.02 09:17:49.227,1.0129,1.013,1.60,1.00
2010.09.02 09:17:49.562,1.0129,1.013,1.00,1.60
2010.09.02 09:17:49.909,1.01285,1.013,3.20,1.60
2010.09.02 09:17:50.958,1.01285,1.013,4.00,1.00
2010.09.02 09:17:51.186,1.01285,1.013,4.10,1.00
2010.09.02 09:17:51.338,1.0129,1.013,1.00,1.00
2010.09.02 09:17:51.419,1.0129,1.013,4.80,1.00
2010.09.02 09:17:52.091,1.0129,1.013,5.60,1.00
2010.09.02 09:17:52.394,1.0129,1.01305,8.00,1.00
2010.09.02 09:17:52.690,1.01295,1.0131,1.60,4.80
2010.09.02 09:17:52.988,1.01295,1.0131,1.60,4.00
2010.09.02 09:17:55.240,1.01295,1.0131,1.60,5.60
2010.09.02 09:17:55.901,1.01295,1.0131,1.60,9.60
2010.09.02 09:17:56.271,1.01295,1.0131,1.60,5.60
2010.09.02 09:17:56.440,1.01295,1.01305,3.20,1.00
2010.09.02 09:17:57.177,1.01295,1.01305,1.60,1.60
2010.09.02 09:17:57.500,1.0128,1.01295,6.80,1.00
2010.09.02 09:17:57.825,1.0128,1.01295,5.60,1.00
2010.09.02 09:18:00.590,1.0128,1.01295,4.00,1.00
2010.09.02 09:18:00.946,1.01285,1.01295,1.60,1.00
2010.09.02 09:18:01.159,1.0128,1.01295,4.80,1.00
2010.09.02 09:18:02.630,1.0128,1.01295,4.80,1.00
2010.09.02 09:18:03.444,1.01285,1.01295,2.40,1.00
2010.09.02 09:18:09.679,1.01285,1.013,2.40,7.00
2010.09.02 09:18:10.496,1.01285,1.013,2.40,5.80
2010.09.02 09:18:10.845,1.01285,1.013,2.40,4.00
2010.09.02 09:18:11.510,1.01285,1.013,2.40,4.80
2010.09.02 09:18:12.845,1.01285,1.013,2.40,4.00
2010.09.02 09:18:14.130,1.01285,1.013,4.00,3.20
2010.09.02 09:18:14.790,1.0129,1.013,1.60,3.20
2010.09.02 09:18:14.933,1.01285,1.013,2.40,3.20
2010.09.02 09:18:22.261,1.01285,1.013,1.00,3.40
2010.09.02 09:18:22.290,1.01285,1.013,1.00,4.20
2010.09.02 09:18:22.320,1.01285,1.013,1.00,3.40
2010.09.02 09:18:22.349,1.01285,1.013,1.00,4.80
2010.09.02 09:18:22.451,1.01285,1.013,4.80,2.40
2010.09.02 09:18:22.476,1.01285,1.013,4.80,3.20
2010.09.02 09:18:22.850,1.01285,1.013,1.00,2.40
2010.09.02 09:18:23.704,1.01285,1.013,2.40,2.40
2010.09.02 09:18:23.795,1.01285,1.013,2.40,3.20
2010.09.02 09:18:26.707,1.01285,1.013,1.00,6.40
2010.09.02 09:18:26.877,1.01285,1.013,1.00,3.20
2010.09.02 09:18:29.306,1.01285,1.013,2.40,3.20
2010.09.02 09:18:30.674,1.01285,1.013,1.00,3.20
2010.09.02 09:18:30.933,1.01285,1.013,1.00,4.00
2010.09.02 09:18:31.787,1.01285,1.013,1.00,3.20
2010.09.02 09:18:35.166,1.01285,1.013,1.00,2.40
2010.09.02 09:18:35.319,1.01285,1.013,7.20,1.60
2010.09.02 09:18:35.472,1.01285,1.013,4.80,1.60
2010.09.02 09:18:36.206,1.01285,1.013,3.20,2.40
2010.09.02 09:18:40.023,1.01285,1.013,2.40,2.40
2010.09.02 09:18:40.954,1.01285,1.013,2.40,3.20
2010.09.02 09:18:45.982,1.01285,1.013,1.00,3.20
2010.09.02 09:18:46.087,1.01285,1.013,2.40,3.20
2010.09.02 09:18:46.428,1.01285,1.013,1.00,3.20
2010.09.02 09:18:47.226,1.01285,1.013,2.40,3.20
2010.09.02 09:18:48.945,1.01285,1.013,2.40,2.40
2010.09.02 09:18:49.254,1.01285,1.013,1.00,2.40
2010.09.02 09:18:50.279,1.01285,1.013,2.40,2.40
2010.09.02 09:18:50.459,1.01285,1.013,1.00,2.40
2010.09.02 09:18:50.635,1.01285,1.013,2.40,2.40
2010.09.02 09:18:59.078,1.01285,1.013,2.40,3.20
2010.09.02 09:19:01.307,1.01285,1.013,2.40,2.40
2010.09.02 09:19:02.825,1.01285,1.013,1.00,2.40
2010.09.02 09:19:04.366,1.01285,1.013,1.00,4.00
2010.09.02 09:19:04.496,1.0128,1.01295,8.80,1.00
2010.09.02 09:19:09.475,1.01285,1.01295,1.60,1.00
2010.09.02 09:19:11.354,1.0128,1.01295,8.80,1.00
2010.09.02 09:19:13.858,1.0128,1.01295,6.40,1.00
2010.09.02 09:19:14.718,1.0128,1.01295,4.00,1.60
2010.09.02 09:19:17.219,1.0128,1.01295,5.60,1.00
2010.09.02 09:19:17.340,1.01285,1.01295,1.00,1.00
2010.09.02 09:19:18.146,1.0128,1.01295,4.00,1.60
2010.09.02 09:19:20.347,1.0128,1.01295,3.20,2.40
2010.09.02 09:19:21.257,1.0128,1.01295,4.00,1.60
2010.09.02 09:19:21.675,1.0128,1.01295,4.00,1.00
2010.09.02 09:19:22.176,1.0128,1.01295,3.20,4.00
2010.09.02 09:19:22.278,1.0128,1.01295,2.40,5.60
2010.09.02 09:19:23.532,1.0128,1.01295,3.20,6.40
2010.09.02 09:19:24.089,1.0128,1.01295,2.40,7.20
2010.09.02 09:19:24.217,1.0128,1.0129,2.40,3.20
2010.09.02 09:19:24.280,1.0128,1.0129,1.60,3.20
2010.09.02 09:19:25.008,1.0127,1.01285,5.60,1.00
2010.09.02 09:19:25.356,1.0127,1.01285,4.80,1.00
2010.09.02 09:19:26.310,1.0127,1.01285,4.00,1.60
2010.09.02 09:19:27.853,1.0127,1.01285,5.60,1.60
2010.09.02 09:19:31.425,1.0127,1.01285,4.00,2.40
2010.09.02 09:19:36.329,1.0127,1.01285,4.00,4.80
2010.09.02 09:19:36.376,1.0127,1.01285,2.40,4.80
2010.09.02 09:19:36.434,1.0127,1.01285,2.40,4.00
2010.09.02 09:19:36.588,1.0127,1.01285,1.60,1.60
2010.09.02 09:19:36.686,1.0127,1.01285,1.60,3.20
2010.09.02 09:19:37.316,1.0127,1.01285,4.00,2.40
2010.09.02 09:19:37.658,1.0127,1.01285,4.00,1.00
2010.09.02 09:19:38.318,1.0127,1.01285,4.80,1.00
2010.09.02 09:19:39.638,1.0127,1.01285,3.20,1.00
2010.09.02 09:19:39.903,1.0127,1.01285,3.20,1.60
2010.09.02 09:19:40.715,1.0127,1.01285,4.80,3.20
2010.09.02 09:19:41.069,1.0127,1.01285,6.40,1.00
2010.09.02 09:19:44.419,1.0127,1.01285,7.20,1.00
2010.09.02 09:19:45.621,1.0127,1.01285,6.40,1.00
2010.09.02 09:19:46.558,1.0127,1.01285,6.40,1.60
2010.09.02 09:19:46.774,1.0127,1.01285,8.80,1.00
2010.09.02 09:19:47.966,1.01275,1.0129,2.40,3.20
2010.09.02 09:19:48.288,1.01275,1.0129,3.20,3.20
2010.09.02 09:19:48.608,1.01275,1.0129,3.20,1.60
2010.09.02 09:19:49.230,1.01275,1.0129,3.20,1.00
2010.09.02 09:19:50.109,1.0127,1.01285,5.60,1.00
2010.09.02 09:19:53.629,1.01265,1.0128,8.00,1.00
2010.09.02 09:19:53.833,1.01265,1.01275,1.00,1.00
2010.09.02 09:19:54.040,1.0126,1.01275,8.00,1.00
2010.09.02 09:19:54.940,1.0126,1.01275,8.00,1.00
2010.09.02 09:19:55.256,1.0126,1.0127,1.60,1.00
2010.09.02 09:19:55.575,1.01255,1.01265,1.60,1.00
2010.09.02 09:19:55.891,1.0125,1.01265,5.60,1.00
2010.09.02 09:19:56.890,1.0125,1.01265,3.20,6.00
2010.09.02 09:19:58.776,1.0125,1.01265,4.80,1.60
2010.09.02 09:20:00.483,1.0125,1.01265,3.20,1.60
2010.09.02 09:20:01.284,1.0125,1.01265,3.20,4.00
2010.09.02 09:20:01.555,1.0125,1.01265,3.20,6.00
2010.09.02 09:20:01.834,1.0125,1.01265,1.60,4.00
2010.09.02 09:20:03.396,1.0125,1.01265,3.20,4.00
2010.09.02 09:20:03.837,1.0125,1.01265,3.20,3.20
2010.09.02 09:20:05.584,1.0125,1.01265,1.00,4.80
2010.09.02 09:20:06.715,1.0125,1.01265,1.00,3.20
2010.09.02 09:20:07.744,1.0125,1.01265,1.60,4.00
2010.09.02 09:20:08.447,1.0125,1.01265,1.00,4.80
2010.09.02 09:20:08.679,1.0125,1.01265,1.00,6.40
2010.09.02 09:20:09.539,1.01245,1.0126,2.50,1.00
2010.09.02 09:20:10.040,1.01245,1.0126,2.50,1.00
2010.09.02 09:20:11.670,1.01245,1.0126,2.50,1.60
2010.09.02 09:20:19.304,1.01245,1.0126,1.00,3.20
2010.09.02 09:20:19.463,1.0124,1.0126,3.20,8.80
2010.09.02 09:20:19.623,1.0124,1.01255,2.40,1.60
2010.09.02 09:20:19.779,1.0124,1.01255,2.40,1.60
2010.09.02 09:20:20.099,1.0124,1.01255,2.40,2.40
2010.09.02 09:20:21.311,1.0124,1.01255,2.40,4.00
2010.09.02 09:20:23.336,1.0124,1.01255,1.60,4.00
2010.09.02 09:20:23.539,1.0124,1.01255,1.60,4.80
2010.09.02 09:20:23.856,1.0124,1.01255,1.60,5.60
2010.09.02 09:20:25.802,1.0124,1.0125,1.00,1.00
2010.09.02 09:20:26.024,1.0124,1.01245,1.00,5.20
2010.09.02 09:20:26.719,1.0123,1.01245,1.00,6.80
2010.09.02 09:20:26.947,1.01225,1.0124,1.60,3.20
2010.09.02 09:20:27.119,1.01225,1.0124,2.40,2.40
2010.09.02 09:20:27.288,1.01225,1.0124,4.80,1.60
2010.09.02 09:20:27.459,1.01225,1.0124,4.80,1.00
2010.09.02 09:20:27.628,1.01225,1.0124,4.80,1.00
2010.09.02 09:20:27.799,1.0123,1.0124,1.00,1.00
2010.09.02 09:20:27.968,1.0123,1.0124,1.60,1.00
2010.09.02 09:20:28.808,1.0124,1.01255,1.60,3.20
2010.09.02 09:20:29.055,1.0125,1.0126,1.00,5.60
2010.09.02 09:20:29.334,1.01255,1.01265,1.00,1.60
2010.09.02 09:20:30.463,1.01255,1.01265,1.00,1.00
2010.09.02 09:20:34.872,1.0126,1.0127,1.00,6.40
2010.09.02 09:20:35.107,1.0126,1.0127,2.40,1.60
2010.09.02 09:20:35.343,1.0126,1.01275,4.00,2.40
2010.09.02 09:20:36.261,1.01265,1.01275,1.00,1.00
2010.09.02 09:20:39.871,1.0127,1.01275,1.00,1.00
2010.09.02 09:20:40.057,1.0127,1.01275,1.60,1.00
2010.09.02 09:20:41.406,1.0127,1.0128,1.60,10.40
2010.09.02 09:20:43.697,1.0127,1.0128,1.60,8.80
2010.09.02 09:20:44.075,1.0127,1.0128,1.60,8.00
2010.09.02 09:20:44.446,1.0127,1.0128,1.60,9.60
2010.09.02 09:20:44.627,1.0127,1.01275,1.60,1.60
2010.09.02 09:20:45.522,1.0127,1.0128,1.60,9.60
2010.09.02 09:20:45.772,1.0127,1.01275,1.60,1.60
2010.09.02 09:20:46.023,1.0127,1.0128,1.60,10.40
2010.09.02 09:20:50.277,1.0126,1.0127,4.80,1.60
2010.09.02 09:20:50.461,1.0127,1.0128,1.00,12.00
2010.09.02 09:20:50.643,1.01255,1.0127,1.60,3.20
2010.09.02 09:20:51.476,1.0126,1.01265,1.60,1.60
2010.09.02 09:20:51.690,1.0126,1.0127,1.60,4.00
2010.09.02 09:20:51.900,1.0126,1.0127,1.60,3.20
2010.09.02 09:20:52.111,1.0126,1.0127,1.60,5.60
2010.09.02 09:20:54.499,1.0126,1.01265,1.60,1.60
2010.09.02 09:20:54.828,1.01255,1.0126,1.60,1.00
2010.09.02 09:20:55.734,1.0125,1.0126,1.60,3.20
2010.09.02 09:20:56.065,1.01255,1.0126,1.00,1.60
2010.09.02 09:20:56.395,1.01255,1.0126,1.00,4.00
2010.09.02 09:20:57.287,1.01255,1.0126,1.00,5.60
2010.09.02 09:20:58.977,1.0126,1.0127,1.60,5.60
2010.09.02 09:20:59.242,1.01265,1.0127,1.00,1.60
2010.09.02 09:21:00.280,1.01265,1.0127,1.60,1.60
2010.09.02 09:21:00.983,1.01265,1.01275,1.60,5.60
2010.09.02 09:21:02.256,1.01265,1.01275,1.60,8.00
2010.09.02 09:21:02.606,1.01265,1.01275,1.60,7.20
2010.09.02 09:21:03.345,1.01265,1.01275,1.00,7.20
2010.09.02 09:21:03.942,1.01265,1.01275,1.00,7.20
2010.09.02 09:21:04.802,1.01255,1.0127,1.60,8.00
2010.09.02 09:21:05.070,1.0126,1.01265,1.00,1.60
2010.09.02 09:21:05.332,1.0126,1.01265,1.00,5.60
2010.09.02 09:21:06.134,1.01245,1.01255,2.40,1.00
2010.09.02 09:21:06.442,1.01245,1.01255,1.60,1.00
2010.09.02 09:21:07.033,1.01245,1.0125,1.60,1.00
2010.09.02 09:21:07.901,1.01245,1.0125,1.60,1.60
2010.09.02 09:21:08.174,1.01235,1.0125,2.40,1.60
2010.09.02 09:21:08.434,1.01235,1.0125,1.60,1.60
2010.09.02 09:21:09.807,1.01235,1.01255,5.60,2.40
2010.09.02 09:21:10.146,1.01235,1.01255,7.20,2.40
2010.09.02 09:21:11.050,1.01235,1.0125,4.80,1.60
2010.09.02 09:21:11.257,1.01235,1.0125,2.40,1.60
2010.09.02 09:21:12.675,1.01245,1.0125,1.00,1.60
2010.09.02 09:21:13.460,1.01245,1.0125,1.00,1.00
2010.09.02 09:21:13.721,1.01245,1.01255,1.00,6.50
2010.09.02 09:21:14.587,1.01245,1.01255,1.00,4.10
2010.09.02 09:21:16.287,1.0124,1.0125,1.60,1.60
2010.09.02 09:21:16.473,1.0124,1.0125,1.60,2.40
2010.09.02 09:21:22.692,1.0123,1.01235,1.60,1.00
2010.09.02 09:21:23.831,1.0123,1.01235,1.60,1.60
2010.09.02 09:21:24.045,1.0123,1.0124,1.00,1.60
2010.09.02 09:21:24.264,1.01235,1.0124,1.00,1.60
2010.09.02 09:21:27.540,1.01235,1.0124,1.00,1.00
2010.09.02 09:21:30.005,1.01235,1.01245,1.00,4.80
2010.09.02 09:21:31.667,1.01235,1.0124,1.00,1.00
2010.09.02 09:21:32.532,1.0123,1.01245,1.60,8.30
2010.09.02 09:21:32.873,1.0123,1.01245,1.60,8.10
2010.09.02 09:21:33.596,1.01235,1.01245,1.00,6.40
2010.09.02 09:21:33.868,1.01235,1.01245,1.00,5.60
2010.09.02 09:21:35.218,1.01235,1.01245,1.00,6.40
2010.09.02 09:21:38.831,1.01235,1.01245,1.00,8.00
2010.09.02 09:21:40.687,1.01235,1.01245,1.00,6.40
2010.09.02 09:21:45.907,1.01235,1.01245,1.00,6.60
2010.09.02 09:21:46.195,1.0123,1.0124,1.60,1.00
2010.09.02 09:21:47.958,1.01235,1.01245,1.00,2.80
2010.09.02 09:21:48.777,1.0124,1.01245,1.00,1.00
2010.09.02 09:21:49.006,1.0124,1.01245,1.00,1.60
2010.09.02 09:21:49.951,1.0123,1.01235,2.40,1.60
2010.09.02 09:21:50.276,1.0123,1.01235,1.00,1.00
2010.09.02 09:21:52.291,1.0123,1.01235,1.60,1.00
2010.09.02 09:22:02.670,1.01235,1.0124,1.00,1.00
2010.09.02 09:22:02.829,1.01235,1.0124,1.60,1.00
2010.09.02 09:22:02.987,1.01235,1.01245,1.60,7.20
2010.09.02 09:22:03.139,1.01235,1.01245,1.60,8.00
2010.09.02 09:22:03.967,1.0123,1.01245,1.60,9.00
2010.09.02 09:22:05.488,1.01235,1.0124,1.60,1.00
2010.09.02 09:22:09.119,1.01235,1.0124,1.60,1.60
2010.09.02 09:22:12.039,1.01235,1.01245,1.60,5.40
2010.09.02 09:22:12.752,1.0124,1.01245,1.00,4.40
2010.09.02 09:22:12.784,1.0124,1.01245,1.00,2.80
2010.09.02 09:22:12.976,1.0124,1.01245,1.60,2.40
2010.09.02 09:22:15.329,1.0124,1.01245,1.60,1.00
2010.09.02 09:22:18.293,1.0124,1.0125,1.60,4.40
2010.09.02 09:22:19.108,1.01245,1.0125,1.00,3.60
2010.09.02 09:22:19.358,1.01245,1.0125,1.00,4.80
2010.09.02 09:22:20.207,1.01245,1.0125,1.00,5.20
2010.09.02 09:22:20.549,1.0124,1.0125,1.60,5.20
2010.09.02 09:22:23.764,1.0124,1.0125,1.60,4.80
2010.09.02 09:22:26.697,1.0124,1.0125,1.60,6.40
2010.09.02 09:22:27.637,1.0124,1.0125,1.60,5.20
2010.09.02 09:22:32.158,1.0124,1.0125,1.60,4.40
2010.09.02 09:22:33.343,1.0124,1.0125,1.60,6.40
2010.09.02 09:22:33.520,1.0124,1.0125,1.60,8.80
2010.09.02 09:22:34.451,1.0124,1.0125,1.60,7.20
2010.09.02 09:22:35.055,1.0124,1.0125,1.00,8.00
2010.09.02 09:22:35.363,1.0124,1.0125,1.00,11.20
2010.09.02 09:22:36.098,1.0124,1.01245,1.00,2.40
2010.09.02 09:22:37.770,1.0124,1.01245,1.00,1.60
2010.09.02 09:22:45.568,1.0124,1.01245,1.00,1.00
2010.09.02 09:22:46.290,1.0124,1.0125,1.00,8.00
2010.09.02 09:22:47.053,1.0124,1.0125,1.00,6.00
2010.09.02 09:22:56.759,1.0124,1.0125,1.00,4.40
2010.09.02 09:22:57.354,1.0124,1.0125,1.00,2.00
2010.09.02 09:22:57.686,1.0124,1.0125,1.60,2.00
2010.09.02 09:23:00.911,1.0124,1.0125,1.60,4.40
2010.09.02 09:23:01.396,1.0124,1.0125,1.60,6.00
2010.09.02 09:23:01.766,1.0124,1.0125,1.00,6.00
2010.09.02 09:23:02.067,1.0124,1.0125,1.00,6.40
2010.09.02 09:23:02.837,1.0124,1.0125,1.00,7.20
2010.09.02 09:23:03.042,1.0124,1.0125,1.00,8.00
2010.09.02 09:23:05.119,1.0124,1.0125,1.00,9.60
2010.09.02 09:23:05.957,1.0124,1.01245,1.00,1.00
2010.09.02 09:23:09.180,1.0124,1.0125,1.60,10.40
2010.09.02 09:23:09.352,1.0124,1.0125,1.60,6.40
2010.09.02 09:23:11.061,1.0124,1.0125,1.60,8.00
2010.09.02 09:23:13.839,1.0124,1.01245,1.60,1.00
2010.09.02 09:23:15.725,1.0124,1.0125,1.00,12.00
2010.09.02 09:23:16.234,1.0124,1.01245,1.00,1.00
2010.09.02 09:23:16.481,1.0124,1.0125,1.00,10.40
2010.09.02 09:23:17.372,1.0124,1.0125,1.00,12.00
2010.09.02 09:23:18.667,1.0124,1.01245,1.00,1.00
2010.09.02 09:23:19.449,1.01225,1.01235,1.60,1.00
2010.09.02 09:23:19.607,1.0123,1.01235,1.00,1.60
2010.09.02 09:23:20.694,1.0123,1.01235,1.00,1.00
2010.09.02 09:23:21.024,1.0123,1.0124,1.60,8.00
2010.09.02 09:23:21.353,1.0123,1.0124,1.60,5.60
2010.09.02 09:23:22.256,1.01235,1.0124,1.00,5.60
2010.09.02 09:23:22.462,1.01235,1.0124,1.00,6.40
2010.09.02 09:23:26.018,1.01235,1.0124,1.00,7.20
2010.09.02 09:23:29.884,1.01235,1.0124,1.00,6.40
2010.09.02 09:23:30.023,1.01235,1.0124,1.00,6.00
2010.09.02 09:23:30.167,1.01235,1.01245,1.60,13.20
2010.09.02 09:23:30.943,1.01235,1.0124,1.00,1.60
2010.09.02 09:23:31.295,1.01235,1.0124,1.00,2.40
2010.09.02 09:23:31.899,1.01235,1.0124,1.00,1.60
2010.09.02 09:23:32.235,1.01235,1.0124,1.00,1.00
2010.09.02 09:23:34.322,1.01235,1.01245,1.60,13.60
2010.09.02 09:23:34.427,1.0123,1.0124,1.60,1.00
2010.09.02 09:23:34.541,1.0124,1.01245,1.60,1.00
2010.09.02 09:23:35.233,1.0124,1.0125,1.60,8.80
2010.09.02 09:23:35.340,1.0124,1.0125,1.60,1.60
2010.09.02 09:23:35.693,1.0124,1.0125,1.60,2.40
2010.09.02 09:23:38.245,1.0124,1.0125,1.60,6.40
2010.09.02 09:23:39.715,1.0124,1.0125,1.60,5.60
2010.09.02 09:23:40.727,1.0124,1.0125,1.60,2.80
2010.09.02 09:23:41.664,1.0124,1.0125,1.00,10.40
2010.09.02 09:23:42.059,1.0124,1.0125,1.00,11.40
2010.09.02 09:23:43.025,1.0124,1.01245,1.00,3.40
2010.09.02 09:23:44.199,1.0124,1.01245,1.00,2.60
2010.09.02 09:23:44.815,1.0124,1.01245,1.00,2.40
2010.09.02 09:23:45.167,1.0124,1.0125,1.00,4.00
2010.09.02 09:23:45.481,1.0124,1.0125,1.00,5.60
2010.09.02 09:23:46.100,1.01235,1.01245,1.60,1.00
2010.09.02 09:23:46.772,1.0123,1.01245,6.40,1.00
2010.09.02 09:23:47.012,1.0123,1.01245,4.80,1.00
2010.09.02 09:23:47.434,1.0123,1.01245,4.00,1.60
2010.09.02 09:23:48.616,1.0123,1.0124,3.20,1.00
2010.09.02 09:23:49.123,1.01235,1.0124,1.60,1.00
2010.09.02 09:23:49.382,1.01235,1.01245,1.60,1.00
2010.09.02 09:23:50.779,1.01235,1.01245,1.60,1.00
2010.09.02 09:23:51.876,1.01235,1.0125,2.40,2.80
2010.09.02 09:23:52.162,1.01235,1.0125,2.40,2.40
2010.09.02 09:23:53.771,1.01235,1.0125,2.40,2.00
2010.09.02 09:23:53.987,1.01235,1.01245,1.60,1.00
2010.09.02 09:23:56.540,1.01235,1.01245,1.60,1.00
2010.09.02 09:23:57.346,1.01235,1.0125,2.40,2.80
2010.09.02 09:23:57.751,1.01235,1.0125,2.40,2.00
2010.09.02 09:23:58.614,1.0124,1.0125,1.60,1.20
2010.09.02 09:23:58.875,1.0124,1.0125,1.80,1.00
2010.09.02 09:23:59.378,1.0124,1.0125,1.80,1.00
2010.09.02 09:24:02.127,1.0124,1.0125,2.60,1.00
2010.09.02 09:24:03.203,1.01245,1.0125,1.00,1.00
2010.09.02 09:24:03.412,1.0125,1.01255,1.00,2.40
2010.09.02 09:24:04.217,1.01245,1.01255,1.00,1.00
2010.09.02 09:24:04.554,1.0126,1.01275,2.40,4.40
2010.09.02 09:24:05.375,1.0126,1.01275,1.00,2.80
2010.09.02 09:24:05.719,1.0126,1.01275,2.40,6.40
2010.09.02 09:24:06.050,1.0126,1.01275,2.40,7.20
2010.09.02 09:24:07.319,1.0126,1.01275,2.40,1.60
2010.09.02 09:24:07.663,1.0126,1.01275,4.00,1.60
2010.09.02 09:24:07.891,1.0126,1.01275,4.80,1.00
2010.09.02 09:24:08.667,1.0126,1.01275,5.80,1.00
2010.09.02 09:24:11.117,1.0126,1.01275,6.60,1.00
2010.09.02 09:24:13.486,1.01265,1.01275,1.00,1.00
2010.09.02 09:24:16.770,1.0126,1.0127,3.40,1.00
2010.09.02 09:24:21.247,1.0125,1.0126,3.20,1.00
2010.09.02 09:24:21.598,1.0125,1.0126,3.20,1.00
2010.09.02 09:24:22.215,1.0125,1.0126,1.60,1.00
2010.09.02 09:24:24.217,1.0125,1.0126,3.20,1.00
2010.09.02 09:24:29.662,1.0125,1.01265,3.20,1.60
2010.09.02 09:24:29.890,1.0125,1.0126,3.20,1.00
2010.09.02 09:25:03.756,1.0125,1.01265,4.00,1.60
2010.09.02 09:25:03.807,1.0125,1.01265,4.00,1.00
2010.09.02 09:25:04.580,1.01255,1.0127,4.00,1.00
2010.09.02 09:25:04.633,1.01255,1.0127,4.80,1.00
2010.09.02 09:25:05.319,1.01255,1.0127,5.60,1.00
2010.09.02 09:25:06.141,1.0126,1.0127,1.60,1.00
2010.09.02 09:25:06.808,1.0126,1.0127,1.60,1.00
2010.09.02 09:25:07.768,1.01255,1.0127,6.70,1.00
2010.09.02 09:25:08.001,1.01265,1.01275,1.60,1.00
2010.09.02 09:25:08.168,1.0126,1.01275,8.00,1.00
2010.09.02 09:25:14.027,1.0126,1.01275,8.80,1.00
2010.09.02 09:25:16.883,1.01265,1.01275,1.60,1.00
2010.09.02 09:25:16.938,1.0126,1.01275,8.80,1.00
2010.09.02 09:25:17.086,1.0126,1.01275,8.00,1.00
2010.09.02 09:25:21.456,1.0126,1.01275,7.20,1.00
2010.09.02 09:25:31.129,1.01265,1.01275,1.60,1.00
2010.09.02 09:25:31.772,1.01265,1.01275,2.40,1.00
2010.09.02 09:25:32.546,1.01265,1.0128,4.90,2.00
2010.09.02 09:25:32.885,1.0127,1.0128,5.80,1.00
2010.09.02 09:25:33.221,1.0127,1.0128,7.40,1.00
2010.09.02 09:25:34.849,1.0127,1.0128,5.00,1.00
2010.09.02 09:25:36.570,1.0127,1.0128,4.00,1.00
2010.09.02 09:25:36.701,1.01265,1.0128,4.90,1.00
2010.09.02 09:25:36.827,1.01265,1.01275,4.00,1.00
2010.09.02 09:25:37.512,1.01265,1.01275,2.40,1.00
2010.09.02 09:25:37.829,1.01265,1.0127,1.60,1.00
2010.09.02 09:25:39.660,1.01255,1.0126,1.60,1.00
2010.09.02 09:25:39.832,1.0125,1.0126,2.40,1.60
2010.09.02 09:25:40.170,1.0125,1.0126,1.60,1.60
2010.09.02 09:25:40.904,1.0125,1.0126,1.60,2.40
2010.09.02 09:25:41.230,1.0125,1.01255,1.60,1.00
2010.09.02 09:25:42.109,1.0125,1.01255,1.60,1.00
2010.09.02 09:25:42.384,1.0119,1.01225,3.60,2.40
2010.09.02 09:25:42.655,1.0118,1.0121,1.20,1.00
2010.09.02 09:25:43.610,1.01175,1.01185,4.80,1.00
2010.09.02 09:25:43.963,1.01175,1.01185,5.60,1.00
2010.09.02 09:25:45.221,1.01175,1.01185,4.00,1.00
2010.09.02 09:25:45.576,1.01165,1.01175,1.00,5.00
2010.09.02 09:25:45.767,1.01155,1.0116,3.20,1.00
2010.09.02 09:25:46.686,1.01145,1.0116,5.00,1.00
2010.09.02 09:25:47.250,1.01145,1.01155,5.00,1.00
2010.09.02 09:25:47.543,1.0114,1.01155,1.00,3.40
2010.09.02 09:25:47.828,1.0114,1.01155,2.40,5.00
2010.09.02 09:25:48.802,1.01145,1.0116,1.00,3.40
2010.09.02 09:25:50.107,1.01145,1.0116,3.30,3.40
2010.09.02 09:25:50.451,1.0115,1.0116,1.00,1.00
2010.09.02 09:25:51.271,1.01145,1.0116,4.90,1.00
2010.09.02 09:25:51.472,1.0115,1.0116,1.00,1.00
2010.09.02 09:25:52.788,1.0115,1.01165,1.60,2.40
2010.09.02 09:25:52.969,1.0115,1.01165,3.20,1.00
2010.09.02 09:25:53.629,1.01155,1.01165,4.00,1.00
2010.09.02 09:25:53.758,1.0117,1.01185,4.20,1.00
2010.09.02 09:25:53.996,1.0117,1.01185,1.80,1.00
2010.09.02 09:25:54.476,1.0117,1.01185,1.00,1.00
2010.09.02 09:25:56.225,1.0117,1.0118,1.00,1.00
2010.09.02 09:25:56.322,1.0117,1.0118,2.60,1.00
2010.09.02 09:25:57.288,1.0117,1.0118,1.00,1.00
2010.09.02 09:25:59.139,1.01165,1.0118,4.80,2.40
2010.09.02 09:25:59.945,1.0116,1.0118,6.60,8.40
2010.09.02 09:26:00.299,1.01175,1.0119,3.20,2.40
2010.09.02 09:26:00.644,1.0118,1.0119,1.00,1.00
2010.09.02 09:26:01.563,1.01185,1.01195,2.60,1.00
2010.09.02 09:26:01.916,1.01185,1.012,2.40,6.40
2010.09.02 09:26:02.265,1.01175,1.0119,2.60,1.00
2010.09.02 09:26:03.005,1.01175,1.01185,1.00,1.00
2010.09.02 09:26:03.182,1.0117,1.01185,4.00,1.00
2010.09.02 09:26:03.822,1.01165,1.01185,3.20,6.40
2010.09.02 09:26:04.141,1.01165,1.0118,1.00,4.00
2010.09.02 09:26:05.096,1.0116,1.01175,5.60,1.00
2010.09.02 09:26:05.384,1.0116,1.0117,4.00,1.00
2010.09.02 09:26:06.240,1.0115,1.01165,4.80,4.80
2010.09.02 09:26:06.531,1.01145,1.0116,4.80,1.00
2010.09.02 09:26:06.718,1.01145,1.0116,4.00,1.60
2010.09.02 09:26:07.866,1.0114,1.01155,4.20,1.00
2010.09.02 09:26:08.151,1.01145,1.01155,1.00,1.00
2010.09.02 09:26:08.722,1.01145,1.01155,3.40,1.00
2010.09.02 09:26:09.456,1.01145,1.0116,3.40,2.00
2010.09.02 09:26:09.788,1.01145,1.0116,5.00,1.00
2010.09.02 09:26:09.992,1.01145,1.0116,6.60,1.00
2010.09.02 09:26:10.954,1.01145,1.0116,5.60,1.00
2010.09.02 09:26:12.462,1.01145,1.0116,4.80,1.20
2010.09.02 09:26:12.690,1.01145,1.0116,4.80,4.00
2010.09.02 09:26:12.922,1.01145,1.0116,4.00,3.20
2010.09.02 09:26:13.742,1.01145,1.0116,5.60,3.20
2010.09.02 09:26:14.078,1.01145,1.0116,4.80,3.20
2010.09.02 09:26:15.657,1.0116,1.0117,4.20,1.00
2010.09.02 09:26:16.006,1.0116,1.0117,5.80,1.00
2010.09.02 09:26:17.055,1.0116,1.01175,6.60,1.00
2010.09.02 09:26:19.187,1.0116,1.01175,6.60,1.60
2010.09.02 09:26:20.272,1.0116,1.01175,6.60,1.00
2010.09.02 09:26:22.161,1.0116,1.01175,6.60,1.60
2010.09.02 09:26:22.301,1.0116,1.0117,5.80,1.00
2010.09.02 09:26:23.042,1.0116,1.01175,6.60,2.40
2010.09.02 09:26:24.454,1.0116,1.0117,1.00,1.60
2010.09.02 09:26:24.695,1.0115,1.01165,4.00,1.60
2010.09.02 09:26:25.517,1.0115,1.01165,2.40,1.00
2010.09.02 09:26:25.863,1.0115,1.01165,2.40,1.00
2010.09.02 09:26:26.803,1.0116,1.0117,3.40,1.00
2010.09.02 09:26:27.040,1.01175,1.0119,1.00,4.40
2010.09.02 09:26:27.276,1.01175,1.0119,1.00,5.20
2010.09.02 09:26:27.991,1.01175,1.0119,1.00,6.40
2010.09.02 09:26:28.349,1.0117,1.01175,1.60,1.60
2010.09.02 09:26:28.693,1.01165,1.0118,1.60,2.40
2010.09.02 09:26:29.617,1.01165,1.0118,1.60,4.00
2010.09.02 09:26:29.964,1.01165,1.0118,2.40,4.00
2010.09.02 09:26:30.314,1.01165,1.0118,1.60,5.60
2010.09.02 09:26:31.168,1.01165,1.0118,1.00,5.60
2010.09.02 09:26:32.372,1.0116,1.01175,2.40,2.40
2010.09.02 09:26:33.102,1.0116,1.0117,1.60,1.00
2010.09.02 09:26:33.392,1.01145,1.0116,4.00,1.60
2010.09.02 09:26:33.677,1.01145,1.0116,2.40,4.00
2010.09.02 09:26:33.819,1.01145,1.0116,1.60,5.20
2010.09.02 09:26:34.974,1.01145,1.0116,1.00,5.20
2010.09.02 09:26:39.346,1.01145,1.0116,1.00,5.60
2010.09.02 09:26:39.967,1.01145,1.0116,1.00,13.60
2010.09.02 09:26:40.273,1.01135,1.0115,4.00,1.60
2010.09.02 09:26:40.571,1.01135,1.0115,6.40,1.60
2010.09.02 09:26:40.868,1.01135,1.0115,5.60,1.60
2010.09.02 09:26:41.169,1.01135,1.0115,4.80,1.60
2010.09.02 09:26:42.338,1.01135,1.0115,3.20,2.80
2010.09.02 09:26:42.498,1.01135,1.0115,4.80,2.80
2010.09.02 09:26:43.821,1.01135,1.0115,4.80,2.00
2010.09.02 09:26:46.159,1.0114,1.0115,1.00,1.60
2010.09.02 09:26:47.627,1.0114,1.0115,1.60,1.60
2010.09.02 09:26:48.879,1.0114,1.0115,1.60,2.40
2010.09.02 09:26:49.519,1.0114,1.0115,1.00,2.40
2010.09.02 09:26:51.827,1.01135,1.0115,3.20,4.80
2010.09.02 09:26:51.893,1.01135,1.0115,1.60,4.80
2010.09.02 09:26:51.949,1.01135,1.0115,1.00,4.80
2010.09.02 09:26:52.066,1.0113,1.01145,5.60,1.00
2010.09.02 09:26:52.259,1.0113,1.01145,6.40,1.00
2010.09.02 09:26:53.196,1.01125,1.0114,5.60,2.40
2010.09.02 09:26:53.891,1.01125,1.0114,5.60,3.20
2010.09.02 09:26:54.760,1.01125,1.0114,5.60,2.40
2010.09.02 09:26:55.255,1.0113,1.0114,1.00,2.40
2010.09.02 09:26:55.504,1.0113,1.0114,1.00,1.60
2010.09.02 09:26:58.492,1.0113,1.0114,1.60,1.60
2010.09.02 09:26:58.723,1.0113,1.0114,2.40,1.60
2010.09.02 09:26:59.595,1.0113,1.01145,1.60,3.20
2010.09.02 09:27:00.969,1.0113,1.01145,1.00,2.40
2010.09.02 09:27:01.578,1.0113,1.0114,1.00,2.40
2010.09.02 09:27:02.474,1.01125,1.0114,4.00,2.40
2010.09.02 09:27:03.391,1.01125,1.01135,2.40,1.00
2010.09.02 09:27:04.008,1.01125,1.01135,1.60,1.00
2010.09.02 09:27:04.355,1.01115,1.0113,4.00,2.40
2010.09.02 09:27:05.236,1.01115,1.0113,2.40,2.40
2010.09.02 09:27:05.507,1.01105,1.01115,1.60,1.00
2010.09.02 09:27:05.855,1.01105,1.0112,2.40,5.60
2010.09.02 09:27:06.686,1.01105,1.0112,3.40,5.60
2010.09.02 09:27:06.940,1.011,1.0111,4.80,2.40
2010.09.02 09:27:07.186,1.01095,1.0111,10.60,2.40
2010.09.02 09:27:08.019,1.01095,1.0111,11.40,2.40
2010.09.02 09:27:08.706,1.011,1.0111,1.60,2.40
2010.09.02 09:27:09.449,1.01105,1.0111,1.00,1.60
2010.09.02 09:27:09.795,1.01105,1.0112,5.60,2.40
2010.09.02 09:27:12.826,1.01105,1.0112,3.20,2.40
2010.09.02 09:27:13.102,1.01105,1.0112,4.80,2.40
2010.09.02 09:27:13.387,1.01105,1.01125,9.80,4.00
2010.09.02 09:27:14.174,1.0111,1.01125,3.40,1.60
2010.09.02 09:27:14.532,1.0112,1.0113,1.00,3.20
2010.09.02 09:27:15.421,1.0112,1.0113,4.80,1.60
2010.09.02 09:27:15.777,1.0112,1.01135,2.40,1.00
2010.09.02 09:27:17.048,1.01125,1.0114,1.60,5.60
2010.09.02 09:27:17.316,1.0113,1.01145,4.80,1.00
2010.09.02 09:27:17.582,1.0113,1.01145,2.40,1.00
2010.09.02 09:27:18.469,1.0113,1.01145,4.00,2.40
2010.09.02 09:27:18.773,1.01135,1.0115,1.60,10.00
2010.09.02 09:27:19.075,1.01135,1.01145,1.00,1.00
2010.09.02 09:27:19.377,1.0113,1.01145,4.00,2.40
2010.09.02 09:27:20.331,1.0113,1.01145,4.00,1.00
2010.09.02 09:27:21.487,1.0114,1.0115,1.00,1.00
2010.09.02 09:27:21.813,1.01135,1.01145,3.20,1.00
2010.09.02 09:27:22.717,1.0113,1.01145,7.60,1.00
2010.09.02 09:27:22.994,1.01135,1.0115,1.60,4.80
2010.09.02 09:27:26.907,1.0114,1.01155,1.00,4.00
2010.09.02 09:27:27.845,1.0114,1.01155,1.60,4.00
2010.09.02 09:27:29.743,1.0114,1.01155,2.40,1.00
2010.09.02 09:27:29.948,1.01145,1.0116,1.00,9.20
2010.09.02 09:27:30.739,1.0114,1.0116,3.20,9.20
2010.09.02 09:27:31.084,1.0114,1.0116,4.80,7.60
2010.09.02 09:27:31.929,1.0114,1.01155,3.20,1.00
2010.09.02 09:27:32.215,1.0114,1.01155,2.40,1.00
2010.09.02 09:27:35.958,1.0114,1.01155,1.60,1.60
2010.09.02 09:27:36.149,1.0114,1.01155,1.60,2.40
2010.09.02 09:27:36.337,1.0114,1.01155,1.60,1.60
2010.09.02 09:27:37.084,1.0114,1.01155,1.60,3.20
2010.09.02 09:27:37.221,1.0114,1.01155,3.20,3.20
2010.09.02 09:27:37.341,1.0114,1.01155,3.20,4.80
2010.09.02 09:27:37.699,1.0114,1.01155,3.20,5.60
2010.09.02 09:27:38.363,1.0114,1.01155,3.20,4.00
2010.09.02 09:27:38.671,1.0114,1.01155,3.20,1.00
2010.09.02 09:27:41.263,1.0114,1.01155,4.80,1.60
2010.09.02 09:27:42.759,1.0114,1.01155,4.80,1.00
2010.09.02 09:27:43.578,1.0114,1.01155,6.40,1.00
2010.09.02 09:27:43.782,1.01145,1.0116,3.20,4.00
2010.09.02 09:27:44.135,1.01145,1.0116,4.00,2.40
2010.09.02 09:27:44.857,1.0115,1.0116,2.40,1.00
2010.09.02 09:27:45.189,1.0115,1.01165,7.20,1.00
2010.09.02 09:27:45.515,1.01155,1.0117,1.60,5.60
2010.09.02 09:27:46.459,1.0116,1.01175,4.00,2.40
2010.09.02 09:27:46.801,1.0116,1.01175,6.40,2.40
2010.09.02 09:27:48.092,1.0116,1.01175,5.60,2.40
2010.09.02 09:27:49.692,1.0116,1.0117,5.60,1.60
2010.09.02 09:27:49.854,1.0116,1.0117,4.80,1.60
2010.09.02 09:27:50.013,1.0116,1.0117,2.40,1.60
2010.09.02 09:27:51.108,1.0116,1.0117,2.40,1.60
2010.09.02 09:27:52.688,1.01155,1.0117,3.20,2.40
2010.09.02 09:27:53.039,1.01155,1.01165,1.60,3.20
2010.09.02 09:27:55.050,1.01155,1.01165,1.60,6.40
2010.09.02 09:27:55.915,1.01145,1.0116,4.00,2.40
2010.09.02 09:27:56.308,1.01145,1.0116,3.20,2.40
2010.09.02 09:27:56.835,1.01145,1.0116,4.00,2.40
2010.09.02 09:27:57.824,1.01145,1.0116,2.40,1.60
2010.09.02 09:28:00.809,1.01145,1.0116,2.40,1.00
2010.09.02 09:28:03.659,1.01145,1.0116,2.40,1.60
2010.09.02 09:28:03.858,1.0114,1.01155,1.60,4.00
2010.09.02 09:28:04.057,1.0114,1.0115,1.00,2.40
2010.09.02 09:28:04.905,1.0113,1.01145,4.80,4.20
2010.09.02 09:28:05.178,1.01115,1.0113,2.40,4.60
2010.09.02 09:28:06.113,1.01115,1.0113,2.40,2.00
2010.09.02 09:28:06.460,1.0112,1.01135,4.80,1.00
2010.09.02 09:28:06.789,1.01125,1.0114,1.00,4.80
2010.09.02 09:28:07.727,1.01125,1.01135,1.00,1.00
2010.09.02 09:28:09.624,1.01125,1.01135,1.60,1.60
2010.09.02 09:28:09.803,1.0112,1.01135,6.80,1.00
2010.09.02 09:28:10.551,1.0112,1.01135,4.00,2.40
2010.09.02 09:28:10.740,1.0111,1.01125,4.00,1.60
2010.09.02 09:28:11.093,1.0111,1.01125,3.20,2.40
2010.09.02 09:28:12.017,1.0111,1.01125,2.40,2.40
2010.09.02 09:28:12.330,1.0111,1.01125,3.20,2.40
2010.09.02 09:28:13.425,1.0111,1.01125,1.00,2.40
2010.09.02 09:28:20.189,1.0111,1.0112,1.00,1.60
2010.09.02 09:28:22.100,1.0111,1.0112,1.60,1.60
2010.09.02 09:28:27.613,1.0111,1.0112,1.00,1.60
2010.09.02 09:28:28.728,1.01105,1.0112,5.60,1.60
2010.09.02 09:28:29.075,1.0111,1.0112,1.00,1.60
2010.09.02 09:28:29.421,1.01105,1.0112,5.60,1.60
2010.09.02 09:28:30.399,1.011,1.01115,5.60,1.60
2010.09.02 09:28:31.605,1.011,1.01115,4.80,1.60
2010.09.02 09:28:32.500,1.011,1.01115,5.60,1.60
2010.09.02 09:28:35.661,1.011,1.01115,4.80,1.60
2010.09.02 09:28:36.887,1.011,1.0111,4.80,1.60
2010.09.02 09:28:38.548,1.011,1.0111,1.00,1.60
2010.09.02 09:28:39.706,1.0109,1.011,1.60,1.60
2010.09.02 09:28:40.996,1.01085,1.011,4.00,1.60
2010.09.02 09:28:41.334,1.01085,1.011,4.80,1.60
2010.09.02 09:28:42.272,1.01085,1.011,4.00,1.60
2010.09.02 09:28:42.602,1.01085,1.011,3.20,1.60
2010.09.02 09:28:44.167,1.01085,1.01095,3.20,1.60
2010.09.02 09:28:45.398,1.01085,1.011,1.00,2.40
2010.09.02 09:28:45.746,1.01085,1.01095,1.60,1.60
2010.09.02 09:28:47.001,1.01085,1.011,1.00,2.40
2010.09.02 09:28:48.409,1.01085,1.011,1.00,1.60
2010.09.02 09:28:48.897,1.01085,1.011,1.00,1.60
2010.09.02 09:28:49.696,1.01085,1.01105,1.70,3.20
2010.09.02 09:28:49.901,1.01085,1.01105,4.10,3.20
2010.09.02 09:28:50.713,1.01085,1.01105,4.90,3.20
2010.09.02 09:28:51.399,1.01085,1.01105,4.10,3.20
2010.09.02 09:28:52.740,1.01085,1.01105,4.10,5.60
2010.09.02 09:28:52.870,1.01085,1.011,2.40,1.60
2010.09.02 09:28:57.519,1.0109,1.011,1.60,1.60
2010.09.02 09:28:58.380,1.01095,1.0111,1.60,3.20
2010.09.02 09:28:58.651,1.01095,1.0111,1.60,1.60
2010.09.02 09:29:01.657,1.01095,1.0111,3.30,3.20
2010.09.02 09:29:03.905,1.01095,1.0111,3.30,1.60
2010.09.02 09:29:04.266,1.011,1.01115,3.20,1.60
2010.09.02 09:29:05.341,1.011,1.01115,1.00,1.60
2010.09.02 09:29:05.686,1.011,1.01115,4.00,1.60
2010.09.02 09:29:06.024,1.011,1.01115,5.60,1.60
2010.09.02 09:29:06.969,1.0111,1.0113,4.00,4.80
2010.09.02 09:29:07.298,1.0111,1.01125,5.60,1.60
2010.09.02 09:29:08.343,1.0111,1.0113,5.60,3.20
2010.09.02 09:29:10.819,1.01115,1.0113,2.40,2.40
2010.09.02 09:29:10.969,1.0111,1.0113,7.20,3.20
2010.09.02 09:29:12.220,1.0111,1.0113,6.40,4.00
2010.09.02 09:29:13.963,1.0111,1.0113,5.60,4.00
2010.09.02 09:29:14.398,1.0111,1.0113,5.60,3.20
2010.09.02 09:29:23.178,1.0111,1.0113,5.60,4.20
2010.09.02 09:29:23.819,1.0111,1.0113,3.20,6.60
2010.09.02 09:29:23.949,1.0111,1.0113,5.60,3.20
2010.09.02 09:29:24.061,1.0111,1.0113,6.40,2.40
2010.09.02 09:29:24.167,1.0111,1.0113,6.40,1.00
2010.09.02 09:29:25.911,1.0111,1.0113,5.60,3.20
2010.09.02 09:29:27.560,1.01115,1.0113,2.40,2.40
2010.09.02 09:29:27.938,1.01115,1.0113,4.10,2.40
2010.09.02 09:29:28.129,1.0112,1.0113,3.20,1.60
2010.09.02 09:29:28.320,1.0112,1.01135,3.20,1.60
2010.09.02 09:29:28.510,1.0112,1.01135,4.80,1.60
2010.09.02 09:29:29.097,1.0112,1.01135,5.20,1.60
2010.09.02 09:29:29.447,1.0113,1.0115,4.80,4.80
2010.09.02 09:29:29.648,1.0113,1.0115,4.80,6.40
2010.09.02 09:29:32.778,1.0113,1.0115,4.80,4.80
2010.09.02 09:29:35.891,1.0113,1.0115,4.80,6.40
2010.09.02 09:29:37.162,1.0113,1.01145,4.80,1.00
2010.09.02 09:29:39.650,1.0113,1.01145,4.80,1.30
2010.09.02 09:29:42.217,1.0113,1.01145,6.60,2.10
2010.09.02 09:29:42.565,1.0113,1.01145,6.00,1.30
2010.09.02 09:29:42.789,1.0113,1.01145,4.80,1.30
2010.09.02 09:29:44.082,1.0113,1.01145,1.60,3.70
2010.09.02 09:29:44.204,1.0113,1.0114,1.60,1.60
2010.09.02 09:29:45.120,1.01125,1.0114,2.40,2.40
2010.09.02 09:29:45.473,1.01125,1.0114,2.40,1.60
2010.09.02 09:29:47.149,1.01125,1.0114,3.20,1.60
2010.09.02 09:29:48.033,1.01125,1.01135,1.00,1.60
2010.09.02 09:29:49.659,1.0112,1.01135,3.20,1.60
2010.09.02 09:29:50.486,1.0112,1.01135,3.20,2.10
2010.09.02 09:29:51.545,1.0112,1.01135,2.40,2.10
2010.09.02 09:29:53.707,1.0112,1.01135,4.80,2.10
2010.09.02 09:29:53.945,1.0112,1.01135,2.40,2.10
2010.09.02 09:29:58.585,1.0112,1.01135,3.20,2.20
2010.09.02 09:30:00.127,1.0112,1.01135,4.00,3.00
2010.09.02 09:30:00.295,1.0112,1.0113,4.00,1.60
2010.09.02 09:30:03.960,1.0112,1.0113,2.40,1.60
2010.09.02 09:30:04.811,1.0111,1.01125,4.00,1.60
2010.09.02 09:30:05.082,1.0111,1.01125,4.00,1.60
2010.09.02 09:30:05.945,1.0111,1.01125,2.40,2.40
2010.09.02 09:30:06.271,1.01105,1.0112,4.00,2.40
2010.09.02 09:30:07.506,1.0111,1.0112,1.00,2.40
2010.09.02 09:30:07.831,1.01105,1.0112,2.40,2.40
2010.09.02 09:30:08.162,1.01105,1.0112,3.20,2.40
2010.09.02 09:30:09.368,1.01115,1.01125,1.60,1.00
2010.09.02 09:30:09.570,1.01115,1.0113,2.40,2.40
2010.09.02 09:30:09.859,1.01115,1.01135,2.40,8.00
2010.09.02 09:30:10.175,1.01115,1.0113,2.40,1.00
2010.09.02 09:30:10.689,1.01115,1.0113,3.20,2.40
2010.09.02 09:30:10.986,1.01115,1.0113,2.40,3.20
2010.09.02 09:30:11.859,1.01115,1.0113,1.60,3.20
2010.09.02 09:30:12.695,1.01115,1.0113,1.60,3.60
2010.09.02 09:30:12.964,1.01115,1.01125,1.00,1.00
2010.09.02 09:30:13.640,1.0111,1.01125,3.20,1.00
2010.09.02 09:30:15.149,1.0111,1.01125,3.20,1.00
2010.09.02 09:30:16.215,1.0111,1.01125,3.20,2.40
2010.09.02 09:30:16.569,1.0111,1.01125,1.60,1.60
2010.09.02 09:30:17.141,1.0111,1.0113,1.60,9.20
2010.09.02 09:30:17.866,1.0111,1.01125,1.60,1.00
2010.09.02 09:30:18.099,1.0111,1.01125,1.00,1.00
2010.09.02 09:30:18.896,1.0111,1.01125,1.00,3.20
2010.09.02 09:30:19.250,1.01105,1.0112,1.60,3.20
2010.09.02 09:30:20.171,1.011,1.01115,3.20,1.80
2010.09.02 09:30:20.496,1.011,1.0111,1.60,2.40
2010.09.02 09:30:22.426,1.011,1.0111,1.60,3.20
2010.09.02 09:30:24.069,1.011,1.0111,1.00,4.80
2010.09.02 09:30:24.373,1.011,1.0111,1.00,2.40
2010.09.02 09:30:25.114,1.011,1.01115,1.60,9.00
2010.09.02 09:30:25.462,1.011,1.01115,1.00,9.40
2010.09.02 09:30:26.766,1.011,1.0111,1.00,1.00
2010.09.02 09:30:27.117,1.011,1.0111,1.00,2.40
2010.09.02 09:30:27.461,1.01095,1.0111,2.40,2.40
2010.09.02 09:30:29.144,1.011,1.0111,1.00,1.00
2010.09.02 09:30:30.766,1.01095,1.0111,1.60,1.00
2010.09.02 09:30:32.996,1.01095,1.0111,2.50,1.00
2010.09.02 09:30:33.138,1.011,1.0111,1.00,1.00
2010.09.02 09:30:33.277,1.011,1.01115,1.00,8.60
2010.09.02 09:30:34.748,1.011,1.01115,1.00,7.80
2010.09.02 09:30:35.371,1.011,1.0111,1.00,1.00
2010.09.02 09:30:36.526,1.01095,1.0111,4.80,1.00
2010.09.02 09:30:36.771,1.01095,1.0111,5.60,1.60
2010.09.02 09:30:36.991,1.01095,1.0111,5.60,1.00
2010.09.02 09:30:38.160,1.01095,1.0111,6.40,1.60
2010.09.02 09:30:38.320,1.01105,1.0111,1.00,1.60
2010.09.02 09:30:38.482,1.011,1.0111,2.00,1.60
2010.09.02 09:30:39.207,1.01105,1.01115,1.00,1.60
2010.09.02 09:30:39.382,1.0111,1.01125,1.60,8.60
2010.09.02 09:30:39.729,1.0111,1.01125,1.00,10.60
2010.09.02 09:30:40.069,1.0111,1.01125,1.00,9.60
2010.09.02 09:30:40.984,1.01115,1.01125,1.60,6.40
2010.09.02 09:30:41.337,1.0111,1.01125,1.60,6.60
2010.09.02 09:30:42.699,1.01115,1.01125,1.00,5.80
2010.09.02 09:30:42.939,1.01115,1.01125,1.00,4.20
2010.09.02 09:30:44.047,1.0111,1.01125,3.20,1.00
2010.09.02 09:30:44.349,1.0111,1.01125,5.60,1.00
2010.09.02 09:30:44.651,1.01115,1.0113,1.00,3.40
2010.09.02 09:30:45.537,1.01115,1.0113,1.60,4.20
2010.09.02 09:30:45.821,1.01115,1.0113,1.60,5.80
2010.09.02 09:30:47.079,1.01115,1.01125,1.60,2.40
2010.09.02 09:30:47.408,1.01115,1.01125,1.00,7.20
2010.09.02 09:30:47.736,1.01115,1.01125,1.60,9.80
2010.09.02 09:30:48.463,1.0111,1.01125,1.60,9.40
2010.09.02 09:30:48.788,1.0111,1.01125,4.80,1.00
2010.09.02 09:30:49.063,1.0111,1.01125,5.60,1.00
2010.09.02 09:30:49.939,1.0111,1.01125,6.40,1.00
2010.09.02 09:30:50.263,1.0111,1.01125,8.80,1.00
2010.09.02 09:30:51.128,1.01115,1.0113,1.60,2.40
2010.09.02 09:30:51.436,1.0112,1.01135,1.00,9.60
2010.09.02 09:30:51.732,1.0112,1.01135,1.00,17.60
2010.09.02 09:30:52.481,1.0111,1.0112,4.80,1.80
2010.09.02 09:30:52.834,1.01095,1.0111,2.40,3.40
2010.09.02 09:30:53.759,1.01095,1.0111,1.00,5.00
2010.09.02 09:30:54.120,1.0109,1.01105,4.80,1.00
2010.09.02 09:30:56.941,1.0109,1.01105,6.40,1.00
2010.09.02 09:30:58.629,1.0109,1.01105,4.00,1.00
2010.09.02 09:31:00.354,1.0109,1.0111,6.40,5.80
2010.09.02 09:31:00.640,1.0109,1.0111,6.40,5.00
2010.09.02 09:31:00.931,1.0109,1.0111,5.60,6.60
2010.09.02 09:31:01.219,1.0109,1.0111,4.00,6.60
2010.09.02 09:31:02.160,1.0109,1.0111,4.00,5.00
2010.09.02 09:31:02.502,1.01095,1.0111,1.00,5.00
2010.09.02 09:31:02.708,1.01095,1.0111,1.60,5.00
2010.09.02 09:31:05.040,1.01095,1.0111,4.20,2.40
2010.09.02 09:31:05.715,1.01095,1.0111,5.00,2.40
2010.09.02 09:31:06.008,1.01105,1.0112,1.60,4.00
2010.09.02 09:31:06.289,1.01105,1.0112,3.20,3.20
2010.09.02 09:31:07.158,1.0111,1.0112,1.00,1.60
2010.09.02 09:31:09.230,1.01105,1.0112,2.40,4.80
2010.09.02 09:31:12.382,1.01105,1.0112,2.40,4.00
2010.09.02 09:31:19.785,1.01105,1.0112,2.40,4.80
2010.09.02 09:31:19.992,1.01105,1.0112,1.00,5.60
2010.09.02 09:31:23.663,1.011,1.0111,1.60,3.20
2010.09.02 09:31:23.880,1.011,1.0111,1.00,3.20
2010.09.02 09:31:24.867,1.011,1.01115,1.00,3.20
2010.09.02 09:31:25.423,1.011,1.01115,1.00,2.40
2010.09.02 09:31:31.736,1.011,1.01115,2.40,2.40
2010.09.02 09:31:32.371,1.011,1.01115,3.20,1.00
2010.09.02 09:31:32.667,1.011,1.01115,2.40,1.00
2010.09.02 09:31:32.843,1.011,1.01115,7.20,1.00
2010.09.02 09:31:36.645,1.011,1.01115,8.80,1.00
2010.09.02 09:31:36.834,1.011,1.01115,3.20,1.00
2010.09.02 09:31:37.012,1.011,1.01115,3.20,1.00
2010.09.02 09:31:37.370,1.011,1.01115,8.80,1.00
2010.09.02 09:31:38.310,1.01105,1.01115,1.00,1.00
2010.09.02 09:31:38.640,1.01105,1.01115,1.00,1.00
2010.09.02 09:31:38.973,1.01105,1.01115,1.00,1.00
2010.09.02 09:31:39.917,1.01105,1.0112,2.40,3.40
2010.09.02 09:31:43.036,1.01105,1.0111,2.40,1.80
2010.09.02 09:31:43.293,1.011,1.0111,1.00,1.00
2010.09.02 09:31:43.551,1.011,1.01115,3.20,1.00
2010.09.02 09:31:43.810,1.011,1.01115,8.80,1.00
2010.09.02 09:31:45.066,1.01105,1.01115,1.00,1.00
2010.09.02 09:31:51.970,1.01105,1.0112,1.00,4.20
2010.09.02 09:31:52.747,1.01105,1.0112,4.00,1.00
2010.09.02 09:31:53.007,1.0111,1.01125,5.60,1.00
2010.09.02 09:31:53.149,1.0111,1.01125,7.20,1.00
2010.09.02 09:31:56.690,1.0111,1.01125,2.40,1.00
2010.09.02 09:32:00.688,1.0111,1.01125,4.00,1.00
2010.09.02 09:32:13.456,1.0111,1.01125,2.40,1.00
2010.09.02 09:32:14.507,1.0111,1.01125,4.00,1.00
2010.09.02 09:32:15.768,1.0111,1.01125,4.80,1.00
2010.09.02 09:32:16.109,1.0111,1.01125,5.10,1.00
2010.09.02 09:32:17.369,1.01115,1.01125,1.00,1.00
2010.09.02 09:32:25.967,1.01115,1.01125,1.60,1.00
2010.09.02 09:32:29.681,1.01115,1.0113,1.60,6.20
2010.09.02 09:32:29.930,1.01115,1.0113,1.60,7.40
2010.09.02 09:32:36.502,1.01115,1.0113,1.60,7.00
2010.09.02 09:32:49.976,1.01115,1.0113,1.60,7.40
2010.09.02 09:32:53.971,1.01115,1.0113,1.60,7.00
2010.09.02 09:32:56.459,1.01115,1.01125,1.60,2.40
2010.09.02 09:33:09.826,1.01105,1.0112,4.00,6.40
2010.09.02 09:33:09.964,1.01105,1.0112,4.00,8.00
2010.09.02 09:33:10.663,1.01105,1.0112,3.20,8.00
2010.09.02 09:33:11.143,1.01105,1.0112,3.20,6.40
2010.09.02 09:33:12.410,1.01105,1.0112,2.40,6.40
2010.09.02 09:33:12.757,1.01105,1.0112,3.20,7.50
2010.09.02 09:33:14.438,1.01105,1.0112,3.20,6.40
2010.09.02 09:33:21.143,1.01105,1.01115,2.40,4.00
2010.09.02 09:33:21.768,1.01105,1.01115,1.00,5.60
2010.09.02 09:33:21.999,1.01095,1.0111,4.80,3.20
2010.09.02 09:33:24.727,1.01095,1.01105,4.80,2.40
2010.09.02 09:33:24.816,1.01095,1.01105,3.20,2.40
2010.09.02 09:33:24.948,1.01095,1.01105,2.40,2.40
2010.09.02 09:33:25.341,1.01095,1.01105,2.40,4.00
2010.09.02 09:33:26.064,1.01095,1.01105,2.40,4.80
2010.09.02 09:33:26.317,1.0109,1.01105,2.40,8.00
2010.09.02 09:33:26.570,1.0109,1.01105,2.40,8.80
2010.09.02 09:33:27.676,1.0109,1.01105,2.40,8.00
2010.09.02 09:33:28.006,1.0109,1.01105,2.40,8.80
2010.09.02 09:33:28.926,1.01095,1.01105,1.60,3.20
2010.09.02 09:33:29.274,1.01095,1.01105,1.60,7.20
2010.09.02 09:33:32.660,1.01095,1.01105,1.60,8.00
2010.09.02 09:33:33.922,1.01095,1.01105,1.60,3.20
2010.09.02 09:33:34.084,1.01095,1.01105,2.40,2.40
2010.09.02 09:33:36.219,1.0109,1.01105,3.20,5.60
2010.09.02 09:33:36.369,1.0109,1.01105,3.20,6.40
2010.09.02 09:33:40.460,1.0109,1.01105,3.20,7.20
2010.09.02 09:33:40.581,1.0109,1.01105,4.00,6.40
2010.09.02 09:33:49.837,1.0109,1.01105,3.20,6.40
2010.09.02 09:33:49.977,1.0109,1.01105,3.20,4.80
2010.09.02 09:33:50.771,1.01095,1.01105,1.60,2.40
2010.09.02 09:33:53.060,1.01095,1.01105,1.60,4.80
2010.09.02 09:33:53.177,1.01095,1.01105,1.60,6.40
2010.09.02 09:33:56.273,1.01095,1.01105,1.60,5.60
2010.09.02 09:33:56.592,1.01095,1.01105,1.60,1.00
2010.09.02 09:34:02.356,1.0109,1.01105,4.00,3.20
2010.09.02 09:34:02.699,1.01095,1.01105,1.60,1.00
2010.09.02 09:34:09.300,1.01095,1.01105,1.60,1.00
2010.09.02 09:34:10.063,1.0109,1.011,4.00,1.00
2010.09.02 09:34:10.405,1.01085,1.011,4.00,1.60
2010.09.02 09:34:10.741,1.01085,1.011,3.20,1.60
2010.09.02 09:34:16.782,1.01085,1.011,2.40,2.40
2010.09.02 09:34:17.764,1.01085,1.01095,1.60,1.00
2010.09.02 09:34:28.739,1.01085,1.011,2.40,4.80
2010.09.02 09:34:29.301,1.01085,1.011,2.40,4.00
2010.09.02 09:34:30.197,1.0109,1.01105,2.40,6.40
2010.09.02 09:34:30.503,1.0109,1.01105,2.40,3.20
2010.09.02 09:34:31.681,1.0109,1.01105,2.40,2.40
2010.09.02 09:34:32.243,1.0109,1.01105,3.20,2.40
2010.09.02 09:34:32.525,1.0109,1.01105,4.00,1.00
2010.09.02 09:34:33.390,1.0109,1.01105,4.80,1.00
2010.09.02 09:34:35.216,1.01095,1.01105,1.60,1.00
2010.09.02 09:34:35.335,1.01095,1.01105,2.40,1.00
2010.09.02 09:34:40.294,1.01095,1.0111,2.40,6.40
2010.09.02 09:34:41.813,1.01095,1.01105,1.00,1.00
2010.09.02 09:34:42.995,1.0109,1.01105,4.00,1.00
2010.09.02 09:34:45.455,1.01095,1.01105,1.60,1.00
2010.09.02 09:34:45.740,1.01095,1.01105,3.20,1.00
2010.09.02 09:35:05.658,1.01095,1.01105,1.60,1.00
2010.09.02 09:35:05.866,1.0109,1.01105,2.40,1.60
2010.09.02 09:35:06.213,1.0109,1.011,1.00,3.20
2010.09.02 09:35:06.833,1.0109,1.011,1.00,3.20
2010.09.02 09:35:07.189,1.01085,1.011,4.00,3.20
2010.09.02 09:35:07.871,1.01085,1.011,4.00,4.80
2010.09.02 09:35:08.088,1.01085,1.011,3.20,4.80
2010.09.02 09:35:09.008,1.01085,1.011,2.40,4.80
2010.09.02 09:35:11.091,1.01085,1.011,1.00,4.80
2010.09.02 09:35:12.254,1.01085,1.011,1.00,5.60
2010.09.02 09:35:12.609,1.01085,1.011,3.20,3.20
2010.09.02 09:35:12.991,1.01085,1.011,4.00,3.20
2010.09.02 09:35:13.693,1.01085,1.011,4.80,3.20
2010.09.02 09:35:16.855,1.01085,1.011,4.00,3.20
2010.09.02 09:35:18.241,1.01085,1.011,3.20,3.20
2010.09.02 09:35:20.503,1.01085,1.011,2.40,4.80
2010.09.02 09:35:22.775,1.01085,1.011,2.40,5.60
2010.09.02 09:35:24.035,1.01085,1.011,2.40,4.00
2010.09.02 09:35:24.230,1.01085,1.011,3.20,3.20
2010.09.02 09:35:30.393,1.01085,1.011,3.20,4.00
2010.09.02 09:35:32.696,1.01085,1.011,3.20,3.20
2010.09.02 09:35:32.858,1.01085,1.011,3.20,4.00
2010.09.02 09:35:32.936,1.01085,1.011,2.40,4.80
2010.09.02 09:35:34.391,1.01085,1.011,2.40,5.60
2010.09.02 09:35:36.625,1.01085,1.011,3.20,4.80
2010.09.02 09:35:39.512,1.01085,1.011,3.20,4.00
2010.09.02 09:35:46.965,1.01085,1.011,3.20,4.80
2010.09.02 09:35:47.251,1.01085,1.011,3.20,4.00
2010.09.02 09:35:47.866,1.01085,1.011,3.20,4.80
2010.09.02 09:35:48.219,1.01085,1.011,3.20,4.00
2010.09.02 09:35:48.914,1.0109,1.011,1.60,1.60
2010.09.02 09:35:49.520,1.01085,1.011,3.20,1.60
2010.09.02 09:35:49.866,1.01085,1.011,3.20,4.00
2010.09.02 09:35:50.211,1.0109,1.011,1.60,4.00
2010.09.02 09:35:52.419,1.0109,1.011,2.40,4.00
2010.09.02 09:35:52.777,1.0109,1.011,2.40,3.20
2010.09.02 09:35:53.565,1.0109,1.01105,3.20,9.00
2010.09.02 09:35:53.722,1.0109,1.01105,3.20,8.20
2010.09.02 09:35:53.879,1.0109,1.01105,3.20,9.00
2010.09.02 09:35:54.918,1.0109,1.01105,3.20,5.00
2010.09.02 09:35:55.279,1.01095,1.0111,3.20,6.40
2010.09.02 09:35:56.206,1.01095,1.0111,2.40,5.60
2010.09.02 09:35:56.566,1.01095,1.0111,2.40,6.40
2010.09.02 09:36:00.691,1.01095,1.0111,3.20,5.60
2010.09.02 09:36:01.535,1.01095,1.0111,4.00,4.80
2010.09.02 09:36:01.887,1.011,1.0111,2.40,1.00
2010.09.02 09:36:02.234,1.011,1.0111,1.00,1.00
2010.09.02 09:36:03.080,1.011,1.0111,2.40,1.00
2010.09.02 09:36:06.874,1.01095,1.0111,4.80,3.20
2010.09.02 09:36:07.481,1.01095,1.0111,7.20,1.00
2010.09.02 09:36:07.690,1.01095,1.0111,4.80,3.20
2010.09.02 09:36:09.560,1.01095,1.0111,4.00,4.00
2010.09.02 09:36:09.657,1.01095,1.0111,3.20,4.00
2010.09.02 09:36:09.846,1.01095,1.0111,3.20,4.80
2010.09.02 09:36:11.042,1.011,1.0111,1.60,1.00
2010.09.02 09:36:13.301,1.011,1.0111,2.40,1.00
2010.09.02 09:36:17.175,1.011,1.01115,2.80,8.40
2010.09.02 09:36:17.443,1.011,1.01115,5.20,6.80
2010.09.02 09:36:17.710,1.011,1.01115,5.20,6.40
2010.09.02 09:36:18.823,1.01105,1.01115,1.60,6.40
2010.09.02 09:36:22.211,1.01105,1.01115,1.60,1.60
2010.09.02 09:36:22.361,1.0111,1.0112,1.00,1.00
2010.09.02 09:36:22.500,1.0111,1.0112,2.40,1.00
2010.09.02 09:36:24.060,1.0111,1.0112,3.20,1.00
2010.09.02 09:36:25.033,1.0111,1.0112,4.00,1.00
2010.09.02 09:36:26.404,1.011,1.0111,2.40,1.00
2010.09.02 09:36:26.735,1.011,1.0111,1.00,3.20
2010.09.02 09:36:27.659,1.011,1.0111,1.00,3.40
2010.09.02 09:36:27.930,1.01095,1.0111,6.60,2.60
2010.09.02 09:36:29.496,1.011,1.0111,1.60,1.00
2010.09.02 09:36:29.767,1.01105,1.0111,1.00,1.00
2010.09.02 09:36:30.033,1.01105,1.01115,1.00,6.40
2010.09.02 09:36:30.878,1.01105,1.0112,4.00,4.80
2010.09.02 09:36:32.790,1.0111,1.0112,1.00,8.80
2010.09.02 09:36:32.957,1.01105,1.0111,1.00,1.00
2010.09.02 09:36:33.605,1.01105,1.0111,1.00,1.60
2010.09.02 09:36:33.787,1.01095,1.0111,4.80,1.60
2010.09.02 09:36:34.132,1.01095,1.0111,4.80,1.00
2010.09.02 09:36:35.064,1.011,1.0111,2.40,1.00
2010.09.02 09:36:35.253,1.011,1.01115,4.00,3.20
2010.09.02 09:36:35.442,1.011,1.01115,6.40,1.00
2010.09.02 09:36:36.198,1.011,1.01115,5.60,1.00
2010.09.02 09:36:37.319,1.011,1.01115,8.00,1.00
2010.09.02 09:36:37.627,1.011,1.0112,6.40,8.20
2010.09.02 09:36:37.779,1.011,1.0112,6.40,8.60
2010.09.02 09:36:38.558,1.01105,1.0112,3.20,1.60
2010.09.02 09:36:38.835,1.01105,1.0112,3.20,1.00
2010.09.02 09:36:39.112,1.01105,1.0112,4.00,1.00
2010.09.02 09:36:39.993,1.01105,1.0112,2.40,4.80
2010.09.02 09:36:40.264,1.01105,1.0112,1.00,4.80
2010.09.02 09:36:41.366,1.01105,1.0112,1.60,4.80
2010.09.02 09:36:41.727,1.01105,1.0112,2.40,4.00
2010.09.02 09:36:42.933,1.01105,1.0112,4.00,4.00
2010.09.02 09:36:43.341,1.01105,1.0112,4.80,3.20
2010.09.02 09:36:43.492,1.01105,1.0112,4.00,5.00
2010.09.02 09:36:43.642,1.01105,1.0112,3.20,4.80
2010.09.02 09:36:44.523,1.01105,1.0112,1.60,5.60
2010.09.02 09:36:44.805,1.01105,1.0112,1.60,5.60
2010.09.02 09:36:46.477,1.01105,1.0112,2.40,5.60
2010.09.02 09:36:50.035,1.0111,1.0112,1.80,4.80
2010.09.02 09:36:50.346,1.01105,1.0112,5.10,2.40
2010.09.02 09:36:51.239,1.0111,1.01125,1.00,3.40
2010.09.02 09:36:51.587,1.0111,1.0112,1.60,2.40
2010.09.02 09:36:55.629,1.0111,1.0112,1.60,1.00
2010.09.02 09:36:55.879,1.0111,1.01125,1.60,2.40
2010.09.02 09:36:56.586,1.0111,1.01125,1.60,1.00
2010.09.02 09:36:56.904,1.0111,1.01125,2.40,3.20
2010.09.02 09:36:58.573,1.0111,1.01125,1.00,4.80
2010.09.02 09:36:58.920,1.0111,1.01125,1.00,5.60
2010.09.02 09:37:01.799,1.0111,1.01125,1.60,5.60
2010.09.02 09:37:02.031,1.0111,1.01125,1.00,5.60
2010.09.02 09:37:02.480,1.0111,1.01125,1.00,6.40
2010.09.02 09:37:03.590,1.0111,1.01125,1.00,5.60
2010.09.02 09:37:03.817,1.0111,1.0112,1.00,2.40
2010.09.02 09:37:04.048,1.0111,1.01125,1.00,7.20
2010.09.02 09:37:04.916,1.0111,1.01125,1.60,7.20
2010.09.02 09:37:09.422,1.0111,1.01125,1.60,6.40
2010.09.02 09:37:10.228,1.0111,1.01125,1.60,4.80
2010.09.02 09:37:10.530,1.0111,1.01125,2.40,2.40
2010.09.02 09:37:13.825,1.01115,1.0113,3.20,6.40
2010.09.02 09:37:13.989,1.01115,1.0113,3.20,5.60
2010.09.02 09:37:14.328,1.01115,1.0113,3.20,6.40
2010.09.02 09:37:15.961,1.01115,1.0113,3.40,6.40
2010.09.02 09:37:16.489,1.0112,1.0113,1.60,4.00
2010.09.02 09:37:16.621,1.0112,1.01135,1.00,5.50
2010.09.02 09:37:16.760,1.0112,1.01135,1.00,6.70
2010.09.02 09:37:16.888,1.0112,1.01135,1.00,8.00
2010.09.02 09:37:17.018,1.01115,1.01135,8.20,8.80
2010.09.02 09:37:17.869,1.01115,1.0113,2.60,4.80
2010.09.02 09:37:18.175,1.0112,1.0113,1.00,1.00
2010.09.02 09:37:18.325,1.0112,1.0113,1.80,1.00
2010.09.02 09:37:18.467,1.0112,1.0113,1.00,1.00
2010.09.02 09:37:19.591,1.01115,1.0113,5.00,5.90
2010.09.02 09:37:19.903,1.0112,1.0113,1.00,1.00
2010.09.02 09:37:20.212,1.01115,1.0113,5.00,4.00
2010.09.02 09:37:21.085,1.01115,1.01125,2.40,2.40
2010.09.02 09:37:21.437,1.01115,1.01125,2.40,2.40
2010.09.02 09:37:21.594,1.01115,1.01125,6.40,2.40
2010.09.02 09:37:21.750,1.0112,1.0113,3.20,1.00
2010.09.02 09:37:21.909,1.0112,1.01135,5.60,1.60
2010.09.02 09:37:22.208,1.0112,1.0113,4.00,2.40
2010.09.02 09:37:22.932,1.01115,1.0113,5.60,2.40
2010.09.02 09:37:23.176,1.01115,1.0113,1.60,4.40
2010.09.02 09:37:23.412,1.01115,1.0113,3.20,5.20
2010.09.02 09:37:24.391,1.0112,1.0113,2.40,3.60
2010.09.02 09:37:24.660,1.01115,1.0113,2.40,5.20
2010.09.02 09:37:25.989,1.01115,1.0113,4.80,4.40
2010.09.02 09:37:26.338,1.01115,1.0113,4.80,4.00
2010.09.02 09:37:26.680,1.01115,1.0113,3.20,4.00
2010.09.02 09:37:26.881,1.01115,1.0113,3.20,4.80
2010.09.02 09:37:27.083,1.01115,1.0113,5.00,1.60
2010.09.02 09:37:27.290,1.01115,1.0113,5.00,3.20
2010.09.02 09:37:28.124,1.01115,1.01125,4.00,2.40
2010.09.02 09:37:28.662,1.0112,1.01125,1.60,2.40
2010.09.02 09:37:29.637,1.0112,1.0113,1.60,1.60
2010.09.02 09:37:30.663,1.0112,1.0113,1.00,1.60
2010.09.02 09:37:31.286,1.0112,1.0113,3.20,1.60
2010.09.02 09:37:31.637,1.0112,1.01135,5.60,1.00
2010.09.02 09:37:31.861,1.01125,1.0114,1.60,8.80
2010.09.02 09:37:32.079,1.01125,1.0114,1.60,8.00
2010.09.02 09:37:32.996,1.01115,1.0113,2.40,4.00
2010.09.02 09:37:33.237,1.01115,1.0113,2.40,4.80
2010.09.02 09:37:33.472,1.01115,1.0113,2.40,6.40
2010.09.02 09:37:36.908,1.01115,1.0113,2.40,8.50
2010.09.02 09:37:37.278,1.01115,1.0113,2.40,7.70
2010.09.02 09:37:38.411,1.01115,1.0113,1.00,8.50
2010.09.02 09:37:38.781,1.0111,1.01125,6.60,1.00
2010.09.02 09:37:39.462,1.0111,1.01125,6.60,1.00
2010.09.02 09:37:41.248,1.01115,1.01125,1.60,1.00
2010.09.02 09:37:45.925,1.01115,1.01125,2.40,1.00
2010.09.02 09:37:47.634,1.01115,1.0113,2.40,6.40
2010.09.02 09:37:49.253,1.01115,1.0113,2.40,8.00
2010.09.02 09:37:51.367,1.01115,1.01125,1.60,1.00
2010.09.02 09:37:53.255,1.0111,1.01125,7.40,1.00
2010.09.02 09:37:57.284,1.01115,1.0113,2.40,6.40
2010.09.02 09:37:59.008,1.01115,1.0113,3.20,6.40
2010.09.02 09:37:59.621,1.01115,1.0113,3.20,5.60
2010.09.02 09:38:00.042,1.01115,1.0113,2.40,4.00
2010.09.02 09:38:00.260,1.0112,1.01135,1.00,4.00
2010.09.02 09:38:00.878,1.0112,1.01135,2.40,1.60
2010.09.02 09:38:01.204,1.0112,1.01135,4.80,1.00
2010.09.02 09:38:02.398,1.0112,1.01135,3.20,1.00
2010.09.02 09:38:03.391,1.0112,1.01135,4.00,1.00
2010.09.02 09:38:06.989,1.0112,1.01135,5.60,1.00
2010.09.02 09:38:09.177,1.0112,1.01135,4.80,1.00
2010.09.02 09:38:15.651,1.0112,1.01135,3.20,1.00
2010.09.02 09:38:16.251,1.0112,1.01135,3.20,1.60
2010.09.02 09:38:16.597,1.0112,1.01135,4.80,1.00
2010.09.02 09:38:18.502,1.0112,1.0113,1.00,2.40
2010.09.02 09:38:19.631,1.01115,1.0113,4.00,2.40
2010.09.02 09:38:20.731,1.01115,1.0113,4.00,3.20
2010.09.02 09:38:22.028,1.01115,1.0113,4.00,4.00
2010.09.02 09:38:22.752,1.01115,1.0113,3.20,4.00
2010.09.02 09:38:22.985,1.01115,1.0113,3.20,4.80
2010.09.02 09:38:23.670,1.01115,1.0113,2.40,5.60
2010.09.02 09:38:27.120,1.0112,1.0113,3.20,4.00
2010.09.02 09:38:27.271,1.0113,1.0114,1.00,2.40
2010.09.02 09:38:28.127,1.0113,1.0114,1.00,1.60
2010.09.02 09:38:28.479,1.01125,1.0114,4.80,2.00
2010.09.02 09:38:29.441,1.0113,1.0114,1.60,2.00
2010.09.02 09:38:30.132,1.01125,1.0114,4.80,2.00
2010.09.02 09:38:30.221,1.01125,1.0114,5.60,1.00
2010.09.02 09:38:30.800,1.0113,1.0114,1.60,1.00
2010.09.02 09:38:31.988,1.01125,1.0114,5.60,4.00
2010.09.02 09:38:32.330,1.0113,1.01145,2.40,9.60
2010.09.02 09:38:32.674,1.0113,1.01145,2.40,8.80
2010.09.02 09:38:32.888,1.0113,1.0114,2.40,1.20
2010.09.02 09:38:33.702,1.01125,1.0114,4.80,1.20
2010.09.02 09:38:33.858,1.01125,1.0114,4.00,4.80
2010.09.02 09:38:34.000,1.01125,1.0114,4.00,5.60
2010.09.02 09:38:34.558,1.01125,1.0114,2.40,5.60
2010.09.02 09:38:34.698,1.01125,1.0114,2.40,5.20
2010.09.02 09:38:35.601,1.01125,1.0114,2.40,5.60
2010.09.02 09:38:39.138,1.01125,1.0114,2.40,4.80
2010.09.02 09:38:39.894,1.01125,1.0114,2.40,5.20
2010.09.02 09:38:44.292,1.01125,1.0114,2.40,4.80
2010.09.02 09:38:46.340,1.01125,1.0114,2.40,2.40
2010.09.02 09:38:52.561,1.01125,1.0114,2.40,2.80
2010.09.02 09:38:59.808,1.0113,1.01145,2.40,9.60
2010.09.02 09:38:59.928,1.0113,1.01145,2.40,8.80
2010.09.02 09:39:01.949,1.0113,1.01145,2.40,8.00
2010.09.02 09:39:02.487,1.0113,1.01145,3.20,8.00
2010.09.02 09:39:03.590,1.01135,1.0115,3.20,4.80
2010.09.02 09:39:11.545,1.0114,1.0115,1.60,2.40
2010.09.02 09:39:11.796,1.0114,1.0115,1.60,1.00
2010.09.02 09:39:13.849,1.01135,1.0115,4.00,3.20
2010.09.02 09:39:14.011,1.0114,1.0115,1.60,3.20
2010.09.02 09:39:14.170,1.01135,1.0115,4.80,3.20
2010.09.02 09:39:15.133,1.01135,1.0115,3.20,3.20
2010.09.02 09:39:19.758,1.0114,1.0115,1.00,3.20
2010.09.02 09:39:22.673,1.0114,1.0115,1.00,2.40
2010.09.02 09:39:23.451,1.0114,1.0115,2.40,2.40
2010.09.02 09:39:23.937,1.0114,1.0115,2.40,3.20
2010.09.02 09:39:24.060,1.0114,1.01145,1.60,2.40
2010.09.02 09:39:24.731,1.01135,1.01145,5.00,2.40
2010.09.02 09:39:24.977,1.0114,1.0115,1.60,4.80
2010.09.02 09:39:26.891,1.0114,1.01155,4.00,2.40
2010.09.02 09:39:27.209,1.0114,1.01155,4.80,1.60
2010.09.02 09:39:28.593,1.0114,1.01155,4.00,1.00
2010.09.02 09:39:28.781,1.0114,1.01155,3.20,3.60
2010.09.02 09:39:28.970,1.0114,1.0115,3.20,2.40
2010.09.02 09:39:30.121,1.0114,1.0115,2.40,3.20
2010.09.02 09:39:32.625,1.0114,1.0115,2.40,4.80
2010.09.02 09:39:34.005,1.0114,1.0115,2.40,4.00
2010.09.02 09:39:34.358,1.0114,1.0115,3.20,1.60
2010.09.02 09:39:34.707,1.0114,1.0115,4.00,1.60
2010.09.02 09:39:35.977,1.01145,1.01155,1.60,1.60
2010.09.02 09:39:40.416,1.01145,1.01155,1.60,1.00
2010.09.02 09:39:42.208,1.0114,1.01155,4.80,1.00
2010.09.02 09:39:43.031,1.01145,1.01155,1.60,1.00
2010.09.02 09:39:45.611,1.0114,1.0115,1.60,4.00
2010.09.02 09:39:46.063,1.0114,1.0115,1.60,4.00
2010.09.02 09:39:47.024,1.01135,1.01145,1.60,1.00
2010.09.02 09:39:47.360,1.0113,1.01145,8.20,1.00
2010.09.02 09:39:48.636,1.01135,1.0115,2.40,8.00
2010.09.02 09:39:48.981,1.01135,1.0115,2.40,7.20
2010.09.02 09:39:49.251,1.01135,1.0115,2.40,6.40
2010.09.02 09:39:50.105,1.01135,1.0115,3.20,6.40
2010.09.02 09:39:54.678,1.01135,1.0115,1.60,6.40
2010.09.02 09:39:54.787,1.01135,1.0115,3.20,6.40
2010.09.02 09:39:55.464,1.01135,1.0115,1.60,6.40
2010.09.02 09:39:55.740,1.01135,1.0115,3.20,6.40
2010.09.02 09:39:55.873,1.01135,1.0115,1.60,6.40
2010.09.02 09:39:56.012,1.01135,1.0115,3.20,6.40
2010.09.02 09:39:56.720,1.01135,1.0115,3.20,5.60
2010.09.02 09:39:58.300,1.01135,1.0115,3.20,4.00
2010.09.02 09:40:08.995,1.01135,1.0115,1.00,6.40
2010.09.02 09:40:11.249,1.01135,1.0115,1.00,4.80
2010.09.02 09:40:12.768,1.01135,1.0115,1.00,6.40
2010.09.02 09:40:12.946,1.0113,1.01145,6.60,1.00
2010.09.02 09:40:15.619,1.0113,1.01145,7.40,1.00
2010.09.02 09:40:15.835,1.0113,1.01145,7.40,1.00
2010.09.02 09:40:17.279,1.0113,1.01145,7.40,1.00
2010.09.02 09:40:17.446,1.01135,1.01145,1.00,1.00
2010.09.02 09:40:17.613,1.0113,1.01145,6.60,1.00
2010.09.02 09:40:18.589,1.01135,1.0115,1.00,4.80
2010.09.02 09:40:18.930,1.01135,1.0115,1.00,7.20
2010.09.02 09:40:19.269,1.0113,1.01145,6.60,1.00
2010.09.02 09:40:28.016,1.0113,1.01145,7.40,1.00
2010.09.02 09:40:28.140,1.01135,1.0115,1.00,6.40
2010.09.02 09:40:28.388,1.01135,1.0115,1.60,5.60
2010.09.02 09:40:29.217,1.01135,1.0115,1.60,4.00
2010.09.02 09:40:30.418,1.01135,1.0115,1.00,4.00
2010.09.02 09:40:32.248,1.01135,1.0115,1.60,4.00
2010.09.02 09:40:32.670,1.01135,1.0115,1.00,4.80
2010.09.02 09:40:33.466,1.0113,1.0115,4.80,6.50
2010.09.02 09:40:33.628,1.0113,1.01145,4.00,1.00
2010.09.02 09:40:40.388,1.0113,1.01145,2.40,1.00
2010.09.02 09:40:47.162,1.0113,1.01145,3.20,1.00
2010.09.02 09:40:48.042,1.0113,1.0115,2.40,8.40
2010.09.02 09:40:49.703,1.0113,1.01145,2.40,1.00
2010.09.02 09:40:53.032,1.0113,1.01145,3.20,1.00
2010.09.02 09:40:53.134,1.01135,1.0115,1.00,6.00
2010.09.02 09:40:53.221,1.01135,1.0115,1.60,6.00
2010.09.02 09:40:55.447,1.01135,1.0115,1.00,6.00
2010.09.02 09:40:58.429,1.01135,1.01145,1.00,1.60
2010.09.02 09:40:59.580,1.01135,1.01145,1.00,1.00
2010.09.02 09:41:00.693,1.01135,1.0115,1.00,8.00
2010.09.02 09:41:04.033,1.01135,1.01145,1.00,1.00
2010.09.02 09:41:08.178,1.01135,1.0115,1.00,7.60
2010.09.02 09:41:09.083,1.01135,1.01145,1.00,1.00
2010.09.02 09:41:12.807,1.01135,1.0115,1.00,9.20
2010.09.02 09:41:13.679,1.01135,1.0115,1.00,7.60
2010.09.02 09:41:13.897,1.01135,1.0115,1.00,6.80
2010.09.02 09:41:15.613,1.01135,1.0115,1.00,6.40
2010.09.02 09:41:16.958,1.01135,1.0115,1.60,5.60
2010.09.02 09:41:17.303,1.01135,1.0115,2.60,2.40
2010.09.02 09:41:18.408,1.0114,1.01155,5.00,1.60
2010.09.02 09:41:18.599,1.0114,1.01155,5.80,1.00
2010.09.02 09:41:19.350,1.0114,1.01155,6.60,1.00
2010.09.02 09:41:20.573,1.0114,1.01155,6.60,1.00
2010.09.02 09:41:21.945,1.0114,1.01155,7.40,1.00
2010.09.02 09:41:22.259,1.01145,1.01155,1.00,1.00
2010.09.02 09:41:22.567,1.01145,1.0116,1.00,6.00
2010.09.02 09:41:23.629,1.01145,1.01155,1.00,1.00
2010.09.02 09:41:24.282,1.0114,1.01155,3.40,5.60
2010.09.02 09:41:25.248,1.0114,1.0115,2.60,1.00
2010.09.02 09:41:25.596,1.01135,1.0115,1.80,3.20
2010.09.02 09:41:26.200,1.01135,1.0115,1.80,4.80
2010.09.02 09:41:26.404,1.01135,1.0115,1.00,4.80
2010.09.02 09:41:27.633,1.01135,1.0115,1.00,4.40
2010.09.02 09:41:27.799,1.0113,1.01145,5.00,4.80
2010.09.02 09:41:27.973,1.0113,1.0114,3.20,2.40
2010.09.02 09:41:28.595,1.0113,1.0114,3.20,3.20
2010.09.02 09:41:28.768,1.01125,1.0114,4.20,3.20
2010.09.02 09:41:31.353,1.01125,1.0114,4.00,3.20
2010.09.02 09:41:31.633,1.0113,1.01145,1.00,10.40
2010.09.02 09:41:32.224,1.0113,1.01145,1.00,9.60
2010.09.02 09:41:32.485,1.0113,1.0114,1.00,2.40
2010.09.02 09:41:32.739,1.0113,1.0114,1.00,3.20
2010.09.02 09:41:34.445,1.0113,1.0114,2.40,2.40
2010.09.02 09:41:34.911,1.01125,1.0114,4.00,3.20
2010.09.02 09:41:35.798,1.01135,1.01145,1.80,1.00
2010.09.02 09:41:36.083,1.0114,1.0115,3.40,1.60
2010.09.02 09:41:36.373,1.0114,1.01155,5.80,1.60
2010.09.02 09:41:36.662,1.0114,1.01155,6.60,1.00
2010.09.02 09:41:37.265,1.0114,1.01155,7.40,1.00
2010.09.02 09:41:38.069,1.0114,1.01155,6.60,1.00
2010.09.02 09:41:41.247,1.0114,1.01155,6.60,1.00
2010.09.02 09:41:43.710,1.0114,1.01155,6.60,1.60
2010.09.02 09:41:44.650,1.0114,1.01155,6.60,1.00
2010.09.02 09:41:46.351,1.0114,1.01155,6.60,1.60
2010.09.02 09:41:46.496,1.0114,1.01155,5.00,1.00
2010.09.02 09:41:47.791,1.0114,1.01155,5.00,1.00
2010.09.02 09:41:51.250,1.0114,1.01155,7.40,1.00
2010.09.02 09:41:51.457,1.01145,1.01155,1.00,1.00
2010.09.02 09:41:54.137,1.0114,1.01155,7.40,1.00
2010.09.02 09:41:54.921,1.01145,1.01155,1.00,1.00
2010.09.02 09:41:55.772,1.01145,1.0116,4.00,4.80
2010.09.02 09:41:57.100,1.0114,1.0116,4.80,6.60
2010.09.02 09:41:57.444,1.0114,1.0115,1.60,2.40
2010.09.02 09:41:58.266,1.0114,1.0115,1.00,2.40
2010.09.02 09:42:04.672,1.01135,1.0115,4.00,4.00
2010.09.02 09:42:10.809,1.01135,1.01145,3.20,1.00
2010.09.02 09:42:10.942,1.0113,1.01145,3.20,5.80
2010.09.02 09:42:11.068,1.0113,1.01145,3.20,9.00
2010.09.02 09:42:11.201,1.0113,1.01145,2.40,12.20
2010.09.02 09:42:11.328,1.0113,1.01145,2.40,13.40
2010.09.02 09:42:12.253,1.0113,1.01145,2.40,11.80
2010.09.02 09:42:14.302,1.0113,1.01145,2.40,7.60
2010.09.02 09:42:14.398,1.0113,1.01145,3.20,4.00
2010.09.02 09:42:14.499,1.0113,1.01145,3.20,3.20
2010.09.02 09:42:14.601,1.0113,1.01145,4.00,2.40
2010.09.02 09:42:15.747,1.0113,1.01145,4.00,3.20
2010.09.02 09:42:16.314,1.0113,1.01145,4.00,2.40
2010.09.02 09:42:17.162,1.0113,1.01145,1.60,3.20
2010.09.02 09:42:17.517,1.0113,1.0114,2.40,3.20
2010.09.02 09:42:19.129,1.0113,1.0114,2.40,3.20
2010.09.02 09:42:19.315,1.0113,1.0114,1.00,3.20
2010.09.02 09:42:21.598,1.0113,1.0114,2.40,3.20
2010.09.02 09:42:23.804,1.0113,1.0114,1.60,3.20
2010.09.02 09:42:25.393,1.01125,1.0114,4.00,3.20
2010.09.02 09:42:25.580,1.0113,1.0114,1.60,3.20
2010.09.02 09:42:26.634,1.01125,1.0114,4.00,3.20
2010.09.02 09:42:26.935,1.0113,1.0114,1.60,3.20
2010.09.02 09:42:35.055,1.0112,1.01125,5.60,1.60
2010.09.02 09:42:35.263,1.0112,1.01125,1.00,2.60
2010.09.02 09:42:35.472,1.01115,1.01125,1.00,3.00
2010.09.02 09:42:35.681,1.0111,1.01125,2.40,3.80
2010.09.02 09:42:36.475,1.0111,1.0112,2.40,1.00
2010.09.02 09:42:36.827,1.0111,1.0112,1.00,3.20
2010.09.02 09:42:40.014,1.01105,1.0112,4.00,1.60
2010.09.02 09:42:40.226,1.01105,1.0112,4.00,1.60
2010.09.02 09:42:42.873,1.01105,1.0112,3.20,1.60
2010.09.02 09:42:56.625,1.01105,1.0112,4.00,1.60
2010.09.02 09:42:57.988,1.0111,1.0112,1.60,1.60
2010.09.02 09:43:01.685,1.01105,1.0112,4.80,4.80
2010.09.02 09:43:02.021,1.01105,1.0112,4.00,4.80
2010.09.02 09:43:05.787,1.01105,1.0112,4.00,4.00
2010.09.02 09:43:06.887,1.01105,1.0112,4.80,3.20
2010.09.02 09:43:07.112,1.0111,1.0112,1.60,3.20
2010.09.02 09:43:09.570,1.01105,1.0112,3.20,3.20
2010.09.02 09:43:13.319,1.0111,1.0112,1.00,1.00
2010.09.02 09:43:14.315,1.0111,1.0112,2.40,1.00
2010.09.02 09:43:14.654,1.0111,1.0112,2.40,1.60
2010.09.02 09:43:15.325,1.0111,1.0112,3.20,1.00
2010.09.02 09:43:15.570,1.0111,1.01125,3.20,4.80
2010.09.02 09:43:16.234,1.0111,1.01125,5.60,3.20
2010.09.02 09:43:16.486,1.01115,1.01125,3.20,1.00
2010.09.02 09:43:17.892,1.0112,1.0113,2.40,2.40
2010.09.02 09:43:18.249,1.0112,1.0113,1.00,1.00
2010.09.02 09:43:19.721,1.01115,1.0113,2.40,1.60
2010.09.02 09:43:19.996,1.01115,1.0113,3.20,4.00
2010.09.02 09:43:20.883,1.01115,1.0113,2.40,4.00
2010.09.02 09:43:22.543,1.01115,1.0113,1.00,4.00
2010.09.02 09:43:24.625,1.01115,1.0113,2.40,2.40
2010.09.02 09:43:25.087,1.01115,1.0113,2.40,4.00
2010.09.02 09:43:26.198,1.01115,1.0113,3.20,3.20
2010.09.02 09:43:26.481,1.0112,1.0113,4.20,1.60
2010.09.02 09:43:27.513,1.01125,1.0114,1.60,4.00
2010.09.02 09:43:27.789,1.01125,1.0114,3.20,2.40
2010.09.02 09:43:30.783,1.01125,1.0114,3.20,1.60
2010.09.02 09:43:31.169,1.01125,1.0114,4.00,1.00
2010.09.02 09:43:32.309,1.0113,1.01145,1.00,6.40
2010.09.02 09:43:33.250,1.0113,1.01145,1.60,6.40
2010.09.02 09:43:33.439,1.0113,1.01145,1.60,4.00
2010.09.02 09:43:33.630,1.0113,1.01145,4.00,3.20
2010.09.02 09:43:33.819,1.0113,1.01145,4.80,1.00
2010.09.02 09:43:34.505,1.01135,1.01145,1.00,1.00
2010.09.02 09:43:34.660,1.01135,1.01145,1.00,1.00
2010.09.02 09:43:37.153,1.0113,1.01145,3.20,1.00
2010.09.02 09:43:37.608,1.0113,1.01145,1.60,1.00
2010.09.02 09:43:37.821,1.0113,1.01145,1.00,4.00
2010.09.02 09:43:37.928,1.0113,1.01145,1.00,5.60
2010.09.02 09:43:38.494,1.01125,1.0114,4.00,1.00
2010.09.02 09:43:39.444,1.0112,1.01135,5.60,1.00
2010.09.02 09:43:39.623,1.0112,1.01135,5.60,1.00
2010.09.02 09:43:40.567,1.0112,1.01135,5.80,1.60
2010.09.02 09:43:41.014,1.0112,1.01135,4.20,1.00
2010.09.02 09:43:42.069,1.0112,1.0114,8.00,4.00
2010.09.02 09:43:42.397,1.0112,1.01135,2.40,4.00
2010.09.02 09:43:42.723,1.0112,1.0113,2.40,1.00
2010.09.02 09:43:43.636,1.01115,1.01125,1.60,1.00
2010.09.02 09:43:43.985,1.0111,1.01125,8.00,1.00
2010.09.02 09:43:45.325,1.0111,1.01125,8.20,1.00
2010.09.02 09:44:02.129,1.01115,1.01125,1.00,1.00
2010.09.02 09:44:02.299,1.01115,1.0113,2.40,4.00
2010.09.02 09:44:03.412,1.01115,1.0113,3.20,4.00
2010.09.02 09:44:08.591,1.01115,1.0113,3.20,3.20
2010.09.02 09:44:17.818,1.01115,1.0113,1.60,3.20
2010.09.02 09:44:18.030,1.01115,1.0113,1.60,4.80
2010.09.02 09:44:26.122,1.01115,1.0113,3.20,4.80
2010.09.02 09:44:26.318,1.01115,1.0113,1.60,4.80
2010.09.02 09:44:27.347,1.01115,1.0113,3.20,3.20
2010.09.02 09:44:33.012,1.01115,1.0113,1.60,3.20
2010.09.02 09:44:33.864,1.01115,1.0113,1.60,4.00
2010.09.02 09:44:35.654,1.0111,1.0113,8.20,4.00
2010.09.02 09:44:35.912,1.0111,1.01125,8.20,1.00
2010.09.02 09:44:37.085,1.0111,1.01125,8.20,1.00
2010.09.02 09:44:39.308,1.0111,1.01125,6.60,1.00
2010.09.02 09:44:40.074,1.0111,1.01125,5.80,1.00
2010.09.02 09:44:42.507,1.0111,1.01125,7.40,1.00
2010.09.02 09:44:43.811,1.0111,1.01125,6.60,1.00
2010.09.02 09:44:43.888,1.0111,1.01125,2.40,1.60
2010.09.02 09:44:44.008,1.0111,1.0112,2.40,1.00
2010.09.02 09:44:44.188,1.0111,1.0112,1.00,1.00
2010.09.02 09:44:44.249,1.0111,1.0112,1.00,1.00
2010.09.02 09:44:44.428,1.01105,1.0112,3.20,1.00
2010.09.02 09:44:45.496,1.01105,1.0112,3.20,1.60
2010.09.02 09:44:47.937,1.01105,1.0112,3.20,2.40
2010.09.02 09:44:48.420,1.01105,1.01115,3.20,1.00
2010.09.02 09:44:51.945,1.01115,1.0113,1.00,4.80
2010.09.02 09:44:52.294,1.0111,1.0113,8.20,3.20
2010.09.02 09:44:52.917,1.0111,1.0113,9.80,3.20
2010.09.02 09:44:53.268,1.01115,1.0113,1.00,4.00
2010.09.02 09:45:02.160,1.01115,1.0113,3.20,2.40
2010.09.02 09:45:11.093,1.01115,1.0113,3.20,1.00
2010.09.02 09:45:12.493,1.01115,1.0113,3.20,1.60
2010.09.02 09:45:18.445,1.01115,1.0113,1.60,3.20
2010.09.02 09:45:18.784,1.01115,1.0113,1.60,4.00
2010.09.02 09:45:23.118,1.01115,1.0113,1.60,4.80
2010.09.02 09:45:23.738,1.01115,1.0113,1.60,4.00
2010.09.02 09:45:24.896,1.01115,1.0113,1.60,3.20
2010.09.02 09:45:24.986,1.01115,1.0113,1.60,1.60
2010.09.02 09:45:29.721,1.01115,1.0113,1.60,2.40
2010.09.02 09:45:29.911,1.01115,1.0113,1.60,1.60
2010.09.02 09:45:33.451,1.01115,1.0113,1.60,2.40
2010.09.02 09:45:40.707,1.01115,1.01125,1.60,1.00
2010.09.02 09:45:41.058,1.011,1.0111,4.40,1.00
2010.09.02 09:45:41.407,1.0109,1.01105,4.00,3.20
2010.09.02 09:45:42.253,1.0109,1.01105,1.00,1.60
2010.09.02 09:45:42.613,1.0109,1.01105,2.40,2.40
2010.09.02 09:45:43.632,1.0109,1.01105,2.40,4.00
2010.09.02 09:45:44.642,1.0109,1.01105,1.60,4.00
2010.09.02 09:45:45.648,1.0109,1.011,1.60,1.00
2010.09.02 09:45:54.027,1.01085,1.011,5.80,1.00
2010.09.02 09:45:59.309,1.01085,1.011,5.00,1.00
2010.09.02 09:46:01.868,1.01085,1.011,2.60,1.00
2010.09.02 09:46:02.138,1.01085,1.011,2.60,1.60
2010.09.02 09:46:03.371,1.0109,1.01105,3.40,2.40
2010.09.02 09:46:03.583,1.0109,1.01105,5.80,1.60
2010.09.02 09:46:03.791,1.0109,1.01105,4.20,1.60
2010.09.02 09:46:04.776,1.0109,1.01105,5.80,1.60
2010.09.02 09:46:05.239,1.0109,1.01105,4.20,1.60
2010.09.02 09:46:05.473,1.0109,1.011,1.60,2.40
2010.09.02 09:46:05.706,1.01085,1.011,2.60,6.40
2010.09.02 09:46:06.535,1.0108,1.01095,5.80,1.00
2010.09.02 09:46:06.851,1.01075,1.0109,2.60,1.00
2010.09.02 09:46:07.065,1.01075,1.0109,2.40,1.00
2010.09.02 09:46:07.879,1.0107,1.01085,9.00,1.00
2010.09.02 09:46:08.232,1.0107,1.01085,7.40,1.00
2010.09.02 09:46:10.053,1.0107,1.01085,8.20,1.00
2010.09.02 09:46:12.731,1.0107,1.0108,8.20,1.00
2010.09.02 09:46:14.169,1.0107,1.0108,7.40,1.00
2010.09.02 09:46:14.571,1.0107,1.01085,7.40,1.00
2010.09.02 09:46:19.658,1.0107,1.01085,7.40,2.80
2010.09.02 09:46:19.844,1.0107,1.0108,3.40,1.00
2010.09.02 09:46:20.657,1.0107,1.0108,2.60,1.00
2010.09.02 09:46:29.919,1.0107,1.0108,3.40,1.00
2010.09.02 09:46:33.053,1.01075,1.01085,2.40,1.00
2010.09.02 09:46:33.885,1.01075,1.0109,2.40,1.60
2010.09.02 09:46:34.440,1.01075,1.0109,3.20,1.60
2010.09.02 09:46:34.777,1.01075,1.0109,3.20,3.20
2010.09.02 09:46:35.478,1.01075,1.0109,2.40,5.60
2010.09.02 09:46:35.699,1.01075,1.0109,2.40,6.00
2010.09.02 09:46:36.716,1.01075,1.0109,2.40,5.20
2010.09.02 09:46:42.098,1.01075,1.0109,1.60,5.20
2010.09.02 09:46:45.807,1.01075,1.01085,1.60,1.00
2010.09.02 09:46:46.287,1.0107,1.01085,8.20,1.00
2010.09.02 09:46:47.020,1.01075,1.01085,1.60,1.00
2010.09.02 09:46:47.794,1.01075,1.01085,2.40,1.00
2010.09.02 09:46:47.987,1.01075,1.0109,3.20,1.60
2010.09.02 09:46:48.527,1.01075,1.0109,4.00,1.60
2010.09.02 09:46:52.318,1.01075,1.0109,4.00,2.00
2010.09.02 09:46:55.436,1.01075,1.0109,3.20,2.00
2010.09.02 09:46:58.518,1.01075,1.0109,4.00,2.00
2010.09.02 09:47:00.830,1.01075,1.0109,4.00,1.60
2010.09.02 09:47:00.885,1.01075,1.0109,4.80,1.00
2010.09.02 09:47:01.629,1.01075,1.0109,4.00,1.00
2010.09.02 09:47:01.732,1.01075,1.0109,4.80,1.00
2010.09.02 09:47:01.783,1.0108,1.0109,1.60,1.00
2010.09.02 09:47:01.833,1.0108,1.0109,1.60,1.00
2010.09.02 09:47:02.701,1.0108,1.01095,5.80,2.40
2010.09.02 09:47:03.046,1.01085,1.01095,1.60,1.00
2010.09.02 09:47:03.361,1.01085,1.011,2.40,2.40
2010.09.02 09:47:04.999,1.01085,1.011,2.40,2.60
2010.09.02 09:47:05.129,1.01085,1.011,2.40,3.20
2010.09.02 09:47:05.380,1.01085,1.01095,1.60,1.00
2010.09.02 09:47:05.641,1.0108,1.01095,7.20,1.00
2010.09.02 09:47:06.497,1.01085,1.01095,1.60,1.00
2010.09.02 09:47:06.777,1.01085,1.011,2.40,2.40
2010.09.02 09:47:15.182,1.01085,1.011,3.20,1.60
2010.09.02 09:47:15.252,1.01085,1.011,4.00,1.00
2010.09.02 09:47:15.309,1.01085,1.011,5.00,1.00
2010.09.02 09:47:15.361,1.0109,1.01105,1.00,8.40
2010.09.02 09:47:15.408,1.0109,1.01105,3.20,4.40
2010.09.02 09:47:16.026,1.0109,1.01105,4.80,2.80
2010.09.02 09:47:16.370,1.0109,1.01105,8.00,1.00
2010.09.02 09:47:18.920,1.0109,1.01105,7.20,1.00
2010.09.02 09:47:19.998,1.0109,1.01105,8.00,1.00
2010.09.02 09:47:23.224,1.01095,1.0111,1.00,3.60
2010.09.02 09:47:23.449,1.01095,1.0111,6.40,1.60
2010.09.02 09:47:26.714,1.01095,1.0111,4.80,2.00
2010.09.02 09:47:26.910,1.01095,1.0111,4.80,2.80
2010.09.02 09:47:28.493,1.01095,1.0111,6.40,2.40
2010.09.02 09:47:29.384,1.01095,1.0111,1.00,2.40
2010.09.02 09:47:30.153,1.0109,1.01105,7.20,1.00
2010.09.02 09:47:39.513,1.0109,1.01105,7.20,1.00
2010.09.02 09:47:44.978,1.0109,1.01105,5.60,1.00
2010.09.02 09:47:45.121,1.0109,1.01105,7.20,1.00
2010.09.02 09:47:54.269,1.0109,1.011,4.80,1.00
2010.09.02 09:47:55.064,1.0109,1.011,1.60,1.00
2010.09.02 09:47:55.385,1.0109,1.011,3.20,1.00
2010.09.02 09:48:04.988,1.0109,1.011,1.00,2.40
2010.09.02 09:48:05.745,1.01085,1.011,3.20,1.60
2010.09.02 09:48:05.846,1.01085,1.01095,1.00,1.00
2010.09.02 09:48:12.579,1.0108,1.01095,7.20,1.60
2010.09.02 09:48:13.525,1.01075,1.0109,3.20,1.60
2010.09.02 09:48:13.747,1.01075,1.0109,5.60,1.20
2010.09.02 09:48:13.963,1.01075,1.0109,5.60,1.00
2010.09.02 09:48:14.779,1.0108,1.01095,4.80,3.20
2010.09.02 09:48:15.022,1.0108,1.01095,5.60,1.60
2010.09.02 09:48:15.274,1.0108,1.01095,7.20,1.00
2010.09.02 09:48:15.889,1.0108,1.01095,8.00,1.00
2010.09.02 09:48:16.731,1.0108,1.01095,8.20,1.00
2010.09.02 09:48:23.557,1.0108,1.01095,9.00,1.00
2010.09.02 09:48:29.650,1.0108,1.01095,7.20,1.00
2010.09.02 09:48:29.830,1.0108,1.01095,8.20,1.00
2010.09.02 09:48:30.009,1.01085,1.01095,2.40,1.00
2010.09.02 09:48:31.017,1.0109,1.01095,1.60,1.00
2010.09.02 09:48:31.174,1.01085,1.011,3.20,3.20
2010.09.02 09:48:31.471,1.01085,1.011,3.20,2.40
2010.09.02 09:48:38.007,1.0109,1.011,1.00,1.00
2010.09.02 09:48:38.354,1.0109,1.011,2.40,1.00
2010.09.02 09:48:41.505,1.0109,1.01105,3.20,5.20
2010.09.02 09:48:41.600,1.0109,1.01105,3.20,6.00
2010.09.02 09:48:42.363,1.01095,1.01105,1.60,6.00
2010.09.02 09:48:42.724,1.0112,1.01125,1.00,1.00
2010.09.02 09:48:43.654,1.0113,1.01145,3.40,1.60
2010.09.02 09:48:44.010,1.01135,1.0115,1.00,4.00
2010.09.02 09:48:45.490,1.01135,1.0115,1.00,4.00
2010.09.02 09:48:46.313,1.01135,1.01145,1.00,1.00
2010.09.02 09:48:46.550,1.01135,1.01145,1.00,1.00
2010.09.02 09:48:46.669,1.01135,1.01145,1.00,1.00
2010.09.02 09:48:46.788,1.01135,1.01145,1.00,1.60
2010.09.02 09:48:48.982,1.01135,1.01145,1.00,2.40
2010.09.02 09:48:49.134,1.01135,1.01145,1.00,4.00
2010.09.02 09:48:49.991,1.0113,1.01145,1.60,4.20
2010.09.02 09:48:50.211,1.0113,1.01145,1.60,4.00
2010.09.02 09:48:50.431,1.0113,1.0114,1.00,1.00
2010.09.02 09:48:50.655,1.0113,1.0114,1.00,1.00
2010.09.02 09:48:50.871,1.01125,1.0114,2.40,1.10
2010.09.02 09:48:52.343,1.01125,1.0114,4.80,1.00
2010.09.02 09:48:52.514,1.0113,1.0114,1.60,1.00
2010.09.02 09:48:53.240,1.0113,1.0114,1.00,1.00
2010.09.02 09:48:55.490,1.0113,1.0115,7.40,4.00
2010.09.02 09:48:55.623,1.01135,1.01145,1.00,1.00
2010.09.02 09:48:56.365,1.0113,1.01145,2.40,1.00
2010.09.02 09:49:00.409,1.0113,1.01145,2.40,2.40
2010.09.02 09:49:01.086,1.0113,1.01145,3.20,1.60
2010.09.02 09:49:01.178,1.0113,1.01145,4.80,1.60
2010.09.02 09:49:01.939,1.01135,1.01145,1.00,1.60
2010.09.02 09:49:02.615,1.01135,1.0115,3.40,4.00
2010.09.02 09:49:03.337,1.0114,1.0115,1.00,1.00
2010.09.02 09:49:03.545,1.0114,1.01155,4.00,1.60
2010.09.02 09:49:03.756,1.0114,1.01155,2.40,2.40
2010.09.02 09:49:03.965,1.0114,1.01155,1.00,7.20
2010.09.02 09:49:04.171,1.0114,1.01155,1.60,3.20
2010.09.02 09:49:05.615,1.0114,1.01155,1.60,6.80
2010.09.02 09:49:06.455,1.0114,1.01155,1.00,8.00
2010.09.02 09:49:06.763,1.0114,1.01155,1.00,9.20
2010.09.02 09:49:07.071,1.0114,1.0115,1.00,1.00
2010.09.02 09:49:18.247,1.01135,1.0115,4.00,1.00
2010.09.02 09:49:30.495,1.01135,1.0115,4.00,1.00
2010.09.02 09:49:32.415,1.01135,1.0115,4.00,1.00
2010.09.02 09:49:35.267,1.01135,1.0115,4.00,1.00
2010.09.02 09:49:35.378,1.01135,1.0115,4.00,1.60
2010.09.02 09:49:39.280,1.01135,1.0115,4.00,1.00
2010.09.02 09:49:40.554,1.01135,1.0115,4.00,1.60
2010.09.02 09:49:40.733,1.0113,1.01145,5.60,1.00
2010.09.02 09:49:40.891,1.0113,1.01145,4.80,1.60
2010.09.02 09:49:41.046,1.0113,1.01145,1.60,6.80
2010.09.02 09:49:41.783,1.01125,1.01145,4.80,8.40
2010.09.02 09:49:42.115,1.01125,1.0114,4.00,1.00
2010.09.02 09:49:44.288,1.01125,1.0114,4.80,1.00
2010.09.02 09:49:48.109,1.01125,1.0114,4.00,1.00
2010.09.02 09:49:53.529,1.01125,1.0114,4.80,1.00
2010.09.02 09:49:56.460,1.0113,1.0114,1.00,1.00
2010.09.02 09:49:56.599,1.01135,1.01145,1.60,2.80
2010.09.02 09:49:56.711,1.01135,1.01145,1.60,2.40
2010.09.02 09:49:56.742,1.01135,1.01145,1.60,1.60
2010.09.02 09:49:57.008,1.01135,1.01145,1.60,1.00
2010.09.02 09:49:57.273,1.0114,1.0115,1.60,1.00
2010.09.02 09:49:58.109,1.0114,1.01155,4.00,2.40
2010.09.02 09:49:58.277,1.0114,1.0115,1.00,1.00
2010.09.02 09:49:58.924,1.01135,1.0115,4.00,1.00
2010.09.02 09:49:59.873,1.01135,1.01145,1.60,1.00
2010.09.02 09:50:00.203,1.01135,1.01145,1.00,1.00
2010.09.02 09:50:02.907,1.0113,1.01145,4.00,1.00
2010.09.02 09:50:04.563,1.0113,1.01145,4.00,1.60
2010.09.02 09:50:04.711,1.0113,1.01145,3.20,2.40
2010.09.02 09:50:05.438,1.0113,1.01145,1.60,6.00
2010.09.02 09:50:05.762,1.01125,1.0114,4.00,1.00
2010.09.02 09:50:08.142,1.01125,1.0114,4.80,1.00
2010.09.02 09:50:08.488,1.0113,1.0114,1.00,1.00
2010.09.02 09:50:08.651,1.01135,1.01145,1.60,6.40
2010.09.02 09:50:08.810,1.01135,1.0115,4.20,1.60
2010.09.02 09:50:09.151,1.01145,1.01155,1.00,1.00
2010.09.02 09:50:09.839,1.01145,1.0116,1.60,2.80
2010.09.02 09:50:09.944,1.01145,1.0116,2.40,1.00
2010.09.02 09:50:10.651,1.01145,1.0116,4.00,1.00
2010.09.02 09:50:11.371,1.01145,1.0116,4.80,1.00
2010.09.02 09:50:11.691,1.01145,1.0116,1.60,5.40
2010.09.02 09:50:12.023,1.0114,1.01155,1.60,4.00
2010.09.02 09:50:12.789,1.0114,1.01155,4.00,3.20
2010.09.02 09:50:13.055,1.0114,1.0116,4.80,7.60
2010.09.02 09:50:13.315,1.0114,1.01155,1.60,5.60
2010.09.02 09:50:13.832,1.0114,1.01155,1.60,17.40
2010.09.02 09:50:14.630,1.0114,1.0115,1.00,7.00
2010.09.02 09:50:14.968,1.01135,1.0115,4.00,1.00
2010.09.02 09:50:15.181,1.01135,1.0115,4.80,1.00
2010.09.02 09:50:17.105,1.01135,1.0115,4.00,1.00
2010.09.02 09:50:19.207,1.01135,1.0115,4.00,1.20
2010.09.02 09:50:20.448,1.01135,1.0115,3.20,2.00
2010.09.02 09:50:20.756,1.01135,1.0115,3.20,2.80
2010.09.02 09:50:21.893,1.01135,1.0115,1.60,2.40
2010.09.02 09:50:22.157,1.01135,1.0115,1.60,3.20
2010.09.02 09:50:23.242,1.01135,1.0115,1.00,3.20
2010.09.02 09:50:23.599,1.0113,1.01145,1.60,4.80
2010.09.02 09:50:23.945,1.0113,1.01145,1.60,7.20
2010.09.02 09:50:24.885,1.0113,1.01145,1.60,8.40
2010.09.02 09:50:25.228,1.0113,1.0114,1.00,1.00
2010.09.02 09:50:28.011,1.01125,1.0114,4.20,1.00
2010.09.02 09:50:28.651,1.01125,1.0114,4.20,1.00
2010.09.02 09:50:28.862,1.0113,1.01145,1.00,10.00
2010.09.02 09:50:29.555,1.0113,1.01145,1.80,6.40
2010.09.02 09:50:29.906,1.0113,1.01145,2.40,1.60
2010.09.02 09:50:31.737,1.01135,1.01145,1.00,1.60
2010.09.02 09:50:31.968,1.0113,1.01145,1.60,6.40
2010.09.02 09:50:32.223,1.0113,1.01145,1.60,8.00
2010.09.02 09:50:32.471,1.0113,1.01145,2.40,2.40
2010.09.02 09:50:33.212,1.0113,1.01145,2.40,1.60
2010.09.02 09:50:33.458,1.0113,1.01145,1.60,8.40
2010.09.02 09:50:33.691,1.0113,1.01145,1.60,8.00
2010.09.02 09:50:37.367,1.0113,1.01145,1.60,9.60
2010.09.02 09:50:37.591,1.01135,1.01145,1.60,8.00
2010.09.02 09:50:38.326,1.01135,1.01145,1.60,2.40
2010.09.02 09:50:38.559,1.0113,1.01145,5.60,1.00
2010.09.02 09:50:46.303,1.01135,1.0115,1.00,5.60
2010.09.02 09:50:49.591,1.0113,1.0115,4.80,6.40
2010.09.02 09:50:49.724,1.0113,1.0115,4.80,6.80
2010.09.02 09:50:49.862,1.0113,1.0115,7.40,4.40
2010.09.02 09:50:50.582,1.01135,1.0115,1.00,4.00
2010.09.02 09:50:50.938,1.01135,1.0115,2.40,3.20
2010.09.02 09:51:02.117,1.01135,1.0115,3.20,3.20
2010.09.02 09:51:04.709,1.01135,1.0115,1.00,3.20
2010.09.02 09:51:07.490,1.01135,1.0115,1.00,4.00
2010.09.02 09:51:11.257,1.01135,1.0115,1.00,5.60
2010.09.02 09:51:11.514,1.01135,1.0115,1.00,4.00
2010.09.02 09:51:17.688,1.01135,1.0115,1.00,5.60
2010.09.02 09:51:18.290,1.01135,1.0115,1.00,4.00
2010.09.02 09:51:20.716,1.01135,1.0115,1.00,3.60
2010.09.02 09:51:23.567,1.0113,1.0115,9.80,3.60
2010.09.02 09:51:25.543,1.0113,1.01145,8.20,1.00
2010.09.02 09:51:28.716,1.0113,1.0114,1.00,1.00
2010.09.02 09:51:28.864,1.01125,1.0114,3.20,3.70
2010.09.02 09:51:29.151,1.01125,1.0114,3.20,4.50
2010.09.02 09:51:29.300,1.01125,1.0114,2.40,4.50
2010.09.02 09:51:29.452,1.01125,1.0114,4.00,2.40
2010.09.02 09:51:30.172,1.01125,1.0114,4.00,1.60
2010.09.02 09:51:30.499,1.01125,1.0114,3.20,1.60
2010.09.02 09:51:31.142,1.01125,1.0114,3.20,2.40
2010.09.02 09:51:32.839,1.01125,1.0114,3.20,1.60
2010.09.02 09:51:33.134,1.01125,1.0114,7.20,1.00
2010.09.02 09:51:34.006,1.01125,1.0114,4.80,1.00
2010.09.02 09:51:34.204,1.01125,1.0114,2.40,1.00
2010.09.02 09:51:34.779,1.01125,1.0114,1.60,1.00
2010.09.02 09:51:36.095,1.01135,1.0115,1.60,1.60
2010.09.02 09:51:36.251,1.01135,1.0115,2.40,1.60
2010.09.02 09:51:36.388,1.01135,1.0115,3.20,1.60
2010.09.02 09:51:36.429,1.01135,1.0115,4.00,1.60
2010.09.02 09:51:36.473,1.01135,1.0115,3.20,2.40
2010.09.02 09:51:37.113,1.01135,1.0115,1.60,2.40
2010.09.02 09:51:37.468,1.0113,1.01145,5.60,1.00
2010.09.02 09:51:39.740,1.0113,1.01145,5.60,1.60
2010.09.02 09:51:39.999,1.0113,1.01145,4.00,1.60
2010.09.02 09:51:41.158,1.0113,1.01145,2.40,1.60
2010.09.02 09:51:42.400,1.0113,1.01145,1.60,4.00
2010.09.02 09:51:42.704,1.0113,1.01145,1.60,3.20
2010.09.02 09:51:44.741,1.0113,1.01145,3.20,2.40
2010.09.02 09:51:44.902,1.0113,1.01145,4.00,2.40
2010.09.02 09:51:46.560,1.0113,1.01145,4.00,3.20
2010.09.02 09:51:47.309,1.0113,1.01145,3.20,4.00
2010.09.02 09:51:48.177,1.0113,1.01145,3.20,3.60
2010.09.02 09:51:48.433,1.0113,1.01145,1.00,10.00
2010.09.02 09:51:48.694,1.0113,1.01145,2.40,7.60
2010.09.02 09:51:49.543,1.01135,1.0115,1.60,3.20
2010.09.02 09:51:49.897,1.0113,1.0115,9.00,4.00
2010.09.02 09:51:50.246,1.0113,1.0115,9.80,4.80
2010.09.02 09:51:53.082,1.01135,1.0115,3.20,1.60
2010.09.02 09:51:53.750,1.01135,1.0115,4.80,1.00
2010.09.02 09:51:54.422,1.01135,1.0115,4.00,1.00
2010.09.02 09:51:58.999,1.01145,1.0115,1.00,1.00
2010.09.02 09:51:59.303,1.01145,1.01155,2.60,6.40
2010.09.02 09:51:59.534,1.0115,1.0116,1.60,1.60
2010.09.02 09:52:00.341,1.0115,1.0116,1.60,1.00
2010.09.02 09:52:04.041,1.01155,1.0116,1.00,1.00
2010.09.02 09:52:05.426,1.0115,1.0116,2.40,1.00
2010.09.02 09:52:05.632,1.0115,1.0116,1.60,1.00
2010.09.02 09:52:12.422,1.0115,1.01165,2.40,1.60
2010.09.02 09:52:13.458,1.01155,1.01165,1.00,1.60
2010.09.02 09:52:16.222,1.0116,1.0117,2.60,2.40
2010.09.02 09:52:16.389,1.01165,1.01175,2.60,1.60
2010.09.02 09:52:17.139,1.01165,1.01175,4.20,1.60
2010.09.02 09:52:17.495,1.0117,1.01185,1.80,5.60
2010.09.02 09:52:18.976,1.0117,1.01185,1.80,5.60
2010.09.02 09:52:20.493,1.0117,1.0118,1.00,1.00
2010.09.02 09:52:20.813,1.01165,1.0118,2.60,2.40
2010.09.02 09:52:21.026,1.01165,1.0118,1.80,2.40
2010.09.02 09:52:29.737,1.01165,1.0118,1.80,3.20
2010.09.02 09:52:30.224,1.01165,1.0118,1.00,3.20
2010.09.02 09:52:31.075,1.01165,1.0118,1.00,4.00
2010.09.02 09:52:31.272,1.01165,1.0118,1.00,4.80
2010.09.02 09:52:32.571,1.01165,1.01175,1.00,3.20
2010.09.02 09:52:33.322,1.0116,1.01175,3.20,7.20
2010.09.02 09:52:33.492,1.01155,1.0117,1.60,1.00
2010.09.02 09:52:34.480,1.01155,1.0117,1.60,1.60
2010.09.02 09:52:34.730,1.01155,1.0117,1.60,2.40
2010.09.02 09:52:40.231,1.01155,1.01165,1.00,1.00
2010.09.02 09:52:40.424,1.01145,1.01155,1.70,1.00
2010.09.02 09:52:40.609,1.0114,1.01155,1.60,1.60
2010.09.02 09:52:41.381,1.0114,1.0115,1.60,1.00
2010.09.02 09:52:41.668,1.0112,1.01135,1.60,3.60
2010.09.02 09:52:41.956,1.0112,1.01135,1.60,7.60
2010.09.02 09:52:43.729,1.0112,1.0113,1.00,1.00
2010.09.02 09:52:47.210,1.01115,1.0113,4.80,1.00
2010.09.02 09:52:48.140,1.0112,1.0113,3.20,1.00
2010.09.02 09:52:48.521,1.0112,1.01135,4.00,2.40
2010.09.02 09:52:54.973,1.0112,1.01135,6.40,2.40
2010.09.02 09:52:55.153,1.01125,1.01135,2.40,1.00
2010.09.02 09:52:55.323,1.0113,1.0114,1.00,1.00
2010.09.02 09:52:55.513,1.0113,1.01145,6.20,1.00
2010.09.02 09:52:55.703,1.01135,1.0115,1.60,3.20
2010.09.02 09:52:55.891,1.01135,1.0115,2.40,2.40
2010.09.02 09:52:56.589,1.0114,1.0115,2.60,2.40
2010.09.02 09:52:56.870,1.0114,1.01155,5.00,1.00
2010.09.02 09:52:57.357,1.01145,1.01155,1.00,1.00
2010.09.02 09:52:57.766,1.01145,1.01155,1.00,1.00
2010.09.02 09:52:58.438,1.01145,1.0116,1.80,4.00
2010.09.02 09:52:58.787,1.01145,1.01155,1.00,1.00
2010.09.02 09:52:59.409,1.01145,1.01155,1.00,1.00
2010.09.02 09:53:00.973,1.0114,1.01155,4.80,1.00
2010.09.02 09:53:02.669,1.0114,1.01155,6.40,1.00
2010.09.02 09:53:02.827,1.0114,1.01155,5.80,1.00
2010.09.02 09:53:02.978,1.0114,1.01155,4.20,2.40
2010.09.02 09:53:03.127,1.0114,1.01155,1.00,4.80
2010.09.02 09:53:04.059,1.0114,1.0115,1.00,1.60
2010.09.02 09:53:04.400,1.01135,1.0115,4.20,1.60
2010.09.02 09:53:07.231,1.01135,1.0115,3.40,1.00
2010.09.02 09:53:09.291,1.0114,1.0115,1.00,1.00
2010.09.02 09:53:09.626,1.0114,1.0115,1.00,1.00
2010.09.02 09:53:11.420,1.01135,1.0115,5.80,1.00
2010.09.02 09:53:12.374,1.01135,1.0115,4.20,1.00
2010.09.02 09:53:17.905,1.01135,1.0115,5.80,1.00
2010.09.02 09:53:22.872,1.0114,1.0115,1.00,1.00
2010.09.02 09:53:23.104,1.01155,1.0116,1.00,2.40
2010.09.02 09:53:23.332,1.01155,1.01165,1.00,1.00
2010.09.02 09:53:23.562,1.01155,1.01165,1.00,1.00
2010.09.02 09:53:25.464,1.01155,1.0117,1.80,3.20
2010.09.02 09:53:29.308,1.01155,1.0117,1.80,1.00
2010.09.02 09:53:30.858,1.01155,1.0117,1.00,1.00
2010.09.02 09:53:32.744,1.01155,1.0117,1.00,1.60
2010.09.02 09:53:32.850,1.01155,1.0117,1.00,1.00
2010.09.02 09:53:36.564,1.01155,1.0117,1.80,1.00
2010.09.02 09:53:36.742,1.01155,1.0117,2.60,1.00
2010.09.02 09:53:37.860,1.0116,1.0117,1.00,1.00
2010.09.02 09:53:39.866,1.01155,1.0117,2.60,1.00
2010.09.02 09:53:41.257,1.01155,1.0117,1.80,1.00
2010.09.02 09:53:41.584,1.01155,1.0117,1.00,1.00
2010.09.02 09:53:44.600,1.01155,1.01165,1.00,1.00
2010.09.02 09:53:45.971,1.0115,1.01165,3.20,2.40
2010.09.02 09:53:46.313,1.0115,1.0116,1.60,1.00
2010.09.02 09:53:47.257,1.01135,1.0115,2.40,3.20
2010.09.02 09:53:47.564,1.0113,1.01145,1.60,3.60
2010.09.02 09:53:47.866,1.0113,1.01145,4.00,1.00
2010.09.02 09:53:48.597,1.0113,1.0115,4.80,4.00
2010.09.02 09:53:48.949,1.01135,1.0115,3.20,2.40
2010.09.02 09:53:50.255,1.01135,1.0115,3.20,1.60
2010.09.02 09:53:50.378,1.0114,1.01155,1.60,2.40
2010.09.02 09:53:54.001,1.01135,1.0115,1.60,1.00
2010.09.02 09:53:54.296,1.01135,1.01145,1.00,1.00
2010.09.02 09:53:55.192,1.01135,1.0115,1.60,4.40
2010.09.02 09:53:56.081,1.0113,1.01145,3.20,3.20
2010.09.02 09:53:56.413,1.0113,1.01145,2.40,7.60
2010.09.02 09:53:56.717,1.0113,1.01145,2.40,6.80
2010.09.02 09:53:57.021,1.0113,1.01145,2.40,7.60
2010.09.02 09:53:57.846,1.0113,1.01145,1.60,7.60
2010.09.02 09:53:58.655,1.0113,1.01145,1.00,8.40
2010.09.02 09:53:59.334,1.01125,1.01145,4.00,8.40
2010.09.02 09:53:59.678,1.01125,1.0114,1.60,4.40
2010.09.02 09:54:00.025,1.01125,1.0114,1.60,6.00
2010.09.02 09:54:00.997,1.01125,1.0114,4.80,1.60
2010.09.02 09:54:01.265,1.01125,1.0114,4.80,1.60
2010.09.02 09:54:02.025,1.0113,1.0114,1.00,1.60
2010.09.02 09:54:03.929,1.0113,1.0114,1.60,1.60
2010.09.02 09:54:04.589,1.0113,1.0114,3.20,1.60
2010.09.02 09:54:05.448,1.0113,1.0114,1.60,1.60
2010.09.02 09:54:05.783,1.0113,1.0114,1.00,1.60
2010.09.02 09:54:07.932,1.0113,1.01145,1.00,8.00
2010.09.02 09:54:08.839,1.0113,1.0114,1.00,1.00
2010.09.02 09:54:10.389,1.01135,1.0114,1.00,1.00
2010.09.02 09:54:10.534,1.0114,1.01145,2.40,2.50
2010.09.02 09:54:10.682,1.01145,1.0115,1.00,1.00
2010.09.02 09:54:10.833,1.0114,1.0115,1.00,1.00
2010.09.02 09:54:11.833,1.01135,1.01145,1.00,1.60
2010.09.02 09:54:12.184,1.01135,1.01145,1.00,2.40
2010.09.02 09:54:13.090,1.01135,1.01145,1.00,2.80
2010.09.02 09:54:13.444,1.01135,1.01145,1.00,4.00
2010.09.02 09:54:13.799,1.0113,1.01145,4.00,8.00
2010.09.02 09:54:14.727,1.0113,1.01145,4.00,5.60
2010.09.02 09:54:15.079,1.0113,1.01145,4.00,7.20
2010.09.02 09:54:15.572,1.0113,1.01145,4.00,8.20
2010.09.02 09:54:16.317,1.0113,1.01145,4.00,7.20
2010.09.02 09:54:16.459,1.0113,1.01145,4.00,4.80
2010.09.02 09:54:16.601,1.01135,1.01145,1.00,4.00
2010.09.02 09:54:17.730,1.01135,1.01145,1.00,2.40
2010.09.02 09:54:20.092,1.0113,1.01145,4.80,2.40
2010.09.02 09:54:20.250,1.01135,1.01145,1.00,1.00
2010.09.02 09:54:20.404,1.01135,1.01145,1.00,1.00
2010.09.02 09:54:21.055,1.01135,1.0115,1.00,7.60
2010.09.02 09:54:21.312,1.01135,1.0115,3.20,5.00
2010.09.02 09:54:21.564,1.01135,1.01145,1.60,2.40
2010.09.02 09:54:22.441,1.01135,1.0115,3.20,4.20
2010.09.02 09:54:24.161,1.01135,1.0115,3.20,2.60
2010.09.02 09:54:24.337,1.01135,1.0115,4.00,1.00
2010.09.02 09:54:26.439,1.01135,1.0115,4.80,1.00
2010.09.02 09:54:26.914,1.0114,1.0115,1.00,1.00
2010.09.02 09:54:27.623,1.0114,1.0115,2.40,1.00
2010.09.02 09:54:29.113,1.0114,1.0115,1.00,1.00
2010.09.02 09:54:30.837,1.0114,1.0115,1.00,1.00
2010.09.02 09:54:32.183,1.0114,1.0115,2.40,1.00
2010.09.02 09:54:37.860,1.01145,1.01155,1.00,4.00
2010.09.02 09:54:37.981,1.01145,1.01155,4.00,1.60
2010.09.02 09:54:38.103,1.01145,1.0116,4.00,1.00
2010.09.02 09:54:38.229,1.0115,1.01165,1.00,8.00
2010.09.02 09:54:38.888,1.0115,1.01165,1.60,8.00
2010.09.02 09:54:39.180,1.0115,1.0116,1.60,1.80
2010.09.02 09:54:39.759,1.0115,1.0116,1.00,1.60
2010.09.02 09:54:40.960,1.0115,1.0116,1.00,1.00
2010.09.02 09:54:41.228,1.0115,1.01165,1.00,7.40
2010.09.02 09:54:41.312,1.0115,1.01165,2.40,7.40
2010.09.02 09:54:42.309,1.0115,1.01165,3.20,5.80
2010.09.02 09:54:45.882,1.01155,1.01165,1.00,5.00
2010.09.02 09:54:47.445,1.0115,1.01165,3.20,6.60
2010.09.02 09:54:49.549,1.0115,1.01165,1.60,5.80
2010.09.02 09:54:50.131,1.0115,1.01165,1.60,6.60
2010.09.02 09:54:51.323,1.0115,1.01165,1.60,5.80
2010.09.02 09:54:55.633,1.0115,1.01165,1.60,6.60
2010.09.02 09:54:56.859,1.0115,1.01165,1.60,5.80
2010.09.02 09:54:57.134,1.0115,1.01165,1.00,5.80
2010.09.02 09:54:57.280,1.0115,1.01165,1.00,6.20
2010.09.02 09:54:57.884,1.0115,1.01165,1.00,7.00
2010.09.02 09:54:58.076,1.0115,1.01165,1.00,8.60
2010.09.02 09:54:58.439,1.0115,1.01165,1.00,7.80
2010.09.02 09:54:59.320,1.01145,1.0116,10.40,1.00
2010.09.02 09:55:00.563,1.01145,1.0116,9.60,1.00
2010.09.02 09:55:05.426,1.0115,1.01165,2.40,8.20
2010.09.02 09:55:05.541,1.0115,1.01165,2.40,10.20
2010.09.02 09:55:09.939,1.0115,1.01165,2.40,9.40
2010.09.02 09:55:10.130,1.0115,1.01165,2.40,10.20
2010.09.02 09:55:12.208,1.0115,1.01165,1.00,11.00
2010.09.02 09:55:12.370,1.0115,1.01165,1.00,7.40
2010.09.02 09:55:15.880,1.0115,1.0116,1.00,1.80
2010.09.02 09:55:16.560,1.01145,1.01155,1.60,1.00
2010.09.02 09:55:16.670,1.01145,1.01155,1.00,8.00
2010.09.02 09:55:16.771,1.01145,1.01155,1.00,6.40
2010.09.02 09:55:16.872,1.01145,1.01155,1.00,4.80
2010.09.02 09:55:16.969,1.01145,1.01155,1.00,5.20
2010.09.02 09:55:17.068,1.0114,1.01155,4.00,6.00
2010.09.02 09:55:18.077,1.01145,1.01155,1.00,1.60
2010.09.02 09:55:18.392,1.01145,1.0116,2.40,2.80
2010.09.02 09:55:19.487,1.01145,1.0116,4.00,2.80
2010.09.02 09:55:19.837,1.01145,1.0116,4.00,1.60
2010.09.02 09:55:20.015,1.01145,1.0116,4.00,1.00
2010.09.02 09:55:20.708,1.01145,1.0116,6.40,1.00
2010.09.02 09:55:20.809,1.0115,1.01165,1.00,7.80
2010.09.02 09:55:20.970,1.0115,1.01165,1.00,5.20
2010.09.02 09:55:21.130,1.0115,1.01165,2.40,4.00
2010.09.02 09:55:21.911,1.01155,1.0117,3.20,1.00
2010.09.02 09:55:22.061,1.0116,1.0117,1.00,1.00
2010.09.02 09:55:22.362,1.0116,1.01175,1.00,15.00
2010.09.02 09:55:23.415,1.0116,1.01175,1.00,14.20
2010.09.02 09:55:25.616,1.0116,1.0117,1.00,1.00
2010.09.02 09:55:26.073,1.0116,1.0117,1.60,1.00
2010.09.02 09:55:27.002,1.0117,1.01185,5.60,1.60
2010.09.02 09:55:28.375,1.0117,1.01185,7.20,1.60
2010.09.02 09:55:28.984,1.01175,1.01185,1.00,1.60
2010.09.02 09:55:30.289,1.0114,1.0115,1.60,2.40
2010.09.02 09:55:30.483,1.0114,1.0115,1.60,2.80
2010.09.02 09:55:31.204,1.0114,1.0115,1.60,2.40
2010.09.02 09:55:31.389,1.01135,1.0115,4.00,3.60
2010.09.02 09:55:32.900,1.01135,1.0115,5.60,3.60
2010.09.02 09:55:33.117,1.01135,1.0115,4.00,3.60
2010.09.02 09:55:33.544,1.01135,1.0115,3.20,3.60
2010.09.02 09:55:34.524,1.01135,1.0115,2.40,3.60
2010.09.02 09:55:34.855,1.01135,1.0115,3.20,1.60
2010.09.02 09:55:35.180,1.01135,1.0115,3.20,2.80
2010.09.02 09:55:38.967,1.01135,1.0115,1.00,7.20
2010.09.02 09:55:39.653,1.01135,1.0115,2.40,7.20
2010.09.02 09:55:40.008,1.01135,1.0115,1.00,5.60
2010.09.02 09:55:41.557,1.01135,1.0115,2.40,4.80
2010.09.02 09:55:42.061,1.01135,1.0115,2.40,5.20
2010.09.02 09:55:42.282,1.01135,1.0115,1.00,4.40
2010.09.02 09:55:42.895,1.01135,1.0115,1.00,4.80
2010.09.02 09:55:43.149,1.0113,1.01145,8.00,1.00
2010.09.02 09:55:44.223,1.01135,1.0115,1.00,5.60
2010.09.02 09:55:44.562,1.0113,1.01145,3.20,1.60
2010.09.02 09:55:45.239,1.0113,1.01145,3.20,2.40
2010.09.02 09:55:46.122,1.0113,1.01145,3.20,2.80
2010.09.02 09:55:46.457,1.0113,1.01145,3.20,2.00
2010.09.02 09:55:48.112,1.0113,1.0114,1.00,1.00
2010.09.02 09:55:49.023,1.0113,1.0114,1.00,1.00
2010.09.02 09:55:49.368,1.0113,1.0114,1.00,1.00
2010.09.02 09:55:50.632,1.0113,1.0114,1.00,1.00
2010.09.02 09:55:58.125,1.0113,1.0114,1.00,1.00
2010.09.02 09:55:58.342,1.0113,1.01145,5.60,1.00
2010.09.02 09:55:58.564,1.0113,1.01145,6.80,1.00
2010.09.02 09:55:59.491,1.01125,1.01135,1.60,1.00
2010.09.02 09:55:59.823,1.0112,1.01135,4.00,1.00
2010.09.02 09:56:00.750,1.0112,1.0113,2.40,1.00
2010.09.02 09:56:00.998,1.01115,1.0113,6.40,1.00
2010.09.02 09:56:01.247,1.01115,1.0113,4.80,1.60
2010.09.02 09:56:02.347,1.01115,1.0113,5.60,1.60
2010.09.02 09:56:03.171,1.01115,1.0113,4.80,4.40
2010.09.02 09:56:03.416,1.01115,1.0113,5.60,1.00
2010.09.02 09:56:04.014,1.0112,1.0113,1.00,1.00
2010.09.02 09:56:04.272,1.01125,1.0114,1.60,2.40
2010.09.02 09:56:04.625,1.01125,1.0114,2.40,3.20
2010.09.02 09:56:05.311,1.01125,1.0114,2.40,4.00
2010.09.02 09:56:06.331,1.01125,1.0114,2.40,3.20
2010.09.02 09:56:06.401,1.01125,1.0114,2.40,1.60
2010.09.02 09:56:07.383,1.01125,1.0114,1.00,1.60
2010.09.02 09:56:10.549,1.01125,1.0114,2.40,1.60
2010.09.02 09:56:10.931,1.01125,1.0114,4.00,1.60
2010.09.02 09:56:11.179,1.01125,1.0114,2.40,1.60
2010.09.02 09:56:16.110,1.01125,1.0114,2.40,2.40
2010.09.02 09:56:19.590,1.01125,1.0114,4.00,2.40
2010.09.02 09:56:20.475,1.01125,1.0114,2.40,2.40
2010.09.02 09:56:20.863,1.01125,1.0114,1.00,2.40
2010.09.02 09:56:21.310,1.01125,1.0114,1.00,3.20
2010.09.02 09:56:23.788,1.0112,1.0114,8.00,3.20
2010.09.02 09:56:24.241,1.0112,1.0114,8.00,2.40
2010.09.02 09:56:27.474,1.0112,1.01135,8.00,1.00
2010.09.02 09:56:28.033,1.01125,1.01135,1.60,1.00
2010.09.02 09:56:28.976,1.0112,1.01135,8.00,1.00
2010.09.02 09:56:33.407,1.01125,1.01135,1.60,1.00
2010.09.02 09:56:37.831,1.0112,1.01135,8.00,1.00
2010.09.02 09:56:48.099,1.0112,1.01135,8.80,1.00
2010.09.02 09:56:52.619,1.0112,1.01135,8.00,1.00
2010.09.02 09:56:52.738,1.01125,1.01135,1.60,1.00
2010.09.02 09:56:53.080,1.0112,1.01135,8.00,1.00
2010.09.02 09:57:00.274,1.0112,1.0113,8.00,1.00
2010.09.02 09:57:00.930,1.0112,1.0113,1.00,3.00
2010.09.02 09:57:01.101,1.01115,1.01125,1.60,2.40
2010.09.02 09:57:03.980,1.0111,1.0112,3.20,1.00
2010.09.02 09:57:04.299,1.0111,1.0112,1.60,1.00
2010.09.02 09:57:04.621,1.01105,1.0112,4.80,1.60
2010.09.02 09:57:04.781,1.01105,1.0112,4.80,2.40
2010.09.02 09:57:04.941,1.01105,1.0112,4.00,2.40
2010.09.02 09:57:09.693,1.01105,1.0112,4.00,1.00
2010.09.02 09:57:10.423,1.01105,1.0112,4.80,1.00
2010.09.02 09:57:10.781,1.0111,1.0112,1.60,1.00
2010.09.02 09:57:20.088,1.0111,1.01125,3.20,1.00
2010.09.02 09:57:20.572,1.01115,1.01125,1.60,1.00
2010.09.02 09:57:21.929,1.0111,1.01125,4.80,1.00
2010.09.02 09:57:23.338,1.01115,1.01125,1.60,1.00
2010.09.02 09:57:25.594,1.0111,1.01125,4.00,1.00
2010.09.02 09:57:29.179,1.01115,1.01125,1.60,1.00
2010.09.02 09:57:35.887,1.0111,1.01125,4.00,1.00
2010.09.02 09:57:38.757,1.01115,1.01125,1.60,1.00
2010.09.02 09:57:45.794,1.0111,1.01125,4.00,1.00
2010.09.02 09:57:46.666,1.01115,1.01125,1.60,1.00
2010.09.02 09:57:46.853,1.01115,1.0113,3.20,3.60
2010.09.02 09:57:47.041,1.01115,1.0113,3.20,2.40
2010.09.02 09:57:47.222,1.0112,1.0113,1.60,2.40
2010.09.02 09:57:47.591,1.0112,1.0113,1.60,1.60
2010.09.02 09:57:53.121,1.01125,1.0113,1.60,1.60
2010.09.02 09:57:53.231,1.01125,1.01135,3.20,1.00
2010.09.02 09:57:54.051,1.01125,1.0114,3.20,3.20
2010.09.02 09:58:00.861,1.01125,1.0114,3.20,4.00
2010.09.02 09:58:00.941,1.01125,1.0114,1.60,4.00
2010.09.02 09:58:04.325,1.01125,1.0114,3.20,2.40
2010.09.02 09:58:05.392,1.01125,1.0114,3.20,3.20
2010.09.02 09:58:06.219,1.01125,1.0114,2.40,4.00
2010.09.02 09:58:06.360,1.01125,1.0114,2.40,4.80
2010.09.02 09:58:06.499,1.01125,1.0114,2.40,4.00
2010.09.02 09:58:08.737,1.01125,1.0114,2.40,5.60
2010.09.02 09:58:16.550,1.01125,1.01135,2.40,1.00
2010.09.02 09:58:18.250,1.0112,1.01135,5.60,1.00
2010.09.02 09:58:18.698,1.0112,1.01135,6.40,1.00
2010.09.02 09:58:23.849,1.0112,1.01135,6.60,1.00
2010.09.02 09:58:24.008,1.0112,1.01135,6.20,1.00
2010.09.02 09:58:24.170,1.0112,1.01135,7.00,1.00
2010.09.02 09:58:24.329,1.0112,1.01135,7.80,1.00
2010.09.02 09:58:24.912,1.0112,1.01135,6.20,1.00
2010.09.02 09:58:25.797,1.0112,1.01135,8.60,1.00
2010.09.02 09:58:26.041,1.0112,1.01135,8.40,1.00
2010.09.02 09:58:26.283,1.0112,1.01135,8.00,1.00
2010.09.02 09:58:26.534,1.0112,1.01135,4.80,1.00
2010.09.02 09:58:28.142,1.0112,1.01135,3.20,1.00
2010.09.02 09:58:33.644,1.01125,1.0114,2.40,3.20
2010.09.02 09:58:33.822,1.01125,1.0114,2.40,1.60
2010.09.02 09:58:34.879,1.01125,1.0114,2.40,1.00
2010.09.02 09:58:36.125,1.0113,1.01145,1.20,4.00
2010.09.02 09:58:36.291,1.01135,1.0115,8.40,3.20
2010.09.02 09:58:36.453,1.01135,1.0115,10.80,1.00
2010.09.02 09:58:36.614,1.0114,1.0115,1.00,1.00
2010.09.02 09:58:36.821,1.0114,1.0115,3.20,1.00
2010.09.02 09:58:37.020,1.0114,1.0115,4.80,1.00
2010.09.02 09:58:39.112,1.0114,1.01155,4.80,4.80
2010.09.02 09:58:40.494,1.0114,1.01155,6.40,4.80
2010.09.02 09:58:40.638,1.01145,1.01155,1.20,1.00
2010.09.02 09:58:40.782,1.01145,1.0116,4.80,4.00
2010.09.02 09:58:40.923,1.01145,1.0116,9.80,2.40
2010.09.02 09:58:41.064,1.0115,1.0116,1.60,1.00
2010.09.02 09:58:41.202,1.01155,1.0117,1.00,6.40
2010.09.02 09:58:41.342,1.01155,1.0117,1.00,4.80
2010.09.02 09:58:48.680,1.01155,1.0117,1.00,6.40
2010.09.02 09:58:49.296,1.0115,1.01165,9.60,1.00
2010.09.02 09:58:49.430,1.0115,1.0116,1.60,2.40
2010.09.02 09:58:49.551,1.0115,1.0116,3.20,1.60
2010.09.02 09:58:49.835,1.01155,1.01165,1.00,1.00
2010.09.02 09:58:50.122,1.01155,1.0117,1.60,4.00
2010.09.02 09:58:51.499,1.01155,1.0117,1.00,4.80
2010.09.02 09:58:51.742,1.0115,1.01165,8.80,1.00
2010.09.02 09:58:52.059,1.0115,1.01165,9.20,1.00
2010.09.02 09:58:55.710,1.01145,1.0116,13.60,1.00
2010.09.02 09:58:56.058,1.0115,1.0116,2.40,1.00
2010.09.02 09:58:56.866,1.0115,1.0116,3.20,1.00
2010.09.02 09:58:57.062,1.0115,1.0116,2.40,1.00
2010.09.02 09:59:06.340,1.0114,1.0115,5.60,1.00
2010.09.02 09:59:06.385,1.0114,1.0115,3.20,1.00
2010.09.02 09:59:06.555,1.0114,1.0115,1.60,1.00
2010.09.02 09:59:07.220,1.0114,1.0115,2.40,1.00
2010.09.02 09:59:07.649,1.0114,1.0115,1.00,1.00
2010.09.02 09:59:09.080,1.01135,1.0115,5.60,1.00
2010.09.02 09:59:09.328,1.0114,1.0115,2.40,1.00
2010.09.02 09:59:10.186,1.0114,1.01155,4.80,2.40
2010.09.02 09:59:10.498,1.0114,1.01155,1.60,4.00
2010.09.02 09:59:11.123,1.0114,1.0115,1.60,1.00
2010.09.02 09:59:11.975,1.0114,1.0115,1.60,1.00
2010.09.02 09:59:12.982,1.01135,1.0115,4.80,1.60
2010.09.02 09:59:13.640,1.01135,1.0115,4.80,2.40
2010.09.02 09:59:16.675,1.01135,1.0115,4.80,1.60
2010.09.02 09:59:17.463,1.01135,1.0115,5.60,1.60
2010.09.02 09:59:18.215,1.01135,1.0115,6.40,1.00
2010.09.02 09:59:18.524,1.01135,1.0114,1.60,1.00
2010.09.02 09:59:19.408,1.0113,1.0114,2.40,1.00
2010.09.02 09:59:20.106,1.0113,1.01145,7.40,1.60
2010.09.02 09:59:20.991,1.01135,1.0115,1.60,3.20
2010.09.02 09:59:21.237,1.01135,1.0115,2.40,3.20
2010.09.02 09:59:21.962,1.01135,1.0115,2.40,2.40
2010.09.02 09:59:22.594,1.01135,1.0115,2.40,3.20
2010.09.02 09:59:22.910,1.01135,1.0115,2.40,4.00
2010.09.02 09:59:23.384,1.01135,1.0115,3.20,2.40
2010.09.02 09:59:23.565,1.01135,1.0115,4.00,1.00
2010.09.02 09:59:23.741,1.01135,1.0115,8.00,1.00
2010.09.02 09:59:24.570,1.0114,1.0115,1.00,1.00
2010.09.02 09:59:24.833,1.0114,1.0115,2.40,1.00
2010.09.02 09:59:25.087,1.0114,1.01155,4.00,1.00
2010.09.02 09:59:25.888,1.0114,1.0116,8.80,5.80
2010.09.02 09:59:26.167,1.0114,1.0116,8.80,5.00
2010.09.02 09:59:26.435,1.0114,1.0116,8.80,5.60
2010.09.02 09:59:26.705,1.0114,1.0116,9.80,3.20
2010.09.02 09:59:27.550,1.01145,1.0116,1.00,3.20
2010.09.02 09:59:27.888,1.01145,1.0116,1.00,2.40
2010.09.02 09:59:29.500,1.0115,1.0116,4.80,1.00
2010.09.02 09:59:30.221,1.0115,1.0116,2.40,1.00
2010.09.02 09:59:31.050,1.0115,1.0116,4.80,1.00
2010.09.02 09:59:31.355,1.01165,1.0117,1.00,4.80
2010.09.02 09:59:31.660,1.01175,1.0119,2.40,3.60
2010.09.02 09:59:32.538,1.0118,1.0119,5.20,1.60
2010.09.02 09:59:32.835,1.01185,1.01195,1.00,1.00
2010.09.02 09:59:36.130,1.01175,1.0119,1.60,3.40
2010.09.02 09:59:36.471,1.0117,1.01185,4.80,1.00
2010.09.02 09:59:37.249,1.0117,1.01185,4.80,1.00
2010.09.02 09:59:37.490,1.0117,1.01185,4.80,1.00
2010.09.02 09:59:37.994,1.0117,1.01185,3.20,1.00
2010.09.02 09:59:38.769,1.0117,1.01185,4.00,2.40
2010.09.02 09:59:40.828,1.0117,1.01185,2.40,4.20
2010.09.02 09:59:41.179,1.0117,1.0118,1.00,1.00
2010.09.02 09:59:42.699,1.01165,1.0118,1.60,8.20
2010.09.02 09:59:43.539,1.0116,1.01165,4.80,1.00
2010.09.02 09:59:43.878,1.0115,1.01165,3.20,1.00
2010.09.02 09:59:44.214,1.0115,1.01165,4.80,1.00
2010.09.02 09:59:44.960,1.0115,1.01165,8.80,1.00
2010.09.02 09:59:45.307,1.0115,1.01165,8.80,1.00
2010.09.02 09:59:45.655,1.0115,1.01165,6.40,1.00
2010.09.02 09:59:45.994,1.0115,1.01165,6.40,1.00
2010.09.02 09:59:47.170,1.0115,1.01165,4.80,1.00
2010.09.02 09:59:47.879,1.0115,1.01165,4.00,1.00
2010.09.02 09:59:48.020,1.0115,1.0116,2.40,1.00
2010.09.02 09:59:48.161,1.0115,1.0116,1.60,1.00
2010.09.02 09:59:48.299,1.0115,1.0116,1.00,1.00
2010.09.02 09:59:49.073,1.01145,1.0116,6.40,1.00
2010.09.02 09:59:49.381,1.0115,1.01165,1.00,3.40
2010.09.02 09:59:49.890,1.0115,1.01165,1.60,2.60
2010.09.02 09:59:50.228,1.0115,1.01165,1.60,1.00
2010.09.02 09:59:53.517,1.0115,1.01165,2.40,1.00
2010.09.02 09:59:54.161,1.01155,1.01165,1.00,1.00
2010.09.02 09:59:54.357,1.01155,1.01165,1.60,1.00
2010.09.02 09:59:55.132,1.0116,1.0117,4.40,1.00
2010.09.02 09:59:55.890,1.0116,1.0117,6.80,1.00
2010.09.02 09:59:56.149,1.01165,1.0117,1.60,1.00
2010.09.02 09:59:56.942,1.01165,1.01175,8.00,1.00
2010.09.02 09:59:57.179,1.0117,1.0118,2.40,1.00
2010.09.02 09:59:58.622,1.0117,1.0118,5.60,1.00
