2010.09.15 01:00:05.551,0.9955,0.99565,2.40,1.60
2010.09.15 01:00:08.268,0.9955,0.99565,3.20,1.60
2010.09.15 01:00:09.282,0.9955,0.99565,1.60,1.60
2010.09.15 01:00:12.218,0.9955,0.99565,1.60,3.20
2010.09.15 01:00:12.339,0.99545,0.99565,8.20,3.20
2010.09.15 01:00:13.057,0.99545,0.99565,5.60,6.40
2010.09.15 01:00:13.406,0.99545,0.9956,5.60,1.60
2010.09.15 01:00:14.143,0.99545,0.9956,4.80,1.60
2010.09.15 01:00:15.521,0.99545,0.99565,4.80,6.40
2010.09.15 01:00:15.669,0.99545,0.9956,4.80,1.60
2010.09.15 01:00:16.275,0.99545,0.9956,1.60,1.60
2010.09.15 01:00:16.421,0.99545,0.9956,3.20,1.60
2010.09.15 01:00:18.438,0.99545,0.99565,3.20,8.00
2010.09.15 01:00:19.280,0.99545,0.9956,3.20,1.60
2010.09.15 01:00:21.560,0.99545,0.99565,4.00,8.00
2010.09.15 01:00:22.479,0.99545,0.9956,4.00,1.60
2010.09.15 01:00:23.525,0.99545,0.99565,4.00,8.00
2010.09.15 01:00:25.881,0.99545,0.9956,4.00,1.60
2010.09.15 01:00:26.357,0.99545,0.99565,4.00,8.00
2010.09.15 01:00:26.832,0.99545,0.9956,4.00,1.60
2010.09.15 01:00:33.344,0.99545,0.9956,3.20,1.60
2010.09.15 01:00:36.212,0.99545,0.9956,3.20,1.60
2010.09.15 01:00:36.561,0.99545,0.99565,3.20,8.20
2010.09.15 01:00:42.245,0.99545,0.9956,3.20,1.60
2010.09.15 01:00:42.554,0.99545,0.99565,4.00,8.20
2010.09.15 01:00:43.499,0.99545,0.9956,4.00,1.60
2010.09.15 01:00:44.330,0.99545,0.99565,4.00,8.20
2010.09.15 01:00:44.676,0.99545,0.9956,4.00,1.60
2010.09.15 01:00:57.411,0.99545,0.9956,3.20,2.40
2010.09.15 01:00:57.952,0.99545,0.9956,2.40,2.40
2010.09.15 01:00:59.243,0.99545,0.9956,3.20,1.00
2010.09.15 01:00:59.750,0.99545,0.99565,4.00,8.20
2010.09.15 01:01:00.022,0.99545,0.9956,2.40,2.40
2010.09.15 01:01:01.831,0.99545,0.9956,2.40,1.00
2010.09.15 01:01:08.341,0.99545,0.9956,2.40,2.40
2010.09.15 01:01:10.319,0.99545,0.9956,2.60,2.40
2010.09.15 01:01:18.601,0.99545,0.9956,1.80,2.40
2010.09.15 01:01:20.170,0.99545,0.9956,1.80,1.00
2010.09.15 01:01:23.249,0.99545,0.9956,1.80,2.40
2010.09.15 01:01:24.450,0.99545,0.9956,1.80,1.60
2010.09.15 01:01:27.418,0.99545,0.99565,1.80,7.40
2010.09.15 01:01:28.068,0.99545,0.9956,1.80,1.60
2010.09.15 01:01:28.873,0.99545,0.99565,1.80,7.40
2010.09.15 01:01:31.552,0.99545,0.99565,3.40,7.40
2010.09.15 01:01:40.820,0.99545,0.9956,3.40,1.60
2010.09.15 01:01:41.489,0.99545,0.9956,1.80,1.60
2010.09.15 01:01:41.670,0.99545,0.9956,1.80,2.40
2010.09.15 01:01:44.554,0.99545,0.9956,1.80,1.00
2010.09.15 01:01:44.939,0.99545,0.99565,3.40,7.40
2010.09.15 01:01:45.661,0.9955,0.99565,1.00,6.80
2010.09.15 01:01:46.016,0.9955,0.99565,1.00,3.20
2010.09.15 01:01:46.360,0.9955,0.99565,2.60,3.20
2010.09.15 01:01:49.267,0.9955,0.99565,3.40,1.60
2010.09.15 01:01:49.902,0.9955,0.99565,2.60,1.60
2010.09.15 01:01:51.125,0.9955,0.9957,2.60,5.80
2010.09.15 01:01:51.201,0.99555,0.9957,1.00,5.60
2010.09.15 01:01:51.270,0.99555,0.9957,1.00,4.80
2010.09.15 01:01:51.558,0.99555,0.99565,1.00,1.60
2010.09.15 01:01:51.911,0.9955,0.99565,3.40,2.40
2010.09.15 01:01:52.331,0.9955,0.99565,2.60,2.40
2010.09.15 01:01:53.773,0.99555,0.99565,1.00,2.40
2010.09.15 01:01:54.039,0.99555,0.99565,1.00,1.60
2010.09.15 01:01:55.869,0.99555,0.99565,1.00,1.60
2010.09.15 01:01:58.099,0.9955,0.99565,3.20,1.60
2010.09.15 01:01:58.379,0.9955,0.99565,2.40,1.60
2010.09.15 01:01:59.092,0.99555,0.99565,5.60,1.60
2010.09.15 01:02:00.355,0.99555,0.9956,5.60,2.60
2010.09.15 01:02:00.484,0.99555,0.9956,5.60,1.60
2010.09.15 01:02:00.614,0.99555,0.99565,11.20,1.60
2010.09.15 01:02:01.409,0.99555,0.99565,5.60,1.60
2010.09.15 01:02:01.994,0.9955,0.99565,16.00,1.60
2010.09.15 01:02:02.112,0.9955,0.9956,10.40,1.00
2010.09.15 01:02:02.233,0.9955,0.9956,2.40,1.00
2010.09.15 01:02:02.883,0.9955,0.9956,2.40,2.60
2010.09.15 01:02:03.169,0.9954,0.99555,4.00,1.60
2010.09.15 01:02:03.715,0.9955,0.99555,1.00,1.60
2010.09.15 01:02:03.998,0.99555,0.99565,1.00,1.60
2010.09.15 01:02:04.992,0.9955,0.99565,1.60,1.60
2010.09.15 01:02:05.466,0.9955,0.99555,1.00,1.60
2010.09.15 01:02:05.899,0.99545,0.99555,7.20,1.60
2010.09.15 01:02:06.138,0.99545,0.99555,1.60,1.60
2010.09.15 01:02:07.686,0.9955,0.9956,1.00,1.60
2010.09.15 01:02:07.969,0.99555,0.99565,1.00,3.20
2010.09.15 01:02:08.515,0.9955,0.99565,1.00,3.20
2010.09.15 01:02:08.697,0.9955,0.9956,1.00,1.60
2010.09.15 01:02:09.063,0.9955,0.99565,1.00,2.40
2010.09.15 01:02:10.082,0.9955,0.99565,1.00,3.20
2010.09.15 01:02:11.598,0.99555,0.99565,1.00,3.20
2010.09.15 01:02:11.868,0.99555,0.99565,1.00,2.40
2010.09.15 01:02:12.011,0.9955,0.99565,1.00,2.40
2010.09.15 01:02:12.294,0.9955,0.99565,1.00,3.20
2010.09.15 01:02:13.847,0.9955,0.99565,1.00,3.20
2010.09.15 01:02:14.660,0.9955,0.99565,1.00,4.00
2010.09.15 01:02:15.011,0.99555,0.99565,1.00,4.00
2010.09.15 01:02:15.710,0.99555,0.99565,1.00,2.40
2010.09.15 01:02:16.038,0.99555,0.99565,1.00,1.60
2010.09.15 01:02:16.344,0.9955,0.99565,1.00,2.40
2010.09.15 01:02:16.645,0.99555,0.99565,1.00,2.40
2010.09.15 01:02:17.243,0.9955,0.99565,1.00,2.40
2010.09.15 01:02:17.809,0.99555,0.99565,1.00,2.40
2010.09.15 01:02:18.002,0.9955,0.99565,1.00,2.40
2010.09.15 01:02:18.184,0.99555,0.99565,1.00,2.40
2010.09.15 01:02:18.632,0.9955,0.99565,1.00,2.40
2010.09.15 01:02:19.881,0.99555,0.99565,1.00,1.60
2010.09.15 01:02:21.534,0.9955,0.99565,1.00,1.60
2010.09.15 01:02:21.592,0.9955,0.99565,1.00,3.20
2010.09.15 01:02:21.768,0.99555,0.99565,1.00,3.20
2010.09.15 01:02:21.829,0.99555,0.99565,1.00,1.60
2010.09.15 01:02:23.363,0.99555,0.9956,1.00,1.60
2010.09.15 01:02:23.565,0.99555,0.99565,1.00,1.60
2010.09.15 01:02:24.722,0.9955,0.99565,1.00,1.60
2010.09.15 01:02:25.582,0.99555,0.99565,1.00,1.60
2010.09.15 01:02:26.491,0.9955,0.9956,1.00,1.60
2010.09.15 01:02:26.546,0.99555,0.99565,1.00,1.60
2010.09.15 01:02:26.596,0.99555,0.99565,1.00,3.20
2010.09.15 01:02:27.341,0.99545,0.9956,2.40,1.60
2010.09.15 01:02:27.696,0.99545,0.9956,1.60,1.60
2010.09.15 01:02:35.314,0.99545,0.99565,1.80,5.00
2010.09.15 01:02:35.372,0.99545,0.99565,3.40,5.00
2010.09.15 01:02:35.813,0.99545,0.9956,2.60,1.00
2010.09.15 01:02:35.888,0.99545,0.9956,2.60,1.60
2010.09.15 01:02:36.010,0.99545,0.9956,2.60,1.00
2010.09.15 01:02:36.070,0.99545,0.99565,8.20,7.40
2010.09.15 01:02:36.192,0.99545,0.99565,8.20,7.30
2010.09.15 01:02:36.250,0.99545,0.99565,2.60,7.30
2010.09.15 01:02:37.096,0.99545,0.99565,3.40,7.00
2010.09.15 01:02:37.445,0.99545,0.99565,9.00,7.00
2010.09.15 01:02:37.705,0.99545,0.9956,3.40,7.20
2010.09.15 01:02:37.962,0.99545,0.99565,14.60,7.30
2010.09.15 01:02:38.686,0.99545,0.99565,3.40,7.30
2010.09.15 01:02:39.251,0.99545,0.99555,3.40,1.00
2010.09.15 01:02:39.545,0.99545,0.99555,2.60,1.00
2010.09.15 01:02:39.674,0.99545,0.99555,1.00,1.00
2010.09.15 01:02:40.179,0.99545,0.99555,11.20,1.00
2010.09.15 01:02:40.309,0.9954,0.99555,10.40,1.00
2010.09.15 01:02:40.898,0.9954,0.99545,5.60,1.00
2010.09.15 01:02:41.540,0.9953,0.99545,1.60,1.00
2010.09.15 01:02:41.701,0.9953,0.99545,1.60,2.40
2010.09.15 01:02:43.041,0.9953,0.99545,1.00,1.60
2010.09.15 01:02:43.346,0.9953,0.99545,1.00,2.40
2010.09.15 01:02:43.654,0.9953,0.9954,1.00,1.00
2010.09.15 01:02:43.956,0.99525,0.9954,1.60,1.00
2010.09.15 01:02:44.642,0.9952,0.99535,3.20,11.20
2010.09.15 01:02:46.109,0.9952,0.99535,1.60,11.20
2010.09.15 01:02:46.337,0.9952,0.99535,1.60,16.00
2010.09.15 01:02:46.546,0.9952,0.99535,1.60,16.20
2010.09.15 01:02:47.151,0.9952,0.9953,1.60,11.20
2010.09.15 01:02:47.495,0.99515,0.9953,3.40,12.00
2010.09.15 01:02:48.249,0.9952,0.9953,1.60,6.40
2010.09.15 01:02:48.600,0.99515,0.9953,3.40,12.80
2010.09.15 01:02:52.748,0.99515,0.9953,3.40,12.00
2010.09.15 01:02:52.856,0.99515,0.9953,3.20,13.60
2010.09.15 01:02:53.870,0.99515,0.9953,3.20,16.00
2010.09.15 01:02:55.915,0.99515,0.9953,1.60,16.00
2010.09.15 01:02:56.425,0.99515,0.9953,1.60,4.80
2010.09.15 01:02:56.939,0.99515,0.9953,1.60,2.40
2010.09.15 01:02:57.276,0.99515,0.9953,1.60,1.00
2010.09.15 01:03:00.423,0.99515,0.9953,12.80,1.00
2010.09.15 01:03:00.675,0.99515,0.99535,7.20,4.00
2010.09.15 01:03:00.916,0.99515,0.9953,3.20,5.60
2010.09.15 01:03:01.143,0.99515,0.99535,3.20,6.60
2010.09.15 01:03:01.841,0.9952,0.99535,5.60,5.60
2010.09.15 01:03:02.188,0.9952,0.99535,5.60,3.20
2010.09.15 01:03:02.883,0.9952,0.99535,1.00,2.40
2010.09.15 01:03:03.479,0.9952,0.99535,6.40,2.40
2010.09.15 01:03:04.020,0.9952,0.99535,1.00,2.40
2010.09.15 01:03:04.286,0.99515,0.99535,4.80,3.20
2010.09.15 01:03:05.623,0.99515,0.99535,16.00,3.20
2010.09.15 01:03:05.770,0.99515,0.99535,18.40,3.20
2010.09.15 01:03:07.710,0.9952,0.99535,3.20,2.40
2010.09.15 01:03:07.840,0.9952,0.99535,8.80,2.40
2010.09.15 01:03:07.968,0.9952,0.99535,3.20,2.40
2010.09.15 01:03:08.619,0.9952,0.99535,1.00,2.40
2010.09.15 01:03:09.613,0.99525,0.99535,11.20,3.20
2010.09.15 01:03:09.862,0.99515,0.99535,16.00,1.00
2010.09.15 01:03:10.158,0.9952,0.99535,8.80,2.40
2010.09.15 01:03:10.804,0.9952,0.99535,14.40,2.40
2010.09.15 01:03:11.152,0.9952,0.99535,12.00,2.40
2010.09.15 01:03:11.504,0.9952,0.99535,13.60,3.30
2010.09.15 01:03:11.854,0.9952,0.9953,13.60,1.00
2010.09.15 01:03:12.468,0.9952,0.9953,2.40,1.00
2010.09.15 01:03:12.800,0.9952,0.9953,11.20,1.00
2010.09.15 01:03:13.123,0.9952,0.9953,13.60,1.00
2010.09.15 01:03:13.396,0.9952,0.99525,13.60,1.00
2010.09.15 01:03:14.054,0.9951,0.99525,7.20,1.00
2010.09.15 01:03:14.252,0.9951,0.99525,1.60,2.40
2010.09.15 01:03:15.020,0.99505,0.99525,7.40,2.40
2010.09.15 01:03:15.201,0.99505,0.99525,5.00,2.40
2010.09.15 01:03:16.576,0.99505,0.9952,4.90,2.60
2010.09.15 01:03:16.932,0.99485,0.995,13.20,2.40
2010.09.15 01:03:17.286,0.99485,0.995,12.80,1.60
2010.09.15 01:03:17.453,0.99485,0.995,7.20,1.60
2010.09.15 01:03:18.525,0.9948,0.995,4.00,2.40
2010.09.15 01:03:18.943,0.9948,0.995,4.80,2.40
2010.09.15 01:03:19.151,0.9948,0.995,4.00,2.40
2010.09.15 01:03:19.900,0.99485,0.995,5.60,1.60
2010.09.15 01:03:20.236,0.99485,0.995,5.60,2.40
2010.09.15 01:03:22.767,0.99485,0.995,5.60,4.00
2010.09.15 01:03:23.402,0.99485,0.99495,5.60,1.00
2010.09.15 01:03:26.630,0.9948,0.995,4.00,4.00
2010.09.15 01:03:27.521,0.9948,0.99495,3.20,1.60
2010.09.15 01:03:27.722,0.9948,0.99495,3.20,1.00
2010.09.15 01:03:31.181,0.99485,0.99495,5.60,1.00
2010.09.15 01:03:31.423,0.9948,0.99495,4.00,1.60
2010.09.15 01:03:31.674,0.9948,0.99495,1.60,1.60
2010.09.15 01:03:32.125,0.9948,0.99495,4.00,1.60
2010.09.15 01:03:32.488,0.9948,0.995,14.40,6.60
2010.09.15 01:03:32.842,0.99485,0.995,1.60,2.40
2010.09.15 01:03:33.448,0.9949,0.995,1.00,1.60
2010.09.15 01:03:33.701,0.9949,0.99505,6.40,1.60
2010.09.15 01:03:36.351,0.9949,0.99505,1.00,1.60
2010.09.15 01:03:39.510,0.99485,0.99505,16.80,1.60
2010.09.15 01:03:40.241,0.99485,0.99505,3.20,1.60
2010.09.15 01:03:40.988,0.99485,0.99505,4.80,1.60
2010.09.15 01:03:41.269,0.9949,0.99505,1.00,1.60
2010.09.15 01:03:41.776,0.9949,0.99505,7.20,1.60
2010.09.15 01:03:42.044,0.9949,0.9951,1.60,3.20
2010.09.15 01:03:42.512,0.9949,0.9951,1.00,4.00
2010.09.15 01:03:44.328,0.9949,0.9951,15.20,3.20
2010.09.15 01:03:44.671,0.9949,0.9951,15.20,2.40
2010.09.15 01:03:48.861,0.9949,0.9951,15.20,3.20
2010.09.15 01:03:50.644,0.9949,0.9951,16.80,3.20
2010.09.15 01:03:51.797,0.9949,0.9951,13.60,4.00
2010.09.15 01:03:52.146,0.9949,0.9951,2.40,4.00
2010.09.15 01:03:55.407,0.9949,0.9951,8.80,3.20
2010.09.15 01:03:56.216,0.99495,0.9951,1.00,2.40
2010.09.15 01:03:56.496,0.99495,0.9951,1.60,1.60
2010.09.15 01:03:57.161,0.995,0.99515,1.00,2.40
2010.09.15 01:03:59.232,0.99495,0.99515,1.60,2.40
2010.09.15 01:04:01.441,0.99495,0.99515,1.60,2.40
2010.09.15 01:04:01.901,0.99495,0.99515,7.20,2.40
2010.09.15 01:04:02.355,0.99495,0.99515,7.20,2.40
2010.09.15 01:04:02.596,0.995,0.99515,1.00,2.40
2010.09.15 01:04:03.415,0.995,0.99515,1.00,1.60
2010.09.15 01:04:04.392,0.995,0.99515,1.60,1.60
2010.09.15 01:04:09.813,0.995,0.9952,3.20,4.00
2010.09.15 01:04:10.660,0.995,0.9952,4.80,4.00
2010.09.15 01:04:12.583,0.995,0.9952,4.80,3.20
2010.09.15 01:04:12.747,0.995,0.9952,4.80,4.00
2010.09.15 01:04:16.416,0.995,0.9952,3.20,4.00
2010.09.15 01:04:16.742,0.995,0.9952,4.80,4.00
2010.09.15 01:04:17.442,0.995,0.9952,3.20,4.00
2010.09.15 01:04:18.510,0.995,0.9952,4.80,4.00
2010.09.15 01:04:18.789,0.99505,0.9952,1.00,2.40
2010.09.15 01:04:20.920,0.99505,0.9952,1.00,2.40
2010.09.15 01:04:22.512,0.99505,0.9952,1.00,4.00
2010.09.15 01:04:22.661,0.995,0.9952,3.20,5.60
2010.09.15 01:04:23.837,0.995,0.9952,4.80,4.00
2010.09.15 01:04:25.230,0.995,0.9952,4.80,2.40
2010.09.15 01:04:32.909,0.99505,0.9952,1.00,1.60
2010.09.15 01:04:33.101,0.99505,0.99525,1.00,12.80
2010.09.15 01:04:33.290,0.99505,0.99525,1.80,11.20
2010.09.15 01:04:33.945,0.99505,0.99525,1.80,5.60
2010.09.15 01:04:34.196,0.9951,0.99525,1.60,1.60
2010.09.15 01:04:35.989,0.9951,0.99525,1.00,12.80
2010.09.15 01:04:36.114,0.9951,0.99525,1.00,7.20
2010.09.15 01:04:39.300,0.99505,0.99525,3.20,8.00
2010.09.15 01:04:39.804,0.99505,0.99525,3.20,13.60
2010.09.15 01:04:40.688,0.99505,0.99525,4.80,13.60
2010.09.15 01:04:41.114,0.9951,0.99525,1.00,12.80
2010.09.15 01:04:41.170,0.9951,0.99525,1.00,7.20
2010.09.15 01:04:41.570,0.99505,0.99525,4.80,7.20
2010.09.15 01:04:41.844,0.99505,0.99525,4.80,12.00
2010.09.15 01:04:43.761,0.99505,0.99525,16.80,1.00
2010.09.15 01:04:44.313,0.9951,0.9953,1.60,5.60
2010.09.15 01:04:45.370,0.9951,0.99525,1.60,9.60
2010.09.15 01:04:45.420,0.9951,0.99525,1.60,1.60
2010.09.15 01:04:45.476,0.9951,0.9952,1.60,3.20
2010.09.15 01:04:45.531,0.9951,0.9952,1.60,1.00
2010.09.15 01:04:45.593,0.9951,0.9952,1.60,1.60
2010.09.15 01:04:45.701,0.9951,0.9952,3.20,1.00
2010.09.15 01:04:45.761,0.99515,0.9953,11.20,5.60
2010.09.15 01:04:45.860,0.99515,0.99525,11.20,1.00
2010.09.15 01:04:46.384,0.99515,0.99525,5.60,1.00
2010.09.15 01:04:46.740,0.9951,0.9952,1.00,1.60
2010.09.15 01:04:48.001,0.9951,0.99525,1.00,1.60
2010.09.15 01:04:49.770,0.995,0.99515,8.80,2.40
2010.09.15 01:04:51.431,0.99505,0.9952,12.80,2.40
2010.09.15 01:04:51.593,0.9951,0.9952,5.60,2.40
2010.09.15 01:04:51.763,0.9951,0.9952,6.40,1.60
2010.09.15 01:04:51.931,0.9951,0.9952,12.00,1.60
2010.09.15 01:04:52.102,0.9951,0.9952,14.40,1.60
2010.09.15 01:04:53.753,0.9951,0.9952,8.80,1.60
2010.09.15 01:04:53.854,0.9951,0.9952,6.40,1.60
2010.09.15 01:04:56.142,0.9951,0.9952,1.00,1.60
2010.09.15 01:04:57.421,0.9951,0.9952,1.00,7.20
2010.09.15 01:04:57.924,0.99505,0.9952,3.20,1.60
2010.09.15 01:04:59.020,0.99505,0.9951,3.20,1.00
2010.09.15 01:04:59.172,0.99495,0.9951,4.90,14.40
2010.09.15 01:04:59.334,0.9949,0.99505,1.60,2.60
2010.09.15 01:04:59.490,0.99485,0.995,2.80,5.60
2010.09.15 01:04:59.662,0.99485,0.995,1.60,12.00
2010.09.15 01:05:00.668,0.99495,0.995,1.00,11.20
2010.09.15 01:05:00.761,0.99495,0.99505,1.00,16.80
2010.09.15 01:05:00.861,0.99485,0.99505,3.40,17.60
2010.09.15 01:05:00.949,0.99485,0.99505,2.60,17.60
2010.09.15 01:05:01.044,0.99485,0.99495,2.50,5.60
2010.09.15 01:05:01.139,0.99485,0.99495,2.50,11.20
2010.09.15 01:05:01.230,0.99485,0.99495,1.70,11.20
2010.09.15 01:05:01.320,0.99485,0.995,1.00,1.00
2010.09.15 01:05:01.742,0.99485,0.995,1.00,1.60
2010.09.15 01:05:02.042,0.99485,0.995,1.70,1.00
2010.09.15 01:05:02.335,0.99485,0.99505,2.40,20.80
2010.09.15 01:05:02.631,0.99495,0.99505,1.00,4.00
2010.09.15 01:05:03.292,0.99495,0.9951,3.20,1.60
2010.09.15 01:05:03.617,0.99495,0.9951,3.40,1.60
2010.09.15 01:05:04.244,0.99495,0.9951,3.20,2.40
2010.09.15 01:05:04.423,0.99495,0.9951,1.60,5.00
2010.09.15 01:05:04.602,0.9949,0.9951,7.20,5.80
2010.09.15 01:05:04.782,0.9949,0.9951,1.00,12.20
2010.09.15 01:05:05.349,0.9949,0.9951,2.40,12.20
2010.09.15 01:05:06.702,0.9949,0.9951,3.20,12.20
2010.09.15 01:05:07.524,0.9949,0.9951,2.40,12.20
2010.09.15 01:05:10.438,0.9949,0.9951,1.00,12.20
2010.09.15 01:05:12.749,0.99485,0.9951,4.80,12.20
2010.09.15 01:05:13.273,0.9949,0.9951,1.00,12.20
2010.09.15 01:05:16.067,0.99485,0.99505,4.00,2.40
2010.09.15 01:05:16.311,0.99485,0.995,4.00,1.00
2010.09.15 01:05:16.743,0.99485,0.995,3.20,1.60
2010.09.15 01:05:16.982,0.99485,0.995,3.20,1.60
2010.09.15 01:05:21.206,0.99485,0.99505,3.20,4.00
2010.09.15 01:05:23.472,0.99485,0.99505,4.00,4.00
2010.09.15 01:05:25.103,0.99485,0.99505,4.80,4.00
2010.09.15 01:05:30.343,0.99485,0.99505,4.00,4.00
2010.09.15 01:05:30.539,0.99485,0.99505,3.20,4.00
2010.09.15 01:05:31.676,0.99485,0.995,3.20,1.60
2010.09.15 01:05:36.204,0.99485,0.995,1.60,2.40
2010.09.15 01:05:36.705,0.9948,0.99495,8.80,1.00
2010.09.15 01:05:36.863,0.9948,0.995,4.00,4.00
2010.09.15 01:05:37.013,0.9948,0.995,4.00,4.20
2010.09.15 01:05:37.164,0.9948,0.99495,1.60,1.00
2010.09.15 01:05:37.914,0.99475,0.99495,12.00,1.80
2010.09.15 01:05:38.271,0.99475,0.99495,18.40,1.60
2010.09.15 01:05:38.502,0.99475,0.99495,7.20,1.60
2010.09.15 01:05:38.960,0.99475,0.99495,4.80,1.60
2010.09.15 01:05:39.560,0.99475,0.99495,5.80,1.60
2010.09.15 01:05:40.544,0.99475,0.99495,5.00,1.60
2010.09.15 01:05:40.713,0.99475,0.995,5.00,4.00
2010.09.15 01:05:45.576,0.9948,0.995,1.00,4.00
2010.09.15 01:05:50.079,0.9948,0.995,1.00,4.00
2010.09.15 01:05:50.304,0.99475,0.99495,4.80,1.60
2010.09.15 01:05:51.280,0.99475,0.99495,4.80,3.20
2010.09.15 01:06:00.078,0.99475,0.99495,4.80,2.40
2010.09.15 01:06:00.613,0.99475,0.99495,6.00,3.20
2010.09.15 01:06:00.759,0.99485,0.99495,1.60,1.00
2010.09.15 01:06:00.898,0.9948,0.995,1.60,11.20
2010.09.15 01:06:01.466,0.9948,0.995,2.40,3.20
2010.09.15 01:06:01.603,0.9948,0.995,3.20,3.20
2010.09.15 01:06:02.291,0.9948,0.995,2.40,3.20
2010.09.15 01:06:03.079,0.9948,0.99485,2.40,1.00
2010.09.15 01:06:03.257,0.9948,0.9949,3.20,5.60
2010.09.15 01:06:03.433,0.9948,0.99495,4.80,2.40
2010.09.15 01:06:03.612,0.9948,0.99495,1.60,2.40
2010.09.15 01:06:04.357,0.99475,0.99495,3.40,1.60
2010.09.15 01:06:04.702,0.9948,0.99495,1.60,1.60
2010.09.15 01:06:07.100,0.9948,0.995,1.60,1.60
2010.09.15 01:06:07.263,0.99485,0.995,1.60,1.60
2010.09.15 01:06:07.674,0.9949,0.995,1.00,1.60
2010.09.15 01:06:08.085,0.9949,0.995,1.60,1.60
2010.09.15 01:06:08.786,0.9949,0.995,7.20,1.60
2010.09.15 01:06:10.421,0.9949,0.99505,7.20,1.60
2010.09.15 01:06:10.571,0.9949,0.99505,1.60,1.60
2010.09.15 01:06:11.724,0.9949,0.99505,7.20,1.60
2010.09.15 01:06:12.214,0.99495,0.99505,1.60,1.60
2010.09.15 01:06:14.152,0.99495,0.99505,1.00,1.60
2010.09.15 01:06:34.738,0.99495,0.9951,1.60,2.40
2010.09.15 01:06:35.299,0.99495,0.9951,3.20,2.40
2010.09.15 01:06:35.608,0.99505,0.9951,13.00,1.60
2010.09.15 01:06:35.915,0.9951,0.99525,1.00,1.60
2010.09.15 01:06:38.783,0.9951,0.99525,7.20,1.60
2010.09.15 01:06:39.873,0.9951,0.99525,1.60,1.60
2010.09.15 01:06:40.333,0.9951,0.99525,7.20,1.60
2010.09.15 01:06:42.449,0.9951,0.99525,6.40,1.60
2010.09.15 01:06:42.719,0.9951,0.99525,1.00,1.60
2010.09.15 01:06:42.954,0.9951,0.9952,1.00,1.80
2010.09.15 01:06:43.245,0.995,0.9952,2.40,8.20
2010.09.15 01:06:43.701,0.995,0.9952,8.00,2.40
2010.09.15 01:06:43.850,0.99505,0.9952,1.60,1.60
2010.09.15 01:06:44.144,0.99505,0.9952,1.60,7.20
2010.09.15 01:06:44.726,0.99505,0.9952,1.60,1.60
2010.09.15 01:06:47.573,0.99505,0.9952,1.60,2.60
2010.09.15 01:06:47.726,0.99505,0.9952,1.60,5.00
2010.09.15 01:06:47.873,0.99505,0.9952,1.60,2.40
2010.09.15 01:06:48.022,0.99505,0.9952,1.00,5.00
2010.09.15 01:06:48.431,0.995,0.9952,16.00,5.00
2010.09.15 01:06:48.782,0.995,0.9952,10.40,5.00
2010.09.15 01:06:51.599,0.995,0.9952,8.80,5.00
2010.09.15 01:06:53.813,0.995,0.9952,8.80,6.60
2010.09.15 01:06:53.940,0.995,0.9952,7.20,6.60
2010.09.15 01:06:54.061,0.995,0.9952,6.40,8.20
2010.09.15 01:06:54.182,0.995,0.9952,1.00,8.20
2010.09.15 01:07:00.631,0.995,0.9952,1.00,13.80
2010.09.15 01:07:00.751,0.995,0.9952,1.00,8.20
2010.09.15 01:07:01.303,0.995,0.9952,3.20,2.60
2010.09.15 01:07:01.418,0.995,0.9952,3.20,3.40
2010.09.15 01:07:01.540,0.995,0.9952,3.20,4.20
2010.09.15 01:07:03.868,0.995,0.9952,1.60,6.60
2010.09.15 01:07:10.604,0.995,0.9952,3.20,3.40
2010.09.15 01:07:10.856,0.995,0.9952,8.80,3.40
2010.09.15 01:07:12.096,0.99505,0.9952,2.40,1.00
2010.09.15 01:07:12.384,0.99505,0.99525,5.60,4.00
2010.09.15 01:07:12.671,0.9951,0.99525,1.00,3.20
2010.09.15 01:07:14.710,0.9951,0.99525,1.00,3.40
2010.09.15 01:07:15.053,0.9951,0.9952,1.00,1.00
2010.09.15 01:07:15.222,0.99505,0.9952,3.20,1.00
2010.09.15 01:07:15.391,0.99505,0.9952,2.40,1.00
2010.09.15 01:07:15.561,0.99505,0.9952,2.40,1.80
2010.09.15 01:07:16.412,0.99505,0.9952,9.60,1.80
2010.09.15 01:07:16.588,0.99515,0.99535,3.20,7.80
2010.09.15 01:07:16.761,0.99515,0.99535,3.20,7.40
2010.09.15 01:07:18.574,0.99515,0.99535,4.80,5.80
2010.09.15 01:07:18.840,0.99515,0.99535,5.60,5.00
2010.09.15 01:07:19.701,0.99515,0.99535,4.00,6.60
2010.09.15 01:07:20.549,0.99515,0.99535,4.00,6.80
2010.09.15 01:07:20.980,0.99515,0.9953,3.20,4.00
2010.09.15 01:07:21.324,0.9951,0.9952,1.00,1.00
2010.09.15 01:07:21.820,0.99505,0.99515,1.60,1.00
2010.09.15 01:07:22.223,0.99505,0.9952,1.60,3.20
2010.09.15 01:07:22.550,0.99505,0.9952,3.20,2.40
2010.09.15 01:07:22.629,0.99505,0.9952,3.20,1.00
2010.09.15 01:07:30.102,0.99505,0.99525,6.60,1.00
2010.09.15 01:07:30.314,0.9951,0.99525,1.60,1.00
2010.09.15 01:07:30.519,0.9951,0.99525,2.40,1.00
2010.09.15 01:07:30.901,0.99505,0.99525,5.60,1.00
2010.09.15 01:07:31.080,0.99505,0.99525,5.60,6.40
2010.09.15 01:07:31.260,0.99505,0.99525,5.60,12.00
2010.09.15 01:07:32.684,0.99505,0.9952,4.80,1.00
2010.09.15 01:07:32.786,0.99505,0.9952,1.00,12.80
2010.09.15 01:07:32.878,0.995,0.99515,2.40,1.60
2010.09.15 01:07:33.829,0.995,0.99515,3.20,1.60
2010.09.15 01:07:42.340,0.99505,0.9952,1.60,1.00
2010.09.15 01:07:42.430,0.99505,0.9952,3.20,1.00
2010.09.15 01:07:44.582,0.99505,0.9952,4.00,1.00
2010.09.15 01:07:44.619,0.99505,0.9952,4.80,1.00
2010.09.15 01:07:45.132,0.99505,0.9952,1.60,1.00
2010.09.15 01:07:45.429,0.99505,0.9952,1.60,1.60
2010.09.15 01:07:45.460,0.99505,0.9952,1.60,2.40
2010.09.15 01:07:45.860,0.99505,0.9952,1.60,4.00
2010.09.15 01:07:49.051,0.99505,0.9952,1.60,2.40
2010.09.15 01:07:49.776,0.99505,0.9952,3.20,1.00
2010.09.15 01:07:50.077,0.99505,0.9952,4.80,1.00
2010.09.15 01:07:51.578,0.99505,0.9952,3.20,1.00
2010.09.15 01:07:51.850,0.99505,0.9952,1.60,1.60
2010.09.15 01:07:54.271,0.99505,0.99525,2.40,11.40
2010.09.15 01:07:54.585,0.99505,0.99525,10.40,4.20
2010.09.15 01:07:55.324,0.99505,0.99525,4.80,5.80
2010.09.15 01:07:57.096,0.99505,0.9952,4.80,1.00
2010.09.15 01:08:00.902,0.99505,0.99525,12.00,9.00
2010.09.15 01:08:01.063,0.99505,0.9952,16.00,1.00
2010.09.15 01:08:01.223,0.99505,0.9952,10.40,1.00
2010.09.15 01:08:01.381,0.99505,0.9952,4.80,1.00
2010.09.15 01:08:09.432,0.99505,0.9952,4.80,1.00
2010.09.15 01:08:09.987,0.99505,0.9952,10.40,1.00
2010.09.15 01:08:10.271,0.99505,0.9952,4.80,1.00
2010.09.15 01:08:18.371,0.99505,0.9952,3.20,1.00
2010.09.15 01:08:18.510,0.99505,0.9952,1.60,1.00
2010.09.15 01:08:18.579,0.99505,0.9952,1.60,3.40
2010.09.15 01:08:18.650,0.995,0.9952,18.40,5.00
2010.09.15 01:08:19.053,0.995,0.9952,6.40,5.00
2010.09.15 01:08:19.127,0.995,0.9952,2.40,5.00
2010.09.15 01:08:22.331,0.995,0.9952,4.00,5.00
2010.09.15 01:08:22.395,0.995,0.9952,9.60,5.00
2010.09.15 01:08:27.036,0.995,0.9952,8.00,5.00
2010.09.15 01:08:27.153,0.995,0.9952,7.20,5.00
2010.09.15 01:08:27.281,0.995,0.9952,1.00,10.60
2010.09.15 01:08:27.405,0.99495,0.99515,7.30,1.00
2010.09.15 01:08:27.883,0.995,0.99515,5.60,1.00
2010.09.15 01:08:28.007,0.995,0.99515,6.40,1.00
2010.09.15 01:08:29.032,0.995,0.99515,1.00,1.00
2010.09.15 01:08:29.722,0.99495,0.99515,4.80,1.00
2010.09.15 01:08:33.221,0.995,0.99515,1.60,1.00
2010.09.15 01:08:33.549,0.995,0.99515,8.00,1.00
2010.09.15 01:08:41.991,0.995,0.99515,7.20,1.00
2010.09.15 01:08:45.815,0.995,0.99515,1.60,1.00
2010.09.15 01:08:47.231,0.99495,0.99515,18.40,1.00
2010.09.15 01:08:50.402,0.99495,0.99515,10.40,1.00
2010.09.15 01:08:50.513,0.995,0.9952,6.40,6.60
2010.09.15 01:08:50.814,0.995,0.9952,1.00,6.60
2010.09.15 01:08:52.511,0.99495,0.9952,4.90,8.20
2010.09.15 01:08:52.570,0.99495,0.99515,4.90,1.00
2010.09.15 01:08:52.629,0.99495,0.99515,4.90,1.60
2010.09.15 01:08:52.879,0.99495,0.99515,4.80,1.60
2010.09.15 01:08:53.900,0.99495,0.99515,4.80,1.00
2010.09.15 01:08:55.245,0.99495,0.99515,7.20,1.60
2010.09.15 01:08:55.930,0.99495,0.99515,4.80,1.60
2010.09.15 01:08:58.547,0.995,0.99515,5.60,1.60
2010.09.15 01:08:59.418,0.99495,0.99515,4.80,1.60
2010.09.15 01:09:00.997,0.995,0.9952,12.80,6.60
2010.09.15 01:09:01.549,0.995,0.9952,8.00,6.60
2010.09.15 01:09:02.613,0.995,0.9952,7.20,6.60
2010.09.15 01:09:02.804,0.995,0.9952,1.60,6.60
2010.09.15 01:09:03.651,0.99495,0.99515,4.90,1.60
2010.09.15 01:09:04.353,0.99495,0.99515,4.80,1.60
2010.09.15 01:09:09.500,0.99495,0.99515,4.80,1.00
2010.09.15 01:09:09.570,0.995,0.9952,1.00,12.20
2010.09.15 01:09:10.199,0.995,0.9952,1.60,12.20
2010.09.15 01:09:11.332,0.995,0.9952,1.60,8.20
2010.09.15 01:09:11.681,0.995,0.9952,1.60,12.20
2010.09.15 01:09:13.409,0.995,0.9952,7.20,6.60
2010.09.15 01:09:13.561,0.995,0.9952,7.20,4.20
2010.09.15 01:09:13.711,0.99505,0.9952,5.60,4.00
2010.09.15 01:09:13.862,0.99505,0.9952,15.20,2.40
2010.09.15 01:09:17.655,0.99505,0.9952,15.20,2.60
2010.09.15 01:09:17.676,0.99505,0.9952,2.40,5.00
2010.09.15 01:09:17.730,0.995,0.9952,8.80,5.00
2010.09.15 01:09:17.910,0.995,0.9952,8.80,5.80
2010.09.15 01:09:18.334,0.995,0.9952,7.20,5.80
2010.09.15 01:09:20.191,0.995,0.9952,12.80,5.80
2010.09.15 01:09:20.614,0.995,0.9952,12.80,5.00
2010.09.15 01:09:20.685,0.995,0.9952,15.20,5.00
2010.09.15 01:09:21.703,0.995,0.99505,15.20,1.00
2010.09.15 01:09:21.895,0.995,0.9951,1.60,1.80
2010.09.15 01:09:22.083,0.995,0.9951,12.80,1.60
2010.09.15 01:09:22.753,0.995,0.9951,15.20,1.60
2010.09.15 01:09:23.811,0.995,0.99505,15.20,1.00
2010.09.15 01:09:23.930,0.995,0.99505,15.20,1.00
2010.09.15 01:09:23.991,0.995,0.99505,13.60,1.00
2010.09.15 01:09:24.052,0.995,0.99505,11.20,1.00
2010.09.15 01:09:24.170,0.995,0.99505,5.60,1.00
2010.09.15 01:09:24.232,0.9949,0.99505,7.60,1.00
2010.09.15 01:09:24.349,0.9949,0.99505,7.20,1.00
2010.09.15 01:09:25.598,0.9949,0.99505,8.00,1.00
2010.09.15 01:09:25.659,0.99495,0.9951,1.00,4.80
2010.09.15 01:09:25.691,0.99495,0.9951,1.00,4.00
2010.09.15 01:09:25.719,0.99495,0.9951,1.00,2.40
2010.09.15 01:09:25.841,0.99495,0.9951,3.20,1.60
2010.09.15 01:09:26.049,0.995,0.9951,1.00,1.60
2010.09.15 01:09:27.200,0.995,0.9951,1.00,2.60
2010.09.15 01:09:27.490,0.99495,0.9951,1.60,2.60
2010.09.15 01:09:42.641,0.99495,0.9951,7.20,2.60
2010.09.15 01:09:43.253,0.99495,0.9951,1.60,2.60
2010.09.15 01:09:44.268,0.99495,0.9951,3.20,2.60
2010.09.15 01:09:44.601,0.99495,0.9951,1.60,2.60
2010.09.15 01:09:45.461,0.99495,0.9951,2.40,2.60
2010.09.15 01:09:55.770,0.99495,0.9951,3.20,2.60
2010.09.15 01:09:56.047,0.99495,0.9951,8.80,2.60
2010.09.15 01:09:56.441,0.99495,0.9951,3.20,2.60
2010.09.15 01:09:58.413,0.99495,0.9951,2.40,2.60
2010.09.15 01:10:14.601,0.99495,0.9951,1.60,3.40
2010.09.15 01:10:21.679,0.995,0.9951,1.00,1.60
2010.09.15 01:10:22.637,0.99505,0.99515,1.60,1.60
2010.09.15 01:10:23.295,0.99505,0.99515,3.20,1.60
2010.09.15 01:10:24.268,0.9951,0.9952,1.60,1.60
2010.09.15 01:10:24.972,0.99505,0.9952,5.80,1.60
2010.09.15 01:10:25.421,0.99505,0.9952,5.60,1.60
2010.09.15 01:10:25.773,0.99505,0.9952,2.40,3.20
2010.09.15 01:10:26.896,0.9951,0.9952,1.60,1.60
2010.09.15 01:10:27.123,0.99505,0.9952,2.40,1.00
2010.09.15 01:10:27.470,0.99505,0.9952,2.40,2.40
2010.09.15 01:10:28.611,0.99505,0.9952,2.40,3.20
2010.09.15 01:10:28.850,0.99505,0.9952,1.60,3.20
2010.09.15 01:10:37.805,0.99505,0.99515,1.60,1.00
2010.09.15 01:10:38.001,0.995,0.99515,1.60,1.00
2010.09.15 01:10:38.384,0.995,0.99515,1.60,2.40
2010.09.15 01:10:39.994,0.995,0.99515,2.40,1.60
2010.09.15 01:10:40.273,0.99505,0.9952,1.00,2.40
2010.09.15 01:10:42.274,0.99505,0.9952,2.40,2.40
2010.09.15 01:10:43.346,0.99505,0.9952,3.20,2.40
2010.09.15 01:10:46.780,0.99505,0.9952,2.40,2.40
2010.09.15 01:10:49.110,0.99505,0.9952,3.20,2.40
2010.09.15 01:10:56.938,0.99505,0.9952,5.60,2.40
2010.09.15 01:10:57.052,0.99505,0.9952,16.80,2.40
2010.09.15 01:10:58.490,0.99505,0.99515,14.40,1.00
2010.09.15 01:10:58.768,0.99505,0.99515,11.20,1.00
2010.09.15 01:10:59.409,0.995,0.99515,7.20,1.00
2010.09.15 01:10:59.772,0.99505,0.9952,3.20,2.40
2010.09.15 01:11:06.182,0.99505,0.9952,1.60,2.40
2010.09.15 01:11:06.532,0.99505,0.9952,3.20,2.40
2010.09.15 01:11:10.862,0.99505,0.9952,2.40,2.40
2010.09.15 01:11:11.202,0.99505,0.9952,1.60,3.20
2010.09.15 01:11:11.709,0.99505,0.9952,3.20,2.40
2010.09.15 01:11:11.791,0.99505,0.9952,11.20,2.40
2010.09.15 01:11:11.870,0.99505,0.9952,16.80,2.40
2010.09.15 01:11:12.435,0.99505,0.9952,16.00,2.40
2010.09.15 01:11:12.683,0.99505,0.9952,2.40,2.40
2010.09.15 01:11:13.404,0.99505,0.9952,1.60,3.20
2010.09.15 01:11:20.884,0.99505,0.9952,2.40,2.40
2010.09.15 01:11:24.999,0.99505,0.9952,1.60,3.20
2010.09.15 01:11:33.092,0.99505,0.9952,2.40,2.40
2010.09.15 01:11:33.562,0.99505,0.9952,3.20,2.40
2010.09.15 01:11:42.320,0.9952,0.99525,1.00,7.20
2010.09.15 01:11:42.463,0.9952,0.9953,1.00,3.20
2010.09.15 01:11:42.531,0.99525,0.99535,1.60,9.20
2010.09.15 01:11:42.601,0.99525,0.99535,1.60,8.00
2010.09.15 01:11:42.676,0.99525,0.99535,1.60,1.00
2010.09.15 01:11:43.329,0.9952,0.9954,2.40,4.00
2010.09.15 01:11:43.681,0.99525,0.9954,1.80,2.40
2010.09.15 01:11:45.390,0.99525,0.9954,3.40,2.40
2010.09.15 01:11:47.395,0.99525,0.9954,2.40,2.40
2010.09.15 01:11:49.281,0.99525,0.9954,1.00,2.40
2010.09.15 01:11:50.886,0.9952,0.9954,4.00,4.00
2010.09.15 01:11:52.308,0.9952,0.9954,4.00,2.40
2010.09.15 01:11:52.533,0.99525,0.9954,1.60,2.40
2010.09.15 01:11:56.030,0.99515,0.99525,11.20,1.00
2010.09.15 01:11:56.513,0.99515,0.99525,4.80,1.00
2010.09.15 01:11:56.620,0.9952,0.9953,1.60,3.20
2010.09.15 01:11:56.715,0.9952,0.9953,1.80,2.40
2010.09.15 01:11:56.813,0.9952,0.9953,1.80,1.00
2010.09.15 01:11:56.910,0.9952,0.99535,1.80,7.20
2010.09.15 01:11:57.181,0.9952,0.99535,2.60,1.60
2010.09.15 01:11:57.271,0.9952,0.9954,2.60,6.60
2010.09.15 01:11:57.501,0.9952,0.9954,2.60,4.20
2010.09.15 01:11:58.284,0.99525,0.9954,1.60,4.20
2010.09.15 01:11:59.026,0.9952,0.9954,2.60,4.20
2010.09.15 01:12:02.071,0.9952,0.9954,4.20,4.20
2010.09.15 01:12:02.282,0.99525,0.9954,1.60,4.20
2010.09.15 01:12:04.602,0.99525,0.9954,1.60,3.40
2010.09.15 01:12:04.750,0.99525,0.9954,7.20,3.40
2010.09.15 01:12:05.039,0.99525,0.9954,5.60,3.40
2010.09.15 01:12:05.585,0.9952,0.9954,4.20,3.40
2010.09.15 01:12:09.891,0.9952,0.9954,4.20,4.20
2010.09.15 01:12:10.120,0.9952,0.9954,2.60,4.20
2010.09.15 01:12:12.819,0.9952,0.9954,1.80,4.20
2010.09.15 01:12:13.060,0.9952,0.9954,1.00,4.20
2010.09.15 01:12:13.547,0.9952,0.9954,1.80,5.00
2010.09.15 01:12:14.432,0.9952,0.9954,1.80,4.20
2010.09.15 01:12:15.198,0.9952,0.9954,3.40,4.20
2010.09.15 01:12:19.340,0.9952,0.9954,1.80,4.20
2010.09.15 01:12:23.364,0.9952,0.9954,1.00,4.20
2010.09.15 01:12:23.540,0.9952,0.9954,2.60,4.20
2010.09.15 01:12:25.780,0.9952,0.9954,1.80,4.20
2010.09.15 01:12:26.967,0.9952,0.9954,3.40,2.60
2010.09.15 01:12:28.060,0.9952,0.9954,4.20,2.60
2010.09.15 01:12:33.370,0.9952,0.9954,4.20,4.20
2010.09.15 01:12:33.609,0.9952,0.9954,2.60,4.20
2010.09.15 01:12:38.960,0.9952,0.9954,4.20,4.20
2010.09.15 01:12:44.346,0.9952,0.9954,4.20,3.40
2010.09.15 01:12:44.510,0.99525,0.9954,1.00,2.60
2010.09.15 01:12:46.539,0.99525,0.9954,1.60,2.60
2010.09.15 01:12:56.901,0.99525,0.9954,1.60,2.40
2010.09.15 01:13:07.876,0.99525,0.9954,7.20,2.40
2010.09.15 01:13:09.273,0.99525,0.9954,1.60,2.40
2010.09.15 01:13:27.084,0.99525,0.9954,1.00,2.40
2010.09.15 01:13:28.169,0.99525,0.9954,1.00,1.60
2010.09.15 01:13:30.682,0.99525,0.9954,1.60,1.60
2010.09.15 01:13:31.285,0.99525,0.9954,1.00,1.60
2010.09.15 01:13:31.591,0.9952,0.9954,3.20,1.60
2010.09.15 01:13:35.642,0.99525,0.9954,1.00,1.60
2010.09.15 01:13:35.830,0.99525,0.9954,1.60,1.60
2010.09.15 01:13:47.305,0.9952,0.9954,3.20,3.20
2010.09.15 01:13:47.500,0.99525,0.9954,1.00,1.60
2010.09.15 01:13:56.685,0.9952,0.9954,3.20,1.60
2010.09.15 01:14:00.966,0.9952,0.9954,1.60,1.60
2010.09.15 01:14:03.170,0.9952,0.9954,3.20,1.60
2010.09.15 01:14:04.276,0.99525,0.9954,1.60,1.60
2010.09.15 01:14:21.775,0.99525,0.9954,1.00,1.60
2010.09.15 01:14:21.906,0.9952,0.9954,3.20,1.60
2010.09.15 01:14:26.746,0.99525,0.9954,1.00,1.60
2010.09.15 01:14:26.801,0.99525,0.9954,1.60,1.60
2010.09.15 01:14:29.333,0.9952,0.9954,3.20,1.60
2010.09.15 01:14:30.586,0.99525,0.9954,1.60,1.60
2010.09.15 01:14:42.741,0.9952,0.9954,3.20,1.60
2010.09.15 01:14:45.198,0.9952,0.9954,3.20,2.40
2010.09.15 01:14:45.380,0.9952,0.9954,3.20,1.60
2010.09.15 01:14:46.688,0.99525,0.9954,1.60,1.60
2010.09.15 01:15:13.330,0.9953,0.99545,5.60,1.60
2010.09.15 01:15:13.585,0.99535,0.9955,1.00,8.80
2010.09.15 01:15:14.231,0.99535,0.9955,3.40,1.60
2010.09.15 01:15:14.583,0.99535,0.99555,3.40,4.20
2010.09.15 01:15:15.522,0.99535,0.99555,3.40,2.60
2010.09.15 01:15:16.561,0.99535,0.99555,3.40,2.80
2010.09.15 01:15:17.243,0.99545,0.9955,1.00,1.00
2010.09.15 01:15:17.539,0.9954,0.9955,1.00,1.00
2010.09.15 01:15:17.859,0.99535,0.9955,2.60,1.00
2010.09.15 01:15:18.553,0.99535,0.9955,1.60,1.80
2010.09.15 01:15:18.878,0.99535,0.9955,1.60,4.20
2010.09.15 01:15:19.195,0.99535,0.9955,1.60,3.40
2010.09.15 01:15:20.273,0.99535,0.99545,1.60,1.00
2010.09.15 01:15:20.634,0.99535,0.99545,4.00,1.00
2010.09.15 01:15:22.066,0.99535,0.9955,4.80,1.00
2010.09.15 01:15:22.282,0.9954,0.9955,1.00,1.00
2010.09.15 01:15:23.737,0.99545,0.9956,12.80,3.20
2010.09.15 01:15:24.086,0.99545,0.9956,14.40,2.40
2010.09.15 01:15:25.172,0.99545,0.9956,14.40,1.60
2010.09.15 01:15:26.138,0.9955,0.9956,1.00,1.60
2010.09.15 01:15:26.385,0.9955,0.99555,1.00,1.00
2010.09.15 01:15:27.034,0.99545,0.99555,1.60,1.00
2010.09.15 01:15:34.251,0.99545,0.99555,3.20,1.00
2010.09.15 01:15:34.305,0.99545,0.9956,3.40,2.40
2010.09.15 01:15:34.750,0.99545,0.9956,1.80,2.40
2010.09.15 01:15:35.083,0.99545,0.9956,3.20,2.60
2010.09.15 01:15:56.502,0.99545,0.9956,3.20,1.00
2010.09.15 01:16:00.304,0.9955,0.9956,1.00,1.00
2010.09.15 01:16:05.967,0.9955,0.9956,2.40,1.00
2010.09.15 01:16:10.118,0.9955,0.9956,3.20,1.00
2010.09.15 01:16:10.338,0.99555,0.9956,3.20,1.00
2010.09.15 01:16:10.874,0.99565,0.9957,2.40,1.00
2010.09.15 01:16:11.316,0.99565,0.9958,2.40,4.00
2010.09.15 01:16:11.672,0.9957,0.9959,16.80,2.40
2010.09.15 01:16:12.943,0.99575,0.99585,5.60,1.60
2010.09.15 01:16:13.120,0.9957,0.99585,6.40,1.60
2010.09.15 01:16:14.848,0.9957,0.9959,16.00,4.00
2010.09.15 01:16:15.516,0.9957,0.9959,18.00,3.20
2010.09.15 01:16:15.878,0.9958,0.99595,2.40,2.40
2010.09.15 01:16:16.228,0.9958,0.99595,3.20,2.40
2010.09.15 01:16:16.661,0.9958,0.99595,3.20,1.60
2010.09.15 01:16:17.008,0.9958,0.99595,1.60,1.60
2010.09.15 01:16:20.501,0.9958,0.996,1.60,4.80
2010.09.15 01:16:20.701,0.9958,0.996,3.20,4.80
2010.09.15 01:16:20.906,0.9958,0.996,2.40,5.60
2010.09.15 01:16:21.105,0.9958,0.99595,2.40,4.20
2010.09.15 01:16:21.626,0.9958,0.9959,1.60,1.00
2010.09.15 01:16:22.574,0.9958,0.9959,1.60,1.60
2010.09.15 01:16:23.584,0.9957,0.9959,1.60,2.40
2010.09.15 01:16:24.057,0.9957,0.9959,1.60,8.00
2010.09.15 01:16:24.247,0.9957,0.99585,3.20,1.00
2010.09.15 01:16:24.600,0.9957,0.9959,6.40,1.60
2010.09.15 01:16:25.433,0.9957,0.99585,3.20,1.00
2010.09.15 01:16:25.795,0.9957,0.9959,5.60,8.80
2010.09.15 01:16:26.501,0.99575,0.9959,1.60,1.60
2010.09.15 01:16:30.209,0.99575,0.99585,1.60,1.00
2010.09.15 01:16:30.772,0.99575,0.9958,1.60,1.00
2010.09.15 01:16:31.181,0.9957,0.9958,1.60,1.00
2010.09.15 01:16:31.527,0.9957,0.99585,1.60,1.60
2010.09.15 01:16:34.640,0.99565,0.99585,2.40,1.60
2010.09.15 01:16:35.382,0.99565,0.99585,3.20,1.60
2010.09.15 01:16:42.567,0.99565,0.99585,2.40,1.60
2010.09.15 01:16:43.550,0.99565,0.99585,2.40,3.20
2010.09.15 01:16:45.949,0.99565,0.99585,2.40,4.00
2010.09.15 01:16:46.440,0.99565,0.9958,1.60,1.00
2010.09.15 01:16:46.669,0.9956,0.9958,8.80,1.00
2010.09.15 01:16:49.610,0.9956,0.9958,8.00,1.60
2010.09.15 01:17:00.223,0.9956,0.9958,8.00,1.00
2010.09.15 01:17:00.402,0.9956,0.99585,8.80,4.00
2010.09.15 01:17:00.754,0.99565,0.99585,1.60,4.00
2010.09.15 01:17:08.031,0.99565,0.99585,1.00,4.00
2010.09.15 01:17:08.194,0.9956,0.99585,3.20,4.00
2010.09.15 01:17:11.518,0.9956,0.99585,8.80,4.00
2010.09.15 01:17:11.682,0.9956,0.99585,14.40,4.00
2010.09.15 01:17:11.836,0.9956,0.9958,14.40,1.60
2010.09.15 01:17:11.985,0.9956,0.9958,11.20,1.60
2010.09.15 01:17:12.335,0.9956,0.9958,8.80,1.60
2010.09.15 01:17:15.349,0.99565,0.99585,1.00,4.00
2010.09.15 01:17:15.550,0.99565,0.99585,1.00,4.00
2010.09.15 01:17:15.755,0.99565,0.99585,1.00,9.60
2010.09.15 01:17:15.790,0.99565,0.99585,1.00,15.20
2010.09.15 01:17:15.910,0.99565,0.99585,1.60,15.20
2010.09.15 01:17:15.991,0.99565,0.99585,1.60,4.00
2010.09.15 01:17:17.210,0.99565,0.99585,3.20,4.00
2010.09.15 01:17:20.541,0.99565,0.99585,4.80,2.40
2010.09.15 01:17:21.019,0.99565,0.99585,3.20,2.40
2010.09.15 01:17:21.992,0.99565,0.99585,4.80,2.40
2010.09.15 01:17:37.639,0.99565,0.99585,4.80,2.40
2010.09.15 01:17:49.090,0.99565,0.99585,4.80,13.60
2010.09.15 01:17:49.191,0.99565,0.99585,4.80,2.40
2010.09.15 01:17:50.718,0.99565,0.99585,4.80,4.00
2010.09.15 01:17:54.331,0.99565,0.99585,2.40,5.60
2010.09.15 01:17:54.502,0.99565,0.9958,1.60,1.00
2010.09.15 01:17:55.505,0.99565,0.9958,1.60,7.20
2010.09.15 01:17:55.801,0.9956,0.9958,3.20,16.80
2010.09.15 01:17:57.683,0.9956,0.9958,3.20,16.80
2010.09.15 01:17:59.346,0.9956,0.9958,3.20,14.40
2010.09.15 01:18:00.230,0.9956,0.9958,3.20,3.20
2010.09.15 01:18:00.951,0.9956,0.9958,4.00,12.80
2010.09.15 01:18:02.662,0.9956,0.9958,3.20,12.80
2010.09.15 01:18:03.582,0.9956,0.9958,3.20,14.40
2010.09.15 01:18:05.880,0.99555,0.9958,7.40,17.60
2010.09.15 01:18:06.136,0.99555,0.99575,7.40,6.40
2010.09.15 01:18:06.919,0.99555,0.99575,7.40,7.20
2010.09.15 01:18:09.532,0.99555,0.99575,7.40,1.60
2010.09.15 01:18:09.710,0.9956,0.99575,1.00,1.00
2010.09.15 01:18:09.800,0.9956,0.9958,1.00,19.20
2010.09.15 01:18:10.250,0.9956,0.9958,1.00,19.20
2010.09.15 01:18:10.341,0.9956,0.9958,1.00,16.80
2010.09.15 01:18:11.167,0.9956,0.9958,1.00,19.20
2010.09.15 01:18:11.736,0.9956,0.99575,1.00,1.60
2010.09.15 01:18:12.992,0.9956,0.99575,1.00,1.00
2010.09.15 01:18:13.156,0.9956,0.9958,1.60,16.80
2010.09.15 01:18:13.886,0.9956,0.9958,3.20,11.20
2010.09.15 01:18:14.234,0.9956,0.9958,3.20,8.80
2010.09.15 01:18:15.204,0.9956,0.9958,3.20,7.20
2010.09.15 01:18:15.550,0.9956,0.9958,5.60,1.00
2010.09.15 01:18:16.240,0.99565,0.99585,1.60,19.20
2010.09.15 01:18:16.918,0.99565,0.99585,1.60,5.60
2010.09.15 01:18:17.262,0.99565,0.99585,5.60,3.20
2010.09.15 01:18:18.693,0.99565,0.99585,4.80,1.60
2010.09.15 01:18:22.539,0.9957,0.9959,6.40,5.60
2010.09.15 01:18:22.734,0.9957,0.9959,5.60,4.00
2010.09.15 01:18:22.922,0.99565,0.99585,13.60,1.00
2010.09.15 01:18:23.112,0.9957,0.99585,5.60,1.00
2010.09.15 01:18:24.040,0.99565,0.99585,7.20,1.60
2010.09.15 01:18:24.357,0.99565,0.99585,4.80,1.60
2010.09.15 01:18:25.693,0.99565,0.99585,4.80,2.70
2010.09.15 01:18:25.936,0.99565,0.99585,4.80,17.10
2010.09.15 01:18:27.508,0.99565,0.99585,4.80,9.10
2010.09.15 01:18:27.715,0.99565,0.99585,4.80,3.50
2010.09.15 01:18:28.043,0.99565,0.9958,4.80,1.00
2010.09.15 01:18:28.655,0.99565,0.9958,1.60,1.00
2010.09.15 01:18:28.989,0.99565,0.9958,1.60,13.60
2010.09.15 01:18:49.371,0.99565,0.9958,1.60,8.00
2010.09.15 01:18:50.330,0.9956,0.9958,5.60,8.00
2010.09.15 01:18:56.219,0.9956,0.9958,5.60,1.00
2010.09.15 01:18:56.581,0.9956,0.9958,5.60,6.40
2010.09.15 01:19:01.088,0.99565,0.9958,1.60,1.00
2010.09.15 01:19:01.337,0.99565,0.9958,3.20,1.00
2010.09.15 01:19:02.872,0.99565,0.9958,4.80,1.00
2010.09.15 01:19:04.402,0.99565,0.9958,1.60,1.00
2010.09.15 01:19:05.729,0.99565,0.9958,1.60,2.40
2010.09.15 01:19:08.805,0.99565,0.9958,1.60,8.00
2010.09.15 01:19:17.340,0.99565,0.9958,3.20,8.00
2010.09.15 01:19:17.951,0.99565,0.9958,3.20,7.20
2010.09.15 01:19:18.302,0.99565,0.99585,3.20,18.50
2010.09.15 01:19:18.644,0.99565,0.99585,1.60,20.10
2010.09.15 01:19:48.839,0.99565,0.9958,1.60,1.00
2010.09.15 01:19:58.980,0.9956,0.9958,3.20,1.00
2010.09.15 01:19:59.122,0.9956,0.9958,3.20,2.40
2010.09.15 01:19:59.646,0.9956,0.9958,3.20,4.00
2010.09.15 01:20:01.755,0.9956,0.9958,3.20,2.40
2010.09.15 01:20:04.187,0.9956,0.9958,11.20,2.40
2010.09.15 01:20:04.307,0.9956,0.9958,16.80,2.40
2010.09.15 01:20:06.265,0.9956,0.9958,5.60,4.00
2010.09.15 01:20:06.432,0.9956,0.9958,3.20,4.00
2010.09.15 01:20:09.250,0.9956,0.9958,4.80,4.00
2010.09.15 01:20:09.492,0.9956,0.9958,4.80,2.40
2010.09.15 01:20:10.176,0.9956,0.9958,18.40,2.40
2010.09.15 01:20:12.106,0.9956,0.9958,16.00,2.40
2010.09.15 01:20:12.444,0.9956,0.9958,18.40,2.40
2010.09.15 01:20:14.653,0.9956,0.9958,18.40,3.20
2010.09.15 01:20:14.872,0.9956,0.9958,4.80,4.00
2010.09.15 01:20:15.567,0.9956,0.9958,16.80,4.00
2010.09.15 01:20:15.818,0.9956,0.9958,14.40,4.00
2010.09.15 01:20:16.553,0.9956,0.9958,8.80,5.60
2010.09.15 01:20:16.906,0.9956,0.9958,5.60,5.60
2010.09.15 01:20:17.401,0.9956,0.9958,3.20,5.60
2010.09.15 01:20:17.651,0.9956,0.9958,3.20,4.00
2010.09.15 01:20:22.688,0.9956,0.9958,3.20,5.60
2010.09.15 01:20:23.607,0.9956,0.9958,2.40,5.60
2010.09.15 01:20:24.126,0.9956,0.9958,3.20,4.80
2010.09.15 01:20:24.889,0.9956,0.9958,3.20,3.20
2010.09.15 01:20:27.203,0.99565,0.9958,1.00,1.00
2010.09.15 01:20:27.650,0.99565,0.99575,1.00,8.00
2010.09.15 01:20:27.918,0.99555,0.9957,12.80,2.40
2010.09.15 01:20:28.453,0.99555,0.99575,1.00,4.20
2010.09.15 01:20:28.736,0.9956,0.9957,1.00,1.60
2010.09.15 01:20:30.008,0.9956,0.9958,1.00,5.80
2010.09.15 01:20:31.124,0.9956,0.9958,1.00,5.80
2010.09.15 01:20:33.037,0.9956,0.99575,1.00,1.60
2010.09.15 01:20:35.166,0.99555,0.99565,10.40,1.00
2010.09.15 01:20:35.744,0.99545,0.9956,10.50,1.00
2010.09.15 01:20:35.915,0.99545,0.9956,4.90,1.00
2010.09.15 01:20:36.085,0.99545,0.9956,2.50,1.00
2010.09.15 01:20:36.252,0.99545,0.9956,2.50,1.80
2010.09.15 01:20:37.005,0.99545,0.9956,1.70,1.80
2010.09.15 01:20:38.911,0.99545,0.9956,1.00,2.60
2010.09.15 01:20:43.480,0.99545,0.9956,1.00,4.20
2010.09.15 01:20:43.712,0.99545,0.9956,1.00,2.60
2010.09.15 01:20:44.648,0.99545,0.9956,1.00,4.20
2010.09.15 01:20:45.474,0.9954,0.9956,5.80,4.20
2010.09.15 01:20:58.950,0.9954,0.9956,5.80,2.60
2010.09.15 01:20:59.167,0.9954,0.9956,5.80,4.20
2010.09.15 01:21:05.168,0.9954,0.9956,5.00,5.00
2010.09.15 01:21:05.387,0.9954,0.9956,4.20,5.00
2010.09.15 01:21:05.601,0.9954,0.99555,4.20,1.00
2010.09.15 01:21:07.519,0.9954,0.9956,5.00,5.00
2010.09.15 01:21:15.199,0.9954,0.99555,1.00,3.20
2010.09.15 01:21:15.302,0.99535,0.99555,9.00,1.60
2010.09.15 01:21:15.396,0.99535,0.99555,9.00,3.20
2010.09.15 01:21:15.482,0.99535,0.99555,7.40,3.20
2010.09.15 01:21:15.895,0.99535,0.99555,1.80,4.80
2010.09.15 01:21:15.993,0.99535,0.9955,1.80,11.20
2010.09.15 01:21:19.008,0.99535,0.99555,1.80,5.60
2010.09.15 01:21:23.323,0.99535,0.9955,1.80,2.40
2010.09.15 01:21:23.409,0.9954,0.99545,1.00,1.00
2010.09.15 01:21:23.687,0.9953,0.99545,15.20,1.00
2010.09.15 01:21:23.897,0.99535,0.9955,1.60,1.60
2010.09.15 01:21:24.783,0.9954,0.9955,1.00,1.60
2010.09.15 01:21:26.452,0.9954,0.9955,1.00,3.20
2010.09.15 01:21:37.723,0.9954,0.9955,1.00,1.60
2010.09.15 01:21:38.291,0.9954,0.99555,1.00,4.00
2010.09.15 01:21:39.191,0.9954,0.99555,1.00,3.20
2010.09.15 01:21:40.485,0.9954,0.99545,1.00,1.00
2010.09.15 01:21:40.524,0.9954,0.99545,1.00,1.20
2010.09.15 01:21:40.682,0.9954,0.99545,1.00,1.00
2010.09.15 01:21:40.765,0.9954,0.9955,1.00,5.60
2010.09.15 01:21:40.803,0.9954,0.9955,1.00,2.40
2010.09.15 01:21:40.843,0.9953,0.9955,2.40,3.20
2010.09.15 01:21:41.295,0.9953,0.99545,2.40,1.00
2010.09.15 01:21:41.343,0.9953,0.99545,1.60,1.70
2010.09.15 01:22:00.935,0.9953,0.99545,3.20,1.70
2010.09.15 01:22:17.792,0.9953,0.99545,5.60,1.70
2010.09.15 01:22:18.022,0.9953,0.99545,3.20,1.70
2010.09.15 01:22:21.705,0.9953,0.99545,5.60,1.70
2010.09.15 01:22:21.936,0.9953,0.99545,3.20,1.70
2010.09.15 01:22:22.595,0.9953,0.99545,5.60,1.70
2010.09.15 01:22:23.178,0.9953,0.99545,3.20,1.70
2010.09.15 01:22:31.245,0.9953,0.99545,5.60,1.70
2010.09.15 01:22:36.236,0.9953,0.99545,3.20,1.70
2010.09.15 01:22:40.294,0.9953,0.99545,5.60,1.70
2010.09.15 01:22:40.862,0.9953,0.99545,5.60,1.70
2010.09.15 01:22:41.298,0.9953,0.99545,5.60,1.00
2010.09.15 01:22:44.481,0.9953,0.99545,3.20,1.00
2010.09.15 01:23:08.101,0.9953,0.99545,1.60,1.70
2010.09.15 01:23:20.863,0.99525,0.99545,7.20,4.10
2010.09.15 01:23:21.270,0.99525,0.99545,4.80,4.10
2010.09.15 01:23:51.384,0.99525,0.99545,4.80,1.70
2010.09.15 01:23:51.654,0.99525,0.99545,4.90,1.70
2010.09.15 01:23:52.489,0.9953,0.99545,1.00,1.00
2010.09.15 01:23:52.695,0.9953,0.99545,2.40,1.00
2010.09.15 01:23:52.902,0.9953,0.99545,1.00,1.00
2010.09.15 01:23:53.101,0.9953,0.99545,2.40,1.00
2010.09.15 01:24:01.572,0.9953,0.99545,4.80,1.00
2010.09.15 01:24:03.340,0.9953,0.99545,2.40,1.00
2010.09.15 01:24:08.528,0.9953,0.99545,5.60,1.00
2010.09.15 01:24:14.592,0.9953,0.99545,4.80,1.00
2010.09.15 01:24:19.963,0.9953,0.99545,5.60,1.00
2010.09.15 01:24:20.654,0.9953,0.99545,7.20,1.00
2010.09.15 01:24:21.380,0.9953,0.99545,5.60,1.00
2010.09.15 01:24:22.716,0.9953,0.99545,3.20,1.00
2010.09.15 01:24:23.325,0.9953,0.99545,1.60,1.00
2010.09.15 01:24:23.550,0.9953,0.99545,2.40,1.00
2010.09.15 01:24:24.193,0.9953,0.99545,2.40,2.50
2010.09.15 01:24:29.372,0.9953,0.99545,2.40,1.00
2010.09.15 01:24:34.310,0.9953,0.99545,2.40,2.50
2010.09.15 01:24:36.074,0.9953,0.99545,2.40,1.00
2010.09.15 01:24:36.305,0.9953,0.99545,4.80,1.00
2010.09.15 01:24:43.220,0.9953,0.99545,4.80,2.50
2010.09.15 01:24:43.313,0.9953,0.99545,2.40,2.50
2010.09.15 01:24:43.581,0.9953,0.99545,2.40,1.90
2010.09.15 01:24:52.082,0.9953,0.99545,2.40,1.00
2010.09.15 01:25:16.884,0.9953,0.99545,2.40,1.90
2010.09.15 01:25:23.096,0.9953,0.99545,4.80,1.00
2010.09.15 01:25:23.174,0.9953,0.99545,4.80,1.90
2010.09.15 01:25:23.780,0.9953,0.99545,5.60,1.00
2010.09.15 01:25:24.132,0.9953,0.99545,16.80,1.00
2010.09.15 01:25:24.473,0.99535,0.99545,1.00,1.00
2010.09.15 01:25:31.380,0.9953,0.99545,5.60,1.00
2010.09.15 01:25:31.483,0.9953,0.99545,11.20,1.00
2010.09.15 01:25:32.392,0.9953,0.99545,5.60,1.00
2010.09.15 01:25:41.152,0.9953,0.99545,4.80,1.00
2010.09.15 01:25:49.794,0.9953,0.99545,2.40,1.00
2010.09.15 01:25:51.977,0.9953,0.99545,2.40,1.40
2010.09.15 01:25:52.180,0.9953,0.99545,4.80,1.40
2010.09.15 01:25:52.434,0.9953,0.99545,5.60,1.40
2010.09.15 01:25:52.675,0.9953,0.99545,3.20,1.40
2010.09.15 01:25:53.532,0.9953,0.99545,5.60,1.40
2010.09.15 01:26:03.469,0.9953,0.99545,3.20,1.40
2010.09.15 01:26:03.731,0.9953,0.99545,2.40,3.00
2010.09.15 01:26:03.987,0.9953,0.99545,4.80,1.40
2010.09.15 01:26:06.549,0.9953,0.99545,2.40,1.40
2010.09.15 01:26:06.798,0.9953,0.99545,2.40,3.00
2010.09.15 01:26:07.550,0.99525,0.99545,8.00,3.00
2010.09.15 01:26:07.902,0.99525,0.9954,5.60,1.60
2010.09.15 01:26:09.310,0.9953,0.99545,1.00,3.00
2010.09.15 01:26:14.525,0.9953,0.9954,1.00,1.60
2010.09.15 01:26:15.003,0.9953,0.99545,1.00,3.00
2010.09.15 01:26:16.115,0.99525,0.9954,6.40,1.60
2010.09.15 01:26:16.478,0.9951,0.99525,10.80,1.00
2010.09.15 01:26:17.100,0.9951,0.9953,1.60,13.60
2010.09.15 01:26:17.383,0.9951,0.99525,1.00,2.40
2010.09.15 01:26:17.660,0.99515,0.99525,1.00,1.60
2010.09.15 01:26:18.412,0.99515,0.9953,1.00,1.60
2010.09.15 01:26:19.273,0.99515,0.9953,1.80,1.60
2010.09.15 01:26:20.702,0.99515,0.9953,1.80,3.20
2010.09.15 01:26:20.857,0.99515,0.9953,1.00,3.20
2010.09.15 01:26:21.613,0.99515,0.9953,1.80,1.60
2010.09.15 01:26:23.391,0.99515,0.99525,1.80,1.60
2010.09.15 01:26:23.582,0.99515,0.99525,1.00,1.60
2010.09.15 01:26:24.322,0.9951,0.9953,2.40,16.80
2010.09.15 01:26:24.843,0.9951,0.9953,2.40,14.40
2010.09.15 01:26:25.833,0.9951,0.9953,2.40,15.20
2010.09.15 01:26:25.962,0.9951,0.9953,2.40,9.60
2010.09.15 01:26:26.220,0.9951,0.9953,2.40,10.40
2010.09.15 01:26:27.919,0.9951,0.9953,1.60,16.00
2010.09.15 01:26:28.357,0.9951,0.99525,1.60,1.60
2010.09.15 01:26:29.064,0.9951,0.9953,1.00,12.80
2010.09.15 01:26:29.610,0.99505,0.99525,1.80,4.00
2010.09.15 01:26:29.904,0.99505,0.99525,1.00,19.20
2010.09.15 01:26:30.196,0.99505,0.9952,1.00,1.60
2010.09.15 01:26:30.547,0.99505,0.99525,1.00,19.20
2010.09.15 01:26:31.542,0.99505,0.99525,1.80,18.40
2010.09.15 01:26:32.990,0.99505,0.99525,2.00,18.40
2010.09.15 01:26:33.415,0.99505,0.99525,2.80,18.40
2010.09.15 01:26:35.576,0.99505,0.9952,1.00,2.40
2010.09.15 01:26:36.064,0.995,0.9952,2.40,2.40
2010.09.15 01:26:36.346,0.995,0.9952,2.40,4.00
2010.09.15 01:26:39.843,0.995,0.9952,1.60,5.60
2010.09.15 01:26:43.759,0.995,0.9952,1.60,5.60
2010.09.15 01:26:45.898,0.99505,0.9952,1.00,3.20
2010.09.15 01:26:46.294,0.99505,0.9952,1.00,3.20
2010.09.15 01:26:48.174,0.99505,0.9952,1.00,4.80
2010.09.15 01:26:55.080,0.99505,0.9952,1.00,3.20
2010.09.15 01:26:57.422,0.99505,0.9952,1.00,4.80
2010.09.15 01:27:05.311,0.99505,0.9952,1.00,4.80
2010.09.15 01:27:06.303,0.99505,0.9952,1.00,4.80
2010.09.15 01:27:06.423,0.99505,0.9952,1.00,4.80
2010.09.15 01:27:07.420,0.995,0.9952,2.60,4.80
2010.09.15 01:27:09.764,0.995,0.9952,1.80,4.80
2010.09.15 01:27:12.476,0.995,0.99515,1.00,1.00
2010.09.15 01:27:13.098,0.995,0.99515,1.00,1.60
2010.09.15 01:27:13.378,0.995,0.99515,1.00,3.20
2010.09.15 01:27:14.703,0.995,0.99515,1.00,1.60
2010.09.15 01:27:20.162,0.995,0.99515,1.00,1.00
2010.09.15 01:27:20.400,0.995,0.9952,1.80,4.80
2010.09.15 01:27:23.023,0.995,0.99515,1.00,1.00
2010.09.15 01:27:23.713,0.995,0.99515,1.00,2.40
2010.09.15 01:27:24.583,0.995,0.9952,1.80,11.20
2010.09.15 01:27:24.742,0.995,0.9952,1.80,8.80
2010.09.15 01:27:24.906,0.995,0.9952,7.40,3.20
2010.09.15 01:27:25.072,0.995,0.9952,1.80,3.20
2010.09.15 01:27:34.270,0.99505,0.9952,1.00,3.20
2010.09.15 01:27:35.578,0.995,0.9952,5.00,3.20
2010.09.15 01:27:35.849,0.995,0.9952,2.60,3.20
2010.09.15 01:27:37.884,0.995,0.9952,1.80,3.20
2010.09.15 01:27:39.481,0.995,0.9952,1.80,4.80
2010.09.15 01:27:45.252,0.99505,0.9952,1.00,4.80
2010.09.15 01:27:45.342,0.995,0.9952,1.80,4.80
2010.09.15 01:27:48.293,0.995,0.99515,1.00,1.60
2010.09.15 01:27:48.476,0.995,0.9952,1.00,8.80
2010.09.15 01:27:48.825,0.995,0.9952,1.00,3.20
2010.09.15 01:27:50.225,0.99505,0.9952,1.00,3.20
2010.09.15 01:27:52.932,0.995,0.9952,9.00,3.20
2010.09.15 01:27:56.874,0.99505,0.9952,1.00,2.40
2010.09.15 01:27:57.477,0.99505,0.9952,1.00,1.60
2010.09.15 01:27:57.822,0.99505,0.9952,1.80,1.60
2010.09.15 01:27:59.205,0.995,0.9952,13.10,2.40
2010.09.15 01:27:59.528,0.995,0.9952,18.70,3.20
2010.09.15 01:27:59.835,0.995,0.9952,21.10,3.20
2010.09.15 01:28:00.144,0.99505,0.9952,1.00,3.20
2010.09.15 01:28:05.171,0.99505,0.9952,1.00,2.40
2010.09.15 01:28:08.633,0.995,0.9952,22.50,2.40
2010.09.15 01:28:08.882,0.99505,0.9952,1.00,2.40
2010.09.15 01:28:09.326,0.99505,0.9952,1.00,2.40
2010.09.15 01:28:10.047,0.99505,0.9952,1.00,2.40
2010.09.15 01:28:10.295,0.99505,0.9952,13.60,2.40
2010.09.15 01:28:10.540,0.99505,0.9952,2.60,2.40
2010.09.15 01:28:11.175,0.99505,0.9952,2.60,1.60
2010.09.15 01:28:11.492,0.99505,0.9952,1.00,1.60
2010.09.15 01:28:20.737,0.99505,0.9952,1.00,1.60
2010.09.15 01:28:27.262,0.99505,0.9952,1.00,1.60
2010.09.15 01:28:27.470,0.99505,0.9952,6.60,1.60
2010.09.15 01:28:28.092,0.99505,0.9952,1.00,1.60
2010.09.15 01:28:31.069,0.995,0.99515,10.80,1.00
2010.09.15 01:28:31.294,0.995,0.9952,5.60,5.60
2010.09.15 01:28:31.505,0.99505,0.9952,1.00,3.20
2010.09.15 01:28:32.282,0.99505,0.9952,1.00,2.40
2010.09.15 01:28:33.183,0.995,0.9952,4.80,7.20
2010.09.15 01:28:33.404,0.995,0.9952,1.00,10.40
2010.09.15 01:28:33.636,0.99495,0.99515,8.10,1.60
2010.09.15 01:28:35.722,0.995,0.99515,1.00,1.60
2010.09.15 01:28:36.426,0.995,0.99515,1.00,2.40
2010.09.15 01:28:41.227,0.99505,0.9952,1.00,8.00
2010.09.15 01:28:41.804,0.99505,0.9952,2.50,4.00
2010.09.15 01:28:41.999,0.99505,0.9952,2.60,1.60
2010.09.15 01:28:42.492,0.99505,0.9952,1.80,1.60
2010.09.15 01:28:42.732,0.99505,0.9952,3.20,1.60
2010.09.15 01:28:44.087,0.99505,0.9952,8.80,1.60
2010.09.15 01:28:44.294,0.99505,0.9952,9.00,1.60
2010.09.15 01:28:45.429,0.99505,0.9952,9.80,1.60
2010.09.15 01:28:46.205,0.99505,0.9952,8.80,1.60
2010.09.15 01:28:46.512,0.99505,0.9952,3.20,1.60
2010.09.15 01:28:46.853,0.99505,0.9952,1.60,1.60
2010.09.15 01:28:48.152,0.99505,0.9952,2.40,1.60
2010.09.15 01:28:48.420,0.99505,0.9952,2.60,1.60
2010.09.15 01:28:48.563,0.99505,0.9952,13.80,1.60
2010.09.15 01:28:49.731,0.99505,0.9952,15.60,1.60
2010.09.15 01:28:49.829,0.99505,0.9952,14.60,1.60
2010.09.15 01:28:49.924,0.99505,0.9952,14.80,1.60
2010.09.15 01:28:50.027,0.9951,0.9953,1.00,4.80
2010.09.15 01:28:50.663,0.99505,0.99525,17.00,1.00
2010.09.15 01:28:51.004,0.99505,0.99525,15.40,2.40
2010.09.15 01:28:53.813,0.99505,0.99525,15.20,2.40
2010.09.15 01:28:53.940,0.99505,0.99525,9.60,2.40
2010.09.15 01:28:54.635,0.99505,0.99525,4.00,2.40
2010.09.15 01:28:54.795,0.99505,0.99525,2.40,2.40
2010.09.15 01:28:54.954,0.99505,0.99525,2.40,2.40
2010.09.15 01:28:55.262,0.99505,0.99525,2.40,4.00
2010.09.15 01:28:55.667,0.99505,0.9952,1.60,1.00
2010.09.15 01:28:56.206,0.99505,0.9952,1.60,1.00
2010.09.15 01:28:56.470,0.99505,0.99525,1.60,4.80
2010.09.15 01:28:56.638,0.99505,0.99515,1.60,1.00
2010.09.15 01:28:56.954,0.995,0.99515,5.60,1.20
2010.09.15 01:28:57.114,0.995,0.9951,2.40,1.00
2010.09.15 01:28:57.272,0.995,0.9951,1.00,1.00
2010.09.15 01:28:57.669,0.995,0.99515,1.00,2.80
2010.09.15 01:28:58.778,0.995,0.9951,1.00,1.00
2010.09.15 01:28:59.337,0.995,0.99515,1.00,2.80
2010.09.15 01:28:59.933,0.99495,0.99515,4.80,2.80
2010.09.15 01:29:00.890,0.99495,0.99515,4.80,3.60
2010.09.15 01:29:01.078,0.99495,0.9951,3.20,1.00
2010.09.15 01:29:03.041,0.99495,0.99515,3.20,3.60
2010.09.15 01:29:03.319,0.995,0.99515,4.00,1.20
2010.09.15 01:29:03.599,0.995,0.9952,1.60,7.20
2010.09.15 01:29:03.733,0.995,0.9952,1.00,8.80
2010.09.15 01:29:03.864,0.995,0.9952,1.00,14.40
2010.09.15 01:29:04.001,0.995,0.99515,1.00,2.40
2010.09.15 01:29:05.506,0.99495,0.99515,4.80,4.00
2010.09.15 01:29:08.176,0.99495,0.9951,3.20,1.00
2010.09.15 01:29:08.874,0.99495,0.9951,2.40,2.40
2010.09.15 01:29:10.558,0.99495,0.9951,2.40,8.00
2010.09.15 01:29:11.215,0.99495,0.9951,1.00,8.80
2010.09.15 01:29:12.040,0.99495,0.9951,5.60,3.20
2010.09.15 01:29:12.257,0.9949,0.9951,1.60,4.00
2010.09.15 01:29:13.924,0.9949,0.9951,2.40,4.00
2010.09.15 01:29:20.182,0.99495,0.9951,1.00,3.20
2010.09.15 01:29:20.272,0.9949,0.9951,5.60,1.00
2010.09.15 01:29:20.352,0.9949,0.9951,8.80,1.00
2010.09.15 01:29:20.461,0.9949,0.9951,8.80,2.40
2010.09.15 01:29:20.621,0.9949,0.9951,14.40,2.40
2010.09.15 01:29:20.782,0.9949,0.9951,8.80,2.40
2010.09.15 01:29:21.505,0.9949,0.9951,9.60,1.60
2010.09.15 01:29:22.065,0.99495,0.99515,1.60,4.00
2010.09.15 01:29:22.303,0.99495,0.99515,3.20,3.20
2010.09.15 01:29:23.737,0.99495,0.9951,1.60,1.00
2010.09.15 01:29:24.172,0.99495,0.9951,1.60,2.40
2010.09.15 01:29:28.563,0.99495,0.9951,1.00,2.40
2010.09.15 01:29:28.622,0.9949,0.9951,16.80,2.40
2010.09.15 01:29:29.794,0.9949,0.9951,16.80,3.20
2010.09.15 01:29:30.021,0.9949,0.9951,8.80,4.00
2010.09.15 01:29:31.055,0.9949,0.99505,8.80,1.60
2010.09.15 01:29:31.327,0.9949,0.99505,3.20,1.60
2010.09.15 01:29:33.293,0.99495,0.9951,1.00,1.60
2010.09.15 01:29:33.589,0.99495,0.9951,2.40,1.60
2010.09.15 01:29:33.885,0.99495,0.9951,3.20,1.60
2010.09.15 01:29:37.623,0.99495,0.9951,1.60,1.60
2010.09.15 01:29:38.254,0.9949,0.9951,12.80,4.00
2010.09.15 01:29:38.520,0.9949,0.9951,4.00,4.00
2010.09.15 01:29:38.775,0.9949,0.99505,4.00,1.00
2010.09.15 01:29:40.352,0.9949,0.99505,4.00,1.60
2010.09.15 01:29:41.402,0.9949,0.99505,4.00,1.60
2010.09.15 01:29:42.130,0.9949,0.99505,4.00,1.00
2010.09.15 01:29:42.629,0.9949,0.9951,4.00,4.00
2010.09.15 01:29:44.993,0.9949,0.99505,4.00,1.00
2010.09.15 01:29:46.121,0.9949,0.99505,2.40,1.00
2010.09.15 01:29:47.230,0.99485,0.99505,7.20,1.60
2010.09.15 01:29:56.015,0.99485,0.99505,4.80,1.60
2010.09.15 01:29:56.801,0.99485,0.99505,4.80,3.20
2010.09.15 01:29:58.132,0.99485,0.99505,4.80,4.00
2010.09.15 01:30:06.998,0.99485,0.99505,4.80,3.20
2010.09.15 01:30:10.102,0.99485,0.99505,6.00,3.20
2010.09.15 01:30:10.202,0.9949,0.99505,1.60,3.20
2010.09.15 01:30:10.762,0.9949,0.99505,2.40,2.40
2010.09.15 01:30:12.172,0.9949,0.9951,3.20,4.00
2010.09.15 01:30:18.293,0.9949,0.9951,3.20,2.40
2010.09.15 01:30:18.778,0.9949,0.9951,4.80,2.40
2010.09.15 01:30:19.080,0.9949,0.9951,4.80,1.00
2010.09.15 01:30:20.455,0.995,0.9951,2.40,1.00
2010.09.15 01:30:20.605,0.995,0.99515,6.40,1.10
2010.09.15 01:30:20.746,0.995,0.99515,8.00,1.10
2010.09.15 01:30:21.152,0.995,0.99515,10.40,1.10
2010.09.15 01:30:21.303,0.995,0.99515,8.00,1.10
2010.09.15 01:30:21.564,0.995,0.9951,8.00,1.00
2010.09.15 01:30:22.249,0.995,0.9951,2.40,1.00
2010.09.15 01:30:22.894,0.995,0.9951,1.60,1.00
2010.09.15 01:30:23.940,0.995,0.99505,1.60,1.00
2010.09.15 01:30:24.299,0.9949,0.99505,1.60,2.40
2010.09.15 01:30:26.089,0.99485,0.99505,4.80,2.40
2010.09.15 01:30:28.471,0.99485,0.99505,3.20,4.00
2010.09.15 01:30:31.437,0.99485,0.99505,2.40,4.00
2010.09.15 01:30:32.126,0.99485,0.99505,2.40,4.40
2010.09.15 01:30:32.484,0.99485,0.995,1.60,2.40
2010.09.15 01:30:35.685,0.99485,0.995,1.60,1.60
2010.09.15 01:30:36.068,0.99485,0.995,2.40,1.00
2010.09.15 01:30:43.591,0.99485,0.995,1.00,1.00
2010.09.15 01:30:43.765,0.9948,0.995,8.80,1.60
2010.09.15 01:30:43.934,0.9948,0.995,8.80,2.40
2010.09.15 01:30:44.501,0.9948,0.995,3.20,4.00
2010.09.15 01:30:45.439,0.99485,0.995,1.60,9.60
2010.09.15 01:30:45.678,0.9948,0.99495,2.40,1.00
2010.09.15 01:30:47.094,0.9948,0.995,2.40,9.60
2010.09.15 01:30:51.469,0.9948,0.995,2.40,15.20
2010.09.15 01:30:51.813,0.9948,0.995,2.40,4.00
2010.09.15 01:30:52.154,0.9948,0.995,2.40,6.40
2010.09.15 01:30:52.841,0.9948,0.99495,1.60,1.00
2010.09.15 01:30:53.192,0.9948,0.99495,1.60,1.60
2010.09.15 01:30:54.693,0.9948,0.99495,1.60,1.00
2010.09.15 01:30:54.901,0.9948,0.995,1.60,17.60
2010.09.15 01:30:57.635,0.9948,0.995,2.40,17.60
2010.09.15 01:30:59.742,0.9948,0.99495,2.40,1.00
2010.09.15 01:31:04.822,0.9948,0.99495,1.00,1.00
2010.09.15 01:31:04.977,0.99475,0.99495,4.80,2.40
2010.09.15 01:31:05.563,0.99475,0.9949,3.20,1.00
2010.09.15 01:31:05.812,0.99475,0.9949,1.60,1.00
2010.09.15 01:31:06.660,0.99475,0.9949,3.20,1.00
2010.09.15 01:31:08.688,0.99475,0.9949,1.60,1.00
2010.09.15 01:31:17.146,0.99475,0.99495,3.20,6.40
2010.09.15 01:31:18.077,0.99475,0.99495,3.20,4.00
2010.09.15 01:31:18.425,0.99475,0.99495,3.20,3.20
2010.09.15 01:31:19.733,0.99475,0.99495,3.20,14.40
2010.09.15 01:31:20.806,0.99475,0.99495,3.20,8.80
2010.09.15 01:31:20.974,0.9948,0.99495,1.60,3.20
2010.09.15 01:31:21.483,0.9948,0.99495,2.40,2.40
2010.09.15 01:31:22.733,0.9948,0.99495,3.20,2.40
2010.09.15 01:31:22.888,0.99485,0.99495,1.60,2.40
2010.09.15 01:31:23.194,0.99485,0.99495,3.20,1.60
2010.09.15 01:31:23.700,0.99485,0.995,5.60,2.40
2010.09.15 01:31:24.213,0.99485,0.995,3.20,2.40
2010.09.15 01:31:25.343,0.99485,0.995,3.20,8.00
2010.09.15 01:31:28.711,0.99485,0.995,1.60,8.00
2010.09.15 01:31:28.951,0.99485,0.995,1.00,8.00
2010.09.15 01:31:29.012,0.9948,0.995,5.60,8.00
2010.09.15 01:31:29.794,0.99485,0.995,4.00,1.60
2010.09.15 01:31:30.151,0.9949,0.995,2.40,1.60
2010.09.15 01:31:40.322,0.9949,0.99505,2.40,2.40
2010.09.15 01:31:47.168,0.99495,0.99505,1.60,2.40
2010.09.15 01:31:47.363,0.99495,0.99505,1.80,1.60
2010.09.15 01:31:47.502,0.99495,0.9951,2.60,13.60
2010.09.15 01:31:47.643,0.99495,0.9951,2.60,14.40
2010.09.15 01:31:47.786,0.99495,0.9951,1.60,1.00
2010.09.15 01:31:48.258,0.99495,0.99505,7.20,1.00
2010.09.15 01:31:48.446,0.9949,0.99505,1.60,1.60
2010.09.15 01:31:48.634,0.99485,0.99505,5.60,1.60
2010.09.15 01:31:48.823,0.99485,0.99505,5.60,3.20
2010.09.15 01:31:49.573,0.99485,0.99505,6.60,3.20
2010.09.15 01:31:49.733,0.9949,0.99505,1.00,3.20
2010.09.15 01:31:50.320,0.9949,0.99505,1.00,1.60
2010.09.15 01:31:58.694,0.9949,0.99505,1.00,1.70
2010.09.15 01:31:58.752,0.9949,0.99505,1.00,2.10
2010.09.15 01:31:58.812,0.9949,0.99505,1.00,2.50
2010.09.15 01:31:58.931,0.9949,0.99505,1.00,3.60
2010.09.15 01:31:58.995,0.99485,0.995,9.60,1.00
2010.09.15 01:31:59.465,0.99485,0.995,8.80,1.00
2010.09.15 01:31:59.832,0.9948,0.99495,4.00,1.00
2010.09.15 01:32:00.834,0.9948,0.99495,2.40,1.00
2010.09.15 01:32:01.939,0.9948,0.99495,1.60,1.00
2010.09.15 01:32:02.569,0.9948,0.99495,5.60,1.00
2010.09.15 01:32:02.713,0.9948,0.99495,11.20,1.00
2010.09.15 01:32:03.672,0.99485,0.995,2.40,2.40
2010.09.15 01:32:05.963,0.99485,0.995,1.00,2.40
2010.09.15 01:32:06.091,0.99485,0.995,2.40,2.40
2010.09.15 01:32:06.220,0.99485,0.995,3.20,2.40
2010.09.15 01:32:07.202,0.99485,0.995,4.00,1.60
2010.09.15 01:32:07.560,0.99485,0.99505,8.80,2.40
2010.09.15 01:32:07.907,0.99485,0.99505,3.20,2.40
2010.09.15 01:32:08.989,0.99485,0.99505,8.80,2.40
2010.09.15 01:32:09.752,0.9949,0.99505,2.40,2.40
2010.09.15 01:32:10.088,0.9949,0.99505,3.20,2.40
2010.09.15 01:32:10.805,0.9949,0.99505,16.80,2.40
2010.09.15 01:32:11.154,0.99495,0.99505,11.20,2.40
2010.09.15 01:32:11.746,0.9949,0.99505,16.80,2.40
2010.09.15 01:32:14.205,0.99495,0.99505,1.60,2.40
2010.09.15 01:32:15.183,0.9949,0.99505,16.80,2.40
2010.09.15 01:32:15.531,0.9949,0.99505,2.40,2.40
2010.09.15 01:32:21.442,0.995,0.9951,1.00,1.60
2010.09.15 01:32:21.698,0.995,0.9951,6.40,1.60
2010.09.15 01:32:25.309,0.995,0.9951,6.40,2.40
2010.09.15 01:32:25.807,0.99495,0.9951,15.20,4.00
2010.09.15 01:32:28.102,0.99495,0.9951,16.60,3.20
2010.09.15 01:32:28.498,0.99495,0.9951,16.60,1.60
2010.09.15 01:32:28.977,0.995,0.9951,1.00,1.60
2010.09.15 01:32:30.323,0.995,0.9951,4.00,1.60
2010.09.15 01:32:30.548,0.99505,0.9952,1.00,1.00
2010.09.15 01:32:30.776,0.99505,0.9952,1.60,2.40
2010.09.15 01:32:31.405,0.9951,0.9952,1.00,1.60
2010.09.15 01:32:32.102,0.99515,0.9953,1.80,2.00
2010.09.15 01:32:32.455,0.9953,0.9954,1.60,3.20
2010.09.15 01:32:33.171,0.9953,0.9954,1.60,1.60
2010.09.15 01:32:33.523,0.9951,0.99515,14.50,5.60
2010.09.15 01:32:34.512,0.9954,0.99545,1.60,5.20
2010.09.15 01:32:35.251,0.9954,0.9955,1.60,1.60
2010.09.15 01:32:35.586,0.99545,0.9955,11.20,1.60
2010.09.15 01:32:35.937,0.9955,0.99565,11.20,5.60
2010.09.15 01:32:36.703,0.99545,0.99555,5.60,1.60
2010.09.15 01:32:37.050,0.9954,0.9955,11.20,1.00
2010.09.15 01:32:37.836,0.9953,0.99545,2.40,1.60
2010.09.15 01:32:38.608,0.9953,0.9955,2.40,4.00
2010.09.15 01:32:39.365,0.9953,0.9955,8.00,4.00
2010.09.15 01:32:40.096,0.99525,0.99545,11.20,1.60
2010.09.15 01:32:40.447,0.9953,0.99545,1.60,1.60
2010.09.15 01:32:41.481,0.9953,0.99545,11.20,1.00
2010.09.15 01:32:41.732,0.9953,0.9955,11.20,4.00
2010.09.15 01:32:42.748,0.9953,0.9955,1.00,4.00
2010.09.15 01:32:43.881,0.9953,0.9955,1.60,3.20
2010.09.15 01:32:44.956,0.9953,0.9955,1.60,4.80
2010.09.15 01:32:45.263,0.9953,0.9955,1.60,3.20
2010.09.15 01:32:46.021,0.99535,0.9955,6.40,3.20
2010.09.15 01:32:46.374,0.99535,0.99545,5.60,1.60
2010.09.15 01:32:47.140,0.99525,0.99545,5.20,3.20
2010.09.15 01:32:47.940,0.99525,0.99545,7.60,8.80
2010.09.15 01:32:48.291,0.99535,0.9955,5.60,3.20
2010.09.15 01:32:49.167,0.99535,0.9955,5.60,2.40
2010.09.15 01:32:49.524,0.99535,0.9955,5.60,4.80
2010.09.15 01:32:50.583,0.99535,0.99545,5.60,1.60
2010.09.15 01:32:50.835,0.99535,0.9955,7.20,4.00
2010.09.15 01:32:51.476,0.99535,0.9955,12.00,4.00
2010.09.15 01:32:51.750,0.99535,0.9955,11.30,4.00
2010.09.15 01:32:52.508,0.99535,0.9955,1.70,4.00
2010.09.15 01:32:52.865,0.9953,0.99545,15.20,1.60
2010.09.15 01:32:53.601,0.9953,0.9955,15.20,4.80
2010.09.15 01:32:53.957,0.9953,0.9954,1.00,1.60
2010.09.15 01:32:54.680,0.99525,0.9954,5.00,1.60
2010.09.15 01:32:55.035,0.99525,0.99545,4.20,4.80
2010.09.15 01:32:55.349,0.99525,0.99545,5.00,4.80
2010.09.15 01:32:56.022,0.99525,0.99545,11.50,4.00
2010.09.15 01:32:56.348,0.9953,0.99545,1.00,3.20
2010.09.15 01:32:57.206,0.99525,0.99545,10.20,1.60
2010.09.15 01:32:57.562,0.99525,0.9954,7.60,1.60
2010.09.15 01:32:57.907,0.9953,0.99545,1.00,1.60
2010.09.15 01:33:00.152,0.99525,0.9954,1.60,1.60
2010.09.15 01:33:00.390,0.99525,0.99545,1.60,3.20
2010.09.15 01:33:00.986,0.99525,0.99545,4.20,3.20
2010.09.15 01:33:01.341,0.9953,0.99545,1.00,1.60
2010.09.15 01:33:02.434,0.9953,0.9955,1.00,5.60
2010.09.15 01:33:02.785,0.9953,0.9955,12.00,4.00
2010.09.15 01:33:03.235,0.99535,0.9955,1.00,1.60
2010.09.15 01:33:03.917,0.9954,0.99555,5.60,4.80
2010.09.15 01:33:04.203,0.9954,0.9955,1.00,1.60
2010.09.15 01:33:04.483,0.9954,0.99555,1.00,3.20
2010.09.15 01:33:04.790,0.9954,0.99555,1.60,3.20
2010.09.15 01:33:05.402,0.9954,0.9955,1.60,1.60
2010.09.15 01:33:05.710,0.9954,0.9955,1.00,1.60
2010.09.15 01:33:07.054,0.99555,0.99565,5.60,6.40
2010.09.15 01:33:07.736,0.9955,0.99555,5.60,5.60
2010.09.15 01:33:08.005,0.99545,0.99555,1.00,1.60
2010.09.15 01:33:08.272,0.99545,0.99565,4.80,2.80
2010.09.15 01:33:08.928,0.9955,0.99565,12.00,1.60
2010.09.15 01:33:09.282,0.9955,0.99565,1.00,1.60
2010.09.15 01:33:12.027,0.9955,0.99565,1.60,1.60
2010.09.15 01:33:12.379,0.9955,0.99565,4.00,1.60
2010.09.15 01:33:12.940,0.99555,0.99565,1.00,1.60
2010.09.15 01:33:13.306,0.9956,0.9957,1.00,1.60
2010.09.15 01:33:13.992,0.9956,0.99575,1.60,3.20
2010.09.15 01:33:14.283,0.9956,0.99575,7.20,3.20
2010.09.15 01:33:14.632,0.9956,0.99575,1.60,3.20
2010.09.15 01:33:15.664,0.9956,0.9957,1.60,1.60
2010.09.15 01:33:15.954,0.9956,0.99575,1.00,3.20
2010.09.15 01:33:16.647,0.99555,0.9957,1.60,1.60
2010.09.15 01:33:17.006,0.99545,0.99565,3.20,2.40
2010.09.15 01:33:17.769,0.99545,0.99565,4.80,4.00
2010.09.15 01:33:18.131,0.9954,0.99555,3.20,1.00
2010.09.15 01:33:18.482,0.9954,0.99555,4.80,1.00
2010.09.15 01:33:19.538,0.9954,0.99555,1.00,3.20
2010.09.15 01:33:20.411,0.99525,0.99545,8.20,1.60
2010.09.15 01:33:21.513,0.99525,0.99545,9.80,1.60
2010.09.15 01:33:22.832,0.9952,0.99535,8.00,1.60
2010.09.15 01:33:23.188,0.99515,0.9953,3.20,1.00
2010.09.15 01:33:23.387,0.99515,0.99535,3.20,4.00
2010.09.15 01:33:24.813,0.9952,0.9954,4.00,4.00
2010.09.15 01:33:25.078,0.9952,0.9954,5.60,3.20
2010.09.15 01:33:25.488,0.99525,0.9954,1.60,3.20
2010.09.15 01:33:26.185,0.99525,0.9954,1.60,1.60
2010.09.15 01:33:27.337,0.99525,0.9954,7.20,3.20
2010.09.15 01:33:27.639,0.99525,0.9954,7.20,1.60
2010.09.15 01:33:27.882,0.9952,0.9954,4.80,2.40
2010.09.15 01:33:28.349,0.9952,0.9954,3.20,2.40
2010.09.15 01:33:28.598,0.9952,0.9954,2.40,4.00
2010.09.15 01:33:29.262,0.9952,0.99535,1.60,1.00
2010.09.15 01:33:30.120,0.99515,0.99535,8.00,1.60
2010.09.15 01:33:30.370,0.9952,0.99535,1.60,1.00
2010.09.15 01:33:31.020,0.9952,0.99535,4.00,1.00
2010.09.15 01:33:31.375,0.9952,0.9954,8.00,1.60
2010.09.15 01:33:31.745,0.99525,0.99545,3.20,4.80
2010.09.15 01:33:32.162,0.99525,0.99545,4.00,2.40
2010.09.15 01:33:32.535,0.99525,0.99545,8.00,1.60
2010.09.15 01:33:34.274,0.9953,0.9955,1.00,11.20
2010.09.15 01:33:35.760,0.9953,0.9955,1.00,9.60
2010.09.15 01:33:39.223,0.9953,0.9955,1.00,11.20
2010.09.15 01:33:39.904,0.9953,0.9955,1.60,9.60
2010.09.15 01:33:40.521,0.9953,0.9955,1.00,9.60
2010.09.15 01:33:40.905,0.99525,0.9955,8.20,9.60
2010.09.15 01:33:42.664,0.9953,0.9955,1.00,9.60
2010.09.15 01:33:43.388,0.9953,0.9955,1.00,11.20
2010.09.15 01:33:43.671,0.9953,0.9955,1.60,11.20
2010.09.15 01:33:44.355,0.9953,0.9955,1.60,4.00
2010.09.15 01:33:44.700,0.9953,0.9955,1.60,5.60
2010.09.15 01:33:45.049,0.9953,0.9955,1.60,4.00
2010.09.15 01:33:46.148,0.9953,0.9955,3.20,3.20
2010.09.15 01:33:47.167,0.9953,0.9955,2.40,4.00
2010.09.15 01:33:47.456,0.9953,0.9955,1.00,4.00
2010.09.15 01:33:49.496,0.9953,0.9955,1.00,5.60
2010.09.15 01:33:50.316,0.9953,0.9955,1.60,4.00
2010.09.15 01:33:51.167,0.99535,0.9955,2.40,2.40
2010.09.15 01:33:51.476,0.99535,0.9955,4.00,1.60
2010.09.15 01:33:52.195,0.9954,0.99555,1.00,1.00
2010.09.15 01:33:52.554,0.9954,0.9956,5.60,3.20
2010.09.15 01:33:53.520,0.9954,0.9956,8.80,3.20
2010.09.15 01:33:53.872,0.9954,0.9956,3.20,3.20
2010.09.15 01:33:54.398,0.99545,0.9956,1.00,2.40
2010.09.15 01:33:54.725,0.99545,0.9956,1.60,2.40
2010.09.15 01:33:56.718,0.99545,0.9956,3.20,2.40
2010.09.15 01:33:57.646,0.99545,0.9956,3.20,1.60
2010.09.15 01:33:58.005,0.9956,0.9957,1.00,1.60
2010.09.15 01:33:58.769,0.99565,0.9957,1.60,1.60
2010.09.15 01:33:59.130,0.99565,0.9957,1.00,1.60
2010.09.15 01:33:59.861,0.99565,0.99575,1.60,1.60
2010.09.15 01:34:00.216,0.99565,0.9958,1.60,1.60
2010.09.15 01:34:00.953,0.99565,0.99585,1.00,1.60
2010.09.15 01:34:01.310,0.9957,0.99585,1.00,1.00
2010.09.15 01:34:02.438,0.99565,0.99585,8.00,4.60
2010.09.15 01:34:03.473,0.99565,0.99585,8.00,4.80
2010.09.15 01:34:03.763,0.99565,0.99585,1.60,9.60
2010.09.15 01:34:04.438,0.99565,0.9958,1.60,1.60
2010.09.15 01:34:04.795,0.9957,0.99585,1.00,4.20
2010.09.15 01:34:05.540,0.9957,0.9958,1.00,1.60
2010.09.15 01:34:06.200,0.9957,0.99585,1.00,4.40
2010.09.15 01:34:06.955,0.9957,0.9958,1.00,1.60
2010.09.15 01:34:07.290,0.9957,0.99585,1.00,1.60
2010.09.15 01:34:08.325,0.9957,0.99585,1.60,2.40
2010.09.15 01:34:09.385,0.9957,0.99585,1.00,1.60
2010.09.15 01:34:09.675,0.99565,0.99585,6.40,3.20
2010.09.15 01:34:10.361,0.99565,0.9958,5.60,1.00
2010.09.15 01:34:10.718,0.99555,0.99575,5.60,1.00
2010.09.15 01:34:11.071,0.9956,0.9958,1.00,8.00
2010.09.15 01:34:11.534,0.9956,0.9958,1.60,7.20
2010.09.15 01:34:11.879,0.99565,0.9958,1.60,4.00
2010.09.15 01:34:12.857,0.99565,0.9958,1.60,2.40
2010.09.15 01:34:13.215,0.9956,0.9958,3.20,4.80
2010.09.15 01:34:14.322,0.9956,0.99575,1.60,1.60
2010.09.15 01:34:15.080,0.9956,0.9958,1.60,5.60
2010.09.15 01:34:15.446,0.9956,0.9958,1.60,4.80
2010.09.15 01:34:21.518,0.99565,0.9958,1.60,4.00
2010.09.15 01:34:21.902,0.9957,0.9958,1.00,3.20
2010.09.15 01:34:22.612,0.99565,0.9958,1.60,3.20
2010.09.15 01:34:24.932,0.9957,0.9958,1.00,3.20
2010.09.15 01:34:26.542,0.99565,0.9958,1.60,4.00
2010.09.15 01:34:26.710,0.99565,0.99575,1.00,1.60
2010.09.15 01:34:28.564,0.9956,0.99575,1.00,1.60
2010.09.15 01:34:30.268,0.99555,0.9957,3.20,1.60
2010.09.15 01:34:30.617,0.99555,0.9957,1.60,1.60
2010.09.15 01:34:31.196,0.99555,0.9957,1.60,3.20
2010.09.15 01:34:32.631,0.9955,0.9957,2.40,5.60
2010.09.15 01:34:33.534,0.9955,0.99565,1.00,4.80
2010.09.15 01:34:33.883,0.9954,0.99555,3.20,1.60
2010.09.15 01:34:34.226,0.9954,0.9956,3.20,4.00
2010.09.15 01:34:36.116,0.9954,0.9956,3.20,5.60
2010.09.15 01:34:36.373,0.9954,0.99555,3.20,1.60
2010.09.15 01:34:37.245,0.99545,0.99555,1.00,1.60
2010.09.15 01:34:37.566,0.99545,0.99555,1.80,1.60
2010.09.15 01:34:37.885,0.99555,0.9956,1.00,1.60
2010.09.15 01:34:38.607,0.99555,0.99565,1.00,3.20
2010.09.15 01:34:38.963,0.99545,0.99565,1.00,5.60
2010.09.15 01:34:40.243,0.9955,0.99565,1.00,4.80
2010.09.15 01:34:40.571,0.99545,0.99565,1.60,6.40
2010.09.15 01:34:41.365,0.99545,0.99565,1.60,2.40
2010.09.15 01:34:41.723,0.9955,0.99565,1.00,4.00
2010.09.15 01:34:42.418,0.9955,0.99565,1.60,4.00
2010.09.15 01:34:42.777,0.99545,0.99565,1.80,3.20
2010.09.15 01:34:43.520,0.9955,0.99565,1.60,1.60
2010.09.15 01:34:43.883,0.9956,0.9957,1.00,1.60
2010.09.15 01:34:44.684,0.9955,0.99565,5.60,2.40
2010.09.15 01:34:45.417,0.99545,0.99565,3.20,1.00
2010.09.15 01:34:45.779,0.9956,0.9957,1.00,1.60
2010.09.15 01:34:46.470,0.99565,0.99575,1.00,1.60
2010.09.15 01:34:46.802,0.99565,0.99575,1.60,1.60
2010.09.15 01:34:47.895,0.99575,0.9958,1.00,1.60
2010.09.15 01:34:48.251,0.9956,0.99575,2.40,1.70
2010.09.15 01:34:48.644,0.99555,0.9956,16.00,1.00
2010.09.15 01:34:49.002,0.99545,0.99565,1.60,2.50
2010.09.15 01:34:49.493,0.9954,0.99565,1.60,23.60
2010.09.15 01:34:49.921,0.9954,0.99555,1.00,1.00
2010.09.15 01:34:50.278,0.99535,0.99555,1.00,3.20
2010.09.15 01:34:51.487,0.99535,0.99555,3.20,2.40
2010.09.15 01:34:52.019,0.99535,0.99555,3.20,2.00
2010.09.15 01:34:52.184,0.99535,0.99555,3.20,2.40
2010.09.15 01:34:52.338,0.99535,0.99555,3.20,4.00
2010.09.15 01:34:53.129,0.99545,0.99555,1.60,1.60
2010.09.15 01:34:54.747,0.99545,0.9956,1.60,1.60
2010.09.15 01:34:57.151,0.9955,0.9956,1.00,1.60
2010.09.15 01:34:57.338,0.9955,0.9956,1.60,1.60
2010.09.15 01:34:57.964,0.99555,0.9956,1.00,1.60
2010.09.15 01:34:58.309,0.99565,0.99575,1.00,1.60
2010.09.15 01:34:59.084,0.99575,0.9958,1.00,1.60
2010.09.15 01:34:59.485,0.99575,0.9958,1.60,1.60
2010.09.15 01:34:59.912,0.9958,0.9959,1.00,2.40
2010.09.15 01:35:00.263,0.9958,0.9959,1.00,2.40
2010.09.15 01:35:01.006,0.9958,0.9959,1.60,1.60
2010.09.15 01:35:01.366,0.99585,0.99595,1.60,1.60
2010.09.15 01:35:01.998,0.99585,0.99595,1.60,1.00
2010.09.15 01:35:02.553,0.99585,0.996,1.60,10.40
2010.09.15 01:35:02.835,0.9959,0.996,1.60,1.00
2010.09.15 01:35:03.501,0.9959,0.99605,1.00,2.00
2010.09.15 01:35:03.922,0.9959,0.99605,1.60,2.40
2010.09.15 01:35:05.239,0.9959,0.99605,1.60,2.40
2010.09.15 01:35:05.693,0.99595,0.99605,1.00,2.40
2010.09.15 01:35:06.071,0.99585,0.99595,2.40,2.70
2010.09.15 01:35:06.834,0.9958,0.99595,1.00,1.90
2010.09.15 01:35:07.172,0.99575,0.9958,3.20,1.00
2010.09.15 01:35:07.924,0.99555,0.99565,2.80,1.00
2010.09.15 01:35:08.279,0.99535,0.99555,4.80,1.60
2010.09.15 01:35:09.646,0.9954,0.9956,1.00,4.00
2010.09.15 01:35:11.051,0.9954,0.9956,1.60,4.00
2010.09.15 01:35:11.260,0.9954,0.9956,4.00,3.20
2010.09.15 01:35:11.846,0.99545,0.9956,1.00,2.40
2010.09.15 01:35:12.806,0.9954,0.9956,1.60,3.20
2010.09.15 01:35:13.184,0.99545,0.9956,1.60,1.60
2010.09.15 01:35:13.476,0.99555,0.9956,1.00,1.60
2010.09.15 01:35:14.488,0.99555,0.9956,1.60,1.60
2010.09.15 01:35:18.286,0.99555,0.99565,1.60,1.60
2010.09.15 01:35:19.020,0.99565,0.99575,1.60,1.60
2010.09.15 01:35:20.106,0.9957,0.99575,5.90,1.60
2010.09.15 01:35:20.464,0.99595,0.99605,1.60,2.80
2010.09.15 01:35:20.685,0.99595,0.99605,1.60,1.00
2010.09.15 01:35:21.283,0.99595,0.9961,1.60,2.40
2010.09.15 01:35:22.278,0.9958,0.996,3.20,3.20
2010.09.15 01:35:23.056,0.9958,0.99595,2.40,1.00
2010.09.15 01:35:23.410,0.9958,0.99595,2.40,1.60
2010.09.15 01:35:24.488,0.99585,0.996,4.70,2.40
2010.09.15 01:35:25.242,0.9959,0.996,1.60,2.40
2010.09.15 01:35:25.503,0.9959,0.9961,1.60,4.00
2010.09.15 01:35:26.636,0.9959,0.9961,1.60,2.40
2010.09.15 01:35:27.091,0.9959,0.9961,3.20,2.40
2010.09.15 01:35:27.544,0.99585,0.99595,1.00,1.00
2010.09.15 01:35:27.823,0.9957,0.9959,1.60,1.00
2010.09.15 01:35:28.851,0.9957,0.99585,1.00,1.00
2010.09.15 01:35:29.201,0.9957,0.99585,1.00,1.60
2010.09.15 01:35:29.924,0.99565,0.99585,1.60,1.00
2010.09.15 01:35:30.238,0.9958,0.9959,1.00,1.60
2010.09.15 01:35:30.499,0.9958,0.99595,1.00,1.60
2010.09.15 01:35:31.176,0.99585,0.99595,1.00,1.00
2010.09.15 01:35:31.833,0.99585,0.996,3.20,2.40
2010.09.15 01:35:32.195,0.99585,0.99605,1.60,2.40
2010.09.15 01:35:32.960,0.99595,0.996,7.20,2.40
2010.09.15 01:35:33.318,0.99595,0.99605,8.00,1.60
2010.09.15 01:35:34.059,0.99595,0.99605,15.20,1.00
2010.09.15 01:35:34.382,0.99595,0.99605,13.60,1.60
2010.09.15 01:35:35.159,0.99595,0.99605,2.40,1.60
2010.09.15 01:35:35.514,0.99585,0.99605,3.20,1.60
2010.09.15 01:35:35.860,0.9959,0.99605,1.00,1.00
2010.09.15 01:35:36.575,0.99605,0.9962,1.00,1.00
2010.09.15 01:35:36.853,0.99605,0.9962,1.60,1.60
2010.09.15 01:35:38.842,0.99605,0.99625,4.80,1.00
2010.09.15 01:35:39.188,0.9961,0.99625,2.40,2.60
2010.09.15 01:35:40.299,0.9961,0.99615,2.40,1.00
2010.09.15 01:35:40.591,0.9959,0.99605,2.40,2.40
2010.09.15 01:35:41.398,0.9958,0.99605,1.60,2.40
2010.09.15 01:35:41.753,0.99585,0.996,1.60,1.60
2010.09.15 01:35:42.656,0.99585,0.996,1.60,1.00
2010.09.15 01:35:43.012,0.99585,0.996,2.40,1.00
2010.09.15 01:35:43.370,0.99585,0.99605,2.90,4.00
2010.09.15 01:35:43.906,0.9959,0.99605,1.00,1.60
2010.09.15 01:35:44.268,0.996,0.9961,1.60,1.60
2010.09.15 01:35:44.829,0.996,0.99615,1.60,1.60
2010.09.15 01:35:45.196,0.99605,0.9962,1.00,1.60
2010.09.15 01:35:45.977,0.99605,0.9962,1.00,3.20
2010.09.15 01:35:46.296,0.996,0.9962,3.20,1.00
2010.09.15 01:35:47.297,0.996,0.9962,3.20,1.60
2010.09.15 01:35:48.442,0.996,0.9962,1.60,2.40
2010.09.15 01:35:48.799,0.99595,0.99615,1.60,9.00
2010.09.15 01:35:49.153,0.9959,0.9961,4.10,2.40
2010.09.15 01:35:49.762,0.9959,0.9961,1.60,1.00
2010.09.15 01:35:50.114,0.99605,0.9962,1.00,2.40
2010.09.15 01:35:50.449,0.99605,0.99625,1.60,4.00
2010.09.15 01:35:51.179,0.99615,0.99625,1.00,2.40
2010.09.15 01:35:51.579,0.99615,0.99625,1.00,1.60
2010.09.15 01:35:52.229,0.9961,0.99625,1.60,1.60
2010.09.15 01:35:52.586,0.9961,0.99625,1.00,2.40
2010.09.15 01:35:53.345,0.9961,0.99625,4.80,1.60
2010.09.15 01:35:53.679,0.9961,0.9963,1.60,4.00
2010.09.15 01:35:54.000,0.9961,0.9963,3.20,4.00
2010.09.15 01:35:54.724,0.9961,0.9963,1.00,12.00
2010.09.15 01:35:55.007,0.99605,0.99625,1.00,10.40
2010.09.15 01:35:55.292,0.996,0.9962,6.60,3.20
2010.09.15 01:35:55.565,0.996,0.9962,5.60,3.20
2010.09.15 01:35:56.235,0.996,0.9962,8.40,2.40
2010.09.15 01:35:56.604,0.996,0.9962,6.00,2.40
2010.09.15 01:35:56.958,0.996,0.9962,4.40,2.40
2010.09.15 01:35:57.843,0.996,0.9962,4.40,3.20
2010.09.15 01:35:58.450,0.996,0.9962,3.00,3.20
2010.09.15 01:35:59.200,0.99605,0.9962,1.70,2.40
2010.09.15 01:36:00.123,0.99605,0.9962,1.60,2.40
2010.09.15 01:36:00.358,0.99605,0.9962,1.00,3.20
2010.09.15 01:36:00.896,0.99605,0.9962,1.00,3.20
2010.09.15 01:36:01.261,0.99605,0.9962,1.70,1.60
2010.09.15 01:36:02.586,0.99605,0.9962,1.00,1.60
2010.09.15 01:36:02.901,0.99605,0.9962,1.00,1.60
2010.09.15 01:36:03.219,0.996,0.9962,1.60,1.60
2010.09.15 01:36:03.995,0.996,0.9962,1.60,3.20
2010.09.15 01:36:04.357,0.996,0.9962,1.00,3.20
2010.09.15 01:36:05.722,0.996,0.9962,1.00,2.40
2010.09.15 01:36:06.385,0.99605,0.9962,1.60,1.60
2010.09.15 01:36:06.624,0.996,0.9962,1.00,2.40
2010.09.15 01:36:07.620,0.996,0.9962,1.00,3.20
2010.09.15 01:36:07.970,0.996,0.9962,1.60,2.40
2010.09.15 01:36:08.676,0.996,0.9962,1.60,4.80
2010.09.15 01:36:09.187,0.996,0.99615,1.60,1.60
2010.09.15 01:36:11.386,0.996,0.99615,1.00,1.60
2010.09.15 01:36:11.700,0.996,0.99615,1.60,1.60
2010.09.15 01:36:13.290,0.996,0.99615,1.00,1.60
2010.09.15 01:36:14.666,0.99605,0.99615,1.00,1.60
2010.09.15 01:36:14.864,0.99605,0.9962,1.00,1.60
2010.09.15 01:36:15.624,0.99605,0.9962,2.00,1.60
2010.09.15 01:36:15.975,0.99605,0.9962,1.00,1.60
2010.09.15 01:36:16.280,0.99605,0.9962,1.00,1.60
2010.09.15 01:36:19.238,0.99605,0.99625,1.00,11.20
2010.09.15 01:36:19.338,0.99605,0.99625,1.00,11.20
2010.09.15 01:36:19.537,0.99605,0.99625,2.00,11.20
2010.09.15 01:36:20.364,0.99605,0.99625,2.40,11.20
2010.09.15 01:36:20.711,0.99605,0.99625,3.20,11.20
2010.09.15 01:36:21.057,0.99605,0.99625,3.40,11.20
2010.09.15 01:36:21.749,0.99605,0.99625,3.20,11.20
2010.09.15 01:36:22.071,0.99615,0.99625,1.60,8.00
2010.09.15 01:36:22.767,0.99615,0.9963,1.20,11.20
2010.09.15 01:36:23.037,0.99615,0.9963,1.40,9.60
2010.09.15 01:36:23.676,0.99615,0.9963,1.40,1.60
2010.09.15 01:36:24.045,0.99615,0.99635,4.00,1.60
2010.09.15 01:36:24.371,0.99615,0.99635,5.90,1.60
2010.09.15 01:36:25.260,0.99615,0.99635,6.00,1.60
2010.09.15 01:36:26.386,0.99615,0.99635,6.60,1.60
2010.09.15 01:36:27.171,0.99615,0.99635,5.80,1.60
2010.09.15 01:36:27.521,0.99615,0.99635,5.90,1.60
2010.09.15 01:36:28.602,0.9962,0.99635,1.00,1.60
2010.09.15 01:36:28.952,0.9962,0.99635,4.80,1.00
2010.09.15 01:36:29.728,0.99625,0.9964,1.00,1.60
2010.09.15 01:36:32.840,0.99625,0.99635,1.00,1.60
2010.09.15 01:36:34.219,0.99625,0.9963,1.00,1.60
2010.09.15 01:36:35.177,0.99625,0.99635,1.00,1.60
2010.09.15 01:36:37.676,0.99625,0.9963,1.00,1.00
2010.09.15 01:36:38.031,0.9962,0.9963,1.00,1.60
2010.09.15 01:36:38.744,0.99615,0.9963,2.00,1.60
2010.09.15 01:36:39.090,0.99615,0.9963,1.20,1.60
2010.09.15 01:36:39.437,0.99615,0.9963,1.20,1.60
2010.09.15 01:36:41.953,0.99615,0.9963,3.60,1.60
2010.09.15 01:36:42.538,0.99615,0.99635,5.60,1.60
2010.09.15 01:36:42.713,0.99615,0.99635,5.60,1.60
2010.09.15 01:36:43.779,0.99615,0.99635,5.30,1.60
2010.09.15 01:36:47.095,0.99615,0.9963,1.20,1.60
2010.09.15 01:36:47.384,0.99625,0.9963,1.00,1.60
2010.09.15 01:36:48.503,0.99625,0.99635,1.00,1.60
2010.09.15 01:36:50.691,0.9962,0.99635,1.00,1.60
2010.09.15 01:36:51.039,0.99615,0.99635,5.30,1.60
2010.09.15 01:36:53.020,0.99615,0.99635,5.70,1.60
2010.09.15 01:36:53.368,0.99625,0.99635,1.00,1.60
2010.09.15 01:36:58.182,0.99625,0.9964,1.00,12.80
2010.09.15 01:36:58.473,0.99625,0.99635,1.00,1.60
2010.09.15 01:36:59.413,0.99625,0.99635,1.00,1.60
2010.09.15 01:37:00.553,0.99625,0.99635,1.00,1.60
2010.09.15 01:37:03.819,0.99625,0.99635,1.00,1.60
2010.09.15 01:37:04.558,0.99625,0.9964,2.80,12.80
2010.09.15 01:37:04.847,0.99625,0.9964,2.80,1.60
2010.09.15 01:37:05.088,0.99625,0.9964,3.60,1.60
2010.09.15 01:37:05.330,0.9963,0.9964,1.00,1.60
2010.09.15 01:37:09.935,0.9963,0.9965,3.50,4.00
2010.09.15 01:37:10.377,0.9963,0.9965,4.30,3.20
2010.09.15 01:37:11.245,0.9963,0.9965,5.10,1.60
2010.09.15 01:37:11.499,0.99635,0.9965,1.00,1.00
2010.09.15 01:37:12.001,0.99635,0.9965,1.00,1.60
2010.09.15 01:37:13.173,0.9963,0.9965,4.30,1.60
2010.09.15 01:37:13.824,0.9963,0.99645,1.10,1.60
2010.09.15 01:37:14.117,0.99625,0.99645,9.40,1.60
2010.09.15 01:37:14.861,0.99625,0.99645,7.60,1.60
2010.09.15 01:37:15.214,0.9963,0.99645,1.00,1.60
2010.09.15 01:37:21.354,0.99635,0.9965,1.00,1.60
2010.09.15 01:37:22.543,0.9963,0.99645,5.60,1.00
2010.09.15 01:37:23.257,0.9963,0.99645,1.00,1.60
2010.09.15 01:37:23.607,0.99625,0.9964,4.10,1.00
2010.09.15 01:37:24.356,0.99625,0.99645,5.00,15.20
2010.09.15 01:37:24.712,0.99625,0.99645,6.60,1.60
2010.09.15 01:37:25.060,0.9963,0.99645,1.00,1.60
2010.09.15 01:37:27.212,0.99625,0.99645,5.20,1.60
2010.09.15 01:37:27.523,0.99625,0.9964,2.00,8.80
2010.09.15 01:37:28.256,0.99625,0.9964,2.00,9.60
2010.09.15 01:37:28.926,0.99625,0.9964,2.20,9.60
2010.09.15 01:37:29.653,0.99625,0.9964,3.00,9.60
2010.09.15 01:37:29.832,0.99625,0.9964,2.90,9.60
2010.09.15 01:37:31.038,0.99625,0.99645,5.70,1.60
2010.09.15 01:37:31.392,0.99625,0.9965,7.80,17.60
2010.09.15 01:37:31.975,0.9963,0.9965,1.00,6.40
2010.09.15 01:37:32.336,0.9963,0.99645,1.00,1.00
2010.09.15 01:37:35.560,0.9964,0.9965,1.60,11.20
2010.09.15 01:37:36.216,0.9964,0.99655,2.40,1.60
2010.09.15 01:37:36.654,0.9964,0.99655,1.60,1.60
2010.09.15 01:37:39.260,0.99645,0.9966,2.00,15.20
2010.09.15 01:37:39.597,0.99645,0.9966,1.00,4.00
2010.09.15 01:37:40.036,0.9964,0.9966,3.20,4.80
2010.09.15 01:37:40.385,0.9965,0.9967,1.00,6.00
2010.09.15 01:37:41.209,0.9965,0.9967,3.20,5.60
2010.09.15 01:37:41.565,0.99655,0.9967,1.00,3.20
2010.09.15 01:37:42.474,0.9965,0.9967,3.20,3.20
2010.09.15 01:37:43.902,0.9965,0.9967,4.80,3.20
2010.09.15 01:37:44.587,0.99645,0.99665,6.40,1.60
2010.09.15 01:37:46.078,0.99645,0.9966,1.60,1.60
2010.09.15 01:37:46.423,0.99645,0.99655,1.60,1.00
2010.09.15 01:37:47.201,0.9964,0.99655,1.60,1.60
2010.09.15 01:37:48.317,0.99635,0.9965,1.60,1.60
2010.09.15 01:37:49.435,0.99635,0.99655,3.20,4.00
2010.09.15 01:37:49.793,0.99635,0.99655,3.20,3.20
2010.09.15 01:37:50.559,0.9964,0.99655,1.00,1.60
2010.09.15 01:37:50.913,0.99645,0.9966,1.00,1.60
2010.09.15 01:37:51.697,0.9964,0.9966,5.60,3.20
2010.09.15 01:37:52.788,0.9964,0.9966,2.40,6.40
2010.09.15 01:37:53.146,0.99635,0.99655,3.20,2.40
2010.09.15 01:37:54.402,0.99635,0.9965,1.60,1.60
2010.09.15 01:37:55.887,0.99635,0.9965,2.40,1.00
2010.09.15 01:37:56.236,0.99635,0.99655,3.20,4.00
2010.09.15 01:37:57.000,0.99635,0.99655,1.60,3.20
2010.09.15 01:37:57.343,0.99635,0.9965,1.60,1.00
2010.09.15 01:37:58.052,0.9963,0.9965,6.40,1.00
2010.09.15 01:37:58.388,0.99635,0.99655,2.40,3.20
2010.09.15 01:37:59.113,0.99645,0.99655,1.00,2.40
2010.09.15 01:37:59.464,0.99645,0.9966,1.00,1.60
2010.09.15 01:38:02.680,0.99645,0.99665,1.00,3.20
2010.09.15 01:38:03.547,0.99645,0.99665,3.20,3.20
2010.09.15 01:38:05.302,0.99645,0.9966,2.40,1.00
2010.09.15 01:38:05.611,0.9964,0.9966,4.00,1.00
2010.09.15 01:38:05.882,0.9964,0.9966,2.40,1.00
2010.09.15 01:38:06.528,0.9964,0.9966,2.40,2.40
2010.09.15 01:38:07.706,0.9964,0.9966,1.60,3.20
2010.09.15 01:38:09.516,0.9964,0.9966,1.00,3.20
2010.09.15 01:38:10.756,0.9964,0.9966,4.80,2.40
2010.09.15 01:38:10.968,0.9964,0.9966,4.80,1.60
2010.09.15 01:38:11.176,0.99645,0.9966,1.00,1.60
2010.09.15 01:38:11.833,0.99645,0.9966,3.60,1.60
2010.09.15 01:38:12.180,0.9965,0.99665,1.00,1.00
2010.09.15 01:38:13.428,0.99655,0.99665,1.00,1.00
2010.09.15 01:38:13.710,0.9965,0.9967,5.60,3.20
2010.09.15 01:38:14.967,0.9965,0.99665,1.60,1.60
2010.09.15 01:38:15.797,0.9965,0.9967,6.40,3.20
2010.09.15 01:38:16.058,0.9965,0.9967,6.40,1.60
2010.09.15 01:38:16.814,0.9965,0.9967,7.20,1.60
2010.09.15 01:38:17.162,0.9965,0.9967,7.20,1.00
2010.09.15 01:38:17.907,0.99665,0.99675,1.00,11.20
2010.09.15 01:38:18.844,0.99665,0.9967,1.00,1.60
2010.09.15 01:38:19.228,0.99655,0.99665,1.60,1.60
2010.09.15 01:38:20.244,0.99655,0.9967,1.60,1.60
2010.09.15 01:38:22.200,0.9965,0.9967,5.60,1.60
2010.09.15 01:38:22.546,0.9965,0.9967,7.20,1.00
2010.09.15 01:38:23.616,0.9965,0.9967,6.40,1.60
2010.09.15 01:38:25.855,0.99655,0.9967,1.00,1.60
2010.09.15 01:38:27.743,0.9966,0.99675,2.40,1.60
2010.09.15 01:38:27.835,0.99665,0.9968,3.20,1.60
2010.09.15 01:38:28.319,0.9967,0.9968,1.00,1.60
2010.09.15 01:38:29.659,0.9967,0.99685,1.60,1.60
2010.09.15 01:38:31.007,0.9967,0.99685,2.40,1.60
2010.09.15 01:38:31.200,0.99665,0.9968,1.60,1.00
2010.09.15 01:38:32.029,0.99665,0.9968,1.60,1.60
2010.09.15 01:38:33.135,0.99665,0.9968,1.60,7.20
2010.09.15 01:38:33.496,0.99665,0.9968,1.60,1.60
2010.09.15 01:38:34.227,0.99665,0.9968,2.40,5.60
2010.09.15 01:38:34.601,0.99665,0.9968,1.60,7.20
2010.09.15 01:38:35.309,0.99675,0.9968,1.00,8.00
2010.09.15 01:38:35.677,0.99675,0.9969,1.00,1.60
2010.09.15 01:38:41.200,0.99675,0.9969,2.40,1.60
2010.09.15 01:38:42.740,0.99675,0.99685,1.00,1.60
2010.09.15 01:38:43.411,0.9967,0.99685,1.60,1.60
2010.09.15 01:38:48.046,0.9967,0.9968,1.60,1.00
2010.09.15 01:38:48.377,0.9967,0.9968,1.60,1.60
2010.09.15 01:38:49.099,0.99665,0.99675,1.60,1.60
2010.09.15 01:38:49.456,0.99665,0.99675,1.60,4.00
2010.09.15 01:38:49.807,0.99665,0.99675,1.60,1.60
2010.09.15 01:38:50.552,0.99665,0.99675,1.60,7.20
2010.09.15 01:38:50.903,0.9966,0.99675,1.60,9.60
2010.09.15 01:38:51.650,0.9966,0.99675,1.60,4.00
2010.09.15 01:38:52.003,0.9966,0.99675,1.60,7.20
2010.09.15 01:38:53.064,0.9966,0.99675,1.60,9.60
2010.09.15 01:38:54.228,0.9966,0.99675,3.20,9.60
2010.09.15 01:38:54.450,0.9966,0.9968,5.60,15.20
2010.09.15 01:38:54.801,0.9966,0.9968,6.40,9.60
2010.09.15 01:38:55.916,0.9966,0.9968,1.60,10.40
2010.09.15 01:38:56.649,0.9966,0.99675,1.60,1.60
2010.09.15 01:38:58.890,0.9966,0.99675,1.60,9.60
2010.09.15 01:38:59.734,0.99655,0.99675,1.60,9.60
2010.09.15 01:39:01.083,0.99655,0.99675,2.40,9.60
2010.09.15 01:39:01.455,0.99655,0.99675,1.60,1.60
2010.09.15 01:39:02.069,0.99655,0.99675,1.60,4.00
2010.09.15 01:39:02.425,0.99655,0.99675,1.60,9.60
2010.09.15 01:39:02.780,0.99655,0.99675,1.60,3.20
2010.09.15 01:39:03.552,0.99655,0.9967,2.40,1.60
2010.09.15 01:39:04.369,0.99655,0.9967,2.40,1.00
2010.09.15 01:39:04.725,0.99655,0.9967,1.60,1.60
2010.09.15 01:39:07.244,0.99655,0.9967,1.60,1.00
2010.09.15 01:39:08.902,0.99655,0.99675,3.20,3.20
2010.09.15 01:39:11.016,0.99655,0.9967,1.60,1.00
2010.09.15 01:39:18.419,0.99655,0.99675,1.60,8.80
2010.09.15 01:39:18.775,0.99655,0.9967,1.60,1.60
2010.09.15 01:39:20.150,0.99655,0.9968,6.00,2.40
2010.09.15 01:39:20.853,0.99665,0.9968,1.60,2.40
2010.09.15 01:39:22.858,0.99665,0.9968,1.60,1.00
2010.09.15 01:39:23.054,0.9967,0.9968,2.40,1.60
2010.09.15 01:39:23.550,0.9967,0.9968,4.00,1.60
2010.09.15 01:39:23.751,0.9967,0.9968,1.60,7.20
2010.09.15 01:39:24.658,0.9967,0.9968,1.60,9.60
2010.09.15 01:39:25.919,0.9967,0.99685,1.60,1.60
2010.09.15 01:39:27.483,0.9967,0.9969,1.60,4.00
2010.09.15 01:39:28.148,0.9967,0.9969,1.60,2.40
2010.09.15 01:39:28.504,0.9967,0.99685,1.60,1.60
2010.09.15 01:39:36.261,0.9967,0.99685,1.60,1.00
2010.09.15 01:39:36.698,0.9967,0.9969,1.60,4.00
2010.09.15 01:39:37.056,0.99675,0.9969,1.00,1.60
2010.09.15 01:39:37.413,0.99675,0.9969,2.40,1.60
2010.09.15 01:39:47.022,0.99675,0.9969,2.80,1.60
2010.09.15 01:39:55.053,0.99675,0.9969,2.80,1.00
2010.09.15 01:39:55.398,0.99675,0.9969,2.80,1.60
2010.09.15 01:39:56.195,0.99675,0.9969,2.40,1.60
2010.09.15 01:39:57.227,0.99675,0.9969,1.60,2.40
2010.09.15 01:39:57.504,0.99675,0.9969,1.60,2.40
2010.09.15 01:40:07.222,0.9967,0.9969,1.60,2.40
2010.09.15 01:40:07.514,0.9967,0.9968,1.60,1.60
2010.09.15 01:40:07.785,0.9967,0.9968,1.60,1.00
2010.09.15 01:40:08.480,0.9967,0.99685,1.60,1.60
2010.09.15 01:40:12.426,0.9967,0.9968,1.60,1.60
2010.09.15 01:40:12.743,0.99665,0.9968,1.60,9.60
2010.09.15 01:40:18.763,0.99665,0.9968,1.60,1.60
2010.09.15 01:40:21.609,0.99665,0.99685,1.60,3.20
2010.09.15 01:40:21.900,0.99665,0.99685,2.40,3.20
2010.09.15 01:40:24.559,0.99665,0.99685,2.40,1.60
2010.09.15 01:40:25.305,0.9967,0.9969,3.20,1.60
2010.09.15 01:40:25.656,0.99675,0.9969,1.60,1.60
2010.09.15 01:40:46.821,0.99675,0.9969,1.60,1.00
2010.09.15 01:40:47.166,0.99675,0.9969,1.60,1.60
2010.09.15 01:40:53.390,0.99675,0.99695,1.60,3.20
2010.09.15 01:40:54.416,0.99675,0.9969,1.60,1.60
2010.09.15 01:40:55.554,0.9967,0.9969,1.60,1.60
2010.09.15 01:40:55.900,0.9967,0.9969,1.60,3.20
2010.09.15 01:40:56.345,0.9967,0.9969,1.60,3.20
2010.09.15 01:40:56.707,0.9967,0.99685,1.60,1.00
2010.09.15 01:40:57.059,0.9967,0.9969,1.60,1.60
2010.09.15 01:40:57.708,0.9967,0.9969,4.00,1.60
2010.09.15 01:40:58.068,0.99675,0.9969,1.00,1.60
2010.09.15 01:40:58.323,0.99675,0.9969,1.00,3.20
2010.09.15 01:40:59.410,0.99675,0.9969,1.00,2.40
2010.09.15 01:40:59.739,0.99675,0.9969,1.00,1.60
2010.09.15 01:41:00.457,0.9967,0.9969,1.60,3.20
2010.09.15 01:41:01.145,0.9967,0.9968,1.60,1.00
2010.09.15 01:41:01.963,0.99665,0.9968,2.40,1.60
2010.09.15 01:41:02.560,0.99665,0.9968,2.40,1.60
2010.09.15 01:41:03.235,0.99665,0.99685,2.40,1.00
2010.09.15 01:41:03.576,0.99665,0.99685,2.40,1.60
2010.09.15 01:41:04.390,0.99665,0.99685,2.40,3.20
2010.09.15 01:41:10.253,0.99665,0.99685,1.60,3.20
2010.09.15 01:41:11.319,0.99665,0.99685,6.50,1.60
2010.09.15 01:41:11.669,0.9967,0.99685,1.60,1.60
2010.09.15 01:41:15.258,0.9967,0.9969,1.60,3.20
2010.09.15 01:41:17.929,0.9967,0.9969,2.40,3.20
2010.09.15 01:41:18.180,0.9967,0.9969,3.20,3.20
2010.09.15 01:41:18.936,0.9967,0.9969,2.40,3.20
2010.09.15 01:41:22.728,0.9967,0.99685,1.60,1.00
2010.09.15 01:41:24.452,0.9967,0.9969,1.60,3.20
2010.09.15 01:41:25.379,0.9967,0.9969,2.40,3.20
2010.09.15 01:41:31.497,0.9967,0.9969,1.00,3.20
2010.09.15 01:41:36.220,0.9967,0.9969,1.00,8.80
2010.09.15 01:41:36.535,0.99665,0.99685,2.40,1.60
2010.09.15 01:41:37.780,0.99665,0.99685,4.00,1.60
2010.09.15 01:41:37.985,0.99665,0.99685,4.00,2.40
2010.09.15 01:41:39.444,0.99665,0.99685,2.40,2.40
2010.09.15 01:41:39.765,0.99665,0.99685,4.80,2.40
2010.09.15 01:41:40.092,0.99665,0.9969,4.80,5.70
2010.09.15 01:41:40.670,0.99665,0.9969,6.50,5.70
2010.09.15 01:41:44.603,0.9967,0.9969,1.00,3.30
2010.09.15 01:41:46.462,0.9967,0.9969,4.00,1.70
2010.09.15 01:41:47.203,0.9967,0.9969,7.20,1.60
2010.09.15 01:41:48.001,0.9967,0.9969,6.40,1.60
2010.09.15 01:41:48.982,0.9967,0.9969,6.40,1.60
2010.09.15 01:41:49.413,0.9967,0.9969,1.60,4.80
2010.09.15 01:41:49.770,0.9967,0.9969,3.20,3.20
2010.09.15 01:41:50.909,0.9967,0.9969,4.00,3.20
2010.09.15 01:41:52.551,0.9967,0.9969,2.40,3.20
2010.09.15 01:41:54.605,0.9967,0.9969,2.40,4.00
2010.09.15 01:41:54.736,0.9967,0.9969,2.40,6.40
2010.09.15 01:41:55.152,0.9967,0.9969,1.60,6.40
2010.09.15 01:41:55.466,0.9967,0.9969,3.20,3.20
2010.09.15 01:41:55.760,0.9967,0.9969,4.80,1.60
2010.09.15 01:41:56.408,0.9967,0.9969,6.40,1.60
2010.09.15 01:41:56.710,0.9967,0.9969,8.00,1.60
2010.09.15 01:41:58.363,0.9967,0.9969,8.80,1.60
2010.09.15 01:41:58.620,0.99675,0.9969,1.60,1.60
2010.09.15 01:41:59.714,0.99675,0.9969,1.60,1.60
2010.09.15 01:41:59.908,0.99675,0.9969,2.40,1.60
2010.09.15 01:42:02.486,0.99675,0.9969,1.00,1.60
2010.09.15 01:42:03.078,0.9967,0.9969,3.20,3.20
2010.09.15 01:42:04.651,0.9967,0.9969,1.00,7.20
2010.09.15 01:42:04.897,0.99665,0.99685,4.10,1.60
2010.09.15 01:42:11.024,0.99665,0.99685,6.50,1.60
2010.09.15 01:42:11.193,0.99665,0.9969,6.60,4.80
2010.09.15 01:42:14.543,0.99665,0.99685,6.60,1.60
2010.09.15 01:42:15.724,0.9968,0.9969,1.60,3.20
2010.09.15 01:42:15.939,0.9968,0.99695,7.20,1.60
2010.09.15 01:42:17.102,0.99685,0.99695,5.60,1.60
2010.09.15 01:42:17.385,0.9969,0.99715,4.80,3.20
2010.09.15 01:42:18.058,0.99695,0.99715,1.60,3.20
2010.09.15 01:42:18.680,0.99695,0.9971,1.60,2.40
2010.09.15 01:42:19.032,0.9969,0.9971,1.00,19.20
2010.09.15 01:42:19.717,0.9969,0.9971,1.00,13.60
2010.09.15 01:42:20.060,0.9969,0.9971,1.00,17.60
2010.09.15 01:42:20.411,0.99685,0.99705,1.60,1.60
2010.09.15 01:42:29.717,0.9968,0.997,3.20,1.00
2010.09.15 01:42:30.668,0.9968,0.997,3.20,1.00
2010.09.15 01:42:31.037,0.9968,0.997,2.40,4.00
2010.09.15 01:42:31.388,0.9968,0.997,2.40,5.60
2010.09.15 01:42:32.554,0.9968,0.997,1.00,5.60
2010.09.15 01:42:34.013,0.9968,0.997,1.00,3.20
2010.09.15 01:42:34.709,0.9968,0.997,1.60,3.20
2010.09.15 01:42:35.688,0.9968,0.997,1.60,2.40
2010.09.15 01:42:36.944,0.9968,0.997,3.20,2.40
2010.09.15 01:42:38.252,0.9968,0.997,1.60,2.40
2010.09.15 01:42:39.211,0.9968,0.997,1.00,3.20
2010.09.15 01:42:40.038,0.9968,0.99695,1.00,1.00
2010.09.15 01:42:43.390,0.99675,0.99695,3.20,1.00
2010.09.15 01:42:43.557,0.99675,0.99695,3.20,2.40
2010.09.15 01:42:46.085,0.9968,0.99695,1.00,1.60
2010.09.15 01:42:48.856,0.99675,0.99695,1.60,3.20
2010.09.15 01:42:49.105,0.99675,0.99695,3.20,1.60
2010.09.15 01:42:49.788,0.99675,0.99695,5.60,1.60
2010.09.15 01:42:50.535,0.99675,0.997,5.60,16.80
2010.09.15 01:42:50.894,0.9968,0.997,1.00,11.20
2010.09.15 01:42:51.242,0.9968,0.997,1.60,16.80
2010.09.15 01:42:52.018,0.9968,0.997,1.60,8.80
2010.09.15 01:42:52.368,0.9968,0.997,1.60,16.80
2010.09.15 01:42:53.617,0.9968,0.997,1.60,14.40
2010.09.15 01:42:53.878,0.9968,0.997,1.60,3.20
2010.09.15 01:42:57.124,0.9968,0.997,3.20,3.20
2010.09.15 01:42:59.858,0.9968,0.997,4.00,3.20
2010.09.15 01:43:00.999,0.9968,0.997,3.20,3.20
2010.09.15 01:43:07.192,0.9968,0.997,4.00,3.20
2010.09.15 01:43:09.834,0.9968,0.997,4.00,2.40
2010.09.15 01:43:11.250,0.99685,0.997,1.00,2.40
2010.09.15 01:43:11.565,0.9969,0.997,1.00,1.60
2010.09.15 01:43:12.232,0.9969,0.997,1.60,1.60
2010.09.15 01:43:15.336,0.99695,0.99705,1.00,1.60
2010.09.15 01:43:15.696,0.997,0.99705,1.60,1.60
2010.09.15 01:43:16.138,0.997,0.99705,1.60,1.60
2010.09.15 01:43:16.511,0.9971,0.9972,1.00,1.60
2010.09.15 01:43:17.589,0.99705,0.9972,1.60,1.60
2010.09.15 01:43:17.930,0.99705,0.9972,1.00,1.60
2010.09.15 01:43:18.796,0.997,0.9972,3.20,2.40
2010.09.15 01:43:20.481,0.99705,0.9972,1.00,1.60
2010.09.15 01:43:21.927,0.99705,0.9972,1.60,1.60
2010.09.15 01:43:23.540,0.9971,0.9972,1.60,1.60
2010.09.15 01:43:25.850,0.9971,0.99725,1.60,4.00
2010.09.15 01:43:26.132,0.99715,0.99725,1.00,1.60
2010.09.15 01:43:26.607,0.99715,0.9973,1.00,5.60
2010.09.15 01:43:26.950,0.9972,0.9974,1.00,4.00
2010.09.15 01:43:27.293,0.9972,0.99735,1.00,1.60
2010.09.15 01:43:28.281,0.9972,0.9974,1.00,1.60
2010.09.15 01:43:28.603,0.99725,0.99745,1.60,8.80
2010.09.15 01:43:29.343,0.99725,0.9974,1.60,1.00
2010.09.15 01:43:30.082,0.9972,0.9974,3.20,1.00
2010.09.15 01:43:30.429,0.9972,0.9974,5.60,1.00
2010.09.15 01:43:30.780,0.9972,0.9974,5.60,1.60
2010.09.15 01:43:31.221,0.9972,0.9974,3.20,4.00
2010.09.15 01:43:31.574,0.9972,0.9974,2.40,1.60
2010.09.15 01:43:32.797,0.99725,0.99745,2.40,11.20
2010.09.15 01:43:33.122,0.9973,0.99745,1.00,2.40
2010.09.15 01:43:33.794,0.9973,0.99745,2.40,1.00
2010.09.15 01:43:34.122,0.9973,0.9975,2.40,33.60
2010.09.15 01:43:34.452,0.9973,0.9975,2.40,28.00
2010.09.15 01:43:35.169,0.9973,0.9975,1.00,24.80
2010.09.15 01:43:35.450,0.9973,0.9975,1.00,36.00
2010.09.15 01:43:36.533,0.9973,0.9975,1.00,20.00
2010.09.15 01:43:36.879,0.9973,0.9975,2.40,20.00
2010.09.15 01:43:37.733,0.9973,0.9975,1.00,22.40
2010.09.15 01:43:39.044,0.9973,0.9975,1.00,28.00
2010.09.15 01:43:39.349,0.9973,0.9975,1.00,30.40
2010.09.15 01:43:40.044,0.9973,0.9975,1.00,24.80
2010.09.15 01:43:40.393,0.9973,0.9975,1.00,22.40
2010.09.15 01:43:41.702,0.9973,0.9975,1.00,30.40
2010.09.15 01:43:43.524,0.9974,0.9975,1.00,7.20
2010.09.15 01:43:44.295,0.99755,0.99765,1.60,3.20
2010.09.15 01:43:44.727,0.99755,0.99765,1.60,1.60
2010.09.15 01:43:45.643,0.99755,0.9977,1.60,1.60
2010.09.15 01:43:45.910,0.99755,0.99765,1.00,1.60
2010.09.15 01:43:46.798,0.99755,0.99775,1.00,1.60
2010.09.15 01:43:47.876,0.9976,0.9978,1.60,6.00
2010.09.15 01:43:48.070,0.9976,0.9978,1.60,4.80
2010.09.15 01:43:48.259,0.9976,0.9978,1.60,12.80
2010.09.15 01:43:48.443,0.9976,0.99775,1.00,13.00
2010.09.15 01:43:49.034,0.9974,0.99755,3.20,8.25
2010.09.15 01:43:49.385,0.9973,0.99755,3.20,15.40
2010.09.15 01:43:50.100,0.99725,0.9974,1.80,1.00
2010.09.15 01:43:50.401,0.9972,0.9974,3.20,1.00
2010.09.15 01:43:51.370,0.9972,0.9974,2.40,1.00
2010.09.15 01:43:51.657,0.9972,0.9974,3.30,1.00
2010.09.15 01:43:53.562,0.9972,0.9974,3.30,1.60
2010.09.15 01:43:53.885,0.9972,0.9974,3.40,16.00
2010.09.15 01:43:54.193,0.9972,0.9974,1.00,7.20
2010.09.15 01:43:54.501,0.99715,0.99735,5.60,1.60
2010.09.15 01:43:55.460,0.9972,0.99735,1.60,1.60
2010.09.15 01:43:55.766,0.9972,0.9974,2.40,3.20
2010.09.15 01:43:56.471,0.9972,0.9974,2.40,5.60
2010.09.15 01:43:56.784,0.9972,0.9974,2.40,3.20
2010.09.15 01:43:57.051,0.9972,0.9974,4.80,3.20
2010.09.15 01:43:57.702,0.9972,0.9974,2.40,1.60
2010.09.15 01:44:01.701,0.9972,0.99735,1.60,1.00
2010.09.15 01:44:02.015,0.9972,0.99735,1.60,1.60
2010.09.15 01:44:03.294,0.9972,0.99735,2.40,1.60
2010.09.15 01:44:03.646,0.9972,0.99735,1.60,1.60
2010.09.15 01:44:04.383,0.9972,0.9974,5.60,1.00
2010.09.15 01:44:05.748,0.9972,0.9974,4.80,1.60
2010.09.15 01:44:06.032,0.9972,0.9974,4.00,1.60
2010.09.15 01:44:06.308,0.9972,0.99735,4.00,1.00
2010.09.15 01:44:06.753,0.9972,0.9974,4.00,1.60
2010.09.15 01:44:07.126,0.9972,0.9974,4.80,1.60
2010.09.15 01:44:08.256,0.9972,0.99735,4.00,1.00
2010.09.15 01:44:09.657,0.9972,0.9974,5.60,1.60
2010.09.15 01:44:09.914,0.9972,0.9974,6.40,1.00
2010.09.15 01:44:12.280,0.9972,0.9974,5.60,1.60
2010.09.15 01:44:13.351,0.9972,0.99735,4.00,1.00
2010.09.15 01:44:14.802,0.9972,0.99735,4.80,1.00
2010.09.15 01:44:15.067,0.9972,0.99735,6.40,1.00
2010.09.15 01:44:15.338,0.9972,0.9974,7.20,1.60
2010.09.15 01:44:15.983,0.9972,0.9974,8.00,1.60
2010.09.15 01:44:17.447,0.9972,0.9974,8.00,1.00
2010.09.15 01:44:17.798,0.9972,0.99745,8.00,3.20
2010.09.15 01:44:19.944,0.99725,0.99745,1.00,1.60
2010.09.15 01:44:20.287,0.99725,0.99745,2.40,1.60
2010.09.15 01:44:20.991,0.99725,0.9974,2.40,1.00
2010.09.15 01:44:22.315,0.99725,0.9975,3.20,5.60
2010.09.15 01:44:22.668,0.99725,0.99745,3.20,1.60
2010.09.15 01:44:23.011,0.99725,0.99745,3.20,15.20
2010.09.15 01:44:23.749,0.99725,0.99745,3.20,3.20
2010.09.15 01:44:24.102,0.99725,0.99745,4.00,2.40
2010.09.15 01:44:24.857,0.99725,0.99745,3.60,3.20
2010.09.15 01:44:25.179,0.99725,0.99745,3.20,3.20
2010.09.15 01:44:25.488,0.99725,0.99745,4.40,3.20
2010.09.15 01:44:26.195,0.9973,0.99745,1.60,1.60
2010.09.15 01:44:26.557,0.9973,0.9975,1.00,8.80
2010.09.15 01:44:26.783,0.9973,0.9975,1.00,3.20
2010.09.15 01:44:28.024,0.9973,0.9975,1.60,5.60
2010.09.15 01:44:32.484,0.9973,0.9975,1.00,5.60
2010.09.15 01:44:32.925,0.9973,0.9975,1.60,5.60
2010.09.15 01:44:33.934,0.9973,0.9975,1.00,5.60
2010.09.15 01:44:34.245,0.9973,0.9975,1.00,16.80
2010.09.15 01:44:34.989,0.99725,0.9975,5.60,16.80
2010.09.15 01:44:39.303,0.99725,0.99745,5.60,1.00
2010.09.15 01:44:41.643,0.99725,0.9975,5.60,3.20
2010.09.15 01:44:41.964,0.99725,0.9975,5.60,11.20
2010.09.15 01:44:42.267,0.99725,0.99745,5.60,1.60
2010.09.15 01:44:43.617,0.99725,0.99745,5.60,1.00
2010.09.15 01:44:43.964,0.99725,0.9974,1.60,1.60
2010.09.15 01:44:44.721,0.99725,0.9974,1.60,1.60
2010.09.15 01:44:45.835,0.99725,0.9974,1.60,1.00
2010.09.15 01:44:47.261,0.99725,0.9974,1.60,1.60
2010.09.15 01:44:47.488,0.99725,0.9974,4.00,1.60
2010.09.15 01:44:47.720,0.99725,0.99745,1.60,16.80
2010.09.15 01:44:48.334,0.99725,0.9974,1.60,1.60
2010.09.15 01:44:54.470,0.9972,0.99735,1.60,1.60
2010.09.15 01:44:57.465,0.9972,0.9974,4.80,11.20
2010.09.15 01:44:58.078,0.9972,0.9974,4.00,8.80
2010.09.15 01:44:58.450,0.9972,0.9974,4.00,1.60
2010.09.15 01:44:59.559,0.9972,0.9974,1.60,9.60
2010.09.15 01:44:59.913,0.9972,0.99735,1.60,1.00
2010.09.15 01:45:00.668,0.9972,0.9974,4.00,11.20
2010.09.15 01:45:01.019,0.9972,0.9974,4.00,1.60
2010.09.15 01:45:02.114,0.9972,0.99735,1.60,1.60
2010.09.15 01:45:02.448,0.9972,0.99735,3.20,1.60
2010.09.15 01:45:06.357,0.99715,0.99725,1.60,1.60
2010.09.15 01:45:06.650,0.9971,0.99725,1.60,1.60
2010.09.15 01:45:07.417,0.99705,0.99725,1.00,1.60
2010.09.15 01:45:08.124,0.99705,0.99725,1.00,1.60
2010.09.15 01:45:08.792,0.99705,0.99725,1.00,1.60
2010.09.15 01:45:09.102,0.99705,0.99725,1.00,1.60
2010.09.15 01:45:10.543,0.99705,0.99725,6.40,1.00
2010.09.15 01:45:10.784,0.99705,0.99725,4.80,1.60
2010.09.15 01:45:11.196,0.99705,0.99725,4.80,2.40
2010.09.15 01:45:11.445,0.99705,0.99725,3.20,3.20
2010.09.15 01:45:11.794,0.99705,0.99725,4.80,3.20
2010.09.15 01:45:12.564,0.9971,0.99725,1.00,3.20
2010.09.15 01:45:12.857,0.9971,0.9973,4.00,2.40
2010.09.15 01:45:13.569,0.9971,0.9973,4.80,2.40
2010.09.15 01:45:13.926,0.9971,0.99725,1.60,1.70
2010.09.15 01:45:15.378,0.9971,0.9973,2.40,5.60
2010.09.15 01:45:16.129,0.9971,0.9973,4.80,3.20
2010.09.15 01:45:16.442,0.9971,0.99725,4.80,1.00
2010.09.15 01:45:16.741,0.9971,0.9973,5.60,2.40
2010.09.15 01:45:18.983,0.9971,0.9973,5.60,3.20
2010.09.15 01:45:20.637,0.9971,0.9973,5.60,1.60
2010.09.15 01:45:24.631,0.9971,0.9973,5.60,1.60
2010.09.15 01:45:24.931,0.9971,0.9973,1.00,11.20
2010.09.15 01:45:25.193,0.9971,0.9973,1.00,5.60
2010.09.15 01:45:26.130,0.9971,0.9973,1.00,3.20
2010.09.15 01:45:27.555,0.9971,0.99715,1.00,1.00
2010.09.15 01:45:27.892,0.99715,0.99725,1.00,1.20
2010.09.15 01:45:28.576,0.9972,0.9973,1.00,1.00
2010.09.15 01:45:28.876,0.99715,0.9973,1.60,1.00
2010.09.15 01:45:30.444,0.99715,0.9973,1.60,1.60
2010.09.15 01:45:31.916,0.99705,0.9973,7.20,3.20
2010.09.15 01:45:33.387,0.99705,0.99725,7.20,1.00
2010.09.15 01:45:33.752,0.99705,0.99725,5.60,1.60
2010.09.15 01:45:34.859,0.99705,0.99725,7.20,1.60
2010.09.15 01:45:36.645,0.99705,0.9973,7.20,3.20
2010.09.15 01:45:37.241,0.99705,0.99725,7.20,1.00
2010.09.15 01:45:37.586,0.99705,0.99725,7.20,1.60
2010.09.15 01:45:39.277,0.99705,0.99725,6.40,1.60
2010.09.15 01:45:43.555,0.9971,0.99725,1.60,1.60
2010.09.15 01:46:00.129,0.99705,0.9972,1.60,1.60
2010.09.15 01:46:01.240,0.997,0.9972,1.00,9.60
2010.09.15 01:46:01.560,0.997,0.9971,1.60,1.00
2010.09.15 01:46:02.079,0.997,0.99715,1.60,12.80
2010.09.15 01:46:02.435,0.997,0.9971,1.60,1.60
2010.09.15 01:46:04.227,0.99695,0.9971,1.60,1.60
2010.09.15 01:46:04.747,0.9969,0.9971,2.40,1.60
2010.09.15 01:46:04.840,0.9969,0.9971,2.40,1.60
2010.09.15 01:46:05.363,0.9969,0.9971,1.60,1.60
2010.09.15 01:46:06.423,0.99685,0.99705,3.20,1.00
2010.09.15 01:46:06.787,0.99685,0.997,1.60,1.00
2010.09.15 01:46:07.564,0.9968,0.997,5.60,1.00
2010.09.15 01:46:07.917,0.99685,0.99705,2.40,3.20
2010.09.15 01:46:09.058,0.9969,0.99705,1.00,1.60
2010.09.15 01:46:09.415,0.99685,0.99705,4.40,1.60
2010.09.15 01:46:10.039,0.9969,0.9971,2.40,5.60
2010.09.15 01:46:10.371,0.9969,0.9971,1.60,3.20
2010.09.15 01:46:11.799,0.9969,0.9971,2.40,2.40
2010.09.15 01:46:12.879,0.9969,0.9971,6.40,1.60
2010.09.15 01:46:13.236,0.9969,0.9971,6.40,1.00
2010.09.15 01:46:13.656,0.99695,0.99715,1.00,3.20
2010.09.15 01:46:13.980,0.99695,0.99715,1.60,3.20
2010.09.15 01:46:14.642,0.99695,0.99715,1.00,3.20
2010.09.15 01:46:15.053,0.9969,0.9971,7.20,1.00
2010.09.15 01:46:15.425,0.997,0.9972,1.60,3.20
2010.09.15 01:46:15.743,0.997,0.9972,2.40,3.20
2010.09.15 01:46:18.781,0.997,0.9972,2.40,2.40
2010.09.15 01:46:19.084,0.997,0.9972,17.60,2.40
2010.09.15 01:46:19.380,0.99705,0.9972,1.00,2.40
2010.09.15 01:46:19.812,0.99705,0.9972,2.00,1.60
2010.09.15 01:46:20.175,0.99705,0.9973,4.00,5.60
2010.09.15 01:46:20.830,0.99705,0.9973,4.80,5.60
2010.09.15 01:46:21.178,0.9971,0.9973,1.00,3.20
2010.09.15 01:46:25.787,0.99705,0.9973,7.20,3.20
2010.09.15 01:46:27.207,0.9971,0.9973,1.00,3.20
2010.09.15 01:46:28.750,0.9971,0.9973,1.60,3.20
2010.09.15 01:46:29.328,0.9971,0.9973,1.00,3.20
2010.09.15 01:46:30.378,0.9971,0.9973,1.60,3.20
2010.09.15 01:46:31.543,0.99705,0.9972,2.40,1.60
2010.09.15 01:46:31.840,0.997,0.9972,6.40,4.00
2010.09.15 01:46:32.317,0.997,0.9972,7.20,3.20
2010.09.15 01:46:32.686,0.99705,0.9972,1.60,1.60
2010.09.15 01:46:34.874,0.9971,0.9972,1.00,1.60
2010.09.15 01:46:35.232,0.9971,0.99725,1.00,1.60
2010.09.15 01:46:36.660,0.99705,0.99725,1.60,2.40
2010.09.15 01:46:36.941,0.99705,0.99725,1.60,3.20
2010.09.15 01:46:37.627,0.99705,0.99725,1.00,3.20
2010.09.15 01:46:39.535,0.99705,0.99725,1.60,2.40
2010.09.15 01:46:43.238,0.99705,0.99725,1.60,1.60
2010.09.15 01:46:45.142,0.99705,0.99725,1.60,3.20
2010.09.15 01:46:49.719,0.99705,0.99725,1.60,1.60
2010.09.15 01:46:50.697,0.99705,0.99725,1.60,2.40
2010.09.15 01:46:51.382,0.99705,0.99725,1.60,3.20
2010.09.15 01:46:55.054,0.99705,0.99725,1.60,1.60
2010.09.15 01:47:04.476,0.99705,0.99725,1.60,3.20
2010.09.15 01:47:06.375,0.99705,0.99725,1.60,1.60
2010.09.15 01:47:13.942,0.99705,0.99725,3.20,1.60
2010.09.15 01:47:15.047,0.99705,0.99725,4.00,1.60
2010.09.15 01:47:15.303,0.99715,0.99735,1.00,8.80
2010.09.15 01:47:15.554,0.99715,0.99735,1.00,6.40
2010.09.15 01:47:16.241,0.99715,0.99735,1.00,7.20
2010.09.15 01:47:17.267,0.9972,0.99735,1.00,6.40
2010.09.15 01:47:17.812,0.9972,0.99735,1.00,6.40
2010.09.15 01:47:18.001,0.9972,0.99735,1.60,1.60
2010.09.15 01:47:22.648,0.9972,0.99735,2.40,1.00
2010.09.15 01:47:23.153,0.99725,0.99735,1.00,1.00
2010.09.15 01:47:23.519,0.9972,0.9974,4.80,1.60
2010.09.15 01:47:24.278,0.99725,0.9974,1.60,1.60
2010.09.15 01:47:26.928,0.9972,0.9973,1.60,1.00
2010.09.15 01:47:28.006,0.9972,0.99735,1.60,4.00
2010.09.15 01:47:28.798,0.9972,0.99735,1.60,9.60
2010.09.15 01:47:29.155,0.9972,0.99735,1.60,1.60
2010.09.15 01:47:30.602,0.99725,0.9974,1.00,1.60
2010.09.15 01:47:31.379,0.9972,0.99735,1.60,1.60
2010.09.15 01:47:31.732,0.99725,0.99735,1.00,1.00
2010.09.15 01:47:32.142,0.9972,0.99735,1.60,1.00
2010.09.15 01:47:32.512,0.99725,0.99745,1.00,3.20
2010.09.15 01:47:33.243,0.99725,0.9974,1.60,1.00
2010.09.15 01:47:33.595,0.9973,0.99745,1.00,3.20
2010.09.15 01:47:33.931,0.9973,0.9974,1.00,1.00
2010.09.15 01:47:34.663,0.9973,0.9974,1.00,1.60
2010.09.15 01:47:36.075,0.9973,0.9974,1.00,1.00
2010.09.15 01:47:36.672,0.9973,0.9974,1.00,1.60
2010.09.15 01:47:37.117,0.99725,0.9974,1.60,1.60
2010.09.15 01:47:37.475,0.99725,0.99735,1.60,1.00
2010.09.15 01:47:37.821,0.9973,0.99745,1.00,1.60
2010.09.15 01:47:38.371,0.99735,0.99745,1.00,1.60
2010.09.15 01:47:38.700,0.9973,0.9974,1.60,1.00
2010.09.15 01:47:39.197,0.9973,0.9974,1.60,1.60
2010.09.15 01:47:40.505,0.9973,0.9974,1.60,1.00
2010.09.15 01:47:40.775,0.9973,0.9974,2.00,1.60
2010.09.15 01:47:41.536,0.9973,0.9974,1.60,1.60
2010.09.15 01:47:44.303,0.99725,0.9973,1.60,1.00
2010.09.15 01:47:44.889,0.9972,0.99725,1.60,1.00
2010.09.15 01:47:45.244,0.9971,0.99735,3.20,1.60
2010.09.15 01:47:45.719,0.99715,0.99735,1.00,1.60
2010.09.15 01:47:46.071,0.99715,0.99735,2.50,1.00
2010.09.15 01:47:46.866,0.9972,0.9974,1.00,1.60
2010.09.15 01:47:47.226,0.9972,0.9974,2.40,1.60
2010.09.15 01:47:47.999,0.9972,0.9974,1.60,3.20
2010.09.15 01:47:48.355,0.9972,0.99735,1.60,1.00
2010.09.15 01:47:48.785,0.9972,0.99735,1.60,1.60
2010.09.15 01:47:49.163,0.9972,0.9974,1.60,3.20
2010.09.15 01:47:49.428,0.9971,0.99735,8.80,1.60
2010.09.15 01:47:49.936,0.9971,0.99735,8.80,1.60
2010.09.15 01:47:50.216,0.99715,0.99735,1.60,1.60
2010.09.15 01:47:50.954,0.99715,0.99735,3.20,2.40
2010.09.15 01:47:51.321,0.99715,0.99735,3.20,3.20
2010.09.15 01:47:52.403,0.99715,0.99735,3.20,1.60
2010.09.15 01:47:53.451,0.9972,0.99735,1.00,1.60
2010.09.15 01:47:54.843,0.9972,0.99735,1.20,1.60
2010.09.15 01:47:55.154,0.9972,0.99735,1.00,1.60
2010.09.15 01:47:58.122,0.9972,0.99735,4.80,1.60
2010.09.15 01:47:58.571,0.9972,0.9974,4.80,3.20
2010.09.15 01:47:58.857,0.9973,0.9974,1.00,3.20
2010.09.15 01:47:59.546,0.99735,0.9975,2.80,2.40
2010.09.15 01:47:59.903,0.99735,0.99755,3.60,1.60
2010.09.15 01:48:02.061,0.99735,0.9975,1.00,1.60
2010.09.15 01:48:02.414,0.99735,0.9975,1.00,16.80
2010.09.15 01:48:02.760,0.9973,0.99745,2.00,1.60
2010.09.15 01:48:03.504,0.9973,0.99745,1.00,1.00
2010.09.15 01:48:06.094,0.9973,0.99745,1.00,1.60
2010.09.15 01:48:06.323,0.99725,0.99745,2.40,1.60
2010.09.15 01:48:06.760,0.99725,0.99745,5.60,1.00
2010.09.15 01:48:07.123,0.9973,0.99745,1.60,1.00
2010.09.15 01:48:08.634,0.99725,0.99745,3.20,1.00
2010.09.15 01:48:09.065,0.99725,0.99745,1.60,1.60
2010.09.15 01:48:09.430,0.99725,0.9974,1.60,1.60
2010.09.15 01:48:09.785,0.9972,0.99735,1.60,1.00
2010.09.15 01:48:10.526,0.9972,0.99745,5.60,3.20
2010.09.15 01:48:11.243,0.99725,0.99745,1.00,3.20
2010.09.15 01:48:11.544,0.99725,0.99745,1.60,3.20
2010.09.15 01:48:12.328,0.99725,0.9974,1.60,1.60
2010.09.15 01:48:12.685,0.9972,0.9974,4.00,1.60
2010.09.15 01:48:13.448,0.9972,0.9974,6.40,1.00
2010.09.15 01:48:15.067,0.99725,0.9974,2.40,1.00
2010.09.15 01:48:15.522,0.99725,0.99745,1.60,1.60
2010.09.15 01:48:15.741,0.9972,0.9974,4.00,1.00
2010.09.15 01:48:16.817,0.9973,0.9975,1.60,1.60
2010.09.15 01:48:17.069,0.9973,0.9975,3.20,4.00
2010.09.15 01:48:17.712,0.9973,0.9975,1.60,12.00
2010.09.15 01:48:17.957,0.9973,0.99755,4.00,4.00
2010.09.15 01:48:18.315,0.99735,0.99755,1.60,5.60
2010.09.15 01:48:19.143,0.99735,0.99755,1.60,4.80
2010.09.15 01:48:20.629,0.9974,0.99755,1.00,4.00
2010.09.15 01:48:21.397,0.9974,0.9976,1.60,19.20
2010.09.15 01:48:21.750,0.9974,0.9976,1.60,12.80
2010.09.15 01:48:22.512,0.9974,0.9976,3.20,9.60
2010.09.15 01:48:22.860,0.99745,0.9976,1.60,12.00
2010.09.15 01:48:23.664,0.9974,0.9976,3.20,13.60
2010.09.15 01:48:25.097,0.99735,0.99755,3.20,1.60
2010.09.15 01:48:26.176,0.99745,0.9976,1.00,11.20
2010.09.15 01:48:26.521,0.99745,0.99765,3.20,16.80
2010.09.15 01:48:27.056,0.9975,0.99765,1.60,8.00
2010.09.15 01:48:27.397,0.9975,0.9977,2.40,34.40
2010.09.15 01:48:27.733,0.9975,0.9977,1.60,24.80
2010.09.15 01:48:28.472,0.99745,0.99765,1.60,12.00
2010.09.15 01:48:31.394,0.99745,0.99765,3.20,12.10
2010.09.15 01:48:31.736,0.99745,0.99765,1.60,12.00
2010.09.15 01:48:32.787,0.99745,0.99765,1.60,9.60
2010.09.15 01:48:33.894,0.9976,0.99775,1.00,1.60
2010.09.15 01:48:34.644,0.9976,0.99785,1.00,6.50
2010.09.15 01:48:34.999,0.99755,0.9978,1.60,19.20
2010.09.15 01:48:35.355,0.99755,0.9978,3.20,28.30
2010.09.15 01:48:36.101,0.99755,0.99775,1.60,13.70
2010.09.15 01:48:36.464,0.9975,0.9977,1.60,20.80
2010.09.15 01:48:37.404,0.9975,0.99775,1.60,15.80
2010.09.15 01:48:38.468,0.99745,0.99775,3.20,16.20
2010.09.15 01:48:38.841,0.99745,0.99765,3.20,1.00
2010.09.15 01:48:42.684,0.99745,0.99765,3.20,2.40
2010.09.15 01:48:43.030,0.99745,0.99765,3.20,1.60
2010.09.15 01:48:43.699,0.9975,0.99765,1.00,1.60
2010.09.15 01:48:45.093,0.9975,0.9977,1.60,2.40
2010.09.15 01:48:47.846,0.9975,0.99755,1.00,2.80
2010.09.15 01:48:47.986,0.99745,0.99755,1.60,1.00
2010.09.15 01:48:48.343,0.9975,0.99755,1.60,1.00
2010.09.15 01:48:49.131,0.9975,0.9977,1.60,2.40
2010.09.15 01:48:52.576,0.9976,0.99775,1.00,2.40
2010.09.15 01:48:52.770,0.9976,0.9978,1.60,3.20
2010.09.15 01:48:53.356,0.9976,0.99785,1.60,5.60
2010.09.15 01:48:55.247,0.99755,0.99785,3.20,17.80
2010.09.15 01:48:55.385,0.99755,0.99785,3.20,11.40
2010.09.15 01:48:55.830,0.99755,0.9978,3.20,5.60
2010.09.15 01:48:55.980,0.99755,0.9978,3.20,3.20
2010.09.15 01:48:56.471,0.99755,0.9978,2.40,13.60
2010.09.15 01:48:57.316,0.99755,0.99775,2.40,9.60
2010.09.15 01:48:57.643,0.99755,0.9977,1.60,1.60
2010.09.15 01:48:59.233,0.99755,0.99775,2.40,11.20
2010.09.15 01:48:59.869,0.99755,0.9978,2.40,8.00
2010.09.15 01:49:00.206,0.99755,0.9978,3.20,3.20
2010.09.15 01:49:01.402,0.99755,0.9978,3.20,3.20
2010.09.15 01:49:01.648,0.99755,0.9978,3.20,3.20
2010.09.15 01:49:02.529,0.99755,0.9978,2.40,13.60
2010.09.15 01:49:03.694,0.99755,0.99775,3.20,2.40
2010.09.15 01:49:06.584,0.9976,0.99775,1.00,1.60
2010.09.15 01:49:07.156,0.9976,0.99785,1.60,3.40
2010.09.15 01:49:08.210,0.9976,0.99785,1.00,4.20
2010.09.15 01:49:10.695,0.99755,0.99775,3.20,1.60
2010.09.15 01:49:12.844,0.9976,0.99775,1.00,1.00
2010.09.15 01:49:12.905,0.9976,0.9978,1.00,4.10
2010.09.15 01:49:15.982,0.9976,0.99775,1.00,1.60
2010.09.15 01:49:17.015,0.9976,0.99775,1.00,1.60
2010.09.15 01:49:18.109,0.99755,0.99775,3.20,2.40
2010.09.15 01:49:18.468,0.99755,0.99775,3.20,3.20
2010.09.15 01:49:19.888,0.99755,0.9978,3.20,4.80
2010.09.15 01:49:20.238,0.99755,0.9978,3.20,4.80
2010.09.15 01:49:20.985,0.99755,0.9978,5.60,4.80
2010.09.15 01:49:21.331,0.99755,0.99785,3.20,5.80
2010.09.15 01:49:24.726,0.99755,0.99775,3.20,1.60
2010.09.15 01:49:25.473,0.99755,0.9978,3.20,4.80
2010.09.15 01:49:28.819,0.99755,0.9978,3.20,4.80
2010.09.15 01:49:31.553,0.99755,0.99775,3.20,3.20
2010.09.15 01:49:39.111,0.99755,0.99775,3.20,4.80
2010.09.15 01:49:40.058,0.99755,0.99775,3.20,4.90
2010.09.15 01:49:40.456,0.99755,0.99775,1.60,4.90
2010.09.15 01:49:40.724,0.9975,0.9977,3.20,3.20
2010.09.15 01:49:42.031,0.9975,0.9977,3.20,2.40
2010.09.15 01:49:45.041,0.9975,0.99765,1.00,1.60
2010.09.15 01:49:45.312,0.99745,0.9977,13.60,3.20
2010.09.15 01:49:45.957,0.99745,0.9977,5.60,4.80
2010.09.15 01:49:46.315,0.9975,0.9977,1.00,4.80
2010.09.15 01:49:46.999,0.9975,0.99765,1.00,1.60
2010.09.15 01:49:47.763,0.9975,0.9977,1.00,4.80
2010.09.15 01:49:48.105,0.9975,0.99765,1.00,1.60
2010.09.15 01:49:48.797,0.9975,0.9977,1.00,5.60
2010.09.15 01:49:48.962,0.9975,0.9977,1.10,4.80
2010.09.15 01:49:50.423,0.9975,0.9977,1.90,4.00
2010.09.15 01:49:51.268,0.99755,0.9977,1.00,3.20
2010.09.15 01:49:57.625,0.99755,0.9977,1.00,1.60
2010.09.15 01:49:58.745,0.9977,0.9978,2.80,1.60
2010.09.15 01:49:58.923,0.9977,0.9979,4.00,28.10
2010.09.15 01:49:59.101,0.99765,0.99785,1.00,15.20
2010.09.15 01:49:59.593,0.99765,0.99785,3.20,15.20
2010.09.15 01:49:59.783,0.99765,0.9979,2.40,17.20
2010.09.15 01:50:00.132,0.99765,0.9979,4.00,4.80
2010.09.15 01:50:03.805,0.99765,0.99785,5.20,4.80
2010.09.15 01:50:04.276,0.99765,0.9979,6.40,4.80
2010.09.15 01:50:04.530,0.99765,0.9979,8.00,4.80
2010.09.15 01:50:05.037,0.99765,0.9979,6.80,4.80
2010.09.15 01:50:05.618,0.99765,0.9979,5.60,4.80
2010.09.15 01:50:06.131,0.9977,0.9979,1.00,4.80
2010.09.15 01:50:07.833,0.9977,0.99795,1.00,4.80
2010.09.15 01:50:08.520,0.9977,0.99795,1.60,4.80
2010.09.15 01:50:09.120,0.9977,0.9979,3.20,4.80
2010.09.15 01:50:09.890,0.9977,0.99795,8.40,4.80
2010.09.15 01:50:11.374,0.9977,0.99795,3.20,4.80
2010.09.15 01:50:11.653,0.9977,0.99795,1.60,4.80
2010.09.15 01:50:12.368,0.9977,0.9979,1.60,4.80
2010.09.15 01:50:13.765,0.9977,0.99785,1.60,1.00
2010.09.15 01:50:14.102,0.9977,0.99785,1.60,2.40
2010.09.15 01:50:14.801,0.9977,0.99785,1.60,2.40
2010.09.15 01:50:15.157,0.99765,0.99785,5.60,2.40
2010.09.15 01:50:16.242,0.99765,0.9979,5.60,4.80
2010.09.15 01:50:16.944,0.99765,0.9979,5.60,4.80
2010.09.15 01:50:18.676,0.99765,0.9979,8.00,4.80
2010.09.15 01:50:19.006,0.99765,0.9979,9.60,3.20
2010.09.15 01:50:19.267,0.9977,0.9979,1.60,3.20
2010.09.15 01:50:19.530,0.99765,0.9979,9.60,3.20
2010.09.15 01:50:20.837,0.9977,0.9979,1.00,3.20
2010.09.15 01:50:24.965,0.9977,0.9979,3.20,1.00
2010.09.15 01:50:25.599,0.99775,0.99795,1.00,3.20
2010.09.15 01:50:26.978,0.99775,0.99795,1.60,3.20
2010.09.15 01:50:27.332,0.99775,0.99795,1.60,1.60
2010.09.15 01:50:27.814,0.99775,0.99795,3.20,1.60
2010.09.15 01:50:28.164,0.9978,0.998,1.00,5.60
2010.09.15 01:50:28.893,0.9978,0.998,1.60,3.20
2010.09.15 01:50:29.250,0.99775,0.99785,1.60,1.00
2010.09.15 01:50:30.005,0.99765,0.99785,3.20,1.00
2010.09.15 01:50:30.352,0.99765,0.9978,3.20,1.60
2010.09.15 01:50:32.554,0.9977,0.9978,1.00,1.60
2010.09.15 01:50:33.250,0.99765,0.9978,3.20,1.60
2010.09.15 01:50:34.330,0.99765,0.9978,1.60,1.60
2010.09.15 01:50:35.675,0.99765,0.9978,1.00,1.60
2010.09.15 01:50:35.882,0.99765,0.99785,2.40,4.50
2010.09.15 01:50:37.696,0.99765,0.9978,2.40,1.60
2010.09.15 01:50:37.920,0.9977,0.9978,1.00,1.60
2010.09.15 01:50:38.429,0.9977,0.99785,1.00,2.60
2010.09.15 01:50:38.549,0.99775,0.9979,1.00,1.60
2010.09.15 01:50:39.506,0.99775,0.99795,1.60,18.00
2010.09.15 01:50:40.248,0.99775,0.99795,1.00,18.00
2010.09.15 01:50:40.618,0.99775,0.99785,1.00,1.00
2010.09.15 01:50:41.376,0.9977,0.99785,4.80,1.00
2010.09.15 01:50:41.736,0.9977,0.9979,3.20,1.60
2010.09.15 01:50:42.090,0.9977,0.9979,3.20,3.20
2010.09.15 01:50:43.096,0.9977,0.99785,2.40,1.00
2010.09.15 01:50:43.959,0.9977,0.99785,1.00,1.00
2010.09.15 01:50:44.546,0.9977,0.9979,3.20,3.60
2010.09.15 01:50:45.338,0.9977,0.99785,3.20,1.00
2010.09.15 01:50:45.695,0.99765,0.99785,3.20,1.00
2010.09.15 01:50:46.448,0.9977,0.99785,1.00,1.00
2010.09.15 01:50:46.806,0.99765,0.9979,3.20,4.00
2010.09.15 01:50:47.586,0.99765,0.99785,7.20,2.50
2010.09.15 01:50:47.935,0.99765,0.99785,7.20,1.60
2010.09.15 01:50:48.659,0.99765,0.99785,7.20,1.60
2010.09.15 01:50:49.024,0.99765,0.9978,3.20,1.60
2010.09.15 01:50:50.630,0.9977,0.9979,1.00,7.20
2010.09.15 01:50:50.984,0.99775,0.99795,1.00,16.20
2010.09.15 01:50:51.663,0.99775,0.99795,4.00,5.80
2010.09.15 01:50:52.322,0.99775,0.99795,5.60,5.80
2010.09.15 01:50:52.684,0.99775,0.99795,7.20,6.00
2010.09.15 01:50:53.033,0.99775,0.99795,3.20,13.30
2010.09.15 01:50:53.798,0.9977,0.9979,3.20,1.00
2010.09.15 01:50:54.151,0.9977,0.99795,4.80,16.50
2010.09.15 01:50:54.868,0.99775,0.9979,1.00,1.00
2010.09.15 01:50:55.225,0.99775,0.9979,2.40,1.00
2010.09.15 01:50:55.560,0.9977,0.99785,7.20,1.00
2010.09.15 01:50:55.972,0.9977,0.99785,4.80,1.00
2010.09.15 01:50:56.322,0.9977,0.99785,1.00,2.10
2010.09.15 01:50:56.642,0.9977,0.99785,1.00,3.60
2010.09.15 01:50:57.713,0.9977,0.99785,1.60,1.00
2010.09.15 01:50:58.061,0.9977,0.99785,1.60,1.00
2010.09.15 01:50:58.792,0.9977,0.99785,2.40,1.00
2010.09.15 01:50:59.143,0.99765,0.99785,7.20,1.60
2010.09.15 01:50:59.489,0.99765,0.99785,3.20,3.20
2010.09.15 01:50:59.891,0.99765,0.9978,3.20,1.60
2010.09.15 01:51:00.834,0.99765,0.99785,3.20,2.60
2010.09.15 01:51:01.291,0.9977,0.99785,1.60,1.80
2010.09.15 01:51:01.554,0.99775,0.9979,1.60,1.00
2010.09.15 01:51:01.901,0.99775,0.99795,1.60,8.40
2010.09.15 01:51:02.832,0.9977,0.9979,4.40,4.40
2010.09.15 01:51:03.181,0.99775,0.99795,4.40,8.10
2010.09.15 01:51:03.951,0.99775,0.99795,1.60,8.10
2010.09.15 01:51:04.287,0.99775,0.99795,2.80,8.10
2010.09.15 01:51:05.412,0.99775,0.99795,2.80,9.70
2010.09.15 01:51:06.159,0.99775,0.99795,2.80,8.40
2010.09.15 01:51:06.517,0.99775,0.9979,1.20,1.60
2010.09.15 01:51:06.867,0.99775,0.9979,1.60,1.60
2010.09.15 01:51:08.130,0.99775,0.9979,1.70,1.60
2010.09.15 01:51:09.412,0.99775,0.9979,1.60,1.60
2010.09.15 01:51:09.759,0.99775,0.9979,3.20,1.60
2010.09.15 01:51:10.498,0.99775,0.9979,1.60,1.60
2010.09.15 01:51:11.861,0.99775,0.9979,3.20,1.60
2010.09.15 01:51:12.057,0.99775,0.9979,4.40,1.60
2010.09.15 01:51:12.411,0.9978,0.99795,1.60,2.40
2010.09.15 01:51:15.028,0.99785,0.998,1.60,1.00
2010.09.15 01:51:16.128,0.99785,0.998,1.60,2.40
2010.09.15 01:51:16.722,0.99785,0.998,2.80,2.40
2010.09.15 01:51:17.014,0.99785,0.998,2.80,1.00
2010.09.15 01:51:17.672,0.99785,0.998,1.60,1.00
2010.09.15 01:51:18.910,0.99785,0.998,2.80,1.00
2010.09.15 01:51:21.133,0.99785,0.998,5.20,1.00
2010.09.15 01:51:21.819,0.99785,0.99805,8.40,3.20
2010.09.15 01:51:22.612,0.99785,0.99805,4.40,3.20
2010.09.15 01:51:23.312,0.99785,0.99805,2.80,4.80
2010.09.15 01:51:24.904,0.99785,0.99805,3.20,4.80
2010.09.15 01:51:25.249,0.99785,0.99805,4.40,4.80
2010.09.15 01:51:26.435,0.99785,0.99805,3.20,4.80
2010.09.15 01:51:27.680,0.99785,0.99805,4.40,4.80
2010.09.15 01:51:28.046,0.99785,0.99805,3.20,4.80
2010.09.15 01:51:28.652,0.99785,0.99805,4.40,4.80
2010.09.15 01:51:29.006,0.99785,0.99805,5.60,2.40
2010.09.15 01:51:29.356,0.9979,0.99805,3.60,2.40
2010.09.15 01:51:30.100,0.99785,0.99805,8.40,2.40
2010.09.15 01:51:31.582,0.9979,0.99805,1.20,2.40
2010.09.15 01:51:33.351,0.9979,0.99805,3.60,2.40
2010.09.15 01:51:33.567,0.9979,0.99805,4.40,1.60
2010.09.15 01:51:33.997,0.9979,0.99805,6.00,1.60
2010.09.15 01:51:36.344,0.9979,0.99805,1.00,1.60
2010.09.15 01:51:36.947,0.9979,0.99805,2.00,1.60
2010.09.15 01:51:40.093,0.99785,0.99805,8.40,2.40
2010.09.15 01:51:44.704,0.99785,0.99805,8.40,2.40
2010.09.15 01:51:44.949,0.99785,0.99805,8.40,2.40
2010.09.15 01:51:45.204,0.9979,0.9981,5.20,19.20
2010.09.15 01:51:45.376,0.99795,0.9981,1.60,4.80
2010.09.15 01:51:45.540,0.99795,0.99815,4.00,1.60
2010.09.15 01:51:46.216,0.998,0.99815,3.20,1.60
2010.09.15 01:51:46.565,0.998,0.99815,1.60,1.60
2010.09.15 01:51:47.268,0.998,0.99815,1.60,1.60
2010.09.15 01:51:51.608,0.998,0.99815,3.20,1.60
2010.09.15 01:51:52.181,0.998,0.99815,1.60,1.60
2010.09.15 01:51:52.668,0.998,0.99815,3.20,1.60
2010.09.15 01:51:53.146,0.998,0.99815,3.60,1.60
2010.09.15 01:51:53.498,0.998,0.99815,2.00,1.00
2010.09.15 01:51:55.157,0.998,0.99815,3.60,1.00
2010.09.15 01:51:56.457,0.998,0.99815,2.00,1.00
2010.09.15 01:51:57.690,0.998,0.99815,1.60,1.60
2010.09.15 01:51:58.042,0.998,0.99815,3.60,1.60
2010.09.15 01:51:58.815,0.998,0.9982,3.60,1.60
2010.09.15 01:51:59.945,0.99805,0.9982,1.60,1.60
2010.09.15 01:52:00.628,0.99805,0.9982,2.40,1.60
2010.09.15 01:52:01.444,0.998,0.9982,3.20,1.60
2010.09.15 01:52:05.369,0.99805,0.9982,1.00,1.60
2010.09.15 01:52:05.605,0.998,0.9982,3.20,1.60
2010.09.15 01:52:05.836,0.99805,0.9982,1.60,1.60
2010.09.15 01:52:06.847,0.99805,0.9982,2.00,1.60
2010.09.15 01:52:07.348,0.99805,0.9982,1.60,1.60
2010.09.15 01:52:09.435,0.99805,0.9982,2.00,1.60
2010.09.15 01:52:10.360,0.99805,0.9982,1.60,1.60
2010.09.15 01:52:10.608,0.99805,0.9982,1.60,1.00
2010.09.15 01:52:12.465,0.99805,0.9982,2.00,1.00
2010.09.15 01:52:13.461,0.99805,0.9982,2.40,1.00
2010.09.15 01:52:16.581,0.99805,0.9982,1.60,1.00
2010.09.15 01:52:19.382,0.99805,0.9982,1.60,1.60
2010.09.15 01:52:20.631,0.99805,0.9982,1.60,1.00
2010.09.15 01:52:22.166,0.99805,0.9982,1.60,1.60
2010.09.15 01:52:24.389,0.998,0.9982,4.00,1.60
2010.09.15 01:52:25.081,0.99805,0.9982,1.60,1.60
2010.09.15 01:52:28.349,0.998,0.9982,6.00,1.60
2010.09.15 01:52:28.591,0.998,0.99815,4.40,11.20
2010.09.15 01:52:29.061,0.998,0.99815,4.40,2.40
2010.09.15 01:52:29.694,0.998,0.9982,4.40,1.60
2010.09.15 01:52:30.215,0.998,0.9982,3.20,1.60
2010.09.15 01:52:31.167,0.99805,0.9982,2.80,1.00
2010.09.15 01:52:31.539,0.99805,0.9982,1.60,5.60
2010.09.15 01:52:32.299,0.998,0.99815,3.20,12.80
2010.09.15 01:52:32.659,0.998,0.99815,3.20,4.00
2010.09.15 01:52:34.036,0.998,0.99815,3.20,4.00
2010.09.15 01:52:34.281,0.998,0.9981,1.60,1.60
2010.09.15 01:52:36.237,0.998,0.9981,1.60,1.00
2010.09.15 01:52:37.140,0.99795,0.9981,3.20,1.00
2010.09.15 01:52:37.496,0.99795,0.9981,3.20,1.60
2010.09.15 01:52:38.249,0.998,0.9981,1.60,1.00
2010.09.15 01:52:41.659,0.998,0.99815,1.60,1.60
2010.09.15 01:52:42.893,0.99795,0.99815,6.80,1.60
2010.09.15 01:52:43.139,0.99795,0.99815,7.60,1.60
2010.09.15 01:52:44.252,0.99795,0.99815,5.20,1.60
2010.09.15 01:52:44.592,0.99795,0.99815,5.60,1.60
2010.09.15 01:52:45.664,0.998,0.99815,1.60,1.60
2010.09.15 01:52:46.299,0.99795,0.99815,5.60,1.60
2010.09.15 01:52:47.782,0.99795,0.99815,5.60,1.60
2010.09.15 01:52:48.058,0.99795,0.99815,8.00,1.60
2010.09.15 01:52:48.334,0.998,0.99815,3.20,1.60
2010.09.15 01:52:49.633,0.998,0.99815,2.40,1.60
2010.09.15 01:52:51.423,0.998,0.99815,2.80,1.60
2010.09.15 01:52:54.569,0.998,0.99815,4.40,1.60
2010.09.15 01:52:55.151,0.998,0.9982,5.20,1.60
2010.09.15 01:52:55.362,0.998,0.9982,4.40,1.60
2010.09.15 01:52:55.683,0.998,0.9982,4.40,1.60
2010.09.15 01:52:56.391,0.998,0.9982,2.80,1.60
2010.09.15 01:52:57.942,0.998,0.99815,1.60,1.60
2010.09.15 01:53:00.122,0.998,0.9981,1.60,1.00
2010.09.15 01:53:01.049,0.998,0.9981,1.60,1.60
2010.09.15 01:53:01.403,0.99795,0.9981,1.60,1.60
2010.09.15 01:53:04.875,0.99795,0.9981,2.80,1.60
2010.09.15 01:53:07.792,0.99795,0.9981,2.80,1.00
2010.09.15 01:53:08.089,0.99795,0.9981,1.60,1.60
2010.09.15 01:53:09.020,0.99795,0.9981,2.80,1.60
2010.09.15 01:53:10.830,0.99795,0.9981,1.60,3.20
2010.09.15 01:53:13.121,0.998,0.99815,1.60,3.20
2010.09.15 01:53:15.701,0.998,0.99815,2.80,3.20
2010.09.15 01:53:17.846,0.998,0.99815,2.80,1.60
2010.09.15 01:53:18.120,0.998,0.99815,2.80,1.00
2010.09.15 01:53:18.967,0.99805,0.99815,1.60,1.00
2010.09.15 01:53:20.092,0.998,0.99815,1.60,3.20
2010.09.15 01:53:22.646,0.998,0.99815,2.80,1.60
2010.09.15 01:53:22.826,0.99805,0.99815,1.60,1.60
2010.09.15 01:53:24.269,0.99805,0.9982,1.60,3.20
2010.09.15 01:53:25.323,0.99805,0.9982,1.20,3.20
2010.09.15 01:53:27.170,0.99805,0.9982,2.80,3.20
2010.09.15 01:53:27.524,0.99805,0.9982,1.60,3.20
2010.09.15 01:53:30.265,0.99805,0.9982,2.80,1.60
2010.09.15 01:53:30.551,0.99805,0.9982,1.60,1.60
2010.09.15 01:53:31.638,0.99805,0.9982,2.80,1.60
2010.09.15 01:53:32.828,0.99805,0.9982,2.80,1.60
2010.09.15 01:53:33.185,0.99805,0.9982,1.60,3.20
2010.09.15 01:53:33.377,0.99805,0.9982,1.60,3.20
2010.09.15 01:53:34.646,0.99805,0.9982,1.60,1.60
2010.09.15 01:53:35.046,0.99805,0.9982,1.60,3.20
2010.09.15 01:53:36.394,0.998,0.9982,3.60,3.20
2010.09.15 01:53:37.799,0.998,0.9982,3.60,1.60
2010.09.15 01:53:37.946,0.998,0.9982,3.60,1.60
2010.09.15 01:53:39.575,0.998,0.9982,3.60,1.60
2010.09.15 01:53:41.559,0.998,0.9982,3.60,3.20
2010.09.15 01:53:42.499,0.998,0.9982,3.60,1.60
2010.09.15 01:53:47.169,0.998,0.9982,2.40,1.60
2010.09.15 01:53:47.431,0.998,0.9982,3.60,1.60
2010.09.15 01:53:51.816,0.998,0.9982,3.60,9.60
2010.09.15 01:53:52.110,0.99795,0.99815,4.50,1.00
2010.09.15 01:53:52.404,0.99795,0.99815,3.20,1.00
2010.09.15 01:53:52.688,0.99795,0.99815,3.20,2.40
2010.09.15 01:53:53.739,0.99795,0.99815,4.40,2.40
2010.09.15 01:53:58.735,0.99795,0.99815,6.00,2.40
2010.09.15 01:53:59.202,0.99795,0.99815,6.00,1.00
2010.09.15 01:53:59.450,0.998,0.9982,2.00,1.60
2010.09.15 01:54:00.363,0.998,0.9982,3.60,1.60
2010.09.15 01:54:00.710,0.99805,0.9982,1.20,1.60
2010.09.15 01:54:01.392,0.99805,0.9982,1.20,1.00
2010.09.15 01:54:01.725,0.998,0.9982,4.40,1.00
2010.09.15 01:54:02.788,0.998,0.9982,4.40,1.00
2010.09.15 01:54:03.140,0.998,0.9982,4.00,1.00
2010.09.15 01:54:03.898,0.99805,0.9982,1.00,1.00
2010.09.15 01:54:06.511,0.99805,0.99825,1.60,3.20
2010.09.15 01:54:06.807,0.99805,0.99825,3.20,3.20
2010.09.15 01:54:09.342,0.99805,0.99825,3.60,3.20
2010.09.15 01:54:09.693,0.9981,0.99825,1.20,3.20
2010.09.15 01:54:10.648,0.9981,0.99825,2.80,3.20
2010.09.15 01:54:14.918,0.99805,0.99825,4.40,3.20
2010.09.15 01:54:15.166,0.99805,0.99825,6.00,3.20
2010.09.15 01:54:16.463,0.99805,0.99825,4.40,3.20
2010.09.15 01:54:18.056,0.99805,0.99825,6.00,3.20
2010.09.15 01:54:19.196,0.99805,0.99825,3.60,3.20
2010.09.15 01:54:19.855,0.99805,0.99825,2.00,3.20
2010.09.15 01:54:20.280,0.9981,0.99825,1.60,3.20
2010.09.15 01:54:26.081,0.9981,0.99825,1.60,3.20
2010.09.15 01:54:28.130,0.9981,0.99825,1.60,3.40
2010.09.15 01:54:30.871,0.99805,0.99825,2.40,5.80
2010.09.15 01:54:31.213,0.99805,0.9982,1.60,1.00
2010.09.15 01:54:32.157,0.99805,0.9982,2.80,1.00
2010.09.15 01:54:34.524,0.99805,0.99825,3.60,4.80
2010.09.15 01:54:34.842,0.99805,0.99825,5.20,3.40
2010.09.15 01:54:35.163,0.9981,0.99825,1.20,3.40
2010.09.15 01:54:39.366,0.99805,0.99825,6.00,3.40
2010.09.15 01:54:50.278,0.99805,0.99825,5.20,3.40
2010.09.15 01:55:00.380,0.99805,0.99825,4.40,3.40
2010.09.15 01:55:01.731,0.99805,0.99825,6.00,3.40
2010.09.15 01:55:13.224,0.99805,0.99825,6.00,3.20
2010.09.15 01:55:16.380,0.9981,0.99825,1.20,3.20
2010.09.15 01:55:21.276,0.9981,0.99825,3.60,1.60
2010.09.15 01:55:24.093,0.9981,0.9983,5.20,1.00
2010.09.15 01:55:24.434,0.99815,0.9983,1.60,1.60
2010.09.15 01:55:25.509,0.99815,0.9983,2.80,1.60
2010.09.15 01:55:27.934,0.99815,0.9983,4.40,1.60
2010.09.15 01:55:29.216,0.99815,0.9983,4.40,1.00
2010.09.15 01:55:29.723,0.99815,0.99835,6.00,15.20
2010.09.15 01:55:29.859,0.9982,0.99835,1.60,4.00
2010.09.15 01:55:30.705,0.9982,0.99835,1.60,1.60
2010.09.15 01:55:31.071,0.9982,0.99835,2.80,1.60
2010.09.15 01:55:32.502,0.9982,0.99835,1.60,1.00
2010.09.15 01:55:32.754,0.9982,0.99835,4.00,1.60
2010.09.15 01:55:33.404,0.9982,0.99835,2.40,1.60
2010.09.15 01:55:34.103,0.9982,0.99835,1.60,1.60
2010.09.15 01:55:34.847,0.99825,0.9984,1.00,5.60
2010.09.15 01:55:35.207,0.99825,0.99845,3.20,1.00
2010.09.15 01:55:35.566,0.99825,0.99845,3.20,5.60
2010.09.15 01:55:36.326,0.99825,0.9984,3.60,1.00
2010.09.15 01:55:36.673,0.9983,0.9984,1.00,1.00
2010.09.15 01:55:37.437,0.99825,0.9984,3.60,1.00
2010.09.15 01:55:38.530,0.99825,0.9984,3.60,1.60
2010.09.15 01:55:39.761,0.99825,0.9984,4.00,1.60
2010.09.15 01:55:40.722,0.9983,0.9984,1.00,1.60
2010.09.15 01:55:41.447,0.9983,0.9984,1.00,1.60
2010.09.15 01:55:41.702,0.9983,0.9984,1.00,1.60
2010.09.15 01:55:45.105,0.99825,0.9984,4.00,1.00
2010.09.15 01:55:45.454,0.9983,0.9984,1.00,1.60
2010.09.15 01:55:46.639,0.9983,0.99845,2.80,9.60
2010.09.15 01:55:46.999,0.9983,0.99845,4.00,4.00
2010.09.15 01:55:47.705,0.99835,0.99845,1.60,15.20
2010.09.15 01:55:48.068,0.99835,0.99845,1.00,1.60
2010.09.15 01:55:48.429,0.99835,0.99845,1.00,12.80
2010.09.15 01:55:49.032,0.99835,0.99845,1.00,1.60
2010.09.15 01:55:49.262,0.99835,0.99845,1.00,1.60
2010.09.15 01:55:49.487,0.99835,0.99845,1.00,7.20
2010.09.15 01:55:49.836,0.99835,0.99845,1.00,9.60
2010.09.15 01:55:51.562,0.9983,0.9984,3.60,1.00
2010.09.15 01:55:51.927,0.99825,0.9984,3.60,1.60
2010.09.15 01:55:52.676,0.99825,0.9984,3.60,1.00
2010.09.15 01:55:53.045,0.9983,0.9984,1.00,1.00
2010.09.15 01:55:53.740,0.9983,0.9984,1.00,1.00
2010.09.15 01:55:54.272,0.99825,0.9984,3.20,1.00
2010.09.15 01:55:54.586,0.99825,0.99835,3.20,1.60
2010.09.15 01:55:55.620,0.99825,0.99835,1.60,1.60
2010.09.15 01:55:56.219,0.99825,0.99835,3.20,1.60
2010.09.15 01:55:56.838,0.99825,0.99835,4.00,1.60
2010.09.15 01:55:57.092,0.99825,0.99835,3.20,1.60
2010.09.15 01:55:58.448,0.99825,0.9984,3.20,1.60
2010.09.15 01:56:00.310,0.99825,0.9984,4.00,1.60
2010.09.15 01:56:00.621,0.99825,0.9984,3.20,1.60
2010.09.15 01:56:02.297,0.99825,0.99835,1.60,1.60
2010.09.15 01:56:02.477,0.99825,0.9984,2.80,1.60
2010.09.15 01:56:02.651,0.99825,0.9984,4.40,1.60
2010.09.15 01:56:03.530,0.99825,0.99835,1.60,1.60
2010.09.15 01:56:06.333,0.99825,0.9984,4.40,1.60
2010.09.15 01:56:11.825,0.9983,0.9984,2.80,1.60
2010.09.15 01:56:12.671,0.9983,0.9984,2.80,1.00
2010.09.15 01:56:13.027,0.9983,0.9984,1.60,1.00
2010.09.15 01:56:14.090,0.9983,0.9984,2.80,1.00
2010.09.15 01:56:18.978,0.9983,0.9984,1.60,1.00
2010.09.15 01:56:19.959,0.9983,0.99845,3.20,1.60
2010.09.15 01:56:21.697,0.99835,0.99845,1.60,1.60
2010.09.15 01:56:22.319,0.9983,0.99845,1.60,1.60
2010.09.15 01:56:23.728,0.99835,0.99845,1.60,1.60
2010.09.15 01:56:24.792,0.9983,0.99845,1.60,1.60
2010.09.15 01:56:25.127,0.9983,0.99845,2.80,1.60
2010.09.15 01:56:26.321,0.9983,0.99845,1.60,1.60
2010.09.15 01:56:27.324,0.9983,0.9984,1.60,1.00
2010.09.15 01:56:27.676,0.99825,0.9984,3.20,1.00
2010.09.15 01:56:28.367,0.99825,0.9984,4.40,1.00
2010.09.15 01:56:29.998,0.9983,0.9984,1.00,1.00
2010.09.15 01:56:30.769,0.99825,0.9984,4.60,1.00
2010.09.15 01:56:31.018,0.99825,0.9984,4.00,1.00
2010.09.15 01:56:31.267,0.9983,0.99845,1.60,4.00
2010.09.15 01:56:31.672,0.9983,0.99845,1.60,9.60
2010.09.15 01:56:31.929,0.99835,0.99845,1.60,4.00
2010.09.15 01:56:32.280,0.99835,0.99845,1.60,1.60
2010.09.15 01:56:33.354,0.9983,0.99845,4.40,1.60
2010.09.15 01:56:33.565,0.9983,0.99845,1.60,1.60
2010.09.15 01:56:35.072,0.9983,0.99845,2.80,1.60
2010.09.15 01:56:35.595,0.99835,0.99845,1.60,1.60
2010.09.15 01:56:36.195,0.9983,0.99845,4.40,1.00
2010.09.15 01:56:36.545,0.99835,0.99845,1.60,1.00
2010.09.15 01:56:37.294,0.9984,0.9985,2.40,8.80
2010.09.15 01:56:37.651,0.99845,0.99855,1.60,1.00
2010.09.15 01:56:40.665,0.9984,0.99855,3.20,1.00
2010.09.15 01:56:40.931,0.9984,0.9986,3.20,10.40
2010.09.15 01:56:41.855,0.9984,0.9986,3.20,11.20
2010.09.15 01:56:42.540,0.9984,0.9986,2.40,12.00
2010.09.15 01:56:42.893,0.9984,0.99855,1.60,1.00
2010.09.15 01:56:43.619,0.9984,0.99855,2.40,1.60
2010.09.15 01:56:43.745,0.99845,0.99855,2.40,1.60
2010.09.15 01:56:43.867,0.99845,0.99855,3.20,1.60
2010.09.15 01:56:43.988,0.99845,0.9986,3.20,1.60
2010.09.15 01:56:44.225,0.9985,0.9986,1.00,1.60
2010.09.15 01:56:45.005,0.9985,0.99865,1.00,1.60
2010.09.15 01:56:46.374,0.9984,0.99865,4.80,3.30
2010.09.15 01:56:46.719,0.99845,0.99865,1.60,3.30
2010.09.15 01:56:51.828,0.99845,0.99865,3.20,3.20
2010.09.15 01:56:53.259,0.99845,0.99865,4.80,1.60
2010.09.15 01:56:53.689,0.99845,0.99865,3.20,1.60
2010.09.15 01:56:53.911,0.99845,0.99865,4.80,1.60
2010.09.15 01:56:54.526,0.9985,0.99865,2.40,1.60
2010.09.15 01:56:54.863,0.99855,0.9987,1.60,4.80
2010.09.15 01:56:55.422,0.9985,0.9986,1.60,1.00
2010.09.15 01:56:55.775,0.9984,0.9986,3.20,1.00
2010.09.15 01:56:56.120,0.99845,0.9986,1.60,2.40
2010.09.15 01:56:56.854,0.9984,0.9986,4.80,2.40
2010.09.15 01:56:57.560,0.9984,0.9986,6.00,2.40
2010.09.15 01:57:02.254,0.9984,0.9986,4.80,2.40
2010.09.15 01:57:02.454,0.9984,0.9986,3.20,5.60
2010.09.15 01:57:03.612,0.9984,0.9986,1.60,5.60
2010.09.15 01:57:03.956,0.9984,0.9986,1.00,5.60
2010.09.15 01:57:05.287,0.9984,0.9986,2.40,3.20
2010.09.15 01:57:06.272,0.9984,0.9986,3.60,3.20
2010.09.15 01:57:06.603,0.9984,0.9986,4.40,1.60
2010.09.15 01:57:06.840,0.9984,0.99865,4.40,7.20
2010.09.15 01:57:07.751,0.9984,0.9986,6.00,1.00
2010.09.15 01:57:08.105,0.99845,0.99865,1.60,7.20
2010.09.15 01:57:09.544,0.9984,0.9986,4.80,1.00
2010.09.15 01:57:09.598,0.9984,0.9986,4.80,1.60
2010.09.15 01:57:10.066,0.9984,0.9986,6.00,1.60
2010.09.15 01:57:10.991,0.9984,0.9986,4.80,1.60
2010.09.15 01:57:12.136,0.9984,0.9986,6.00,1.60
2010.09.15 01:57:13.376,0.9984,0.9986,4.80,1.60
2010.09.15 01:57:14.515,0.9984,0.9986,6.00,1.60
2010.09.15 01:57:17.575,0.9984,0.9986,6.00,1.00
2010.09.15 01:57:20.348,0.9984,0.9986,4.40,1.00
2010.09.15 01:57:20.557,0.9984,0.9986,4.40,1.60
2010.09.15 01:57:20.765,0.9984,0.9986,3.20,3.20
2010.09.15 01:57:22.086,0.9984,0.9986,4.40,3.20
2010.09.15 01:57:22.775,0.9984,0.9986,3.20,3.20
2010.09.15 01:57:23.441,0.9984,0.9986,2.40,3.20
2010.09.15 01:57:23.696,0.9984,0.9986,1.00,5.60
2010.09.15 01:57:26.321,0.9984,0.9986,1.00,3.20
2010.09.15 01:57:27.633,0.9984,0.9986,4.40,2.40
2010.09.15 01:57:27.937,0.99845,0.9986,3.20,1.60
2010.09.15 01:57:28.600,0.9984,0.9986,2.40,3.20
2010.09.15 01:57:35.825,0.9984,0.9986,1.00,3.20
2010.09.15 01:57:39.830,0.9984,0.9986,1.00,3.60
2010.09.15 01:57:39.950,0.9983,0.9984,1.60,1.60
2010.09.15 01:57:40.737,0.9982,0.9984,3.20,5.60
2010.09.15 01:57:41.796,0.9982,0.9984,3.20,6.40
2010.09.15 01:57:42.150,0.99825,0.9984,2.40,4.00
2010.09.15 01:57:42.507,0.9983,0.9984,7.20,1.60
2010.09.15 01:57:42.947,0.9983,0.9985,7.20,1.60
2010.09.15 01:57:43.267,0.9983,0.99845,1.60,1.60
2010.09.15 01:57:43.570,0.9983,0.99845,3.20,1.60
2010.09.15 01:57:44.683,0.99835,0.9985,2.80,1.60
2010.09.15 01:57:45.736,0.99835,0.9985,1.60,1.60
2010.09.15 01:57:46.089,0.9983,0.9985,1.00,1.60
2010.09.15 01:57:46.845,0.99825,0.99845,3.20,1.00
2010.09.15 01:57:47.207,0.9983,0.9985,2.40,5.60
2010.09.15 01:57:47.565,0.9983,0.9985,3.20,5.60
2010.09.15 01:57:47.982,0.9983,0.9985,4.80,3.20
2010.09.15 01:57:48.358,0.9983,0.9985,3.20,3.20
2010.09.15 01:57:49.411,0.9983,0.9985,7.20,3.20
2010.09.15 01:57:49.769,0.9983,0.9985,6.00,1.60
2010.09.15 01:57:54.921,0.9983,0.9985,14.00,1.60
2010.09.15 01:57:55.371,0.9983,0.99855,14.00,5.60
2010.09.15 01:57:56.118,0.99835,0.99855,12.80,4.80
2010.09.15 01:57:56.475,0.99835,0.9985,11.20,1.00
2010.09.15 01:57:56.678,0.99835,0.9985,5.60,1.00
2010.09.15 01:57:57.087,0.9983,0.9985,8.40,1.60
2010.09.15 01:57:57.692,0.99835,0.9985,1.60,1.60
2010.09.15 01:57:58.445,0.99835,0.99855,2.80,1.70
2010.09.15 01:57:58.697,0.99835,0.99855,4.40,1.70
2010.09.15 01:57:59.447,0.99835,0.99855,6.00,1.70
2010.09.15 01:58:00.243,0.99835,0.99855,4.00,2.60
2010.09.15 01:58:00.905,0.99835,0.99855,1.60,2.00
2010.09.15 01:58:01.111,0.9983,0.9985,6.00,1.60
2010.09.15 01:58:02.548,0.99835,0.9985,1.60,1.60
2010.09.15 01:58:03.128,0.99835,0.99855,2.80,5.00
2010.09.15 01:58:03.859,0.99835,0.99855,1.60,5.00
2010.09.15 01:58:05.496,0.9983,0.9985,5.20,1.60
2010.09.15 01:58:07.334,0.9983,0.9985,4.00,1.60
2010.09.15 01:58:07.480,0.9983,0.99845,3.20,1.00
2010.09.15 01:58:08.654,0.9983,0.99845,4.40,1.00
2010.09.15 01:58:09.282,0.99835,0.9985,1.60,1.60
2010.09.15 01:58:17.523,0.9983,0.9985,5.20,1.60
2010.09.15 01:58:18.179,0.99835,0.9985,1.60,1.60
2010.09.15 01:58:24.764,0.9983,0.9985,17.20,1.60
2010.09.15 01:58:25.008,0.9983,0.9985,19.60,1.60
2010.09.15 01:58:26.976,0.9983,0.9985,19.60,1.60
2010.09.15 01:58:27.117,0.99835,0.99855,1.60,3.30
2010.09.15 01:58:27.549,0.99835,0.99855,12.80,1.70
2010.09.15 01:58:28.214,0.9984,0.99855,1.60,1.70
2010.09.15 01:58:29.135,0.9984,0.99855,1.60,1.60
2010.09.15 01:58:30.115,0.9984,0.9986,1.60,2.40
2010.09.15 01:58:30.418,0.9984,0.9986,1.60,4.80
2010.09.15 01:58:31.781,0.9984,0.99855,1.60,1.00
2010.09.15 01:58:35.355,0.9984,0.99855,1.00,1.00
2010.09.15 01:58:36.304,0.9984,0.99855,1.60,1.00
2010.09.15 01:58:38.088,0.9984,0.99855,1.00,2.90
2010.09.15 01:58:38.297,0.9984,0.99855,1.00,4.50
2010.09.15 01:58:38.724,0.9984,0.99855,1.00,2.40
2010.09.15 01:58:39.335,0.99835,0.99855,16.00,1.60
2010.09.15 01:58:39.648,0.99835,0.9986,4.80,7.60
2010.09.15 01:58:40.353,0.9984,0.9986,1.00,2.40
2010.09.15 01:58:42.745,0.9984,0.9986,1.60,2.40
2010.09.15 01:58:43.109,0.9984,0.99855,1.60,1.00
2010.09.15 01:58:43.891,0.9984,0.99855,1.00,1.00
2010.09.15 01:58:44.186,0.9984,0.9986,3.20,3.20
2010.09.15 01:58:45.163,0.99845,0.9986,1.00,1.60
2010.09.15 01:58:45.511,0.99845,0.9986,3.20,1.60
2010.09.15 01:58:46.265,0.99845,0.99865,4.40,6.40
2010.09.15 01:58:46.611,0.9985,0.99865,1.00,5.60
2010.09.15 01:58:53.755,0.9985,0.99865,1.00,4.00
2010.09.15 01:58:54.102,0.9985,0.99865,1.00,7.20
2010.09.15 01:58:55.140,0.99845,0.99865,1.60,8.00
2010.09.15 01:58:55.452,0.99845,0.99865,1.60,8.80
2010.09.15 01:58:56.156,0.99845,0.99865,1.60,7.20
2010.09.15 01:58:56.505,0.99845,0.99865,3.20,6.40
2010.09.15 01:58:57.640,0.99845,0.99865,3.20,5.60
2010.09.15 01:58:58.403,0.99855,0.9987,1.00,8.00
2010.09.15 01:58:58.758,0.99865,0.9988,3.20,1.60
2010.09.15 01:59:00.011,0.99865,0.9989,3.20,16.80
2010.09.15 01:59:01.005,0.9987,0.9989,3.20,2.40
2010.09.15 01:59:01.350,0.9987,0.9989,4.40,2.40
2010.09.15 01:59:01.699,0.9987,0.9989,1.00,5.60
2010.09.15 01:59:02.520,0.9987,0.9989,3.20,3.20
2010.09.15 01:59:03.061,0.9987,0.99885,4.40,1.60
2010.09.15 01:59:03.627,0.9987,0.99885,2.80,1.60
2010.09.15 01:59:03.833,0.9987,0.99885,1.00,1.60
2010.09.15 01:59:04.136,0.99865,0.99885,1.60,5.60
2010.09.15 01:59:04.647,0.99865,0.9989,1.60,21.40
2010.09.15 01:59:04.947,0.99865,0.9989,1.60,32.20
2010.09.15 01:59:06.340,0.99865,0.9989,3.20,32.20
2010.09.15 01:59:06.579,0.99865,0.9989,3.20,29.80
2010.09.15 01:59:06.820,0.99865,0.9989,3.20,19.80
2010.09.15 01:59:07.562,0.99865,0.99885,1.60,20.80
2010.09.15 01:59:07.908,0.99865,0.9988,1.60,1.60
2010.09.15 01:59:12.779,0.99865,0.9988,3.20,1.60
2010.09.15 01:59:13.051,0.99865,0.99885,1.60,16.80
2010.09.15 01:59:16.467,0.9987,0.99885,1.00,15.20
2010.09.15 01:59:16.672,0.9987,0.99885,1.00,12.80
2010.09.15 01:59:17.084,0.9987,0.99885,1.00,7.20
2010.09.15 01:59:17.440,0.9987,0.99885,1.00,8.80
2010.09.15 01:59:19.154,0.99865,0.99885,3.20,9.60
2010.09.15 01:59:19.871,0.9987,0.9989,1.00,16.80
2010.09.15 01:59:20.189,0.99865,0.9989,2.40,7.60
2010.09.15 01:59:20.547,0.99865,0.99885,3.20,15.20
2010.09.15 01:59:21.321,0.99865,0.99885,3.20,1.60
2010.09.15 01:59:21.667,0.99865,0.9989,4.00,21.60
2010.09.15 01:59:22.023,0.99865,0.9989,5.20,17.60
2010.09.15 01:59:22.711,0.99865,0.9989,6.00,16.80
2010.09.15 01:59:23.072,0.99865,0.9989,6.00,8.00
2010.09.15 01:59:23.425,0.99865,0.9989,6.00,19.20
2010.09.15 01:59:26.216,0.99865,0.99885,4.80,9.60
2010.09.15 01:59:29.736,0.99865,0.9989,4.00,20.00
2010.09.15 01:59:29.886,0.99865,0.9989,2.40,20.80
2010.09.15 01:59:30.690,0.99865,0.99885,2.40,16.80
2010.09.15 01:59:31.042,0.99865,0.9988,1.60,1.60
2010.09.15 01:59:33.086,0.99865,0.9988,3.20,1.60
2010.09.15 01:59:33.524,0.99865,0.99885,4.00,16.80
2010.09.15 01:59:34.067,0.99865,0.9989,4.80,19.60
2010.09.15 01:59:34.319,0.99865,0.9989,4.80,19.60
2010.09.15 01:59:34.685,0.99865,0.9989,6.00,19.60
2010.09.15 01:59:36.748,0.99865,0.9989,6.00,20.40
2010.09.15 01:59:37.026,0.99865,0.9989,4.40,20.40
2010.09.15 01:59:37.116,0.99865,0.9989,3.20,20.40
2010.09.15 01:59:38.975,0.99865,0.99885,1.60,11.20
2010.09.15 01:59:39.891,0.99865,0.9989,3.20,20.40
2010.09.15 01:59:47.392,0.99865,0.99885,3.20,11.20
2010.09.15 01:59:47.750,0.99865,0.9989,3.20,16.80
2010.09.15 01:59:48.096,0.99865,0.9989,3.20,19.20
2010.09.15 01:59:48.429,0.99865,0.9989,3.20,19.20
2010.09.15 01:59:51.303,0.99865,0.9989,1.60,21.20
2010.09.15 01:59:51.858,0.99865,0.9989,3.20,21.20
2010.09.15 01:59:52.419,0.99865,0.99885,1.60,9.60
2010.09.15 01:59:52.637,0.99865,0.99885,4.40,9.60
2010.09.15 01:59:52.957,0.9987,0.99885,2.40,3.20
2010.09.15 01:59:53.381,0.9987,0.9989,1.00,6.00
2010.09.15 01:59:53.698,0.9987,0.99895,1.00,28.60
2010.09.15 01:59:54.051,0.99865,0.9989,6.00,19.60
2010.09.15 01:59:59.775,0.9987,0.99885,3.20,5.60
2010.09.15 01:59:59.937,0.9987,0.99895,1.60,4.80
