2011.12.23 03:00:00.975,0.93415,0.9344,1.50,1.44
2011.12.23 03:00:01.191,0.93412,0.93436,2.63,2.25
2011.12.23 03:00:01.816,0.93413,0.93438,2.25,1.44
2011.12.23 03:00:02.285,0.93413,0.93438,1.80,1.44
2011.12.23 03:00:02.786,0.93413,0.93438,1.05,2.25
2011.12.23 03:00:05.833,0.93426,0.9344,1.43,1.44
2011.12.23 03:00:05.913,0.93426,0.93443,1.43,3.00
2011.12.23 03:00:06.196,0.93427,0.93443,1.13,3.00
2011.12.23 03:00:06.757,0.93427,0.93443,1.13,3.00
2011.12.23 03:00:07.105,0.93426,0.93443,1.13,3.00
2011.12.23 03:00:08.004,0.93427,0.93443,1.13,2.25
2011.12.23 03:00:08.567,0.93427,0.93443,1.13,2.25
2011.12.23 03:00:08.915,0.93423,0.93443,2.92,3.00
2011.12.23 03:00:09.408,0.93423,0.93443,1.49,4.50
2011.12.23 03:00:09.966,0.93423,0.9344,1.49,2.25
2011.12.23 03:00:10.175,0.93417,0.93437,1.43,2.25
2011.12.23 03:00:10.244,0.93417,0.93437,1.13,2.25
2011.12.23 03:00:10.376,0.93413,0.93437,2.62,2.25
2011.12.23 03:00:10.656,0.93413,0.93435,2.18,1.44
2011.12.23 03:00:11.215,0.93413,0.93435,2.18,1.44
2011.12.23 03:00:12.239,0.93413,0.93436,1.88,2.94
2011.12.23 03:00:12.834,0.93413,0.93436,2.63,2.25
2011.12.23 03:00:14.233,0.93414,0.93438,1.50,3.00
2011.12.23 03:00:14.363,0.93415,0.93438,2.25,3.00
2011.12.23 03:00:14.682,0.93415,0.93438,2.25,3.00
2011.12.23 03:00:14.755,0.93415,0.93438,2.25,3.00
2011.12.23 03:00:15.085,0.93415,0.93438,2.25,3.00
2011.12.23 03:00:15.664,0.93418,0.93438,1.28,2.25
2011.12.23 03:00:16.454,0.93418,0.93438,1.28,2.25
2011.12.23 03:00:17.005,0.93418,0.93438,1.28,2.25
2011.12.23 03:00:17.412,0.93417,0.93438,1.13,2.25
2011.12.23 03:00:18.250,0.93414,0.93438,1.13,3.00
2011.12.23 03:00:18.368,0.93414,0.93438,2.25,3.00
2011.12.23 03:00:19.717,0.93413,0.93438,4.13,3.00
2011.12.23 03:00:19.785,0.93416,0.93438,2.25,3.00
2011.12.23 03:00:20.045,0.93416,0.93438,2.25,3.00
2011.12.23 03:00:20.764,0.93416,0.93438,2.25,2.25
2011.12.23 03:00:22.494,0.93416,0.93438,2.63,2.25
2011.12.23 03:00:22.943,0.93416,0.93438,2.69,2.25
2011.12.23 03:00:24.112,0.93416,0.93438,1.13,3.00
2011.12.23 03:00:26.275,0.93415,0.93438,3.00,4.50
2011.12.23 03:00:27.705,0.93415,0.93438,2.63,4.50
2011.12.23 03:00:28.298,0.93415,0.93437,2.63,2.25
2011.12.23 03:00:28.936,0.93415,0.93437,2.63,2.25
2011.12.23 03:00:29.214,0.93415,0.93437,2.63,2.25
2011.12.23 03:00:29.534,0.93415,0.93438,3.00,4.50
2011.12.23 03:00:30.083,0.93415,0.93438,3.00,4.50
2011.12.23 03:00:30.962,0.93415,0.93438,3.00,4.50
2011.12.23 03:00:31.501,0.93415,0.93438,3.00,4.50
2011.12.23 03:00:32.823,0.93415,0.93438,3.00,2.25
2011.12.23 03:00:33.240,0.93415,0.93438,3.00,2.25
2011.12.23 03:00:47.574,0.93416,0.93438,1.13,2.25
2011.12.23 03:00:48.113,0.93415,0.93438,2.32,2.25
2011.12.23 03:00:52.013,0.93415,0.93438,2.63,2.25
2011.12.23 03:00:52.730,0.93415,0.93438,3.00,2.25
2011.12.23 03:00:54.916,0.93418,0.93438,1.13,2.25
2011.12.23 03:00:57.119,0.93417,0.93438,1.19,2.25
2011.12.23 03:00:57.801,0.93417,0.93438,1.19,3.75
2011.12.23 03:00:58.226,0.93418,0.93438,1.13,2.25
2011.12.23 03:00:58.886,0.93415,0.93438,2.63,2.25
2011.12.23 03:00:59.913,0.93414,0.93438,2.63,3.00
2011.12.23 03:01:01.296,0.93414,0.93437,2.63,3.00
2011.12.23 03:01:01.375,0.93414,0.93437,2.63,3.00
2011.12.23 03:01:01.795,0.93414,0.93438,4.13,3.00
2011.12.23 03:01:03.073,0.93414,0.93438,4.13,2.25
2011.12.23 03:01:09.133,0.93414,0.93437,4.28,3.00
2011.12.23 03:01:16.662,0.93417,0.93438,2.25,3.00
2011.12.23 03:01:17.034,0.93419,0.93438,2.25,2.25
2011.12.23 03:01:17.376,0.9342,0.93438,2.25,2.25
2011.12.23 03:01:17.924,0.9342,0.93438,2.32,2.25
2011.12.23 03:01:19.025,0.9342,0.93438,2.32,2.25
2011.12.23 03:01:19.836,0.9342,0.93438,2.32,2.25
2011.12.23 03:01:20.169,0.93426,0.93438,1.13,2.25
2011.12.23 03:01:20.255,0.93426,0.93444,1.13,4.13
2011.12.23 03:01:20.609,0.93427,0.93446,2.69,2.25
2011.12.23 03:01:20.689,0.93427,0.93446,2.69,2.25
2011.12.23 03:01:21.118,0.93426,0.93444,1.13,2.25
2011.12.23 03:01:21.730,0.93419,0.93444,2.63,4.50
2011.12.23 03:01:22.345,0.93418,0.93444,2.63,4.50
2011.12.23 03:01:24.957,0.93418,0.93442,3.00,2.25
2011.12.23 03:01:25.325,0.93418,0.9344,3.00,2.25
2011.12.23 03:01:25.668,0.93418,0.9344,2.63,2.25
2011.12.23 03:01:25.748,0.93418,0.9344,1.88,2.25
2011.12.23 03:01:26.109,0.93418,0.9344,1.88,2.25
2011.12.23 03:01:26.656,0.93417,0.93439,2.63,2.25
2011.12.23 03:01:27.968,0.93417,0.93439,2.63,2.25
2011.12.23 03:01:28.356,0.93417,0.93439,2.63,2.25
2011.12.23 03:01:28.824,0.93417,0.93442,2.63,4.50
2011.12.23 03:01:29.016,0.93417,0.93442,4.13,3.00
2011.12.23 03:01:29.204,0.93417,0.93443,4.43,2.25
2011.12.23 03:01:30.103,0.93417,0.93443,4.43,2.25
2011.12.23 03:01:30.615,0.93418,0.93443,2.63,2.25
2011.12.23 03:01:38.707,0.93421,0.93444,2.25,3.00
2011.12.23 03:01:39.327,0.93421,0.93444,2.25,2.25
2011.12.23 03:01:39.403,0.93421,0.93444,2.32,2.25
2011.12.23 03:01:39.773,0.93421,0.93444,2.32,2.25
2011.12.23 03:01:39.904,0.93424,0.93444,2.32,2.25
2011.12.23 03:01:40.433,0.93424,0.93444,2.32,2.25
2011.12.23 03:01:40.926,0.93424,0.93444,2.32,2.25
2011.12.23 03:01:41.055,0.93424,0.93446,2.32,2.25
2011.12.23 03:01:41.574,0.93424,0.93446,2.32,2.25
2011.12.23 03:01:42.847,0.93424,0.93446,2.32,2.25
2011.12.23 03:01:43.901,0.93423,0.93446,2.25,2.25
2011.12.23 03:01:44.048,0.93421,0.93445,2.63,4.50
2011.12.23 03:01:45.597,0.93421,0.93443,2.63,2.25
2011.12.23 03:01:47.533,0.93417,0.93442,2.93,2.25
2011.12.23 03:01:47.785,0.93417,0.93441,2.93,2.25
2011.12.23 03:01:48.869,0.93418,0.93439,2.63,2.25
2011.12.23 03:01:49.473,0.93418,0.93436,1.88,2.25
2011.12.23 03:01:49.837,0.93418,0.93436,1.88,2.25
2011.12.23 03:01:51.015,0.93418,0.93437,1.88,2.25
2011.12.23 03:01:52.100,0.93418,0.93437,1.88,2.25
2011.12.23 03:01:53.022,0.93418,0.93437,2.63,2.25
2011.12.23 03:01:53.243,0.93418,0.93441,2.63,2.25
2011.12.23 03:01:55.334,0.93418,0.93437,2.63,2.25
2011.12.23 03:01:55.853,0.93418,0.93437,2.63,2.25
2011.12.23 03:01:56.845,0.93415,0.93437,2.63,2.25
2011.12.23 03:01:57.118,0.93415,0.93437,2.63,2.25
2011.12.23 03:01:57.666,0.93415,0.93437,2.63,2.25
2011.12.23 03:01:58.285,0.93415,0.93437,2.63,2.25
2011.12.23 03:01:59.264,0.93415,0.93437,2.63,2.25
2011.12.23 03:01:59.823,0.93416,0.9344,2.63,3.00
2011.12.23 03:02:00.933,0.93416,0.9344,2.63,3.00
2011.12.23 03:02:01.373,0.93416,0.9344,2.63,3.00
2011.12.23 03:02:02.795,0.93418,0.9344,2.63,3.00
2011.12.23 03:02:05.914,0.93417,0.93443,2.25,2.25
2011.12.23 03:02:06.647,0.93417,0.93443,2.25,2.25
2011.12.23 03:02:07.408,0.93417,0.93443,2.25,2.25
2011.12.23 03:02:07.686,0.93417,0.93443,2.25,2.25
2011.12.23 03:02:09.357,0.93417,0.93443,2.25,4.50
2011.12.23 03:02:14.886,0.9342,0.93442,1.13,2.25
2011.12.23 03:02:16.223,0.93421,0.93442,1.13,2.25
2011.12.23 03:02:19.394,0.93421,0.93442,1.13,2.25
2011.12.23 03:02:19.870,0.9342,0.93442,1.13,2.25
2011.12.23 03:02:20.933,0.93421,0.93442,1.13,2.25
2011.12.23 03:02:21.743,0.93421,0.93442,1.13,2.25
2011.12.23 03:02:22.336,0.93417,0.93442,4.19,3.00
2011.12.23 03:02:31.632,0.93419,0.93442,2.25,3.00
2011.12.23 03:02:32.003,0.93419,0.93442,2.25,3.00
2011.12.23 03:02:32.235,0.93419,0.93442,2.25,3.00
2011.12.23 03:02:32.743,0.93419,0.93442,2.25,3.00
2011.12.23 03:02:34.365,0.93419,0.93442,2.25,2.25
2011.12.23 03:02:34.723,0.93419,0.93442,2.25,2.25
2011.12.23 03:02:35.252,0.93421,0.93442,2.25,2.25
2011.12.23 03:02:35.572,0.93421,0.93442,2.25,2.25
2011.12.23 03:02:36.103,0.93421,0.93442,2.32,2.25
2011.12.23 03:02:36.610,0.93421,0.93442,2.32,2.25
2011.12.23 03:02:36.754,0.93421,0.93442,2.32,2.25
2011.12.23 03:02:37.982,0.93421,0.93442,2.32,2.25
2011.12.23 03:02:38.607,0.93418,0.93442,2.32,2.25
2011.12.23 03:02:40.276,0.93416,0.93443,3.07,3.75
2011.12.23 03:02:40.412,0.93416,0.93443,3.00,4.50
2011.12.23 03:02:54.573,0.9342,0.93443,2.25,3.00
2011.12.23 03:02:55.165,0.9342,0.93443,2.32,2.25
2011.12.23 03:02:55.701,0.93422,0.93443,2.32,2.25
2011.12.23 03:02:58.483,0.93422,0.93443,2.25,2.25
2011.12.23 03:02:58.875,0.93422,0.93443,2.25,2.25
2011.12.23 03:02:59.412,0.93422,0.93443,2.32,2.25
2011.12.23 03:03:00.862,0.93422,0.93443,2.32,2.25
2011.12.23 03:03:02.215,0.93422,0.93443,2.32,2.25
2011.12.23 03:03:02.421,0.93417,0.93442,2.69,3.00
2011.12.23 03:03:06.053,0.93417,0.93442,3.00,4.50
2011.12.23 03:03:06.453,0.93417,0.93442,3.00,4.50
2011.12.23 03:03:06.643,0.93417,0.93442,2.63,4.50
2011.12.23 03:03:07.171,0.93417,0.93442,2.63,4.50
2011.12.23 03:03:07.554,0.93415,0.93439,2.63,2.25
2011.12.23 03:03:08.109,0.93415,0.93439,2.63,2.25
2011.12.23 03:03:08.187,0.93415,0.93439,2.63,2.25
2011.12.23 03:03:10.967,0.93415,0.93439,2.63,2.25
2011.12.23 03:03:12.400,0.93415,0.93437,1.88,1.44
2011.12.23 03:03:12.553,0.93411,0.93433,2.25,3.00
2011.12.23 03:03:13.063,0.93415,0.93433,2.63,2.25
2011.12.23 03:03:13.145,0.93415,0.93438,2.63,1.50
2011.12.23 03:03:13.683,0.93415,0.93439,4.88,4.50
2011.12.23 03:03:14.327,0.93415,0.93439,4.88,4.50
2011.12.23 03:03:16.983,0.93415,0.93439,6.38,3.00
2011.12.23 03:03:17.264,0.93419,0.93439,2.25,3.00
2011.12.23 03:03:17.828,0.93421,0.93441,2.25,2.25
2011.12.23 03:03:18.182,0.93422,0.93441,2.32,2.25
2011.12.23 03:03:18.535,0.93424,0.93442,2.32,2.25
2011.12.23 03:03:19.119,0.93424,0.93443,2.32,2.25
2011.12.23 03:03:20.505,0.93424,0.93443,2.32,2.25
2011.12.23 03:03:20.861,0.93419,0.93441,2.69,2.25
2011.12.23 03:03:21.008,0.93419,0.9344,2.63,2.25
2011.12.23 03:03:21.276,0.93419,0.9344,2.63,3.00
2011.12.23 03:03:24.173,0.93419,0.9344,2.63,3.00
2011.12.23 03:03:24.363,0.93419,0.9344,2.63,3.00
2011.12.23 03:03:24.763,0.93415,0.93438,2.63,2.25
2011.12.23 03:03:25.086,0.93415,0.93437,2.63,2.25
2011.12.23 03:03:25.393,0.93415,0.93437,2.63,2.25
2011.12.23 03:03:27.552,0.93415,0.93437,2.63,2.25
2011.12.23 03:03:27.815,0.93415,0.9344,2.63,4.50
2011.12.23 03:03:28.368,0.93415,0.9344,2.63,4.50
2011.12.23 03:03:29.748,0.93415,0.9344,2.63,4.50
2011.12.23 03:03:33.987,0.93415,0.93437,2.63,2.25
2011.12.23 03:03:34.792,0.93415,0.93437,2.63,2.25
2011.12.23 03:03:47.644,0.93415,0.93437,2.63,2.25
2011.12.23 03:04:06.801,0.93415,0.93437,2.63,1.50
2011.12.23 03:04:07.907,0.93415,0.93437,2.63,1.50
2011.12.23 03:04:08.408,0.93415,0.9344,4.13,3.00
2011.12.23 03:04:08.959,0.93416,0.93441,2.32,3.00
2011.12.23 03:04:09.107,0.93416,0.93441,2.32,2.25
2011.12.23 03:04:09.418,0.93416,0.93441,2.32,2.25
2011.12.23 03:04:10.546,0.93419,0.93445,2.63,3.00
2011.12.23 03:04:10.689,0.93419,0.93445,2.63,3.00
2011.12.23 03:04:11.580,0.93419,0.93443,2.63,2.25
2011.12.23 03:04:12.369,0.93419,0.93443,2.63,2.25
2011.12.23 03:04:12.564,0.93419,0.93443,2.63,2.25
2011.12.23 03:04:13.016,0.93419,0.93443,2.63,2.25
2011.12.23 03:04:14.732,0.93419,0.93443,2.63,2.25
2011.12.23 03:04:15.455,0.93419,0.93443,2.63,2.25
2011.12.23 03:04:15.754,0.93419,0.93443,2.63,2.25
2011.12.23 03:04:15.899,0.93419,0.93443,2.63,1.50
2011.12.23 03:04:16.454,0.93418,0.93445,4.57,3.00
2011.12.23 03:04:17.092,0.93418,0.93445,4.19,3.00
2011.12.23 03:04:20.104,0.93419,0.93445,1.19,3.00
2011.12.23 03:04:26.697,0.93419,0.93445,1.13,3.00
2011.12.23 03:04:26.765,0.93419,0.93444,1.13,2.25
2011.12.23 03:04:27.074,0.93418,0.93444,4.57,3.00
2011.12.23 03:04:28.434,0.93418,0.93444,4.13,3.00
2011.12.23 03:04:28.863,0.93418,0.93444,4.57,3.00
2011.12.23 03:04:34.468,0.93418,0.93444,2.69,4.50
2011.12.23 03:04:34.984,0.93419,0.93444,2.69,2.25
2011.12.23 03:04:35.052,0.93419,0.93444,2.69,2.25
2011.12.23 03:04:35.984,0.93419,0.93445,1.19,3.00
2011.12.23 03:04:36.942,0.93419,0.93445,1.19,3.00
2011.12.23 03:04:37.492,0.93418,0.93443,3.07,1.50
2011.12.23 03:04:40.257,0.93419,0.93445,2.32,4.50
2011.12.23 03:04:40.766,0.93419,0.93445,2.69,4.50
2011.12.23 03:04:44.479,0.93419,0.93445,2.32,4.50
2011.12.23 03:04:45.183,0.93418,0.93445,4.50,3.00
2011.12.23 03:04:45.583,0.93418,0.93445,4.13,3.00
2011.12.23 03:04:45.874,0.93418,0.93445,4.13,3.00
2011.12.23 03:04:46.418,0.93419,0.93445,2.25,3.00
2011.12.23 03:04:46.487,0.93419,0.93444,2.25,3.00
2011.12.23 03:04:47.307,0.93419,0.93445,2.25,4.58
2011.12.23 03:04:47.376,0.93419,0.93445,2.25,4.58
2011.12.23 03:04:47.877,0.93418,0.93443,2.63,2.40
2011.12.23 03:04:48.383,0.93417,0.93443,2.25,2.25
2011.12.23 03:04:50.826,0.93416,0.93444,4.13,4.50
2011.12.23 03:04:51.624,0.93416,0.93444,4.13,4.50
2011.12.23 03:04:54.997,0.9342,0.93444,2.25,3.00
2011.12.23 03:04:55.543,0.93418,0.93443,1.57,1.50
2011.12.23 03:04:56.216,0.93418,0.93443,1.57,1.50
2011.12.23 03:04:56.802,0.93418,0.93443,1.19,1.50
2011.12.23 03:04:57.386,0.93418,0.93443,1.19,2.25
2011.12.23 03:04:57.833,0.93418,0.93443,2.63,4.50
2011.12.23 03:04:58.094,0.93418,0.93443,2.63,4.50
2011.12.23 03:04:58.603,0.93418,0.93443,4.57,2.25
2011.12.23 03:05:01.692,0.93418,0.93444,4.13,3.00
2011.12.23 03:05:01.954,0.93418,0.93444,4.13,3.00
2011.12.23 03:05:02.023,0.93418,0.93444,4.13,3.00
2011.12.23 03:05:02.276,0.93418,0.93443,4.19,3.00
2011.12.23 03:05:02.583,0.93418,0.93444,4.19,3.00
2011.12.23 03:05:02.783,0.93418,0.93443,4.13,3.00
2011.12.23 03:05:03.034,0.93418,0.93443,4.19,3.00
2011.12.23 03:05:03.402,0.93418,0.93443,4.13,3.00
2011.12.23 03:05:03.711,0.93418,0.93443,2.32,3.00
2011.12.23 03:05:03.843,0.93418,0.93443,2.25,3.00
2011.12.23 03:05:04.949,0.93416,0.93443,2.63,4.50
2011.12.23 03:05:08.680,0.93416,0.93443,4.13,3.00
2011.12.23 03:05:10.736,0.93416,0.93444,4.13,4.50
2011.12.23 03:05:11.021,0.93419,0.93444,2.25,3.00
2011.12.23 03:05:11.691,0.93418,0.93444,2.63,4.50
2011.12.23 03:05:13.809,0.93418,0.93444,2.63,4.50
2011.12.23 03:05:35.747,0.93418,0.93444,4.19,3.00
2011.12.23 03:05:37.653,0.93419,0.93444,2.25,3.00
2011.12.23 03:05:38.307,0.93419,0.93444,2.25,3.00
2011.12.23 03:05:38.857,0.9342,0.93444,2.25,3.00
2011.12.23 03:05:39.903,0.9342,0.93445,2.25,3.00
2011.12.23 03:05:40.114,0.93418,0.93445,4.13,3.00
2011.12.23 03:05:45.069,0.93418,0.93445,2.25,3.00
2011.12.23 03:05:45.535,0.93418,0.93444,2.25,3.00
2011.12.23 03:05:45.848,0.93418,0.93444,2.25,3.00
2011.12.23 03:05:49.766,0.93418,0.93444,2.25,3.00
2011.12.23 03:05:50.037,0.93418,0.93444,2.25,3.00
2011.12.23 03:05:53.915,0.93418,0.93444,2.25,3.00
2011.12.23 03:05:54.436,0.93419,0.93445,2.25,4.50
2011.12.23 03:05:54.648,0.93419,0.93444,2.25,3.00
2011.12.23 03:05:54.917,0.93419,0.93444,2.25,3.00
2011.12.23 03:05:55.394,0.93419,0.93445,4.13,4.50
2011.12.23 03:05:59.443,0.93419,0.93444,4.13,3.00
2011.12.23 03:06:00.743,0.93419,0.93445,4.13,4.50
2011.12.23 03:06:35.360,0.93421,0.93445,1.28,3.00
2011.12.23 03:06:37.025,0.93422,0.93445,1.28,3.00
2011.12.23 03:06:38.106,0.93422,0.93445,1.28,3.00
2011.12.23 03:06:40.563,0.9342,0.93445,2.78,3.00
2011.12.23 03:06:41.096,0.9342,0.93445,2.84,3.00
2011.12.23 03:06:42.574,0.93421,0.93445,1.28,3.00
2011.12.23 03:06:44.593,0.93422,0.93445,2.40,3.00
2011.12.23 03:06:44.795,0.9342,0.93445,2.78,3.00
2011.12.23 03:06:46.288,0.93423,0.93445,2.25,3.00
2011.12.23 03:06:46.629,0.93426,0.93445,1.13,2.25
2011.12.23 03:06:46.980,0.93426,0.93445,1.13,2.25
2011.12.23 03:06:47.516,0.93426,0.93445,1.19,2.25
2011.12.23 03:06:47.615,0.93427,0.93444,1.13,2.25
2011.12.23 03:06:49.489,0.93427,0.93444,1.13,2.25
2011.12.23 03:06:50.342,0.93426,0.93444,1.13,2.25
2011.12.23 03:06:50.974,0.93427,0.93444,1.13,2.25
2011.12.23 03:06:51.253,0.93427,0.93444,1.19,2.25
2011.12.23 03:06:51.921,0.93426,0.93444,1.19,2.25
2011.12.23 03:06:52.453,0.93426,0.93444,1.13,2.25
2011.12.23 03:06:56.434,0.93427,0.93443,1.13,2.25
2011.12.23 03:06:56.507,0.93426,0.93443,1.13,2.25
2011.12.23 03:06:57.044,0.93427,0.93443,1.13,2.25
2011.12.23 03:07:00.173,0.93427,0.93443,1.13,2.25
2011.12.23 03:07:00.773,0.93426,0.93444,1.13,2.25
2011.12.23 03:07:02.103,0.93426,0.93444,1.13,2.25
2011.12.23 03:07:02.826,0.93426,0.93444,1.13,2.25
2011.12.23 03:07:03.374,0.93426,0.93444,1.13,2.25
2011.12.23 03:07:11.475,0.93427,0.93444,1.13,2.25
2011.12.23 03:07:12.010,0.93426,0.93443,1.13,2.25
2011.12.23 03:07:12.157,0.93426,0.93443,1.13,2.25
2011.12.23 03:07:12.710,0.93427,0.93444,1.13,2.25
2011.12.23 03:07:12.966,0.93426,0.93444,1.13,2.25
2011.12.23 03:07:13.175,0.93427,0.93444,1.13,2.25
2011.12.23 03:07:13.681,0.93426,0.93444,1.13,2.25
2011.12.23 03:07:14.237,0.93426,0.93443,1.13,2.25
2011.12.23 03:07:14.308,0.93427,0.93443,1.13,2.25
2011.12.23 03:07:14.434,0.93426,0.93444,1.13,2.25
2011.12.23 03:07:15.796,0.93427,0.93444,1.13,2.25
2011.12.23 03:07:16.314,0.93426,0.93444,1.13,2.25
2011.12.23 03:07:17.174,0.93426,0.93444,1.13,2.25
2011.12.23 03:07:17.796,0.93426,0.93444,1.13,2.25
2011.12.23 03:07:46.124,0.93426,0.93444,1.13,2.25
2011.12.23 03:07:46.708,0.93427,0.93444,1.13,2.25
2011.12.23 03:07:47.244,0.93426,0.93444,1.13,2.25
2011.12.23 03:07:47.313,0.93426,0.93444,1.13,2.25
2011.12.23 03:07:52.543,0.93426,0.93444,1.13,2.25
2011.12.23 03:07:53.614,0.93426,0.93444,1.13,2.25
2011.12.23 03:07:54.342,0.93426,0.93444,1.13,2.25
2011.12.23 03:07:55.247,0.93426,0.93444,1.13,2.25
2011.12.23 03:07:57.713,0.93426,0.93444,1.13,2.25
2011.12.23 03:07:57.993,0.93427,0.93444,1.13,2.25
2011.12.23 03:08:00.312,0.93427,0.93444,1.13,2.25
2011.12.23 03:08:08.681,0.93427,0.93444,1.13,2.25
2011.12.23 03:08:10.120,0.93427,0.93445,1.13,2.25
2011.12.23 03:08:10.199,0.93427,0.93444,1.13,2.25
2011.12.23 03:08:10.703,0.93427,0.93444,1.13,2.25
2011.12.23 03:08:49.941,0.93427,0.93442,1.13,1.50
2011.12.23 03:08:50.301,0.93426,0.93444,1.13,2.25
2011.12.23 03:08:50.580,0.93418,0.93444,2.84,3.00
2011.12.23 03:08:51.108,0.93419,0.93444,2.40,3.00
2011.12.23 03:08:52.420,0.93418,0.93444,2.78,3.00
2011.12.23 03:08:53.089,0.93419,0.93444,2.40,3.00
2011.12.23 03:08:53.593,0.93419,0.93444,2.40,3.00
2011.12.23 03:08:53.815,0.9342,0.93444,1.28,3.00
2011.12.23 03:08:58.211,0.93419,0.93445,2.25,3.00
2011.12.23 03:08:58.847,0.93418,0.93444,2.69,2.25
2011.12.23 03:08:59.001,0.9342,0.93445,2.40,3.00
2011.12.23 03:08:59.222,0.9342,0.93445,2.40,3.00
2011.12.23 03:08:59.755,0.93421,0.93445,2.40,2.25
2011.12.23 03:09:02.176,0.93419,0.93443,2.47,2.25
2011.12.23 03:09:05.936,0.93419,0.93443,2.47,2.25
2011.12.23 03:09:06.083,0.9342,0.93445,2.40,3.00
2011.12.23 03:09:08.172,0.93418,0.93444,2.69,1.50
2011.12.23 03:09:08.245,0.93418,0.93442,2.69,1.50
2011.12.23 03:09:08.319,0.93418,0.93443,4.19,3.00
2011.12.23 03:09:08.870,0.93418,0.93443,4.13,3.00
2011.12.23 03:09:09.380,0.93418,0.93442,2.63,2.25
2011.12.23 03:09:10.214,0.93418,0.93443,2.63,3.00
2011.12.23 03:09:26.649,0.93417,0.93441,2.63,3.00
2011.12.23 03:09:29.737,0.93417,0.9344,2.25,3.00
2011.12.23 03:09:30.255,0.93414,0.93437,4.13,3.00
2011.12.23 03:09:31.048,0.93414,0.93438,2.25,3.00
2011.12.23 03:09:32.808,0.93414,0.93434,2.25,3.00
2011.12.23 03:09:33.335,0.93414,0.93434,2.25,3.00
2011.12.23 03:09:34.488,0.93411,0.93432,1.20,3.00
2011.12.23 03:09:34.815,0.93411,0.93432,1.53,3.00
2011.12.23 03:09:35.147,0.9341,0.93432,5.28,3.00
2011.12.23 03:09:35.662,0.93411,0.93432,1.46,3.00
2011.12.23 03:09:35.739,0.9341,0.93432,3.41,3.00
2011.12.23 03:09:37.354,0.93411,0.93432,1.83,3.00
2011.12.23 03:09:42.706,0.93411,0.93432,1.13,3.00
2011.12.23 03:09:43.244,0.93411,0.93432,1.46,3.00
2011.12.23 03:09:44.566,0.93411,0.93432,1.83,3.00
2011.12.23 03:09:45.083,0.93411,0.93432,1.13,3.00
2011.12.23 03:09:45.993,0.93411,0.93432,1.13,3.00
2011.12.23 03:09:48.144,0.93411,0.93432,1.83,3.00
2011.12.23 03:09:48.353,0.93411,0.93432,1.13,3.00
2011.12.23 03:09:56.833,0.9341,0.93432,1.91,3.00
2011.12.23 03:09:57.096,0.93411,0.93432,1.83,3.00
2011.12.23 03:09:58.574,0.93411,0.93432,1.83,3.00
2011.12.23 03:10:01.559,0.93414,0.93438,3.00,3.19
2011.12.23 03:10:01.917,0.93416,0.93438,1.13,2.55
2011.12.23 03:10:02.425,0.93416,0.93438,1.13,2.44
2011.12.23 03:10:03.236,0.93415,0.93438,2.69,3.30
2011.12.23 03:10:04.312,0.93415,0.93438,2.25,3.19
2011.12.23 03:10:06.670,0.93415,0.93438,2.25,3.30
2011.12.23 03:10:09.145,0.93414,0.93437,4.28,3.19
2011.12.23 03:10:33.435,0.93414,0.93437,4.43,3.19
2011.12.23 03:10:40.369,0.93414,0.93437,4.28,3.19
2011.12.23 03:10:43.325,0.93417,0.93437,1.13,3.19
2011.12.23 03:10:43.677,0.93417,0.93437,1.13,2.44
2011.12.23 03:10:43.947,0.93418,0.93437,1.13,2.44
2011.12.23 03:10:45.224,0.93417,0.93437,1.13,2.44
2011.12.23 03:10:45.928,0.93418,0.93437,1.13,2.44
2011.12.23 03:10:46.846,0.93418,0.93437,1.13,2.44
2011.12.23 03:10:47.404,0.93418,0.93437,1.13,2.44
2011.12.23 03:10:48.304,0.93417,0.93437,1.13,2.44
2011.12.23 03:10:50.012,0.93418,0.93437,1.13,2.44
2011.12.23 03:10:50.368,0.93417,0.93437,1.13,2.44
2011.12.23 03:10:50.580,0.93419,0.93441,2.63,1.05
2011.12.23 03:10:50.786,0.93419,0.93441,2.63,1.05
2011.12.23 03:10:51.658,0.93419,0.93441,2.63,1.05
2011.12.23 03:10:52.217,0.93419,0.93441,2.63,1.05
2011.12.23 03:10:52.757,0.93419,0.93441,2.63,1.05
2011.12.23 03:10:53.620,0.93419,0.93441,2.63,1.05
2011.12.23 03:10:54.628,0.93419,0.93441,2.63,1.05
2011.12.23 03:10:56.674,0.93419,0.93441,2.63,1.05
2011.12.23 03:10:57.207,0.93419,0.93438,2.63,1.05
2011.12.23 03:10:57.763,0.93419,0.93439,2.63,1.05
2011.12.23 03:10:58.265,0.93419,0.93441,2.63,1.05
2011.12.23 03:10:59.795,0.93419,0.93441,2.63,1.05
2011.12.23 03:11:03.452,0.93419,0.93441,2.63,1.05
2011.12.23 03:11:04.067,0.93419,0.9344,2.63,1.05
2011.12.23 03:11:04.796,0.93419,0.9344,2.63,1.05
2011.12.23 03:11:05.397,0.93419,0.9344,2.63,1.05
2011.12.23 03:11:05.933,0.93419,0.9344,2.63,1.05
2011.12.23 03:11:06.616,0.93419,0.9344,2.63,1.05
2011.12.23 03:11:07.232,0.93419,0.93439,2.63,1.05
2011.12.23 03:11:07.739,0.93419,0.93439,2.63,1.05
2011.12.23 03:11:08.399,0.93419,0.93439,2.63,1.05
2011.12.23 03:11:15.633,0.93419,0.93439,2.63,1.05
2011.12.23 03:11:25.283,0.93419,0.93439,2.63,1.05
2011.12.23 03:11:25.417,0.93419,0.93439,2.63,1.05
2011.12.23 03:11:25.944,0.93419,0.93438,2.63,1.05
2011.12.23 03:11:27.543,0.93419,0.93438,2.63,1.05
2011.12.23 03:11:32.954,0.93419,0.93438,2.63,1.05
2011.12.23 03:11:34.265,0.93419,0.93438,2.63,1.05
2011.12.23 03:11:35.653,0.93419,0.93438,2.63,1.05
2011.12.23 03:11:39.393,0.93419,0.93438,2.63,1.05
2011.12.23 03:11:39.902,0.93419,0.93439,2.63,1.05
2011.12.23 03:11:42.429,0.93419,0.93439,2.63,1.05
2011.12.23 03:11:42.986,0.93419,0.93439,2.63,1.05
2011.12.23 03:11:45.975,0.93419,0.9344,2.63,1.05
2011.12.23 03:11:46.534,0.93419,0.9344,2.63,1.05
2011.12.23 03:11:47.035,0.93419,0.9344,2.63,1.05
2011.12.23 03:11:47.754,0.93419,0.9344,2.63,1.05
2011.12.23 03:11:52.195,0.93419,0.9344,2.63,1.05
2011.12.23 03:11:52.416,0.93419,0.93441,2.63,1.05
2011.12.23 03:11:52.974,0.93419,0.9344,2.63,1.05
2011.12.23 03:11:53.547,0.93419,0.9344,2.63,1.05
2011.12.23 03:11:57.295,0.93419,0.9344,2.63,1.05
2011.12.23 03:12:00.139,0.93419,0.9344,2.63,1.05
2011.12.23 03:12:00.914,0.93419,0.9344,2.63,1.05
2011.12.23 03:12:01.484,0.93419,0.9344,2.63,1.05
2011.12.23 03:12:10.802,0.93419,0.9344,2.63,1.05
2011.12.23 03:12:19.762,0.93419,0.9344,2.63,1.05
2011.12.23 03:12:23.764,0.93419,0.9344,2.63,1.05
2011.12.23 03:12:24.303,0.93419,0.9344,2.63,1.05
2011.12.23 03:12:27.391,0.93419,0.9344,2.63,1.05
2011.12.23 03:12:28.633,0.93419,0.9344,2.63,1.05
2011.12.23 03:12:29.681,0.93419,0.9344,2.63,1.05
2011.12.23 03:12:32.566,0.93419,0.93441,2.63,1.05
2011.12.23 03:12:32.916,0.9342,0.93443,2.25,1.02
2011.12.23 03:12:33.718,0.93419,0.93442,2.63,1.02
2011.12.23 03:12:33.924,0.93419,0.93442,2.63,1.09
2011.12.23 03:12:34.616,0.93419,0.93441,2.63,1.09
2011.12.23 03:12:35.194,0.93419,0.93441,2.63,1.09
2011.12.23 03:12:35.744,0.93419,0.93441,2.63,1.09
2011.12.23 03:12:36.603,0.93419,0.93441,2.63,1.09
2011.12.23 03:12:36.948,0.9342,0.93445,1.13,4.73
2011.12.23 03:12:37.666,0.93421,0.93445,2.25,2.48
2011.12.23 03:12:37.761,0.9342,0.93445,2.25,3.23
2011.12.23 03:12:38.744,0.9342,0.93445,2.25,3.23
2011.12.23 03:12:39.933,0.9342,0.93445,2.25,3.23
2011.12.23 03:12:42.602,0.9342,0.93445,2.25,3.23
2011.12.23 03:12:54.061,0.9342,0.93445,2.63,3.23
2011.12.23 03:12:55.013,0.9342,0.93445,2.63,3.23
2011.12.23 03:12:55.272,0.9342,0.93445,2.63,3.23
2011.12.23 03:12:55.702,0.9342,0.93445,2.63,3.23
2011.12.23 03:12:56.222,0.9342,0.93445,2.25,3.23
2011.12.23 03:12:59.472,0.9342,0.93445,2.25,3.23
2011.12.23 03:13:00.363,0.9342,0.93445,2.25,3.23
2011.12.23 03:13:01.106,0.9342,0.93445,2.25,3.23
2011.12.23 03:13:02.265,0.9342,0.93445,2.25,3.23
2011.12.23 03:13:04.403,0.9342,0.93445,2.25,3.23
2011.12.23 03:13:10.181,0.9342,0.93445,2.25,3.23
2011.12.23 03:13:11.173,0.9342,0.93445,2.25,3.23
2011.12.23 03:13:12.505,0.9342,0.93445,2.25,3.23
2011.12.23 03:13:14.010,0.9342,0.93445,2.25,3.23
2011.12.23 03:13:15.135,0.9342,0.93445,2.25,3.23
2011.12.23 03:13:15.897,0.9342,0.93445,2.25,3.23
2011.12.23 03:13:16.846,0.9342,0.93445,2.25,3.23
2011.12.23 03:13:19.195,0.9342,0.93445,2.25,3.23
2011.12.23 03:13:19.648,0.9342,0.93445,2.25,3.23
2011.12.23 03:13:20.205,0.9342,0.93445,2.25,3.23
2011.12.23 03:13:20.703,0.9342,0.93445,2.25,3.23
2011.12.23 03:13:21.245,0.9342,0.93445,2.25,3.23
2011.12.23 03:13:22.263,0.9342,0.93445,2.25,3.23
2011.12.23 03:13:29.752,0.9342,0.93445,2.25,3.23
2011.12.23 03:13:30.274,0.9342,0.93445,2.25,3.23
2011.12.23 03:13:30.817,0.9342,0.93445,2.25,3.23
2011.12.23 03:13:33.306,0.93426,0.93445,1.09,3.12
2011.12.23 03:13:33.375,0.93426,0.93445,1.09,3.00
2011.12.23 03:13:33.652,0.93427,0.93445,1.09,2.25
2011.12.23 03:13:34.334,0.93426,0.93451,1.15,1.88
2011.12.23 03:13:34.639,0.93428,0.93452,3.07,2.55
2011.12.23 03:13:35.275,0.93424,0.9345,4.19,2.25
2011.12.23 03:13:35.672,0.93424,0.93451,4.19,1.05
2011.12.23 03:13:36.586,0.93424,0.93451,4.19,1.05
2011.12.23 03:13:36.907,0.93424,0.93452,4.19,2.29
2011.12.23 03:13:37.255,0.93424,0.93452,4.19,2.29
2011.12.23 03:13:37.394,0.93424,0.93452,4.13,2.40
2011.12.23 03:13:41.063,0.93425,0.93452,1.88,2.48
2011.12.23 03:13:44.094,0.93425,0.93452,1.88,2.48
2011.12.23 03:13:44.646,0.93425,0.93449,1.88,2.48
2011.12.23 03:13:46.240,0.93425,0.93449,1.88,2.48
2011.12.23 03:13:46.732,0.93425,0.93449,2.63,2.40
2011.12.23 03:13:50.852,0.93425,0.93449,1.88,2.48
2011.12.23 03:13:53.532,0.93425,0.93449,2.63,2.48
2011.12.23 03:13:53.924,0.93425,0.93449,2.63,2.40
2011.12.23 03:13:54.293,0.93425,0.93449,2.63,2.48
2011.12.23 03:13:54.707,0.93425,0.93449,2.63,2.40
2011.12.23 03:13:55.019,0.93425,0.93449,2.63,2.40
2011.12.23 03:13:58.211,0.93425,0.93448,2.63,1.65
2011.12.23 03:13:58.284,0.93425,0.93448,2.63,1.65
2011.12.23 03:14:00.533,0.93425,0.93449,2.63,2.48
2011.12.23 03:14:01.084,0.93425,0.93449,2.63,2.40
2011.12.23 03:14:01.364,0.93425,0.93449,2.63,2.48
2011.12.23 03:14:04.259,0.93425,0.93449,1.88,2.48
2011.12.23 03:14:04.396,0.93426,0.93449,2.63,2.40
2011.12.23 03:14:04.524,0.93426,0.93449,2.63,2.40
2011.12.23 03:14:05.041,0.93426,0.93449,2.63,2.40
2011.12.23 03:14:05.584,0.93426,0.9345,4.88,2.40
2011.12.23 03:14:06.480,0.93426,0.93452,4.88,4.50
2011.12.23 03:14:06.695,0.93426,0.9345,2.63,2.55
2011.12.23 03:14:07.821,0.93426,0.9345,2.63,2.55
2011.12.23 03:14:08.458,0.93426,0.9345,2.63,2.55
2011.12.23 03:14:08.526,0.93426,0.93448,2.63,1.15
2011.12.23 03:14:09.062,0.93426,0.93446,2.63,1.05
2011.12.23 03:14:12.413,0.93426,0.93446,2.63,1.05
2011.12.23 03:14:16.077,0.93426,0.93446,2.63,1.05
2011.12.23 03:14:19.956,0.93426,0.93446,2.63,1.05
2011.12.23 03:14:25.733,0.93425,0.93446,2.63,1.05
2011.12.23 03:14:27.797,0.93425,0.93448,2.63,1.23
2011.12.23 03:14:28.006,0.93425,0.9345,6.38,1.05
2011.12.23 03:14:28.081,0.93425,0.9345,6.38,1.05
2011.12.23 03:14:28.732,0.93425,0.93451,6.82,1.80
2011.12.23 03:14:36.155,0.93427,0.93451,2.69,1.80
2011.12.23 03:14:44.044,0.93427,0.9345,2.63,1.05
2011.12.23 03:14:58.815,0.93426,0.93451,2.63,2.55
2011.12.23 03:14:59.740,0.93426,0.93451,2.63,2.55
2011.12.23 03:15:00.254,0.93426,0.9345,2.63,2.25
2011.12.23 03:15:01.377,0.93426,0.93451,2.63,1.05
2011.12.23 03:15:05.135,0.93426,0.93451,2.63,2.55
2011.12.23 03:15:05.403,0.93426,0.93451,2.63,2.55
2011.12.23 03:15:06.403,0.93426,0.93451,2.63,2.55
2011.12.23 03:15:07.117,0.93426,0.93451,2.63,2.55
2011.12.23 03:15:07.718,0.93426,0.93451,2.63,2.55
2011.12.23 03:15:07.843,0.93426,0.93451,2.63,2.55
2011.12.23 03:15:10.361,0.93426,0.93451,2.63,2.55
2011.12.23 03:15:10.756,0.93426,0.93451,2.63,1.05
2011.12.23 03:15:16.884,0.93426,0.93451,2.63,1.05
2011.12.23 03:15:21.906,0.93426,0.93451,2.63,2.55
2011.12.23 03:15:22.177,0.93426,0.93451,2.63,2.55
2011.12.23 03:15:22.374,0.93426,0.93451,2.63,2.55
2011.12.23 03:15:27.100,0.93426,0.93451,2.63,1.80
2011.12.23 03:15:27.647,0.93431,0.93454,3.00,2.55
2011.12.23 03:15:51.355,0.9343,0.93455,4.88,2.10
2011.12.23 03:15:51.425,0.9343,0.93455,4.94,2.10
2011.12.23 03:15:52.264,0.9343,0.93454,4.88,2.10
2011.12.23 03:15:52.858,0.9343,0.93452,4.88,1.05
2011.12.23 03:15:53.403,0.9343,0.93453,4.94,1.50
2011.12.23 03:15:53.764,0.93439,0.93462,3.00,2.25
2011.12.23 03:15:54.188,0.93439,0.93463,1.19,2.25
2011.12.23 03:15:56.530,0.93439,0.93463,4.19,3.00
2011.12.23 03:15:57.243,0.93439,0.93463,4.19,2.25
2011.12.23 03:15:57.789,0.93439,0.93463,4.19,3.00
2011.12.23 03:16:02.180,0.93439,0.93463,4.19,3.00
2011.12.23 03:16:02.335,0.93439,0.93463,4.19,3.00
2011.12.23 03:16:10.998,0.93437,0.93463,6.38,3.00
2011.12.23 03:16:11.535,0.93443,0.93463,1.13,2.25
2011.12.23 03:16:11.888,0.93444,0.93464,1.13,2.25
2011.12.23 03:16:11.962,0.93449,0.93467,2.63,1.50
2011.12.23 03:16:12.462,0.93449,0.93472,2.63,2.40
2011.12.23 03:16:12.569,0.93449,0.93473,2.69,1.50
2011.12.23 03:16:12.636,0.93449,0.93475,2.69,1.50
2011.12.23 03:16:13.259,0.93449,0.93475,2.69,1.50
2011.12.23 03:16:13.985,0.93449,0.93476,2.69,1.50
2011.12.23 03:16:14.186,0.93449,0.93476,2.69,1.50
2011.12.23 03:16:14.769,0.93449,0.93475,2.69,1.50
2011.12.23 03:16:16.274,0.93447,0.93475,4.19,1.50
2011.12.23 03:16:16.344,0.93447,0.93475,4.19,1.50
2011.12.23 03:16:16.949,0.93447,0.93475,4.19,1.50
2011.12.23 03:16:17.538,0.93448,0.93474,2.32,1.50
2011.12.23 03:16:18.145,0.93448,0.93474,2.32,1.50
2011.12.23 03:16:18.346,0.93448,0.93474,2.32,1.50
2011.12.23 03:16:18.967,0.93448,0.93476,2.32,2.25
2011.12.23 03:16:19.248,0.93453,0.93474,2.63,1.50
2011.12.23 03:16:19.456,0.93453,0.93474,2.63,2.25
2011.12.23 03:16:27.741,0.93453,0.93474,2.63,2.25
2011.12.23 03:16:28.095,0.93448,0.93471,2.63,2.25
2011.12.23 03:16:32.368,0.93448,0.93472,2.63,2.25
2011.12.23 03:16:51.905,0.93448,0.93471,2.63,2.25
2011.12.23 03:16:53.944,0.93448,0.93471,2.63,2.25
2011.12.23 03:16:54.467,0.93448,0.93471,2.63,2.25
2011.12.23 03:17:05.957,0.93448,0.93472,2.63,2.25
2011.12.23 03:17:08.394,0.93448,0.93472,2.63,2.25
2011.12.23 03:17:10.333,0.93448,0.93472,2.63,2.25
2011.12.23 03:17:19.165,0.93448,0.93472,2.63,2.25
2011.12.23 03:17:19.593,0.93448,0.93472,2.63,2.25
2011.12.23 03:17:21.363,0.93448,0.93472,2.63,2.25
2011.12.23 03:17:26.605,0.93448,0.93468,2.63,1.13
2011.12.23 03:17:26.960,0.93448,0.93468,1.88,2.40
2011.12.23 03:17:31.207,0.93448,0.93467,1.88,2.25
2011.12.23 03:17:47.536,0.93438,0.93466,2.63,2.25
2011.12.23 03:17:47.749,0.93436,0.93462,2.25,2.25
2011.12.23 03:17:48.917,0.93436,0.93462,2.25,2.25
2011.12.23 03:17:49.056,0.93436,0.93462,2.25,2.25
2011.12.23 03:18:12.178,0.93448,0.93465,1.88,2.25
2011.12.23 03:18:12.388,0.93448,0.9347,1.88,2.94
2011.12.23 03:18:12.739,0.93448,0.93472,2.63,2.25
2011.12.23 03:18:13.525,0.93448,0.93472,2.63,2.25
2011.12.23 03:18:14.476,0.93448,0.93472,2.63,2.25
2011.12.23 03:18:14.828,0.93448,0.93472,2.63,2.25
2011.12.23 03:18:15.468,0.93448,0.93472,2.63,2.25
2011.12.23 03:18:15.817,0.93453,0.93477,2.63,3.09
2011.12.23 03:18:18.537,0.93448,0.93472,2.63,2.25
2011.12.23 03:18:18.735,0.93448,0.93472,2.63,2.25
2011.12.23 03:18:19.066,0.93448,0.93472,2.63,2.63
2011.12.23 03:18:20.597,0.93448,0.93472,2.63,2.25
2011.12.23 03:18:23.426,0.93448,0.93472,2.63,2.25
2011.12.23 03:18:23.755,0.93448,0.93472,2.63,2.63
2011.12.23 03:18:25.027,0.93448,0.93472,2.63,2.25
2011.12.23 03:18:25.228,0.93448,0.93472,2.63,3.00
2011.12.23 03:18:25.959,0.93448,0.9347,1.88,2.40
2011.12.23 03:18:26.036,0.93448,0.93467,1.88,2.25
2011.12.23 03:18:36.446,0.93448,0.93467,1.88,2.25
2011.12.23 03:18:37.616,0.93441,0.93467,4.13,2.25
2011.12.23 03:18:50.264,0.93441,0.93467,4.13,2.25
2011.12.23 03:18:50.411,0.93449,0.93468,1.88,3.15
2011.12.23 03:18:51.022,0.93449,0.93474,2.63,2.25
2011.12.23 03:18:51.523,0.93449,0.93475,4.13,2.25
2011.12.23 03:18:51.671,0.93449,0.93475,2.63,2.25
2011.12.23 03:18:52.034,0.93449,0.93475,2.63,1.82
2011.12.23 03:18:52.287,0.93449,0.93475,2.63,1.82
2011.12.23 03:18:52.639,0.93453,0.93474,1.88,2.25
2011.12.23 03:18:54.818,0.93453,0.93474,1.88,2.94
2011.12.23 03:18:55.167,0.93453,0.93471,1.88,1.44
2011.12.23 03:18:57.604,0.93439,0.93461,1.13,3.84
2011.12.23 03:18:57.679,0.93433,0.93456,2.25,1.44
2011.12.23 03:18:57.748,0.93433,0.93456,2.25,2.19
2011.12.23 03:18:58.031,0.9343,0.93446,3.00,1.13
2011.12.23 03:18:58.112,0.93429,0.93446,2.25,1.13
2011.12.23 03:18:58.469,0.93433,0.93447,1.05,1.13
2011.12.23 03:18:58.539,0.93433,0.93447,1.43,1.13
2011.12.23 03:18:58.820,0.93433,0.93447,1.05,1.44
2011.12.23 03:18:59.034,0.93433,0.9345,1.05,1.44
2011.12.23 03:18:59.113,0.93432,0.9345,1.05,1.44
2011.12.23 03:18:59.625,0.93438,0.93452,1.50,1.59
2011.12.23 03:18:59.969,0.93436,0.9345,1.50,1.44
2011.12.23 03:19:00.181,0.93426,0.93452,5.25,3.15
2011.12.23 03:19:00.472,0.93427,0.93453,1.13,1.59
2011.12.23 03:19:08.057,0.93427,0.93453,1.13,1.59
2011.12.23 03:19:13.507,0.93434,0.93453,1.88,1.59
2011.12.23 03:19:17.617,0.93434,0.93457,1.88,2.94
2011.12.23 03:19:17.814,0.93434,0.93457,2.63,2.25
2011.12.23 03:19:24.883,0.93436,0.93463,1.50,3.69
2011.12.23 03:19:25.103,0.93436,0.93463,2.25,1.44
2011.12.23 03:19:25.987,0.93436,0.93462,2.25,2.25
2011.12.23 03:19:26.064,0.93436,0.93462,2.25,2.25
2011.12.23 03:19:26.606,0.93436,0.93462,1.50,2.25
2011.12.23 03:19:27.473,0.93448,0.93462,1.88,2.25
2011.12.23 03:19:28.036,0.93448,0.93466,1.88,1.44
2011.12.23 03:19:28.178,0.93448,0.93466,1.88,1.44
2011.12.23 03:19:31.218,0.93448,0.93465,1.88,1.44
2011.12.23 03:19:31.407,0.93448,0.93465,1.88,1.44
2011.12.23 03:19:31.966,0.93448,0.93467,1.88,2.94
2011.12.23 03:19:32.487,0.93448,0.93466,1.88,1.44
2011.12.23 03:19:34.556,0.93448,0.93466,1.88,1.44
2011.12.23 03:19:34.895,0.93448,0.93466,1.88,1.44
2011.12.23 03:19:35.498,0.93448,0.93465,1.88,1.44
2011.12.23 03:19:36.647,0.93443,0.93467,1.88,2.94
2011.12.23 03:19:37.205,0.93443,0.93462,1.88,3.00
2011.12.23 03:19:40.540,0.93443,0.93463,1.88,2.25
2011.12.23 03:19:41.120,0.93442,0.93464,1.88,2.25
2011.12.23 03:19:49.095,0.93442,0.93464,1.88,2.94
2011.12.23 03:19:51.264,0.93442,0.93464,1.88,2.25
2011.12.23 03:19:51.815,0.93441,0.93464,2.63,2.25
2011.12.23 03:19:52.329,0.93441,0.93464,1.88,2.25
2011.12.23 03:19:52.795,0.93441,0.93464,1.88,2.25
2011.12.23 03:19:52.867,0.93436,0.93464,3.75,2.25
2011.12.23 03:19:53.410,0.93435,0.93458,2.63,2.25
2011.12.23 03:19:53.697,0.93435,0.93458,2.63,2.25
2011.12.23 03:19:54.388,0.93435,0.93458,2.63,2.25
2011.12.23 03:19:54.597,0.93435,0.93458,2.63,2.25
2011.12.23 03:19:55.141,0.93435,0.93458,2.63,4.50
2011.12.23 03:19:55.669,0.93432,0.93458,2.25,4.50
2011.12.23 03:19:56.327,0.93432,0.93458,2.25,4.50
2011.12.23 03:19:56.655,0.93432,0.93455,2.25,3.00
2011.12.23 03:19:57.166,0.93432,0.93455,2.25,3.00
2011.12.23 03:20:02.855,0.93432,0.93455,2.25,3.00
2011.12.23 03:20:03.917,0.93432,0.93455,2.25,3.00
2011.12.23 03:20:04.121,0.93432,0.93455,2.25,3.00
2011.12.23 03:20:04.644,0.93432,0.93455,2.25,3.00
2011.12.23 03:20:08.133,0.93432,0.93455,2.25,3.00
2011.12.23 03:20:08.347,0.93432,0.93455,2.25,3.00
2011.12.23 03:20:10.254,0.93432,0.93455,2.25,3.00
2011.12.23 03:20:13.017,0.9343,0.93455,4.13,3.00
2011.12.23 03:20:13.367,0.9343,0.93455,4.13,3.00
2011.12.23 03:20:14.136,0.9343,0.93455,4.13,3.00
2011.12.23 03:20:21.370,0.9343,0.93455,4.13,3.00
2011.12.23 03:20:21.712,0.9343,0.93455,4.13,3.00
2011.12.23 03:20:22.069,0.93431,0.93455,2.25,3.00
2011.12.23 03:20:22.948,0.93431,0.93455,2.25,3.00
2011.12.23 03:20:23.926,0.93431,0.93455,2.25,3.00
2011.12.23 03:20:24.447,0.93431,0.93455,2.25,3.00
2011.12.23 03:20:24.575,0.93431,0.93455,2.25,3.00
2011.12.23 03:20:25.240,0.93431,0.93455,2.25,3.00
2011.12.23 03:20:26.308,0.93431,0.93455,2.25,3.00
2011.12.23 03:20:27.715,0.93431,0.93455,2.25,3.00
2011.12.23 03:20:29.286,0.93431,0.93455,2.25,3.00
2011.12.23 03:20:29.456,0.93431,0.93455,2.25,3.00
2011.12.23 03:20:30.924,0.93431,0.93455,2.25,3.00
2011.12.23 03:20:31.490,0.93431,0.93455,2.25,3.00
2011.12.23 03:20:56.859,0.9343,0.93454,4.13,1.05
2011.12.23 03:20:57.188,0.9343,0.93455,2.63,3.84
2011.12.23 03:21:06.627,0.9343,0.93453,1.88,1.59
2011.12.23 03:21:08.784,0.9343,0.93453,1.88,1.59
2011.12.23 03:21:15.707,0.9343,0.93454,2.63,1.44
2011.12.23 03:21:24.486,0.9343,0.93455,2.63,4.50
2011.12.23 03:21:25.638,0.9343,0.93455,2.63,4.50
2011.12.23 03:21:25.922,0.93429,0.93455,2.63,3.00
2011.12.23 03:21:26.491,0.9343,0.93453,1.13,2.25
2011.12.23 03:21:26.828,0.9343,0.93455,1.13,3.00
2011.12.23 03:21:29.556,0.93431,0.93455,2.63,3.00
2011.12.23 03:21:29.866,0.93431,0.93455,2.25,3.00
2011.12.23 03:21:30.425,0.93431,0.93455,2.25,3.00
2011.12.23 03:21:30.930,0.93431,0.93455,2.25,3.00
2011.12.23 03:21:31.127,0.93432,0.93455,1.13,3.00
2011.12.23 03:21:34.250,0.93431,0.93455,2.25,3.00
2011.12.23 03:21:38.763,0.93429,0.93455,2.25,2.25
2011.12.23 03:21:42.927,0.93429,0.93455,2.25,2.25
2011.12.23 03:21:49.787,0.93429,0.93455,2.25,2.25
2011.12.23 03:21:50.474,0.93429,0.93455,2.25,2.25
2011.12.23 03:21:50.977,0.93431,0.93456,1.13,3.00
2011.12.23 03:21:51.174,0.9343,0.93456,1.13,3.00
2011.12.23 03:21:51.505,0.9343,0.93456,1.13,3.00
2011.12.23 03:21:52.014,0.93433,0.93456,1.27,2.25
2011.12.23 03:21:52.564,0.93434,0.93456,1.20,2.25
2011.12.23 03:21:53.106,0.93434,0.93456,1.58,2.25
2011.12.23 03:21:55.597,0.93434,0.93456,1.20,2.25
2011.12.23 03:21:56.830,0.93434,0.93456,1.20,2.25
2011.12.23 03:21:57.522,0.93435,0.93455,1.13,2.25
2011.12.23 03:22:06.544,0.93435,0.93455,1.13,2.25
2011.12.23 03:22:07.298,0.93435,0.93455,1.13,2.25
2011.12.23 03:22:26.338,0.93435,0.93455,1.13,2.25
2011.12.23 03:22:26.855,0.93433,0.93455,1.20,2.25
2011.12.23 03:22:28.273,0.93433,0.93455,1.20,2.25
2011.12.23 03:22:28.798,0.9343,0.93455,2.40,3.00
2011.12.23 03:22:29.696,0.9343,0.93455,2.40,3.00
2011.12.23 03:22:30.244,0.9343,0.93455,2.40,3.00
2011.12.23 03:22:49.078,0.93428,0.93455,2.25,3.00
2011.12.23 03:22:49.278,0.93428,0.93455,2.25,3.00
2011.12.23 03:22:49.594,0.93427,0.93453,4.13,2.25
2011.12.23 03:22:49.666,0.93427,0.93453,4.13,2.25
2011.12.23 03:22:54.655,0.93427,0.93453,4.13,2.25
2011.12.23 03:22:55.186,0.93427,0.93453,4.13,2.25
2011.12.23 03:22:55.526,0.93427,0.93453,4.13,2.25
2011.12.23 03:22:57.770,0.93427,0.93453,4.13,2.25
2011.12.23 03:22:58.308,0.93427,0.93452,2.63,2.25
2011.12.23 03:22:58.829,0.93427,0.93452,2.63,2.25
2011.12.23 03:23:07.165,0.93427,0.93452,2.63,2.25
2011.12.23 03:23:08.143,0.93427,0.93452,2.63,2.25
2011.12.23 03:23:10.629,0.93427,0.93452,2.63,2.25
2011.12.23 03:23:11.170,0.93427,0.93452,2.63,2.25
2011.12.23 03:23:11.655,0.93427,0.93453,4.13,2.94
2011.12.23 03:23:12.179,0.93427,0.93453,2.63,2.25
2011.12.23 03:23:12.285,0.93427,0.93453,2.63,2.25
2011.12.23 03:23:12.414,0.93427,0.93453,2.63,2.25
2011.12.23 03:23:12.734,0.93427,0.93453,2.63,2.25
2011.12.23 03:23:13.495,0.93427,0.93453,2.63,2.25
2011.12.23 03:23:13.685,0.93427,0.93453,2.63,2.25
2011.12.23 03:23:20.281,0.93427,0.93453,2.63,2.25
2011.12.23 03:23:25.737,0.93427,0.93453,4.13,2.25
2011.12.23 03:23:26.005,0.93427,0.93453,4.13,2.25
2011.12.23 03:23:26.566,0.93427,0.93454,3.00,2.25
2011.12.23 03:23:26.890,0.93427,0.93454,2.69,2.25
2011.12.23 03:23:27.394,0.93427,0.93454,2.69,2.25
2011.12.23 03:23:29.453,0.93428,0.93455,2.25,3.00
2011.12.23 03:23:29.975,0.93428,0.93455,2.25,3.00
2011.12.23 03:23:30.879,0.93428,0.93455,2.25,3.00
2011.12.23 03:23:31.505,0.93428,0.93455,2.25,3.00
2011.12.23 03:23:32.558,0.93429,0.93455,2.25,3.00
2011.12.23 03:23:35.868,0.93427,0.93453,4.94,2.25
2011.12.23 03:23:36.235,0.93427,0.93453,4.88,2.25
2011.12.23 03:23:43.604,0.93427,0.93453,2.63,2.25
2011.12.23 03:23:47.506,0.93427,0.93453,2.63,2.25
2011.12.23 03:23:48.068,0.93427,0.93454,2.63,2.25
2011.12.23 03:23:50.192,0.93427,0.93454,2.63,2.25
2011.12.23 03:23:50.408,0.93427,0.93452,2.63,2.25
2011.12.23 03:23:51.052,0.93427,0.93453,4.13,2.25
2011.12.23 03:23:58.127,0.93427,0.93453,4.13,2.25
2011.12.23 03:23:58.584,0.93427,0.93452,2.63,2.25
2011.12.23 03:24:30.217,0.93426,0.93451,2.63,2.25
2011.12.23 03:24:38.656,0.93427,0.93454,2.63,4.50
2011.12.23 03:24:51.457,0.93429,0.93456,4.13,3.00
2011.12.23 03:24:56.174,0.9343,0.93456,2.25,4.50
2011.12.23 03:24:56.513,0.93432,0.93456,2.25,3.00
2011.12.23 03:24:57.565,0.93432,0.93456,2.25,3.00
2011.12.23 03:25:00.950,0.93434,0.93456,2.63,3.00
2011.12.23 03:25:01.255,0.93434,0.93458,4.88,3.00
2011.12.23 03:25:02.769,0.9343,0.93455,4.19,3.00
2011.12.23 03:25:04.885,0.93432,0.93455,2.25,3.00
2011.12.23 03:25:11.434,0.93432,0.93455,2.25,2.25
2011.12.23 03:25:11.991,0.93432,0.93455,2.25,3.00
2011.12.23 03:25:25.186,0.93432,0.93455,2.25,3.00
2011.12.23 03:25:25.914,0.93432,0.93455,2.25,3.00
2011.12.23 03:25:26.196,0.93432,0.93455,2.25,3.00
2011.12.23 03:25:26.939,0.9343,0.93455,2.25,3.00
2011.12.23 03:25:27.714,0.9343,0.93455,2.25,3.00
2011.12.23 03:25:28.094,0.93431,0.93455,2.25,3.00
2011.12.23 03:25:29.326,0.93431,0.93455,2.25,3.00
2011.12.23 03:25:35.307,0.93431,0.93455,2.25,3.00
2011.12.23 03:25:35.636,0.93434,0.93456,2.25,2.25
2011.12.23 03:25:36.186,0.93433,0.93455,2.25,2.25
2011.12.23 03:25:37.074,0.93435,0.93456,2.25,2.25
2011.12.23 03:25:43.036,0.93435,0.93456,2.25,2.25
2011.12.23 03:25:43.719,0.93433,0.93455,2.25,2.25
2011.12.23 03:25:50.961,0.93435,0.93456,2.25,2.25
2011.12.23 03:25:54.248,0.93435,0.93456,2.25,2.25
2011.12.23 03:26:03.648,0.93432,0.93456,2.32,2.25
2011.12.23 03:26:03.966,0.93429,0.93455,4.19,4.50
2011.12.23 03:26:09.963,0.9343,0.93455,2.25,3.00
2011.12.23 03:26:10.313,0.9343,0.93455,2.25,3.00
2011.12.23 03:26:18.674,0.9343,0.93455,2.25,3.00
2011.12.23 03:26:18.817,0.9343,0.93455,2.25,3.00
2011.12.23 03:26:19.346,0.9343,0.93455,2.25,3.00
2011.12.23 03:26:19.596,0.9343,0.93456,2.25,4.50
2011.12.23 03:26:19.927,0.93427,0.93454,3.07,2.25
2011.12.23 03:26:20.251,0.93427,0.93454,3.07,2.25
2011.12.23 03:26:26.164,0.93427,0.93454,3.07,2.25
2011.12.23 03:26:28.175,0.93427,0.93454,3.07,2.25
2011.12.23 03:26:28.727,0.93427,0.93454,3.44,1.50
2011.12.23 03:26:30.144,0.93427,0.93454,3.44,2.25
2011.12.23 03:26:45.559,0.93427,0.93454,3.07,2.25
2011.12.23 03:26:47.526,0.93429,0.93455,2.25,2.25
2011.12.23 03:26:52.299,0.93429,0.93455,2.25,2.25
2011.12.23 03:26:53.386,0.93429,0.93455,2.96,2.25
2011.12.23 03:26:54.001,0.93429,0.93455,2.25,2.25
2011.12.23 03:26:55.066,0.93429,0.93455,2.25,2.25
2011.12.23 03:26:57.061,0.93429,0.93455,2.25,2.25
2011.12.23 03:26:59.227,0.93427,0.93452,1.13,2.25
2011.12.23 03:27:31.167,0.93425,0.93451,4.13,2.40
2011.12.23 03:28:07.269,0.93425,0.93452,2.63,2.25
2011.12.23 03:28:07.555,0.93428,0.93453,2.32,3.00
2011.12.23 03:28:08.039,0.9343,0.93455,2.25,3.00
2011.12.23 03:28:08.277,0.9343,0.93455,2.25,3.00
2011.12.23 03:28:08.796,0.9343,0.93455,2.25,3.00
2011.12.23 03:28:13.239,0.9343,0.93455,2.25,2.25
2011.12.23 03:28:13.779,0.93431,0.93456,2.32,3.00
2011.12.23 03:28:14.317,0.93431,0.93456,2.32,3.00
2011.12.23 03:28:16.008,0.93431,0.93456,2.32,2.25
2011.12.23 03:28:17.378,0.93431,0.93456,2.32,3.00
2011.12.23 03:28:17.746,0.93431,0.93456,2.25,3.00
2011.12.23 03:28:17.945,0.93432,0.93456,2.25,2.25
2011.12.23 03:28:24.757,0.9343,0.93456,2.69,2.25
2011.12.23 03:28:25.315,0.9343,0.93456,2.69,2.25
2011.12.23 03:28:26.762,0.9343,0.93456,2.32,3.00
2011.12.23 03:28:27.029,0.93428,0.93456,2.69,4.50
2011.12.23 03:28:27.337,0.93428,0.93456,2.25,4.50
2011.12.23 03:28:28.107,0.9343,0.93456,2.25,4.50
2011.12.23 03:28:28.436,0.9343,0.93456,2.25,4.50
2011.12.23 03:28:28.955,0.9343,0.93456,2.32,4.50
2011.12.23 03:28:40.014,0.9343,0.93456,2.25,4.50
2011.12.23 03:28:40.267,0.9343,0.93456,2.25,4.50
2011.12.23 03:28:43.039,0.93429,0.93456,2.32,3.00
2011.12.23 03:28:43.964,0.93432,0.93456,2.40,2.25
2011.12.23 03:28:46.296,0.93432,0.93453,2.40,2.25
2011.12.23 03:28:46.577,0.93431,0.93453,2.40,2.25
2011.12.23 03:28:46.648,0.93431,0.93455,2.47,2.25
2011.12.23 03:28:46.721,0.93431,0.93455,2.47,2.25
2011.12.23 03:28:47.008,0.93431,0.93455,2.47,3.00
2011.12.23 03:28:47.600,0.93431,0.93455,2.47,2.25
2011.12.23 03:28:47.879,0.93431,0.93455,2.47,2.25
2011.12.23 03:28:48.729,0.93431,0.93455,2.47,2.25
2011.12.23 03:28:48.999,0.93431,0.93455,2.47,2.25
2011.12.23 03:28:49.557,0.93431,0.93455,2.47,2.25
2011.12.23 03:28:53.087,0.93431,0.93455,2.47,2.25
2011.12.23 03:28:54.817,0.93432,0.93455,2.32,2.25
2011.12.23 03:28:55.186,0.9343,0.93455,2.25,2.25
2011.12.23 03:29:14.359,0.93431,0.93455,2.69,2.25
2011.12.23 03:29:14.928,0.93433,0.93455,2.32,2.25
2011.12.23 03:29:15.736,0.93433,0.93455,2.32,2.25
2011.12.23 03:29:16.406,0.93432,0.93455,1.19,2.25
2011.12.23 03:29:17.072,0.93432,0.93455,2.69,2.25
2011.12.23 03:29:18.092,0.93432,0.93455,2.63,3.00
2011.12.23 03:29:18.169,0.93432,0.93445,2.25,2.25
2011.12.23 03:29:18.357,0.93429,0.93445,2.25,2.25
2011.12.23 03:29:18.938,0.9343,0.93445,2.40,2.25
2011.12.23 03:29:20.429,0.9343,0.93455,2.40,3.00
2011.12.23 03:29:21.021,0.93432,0.93455,2.40,2.25
2011.12.23 03:29:21.099,0.93432,0.93455,2.40,2.25
2011.12.23 03:29:29.287,0.93432,0.93455,2.25,2.25
2011.12.23 03:29:31.249,0.93434,0.93456,2.25,3.00
2011.12.23 03:29:31.801,0.93434,0.93455,2.32,2.25
2011.12.23 03:29:34.281,0.93434,0.93452,2.25,1.13
2011.12.23 03:29:34.558,0.93426,0.93446,2.63,2.25
2011.12.23 03:29:35.087,0.9343,0.93445,2.25,2.25
2011.12.23 03:29:35.216,0.9343,0.93445,2.25,2.25
2011.12.23 03:29:36.185,0.93429,0.93445,2.40,2.25
2011.12.23 03:29:36.610,0.93428,0.93445,1.13,2.25
2011.12.23 03:29:37.087,0.93427,0.93445,1.13,2.25
2011.12.23 03:29:38.277,0.93427,0.93445,1.28,2.25
2011.12.23 03:29:40.645,0.93428,0.93445,1.28,2.25
2011.12.23 03:29:41.299,0.93428,0.93445,1.28,2.25
2011.12.23 03:29:41.649,0.93428,0.93445,1.28,2.25
2011.12.23 03:29:41.859,0.93435,0.93454,1.13,1.50
2011.12.23 03:29:42.061,0.93435,0.93457,1.19,1.35
2011.12.23 03:29:42.140,0.93435,0.93459,1.19,2.48
2011.12.23 03:29:42.634,0.93434,0.93459,1.19,1.88
2011.12.23 03:29:47.258,0.93434,0.93459,1.19,2.25
2011.12.23 03:29:47.983,0.93433,0.93457,1.19,1.50
2011.12.23 03:29:48.062,0.93433,0.93459,1.27,3.75
2011.12.23 03:29:48.848,0.93433,0.93458,1.27,1.50
2011.12.23 03:30:00.473,0.93433,0.93458,1.12,2.25
2011.12.23 03:30:01.093,0.93434,0.93459,1.13,5.63
2011.12.23 03:30:01.359,0.93434,0.93459,1.19,3.38
2011.12.23 03:30:01.887,0.93436,0.93459,1.52,3.38
2011.12.23 03:30:03.461,0.93435,0.9346,1.19,2.25
2011.12.23 03:30:03.541,0.93438,0.93462,3.07,2.25
2011.12.23 03:30:04.098,0.93438,0.93462,3.07,2.25
2011.12.23 03:30:04.667,0.93438,0.93462,3.07,2.25
2011.12.23 03:30:04.738,0.93438,0.9346,3.07,1.50
2011.12.23 03:30:05.314,0.93433,0.93459,1.34,2.25
2011.12.23 03:30:06.169,0.93438,0.9346,3.00,1.50
2011.12.23 03:30:06.239,0.93438,0.93462,3.07,3.75
2011.12.23 03:30:06.906,0.93438,0.93461,3.07,1.50
2011.12.23 03:30:07.127,0.93438,0.93458,3.07,1.50
2011.12.23 03:30:07.678,0.93438,0.93458,3.00,1.50
2011.12.23 03:30:08.289,0.93438,0.93458,3.00,1.50
2011.12.23 03:30:08.536,0.93438,0.9346,3.07,1.50
2011.12.23 03:30:08.667,0.93438,0.93462,3.07,3.75
2011.12.23 03:30:09.906,0.93438,0.93462,4.57,2.25
2011.12.23 03:30:11.138,0.93438,0.93462,4.57,2.25
2011.12.23 03:30:12.886,0.93438,0.93462,4.94,2.25
2011.12.23 03:30:16.955,0.93438,0.93462,4.57,2.25
2011.12.23 03:30:17.931,0.93438,0.93462,4.57,3.00
2011.12.23 03:30:23.419,0.93438,0.93462,4.57,3.00
2011.12.23 03:30:25.966,0.93438,0.93462,3.00,3.75
2011.12.23 03:30:26.227,0.93438,0.93462,3.00,4.50
2011.12.23 03:30:37.628,0.93438,0.93462,3.00,4.50
2011.12.23 03:30:37.936,0.93438,0.93461,3.00,1.13
2011.12.23 03:30:38.500,0.93438,0.93461,3.00,2.63
2011.12.23 03:30:40.247,0.93438,0.93461,3.00,2.25
2011.12.23 03:30:40.967,0.93438,0.93461,3.00,2.25
2011.12.23 03:30:41.058,0.93438,0.9346,3.00,1.50
2011.12.23 03:30:42.096,0.93438,0.93462,3.00,4.50
2011.12.23 03:30:45.235,0.93438,0.93462,3.00,2.25
2011.12.23 03:30:45.755,0.93438,0.93462,3.00,2.25
2011.12.23 03:30:47.717,0.93438,0.93462,3.00,2.25
2011.12.23 03:30:48.057,0.93438,0.93462,3.00,3.38
2011.12.23 03:30:48.817,0.93438,0.93462,3.00,3.00
2011.12.23 03:30:51.614,0.93438,0.93462,3.00,3.00
2011.12.23 03:30:57.882,0.93438,0.93462,3.07,2.25
2011.12.23 03:30:59.046,0.93438,0.93462,3.07,3.00
2011.12.23 03:30:59.178,0.93438,0.93462,3.07,3.00
2011.12.23 03:30:59.746,0.93438,0.93462,3.07,3.00
2011.12.23 03:31:00.258,0.93438,0.9346,3.07,1.50
2011.12.23 03:31:00.507,0.93438,0.93462,3.00,4.50
2011.12.23 03:31:00.889,0.93438,0.9346,3.00,2.25
2011.12.23 03:31:01.381,0.93438,0.93462,3.00,4.50
2011.12.23 03:32:01.373,0.93438,0.9346,2.25,1.50
2011.12.23 03:32:04.004,0.93438,0.93461,2.25,1.50
2011.12.23 03:32:12.946,0.93438,0.93461,3.00,2.25
2011.12.23 03:32:13.315,0.93438,0.93462,3.00,3.00
2011.12.23 03:32:26.905,0.93438,0.9346,3.00,2.25
2011.12.23 03:32:27.099,0.93438,0.93461,3.00,2.25
2011.12.23 03:32:27.610,0.93438,0.93461,3.00,2.25
2011.12.23 03:32:27.915,0.93438,0.93462,3.00,3.38
2011.12.23 03:32:29.319,0.93438,0.93462,3.00,3.00
2011.12.23 03:32:31.612,0.93438,0.93462,3.00,3.00
2011.12.23 03:32:32.006,0.93438,0.93462,4.57,2.25
2011.12.23 03:32:55.129,0.93438,0.93462,4.57,2.25
2011.12.23 03:32:55.668,0.93438,0.93462,4.57,2.25
2011.12.23 03:32:59.992,0.93441,0.93467,2.85,2.25
2011.12.23 03:33:00.270,0.93451,0.93475,1.35,2.25
2011.12.23 03:33:00.597,0.93451,0.93475,1.42,1.50
2011.12.23 03:33:01.473,0.93451,0.93475,1.35,1.50
2011.12.23 03:33:01.998,0.93449,0.93475,2.25,1.50
2011.12.23 03:33:02.139,0.93454,0.93477,2.63,1.50
2011.12.23 03:33:02.207,0.93454,0.93477,2.63,1.50
2011.12.23 03:33:02.760,0.93454,0.93476,2.63,1.13
2011.12.23 03:33:02.970,0.93454,0.93476,2.63,2.63
2011.12.23 03:33:05.867,0.93452,0.93475,2.63,1.13
2011.12.23 03:33:09.289,0.93452,0.93476,2.63,2.63
2011.12.23 03:33:09.845,0.93452,0.93475,2.63,1.13
2011.12.23 03:33:11.209,0.93452,0.93476,2.63,2.63
2011.12.23 03:33:12.154,0.93452,0.93476,2.63,2.63
2011.12.23 03:33:13.638,0.93452,0.93476,2.63,2.25
2011.12.23 03:33:13.897,0.93452,0.93476,2.63,2.25
2011.12.23 03:33:15.389,0.93452,0.93476,2.63,2.25
2011.12.23 03:33:15.907,0.93452,0.93476,2.63,2.63
2011.12.23 03:33:20.240,0.93452,0.93475,2.63,1.13
2011.12.23 03:33:20.873,0.93452,0.93475,4.13,1.13
2011.12.23 03:33:21.507,0.93456,0.93479,2.25,1.13
2011.12.23 03:33:21.648,0.93456,0.93479,2.25,1.13
2011.12.23 03:33:21.718,0.93456,0.9348,2.25,1.13
2011.12.23 03:33:21.920,0.93455,0.93478,2.25,1.13
2011.12.23 03:33:23.368,0.93455,0.93478,2.25,1.13
2011.12.23 03:33:27.690,0.93454,0.93477,2.63,1.13
2011.12.23 03:33:28.315,0.93454,0.93477,2.63,1.13
2011.12.23 03:33:28.976,0.93452,0.93477,2.25,1.13
2011.12.23 03:33:29.309,0.93451,0.93477,2.63,1.13
2011.12.23 03:33:30.831,0.93452,0.93478,2.25,2.63
2011.12.23 03:33:31.165,0.93452,0.93477,2.25,1.13
2011.12.23 03:33:31.520,0.93452,0.93477,2.25,1.13
2011.12.23 03:33:33.356,0.93453,0.93477,2.63,1.13
2011.12.23 03:33:33.893,0.93453,0.93476,2.63,1.13
2011.12.23 03:33:36.280,0.93453,0.93479,2.63,1.13
2011.12.23 03:33:36.417,0.93453,0.9348,4.19,1.88
2011.12.23 03:33:36.846,0.93453,0.93479,4.19,1.13
2011.12.23 03:33:37.405,0.93453,0.93479,4.19,1.13
2011.12.23 03:33:37.598,0.93453,0.93477,2.25,1.13
2011.12.23 03:33:40.192,0.93452,0.93478,6.38,1.13
2011.12.23 03:33:40.917,0.93452,0.93478,6.38,1.13
2011.12.23 03:33:41.306,0.93453,0.93477,2.25,1.13
2011.12.23 03:33:42.570,0.93453,0.93477,2.25,1.13
2011.12.23 03:33:43.654,0.93453,0.93479,2.25,4.88
2011.12.23 03:33:43.867,0.93445,0.93469,2.63,2.25
2011.12.23 03:33:44.407,0.93445,0.9347,2.63,2.25
2011.12.23 03:33:44.609,0.93445,0.9347,2.63,2.25
2011.12.23 03:33:46.190,0.93445,0.9347,1.88,2.25
2011.12.23 03:33:48.714,0.93445,0.93467,1.88,2.25
2011.12.23 03:33:49.434,0.93445,0.93467,1.88,2.25
2011.12.23 03:33:49.686,0.93445,0.93467,1.88,2.25
2011.12.23 03:33:49.879,0.93445,0.93468,1.88,2.25
2011.12.23 03:33:50.388,0.93445,0.93465,1.88,2.25
2011.12.23 03:33:50.728,0.93445,0.93462,1.88,1.44
2011.12.23 03:33:51.198,0.93442,0.93457,1.88,1.44
2011.12.23 03:33:51.270,0.93439,0.93457,2.25,1.44
2011.12.23 03:33:51.551,0.93439,0.93456,2.25,1.44
2011.12.23 03:33:52.332,0.93439,0.93457,2.25,1.44
2011.12.23 03:33:53.190,0.93439,0.93459,2.25,1.44
2011.12.23 03:33:53.788,0.93439,0.93458,2.25,1.44
2011.12.23 03:33:54.168,0.93439,0.93458,2.25,1.44
2011.12.23 03:33:55.197,0.93439,0.93459,2.25,1.44
2011.12.23 03:33:55.469,0.93441,0.93467,1.50,2.94
2011.12.23 03:33:55.539,0.93441,0.93467,2.25,2.94
2011.12.23 03:33:55.786,0.93441,0.93467,2.25,2.25
2011.12.23 03:33:56.717,0.93441,0.93466,2.25,1.44
2011.12.23 03:33:57.266,0.93441,0.93466,1.50,1.44
2011.12.23 03:33:57.870,0.93441,0.93466,2.25,1.44
2011.12.23 03:33:58.505,0.93439,0.93465,4.50,2.25
2011.12.23 03:34:05.133,0.93439,0.93465,4.50,2.25
2011.12.23 03:34:05.358,0.93439,0.93465,4.50,2.25
2011.12.23 03:34:12.786,0.93439,0.93465,4.50,2.25
2011.12.23 03:34:13.288,0.93439,0.93465,4.50,2.25
2011.12.23 03:34:13.854,0.93439,0.93465,4.50,2.25
2011.12.23 03:34:22.430,0.93439,0.93465,4.50,2.25
2011.12.23 03:34:22.964,0.93439,0.93465,4.50,2.25
2011.12.23 03:34:24.099,0.93439,0.93465,4.50,2.25
2011.12.23 03:34:24.640,0.93439,0.93464,3.00,2.25
2011.12.23 03:34:25.376,0.93439,0.93461,2.25,2.25
2011.12.23 03:34:26.098,0.93439,0.9346,2.25,1.44
2011.12.23 03:34:26.617,0.93439,0.93459,2.25,1.44
2011.12.23 03:34:27.115,0.93439,0.93456,2.25,1.44
2011.12.23 03:34:28.476,0.93439,0.93457,2.25,1.44
2011.12.23 03:34:29.019,0.93439,0.93456,2.25,1.44
2011.12.23 03:34:29.336,0.93439,0.93457,2.25,1.44
2011.12.23 03:34:29.866,0.93439,0.93459,2.25,1.44
2011.12.23 03:34:31.290,0.93439,0.93459,2.25,1.44
2011.12.23 03:34:31.836,0.93439,0.93461,2.25,1.44
2011.12.23 03:34:31.908,0.93439,0.93461,3.00,1.44
2011.12.23 03:34:32.218,0.93439,0.93466,3.38,2.25
2011.12.23 03:34:35.667,0.93443,0.93467,1.50,1.44
2011.12.23 03:34:36.224,0.93443,0.9347,2.25,3.69
2011.12.23 03:34:36.773,0.93443,0.9347,2.25,3.00
2011.12.23 03:34:37.208,0.93446,0.9347,2.25,3.00
2011.12.23 03:34:37.526,0.93447,0.9347,2.25,3.00
2011.12.23 03:34:38.077,0.93447,0.9347,2.25,3.00
2011.12.23 03:34:38.429,0.93449,0.93477,2.25,6.38
2011.12.23 03:34:38.558,0.93449,0.93476,2.25,3.00
2011.12.23 03:34:39.100,0.93452,0.93478,2.25,2.25
2011.12.23 03:34:39.311,0.93452,0.93478,2.25,2.25
2011.12.23 03:34:40.167,0.9345,0.93475,2.63,2.25
2011.12.23 03:34:40.828,0.93446,0.93472,4.13,2.25
2011.12.23 03:34:40.903,0.93446,0.93474,4.13,2.25
2011.12.23 03:34:40.978,0.93446,0.93474,4.13,2.25
2011.12.23 03:34:41.248,0.93446,0.93474,4.13,2.25
2011.12.23 03:34:41.787,0.93446,0.93474,4.13,2.94
2011.12.23 03:34:42.374,0.93446,0.93474,4.13,2.94
2011.12.23 03:34:43.117,0.93446,0.93474,4.13,2.25
2011.12.23 03:34:43.960,0.93447,0.9347,2.63,2.25
2011.12.23 03:34:44.160,0.93447,0.9347,2.63,2.25
2011.12.23 03:34:45.369,0.93447,0.93472,2.63,2.25
2011.12.23 03:34:45.985,0.93447,0.93472,2.63,2.25
2011.12.23 03:34:48.918,0.93447,0.93472,1.88,2.25
2011.12.23 03:34:49.272,0.93447,0.93472,2.63,2.25
2011.12.23 03:34:49.408,0.93447,0.93472,2.63,2.25
2011.12.23 03:34:50.076,0.93447,0.93472,2.63,2.25
2011.12.23 03:34:53.146,0.93447,0.93472,2.63,2.25
2011.12.23 03:34:54.276,0.93447,0.93472,2.63,2.25
2011.12.23 03:34:55.555,0.93447,0.93472,2.63,2.25
2011.12.23 03:34:56.076,0.93447,0.93472,1.88,2.25
2011.12.23 03:34:56.606,0.93447,0.93472,2.63,2.25
2011.12.23 03:34:58.996,0.93447,0.93472,2.63,2.25
2011.12.23 03:35:02.817,0.93447,0.93472,1.88,2.25
2011.12.23 03:35:05.137,0.93447,0.93472,2.63,2.25
2011.12.23 03:35:06.846,0.93447,0.93472,2.63,2.25
2011.12.23 03:35:07.424,0.93447,0.93472,2.63,2.25
2011.12.23 03:35:08.496,0.93447,0.93472,1.88,2.25
2011.12.23 03:35:16.628,0.93447,0.93472,2.63,2.25
2011.12.23 03:35:17.188,0.93447,0.93473,2.63,2.25
2011.12.23 03:35:24.797,0.93447,0.93473,2.63,2.25
2011.12.23 03:35:27.647,0.93447,0.93473,2.63,2.25
2011.12.23 03:35:33.696,0.93447,0.93473,2.63,2.25
2011.12.23 03:35:40.625,0.93447,0.93473,2.63,2.25
2011.12.23 03:35:42.917,0.93447,0.93473,2.63,2.25
2011.12.23 03:35:45.166,0.93447,0.93473,2.63,2.25
2011.12.23 03:35:50.715,0.93447,0.93473,2.63,2.25
2011.12.23 03:35:52.115,0.93447,0.93473,2.63,2.25
2011.12.23 03:35:55.071,0.93447,0.93473,4.13,2.25
2011.12.23 03:35:55.736,0.93447,0.93472,2.63,2.25
2011.12.23 03:35:56.285,0.93447,0.93472,2.63,2.25
2011.12.23 03:35:56.598,0.93447,0.93472,2.63,2.25
2011.12.23 03:35:56.786,0.93447,0.93472,2.63,2.25
2011.12.23 03:35:57.036,0.93447,0.93472,2.63,2.25
2011.12.23 03:36:20.920,0.93447,0.93472,2.63,2.25
2011.12.23 03:36:25.306,0.93447,0.93473,2.63,2.25
2011.12.23 03:36:27.986,0.93447,0.93473,2.63,2.25
2011.12.23 03:36:28.538,0.93447,0.93473,2.63,2.25
2011.12.23 03:36:30.615,0.93447,0.9347,1.88,2.25
2011.12.23 03:36:32.575,0.93447,0.9347,1.88,2.25
2011.12.23 03:36:33.192,0.93447,0.9347,2.63,2.25
2011.12.23 03:36:35.046,0.93447,0.9347,1.88,2.25
2011.12.23 03:36:38.447,0.93447,0.9347,1.88,2.25
2011.12.23 03:36:40.778,0.93447,0.9347,2.63,2.25
2011.12.23 03:36:41.545,0.93447,0.9347,1.88,2.25
2011.12.23 03:36:42.838,0.93447,0.9347,2.63,1.50
2011.12.23 03:36:42.911,0.93447,0.93474,2.63,2.25
2011.12.23 03:36:43.036,0.93447,0.93474,2.63,2.25
2011.12.23 03:36:43.347,0.93447,0.93474,2.63,2.25
2011.12.23 03:36:43.715,0.93447,0.93472,2.63,2.25
2011.12.23 03:36:44.527,0.93447,0.93473,2.63,2.25
2011.12.23 03:36:48.743,0.93447,0.93474,2.63,2.25
2011.12.23 03:36:49.367,0.93447,0.93475,4.13,2.25
2011.12.23 03:36:49.948,0.93447,0.93475,3.38,2.25
2011.12.23 03:36:50.856,0.93447,0.93472,2.63,2.25
2011.12.23 03:36:51.557,0.93447,0.93472,2.63,2.25
2011.12.23 03:36:52.107,0.93447,0.93474,1.88,2.25
2011.12.23 03:36:52.236,0.93447,0.93472,2.63,2.25
2011.12.23 03:36:52.436,0.93447,0.93472,2.63,2.25
2011.12.23 03:36:52.627,0.93447,0.93472,2.63,2.25
2011.12.23 03:36:52.936,0.93447,0.93472,2.63,2.25
2011.12.23 03:36:53.407,0.93447,0.93472,2.63,2.25
2011.12.23 03:36:56.772,0.93447,0.93472,2.63,2.25
2011.12.23 03:36:57.277,0.93447,0.93473,4.13,2.25
2011.12.23 03:36:57.596,0.93447,0.93473,2.63,2.25
2011.12.23 03:36:57.667,0.93447,0.93473,2.63,2.25
2011.12.23 03:36:57.882,0.93447,0.93473,2.63,2.25
2011.12.23 03:36:59.536,0.93447,0.93473,2.63,2.25
2011.12.23 03:37:00.047,0.93447,0.93473,2.63,2.25
2011.12.23 03:37:00.568,0.93447,0.93473,1.88,2.25
2011.12.23 03:37:01.076,0.93447,0.93473,1.88,2.25
2011.12.23 03:37:01.389,0.93447,0.93472,2.63,2.25
2011.12.23 03:37:01.516,0.93447,0.93472,2.63,2.25
2011.12.23 03:37:02.088,0.93447,0.93473,2.63,2.25
2011.12.23 03:37:02.276,0.93447,0.93473,2.63,2.25
2011.12.23 03:37:03.250,0.93447,0.93473,1.88,2.25
2011.12.23 03:37:03.796,0.93447,0.93472,2.63,2.25
2011.12.23 03:37:04.346,0.93447,0.93472,2.63,2.25
2011.12.23 03:37:10.081,0.93447,0.93473,4.13,2.25
2011.12.23 03:37:13.973,0.93447,0.93473,2.63,2.25
2011.12.23 03:38:03.417,0.93447,0.93473,2.63,2.25
2011.12.23 03:38:59.591,0.93449,0.93475,2.25,2.25
2011.12.23 03:39:00.941,0.93447,0.93475,4.13,2.25
2011.12.23 03:39:01.287,0.93447,0.93472,1.88,2.25
2011.12.23 03:39:01.420,0.93447,0.93472,2.63,2.25
2011.12.23 03:39:02.599,0.93447,0.93474,2.63,2.25
2011.12.23 03:39:03.327,0.93447,0.93472,2.63,1.50
2011.12.23 03:39:04.002,0.93447,0.93473,2.63,2.25
2011.12.23 03:39:05.278,0.93447,0.93473,2.63,2.25
2011.12.23 03:39:07.048,0.93447,0.93473,4.13,2.25
2011.12.23 03:39:07.631,0.93447,0.93473,4.13,2.25
2011.12.23 03:39:11.898,0.93447,0.93475,4.13,2.25
2011.12.23 03:39:12.459,0.93449,0.93475,2.25,2.25
2011.12.23 03:39:14.357,0.93448,0.93474,2.25,2.25
2011.12.23 03:39:23.658,0.93448,0.93474,2.25,2.25
2011.12.23 03:39:24.193,0.93448,0.93476,2.25,2.25
2011.12.23 03:39:25.101,0.93448,0.93475,2.63,2.25
2011.12.23 03:39:25.797,0.93448,0.93475,2.63,2.25
2011.12.23 03:39:27.393,0.93448,0.9347,1.88,2.25
2011.12.23 03:39:27.740,0.93448,0.9347,1.88,2.25
2011.12.23 03:39:28.298,0.93448,0.93472,2.63,2.25
2011.12.23 03:39:28.369,0.93448,0.93472,2.63,2.25
2011.12.23 03:39:29.739,0.93448,0.93472,2.63,2.25
2011.12.23 03:39:30.334,0.93448,0.93472,2.63,2.25
2011.12.23 03:39:32.166,0.93448,0.93472,2.63,2.25
2011.12.23 03:39:32.698,0.93448,0.93472,2.63,2.25
2011.12.23 03:39:33.390,0.93448,0.93472,1.88,2.25
2011.12.23 03:39:50.068,0.93448,0.93472,1.88,2.25
2011.12.23 03:39:51.358,0.93448,0.93471,1.88,2.25
2011.12.23 03:39:59.441,0.93448,0.93471,1.88,2.25
2011.12.23 03:40:04.520,0.93448,0.93471,1.88,2.25
2011.12.23 03:40:05.179,0.93448,0.93471,1.88,2.25
2011.12.23 03:40:05.923,0.93448,0.93472,1.88,2.25
2011.12.23 03:40:06.367,0.93448,0.93472,1.88,2.25
2011.12.23 03:40:09.312,0.93448,0.93472,1.88,2.25
2011.12.23 03:40:09.761,0.93448,0.9347,1.88,2.25
2011.12.23 03:40:10.296,0.93448,0.93471,1.88,2.25
2011.12.23 03:40:10.729,0.93448,0.93471,1.88,2.25
2011.12.23 03:40:11.557,0.93448,0.93472,1.88,2.25
2011.12.23 03:40:11.697,0.93448,0.93472,1.88,2.25
2011.12.23 03:40:17.869,0.93448,0.93473,2.63,2.25
2011.12.23 03:40:18.651,0.93448,0.93473,2.63,2.25
2011.12.23 03:40:19.215,0.93448,0.93473,2.63,2.25
2011.12.23 03:40:19.737,0.93448,0.93474,1.88,2.25
2011.12.23 03:40:20.008,0.93448,0.93474,2.63,2.25
2011.12.23 03:40:22.726,0.93448,0.93473,2.63,2.25
2011.12.23 03:40:23.166,0.93448,0.93473,2.63,2.25
2011.12.23 03:40:23.729,0.93448,0.93473,2.63,2.25
2011.12.23 03:40:29.207,0.93448,0.93473,1.88,2.25
2011.12.23 03:40:33.826,0.93448,0.93473,1.88,2.25
2011.12.23 03:40:34.136,0.93448,0.93473,1.88,2.25
2011.12.23 03:40:35.774,0.93448,0.93473,1.88,2.25
2011.12.23 03:40:35.850,0.93448,0.93473,2.63,2.25
2011.12.23 03:40:46.687,0.93448,0.93471,1.88,2.25
2011.12.23 03:40:47.008,0.93448,0.93471,1.88,2.25
2011.12.23 03:40:47.696,0.93448,0.93471,1.88,2.25
2011.12.23 03:40:56.837,0.93448,0.93471,1.88,2.25
2011.12.23 03:40:57.346,0.93448,0.93471,1.88,2.25
2011.12.23 03:40:58.347,0.93448,0.93471,1.88,2.25
2011.12.23 03:41:05.500,0.93448,0.93473,2.63,2.25
2011.12.23 03:41:06.370,0.93448,0.93475,2.63,2.25
2011.12.23 03:41:07.353,0.93448,0.93474,4.13,2.25
2011.12.23 03:42:05.880,0.93448,0.93472,2.63,1.50
2011.12.23 03:42:06.198,0.93448,0.9347,1.88,2.25
2011.12.23 03:42:07.814,0.93448,0.9347,1.88,2.25
2011.12.23 03:42:08.208,0.93448,0.9347,1.88,2.25
2011.12.23 03:42:09.787,0.93448,0.9347,1.88,2.25
2011.12.23 03:42:10.548,0.93448,0.9347,1.88,2.25
2011.12.23 03:42:11.257,0.93448,0.9347,1.88,2.25
2011.12.23 03:42:12.179,0.93448,0.9347,1.88,2.25
2011.12.23 03:42:12.790,0.93448,0.9347,1.88,2.25
2011.12.23 03:42:13.336,0.93448,0.93469,1.88,2.25
2011.12.23 03:42:13.783,0.93448,0.93469,1.88,2.25
2011.12.23 03:42:14.038,0.93448,0.93469,1.88,2.25
2011.12.23 03:42:15.827,0.93448,0.93469,1.88,2.25
2011.12.23 03:42:16.377,0.93448,0.9347,1.88,2.25
2011.12.23 03:42:16.926,0.93448,0.9347,1.88,2.25
2011.12.23 03:42:17.428,0.93448,0.9347,1.88,2.25
2011.12.23 03:42:17.976,0.93448,0.93471,1.88,2.25
2011.12.23 03:42:18.226,0.93448,0.9347,1.88,2.25
2011.12.23 03:42:19.803,0.93448,0.9347,1.88,2.25
2011.12.23 03:42:20.116,0.93448,0.9347,1.88,2.25
2011.12.23 03:42:20.547,0.93448,0.9347,1.88,2.25
2011.12.23 03:42:21.040,0.93448,0.9347,1.88,2.25
2011.12.23 03:42:22.867,0.93448,0.9347,1.88,2.25
2011.12.23 03:42:23.057,0.93448,0.9347,1.88,2.25
2011.12.23 03:42:23.486,0.93448,0.9347,1.88,2.25
2011.12.23 03:42:24.728,0.93448,0.9347,1.88,2.25
2011.12.23 03:42:25.403,0.93448,0.93472,2.63,2.25
2011.12.23 03:42:25.483,0.93448,0.93474,2.63,2.25
2011.12.23 03:42:27.398,0.93448,0.93474,2.63,1.50
2011.12.23 03:42:28.062,0.93448,0.93476,4.13,2.25
2011.12.23 03:42:33.174,0.93448,0.93474,4.13,1.50
2011.12.23 03:42:33.828,0.93448,0.93476,4.13,2.25
2011.12.23 03:42:35.229,0.93448,0.93474,4.13,1.50
2011.12.23 03:42:49.061,0.93448,0.93476,4.13,2.25
2011.12.23 03:42:59.708,0.93448,0.93476,4.13,2.25
2011.12.23 03:43:00.362,0.93448,0.93476,4.13,2.25
2011.12.23 03:43:00.432,0.93448,0.93476,4.13,2.25
2011.12.23 03:43:26.382,0.93448,0.93473,2.63,1.50
2011.12.23 03:43:26.452,0.93448,0.93473,2.63,2.25
2011.12.23 03:43:26.994,0.93448,0.93468,2.63,2.25
2011.12.23 03:43:27.330,0.93448,0.93468,1.88,2.25
2011.12.23 03:43:27.788,0.93448,0.9347,2.63,2.25
2011.12.23 03:43:28.331,0.93448,0.9347,1.88,2.25
2011.12.23 03:43:30.178,0.93448,0.93469,1.88,2.25
2011.12.23 03:43:30.253,0.93448,0.93471,2.63,2.25
2011.12.23 03:43:30.568,0.93448,0.93469,2.63,1.50
2011.12.23 03:43:31.140,0.93448,0.9347,2.63,2.25
2011.12.23 03:43:31.828,0.93448,0.9347,2.63,2.25
2011.12.23 03:43:32.211,0.93448,0.9347,1.88,2.25
2011.12.23 03:43:32.961,0.93448,0.9347,1.88,2.25
2011.12.23 03:43:34.002,0.93448,0.9347,1.88,2.25
2011.12.23 03:43:35.318,0.93448,0.9347,2.63,2.25
2011.12.23 03:43:35.877,0.93448,0.9347,1.88,2.25
2011.12.23 03:43:39.315,0.93448,0.93471,1.88,2.25
2011.12.23 03:43:39.827,0.93448,0.93471,2.63,2.25
2011.12.23 03:43:40.018,0.93448,0.93474,2.63,2.25
2011.12.23 03:43:40.269,0.93449,0.93475,2.25,2.25
2011.12.23 03:43:40.479,0.93448,0.93475,2.63,2.25
2011.12.23 03:43:41.660,0.93448,0.93473,2.63,1.50
2011.12.23 03:43:41.735,0.93448,0.93473,2.63,2.25
2011.12.23 03:43:41.884,0.93448,0.9347,2.63,1.50
2011.12.23 03:43:42.702,0.93448,0.93471,2.63,2.25
2011.12.23 03:43:43.230,0.93448,0.93471,2.63,2.25
2011.12.23 03:43:43.670,0.93448,0.93469,2.63,2.25
2011.12.23 03:43:44.211,0.93448,0.93471,2.63,2.25
2011.12.23 03:43:47.036,0.93448,0.93471,2.63,2.25
2011.12.23 03:43:47.609,0.93448,0.93471,2.63,2.25
2011.12.23 03:43:47.678,0.93448,0.93471,2.63,2.25
2011.12.23 03:43:48.236,0.93448,0.93471,2.63,2.25
2011.12.23 03:43:48.748,0.93448,0.93471,2.63,2.25
2011.12.23 03:43:49.125,0.93448,0.93471,2.63,2.25
2011.12.23 03:43:49.316,0.93448,0.93471,2.63,2.25
2011.12.23 03:43:53.748,0.93448,0.93473,2.63,2.25
2011.12.23 03:43:53.953,0.93448,0.93473,2.63,2.25
2011.12.23 03:43:55.330,0.93448,0.93473,2.63,2.25
2011.12.23 03:43:55.669,0.93448,0.9347,2.63,2.25
2011.12.23 03:43:55.810,0.93448,0.9347,1.88,2.25
2011.12.23 03:43:56.492,0.93448,0.93472,2.63,2.25
2011.12.23 03:43:57.657,0.93448,0.93472,2.63,2.25
2011.12.23 03:43:57.849,0.93448,0.93472,2.63,2.25
2011.12.23 03:43:58.964,0.93448,0.9347,2.63,2.25
2011.12.23 03:43:59.496,0.93448,0.9347,2.63,2.25
2011.12.23 03:44:00.392,0.93448,0.9347,2.63,1.50
2011.12.23 03:44:02.139,0.93448,0.9347,2.63,2.25
2011.12.23 03:44:02.217,0.93448,0.93473,2.63,2.25
2011.12.23 03:44:02.363,0.93448,0.93473,2.63,2.25
2011.12.23 03:44:02.919,0.93448,0.93473,2.63,2.25
2011.12.23 03:44:04.622,0.93448,0.93472,2.63,1.50
2011.12.23 03:44:05.192,0.93448,0.93473,2.63,2.25
2011.12.23 03:44:07.777,0.93448,0.93476,4.13,2.25
2011.12.23 03:44:11.150,0.93449,0.93475,2.25,2.25
2011.12.23 03:44:11.676,0.93448,0.93476,4.13,2.25
2011.12.23 03:44:13.416,0.93448,0.93476,4.13,2.25
2011.12.23 03:44:14.301,0.93448,0.93475,2.63,2.25
2011.12.23 03:44:14.549,0.93448,0.93472,2.63,1.50
2011.12.23 03:44:15.096,0.93448,0.93472,2.63,1.50
2011.12.23 03:44:15.167,0.93448,0.93474,2.63,2.25
2011.12.23 03:44:16.562,0.93448,0.93473,2.63,2.25
2011.12.23 03:44:17.150,0.93448,0.93473,2.63,2.25
2011.12.23 03:44:18.069,0.93448,0.93471,2.63,2.25
2011.12.23 03:44:21.966,0.93448,0.93471,2.63,1.50
2011.12.23 03:44:22.516,0.93448,0.93473,2.63,2.25
2011.12.23 03:44:23.346,0.93448,0.93473,2.63,2.25
2011.12.23 03:44:24.819,0.93448,0.93473,2.63,2.25
2011.12.23 03:44:34.502,0.93448,0.93476,4.13,2.25
2011.12.23 03:44:35.381,0.93449,0.93475,2.25,2.25
2011.12.23 03:44:36.669,0.93449,0.93475,2.25,1.50
2011.12.23 03:44:37.721,0.93448,0.93474,2.63,1.50
2011.12.23 03:44:37.920,0.93448,0.93473,2.63,2.25
2011.12.23 03:44:38.441,0.93448,0.93473,2.63,2.25
2011.12.23 03:44:39.004,0.93448,0.93473,2.63,1.50
2011.12.23 03:44:40.123,0.93448,0.93473,2.63,2.25
2011.12.23 03:44:40.940,0.93448,0.93473,2.63,2.25
2011.12.23 03:44:41.067,0.93448,0.93473,2.63,2.25
2011.12.23 03:44:41.438,0.93448,0.93473,2.63,2.25
2011.12.23 03:44:41.757,0.93448,0.93473,2.63,2.25
2011.12.23 03:44:43.011,0.93449,0.93475,2.25,1.50
2011.12.23 03:44:46.432,0.93448,0.93474,4.13,2.25
2011.12.23 03:44:46.742,0.93448,0.93471,2.63,1.50
2011.12.23 03:44:46.812,0.93448,0.93473,2.63,2.25
2011.12.23 03:44:47.646,0.93448,0.93473,2.63,2.25
2011.12.23 03:44:51.368,0.93448,0.93472,2.63,1.50
2011.12.23 03:44:52.045,0.93448,0.93474,2.63,2.25
2011.12.23 03:44:59.517,0.93449,0.93475,2.25,2.25
2011.12.23 03:45:00.529,0.93449,0.93475,1.50,2.25
2011.12.23 03:45:01.098,0.93449,0.93475,2.25,2.25
2011.12.23 03:45:02.059,0.93448,0.93474,4.13,1.50
2011.12.23 03:45:02.586,0.93449,0.93475,2.25,2.25
2011.12.23 03:45:05.237,0.93448,0.93474,4.13,1.50
2011.12.23 03:45:05.753,0.93448,0.93476,4.13,2.25
2011.12.23 03:45:07.259,0.93448,0.93474,4.13,1.50
2011.12.23 03:45:10.352,0.93448,0.93474,4.13,2.25
2011.12.23 03:45:10.985,0.93448,0.93474,4.13,2.25
2011.12.23 03:45:12.098,0.93448,0.93474,2.63,2.25
2011.12.23 03:45:13.577,0.93448,0.93474,2.63,2.25
2011.12.23 03:45:13.989,0.93448,0.93476,4.13,2.25
2011.12.23 03:45:17.259,0.93448,0.93474,4.13,2.25
2011.12.23 03:45:18.085,0.93448,0.93473,2.63,2.25
2011.12.23 03:45:18.351,0.93448,0.93473,1.88,1.44
2011.12.23 03:45:19.121,0.93448,0.93473,1.88,1.44
2011.12.23 03:45:19.189,0.93448,0.93474,2.63,4.50
2011.12.23 03:45:22.159,0.93448,0.93472,2.63,3.00
2011.12.23 03:45:22.417,0.93448,0.93471,2.63,2.25
2011.12.23 03:45:30.240,0.93448,0.93471,1.88,2.25
2011.12.23 03:45:30.595,0.93448,0.93466,1.88,1.50
2011.12.23 03:45:30.672,0.93439,0.93464,2.25,2.25
2011.12.23 03:45:30.949,0.93439,0.93463,2.25,1.44
2011.12.23 03:45:31.219,0.93439,0.93463,2.25,2.25
2011.12.23 03:45:33.319,0.93439,0.93461,2.25,1.44
2011.12.23 03:45:33.852,0.93439,0.93462,2.25,1.44
2011.12.23 03:45:34.211,0.93439,0.93462,2.25,1.44
2011.12.23 03:45:34.490,0.93439,0.93465,4.50,2.25
2011.12.23 03:45:34.999,0.9344,0.93464,3.00,4.50
2011.12.23 03:45:35.129,0.9344,0.93464,3.00,2.25
2011.12.23 03:45:35.318,0.93441,0.93466,3.00,3.00
2011.12.23 03:45:35.970,0.9344,0.93464,3.00,2.25
2011.12.23 03:45:36.670,0.9344,0.93466,4.50,4.50
2011.12.23 03:45:37.181,0.9344,0.93466,4.50,4.50
2011.12.23 03:45:37.390,0.9344,0.93466,4.50,4.50
2011.12.23 03:45:39.240,0.9344,0.93466,4.50,4.50
2011.12.23 03:45:40.458,0.9344,0.93466,3.00,5.19
2011.12.23 03:45:40.978,0.9344,0.93465,3.00,2.25
2011.12.23 03:45:41.107,0.9344,0.93465,3.00,2.25
2011.12.23 03:45:41.297,0.9344,0.93465,3.00,2.25
2011.12.23 03:45:41.658,0.9344,0.93465,3.00,2.25
2011.12.23 03:45:42.202,0.9344,0.93465,3.00,2.25
2011.12.23 03:45:42.726,0.9344,0.93465,3.00,2.25
2011.12.23 03:45:42.860,0.9344,0.93465,3.00,2.25
2011.12.23 03:45:45.007,0.9344,0.93465,2.25,2.25
2011.12.23 03:45:45.548,0.9344,0.93465,3.00,2.94
2011.12.23 03:45:45.620,0.9344,0.93465,3.00,2.94
2011.12.23 03:45:45.928,0.9344,0.93465,3.00,2.25
2011.12.23 03:45:46.833,0.9344,0.93465,3.00,5.19
2011.12.23 03:46:08.807,0.9344,0.93462,3.00,2.25
2011.12.23 03:46:09.351,0.9344,0.93462,3.00,2.25
2011.12.23 03:46:14.457,0.9344,0.93464,3.00,2.25
2011.12.23 03:46:14.977,0.9344,0.93464,3.00,2.25
2011.12.23 03:46:18.246,0.9344,0.93464,3.00,2.25
2011.12.23 03:46:18.784,0.9344,0.93464,3.00,2.25
2011.12.23 03:46:19.008,0.9344,0.93464,3.00,2.25
2011.12.23 03:46:19.155,0.9344,0.93466,4.50,3.00
2011.12.23 03:46:24.429,0.93439,0.93465,4.88,2.25
2011.12.23 03:46:24.618,0.93441,0.93467,2.25,4.50
2011.12.23 03:46:35.998,0.93441,0.93465,3.00,2.25
2011.12.23 03:46:36.379,0.9344,0.93462,3.00,2.25
2011.12.23 03:46:36.871,0.9344,0.93462,2.25,2.25
2011.12.23 03:47:12.348,0.9344,0.93462,2.25,2.25
2011.12.23 03:47:27.329,0.9344,0.93464,3.00,2.94
2011.12.23 03:47:27.830,0.9344,0.93464,3.00,2.25
2011.12.23 03:47:28.018,0.9344,0.93464,3.00,2.25
2011.12.23 03:47:33.388,0.9344,0.93464,3.00,2.25
2011.12.23 03:47:42.670,0.9344,0.93464,3.00,2.25
2011.12.23 03:47:43.187,0.9344,0.93464,3.00,2.25
2011.12.23 03:47:46.758,0.9344,0.93464,3.00,2.25
2011.12.23 03:47:47.431,0.9344,0.93464,3.00,2.25
2011.12.23 03:47:48.660,0.9344,0.93462,3.00,2.25
2011.12.23 03:48:05.309,0.9344,0.93461,3.00,2.25
2011.12.23 03:48:05.858,0.9344,0.93463,3.00,2.25
2011.12.23 03:48:06.657,0.9344,0.93463,3.00,2.25
2011.12.23 03:48:09.340,0.9344,0.93463,2.25,2.25
2011.12.23 03:48:09.418,0.93437,0.93461,3.00,3.00
2011.12.23 03:48:10.458,0.93433,0.93456,2.63,2.25
2011.12.23 03:48:12.263,0.93432,0.93457,4.88,2.25
2011.12.23 03:48:13.339,0.93432,0.93458,4.88,3.00
2011.12.23 03:48:16.140,0.93432,0.93458,4.88,3.00
2011.12.23 03:48:16.689,0.93433,0.93458,2.25,3.00
2011.12.23 03:48:17.218,0.93433,0.93458,2.25,3.00
2011.12.23 03:48:28.137,0.93433,0.93458,2.25,3.00
2011.12.23 03:48:32.310,0.93433,0.93457,2.63,2.25
2011.12.23 03:48:32.649,0.93433,0.93456,1.88,1.44
2011.12.23 03:48:32.789,0.93433,0.93457,1.88,2.94
2011.12.23 03:48:33.327,0.93433,0.93457,1.88,3.69
2011.12.23 03:48:37.467,0.93433,0.93457,1.88,2.94
2011.12.23 03:48:38.841,0.93433,0.93455,2.63,1.44
2011.12.23 03:48:38.981,0.93433,0.93458,2.63,4.50
2011.12.23 03:48:49.081,0.93433,0.93458,1.88,5.19
2011.12.23 03:48:55.271,0.93433,0.93458,2.63,5.19
2011.12.23 03:49:18.769,0.93433,0.93458,2.63,3.00
2011.12.23 03:49:19.100,0.93433,0.93458,2.63,3.69
2011.12.23 03:49:19.868,0.93433,0.93458,2.63,3.69
2011.12.23 03:49:20.673,0.93433,0.93458,2.63,3.69
2011.12.23 03:49:22.317,0.93433,0.93458,2.63,3.69
2011.12.23 03:49:23.307,0.93433,0.93458,2.63,3.69
2011.12.23 03:49:24.240,0.93433,0.93458,1.88,3.69
2011.12.23 03:49:46.243,0.93433,0.93458,2.63,5.19
2011.12.23 03:50:01.672,0.93433,0.93458,2.63,4.50
2011.12.23 03:50:02.191,0.93433,0.93458,2.63,4.50
2011.12.23 03:50:05.444,0.93434,0.93458,2.55,3.00
2011.12.23 03:50:05.794,0.93435,0.93458,1.50,3.00
2011.12.23 03:50:06.156,0.93435,0.93458,1.13,3.00
2011.12.23 03:50:06.749,0.93436,0.93458,2.25,3.00
2011.12.23 03:50:06.818,0.93433,0.93458,4.80,3.00
2011.12.23 03:50:07.435,0.93434,0.93458,2.25,3.00
2011.12.23 03:50:07.768,0.93434,0.93458,2.25,3.00
2011.12.23 03:50:08.041,0.93433,0.93458,2.63,3.00
2011.12.23 03:50:09.291,0.93433,0.93458,2.63,3.00
2011.12.23 03:50:09.863,0.93434,0.93458,2.25,3.00
2011.12.23 03:50:10.340,0.93433,0.93458,2.63,3.00
2011.12.23 03:50:10.492,0.93433,0.93458,2.63,3.00
2011.12.23 03:50:10.831,0.93433,0.93458,2.63,3.69
2011.12.23 03:50:11.110,0.93433,0.93458,2.63,4.50
2011.12.23 03:50:11.428,0.93433,0.93458,2.63,3.00
2011.12.23 03:50:14.121,0.93433,0.93458,2.63,3.00
2011.12.23 03:50:16.518,0.93433,0.93458,2.63,4.50
2011.12.23 03:50:18.365,0.93433,0.93458,1.88,4.50
2011.12.23 03:50:18.772,0.93433,0.93457,1.88,2.94
2011.12.23 03:50:20.561,0.93433,0.93456,1.88,1.13
2011.12.23 03:50:21.111,0.93433,0.93455,1.88,2.25
2011.12.23 03:50:22.693,0.93433,0.93457,1.88,4.13
2011.12.23 03:50:23.244,0.93433,0.93457,1.88,1.82
2011.12.23 03:50:24.202,0.93433,0.93458,2.63,5.19
2011.12.23 03:50:24.470,0.93433,0.93458,2.63,5.19
2011.12.23 03:50:24.721,0.93433,0.93458,2.63,5.19
2011.12.23 03:50:25.419,0.93433,0.93458,2.63,4.50
2011.12.23 03:50:43.889,0.93433,0.93458,2.63,4.50
2011.12.23 03:50:46.713,0.93433,0.93458,2.63,4.50
2011.12.23 03:50:47.059,0.93433,0.93458,2.63,4.50
2011.12.23 03:50:47.319,0.93433,0.93458,2.63,4.50
2011.12.23 03:50:47.512,0.93433,0.93458,2.63,4.50
2011.12.23 03:50:53.479,0.93433,0.93458,2.63,4.50
2011.12.23 03:50:53.799,0.93433,0.93458,2.63,4.50
2011.12.23 03:50:55.822,0.93433,0.93458,2.63,4.50
2011.12.23 03:50:56.012,0.93433,0.93458,2.63,4.50
2011.12.23 03:51:12.608,0.93433,0.93458,2.63,4.50
2011.12.23 03:51:17.159,0.93433,0.93458,2.63,4.50
2011.12.23 03:51:19.297,0.93433,0.93458,2.63,4.50
2011.12.23 03:51:23.471,0.93432,0.93456,3.00,2.25
2011.12.23 03:51:23.603,0.93432,0.93456,3.00,2.25
2011.12.23 03:51:24.012,0.93427,0.93453,2.25,2.25
2011.12.23 03:51:24.578,0.93429,0.93454,2.25,3.00
2011.12.23 03:51:26.243,0.93428,0.93453,1.13,2.25
2011.12.23 03:51:26.809,0.93428,0.93453,1.13,2.25
2011.12.23 03:51:27.179,0.93427,0.93453,2.63,2.25
2011.12.23 03:51:28.628,0.93428,0.93454,2.25,3.00
2011.12.23 03:51:28.902,0.93428,0.93454,2.25,3.00
2011.12.23 03:51:30.240,0.93428,0.93454,2.43,3.00
2011.12.23 03:51:30.369,0.93428,0.93454,2.50,3.00
2011.12.23 03:51:30.699,0.93428,0.93454,2.25,3.00
2011.12.23 03:51:32.160,0.93428,0.93454,2.32,3.00
2011.12.23 03:51:32.232,0.9343,0.93454,2.43,3.00
2011.12.23 03:51:32.300,0.9343,0.93454,2.50,3.00
2011.12.23 03:51:50.755,0.93429,0.93454,2.50,3.00
2011.12.23 03:51:51.114,0.93427,0.93454,5.51,3.00
2011.12.23 03:51:52.081,0.93427,0.93449,5.51,3.00
2011.12.23 03:51:52.170,0.93427,0.93449,5.51,3.00
2011.12.23 03:51:52.733,0.93428,0.93448,2.10,3.00
2011.12.23 03:51:55.397,0.93428,0.93448,2.10,3.00
2011.12.23 03:52:01.488,0.93428,0.93448,2.10,3.00
2011.12.23 03:52:02.037,0.93427,0.9345,4.89,3.00
2011.12.23 03:52:02.245,0.93427,0.93449,5.27,3.00
2011.12.23 03:52:02.782,0.93427,0.93449,4.89,3.00
2011.12.23 03:52:03.913,0.93427,0.93449,4.89,3.00
2011.12.23 03:52:04.430,0.93427,0.93449,4.89,3.00
2011.12.23 03:52:05.250,0.93427,0.93449,4.89,3.00
2011.12.23 03:52:05.462,0.93429,0.93452,2.50,3.00
2011.12.23 03:52:05.720,0.93428,0.93454,2.48,4.50
2011.12.23 03:52:08.456,0.93428,0.93454,3.02,3.00
2011.12.23 03:52:08.793,0.93428,0.93454,3.61,3.00
2011.12.23 03:52:09.559,0.93428,0.93454,3.02,3.00
2011.12.23 03:52:20.694,0.93428,0.93454,3.02,3.00
2011.12.23 03:52:21.297,0.93428,0.93454,3.02,3.00
2011.12.23 03:52:21.852,0.93428,0.93454,3.02,3.00
2011.12.23 03:52:22.424,0.93428,0.93454,3.02,3.00
2011.12.23 03:52:22.974,0.93428,0.93454,3.02,3.00
2011.12.23 03:52:23.498,0.93428,0.93454,3.02,3.00
2011.12.23 03:52:23.816,0.93428,0.93454,3.02,3.00
2011.12.23 03:52:24.549,0.93428,0.93454,3.02,3.00
2011.12.23 03:52:38.488,0.93428,0.93454,3.02,3.00
2011.12.23 03:52:48.319,0.93428,0.93454,3.02,3.00
2011.12.23 03:53:14.460,0.93428,0.93453,1.52,4.50
2011.12.23 03:53:43.805,0.93428,0.93453,1.52,3.00
2011.12.23 03:53:44.270,0.93428,0.93451,1.49,3.00
2011.12.23 03:54:37.438,0.93428,0.93448,1.49,3.00
2011.12.23 03:54:38.133,0.93428,0.93448,1.49,3.00
2011.12.23 03:54:38.860,0.93421,0.93445,4.88,3.00
2011.12.23 03:54:38.932,0.93421,0.93445,6.38,3.00
2011.12.23 03:54:40.551,0.93422,0.93445,2.25,3.00
2011.12.23 03:54:41.231,0.93422,0.93445,2.32,3.00
2011.12.23 03:54:41.480,0.93422,0.93445,2.25,3.00
2011.12.23 03:54:41.741,0.93422,0.93441,2.25,2.25
2011.12.23 03:54:41.945,0.93421,0.93441,2.25,3.00
2011.12.23 03:54:42.092,0.93421,0.93441,2.25,3.00
2011.12.23 03:54:42.841,0.9342,0.93441,2.25,2.25
2011.12.23 03:54:46.233,0.93421,0.93441,2.32,2.25
2011.12.23 03:54:58.138,0.9342,0.93441,1.13,2.25
2011.12.23 03:54:58.920,0.9342,0.93441,2.63,2.25
2011.12.23 03:54:59.616,0.9342,0.93441,2.63,2.25
2011.12.23 03:55:01.690,0.93418,0.93441,2.25,3.00
2011.12.23 03:55:03.651,0.9342,0.9344,2.25,2.25
2011.12.23 03:55:03.720,0.9342,0.9344,2.25,2.25
2011.12.23 03:55:06.401,0.9342,0.9344,1.13,2.25
2011.12.23 03:55:06.660,0.93419,0.9344,2.63,2.25
2011.12.23 03:55:10.548,0.93419,0.93441,2.63,2.25
2011.12.23 03:55:11.714,0.93421,0.93441,1.13,2.25
2011.12.23 03:55:12.560,0.93423,0.93441,1.13,2.25
2011.12.23 03:55:22.278,0.93422,0.93441,1.13,2.25
2011.12.23 03:55:22.588,0.93422,0.93441,1.13,2.25
2011.12.23 03:55:33.931,0.93422,0.93441,1.13,2.25
2011.12.23 03:55:34.184,0.93422,0.93441,1.13,2.25
2011.12.23 03:55:55.929,0.93421,0.93441,1.13,2.25
2011.12.23 03:55:56.261,0.9342,0.93441,1.19,2.25
2011.12.23 03:56:00.761,0.9342,0.93441,1.19,2.25
2011.12.23 03:56:01.319,0.93421,0.93441,1.13,2.25
2011.12.23 03:56:32.240,0.9342,0.93441,1.19,2.25
2011.12.23 03:56:36.015,0.93422,0.93441,1.13,2.25
2011.12.23 03:56:41.880,0.93417,0.9344,2.63,2.25
2011.12.23 03:56:42.014,0.93417,0.9344,2.63,3.00
2011.12.23 03:56:42.918,0.93417,0.9344,2.63,3.00
2011.12.23 03:56:43.119,0.93417,0.9344,2.63,3.00
2011.12.23 03:56:49.570,0.93419,0.93442,1.13,4.50
2011.12.23 03:56:50.078,0.9342,0.93442,1.13,3.00
2011.12.23 03:56:50.672,0.9342,0.93442,1.13,2.25
2011.12.23 03:56:51.288,0.9342,0.93442,1.19,2.25
2011.12.23 03:56:53.012,0.93418,0.93442,2.63,2.25
2011.12.23 03:56:53.859,0.93419,0.93442,1.13,2.25
2011.12.23 03:56:54.408,0.93419,0.93442,1.13,3.00
2011.12.23 03:56:55.007,0.93419,0.93442,1.19,3.75
2011.12.23 03:56:55.641,0.93422,0.93442,2.25,2.25
2011.12.23 03:56:58.123,0.93421,0.93442,2.32,2.25
2011.12.23 03:57:06.460,0.93422,0.93442,2.25,2.25
2011.12.23 03:57:14.090,0.93422,0.93442,2.25,2.25
2011.12.23 03:57:14.609,0.93421,0.93441,2.32,2.25
2011.12.23 03:57:15.210,0.93422,0.93442,2.25,2.25
2011.12.23 03:57:15.748,0.93422,0.93442,2.32,2.25
2011.12.23 03:58:15.309,0.93421,0.93442,1.50,2.25
2011.12.23 03:58:16.558,0.93421,0.93442,2.25,2.25
2011.12.23 03:58:41.359,0.9342,0.93442,2.32,2.25
2011.12.23 03:59:18.699,0.9342,0.93442,1.13,2.25
2011.12.23 03:59:32.104,0.93418,0.93442,2.69,2.25
2011.12.23 03:59:32.870,0.93423,0.93442,1.13,2.25
2011.12.23 03:59:33.870,0.93424,0.93442,1.13,2.25
2011.12.23 03:59:34.471,0.93423,0.93442,1.19,2.25
2011.12.23 03:59:38.013,0.93421,0.93442,2.63,2.25
2011.12.23 03:59:38.212,0.93421,0.93442,2.25,2.25
2011.12.23 03:59:38.476,0.93422,0.93442,1.13,2.25
2011.12.23 03:59:42.026,0.93421,0.93442,2.25,2.25
2011.12.23 03:59:42.218,0.93421,0.93442,2.63,2.25
2011.12.23 03:59:43.250,0.93421,0.93442,2.63,2.25
2011.12.23 03:59:46.329,0.93421,0.93442,2.32,2.25
2011.12.23 03:59:47.251,0.93421,0.93442,2.32,2.25
2011.12.23 03:59:47.959,0.93421,0.93442,2.32,2.25
