2007.04.25 04:00:00.864,1.2015,1.2017,9.60,0.50
2007.04.25 04:00:01.774,1.20155,1.2017,1.60,0.50
2007.04.25 04:00:02.979,1.20155,1.2017,0.80,0.90
2007.04.25 04:00:06.295,1.20155,1.2018,0.80,45.60
2007.04.25 04:00:06.823,1.2015,1.2017,4.80,0.70
2007.04.25 04:00:07.218,1.2015,1.2017,6.40,0.60
2007.04.25 04:00:08.537,1.2015,1.2018,11.20,30.40
2007.04.25 04:00:09.361,1.2015,1.2017,10.40,0.60
2007.04.25 04:00:14.056,1.2015,1.2018,9.60,33.60
2007.04.25 04:00:15.889,1.2015,1.2018,13.60,29.60
2007.04.25 04:00:18.860,1.2015,1.2016,8.80,4.00
2007.04.25 04:00:19.087,1.2015,1.2016,8.00,4.00
2007.04.25 04:00:19.432,1.2015,1.2017,13.60,4.80
2007.04.25 04:00:19.638,1.2015,1.2017,12.80,5.60
2007.04.25 04:00:19.917,1.2015,1.2017,4.80,9.60
2007.04.25 04:00:20.239,1.2015,1.2017,0.80,9.60
2007.04.25 04:00:20.565,1.2014,1.2017,24.80,9.60
2007.04.25 04:00:21.237,1.2014,1.2017,24.80,8.80
2007.04.25 04:00:21.488,1.2014,1.2016,15.20,4.80
2007.04.25 04:00:21.719,1.2014,1.2016,13.60,4.80
2007.04.25 04:00:22.862,1.2014,1.2017,13.60,18.40
2007.04.25 04:00:23.118,1.2014,1.2017,21.60,10.40
2007.04.25 04:00:27.882,1.2015,1.2017,4.80,8.80
2007.04.25 04:00:28.109,1.2015,1.2017,5.60,8.80
2007.04.25 04:00:28.879,1.2015,1.2017,4.00,9.60
2007.04.25 04:00:29.451,1.2014,1.2017,21.60,9.60
2007.04.25 04:00:30.501,1.2015,1.2017,5.60,8.80
2007.04.25 04:00:31.872,1.2015,1.2017,0.80,9.60
2007.04.25 04:00:32.089,1.2014,1.2017,17.60,13.60
2007.04.25 04:00:33.839,1.2014,1.2016,17.60,4.00
2007.04.25 04:00:34.095,1.2014,1.2016,9.60,4.80
2007.04.25 04:00:34.611,1.2014,1.2016,9.60,4.60
2007.04.25 04:00:34.855,1.2014,1.2016,9.60,4.00
2007.04.25 04:00:35.468,1.2014,1.2017,17.60,13.60
2007.04.25 04:00:35.840,1.2015,1.2017,9.60,4.80
2007.04.25 04:00:36.134,1.2015,1.2017,10.40,4.00
2007.04.25 04:00:36.392,1.2015,1.2017,0.80,12.80
2007.04.25 04:00:37.085,1.2014,1.2017,17.60,12.80
2007.04.25 04:00:39.847,1.2014,1.2017,17.60,13.60
2007.04.25 04:00:42.506,1.2014,1.20175,17.60,21.60
2007.04.25 04:00:46.485,1.2014,1.2018,9.60,42.40
2007.04.25 04:00:48.353,1.2014,1.2017,8.80,23.20
2007.04.25 04:00:48.656,1.2014,1.2017,8.80,24.00
2007.04.25 04:00:49.013,1.2014,1.2017,8.80,24.00
2007.04.25 04:00:50.469,1.2014,1.2017,12.80,20.80
2007.04.25 04:00:50.895,1.2014,1.2017,13.60,20.80
2007.04.25 04:01:02.136,1.2015,1.2017,0.80,24.80
2007.04.25 04:01:03.882,1.2015,1.20175,5.60,24.00
2007.04.25 04:01:04.541,1.2015,1.20175,5.60,19.20
2007.04.25 04:01:04.750,1.2015,1.20175,5.60,16.80
2007.04.25 04:01:15.723,1.2015,1.2017,5.60,12.80
2007.04.25 04:01:15.965,1.2015,1.2017,8.00,12.80
2007.04.25 04:01:16.379,1.2015,1.2017,8.00,4.80
2007.04.25 04:01:16.605,1.2015,1.2017,8.00,12.80
2007.04.25 04:01:18.953,1.2015,1.2017,12.00,4.80
2007.04.25 04:01:26.335,1.2015,1.2018,12.00,31.20
2007.04.25 04:01:26.642,1.2015,1.2018,20.00,14.40
2007.04.25 04:01:29.088,1.2015,1.2018,17.60,14.40
2007.04.25 04:01:29.420,1.20155,1.2018,2.40,14.40
2007.04.25 04:01:40.631,1.20155,1.2018,0.80,21.60
2007.04.25 04:01:41.375,1.20155,1.20175,0.80,8.00
2007.04.25 04:01:42.702,1.20155,1.2017,0.80,8.00
2007.04.25 04:01:43.983,1.2015,1.2017,5.60,8.00
2007.04.25 04:01:44.361,1.2015,1.2017,4.80,8.00
2007.04.25 04:01:44.858,1.2015,1.20175,6.40,8.00
2007.04.25 04:01:45.356,1.2015,1.2017,5.60,1.60
2007.04.25 04:01:45.573,1.2015,1.2017,5.60,13.60
2007.04.25 04:01:49.924,1.2016,1.2017,4.00,8.80
2007.04.25 04:01:50.129,1.2016,1.2018,4.00,24.00
2007.04.25 04:01:50.671,1.2016,1.2018,4.80,21.60
2007.04.25 04:01:50.925,1.2016,1.2018,4.80,24.00
2007.04.25 04:01:54.289,1.2016,1.2018,4.80,13.60
2007.04.25 04:01:55.244,1.2016,1.2018,5.60,13.60
2007.04.25 04:02:00.963,1.2016,1.2018,5.60,16.00
2007.04.25 04:02:01.171,1.2016,1.2018,5.60,24.00
2007.04.25 04:02:01.956,1.2016,1.2018,4.80,24.00
2007.04.25 04:02:02.621,1.2016,1.2018,5.60,24.00
2007.04.25 04:02:11.246,1.2016,1.2018,4.80,24.00
2007.04.25 04:02:12.905,1.2016,1.2018,4.80,13.60
2007.04.25 04:02:17.217,1.2016,1.2018,5.60,13.60
2007.04.25 04:02:18.543,1.2016,1.2018,4.80,13.60
2007.04.25 04:02:19.538,1.2016,1.2018,4.80,21.60
2007.04.25 04:02:19.964,1.2016,1.2017,4.80,0.80
2007.04.25 04:02:20.866,1.2016,1.2018,4.80,21.60
2007.04.25 04:02:21.860,1.2016,1.2017,4.80,0.80
2007.04.25 04:02:46.430,1.2016,1.20175,4.00,8.00
2007.04.25 04:02:46.702,1.20155,1.20175,2.40,8.00
2007.04.25 04:02:46.940,1.20155,1.2017,2.40,8.00
2007.04.25 04:02:48.427,1.2016,1.2018,4.80,24.00
2007.04.25 04:02:49.055,1.2016,1.2018,6.40,24.00
2007.04.25 04:02:50.415,1.2016,1.2017,6.40,0.80
2007.04.25 04:02:50.746,1.2016,1.2017,4.80,0.80
2007.04.25 04:03:11.775,1.2016,1.2017,4.00,0.80
2007.04.25 04:03:12.065,1.20155,1.2017,2.40,13.60
2007.04.25 04:03:12.376,1.2016,1.2017,0.80,4.80
2007.04.25 04:03:16.757,1.2016,1.2017,3.20,4.80
2007.04.25 04:03:18.412,1.2016,1.2017,0.80,4.80
2007.04.25 04:03:19.746,1.2016,1.2017,4.80,0.80
2007.04.25 04:03:20.040,1.2016,1.2018,4.80,13.60
2007.04.25 04:03:20.345,1.2016,1.2018,7.20,13.60
2007.04.25 04:03:20.624,1.2016,1.2018,7.20,5.60
2007.04.25 04:03:33.272,1.2016,1.2018,8.00,0.80
2007.04.25 04:03:33.549,1.2016,1.2019,16.00,20.00
2007.04.25 04:03:36.675,1.2016,1.2018,15.20,0.80
2007.04.25 04:03:36.903,1.2016,1.2018,15.20,5.60
2007.04.25 04:03:41.892,1.2017,1.2018,0.80,4.80
2007.04.25 04:03:45.943,1.2017,1.2018,1.60,4.00
2007.04.25 04:03:46.141,1.2017,1.2018,2.40,4.00
2007.04.25 04:03:46.537,1.2017,1.2019,6.40,15.20
2007.04.25 04:03:47.247,1.2017,1.2019,6.40,16.00
2007.04.25 04:03:48.297,1.2017,1.2019,10.40,5.60
2007.04.25 04:03:48.961,1.2017,1.2019,8.80,6.40
2007.04.25 04:03:49.539,1.2017,1.2019,4.80,14.40
2007.04.25 04:03:49.800,1.2017,1.20185,4.80,0.80
2007.04.25 04:03:50.105,1.2017,1.2019,4.80,13.60
2007.04.25 04:03:51.487,1.2017,1.2019,9.60,4.80
2007.04.25 04:03:51.946,1.2017,1.2019,11.20,4.80
2007.04.25 04:03:52.162,1.2017,1.2019,10.40,5.60
2007.04.25 04:03:54.902,1.2017,1.2019,5.60,14.40
2007.04.25 04:03:55.266,1.2017,1.2019,5.60,13.60
2007.04.25 04:03:56.866,1.2017,1.2019,11.20,4.80
2007.04.25 04:03:57.146,1.2017,1.2019,10.40,4.80
2007.04.25 04:03:57.436,1.2017,1.2019,10.40,5.60
2007.04.25 04:03:58.908,1.2018,1.2019,0.80,5.60
2007.04.25 04:03:59.541,1.2017,1.2019,10.40,5.60
2007.04.25 04:04:05.890,1.2017,1.2019,18.40,4.80
2007.04.25 04:04:12.530,1.20165,1.2019,18.40,4.80
2007.04.25 04:04:12.856,1.2017,1.2019,18.40,4.80
2007.04.25 04:04:13.188,1.2017,1.2019,18.40,4.80
2007.04.25 04:04:21.156,1.2017,1.2019,10.40,5.60
2007.04.25 04:04:22.153,1.2017,1.2019,10.40,4.80
2007.04.25 04:04:24.073,1.2018,1.2019,1.40,4.80
2007.04.25 04:04:24.480,1.2017,1.2019,25.60,0.08
2007.04.25 04:04:25.016,1.2017,1.2019,44.80,0.08
2007.04.25 04:04:25.230,1.20175,1.2019,12.80,0.08
2007.04.25 04:04:43.028,1.2018,1.2019,7.20,0.08
2007.04.25 04:04:43.313,1.2018,1.2019,4.80,0.08
2007.04.25 04:04:50.967,1.2018,1.2019,4.80,0.80
2007.04.25 04:04:52.445,1.2018,1.2019,4.00,0.08
2007.04.25 04:04:52.972,1.2018,1.2019,4.80,0.80
2007.04.25 04:04:53.489,1.2018,1.2019,4.80,0.08
2007.04.25 04:04:57.465,1.2018,1.202,4.80,24.10
2007.04.25 04:04:58.470,1.2018,1.202,4.80,16.10
2007.04.25 04:05:01.373,1.2018,1.202,4.00,23.30
2007.04.25 04:05:03.371,1.2018,1.202,4.80,15.30
2007.04.25 04:05:13.005,1.2018,1.20195,4.80,1.60
2007.04.25 04:05:14.003,1.2018,1.202,4.80,13.70
2007.04.25 04:05:14.646,1.2018,1.20195,4.80,0.80
2007.04.25 04:05:15.454,1.2018,1.202,4.80,13.70
2007.04.25 04:05:16.111,1.2018,1.20195,4.80,0.80
2007.04.25 04:05:16.443,1.2018,1.202,4.80,13.70
2007.04.25 04:05:17.439,1.2018,1.202,4.80,14.50
2007.04.25 04:05:23.046,1.2018,1.2019,4.80,0.80
2007.04.25 04:05:23.746,1.2019,1.202,4.00,17.70
2007.04.25 04:05:23.987,1.2019,1.202,4.00,1.70
2007.04.25 04:05:24.196,1.2019,1.202,4.00,0.90
2007.04.25 04:05:24.742,1.2019,1.202,6.40,0.90
2007.04.25 04:05:26.079,1.2019,1.202,7.20,0.90
2007.04.25 04:05:28.731,1.2019,1.202,6.40,0.20
2007.04.25 04:05:28.971,1.2019,1.202,11.20,0.08
2007.04.25 04:05:31.391,1.2019,1.202,12.00,0.80
2007.04.25 04:05:31.696,1.2019,1.202,8.00,0.80
2007.04.25 04:05:31.948,1.2019,1.202,0.80,4.90
2007.04.25 04:05:32.170,1.2018,1.202,14.40,4.90
2007.04.25 04:05:32.380,1.2018,1.202,14.40,7.30
2007.04.25 04:05:32.625,1.2018,1.202,12.00,7.30
2007.04.25 04:05:33.661,1.2018,1.202,12.00,5.70
2007.04.25 04:05:34.291,1.2018,1.202,12.00,6.50
2007.04.25 04:05:34.640,1.2018,1.202,20.00,6.50
2007.04.25 04:05:34.683,1.2018,1.202,20.00,0.80
2007.04.25 04:05:35.566,1.2018,1.2021,12.00,23.30
2007.04.25 04:05:38.919,1.2019,1.2021,7.20,24.10
2007.04.25 04:05:39.150,1.2019,1.2021,7.20,23.30
2007.04.25 04:05:40.002,1.2018,1.20205,20.80,6.50
2007.04.25 04:05:40.258,1.2019,1.20205,0.80,8.90
2007.04.25 04:05:40.502,1.2019,1.2021,7.20,24.10
2007.04.25 04:05:40.766,1.2019,1.202,7.20,0.90
2007.04.25 04:05:42.016,1.2019,1.2021,7.20,13.60
2007.04.25 04:05:43.292,1.2019,1.202,7.20,0.90
2007.04.25 04:05:47.992,1.2019,1.202,6.40,0.90
2007.04.25 04:05:48.318,1.2018,1.202,22.40,0.90
2007.04.25 04:05:48.587,1.2018,1.202,20.00,0.60
2007.04.25 04:05:50.318,1.2018,1.202,20.00,0.90
2007.04.25 04:05:50.524,1.2018,1.202,12.00,0.50
2007.04.25 04:05:51.314,1.2018,1.2021,12.00,30.50
2007.04.25 04:05:52.297,1.2018,1.20205,20.00,1.70
2007.04.25 04:05:52.589,1.2018,1.2021,20.00,8.80
2007.04.25 04:05:52.846,1.2019,1.20215,0.80,21.60
2007.04.25 04:05:53.074,1.2019,1.20215,11.20,14.40
2007.04.25 04:05:54.274,1.2019,1.2022,12.80,35.40
2007.04.25 04:05:54.553,1.2019,1.2022,11.20,35.40
2007.04.25 04:05:59.289,1.2019,1.2021,5.60,15.20
2007.04.25 04:05:59.544,1.2019,1.202,4.00,0.80
2007.04.25 04:05:59.759,1.2019,1.202,4.80,0.50
2007.04.25 04:05:59.982,1.2019,1.20205,12.00,0.80
2007.04.25 04:06:00.245,1.2019,1.2022,12.80,32.20
2007.04.25 04:06:00.532,1.2019,1.2022,20.80,32.20
2007.04.25 04:06:00.774,1.2019,1.2022,20.00,32.20
2007.04.25 04:06:01.613,1.2019,1.2022,20.80,32.20
2007.04.25 04:06:03.272,1.2021,1.2022,6.40,9.80
2007.04.25 04:06:03.550,1.2021,1.2022,6.40,1.60
2007.04.25 04:06:03.913,1.2021,1.20215,6.40,2.40
2007.04.25 04:06:04.117,1.2021,1.2022,6.40,0.80
2007.04.25 04:06:04.429,1.2019,1.2022,20.00,13.30
2007.04.25 04:06:04.715,1.2019,1.20215,20.00,2.40
2007.04.25 04:06:04.933,1.2019,1.20215,20.00,1.60
2007.04.25 04:06:05.194,1.2019,1.20215,8.00,9.60
2007.04.25 04:06:05.539,1.2019,1.20215,8.00,10.40
2007.04.25 04:06:05.743,1.2019,1.20215,8.00,8.80
2007.04.25 04:06:06.006,1.2019,1.20215,12.00,8.80
2007.04.25 04:06:06.219,1.2019,1.20215,20.00,0.80
2007.04.25 04:06:08.474,1.2019,1.2021,12.00,4.40
2007.04.25 04:06:09.056,1.2019,1.2021,13.60,0.80
2007.04.25 04:06:10.515,1.2019,1.2022,21.60,24.90
2007.04.25 04:06:11.240,1.2019,1.20215,21.60,0.80
2007.04.25 04:06:11.572,1.2019,1.20215,21.60,2.40
2007.04.25 04:06:11.905,1.2019,1.20215,21.60,1.60
2007.04.25 04:06:12.472,1.2019,1.20215,21.60,0.80
2007.04.25 04:06:12.855,1.2019,1.2021,21.60,0.80
2007.04.25 04:06:13.105,1.2019,1.2021,13.60,0.80
2007.04.25 04:06:16.270,1.20185,1.2021,21.60,0.80
2007.04.25 04:06:23.931,1.2019,1.2021,17.60,0.80
2007.04.25 04:06:24.324,1.202,1.2021,0.80,0.80
2007.04.25 04:06:24.655,1.20185,1.2021,20.80,1.60
2007.04.25 04:06:24.894,1.2019,1.2021,3.70,0.80
2007.04.25 04:06:25.208,1.20185,1.2021,25.60,0.80
2007.04.25 04:06:27.971,1.2019,1.2021,2.00,1.60
2007.04.25 04:06:38.273,1.2019,1.2021,6.30,1.60
2007.04.25 04:06:43.498,1.20185,1.2021,24.80,1.60
2007.04.25 04:07:22.178,1.2019,1.2021,17.60,0.80
2007.04.25 04:07:22.426,1.202,1.2021,8.80,0.80
2007.04.25 04:07:25.494,1.202,1.2021,8.00,0.80
2007.04.25 04:07:26.528,1.202,1.2021,8.00,8.80
2007.04.25 04:07:27.506,1.202,1.2021,8.00,0.80
2007.04.25 04:07:29.470,1.202,1.2021,8.00,8.80
2007.04.25 04:07:30.004,1.202,1.2021,8.00,0.80
2007.04.25 04:07:30.529,1.202,1.20215,8.00,0.80
2007.04.25 04:07:30.770,1.202,1.2022,8.00,20.40
2007.04.25 04:07:31.863,1.202,1.2021,8.00,8.80
2007.04.25 04:07:32.686,1.202,1.2021,8.00,0.80
2007.04.25 04:07:36.844,1.202,1.20215,8.80,1.60
2007.04.25 04:07:37.178,1.202,1.2022,8.80,20.40
2007.04.25 04:07:37.398,1.202,1.2022,8.80,10.00
2007.04.25 04:07:38.836,1.202,1.2021,0.80,8.00
2007.04.25 04:07:39.065,1.2019,1.2021,9.60,8.00
2007.04.25 04:07:41.548,1.2019,1.202,8.80,0.80
2007.04.25 04:07:41.766,1.2019,1.2021,8.80,9.60
2007.04.25 04:07:42.120,1.20195,1.2021,0.80,9.60
2007.04.25 04:07:42.378,1.202,1.2021,8.00,0.80
2007.04.25 04:07:43.642,1.202,1.2021,8.80,0.80
2007.04.25 04:07:44.915,1.202,1.2022,8.80,19.60
2007.04.25 04:07:45.148,1.202,1.2022,8.80,20.40
2007.04.25 04:07:52.788,1.202,1.2022,8.80,16.40
2007.04.25 04:08:04.311,1.202,1.20215,8.80,2.40
2007.04.25 04:08:04.518,1.202,1.2021,8.00,0.80
2007.04.25 04:08:08.080,1.202,1.2021,8.80,0.80
2007.04.25 04:08:09.080,1.202,1.2021,8.00,0.80
2007.04.25 04:08:10.663,1.202,1.2021,8.00,4.80
2007.04.25 04:08:11.737,1.202,1.2021,8.00,0.80
2007.04.25 04:08:12.252,1.202,1.2021,8.80,0.80
2007.04.25 04:08:22.361,1.202,1.2022,8.80,13.20
2007.04.25 04:08:22.613,1.202,1.2022,8.80,14.00
2007.04.25 04:08:24.162,1.2019,1.2022,34.40,14.00
2007.04.25 04:08:24.351,1.202,1.2022,1.50,13.20
2007.04.25 04:08:24.648,1.2019,1.2021,26.40,0.80
2007.04.25 04:08:27.965,1.2019,1.2022,34.40,16.40
2007.04.25 04:08:28.196,1.2019,1.2022,34.40,14.00
2007.04.25 04:08:42.288,1.2019,1.2022,34.40,6.00
2007.04.25 04:08:42.538,1.2019,1.2022,30.40,10.00
2007.04.25 04:08:56.563,1.202,1.2022,8.40,10.00
2007.04.25 04:08:56.974,1.202,1.2022,8.00,10.00
2007.04.25 04:08:59.883,1.202,1.2021,8.00,0.80
2007.04.25 04:09:00.549,1.202,1.2022,8.00,18.00
2007.04.25 04:09:00.814,1.202,1.2021,8.00,0.80
2007.04.25 04:09:02.959,1.202,1.2021,8.80,0.80
2007.04.25 04:10:22.769,1.202,1.2022,8.80,15.20
2007.04.25 04:10:23.131,1.202,1.2022,8.80,12.80
2007.04.25 04:10:27.460,1.202,1.2022,8.80,13.60
2007.04.25 04:10:29.664,1.202,1.2022,8.80,5.60
2007.04.25 04:10:45.721,1.202,1.2022,8.80,9.60
2007.04.25 04:11:26.917,1.202,1.2022,8.80,17.60
2007.04.25 04:11:27.317,1.202,1.20225,8.80,20.00
2007.04.25 04:11:27.548,1.202,1.2022,8.80,0.80
2007.04.25 04:11:45.491,1.202,1.2022,8.80,0.80
2007.04.25 04:12:02.535,1.202,1.2022,8.80,9.60
2007.04.25 04:12:07.504,1.202,1.2022,8.80,17.60
2007.04.25 04:12:23.787,1.202,1.2022,8.80,9.60
2007.04.25 04:12:45.093,1.202,1.2022,8.80,17.60
2007.04.25 04:12:46.758,1.202,1.2022,8.80,9.60
2007.04.25 04:12:48.777,1.202,1.2022,8.80,17.60
2007.04.25 04:12:49.053,1.202,1.2022,8.80,9.60
2007.04.25 04:12:50.452,1.202,1.2022,8.80,17.60
2007.04.25 04:12:54.667,1.202,1.2022,8.80,9.60
2007.04.25 04:12:58.993,1.202,1.2021,8.80,0.80
2007.04.25 04:12:59.998,1.202,1.2022,8.80,9.60
2007.04.25 04:13:24.517,1.202,1.2022,12.80,1.60
2007.04.25 04:13:26.156,1.202,1.2022,16.80,1.60
2007.04.25 04:13:30.760,1.20195,1.2022,24.80,1.60
2007.04.25 04:13:33.463,1.20195,1.2022,16.80,1.60
2007.04.25 04:13:36.426,1.20195,1.20225,17.60,10.40
2007.04.25 04:13:36.652,1.20195,1.20225,25.60,2.40
2007.04.25 04:13:37.111,1.20195,1.20225,25.60,1.60
2007.04.25 04:13:37.511,1.202,1.20225,5.00,2.40
2007.04.25 04:13:47.084,1.202,1.20225,9.90,2.40
2007.04.25 04:14:00.790,1.202,1.20225,21.60,2.40
2007.04.25 04:14:01.823,1.202,1.20225,10.90,2.40
2007.04.25 04:14:36.959,1.202,1.20225,21.60,1.60
2007.04.25 04:14:39.291,1.2023,1.2024,6.40,19.20
2007.04.25 04:14:39.526,1.2023,1.2024,6.40,19.20
2007.04.25 04:14:39.734,1.2023,1.2024,6.40,16.80
2007.04.25 04:14:40.080,1.2023,1.2024,6.40,13.60
2007.04.25 04:14:40.318,1.2021,1.2024,20.80,18.40
2007.04.25 04:14:40.531,1.2021,1.2024,16.80,18.40
2007.04.25 04:14:40.752,1.2021,1.2024,14.40,19.20
2007.04.25 04:14:41.023,1.2021,1.20235,12.00,2.40
2007.04.25 04:14:41.228,1.2021,1.2023,12.00,4.80
2007.04.25 04:14:41.525,1.2021,1.2023,8.00,12.80
2007.04.25 04:14:43.054,1.2021,1.2023,8.00,10.40
2007.04.25 04:14:44.398,1.2021,1.2023,7.20,12.00
2007.04.25 04:14:44.681,1.2021,1.2023,6.40,12.00
2007.04.25 04:14:44.939,1.20205,1.2023,8.00,4.00
2007.04.25 04:14:45.328,1.2021,1.2023,10.40,0.80
2007.04.25 04:14:45.544,1.2021,1.2023,12.00,0.80
2007.04.25 04:14:45.750,1.2021,1.2023,14.40,1.60
2007.04.25 04:14:45.991,1.2021,1.2023,22.40,2.40
2007.04.25 04:14:46.266,1.2021,1.2023,20.80,2.40
2007.04.25 04:14:47.664,1.2021,1.2023,21.60,0.80
2007.04.25 04:14:47.934,1.2023,1.2024,7.20,15.20
2007.04.25 04:14:48.210,1.2023,1.2024,7.20,7.20
2007.04.25 04:14:48.457,1.2022,1.2024,27.20,9.60
2007.04.25 04:14:48.702,1.2022,1.2024,20.00,4.00
2007.04.25 04:14:48.962,1.2022,1.2024,12.00,1.60
2007.04.25 04:14:49.215,1.2022,1.2024,8.80,1.60
2007.04.25 04:14:49.559,1.2022,1.2024,8.80,4.00
2007.04.25 04:14:50.684,1.2022,1.2024,4.00,4.00
2007.04.25 04:14:51.034,1.2022,1.2024,8.00,4.00
2007.04.25 04:14:51.267,1.2022,1.2024,8.00,3.20
2007.04.25 04:14:51.526,1.2022,1.2024,16.80,3.20
2007.04.25 04:14:52.913,1.2023,1.2024,8.00,2.40
2007.04.25 04:14:53.143,1.2023,1.2024,8.80,2.40
2007.04.25 04:14:55.918,1.2023,1.2024,8.00,2.40
2007.04.25 04:15:06.643,1.2023,1.2024,8.00,0.80
2007.04.25 04:15:06.975,1.2024,1.2025,7.20,18.40
2007.04.25 04:15:07.185,1.2024,1.2025,7.20,14.40
2007.04.25 04:15:07.410,1.2023,1.2025,8.00,19.30
2007.04.25 04:15:07.627,1.2023,1.2025,8.00,11.30
2007.04.25 04:15:07.905,1.2023,1.20245,8.00,2.40
2007.04.25 04:15:09.298,1.2023,1.2024,8.00,0.80
2007.04.25 04:15:11.957,1.2023,1.20245,8.00,2.40
2007.04.25 04:15:14.525,1.2023,1.2024,8.00,0.80
2007.04.25 04:15:16.524,1.2023,1.2024,7.20,0.80
2007.04.25 04:15:18.392,1.2023,1.2024,7.20,4.80
2007.04.25 04:15:18.941,1.2023,1.2024,7.20,0.80
2007.04.25 04:15:25.399,1.2023,1.20245,7.20,3.20
2007.04.25 04:15:32.553,1.2023,1.2025,7.20,22.50
2007.04.25 04:15:32.759,1.2023,1.2025,7.20,0.60
2007.04.25 04:15:33.167,1.2023,1.2026,7.20,55.30
2007.04.25 04:15:33.542,1.2023,1.2026,7.20,56.90
2007.04.25 04:15:39.834,1.2023,1.20255,7.20,19.30
2007.04.25 04:15:40.740,1.2023,1.20255,7.20,23.30
2007.04.25 04:15:42.066,1.2023,1.20255,8.00,23.30
2007.04.25 04:15:42.589,1.2023,1.20255,7.20,23.30
2007.04.25 04:15:43.178,1.2023,1.2025,8.00,0.90
2007.04.25 04:15:46.443,1.2022,1.20255,25.60,38.60
2007.04.25 04:15:48.456,1.2022,1.20255,24.80,15.30
2007.04.25 04:15:48.745,1.2023,1.2025,0.90,0.50
2007.04.25 04:15:59.991,1.20225,1.2025,16.00,15.30
2007.04.25 04:16:00.777,1.2022,1.20245,27.20,2.40
2007.04.25 04:16:00.994,1.2022,1.2024,27.20,0.80
2007.04.25 04:16:06.068,1.2022,1.2024,27.20,0.80
2007.04.25 04:16:15.980,1.2023,1.20245,7.20,2.40
2007.04.25 04:16:16.717,1.2023,1.2025,7.20,12.90
2007.04.25 04:16:16.999,1.2023,1.2025,7.20,15.30
2007.04.25 04:16:18.378,1.2023,1.2024,7.20,0.80
2007.04.25 04:16:20.032,1.2023,1.20245,7.20,2.40
2007.04.25 04:16:20.965,1.2023,1.2025,7.20,15.30
2007.04.25 04:16:22.670,1.2023,1.20255,7.20,23.30
2007.04.25 04:16:25.675,1.2023,1.20255,6.40,23.30
2007.04.25 04:16:28.881,1.2023,1.2024,6.40,0.80
2007.04.25 04:16:30.332,1.2023,1.2025,6.40,17.70
2007.04.25 04:16:30.880,1.2023,1.2025,6.40,0.80
2007.04.25 04:16:31.104,1.2023,1.2025,6.40,0.80
2007.04.25 04:16:37.296,1.2023,1.20255,6.40,20.90
2007.04.25 04:16:37.633,1.2023,1.20255,7.20,20.90
2007.04.25 04:16:39.417,1.2023,1.20255,7.20,12.90
2007.04.25 04:16:39.711,1.2023,1.20255,7.20,20.90
2007.04.25 04:16:40.291,1.2023,1.2025,7.20,0.50
2007.04.25 04:16:40.529,1.2023,1.20255,7.20,20.90
2007.04.25 04:16:41.658,1.2023,1.20255,7.20,12.80
2007.04.25 04:16:47.052,1.2023,1.2025,7.20,0.80
2007.04.25 04:17:26.882,1.2023,1.2025,7.20,4.60
2007.04.25 04:17:40.169,1.2023,1.2025,15.20,4.60
2007.04.25 04:17:41.035,1.2023,1.2025,15.20,3.80
2007.04.25 04:17:42.191,1.2023,1.2025,15.20,3.00
2007.04.25 04:17:42.894,1.2023,1.2025,7.20,3.20
2007.04.25 04:17:43.142,1.2023,1.2025,7.20,7.20
2007.04.25 04:17:43.504,1.2023,1.2025,7.20,8.00
2007.04.25 04:17:45.724,1.2023,1.2025,7.20,12.00
2007.04.25 04:17:45.946,1.2023,1.2025,7.20,3.80
2007.04.25 04:17:52.226,1.2023,1.2025,7.20,11.80
2007.04.25 04:17:55.133,1.2023,1.2025,7.20,4.00
2007.04.25 04:17:55.660,1.2023,1.2025,11.20,3.80
2007.04.25 04:17:59.202,1.2023,1.2025,11.20,3.00
2007.04.25 04:17:59.849,1.2024,1.2025,6.40,0.60
2007.04.25 04:18:00.245,1.2024,1.2025,8.80,8.60
2007.04.25 04:18:00.482,1.2024,1.2025,2.40,0.60
2007.04.25 04:18:00.783,1.2024,1.2025,2.40,1.40
2007.04.25 04:18:01.038,1.2024,1.2025,3.20,0.60
2007.04.25 04:18:01.287,1.2023,1.20255,18.40,0.80
2007.04.25 04:18:01.531,1.2024,1.20255,24.80,2.40
2007.04.25 04:18:01.819,1.2024,1.20255,26.40,0.80
2007.04.25 04:18:02.038,1.2024,1.2026,26.40,1.60
2007.04.25 04:18:02.499,1.2024,1.2026,27.20,2.40
2007.04.25 04:18:02.807,1.2024,1.2026,28.80,2.40
2007.04.25 04:18:04.137,1.2024,1.2026,19.20,2.40
2007.04.25 04:18:04.364,1.2024,1.2026,11.20,2.40
2007.04.25 04:18:05.117,1.2024,1.20265,11.20,8.00
2007.04.25 04:18:08.846,1.2024,1.2026,10.40,1.60
2007.04.25 04:18:09.479,1.2024,1.2026,18.40,1.60
2007.04.25 04:18:13.495,1.2024,1.2026,10.40,1.60
2007.04.25 04:18:17.047,1.2024,1.2026,18.40,1.60
2007.04.25 04:18:17.160,1.2024,1.2026,5.90,1.60
2007.04.25 04:18:17.492,1.20235,1.2026,26.40,4.00
2007.04.25 04:18:17.695,1.20235,1.2026,18.40,3.20
2007.04.25 04:18:17.992,1.2024,1.2025,4.10,0.80
2007.04.25 04:18:18.265,1.2023,1.2025,10.60,0.80
2007.04.25 04:18:18.685,1.2022,1.2025,51.60,0.80
2007.04.25 04:18:18.897,1.20235,1.2026,15.20,5.80
2007.04.25 04:18:19.149,1.2024,1.2026,3.60,1.60
2007.04.25 04:18:21.382,1.20235,1.2027,27.20,24.00
2007.04.25 04:18:21.407,1.2024,1.2027,0.80,0.50
2007.04.25 04:18:21.601,1.2024,1.2027,0.60,0.80
2007.04.25 04:18:23.335,1.2024,1.2027,0.50,0.90
2007.04.25 04:18:23.539,1.2025,1.2028,28.00,12.40
2007.04.25 04:18:25.110,1.2026,1.2027,0.80,0.90
2007.04.25 04:18:28.377,1.2026,1.2028,0.70,0.80
2007.04.25 04:18:28.702,1.2027,1.2028,0.80,0.90
2007.04.25 04:18:29.088,1.2026,1.2029,24.00,31.00
2007.04.25 04:18:29.412,1.2025,1.2029,46.40,31.00
2007.04.25 04:18:29.673,1.2026,1.2028,0.90,0.50
2007.04.25 04:18:33.407,1.2025,1.2029,45.60,31.00
2007.04.25 04:18:33.982,1.2026,1.2028,0.60,0.70
2007.04.25 04:18:34.620,1.20255,1.2029,21.60,40.50
2007.04.25 04:18:35.043,1.2027,1.2028,0.80,0.90
2007.04.25 04:18:37.553,1.2025,1.2029,48.80,32.50
2007.04.25 04:18:38.049,1.2027,1.2028,0.80,0.80
2007.04.25 04:18:42.269,1.2026,1.2029,33.80,18.50
2007.04.25 04:18:42.696,1.2027,1.2028,0.70,0.50
2007.04.25 04:18:43.360,1.2026,1.2029,41.80,20.40
2007.04.25 04:18:43.561,1.2026,1.20295,44.20,18.00
2007.04.25 04:18:43.817,1.2026,1.20295,47.40,18.00
2007.04.25 04:18:44.023,1.2026,1.203,51.10,26.00
2007.04.25 04:18:44.316,1.2026,1.203,51.90,25.20
2007.04.25 04:18:44.953,1.2026,1.203,52.70,14.10
2007.04.25 04:18:45.496,1.2026,1.203,60.20,15.70
2007.04.25 04:18:47.895,1.2028,1.20305,17.60,13.60
2007.04.25 04:18:48.123,1.2029,1.20305,4.00,12.00
2007.04.25 04:18:48.337,1.2029,1.20305,4.00,16.00
2007.04.25 04:18:48.567,1.2029,1.203,8.00,5.60
2007.04.25 04:18:48.847,1.2029,1.2032,16.80,33.60
2007.04.25 04:18:49.096,1.2029,1.2031,17.60,0.70
2007.04.25 04:18:49.331,1.2029,1.2031,17.60,4.00
2007.04.25 04:18:50.550,1.2029,1.2031,24.70,4.00
2007.04.25 04:18:51.224,1.2029,1.2031,24.70,4.80
2007.04.25 04:18:51.455,1.2029,1.2031,24.70,4.00
2007.04.25 04:18:53.315,1.2029,1.2031,20.70,4.80
2007.04.25 04:18:53.558,1.2029,1.2031,12.80,4.80
2007.04.25 04:18:53.805,1.2029,1.2031,8.80,4.80
2007.04.25 04:18:54.527,1.2029,1.2031,8.80,4.00
2007.04.25 04:18:55.054,1.2029,1.2031,4.80,12.80
2007.04.25 04:18:55.275,1.2029,1.2031,4.00,5.60
2007.04.25 04:18:57.964,1.2029,1.2031,4.00,6.40
2007.04.25 04:18:58.296,1.2029,1.2031,4.00,13.60
2007.04.25 04:18:58.615,1.2029,1.203,4.00,0.80
2007.04.25 04:18:59.890,1.2029,1.2031,13.60,4.80
2007.04.25 04:19:02.617,1.2029,1.2031,24.80,4.80
2007.04.25 04:19:02.949,1.203,1.2032,8.80,20.80
2007.04.25 04:19:03.215,1.203,1.2032,8.80,12.80
2007.04.25 04:19:03.497,1.203,1.2032,12.80,4.80
2007.04.25 04:19:03.717,1.203,1.2032,17.60,4.80
2007.04.25 04:19:03.948,1.203,1.2032,12.00,5.60
2007.04.25 04:19:04.241,1.203,1.2032,4.00,5.60
2007.04.25 04:19:04.607,1.203,1.2032,4.00,13.60
2007.04.25 04:19:05.275,1.2031,1.2032,0.80,12.80
2007.04.25 04:19:05.557,1.2031,1.2032,8.00,8.00
2007.04.25 04:19:05.796,1.2031,1.20325,8.00,8.00
2007.04.25 04:19:06.046,1.2031,1.2033,12.80,23.20
2007.04.25 04:19:06.270,1.2032,1.2033,6.40,0.80
2007.04.25 04:19:06.503,1.2032,1.2034,11.20,13.60
2007.04.25 04:19:06.712,1.2032,1.2034,12.80,21.60
2007.04.25 04:19:06.935,1.2032,1.2033,6.40,4.80
2007.04.25 04:19:07.154,1.2032,1.2033,2.40,13.60
2007.04.25 04:19:07.522,1.2032,1.2033,2.40,21.60
2007.04.25 04:19:07.726,1.203,1.2033,9.60,21.60
2007.04.25 04:19:08.599,1.203,1.2032,4.80,8.00
2007.04.25 04:19:09.881,1.203,1.2032,4.80,12.80
2007.04.25 04:19:10.249,1.203,1.2031,4.80,0.80
2007.04.25 04:19:10.524,1.203,1.2031,4.00,0.80
2007.04.25 04:19:13.907,1.2029,1.2031,8.80,4.80
2007.04.25 04:19:14.148,1.2029,1.2031,4.80,4.80
2007.04.25 04:19:15.465,1.2029,1.203,4.00,0.80
2007.04.25 04:19:15.893,1.2029,1.2031,8.80,6.40
2007.04.25 04:19:17.484,1.2029,1.2031,8.80,8.80
2007.04.25 04:19:19.880,1.2029,1.2031,9.60,8.00
2007.04.25 04:19:20.109,1.2029,1.2031,17.60,7.20
2007.04.25 04:19:20.610,1.2029,1.2031,9.60,4.80
2007.04.25 04:19:22.536,1.2029,1.2031,5.60,12.80
2007.04.25 04:19:22.768,1.2029,1.2031,4.80,16.00
2007.04.25 04:19:23.110,1.2029,1.2031,4.00,16.80
2007.04.25 04:19:23.403,1.2028,1.203,21.60,4.80
2007.04.25 04:19:23.589,1.20275,1.203,25.60,4.80
2007.04.25 04:19:23.629,1.2028,1.203,2.30,4.80
2007.04.25 04:19:30.501,1.20275,1.203,20.80,4.80
2007.04.25 04:19:30.842,1.20275,1.203,20.00,5.60
2007.04.25 04:19:41.041,1.2027,1.203,59.20,4.80
2007.04.25 04:19:45.791,1.2027,1.203,60.70,4.80
2007.04.25 04:19:47.451,1.2028,1.203,8.10,4.80
2007.04.25 04:19:47.805,1.2028,1.20305,28.80,0.80
2007.04.25 04:19:48.752,1.20285,1.2031,16.00,8.00
2007.04.25 04:19:57.365,1.2029,1.2031,8.80,7.20
2007.04.25 04:19:57.593,1.2029,1.2031,16.80,4.80
2007.04.25 04:20:01.960,1.2029,1.2031,16.80,8.00
2007.04.25 04:20:02.492,1.2029,1.203,8.00,4.80
2007.04.25 04:20:02.706,1.2028,1.203,14.40,4.80
2007.04.25 04:20:03.018,1.2028,1.203,11.20,4.80
2007.04.25 04:20:03.272,1.2028,1.203,12.80,4.80
2007.04.25 04:20:04.083,1.2028,1.203,12.80,7.20
2007.04.25 04:20:05.401,1.2028,1.203,12.80,4.80
2007.04.25 04:20:07.007,1.2028,1.203,12.80,7.20
2007.04.25 04:20:22.334,1.2028,1.203,12.00,8.00
2007.04.25 04:20:22.670,1.2028,1.20295,12.00,2.40
2007.04.25 04:20:23.003,1.2028,1.2029,4.00,0.80
2007.04.25 04:20:23.336,1.2027,1.2029,27.20,0.80
2007.04.25 04:20:23.541,1.2027,1.2029,24.80,4.80
2007.04.25 04:20:24.663,1.2027,1.2029,24.00,4.80
2007.04.25 04:20:24.990,1.2027,1.2029,24.80,4.80
2007.04.25 04:20:25.325,1.2027,1.2029,24.00,4.80
2007.04.25 04:20:26.277,1.2027,1.2029,24.80,4.80
2007.04.25 04:20:26.776,1.2028,1.2029,0.80,4.80
2007.04.25 04:20:31.945,1.2027,1.2029,24.80,4.80
2007.04.25 04:20:38.610,1.2027,1.2029,20.80,4.80
2007.04.25 04:20:39.070,1.2027,1.2029,22.40,4.80
2007.04.25 04:20:39.289,1.2027,1.2029,20.80,4.80
2007.04.25 04:20:39.942,1.2027,1.2029,22.40,4.80
2007.04.25 04:20:40.556,1.2027,1.2029,20.80,4.80
2007.04.25 04:20:43.838,1.2027,1.2029,20.00,4.80
2007.04.25 04:20:44.128,1.2027,1.2029,20.00,7.20
2007.04.25 04:20:47.847,1.2027,1.2028,14.40,4.00
2007.04.25 04:20:48.052,1.2027,1.2028,4.00,4.00
2007.04.25 04:20:49.571,1.2027,1.2028,12.00,4.00
2007.04.25 04:20:49.928,1.2027,1.2028,4.00,4.00
2007.04.25 04:20:56.505,1.20265,1.2028,8.00,4.80
2007.04.25 04:20:56.894,1.20265,1.2028,8.00,4.00
2007.04.25 04:20:57.546,1.20265,1.2028,8.00,4.80
2007.04.25 04:20:57.897,1.20265,1.2028,8.00,4.00
2007.04.25 04:20:58.107,1.2027,1.2028,8.00,4.00
2007.04.25 04:20:59.691,1.2027,1.2028,0.90,4.00
2007.04.25 04:21:16.444,1.2026,1.2028,22.40,4.00
2007.04.25 04:21:16.699,1.20265,1.2028,2.10,4.80
2007.04.25 04:21:24.786,1.2027,1.2028,3.50,4.80
2007.04.25 04:21:26.458,1.2027,1.2028,7.50,4.80
2007.04.25 04:21:27.032,1.2026,1.2028,22.40,4.00
2007.04.25 04:21:30.788,1.2027,1.2028,12.00,4.00
2007.04.25 04:21:34.766,1.2027,1.2028,4.00,4.00
2007.04.25 04:21:35.034,1.2027,1.2028,12.00,4.00
2007.04.25 04:21:42.371,1.2027,1.2028,12.00,6.40
2007.04.25 04:21:43.765,1.2027,1.20285,12.00,8.80
2007.04.25 04:21:47.052,1.2027,1.2028,12.00,4.00
2007.04.25 04:21:52.357,1.2027,1.2028,12.00,6.40
2007.04.25 04:21:52.590,1.2027,1.2028,4.00,7.20
2007.04.25 04:21:53.617,1.2027,1.2028,8.00,7.20
2007.04.25 04:21:56.003,1.2027,1.2028,8.00,4.80
2007.04.25 04:22:05.753,1.2027,1.2028,8.00,7.20
2007.04.25 04:22:16.713,1.2027,1.2028,8.00,4.80
2007.04.25 04:22:22.692,1.2027,1.2028,8.00,7.20
2007.04.25 04:22:22.907,1.2027,1.2028,8.00,8.80
2007.04.25 04:22:23.693,1.2027,1.2028,8.00,8.40
2007.04.25 04:22:24.023,1.2026,1.20275,12.00,2.40
2007.04.25 04:22:24.233,1.2026,1.20275,4.00,2.40
2007.04.25 04:22:24.562,1.2026,1.20275,12.00,2.40
2007.04.25 04:22:25.681,1.2026,1.2028,12.00,5.60
2007.04.25 04:22:25.888,1.2026,1.2028,4.00,8.00
2007.04.25 04:22:26.402,1.2026,1.2028,12.00,8.00
2007.04.25 04:22:28.976,1.2026,1.2027,12.00,0.80
2007.04.25 04:22:29.651,1.2026,1.2027,4.00,0.80
2007.04.25 04:22:29.985,1.2026,1.2028,12.00,8.00
2007.04.25 04:22:41.622,1.2026,1.2028,20.00,8.00
2007.04.25 04:22:41.827,1.2026,1.2028,16.00,8.00
2007.04.25 04:22:45.160,1.2026,1.2029,16.00,26.00
2007.04.25 04:22:49.247,1.2026,1.20275,4.00,0.90
2007.04.25 04:22:49.476,1.2025,1.2027,10.40,5.60
2007.04.25 04:22:49.696,1.2025,1.2026,9.60,0.80
2007.04.25 04:22:49.915,1.20245,1.2027,8.00,11.20
2007.04.25 04:22:50.149,1.2024,1.2026,24.00,0.50
2007.04.25 04:22:50.573,1.2024,1.2026,22.40,0.70
2007.04.25 04:22:55.554,1.2024,1.2026,21.60,0.80
2007.04.25 04:22:55.758,1.2024,1.2026,20.00,0.80
2007.04.25 04:23:00.416,1.2024,1.2026,18.40,0.70
2007.04.25 04:23:01.198,1.2024,1.2026,18.40,0.90
2007.04.25 04:23:01.454,1.2024,1.2026,4.00,6.00
2007.04.25 04:23:03.186,1.2023,1.2026,20.00,25.20
2007.04.25 04:23:04.842,1.2023,1.2026,8.00,29.20
2007.04.25 04:23:07.832,1.2023,1.2026,16.00,29.20
2007.04.25 04:23:09.831,1.2023,1.2025,16.80,0.90
2007.04.25 04:23:10.035,1.2023,1.20265,16.80,24.40
2007.04.25 04:23:11.815,1.2023,1.2026,8.80,0.60
2007.04.25 04:23:12.794,1.2023,1.2025,4.00,0.90
2007.04.25 04:23:13.070,1.2023,1.2025,4.00,0.90
2007.04.25 04:23:13.331,1.2023,1.20255,9.60,5.60
2007.04.25 04:23:13.585,1.2023,1.20255,17.60,5.60
2007.04.25 04:23:17.403,1.2023,1.2024,12.80,4.80
2007.04.25 04:23:17.630,1.2023,1.2024,0.80,4.80
2007.04.25 04:23:18.127,1.2022,1.2024,16.80,4.80
2007.04.25 04:23:19.455,1.2023,1.2024,0.80,4.80
2007.04.25 04:23:19.794,1.2023,1.2025,8.00,6.80
2007.04.25 04:23:20.085,1.2023,1.2025,8.00,6.60
2007.04.25 04:23:20.403,1.2023,1.2025,8.00,6.40
2007.04.25 04:23:20.727,1.2023,1.2025,8.00,5.60
2007.04.25 04:23:22.113,1.2023,1.2025,8.00,7.20
2007.04.25 04:23:30.093,1.2023,1.2025,4.00,15.20
2007.04.25 04:23:32.761,1.2023,1.2025,8.00,7.20
2007.04.25 04:23:35.814,1.2023,1.2025,4.00,7.20
2007.04.25 04:23:36.089,1.2023,1.2025,4.00,15.20
2007.04.25 04:23:37.516,1.2023,1.2025,8.00,7.20
2007.04.25 04:23:41.045,1.2023,1.20255,8.00,8.80
2007.04.25 04:23:46.484,1.2023,1.2025,4.00,0.60
2007.04.25 04:23:47.479,1.2023,1.2025,8.00,0.70
2007.04.25 04:23:48.807,1.2023,1.20255,4.00,16.80
2007.04.25 04:24:05.741,1.2023,1.2025,4.00,0.90
2007.04.25 04:24:05.961,1.2023,1.2026,8.00,37.10
2007.04.25 04:24:06.405,1.2022,1.20255,19.20,23.20
2007.04.25 04:24:06.649,1.2022,1.20245,16.80,0.60
2007.04.25 04:24:07.505,1.2021,1.2025,60.70,17.60
2007.04.25 04:24:16.910,1.2023,1.2025,1.00,6.00
2007.04.25 04:24:17.171,1.2023,1.2025,2.00,8.40
2007.04.25 04:24:17.412,1.20225,1.2025,12.00,8.20
2007.04.25 04:24:17.688,1.20225,1.2025,12.00,8.40
2007.04.25 04:24:18.683,1.20225,1.2025,12.00,8.20
2007.04.25 04:24:18.913,1.20225,1.2025,12.00,8.40
2007.04.25 04:24:19.117,1.20225,1.2025,12.00,8.20
2007.04.25 04:24:19.322,1.20225,1.2025,12.00,8.40
2007.04.25 04:24:22.000,1.2023,1.2025,2.10,8.20
2007.04.25 04:24:23.997,1.20225,1.2025,12.00,9.00
2007.04.25 04:24:24.267,1.20225,1.2025,12.00,12.40
2007.04.25 04:24:24.473,1.20215,1.2023,16.00,4.80
2007.04.25 04:24:35.919,1.202,1.2023,43.80,4.80
2007.04.25 04:24:38.565,1.202,1.2023,65.40,4.80
2007.04.25 04:24:40.255,1.2021,1.2023,20.00,5.60
2007.04.25 04:24:40.559,1.2021,1.2023,16.00,5.60
2007.04.25 04:24:41.541,1.2021,1.2023,16.80,5.60
2007.04.25 04:24:45.566,1.2021,1.2023,16.80,5.90
2007.04.25 04:24:46.894,1.2021,1.2022,8.80,0.80
2007.04.25 04:24:47.491,1.2021,1.2023,8.80,5.90
2007.04.25 04:24:47.782,1.2021,1.2023,16.80,6.00
2007.04.25 04:24:48.310,1.2021,1.2023,16.80,5.90
2007.04.25 04:24:51.545,1.2021,1.2023,8.80,5.90
2007.04.25 04:24:51.844,1.2021,1.2023,8.80,5.10
2007.04.25 04:24:52.115,1.2021,1.2022,8.80,0.80
2007.04.25 04:24:52.364,1.2021,1.2023,8.80,5.10
2007.04.25 04:24:52.567,1.2021,1.2023,16.80,5.90
2007.04.25 04:24:55.860,1.2021,1.2023,16.80,5.20
2007.04.25 04:24:56.170,1.2021,1.2022,8.00,0.80
2007.04.25 04:24:58.011,1.2021,1.2023,16.00,5.90
2007.04.25 04:24:59.854,1.2022,1.2023,4.00,5.90
2007.04.25 04:25:00.510,1.20215,1.2023,8.00,5.90
2007.04.25 04:25:01.837,1.20215,1.2023,8.00,6.70
2007.04.25 04:25:02.104,1.2021,1.2023,16.00,6.70
2007.04.25 04:25:02.377,1.2021,1.2023,16.00,7.60
2007.04.25 04:25:02.636,1.2021,1.2023,16.00,7.50
2007.04.25 04:25:03.195,1.2021,1.2023,16.00,7.60
2007.04.25 04:25:05.159,1.2021,1.2023,16.00,7.50
2007.04.25 04:25:12.067,1.20215,1.2023,8.00,5.10
2007.04.25 04:25:12.467,1.20215,1.2023,8.00,5.20
2007.04.25 04:25:12.681,1.2021,1.2023,17.60,5.10
2007.04.25 04:25:13.623,1.2021,1.2023,17.60,5.20
2007.04.25 04:25:13.887,1.2021,1.2023,17.60,5.10
2007.04.25 04:25:14.128,1.2021,1.2023,17.60,5.20
2007.04.25 04:25:14.366,1.2021,1.2022,16.80,0.80
2007.04.25 04:25:14.589,1.2021,1.2022,8.80,0.80
2007.04.25 04:25:15.095,1.2021,1.2022,8.00,0.80
2007.04.25 04:25:15.309,1.2021,1.2022,12.00,0.80
2007.04.25 04:25:23.761,1.2021,1.2022,4.00,0.80
2007.04.25 04:25:23.966,1.2021,1.2022,12.00,0.80
2007.04.25 04:25:33.517,1.2022,1.20225,8.00,0.80
2007.04.25 04:25:33.723,1.20215,1.20225,8.00,0.80
2007.04.25 04:25:33.990,1.2021,1.2022,13.60,0.80
2007.04.25 04:25:34.252,1.2021,1.2022,12.00,0.80
2007.04.25 04:25:36.007,1.2021,1.20225,12.00,0.80
2007.04.25 04:25:36.266,1.2021,1.20225,20.00,0.80
2007.04.25 04:25:36.767,1.2021,1.2023,20.80,1.10
2007.04.25 04:25:37.032,1.2021,1.2023,20.80,0.90
2007.04.25 04:25:37.310,1.2021,1.2023,20.00,6.40
2007.04.25 04:25:37.551,1.2021,1.2023,20.00,7.20
2007.04.25 04:25:50.981,1.2021,1.20225,20.00,1.60
2007.04.25 04:25:51.533,1.2021,1.20225,20.00,0.80
2007.04.25 04:25:53.846,1.2021,1.2023,20.00,5.60
2007.04.25 04:25:54.068,1.2021,1.2023,20.00,6.40
2007.04.25 04:25:54.302,1.2021,1.2023,20.00,7.20
2007.04.25 04:25:56.840,1.2021,1.2023,16.00,7.20
2007.04.25 04:26:00.864,1.2021,1.2023,12.00,7.20
2007.04.25 04:26:19.111,1.2021,1.20225,12.00,1.60
2007.04.25 04:26:19.482,1.2021,1.20225,12.00,0.80
2007.04.25 04:26:19.876,1.2021,1.2023,12.00,5.60
2007.04.25 04:26:20.410,1.2021,1.20225,12.00,0.80
2007.04.25 04:26:20.872,1.2021,1.2023,12.00,6.40
2007.04.25 04:26:25.868,1.2021,1.2023,12.80,0.80
2007.04.25 04:26:26.151,1.2022,1.2023,4.00,0.80
2007.04.25 04:26:26.362,1.2022,1.20235,4.00,1.60
2007.04.25 04:26:26.655,1.2022,1.2024,16.00,8.80
2007.04.25 04:26:26.868,1.2021,1.2024,16.80,12.80
2007.04.25 04:26:27.086,1.2022,1.20235,8.00,0.80
2007.04.25 04:26:27.824,1.2022,1.20235,8.00,2.40
2007.04.25 04:26:28.123,1.2022,1.20235,8.00,1.60
2007.04.25 04:26:33.503,1.2022,1.20235,8.00,0.80
2007.04.25 04:26:34.049,1.2022,1.20235,8.00,1.60
2007.04.25 04:26:34.999,1.20215,1.2023,8.00,4.00
2007.04.25 04:26:35.212,1.2021,1.2023,16.80,6.40
2007.04.25 04:26:35.537,1.2021,1.2023,16.80,4.80
2007.04.25 04:26:38.863,1.2022,1.2023,8.00,4.80
2007.04.25 04:26:39.404,1.2022,1.20235,8.00,0.80
2007.04.25 04:26:39.672,1.2022,1.2024,16.00,6.40
2007.04.25 04:26:39.904,1.2022,1.2024,8.00,7.20
2007.04.25 04:26:40.431,1.2022,1.20235,8.00,1.60
2007.04.25 04:26:40.668,1.2022,1.20235,8.00,0.80
2007.04.25 04:26:42.297,1.20215,1.20235,16.00,0.80
2007.04.25 04:27:13.181,1.2022,1.20235,8.00,1.60
2007.04.25 04:27:18.158,1.2022,1.20235,8.00,0.80
2007.04.25 04:27:18.932,1.2022,1.2024,8.00,5.60
2007.04.25 04:27:19.213,1.2022,1.2024,8.00,6.40
2007.04.25 04:27:19.828,1.2022,1.2024,8.00,8.00
2007.04.25 04:27:20.123,1.2022,1.2024,8.00,5.60
2007.04.25 04:27:20.444,1.2022,1.20235,8.00,2.40
2007.04.25 04:27:20.753,1.2022,1.20235,8.00,1.60
2007.04.25 04:27:21.476,1.2022,1.20235,8.00,0.80
2007.04.25 04:27:24.869,1.2022,1.20235,8.00,1.60
2007.04.25 04:27:29.928,1.20215,1.20235,16.00,1.60
2007.04.25 04:27:36.527,1.2022,1.20235,2.60,0.80
2007.04.25 04:27:37.540,1.20215,1.20235,16.00,1.60
2007.04.25 04:27:46.080,1.2022,1.20235,5.50,1.60
2007.04.25 04:27:46.341,1.2022,1.2024,5.80,5.60
2007.04.25 04:27:46.582,1.2022,1.2024,6.20,8.00
2007.04.25 04:27:47.817,1.2022,1.20235,3.20,2.40
2007.04.25 04:27:48.049,1.20215,1.20235,12.00,2.40
2007.04.25 04:27:49.438,1.2022,1.20235,1.50,1.60
2007.04.25 04:27:50.107,1.2022,1.2024,1.30,5.60
2007.04.25 04:27:50.465,1.2022,1.2024,1.40,8.00
2007.04.25 04:27:50.813,1.2022,1.2023,1.60,4.80
2007.04.25 04:27:51.068,1.202,1.2023,39.20,4.80
2007.04.25 04:27:51.474,1.202,1.2023,41.20,4.80
2007.04.25 04:27:51.710,1.2021,1.2023,16.00,4.80
2007.04.25 04:27:52.000,1.20215,1.2023,0.70,4.80
2007.04.25 04:27:52.487,1.20215,1.2023,4.20,5.60
2007.04.25 04:27:53.028,1.2021,1.2023,14.40,5.60
2007.04.25 04:27:53.469,1.2021,1.2023,0.60,5.60
2007.04.25 04:28:07.524,1.2022,1.2023,4.00,0.08
2007.04.25 04:28:07.744,1.2022,1.2023,8.00,0.08
2007.04.25 04:28:13.316,1.2022,1.2023,8.00,0.20
2007.04.25 04:28:14.381,1.2022,1.2023,8.00,0.08
2007.04.25 04:28:19.782,1.2022,1.2023,3.70,0.08
2007.04.25 04:29:05.974,1.2022,1.2024,8.00,7.20
2007.04.25 04:29:13.838,1.2022,1.2024,8.00,6.40
2007.04.25 04:29:15.905,1.2022,1.2024,8.00,7.20
2007.04.25 04:29:18.592,1.2022,1.2024,8.00,6.40
2007.04.25 04:29:18.924,1.2022,1.2024,16.00,6.40
2007.04.25 04:29:19.869,1.2022,1.2024,16.00,4.80
2007.04.25 04:29:19.906,1.2022,1.2024,16.00,0.70
2007.04.25 04:29:20.125,1.2022,1.2024,16.80,4.80
2007.04.25 04:29:20.371,1.2022,1.2025,16.80,19.60
2007.04.25 04:29:20.584,1.2022,1.2025,19.20,13.20
2007.04.25 04:29:20.861,1.2022,1.2025,15.20,17.20
2007.04.25 04:29:22.399,1.2022,1.2024,7.20,0.80
2007.04.25 04:29:22.621,1.2022,1.2024,12.80,6.40
2007.04.25 04:29:22.831,1.2022,1.2024,12.00,6.40
2007.04.25 04:29:25.263,1.2022,1.2024,12.00,5.60
2007.04.25 04:29:25.477,1.20225,1.2024,8.00,4.80
2007.04.25 04:29:27.179,1.20225,1.2024,8.00,4.00
2007.04.25 04:29:30.842,1.2022,1.2024,12.80,4.00
2007.04.25 04:29:40.866,1.2022,1.2024,4.80,4.80
2007.04.25 04:29:41.073,1.2022,1.2024,4.00,5.60
2007.04.25 04:29:41.414,1.2022,1.2024,4.00,8.00
2007.04.25 04:29:41.797,1.2022,1.2024,12.00,5.60
2007.04.25 04:29:42.024,1.2022,1.2024,12.00,7.20
2007.04.25 04:29:42.821,1.2022,1.2024,12.00,0.50
2007.04.25 04:29:43.188,1.2022,1.2024,16.00,7.20
2007.04.25 04:29:43.719,1.2022,1.2024,16.00,6.40
2007.04.25 04:29:44.052,1.2022,1.2024,16.00,5.60
2007.04.25 04:29:44.361,1.2022,1.2024,16.00,6.40
2007.04.25 04:29:45.392,1.2022,1.2024,16.00,5.60
2007.04.25 04:29:45.846,1.2022,1.2024,16.00,4.00
2007.04.25 04:29:46.322,1.2022,1.2024,16.00,4.80
2007.04.25 04:29:46.969,1.2022,1.2024,16.00,6.40
2007.04.25 04:29:47.182,1.2022,1.2024,16.00,5.60
2007.04.25 04:29:47.425,1.2022,1.2024,16.00,4.00
2007.04.25 04:29:47.636,1.2022,1.2024,16.00,4.80
2007.04.25 04:29:47.845,1.2022,1.2024,16.00,6.40
2007.04.25 04:29:48.424,1.2022,1.2024,16.00,4.80
2007.04.25 04:29:48.841,1.2022,1.2024,16.00,4.00
2007.04.25 04:29:56.572,1.2022,1.2024,16.00,0.08
2007.04.25 04:30:00.552,1.2022,1.2024,12.80,0.08
2007.04.25 04:30:00.886,1.2023,1.2024,4.00,0.08
2007.04.25 04:30:02.870,1.2023,1.2024,4.00,5.60
2007.04.25 04:30:03.085,1.2022,1.2024,12.00,7.20
2007.04.25 04:30:03.455,1.2022,1.2024,12.00,5.60
2007.04.25 04:30:06.874,1.20225,1.2024,8.00,0.08
2007.04.25 04:30:07.095,1.2023,1.2024,4.00,0.08
2007.04.25 04:30:10.850,1.20225,1.2024,8.00,0.08
2007.04.25 04:30:11.848,1.2022,1.2024,12.80,0.08
2007.04.25 04:30:17.815,1.2022,1.2024,12.00,5.60
2007.04.25 04:30:19.169,1.2022,1.2024,12.80,5.60
2007.04.25 04:30:19.758,1.2022,1.2024,12.00,5.60
2007.04.25 04:30:19.968,1.20225,1.2024,0.80,5.60
2007.04.25 04:30:20.374,1.2022,1.2024,12.00,5.60
2007.04.25 04:30:23.152,1.2022,1.2024,12.80,4.80
2007.04.25 04:30:25.396,1.2023,1.2025,4.00,8.40
2007.04.25 04:30:25.633,1.2023,1.2025,4.00,9.20
2007.04.25 04:30:25.865,1.2023,1.20245,4.00,1.60
2007.04.25 04:30:27.396,1.2023,1.20245,4.00,2.40
2007.04.25 04:30:28.793,1.2023,1.20245,4.00,1.60
2007.04.25 04:30:29.103,1.2023,1.2025,4.00,8.40
2007.04.25 04:30:29.418,1.2023,1.2025,4.00,10.80
2007.04.25 04:30:29.995,1.2023,1.20245,4.00,2.40
2007.04.25 04:30:30.432,1.2023,1.2025,4.00,13.20
2007.04.25 04:30:30.811,1.2023,1.20245,4.00,0.60
2007.04.25 04:30:31.474,1.2023,1.2025,4.00,9.20
2007.04.25 04:30:35.332,1.2023,1.2025,4.00,10.00
2007.04.25 04:30:38.668,1.2023,1.2025,4.00,9.20
2007.04.25 04:30:38.914,1.2023,1.2026,4.00,70.00
2007.04.25 04:30:39.693,1.2023,1.2026,8.00,66.00
2007.04.25 04:30:54.396,1.2023,1.2025,8.00,0.60
2007.04.25 04:30:54.651,1.2023,1.2025,8.00,0.70
2007.04.25 04:31:00.737,1.2023,1.2025,8.00,8.00
2007.04.25 04:31:01.036,1.2022,1.2024,17.60,4.80
2007.04.25 04:31:15.962,1.2022,1.2024,14.40,4.80
2007.04.25 04:31:16.635,1.2022,1.2024,14.40,0.80
2007.04.25 04:31:17.561,1.2023,1.2024,4.00,0.90
2007.04.25 04:31:27.011,1.20225,1.2024,8.00,0.70
2007.04.25 04:31:35.652,1.2022,1.2025,16.00,16.80
2007.04.25 04:31:46.297,1.2022,1.2024,15.20,4.80
2007.04.25 04:31:46.556,1.2023,1.2024,4.00,4.00
2007.04.25 04:31:47.198,1.2023,1.2024,4.00,4.80
2007.04.25 04:31:48.210,1.2023,1.2024,12.00,4.00
2007.04.25 04:31:48.429,1.2023,1.20245,12.00,2.40
2007.04.25 04:31:50.875,1.2023,1.20245,12.00,1.60
2007.04.25 04:31:51.086,1.2023,1.2025,12.00,8.00
2007.04.25 04:32:04.577,1.20235,1.2025,8.00,8.00
2007.04.25 04:32:26.788,1.20235,1.2025,8.00,4.80
2007.04.25 04:32:27.110,1.20235,1.2025,8.00,4.00
2007.04.25 04:32:27.408,1.2024,1.20255,16.00,2.40
2007.04.25 04:32:28.841,1.2022,1.2025,29.20,4.80
2007.04.25 04:32:29.111,1.2024,1.2025,8.00,5.60
2007.04.25 04:32:29.372,1.20235,1.2025,8.00,5.60
2007.04.25 04:33:12.094,1.2024,1.2025,8.00,5.60
2007.04.25 04:33:12.345,1.20235,1.2025,8.00,5.60
2007.04.25 04:33:21.729,1.2023,1.2025,16.00,5.60
2007.04.25 04:33:22.016,1.20235,1.2025,8.00,5.60
2007.04.25 04:33:26.580,1.20235,1.2025,8.00,8.00
2007.04.25 04:33:27.604,1.2023,1.2025,16.00,8.00
2007.04.25 04:33:30.959,1.20235,1.2025,8.00,8.00
2007.04.25 04:33:31.189,1.2023,1.2025,16.00,8.00
2007.04.25 04:33:41.654,1.2023,1.2025,12.00,8.00
2007.04.25 04:33:50.965,1.2024,1.2025,4.00,8.00
2007.04.25 04:33:51.511,1.2023,1.2025,12.00,8.00
2007.04.25 04:34:06.355,1.2023,1.2025,12.00,5.60
2007.04.25 04:34:07.586,1.20235,1.2025,8.00,5.60
2007.04.25 04:34:09.905,1.2024,1.2025,4.00,5.60
2007.04.25 04:34:10.533,1.2023,1.2025,12.00,5.60
2007.04.25 04:34:27.904,1.20235,1.2025,8.00,4.80
2007.04.25 04:34:28.594,1.2023,1.2025,13.60,4.80
2007.04.25 04:34:29.260,1.20235,1.2025,8.00,4.80
2007.04.25 04:34:29.502,1.2023,1.2025,13.60,4.80
2007.04.25 04:34:34.354,1.2024,1.2025,4.00,4.00
2007.04.25 04:34:34.601,1.2024,1.20255,7.20,2.40
2007.04.25 04:34:34.854,1.2024,1.20255,4.80,2.40
2007.04.25 04:34:35.128,1.2024,1.20255,12.00,2.40
2007.04.25 04:34:37.246,1.2024,1.2026,12.00,6.40
2007.04.25 04:34:37.462,1.2023,1.2025,13.60,5.60
2007.04.25 04:34:37.671,1.20235,1.2025,8.00,5.60
2007.04.25 04:34:38.341,1.2023,1.2025,12.00,5.60
2007.04.25 04:34:38.835,1.2022,1.2025,45.20,5.60
2007.04.25 04:34:39.993,1.2022,1.2025,43.00,6.40
2007.04.25 04:34:40.490,1.20225,1.2024,1.30,4.80
2007.04.25 04:34:43.025,1.20225,1.2025,12.00,7.20
2007.04.25 04:34:43.535,1.2023,1.2025,3.90,7.20
2007.04.25 04:34:45.684,1.2022,1.2025,34.80,6.40
2007.04.25 04:34:45.899,1.20225,1.2024,3.20,4.80
2007.04.25 04:34:47.552,1.2022,1.2024,14.40,4.80
2007.04.25 04:34:48.153,1.2021,1.2024,55.20,4.80
2007.04.25 04:34:48.584,1.2023,1.2024,1.50,4.80
2007.04.25 04:34:49.934,1.2022,1.2024,2.20,4.80
2007.04.25 04:34:50.414,1.2022,1.2024,3.30,5.60
2007.04.25 04:34:57.318,1.2021,1.2024,31.20,0.80
2007.04.25 04:34:57.545,1.2022,1.2024,22.80,0.08
2007.04.25 04:35:03.527,1.2023,1.2024,2.40,0.08
2007.04.25 04:35:07.935,1.2023,1.2024,8.00,0.08
2007.04.25 04:35:13.251,1.2023,1.2024,8.00,4.00
2007.04.25 04:35:13.533,1.20225,1.2024,8.00,4.80
2007.04.25 04:35:13.753,1.20225,1.2024,8.00,5.60
2007.04.25 04:35:14.547,1.2022,1.2024,16.00,5.60
2007.04.25 04:35:26.358,1.20225,1.2024,8.00,5.60
2007.04.25 04:35:26.635,1.2022,1.2024,16.00,5.60
2007.04.25 04:35:27.162,1.2022,1.2024,16.80,4.80
2007.04.25 04:35:27.685,1.2022,1.2024,12.80,4.80
2007.04.25 04:35:30.010,1.2022,1.2024,12.80,4.80
2007.04.25 04:35:32.646,1.2021,1.2024,35.20,4.80
2007.04.25 04:35:38.495,1.2022,1.2024,12.80,5.60
2007.04.25 04:35:39.227,1.2022,1.2024,12.80,4.80
2007.04.25 04:35:55.562,1.2022,1.2024,12.80,5.60
2007.04.25 04:35:56.170,1.2022,1.2024,12.80,4.80
2007.04.25 04:35:57.212,1.2022,1.2024,16.80,4.80
2007.04.25 04:36:02.707,1.2022,1.2024,16.80,0.80
2007.04.25 04:36:03.853,1.2022,1.2025,16.80,26.00
2007.04.25 04:36:14.157,1.2022,1.2025,16.80,30.00
2007.04.25 04:36:22.854,1.2022,1.2025,16.80,26.80
2007.04.25 04:36:23.168,1.2022,1.2024,16.80,0.60
2007.04.25 04:36:26.237,1.2022,1.2025,16.80,26.00
2007.04.25 04:36:33.819,1.2022,1.2024,16.80,5.60
2007.04.25 04:36:34.202,1.2022,1.2024,16.80,4.80
2007.04.25 04:36:35.520,1.2022,1.2024,16.80,5.60
2007.04.25 04:36:36.057,1.2022,1.2024,16.80,4.80
2007.04.25 04:36:38.518,1.2022,1.2024,16.80,5.60
2007.04.25 04:36:39.111,1.2022,1.2024,16.80,4.80
2007.04.25 04:36:52.463,1.2022,1.2024,16.80,5.60
2007.04.25 04:36:53.128,1.2022,1.2024,16.80,4.80
2007.04.25 04:36:54.456,1.2022,1.2024,16.80,5.60
2007.04.25 04:36:55.004,1.2022,1.2024,16.80,4.80
2007.04.25 04:36:55.938,1.2022,1.2024,16.00,5.60
2007.04.25 04:37:32.102,1.2022,1.2024,8.00,5.60
2007.04.25 04:37:32.627,1.2022,1.20235,8.00,0.80
2007.04.25 04:37:33.430,1.2022,1.2024,8.00,5.60
2007.04.25 04:37:33.760,1.2022,1.2024,8.00,6.40
2007.04.25 04:37:35.628,1.2022,1.2024,8.00,5.60
2007.04.25 04:37:37.254,1.2022,1.2024,8.00,7.20
2007.04.25 04:37:38.073,1.2022,1.2024,8.00,5.60
2007.04.25 04:37:38.889,1.2022,1.2024,8.00,4.80
2007.04.25 04:37:39.407,1.2022,1.2024,16.80,4.80
2007.04.25 04:37:51.021,1.2022,1.2024,16.00,4.80
2007.04.25 04:37:54.678,1.2022,1.2024,8.00,4.80
2007.04.25 04:37:58.193,1.20215,1.2024,16.00,4.80
2007.04.25 04:38:05.929,1.202,1.2023,56.60,4.00
2007.04.25 04:38:06.243,1.20215,1.2023,0.90,4.00
2007.04.25 04:38:13.547,1.202,1.2023,56.60,4.00
2007.04.25 04:38:13.946,1.2021,1.2023,11.90,4.00
2007.04.25 04:38:14.599,1.2021,1.2023,10.30,4.00
2007.04.25 04:38:15.470,1.2021,1.2023,23.20,4.00
2007.04.25 04:38:16.879,1.20215,1.2023,0.50,4.00
2007.04.25 04:38:17.260,1.2021,1.2023,22.40,4.00
2007.04.25 04:38:17.831,1.2022,1.2023,0.60,4.00
2007.04.25 04:38:18.314,1.20215,1.2023,4.50,4.00
2007.04.25 04:38:18.552,1.2021,1.2023,24.00,4.00
2007.04.25 04:38:19.497,1.2021,1.2023,6.10,4.00
2007.04.25 04:38:20.091,1.2021,1.2023,24.80,4.00
2007.04.25 04:38:21.373,1.2021,1.2023,3.60,4.00
2007.04.25 04:38:23.457,1.2021,1.2023,23.20,4.00
2007.04.25 04:38:23.876,1.2021,1.2023,0.60,4.00
2007.04.25 04:38:41.484,1.20215,1.2023,0.80,4.00
2007.04.25 04:38:43.154,1.20215,1.2023,1.60,4.00
2007.04.25 04:38:45.039,1.2022,1.2023,1.60,4.00
2007.04.25 04:38:54.711,1.20215,1.2023,1.60,4.00
2007.04.25 04:38:55.695,1.2022,1.2023,4.00,4.00
2007.04.25 04:38:56.382,1.2022,1.2023,4.00,4.00
2007.04.25 04:38:58.427,1.2022,1.2023,8.00,4.00
2007.04.25 04:39:01.506,1.2022,1.2024,8.00,7.20
2007.04.25 04:39:05.739,1.20215,1.2024,9.60,7.20
2007.04.25 04:39:06.260,1.20215,1.2023,1.60,0.80
2007.04.25 04:39:09.479,1.2021,1.2024,25.60,11.20
2007.04.25 04:39:09.726,1.2022,1.2024,1.60,11.20
2007.04.25 04:39:11.170,1.20215,1.2024,1.60,11.20
2007.04.25 04:39:13.471,1.2021,1.2023,25.60,0.80
2007.04.25 04:39:13.851,1.20215,1.2023,0.80,0.90
2007.04.25 04:39:14.818,1.20215,1.2024,8.80,11.20
2007.04.25 04:39:18.030,1.20215,1.2024,0.80,15.20
2007.04.25 04:39:25.067,1.2021,1.2023,21.60,0.80
2007.04.25 04:39:25.685,1.20215,1.2024,1.60,15.20
2007.04.25 04:39:28.431,1.20215,1.2023,1.60,0.60
2007.04.25 04:39:31.205,1.20215,1.2023,0.80,4.00
2007.04.25 04:39:37.391,1.2021,1.2023,21.60,4.00
2007.04.25 04:39:42.003,1.2021,1.2023,23.20,4.00
2007.04.25 04:39:42.707,1.2022,1.2023,4.00,4.00
2007.04.25 04:39:48.606,1.2022,1.2023,4.00,0.60
2007.04.25 04:39:50.664,1.2022,1.2023,12.00,4.00
2007.04.25 04:39:51.344,1.2022,1.2023,12.00,4.00
2007.04.25 04:39:52.971,1.2022,1.2024,16.80,4.00
2007.04.25 04:39:53.226,1.2022,1.2024,16.00,4.80
2007.04.25 04:39:53.556,1.2022,1.2024,16.80,4.80
2007.04.25 04:39:53.881,1.2022,1.2024,16.00,4.80
2007.04.25 04:39:55.325,1.2022,1.2024,16.00,5.60
2007.04.25 04:39:55.995,1.2022,1.2024,16.00,4.80
2007.04.25 04:40:22.541,1.20215,1.2023,8.00,4.00
2007.04.25 04:40:22.815,1.20215,1.2023,8.80,4.00
2007.04.25 04:40:25.745,1.20215,1.2023,0.80,4.00
2007.04.25 04:40:27.336,1.20215,1.2023,0.80,0.90
2007.04.25 04:40:33.757,1.2021,1.2024,21.60,19.20
2007.04.25 04:40:33.961,1.2022,1.2023,0.80,0.50
2007.04.25 04:40:38.133,1.2021,1.2024,21.60,19.20
2007.04.25 04:40:38.399,1.20215,1.2024,0.80,19.20
2007.04.25 04:41:38.815,1.20215,1.2023,8.80,4.00
2007.04.25 04:42:05.163,1.20215,1.2023,8.80,4.00
2007.04.25 04:42:11.555,1.20215,1.2023,3.40,4.00
2007.04.25 04:42:27.397,1.2021,1.2023,30.40,4.00
2007.04.25 04:42:30.714,1.20215,1.2023,0.80,0.70
2007.04.25 04:42:37.017,1.20215,1.2024,18.40,11.20
2007.04.25 04:42:37.478,1.20215,1.2023,0.80,0.80
2007.04.25 04:42:39.782,1.20215,1.2023,9.60,0.60
2007.04.25 04:42:48.437,1.20215,1.2024,1.60,15.20
2007.04.25 04:43:21.618,1.20215,1.2023,1.60,4.00
2007.04.25 04:43:35.919,1.2022,1.2023,12.00,4.00
2007.04.25 04:43:36.829,1.2022,1.2023,4.00,4.00
2007.04.25 04:43:37.084,1.20215,1.2023,1.60,4.00
2007.04.25 04:43:37.703,1.2022,1.2023,4.00,4.00
2007.04.25 04:43:40.231,1.2022,1.2023,6.40,4.00
2007.04.25 04:43:41.356,1.2022,1.2023,6.40,4.00
2007.04.25 04:43:42.681,1.2022,1.2023,14.40,4.00
2007.04.25 04:43:43.012,1.2022,1.2023,12.00,4.00
2007.04.25 04:43:44.342,1.20215,1.2023,2.40,4.00
2007.04.25 04:43:45.552,1.20215,1.2023,1.60,4.00
2007.04.25 04:43:52.016,1.20215,1.2024,1.60,19.20
2007.04.25 04:44:32.296,1.20215,1.2023,1.60,4.00
2007.04.25 04:44:34.501,1.20215,1.2023,9.60,4.00
2007.04.25 04:44:34.847,1.2022,1.2023,4.00,4.00
2007.04.25 04:44:36.554,1.2022,1.2023,8.00,4.00
2007.04.25 04:45:01.063,1.20215,1.2023,1.60,4.00
2007.04.25 04:45:02.186,1.20215,1.2023,1.60,4.00
2007.04.25 04:45:41.036,1.2022,1.2023,12.00,4.00
2007.04.25 04:45:41.756,1.2022,1.2023,4.00,4.00
2007.04.25 04:45:55.534,1.2022,1.2023,4.00,4.00
2007.04.25 04:46:00.791,1.2022,1.2023,8.00,4.00
2007.04.25 04:46:24.038,1.2023,1.2024,0.50,7.20
2007.04.25 04:46:34.866,1.20215,1.2023,9.60,4.00
2007.04.25 04:46:35.087,1.20215,1.2023,1.60,4.00
2007.04.25 04:46:38.101,1.2021,1.2023,25.60,4.00
2007.04.25 04:46:43.838,1.20215,1.2023,9.60,4.00
2007.04.25 04:46:44.093,1.20215,1.2023,1.60,4.00
2007.04.25 04:46:46.040,1.2023,1.2024,0.50,7.20
2007.04.25 04:46:50.703,1.20215,1.2023,1.60,4.00
2007.04.25 04:47:07.522,1.2023,1.2024,0.50,7.20
2007.04.25 04:47:10.862,1.20215,1.2023,1.60,4.00
2007.04.25 04:47:16.844,1.2023,1.2024,0.50,11.20
2007.04.25 04:47:17.335,1.2023,1.2024,0.60,7.20
2007.04.25 04:47:34.037,1.20215,1.2023,10.40,4.00
2007.04.25 04:47:34.645,1.20215,1.2023,2.40,4.00
2007.04.25 04:47:51.703,1.2021,1.2023,27.20,4.00
2007.04.25 04:47:51.979,1.2022,1.2023,2.40,4.00
2007.04.25 04:47:58.392,1.2022,1.2023,3.00,4.00
2007.04.25 04:47:59.161,1.20235,1.2024,0.20,21.60
2007.04.25 04:48:04.383,1.20188,1.20208,0.10,2.40
2007.04.25 04:48:04.612,1.20184,1.20209,8.90,2.40
2007.04.25 04:48:05.814,1.20181,1.20206,0.10,2.40
2007.04.25 04:48:15.998,1.2018,1.202,3.40,2.20
2007.04.25 04:48:16.843,1.2018,1.202,0.80,2.40
2007.04.25 04:48:17.107,1.2018,1.202,0.80,2.40
2007.04.25 04:48:17.362,1.20178,1.20203,0.80,2.40
2007.04.25 04:48:17.594,1.20179,1.20204,0.80,2.40
2007.04.25 04:48:20.250,1.20179,1.20199,0.10,2.40
2007.04.25 04:48:21.668,1.20176,1.20196,0.80,2.40
2007.04.25 04:48:24.664,1.20182,1.20192,20.80,2.20
2007.04.25 04:48:28.931,1.20187,1.20197,20.80,2.20
2007.04.25 04:48:30.567,1.20188,1.20198,1.50,2.20
2007.04.25 04:48:35.186,1.20187,1.20197,0.80,2.40
2007.04.25 04:48:40.558,1.20188,1.20198,0.10,2.40
2007.04.25 04:48:44.140,1.2019,1.202,0.80,6.20
2007.04.25 04:48:55.885,1.20191,1.20201,3.40,2.20
2007.04.25 04:48:58.628,1.20192,1.20202,20.80,2.20
2007.04.25 04:49:47.828,1.20235,1.2024,0.20,16.80
2007.04.25 04:49:48.126,1.20235,1.2024,0.20,4.00
2007.04.25 04:49:58.348,1.20235,1.2024,0.20,4.80
2007.04.25 04:49:59.371,1.20235,1.2024,0.20,4.00
2007.04.25 04:50:00.180,1.20235,1.2024,0.20,4.00
2007.04.25 04:50:08.404,1.20235,1.2024,0.20,4.80
2007.04.25 04:50:11.738,1.20235,1.2024,0.20,4.00
2007.04.25 04:50:18.393,1.2023,1.2024,0.80,4.80
2007.04.25 04:50:21.949,1.20235,1.2024,0.20,4.00
2007.04.25 04:50:24.701,1.2023,1.2024,0.80,4.80
2007.04.25 04:50:26.267,1.2023,1.2025,1.00,25.20
2007.04.25 04:50:34.948,1.20235,1.2026,0.20,62.80
2007.04.25 04:50:35.196,1.20235,1.2025,0.20,0.80
2007.04.25 04:50:36.868,1.20235,1.20255,0.20,25.20
2007.04.25 04:50:37.166,1.20235,1.20255,0.20,25.20
2007.04.25 04:50:38.560,1.20235,1.20255,0.20,17.20
2007.04.25 04:50:39.653,1.20235,1.20255,0.20,21.20
2007.04.25 04:50:40.890,1.20235,1.20255,0.20,25.20
2007.04.25 04:50:41.285,1.20235,1.2025,0.20,0.80
2007.04.25 04:50:44.268,1.20235,1.20255,0.20,25.20
2007.04.25 04:50:44.856,1.20235,1.20255,0.20,21.20
2007.04.25 04:50:48.849,1.20235,1.2025,0.20,21.20
2007.04.25 04:50:49.359,1.20235,1.20255,0.20,21.20
2007.04.25 04:50:50.598,1.20235,1.20255,0.20,23.60
2007.04.25 04:50:50.934,1.20235,1.2025,0.20,19.60
2007.04.25 04:50:54.248,1.20235,1.2025,0.20,24.40
2007.04.25 04:51:00.873,1.20235,1.2024,0.20,4.00
2007.04.25 04:51:01.219,1.20235,1.2024,0.20,4.80
2007.04.25 04:51:05.447,1.20235,1.2024,0.20,8.80
2007.04.25 04:51:05.837,1.2022,1.2023,2.40,4.00
2007.04.25 04:51:10.842,1.20235,1.2024,0.20,6.40
2007.04.25 04:51:11.114,1.20235,1.2024,0.20,4.80
2007.04.25 04:51:11.843,1.20235,1.2024,0.20,4.00
2007.04.25 04:51:13.651,1.2023,1.2024,0.80,4.00
2007.04.25 04:51:14.497,1.20235,1.2024,0.20,4.80
2007.04.25 04:51:14.834,1.2023,1.2024,0.80,4.00
2007.04.25 04:51:15.346,1.2022,1.2023,18.40,4.00
2007.04.25 04:51:19.446,1.2023,1.2024,0.80,6.40
2007.04.25 04:51:20.134,1.2023,1.2024,0.80,4.80
2007.04.25 04:51:24.453,1.20235,1.2024,0.20,4.00
2007.04.25 04:51:52.802,1.20235,1.2024,0.20,4.80
2007.04.25 04:51:53.922,1.20235,1.2024,0.20,4.00
2007.04.25 04:52:20.952,1.20235,1.2025,0.20,22.00
2007.04.25 04:52:21.701,1.20235,1.2025,0.20,13.20
2007.04.25 04:52:22.366,1.20235,1.2024,0.20,4.00
2007.04.25 04:53:02.081,1.20205,1.2022,0.80,5.60
2007.04.25 04:53:03.077,1.20205,1.20225,4.00,5.60
2007.04.25 04:53:06.617,1.20205,1.2023,0.80,5.60
2007.04.25 04:53:07.621,1.2021,1.20225,23.20,7.20
2007.04.25 04:53:10.747,1.20206,1.20226,0.80,5.60
2007.04.25 04:53:11.037,1.20202,1.20222,0.80,7.20
2007.04.25 04:53:13.696,1.20201,1.20216,12.80,17.60
2007.04.25 04:53:14.082,1.20198,1.20214,4.00,7.20
2007.04.25 04:53:14.694,1.20203,1.20218,4.00,8.00
2007.04.25 04:53:15.025,1.20206,1.20221,22.40,0.80
2007.04.25 04:53:18.142,1.20209,1.20224,16.80,19.20
2007.04.25 04:53:18.351,1.2021,1.20225,1.60,10.40
2007.04.25 04:53:18.566,1.20211,1.20226,33.20,7.20
2007.04.25 04:53:18.777,1.20213,1.20228,0.80,7.20
2007.04.25 04:53:20.492,1.20214,1.20229,0.80,5.60
2007.04.25 04:53:46.714,1.20216,1.20231,1.60,10.40
2007.04.25 04:53:51.031,1.20224,1.20234,5.60,29.80
2007.04.25 04:53:54.353,1.20226,1.20241,4.00,4.80
2007.04.25 04:53:54.675,1.20229,1.20243,4.80,6.40
2007.04.25 04:54:04.907,1.20215,1.20235,1.60,10.40
2007.04.25 04:54:07.968,1.2021,1.20225,3.20,0.70
2007.04.25 04:54:09.391,1.20202,1.20222,16.80,19.20
2007.04.25 04:54:09.632,1.20197,1.20222,1.60,10.40
2007.04.25 04:54:09.914,1.20197,1.20222,4.80,4.00
2007.04.25 04:54:11.138,1.20199,1.20224,0.80,7.20
2007.04.25 04:54:11.348,1.20198,1.20223,3.20,0.70
2007.04.25 04:54:11.593,1.20198,1.20218,22.40,0.80
2007.04.25 04:54:11.866,1.20187,1.20212,0.80,4.80
2007.04.25 04:54:12.512,1.20175,1.202,28.10,8.00
2007.04.25 04:54:12.832,1.20175,1.20195,4.80,4.80
2007.04.25 04:54:13.349,1.2018,1.20205,23.20,7.20
2007.04.25 04:54:13.664,1.2019,1.2021,0.80,7.20
2007.04.25 04:54:13.884,1.20196,1.20211,0.80,0.80
2007.04.25 04:54:22.098,1.20199,1.20219,1.60,10.40
2007.04.25 04:54:22.247,1.20205,1.20225,12.80,17.60
2007.04.25 04:54:22.804,1.20218,1.20233,12.80,17.60
2007.04.25 04:54:25.335,1.20222,1.20236,0.80,5.60
2007.04.25 04:54:25.788,1.20214,1.20234,1.60,10.40
2007.04.25 04:54:27.257,1.20211,1.20226,3.20,0.70
2007.04.25 04:54:27.468,1.20204,1.20224,0.80,6.40
2007.04.25 04:54:42.089,1.20203,1.20218,5.60,0.90
2007.04.25 04:54:42.317,1.20203,1.20218,1.60,0.50
2007.04.25 04:54:42.961,1.20206,1.20216,0.80,6.40
2007.04.25 04:54:43.190,1.20201,1.20221,0.80,4.80
2007.04.25 04:54:45.838,1.20204,1.20214,1.60,0.50
2007.04.25 04:54:50.155,1.202,1.2021,1.60,0.90
2007.04.25 04:54:56.181,1.20198,1.20208,0.80,6.40
2007.04.25 04:55:19.609,1.20235,1.2024,0.20,16.00
2007.04.25 04:55:19.965,1.20235,1.2024,0.20,8.80
2007.04.25 04:55:20.722,1.20235,1.2024,0.20,17.60
2007.04.25 04:55:22.716,1.20235,1.2024,0.20,9.60
2007.04.25 04:55:23.686,1.20235,1.2024,0.20,17.60
2007.04.25 04:55:42.086,1.20235,1.2024,0.20,9.60
2007.04.25 04:55:42.421,1.20235,1.2024,0.20,4.80
2007.04.25 04:55:43.063,1.20235,1.2024,0.20,4.00
2007.04.25 04:55:47.028,1.20235,1.2024,0.20,8.00
2007.04.25 04:55:47.766,1.20235,1.2024,0.20,16.00
2007.04.25 04:55:48.024,1.20235,1.2024,0.20,4.00
2007.04.25 04:55:52.522,1.2023,1.2024,0.80,4.00
2007.04.25 04:56:19.429,1.2023,1.2025,5.40,8.10
2007.04.25 04:56:21.532,1.20235,1.2025,0.20,8.00
2007.04.25 04:56:22.896,1.20235,1.2025,0.20,16.80
2007.04.25 04:56:23.532,1.20235,1.2025,0.20,17.60
2007.04.25 04:56:46.410,1.20235,1.2025,0.20,4.80
2007.04.25 04:56:47.487,1.20235,1.2025,0.20,4.00
2007.04.25 04:56:49.139,1.20235,1.2025,0.20,8.00
2007.04.25 04:56:57.938,1.20235,1.2025,0.20,12.00
2007.04.25 04:56:58.803,1.20235,1.2025,0.20,0.80
2007.04.25 04:57:05.714,1.20218,1.20228,0.80,8.00
2007.04.25 04:57:06.046,1.20223,1.20233,0.80,6.40
2007.04.25 04:57:06.375,1.20224,1.20234,0.80,7.20
2007.04.25 04:57:08.699,1.20223,1.20233,4.80,20.80
2007.04.25 04:57:09.697,1.20217,1.20227,0.80,7.20
2007.04.25 04:57:10.885,1.20208,1.20218,0.80,6.40
2007.04.25 04:57:12.682,1.20203,1.20213,31.20,10.50
2007.04.25 04:57:20.655,1.20204,1.20214,0.80,7.20
2007.04.25 04:57:27.958,1.20204,1.20219,0.80,7.20
2007.04.25 04:57:29.021,1.20207,1.20222,0.80,8.00
2007.04.25 04:57:33.288,1.20211,1.20226,8.80,8.00
2007.04.25 04:57:45.998,1.20217,1.20227,0.80,8.80
2007.04.25 04:57:48.897,1.20219,1.20229,31.20,8.80
2007.04.25 04:57:49.310,1.20221,1.20231,0.80,20.80
2007.04.25 04:57:49.589,1.20218,1.20233,4.80,0.60
2007.04.25 04:57:49.912,1.20219,1.20234,4.80,0.60
2007.04.25 04:57:50.559,1.20219,1.20239,33.80,8.80
2007.04.25 04:57:50.891,1.20223,1.20243,0.80,6.40
2007.04.25 04:57:52.549,1.20223,1.20248,12.00,8.00
2007.04.25 04:57:52.884,1.20221,1.20246,4.80,7.20
2007.04.25 04:57:53.006,1.20222,1.20242,8.80,8.00
2007.04.25 04:57:56.420,1.20221,1.20241,8.80,20.80
2007.04.25 04:57:56.666,1.2022,1.2024,0.80,8.80
2007.04.25 04:57:56.871,1.20218,1.20238,4.80,20.80
2007.04.25 04:57:57.291,1.20218,1.20238,4.80,0.70
2007.04.25 04:57:57.676,1.20212,1.20242,8.80,8.80
2007.04.25 04:57:57.910,1.20217,1.20237,0.80,8.00
2007.04.25 04:57:58.613,1.20215,1.20235,31.20,8.90
2007.04.25 04:57:58.857,1.20213,1.20233,0.80,0.80
2007.04.25 04:57:59.621,1.20217,1.20227,0.80,6.40
2007.04.25 04:58:00.937,1.20235,1.2025,0.20,12.80
2007.04.25 04:58:01.546,1.20235,1.2025,0.20,20.80
2007.04.25 04:58:02.618,1.20235,1.2025,0.20,12.80
2007.04.25 04:58:02.867,1.20235,1.2025,0.20,12.00
2007.04.25 04:58:06.234,1.20235,1.2025,0.20,20.00
2007.04.25 04:58:07.562,1.20235,1.2025,0.20,12.00
2007.04.25 04:58:09.512,1.20235,1.2025,0.20,20.00
2007.04.25 04:58:10.432,1.20235,1.2025,0.20,12.00
2007.04.25 04:58:11.606,1.20235,1.2025,0.20,20.00
2007.04.25 04:58:13.419,1.20235,1.2025,0.20,12.00
2007.04.25 04:58:14.416,1.20235,1.2025,0.20,12.80
2007.04.25 04:58:14.669,1.20235,1.2025,0.20,20.80
2007.04.25 04:58:28.699,1.20235,1.2024,0.20,4.00
2007.04.25 04:58:28.926,1.20235,1.2024,0.20,12.00
2007.04.25 04:58:30.361,1.20235,1.2024,0.20,4.00
2007.04.25 04:58:31.588,1.20235,1.2024,0.20,8.00
2007.04.25 04:58:42.941,1.20235,1.2024,0.20,17.60
2007.04.25 04:58:46.528,1.20235,1.2024,0.20,12.80
2007.04.25 04:58:54.387,1.20235,1.2024,0.20,20.80
2007.04.25 04:58:54.643,1.20235,1.2024,0.20,21.60
2007.04.25 04:58:56.949,1.20235,1.2024,0.20,12.00
2007.04.25 04:58:57.707,1.20235,1.2024,0.20,20.00
2007.04.25 04:59:02.358,1.20235,1.2024,0.20,21.60
2007.04.25 04:59:02.590,1.20235,1.2024,0.20,17.60
2007.04.25 04:59:07.619,1.20235,1.2024,0.20,8.80
2007.04.25 04:59:09.589,1.20235,1.2024,0.20,8.00
2007.04.25 04:59:17.442,1.20235,1.2024,0.20,4.00
2007.04.25 04:59:33.522,1.20235,1.2025,0.20,12.80
2007.04.25 04:59:33.888,1.20235,1.2025,0.20,20.80
2007.04.25 04:59:36.682,1.20235,1.2025,0.20,12.80
2007.04.25 04:59:38.885,1.20235,1.2025,0.20,20.80
2007.04.25 04:59:39.544,1.20235,1.2025,0.20,12.80
2007.04.25 04:59:40.498,1.20235,1.2025,0.20,20.80
2007.04.25 04:59:41.537,1.20235,1.2025,0.20,12.80
2007.04.25 04:59:45.057,1.20235,1.2025,0.20,12.00
2007.04.25 04:59:46.933,1.20235,1.2025,0.20,4.00
2007.04.25 04:59:47.591,1.20235,1.2025,0.20,12.00
2007.04.25 04:59:48.625,1.20235,1.2025,0.20,4.00
2007.04.25 04:59:50.704,1.20235,1.2025,0.20,8.00
2007.04.25 04:59:51.628,1.20235,1.2025,0.20,4.00
2007.04.25 04:59:53.563,1.20235,1.2025,0.20,8.00
2007.04.25 04:59:55.539,1.20235,1.2025,0.20,4.00
2007.04.25 04:59:56.539,1.20235,1.2025,0.20,8.00
2007.04.25 04:59:56.988,1.20235,1.2025,0.20,4.00
