2018.02.04 23:00:01.773,0.93229,0.93237,1.00,1.00
2018.02.04 23:00:01.824,0.9322,0.93247,2.25,1.50
2018.02.04 23:00:01.927,0.93221,0.93254,1.00,1.12
2018.02.04 23:00:02.081,0.93218,0.93255,1.00,1.00
2018.02.04 23:00:02.696,0.93217,0.93254,1.00,1.00
2018.02.04 23:00:03.209,0.93218,0.93255,1.00,1.00
2018.02.04 23:00:03.261,0.93214,0.9326,1.25,1.00
2018.02.04 23:00:04.561,0.93213,0.93259,1.69,1.00
2018.02.04 23:00:04.984,0.93212,0.93253,1.50,1.00
2018.02.04 23:00:05.036,0.9321,0.93254,1.00,1.00
2018.02.04 23:00:05.088,0.93208,0.93252,2.46,1.00
2018.02.04 23:00:05.700,0.9321,0.93253,1.00,1.00
2018.02.04 23:00:06.117,0.93207,0.93252,1.50,1.00
2018.02.04 23:00:07.711,0.93207,0.93246,1.25,1.00
2018.02.04 23:00:07.917,0.93203,0.93245,1.69,3.00
2018.02.04 23:00:08.070,0.932,0.93244,1.21,1.00
2018.02.04 23:00:09.182,0.93202,0.93244,1.50,1.00
2018.02.04 23:00:09.430,0.93203,0.93245,1.19,3.75
2018.02.04 23:00:10.005,0.93204,0.93245,1.19,3.00
2018.02.04 23:00:10.546,0.93205,0.93245,1.19,2.25
2018.02.04 23:00:11.375,0.93206,0.93245,1.19,2.25
2018.02.04 23:00:11.686,0.93198,0.93237,1.00,1.00
2018.02.04 23:00:11.738,0.93197,0.93243,1.50,1.37
2018.02.04 23:00:11.790,0.93197,0.93243,1.50,1.00
2018.02.04 23:00:11.842,0.93199,0.93243,1.00,1.00
2018.02.04 23:00:12.389,0.93202,0.93245,1.69,3.00
2018.02.04 23:00:12.918,0.93203,0.93244,1.50,1.00
2018.02.04 23:00:13.230,0.93199,0.93236,1.19,1.50
2018.02.04 23:00:13.542,0.93199,0.93228,1.19,1.50
2018.02.04 23:00:17.089,0.93203,0.93229,1.00,1.00
2018.02.04 23:00:17.141,0.932,0.93228,1.69,1.00
2018.02.04 23:00:17.503,0.93203,0.93228,1.00,1.00
2018.02.04 23:00:18.275,0.93201,0.93228,1.25,1.00
2018.02.04 23:00:24.076,0.932,0.93231,2.44,1.50
2018.02.04 23:00:24.128,0.93204,0.93237,1.00,2.44
2018.02.04 23:00:26.289,0.93201,0.93228,1.50,1.50
2018.02.04 23:00:35.527,0.93203,0.93231,1.00,1.50
2018.02.04 23:00:35.579,0.93205,0.93231,1.00,1.50
2018.02.04 23:00:35.632,0.93206,0.93237,1.00,1.69
2018.02.04 23:00:36.228,0.93206,0.93232,1.00,1.00
2018.02.04 23:00:36.618,0.93202,0.93231,1.50,1.50
2018.02.04 23:00:44.577,0.93206,0.93234,1.00,1.50
2018.02.04 23:00:44.680,0.93206,0.93237,1.00,1.50
2018.02.04 23:00:50.979,0.93205,0.93237,1.00,1.69
2018.02.04 23:00:53.139,0.93204,0.93231,1.00,1.50
2018.02.04 23:00:53.241,0.93202,0.93232,1.00,3.75
2018.02.04 23:00:53.812,0.93202,0.93231,1.50,1.50
2018.02.04 23:00:53.995,0.93204,0.93231,1.02,1.50
2018.02.04 23:00:54.301,0.9321,0.93231,1.00,1.50
2018.02.04 23:00:56.834,0.93212,0.93236,1.00,1.00
2018.02.04 23:00:59.110,0.9321,0.93231,1.50,1.50
2018.02.04 23:00:59.601,0.93212,0.93234,1.00,1.50
2018.02.04 23:00:59.653,0.93212,0.93236,1.00,1.00
2018.02.04 23:01:00.065,0.93212,0.93232,1.00,1.00
2018.02.04 23:01:10.698,0.93214,0.93233,1.00,1.00
2018.02.04 23:01:11.313,0.93213,0.93233,1.50,1.00
2018.02.04 23:01:23.502,0.93214,0.93233,1.00,1.00
2018.02.04 23:01:24.024,0.93214,0.93228,1.00,1.50
2018.02.04 23:01:24.383,0.93214,0.93231,1.00,1.00
2018.02.04 23:01:24.486,0.93214,0.93233,1.00,1.00
2018.02.04 23:01:24.836,0.93214,0.93228,1.00,1.00
2018.02.04 23:01:26.129,0.93214,0.93231,1.00,1.00
2018.02.04 23:01:26.181,0.93214,0.93233,1.00,1.00
2018.02.04 23:01:26.631,0.93213,0.93229,1.00,1.50
2018.02.04 23:01:27.217,0.93214,0.93228,1.00,1.50
2018.02.04 23:01:27.457,0.93214,0.93231,1.00,1.00
2018.02.04 23:01:27.610,0.93218,0.93232,1.00,1.00
2018.02.04 23:01:28.020,0.93218,0.93234,1.00,2.25
2018.02.04 23:01:28.122,0.93218,0.93237,1.00,1.50
2018.02.04 23:01:33.600,0.93213,0.93231,1.00,2.06
2018.02.04 23:01:33.957,0.93211,0.93225,1.39,1.50
2018.02.04 23:01:34.932,0.93213,0.93229,1.87,1.19
2018.02.04 23:01:35.037,0.93215,0.93233,1.32,1.25
2018.02.04 23:01:35.090,0.93215,0.93233,1.82,1.25
2018.02.04 23:01:40.026,0.93216,0.93233,1.70,1.19
2018.02.04 23:01:42.620,0.93215,0.93233,2.01,1.44
2018.02.04 23:01:45.390,0.93215,0.93233,2.25,1.19
2018.02.04 23:01:47.521,0.93215,0.93233,2.01,1.44
2018.02.04 23:02:02.732,0.93215,0.93232,1.17,1.44
2018.02.04 23:02:04.413,0.93214,0.93234,2.25,2.62
2018.02.04 23:02:06.466,0.93216,0.93233,1.44,1.44
2018.02.04 23:02:06.782,0.93209,0.93225,1.56,1.87
2018.02.04 23:02:07.045,0.93208,0.93224,1.89,1.12
2018.02.04 23:02:07.149,0.93208,0.93224,1.92,1.12
2018.02.04 23:02:11.692,0.93207,0.93221,1.56,1.00
2018.02.04 23:02:11.797,0.93207,0.93223,1.83,1.69
2018.02.04 23:02:11.852,0.93207,0.93221,1.58,1.00
2018.02.04 23:02:12.346,0.93207,0.93223,1.58,1.25
2018.02.04 23:02:12.849,0.93207,0.93223,1.64,1.44
2018.02.04 23:02:18.402,0.93208,0.93225,2.25,1.25
2018.02.04 23:02:18.718,0.93212,0.93225,1.14,1.50
2018.02.04 23:02:19.224,0.93211,0.93225,1.32,1.50
2018.02.04 23:02:22.429,0.93212,0.93225,1.37,1.50
2018.02.04 23:02:22.533,0.93212,0.93225,1.64,1.50
2018.02.04 23:02:25.127,0.93212,0.93226,1.54,1.00
2018.02.04 23:02:25.660,0.93213,0.93226,1.37,1.00
2018.02.04 23:02:26.200,0.93211,0.93225,3.04,1.50
2018.02.04 23:02:29.717,0.93221,0.93229,1.00,1.19
2018.02.04 23:02:29.770,0.93225,0.93233,1.00,1.00
2018.02.04 23:02:29.822,0.93222,0.93234,1.00,1.69
2018.02.04 23:02:29.937,0.93218,0.93233,1.91,1.00
2018.02.04 23:02:29.988,0.93218,0.93233,1.16,1.00
2018.02.04 23:02:39.237,0.93219,0.93233,2.66,1.00
2018.02.04 23:02:39.917,0.9322,0.93233,1.62,1.00
2018.02.04 23:02:40.514,0.93219,0.93233,2.29,1.00
2018.02.04 23:02:45.615,0.93219,0.93233,1.16,1.00
2018.02.04 23:02:49.476,0.93218,0.93234,2.29,1.69
2018.02.04 23:02:51.609,0.93219,0.93233,1.16,1.00
2018.02.04 23:03:13.358,0.93214,0.93225,4.31,1.50
2018.02.04 23:03:13.776,0.93214,0.93228,2.44,3.56
2018.02.04 23:03:13.829,0.93216,0.93231,2.06,1.94
2018.02.04 23:03:13.882,0.93217,0.93233,1.56,1.44
2018.02.04 23:03:19.865,0.93218,0.93233,2.25,1.25
2018.02.04 23:03:22.779,0.93219,0.93234,1.00,1.87
2018.02.04 23:03:26.682,0.93219,0.93233,1.00,1.25
2018.02.04 23:03:34.896,0.93219,0.93234,1.00,1.69
2018.02.04 23:03:35.130,0.93218,0.93233,2.25,1.19
2018.02.04 23:03:40.622,0.93216,0.93233,2.66,1.44
2018.02.04 23:03:43.273,0.93218,0.93234,1.56,1.19
2018.02.04 23:03:43.326,0.93221,0.93237,1.50,1.00
2018.02.04 23:03:43.379,0.93223,0.93242,1.50,1.69
2018.02.04 23:03:43.484,0.93225,0.93243,1.00,1.69
2018.02.04 23:03:44.243,0.93225,0.93243,1.50,1.87
2018.02.04 23:03:48.251,0.93225,0.93243,1.81,1.44
2018.02.04 23:03:50.382,0.93225,0.93243,1.81,1.44
2018.02.04 23:03:50.598,0.93231,0.93246,1.25,1.00
2018.02.04 23:03:50.912,0.93232,0.93246,1.75,1.00
2018.02.04 23:03:51.391,0.93233,0.93251,1.50,1.87
2018.02.04 23:03:51.755,0.9323,0.93251,2.47,2.62
2018.02.04 23:03:52.305,0.9323,0.93251,1.56,2.62
2018.02.04 23:03:57.610,0.9323,0.93251,2.66,1.44
2018.02.04 23:03:59.034,0.93228,0.93245,1.56,1.69
2018.02.04 23:03:59.164,0.9323,0.93251,2.06,1.19
2018.02.04 23:04:04.977,0.93227,0.93235,1.00,1.50
2018.02.04 23:04:05.029,0.93224,0.93235,1.19,1.50
2018.02.04 23:04:05.082,0.93224,0.93238,1.75,1.19
2018.02.04 23:04:05.134,0.93227,0.93242,1.19,1.00
2018.02.04 23:04:05.188,0.93228,0.93246,2.85,1.00
2018.02.04 23:04:05.287,0.93229,0.93251,1.81,1.19
2018.02.04 23:04:05.545,0.93231,0.93251,2.00,1.19
2018.02.04 23:04:06.904,0.93233,0.93252,1.81,1.87
2018.02.04 23:04:07.526,0.93233,0.93252,1.81,1.87
2018.02.04 23:04:16.892,0.93226,0.93235,1.00,1.50
2018.02.04 23:04:17.176,0.93222,0.93235,2.81,1.87
2018.02.04 23:04:33.078,0.93222,0.93235,2.06,1.87
2018.02.04 23:04:33.710,0.93223,0.93235,1.87,1.69
2018.02.04 23:04:34.259,0.93223,0.93235,1.12,1.87
2018.02.04 23:04:37.227,0.93224,0.93238,3.41,1.00
2018.02.04 23:04:37.622,0.93225,0.93242,3.04,1.87
2018.02.04 23:04:59.893,0.93226,0.93243,3.04,1.19
2018.02.04 23:05:05.632,0.93226,0.93243,1.87,1.19
2018.02.04 23:05:27.517,0.93227,0.93242,1.69,1.12
2018.02.04 23:05:30.681,0.93228,0.93242,1.77,1.12
2018.02.04 23:05:30.785,0.93228,0.93242,3.40,1.12
2018.02.04 23:05:31.264,0.93227,0.93243,2.08,1.87
2018.02.04 23:05:34.277,0.93227,0.93243,2.02,1.87
2018.02.04 23:05:39.757,0.93227,0.93243,2.46,1.87
2018.02.04 23:05:41.885,0.93227,0.93242,3.40,1.12
2018.02.04 23:05:41.937,0.93227,0.93242,2.65,1.12
2018.02.04 23:05:45.954,0.93229,0.93242,1.03,1.12
2018.02.04 23:05:46.506,0.93227,0.93242,3.40,1.12
2018.02.04 23:05:47.009,0.93229,0.93242,1.03,1.12
2018.02.04 23:05:50.050,0.93225,0.93233,1.37,1.00
2018.02.04 23:05:50.155,0.93224,0.93233,1.62,1.00
2018.02.04 23:05:51.644,0.93224,0.93234,1.62,1.50
2018.02.04 23:05:51.749,0.93222,0.93233,1.37,1.00
2018.02.04 23:05:52.586,0.93221,0.93233,1.37,1.00
2018.02.04 23:05:53.286,0.93221,0.93234,1.37,1.87
2018.02.04 23:05:53.875,0.93221,0.93233,1.37,1.25
2018.02.04 23:05:54.592,0.93218,0.93234,1.81,1.87
2018.02.04 23:05:58.330,0.93218,0.93233,1.56,1.25
2018.02.04 23:05:58.656,0.93218,0.93231,1.56,1.00
2018.02.04 23:06:00.794,0.93218,0.93234,1.89,1.12
2018.02.04 23:06:00.846,0.93223,0.93234,1.62,1.00
2018.02.04 23:06:00.897,0.93224,0.93237,1.31,1.19
2018.02.04 23:06:01.000,0.93224,0.93234,1.37,1.50
2018.02.04 23:06:01.307,0.93223,0.93238,2.33,1.19
2018.02.04 23:06:01.359,0.93224,0.93238,1.89,1.25
2018.02.04 23:06:04.240,0.93224,0.93241,2.52,1.19
2018.02.04 23:06:05.432,0.93223,0.93235,2.52,1.00
2018.02.04 23:06:05.696,0.93221,0.93234,2.14,1.25
2018.02.04 23:06:05.818,0.93223,0.93235,1.08,2.44
2018.02.04 23:06:06.177,0.93218,0.93234,3.08,1.44
2018.02.04 23:06:07.356,0.93219,0.93231,1.46,1.69
2018.02.04 23:06:07.879,0.93218,0.93232,1.77,1.69
2018.02.04 23:06:09.146,0.93218,0.93231,3.27,1.69
2018.02.04 23:06:09.668,0.93219,0.93231,1.58,1.69
2018.02.04 23:06:11.200,0.93218,0.93227,1.62,2.17
2018.02.04 23:06:11.305,0.93213,0.93227,3.37,2.54
2018.02.04 23:06:11.810,0.93214,0.93225,3.00,1.00
2018.02.04 23:06:12.336,0.93214,0.93225,2.81,1.00
2018.02.04 23:06:12.389,0.9321,0.93225,2.00,1.19
2018.02.04 23:06:12.442,0.93209,0.93225,2.06,1.19
2018.02.04 23:06:15.530,0.93209,0.93217,1.37,1.50
2018.02.04 23:06:15.790,0.93209,0.93217,1.12,2.25
2018.02.04 23:06:16.055,0.93209,0.93223,1.62,4.69
2018.02.04 23:06:16.263,0.93209,0.93225,3.00,1.44
2018.02.04 23:06:17.197,0.93209,0.93221,2.06,1.31
2018.02.04 23:06:17.251,0.93209,0.93225,2.25,1.87
2018.02.04 23:06:17.806,0.93209,0.93223,2.06,2.06
2018.02.04 23:06:17.858,0.93209,0.93224,2.06,1.87
2018.02.04 23:06:18.704,0.93209,0.93223,2.06,2.81
2018.02.04 23:06:18.812,0.93209,0.93224,1.56,1.00
2018.02.04 23:06:18.865,0.93209,0.93223,2.06,1.87
2018.02.04 23:06:19.444,0.93209,0.93223,1.56,1.69
2018.02.04 23:06:19.756,0.93208,0.93221,1.56,1.56
2018.02.04 23:06:19.808,0.93208,0.93222,1.81,2.06
2018.02.04 23:06:20.086,0.93208,0.93217,1.56,1.00
2018.02.04 23:06:20.139,0.93208,0.93222,1.56,2.06
2018.02.04 23:06:21.864,0.93209,0.93223,1.69,1.50
2018.02.04 23:06:22.720,0.93209,0.93223,2.44,1.50
2018.02.04 23:06:23.233,0.93209,0.93223,1.56,2.06
2018.02.04 23:06:23.978,0.9321,0.93223,1.81,1.00
2018.02.04 23:06:24.533,0.93213,0.93229,1.56,3.56
2018.02.04 23:06:24.586,0.93212,0.93226,2.06,1.50
2018.02.04 23:06:25.117,0.93212,0.93225,1.50,1.00
2018.02.04 23:06:29.574,0.93212,0.93226,2.81,1.69
2018.02.04 23:06:29.893,0.93212,0.93223,1.31,1.00
2018.02.04 23:06:33.437,0.93211,0.93223,1.00,2.44
2018.02.04 23:06:33.490,0.93209,0.9322,2.06,1.00
2018.02.04 23:06:33.774,0.93211,0.93223,1.12,1.00
2018.02.04 23:06:34.291,0.93211,0.93223,1.31,1.00
2018.02.04 23:06:37.029,0.93211,0.93223,1.12,1.25
2018.02.04 23:06:37.568,0.93211,0.93223,1.31,1.00
2018.02.04 23:06:38.076,0.93208,0.93223,3.56,2.44
2018.02.04 23:06:38.387,0.93211,0.93223,1.37,2.25
2018.02.04 23:06:38.994,0.93211,0.93223,1.37,2.25
2018.02.04 23:06:39.165,0.93209,0.9322,1.81,1.00
2018.02.04 23:06:39.219,0.93212,0.93223,1.00,1.00
2018.02.04 23:06:39.794,0.93212,0.93223,1.31,1.00
2018.02.04 23:06:40.375,0.93212,0.93224,1.31,1.00
2018.02.04 23:06:41.137,0.93212,0.93223,1.31,1.12
2018.02.04 23:06:42.378,0.93209,0.93223,3.56,1.00
2018.02.04 23:06:42.532,0.93209,0.93221,3.75,1.00
2018.02.04 23:06:42.739,0.93212,0.93223,1.31,1.25
2018.02.04 23:06:43.076,0.9321,0.93223,1.31,1.25
2018.02.04 23:06:43.128,0.93212,0.93223,1.19,1.00
2018.02.04 23:06:43.470,0.93209,0.93217,1.37,1.50
2018.02.04 23:06:43.885,0.93209,0.9322,1.56,1.00
2018.02.04 23:06:43.989,0.93209,0.93217,2.06,1.00
2018.02.04 23:06:44.093,0.93209,0.93221,2.06,1.00
2018.02.04 23:06:44.198,0.93209,0.93217,1.56,1.00
2018.02.04 23:06:44.354,0.93209,0.93221,2.06,1.00
2018.02.04 23:06:44.885,0.93211,0.93222,1.00,1.87
2018.02.04 23:06:44.937,0.93209,0.93217,2.06,1.50
2018.02.04 23:06:44.990,0.9321,0.93221,1.62,2.25
2018.02.04 23:06:45.095,0.9321,0.93217,1.62,1.50
2018.02.04 23:06:45.149,0.93211,0.93222,1.12,1.87
2018.02.04 23:06:45.201,0.93213,0.93222,1.00,1.50
2018.02.04 23:06:45.306,0.93213,0.93224,1.19,1.00
2018.02.04 23:06:48.343,0.93209,0.93217,1.37,2.25
2018.02.04 23:06:49.067,0.93209,0.93217,1.00,2.25
2018.02.04 23:06:49.730,0.93207,0.93217,1.19,2.25
2018.02.04 23:06:52.538,0.93204,0.93217,2.25,2.25
2018.02.04 23:06:52.752,0.93203,0.93217,1.31,2.62
2018.02.04 23:06:52.804,0.93204,0.93217,1.19,2.44
2018.02.04 23:06:53.017,0.93206,0.93223,1.25,1.50
2018.02.04 23:06:53.069,0.93207,0.93217,1.37,1.50
2018.02.04 23:06:53.388,0.93204,0.93217,2.25,1.50
2018.02.04 23:06:53.493,0.93204,0.93218,2.25,1.50
2018.02.04 23:06:54.017,0.93204,0.93217,2.25,1.50
2018.02.04 23:06:54.753,0.93203,0.93216,1.50,3.00
2018.02.04 23:06:54.856,0.93202,0.93209,1.37,1.50
2018.02.04 23:06:54.959,0.93197,0.93208,1.56,1.00
2018.02.04 23:06:55.479,0.93198,0.93209,1.25,1.87
2018.02.04 23:07:00.162,0.93197,0.93212,1.31,1.31
2018.02.04 23:07:00.215,0.93198,0.93216,2.62,1.19
2018.02.04 23:07:00.322,0.93201,0.93217,1.81,1.25
2018.02.04 23:07:00.480,0.93203,0.93221,3.00,1.25
2018.02.04 23:07:01.343,0.93204,0.93217,2.38,1.00
2018.02.04 23:07:02.374,0.93201,0.93217,5.56,1.00
2018.02.04 23:07:02.754,0.93201,0.93214,2.00,1.12
2018.02.04 23:07:02.912,0.93201,0.93217,1.46,1.87
2018.02.04 23:07:14.159,0.932,0.93217,2.71,2.25
2018.02.04 23:07:17.108,0.93198,0.93209,1.37,1.50
2018.02.04 23:07:17.213,0.93195,0.93209,2.06,1.87
2018.02.04 23:07:17.267,0.93197,0.93213,3.19,1.19
2018.02.04 23:07:17.320,0.93199,0.93215,1.50,1.00
2018.02.04 23:07:18.922,0.93199,0.93212,1.56,1.31
2018.02.04 23:07:18.975,0.93199,0.93215,1.75,1.19
2018.02.04 23:07:19.079,0.93199,0.93216,1.75,1.12
2018.02.04 23:07:22.733,0.93197,0.93209,1.56,1.87
2018.02.04 23:07:22.837,0.93194,0.93209,1.56,2.06
2018.02.04 23:07:23.510,0.93196,0.93209,1.25,2.06
2018.02.04 23:07:27.926,0.93194,0.93206,1.37,1.37
2018.02.04 23:07:28.984,0.93192,0.93206,1.56,1.37
2018.02.04 23:07:29.222,0.93191,0.93209,1.56,3.37
2018.02.04 23:07:29.879,0.93191,0.93209,1.94,1.19
2018.02.04 23:07:30.516,0.93192,0.93209,3.00,1.25
2018.02.04 23:07:33.452,0.93191,0.93205,1.81,1.31
2018.02.04 23:07:33.556,0.93192,0.93209,2.06,1.19
2018.02.04 23:07:33.912,0.9319,0.93204,1.69,1.25
2018.02.04 23:07:33.964,0.9319,0.93207,2.62,1.00
2018.02.04 23:07:34.067,0.93191,0.93204,1.56,1.00
2018.02.04 23:07:34.805,0.93191,0.93201,1.56,1.00
2018.02.04 23:07:34.961,0.93189,0.93201,1.56,1.12
2018.02.04 23:07:35.119,0.93191,0.93204,1.31,1.31
2018.02.04 23:07:35.227,0.93191,0.93206,2.06,1.00
2018.02.04 23:07:35.384,0.93191,0.93206,3.00,1.00
2018.02.04 23:07:35.595,0.93192,0.93206,1.75,1.00
2018.02.04 23:07:35.771,0.93192,0.93206,2.00,1.00
2018.02.04 23:07:35.983,0.93189,0.93201,2.25,1.00
2018.02.04 23:07:36.344,0.93188,0.93201,1.56,1.87
2018.02.04 23:07:37.449,0.93188,0.93197,2.06,1.00
2018.02.04 23:07:38.248,0.93188,0.93201,2.06,1.87
2018.02.04 23:07:40.961,0.93188,0.93202,2.06,1.87
2018.02.04 23:07:41.094,0.93186,0.93198,2.47,1.12
2018.02.04 23:07:41.253,0.93188,0.93201,1.62,3.75
2018.02.04 23:07:45.267,0.93194,0.93204,1.00,2.25
2018.02.04 23:07:45.320,0.93194,0.93208,1.25,1.19
2018.02.04 23:07:45.375,0.93196,0.93208,1.31,1.00
2018.02.04 23:07:45.429,0.93196,0.9321,1.31,2.06
2018.02.04 23:07:45.980,0.93197,0.9321,1.00,2.25
2018.02.04 23:07:53.388,0.93198,0.9321,1.00,2.25
2018.02.04 23:07:53.439,0.93196,0.9321,1.25,1.25
2018.02.04 23:07:56.760,0.93199,0.9321,1.00,2.25
2018.02.04 23:07:57.607,0.93197,0.9321,1.00,2.25
2018.02.04 23:07:57.787,0.93199,0.9321,1.00,2.25
2018.02.04 23:08:00.257,0.93198,0.9321,1.00,2.25
2018.02.04 23:08:01.128,0.93197,0.9321,1.00,3.00
2018.02.04 23:08:03.075,0.93198,0.9321,1.00,3.00
2018.02.04 23:08:03.589,0.93197,0.9321,1.12,2.06
2018.02.04 23:08:07.846,0.93198,0.9321,1.50,2.06
2018.02.04 23:08:08.454,0.93198,0.9321,1.87,2.06
2018.02.04 23:08:09.711,0.93199,0.93211,1.62,1.00
2018.02.04 23:08:09.815,0.93199,0.93211,1.31,1.00
2018.02.04 23:08:10.834,0.93199,0.93211,1.62,1.00
2018.02.04 23:08:11.175,0.93199,0.9321,1.31,1.12
2018.02.04 23:08:11.331,0.93199,0.9321,1.62,1.12
2018.02.04 23:08:14.243,0.93199,0.93213,1.62,1.87
2018.02.04 23:08:14.424,0.93203,0.93214,2.62,1.00
2018.02.04 23:08:14.477,0.93209,0.93225,4.31,3.75
2018.02.04 23:08:14.530,0.93211,0.93226,1.19,1.00
2018.02.04 23:08:14.635,0.93212,0.93226,1.56,1.00
2018.02.04 23:08:14.947,0.93211,0.93226,2.81,1.25
2018.02.04 23:08:19.536,0.93211,0.93227,1.56,2.06
2018.02.04 23:08:20.064,0.93211,0.93226,1.56,1.00
2018.02.04 23:08:21.056,0.93211,0.93226,1.56,1.00
2018.02.04 23:08:21.585,0.93211,0.93226,1.56,1.25
2018.02.04 23:08:22.136,0.93211,0.93226,1.56,1.25
2018.02.04 23:08:26.559,0.93211,0.93226,1.56,1.25
2018.02.04 23:08:34.477,0.93212,0.93226,1.56,1.00
2018.02.04 23:08:35.068,0.93212,0.93226,1.56,1.25
2018.02.04 23:08:37.962,0.93209,0.93226,3.75,1.25
2018.02.04 23:08:38.513,0.93211,0.93226,1.81,1.00
2018.02.04 23:08:39.612,0.93209,0.93226,3.00,1.00
2018.02.04 23:08:39.821,0.93215,0.93232,1.56,1.41
2018.02.04 23:08:40.136,0.93219,0.93236,1.81,1.00
2018.02.04 23:08:40.676,0.93219,0.93236,3.00,1.25
2018.02.04 23:08:41.292,0.9322,0.93236,1.56,2.06
2018.02.04 23:08:42.854,0.93218,0.93233,2.81,1.56
2018.02.04 23:08:42.964,0.93218,0.93234,2.06,1.25
2018.02.04 23:08:43.019,0.93218,0.93227,1.31,1.87
2018.02.04 23:08:43.073,0.93214,0.93227,1.56,2.06
2018.02.04 23:08:43.180,0.93214,0.93227,1.56,2.06
2018.02.04 23:08:43.615,0.93214,0.93228,1.56,1.31
2018.02.04 23:08:43.666,0.93214,0.93228,1.56,1.31
2018.02.04 23:08:43.819,0.93214,0.93228,1.56,1.31
2018.02.04 23:08:45.389,0.93218,0.93232,1.56,1.00
2018.02.04 23:08:45.442,0.93218,0.93236,1.56,2.25
2018.02.04 23:08:46.675,0.9322,0.93236,1.56,1.25
2018.02.04 23:08:47.161,0.93222,0.93236,2.06,1.25
2018.02.04 23:08:49.861,0.9322,0.93236,1.56,1.25
2018.02.04 23:08:50.451,0.93222,0.93236,1.56,1.25
2018.02.04 23:08:51.167,0.93221,0.93236,2.06,1.25
2018.02.04 23:08:51.479,0.93224,0.93236,1.56,1.00
2018.02.04 23:08:51.739,0.93224,0.93236,1.56,1.25
2018.02.04 23:08:51.987,0.93224,0.93236,1.56,1.00
2018.02.04 23:08:54.133,0.93224,0.93236,1.56,1.25
2018.02.04 23:08:56.394,0.93225,0.93236,1.81,1.00
2018.02.04 23:08:56.778,0.93224,0.93236,2.25,1.00
2018.02.04 23:08:57.401,0.93224,0.93237,2.25,1.50
2018.02.04 23:08:57.923,0.93224,0.93236,2.06,1.00
2018.02.04 23:08:59.358,0.93224,0.93237,2.06,1.00
2018.02.04 23:08:59.878,0.93224,0.93236,2.06,1.00
2018.02.04 23:09:00.301,0.93224,0.9324,3.00,3.37
2018.02.04 23:09:00.354,0.93229,0.93243,2.06,1.00
2018.02.04 23:09:00.884,0.93229,0.93243,2.06,1.50
2018.02.04 23:09:01.410,0.93229,0.93243,1.56,1.50
2018.02.04 23:09:02.033,0.9323,0.93243,2.06,1.50
2018.02.04 23:09:03.176,0.93229,0.93242,1.56,1.00
2018.02.04 23:09:03.386,0.93229,0.93242,1.12,1.25
2018.02.04 23:09:03.558,0.9323,0.93242,1.62,1.00
2018.02.04 23:09:04.726,0.9323,0.93243,1.62,1.00
2018.02.04 23:09:05.244,0.9323,0.93244,1.62,2.25
2018.02.04 23:09:05.760,0.9323,0.93243,1.50,1.00
2018.02.04 23:09:07.814,0.93231,0.93244,1.87,2.25
2018.02.04 23:09:08.349,0.93228,0.93237,1.37,1.31
2018.02.04 23:09:08.868,0.93225,0.93238,1.56,2.06
2018.02.04 23:09:09.387,0.93225,0.93237,1.56,1.31
2018.02.04 23:09:09.849,0.93229,0.9324,1.37,1.69
2018.02.04 23:09:09.910,0.93229,0.93243,2.81,1.00
2018.02.04 23:09:11.595,0.93231,0.93244,1.62,2.25
2018.02.04 23:09:12.400,0.93231,0.93243,1.62,1.50
2018.02.04 23:09:13.146,0.93231,0.93243,1.31,1.50
2018.02.04 23:09:13.655,0.93231,0.93243,1.62,1.00
2018.02.04 23:09:15.066,0.93232,0.93246,1.81,3.37
2018.02.04 23:09:15.535,0.93236,0.93249,1.19,3.04
2018.02.04 23:09:15.640,0.93236,0.93251,1.56,1.25
2018.02.04 23:09:16.189,0.93236,0.9325,2.06,1.00
2018.02.04 23:09:17.542,0.93236,0.93251,2.06,1.69
2018.02.04 23:09:17.763,0.93239,0.93254,1.25,1.50
2018.02.04 23:09:18.337,0.93239,0.93254,1.25,2.06
2018.02.04 23:09:19.257,0.93237,0.93252,1.19,1.00
2018.02.04 23:09:19.718,0.93236,0.93249,2.06,1.00
2018.02.04 23:09:19.983,0.93232,0.93244,1.62,1.69
2018.02.04 23:09:23.812,0.93231,0.93243,1.62,1.00
2018.02.04 23:09:24.351,0.93233,0.93244,1.00,1.00
2018.02.04 23:09:24.900,0.93233,0.93247,2.06,1.25
2018.02.04 23:09:24.953,0.93231,0.93244,2.06,1.50
2018.02.04 23:09:25.264,0.93232,0.93246,1.56,1.31
2018.02.04 23:09:26.037,0.93233,0.93245,1.56,1.31
2018.02.04 23:09:26.436,0.93233,0.93244,2.06,1.00
2018.02.04 23:09:26.539,0.93232,0.93244,1.56,1.00
2018.02.04 23:09:27.048,0.93232,0.93244,2.06,1.00
2018.02.04 23:09:27.357,0.9323,0.93244,1.62,1.50
2018.02.04 23:09:28.806,0.93234,0.93248,1.12,1.31
2018.02.04 23:09:28.860,0.93238,0.93248,1.19,1.12
2018.02.04 23:09:28.912,0.93238,0.93253,1.00,1.19
2018.02.04 23:09:29.017,0.93239,0.93253,1.69,1.25
2018.02.04 23:09:29.520,0.93239,0.93253,1.62,2.25
2018.02.04 23:09:30.258,0.93239,0.93253,1.62,1.12
2018.02.04 23:09:31.571,0.93238,0.93251,2.25,1.00
2018.02.04 23:09:32.114,0.93237,0.93251,1.56,1.00
2018.02.04 23:09:32.613,0.93237,0.93253,2.06,1.12
2018.02.04 23:09:33.221,0.93237,0.93252,2.06,1.00
2018.02.04 23:09:34.502,0.9324,0.93257,1.81,2.06
2018.02.04 23:09:34.607,0.93243,0.93257,1.19,1.00
2018.02.04 23:09:35.965,0.93239,0.93253,2.81,1.00
2018.02.04 23:09:36.872,0.93245,0.93259,1.19,1.00
2018.02.04 23:09:37.888,0.93245,0.9326,2.06,1.00
2018.02.04 23:09:38.710,0.93247,0.9326,2.06,1.00
2018.02.04 23:09:39.254,0.93247,0.9326,2.06,1.00
2018.02.04 23:09:39.768,0.93247,0.93261,2.06,1.25
2018.02.04 23:09:40.310,0.93247,0.9326,1.31,1.00
2018.02.04 23:09:41.130,0.93247,0.93261,1.31,1.25
2018.02.04 23:09:41.705,0.93248,0.9326,2.06,1.00
2018.02.04 23:09:41.913,0.9325,0.93262,1.12,1.69
2018.02.04 23:09:42.017,0.93248,0.93262,2.44,1.12
2018.02.04 23:09:42.691,0.93249,0.93263,1.62,1.00
2018.02.04 23:09:43.001,0.93248,0.93263,1.91,2.25
2018.02.04 23:09:43.209,0.93251,0.93263,1.37,1.87
2018.02.04 23:09:43.347,0.9325,0.93263,1.56,2.06
2018.02.04 23:09:43.905,0.9325,0.93262,1.31,1.00
2018.02.04 23:09:44.442,0.93248,0.93262,2.06,2.81
2018.02.04 23:09:44.960,0.9325,0.93262,1.62,2.81
2018.02.04 23:09:48.254,0.93251,0.93264,2.81,1.00
2018.02.04 23:09:48.357,0.93253,0.93268,2.06,1.31
2018.02.04 23:09:48.408,0.93254,0.93269,1.81,1.62
2018.02.04 23:09:48.460,0.93255,0.93271,2.06,1.54
2018.02.04 23:09:48.617,0.93255,0.93269,3.00,1.00
2018.02.04 23:09:50.103,0.93255,0.9327,3.00,1.25
2018.02.04 23:09:52.230,0.93256,0.93271,1.56,3.37
2018.02.04 23:09:52.783,0.93256,0.9327,1.56,1.25
2018.02.04 23:09:53.315,0.93256,0.9327,1.56,1.25
2018.02.04 23:09:53.950,0.93256,0.93271,1.56,1.87
2018.02.04 23:09:54.686,0.93256,0.93271,1.56,3.00
2018.02.04 23:09:56.959,0.93255,0.93272,2.06,3.00
2018.02.04 23:09:57.462,0.93255,0.93271,2.06,2.25
2018.02.04 23:09:58.569,0.93255,0.93271,2.06,2.62
2018.02.04 23:09:59.501,0.93255,0.93271,1.56,3.75
2018.02.04 23:10:01.034,0.93256,0.93271,2.06,3.75
2018.02.04 23:10:01.888,0.93256,0.93271,1.56,2.62
2018.02.04 23:10:02.391,0.93256,0.9327,1.56,1.25
2018.02.04 23:10:02.894,0.93255,0.93271,1.56,3.75
2018.02.04 23:10:09.476,0.93256,0.9327,1.56,1.25
2018.02.04 23:10:12.357,0.93255,0.93271,1.56,3.37
2018.02.04 23:10:12.972,0.93255,0.93271,1.56,5.25
2018.02.04 23:10:13.505,0.93255,0.93269,1.56,1.00
2018.02.04 23:10:13.815,0.93251,0.93268,2.06,1.69
2018.02.04 23:10:26.146,0.93251,0.93264,3.04,1.00
2018.02.04 23:10:26.691,0.93252,0.93265,1.56,1.00
2018.02.04 23:10:27.275,0.93252,0.93266,1.56,1.69
2018.02.04 23:10:28.966,0.93256,0.93267,1.00,1.19
2018.02.04 23:10:29.185,0.93257,0.93271,1.56,4.87
2018.02.04 23:10:29.942,0.93257,0.93271,1.56,2.81
2018.02.04 23:10:32.970,0.93256,0.93271,2.06,2.44
2018.02.04 23:10:33.525,0.93256,0.93271,2.47,4.31
2018.02.04 23:10:34.167,0.93257,0.93271,1.81,4.31
2018.02.04 23:10:34.669,0.93256,0.9327,1.56,1.25
2018.02.04 23:10:36.763,0.93256,0.93271,2.06,4.31
2018.02.04 23:10:38.088,0.93263,0.93273,1.19,1.00
2018.02.04 23:10:38.141,0.93261,0.93275,1.56,1.12
2018.02.04 23:10:38.195,0.93261,0.9327,1.56,1.00
2018.02.04 23:10:38.250,0.9326,0.93274,1.69,1.50
2018.02.04 23:10:38.303,0.9326,0.93275,1.56,1.12
2018.02.04 23:10:38.408,0.93262,0.93271,1.31,1.50
2018.02.04 23:10:38.461,0.93261,0.93277,2.06,1.00
2018.02.04 23:10:38.567,0.93259,0.93277,3.19,1.12
2018.02.04 23:10:38.623,0.93261,0.93277,2.06,1.00
2018.02.04 23:10:39.190,0.93264,0.93277,1.62,1.00
2018.02.04 23:10:39.882,0.93263,0.93279,3.00,3.56
2018.02.04 23:10:40.510,0.93265,0.93279,1.37,4.31
2018.02.04 23:10:41.025,0.93266,0.93279,1.37,3.56
2018.02.04 23:10:41.535,0.93265,0.93279,1.37,3.56
2018.02.04 23:10:41.980,0.93264,0.93279,1.62,2.06
2018.02.04 23:10:42.524,0.93267,0.93279,1.00,1.00
2018.02.04 23:10:43.463,0.93265,0.93279,1.37,1.31
2018.02.04 23:10:44.103,0.93265,0.93279,1.31,2.06
2018.02.04 23:10:44.893,0.93265,0.93279,1.37,2.06
2018.02.04 23:10:46.926,0.93263,0.93279,2.25,2.06
2018.02.04 23:10:47.442,0.93265,0.93279,1.37,2.06
2018.02.04 23:10:48.590,0.93266,0.93282,1.56,2.44
2018.02.04 23:10:48.643,0.93266,0.93279,1.56,1.12
2018.02.04 23:10:49.164,0.93265,0.93279,2.06,1.31
2018.02.04 23:10:50.708,0.93265,0.93279,2.06,1.31
2018.02.04 23:10:51.236,0.93265,0.9328,2.06,1.31
2018.02.04 23:10:51.869,0.93265,0.93279,2.06,1.31
2018.02.04 23:10:52.387,0.93265,0.93279,2.06,1.31
2018.02.04 23:10:53.043,0.93265,0.93279,2.06,1.31
2018.02.04 23:10:53.457,0.9327,0.93285,1.00,1.19
2018.02.04 23:10:53.509,0.93272,0.93286,1.56,1.00
2018.02.04 23:10:54.025,0.93272,0.93285,1.56,1.00
2018.02.04 23:10:55.009,0.93271,0.93286,1.56,1.00
2018.02.04 23:10:55.359,0.93271,0.93287,1.62,1.44
2018.02.04 23:10:57.763,0.93269,0.93288,1.56,4.50
2018.02.04 23:10:59.729,0.93269,0.93286,1.91,1.19
2018.02.04 23:11:08.335,0.93268,0.93282,2.06,1.00
2018.02.04 23:11:08.680,0.93266,0.9328,1.31,1.25
2018.02.04 23:11:08.801,0.93266,0.93282,2.06,3.37
2018.02.04 23:11:08.907,0.93266,0.9328,2.06,1.00
2018.02.04 23:11:13.796,0.93266,0.9328,2.06,1.50
2018.02.04 23:11:13.957,0.93264,0.93278,1.56,1.69
2018.02.04 23:11:14.011,0.93264,0.93278,1.37,2.44
2018.02.04 23:11:14.064,0.93264,0.93278,1.12,1.69
2018.02.04 23:11:16.688,0.93264,0.93278,1.62,1.19
2018.02.04 23:11:16.995,0.93265,0.93279,1.37,1.19
2018.02.04 23:11:17.122,0.9327,0.93284,1.37,1.69
2018.02.04 23:11:17.638,0.9327,0.93284,2.06,1.69
2018.02.04 23:11:18.634,0.93272,0.93285,1.00,1.19
2018.02.04 23:11:19.521,0.93272,0.93285,1.37,1.19
2018.02.04 23:11:27.354,0.93271,0.93287,1.62,1.50
2018.02.04 23:11:29.342,0.9327,0.93287,1.69,1.50
2018.02.04 23:11:44.441,0.93272,0.9329,1.81,1.69
2018.02.04 23:11:44.497,0.93274,0.9329,1.62,1.00
2018.02.04 23:11:44.628,0.93272,0.93287,3.56,3.00
2018.02.04 23:11:44.786,0.93271,0.93287,1.56,1.87
2018.02.04 23:11:46.364,0.93268,0.93282,1.62,1.00
2018.02.04 23:11:47.884,0.93269,0.93283,1.37,1.00
2018.02.04 23:11:47.937,0.93266,0.93283,1.56,1.00
2018.02.04 23:11:48.041,0.93266,0.93283,1.56,1.00
2018.02.04 23:11:48.411,0.93264,0.93283,1.69,1.69
2018.02.04 23:11:49.392,0.93264,0.93281,1.56,1.00
2018.02.04 23:11:49.502,0.93264,0.93281,1.62,1.19
2018.02.04 23:11:50.017,0.93262,0.93279,1.87,1.00
2018.02.04 23:11:50.568,0.93263,0.93282,2.25,1.19
2018.02.04 23:11:52.990,0.93267,0.93283,1.50,1.00
2018.02.04 23:11:53.338,0.93267,0.93281,1.56,1.00
2018.02.04 23:11:53.945,0.93266,0.9328,1.56,1.00
2018.02.04 23:11:53.997,0.93266,0.9328,1.62,1.50
2018.02.04 23:11:54.621,0.93266,0.9328,1.31,1.50
2018.02.04 23:11:56.317,0.93263,0.93282,1.69,1.69
2018.02.04 23:11:59.157,0.93265,0.93282,1.19,1.19
2018.02.04 23:12:01.469,0.93267,0.93281,1.00,1.19
2018.02.04 23:12:02.056,0.93264,0.93277,1.25,1.00
2018.02.04 23:12:03.505,0.93263,0.93277,1.50,1.25
2018.02.04 23:12:04.057,0.93263,0.93276,1.00,1.00
2018.02.04 23:12:04.558,0.93261,0.93276,1.69,1.00
2018.02.04 23:12:05.605,0.93261,0.93276,1.00,1.19
2018.02.04 23:12:06.948,0.93263,0.93276,1.25,1.19
2018.02.04 23:12:08.432,0.93262,0.93277,1.25,1.44
2018.02.04 23:12:12.346,0.93261,0.93277,1.00,1.44
2018.02.04 23:12:12.990,0.93262,0.93277,1.00,1.44
2018.02.04 23:12:14.353,0.93259,0.93273,1.44,1.00
2018.02.04 23:12:15.489,0.93258,0.93273,2.81,1.19
2018.02.04 23:12:15.541,0.93259,0.93276,1.44,1.44
2018.02.04 23:12:19.402,0.93256,0.93271,1.69,1.00
2018.02.04 23:12:19.562,0.93256,0.93273,1.69,3.19
2018.02.04 23:12:19.616,0.93259,0.93273,1.00,3.19
2018.02.04 23:12:19.762,0.93259,0.93273,1.00,2.44
2018.02.04 23:12:21.062,0.93258,0.93273,1.12,1.69
2018.02.04 23:12:21.608,0.93258,0.93273,1.44,2.44
2018.02.04 23:12:22.129,0.93258,0.93273,1.12,1.69
2018.02.04 23:12:22.394,0.93258,0.93271,1.00,1.19
2018.02.04 23:12:22.502,0.93256,0.93271,1.12,1.19
2018.02.04 23:12:23.152,0.93256,0.93271,1.44,1.19
2018.02.04 23:12:23.899,0.93256,0.93271,1.12,1.19
2018.02.04 23:12:26.102,0.93258,0.93274,1.44,1.19
2018.02.04 23:12:26.207,0.93257,0.93275,1.37,1.25
2018.02.04 23:12:26.710,0.93258,0.9327,1.19,1.00
2018.02.04 23:12:26.763,0.93258,0.9327,1.00,2.06
2018.02.04 23:12:26.879,0.93256,0.93269,1.69,1.00
2018.02.04 23:12:27.041,0.93252,0.93269,1.31,1.69
2018.02.04 23:12:27.354,0.93254,0.9327,1.44,2.25
2018.02.04 23:12:34.914,0.93251,0.93267,1.69,1.00
2018.02.04 23:12:35.452,0.93253,0.93269,1.19,1.87
2018.02.04 23:12:36.149,0.93253,0.93267,1.19,1.00
2018.02.04 23:12:36.783,0.93251,0.93269,1.69,2.10
2018.02.04 23:12:37.295,0.93253,0.93267,1.19,1.00
2018.02.04 23:12:38.143,0.93252,0.93265,1.19,1.12
2018.02.04 23:12:38.454,0.93249,0.93261,1.31,1.87
2018.02.04 23:12:38.622,0.93245,0.93259,1.19,1.19
2018.02.04 23:12:38.676,0.93243,0.93259,1.00,1.19
2018.02.04 23:12:38.782,0.93244,0.9326,1.25,1.44
2018.02.04 23:12:40.192,0.93244,0.93258,1.25,1.00
2018.02.04 23:12:40.246,0.93239,0.93256,1.69,1.25
2018.02.04 23:12:40.300,0.93237,0.9325,1.50,1.00
2018.02.04 23:12:40.353,0.93236,0.9325,1.25,1.00
2018.02.04 23:12:40.511,0.93238,0.9325,1.00,1.00
2018.02.04 23:12:41.048,0.93238,0.93252,1.25,2.06
2018.02.04 23:12:41.394,0.9324,0.93255,2.62,1.19
2018.02.04 23:12:41.710,0.9324,0.93256,1.37,1.19
2018.02.04 23:12:42.410,0.93241,0.93252,1.19,1.87
2018.02.04 23:12:42.515,0.93239,0.93253,1.31,1.19
2018.02.04 23:12:42.620,0.93241,0.93254,1.19,1.19
2018.02.04 23:12:43.146,0.93241,0.93258,1.87,1.19
2018.02.04 23:12:43.682,0.93243,0.93258,1.37,1.19
2018.02.04 23:12:45.283,0.93238,0.93258,3.19,1.87
2018.02.04 23:12:45.927,0.93241,0.93258,1.19,1.69
2018.02.04 23:12:46.086,0.9324,0.93259,4.50,1.25
2018.02.04 23:12:46.623,0.93244,0.93261,1.44,1.44
2018.02.04 23:12:47.131,0.93241,0.93259,1.72,1.25
2018.02.04 23:12:47.184,0.9324,0.93259,2.81,1.69
2018.02.04 23:12:47.497,0.93242,0.93259,2.44,1.19
2018.02.04 23:12:49.555,0.9324,0.93259,2.06,1.69
2018.02.04 23:12:49.608,0.93239,0.93259,1.69,1.69
2018.02.04 23:12:50.127,0.93239,0.93259,1.44,1.19
2018.02.04 23:12:55.006,0.93236,0.93259,5.62,1.19
2018.02.04 23:12:59.626,0.93238,0.9325,1.00,1.00
2018.02.04 23:13:00.241,0.93238,0.93251,1.00,1.25
2018.02.04 23:13:00.622,0.93238,0.93255,2.34,3.37
2018.02.04 23:13:01.148,0.93236,0.9325,1.40,1.00
2018.02.04 23:13:01.461,0.93232,0.9325,3.56,1.69
2018.02.04 23:13:03.946,0.93232,0.93248,1.19,1.19
2018.02.04 23:13:06.137,0.93231,0.93245,1.25,4.12
2018.02.04 23:13:06.454,0.93231,0.93247,1.19,1.19
2018.02.04 23:13:06.507,0.93229,0.93247,1.31,3.19
2018.02.04 23:13:06.664,0.93229,0.93244,1.25,2.81
2018.02.04 23:13:07.031,0.93232,0.93244,1.00,2.81
2018.02.04 23:13:07.990,0.93231,0.93244,1.00,3.00
2018.02.04 23:13:08.095,0.93227,0.93244,4.69,2.81
2018.02.04 23:13:08.609,0.9323,0.93244,1.00,1.31
2018.02.04 23:13:08.820,0.93232,0.93244,1.00,3.00
2018.02.04 23:13:09.328,0.93231,0.93244,1.00,2.44
2018.02.04 23:13:11.524,0.93229,0.93244,1.25,3.74
2018.02.04 23:13:12.053,0.93232,0.93244,1.00,1.69
2018.02.04 23:13:12.677,0.93232,0.93241,1.00,1.00
2018.02.04 23:13:13.247,0.93232,0.93247,1.37,8.06
2018.02.04 23:13:13.667,0.9323,0.93244,1.91,2.44
2018.02.04 23:13:13.999,0.93234,0.93246,1.00,1.19
2018.02.04 23:13:15.148,0.9323,0.93242,1.69,1.00
2018.02.04 23:13:15.201,0.9323,0.93244,1.00,2.62
2018.02.04 23:13:15.307,0.9323,0.93245,2.06,2.44
2018.02.04 23:13:15.569,0.93231,0.93247,3.56,1.19
2018.02.04 23:13:15.622,0.93231,0.93248,3.56,1.43
2018.02.04 23:13:19.834,0.93233,0.93246,1.00,1.19
2018.02.04 23:13:20.588,0.93232,0.93244,1.25,1.25
2018.02.04 23:13:21.115,0.93232,0.93243,1.25,1.00
2018.02.04 23:13:21.746,0.93228,0.93244,1.19,1.50
2018.02.04 23:13:23.127,0.93231,0.93244,1.00,2.81
2018.02.04 23:13:23.699,0.93232,0.93244,1.00,2.81
2018.02.04 23:13:24.248,0.93231,0.93244,1.00,2.81
2018.02.04 23:13:25.233,0.93232,0.93244,1.00,3.00
2018.02.04 23:13:27.076,0.93228,0.93243,1.44,1.44
2018.02.04 23:13:27.233,0.93227,0.93243,1.19,1.87
2018.02.04 23:13:28.212,0.9323,0.93243,1.00,1.87
2018.02.04 23:13:28.472,0.93229,0.93243,1.19,1.25
2018.02.04 23:13:31.121,0.93226,0.93243,2.06,1.87
2018.02.04 23:13:31.655,0.93223,0.93241,3.19,1.69
2018.02.04 23:13:31.918,0.93224,0.93242,1.31,1.19
2018.02.04 23:13:33.487,0.93224,0.9324,1.62,1.00
2018.02.04 23:13:35.644,0.93224,0.93241,1.62,1.25
2018.02.04 23:13:36.141,0.93224,0.93239,1.44,1.00
2018.02.04 23:13:36.196,0.93224,0.93239,1.25,1.19
2018.02.04 23:13:37.323,0.93223,0.93239,1.31,1.19
2018.02.04 23:13:37.901,0.93223,0.93239,2.06,1.19
2018.02.04 23:13:38.463,0.93223,0.93239,2.06,1.19
2018.02.04 23:13:40.875,0.93223,0.93239,2.06,1.19
2018.02.04 23:13:41.833,0.93223,0.93238,2.06,1.25
2018.02.04 23:13:42.300,0.93218,0.93238,2.44,2.25
2018.02.04 23:13:42.761,0.93217,0.93235,1.37,1.44
2018.02.04 23:13:43.068,0.93221,0.93235,1.19,1.00
2018.02.04 23:13:43.581,0.93224,0.93238,1.25,3.19
2018.02.04 23:13:43.686,0.93226,0.9324,1.25,1.31
2018.02.04 23:13:44.000,0.9323,0.93241,1.19,1.00
2018.02.04 23:13:44.680,0.9323,0.93244,1.69,2.81
2018.02.04 23:13:47.566,0.9323,0.93244,1.19,1.25
2018.02.04 23:13:48.070,0.9323,0.93243,1.19,1.00
2018.02.04 23:13:48.667,0.9323,0.93244,1.69,1.69
2018.02.04 23:13:48.951,0.93234,0.93247,1.69,7.87
2018.02.04 23:13:49.491,0.93235,0.93248,1.19,1.00
2018.02.04 23:13:50.583,0.93234,0.93248,1.69,1.00
2018.02.04 23:13:51.221,0.93234,0.93249,1.19,1.00
2018.02.04 23:13:51.762,0.93234,0.93248,1.69,1.00
2018.02.04 23:13:52.544,0.93234,0.93249,1.69,1.00
2018.02.04 23:13:53.164,0.93235,0.93252,1.19,2.25
2018.02.04 23:13:54.251,0.93234,0.93252,1.87,1.12
2018.02.04 23:13:54.857,0.93235,0.93252,1.19,2.25
2018.02.04 23:13:55.544,0.93237,0.93252,1.19,1.25
2018.02.04 23:13:55.596,0.93239,0.93252,1.19,1.00
2018.02.04 23:13:55.751,0.93241,0.93255,1.19,1.25
2018.02.04 23:13:55.804,0.93246,0.93255,1.19,1.00
2018.02.04 23:13:55.855,0.93246,0.93258,1.44,1.00
2018.02.04 23:13:55.907,0.93246,0.93261,1.19,1.00
2018.02.04 23:13:56.195,0.93249,0.93262,1.00,1.19
2018.02.04 23:13:56.248,0.93249,0.93264,1.00,1.95
2018.02.04 23:13:56.352,0.93254,0.93267,1.25,1.19
2018.02.04 23:13:56.404,0.93251,0.93268,1.00,1.69
2018.02.04 23:13:56.456,0.9325,0.93265,1.00,2.44
2018.02.04 23:13:56.610,0.93248,0.93264,1.69,1.19
2018.02.04 23:13:57.135,0.93249,0.93264,1.00,1.19
2018.02.04 23:13:57.644,0.93248,0.93264,2.44,1.19
2018.02.04 23:13:57.975,0.93249,0.93265,1.00,1.25
2018.02.04 23:13:58.496,0.9325,0.93265,1.00,1.25
2018.02.04 23:13:58.770,0.93253,0.93267,1.69,1.19
2018.02.04 23:14:00.512,0.93252,0.93265,1.19,1.50
2018.02.04 23:14:00.564,0.9325,0.93265,1.25,1.19
2018.02.04 23:14:01.080,0.93251,0.93267,1.00,1.69
2018.02.04 23:14:02.122,0.93248,0.93264,1.69,1.19
2018.02.04 23:14:02.278,0.93243,0.93261,1.19,1.44
2018.02.04 23:14:02.588,0.93247,0.93264,1.00,1.19
2018.02.04 23:14:02.691,0.93247,0.93266,1.25,1.19
2018.02.04 23:14:02.957,0.9325,0.93268,1.25,1.19
2018.02.04 23:14:03.268,0.93253,0.93268,1.00,1.00
2018.02.04 23:14:03.577,0.93252,0.93266,1.00,1.00
2018.02.04 23:14:03.749,0.93247,0.93264,1.19,1.19
2018.02.04 23:14:03.903,0.93246,0.93263,1.00,1.19
2018.02.04 23:14:04.415,0.93247,0.93264,1.00,1.19
2018.02.04 23:14:04.768,0.9325,0.93268,1.25,1.19
2018.02.04 23:14:05.308,0.93248,0.93264,1.69,1.00
2018.02.04 23:14:06.909,0.93249,0.93265,1.19,1.25
2018.02.04 23:14:07.689,0.93251,0.93267,1.00,1.87
2018.02.04 23:14:08.209,0.93248,0.93265,1.69,1.19
2018.02.04 23:14:08.262,0.9325,0.93266,1.00,1.69
2018.02.04 23:14:08.315,0.9325,0.93266,1.25,1.19
2018.02.04 23:14:08.998,0.9325,0.93264,1.25,1.00
2018.02.04 23:14:09.306,0.93245,0.9326,2.44,1.12
2018.02.04 23:14:09.409,0.93242,0.9326,1.19,3.00
2018.02.04 23:14:09.956,0.93245,0.9326,1.00,1.87
2018.02.04 23:14:10.506,0.93243,0.93258,1.19,1.69
2018.02.04 23:14:11.632,0.93245,0.9326,1.00,1.19
2018.02.04 23:14:12.174,0.93243,0.93258,1.69,1.19
2018.02.04 23:14:16.743,0.93245,0.9326,1.00,1.19
2018.02.04 23:14:17.468,0.93248,0.9326,1.00,1.19
2018.02.04 23:14:17.523,0.93247,0.93263,1.69,1.31
2018.02.04 23:14:17.579,0.93251,0.93265,1.00,1.19
2018.02.04 23:14:17.803,0.9325,0.93266,1.19,1.25
2018.02.04 23:14:17.906,0.93253,0.93266,1.00,1.25
2018.02.04 23:14:19.081,0.93254,0.93268,1.00,1.25
2018.02.04 23:14:19.302,0.93251,0.93266,1.87,1.00
2018.02.04 23:14:19.355,0.93251,0.93266,1.87,1.25
2018.02.04 23:14:19.458,0.93249,0.93266,1.25,1.44
2018.02.04 23:14:19.764,0.93243,0.93261,1.19,2.25
2018.02.04 23:14:19.817,0.93242,0.93261,1.19,3.00
2018.02.04 23:14:20.279,0.93248,0.93263,1.00,1.39
2018.02.04 23:14:20.382,0.93249,0.93265,2.62,2.62
2018.02.04 23:14:20.589,0.93254,0.93268,1.00,1.69
2018.02.04 23:14:21.105,0.93253,0.93268,1.00,1.69
2018.02.04 23:14:21.643,0.93252,0.93266,1.25,1.00
2018.02.04 23:14:22.681,0.93252,0.93268,1.69,1.19
2018.02.04 23:14:24.418,0.93253,0.93267,1.00,1.69
2018.02.04 23:14:24.931,0.93252,0.93267,1.69,1.25
2018.02.04 23:14:25.633,0.93253,0.93267,1.50,1.25
2018.02.04 23:14:26.170,0.93255,0.93269,1.00,1.19
2018.02.04 23:14:26.955,0.93254,0.93269,1.00,1.19
2018.02.04 23:14:28.244,0.93258,0.93271,1.00,1.39
2018.02.04 23:14:28.296,0.93259,0.93273,1.00,1.31
2018.02.04 23:14:28.446,0.9326,0.93273,1.19,1.00
2018.02.04 23:14:28.711,0.93262,0.93277,1.69,1.19
2018.02.04 23:14:28.817,0.93262,0.93276,1.50,1.19
2018.02.04 23:14:29.132,0.93261,0.93277,1.19,2.44
2018.02.04 23:14:29.184,0.93259,0.93277,1.31,1.44
2018.02.04 23:14:29.238,0.93262,0.93278,1.19,2.06
2018.02.04 23:14:29.756,0.93258,0.93275,1.69,1.25
2018.02.04 23:14:31.120,0.93258,0.93275,3.37,1.69
2018.02.04 23:14:31.438,0.9325,0.93269,2.44,1.44
2018.02.04 23:14:32.671,0.93254,0.9327,1.00,2.62
2018.02.04 23:14:33.482,0.93257,0.93274,1.19,1.87
2018.02.04 23:14:33.587,0.9326,0.93276,1.00,1.56
2018.02.04 23:14:33.639,0.9326,0.93277,1.25,1.19
2018.02.04 23:14:35.393,0.93261,0.93275,1.00,1.25
2018.02.04 23:14:36.430,0.93262,0.93277,1.00,1.44
2018.02.04 23:14:36.481,0.93261,0.93278,1.69,2.06
2018.02.04 23:14:38.124,0.93259,0.93274,1.50,1.19
2018.02.04 23:14:38.232,0.93255,0.93267,2.06,1.00
2018.02.04 23:14:38.341,0.9325,0.93266,1.19,1.19
2018.02.04 23:14:38.506,0.93246,0.93254,1.00,1.25
2018.02.04 23:14:38.565,0.93246,0.93257,1.00,1.25
2018.02.04 23:14:38.670,0.93242,0.93257,1.19,1.69
2018.02.04 23:14:39.279,0.93241,0.93255,1.69,1.31
2018.02.04 23:14:39.333,0.93243,0.93259,2.44,1.87
2018.02.04 23:14:39.387,0.93245,0.9326,1.00,1.87
2018.02.04 23:14:39.495,0.93248,0.93263,1.69,1.00
2018.02.04 23:14:39.655,0.93249,0.93259,2.44,1.25
2018.02.04 23:14:39.761,0.93249,0.93264,2.44,1.69
2018.02.04 23:14:41.219,0.93251,0.93263,1.00,1.44
2018.02.04 23:14:41.739,0.93252,0.93265,1.00,2.62
2018.02.04 23:14:42.664,0.9325,0.93263,1.00,2.44
2018.02.04 23:14:43.128,0.93252,0.93263,1.00,1.19
2018.02.04 23:14:43.631,0.9325,0.93263,1.00,1.69
2018.02.04 23:14:44.816,0.93251,0.93263,1.00,1.69
2018.02.04 23:14:44.869,0.93252,0.93264,1.00,1.19
2018.02.04 23:14:45.430,0.93251,0.93263,1.00,1.19
2018.02.04 23:14:46.130,0.93252,0.93265,1.00,1.44
2018.02.04 23:14:46.645,0.93253,0.93265,1.00,1.19
2018.02.04 23:14:47.244,0.93253,0.93267,1.00,2.10
2018.02.04 23:14:47.400,0.93253,0.93266,1.00,1.44
2018.02.04 23:14:50.549,0.93259,0.93268,1.00,1.19
2018.02.04 23:14:50.604,0.93259,0.93272,1.00,1.19
2018.02.04 23:14:50.712,0.93258,0.93274,1.19,2.06
2018.02.04 23:14:50.766,0.93258,0.93271,1.00,1.19
2018.02.04 23:14:50.820,0.9326,0.93276,1.19,2.06
2018.02.04 23:14:50.926,0.93258,0.93274,1.19,1.19
2018.02.04 23:14:52.864,0.93256,0.93272,1.19,1.87
2018.02.04 23:14:53.172,0.93252,0.93266,2.44,1.00
2018.02.04 23:14:53.314,0.93251,0.9327,2.06,4.50
2018.02.04 23:14:53.419,0.93256,0.93267,2.62,1.19
2018.02.04 23:14:53.532,0.93259,0.93273,1.50,1.69
2018.02.04 23:14:54.053,0.93259,0.93274,1.00,1.87
2018.02.04 23:14:54.872,0.93258,0.93274,1.87,1.87
2018.02.04 23:14:56.432,0.93255,0.93267,1.19,1.00
2018.02.04 23:14:56.493,0.93251,0.93269,2.44,2.06
2018.02.04 23:14:56.649,0.93257,0.93273,1.00,1.19
2018.02.04 23:14:56.702,0.93257,0.93274,1.25,1.44
2018.02.04 23:14:56.809,0.93257,0.93274,3.37,1.25
2018.02.04 23:14:57.174,0.93261,0.93276,1.25,1.25
2018.02.04 23:14:58.051,0.93257,0.93274,5.06,1.25
2018.02.04 23:14:58.530,0.93261,0.93276,1.00,1.19
2018.02.04 23:14:58.849,0.93264,0.93278,1.25,2.25
2018.02.04 23:14:59.854,0.93258,0.93274,1.19,1.12
2018.02.04 23:15:00.300,0.93262,0.93278,1.19,1.87
2018.02.04 23:15:00.619,0.93264,0.9328,1.56,1.19
2018.02.04 23:15:01.317,0.93266,0.93282,1.31,1.69
2018.02.04 23:15:01.422,0.93266,0.93282,2.25,1.87
2018.02.04 23:15:02.864,0.93268,0.93284,1.00,1.44
2018.02.04 23:15:04.296,0.93266,0.93283,1.69,1.69
2018.02.04 23:15:05.103,0.93266,0.93281,1.69,2.06
2018.02.04 23:15:05.626,0.93267,0.93281,1.25,1.19
2018.02.04 23:15:05.679,0.93268,0.93286,1.19,2.62
2018.02.04 23:15:06.223,0.9327,0.93286,1.00,2.62
2018.02.04 23:15:06.603,0.93266,0.93282,2.44,2.06
2018.02.04 23:15:06.655,0.93266,0.93282,1.69,2.06
2018.02.04 23:15:07.316,0.93266,0.93282,2.62,1.62
2018.02.04 23:15:07.899,0.93266,0.93282,2.44,2.06
2018.02.04 23:15:08.428,0.93266,0.93282,3.37,2.06
2018.02.04 23:15:08.935,0.93266,0.93283,3.75,1.31
2018.02.04 23:15:10.161,0.93266,0.93279,1.19,1.87
2018.02.04 23:15:10.316,0.93265,0.93279,1.19,3.19
2018.02.04 23:15:10.368,0.93265,0.93281,1.19,1.87
2018.02.04 23:15:10.421,0.93258,0.93277,2.06,3.19
2018.02.04 23:15:10.473,0.93262,0.93277,1.19,2.62
2018.02.04 23:15:10.526,0.93259,0.93277,1.19,2.62
2018.02.04 23:15:11.070,0.93259,0.93274,1.44,1.00
2018.02.04 23:15:11.591,0.93259,0.93277,1.87,2.06
2018.02.04 23:15:13.026,0.93258,0.93275,2.81,1.31
2018.02.04 23:15:13.802,0.93258,0.93276,2.62,1.62
2018.02.04 23:15:14.011,0.93258,0.93275,1.44,1.62
2018.02.04 23:15:14.063,0.93258,0.93275,1.44,1.69
2018.02.04 23:15:14.116,0.93259,0.93272,1.00,1.25
2018.02.04 23:15:14.619,0.9326,0.93272,1.25,1.00
2018.02.04 23:15:15.009,0.93262,0.93273,1.00,1.19
2018.02.04 23:15:15.114,0.9326,0.93273,1.00,1.19
2018.02.04 23:15:15.328,0.93258,0.93269,1.00,1.00
2018.02.04 23:15:15.874,0.93257,0.93269,1.12,2.06
2018.02.04 23:15:16.125,0.93252,0.93267,1.12,3.56
2018.02.04 23:15:16.386,0.93252,0.93267,1.87,1.12
2018.02.04 23:15:16.490,0.93257,0.93271,1.00,6.56
2018.02.04 23:15:16.704,0.93255,0.93269,1.00,1.44
2018.02.04 23:15:16.808,0.93252,0.93267,1.25,1.25
2018.02.04 23:15:16.963,0.93252,0.93267,1.00,1.56
2018.02.04 23:15:17.515,0.93247,0.93263,1.31,1.19
2018.02.04 23:15:17.567,0.93249,0.93264,1.31,1.69
2018.02.04 23:15:17.623,0.93248,0.9326,1.00,1.19
2018.02.04 23:15:18.130,0.93245,0.93259,1.37,1.69
2018.02.04 23:15:18.188,0.93242,0.93259,1.50,1.69
2018.02.04 23:15:18.348,0.93242,0.93261,2.06,1.19
2018.02.04 23:15:19.356,0.93241,0.9326,2.62,1.56
2018.02.04 23:15:19.913,0.93242,0.9326,1.62,1.62
2018.02.04 23:15:20.215,0.93249,0.93268,1.69,1.19
2018.02.04 23:15:20.532,0.93248,0.93264,1.69,1.25
2018.02.04 23:15:20.858,0.93248,0.93263,1.87,1.12
2018.02.04 23:15:21.224,0.93245,0.93261,2.44,1.12
2018.02.04 23:15:21.382,0.93245,0.93261,1.25,1.62
2018.02.04 23:15:21.862,0.93245,0.93258,1.00,1.12
2018.02.04 23:15:22.893,0.93243,0.93258,2.06,1.12
2018.02.04 23:15:23.324,0.93242,0.93257,1.25,1.31
2018.02.04 23:15:24.295,0.9324,0.93257,2.06,2.06
2018.02.04 23:15:24.835,0.9324,0.93257,2.06,1.19
2018.02.04 23:15:25.299,0.93244,0.93258,1.00,2.25
2018.02.04 23:15:25.352,0.93244,0.93258,1.00,2.25
2018.02.04 23:15:25.457,0.93244,0.9326,1.62,1.50
2018.02.04 23:15:25.796,0.9324,0.93257,2.25,1.62
2018.02.04 23:15:28.946,0.93239,0.93258,3.00,2.81
2018.02.04 23:15:29.498,0.93241,0.93256,1.00,1.62
2018.02.04 23:15:30.360,0.93237,0.93253,2.00,1.44
2018.02.04 23:15:30.641,0.93232,0.9325,2.44,1.12
2018.02.04 23:15:30.693,0.93232,0.93251,1.87,2.81
2018.02.04 23:15:30.954,0.93235,0.93252,2.06,2.81
2018.02.04 23:15:31.007,0.93235,0.93252,1.87,1.25
2018.02.04 23:15:31.217,0.93239,0.93256,1.12,1.69
2018.02.04 23:15:31.335,0.9324,0.93254,1.25,1.00
2018.02.04 23:15:31.885,0.93239,0.93255,2.62,1.31
2018.02.04 23:15:32.434,0.93239,0.93255,3.00,1.62
2018.02.04 23:15:32.730,0.93236,0.93253,1.44,1.62
2018.02.04 23:15:33.369,0.93232,0.93251,2.06,2.06
2018.02.04 23:15:33.717,0.93231,0.93248,3.75,2.44
2018.02.04 23:15:34.261,0.93229,0.93244,1.19,1.87
2018.02.04 23:15:34.314,0.93228,0.93242,1.00,1.19
2018.02.04 23:15:34.591,0.93227,0.93244,1.19,1.19
2018.02.04 23:15:35.116,0.93228,0.93246,1.69,1.87
2018.02.04 23:15:35.552,0.93231,0.93246,1.19,1.69
2018.02.04 23:15:36.674,0.93231,0.93246,1.00,1.69
2018.02.04 23:15:37.200,0.93226,0.93244,1.44,1.62
2018.02.04 23:15:38.111,0.93227,0.93246,1.81,2.62
2018.02.04 23:15:38.626,0.93225,0.93244,1.87,2.06
2018.02.04 23:15:39.184,0.93225,0.93245,1.19,2.06
2018.02.04 23:15:39.904,0.93225,0.93247,2.25,2.06
2018.02.04 23:15:40.016,0.93226,0.93247,1.75,1.62
2018.02.04 23:15:40.933,0.93226,0.93247,4.50,1.44
2018.02.04 23:15:41.112,0.93229,0.93248,1.44,1.87
2018.02.04 23:15:41.649,0.93229,0.93247,2.25,1.12
2018.02.04 23:15:42.166,0.93227,0.93247,2.81,1.12
2018.02.04 23:15:43.502,0.93227,0.93247,2.81,1.87
2018.02.04 23:15:44.244,0.9323,0.93246,1.31,1.19
2018.02.04 23:15:44.782,0.9323,0.93246,1.62,1.19
2018.02.04 23:15:44.836,0.9323,0.93249,1.69,3.00
2018.02.04 23:15:44.895,0.93232,0.93248,1.44,1.50
2018.02.04 23:15:45.126,0.93232,0.9325,1.44,1.25
2018.02.04 23:15:45.179,0.93237,0.93253,1.00,2.25
2018.02.04 23:15:45.231,0.93235,0.93251,3.37,1.00
2018.02.04 23:15:45.336,0.93235,0.93252,1.00,1.50
2018.02.04 23:15:45.492,0.93232,0.93252,1.69,2.25
2018.02.04 23:15:49.755,0.93229,0.9325,1.69,2.06
2018.02.04 23:15:50.817,0.93231,0.9325,1.00,1.87
2018.02.04 23:15:50.870,0.93231,0.93251,2.06,1.37
2018.02.04 23:15:51.380,0.93232,0.93252,2.25,2.25
2018.02.04 23:15:52.317,0.93232,0.93251,1.31,1.44
2018.02.04 23:15:53.019,0.9323,0.9325,1.25,2.62
2018.02.04 23:15:53.735,0.93231,0.9325,1.50,1.19
2018.02.04 23:15:53.788,0.93231,0.93251,2.81,1.87
2018.02.04 23:15:54.363,0.93231,0.93251,2.81,1.87
2018.02.04 23:15:55.335,0.93231,0.9325,1.25,1.44
2018.02.04 23:15:55.655,0.93226,0.93247,1.69,1.56
2018.02.04 23:15:56.480,0.9323,0.93248,1.00,2.25
2018.02.04 23:15:56.752,0.93229,0.93248,1.19,1.31
2018.02.04 23:15:56.805,0.93228,0.93247,1.69,1.50
2018.02.04 23:15:57.124,0.93232,0.93246,1.00,1.00
2018.02.04 23:15:57.637,0.93231,0.93246,2.44,1.00
2018.02.04 23:15:58.151,0.93231,0.93248,2.62,2.25
2018.02.04 23:15:59.514,0.93229,0.93247,1.19,1.87
2018.02.04 23:15:59.927,0.93226,0.93247,2.25,2.62
2018.02.04 23:16:00.391,0.93229,0.93247,1.44,1.44
2018.02.04 23:16:00.936,0.9323,0.93248,1.31,2.62
2018.02.04 23:16:01.477,0.9323,0.93248,1.25,2.62
2018.02.04 23:16:03.301,0.93229,0.93248,1.81,1.87
2018.02.04 23:16:03.498,0.93232,0.93249,1.25,1.87
2018.02.04 23:16:03.603,0.93233,0.93252,1.37,2.06
2018.02.04 23:16:04.128,0.93233,0.93252,1.37,2.25
2018.02.04 23:16:04.344,0.93233,0.93251,1.00,1.87
2018.02.04 23:16:05.325,0.93232,0.93251,2.81,1.19
2018.02.04 23:16:06.688,0.93233,0.93251,1.00,2.81
2018.02.04 23:16:08.140,0.93228,0.93244,1.69,1.31
2018.02.04 23:16:08.246,0.93226,0.93243,1.19,1.50
2018.02.04 23:16:08.979,0.93228,0.93247,1.25,1.44
2018.02.04 23:16:09.138,0.93228,0.93248,1.50,4.31
2018.02.04 23:16:09.461,0.93231,0.93248,1.37,2.25
2018.02.04 23:16:09.791,0.9323,0.93246,2.44,1.25
2018.02.04 23:16:09.843,0.93228,0.93243,1.00,1.87
2018.02.04 23:16:10.367,0.93224,0.93243,1.87,1.56
2018.02.04 23:16:15.930,0.93228,0.93243,1.00,1.31
2018.02.04 23:16:16.787,0.93224,0.93243,3.56,1.44
2018.02.04 23:16:18.193,0.93228,0.93244,1.00,2.25
2018.02.04 23:16:20.201,0.93226,0.93244,1.81,1.44
2018.02.04 23:16:22.446,0.93226,0.93244,1.81,3.00
2018.02.04 23:16:22.605,0.9323,0.93248,1.25,1.19
2018.02.04 23:16:22.657,0.93231,0.93249,1.19,1.19
2018.02.04 23:16:22.963,0.93233,0.93246,1.00,1.25
2018.02.04 23:16:23.273,0.93231,0.93244,1.25,1.50
2018.02.04 23:16:23.582,0.93228,0.93242,1.00,1.19
2018.02.04 23:16:23.918,0.93225,0.93242,1.00,1.19
2018.02.04 23:16:23.973,0.9322,0.9324,1.00,1.62
2018.02.04 23:16:24.029,0.93224,0.93242,1.00,2.44
2018.02.04 23:16:24.082,0.93224,0.93242,1.00,1.87
2018.02.04 23:16:24.453,0.93224,0.9324,1.50,1.31
2018.02.04 23:16:24.560,0.93224,0.93243,1.00,3.19
2018.02.04 23:16:25.104,0.93223,0.93242,1.25,2.06
2018.02.04 23:16:25.209,0.93219,0.93241,2.62,2.62
2018.02.04 23:16:28.250,0.93217,0.93238,1.69,1.19
2018.02.04 23:16:28.565,0.93219,0.93241,1.62,2.06
2018.02.04 23:16:29.870,0.9322,0.93242,1.75,1.69
2018.02.04 23:16:30.450,0.93222,0.9324,1.31,1.00
2018.02.04 23:16:31.816,0.93222,0.93241,1.31,1.12
2018.02.04 23:16:33.484,0.93222,0.93242,1.37,1.44
2018.02.04 23:16:33.670,0.93222,0.93241,1.25,1.25
2018.02.04 23:16:34.258,0.93222,0.93241,1.25,1.44
2018.02.04 23:16:34.481,0.93224,0.93243,1.44,3.00
2018.02.04 23:16:35.010,0.93225,0.93242,2.06,1.12
2018.02.04 23:16:36.495,0.93223,0.93242,1.19,2.44
2018.02.04 23:16:37.025,0.93222,0.9324,1.44,1.31
2018.02.04 23:16:37.273,0.93215,0.93233,1.44,1.62
2018.02.04 23:16:44.388,0.93212,0.9323,2.44,1.00
2018.02.04 23:16:44.441,0.93212,0.9323,1.62,1.19
2018.02.04 23:16:45.272,0.93212,0.93231,1.56,1.19
2018.02.04 23:16:46.900,0.93212,0.93232,2.25,1.87
2018.02.04 23:16:47.509,0.93213,0.93232,1.50,1.44
2018.02.04 23:16:51.523,0.93214,0.93232,1.37,1.19
2018.02.04 23:16:52.103,0.93214,0.93232,1.75,1.87
2018.02.04 23:16:52.759,0.93224,0.93238,1.00,1.31
2018.02.04 23:16:53.567,0.93222,0.9324,1.19,1.69
2018.02.04 23:16:59.094,0.93219,0.93239,1.19,2.44
2018.02.04 23:16:59.312,0.93224,0.93238,1.00,1.00
2018.02.04 23:17:01.160,0.9322,0.93233,1.00,1.87
2018.02.04 23:17:01.211,0.93218,0.93232,1.00,1.25
2018.02.04 23:17:03.814,0.9322,0.93234,1.00,1.19
2018.02.04 23:17:03.868,0.9322,0.93234,1.00,1.25
2018.02.04 23:17:04.347,0.93222,0.93236,1.69,1.25
2018.02.04 23:17:07.685,0.93219,0.93232,1.00,1.87
2018.02.04 23:17:07.740,0.93217,0.93231,1.25,1.44
2018.02.04 23:17:07.900,0.93212,0.93229,2.44,1.19
2018.02.04 23:17:13.155,0.93214,0.93231,1.75,1.19
2018.02.04 23:17:13.788,0.93215,0.93232,1.75,1.44
2018.02.04 23:17:16.012,0.93213,0.9323,1.19,1.19
2018.02.04 23:17:17.784,0.93211,0.93225,1.19,3.37
2018.02.04 23:17:17.839,0.93208,0.93224,1.19,3.56
2018.02.04 23:17:17.894,0.93205,0.93224,1.19,2.62
2018.02.04 23:17:17.949,0.9321,0.93227,1.25,2.06
2018.02.04 23:17:18.007,0.93213,0.93228,1.25,1.12
2018.02.04 23:17:18.528,0.93214,0.93229,1.00,1.19
2018.02.04 23:17:19.117,0.93213,0.93229,1.69,1.87
2018.02.04 23:17:19.660,0.93213,0.93232,1.31,2.44
2018.02.04 23:17:19.814,0.93213,0.93233,2.06,2.44
2018.02.04 23:17:20.924,0.93214,0.93232,1.56,1.69
2018.02.04 23:17:21.030,0.93217,0.93234,1.12,1.69
2018.02.04 23:17:21.239,0.93213,0.93232,1.69,2.06
2018.02.04 23:17:23.449,0.93213,0.93232,1.69,1.87
2018.02.04 23:17:26.527,0.93213,0.93231,1.19,1.25
2018.02.04 23:17:26.738,0.93213,0.93229,1.19,1.00
2018.02.04 23:17:27.077,0.93212,0.93228,1.87,1.19
2018.02.04 23:17:27.183,0.93213,0.93231,1.44,1.69
2018.02.04 23:17:27.847,0.93212,0.93231,2.06,1.19
2018.02.04 23:17:28.625,0.93212,0.93231,2.06,1.19
2018.02.04 23:17:28.783,0.93215,0.93233,1.37,2.44
2018.02.04 23:17:29.305,0.93215,0.93233,1.25,3.37
2018.02.04 23:17:29.618,0.93215,0.93233,1.44,3.37
2018.02.04 23:17:30.195,0.93214,0.93233,2.06,3.37
2018.02.04 23:17:31.229,0.93214,0.93232,1.25,1.87
2018.02.04 23:17:35.142,0.93211,0.9323,1.25,1.87
2018.02.04 23:17:35.459,0.93212,0.93231,2.81,1.69
2018.02.04 23:17:35.667,0.93212,0.93231,1.87,1.69
2018.02.04 23:17:36.196,0.93212,0.93231,2.81,1.69
2018.02.04 23:17:36.739,0.93212,0.93231,2.81,1.69
2018.02.04 23:17:37.117,0.93208,0.93225,2.06,1.31
2018.02.04 23:17:37.222,0.93207,0.93224,1.69,1.87
2018.02.04 23:17:37.276,0.93213,0.93227,1.69,2.06
2018.02.04 23:17:37.589,0.93213,0.9323,1.87,1.19
2018.02.04 23:17:39.598,0.93216,0.9323,1.25,1.19
2018.02.04 23:17:39.717,0.93217,0.93231,1.25,1.19
2018.02.04 23:17:42.658,0.9322,0.93234,1.00,1.25
2018.02.04 23:17:43.183,0.9322,0.93234,1.19,1.00
2018.02.04 23:17:43.687,0.93221,0.93235,1.25,1.00
2018.02.04 23:17:44.776,0.93222,0.93236,1.50,1.25
2018.02.04 23:17:44.830,0.93222,0.93238,1.12,1.00
2018.02.04 23:17:45.063,0.93222,0.93238,2.00,1.00
2018.02.04 23:17:45.331,0.93222,0.93238,2.06,1.69
2018.02.04 23:17:45.799,0.93218,0.93236,1.62,1.19
2018.02.04 23:17:46.367,0.93217,0.93236,1.19,2.62
2018.02.04 23:17:46.684,0.9322,0.93234,1.00,1.12
2018.02.04 23:17:58.229,0.93221,0.93235,1.00,1.00
2018.02.04 23:17:59.354,0.93221,0.93235,1.19,1.00
2018.02.04 23:18:00.097,0.93221,0.93235,1.25,1.00
2018.02.04 23:18:00.605,0.9322,0.93234,1.25,1.50
2018.02.04 23:18:00.919,0.93215,0.93228,1.25,1.00
2018.02.04 23:18:01.134,0.93211,0.93225,1.25,1.00
2018.02.04 23:18:02.347,0.93207,0.93223,1.69,1.00
2018.02.04 23:18:03.209,0.93208,0.93222,1.25,1.00
2018.02.04 23:18:03.261,0.93213,0.93222,1.69,1.00
2018.02.04 23:18:03.313,0.93213,0.93224,1.87,1.00
2018.02.04 23:18:03.468,0.93213,0.93229,1.87,2.44
2018.02.04 23:18:04.781,0.93213,0.9323,1.31,1.19
2018.02.04 23:18:05.297,0.93213,0.9323,1.31,1.19
2018.02.04 23:18:05.737,0.9321,0.9323,2.62,1.44
2018.02.04 23:18:06.806,0.93212,0.9323,1.56,1.19
2018.02.04 23:18:09.329,0.93212,0.93231,2.81,1.19
2018.02.04 23:18:10.588,0.93212,0.93231,2.06,2.62
2018.02.04 23:18:12.094,0.93212,0.93231,2.06,1.87
2018.02.04 23:18:13.086,0.93213,0.9323,1.25,1.37
2018.02.04 23:18:13.595,0.93213,0.93231,1.62,1.87
2018.02.04 23:18:13.949,0.93216,0.9323,1.00,1.25
2018.02.04 23:18:16.098,0.93217,0.93231,1.25,1.00
2018.02.04 23:18:16.258,0.93223,0.93238,1.00,1.00
2018.02.04 23:18:16.418,0.93218,0.93236,6.37,1.19
2018.02.04 23:18:16.525,0.93219,0.93239,1.19,1.69
2018.02.04 23:18:16.853,0.93217,0.93239,2.06,1.69
2018.02.04 23:18:17.374,0.93218,0.93239,1.56,1.69
2018.02.04 23:18:17.634,0.93217,0.93239,2.06,1.69
2018.02.04 23:18:17.790,0.93219,0.93239,1.44,1.62
2018.02.04 23:18:20.040,0.93219,0.93239,1.00,2.62
2018.02.04 23:18:20.512,0.93217,0.93236,1.19,1.62
2018.02.04 23:18:20.986,0.93217,0.93236,1.19,1.25
2018.02.04 23:18:21.089,0.93217,0.93236,1.19,1.62
2018.02.04 23:18:21.806,0.93217,0.93236,1.00,1.56
2018.02.04 23:18:22.127,0.93218,0.93236,1.19,1.56
2018.02.04 23:18:22.452,0.93218,0.93232,1.00,1.31
2018.02.04 23:18:22.998,0.93218,0.93232,1.00,1.25
2018.02.04 23:18:25.220,0.9322,0.93234,1.00,1.19
2018.02.04 23:18:25.723,0.93218,0.93232,1.00,1.25
2018.02.04 23:18:26.291,0.93219,0.93233,1.00,1.00
2018.02.04 23:18:26.344,0.93221,0.93235,1.00,1.25
2018.02.04 23:18:27.375,0.93221,0.93235,1.44,1.25
2018.02.04 23:18:27.714,0.93224,0.93238,1.00,1.19
2018.02.04 23:18:30.406,0.9322,0.93239,1.37,1.56
2018.02.04 23:18:30.980,0.9322,0.93239,1.00,1.56
2018.02.04 23:18:32.102,0.93221,0.93235,1.00,1.00
2018.02.04 23:18:32.729,0.93221,0.93235,1.00,1.19
2018.02.04 23:18:33.257,0.93221,0.93235,1.00,1.00
2018.02.04 23:18:34.999,0.93221,0.93235,1.00,1.44
2018.02.04 23:18:35.544,0.93221,0.93235,1.00,1.25
2018.02.04 23:18:36.007,0.93217,0.93231,1.00,1.25
2018.02.04 23:18:36.318,0.93216,0.93227,1.00,1.00
2018.02.04 23:18:36.422,0.93214,0.93227,1.00,1.00
2018.02.04 23:18:36.953,0.93213,0.93227,1.69,1.25
2018.02.04 23:18:37.771,0.93207,0.93223,1.19,2.62
2018.02.04 23:18:38.376,0.93208,0.93227,1.69,1.19
2018.02.04 23:18:42.212,0.93209,0.93228,1.62,1.44
2018.02.04 23:18:42.885,0.93209,0.93228,1.62,1.44
2018.02.04 23:18:43.487,0.93209,0.93227,1.62,1.19
2018.02.04 23:18:44.380,0.93209,0.93227,1.62,1.19
2018.02.04 23:18:46.130,0.93211,0.93227,3.19,1.25
2018.02.04 23:18:46.473,0.93211,0.93227,1.12,1.44
2018.02.04 23:18:46.986,0.93209,0.93227,2.06,1.19
2018.02.04 23:18:50.407,0.93207,0.93224,1.12,1.12
2018.02.04 23:18:50.800,0.93207,0.93224,1.25,1.31
2018.02.04 23:18:51.007,0.93207,0.93224,1.25,2.06
2018.02.04 23:18:51.113,0.93207,0.93226,2.62,1.19
2018.02.04 23:18:51.426,0.93207,0.93223,1.19,1.25
2018.02.04 23:18:51.914,0.93205,0.93222,1.19,1.44
2018.02.04 23:18:52.862,0.93205,0.93221,1.25,1.19
2018.02.04 23:18:52.970,0.93203,0.93217,1.19,1.75
2018.02.04 23:18:53.075,0.93197,0.93215,1.87,1.31
2018.02.04 23:18:57.009,0.93196,0.93213,1.87,1.19
2018.02.04 23:18:57.563,0.93196,0.93212,1.56,1.25
2018.02.04 23:18:57.946,0.93192,0.93208,1.69,1.00
2018.02.04 23:18:58.470,0.93191,0.93208,1.56,1.19
2018.02.04 23:18:59.020,0.93192,0.93211,1.44,1.37
2018.02.04 23:18:59.229,0.93192,0.93212,2.81,1.44
2018.02.04 23:19:00.294,0.93194,0.93212,2.62,1.31
2018.02.04 23:19:00.398,0.93194,0.93212,2.81,1.19
2018.02.04 23:19:00.571,0.93193,0.93212,1.19,1.31
2018.02.04 23:19:00.674,0.93194,0.93212,3.56,1.19
2018.02.04 23:19:00.726,0.93196,0.93212,1.56,1.25
2018.02.04 23:19:01.232,0.93195,0.93212,2.06,1.25
2018.02.04 23:19:01.600,0.93191,0.93207,2.81,2.25
2018.02.04 23:19:01.654,0.93193,0.93211,1.31,1.50
2018.02.04 23:19:01.707,0.93195,0.93207,1.00,1.50
2018.02.04 23:19:01.761,0.93193,0.93212,1.44,1.69
2018.02.04 23:19:02.033,0.93192,0.93207,1.19,2.25
2018.02.04 23:19:02.187,0.93195,0.93212,2.62,1.19
2018.02.04 23:19:02.392,0.93192,0.93206,1.00,1.00
2018.02.04 23:19:02.912,0.93191,0.93206,1.00,1.69
2018.02.04 23:19:03.674,0.93189,0.93206,1.25,1.25
2018.02.04 23:19:03.831,0.93189,0.93206,2.06,2.25
2018.02.04 23:19:04.139,0.93187,0.93202,3.00,1.19
2018.02.04 23:19:07.881,0.93185,0.93199,1.31,1.19
2018.02.04 23:19:08.414,0.93186,0.93199,1.62,1.31
2018.02.04 23:19:08.570,0.93182,0.93198,2.06,2.06
2018.02.04 23:19:10.916,0.93179,0.93194,1.19,1.19
2018.02.04 23:19:11.466,0.9318,0.93194,1.56,1.19
2018.02.04 23:19:11.796,0.93183,0.93194,1.44,1.19
2018.02.04 23:19:11.950,0.93183,0.93196,1.19,1.50
2018.02.04 23:19:12.507,0.93183,0.93196,2.06,1.00
2018.02.04 23:19:13.083,0.93184,0.93196,1.62,1.50
2018.02.04 23:19:13.498,0.93182,0.93196,2.44,1.50
2018.02.04 23:19:13.650,0.93182,0.93196,1.25,1.69
2018.02.04 23:19:13.703,0.93178,0.93193,1.19,1.69
2018.02.04 23:19:13.764,0.93175,0.93189,1.19,1.00
2018.02.04 23:19:14.289,0.93175,0.93189,1.62,1.69
2018.02.04 23:19:14.377,0.93175,0.93189,1.12,1.69
2018.02.04 23:19:14.613,0.93174,0.93188,1.00,1.19
2018.02.04 23:19:15.201,0.93172,0.93188,1.56,1.31
2018.02.04 23:19:15.464,0.93174,0.93189,2.44,2.06
2018.02.04 23:19:15.592,0.93177,0.93189,1.00,2.06
2018.02.04 23:19:15.646,0.93177,0.93192,2.81,1.56
2018.02.04 23:19:15.859,0.93175,0.93189,2.06,1.00
2018.02.04 23:19:15.914,0.93174,0.93189,1.25,2.44
2018.02.04 23:19:16.281,0.93174,0.93189,2.06,2.44
2018.02.04 23:19:17.451,0.93175,0.93189,1.00,2.06
2018.02.04 23:19:17.610,0.93175,0.93189,1.37,2.81
2018.02.04 23:19:18.330,0.93174,0.93187,1.31,1.19
2018.02.04 23:19:18.381,0.93171,0.93187,1.69,1.19
2018.02.04 23:19:20.403,0.9317,0.93186,2.06,1.44
2018.02.04 23:19:20.925,0.93171,0.93186,2.06,1.19
2018.02.04 23:19:21.079,0.93173,0.93187,1.44,1.19
2018.02.04 23:19:21.440,0.9317,0.93186,1.44,1.19
2018.02.04 23:19:22.094,0.9317,0.93186,2.06,1.19
2018.02.04 23:19:22.597,0.9317,0.93186,1.62,1.19
2018.02.04 23:19:23.131,0.93173,0.93186,1.62,1.25
2018.02.04 23:19:23.558,0.9317,0.93186,1.87,1.62
2018.02.04 23:19:23.874,0.93166,0.9318,1.25,1.19
2018.02.04 23:19:24.505,0.93166,0.9318,1.31,1.19
2018.02.04 23:19:25.345,0.93164,0.93178,1.62,1.69
2018.02.04 23:19:25.450,0.93161,0.93177,1.87,1.25
2018.02.04 23:19:28.592,0.93161,0.93172,1.00,1.00
2018.02.04 23:19:28.645,0.93162,0.93176,1.25,1.19
2018.02.04 23:19:28.750,0.93163,0.93177,1.56,1.00
2018.02.04 23:19:29.338,0.93161,0.93175,2.62,1.00
2018.02.04 23:19:29.446,0.93163,0.93179,1.19,1.25
2018.02.04 23:19:29.607,0.93162,0.93178,2.06,1.87
2018.02.04 23:19:29.929,0.93163,0.93177,1.12,1.69
2018.02.04 23:19:30.239,0.93163,0.93178,3.06,1.12
2018.02.04 23:19:30.548,0.93162,0.93172,2.31,1.50
2018.02.04 23:19:30.689,0.93163,0.93176,2.12,1.25
2018.02.04 23:19:30.740,0.93163,0.93174,2.12,1.19
2018.02.04 23:19:30.792,0.93164,0.93176,1.27,1.19
2018.02.04 23:19:30.895,0.93163,0.93174,1.68,1.19
2018.02.04 23:19:30.946,0.93163,0.93176,2.31,2.44
2018.02.04 23:19:31.050,0.93163,0.93174,2.12,1.19
2018.02.04 23:19:31.102,0.93164,0.93176,1.08,1.19
2018.02.04 23:19:31.205,0.93163,0.93175,1.43,1.31
2018.02.04 23:19:31.640,0.93162,0.93176,2.35,1.19
2018.02.04 23:19:31.850,0.93162,0.93172,1.47,1.00
2018.02.04 23:19:31.904,0.93162,0.93176,1.47,1.19
2018.02.04 23:19:32.269,0.93162,0.93172,1.77,1.00
2018.02.04 23:19:32.322,0.93162,0.93176,1.90,1.69
2018.02.04 23:19:32.480,0.93162,0.93178,1.65,1.25
2018.02.04 23:19:33.020,0.93164,0.93178,1.65,2.62
2018.02.04 23:19:33.125,0.93162,0.93172,2.44,1.29
2018.02.04 23:19:33.177,0.93164,0.93176,1.19,1.00
2018.02.04 23:19:33.230,0.93164,0.93178,1.19,1.25
2018.02.04 23:19:33.283,0.93165,0.93179,1.19,1.00
2018.02.04 23:19:33.597,0.93161,0.93173,1.69,1.00
2018.02.04 23:19:33.703,0.93161,0.93176,2.81,1.25
2018.02.04 23:19:33.755,0.93163,0.93176,1.62,1.25
2018.02.04 23:19:33.860,0.93161,0.93176,2.44,1.69
2018.02.04 23:19:34.016,0.93161,0.93172,1.87,1.00
2018.02.04 23:19:34.188,0.93162,0.93176,1.19,1.25
2018.02.04 23:19:34.610,0.93165,0.93178,1.19,1.00
2018.02.04 23:19:34.922,0.93162,0.93173,1.44,1.00
2018.02.04 23:19:35.151,0.93162,0.93176,1.56,1.00
2018.02.04 23:19:35.207,0.93162,0.93172,1.19,1.50
2018.02.04 23:19:35.261,0.93162,0.93176,1.69,1.50
2018.02.04 23:19:35.367,0.93161,0.93172,2.06,1.00
2018.02.04 23:19:35.420,0.93162,0.93176,1.87,1.00
2018.02.04 23:19:35.577,0.93162,0.93172,1.25,1.50
2018.02.04 23:19:37.553,0.93159,0.93173,1.62,2.62
2018.02.04 23:19:37.898,0.93159,0.93172,1.62,2.81
2018.02.04 23:19:40.449,0.93159,0.93169,1.19,1.12
2018.02.04 23:19:40.501,0.93157,0.93171,1.44,1.00
2018.02.04 23:19:40.988,0.93156,0.9317,1.19,1.69
2018.02.04 23:19:41.772,0.93156,0.93172,2.44,2.81
2018.02.04 23:19:42.333,0.93158,0.93172,1.69,2.62
2018.02.04 23:19:46.972,0.93156,0.93171,1.19,1.25
2018.02.04 23:19:47.382,0.93158,0.93172,1.69,1.00
2018.02.04 23:19:47.926,0.93158,0.93171,1.19,1.69
2018.02.04 23:19:49.442,0.93158,0.9317,1.44,1.00
2018.02.04 23:19:49.495,0.93156,0.9317,1.19,1.69
2018.02.04 23:19:50.199,0.93159,0.93172,1.44,1.12
2018.02.04 23:19:51.082,0.93166,0.93175,1.00,1.12
2018.02.04 23:19:51.135,0.93165,0.9318,3.37,1.00
2018.02.04 23:19:52.122,0.93165,0.93181,1.19,1.87
2018.02.04 23:19:53.631,0.93164,0.93181,2.06,2.44
2018.02.04 23:19:54.169,0.93166,0.93181,1.25,1.19
2018.02.04 23:19:54.327,0.93171,0.93189,2.06,1.19
2018.02.04 23:19:54.525,0.93168,0.93189,3.56,3.19
2018.02.04 23:19:55.077,0.93171,0.93189,2.06,3.37
2018.02.04 23:19:55.911,0.93171,0.93189,1.87,3.37
2018.02.04 23:19:58.152,0.93171,0.93188,1.69,1.25
2018.02.04 23:19:58.543,0.93173,0.93189,2.06,1.19
2018.02.04 23:19:58.821,0.93174,0.93189,1.00,1.19
2018.02.04 23:19:58.926,0.93173,0.9319,1.62,2.44
2018.02.04 23:19:59.182,0.93173,0.9319,1.12,2.44
2018.02.04 23:19:59.234,0.93173,0.93189,2.06,1.19
2018.02.04 23:19:59.754,0.93175,0.93189,1.44,1.19
2018.02.04 23:20:00.643,0.93174,0.9319,1.50,1.19
2018.02.04 23:20:00.799,0.93174,0.9319,1.87,1.19
2018.02.04 23:20:01.120,0.93174,0.9319,1.50,1.19
2018.02.04 23:20:01.225,0.93174,0.9319,1.87,1.19
2018.02.04 23:20:01.648,0.93174,0.9319,1.00,1.19
2018.02.04 23:20:02.231,0.93173,0.9319,2.06,2.06
2018.02.04 23:20:03.813,0.93173,0.9319,1.31,1.19
2018.02.04 23:20:04.447,0.93173,0.9319,1.62,2.06
2018.02.04 23:20:04.603,0.93171,0.9319,1.44,2.06
2018.02.04 23:20:05.051,0.93177,0.93191,1.00,1.69
2018.02.04 23:20:05.106,0.93179,0.93195,1.44,1.69
2018.02.04 23:20:05.212,0.9318,0.93197,1.44,1.87
2018.02.04 23:20:05.536,0.93182,0.93197,1.62,1.69
2018.02.04 23:20:05.901,0.9318,0.93197,1.19,2.62
2018.02.04 23:20:07.506,0.93181,0.93197,1.56,1.87
2018.02.04 23:20:07.868,0.93183,0.93198,1.19,1.19
2018.02.04 23:20:09.280,0.93182,0.93198,2.06,1.19
2018.02.04 23:20:09.884,0.93182,0.93198,1.44,1.87
2018.02.04 23:20:10.197,0.93181,0.93196,1.62,1.19
2018.02.04 23:20:14.865,0.93181,0.93197,1.56,1.44
2018.02.04 23:20:15.414,0.93181,0.93197,1.56,1.44
2018.02.04 23:20:16.417,0.93182,0.93196,1.44,1.19
2018.02.04 23:20:17.042,0.93181,0.93196,2.06,1.19
2018.02.04 23:20:17.384,0.93189,0.93206,1.12,2.62
2018.02.04 23:20:17.911,0.93187,0.93203,1.69,2.06
2018.02.04 23:20:18.587,0.93188,0.93204,1.56,1.19
2018.02.04 23:20:18.847,0.9319,0.93206,1.44,1.44
2018.02.04 23:20:20.044,0.9319,0.93206,1.56,1.44
2018.02.04 23:20:20.356,0.93191,0.93207,1.62,1.69
2018.02.04 23:20:20.458,0.93191,0.93207,1.25,1.87
2018.02.04 23:20:20.752,0.93191,0.93207,1.62,1.87
2018.02.04 23:20:21.351,0.93191,0.93207,1.31,1.87
2018.02.04 23:20:22.293,0.93189,0.93206,1.19,1.44
2018.02.04 23:20:22.876,0.93189,0.93206,1.62,3.37
2018.02.04 23:20:23.446,0.93188,0.93206,3.56,1.62
2018.02.04 23:20:23.749,0.9319,0.93206,1.56,1.19
2018.02.04 23:20:23.906,0.93195,0.93213,3.56,1.19
2018.02.04 23:20:23.959,0.93196,0.93214,1.62,1.69
2018.02.04 23:20:24.480,0.93197,0.93213,1.25,1.44
2018.02.04 23:20:24.914,0.93197,0.93213,1.50,1.44
2018.02.04 23:20:25.460,0.93197,0.93214,1.87,1.62
2018.02.04 23:20:26.318,0.93198,0.93215,1.31,3.56
2018.02.04 23:20:26.888,0.93196,0.93213,2.62,1.69
2018.02.04 23:20:27.195,0.93196,0.93213,1.44,2.81
2018.02.04 23:20:33.105,0.93197,0.93214,2.06,1.31
2018.02.04 23:20:33.554,0.93197,0.93215,2.06,2.81
2018.02.04 23:20:33.974,0.93198,0.93215,1.25,3.00
2018.02.04 23:20:34.433,0.932,0.93215,1.00,1.69
2018.02.04 23:20:34.747,0.93205,0.93221,1.25,1.69
2018.02.04 23:20:34.800,0.93203,0.93221,1.19,1.25
2018.02.04 23:20:34.853,0.93202,0.93221,1.31,1.69
2018.02.04 23:20:35.187,0.932,0.93218,2.25,1.19
2018.02.04 23:20:35.872,0.93198,0.93219,1.62,2.81
2018.02.04 23:20:36.234,0.93196,0.93213,1.87,1.25
2018.02.04 23:20:36.815,0.93196,0.93212,1.44,1.25
2018.02.04 23:20:37.341,0.93197,0.93216,2.06,2.06
2018.02.04 23:20:37.516,0.93199,0.93218,1.19,1.19
2018.02.04 23:20:39.126,0.93197,0.93217,1.37,2.25
2018.02.04 23:20:40.784,0.93197,0.93218,1.62,1.19
2018.02.04 23:20:41.150,0.93196,0.93212,1.87,1.00
2018.02.04 23:20:41.208,0.93196,0.93212,1.69,1.62
2018.02.04 23:20:42.279,0.93197,0.93212,1.00,1.19
2018.02.04 23:20:44.830,0.93197,0.93214,1.19,1.44
2018.02.04 23:20:45.383,0.93197,0.93214,1.00,1.19
2018.02.04 23:20:46.047,0.93197,0.93214,1.19,1.44
2018.02.04 23:20:46.153,0.93196,0.93212,1.69,1.19
2018.02.04 23:20:46.732,0.93196,0.93212,1.19,2.81
2018.02.04 23:20:48.040,0.93197,0.93214,1.44,2.06
2018.02.04 23:20:48.403,0.93197,0.93214,1.37,1.87
2018.02.04 23:20:50.449,0.93197,0.93214,1.62,1.87
2018.02.04 23:20:50.980,0.93196,0.93213,1.87,1.31
2018.02.04 23:20:51.508,0.93196,0.93213,1.19,1.12
2018.02.04 23:20:52.012,0.93196,0.93213,2.06,1.12
2018.02.04 23:20:52.560,0.93196,0.93213,2.06,1.25
2018.02.04 23:20:53.074,0.93196,0.93213,1.87,1.31
2018.02.04 23:20:53.909,0.93197,0.93214,1.62,2.81
2018.02.04 23:20:54.573,0.93196,0.93213,2.06,1.31
2018.02.04 23:20:55.108,0.93196,0.93213,1.44,1.87
2018.02.04 23:20:55.622,0.93196,0.93213,2.06,1.31
2018.02.04 23:20:56.216,0.93197,0.93214,1.37,2.81
2018.02.04 23:20:58.740,0.93197,0.93214,1.44,2.62
2018.02.04 23:21:00.774,0.93197,0.93214,1.37,1.87
2018.02.04 23:21:00.978,0.93197,0.93214,1.25,3.56
2018.02.04 23:21:01.488,0.93197,0.93212,1.44,1.31
2018.02.04 23:21:02.023,0.93197,0.93214,1.37,1.69
2018.02.04 23:21:02.449,0.93197,0.93214,1.25,1.87
2018.02.04 23:21:03.069,0.93197,0.93214,1.19,3.56
2018.02.04 23:21:03.123,0.93196,0.93212,1.69,1.62
2018.02.04 23:21:04.273,0.93196,0.9321,1.44,1.19
2018.02.04 23:21:04.817,0.93196,0.9321,1.12,1.19
2018.02.04 23:21:08.025,0.93196,0.9321,1.44,1.19
2018.02.04 23:21:08.552,0.93195,0.9321,4.87,1.19
2018.02.04 23:21:11.648,0.93198,0.9321,1.00,1.19
2018.02.04 23:21:14.645,0.93196,0.93209,1.25,1.31
2018.02.04 23:21:15.165,0.93196,0.93207,1.87,1.00
2018.02.04 23:21:15.219,0.93188,0.93205,2.44,1.87
2018.02.04 23:21:15.408,0.93188,0.93204,1.50,1.69
2018.02.04 23:21:15.923,0.93187,0.93204,1.87,1.87
2018.02.04 23:21:17.249,0.93188,0.93204,1.00,1.19
2018.02.04 23:21:17.757,0.93187,0.93204,2.06,1.19
2018.02.04 23:21:19.726,0.93187,0.93202,1.25,1.19
2018.02.04 23:21:20.326,0.93187,0.93202,1.69,1.19
2018.02.04 23:21:20.867,0.93187,0.93202,1.69,1.19
2018.02.04 23:21:21.429,0.93187,0.93202,2.06,1.19
2018.02.04 23:21:21.583,0.93187,0.93203,2.25,1.19
2018.02.04 23:21:21.738,0.93187,0.93204,1.56,1.69
2018.02.04 23:21:22.132,0.93187,0.93203,1.62,1.19
2018.02.04 23:21:22.547,0.93187,0.93203,1.56,1.19
2018.02.04 23:21:22.825,0.93187,0.93203,1.56,1.19
2018.02.04 23:21:25.059,0.93187,0.93204,2.06,1.69
2018.02.04 23:21:25.589,0.93188,0.93204,2.81,1.19
2018.02.04 23:21:26.043,0.93187,0.93204,1.87,2.25
2018.02.04 23:21:27.734,0.93187,0.93204,2.25,1.62
2018.02.04 23:21:29.149,0.93187,0.93202,1.69,1.44
2018.02.04 23:21:29.775,0.93187,0.93202,1.87,1.00
2018.02.04 23:21:30.086,0.93187,0.932,1.19,1.00
2018.02.04 23:21:32.992,0.93187,0.93199,1.87,1.00
2018.02.04 23:21:36.875,0.93184,0.93195,1.25,1.00
2018.02.04 23:21:36.981,0.93178,0.93195,1.19,1.44
2018.02.04 23:21:38.365,0.93178,0.93191,1.19,1.00
2018.02.04 23:21:39.089,0.93176,0.93191,1.25,1.19
2018.02.04 23:21:39.142,0.93178,0.93191,1.25,1.25
2018.02.04 23:21:39.611,0.93172,0.93186,1.69,1.00
2018.02.04 23:21:39.664,0.93172,0.93186,1.00,1.69
2018.02.04 23:21:43.132,0.93171,0.93188,1.19,1.25
2018.02.04 23:21:43.532,0.93172,0.93185,1.44,1.00
2018.02.04 23:21:45.050,0.93172,0.93185,1.00,1.00
2018.02.04 23:21:45.683,0.93171,0.93185,1.12,1.00
2018.02.04 23:21:46.308,0.93171,0.93185,1.00,1.19
2018.02.04 23:21:46.858,0.9317,0.93185,1.25,1.19
2018.02.04 23:21:48.371,0.9317,0.93183,1.00,1.00
2018.02.04 23:21:49.644,0.9317,0.93183,1.44,1.00
2018.02.04 23:21:50.187,0.9317,0.93182,1.25,1.00
2018.02.04 23:21:50.554,0.9317,0.93182,1.37,1.00
2018.02.04 23:21:51.083,0.9317,0.93182,1.44,1.00
2018.02.04 23:21:51.579,0.93169,0.93182,2.62,1.00
2018.02.04 23:21:51.632,0.9317,0.93183,1.44,1.00
2018.02.04 23:21:52.124,0.93169,0.93183,3.56,1.00
2018.02.04 23:21:52.229,0.93171,0.93183,1.12,1.00
2018.02.04 23:21:52.782,0.9317,0.93183,1.00,1.00
2018.02.04 23:21:53.303,0.9317,0.93183,1.44,1.00
2018.02.04 23:21:54.172,0.9317,0.93183,1.25,1.00
2018.02.04 23:21:54.749,0.93169,0.93183,2.62,1.00
2018.02.04 23:21:54.908,0.93162,0.93179,1.69,1.19
2018.02.04 23:21:55.223,0.93163,0.93177,1.62,1.00
2018.02.04 23:21:55.542,0.93163,0.93179,3.56,1.00
2018.02.04 23:21:56.836,0.93164,0.93177,2.06,1.00
2018.02.04 23:21:56.941,0.93163,0.93177,1.50,1.00
2018.02.04 23:21:56.994,0.93162,0.93177,1.94,1.00
2018.02.04 23:21:57.259,0.93162,0.93177,1.69,1.00
2018.02.04 23:21:57.380,0.93162,0.93177,1.94,1.00
2018.02.04 23:21:57.982,0.93163,0.93177,1.50,1.00
2018.02.04 23:21:58.035,0.93163,0.93177,1.69,1.00
2018.02.04 23:21:58.429,0.93161,0.93175,4.87,1.00
2018.02.04 23:21:58.970,0.93161,0.93175,4.87,1.00
2018.02.04 23:21:59.553,0.93163,0.93175,1.00,1.00
2018.02.04 23:22:00.352,0.93163,0.93175,1.19,1.00
2018.02.04 23:22:00.961,0.93161,0.93175,4.50,1.00
2018.02.04 23:22:01.498,0.93161,0.93175,2.62,1.00
2018.02.04 23:22:02.046,0.93161,0.93175,1.87,1.00
2018.02.04 23:22:03.505,0.93161,0.93175,2.06,1.00
2018.02.04 23:22:04.611,0.93161,0.93175,1.00,1.00
2018.02.04 23:22:05.116,0.93161,0.93175,1.69,1.00
2018.02.04 23:22:05.658,0.93161,0.93175,1.69,1.00
2018.02.04 23:22:06.262,0.93161,0.93175,1.87,1.00
2018.02.04 23:22:09.197,0.93161,0.93175,1.87,1.00
2018.02.04 23:22:10.531,0.93161,0.93175,1.69,1.00
2018.02.04 23:22:11.125,0.93161,0.93175,1.00,1.50
2018.02.04 23:22:11.647,0.93161,0.93175,2.06,1.50
2018.02.04 23:22:12.169,0.93161,0.93175,2.81,1.00
2018.02.04 23:22:12.533,0.93161,0.93175,1.69,1.00
2018.02.04 23:22:12.585,0.93161,0.93175,3.56,1.00
2018.02.04 23:22:13.100,0.93161,0.93173,1.87,1.00
2018.02.04 23:22:13.743,0.93161,0.93173,2.06,1.00
2018.02.04 23:22:14.362,0.93161,0.93173,2.06,1.00
2018.02.04 23:22:14.907,0.93161,0.93173,2.06,1.00
2018.02.04 23:22:15.998,0.93161,0.93173,1.12,1.00
2018.02.04 23:22:16.939,0.93161,0.93173,2.06,1.00
2018.02.04 23:22:18.340,0.93161,0.93172,2.81,1.00
2018.02.04 23:22:18.904,0.93161,0.93172,2.06,1.00
2018.02.04 23:22:19.497,0.93161,0.93172,2.25,1.00
2018.02.04 23:22:20.114,0.93161,0.93172,2.25,1.00
2018.02.04 23:22:20.699,0.93161,0.93172,2.25,1.00
2018.02.04 23:22:22.670,0.93161,0.93173,2.62,1.00
2018.02.04 23:22:23.218,0.93161,0.93173,3.00,1.00
2018.02.04 23:22:23.752,0.93161,0.93173,2.25,1.00
2018.02.04 23:22:24.290,0.93161,0.93173,2.25,1.00
2018.02.04 23:22:24.839,0.93161,0.93173,1.25,1.00
2018.02.04 23:22:25.386,0.93162,0.93172,1.87,1.00
2018.02.04 23:22:27.902,0.93163,0.93172,1.00,1.00
2018.02.04 23:22:29.365,0.93162,0.93172,1.00,1.00
2018.02.04 23:22:29.977,0.93162,0.93173,1.31,1.00
2018.02.04 23:22:30.614,0.93163,0.93173,1.00,1.00
2018.02.04 23:22:31.623,0.93162,0.93174,1.50,1.00
2018.02.04 23:22:32.905,0.93163,0.93174,1.31,1.00
2018.02.04 23:22:33.432,0.93163,0.93174,1.31,1.00
2018.02.04 23:22:35.373,0.93168,0.93176,1.25,1.00
2018.02.04 23:22:35.427,0.93169,0.9318,1.00,1.00
2018.02.04 23:22:35.937,0.9317,0.9318,1.44,1.00
2018.02.04 23:22:42.360,0.9317,0.93181,1.44,1.00
2018.02.04 23:22:51.223,0.93168,0.93182,1.25,1.19
2018.02.04 23:22:51.280,0.93171,0.93185,1.87,1.19
2018.02.04 23:22:52.853,0.93171,0.93185,2.06,1.19
2018.02.04 23:22:54.869,0.93168,0.93182,1.19,1.25
2018.02.04 23:22:55.417,0.93168,0.93181,1.19,1.00
2018.02.04 23:22:56.198,0.93166,0.9318,1.44,1.00
2018.02.04 23:22:56.728,0.93167,0.93181,1.44,1.50
2018.02.04 23:22:57.245,0.93168,0.93182,1.44,1.25
2018.02.04 23:22:59.007,0.93167,0.93181,1.44,1.00
2018.02.04 23:23:01.310,0.93171,0.93185,1.00,1.00
2018.02.04 23:23:06.033,0.93171,0.93185,1.19,1.00
2018.02.04 23:23:06.553,0.93171,0.93185,1.00,1.00
2018.02.04 23:23:06.813,0.93172,0.93186,1.44,1.25
2018.02.04 23:23:07.569,0.93172,0.93186,1.25,1.25
2018.02.04 23:23:11.553,0.9317,0.93184,1.44,1.00
2018.02.04 23:23:12.154,0.93171,0.93185,1.25,1.00
2018.02.04 23:23:13.014,0.93171,0.93185,1.44,1.00
2018.02.04 23:23:13.563,0.9317,0.93184,1.25,1.00
2018.02.04 23:23:19.509,0.93169,0.93183,1.19,1.00
2018.02.04 23:23:21.814,0.93169,0.93183,1.00,1.25
2018.02.04 23:23:24.817,0.93168,0.93182,1.25,1.00
2018.02.04 23:23:25.421,0.93168,0.93184,1.25,1.69
2018.02.04 23:23:28.453,0.93167,0.93181,1.44,1.00
2018.02.04 23:23:28.612,0.93166,0.9318,1.00,1.87
2018.02.04 23:23:28.717,0.93163,0.93177,1.19,1.00
2018.02.04 23:23:28.824,0.93161,0.93179,1.25,1.12
2018.02.04 23:23:28.981,0.93165,0.93182,1.19,1.25
2018.02.04 23:23:29.316,0.93162,0.9318,1.44,1.12
2018.02.04 23:23:29.630,0.93162,0.93179,1.19,1.19
2018.02.04 23:23:32.814,0.93161,0.93179,1.56,1.19
2018.02.04 23:23:33.481,0.93161,0.93179,1.56,1.19
2018.02.04 23:23:34.245,0.93163,0.93181,2.62,1.00
2018.02.04 23:23:34.401,0.93164,0.93181,1.62,1.00
2018.02.04 23:23:34.934,0.93164,0.93181,1.62,1.00
2018.02.04 23:23:35.307,0.93164,0.93181,1.31,1.00
2018.02.04 23:23:35.554,0.93163,0.93179,1.62,1.00
2018.02.04 23:23:36.041,0.93164,0.93182,1.44,1.69
2018.02.04 23:23:36.585,0.93164,0.93182,1.56,1.87
2018.02.04 23:23:38.366,0.93166,0.93182,1.12,2.44
2018.02.04 23:23:38.974,0.93166,0.93182,1.31,2.44
2018.02.04 23:23:41.630,0.93166,0.93182,1.12,2.44
2018.02.04 23:23:42.511,0.93165,0.93179,1.19,1.00
2018.02.04 23:23:43.031,0.93165,0.93179,1.00,1.19
2018.02.04 23:23:44.084,0.93164,0.93178,1.25,1.25
2018.02.04 23:23:48.000,0.93163,0.93177,1.25,1.00
2018.02.04 23:23:57.377,0.93164,0.93178,1.00,1.25
2018.02.04 23:24:02.234,0.93164,0.9318,1.44,1.25
2018.02.04 23:24:07.548,0.93164,0.93178,1.00,1.19
2018.02.04 23:24:08.315,0.93162,0.93176,1.12,1.00
2018.02.04 23:24:09.168,0.93162,0.93176,1.44,1.00
2018.02.04 23:24:09.687,0.93162,0.93176,1.12,1.00
2018.02.04 23:24:11.050,0.93161,0.93175,1.19,1.00
2018.02.04 23:24:11.157,0.9316,0.93174,1.00,1.19
2018.02.04 23:24:11.208,0.93156,0.93174,1.19,2.06
2018.02.04 23:24:11.363,0.93153,0.93173,1.19,1.19
2018.02.04 23:24:11.466,0.93154,0.93174,2.44,1.25
2018.02.04 23:24:11.569,0.93158,0.93177,1.25,1.69
2018.02.04 23:24:11.877,0.9316,0.93177,1.00,2.62
2018.02.04 23:24:12.204,0.93158,0.93177,3.00,1.25
2018.02.04 23:24:20.361,0.93159,0.93177,1.19,1.31
2018.02.04 23:24:22.754,0.93162,0.93176,1.00,1.19
2018.02.04 23:24:23.338,0.93162,0.93176,1.25,1.00
2018.02.04 23:24:23.865,0.93163,0.93177,1.00,1.25
2018.02.04 23:24:24.699,0.93162,0.93176,1.25,1.00
2018.02.04 23:24:25.237,0.93163,0.93177,1.00,1.25
2018.02.04 23:24:30.135,0.93162,0.93176,1.25,1.00
2018.02.04 23:24:32.932,0.93164,0.93178,1.00,1.19
2018.02.04 23:24:36.913,0.93164,0.93178,1.44,1.19
2018.02.04 23:24:37.016,0.93166,0.9318,1.00,1.19
2018.02.04 23:24:47.781,0.93164,0.93178,1.25,1.00
2018.02.04 23:24:51.864,0.93163,0.93177,1.19,1.00
2018.02.04 23:24:55.008,0.93163,0.93177,1.25,1.00
2018.02.04 23:24:59.977,0.93163,0.93177,1.19,1.00
2018.02.04 23:25:04.900,0.93164,0.93178,1.25,1.00
2018.02.04 23:25:06.943,0.93164,0.93178,1.44,1.00
2018.02.04 23:25:07.447,0.93164,0.93178,1.12,1.00
2018.02.04 23:25:14.738,0.93161,0.93177,2.25,1.69
2018.02.04 23:25:17.792,0.93159,0.93175,1.25,1.69
2018.02.04 23:25:18.104,0.93158,0.93172,1.00,1.00
2018.02.04 23:25:18.292,0.93156,0.93175,1.69,1.69
2018.02.04 23:25:18.552,0.93156,0.93175,1.00,2.25
2018.02.04 23:25:19.458,0.93152,0.93172,3.19,3.56
2018.02.04 23:25:24.066,0.93149,0.93169,2.44,1.69
2018.02.04 23:25:24.378,0.93152,0.93171,1.25,1.44
2018.02.04 23:25:25.335,0.93152,0.93171,1.44,1.44
2018.02.04 23:25:25.915,0.93152,0.93171,1.12,1.44
2018.02.04 23:25:28.895,0.93151,0.93171,1.00,1.87
2018.02.04 23:25:31.581,0.93152,0.93171,1.00,1.19
2018.02.04 23:25:32.082,0.93152,0.93171,1.44,1.44
2018.02.04 23:25:33.119,0.93152,0.93171,1.25,1.44
2018.02.04 23:25:33.658,0.93152,0.93172,1.44,3.94
2018.02.04 23:25:34.190,0.93154,0.93171,1.00,1.44
2018.02.04 23:25:35.345,0.93153,0.93171,1.69,1.44
2018.02.04 23:25:36.013,0.93153,0.93171,1.87,1.44
2018.02.04 23:25:36.551,0.93153,0.93171,1.87,1.44
2018.02.04 23:25:37.069,0.93153,0.93171,1.87,1.44
2018.02.04 23:25:37.666,0.93153,0.93171,1.87,1.44
2018.02.04 23:25:38.241,0.93152,0.93169,1.00,1.44
2018.02.04 23:25:39.705,0.9315,0.93169,1.12,1.19
2018.02.04 23:25:42.242,0.93151,0.9317,1.00,1.69
2018.02.04 23:25:42.749,0.93151,0.9317,1.19,1.69
2018.02.04 23:25:42.801,0.93151,0.9317,1.25,1.69
2018.02.04 23:25:43.525,0.93151,0.9317,1.19,1.69
2018.02.04 23:25:44.098,0.93151,0.9317,1.25,1.69
2018.02.04 23:25:44.665,0.93151,0.9317,1.19,1.69
2018.02.04 23:25:45.189,0.93151,0.9317,1.25,1.69
2018.02.04 23:25:45.737,0.93151,0.9317,1.19,1.69
2018.02.04 23:25:46.279,0.93151,0.9317,1.25,1.69
2018.02.04 23:25:47.897,0.93151,0.9317,1.19,1.69
2018.02.04 23:25:48.486,0.93151,0.9317,1.25,1.69
2018.02.04 23:25:52.433,0.93152,0.93171,1.19,1.69
2018.02.04 23:25:56.558,0.93149,0.93168,1.00,1.44
2018.02.04 23:25:56.924,0.93149,0.93168,1.87,1.19
2018.02.04 23:25:57.497,0.93149,0.93168,1.87,1.19
2018.02.04 23:25:57.805,0.93152,0.93168,1.25,1.19
2018.02.04 23:25:57.857,0.93152,0.9317,1.44,1.19
2018.02.04 23:26:00.612,0.93155,0.93169,1.12,1.19
2018.02.04 23:26:10.376,0.93155,0.93169,1.00,1.25
2018.02.04 23:26:10.479,0.93157,0.93171,1.00,1.19
2018.02.04 23:26:11.510,0.93156,0.9317,1.00,1.19
2018.02.04 23:26:11.820,0.93151,0.93165,1.00,1.19
2018.02.04 23:26:12.251,0.93151,0.93165,1.50,1.00
2018.02.04 23:26:12.303,0.93153,0.93167,1.00,1.25
2018.02.04 23:26:15.037,0.93154,0.93168,1.00,1.19
2018.02.04 23:26:24.470,0.93154,0.93167,1.00,1.69
2018.02.04 23:26:24.780,0.93152,0.93166,1.00,1.19
2018.02.04 23:26:36.796,0.93152,0.93166,1.00,1.25
2018.02.04 23:26:38.690,0.93155,0.93169,1.00,1.69
2018.02.04 23:26:39.223,0.93154,0.93168,1.00,1.19
2018.02.04 23:26:40.570,0.93156,0.9317,1.00,1.19
2018.02.04 23:26:41.073,0.93156,0.9317,1.19,1.19
2018.02.04 23:26:41.577,0.93156,0.9317,1.00,1.19
2018.02.04 23:26:43.485,0.93156,0.9317,1.44,1.19
2018.02.04 23:26:46.445,0.93156,0.9317,1.00,1.19
2018.02.04 23:26:56.947,0.93156,0.9317,1.25,1.25
2018.02.04 23:27:04.003,0.93157,0.93171,1.00,1.19
2018.02.04 23:27:04.163,0.9316,0.93174,1.00,1.25
2018.02.04 23:27:04.268,0.93162,0.93176,1.00,1.69
2018.02.04 23:27:07.294,0.93159,0.93177,1.87,1.19
2018.02.04 23:27:07.605,0.93158,0.93175,1.19,1.19
2018.02.04 23:27:11.634,0.93157,0.93174,1.25,1.44
2018.02.04 23:27:13.141,0.93157,0.93176,1.69,1.87
2018.02.04 23:27:15.342,0.93159,0.93177,2.81,1.19
2018.02.04 23:27:15.897,0.93159,0.93177,2.81,1.19
2018.02.04 23:27:16.192,0.93162,0.93178,1.56,1.25
2018.02.04 23:27:16.757,0.93162,0.93181,2.06,1.87
2018.02.04 23:27:17.928,0.9316,0.93177,1.87,1.19
2018.02.04 23:27:21.242,0.9316,0.93175,1.87,1.00
2018.02.04 23:27:21.669,0.93156,0.93175,4.12,1.44
2018.02.04 23:27:21.823,0.93157,0.93175,1.00,1.37
2018.02.04 23:27:22.157,0.93159,0.93173,1.00,1.00
2018.02.04 23:27:23.507,0.93161,0.93175,1.00,1.19
2018.02.04 23:27:27.907,0.93162,0.93176,1.00,1.25
2018.02.04 23:27:29.909,0.93161,0.93175,1.00,1.87
2018.02.04 23:27:31.434,0.93161,0.93175,1.00,1.25
2018.02.04 23:27:38.884,0.93159,0.93173,1.19,1.00
2018.02.04 23:27:39.098,0.93158,0.93172,1.00,1.00
2018.02.04 23:27:39.257,0.93154,0.93168,1.00,1.44
2018.02.04 23:27:39.404,0.93147,0.93163,1.25,1.69
2018.02.04 23:27:39.941,0.93148,0.93164,1.00,1.19
2018.02.04 23:27:40.281,0.93144,0.93162,1.69,1.19
2018.02.04 23:27:41.401,0.93144,0.93162,1.62,1.19
2018.02.04 23:27:42.064,0.93144,0.93162,1.62,1.19
2018.02.04 23:27:43.438,0.93144,0.93162,1.56,1.19
2018.02.04 23:27:45.868,0.93144,0.93162,1.62,1.19
2018.02.04 23:27:49.267,0.93143,0.93158,1.44,1.19
2018.02.04 23:27:49.580,0.93143,0.93155,1.25,1.25
2018.02.04 23:27:52.601,0.93144,0.93155,1.00,1.00
2018.02.04 23:27:52.992,0.93144,0.93155,1.44,1.00
2018.02.04 23:27:53.565,0.93144,0.93155,1.44,1.00
2018.02.04 23:27:54.804,0.93144,0.93155,1.25,1.00
2018.02.04 23:27:55.305,0.93144,0.93155,1.87,1.00
2018.02.04 23:27:57.339,0.93143,0.93155,1.50,1.00
2018.02.04 23:27:57.444,0.93144,0.93158,1.00,1.19
2018.02.04 23:27:57.988,0.93145,0.93158,1.00,1.19
2018.02.04 23:27:58.958,0.93142,0.93158,2.62,1.19
2018.02.04 23:27:59.604,0.93143,0.93158,1.25,1.69
2018.02.04 23:28:01.120,0.93142,0.93158,1.69,1.69
2018.02.04 23:28:01.622,0.93143,0.93158,1.25,1.69
2018.02.04 23:28:02.505,0.93142,0.93158,1.69,1.69
2018.02.04 23:28:03.168,0.93142,0.93158,1.69,1.69
2018.02.04 23:28:03.889,0.93142,0.93158,1.69,1.69
2018.02.04 23:28:09.309,0.93141,0.93157,2.25,1.19
2018.02.04 23:28:09.661,0.9314,0.93153,1.87,1.19
2018.02.04 23:28:10.679,0.9314,0.93153,2.06,1.19
2018.02.04 23:28:11.203,0.93141,0.93154,1.67,1.19
2018.02.04 23:28:12.611,0.93143,0.93154,1.00,1.19
2018.02.04 23:28:13.388,0.93144,0.93154,1.00,1.19
2018.02.04 23:28:13.789,0.93142,0.93154,2.62,1.19
2018.02.04 23:28:14.466,0.93143,0.93154,1.00,1.19
2018.02.04 23:28:15.112,0.93142,0.93154,1.12,1.19
2018.02.04 23:28:19.073,0.93142,0.93154,3.56,1.19
2018.02.04 23:28:19.181,0.93144,0.93157,1.69,1.25
2018.02.04 23:28:19.962,0.93142,0.93157,2.06,1.25
2018.02.04 23:28:20.015,0.93142,0.93157,1.31,1.19
2018.02.04 23:28:21.459,0.93142,0.93157,3.94,1.19
2018.02.04 23:28:21.513,0.93142,0.93157,3.94,1.25
2018.02.04 23:28:22.051,0.93145,0.93157,1.00,1.25
2018.02.04 23:28:23.695,0.93145,0.93157,1.00,1.19
2018.02.04 23:28:25.185,0.93145,0.93157,1.00,1.25
2018.02.04 23:28:30.714,0.93144,0.93156,1.00,1.19
2018.02.04 23:28:32.233,0.93144,0.93157,1.00,1.25
2018.02.04 23:28:32.756,0.93144,0.93158,1.44,1.00
2018.02.04 23:28:45.314,0.93145,0.93159,1.25,1.00
2018.02.04 23:28:45.638,0.93147,0.93161,1.00,1.19
2018.02.04 23:28:57.641,0.93145,0.93159,1.25,1.00
2018.02.04 23:28:57.798,0.93147,0.93161,1.00,1.19
2018.02.04 23:29:10.107,0.93147,0.93161,1.44,1.19
2018.02.04 23:29:11.677,0.93147,0.93161,1.25,1.19
2018.02.04 23:29:21.122,0.93147,0.93161,1.19,1.19
2018.02.04 23:29:22.271,0.93147,0.93161,1.44,1.19
2018.02.04 23:29:22.864,0.93147,0.93161,1.25,2.06
2018.02.04 23:29:38.442,0.93147,0.93161,1.44,2.44
2018.02.04 23:29:38.954,0.93147,0.93161,1.25,2.44
2018.02.04 23:29:39.476,0.93143,0.93158,1.00,1.87
2018.02.04 23:29:44.562,0.93146,0.9316,1.00,2.44
2018.02.04 23:29:45.081,0.93146,0.9316,1.19,1.69
2018.02.04 23:29:45.586,0.93146,0.9316,1.25,1.69
2018.02.04 23:29:56.799,0.93143,0.93159,1.19,1.31
2018.02.04 23:29:57.427,0.93145,0.93159,1.00,1.31
2018.02.04 23:30:00.519,0.93144,0.93157,1.00,2.81
2018.02.04 23:30:00.572,0.93142,0.93155,1.00,1.31
2018.02.04 23:30:00.625,0.93142,0.93155,1.00,1.31
2018.02.04 23:30:00.775,0.9314,0.93153,1.00,2.44
2018.02.04 23:30:00.827,0.93139,0.93153,1.00,3.94
2018.02.04 23:30:01.034,0.93137,0.9315,1.50,2.44
2018.02.04 23:30:01.086,0.93139,0.9315,1.00,2.44
2018.02.04 23:30:01.395,0.93142,0.93153,1.00,1.19
2018.02.04 23:30:01.846,0.9314,0.93153,1.00,1.19
2018.02.04 23:30:02.173,0.93142,0.93154,1.00,2.44
2018.02.04 23:30:05.022,0.93141,0.93154,1.00,5.25
2018.02.04 23:30:05.666,0.93142,0.93154,1.00,5.25
2018.02.04 23:30:06.343,0.93141,0.93154,1.00,3.56
2018.02.04 23:30:06.907,0.93143,0.93154,1.00,5.25
2018.02.04 23:30:07.656,0.93142,0.93154,1.00,3.56
2018.02.04 23:30:11.797,0.93141,0.93154,1.00,5.06
2018.02.04 23:30:19.999,0.93141,0.93154,1.00,5.06
2018.02.04 23:30:20.608,0.9314,0.93154,1.00,5.06
2018.02.04 23:30:21.202,0.93138,0.93153,1.25,1.19
2018.02.04 23:30:21.256,0.93138,0.93152,1.00,1.69
2018.02.04 23:30:21.364,0.93135,0.93149,1.50,1.19
2018.02.04 23:30:21.471,0.93133,0.93147,1.00,1.19
2018.02.04 23:30:21.577,0.93134,0.9315,1.00,2.06
2018.02.04 23:30:22.098,0.93132,0.9315,2.62,3.13
2018.02.04 23:30:22.618,0.93133,0.93148,1.25,2.44
2018.02.04 23:30:23.047,0.93132,0.93147,3.37,1.31
2018.02.04 23:30:23.242,0.93133,0.93148,1.25,3.19
2018.02.04 23:30:23.798,0.93133,0.93148,1.19,1.69
2018.02.04 23:30:27.354,0.93134,0.9315,1.19,3.00
2018.02.04 23:30:30.129,0.93133,0.93148,1.19,1.67
2018.02.04 23:30:30.330,0.9313,0.93143,1.19,1.00
2018.02.04 23:30:30.434,0.93128,0.93143,1.69,1.69
2018.02.04 23:30:30.642,0.9313,0.93145,1.00,5.57
2018.02.04 23:30:31.475,0.9313,0.93145,1.19,5.29
2018.02.04 23:30:31.783,0.93128,0.93145,1.87,7.11
2018.02.04 23:30:31.941,0.93124,0.9314,1.19,1.69
2018.02.04 23:30:32.629,0.93125,0.93142,1.56,4.16
2018.02.04 23:30:33.941,0.93125,0.93142,1.62,4.16
2018.02.04 23:30:38.537,0.93128,0.93141,1.00,1.30
2018.02.04 23:30:38.846,0.93133,0.93146,1.00,2.91
2018.02.04 23:30:39.214,0.93135,0.93148,1.00,1.34
2018.02.04 23:30:39.369,0.93136,0.9315,1.00,2.53
2018.02.04 23:30:39.880,0.93136,0.93151,1.19,3.47
2018.02.04 23:30:40.245,0.93135,0.93151,1.00,3.47
2018.02.04 23:30:42.041,0.93136,0.9315,1.50,1.41
2018.02.04 23:30:48.895,0.93134,0.93148,1.00,1.25
2018.02.04 23:30:50.349,0.93133,0.93146,1.25,4.12
2018.02.04 23:30:50.403,0.9313,0.93144,1.00,1.69
2018.02.04 23:30:50.561,0.93126,0.93143,1.00,3.09
2018.02.04 23:30:51.090,0.93127,0.93143,1.00,3.47
2018.02.04 23:30:51.269,0.93127,0.93143,1.00,1.97
2018.02.04 23:30:51.848,0.93126,0.93142,1.25,2.44
2018.02.04 23:30:52.370,0.93125,0.93142,1.25,4.69
2018.02.04 23:30:52.685,0.93124,0.93137,1.19,1.12
2018.02.04 23:30:53.001,0.93128,0.93142,1.50,1.41
2018.02.04 23:30:53.518,0.93128,0.93142,1.50,1.41
2018.02.04 23:30:54.138,0.93125,0.93142,1.44,1.41
2018.02.04 23:30:54.658,0.93127,0.93142,1.31,1.03
2018.02.04 23:30:56.062,0.93125,0.93141,1.87,1.03
2018.02.04 23:30:56.380,0.93129,0.93144,1.19,1.78
2018.02.04 23:30:56.537,0.9313,0.93145,1.12,6.28
2018.02.04 23:31:00.627,0.93131,0.93145,1.00,6.47
2018.02.04 23:31:01.872,0.9313,0.93145,1.25,6.47
2018.02.04 23:31:02.433,0.93131,0.93145,1.00,6.47
2018.02.04 23:31:03.304,0.93132,0.93145,1.00,4.59
2018.02.04 23:31:04.097,0.93131,0.93145,1.50,2.44
2018.02.04 23:31:05.381,0.93133,0.93145,1.00,3.37
2018.02.04 23:31:06.067,0.9313,0.93145,1.69,2.06
2018.02.04 23:31:07.151,0.93131,0.93145,1.00,2.34
2018.02.04 23:31:08.231,0.9313,0.93145,1.25,2.53
2018.02.04 23:31:09.531,0.93131,0.93145,1.25,3.47
2018.02.04 23:31:11.834,0.9313,0.93144,1.87,1.31
2018.02.04 23:31:12.807,0.93129,0.93142,1.00,1.41
2018.02.04 23:31:13.334,0.93128,0.93142,1.00,2.53
2018.02.04 23:31:18.720,0.93127,0.93141,1.25,1.41
2018.02.04 23:31:22.916,0.93124,0.93137,1.00,2.62
2018.02.04 23:31:22.968,0.93121,0.93137,1.87,3.00
2018.02.04 23:31:23.481,0.93122,0.93136,1.44,1.31
2018.02.04 23:31:24.032,0.93122,0.93136,1.69,1.31
2018.02.04 23:31:24.780,0.93121,0.93136,1.12,1.31
2018.02.04 23:31:25.296,0.93121,0.93136,1.12,2.44
2018.02.04 23:31:25.876,0.93121,0.93137,1.25,5.06
2018.02.04 23:31:26.031,0.93122,0.93137,1.44,3.37
2018.02.04 23:31:26.566,0.93122,0.93136,1.00,1.31
2018.02.04 23:31:27.088,0.93123,0.93136,1.25,1.31
2018.02.04 23:31:27.700,0.93122,0.93136,1.69,1.31
2018.02.04 23:31:28.227,0.93122,0.93136,1.69,2.44
2018.02.04 23:31:28.777,0.93121,0.93136,1.31,1.69
2018.02.04 23:31:29.318,0.93122,0.93136,1.19,2.44
2018.02.04 23:31:29.572,0.93121,0.93136,1.12,2.44
2018.02.04 23:31:30.100,0.9312,0.93136,1.62,1.69
2018.02.04 23:31:30.369,0.93121,0.93136,1.62,2.44
2018.02.04 23:31:30.726,0.93119,0.93136,2.44,4.31
2018.02.04 23:31:34.830,0.93118,0.93136,1.69,2.06
2018.02.04 23:31:35.355,0.93122,0.93136,1.00,1.31
2018.02.04 23:31:36.047,0.93122,0.93136,1.00,1.62
2018.02.04 23:31:36.620,0.93123,0.93136,1.00,1.69
2018.02.04 23:31:41.573,0.93127,0.93139,1.00,1.19
2018.02.04 23:31:41.626,0.93128,0.9314,1.00,1.50
2018.02.04 23:31:42.318,0.93128,0.93142,1.19,2.06
2018.02.04 23:31:42.845,0.93128,0.93142,1.25,2.06
2018.02.04 23:31:45.153,0.93129,0.93142,1.00,1.31
2018.02.04 23:31:50.764,0.93129,0.93142,1.44,1.00
2018.02.04 23:31:50.868,0.93132,0.93144,1.00,2.06
2018.02.04 23:31:52.256,0.93134,0.93147,1.50,1.19
2018.02.04 23:31:52.310,0.93134,0.93148,1.87,1.69
2018.02.04 23:31:52.467,0.93136,0.93153,3.19,3.00
2018.02.04 23:31:52.780,0.93139,0.93154,1.00,5.06
2018.02.04 23:31:52.832,0.93137,0.93152,1.25,1.37
2018.02.04 23:32:08.356,0.93138,0.93152,1.00,1.42
2018.02.04 23:32:09.039,0.93137,0.93152,1.12,1.42
2018.02.04 23:32:19.632,0.93135,0.93152,2.06,2.73
2018.02.04 23:32:20.633,0.93133,0.93145,1.37,1.19
2018.02.04 23:32:20.689,0.93132,0.93145,1.93,1.19
2018.02.04 23:32:20.874,0.93131,0.93143,1.19,1.19
2018.02.04 23:32:20.929,0.9313,0.93143,1.25,1.19
2018.02.04 23:32:20.984,0.93127,0.93141,2.25,1.19
2018.02.04 23:32:21.569,0.93128,0.93141,1.00,1.19
2018.02.04 23:32:22.075,0.93127,0.93141,1.25,1.19
2018.02.04 23:32:22.626,0.93128,0.93141,1.00,1.19
2018.02.04 23:32:23.475,0.93128,0.93139,1.00,1.19
2018.02.04 23:32:24.983,0.93128,0.93141,1.00,1.19
2018.02.04 23:32:27.086,0.9313,0.93141,1.00,1.19
2018.02.04 23:32:28.217,0.93131,0.93141,1.00,1.19
2018.02.04 23:32:29.288,0.93132,0.93141,1.00,1.19
2018.02.04 23:32:29.879,0.93133,0.93141,1.00,1.19
2018.02.04 23:32:30.594,0.93134,0.93141,1.00,1.19
2018.02.04 23:32:30.698,0.93132,0.93141,1.00,1.19
2018.02.04 23:32:30.964,0.9313,0.93141,1.00,1.19
2018.02.04 23:32:31.950,0.93129,0.93141,1.00,1.19
2018.02.04 23:32:32.768,0.93128,0.93141,1.00,1.19
2018.02.04 23:32:34.924,0.93127,0.93141,1.50,1.19
2018.02.04 23:32:35.615,0.93128,0.93141,1.00,1.19
2018.02.04 23:32:35.764,0.93127,0.93138,1.00,1.25
2018.02.04 23:32:36.276,0.93128,0.93138,1.00,1.25
2018.02.04 23:32:37.383,0.93129,0.93138,1.00,1.25
2018.02.04 23:32:37.892,0.93128,0.93138,1.00,1.25
2018.02.04 23:32:38.589,0.93127,0.93138,1.00,1.25
2018.02.04 23:32:39.249,0.93128,0.93138,1.00,1.25
2018.02.04 23:32:44.036,0.93129,0.93138,1.00,1.25
2018.02.04 23:32:44.639,0.93128,0.93138,1.00,1.25
2018.02.04 23:32:45.253,0.93127,0.93138,1.00,1.25
2018.02.04 23:32:45.907,0.93128,0.93138,1.00,1.25
2018.02.04 23:32:46.947,0.93127,0.93138,1.00,1.25
2018.02.04 23:32:47.959,0.93128,0.93138,1.00,1.25
2018.02.04 23:32:49.502,0.93127,0.93138,1.00,1.25
2018.02.04 23:32:50.367,0.93128,0.93138,1.00,1.25
2018.02.04 23:32:50.702,0.9313,0.93138,1.00,1.25
2018.02.04 23:32:51.391,0.93129,0.93138,1.00,1.25
2018.02.04 23:32:56.325,0.93131,0.93138,1.00,1.00
2018.02.04 23:32:57.835,0.9313,0.93138,1.50,1.00
2018.02.04 23:33:00.183,0.93129,0.93138,1.00,1.00
2018.02.04 23:33:01.904,0.9313,0.93138,1.00,1.00
2018.02.04 23:33:03.159,0.93131,0.93138,1.00,1.00
2018.02.04 23:33:03.873,0.93129,0.93138,1.50,1.00
2018.02.04 23:33:09.053,0.93129,0.93138,1.69,1.00
2018.02.04 23:33:10.064,0.93129,0.93138,1.00,1.00
2018.02.04 23:33:10.745,0.9313,0.93138,1.25,1.00
2018.02.04 23:33:12.611,0.93129,0.93138,1.69,1.00
2018.02.04 23:33:12.905,0.93126,0.93138,1.25,1.00
2018.02.04 23:33:13.169,0.93125,0.93135,1.00,1.25
2018.02.04 23:33:15.228,0.93123,0.93135,1.12,1.25
2018.02.04 23:33:16.526,0.93127,0.93135,1.00,1.25
2018.02.04 23:33:16.630,0.93125,0.93135,1.50,1.25
2018.02.04 23:33:17.530,0.93126,0.93135,1.00,1.25
2018.02.04 23:33:18.462,0.93125,0.93135,1.50,1.25
2018.02.04 23:33:18.995,0.93126,0.93135,1.00,1.25
2018.02.04 23:33:30.123,0.93125,0.93135,1.00,1.25
2018.02.04 23:33:30.645,0.93126,0.93135,1.00,1.25
2018.02.04 23:33:31.759,0.93125,0.93135,1.50,1.25
2018.02.04 23:33:32.485,0.93127,0.93135,1.00,1.25
2018.02.04 23:33:32.990,0.93126,0.93135,1.00,1.25
2018.02.04 23:33:36.763,0.93125,0.93135,1.50,1.25
2018.02.04 23:33:39.139,0.93124,0.93135,1.00,1.25
2018.02.04 23:33:39.645,0.93123,0.93135,1.87,1.25
2018.02.04 23:33:39.964,0.93121,0.93132,1.00,1.25
2018.02.04 23:33:40.511,0.9312,0.93132,1.00,1.25
2018.02.04 23:33:41.171,0.9312,0.93132,2.06,1.25
2018.02.04 23:33:41.916,0.93119,0.93132,1.69,1.25
2018.02.04 23:33:43.988,0.9312,0.93132,1.00,1.25
2018.02.04 23:33:49.376,0.93119,0.93132,1.25,1.25
2018.02.04 23:33:50.168,0.93118,0.93132,1.69,1.25
2018.02.04 23:33:50.791,0.93118,0.93132,2.63,1.25
2018.02.04 23:33:52.051,0.93118,0.93132,2.62,1.25
2018.02.04 23:33:52.732,0.93118,0.93132,1.88,1.25
2018.02.04 23:33:53.280,0.93118,0.93132,1.88,1.25
2018.02.04 23:33:53.851,0.93118,0.93132,1.88,1.25
2018.02.04 23:33:54.791,0.93118,0.93132,1.25,1.25
2018.02.04 23:33:55.535,0.93117,0.93132,2.81,1.25
2018.02.04 23:33:56.108,0.93118,0.93132,1.25,1.25
2018.02.04 23:33:56.990,0.93118,0.93132,1.88,1.07
2018.02.04 23:33:57.148,0.9312,0.93132,1.31,1.25
2018.02.04 23:33:57.660,0.93121,0.93132,1.31,1.25
2018.02.04 23:33:59.138,0.9312,0.93132,1.31,1.25
2018.02.04 23:34:00.069,0.93121,0.93132,1.31,1.25
2018.02.04 23:34:01.033,0.93121,0.93135,2.06,1.25
2018.02.04 23:34:03.753,0.93121,0.93135,1.25,1.25
2018.02.04 23:34:04.359,0.93121,0.93135,2.06,1.25
2018.02.04 23:34:06.460,0.93121,0.93135,1.00,1.31
2018.02.04 23:34:07.000,0.9312,0.93134,1.12,1.25
2018.02.04 23:34:07.511,0.9312,0.93134,1.25,1.19
2018.02.04 23:34:12.300,0.93118,0.93132,1.25,1.00
2018.02.04 23:34:12.899,0.93118,0.93134,1.88,1.19
2018.02.04 23:34:13.654,0.93118,0.93132,1.88,1.00
2018.02.04 23:34:18.804,0.93117,0.93131,1.44,1.00
2018.02.04 23:34:19.364,0.93114,0.93131,1.19,2.81
2018.02.04 23:34:19.915,0.93114,0.93131,1.19,2.50
2018.02.04 23:34:22.896,0.93113,0.93131,1.88,3.00
2018.02.04 23:34:28.415,0.93113,0.93131,1.69,5.06
2018.02.04 23:34:29.479,0.93113,0.9313,1.25,1.69
2018.02.04 23:34:31.791,0.93113,0.9313,1.25,1.31
2018.02.04 23:34:32.370,0.93113,0.9313,1.25,1.31
2018.02.04 23:34:40.472,0.93113,0.93131,1.69,3.56
2018.02.04 23:34:41.035,0.93114,0.93131,1.00,3.75
2018.02.04 23:34:41.916,0.93113,0.93131,1.69,3.56
2018.02.04 23:34:42.468,0.93114,0.93131,1.00,3.75
2018.02.04 23:34:43.367,0.93113,0.93131,1.69,3.56
2018.02.04 23:34:43.902,0.93113,0.93131,1.88,3.56
2018.02.04 23:34:45.983,0.93113,0.93131,2.44,3.56
2018.02.04 23:34:46.539,0.93114,0.93131,1.00,3.56
2018.02.04 23:34:48.532,0.93116,0.9313,3.00,1.00
2018.02.04 23:34:50.106,0.93116,0.9313,1.69,1.00
2018.02.04 23:34:50.613,0.93116,0.9313,2.63,1.00
2018.02.04 23:34:53.409,0.93116,0.93131,2.63,1.25
2018.02.04 23:34:54.069,0.9312,0.93136,1.25,5.06
2018.02.04 23:34:55.579,0.9312,0.93136,2.25,1.19
2018.02.04 23:34:56.206,0.93122,0.93136,1.00,1.19
2018.02.04 23:35:00.814,0.93121,0.93135,1.25,1.25
2018.02.04 23:35:06.801,0.93121,0.93135,1.00,1.44
2018.02.04 23:35:07.781,0.93121,0.93135,1.00,1.12
2018.02.04 23:35:11.341,0.93121,0.93135,1.00,1.50
2018.02.04 23:35:16.700,0.93121,0.93135,1.00,1.12
2018.02.04 23:35:21.358,0.93122,0.93136,1.00,2.06
2018.02.04 23:35:26.715,0.93123,0.93137,1.00,1.25
2018.02.04 23:35:27.242,0.93123,0.93137,1.69,1.00
2018.02.04 23:35:27.781,0.93123,0.93137,1.00,1.00
2018.02.04 23:35:44.849,0.93125,0.93139,1.00,1.31
2018.02.04 23:35:45.058,0.93121,0.93138,2.62,3.00
2018.02.04 23:35:45.113,0.93122,0.93136,1.00,1.00
2018.02.04 23:35:52.136,0.93121,0.93137,1.00,2.62
2018.02.04 23:36:00.159,0.93121,0.93135,1.00,2.25
2018.02.04 23:36:00.670,0.93121,0.93135,1.00,1.69
2018.02.04 23:36:03.092,0.93122,0.93135,1.00,1.31
2018.02.04 23:36:11.879,0.93122,0.93135,1.00,1.31
2018.02.04 23:36:24.415,0.9312,0.93134,1.00,1.19
2018.02.04 23:36:32.331,0.93122,0.93135,1.00,2.14
2018.02.04 23:36:32.651,0.93128,0.93143,1.00,2.52
2018.02.04 23:36:32.963,0.9313,0.93141,1.00,1.29
2018.02.04 23:36:34.438,0.93129,0.93141,1.00,1.20
2018.02.04 23:36:34.983,0.9313,0.93141,1.00,1.20
2018.02.04 23:36:36.319,0.93129,0.93141,1.00,1.20
2018.02.04 23:36:36.926,0.93127,0.93142,1.00,2.89
2018.02.04 23:36:37.029,0.93126,0.93141,1.00,5.33
2018.02.04 23:36:37.132,0.93123,0.93138,1.00,1.44
2018.02.04 23:36:37.400,0.93124,0.9314,1.00,1.77
2018.02.04 23:36:37.987,0.93124,0.93139,1.00,1.58
2018.02.04 23:36:39.069,0.93121,0.93139,1.69,1.77
2018.02.04 23:36:39.228,0.93119,0.93134,1.50,1.94
2018.02.04 23:36:39.541,0.93113,0.93131,1.69,1.31
2018.02.04 23:36:45.023,0.93112,0.93123,1.19,1.37
2018.02.04 23:36:45.148,0.9311,0.93122,2.25,1.00
2018.02.04 23:36:45.210,0.93105,0.93121,1.19,1.00
2018.02.04 23:36:45.265,0.93104,0.9312,1.31,1.37
2018.02.04 23:36:45.370,0.931,0.93116,1.69,1.12
2018.02.04 23:36:45.423,0.93098,0.93111,1.50,2.06
2018.02.04 23:36:45.476,0.93092,0.93111,2.62,4.31
2018.02.04 23:36:48.717,0.93091,0.9311,5.44,1.25
2018.02.04 23:36:51.900,0.93091,0.9311,5.06,1.19
2018.02.04 23:36:57.733,0.93092,0.9311,1.37,1.56
2018.02.04 23:36:58.267,0.93092,0.93111,1.44,3.74
2018.02.04 23:37:00.224,0.93092,0.9311,1.42,1.56
2018.02.04 23:37:00.755,0.93092,0.9311,1.42,1.56
2018.02.04 23:37:01.284,0.93092,0.9311,1.80,1.19
2018.02.04 23:37:01.824,0.93093,0.9311,1.00,1.19
2018.02.04 23:37:10.210,0.93092,0.93111,1.61,2.44
2018.02.04 23:37:11.213,0.93092,0.93111,1.44,2.44
2018.02.04 23:37:12.677,0.93092,0.93111,1.61,3.19
2018.02.04 23:37:15.037,0.93092,0.93111,1.67,4.87
2018.02.04 23:37:15.919,0.93091,0.93111,3.60,1.19
2018.02.04 23:37:17.210,0.93091,0.93111,4.16,2.44
2018.02.04 23:37:27.510,0.93089,0.93107,5.10,1.19
2018.02.04 23:37:27.823,0.93091,0.93107,1.54,1.50
2018.02.04 23:37:27.980,0.93099,0.93111,1.00,1.00
2018.02.04 23:37:28.086,0.93092,0.9311,1.54,2.06
2018.02.04 23:37:28.139,0.93094,0.93111,1.31,2.06
2018.02.04 23:37:28.192,0.93094,0.93112,2.06,1.31
2018.02.04 23:37:35.630,0.93094,0.93103,1.00,1.19
2018.02.04 23:37:35.684,0.93091,0.93103,2.10,1.19
2018.02.04 23:37:36.216,0.93092,0.93104,1.30,1.31
2018.02.04 23:37:53.973,0.93092,0.93103,1.30,1.25
2018.02.04 23:38:00.026,0.93092,0.93104,1.30,1.31
2018.02.04 23:38:02.285,0.93091,0.93102,2.06,1.25
2018.02.04 23:38:03.075,0.93092,0.93102,1.00,1.25
2018.02.04 23:38:07.126,0.93091,0.93102,2.06,1.25
2018.02.04 23:38:07.645,0.93092,0.93102,1.00,1.25
2018.02.04 23:38:08.112,0.93089,0.931,4.35,1.00
2018.02.04 23:38:08.322,0.93092,0.93105,2.06,2.06
2018.02.04 23:38:08.589,0.93091,0.93103,1.00,1.19
2018.02.04 23:38:09.123,0.93088,0.93104,1.72,1.19
2018.02.04 23:38:10.696,0.93088,0.93104,1.54,1.19
2018.02.04 23:38:11.203,0.93088,0.93104,1.54,1.19
2018.02.04 23:38:16.688,0.93085,0.93102,2.29,1.69
2018.02.04 23:38:17.214,0.93083,0.931,4.35,1.31
2018.02.04 23:38:22.784,0.93082,0.931,4.54,2.25
2018.02.04 23:38:23.331,0.93083,0.93099,1.04,1.50
2018.02.04 23:38:32.190,0.93082,0.931,1.91,2.06
2018.02.04 23:38:32.830,0.93082,0.931,1.91,2.25
2018.02.04 23:38:35.197,0.93082,0.931,1.16,2.06
2018.02.04 23:38:51.990,0.93086,0.93101,1.41,3.56
2018.02.04 23:38:53.988,0.93086,0.931,1.91,1.12
2018.02.04 23:38:54.516,0.93086,0.931,1.41,1.12
2018.02.04 23:39:00.076,0.93086,0.931,1.24,1.12
2018.02.04 23:39:01.318,0.93086,0.93101,1.41,1.31
2018.02.04 23:39:02.828,0.93086,0.93101,1.91,2.24
2018.02.04 23:39:03.333,0.93086,0.93101,1.91,3.18
2018.02.04 23:39:14.293,0.93086,0.93101,1.91,2.44
2018.02.04 23:39:14.826,0.93086,0.931,3.04,1.00
2018.02.04 23:39:15.440,0.93086,0.931,3.04,1.69
2018.02.04 23:39:16.442,0.93086,0.931,3.04,1.69
2018.02.04 23:39:23.470,0.93086,0.93101,2.29,1.32
2018.02.04 23:39:23.976,0.93087,0.93101,1.54,1.50
2018.02.04 23:39:24.770,0.93087,0.93101,2.25,1.32
2018.02.04 23:39:26.666,0.93087,0.93101,2.66,2.25
2018.02.04 23:39:27.041,0.9309,0.93101,1.19,1.19
2018.02.04 23:39:27.359,0.93095,0.93107,1.69,1.19
2018.02.04 23:39:27.587,0.93094,0.93111,2.44,3.00
2018.02.04 23:39:28.109,0.93096,0.9311,2.25,1.44
2018.02.04 23:39:42.554,0.93096,0.9311,1.19,1.13
2018.02.04 23:39:43.642,0.93096,0.93109,1.19,1.00
2018.02.04 23:39:44.214,0.93096,0.9311,1.19,1.12
2018.02.04 23:39:55.440,0.93094,0.9311,1.31,1.69
2018.02.04 23:40:00.072,0.93097,0.9311,1.25,1.50
2018.02.04 23:40:05.045,0.93095,0.93108,1.25,2.44
2018.02.04 23:40:05.371,0.93096,0.9311,2.62,2.62
2018.02.04 23:40:29.972,0.93097,0.9311,1.31,1.69
2018.02.04 23:40:31.797,0.93098,0.9311,1.12,1.25
2018.02.04 23:40:32.136,0.93102,0.93116,1.69,1.25
2018.02.04 23:40:48.434,0.93101,0.93112,1.00,1.12
2018.02.04 23:40:48.555,0.93099,0.93111,1.31,1.00
2018.02.04 23:40:48.609,0.93103,0.93117,1.00,1.44
2018.02.04 23:40:49.098,0.93103,0.93117,1.25,1.19
2018.02.04 23:40:53.766,0.93103,0.93119,1.19,1.31
2018.02.04 23:40:53.923,0.93105,0.9312,1.31,1.25
2018.02.04 23:40:53.977,0.93105,0.93122,2.44,1.25
2018.02.04 23:40:54.030,0.93106,0.93122,1.25,1.19
2018.02.04 23:40:54.343,0.93107,0.93124,1.19,1.31
2018.02.04 23:41:02.950,0.93103,0.93121,3.19,1.87
2018.02.04 23:41:06.469,0.93103,0.93119,1.31,1.25
2018.02.04 23:41:06.781,0.93103,0.93118,1.31,1.19
2018.02.04 23:41:07.466,0.93103,0.93117,1.00,2.06
2018.02.04 23:41:07.571,0.93098,0.93113,2.81,1.87
2018.02.04 23:41:07.623,0.93098,0.93113,1.25,1.31
2018.02.04 23:41:27.379,0.93095,0.9311,1.31,1.50
2018.02.04 23:41:27.432,0.93095,0.9311,1.31,1.69
2018.02.04 23:41:27.589,0.93096,0.9311,1.19,2.06
2018.02.04 23:41:29.122,0.93094,0.93109,4.50,1.19
2018.02.04 23:41:29.615,0.93094,0.93108,3.97,1.19
2018.02.04 23:41:36.386,0.93094,0.9311,2.81,1.69
2018.02.04 23:41:48.485,0.93094,0.93108,1.69,1.19
2018.02.04 23:41:49.308,0.93094,0.93108,2.62,1.19
2018.02.04 23:41:56.230,0.93094,0.93109,3.37,1.19
2018.02.04 23:41:57.026,0.93095,0.93108,1.50,1.19
2018.02.04 23:41:57.563,0.93095,0.93108,1.50,1.19
2018.02.04 23:41:58.420,0.93095,0.93108,1.50,1.19
2018.02.04 23:41:59.000,0.93095,0.93108,1.50,1.19
2018.02.04 23:41:59.533,0.93095,0.93108,1.31,1.19
2018.02.04 23:42:01.900,0.93095,0.93108,1.50,1.19
2018.02.04 23:42:02.210,0.93093,0.93105,1.87,1.69
2018.02.04 23:42:02.261,0.93091,0.93105,1.00,1.87
2018.02.04 23:42:02.776,0.93089,0.93105,1.12,3.75
2018.02.04 23:42:07.741,0.93086,0.93101,2.44,1.12
2018.02.04 23:42:08.288,0.93086,0.931,1.19,1.25
2018.02.04 23:42:09.550,0.93085,0.93099,1.19,1.00
2018.02.04 23:42:09.603,0.93085,0.93099,1.00,1.19
2018.02.04 23:42:10.416,0.93086,0.93099,1.00,1.19
2018.02.04 23:42:10.990,0.93083,0.93099,1.87,1.19
2018.02.04 23:42:12.126,0.93083,0.931,1.69,2.25
2018.02.04 23:42:12.283,0.93081,0.93097,1.25,1.19
2018.02.04 23:42:12.599,0.93086,0.93104,1.31,5.25
2018.02.04 23:42:13.651,0.93083,0.93102,2.81,3.75
2018.02.04 23:42:23.925,0.93086,0.93101,2.25,1.19
2018.02.04 23:42:23.977,0.93085,0.93101,3.00,1.25
2018.02.04 23:42:25.061,0.93084,0.93101,1.44,1.12
2018.02.04 23:42:25.501,0.93083,0.93101,1.12,2.06
2018.02.04 23:42:26.030,0.93084,0.93101,1.87,1.31
2018.02.04 23:42:32.230,0.93085,0.93102,1.69,2.06
2018.02.04 23:42:32.749,0.93084,0.93102,1.87,3.56
2018.02.04 23:42:33.870,0.93085,0.93102,1.50,1.19
2018.02.04 23:42:37.355,0.93087,0.93104,3.19,1.19
2018.02.04 23:42:37.866,0.93089,0.93103,1.00,1.25
2018.02.04 23:42:48.211,0.93089,0.93103,1.12,1.69
2018.02.04 23:42:48.266,0.93084,0.93101,1.12,1.69
2018.02.04 23:42:48.846,0.93085,0.93099,1.31,1.25
2018.02.04 23:43:00.098,0.93084,0.93098,1.00,1.25
2018.02.04 23:43:01.717,0.93084,0.93098,1.00,2.06
2018.02.04 23:43:02.611,0.93084,0.93098,1.00,2.06
2018.02.04 23:43:03.115,0.93084,0.93098,1.00,2.06
2018.02.04 23:43:03.917,0.93084,0.93098,1.00,2.06
2018.02.04 23:43:16.090,0.93081,0.93094,1.69,1.31
2018.02.04 23:43:16.407,0.93086,0.93098,1.00,1.19
2018.02.04 23:43:17.749,0.93088,0.93099,1.00,1.00
2018.02.04 23:43:18.794,0.93088,0.931,1.25,1.25
2018.02.04 23:43:20.068,0.93087,0.93097,1.00,1.25
2018.02.04 23:43:20.711,0.93088,0.93098,1.00,1.69
2018.02.04 23:43:24.774,0.93088,0.93098,1.00,1.50
2018.02.04 23:43:25.077,0.93088,0.931,1.69,1.00
2018.02.04 23:43:25.585,0.93088,0.93101,1.69,2.44
2018.02.04 23:43:27.442,0.93089,0.93102,4.31,1.50
2018.02.04 23:43:27.601,0.93088,0.93102,2.44,1.87
2018.02.04 23:43:28.244,0.93088,0.93101,1.69,1.00
2018.02.04 23:43:28.477,0.93091,0.93104,1.69,1.25
2018.02.04 23:43:28.581,0.93091,0.93106,1.69,3.94
2018.02.04 23:43:28.686,0.93093,0.93103,1.00,1.00
2018.02.04 23:43:29.585,0.93093,0.93105,1.00,1.00
2018.02.04 23:43:35.010,0.93093,0.93104,1.00,1.00
2018.02.04 23:43:41.487,0.93093,0.93102,1.00,1.00
2018.02.04 23:43:41.691,0.93093,0.93106,1.00,1.69
2018.02.04 23:43:42.014,0.93095,0.93108,1.19,1.50
2018.02.04 23:43:45.650,0.93095,0.93109,1.19,1.50
2018.02.04 23:43:48.520,0.93097,0.93109,1.00,1.00
2018.02.04 23:43:50.430,0.93097,0.9311,1.00,2.06
2018.02.04 23:43:52.261,0.93097,0.9311,1.00,2.06
2018.02.04 23:43:53.253,0.93098,0.9311,1.19,1.87
2018.02.04 23:43:58.648,0.93098,0.9311,1.19,1.87
2018.02.04 23:44:01.973,0.931,0.93114,1.31,3.19
2018.02.04 23:44:02.024,0.931,0.93114,2.06,2.06
2018.02.04 23:44:02.076,0.93104,0.93118,1.19,4.12
2018.02.04 23:44:02.180,0.93107,0.93121,1.19,1.87
2018.02.04 23:44:02.232,0.9311,0.93121,1.25,1.00
2018.02.04 23:44:02.284,0.9311,0.93123,1.25,1.00
2018.02.04 23:44:02.492,0.9311,0.9312,1.00,1.12
2018.02.04 23:44:02.546,0.93101,0.9312,1.69,3.00
2018.02.04 23:44:02.703,0.93101,0.93117,2.06,1.19
2018.02.04 23:44:03.152,0.93103,0.93117,1.00,1.25
2018.02.04 23:44:03.703,0.93103,0.93118,1.00,1.25
2018.02.04 23:44:04.046,0.93105,0.93119,1.00,1.69
2018.02.04 23:44:05.157,0.93106,0.93119,1.00,1.25
2018.02.04 23:44:05.474,0.93106,0.93116,1.00,2.44
2018.02.04 23:44:18.425,0.93106,0.9312,1.00,5.44
2018.02.04 23:44:18.478,0.93107,0.93116,1.00,1.50
2018.02.04 23:44:18.797,0.93105,0.93116,1.12,1.50
2018.02.04 23:44:19.976,0.93106,0.93116,1.25,1.50
2018.02.04 23:44:29.973,0.93105,0.93116,1.69,1.87
2018.02.04 23:44:32.785,0.93106,0.93116,1.00,1.87
2018.02.04 23:44:37.112,0.93102,0.9311,1.50,1.12
2018.02.04 23:44:37.941,0.931,0.93108,1.00,1.87
2018.02.04 23:44:38.051,0.931,0.93111,1.00,1.19
2018.02.04 23:44:38.148,0.931,0.93108,1.00,1.12
2018.02.04 23:44:38.311,0.93097,0.93108,1.19,1.50
2018.02.04 23:44:38.365,0.93095,0.93107,1.00,1.00
2018.02.04 23:44:38.471,0.93093,0.93107,1.25,4.31
2018.02.04 23:44:38.797,0.93094,0.93103,1.00,1.50
2018.02.04 23:44:38.957,0.9309,0.93103,1.00,3.37
2018.02.04 23:44:43.050,0.93094,0.93106,1.00,3.37
2018.02.04 23:44:43.104,0.93094,0.93107,1.00,1.25
2018.02.04 23:44:43.210,0.93096,0.93108,1.00,1.00
2018.02.04 23:44:43.836,0.93096,0.93107,1.00,2.25
2018.02.04 23:44:44.360,0.93097,0.93108,1.00,1.12
2018.02.04 23:44:50.525,0.93097,0.93109,1.00,2.25
2018.02.04 23:44:52.468,0.93097,0.93108,1.00,1.12
2018.02.04 23:44:55.145,0.93097,0.93109,1.00,2.25
2018.02.04 23:44:56.319,0.93097,0.93108,1.00,1.12
2018.02.04 23:45:02.844,0.93097,0.93107,1.00,1.12
2018.02.04 23:45:05.885,0.93097,0.93108,1.00,1.12
2018.02.04 23:45:09.917,0.93097,0.93107,1.25,1.12
2018.02.04 23:45:14.769,0.93097,0.93108,1.25,1.12
2018.02.04 23:45:15.288,0.93097,0.93107,1.25,1.12
2018.02.04 23:45:20.150,0.93097,0.93108,1.25,1.87
2018.02.04 23:45:21.038,0.93097,0.93107,1.25,1.12
2018.02.04 23:45:23.517,0.93097,0.93108,1.25,1.12
2018.02.04 23:45:30.730,0.93097,0.93109,1.69,1.12
2018.02.04 23:45:31.252,0.93098,0.93108,1.00,1.12
2018.02.04 23:45:41.306,0.93098,0.93107,1.00,1.12
2018.02.04 23:45:41.816,0.93098,0.93108,1.00,1.87
2018.02.04 23:45:42.815,0.93098,0.93107,1.00,1.12
2018.02.04 23:45:49.233,0.93098,0.93108,1.00,1.12
2018.02.04 23:45:53.560,0.93096,0.93104,1.00,1.12
2018.02.04 23:45:53.613,0.93094,0.93108,1.69,1.69
2018.02.04 23:45:53.666,0.93097,0.93109,1.25,2.06
2018.02.04 23:45:54.725,0.93097,0.9311,1.25,1.50
2018.02.04 23:46:02.078,0.93097,0.9311,1.25,1.50
2018.02.04 23:46:03.281,0.93099,0.93111,1.00,4.31
2018.02.04 23:46:15.871,0.93099,0.93111,1.25,3.00
2018.02.04 23:46:30.710,0.93099,0.9311,1.25,1.25
2018.02.04 23:46:33.835,0.93099,0.9311,1.25,1.19
2018.02.04 23:46:34.479,0.93099,0.9311,1.25,1.25
2018.02.04 23:46:40.140,0.93099,0.93111,1.25,3.00
2018.02.04 23:46:41.316,0.93099,0.93111,1.25,3.00
2018.02.04 23:46:44.516,0.93101,0.9311,1.00,1.00
2018.02.04 23:47:44.539,0.93098,0.9311,1.69,1.00
2018.02.04 23:47:47.524,0.93098,0.93111,1.19,3.37
2018.02.04 23:47:48.071,0.93098,0.9311,1.19,1.00
2018.02.04 23:48:00.833,0.93097,0.93108,1.00,1.00
2018.02.04 23:48:01.637,0.93097,0.93109,1.00,1.44
2018.02.04 23:48:07.020,0.93097,0.9311,1.69,1.31
2018.02.04 23:48:07.184,0.93096,0.93107,1.00,3.37
2018.02.04 23:48:07.909,0.93096,0.93108,1.00,2.25
2018.02.04 23:48:11.367,0.93096,0.93109,1.00,1.50
2018.02.04 23:48:15.611,0.93093,0.93102,1.25,1.50
2018.02.04 23:48:16.161,0.93092,0.93101,1.00,1.00
2018.02.04 23:48:18.262,0.93092,0.93102,1.00,2.25
2018.02.04 23:48:18.370,0.93092,0.93106,1.31,1.31
2018.02.04 23:48:18.425,0.93093,0.93106,2.81,1.50
2018.02.04 23:48:18.741,0.93097,0.93108,1.00,1.31
2018.02.04 23:48:18.866,0.93099,0.93111,1.00,3.56
2018.02.04 23:48:20.815,0.93099,0.93109,1.00,1.69
2018.02.04 23:48:23.389,0.93099,0.9311,1.00,1.50
2018.02.04 23:48:25.126,0.93101,0.93112,1.00,1.00
2018.02.04 23:48:25.230,0.93101,0.93115,1.00,1.50
2018.02.04 23:48:26.284,0.93103,0.93115,1.00,1.87
2018.02.04 23:48:41.680,0.93103,0.93116,1.00,2.06
2018.02.04 23:48:42.023,0.93103,0.93112,1.00,1.00
2018.02.04 23:48:42.076,0.93103,0.93115,1.00,2.25
2018.02.04 23:48:42.597,0.93103,0.93115,1.00,1.87
2018.02.04 23:48:49.387,0.93105,0.93115,1.00,1.50
2018.02.04 23:48:49.540,0.93105,0.93118,1.12,1.37
2018.02.04 23:48:49.804,0.93107,0.93118,1.00,1.62
2018.02.04 23:48:50.384,0.93106,0.93118,1.12,1.62
2018.02.04 23:48:52.513,0.93106,0.93119,1.87,1.50
2018.02.04 23:48:53.062,0.93107,0.9312,2.25,3.37
2018.02.04 23:49:06.314,0.93108,0.9312,1.50,2.62
2018.02.04 23:49:32.240,0.93108,0.9312,1.87,1.00
2018.02.04 23:49:34.291,0.9311,0.93124,2.25,1.00
2018.02.04 23:49:34.594,0.93111,0.93123,1.12,1.50
2018.02.04 23:49:34.646,0.93111,0.93125,1.50,1.23
2018.02.04 23:49:35.283,0.93111,0.93126,2.25,2.23
2018.02.04 23:49:35.796,0.93111,0.93125,3.00,1.23
2018.02.04 23:49:36.509,0.93111,0.93126,2.25,2.23
2018.02.04 23:49:38.032,0.93111,0.93126,2.25,2.23
2018.02.04 23:49:38.548,0.93111,0.93125,3.00,1.00
2018.02.04 23:49:38.964,0.93111,0.93124,1.87,1.67
2018.02.04 23:49:41.463,0.93111,0.93124,1.87,1.86
2018.02.04 23:49:42.019,0.93111,0.93124,3.00,1.86
2018.02.04 23:49:43.687,0.93112,0.93124,1.00,1.86
2018.02.04 23:49:44.199,0.93111,0.93124,3.00,1.86
2018.02.04 23:49:47.684,0.93111,0.93124,1.87,1.50
2018.02.04 23:49:50.093,0.93111,0.93124,3.00,1.50
2018.02.04 23:50:03.727,0.9311,0.9312,1.00,1.50
2018.02.04 23:50:03.882,0.93115,0.93126,1.00,1.50
2018.02.04 23:50:03.933,0.93115,0.93128,1.00,1.00
2018.02.04 23:50:04.036,0.93115,0.93128,1.00,1.69
2018.02.04 23:50:04.484,0.93115,0.93128,1.00,1.00
2018.02.04 23:50:04.536,0.93117,0.93128,1.00,1.00
2018.02.04 23:50:05.043,0.93117,0.93128,1.00,1.87
2018.02.04 23:50:05.806,0.93117,0.93128,1.00,1.87
2018.02.04 23:50:15.945,0.93119,0.93129,1.00,1.00
2018.02.04 23:50:15.997,0.93118,0.93132,1.00,1.44
2018.02.04 23:50:16.050,0.93118,0.93134,1.50,1.00
2018.02.04 23:50:16.472,0.93118,0.93132,1.00,1.25
2018.02.04 23:50:16.804,0.93117,0.93131,1.00,1.31
2018.02.04 23:50:17.341,0.93116,0.93131,1.00,2.06
2018.02.04 23:50:17.919,0.93116,0.93131,1.00,1.62
2018.02.04 23:50:18.449,0.93116,0.93131,1.12,1.56
2018.02.04 23:50:19.146,0.93116,0.9313,1.00,1.56
2018.02.04 23:50:19.542,0.93116,0.93128,1.00,2.06
2018.02.04 23:50:20.048,0.93116,0.93128,1.00,1.44
2018.02.04 23:50:20.562,0.93116,0.93128,1.00,2.06
2018.02.04 23:50:21.070,0.93116,0.93128,1.00,2.06
2018.02.04 23:50:25.870,0.93116,0.93128,1.00,2.06
2018.02.04 23:50:26.503,0.93116,0.93128,1.00,2.06
2018.02.04 23:50:28.784,0.93116,0.9313,1.50,2.06
2018.02.04 23:50:28.837,0.93117,0.93132,1.50,1.12
2018.02.04 23:50:29.677,0.93118,0.93132,1.12,1.44
2018.02.04 23:50:30.381,0.93119,0.93133,1.00,1.44
2018.02.04 23:50:37.997,0.93119,0.93135,1.00,1.37
2018.02.04 23:50:43.101,0.93119,0.93135,1.00,1.56
2018.02.04 23:50:43.686,0.93119,0.93135,1.00,1.56
2018.02.04 23:50:48.737,0.93119,0.93135,1.00,2.06
2018.02.04 23:50:57.851,0.93119,0.93135,1.00,2.06
2018.02.04 23:50:58.652,0.93119,0.93135,1.00,2.06
2018.02.04 23:51:00.505,0.93119,0.93135,1.12,2.06
2018.02.04 23:51:01.293,0.93119,0.93135,1.12,1.62
2018.02.04 23:51:02.002,0.93119,0.93135,1.12,2.06
2018.02.04 23:51:03.111,0.93119,0.93135,1.00,1.56
2018.02.04 23:51:03.627,0.93119,0.93134,1.12,1.25
2018.02.04 23:51:04.034,0.93119,0.93134,1.12,1.31
2018.02.04 23:51:05.241,0.93119,0.93134,1.12,1.31
2018.02.04 23:51:05.913,0.93119,0.93134,1.12,1.31
2018.02.04 23:51:06.295,0.93119,0.93134,1.12,1.12
2018.02.04 23:51:06.883,0.93119,0.93134,1.00,1.31
2018.02.04 23:51:07.947,0.93119,0.93134,1.00,1.12
2018.02.04 23:51:08.384,0.93119,0.93134,1.00,1.31
2018.02.04 23:51:09.599,0.93119,0.93134,1.00,1.31
2018.02.04 23:51:10.207,0.93119,0.93134,1.00,1.62
2018.02.04 23:51:14.310,0.93119,0.93134,1.00,1.44
2018.02.04 23:51:14.835,0.93119,0.93134,1.00,1.31
2018.02.04 23:51:15.362,0.93119,0.93134,1.00,1.25
2018.02.04 23:51:15.684,0.93119,0.93134,1.00,1.56
2018.02.04 23:51:16.796,0.93119,0.93134,1.50,2.06
2018.02.04 23:51:17.479,0.9312,0.93134,1.00,2.06
2018.02.04 23:51:18.010,0.93119,0.93134,1.00,1.87
2018.02.04 23:51:18.529,0.93119,0.93134,1.00,1.69
2018.02.04 23:51:19.131,0.93119,0.93134,1.00,1.87
2018.02.04 23:51:25.015,0.93119,0.93134,1.50,2.06
2018.02.04 23:51:25.516,0.93121,0.93134,1.00,1.87
2018.02.04 23:51:31.758,0.93122,0.93134,1.00,1.69
2018.02.04 23:51:32.966,0.93123,0.93135,1.00,1.12
2018.02.04 23:51:33.719,0.93123,0.93136,1.00,1.00
2018.02.04 23:51:40.948,0.93123,0.93137,1.00,2.62
2018.02.04 23:51:41.678,0.93124,0.93137,1.00,1.50
2018.02.04 23:51:46.289,0.93124,0.93138,1.00,2.62
2018.02.04 23:51:48.213,0.93124,0.93137,1.00,1.00
2018.02.04 23:51:56.434,0.93124,0.93138,1.00,1.87
2018.02.04 23:51:57.132,0.93124,0.93137,1.00,1.00
2018.02.04 23:51:59.628,0.93124,0.93136,1.00,1.00
2018.02.04 23:52:00.937,0.93124,0.93134,1.00,1.69
2018.02.04 23:52:12.730,0.93123,0.93134,1.00,1.12
2018.02.04 23:52:42.135,0.93125,0.93137,1.00,1.25
2018.02.04 23:52:50.548,0.93125,0.93138,1.00,1.12
2018.02.04 23:53:03.125,0.93125,0.93138,1.00,1.43
2018.02.04 23:53:05.433,0.93125,0.93139,1.00,4.87
2018.02.04 23:53:08.615,0.93126,0.93138,1.00,1.12
2018.02.04 23:53:09.346,0.93126,0.93138,1.00,1.19
2018.02.04 23:53:13.092,0.93126,0.93139,1.00,2.62
2018.02.04 23:53:16.988,0.93126,0.93139,1.00,2.62
2018.02.04 23:53:38.280,0.93126,0.93139,1.00,2.99
2018.02.04 23:53:51.773,0.93126,0.93137,1.00,1.19
2018.02.04 23:53:54.602,0.93125,0.93137,1.00,1.87
2018.02.04 23:53:59.523,0.93125,0.93137,1.00,2.06
2018.02.04 23:54:00.028,0.93125,0.93137,1.00,2.06
2018.02.04 23:54:00.530,0.93125,0.93137,1.00,1.12
2018.02.04 23:54:04.902,0.93125,0.93138,1.00,1.50
2018.02.04 23:54:05.457,0.93126,0.93138,1.00,2.62
2018.02.04 23:54:08.225,0.93126,0.93137,1.00,1.87
2018.02.04 23:54:08.581,0.93126,0.93138,1.00,1.50
2018.02.04 23:54:08.633,0.93126,0.93137,1.00,1.19
2018.02.04 23:54:09.147,0.93126,0.93137,1.00,1.87
2018.02.04 23:54:09.763,0.93126,0.93137,1.00,2.06
2018.02.04 23:54:10.424,0.93126,0.93137,1.00,2.06
2018.02.04 23:54:30.422,0.93126,0.93134,1.00,1.00
2018.02.04 23:54:31.029,0.93126,0.93136,1.00,1.44
2018.02.04 23:54:32.640,0.93126,0.93136,1.00,1.56
2018.02.04 23:54:32.691,0.93123,0.93134,1.00,2.06
2018.02.04 23:54:32.794,0.93124,0.93136,1.00,1.31
2018.02.04 23:54:32.896,0.93124,0.93138,1.00,3.94
2018.02.04 23:54:33.426,0.93124,0.93136,1.00,1.12
2018.02.04 23:54:33.717,0.93124,0.93138,1.00,2.62
2018.02.04 23:54:33.870,0.93124,0.93137,1.00,1.44
2018.02.04 23:54:40.135,0.93126,0.93139,1.00,2.81
2018.02.04 23:54:40.645,0.93126,0.93139,1.00,1.31
2018.02.04 23:54:41.173,0.93126,0.93139,1.00,2.25
2018.02.04 23:54:42.298,0.93126,0.93137,1.00,1.69
2018.02.04 23:54:42.603,0.93126,0.93138,1.00,1.25
2018.02.04 23:54:43.548,0.93126,0.93138,1.00,1.87
2018.02.04 23:54:45.686,0.93126,0.93139,1.00,3.37
2018.02.04 23:54:46.608,0.93126,0.93137,1.00,1.19
2018.02.04 23:54:49.215,0.93126,0.93138,1.00,1.25
2018.02.04 23:54:53.552,0.93129,0.93141,1.00,1.50
2018.02.04 23:54:53.605,0.93132,0.93145,1.00,1.69
2018.02.04 23:54:53.657,0.93132,0.93146,1.00,3.19
2018.02.04 23:54:53.709,0.93132,0.93146,1.00,1.91
2018.02.04 23:54:53.863,0.93132,0.93144,1.00,1.19
2018.02.04 23:54:54.119,0.93132,0.93146,1.00,2.47
2018.02.04 23:54:54.171,0.93129,0.93146,1.12,1.72
2018.02.04 23:54:54.222,0.93129,0.93144,1.12,1.00
2018.02.04 23:54:54.793,0.9313,0.93145,1.00,1.44
2018.02.04 23:54:55.300,0.9313,0.93146,1.00,3.37
2018.02.04 23:55:01.087,0.9313,0.93146,1.50,3.37
2018.02.04 23:55:11.405,0.9313,0.93146,1.00,3.75
2018.02.04 23:55:11.950,0.9313,0.93146,1.00,3.19
2018.02.04 23:55:12.469,0.9313,0.93146,1.00,4.12
2018.02.04 23:55:14.987,0.9313,0.93146,1.00,3.00
2018.02.04 23:55:23.010,0.9313,0.93145,1.12,1.62
2018.02.04 23:55:23.543,0.9313,0.93145,1.12,1.62
2018.02.04 23:55:24.056,0.9313,0.93146,1.00,3.37
2018.02.04 23:55:25.052,0.93132,0.93146,1.00,4.12
2018.02.04 23:55:25.553,0.93131,0.93146,1.50,3.37
2018.02.04 23:55:30.780,0.93131,0.93146,1.50,3.37
2018.02.04 23:55:34.971,0.93131,0.93145,1.00,2.06
2018.02.04 23:55:35.278,0.93129,0.93137,1.00,1.44
2018.02.04 23:55:35.330,0.93123,0.93137,1.00,1.56
2018.02.04 23:55:35.381,0.93119,0.93129,1.00,1.87
2018.02.04 23:55:35.434,0.93117,0.93128,1.12,1.00
2018.02.04 23:55:35.486,0.93114,0.93128,1.12,1.87
2018.02.04 23:55:35.706,0.93114,0.93125,1.00,1.00
2018.02.04 23:55:35.757,0.93109,0.93125,1.00,1.50
2018.02.04 23:55:37.165,0.93111,0.93125,1.00,2.44
2018.02.04 23:55:47.282,0.93105,0.9312,1.00,1.50
2018.02.04 23:55:47.798,0.93102,0.9312,5.06,2.06
2018.02.04 23:55:47.997,0.93102,0.9312,2.06,2.25
2018.02.04 23:55:48.880,0.931,0.93117,1.12,1.69
2018.02.04 23:55:49.443,0.93098,0.93117,3.75,1.00
2018.02.04 23:55:51.153,0.93101,0.93117,1.00,1.69
2018.02.04 23:55:51.940,0.93101,0.93116,1.00,1.69
2018.02.04 23:55:52.249,0.93104,0.93116,1.00,1.00
2018.02.04 23:55:52.959,0.93104,0.93117,1.00,1.50
2018.02.04 23:55:53.500,0.93105,0.93117,1.00,2.06
2018.02.04 23:55:57.552,0.931,0.93117,2.25,2.81
2018.02.04 23:55:58.121,0.931,0.93117,1.50,2.81
2018.02.04 23:55:59.102,0.931,0.93117,1.00,2.81
2018.02.04 23:56:09.758,0.931,0.93117,1.00,2.81
2018.02.04 23:56:15.125,0.931,0.93117,1.00,1.25
2018.02.04 23:56:15.628,0.931,0.93117,1.00,2.81
2018.02.04 23:56:16.901,0.931,0.93116,1.69,1.00
2018.02.04 23:56:19.325,0.931,0.93117,1.50,1.50
2018.02.04 23:56:20.909,0.931,0.93117,2.44,2.81
2018.02.04 23:56:21.419,0.931,0.93117,2.44,2.81
2018.02.04 23:56:24.427,0.93101,0.93118,3.37,2.62
2018.02.04 23:56:25.048,0.93101,0.93118,3.60,1.00
2018.02.04 23:56:25.933,0.93102,0.93119,1.31,2.25
2018.02.04 23:56:30.632,0.93102,0.93118,1.12,2.06
2018.02.04 23:56:31.324,0.93102,0.93118,3.75,2.25
2018.02.04 23:56:32.153,0.93102,0.93118,3.75,2.25
2018.02.04 23:56:42.949,0.93102,0.93118,1.12,3.00
2018.02.04 23:56:43.560,0.93102,0.93117,1.00,1.31
2018.02.04 23:56:46.054,0.93102,0.93117,1.00,1.31
2018.02.04 23:56:47.073,0.93102,0.93117,1.00,1.50
2018.02.04 23:56:47.621,0.93101,0.93117,1.00,1.50
2018.02.04 23:56:52.611,0.93101,0.93117,1.12,1.44
2018.02.04 23:56:53.132,0.93101,0.93116,1.12,1.25
2018.02.04 23:56:57.462,0.93101,0.93118,2.25,1.50
2018.02.04 23:56:57.976,0.93101,0.93118,2.62,2.06
2018.02.04 23:56:58.693,0.93103,0.93118,1.12,1.25
2018.02.04 23:57:00.361,0.93103,0.93118,2.06,1.87
2018.02.04 23:57:00.918,0.93103,0.93118,2.06,1.87
2018.02.04 23:57:01.514,0.93103,0.93118,2.06,1.87
2018.02.04 23:57:02.025,0.93103,0.93118,2.06,1.87
2018.02.04 23:57:02.546,0.93104,0.93118,1.00,2.25
2018.02.04 23:57:02.597,0.93106,0.93118,1.00,2.25
2018.02.04 23:57:03.143,0.93108,0.93118,1.00,2.25
2018.02.04 23:57:35.349,0.93108,0.93119,1.00,1.87
2018.02.04 23:57:35.677,0.93108,0.93117,1.00,1.12
2018.02.04 23:57:36.521,0.93108,0.93118,1.00,1.87
2018.02.04 23:57:37.063,0.93108,0.93117,1.00,1.12
2018.02.04 23:57:38.025,0.93106,0.93117,1.00,1.12
2018.02.04 23:57:39.097,0.93106,0.93118,1.00,1.12
2018.02.04 23:57:42.581,0.93106,0.93119,1.00,2.06
2018.02.04 23:57:43.133,0.93106,0.93118,1.00,1.12
2018.02.04 23:57:43.801,0.93106,0.93119,1.00,2.06
2018.02.04 23:57:44.354,0.93106,0.93118,1.00,1.12
2018.02.04 23:57:45.125,0.93106,0.93119,1.00,2.06
2018.02.04 23:57:45.678,0.93106,0.93118,1.00,1.12
2018.02.04 23:57:46.150,0.93108,0.93119,1.00,1.12
2018.02.04 23:57:46.685,0.93108,0.93118,1.00,1.12
2018.02.04 23:57:47.272,0.93108,0.93117,1.00,1.12
2018.02.04 23:57:51.752,0.93108,0.93118,1.00,1.12
2018.02.04 23:57:52.261,0.93108,0.93119,1.00,1.87
2018.02.04 23:57:52.958,0.93108,0.93118,1.00,1.12
2018.02.04 23:57:57.680,0.93108,0.93119,1.00,1.87
2018.02.04 23:57:58.237,0.93108,0.93118,1.00,1.12
2018.02.04 23:58:07.065,0.93108,0.93119,1.00,1.87
2018.02.04 23:58:07.941,0.93108,0.93118,1.00,1.12
2018.02.04 23:58:11.581,0.93108,0.93119,1.00,1.87
2018.02.04 23:58:11.887,0.93108,0.93117,1.00,1.00
2018.02.04 23:58:14.629,0.93108,0.93118,1.00,1.50
2018.02.04 23:58:15.885,0.93108,0.93117,1.00,1.00
2018.02.04 23:58:24.006,0.93108,0.93119,1.00,1.00
2018.02.04 23:58:24.205,0.93108,0.93122,1.00,2.62
2018.02.04 23:58:24.729,0.93109,0.93121,1.00,1.00
2018.02.04 23:58:25.305,0.93109,0.9312,1.00,1.25
2018.02.04 23:58:25.816,0.93109,0.93121,1.00,1.00
2018.02.04 23:58:27.580,0.93109,0.9312,1.00,1.00
2018.02.04 23:58:29.349,0.93109,0.93121,1.00,1.00
2018.02.04 23:58:30.546,0.9311,0.93121,1.00,1.00
2018.02.04 23:58:34.689,0.93113,0.93125,1.00,1.00
2018.02.04 23:58:34.741,0.93114,0.93128,1.00,1.62
2018.02.04 23:58:34.844,0.93114,0.93129,1.00,1.00
2018.02.04 23:58:35.172,0.93116,0.93132,1.00,1.19
2018.02.04 23:58:35.224,0.93117,0.93135,1.00,1.35
2018.02.04 23:58:35.378,0.93117,0.93135,1.25,2.25
2018.02.04 23:58:35.924,0.93115,0.93132,1.31,1.25
2018.02.04 23:58:38.350,0.93116,0.93133,1.44,1.25
2018.02.04 23:58:38.900,0.93117,0.93133,1.25,1.19
2018.02.04 23:58:39.426,0.93115,0.93133,1.44,1.00
2018.02.04 23:58:39.940,0.93116,0.93133,1.44,1.25
2018.02.04 23:58:43.344,0.93117,0.93133,1.19,1.25
2018.02.04 23:58:43.849,0.93117,0.93133,1.25,1.25
2018.02.04 23:58:44.385,0.93117,0.93134,1.25,1.25
2018.02.04 23:58:44.944,0.93117,0.93134,1.19,1.25
2018.02.04 23:58:45.449,0.93117,0.93134,1.25,1.25
2018.02.04 23:58:46.223,0.93117,0.93134,1.19,1.25
2018.02.04 23:58:46.563,0.93117,0.93133,1.00,1.19
2018.02.04 23:58:47.076,0.93116,0.93133,1.00,1.25
2018.02.04 23:58:47.382,0.93117,0.93132,1.00,1.19
2018.02.04 23:58:52.917,0.93117,0.93133,1.25,1.19
2018.02.04 23:58:53.476,0.93116,0.93133,1.25,1.19
2018.02.04 23:58:54.086,0.93117,0.93133,1.25,1.19
2018.02.04 23:58:56.931,0.93117,0.93134,2.06,1.19
2018.02.04 23:58:57.591,0.93117,0.93134,1.69,1.25
2018.02.04 23:58:58.141,0.93117,0.93134,1.69,1.37
2018.02.04 23:59:00.075,0.93117,0.93134,2.06,1.25
2018.02.04 23:59:01.600,0.93117,0.93134,1.69,1.44
2018.02.04 23:59:10.858,0.93118,0.93134,1.00,1.44
2018.02.04 23:59:14.426,0.93115,0.93129,1.00,2.44
2018.02.04 23:59:14.477,0.93113,0.93129,1.00,2.62
2018.02.04 23:59:14.580,0.93113,0.93129,1.00,1.44
2018.02.04 23:59:15.019,0.93111,0.93127,2.25,1.44
2018.02.04 23:59:17.005,0.93111,0.93128,1.50,1.19
2018.02.04 23:59:17.107,0.93113,0.93128,1.00,1.25
2018.02.04 23:59:18.996,0.93117,0.93128,1.00,1.00
2018.02.04 23:59:22.268,0.93117,0.93127,1.00,1.25
2018.02.04 23:59:23.664,0.93117,0.93128,1.00,1.12
2018.02.04 23:59:26.496,0.93117,0.93127,1.00,1.00
2018.02.04 23:59:26.548,0.93114,0.93125,1.00,1.12
2018.02.04 23:59:27.229,0.93114,0.93127,1.00,1.00
2018.02.04 23:59:27.765,0.93114,0.93128,1.50,1.25
2018.02.04 23:59:28.050,0.93118,0.93132,1.00,2.62
2018.02.04 23:59:28.357,0.93122,0.93135,1.00,1.44
2018.02.04 23:59:29.011,0.93121,0.93135,1.00,1.44
2018.02.04 23:59:29.538,0.9312,0.93135,1.00,3.00
2018.02.04 23:59:31.953,0.93121,0.93135,1.00,1.87
2018.02.04 23:59:49.394,0.93121,0.93136,1.00,1.50
2018.02.04 23:59:50.608,0.93121,0.93136,1.00,1.50
2018.02.04 23:59:51.376,0.93121,0.93137,1.00,2.25
2018.02.04 23:59:51.986,0.93121,0.93136,1.00,1.31
2018.02.04 23:59:53.753,0.93121,0.93136,1.00,1.50
2018.02.04 23:59:54.984,0.93121,0.93135,1.00,1.50
2018.02.04 23:59:59.453,0.93123,0.93136,1.00,2.25
