2018.02.07 23:00:00.077,0.94335,0.94367,1.00,1.00
2018.02.07 23:00:00.429,0.94333,0.94358,1.00,1.50
2018.02.07 23:00:00.533,0.94324,0.94351,1.50,1.00
2018.02.07 23:00:00.585,0.94324,0.94349,1.00,1.00
2018.02.07 23:00:01.130,0.94319,0.94349,1.50,1.00
2018.02.07 23:00:01.183,0.94316,0.94349,1.00,1.00
2018.02.07 23:00:01.687,0.94317,0.9435,1.00,1.50
2018.02.07 23:00:02.032,0.94315,0.94349,1.50,1.00
2018.02.07 23:00:02.134,0.94313,0.94347,1.00,1.00
2018.02.07 23:00:02.458,0.94311,0.94345,3.37,1.00
2018.02.07 23:00:03.961,0.94318,0.94345,1.00,1.00
2018.02.07 23:00:04.488,0.94311,0.94345,4.12,1.00
2018.02.07 23:00:05.481,0.94311,0.94346,3.37,1.50
2018.02.07 23:00:05.635,0.94311,0.94343,1.87,1.00
2018.02.07 23:00:05.687,0.94311,0.94345,3.37,1.00
2018.02.07 23:00:05.790,0.94311,0.94343,1.87,1.00
2018.02.07 23:00:05.842,0.94311,0.94345,2.62,1.00
2018.02.07 23:00:05.997,0.94316,0.94349,1.00,1.00
2018.02.07 23:00:06.151,0.94313,0.94349,1.50,1.50
2018.02.07 23:00:06.455,0.94316,0.9435,1.00,1.00
2018.02.07 23:00:06.763,0.94317,0.94348,1.82,1.00
2018.02.07 23:00:07.134,0.94314,0.94348,1.37,1.00
2018.02.07 23:00:07.236,0.94313,0.94349,2.25,1.50
2018.02.07 23:00:07.752,0.94314,0.94348,1.00,1.00
2018.02.07 23:00:08.335,0.94317,0.94348,1.00,1.00
2018.02.07 23:00:08.782,0.94314,0.94348,1.00,1.00
2018.02.07 23:00:09.897,0.94313,0.94349,2.25,1.50
2018.02.07 23:00:10.103,0.94323,0.94354,1.00,1.00
2018.02.07 23:00:10.155,0.94325,0.94357,1.00,1.00
2018.02.07 23:00:10.207,0.94325,0.94359,1.00,1.00
2018.02.07 23:00:10.566,0.94328,0.9436,1.00,1.00
2018.02.07 23:00:10.720,0.94338,0.94372,1.00,1.00
2018.02.07 23:00:10.873,0.94336,0.9437,1.50,1.00
2018.02.07 23:00:11.260,0.94338,0.94374,1.50,1.50
2018.02.07 23:00:11.467,0.94341,0.94375,1.00,1.50
2018.02.07 23:00:13.114,0.94341,0.94375,1.50,1.25
2018.02.07 23:00:13.367,0.94341,0.94375,1.50,1.00
2018.02.07 23:00:13.521,0.94345,0.94375,1.00,1.00
2018.02.07 23:00:13.573,0.94345,0.94378,1.00,1.50
2018.02.07 23:00:14.021,0.94345,0.94377,1.00,1.31
2018.02.07 23:00:14.611,0.94345,0.94377,1.00,1.19
2018.02.07 23:00:14.664,0.94345,0.94377,1.00,1.00
2018.02.07 23:00:15.196,0.94345,0.94378,1.00,2.44
2018.02.07 23:00:15.248,0.94343,0.94377,1.50,1.00
2018.02.07 23:00:15.352,0.94345,0.94377,1.00,1.00
2018.02.07 23:00:15.434,0.94343,0.94377,1.00,1.00
2018.02.07 23:00:15.536,0.94344,0.94377,1.00,1.25
2018.02.07 23:00:15.691,0.94342,0.94378,2.25,1.56
2018.02.07 23:00:15.742,0.94343,0.94377,1.00,1.08
2018.02.07 23:00:16.458,0.94343,0.94377,1.00,1.31
2018.02.07 23:00:16.983,0.94343,0.94377,1.00,1.00
2018.02.07 23:00:17.650,0.94343,0.94377,1.00,1.19
2018.02.07 23:00:17.982,0.94343,0.94377,1.00,1.94
2018.02.07 23:00:19.789,0.9434,0.94374,1.00,1.00
2018.02.07 23:00:19.893,0.94342,0.94376,1.00,1.50
2018.02.07 23:00:21.132,0.94341,0.94377,1.50,1.50
2018.02.07 23:00:21.757,0.94342,0.94376,1.00,1.00
2018.02.07 23:00:22.125,0.94341,0.94377,1.00,1.94
2018.02.07 23:00:22.307,0.94342,0.94376,1.00,1.00
2018.02.07 23:00:23.333,0.9434,0.94374,1.00,1.00
2018.02.07 23:00:23.670,0.9434,0.94374,1.00,1.25
2018.02.07 23:00:26.542,0.94341,0.94375,1.00,1.25
2018.02.07 23:00:31.027,0.94339,0.94377,1.00,1.50
2018.02.07 23:00:31.181,0.94337,0.94379,1.30,1.36
2018.02.07 23:00:31.283,0.9434,0.94379,1.00,1.36
2018.02.07 23:00:31.569,0.9434,0.94381,1.00,1.00
2018.02.07 23:00:32.128,0.94339,0.94381,1.00,1.00
2018.02.07 23:00:32.179,0.94339,0.94381,1.00,1.19
2018.02.07 23:00:32.231,0.94337,0.94383,1.00,1.56
2018.02.07 23:00:32.283,0.94339,0.94381,1.00,1.00
2018.02.07 23:00:32.640,0.9434,0.94381,1.00,1.25
2018.02.07 23:00:33.092,0.9434,0.94381,1.00,1.25
2018.02.07 23:00:33.557,0.9434,0.94379,1.00,1.00
2018.02.07 23:00:34.017,0.94338,0.94379,1.00,1.00
2018.02.07 23:00:34.383,0.94339,0.94379,1.00,1.25
2018.02.07 23:00:34.744,0.94339,0.94379,1.00,1.25
2018.02.07 23:00:35.024,0.94339,0.94381,1.50,1.00
2018.02.07 23:00:35.536,0.9434,0.9438,1.00,1.00
2018.02.07 23:00:36.229,0.9434,0.9438,1.50,1.31
2018.02.07 23:00:36.280,0.9434,0.9438,1.50,1.25
2018.02.07 23:00:36.676,0.9434,0.9438,1.50,1.94
2018.02.07 23:00:36.728,0.9434,0.9438,1.50,1.00
2018.02.07 23:00:36.895,0.94342,0.94382,1.00,1.00
2018.02.07 23:00:37.309,0.94334,0.94378,2.25,1.00
2018.02.07 23:00:37.412,0.94334,0.94383,1.50,4.56
2018.02.07 23:00:37.463,0.94334,0.9438,1.50,1.00
2018.02.07 23:00:37.514,0.94329,0.9438,1.50,1.50
2018.02.07 23:00:37.615,0.94321,0.9438,1.00,1.69
2018.02.07 23:00:38.146,0.94321,0.9438,1.00,1.94
2018.02.07 23:00:38.248,0.94321,0.9438,1.00,1.94
2018.02.07 23:00:38.567,0.94321,0.9438,1.00,1.94
2018.02.07 23:00:38.864,0.94321,0.9438,1.00,1.00
2018.02.07 23:00:38.972,0.94321,0.9438,1.00,1.75
2018.02.07 23:00:39.024,0.94321,0.9438,1.00,1.50
2018.02.07 23:00:39.230,0.94321,0.9438,1.00,1.94
2018.02.07 23:00:39.641,0.94321,0.94379,1.00,1.44
2018.02.07 23:00:39.951,0.94352,0.94379,1.37,1.50
2018.02.07 23:00:42.135,0.94344,0.94382,1.37,1.56
2018.02.07 23:00:42.188,0.9433,0.94382,1.99,1.56
2018.02.07 23:00:42.240,0.94334,0.94382,1.00,1.56
2018.02.07 23:00:42.293,0.94322,0.94382,1.00,3.81
2018.02.07 23:00:43.330,0.94318,0.94382,1.50,3.75
2018.02.07 23:00:43.484,0.94321,0.94382,1.00,4.56
2018.02.07 23:00:43.846,0.94321,0.94378,1.00,1.00
2018.02.07 23:00:43.949,0.94321,0.94382,1.00,3.75
2018.02.07 23:00:44.458,0.94321,0.94381,1.00,1.00
2018.02.07 23:00:45.315,0.94321,0.94378,1.00,1.00
2018.02.07 23:00:45.622,0.94321,0.94378,1.00,1.06
2018.02.07 23:00:46.324,0.94331,0.94382,1.00,5.31
2018.02.07 23:00:46.646,0.9433,0.9438,1.50,1.00
2018.02.07 23:00:47.472,0.94331,0.9438,1.00,1.00
2018.02.07 23:00:47.793,0.94331,0.94383,1.00,4.75
2018.02.07 23:00:47.898,0.94327,0.94382,1.00,1.08
2018.02.07 23:00:47.950,0.94327,0.94379,1.00,1.00
2018.02.07 23:00:48.002,0.94327,0.94382,1.69,1.56
2018.02.07 23:00:48.157,0.94331,0.94382,1.00,1.56
2018.02.07 23:00:48.464,0.94333,0.94378,1.00,1.00
2018.02.07 23:00:49.778,0.94333,0.94378,1.00,1.25
2018.02.07 23:00:49.908,0.94333,0.94378,1.00,1.00
2018.02.07 23:00:50.698,0.94333,0.94378,1.00,1.25
2018.02.07 23:00:50.750,0.94331,0.94382,1.00,1.56
2018.02.07 23:00:50.960,0.94334,0.94379,1.00,1.69
2018.02.07 23:00:51.269,0.9434,0.94378,1.00,1.00
2018.02.07 23:00:52.502,0.9434,0.94378,1.00,1.25
2018.02.07 23:00:52.862,0.9434,0.94378,1.00,1.25
2018.02.07 23:00:54.107,0.9434,0.94378,1.00,1.08
2018.02.07 23:00:54.649,0.9434,0.94377,1.00,1.00
2018.02.07 23:00:54.954,0.94339,0.9438,1.00,1.00
2018.02.07 23:00:55.111,0.9434,0.94377,1.00,1.00
2018.02.07 23:00:55.214,0.94339,0.94382,1.00,2.31
2018.02.07 23:00:55.266,0.94336,0.94382,1.50,1.56
2018.02.07 23:00:55.317,0.9434,0.94378,1.00,1.00
2018.02.07 23:00:55.863,0.94339,0.94379,1.50,1.00
2018.02.07 23:00:56.404,0.94339,0.94378,1.50,1.25
2018.02.07 23:00:56.711,0.94339,0.94378,1.50,1.31
2018.02.07 23:00:57.387,0.94339,0.94379,1.50,1.00
2018.02.07 23:00:58.254,0.94342,0.94379,1.00,1.00
2018.02.07 23:00:58.306,0.94339,0.94381,1.00,1.00
2018.02.07 23:00:58.416,0.9434,0.94378,1.00,1.00
2018.02.07 23:00:58.775,0.9434,0.94378,1.00,1.25
2018.02.07 23:00:58.827,0.94341,0.94378,1.00,1.00
2018.02.07 23:00:59.288,0.9434,0.94381,1.00,1.00
2018.02.07 23:00:59.340,0.9434,0.94379,1.00,1.00
2018.02.07 23:00:59.749,0.9434,0.94379,1.00,1.25
2018.02.07 23:01:00.056,0.9434,0.94379,1.00,1.25
2018.02.07 23:01:00.189,0.94337,0.94379,1.00,1.00
2018.02.07 23:01:00.293,0.94333,0.9438,1.00,4.50
2018.02.07 23:01:00.499,0.94327,0.94381,3.00,1.00
2018.02.07 23:01:00.603,0.9433,0.94382,1.00,1.56
2018.02.07 23:01:00.914,0.9433,0.94379,1.50,1.00
2018.02.07 23:01:01.018,0.9433,0.94382,1.00,1.56
2018.02.07 23:01:01.121,0.9433,0.94383,1.00,3.19
2018.02.07 23:01:01.467,0.94338,0.94384,1.00,1.50
2018.02.07 23:01:01.776,0.94336,0.9438,1.50,1.00
2018.02.07 23:01:02.085,0.94339,0.94381,1.00,1.00
2018.02.07 23:01:02.555,0.94336,0.94381,1.00,1.00
2018.02.07 23:01:02.708,0.9434,0.94378,1.00,1.00
2018.02.07 23:01:02.811,0.94338,0.94382,1.00,1.00
2018.02.07 23:01:02.915,0.94338,0.94379,1.00,1.00
2018.02.07 23:01:03.224,0.94338,0.94379,1.00,1.25
2018.02.07 23:01:03.885,0.94339,0.94379,1.00,1.25
2018.02.07 23:01:04.550,0.94339,0.94379,1.00,1.31
2018.02.07 23:01:07.570,0.94339,0.94379,1.00,1.25
2018.02.07 23:01:07.723,0.94339,0.94379,1.00,1.00
2018.02.07 23:01:07.931,0.94339,0.94381,1.00,1.00
2018.02.07 23:01:08.137,0.94341,0.94381,1.00,1.00
2018.02.07 23:01:09.087,0.9434,0.94381,1.00,1.00
2018.02.07 23:01:09.466,0.9434,0.94381,1.00,1.25
2018.02.07 23:01:09.984,0.94339,0.94381,1.50,1.25
2018.02.07 23:01:11.606,0.94339,0.9438,1.00,1.31
2018.02.07 23:01:12.121,0.94339,0.9438,1.00,1.25
2018.02.07 23:01:13.585,0.94339,0.9438,1.00,1.31
2018.02.07 23:01:14.260,0.94339,0.9438,1.00,1.25
2018.02.07 23:01:14.900,0.94341,0.9438,1.00,1.25
2018.02.07 23:01:14.952,0.9434,0.94382,1.00,1.00
2018.02.07 23:01:15.108,0.94343,0.94382,1.00,1.08
2018.02.07 23:01:15.265,0.94343,0.94384,1.00,1.00
2018.02.07 23:01:15.667,0.94345,0.94387,1.00,1.25
2018.02.07 23:01:15.977,0.94346,0.94386,1.00,1.25
2018.02.07 23:01:18.194,0.94346,0.94381,1.00,1.00
2018.02.07 23:01:18.297,0.94344,0.9438,1.00,1.00
2018.02.07 23:01:18.401,0.94342,0.94378,1.00,1.00
2018.02.07 23:01:18.536,0.94339,0.94376,1.50,1.00
2018.02.07 23:01:18.589,0.94339,0.94378,1.00,1.00
2018.02.07 23:01:18.847,0.94339,0.94382,1.00,1.00
2018.02.07 23:01:18.899,0.94339,0.94376,1.50,1.00
2018.02.07 23:01:19.363,0.94339,0.94374,1.00,1.00
2018.02.07 23:01:20.054,0.94339,0.94373,1.00,1.00
2018.02.07 23:01:20.374,0.94338,0.94375,1.00,1.08
2018.02.07 23:01:20.885,0.94339,0.94374,1.00,1.00
2018.02.07 23:01:21.482,0.94338,0.94375,1.00,1.08
2018.02.07 23:01:21.786,0.94339,0.94373,1.00,1.00
2018.02.07 23:01:23.029,0.94338,0.94373,1.00,1.00
2018.02.07 23:01:23.907,0.94339,0.94373,1.00,1.00
2018.02.07 23:01:24.062,0.94339,0.94375,1.00,1.08
2018.02.07 23:01:24.318,0.94338,0.94373,1.00,1.00
2018.02.07 23:01:24.678,0.94338,0.94375,1.00,1.00
2018.02.07 23:01:25.205,0.94338,0.94374,1.00,1.00
2018.02.07 23:01:25.742,0.94338,0.94375,1.00,1.00
2018.02.07 23:01:26.604,0.94339,0.94374,1.00,1.00
2018.02.07 23:01:26.707,0.94337,0.94374,3.00,1.00
2018.02.07 23:01:27.345,0.94338,0.94374,1.00,1.00
2018.02.07 23:01:27.765,0.94339,0.94376,1.00,1.00
2018.02.07 23:01:28.342,0.94339,0.94375,1.00,1.08
2018.02.07 23:01:28.570,0.94338,0.94378,2.25,1.00
2018.02.07 23:01:28.724,0.94338,0.94378,2.25,1.25
2018.02.07 23:01:29.239,0.94339,0.94379,1.00,3.06
2018.02.07 23:01:29.342,0.94339,0.94379,1.00,3.06
2018.02.07 23:01:29.825,0.94339,0.94379,1.00,2.25
2018.02.07 23:01:29.978,0.94339,0.94379,1.00,1.75
2018.02.07 23:01:31.438,0.94339,0.94375,1.00,1.08
2018.02.07 23:01:32.312,0.94339,0.94374,1.00,1.00
2018.02.07 23:01:33.285,0.94339,0.94376,1.00,1.00
2018.02.07 23:01:33.942,0.94339,0.94376,1.00,1.06
2018.02.07 23:01:34.321,0.94352,0.94373,1.37,1.00
2018.02.07 23:01:34.373,0.94352,0.94376,1.37,1.50
2018.02.07 23:01:34.425,0.94345,0.94376,1.37,1.00
2018.02.07 23:01:34.478,0.94344,0.9438,1.00,1.87
2018.02.07 23:01:34.530,0.94344,0.94376,1.00,1.00
2018.02.07 23:01:34.583,0.94339,0.94374,1.00,1.00
2018.02.07 23:01:35.949,0.94338,0.94373,1.00,1.08
2018.02.07 23:01:36.526,0.94339,0.94375,1.00,1.75
2018.02.07 23:01:37.049,0.94339,0.94375,1.00,1.08
2018.02.07 23:01:37.178,0.94338,0.94373,1.00,1.08
2018.02.07 23:01:37.281,0.94338,0.94375,1.00,1.00
2018.02.07 23:01:37.807,0.94339,0.94375,1.00,1.50
2018.02.07 23:01:38.422,0.94339,0.94376,1.00,1.50
2018.02.07 23:01:38.925,0.94339,0.94375,1.00,1.50
2018.02.07 23:01:39.452,0.94338,0.94375,1.00,1.75
2018.02.07 23:01:39.990,0.94338,0.94375,1.00,1.00
2018.02.07 23:01:40.513,0.94339,0.94375,1.00,1.31
2018.02.07 23:01:41.014,0.94339,0.94375,1.00,1.08
2018.02.07 23:01:41.538,0.94339,0.94374,1.00,1.08
2018.02.07 23:01:42.582,0.94338,0.94373,1.00,1.00
2018.02.07 23:01:43.675,0.94338,0.94374,1.00,1.00
2018.02.07 23:01:44.193,0.94338,0.94373,1.00,1.00
2018.02.07 23:01:44.581,0.94337,0.94371,1.00,1.00
2018.02.07 23:01:45.124,0.94337,0.94372,1.50,1.08
2018.02.07 23:01:46.646,0.94337,0.94372,1.50,1.31
2018.02.07 23:01:47.185,0.94337,0.94372,1.50,1.50
2018.02.07 23:01:47.726,0.94337,0.94371,1.00,1.00
2018.02.07 23:01:48.301,0.94338,0.94371,1.00,1.00
2018.02.07 23:01:48.872,0.94337,0.94371,1.50,1.00
2018.02.07 23:01:49.577,0.94337,0.94372,1.00,1.00
2018.02.07 23:01:50.698,0.94337,0.94375,1.50,1.75
2018.02.07 23:01:50.802,0.94337,0.94371,1.00,1.00
2018.02.07 23:01:53.059,0.94337,0.94374,1.00,1.00
2018.02.07 23:01:53.321,0.94337,0.94374,1.00,1.25
2018.02.07 23:01:53.600,0.94338,0.94374,1.00,1.00
2018.02.07 23:01:54.137,0.94337,0.94374,1.50,1.31
2018.02.07 23:01:54.674,0.94338,0.94373,1.00,1.00
2018.02.07 23:01:55.285,0.94338,0.94372,1.00,1.00
2018.02.07 23:01:55.473,0.94336,0.94372,3.19,1.00
2018.02.07 23:01:55.528,0.94338,0.94372,1.00,1.00
2018.02.07 23:01:55.631,0.94336,0.94372,3.94,1.00
2018.02.07 23:01:56.932,0.94337,0.94371,1.00,1.00
2018.02.07 23:01:58.164,0.94337,0.94372,1.00,1.00
2018.02.07 23:01:58.722,0.94337,0.94371,1.00,1.31
2018.02.07 23:01:59.228,0.94337,0.94371,1.00,1.00
2018.02.07 23:02:00.045,0.94337,0.94372,1.00,1.00
2018.02.07 23:02:00.362,0.94337,0.9437,1.00,1.00
2018.02.07 23:02:00.892,0.94337,0.94371,1.00,1.00
2018.02.07 23:02:02.883,0.94337,0.94371,1.00,1.06
2018.02.07 23:02:03.460,0.94337,0.94371,1.00,1.00
2018.02.07 23:02:05.049,0.94337,0.94374,1.50,1.00
2018.02.07 23:02:05.204,0.94337,0.94373,2.44,1.31
2018.02.07 23:02:05.727,0.94337,0.94373,1.69,1.06
2018.02.07 23:02:06.255,0.94337,0.94371,1.69,1.56
2018.02.07 23:02:06.791,0.94338,0.94371,1.00,1.56
2018.02.07 23:02:07.304,0.94337,0.94371,2.44,1.31
2018.02.07 23:02:07.914,0.94337,0.94371,1.69,1.08
2018.02.07 23:02:10.264,0.94337,0.94371,2.44,1.25
2018.02.07 23:02:10.546,0.94337,0.94372,2.44,1.00
2018.02.07 23:02:10.752,0.94337,0.94372,2.44,1.25
2018.02.07 23:02:11.033,0.94337,0.94372,3.19,1.00
2018.02.07 23:02:11.289,0.94337,0.94372,2.44,1.25
2018.02.07 23:02:12.233,0.94338,0.94373,1.00,1.50
2018.02.07 23:02:12.386,0.94338,0.94373,1.00,1.25
2018.02.07 23:02:12.778,0.94337,0.94369,2.44,1.00
2018.02.07 23:02:13.325,0.94337,0.9437,1.69,1.25
2018.02.07 23:02:14.787,0.94338,0.9437,1.00,1.00
2018.02.07 23:02:15.345,0.94337,0.9437,2.44,1.00
2018.02.07 23:02:16.917,0.94338,0.94369,1.00,1.08
2018.02.07 23:02:17.468,0.94337,0.94369,2.44,1.00
2018.02.07 23:02:17.970,0.94339,0.9437,1.25,1.00
2018.02.07 23:02:18.530,0.94338,0.9437,1.00,1.00
2018.02.07 23:02:19.190,0.94338,0.94369,1.00,1.00
2018.02.07 23:02:19.439,0.94338,0.94371,1.00,1.56
2018.02.07 23:02:20.474,0.94337,0.94371,2.44,1.56
2018.02.07 23:02:20.526,0.94337,0.94369,2.44,1.00
2018.02.07 23:02:21.169,0.94338,0.9437,1.00,1.00
2018.02.07 23:02:21.700,0.94337,0.9437,1.50,1.00
2018.02.07 23:02:22.486,0.94337,0.94369,2.44,1.00
2018.02.07 23:02:22.821,0.9434,0.9437,1.00,1.00
2018.02.07 23:02:22.975,0.94337,0.94371,1.00,1.00
2018.02.07 23:02:23.028,0.94334,0.94369,1.50,1.00
2018.02.07 23:02:23.080,0.94334,0.94367,1.50,1.00
2018.02.07 23:02:23.183,0.94331,0.94368,1.50,1.00
2018.02.07 23:02:23.337,0.94329,0.94367,1.00,1.50
2018.02.07 23:02:23.389,0.9433,0.94365,1.00,1.00
2018.02.07 23:02:23.544,0.94328,0.94365,1.00,1.00
2018.02.07 23:02:23.699,0.94328,0.94363,1.00,1.00
2018.02.07 23:02:24.008,0.94326,0.94363,2.25,1.00
2018.02.07 23:02:24.265,0.94328,0.94364,1.00,1.31
2018.02.07 23:02:24.778,0.94326,0.94362,1.50,1.00
2018.02.07 23:02:24.932,0.94326,0.94364,1.50,1.50
2018.02.07 23:02:24.984,0.94326,0.94362,1.50,1.00
2018.02.07 23:02:25.293,0.94325,0.9436,3.94,1.00
2018.02.07 23:02:25.644,0.94328,0.9436,1.00,1.00
2018.02.07 23:02:25.695,0.94326,0.9436,1.69,1.00
2018.02.07 23:02:25.797,0.94328,0.9436,1.00,1.00
2018.02.07 23:02:26.001,0.94326,0.9436,1.50,1.00
2018.02.07 23:02:26.204,0.94328,0.9436,1.00,1.00
2018.02.07 23:02:26.800,0.94326,0.9436,1.50,1.00
2018.02.07 23:02:26.903,0.94328,0.9436,1.00,1.00
2018.02.07 23:02:26.955,0.94326,0.9436,1.87,1.00
2018.02.07 23:02:27.160,0.94328,0.9436,1.00,1.00
2018.02.07 23:02:27.803,0.9433,0.94361,1.00,1.50
2018.02.07 23:02:27.957,0.9433,0.94363,1.00,1.00
2018.02.07 23:02:28.636,0.9433,0.94363,1.00,1.06
2018.02.07 23:02:28.906,0.94329,0.94364,1.00,1.00
2018.02.07 23:02:29.423,0.9433,0.94364,1.00,1.00
2018.02.07 23:02:30.083,0.9433,0.94363,1.00,1.08
2018.02.07 23:02:30.958,0.9433,0.94366,1.00,1.25
2018.02.07 23:02:31.112,0.94326,0.94362,2.62,1.00
2018.02.07 23:02:31.677,0.94327,0.94362,1.50,1.50
2018.02.07 23:02:32.186,0.94327,0.94361,1.50,1.00
2018.02.07 23:02:32.443,0.94327,0.94363,2.25,1.50
2018.02.07 23:02:32.646,0.94328,0.94361,1.00,1.00
2018.02.07 23:02:32.798,0.94327,0.94363,1.50,1.50
2018.02.07 23:02:33.386,0.94328,0.94362,1.00,1.56
2018.02.07 23:02:34.523,0.94327,0.94362,1.00,1.56
2018.02.07 23:02:35.081,0.94328,0.94362,1.00,1.08
2018.02.07 23:02:35.600,0.94327,0.94361,1.50,1.00
2018.02.07 23:02:36.348,0.94327,0.94362,1.50,1.00
2018.02.07 23:02:36.905,0.94328,0.94361,1.00,1.00
2018.02.07 23:02:36.957,0.94327,0.94364,1.00,1.00
2018.02.07 23:02:37.009,0.94329,0.94366,1.00,1.31
2018.02.07 23:02:37.426,0.94329,0.94366,1.00,1.25
2018.02.07 23:02:43.125,0.94329,0.94366,1.00,1.00
2018.02.07 23:02:43.654,0.94329,0.94366,1.00,1.31
2018.02.07 23:02:48.362,0.94329,0.94366,1.00,1.25
2018.02.07 23:02:49.417,0.94329,0.94366,1.00,1.31
2018.02.07 23:02:49.972,0.94329,0.94366,1.00,1.25
2018.02.07 23:02:51.254,0.94329,0.94366,1.00,1.31
2018.02.07 23:02:53.250,0.94363,0.94372,1.19,1.50
2018.02.07 23:02:53.510,0.94364,0.9438,1.87,1.25
2018.02.07 23:02:53.562,0.94364,0.9438,1.87,1.25
2018.02.07 23:02:53.821,0.94365,0.9438,1.12,1.19
2018.02.07 23:02:53.925,0.94365,0.94379,1.12,1.50
2018.02.07 23:02:54.335,0.94365,0.94379,1.12,1.50
2018.02.07 23:02:56.746,0.94375,0.94382,1.37,1.56
2018.02.07 23:02:57.089,0.94375,0.94379,1.00,3.37
2018.02.07 23:02:57.636,0.94375,0.94379,1.12,20.25
2018.02.07 23:02:59.961,0.94375,0.94379,1.00,20.44
2018.02.07 23:03:03.313,0.94375,0.9438,1.37,1.00
2018.02.07 23:03:03.681,0.94375,0.9438,1.00,1.25
2018.02.07 23:03:05.735,0.94375,0.9438,1.37,1.00
2018.02.07 23:03:05.840,0.94375,0.94381,1.00,1.25
2018.02.07 23:03:06.053,0.94375,0.94382,1.37,2.49
2018.02.07 23:03:06.105,0.94375,0.9438,1.12,1.31
2018.02.07 23:03:06.686,0.94375,0.9438,1.00,1.25
2018.02.07 23:03:10.329,0.94375,0.94384,1.37,1.12
2018.02.07 23:03:10.433,0.94374,0.94386,1.50,1.25
2018.02.07 23:03:10.536,0.94375,0.94387,1.37,1.50
2018.02.07 23:03:10.849,0.94375,0.94387,1.37,1.25
2018.02.07 23:03:11.495,0.94375,0.94387,1.37,1.50
2018.02.07 23:03:12.175,0.94375,0.94387,1.37,1.50
2018.02.07 23:03:12.938,0.94374,0.94387,1.50,1.25
2018.02.07 23:03:13.132,0.94374,0.94387,1.12,1.25
2018.02.07 23:03:14.799,0.94369,0.94387,1.75,1.25
2018.02.07 23:03:15.265,0.94371,0.94391,1.37,5.47
2018.02.07 23:03:15.319,0.9437,0.94391,1.50,3.00
2018.02.07 23:03:15.370,0.94363,0.94391,1.12,3.75
2018.02.07 23:03:15.421,0.94354,0.94391,1.00,1.50
2018.02.07 23:03:15.524,0.94349,0.94389,1.00,1.00
2018.02.07 23:03:16.029,0.94348,0.94388,2.25,1.50
2018.02.07 23:03:16.432,0.94358,0.94388,1.25,1.00
2018.02.07 23:03:16.744,0.94362,0.94384,1.00,1.25
2018.02.07 23:03:16.797,0.94358,0.94384,1.22,1.25
2018.02.07 23:03:16.849,0.94359,0.94388,1.72,4.91
2018.02.07 23:03:17.002,0.94359,0.94386,1.72,1.30
2018.02.07 23:03:17.308,0.94359,0.94382,1.72,1.19
2018.02.07 23:03:17.639,0.94376,0.94382,1.37,1.00
2018.02.07 23:03:17.794,0.94377,0.94386,1.50,3.94
2018.02.07 23:03:18.228,0.94377,0.94389,1.50,1.19
2018.02.07 23:03:20.126,0.94369,0.94391,1.00,1.50
2018.02.07 23:03:20.178,0.94358,0.94391,3.00,1.50
2018.02.07 23:03:20.282,0.94352,0.94389,1.00,1.00
2018.02.07 23:03:20.334,0.94348,0.94388,1.50,1.50
2018.02.07 23:03:20.857,0.94347,0.94387,1.00,1.50
2018.02.07 23:03:23.384,0.94347,0.94386,1.00,1.00
2018.02.07 23:03:25.495,0.94347,0.94375,1.00,1.00
2018.02.07 23:03:25.600,0.94344,0.94377,1.00,1.00
2018.02.07 23:03:25.794,0.94339,0.94378,1.00,1.00
2018.02.07 23:03:25.897,0.94339,0.94376,1.00,1.00
2018.02.07 23:03:26.408,0.94339,0.94377,1.00,1.00
2018.02.07 23:03:27.100,0.94339,0.94379,1.50,1.50
2018.02.07 23:03:29.756,0.9434,0.9438,1.00,1.00
2018.02.07 23:03:30.683,0.9434,0.94377,1.00,1.00
2018.02.07 23:03:30.787,0.94339,0.94379,1.00,1.00
2018.02.07 23:03:31.096,0.94339,0.94377,1.00,1.00
2018.02.07 23:03:31.251,0.94339,0.94379,1.00,1.00
2018.02.07 23:03:31.497,0.94339,0.94377,1.00,1.00
2018.02.07 23:03:31.702,0.94339,0.94379,1.00,1.00
2018.02.07 23:03:31.857,0.94339,0.94377,1.00,1.00
2018.02.07 23:03:37.966,0.94339,0.94382,1.50,2.25
2018.02.07 23:03:38.069,0.9434,0.94379,1.00,1.00
2018.02.07 23:03:39.153,0.94339,0.94379,1.00,1.00
2018.02.07 23:03:39.741,0.9434,0.94379,1.00,1.00
2018.02.07 23:03:40.255,0.94339,0.94379,1.00,1.00
2018.02.07 23:03:40.765,0.9434,0.94379,1.00,1.00
2018.02.07 23:03:41.168,0.94342,0.94379,1.00,1.00
2018.02.07 23:03:41.320,0.9434,0.94379,1.00,1.00
2018.02.07 23:03:41.694,0.94342,0.94379,1.00,1.50
2018.02.07 23:03:42.052,0.94342,0.94381,1.00,1.50
2018.02.07 23:03:45.879,0.94339,0.94379,1.50,1.00
2018.02.07 23:03:46.648,0.9434,0.94379,1.00,1.00
2018.02.07 23:03:46.700,0.9434,0.94381,1.00,1.50
2018.02.07 23:03:47.213,0.94339,0.94381,1.50,1.00
2018.02.07 23:03:47.758,0.9434,0.94381,1.00,1.00
2018.02.07 23:03:48.274,0.94339,0.94381,1.50,1.00
2018.02.07 23:03:48.943,0.94341,0.94381,1.00,1.00
2018.02.07 23:03:49.303,0.94341,0.94378,1.00,1.00
2018.02.07 23:03:49.495,0.94341,0.9438,1.00,1.00
2018.02.07 23:03:50.105,0.9434,0.9438,2.25,1.50
2018.02.07 23:03:53.788,0.94341,0.9438,1.00,1.00
2018.02.07 23:03:57.050,0.9434,0.9438,1.00,1.00
2018.02.07 23:03:59.414,0.94342,0.9438,1.00,1.00
2018.02.07 23:03:59.931,0.94341,0.9438,1.00,1.00
2018.02.07 23:04:00.956,0.9434,0.9438,1.50,1.00
2018.02.07 23:04:02.329,0.94352,0.9438,1.37,1.00
2018.02.07 23:04:02.843,0.94352,0.94381,1.37,1.00
2018.02.07 23:04:04.600,0.94345,0.94381,1.37,1.00
2018.02.07 23:04:04.652,0.94344,0.94381,1.12,1.00
2018.02.07 23:04:04.704,0.94341,0.94382,1.00,1.00
2018.02.07 23:04:04.806,0.94341,0.9438,1.00,1.00
2018.02.07 23:04:06.741,0.94351,0.9438,1.37,1.00
2018.02.07 23:04:07.284,0.94351,0.94381,1.37,1.00
2018.02.07 23:04:07.942,0.94352,0.94381,1.37,1.00
2018.02.07 23:04:08.150,0.94344,0.94381,1.12,1.00
2018.02.07 23:04:08.202,0.94341,0.94381,1.50,1.00
2018.02.07 23:04:09.246,0.94362,0.94381,1.00,1.00
2018.02.07 23:04:09.350,0.94361,0.94384,1.00,1.00
2018.02.07 23:04:09.402,0.94357,0.94386,1.00,1.19
2018.02.07 23:04:09.712,0.94353,0.94383,1.00,1.00
2018.02.07 23:04:09.815,0.94342,0.94382,2.25,1.00
2018.02.07 23:04:10.036,0.94342,0.94382,2.62,1.00
2018.02.07 23:04:10.242,0.94342,0.94382,1.50,1.00
2018.02.07 23:04:11.944,0.94352,0.94382,1.37,1.00
2018.02.07 23:04:12.479,0.94352,0.94383,1.37,1.00
2018.02.07 23:04:12.790,0.94356,0.94386,1.37,1.00
2018.02.07 23:04:12.946,0.94349,0.94387,1.00,1.00
2018.02.07 23:04:13.050,0.94347,0.94387,1.50,1.00
2018.02.07 23:04:14.162,0.94348,0.94387,1.00,1.00
2018.02.07 23:04:14.675,0.94347,0.94387,1.50,1.00
2018.02.07 23:04:15.127,0.94357,0.94387,1.37,1.00
2018.02.07 23:04:17.230,0.9435,0.94387,1.87,1.00
2018.02.07 23:04:17.281,0.94349,0.94387,1.12,1.00
2018.02.07 23:04:17.383,0.94347,0.94387,1.50,1.50
2018.02.07 23:04:19.486,0.94347,0.94383,1.00,1.87
2018.02.07 23:04:19.794,0.94348,0.94379,1.00,1.25
2018.02.07 23:04:20.196,0.94345,0.94379,1.19,1.25
2018.02.07 23:04:20.248,0.94354,0.94379,1.37,1.25
2018.02.07 23:04:20.558,0.94356,0.94379,1.37,1.25
2018.02.07 23:04:21.420,0.94354,0.94379,1.12,1.25
2018.02.07 23:04:23.795,0.94354,0.94378,1.12,1.25
2018.02.07 23:04:23.898,0.94354,0.94377,1.12,1.19
2018.02.07 23:04:28.735,0.94354,0.94376,2.25,1.25
2018.02.07 23:04:30.275,0.94354,0.94376,1.37,1.00
2018.02.07 23:04:30.406,0.94358,0.94381,1.87,2.25
2018.02.07 23:04:30.562,0.94358,0.9438,1.87,1.19
2018.02.07 23:04:30.963,0.94361,0.9438,1.37,1.19
2018.02.07 23:04:32.157,0.9436,0.9438,1.37,1.19
2018.02.07 23:04:33.019,0.9436,0.94379,1.37,1.19
2018.02.07 23:04:33.418,0.94354,0.94373,1.00,1.00
2018.02.07 23:04:33.471,0.94347,0.94373,1.50,1.00
2018.02.07 23:04:33.524,0.94347,0.94375,1.00,1.00
2018.02.07 23:04:33.576,0.94339,0.94377,1.50,1.00
2018.02.07 23:04:33.758,0.94336,0.94376,1.50,1.00
2018.02.07 23:04:34.273,0.94333,0.94373,1.00,1.00
2018.02.07 23:04:34.583,0.94331,0.94371,1.00,1.00
2018.02.07 23:04:34.893,0.94331,0.94365,1.00,1.00
2018.02.07 23:04:34.945,0.94326,0.94363,1.00,1.00
2018.02.07 23:04:35.049,0.94323,0.9436,1.00,1.00
2018.02.07 23:04:35.153,0.9432,0.94358,1.50,1.00
2018.02.07 23:04:35.256,0.9432,0.94356,1.50,1.00
2018.02.07 23:04:35.593,0.9432,0.94353,1.00,1.00
2018.02.07 23:04:35.850,0.9432,0.94355,1.50,1.00
2018.02.07 23:04:36.867,0.9432,0.94357,1.00,1.00
2018.02.07 23:04:37.072,0.9432,0.9436,1.50,1.00
2018.02.07 23:04:37.602,0.94321,0.9436,1.00,1.00
2018.02.07 23:04:38.280,0.9432,0.9436,1.00,1.00
2018.02.07 23:04:38.796,0.94321,0.9436,1.00,1.00
2018.02.07 23:04:45.002,0.9432,0.9436,1.00,1.00
2018.02.07 23:04:45.648,0.94321,0.9436,1.00,1.00
2018.02.07 23:04:46.649,0.94321,0.94359,1.00,1.00
2018.02.07 23:04:47.479,0.94319,0.94359,1.00,1.00
2018.02.07 23:04:47.633,0.94321,0.94359,1.00,1.00
2018.02.07 23:04:48.055,0.94319,0.94359,1.50,1.00
2018.02.07 23:04:48.572,0.9432,0.94359,1.00,1.00
2018.02.07 23:04:49.084,0.94319,0.94359,1.00,1.00
2018.02.07 23:04:49.238,0.94321,0.94359,1.00,1.00
2018.02.07 23:04:50.993,0.94319,0.94359,1.00,1.00
2018.02.07 23:04:51.147,0.94321,0.94359,1.00,1.00
2018.02.07 23:04:51.741,0.94319,0.94359,1.00,1.00
2018.02.07 23:04:52.253,0.94318,0.94358,1.00,1.00
2018.02.07 23:04:55.059,0.94317,0.94356,1.69,1.00
2018.02.07 23:04:55.750,0.94318,0.94356,1.00,1.00
2018.02.07 23:04:58.775,0.94319,0.94356,1.00,1.00
2018.02.07 23:05:00.195,0.94316,0.94356,1.00,1.00
2018.02.07 23:05:02.928,0.94318,0.94358,1.00,1.00
2018.02.07 23:05:26.025,0.94318,0.94355,1.00,1.00
2018.02.07 23:05:26.128,0.94316,0.94355,1.00,1.50
2018.02.07 23:05:26.334,0.94314,0.94354,1.00,1.00
2018.02.07 23:05:26.853,0.94313,0.94353,1.00,1.00
2018.02.07 23:05:28.352,0.94313,0.94352,1.00,1.00
2018.02.07 23:05:30.865,0.94313,0.94353,1.00,1.00
2018.02.07 23:05:31.382,0.94314,0.94354,1.00,1.00
2018.02.07 23:05:31.556,0.94316,0.94356,1.00,1.00
2018.02.07 23:06:02.542,0.94316,0.94352,1.00,1.00
2018.02.07 23:06:02.645,0.94314,0.94352,1.00,1.00
2018.02.07 23:06:02.794,0.94312,0.94352,1.00,1.00
2018.02.07 23:06:02.846,0.9431,0.9435,1.00,1.00
2018.02.07 23:06:03.156,0.94306,0.94346,1.50,1.00
2018.02.07 23:06:03.312,0.94304,0.94346,1.00,1.00
2018.02.07 23:06:03.365,0.94306,0.94346,1.00,1.00
2018.02.07 23:06:03.469,0.94304,0.94345,1.00,1.00
2018.02.07 23:06:03.624,0.94303,0.94342,1.00,1.00
2018.02.07 23:06:03.728,0.94301,0.94341,1.50,1.00
2018.02.07 23:06:03.780,0.94304,0.94341,1.00,1.00
2018.02.07 23:06:03.832,0.94301,0.94341,1.50,1.00
2018.02.07 23:06:04.670,0.94302,0.94344,1.00,1.50
2018.02.07 23:06:10.293,0.94305,0.94345,1.00,1.00
2018.02.07 23:06:10.686,0.94314,0.94353,1.00,1.00
2018.02.07 23:06:12.798,0.94314,0.94354,1.00,2.25
2018.02.07 23:06:13.458,0.94314,0.94353,1.00,1.50
2018.02.07 23:06:16.878,0.94314,0.9435,1.00,1.00
2018.02.07 23:06:17.203,0.94309,0.94345,1.00,1.50
2018.02.07 23:06:17.715,0.94309,0.94344,1.00,1.00
2018.02.07 23:06:23.795,0.94309,0.94343,1.00,1.00
2018.02.07 23:06:24.307,0.94309,0.94342,1.00,1.00
2018.02.07 23:06:24.358,0.94306,0.94342,1.00,1.00
2018.02.07 23:06:24.564,0.94303,0.94341,1.00,1.00
2018.02.07 23:06:25.245,0.94303,0.94343,1.00,1.50
2018.02.07 23:06:29.047,0.94303,0.94341,1.00,1.00
2018.02.07 23:06:29.473,0.94303,0.94343,1.00,1.00
2018.02.07 23:06:31.413,0.94307,0.94338,1.00,1.00
2018.02.07 23:06:32.183,0.94306,0.94339,1.00,3.19
2018.02.07 23:06:32.778,0.94306,0.94338,1.00,1.00
2018.02.07 23:06:33.335,0.94305,0.94338,1.00,1.00
2018.02.07 23:06:33.779,0.94304,0.94336,1.00,1.00
2018.02.07 23:06:34.326,0.94304,0.94337,1.00,1.00
2018.02.07 23:06:35.181,0.94305,0.94338,1.00,3.19
2018.02.07 23:06:36.539,0.94306,0.94337,1.00,1.00
2018.02.07 23:06:37.297,0.94306,0.94338,1.00,3.19
2018.02.07 23:06:37.843,0.94305,0.94338,1.00,2.44
2018.02.07 23:06:39.624,0.94304,0.94338,1.00,1.50
2018.02.07 23:06:40.002,0.94307,0.94338,1.00,1.50
2018.02.07 23:06:40.586,0.94307,0.94337,1.00,1.00
2018.02.07 23:06:40.845,0.94305,0.94337,1.00,1.00
2018.02.07 23:06:41.356,0.94306,0.94338,1.00,1.50
2018.02.07 23:06:43.399,0.94306,0.94337,1.00,1.00
2018.02.07 23:06:44.447,0.94304,0.94338,1.00,1.50
2018.02.07 23:06:44.755,0.94306,0.94338,1.00,1.50
2018.02.07 23:06:45.679,0.94305,0.94337,1.00,1.50
2018.02.07 23:06:46.328,0.94305,0.94338,1.00,1.00
2018.02.07 23:06:46.989,0.94306,0.94337,1.00,1.00
2018.02.07 23:06:47.525,0.94306,0.94338,1.00,1.50
2018.02.07 23:06:48.243,0.94305,0.94338,1.00,1.69
2018.02.07 23:06:48.770,0.94306,0.94338,1.00,1.69
2018.02.07 23:06:49.517,0.94306,0.94337,1.00,1.00
2018.02.07 23:06:50.055,0.94306,0.94338,1.00,1.50
2018.02.07 23:06:50.621,0.94305,0.94338,1.50,1.69
2018.02.07 23:06:51.284,0.94305,0.94337,1.50,1.00
2018.02.07 23:06:51.835,0.94306,0.94338,1.00,1.50
2018.02.07 23:06:52.360,0.94305,0.94338,1.00,1.50
2018.02.07 23:06:52.879,0.94306,0.94338,1.00,1.69
2018.02.07 23:06:53.422,0.94305,0.94338,1.00,1.50
2018.02.07 23:06:53.781,0.94326,0.94338,1.00,1.50
2018.02.07 23:06:53.936,0.94309,0.94338,1.00,1.50
2018.02.07 23:06:53.988,0.94307,0.94338,1.00,1.50
2018.02.07 23:06:54.039,0.94305,0.94338,1.00,1.50
2018.02.07 23:06:54.565,0.94306,0.94337,1.00,1.00
2018.02.07 23:06:55.078,0.94306,0.94338,1.00,1.50
2018.02.07 23:06:55.130,0.94304,0.94338,1.00,1.50
2018.02.07 23:06:55.902,0.94305,0.94338,1.00,1.69
2018.02.07 23:06:56.563,0.94305,0.94337,1.00,1.00
2018.02.07 23:06:57.224,0.94306,0.94337,1.00,1.00
2018.02.07 23:06:57.737,0.94306,0.94338,1.00,1.50
2018.02.07 23:06:58.405,0.94303,0.94337,1.50,1.00
2018.02.07 23:06:58.561,0.94306,0.94337,1.00,1.00
2018.02.07 23:06:58.869,0.94304,0.94338,1.00,1.69
2018.02.07 23:06:59.024,0.94306,0.94338,1.00,1.50
2018.02.07 23:06:59.245,0.94304,0.94338,1.00,1.50
2018.02.07 23:06:59.348,0.94306,0.94338,1.00,1.50
2018.02.07 23:06:59.863,0.94306,0.94337,1.00,1.00
2018.02.07 23:07:00.382,0.94306,0.94338,1.00,1.50
2018.02.07 23:07:00.652,0.94304,0.94338,1.00,1.50
2018.02.07 23:07:00.806,0.94306,0.94338,1.00,1.50
2018.02.07 23:07:01.363,0.94306,0.94337,1.00,1.00
2018.02.07 23:07:01.825,0.94309,0.94341,1.00,1.00
2018.02.07 23:07:01.929,0.94311,0.94343,1.00,1.00
2018.02.07 23:07:02.455,0.94311,0.94342,1.50,1.00
2018.02.07 23:07:03.150,0.94311,0.94341,1.50,1.00
2018.02.07 23:07:03.607,0.94313,0.94341,1.00,1.00
2018.02.07 23:07:04.119,0.94313,0.94338,1.00,1.00
2018.02.07 23:07:04.376,0.94313,0.9434,1.00,1.00
2018.02.07 23:07:04.943,0.94313,0.94343,1.00,1.00
2018.02.07 23:07:04.995,0.94313,0.94345,1.00,1.00
2018.02.07 23:07:05.201,0.94312,0.94339,1.00,1.00
2018.02.07 23:07:05.253,0.94312,0.94341,1.00,1.00
2018.02.07 23:07:05.356,0.94313,0.94339,1.00,1.00
2018.02.07 23:07:05.714,0.94313,0.94341,1.00,1.00
2018.02.07 23:07:06.237,0.94313,0.94339,1.00,1.00
2018.02.07 23:07:06.772,0.94311,0.94339,1.00,1.00
2018.02.07 23:07:06.912,0.9431,0.94341,1.50,1.00
2018.02.07 23:07:06.964,0.94312,0.94341,1.00,1.00
2018.02.07 23:07:07.117,0.94312,0.94343,1.00,1.00
2018.02.07 23:07:07.168,0.9431,0.94343,1.50,1.50
2018.02.07 23:07:07.270,0.94312,0.94339,1.00,1.00
2018.02.07 23:07:07.422,0.94313,0.94341,1.50,1.00
2018.02.07 23:07:08.166,0.94313,0.94338,1.00,1.00
2018.02.07 23:07:08.269,0.94313,0.9434,1.00,1.00
2018.02.07 23:07:08.779,0.94314,0.94339,1.00,1.00
2018.02.07 23:07:08.831,0.94313,0.94337,1.00,1.00
2018.02.07 23:07:08.883,0.94313,0.94339,1.50,1.00
2018.02.07 23:07:09.576,0.94313,0.94338,1.50,1.00
2018.02.07 23:07:09.731,0.94312,0.94336,1.00,1.00
2018.02.07 23:07:09.783,0.94312,0.94339,1.50,1.00
2018.02.07 23:07:10.193,0.94312,0.94341,1.00,1.00
2018.02.07 23:07:10.399,0.94312,0.94345,1.00,2.25
2018.02.07 23:07:10.912,0.94312,0.9434,1.00,1.00
2018.02.07 23:07:11.459,0.94312,0.94341,2.25,1.00
2018.02.07 23:07:12.424,0.94312,0.9434,1.00,1.00
2018.02.07 23:07:12.630,0.9431,0.94342,1.50,1.00
2018.02.07 23:07:12.681,0.9431,0.94344,1.50,1.00
2018.02.07 23:07:12.734,0.9431,0.94339,1.50,1.00
2018.02.07 23:07:12.786,0.9431,0.94341,1.00,1.00
2018.02.07 23:07:12.838,0.94312,0.9434,1.00,1.00
2018.02.07 23:07:12.941,0.9431,0.94341,1.00,1.00
2018.02.07 23:07:12.993,0.9431,0.94339,1.00,1.00
2018.02.07 23:07:13.317,0.94313,0.9434,1.00,1.00
2018.02.07 23:07:14.339,0.94313,0.94339,1.50,1.00
2018.02.07 23:07:14.673,0.94313,0.94343,1.00,1.00
2018.02.07 23:07:15.186,0.94314,0.94343,1.00,1.00
2018.02.07 23:07:15.462,0.94314,0.94346,1.00,1.00
2018.02.07 23:07:15.514,0.94311,0.94344,1.00,1.00
2018.02.07 23:07:15.669,0.94314,0.94344,1.00,1.00
2018.02.07 23:07:17.009,0.94313,0.94344,1.50,1.00
2018.02.07 23:07:17.369,0.94316,0.94344,1.00,1.00
2018.02.07 23:07:17.421,0.94314,0.94343,1.50,1.00
2018.02.07 23:07:17.678,0.94312,0.94344,1.00,1.00
2018.02.07 23:07:17.730,0.9431,0.94344,1.00,1.00
2018.02.07 23:07:17.843,0.94312,0.94344,1.00,1.00
2018.02.07 23:07:17.895,0.94312,0.94346,1.00,1.69
2018.02.07 23:07:18.049,0.94314,0.94343,1.00,1.00
2018.02.07 23:07:18.638,0.94312,0.94343,1.00,1.00
2018.02.07 23:07:18.844,0.94314,0.94343,1.00,1.00
2018.02.07 23:07:18.948,0.94312,0.94343,1.00,1.00
2018.02.07 23:07:19.081,0.94314,0.94343,1.00,1.00
2018.02.07 23:07:19.756,0.94315,0.94344,1.00,1.00
2018.02.07 23:07:20.624,0.94314,0.94343,1.00,1.00
2018.02.07 23:07:21.123,0.94314,0.94341,1.00,1.00
2018.02.07 23:07:21.175,0.94313,0.94344,1.00,1.00
2018.02.07 23:07:21.432,0.94314,0.94346,1.00,1.50
2018.02.07 23:07:21.483,0.94311,0.94346,1.00,1.50
2018.02.07 23:07:21.638,0.94313,0.94345,1.00,1.50
2018.02.07 23:07:21.947,0.94311,0.94344,1.00,1.00
2018.02.07 23:07:22.101,0.94314,0.94343,1.00,1.00
2018.02.07 23:07:22.870,0.94313,0.94343,1.50,1.00
2018.02.07 23:07:23.399,0.94314,0.94343,1.00,1.00
2018.02.07 23:07:23.580,0.94315,0.94345,1.00,1.00
2018.02.07 23:07:24.204,0.94314,0.94343,1.00,1.00
2018.02.07 23:07:24.306,0.94311,0.94346,1.00,1.50
2018.02.07 23:07:24.409,0.94311,0.94343,1.50,1.00
2018.02.07 23:07:24.718,0.94313,0.94343,1.00,1.00
2018.02.07 23:07:25.676,0.94313,0.94342,1.00,1.00
2018.02.07 23:07:26.184,0.94312,0.94343,1.00,1.00
2018.02.07 23:07:26.641,0.94314,0.94344,1.00,1.00
2018.02.07 23:07:27.154,0.94314,0.94343,1.00,1.00
2018.02.07 23:07:27.206,0.94311,0.94343,1.00,1.00
2018.02.07 23:07:27.565,0.94313,0.94343,1.00,1.00
2018.02.07 23:07:28.082,0.94314,0.94342,1.50,1.00
2018.02.07 23:07:28.186,0.94312,0.94343,1.00,1.00
2018.02.07 23:07:28.289,0.94314,0.94343,1.00,1.00
2018.02.07 23:07:28.496,0.94312,0.94343,1.00,1.00
2018.02.07 23:07:29.033,0.94313,0.94343,1.00,1.00
2018.02.07 23:07:29.704,0.94314,0.94343,1.00,1.00
2018.02.07 23:07:29.756,0.94315,0.94345,1.00,1.00
2018.02.07 23:07:29.859,0.94313,0.94343,1.50,1.00
2018.02.07 23:07:30.371,0.94317,0.94345,1.00,1.00
2018.02.07 23:07:30.452,0.94313,0.94343,1.50,1.00
2018.02.07 23:07:30.504,0.94312,0.94345,1.50,1.00
2018.02.07 23:07:30.555,0.94314,0.94343,1.00,1.00
2018.02.07 23:07:31.630,0.94313,0.94343,1.50,1.00
2018.02.07 23:07:32.201,0.94314,0.94343,1.00,1.00
2018.02.07 23:07:32.783,0.94331,0.94343,1.00,1.00
2018.02.07 23:07:32.835,0.94331,0.94345,1.00,1.00
2018.02.07 23:07:33.908,0.9433,0.94345,1.00,1.00
2018.02.07 23:07:34.013,0.94327,0.94345,1.00,1.69
2018.02.07 23:07:34.117,0.94316,0.94345,1.50,1.00
2018.02.07 23:07:34.220,0.94315,0.94343,1.00,1.00
2018.02.07 23:07:34.579,0.94325,0.94345,1.00,1.00
2018.02.07 23:07:34.889,0.94296,0.94305,1.50,1.87
2018.02.07 23:07:34.941,0.94296,0.94306,1.00,1.12
2018.02.07 23:07:34.993,0.94294,0.94309,1.50,1.87
2018.02.07 23:07:35.175,0.94298,0.94313,1.00,1.00
2018.02.07 23:07:35.228,0.94318,0.94335,1.00,1.00
2018.02.07 23:07:35.280,0.9432,0.94335,1.00,1.00
2018.02.07 23:07:35.591,0.94294,0.94317,1.00,2.51
2018.02.07 23:07:35.745,0.94316,0.94334,1.00,1.00
2018.02.07 23:07:35.849,0.94297,0.94307,1.00,2.56
2018.02.07 23:07:35.901,0.94297,0.94307,1.00,1.41
2018.02.07 23:07:35.953,0.94293,0.94309,1.00,1.41
2018.02.07 23:07:36.005,0.94292,0.94317,1.50,2.16
2018.02.07 23:07:36.057,0.94294,0.94322,1.00,1.75
2018.02.07 23:07:36.160,0.94313,0.94333,1.00,1.00
2018.02.07 23:07:36.263,0.94314,0.94336,1.00,1.00
2018.02.07 23:07:36.366,0.94307,0.94316,1.00,1.00
2018.02.07 23:07:36.419,0.94295,0.94305,1.00,1.60
2018.02.07 23:07:36.471,0.94291,0.94303,1.25,1.76
2018.02.07 23:07:36.523,0.94298,0.94314,1.10,1.02
2018.02.07 23:07:36.575,0.94308,0.94319,1.00,1.22
2018.02.07 23:07:36.885,0.94299,0.94304,1.50,3.75
2018.02.07 23:07:37.024,0.94307,0.94317,1.00,1.27
2018.02.07 23:07:37.076,0.94307,0.94315,1.00,1.00
2018.02.07 23:07:37.131,0.94307,0.94314,1.00,1.00
2018.02.07 23:07:37.283,0.94305,0.94311,1.00,45.90
2018.02.07 23:07:37.802,0.94304,0.94313,1.00,13.26
2018.02.07 23:07:37.853,0.94303,0.94314,1.00,1.37
2018.02.07 23:07:37.905,0.94301,0.94315,1.00,1.00
2018.02.07 23:07:37.958,0.94311,0.94317,1.00,1.12
2018.02.07 23:07:38.166,0.94315,0.94325,1.00,1.56
2018.02.07 23:07:38.218,0.94304,0.94312,1.50,2.25
2018.02.07 23:07:38.271,0.94303,0.94312,1.00,1.35
2018.02.07 23:07:38.325,0.94307,0.94315,1.00,1.35
2018.02.07 23:07:38.430,0.94308,0.94317,1.00,1.45
2018.02.07 23:07:38.483,0.94319,0.94334,1.00,1.12
2018.02.07 23:07:38.536,0.94318,0.94335,1.00,2.10
2018.02.07 23:07:38.590,0.94316,0.94337,1.00,2.14
2018.02.07 23:07:39.179,0.94315,0.94332,1.00,1.37
2018.02.07 23:07:39.610,0.94315,0.94332,1.00,1.37
2018.02.07 23:07:39.714,0.94315,0.94333,1.00,1.37
2018.02.07 23:07:40.409,0.94319,0.94337,1.00,2.10
2018.02.07 23:07:40.722,0.94322,0.94333,1.00,1.12
2018.02.07 23:07:41.067,0.94321,0.94332,1.50,1.37
2018.02.07 23:07:41.603,0.94321,0.94332,1.00,1.00
2018.02.07 23:07:42.111,0.94334,0.94339,1.00,2.25
2018.02.07 23:07:42.218,0.94335,0.94344,1.00,1.00
2018.02.07 23:07:42.271,0.94338,0.94351,1.00,1.87
2018.02.07 23:07:42.374,0.94338,0.94353,1.00,1.37
2018.02.07 23:07:42.634,0.94338,0.94354,1.00,1.00
2018.02.07 23:07:43.153,0.94337,0.94353,1.00,1.00
2018.02.07 23:07:43.307,0.94337,0.94355,1.00,2.81
2018.02.07 23:07:43.360,0.94337,0.94353,1.00,1.00
2018.02.07 23:07:43.463,0.94337,0.94355,1.00,2.81
2018.02.07 23:07:43.568,0.94337,0.94353,1.00,1.00
2018.02.07 23:07:43.620,0.94337,0.94355,1.00,3.00
2018.02.07 23:07:43.724,0.94337,0.94353,1.00,1.00
2018.02.07 23:07:43.828,0.94337,0.94355,1.00,2.06
2018.02.07 23:07:43.880,0.94337,0.94353,1.00,1.00
2018.02.07 23:07:43.984,0.94337,0.94355,1.00,2.81
2018.02.07 23:07:44.037,0.94337,0.94353,1.00,1.00
2018.02.07 23:07:44.349,0.94332,0.94342,1.00,1.00
2018.02.07 23:07:44.870,0.94333,0.94343,1.00,1.00
2018.02.07 23:07:45.494,0.94338,0.9435,1.00,1.00
2018.02.07 23:07:45.598,0.94338,0.94353,1.00,1.00
2018.02.07 23:07:46.220,0.94337,0.94352,1.00,1.00
2018.02.07 23:07:46.966,0.94339,0.94357,1.00,1.76
2018.02.07 23:07:47.486,0.9434,0.94357,1.00,1.37
2018.02.07 23:07:49.294,0.94339,0.94357,1.00,1.37
2018.02.07 23:07:49.851,0.94338,0.94357,1.00,1.37
2018.02.07 23:07:50.232,0.9434,0.94357,1.00,1.37
2018.02.07 23:07:51.479,0.94337,0.94352,1.00,1.25
2018.02.07 23:07:52.309,0.94339,0.94352,1.00,1.00
2018.02.07 23:07:52.546,0.94336,0.94353,1.00,1.31
2018.02.07 23:07:54.935,0.94337,0.94352,1.00,1.31
2018.02.07 23:07:56.532,0.94337,0.94356,1.00,1.87
2018.02.07 23:07:57.072,0.94337,0.94358,1.00,1.37
2018.02.07 23:07:57.228,0.94337,0.9436,1.00,1.39
2018.02.07 23:07:59.357,0.94339,0.9436,1.00,1.70
2018.02.07 23:08:03.081,0.9434,0.94359,1.00,1.37
2018.02.07 23:08:03.186,0.94337,0.9436,1.00,1.39
2018.02.07 23:08:03.738,0.94338,0.94359,1.00,1.37
2018.02.07 23:08:03.984,0.94339,0.94352,1.00,1.00
2018.02.07 23:08:05.103,0.94338,0.94352,1.00,1.00
2018.02.07 23:08:05.703,0.94338,0.94353,1.00,1.25
2018.02.07 23:08:06.213,0.94338,0.94352,1.00,1.00
2018.02.07 23:08:06.786,0.94339,0.94353,1.00,1.44
2018.02.07 23:08:08.635,0.94337,0.94352,1.00,1.25
2018.02.07 23:08:09.819,0.94336,0.94352,1.00,1.25
2018.02.07 23:08:11.261,0.94337,0.94352,1.00,1.25
2018.02.07 23:08:11.764,0.94338,0.94352,1.00,1.25
2018.02.07 23:08:13.408,0.94337,0.94352,1.00,1.25
2018.02.07 23:08:16.220,0.94336,0.94352,1.00,1.25
2018.02.07 23:08:16.924,0.94335,0.94352,1.00,1.25
2018.02.07 23:08:17.513,0.94337,0.94356,1.00,3.75
2018.02.07 23:08:17.617,0.94337,0.94354,1.00,1.00
2018.02.07 23:08:17.826,0.94337,0.94356,1.00,1.12
2018.02.07 23:08:18.516,0.94333,0.94358,1.00,1.47
2018.02.07 23:08:18.570,0.94329,0.94353,1.00,1.37
2018.02.07 23:08:18.622,0.94329,0.94353,1.00,1.37
2018.02.07 23:08:19.171,0.94328,0.94351,1.00,1.37
2018.02.07 23:08:19.659,0.94328,0.94349,1.00,1.37
2018.02.07 23:08:20.192,0.94328,0.9435,1.00,1.47
2018.02.07 23:08:22.156,0.94327,0.94349,1.00,1.45
2018.02.07 23:08:24.301,0.94328,0.94349,1.00,1.45
2018.02.07 23:08:26.884,0.94329,0.9435,1.00,1.95
2018.02.07 23:08:28.014,0.9433,0.9435,1.00,1.95
2018.02.07 23:08:34.969,0.94329,0.9435,1.00,1.45
2018.02.07 23:08:35.695,0.9433,0.9435,1.00,1.45
2018.02.07 23:08:36.745,0.94329,0.94349,1.00,1.47
2018.02.07 23:08:37.513,0.9433,0.94349,1.00,1.37
2018.02.07 23:08:38.010,0.94328,0.94349,1.00,1.47
2018.02.07 23:08:38.542,0.94327,0.94351,1.00,1.95
2018.02.07 23:08:39.067,0.94327,0.9435,1.00,1.37
2018.02.07 23:08:39.119,0.94325,0.9435,1.00,1.37
2018.02.07 23:08:39.430,0.94323,0.94348,1.00,1.37
2018.02.07 23:08:39.844,0.94314,0.94347,1.00,1.00
2018.02.07 23:08:39.981,0.9432,0.94347,1.00,1.00
2018.02.07 23:08:40.034,0.9432,0.94349,1.50,1.00
2018.02.07 23:08:40.086,0.94324,0.94355,1.00,1.69
2018.02.07 23:08:40.190,0.9432,0.94351,1.00,1.00
2018.02.07 23:08:40.242,0.9432,0.94353,1.50,1.00
2018.02.07 23:08:40.825,0.94319,0.94353,1.00,1.00
2018.02.07 23:08:40.877,0.94316,0.94355,1.50,1.00
2018.02.07 23:08:41.385,0.94317,0.94355,1.00,1.00
2018.02.07 23:08:41.893,0.94318,0.94354,1.00,1.00
2018.02.07 23:08:42.046,0.94316,0.94356,1.50,1.50
2018.02.07 23:08:42.469,0.94324,0.94354,1.00,1.12
2018.02.07 23:08:42.780,0.94321,0.94351,1.00,1.00
2018.02.07 23:08:43.246,0.94323,0.94352,1.00,1.95
2018.02.07 23:08:43.762,0.94324,0.9435,1.00,1.25
2018.02.07 23:08:44.273,0.94323,0.9435,1.00,1.25
2018.02.07 23:08:44.884,0.94324,0.9435,1.00,1.25
2018.02.07 23:08:45.926,0.94323,0.9435,1.00,1.19
2018.02.07 23:08:46.234,0.94322,0.94347,1.00,1.25
2018.02.07 23:08:46.757,0.94323,0.94347,1.00,1.25
2018.02.07 23:08:47.659,0.94322,0.94347,1.00,1.25
2018.02.07 23:08:48.286,0.94322,0.94348,1.50,1.00
2018.02.07 23:08:49.055,0.94322,0.9435,1.50,1.19
2018.02.07 23:08:49.262,0.94322,0.94351,1.50,1.25
2018.02.07 23:08:49.982,0.94323,0.94351,1.00,1.25
2018.02.07 23:08:50.830,0.94325,0.94352,1.00,1.19
2018.02.07 23:08:52.378,0.94324,0.94352,1.00,1.19
2018.02.07 23:08:53.038,0.94325,0.94351,1.00,1.25
2018.02.07 23:08:53.719,0.94326,0.94351,1.00,1.25
2018.02.07 23:08:55.549,0.94324,0.94351,1.50,1.25
2018.02.07 23:08:55.602,0.94326,0.94352,1.00,1.19
2018.02.07 23:08:55.910,0.94324,0.9435,1.00,1.19
2018.02.07 23:08:56.313,0.94322,0.94348,1.00,1.25
2018.02.07 23:08:57.529,0.94323,0.94348,1.00,1.25
2018.02.07 23:08:58.491,0.94322,0.94348,1.00,1.25
2018.02.07 23:08:59.991,0.94323,0.94348,1.00,1.25
2018.02.07 23:09:00.498,0.94322,0.94348,1.00,1.25
2018.02.07 23:09:01.490,0.94321,0.94348,1.50,1.25
2018.02.07 23:09:02.326,0.94344,0.94352,1.25,2.25
2018.02.07 23:09:02.380,0.94344,0.94363,1.25,1.37
2018.02.07 23:09:02.432,0.94339,0.94362,1.37,1.25
2018.02.07 23:09:02.484,0.94332,0.94359,1.00,1.19
2018.02.07 23:09:02.587,0.94327,0.9436,1.00,2.44
2018.02.07 23:09:02.873,0.94325,0.94358,1.00,1.00
2018.02.07 23:09:03.819,0.94327,0.94357,1.00,1.31
2018.02.07 23:09:04.134,0.94325,0.94352,1.00,1.69
2018.02.07 23:09:04.446,0.94323,0.94347,1.00,1.00
2018.02.07 23:09:06.262,0.94322,0.94347,1.00,2.06
2018.02.07 23:09:06.313,0.94322,0.9435,1.00,2.66
2018.02.07 23:09:06.654,0.9432,0.94347,1.50,4.16
2018.02.07 23:09:06.965,0.9432,0.94344,1.00,1.25
2018.02.07 23:09:07.276,0.94319,0.94341,1.00,1.25
2018.02.07 23:09:07.328,0.94313,0.94341,2.25,1.16
2018.02.07 23:09:07.484,0.94317,0.94342,1.00,1.00
2018.02.07 23:09:07.639,0.94317,0.94344,1.00,1.30
2018.02.07 23:09:07.846,0.9432,0.94353,1.00,1.00
2018.02.07 23:09:07.898,0.94323,0.94356,1.00,1.00
2018.02.07 23:09:08.668,0.94325,0.94356,1.00,1.69
2018.02.07 23:09:08.969,0.94323,0.94353,1.00,4.50
2018.02.07 23:09:09.278,0.9432,0.94345,1.00,1.19
2018.02.07 23:09:09.331,0.9432,0.94347,1.00,1.50
2018.02.07 23:09:09.537,0.94319,0.94341,1.00,1.25
2018.02.07 23:09:09.589,0.94319,0.94345,1.00,1.00
2018.02.07 23:09:09.743,0.94319,0.9434,1.00,1.00
2018.02.07 23:09:09.949,0.94319,0.94342,1.00,1.30
2018.02.07 23:09:10.207,0.94319,0.94344,1.00,1.25
2018.02.07 23:09:10.746,0.94319,0.94344,1.25,1.35
2018.02.07 23:09:11.225,0.94322,0.94344,1.00,2.06
2018.02.07 23:09:11.277,0.94322,0.94344,1.00,2.06
2018.02.07 23:09:12.058,0.94322,0.94341,1.00,1.37
2018.02.07 23:09:12.364,0.94324,0.94341,1.00,1.37
2018.02.07 23:09:12.416,0.94324,0.94342,1.00,1.50
2018.02.07 23:09:12.518,0.94324,0.94335,1.00,1.37
2018.02.07 23:09:12.620,0.94324,0.94337,1.00,1.00
2018.02.07 23:09:13.221,0.94324,0.94342,1.00,1.00
2018.02.07 23:09:13.531,0.94324,0.94342,1.00,1.50
2018.02.07 23:09:13.709,0.94318,0.94342,1.69,1.00
2018.02.07 23:09:14.228,0.94318,0.9434,1.69,1.00
2018.02.07 23:09:14.755,0.94318,0.94342,1.69,1.19
2018.02.07 23:09:14.858,0.94318,0.94342,1.69,1.00
2018.02.07 23:09:15.217,0.94318,0.94344,2.44,1.72
2018.02.07 23:09:15.525,0.94318,0.94342,1.50,1.19
2018.02.07 23:09:15.576,0.94318,0.94344,2.44,1.00
2018.02.07 23:09:16.098,0.94318,0.94344,2.44,1.25
2018.02.07 23:09:16.577,0.94318,0.94343,1.69,1.19
2018.02.07 23:09:17.093,0.94318,0.94343,1.69,1.19
2018.02.07 23:09:21.520,0.94318,0.94343,1.69,1.19
2018.02.07 23:09:21.572,0.94318,0.94346,1.69,1.30
2018.02.07 23:09:22.800,0.94318,0.94343,1.50,1.19
2018.02.07 23:09:22.852,0.94318,0.94346,1.00,1.30
2018.02.07 23:09:23.677,0.94318,0.94343,2.25,1.25
2018.02.07 23:09:23.780,0.94318,0.94346,2.44,1.30
2018.02.07 23:09:24.548,0.94319,0.94344,1.25,1.25
2018.02.07 23:09:24.600,0.9432,0.94346,1.00,1.00
2018.02.07 23:09:24.704,0.9432,0.94348,1.00,1.30
2018.02.07 23:09:24.756,0.94318,0.94346,3.75,1.19
2018.02.07 23:09:24.808,0.94318,0.94348,3.75,1.00
2018.02.07 23:09:24.861,0.9432,0.94348,1.00,1.00
2018.02.07 23:09:25.169,0.9432,0.94345,1.00,1.25
2018.02.07 23:09:30.982,0.9432,0.94348,1.00,1.00
2018.02.07 23:09:31.033,0.94318,0.9435,1.69,1.30
2018.02.07 23:09:31.136,0.9432,0.9435,1.00,1.00
2018.02.07 23:09:31.188,0.94318,0.9435,1.50,1.00
2018.02.07 23:09:31.239,0.94321,0.9435,1.00,1.00
2018.02.07 23:09:31.342,0.94318,0.9435,2.44,1.00
2018.02.07 23:09:31.444,0.94321,0.9435,1.00,1.00
2018.02.07 23:09:31.496,0.94318,0.9435,2.44,1.00
2018.02.07 23:09:31.599,0.9432,0.9435,1.00,1.00
2018.02.07 23:09:31.702,0.94318,0.9435,2.44,1.00
2018.02.07 23:09:31.754,0.9432,0.9435,1.00,1.00
2018.02.07 23:09:31.837,0.94318,0.9435,2.44,1.00
2018.02.07 23:09:31.889,0.9432,0.9435,1.00,1.00
2018.02.07 23:09:32.208,0.9432,0.94348,1.00,1.19
2018.02.07 23:09:32.920,0.9432,0.94348,1.00,1.25
2018.02.07 23:09:33.249,0.94318,0.94352,2.44,1.30
2018.02.07 23:09:34.132,0.94318,0.94352,1.50,1.49
2018.02.07 23:09:34.236,0.94318,0.94354,2.44,3.00
2018.02.07 23:09:34.544,0.94318,0.94351,2.44,1.19
2018.02.07 23:09:36.327,0.94318,0.94354,1.69,1.30
2018.02.07 23:09:37.414,0.94318,0.94351,1.50,1.19
2018.02.07 23:09:37.602,0.94318,0.94354,2.44,1.30
2018.02.07 23:09:37.909,0.94318,0.94351,1.50,1.19
2018.02.07 23:09:37.961,0.94318,0.94354,1.00,1.30
2018.02.07 23:09:38.422,0.94318,0.94351,2.25,1.19
2018.02.07 23:09:38.578,0.94318,0.94354,2.44,3.22
2018.02.07 23:09:38.783,0.94318,0.9435,1.50,1.25
2018.02.07 23:09:38.835,0.94318,0.94354,1.50,3.22
2018.02.07 23:09:39.775,0.94318,0.9435,2.25,1.00
2018.02.07 23:09:44.121,0.94318,0.94351,2.44,1.25
2018.02.07 23:09:44.173,0.94318,0.94354,2.44,2.25
2018.02.07 23:09:44.691,0.94318,0.94355,2.44,3.97
2018.02.07 23:09:45.051,0.94318,0.94357,3.19,1.50
2018.02.07 23:09:45.617,0.94319,0.94357,1.00,1.00
2018.02.07 23:09:45.824,0.9432,0.94359,1.00,1.50
2018.02.07 23:09:46.372,0.94321,0.9436,1.00,1.19
2018.02.07 23:09:46.895,0.9432,0.94359,1.50,1.00
2018.02.07 23:09:47.952,0.94322,0.94356,1.00,1.00
2018.02.07 23:09:50.161,0.9432,0.94357,1.00,1.00
2018.02.07 23:09:50.367,0.9432,0.94359,1.00,1.69
2018.02.07 23:09:52.262,0.9432,0.9436,1.00,1.50
2018.02.07 23:09:52.518,0.94322,0.94357,1.00,1.00
2018.02.07 23:09:57.586,0.9432,0.94359,1.50,1.00
2018.02.07 23:09:57.637,0.94321,0.94356,1.00,1.00
2018.02.07 23:09:57.740,0.9432,0.94359,1.50,1.00
2018.02.07 23:09:57.842,0.94321,0.94356,1.00,1.00
2018.02.07 23:09:57.894,0.9432,0.94359,1.50,1.00
2018.02.07 23:09:57.997,0.94321,0.94356,1.00,1.00
2018.02.07 23:09:58.049,0.9432,0.94359,1.50,1.00
2018.02.07 23:09:59.496,0.9432,0.94358,2.25,1.00
2018.02.07 23:10:00.226,0.9432,0.94359,2.25,1.00
2018.02.07 23:10:00.533,0.94321,0.94361,1.00,1.00
2018.02.07 23:10:00.688,0.94323,0.9436,1.00,1.00
2018.02.07 23:10:01.389,0.94323,0.94361,1.00,1.00
2018.02.07 23:10:01.968,0.94323,0.9436,1.00,1.00
2018.02.07 23:10:02.442,0.94323,0.94358,1.00,1.00
2018.02.07 23:10:02.495,0.94323,0.94361,1.00,1.50
2018.02.07 23:10:02.702,0.94321,0.9436,1.50,1.00
2018.02.07 23:10:03.166,0.94324,0.94358,1.00,1.00
2018.02.07 23:10:03.218,0.94321,0.9436,1.00,1.50
2018.02.07 23:10:03.423,0.94323,0.9436,1.00,1.50
2018.02.07 23:10:03.526,0.94321,0.9436,1.50,1.00
2018.02.07 23:10:03.629,0.94321,0.94358,1.50,1.00
2018.02.07 23:10:03.682,0.94321,0.9436,1.00,1.50
2018.02.07 23:10:04.364,0.94321,0.94358,1.50,1.00
2018.02.07 23:10:04.416,0.94321,0.9436,1.00,1.00
2018.02.07 23:10:04.519,0.94321,0.94358,1.50,1.00
2018.02.07 23:10:04.570,0.94321,0.9436,1.00,1.50
2018.02.07 23:10:05.191,0.94323,0.9436,1.00,1.00
2018.02.07 23:10:05.502,0.94321,0.94361,1.00,1.50
2018.02.07 23:10:05.671,0.94322,0.94358,1.00,1.00
2018.02.07 23:10:05.723,0.94321,0.9436,1.00,1.50
2018.02.07 23:10:06.641,0.94322,0.9436,1.00,1.50
2018.02.07 23:10:07.150,0.94322,0.94358,1.00,1.00
2018.02.07 23:10:07.252,0.94322,0.9436,1.00,1.50
2018.02.07 23:10:08.733,0.94327,0.94357,1.00,1.00
2018.02.07 23:10:09.375,0.94327,0.94355,1.00,1.19
2018.02.07 23:10:09.686,0.94327,0.9435,1.00,1.19
2018.02.07 23:10:10.226,0.94327,0.94349,1.00,1.69
2018.02.07 23:10:11.276,0.94327,0.94349,1.00,1.69
2018.02.07 23:10:12.653,0.94328,0.94349,1.00,1.19
2018.02.07 23:10:13.193,0.94328,0.94349,1.00,1.25
2018.02.07 23:10:13.367,0.94325,0.94349,1.00,1.19
2018.02.07 23:10:13.420,0.94323,0.9433,1.00,1.87
2018.02.07 23:10:13.473,0.9432,0.9433,1.00,1.87
2018.02.07 23:10:13.526,0.9432,0.9433,1.00,1.00
2018.02.07 23:10:13.580,0.94318,0.94343,2.44,2.25
2018.02.07 23:10:13.685,0.94318,0.94343,2.44,1.87
2018.02.07 23:10:14.048,0.94317,0.94345,1.00,1.50
2018.02.07 23:10:14.360,0.94319,0.94345,1.00,1.00
2018.02.07 23:10:14.463,0.94317,0.94345,1.50,1.00
2018.02.07 23:10:14.515,0.94317,0.94349,1.00,2.47
2018.02.07 23:10:14.567,0.94319,0.94351,1.00,2.62
2018.02.07 23:10:15.102,0.94321,0.94352,1.00,1.00
2018.02.07 23:10:15.515,0.94321,0.94351,1.00,1.19
2018.02.07 23:10:15.827,0.9432,0.94349,1.00,1.19
2018.02.07 23:10:16.496,0.9432,0.94346,1.00,1.25
2018.02.07 23:10:16.549,0.94318,0.94346,2.25,1.25
2018.02.07 23:10:17.402,0.94322,0.94348,1.50,1.19
2018.02.07 23:10:17.610,0.94324,0.9435,1.87,1.25
2018.02.07 23:10:18.027,0.94326,0.94351,1.00,1.19
2018.02.07 23:10:18.278,0.94324,0.94353,1.87,1.50
2018.02.07 23:10:20.160,0.94324,0.94351,2.25,1.00
2018.02.07 23:10:20.369,0.9432,0.94348,2.62,1.75
2018.02.07 23:10:20.422,0.9432,0.94348,1.50,1.00
2018.02.07 23:10:20.476,0.9432,0.94346,1.50,1.25
2018.02.07 23:10:20.993,0.94323,0.94349,1.00,2.47
2018.02.07 23:10:21.448,0.94326,0.94347,1.00,1.19
2018.02.07 23:10:21.861,0.94326,0.94348,1.00,1.00
2018.02.07 23:10:22.123,0.94326,0.94347,1.87,1.19
2018.02.07 23:10:22.438,0.94323,0.94347,1.00,1.25
2018.02.07 23:10:22.491,0.94323,0.94351,1.00,2.25
2018.02.07 23:10:22.544,0.94321,0.94351,1.00,1.72
2018.02.07 23:10:22.908,0.94322,0.94354,1.00,1.50
2018.02.07 23:10:23.421,0.94322,0.94355,1.50,1.00
2018.02.07 23:10:23.680,0.94323,0.94357,1.00,1.00
2018.02.07 23:10:23.732,0.94323,0.94354,1.00,1.00
2018.02.07 23:10:23.785,0.94323,0.94358,1.00,4.72
2018.02.07 23:10:23.888,0.94323,0.94354,1.00,1.25
2018.02.07 23:10:23.992,0.94323,0.94358,1.00,4.72
2018.02.07 23:10:24.095,0.94323,0.94354,1.00,1.25
2018.02.07 23:10:25.108,0.94325,0.94354,1.00,1.25
2018.02.07 23:10:25.822,0.94325,0.94357,1.00,1.00
2018.02.07 23:10:26.958,0.94325,0.94354,1.00,1.25
2018.02.07 23:10:27.802,0.94324,0.94354,1.00,1.25
2018.02.07 23:10:28.233,0.94324,0.94357,1.00,1.87
2018.02.07 23:10:28.749,0.94324,0.94357,1.00,1.50
2018.02.07 23:10:29.367,0.94324,0.94358,1.00,1.50
2018.02.07 23:10:29.419,0.94324,0.94356,1.00,1.19
2018.02.07 23:10:29.575,0.94326,0.94358,1.00,1.00
2018.02.07 23:10:29.955,0.94326,0.94355,1.00,1.25
2018.02.07 23:10:30.384,0.94326,0.94357,1.00,1.00
2018.02.07 23:10:30.900,0.94326,0.94355,1.00,1.25
2018.02.07 23:10:31.623,0.94326,0.94358,1.00,1.00
2018.02.07 23:10:32.019,0.94326,0.94357,1.00,2.62
2018.02.07 23:10:32.330,0.94327,0.94355,1.00,1.72
2018.02.07 23:10:32.658,0.94327,0.94352,1.00,1.25
2018.02.07 23:10:33.140,0.94325,0.94354,1.00,1.50
2018.02.07 23:10:33.401,0.94323,0.94353,1.00,1.25
2018.02.07 23:10:33.505,0.94323,0.94352,1.00,1.31
2018.02.07 23:10:33.558,0.94323,0.94352,1.00,1.05
2018.02.07 23:10:34.632,0.94323,0.94348,1.00,1.00
2018.02.07 23:10:34.864,0.94322,0.94352,1.37,2.66
2018.02.07 23:10:34.970,0.94322,0.94349,1.37,1.00
2018.02.07 23:10:35.490,0.94322,0.9435,1.37,1.25
2018.02.07 23:10:35.814,0.94322,0.94348,1.00,1.25
2018.02.07 23:10:37.305,0.94323,0.94348,1.00,1.25
2018.02.07 23:10:45.254,0.94323,0.94347,1.12,1.00
2018.02.07 23:10:45.309,0.94323,0.9435,1.00,1.25
2018.02.07 23:10:45.621,0.94321,0.94351,1.00,1.75
2018.02.07 23:10:45.674,0.94321,0.94349,1.00,1.12
2018.02.07 23:10:45.831,0.94321,0.94348,1.00,2.25
2018.02.07 23:10:45.883,0.94321,0.94349,1.00,2.62
2018.02.07 23:10:46.144,0.94318,0.94348,1.87,3.04
2018.02.07 23:10:46.556,0.94318,0.94346,1.00,1.19
2018.02.07 23:10:46.608,0.94318,0.94348,1.12,3.41
2018.02.07 23:10:47.465,0.94318,0.94347,2.25,1.00
2018.02.07 23:10:47.833,0.94318,0.94344,3.75,1.25
2018.02.07 23:10:47.887,0.94318,0.94347,1.12,1.00
2018.02.07 23:10:48.200,0.94318,0.94344,1.00,1.00
2018.02.07 23:10:48.512,0.94324,0.94349,2.62,1.50
2018.02.07 23:10:48.668,0.94324,0.94351,4.50,1.50
2018.02.07 23:10:48.720,0.94324,0.94351,3.37,1.00
2018.02.07 23:10:48.877,0.94325,0.94353,3.37,3.97
2018.02.07 23:10:49.032,0.94326,0.94356,3.37,4.50
2018.02.07 23:10:49.085,0.94326,0.94355,3.37,1.44
2018.02.07 23:10:49.216,0.94327,0.94358,2.25,1.50
2018.02.07 23:10:49.268,0.94327,0.94358,2.25,1.69
2018.02.07 23:10:49.630,0.94325,0.94353,2.62,1.25
2018.02.07 23:10:49.682,0.94325,0.94356,2.25,1.72
2018.02.07 23:10:49.785,0.94324,0.94352,4.50,1.25
2018.02.07 23:10:49.940,0.94326,0.94358,3.37,1.50
2018.02.07 23:10:50.200,0.94329,0.9436,2.25,1.72
2018.02.07 23:10:50.407,0.9433,0.94362,2.25,4.72
2018.02.07 23:10:50.564,0.94329,0.9436,3.37,1.25
2018.02.07 23:10:50.668,0.9433,0.94363,1.50,2.25
2018.02.07 23:10:50.771,0.9433,0.9436,1.50,1.25
2018.02.07 23:10:51.462,0.94328,0.94359,3.37,1.12
2018.02.07 23:10:51.566,0.94326,0.94357,3.37,3.00
2018.02.07 23:10:51.670,0.94324,0.94356,3.75,1.00
2018.02.07 23:10:52.183,0.94323,0.94353,1.50,1.00
2018.02.07 23:10:52.234,0.94323,0.94356,3.37,1.72
2018.02.07 23:10:52.810,0.94323,0.94356,6.75,1.22
2018.02.07 23:10:52.960,0.94324,0.94357,3.37,2.66
2018.02.07 23:10:53.293,0.94324,0.94353,3.37,1.19
2018.02.07 23:10:53.451,0.94323,0.94356,2.25,1.22
2018.02.07 23:10:53.814,0.94322,0.94353,3.37,1.00
2018.02.07 23:10:53.866,0.94322,0.94356,2.62,1.72
2018.02.07 23:10:53.969,0.94323,0.94347,3.75,1.00
2018.02.07 23:10:54.195,0.94321,0.94349,2.25,1.50
2018.02.07 23:10:54.301,0.94322,0.94351,2.25,1.50
2018.02.07 23:10:54.406,0.94322,0.94349,2.25,1.00
2018.02.07 23:10:54.562,0.94321,0.94351,1.00,1.72
2018.02.07 23:10:54.666,0.9432,0.94347,4.12,1.00
2018.02.07 23:10:54.770,0.9432,0.94349,4.12,4.72
2018.02.07 23:10:55.083,0.9432,0.94343,3.37,1.19
2018.02.07 23:10:55.135,0.9432,0.94347,3.37,1.91
2018.02.07 23:10:55.239,0.94319,0.94342,4.12,1.25
2018.02.07 23:10:55.701,0.94321,0.94346,4.12,4.16
2018.02.07 23:10:55.906,0.94321,0.94346,3.00,5.66
2018.02.07 23:10:56.592,0.94319,0.94345,1.12,2.85
2018.02.07 23:10:57.093,0.94319,0.94341,1.12,1.00
2018.02.07 23:10:57.667,0.94319,0.94345,1.00,3.97
2018.02.07 23:10:57.771,0.94318,0.94325,3.19,1.37
2018.02.07 23:10:57.875,0.94319,0.94344,1.00,4.50
2018.02.07 23:10:57.927,0.94319,0.94344,1.00,6.60
2018.02.07 23:10:57.979,0.94321,0.94341,1.00,1.25
2018.02.07 23:10:59.855,0.94328,0.94344,1.00,1.00
2018.02.07 23:10:59.907,0.94328,0.9435,1.00,1.72
2018.02.07 23:10:59.960,0.94328,0.94348,1.00,1.19
2018.02.07 23:11:00.495,0.94327,0.9435,1.87,1.87
2018.02.07 23:11:00.767,0.94328,0.94351,1.87,1.19
2018.02.07 23:11:02.230,0.94327,0.9435,2.25,1.19
2018.02.07 23:11:02.538,0.94327,0.94349,1.50,1.19
2018.02.07 23:11:03.158,0.94328,0.94349,1.12,1.69
2018.02.07 23:11:03.711,0.94328,0.94347,1.00,1.19
2018.02.07 23:11:04.296,0.94327,0.94347,1.50,1.69
2018.02.07 23:11:04.636,0.94319,0.94331,1.00,1.37
2018.02.07 23:11:04.740,0.94319,0.94333,1.00,1.50
2018.02.07 23:11:04.792,0.94319,0.94335,1.00,1.37
2018.02.07 23:11:04.897,0.94319,0.94337,1.00,1.00
2018.02.07 23:11:05.052,0.94319,0.9434,1.00,1.00
2018.02.07 23:11:05.156,0.94319,0.94342,1.00,1.00
2018.02.07 23:11:05.364,0.94319,0.9434,1.00,1.00
2018.02.07 23:11:05.417,0.94319,0.94343,1.00,1.54
2018.02.07 23:11:05.674,0.94317,0.9434,1.00,1.00
2018.02.07 23:11:05.825,0.94317,0.94343,1.00,1.00
2018.02.07 23:11:05.878,0.94317,0.94346,1.00,1.25
2018.02.07 23:11:05.930,0.94317,0.94348,1.00,1.25
2018.02.07 23:11:06.033,0.94319,0.94348,1.00,1.00
2018.02.07 23:11:06.395,0.9432,0.94347,1.00,2.25
2018.02.07 23:11:06.447,0.9432,0.94349,1.00,1.00
2018.02.07 23:11:06.551,0.9432,0.94352,1.00,2.25
2018.02.07 23:11:06.603,0.94323,0.94352,1.00,1.69
2018.02.07 23:11:06.986,0.94323,0.94346,1.00,1.00
2018.02.07 23:11:07.039,0.94321,0.94348,1.00,1.50
2018.02.07 23:11:07.091,0.94321,0.9435,1.00,1.50
2018.02.07 23:11:07.212,0.94319,0.94352,1.12,7.54
2018.02.07 23:11:07.263,0.94319,0.94348,1.12,1.19
2018.02.07 23:11:08.246,0.94322,0.94347,1.00,1.69
2018.02.07 23:11:08.609,0.94322,0.94347,1.00,2.06
2018.02.07 23:11:09.164,0.94322,0.94345,1.00,2.25
2018.02.07 23:11:09.675,0.94321,0.94345,1.00,1.50
2018.02.07 23:11:10.185,0.9432,0.94342,1.00,1.50
2018.02.07 23:11:10.491,0.94318,0.9434,1.50,1.50
2018.02.07 23:11:10.801,0.94316,0.94325,1.87,1.37
2018.02.07 23:11:10.853,0.94314,0.94334,1.37,1.00
2018.02.07 23:11:10.905,0.94316,0.94341,1.00,3.00
2018.02.07 23:11:11.058,0.94318,0.94341,1.00,1.50
2018.02.07 23:11:11.211,0.94316,0.9434,1.00,1.50
2018.02.07 23:11:11.519,0.94318,0.9434,1.00,1.50
2018.02.07 23:11:11.725,0.94316,0.9434,1.00,1.50
2018.02.07 23:11:12.085,0.94318,0.9434,1.00,1.50
2018.02.07 23:11:12.676,0.94317,0.9434,1.00,1.37
2018.02.07 23:11:13.189,0.94318,0.9434,1.00,1.50
2018.02.07 23:11:13.717,0.94317,0.9434,1.00,1.50
2018.02.07 23:11:14.329,0.94316,0.9434,1.50,1.50
2018.02.07 23:11:14.667,0.94318,0.94341,1.00,1.50
2018.02.07 23:11:15.027,0.94316,0.9434,2.25,1.50
2018.02.07 23:11:15.129,0.94318,0.9434,1.00,1.50
2018.02.07 23:11:17.429,0.94318,0.94342,1.50,2.25
2018.02.07 23:11:18.934,0.94318,0.94341,1.00,1.75
2018.02.07 23:11:20.079,0.94318,0.9434,2.62,1.50
2018.02.07 23:11:20.348,0.94319,0.94342,1.12,1.12
2018.02.07 23:11:20.769,0.94319,0.94345,1.12,1.50
2018.02.07 23:11:21.385,0.94319,0.94345,1.87,1.50
2018.02.07 23:11:22.481,0.94319,0.94345,1.12,1.50
2018.02.07 23:11:22.997,0.94318,0.94345,1.87,1.50
2018.02.07 23:11:23.809,0.94318,0.94348,1.87,1.19
2018.02.07 23:11:23.862,0.94318,0.94346,1.87,1.50
2018.02.07 23:11:26.287,0.94319,0.94346,1.12,1.00
2018.02.07 23:11:26.808,0.94319,0.94346,1.12,1.50
2018.02.07 23:11:27.439,0.94319,0.94346,1.12,1.50
2018.02.07 23:11:28.002,0.94319,0.94346,1.12,1.50
2018.02.07 23:11:29.077,0.94321,0.94345,1.00,1.00
2018.02.07 23:11:29.389,0.94322,0.94343,1.00,1.00
2018.02.07 23:11:30.883,0.94324,0.94345,1.00,1.00
2018.02.07 23:11:31.198,0.94324,0.94346,1.00,3.37
2018.02.07 23:11:31.304,0.94324,0.94345,1.00,1.12
2018.02.07 23:11:32.010,0.94324,0.94347,1.00,1.50
2018.02.07 23:11:33.106,0.94323,0.94348,1.00,1.75
2018.02.07 23:11:34.160,0.94326,0.94348,1.00,1.75
2018.02.07 23:11:34.852,0.94327,0.94347,1.00,1.50
2018.02.07 23:11:36.092,0.94326,0.94347,1.00,1.50
2018.02.07 23:11:36.753,0.94325,0.94347,1.00,1.50
2018.02.07 23:11:37.292,0.94324,0.94347,1.00,1.50
2018.02.07 23:11:37.953,0.94324,0.94347,1.00,1.50
2018.02.07 23:11:38.475,0.94324,0.94347,1.00,1.50
2018.02.07 23:11:39.908,0.94326,0.94347,1.00,1.50
2018.02.07 23:11:40.581,0.94326,0.94347,1.00,1.50
2018.02.07 23:11:41.254,0.94326,0.94347,1.00,1.50
2018.02.07 23:11:41.812,0.94327,0.94347,1.00,1.50
2018.02.07 23:11:46.841,0.94329,0.94347,1.00,1.50
2018.02.07 23:11:46.947,0.94327,0.94347,1.00,1.50
2018.02.07 23:11:50.581,0.94327,0.94347,1.00,1.00
2018.02.07 23:11:52.630,0.94327,0.94348,1.00,1.75
2018.02.07 23:11:53.202,0.94328,0.94348,1.00,1.75
2018.02.07 23:11:54.915,0.94328,0.94347,1.00,1.00
2018.02.07 23:11:55.934,0.94328,0.94348,1.00,1.75
2018.02.07 23:11:56.464,0.94327,0.94348,1.00,1.75
2018.02.07 23:11:58.206,0.94327,0.94348,1.00,1.50
2018.02.07 23:11:58.259,0.94327,0.9435,1.00,1.50
2018.02.07 23:11:58.777,0.94326,0.94348,1.00,1.50
2018.02.07 23:11:59.298,0.94325,0.94348,1.00,1.50
2018.02.07 23:12:04.411,0.94325,0.94349,1.00,1.50
2018.02.07 23:12:04.690,0.9432,0.9435,1.50,1.50
2018.02.07 23:12:04.745,0.94323,0.9435,1.00,1.00
2018.02.07 23:12:05.265,0.94322,0.9435,1.00,1.50
2018.02.07 23:12:05.578,0.94324,0.9435,1.00,1.50
2018.02.07 23:12:06.436,0.94324,0.9435,1.00,1.12
2018.02.07 23:12:06.541,0.94321,0.94351,1.00,1.50
2018.02.07 23:12:06.773,0.94323,0.94351,1.00,3.37
2018.02.07 23:12:09.805,0.94325,0.94351,1.00,1.50
2018.02.07 23:12:13.112,0.94325,0.94351,1.00,1.75
2018.02.07 23:12:13.626,0.94324,0.94352,1.00,3.00
2018.02.07 23:12:14.144,0.94322,0.9435,1.50,1.12
2018.02.07 23:12:14.697,0.94323,0.9435,1.00,1.50
2018.02.07 23:12:15.461,0.94323,0.94349,1.00,1.50
2018.02.07 23:12:15.668,0.94322,0.9435,1.50,1.50
2018.02.07 23:12:16.188,0.94322,0.9435,1.50,1.50
2018.02.07 23:12:16.698,0.94323,0.9435,1.00,1.50
2018.02.07 23:12:17.184,0.9432,0.94349,2.25,1.50
2018.02.07 23:12:17.236,0.94322,0.94349,1.00,1.50
2018.02.07 23:12:18.019,0.94323,0.94349,1.00,2.25
2018.02.07 23:12:19.669,0.94323,0.94349,1.00,1.12
2018.02.07 23:12:20.599,0.94323,0.94349,1.00,1.50
2018.02.07 23:12:20.755,0.9432,0.94349,3.00,1.50
2018.02.07 23:12:20.860,0.94322,0.94349,1.00,1.50
2018.02.07 23:12:21.622,0.94323,0.94349,1.00,1.50
2018.02.07 23:12:22.190,0.94323,0.9435,1.00,1.75
2018.02.07 23:12:27.184,0.94323,0.94355,1.00,1.12
2018.02.07 23:12:27.651,0.94322,0.9435,1.00,1.37
2018.02.07 23:12:28.536,0.94322,0.94355,1.00,1.87
2018.02.07 23:12:33.420,0.94322,0.94355,1.00,1.00
2018.02.07 23:12:34.356,0.94322,0.94356,1.00,1.00
2018.02.07 23:12:34.618,0.9432,0.94352,2.25,1.37
2018.02.07 23:12:34.724,0.94322,0.94354,1.50,1.37
2018.02.07 23:12:34.938,0.94322,0.94357,1.50,2.25
2018.02.07 23:12:35.093,0.94322,0.94352,1.00,1.37
2018.02.07 23:12:35.196,0.94322,0.94353,1.00,1.00
2018.02.07 23:12:37.931,0.94323,0.94354,1.00,1.00
2018.02.07 23:12:38.033,0.94323,0.94357,1.00,2.25
2018.02.07 23:12:38.569,0.94322,0.94357,1.50,1.87
2018.02.07 23:12:39.086,0.94322,0.94356,1.57,1.00
2018.02.07 23:12:39.605,0.94322,0.94357,1.50,1.50
2018.02.07 23:12:40.152,0.94322,0.94356,1.50,1.00
2018.02.07 23:12:47.517,0.94322,0.94355,1.00,1.37
2018.02.07 23:12:47.621,0.94322,0.94356,1.00,1.00
2018.02.07 23:12:48.732,0.94322,0.94352,1.00,1.37
2018.02.07 23:12:48.785,0.94322,0.94352,1.00,1.00
2018.02.07 23:12:48.876,0.9432,0.94354,1.50,1.87
2018.02.07 23:12:49.081,0.94323,0.94354,1.00,1.50
2018.02.07 23:12:49.133,0.94323,0.94355,1.00,1.12
2018.02.07 23:12:49.338,0.94323,0.94352,1.00,1.37
2018.02.07 23:12:49.390,0.94323,0.94353,1.00,1.00
2018.02.07 23:12:49.595,0.94323,0.94355,1.00,1.87
2018.02.07 23:12:49.646,0.94321,0.94355,1.00,1.12
2018.02.07 23:12:49.748,0.94322,0.94352,1.00,1.37
2018.02.07 23:12:49.851,0.94322,0.94353,1.00,1.00
2018.02.07 23:12:53.804,0.94322,0.94355,1.00,1.00
2018.02.07 23:12:54.377,0.94322,0.94356,1.00,1.12
2018.02.07 23:12:54.886,0.94322,0.94355,1.00,1.00
2018.02.07 23:12:55.039,0.94319,0.94355,2.25,1.31
2018.02.07 23:12:55.091,0.94322,0.94355,1.00,1.12
2018.02.07 23:12:55.473,0.94322,0.94354,1.00,1.37
2018.02.07 23:12:56.052,0.94321,0.94355,1.00,1.00
2018.02.07 23:12:56.568,0.94322,0.94356,1.00,3.00
2018.02.07 23:12:57.615,0.94322,0.94354,1.00,1.00
2018.02.07 23:12:58.328,0.94322,0.94355,1.00,1.00
2018.02.07 23:12:59.047,0.9432,0.94356,1.87,1.87
2018.02.07 23:12:59.099,0.94322,0.94356,1.00,3.00
2018.02.07 23:12:59.507,0.94322,0.94352,1.00,1.37
2018.02.07 23:12:59.609,0.94322,0.94353,1.00,1.12
2018.02.07 23:12:59.864,0.9432,0.94353,1.50,1.50
2018.02.07 23:13:00.048,0.94323,0.94354,1.00,3.00
2018.02.07 23:13:00.507,0.94323,0.94352,1.00,1.87
2018.02.07 23:13:00.559,0.94323,0.94353,1.00,1.12
2018.02.07 23:13:01.426,0.94323,0.94352,1.00,1.00
2018.02.07 23:13:02.207,0.94323,0.94354,1.00,2.25
2018.02.07 23:13:02.470,0.94323,0.94355,1.00,2.25
2018.02.07 23:13:02.576,0.94323,0.94354,1.00,1.75
2018.02.07 23:13:02.889,0.94322,0.9435,1.00,1.50
2018.02.07 23:13:03.202,0.94322,0.94346,1.00,1.00
2018.02.07 23:13:03.748,0.94322,0.94347,1.00,1.50
2018.02.07 23:13:04.891,0.9432,0.94345,1.00,1.00
2018.02.07 23:13:05.202,0.94322,0.94347,1.00,1.00
2018.02.07 23:13:07.108,0.94322,0.9435,1.00,1.12
2018.02.07 23:13:08.160,0.94336,0.94353,3.00,3.00
2018.02.07 23:13:08.483,0.94337,0.94353,1.46,1.50
2018.02.07 23:13:09.049,0.94337,0.94353,1.96,2.25
2018.02.07 23:13:09.234,0.94327,0.94354,1.45,2.25
2018.02.07 23:13:09.338,0.94322,0.94355,1.00,1.50
2018.02.07 23:13:09.390,0.94322,0.94354,1.00,1.75
2018.02.07 23:13:09.442,0.9432,0.94354,1.00,1.75
2018.02.07 23:13:09.546,0.94317,0.94354,1.12,2.25
2018.02.07 23:13:09.855,0.94318,0.9435,1.00,1.31
2018.02.07 23:13:10.358,0.94317,0.9435,1.12,1.50
2018.02.07 23:13:11.146,0.94317,0.9435,1.12,1.69
2018.02.07 23:13:11.465,0.94318,0.94351,1.50,2.47
2018.02.07 23:13:12.030,0.94318,0.94351,1.50,1.35
2018.02.07 23:13:12.185,0.94318,0.94348,1.00,1.25
2018.02.07 23:13:12.237,0.94318,0.94351,1.00,2.47
2018.02.07 23:13:13.418,0.94318,0.94351,1.00,2.47
2018.02.07 23:13:13.528,0.94318,0.94351,1.00,2.66
2018.02.07 23:13:14.053,0.94318,0.94351,1.12,2.47
2018.02.07 23:13:14.724,0.94317,0.94351,1.12,1.72
2018.02.07 23:13:14.879,0.94319,0.94351,1.00,1.72
2018.02.07 23:13:14.932,0.94317,0.94351,1.00,1.72
2018.02.07 23:13:15.650,0.94316,0.94351,1.12,1.72
2018.02.07 23:13:16.006,0.94318,0.94348,1.00,1.00
2018.02.07 23:13:16.554,0.94318,0.94348,1.50,1.25
2018.02.07 23:13:17.842,0.94318,0.94348,1.12,1.25
2018.02.07 23:13:18.378,0.94317,0.94348,1.12,1.50
2018.02.07 23:13:18.688,0.94317,0.94346,1.50,1.50
2018.02.07 23:13:19.305,0.94316,0.94342,3.37,1.25
2018.02.07 23:13:19.358,0.94317,0.94345,1.50,1.42
2018.02.07 23:13:19.575,0.94318,0.94341,1.12,1.25
2018.02.07 23:13:19.627,0.94318,0.94345,1.12,3.19
2018.02.07 23:13:19.833,0.94316,0.94341,3.75,1.25
2018.02.07 23:13:19.885,0.94316,0.94345,3.75,4.16
2018.02.07 23:13:20.193,0.94316,0.94345,2.62,4.16
2018.02.07 23:13:21.321,0.94318,0.94341,1.00,1.25
2018.02.07 23:13:21.630,0.94318,0.94341,1.75,1.00
2018.02.07 23:13:22.414,0.94318,0.94341,1.12,1.25
2018.02.07 23:13:22.592,0.94318,0.94341,1.75,1.25
2018.02.07 23:13:23.758,0.94318,0.94345,1.00,3.60
2018.02.07 23:13:24.291,0.94318,0.94345,1.00,3.00
2018.02.07 23:13:24.652,0.94315,0.94345,2.62,2.85
2018.02.07 23:13:24.807,0.94318,0.94345,1.12,2.85
2018.02.07 23:13:25.961,0.94318,0.94345,1.00,3.41
2018.02.07 23:13:26.413,0.94317,0.94342,1.50,1.19
2018.02.07 23:13:27.461,0.94317,0.94342,1.37,1.19
2018.02.07 23:13:28.518,0.94317,0.94342,1.00,1.19
2018.02.07 23:13:28.779,0.94316,0.94345,3.75,2.25
2018.02.07 23:13:29.301,0.94318,0.94346,1.00,1.12
2018.02.07 23:13:29.851,0.94316,0.94346,1.37,1.12
2018.02.07 23:13:29.955,0.94316,0.94343,1.37,1.25
2018.02.07 23:13:30.007,0.94316,0.94346,1.37,1.12
2018.02.07 23:13:30.962,0.94316,0.94346,1.62,1.31
2018.02.07 23:13:31.467,0.94318,0.94343,1.00,1.25
2018.02.07 23:13:32.320,0.94319,0.94346,1.00,1.00
2018.02.07 23:13:33.263,0.94318,0.94346,1.00,1.00
2018.02.07 23:13:33.418,0.94315,0.94346,2.25,1.00
2018.02.07 23:13:33.470,0.94318,0.94346,1.00,1.00
2018.02.07 23:13:34.031,0.94319,0.94343,1.00,1.00
2018.02.07 23:13:34.084,0.94316,0.94345,1.37,1.37
2018.02.07 23:13:34.575,0.94316,0.94342,1.50,1.37
2018.02.07 23:13:34.680,0.94316,0.94343,1.50,1.00
2018.02.07 23:13:35.043,0.94316,0.94339,3.75,1.25
2018.02.07 23:13:35.095,0.94316,0.94342,4.12,2.10
2018.02.07 23:13:35.250,0.94316,0.94338,4.12,1.19
2018.02.07 23:13:35.302,0.94316,0.9434,2.62,2.62
2018.02.07 23:13:35.356,0.94311,0.9434,1.87,1.91
2018.02.07 23:13:35.408,0.94311,0.9434,4.12,5.66
2018.02.07 23:13:35.513,0.94311,0.9434,2.25,3.75
2018.02.07 23:13:35.566,0.94311,0.9434,1.12,1.50
2018.02.07 23:13:35.669,0.94311,0.94344,1.12,2.47
2018.02.07 23:13:36.249,0.94311,0.94344,1.87,1.12
2018.02.07 23:13:36.302,0.94316,0.94346,1.87,2.25
2018.02.07 23:13:36.817,0.94318,0.94345,1.12,1.50
2018.02.07 23:13:37.126,0.94323,0.94345,1.00,2.62
2018.02.07 23:13:38.181,0.94323,0.94343,1.50,1.19
2018.02.07 23:13:39.899,0.94316,0.9433,3.75,1.37
2018.02.07 23:13:40.001,0.94316,0.94331,4.31,1.00
2018.02.07 23:13:40.053,0.94318,0.94335,1.00,1.37
2018.02.07 23:13:40.206,0.94318,0.9434,1.12,1.37
2018.02.07 23:13:40.308,0.94318,0.94341,1.12,1.00
2018.02.07 23:13:40.459,0.94316,0.94343,7.50,8.10
2018.02.07 23:13:40.971,0.94318,0.94343,1.00,4.72
2018.02.07 23:13:41.073,0.94316,0.94342,1.00,2.25
2018.02.07 23:13:41.125,0.94316,0.94342,1.75,2.25
2018.02.07 23:13:42.176,0.94318,0.94339,1.12,1.25
2018.02.07 23:13:42.670,0.94316,0.9434,1.50,3.37
2018.02.07 23:13:42.721,0.94318,0.9434,1.00,3.37
2018.02.07 23:13:43.057,0.94315,0.94328,1.69,1.00
2018.02.07 23:13:43.212,0.94314,0.94336,1.37,1.00
2018.02.07 23:13:43.264,0.94319,0.94342,1.00,2.25
2018.02.07 23:13:43.316,0.94324,0.94343,1.37,5.06
2018.02.07 23:13:43.421,0.9432,0.94343,1.00,4.12
2018.02.07 23:13:43.577,0.94317,0.94343,3.56,3.00
2018.02.07 23:13:43.682,0.94317,0.9434,2.25,2.62
2018.02.07 23:13:43.735,0.94316,0.94341,6.00,2.62
2018.02.07 23:13:43.787,0.94316,0.94341,4.87,4.31
2018.02.07 23:13:43.891,0.94316,0.94339,1.00,1.00
2018.02.07 23:13:43.944,0.94312,0.94339,1.00,1.50
2018.02.07 23:13:43.996,0.94312,0.94337,1.87,1.00
2018.02.07 23:13:44.100,0.94313,0.94339,1.37,2.25
2018.02.07 23:13:44.620,0.94313,0.94338,2.25,1.25
2018.02.07 23:13:45.128,0.94313,0.94338,1.75,1.25
2018.02.07 23:13:45.180,0.94312,0.9434,1.50,1.00
2018.02.07 23:13:45.231,0.94311,0.9434,1.12,1.50
2018.02.07 23:13:45.333,0.94311,0.94342,1.12,3.75
2018.02.07 23:13:45.487,0.94311,0.9432,1.00,1.75
2018.02.07 23:13:45.695,0.9431,0.9433,3.37,1.44
2018.02.07 23:13:45.747,0.9431,0.94334,2.25,1.50
2018.02.07 23:13:45.954,0.94314,0.94338,1.50,1.00
2018.02.07 23:13:46.057,0.94315,0.9434,1.12,1.87
2018.02.07 23:13:46.109,0.94313,0.94339,1.75,1.50
2018.02.07 23:13:46.162,0.94312,0.94338,1.37,1.19
2018.02.07 23:13:46.368,0.94312,0.9434,1.00,1.12
2018.02.07 23:13:46.996,0.94313,0.94342,1.37,2.25
2018.02.07 23:13:47.250,0.94312,0.94343,1.00,1.50
2018.02.07 23:13:47.353,0.94312,0.9434,1.00,1.50
2018.02.07 23:13:47.710,0.94316,0.94342,1.12,1.31
2018.02.07 23:13:48.017,0.94317,0.9434,1.50,1.25
2018.02.07 23:13:48.588,0.94317,0.9434,1.50,1.19
2018.02.07 23:13:49.204,0.94316,0.94326,1.37,1.50
2018.02.07 23:13:49.257,0.94316,0.94327,2.62,1.12
2018.02.07 23:13:49.309,0.94316,0.94323,2.62,1.37
2018.02.07 23:13:49.362,0.94316,0.94323,1.50,1.12
2018.02.07 23:13:49.415,0.9431,0.94326,3.00,1.00
2018.02.07 23:13:49.468,0.9431,0.94328,2.06,1.00
2018.02.07 23:13:49.572,0.9431,0.94335,2.62,1.25
2018.02.07 23:13:50.086,0.94317,0.94339,1.00,2.25
2018.02.07 23:13:50.190,0.94317,0.94342,1.00,1.87
2018.02.07 23:13:50.293,0.94316,0.94338,1.00,1.00
2018.02.07 23:13:50.396,0.94316,0.9434,1.87,1.12
2018.02.07 23:13:50.551,0.94312,0.94341,1.12,1.50
2018.02.07 23:13:51.344,0.94316,0.94342,1.00,2.44
2018.02.07 23:13:51.654,0.94316,0.94338,1.00,1.37
2018.02.07 23:13:52.172,0.94316,0.94337,1.50,2.25
2018.02.07 23:13:52.718,0.94316,0.94336,1.00,1.31
2018.02.07 23:13:52.770,0.94316,0.94337,1.00,1.50
2018.02.07 23:13:52.821,0.94316,0.94323,1.12,1.37
2018.02.07 23:13:52.940,0.94317,0.94327,1.00,1.37
2018.02.07 23:13:53.046,0.94317,0.9433,1.00,1.75
2018.02.07 23:13:53.151,0.94314,0.94323,1.12,1.37
2018.02.07 23:13:53.204,0.94312,0.94325,1.87,1.37
2018.02.07 23:13:53.308,0.9431,0.94325,2.06,1.37
2018.02.07 23:13:53.529,0.9431,0.94327,2.06,1.37
2018.02.07 23:13:53.633,0.9431,0.9433,2.44,1.50
2018.02.07 23:13:53.736,0.9431,0.94324,1.50,1.50
2018.02.07 23:13:53.790,0.9431,0.94324,1.87,1.50
2018.02.07 23:13:53.896,0.9431,0.94327,3.19,1.37
2018.02.07 23:13:53.948,0.94312,0.94327,1.87,1.37
2018.02.07 23:13:54.261,0.94315,0.94325,1.00,1.37
2018.02.07 23:13:54.558,0.94315,0.94327,1.00,1.37
2018.02.07 23:13:54.662,0.94315,0.94331,1.00,2.62
2018.02.07 23:13:54.715,0.94313,0.94323,1.12,1.37
2018.02.07 23:13:54.820,0.94311,0.94325,3.60,1.37
2018.02.07 23:13:55.329,0.94315,0.94325,1.00,1.37
2018.02.07 23:13:56.115,0.94313,0.94328,1.12,1.37
2018.02.07 23:13:56.168,0.94315,0.94327,1.00,1.12
2018.02.07 23:13:56.274,0.94313,0.94332,2.25,1.37
2018.02.07 23:13:56.379,0.94315,0.94335,1.00,1.75
2018.02.07 23:13:56.431,0.94315,0.94337,1.00,1.50
2018.02.07 23:13:56.639,0.94314,0.94341,1.12,3.00
2018.02.07 23:13:57.008,0.94318,0.94341,1.00,3.04
2018.02.07 23:14:00.627,0.9432,0.94338,1.50,1.00
2018.02.07 23:14:00.681,0.94321,0.9434,1.00,1.00
2018.02.07 23:14:01.185,0.9432,0.9434,2.62,1.00
2018.02.07 23:14:02.215,0.94322,0.94345,1.37,1.00
2018.02.07 23:14:02.322,0.94322,0.94347,1.37,1.50
2018.02.07 23:14:02.530,0.94321,0.94349,1.50,1.00
2018.02.07 23:14:02.635,0.9432,0.94351,3.82,1.69
2018.02.07 23:14:02.999,0.94323,0.94353,1.37,1.25
2018.02.07 23:14:03.361,0.94322,0.94353,1.12,1.00
2018.02.07 23:14:03.414,0.94322,0.94349,1.12,1.31
2018.02.07 23:14:03.744,0.94321,0.9435,1.87,1.19
2018.02.07 23:14:04.067,0.9432,0.94342,1.00,1.00
2018.02.07 23:14:04.324,0.94317,0.94342,2.25,1.31
2018.02.07 23:14:04.829,0.94318,0.94341,1.12,1.19
2018.02.07 23:14:05.436,0.94318,0.94339,1.00,1.69
2018.02.07 23:14:05.540,0.94316,0.94342,3.75,1.91
2018.02.07 23:14:05.592,0.94313,0.94343,1.37,5.25
2018.02.07 23:14:05.695,0.94313,0.94343,1.12,3.00
2018.02.07 23:14:06.154,0.94312,0.94339,1.00,1.50
2018.02.07 23:14:06.205,0.94312,0.94341,1.00,1.50
2018.02.07 23:14:06.307,0.94312,0.94339,1.00,1.50
2018.02.07 23:14:06.461,0.94316,0.94343,1.00,1.50
2018.02.07 23:14:06.512,0.94316,0.94342,1.50,3.37
2018.02.07 23:14:06.564,0.94316,0.94343,1.50,1.12
2018.02.07 23:14:06.821,0.94316,0.94345,2.25,1.50
2018.02.07 23:14:06.872,0.94316,0.94343,1.50,1.00
2018.02.07 23:14:07.497,0.94316,0.94347,1.00,2.47
2018.02.07 23:14:07.960,0.94316,0.94344,1.00,1.19
2018.02.07 23:14:08.243,0.94318,0.94347,1.00,1.72
2018.02.07 23:14:08.656,0.94319,0.94347,1.00,2.62
2018.02.07 23:14:08.708,0.94319,0.94347,1.00,1.00
2018.02.07 23:14:08.760,0.94319,0.94349,1.00,1.69
2018.02.07 23:14:08.922,0.94319,0.94346,1.00,1.19
2018.02.07 23:14:11.952,0.94319,0.94346,1.00,1.25
2018.02.07 23:14:13.327,0.94319,0.94349,1.00,1.50
2018.02.07 23:14:13.711,0.9432,0.94351,1.00,1.00
2018.02.07 23:14:13.764,0.94319,0.94353,1.00,1.50
2018.02.07 23:14:14.023,0.94317,0.94355,1.50,3.22
2018.02.07 23:14:14.127,0.94319,0.94355,1.00,3.19
2018.02.07 23:14:14.439,0.94318,0.9435,1.00,1.50
2018.02.07 23:14:14.791,0.94317,0.94348,1.00,1.19
2018.02.07 23:14:15.246,0.94317,0.9435,1.00,1.00
2018.02.07 23:14:16.340,0.94319,0.9435,1.00,1.00
2018.02.07 23:14:16.547,0.94317,0.94349,1.50,1.00
2018.02.07 23:14:17.221,0.94318,0.9435,1.00,1.00
2018.02.07 23:14:17.637,0.94318,0.94347,1.00,1.00
2018.02.07 23:14:18.217,0.94318,0.9435,1.00,1.50
2018.02.07 23:14:18.321,0.9432,0.9435,1.00,1.00
2018.02.07 23:14:18.529,0.94318,0.94352,1.00,1.87
2018.02.07 23:14:18.583,0.94318,0.94352,1.00,1.00
2018.02.07 23:14:19.103,0.94317,0.94354,1.00,5.66
2018.02.07 23:14:19.155,0.94317,0.9435,1.00,1.19
2018.02.07 23:14:19.667,0.94317,0.94353,1.00,1.37
2018.02.07 23:14:20.081,0.94317,0.94351,1.00,1.19
2018.02.07 23:14:20.893,0.94317,0.94354,1.00,3.22
2018.02.07 23:14:21.253,0.94317,0.9435,1.00,1.00
2018.02.07 23:14:21.305,0.94317,0.94353,1.00,1.50
2018.02.07 23:14:21.614,0.94317,0.9435,1.00,1.25
2018.02.07 23:14:21.666,0.94317,0.94354,1.00,5.66
2018.02.07 23:14:22.397,0.94317,0.9435,1.00,1.00
2018.02.07 23:14:23.802,0.94317,0.94354,1.00,5.66
2018.02.07 23:14:24.318,0.94318,0.94354,1.00,2.10
2018.02.07 23:14:24.858,0.94317,0.94354,1.00,2.10
2018.02.07 23:14:25.014,0.94317,0.94351,1.00,1.19
2018.02.07 23:14:25.220,0.94317,0.94354,1.50,3.22
2018.02.07 23:14:26.183,0.94317,0.94351,1.50,1.00
2018.02.07 23:14:26.709,0.94318,0.94351,1.00,1.19
2018.02.07 23:14:28.548,0.94318,0.94354,1.50,3.41
2018.02.07 23:14:28.857,0.94321,0.94354,1.00,6.41
2018.02.07 23:14:29.080,0.94321,0.94354,1.00,6.19
2018.02.07 23:14:29.308,0.94321,0.94352,1.00,1.72
2018.02.07 23:14:29.772,0.94319,0.94353,1.00,4.16
2018.02.07 23:14:29.876,0.94319,0.94351,1.00,1.50
2018.02.07 23:14:30.391,0.94318,0.94345,1.00,1.25
2018.02.07 23:14:30.443,0.94318,0.9435,1.00,7.72
2018.02.07 23:14:30.786,0.94318,0.94345,1.00,1.25
2018.02.07 23:14:33.334,0.94318,0.94346,1.00,1.25
2018.02.07 23:14:34.052,0.94318,0.94345,1.00,1.25
2018.02.07 23:14:42.172,0.9432,0.9435,1.00,3.37
2018.02.07 23:14:42.501,0.94321,0.94353,1.00,1.50
2018.02.07 23:14:43.010,0.94321,0.94354,1.00,1.67
2018.02.07 23:14:43.367,0.94319,0.94354,1.00,2.10
2018.02.07 23:14:43.625,0.94319,0.94351,1.00,1.19
2018.02.07 23:14:50.624,0.9432,0.94354,1.00,6.22
2018.02.07 23:14:51.141,0.9432,0.94354,1.00,1.72
2018.02.07 23:14:51.660,0.9432,0.94355,1.00,2.47
2018.02.07 23:14:51.867,0.94319,0.94352,1.00,1.25
2018.02.07 23:14:52.272,0.94322,0.94353,1.00,2.05
2018.02.07 23:14:52.376,0.94318,0.9435,1.50,1.25
2018.02.07 23:14:52.428,0.94318,0.94353,1.50,1.72
2018.02.07 23:14:52.912,0.94319,0.9435,1.00,1.00
2018.02.07 23:14:53.427,0.94318,0.94352,1.00,1.50
2018.02.07 23:14:53.905,0.94321,0.94352,1.00,1.50
2018.02.07 23:14:53.957,0.94318,0.94353,1.00,1.91
2018.02.07 23:14:54.009,0.94318,0.94349,1.00,1.25
2018.02.07 23:14:54.061,0.94319,0.94353,1.00,1.91
2018.02.07 23:14:54.516,0.94319,0.94349,1.00,1.00
2018.02.07 23:14:55.190,0.94319,0.94349,1.00,1.19
2018.02.07 23:15:01.099,0.94319,0.94349,1.00,1.25
2018.02.07 23:15:03.425,0.9432,0.94352,1.00,1.72
2018.02.07 23:15:03.581,0.94322,0.94352,1.00,2.10
2018.02.07 23:15:04.095,0.94322,0.94352,1.00,1.72
2018.02.07 23:15:04.608,0.94319,0.94353,1.00,1.72
2018.02.07 23:15:04.857,0.94319,0.9435,1.00,1.19
2018.02.07 23:15:05.021,0.94321,0.94353,1.00,4.12
2018.02.07 23:15:05.227,0.94319,0.94353,1.00,1.60
2018.02.07 23:15:05.279,0.94318,0.94351,1.00,1.50
2018.02.07 23:15:05.589,0.9432,0.94351,1.00,1.54
2018.02.07 23:15:05.692,0.94318,0.94351,1.00,4.16
2018.02.07 23:15:05.744,0.94318,0.94347,1.00,1.25
2018.02.07 23:15:05.796,0.94319,0.94351,1.00,4.91
2018.02.07 23:15:05.950,0.94319,0.94347,1.00,1.25
2018.02.07 23:15:07.601,0.9432,0.9435,1.00,2.25
2018.02.07 23:15:08.117,0.94321,0.94351,1.00,4.16
2018.02.07 23:15:08.632,0.94318,0.94351,1.00,4.16
2018.02.07 23:15:08.684,0.94318,0.94348,1.00,1.19
2018.02.07 23:15:08.736,0.94319,0.94351,1.00,2.81
2018.02.07 23:15:09.752,0.94319,0.94347,1.00,1.25
2018.02.07 23:15:12.568,0.94319,0.94351,1.00,3.97
2018.02.07 23:15:12.671,0.94322,0.94351,1.00,1.72
2018.02.07 23:15:13.059,0.94324,0.94351,1.00,2.47
2018.02.07 23:15:13.576,0.94325,0.94352,1.00,1.72
2018.02.07 23:15:13.783,0.94319,0.94351,1.00,1.50
2018.02.07 23:15:14.311,0.94319,0.94351,1.00,1.50
2018.02.07 23:15:14.466,0.94322,0.94352,1.00,1.72
2018.02.07 23:15:14.570,0.94319,0.94353,1.00,3.97
2018.02.07 23:15:14.622,0.94324,0.94352,1.00,1.72
2018.02.07 23:15:14.791,0.94319,0.94352,1.00,1.72
2018.02.07 23:15:15.751,0.94319,0.9435,1.00,1.00
2018.02.07 23:15:16.317,0.94319,0.9435,1.00,1.19
2018.02.07 23:15:18.297,0.94321,0.94353,1.00,4.16
2018.02.07 23:15:18.349,0.9432,0.94353,1.00,2.47
2018.02.07 23:15:18.401,0.94323,0.94353,1.00,2.47
2018.02.07 23:15:18.763,0.94325,0.94352,1.00,1.72
2018.02.07 23:15:19.533,0.94319,0.94352,1.00,1.72
2018.02.07 23:15:20.278,0.94318,0.94352,1.50,1.72
2018.02.07 23:15:20.577,0.94318,0.94349,1.00,1.00
2018.02.07 23:15:21.216,0.94319,0.94349,1.00,1.00
2018.02.07 23:15:23.751,0.94319,0.94351,1.00,1.72
2018.02.07 23:15:24.060,0.94324,0.94351,1.00,1.72
2018.02.07 23:15:24.972,0.94319,0.94353,1.00,2.47
2018.02.07 23:15:25.023,0.94319,0.94349,1.00,1.00
2018.02.07 23:15:25.228,0.94319,0.94352,1.00,1.72
2018.02.07 23:15:25.279,0.94321,0.94352,1.00,1.72
2018.02.07 23:15:25.450,0.94318,0.94352,2.25,1.72
2018.02.07 23:15:25.501,0.94319,0.94349,1.00,1.00
2018.02.07 23:15:25.553,0.94319,0.94352,1.00,1.72
2018.02.07 23:15:26.412,0.94319,0.94352,1.00,1.97
2018.02.07 23:15:26.919,0.94319,0.94349,1.00,1.12
2018.02.07 23:15:27.513,0.94319,0.94349,1.00,1.19
2018.02.07 23:15:27.668,0.9432,0.94351,1.00,1.72
2018.02.07 23:15:28.451,0.9432,0.94351,1.00,2.05
2018.02.07 23:15:28.709,0.94318,0.94351,1.00,1.72
2018.02.07 23:15:28.864,0.9432,0.94351,1.00,1.72
2018.02.07 23:15:29.122,0.94318,0.94351,1.00,1.72
2018.02.07 23:15:29.558,0.94322,0.94351,1.00,1.72
2018.02.07 23:15:29.712,0.94318,0.94351,1.00,1.67
2018.02.07 23:15:29.765,0.94321,0.94351,1.00,1.72
2018.02.07 23:15:29.869,0.94318,0.94352,1.00,2.47
2018.02.07 23:15:30.390,0.94318,0.9435,1.00,1.00
2018.02.07 23:15:31.378,0.94318,0.94352,3.19,1.50
2018.02.07 23:15:31.482,0.94324,0.94353,1.00,1.50
2018.02.07 23:15:31.611,0.94322,0.94353,1.00,1.87
2018.02.07 23:15:31.663,0.94324,0.94354,1.00,2.25
2018.02.07 23:15:31.871,0.94319,0.94353,1.00,1.50
2018.02.07 23:15:31.974,0.94324,0.94353,1.00,1.50
2018.02.07 23:15:32.026,0.9432,0.94353,1.00,1.50
2018.02.07 23:15:32.078,0.94318,0.94353,1.50,1.50
2018.02.07 23:15:32.894,0.94319,0.94351,1.00,1.00
2018.02.07 23:15:33.437,0.94318,0.94352,2.44,1.50
2018.02.07 23:15:33.936,0.94321,0.94352,1.00,1.72
2018.02.07 23:15:33.988,0.94318,0.94352,1.50,1.72
2018.02.07 23:15:34.504,0.94318,0.9435,1.50,1.19
2018.02.07 23:15:34.556,0.94318,0.94352,1.25,1.72
2018.02.07 23:15:35.147,0.94318,0.94351,2.44,1.56
2018.02.07 23:15:35.200,0.94318,0.94353,1.69,2.47
2018.02.07 23:15:35.869,0.94318,0.94354,2.44,2.47
2018.02.07 23:15:36.075,0.94318,0.94351,1.50,1.25
2018.02.07 23:15:36.127,0.94318,0.94354,1.50,2.47
2018.02.07 23:15:36.647,0.94318,0.94354,2.44,2.47
2018.02.07 23:15:37.147,0.94318,0.94354,1.50,2.25
2018.02.07 23:15:37.198,0.94318,0.94352,1.50,1.00
2018.02.07 23:15:37.353,0.94318,0.94354,1.69,2.47
2018.02.07 23:15:37.456,0.94318,0.94354,2.44,2.47
2018.02.07 23:15:37.662,0.94318,0.94354,2.44,2.47
2018.02.07 23:15:37.714,0.94318,0.94352,2.44,1.19
2018.02.07 23:15:38.662,0.94318,0.94354,1.50,1.50
2018.02.07 23:15:39.556,0.94318,0.94354,1.50,2.47
2018.02.07 23:15:40.336,0.94318,0.94354,1.00,2.47
2018.02.07 23:15:40.494,0.94318,0.94353,1.69,1.50
2018.02.07 23:15:41.100,0.94318,0.94354,1.69,1.12
2018.02.07 23:15:41.692,0.94318,0.94352,1.69,1.00
2018.02.07 23:15:42.207,0.94318,0.94354,1.69,1.50
2018.02.07 23:15:42.714,0.94318,0.94353,1.69,1.50
2018.02.07 23:15:43.073,0.9432,0.94353,1.00,1.50
2018.02.07 23:15:44.054,0.9432,0.94351,1.00,1.00
2018.02.07 23:15:44.888,0.94319,0.94351,1.00,1.12
2018.02.07 23:15:44.991,0.94316,0.94351,1.87,1.00
2018.02.07 23:15:45.198,0.94316,0.94353,1.00,1.72
2018.02.07 23:15:45.250,0.94316,0.94352,1.00,1.72
2018.02.07 23:15:45.559,0.94316,0.9435,1.00,1.50
2018.02.07 23:15:45.971,0.9432,0.9435,1.00,1.50
2018.02.07 23:15:46.023,0.94316,0.9435,1.00,1.50
2018.02.07 23:15:46.075,0.94316,0.94347,1.00,1.25
2018.02.07 23:15:46.395,0.94318,0.94351,1.50,3.37
2018.02.07 23:15:47.145,0.94319,0.94354,1.00,3.22
2018.02.07 23:15:47.299,0.94323,0.94354,1.00,2.25
2018.02.07 23:15:47.351,0.94321,0.94354,1.00,2.47
2018.02.07 23:15:47.403,0.94324,0.94353,1.00,1.37
2018.02.07 23:15:47.456,0.94322,0.94353,1.00,2.10
2018.02.07 23:15:47.508,0.94318,0.94351,2.25,1.00
2018.02.07 23:15:48.082,0.94318,0.94354,1.50,2.47
2018.02.07 23:15:48.401,0.94323,0.94354,1.00,2.47
2018.02.07 23:15:48.660,0.94319,0.94354,1.00,1.50
2018.02.07 23:15:48.712,0.94319,0.94351,1.00,1.00
2018.02.07 23:15:48.764,0.94319,0.94354,1.00,2.47
2018.02.07 23:15:48.816,0.94321,0.94354,1.00,2.47
2018.02.07 23:15:49.022,0.94319,0.94354,1.00,2.47
2018.02.07 23:15:49.734,0.94319,0.94352,1.00,1.25
2018.02.07 23:15:50.150,0.94319,0.94351,1.00,1.19
2018.02.07 23:15:50.492,0.94321,0.94353,1.00,1.72
2018.02.07 23:15:50.802,0.94325,0.94352,1.00,1.72
2018.02.07 23:15:51.060,0.94319,0.94352,1.50,1.50
2018.02.07 23:15:51.164,0.94319,0.94353,1.00,1.30
2018.02.07 23:15:51.463,0.94321,0.94353,1.00,1.12
2018.02.07 23:15:51.720,0.94319,0.94353,1.00,1.35
2018.02.07 23:15:51.874,0.94322,0.94353,1.00,1.35
2018.02.07 23:15:52.078,0.94319,0.94353,1.00,1.35
2018.02.07 23:15:52.482,0.94319,0.94353,1.00,2.05
2018.02.07 23:15:53.036,0.94319,0.94351,1.00,1.31
2018.02.07 23:15:53.802,0.9432,0.94353,1.00,1.35
2018.02.07 23:15:53.854,0.94323,0.94353,1.00,1.35
2018.02.07 23:15:54.009,0.94318,0.94353,1.69,2.10
2018.02.07 23:15:54.061,0.9432,0.94353,1.00,1.72
2018.02.07 23:15:54.164,0.94318,0.94353,1.69,1.72
2018.02.07 23:15:54.216,0.94323,0.94354,1.00,1.97
2018.02.07 23:15:54.321,0.94318,0.94354,1.69,3.60
2018.02.07 23:15:54.373,0.94324,0.94354,1.00,5.85
2018.02.07 23:15:54.477,0.94318,0.94354,1.25,2.85
2018.02.07 23:15:54.648,0.94324,0.94354,1.00,6.22
2018.02.07 23:15:54.700,0.94318,0.94352,1.50,2.62
2018.02.07 23:15:54.906,0.94318,0.94353,1.69,1.72
2018.02.07 23:15:55.163,0.94318,0.94351,1.50,1.19
2018.02.07 23:15:56.192,0.94318,0.94353,1.69,1.72
2018.02.07 23:15:56.397,0.94321,0.94353,1.00,1.72
2018.02.07 23:15:56.709,0.94319,0.94353,1.00,1.72
2018.02.07 23:15:56.970,0.94323,0.94353,1.00,1.72
2018.02.07 23:15:57.022,0.94319,0.94353,1.00,1.72
2018.02.07 23:15:57.074,0.94319,0.94351,1.00,1.19
2018.02.07 23:15:57.126,0.94319,0.94353,1.00,1.72
2018.02.07 23:15:58.149,0.9432,0.94351,1.00,1.19
2018.02.07 23:16:00.531,0.94321,0.94352,1.00,1.50
2018.02.07 23:16:00.634,0.94318,0.94354,1.00,5.29
2018.02.07 23:16:00.843,0.9432,0.94352,1.00,1.72
2018.02.07 23:16:00.895,0.94318,0.94352,1.69,1.72
2018.02.07 23:16:01.000,0.94323,0.94352,1.00,1.72
2018.02.07 23:16:01.052,0.94318,0.94352,1.69,1.72
2018.02.07 23:16:01.156,0.94324,0.94352,1.00,1.72
2018.02.07 23:16:01.209,0.94318,0.94352,1.69,1.72
2018.02.07 23:16:01.313,0.94324,0.94352,1.00,1.72
2018.02.07 23:16:01.416,0.94318,0.94352,1.69,1.72
2018.02.07 23:16:01.518,0.94323,0.94352,1.00,1.72
2018.02.07 23:16:01.569,0.94319,0.94352,1.00,1.72
2018.02.07 23:16:01.672,0.94324,0.94352,1.00,1.72
2018.02.07 23:16:01.723,0.9432,0.94352,1.00,1.72
2018.02.07 23:16:01.774,0.94318,0.94352,1.50,1.72
2018.02.07 23:16:01.825,0.94316,0.94349,1.00,1.25
2018.02.07 23:16:02.134,0.94315,0.94347,2.81,1.25
2018.02.07 23:16:02.797,0.94318,0.9435,1.00,1.00
2018.02.07 23:16:02.900,0.9432,0.94351,1.00,3.04
2018.02.07 23:16:03.313,0.94318,0.94348,1.00,1.19
2018.02.07 23:16:03.365,0.94318,0.9435,1.00,2.06
2018.02.07 23:16:03.521,0.94318,0.94348,1.00,1.19
2018.02.07 23:16:04.112,0.94318,0.94349,1.00,1.19
2018.02.07 23:16:04.430,0.94321,0.94351,1.00,2.47
2018.02.07 23:16:04.692,0.94316,0.9435,1.87,1.00
2018.02.07 23:16:05.202,0.94316,0.94351,1.00,4.91
2018.02.07 23:16:05.410,0.94318,0.9435,1.50,1.00
2018.02.07 23:16:05.720,0.94318,0.94347,1.69,1.00
2018.02.07 23:16:06.524,0.94318,0.94349,1.69,1.00
2018.02.07 23:16:06.936,0.94321,0.94348,1.00,1.00
2018.02.07 23:16:07.464,0.9432,0.94347,1.00,1.00
2018.02.07 23:16:07.998,0.94321,0.94347,1.00,1.00
2018.02.07 23:16:09.005,0.94321,0.94348,1.00,1.25
2018.02.07 23:16:09.357,0.94324,0.94347,1.00,1.00
2018.02.07 23:16:09.873,0.94324,0.94348,1.00,1.00
2018.02.07 23:16:10.131,0.94324,0.94351,1.00,1.00
2018.02.07 23:16:10.286,0.94319,0.94351,1.00,1.00
2018.02.07 23:16:10.389,0.94321,0.94351,1.00,1.00
2018.02.07 23:16:11.372,0.94321,0.94349,1.00,1.00
2018.02.07 23:16:11.893,0.94321,0.94349,1.00,1.19
2018.02.07 23:16:12.595,0.94321,0.94347,1.00,1.00
2018.02.07 23:16:13.193,0.94321,0.94348,1.00,1.25
2018.02.07 23:16:15.887,0.9432,0.94346,1.00,1.00
2018.02.07 23:16:16.300,0.94323,0.94347,1.00,1.00
2018.02.07 23:16:16.610,0.94323,0.94349,1.00,1.00
2018.02.07 23:16:16.715,0.94324,0.94352,1.00,1.35
2018.02.07 23:16:17.252,0.94319,0.9435,1.00,1.19
2018.02.07 23:16:17.304,0.94321,0.94352,1.00,1.69
2018.02.07 23:16:17.508,0.94323,0.94352,1.00,1.00
2018.02.07 23:16:17.560,0.94319,0.94352,1.00,1.00
2018.02.07 23:16:17.611,0.94319,0.9435,1.00,1.19
2018.02.07 23:16:17.662,0.94321,0.94352,1.00,1.30
2018.02.07 23:16:18.174,0.94321,0.94352,1.00,1.54
2018.02.07 23:16:18.340,0.94321,0.94349,1.00,1.25
2018.02.07 23:16:18.392,0.9432,0.94352,1.00,1.00
2018.02.07 23:16:18.496,0.94322,0.94353,1.00,2.47
2018.02.07 23:16:18.548,0.94318,0.94353,1.69,1.35
2018.02.07 23:16:18.652,0.94323,0.94353,1.00,1.30
2018.02.07 23:16:18.704,0.94318,0.94353,1.50,1.30
2018.02.07 23:16:18.807,0.94316,0.94353,1.12,1.30
2018.02.07 23:16:19.426,0.94316,0.94353,1.12,1.72
2018.02.07 23:16:19.576,0.94316,0.9435,1.87,1.00
2018.02.07 23:16:19.732,0.94316,0.94352,2.25,1.00
2018.02.07 23:16:20.248,0.94316,0.94349,1.12,1.25
2018.02.07 23:16:20.992,0.94319,0.94353,1.00,4.91
2018.02.07 23:16:21.325,0.94319,0.94351,1.00,1.50
2018.02.07 23:16:21.738,0.94321,0.94351,1.00,1.00
2018.02.07 23:16:22.046,0.94321,0.9435,1.00,1.19
2018.02.07 23:16:22.450,0.9432,0.94353,1.00,1.50
2018.02.07 23:16:22.554,0.94324,0.94354,1.00,1.22
2018.02.07 23:16:22.606,0.94322,0.94354,1.00,1.87
2018.02.07 23:16:22.659,0.94319,0.94354,1.00,1.87
2018.02.07 23:16:22.712,0.94323,0.94354,1.00,1.30
2018.02.07 23:16:22.765,0.94318,0.94356,1.50,1.72
2018.02.07 23:16:22.817,0.94318,0.94352,1.50,1.00
2018.02.07 23:16:22.870,0.94318,0.94356,1.69,3.00
2018.02.07 23:16:22.975,0.94318,0.94356,1.69,3.94
2018.02.07 23:16:23.336,0.94318,0.94351,1.00,1.00
2018.02.07 23:16:23.802,0.94318,0.94354,1.69,6.22
2018.02.07 23:16:23.854,0.94318,0.94352,2.44,1.50
2018.02.07 23:16:24.429,0.94318,0.94349,2.44,1.25
2018.02.07 23:16:24.687,0.94318,0.94352,2.44,1.72
2018.02.07 23:16:25.100,0.94318,0.94349,1.00,1.00
2018.02.07 23:16:25.152,0.94318,0.94352,2.25,3.22
2018.02.07 23:16:25.204,0.94318,0.94351,1.69,1.50
2018.02.07 23:16:25.787,0.94318,0.94348,2.44,1.25
2018.02.07 23:16:26.541,0.94318,0.94352,2.44,3.22
2018.02.07 23:16:27.057,0.94318,0.94353,2.44,1.00
2018.02.07 23:16:27.623,0.94318,0.94351,1.50,1.00
2018.02.07 23:16:27.675,0.94318,0.94354,1.50,1.22
2018.02.07 23:16:28.645,0.94318,0.94351,2.25,1.00
2018.02.07 23:16:29.282,0.94318,0.94354,2.44,1.00
2018.02.07 23:16:29.334,0.94318,0.94349,2.44,1.50
2018.02.07 23:16:29.644,0.94318,0.94347,2.44,1.50
2018.02.07 23:16:29.853,0.94318,0.94348,2.44,1.12
2018.02.07 23:16:30.369,0.94318,0.94349,1.50,1.50
2018.02.07 23:16:31.290,0.94318,0.94349,1.69,1.50
2018.02.07 23:16:31.846,0.94318,0.94349,1.69,1.50
2018.02.07 23:16:32.006,0.94318,0.94347,1.25,2.25
2018.02.07 23:16:32.558,0.94318,0.94348,1.69,1.50
2018.02.07 23:16:33.086,0.94318,0.94349,1.69,1.50
2018.02.07 23:16:33.436,0.94318,0.94347,2.44,1.50
2018.02.07 23:16:33.775,0.94318,0.94345,1.69,1.50
2018.02.07 23:16:34.837,0.94318,0.94345,1.69,1.00
2018.02.07 23:16:35.686,0.94318,0.94346,1.50,1.50
2018.02.07 23:16:36.046,0.94318,0.94345,1.00,1.50
2018.02.07 23:16:37.429,0.94318,0.94345,1.50,1.50
2018.02.07 23:16:37.979,0.94318,0.94345,2.44,1.50
2018.02.07 23:16:38.520,0.94318,0.94345,2.44,1.50
2018.02.07 23:16:39.069,0.94318,0.94346,2.44,1.50
2018.02.07 23:16:39.178,0.94318,0.94346,2.44,1.12
2018.02.07 23:16:39.675,0.94321,0.94346,1.00,1.75
2018.02.07 23:16:39.831,0.94319,0.94347,1.00,2.25
2018.02.07 23:16:40.091,0.94318,0.94345,2.44,1.50
2018.02.07 23:16:40.195,0.94318,0.94353,2.44,3.97
2018.02.07 23:16:40.427,0.94322,0.94351,1.00,1.00
2018.02.07 23:16:40.532,0.94318,0.94352,2.44,1.30
2018.02.07 23:16:40.636,0.94323,0.9435,1.00,2.62
2018.02.07 23:16:40.690,0.94318,0.94347,1.00,1.50
2018.02.07 23:16:40.948,0.94318,0.94347,1.50,1.75
2018.02.07 23:16:41.636,0.94318,0.94347,1.50,1.50
2018.02.07 23:16:41.952,0.94325,0.94347,1.00,1.50
2018.02.07 23:16:42.108,0.94323,0.94348,1.00,1.50
2018.02.07 23:16:42.160,0.94318,0.94346,2.25,1.50
2018.02.07 23:16:42.819,0.94318,0.94345,2.44,1.50
2018.02.07 23:16:43.338,0.94318,0.94346,1.50,1.50
2018.02.07 23:16:44.168,0.94318,0.94346,1.69,1.12
2018.02.07 23:16:44.273,0.94323,0.94347,1.00,1.75
2018.02.07 23:16:44.584,0.94325,0.94349,1.00,1.37
2018.02.07 23:16:44.739,0.94324,0.94347,1.00,1.50
2018.02.07 23:16:45.271,0.94325,0.94347,1.00,1.50
2018.02.07 23:16:45.926,0.94324,0.94348,1.00,3.37
2018.02.07 23:16:46.970,0.94324,0.94348,1.00,1.75
2018.02.07 23:16:47.727,0.94324,0.9435,1.00,1.75
2018.02.07 23:16:47.780,0.94324,0.94347,1.00,1.50
2018.02.07 23:16:48.298,0.94324,0.94348,1.00,1.50
2018.02.07 23:16:48.764,0.94324,0.94346,1.00,1.50
2018.02.07 23:16:50.083,0.94324,0.94347,1.00,1.50
2018.02.07 23:16:50.341,0.94325,0.94349,1.00,1.50
2018.02.07 23:16:50.394,0.94325,0.94347,1.00,1.37
2018.02.07 23:16:50.910,0.94324,0.94348,1.00,1.50
2018.02.07 23:16:52.413,0.94324,0.94349,1.00,1.75
2018.02.07 23:16:52.891,0.94324,0.94348,1.00,1.50
2018.02.07 23:16:52.943,0.94324,0.94348,1.00,3.37
2018.02.07 23:16:53.255,0.94323,0.94345,1.00,1.50
2018.02.07 23:16:53.307,0.94318,0.94345,1.69,1.50
2018.02.07 23:16:53.359,0.94324,0.94345,1.00,1.50
2018.02.07 23:16:53.412,0.94318,0.94345,1.50,1.50
2018.02.07 23:16:53.956,0.94318,0.94346,1.50,1.50
2018.02.07 23:16:54.442,0.94318,0.94347,1.00,1.75
2018.02.07 23:16:54.494,0.94318,0.94347,1.50,1.50
2018.02.07 23:16:55.832,0.94318,0.94347,1.69,2.25
2018.02.07 23:16:56.347,0.94318,0.94347,1.69,2.25
2018.02.07 23:16:56.503,0.94319,0.94346,1.00,1.50
2018.02.07 23:16:56.658,0.94318,0.94348,2.44,1.00
2018.02.07 23:16:56.967,0.94318,0.9435,2.62,1.00
2018.02.07 23:16:57.249,0.94318,0.94348,1.50,1.75
2018.02.07 23:16:57.761,0.94319,0.94346,1.00,1.50
2018.02.07 23:16:58.073,0.94318,0.94347,1.50,1.00
2018.02.07 23:16:58.794,0.94323,0.9435,1.00,1.75
2018.02.07 23:16:59.311,0.94324,0.94347,1.00,1.50
2018.02.07 23:16:59.856,0.94323,0.94347,1.00,1.37
2018.02.07 23:17:00.928,0.94324,0.94347,1.00,1.50
2018.02.07 23:17:01.136,0.94324,0.94349,1.00,1.00
2018.02.07 23:17:01.188,0.94324,0.94354,1.00,1.50
2018.02.07 23:17:01.498,0.94324,0.94351,1.00,1.00
2018.02.07 23:17:01.550,0.94324,0.94353,1.00,1.00
2018.02.07 23:17:01.676,0.94324,0.94347,1.00,1.50
2018.02.07 23:17:02.683,0.94324,0.94346,1.00,1.50
2018.02.07 23:17:02.908,0.94325,0.94349,1.00,1.50
2018.02.07 23:17:03.011,0.94325,0.94348,1.00,2.00
2018.02.07 23:17:03.215,0.94323,0.94345,1.00,1.50
2018.02.07 23:17:03.724,0.94324,0.94346,1.00,1.50
2018.02.07 23:17:04.242,0.94324,0.94347,1.00,1.50
2018.02.07 23:17:04.703,0.94322,0.94347,1.00,1.50
2018.02.07 23:17:05.015,0.94324,0.94348,1.00,1.75
2018.02.07 23:17:05.225,0.94322,0.94345,1.00,1.12
2018.02.07 23:17:05.432,0.94324,0.94345,1.00,1.50
2018.02.07 23:17:06.212,0.94324,0.94347,1.00,1.50
2018.02.07 23:17:08.464,0.94324,0.94345,1.00,1.37
2018.02.07 23:17:09.296,0.94324,0.9435,1.00,1.25
2018.02.07 23:17:09.401,0.94324,0.94353,1.00,1.35
2018.02.07 23:17:09.557,0.94332,0.94353,1.00,1.00
2018.02.07 23:17:09.713,0.94327,0.9435,1.69,1.50
2018.02.07 23:17:09.974,0.94329,0.94351,1.00,1.75
2018.02.07 23:17:10.099,0.94327,0.94349,1.00,1.50
2018.02.07 23:17:10.152,0.94324,0.94346,1.00,1.50
2018.02.07 23:17:10.257,0.94319,0.94347,1.00,1.50
2018.02.07 23:17:10.309,0.94324,0.94345,1.00,1.50
2018.02.07 23:17:10.413,0.94318,0.94346,1.69,1.75
2018.02.07 23:17:10.517,0.94324,0.94346,1.00,1.50
2018.02.07 23:17:10.569,0.94318,0.94346,1.50,1.75
2018.02.07 23:17:10.673,0.94318,0.94351,1.00,1.00
2018.02.07 23:17:11.131,0.94318,0.9435,1.69,3.00
2018.02.07 23:17:11.574,0.94318,0.94347,1.69,1.50
2018.02.07 23:17:12.110,0.94318,0.94345,1.69,1.75
2018.02.07 23:17:12.162,0.94318,0.9435,2.06,1.19
2018.02.07 23:17:12.217,0.94319,0.94352,1.00,3.97
2018.02.07 23:17:12.371,0.94321,0.94352,1.00,3.97
2018.02.07 23:17:12.587,0.94318,0.9435,2.62,1.00
2018.02.07 23:17:12.640,0.9432,0.9435,1.00,1.00
2018.02.07 23:17:13.191,0.94319,0.94349,1.00,1.25
2018.02.07 23:17:13.529,0.94327,0.94356,1.69,4.72
2018.02.07 23:17:13.881,0.94327,0.94349,1.50,1.50
2018.02.07 23:17:13.934,0.94323,0.9435,1.37,1.50
2018.02.07 23:17:13.987,0.94318,0.94347,2.06,1.50
2018.02.07 23:17:14.040,0.94318,0.94346,1.69,1.50
2018.02.07 23:17:14.144,0.94318,0.94347,1.50,1.00
2018.02.07 23:17:14.561,0.94318,0.94346,1.69,2.00
2018.02.07 23:17:15.076,0.94318,0.94343,1.50,1.50
2018.02.07 23:17:15.949,0.94318,0.94343,1.50,1.75
2018.02.07 23:17:16.002,0.94318,0.94344,1.69,1.50
2018.02.07 23:17:16.054,0.94324,0.94344,1.00,1.50
2018.02.07 23:17:16.159,0.94325,0.94346,1.00,1.50
2018.02.07 23:17:16.212,0.94323,0.94347,1.00,1.37
2018.02.07 23:17:17.126,0.94325,0.94347,1.00,1.50
2018.02.07 23:17:17.178,0.94323,0.94347,1.00,1.50
2018.02.07 23:17:18.215,0.94323,0.94348,1.00,1.50
2018.02.07 23:17:19.432,0.94323,0.94348,1.00,1.50
2018.02.07 23:17:21.039,0.94323,0.94348,1.00,1.00
2018.02.07 23:17:22.178,0.94323,0.94349,1.00,1.75
2018.02.07 23:17:23.802,0.94323,0.94348,1.00,1.50
2018.02.07 23:17:23.906,0.94325,0.94348,1.00,1.37
2018.02.07 23:17:24.359,0.94325,0.94347,1.07,1.50
2018.02.07 23:17:24.514,0.94325,0.94347,1.00,1.50
2018.02.07 23:17:24.566,0.94325,0.94348,1.07,1.75
2018.02.07 23:17:25.058,0.94318,0.94346,2.25,2.25
2018.02.07 23:17:25.751,0.94318,0.94347,2.25,1.50
2018.02.07 23:17:26.274,0.94319,0.94347,1.25,1.50
2018.02.07 23:17:26.516,0.94318,0.94346,1.69,1.50
2018.02.07 23:17:26.928,0.94318,0.94344,1.69,1.37
2018.02.07 23:17:27.442,0.94318,0.94345,1.50,1.37
2018.02.07 23:17:28.490,0.94317,0.94346,1.69,1.50
2018.02.07 23:17:28.802,0.9432,0.94345,1.00,1.50
2018.02.07 23:17:30.349,0.9432,0.94345,1.00,1.75
2018.02.07 23:17:30.675,0.9432,0.94348,1.10,1.00
2018.02.07 23:17:31.133,0.9432,0.94348,1.07,1.75
2018.02.07 23:17:31.692,0.9432,0.94346,1.00,1.50
2018.02.07 23:17:32.893,0.94322,0.94346,1.00,1.50
2018.02.07 23:17:33.209,0.94325,0.94347,1.00,1.50
2018.02.07 23:17:33.366,0.94319,0.94347,1.00,1.50
2018.02.07 23:17:33.419,0.94324,0.94347,1.00,1.50
2018.02.07 23:17:33.472,0.94319,0.94347,1.50,1.50
2018.02.07 23:17:33.578,0.94325,0.94346,1.00,1.50
2018.02.07 23:17:33.630,0.94319,0.94346,1.50,1.50
2018.02.07 23:17:33.735,0.94325,0.94347,1.00,1.50
2018.02.07 23:17:33.788,0.94319,0.94346,1.50,1.00
2018.02.07 23:17:33.894,0.94325,0.94347,1.00,1.50
2018.02.07 23:17:33.947,0.94319,0.94347,2.25,1.50
2018.02.07 23:17:34.177,0.94319,0.94348,3.00,1.00
2018.02.07 23:17:34.644,0.94318,0.94345,1.50,1.37
2018.02.07 23:17:35.487,0.94318,0.94345,1.50,1.50
2018.02.07 23:17:35.796,0.94323,0.94346,1.00,1.50
2018.02.07 23:17:35.848,0.94319,0.94346,1.00,1.37
2018.02.07 23:17:35.952,0.94321,0.94346,1.00,1.50
2018.02.07 23:17:36.209,0.94319,0.94346,1.00,1.00
2018.02.07 23:17:36.314,0.94321,0.94346,1.00,1.00
2018.02.07 23:17:37.464,0.94321,0.94347,1.00,1.75
2018.02.07 23:17:39.582,0.94321,0.94346,1.00,1.50
2018.02.07 23:17:40.229,0.94321,0.94346,1.00,3.37
2018.02.07 23:17:41.776,0.94321,0.94346,1.00,1.50
2018.02.07 23:17:43.297,0.94321,0.94345,1.00,1.50
2018.02.07 23:17:43.864,0.94322,0.94345,1.00,1.50
2018.02.07 23:17:44.020,0.94318,0.94345,1.69,1.50
2018.02.07 23:17:44.124,0.94324,0.94345,1.00,1.50
2018.02.07 23:17:44.176,0.94322,0.94344,1.00,1.50
2018.02.07 23:17:44.228,0.94318,0.94344,1.69,1.50
2018.02.07 23:17:44.281,0.94324,0.94345,1.00,3.37
2018.02.07 23:17:44.384,0.94318,0.94344,1.69,1.50
2018.02.07 23:17:44.437,0.94323,0.94344,1.00,1.50
2018.02.07 23:17:44.542,0.94318,0.94344,1.69,1.50
2018.02.07 23:17:44.813,0.94323,0.94345,1.00,3.37
2018.02.07 23:17:44.866,0.94318,0.94344,1.69,1.50
2018.02.07 23:17:44.971,0.94323,0.94345,1.00,3.37
2018.02.07 23:17:45.023,0.94318,0.94345,1.50,2.25
2018.02.07 23:17:45.449,0.94318,0.94345,1.50,1.00
2018.02.07 23:17:45.556,0.94318,0.94344,2.44,1.50
2018.02.07 23:17:45.660,0.94318,0.94345,2.25,1.12
2018.02.07 23:17:45.738,0.94318,0.94345,2.25,1.37
2018.02.07 23:17:46.222,0.94323,0.94345,1.00,1.50
2018.02.07 23:17:46.274,0.94318,0.94345,1.50,1.50
2018.02.07 23:17:46.378,0.94324,0.94345,1.00,1.50
2018.02.07 23:17:46.430,0.94319,0.94345,1.00,1.50
2018.02.07 23:17:46.533,0.94321,0.94345,1.00,1.50
2018.02.07 23:17:47.062,0.94321,0.94345,1.00,1.75
2018.02.07 23:17:47.593,0.94325,0.94345,1.00,1.75
2018.02.07 23:17:47.646,0.94322,0.94345,1.00,1.00
2018.02.07 23:17:47.698,0.94318,0.94346,3.19,1.75
2018.02.07 23:17:47.750,0.94325,0.94346,1.00,1.75
2018.02.07 23:17:47.854,0.94319,0.94347,1.50,1.50
2018.02.07 23:17:47.907,0.94325,0.94346,1.00,1.50
2018.02.07 23:17:48.011,0.94318,0.94346,2.25,1.75
2018.02.07 23:17:48.166,0.94318,0.94347,2.25,1.00
2018.02.07 23:17:48.218,0.94319,0.94349,1.00,1.00
2018.02.07 23:17:48.321,0.94319,0.94347,1.12,1.00
2018.02.07 23:17:49.971,0.94325,0.94349,1.00,1.00
2018.02.07 23:17:50.127,0.94325,0.94351,1.00,1.00
2018.02.07 23:17:50.384,0.94325,0.94353,1.00,1.50
2018.02.07 23:17:50.641,0.94325,0.94347,1.00,1.50
2018.02.07 23:17:51.158,0.94324,0.94346,1.00,1.50
2018.02.07 23:17:51.705,0.94325,0.94345,1.00,1.37
2018.02.07 23:17:52.123,0.94323,0.94345,1.00,1.50
2018.02.07 23:17:52.175,0.94325,0.94345,1.00,1.50
2018.02.07 23:17:52.752,0.94325,0.94344,1.00,1.50
2018.02.07 23:17:53.286,0.94325,0.94345,1.00,1.50
2018.02.07 23:17:53.958,0.94327,0.94345,1.00,1.50
2018.02.07 23:17:54.010,0.94324,0.94345,1.00,1.50
2018.02.07 23:17:54.632,0.94324,0.94345,1.00,1.50
2018.02.07 23:17:54.892,0.94324,0.94344,1.00,1.50
2018.02.07 23:17:55.203,0.94326,0.94346,1.00,1.50
2018.02.07 23:17:55.448,0.94324,0.94346,1.00,1.50
2018.02.07 23:17:55.500,0.94326,0.94345,1.00,1.50
2018.02.07 23:17:55.552,0.94318,0.94345,1.50,1.50
2018.02.07 23:17:56.622,0.94317,0.94346,1.69,1.75
2018.02.07 23:17:57.141,0.94318,0.94345,1.69,1.50
2018.02.07 23:17:57.646,0.94319,0.94345,1.07,1.00
2018.02.07 23:17:57.698,0.94319,0.94347,1.07,1.00
2018.02.07 23:17:57.986,0.94323,0.94347,1.00,1.00
2018.02.07 23:17:58.038,0.94318,0.94347,1.50,1.00
2018.02.07 23:17:58.142,0.94318,0.94346,1.00,1.50
2018.02.07 23:17:58.657,0.94318,0.94345,1.50,1.50
2018.02.07 23:17:59.733,0.94318,0.94345,1.69,1.50
2018.02.07 23:18:00.153,0.94319,0.94348,1.00,1.00
2018.02.07 23:18:00.287,0.94322,0.94348,1.00,1.00
2018.02.07 23:18:00.601,0.94324,0.94349,1.00,1.00
2018.02.07 23:18:00.915,0.94323,0.94344,1.00,1.50
2018.02.07 23:18:00.967,0.94318,0.94344,2.25,1.50
2018.02.07 23:18:01.174,0.94318,0.94346,2.32,1.00
2018.02.07 23:18:01.895,0.94321,0.94346,1.00,1.00
2018.02.07 23:18:02.223,0.94318,0.94344,2.25,1.50
2018.02.07 23:18:02.528,0.94322,0.94344,1.00,1.50
2018.02.07 23:18:02.579,0.94318,0.94344,2.25,1.50
2018.02.07 23:18:03.213,0.94319,0.94344,1.00,1.50
2018.02.07 23:18:03.453,0.94321,0.94344,1.00,1.50
2018.02.07 23:18:03.713,0.94318,0.94344,1.50,1.50
2018.02.07 23:18:03.990,0.94322,0.94344,1.00,1.50
2018.02.07 23:18:04.094,0.94318,0.94344,1.50,1.50
2018.02.07 23:18:05.169,0.94318,0.94344,1.69,1.50
2018.02.07 23:18:05.470,0.94318,0.94343,1.69,1.50
2018.02.07 23:18:06.169,0.94318,0.94343,1.69,1.12
2018.02.07 23:18:08.224,0.94318,0.94345,1.69,1.50
2018.02.07 23:18:09.412,0.94318,0.94345,1.69,1.75
2018.02.07 23:18:10.185,0.94318,0.94344,1.69,1.50
2018.02.07 23:18:13.325,0.94318,0.94344,1.69,1.37
2018.02.07 23:18:15.480,0.94318,0.94344,1.69,1.50
2018.02.07 23:18:15.862,0.9432,0.94345,1.00,2.25
2018.02.07 23:18:16.172,0.94323,0.94344,1.00,1.50
2018.02.07 23:18:16.689,0.94323,0.94345,1.00,1.37
2018.02.07 23:18:16.947,0.94318,0.94346,1.50,1.50
2018.02.07 23:18:18.126,0.94318,0.94345,2.44,1.50
2018.02.07 23:18:18.419,0.94321,0.94345,1.00,1.50
2018.02.07 23:18:18.732,0.94323,0.94344,1.00,1.50
2018.02.07 23:18:19.049,0.94319,0.94345,1.00,1.50
2018.02.07 23:18:20.049,0.94321,0.94345,1.00,1.50
2018.02.07 23:18:20.426,0.94324,0.94346,1.00,1.75
2018.02.07 23:18:20.530,0.94319,0.94344,1.00,1.50
2018.02.07 23:18:21.148,0.94319,0.94344,1.00,1.50
2018.02.07 23:18:21.720,0.94321,0.94345,1.00,1.50
2018.02.07 23:18:22.029,0.94324,0.94345,1.00,1.50
2018.02.07 23:18:22.133,0.94322,0.94345,1.00,1.75
2018.02.07 23:18:22.185,0.94324,0.94345,1.00,1.50
2018.02.07 23:18:22.289,0.94318,0.94345,2.25,1.75
2018.02.07 23:18:22.341,0.94323,0.94346,1.00,1.37
2018.02.07 23:18:22.445,0.94319,0.94346,1.00,2.25
2018.02.07 23:18:23.799,0.94321,0.94346,1.00,1.50
2018.02.07 23:18:24.111,0.94323,0.94346,1.00,1.50
2018.02.07 23:18:24.473,0.94318,0.94346,2.25,1.50
2018.02.07 23:18:25.081,0.94318,0.94346,2.25,1.50
2018.02.07 23:18:25.391,0.94324,0.94344,1.00,1.50
2018.02.07 23:18:25.444,0.94322,0.94345,1.00,1.50
2018.02.07 23:18:25.497,0.94318,0.94345,2.25,1.50
2018.02.07 23:18:26.033,0.94319,0.94345,1.00,1.50
2018.02.07 23:18:26.085,0.94322,0.94345,1.00,1.50
2018.02.07 23:18:26.138,0.94319,0.94344,1.00,1.50
2018.02.07 23:18:26.350,0.94321,0.94344,1.00,1.50
2018.02.07 23:18:26.504,0.94318,0.94345,2.25,1.50
2018.02.07 23:18:27.708,0.94318,0.94345,2.44,1.50
2018.02.07 23:18:27.966,0.94322,0.94345,1.00,1.50
2018.02.07 23:18:28.276,0.94324,0.94344,1.00,1.50
2018.02.07 23:18:28.537,0.94318,0.94344,3.19,1.37
2018.02.07 23:18:29.069,0.94319,0.94345,1.00,1.50
2018.02.07 23:18:29.673,0.94319,0.94343,1.00,1.50
2018.02.07 23:18:30.522,0.94319,0.94343,1.00,1.12
2018.02.07 23:18:32.182,0.94319,0.94345,1.00,1.50
2018.02.07 23:18:32.764,0.94319,0.94345,1.00,1.12
2018.02.07 23:18:33.113,0.94319,0.94345,1.00,1.50
2018.02.07 23:18:33.436,0.94322,0.94343,1.00,1.50
2018.02.07 23:18:33.644,0.94322,0.94346,1.00,1.75
2018.02.07 23:18:33.749,0.94324,0.94345,1.00,1.50
2018.02.07 23:18:34.261,0.94325,0.94344,1.00,1.50
2018.02.07 23:18:34.679,0.94318,0.94344,2.25,1.50
2018.02.07 23:18:34.988,0.9432,0.94345,1.00,1.50
2018.02.07 23:18:35.144,0.94318,0.94345,2.25,1.50
2018.02.07 23:18:35.726,0.94318,0.94346,1.50,1.75
2018.02.07 23:18:37.435,0.94318,0.94344,2.44,1.50
2018.02.07 23:18:38.203,0.94318,0.94347,2.44,1.50
2018.02.07 23:18:39.412,0.94318,0.94347,2.44,1.50
2018.02.07 23:18:40.017,0.94318,0.94347,2.44,1.50
2018.02.07 23:18:40.663,0.94318,0.94347,2.25,2.62
2018.02.07 23:18:41.000,0.94322,0.94345,1.00,1.75
2018.02.07 23:18:41.414,0.94325,0.94345,1.00,1.75
2018.02.07 23:18:41.778,0.94325,0.94347,1.00,1.75
2018.02.07 23:18:42.272,0.94319,0.94348,1.00,1.75
2018.02.07 23:18:42.532,0.94321,0.94348,1.00,1.50
2018.02.07 23:18:42.634,0.94319,0.94349,1.00,1.75
2018.02.07 23:18:43.233,0.9432,0.94346,1.00,1.75
2018.02.07 23:18:43.284,0.9432,0.94346,1.00,1.50
2018.02.07 23:18:43.336,0.94322,0.94346,1.00,1.50
2018.02.07 23:18:43.388,0.9432,0.94346,1.00,1.37
2018.02.07 23:18:43.440,0.94318,0.94348,2.25,1.75
2018.02.07 23:18:43.492,0.94322,0.94347,1.00,1.50
2018.02.07 23:18:43.597,0.94319,0.94348,1.00,1.75
2018.02.07 23:18:44.252,0.94319,0.94349,1.00,1.50
2018.02.07 23:18:44.908,0.94319,0.94346,1.00,1.50
2018.02.07 23:18:45.441,0.94318,0.94344,1.50,1.50
2018.02.07 23:18:45.963,0.94318,0.94344,1.69,1.50
2018.02.07 23:18:46.479,0.94318,0.94346,1.00,1.75
2018.02.07 23:18:47.237,0.94318,0.94345,1.50,1.50
2018.02.07 23:18:47.846,0.94318,0.94345,1.69,1.50
2018.02.07 23:18:48.398,0.94318,0.94345,1.69,1.50
2018.02.07 23:18:48.997,0.94318,0.94347,1.00,1.75
2018.02.07 23:18:49.511,0.94318,0.94345,1.50,1.50
2018.02.07 23:18:50.023,0.94318,0.94344,1.69,1.50
2018.02.07 23:18:50.229,0.94318,0.94345,1.69,1.50
2018.02.07 23:18:50.758,0.94318,0.94345,1.50,1.50
2018.02.07 23:18:51.226,0.94317,0.94344,1.69,1.75
2018.02.07 23:18:51.445,0.94318,0.94345,1.69,1.50
2018.02.07 23:18:51.861,0.94318,0.94346,1.69,1.50
2018.02.07 23:18:52.275,0.94318,0.94345,1.69,1.75
2018.02.07 23:18:52.431,0.94318,0.94345,1.69,1.12
2018.02.07 23:18:52.793,0.94318,0.94346,2.14,1.50
2018.02.07 23:18:53.122,0.94318,0.94344,2.51,1.37
2018.02.07 23:18:53.225,0.94318,0.94346,2.14,1.37
2018.02.07 23:18:53.328,0.94318,0.94346,1.69,1.87
2018.02.07 23:18:53.380,0.94318,0.94343,1.69,1.00
2018.02.07 23:18:53.696,0.94318,0.94345,1.69,1.50
2018.02.07 23:18:54.261,0.94318,0.94345,1.76,1.50
2018.02.07 23:18:56.570,0.94318,0.94344,1.76,1.75
2018.02.07 23:18:56.623,0.94318,0.94345,1.01,1.50
2018.02.07 23:18:57.250,0.94318,0.94345,1.01,1.50
2018.02.07 23:18:58.261,0.94318,0.94344,2.44,1.50
2018.02.07 23:18:58.743,0.94318,0.94345,1.76,1.00
2018.02.07 23:18:59.317,0.94318,0.94345,1.76,1.00
2018.02.07 23:18:59.636,0.94318,0.94342,1.69,1.00
2018.02.07 23:19:00.162,0.94318,0.94345,1.76,1.00
2018.02.07 23:19:00.777,0.94318,0.94344,1.01,1.00
2018.02.07 23:19:01.135,0.94318,0.94345,1.69,3.37
2018.02.07 23:19:01.239,0.94318,0.94348,1.00,1.87
2018.02.07 23:19:01.291,0.94318,0.94345,2.44,1.75
2018.02.07 23:19:01.649,0.94318,0.94345,2.44,1.00
2018.02.07 23:19:02.247,0.94318,0.94343,2.44,1.50
2018.02.07 23:19:02.765,0.94318,0.94344,1.69,1.50
2018.02.07 23:19:04.210,0.94324,0.94344,1.00,1.50
2018.02.07 23:19:05.413,0.94324,0.94343,1.00,1.75
2018.02.07 23:19:05.766,0.94324,0.94343,1.00,1.00
2018.02.07 23:19:05.818,0.94324,0.94345,1.00,1.00
2018.02.07 23:19:06.541,0.94324,0.94344,1.00,1.00
2018.02.07 23:19:06.646,0.94324,0.94342,1.00,1.50
2018.02.07 23:19:08.516,0.94324,0.94341,1.00,1.37
2018.02.07 23:19:09.413,0.94324,0.94342,1.00,1.50
2018.02.07 23:19:09.571,0.94323,0.94344,1.00,1.37
2018.02.07 23:19:10.099,0.94323,0.94342,1.00,1.50
2018.02.07 23:19:12.119,0.94318,0.94338,1.00,1.50
2018.02.07 23:19:12.432,0.94323,0.9434,1.00,1.37
2018.02.07 23:19:13.492,0.94324,0.9434,1.00,1.75
2018.02.07 23:19:13.788,0.94323,0.94341,1.00,1.50
2018.02.07 23:19:14.050,0.94323,0.94344,1.00,1.50
2018.02.07 23:19:14.155,0.94323,0.94345,1.00,1.00
2018.02.07 23:19:15.110,0.94323,0.94346,1.00,1.69
2018.02.07 23:19:15.403,0.94326,0.94344,1.00,1.00
2018.02.07 23:19:15.455,0.94323,0.94344,1.00,1.50
2018.02.07 23:19:16.118,0.94323,0.94345,1.00,1.00
2018.02.07 23:19:16.222,0.94323,0.94343,1.00,1.00
2018.02.07 23:19:16.667,0.94323,0.94342,1.00,1.50
2018.02.07 23:19:17.937,0.94323,0.94341,1.00,1.50
2018.02.07 23:19:18.446,0.94324,0.94343,1.00,1.75
2018.02.07 23:19:19.109,0.94324,0.94342,1.00,1.75
2018.02.07 23:19:22.413,0.94324,0.94342,1.00,1.50
2018.02.07 23:19:23.283,0.94324,0.94342,1.00,1.12
2018.02.07 23:19:23.683,0.94324,0.94345,1.00,1.00
2018.02.07 23:19:25.669,0.94324,0.94346,1.00,2.62
2018.02.07 23:19:26.206,0.94324,0.94345,1.00,1.00
2018.02.07 23:19:27.434,0.94324,0.94346,1.00,2.06
2018.02.07 23:19:27.572,0.94324,0.94344,1.00,1.00
2018.02.07 23:19:28.425,0.94324,0.94345,1.00,1.00
2018.02.07 23:19:29.000,0.94323,0.94345,1.00,1.50
2018.02.07 23:19:29.337,0.94325,0.94343,1.00,1.50
2018.02.07 23:19:29.597,0.94325,0.94344,1.00,1.00
2018.02.07 23:19:30.273,0.94323,0.94345,1.00,1.50
2018.02.07 23:19:31.902,0.94324,0.94345,1.00,1.00
2018.02.07 23:19:32.958,0.94324,0.94344,1.00,1.00
2018.02.07 23:19:34.953,0.94324,0.94345,1.00,1.00
2018.02.07 23:19:35.525,0.94324,0.94346,1.00,1.31
2018.02.07 23:19:36.156,0.94324,0.94345,1.00,1.00
2018.02.07 23:19:37.532,0.94324,0.94346,1.00,1.87
2018.02.07 23:19:38.090,0.94324,0.94345,1.00,1.00
2018.02.07 23:19:39.629,0.94322,0.94348,1.00,1.56
2018.02.07 23:19:42.497,0.94322,0.94345,1.00,1.00
2018.02.07 23:19:43.022,0.94323,0.94344,1.00,1.00
2018.02.07 23:19:43.804,0.94323,0.94343,1.00,1.00
2018.02.07 23:19:44.354,0.94323,0.94344,1.00,1.00
2018.02.07 23:19:45.577,0.94323,0.94343,1.00,1.00
2018.02.07 23:19:47.678,0.94323,0.94341,1.00,1.50
2018.02.07 23:19:48.183,0.94323,0.94343,1.00,1.00
2018.02.07 23:19:52.957,0.94325,0.94343,1.00,1.00
2018.02.07 23:19:54.528,0.94325,0.94344,1.00,1.00
2018.02.07 23:19:54.746,0.94324,0.94346,1.00,1.50
2018.02.07 23:19:55.211,0.94324,0.94343,1.00,1.00
2018.02.07 23:19:55.314,0.94322,0.94344,1.00,1.00
2018.02.07 23:19:55.852,0.94322,0.94343,1.00,1.00
2018.02.07 23:19:58.579,0.94321,0.94345,1.00,1.31
2018.02.07 23:20:00.576,0.94321,0.94343,1.00,1.00
2018.02.07 23:20:00.628,0.94322,0.94345,1.00,1.25
2018.02.07 23:20:01.133,0.94323,0.94341,1.00,1.00
2018.02.07 23:20:01.753,0.94322,0.9434,1.00,1.00
2018.02.07 23:20:02.291,0.94323,0.94341,1.00,1.69
2018.02.07 23:20:02.638,0.94322,0.94338,1.00,1.00
2018.02.07 23:20:02.691,0.94322,0.9434,1.00,1.00
2018.02.07 23:20:03.056,0.94323,0.94342,1.00,1.00
2018.02.07 23:20:03.318,0.94323,0.94344,1.00,1.25
2018.02.07 23:20:03.440,0.94325,0.94344,1.00,1.00
2018.02.07 23:20:03.546,0.94321,0.94343,1.00,1.00
2018.02.07 23:20:03.600,0.94322,0.94345,1.00,1.00
2018.02.07 23:20:03.653,0.94323,0.94347,1.00,1.00
2018.02.07 23:20:04.179,0.94322,0.94347,1.00,1.00
2018.02.07 23:20:04.363,0.94322,0.94345,1.00,1.00
2018.02.07 23:20:04.832,0.94322,0.94343,1.00,1.00
2018.02.07 23:20:10.386,0.94322,0.94345,1.00,1.25
2018.02.07 23:20:12.957,0.94323,0.94343,1.00,1.00
2018.02.07 23:20:14.530,0.94323,0.94345,1.00,1.00
2018.02.07 23:20:15.034,0.94322,0.94344,1.00,1.00
2018.02.07 23:20:17.391,0.94323,0.94345,1.00,1.00
2018.02.07 23:20:18.126,0.94323,0.94343,1.00,1.00
2018.02.07 23:20:18.721,0.94322,0.94343,1.00,1.00
2018.02.07 23:20:20.409,0.94321,0.94348,1.00,3.56
2018.02.07 23:20:20.665,0.94322,0.94344,1.00,1.00
2018.02.07 23:20:21.895,0.94322,0.94345,1.00,1.00
2018.02.07 23:20:22.371,0.94322,0.94347,1.00,2.06
2018.02.07 23:20:23.420,0.94321,0.94346,1.00,1.00
2018.02.07 23:20:24.001,0.94321,0.94343,1.00,1.75
2018.02.07 23:20:24.548,0.94321,0.94343,1.00,1.50
2018.02.07 23:20:25.160,0.94321,0.94343,1.00,1.50
2018.02.07 23:20:27.412,0.94321,0.94343,1.00,1.50
2018.02.07 23:20:27.675,0.94321,0.94346,1.00,1.50
2018.02.07 23:20:28.189,0.94322,0.94345,1.00,1.00
2018.02.07 23:20:32.062,0.94321,0.94343,1.00,1.00
2018.02.07 23:20:34.413,0.94321,0.94343,1.00,2.25
2018.02.07 23:20:34.979,0.94322,0.94344,1.00,1.50
2018.02.07 23:20:35.483,0.94322,0.94343,1.00,1.50
2018.02.07 23:20:36.673,0.94322,0.94342,1.00,1.50
2018.02.07 23:20:37.183,0.94322,0.94343,1.00,1.00
2018.02.07 23:20:37.684,0.94322,0.94342,1.00,1.37
2018.02.07 23:20:38.151,0.94322,0.94343,1.00,1.00
2018.02.07 23:20:38.684,0.94322,0.94343,1.00,1.87
2018.02.07 23:20:39.412,0.94322,0.94343,1.00,1.87
2018.02.07 23:20:42.841,0.94321,0.94342,1.00,1.87
2018.02.07 23:20:43.366,0.94322,0.94342,1.00,1.37
2018.02.07 23:20:43.626,0.94323,0.9434,1.00,1.50
2018.02.07 23:20:47.267,0.94322,0.9434,1.00,1.50
2018.02.07 23:20:48.079,0.94324,0.9434,1.00,1.50
2018.02.07 23:20:48.131,0.94322,0.9434,1.00,1.50
2018.02.07 23:20:52.981,0.94322,0.9434,1.00,1.50
2018.02.07 23:20:53.923,0.94322,0.9434,1.00,1.50
2018.02.07 23:20:55.125,0.94323,0.9434,1.00,1.50
2018.02.07 23:20:55.645,0.94322,0.9434,1.00,1.37
2018.02.07 23:20:56.589,0.94323,0.9434,1.00,1.50
2018.02.07 23:20:57.207,0.94322,0.9434,1.00,2.25
2018.02.07 23:20:58.887,0.94322,0.9434,1.00,1.12
2018.02.07 23:20:59.436,0.94321,0.9434,1.00,1.37
2018.02.07 23:21:00.112,0.94322,0.9434,1.00,2.25
2018.02.07 23:21:00.696,0.94322,0.9434,1.00,1.12
2018.02.07 23:21:02.101,0.94323,0.94341,1.00,1.37
2018.02.07 23:21:02.153,0.9432,0.94341,1.00,1.37
2018.02.07 23:21:02.255,0.94323,0.94341,1.00,1.50
2018.02.07 23:21:02.459,0.94321,0.94341,1.00,1.50
2018.02.07 23:21:02.937,0.94324,0.94343,1.00,1.75
2018.02.07 23:21:02.988,0.94321,0.94342,1.00,1.50
2018.02.07 23:21:04.346,0.94321,0.94342,1.00,1.50
2018.02.07 23:21:04.659,0.94323,0.94342,1.00,1.50
2018.02.07 23:21:05.190,0.94322,0.94342,1.00,1.50
2018.02.07 23:21:05.724,0.94323,0.94342,1.00,1.50
2018.02.07 23:21:06.307,0.94323,0.94341,1.00,1.50
2018.02.07 23:21:08.570,0.94322,0.94341,1.00,1.50
2018.02.07 23:21:09.116,0.94322,0.94341,1.00,1.50
2018.02.07 23:21:09.636,0.94323,0.94341,1.00,1.50
2018.02.07 23:21:10.169,0.94318,0.94341,1.69,1.50
2018.02.07 23:21:10.896,0.94318,0.94342,1.69,1.50
2018.02.07 23:21:11.464,0.94318,0.94342,1.69,1.75
2018.02.07 23:21:12.969,0.94318,0.94342,1.69,1.50
2018.02.07 23:21:13.072,0.94318,0.9434,1.69,1.50
2018.02.07 23:21:13.383,0.94318,0.94338,1.69,1.50
2018.02.07 23:21:13.900,0.94318,0.94337,1.69,1.50
2018.02.07 23:21:15.148,0.94318,0.94338,1.69,1.50
2018.02.07 23:21:19.442,0.94318,0.94338,1.69,1.75
2018.02.07 23:21:26.130,0.94318,0.94338,1.25,1.50
2018.02.07 23:21:34.889,0.94318,0.94337,1.25,1.37
2018.02.07 23:21:36.243,0.94318,0.94338,1.69,1.50
2018.02.07 23:21:36.972,0.94318,0.94338,1.69,1.50
2018.02.07 23:21:37.524,0.94318,0.94338,1.69,1.50
2018.02.07 23:21:43.520,0.94318,0.94338,1.69,1.12
2018.02.07 23:21:44.069,0.94318,0.94338,1.69,1.50
2018.02.07 23:21:47.571,0.94318,0.94338,1.69,1.75
2018.02.07 23:21:48.239,0.94318,0.94338,1.69,1.50
2018.02.07 23:21:52.120,0.94318,0.94338,1.69,1.50
2018.02.07 23:21:52.861,0.94318,0.94338,1.69,1.50
2018.02.07 23:21:55.885,0.94318,0.94338,1.69,1.12
2018.02.07 23:21:56.218,0.94318,0.94335,1.69,1.50
2018.02.07 23:22:00.379,0.94318,0.94336,1.68,1.50
2018.02.07 23:22:00.763,0.94311,0.94335,3.75,2.00
2018.02.07 23:22:00.817,0.94309,0.94328,1.45,1.50
2018.02.07 23:22:00.875,0.94313,0.94333,1.50,1.00
2018.02.07 23:22:00.928,0.94313,0.94333,1.50,1.50
2018.02.07 23:22:01.033,0.94313,0.94333,1.00,1.50
2018.02.07 23:22:01.651,0.94314,0.94335,1.00,1.00
2018.02.07 23:22:01.708,0.94315,0.94338,1.37,2.62
2018.02.07 23:22:02.311,0.94314,0.94338,1.37,2.62
2018.02.07 23:22:02.630,0.94315,0.94337,3.19,2.44
2018.02.07 23:22:02.948,0.94315,0.94336,2.06,2.00
2018.02.07 23:22:03.801,0.94316,0.94336,1.00,1.69
2018.02.07 23:22:05.360,0.94316,0.94336,1.00,1.12
2018.02.07 23:22:06.535,0.94316,0.94337,1.50,2.06
2018.02.07 23:22:06.892,0.9431,0.94336,1.47,2.44
2018.02.07 23:22:06.943,0.9431,0.94334,1.10,1.50
2018.02.07 23:22:06.995,0.94306,0.94333,3.19,1.75
2018.02.07 23:22:07.513,0.94308,0.94332,1.37,2.44
2018.02.07 23:22:07.819,0.94307,0.94328,2.25,1.50
2018.02.07 23:22:08.324,0.94308,0.94328,1.37,1.75
2018.02.07 23:22:08.376,0.94308,0.94328,1.37,2.00
2018.02.07 23:22:08.888,0.94308,0.94329,1.87,1.75
2018.02.07 23:22:09.042,0.94308,0.94329,1.37,1.50
2018.02.07 23:22:10.900,0.94307,0.94329,1.50,1.75
2018.02.07 23:22:11.005,0.94307,0.94329,1.37,1.75
2018.02.07 23:22:12.441,0.94306,0.94332,1.87,1.00
2018.02.07 23:22:12.958,0.94306,0.94332,1.47,1.50
2018.02.07 23:22:13.114,0.94306,0.94334,1.47,1.50
2018.02.07 23:22:13.615,0.94306,0.94335,1.95,1.75
2018.02.07 23:22:14.618,0.94306,0.94333,1.87,1.50
2018.02.07 23:22:14.712,0.94306,0.94334,1.95,1.00
2018.02.07 23:22:15.244,0.94306,0.94335,1.45,3.37
2018.02.07 23:22:16.188,0.94306,0.94334,1.47,1.50
2018.02.07 23:22:16.536,0.94304,0.94329,1.47,1.00
2018.02.07 23:22:16.852,0.94305,0.94331,1.87,1.12
2018.02.07 23:22:17.009,0.94305,0.94334,2.70,1.50
2018.02.07 23:22:17.622,0.94305,0.94334,2.70,1.50
2018.02.07 23:22:18.161,0.94305,0.94334,2.70,1.00
2018.02.07 23:22:18.447,0.94305,0.94333,1.95,1.50
2018.02.07 23:22:20.177,0.94305,0.94332,1.95,1.50
2018.02.07 23:22:20.735,0.94304,0.94333,1.45,1.37
2018.02.07 23:22:21.471,0.94304,0.94332,1.45,1.50
2018.02.07 23:22:22.253,0.94304,0.94332,1.47,1.75
2018.02.07 23:22:22.963,0.94304,0.94331,1.45,1.12
2018.02.07 23:22:23.274,0.94303,0.94327,1.47,1.37
2018.02.07 23:22:24.703,0.94303,0.94327,1.37,1.50
2018.02.07 23:22:25.311,0.94303,0.94327,1.47,1.50
2018.02.07 23:22:26.737,0.94303,0.94328,1.47,1.50
2018.02.07 23:22:27.267,0.94305,0.94328,1.37,1.50
2018.02.07 23:22:28.114,0.94305,0.94328,1.37,1.12
2018.02.07 23:22:28.652,0.94304,0.94328,1.37,1.50
2018.02.07 23:22:29.107,0.94304,0.9433,1.37,1.37
2018.02.07 23:22:31.768,0.94303,0.9433,1.95,1.00
2018.02.07 23:22:31.875,0.94306,0.94332,1.37,1.50
2018.02.07 23:22:32.033,0.94306,0.94333,1.47,1.12
2018.02.07 23:22:33.551,0.94307,0.94333,1.37,1.50
2018.02.07 23:22:34.285,0.94307,0.94333,1.47,1.50
2018.02.07 23:22:34.880,0.94307,0.94333,1.47,1.50
2018.02.07 23:22:35.571,0.94308,0.94334,1.37,1.00
2018.02.07 23:22:36.128,0.94308,0.94335,1.37,3.37
2018.02.07 23:22:40.151,0.94304,0.94336,1.95,1.75
2018.02.07 23:22:41.968,0.94303,0.94332,1.45,1.50
2018.02.07 23:22:42.026,0.94301,0.94327,3.26,1.00
2018.02.07 23:22:42.346,0.94302,0.94327,1.95,3.37
2018.02.07 23:22:44.727,0.94304,0.94327,1.47,1.37
2018.02.07 23:22:45.671,0.94304,0.94327,1.47,1.00
2018.02.07 23:22:46.202,0.94304,0.94327,1.47,3.37
2018.02.07 23:22:46.689,0.94304,0.94329,1.37,3.56
2018.02.07 23:22:46.793,0.94303,0.94327,1.45,1.50
2018.02.07 23:22:47.314,0.94303,0.94326,1.47,1.50
2018.02.07 23:22:48.059,0.94303,0.94326,1.47,1.12
2018.02.07 23:22:48.638,0.94303,0.94328,1.47,1.50
2018.02.07 23:22:50.510,0.94303,0.94326,1.37,1.12
2018.02.07 23:22:51.030,0.94302,0.94329,2.13,1.75
2018.02.07 23:22:55.900,0.94303,0.9433,1.45,2.62
2018.02.07 23:22:56.420,0.94303,0.9433,1.45,3.37
2018.02.07 23:22:56.929,0.94303,0.94329,1.45,1.00
2018.02.07 23:22:57.567,0.94303,0.94332,1.47,3.37
2018.02.07 23:22:59.967,0.94303,0.94331,1.47,1.50
2018.02.07 23:23:00.019,0.94303,0.9433,1.45,1.50
2018.02.07 23:23:00.402,0.94305,0.94332,1.37,2.62
2018.02.07 23:23:01.154,0.94306,0.94332,1.37,1.50
2018.02.07 23:23:01.789,0.94306,0.94332,1.37,3.37
2018.02.07 23:23:04.251,0.94303,0.94333,1.95,3.37
2018.02.07 23:23:05.906,0.94303,0.94331,1.47,1.50
2018.02.07 23:23:07.616,0.94303,0.94331,1.45,1.00
2018.02.07 23:23:08.131,0.94303,0.94332,1.45,1.75
2018.02.07 23:23:08.443,0.94309,0.94331,2.06,1.50
2018.02.07 23:23:09.701,0.94309,0.94334,1.62,1.75
2018.02.07 23:23:14.008,0.94309,0.94335,1.37,2.62
2018.02.07 23:23:15.854,0.94302,0.94327,1.95,1.75
2018.02.07 23:23:15.961,0.94302,0.94327,1.47,1.50
2018.02.07 23:23:16.068,0.94302,0.94323,1.47,1.50
2018.02.07 23:23:16.122,0.94302,0.94326,1.47,2.62
2018.02.07 23:23:16.230,0.94302,0.9433,1.95,1.50
2018.02.07 23:23:16.284,0.94302,0.94331,1.47,1.50
2018.02.07 23:23:16.545,0.94302,0.94332,2.70,1.50
2018.02.07 23:23:16.751,0.94302,0.94334,2.70,1.12
2018.02.07 23:23:16.803,0.94302,0.94332,2.70,1.50
2018.02.07 23:23:18.095,0.94303,0.94329,1.47,1.50
2018.02.07 23:23:18.249,0.94302,0.94332,1.95,1.50
2018.02.07 23:23:18.875,0.94302,0.94332,1.45,1.50
2018.02.07 23:23:19.730,0.94302,0.9433,1.47,1.50
2018.02.07 23:23:20.238,0.94302,0.9433,1.47,1.75
2018.02.07 23:23:20.291,0.94302,0.94331,1.45,1.75
2018.02.07 23:23:20.344,0.94302,0.9433,1.45,2.25
2018.02.07 23:23:20.983,0.94302,0.94331,1.45,1.50
2018.02.07 23:23:21.573,0.94302,0.9433,1.45,1.50
2018.02.07 23:23:23.011,0.94302,0.94333,1.45,3.37
2018.02.07 23:23:24.115,0.94302,0.94333,1.47,2.25
2018.02.07 23:23:24.674,0.943,0.94332,1.95,2.25
2018.02.07 23:23:25.858,0.943,0.94331,1.45,3.37
2018.02.07 23:23:27.571,0.943,0.9433,1.45,1.50
2018.02.07 23:23:29.676,0.943,0.9433,1.45,1.50
2018.02.07 23:23:30.218,0.943,0.9433,1.45,1.50
2018.02.07 23:23:30.745,0.943,0.94332,1.45,1.00
2018.02.07 23:23:31.319,0.943,0.94333,2.14,3.37
2018.02.07 23:23:31.487,0.94299,0.94327,1.57,1.50
2018.02.07 23:23:32.192,0.943,0.94328,1.47,1.50
2018.02.07 23:23:38.232,0.94297,0.94326,1.45,1.00
2018.02.07 23:23:38.821,0.94297,0.94327,1.45,2.62
2018.02.07 23:23:39.790,0.94297,0.94325,1.45,1.50
2018.02.07 23:23:40.809,0.94297,0.94325,1.45,1.50
2018.02.07 23:23:41.327,0.94297,0.94325,1.45,1.50
2018.02.07 23:23:43.753,0.94295,0.94325,1.57,1.50
2018.02.07 23:23:44.526,0.94295,0.94325,1.57,1.50
2018.02.07 23:23:53.111,0.94295,0.94327,2.32,1.50
2018.02.07 23:23:56.129,0.94295,0.94325,1.57,1.50
2018.02.07 23:23:58.270,0.94295,0.94324,2.32,1.50
2018.02.07 23:24:03.482,0.94294,0.94325,2.32,1.50
2018.02.07 23:24:06.914,0.94294,0.94325,2.32,1.75
2018.02.07 23:24:14.789,0.94294,0.94324,2.32,1.00
2018.02.07 23:24:15.300,0.94294,0.94325,2.32,1.50
2018.02.07 23:24:17.035,0.94294,0.94324,2.32,1.00
2018.02.07 23:24:17.638,0.94294,0.94324,2.32,1.50
2018.02.07 23:24:17.989,0.94295,0.94322,1.82,1.50
2018.02.07 23:24:22.507,0.94295,0.94322,1.95,1.50
2018.02.07 23:24:22.560,0.94295,0.94322,1.57,1.50
2018.02.07 23:24:22.666,0.94295,0.94322,1.95,1.00
2018.02.07 23:24:22.720,0.94298,0.94326,1.57,1.50
2018.02.07 23:24:22.773,0.94298,0.94326,1.95,1.50
2018.02.07 23:24:23.089,0.94298,0.94325,1.45,1.75
2018.02.07 23:24:23.467,0.94298,0.94324,1.45,1.00
2018.02.07 23:24:23.986,0.94298,0.94324,1.45,1.50
2018.02.07 23:24:24.384,0.94298,0.94323,2.70,1.75
2018.02.07 23:24:25.280,0.94298,0.94322,1.57,1.50
2018.02.07 23:24:25.801,0.94299,0.94323,1.47,1.75
2018.02.07 23:24:27.264,0.94298,0.94324,2.32,1.69
2018.02.07 23:24:27.780,0.94298,0.94324,2.32,2.44
2018.02.07 23:24:29.189,0.94299,0.94323,1.57,1.50
2018.02.07 23:24:30.469,0.94299,0.94323,1.57,1.50
2018.02.07 23:24:30.986,0.94298,0.94323,1.20,1.50
2018.02.07 23:24:31.498,0.94299,0.94324,1.57,1.50
2018.02.07 23:24:33.156,0.943,0.94325,1.45,1.50
2018.02.07 23:24:36.341,0.94299,0.94325,1.57,1.50
2018.02.07 23:24:37.445,0.94298,0.94325,2.14,1.50
2018.02.07 23:24:37.752,0.943,0.94327,1.45,1.50
2018.02.07 23:24:40.159,0.943,0.94327,1.45,1.50
2018.02.07 23:24:40.744,0.943,0.94327,1.45,1.50
2018.02.07 23:24:42.282,0.94299,0.94327,1.95,1.50
2018.02.07 23:24:42.859,0.943,0.94327,1.45,1.50
2018.02.07 23:24:44.339,0.943,0.94327,1.45,1.50
2018.02.07 23:24:44.853,0.943,0.94327,1.45,1.50
2018.02.07 23:24:45.377,0.94299,0.94327,1.95,1.50
2018.02.07 23:24:46.709,0.94299,0.94327,3.07,1.50
2018.02.07 23:24:47.449,0.94299,0.94327,3.07,1.00
2018.02.07 23:24:47.964,0.94299,0.94327,4.57,3.37
2018.02.07 23:24:51.570,0.94304,0.94329,1.37,4.12
2018.02.07 23:24:52.878,0.94304,0.9433,1.47,1.75
2018.02.07 23:24:52.982,0.94304,0.9433,1.37,1.75
2018.02.07 23:24:53.035,0.94304,0.9433,1.37,1.00
2018.02.07 23:24:53.754,0.94304,0.9433,1.47,1.50
2018.02.07 23:24:54.590,0.94305,0.94329,1.37,1.50
2018.02.07 23:24:55.178,0.94305,0.94332,1.47,1.00
2018.02.07 23:24:55.804,0.94305,0.94331,1.47,1.00
2018.02.07 23:24:56.682,0.94303,0.94328,1.45,1.00
2018.02.07 23:24:56.837,0.94303,0.94332,1.37,1.00
2018.02.07 23:24:57.356,0.94303,0.94331,1.45,1.00
2018.02.07 23:24:57.894,0.94303,0.94331,1.95,1.50
2018.02.07 23:24:58.310,0.94301,0.9433,1.37,2.62
2018.02.07 23:24:59.029,0.943,0.94326,1.45,1.50
2018.02.07 23:25:00.137,0.94302,0.94328,1.47,1.50
2018.02.07 23:25:01.524,0.94302,0.94328,1.47,1.50
2018.02.07 23:25:02.071,0.94303,0.9433,1.47,3.00
2018.02.07 23:25:04.314,0.94305,0.94332,1.37,3.37
2018.02.07 23:25:06.281,0.94301,0.94332,1.95,1.50
2018.02.07 23:25:10.913,0.94302,0.94331,1.70,1.50
2018.02.07 23:25:12.748,0.94306,0.94332,1.37,1.50
2018.02.07 23:25:14.357,0.94306,0.94331,1.37,1.50
2018.02.07 23:25:15.519,0.94306,0.94331,1.37,1.12
2018.02.07 23:25:22.129,0.94323,0.94339,1.22,1.50
2018.02.07 23:25:22.181,0.94324,0.94341,1.49,1.00
2018.02.07 23:25:22.233,0.94323,0.94346,4.16,1.50
2018.02.07 23:25:22.285,0.94324,0.94348,1.49,1.19
2018.02.07 23:25:22.940,0.94324,0.94348,1.25,1.19
2018.02.07 23:25:23.703,0.94324,0.9435,1.49,1.69
2018.02.07 23:25:42.187,0.94324,0.94348,1.49,1.94
2018.02.07 23:25:42.293,0.94323,0.94351,1.00,1.56
2018.02.07 23:25:43.844,0.94323,0.94354,1.31,3.75
2018.02.07 23:25:44.369,0.94323,0.94351,1.37,1.00
2018.02.07 23:25:44.633,0.94322,0.94352,2.09,1.75
2018.02.07 23:25:45.150,0.94322,0.94349,1.72,1.87
2018.02.07 23:25:46.426,0.94322,0.94351,1.00,3.37
2018.02.07 23:25:46.974,0.94322,0.94351,2.84,3.37
2018.02.07 23:25:49.261,0.94322,0.9435,3.22,3.37
2018.02.07 23:25:49.366,0.94322,0.9435,2.47,3.37
2018.02.07 23:25:49.928,0.94322,0.9435,2.25,3.37
2018.02.07 23:25:50.612,0.94322,0.9435,2.62,1.50
2018.02.07 23:25:51.130,0.94322,0.94351,2.25,4.50
2018.02.07 23:25:51.649,0.94322,0.94351,2.84,4.69
2018.02.07 23:25:52.423,0.94322,0.94349,2.84,1.50
2018.02.07 23:25:53.131,0.94322,0.94349,3.22,1.37
2018.02.07 23:25:53.184,0.94322,0.94351,3.59,1.00
2018.02.07 23:25:53.700,0.94322,0.94351,3.59,1.00
2018.02.07 23:25:54.653,0.94322,0.94353,3.59,3.19
2018.02.07 23:25:55.675,0.94322,0.94353,2.84,4.31
2018.02.07 23:25:56.210,0.94323,0.94353,1.37,5.62
2018.02.07 23:25:57.877,0.94323,0.94353,1.37,1.31
2018.02.07 23:25:57.982,0.94322,0.94352,2.84,1.12
2018.02.07 23:25:58.562,0.94322,0.94352,2.47,1.12
2018.02.07 23:26:00.188,0.94322,0.94352,2.47,1.00
2018.02.07 23:26:04.100,0.94322,0.94352,2.47,1.00
2018.02.07 23:26:06.463,0.94322,0.94353,2.47,1.57
2018.02.07 23:26:07.962,0.94323,0.94352,1.37,1.12
2018.02.07 23:26:10.436,0.94322,0.94353,3.22,2.70
2018.02.07 23:26:10.954,0.94323,0.94352,1.37,1.12
2018.02.07 23:26:11.462,0.94322,0.94353,2.84,4.57
2018.02.07 23:26:11.816,0.94322,0.94349,3.22,3.37
2018.02.07 23:26:11.868,0.94322,0.94349,2.84,3.37
2018.02.07 23:26:12.586,0.94322,0.9435,2.84,2.25
2018.02.07 23:26:12.844,0.94322,0.9435,2.84,2.25
2018.02.07 23:26:13.680,0.94322,0.9435,2.84,1.50
2018.02.07 23:26:15.410,0.94322,0.94351,2.84,1.69
2018.02.07 23:26:16.577,0.94322,0.9435,2.84,1.50
2018.02.07 23:26:17.182,0.94322,0.9435,2.84,1.50
2018.02.07 23:26:17.701,0.94322,0.94351,2.84,3.37
2018.02.07 23:26:21.280,0.94322,0.94351,2.84,3.37
2018.02.07 23:26:21.331,0.94324,0.94351,1.00,2.44
2018.02.07 23:26:23.002,0.94324,0.94351,1.00,2.81
2018.02.07 23:26:23.261,0.94323,0.94351,1.12,1.50
2018.02.07 23:26:23.762,0.94324,0.94353,1.50,4.50
2018.02.07 23:26:24.269,0.94325,0.94353,1.00,4.50
2018.02.07 23:26:24.801,0.94324,0.94353,1.50,4.50
2018.02.07 23:26:25.488,0.94324,0.94353,2.62,1.50
2018.02.07 23:26:26.020,0.94324,0.94353,1.87,4.12
2018.02.07 23:26:27.702,0.94324,0.94353,1.12,1.50
2018.02.07 23:26:28.321,0.94324,0.94352,1.12,1.50
2018.02.07 23:26:28.840,0.94324,0.94353,1.00,1.00
2018.02.07 23:26:30.822,0.94324,0.94354,1.00,2.25
2018.02.07 23:26:31.399,0.94324,0.94351,1.00,1.50
2018.02.07 23:26:31.918,0.94323,0.9435,1.37,3.00
2018.02.07 23:26:33.594,0.94323,0.94352,1.12,1.00
2018.02.07 23:26:34.129,0.94323,0.94354,1.87,4.57
2018.02.07 23:26:36.413,0.94324,0.94353,1.12,1.50
2018.02.07 23:26:36.624,0.94324,0.94353,1.12,1.75
2018.02.07 23:26:39.705,0.94323,0.94353,1.87,1.50
2018.02.07 23:26:41.078,0.94323,0.94353,1.37,1.50
2018.02.07 23:26:41.637,0.94323,0.94353,1.12,3.37
2018.02.07 23:26:43.015,0.94323,0.94352,1.12,1.37
2018.02.07 23:26:43.620,0.94323,0.94352,1.37,1.50
2018.02.07 23:26:46.180,0.94324,0.94354,1.87,4.12
2018.02.07 23:26:46.685,0.94324,0.94354,1.12,4.57
2018.02.07 23:26:50.073,0.94324,0.94354,1.12,2.70
2018.02.07 23:26:51.648,0.94323,0.94352,1.87,3.37
2018.02.07 23:26:54.036,0.94323,0.94352,1.87,1.50
2018.02.07 23:26:55.413,0.94323,0.94353,1.87,1.50
2018.02.07 23:26:56.162,0.94323,0.94352,1.87,3.37
2018.02.07 23:26:56.874,0.94323,0.94352,1.87,2.25
2018.02.07 23:26:57.308,0.94323,0.9435,1.87,1.37
2018.02.07 23:26:57.814,0.94325,0.9435,1.00,1.37
2018.02.07 23:26:58.412,0.94325,0.9435,1.00,1.12
2018.02.07 23:27:00.690,0.94326,0.94351,1.00,1.50
2018.02.07 23:27:01.200,0.94326,0.9435,1.00,1.50
2018.02.07 23:27:02.628,0.94325,0.9435,1.00,1.00
2018.02.07 23:27:03.145,0.94325,0.9435,1.00,1.50
2018.02.07 23:27:04.722,0.94325,0.94351,1.00,2.25
2018.02.07 23:27:04.826,0.94322,0.94351,1.00,2.25
2018.02.07 23:27:05.157,0.94322,0.94348,1.00,1.50
2018.02.07 23:27:06.471,0.94322,0.9435,1.00,4.12
2018.02.07 23:27:12.621,0.94322,0.9435,1.00,3.19
2018.02.07 23:27:15.765,0.94322,0.9435,1.00,1.25
2018.02.07 23:27:16.570,0.94322,0.94348,1.00,1.50
2018.02.07 23:27:17.518,0.94322,0.9435,1.00,1.31
2018.02.07 23:27:19.501,0.94322,0.9435,1.00,1.62
2018.02.07 23:27:19.554,0.94322,0.94348,1.00,1.50
2018.02.07 23:27:22.440,0.94322,0.94348,1.00,1.00
2018.02.07 23:27:22.799,0.94322,0.94352,1.00,2.62
2018.02.07 23:27:22.851,0.94322,0.94348,1.00,1.19
2018.02.07 23:27:23.159,0.94322,0.94344,1.00,1.00
2018.02.07 23:27:24.902,0.9432,0.94344,1.12,1.00
2018.02.07 23:27:38.245,0.94322,0.94344,1.00,1.00
2018.02.07 23:27:38.939,0.94323,0.94344,1.00,1.00
2018.02.07 23:27:47.646,0.9432,0.94344,1.12,1.00
2018.02.07 23:27:48.069,0.94323,0.94344,1.00,1.00
2018.02.07 23:27:48.122,0.94321,0.94344,1.00,1.00
2018.02.07 23:27:48.226,0.94323,0.94344,1.00,1.00
2018.02.07 23:27:49.504,0.94324,0.94344,1.00,1.00
2018.02.07 23:27:51.908,0.94322,0.94344,1.00,1.00
2018.02.07 23:27:52.409,0.94321,0.94344,1.50,1.00
2018.02.07 23:27:53.510,0.94322,0.94344,1.00,1.00
2018.02.07 23:27:54.387,0.94324,0.94344,1.00,1.00
2018.02.07 23:27:55.754,0.94323,0.94344,1.00,1.00
2018.02.07 23:27:57.008,0.94323,0.94349,1.00,1.19
2018.02.07 23:27:59.185,0.94323,0.94345,1.00,1.00
2018.02.07 23:27:59.702,0.94322,0.94345,1.00,1.00
2018.02.07 23:28:00.371,0.94321,0.94345,1.00,1.00
2018.02.07 23:28:10.161,0.94322,0.94345,1.00,1.00
2018.02.07 23:28:11.741,0.9432,0.94345,1.00,1.00
2018.02.07 23:28:11.958,0.94318,0.94343,1.37,1.94
2018.02.07 23:28:12.575,0.94318,0.94344,1.37,1.69
2018.02.07 23:28:21.105,0.94317,0.94344,1.87,1.56
2018.02.07 23:28:21.788,0.94317,0.94344,1.37,1.69
2018.02.07 23:28:28.081,0.94318,0.94345,1.12,2.44
2018.02.07 23:28:33.298,0.94317,0.94345,1.37,1.31
2018.02.07 23:28:33.872,0.94317,0.94345,1.37,1.31
2018.02.07 23:28:35.379,0.94316,0.94336,1.37,1.50
2018.02.07 23:28:35.691,0.94316,0.94336,1.37,1.50
2018.02.07 23:28:37.957,0.94316,0.94336,1.37,1.50
2018.02.07 23:28:38.477,0.94314,0.94336,3.00,1.50
2018.02.07 23:28:39.033,0.94315,0.94339,1.50,1.19
2018.02.07 23:28:39.640,0.94316,0.94342,1.37,1.69
2018.02.07 23:28:40.113,0.94316,0.94342,1.87,1.25
2018.02.07 23:28:55.954,0.94316,0.94344,1.37,4.31
2018.02.07 23:28:56.065,0.94313,0.94342,1.00,1.19
2018.02.07 23:28:56.132,0.94311,0.94342,2.47,1.31
2018.02.07 23:28:56.185,0.94312,0.94342,1.25,1.19
2018.02.07 23:28:56.498,0.94314,0.94341,1.00,1.31
2018.02.07 23:28:57.015,0.94314,0.94342,1.00,1.69
2018.02.07 23:28:57.775,0.94315,0.94343,1.00,1.69
2018.02.07 23:28:58.135,0.94308,0.94343,1.50,3.19
2018.02.07 23:28:58.238,0.9431,0.94343,1.20,2.44
2018.02.07 23:28:58.340,0.9431,0.94343,1.00,3.94
2018.02.07 23:28:58.393,0.94313,0.94343,1.00,3.94
2018.02.07 23:28:58.914,0.94314,0.94343,1.00,1.19
2018.02.07 23:28:59.229,0.94317,0.94339,1.00,1.25
2018.02.07 23:28:59.543,0.94317,0.94339,1.00,1.19
2018.02.07 23:29:03.775,0.94316,0.94339,1.12,1.19
2018.02.07 23:29:04.573,0.94316,0.94339,1.12,4.31
2018.02.07 23:29:12.370,0.94317,0.94339,1.00,1.19
2018.02.07 23:29:12.980,0.94318,0.94339,1.00,1.19
2018.02.07 23:29:13.311,0.94316,0.94339,1.12,1.19
2018.02.07 23:29:19.053,0.94317,0.94339,1.00,1.19
2018.02.07 23:29:25.884,0.94318,0.94339,1.00,1.19
2018.02.07 23:29:28.503,0.94317,0.94339,1.00,1.31
2018.02.07 23:29:29.025,0.94318,0.94339,1.00,1.31
2018.02.07 23:29:30.337,0.94319,0.94339,1.00,1.31
2018.02.07 23:29:30.443,0.94317,0.94339,1.00,1.31
2018.02.07 23:29:31.071,0.94318,0.94339,1.00,1.31
2018.02.07 23:29:31.174,0.94315,0.94339,1.37,1.31
2018.02.07 23:29:40.142,0.94328,0.94341,1.00,3.37
2018.02.07 23:29:40.388,0.94322,0.94344,1.50,1.69
2018.02.07 23:29:40.905,0.94322,0.94345,1.69,2.44
2018.02.07 23:29:43.433,0.94338,0.94349,1.69,1.75
2018.02.07 23:29:43.540,0.94338,0.94352,1.69,1.31
2018.02.07 23:29:43.594,0.94337,0.94354,1.69,1.00
2018.02.07 23:29:44.168,0.94337,0.94357,1.69,3.56
2018.02.07 23:29:47.190,0.94338,0.94356,1.69,1.69
2018.02.07 23:29:55.676,0.94338,0.94351,1.69,1.00
2018.02.07 23:29:55.729,0.94338,0.94356,1.69,1.69
2018.02.07 23:29:55.781,0.94338,0.94354,1.50,1.50
2018.02.07 23:29:56.532,0.94338,0.94354,1.69,1.50
2018.02.07 23:29:57.099,0.94338,0.94354,1.69,1.50
2018.02.07 23:30:00.250,0.94338,0.94355,1.69,3.56
2018.02.07 23:30:10.013,0.94338,0.94356,1.69,1.50
2018.02.07 23:30:12.086,0.94338,0.94356,1.69,1.50
2018.02.07 23:30:24.949,0.94338,0.94356,1.69,1.50
2018.02.07 23:30:26.002,0.94338,0.94357,3.19,3.37
2018.02.07 23:30:27.131,0.94338,0.94355,1.69,1.00
2018.02.07 23:30:27.647,0.94338,0.94357,1.69,1.50
2018.02.07 23:30:28.657,0.94338,0.94353,1.69,2.00
2018.02.07 23:30:29.325,0.94338,0.94351,1.25,4.12
2018.02.07 23:30:29.430,0.94338,0.94351,1.25,1.00
2018.02.07 23:30:29.690,0.94338,0.94354,1.69,1.50
2018.02.07 23:30:30.247,0.94335,0.94349,1.00,1.31
2018.02.07 23:30:30.298,0.94332,0.94349,1.25,2.44
2018.02.07 23:30:30.794,0.94331,0.9435,1.00,2.41
2018.02.07 23:30:31.343,0.94331,0.9435,1.25,3.37
2018.02.07 23:30:31.708,0.94333,0.9435,1.00,2.62
2018.02.07 23:30:32.112,0.94331,0.94349,2.44,1.50
2018.02.07 23:30:32.164,0.94333,0.94349,1.00,1.00
2018.02.07 23:30:33.207,0.94334,0.9435,1.00,2.25
2018.02.07 23:30:37.580,0.94332,0.94349,1.00,2.25
2018.02.07 23:30:38.426,0.9433,0.94348,1.87,1.12
2018.02.07 23:30:38.951,0.9433,0.94348,1.87,1.87
2018.02.07 23:30:40.467,0.9433,0.94348,1.87,1.87
2018.02.07 23:30:41.241,0.9433,0.94348,1.19,2.44
2018.02.07 23:30:41.399,0.94327,0.94346,1.19,3.00
2018.02.07 23:30:41.707,0.94328,0.94341,1.00,1.50
2018.02.07 23:30:41.980,0.94329,0.94344,1.00,1.75
2018.02.07 23:30:42.034,0.94329,0.94342,1.00,2.62
2018.02.07 23:30:42.088,0.94327,0.9434,1.00,2.25
2018.02.07 23:30:43.412,0.94327,0.9434,1.00,2.25
2018.02.07 23:30:51.849,0.94322,0.94338,1.69,1.00
2018.02.07 23:30:51.904,0.94322,0.94334,1.19,1.00
2018.02.07 23:30:51.958,0.94318,0.94338,1.43,5.06
2018.02.07 23:30:52.117,0.94316,0.94333,1.19,2.25
2018.02.07 23:30:52.171,0.94312,0.94331,1.87,1.50
2018.02.07 23:30:52.278,0.94308,0.94329,1.62,1.00
2018.02.07 23:30:52.433,0.9431,0.94334,1.19,1.50
2018.02.07 23:30:53.126,0.9431,0.94336,1.69,1.50
2018.02.07 23:30:54.198,0.9431,0.94336,1.69,1.00
2018.02.07 23:30:54.511,0.94309,0.94335,1.87,1.50
2018.02.07 23:30:55.126,0.94309,0.94333,1.25,2.00
2018.02.07 23:30:55.442,0.9431,0.94331,1.19,3.56
2018.02.07 23:30:56.892,0.9431,0.9433,1.19,1.75
2018.02.07 23:30:57.633,0.94308,0.94328,2.62,1.62
2018.02.07 23:30:59.420,0.94307,0.94323,2.62,2.62
2018.02.07 23:30:59.527,0.94306,0.94321,1.00,1.12
2018.02.07 23:30:59.669,0.94306,0.94319,1.00,1.00
2018.02.07 23:30:59.878,0.94303,0.94319,1.25,3.37
2018.02.07 23:31:00.038,0.943,0.94312,1.50,1.50
2018.02.07 23:31:00.569,0.943,0.94313,1.25,1.87
2018.02.07 23:31:03.059,0.94298,0.94313,1.19,4.12
2018.02.07 23:31:03.647,0.94298,0.94315,1.19,4.12
2018.02.07 23:31:03.996,0.94309,0.94317,1.50,1.37
2018.02.07 23:31:04.159,0.94316,0.94325,1.50,3.19
2018.02.07 23:31:04.213,0.94313,0.94328,1.31,1.50
2018.02.07 23:31:04.749,0.94312,0.9433,1.81,1.50
2018.02.07 23:31:05.942,0.94316,0.9433,1.00,1.50
2018.02.07 23:31:06.177,0.94313,0.9433,1.69,1.50
2018.02.07 23:31:07.367,0.94312,0.94328,1.19,1.00
2018.02.07 23:31:07.419,0.94312,0.94328,1.00,1.00
2018.02.07 23:31:07.778,0.94312,0.94326,1.25,1.00
2018.02.07 23:31:10.103,0.94312,0.94327,1.25,1.00
2018.02.07 23:31:11.012,0.94312,0.94326,1.25,1.00
2018.02.07 23:31:13.172,0.94312,0.94325,1.25,1.00
2018.02.07 23:31:14.722,0.94312,0.94324,1.25,1.00
2018.02.07 23:31:15.036,0.94312,0.94321,1.25,1.00
2018.02.07 23:31:15.192,0.94312,0.94324,1.25,1.00
2018.02.07 23:31:15.672,0.94312,0.94327,1.25,1.00
2018.02.07 23:31:16.213,0.94312,0.94328,1.87,1.00
2018.02.07 23:31:19.354,0.94312,0.94327,1.44,1.00
2018.02.07 23:31:22.529,0.94312,0.94327,1.12,1.00
2018.02.07 23:31:23.866,0.94312,0.94328,1.12,1.00
2018.02.07 23:31:26.305,0.94312,0.94326,1.12,1.00
2018.02.07 23:31:28.284,0.94312,0.94327,1.12,1.00
2018.02.07 23:31:28.492,0.94313,0.9433,1.19,1.12
2018.02.07 23:31:29.020,0.94313,0.94329,1.19,1.00
2018.02.07 23:31:29.775,0.94312,0.9433,1.69,1.12
2018.02.07 23:31:30.343,0.94312,0.94329,2.62,1.00
2018.02.07 23:31:35.117,0.94314,0.9433,1.25,1.87
2018.02.07 23:31:37.610,0.94314,0.94329,1.25,1.00
2018.02.07 23:31:37.662,0.94318,0.94329,1.00,1.00
2018.02.07 23:31:38.177,0.94318,0.94328,1.00,1.12
2018.02.07 23:31:40.422,0.94315,0.94326,1.00,1.00
2018.02.07 23:31:40.581,0.94317,0.94327,1.00,3.75
2018.02.07 23:31:41.945,0.94317,0.94327,1.00,1.00
2018.02.07 23:31:46.209,0.94317,0.94328,1.00,1.00
2018.02.07 23:31:46.726,0.94317,0.94327,1.00,1.00
2018.02.07 23:31:49.270,0.94317,0.94326,1.00,1.00
2018.02.07 23:31:49.815,0.94317,0.94327,1.00,1.00
2018.02.07 23:31:50.346,0.94317,0.94326,1.00,1.00
2018.02.07 23:31:50.984,0.94317,0.94325,1.00,1.00
2018.02.07 23:31:51.678,0.94317,0.94326,1.00,1.00
2018.02.07 23:31:53.731,0.94317,0.94327,1.00,1.00
2018.02.07 23:31:56.605,0.94317,0.94326,1.00,3.19
2018.02.07 23:31:56.658,0.94313,0.94326,3.37,1.00
2018.02.07 23:31:57.167,0.94313,0.94327,3.37,1.00
2018.02.07 23:32:01.448,0.94314,0.94328,2.25,1.50
2018.02.07 23:32:01.886,0.94312,0.94325,5.81,3.75
2018.02.07 23:32:02.816,0.94312,0.94321,4.12,1.00
2018.02.07 23:32:03.193,0.94312,0.94325,3.19,2.81
2018.02.07 23:32:04.310,0.94312,0.94322,3.00,1.50
2018.02.07 23:32:04.998,0.94312,0.94321,3.00,1.00
2018.02.07 23:32:11.858,0.94312,0.94322,1.50,1.00
2018.02.07 23:32:13.405,0.94312,0.94321,3.00,1.00
2018.02.07 23:32:14.788,0.94312,0.94322,1.50,1.00
2018.02.07 23:32:15.594,0.94312,0.94323,1.00,1.50
2018.02.07 23:32:16.108,0.94312,0.94322,1.50,1.50
2018.02.07 23:32:16.934,0.94312,0.94323,1.00,1.87
2018.02.07 23:32:17.291,0.94303,0.94314,1.12,1.69
2018.02.07 23:32:17.344,0.94299,0.94314,1.19,1.69
2018.02.07 23:32:17.557,0.94295,0.94313,2.44,5.06
2018.02.07 23:32:19.254,0.94294,0.94309,1.69,1.00
2018.02.07 23:32:20.275,0.94294,0.94307,1.69,1.00
2018.02.07 23:32:20.814,0.94293,0.94306,5.06,1.00
2018.02.07 23:32:21.322,0.94295,0.94307,1.50,1.00
2018.02.07 23:32:23.262,0.94295,0.94307,1.50,1.00
2018.02.07 23:32:24.824,0.94295,0.9431,4.12,1.00
2018.02.07 23:32:24.881,0.94296,0.94311,1.31,1.00
2018.02.07 23:32:24.986,0.94296,0.94311,1.31,1.00
2018.02.07 23:32:25.091,0.94294,0.9431,1.25,1.00
2018.02.07 23:32:25.615,0.94294,0.9431,1.87,1.00
2018.02.07 23:32:26.425,0.94294,0.94309,1.87,1.00
2018.02.07 23:32:27.636,0.94294,0.94308,1.31,1.00
2018.02.07 23:32:30.553,0.94294,0.94308,1.50,1.00
2018.02.07 23:32:32.399,0.94294,0.94309,2.62,1.00
2018.02.07 23:32:32.974,0.94294,0.94308,2.62,1.00
2018.02.07 23:32:34.427,0.94294,0.94309,4.50,1.00
2018.02.07 23:32:39.657,0.94306,0.94314,1.12,1.00
2018.02.07 23:32:39.873,0.9431,0.94322,5.06,1.00
2018.02.07 23:32:39.926,0.9431,0.94322,3.56,1.25
2018.02.07 23:32:41.685,0.9431,0.94321,1.69,1.00
2018.02.07 23:32:41.886,0.94308,0.94318,3.19,1.00
2018.02.07 23:32:41.938,0.943,0.94317,5.62,1.25
2018.02.07 23:32:42.244,0.943,0.94315,5.25,1.00
2018.02.07 23:32:42.794,0.943,0.94316,1.69,1.00
2018.02.07 23:32:43.418,0.943,0.94315,2.62,1.00
2018.02.07 23:32:44.129,0.943,0.94316,2.81,1.00
2018.02.07 23:32:45.089,0.94301,0.94317,1.25,1.25
2018.02.07 23:32:45.430,0.94302,0.9432,4.69,1.00
2018.02.07 23:32:46.858,0.94302,0.94319,4.69,1.00
2018.02.07 23:32:49.085,0.94302,0.94318,4.69,1.00
2018.02.07 23:32:49.745,0.94302,0.94319,4.69,1.00
2018.02.07 23:32:50.956,0.94301,0.94318,2.06,3.75
2018.02.07 23:32:51.061,0.94301,0.94317,1.12,1.50
2018.02.07 23:32:51.612,0.94302,0.94317,1.37,1.50
2018.02.07 23:32:53.955,0.94303,0.94316,1.25,1.00
2018.02.07 23:32:54.371,0.94302,0.94314,2.25,1.00
2018.02.07 23:32:54.530,0.943,0.94313,3.56,1.00
2018.02.07 23:32:54.869,0.94301,0.94315,4.50,1.25
2018.02.07 23:32:55.376,0.94302,0.94317,4.69,4.69
2018.02.07 23:32:57.793,0.94303,0.94317,1.00,3.94
2018.02.07 23:33:07.291,0.94305,0.94319,3.00,1.87
2018.02.07 23:33:07.344,0.94305,0.94321,2.06,1.19
2018.02.07 23:33:10.689,0.94308,0.9432,1.19,2.06
2018.02.07 23:33:10.999,0.94312,0.94324,2.44,1.50
2018.02.07 23:33:11.739,0.94313,0.94328,2.00,1.19
2018.02.07 23:33:14.510,0.94314,0.94329,1.69,1.31
2018.02.07 23:33:17.059,0.94314,0.94331,2.81,1.31
2018.02.07 23:33:17.634,0.94315,0.94331,1.25,1.19
2018.02.07 23:33:19.490,0.94312,0.94328,3.37,1.50
2018.02.07 23:33:20.811,0.94312,0.94324,1.19,1.50
2018.02.07 23:33:20.864,0.94309,0.94324,3.75,1.69
2018.02.07 23:33:20.969,0.94309,0.94324,1.25,2.44
2018.02.07 23:33:21.506,0.94308,0.94325,1.81,3.75
2018.02.07 23:33:23.082,0.94309,0.94325,1.50,5.25
2018.02.07 23:33:25.006,0.94309,0.94324,1.50,1.69
2018.02.07 23:33:35.185,0.94309,0.94325,2.25,1.87
2018.02.07 23:33:36.817,0.94309,0.94326,1.50,1.31
2018.02.07 23:33:37.185,0.94309,0.94327,3.00,1.62
2018.02.07 23:33:38.518,0.9431,0.94325,1.12,1.00
2018.02.07 23:33:39.134,0.9431,0.94326,1.12,1.87
2018.02.07 23:33:39.660,0.9431,0.94325,1.37,1.00
2018.02.07 23:33:40.208,0.94311,0.94326,1.12,1.12
2018.02.07 23:33:41.136,0.94311,0.94325,1.00,1.00
2018.02.07 23:33:41.649,0.9431,0.94326,1.87,2.25
2018.02.07 23:33:41.859,0.9431,0.94326,2.06,2.25
2018.02.07 23:33:41.964,0.9431,0.94325,1.87,1.00
2018.02.07 23:33:42.555,0.9431,0.94325,1.87,1.00
2018.02.07 23:33:42.938,0.94323,0.9433,1.00,3.75
2018.02.07 23:33:43.034,0.94323,0.94331,1.50,1.50
2018.02.07 23:33:43.087,0.94323,0.94335,1.37,1.56
2018.02.07 23:33:43.620,0.94322,0.94337,4.50,1.31
2018.02.07 23:33:45.069,0.94323,0.94339,3.56,1.56
2018.02.07 23:33:52.527,0.9432,0.9434,2.44,7.12
2018.02.07 23:33:52.755,0.94319,0.94335,1.69,1.00
2018.02.07 23:33:52.964,0.94318,0.94334,4.50,1.00
2018.02.07 23:33:53.845,0.94318,0.94333,4.50,1.00
2018.02.07 23:33:57.645,0.94318,0.94335,4.50,1.69
2018.02.07 23:34:01.773,0.94318,0.94335,3.37,1.69
2018.02.07 23:34:03.643,0.94318,0.94335,3.37,1.69
2018.02.07 23:34:15.660,0.94318,0.94336,1.25,4.31
2018.02.07 23:34:15.923,0.94315,0.94331,1.25,1.00
2018.02.07 23:34:16.489,0.94316,0.94331,1.00,1.44
2018.02.07 23:34:18.916,0.94316,0.9433,1.00,3.56
2018.02.07 23:34:18.968,0.94314,0.94329,1.00,1.50
2018.02.07 23:34:21.151,0.94314,0.9433,1.12,1.25
2018.02.07 23:34:22.603,0.94314,0.9433,1.00,2.44
2018.02.07 23:34:23.124,0.94313,0.94329,1.25,1.37
2018.02.07 23:34:23.466,0.94309,0.94329,1.31,1.69
2018.02.07 23:34:23.629,0.9431,0.94322,1.25,1.00
2018.02.07 23:34:24.158,0.94309,0.94322,1.00,1.25
2018.02.07 23:34:24.210,0.94309,0.94325,1.00,2.44
2018.02.07 23:34:27.602,0.94308,0.94322,1.69,1.25
2018.02.07 23:34:27.949,0.94302,0.94321,1.31,1.19
2018.02.07 23:34:28.721,0.94302,0.94321,1.69,3.56
2018.02.07 23:34:29.240,0.94302,0.94322,1.56,2.62
2018.02.07 23:35:00.424,0.94305,0.94322,1.25,1.44
2018.02.07 23:35:00.477,0.94308,0.94324,1.12,1.69
2018.02.07 23:35:00.803,0.94305,0.94323,1.69,2.06
2018.02.07 23:35:01.322,0.94305,0.94322,1.25,1.31
2018.02.07 23:35:02.470,0.94305,0.94321,1.25,1.00
2018.02.07 23:35:04.511,0.94305,0.9432,1.00,1.31
2018.02.07 23:35:06.241,0.94304,0.94321,1.00,1.19
2018.02.07 23:35:09.566,0.94305,0.94321,1.00,1.19
2018.02.07 23:35:11.098,0.94304,0.9432,1.12,1.25
2018.02.07 23:35:14.722,0.94302,0.9432,1.56,1.25
2018.02.07 23:35:18.109,0.94302,0.94318,1.69,1.00
2018.02.07 23:35:20.638,0.94304,0.9432,1.00,1.25
2018.02.07 23:35:22.133,0.94302,0.94319,1.69,1.00
2018.02.07 23:35:25.973,0.94303,0.94319,1.12,1.19
2018.02.07 23:35:26.782,0.94303,0.94319,2.25,1.19
2018.02.07 23:35:26.939,0.94304,0.94319,1.75,1.00
2018.02.07 23:35:27.456,0.94304,0.94319,1.37,1.00
2018.02.07 23:35:31.863,0.94304,0.94319,1.12,1.00
2018.02.07 23:35:32.421,0.94303,0.94319,2.44,1.00
2018.02.07 23:35:38.848,0.94303,0.94321,1.25,1.19
2018.02.07 23:35:40.153,0.94304,0.94319,1.50,1.00
2018.02.07 23:35:40.497,0.94306,0.9432,3.37,1.25
2018.02.07 23:35:40.652,0.94304,0.94322,6.19,1.87
2018.02.07 23:35:41.243,0.94307,0.94322,2.44,1.87
2018.02.07 23:35:41.351,0.94305,0.94321,1.69,1.00
2018.02.07 23:35:41.626,0.94303,0.9432,1.25,1.25
2018.02.07 23:35:42.130,0.94301,0.94318,1.19,1.00
2018.02.07 23:35:45.255,0.94305,0.94321,1.69,1.19
2018.02.07 23:35:45.773,0.94306,0.94321,1.50,1.19
2018.02.07 23:35:46.100,0.94305,0.94321,1.12,1.19
2018.02.07 23:35:46.624,0.94305,0.94321,2.44,1.19
2018.02.07 23:35:47.789,0.94305,0.94321,3.75,1.19
2018.02.07 23:35:54.948,0.94305,0.94321,4.31,1.19
2018.02.07 23:35:55.560,0.94305,0.94321,4.31,1.19
2018.02.07 23:35:56.389,0.94306,0.94321,1.00,1.19
2018.02.07 23:35:56.947,0.94305,0.94321,1.12,1.19
2018.02.07 23:35:59.002,0.94305,0.94321,1.12,1.25
2018.02.07 23:36:05.630,0.94303,0.9432,2.44,1.00
2018.02.07 23:36:06.152,0.94305,0.94321,1.31,1.25
2018.02.07 23:36:06.747,0.94306,0.94321,1.50,1.25
2018.02.07 23:36:07.513,0.94307,0.94322,1.12,1.12
2018.02.07 23:36:18.338,0.94305,0.94321,1.31,1.50
2018.02.07 23:36:19.105,0.94305,0.94319,1.31,1.00
2018.02.07 23:36:19.190,0.94305,0.94321,1.31,1.00
2018.02.07 23:36:19.242,0.94307,0.94322,1.00,1.12
2018.02.07 23:36:20.658,0.94305,0.94321,1.00,1.19
2018.02.07 23:36:22.728,0.94304,0.94321,1.12,1.19
2018.02.07 23:36:23.109,0.94306,0.94322,1.00,1.69
2018.02.07 23:36:25.092,0.94306,0.94318,1.00,1.00
2018.02.07 23:36:25.196,0.94306,0.94322,1.00,1.69
2018.02.07 23:36:25.249,0.94303,0.9432,3.19,1.25
2018.02.07 23:36:25.419,0.94303,0.94317,1.25,1.00
2018.02.07 23:36:25.474,0.94303,0.9432,1.25,1.25
2018.02.07 23:36:27.490,0.94301,0.9432,1.25,1.19
2018.02.07 23:36:35.728,0.94303,0.94319,1.00,1.19
2018.02.07 23:36:37.357,0.94301,0.94319,1.69,1.19
2018.02.07 23:36:38.154,0.94301,0.94317,1.25,1.00
2018.02.07 23:36:38.900,0.94301,0.94319,1.25,1.19
2018.02.07 23:36:51.932,0.943,0.94315,1.19,1.00
2018.02.07 23:36:52.093,0.94297,0.94312,1.25,1.00
2018.02.07 23:36:52.147,0.94295,0.9431,1.00,1.00
2018.02.07 23:36:52.201,0.94294,0.94314,1.87,2.62
2018.02.07 23:36:52.254,0.94294,0.94314,1.50,1.87
2018.02.07 23:36:56.312,0.94297,0.94316,2.25,3.37
2018.02.07 23:36:56.840,0.94298,0.94316,2.25,1.31
2018.02.07 23:37:00.632,0.94297,0.94316,2.81,1.87
2018.02.07 23:37:10.862,0.94299,0.94314,2.62,1.25
2018.02.07 23:37:11.387,0.94298,0.94314,2.25,1.00
2018.02.07 23:37:12.259,0.94298,0.94314,1.00,1.50
2018.02.07 23:37:12.767,0.94298,0.94315,1.75,1.25
2018.02.07 23:37:16.808,0.94297,0.94314,4.31,1.25
2018.02.07 23:37:23.755,0.94297,0.94314,1.31,1.25
2018.02.07 23:37:24.233,0.94297,0.94314,1.12,1.44
2018.02.07 23:37:24.943,0.94296,0.94312,1.00,1.25
2018.02.07 23:37:25.901,0.94295,0.94312,1.69,3.56
2018.02.07 23:37:26.163,0.94296,0.94312,1.00,1.25
2018.02.07 23:37:41.732,0.94295,0.94312,1.69,4.31
2018.02.07 23:37:42.258,0.94296,0.94312,1.00,1.25
2018.02.07 23:37:51.297,0.94294,0.94311,1.87,2.44
2018.02.07 23:37:51.829,0.94294,0.94311,3.19,1.19
2018.02.07 23:37:58.884,0.94295,0.94311,3.75,1.00
2018.02.07 23:37:59.282,0.94298,0.94314,1.50,1.50
2018.02.07 23:37:59.444,0.94298,0.94317,2.00,2.81
2018.02.07 23:38:06.584,0.94298,0.94314,1.25,1.69
2018.02.07 23:38:06.689,0.94295,0.94312,1.87,1.25
2018.02.07 23:38:07.411,0.94296,0.94313,1.69,1.31
2018.02.07 23:38:08.807,0.94296,0.94313,1.31,4.31
2018.02.07 23:38:10.884,0.94297,0.94314,1.00,4.12
2018.02.07 23:38:11.428,0.94296,0.94313,2.06,1.31
2018.02.07 23:38:12.003,0.94297,0.94314,1.00,4.12
2018.02.07 23:38:12.524,0.94296,0.94313,2.06,1.31
2018.02.07 23:38:14.680,0.94297,0.94314,1.00,4.12
2018.02.07 23:38:17.389,0.94295,0.94314,3.37,2.62
2018.02.07 23:38:28.573,0.94298,0.94314,3.37,3.37
2018.02.07 23:38:28.940,0.94296,0.94312,1.69,1.25
2018.02.07 23:38:51.920,0.94297,0.94314,4.31,1.50
2018.02.07 23:38:52.667,0.94297,0.94314,6.00,1.31
2018.02.07 23:38:54.741,0.94298,0.94314,1.12,1.69
2018.02.07 23:38:55.362,0.94297,0.94313,1.69,1.00
2018.02.07 23:38:56.770,0.943,0.94316,4.12,4.31
2018.02.07 23:38:57.292,0.943,0.94316,3.19,3.00
2018.02.07 23:38:58.254,0.943,0.94316,1.12,2.62
2018.02.07 23:39:04.139,0.94297,0.94314,1.37,1.87
2018.02.07 23:39:04.196,0.94295,0.94313,1.19,1.19
2018.02.07 23:39:07.414,0.94294,0.94313,2.62,1.94
2018.02.07 23:39:07.468,0.94297,0.94313,4.12,1.31
2018.02.07 23:39:08.302,0.94299,0.94315,1.00,1.25
2018.02.07 23:39:08.804,0.94297,0.94314,1.12,1.31
2018.02.07 23:39:09.393,0.94298,0.94314,1.12,1.19
2018.02.07 23:39:09.932,0.94297,0.94314,1.12,1.31
2018.02.07 23:39:10.468,0.94297,0.94314,1.50,1.19
2018.02.07 23:39:11.363,0.94297,0.94314,1.00,2.25
2018.02.07 23:39:11.864,0.94295,0.94312,1.19,1.00
2018.02.07 23:39:14.314,0.94295,0.94311,4.12,1.19
2018.02.07 23:39:15.188,0.94295,0.94311,1.12,2.81
2018.02.07 23:39:18.167,0.94295,0.94311,2.25,2.44
2018.02.07 23:39:20.880,0.94295,0.94311,1.12,1.69
2018.02.07 23:39:21.634,0.94295,0.94311,1.50,1.19
2018.02.07 23:39:43.251,0.94294,0.94311,5.44,1.69
2018.02.07 23:39:47.079,0.94295,0.94311,2.62,1.19
2018.02.07 23:39:47.132,0.94295,0.94314,3.56,2.62
2018.02.07 23:39:50.909,0.94297,0.94315,2.62,1.31
2018.02.07 23:39:51.458,0.94298,0.94314,1.12,1.12
2018.02.07 23:39:52.565,0.94296,0.94313,1.00,1.19
2018.02.07 23:39:58.579,0.94293,0.94313,3.00,1.19
2018.02.07 23:40:03.472,0.94295,0.94312,1.31,1.69
2018.02.07 23:40:04.035,0.94294,0.9431,2.06,1.00
2018.02.07 23:40:10.942,0.94295,0.94311,1.25,1.12
2018.02.07 23:40:11.916,0.94297,0.94312,1.00,1.69
2018.02.07 23:40:22.182,0.94297,0.94313,1.00,3.94
2018.02.07 23:40:33.013,0.94297,0.94313,3.00,2.06
2018.02.07 23:40:33.169,0.94299,0.94315,1.00,1.69
2018.02.07 23:40:58.134,0.94298,0.94314,1.25,2.44
2018.02.07 23:40:58.237,0.94296,0.94313,1.25,1.19
2018.02.07 23:41:01.989,0.94296,0.94311,1.00,1.69
2018.02.07 23:41:19.896,0.94295,0.94312,1.50,2.81
2018.02.07 23:41:20.456,0.94295,0.94312,1.50,2.81
2018.02.07 23:41:20.787,0.94297,0.94312,1.00,2.81
2018.02.07 23:41:21.799,0.94295,0.94312,1.00,2.81
2018.02.07 23:41:23.581,0.94296,0.94312,1.00,3.94
2018.02.07 23:41:24.969,0.94296,0.94311,1.00,1.19
2018.02.07 23:41:44.512,0.94296,0.94312,1.50,2.06
2018.02.07 23:41:45.156,0.94296,0.94312,1.12,2.06
2018.02.07 23:41:51.669,0.94297,0.94312,1.00,1.31
2018.02.07 23:41:56.250,0.94296,0.94312,1.00,2.44
2018.02.07 23:42:05.846,0.94295,0.94312,1.12,1.31
2018.02.07 23:42:06.460,0.94295,0.94312,3.56,1.31
2018.02.07 23:42:06.667,0.94296,0.94312,1.87,1.31
2018.02.07 23:42:31.341,0.94295,0.94311,1.31,1.00
2018.02.07 23:43:02.854,0.94295,0.94312,1.50,1.69
2018.02.07 23:43:07.762,0.94295,0.94311,2.06,1.00
2018.02.07 23:43:16.888,0.94295,0.94312,1.31,1.25
2018.02.07 23:43:21.566,0.94296,0.94312,1.87,2.62
2018.02.07 23:43:22.525,0.94296,0.94312,1.87,2.62
2018.02.07 23:43:23.117,0.94296,0.94312,1.87,2.62
2018.02.07 23:43:24.025,0.94296,0.94312,1.87,2.62
2018.02.07 23:43:24.600,0.94296,0.94312,1.87,2.62
2018.02.07 23:43:25.402,0.94296,0.94312,1.87,2.62
2018.02.07 23:43:30.471,0.94296,0.94311,1.12,1.00
2018.02.07 23:43:30.678,0.94297,0.94312,2.44,1.25
2018.02.07 23:43:30.782,0.94298,0.94314,2.62,1.25
2018.02.07 23:43:32.084,0.94299,0.94315,3.19,1.00
2018.02.07 23:43:32.853,0.943,0.94316,1.50,1.25
2018.02.07 23:43:48.738,0.94299,0.94315,1.69,1.00
2018.02.07 23:43:50.016,0.94299,0.94313,2.44,1.19
2018.02.07 23:43:50.173,0.94299,0.94315,2.81,2.62
2018.02.07 23:44:00.521,0.94299,0.94314,3.19,1.37
2018.02.07 23:44:56.882,0.94299,0.94313,1.19,4.39
2018.02.07 23:44:56.936,0.94297,0.94313,2.44,4.02
2018.02.07 23:44:56.990,0.94296,0.94312,1.12,3.19
2018.02.07 23:45:02.824,0.94296,0.94312,2.25,3.19
2018.02.07 23:45:03.769,0.94296,0.94311,1.00,1.69
2018.02.07 23:45:14.500,0.94296,0.94312,2.25,5.06
2018.02.07 23:45:26.405,0.94297,0.94311,2.25,1.37
2018.02.07 23:45:29.440,0.94295,0.9431,2.44,1.00
2018.02.07 23:45:29.992,0.94295,0.94311,1.31,6.00
2018.02.07 23:46:04.175,0.94296,0.94312,5.81,4.69
2018.02.07 23:46:04.684,0.94298,0.94312,1.00,3.94
2018.02.07 23:46:05.427,0.94298,0.94312,1.00,3.94
2018.02.07 23:46:16.451,0.94297,0.94311,1.00,2.44
2018.02.07 23:46:16.764,0.94295,0.9431,1.69,3.37
2018.02.07 23:46:25.753,0.94295,0.9431,1.69,1.50
2018.02.07 23:46:27.288,0.94297,0.94311,1.00,3.56
2018.02.07 23:46:29.213,0.94297,0.94311,2.25,1.25
2018.02.07 23:46:35.356,0.94297,0.94311,1.00,3.56
2018.02.07 23:46:35.895,0.94296,0.94311,1.12,1.69
2018.02.07 23:46:40.231,0.94297,0.94312,4.12,5.06
2018.02.07 23:46:40.837,0.94297,0.94312,3.00,4.69
2018.02.07 23:46:43.177,0.94296,0.9431,1.00,3.37
2018.02.07 23:46:44.665,0.94294,0.9431,2.25,5.06
2018.02.07 23:46:52.607,0.94294,0.9431,3.37,2.25
2018.02.07 23:46:53.212,0.94294,0.9431,3.00,2.25
2018.02.07 23:46:57.180,0.94296,0.94311,1.00,4.50
2018.02.07 23:47:03.828,0.94298,0.94311,1.12,1.37
2018.02.07 23:47:04.148,0.94296,0.94312,1.12,4.69
2018.02.07 23:47:04.694,0.94297,0.94312,1.00,3.94
2018.02.07 23:47:04.958,0.94294,0.9431,2.06,1.50
2018.02.07 23:47:10.489,0.94297,0.94311,1.50,3.56
2018.02.07 23:47:11.030,0.94297,0.94311,1.00,1.69
2018.02.07 23:47:11.353,0.94298,0.94313,1.69,6.56
2018.02.07 23:47:11.609,0.94297,0.94311,1.12,1.50
2018.02.07 23:47:11.868,0.94297,0.94312,3.94,1.94
2018.02.07 23:47:11.972,0.94297,0.94311,1.12,1.69
2018.02.07 23:47:12.354,0.94297,0.94312,3.94,1.94
2018.02.07 23:47:12.459,0.94297,0.94311,1.12,1.69
2018.02.07 23:47:13.700,0.94297,0.94312,3.94,1.94
2018.02.07 23:47:13.910,0.94297,0.94311,1.12,1.69
2018.02.07 23:47:16.059,0.94297,0.94312,3.19,1.94
2018.02.07 23:47:18.384,0.94295,0.94311,4.12,2.25
2018.02.07 23:47:39.413,0.94295,0.94311,2.44,5.25
2018.02.07 23:47:44.448,0.94298,0.94311,1.12,1.69
2018.02.07 23:47:48.355,0.94298,0.94312,4.50,1.69
2018.02.07 23:47:48.668,0.94302,0.94313,1.25,1.69
2018.02.07 23:47:48.978,0.943,0.94313,1.19,4.31
2018.02.07 23:47:49.602,0.94301,0.94313,1.31,3.19
2018.02.07 23:47:49.655,0.94298,0.94313,5.44,5.06
2018.02.07 23:47:49.761,0.94298,0.94314,6.56,1.87
2018.02.07 23:48:07.971,0.94297,0.94314,6.00,3.56
2018.02.07 23:48:52.954,0.94296,0.94308,1.31,1.00
2018.02.07 23:48:53.516,0.94294,0.94308,1.69,1.31
2018.02.07 23:48:55.748,0.94294,0.94309,1.50,1.31
2018.02.07 23:48:57.797,0.94294,0.94309,2.62,1.19
2018.02.07 23:48:58.466,0.94295,0.94309,1.19,1.00
2018.02.07 23:49:43.519,0.94293,0.94309,2.06,2.06
2018.02.07 23:49:50.298,0.94293,0.94309,1.00,1.37
2018.02.07 23:49:55.823,0.94292,0.9431,1.25,1.87
2018.02.07 23:50:01.969,0.94292,0.9431,1.19,2.44
2018.02.07 23:50:22.815,0.94292,0.94311,4.12,5.25
2018.02.07 23:50:22.917,0.94293,0.94306,1.50,1.00
2018.02.07 23:50:39.117,0.94294,0.94306,1.00,1.00
2018.02.07 23:50:40.618,0.94293,0.94306,2.25,1.00
2018.02.07 23:51:23.089,0.94293,0.9431,1.50,1.80
2018.02.07 23:51:30.073,0.94293,0.9431,1.31,2.62
2018.02.07 23:51:33.427,0.94292,0.94309,1.31,2.25
2018.02.07 23:51:33.533,0.94289,0.94309,1.19,1.44
2018.02.07 23:51:34.222,0.94288,0.94306,1.69,1.25
2018.02.07 23:51:34.746,0.94291,0.94307,1.00,1.87
2018.02.07 23:51:35.305,0.94291,0.94308,2.06,3.56
2018.02.07 23:51:42.354,0.94292,0.94308,1.00,3.56
2018.02.07 23:51:46.123,0.94291,0.94308,2.06,3.56
2018.02.07 23:51:46.646,0.94292,0.94308,1.00,3.56
2018.02.07 23:51:49.796,0.94292,0.9431,5.06,4.31
2018.02.07 23:51:52.004,0.94292,0.9431,4.69,1.87
2018.02.07 23:51:53.517,0.94292,0.9431,1.31,2.62
2018.02.07 23:52:03.178,0.9429,0.94308,1.31,1.79
2018.02.07 23:52:11.183,0.94288,0.94306,3.19,1.50
2018.02.07 23:52:11.285,0.94288,0.94306,3.19,2.62
2018.02.07 23:52:15.360,0.94288,0.94306,2.44,2.73
2018.02.07 23:52:23.630,0.94287,0.94306,7.31,3.85
2018.02.07 23:52:26.412,0.94288,0.94306,2.06,2.73
2018.02.07 23:52:27.999,0.94288,0.94306,1.25,4.23
2018.02.07 23:52:33.105,0.94287,0.94306,3.56,3.67
2018.02.07 23:52:33.652,0.94288,0.94306,1.00,4.42
2018.02.07 23:52:38.060,0.94288,0.94306,1.50,2.06
2018.02.07 23:52:41.630,0.94288,0.94306,2.06,2.73
2018.02.07 23:52:57.987,0.94288,0.94306,1.69,2.25
2018.02.07 23:52:58.534,0.94288,0.94306,1.69,3.75
2018.02.07 23:52:59.083,0.94288,0.94306,1.69,1.12
2018.02.07 23:53:00.329,0.94288,0.94306,1.69,2.62
2018.02.07 23:53:02.104,0.94288,0.94306,1.69,2.62
2018.02.07 23:53:03.649,0.94288,0.94305,1.25,3.37
2018.02.07 23:53:04.412,0.94288,0.94305,1.25,1.12
2018.02.07 23:53:04.974,0.94288,0.94306,1.25,2.73
2018.02.07 23:53:06.893,0.94288,0.94306,2.06,2.73
2018.02.07 23:53:14.636,0.94288,0.94306,4.31,2.81
2018.02.07 23:53:18.407,0.94288,0.94306,1.69,1.25
2018.02.07 23:53:25.463,0.94288,0.94306,2.44,1.87
2018.02.07 23:53:27.412,0.94288,0.94306,2.44,1.87
2018.02.07 23:53:27.722,0.94287,0.94305,3.56,3.37
2018.02.07 23:53:29.550,0.94288,0.94305,1.62,4.31
2018.02.07 23:53:30.933,0.94287,0.94305,3.56,4.31
2018.02.07 23:53:34.088,0.94288,0.94305,1.62,4.31
2018.02.07 23:53:36.496,0.94289,0.94305,1.50,2.81
2018.02.07 23:53:37.037,0.94289,0.94306,1.50,4.50
2018.02.07 23:53:37.993,0.94289,0.94306,1.50,1.31
2018.02.07 23:53:42.289,0.94288,0.94306,1.69,1.69
2018.02.07 23:53:50.703,0.94288,0.94305,1.62,1.69
2018.02.07 23:54:04.216,0.94288,0.94306,1.69,1.60
2018.02.07 23:54:04.752,0.94289,0.94306,1.00,2.73
2018.02.07 23:54:21.014,0.94289,0.94306,1.87,1.60
2018.02.07 23:54:22.610,0.94289,0.94306,3.75,1.60
2018.02.07 23:54:24.232,0.94291,0.94305,4.31,1.00
2018.02.07 23:54:24.416,0.94292,0.94308,1.12,3.48
2018.02.07 23:54:24.680,0.9429,0.94306,1.25,1.00
2018.02.07 23:54:25.631,0.9429,0.94306,1.69,1.14
2018.02.07 23:54:26.184,0.94291,0.94306,1.50,1.00
2018.02.07 23:54:31.911,0.9429,0.94306,4.31,1.12
2018.02.07 23:54:47.388,0.9429,0.94306,2.44,1.00
2018.02.07 23:54:54.189,0.9429,0.94306,3.94,1.12
2018.02.07 23:54:56.042,0.94291,0.94306,3.94,1.00
2018.02.07 23:54:56.778,0.9429,0.94306,2.62,1.00
2018.02.07 23:54:59.273,0.94291,0.94305,1.31,1.00
2018.02.07 23:55:00.041,0.94291,0.94306,1.31,1.00
2018.02.07 23:55:00.631,0.9429,0.94306,4.50,1.00
2018.02.07 23:55:01.632,0.94291,0.94306,1.31,1.00
2018.02.07 23:55:02.248,0.9429,0.94305,3.75,1.00
2018.02.07 23:55:02.300,0.94291,0.94307,1.12,1.31
2018.02.07 23:55:03.002,0.94295,0.94307,3.37,1.00
2018.02.07 23:55:03.106,0.94295,0.94309,5.44,1.12
2018.02.07 23:55:08.309,0.94297,0.9431,1.00,1.12
2018.02.07 23:55:08.466,0.94297,0.94312,1.12,1.00
2018.02.07 23:55:33.021,0.94297,0.94308,1.00,3.37
2018.02.07 23:55:33.124,0.94295,0.94308,1.00,5.06
2018.02.07 23:55:37.677,0.94295,0.94307,1.00,3.37
2018.02.07 23:56:01.313,0.94295,0.94306,1.00,3.37
2018.02.07 23:56:04.782,0.94292,0.94306,1.31,1.75
2018.02.07 23:56:06.164,0.9429,0.94305,1.25,2.44
2018.02.07 23:56:06.218,0.94293,0.94305,1.00,5.06
2018.02.07 23:56:06.271,0.94287,0.94304,2.81,1.69
2018.02.07 23:56:06.784,0.94289,0.94305,1.19,2.26
2018.02.07 23:56:08.825,0.94289,0.943,1.19,1.00
2018.02.07 23:56:08.935,0.94281,0.94297,1.56,3.75
2018.02.07 23:56:09.041,0.9428,0.94295,1.19,1.87
2018.02.07 23:56:11.978,0.94282,0.94297,1.31,3.19
2018.02.07 23:56:12.528,0.94283,0.94299,2.62,3.01
2018.02.07 23:56:16.936,0.94278,0.94297,1.91,3.19
2018.02.07 23:56:17.042,0.94282,0.94297,1.00,4.12
2018.02.07 23:56:17.356,0.94278,0.94296,1.31,4.12
2018.02.07 23:56:17.409,0.94277,0.94294,1.19,2.81
2018.02.07 23:56:17.571,0.94277,0.94295,2.62,2.44
2018.02.07 23:56:18.155,0.94279,0.94295,1.25,1.69
2018.02.07 23:56:23.603,0.94279,0.94294,1.25,1.69
2018.02.07 23:56:25.509,0.94277,0.94294,1.87,1.69
2018.02.07 23:56:35.829,0.94275,0.94296,1.19,3.10
2018.02.07 23:56:45.455,0.94279,0.94296,1.00,5.92
2018.02.07 23:56:45.507,0.94281,0.94296,1.50,3.67
2018.02.07 23:56:45.664,0.94282,0.94299,1.12,2.54
2018.02.07 23:56:45.717,0.94282,0.94299,1.50,1.10
2018.02.07 23:56:45.979,0.94282,0.943,1.44,2.06
2018.02.07 23:57:15.523,0.94283,0.94299,1.12,1.37
2018.02.07 23:57:16.232,0.94283,0.943,2.25,3.10
2018.02.07 23:57:19.327,0.94283,0.943,1.56,1.42
2018.02.07 23:57:19.910,0.94283,0.943,3.00,3.10
2018.02.07 23:57:32.873,0.94283,0.94299,1.44,1.51
2018.02.07 23:57:50.351,0.94285,0.94299,1.00,1.51
2018.02.07 23:57:55.649,0.94283,0.94299,1.12,1.87
2018.02.07 23:57:55.911,0.94279,0.94296,1.19,1.87
2018.02.07 23:57:55.963,0.94278,0.94295,1.19,2.62
2018.02.07 23:57:56.171,0.94281,0.94297,2.06,2.62
2018.02.07 23:57:56.530,0.94282,0.94297,1.25,3.75
2018.02.07 23:57:57.691,0.94278,0.94295,2.62,2.06
2018.02.07 23:57:58.198,0.94278,0.94294,2.25,1.25
2018.02.07 23:58:12.487,0.94275,0.94284,1.87,1.00
2018.02.07 23:58:12.595,0.94275,0.94289,1.50,1.37
2018.02.07 23:58:12.650,0.94274,0.94291,3.94,1.56
2018.02.07 23:58:12.965,0.94274,0.94284,1.00,2.25
2018.02.07 23:58:13.478,0.94273,0.94283,1.00,1.12
2018.02.07 23:58:13.620,0.94271,0.94286,2.44,2.91
2018.02.07 23:58:14.145,0.94272,0.94288,5.44,2.92
2018.02.07 23:58:14.303,0.94274,0.94289,1.69,4.04
2018.02.07 23:58:14.834,0.94274,0.94289,1.69,3.94
2018.02.07 23:58:17.001,0.94274,0.94289,1.19,1.42
2018.02.07 23:58:18.683,0.94273,0.94288,2.62,1.25
2018.02.07 23:58:20.964,0.94273,0.94288,1.00,1.79
2018.02.07 23:58:35.268,0.94271,0.94286,1.69,1.37
2018.02.07 23:58:39.226,0.94272,0.94287,1.31,2.17
2018.02.07 23:58:41.585,0.94272,0.94286,1.44,1.69
2018.02.07 23:58:42.124,0.94271,0.94287,2.25,3.00
2018.02.07 23:58:46.806,0.94268,0.94285,4.50,2.25
2018.02.07 23:58:47.349,0.94271,0.94285,1.12,1.04
2018.02.07 23:59:05.790,0.9427,0.94285,7.31,1.87
2018.02.07 23:59:12.721,0.9427,0.94285,1.19,2.17
2018.02.07 23:59:15.665,0.94266,0.94277,2.44,3.00
2018.02.07 23:59:15.718,0.94262,0.94277,1.31,4.12
2018.02.07 23:59:15.823,0.94258,0.94274,3.56,1.31
2018.02.07 23:59:15.927,0.94258,0.94274,1.56,1.25
2018.02.07 23:59:16.183,0.94256,0.94271,2.81,1.00
2018.02.07 23:59:16.532,0.9426,0.94272,1.50,1.69
2018.02.07 23:59:16.592,0.94261,0.94274,1.00,2.06
2018.02.07 23:59:16.696,0.9426,0.94273,1.50,1.50
2018.02.07 23:59:16.747,0.94255,0.94269,1.12,1.44
2018.02.07 23:59:16.907,0.94255,0.94271,2.44,1.31
2018.02.07 23:59:16.961,0.94259,0.94274,1.37,1.50
2018.02.07 23:59:17.281,0.94263,0.94276,1.00,1.50
2018.02.07 23:59:17.441,0.9426,0.94276,1.69,1.50
2018.02.07 23:59:17.651,0.94259,0.94275,1.25,1.12
2018.02.07 23:59:22.635,0.94259,0.94276,1.25,1.50
2018.02.07 23:59:23.523,0.94261,0.94277,1.00,5.81
2018.02.07 23:59:23.842,0.94262,0.94277,1.19,1.87
2018.02.07 23:59:24.001,0.9426,0.94276,1.69,1.69
2018.02.07 23:59:27.635,0.94259,0.94275,1.69,3.19
2018.02.07 23:59:27.986,0.94266,0.94277,1.25,1.69
2018.02.07 23:59:28.503,0.94267,0.94278,2.06,2.81
2018.02.07 23:59:30.347,0.94269,0.94279,1.37,1.15
2018.02.07 23:59:30.775,0.94267,0.94278,1.56,1.00
2018.02.07 23:59:30.827,0.94264,0.94277,1.37,1.90
2018.02.07 23:59:30.931,0.94261,0.94277,1.81,1.90
2018.02.07 23:59:31.441,0.9426,0.94277,1.69,2.28
2018.02.07 23:59:32.023,0.94259,0.94275,1.50,1.48
2018.02.07 23:59:34.291,0.9426,0.94275,1.87,1.48
2018.02.07 23:59:37.985,0.94257,0.94272,1.56,3.37
2018.02.07 23:59:39.295,0.94256,0.94271,1.87,1.87
2018.02.07 23:59:39.352,0.94253,0.94269,1.62,1.50
2018.02.07 23:59:39.458,0.94257,0.9427,1.69,1.00
2018.02.07 23:59:39.774,0.94255,0.94269,2.06,1.19
2018.02.07 23:59:40.437,0.94256,0.94271,1.62,2.28
2018.02.07 23:59:40.700,0.94258,0.94273,1.37,1.15
2018.02.07 23:59:43.733,0.94253,0.94263,1.25,2.62
2018.02.07 23:59:43.787,0.9425,0.94262,1.00,1.69
2018.02.07 23:59:43.844,0.9425,0.94264,2.44,3.19
2018.02.07 23:59:43.948,0.94249,0.94263,2.81,1.69
2018.02.07 23:59:46.047,0.94253,0.94268,1.81,1.31
2018.02.07 23:59:50.385,0.94247,0.94256,1.00,1.37
2018.02.07 23:59:50.438,0.94247,0.94263,1.00,1.19
2018.02.07 23:59:50.493,0.94245,0.94257,1.87,1.00
2018.02.07 23:59:50.548,0.9424,0.94256,2.06,1.69
2018.02.07 23:59:50.601,0.94246,0.94263,1.56,1.31
2018.02.07 23:59:50.760,0.94245,0.9426,1.25,1.12
2018.02.07 23:59:51.039,0.94247,0.9426,1.69,1.12
2018.02.07 23:59:51.558,0.94247,0.94261,1.69,1.31
2018.02.07 23:59:51.919,0.94245,0.94261,1.31,2.81
2018.02.07 23:59:52.112,0.94247,0.94261,1.50,2.06
2018.02.07 23:59:52.692,0.94247,0.94261,1.12,1.00
2018.02.07 23:59:53.868,0.94248,0.94264,1.37,1.69
2018.02.07 23:59:55.173,0.94247,0.94262,3.00,1.12
2018.02.07 23:59:59.331,0.94248,0.94262,1.37,1.12
