2007.05.14 09:00:00.239,1.2198,1.2199,3.90,26.30
2007.05.14 09:00:04.021,1.2198,1.2199,1.40,26.30
2007.05.14 09:00:04.437,1.2198,1.2199,3.30,26.30
2007.05.14 09:00:05.781,1.21975,1.2199,15.20,26.30
2007.05.14 09:00:06.267,1.2198,1.2199,6.80,30.30
2007.05.14 09:00:06.344,1.2197,1.2198,51.10,2.40
2007.05.14 09:00:06.681,1.2197,1.2198,48.70,2.40
2007.05.14 09:00:06.872,1.2197,1.2199,57.50,43.10
2007.05.14 09:00:07.279,1.2198,1.2199,6.00,37.50
2007.05.14 09:00:07.675,1.2197,1.2199,55.10,45.50
2007.05.14 09:00:07.766,1.2198,1.2199,0.80,45.50
2007.05.14 09:00:07.831,1.2197,1.2199,43.90,46.30
2007.05.14 09:00:08.062,1.2197,1.2199,51.90,38.30
2007.05.14 09:00:08.435,1.2197,1.2199,19.40,38.30
2007.05.14 09:00:08.657,1.21965,1.2199,59.10,38.30
2007.05.14 09:00:09.725,1.21965,1.2199,55.10,38.30
2007.05.14 09:00:10.171,1.21965,1.2199,55.90,38.30
2007.05.14 09:00:10.769,1.21965,1.2199,47.90,46.30
2007.05.14 09:00:10.824,1.2197,1.2199,21.10,46.30
2007.05.14 09:00:11.302,1.2198,1.2199,0.80,45.50
2007.05.14 09:00:12.598,1.2198,1.2199,0.80,49.50
2007.05.14 09:00:13.147,1.2197,1.2199,47.90,45.50
2007.05.14 09:00:14.078,1.2198,1.2199,0.80,53.50
2007.05.14 09:00:14.484,1.2198,1.2199,0.80,45.50
2007.05.14 09:00:14.851,1.2198,1.2199,0.80,45.80
2007.05.14 09:00:15.042,1.2198,1.2199,0.80,37.80
2007.05.14 09:00:15.659,1.2198,1.2199,0.80,37.50
2007.05.14 09:00:18.693,1.2198,1.2199,0.80,38.30
2007.05.14 09:00:19.464,1.2198,1.2199,0.80,37.50
2007.05.14 09:00:19.685,1.2198,1.2199,8.80,29.50
2007.05.14 09:00:19.782,1.2198,1.2199,11.20,27.10
2007.05.14 09:00:19.969,1.2198,1.2199,12.00,27.10
2007.05.14 09:00:20.631,1.2198,1.2199,24.30,23.90
2007.05.14 09:00:20.655,1.2198,1.2199,21.90,23.90
2007.05.14 09:00:20.724,1.2198,1.2199,21.10,23.90
2007.05.14 09:00:21.009,1.2198,1.2199,21.10,19.90
2007.05.14 09:00:21.154,1.2198,1.2199,5.10,23.90
2007.05.14 09:00:21.358,1.2198,1.2199,4.40,23.90
2007.05.14 09:00:21.488,1.2198,1.2199,4.00,23.90
2007.05.14 09:00:23.699,1.2198,1.2199,4.00,15.90
2007.05.14 09:00:23.726,1.2198,1.2199,15.90,4.00
2007.05.14 09:00:24.757,1.2198,1.2199,16.30,4.00
2007.05.14 09:00:24.850,1.2198,1.2199,16.70,4.00
2007.05.14 09:00:25.066,1.2198,1.2199,24.70,4.00
2007.05.14 09:00:25.172,1.2198,1.2199,29.10,4.00
2007.05.14 09:00:25.265,1.2198,1.2199,37.10,4.00
2007.05.14 09:00:25.346,1.2198,1.2199,37.90,4.00
2007.05.14 09:00:25.360,1.2198,1.22,37.90,58.30
2007.05.14 09:00:25.808,1.2198,1.22,40.30,58.30
2007.05.14 09:00:25.963,1.2198,1.22,40.30,55.90
2007.05.14 09:00:27.054,1.2198,1.22,40.30,51.90
2007.05.14 09:00:27.734,1.2198,1.22,36.30,55.90
2007.05.14 09:00:28.147,1.2198,1.2199,35.50,0.80
2007.05.14 09:00:28.254,1.2198,1.2199,27.50,0.80
2007.05.14 09:00:28.765,1.2198,1.2199,27.50,3.20
2007.05.14 09:00:28.936,1.2198,1.2199,28.30,2.40
2007.05.14 09:00:29.067,1.2198,1.2199,36.30,2.40
2007.05.14 09:00:29.293,1.2198,1.22,36.30,56.70
2007.05.14 09:00:29.586,1.2198,1.22,36.00,55.10
2007.05.14 09:00:30.319,1.2198,1.22,36.00,59.10
2007.05.14 09:00:30.388,1.2198,1.22005,36.00,68.70
2007.05.14 09:00:30.676,1.2198,1.22,36.30,0.90
2007.05.14 09:00:31.858,1.2198,1.22005,35.60,68.70
2007.05.14 09:00:32.273,1.2198,1.2199,23.60,0.60
2007.05.14 09:00:32.335,1.2198,1.22,23.60,57.50
2007.05.14 09:00:33.003,1.2198,1.22,15.60,57.50
2007.05.14 09:00:33.223,1.2198,1.2199,7.60,0.70
2007.05.14 09:00:33.323,1.2198,1.2199,5.20,0.90
2007.05.14 09:00:33.387,1.2198,1.22,4.40,53.50
2007.05.14 09:00:33.479,1.2198,1.22,16.40,66.30
2007.05.14 09:00:33.532,1.2198,1.22,16.40,62.30
2007.05.14 09:00:33.637,1.2198,1.22,15.90,62.30
2007.05.14 09:00:35.921,1.2198,1.22,19.90,59.10
2007.05.14 09:00:36.632,1.2198,1.2199,15.90,0.90
2007.05.14 09:00:43.654,1.2198,1.22,23.90,58.30
2007.05.14 09:00:43.735,1.2198,1.22,24.40,0.90
2007.05.14 09:00:43.781,1.2198,1.22,25.20,0.90
2007.05.14 09:00:43.834,1.2198,1.22,25.20,0.80
2007.05.14 09:00:43.948,1.2198,1.22005,33.20,65.50
2007.05.14 09:00:44.295,1.2198,1.22,35.60,0.50
2007.05.14 09:00:45.187,1.2198,1.22,35.60,0.90
2007.05.14 09:00:46.677,1.2198,1.22,35.60,0.80
2007.05.14 09:00:51.073,1.2198,1.22005,35.60,61.50
2007.05.14 09:00:52.736,1.2199,1.22,3.20,0.80
2007.05.14 09:00:53.354,1.2198,1.22005,36.40,66.30
2007.05.14 09:00:53.713,1.2198,1.22,36.90,0.80
2007.05.14 09:00:53.725,1.2198,1.22005,36.10,66.30
2007.05.14 09:00:53.891,1.2199,1.22005,3.20,57.50
2007.05.14 09:00:54.347,1.2198,1.22005,39.60,62.30
2007.05.14 09:00:54.435,1.2198,1.22005,40.40,62.30
2007.05.14 09:00:54.501,1.2198,1.22005,40.70,62.30
2007.05.14 09:00:54.693,1.2198,1.22005,40.40,62.30
2007.05.14 09:00:54.924,1.2198,1.22005,41.20,62.30
2007.05.14 09:00:55.256,1.2198,1.22005,41.50,62.30
2007.05.14 09:00:55.625,1.2198,1.22005,41.50,50.30
2007.05.14 09:00:56.589,1.2198,1.22005,41.50,54.30
2007.05.14 09:00:57.156,1.2198,1.22005,37.50,58.30
2007.05.14 09:00:57.846,1.2198,1.22005,37.50,61.50
2007.05.14 09:00:57.854,1.2198,1.22005,36.70,61.50
2007.05.14 09:00:58.026,1.2198,1.22,36.40,0.60
2007.05.14 09:00:58.601,1.2198,1.22005,36.40,61.50
2007.05.14 09:00:58.837,1.2198,1.22,36.70,0.90
2007.05.14 09:00:58.992,1.2198,1.22005,35.90,61.50
2007.05.14 09:00:59.384,1.2198,1.22,35.90,0.90
2007.05.14 09:01:02.078,1.2198,1.22005,35.90,61.50
2007.05.14 09:01:02.409,1.2198,1.22005,40.60,61.50
2007.05.14 09:01:02.442,1.2198,1.22005,41.40,61.50
2007.05.14 09:01:02.837,1.2198,1.22005,43.00,60.70
2007.05.14 09:01:03.153,1.2199,1.22005,3.20,57.50
2007.05.14 09:01:04.196,1.2198,1.22,42.30,0.60
2007.05.14 09:01:04.303,1.2198,1.22005,42.00,62.30
2007.05.14 09:01:04.598,1.2198,1.22005,41.20,62.30
2007.05.14 09:01:04.719,1.2198,1.22005,37.20,66.30
2007.05.14 09:01:05.419,1.2198,1.22,36.40,0.70
2007.05.14 09:01:06.960,1.2198,1.22,35.60,0.80
2007.05.14 09:01:07.086,1.2198,1.22,35.90,0.80
2007.05.14 09:01:07.221,1.2198,1.22,36.70,0.60
2007.05.14 09:01:07.594,1.2198,1.22005,36.70,70.30
2007.05.14 09:01:08.627,1.2198,1.22,40.70,0.80
2007.05.14 09:01:08.858,1.2198,1.22005,41.50,69.50
2007.05.14 09:01:09.146,1.2198,1.22005,41.50,68.70
2007.05.14 09:01:09.161,1.2198,1.22,41.50,0.90
2007.05.14 09:01:09.171,1.2198,1.22005,41.50,56.70
2007.05.14 09:01:09.245,1.2198,1.22005,41.50,45.50
2007.05.14 09:01:09.352,1.2198,1.22005,41.50,41.50
2007.05.14 09:01:09.397,1.2198,1.22005,41.50,37.50
2007.05.14 09:01:09.400,1.2198,1.22005,45.50,33.50
2007.05.14 09:01:09.484,1.2198,1.22,47.90,0.60
2007.05.14 09:01:09.684,1.2198,1.22005,40.00,13.60
2007.05.14 09:01:11.221,1.2199,1.22,4.00,0.50
2007.05.14 09:01:14.628,1.2199,1.2201,12.00,66.80
2007.05.14 09:01:14.747,1.2199,1.22,23.90,0.50
2007.05.14 09:01:14.760,1.2199,1.22015,23.90,76.70
2007.05.14 09:01:14.824,1.2199,1.2201,31.90,0.90
2007.05.14 09:01:14.832,1.2199,1.22015,32.70,71.90
2007.05.14 09:01:14.835,1.2199,1.22015,32.70,67.90
2007.05.14 09:01:15.034,1.2199,1.22015,32.70,68.40
2007.05.14 09:01:15.038,1.2199,1.22015,32.70,69.20
2007.05.14 09:01:15.092,1.2199,1.22015,32.70,73.20
2007.05.14 09:01:15.362,1.2199,1.22015,35.10,73.20
2007.05.14 09:01:15.469,1.2199,1.2201,35.10,0.70
2007.05.14 09:01:15.540,1.2199,1.2201,35.10,0.90
2007.05.14 09:01:15.580,1.2199,1.2201,35.10,0.60
2007.05.14 09:01:16.123,1.2199,1.22,35.10,0.80
2007.05.14 09:01:16.587,1.2199,1.2201,35.10,0.90
2007.05.14 09:01:17.181,1.2199,1.22,32.70,0.60
2007.05.14 09:01:17.210,1.2199,1.2201,23.90,67.90
2007.05.14 09:01:17.316,1.2199,1.22005,12.00,13.60
2007.05.14 09:01:17.374,1.2199,1.22,11.20,0.90
2007.05.14 09:01:17.436,1.2199,1.22,3.20,0.70
2007.05.14 09:01:18.655,1.2199,1.22,12.00,12.00
2007.05.14 09:01:18.753,1.2199,1.22,23.90,8.00
2007.05.14 09:01:18.870,1.2199,1.22,31.90,8.00
2007.05.14 09:01:18.909,1.2199,1.22,32.70,8.00
2007.05.14 09:01:18.918,1.2199,1.2201,32.70,56.40
2007.05.14 09:01:19.314,1.2199,1.2201,35.10,56.40
2007.05.14 09:01:19.364,1.2199,1.2201,35.10,60.40
2007.05.14 09:01:20.022,1.2199,1.2201,39.10,60.40
2007.05.14 09:01:20.201,1.2199,1.2201,39.10,55.60
2007.05.14 09:01:20.218,1.22,1.2201,8.00,43.10
2007.05.14 09:01:20.322,1.22,1.2201,8.00,31.10
2007.05.14 09:01:20.439,1.22,1.2201,8.00,33.50
2007.05.14 09:01:20.746,1.22,1.2201,10.40,33.50
2007.05.14 09:01:21.225,1.22,1.2201,2.40,49.50
2007.05.14 09:01:21.367,1.22,1.2201,2.40,61.50
2007.05.14 09:01:21.699,1.22,1.2201,2.40,65.50
2007.05.14 09:01:21.774,1.2199,1.2201,35.10,65.50
2007.05.14 09:01:22.060,1.2199,1.2201,35.10,64.70
2007.05.14 09:01:22.103,1.2199,1.2201,39.10,60.70
2007.05.14 09:01:22.388,1.2199,1.2201,39.10,59.90
2007.05.14 09:01:22.609,1.2199,1.2201,35.10,63.90
2007.05.14 09:01:25.244,1.2199,1.2201,35.10,59.90
2007.05.14 09:01:25.519,1.2199,1.2201,35.10,60.70
2007.05.14 09:01:25.733,1.2199,1.2201,32.70,61.50
2007.05.14 09:01:25.735,1.2199,1.22,20.70,0.80
2007.05.14 09:01:25.795,1.2199,1.22,19.90,0.80
2007.05.14 09:01:25.944,1.2199,1.22,11.90,0.80
2007.05.14 09:01:26.027,1.2199,1.22,11.90,8.80
2007.05.14 09:01:26.038,1.2198,1.22,43.60,8.80
2007.05.14 09:01:26.061,1.2198,1.22,39.60,8.80
2007.05.14 09:01:26.340,1.2198,1.22,38.80,8.80
2007.05.14 09:01:26.532,1.21985,1.22,0.80,8.80
2007.05.14 09:01:27.652,1.21985,1.22,0.80,20.80
2007.05.14 09:01:27.760,1.21985,1.22,0.80,32.80
2007.05.14 09:01:27.848,1.21985,1.22,0.80,33.60
2007.05.14 09:01:28.170,1.21985,1.22,0.80,53.50
2007.05.14 09:01:28.381,1.21985,1.22,0.80,55.90
2007.05.14 09:01:28.729,1.2199,1.22,3.20,51.90
2007.05.14 09:01:29.623,1.2199,1.22,3.20,43.90
2007.05.14 09:01:35.956,1.21985,1.22,0.80,0.90
2007.05.14 09:01:35.981,1.21985,1.2199,0.80,0.90
2007.05.14 09:01:37.666,1.21985,1.22,0.80,0.50
2007.05.14 09:01:38.830,1.21985,1.22005,0.80,61.50
2007.05.14 09:01:39.320,1.21985,1.22,0.80,0.90
2007.05.14 09:01:39.587,1.21985,1.22005,0.80,62.30
2007.05.14 09:01:39.648,1.21985,1.22005,0.80,67.10
2007.05.14 09:01:39.742,1.21985,1.22,0.80,52.70
2007.05.14 09:01:39.878,1.2198,1.22,20.00,67.10
2007.05.14 09:01:40.053,1.2198,1.22,20.80,67.10
2007.05.14 09:01:40.279,1.2198,1.2199,20.80,0.50
2007.05.14 09:01:41.435,1.2198,1.22,20.00,69.50
2007.05.14 09:01:42.078,1.2198,1.22,16.00,75.90
2007.05.14 09:01:46.766,1.2198,1.22,16.80,75.90
2007.05.14 09:01:47.169,1.2198,1.22,24.80,67.90
2007.05.14 09:01:47.392,1.2198,1.2199,16.80,0.70
2007.05.14 09:01:50.574,1.21975,1.2199,2.40,0.80
2007.05.14 09:01:50.612,1.21975,1.2199,0.80,0.80
2007.05.14 09:01:50.725,1.21975,1.2199,0.80,48.00
2007.05.14 09:01:51.605,1.21975,1.21995,0.80,50.00
2007.05.14 09:01:51.678,1.21975,1.2199,0.80,45.00
2007.05.14 09:01:51.775,1.21975,1.2199,0.80,49.80
2007.05.14 09:01:52.237,1.21975,1.2198,0.80,0.50
2007.05.14 09:01:52.320,1.2197,1.2199,28.70,54.40
2007.05.14 09:01:53.662,1.2197,1.2198,28.70,0.70
2007.05.14 09:01:53.669,1.2197,1.2198,16.80,0.50
2007.05.14 09:01:59.557,1.2197,1.2198,14.40,0.80
2007.05.14 09:02:02.603,1.2197,1.2198,18.40,27.10
2007.05.14 09:02:05.591,1.2197,1.2198,14.40,27.10
2007.05.14 09:02:22.178,1.2197,1.2198,13.60,27.10
2007.05.14 09:02:22.189,1.2197,1.2198,5.60,35.10
2007.05.14 09:02:22.271,1.2197,1.2198,3.20,35.10
2007.05.14 09:02:22.456,1.2197,1.2198,3.20,35.90
2007.05.14 09:02:22.496,1.2197,1.2198,3.20,43.90
2007.05.14 09:02:23.917,1.2197,1.2198,3.20,47.90
2007.05.14 09:02:24.614,1.2197,1.2198,3.20,43.90
2007.05.14 09:02:24.782,1.2197,1.2198,3.20,35.90
2007.05.14 09:02:28.606,1.21965,1.2198,5.60,35.90
2007.05.14 09:02:33.254,1.21965,1.2198,4.00,39.90
2007.05.14 09:02:33.436,1.21965,1.2198,0.80,39.90
2007.05.14 09:02:33.664,1.21965,1.2198,0.80,43.10
2007.05.14 09:02:34.093,1.2196,1.2198,37.50,39.20
2007.05.14 09:02:38.182,1.2196,1.2198,37.50,43.20
2007.05.14 09:02:38.258,1.2196,1.2197,37.50,4.00
2007.05.14 09:02:38.678,1.21965,1.2198,0.80,39.20
2007.05.14 09:02:52.784,1.21965,1.2198,8.80,51.10
2007.05.14 09:02:53.101,1.2197,1.2198,0.90,43.10
2007.05.14 09:02:53.206,1.2197,1.2198,2.30,42.30
2007.05.14 09:02:53.426,1.21965,1.2197,0.80,0.80
2007.05.14 09:02:54.884,1.21965,1.2197,0.80,4.80
2007.05.14 09:02:56.063,1.2196,1.2197,36.70,0.80
2007.05.14 09:03:05.666,1.21965,1.2198,0.80,59.10
2007.05.14 09:03:07.633,1.21965,1.2198,0.80,63.10
2007.05.14 09:03:08.603,1.21965,1.2198,0.80,59.10
2007.05.14 09:03:10.316,1.21965,1.2197,0.80,0.80
2007.05.14 09:03:15.240,1.21965,1.2198,0.80,59.10
2007.05.14 09:03:15.285,1.21965,1.2198,0.80,55.10
2007.05.14 09:03:17.181,1.21965,1.2197,0.80,0.80
2007.05.14 09:03:24.767,1.21965,1.2198,0.80,59.10
2007.05.14 09:03:26.348,1.21965,1.2197,0.80,0.80
2007.05.14 09:03:43.748,1.21965,1.2197,0.80,12.70
2007.05.14 09:03:43.781,1.21965,1.2197,0.80,20.70
2007.05.14 09:03:44.238,1.2196,1.2197,22.40,20.70
2007.05.14 09:03:44.322,1.2196,1.2197,22.40,12.70
2007.05.14 09:03:44.573,1.2196,1.2197,31.10,0.80
2007.05.14 09:03:44.668,1.2196,1.2197,31.10,8.00
2007.05.14 09:03:44.750,1.2196,1.2197,30.30,8.00
2007.05.14 09:03:44.806,1.2196,1.2197,18.40,19.90
2007.05.14 09:03:44.827,1.2196,1.2197,20.00,27.90
2007.05.14 09:03:45.058,1.2196,1.2197,18.40,27.90
2007.05.14 09:03:45.739,1.21955,1.2196,4.00,0.80
2007.05.14 09:03:45.744,1.21955,1.2196,6.40,0.80
2007.05.14 09:03:45.759,1.21955,1.2196,2.40,0.80
2007.05.14 09:03:46.332,1.21955,1.2196,0.80,0.80
2007.05.14 09:03:47.095,1.21955,1.2196,0.80,0.80
2007.05.14 09:03:48.459,1.21955,1.2196,2.40,0.80
2007.05.14 09:03:48.879,1.21955,1.2196,0.80,0.80
2007.05.14 09:03:52.633,1.2196,1.2197,8.00,47.10
2007.05.14 09:03:52.679,1.2196,1.2197,8.00,43.10
2007.05.14 09:03:52.727,1.2196,1.2197,8.00,35.10
2007.05.14 09:03:53.280,1.2196,1.2197,10.40,35.10
2007.05.14 09:03:58.197,1.21955,1.2196,0.80,0.80
2007.05.14 09:03:58.280,1.21955,1.2196,0.80,0.80
2007.05.14 09:03:59.407,1.21955,1.2196,0.80,4.80
2007.05.14 09:04:00.081,1.21955,1.2196,0.80,0.80
2007.05.14 09:04:05.196,1.2195,1.2196,20.80,23.10
2007.05.14 09:04:08.191,1.2195,1.2196,10.40,0.60
2007.05.14 09:04:08.739,1.2195,1.21965,10.40,27.90
2007.05.14 09:04:20.633,1.2195,1.2196,10.40,27.90
2007.05.14 09:04:20.730,1.2195,1.2196,10.40,39.10
2007.05.14 09:04:20.824,1.2195,1.2196,10.40,47.40
2007.05.14 09:04:20.977,1.2195,1.2196,10.40,51.40
2007.05.14 09:04:21.035,1.2195,1.2196,10.40,51.10
2007.05.14 09:04:21.220,1.21945,1.2195,1.60,10.40
2007.05.14 09:04:21.228,1.21945,1.2195,1.60,10.40
2007.05.14 09:04:21.266,1.21945,1.2195,1.60,11.20
2007.05.14 09:04:21.349,1.21945,1.2195,1.60,23.90
2007.05.14 09:04:21.448,1.2194,1.2195,10.40,23.90
2007.05.14 09:04:21.528,1.2194,1.2195,12.80,23.90
2007.05.14 09:04:22.627,1.2194,1.2195,10.40,23.90
2007.05.14 09:04:22.709,1.2194,1.2195,2.40,39.10
2007.05.14 09:04:22.733,1.21935,1.2195,2.40,39.10
2007.05.14 09:04:22.803,1.21935,1.2195,2.40,51.10
2007.05.14 09:04:23.225,1.21935,1.2195,2.40,47.10
2007.05.14 09:04:23.243,1.21935,1.2195,2.40,51.10
2007.05.14 09:04:23.655,1.21935,1.2195,4.00,51.10
2007.05.14 09:04:23.662,1.21935,1.2195,4.00,47.10
2007.05.14 09:04:23.847,1.2194,1.2195,8.00,39.10
2007.05.14 09:04:23.848,1.2194,1.2195,8.80,38.30
2007.05.14 09:04:23.917,1.2194,1.2195,16.80,30.30
2007.05.14 09:04:26.868,1.21935,1.2195,2.40,51.10
2007.05.14 09:04:27.107,1.21935,1.2195,2.40,47.10
2007.05.14 09:04:28.577,1.21935,1.2195,2.40,51.10
2007.05.14 09:04:29.388,1.21935,1.2195,0.80,51.10
2007.05.14 09:04:29.747,1.21935,1.2195,0.80,55.10
2007.05.14 09:04:29.788,1.2193,1.2194,41.50,8.00
2007.05.14 09:04:29.966,1.2193,1.2194,21.60,19.90
2007.05.14 09:04:30.288,1.2193,1.2194,16.80,20.70
2007.05.14 09:04:30.790,1.2193,1.2194,16.80,23.10
2007.05.14 09:04:36.271,1.2193,1.2194,13.60,26.30
2007.05.14 09:04:36.400,1.2193,1.2194,12.80,27.10
2007.05.14 09:04:36.568,1.2193,1.2194,10.40,27.10
2007.05.14 09:04:57.201,1.2193,1.2194,10.40,23.90
2007.05.14 09:04:57.281,1.2193,1.2194,11.20,23.10
2007.05.14 09:04:57.324,1.2193,1.2194,14.40,23.10
2007.05.14 09:04:57.477,1.2193,1.21945,14.40,24.70
2007.05.14 09:04:57.767,1.2193,1.21945,14.60,24.70
2007.05.14 09:04:57.849,1.2193,1.21945,14.40,24.70
2007.05.14 09:05:01.077,1.2193,1.2194,18.40,0.80
2007.05.14 09:05:01.650,1.2193,1.21945,15.20,24.70
2007.05.14 09:05:01.901,1.2193,1.2194,14.40,0.80
2007.05.14 09:05:02.865,1.2193,1.2194,10.40,0.80
2007.05.14 09:05:09.755,1.2193,1.2194,5.60,0.80
2007.05.14 09:05:09.890,1.2193,1.21945,6.40,32.70
2007.05.14 09:05:10.355,1.2193,1.2194,14.40,0.50
2007.05.14 09:05:10.405,1.2193,1.2194,13.60,0.70
2007.05.14 09:05:11.428,1.2193,1.2194,5.60,0.50
2007.05.14 09:05:12.173,1.2193,1.21945,9.60,33.50
2007.05.14 09:05:13.386,1.2193,1.2194,5.60,0.70
2007.05.14 09:05:16.803,1.2193,1.2194,6.40,0.70
2007.05.14 09:05:17.339,1.2193,1.2194,14.40,0.90
2007.05.14 09:05:19.878,1.2193,1.21945,18.40,24.70
2007.05.14 09:05:26.987,1.2193,1.2194,22.10,22.30
2007.05.14 09:05:27.080,1.2193,1.2194,30.10,22.30
2007.05.14 09:05:27.105,1.2193,1.2194,36.50,22.30
2007.05.14 09:05:27.118,1.2193,1.2194,37.30,22.30
2007.05.14 09:05:27.173,1.2193,1.2194,38.40,22.30
2007.05.14 09:05:27.256,1.2194,1.2195,2.40,39.10
2007.05.14 09:05:27.294,1.2194,1.2195,3.20,38.30
2007.05.14 09:05:27.310,1.2194,1.2195,11.20,18.40
2007.05.14 09:05:27.393,1.2194,1.2195,11.20,27.10
2007.05.14 09:05:27.917,1.2194,1.2195,12.00,26.30
2007.05.14 09:05:28.632,1.2194,1.2195,12.80,26.30
2007.05.14 09:05:28.642,1.2194,1.2195,13.60,26.30
2007.05.14 09:05:28.650,1.2194,1.2195,16.00,27.10
2007.05.14 09:05:28.775,1.2194,1.2195,16.00,16.70
2007.05.14 09:05:28.837,1.2194,1.2195,15.20,16.70
2007.05.14 09:05:28.848,1.2195,1.2196,0.60,35.20
2007.05.14 09:05:28.968,1.2195,1.2196,0.40,51.10
2007.05.14 09:05:29.073,1.2195,1.2196,0.40,59.10
2007.05.14 09:05:29.344,1.2194,1.2196,39.90,59.10
2007.05.14 09:05:29.408,1.2194,1.2196,39.10,59.10
2007.05.14 09:05:29.656,1.2194,1.2196,41.50,59.10
2007.05.14 09:05:29.833,1.2194,1.2196,41.50,55.10
2007.05.14 09:05:30.116,1.2194,1.2196,41.50,47.10
2007.05.14 09:05:30.308,1.2194,1.2196,39.10,47.10
2007.05.14 09:05:31.024,1.2194,1.2196,39.10,55.10
2007.05.14 09:05:31.548,1.21935,1.2196,48.70,55.10
2007.05.14 09:05:32.070,1.21935,1.2196,48.70,59.10
2007.05.14 09:05:32.387,1.21935,1.2195,37.50,3.20
2007.05.14 09:05:33.026,1.2194,1.2195,23.90,3.20
2007.05.14 09:05:34.007,1.2194,1.2195,31.90,3.20
2007.05.14 09:05:36.551,1.2194,1.2195,33.50,3.20
2007.05.14 09:05:38.258,1.2194,1.2195,31.90,3.20
2007.05.14 09:05:40.639,1.2194,1.2195,23.90,3.20
2007.05.14 09:05:40.672,1.2194,1.2195,23.10,3.20
2007.05.14 09:05:40.730,1.2194,1.2195,23.10,11.20
2007.05.14 09:05:40.734,1.2194,1.2195,13.60,20.70
2007.05.14 09:05:40.933,1.2194,1.2195,13.60,21.50
2007.05.14 09:05:41.213,1.2194,1.2195,13.60,23.90
2007.05.14 09:05:50.938,1.2194,1.2195,14.40,23.10
2007.05.14 09:05:52.218,1.2194,1.2195,13.60,23.10
2007.05.14 09:05:52.459,1.2194,1.2195,13.60,23.90
2007.05.14 09:05:53.084,1.2194,1.2195,17.60,23.90
2007.05.14 09:05:53.254,1.2194,1.2195,17.60,23.10
2007.05.14 09:05:53.514,1.2194,1.2195,18.40,23.10
2007.05.14 09:05:55.313,1.2194,1.2195,17.60,23.10
2007.05.14 09:05:55.586,1.2194,1.2195,17.60,23.90
2007.05.14 09:05:56.836,1.2194,1.2195,18.40,23.10
2007.05.14 09:05:57.917,1.2194,1.2195,17.60,23.10
2007.05.14 09:05:58.143,1.2194,1.2195,17.60,23.90
2007.05.14 09:05:58.772,1.21935,1.2195,19.20,23.90
2007.05.14 09:05:59.937,1.21935,1.2195,20.00,23.10
2007.05.14 09:06:00.292,1.2194,1.2195,5.50,22.30
2007.05.14 09:06:02.735,1.21935,1.2195,24.00,23.10
2007.05.14 09:06:03.443,1.21935,1.2195,16.00,23.10
2007.05.14 09:06:04.105,1.21935,1.2195,17.60,19.10
2007.05.14 09:06:06.236,1.21935,1.2195,14.40,22.30
2007.05.14 09:06:06.352,1.2194,1.2195,5.30,23.10
2007.05.14 09:06:14.301,1.21935,1.2195,16.80,19.90
2007.05.14 09:06:18.302,1.21935,1.2195,17.60,19.10
2007.05.14 09:06:19.146,1.21935,1.2195,14.40,22.30
2007.05.14 09:06:19.357,1.2194,1.2195,3.00,23.10
2007.05.14 09:06:23.098,1.2195,1.2196,2.40,31.50
2007.05.14 09:06:25.247,1.2194,1.2195,17.60,19.90
2007.05.14 09:06:26.373,1.21935,1.2195,16.80,19.90
2007.05.14 09:06:29.776,1.2194,1.2195,14.40,19.10
2007.05.14 09:06:33.330,1.2194,1.2195,13.60,19.90
2007.05.14 09:06:44.110,1.2194,1.2195,13.60,23.90
2007.05.14 09:06:56.891,1.2194,1.2195,13.60,19.90
2007.05.14 09:06:58.980,1.2194,1.2195,3.10,19.90
2007.05.14 09:06:59.275,1.2194,1.2195,10.40,23.10
2007.05.14 09:07:00.616,1.2194,1.2195,14.40,23.10
2007.05.14 09:07:01.457,1.2194,1.2195,10.40,23.10
2007.05.14 09:07:06.329,1.2194,1.2195,13.60,19.90
2007.05.14 09:07:06.696,1.2194,1.2195,13.60,15.90
2007.05.14 09:07:06.831,1.2194,1.2195,22.30,7.20
2007.05.14 09:07:06.864,1.2194,1.2195,23.10,6.40
2007.05.14 09:07:06.948,1.2194,1.2195,31.10,6.40
2007.05.14 09:07:07.140,1.2194,1.2195,31.90,5.60
2007.05.14 09:07:07.403,1.2194,1.2195,31.90,3.20
2007.05.14 09:07:08.121,1.2194,1.2195,33.50,3.20
2007.05.14 09:07:09.200,1.2194,1.2196,36.70,52.50
2007.05.14 09:07:09.688,1.2194,1.2196,36.70,52.10
2007.05.14 09:07:10.036,1.2194,1.2196,36.70,51.90
2007.05.14 09:07:10.339,1.2194,1.2196,36.70,52.20
2007.05.14 09:07:10.542,1.2194,1.2196,36.70,51.90
2007.05.14 09:07:10.741,1.2194,1.2196,36.70,52.20
2007.05.14 09:07:11.805,1.2194,1.2196,36.70,51.90
2007.05.14 09:07:11.876,1.2194,1.2196,36.70,52.20
2007.05.14 09:07:11.971,1.2194,1.2196,36.70,51.90
2007.05.14 09:07:12.075,1.2194,1.2196,36.70,52.20
2007.05.14 09:07:12.191,1.2194,1.2196,36.70,51.90
2007.05.14 09:07:12.287,1.2194,1.2196,36.70,52.50
2007.05.14 09:07:12.393,1.2194,1.2196,36.70,52.10
2007.05.14 09:07:12.527,1.2194,1.2196,36.70,51.90
2007.05.14 09:07:12.786,1.2194,1.2196,36.70,52.20
2007.05.14 09:07:13.143,1.2194,1.2196,36.70,47.40
2007.05.14 09:07:13.361,1.2194,1.2196,36.70,47.10
2007.05.14 09:07:13.750,1.2194,1.2196,36.70,47.40
2007.05.14 09:07:13.863,1.2194,1.2196,36.70,47.10
2007.05.14 09:07:13.969,1.2194,1.2196,36.70,47.40
2007.05.14 09:07:14.063,1.2194,1.2196,36.70,47.10
2007.05.14 09:07:14.168,1.2194,1.2196,36.70,47.40
2007.05.14 09:07:14.368,1.2194,1.2196,36.70,47.10
2007.05.14 09:07:14.475,1.2194,1.2196,36.70,47.40
2007.05.14 09:07:14.584,1.2194,1.2196,36.70,51.40
2007.05.14 09:07:14.882,1.2194,1.2196,36.70,47.40
2007.05.14 09:07:14.889,1.2194,1.2196,36.70,47.10
2007.05.14 09:07:14.984,1.2194,1.2196,36.70,47.40
2007.05.14 09:07:15.103,1.2194,1.2196,36.70,47.10
2007.05.14 09:07:15.186,1.2194,1.2196,36.70,47.40
2007.05.14 09:07:15.305,1.2194,1.2196,36.70,47.10
2007.05.14 09:07:15.410,1.2194,1.2196,36.70,47.40
2007.05.14 09:07:15.711,1.2194,1.2196,36.70,47.70
2007.05.14 09:07:15.817,1.2194,1.2196,36.70,47.30
2007.05.14 09:07:16.018,1.2194,1.2196,36.70,47.40
2007.05.14 09:07:16.403,1.2194,1.2196,36.70,47.10
2007.05.14 09:07:16.780,1.2194,1.2196,36.70,47.40
2007.05.14 09:07:17.191,1.2194,1.2196,36.70,47.10
2007.05.14 09:07:17.285,1.2194,1.2196,36.70,47.30
2007.05.14 09:07:17.612,1.2194,1.2196,36.70,47.40
2007.05.14 09:07:17.641,1.2194,1.2196,36.70,51.40
2007.05.14 09:07:17.690,1.2194,1.2196,36.70,51.10
2007.05.14 09:07:17.822,1.2194,1.2196,36.70,51.40
2007.05.14 09:07:17.986,1.2194,1.2196,36.70,51.10
2007.05.14 09:07:18.011,1.2194,1.2196,36.70,51.40
2007.05.14 09:07:18.016,1.2194,1.21965,36.70,66.60
2007.05.14 09:07:18.136,1.2194,1.2196,36.70,0.90
2007.05.14 09:07:18.222,1.2194,1.21965,36.70,66.60
2007.05.14 09:07:18.322,1.2194,1.21965,36.70,66.30
2007.05.14 09:07:18.441,1.2194,1.21965,36.70,66.60
2007.05.14 09:07:18.644,1.2194,1.2196,36.70,0.90
2007.05.14 09:07:19.801,1.2194,1.21965,36.70,63.40
2007.05.14 09:07:19.903,1.2194,1.21965,36.70,63.10
2007.05.14 09:07:20.008,1.2194,1.2196,36.70,0.50
2007.05.14 09:07:20.108,1.2194,1.2196,36.70,0.90
2007.05.14 09:07:20.218,1.2194,1.21965,36.70,62.60
2007.05.14 09:07:20.315,1.2194,1.2196,36.70,0.80
2007.05.14 09:07:20.424,1.2194,1.21965,36.70,62.60
2007.05.14 09:07:20.526,1.2194,1.2196,36.70,0.90
2007.05.14 09:07:20.618,1.2194,1.2196,36.70,0.80
2007.05.14 09:07:20.721,1.2194,1.2196,36.70,0.80
2007.05.14 09:07:20.820,1.2194,1.2196,36.70,0.50
2007.05.14 09:07:20.918,1.2194,1.21965,36.70,63.10
2007.05.14 09:07:21.085,1.2194,1.21965,36.70,62.50
2007.05.14 09:07:21.325,1.2194,1.21965,36.70,63.10
2007.05.14 09:07:21.546,1.2194,1.2196,36.70,0.70
2007.05.14 09:07:21.730,1.2194,1.2196,36.70,0.60
2007.05.14 09:07:21.742,1.2194,1.21965,36.70,62.60
2007.05.14 09:07:21.838,1.2194,1.21965,36.70,63.10
2007.05.14 09:07:21.965,1.2194,1.21965,36.70,63.40
2007.05.14 09:07:22.052,1.2194,1.2196,36.70,0.90
2007.05.14 09:07:22.153,1.2194,1.2196,36.70,0.90
2007.05.14 09:07:22.260,1.2194,1.2196,36.70,0.90
2007.05.14 09:07:22.387,1.2194,1.2196,36.70,0.60
2007.05.14 09:07:22.559,1.2194,1.21965,36.70,58.60
2007.05.14 09:07:22.598,1.2194,1.2196,36.70,0.80
2007.05.14 09:07:22.693,1.2194,1.2196,36.70,0.50
2007.05.14 09:07:22.798,1.2194,1.2196,36.70,0.80
2007.05.14 09:07:22.910,1.2194,1.21965,36.70,59.40
2007.05.14 09:07:23.003,1.2194,1.21965,36.70,58.30
2007.05.14 09:07:24.176,1.2194,1.21965,36.70,62.60
2007.05.14 09:07:24.341,1.2194,1.21965,36.70,63.10
2007.05.14 09:07:24.540,1.2194,1.2196,36.70,0.60
2007.05.14 09:07:24.658,1.2194,1.21965,36.70,63.10
2007.05.14 09:07:24.846,1.2194,1.21965,36.70,62.60
2007.05.14 09:07:24.955,1.2194,1.2196,36.70,0.50
2007.05.14 09:07:25.060,1.2194,1.21965,36.70,62.60
2007.05.14 09:07:25.181,1.2194,1.21965,36.70,62.30
2007.05.14 09:07:25.273,1.2194,1.2196,20.80,39.10
2007.05.14 09:07:25.300,1.2194,1.2196,20.80,43.10
2007.05.14 09:07:25.476,1.2194,1.2195,19.20,0.90
2007.05.14 09:07:25.704,1.2194,1.2196,11.20,55.10
2007.05.14 09:07:25.810,1.2194,1.2196,11.20,55.90
2007.05.14 09:07:25.812,1.2194,1.2195,10.40,0.50
2007.05.14 09:07:26.271,1.2194,1.21955,10.40,28.70
2007.05.14 09:07:29.651,1.2194,1.21955,13.60,25.50
2007.05.14 09:07:32.177,1.2194,1.21955,13.60,24.70
2007.05.14 09:07:32.447,1.2194,1.21955,14.40,24.70
2007.05.14 09:07:43.705,1.21935,1.2194,2.40,0.50
2007.05.14 09:07:50.358,1.2194,1.2195,16.80,23.10
2007.05.14 09:07:54.167,1.2194,1.2195,16.80,23.10
2007.05.14 09:07:54.683,1.2194,1.2195,14.40,24.70
2007.05.14 09:07:56.770,1.2194,1.2195,13.60,24.70
2007.05.14 09:07:56.857,1.2194,1.2195,11.20,24.70
2007.05.14 09:07:57.006,1.2194,1.2195,3.20,40.70
2007.05.14 09:07:57.047,1.2194,1.2195,3.20,41.50
2007.05.14 09:07:57.101,1.2194,1.2195,7.20,41.50
2007.05.14 09:07:57.136,1.2194,1.2195,4.00,48.70
2007.05.14 09:07:57.378,1.2194,1.21945,4.00,0.80
2007.05.14 09:07:57.641,1.2194,1.2195,4.00,53.50
2007.05.14 09:07:57.708,1.2194,1.2195,4.00,54.30
2007.05.14 09:07:57.769,1.2194,1.2195,4.00,53.50
2007.05.14 09:07:57.894,1.2193,1.2194,35.90,0.80
2007.05.14 09:07:57.904,1.2193,1.2194,35.90,6.40
2007.05.14 09:07:58.092,1.2193,1.2194,31.90,7.20
2007.05.14 09:07:58.213,1.2193,1.2194,23.90,15.20
2007.05.14 09:07:58.279,1.2193,1.2194,27.90,15.20
2007.05.14 09:07:58.328,1.2193,1.2194,27.90,17.60
2007.05.14 09:07:58.534,1.2193,1.2194,26.30,17.60
2007.05.14 09:07:58.596,1.2193,1.2194,17.60,25.50
2007.05.14 09:07:58.617,1.2193,1.2194,13.60,25.50
2007.05.14 09:07:58.828,1.2193,1.2194,16.00,25.50
2007.05.14 09:08:01.173,1.2193,1.2194,16.80,24.70
2007.05.14 09:08:01.201,1.2193,1.2194,17.60,23.90
2007.05.14 09:08:01.255,1.2193,1.2194,17.60,27.90
2007.05.14 09:08:01.270,1.2193,1.2194,17.60,19.90
2007.05.14 09:08:01.304,1.2193,1.2194,34.30,4.00
2007.05.14 09:08:01.306,1.2193,1.21945,34.30,2.40
2007.05.14 09:08:01.387,1.2193,1.21945,34.30,0.80
2007.05.14 09:08:01.634,1.2193,1.21945,38.30,0.80
2007.05.14 09:08:02.601,1.2193,1.21945,34.30,0.80
2007.05.14 09:08:03.052,1.2193,1.21945,26.30,0.80
2007.05.14 09:08:03.192,1.2193,1.2194,25.50,0.80
2007.05.14 09:08:03.255,1.2193,1.2194,25.50,6.40
2007.05.14 09:08:03.263,1.2193,1.2194,16.80,18.30
2007.05.14 09:08:03.278,1.2193,1.2194,16.00,18.30
2007.05.14 09:08:03.310,1.2193,1.2194,13.60,18.30
2007.05.14 09:08:03.499,1.2193,1.2194,13.60,19.10
2007.05.14 09:08:03.751,1.2193,1.2194,13.60,13.50
2007.05.14 09:08:03.754,1.2193,1.2194,14.40,12.70
2007.05.14 09:08:03.861,1.2193,1.2194,31.10,0.80
2007.05.14 09:08:03.898,1.2193,1.21945,31.90,0.80
2007.05.14 09:08:04.324,1.2193,1.21945,35.10,0.80
2007.05.14 09:08:04.464,1.2193,1.21945,27.10,0.80
2007.05.14 09:08:04.551,1.2193,1.21945,29.50,0.80
2007.05.14 09:08:04.841,1.2193,1.2195,29.50,50.30
2007.05.14 09:08:04.921,1.2193,1.2195,29.50,50.60
2007.05.14 09:08:04.928,1.2193,1.2195,33.50,50.60
2007.05.14 09:08:05.026,1.2193,1.2195,33.50,51.80
2007.05.14 09:08:05.089,1.2193,1.21945,33.50,0.80
2007.05.14 09:08:05.325,1.2193,1.2195,33.50,50.50
2007.05.14 09:08:05.339,1.2193,1.2195,41.50,50.50
2007.05.14 09:08:05.430,1.2193,1.2195,41.50,52.80
2007.05.14 09:08:05.483,1.2193,1.2195,41.50,53.60
2007.05.14 09:08:05.543,1.2193,1.2195,41.50,51.40
2007.05.14 09:08:05.624,1.2193,1.2195,41.50,50.60
2007.05.14 09:08:05.678,1.2193,1.2195,41.50,49.80
2007.05.14 09:08:05.688,1.2193,1.2195,41.50,49.50
2007.05.14 09:08:05.737,1.2193,1.2195,41.50,49.80
2007.05.14 09:08:10.864,1.2193,1.2194,41.50,6.40
2007.05.14 09:08:10.877,1.2193,1.2194,25.60,22.30
2007.05.14 09:08:10.919,1.2193,1.2194,23.20,22.30
2007.05.14 09:08:11.290,1.2193,1.2194,22.40,22.30
2007.05.14 09:08:11.461,1.2193,1.2194,6.40,34.30
2007.05.14 09:08:11.526,1.2193,1.2194,6.40,35.10
2007.05.14 09:08:11.711,1.2193,1.2194,6.40,37.50
2007.05.14 09:08:13.178,1.2193,1.2194,14.40,29.50
2007.05.14 09:08:13.239,1.2193,1.2194,14.40,27.10
2007.05.14 09:08:13.318,1.2193,1.2194,14.40,23.10
2007.05.14 09:08:13.341,1.2193,1.2194,15.20,22.30
2007.05.14 09:08:13.610,1.2193,1.2194,11.20,22.30
2007.05.14 09:08:15.672,1.2193,1.2194,15.20,22.30
2007.05.14 09:08:16.369,1.2193,1.2194,11.20,22.30
2007.05.14 09:08:17.655,1.2193,1.2194,11.20,26.30
2007.05.14 09:08:25.287,1.2193,1.2194,11.20,34.30
2007.05.14 09:08:25.370,1.2193,1.2194,3.20,34.30
2007.05.14 09:08:25.405,1.2193,1.2194,2.40,35.10
2007.05.14 09:08:25.679,1.2193,1.2194,10.40,27.10
2007.05.14 09:08:26.250,1.2193,1.2194,10.40,29.50
2007.05.14 09:08:27.434,1.2193,1.2194,10.40,25.50
2007.05.14 09:08:32.699,1.2193,1.2194,10.40,33.50
2007.05.14 09:08:32.813,1.2193,1.2194,10.40,37.50
2007.05.14 09:08:32.906,1.2193,1.2194,10.40,45.50
2007.05.14 09:08:33.274,1.2193,1.2194,10.40,37.50
2007.05.14 09:08:33.321,1.2193,1.2194,10.40,29.50
2007.05.14 09:08:35.696,1.2193,1.2194,10.40,33.50
2007.05.14 09:08:36.714,1.2193,1.2194,2.40,57.50
2007.05.14 09:08:36.733,1.21925,1.2194,1.60,57.50
2007.05.14 09:08:37.051,1.21925,1.2194,1.60,49.50
2007.05.14 09:08:37.101,1.21925,1.2194,0.80,49.50
2007.05.14 09:08:37.206,1.21925,1.2194,0.80,45.50
2007.05.14 09:08:37.596,1.21925,1.2194,1.60,45.50
2007.05.14 09:08:39.379,1.21925,1.2194,2.40,45.50
2007.05.14 09:08:39.562,1.21925,1.2194,1.60,45.50
2007.05.14 09:08:39.782,1.21925,1.2194,0.80,45.50
2007.05.14 09:08:41.517,1.2192,1.2194,46.10,45.50
2007.05.14 09:08:42.315,1.2193,1.2194,8.00,37.50
2007.05.14 09:08:42.468,1.2193,1.2194,8.00,29.50
2007.05.14 09:08:42.717,1.21925,1.2194,0.80,34.30
2007.05.14 09:08:42.723,1.21925,1.2194,1.60,34.30
2007.05.14 09:08:42.856,1.2193,1.2194,3.20,34.30
2007.05.14 09:08:44.218,1.2193,1.2194,11.20,26.30
2007.05.14 09:08:44.309,1.2193,1.2194,11.20,22.30
2007.05.14 09:08:44.390,1.2193,1.2194,12.00,21.50
2007.05.14 09:08:44.639,1.2193,1.2194,11.20,21.50
2007.05.14 09:08:44.706,1.2193,1.2194,3.20,29.50
2007.05.14 09:08:44.803,1.2193,1.2194,3.20,33.50
2007.05.14 09:08:44.902,1.2193,1.2194,3.20,34.30
2007.05.14 09:08:49.186,1.2193,1.2194,3.20,27.90
2007.05.14 09:08:49.302,1.2193,1.2194,15.10,16.00
2007.05.14 09:08:49.305,1.2193,1.2194,23.10,16.00
2007.05.14 09:08:52.740,1.2193,1.2194,23.90,15.20
2007.05.14 09:08:52.896,1.2193,1.2194,23.90,14.40
2007.05.14 09:08:53.196,1.2193,1.2194,31.90,6.40
2007.05.14 09:08:53.381,1.2193,1.2194,31.90,2.40
2007.05.14 09:08:53.417,1.2193,1.2194,32.70,2.40
2007.05.14 09:08:53.837,1.2193,1.2194,35.10,2.40
2007.05.14 09:09:02.392,1.2193,1.2194,35.90,2.40
2007.05.14 09:09:02.513,1.2193,1.2194,37.40,2.40
2007.05.14 09:09:02.663,1.2193,1.2194,38.20,2.40
2007.05.14 09:09:02.707,1.2194,1.2195,2.40,51.90
2007.05.14 09:09:02.772,1.2194,1.2195,10.40,43.10
2007.05.14 09:09:02.801,1.2194,1.2195,18.40,43.10
2007.05.14 09:09:02.896,1.2194,1.2195,30.30,11.20
2007.05.14 09:09:02.927,1.2194,1.2195,31.10,10.40
2007.05.14 09:09:03.700,1.2194,1.2195,31.10,6.40
2007.05.14 09:09:04.094,1.2194,1.2195,31.10,10.40
2007.05.14 09:09:04.641,1.2194,1.2195,31.10,6.40
2007.05.14 09:09:06.257,1.2194,1.2195,31.10,4.00
2007.05.14 09:09:06.260,1.2194,1.21955,39.90,0.80
2007.05.14 09:09:06.271,1.2194,1.2196,39.90,45.30
2007.05.14 09:09:06.367,1.2194,1.2196,47.90,48.40
2007.05.14 09:09:06.401,1.2194,1.2196,47.90,44.40
2007.05.14 09:09:06.503,1.2194,1.2196,47.90,40.40
2007.05.14 09:09:06.771,1.2194,1.2196,47.90,40.20
2007.05.14 09:09:06.927,1.2194,1.2196,51.90,40.20
2007.05.14 09:09:08.281,1.2194,1.2196,51.90,39.60
2007.05.14 09:09:08.400,1.2194,1.2196,51.90,38.80
2007.05.14 09:09:08.534,1.2194,1.2196,51.90,38.00
2007.05.14 09:09:10.061,1.2194,1.2196,47.90,38.00
2007.05.14 09:09:10.727,1.2194,1.2196,47.90,36.10
2007.05.14 09:09:10.820,1.2194,1.2196,47.90,35.30
2007.05.14 09:09:11.330,1.2194,1.2196,47.90,36.10
2007.05.14 09:09:11.332,1.2194,1.2196,47.90,37.40
2007.05.14 09:09:11.405,1.2194,1.2196,47.90,36.70
2007.05.14 09:09:11.582,1.2194,1.2196,47.90,35.90
2007.05.14 09:09:11.585,1.2194,1.2196,51.90,35.90
2007.05.14 09:09:11.822,1.2194,1.2196,51.90,36.60
2007.05.14 09:09:11.882,1.2194,1.2196,51.90,37.40
2007.05.14 09:09:11.930,1.2194,1.2196,51.90,35.90
2007.05.14 09:09:12.035,1.2194,1.2196,51.90,38.20
2007.05.14 09:09:12.189,1.2194,1.2196,51.90,37.40
2007.05.14 09:09:12.203,1.2194,1.2196,51.90,36.20
2007.05.14 09:09:12.328,1.2194,1.2196,51.90,35.90
2007.05.14 09:09:12.528,1.2194,1.2196,51.90,36.20
2007.05.14 09:09:12.622,1.2194,1.2196,51.90,35.10
2007.05.14 09:09:12.741,1.2194,1.2196,51.90,37.40
2007.05.14 09:09:12.847,1.2194,1.2196,51.90,35.90
2007.05.14 09:09:12.940,1.2194,1.2196,51.90,36.20
2007.05.14 09:09:13.046,1.2194,1.2196,51.90,35.90
2007.05.14 09:09:13.151,1.2194,1.2196,51.90,36.20
2007.05.14 09:09:13.160,1.2194,1.2196,51.90,37.00
2007.05.14 09:09:13.311,1.2194,1.2196,51.90,35.90
2007.05.14 09:09:13.401,1.2194,1.2196,51.90,35.10
2007.05.14 09:09:13.490,1.2194,1.2196,51.90,37.40
2007.05.14 09:09:13.569,1.2194,1.2196,51.90,36.20
2007.05.14 09:09:13.663,1.2194,1.2196,51.90,35.90
2007.05.14 09:09:13.665,1.2194,1.2196,51.90,36.70
2007.05.14 09:09:13.779,1.2194,1.2196,51.90,38.20
2007.05.14 09:09:13.873,1.2194,1.2196,51.90,36.70
2007.05.14 09:09:13.926,1.2194,1.2196,51.90,35.90
2007.05.14 09:09:13.979,1.2194,1.2196,51.90,37.60
2007.05.14 09:09:14.075,1.2194,1.2196,51.90,35.10
2007.05.14 09:09:14.099,1.2194,1.2196,47.90,35.10
2007.05.14 09:09:14.413,1.2194,1.2196,47.90,35.90
2007.05.14 09:09:14.434,1.2194,1.2196,47.90,38.20
2007.05.14 09:09:14.648,1.2194,1.2196,47.90,36.70
2007.05.14 09:09:14.742,1.2194,1.2196,47.90,37.00
2007.05.14 09:09:14.837,1.2194,1.2196,47.90,37.40
2007.05.14 09:09:14.932,1.2194,1.2196,47.90,38.20
2007.05.14 09:09:15.040,1.2194,1.2196,47.90,37.00
2007.05.14 09:09:15.148,1.2194,1.2196,47.90,38.20
2007.05.14 09:09:15.255,1.2194,1.2196,47.90,37.00
2007.05.14 09:09:15.450,1.2194,1.2196,47.90,36.20
2007.05.14 09:09:15.469,1.2194,1.2196,47.90,0.80
2007.05.14 09:09:15.762,1.2194,1.21965,47.90,46.30
2007.05.14 09:09:15.866,1.2194,1.21965,47.90,48.60
2007.05.14 09:09:15.961,1.2194,1.21965,51.90,51.80
2007.05.14 09:09:15.976,1.2194,1.2196,51.90,0.90
2007.05.14 09:09:16.067,1.2194,1.21965,51.90,46.30
2007.05.14 09:09:16.171,1.2194,1.21965,51.90,47.80
2007.05.14 09:09:16.267,1.2194,1.2196,51.90,0.70
2007.05.14 09:09:16.383,1.2194,1.21965,51.90,48.60
2007.05.14 09:09:16.467,1.2194,1.21965,51.90,46.60
2007.05.14 09:09:16.476,1.2194,1.21965,51.90,45.80
2007.05.14 09:09:16.575,1.2194,1.21965,51.90,47.00
2007.05.14 09:09:16.681,1.2194,1.2196,51.90,0.70
2007.05.14 09:09:16.883,1.2194,1.2196,51.90,0.80
2007.05.14 09:09:16.988,1.2194,1.2196,51.90,0.60
2007.05.14 09:09:17.105,1.2194,1.21965,51.90,48.60
2007.05.14 09:09:17.307,1.2194,1.21965,51.90,46.30
2007.05.14 09:09:17.445,1.2194,1.2196,51.90,0.80
2007.05.14 09:09:17.675,1.2194,1.2196,51.90,0.90
2007.05.14 09:09:17.755,1.2194,1.21965,51.90,46.60
2007.05.14 09:09:18.073,1.2194,1.21965,51.90,46.30
2007.05.14 09:09:18.178,1.2194,1.21965,51.90,46.60
2007.05.14 09:09:18.397,1.2194,1.21965,51.90,44.70
2007.05.14 09:09:18.468,1.2194,1.2196,51.90,0.80
2007.05.14 09:09:18.893,1.2194,1.2196,51.90,0.80
2007.05.14 09:09:19.062,1.2194,1.21965,51.90,47.10
2007.05.14 09:09:19.083,1.2194,1.21965,51.90,48.20
2007.05.14 09:09:19.189,1.2194,1.21965,51.90,47.90
2007.05.14 09:09:19.294,1.2194,1.21965,51.90,49.40
2007.05.14 09:09:19.471,1.2194,1.21965,51.90,46.60
2007.05.14 09:09:19.496,1.2194,1.2196,51.90,0.70
2007.05.14 09:09:19.629,1.2194,1.2196,51.90,0.70
2007.05.14 09:09:19.713,1.2194,1.21965,51.90,46.60
2007.05.14 09:09:19.841,1.2194,1.2196,51.90,0.70
2007.05.14 09:09:20.224,1.2194,1.2196,51.90,0.50
2007.05.14 09:09:20.319,1.2194,1.2196,51.90,0.60
2007.05.14 09:09:20.340,1.2194,1.2196,51.90,0.90
2007.05.14 09:09:20.600,1.2194,1.2196,51.90,0.60
2007.05.14 09:09:20.734,1.2194,1.21965,51.90,47.40
2007.05.14 09:09:20.832,1.2194,1.21965,51.90,48.60
2007.05.14 09:09:20.937,1.2194,1.21965,51.90,46.60
2007.05.14 09:09:21.113,1.2194,1.2196,51.90,44.20
2007.05.14 09:09:22.341,1.2194,1.2195,51.90,0.70
2007.05.14 09:09:25.414,1.2194,1.2196,51.90,45.00
2007.05.14 09:09:35.153,1.2194,1.2196,47.90,0.50
2007.05.14 09:09:35.235,1.2194,1.21965,47.90,50.30
2007.05.14 09:09:35.262,1.2194,1.2196,43.10,0.90
2007.05.14 09:09:35.486,1.2194,1.2196,35.10,0.70
2007.05.14 09:09:35.614,1.2194,1.21965,31.10,62.40
2007.05.14 09:09:35.710,1.2194,1.2195,31.10,0.60
2007.05.14 09:09:52.090,1.21935,1.2194,5.60,4.00
2007.05.14 09:10:08.691,1.21935,1.2194,5.60,4.00
2007.05.14 09:10:08.911,1.2194,1.2195,37.50,2.40
2007.05.14 09:10:10.599,1.2194,1.2195,37.50,2.40
2007.05.14 09:10:11.685,1.2194,1.2195,33.50,2.40
2007.05.14 09:10:11.876,1.2194,1.2195,31.10,2.40
2007.05.14 09:10:21.097,1.2194,1.2195,31.10,6.40
2007.05.14 09:10:30.750,1.21935,1.2194,5.60,4.00
2007.05.14 09:10:31.330,1.2194,1.2195,31.10,6.40
2007.05.14 09:10:33.137,1.2194,1.2195,35.10,6.40
2007.05.14 09:10:35.060,1.2194,1.2195,35.10,0.70
2007.05.14 09:10:35.637,1.2194,1.2195,31.10,6.40
2007.05.14 09:10:38.143,1.2194,1.2195,35.10,6.40
2007.05.14 09:10:40.832,1.2194,1.2195,35.10,2.40
2007.05.14 09:10:57.708,1.2195,1.2196,0.80,47.10
2007.05.14 09:10:57.933,1.2195,1.2196,0.80,39.40
2007.05.14 09:10:58.007,1.2195,1.2196,0.80,39.10
2007.05.14 09:10:58.124,1.2195,1.2196,0.80,39.40
2007.05.14 09:10:58.219,1.2195,1.2196,0.80,39.10
2007.05.14 09:10:58.308,1.2195,1.2196,0.80,39.90
2007.05.14 09:10:58.329,1.2195,1.2196,0.80,41.40
2007.05.14 09:10:58.431,1.2195,1.2196,0.80,39.90
2007.05.14 09:10:58.525,1.2195,1.2196,0.80,41.40
2007.05.14 09:10:58.587,1.2195,1.2196,0.80,40.60
2007.05.14 09:10:58.643,1.2195,1.2196,0.80,39.40
2007.05.14 09:10:58.740,1.2195,1.2196,0.80,39.10
2007.05.14 09:10:58.835,1.2195,1.2196,0.80,39.40
2007.05.14 09:10:59.047,1.2195,1.2196,0.80,38.30
2007.05.14 09:10:59.142,1.2195,1.2196,0.80,38.60
2007.05.14 09:10:59.353,1.2195,1.2196,0.80,38.30
2007.05.14 09:10:59.446,1.2195,1.2196,0.80,39.40
2007.05.14 09:10:59.553,1.2195,1.2196,0.80,39.10
2007.05.14 09:10:59.757,1.2195,1.2196,0.80,31.10
2007.05.14 09:11:00.499,1.2195,1.2196,0.80,30.30
2007.05.14 09:11:00.647,1.2195,1.2196,0.80,29.50
2007.05.14 09:11:00.714,1.2195,1.2196,0.80,5.60
2007.05.14 09:11:00.731,1.2195,1.2196,4.80,3.20
2007.05.14 09:11:02.034,1.2195,1.2196,4.80,7.20
2007.05.14 09:11:02.678,1.2195,1.2196,4.80,3.20
2007.05.14 09:11:04.762,1.2195,1.2196,8.80,3.20
2007.05.14 09:11:04.819,1.2196,1.21965,0.80,1.60
2007.05.14 09:11:04.953,1.2196,1.21965,0.80,1.60
2007.05.14 09:11:04.980,1.2196,1.2197,0.80,42.30
2007.05.14 09:11:05.024,1.2196,1.2197,0.80,38.30
2007.05.14 09:11:06.097,1.2196,1.2197,0.80,42.30
2007.05.14 09:11:07.300,1.2196,1.2197,0.80,38.30
2007.05.14 09:11:08.941,1.2195,1.2197,51.30,39.10
2007.05.14 09:11:08.944,1.2195,1.2197,49.70,39.10
2007.05.14 09:11:09.092,1.2195,1.2197,53.70,39.10
2007.05.14 09:11:09.186,1.2195,1.2197,42.50,39.10
2007.05.14 09:11:09.193,1.2195,1.2197,41.70,39.10
2007.05.14 09:11:09.289,1.2195,1.2197,13.60,47.10
2007.05.14 09:11:09.492,1.2195,1.2197,13.10,47.10
2007.05.14 09:11:09.568,1.2195,1.21965,13.10,0.80
2007.05.14 09:11:09.575,1.2195,1.21965,21.40,0.80
2007.05.14 09:11:09.612,1.2195,1.21965,17.40,0.80
2007.05.14 09:11:09.697,1.2195,1.21965,45.30,0.80
2007.05.14 09:11:09.971,1.2195,1.21965,46.10,0.80
2007.05.14 09:11:09.979,1.2195,1.2197,46.10,39.10
2007.05.14 09:11:10.020,1.2195,1.2197,46.30,39.10
2007.05.14 09:11:10.282,1.2195,1.2197,48.70,39.10
2007.05.14 09:11:10.721,1.2195,1.2197,52.70,39.10
2007.05.14 09:11:11.144,1.2196,1.2197,0.80,38.30
2007.05.14 09:11:11.598,1.2196,1.2197,0.80,42.30
2007.05.14 09:11:11.860,1.2195,1.2197,52.30,43.10
2007.05.14 09:11:12.009,1.2195,1.2197,52.10,43.10
2007.05.14 09:11:12.085,1.2195,1.2197,51.90,43.10
2007.05.14 09:11:12.166,1.2195,1.2197,48.70,43.10
2007.05.14 09:11:12.585,1.2195,1.2197,48.70,39.10
2007.05.14 09:11:13.309,1.2195,1.2197,48.90,39.10
2007.05.14 09:11:13.592,1.2195,1.2197,52.90,39.10
2007.05.14 09:11:13.928,1.2195,1.21965,52.90,0.80
2007.05.14 09:11:14.203,1.2195,1.2197,52.90,39.10
2007.05.14 09:11:14.336,1.2195,1.2197,52.90,39.90
2007.05.14 09:11:14.647,1.2195,1.2197,48.40,39.90
2007.05.14 09:11:14.742,1.2195,1.2197,35.60,47.90
2007.05.14 09:11:14.802,1.2195,1.2196,34.80,0.80
2007.05.14 09:11:14.847,1.2195,1.2196,34.30,0.80
2007.05.14 09:11:14.990,1.2195,1.2196,30.30,0.80
2007.05.14 09:11:15.253,1.2195,1.2196,34.30,0.80
2007.05.14 09:11:15.262,1.2195,1.2196,34.30,3.20
2007.05.14 09:11:15.377,1.2195,1.2196,34.80,3.20
2007.05.14 09:11:15.390,1.2195,1.2196,35.60,2.40
2007.05.14 09:11:15.470,1.2195,1.2196,36.00,2.40
2007.05.14 09:11:15.685,1.2195,1.2197,36.00,47.90
2007.05.14 09:11:15.713,1.2195,1.2197,44.20,47.90
2007.05.14 09:11:15.727,1.2196,1.2197,0.80,39.10
2007.05.14 09:11:16.423,1.2196,1.2197,0.80,38.30
2007.05.14 09:11:16.455,1.2196,1.2197,0.80,0.80
2007.05.14 09:11:18.767,1.2196,1.21975,0.80,48.70
2007.05.14 09:11:23.382,1.2196,1.2197,0.80,42.30
2007.05.14 09:11:26.812,1.2196,1.2197,0.80,0.70
2007.05.14 09:11:37.212,1.2195,1.2196,57.40,0.60
2007.05.14 09:11:39.837,1.2195,1.2196,54.00,0.60
2007.05.14 09:11:39.908,1.2195,1.2197,50.00,43.10
2007.05.14 09:11:40.236,1.2195,1.2196,33.10,0.80
2007.05.14 09:11:40.356,1.2195,1.2196,32.70,0.70
2007.05.14 09:11:40.407,1.2195,1.2196,31.90,0.80
2007.05.14 09:11:40.558,1.2195,1.21965,30.30,6.40
2007.05.14 09:11:40.769,1.2195,1.21965,30.30,8.80
2007.05.14 09:11:42.098,1.2195,1.2196,30.30,0.50
2007.05.14 09:11:44.692,1.2195,1.2196,34.30,3.20
2007.05.14 09:11:44.741,1.2195,1.2196,35.10,2.40
2007.05.14 09:11:44.776,1.2195,1.21965,35.10,1.60
2007.05.14 09:11:44.804,1.2195,1.2196,39.90,3.20
2007.05.14 09:11:44.908,1.2195,1.2196,48.40,3.20
2007.05.14 09:11:45.306,1.2195,1.2196,48.70,3.20
2007.05.14 09:11:45.649,1.2195,1.2196,48.40,3.20
2007.05.14 09:11:48.323,1.2195,1.2196,52.40,3.20
2007.05.14 09:11:51.892,1.21945,1.2195,10.40,4.00
2007.05.14 09:11:58.105,1.2195,1.2196,48.40,3.20
2007.05.14 09:12:05.239,1.2195,1.2196,48.70,3.20
2007.05.14 09:12:05.546,1.2195,1.2196,48.40,3.20
2007.05.14 09:12:07.606,1.2195,1.2196,52.40,3.20
2007.05.14 09:12:20.682,1.2195,1.2196,51.60,3.20
2007.05.14 09:12:20.789,1.2195,1.2197,34.80,47.90
2007.05.14 09:12:20.874,1.2195,1.2197,34.30,47.90
2007.05.14 09:12:20.911,1.2195,1.21965,34.30,1.60
2007.05.14 09:12:20.918,1.2195,1.2196,34.30,0.80
2007.05.14 09:12:21.312,1.2195,1.2196,34.30,3.20
2007.05.14 09:12:21.384,1.2195,1.2196,30.30,7.20
2007.05.14 09:12:22.454,1.2195,1.2196,30.30,3.20
2007.05.14 09:12:23.087,1.2195,1.2196,34.30,3.20
2007.05.14 09:12:24.804,1.2195,1.2196,30.30,3.20
2007.05.14 09:12:25.691,1.2195,1.2196,30.30,7.20
2007.05.14 09:12:29.659,1.21945,1.2195,4.00,4.00
2007.05.14 09:12:30.594,1.2195,1.2196,30.30,3.20
2007.05.14 09:12:55.432,1.2195,1.2196,31.10,0.50
2007.05.14 09:12:58.533,1.2195,1.2196,0.80,0.60
2007.05.14 09:12:58.798,1.2195,1.2196,0.90,0.90
2007.05.14 09:12:59.420,1.21945,1.2197,42.00,54.30
2007.05.14 09:13:00.239,1.2195,1.2196,0.90,0.80
2007.05.14 09:13:00.275,1.21945,1.21975,52.40,51.90
2007.05.14 09:13:00.335,1.2195,1.21975,43.60,50.30
2007.05.14 09:13:00.344,1.2196,1.2197,0.80,0.90
2007.05.14 09:13:01.497,1.2196,1.2197,0.80,0.50
2007.05.14 09:13:01.659,1.2196,1.2197,0.80,0.60
2007.05.14 09:13:01.777,1.2195,1.2196,47.60,0.50
2007.05.14 09:13:01.909,1.2195,1.21965,47.60,4.80
2007.05.14 09:13:02.138,1.2195,1.2196,0.70,0.90
2007.05.14 09:13:02.181,1.21945,1.2197,48.70,40.00
2007.05.14 09:13:02.428,1.2195,1.2196,0.80,0.90
2007.05.14 09:13:04.095,1.2195,1.2196,1.90,7.20
2007.05.14 09:13:04.335,1.2195,1.2196,4.20,6.40
2007.05.14 09:13:04.537,1.2195,1.2196,7.50,6.40
2007.05.14 09:13:04.951,1.21945,1.2196,48.70,6.40
2007.05.14 09:13:05.813,1.2195,1.2196,21.90,6.40
2007.05.14 09:13:06.243,1.21945,1.2196,53.20,6.40
2007.05.14 09:13:06.563,1.2195,1.2196,3.10,6.40
2007.05.14 09:13:07.394,1.21945,1.2196,44.70,6.40
2007.05.14 09:13:08.235,1.21945,1.2196,40.70,6.40
2007.05.14 09:13:08.756,1.21945,1.2196,36.70,6.40
2007.05.14 09:13:09.275,1.21945,1.2196,31.10,6.40
2007.05.14 09:13:09.294,1.21945,1.2196,11.20,26.30
2007.05.14 09:13:09.377,1.21945,1.2196,10.40,27.10
2007.05.14 09:13:09.606,1.21945,1.2196,14.40,27.10
2007.05.14 09:13:10.611,1.21945,1.2196,10.40,31.10
2007.05.14 09:13:11.491,1.21945,1.2196,10.40,27.10
2007.05.14 09:13:12.712,1.21945,1.2196,14.40,27.10
2007.05.14 09:13:14.106,1.2195,1.2196,2.00,27.10
2007.05.14 09:13:15.685,1.21945,1.2196,8.00,27.90
2007.05.14 09:13:20.604,1.2195,1.2196,1.10,27.90
2007.05.14 09:13:20.611,1.2194,1.2196,40.00,31.90
2007.05.14 09:13:20.633,1.2195,1.2196,1.60,31.10
2007.05.14 09:13:20.673,1.2194,1.2196,40.00,28.70
2007.05.14 09:13:20.688,1.2195,1.2196,2.10,8.00
2007.05.14 09:13:20.795,1.2194,1.2196,50.70,8.00
2007.05.14 09:13:20.888,1.2195,1.2196,3.20,8.00
2007.05.14 09:13:21.322,1.2195,1.2196,2.80,4.00
2007.05.14 09:13:22.878,1.2194,1.2196,57.50,4.00
2007.05.14 09:13:22.986,1.2195,1.2196,1.40,4.00
2007.05.14 09:13:23.070,1.2195,1.2196,2.60,4.00
2007.05.14 09:13:24.114,1.21945,1.2196,14.90,4.00
2007.05.14 09:13:24.187,1.21945,1.2196,42.80,4.00
2007.05.14 09:13:24.226,1.21945,1.2196,47.60,4.00
2007.05.14 09:13:24.281,1.2195,1.2197,4.90,41.50
2007.05.14 09:13:24.388,1.2195,1.2197,14.10,37.50
2007.05.14 09:13:24.450,1.21945,1.2197,57.20,35.10
2007.05.14 09:13:24.756,1.21945,1.2197,59.60,35.10
2007.05.14 09:13:25.285,1.21945,1.2197,58.00,35.10
2007.05.14 09:13:25.423,1.21945,1.2197,58.30,35.10
2007.05.14 09:13:25.687,1.21945,1.2197,55.90,35.10
2007.05.14 09:13:25.753,1.21945,1.2197,51.10,35.10
2007.05.14 09:13:25.755,1.21945,1.2197,47.10,39.10
2007.05.14 09:13:25.862,1.2195,1.2197,8.40,35.10
2007.05.14 09:13:25.969,1.2195,1.2197,3.40,37.50
2007.05.14 09:13:25.971,1.21945,1.2196,21.60,4.00
2007.05.14 09:13:26.261,1.2195,1.2197,40.70,41.50
2007.05.14 09:13:26.279,1.2195,1.2197,41.50,41.50
2007.05.14 09:13:26.301,1.2195,1.2197,43.10,41.50
2007.05.14 09:13:26.384,1.2195,1.2197,43.10,39.10
2007.05.14 09:13:26.394,1.2195,1.2197,39.10,43.10
2007.05.14 09:13:26.580,1.2195,1.2197,47.10,39.10
2007.05.14 09:13:26.806,1.2195,1.2197,49.50,39.10
2007.05.14 09:13:27.327,1.2195,1.2197,53.50,39.10
2007.05.14 09:13:27.379,1.2195,1.2197,53.50,35.10
2007.05.14 09:13:27.434,1.2195,1.2197,57.50,39.10
2007.05.14 09:13:27.531,1.2195,1.2197,58.40,39.10
2007.05.14 09:13:27.602,1.2195,1.2197,58.60,39.10
2007.05.14 09:13:27.734,1.2195,1.2197,58.60,31.10
2007.05.14 09:13:27.759,1.2196,1.2197,4.00,28.70
2007.05.14 09:13:27.815,1.2196,1.2197,4.00,25.50
2007.05.14 09:13:27.908,1.2196,1.2197,4.00,24.70
2007.05.14 09:13:27.964,1.2196,1.2197,7.20,0.80
2007.05.14 09:13:29.964,1.2196,1.2197,8.80,0.80
2007.05.14 09:13:30.046,1.2196,1.2197,8.80,4.80
2007.05.14 09:13:30.768,1.2196,1.2197,17.60,4.00
2007.05.14 09:13:30.837,1.2196,1.2197,37.50,4.00
2007.05.14 09:13:30.883,1.2196,1.2197,38.30,4.00
2007.05.14 09:13:30.923,1.2196,1.2197,39.10,4.00
2007.05.14 09:13:31.053,1.2196,1.2197,39.10,0.50
2007.05.14 09:13:31.123,1.2196,1.2197,47.10,4.00
2007.05.14 09:13:31.255,1.2196,1.2197,49.50,4.00
2007.05.14 09:13:31.534,1.2196,1.2198,49.50,37.00
2007.05.14 09:13:31.642,1.2196,1.2198,49.50,36.70
2007.05.14 09:13:31.711,1.2196,1.21975,49.50,0.80
2007.05.14 09:13:32.783,1.2196,1.2198,49.50,41.40
2007.05.14 09:13:32.785,1.2196,1.2198,46.30,39.10
2007.05.14 09:13:32.869,1.2196,1.2198,46.30,41.40
2007.05.14 09:13:32.926,1.2196,1.2198,46.30,39.90
2007.05.14 09:13:33.020,1.2196,1.21975,46.30,0.80
2007.05.14 09:13:33.239,1.2196,1.2197,40.70,0.80
2007.05.14 09:13:33.301,1.2196,1.2197,39.90,1.60
2007.05.14 09:13:33.337,1.2196,1.2197,39.90,5.60
2007.05.14 09:13:33.404,1.2196,1.2197,39.10,5.60
2007.05.14 09:13:33.583,1.2196,1.2197,37.50,5.60
2007.05.14 09:13:33.729,1.2196,1.2197,31.10,8.00
2007.05.14 09:13:33.752,1.2196,1.2197,8.00,31.10
2007.05.14 09:13:34.146,1.2196,1.2197,8.00,23.10
2007.05.14 09:13:34.242,1.2196,1.2197,8.00,8.00
2007.05.14 09:13:34.281,1.2196,1.2197,8.00,7.20
2007.05.14 09:13:34.448,1.2196,1.2197,8.00,3.20
2007.05.14 09:13:34.669,1.2196,1.2197,12.00,3.20
2007.05.14 09:13:35.120,1.2196,1.2197,8.00,3.20
2007.05.14 09:13:35.707,1.2196,1.2197,12.00,0.80
2007.05.14 09:13:36.018,1.2196,1.2197,4.00,0.80
2007.05.14 09:13:36.334,1.2196,1.2197,4.00,8.00
2007.05.14 09:13:36.731,1.2196,1.2197,4.00,19.90
2007.05.14 09:13:36.840,1.21955,1.2197,1.60,19.90
2007.05.14 09:13:37.127,1.21955,1.2197,0.80,19.90
2007.05.14 09:13:37.638,1.21955,1.2197,0.80,15.90
2007.05.14 09:13:37.768,1.2196,1.2197,4.00,15.90
2007.05.14 09:13:37.799,1.2196,1.2197,4.00,4.00
2007.05.14 09:13:37.868,1.2196,1.2197,7.20,0.80
2007.05.14 09:13:38.318,1.2196,1.2197,4.00,0.80
2007.05.14 09:13:38.479,1.2196,1.2197,4.80,0.80
2007.05.14 09:13:38.730,1.2196,1.2197,16.00,0.80
2007.05.14 09:13:38.829,1.2196,1.21975,36.70,0.80
2007.05.14 09:13:38.910,1.2196,1.21975,37.50,0.80
2007.05.14 09:13:38.964,1.2196,1.21975,38.30,0.80
2007.05.14 09:13:39.173,1.2196,1.21975,40.70,0.80
2007.05.14 09:13:40.269,1.2196,1.2198,40.70,45.40
2007.05.14 09:13:40.294,1.2196,1.2198,44.70,43.40
2007.05.14 09:13:40.396,1.2196,1.2198,44.70,44.20
2007.05.14 09:13:40.478,1.2196,1.2198,44.70,43.90
2007.05.14 09:13:40.510,1.2196,1.2198,44.70,45.50
2007.05.14 09:13:40.574,1.2196,1.2198,44.70,45.80
2007.05.14 09:13:40.798,1.2196,1.2198,44.70,44.70
2007.05.14 09:13:40.886,1.2196,1.2198,44.70,40.70
2007.05.14 09:13:40.938,1.2196,1.2198,45.50,40.70
2007.05.14 09:13:40.997,1.2196,1.2198,45.50,43.00
2007.05.14 09:13:41.019,1.2196,1.21975,45.50,0.80
2007.05.14 09:13:41.305,1.2196,1.2198,45.50,41.50
2007.05.14 09:13:41.458,1.2196,1.2198,45.50,41.80
2007.05.14 09:13:41.561,1.2196,1.2198,45.50,41.00
2007.05.14 09:13:41.832,1.2196,1.2198,45.50,41.80
2007.05.14 09:13:41.941,1.2196,1.2198,53.50,41.80
2007.05.14 09:13:42.144,1.2196,1.2198,53.50,45.80
2007.05.14 09:13:42.640,1.2196,1.2198,53.50,41.80
2007.05.14 09:13:42.663,1.2196,1.2198,53.50,41.00
2007.05.14 09:13:43.343,1.2196,1.2198,53.50,39.40
2007.05.14 09:13:43.394,1.2196,1.2198,53.50,39.10
2007.05.14 09:13:43.689,1.2196,1.2198,57.50,39.10
2007.05.14 09:13:43.786,1.2196,1.2198,57.50,39.40
2007.05.14 09:13:43.828,1.2196,1.2198,57.50,41.00
2007.05.14 09:13:44.390,1.2196,1.2198,57.50,41.80
2007.05.14 09:13:44.593,1.2196,1.2198,57.50,44.20
2007.05.14 09:13:44.600,1.2196,1.2198,53.50,44.20
2007.05.14 09:13:44.607,1.2196,1.2198,51.10,44.20
2007.05.14 09:13:44.653,1.2196,1.2198,43.10,43.90
2007.05.14 09:13:44.737,1.2196,1.2197,36.70,2.40
2007.05.14 09:13:44.759,1.2196,1.2197,4.80,22.30
2007.05.14 09:13:44.841,1.2196,1.2197,4.80,26.30
2007.05.14 09:13:44.886,1.2196,1.2197,4.00,27.10
2007.05.14 09:13:45.157,1.2196,1.2197,4.00,19.10
2007.05.14 09:13:45.204,1.2196,1.2197,8.00,16.70
2007.05.14 09:13:45.262,1.2196,1.2197,8.00,4.80
2007.05.14 09:13:45.368,1.2196,1.2197,8.00,4.00
2007.05.14 09:13:45.370,1.2196,1.2198,8.00,56.20
2007.05.14 09:13:45.420,1.2196,1.2198,8.00,53.80
2007.05.14 09:13:45.501,1.2196,1.2198,10.40,53.80
2007.05.14 09:13:45.578,1.2196,1.2198,10.40,55.00
2007.05.14 09:13:45.641,1.2196,1.21975,10.40,0.80
2007.05.14 09:13:45.768,1.2196,1.21975,50.30,0.80
2007.05.14 09:13:45.878,1.2196,1.2198,51.10,39.90
2007.05.14 09:13:46.076,1.2196,1.2198,51.10,40.20
2007.05.14 09:13:46.184,1.2196,1.2198,51.10,40.60
2007.05.14 09:13:46.333,1.2196,1.2198,53.50,40.60
2007.05.14 09:13:46.382,1.2196,1.2198,53.50,40.20
2007.05.14 09:13:46.415,1.2196,1.2198,53.50,44.20
2007.05.14 09:13:46.586,1.2196,1.2198,53.50,45.40
2007.05.14 09:13:46.681,1.2196,1.21975,53.50,0.80
2007.05.14 09:13:46.900,1.2196,1.2197,53.50,4.00
2007.05.14 09:13:47.606,1.2196,1.2198,53.50,45.80
2007.05.14 09:13:49.117,1.2196,1.2198,57.50,41.80
2007.05.14 09:13:49.786,1.2196,1.2198,57.50,41.00
2007.05.14 09:13:49.990,1.2196,1.2198,57.50,40.70
2007.05.14 09:13:50.096,1.2196,1.2198,57.50,41.00
2007.05.14 09:13:50.200,1.2196,1.2198,57.50,40.70
2007.05.14 09:13:50.233,1.2196,1.2198,57.50,39.10
2007.05.14 09:13:50.305,1.2196,1.2198,57.50,39.40
2007.05.14 09:13:50.502,1.2196,1.2198,57.50,40.20
2007.05.14 09:13:50.506,1.2196,1.2198,57.50,39.90
2007.05.14 09:13:50.784,1.2196,1.2198,57.50,39.10
2007.05.14 09:13:50.876,1.2196,1.2198,57.50,39.40
2007.05.14 09:13:50.934,1.2196,1.2198,56.70,39.40
2007.05.14 09:13:50.990,1.2196,1.2198,56.70,39.10
2007.05.14 09:13:51.027,1.2196,1.2198,56.70,39.90
2007.05.14 09:13:51.059,1.2196,1.2198,56.70,40.20
2007.05.14 09:13:51.175,1.2196,1.2198,56.70,39.90
2007.05.14 09:13:51.305,1.2196,1.2198,56.70,40.20
2007.05.14 09:13:51.316,1.2196,1.2198,56.70,41.00
2007.05.14 09:13:51.498,1.2196,1.2198,56.70,40.70
2007.05.14 09:13:51.568,1.2196,1.2198,56.70,39.10
2007.05.14 09:13:51.684,1.2196,1.2198,56.70,39.40
2007.05.14 09:13:51.729,1.2196,1.2198,55.90,39.40
2007.05.14 09:13:51.791,1.2196,1.2198,55.90,39.10
2007.05.14 09:13:51.887,1.2196,1.2198,55.90,39.40
2007.05.14 09:13:52.007,1.2196,1.2198,47.90,39.40
2007.05.14 09:13:52.071,1.2196,1.2198,47.90,41.00
2007.05.14 09:13:52.092,1.2196,1.2198,47.90,40.70
2007.05.14 09:13:52.196,1.2196,1.2198,47.90,41.00
2007.05.14 09:13:52.290,1.2196,1.2198,47.90,40.70
2007.05.14 09:13:52.316,1.2196,1.2198,47.90,39.10
2007.05.14 09:13:52.386,1.2196,1.2198,47.90,39.40
2007.05.14 09:13:52.590,1.2196,1.2198,47.90,40.20
2007.05.14 09:13:52.609,1.2196,1.2198,47.90,39.90
2007.05.14 09:13:52.738,1.2196,1.2198,55.90,39.90
2007.05.14 09:13:52.863,1.2196,1.2198,55.90,39.10
2007.05.14 09:13:52.932,1.2196,1.2198,55.90,39.40
2007.05.14 09:13:53.012,1.2196,1.2198,55.90,39.10
2007.05.14 09:13:53.131,1.2196,1.2198,55.90,39.40
2007.05.14 09:13:53.225,1.2196,1.2198,55.90,39.10
2007.05.14 09:13:53.419,1.2196,1.2198,55.90,39.40
2007.05.14 09:13:53.627,1.2196,1.2198,55.90,40.20
2007.05.14 09:13:53.642,1.2196,1.2198,55.90,39.90
2007.05.14 09:13:53.808,1.2196,1.2198,55.90,40.20
2007.05.14 09:13:53.870,1.2196,1.2198,55.90,39.40
2007.05.14 09:13:56.113,1.2196,1.2198,51.90,41.00
2007.05.14 09:13:56.205,1.2196,1.2198,51.90,40.70
2007.05.14 09:13:56.231,1.2196,1.2198,51.90,39.10
2007.05.14 09:13:56.406,1.2196,1.2198,51.90,39.40
2007.05.14 09:13:56.479,1.2196,1.2198,51.90,41.00
2007.05.14 09:13:56.523,1.2196,1.2198,51.90,40.70
2007.05.14 09:13:56.620,1.2196,1.2198,51.90,41.00
2007.05.14 09:13:56.726,1.2196,1.2198,51.90,40.70
2007.05.14 09:13:56.892,1.2196,1.2198,51.90,41.00
2007.05.14 09:13:56.982,1.2196,1.2198,51.90,39.40
2007.05.14 09:13:57.162,1.2196,1.2198,51.90,39.10
2007.05.14 09:13:57.296,1.2196,1.2198,48.70,39.40
2007.05.14 09:13:57.503,1.2196,1.2198,48.70,41.40
2007.05.14 09:13:57.513,1.2196,1.21975,48.70,0.80
2007.05.14 09:13:57.774,1.2196,1.21975,51.90,0.80
2007.05.14 09:13:58.043,1.2196,1.2198,51.90,41.40
2007.05.14 09:13:58.099,1.2196,1.2198,51.90,42.20
2007.05.14 09:13:58.231,1.2196,1.2198,51.90,40.70
2007.05.14 09:13:58.316,1.2196,1.2198,51.90,39.90
2007.05.14 09:13:58.805,1.2196,1.2198,47.90,39.90
2007.05.14 09:13:59.179,1.2196,1.2198,47.90,0.90
2007.05.14 09:13:59.202,1.2196,1.21985,47.90,54.30
2007.05.14 09:14:00.639,1.2196,1.2198,47.90,39.90
2007.05.14 09:14:07.494,1.2196,1.2198,48.70,39.90
2007.05.14 09:14:08.292,1.2196,1.2198,48.70,39.10
2007.05.14 09:14:08.385,1.2196,1.2198,47.90,39.10
2007.05.14 09:14:11.349,1.2196,1.21975,47.90,4.00
2007.05.14 09:14:11.428,1.2196,1.2197,39.90,8.80
2007.05.14 09:14:11.453,1.2196,1.2197,41.50,8.80
2007.05.14 09:14:11.592,1.2196,1.2197,49.50,0.80
2007.05.14 09:14:11.707,1.2196,1.2197,41.50,8.80
2007.05.14 09:14:11.757,1.2196,1.2197,39.90,8.80
2007.05.14 09:14:11.853,1.2196,1.2197,39.10,8.80
2007.05.14 09:14:12.037,1.2196,1.2197,47.10,0.80
2007.05.14 09:14:12.476,1.2196,1.2198,47.10,35.90
2007.05.14 09:14:12.533,1.2196,1.2198,47.10,35.10
2007.05.14 09:14:12.555,1.2196,1.2198,49.50,35.10
2007.05.14 09:14:12.885,1.2196,1.2198,48.70,35.10
2007.05.14 09:14:14.761,1.2196,1.2198,48.70,39.10
2007.05.14 09:14:15.213,1.2196,1.2198,48.70,35.10
2007.05.14 09:14:15.247,1.2196,1.2197,48.70,4.00
2007.05.14 09:14:17.234,1.2196,1.2197,52.70,4.00
2007.05.14 09:14:17.512,1.2196,1.2197,53.50,4.00
2007.05.14 09:14:17.596,1.2196,1.2197,54.30,4.00
2007.05.14 09:14:17.608,1.2196,1.2197,57.60,4.00
2007.05.14 09:14:17.704,1.2196,1.2197,57.70,4.00
2007.05.14 09:14:17.711,1.2197,1.2198,4.00,16.80
2007.05.14 09:14:18.376,1.2197,1.2198,5.60,8.00
2007.05.14 09:14:18.777,1.2197,1.2198,34.30,3.20
2007.05.14 09:14:18.813,1.2197,1.2198,35.10,3.20
2007.05.14 09:14:18.964,1.2197,1.2198,43.10,3.20
2007.05.14 09:14:19.160,1.2197,1.2198,35.10,3.20
2007.05.14 09:14:19.329,1.2197,1.2198,34.30,3.20
2007.05.14 09:14:19.340,1.2197,1.2198,33.50,3.20
2007.05.14 09:14:19.385,1.2197,1.2198,5.60,3.20
2007.05.14 09:14:19.689,1.2197,1.2198,4.80,27.90
2007.05.14 09:14:20.020,1.21965,1.2197,1.60,4.00
2007.05.14 09:14:20.653,1.21965,1.2198,1.60,31.10
2007.05.14 09:14:21.009,1.21965,1.2198,0.80,31.10
2007.05.14 09:14:23.104,1.21965,1.2198,0.80,35.10
2007.05.14 09:14:23.707,1.21965,1.2198,0.80,31.10
2007.05.14 09:14:40.699,1.21965,1.2198,0.80,35.10
2007.05.14 09:14:41.209,1.21965,1.2198,0.80,39.10
2007.05.14 09:14:42.600,1.21965,1.2198,0.80,43.10
2007.05.14 09:14:44.537,1.21965,1.2198,0.80,39.10
2007.05.14 09:14:49.805,1.21965,1.2198,0.80,35.10
2007.05.14 09:14:53.978,1.21965,1.2198,0.80,39.10
2007.05.14 09:14:54.147,1.21965,1.2198,0.80,43.10
2007.05.14 09:14:54.209,1.21965,1.2197,0.80,0.80
2007.05.14 09:14:54.306,1.21965,1.2197,0.80,4.80
2007.05.14 09:14:54.321,1.2196,1.2197,32.70,4.80
2007.05.14 09:14:54.706,1.2196,1.2197,41.50,4.00
2007.05.14 09:14:54.826,1.2196,1.2198,49.50,45.50
2007.05.14 09:14:54.864,1.2196,1.2198,49.50,43.10
2007.05.14 09:14:54.943,1.2196,1.2198,49.50,39.10
2007.05.14 09:14:55.231,1.2196,1.2198,53.50,43.10
2007.05.14 09:14:56.095,1.2196,1.2198,53.50,39.10
2007.05.14 09:14:56.181,1.2196,1.2198,53.50,31.10
2007.05.14 09:14:59.624,1.2196,1.2198,57.50,31.10
2007.05.14 09:15:00.640,1.2196,1.2198,53.50,35.10
2007.05.14 09:15:05.554,1.2197,1.2198,0.80,34.30
2007.05.14 09:15:06.868,1.2197,1.2198,0.80,30.30
2007.05.14 09:15:06.880,1.2197,1.21985,0.80,32.70
2007.05.14 09:15:08.418,1.2197,1.2198,0.80,0.90
2007.05.14 09:15:18.250,1.2197,1.2198,4.80,0.50
2007.05.14 09:15:18.298,1.2197,1.21985,24.70,16.80
2007.05.14 09:15:18.394,1.2197,1.2198,24.70,0.90
2007.05.14 09:15:18.763,1.2197,1.21985,27.10,12.80
2007.05.14 09:15:19.871,1.2197,1.21985,27.10,8.80
2007.05.14 09:15:22.689,1.2197,1.21985,20.70,8.80
2007.05.14 09:15:22.698,1.21965,1.21985,2.40,29.50
2007.05.14 09:15:22.766,1.21965,1.21985,2.40,41.50
2007.05.14 09:15:22.967,1.21965,1.21985,0.80,45.50
2007.05.14 09:15:23.517,1.2196,1.21985,51.10,45.50
2007.05.14 09:15:23.941,1.2196,1.2198,51.90,0.50
2007.05.14 09:15:24.950,1.2196,1.2198,52.70,0.60
2007.05.14 09:15:25.895,1.2196,1.21985,52.70,49.50
2007.05.14 09:15:30.358,1.2196,1.21985,51.90,49.50
2007.05.14 09:15:31.875,1.2196,1.21985,51.90,45.50
2007.05.14 09:15:36.934,1.2196,1.21985,51.90,84.60
2007.05.14 09:15:37.350,1.2196,1.2198,51.10,0.60
2007.05.14 09:15:54.372,1.2196,1.2198,51.90,0.60
2007.05.14 09:15:54.509,1.2196,1.21985,51.90,49.50
2007.05.14 09:15:56.502,1.2196,1.21985,48.70,49.50
2007.05.14 09:15:57.510,1.2196,1.21985,51.90,49.50
2007.05.14 09:15:57.562,1.2196,1.21985,51.90,45.50
2007.05.14 09:16:02.110,1.2196,1.21985,51.90,49.50
2007.05.14 09:16:06.588,1.2196,1.2198,51.90,39.10
2007.05.14 09:16:12.058,1.2196,1.2198,51.90,39.10
2007.05.14 09:16:26.449,1.2196,1.2198,51.90,43.10
2007.05.14 09:16:27.131,1.2196,1.21985,51.90,49.50
2007.05.14 09:16:27.489,1.2196,1.2198,51.90,47.10
2007.05.14 09:16:27.526,1.2196,1.21975,51.10,0.70
2007.05.14 09:16:27.634,1.2196,1.2198,51.90,47.10
2007.05.14 09:16:27.747,1.2196,1.21985,51.10,49.50
2007.05.14 09:16:27.760,1.2196,1.2198,31.90,43.10
2007.05.14 09:16:27.763,1.2196,1.2197,29.50,0.80
2007.05.14 09:16:27.841,1.2196,1.2197,17.60,0.50
2007.05.14 09:16:27.853,1.2196,1.2198,16.80,53.50
2007.05.14 09:16:28.042,1.2196,1.2198,8.80,53.50
2007.05.14 09:16:28.128,1.2196,1.2198,9.60,53.50
2007.05.14 09:16:28.152,1.2196,1.2198,17.60,47.90
2007.05.14 09:16:28.255,1.2196,1.2198,18.40,51.90
2007.05.14 09:16:28.263,1.2196,1.2197,26.30,0.50
2007.05.14 09:16:28.446,1.2196,1.2197,27.10,0.80
2007.05.14 09:16:28.763,1.2196,1.2198,29.50,54.30
2007.05.14 09:16:29.020,1.2196,1.2197,37.50,0.80
2007.05.14 09:16:29.219,1.2196,1.2198,52.70,48.70
2007.05.14 09:16:29.315,1.2196,1.2197,52.70,0.70
2007.05.14 09:16:29.371,1.2196,1.21985,52.70,51.90
2007.05.14 09:16:29.477,1.2196,1.2198,52.70,0.80
2007.05.14 09:16:29.667,1.2196,1.2198,51.90,0.50
2007.05.14 09:16:29.870,1.2196,1.21985,51.10,49.50
2007.05.14 09:16:30.039,1.2196,1.21985,43.10,49.50
2007.05.14 09:16:30.187,1.2196,1.2198,40.70,0.50
2007.05.14 09:16:30.236,1.2196,1.2198,9.60,0.80
2007.05.14 09:16:30.295,1.2196,1.2198,8.80,0.90
2007.05.14 09:16:31.574,1.2196,1.21985,8.80,53.50
2007.05.14 09:16:31.861,1.2196,1.21985,8.80,57.50
2007.05.14 09:16:32.620,1.2196,1.21985,12.80,53.50
2007.05.14 09:16:33.323,1.2196,1.2198,16.00,0.80
2007.05.14 09:16:33.670,1.2196,1.21985,12.00,53.50
2007.05.14 09:16:36.034,1.2196,1.2198,0.80,0.60
2007.05.14 09:16:36.659,1.2196,1.2198,0.50,0.90
2007.05.14 09:16:36.766,1.21955,1.21985,44.70,45.50
2007.05.14 09:16:36.861,1.21955,1.21985,52.70,37.50
2007.05.14 09:16:36.924,1.21955,1.21985,56.70,45.50
2007.05.14 09:16:37.179,1.21955,1.21985,60.70,45.50
2007.05.14 09:16:37.624,1.2196,1.2198,0.80,0.50
2007.05.14 09:16:37.651,1.21955,1.21985,52.70,49.50
2007.05.14 09:16:37.679,1.2196,1.2198,0.60,0.80
2007.05.14 09:16:37.715,1.21955,1.21985,43.90,49.50
2007.05.14 09:16:37.774,1.21955,1.21985,16.00,57.50
2007.05.14 09:16:39.867,1.2196,1.21985,12.00,53.50
2007.05.14 09:16:40.928,1.2196,1.21985,12.00,57.50
2007.05.14 09:16:43.080,1.2196,1.21985,12.00,53.50
2007.05.14 09:16:45.389,1.2196,1.21985,12.00,57.50
2007.05.14 09:16:46.250,1.2196,1.2198,47.90,0.80
2007.05.14 09:16:46.352,1.2196,1.2198,48.70,0.90
2007.05.14 09:16:46.740,1.2196,1.21985,51.10,49.50
2007.05.14 09:16:47.060,1.2196,1.21985,39.10,49.50
2007.05.14 09:16:47.164,1.2196,1.21985,31.10,45.50
2007.05.14 09:16:47.347,1.2196,1.21985,11.20,61.50
2007.05.14 09:16:47.410,1.2196,1.2198,10.40,0.60
2007.05.14 09:16:47.433,1.2196,1.2198,8.00,0.60
2007.05.14 09:16:48.827,1.2196,1.21985,8.00,61.50
2007.05.14 09:16:49.327,1.2196,1.21985,16.00,57.50
2007.05.14 09:16:49.625,1.2196,1.21985,24.00,57.50
2007.05.14 09:16:49.720,1.2196,1.21985,24.80,53.50
2007.05.14 09:16:49.735,1.2196,1.2198,44.70,0.70
2007.05.14 09:16:50.210,1.2196,1.21985,45.50,49.50
2007.05.14 09:16:50.249,1.2196,1.21985,47.10,45.50
2007.05.14 09:16:50.515,1.2196,1.21985,51.10,45.50
2007.05.14 09:16:50.520,1.2196,1.21985,54.30,45.50
2007.05.14 09:16:50.808,1.2196,1.21985,58.30,41.50
2007.05.14 09:16:50.925,1.2197,1.2198,0.80,0.80
2007.05.14 09:16:51.138,1.2197,1.2198,0.80,0.90
2007.05.14 09:16:51.234,1.2197,1.2198,7.20,0.70
2007.05.14 09:16:51.259,1.2197,1.21985,39.10,10.40
2007.05.14 09:16:51.303,1.2197,1.21985,39.90,8.80
2007.05.14 09:16:51.335,1.2197,1.21985,47.90,4.80
2007.05.14 09:16:51.738,1.2197,1.2199,31.10,46.20
2007.05.14 09:16:51.772,1.2197,1.2198,31.10,0.80
2007.05.14 09:16:51.811,1.2197,1.2199,30.30,53.40
2007.05.14 09:16:52.268,1.2197,1.21985,30.30,12.80
2007.05.14 09:16:52.591,1.2197,1.2198,30.30,0.90
2007.05.14 09:16:54.219,1.2197,1.21985,34.30,9.60
2007.05.14 09:16:54.321,1.2197,1.2198,31.10,0.60
2007.05.14 09:16:55.884,1.2197,1.2198,27.10,10.40
2007.05.14 09:17:06.668,1.2197,1.2198,27.10,14.40
2007.05.14 09:17:08.156,1.2197,1.2198,27.10,10.40
2007.05.14 09:17:09.094,1.2197,1.2198,30.30,10.40
2007.05.14 09:17:10.217,1.2197,1.2198,20.70,10.40
2007.05.14 09:17:10.221,1.2197,1.2198,0.80,30.30
2007.05.14 09:17:10.314,1.2197,1.2198,0.80,38.30
2007.05.14 09:17:10.720,1.2197,1.2198,0.80,30.30
2007.05.14 09:17:11.209,1.2197,1.2198,8.00,30.30
2007.05.14 09:17:11.226,1.2197,1.2198,27.90,10.40
2007.05.14 09:17:11.713,1.2197,1.2198,20.70,10.40
2007.05.14 09:17:11.919,1.2197,1.2198,0.80,30.30
2007.05.14 09:17:11.989,1.2197,1.2198,0.80,26.30
2007.05.14 09:17:12.164,1.2197,1.2198,0.80,30.30
2007.05.14 09:17:12.634,1.21965,1.2198,2.40,30.30
2007.05.14 09:17:26.935,1.21965,1.2198,1.60,38.30
2007.05.14 09:17:27.447,1.21965,1.2198,1.60,36.30
2007.05.14 09:17:27.983,1.2197,1.2198,0.80,28.30
2007.05.14 09:17:28.743,1.21965,1.2198,1.60,32.30
2007.05.14 09:17:29.097,1.21965,1.2198,1.60,28.30
2007.05.14 09:17:29.105,1.21965,1.2198,1.60,36.30
2007.05.14 09:17:29.424,1.21965,1.2198,1.60,34.30
2007.05.14 09:17:29.480,1.21965,1.2198,1.60,38.30
2007.05.14 09:17:30.121,1.21965,1.2198,1.60,34.30
2007.05.14 09:17:30.608,1.21965,1.2198,1.60,38.30
2007.05.14 09:17:31.206,1.2196,1.2198,61.50,38.30
2007.05.14 09:17:33.612,1.21965,1.2198,0.80,34.30
2007.05.14 09:17:37.767,1.21965,1.2198,0.80,35.10
2007.05.14 09:17:46.368,1.21965,1.2197,0.80,4.00
2007.05.14 09:17:46.518,1.2196,1.2197,31.10,4.00
2007.05.14 09:17:46.817,1.2196,1.2197,31.10,6.40
2007.05.14 09:17:51.139,1.2196,1.2197,30.30,7.20
2007.05.14 09:17:51.412,1.2196,1.2197,30.30,0.60
2007.05.14 09:17:51.653,1.2196,1.2197,0.70,0.60
2007.05.14 09:17:57.447,1.2196,1.2197,7.20,6.40
2007.05.14 09:18:09.278,1.2196,1.2197,3.30,6.40
2007.05.14 09:18:15.614,1.21955,1.2197,39.90,6.40
2007.05.14 09:18:15.718,1.21955,1.2197,43.10,3.20
2007.05.14 09:18:16.015,1.21955,1.2197,79.80,3.20
2007.05.14 09:18:16.273,1.21955,1.2197,44.70,0.80
2007.05.14 09:18:16.396,1.21955,1.21975,49.50,1.60
2007.05.14 09:18:16.448,1.21955,1.2198,47.90,45.90
2007.05.14 09:18:16.546,1.2196,1.2198,12.60,45.50
2007.05.14 09:18:16.699,1.21955,1.2198,60.70,35.10
2007.05.14 09:18:16.942,1.21955,1.2198,62.30,35.10
2007.05.14 09:18:18.101,1.2196,1.2198,15.90,39.10
2007.05.14 09:18:18.218,1.21955,1.2197,58.30,3.20
2007.05.14 09:18:18.304,1.2196,1.2197,2.00,3.20
2007.05.14 09:18:20.602,1.21955,1.2197,54.30,3.20
2007.05.14 09:18:21.234,1.21955,1.2197,58.30,3.20
2007.05.14 09:18:21.424,1.21955,1.2197,66.30,3.20
2007.05.14 09:18:21.456,1.2196,1.2197,6.20,3.20
2007.05.14 09:18:21.515,1.2196,1.2197,21.80,3.20
2007.05.14 09:18:21.715,1.2196,1.2198,0.80,49.50
2007.05.14 09:18:21.728,1.21955,1.21975,47.10,1.60
2007.05.14 09:18:21.782,1.21955,1.2197,42.30,0.80
2007.05.14 09:18:21.810,1.2196,1.2197,13.40,4.80
2007.05.14 09:18:22.033,1.2196,1.2197,1.60,4.80
2007.05.14 09:18:22.329,1.21955,1.2197,42.30,7.20
2007.05.14 09:18:23.700,1.21955,1.2197,35.10,10.40
2007.05.14 09:18:29.193,1.21955,1.2197,35.10,18.40
2007.05.14 09:18:29.218,1.21955,1.2196,33.50,2.40
2007.05.14 09:18:29.326,1.21955,1.2196,23.10,2.40
2007.05.14 09:18:29.550,1.21955,1.2196,22.30,3.20
2007.05.14 09:18:30.039,1.2195,1.2196,51.80,3.20
2007.05.14 09:18:30.190,1.2194,1.2196,62.30,7.20
2007.05.14 09:18:30.664,1.2194,1.2196,58.30,7.20
2007.05.14 09:18:30.694,1.2194,1.2196,67.90,7.20
2007.05.14 09:18:30.815,1.2195,1.2196,11.40,6.40
2007.05.14 09:18:30.824,1.21945,1.2196,51.90,2.40
2007.05.14 09:18:31.274,1.2195,1.2197,9.20,40.70
2007.05.14 09:18:31.300,1.21945,1.2197,53.50,35.90
2007.05.14 09:18:31.330,1.21945,1.2197,53.50,35.10
2007.05.14 09:18:31.690,1.2195,1.2197,11.30,39.10
2007.05.14 09:18:31.734,1.21945,1.2196,53.50,3.20
2007.05.14 09:18:31.850,1.2195,1.2196,12.40,4.00
2007.05.14 09:18:32.031,1.2195,1.2196,12.40,4.00
2007.05.14 09:18:32.351,1.2194,1.2196,62.30,4.80
2007.05.14 09:18:32.545,1.2194,1.2196,62.30,7.10
2007.05.14 09:18:32.599,1.2194,1.2196,62.30,7.90
2007.05.14 09:18:32.780,1.2195,1.2196,3.40,10.30
2007.05.14 09:18:34.905,1.2194,1.2196,60.70,10.30
2007.05.14 09:18:36.079,1.2195,1.2196,8.40,10.40
2007.05.14 09:18:36.726,1.2194,1.2196,59.10,10.30
2007.05.14 09:18:40.073,1.2194,1.2196,64.70,7.20
2007.05.14 09:18:40.085,1.2194,1.2196,62.30,7.20
2007.05.14 09:18:40.233,1.2194,1.2196,62.30,7.60
2007.05.14 09:18:40.357,1.2195,1.2196,9.20,8.40
2007.05.14 09:18:40.436,1.2194,1.2196,62.30,10.30
2007.05.14 09:18:40.624,1.2194,1.2196,62.30,10.40
2007.05.14 09:18:41.762,1.2194,1.2196,59.90,10.30
2007.05.14 09:18:44.650,1.2195,1.2196,32.70,10.30
2007.05.14 09:18:45.083,1.2194,1.2196,63.90,10.30
2007.05.14 09:18:48.072,1.2195,1.2196,1.90,18.30
2007.05.14 09:18:48.155,1.2194,1.2196,63.80,22.30
2007.05.14 09:18:48.255,1.21945,1.2196,18.30,22.30
2007.05.14 09:18:48.280,1.21945,1.2196,6.40,34.20
2007.05.14 09:18:48.412,1.2195,1.2196,1.20,38.20
2007.05.14 09:18:49.869,1.2194,1.2196,52.70,38.20
2007.05.14 09:18:50.567,1.2194,1.2196,52.70,42.20
2007.05.14 09:18:52.672,1.21945,1.2196,0.80,42.50
2007.05.14 09:18:53.166,1.21945,1.2195,0.80,3.20
2007.05.14 09:18:53.405,1.2194,1.2195,40.70,4.00
2007.05.14 09:18:54.478,1.2194,1.2195,10.00,4.00
2007.05.14 09:18:54.767,1.2194,1.2195,15.50,4.00
2007.05.14 09:18:55.591,1.2194,1.2195,13.10,4.00
2007.05.14 09:18:55.664,1.21935,1.2195,41.50,4.00
2007.05.14 09:18:55.764,1.21935,1.2195,41.50,8.00
2007.05.14 09:18:55.903,1.21935,1.2195,38.30,8.00
2007.05.14 09:18:55.910,1.2193,1.2195,57.70,8.80
2007.05.14 09:18:55.948,1.2193,1.2195,57.70,8.80
2007.05.14 09:18:56.304,1.2194,1.2195,3.50,11.20
2007.05.14 09:18:59.704,1.21935,1.2195,29.50,10.40
2007.05.14 09:19:02.728,1.2194,1.2195,9.00,11.20
2007.05.14 09:19:04.310,1.21935,1.2195,28.70,15.20
2007.05.14 09:19:05.152,1.2194,1.2195,3.20,15.20
2007.05.14 09:19:05.227,1.21935,1.2195,0.50,35.10
2007.05.14 09:19:05.395,1.2193,1.2195,67.20,35.10
2007.05.14 09:19:05.649,1.2193,1.2195,53.00,43.10
2007.05.14 09:19:05.761,1.2193,1.2195,57.00,39.10
2007.05.14 09:19:06.621,1.21935,1.2195,0.80,31.10
2007.05.14 09:19:07.168,1.21935,1.21945,0.80,0.80
2007.05.14 09:19:07.781,1.21935,1.2194,0.80,2.40
2007.05.14 09:19:07.990,1.21925,1.2194,39.10,2.40
2007.05.14 09:19:08.145,1.21925,1.2194,35.10,2.40
2007.05.14 09:19:09.132,1.2193,1.2194,15.40,0.50
2007.05.14 09:19:09.946,1.21925,1.2194,35.10,0.80
2007.05.14 09:19:11.897,1.2193,1.2194,18.10,10.40
2007.05.14 09:19:11.958,1.2193,1.2194,8.90,3.20
2007.05.14 09:19:15.366,1.2193,1.2195,8.90,56.83
2007.05.14 09:19:22.764,1.2193,1.2195,37.50,48.83
2007.05.14 09:19:22.780,1.2193,1.2194,41.50,0.70
2007.05.14 09:19:23.185,1.2194,1.2195,0.80,47.93
2007.05.14 09:19:23.297,1.2194,1.21955,0.80,44.70
2007.05.14 09:19:23.324,1.2194,1.21955,0.80,43.10
2007.05.14 09:19:23.418,1.2194,1.21955,0.80,42.30
2007.05.14 09:19:23.707,1.2194,1.2195,0.80,0.50
2007.05.14 09:19:24.241,1.2194,1.21955,12.80,22.30
2007.05.14 09:19:24.282,1.2194,1.21955,16.80,22.30
2007.05.14 09:19:24.350,1.2194,1.2195,28.70,0.70
2007.05.14 09:19:24.782,1.2194,1.21955,31.10,6.40
2007.05.14 09:19:25.027,1.2194,1.21955,31.10,14.40
2007.05.14 09:19:25.130,1.2194,1.21955,27.10,18.40
2007.05.14 09:19:25.214,1.2194,1.2195,20.70,13.63
2007.05.14 09:19:25.250,1.21935,1.2195,6.40,42.33
2007.05.14 09:19:25.331,1.21935,1.2195,4.00,42.33
2007.05.14 09:19:25.372,1.21935,1.2195,4.00,47.10
2007.05.14 09:19:25.382,1.2193,1.2195,39.40,47.10
2007.05.14 09:19:25.539,1.2193,1.2194,39.10,0.70
2007.05.14 09:19:25.683,1.2193,1.2195,41.50,49.50
2007.05.14 09:19:25.759,1.2193,1.2194,41.50,0.70
2007.05.14 09:19:25.784,1.2194,1.2195,0.80,0.80
2007.05.14 09:19:25.812,1.2194,1.21955,0.80,43.10
2007.05.14 09:19:25.965,1.2194,1.2195,0.80,0.50
2007.05.14 09:19:26.181,1.2194,1.21955,24.70,11.20
2007.05.14 09:19:26.400,1.2194,1.21955,24.70,10.40
2007.05.14 09:19:26.428,1.2194,1.2195,28.70,0.80
2007.05.14 09:19:26.727,1.2194,1.21955,31.10,10.40
2007.05.14 09:19:38.414,1.2194,1.2195,31.10,0.70
2007.05.14 09:19:40.739,1.2194,1.21955,31.10,10.40
2007.05.14 09:19:42.421,1.2194,1.2195,31.10,0.80
2007.05.14 09:19:54.806,1.2194,1.21955,31.90,8.80
2007.05.14 09:19:55.304,1.2194,1.21955,35.10,5.60
2007.05.14 09:19:57.153,1.2194,1.2195,31.90,0.50
2007.05.14 09:20:00.987,1.2194,1.21955,31.10,10.40
2007.05.14 09:20:01.280,1.2194,1.2195,31.10,0.90
2007.05.14 09:20:01.395,1.2194,1.2195,34.30,0.50
2007.05.14 09:20:01.416,1.2194,1.21955,35.10,5.60
2007.05.14 09:20:02.730,1.2194,1.21955,31.90,8.80
2007.05.14 09:20:03.073,1.2194,1.2195,31.10,0.60
2007.05.14 09:20:05.048,1.2194,1.2195,35.10,0.80
2007.05.14 09:20:06.985,1.2194,1.2195,31.10,0.90
2007.05.14 09:20:07.020,1.2194,1.21955,35.10,10.40
2007.05.14 09:20:12.748,1.2194,1.2195,35.10,7.20
2007.05.14 09:20:13.005,1.2194,1.2195,35.90,7.20
2007.05.14 09:20:14.245,1.2194,1.2195,35.90,4.00
2007.05.14 09:20:14.362,1.2194,1.2195,39.10,4.00
2007.05.14 09:20:15.686,1.2194,1.2195,35.10,4.00
2007.05.14 09:20:33.729,1.2194,1.2195,31.90,7.20
2007.05.14 09:20:34.394,1.2194,1.2195,31.10,7.20
2007.05.14 09:20:34.510,1.2194,1.2195,31.10,8.00
2007.05.14 09:20:35.293,1.2194,1.2195,26.30,8.80
2007.05.14 09:20:35.387,1.2194,1.2195,31.10,8.00
2007.05.14 09:20:37.359,1.2194,1.2195,31.10,7.20
2007.05.14 09:20:37.369,1.2194,1.2195,31.10,4.00
2007.05.14 09:20:37.605,1.2194,1.2195,34.30,4.00
2007.05.14 09:20:37.670,1.2194,1.2195,35.10,4.00
2007.05.14 09:20:39.426,1.2194,1.2195,34.30,4.80
2007.05.14 09:20:39.438,1.2194,1.2195,31.10,8.00
2007.05.14 09:20:39.898,1.2194,1.2195,31.10,7.20
2007.05.14 09:20:40.770,1.2194,1.2195,31.10,0.60
2007.05.14 09:20:41.476,1.2194,1.2195,26.30,0.60
2007.05.14 09:20:45.311,1.2194,1.2195,26.30,0.60
2007.05.14 09:20:47.368,1.2194,1.21955,27.10,10.40
2007.05.14 09:20:51.236,1.2194,1.21955,26.30,10.40
2007.05.14 09:20:51.507,1.2194,1.2195,26.30,0.90
2007.05.14 09:20:57.081,1.2194,1.21955,26.30,10.40
2007.05.14 09:21:02.183,1.2194,1.21955,26.30,11.20
2007.05.14 09:21:02.698,1.2194,1.21955,26.30,10.40
2007.05.14 09:21:02.971,1.2194,1.21955,26.30,10.40
2007.05.14 09:21:06.732,1.2194,1.21955,27.10,9.60
2007.05.14 09:21:07.119,1.2194,1.2195,27.90,0.60
2007.05.14 09:21:07.866,1.2194,1.21955,31.10,6.40
2007.05.14 09:21:07.947,1.2194,1.21955,33.50,4.80
2007.05.14 09:21:08.877,1.2194,1.2195,29.50,0.90
2007.05.14 09:21:08.938,1.2194,1.2195,28.70,0.50
2007.05.14 09:21:09.337,1.2194,1.2195,26.30,8.80
2007.05.14 09:21:09.758,1.2194,1.2195,28.70,8.80
2007.05.14 09:21:10.230,1.2194,1.2195,32.70,4.80
2007.05.14 09:21:10.473,1.2194,1.2195,33.50,4.00
2007.05.14 09:21:11.182,1.2194,1.2195,9.70,4.00
2007.05.14 09:21:11.391,1.2194,1.2195,30.30,7.20
2007.05.14 09:21:11.529,1.2194,1.2195,29.50,8.00
2007.05.14 09:21:11.705,1.2194,1.2195,28.70,8.80
2007.05.14 09:21:11.955,1.2194,1.2195,26.30,8.80
2007.05.14 09:21:13.003,1.2194,1.2195,26.30,8.00
2007.05.14 09:21:13.311,1.2194,1.2195,26.30,8.00
2007.05.14 09:21:14.230,1.2194,1.2195,26.30,8.00
2007.05.14 09:21:14.324,1.2194,1.2195,27.10,8.00
2007.05.14 09:21:14.429,1.2194,1.2195,35.10,4.00
2007.05.14 09:21:14.616,1.2194,1.2195,37.50,4.00
2007.05.14 09:21:15.012,1.2194,1.2195,48.70,0.80
2007.05.14 09:21:15.233,1.2194,1.2196,49.50,38.40
2007.05.14 09:21:15.445,1.2194,1.2196,49.50,34.40
2007.05.14 09:21:16.012,1.2194,1.2196,49.50,38.30
2007.05.14 09:21:17.046,1.2194,1.2196,49.50,34.30
2007.05.14 09:21:17.362,1.2195,1.2196,0.80,29.50
2007.05.14 09:21:19.972,1.2195,1.2196,0.80,33.50
2007.05.14 09:21:20.444,1.2195,1.2196,0.80,29.50
2007.05.14 09:21:21.583,1.2195,1.2196,0.80,33.50
2007.05.14 09:21:22.346,1.2195,1.2196,0.80,34.30
2007.05.14 09:21:22.406,1.2194,1.2196,53.50,35.30
2007.05.14 09:21:22.554,1.2194,1.2195,42.30,3.20
2007.05.14 09:21:22.852,1.2194,1.2195,46.30,3.20
2007.05.14 09:21:22.948,1.2194,1.2196,54.30,42.30
2007.05.14 09:21:24.231,1.2194,1.2196,54.30,38.30
2007.05.14 09:21:24.277,1.2194,1.2196,57.50,38.30
2007.05.14 09:21:24.692,1.2194,1.2196,57.50,30.30
2007.05.14 09:21:24.906,1.2194,1.2196,49.50,38.30
2007.05.14 09:21:24.946,1.2194,1.2196,45.50,43.90
2007.05.14 09:21:25.339,1.2194,1.2196,45.50,47.90
2007.05.14 09:21:26.157,1.2194,1.2196,49.50,43.90
2007.05.14 09:21:26.358,1.2194,1.2195,49.50,5.60
2007.05.14 09:21:26.371,1.2194,1.2195,37.60,17.50
2007.05.14 09:21:26.430,1.2194,1.2195,35.20,17.50
2007.05.14 09:21:26.456,1.2194,1.2195,30.40,17.50
2007.05.14 09:21:26.483,1.2194,1.2195,22.40,17.50
2007.05.14 09:21:26.723,1.2194,1.2195,22.40,19.90
2007.05.14 09:21:27.748,1.2194,1.2195,18.40,19.90
2007.05.14 09:21:30.282,1.2194,1.2195,20.80,0.50
2007.05.14 09:21:30.333,1.2194,1.2195,20.80,0.50
2007.05.14 09:21:30.375,1.2194,1.21965,36.70,63.90
2007.05.14 09:21:30.431,1.2194,1.2196,37.50,0.90
2007.05.14 09:21:30.954,1.2194,1.21965,37.50,63.10
2007.05.14 09:21:31.152,1.2194,1.21965,37.50,57.50
2007.05.14 09:21:34.119,1.2194,1.21965,37.50,51.10
2007.05.14 09:21:36.089,1.2194,1.2196,37.50,0.70
2007.05.14 09:21:42.207,1.2194,1.2196,37.50,51.10
2007.05.14 09:21:42.362,1.2194,1.2195,17.60,0.90
2007.05.14 09:21:42.469,1.2194,1.2196,17.60,60.30
2007.05.14 09:21:42.811,1.2194,1.2195,17.60,0.50
2007.05.14 09:21:52.141,1.2194,1.2196,15.20,61.10
2007.05.14 09:22:00.115,1.2194,1.2195,17.60,23.90
2007.05.14 09:22:01.738,1.2194,1.2195,17.60,21.90
2007.05.14 09:22:03.421,1.2194,1.2195,17.60,19.90
2007.05.14 09:22:07.091,1.2194,1.2195,17.60,23.90
2007.05.14 09:22:07.332,1.2194,1.2195,17.60,24.70
2007.05.14 09:22:09.443,1.2194,1.2195,17.60,23.10
2007.05.14 09:22:16.231,1.21935,1.2194,1.60,4.00
2007.05.14 09:22:16.316,1.2194,1.2195,17.60,19.90
2007.05.14 09:22:16.649,1.21935,1.2195,19.20,19.90
2007.05.14 09:22:17.399,1.2194,1.2195,6.90,20.30
2007.05.14 09:22:18.881,1.21935,1.2195,16.80,20.30
2007.05.14 09:22:19.598,1.21935,1.2195,19.20,20.30
2007.05.14 09:22:21.230,1.2194,1.2195,5.40,20.30
2007.05.14 09:22:23.072,1.21935,1.2195,19.20,20.30
2007.05.14 09:22:29.890,1.21935,1.2195,16.80,20.30
2007.05.14 09:22:34.976,1.21935,1.2195,19.20,18.30
2007.05.14 09:22:36.288,1.2194,1.2195,2.00,16.40
2007.05.14 09:22:36.393,1.21935,1.2195,19.20,16.40
2007.05.14 09:22:38.182,1.2194,1.2195,0.90,15.90
2007.05.14 09:22:38.297,1.21935,1.2195,47.10,0.80
2007.05.14 09:22:38.371,1.21935,1.2196,44.70,39.90
2007.05.14 09:22:38.406,1.2194,1.2196,3.80,39.10
2007.05.14 09:22:38.578,1.21935,1.2196,47.10,39.10
2007.05.14 09:22:38.853,1.2194,1.2196,2.00,43.10
2007.05.14 09:22:38.866,1.2194,1.2196,53.50,19.10
2007.05.14 09:22:39.270,1.2195,1.2196,0.70,19.10
2007.05.14 09:22:39.369,1.21945,1.2196,13.20,19.10
2007.05.14 09:22:39.454,1.21945,1.2196,13.30,19.10
2007.05.14 09:22:39.560,1.2195,1.2196,3.30,19.10
2007.05.14 09:22:39.573,1.2195,1.2196,5.60,19.10
2007.05.14 09:22:39.657,1.21945,1.2196,14.90,19.10
2007.05.14 09:22:40.174,1.2195,1.2196,16.50,19.10
2007.05.14 09:22:40.292,1.2196,1.2197,4.30,38.30
2007.05.14 09:22:40.304,1.2196,1.2197,3.20,36.70
2007.05.14 09:22:40.372,1.2195,1.2197,50.40,30.30
2007.05.14 09:22:40.407,1.2196,1.2197,2.90,27.90
2007.05.14 09:22:40.679,1.2195,1.2197,60.00,19.90
2007.05.14 09:22:41.844,1.2195,1.2197,64.90,19.90
2007.05.14 09:22:41.858,1.2195,1.2197,64.90,19.90
2007.05.14 09:22:42.029,1.2196,1.2197,3.00,19.90
2007.05.14 09:22:42.079,1.2195,1.2196,65.20,4.00
2007.05.14 09:22:42.614,1.2196,1.2197,3.70,19.90
2007.05.14 09:22:42.788,1.21955,1.2197,23.20,15.90
2007.05.14 09:22:44.355,1.2196,1.2197,9.70,16.70
2007.05.14 09:22:44.405,1.2196,1.2197,2.20,16.70
2007.05.14 09:22:44.417,1.2196,1.2197,0.50,16.70
2007.05.14 09:22:45.882,1.2195,1.2196,55.60,4.00
2007.05.14 09:22:47.095,1.2196,1.2197,10.40,17.50
2007.05.14 09:22:49.380,1.2196,1.2197,10.40,18.30
2007.05.14 09:22:54.315,1.2196,1.2197,10.40,19.10
2007.05.14 09:22:57.290,1.2196,1.21975,10.40,20.70
2007.05.14 09:22:58.093,1.2196,1.2197,10.40,0.80
2007.05.14 09:22:59.391,1.2196,1.21975,10.40,25.50
2007.05.14 09:23:02.061,1.2196,1.21975,10.40,21.50
2007.05.14 09:23:04.476,1.2196,1.21975,10.40,22.30
2007.05.14 09:23:04.886,1.2196,1.21975,14.40,22.30
2007.05.14 09:23:13.841,1.2196,1.2197,10.40,0.50
2007.05.14 09:23:16.041,1.2196,1.2197,10.40,24.70
2007.05.14 09:23:18.477,1.21955,1.2196,0.80,0.60
2007.05.14 09:23:18.595,1.2196,1.2197,15.20,19.90
2007.05.14 09:23:20.123,1.2196,1.2197,15.20,0.70
2007.05.14 09:23:20.718,1.2196,1.2197,14.40,0.60
2007.05.14 09:23:20.787,1.2196,1.21975,13.60,18.30
2007.05.14 09:23:20.792,1.2196,1.21975,10.40,21.50
2007.05.14 09:23:21.060,1.2196,1.21975,10.40,22.30
2007.05.14 09:23:24.330,1.2196,1.2197,13.60,0.90
2007.05.14 09:23:24.703,1.2196,1.21975,14.40,18.30
2007.05.14 09:23:30.203,1.2196,1.2197,11.20,16.70
2007.05.14 09:23:30.288,1.2196,1.2197,11.20,15.90
2007.05.14 09:23:30.324,1.2196,1.2197,14.40,15.90
2007.05.14 09:23:30.574,1.2196,1.2197,15.20,15.90
2007.05.14 09:23:30.832,1.2196,1.2197,14.40,16.70
2007.05.14 09:23:31.353,1.2196,1.2197,15.20,15.90
2007.05.14 09:23:31.869,1.2196,1.2197,14.40,16.70
2007.05.14 09:23:32.894,1.2196,1.2197,15.20,15.90
2007.05.14 09:23:37.766,1.2196,1.2197,14.40,15.90
2007.05.14 09:23:38.020,1.2196,1.2197,14.40,16.70
2007.05.14 09:23:39.351,1.2196,1.2197,15.20,15.90
2007.05.14 09:23:45.399,1.2196,1.21975,15.20,17.50
2007.05.14 09:23:45.715,1.2196,1.2197,14.40,15.90
2007.05.14 09:23:45.970,1.2196,1.2197,14.40,16.70
2007.05.14 09:23:46.112,1.2196,1.2197,14.40,20.70
2007.05.14 09:23:47.767,1.2196,1.2197,14.40,19.90
2007.05.14 09:23:48.017,1.2196,1.2197,15.20,19.90
2007.05.14 09:23:54.158,1.2196,1.2197,10.40,20.70
2007.05.14 09:23:55.802,1.2196,1.2197,14.40,16.70
2007.05.14 09:23:55.968,1.2196,1.2197,14.40,15.90
2007.05.14 09:23:56.245,1.2196,1.2197,15.20,15.90
2007.05.14 09:24:02.670,1.2196,1.2197,19.40,15.90
2007.05.14 09:24:02.738,1.2196,1.2197,19.40,11.90
2007.05.14 09:24:02.786,1.2196,1.2198,39.30,62.30
2007.05.14 09:24:02.830,1.2196,1.2198,39.30,54.30
2007.05.14 09:24:03.277,1.2196,1.2198,39.30,51.10
2007.05.14 09:24:03.829,1.2196,1.2198,35.30,51.10
2007.05.14 09:24:03.840,1.2196,1.2198,36.90,51.10
2007.05.14 09:24:04.228,1.2196,1.2198,36.10,51.10
2007.05.14 09:24:04.603,1.2196,1.2198,35.30,51.10
2007.05.14 09:24:06.221,1.2196,1.2198,35.30,55.10
2007.05.14 09:24:06.363,1.2196,1.2197,27.30,4.00
2007.05.14 09:24:06.765,1.2196,1.2197,27.30,6.40
2007.05.14 09:24:09.473,1.2196,1.2197,27.30,0.80
2007.05.14 09:24:11.881,1.2196,1.2197,27.50,0.50
2007.05.14 09:24:12.255,1.2196,1.2198,27.30,55.90
2007.05.14 09:24:14.176,1.2196,1.2197,27.30,0.90
2007.05.14 09:24:14.208,1.2196,1.2198,31.30,54.30
2007.05.14 09:24:14.301,1.2196,1.2198,39.30,0.70
2007.05.14 09:24:14.397,1.2196,1.2198,39.30,0.80
2007.05.14 09:24:14.408,1.2196,1.21985,40.90,57.50
2007.05.14 09:24:14.432,1.2196,1.2198,44.00,0.90
2007.05.14 09:24:14.491,1.2196,1.21985,44.80,57.50
2007.05.14 09:24:14.538,1.2196,1.21985,45.00,57.50
2007.05.14 09:24:14.786,1.2196,1.2198,46.60,0.50
2007.05.14 09:24:15.042,1.2196,1.2198,46.60,0.50
2007.05.14 09:24:17.528,1.2196,1.21985,47.40,45.50
2007.05.14 09:24:17.927,1.2196,1.21985,51.40,41.50
2007.05.14 09:24:21.253,1.2196,1.2198,47.40,0.70
2007.05.14 09:24:21.376,1.2196,1.21985,45.80,49.50
2007.05.14 09:24:21.421,1.2196,1.2198,44.20,0.60
2007.05.14 09:24:21.437,1.2196,1.21985,44.00,49.50
2007.05.14 09:24:21.585,1.2196,1.2198,40.90,0.80
2007.05.14 09:24:22.927,1.2196,1.21985,39.30,53.50
2007.05.14 09:24:23.429,1.2196,1.21985,40.10,49.50
2007.05.14 09:24:23.697,1.2196,1.21985,41.30,53.50
2007.05.14 09:24:24.276,1.2196,1.21985,42.10,49.50
2007.05.14 09:24:24.453,1.2196,1.21985,40.10,49.50
2007.05.14 09:24:24.455,1.2196,1.21985,39.30,49.50
2007.05.14 09:24:24.987,1.2196,1.2198,40.10,0.50
2007.05.14 09:24:28.899,1.2196,1.21985,40.10,53.50
2007.05.14 09:24:29.717,1.2196,1.21985,44.10,49.50
2007.05.14 09:24:29.777,1.2196,1.21985,45.70,45.50
2007.05.14 09:24:29.796,1.2196,1.21985,46.50,45.50
2007.05.14 09:24:29.809,1.2196,1.21985,49.80,45.50
2007.05.14 09:24:29.878,1.2196,1.2198,50.60,0.50
2007.05.14 09:24:30.975,1.2196,1.21985,51.40,45.50
2007.05.14 09:24:31.512,1.2196,1.2198,0.80,0.60
2007.05.14 09:24:44.627,1.2196,1.2198,19.90,39.10
2007.05.14 09:24:48.885,1.21955,1.2198,61.00,39.10
2007.05.14 09:24:53.494,1.21955,1.2198,61.80,39.10
2007.05.14 09:25:08.535,1.2196,1.2198,50.60,39.10
2007.05.14 09:25:08.540,1.2196,1.2198,50.40,39.10
2007.05.14 09:25:08.636,1.2196,1.2198,47.30,39.10
2007.05.14 09:25:08.674,1.2196,1.2198,45.70,39.10
2007.05.14 09:25:09.651,1.2196,1.2198,46.90,39.10
2007.05.14 09:25:09.707,1.2196,1.2198,47.70,39.10
2007.05.14 09:25:09.958,1.2196,1.2198,47.30,39.10
2007.05.14 09:25:09.970,1.2196,1.2198,46.50,39.10
2007.05.14 09:25:10.174,1.2196,1.2198,46.70,39.10
2007.05.14 09:25:10.246,1.2196,1.2198,45.90,39.10
2007.05.14 09:25:20.590,1.2196,1.2198,45.90,43.10
2007.05.14 09:25:25.094,1.2196,1.2198,45.90,39.10
2007.05.14 09:25:27.619,1.2196,1.2198,47.50,39.10
2007.05.14 09:25:27.634,1.2197,1.2198,0.80,38.30
2007.05.14 09:25:27.750,1.2197,1.2198,8.80,22.30
2007.05.14 09:25:27.844,1.2197,1.2198,8.80,18.30
2007.05.14 09:25:28.322,1.2197,1.2198,11.20,18.30
2007.05.14 09:25:31.465,1.2196,1.2197,60.20,4.00
2007.05.14 09:25:33.118,1.2197,1.2198,11.20,18.30
2007.05.14 09:25:35.417,1.2196,1.2197,60.20,4.00
2007.05.14 09:25:36.825,1.2197,1.2198,11.20,18.30
2007.05.14 09:25:38.136,1.2197,1.21985,11.20,20.70
2007.05.14 09:25:47.739,1.2197,1.21985,11.20,18.70
2007.05.14 09:25:49.085,1.2197,1.2198,11.20,0.60
2007.05.14 09:25:49.338,1.2197,1.21985,11.20,17.10
2007.05.14 09:25:49.755,1.2197,1.2198,11.20,0.70
2007.05.14 09:25:50.753,1.2197,1.21985,11.20,17.10
2007.05.14 09:26:03.594,1.2197,1.21985,15.20,17.10
2007.05.14 09:26:06.595,1.2197,1.2198,11.20,0.50
2007.05.14 09:26:18.217,1.2197,1.2198,10.40,16.30
2007.05.14 09:26:18.937,1.2197,1.2198,10.40,17.90
2007.05.14 09:26:19.446,1.2198,1.2199,0.80,54.70
2007.05.14 09:26:19.778,1.2197,1.2198,9.60,16.70
2007.05.14 09:26:24.154,1.2197,1.2198,14.40,15.10
2007.05.14 09:26:30.098,1.2197,1.2198,10.40,15.10
2007.05.14 09:26:55.497,1.2197,1.2198,10.40,19.10
2007.05.14 09:27:01.597,1.2197,1.2198,10.40,0.90
2007.05.14 09:27:02.943,1.2197,1.2199,10.40,64.20
2007.05.14 09:27:18.368,1.2197,1.2199,13.60,70.80
2007.05.14 09:27:19.280,1.2197,1.2198,10.40,0.80
2007.05.14 09:27:22.879,1.2197,1.2199,14.40,66.80
2007.05.14 09:27:43.217,1.21965,1.2197,0.80,4.00
2007.05.14 09:27:44.146,1.2197,1.2198,10.40,11.90
2007.05.14 09:27:44.823,1.2197,1.2199,10.40,68.40
2007.05.14 09:27:52.229,1.2198,1.2199,2.40,28.40
2007.05.14 09:27:52.380,1.2198,1.2199,2.40,42.80
2007.05.14 09:27:52.395,1.2198,1.21985,2.40,1.60
2007.05.14 09:27:52.557,1.2197,1.2198,29.50,4.00
2007.05.14 09:27:52.761,1.2197,1.2198,35.10,3.20
2007.05.14 09:27:53.722,1.2197,1.2198,43.90,3.20
2007.05.14 09:27:54.207,1.2197,1.21985,47.10,2.40
2007.05.14 09:27:54.259,1.2197,1.2199,47.10,48.40
2007.05.14 09:27:54.274,1.2197,1.2199,51.10,48.40
2007.05.14 09:27:54.332,1.2197,1.2199,50.30,53.20
2007.05.14 09:27:54.391,1.2197,1.2199,50.30,55.60
2007.05.14 09:27:54.517,1.2197,1.2198,34.30,4.00
2007.05.14 09:27:54.650,1.2197,1.2198,30.30,4.00
2007.05.14 09:27:54.696,1.2197,1.2198,35.10,3.20
2007.05.14 09:27:54.801,1.2197,1.2198,43.10,3.20
2007.05.14 09:27:54.821,1.2197,1.2198,43.90,3.20
2007.05.14 09:27:57.674,1.2198,1.2199,4.00,35.00
2007.05.14 09:27:57.677,1.2197,1.2198,23.90,3.20
2007.05.14 09:27:58.179,1.2198,1.2199,26.30,22.90
2007.05.14 09:28:02.684,1.2197,1.2198,45.50,3.20
2007.05.14 09:28:02.717,1.2197,1.2198,49.50,3.20
2007.05.14 09:28:02.806,1.2197,1.2198,45.50,3.20
2007.05.14 09:28:03.424,1.2197,1.2198,43.90,3.20
2007.05.14 09:28:03.716,1.2197,1.2198,39.10,4.00
2007.05.14 09:28:03.850,1.2197,1.2198,43.10,4.00
2007.05.14 09:28:03.855,1.2197,1.2198,42.30,4.80
2007.05.14 09:28:04.526,1.2197,1.2198,42.30,7.20
2007.05.14 09:28:04.881,1.2197,1.2198,34.30,7.20
2007.05.14 09:28:05.343,1.2197,1.2198,30.30,7.20
2007.05.14 09:28:05.735,1.2197,1.2198,34.30,7.20
2007.05.14 09:28:05.760,1.2197,1.2198,34.30,4.80
2007.05.14 09:28:05.910,1.2197,1.2198,35.10,4.00
2007.05.14 09:28:05.957,1.2197,1.2198,31.90,7.20
2007.05.14 09:28:06.111,1.2197,1.2198,27.90,7.20
2007.05.14 09:28:06.244,1.2197,1.2198,35.90,7.20
2007.05.14 09:28:06.314,1.2197,1.2198,35.90,3.20
2007.05.14 09:28:06.719,1.2197,1.2198,35.10,3.20
2007.05.14 09:28:06.727,1.2197,1.21985,30.30,2.40
2007.05.14 09:28:06.878,1.2197,1.21985,30.30,4.00
2007.05.14 09:28:06.955,1.2197,1.2198,30.30,0.80
2007.05.14 09:28:07.301,1.2197,1.2198,30.30,3.20
2007.05.14 09:28:09.227,1.2197,1.2198,29.50,4.00
2007.05.14 09:28:09.249,1.2197,1.2198,33.50,4.00
2007.05.14 09:28:09.359,1.2197,1.2198,30.30,7.20
2007.05.14 09:28:10.291,1.2197,1.2198,31.10,3.20
2007.05.14 09:28:10.607,1.2197,1.2198,27.10,3.20
2007.05.14 09:28:11.607,1.2197,1.2198,31.10,3.20
2007.05.14 09:28:12.359,1.2197,1.2198,27.10,3.20
2007.05.14 09:28:13.001,1.2197,1.2198,31.10,3.20
2007.05.14 09:28:13.881,1.2197,1.2198,27.10,3.20
2007.05.14 09:28:13.943,1.2197,1.2198,35.10,3.20
2007.05.14 09:28:14.076,1.2197,1.2198,27.10,3.20
2007.05.14 09:28:17.758,1.2197,1.2198,27.10,6.40
2007.05.14 09:28:18.240,1.2197,1.2198,26.30,7.20
2007.05.14 09:28:20.311,1.2197,1.2198,26.30,4.00
2007.05.14 09:28:20.859,1.2197,1.2198,27.10,3.20
2007.05.14 09:28:21.371,1.2197,1.2198,26.30,7.20
2007.05.14 09:28:22.023,1.2197,1.21985,26.30,8.80
2007.05.14 09:28:31.598,1.2196,1.2197,34.60,0.80
2007.05.14 09:28:43.787,1.2197,1.2198,27.10,7.20
2007.05.14 09:28:52.740,1.2197,1.2198,35.10,4.00
2007.05.14 09:28:52.851,1.2197,1.2198,35.90,3.20
2007.05.14 09:28:52.955,1.2197,1.2198,43.90,3.20
2007.05.14 09:28:54.419,1.2197,1.2198,43.90,3.20
2007.05.14 09:28:57.235,1.2197,1.2199,47.10,51.40
2007.05.14 09:28:57.338,1.2197,1.2199,47.10,51.20
2007.05.14 09:28:57.431,1.2197,1.2199,47.10,50.80
2007.05.14 09:28:57.474,1.2197,1.2199,47.10,50.00
2007.05.14 09:28:57.712,1.2197,1.2199,47.10,49.30
2007.05.14 09:28:58.092,1.2197,1.2199,47.10,45.30
2007.05.14 09:28:58.644,1.2197,1.2199,51.10,44.50
2007.05.14 09:28:59.726,1.2197,1.2199,55.10,44.50
2007.05.14 09:29:04.358,1.2197,1.2199,51.10,44.50
2007.05.14 09:29:04.475,1.2197,1.21995,51.10,51.70
2007.05.14 09:29:06.693,1.2197,1.21995,39.10,44.40
2007.05.14 09:29:06.795,1.2197,1.21995,39.10,46.80
2007.05.14 09:29:06.810,1.2197,1.2198,31.10,0.90
2007.05.14 09:29:07.187,1.2197,1.2198,31.10,0.70
2007.05.14 09:29:08.895,1.2197,1.2199,35.10,48.50
2007.05.14 09:29:10.213,1.2197,1.2199,47.10,54.90
2007.05.14 09:29:10.257,1.2197,1.21985,47.10,4.80
2007.05.14 09:29:10.321,1.2197,1.2199,55.10,52.50
2007.05.14 09:29:10.353,1.2197,1.21995,55.10,56.50
2007.05.14 09:29:10.439,1.2197,1.21995,55.10,55.70
2007.05.14 09:29:10.834,1.2197,1.21995,51.10,55.70
2007.05.14 09:29:14.680,1.2197,1.21995,55.10,55.70
2007.05.14 09:29:14.702,1.2197,1.2199,51.10,0.90
2007.05.14 09:29:23.326,1.2197,1.21995,51.10,53.30
2007.05.14 09:29:26.615,1.2197,1.21995,51.10,53.30
2007.05.14 09:29:27.836,1.2197,1.2199,51.10,0.70
2007.05.14 09:29:37.712,1.2197,1.2199,51.10,46.10
2007.05.14 09:29:37.902,1.2197,1.2199,51.10,42.10
2007.05.14 09:29:39.214,1.2198,1.2199,8.80,33.30
2007.05.14 09:29:39.240,1.2198,1.2199,20.70,17.40
2007.05.14 09:29:39.251,1.2198,1.2199,24.70,17.40
2007.05.14 09:29:39.253,1.2198,1.2199,24.70,9.40
2007.05.14 09:29:39.288,1.2198,1.2199,27.10,9.40
2007.05.14 09:29:51.770,1.2198,1.2199,26.30,10.20
2007.05.14 09:29:52.253,1.2198,1.2199,6.40,34.10
2007.05.14 09:29:52.257,1.2197,1.2199,63.90,34.10
2007.05.14 09:29:52.289,1.2197,1.2199,59.90,34.10
2007.05.14 09:29:52.324,1.2197,1.2199,57.50,34.10
2007.05.14 09:29:52.332,1.2197,1.2199,51.10,38.10
2007.05.14 09:29:54.818,1.2197,1.2199,47.10,38.10
2007.05.14 09:29:54.829,1.2197,1.2199,47.10,42.10
2007.05.14 09:29:55.253,1.2197,1.2199,47.10,44.50
2007.05.14 09:29:59.663,1.2197,1.2199,55.10,44.50
2007.05.14 09:30:02.009,1.2198,1.2199,4.00,44.50
2007.05.14 09:30:02.898,1.2197,1.2199,51.10,44.50
2007.05.14 09:30:05.638,1.2197,1.2199,25.50,44.50
2007.05.14 09:30:08.369,1.2197,1.2199,13.20,44.50
2007.05.14 09:30:11.252,1.2198,1.2199,0.50,44.50
2007.05.14 09:30:11.349,1.2197,1.2199,43.10,21.60
2007.05.14 09:30:11.437,1.2198,1.2199,6.10,20.80
2007.05.14 09:30:11.453,1.2198,1.2199,8.80,12.80
2007.05.14 09:30:11.766,1.2198,1.2199,0.70,12.80
2007.05.14 09:30:12.277,1.2198,1.2199,4.50,13.20
2007.05.14 09:30:13.892,1.2198,1.2199,2.60,10.80
2007.05.14 09:30:15.766,1.2197,1.2199,54.20,11.60
2007.05.14 09:30:27.567,1.2197,1.2199,55.80,10.80
2007.05.14 09:30:28.488,1.2198,1.2199,14.00,10.40
2007.05.14 09:30:28.497,1.2198,1.2199,5.10,10.40
2007.05.14 09:30:28.576,1.2197,1.2199,63.50,10.40
2007.05.14 09:30:28.739,1.2198,1.2199,3.50,9.60
2007.05.14 09:30:28.748,1.2198,1.2199,14.00,5.60
2007.05.14 09:30:28.774,1.21975,1.2199,36.40,3.20
2007.05.14 09:30:28.805,1.2198,1.2199,17.40,3.20
2007.05.14 09:30:28.980,1.21975,1.2199,44.30,3.20
2007.05.14 09:30:29.216,1.2198,1.2199,13.40,3.20
2007.05.14 09:30:29.269,1.2198,1.2199,14.40,4.00
2007.05.14 09:30:29.299,1.21975,1.2199,31.10,4.00
2007.05.14 09:30:29.533,1.2198,1.2199,11.70,4.10
2007.05.14 09:30:29.723,1.21975,1.2199,31.10,4.00
2007.05.14 09:30:29.742,1.21975,1.2199,31.10,6.40
2007.05.14 09:30:32.089,1.21975,1.2199,31.10,10.40
2007.05.14 09:30:35.254,1.2198,1.2199,27.10,6.40
2007.05.14 09:30:45.949,1.2198,1.2199,35.10,6.40
2007.05.14 09:30:46.160,1.2198,1.2199,39.50,6.40
2007.05.14 09:30:46.278,1.2198,1.2199,39.50,4.00
2007.05.14 09:30:46.376,1.2198,1.2199,40.30,3.20
2007.05.14 09:30:46.575,1.2198,1.2199,28.40,15.10
2007.05.14 09:30:46.590,1.2198,1.2199,24.40,15.10
2007.05.14 09:30:46.674,1.2198,1.2199,24.40,23.10
2007.05.14 09:30:48.781,1.2198,1.2199,24.40,23.10
2007.05.14 09:30:51.305,1.2198,1.2199,28.40,23.10
2007.05.14 09:30:51.319,1.2199,1.21995,8.80,2.40
2007.05.14 09:30:51.880,1.2199,1.21995,8.80,2.40
2007.05.14 09:30:51.910,1.2199,1.22,11.20,36.70
2007.05.14 09:30:54.775,1.2199,1.22,11.20,39.90
2007.05.14 09:30:54.876,1.2199,1.22,11.20,36.70
2007.05.14 09:30:54.921,1.2199,1.22,11.20,28.70
2007.05.14 09:30:55.816,1.2199,1.22,11.20,0.80
2007.05.14 09:31:01.822,1.2199,1.22,11.20,0.80
2007.05.14 09:31:19.929,1.2199,1.22005,15.20,29.50
2007.05.14 09:31:19.942,1.2199,1.22005,19.20,29.50
2007.05.14 09:31:23.547,1.2199,1.22,15.20,26.30
2007.05.14 09:31:23.603,1.2199,1.22,11.20,26.30
2007.05.14 09:31:29.247,1.2199,1.22,15.20,26.30
2007.05.14 09:31:30.266,1.2199,1.22,15.20,25.50
2007.05.14 09:31:37.762,1.2199,1.22,11.20,25.50
2007.05.14 09:31:37.839,1.2199,1.22,11.20,33.50
2007.05.14 09:31:38.174,1.2199,1.22,11.20,33.50
2007.05.14 09:31:38.234,1.2199,1.22,11.20,21.50
2007.05.14 09:31:39.250,1.2199,1.22,11.20,46.30
2007.05.14 09:31:39.306,1.2199,1.22,11.20,47.90
2007.05.14 09:31:39.509,1.2199,1.22,11.20,46.30
2007.05.14 09:31:39.794,1.2199,1.22,11.20,44.30
2007.05.14 09:31:39.907,1.2199,1.22,11.20,48.30
2007.05.14 09:31:40.180,1.2199,1.22,2.40,57.10
2007.05.14 09:31:40.397,1.2198,1.22,36.40,57.10
2007.05.14 09:31:40.423,1.2198,1.22,36.40,59.50
2007.05.14 09:31:40.637,1.2198,1.2199,36.40,4.00
2007.05.14 09:31:40.691,1.2198,1.2199,24.40,15.90
2007.05.14 09:31:40.732,1.2198,1.2199,23.60,15.90
2007.05.14 09:31:40.745,1.2198,1.2199,23.60,23.90
2007.05.14 09:31:40.838,1.2198,1.2199,23.60,21.90
2007.05.14 09:31:40.978,1.2198,1.2199,23.60,22.70
2007.05.14 09:31:41.283,1.2198,1.2199,23.20,22.70
2007.05.14 09:31:41.388,1.2198,1.2199,23.20,25.90
2007.05.14 09:31:41.409,1.2198,1.2199,23.20,21.90
2007.05.14 09:31:41.752,1.2198,1.2199,23.20,22.30
2007.05.14 09:31:43.281,1.2199,1.21995,2.40,2.40
2007.05.14 09:31:43.307,1.2199,1.21995,2.40,2.40
2007.05.14 09:31:43.396,1.2198,1.2199,30.70,3.20
2007.05.14 09:31:43.946,1.2199,1.22,11.20,34.30
2007.05.14 09:31:43.971,1.2199,1.22,11.20,38.30
2007.05.14 09:31:45.354,1.2198,1.2199,49.10,3.20
2007.05.14 09:31:45.650,1.2199,1.22,3.20,38.30
2007.05.14 09:31:45.749,1.2198,1.2199,47.50,6.00
2007.05.14 09:31:45.830,1.2199,1.22,0.80,44.70
2007.05.14 09:31:46.007,1.2199,1.22,0.80,42.30
2007.05.14 09:31:46.507,1.2199,1.22,0.80,43.10
2007.05.14 09:31:46.722,1.2199,1.22,0.80,45.50
2007.05.14 09:31:47.220,1.2198,1.22,47.90,46.30
2007.05.14 09:31:47.591,1.2198,1.22,43.90,46.30
2007.05.14 09:31:47.619,1.2198,1.22,43.90,54.30
2007.05.14 09:31:47.729,1.2198,1.2199,28.80,15.10
2007.05.14 09:31:47.776,1.2198,1.2199,28.80,21.90
2007.05.14 09:31:47.850,1.2198,1.2199,24.80,21.90
2007.05.14 09:31:48.367,1.2198,1.2199,24.40,21.90
2007.05.14 09:31:48.628,1.2198,1.2199,23.60,21.90
2007.05.14 09:31:48.799,1.2198,1.2199,26.80,18.70
2007.05.14 09:31:48.886,1.2198,1.2199,27.60,18.70
2007.05.14 09:31:49.178,1.2198,1.2199,28.00,18.70
2007.05.14 09:31:49.265,1.2198,1.2199,28.00,19.10
2007.05.14 09:31:49.415,1.2198,1.2199,20.00,19.10
2007.05.14 09:31:51.039,1.2198,1.2199,5.20,19.10
2007.05.14 09:31:51.413,1.2198,1.2199,20.00,19.90
2007.05.14 09:31:51.974,1.2198,1.2199,19.90,19.90
2007.05.14 09:31:53.217,1.2199,1.21995,12.80,0.80
2007.05.14 09:31:53.262,1.2199,1.21995,15.20,0.80
2007.05.14 09:31:53.320,1.21985,1.2199,4.00,3.20
2007.05.14 09:31:53.604,1.21985,1.2199,4.00,3.20
2007.05.14 09:31:53.734,1.2199,1.22,11.20,35.90
2007.05.14 09:31:55.865,1.2199,1.22,15.20,27.90
2007.05.14 09:31:56.218,1.2199,1.22,15.20,31.90
2007.05.14 09:31:56.399,1.2199,1.22,15.20,32.30
2007.05.14 09:31:56.427,1.2199,1.22,15.20,28.30
2007.05.14 09:31:59.411,1.2199,1.22,15.20,30.70
2007.05.14 09:32:01.685,1.2199,1.22,3.20,38.70
2007.05.14 09:32:01.717,1.21985,1.2199,4.00,10.40
2007.05.14 09:32:01.780,1.21985,1.2199,4.00,22.30
2007.05.14 09:32:01.878,1.21985,1.2199,4.00,26.30
2007.05.14 09:32:01.904,1.2198,1.2199,33.50,26.30
2007.05.14 09:32:02.300,1.2198,1.2199,31.90,26.30
2007.05.14 09:32:02.798,1.2198,1.2199,23.90,26.30
2007.05.14 09:32:02.929,1.2198,1.2199,19.90,26.30
2007.05.14 09:32:03.247,1.2198,1.2199,23.90,26.30
2007.05.14 09:32:04.140,1.2198,1.2199,19.90,26.30
2007.05.14 09:32:05.923,1.2198,1.2199,23.90,26.30
2007.05.14 09:32:17.890,1.2198,1.2199,19.90,26.30
2007.05.14 09:32:29.477,1.2198,1.2199,19.90,27.90
2007.05.14 09:32:29.548,1.2198,1.2199,19.90,26.30
2007.05.14 09:32:33.430,1.2198,1.2199,19.90,27.10
2007.05.14 09:32:34.346,1.2198,1.2199,19.90,26.30
2007.05.14 09:32:43.909,1.21975,1.2198,6.40,4.00
2007.05.14 09:32:46.726,1.21975,1.2198,6.40,4.00
2007.05.14 09:32:48.347,1.2198,1.2199,20.60,30.30
2007.05.14 09:32:58.303,1.2198,1.2199,19.90,30.30
2007.05.14 09:33:03.252,1.21975,1.2198,6.40,0.90
2007.05.14 09:33:03.432,1.2198,1.2199,36.60,9.90
2007.05.14 09:33:07.577,1.2198,1.2199,37.30,10.40
2007.05.14 09:33:07.693,1.2198,1.2199,37.60,10.40
2007.05.14 09:33:09.680,1.2199,1.21995,0.80,0.80
2007.05.14 09:33:09.786,1.2199,1.22,0.80,40.70
2007.05.14 09:33:10.278,1.2199,1.22,8.80,28.70
2007.05.14 09:33:10.283,1.2199,1.22,8.80,0.90
2007.05.14 09:33:10.384,1.2199,1.22,8.80,0.50
2007.05.14 09:33:10.672,1.2199,1.22005,12.80,27.10
2007.05.14 09:33:10.707,1.2199,1.22005,17.60,29.50
2007.05.14 09:33:10.791,1.2199,1.22005,29.50,17.60
2007.05.14 09:33:11.211,1.2199,1.22005,24.70,17.60
2007.05.14 09:33:11.225,1.2199,1.22,0.80,0.70
2007.05.14 09:33:11.496,1.2199,1.22005,0.80,36.70
2007.05.14 09:33:12.409,1.2199,1.22,0.80,35.90
2007.05.14 09:33:12.768,1.2199,1.22,12.80,27.90
2007.05.14 09:33:12.785,1.2199,1.22,17.60,27.00
2007.05.14 09:33:12.990,1.2199,1.22,29.50,12.00
2007.05.14 09:33:13.110,1.2199,1.22005,29.50,13.60
2007.05.14 09:33:13.169,1.2199,1.22005,25.50,13.60
2007.05.14 09:33:13.367,1.2199,1.22005,20.70,13.60
2007.05.14 09:33:13.383,1.2199,1.22,0.80,0.80
2007.05.14 09:33:13.513,1.2199,1.22005,0.80,37.50
2007.05.14 09:33:13.693,1.2199,1.22,8.00,0.70
2007.05.14 09:33:14.298,1.2199,1.22005,16.00,26.30
2007.05.14 09:33:14.721,1.2199,1.22,24.70,0.70
2007.05.14 09:33:14.787,1.2199,1.22005,29.50,16.80
2007.05.14 09:33:14.830,1.2199,1.22005,29.50,12.80
2007.05.14 09:33:14.900,1.2199,1.22005,30.30,12.00
2007.05.14 09:33:15.289,1.2199,1.22,32.70,0.50
2007.05.14 09:33:16.020,1.21985,1.2199,5.60,0.80
2007.05.14 09:33:16.554,1.2199,1.22005,32.70,10.40
2007.05.14 09:33:19.689,1.2199,1.2201,35.90,61.50
2007.05.14 09:33:19.732,1.2199,1.2201,39.90,61.50
2007.05.14 09:33:20.221,1.2199,1.2201,36.70,53.50
2007.05.14 09:33:20.354,1.2199,1.22,32.70,0.60
2007.05.14 09:33:23.267,1.2199,1.2201,36.70,57.50
2007.05.14 09:33:23.292,1.2199,1.22,32.70,0.50
2007.05.14 09:33:32.951,1.2199,1.2201,32.70,60.70
2007.05.14 09:33:33.209,1.2199,1.2201,32.70,55.10
2007.05.14 09:33:33.288,1.2199,1.22015,43.90,27.20
2007.05.14 09:33:33.294,1.22,1.22015,4.80,27.20
2007.05.14 09:33:33.331,1.22,1.2201,4.80,0.60
2007.05.14 09:33:33.365,1.22,1.2201,4.80,0.50
2007.05.14 09:33:33.409,1.22,1.2201,4.80,0.90
2007.05.14 09:33:33.699,1.2199,1.22015,59.10,15.20
2007.05.14 09:33:33.750,1.2199,1.22015,60.20,35.10
2007.05.14 09:33:33.795,1.2199,1.2201,61.00,35.90
2007.05.14 09:33:33.829,1.2199,1.2201,61.80,36.70
2007.05.14 09:33:33.941,1.2199,1.22005,61.00,0.50
2007.05.14 09:33:33.998,1.2199,1.22005,60.20,0.80
2007.05.14 09:33:34.103,1.2199,1.2201,58.60,42.30
2007.05.14 09:33:34.116,1.2199,1.22005,56.20,0.50
2007.05.14 09:33:34.817,1.2199,1.2201,55.90,35.10
2007.05.14 09:33:37.128,1.22,1.2201,0.80,34.30
2007.05.14 09:33:40.212,1.22,1.22005,8.80,0.70
2007.05.14 09:33:40.313,1.22,1.2201,8.80,0.90
2007.05.14 09:33:40.625,1.22,1.2201,8.80,0.60
2007.05.14 09:33:40.634,1.22,1.2201,0.80,0.60
2007.05.14 09:33:42.675,1.22,1.2201,8.80,24.70
2007.05.14 09:33:42.747,1.22,1.2201,13.60,24.70
2007.05.14 09:33:42.842,1.22,1.2201,25.50,12.80
2007.05.14 09:33:43.260,1.22,1.2201,27.90,12.80
2007.05.14 09:33:54.840,1.22,1.2201,27.90,10.40
2007.05.14 09:33:58.484,1.22,1.2201,27.90,8.40
2007.05.14 09:33:59.787,1.22,1.2201,27.90,0.90
2007.05.14 09:33:59.884,1.22,1.2201,27.90,0.60
2007.05.14 09:34:18.317,1.22,1.2201,31.10,0.80
2007.05.14 09:34:18.409,1.22,1.2201,31.10,0.80
2007.05.14 09:34:21.524,1.22,1.2201,35.10,0.50
2007.05.14 09:34:27.968,1.22,1.2201,39.10,5.20
2007.05.14 09:34:29.081,1.22,1.2201,35.10,5.20
2007.05.14 09:34:30.106,1.22,1.2201,31.10,5.20
2007.05.14 09:34:32.024,1.22,1.22015,31.10,9.20
2007.05.14 09:34:37.614,1.22,1.22015,31.10,13.20
2007.05.14 09:34:39.504,1.22,1.22015,34.30,13.20
2007.05.14 09:34:54.752,1.22,1.22015,34.30,9.20
2007.05.14 09:34:58.296,1.21995,1.22,4.00,0.90
2007.05.14 09:35:01.137,1.22,1.2201,34.30,5.20
2007.05.14 09:35:04.206,1.22,1.2201,34.30,0.80
2007.05.14 09:35:11.709,1.22,1.2201,31.10,0.60
2007.05.14 09:35:11.730,1.22,1.2201,31.10,0.90
2007.05.14 09:35:11.840,1.22,1.2201,47.10,0.70
2007.05.14 09:35:11.889,1.22,1.22015,47.90,7.20
2007.05.14 09:35:16.750,1.22,1.2201,51.90,0.90
2007.05.14 09:35:17.196,1.22,1.2202,55.90,39.20
2007.05.14 09:35:23.696,1.2201,1.2202,20.70,26.50
2007.05.14 09:35:23.704,1.2201,1.2202,28.70,26.50
2007.05.14 09:35:24.308,1.2201,1.2202,31.10,25.20
2007.05.14 09:35:25.271,1.2201,1.22025,31.10,18.40
2007.05.14 09:35:25.960,1.2201,1.2202,31.10,0.90
2007.05.14 09:35:34.685,1.2201,1.2202,31.10,15.30
2007.05.14 09:35:34.840,1.2201,1.2202,31.10,16.10
2007.05.14 09:35:35.313,1.2201,1.2202,31.10,13.70
2007.05.14 09:35:36.373,1.2201,1.2202,31.10,16.10
2007.05.14 09:35:36.692,1.2201,1.2202,31.10,13.70
2007.05.14 09:35:36.984,1.2201,1.2202,31.10,16.10
2007.05.14 09:35:37.191,1.2201,1.2202,31.10,20.10
2007.05.14 09:35:38.702,1.2201,1.2202,31.10,16.10
2007.05.14 09:35:39.664,1.2201,1.2202,27.10,16.10
2007.05.14 09:35:39.865,1.2201,1.2202,31.10,16.10
2007.05.14 09:35:41.701,1.2201,1.2202,19.20,16.10
2007.05.14 09:35:42.241,1.22005,1.2201,4.00,4.00
2007.05.14 09:35:42.386,1.2201,1.2202,15.20,16.10
2007.05.14 09:35:44.850,1.2201,1.2202,15.20,13.70
2007.05.14 09:35:49.728,1.2201,1.2202,15.20,12.10
2007.05.14 09:35:49.809,1.2201,1.2202,15.20,11.20
2007.05.14 09:35:49.867,1.2201,1.2202,15.20,10.40
2007.05.14 09:35:50.208,1.2201,1.2202,15.20,11.90
2007.05.14 09:35:50.291,1.2201,1.2202,15.20,12.90
2007.05.14 09:35:50.411,1.2201,1.2202,15.20,13.70
2007.05.14 09:35:51.291,1.2201,1.2202,15.20,11.20
2007.05.14 09:35:51.428,1.2201,1.2202,15.20,10.40
2007.05.14 09:35:51.716,1.2201,1.2202,15.20,11.20
2007.05.14 09:35:51.736,1.2201,1.2202,15.20,13.70
2007.05.14 09:35:53.161,1.2201,1.2202,15.20,13.50
2007.05.14 09:35:53.200,1.2201,1.2202,15.20,12.70
2007.05.14 09:35:53.265,1.2201,1.2202,15.20,10.40
2007.05.14 09:36:13.169,1.2201,1.2202,27.10,10.40
2007.05.14 09:36:16.232,1.2201,1.2202,20.70,10.40
2007.05.14 09:36:16.246,1.2201,1.2202,11.90,27.20
2007.05.14 09:36:16.258,1.22005,1.2202,4.00,31.10
2007.05.14 09:36:16.327,1.22005,1.2202,4.00,33.50
2007.05.14 09:36:16.371,1.22,1.2202,59.10,33.50
2007.05.14 09:36:16.683,1.2201,1.2202,0.80,32.70
2007.05.14 09:36:18.028,1.2201,1.2202,0.80,32.80
2007.05.14 09:36:18.748,1.2201,1.2202,0.80,36.80
2007.05.14 09:36:19.414,1.2201,1.2202,0.80,32.80
2007.05.14 09:36:21.110,1.2201,1.2202,0.80,32.70
2007.05.14 09:36:21.353,1.2201,1.2202,0.80,35.20
2007.05.14 09:36:21.461,1.2201,1.2202,0.80,36.00
2007.05.14 09:36:22.116,1.2201,1.2202,0.80,44.00
2007.05.14 09:36:22.153,1.2201,1.2202,8.80,36.00
2007.05.14 09:36:22.353,1.2201,1.2202,8.80,33.60
2007.05.14 09:36:22.682,1.2201,1.2202,0.80,41.60
2007.05.14 09:36:23.301,1.2201,1.2202,0.80,33.60
2007.05.14 09:36:23.313,1.2201,1.2202,0.80,36.00
2007.05.14 09:36:24.168,1.2201,1.2202,0.80,44.00
2007.05.14 09:36:24.223,1.2201,1.2202,4.80,44.00
2007.05.14 09:36:24.253,1.2201,1.2202,24.70,24.10
2007.05.14 09:36:24.336,1.2201,1.2202,24.70,21.70
2007.05.14 09:36:24.355,1.2201,1.2202,24.70,9.70
2007.05.14 09:36:24.746,1.2201,1.2202,20.70,9.70
2007.05.14 09:36:24.796,1.2201,1.2202,0.80,41.60
2007.05.14 09:36:24.969,1.2201,1.2202,0.80,33.60
2007.05.14 09:36:25.343,1.2201,1.2202,0.80,36.00
2007.05.14 09:36:26.114,1.2201,1.2202,0.80,44.00
2007.05.14 09:36:26.186,1.2201,1.2202,8.80,36.00
2007.05.14 09:36:26.307,1.2201,1.2202,20.70,16.10
2007.05.14 09:36:26.352,1.2201,1.2202,24.70,13.70
2007.05.14 09:36:26.589,1.2201,1.2202,24.70,21.70
2007.05.14 09:36:26.612,1.22005,1.2201,4.00,4.00
2007.05.14 09:36:26.685,1.22005,1.2201,4.00,6.40
2007.05.14 09:36:26.708,1.22005,1.2201,4.00,6.40
2007.05.14 09:36:26.837,1.22,1.2201,43.10,6.40
2007.05.14 09:36:26.855,1.22,1.2201,35.10,6.40
2007.05.14 09:36:26.898,1.22,1.2201,43.10,6.40
2007.05.14 09:36:27.017,1.22,1.2201,35.10,6.40
2007.05.14 09:36:27.659,1.22,1.2201,35.10,2.40
2007.05.14 09:36:30.480,1.22,1.2201,39.10,2.40
2007.05.14 09:36:34.698,1.22,1.22015,39.10,2.40
2007.05.14 09:36:34.732,1.22,1.22015,43.10,2.40
2007.05.14 09:36:34.761,1.22,1.22015,51.10,2.40
2007.05.14 09:36:35.189,1.2201,1.22015,0.80,2.40
2007.05.14 09:36:35.286,1.2201,1.22015,0.80,2.40
2007.05.14 09:36:35.702,1.2201,1.22015,8.80,2.40
2007.05.14 09:36:35.770,1.2201,1.22015,9.60,2.40
2007.05.14 09:36:35.838,1.2201,1.22015,24.70,2.40
2007.05.14 09:36:35.931,1.2201,1.22015,32.70,0.80
2007.05.14 09:36:36.190,1.2201,1.22015,35.10,0.80
2007.05.14 09:36:36.318,1.2201,1.2202,35.10,4.80
2007.05.14 09:36:36.818,1.2201,1.2202,35.10,2.40
2007.05.14 09:36:39.224,1.2201,1.2202,39.10,2.40
2007.05.14 09:36:40.101,1.2201,1.2202,35.10,2.40
2007.05.14 09:36:40.246,1.2201,1.2202,31.90,2.40
2007.05.14 09:36:40.365,1.2201,1.2202,31.10,3.20
2007.05.14 09:36:45.851,1.2201,1.2202,31.10,4.00
2007.05.14 09:36:45.934,1.2201,1.2202,31.60,4.00
2007.05.14 09:36:46.120,1.2201,1.2202,31.10,4.00
2007.05.14 09:36:46.332,1.2201,1.2202,23.10,12.00
2007.05.14 09:36:46.447,1.2201,1.2202,23.10,11.20
2007.05.14 09:36:46.663,1.2201,1.2202,23.10,14.40
2007.05.14 09:36:46.680,1.2201,1.2202,12.70,14.40
2007.05.14 09:36:46.746,1.2201,1.2202,0.80,30.30
2007.05.14 09:36:47.316,1.2201,1.2202,0.80,32.70
2007.05.14 09:36:48.207,1.2201,1.2202,0.80,36.70
2007.05.14 09:36:48.636,1.2201,1.2202,0.80,32.70
2007.05.14 09:36:48.694,1.22,1.2202,59.10,33.50
2007.05.14 09:36:48.912,1.22,1.2202,59.10,31.10
2007.05.14 09:36:49.135,1.2201,1.2202,0.80,30.30
2007.05.14 09:36:49.219,1.2201,1.2202,8.80,22.30
2007.05.14 09:36:49.746,1.2201,1.2202,16.80,22.30
2007.05.14 09:36:49.831,1.2201,1.2202,28.70,10.40
2007.05.14 09:36:49.924,1.2201,1.2202,31.10,10.40
2007.05.14 09:36:54.400,1.2201,1.2202,35.10,10.40
2007.05.14 09:36:54.945,1.2201,1.2202,39.10,10.40
2007.05.14 09:36:55.117,1.2201,1.2202,47.50,10.40
2007.05.14 09:36:55.206,1.2201,1.2202,48.30,9.60
2007.05.14 09:36:55.231,1.2202,1.22025,2.40,4.00
2007.05.14 09:36:55.251,1.2201,1.2202,51.50,4.00
2007.05.14 09:36:55.352,1.2202,1.22025,10.40,4.00
2007.05.14 09:36:55.364,1.2202,1.22025,10.40,2.40
2007.05.14 09:36:55.529,1.2202,1.2203,10.40,23.90
2007.05.14 09:36:55.685,1.2202,1.2203,10.40,27.90
2007.05.14 09:36:55.810,1.2202,1.2203,10.40,27.10
2007.05.14 09:36:56.414,1.2202,1.2203,10.40,23.10
2007.05.14 09:36:56.660,1.2202,1.2203,11.20,22.30
2007.05.14 09:36:56.691,1.2202,1.2203,19.20,22.30
2007.05.14 09:36:56.766,1.2202,1.2203,31.10,10.40
2007.05.14 09:36:57.040,1.2202,1.2203,15.30,10.40
2007.05.14 09:37:08.732,1.2202,1.2203,31.90,9.60
2007.05.14 09:37:30.696,1.2202,1.2203,35.90,6.40
2007.05.14 09:37:30.785,1.2202,1.2203,35.90,4.00
2007.05.14 09:37:30.815,1.2202,1.22035,47.10,2.40
2007.05.14 09:37:30.931,1.2202,1.22035,55.10,2.40
2007.05.14 09:37:31.693,1.2202,1.2203,55.10,4.00
2007.05.14 09:37:31.918,1.2202,1.22035,55.10,2.40
2007.05.14 09:37:33.898,1.2202,1.2204,55.10,39.10
2007.05.14 09:37:33.906,1.2202,1.2204,59.10,39.10
2007.05.14 09:37:34.727,1.2203,1.2204,0.80,38.30
2007.05.14 09:37:35.007,1.2203,1.2204,0.80,30.30
2007.05.14 09:37:36.606,1.2203,1.2204,0.80,34.30
2007.05.14 09:37:36.690,1.22025,1.2204,0.80,34.30
2007.05.14 09:37:36.776,1.22025,1.2204,0.80,35.10
2007.05.14 09:37:36.890,1.22025,1.2204,0.80,31.10
2007.05.14 09:37:37.884,1.22025,1.2204,0.80,35.10
2007.05.14 09:37:38.956,1.22025,1.2204,0.80,31.10
2007.05.14 09:37:41.252,1.22025,1.22045,0.80,35.90
2007.05.14 09:37:42.677,1.2203,1.22045,0.80,35.10
2007.05.14 09:37:44.116,1.2203,1.22045,0.80,39.10
2007.05.14 09:37:45.665,1.2203,1.2204,4.00,0.50
2007.05.14 09:37:45.785,1.2203,1.2204,15.90,0.70
2007.05.14 09:37:45.791,1.2203,1.22045,23.90,24.00
2007.05.14 09:37:46.181,1.2203,1.22045,31.90,16.00
2007.05.14 09:37:46.197,1.2203,1.22045,32.70,14.40
2007.05.14 09:37:46.276,1.2203,1.22045,32.70,10.40
2007.05.14 09:37:46.789,1.2203,1.2204,35.10,0.50
2007.05.14 09:37:46.966,1.2203,1.2204,35.10,0.60
2007.05.14 09:37:52.783,1.2203,1.22045,31.90,8.00
2007.05.14 09:37:53.368,1.2203,1.22045,31.10,8.80
2007.05.14 09:37:55.396,1.2203,1.2204,31.90,0.90
2007.05.14 09:37:57.044,1.2203,1.2204,35.90,0.70
2007.05.14 09:38:01.293,1.2203,1.2204,31.90,0.90
2007.05.14 09:38:04.337,1.2203,1.22045,31.10,8.80
2007.05.14 09:38:08.445,1.2203,1.2204,31.10,0.80
2007.05.14 09:38:12.829,1.2203,1.2204,30.30,11.20
2007.05.14 09:38:12.898,1.2203,1.2204,30.30,7.20
2007.05.14 09:38:13.635,1.22025,1.2203,2.40,4.00
2007.05.14 09:38:15.512,1.2203,1.2204,30.30,7.20
2007.05.14 09:38:18.234,1.2203,1.2204,10.40,31.10
2007.05.14 09:38:18.251,1.2202,1.2204,62.70,31.10
2007.05.14 09:38:18.310,1.2202,1.2204,57.90,35.10
2007.05.14 09:38:18.349,1.2202,1.2204,55.50,35.10
2007.05.14 09:38:18.371,1.2202,1.2204,51.50,35.10
2007.05.14 09:38:19.130,1.2202,1.2203,51.50,4.00
2007.05.14 09:38:19.628,1.2202,1.2204,51.50,39.10
2007.05.14 09:38:20.673,1.2202,1.2204,51.20,39.10
2007.05.14 09:38:21.184,1.2202,1.2204,43.10,35.20
2007.05.14 09:38:21.286,1.2202,1.2203,35.10,4.00
2007.05.14 09:38:21.699,1.2202,1.2203,43.10,4.00
2007.05.14 09:38:21.850,1.2202,1.2204,51.10,39.10
2007.05.14 09:38:23.420,1.2202,1.2204,55.10,39.10
2007.05.14 09:38:25.850,1.2202,1.2204,55.50,39.10
2007.05.14 09:38:26.379,1.2202,1.2204,56.30,39.10
2007.05.14 09:38:26.493,1.2202,1.2204,58.70,39.10
2007.05.14 09:38:26.684,1.2203,1.2204,8.80,30.30
2007.05.14 09:38:26.779,1.2203,1.2204,20.70,10.40
2007.05.14 09:38:26.789,1.2203,1.2204,28.70,10.40
2007.05.14 09:38:27.179,1.2203,1.2204,31.10,10.40
2007.05.14 09:38:27.960,1.2203,1.2204,31.10,14.40
2007.05.14 09:38:27.982,1.2203,1.2204,31.10,10.40
2007.05.14 09:38:46.622,1.2203,1.2204,31.10,14.40
2007.05.14 09:38:49.626,1.2203,1.2204,30.30,15.20
2007.05.14 09:38:50.209,1.2203,1.2204,31.10,14.40
2007.05.14 09:38:50.900,1.2203,1.2204,31.10,10.40
2007.05.14 09:39:03.190,1.2203,1.2204,31.10,14.40
2007.05.14 09:39:03.312,1.2203,1.2204,31.10,10.40
2007.05.14 09:39:08.173,1.2203,1.2204,30.30,11.20
2007.05.14 09:39:42.052,1.2203,1.2204,30.30,19.20
2007.05.14 09:39:42.269,1.2203,1.2204,10.40,50.80
2007.05.14 09:39:42.402,1.2202,1.2203,34.30,4.00
2007.05.14 09:39:42.423,1.2202,1.2203,35.90,6.40
2007.05.14 09:39:42.424,1.2202,1.2203,31.10,7.20
2007.05.14 09:39:42.743,1.2202,1.2203,31.10,10.40
2007.05.14 09:39:48.210,1.2202,1.2203,34.30,7.20
2007.05.14 09:39:49.204,1.2202,1.2203,34.30,4.80
2007.05.14 09:39:49.239,1.2202,1.2203,39.10,4.00
2007.05.14 09:39:49.319,1.2202,1.2203,39.90,3.20
2007.05.14 09:39:49.369,1.2202,1.2203,47.90,3.20
2007.05.14 09:39:50.301,1.2202,1.22035,51.10,0.80
2007.05.14 09:39:52.155,1.2202,1.22035,55.10,0.80
2007.05.14 09:39:52.271,1.2203,1.22035,8.00,0.80
2007.05.14 09:39:52.275,1.2203,1.22035,27.90,0.80
2007.05.14 09:39:52.370,1.2203,1.2204,27.90,7.20
2007.05.14 09:39:52.767,1.2203,1.2204,30.30,7.20
2007.05.14 09:39:53.682,1.2203,1.2204,10.40,31.10
2007.05.14 09:39:53.690,1.2202,1.2204,62.30,31.10
2007.05.14 09:39:53.800,1.2202,1.2204,58.30,35.10
2007.05.14 09:39:53.806,1.2202,1.2204,55.90,35.10
2007.05.14 09:39:53.889,1.2202,1.2204,51.90,35.10
2007.05.14 09:39:56.140,1.2202,1.2203,39.10,6.40
2007.05.14 09:39:56.191,1.2203,1.22035,10.40,2.40
2007.05.14 09:39:56.259,1.2202,1.2203,29.50,4.00
2007.05.14 09:39:56.348,1.2203,1.2204,30.30,15.20
2007.05.14 09:39:57.000,1.2202,1.2204,60.70,15.20
2007.05.14 09:39:57.243,1.2202,1.2204,56.70,23.20
2007.05.14 09:39:57.255,1.2202,1.2203,47.90,2.40
2007.05.14 09:39:57.324,1.2202,1.2203,7.90,2.40
2007.05.14 09:39:57.363,1.2202,1.2203,15.10,2.40
2007.05.14 09:39:58.253,1.2202,1.2203,17.40,2.40
2007.05.14 09:39:58.474,1.2202,1.2203,4.50,3.20
2007.05.14 09:40:01.227,1.2202,1.2203,9.30,3.20
2007.05.14 09:40:02.825,1.2202,1.2203,10.30,2.40
2007.05.14 09:40:03.133,1.22015,1.2203,36.70,2.40
2007.05.14 09:40:03.715,1.2203,1.22035,4.10,3.20
2007.05.14 09:40:03.784,1.2203,1.22035,1.70,1.60
2007.05.14 09:40:03.825,1.2203,1.22035,8.40,1.60
2007.05.14 09:40:04.189,1.2202,1.22035,51.00,1.60
2007.05.14 09:40:04.218,1.22015,1.22035,60.70,1.60
2007.05.14 09:40:04.343,1.2202,1.22035,8.40,0.80
2007.05.14 09:40:04.376,1.2202,1.2204,23.30,43.10
2007.05.14 09:40:04.850,1.22015,1.2204,56.70,39.10
2007.05.14 09:40:06.293,1.22015,1.2203,56.70,4.00
2007.05.14 09:40:08.698,1.22015,1.2203,56.70,4.00
2007.05.14 09:40:08.715,1.2203,1.2204,1.90,19.20
2007.05.14 09:40:08.718,1.2203,1.2204,9.30,19.20
2007.05.14 09:40:08.737,1.2203,1.2204,14.00,19.20
2007.05.14 09:40:08.830,1.2202,1.2204,62.30,11.20
2007.05.14 09:40:09.249,1.2203,1.2204,13.80,11.20
2007.05.14 09:40:09.886,1.2203,1.2204,1.10,15.20
2007.05.14 09:40:11.092,1.2202,1.2204,60.70,11.20
2007.05.14 09:40:19.577,1.2202,1.2204,60.70,15.20
2007.05.14 09:40:23.276,1.2202,1.2204,59.10,15.10
2007.05.14 09:40:26.268,1.2203,1.2204,30.30,15.90
2007.05.14 09:40:26.276,1.2203,1.2204,30.30,16.70
2007.05.14 09:40:26.499,1.2203,1.2204,30.30,15.90
2007.05.14 09:40:28.629,1.2203,1.2204,30.30,19.90
2007.05.14 09:40:28.670,1.2203,1.2204,22.30,19.90
2007.05.14 09:40:28.772,1.2203,1.2204,10.40,31.00
2007.05.14 09:40:28.829,1.2203,1.2204,10.40,39.00
2007.05.14 09:40:28.946,1.2203,1.2204,10.40,31.00
2007.05.14 09:40:29.333,1.2203,1.2204,10.40,31.80
2007.05.14 09:40:29.383,1.2203,1.2204,10.40,32.20
2007.05.14 09:40:29.581,1.2203,1.22035,10.40,0.80
2007.05.14 09:40:30.202,1.2203,1.22035,8.00,0.80
2007.05.14 09:40:30.205,1.2202,1.2203,51.90,0.80
2007.05.14 09:40:30.309,1.2202,1.2203,43.10,0.80
2007.05.14 09:40:30.349,1.2202,1.2203,39.10,0.80
2007.05.14 09:40:31.337,1.2202,1.2203,31.10,4.80
2007.05.14 09:40:31.365,1.2202,1.2203,30.30,5.60
2007.05.14 09:40:31.407,1.2202,1.2203,30.30,9.60
2007.05.14 09:40:31.620,1.2202,1.2203,30.30,11.90
2007.05.14 09:40:31.725,1.2202,1.2203,30.30,7.90
2007.05.14 09:40:31.728,1.2202,1.2203,30.30,5.60
2007.05.14 09:40:31.866,1.2202,1.2203,38.30,5.60
2007.05.14 09:40:31.885,1.2202,1.2203,39.10,4.80
2007.05.14 09:40:32.605,1.2202,1.2203,39.10,0.80
2007.05.14 09:40:33.179,1.2202,1.2203,12.10,0.80
2007.05.14 09:40:36.107,1.2202,1.2203,12.70,4.80
2007.05.14 09:40:36.186,1.2202,1.2203,17.60,8.00
2007.05.14 09:40:37.117,1.2202,1.2203,2.30,7.20
2007.05.14 09:40:37.749,1.2202,1.2203,4.40,3.20
2007.05.14 09:40:39.612,1.2202,1.2203,17.20,3.20
2007.05.14 09:40:43.922,1.22015,1.2203,45.80,3.20
2007.05.14 09:40:49.238,1.22015,1.2203,47.00,3.20
2007.05.14 09:40:50.969,1.22015,1.2203,46.70,3.20
2007.05.14 09:40:51.195,1.2202,1.2203,10.20,3.20
2007.05.14 09:40:58.296,1.22015,1.2203,44.70,3.20
2007.05.14 09:40:58.309,1.22015,1.2203,32.80,15.10
2007.05.14 09:40:58.331,1.2202,1.2203,8.00,15.10
2007.05.14 09:40:58.683,1.2202,1.2203,0.60,15.90
2007.05.14 09:40:58.696,1.2202,1.2203,0.60,15.90
2007.05.14 09:40:58.780,1.2202,1.2203,5.10,19.90
2007.05.14 09:40:59.274,1.2201,1.2203,82.40,22.30
2007.05.14 09:41:01.206,1.2202,1.2203,8.70,22.30
2007.05.14 09:41:01.303,1.2202,1.2203,31.10,10.40
2007.05.14 09:41:01.509,1.2202,1.2203,31.10,11.40
2007.05.14 09:41:02.004,1.2202,1.2203,39.10,11.40
2007.05.14 09:41:02.198,1.2202,1.2203,39.10,9.00
2007.05.14 09:41:02.257,1.2202,1.2203,39.90,8.20
2007.05.14 09:41:02.300,1.2202,1.2203,39.90,4.20
2007.05.14 09:41:02.786,1.2202,1.2203,39.10,5.00
2007.05.14 09:41:02.850,1.2202,1.2203,31.10,9.00
2007.05.14 09:41:03.234,1.2202,1.2203,39.10,5.00
2007.05.14 09:41:03.369,1.2202,1.2203,39.90,4.20
2007.05.14 09:41:04.723,1.2202,1.2203,35.90,4.20
2007.05.14 09:41:09.163,1.2202,1.2203,35.10,4.20
2007.05.14 09:41:09.361,1.2202,1.2203,27.10,4.20
2007.05.14 09:41:09.431,1.2202,1.2203,27.10,5.00
2007.05.14 09:41:09.689,1.2202,1.2203,27.10,4.20
2007.05.14 09:41:09.894,1.2202,1.2203,35.10,4.20
2007.05.14 09:41:09.955,1.2202,1.2203,35.90,4.20
2007.05.14 09:41:10.336,1.2202,1.2203,36.70,4.20
2007.05.14 09:41:15.501,1.2202,1.2203,37.50,4.20
2007.05.14 09:41:18.615,1.2202,1.2203,37.50,3.20
2007.05.14 09:41:20.507,1.2202,1.2203,38.30,3.20
2007.05.14 09:41:21.565,1.2202,1.2203,11.50,3.20
2007.05.14 09:41:25.378,1.2202,1.2203,10.30,3.20
2007.05.14 09:41:29.672,1.22015,1.2203,43.90,3.20
2007.05.14 09:41:29.761,1.22015,1.2203,35.90,3.20
2007.05.14 09:41:29.796,1.22015,1.2203,35.90,7.20
2007.05.14 09:41:29.955,1.2202,1.2203,11.00,8.00
2007.05.14 09:41:30.189,1.2201,1.2203,73.90,10.40
2007.05.14 09:41:30.474,1.2201,1.2203,74.70,10.40
2007.05.14 09:41:31.220,1.2201,1.2203,54.70,10.40
2007.05.14 09:41:31.250,1.2201,1.2203,54.60,19.20
2007.05.14 09:41:31.355,1.22005,1.2203,68.40,39.10
2007.05.14 09:41:32.864,1.2201,1.2203,0.50,39.10
2007.05.14 09:41:33.126,1.22005,1.2203,68.40,39.10
2007.05.14 09:41:33.399,1.22005,1.2203,68.40,43.10
2007.05.14 09:41:38.405,1.22005,1.2203,72.40,39.10
2007.05.14 09:41:38.598,1.22005,1.22035,135.20,47.10
2007.05.14 09:41:43.874,1.22005,1.22035,68.40,47.10
2007.05.14 09:41:58.798,1.2201,1.22035,59.50,47.10
2007.05.14 09:42:00.256,1.2202,1.22035,8.80,38.30
2007.05.14 09:42:00.272,1.2202,1.2203,16.80,0.50
2007.05.14 09:42:00.374,1.2202,1.22035,28.70,15.20
2007.05.14 09:42:00.790,1.2202,1.2203,31.10,0.60
2007.05.14 09:42:08.014,1.2202,1.2203,31.90,12.00
2007.05.14 09:42:08.075,1.2202,1.2203,31.10,11.20
2007.05.14 09:42:08.077,1.2202,1.2203,31.10,10.40
2007.05.14 09:42:22.908,1.2202,1.2203,31.10,14.40
2007.05.14 09:42:25.695,1.2201,1.2202,46.40,2.40
2007.05.14 09:42:25.716,1.2202,1.2203,12.70,21.60
2007.05.14 09:42:25.824,1.2202,1.2203,12.70,25.60
2007.05.14 09:42:25.894,1.2201,1.2202,40.80,7.20
2007.05.14 09:42:25.940,1.2201,1.2202,40.40,7.20
2007.05.14 09:42:26.142,1.2201,1.2202,38.70,7.20
2007.05.14 09:42:26.313,1.2201,1.2202,37.90,7.20
2007.05.14 09:42:26.331,1.2201,1.2202,34.70,7.20
2007.05.14 09:42:26.407,1.2201,1.2202,38.70,7.20
2007.05.14 09:42:26.636,1.2201,1.2202,42.70,7.20
2007.05.14 09:42:26.694,1.2202,1.22025,8.00,1.60
2007.05.14 09:42:26.747,1.2202,1.22025,19.90,1.60
2007.05.14 09:42:26.824,1.2202,1.2203,19.90,29.60
2007.05.14 09:42:26.855,1.2202,1.2203,19.90,21.60
2007.05.14 09:42:27.183,1.2202,1.2203,28.70,12.80
2007.05.14 09:42:27.343,1.2202,1.2203,28.70,12.00
2007.05.14 09:42:27.377,1.2202,1.2203,31.10,12.00
2007.05.14 09:42:27.405,1.2202,1.2203,31.10,11.20
2007.05.14 09:42:27.599,1.2202,1.2203,31.10,10.40
2007.05.14 09:42:27.919,1.2202,1.2203,31.40,10.40
2007.05.14 09:42:28.667,1.2202,1.2203,31.40,14.40
2007.05.14 09:42:28.909,1.2202,1.2203,31.40,10.40
2007.05.14 09:42:31.326,1.2202,1.2203,23.40,18.40
2007.05.14 09:42:31.691,1.2202,1.2203,21.00,18.40
2007.05.14 09:42:31.759,1.2202,1.2203,9.10,30.30
2007.05.14 09:42:31.799,1.2202,1.2203,1.10,30.30
2007.05.14 09:42:33.706,1.2203,1.22035,10.40,4.00
2007.05.14 09:42:33.746,1.2203,1.22035,19.20,4.00
2007.05.14 09:42:33.816,1.2203,1.22035,19.20,0.80
2007.05.14 09:42:33.877,1.22025,1.2203,0.80,3.20
2007.05.14 09:42:33.925,1.22015,1.2202,6.40,4.00
2007.05.14 09:42:34.233,1.2203,1.22035,31.10,0.80
2007.05.14 09:42:34.285,1.2203,1.2204,31.10,10.40
2007.05.14 09:42:34.331,1.2203,1.2204,31.10,8.80
2007.05.14 09:42:36.405,1.2203,1.2204,31.10,12.80
2007.05.14 09:42:36.691,1.2203,1.2204,31.10,8.80
2007.05.14 09:42:36.835,1.2203,1.2204,31.10,6.40
2007.05.14 09:42:40.035,1.22025,1.2204,31.90,6.40
2007.05.14 09:42:50.199,1.2202,1.2204,74.20,14.40
2007.05.14 09:42:50.322,1.2202,1.2204,75.80,6.40
2007.05.14 09:42:50.419,1.2202,1.2204,71.80,14.40
2007.05.14 09:42:50.536,1.2202,1.2204,67.80,18.40
2007.05.14 09:42:50.696,1.2202,1.2204,67.00,18.40
2007.05.14 09:42:50.718,1.2203,1.2204,2.10,39.10
2007.05.14 09:42:50.802,1.22015,1.2204,63.90,39.10
2007.05.14 09:42:50.822,1.22015,1.2204,59.90,43.10
2007.05.14 09:42:50.836,1.22015,1.2204,51.90,43.10
2007.05.14 09:42:51.132,1.2202,1.2204,15.60,39.90
2007.05.14 09:42:51.178,1.2202,1.2204,11.80,40.10
2007.05.14 09:42:51.256,1.22015,1.2204,63.30,39.90
2007.05.14 09:42:51.325,1.22015,1.2204,64.10,39.10
2007.05.14 09:42:51.369,1.22015,1.2204,62.50,39.10
2007.05.14 09:42:51.676,1.2203,1.2204,3.70,30.30
2007.05.14 09:42:51.747,1.2203,1.2204,0.50,10.40
2007.05.14 09:42:51.839,1.2202,1.2204,59.80,10.40
2007.05.14 09:42:52.295,1.2203,1.2204,2.50,10.40
2007.05.14 09:42:54.077,1.2202,1.2204,70.90,10.40
2007.05.14 09:42:56.700,1.2203,1.2204,7.60,10.40
2007.05.14 09:42:56.750,1.2202,1.2204,59.00,22.30
2007.05.14 09:42:56.879,1.2202,1.2204,59.00,30.30
2007.05.14 09:42:57.159,1.2202,1.2204,58.60,31.10
2007.05.14 09:42:57.238,1.2202,1.2204,54.60,39.10
2007.05.14 09:42:57.304,1.2202,1.2204,53.10,39.10
2007.05.14 09:42:59.183,1.2202,1.2204,53.10,43.10
2007.05.14 09:42:59.651,1.2202,1.2204,52.20,35.10
2007.05.14 09:42:59.686,1.2202,1.2204,60.20,35.10
2007.05.14 09:42:59.769,1.2203,1.2204,7.60,14.40
2007.05.14 09:43:00.268,1.2203,1.2204,3.80,14.40
2007.05.14 09:43:01.756,1.2202,1.2204,71.40,14.40
2007.05.14 09:43:02.059,1.2202,1.2204,71.40,10.40
2007.05.14 09:43:05.373,1.2202,1.2204,70.60,11.20
2007.05.14 09:43:07.585,1.2203,1.2204,30.60,11.20
2007.05.14 09:43:15.492,1.2203,1.2204,31.40,10.40
2007.05.14 09:43:16.550,1.2203,1.2204,31.10,10.40
2007.05.14 09:43:17.330,1.2203,1.2204,31.10,9.60
2007.05.14 09:43:17.619,1.2203,1.2204,31.10,9.60
2007.05.14 09:43:22.510,1.2203,1.2204,31.10,10.40
2007.05.14 09:43:26.550,1.2203,1.2204,31.40,10.40
2007.05.14 09:43:35.673,1.2203,1.2204,35.40,10.40
2007.05.14 09:43:35.787,1.2204,1.22045,10.40,4.00
2007.05.14 09:43:35.789,1.2204,1.22045,30.30,4.00
2007.05.14 09:43:35.798,1.2203,1.2204,31.40,3.20
2007.05.14 09:43:37.268,1.2203,1.2204,34.60,5.60
2007.05.14 09:43:37.310,1.2203,1.2204,56.20,2.40
2007.05.14 09:43:37.315,1.2203,1.2204,48.20,2.40
2007.05.14 09:43:37.417,1.2203,1.2204,35.40,2.40
2007.05.14 09:43:38.632,1.2203,1.2204,35.40,6.40
2007.05.14 09:43:38.915,1.2203,1.2204,35.40,2.40
2007.05.14 09:43:41.615,1.2203,1.2204,39.40,2.40
2007.05.14 09:43:43.862,1.2203,1.2204,35.40,2.40
2007.05.14 09:43:46.426,1.2203,1.2204,35.10,2.40
2007.05.14 09:43:52.228,1.2203,1.22045,35.10,2.40
2007.05.14 09:43:52.299,1.2203,1.22045,35.10,0.80
2007.05.14 09:43:52.515,1.2203,1.2205,35.10,48.10
2007.05.14 09:43:52.702,1.2203,1.2205,35.10,51.20
2007.05.14 09:43:52.839,1.2203,1.2205,35.10,53.60
2007.05.14 09:43:52.878,1.2203,1.2205,35.10,59.20
2007.05.14 09:43:52.922,1.2203,1.2205,35.10,60.00
2007.05.14 09:43:53.208,1.2203,1.2204,35.10,2.40
2007.05.14 09:44:00.561,1.2203,1.2204,34.30,3.20
2007.05.14 09:44:00.665,1.2203,1.2204,34.60,3.20
2007.05.14 09:44:01.102,1.2203,1.2204,42.60,3.20
2007.05.14 09:44:01.183,1.2203,1.2204,43.40,2.40
2007.05.14 09:44:01.290,1.2203,1.2204,51.40,2.40
2007.05.14 09:44:01.359,1.2203,1.2205,51.40,51.10
2007.05.14 09:44:01.397,1.2203,1.2205,51.40,47.90
2007.05.14 09:44:01.455,1.2203,1.2205,51.40,48.70
2007.05.14 09:44:01.619,1.2203,1.2205,55.40,44.70
2007.05.14 09:44:01.673,1.2203,1.2205,55.40,43.90
2007.05.14 09:44:01.808,1.2203,1.2205,55.40,41.50
2007.05.14 09:44:03.426,1.2203,1.2205,51.40,41.50
2007.05.14 09:44:03.449,1.2203,1.2205,55.40,41.50
2007.05.14 09:44:10.475,1.2203,1.2205,56.20,41.50
2007.05.14 09:44:10.705,1.2203,1.2205,55.40,41.50
2007.05.14 09:44:18.194,1.2203,1.2205,47.40,33.60
2007.05.14 09:44:18.312,1.2203,1.2205,39.40,51.70
2007.05.14 09:44:18.348,1.2203,1.2205,39.40,56.50
2007.05.14 09:44:18.409,1.2203,1.2205,39.40,57.30
2007.05.14 09:44:18.599,1.2203,1.2205,39.40,53.30
2007.05.14 09:44:18.610,1.2203,1.2204,38.60,0.80
2007.05.14 09:44:19.227,1.2203,1.2204,38.60,3.20
2007.05.14 09:44:29.573,1.2203,1.2204,34.30,3.20
2007.05.14 09:44:35.149,1.2203,1.2204,38.30,3.20
2007.05.14 09:44:36.776,1.2203,1.2204,34.30,7.20
2007.05.14 09:44:37.133,1.2203,1.2204,34.30,3.20
2007.05.14 09:44:49.161,1.2203,1.2204,35.10,2.40
2007.05.14 09:44:49.724,1.2203,1.22045,35.10,2.40
2007.05.14 09:44:49.764,1.2203,1.22045,43.10,2.40
2007.05.14 09:44:49.837,1.2203,1.22045,55.10,2.40
2007.05.14 09:44:50.710,1.2203,1.22045,51.10,2.40
2007.05.14 09:44:52.533,1.2203,1.2205,51.10,50.20
2007.05.14 09:44:55.162,1.2203,1.22045,47.90,5.60
2007.05.14 09:44:58.287,1.2203,1.2205,51.90,45.80
2007.05.14 09:44:58.704,1.2203,1.2205,47.90,49.80
2007.05.14 09:44:59.718,1.2203,1.2205,47.90,49.80
2007.05.14 09:45:00.245,1.2203,1.2204,39.10,0.80
2007.05.14 09:45:03.657,1.2203,1.2205,39.90,0.80
2007.05.14 09:45:03.823,1.2203,1.22055,39.90,47.70
2007.05.14 09:45:03.847,1.2203,1.2205,40.20,0.60
2007.05.14 09:45:04.879,1.2203,1.2205,40.20,0.70
2007.05.14 09:45:05.975,1.2203,1.2205,40.20,0.70
2007.05.14 09:45:07.644,1.2203,1.22055,40.20,44.80
2007.05.14 09:45:07.719,1.2203,1.22055,40.20,45.60
2007.05.14 09:45:07.751,1.2203,1.2205,40.20,0.70
2007.05.14 09:45:07.870,1.2203,1.2205,32.20,0.80
2007.05.14 09:45:07.871,1.2203,1.2204,31.40,0.80
2007.05.14 09:45:08.327,1.2203,1.2204,31.40,0.90
2007.05.14 09:45:10.233,1.2203,1.2204,19.50,0.70
2007.05.14 09:45:10.391,1.2203,1.22045,11.50,22.30
2007.05.14 09:45:10.783,1.2203,1.2204,10.70,0.60
2007.05.14 09:45:13.237,1.2203,1.22045,14.70,29.50
2007.05.14 09:45:13.239,1.2203,1.2204,12.30,0.80
2007.05.14 09:45:13.248,1.2203,1.22045,4.30,49.50
2007.05.14 09:45:13.352,1.2203,1.22045,4.30,57.50
2007.05.14 09:45:13.552,1.2203,1.2204,4.30,0.70
2007.05.14 09:45:13.666,1.2203,1.2204,4.30,0.60
2007.05.14 09:45:13.754,1.2202,1.2203,31.10,0.80
2007.05.14 09:45:13.761,1.2203,1.2204,4.00,50.70
2007.05.14 09:45:14.250,1.2203,1.22035,4.00,8.00
2007.05.14 09:45:14.402,1.2202,1.22035,31.10,8.00
2007.05.14 09:45:16.734,1.2202,1.22035,31.10,5.60
2007.05.14 09:45:16.818,1.2202,1.22035,31.90,4.80
2007.05.14 09:45:16.962,1.2202,1.22035,39.90,4.80
2007.05.14 09:45:18.728,1.2202,1.2204,39.90,44.30
2007.05.14 09:45:18.849,1.2202,1.2203,39.10,0.50
2007.05.14 09:45:18.916,1.2202,1.22035,31.10,9.60
2007.05.14 09:45:18.923,1.2202,1.2203,35.10,0.90
2007.05.14 09:45:19.237,1.2202,1.22035,35.10,12.00
2007.05.14 09:45:20.257,1.2202,1.2203,43.10,6.40
2007.05.14 09:45:20.383,1.2202,1.2203,43.90,5.60
2007.05.14 09:45:20.398,1.2202,1.2203,39.90,5.60
2007.05.14 09:45:20.764,1.2202,1.2203,39.90,3.20
2007.05.14 09:45:22.207,1.22025,1.2203,0.80,3.20
2007.05.14 09:45:22.658,1.22025,1.2204,0.80,47.10
2007.05.14 09:45:22.730,1.2202,1.2204,45.20,47.10
2007.05.14 09:45:23.052,1.2202,1.2204,45.20,39.10
2007.05.14 09:45:23.156,1.2202,1.2203,41.20,3.20
2007.05.14 09:45:23.369,1.2202,1.2203,43.60,3.20
2007.05.14 09:45:23.467,1.22025,1.2203,0.80,3.20
2007.05.14 09:45:24.233,1.22025,1.2204,0.80,31.10
2007.05.14 09:45:24.410,1.22025,1.2204,0.80,35.10
2007.05.14 09:45:25.120,1.2203,1.2204,0.80,34.30
2007.05.14 09:45:25.228,1.2203,1.2204,8.80,34.30
2007.05.14 09:45:25.265,1.2203,1.2204,28.70,14.40
2007.05.14 09:45:25.682,1.2203,1.2204,28.70,10.40
2007.05.14 09:45:25.756,1.2203,1.2204,20.70,10.40
2007.05.14 09:45:25.837,1.22025,1.2204,0.80,31.10
2007.05.14 09:45:26.716,1.22025,1.2204,0.80,35.10
2007.05.14 09:45:27.805,1.22025,1.2203,0.80,4.00
2007.05.14 09:45:27.917,1.22025,1.2204,0.80,35.10
2007.05.14 09:45:28.624,1.22025,1.2204,0.80,31.10
2007.05.14 09:45:28.662,1.22025,1.2204,0.80,35.10
2007.05.14 09:45:31.672,1.22025,1.2203,0.80,4.00
2007.05.14 09:45:32.869,1.22025,1.2204,0.80,39.10
2007.05.14 09:45:34.431,1.22025,1.2204,0.80,35.10
2007.05.14 09:45:35.679,1.22025,1.2204,0.80,31.10
2007.05.14 09:45:37.741,1.22025,1.2204,0.80,35.10
2007.05.14 09:45:37.846,1.22025,1.2204,0.80,39.10
2007.05.14 09:45:38.888,1.22025,1.2204,0.80,35.10
2007.05.14 09:45:39.127,1.22025,1.2204,0.80,39.10
2007.05.14 09:45:39.423,1.22025,1.2204,0.80,35.10
2007.05.14 09:45:39.734,1.22025,1.2204,0.80,35.10
2007.05.14 09:45:41.690,1.22025,1.2204,0.80,39.10
2007.05.14 09:45:41.727,1.22025,1.2204,0.80,35.10
2007.05.14 09:45:47.639,1.22025,1.2203,0.80,4.00
2007.05.14 09:45:48.047,1.2202,1.2203,55.60,4.00
2007.05.14 09:45:48.199,1.2202,1.2203,52.40,4.00
2007.05.14 09:45:48.227,1.2202,1.2203,51.60,4.00
2007.05.14 09:45:48.519,1.2202,1.2203,48.20,4.00
2007.05.14 09:45:48.620,1.2202,1.2203,47.90,4.00
2007.05.14 09:45:48.760,1.2202,1.2203,47.10,4.80
2007.05.14 09:45:48.830,1.2202,1.2203,39.10,4.80
2007.05.14 09:45:49.340,1.2202,1.2203,39.90,4.00
2007.05.14 09:45:49.487,1.2202,1.2203,47.90,7.20
2007.05.14 09:45:49.734,1.2202,1.2203,48.10,7.20
2007.05.14 09:45:50.063,1.2202,1.2203,47.90,7.20
2007.05.14 09:45:50.637,1.2202,1.2203,47.90,3.20
2007.05.14 09:45:52.297,1.2202,1.2203,39.10,4.00
2007.05.14 09:46:04.788,1.2202,1.2203,39.10,8.00
2007.05.14 09:46:07.819,1.2202,1.2203,39.90,7.20
2007.05.14 09:46:07.907,1.2202,1.2203,47.90,7.20
2007.05.14 09:46:09.002,1.2202,1.2203,47.90,3.20
2007.05.14 09:46:10.610,1.2202,1.2203,39.90,3.20
2007.05.14 09:46:10.670,1.2202,1.2203,47.90,3.20
2007.05.14 09:46:10.679,1.2202,1.2203,51.90,3.20
2007.05.14 09:46:11.707,1.2202,1.2203,52.30,3.20
2007.05.14 09:46:12.259,1.2203,1.2204,8.00,22.40
2007.05.14 09:46:12.400,1.2203,1.2204,16.80,26.30
2007.05.14 09:46:12.424,1.2203,1.2204,28.70,14.40
2007.05.14 09:46:12.530,1.2203,1.2204,28.70,10.40
2007.05.14 09:46:12.762,1.2203,1.2204,31.10,10.40
2007.05.14 09:46:12.814,1.2203,1.2204,31.90,9.60
2007.05.14 09:46:13.454,1.2203,1.2204,31.90,13.60
2007.05.14 09:46:13.683,1.2203,1.2204,11.20,34.30
2007.05.14 09:46:13.873,1.2203,1.2204,10.40,35.10
2007.05.14 09:46:13.897,1.22025,1.2204,0.80,35.10
2007.05.14 09:46:14.145,1.22025,1.2204,0.80,31.10
2007.05.14 09:46:14.622,1.2202,1.2204,62.70,31.10
2007.05.14 09:46:14.834,1.2202,1.2204,62.80,31.10
2007.05.14 09:46:15.770,1.2202,1.2204,66.80,31.10
2007.05.14 09:46:15.795,1.2202,1.2203,62.80,4.00
2007.05.14 09:46:15.833,1.2202,1.2203,62.00,4.00
2007.05.14 09:46:16.265,1.2202,1.2204,62.00,31.10
2007.05.14 09:46:17.651,1.2202,1.2204,62.20,31.10
2007.05.14 09:46:17.695,1.22025,1.2204,0.80,31.10
2007.05.14 09:46:24.743,1.2203,1.2204,3.20,27.90
2007.05.14 09:46:24.878,1.22025,1.2204,4.00,27.90
2007.05.14 09:46:25.241,1.2202,1.2204,62.20,31.10
2007.05.14 09:46:25.696,1.22015,1.2204,71.60,31.10
2007.05.14 09:46:25.699,1.2202,1.2204,0.80,31.10
2007.05.14 09:46:25.880,1.2202,1.2204,4.40,31.10
2007.05.14 09:46:25.904,1.22015,1.2204,65.50,35.10
2007.05.14 09:46:25.996,1.2202,1.2204,8.00,35.10
2007.05.14 09:46:26.203,1.22015,1.2204,58.00,35.10
2007.05.14 09:46:26.721,1.22015,1.2204,66.00,31.10
2007.05.14 09:46:26.874,1.2202,1.2204,4.90,31.10
2007.05.14 09:46:27.153,1.2202,1.2204,25.30,31.10
2007.05.14 09:46:28.030,1.2202,1.2204,57.20,31.10
2007.05.14 09:46:28.709,1.2202,1.2204,63.20,35.10
2007.05.14 09:46:29.639,1.22025,1.2204,0.80,31.10
2007.05.14 09:46:30.670,1.22025,1.2204,0.80,35.10
2007.05.14 09:46:31.164,1.2202,1.2204,63.20,31.10
2007.05.14 09:46:32.197,1.2202,1.2204,63.20,35.10
2007.05.14 09:46:34.644,1.22025,1.2204,0.80,31.10
2007.05.14 09:46:36.243,1.2202,1.2204,59.20,35.10
2007.05.14 09:46:38.162,1.2202,1.2204,63.20,31.10
2007.05.14 09:46:42.122,1.22025,1.2204,1.60,30.30
2007.05.14 09:46:42.214,1.22025,1.2204,21.50,10.40
2007.05.14 09:46:42.267,1.22025,1.2204,29.50,10.40
2007.05.14 09:46:42.662,1.2203,1.2204,4.30,18.40
2007.05.14 09:46:42.748,1.22025,1.2204,8.80,31.10
2007.05.14 09:46:42.762,1.2202,1.2204,71.40,31.10
2007.05.14 09:46:44.242,1.2202,1.2204,63.40,31.20
2007.05.14 09:46:45.706,1.2202,1.2203,64.60,4.00
2007.05.14 09:46:46.186,1.22025,1.2204,0.80,39.20
2007.05.14 09:46:46.923,1.2202,1.22045,60.60,43.20
2007.05.14 09:46:48.129,1.22025,1.2204,0.80,0.60
2007.05.14 09:46:49.637,1.2202,1.22045,59.20,43.20
2007.05.14 09:46:50.126,1.2202,1.22045,59.20,39.20
2007.05.14 09:46:52.923,1.22025,1.2204,0.80,0.70
2007.05.14 09:46:58.812,1.2202,1.2204,47.90,0.60
2007.05.14 09:46:59.704,1.2202,1.2204,52.20,0.80
2007.05.14 09:46:59.860,1.2202,1.2204,53.80,0.60
2007.05.14 09:46:59.869,1.22025,1.2204,0.80,0.70
2007.05.14 09:47:00.266,1.22025,1.22045,0.80,43.20
2007.05.14 09:47:00.638,1.22025,1.22045,0.80,47.20
2007.05.14 09:47:01.747,1.22025,1.22045,0.80,51.20
2007.05.14 09:47:02.096,1.22025,1.2204,0.80,0.90
2007.05.14 09:47:02.154,1.22025,1.22045,0.80,39.20
2007.05.14 09:47:05.221,1.22025,1.22045,0.80,39.20
2007.05.14 09:47:06.627,1.22025,1.22045,0.80,35.20
2007.05.14 09:47:10.320,1.22025,1.22045,0.80,39.20
2007.05.14 09:47:11.919,1.22025,1.2204,0.80,0.80
2007.05.14 09:47:15.226,1.22025,1.22045,0.80,39.20
2007.05.14 09:47:20.515,1.22025,1.2204,0.80,39.20
2007.05.14 09:47:22.715,1.22025,1.2204,0.80,35.20
2007.05.14 09:47:23.191,1.22025,1.2204,0.80,39.20
2007.05.14 09:47:23.268,1.22025,1.2204,0.80,39.20
2007.05.14 09:47:23.280,1.2202,1.2204,62.10,35.20
2007.05.14 09:47:24.224,1.22025,1.2204,8.80,35.20
2007.05.14 09:47:24.294,1.2203,1.2204,1.90,15.30
2007.05.14 09:47:24.765,1.22025,1.2204,20.70,15.30
2007.05.14 09:47:24.905,1.2202,1.2204,62.10,35.20
2007.05.14 09:47:26.349,1.22025,1.2204,0.80,39.20
2007.05.14 09:47:26.478,1.22025,1.2204,0.80,40.80
2007.05.14 09:47:26.765,1.22025,1.2204,0.80,48.80
2007.05.14 09:47:26.778,1.22025,1.2203,0.80,0.80
2007.05.14 09:47:27.176,1.22025,1.2203,0.80,3.20
2007.05.14 09:47:27.315,1.2202,1.2203,40.90,7.20
2007.05.14 09:47:27.789,1.22025,1.2203,0.80,3.20
2007.05.14 09:47:27.978,1.22025,1.2203,0.80,2.40
2007.05.14 09:47:28.725,1.22025,1.22035,0.80,0.80
2007.05.14 09:47:29.459,1.22025,1.2204,0.80,35.20
2007.05.14 09:47:29.793,1.22025,1.2204,0.80,31.20
2007.05.14 09:47:29.836,1.2202,1.2204,0.70,31.20
2007.05.14 09:47:29.881,1.22015,1.2204,63.10,31.20
2007.05.14 09:47:29.951,1.22015,1.2204,63.20,39.20
2007.05.14 09:47:30.137,1.22015,1.2204,63.20,43.20
2007.05.14 09:47:30.156,1.22015,1.2204,59.20,43.20
2007.05.14 09:47:30.676,1.22015,1.2204,55.10,43.20
2007.05.14 09:47:31.358,1.2202,1.2204,51.90,43.20
2007.05.14 09:47:31.507,1.2202,1.2204,57.70,39.20
2007.05.14 09:47:32.506,1.2202,1.2204,58.00,35.20
2007.05.14 09:47:32.673,1.22015,1.2204,57.50,35.20
2007.05.14 09:47:32.765,1.22015,1.2203,55.90,0.80
2007.05.14 09:47:32.954,1.2202,1.2203,21.20,1.60
2007.05.14 09:47:32.971,1.2202,1.2203,5.30,2.40
2007.05.14 09:47:33.049,1.22015,1.2203,46.30,3.20
2007.05.14 09:47:33.164,1.22015,1.2203,38.30,3.20
2007.05.14 09:47:33.371,1.2202,1.2203,10.10,2.40
2007.05.14 09:47:33.420,1.2202,1.2203,11.70,3.20
2007.05.14 09:47:33.461,1.2201,1.2203,83.90,2.40
2007.05.14 09:47:33.495,1.2201,1.2203,83.90,0.80
2007.05.14 09:47:33.506,1.2201,1.22035,83.90,3.20
2007.05.14 09:47:33.626,1.2201,1.2203,83.90,0.80
2007.05.14 09:47:33.634,1.2202,1.2203,7.70,1.60
2007.05.14 09:47:33.755,1.2201,1.2203,83.90,2.40
2007.05.14 09:47:33.886,1.2202,1.2203,6.00,4.80
2007.05.14 09:47:33.889,1.2201,1.2203,79.90,4.80
2007.05.14 09:47:35.581,1.2201,1.2203,79.90,4.00
2007.05.14 09:47:35.622,1.2201,1.2203,79.90,3.20
2007.05.14 09:47:35.757,1.2202,1.2203,35.10,2.40
2007.05.14 09:47:35.864,1.2202,1.22035,51.10,0.80
2007.05.14 09:47:36.274,1.2203,1.2204,0.80,40.00
2007.05.14 09:47:36.321,1.2203,1.2204,0.80,39.20
2007.05.14 09:47:36.789,1.2202,1.2204,19.60,39.20
2007.05.14 09:47:37.536,1.2202,1.2203,10.00,4.00
2007.05.14 09:47:37.608,1.2202,1.2204,18.80,35.20
2007.05.14 09:47:38.614,1.22015,1.2204,58.30,35.20
2007.05.14 09:47:39.632,1.22015,1.2204,54.30,35.20
2007.05.14 09:47:42.177,1.2202,1.2204,24.40,39.20
2007.05.14 09:47:42.426,1.22015,1.2204,54.30,35.20
2007.05.14 09:47:42.743,1.2202,1.2203,1.70,0.80
2007.05.14 09:47:42.835,1.22015,1.2203,50.30,4.00
2007.05.14 09:47:43.181,1.22015,1.2203,42.30,4.00
2007.05.14 09:47:43.193,1.2202,1.2203,5.90,4.80
2007.05.14 09:47:43.274,1.2202,1.2203,16.50,5.60
2007.05.14 09:47:43.416,1.22015,1.2203,34.30,5.60
2007.05.14 09:47:43.459,1.2201,1.2203,83.50,7.20
2007.05.14 09:47:43.541,1.2202,1.2203,13.10,11.20
2007.05.14 09:47:43.792,1.2201,1.2203,80.30,13.60
2007.05.14 09:47:47.282,1.2202,1.2203,8.80,14.40
2007.05.14 09:47:47.818,1.2201,1.2203,68.30,14.40
2007.05.14 09:47:48.236,1.2202,1.2203,5.10,30.30
2007.05.14 09:47:48.453,1.2201,1.2203,62.90,38.30
2007.05.14 09:47:48.536,1.22005,1.2202,62.90,2.40
2007.05.14 09:47:48.554,1.22005,1.2202,50.10,2.40
2007.05.14 09:47:48.589,1.22005,1.2202,49.30,2.40
2007.05.14 09:47:48.626,1.22,1.2202,83.70,2.40
2007.05.14 09:47:48.680,1.22,1.2202,83.70,2.40
2007.05.14 09:47:48.879,1.22,1.2202,79.70,2.40
2007.05.14 09:47:49.064,1.22,1.2202,83.60,2.40
2007.05.14 09:47:49.124,1.22,1.2202,86.00,2.40
2007.05.14 09:47:49.321,1.22,1.2202,83.40,2.40
2007.05.14 09:47:49.676,1.2201,1.2202,10.80,2.40
2007.05.14 09:47:49.755,1.2201,1.2203,6.80,47.90
2007.05.14 09:47:49.790,1.22005,1.2203,58.10,47.90
2007.05.14 09:47:49.884,1.22005,1.2203,62.10,47.10
2007.05.14 09:47:50.439,1.22005,1.2202,54.10,4.00
2007.05.14 09:47:50.521,1.2201,1.2202,6.70,4.00
2007.05.14 09:47:50.606,1.2201,1.2202,2.90,4.00
2007.05.14 09:47:50.718,1.22005,1.2202,47.20,4.00
2007.05.14 09:47:50.915,1.22005,1.2202,47.50,4.00
2007.05.14 09:47:50.920,1.22005,1.2202,48.30,4.00
2007.05.14 09:47:52.538,1.2201,1.2202,42.10,4.00
2007.05.14 09:47:53.016,1.2201,1.2202,34.10,4.00
2007.05.14 09:47:53.229,1.2201,1.2202,33.30,4.00
2007.05.14 09:47:53.261,1.2201,1.2202,33.30,6.40
2007.05.14 09:47:53.434,1.2201,1.2202,32.50,7.20
2007.05.14 09:47:53.500,1.2201,1.2202,31.50,7.20
2007.05.14 09:47:53.818,1.2201,1.2202,30.70,7.20
2007.05.14 09:47:58.074,1.2201,1.2202,30.30,7.20
2007.05.14 09:48:01.145,1.2201,1.2202,31.10,6.40
2007.05.14 09:48:01.308,1.2201,1.2202,34.30,3.20
2007.05.14 09:48:01.618,1.2201,1.2202,34.80,3.20
2007.05.14 09:48:01.679,1.2201,1.2202,34.70,3.20
2007.05.14 09:48:01.760,1.2201,1.2202,34.50,3.20
2007.05.14 09:48:02.199,1.2201,1.2202,33.70,4.00
2007.05.14 09:48:02.308,1.2201,1.2202,30.30,7.20
2007.05.14 09:48:04.124,1.2201,1.2202,34.30,7.20
2007.05.14 09:48:04.633,1.2201,1.2202,30.30,7.20
2007.05.14 09:48:06.896,1.2201,1.2202,30.30,11.20
2007.05.14 09:48:07.763,1.2201,1.2202,30.30,13.50
2007.05.14 09:48:07.886,1.2201,1.2202,30.30,14.30
2007.05.14 09:48:08.973,1.2201,1.2202,30.30,10.30
2007.05.14 09:48:10.664,1.2201,1.2202,22.30,22.30
2007.05.14 09:48:10.761,1.2201,1.2202,22.30,23.80
2007.05.14 09:48:10.777,1.2201,1.2202,19.90,23.80
2007.05.14 09:48:10.859,1.2201,1.2202,19.90,25.40
2007.05.14 09:48:10.866,1.2201,1.2202,19.90,25.60
2007.05.14 09:48:10.934,1.2201,1.2202,19.90,26.40
2007.05.14 09:48:11.119,1.2201,1.2202,19.90,34.40
2007.05.14 09:48:11.189,1.2201,1.2202,27.90,22.40
2007.05.14 09:48:11.193,1.2201,1.2202,22.30,22.40
2007.05.14 09:48:11.304,1.2201,1.2202,10.40,34.30
2007.05.14 09:48:11.425,1.2201,1.2202,10.40,38.30
2007.05.14 09:48:11.707,1.2201,1.2202,18.40,38.30
2007.05.14 09:48:11.721,1.2201,1.2202,30.30,18.40
2007.05.14 09:48:11.908,1.2201,1.2202,34.30,18.40
2007.05.14 09:48:13.121,1.2201,1.2202,30.30,22.40
2007.05.14 09:48:13.399,1.2201,1.2202,30.30,18.40
2007.05.14 09:48:14.711,1.2201,1.2202,22.30,17.60
2007.05.14 09:48:14.806,1.2201,1.2202,10.40,32.80
2007.05.14 09:48:16.990,1.2201,1.2202,10.40,28.70
2007.05.14 09:48:19.230,1.2201,1.2202,10.40,29.40
2007.05.14 09:48:19.314,1.2201,1.2202,10.40,30.20
2007.05.14 09:48:19.378,1.2201,1.22025,10.40,40.60
2007.05.14 09:48:20.059,1.2201,1.2202,10.40,0.50
2007.05.14 09:48:20.181,1.2201,1.22025,2.40,56.60
2007.05.14 09:48:20.277,1.2201,1.22025,2.40,68.60
2007.05.14 09:48:20.413,1.22,1.22025,40.70,71.00
2007.05.14 09:48:20.439,1.22,1.22025,39.90,71.00
2007.05.14 09:48:20.463,1.22,1.2202,39.90,0.90
2007.05.14 09:48:21.682,1.22,1.2202,39.90,0.90
2007.05.14 09:48:21.922,1.22,1.2202,39.90,0.60
2007.05.14 09:48:23.251,1.22,1.2202,39.90,0.60
2007.05.14 09:48:23.674,1.22,1.22025,39.90,72.10
2007.05.14 09:48:23.782,1.22,1.2202,39.90,58.00
2007.05.14 09:48:24.041,1.22,1.2202,31.90,58.00
2007.05.14 09:48:24.197,1.22,1.2201,31.10,0.80
2007.05.14 09:48:24.459,1.22,1.22015,31.10,5.60
2007.05.14 09:48:24.697,1.22,1.2201,31.90,0.90
2007.05.14 09:48:24.844,1.22,1.2202,39.90,53.50
2007.05.14 09:48:27.595,1.22,1.2202,40.70,56.70
2007.05.14 09:48:27.719,1.2201,1.2202,8.00,55.60
2007.05.14 09:48:29.170,1.2201,1.2202,10.40,51.30
2007.05.14 09:48:29.425,1.2201,1.2202,23.10,0.50
2007.05.14 09:48:29.532,1.2201,1.22025,31.10,17.50
2007.05.14 09:48:29.590,1.2201,1.22025,31.90,14.30
2007.05.14 09:48:29.600,1.2201,1.22025,34.30,10.40
2007.05.14 09:48:29.763,1.2201,1.2202,37.50,0.50
2007.05.14 09:48:29.899,1.2201,1.22025,38.30,6.40
2007.05.14 09:48:30.199,1.2201,1.2202,38.40,0.50
2007.05.14 09:48:30.245,1.2201,1.2203,38.40,59.90
2007.05.14 09:48:30.305,1.2201,1.22025,51.90,0.70
2007.05.14 09:48:30.398,1.2201,1.22025,60.40,0.60
2007.05.14 09:48:30.432,1.2201,1.22035,60.40,53.50
2007.05.14 09:48:30.439,1.2201,1.22035,60.40,51.90
2007.05.14 09:48:30.491,1.2201,1.22035,60.20,51.90
2007.05.14 09:48:30.706,1.2201,1.22035,64.20,52.70
2007.05.14 09:48:30.764,1.2202,1.22035,8.00,55.10
2007.05.14 09:48:30.821,1.2202,1.2203,28.70,0.50
2007.05.14 09:48:30.836,1.2202,1.22035,28.70,27.20
2007.05.14 09:48:30.944,1.2202,1.2203,28.70,0.80
2007.05.14 09:48:31.034,1.2202,1.22035,31.10,18.40
2007.05.14 09:48:31.332,1.2202,1.2203,31.10,0.90
2007.05.14 09:48:31.444,1.2202,1.22035,31.10,16.00
2007.05.14 09:48:31.555,1.2202,1.2203,31.10,0.70
2007.05.14 09:48:31.629,1.2202,1.2203,22.30,0.90
2007.05.14 09:48:31.667,1.2202,1.22035,11.90,24.00
2007.05.14 09:48:31.724,1.2201,1.22035,61.20,36.70
2007.05.14 09:48:31.945,1.2201,1.22035,61.20,41.50
2007.05.14 09:48:31.969,1.2201,1.22035,61.20,42.30
2007.05.14 09:48:32.294,1.2201,1.2203,61.20,0.80
2007.05.14 09:48:32.343,1.2201,1.22035,60.40,50.30
2007.05.14 09:48:32.647,1.2202,1.22035,8.80,40.70
2007.05.14 09:48:32.683,1.2202,1.22035,16.80,39.90
2007.05.14 09:48:32.789,1.2202,1.2203,28.70,0.50
2007.05.14 09:48:32.859,1.2202,1.22035,28.70,20.80
2007.05.14 09:48:32.903,1.2202,1.22035,28.70,16.80
2007.05.14 09:48:32.984,1.2202,1.22035,28.70,17.60
2007.05.14 09:48:33.161,1.2202,1.2203,31.10,0.80
2007.05.14 09:48:34.260,1.2202,1.2203,31.10,0.60
2007.05.14 09:48:35.174,1.2202,1.22035,31.10,17.60
2007.05.14 09:48:36.263,1.2201,1.2202,38.80,0.60
2007.05.14 09:48:36.741,1.2202,1.22035,31.10,17.60
2007.05.14 09:48:38.713,1.2202,1.22035,31.10,19.20
2007.05.14 09:48:39.015,1.2202,1.22035,30.30,20.00
2007.05.14 09:48:39.288,1.2202,1.22035,30.30,19.20
2007.05.14 09:48:39.805,1.2202,1.22035,30.30,20.00
2007.05.14 09:48:41.020,1.2202,1.2203,30.30,0.80
2007.05.14 09:48:41.152,1.2202,1.22035,31.10,18.40
2007.05.14 09:48:42.201,1.2202,1.2203,11.20,0.90
2007.05.14 09:48:42.264,1.2202,1.2203,8.80,0.50
2007.05.14 09:48:42.379,1.2202,1.22035,8.00,43.90
2007.05.14 09:48:42.472,1.2202,1.22035,8.00,47.90
2007.05.14 09:48:42.537,1.2201,1.22035,58.90,51.90
2007.05.14 09:48:44.210,1.2202,1.22035,19.90,32.00
2007.05.14 09:48:44.253,1.2202,1.2203,27.90,0.60
2007.05.14 09:48:44.295,1.2202,1.2203,27.90,0.90
2007.05.14 09:48:44.666,1.2202,1.22035,27.90,20.00
2007.05.14 09:48:44.730,1.2202,1.2203,19.90,0.50
2007.05.14 09:48:44.754,1.2202,1.2203,11.90,0.60
2007.05.14 09:48:44.826,1.2201,1.22035,58.10,47.90
2007.05.14 09:48:44.852,1.2201,1.22035,55.70,47.90
2007.05.14 09:48:44.857,1.2201,1.22035,51.70,51.90
2007.05.14 09:48:45.674,1.2201,1.22035,51.50,51.90
2007.05.14 09:48:48.148,1.2201,1.2203,51.70,38.30
2007.05.14 09:48:48.288,1.2201,1.2203,51.50,38.30
2007.05.14 09:48:48.636,1.2201,1.2203,51.50,42.30
2007.05.14 09:48:49.178,1.2201,1.2202,42.70,4.00
2007.05.14 09:48:49.617,1.2201,1.2202,41.10,4.00
2007.05.14 09:48:49.718,1.2201,1.2202,40.30,4.00
2007.05.14 09:48:50.002,1.2201,1.2202,39.50,4.00
2007.05.14 09:48:50.684,1.2201,1.2202,39.50,8.00
2007.05.14 09:48:51.130,1.2201,1.2202,39.50,4.00
2007.05.14 09:48:51.729,1.2201,1.2202,38.70,4.00
2007.05.14 09:48:51.830,1.2201,1.2202,26.80,15.90
2007.05.14 09:48:51.979,1.2201,1.2202,18.80,15.90
2007.05.14 09:48:52.071,1.2201,1.2202,10.80,15.90
2007.05.14 09:48:52.214,1.2201,1.2202,10.40,15.90
2007.05.14 09:48:52.215,1.2201,1.2202,18.40,15.90
2007.05.14 09:48:52.263,1.2201,1.2202,18.40,16.70
2007.05.14 09:48:52.319,1.2201,1.2202,30.30,4.80
2007.05.14 09:48:52.411,1.2201,1.2202,30.30,8.80
2007.05.14 09:48:52.803,1.2201,1.2202,30.30,11.20
2007.05.14 09:48:55.721,1.2201,1.2202,31.10,10.40
2007.05.14 09:48:55.981,1.2201,1.2202,39.10,10.40
2007.05.14 09:48:56.179,1.2201,1.2202,39.10,8.00
2007.05.14 09:48:56.209,1.2201,1.2202,50.30,4.80
2007.05.14 09:48:56.309,1.2201,1.2202,50.70,0.80
2007.05.14 09:48:56.412,1.2201,1.22025,51.50,2.40
2007.05.14 09:48:56.555,1.2201,1.2203,51.50,46.30
2007.05.14 09:48:57.289,1.2201,1.2203,51.50,45.50
2007.05.14 09:48:57.546,1.2201,1.2203,52.50,45.50
2007.05.14 09:48:57.619,1.2201,1.2203,54.40,45.50
2007.05.14 09:48:57.627,1.2201,1.2203,55.20,45.50
2007.05.14 09:48:57.856,1.2201,1.2203,55.40,45.50
2007.05.14 09:48:58.077,1.2201,1.2203,55.60,45.50
2007.05.14 09:48:58.286,1.2201,1.2203,55.60,41.50
2007.05.14 09:48:58.311,1.2201,1.2202,55.60,4.00
2007.05.14 09:48:58.433,1.2201,1.2203,55.60,41.50
2007.05.14 09:48:59.128,1.2201,1.2203,54.80,41.50
2007.05.14 09:48:59.173,1.2201,1.2203,46.80,33.60
2007.05.14 09:48:59.303,1.2201,1.22025,46.80,2.40
2007.05.14 09:48:59.330,1.2201,1.22025,38.80,2.40
2007.05.14 09:48:59.389,1.2201,1.22025,38.20,2.40
2007.05.14 09:48:59.400,1.2201,1.22025,38.20,4.00
2007.05.14 09:48:59.467,1.2201,1.2202,38.20,0.80
2007.05.14 09:48:59.493,1.2201,1.2202,37.60,0.80
2007.05.14 09:48:59.723,1.2201,1.2202,37.60,3.20
2007.05.14 09:49:00.129,1.2201,1.2202,41.60,3.20
2007.05.14 09:49:00.979,1.2201,1.2202,37.60,3.20
2007.05.14 09:49:02.359,1.2201,1.2202,41.60,3.20
2007.05.14 09:49:02.395,1.2201,1.2202,37.60,3.20
2007.05.14 09:49:05.790,1.2201,1.2202,38.40,2.40
2007.05.14 09:49:06.261,1.2201,1.2202,37.60,3.20
2007.05.14 09:49:07.249,1.2201,1.2202,35.10,3.20
2007.05.14 09:49:07.298,1.2201,1.2202,34.30,3.20
2007.05.14 09:49:09.161,1.22,1.2201,39.20,4.00
2007.05.14 09:49:09.328,1.22,1.2201,36.00,4.00
2007.05.14 09:49:09.340,1.22005,1.2201,4.00,4.00
2007.05.14 09:49:09.423,1.2201,1.2202,50.10,3.20
2007.05.14 09:49:10.488,1.2201,1.2202,50.10,3.20
2007.05.14 09:49:11.610,1.22005,1.2202,55.70,3.20
2007.05.14 09:49:13.620,1.22005,1.2202,59.70,3.20
2007.05.14 09:49:13.926,1.22005,1.2202,55.70,3.20
2007.05.14 09:49:14.238,1.2201,1.2202,14.10,3.20
2007.05.14 09:49:14.261,1.2201,1.2202,19.70,3.20
2007.05.14 09:49:19.634,1.22005,1.2202,53.80,3.20
2007.05.14 09:49:20.170,1.22005,1.2202,52.80,3.20
2007.05.14 09:49:20.253,1.22005,1.2202,52.50,3.20
2007.05.14 09:49:22.200,1.22005,1.2203,55.70,43.10
2007.05.14 09:49:22.306,1.22005,1.2202,50.10,0.80
2007.05.14 09:49:22.365,1.22005,1.2202,40.00,0.80
2007.05.14 09:49:22.399,1.22,1.2202,67.10,0.80
2007.05.14 09:49:22.681,1.22,1.2202,66.30,3.20
2007.05.14 09:49:22.792,1.22,1.2202,71.00,6.40
2007.05.14 09:49:23.751,1.22005,1.2202,28.70,4.00
2007.05.14 09:49:23.781,1.2201,1.2202,14.40,4.00
2007.05.14 09:49:23.837,1.22005,1.2202,41.90,3.20
2007.05.14 09:49:24.582,1.2201,1.2202,13.50,3.20
2007.05.14 09:49:24.849,1.22005,1.2202,42.90,3.20
2007.05.14 09:49:25.921,1.22005,1.2202,46.90,3.20
2007.05.14 09:49:26.375,1.22005,1.2202,46.70,3.20
2007.05.14 09:49:26.376,1.22005,1.2202,45.90,3.20
2007.05.14 09:49:27.276,1.22005,1.2202,41.90,3.20
2007.05.14 09:49:27.786,1.22005,1.2202,42.70,3.20
2007.05.14 09:49:27.879,1.2201,1.2202,16.00,3.20
2007.05.14 09:49:27.901,1.2201,1.2202,9.70,3.20
2007.05.14 09:49:34.720,1.2201,1.2202,7.50,3.20
2007.05.14 09:49:36.567,1.2201,1.2202,1.40,3.20
2007.05.14 09:49:36.695,1.2201,1.2202,15.00,3.20
2007.05.14 09:49:36.814,1.2201,1.2202,19.80,0.80
2007.05.14 09:49:36.945,1.2201,1.2202,14.60,0.80
2007.05.14 09:49:36.975,1.22005,1.2202,42.10,0.80
2007.05.14 09:49:37.016,1.22005,1.2202,40.70,0.80
2007.05.14 09:49:37.177,1.2201,1.2202,5.80,0.80
2007.05.14 09:49:37.260,1.2201,1.2202,5.50,3.20
2007.05.14 09:49:37.324,1.22005,1.2202,31.90,3.20
2007.05.14 09:49:37.392,1.22005,1.2202,31.10,4.00
2007.05.14 09:49:37.818,1.22005,1.2202,33.40,4.00
2007.05.14 09:49:37.958,1.22005,1.2202,33.60,4.00
2007.05.14 09:49:37.963,1.22005,1.2202,35.20,3.20
2007.05.14 09:49:38.359,1.2201,1.2202,4.70,3.20
2007.05.14 09:49:38.495,1.2201,1.2202,11.20,3.20
2007.05.14 09:49:38.556,1.22005,1.2202,35.00,3.20
2007.05.14 09:49:38.763,1.22005,1.2202,34.70,3.20
2007.05.14 09:49:38.948,1.22005,1.2202,33.90,3.20
2007.05.14 09:49:39.275,1.22005,1.2202,31.90,3.20
2007.05.14 09:49:44.723,1.2201,1.2202,30.30,0.50
2007.05.14 09:49:47.849,1.2201,1.2202,29.50,4.00
2007.05.14 09:50:03.192,1.2201,1.2202,27.10,3.20
2007.05.14 09:50:03.271,1.2201,1.2202,27.10,0.80
2007.05.14 09:50:03.398,1.2201,1.2202,29.20,0.80
2007.05.14 09:50:03.412,1.2201,1.22025,30.80,2.40
2007.05.14 09:50:03.606,1.2201,1.22025,31.10,2.40
2007.05.14 09:50:04.010,1.2201,1.22025,30.10,2.40
2007.05.14 09:50:04.130,1.2201,1.22025,37.50,2.40
2007.05.14 09:50:04.154,1.2201,1.22025,36.70,2.40
2007.05.14 09:50:04.325,1.2201,1.2202,39.10,0.80
2007.05.14 09:50:04.360,1.2201,1.2202,39.10,4.80
2007.05.14 09:50:04.422,1.2201,1.2202,38.30,5.60
2007.05.14 09:50:04.533,1.2201,1.2202,37.50,6.00
2007.05.14 09:50:04.706,1.2201,1.2202,33.50,6.00
2007.05.14 09:50:04.745,1.2201,1.2202,10.40,29.10
2007.05.14 09:50:04.790,1.2201,1.2202,8.00,31.50
2007.05.14 09:50:06.205,1.2201,1.2202,8.00,32.30
2007.05.14 09:50:06.227,1.2201,1.2202,8.00,34.20
2007.05.14 09:50:06.341,1.2201,1.2202,8.00,36.60
2007.05.14 09:50:07.153,1.22,1.2202,51.10,36.60
2007.05.14 09:50:07.658,1.22,1.2202,51.10,44.60
2007.05.14 09:50:08.158,1.22,1.2202,47.10,44.60
2007.05.14 09:50:08.443,1.22,1.2202,47.10,42.20
2007.05.14 09:50:09.362,1.22,1.2202,47.10,44.60
2007.05.14 09:50:10.146,1.22,1.2202,51.10,44.60
2007.05.14 09:50:10.251,1.22,1.2202,59.10,43.80
2007.05.14 09:50:10.265,1.2201,1.2202,8.00,33.90
2007.05.14 09:50:10.293,1.2201,1.2202,8.00,31.50
2007.05.14 09:50:10.461,1.2201,1.2202,8.00,23.50
2007.05.14 09:50:10.632,1.2201,1.2202,8.00,27.50
2007.05.14 09:50:10.820,1.2201,1.2202,10.40,27.50
2007.05.14 09:50:12.143,1.2201,1.2202,10.40,23.50
2007.05.14 09:50:12.915,1.2201,1.22025,10.40,29.10
2007.05.14 09:50:13.452,1.2201,1.22025,10.40,29.90
2007.05.14 09:50:13.489,1.2201,1.22025,10.40,32.70
2007.05.14 09:50:13.570,1.2201,1.22025,10.40,34.30
2007.05.14 09:50:34.267,1.2201,1.22025,10.40,34.50
2007.05.14 09:50:34.374,1.2201,1.22025,10.40,34.80
2007.05.14 09:50:34.468,1.2201,1.22025,10.40,35.60
2007.05.14 09:50:34.483,1.2201,1.2202,10.40,0.70
2007.05.14 09:50:34.794,1.2201,1.22025,10.40,40.20
2007.05.14 09:50:34.989,1.2201,1.2202,10.40,0.70
2007.05.14 09:50:36.210,1.2201,1.2202,10.40,0.60
2007.05.14 09:50:36.370,1.2201,1.22025,10.40,43.20
2007.05.14 09:50:36.401,1.2201,1.2202,10.40,0.90
2007.05.14 09:50:37.561,1.2201,1.22025,10.40,42.50
2007.05.14 09:50:38.180,1.2201,1.22025,10.40,42.30
2007.05.14 09:50:38.661,1.2201,1.22025,10.40,46.30
2007.05.14 09:50:40.135,1.2201,1.2202,10.40,0.50
2007.05.14 09:50:46.413,1.2201,1.2202,10.40,0.50
2007.05.14 09:50:52.858,1.22,1.2201,47.90,0.60
2007.05.14 09:50:57.462,1.2201,1.22025,10.40,34.30
2007.05.14 09:51:08.251,1.2201,1.2202,2.40,0.50
2007.05.14 09:51:08.307,1.22,1.2202,51.90,0.70
2007.05.14 09:51:08.403,1.22,1.2202,51.10,0.90
2007.05.14 09:51:08.509,1.22,1.22025,51.10,60.90
2007.05.14 09:51:08.677,1.22,1.2202,51.10,0.80
2007.05.14 09:51:10.650,1.22,1.2202,51.10,51.70
2007.05.14 09:51:10.915,1.22,1.2202,51.10,47.70
2007.05.14 09:51:11.006,1.22,1.2202,51.10,47.30
2007.05.14 09:51:13.600,1.22,1.2202,51.10,47.70
2007.05.14 09:51:13.923,1.22,1.2202,51.10,47.90
2007.05.14 09:51:13.937,1.22,1.2202,51.10,48.70
2007.05.14 09:51:16.197,1.22,1.2202,51.10,48.80
2007.05.14 09:51:25.311,1.22,1.2201,51.10,4.00
2007.05.14 09:51:29.683,1.22,1.2202,51.10,48.80
2007.05.14 09:51:30.176,1.22,1.2202,51.10,52.80
2007.05.14 09:51:30.423,1.22,1.2202,51.10,48.80
2007.05.14 09:51:32.302,1.22,1.2202,51.10,52.80
2007.05.14 09:51:32.630,1.22,1.2202,51.10,52.40
2007.05.14 09:51:32.810,1.22,1.2202,51.10,51.60
2007.05.14 09:51:33.385,1.22,1.2202,51.90,51.60
2007.05.14 09:51:33.507,1.22,1.2202,51.90,51.10
2007.05.14 09:51:33.624,1.22,1.2202,55.90,51.10
2007.05.14 09:51:33.696,1.2201,1.2202,8.00,43.10
2007.05.14 09:51:34.014,1.2201,1.2202,8.00,35.10
2007.05.14 09:51:34.228,1.22,1.2202,59.90,43.10
2007.05.14 09:51:34.331,1.22,1.2202,59.90,43.30
2007.05.14 09:51:34.399,1.22,1.2202,51.90,43.30
2007.05.14 09:51:34.439,1.22,1.2202,51.10,43.50
2007.05.14 09:51:34.524,1.22,1.2202,51.10,43.30
2007.05.14 09:51:34.652,1.22,1.2202,51.10,51.30
2007.05.14 09:51:35.133,1.22,1.2202,51.10,51.50
2007.05.14 09:51:35.248,1.22,1.2202,51.10,52.30
2007.05.14 09:51:35.346,1.22,1.2202,51.10,52.70
2007.05.14 09:51:35.751,1.22,1.2202,51.10,52.80
2007.05.14 09:51:35.919,1.22,1.2202,51.10,48.80
2007.05.14 09:51:36.273,1.2201,1.2202,8.00,40.80
2007.05.14 09:51:36.284,1.2201,1.2202,8.00,38.40
2007.05.14 09:51:36.369,1.2201,1.2202,8.00,37.60
2007.05.14 09:51:36.415,1.2201,1.2202,8.00,28.70
2007.05.14 09:51:36.626,1.22,1.2201,51.90,4.00
2007.05.14 09:51:36.774,1.2201,1.2202,10.40,28.70
2007.05.14 09:51:36.909,1.2201,1.2202,10.40,28.70
2007.05.14 09:51:37.132,1.2201,1.2202,2.40,36.70
2007.05.14 09:51:37.182,1.22,1.2202,59.90,36.70
2007.05.14 09:51:37.251,1.22,1.2202,59.90,36.90
2007.05.14 09:51:37.300,1.22,1.2202,51.90,36.90
2007.05.14 09:51:37.345,1.22,1.2202,51.10,36.90
2007.05.14 09:51:37.391,1.22,1.2202,51.10,39.30
2007.05.14 09:51:37.547,1.22,1.2202,51.10,39.50
2007.05.14 09:51:37.951,1.22,1.2202,51.10,47.50
2007.05.14 09:51:38.260,1.22,1.2202,51.10,47.80
2007.05.14 09:51:38.304,1.22,1.2202,51.10,48.60
2007.05.14 09:51:38.564,1.22,1.2202,51.10,48.40
2007.05.14 09:51:38.601,1.22,1.2202,51.10,47.60
2007.05.14 09:51:38.760,1.22,1.2202,51.10,51.60
2007.05.14 09:51:38.967,1.22,1.2202,51.10,52.00
2007.05.14 09:51:39.100,1.22,1.2202,51.10,52.80
2007.05.14 09:51:39.769,1.22,1.2202,51.10,48.80
2007.05.14 09:51:41.186,1.22,1.2202,51.10,48.30
2007.05.14 09:51:41.235,1.22,1.2202,51.10,47.50
2007.05.14 09:51:42.473,1.21995,1.2202,61.50,47.50
2007.05.14 09:51:43.321,1.21995,1.2202,61.50,47.90
2007.05.14 09:51:43.377,1.21995,1.2202,61.50,48.70
2007.05.14 09:51:43.605,1.22,1.2202,9.80,48.30
2007.05.14 09:51:43.689,1.21995,1.2202,61.50,47.50
2007.05.14 09:51:44.202,1.22,1.2202,51.10,39.50
2007.05.14 09:51:44.318,1.22,1.2202,53.50,37.10
2007.05.14 09:51:44.321,1.22,1.2202,53.50,23.70
2007.05.14 09:51:44.355,1.22,1.2202,61.50,22.90
2007.05.14 09:51:44.436,1.2201,1.2202,2.00,22.10
2007.05.14 09:51:44.909,1.2201,1.2202,1.90,22.10
2007.05.14 09:51:44.918,1.22,1.2202,63.10,26.10
2007.05.14 09:51:45.136,1.22,1.2202,59.90,34.10
2007.05.14 09:51:45.337,1.2201,1.2202,0.80,39.20
2007.05.14 09:51:45.401,1.22,1.2202,55.10,40.00
2007.05.14 09:51:45.433,1.21995,1.2202,61.50,42.40
2007.05.14 09:51:45.516,1.22,1.2202,1.20,43.20
2007.05.14 09:51:45.550,1.21995,1.2202,61.50,43.30
2007.05.14 09:51:46.787,1.22,1.2202,17.00,39.30
2007.05.14 09:51:46.826,1.22,1.2202,24.10,39.30
2007.05.14 09:51:47.146,1.21995,1.2202,65.50,47.30
2007.05.14 09:51:47.234,1.21995,1.2202,61.50,47.30
2007.05.14 09:51:47.912,1.22,1.2202,11.60,51.30
2007.05.14 09:51:48.533,1.22,1.2202,15.80,47.30
2007.05.14 09:51:51.770,1.21995,1.2202,61.50,51.30
2007.05.14 09:51:51.926,1.22,1.2202,19.20,47.30
2007.05.14 09:51:59.100,1.21995,1.2202,61.50,39.30
2007.05.14 09:51:59.459,1.22,1.2202,8.00,43.30
2007.05.14 09:52:01.032,1.22,1.2202,8.80,43.70
2007.05.14 09:52:01.137,1.21995,1.2202,57.50,43.90
2007.05.14 09:52:01.145,1.22,1.2202,3.40,44.70
2007.05.14 09:52:01.314,1.22,1.2202,12.40,40.70
2007.05.14 09:52:01.362,1.21995,1.2202,57.50,40.70
2007.05.14 09:52:01.375,1.22,1.2202,19.40,48.70
2007.05.14 09:52:01.500,1.21995,1.2202,49.50,48.70
2007.05.14 09:52:02.294,1.21995,1.2202,49.50,48.30
2007.05.14 09:52:02.296,1.21995,1.2202,49.50,47.50
2007.05.14 09:52:03.596,1.21995,1.2202,49.50,48.30
2007.05.14 09:52:03.621,1.21995,1.2202,49.50,48.70
2007.05.14 09:52:03.917,1.21995,1.2202,49.50,47.90
2007.05.14 09:52:03.953,1.21995,1.2202,49.50,47.50
2007.05.14 09:52:04.661,1.21995,1.2202,49.50,47.90
2007.05.14 09:52:04.720,1.22,1.2202,18.70,48.70
2007.05.14 09:52:06.926,1.21995,1.2202,53.50,48.70
2007.05.14 09:52:08.703,1.22,1.2202,10.60,47.90
2007.05.14 09:52:08.704,1.22,1.2202,11.30,47.50
2007.05.14 09:52:08.827,1.21995,1.2202,49.50,47.50
2007.05.14 09:52:10.647,1.21995,1.2202,53.50,47.50
2007.05.14 09:52:17.617,1.22,1.2202,47.10,47.90
2007.05.14 09:52:17.684,1.22,1.2202,47.10,48.70
2007.05.14 09:52:17.887,1.22,1.2202,47.10,47.90
2007.05.14 09:52:17.936,1.22,1.2202,47.10,47.50
2007.05.14 09:52:18.222,1.22,1.2202,43.10,47.50
2007.05.14 09:52:18.671,1.22,1.2202,39.10,47.50
2007.05.14 09:52:18.817,1.22,1.2202,39.10,48.30
2007.05.14 09:52:18.840,1.22,1.2202,39.10,48.70
2007.05.14 09:52:19.167,1.22,1.2202,39.10,48.30
2007.05.14 09:52:19.169,1.22,1.2202,39.10,47.50
2007.05.14 09:52:19.215,1.22,1.2202,39.10,47.30
2007.05.14 09:52:19.267,1.22,1.2202,39.10,47.20
2007.05.14 09:52:19.691,1.22,1.2202,39.10,47.30
2007.05.14 09:52:20.429,1.22,1.2202,39.10,47.40
2007.05.14 09:52:21.355,1.22,1.2202,31.10,39.50
2007.05.14 09:52:21.636,1.22,1.2202,31.10,43.50
2007.05.14 09:52:21.960,1.22,1.2202,31.10,39.50
2007.05.14 09:52:22.256,1.2201,1.2202,8.00,51.40
2007.05.14 09:52:22.584,1.2201,1.2202,8.00,42.20
2007.05.14 09:52:22.658,1.2201,1.2202,8.00,46.20
2007.05.14 09:52:22.698,1.2201,1.2202,8.00,42.20
2007.05.14 09:52:22.728,1.2201,1.2202,8.00,41.40
2007.05.14 09:52:22.807,1.2201,1.2202,8.00,40.60
2007.05.14 09:52:22.897,1.2201,1.2202,8.00,32.60
2007.05.14 09:52:23.219,1.22,1.2202,51.90,44.60
2007.05.14 09:52:23.320,1.22,1.2202,43.90,48.60
2007.05.14 09:52:23.371,1.22,1.2202,39.90,48.60
2007.05.14 09:52:23.439,1.22,1.2202,39.10,49.60
2007.05.14 09:52:23.516,1.22,1.2202,39.10,50.40
2007.05.14 09:52:23.558,1.22,1.2202,39.10,51.20
2007.05.14 09:52:23.610,1.22,1.2202,31.10,43.30
2007.05.14 09:52:23.638,1.22,1.2202,31.10,39.30
2007.05.14 09:52:23.708,1.22,1.2202,31.10,39.50
2007.05.14 09:52:28.846,1.22,1.2202,15.90,39.60
2007.05.14 09:52:32.790,1.21995,1.2202,33.50,40.40
2007.05.14 09:52:32.806,1.21995,1.2202,33.50,40.80
2007.05.14 09:52:33.801,1.22,1.2202,2.30,44.80
2007.05.14 09:52:33.843,1.22,1.2201,5.10,3.20
2007.05.14 09:52:34.008,1.22,1.2201,12.90,3.20
2007.05.14 09:52:34.034,1.21995,1.2201,33.50,3.20
2007.05.14 09:52:34.106,1.21995,1.2201,32.70,3.20
2007.05.14 09:52:34.247,1.21995,1.2201,30.30,3.20
2007.05.14 09:52:34.781,1.22,1.2202,14.60,63.00
2007.05.14 09:52:34.825,1.21995,1.2202,33.50,62.20
2007.05.14 09:52:34.858,1.21995,1.2202,37.50,59.00
2007.05.14 09:52:35.235,1.21995,1.2202,37.50,58.00
2007.05.14 09:52:35.348,1.22,1.2202,7.90,57.20
2007.05.14 09:52:35.394,1.21995,1.2202,37.50,57.50
2007.05.14 09:52:35.638,1.22,1.2202,15.90,61.50
2007.05.14 09:52:35.883,1.21995,1.2202,37.50,60.40
2007.05.14 09:52:36.007,1.21995,1.2202,37.50,61.20
2007.05.14 09:52:36.052,1.21995,1.2202,37.50,61.70
2007.05.14 09:52:36.437,1.21995,1.2202,37.50,57.70
2007.05.14 09:52:37.569,1.22,1.2202,3.60,58.00
2007.05.14 09:52:37.720,1.21995,1.2202,37.50,58.80
2007.05.14 09:52:39.219,1.21995,1.2202,41.50,58.00
2007.05.14 09:52:39.258,1.21995,1.2202,41.50,57.60
2007.05.14 09:52:39.274,1.21995,1.2202,41.50,56.80
2007.05.14 09:52:40.194,1.22,1.2202,7.00,56.80
2007.05.14 09:52:40.312,1.22,1.2202,10.90,60.80
2007.05.14 09:52:43.485,1.21995,1.2202,37.50,60.40
2007.05.14 09:52:43.552,1.22,1.2202,15.20,59.60
2007.05.14 09:52:43.762,1.22,1.2202,1.80,59.60
2007.05.14 09:52:44.190,1.22,1.2202,7.50,59.60
2007.05.14 09:52:46.789,1.21995,1.2202,37.50,59.20
2007.05.14 09:52:46.838,1.21995,1.2202,37.50,58.40
2007.05.14 09:52:46.919,1.21995,1.2202,37.50,54.20
2007.05.14 09:52:46.937,1.21995,1.2202,37.50,53.40
2007.05.14 09:52:47.188,1.21995,1.2202,37.50,56.60
2007.05.14 09:52:47.340,1.21995,1.2202,37.50,57.60
2007.05.14 09:52:47.360,1.21995,1.2202,37.50,58.40
2007.05.14 09:52:47.431,1.21995,1.2202,37.50,59.20
2007.05.14 09:52:47.498,1.22,1.2202,4.20,59.40
2007.05.14 09:52:49.235,1.21995,1.2202,41.50,59.40
2007.05.14 09:52:49.305,1.21995,1.2202,41.50,58.60
2007.05.14 09:52:49.373,1.2201,1.2202,0.80,57.80
2007.05.14 09:52:49.504,1.2201,1.2202,0.80,56.20
2007.05.14 09:52:49.507,1.22,1.2202,45.50,41.70
2007.05.14 09:52:50.299,1.22,1.2202,45.50,33.70
2007.05.14 09:52:51.240,1.22,1.2202,45.50,41.70
2007.05.14 09:52:51.648,1.22,1.2202,45.50,41.80
2007.05.14 09:52:51.665,1.22,1.2202,45.50,42.60
2007.05.14 09:52:51.784,1.21995,1.2202,62.50,42.60
2007.05.14 09:52:51.907,1.22,1.2202,22.80,42.60
2007.05.14 09:52:52.373,1.21995,1.2202,59.40,42.60
2007.05.14 09:52:52.605,1.21995,1.2202,59.40,42.40
2007.05.14 09:52:52.698,1.2201,1.2202,1.90,36.80
2007.05.14 09:52:52.796,1.2201,1.2202,4.70,25.60
2007.05.14 09:52:52.896,1.2201,1.2202,5.20,29.20
2007.05.14 09:52:52.969,1.22005,1.2202,14.40,30.00
2007.05.14 09:52:52.972,1.2201,1.2202,3.40,30.80
2007.05.14 09:52:53.109,1.22005,1.2202,15.20,29.50
2007.05.14 09:52:53.304,1.22005,1.2202,6.40,39.60
2007.05.14 09:52:53.343,1.22005,1.2202,6.40,38.80
2007.05.14 09:52:53.366,1.22005,1.2202,6.40,37.30
2007.05.14 09:52:53.467,1.22,1.2202,48.20,44.50
2007.05.14 09:52:53.499,1.21995,1.2202,54.60,43.70
2007.05.14 09:52:53.674,1.22,1.2202,16.80,43.70
2007.05.14 09:52:53.706,1.21995,1.2202,58.60,47.70
2007.05.14 09:52:53.753,1.22,1.2202,5.70,48.50
2007.05.14 09:52:53.839,1.22,1.2202,16.40,48.50
2007.05.14 09:52:54.166,1.21995,1.2202,46.60,49.60
2007.05.14 09:52:54.188,1.21995,1.2202,46.60,50.40
2007.05.14 09:52:54.281,1.21995,1.2202,46.60,51.20
2007.05.14 09:52:54.586,1.22,1.2202,15.30,52.70
2007.05.14 09:52:54.600,1.21995,1.2202,46.60,53.50
2007.05.14 09:52:54.717,1.22,1.2202,11.90,53.50
2007.05.14 09:52:54.758,1.21995,1.2202,50.60,54.30
2007.05.14 09:52:55.965,1.22,1.2202,2.10,53.90
2007.05.14 09:52:56.035,1.21995,1.2202,50.60,54.30
2007.05.14 09:52:56.048,1.21995,1.2202,49.50,54.30
2007.05.14 09:52:56.549,1.21995,1.2202,45.50,54.30
2007.05.14 09:52:57.266,1.22,1.2202,39.10,53.50
2007.05.14 09:52:57.316,1.22,1.2202,39.10,52.40
2007.05.14 09:52:57.354,1.22,1.2202,39.10,51.60
2007.05.14 09:52:58.280,1.22,1.2202,39.10,52.40
2007.05.14 09:52:58.295,1.22,1.2202,35.10,52.40
2007.05.14 09:52:58.500,1.22,1.2202,35.10,53.10
2007.05.14 09:52:58.570,1.22,1.2202,35.10,51.50
2007.05.14 09:52:58.644,1.22,1.2202,35.10,49.30
2007.05.14 09:52:58.659,1.22,1.2202,35.10,48.50
2007.05.14 09:53:00.621,1.22,1.2202,35.10,52.50
2007.05.14 09:53:00.690,1.22,1.2202,35.10,50.60
2007.05.14 09:53:00.934,1.22,1.2202,35.10,49.80
2007.05.14 09:53:00.994,1.22,1.2202,43.10,45.80
2007.05.14 09:53:01.142,1.22,1.2202,43.10,41.80
2007.05.14 09:53:01.302,1.22,1.2202,43.10,41.60
2007.05.14 09:53:06.196,1.2201,1.2202,4.00,41.60
2007.05.14 09:53:06.367,1.2201,1.2202,4.00,42.00
2007.05.14 09:53:07.103,1.2201,1.2202,4.00,46.00
2007.05.14 09:53:09.236,1.22,1.2202,35.10,46.00
2007.05.14 09:53:11.415,1.22,1.2202,35.10,45.70
2007.05.14 09:53:16.689,1.2201,1.2202,47.10,0.60
2007.05.14 09:53:16.730,1.2201,1.2203,20.80,47.80
2007.05.14 09:53:16.824,1.2201,1.2203,20.80,48.20
2007.05.14 09:53:16.842,1.2201,1.22025,16.00,33.10
2007.05.14 09:53:16.875,1.2201,1.22025,16.00,38.70
2007.05.14 09:53:16.930,1.2201,1.2202,8.00,0.80
2007.05.14 09:53:17.322,1.2201,1.2202,7.20,0.80
2007.05.14 09:53:17.375,1.2201,1.22025,7.20,52.30
2007.05.14 09:53:17.530,1.2201,1.2202,7.20,0.50
2007.05.14 09:53:17.575,1.2201,1.22025,7.20,47.90
2007.05.14 09:53:17.624,1.2201,1.2202,7.20,0.60
2007.05.14 09:53:18.654,1.2201,1.22025,12.00,39.50
2007.05.14 09:53:18.750,1.2201,1.2202,23.90,0.60
2007.05.14 09:53:18.838,1.2201,1.22025,23.90,11.20
2007.05.14 09:53:18.885,1.2201,1.22025,19.90,15.20
2007.05.14 09:53:18.907,1.2201,1.22025,25.50,13.60
2007.05.14 09:53:19.117,1.2201,1.22025,25.50,12.80
2007.05.14 09:53:19.656,1.2201,1.22025,25.50,8.80
2007.05.14 09:53:21.639,1.2201,1.22025,25.50,12.80
2007.05.14 09:53:22.389,1.2201,1.2202,26.30,0.50
2007.05.14 09:53:22.498,1.2201,1.2202,26.30,10.40
2007.05.14 09:53:23.226,1.2201,1.2202,17.50,19.20
2007.05.14 09:53:23.276,1.2201,1.2202,11.90,19.20
2007.05.14 09:53:23.299,1.22,1.2202,49.50,39.50
2007.05.14 09:53:23.424,1.22,1.22025,49.50,49.10
2007.05.14 09:53:23.688,1.2201,1.22025,5.60,48.30
2007.05.14 09:53:23.715,1.2201,1.2202,26.30,0.60
2007.05.14 09:53:23.783,1.2201,1.22025,26.30,10.80
2007.05.14 09:53:23.820,1.2201,1.2202,26.30,0.80
2007.05.14 09:53:24.020,1.2201,1.22025,26.30,12.00
2007.05.14 09:53:24.025,1.2201,1.22025,26.30,24.00
2007.05.14 09:53:24.128,1.2201,1.22025,25.50,24.80
2007.05.14 09:53:24.315,1.2201,1.2202,19.90,0.80
2007.05.14 09:53:24.322,1.22,1.22025,43.10,51.50
2007.05.14 09:53:24.332,1.22,1.22025,42.30,51.50
2007.05.14 09:53:24.600,1.22,1.2202,42.30,0.60
2007.05.14 09:53:25.424,1.22,1.2202,42.30,0.80
2007.05.14 09:53:26.123,1.22,1.2202,42.30,0.90
2007.05.14 09:53:27.824,1.22,1.22025,42.30,51.10
2007.05.14 09:53:27.911,1.22,1.2202,42.30,43.90
2007.05.14 09:53:28.693,1.22,1.2201,50.30,0.70
2007.05.14 09:53:29.998,1.22,1.2202,50.30,0.80
2007.05.14 09:53:32.272,1.21995,1.22025,60.70,49.50
2007.05.14 09:53:32.375,1.22,1.2202,51.10,0.60
2007.05.14 09:53:32.752,1.22,1.2202,50.30,0.50
2007.05.14 09:53:32.906,1.22,1.22025,50.30,49.50
2007.05.14 09:53:36.999,1.22,1.22025,54.30,49.50
2007.05.14 09:53:42.411,1.22,1.2202,50.30,39.90
2007.05.14 09:53:45.175,1.22,1.2202,54.30,39.90
2007.05.14 09:53:51.281,1.2201,1.2202,0.50,39.90
2007.05.14 09:53:59.273,1.2201,1.2202,21.10,11.20
2007.05.14 09:53:59.283,1.2201,1.2202,26.70,10.40
2007.05.14 09:53:59.685,1.2201,1.2202,17.90,27.20
2007.05.14 09:53:59.712,1.2201,1.2202,12.30,27.20
2007.05.14 09:53:59.781,1.2201,1.2202,0.50,39.10
2007.05.14 09:54:00.305,1.2201,1.2202,0.50,41.50
2007.05.14 09:54:00.419,1.2201,1.2202,0.50,45.50
2007.05.14 09:54:00.828,1.2201,1.2202,0.50,43.90
2007.05.14 09:54:00.917,1.2201,1.2202,0.50,39.90
2007.05.14 09:54:02.576,1.22,1.2202,42.30,39.90
2007.05.14 09:54:02.692,1.22,1.2202,38.30,41.20
2007.05.14 09:54:02.766,1.22,1.2202,38.30,46.00
2007.05.14 09:54:02.817,1.22,1.2202,38.30,47.00
2007.05.14 09:54:03.058,1.22,1.2202,38.30,47.80
2007.05.14 09:54:03.272,1.22,1.2202,38.30,48.90
2007.05.14 09:54:03.574,1.22,1.2202,38.30,49.70
2007.05.14 09:54:03.607,1.22,1.2202,38.30,50.70
2007.05.14 09:54:03.790,1.22,1.2202,38.30,51.50
2007.05.14 09:54:03.913,1.22,1.2202,38.30,51.20
2007.05.14 09:54:03.920,1.22,1.2202,38.30,50.20
2007.05.14 09:54:04.081,1.22,1.2202,38.30,49.40
2007.05.14 09:54:04.088,1.22,1.2202,38.30,48.60
2007.05.14 09:54:04.408,1.22,1.2202,38.30,52.60
2007.05.14 09:54:04.577,1.22,1.2202,38.30,51.80
2007.05.14 09:54:04.621,1.22,1.2202,38.30,51.00
2007.05.14 09:54:04.633,1.22,1.2202,38.30,49.50
2007.05.14 09:54:04.856,1.22,1.2202,35.10,49.50
2007.05.14 09:54:04.892,1.22,1.2202,35.10,47.10
2007.05.14 09:54:04.954,1.22,1.2202,35.10,47.90
2007.05.14 09:54:05.100,1.22,1.2202,35.10,48.70
2007.05.14 09:54:05.145,1.22,1.2202,35.10,49.90
2007.05.14 09:54:05.241,1.22,1.2202,35.10,49.80
2007.05.14 09:54:05.412,1.22,1.2202,35.10,49.00
2007.05.14 09:54:05.462,1.22,1.2202,35.10,47.40
2007.05.14 09:54:06.198,1.22,1.2202,38.30,47.40
2007.05.14 09:54:06.669,1.22,1.2202,38.30,46.30
2007.05.14 09:54:06.731,1.22,1.2202,42.30,46.30
2007.05.14 09:54:07.629,1.22,1.2202,42.30,42.30
2007.05.14 09:54:10.115,1.21995,1.2202,48.70,41.50
2007.05.14 09:54:10.348,1.22,1.2202,5.90,41.80
2007.05.14 09:54:10.444,1.22,1.2202,11.80,41.50
2007.05.14 09:54:10.642,1.21995,1.2202,48.70,44.80
2007.05.14 09:54:10.661,1.22,1.2202,3.90,46.40
2007.05.14 09:54:10.757,1.21995,1.2202,48.70,44.20
2007.05.14 09:54:10.880,1.21995,1.2202,48.70,45.40
2007.05.14 09:54:10.932,1.21995,1.2202,48.70,46.00
2007.05.14 09:54:10.939,1.22,1.2202,16.60,44.40
2007.05.14 09:54:11.032,1.22,1.2202,13.10,44.10
2007.05.14 09:54:11.160,1.22,1.2202,20.20,44.80
2007.05.14 09:54:11.203,1.21995,1.2202,48.70,46.40
2007.05.14 09:54:11.256,1.22,1.2202,17.70,45.60
2007.05.14 09:54:11.336,1.21995,1.2202,48.70,43.10
2007.05.14 09:54:11.343,1.22,1.2202,4.90,43.90
2007.05.14 09:54:11.425,1.21995,1.2202,48.70,43.10
2007.05.14 09:54:11.441,1.21995,1.2202,44.70,45.50
2007.05.14 09:54:11.489,1.21995,1.2201,37.50,3.20
2007.05.14 09:54:19.724,1.21995,1.2201,45.50,3.20
2007.05.14 09:54:21.881,1.22,1.2201,22.20,3.20
2007.05.14 09:54:22.190,1.22,1.2201,47.10,3.20
2007.05.14 09:54:22.228,1.22,1.2201,51.00,3.20
2007.05.14 09:54:22.726,1.2201,1.2202,13.30,17.50
2007.05.14 09:54:22.731,1.22,1.2202,59.80,14.60
2007.05.14 09:54:22.904,1.22,1.2202,59.80,18.60
2007.05.14 09:54:23.643,1.2201,1.2202,5.90,14.60
2007.05.14 09:54:24.535,1.22,1.2202,60.20,14.60
2007.05.14 09:54:24.772,1.22,1.2202,60.20,13.60
2007.05.14 09:54:24.853,1.22,1.2202,59.80,12.80
2007.05.14 09:54:25.550,1.2201,1.2202,12.80,12.00
2007.05.14 09:54:25.668,1.2201,1.2202,9.10,10.40
2007.05.14 09:54:48.722,1.22,1.2202,52.70,42.30
2007.05.14 09:54:48.750,1.22,1.2202,52.70,40.70
2007.05.14 09:54:48.843,1.22,1.2202,52.70,39.90
2007.05.14 09:54:49.443,1.22,1.2202,52.70,40.20
2007.05.14 09:54:49.550,1.22,1.2202,52.70,40.70
2007.05.14 09:54:49.560,1.22,1.2202,52.70,41.50
2007.05.14 09:54:49.739,1.22,1.2202,52.70,40.70
2007.05.14 09:54:49.744,1.22,1.2202,6.80,40.70
2007.05.14 09:54:50.566,1.22,1.2202,21.90,43.60
2007.05.14 09:54:50.639,1.21995,1.2202,67.10,43.60
2007.05.14 09:54:50.769,1.22,1.2202,56.70,44.40
2007.05.14 09:54:50.780,1.22,1.2202,56.70,41.70
2007.05.14 09:54:50.980,1.22,1.2202,56.70,40.90
2007.05.14 09:54:51.126,1.22,1.2202,56.70,40.70
2007.05.14 09:54:51.425,1.22,1.2202,56.70,43.30
2007.05.14 09:54:51.500,1.22,1.2202,56.70,43.60
2007.05.14 09:54:51.564,1.22,1.2202,56.70,45.20
2007.05.14 09:54:51.583,1.22,1.2202,56.70,46.00
2007.05.14 09:54:51.646,1.22,1.2202,52.70,46.00
2007.05.14 09:54:52.443,1.22,1.2202,52.70,50.00
2007.05.14 09:54:52.536,1.22,1.2202,52.70,46.30
2007.05.14 09:54:52.593,1.22,1.2202,52.70,44.70
2007.05.14 09:54:52.645,1.2201,1.2202,8.80,35.90
2007.05.14 09:54:52.724,1.2201,1.2202,14.40,35.10
2007.05.14 09:54:52.786,1.2201,1.2202,26.30,19.20
2007.05.14 09:54:52.822,1.2201,1.2202,26.30,18.40
2007.05.14 09:54:52.879,1.2201,1.2202,26.30,10.40
2007.05.14 09:54:52.973,1.2201,1.2202,26.30,6.40
2007.05.14 09:54:53.320,1.2201,1.2202,28.70,6.40
2007.05.14 09:55:29.280,1.2201,1.2202,29.50,5.60
2007.05.14 09:55:29.330,1.2201,1.2202,32.70,2.40
2007.05.14 09:55:30.232,1.2201,1.2202,33.10,2.40
2007.05.14 09:55:32.624,1.2201,1.2202,37.10,2.40
2007.05.14 09:55:33.245,1.2201,1.2202,35.90,3.20
2007.05.14 09:55:33.399,1.2201,1.2202,35.10,3.20
2007.05.14 09:55:33.537,1.2201,1.2202,31.10,3.20
2007.05.14 09:55:33.557,1.2201,1.2202,27.90,6.40
2007.05.14 09:55:33.693,1.2201,1.2202,27.90,7.20
2007.05.14 09:55:40.145,1.2201,1.2202,27.90,11.20
2007.05.14 09:55:40.247,1.2201,1.2202,28.30,11.20
2007.05.14 09:55:40.353,1.2201,1.2202,27.90,11.20
2007.05.14 09:55:41.925,1.2201,1.2202,27.90,7.20
2007.05.14 09:55:43.118,1.2201,1.2202,27.90,8.20
2007.05.14 09:55:43.597,1.2201,1.2202,27.90,7.20
2007.05.14 09:55:53.722,1.2201,1.2202,27.90,11.20
2007.05.14 09:56:03.315,1.2201,1.2202,28.70,10.40
2007.05.14 09:56:04.872,1.2201,1.2202,28.70,6.40
2007.05.14 09:56:06.882,1.2201,1.2202,27.90,7.20
2007.05.14 09:56:12.102,1.22,1.2202,62.20,7.20
2007.05.14 09:56:24.354,1.2201,1.2202,27.90,9.60
2007.05.14 09:56:28.840,1.2201,1.2202,27.90,7.20
2007.05.14 09:56:29.966,1.2201,1.2202,27.90,9.60
2007.05.14 09:56:30.768,1.2201,1.2202,27.90,7.20
2007.05.14 09:56:32.328,1.2201,1.2202,19.90,15.20
2007.05.14 09:56:32.810,1.2201,1.2202,19.90,19.20
2007.05.14 09:56:34.514,1.2201,1.2202,23.10,16.00
2007.05.14 09:56:35.926,1.2201,1.2202,19.90,19.20
2007.05.14 09:56:36.918,1.2201,1.2202,23.90,15.20
2007.05.14 09:56:37.706,1.2201,1.2202,19.90,15.20
2007.05.14 09:56:43.305,1.2201,1.2202,19.90,16.00
2007.05.14 09:56:43.355,1.2201,1.2202,19.90,18.80
2007.05.14 09:56:43.461,1.2201,1.2202,19.90,19.60
2007.05.14 09:56:43.537,1.2201,1.2202,19.90,20.40
2007.05.14 09:56:43.576,1.2201,1.2202,19.90,21.20
2007.05.14 09:56:47.625,1.2201,1.2202,19.90,22.30
2007.05.14 09:56:52.160,1.2201,1.2202,19.90,26.30
2007.05.14 09:57:08.742,1.2201,1.2202,19.90,28.70
2007.05.14 09:57:10.249,1.2201,1.2202,9.30,28.70
2007.05.14 09:57:15.685,1.22,1.2202,51.80,28.70
2007.05.14 09:57:15.688,1.22,1.2202,47.80,32.70
2007.05.14 09:57:15.767,1.22,1.2202,45.40,32.70
2007.05.14 09:57:15.794,1.21995,1.2201,43.10,4.00
2007.05.14 09:57:16.207,1.22,1.2201,9.00,4.00
2007.05.14 09:57:16.213,1.22,1.2201,7.30,12.00
2007.05.14 09:57:16.461,1.21995,1.2201,26.30,12.80
2007.05.14 09:57:16.882,1.21995,1.2201,24.70,15.20
2007.05.14 09:57:21.909,1.2199,1.2201,64.00,19.20
2007.05.14 09:57:34.352,1.2199,1.2201,64.00,18.40
2007.05.14 09:57:34.896,1.22,1.2201,3.10,14.40
2007.05.14 09:57:36.159,1.2199,1.2201,68.00,14.40
2007.05.14 09:57:44.854,1.22,1.2201,24.70,14.40
2007.05.14 09:57:47.876,1.22,1.2201,23.90,15.20
2007.05.14 09:57:47.921,1.22,1.2201,23.90,19.20
2007.05.14 09:57:51.685,1.22,1.2201,23.90,15.20
2007.05.14 09:57:52.296,1.22,1.2201,31.90,7.20
2007.05.14 09:58:09.179,1.22,1.2201,35.90,7.20
2007.05.14 09:58:09.859,1.22,1.22015,35.90,9.60
2007.05.14 09:58:23.521,1.22,1.22015,36.70,8.80
2007.05.14 09:58:26.494,1.22,1.2201,32.70,0.60
2007.05.14 09:58:28.676,1.22,1.22015,36.70,8.80
2007.05.14 09:58:30.965,1.22,1.22015,32.70,8.80
2007.05.14 09:58:32.237,1.22,1.22015,31.90,8.80
2007.05.14 09:58:32.487,1.22,1.2201,31.90,0.70
2007.05.14 09:58:32.943,1.22,1.2201,27.90,0.60
2007.05.14 09:58:33.059,1.22,1.2201,27.90,0.70
2007.05.14 09:58:33.072,1.22,1.2201,27.90,0.60
2007.05.14 09:58:33.222,1.22,1.22015,27.90,15.60
2007.05.14 09:58:33.273,1.22,1.22015,28.70,11.60
2007.05.14 09:58:33.325,1.22,1.22015,28.70,13.20
2007.05.14 09:58:33.368,1.22,1.22015,20.70,20.00
2007.05.14 09:58:33.420,1.22,1.22015,20.70,19.20
2007.05.14 09:58:33.560,1.22,1.2201,20.70,0.50
2007.05.14 09:58:36.335,1.22,1.2201,20.70,0.50
2007.05.14 09:58:37.379,1.22,1.2201,20.70,15.20
2007.05.14 09:58:37.815,1.22,1.2201,20.70,18.40
2007.05.14 09:58:41.477,1.22,1.2201,20.70,15.20
2007.05.14 09:58:41.878,1.22,1.22005,20.70,1.00
2007.05.14 09:58:42.157,1.22,1.2201,20.70,15.20
2007.05.14 09:58:42.834,1.22,1.2201,20.70,18.40
2007.05.14 09:58:44.745,1.22,1.2201,20.70,15.20
2007.05.14 09:58:45.290,1.22,1.2201,15.10,15.20
2007.05.14 09:58:45.359,1.22,1.2201,2.40,31.10
2007.05.14 09:58:45.408,1.22,1.2201,2.40,35.10
2007.05.14 09:58:45.663,1.22,1.2201,2.40,38.80
2007.05.14 09:58:45.753,1.21995,1.22,0.80,0.80
2007.05.14 09:58:45.761,1.22,1.2201,23.90,26.10
2007.05.14 09:58:45.849,1.22,1.22005,24.00,0.80
2007.05.14 09:58:45.884,1.22,1.22005,24.00,0.80
2007.05.14 09:58:50.273,1.22,1.2201,20.70,18.40
2007.05.14 09:58:51.486,1.22,1.22005,20.70,0.80
2007.05.14 09:58:51.896,1.22,1.22005,12.70,0.80
2007.05.14 09:58:51.979,1.21995,1.22005,1.60,0.80
2007.05.14 09:58:52.340,1.21995,1.22005,1.60,2.40
2007.05.14 09:58:52.491,1.21995,1.22,1.60,0.80
2007.05.14 09:58:52.567,1.21995,1.22,0.80,0.80
2007.05.14 09:58:52.762,1.21995,1.22005,0.80,2.40
2007.05.14 09:58:52.789,1.21995,1.22,0.80,3.20
2007.05.14 09:58:52.791,1.2199,1.22,53.50,3.20
2007.05.14 09:58:53.072,1.2199,1.22,55.90,3.20
2007.05.14 09:58:53.555,1.2199,1.22,51.90,7.20
2007.05.14 09:58:53.579,1.2199,1.22,51.90,3.20
2007.05.14 09:58:54.188,1.2199,1.22,55.90,3.20
2007.05.14 09:58:54.304,1.2199,1.22,43.90,11.20
2007.05.14 09:58:54.314,1.2199,1.22,43.10,12.00
2007.05.14 09:58:54.390,1.2199,1.22,35.10,12.00
2007.05.14 09:58:54.748,1.2199,1.22,35.10,14.40
2007.05.14 09:58:54.811,1.2199,1.22,30.30,11.20
2007.05.14 09:58:54.883,1.2199,1.22,30.30,10.40
2007.05.14 09:58:55.103,1.2199,1.22,31.10,10.40
2007.05.14 09:58:56.738,1.2199,1.22,27.10,10.40
2007.05.14 09:58:57.020,1.2199,1.2201,27.10,62.70
2007.05.14 09:59:00.540,1.2199,1.22,27.10,10.40
2007.05.14 09:59:03.292,1.2199,1.22,23.90,13.60
2007.05.14 09:59:03.409,1.2199,1.22,23.10,14.40
2007.05.14 09:59:03.555,1.2199,1.22,22.30,15.20
2007.05.14 09:59:04.662,1.2199,1.22,22.30,19.20
2007.05.14 09:59:04.891,1.2199,1.22,16.70,19.20
2007.05.14 09:59:04.941,1.2199,1.22,4.80,31.10
2007.05.14 09:59:08.054,1.21985,1.2199,2.40,4.80
2007.05.14 09:59:08.090,1.21985,1.2199,2.40,0.80
2007.05.14 09:59:08.714,1.21985,1.2199,2.40,4.00
2007.05.14 09:59:09.037,1.21985,1.2199,0.80,4.00
2007.05.14 09:59:09.199,1.21985,1.2199,0.80,12.00
2007.05.14 09:59:09.363,1.21985,1.2199,0.80,12.80
2007.05.14 09:59:09.430,1.2198,1.2199,29.50,12.80
2007.05.14 09:59:09.787,1.2198,1.2199,23.90,15.20
2007.05.14 09:59:09.891,1.2198,1.2199,12.00,31.50
2007.05.14 09:59:09.912,1.2198,1.2199,8.00,31.50
2007.05.14 09:59:10.580,1.2198,1.2199,10.40,31.10
2007.05.14 09:59:10.685,1.2198,1.2199,37.10,10.40
2007.05.14 09:59:10.786,1.2199,1.21995,2.40,5.60
2007.05.14 09:59:10.793,1.2199,1.21995,2.40,5.60
2007.05.14 09:59:10.945,1.2199,1.22,2.40,33.60
2007.05.14 09:59:11.295,1.2199,1.22,8.00,33.60
2007.05.14 09:59:11.546,1.2199,1.22,19.90,31.20
2007.05.14 09:59:11.677,1.2199,1.22,19.90,27.20
2007.05.14 09:59:12.239,1.2199,1.22,8.00,31.20
2007.05.14 09:59:12.244,1.21985,1.22,1.60,31.20
2007.05.14 09:59:12.300,1.21985,1.22,0.80,31.20
2007.05.14 09:59:12.315,1.21985,1.22,0.80,39.10
2007.05.14 09:59:12.512,1.2198,1.22,37.90,39.10
2007.05.14 09:59:12.667,1.2198,1.22,41.90,39.10
2007.05.14 09:59:12.744,1.2198,1.22,45.10,39.10
2007.05.14 09:59:13.130,1.2198,1.22,45.90,39.10
2007.05.14 09:59:13.294,1.2198,1.2199,42.70,3.20
2007.05.14 09:59:14.159,1.2198,1.2199,38.70,3.20
2007.05.14 09:59:15.450,1.2198,1.2199,42.70,3.20
2007.05.14 09:59:16.365,1.2198,1.2199,50.70,3.20
2007.05.14 09:59:16.578,1.2198,1.2199,51.50,3.20
2007.05.14 09:59:17.206,1.2198,1.2199,55.50,3.20
2007.05.14 09:59:18.254,1.2198,1.22,55.50,39.10
2007.05.14 09:59:18.405,1.2198,1.22,58.70,39.10
2007.05.14 09:59:18.596,1.2198,1.22,57.10,39.10
2007.05.14 09:59:19.014,1.21985,1.22,2.40,39.10
2007.05.14 09:59:19.181,1.21985,1.22,2.40,43.10
2007.05.14 09:59:19.943,1.21985,1.22,0.80,43.10
2007.05.14 09:59:20.146,1.21985,1.22,0.80,39.10
2007.05.14 09:59:20.715,1.21985,1.22,0.80,43.10
2007.05.14 09:59:21.291,1.21985,1.22,0.80,42.30
2007.05.14 09:59:22.836,1.21985,1.22,0.80,38.30
2007.05.14 09:59:23.271,1.2199,1.22,16.70,26.40
2007.05.14 09:59:23.365,1.2199,1.22,16.70,25.60
2007.05.14 09:59:23.467,1.2199,1.22,22.30,25.60
2007.05.14 09:59:23.684,1.2199,1.22,22.30,17.60
2007.05.14 09:59:23.752,1.2199,1.22,22.30,10.40
2007.05.14 09:59:23.814,1.2199,1.22,23.10,10.40
2007.05.14 09:59:24.150,1.2199,1.22,26.30,10.40
2007.05.14 09:59:24.281,1.2199,1.22,28.70,10.40
2007.05.14 09:59:24.685,1.2199,1.22,24.70,10.40
2007.05.14 09:59:24.770,1.2199,1.22,21.50,10.40
2007.05.14 09:59:25.193,1.2199,1.22,13.50,10.40
2007.05.14 09:59:25.200,1.2199,1.22,16.70,10.40
2007.05.14 09:59:25.337,1.2199,1.22,0.80,22.30
2007.05.14 09:59:25.376,1.21985,1.22,2.40,23.10
2007.05.14 09:59:25.454,1.21985,1.22,2.40,27.10
2007.05.14 09:59:25.490,1.21985,1.22,0.80,27.10
2007.05.14 09:59:25.903,1.21985,1.22,1.80,27.10
2007.05.14 09:59:27.205,1.21985,1.22,1.80,31.10
2007.05.14 09:59:27.476,1.21985,1.22,1.80,27.10
2007.05.14 09:59:27.675,1.21985,1.22,0.80,27.10
2007.05.14 09:59:27.880,1.21985,1.22,0.80,35.10
2007.05.14 09:59:31.141,1.21985,1.22,0.80,39.10
2007.05.14 09:59:31.424,1.21985,1.22,0.80,35.10
2007.05.14 09:59:32.423,1.21985,1.22,0.80,39.10
2007.05.14 09:59:33.835,1.21985,1.22,0.80,35.10
2007.05.14 09:59:34.292,1.21985,1.22,0.80,39.10
2007.05.14 09:59:34.922,1.21985,1.22,0.80,43.10
2007.05.14 09:59:35.020,1.2198,1.22,53.10,43.10
2007.05.14 09:59:35.217,1.2198,1.2199,49.90,3.20
2007.05.14 09:59:35.439,1.2198,1.2199,50.70,3.20
2007.05.14 09:59:35.728,1.2198,1.2199,51.50,3.20
2007.05.14 09:59:35.971,1.2198,1.22,55.80,43.10
2007.05.14 09:59:35.997,1.2198,1.22,57.60,43.10
2007.05.14 09:59:36.028,1.2198,1.22,58.40,43.10
2007.05.14 09:59:36.066,1.2198,1.22,60.00,43.10
2007.05.14 09:59:37.934,1.2198,1.22,58.80,43.10
2007.05.14 09:59:37.981,1.2198,1.22,58.00,43.10
2007.05.14 09:59:41.329,1.2198,1.22,59.50,38.30
2007.05.14 09:59:42.354,1.21975,1.22,69.10,38.30
2007.05.14 09:59:42.677,1.2198,1.22,59.50,42.30
2007.05.14 09:59:43.279,1.2199,1.22,4.00,39.10
2007.05.14 09:59:43.997,1.2199,1.22,4.00,31.10
2007.05.14 09:59:44.195,1.2199,1.22,4.80,30.30
2007.05.14 09:59:44.209,1.2199,1.22,13.50,21.60
2007.05.14 09:59:44.217,1.2199,1.22,19.10,21.60
2007.05.14 09:59:44.815,1.2199,1.22,21.50,21.60
2007.05.14 09:59:45.233,1.2199,1.22,12.80,30.30
2007.05.14 09:59:45.240,1.2199,1.22,4.80,30.30
2007.05.14 09:59:45.241,1.2199,1.22,4.00,31.10
2007.05.14 09:59:45.456,1.2199,1.22,4.00,27.10
2007.05.14 09:59:45.630,1.2199,1.22,4.00,35.10
2007.05.14 09:59:45.953,1.2199,1.22,4.00,27.10
2007.05.14 09:59:46.427,1.21985,1.2199,0.80,4.00
2007.05.14 09:59:47.150,1.2199,1.22,8.00,35.10
2007.05.14 09:59:47.430,1.2199,1.22,4.00,39.10
2007.05.14 09:59:48.791,1.2199,1.22,4.00,35.10
2007.05.14 09:59:57.639,1.2199,1.22,8.00,35.10
2007.05.14 09:59:59.694,1.2199,1.22,16.70,26.40
2007.05.14 09:59:59.737,1.2199,1.22,22.30,26.40
2007.05.14 09:59:59.760,1.2199,1.22,23.10,25.60
2007.05.14 09:59:59.787,1.2199,1.22,23.10,13.60
