2011.03.24 01:00:00.280,0.90768,0.90787,2.25,1.50
2011.03.24 01:00:01.251,0.90765,0.9079,3.00,1.50
2011.03.24 01:00:12.992,0.9077,0.90789,1.50,1.50
2011.03.24 01:00:20.493,0.9077,0.90792,2.25,1.50
2011.03.24 01:00:43.315,0.90769,0.90793,3.00,1.50
2011.03.24 01:00:43.652,0.90769,0.90793,3.00,2.25
2011.03.24 01:00:45.772,0.90769,0.90792,3.00,1.50
2011.03.24 01:00:49.233,0.90769,0.90792,3.00,1.50
2011.03.24 01:00:50.363,0.90769,0.90792,3.00,1.50
2011.03.24 01:00:50.998,0.90769,0.90792,3.00,1.50
2011.03.24 01:00:52.501,0.90769,0.90792,3.00,1.50
2011.03.24 01:00:54.313,0.90769,0.90792,2.25,1.50
2011.03.24 01:00:54.862,0.90768,0.90792,2.25,1.50
2011.03.24 01:00:55.303,0.90768,0.90792,2.25,1.50
2011.03.24 01:00:58.063,0.90771,0.90792,1.50,1.50
2011.03.24 01:00:58.606,0.90771,0.90791,2.25,1.50
2011.03.24 01:01:00.143,0.90771,0.90791,1.50,1.50
2011.03.24 01:01:00.692,0.90771,0.90791,2.25,1.50
2011.03.24 01:01:02.081,0.90771,0.90792,1.50,2.25
2011.03.24 01:01:02.642,0.90771,0.90792,1.50,2.25
2011.03.24 01:01:03.215,0.90771,0.90792,1.50,2.25
2011.03.24 01:01:03.893,0.90771,0.90792,1.50,2.25
2011.03.24 01:01:04.961,0.90771,0.90792,1.50,2.25
2011.03.24 01:01:05.262,0.90771,0.90792,1.50,2.25
2011.03.24 01:01:26.712,0.90768,0.90792,2.25,1.50
2011.03.24 01:01:41.372,0.90768,0.90785,2.25,5.25
2011.03.24 01:02:05.753,0.90768,0.90785,1.50,5.25
2011.03.24 01:02:11.343,0.90768,0.90791,1.50,1.13
2011.03.24 01:02:17.093,0.90768,0.90792,1.50,2.25
2011.03.24 01:02:17.312,0.90766,0.9079,2.25,1.50
2011.03.24 01:02:17.652,0.90766,0.90788,1.50,1.50
2011.03.24 01:02:18.608,0.90767,0.90786,2.25,5.25
2011.03.24 01:02:53.362,0.90764,0.90786,3.75,6.00
2011.03.24 01:02:53.912,0.90764,0.90786,3.75,6.00
2011.03.24 01:02:57.802,0.90766,0.90786,1.50,6.00
2011.03.24 01:02:58.352,0.90766,0.90786,1.50,5.25
2011.03.24 01:03:02.341,0.90768,0.90786,1.50,6.00
2011.03.24 01:03:03.001,0.90767,0.90786,1.50,5.25
2011.03.24 01:03:10.924,0.90766,0.90786,1.50,6.00
2011.03.24 01:03:11.485,0.90766,0.90786,1.50,5.25
2011.03.24 01:03:12.092,0.90766,0.90786,1.50,6.00
2011.03.24 01:03:12.642,0.90766,0.90786,1.50,5.25
2011.03.24 01:03:19.593,0.90765,0.90787,3.75,6.00
2011.03.24 01:03:19.922,0.90765,0.90785,3.75,5.25
2011.03.24 01:03:22.253,0.90765,0.90785,4.13,5.25
2011.03.24 01:03:22.805,0.90766,0.90785,1.50,5.25
2011.03.24 01:03:24.823,0.90766,0.90785,2.25,6.00
2011.03.24 01:03:25.371,0.90766,0.90785,2.25,5.25
2011.03.24 01:03:28.040,0.90766,0.90785,1.50,5.25
2011.03.24 01:03:28.372,0.90766,0.90785,1.50,5.25
2011.03.24 01:03:28.674,0.90766,0.90785,1.50,5.25
2011.03.24 01:03:29.481,0.90766,0.90785,1.50,5.25
2011.03.24 01:03:32.082,0.90766,0.90785,1.50,5.25
2011.03.24 01:03:32.632,0.90766,0.90785,1.50,5.25
2011.03.24 01:03:53.781,0.90766,0.90791,2.25,1.20
2011.03.24 01:03:55.232,0.90766,0.90791,2.25,1.99
2011.03.24 01:04:06.541,0.90765,0.90791,3.75,2.18
2011.03.24 01:04:26.052,0.90764,0.90783,2.25,1.50
2011.03.24 01:04:26.389,0.90763,0.90783,2.25,1.50
2011.03.24 01:04:26.505,0.90762,0.90783,1.50,1.50
2011.03.24 01:04:26.723,0.90761,0.90786,3.00,1.50
2011.03.24 01:05:00.533,0.90761,0.90785,1.35,1.50
2011.03.24 01:05:00.646,0.9076,0.90776,2.63,1.50
2011.03.24 01:05:01.097,0.90759,0.90779,1.09,1.35
2011.03.24 01:05:01.653,0.90758,0.90779,2.59,1.35
2011.03.24 01:05:01.763,0.90758,0.90778,2.59,1.35
2011.03.24 01:05:02.425,0.90758,0.90779,2.59,1.35
2011.03.24 01:05:03.414,0.90759,0.90779,1.13,1.35
2011.03.24 01:05:04.514,0.90759,0.90782,1.13,2.25
2011.03.24 01:05:12.223,0.90759,0.90781,1.50,1.50
2011.03.24 01:05:13.627,0.90758,0.9078,1.84,1.50
2011.03.24 01:05:14.512,0.90758,0.9078,1.09,1.50
2011.03.24 01:05:15.815,0.90759,0.9078,2.44,1.50
2011.03.24 01:05:16.483,0.90759,0.9078,2.44,1.50
2011.03.24 01:05:22.765,0.90759,0.9078,2.44,1.50
2011.03.24 01:05:29.692,0.90758,0.9078,1.09,1.50
2011.03.24 01:05:36.596,0.90759,0.9078,2.07,1.50
2011.03.24 01:05:39.595,0.90759,0.90782,2.18,2.25
2011.03.24 01:05:39.717,0.90759,0.90784,4.36,2.25
2011.03.24 01:05:41.193,0.90763,0.90784,1.50,1.50
2011.03.24 01:05:41.745,0.90763,0.90785,1.50,1.50
2011.03.24 01:05:43.515,0.90763,0.90786,1.58,2.25
2011.03.24 01:05:43.844,0.90761,0.90786,3.75,2.25
2011.03.24 01:05:52.688,0.90769,0.90785,1.73,1.50
2011.03.24 01:05:52.806,0.90771,0.90789,1.35,2.25
2011.03.24 01:05:52.925,0.90771,0.90792,1.35,2.25
2011.03.24 01:05:53.155,0.90771,0.90795,2.10,1.50
2011.03.24 01:05:53.265,0.90771,0.90795,1.35,1.50
2011.03.24 01:05:53.746,0.90771,0.90796,1.35,1.50
2011.03.24 01:05:53.978,0.90771,0.90796,1.35,1.50
2011.03.24 01:05:54.095,0.90771,0.90796,1.35,1.50
2011.03.24 01:05:54.423,0.90771,0.90796,1.35,1.50
2011.03.24 01:05:54.754,0.90771,0.90796,2.10,1.50
2011.03.24 01:05:54.864,0.90771,0.90796,2.10,1.50
2011.03.24 01:05:55.714,0.90771,0.90796,2.10,1.50
2011.03.24 01:05:56.303,0.90771,0.90795,2.10,1.50
2011.03.24 01:05:56.417,0.90771,0.90795,2.10,1.50
2011.03.24 01:05:56.644,0.90771,0.90795,2.10,1.50
2011.03.24 01:05:56.863,0.90771,0.90795,1.35,1.50
2011.03.24 01:05:57.194,0.90771,0.90795,1.35,1.50
2011.03.24 01:05:57.967,0.90771,0.90793,1.35,1.50
2011.03.24 01:06:00.814,0.90767,0.90793,3.38,1.50
2011.03.24 01:06:00.925,0.90767,0.90793,2.63,1.50
2011.03.24 01:06:01.253,0.90767,0.90793,2.63,1.50
2011.03.24 01:06:01.367,0.90767,0.90793,2.63,1.50
2011.03.24 01:06:01.812,0.90768,0.90793,1.50,1.50
2011.03.24 01:06:02.473,0.90768,0.90794,1.50,6.75
2011.03.24 01:06:02.640,0.90768,0.90794,1.50,6.75
2011.03.24 01:06:03.193,0.90768,0.90794,1.50,1.50
2011.03.24 01:06:03.414,0.90768,0.90794,1.50,1.58
2011.03.24 01:06:03.634,0.90768,0.90794,1.50,1.58
2011.03.24 01:06:03.853,0.9077,0.90792,1.50,1.13
2011.03.24 01:06:04.404,0.90768,0.90794,1.50,6.83
2011.03.24 01:06:04.733,0.90768,0.90794,1.50,1.58
2011.03.24 01:06:05.172,0.90769,0.90794,1.50,1.58
2011.03.24 01:06:05.613,0.90769,0.90794,1.50,1.58
2011.03.24 01:06:06.930,0.90769,0.90794,1.50,1.58
2011.03.24 01:06:07.373,0.90769,0.90794,1.50,1.58
2011.03.24 01:06:07.593,0.90769,0.90795,1.50,2.33
2011.03.24 01:06:08.143,0.90769,0.90794,1.50,1.50
2011.03.24 01:06:08.616,0.90769,0.90794,1.50,1.50
2011.03.24 01:06:08.733,0.90769,0.90794,1.50,1.50
2011.03.24 01:06:09.233,0.90769,0.90795,2.25,2.25
2011.03.24 01:06:09.563,0.90769,0.90795,2.25,1.50
2011.03.24 01:06:10.113,0.90769,0.90795,2.25,2.25
2011.03.24 01:06:10.555,0.90768,0.90795,1.50,3.83
2011.03.24 01:06:10.663,0.90768,0.90795,1.50,3.83
2011.03.24 01:06:10.885,0.90768,0.90794,2.25,1.50
2011.03.24 01:06:11.104,0.90768,0.90795,2.63,1.58
2011.03.24 01:06:11.434,0.90768,0.90795,2.63,1.58
2011.03.24 01:06:13.083,0.90769,0.90795,1.50,2.33
2011.03.24 01:06:13.633,0.90769,0.90795,1.50,2.33
2011.03.24 01:06:13.965,0.90769,0.90795,1.50,2.33
2011.03.24 01:06:14.355,0.90769,0.90795,1.50,2.33
2011.03.24 01:06:14.963,0.9077,0.90795,1.50,1.58
2011.03.24 01:06:15.294,0.9077,0.90795,1.50,1.58
2011.03.24 01:06:15.593,0.9077,0.90795,1.50,1.58
2011.03.24 01:06:17.117,0.9077,0.90795,1.50,1.58
2011.03.24 01:06:17.798,0.9077,0.90795,1.50,1.58
2011.03.24 01:06:18.353,0.9077,0.90795,1.50,1.58
2011.03.24 01:06:20.264,0.9077,0.90795,1.50,1.58
2011.03.24 01:06:22.594,0.90769,0.90793,1.50,1.50
2011.03.24 01:06:36.894,0.90769,0.90792,1.13,1.50
2011.03.24 01:06:38.713,0.90765,0.90784,2.25,5.25
2011.03.24 01:06:42.335,0.90765,0.90783,1.50,5.25
2011.03.24 01:06:42.556,0.90763,0.9079,3.00,3.00
2011.03.24 01:06:44.166,0.90764,0.90784,1.50,5.25
2011.03.24 01:06:44.504,0.90763,0.90789,1.50,1.50
2011.03.24 01:06:45.936,0.90764,0.90791,1.50,8.25
2011.03.24 01:06:46.497,0.90764,0.9079,2.70,6.00
2011.03.24 01:06:46.725,0.90769,0.9079,1.50,9.00
2011.03.24 01:06:46.945,0.90766,0.90793,2.18,6.75
2011.03.24 01:06:47.164,0.90769,0.90794,1.50,1.50
2011.03.24 01:06:47.713,0.90769,0.90794,1.50,1.50
2011.03.24 01:06:48.103,0.90769,0.90793,1.50,6.00
2011.03.24 01:06:48.406,0.90769,0.90793,1.50,6.00
2011.03.24 01:06:49.183,0.90767,0.90792,1.50,1.50
2011.03.24 01:06:55.534,0.90768,0.90792,1.50,3.00
2011.03.24 01:06:55.865,0.90766,0.90792,2.55,3.00
2011.03.24 01:06:56.465,0.90766,0.90791,3.30,1.50
2011.03.24 01:06:57.893,0.90767,0.90792,1.50,1.50
2011.03.24 01:06:58.224,0.90767,0.90794,1.80,1.58
2011.03.24 01:07:01.577,0.90768,0.90794,2.25,1.50
2011.03.24 01:07:02.134,0.90768,0.90794,2.25,1.50
2011.03.24 01:07:05.023,0.90768,0.90794,2.25,2.25
2011.03.24 01:07:05.573,0.90768,0.90792,1.50,1.50
2011.03.24 01:07:06.133,0.90768,0.90793,2.25,1.50
2011.03.24 01:07:06.845,0.90768,0.90795,3.00,1.58
2011.03.24 01:07:29.135,0.90769,0.90795,1.50,1.58
2011.03.24 01:07:30.266,0.90768,0.90795,2.25,2.93
2011.03.24 01:07:30.602,0.90768,0.90785,1.50,5.25
2011.03.24 01:07:31.154,0.90768,0.90785,1.50,5.25
2011.03.24 01:07:31.704,0.90768,0.90785,1.50,5.25
2011.03.24 01:07:32.363,0.90768,0.90785,1.50,5.25
2011.03.24 01:07:55.221,0.90769,0.90794,1.50,2.25
2011.03.24 01:07:55.773,0.90768,0.90796,1.50,2.33
2011.03.24 01:07:59.872,0.90768,0.90796,1.88,7.58
2011.03.24 01:08:00.453,0.90768,0.90796,1.13,7.58
2011.03.24 01:08:00.896,0.90767,0.90784,1.50,5.25
2011.03.24 01:08:01.014,0.90767,0.90794,1.50,1.80
2011.03.24 01:08:01.233,0.90767,0.90794,1.50,1.80
2011.03.24 01:08:01.783,0.90768,0.90793,1.50,1.50
2011.03.24 01:08:06.574,0.90768,0.90792,1.50,1.50
2011.03.24 01:08:07.235,0.90768,0.90793,1.50,1.50
2011.03.24 01:08:13.373,0.90768,0.90794,1.50,2.55
2011.03.24 01:08:15.023,0.90768,0.90794,1.50,2.55
2011.03.24 01:08:15.729,0.90767,0.90794,1.20,2.33
2011.03.24 01:08:16.275,0.90768,0.90794,1.50,2.33
2011.03.24 01:08:16.729,0.90768,0.90794,1.50,2.33
2011.03.24 01:08:21.794,0.90768,0.90796,1.88,1.58
2011.03.24 01:08:34.864,0.90768,0.90795,2.63,1.05
2011.03.24 01:08:35.082,0.90768,0.90792,1.88,1.50
2011.03.24 01:08:35.575,0.90768,0.90793,1.88,1.50
2011.03.24 01:08:44.324,0.90768,0.90786,1.88,5.25
2011.03.24 01:08:48.258,0.90768,0.90786,2.63,5.25
2011.03.24 01:08:50.019,0.90768,0.90786,2.63,5.25
2011.03.24 01:08:50.592,0.90768,0.90786,2.63,5.25
2011.03.24 01:08:53.893,0.90768,0.90786,2.63,5.25
2011.03.24 01:08:58.704,0.90768,0.90786,2.63,5.25
2011.03.24 01:09:00.244,0.90768,0.90785,2.25,5.25
2011.03.24 01:09:00.793,0.90768,0.90785,2.25,5.25
2011.03.24 01:09:01.344,0.90768,0.90787,2.63,5.25
2011.03.24 01:09:02.354,0.90768,0.90787,2.63,5.25
2011.03.24 01:09:02.905,0.90768,0.90785,2.25,5.25
2011.03.24 01:09:03.454,0.90768,0.90786,2.25,5.25
2011.03.24 01:09:18.313,0.90768,0.90786,1.88,5.25
2011.03.24 01:09:18.842,0.90768,0.90786,1.88,5.25
2011.03.24 01:09:19.512,0.90768,0.90786,1.88,5.25
2011.03.24 01:09:20.062,0.90768,0.90786,1.88,5.25
2011.03.24 01:09:21.405,0.90768,0.90785,1.50,5.25
2011.03.24 01:09:22.302,0.90768,0.90785,1.88,5.25
2011.03.24 01:09:22.833,0.90768,0.90785,1.88,5.25
2011.03.24 01:09:23.678,0.90768,0.90785,1.88,5.25
2011.03.24 01:09:24.343,0.90768,0.90785,1.88,5.25
2011.03.24 01:09:24.922,0.90768,0.90785,1.88,5.25
2011.03.24 01:09:25.472,0.90768,0.90785,1.88,5.25
2011.03.24 01:09:32.294,0.90768,0.90785,1.88,5.25
2011.03.24 01:09:32.843,0.90768,0.90785,1.88,5.25
2011.03.24 01:09:34.874,0.90768,0.90785,1.50,5.25
2011.03.24 01:09:36.812,0.90768,0.90785,1.13,5.25
2011.03.24 01:09:40.704,0.90768,0.90785,1.13,5.25
2011.03.24 01:09:43.702,0.90767,0.90785,1.88,5.25
2011.03.24 01:09:44.254,0.90767,0.90785,1.88,5.25
2011.03.24 01:09:44.802,0.90767,0.90785,1.88,5.25
2011.03.24 01:09:45.673,0.90767,0.90785,1.88,5.25
2011.03.24 01:09:45.894,0.90767,0.90785,1.50,5.25
2011.03.24 01:09:46.442,0.90767,0.90785,1.88,5.25
2011.03.24 01:10:01.274,0.90767,0.90785,1.13,5.25
2011.03.24 01:10:03.422,0.90767,0.90785,1.13,5.25
2011.03.24 01:10:03.753,0.90767,0.90785,1.13,5.25
2011.03.24 01:10:04.684,0.90767,0.90785,1.13,5.25
2011.03.24 01:10:10.223,0.90766,0.90785,2.70,5.25
2011.03.24 01:10:10.774,0.90766,0.90785,2.70,5.25
2011.03.24 01:10:11.572,0.90766,0.90784,2.70,5.25
2011.03.24 01:10:57.814,0.90768,0.90783,1.13,5.25
2011.03.24 01:10:58.374,0.90767,0.90785,1.88,5.25
2011.03.24 01:10:58.595,0.90768,0.90783,1.13,5.25
2011.03.24 01:11:01.676,0.90768,0.90784,1.13,5.25
2011.03.24 01:11:10.375,0.90766,0.90784,2.25,5.25
2011.03.24 01:11:22.093,0.90765,0.90784,3.00,5.25
2011.03.24 01:11:40.073,0.90765,0.90784,3.00,5.25
2011.03.24 01:11:45.746,0.90765,0.90785,2.63,5.25
2011.03.24 01:11:46.293,0.90765,0.90784,3.00,5.25
2011.03.24 01:12:04.925,0.90766,0.90785,1.13,5.25
2011.03.24 01:12:05.254,0.90767,0.90783,1.13,5.25
2011.03.24 01:12:05.584,0.90767,0.90785,1.13,5.25
2011.03.24 01:12:25.403,0.90765,0.90784,1.88,5.25
2011.03.24 01:12:30.153,0.90767,0.90784,1.50,5.25
2011.03.24 01:12:33.503,0.90767,0.90784,1.50,6.00
2011.03.24 01:12:33.726,0.90765,0.90782,1.50,5.25
2011.03.24 01:12:33.956,0.90765,0.90784,1.35,1.50
2011.03.24 01:12:34.065,0.90765,0.90784,1.35,2.25
2011.03.24 01:12:34.396,0.90759,0.90782,2.10,1.50
2011.03.24 01:12:34.724,0.90759,0.90782,2.10,1.50
2011.03.24 01:12:35.493,0.90759,0.90782,2.10,1.50
2011.03.24 01:12:41.808,0.90759,0.90783,1.35,1.50
2011.03.24 01:12:42.145,0.90759,0.90784,2.85,2.25
2011.03.24 01:12:44.496,0.90759,0.90784,2.85,2.25
2011.03.24 01:12:45.043,0.90759,0.90784,2.85,2.25
2011.03.24 01:12:47.534,0.90759,0.90784,2.85,2.25
2011.03.24 01:12:47.863,0.90759,0.90783,2.85,2.25
2011.03.24 01:12:53.356,0.90759,0.90783,2.85,2.25
2011.03.24 01:12:53.923,0.90759,0.90783,1.35,1.50
2011.03.24 01:12:54.307,0.90759,0.90783,1.35,2.25
2011.03.24 01:12:54.863,0.90759,0.90783,1.35,2.25
2011.03.24 01:12:56.864,0.90759,0.90783,1.35,2.25
2011.03.24 01:12:59.138,0.90759,0.90781,1.35,2.59
2011.03.24 01:13:16.197,0.90758,0.90779,3.00,1.65
2011.03.24 01:13:16.426,0.90758,0.90779,2.10,1.13
2011.03.24 01:13:16.863,0.90758,0.90779,2.10,1.13
2011.03.24 01:13:24.662,0.90759,0.90782,1.13,1.50
2011.03.24 01:13:24.777,0.90759,0.90783,1.95,2.25
2011.03.24 01:13:25.474,0.90759,0.90783,1.88,2.25
2011.03.24 01:14:17.575,0.9076,0.90783,2.25,3.75
2011.03.24 01:14:17.797,0.90758,0.90781,3.60,1.50
2011.03.24 01:14:18.135,0.90759,0.90783,2.25,2.25
2011.03.24 01:14:18.684,0.90759,0.90783,2.25,3.00
2011.03.24 01:14:22.274,0.90758,0.90783,2.10,2.25
2011.03.24 01:14:22.990,0.90758,0.90781,2.10,1.50
2011.03.24 01:14:23.923,0.90758,0.90781,2.10,1.50
2011.03.24 01:14:26.024,0.90758,0.90781,2.10,1.50
2011.03.24 01:14:26.594,0.90758,0.90782,2.10,1.50
2011.03.24 01:14:27.143,0.90758,0.90781,2.10,1.50
2011.03.24 01:14:27.735,0.90758,0.90781,2.10,1.50
2011.03.24 01:14:28.306,0.90758,0.90781,2.10,1.50
2011.03.24 01:14:28.787,0.90758,0.90783,2.10,1.50
2011.03.24 01:14:47.954,0.90758,0.90783,2.85,3.00
2011.03.24 01:14:48.565,0.90759,0.90783,2.25,3.00
2011.03.24 01:14:57.145,0.90758,0.90783,2.85,2.25
2011.03.24 01:14:57.842,0.90762,0.90782,2.25,1.50
2011.03.24 01:14:58.395,0.90759,0.90783,2.25,2.25
2011.03.24 01:15:00.423,0.9076,0.90783,2.25,1.50
2011.03.24 01:15:00.964,0.9076,0.90783,2.25,1.50
2011.03.24 01:15:01.483,0.9076,0.90784,2.25,2.25
2011.03.24 01:15:02.059,0.9076,0.90783,2.25,1.50
2011.03.24 01:15:10.344,0.9076,0.90783,2.25,1.50
2011.03.24 01:15:10.893,0.9076,0.90783,2.25,2.25
2011.03.24 01:15:11.334,0.9076,0.90783,2.25,1.50
2011.03.24 01:15:11.894,0.9076,0.90783,2.25,2.25
2011.03.24 01:15:15.904,0.90762,0.90783,2.25,1.50
2011.03.24 01:15:19.706,0.90762,0.90782,2.25,1.50
2011.03.24 01:15:20.254,0.90762,0.90782,2.25,1.50
2011.03.24 01:15:25.194,0.90763,0.90783,2.25,2.25
2011.03.24 01:15:32.236,0.90763,0.90783,1.50,1.50
2011.03.24 01:15:35.784,0.90764,0.90782,1.50,1.50
2011.03.24 01:15:36.007,0.90761,0.90782,2.25,1.50
2011.03.24 01:15:36.806,0.90762,0.90782,1.50,1.50
2011.03.24 01:16:02.157,0.90763,0.90782,1.50,1.50
2011.03.24 01:16:16.365,0.90763,0.90783,1.50,1.50
2011.03.24 01:16:16.914,0.90763,0.90783,1.50,1.50
2011.03.24 01:16:17.464,0.90763,0.90783,1.50,2.25
2011.03.24 01:16:18.273,0.90763,0.90783,1.50,3.00
2011.03.24 01:16:18.943,0.90763,0.90783,1.50,3.00
2011.03.24 01:16:21.825,0.90763,0.90782,1.50,1.50
2011.03.24 01:16:21.937,0.90761,0.90779,1.50,1.35
2011.03.24 01:16:22.164,0.90764,0.90783,1.50,3.00
2011.03.24 01:16:22.825,0.90764,0.90783,1.50,3.00
2011.03.24 01:16:27.198,0.90763,0.90783,1.50,3.00
2011.03.24 01:16:42.524,0.90764,0.90783,1.50,2.25
2011.03.24 01:16:52.536,0.90762,0.90783,1.50,1.50
2011.03.24 01:16:52.755,0.90764,0.90784,1.50,3.00
2011.03.24 01:17:22.505,0.90764,0.90784,1.50,2.25
2011.03.24 01:17:23.176,0.90764,0.90784,1.50,1.50
2011.03.24 01:17:24.085,0.90764,0.9078,1.50,1.50
2011.03.24 01:17:24.305,0.90761,0.9078,1.50,2.10
2011.03.24 01:17:24.415,0.90765,0.90777,1.50,1.50
2011.03.24 01:17:25.397,0.90765,0.9078,1.50,1.50
2011.03.24 01:17:25.505,0.90761,0.90779,1.50,1.13
2011.03.24 01:17:25.725,0.90761,0.90777,1.50,1.50
2011.03.24 01:17:35.373,0.90761,0.90777,1.50,2.25
2011.03.24 01:17:36.704,0.90761,0.90777,1.50,2.25
2011.03.24 01:17:37.263,0.90761,0.90777,1.50,2.25
2011.03.24 01:17:37.875,0.90761,0.90777,1.50,2.25
2011.03.24 01:17:38.603,0.90761,0.90777,1.50,2.25
2011.03.24 01:17:39.724,0.90761,0.90777,1.50,2.25
2011.03.24 01:17:40.285,0.90761,0.90777,1.50,2.25
2011.03.24 01:17:40.834,0.90761,0.90777,1.50,2.25
2011.03.24 01:17:41.413,0.90761,0.90777,1.50,2.25
2011.03.24 01:17:41.755,0.90761,0.90777,1.50,2.25
2011.03.24 01:17:42.985,0.90761,0.90777,1.50,2.25
2011.03.24 01:17:43.313,0.90761,0.90777,1.50,1.50
2011.03.24 01:17:43.865,0.90761,0.90777,1.50,1.50
2011.03.24 01:17:46.284,0.90759,0.90777,1.50,1.50
2011.03.24 01:17:48.464,0.90759,0.90777,1.50,1.50
2011.03.24 01:17:50.635,0.90759,0.90777,1.50,1.50
2011.03.24 01:17:52.445,0.90761,0.90777,1.50,1.50
2011.03.24 01:17:52.995,0.90759,0.90776,1.50,1.50
2011.03.24 01:17:53.105,0.90759,0.90776,1.50,1.50
2011.03.24 01:17:53.653,0.90759,0.90776,1.50,1.50
2011.03.24 01:17:55.504,0.90759,0.90778,1.50,3.08
2011.03.24 01:17:57.986,0.90759,0.90778,1.50,3.08
2011.03.24 01:18:02.987,0.9076,0.90778,1.50,2.70
2011.03.24 01:18:11.427,0.90761,0.90778,1.50,2.40
2011.03.24 01:18:11.757,0.9076,0.90778,1.50,2.40
2011.03.24 01:18:15.444,0.9076,0.90777,1.50,1.50
2011.03.24 01:18:26.414,0.9076,0.90777,1.50,1.50
2011.03.24 01:18:26.964,0.9076,0.90777,1.50,1.50
2011.03.24 01:18:27.526,0.9076,0.90777,1.50,1.50
2011.03.24 01:18:27.909,0.9076,0.90777,1.50,1.50
2011.03.24 01:18:28.743,0.9076,0.90777,1.50,1.50
2011.03.24 01:18:29.734,0.9076,0.90777,1.50,1.50
2011.03.24 01:18:32.687,0.90759,0.90776,1.50,1.50
2011.03.24 01:18:35.206,0.90759,0.90777,3.00,1.50
2011.03.24 01:18:35.426,0.90761,0.90779,3.00,1.13
2011.03.24 01:18:35.755,0.90764,0.90782,1.50,1.50
2011.03.24 01:18:36.413,0.90764,0.90783,1.50,1.50
2011.03.24 01:18:36.964,0.90764,0.90783,1.50,1.50
2011.03.24 01:18:39.843,0.90764,0.90783,1.50,2.25
2011.03.24 01:18:40.715,0.90763,0.90786,1.50,2.25
2011.03.24 01:18:45.527,0.90765,0.90786,1.50,2.25
2011.03.24 01:18:47.193,0.90765,0.90786,1.50,2.25
2011.03.24 01:18:48.624,0.90766,0.90786,1.50,2.25
2011.03.24 01:18:49.176,0.90764,0.90786,2.25,2.25
2011.03.24 01:18:49.287,0.90766,0.90786,1.50,2.25
2011.03.24 01:18:49.515,0.90764,0.90786,1.50,2.25
2011.03.24 01:18:50.064,0.90764,0.90786,1.50,2.25
2011.03.24 01:18:50.855,0.90766,0.90786,1.50,2.25
2011.03.24 01:18:53.287,0.90767,0.90786,1.50,2.25
2011.03.24 01:19:09.046,0.90768,0.90786,1.50,1.50
2011.03.24 01:19:09.855,0.90769,0.90786,1.50,2.25
2011.03.24 01:19:12.605,0.90768,0.90786,1.50,2.25
2011.03.24 01:19:27.446,0.90766,0.90785,1.50,2.25
2011.03.24 01:19:33.135,0.90766,0.90785,1.50,1.50
2011.03.24 01:19:33.360,0.90768,0.90786,1.50,2.25
2011.03.24 01:19:33.919,0.90767,0.90786,1.50,2.25
2011.03.24 01:19:34.337,0.90767,0.90786,1.50,2.25
2011.03.24 01:19:34.944,0.90767,0.90785,1.50,1.50
2011.03.24 01:19:35.494,0.90767,0.90785,1.50,1.50
2011.03.24 01:19:36.595,0.90767,0.90785,1.50,1.50
2011.03.24 01:19:37.303,0.90767,0.90785,1.50,1.50
2011.03.24 01:19:38.094,0.90767,0.90785,1.50,1.50
2011.03.24 01:19:41.153,0.90767,0.90786,1.50,1.65
2011.03.24 01:19:43.244,0.90767,0.90787,1.50,3.15
2011.03.24 01:19:43.606,0.90767,0.90787,1.50,3.15
2011.03.24 01:19:44.168,0.90767,0.90787,1.50,3.15
2011.03.24 01:19:46.263,0.90768,0.90787,1.50,3.15
2011.03.24 01:19:47.114,0.90769,0.90787,1.50,3.15
2011.03.24 01:19:54.763,0.90769,0.90787,1.50,3.15
2011.03.24 01:19:58.654,0.90769,0.90787,1.50,3.15
2011.03.24 01:19:58.984,0.90768,0.90787,1.50,3.53
2011.03.24 01:20:01.406,0.90768,0.90787,1.50,3.15
2011.03.24 01:20:03.713,0.90768,0.90787,1.50,3.15
2011.03.24 01:20:04.044,0.9077,0.90787,1.50,2.40
2011.03.24 01:20:04.594,0.9077,0.90789,1.50,2.40
2011.03.24 01:20:04.925,0.9077,0.90789,1.50,2.40
2011.03.24 01:20:05.473,0.9077,0.90789,1.50,2.40
2011.03.24 01:20:06.365,0.9077,0.90789,1.50,2.40
2011.03.24 01:20:13.356,0.90772,0.90789,1.50,1.65
2011.03.24 01:20:29.156,0.90775,0.9079,1.50,1.50
2011.03.24 01:20:29.718,0.90777,0.90788,1.50,5.25
2011.03.24 01:20:30.274,0.90778,0.90788,1.50,6.00
2011.03.24 01:20:33.564,0.90778,0.90788,1.50,6.00
2011.03.24 01:20:34.114,0.90777,0.90788,1.50,6.00
2011.03.24 01:20:34.665,0.90777,0.90788,1.50,6.00
2011.03.24 01:20:36.601,0.90779,0.90788,1.50,6.00
2011.03.24 01:20:37.166,0.90778,0.90788,1.50,6.00
2011.03.24 01:20:37.874,0.90778,0.90788,1.50,6.00
2011.03.24 01:20:38.204,0.90778,0.90788,1.50,6.00
2011.03.24 01:20:39.354,0.90778,0.90788,1.50,6.00
2011.03.24 01:20:40.135,0.90778,0.90788,1.50,6.00
2011.03.24 01:20:40.724,0.90778,0.90788,1.50,6.00
2011.03.24 01:20:41.325,0.90778,0.90788,1.50,6.00
2011.03.24 01:20:41.875,0.90778,0.90788,1.50,6.00
2011.03.24 01:20:42.668,0.90779,0.90789,1.50,6.00
2011.03.24 01:20:43.025,0.90778,0.90788,1.50,6.00
2011.03.24 01:20:44.575,0.90778,0.90787,1.50,5.25
2011.03.24 01:20:51.207,0.90778,0.90787,1.50,6.00
2011.03.24 01:20:51.765,0.90778,0.90787,1.50,5.25
2011.03.24 01:20:52.425,0.90777,0.90787,1.50,5.25
2011.03.24 01:20:53.865,0.90777,0.90787,1.50,6.00
2011.03.24 01:21:11.866,0.90776,0.90787,1.50,6.00
2011.03.24 01:21:12.416,0.90775,0.90789,1.50,6.00
2011.03.24 01:21:12.748,0.90773,0.90789,1.50,6.00
2011.03.24 01:21:13.086,0.90776,0.90788,1.50,6.00
2011.03.24 01:21:18.184,0.90774,0.90788,1.50,6.00
2011.03.24 01:21:23.647,0.90774,0.90789,1.50,1.50
2011.03.24 01:21:23.755,0.90772,0.90789,1.50,2.33
2011.03.24 01:21:24.424,0.9077,0.90789,1.50,2.33
2011.03.24 01:21:27.167,0.90774,0.90789,1.50,2.33
2011.03.24 01:21:27.754,0.90773,0.90789,1.50,2.25
2011.03.24 01:21:27.868,0.90767,0.90789,1.50,2.25
2011.03.24 01:21:28.427,0.90766,0.90789,3.00,2.25
2011.03.24 01:21:28.994,0.90767,0.90789,1.50,2.25
2011.03.24 01:21:31.604,0.90766,0.90789,2.25,2.25
2011.03.24 01:21:31.824,0.90766,0.90789,2.25,2.25
2011.03.24 01:21:32.472,0.90766,0.90789,1.50,2.25
2011.03.24 01:21:33.024,0.90766,0.90789,3.00,2.25
2011.03.24 01:21:33.484,0.90766,0.90789,3.00,2.25
2011.03.24 01:21:33.594,0.90766,0.90789,3.00,2.25
2011.03.24 01:21:34.254,0.90766,0.90789,2.25,2.25
2011.03.24 01:21:37.854,0.90766,0.90789,3.00,2.25
2011.03.24 01:21:38.484,0.90766,0.90789,3.00,2.25
2011.03.24 01:21:39.034,0.90766,0.90789,2.25,2.25
2011.03.24 01:21:39.143,0.90771,0.90789,1.50,2.25
2011.03.24 01:21:39.735,0.90771,0.90789,1.50,2.25
2011.03.24 01:21:40.313,0.90771,0.90789,1.50,2.25
2011.03.24 01:21:41.904,0.90771,0.90789,1.50,2.25
2011.03.24 01:21:42.222,0.90771,0.90789,1.50,2.25
2011.03.24 01:21:42.884,0.90771,0.90789,1.50,2.25
2011.03.24 01:21:42.994,0.90771,0.90789,1.50,2.25
2011.03.24 01:21:53.424,0.90771,0.90789,1.50,1.50
2011.03.24 01:21:55.504,0.90771,0.90789,1.50,1.50
2011.03.24 01:21:56.054,0.90772,0.90789,1.50,1.50
2011.03.24 01:21:57.693,0.90772,0.90789,1.50,1.50
2011.03.24 01:21:58.254,0.90772,0.90789,1.50,1.50
2011.03.24 01:21:58.810,0.90772,0.90789,1.50,1.50
2011.03.24 01:21:59.344,0.90772,0.90789,1.50,1.50
2011.03.24 01:21:59.894,0.90772,0.90789,1.50,1.50
2011.03.24 01:22:00.705,0.90772,0.90789,1.50,1.50
2011.03.24 01:22:01.582,0.90772,0.90789,1.50,1.50
2011.03.24 01:22:02.136,0.90773,0.90789,1.50,2.25
2011.03.24 01:22:02.704,0.90773,0.90785,1.50,6.00
2011.03.24 01:22:03.255,0.90773,0.90785,1.50,6.00
2011.03.24 01:22:05.747,0.90773,0.90785,1.50,6.00
2011.03.24 01:22:06.185,0.90773,0.90789,1.50,1.50
2011.03.24 01:22:15.528,0.90774,0.90789,1.50,1.50
2011.03.24 01:22:30.306,0.90773,0.90789,1.50,1.50
2011.03.24 01:22:34.254,0.90772,0.90788,1.50,1.50
2011.03.24 01:22:34.805,0.90772,0.90788,1.50,1.50
2011.03.24 01:22:38.977,0.90772,0.90789,1.50,1.50
2011.03.24 01:22:39.589,0.90771,0.90786,1.50,1.58
2011.03.24 01:22:40.144,0.9077,0.90786,1.50,1.58
2011.03.24 01:22:40.907,0.9077,0.90786,1.50,1.58
2011.03.24 01:22:41.475,0.90769,0.90786,1.50,1.58
2011.03.24 01:22:44.346,0.90769,0.90785,1.50,1.50
2011.03.24 01:22:46.908,0.90769,0.90785,1.50,1.50
2011.03.24 01:22:47.245,0.90772,0.90788,1.50,1.50
2011.03.24 01:22:50.204,0.90773,0.90788,1.50,1.50
2011.03.24 01:22:51.907,0.9077,0.90785,1.50,1.50
2011.03.24 01:22:52.064,0.9077,0.90785,1.50,1.50
2011.03.24 01:22:55.875,0.9077,0.90785,1.50,1.50
2011.03.24 01:22:59.467,0.9077,0.90785,1.50,2.25
2011.03.24 01:22:59.580,0.90766,0.90783,1.50,1.50
2011.03.24 01:22:59.697,0.90766,0.90783,1.50,2.25
2011.03.24 01:23:00.354,0.90765,0.90783,1.50,2.25
2011.03.24 01:23:03.974,0.90765,0.9078,1.50,1.50
2011.03.24 01:23:04.212,0.90768,0.90784,1.50,1.50
2011.03.24 01:23:04.765,0.90768,0.90784,1.50,1.50
2011.03.24 01:23:05.377,0.90767,0.90782,1.50,1.50
2011.03.24 01:23:05.486,0.90765,0.90782,1.50,7.50
2011.03.24 01:23:05.706,0.90765,0.90782,1.50,7.50
2011.03.24 01:23:05.815,0.90765,0.90782,1.50,2.25
2011.03.24 01:23:05.927,0.90767,0.90782,1.50,1.50
2011.03.24 01:23:06.145,0.90767,0.90781,1.50,1.50
2011.03.24 01:23:09.745,0.90767,0.90779,1.50,2.25
2011.03.24 01:23:10.075,0.90765,0.90779,1.50,2.25
2011.03.24 01:23:10.846,0.90765,0.90777,1.50,1.50
2011.03.24 01:23:11.176,0.90761,0.90777,1.50,1.50
2011.03.24 01:23:11.507,0.90761,0.90776,1.50,1.50
2011.03.24 01:23:12.395,0.90761,0.90775,1.50,6.00
2011.03.24 01:23:12.615,0.90761,0.90775,1.50,6.00
2011.03.24 01:23:14.087,0.90761,0.90775,1.50,6.00
2011.03.24 01:23:14.535,0.90761,0.90775,1.50,6.00
2011.03.24 01:23:16.802,0.90762,0.90775,1.50,6.00
2011.03.24 01:23:16.915,0.90762,0.90776,1.50,1.50
2011.03.24 01:23:17.249,0.90762,0.90776,1.50,1.50
2011.03.24 01:23:17.804,0.90761,0.90776,1.50,1.50
2011.03.24 01:23:18.414,0.9076,0.90776,1.50,1.50
2011.03.24 01:23:24.635,0.90762,0.90776,1.50,1.50
2011.03.24 01:23:25.185,0.90761,0.90776,1.50,1.50
2011.03.24 01:23:25.829,0.90761,0.90776,1.50,1.50
2011.03.24 01:23:26.177,0.90761,0.90776,1.50,1.50
2011.03.24 01:23:26.725,0.90761,0.90776,1.50,1.50
2011.03.24 01:23:26.836,0.90759,0.90775,1.50,6.00
2011.03.24 01:23:27.274,0.90761,0.90774,1.50,1.50
2011.03.24 01:23:29.044,0.90759,0.90774,1.50,1.50
2011.03.24 01:23:39.681,0.90759,0.90776,1.50,6.00
2011.03.24 01:23:44.336,0.90761,0.90776,1.50,6.00
2011.03.24 01:23:59.525,0.9076,0.90776,1.50,6.00
2011.03.24 01:24:09.237,0.9076,0.90776,1.50,6.00
2011.03.24 01:24:09.714,0.9076,0.90777,1.50,1.50
2011.03.24 01:24:10.278,0.90762,0.90779,1.50,1.50
2011.03.24 01:24:11.915,0.9076,0.9078,1.50,1.50
2011.03.24 01:24:12.875,0.9076,0.9078,1.50,1.50
2011.03.24 01:24:13.616,0.90759,0.9078,1.50,1.50
2011.03.24 01:24:14.240,0.90759,0.90778,1.50,1.50
2011.03.24 01:24:20.875,0.90759,0.90777,1.50,1.50
2011.03.24 01:24:21.205,0.90761,0.90777,1.50,6.75
2011.03.24 01:24:25.697,0.90759,0.90777,1.50,6.75
2011.03.24 01:24:33.086,0.9076,0.90777,1.50,1.50
2011.03.24 01:24:33.595,0.90759,0.90777,1.50,1.50
2011.03.24 01:24:34.205,0.9076,0.90777,1.50,1.50
2011.03.24 01:24:47.637,0.9076,0.90777,1.50,1.50
2011.03.24 01:24:47.975,0.90762,0.9078,1.50,7.50
2011.03.24 01:24:50.999,0.9076,0.9078,1.50,2.25
2011.03.24 01:25:11.460,0.90761,0.9078,1.50,2.25
2011.03.24 01:25:11.800,0.90759,0.90777,1.50,6.00
2011.03.24 01:25:22.487,0.90762,0.90776,1.50,6.00
2011.03.24 01:25:23.640,0.90762,0.90778,1.50,1.50
2011.03.24 01:25:26.304,0.90762,0.90778,1.50,1.50
2011.03.24 01:25:28.535,0.90762,0.90778,1.50,1.50
2011.03.24 01:25:29.799,0.90762,0.90778,1.50,1.50
2011.03.24 01:25:32.494,0.90762,0.90778,1.50,1.50
2011.03.24 01:25:36.184,0.90762,0.90778,1.50,1.50
2011.03.24 01:25:36.692,0.90762,0.90778,1.50,1.50
2011.03.24 01:25:40.794,0.90762,0.90778,1.50,1.50
2011.03.24 01:25:41.680,0.90762,0.90778,1.50,6.75
2011.03.24 01:25:42.233,0.90762,0.90778,1.50,1.50
2011.03.24 01:25:42.944,0.90762,0.90778,1.50,1.50
2011.03.24 01:25:43.219,0.90762,0.90778,1.50,1.50
2011.03.24 01:25:44.805,0.90762,0.90778,1.50,1.50
2011.03.24 01:25:45.735,0.90762,0.90778,1.50,1.50
2011.03.24 01:25:52.594,0.90761,0.90778,1.50,1.50
2011.03.24 01:25:59.725,0.90761,0.90778,1.50,1.50
2011.03.24 01:25:59.836,0.90761,0.90779,1.50,1.50
2011.03.24 01:26:00.385,0.90761,0.9078,1.50,1.50
2011.03.24 01:26:01.083,0.90761,0.9078,1.50,1.50
2011.03.24 01:26:08.654,0.90761,0.90779,1.50,6.00
2011.03.24 01:26:10.004,0.90761,0.90779,1.50,6.00
2011.03.24 01:26:13.408,0.90761,0.90779,1.50,6.00
2011.03.24 01:26:14.605,0.90761,0.90779,1.50,6.00
2011.03.24 01:26:15.286,0.90761,0.90778,1.50,6.00
2011.03.24 01:26:19.226,0.90761,0.90778,1.50,6.00
2011.03.24 01:26:19.444,0.90761,0.90778,1.50,6.00
2011.03.24 01:26:23.595,0.90761,0.90778,1.50,6.00
2011.03.24 01:26:24.159,0.90761,0.90778,1.50,6.00
2011.03.24 01:26:24.795,0.90761,0.90778,1.50,6.00
2011.03.24 01:26:26.814,0.90761,0.90778,1.50,6.00
2011.03.24 01:26:28.258,0.90761,0.90778,2.25,6.00
2011.03.24 01:26:28.379,0.90764,0.9078,1.50,1.50
2011.03.24 01:26:28.893,0.90765,0.90783,1.50,3.00
2011.03.24 01:26:42.906,0.90764,0.90783,1.50,7.50
2011.03.24 01:26:43.347,0.90762,0.9078,1.50,1.50
2011.03.24 01:26:43.675,0.90761,0.9078,1.50,1.50
2011.03.24 01:26:48.689,0.90761,0.9078,1.50,1.50
2011.03.24 01:26:49.456,0.90761,0.9078,1.50,1.50
2011.03.24 01:26:58.915,0.90761,0.9078,1.50,2.25
2011.03.24 01:26:59.375,0.90761,0.9078,1.50,2.25
2011.03.24 01:27:00.905,0.90761,0.9078,1.50,2.25
2011.03.24 01:27:01.508,0.9076,0.9078,2.25,1.50
2011.03.24 01:27:01.726,0.90763,0.9078,1.50,1.50
2011.03.24 01:27:01.835,0.90763,0.9078,1.50,1.50
2011.03.24 01:27:02.257,0.90763,0.9078,1.50,1.50
2011.03.24 01:27:04.187,0.90762,0.9078,1.50,1.50
2011.03.24 01:27:06.197,0.90763,0.9078,1.50,1.50
2011.03.24 01:27:07.405,0.90763,0.9078,1.50,1.50
2011.03.24 01:27:07.845,0.90763,0.9078,1.50,1.50
2011.03.24 01:27:11.035,0.90763,0.9078,1.50,1.50
2011.03.24 01:27:16.735,0.90762,0.9078,1.50,1.50
2011.03.24 01:27:22.027,0.90761,0.90779,1.50,1.50
2011.03.24 01:27:24.695,0.90762,0.90779,1.50,1.50
2011.03.24 01:27:26.856,0.90762,0.90779,1.50,1.50
2011.03.24 01:27:27.255,0.90762,0.90779,1.50,1.50
2011.03.24 01:27:27.867,0.90762,0.90779,1.50,1.50
2011.03.24 01:27:40.335,0.90762,0.90779,1.50,1.50
2011.03.24 01:27:42.071,0.90762,0.90779,1.50,1.50
2011.03.24 01:27:42.825,0.90763,0.90779,1.50,1.50
2011.03.24 01:27:44.798,0.90763,0.90781,2.25,1.50
2011.03.24 01:27:45.345,0.90764,0.90781,1.50,1.50
2011.03.24 01:27:46.899,0.90765,0.9078,1.50,1.50
2011.03.24 01:27:47.346,0.90764,0.9078,1.50,1.50
2011.03.24 01:27:47.894,0.90764,0.9078,1.50,1.50
2011.03.24 01:27:50.514,0.90764,0.9078,1.50,1.50
2011.03.24 01:27:52.489,0.90764,0.9078,1.50,1.50
2011.03.24 01:27:53.158,0.90763,0.9078,1.50,1.50
2011.03.24 01:27:53.809,0.90763,0.9078,1.50,2.25
2011.03.24 01:27:54.375,0.90763,0.9078,1.50,2.25
2011.03.24 01:27:59.198,0.90763,0.9078,1.50,2.25
2011.03.24 01:27:59.535,0.90761,0.9078,1.50,2.25
2011.03.24 01:28:06.964,0.90761,0.9078,1.50,2.25
2011.03.24 01:28:07.295,0.90761,0.9078,1.50,2.25
2011.03.24 01:28:09.099,0.90761,0.9078,1.50,2.25
2011.03.24 01:28:13.666,0.90762,0.9078,1.50,7.50
2011.03.24 01:28:27.408,0.90761,0.90778,1.50,6.00
2011.03.24 01:28:27.856,0.90759,0.90777,1.50,6.00
2011.03.24 01:28:28.077,0.90763,0.90776,1.50,1.50
2011.03.24 01:28:28.561,0.9076,0.90776,1.50,1.50
2011.03.24 01:28:29.238,0.90761,0.90776,1.50,1.50
2011.03.24 01:28:29.355,0.90761,0.90776,1.50,1.50
2011.03.24 01:28:30.525,0.90761,0.90776,1.50,1.50
2011.03.24 01:28:31.076,0.90761,0.90777,1.50,1.50
2011.03.24 01:28:39.710,0.90761,0.90777,1.50,1.50
2011.03.24 01:28:57.375,0.90761,0.90777,1.50,1.50
2011.03.24 01:28:58.375,0.90761,0.90777,1.50,1.50
2011.03.24 01:29:09.415,0.90758,0.90777,1.50,1.50
2011.03.24 01:29:16.535,0.90758,0.90777,2.25,1.50
2011.03.24 01:29:17.197,0.90759,0.90781,2.25,7.50
2011.03.24 01:29:17.905,0.90759,0.90781,2.25,7.50
2011.03.24 01:29:18.455,0.90759,0.9078,2.25,1.50
2011.03.24 01:29:18.785,0.90759,0.9078,2.25,1.50
2011.03.24 01:29:26.924,0.90759,0.9078,2.25,1.50
2011.03.24 01:29:27.495,0.90759,0.9078,2.25,1.50
2011.03.24 01:29:30.458,0.90759,0.9078,2.25,1.50
2011.03.24 01:29:31.668,0.90759,0.9078,2.25,1.50
2011.03.24 01:29:31.896,0.9076,0.9078,2.25,1.50
2011.03.24 01:29:32.117,0.9076,0.9078,2.25,1.50
2011.03.24 01:29:32.448,0.90761,0.9078,2.25,1.50
2011.03.24 01:29:32.675,0.90762,0.9078,2.25,1.50
2011.03.24 01:29:33.224,0.90762,0.9078,1.50,1.50
2011.03.24 01:29:47.457,0.90762,0.9078,2.25,1.50
2011.03.24 01:29:48.307,0.90762,0.9078,2.25,1.50
2011.03.24 01:29:49.186,0.90762,0.9078,2.25,1.50
2011.03.24 01:29:49.406,0.90762,0.9078,2.25,1.50
2011.03.24 01:29:53.206,0.90762,0.9078,2.25,1.50
2011.03.24 01:29:56.828,0.90762,0.90781,2.25,1.50
2011.03.24 01:30:08.698,0.90761,0.9078,2.25,1.50
2011.03.24 01:30:09.364,0.90761,0.9078,2.25,1.50
2011.03.24 01:30:09.807,0.90762,0.9078,1.50,1.50
2011.03.24 01:30:10.256,0.90762,0.9078,2.25,1.50
2011.03.24 01:30:10.805,0.90762,0.9078,2.25,1.50
2011.03.24 01:30:11.355,0.90761,0.9078,2.25,1.50
2011.03.24 01:30:14.314,0.90761,0.90781,2.25,1.50
2011.03.24 01:30:14.923,0.90761,0.9078,2.25,1.50
2011.03.24 01:30:15.525,0.90761,0.9078,2.25,1.50
2011.03.24 01:30:16.045,0.90761,0.9078,1.50,1.50
2011.03.24 01:30:16.706,0.90761,0.9078,1.50,1.50
2011.03.24 01:30:17.258,0.90761,0.9078,1.50,1.50
2011.03.24 01:30:17.804,0.90761,0.9078,1.50,1.50
2011.03.24 01:30:17.916,0.90761,0.90776,1.50,1.18
2011.03.24 01:30:18.466,0.9076,0.90777,1.50,1.50
2011.03.24 01:30:18.905,0.90761,0.90781,1.50,2.25
2011.03.24 01:30:19.464,0.90761,0.90781,1.50,2.25
2011.03.24 01:30:21.007,0.90761,0.90771,1.50,1.13
2011.03.24 01:30:21.337,0.90763,0.90777,1.50,1.57
2011.03.24 01:30:21.885,0.90759,0.90776,1.50,1.63
2011.03.24 01:30:22.656,0.90762,0.90776,1.50,1.63
2011.03.24 01:30:22.765,0.9076,0.90776,1.50,1.63
2011.03.24 01:30:23.725,0.9076,0.90781,2.25,1.52
2011.03.24 01:30:23.840,0.90764,0.90782,2.25,1.50
2011.03.24 01:30:23.960,0.90765,0.90785,2.25,1.50
2011.03.24 01:30:24.299,0.9076,0.90783,2.25,2.25
2011.03.24 01:30:24.855,0.90759,0.90781,1.50,1.35
2011.03.24 01:30:25.844,0.90759,0.90781,3.00,1.35
2011.03.24 01:30:27.145,0.90759,0.90777,2.25,1.54
2011.03.24 01:30:27.694,0.9076,0.90777,1.50,1.54
2011.03.24 01:30:28.574,0.90759,0.90777,2.25,1.54
2011.03.24 01:30:30.325,0.90759,0.90779,3.00,1.50
2011.03.24 01:30:31.449,0.9076,0.9078,1.50,1.50
2011.03.24 01:30:31.896,0.9076,0.9078,1.50,1.50
2011.03.24 01:30:32.335,0.9076,0.9078,1.50,1.50
2011.03.24 01:30:33.235,0.9076,0.9078,1.50,1.50
2011.03.24 01:30:33.805,0.9076,0.9078,1.50,1.50
2011.03.24 01:30:35.126,0.90758,0.9078,2.25,1.50
2011.03.24 01:30:36.456,0.90758,0.9077,2.25,1.13
2011.03.24 01:30:36.786,0.90754,0.90768,2.25,1.13
2011.03.24 01:30:37.483,0.90755,0.90769,1.50,1.13
2011.03.24 01:30:38.388,0.90754,0.90769,1.50,1.13
2011.03.24 01:30:38.948,0.90754,0.90766,1.50,1.50
2011.03.24 01:30:39.176,0.90751,0.90766,1.50,1.50
2011.03.24 01:30:39.396,0.90753,0.90766,1.50,1.50
2011.03.24 01:30:39.729,0.90754,0.90768,1.50,1.13
2011.03.24 01:30:39.846,0.90754,0.90777,1.50,1.88
2011.03.24 01:30:39.957,0.90757,0.90777,1.50,1.88
2011.03.24 01:30:40.827,0.90757,0.90777,1.50,1.88
2011.03.24 01:30:41.375,0.90757,0.90777,1.50,1.50
2011.03.24 01:30:42.726,0.90757,0.90777,1.50,1.50
2011.03.24 01:30:43.856,0.90757,0.90778,1.50,1.50
2011.03.24 01:30:44.187,0.90756,0.90778,1.50,1.88
2011.03.24 01:30:44.298,0.90756,0.90778,1.50,2.25
2011.03.24 01:30:44.858,0.90757,0.90778,1.50,1.50
2011.03.24 01:30:45.305,0.90756,0.90778,1.50,1.65
2011.03.24 01:30:46.089,0.90756,0.90775,1.50,1.50
2011.03.24 01:30:46.209,0.90752,0.90774,1.50,1.35
2011.03.24 01:30:46.328,0.90753,0.90772,2.25,2.25
2011.03.24 01:30:46.667,0.90755,0.90775,1.50,1.50
2011.03.24 01:30:47.218,0.90755,0.90775,1.50,1.50
2011.03.24 01:30:48.701,0.90755,0.90777,1.50,2.25
2011.03.24 01:30:49.257,0.90754,0.90777,2.25,2.25
2011.03.24 01:30:49.697,0.90754,0.90775,1.50,1.50
2011.03.24 01:30:50.358,0.90755,0.90775,2.25,1.50
2011.03.24 01:30:50.796,0.90756,0.90774,1.50,1.50
2011.03.24 01:30:51.346,0.90755,0.90776,1.50,1.50
2011.03.24 01:30:51.847,0.90755,0.90776,1.50,1.50
2011.03.24 01:30:52.508,0.90755,0.90771,1.50,1.50
2011.03.24 01:30:52.628,0.90753,0.90767,1.50,1.20
2011.03.24 01:30:52.736,0.90753,0.90767,1.50,1.20
2011.03.24 01:30:54.296,0.90753,0.90767,2.25,1.20
2011.03.24 01:30:54.968,0.90754,0.90767,2.85,1.20
2011.03.24 01:30:55.515,0.90755,0.90771,1.35,1.20
2011.03.24 01:30:55.846,0.90755,0.90774,2.85,1.95
2011.03.24 01:30:57.497,0.90756,0.90777,1.50,2.04
2011.03.24 01:30:58.045,0.90752,0.9077,2.85,6.08
2011.03.24 01:30:58.487,0.90759,0.90776,1.50,1.42
2011.03.24 01:30:58.926,0.90762,0.90777,1.50,1.28
2011.03.24 01:30:59.490,0.90761,0.90777,1.50,1.28
2011.03.24 01:31:00.588,0.90759,0.90777,1.50,1.28
2011.03.24 01:31:01.037,0.90762,0.90777,1.50,1.28
2011.03.24 01:31:01.256,0.9076,0.9078,2.10,1.50
2011.03.24 01:31:01.477,0.9076,0.90781,2.10,2.25
2011.03.24 01:31:02.025,0.90761,0.90778,1.50,1.50
2011.03.24 01:31:05.277,0.90761,0.90781,1.50,3.00
2011.03.24 01:31:07.385,0.90761,0.90781,1.50,2.25
2011.03.24 01:31:08.028,0.90761,0.90781,1.50,2.25
2011.03.24 01:31:08.731,0.90762,0.9078,1.50,1.50
2011.03.24 01:31:09.176,0.9076,0.9078,2.10,1.50
2011.03.24 01:31:09.835,0.9076,0.9078,2.10,1.50
2011.03.24 01:31:10.166,0.90762,0.9078,1.50,1.58
2011.03.24 01:31:10.605,0.9076,0.90779,2.10,1.58
2011.03.24 01:31:11.297,0.9076,0.90779,2.10,1.58
2011.03.24 01:31:11.824,0.9076,0.90779,2.10,1.58
2011.03.24 01:31:12.815,0.9076,0.90781,2.10,2.33
2011.03.24 01:31:13.305,0.9076,0.90781,2.10,2.33
2011.03.24 01:31:14.200,0.9076,0.9078,2.10,2.33
2011.03.24 01:31:14.535,0.90762,0.9078,1.50,1.58
2011.03.24 01:31:15.415,0.90762,0.9078,1.50,1.58
2011.03.24 01:31:16.397,0.90762,0.9078,1.50,1.58
2011.03.24 01:31:16.935,0.90762,0.9078,1.50,1.58
2011.03.24 01:31:19.695,0.90762,0.9078,1.50,1.58
2011.03.24 01:31:21.017,0.90762,0.9078,1.50,1.58
2011.03.24 01:31:21.347,0.90759,0.9078,2.10,1.58
2011.03.24 01:31:21.569,0.90762,0.90781,1.50,1.58
2011.03.24 01:31:21.797,0.90759,0.90781,1.35,1.58
2011.03.24 01:31:21.906,0.90762,0.90781,1.50,1.58
2011.03.24 01:31:22.837,0.90762,0.90783,1.50,3.45
2011.03.24 01:31:27.877,0.90761,0.90783,1.50,3.08
2011.03.24 01:31:28.445,0.9076,0.90782,2.85,1.58
2011.03.24 01:31:30.530,0.9076,0.90783,2.10,2.70
2011.03.24 01:31:30.866,0.90761,0.90783,1.50,2.33
2011.03.24 01:31:31.465,0.90761,0.90783,1.50,2.33
2011.03.24 01:31:34.016,0.90764,0.90783,1.35,1.58
2011.03.24 01:31:34.126,0.90766,0.90787,1.50,2.40
2011.03.24 01:31:35.265,0.90767,0.90787,1.50,1.65
2011.03.24 01:31:35.819,0.90768,0.90787,1.50,1.50
2011.03.24 01:31:36.376,0.90767,0.90787,1.50,1.50
2011.03.24 01:31:39.976,0.90765,0.90787,2.10,1.50
2011.03.24 01:31:40.087,0.90765,0.90787,2.85,1.50
2011.03.24 01:31:40.308,0.90765,0.90787,2.10,1.50
2011.03.24 01:31:40.856,0.90765,0.90787,2.10,1.50
2011.03.24 01:31:43.669,0.90769,0.90788,1.35,1.50
2011.03.24 01:31:43.795,0.90771,0.90784,1.50,6.00
2011.03.24 01:31:51.565,0.90769,0.90784,2.10,5.25
2011.03.24 01:31:51.677,0.90768,0.90784,4.50,6.00
2011.03.24 01:31:51.787,0.90768,0.90782,3.75,5.25
2011.03.24 01:31:52.915,0.90768,0.90782,3.00,5.25
2011.03.24 01:31:54.677,0.90768,0.90782,3.00,5.25
2011.03.24 01:31:55.225,0.90768,0.90782,3.00,5.25
2011.03.24 01:31:56.517,0.90772,0.90782,1.50,5.25
2011.03.24 01:31:59.899,0.90771,0.90781,1.50,5.25
2011.03.24 01:32:00.020,0.90772,0.90783,1.50,5.25
2011.03.24 01:32:00.246,0.90771,0.90785,1.50,5.25
2011.03.24 01:32:00.797,0.90771,0.90782,1.50,5.25
2011.03.24 01:32:00.907,0.90772,0.90785,1.50,5.25
2011.03.24 01:32:01.415,0.90772,0.90784,1.50,5.25
2011.03.24 01:32:02.997,0.90773,0.90784,1.50,5.25
2011.03.24 01:32:03.106,0.90771,0.90784,1.50,5.25
2011.03.24 01:32:03.547,0.9077,0.90793,1.50,2.25
2011.03.24 01:32:04.095,0.90771,0.90793,1.50,2.25
2011.03.24 01:32:05.196,0.90771,0.90793,1.50,2.25
2011.03.24 01:32:05.775,0.90771,0.90793,1.50,2.25
2011.03.24 01:32:13.707,0.90771,0.90791,1.50,1.88
2011.03.24 01:32:14.256,0.90771,0.90791,1.50,1.88
2011.03.24 01:32:15.171,0.9077,0.90792,1.50,1.88
2011.03.24 01:32:15.395,0.9077,0.90792,1.50,1.88
2011.03.24 01:32:15.726,0.9077,0.90783,1.50,5.25
2011.03.24 01:32:18.797,0.9077,0.90782,1.50,5.25
2011.03.24 01:32:19.320,0.9077,0.90781,1.50,5.25
2011.03.24 01:32:21.458,0.90769,0.90781,2.25,5.25
2011.03.24 01:32:23.676,0.90772,0.90781,1.50,5.25
2011.03.24 01:32:30.218,0.90772,0.90782,1.50,5.25
2011.03.24 01:32:30.439,0.90772,0.90793,1.50,7.88
2011.03.24 01:32:30.776,0.90771,0.90791,1.50,6.00
2011.03.24 01:32:31.686,0.90772,0.90793,1.50,1.50
2011.03.24 01:32:39.847,0.90772,0.90793,3.75,1.50
2011.03.24 01:32:39.956,0.90778,0.90794,1.50,6.00
2011.03.24 01:32:40.288,0.90781,0.90789,1.50,5.25
2011.03.24 01:32:40.507,0.90777,0.90798,1.50,6.75
2011.03.24 01:32:41.006,0.90777,0.90797,1.50,1.50
2011.03.24 01:32:42.176,0.90786,0.90798,1.50,1.50
2011.03.24 01:32:42.507,0.9079,0.908,1.50,1.50
2011.03.24 01:32:42.726,0.90782,0.90801,1.50,1.50
2011.03.24 01:32:42.836,0.90778,0.90801,2.25,1.50
2011.03.24 01:32:43.386,0.90778,0.908,1.50,1.50
2011.03.24 01:32:43.938,0.90778,0.908,2.25,1.50
2011.03.24 01:32:47.528,0.90787,0.90802,1.50,1.50
2011.03.24 01:32:47.865,0.90787,0.90804,1.50,1.50
2011.03.24 01:32:48.196,0.90787,0.90804,1.50,1.50
2011.03.24 01:32:48.528,0.90781,0.90801,1.50,1.50
2011.03.24 01:32:49.086,0.90781,0.90801,1.50,1.50
2011.03.24 01:32:49.635,0.90781,0.90801,1.50,2.25
2011.03.24 01:32:50.205,0.90781,0.90801,1.50,2.25
2011.03.24 01:32:50.755,0.90781,0.90801,1.50,2.25
2011.03.24 01:32:51.805,0.90781,0.90801,1.50,2.25
2011.03.24 01:32:53.115,0.90781,0.90801,1.50,2.25
2011.03.24 01:32:54.885,0.90781,0.90801,1.50,2.25
2011.03.24 01:32:58.017,0.90782,0.908,1.50,1.50
2011.03.24 01:33:00.568,0.9078,0.908,1.50,1.50
2011.03.24 01:33:01.115,0.90779,0.908,1.50,1.50
2011.03.24 01:33:13.747,0.90779,0.908,1.50,1.50
2011.03.24 01:33:16.065,0.90779,0.908,1.50,1.50
2011.03.24 01:33:16.175,0.90776,0.908,2.25,6.75
2011.03.24 01:33:16.435,0.90776,0.908,1.50,6.75
2011.03.24 01:33:16.987,0.90776,0.908,2.25,6.75
2011.03.24 01:33:17.538,0.90776,0.908,2.25,1.50
2011.03.24 01:33:17.646,0.9078,0.908,1.50,1.50
2011.03.24 01:33:18.515,0.9078,0.908,1.50,1.50
2011.03.24 01:33:19.589,0.9078,0.908,1.50,1.50
2011.03.24 01:33:23.256,0.9078,0.908,1.50,2.25
2011.03.24 01:33:31.585,0.90778,0.908,1.50,1.50
2011.03.24 01:33:58.135,0.90779,0.90799,1.50,1.50
2011.03.24 01:34:16.515,0.90777,0.90796,1.50,1.50
2011.03.24 01:34:16.738,0.90777,0.90785,1.50,5.25
2011.03.24 01:34:17.091,0.90775,0.90784,1.50,5.25
2011.03.24 01:34:17.207,0.90775,0.90786,1.50,5.25
2011.03.24 01:34:17.755,0.90775,0.90785,1.50,5.25
2011.03.24 01:34:27.059,0.9078,0.90785,1.50,5.25
2011.03.24 01:34:27.399,0.90784,0.9079,1.50,5.25
2011.03.24 01:34:27.518,0.90777,0.9079,1.50,6.00
2011.03.24 01:34:27.628,0.90774,0.90788,2.25,5.25
2011.03.24 01:34:27.955,0.90775,0.90786,1.50,5.25
2011.03.24 01:34:28.395,0.90775,0.90784,1.50,5.25
2011.03.24 01:34:35.065,0.90775,0.90783,1.50,5.25
2011.03.24 01:34:43.665,0.90775,0.90787,1.50,5.25
2011.03.24 01:34:47.636,0.90775,0.90785,1.50,5.25
2011.03.24 01:34:51.678,0.90776,0.90785,1.50,5.25
2011.03.24 01:34:52.228,0.90777,0.90785,1.50,5.25
2011.03.24 01:35:05.405,0.90776,0.90785,1.50,5.25
2011.03.24 01:35:06.936,0.90777,0.90785,1.50,5.25
2011.03.24 01:35:07.775,0.90777,0.90787,1.50,5.25
2011.03.24 01:35:12.358,0.90778,0.90787,1.50,5.25
2011.03.24 01:35:12.578,0.90778,0.90789,1.50,5.25
2011.03.24 01:35:13.795,0.90777,0.90787,1.50,5.25
2011.03.24 01:35:17.466,0.90779,0.90787,1.50,5.25
2011.03.24 01:35:17.686,0.90779,0.90791,1.50,6.00
2011.03.24 01:35:19.317,0.90776,0.90791,2.25,5.25
2011.03.24 01:35:19.646,0.90776,0.90787,2.25,5.25
2011.03.24 01:35:29.718,0.90781,0.90787,1.35,5.25
2011.03.24 01:35:30.129,0.90776,0.90789,1.50,5.25
2011.03.24 01:35:30.251,0.90776,0.90787,1.50,5.25
2011.03.24 01:35:30.587,0.90776,0.90785,1.50,5.25
2011.03.24 01:35:35.625,0.90775,0.90785,2.10,5.25
2011.03.24 01:35:40.168,0.90779,0.90791,1.35,6.00
2011.03.24 01:35:40.277,0.90781,0.90794,1.35,6.00
2011.03.24 01:35:40.389,0.90783,0.908,1.50,2.25
2011.03.24 01:35:40.511,0.90783,0.90788,1.50,5.25
2011.03.24 01:35:40.628,0.90775,0.90789,1.50,5.25
2011.03.24 01:35:40.846,0.90775,0.90786,1.50,5.25
2011.03.24 01:35:41.396,0.90774,0.90785,1.50,5.25
2011.03.24 01:35:42.812,0.90778,0.9079,1.50,5.25
2011.03.24 01:35:42.929,0.90775,0.90786,1.50,5.25
2011.03.24 01:35:43.475,0.90774,0.90786,1.50,5.25
2011.03.24 01:35:44.037,0.90775,0.90786,1.50,5.25
2011.03.24 01:35:47.300,0.90775,0.90789,1.50,5.25
2011.03.24 01:35:47.419,0.90777,0.90789,1.50,5.25
2011.03.24 01:35:51.129,0.90777,0.90785,1.50,5.25
2011.03.24 01:35:51.248,0.90775,0.90785,1.50,5.25
2011.03.24 01:35:53.323,0.90775,0.90787,1.50,5.25
2011.03.24 01:35:58.710,0.90775,0.90787,2.25,5.25
2011.03.24 01:35:58.939,0.90781,0.90794,2.10,5.25
2011.03.24 01:35:59.062,0.90778,0.90785,1.50,5.25
2011.03.24 01:35:59.177,0.90773,0.90785,1.50,5.25
2011.03.24 01:36:00.486,0.90771,0.90785,2.85,5.25
2011.03.24 01:36:02.918,0.9077,0.90785,3.60,5.25
2011.03.24 01:36:06.549,0.9077,0.90785,2.85,6.00
2011.03.24 01:36:06.997,0.90771,0.90786,1.50,5.25
2011.03.24 01:36:09.676,0.90772,0.90786,1.50,5.25
2011.03.24 01:36:14.597,0.90769,0.90784,1.50,6.00
2011.03.24 01:36:15.147,0.90769,0.90784,1.50,5.25
2011.03.24 01:36:15.698,0.90769,0.90783,1.50,6.00
2011.03.24 01:36:20.645,0.90768,0.90783,1.50,6.00
2011.03.24 01:36:23.416,0.90768,0.90783,2.25,5.25
2011.03.24 01:36:23.636,0.90773,0.9079,2.85,6.00
2011.03.24 01:36:25.086,0.90773,0.9079,1.50,6.00
2011.03.24 01:36:25.197,0.90771,0.9079,1.50,6.00
2011.03.24 01:36:25.745,0.90768,0.90791,1.50,1.50
2011.03.24 01:36:32.428,0.90769,0.90792,3.60,1.50
2011.03.24 01:36:32.539,0.90773,0.90792,2.25,1.50
2011.03.24 01:36:33.087,0.90773,0.90792,1.50,1.50
2011.03.24 01:36:33.574,0.90773,0.90792,1.50,1.50
2011.03.24 01:36:34.126,0.90769,0.90792,2.25,2.10
2011.03.24 01:36:34.675,0.90769,0.9079,1.50,1.50
2011.03.24 01:36:35.847,0.90769,0.9079,2.25,1.50
2011.03.24 01:36:36.397,0.9077,0.90784,1.50,5.25
2011.03.24 01:36:56.468,0.90778,0.90795,1.50,1.13
2011.03.24 01:36:56.809,0.90773,0.90787,2.25,5.25
2011.03.24 01:36:56.928,0.90771,0.90784,1.88,5.25
2011.03.24 01:36:57.037,0.90771,0.90784,1.50,6.00
2011.03.24 01:36:58.439,0.90779,0.90784,2.25,5.25
2011.03.24 01:36:58.558,0.9078,0.90793,1.50,5.25
2011.03.24 01:36:58.777,0.9078,0.90793,2.25,5.25
2011.03.24 01:36:59.327,0.9078,0.90786,3.00,5.25
2011.03.24 01:36:59.549,0.90772,0.90786,1.88,6.00
2011.03.24 01:36:59.668,0.90772,0.90783,1.50,5.25
2011.03.24 01:37:00.223,0.90772,0.90784,1.50,5.25
2011.03.24 01:37:03.188,0.90772,0.90786,1.50,5.25
2011.03.24 01:37:11.495,0.90774,0.90786,1.50,5.25
2011.03.24 01:37:14.058,0.90774,0.90785,1.50,5.25
2011.03.24 01:37:14.276,0.9077,0.90782,1.50,5.25
2011.03.24 01:37:16.248,0.90765,0.90782,2.25,6.00
2011.03.24 01:37:16.363,0.90764,0.90781,3.56,5.25
2011.03.24 01:37:16.478,0.90764,0.90781,2.25,5.25
2011.03.24 01:37:16.698,0.90765,0.90783,1.50,5.25
2011.03.24 01:37:16.810,0.90767,0.90783,2.25,5.25
2011.03.24 01:37:17.365,0.9077,0.90784,1.50,5.25
2011.03.24 01:37:20.669,0.90777,0.90784,1.35,5.25
2011.03.24 01:37:20.789,0.90781,0.90793,1.50,6.00
2011.03.24 01:37:21.362,0.9078,0.90793,2.25,5.25
2011.03.24 01:37:22.336,0.90781,0.90793,1.50,6.00
2011.03.24 01:37:22.669,0.90772,0.90784,1.50,5.25
2011.03.24 01:37:22.787,0.9077,0.90782,2.25,5.25
2011.03.24 01:37:25.566,0.9077,0.90785,1.50,6.00
2011.03.24 01:37:35.937,0.90771,0.90785,1.50,6.00
2011.03.24 01:37:36.049,0.90769,0.90783,2.25,5.25
2011.03.24 01:37:36.606,0.9077,0.90782,1.50,5.25
2011.03.24 01:37:36.935,0.90773,0.90782,1.50,5.25
2011.03.24 01:37:37.546,0.90772,0.90782,1.50,5.25
2011.03.24 01:37:40.537,0.90773,0.90782,2.25,5.25
2011.03.24 01:37:40.649,0.90779,0.90792,2.25,5.25
2011.03.24 01:37:40.880,0.90782,0.90793,1.50,6.00
2011.03.24 01:37:41.110,0.90776,0.90785,1.50,5.25
2011.03.24 01:37:41.447,0.90774,0.90785,1.50,5.25
2011.03.24 01:37:44.994,0.90774,0.90785,2.25,5.25
2011.03.24 01:37:45.219,0.9078,0.90793,1.50,5.25
2011.03.24 01:37:46.339,0.90779,0.90793,2.25,6.00
2011.03.24 01:37:46.460,0.90775,0.90783,1.50,5.25
2011.03.24 01:37:46.582,0.90775,0.90781,1.50,2.25
2011.03.24 01:37:46.812,0.90764,0.90782,1.11,4.50
2011.03.24 01:37:47.258,0.9077,0.9079,1.50,1.50
2011.03.24 01:37:47.587,0.90767,0.90782,2.25,5.25
2011.03.24 01:37:51.726,0.90767,0.90782,1.50,6.00
2011.03.24 01:37:51.948,0.90764,0.90781,1.50,1.50
2011.03.24 01:37:52.058,0.90764,0.90781,1.50,1.50
2011.03.24 01:37:52.389,0.9076,0.90781,1.50,1.50
2011.03.24 01:37:53.496,0.9076,0.90781,1.50,1.50
2011.03.24 01:37:54.065,0.9076,0.90781,1.50,1.50
2011.03.24 01:37:54.615,0.9076,0.90781,1.50,1.50
2011.03.24 01:37:57.337,0.9076,0.90776,1.50,1.50
2011.03.24 01:37:57.828,0.90752,0.90768,3.00,5.25
2011.03.24 01:37:58.268,0.90761,0.90768,1.50,5.25
2011.03.24 01:37:58.380,0.90761,0.90777,1.50,5.25
2011.03.24 01:37:58.607,0.90759,0.9078,1.50,1.50
2011.03.24 01:37:58.717,0.90761,0.9078,1.50,1.50
2011.03.24 01:37:58.936,0.90757,0.9078,2.25,1.50
2011.03.24 01:37:59.156,0.90757,0.90771,2.25,5.25
2011.03.24 01:37:59.705,0.90757,0.90771,2.25,5.25
2011.03.24 01:38:00.378,0.90757,0.90771,2.25,5.25
2011.03.24 01:38:00.711,0.9076,0.9077,3.00,5.25
2011.03.24 01:38:00.829,0.9076,0.90777,1.50,6.00
2011.03.24 01:38:00.946,0.90755,0.90778,3.00,1.50
2011.03.24 01:38:01.056,0.90755,0.90778,3.00,1.50
2011.03.24 01:38:01.166,0.90755,0.9077,3.00,5.25
2011.03.24 01:38:01.496,0.90755,0.90778,3.00,1.50
2011.03.24 01:38:01.716,0.90755,0.90771,3.00,5.25
2011.03.24 01:38:01.936,0.90755,0.90778,3.00,1.50
2011.03.24 01:38:02.045,0.90755,0.90778,3.00,2.25
2011.03.24 01:38:02.378,0.90754,0.90767,2.25,5.25
2011.03.24 01:38:02.926,0.90755,0.90775,3.00,6.00
2011.03.24 01:38:03.258,0.90758,0.9077,1.35,5.25
2011.03.24 01:38:03.367,0.90755,0.90766,2.25,5.25
2011.03.24 01:38:03.587,0.90755,0.90768,1.50,5.25
2011.03.24 01:38:03.916,0.90757,0.90768,2.25,5.25
2011.03.24 01:38:04.137,0.90757,0.90771,2.25,5.25
2011.03.24 01:38:04.356,0.90757,0.90771,2.25,5.25
2011.03.24 01:38:04.916,0.90757,0.90771,2.25,5.25
2011.03.24 01:38:05.667,0.90761,0.90771,1.50,5.25
2011.03.24 01:38:05.886,0.90762,0.90776,3.00,5.25
2011.03.24 01:38:05.995,0.90762,0.90783,3.00,1.50
2011.03.24 01:38:06.215,0.90762,0.90783,3.00,1.50
2011.03.24 01:38:06.690,0.90756,0.90779,7.50,1.13
2011.03.24 01:38:06.806,0.90756,0.90777,2.25,1.50
2011.03.24 01:38:09.019,0.90756,0.9078,2.25,1.13
2011.03.24 01:38:09.381,0.90759,0.90778,1.50,1.50
2011.03.24 01:38:09.510,0.90753,0.90777,1.56,1.50
2011.03.24 01:38:09.742,0.9075,0.90777,2.61,2.25
2011.03.24 01:38:10.407,0.9075,0.90774,1.11,1.50
2011.03.24 01:38:10.737,0.90751,0.90764,1.11,5.25
2011.03.24 01:38:11.286,0.90751,0.90764,1.11,5.25
2011.03.24 01:38:11.835,0.90751,0.90764,1.05,5.25
2011.03.24 01:38:12.388,0.90751,0.90764,1.05,5.25
2011.03.24 01:38:12.718,0.90752,0.90764,1.50,5.25
2011.03.24 01:38:12.936,0.90752,0.90771,1.50,5.25
2011.03.24 01:38:13.929,0.90752,0.90771,3.00,6.00
2011.03.24 01:38:14.267,0.90751,0.90765,1.05,5.25
2011.03.24 01:38:15.184,0.90751,0.90767,1.05,5.25
2011.03.24 01:38:15.739,0.90751,0.90768,1.05,5.25
2011.03.24 01:38:15.856,0.9075,0.90773,2.55,1.50
2011.03.24 01:38:16.776,0.9075,0.90773,2.55,1.50
2011.03.24 01:38:17.386,0.9075,0.90773,2.55,1.50
2011.03.24 01:38:17.718,0.9075,0.90773,2.55,1.50
2011.03.24 01:38:18.786,0.9075,0.90773,2.55,1.50
2011.03.24 01:38:19.505,0.9075,0.90773,2.55,1.50
2011.03.24 01:38:20.058,0.9075,0.90773,2.55,1.50
2011.03.24 01:38:20.278,0.9075,0.90773,2.55,1.50
2011.03.24 01:38:20.827,0.9075,0.90773,2.55,1.50
2011.03.24 01:38:21.265,0.9075,0.90773,2.55,1.50
2011.03.24 01:38:21.816,0.9075,0.90774,2.55,2.85
2011.03.24 01:38:22.148,0.90752,0.90779,2.85,3.60
2011.03.24 01:38:22.700,0.90752,0.90775,2.10,1.50
2011.03.24 01:38:23.366,0.90752,0.90773,1.50,1.50
2011.03.24 01:38:24.247,0.90752,0.90778,3.00,1.50
2011.03.24 01:38:24.357,0.90752,0.90778,3.00,1.50
2011.03.24 01:38:33.868,0.90752,0.90778,3.00,1.50
2011.03.24 01:38:34.199,0.90756,0.9078,1.50,2.25
2011.03.24 01:38:36.899,0.90761,0.90782,1.35,1.50
2011.03.24 01:38:37.238,0.90764,0.90781,3.83,5.25
2011.03.24 01:38:37.347,0.90764,0.90784,3.83,5.25
2011.03.24 01:38:37.456,0.90764,0.90784,3.83,5.25
2011.03.24 01:38:37.896,0.90764,0.90784,3.83,5.25
2011.03.24 01:38:38.496,0.90764,0.90784,3.83,5.25
2011.03.24 01:38:39.836,0.90763,0.90783,1.56,5.25
2011.03.24 01:38:40.166,0.90763,0.9078,1.50,5.25
2011.03.24 01:38:40.496,0.90766,0.90785,1.50,6.00
2011.03.24 01:38:41.055,0.90768,0.90785,1.50,5.25
2011.03.24 01:38:41.616,0.90768,0.90785,2.25,5.25
2011.03.24 01:38:43.088,0.90768,0.90782,1.50,5.25
2011.03.24 01:38:43.307,0.90761,0.9078,1.56,5.25
2011.03.24 01:38:43.856,0.90761,0.9078,1.56,5.25
2011.03.24 01:38:44.186,0.90761,0.9078,1.50,6.00
2011.03.24 01:38:44.517,0.90761,0.90777,1.50,5.25
2011.03.24 01:38:45.947,0.90761,0.90781,1.50,1.50
2011.03.24 01:38:46.144,0.90772,0.90784,1.50,6.75
2011.03.24 01:38:46.380,0.90769,0.90781,1.13,5.25
2011.03.24 01:38:46.499,0.90765,0.90781,1.73,6.00
2011.03.24 01:38:46.727,0.90765,0.90783,1.35,6.00
2011.03.24 01:38:46.947,0.90765,0.90784,2.10,6.75
2011.03.24 01:38:47.169,0.90765,0.90779,2.10,5.25
2011.03.24 01:38:47.287,0.90765,0.90779,1.35,5.25
2011.03.24 01:38:47.397,0.90765,0.90784,1.35,7.50
2011.03.24 01:38:48.166,0.90765,0.90784,1.50,5.25
2011.03.24 01:38:48.606,0.90768,0.90785,1.50,1.50
2011.03.24 01:38:48.974,0.90775,0.90791,1.50,5.25
2011.03.24 01:38:53.955,0.90775,0.90784,1.50,5.25
2011.03.24 01:38:54.181,0.90764,0.90784,4.76,5.25
2011.03.24 01:38:54.298,0.90764,0.90783,1.41,5.25
2011.03.24 01:38:54.518,0.90761,0.90782,1.56,5.25
2011.03.24 01:38:54.848,0.90758,0.90782,3.66,6.00
2011.03.24 01:38:55.563,0.90758,0.90784,2.91,1.50
2011.03.24 01:38:56.227,0.90758,0.90782,2.85,1.50
2011.03.24 01:38:58.297,0.90758,0.90782,2.85,1.50
2011.03.24 01:38:58.846,0.90756,0.90782,3.00,1.50
2011.03.24 01:39:01.760,0.90767,0.90782,2.25,1.50
2011.03.24 01:39:02.100,0.90761,0.90783,1.13,2.25
2011.03.24 01:39:02.676,0.90759,0.90783,2.73,1.50
2011.03.24 01:39:03.556,0.90762,0.90783,1.50,1.50
2011.03.24 01:39:04.106,0.90762,0.90778,1.50,5.25
2011.03.24 01:39:04.656,0.90767,0.90778,2.25,5.25
2011.03.24 01:39:04.987,0.90774,0.90778,1.50,5.25
2011.03.24 01:39:05.098,0.90774,0.9079,1.50,2.25
2011.03.24 01:39:05.646,0.90773,0.90788,1.50,1.50
2011.03.24 01:39:06.766,0.90769,0.90774,1.13,5.25
2011.03.24 01:39:06.882,0.90768,0.90774,1.88,5.25
2011.03.24 01:39:06.999,0.9076,0.90776,3.06,5.25
2011.03.24 01:39:07.229,0.90756,0.90771,2.31,5.25
2011.03.24 01:39:07.667,0.90756,0.90769,2.31,5.25
2011.03.24 01:39:08.217,0.90756,0.90771,2.31,5.25
2011.03.24 01:39:08.437,0.90756,0.90771,2.25,5.25
2011.03.24 01:39:08.987,0.90756,0.90777,3.00,1.50
2011.03.24 01:39:09.320,0.90767,0.90784,2.25,6.75
2011.03.24 01:39:09.992,0.90767,0.90784,1.50,6.75
2011.03.24 01:39:11.866,0.90766,0.90784,2.25,6.75
2011.03.24 01:39:11.977,0.90763,0.90784,1.94,6.75
2011.03.24 01:39:12.306,0.90763,0.90784,1.56,1.50
2011.03.24 01:39:13.405,0.90763,0.90784,1.56,1.50
2011.03.24 01:39:14.026,0.90759,0.90783,2.32,2.25
2011.03.24 01:39:14.466,0.90759,0.90783,1.23,3.75
2011.03.24 01:39:18.859,0.90759,0.90781,1.20,1.50
2011.03.24 01:39:18.971,0.90761,0.90783,7.58,2.25
2011.03.24 01:39:19.092,0.90762,0.90783,1.95,5.25
2011.03.24 01:39:19.320,0.90763,0.90783,2.33,5.25
2011.03.24 01:39:19.986,0.90763,0.90783,2.25,5.25
2011.03.24 01:39:20.426,0.90763,0.90783,2.25,5.25
2011.03.24 01:39:20.976,0.90763,0.90783,1.50,5.25
2011.03.24 01:39:21.856,0.90763,0.90783,1.50,5.25
2011.03.24 01:39:22.982,0.90763,0.90782,1.50,5.25
2011.03.24 01:39:23.722,0.90763,0.90782,1.50,5.25
2011.03.24 01:39:24.295,0.90763,0.90782,1.50,5.25
2011.03.24 01:39:30.510,0.90764,0.90779,1.50,5.25
2011.03.24 01:39:30.846,0.90761,0.90779,1.50,5.25
2011.03.24 01:39:30.958,0.90761,0.90783,1.50,1.50
2011.03.24 01:39:31.396,0.90757,0.90783,1.56,1.50
2011.03.24 01:39:32.157,0.90757,0.90782,1.56,1.50
2011.03.24 01:39:32.789,0.90757,0.90782,1.50,1.50
2011.03.24 01:39:33.446,0.90757,0.90782,1.50,1.50
2011.03.24 01:39:34.372,0.90755,0.90773,2.25,5.25
2011.03.24 01:39:34.926,0.90754,0.90773,2.25,5.25
2011.03.24 01:39:37.033,0.90754,0.90773,2.25,5.25
2011.03.24 01:39:37.366,0.90762,0.90778,1.37,1.50
2011.03.24 01:39:37.476,0.90754,0.90773,2.25,5.25
2011.03.24 01:39:37.587,0.90754,0.90773,2.25,5.25
2011.03.24 01:39:37.807,0.90761,0.9078,2.25,1.50
2011.03.24 01:39:37.917,0.90762,0.90781,1.50,5.25
2011.03.24 01:39:38.136,0.90762,0.90781,1.50,5.25
2011.03.24 01:39:38.686,0.90762,0.90781,1.50,6.00
2011.03.24 01:39:43.818,0.90762,0.90781,2.10,6.00
2011.03.24 01:39:45.037,0.90762,0.9078,2.10,1.50
2011.03.24 01:39:45.152,0.90762,0.90779,1.50,1.50
2011.03.24 01:39:45.488,0.90754,0.90766,2.31,5.25
2011.03.24 01:39:46.036,0.90754,0.90766,2.31,5.25
2011.03.24 01:39:46.806,0.90754,0.90766,2.25,5.25
2011.03.24 01:39:47.677,0.90755,0.90776,2.25,6.00
2011.03.24 01:39:47.789,0.90759,0.90774,2.82,5.25
2011.03.24 01:39:48.007,0.90763,0.90781,1.50,6.00
2011.03.24 01:39:48.226,0.90763,0.90781,1.50,6.00
2011.03.24 01:39:49.176,0.90763,0.90781,1.50,6.00
2011.03.24 01:39:50.012,0.90763,0.90779,1.50,1.50
2011.03.24 01:39:50.349,0.90755,0.90772,2.91,5.25
2011.03.24 01:39:50.687,0.90754,0.90766,2.31,5.25
2011.03.24 01:39:50.907,0.90754,0.90766,2.25,5.25
2011.03.24 01:39:51.574,0.90754,0.90766,2.28,5.25
2011.03.24 01:39:54.997,0.90757,0.90776,2.25,6.75
2011.03.24 01:39:55.109,0.90761,0.90776,4.35,6.75
2011.03.24 01:39:55.229,0.90767,0.90776,1.50,5.25
2011.03.24 01:39:55.459,0.90761,0.90773,1.50,5.25
2011.03.24 01:39:55.688,0.90755,0.90778,2.25,6.60
2011.03.24 01:40:00.726,0.90757,0.90778,1.50,1.50
2011.03.24 01:40:01.715,0.90757,0.90778,1.50,1.50
2011.03.24 01:40:02.442,0.90757,0.90778,1.50,1.50
2011.03.24 01:40:02.996,0.90757,0.90778,1.50,1.50
2011.03.24 01:40:04.752,0.90756,0.90778,1.50,1.50
2011.03.24 01:40:05.255,0.90757,0.90778,1.50,1.50
2011.03.24 01:40:05.856,0.90757,0.90778,1.50,1.50
2011.03.24 01:40:06.406,0.90757,0.90778,1.50,1.50
2011.03.24 01:40:09.252,0.90757,0.90778,1.50,1.50
2011.03.24 01:40:09.879,0.90757,0.90778,1.50,1.50
2011.03.24 01:40:10.317,0.90757,0.90778,1.50,1.50
2011.03.24 01:40:10.776,0.90757,0.90778,1.50,1.50
2011.03.24 01:40:12.552,0.90757,0.90778,1.50,1.50
2011.03.24 01:40:12.886,0.90757,0.90778,1.50,1.50
2011.03.24 01:40:13.845,0.90756,0.90778,1.50,1.50
2011.03.24 01:40:14.376,0.90757,0.90778,1.50,1.50
2011.03.24 01:40:17.457,0.90756,0.90778,3.00,1.50
2011.03.24 01:40:18.155,0.90756,0.90778,3.00,1.50
2011.03.24 01:40:25.151,0.90759,0.90779,1.50,2.25
2011.03.24 01:40:25.598,0.90759,0.90779,1.50,1.50
2011.03.24 01:40:32.376,0.90761,0.90781,1.50,1.50
2011.03.24 01:40:32.927,0.9076,0.90781,1.50,1.50
2011.03.24 01:40:33.486,0.9076,0.90781,1.50,1.50
2011.03.24 01:40:36.676,0.90759,0.90781,3.00,1.50
2011.03.24 01:40:38.867,0.90759,0.90781,2.25,1.50
2011.03.24 01:40:44.380,0.90758,0.90781,1.50,1.50
2011.03.24 01:40:44.719,0.9076,0.90786,1.50,1.50
2011.03.24 01:40:45.059,0.9076,0.90782,6.00,5.25
2011.03.24 01:40:47.848,0.90764,0.90784,1.56,5.25
2011.03.24 01:40:49.887,0.90765,0.90784,1.65,5.25
2011.03.24 01:40:50.502,0.90765,0.90784,1.50,5.25
2011.03.24 01:40:51.188,0.90765,0.90784,1.50,5.25
2011.03.24 01:40:51.704,0.90765,0.90784,1.65,5.25
2011.03.24 01:40:54.329,0.90765,0.90783,1.50,5.25
2011.03.24 01:40:55.098,0.90765,0.90783,1.50,5.25
2011.03.24 01:40:55.428,0.90764,0.90783,1.50,5.25
2011.03.24 01:40:56.036,0.90764,0.90781,1.50,5.25
2011.03.24 01:40:56.150,0.90764,0.90781,1.53,5.25
2011.03.24 01:40:56.817,0.90764,0.90781,1.56,5.25
2011.03.24 01:41:00.477,0.90764,0.90781,1.50,6.00
2011.03.24 01:41:00.589,0.90763,0.90781,1.56,6.00
2011.03.24 01:41:00.708,0.90763,0.90776,2.31,5.25
2011.03.24 01:41:00.818,0.90763,0.90779,2.31,5.25
2011.03.24 01:41:00.928,0.90763,0.90779,2.31,5.25
2011.03.24 01:41:01.037,0.90763,0.90787,2.31,2.25
2011.03.24 01:41:01.146,0.90763,0.90781,2.31,5.25
2011.03.24 01:41:01.696,0.90763,0.90781,2.31,5.25
2011.03.24 01:41:02.229,0.90763,0.90781,4.56,5.25
2011.03.24 01:41:02.348,0.90763,0.90785,4.56,5.25
2011.03.24 01:41:02.711,0.90765,0.90785,3.75,5.25
2011.03.24 01:41:06.009,0.90765,0.90784,3.75,1.50
2011.03.24 01:41:06.239,0.9076,0.90775,3.06,5.25
2011.03.24 01:41:08.108,0.9076,0.90772,1.50,5.25
2011.03.24 01:41:08.656,0.90758,0.90772,2.46,5.25
2011.03.24 01:41:09.207,0.90764,0.90786,1.50,1.50
2011.03.24 01:41:09.317,0.90764,0.90783,1.50,5.25
2011.03.24 01:41:09.426,0.90764,0.90787,1.50,2.25
2011.03.24 01:41:09.646,0.90764,0.90783,1.50,5.25
2011.03.24 01:41:09.980,0.90764,0.9078,1.53,1.50
2011.03.24 01:41:10.317,0.90764,0.90787,1.56,2.25
2011.03.24 01:41:10.427,0.90764,0.90783,1.56,5.25
2011.03.24 01:41:10.975,0.90764,0.90784,1.53,5.25
2011.03.24 01:41:11.940,0.9077,0.90789,1.50,2.25
2011.03.24 01:41:12.177,0.90774,0.90792,1.50,1.50
2011.03.24 01:41:13.360,0.90775,0.90792,1.50,1.50
2011.03.24 01:41:13.916,0.90775,0.90793,1.50,1.50
2011.03.24 01:41:14.359,0.90774,0.90792,2.25,1.50
2011.03.24 01:41:15.417,0.90775,0.90792,1.50,1.50
2011.03.24 01:41:16.738,0.90775,0.90792,1.50,1.50
2011.03.24 01:41:17.395,0.90775,0.90792,1.50,1.50
2011.03.24 01:41:17.997,0.90774,0.90792,2.85,1.50
2011.03.24 01:41:18.217,0.90775,0.90794,1.50,6.00
2011.03.24 01:41:18.546,0.90775,0.90794,1.50,6.00
2011.03.24 01:41:18.989,0.90768,0.90784,1.35,5.25
2011.03.24 01:41:19.108,0.90765,0.90784,1.50,5.25
2011.03.24 01:41:19.676,0.90765,0.90784,1.50,5.25
2011.03.24 01:41:24.007,0.90765,0.90782,1.50,5.25
2011.03.24 01:41:24.336,0.90765,0.90784,1.50,5.25
2011.03.24 01:41:28.196,0.90765,0.90784,3.00,6.00
2011.03.24 01:41:28.308,0.90765,0.90778,3.00,5.25
2011.03.24 01:41:28.527,0.90765,0.90785,3.00,5.25
2011.03.24 01:41:28.747,0.90768,0.90785,2.25,5.25
2011.03.24 01:41:31.657,0.90768,0.90785,2.25,5.25
2011.03.24 01:41:34.856,0.90769,0.90791,1.50,2.25
2011.03.24 01:41:35.746,0.90769,0.90793,1.50,1.50
2011.03.24 01:41:37.697,0.90769,0.90793,1.50,3.75
2011.03.24 01:41:38.175,0.90765,0.90783,1.50,5.25
2011.03.24 01:41:38.292,0.90764,0.90783,2.28,5.25
2011.03.24 01:41:41.789,0.90764,0.90791,2.25,1.50
2011.03.24 01:41:41.898,0.90763,0.9079,6.00,6.75
2011.03.24 01:41:42.448,0.90763,0.90789,3.00,1.50
2011.03.24 01:41:46.171,0.90763,0.90789,3.00,1.50
2011.03.24 01:41:46.507,0.90763,0.90784,3.75,5.25
2011.03.24 01:41:48.429,0.90764,0.90787,2.25,5.25
2011.03.24 01:41:48.538,0.90764,0.90783,2.25,5.25
2011.03.24 01:41:49.157,0.90765,0.90784,1.50,5.25
2011.03.24 01:41:52.080,0.90765,0.90783,1.50,5.25
2011.03.24 01:41:56.508,0.90763,0.90784,3.00,5.25
2011.03.24 01:41:59.907,0.90764,0.90785,2.25,5.25
2011.03.24 01:42:00.236,0.90765,0.90783,2.25,5.25
2011.03.24 01:42:01.006,0.90765,0.90782,2.25,5.25
2011.03.24 01:42:01.227,0.90766,0.90784,2.25,5.25
2011.03.24 01:42:01.779,0.90767,0.90785,1.05,5.25
2011.03.24 01:42:02.996,0.90768,0.90785,2.25,5.25
2011.03.24 01:42:03.546,0.90769,0.90786,2.25,5.25
2011.03.24 01:42:09.717,0.9077,0.90787,2.25,5.25
2011.03.24 01:42:10.268,0.9077,0.90788,2.25,5.25
2011.03.24 01:42:10.927,0.9077,0.90788,2.25,5.25
2011.03.24 01:42:11.147,0.90772,0.90791,2.25,5.25
2011.03.24 01:42:11.697,0.90772,0.9079,2.25,5.25
2011.03.24 01:42:12.247,0.90772,0.90789,2.25,5.25
2011.03.24 01:42:14.187,0.90775,0.90793,2.25,6.00
2011.03.24 01:42:16.257,0.90774,0.90794,2.25,5.25
2011.03.24 01:42:19.768,0.90774,0.90793,2.25,5.25
2011.03.24 01:42:21.788,0.90776,0.90791,1.50,5.25
2011.03.24 01:42:22.178,0.90774,0.90789,1.50,5.25
2011.03.24 01:42:22.726,0.90773,0.9079,3.00,5.25
2011.03.24 01:42:24.078,0.90773,0.90789,3.00,5.25
2011.03.24 01:42:30.427,0.90773,0.90789,3.00,5.25
2011.03.24 01:42:30.538,0.90774,0.90792,2.25,5.25
2011.03.24 01:42:32.857,0.90777,0.90792,1.50,5.25
2011.03.24 01:42:34.127,0.90774,0.9079,3.00,5.25
2011.03.24 01:42:35.987,0.90774,0.9079,3.00,5.25
2011.03.24 01:42:36.361,0.90774,0.90792,1.50,5.25
2011.03.24 01:42:36.476,0.90774,0.90794,1.50,5.25
2011.03.24 01:42:37.026,0.90774,0.90794,1.50,6.00
2011.03.24 01:42:37.586,0.90774,0.90794,3.00,6.00
2011.03.24 01:42:38.146,0.90774,0.90794,3.00,6.00
2011.03.24 01:42:38.367,0.90774,0.9079,1.50,5.25
2011.03.24 01:42:39.231,0.90774,0.9079,1.50,5.25
2011.03.24 01:42:45.648,0.90776,0.9079,2.25,5.25
2011.03.24 01:42:45.757,0.90776,0.90792,2.25,5.25
2011.03.24 01:42:55.877,0.90775,0.90789,1.50,5.25
2011.03.24 01:42:58.349,0.90775,0.90789,3.00,5.25
2011.03.24 01:43:02.240,0.90773,0.90789,2.25,5.25
2011.03.24 01:43:02.358,0.90773,0.90787,2.25,5.25
2011.03.24 01:43:02.686,0.90773,0.90787,3.00,5.25
2011.03.24 01:43:03.210,0.90773,0.90787,3.00,5.25
2011.03.24 01:43:03.796,0.90773,0.90786,3.00,5.25
2011.03.24 01:43:05.746,0.90773,0.90786,3.00,5.25
2011.03.24 01:43:05.969,0.90774,0.90788,2.25,5.25
2011.03.24 01:43:06.306,0.90774,0.90788,2.25,5.25
2011.03.24 01:43:09.942,0.90774,0.90789,2.25,5.25
2011.03.24 01:43:13.599,0.90773,0.90784,1.50,5.25
2011.03.24 01:43:13.829,0.90768,0.90784,2.25,5.25
2011.03.24 01:43:14.103,0.90768,0.90782,2.25,5.25
2011.03.24 01:43:14.230,0.90767,0.90782,1.50,6.00
2011.03.24 01:43:14.568,0.90763,0.90781,1.56,1.50
2011.03.24 01:43:14.897,0.90762,0.90782,1.56,1.50
2011.03.24 01:43:15.116,0.90762,0.90782,1.50,1.50
2011.03.24 01:43:15.669,0.90762,0.90782,1.50,1.50
2011.03.24 01:43:16.229,0.90765,0.90784,1.50,2.25
2011.03.24 01:43:16.350,0.90761,0.90784,2.25,1.50
2011.03.24 01:43:16.580,0.90764,0.90787,2.25,1.50
2011.03.24 01:43:16.919,0.90767,0.90787,2.25,5.25
2011.03.24 01:43:17.259,0.90768,0.90787,1.50,5.25
2011.03.24 01:43:20.145,0.90768,0.90787,2.25,5.25
2011.03.24 01:43:23.343,0.90769,0.90789,1.50,1.50
2011.03.24 01:43:23.898,0.90769,0.90789,2.25,1.50
2011.03.24 01:43:27.676,0.90769,0.90789,1.50,1.50
2011.03.24 01:43:28.226,0.90769,0.90789,1.50,1.50
2011.03.24 01:43:28.666,0.90769,0.90789,1.50,1.50
2011.03.24 01:43:29.886,0.90769,0.90789,1.50,1.50
2011.03.24 01:43:33.809,0.9077,0.90791,1.50,1.50
2011.03.24 01:43:34.030,0.90771,0.90791,2.25,1.50
2011.03.24 01:43:34.368,0.90772,0.90791,2.25,1.50
2011.03.24 01:43:35.928,0.90772,0.90787,2.25,5.25
2011.03.24 01:43:38.920,0.90772,0.9079,2.25,6.00
2011.03.24 01:43:39.149,0.90775,0.90789,1.50,5.25
2011.03.24 01:43:39.697,0.90775,0.90788,1.50,5.25
2011.03.24 01:43:40.028,0.90775,0.9079,1.50,5.25
2011.03.24 01:43:40.576,0.90775,0.90789,1.50,5.25
2011.03.24 01:43:48.289,0.90772,0.90789,1.50,6.00
2011.03.24 01:43:48.411,0.90772,0.90787,1.50,5.25
2011.03.24 01:44:08.846,0.90772,0.90786,3.00,5.25
2011.03.24 01:44:14.479,0.90772,0.90782,1.50,5.25
2011.03.24 01:44:14.697,0.90772,0.90786,1.50,5.25
2011.03.24 01:44:14.809,0.9077,0.90786,3.75,5.25
2011.03.24 01:44:14.920,0.9077,0.90783,2.25,5.25
2011.03.24 01:44:15.260,0.90769,0.90783,1.50,5.25
2011.03.24 01:44:15.799,0.90768,0.90783,3.75,5.25
2011.03.24 01:45:08.157,0.90774,0.90785,4.63,5.25
2011.03.24 01:45:08.381,0.90775,0.90793,1.28,2.25
2011.03.24 01:45:39.169,0.90775,0.90796,1.28,3.00
2011.03.24 01:45:39.729,0.90775,0.90796,1.28,3.00
2011.03.24 01:45:40.410,0.90775,0.90796,1.28,3.00
2011.03.24 01:45:42.857,0.90775,0.90796,1.28,3.00
2011.03.24 01:45:44.236,0.90775,0.90796,1.28,3.00
2011.03.24 01:45:44.809,0.90775,0.90796,1.28,3.00
2011.03.24 01:45:47.268,0.90775,0.90796,1.28,3.00
2011.03.24 01:46:06.958,0.90775,0.90794,1.28,2.25
2011.03.24 01:46:07.727,0.90775,0.90794,1.28,2.25
2011.03.24 01:46:09.517,0.90775,0.90794,1.28,2.25
2011.03.24 01:46:10.078,0.90775,0.90794,1.28,1.50
2011.03.24 01:46:10.596,0.90775,0.90794,1.28,2.25
2011.03.24 01:46:11.099,0.90775,0.90794,1.28,2.25
2011.03.24 01:46:11.205,0.90775,0.90794,1.28,2.25
2011.03.24 01:46:11.678,0.90775,0.90794,1.28,2.25
2011.03.24 01:46:12.296,0.90775,0.90794,1.28,2.25
2011.03.24 01:46:13.328,0.90775,0.90794,1.28,1.50
2011.03.24 01:46:13.900,0.90775,0.90793,6.53,1.50
2011.03.24 01:46:14.237,0.90775,0.90789,7.13,6.00
2011.03.24 01:46:14.787,0.90775,0.90791,1.88,1.50
2011.03.24 01:46:15.727,0.90775,0.90794,1.88,1.50
2011.03.24 01:46:17.138,0.90775,0.90796,1.88,6.75
2011.03.24 01:46:18.727,0.90775,0.90796,1.88,6.75
2011.03.24 01:46:19.344,0.90775,0.90792,1.13,1.50
2011.03.24 01:47:00.686,0.90775,0.90792,1.13,1.50
2011.03.24 01:47:24.647,0.90775,0.90795,1.28,1.50
2011.03.24 01:47:27.196,0.90774,0.90793,1.28,1.50
2011.03.24 01:47:27.416,0.90774,0.90793,11.78,1.50
2011.03.24 01:47:27.966,0.90774,0.90793,11.03,1.50
2011.03.24 01:47:29.555,0.90774,0.90793,11.78,1.50
2011.03.24 01:47:31.317,0.90774,0.90793,16.28,1.50
2011.03.24 01:47:31.866,0.90774,0.9079,9.94,1.50
2011.03.24 01:47:38.356,0.90774,0.90792,9.94,3.00
2011.03.24 01:47:40.829,0.90774,0.90792,9.94,1.50
2011.03.24 01:47:40.939,0.90776,0.90797,1.69,3.00
2011.03.24 01:47:44.218,0.90777,0.90798,1.50,3.00
2011.03.24 01:47:44.877,0.90776,0.90797,1.69,1.50
2011.03.24 01:47:45.407,0.90776,0.90797,1.69,1.50
2011.03.24 01:47:48.938,0.90774,0.90795,5.44,1.50
2011.03.24 01:47:49.157,0.90774,0.90793,10.32,1.50
2011.03.24 01:47:49.966,0.90774,0.90793,1.69,1.50
2011.03.24 01:47:58.477,0.90773,0.90793,14.44,1.50
2011.03.24 01:48:00.509,0.90774,0.90793,14.44,1.50
2011.03.24 01:48:39.917,0.90774,0.90796,15.57,3.00
2011.03.24 01:48:40.147,0.90774,0.90796,15.57,3.00
2011.03.24 01:48:41.028,0.90774,0.90796,1.69,3.00
2011.03.24 01:48:41.727,0.90774,0.90796,1.69,3.00
2011.03.24 01:48:50.436,0.90773,0.90793,15.38,2.25
2011.03.24 01:48:53.697,0.90773,0.90794,15.38,1.50
2011.03.24 01:49:08.928,0.90774,0.90793,3.19,1.50
2011.03.24 01:49:09.530,0.90776,0.90795,1.28,2.25
2011.03.24 01:49:09.873,0.90776,0.90795,1.28,2.25
2011.03.24 01:49:10.430,0.90776,0.90795,1.28,2.25
2011.03.24 01:49:14.264,0.90776,0.90792,1.28,1.50
2011.03.24 01:49:15.031,0.90776,0.90791,1.28,1.50
2011.03.24 01:49:16.028,0.90776,0.90792,1.28,1.50
2011.03.24 01:49:19.049,0.90776,0.90794,1.28,3.00
2011.03.24 01:49:46.998,0.90775,0.9079,2.48,1.50
2011.03.24 01:50:01.598,0.90774,0.90789,4.09,6.00
2011.03.24 01:50:17.089,0.90774,0.90786,1.65,5.25
2011.03.24 01:50:17.730,0.90773,0.90785,1.65,5.25
2011.03.24 01:50:22.980,0.90769,0.90785,2.10,5.25
2011.03.24 01:50:23.100,0.90763,0.90783,1.56,2.25
2011.03.24 01:50:23.221,0.90763,0.9078,1.56,1.50
2011.03.24 01:50:24.327,0.90763,0.90779,1.50,3.00
2011.03.24 01:50:24.988,0.90761,0.90779,1.50,3.00
2011.03.24 01:50:25.589,0.90763,0.90779,1.50,1.50
2011.03.24 01:50:25.921,0.9076,0.90779,1.50,6.00
2011.03.24 01:50:26.040,0.9076,0.90777,1.50,5.25
2011.03.24 01:50:26.600,0.9076,0.90778,2.25,6.00
2011.03.24 01:50:26.996,0.9076,0.90777,2.25,5.25
2011.03.24 01:50:27.234,0.9076,0.90779,2.25,6.00
2011.03.24 01:50:27.678,0.90761,0.90781,1.50,2.25
2011.03.24 01:50:29.298,0.90762,0.90775,1.50,5.25
2011.03.24 01:50:29.631,0.90763,0.90779,2.28,2.25
2011.03.24 01:50:29.751,0.90763,0.90784,3.03,3.00
2011.03.24 01:50:31.498,0.90766,0.90785,1.50,1.50
2011.03.24 01:50:31.829,0.90773,0.90785,1.50,2.25
2011.03.24 01:50:31.940,0.90769,0.90785,1.50,2.25
2011.03.24 01:50:32.169,0.90774,0.90785,1.50,1.50
2011.03.24 01:50:32.570,0.90769,0.90785,1.50,2.25
2011.03.24 01:50:32.911,0.90769,0.90784,1.50,2.25
2011.03.24 01:50:33.029,0.90764,0.90781,1.68,1.50
2011.03.24 01:50:33.357,0.90762,0.90781,1.71,2.25
2011.03.24 01:50:36.111,0.90764,0.90781,1.15,2.25
2011.03.24 01:50:43.619,0.90763,0.90778,1.15,1.50
2011.03.24 01:50:45.487,0.90762,0.90779,1.90,1.50
2011.03.24 01:50:46.038,0.90764,0.90781,1.90,2.25
2011.03.24 01:50:46.968,0.90764,0.90781,1.15,2.25
2011.03.24 01:50:47.561,0.90764,0.90781,1.87,2.25
2011.03.24 01:50:48.227,0.90763,0.90781,1.90,2.25
2011.03.24 01:50:48.887,0.90764,0.90781,1.15,2.25
2011.03.24 01:50:57.519,0.90761,0.90779,1.56,2.25
2011.03.24 01:50:58.067,0.90761,0.90779,1.50,2.25
2011.03.24 01:50:59.217,0.90759,0.90776,1.13,2.25
2011.03.24 01:50:59.548,0.90755,0.90771,1.27,1.50
2011.03.24 01:51:00.318,0.90755,0.90772,1.27,2.25
2011.03.24 01:51:00.837,0.90755,0.90772,2.02,2.25
2011.03.24 01:51:01.387,0.90755,0.90772,2.02,1.50
2011.03.24 01:51:01.937,0.90755,0.90772,2.02,2.25
2011.03.24 01:51:10.678,0.90755,0.90773,1.27,2.25
2011.03.24 01:51:11.120,0.90759,0.90775,1.83,1.50
2011.03.24 01:51:11.338,0.90759,0.9078,3.41,2.25
2011.03.24 01:51:11.449,0.90761,0.9078,1.50,2.25
2011.03.24 01:51:21.269,0.90761,0.9078,2.25,2.25
2011.03.24 01:51:21.380,0.90759,0.90779,2.88,2.25
2011.03.24 01:51:21.717,0.90759,0.90777,2.91,2.25
2011.03.24 01:51:23.386,0.90759,0.90777,2.10,2.25
2011.03.24 01:51:28.742,0.90759,0.90778,3.04,2.25
2011.03.24 01:51:30.507,0.9076,0.90778,1.50,2.25
2011.03.24 01:51:58.619,0.9076,0.90778,1.50,2.25
2011.03.24 01:52:16.448,0.9076,0.90777,1.50,1.50
2011.03.24 01:52:18.838,0.9076,0.90778,1.50,2.25
2011.03.24 01:52:20.659,0.9076,0.90777,1.50,1.50
2011.03.24 01:52:21.208,0.90758,0.90777,1.20,2.25
2011.03.24 01:52:21.789,0.90757,0.90777,1.95,2.25
2011.03.24 01:52:27.647,0.90757,0.90777,1.95,2.25
2011.03.24 01:52:28.198,0.90757,0.90778,2.13,2.25
2011.03.24 01:52:30.938,0.90757,0.90778,2.13,2.25
2011.03.24 01:52:31.488,0.90757,0.90778,2.13,2.25
2011.03.24 01:52:33.987,0.90757,0.90778,2.13,2.25
2011.03.24 01:52:34.537,0.90757,0.90778,2.13,2.25
2011.03.24 01:52:35.387,0.90757,0.90778,2.13,2.25
2011.03.24 01:52:35.978,0.90757,0.90778,2.13,2.25
2011.03.24 01:52:38.202,0.90759,0.90778,1.28,2.25
2011.03.24 01:52:38.428,0.90761,0.9078,1.50,3.00
2011.03.24 01:52:38.868,0.90762,0.90784,1.50,2.25
2011.03.24 01:52:39.091,0.90761,0.90783,2.25,2.25
2011.03.24 01:52:39.648,0.90761,0.90783,2.25,3.00
2011.03.24 01:52:46.517,0.9076,0.90783,3.38,3.00
2011.03.24 01:52:46.637,0.9076,0.9078,2.85,2.25
2011.03.24 01:52:47.189,0.9076,0.90778,1.35,1.50
2011.03.24 01:52:47.298,0.90759,0.90778,1.38,1.50
2011.03.24 01:52:51.920,0.90759,0.90778,1.31,1.50
2011.03.24 01:52:52.808,0.90758,0.90778,2.21,1.50
2011.03.24 01:52:54.557,0.90758,0.90778,2.21,1.50
2011.03.24 01:52:57.918,0.90758,0.90778,2.21,1.50
2011.03.24 01:53:07.247,0.90758,0.90778,2.21,1.50
2011.03.24 01:53:07.796,0.90758,0.90778,2.21,1.50
2011.03.24 01:53:09.850,0.90758,0.90778,2.21,1.50
2011.03.24 01:53:10.398,0.90758,0.9078,2.96,3.00
2011.03.24 01:53:11.987,0.90758,0.9078,2.96,3.00
2011.03.24 01:53:12.098,0.90759,0.9078,1.13,3.00
2011.03.24 01:53:12.658,0.90759,0.90781,3.72,3.00
2011.03.24 01:53:29.828,0.90759,0.9078,2.06,2.25
2011.03.24 01:53:31.327,0.90759,0.9078,1.53,2.25
2011.03.24 01:53:39.269,0.90759,0.9078,1.53,2.25
2011.03.24 01:53:40.088,0.90759,0.9078,2.03,2.25
2011.03.24 01:53:41.916,0.90759,0.9078,2.03,2.25
2011.03.24 01:53:42.546,0.90759,0.9078,1.50,2.25
2011.03.24 01:53:43.107,0.90759,0.9078,1.50,2.25
2011.03.24 01:53:45.764,0.90759,0.9078,1.53,2.25
2011.03.24 01:53:46.097,0.90759,0.9078,1.50,2.25
2011.03.24 01:53:46.767,0.90759,0.9078,1.53,2.25
2011.03.24 01:53:55.429,0.90762,0.9078,1.50,1.50
2011.03.24 01:53:55.977,0.90763,0.90784,2.85,1.50
2011.03.24 01:53:56.527,0.90764,0.90784,1.50,1.50
2011.03.24 01:53:58.737,0.90763,0.90784,1.35,1.50
2011.03.24 01:53:59.757,0.90763,0.90784,2.10,1.50
2011.03.24 01:54:59.730,0.90761,0.90785,3.00,2.25
2011.03.24 01:55:20.982,0.90761,0.90785,3.00,1.50
2011.03.24 01:55:29.337,0.90763,0.90786,1.50,3.00
2011.03.24 01:55:29.876,0.90763,0.90786,2.25,2.25
2011.03.24 01:55:30.168,0.90763,0.90783,2.25,1.50
2011.03.24 01:55:30.877,0.90763,0.90784,2.28,1.50
2011.03.24 01:55:36.437,0.90763,0.90785,2.31,1.50
2011.03.24 01:55:40.179,0.90763,0.90785,1.56,1.50
2011.03.24 01:55:40.290,0.90763,0.90787,2.31,3.00
2011.03.24 01:55:40.399,0.90763,0.90784,2.31,1.50
2011.03.24 01:55:40.618,0.90763,0.90786,2.31,2.25
2011.03.24 01:55:41.167,0.90762,0.90785,2.25,2.25
2011.03.24 01:55:41.278,0.90763,0.90785,1.50,3.00
2011.03.24 01:55:41.627,0.90763,0.90785,1.50,3.00
2011.03.24 01:55:42.288,0.90762,0.90783,1.50,2.25
2011.03.24 01:55:42.509,0.9076,0.90782,2.10,1.50
2011.03.24 01:55:43.058,0.9076,0.90783,1.35,3.75
2011.03.24 01:55:43.608,0.9076,0.90783,2.10,3.00
2011.03.24 01:56:07.429,0.90758,0.90778,3.37,1.50
2011.03.24 01:56:07.978,0.9076,0.90776,1.35,1.50
2011.03.24 01:56:10.299,0.90759,0.90777,1.91,1.50
2011.03.24 01:56:27.983,0.90762,0.90779,1.50,1.50
2011.03.24 01:56:28.212,0.90762,0.9078,1.50,1.50
2011.03.24 01:56:29.491,0.90762,0.90782,1.50,1.50
2011.03.24 01:56:30.070,0.90762,0.90782,1.50,1.50
2011.03.24 01:56:30.617,0.90762,0.90782,1.50,1.50
2011.03.24 01:56:31.168,0.90762,0.90782,1.50,1.50
2011.03.24 01:56:32.327,0.90762,0.90782,1.50,1.50
2011.03.24 01:56:32.878,0.90762,0.90782,1.50,1.50
2011.03.24 01:56:35.939,0.90759,0.90782,5.03,1.50
2011.03.24 01:56:36.272,0.90763,0.90782,1.50,1.50
2011.03.24 01:56:36.828,0.90759,0.90779,2.40,1.50
2011.03.24 01:56:37.160,0.90758,0.90779,2.02,3.00
2011.03.24 01:56:41.620,0.90759,0.90775,1.12,1.50
2011.03.24 01:56:42.167,0.90756,0.90774,2.02,1.50
2011.03.24 01:56:42.717,0.90756,0.90774,2.02,2.25
2011.03.24 01:56:44.658,0.90758,0.90772,1.27,1.50
2011.03.24 01:56:45.321,0.90758,0.90772,1.27,1.50
2011.03.24 01:56:45.429,0.90758,0.90773,2.02,1.50
2011.03.24 01:56:45.980,0.90758,0.90775,2.02,1.50
2011.03.24 01:56:58.269,0.90759,0.90778,2.96,1.50
2011.03.24 01:56:58.488,0.9076,0.9078,1.50,1.50
2011.03.24 01:56:59.038,0.90761,0.90781,2.25,1.50
2011.03.24 01:57:01.778,0.90761,0.90781,1.50,1.50
2011.03.24 01:57:02.217,0.90761,0.90781,2.25,1.50
2011.03.24 01:57:02.968,0.90761,0.90781,2.25,1.50
2011.03.24 01:57:04.728,0.90761,0.90781,2.25,1.50
2011.03.24 01:57:05.278,0.90761,0.90781,1.50,1.50
2011.03.24 01:57:07.047,0.90761,0.90781,2.25,1.50
2011.03.24 01:57:09.428,0.90761,0.90781,2.25,1.50
2011.03.24 01:57:09.968,0.90761,0.90781,2.25,1.50
2011.03.24 01:57:10.497,0.90761,0.90781,2.25,1.50
2011.03.24 01:57:11.049,0.90761,0.90781,2.25,1.50
2011.03.24 01:57:15.729,0.9076,0.90781,1.50,1.50
2011.03.24 01:57:16.279,0.90759,0.90779,2.62,1.50
2011.03.24 01:57:16.828,0.9076,0.9078,1.50,1.50
2011.03.24 01:57:17.382,0.90761,0.9078,1.50,1.50
2011.03.24 01:57:17.962,0.90763,0.90783,1.50,2.25
2011.03.24 01:57:18.076,0.90764,0.90783,1.50,2.25
2011.03.24 01:57:18.629,0.90764,0.90783,1.58,2.25
2011.03.24 01:57:18.738,0.90764,0.90783,1.50,1.50
2011.03.24 01:57:19.309,0.90764,0.90786,3.00,2.25
2011.03.24 01:57:19.858,0.90764,0.90786,3.00,1.50
2011.03.24 01:57:20.740,0.90766,0.90786,1.50,1.50
2011.03.24 01:57:21.289,0.90766,0.90786,2.25,2.25
2011.03.24 01:57:22.289,0.90764,0.90786,3.00,2.25
2011.03.24 01:57:22.398,0.90764,0.90786,3.00,1.50
2011.03.24 01:57:22.947,0.90766,0.90786,1.50,2.25
2011.03.24 01:57:24.377,0.90768,0.90786,1.50,1.50
2011.03.24 01:57:24.708,0.90768,0.90787,1.50,3.75
2011.03.24 01:57:25.259,0.90768,0.90787,2.25,3.75
2011.03.24 01:57:25.591,0.90768,0.90786,1.50,1.50
2011.03.24 01:57:26.150,0.90763,0.90783,2.31,2.25
2011.03.24 01:57:26.262,0.90762,0.90782,2.28,1.50
2011.03.24 01:57:26.378,0.90762,0.90782,2.25,1.50
2011.03.24 01:57:26.817,0.90762,0.90781,1.50,1.50
2011.03.24 01:57:27.673,0.90762,0.90782,1.50,1.50
2011.03.24 01:57:28.228,0.90762,0.90781,1.50,1.50
2011.03.24 01:57:28.448,0.90762,0.90782,1.50,1.50
2011.03.24 01:57:28.865,0.90761,0.90782,1.50,1.50
2011.03.24 01:57:28.985,0.9076,0.90781,1.50,1.50
2011.03.24 01:57:29.538,0.9076,0.90781,1.50,1.50
2011.03.24 01:57:29.763,0.9076,0.90781,1.50,1.50
2011.03.24 01:57:30.317,0.9076,0.90781,1.50,2.25
2011.03.24 01:57:31.018,0.9076,0.90781,1.50,2.25
2011.03.24 01:57:31.568,0.90761,0.90782,1.50,1.50
2011.03.24 01:57:34.639,0.90763,0.90781,1.50,1.50
2011.03.24 01:57:37.508,0.90763,0.90782,1.50,1.50
2011.03.24 01:57:43.898,0.90763,0.90781,1.50,1.50
2011.03.24 01:57:44.338,0.90763,0.90781,1.50,1.50
2011.03.24 01:57:44.919,0.90763,0.90782,1.50,1.50
2011.03.24 01:57:45.468,0.90763,0.90782,1.50,1.50
2011.03.24 01:57:45.908,0.90761,0.90782,1.50,1.50
2011.03.24 01:57:46.689,0.90761,0.90782,2.25,1.50
2011.03.24 01:57:47.350,0.90761,0.90781,1.50,1.50
2011.03.24 01:57:47.791,0.90761,0.90781,1.50,1.50
2011.03.24 01:57:48.325,0.9076,0.90782,1.50,3.00
2011.03.24 01:57:51.010,0.90762,0.90783,1.50,1.50
2011.03.24 01:58:01.455,0.90767,0.90782,1.50,1.50
2011.03.24 01:58:01.572,0.90763,0.90784,1.58,1.50
2011.03.24 01:58:02.241,0.90762,0.90781,2.25,1.50
2011.03.24 01:58:02.803,0.90762,0.90782,2.25,1.50
2011.03.24 01:58:02.922,0.90765,0.90782,1.50,1.50
2011.03.24 01:58:03.041,0.90765,0.90784,1.50,1.50
2011.03.24 01:58:03.828,0.90765,0.90784,1.50,1.50
2011.03.24 01:58:04.384,0.90764,0.90784,1.50,2.25
2011.03.24 01:58:04.728,0.90764,0.90784,3.00,1.50
2011.03.24 01:58:05.607,0.90764,0.90784,3.00,1.50
2011.03.24 01:58:06.157,0.90764,0.90784,3.00,1.50
2011.03.24 01:58:06.659,0.90764,0.90784,3.00,1.50
2011.03.24 01:58:07.208,0.90764,0.90784,3.00,2.25
2011.03.24 01:58:07.430,0.90768,0.90785,1.50,1.50
2011.03.24 01:58:07.542,0.9077,0.90788,2.25,3.00
2011.03.24 01:58:07.884,0.90771,0.90789,1.95,6.75
2011.03.24 01:58:08.111,0.90773,0.90791,2.25,2.25
2011.03.24 01:58:08.343,0.90774,0.90789,1.50,1.50
2011.03.24 01:58:08.575,0.90775,0.90789,2.40,1.50
2011.03.24 01:58:08.968,0.9078,0.90794,1.50,2.25
2011.03.24 01:58:09.299,0.90783,0.90799,1.50,1.50
2011.03.24 01:58:10.658,0.90783,0.90801,1.50,2.25
2011.03.24 01:58:11.211,0.90783,0.90798,1.50,1.50
2011.03.24 01:58:13.712,0.90784,0.908,1.50,1.50
2011.03.24 01:58:13.942,0.90784,0.90801,1.50,2.25
2011.03.24 01:58:14.063,0.90788,0.908,1.50,1.50
2011.03.24 01:58:15.061,0.90789,0.90802,2.25,2.25
2011.03.24 01:58:15.400,0.90788,0.90801,3.00,1.50
2011.03.24 01:58:16.343,0.90788,0.90801,1.50,1.50
2011.03.24 01:58:18.229,0.90789,0.90801,1.50,1.50
2011.03.24 01:58:19.110,0.90788,0.90802,2.25,2.25
2011.03.24 01:58:19.660,0.90787,0.90802,2.25,2.25
2011.03.24 01:58:19.769,0.90787,0.90802,2.25,2.25
2011.03.24 01:58:20.098,0.90787,0.90802,2.25,2.25
2011.03.24 01:58:20.649,0.90787,0.90802,2.25,2.25
2011.03.24 01:58:21.199,0.90789,0.90802,2.25,2.25
2011.03.24 01:58:22.184,0.90789,0.90802,1.50,1.50
2011.03.24 01:58:22.524,0.90789,0.90805,3.00,6.00
2011.03.24 01:58:22.756,0.90793,0.90811,1.50,8.40
2011.03.24 01:58:22.981,0.90793,0.90806,3.00,1.50
2011.03.24 01:58:23.103,0.90793,0.90806,1.50,2.25
2011.03.24 01:58:23.330,0.90794,0.90818,2.33,5.48
2011.03.24 01:58:23.769,0.90797,0.90818,1.58,2.25
2011.03.24 01:58:23.879,0.90797,0.90818,1.50,2.25
2011.03.24 01:58:25.588,0.90797,0.90818,1.50,1.50
2011.03.24 01:58:27.951,0.90798,0.90817,1.50,3.00
2011.03.24 01:58:28.182,0.90799,0.90817,1.50,2.25
2011.03.24 01:58:28.741,0.908,0.90818,1.50,1.50
2011.03.24 01:58:28.860,0.90802,0.90819,1.50,2.25
2011.03.24 01:58:29.193,0.90804,0.90822,1.50,2.25
2011.03.24 01:58:29.310,0.90805,0.90823,1.50,2.25
2011.03.24 01:58:29.858,0.90805,0.90823,1.50,2.25
2011.03.24 01:58:30.300,0.90805,0.90821,1.50,1.50
2011.03.24 01:58:31.324,0.90807,0.90821,1.50,2.25
2011.03.24 01:58:31.551,0.90812,0.90829,2.25,1.50
2011.03.24 01:58:31.674,0.90812,0.90832,2.25,1.50
2011.03.24 01:58:31.899,0.90812,0.90833,1.50,2.25
2011.03.24 01:58:32.230,0.90807,0.90825,1.50,1.50
2011.03.24 01:58:32.351,0.90805,0.90825,2.25,1.50
2011.03.24 01:58:32.470,0.90805,0.90825,1.50,1.50
2011.03.24 01:58:32.909,0.90804,0.90825,1.50,1.50
2011.03.24 01:58:33.460,0.90803,0.90825,1.50,1.50
2011.03.24 01:58:33.791,0.90801,0.90823,2.25,1.50
2011.03.24 01:58:34.493,0.908,0.90822,2.25,1.50
2011.03.24 01:58:34.728,0.908,0.90822,2.25,1.50
2011.03.24 01:58:35.401,0.908,0.90822,2.25,1.50
2011.03.24 01:58:35.521,0.90802,0.90824,1.50,1.50
2011.03.24 01:58:36.741,0.90806,0.90827,1.13,2.25
2011.03.24 01:58:36.862,0.90806,0.90828,1.13,1.50
2011.03.24 01:58:37.200,0.90811,0.90827,1.50,1.50
2011.03.24 01:58:37.308,0.90811,0.90828,1.50,1.50
2011.03.24 01:58:37.533,0.90811,0.90829,2.25,2.25
2011.03.24 01:58:38.324,0.90813,0.90831,1.50,2.25
2011.03.24 01:58:38.661,0.90817,0.90833,1.50,1.50
2011.03.24 01:58:38.904,0.9082,0.90837,1.50,1.50
2011.03.24 01:58:39.020,0.90823,0.9084,1.50,6.75
2011.03.24 01:58:39.239,0.90823,0.90837,1.50,1.50
2011.03.24 01:58:39.790,0.90823,0.90838,1.50,1.50
2011.03.24 01:58:40.880,0.9082,0.90837,1.50,1.50
2011.03.24 01:58:41.287,0.90819,0.90837,1.50,1.80
2011.03.24 01:58:41.843,0.90819,0.90837,1.50,1.80
2011.03.24 01:58:42.731,0.90819,0.90837,1.50,1.80
2011.03.24 01:58:42.962,0.90817,0.90835,1.50,1.50
2011.03.24 01:58:43.190,0.90817,0.90835,1.50,1.50
2011.03.24 01:58:43.411,0.90819,0.90837,1.50,1.05
2011.03.24 01:58:43.531,0.90819,0.90837,1.50,1.05
2011.03.24 01:58:43.971,0.90819,0.90837,1.50,2.55
2011.03.24 01:58:44.481,0.90819,0.90837,1.50,1.80
2011.03.24 01:58:45.261,0.90817,0.90833,1.50,1.50
2011.03.24 01:58:45.818,0.90817,0.90833,1.50,1.50
2011.03.24 01:58:47.138,0.90817,0.90837,1.50,2.55
2011.03.24 01:58:47.691,0.90816,0.90837,1.50,2.55
2011.03.24 01:58:47.815,0.90813,0.90834,1.50,1.50
2011.03.24 01:58:48.199,0.90812,0.90834,1.50,1.50
2011.03.24 01:58:49.590,0.90813,0.90834,1.50,1.50
2011.03.24 01:58:49.809,0.90812,0.90834,1.50,1.50
2011.03.24 01:58:49.921,0.90812,0.90835,1.50,1.50
2011.03.24 01:58:50.468,0.90812,0.90835,1.50,1.50
2011.03.24 01:58:52.268,0.90814,0.90835,1.50,1.50
2011.03.24 01:58:54.002,0.90814,0.90834,1.50,1.50
2011.03.24 01:58:54.560,0.90814,0.90834,1.50,1.50
2011.03.24 01:58:55.658,0.90814,0.90834,1.50,1.50
2011.03.24 01:58:56.210,0.90812,0.90834,2.25,1.50
2011.03.24 01:58:56.760,0.90812,0.90834,1.50,1.50
2011.03.24 01:58:58.058,0.90814,0.90836,1.50,1.58
2011.03.24 01:58:58.609,0.90815,0.90835,2.25,1.50
2011.03.24 01:58:59.159,0.90815,0.90835,3.00,1.50
2011.03.24 01:58:59.709,0.90817,0.90837,2.25,1.80
2011.03.24 01:59:01.110,0.90815,0.90837,1.50,3.30
2011.03.24 01:59:01.979,0.90816,0.90837,1.50,2.55
2011.03.24 01:59:02.540,0.90817,0.90836,1.50,1.05
2011.03.24 01:59:03.089,0.90818,0.90836,2.25,1.05
2011.03.24 01:59:05.420,0.90816,0.90836,1.50,1.05
2011.03.24 01:59:06.631,0.90819,0.90837,1.50,1.80
2011.03.24 01:59:07.015,0.90819,0.90837,1.50,1.80
2011.03.24 01:59:09.823,0.90818,0.90837,1.50,1.05
2011.03.24 01:59:10.052,0.90819,0.90837,2.25,1.05
2011.03.24 01:59:10.169,0.90819,0.90837,2.25,1.05
2011.03.24 01:59:10.498,0.90821,0.90837,1.50,1.05
2011.03.24 01:59:11.049,0.90821,0.90837,1.50,1.05
2011.03.24 01:59:11.933,0.9082,0.90837,1.50,1.05
2011.03.24 01:59:12.052,0.90817,0.90837,1.50,1.05
2011.03.24 01:59:12.612,0.90819,0.90838,1.50,1.05
2011.03.24 01:59:13.213,0.90817,0.90837,2.63,1.05
2011.03.24 01:59:13.334,0.9082,0.90837,3.00,1.05
2011.03.24 01:59:13.684,0.90823,0.90839,1.50,1.05
2011.03.24 01:59:14.194,0.9082,0.90837,1.50,1.05
2011.03.24 01:59:16.073,0.9082,0.90837,1.50,1.80
2011.03.24 01:59:17.508,0.90818,0.90836,1.50,1.58
2011.03.24 01:59:19.719,0.90818,0.90836,1.50,1.58
2011.03.24 01:59:21.128,0.90818,0.90837,1.50,2.55
2011.03.24 01:59:23.377,0.90818,0.90837,1.50,1.05
2011.03.24 01:59:23.929,0.90821,0.90837,1.50,1.05
2011.03.24 01:59:26.118,0.90821,0.90837,1.50,1.05
2011.03.24 01:59:26.668,0.90822,0.90837,1.50,1.05
2011.03.24 01:59:27.218,0.90822,0.90837,1.50,1.05
2011.03.24 01:59:28.438,0.90822,0.90837,1.50,1.05
2011.03.24 01:59:28.770,0.90818,0.90837,1.50,2.55
2011.03.24 01:59:29.354,0.90818,0.90837,1.50,1.05
2011.03.24 01:59:38.459,0.9082,0.90837,1.50,4.80
2011.03.24 01:59:38.570,0.9082,0.90834,1.50,1.50
2011.03.24 01:59:38.679,0.9082,0.90837,1.50,3.30
2011.03.24 01:59:39.678,0.9082,0.90837,1.50,1.05
2011.03.24 01:59:40.010,0.9082,0.90836,1.50,3.00
2011.03.24 01:59:42.387,0.9082,0.90835,1.50,2.25
2011.03.24 01:59:42.827,0.90818,0.90835,1.50,2.25
2011.03.24 01:59:43.379,0.90818,0.90835,1.50,2.25
2011.03.24 01:59:45.808,0.90818,0.90835,1.50,2.25
2011.03.24 01:59:46.848,0.90818,0.90835,1.50,2.25
2011.03.24 01:59:47.454,0.90818,0.90835,1.50,2.25
2011.03.24 01:59:48.242,0.90818,0.90837,1.50,1.05
2011.03.24 01:59:48.799,0.90818,0.90834,1.50,2.25
2011.03.24 01:59:49.318,0.90818,0.90835,1.50,2.25
2011.03.24 01:59:49.869,0.90818,0.90835,1.50,3.00
2011.03.24 01:59:50.201,0.90818,0.90824,1.50,2.25
2011.03.24 01:59:50.540,0.90815,0.90821,1.50,2.25
2011.03.24 01:59:51.090,0.90814,0.90821,1.50,2.25
2011.03.24 01:59:51.312,0.90813,0.9082,1.50,2.25
2011.03.24 01:59:57.329,0.90813,0.9082,1.50,2.25
2011.03.24 01:59:59.760,0.90813,0.9082,1.50,2.25
2011.03.24 01:59:59.872,0.90813,0.90824,1.50,2.25
