2014.05.22 02:00:07.196,0.89347,0.89357,1.29,1.10
2014.05.22 02:00:10.217,0.89348,0.89357,1.19,1.10
2014.05.22 02:00:21.853,0.89348,0.89357,1.19,1.18
2014.05.22 02:00:22.551,0.89347,0.89357,1.19,1.18
2014.05.22 02:00:23.593,0.89348,0.89357,1.19,1.18
2014.05.22 02:00:24.561,0.89347,0.89357,1.19,1.18
2014.05.22 02:00:25.589,0.89348,0.89357,1.19,1.18
2014.05.22 02:00:27.597,0.89347,0.89357,1.19,1.18
2014.05.22 02:00:28.609,0.89348,0.89357,1.19,1.18
2014.05.22 02:00:30.156,0.89348,0.89357,1.19,1.20
2014.05.22 02:00:32.044,0.89349,0.89357,1.19,1.10
2014.05.22 02:00:33.415,0.8935,0.89357,1.25,1.08
2014.05.22 02:00:33.918,0.8935,0.89357,1.25,1.10
2014.05.22 02:00:34.625,0.8935,0.89357,2.82,1.10
2014.05.22 02:00:36.177,0.89351,0.89357,1.19,1.10
2014.05.22 02:00:40.183,0.89351,0.89357,1.25,1.10
2014.05.22 02:00:42.650,0.8935,0.89357,1.19,1.18
2014.05.22 02:00:43.271,0.89349,0.89357,1.19,1.18
2014.05.22 02:00:45.033,0.89349,0.89357,2.44,1.10
2014.05.22 02:00:45.563,0.89348,0.89357,1.19,1.18
2014.05.22 02:00:46.344,0.89348,0.89357,1.19,1.10
2014.05.22 02:00:46.848,0.89348,0.89357,1.19,1.18
2014.05.22 02:01:15.539,0.89349,0.89358,1.19,1.65
2014.05.22 02:01:19.523,0.8935,0.89358,1.19,1.65
2014.05.22 02:01:26.825,0.8935,0.89358,1.19,1.65
2014.05.22 02:01:34.499,0.8935,0.89358,1.25,1.65
2014.05.22 02:01:38.320,0.8935,0.89358,1.25,1.65
2014.05.22 02:01:38.851,0.8935,0.89358,2.44,1.65
2014.05.22 02:01:45.425,0.89347,0.89358,1.25,1.65
2014.05.22 02:01:45.527,0.89348,0.89358,1.19,1.65
2014.05.22 02:01:46.573,0.89347,0.89358,1.19,1.84
2014.05.22 02:01:47.734,0.89347,0.89358,1.29,1.84
2014.05.22 02:01:48.847,0.89347,0.89358,1.19,1.84
2014.05.22 02:01:50.373,0.89347,0.89358,1.29,1.84
2014.05.22 02:01:51.472,0.89347,0.89358,1.19,1.84
2014.05.22 02:01:52.032,0.89347,0.89358,1.29,1.84
2014.05.22 02:01:55.938,0.89347,0.89359,1.19,2.59
2014.05.22 02:01:56.474,0.89347,0.89359,1.29,2.59
2014.05.22 02:01:58.002,0.89347,0.89359,1.19,2.59
2014.05.22 02:02:00.529,0.89348,0.89359,1.19,1.84
2014.05.22 02:02:02.270,0.89348,0.89359,1.19,1.84
2014.05.22 02:02:02.796,0.89348,0.89359,1.19,1.84
2014.05.22 02:02:04.146,0.89347,0.89359,1.32,2.59
2014.05.22 02:02:05.536,0.89347,0.89359,1.29,2.59
2014.05.22 02:02:06.063,0.89347,0.89359,1.19,2.59
2014.05.22 02:02:09.366,0.89348,0.89359,1.19,1.84
2014.05.22 02:02:10.956,0.89348,0.89359,1.19,1.84
2014.05.22 02:02:11.492,0.89349,0.89359,1.19,1.65
2014.05.22 02:02:12.031,0.89349,0.89359,1.19,1.65
2014.05.22 02:02:12.568,0.89349,0.89359,1.25,1.84
2014.05.22 02:02:15.558,0.89349,0.89359,1.25,1.84
2014.05.22 02:02:16.126,0.89349,0.89359,1.25,1.84
2014.05.22 02:02:20.674,0.89348,0.89359,1.19,1.84
2014.05.22 02:02:21.774,0.89348,0.89359,2.44,1.84
2014.05.22 02:02:22.312,0.89348,0.89359,2.44,1.84
2014.05.22 02:02:23.093,0.89349,0.89359,1.25,1.84
2014.05.22 02:02:25.219,0.89348,0.89359,1.32,1.84
2014.05.22 02:02:25.875,0.89348,0.89359,1.32,1.84
2014.05.22 02:02:28.550,0.89349,0.89359,1.19,2.40
2014.05.22 02:02:29.206,0.89349,0.89359,1.19,2.40
2014.05.22 02:02:29.744,0.89348,0.89359,1.19,2.59
2014.05.22 02:02:30.282,0.89348,0.89359,1.19,2.59
2014.05.22 02:02:30.838,0.89348,0.89359,1.19,2.59
2014.05.22 02:02:33.556,0.89349,0.89359,1.19,1.65
2014.05.22 02:02:34.183,0.89349,0.89359,1.19,1.65
2014.05.22 02:02:36.125,0.89349,0.89359,1.19,1.65
2014.05.22 02:02:36.859,0.89349,0.89359,1.19,1.65
2014.05.22 02:02:38.315,0.89349,0.89359,1.19,1.65
2014.05.22 02:02:38.837,0.89349,0.89359,1.19,1.65
2014.05.22 02:02:42.010,0.89348,0.89359,1.69,1.84
2014.05.22 02:02:42.579,0.89348,0.89359,1.69,1.84
2014.05.22 02:02:44.086,0.89348,0.89358,1.19,1.18
2014.05.22 02:02:44.737,0.89348,0.89358,1.19,1.18
2014.05.22 02:02:45.753,0.89348,0.89358,1.19,1.18
2014.05.22 02:02:50.375,0.89348,0.89358,1.19,1.15
2014.05.22 02:02:52.879,0.89348,0.89358,1.19,1.18
2014.05.22 02:02:55.171,0.89348,0.89358,1.32,1.15
2014.05.22 02:02:58.549,0.89348,0.89358,1.32,1.18
2014.05.22 02:02:59.057,0.89348,0.89358,1.19,1.15
2014.05.22 02:02:59.614,0.89347,0.89358,1.69,1.09
2014.05.22 02:03:03.246,0.89347,0.89358,1.77,1.09
2014.05.22 02:03:04.136,0.89347,0.89358,1.69,1.40
2014.05.22 02:03:04.692,0.89347,0.89358,1.77,2.59
2014.05.22 02:03:09.974,0.89347,0.89358,1.69,2.59
2014.05.22 02:03:12.196,0.89347,0.89358,1.77,2.59
2014.05.22 02:03:12.701,0.89347,0.89358,1.69,2.59
2014.05.22 02:03:13.881,0.89347,0.89358,1.77,2.59
2014.05.22 02:03:14.400,0.89347,0.89358,1.69,2.59
2014.05.22 02:03:19.678,0.89347,0.89358,1.77,2.59
2014.05.22 02:03:20.295,0.89347,0.89358,1.69,2.59
2014.05.22 02:03:22.850,0.89347,0.89358,1.77,2.59
2014.05.22 02:03:24.150,0.89347,0.89358,1.69,2.59
2014.05.22 02:03:24.915,0.89347,0.89358,1.77,2.59
2014.05.22 02:03:28.196,0.89347,0.89358,1.69,2.59
2014.05.22 02:03:28.883,0.89347,0.89358,1.77,2.59
2014.05.22 02:03:31.907,0.89347,0.89358,1.69,2.59
2014.05.22 02:03:33.167,0.89347,0.89358,1.77,2.59
2014.05.22 02:03:34.498,0.89347,0.89358,1.69,2.59
2014.05.22 02:03:35.069,0.89347,0.89358,1.77,2.59
2014.05.22 02:03:36.336,0.89347,0.89358,1.69,2.59
2014.05.22 02:03:36.884,0.89347,0.89358,1.77,2.59
2014.05.22 02:03:37.722,0.89349,0.89358,1.19,2.40
2014.05.22 02:03:38.793,0.89348,0.89358,1.19,2.40
2014.05.22 02:03:43.465,0.89348,0.89358,1.19,2.40
2014.05.22 02:03:44.123,0.89348,0.89358,1.19,1.65
2014.05.22 02:03:45.527,0.89348,0.89358,1.19,1.65
2014.05.22 02:03:46.142,0.89348,0.89358,1.19,1.65
2014.05.22 02:03:46.678,0.89349,0.89358,1.25,1.65
2014.05.22 02:03:50.321,0.89348,0.89358,1.19,1.65
2014.05.22 02:03:51.094,0.89348,0.89358,1.19,1.65
2014.05.22 02:03:53.684,0.89349,0.89358,1.19,1.65
2014.05.22 02:04:09.354,0.89348,0.89358,1.19,1.65
2014.05.22 02:04:13.727,0.89347,0.89358,1.19,1.84
2014.05.22 02:04:16.336,0.89346,0.89358,1.29,2.59
2014.05.22 02:04:17.340,0.89347,0.89358,1.19,1.84
2014.05.22 02:04:50.297,0.89347,0.89358,1.67,2.44
2014.05.22 02:04:52.269,0.89347,0.89358,1.19,2.44
2014.05.22 02:04:53.220,0.89347,0.89358,1.29,2.44
2014.05.22 02:04:55.009,0.89347,0.89358,1.19,2.44
2014.05.22 02:05:00.636,0.89347,0.89358,1.29,2.44
2014.05.22 02:05:03.041,0.89347,0.89358,1.19,2.44
2014.05.22 02:05:03.345,0.89345,0.89355,1.37,1.00
2014.05.22 02:05:03.397,0.89345,0.89352,1.37,1.00
2014.05.22 02:05:03.701,0.89342,0.8935,1.29,1.00
2014.05.22 02:05:04.529,0.89341,0.8935,1.37,1.00
2014.05.22 02:05:08.660,0.89341,0.8935,1.37,1.00
2014.05.22 02:05:09.653,0.89341,0.8935,1.37,1.00
2014.05.22 02:05:20.687,0.89342,0.8935,1.29,1.00
2014.05.22 02:05:24.559,0.89342,0.89352,1.29,1.10
2014.05.22 02:05:37.820,0.89342,0.89352,1.29,1.10
2014.05.22 02:05:41.824,0.89342,0.89352,1.29,1.10
2014.05.22 02:05:46.195,0.89343,0.89352,1.19,1.10
2014.05.22 02:05:46.297,0.89344,0.89355,1.09,3.87
2014.05.22 02:05:47.386,0.89345,0.89355,1.39,1.43
2014.05.22 02:05:48.369,0.89346,0.89355,1.19,1.43
2014.05.22 02:05:55.535,0.89345,0.89355,1.47,1.35
2014.05.22 02:05:56.526,0.89346,0.89355,1.29,1.35
2014.05.22 02:06:11.576,0.89347,0.89355,1.19,1.35
2014.05.22 02:06:12.580,0.89346,0.89355,1.29,1.35
2014.05.22 02:06:20.348,0.89345,0.89355,1.37,1.00
2014.05.22 02:06:22.326,0.89346,0.89355,1.29,1.00
2014.05.22 02:06:29.353,0.89346,0.89355,1.29,1.00
2014.05.22 02:06:32.403,0.89346,0.89355,1.29,1.00
2014.05.22 02:06:37.128,0.89344,0.89355,3.34,1.00
2014.05.22 02:06:37.281,0.89344,0.89355,1.25,1.65
2014.05.22 02:06:37.788,0.89342,0.89352,1.19,1.18
2014.05.22 02:06:38.346,0.89344,0.89354,1.25,1.15
2014.05.22 02:06:54.288,0.89343,0.89352,1.19,1.18
2014.05.22 02:06:54.795,0.89343,0.89352,1.19,1.10
2014.05.22 02:06:55.254,0.89342,0.89352,1.02,1.02
2014.05.22 02:07:00.275,0.89342,0.89352,1.77,1.10
2014.05.22 02:07:03.308,0.89342,0.89352,1.02,1.10
2014.05.22 02:07:11.228,0.89342,0.89352,1.77,1.10
2014.05.22 02:07:12.221,0.89342,0.89352,1.02,1.02
2014.05.22 02:07:13.223,0.89342,0.89352,1.77,1.10
2014.05.22 02:07:15.364,0.89343,0.89352,4.32,1.10
2014.05.22 02:07:15.518,0.89344,0.89353,2.97,1.50
2014.05.22 02:07:16.020,0.89344,0.89354,2.59,1.00
2014.05.22 02:07:16.662,0.89346,0.89354,1.29,1.00
2014.05.22 02:07:26.294,0.89347,0.89354,1.29,1.00
2014.05.22 02:07:29.701,0.89346,0.89354,1.37,1.00
2014.05.22 02:07:33.716,0.89347,0.89354,1.29,1.00
2014.05.22 02:07:34.738,0.89346,0.89354,1.37,1.00
2014.05.22 02:07:38.170,0.8935,0.89357,1.00,3.94
2014.05.22 02:07:40.255,0.8935,0.89359,1.00,3.94
2014.05.22 02:07:40.793,0.8935,0.89359,1.00,3.94
2014.05.22 02:07:42.859,0.8935,0.89359,1.00,3.94
2014.05.22 02:07:43.442,0.8935,0.89359,1.00,3.94
2014.05.22 02:07:43.963,0.8935,0.89359,1.00,3.94
2014.05.22 02:08:02.383,0.8935,0.89359,1.00,3.94
2014.05.22 02:08:02.957,0.8935,0.89359,1.00,3.94
2014.05.22 02:08:07.037,0.8935,0.89359,1.00,3.94
2014.05.22 02:08:07.585,0.8935,0.89359,1.00,3.94
2014.05.22 02:08:27.820,0.8935,0.8936,1.00,4.32
2014.05.22 02:09:00.218,0.89349,0.8936,1.39,2.82
2014.05.22 02:09:00.725,0.8935,0.8936,2.07,2.63
2014.05.22 02:09:03.473,0.8935,0.8936,1.32,2.82
2014.05.22 02:09:08.154,0.8935,0.8936,1.32,2.82
2014.05.22 02:09:08.657,0.8935,0.8936,1.32,2.82
2014.05.22 02:09:16.570,0.89348,0.8936,1.77,3.57
2014.05.22 02:09:51.643,0.89348,0.89359,1.02,1.84
2014.05.22 02:09:53.696,0.89348,0.89359,1.77,1.09
2014.05.22 02:10:00.756,0.89348,0.89359,1.02,1.84
2014.05.22 02:10:02.766,0.89348,0.89359,1.77,1.09
2014.05.22 02:10:07.793,0.89348,0.89359,1.02,1.84
2014.05.22 02:10:45.477,0.89347,0.89359,1.84,1.29
2014.05.22 02:10:46.196,0.89347,0.89359,1.84,1.37
2014.05.22 02:10:56.344,0.89348,0.8936,1.29,4.32
2014.05.22 02:10:58.387,0.89347,0.89359,1.84,1.37
2014.05.22 02:11:53.153,0.89348,0.89359,1.19,2.29
2014.05.22 02:11:55.199,0.89347,0.89359,1.19,3.04
2014.05.22 02:12:10.714,0.89348,0.89359,1.19,2.29
2014.05.22 02:12:18.639,0.89348,0.89359,1.32,2.44
2014.05.22 02:12:19.283,0.89348,0.89359,1.32,2.44
2014.05.22 02:12:19.807,0.89348,0.89359,1.32,2.44
2014.05.22 02:12:20.453,0.89348,0.89359,1.32,2.44
2014.05.22 02:12:25.887,0.89347,0.89359,1.29,3.19
2014.05.22 02:12:26.297,0.89346,0.89358,1.02,1.34
2014.05.22 02:12:26.601,0.89346,0.89355,1.10,4.73
2014.05.22 02:12:26.905,0.89344,0.89351,1.25,1.00
2014.05.22 02:12:27.795,0.89342,0.89351,1.29,1.00
2014.05.22 02:13:00.997,0.89341,0.89351,2.97,1.00
2014.05.22 02:13:03.995,0.89342,0.89351,1.29,1.00
2014.05.22 02:13:14.147,0.89341,0.89351,2.97,1.00
2014.05.22 02:13:14.795,0.89341,0.89351,1.69,1.15
2014.05.22 02:13:15.250,0.89341,0.89351,1.77,1.10
2014.05.22 02:13:15.351,0.89341,0.89351,1.69,1.15
2014.05.22 02:13:16.176,0.89341,0.89351,1.25,1.40
2014.05.22 02:13:16.734,0.89341,0.89351,1.25,1.40
2014.05.22 02:13:21.357,0.89341,0.89351,1.00,1.84
2014.05.22 02:13:24.650,0.89341,0.89351,1.02,1.02
2014.05.22 02:13:31.623,0.89339,0.89351,2.22,1.29
2014.05.22 02:13:34.537,0.8934,0.89352,1.47,2.44
2014.05.22 02:13:37.551,0.89339,0.89351,1.72,1.29
2014.05.22 02:13:39.559,0.8934,0.89352,1.47,2.44
2014.05.22 02:13:40.561,0.89339,0.89351,1.72,1.29
2014.05.22 02:13:43.608,0.8934,0.89352,1.47,2.44
2014.05.22 02:13:44.666,0.8934,0.89352,1.47,2.44
2014.05.22 02:13:56.143,0.89339,0.89351,1.84,1.37
2014.05.22 02:13:59.252,0.8934,0.89351,1.29,1.09
2014.05.22 02:14:05.811,0.8934,0.89351,1.32,1.40
2014.05.22 02:14:07.128,0.89339,0.89351,2.14,1.84
2014.05.22 02:14:12.025,0.8934,0.89351,1.32,1.40
2014.05.22 02:14:14.020,0.89339,0.89351,1.39,1.84
2014.05.22 02:14:15.546,0.89341,0.89351,1.25,1.15
2014.05.22 02:14:15.901,0.89341,0.89352,1.84,1.13
2014.05.22 02:14:16.458,0.89341,0.89352,1.33,1.25
2014.05.22 02:14:17.320,0.89341,0.89352,1.29,1.23
2014.05.22 02:14:18.087,0.89342,0.89353,1.19,4.69
2014.05.22 02:14:21.270,0.89342,0.89353,1.29,4.69
2014.05.22 02:14:21.799,0.89342,0.89353,1.19,4.69
2014.05.22 02:14:22.572,0.89342,0.89352,1.29,1.00
2014.05.22 02:14:23.125,0.89341,0.89353,1.84,3.94
2014.05.22 02:14:26.069,0.89342,0.89353,1.29,3.94
2014.05.22 02:14:34.526,0.89342,0.89353,1.19,3.94
2014.05.22 02:14:35.032,0.8934,0.89352,1.84,1.23
2014.05.22 02:14:36.126,0.8934,0.89352,1.74,1.69
2014.05.22 02:14:54.688,0.8934,0.89352,1.47,1.69
2014.05.22 02:14:55.439,0.89339,0.89351,2.22,1.37
2014.05.22 02:14:56.396,0.8934,0.89352,1.39,1.69
2014.05.22 02:15:07.427,0.89339,0.89351,1.74,1.37
2014.05.22 02:15:09.562,0.89341,0.89351,1.38,1.37
2014.05.22 02:15:09.670,0.89343,0.89354,1.02,2.44
2014.05.22 02:15:10.644,0.89343,0.89353,1.29,1.58
2014.05.22 02:15:15.487,0.89342,0.89353,2.22,1.77
2014.05.22 02:15:16.024,0.89344,0.89354,1.00,1.84
2014.05.22 02:15:17.587,0.89343,0.89351,1.29,1.00
2014.05.22 02:15:17.948,0.89344,0.89354,1.25,1.09
2014.05.22 02:15:19.079,0.89345,0.89354,1.00,1.09
2014.05.22 02:15:19.585,0.89344,0.89354,1.32,1.09
2014.05.22 02:15:20.154,0.89345,0.89354,1.19,1.18
2014.05.22 02:15:25.023,0.89344,0.89354,2.07,1.18
2014.05.22 02:15:34.077,0.89344,0.89354,1.69,1.18
2014.05.22 02:15:38.388,0.89345,0.89354,1.32,1.10
2014.05.22 02:15:39.146,0.89344,0.89354,2.14,1.10
2014.05.22 02:15:40.122,0.89345,0.89354,1.32,1.10
2014.05.22 02:15:44.131,0.89344,0.89354,2.14,1.10
2014.05.22 02:15:44.648,0.89344,0.89354,2.07,1.18
2014.05.22 02:15:58.302,0.89344,0.89354,1.25,1.09
2014.05.22 02:15:59.379,0.89344,0.89354,1.02,1.02
2014.05.22 02:15:59.693,0.89345,0.89354,1.19,1.10
2014.05.22 02:16:00.218,0.89345,0.89354,1.19,1.18
2014.05.22 02:16:01.436,0.89344,0.89354,1.69,1.18
2014.05.22 02:16:05.886,0.89344,0.89352,1.19,1.00
2014.05.22 02:16:11.457,0.89343,0.89352,1.47,1.00
2014.05.22 02:16:12.103,0.89343,0.89352,1.74,1.00
2014.05.22 02:16:22.208,0.89343,0.89352,1.47,1.00
2014.05.22 02:16:27.136,0.89342,0.89352,1.39,1.10
2014.05.22 02:16:36.849,0.89343,0.89352,1.19,1.10
2014.05.22 02:16:45.314,0.89342,0.89352,1.29,1.10
2014.05.22 02:16:46.747,0.89343,0.89354,1.69,1.69
2014.05.22 02:16:47.709,0.89342,0.89352,1.29,1.10
2014.05.22 02:16:49.201,0.89343,0.89353,1.25,3.19
2014.05.22 02:16:50.125,0.89341,0.89352,1.02,3.19
2014.05.22 02:16:57.154,0.89341,0.89352,1.77,3.19
2014.05.22 02:17:00.009,0.89341,0.89352,1.84,1.62
2014.05.22 02:17:00.516,0.89341,0.89352,1.77,1.69
2014.05.22 02:17:06.685,0.89341,0.89352,1.02,2.44
2014.05.22 02:17:11.535,0.8934,0.89349,1.37,1.00
2014.05.22 02:17:14.163,0.8934,0.89349,1.34,1.00
2014.05.22 02:17:14.675,0.8934,0.89349,1.37,1.00
2014.05.22 02:17:17.431,0.89341,0.89349,1.39,1.00
2014.05.22 02:17:20.446,0.8934,0.89349,1.74,1.00
2014.05.22 02:17:25.477,0.89341,0.89349,1.39,1.00
2014.05.22 02:17:26.468,0.8934,0.89349,1.74,1.00
2014.05.22 02:17:27.180,0.8934,0.8935,2.22,1.50
2014.05.22 02:17:29.473,0.89341,0.8935,1.39,1.50
2014.05.22 02:17:32.496,0.8934,0.8935,2.22,1.50
2014.05.22 02:17:33.595,0.89341,0.8935,1.39,1.50
2014.05.22 02:17:34.530,0.8934,0.8935,2.22,1.50
2014.05.22 02:17:35.501,0.89341,0.8935,1.39,1.50
2014.05.22 02:17:49.572,0.8934,0.8935,1.84,1.50
2014.05.22 02:17:50.216,0.8934,0.8935,1.84,1.50
2014.05.22 02:17:50.769,0.8934,0.8935,1.84,1.50
2014.05.22 02:17:52.546,0.8934,0.8935,2.22,1.50
2014.05.22 02:17:53.076,0.8934,0.89351,2.22,3.12
2014.05.22 02:17:53.584,0.89341,0.89351,1.39,2.93
2014.05.22 02:17:54.186,0.89342,0.89351,1.19,2.93
2014.05.22 02:17:55.754,0.89342,0.89353,2.22,1.54
2014.05.22 02:18:05.241,0.89344,0.89353,1.19,1.43
2014.05.22 02:18:16.273,0.89343,0.89353,1.67,1.43
2014.05.22 02:18:17.303,0.89344,0.89353,1.32,1.43
2014.05.22 02:18:34.445,0.89343,0.89353,1.39,1.10
2014.05.22 02:18:36.888,0.89343,0.89352,1.39,1.00
2014.05.22 02:18:51.851,0.89343,0.89351,1.39,1.00
2014.05.22 02:18:52.515,0.89343,0.89353,2.14,1.10
2014.05.22 02:18:53.074,0.89343,0.89352,1.39,1.00
2014.05.22 02:18:54.552,0.89342,0.89352,1.84,1.00
2014.05.22 02:19:01.231,0.89342,0.89352,1.69,1.18
2014.05.22 02:19:01.952,0.89342,0.89352,1.77,1.10
2014.05.22 02:19:07.653,0.89342,0.89352,1.69,1.18
2014.05.22 02:19:08.357,0.89342,0.89352,1.77,1.10
2014.05.22 02:19:14.778,0.89342,0.89352,1.69,1.08
2014.05.22 02:19:18.651,0.89342,0.89352,1.77,1.20
2014.05.22 02:19:21.573,0.89347,0.89354,1.00,1.29
2014.05.22 02:19:22.079,0.89347,0.89356,1.00,1.69
2014.05.22 02:19:26.328,0.89347,0.89357,1.25,3.19
2014.05.22 02:19:33.006,0.89348,0.89357,1.00,2.44
2014.05.22 02:19:52.794,0.89348,0.89358,1.00,6.19
2014.05.22 02:19:57.500,0.89348,0.89358,1.25,4.32
2014.05.22 02:19:58.152,0.89348,0.89358,1.25,4.32
2014.05.22 02:20:00.437,0.89348,0.89358,1.25,3.57
2014.05.22 02:20:01.394,0.89348,0.89358,1.25,3.57
2014.05.22 02:20:01.918,0.89348,0.89358,1.25,3.57
2014.05.22 02:20:02.629,0.89348,0.89358,1.25,3.57
2014.05.22 02:20:03.251,0.89348,0.89358,1.25,3.57
2014.05.22 02:20:05.419,0.8935,0.89358,1.00,2.93
2014.05.22 02:20:05.969,0.89349,0.89358,1.02,2.85
2014.05.22 02:20:06.484,0.89348,0.89358,1.77,3.30
2014.05.22 02:20:06.992,0.89348,0.89356,1.19,1.13
2014.05.22 02:20:07.606,0.89348,0.89358,1.25,5.07
2014.05.22 02:20:08.654,0.89347,0.89357,1.02,1.39
2014.05.22 02:20:09.616,0.89347,0.89357,1.77,1.48
2014.05.22 02:20:10.619,0.89347,0.89357,1.02,1.39
2014.05.22 02:20:13.656,0.89347,0.89357,1.77,1.48
2014.05.22 02:20:15.654,0.89347,0.89357,1.77,1.48
2014.05.22 02:20:16.181,0.89347,0.89357,1.77,1.48
2014.05.22 02:20:25.277,0.89347,0.89357,1.77,1.20
2014.05.22 02:20:34.337,0.89347,0.89357,1.77,1.48
2014.05.22 02:20:42.439,0.89347,0.89357,1.02,1.39
2014.05.22 02:20:50.377,0.89347,0.89357,1.77,1.48
2014.05.22 02:20:51.458,0.89347,0.89357,1.02,1.39
2014.05.22 02:20:53.299,0.89348,0.89357,1.37,1.00
2014.05.22 02:20:54.288,0.89349,0.89357,1.19,1.00
2014.05.22 02:20:56.586,0.8935,0.89357,1.19,1.00
2014.05.22 02:21:06.709,0.89349,0.89357,1.29,1.00
2014.05.22 02:21:07.691,0.8935,0.89357,1.19,1.00
2014.05.22 02:21:07.785,0.8935,0.8936,1.19,1.65
2014.05.22 02:21:08.552,0.8935,0.8936,1.19,1.65
2014.05.22 02:21:09.087,0.8935,0.8936,1.19,2.40
2014.05.22 02:21:18.032,0.89351,0.8936,1.19,2.40
2014.05.22 02:21:19.289,0.8935,0.8936,1.19,2.40
2014.05.22 02:21:25.564,0.89351,0.8936,1.19,1.18
2014.05.22 02:21:28.773,0.89351,0.8936,1.19,1.10
2014.05.22 02:21:46.757,0.8935,0.8936,1.29,1.10
2014.05.22 02:21:46.860,0.89352,0.8936,1.19,1.10
2014.05.22 02:21:48.759,0.89351,0.8936,1.19,1.10
2014.05.22 02:21:55.213,0.89352,0.8936,1.19,1.10
2014.05.22 02:21:56.208,0.89351,0.8936,1.19,1.10
2014.05.22 02:22:06.219,0.89351,0.8936,1.19,1.48
2014.05.22 02:22:06.735,0.89351,0.8936,1.19,1.53
2014.05.22 02:22:06.988,0.89349,0.8936,1.77,1.47
2014.05.22 02:22:07.506,0.89349,0.8936,1.69,1.78
2014.05.22 02:22:10.878,0.89349,0.89359,1.29,1.20
2014.05.22 02:22:11.536,0.89349,0.89359,1.19,1.08
2014.05.22 02:22:12.177,0.8935,0.89359,1.19,1.18
2014.05.22 02:22:13.634,0.8935,0.89359,1.19,1.10
2014.05.22 02:22:15.648,0.8935,0.89359,1.19,1.18
2014.05.22 02:22:16.391,0.8935,0.89359,1.19,1.10
2014.05.22 02:22:17.531,0.89349,0.89359,1.29,1.10
2014.05.22 02:22:18.152,0.89349,0.89359,1.19,1.18
2014.05.22 02:22:20.511,0.8935,0.89359,1.19,1.18
2014.05.22 02:22:21.667,0.89349,0.89359,1.29,1.20
2014.05.22 02:22:22.170,0.89349,0.89359,1.19,1.18
2014.05.22 02:22:22.719,0.8935,0.89359,1.19,1.18
2014.05.22 02:22:23.254,0.8935,0.89359,1.19,1.10
2014.05.22 02:22:23.963,0.89349,0.89359,1.29,1.10
2014.05.22 02:22:25.048,0.89349,0.89359,1.19,1.18
2014.05.22 02:22:26.015,0.89349,0.89359,1.29,1.10
2014.05.22 02:22:26.986,0.89349,0.89359,1.19,1.08
2014.05.22 02:22:27.757,0.89349,0.89359,1.29,1.20
2014.05.22 02:22:28.479,0.89349,0.89359,1.19,1.08
2014.05.22 02:22:31.487,0.89349,0.89359,1.29,1.20
2014.05.22 02:22:32.236,0.89348,0.89359,1.77,1.09
2014.05.22 02:22:32.765,0.89348,0.89359,1.84,1.02
2014.05.22 02:22:33.394,0.89349,0.89359,1.29,1.10
2014.05.22 02:22:34.978,0.8935,0.89359,1.19,1.10
2014.05.22 02:22:36.982,0.89351,0.89359,1.19,1.00
2014.05.22 02:22:38.687,0.89353,0.89364,1.00,5.97
2014.05.22 02:22:38.991,0.89353,0.89364,1.09,1.95
2014.05.22 02:22:40.536,0.89353,0.89364,1.84,1.20
2014.05.22 02:22:41.685,0.89353,0.89364,1.84,1.20
2014.05.22 02:22:42.617,0.89353,0.89364,1.84,1.39
2014.05.22 02:22:43.163,0.89353,0.89364,1.84,1.39
2014.05.22 02:22:43.705,0.89353,0.89364,1.84,1.20
2014.05.22 02:22:50.643,0.89354,0.89364,1.29,1.10
2014.05.22 02:22:52.650,0.89354,0.89364,1.29,1.10
2014.05.22 02:22:56.665,0.89355,0.89364,1.19,1.10
2014.05.22 02:23:07.715,0.89354,0.89364,1.29,1.10
2014.05.22 02:23:08.221,0.89354,0.89364,1.29,1.48
2014.05.22 02:23:09.017,0.89353,0.89364,1.84,1.39
2014.05.22 02:23:09.529,0.89353,0.89364,1.84,1.39
2014.05.22 02:23:10.126,0.89353,0.89364,1.84,1.39
2014.05.22 02:23:10.652,0.89353,0.89364,1.84,1.39
2014.05.22 02:23:11.201,0.89354,0.89364,1.29,1.20
2014.05.22 02:23:18.477,0.89354,0.89362,1.19,1.00
2014.05.22 02:23:18.835,0.89356,0.89366,1.25,1.47
2014.05.22 02:23:22.871,0.89355,0.89364,1.29,1.38
2014.05.22 02:23:37.756,0.89356,0.89367,1.25,2.97
2014.05.22 02:23:44.395,0.89356,0.89367,1.25,2.97
2014.05.22 02:23:44.924,0.89356,0.89367,1.69,2.22
2014.05.22 02:23:45.868,0.89356,0.89367,1.25,2.97
2014.05.22 02:23:46.922,0.89356,0.89367,1.69,2.22
2014.05.22 02:23:57.550,0.89356,0.89367,1.25,2.97
2014.05.22 02:23:58.424,0.89357,0.89367,1.00,2.22
2014.05.22 02:23:58.974,0.89356,0.89367,1.25,2.97
2014.05.22 02:24:03.336,0.89358,0.89367,1.00,2.97
2014.05.22 02:24:05.063,0.89357,0.89367,1.25,1.47
2014.05.22 02:24:47.374,0.89356,0.89366,1.25,1.78
2014.05.22 02:24:50.187,0.89356,0.89366,1.69,1.53
2014.05.22 02:24:50.695,0.89356,0.89366,1.69,1.18
2014.05.22 02:24:54.995,0.89356,0.89366,1.77,1.10
2014.05.22 02:24:56.639,0.89356,0.89366,3.94,1.28
2014.05.22 02:24:57.258,0.89356,0.89366,4.02,1.20
2014.05.22 02:24:57.562,0.89359,0.89366,1.38,1.00
2014.05.22 02:24:57.614,0.89359,0.89369,2.14,1.20
2014.05.22 02:24:58.723,0.8936,0.89369,1.69,1.10
2014.05.22 02:24:59.260,0.8936,0.89369,1.69,1.18
2014.05.22 02:25:00.103,0.89359,0.89369,1.69,1.55
2014.05.22 02:25:00.610,0.89359,0.89369,1.25,1.53
2014.05.22 02:25:03.031,0.89359,0.89369,1.25,1.78
2014.05.22 02:25:03.538,0.89357,0.89366,1.19,1.28
2014.05.22 02:25:04.039,0.89357,0.89364,1.19,1.00
2014.05.22 02:25:04.639,0.89356,0.89364,1.19,1.00
2014.05.22 02:25:12.037,0.89355,0.89364,2.52,1.00
2014.05.22 02:25:19.565,0.89356,0.89364,1.19,1.00
2014.05.22 02:25:28.103,0.89357,0.89364,1.19,1.00
2014.05.22 02:25:30.111,0.89356,0.89364,1.19,1.00
2014.05.22 02:25:34.347,0.89356,0.89365,1.19,1.10
2014.05.22 02:25:47.602,0.89358,0.89365,1.00,1.10
2014.05.22 02:25:51.185,0.89356,0.89365,1.19,1.10
2014.05.22 02:26:01.750,0.89358,0.89365,1.25,1.10
2014.05.22 02:26:02.763,0.89358,0.89365,1.19,1.00
2014.05.22 02:26:04.312,0.89356,0.89365,1.19,1.10
2014.05.22 02:26:13.268,0.89357,0.89365,1.19,1.10
2014.05.22 02:26:16.291,0.89356,0.89365,1.19,1.10
2014.05.22 02:26:21.210,0.89356,0.89364,1.19,1.00
2014.05.22 02:26:21.755,0.89356,0.89365,1.19,1.10
2014.05.22 02:26:22.338,0.89356,0.89364,1.19,1.00
2014.05.22 02:26:34.350,0.89356,0.89364,1.19,1.00
2014.05.22 02:26:39.391,0.89354,0.89364,3.34,1.00
2014.05.22 02:26:39.492,0.89356,0.89364,1.19,1.00
2014.05.22 02:26:40.614,0.89356,0.89364,1.19,1.00
2014.05.22 02:26:41.072,0.89356,0.89366,1.02,1.20
2014.05.22 02:26:41.797,0.89356,0.89366,1.25,1.28
2014.05.22 02:26:42.333,0.89356,0.89366,1.69,1.28
2014.05.22 02:26:48.245,0.89356,0.89366,1.29,1.20
2014.05.22 02:26:50.561,0.89356,0.89366,1.69,1.20
2014.05.22 02:26:51.372,0.89356,0.89366,1.77,1.20
2014.05.22 02:26:52.640,0.89356,0.89366,1.77,1.10
2014.05.22 02:26:53.147,0.89359,0.89366,1.25,1.00
2014.05.22 02:26:54.019,0.89359,0.89366,1.77,1.00
2014.05.22 02:26:54.474,0.89359,0.89369,2.52,1.10
2014.05.22 02:26:56.080,0.8936,0.89369,1.19,1.10
2014.05.22 02:26:58.010,0.8936,0.89369,1.19,1.10
2014.05.22 02:27:02.189,0.89359,0.89369,2.89,1.10
2014.05.22 02:27:04.309,0.8936,0.89369,1.19,1.10
2014.05.22 02:27:06.316,0.89361,0.8937,1.69,1.18
2014.05.22 02:27:07.344,0.89361,0.8937,1.25,1.18
2014.05.22 02:27:08.323,0.89361,0.8937,1.69,1.18
2014.05.22 02:27:12.340,0.89361,0.8937,1.25,1.18
2014.05.22 02:27:12.831,0.89363,0.89371,1.00,1.47
2014.05.22 02:27:14.748,0.89363,0.89372,1.00,1.47
2014.05.22 02:27:16.038,0.89363,0.89373,1.10,2.14
2014.05.22 02:27:16.633,0.89363,0.89373,1.77,1.10
2014.05.22 02:27:28.434,0.89363,0.89373,1.02,1.02
2014.05.22 02:27:29.434,0.89363,0.89373,1.77,1.10
2014.05.22 02:27:36.672,0.89363,0.89373,1.69,1.08
2014.05.22 02:27:42.082,0.89363,0.89373,1.25,1.09
2014.05.22 02:27:43.086,0.89363,0.89373,1.69,1.18
2014.05.22 02:27:46.130,0.89363,0.89373,1.25,1.09
2014.05.22 02:27:47.102,0.89363,0.89373,1.69,1.18
2014.05.22 02:27:56.133,0.89363,0.89373,1.69,1.47
2014.05.22 02:27:57.177,0.89363,0.89373,1.69,1.28
2014.05.22 02:28:17.643,0.89362,0.89374,1.29,1.72
2014.05.22 02:28:19.318,0.89363,0.89375,1.19,2.22
2014.05.22 02:28:20.436,0.89364,0.89375,1.02,1.47
2014.05.22 02:28:20.537,0.89365,0.89376,1.32,1.47
2014.05.22 02:28:20.993,0.89367,0.89377,1.50,2.22
2014.05.22 02:28:21.525,0.89367,0.89377,1.00,2.22
2014.05.22 02:28:22.576,0.89367,0.89377,1.69,1.28
2014.05.22 02:28:23.580,0.89367,0.89377,1.69,1.15
2014.05.22 02:28:24.453,0.89367,0.89377,1.69,1.18
2014.05.22 02:28:25.788,0.89367,0.89377,1.25,1.40
2014.05.22 02:28:28.804,0.89367,0.89378,1.69,2.97
2014.05.22 02:28:30.831,0.89368,0.89378,1.19,1.65
2014.05.22 02:28:32.208,0.89368,0.89378,1.29,1.18
2014.05.22 02:28:32.713,0.89368,0.89378,1.29,1.10
2014.05.22 02:28:33.249,0.89369,0.89378,1.19,1.10
2014.05.22 02:28:37.065,0.89368,0.89376,1.29,1.00
2014.05.22 02:28:38.131,0.89367,0.89376,1.37,1.00
2014.05.22 02:28:42.454,0.89365,0.89373,2.89,1.00
2014.05.22 02:28:42.708,0.89365,0.89376,2.14,1.33
2014.05.22 02:28:43.257,0.89365,0.89376,2.97,1.25
2014.05.22 02:28:45.580,0.89366,0.89375,1.37,1.50
2014.05.22 02:28:45.783,0.89365,0.89373,1.69,1.10
2014.05.22 02:28:47.286,0.89365,0.89372,1.19,1.00
2014.05.22 02:28:48.080,0.89365,0.89373,1.19,1.10
2014.05.22 02:28:48.737,0.89365,0.89372,1.19,1.00
2014.05.22 02:28:50.112,0.89364,0.89372,1.19,1.00
2014.05.22 02:28:51.125,0.89365,0.89372,1.19,1.00
2014.05.22 02:28:53.701,0.89365,0.89374,1.29,1.10
2014.05.22 02:28:54.208,0.89365,0.89374,1.19,1.18
2014.05.22 02:28:54.715,0.89364,0.89374,1.29,1.10
2014.05.22 02:28:55.256,0.89364,0.89374,1.19,1.18
2014.05.22 02:28:56.595,0.89365,0.89374,1.19,1.18
2014.05.22 02:28:59.024,0.89364,0.89374,1.19,1.18
2014.05.22 02:29:01.349,0.89365,0.89374,1.19,1.18
2014.05.22 02:29:01.873,0.89367,0.89374,2.44,1.00
2014.05.22 02:29:03.871,0.89367,0.89374,1.29,1.00
2014.05.22 02:29:09.952,0.89368,0.89376,1.69,1.10
2014.05.22 02:29:10.054,0.89369,0.89379,2.44,1.28
2014.05.22 02:29:10.561,0.89369,0.89379,3.64,1.10
2014.05.22 02:29:10.713,0.89372,0.89379,1.00,1.10
2014.05.22 02:29:13.199,0.89371,0.89379,1.32,1.08
2014.05.22 02:29:13.504,0.89369,0.89376,1.57,1.00
2014.05.22 02:29:13.555,0.89367,0.89376,1.84,1.00
2014.05.22 02:29:14.516,0.89367,0.89376,1.19,1.10
2014.05.22 02:29:20.596,0.89367,0.89376,1.69,1.18
2014.05.22 02:29:21.111,0.89367,0.89376,1.69,1.10
2014.05.22 02:29:21.625,0.89367,0.89376,1.69,1.18
2014.05.22 02:29:23.319,0.89367,0.89376,1.69,1.20
2014.05.22 02:29:30.639,0.89369,0.89379,1.00,4.47
2014.05.22 02:29:31.177,0.89369,0.89379,1.25,2.22
2014.05.22 02:29:34.840,0.89368,0.89376,1.29,1.00
2014.05.22 02:29:36.951,0.89367,0.89376,1.69,1.10
2014.05.22 02:29:41.483,0.89366,0.89376,1.77,1.10
2014.05.22 02:29:45.134,0.89366,0.89376,1.77,1.48
2014.05.22 02:29:45.445,0.89363,0.89371,1.25,1.00
2014.05.22 02:29:50.266,0.89364,0.89371,1.00,1.00
2014.05.22 02:29:50.717,0.89361,0.89371,3.34,1.00
2014.05.22 02:29:57.353,0.89362,0.89371,1.29,1.00
2014.05.22 02:29:59.476,0.89363,0.89371,1.19,1.00
2014.05.22 02:30:01.504,0.89362,0.89371,1.29,1.00
2014.05.22 02:30:04.971,0.89364,0.89371,1.00,1.00
2014.05.22 02:30:05.885,0.89362,0.89371,1.84,1.00
2014.05.22 02:30:09.232,0.89363,0.89371,1.29,1.00
2014.05.22 02:30:10.703,0.89364,0.89374,1.25,2.59
2014.05.22 02:30:11.624,0.89364,0.89374,1.69,1.18
2014.05.22 02:30:12.740,0.89365,0.89374,1.19,1.08
2014.05.22 02:30:13.450,0.89365,0.89374,1.19,1.10
2014.05.22 02:30:18.537,0.89364,0.89374,1.77,1.10
2014.05.22 02:30:20.585,0.89365,0.89374,1.19,1.20
2014.05.22 02:30:22.768,0.89365,0.89371,1.19,1.00
2014.05.22 02:30:23.557,0.89363,0.89371,1.29,1.00
2014.05.22 02:30:24.088,0.89363,0.89372,1.29,1.00
2014.05.22 02:30:24.343,0.89363,0.8937,1.29,1.00
2014.05.22 02:30:24.867,0.89362,0.8937,1.47,1.00
2014.05.22 02:30:26.294,0.89362,0.89372,2.22,1.00
2014.05.22 02:30:28.182,0.89362,0.89367,1.47,1.00
2014.05.22 02:30:28.385,0.89361,0.8937,1.37,1.00
2014.05.22 02:30:28.600,0.89362,0.89372,1.02,1.02
2014.05.22 02:30:29.416,0.89362,0.89372,2.89,1.10
2014.05.22 02:30:32.589,0.89363,0.89372,1.19,1.10
2014.05.22 02:30:33.592,0.89362,0.89372,2.89,1.10
2014.05.22 02:30:34.598,0.89363,0.89372,1.19,1.10
2014.05.22 02:30:35.627,0.89362,0.89372,2.89,1.10
2014.05.22 02:30:44.146,0.89362,0.89372,2.97,1.00
2014.05.22 02:30:44.883,0.89362,0.89372,2.97,1.00
2014.05.22 02:30:47.269,0.89362,0.89372,2.97,1.00
2014.05.22 02:30:49.253,0.89362,0.89372,2.97,1.00
2014.05.22 02:30:49.799,0.89363,0.89372,1.39,1.00
2014.05.22 02:30:51.682,0.89362,0.89372,2.97,1.00
2014.05.22 02:30:58.283,0.89362,0.89372,2.97,1.00
2014.05.22 02:31:00.885,0.89362,0.89372,2.97,1.00
2014.05.22 02:31:02.115,0.89362,0.89372,2.97,1.00
2014.05.22 02:31:02.624,0.89362,0.89372,2.97,1.00
2014.05.22 02:31:03.283,0.89362,0.89372,2.97,1.00
2014.05.22 02:31:06.126,0.89362,0.89372,2.97,1.00
2014.05.22 02:31:10.880,0.89363,0.89372,1.29,1.00
2014.05.22 02:31:11.999,0.89362,0.89372,2.97,1.00
2014.05.22 02:31:19.600,0.89362,0.89372,2.97,1.00
2014.05.22 02:31:20.136,0.89362,0.89372,2.97,1.00
2014.05.22 02:31:21.223,0.89362,0.89372,2.97,1.00
2014.05.22 02:31:21.754,0.89362,0.89372,2.97,1.00
2014.05.22 02:31:22.674,0.89362,0.89372,2.97,1.00
2014.05.22 02:31:23.414,0.89362,0.89372,2.97,1.00
2014.05.22 02:31:28.621,0.89362,0.89374,1.84,1.47
2014.05.22 02:31:29.133,0.89363,0.89374,1.33,1.47
2014.05.22 02:31:29.834,0.89363,0.89375,1.84,2.22
2014.05.22 02:31:35.145,0.89364,0.89375,1.25,2.22
2014.05.22 02:31:38.037,0.89364,0.89375,1.02,2.22
2014.05.22 02:31:38.590,0.89364,0.89375,1.25,2.22
2014.05.22 02:31:39.911,0.89364,0.89373,1.69,1.10
2014.05.22 02:31:40.903,0.89364,0.89373,1.25,1.10
2014.05.22 02:31:47.333,0.89364,0.89373,1.77,1.00
2014.05.22 02:31:48.029,0.89365,0.89375,1.25,1.47
2014.05.22 02:31:48.546,0.89366,0.89375,1.00,1.47
2014.05.22 02:31:52.489,0.89366,0.89375,1.69,1.18
2014.05.22 02:31:52.691,0.89369,0.89375,1.00,1.10
2014.05.22 02:31:53.198,0.8937,0.8938,1.00,2.22
2014.05.22 02:31:53.475,0.8937,0.8938,1.10,2.22
2014.05.22 02:31:53.710,0.8937,0.8938,1.10,1.77
2014.05.22 02:31:54.257,0.8937,0.8938,1.10,1.02
2014.05.22 02:31:54.718,0.8937,0.8938,1.00,1.70
2014.05.22 02:32:00.900,0.8937,0.8938,2.44,2.03
2014.05.22 02:32:01.904,0.8937,0.8938,1.25,2.22
2014.05.22 02:32:13.277,0.89371,0.8938,1.00,1.65
2014.05.22 02:32:13.779,0.89371,0.8938,1.00,1.18
2014.05.22 02:32:14.343,0.89371,0.8938,1.25,1.15
2014.05.22 02:32:17.414,0.89375,0.8938,1.00,1.08
2014.05.22 02:32:17.770,0.89373,0.89383,1.63,1.65
2014.05.22 02:32:24.936,0.89373,0.89383,1.69,1.84
2014.05.22 02:32:27.565,0.89371,0.8938,1.29,1.00
2014.05.22 02:32:28.639,0.8937,0.8938,1.84,1.00
2014.05.22 02:32:35.305,0.8937,0.8938,1.69,1.18
2014.05.22 02:32:35.841,0.8937,0.8938,1.25,1.09
2014.05.22 02:32:36.672,0.8937,0.8938,1.69,1.18
2014.05.22 02:32:46.633,0.8937,0.8938,2.07,1.18
2014.05.22 02:32:48.624,0.89372,0.8938,1.32,1.00
2014.05.22 02:33:19.876,0.89371,0.8938,1.39,1.00
2014.05.22 02:33:21.885,0.89371,0.8938,2.14,1.00
2014.05.22 02:33:27.619,0.89371,0.89383,2.14,1.84
2014.05.22 02:33:36.701,0.89371,0.89382,2.07,1.40
2014.05.22 02:33:37.237,0.89371,0.89382,1.77,1.09
2014.05.22 02:33:38.546,0.89371,0.89382,1.69,1.40
2014.05.22 02:33:39.185,0.89371,0.89382,1.77,1.09
2014.05.22 02:33:41.298,0.89371,0.89382,1.69,1.40
2014.05.22 02:33:41.824,0.89371,0.89382,1.77,1.09
2014.05.22 02:34:02.427,0.89371,0.89382,1.69,1.47
2014.05.22 02:34:02.529,0.89371,0.89381,1.00,1.47
2014.05.22 02:34:12.209,0.89371,0.89381,1.69,1.15
2014.05.22 02:34:13.336,0.89371,0.89382,1.69,2.22
2014.05.22 02:34:17.222,0.89371,0.89382,1.25,2.97
2014.05.22 02:34:20.248,0.89371,0.89382,1.63,2.59
2014.05.22 02:34:20.602,0.89372,0.89382,1.13,2.59
2014.05.22 02:34:21.346,0.89372,0.89382,1.57,1.65
2014.05.22 02:34:21.650,0.89376,0.89382,1.13,1.00
2014.05.22 02:34:44.638,0.89374,0.89385,1.57,1.47
2014.05.22 02:34:45.451,0.89374,0.89385,1.57,1.47
2014.05.22 02:34:46.078,0.89374,0.89385,1.57,1.47
2014.05.22 02:34:55.484,0.89372,0.89384,2.07,1.34
2014.05.22 02:34:55.990,0.89372,0.89383,1.32,1.40
2014.05.22 02:34:56.733,0.89372,0.89382,1.32,1.15
2014.05.22 02:34:57.298,0.89371,0.89382,1.57,1.40
2014.05.22 02:34:57.867,0.89372,0.89381,1.63,1.15
2014.05.22 02:34:57.968,0.89371,0.89381,1.67,1.10
2014.05.22 02:34:58.425,0.89374,0.89383,1.63,1.65
2014.05.22 02:34:58.846,0.89373,0.89382,1.32,1.15
2014.05.22 02:34:59.201,0.89372,0.89382,1.32,1.40
2014.05.22 02:35:01.789,0.89372,0.89382,1.63,1.40
2014.05.22 02:35:01.890,0.89372,0.89383,1.63,3.34
2014.05.22 02:35:14.414,0.89376,0.89383,1.38,1.10
2014.05.22 02:35:14.617,0.89377,0.89387,1.38,1.40
2014.05.22 02:35:18.427,0.89377,0.89387,1.32,1.40
2014.05.22 02:35:19.637,0.89377,0.89386,1.32,1.18
2014.05.22 02:35:20.162,0.89375,0.89383,1.63,1.18
2014.05.22 02:35:20.466,0.89375,0.89386,1.63,1.78
2014.05.22 02:35:21.002,0.89377,0.89386,1.88,1.53
2014.05.22 02:35:21.160,0.89377,0.89386,1.50,1.53
2014.05.22 02:35:21.413,0.89373,0.89383,2.14,1.10
2014.05.22 02:35:21.945,0.89374,0.89383,1.32,1.18
2014.05.22 02:35:30.147,0.89372,0.89383,2.14,1.09
2014.05.22 02:35:33.436,0.89372,0.89383,2.07,1.09
2014.05.22 02:35:36.747,0.89373,0.89383,1.32,1.15
2014.05.22 02:35:37.264,0.89373,0.89383,1.32,1.15
2014.05.22 02:35:37.873,0.89372,0.89383,2.07,1.40
2014.05.22 02:35:38.548,0.89372,0.89383,2.07,1.40
2014.05.22 02:35:42.904,0.89372,0.89383,2.07,1.40
2014.05.22 02:35:44.667,0.89372,0.89383,2.07,1.40
2014.05.22 02:35:54.842,0.89372,0.89383,2.07,1.40
2014.05.22 02:35:56.423,0.89372,0.89383,2.07,1.40
2014.05.22 02:35:57.292,0.89372,0.89383,2.07,1.40
2014.05.22 02:35:58.563,0.89372,0.89383,2.07,1.84
2014.05.22 02:36:00.541,0.89372,0.89383,2.07,1.84
2014.05.22 02:36:01.122,0.89372,0.89383,2.07,1.84
2014.05.22 02:36:02.632,0.89372,0.89383,2.07,1.84
2014.05.22 02:36:03.408,0.89372,0.89383,1.69,1.84
2014.05.22 02:36:03.932,0.89372,0.89383,1.69,1.84
2014.05.22 02:36:04.455,0.89372,0.89383,1.69,1.84
2014.05.22 02:36:07.992,0.89372,0.89383,2.07,1.84
2014.05.22 02:36:13.611,0.89372,0.89383,1.32,2.59
2014.05.22 02:36:55.322,0.89372,0.89382,1.25,1.40
2014.05.22 02:36:55.980,0.89372,0.89382,1.25,1.09
2014.05.22 02:36:58.242,0.89372,0.89382,1.25,1.84
2014.05.22 02:36:58.546,0.89372,0.89381,1.00,1.47
2014.05.22 02:37:02.204,0.89372,0.8938,1.00,1.34
2014.05.22 02:37:20.285,0.89371,0.89382,1.32,1.84
2014.05.22 02:37:22.825,0.89371,0.89382,1.19,1.40
2014.05.22 02:37:23.827,0.8937,0.89382,1.19,1.84
2014.05.22 02:38:02.182,0.8937,0.89382,1.19,1.27
2014.05.22 02:38:02.868,0.8937,0.89382,1.19,1.19
2014.05.22 02:38:04.431,0.8937,0.89382,1.77,1.34
2014.05.22 02:38:07.821,0.89371,0.89383,1.69,1.84
2014.05.22 02:38:14.936,0.89371,0.89382,1.32,1.34
2014.05.22 02:38:17.955,0.89371,0.89383,2.07,1.84
2014.05.22 02:38:18.945,0.89371,0.89382,1.32,1.34
2014.05.22 02:38:19.276,0.89371,0.89382,1.63,1.34
2014.05.22 02:38:19.815,0.89371,0.89382,1.39,1.37
2014.05.22 02:38:20.897,0.89371,0.89383,2.14,1.34
2014.05.22 02:38:23.858,0.89371,0.89383,2.14,1.34
2014.05.22 02:38:31.162,0.89371,0.89383,2.14,1.34
2014.05.22 02:38:33.216,0.89371,0.89383,2.14,1.34
2014.05.22 02:38:37.543,0.89371,0.89383,2.14,1.34
2014.05.22 02:38:41.598,0.89371,0.89383,2.14,1.34
2014.05.22 02:38:44.718,0.89371,0.89383,2.14,1.34
2014.05.22 02:38:46.932,0.89373,0.89383,1.00,1.34
2014.05.22 02:38:47.448,0.89371,0.89382,2.89,1.09
2014.05.22 02:38:47.752,0.89371,0.89382,2.89,1.09
2014.05.22 02:38:47.854,0.89371,0.89382,2.89,1.09
2014.05.22 02:38:48.657,0.89372,0.89382,1.32,1.18
2014.05.22 02:38:53.669,0.89371,0.89382,2.89,1.09
2014.05.22 02:38:57.522,0.89371,0.89382,2.89,1.09
2014.05.22 02:38:59.774,0.89371,0.89382,2.89,1.09
2014.05.22 02:39:00.503,0.89371,0.89382,2.89,1.09
2014.05.22 02:39:13.272,0.89371,0.89382,2.89,1.09
2014.05.22 02:39:13.796,0.89371,0.89382,2.89,1.09
2014.05.22 02:39:14.892,0.89371,0.89382,2.89,1.09
2014.05.22 02:39:15.095,0.89371,0.89379,1.29,1.00
2014.05.22 02:39:18.260,0.8937,0.89379,1.84,1.00
2014.05.22 02:39:20.289,0.8937,0.89379,1.84,1.00
2014.05.22 02:40:01.062,0.89372,0.89379,1.19,1.00
2014.05.22 02:40:02.094,0.89371,0.89379,1.39,1.00
2014.05.22 02:40:10.703,0.8937,0.89379,1.67,1.00
2014.05.22 02:40:11.707,0.89371,0.89379,1.32,1.00
2014.05.22 02:40:15.059,0.89371,0.89383,1.19,1.84
2014.05.22 02:40:16.921,0.89371,0.89383,1.39,1.34
2014.05.22 02:40:17.813,0.89371,0.89383,1.32,1.34
2014.05.22 02:40:18.441,0.89371,0.89383,1.67,1.34
2014.05.22 02:40:19.114,0.89371,0.89383,1.32,1.34
2014.05.22 02:40:19.650,0.89371,0.89383,1.39,1.34
2014.05.22 02:40:23.592,0.89371,0.89383,1.32,1.34
2014.05.22 02:40:24.571,0.89371,0.89383,1.29,1.34
2014.05.22 02:40:26.269,0.89372,0.89383,1.63,1.34
2014.05.22 02:40:28.103,0.89373,0.89382,1.32,1.18
2014.05.22 02:40:32.352,0.89372,0.89382,2.07,1.18
2014.05.22 02:40:35.088,0.89371,0.89382,1.39,3.34
2014.05.22 02:40:36.758,0.89371,0.89381,1.20,2.52
2014.05.22 02:40:55.401,0.89371,0.8938,1.13,2.52
2014.05.22 02:41:00.629,0.89371,0.8938,1.38,2.52
2014.05.22 02:41:01.526,0.89371,0.89381,1.38,2.59
2014.05.22 02:41:02.041,0.89371,0.89381,1.13,2.59
2014.05.22 02:41:02.770,0.89369,0.89379,2.22,1.00
2014.05.22 02:41:06.580,0.89369,0.89379,1.47,1.69
2014.05.22 02:41:07.087,0.89372,0.89379,1.10,1.00
2014.05.22 02:41:08.226,0.89371,0.89379,1.55,1.00
2014.05.22 02:41:13.210,0.89371,0.89379,1.47,1.00
2014.05.22 02:41:19.395,0.89371,0.89381,1.39,1.02
2014.05.22 02:41:24.079,0.89371,0.89381,1.48,2.52
2014.05.22 02:41:24.585,0.89371,0.89381,1.20,2.52
2014.05.22 02:41:25.109,0.89371,0.89381,1.48,2.52
2014.05.22 02:41:26.047,0.89371,0.89381,1.39,1.02
2014.05.22 02:41:31.830,0.89371,0.89382,1.67,1.84
2014.05.22 02:41:32.371,0.89371,0.89382,1.39,1.84
2014.05.22 02:41:33.070,0.89371,0.89381,1.39,1.02
2014.05.22 02:41:34.075,0.89371,0.89381,1.20,2.52
2014.05.22 02:41:36.087,0.89371,0.89381,1.39,1.02
2014.05.22 02:41:37.135,0.89371,0.89381,1.20,1.29
2014.05.22 02:41:43.273,0.89371,0.89381,1.39,2.52
2014.05.22 02:41:44.118,0.89371,0.8938,1.20,1.25
2014.05.22 02:41:50.303,0.89371,0.89381,1.48,2.52
2014.05.22 02:41:51.063,0.89371,0.89382,1.39,3.34
2014.05.22 02:41:53.048,0.89371,0.89381,1.48,2.52
2014.05.22 02:41:58.788,0.89371,0.89381,1.20,2.52
2014.05.22 02:41:59.419,0.89371,0.89381,1.48,2.52
2014.05.22 02:42:00.029,0.89371,0.89382,1.39,3.34
2014.05.22 02:42:15.111,0.89371,0.89382,1.47,3.27
2014.05.22 02:42:15.871,0.89371,0.89382,1.47,3.27
2014.05.22 02:42:16.579,0.89371,0.89382,1.47,3.27
2014.05.22 02:42:18.172,0.89371,0.89382,1.74,1.77
2014.05.22 02:42:19.151,0.89372,0.89382,1.39,1.77
2014.05.22 02:42:19.896,0.89372,0.89382,1.39,1.02
2014.05.22 02:42:22.935,0.89372,0.89382,1.47,1.25
2014.05.22 02:42:26.301,0.89372,0.89383,1.47,2.52
2014.05.22 02:42:29.016,0.89372,0.89383,1.74,1.02
2014.05.22 02:42:29.989,0.89372,0.89383,1.47,2.52
2014.05.22 02:42:35.403,0.89375,0.89382,1.88,1.25
2014.05.22 02:42:35.454,0.89375,0.89385,3.75,2.59
2014.05.22 02:42:35.708,0.89378,0.89385,1.00,2.44
2014.05.22 02:42:35.961,0.89378,0.89386,1.00,1.02
2014.05.22 02:42:52.101,0.89378,0.89387,1.20,1.25
2014.05.22 02:42:56.175,0.89378,0.89387,1.20,2.44
2014.05.22 02:43:11.471,0.89378,0.89387,1.20,1.25
2014.05.22 02:43:12.854,0.89378,0.89387,1.20,2.44
2014.05.22 02:43:13.389,0.89378,0.89387,1.18,2.44
2014.05.22 02:43:13.898,0.89378,0.89388,1.47,1.69
2014.05.22 02:43:14.101,0.89381,0.89388,1.00,1.25
2014.05.22 02:43:14.638,0.89382,0.8939,1.10,1.25
2014.05.22 02:43:14.993,0.89384,0.89392,1.00,3.19
2014.05.22 02:43:16.822,0.89384,0.89392,1.10,2.44
2014.05.22 02:43:23.420,0.89384,0.89392,1.10,2.44
2014.05.22 02:43:25.451,0.89384,0.89393,1.10,1.25
2014.05.22 02:43:25.553,0.89386,0.89393,1.00,1.25
2014.05.22 02:43:26.061,0.89386,0.89395,1.00,1.09
2014.05.22 02:43:26.621,0.89382,0.89391,4.84,1.00
2014.05.22 02:43:26.874,0.89384,0.89393,1.00,2.59
2014.05.22 02:43:27.738,0.89384,0.89393,1.13,2.52
2014.05.22 02:43:27.952,0.89384,0.89394,1.45,1.02
2014.05.22 02:43:28.257,0.89389,0.89395,1.00,2.52
2014.05.22 02:43:28.948,0.89389,0.89395,1.00,1.02
2014.05.22 02:43:35.580,0.89389,0.89396,1.00,1.02
2014.05.22 02:43:38.586,0.89389,0.89395,1.00,1.25
2014.05.22 02:43:45.027,0.89389,0.89397,1.00,2.44
2014.05.22 02:43:47.235,0.89389,0.89397,1.00,1.25
2014.05.22 02:43:48.212,0.89389,0.89397,1.00,2.44
2014.05.22 02:43:49.227,0.89389,0.89396,1.00,2.44
2014.05.22 02:43:50.328,0.89389,0.89395,1.00,2.44
2014.05.22 02:43:50.430,0.89385,0.89395,1.00,4.47
2014.05.22 02:43:50.531,0.89383,0.89393,1.10,3.27
2014.05.22 02:43:50.988,0.89383,0.89392,1.00,3.34
2014.05.22 02:43:52.587,0.8938,0.8939,1.10,1.10
2014.05.22 02:43:53.042,0.8938,0.89389,1.10,2.44
2014.05.22 02:44:04.595,0.8938,0.89387,1.10,1.25
2014.05.22 02:44:06.006,0.8938,0.89387,1.00,2.44
2014.05.22 02:44:06.741,0.8938,0.89388,1.00,1.02
2014.05.22 02:44:10.052,0.8938,0.89387,1.00,1.25
2014.05.22 02:44:24.162,0.89378,0.89388,1.00,3.34
2014.05.22 02:44:27.942,0.89378,0.89387,1.10,2.44
2014.05.22 02:44:28.674,0.8938,0.89387,1.00,2.44
2014.05.22 02:44:29.239,0.8938,0.89387,1.00,1.25
2014.05.22 02:44:37.540,0.8938,0.89387,1.00,2.44
2014.05.22 02:44:41.271,0.8938,0.89387,1.00,2.44
2014.05.22 02:44:44.300,0.8938,0.89387,1.00,2.44
2014.05.22 02:44:45.288,0.8938,0.89387,1.00,1.25
2014.05.22 02:44:50.286,0.8938,0.89387,1.00,2.44
2014.05.22 02:44:52.294,0.8938,0.89387,1.00,1.25
2014.05.22 02:45:01.447,0.8938,0.89387,1.00,2.44
2014.05.22 02:45:02.463,0.8938,0.89387,1.00,1.25
2014.05.22 02:45:16.206,0.89381,0.89387,1.00,1.25
2014.05.22 02:45:17.109,0.89381,0.89387,1.00,2.44
2014.05.22 02:45:25.132,0.89381,0.89387,1.00,2.44
2014.05.22 02:45:26.137,0.89381,0.89387,1.00,2.44
2014.05.22 02:45:29.732,0.89377,0.89386,1.18,1.25
2014.05.22 02:45:31.178,0.89377,0.89386,1.15,1.25
2014.05.22 02:45:31.762,0.89377,0.89386,1.18,1.25
2014.05.22 02:45:32.861,0.89377,0.89387,1.15,2.44
2014.05.22 02:45:33.458,0.89377,0.89387,1.18,2.44
2014.05.22 02:45:37.858,0.89377,0.89386,1.15,1.25
2014.05.22 02:45:38.574,0.89377,0.89386,1.18,1.25
2014.05.22 02:45:40.044,0.89377,0.89387,1.15,2.44
2014.05.22 02:45:40.552,0.89377,0.89387,1.18,2.44
2014.05.22 02:45:41.104,0.89377,0.89387,1.15,2.44
2014.05.22 02:45:42.083,0.89377,0.89386,1.18,1.25
2014.05.22 02:45:44.055,0.89377,0.89386,1.15,1.25
2014.05.22 02:45:44.982,0.89377,0.89386,1.15,1.25
2014.05.22 02:45:50.119,0.89377,0.89386,1.18,1.25
2014.05.22 02:45:50.863,0.89377,0.89386,1.15,1.25
2014.05.22 02:45:51.424,0.89377,0.89386,1.18,1.25
2014.05.22 02:45:51.935,0.89377,0.89386,1.18,1.25
2014.05.22 02:45:57.863,0.89377,0.89386,1.18,2.44
2014.05.22 02:45:58.886,0.89377,0.89386,1.18,1.25
2014.05.22 02:46:10.919,0.89377,0.89387,1.09,2.44
2014.05.22 02:46:11.824,0.89377,0.89387,1.40,2.44
2014.05.22 02:46:12.327,0.89377,0.89387,1.18,2.44
2014.05.22 02:46:14.244,0.89377,0.89387,1.15,2.44
2014.05.22 02:46:22.325,0.89377,0.89387,1.15,2.44
2014.05.22 02:46:23.501,0.89377,0.89387,1.18,2.44
2014.05.22 02:46:24.013,0.89377,0.89387,1.18,2.44
2014.05.22 02:46:26.394,0.89377,0.89386,1.15,1.25
2014.05.22 02:46:33.926,0.89376,0.89386,1.47,1.25
2014.05.22 02:46:35.006,0.89376,0.89387,1.47,1.25
2014.05.22 02:46:35.560,0.89376,0.89387,1.47,1.25
2014.05.22 02:46:36.072,0.89376,0.89387,1.47,2.44
2014.05.22 02:46:37.169,0.89376,0.89387,1.47,2.44
2014.05.22 02:46:37.870,0.89376,0.89387,1.47,2.44
2014.05.22 02:46:39.640,0.89376,0.89387,1.47,2.44
2014.05.22 02:46:42.374,0.89376,0.89385,1.15,2.44
2014.05.22 02:46:42.476,0.89374,0.89385,1.37,2.52
2014.05.22 02:46:42.781,0.89374,0.89384,1.00,3.34
2014.05.22 02:46:43.288,0.89372,0.89383,1.09,1.10
2014.05.22 02:46:44.059,0.89372,0.89382,1.18,2.44
2014.05.22 02:46:44.566,0.89372,0.89382,1.10,2.52
2014.05.22 02:46:44.870,0.89369,0.8938,1.84,3.19
2014.05.22 02:46:45.862,0.89369,0.89379,2.22,1.25
2014.05.22 02:46:54.953,0.89369,0.89377,1.78,1.00
2014.05.22 02:46:55.206,0.89367,0.89377,1.84,1.00
2014.05.22 02:46:59.097,0.89369,0.89377,1.15,1.00
2014.05.22 02:47:07.672,0.89367,0.89377,2.97,1.00
2014.05.22 02:47:11.900,0.89367,0.89377,4.09,1.69
2014.05.22 02:47:13.956,0.89369,0.89377,1.15,1.00
2014.05.22 02:47:16.091,0.89369,0.89377,1.18,1.00
2014.05.22 02:47:16.783,0.89369,0.89377,1.15,1.00
2014.05.22 02:47:17.963,0.89369,0.89377,1.18,1.00
2014.05.22 02:47:18.506,0.89369,0.89377,1.18,1.00
2014.05.22 02:47:19.054,0.89369,0.89377,1.15,1.00
2014.05.22 02:47:19.772,0.89369,0.89377,1.15,1.00
2014.05.22 02:47:20.293,0.89369,0.89377,1.15,1.00
2014.05.22 02:47:22.361,0.8937,0.89379,1.18,1.25
2014.05.22 02:47:23.683,0.8937,0.89379,1.18,1.19
2014.05.22 02:47:24.695,0.8937,0.89379,1.18,1.25
2014.05.22 02:47:25.431,0.8937,0.89379,1.10,1.25
2014.05.22 02:47:26.091,0.8937,0.89379,1.18,1.25
2014.05.22 02:47:32.802,0.8937,0.89379,1.18,2.44
2014.05.22 02:47:38.830,0.8937,0.89379,1.18,2.44
2014.05.22 02:47:42.865,0.8937,0.89379,1.18,2.44
2014.05.22 02:47:51.894,0.8937,0.89378,1.10,2.44
2014.05.22 02:47:52.889,0.8937,0.89377,1.10,1.25
2014.05.22 02:47:54.876,0.8937,0.89378,1.10,1.25
2014.05.22 02:48:01.018,0.8937,0.89379,1.18,2.44
2014.05.22 02:48:23.931,0.89369,0.89379,1.15,2.44
2014.05.22 02:48:29.921,0.89369,0.89379,1.09,1.25
2014.05.22 02:48:30.694,0.89369,0.89379,1.18,2.44
2014.05.22 02:48:48.857,0.89369,0.89379,1.09,2.44
2014.05.22 02:48:50.891,0.89369,0.89379,1.18,2.44
2014.05.22 02:48:51.873,0.89369,0.89379,1.09,2.44
2014.05.22 02:49:01.911,0.89369,0.89378,1.18,1.25
2014.05.22 02:49:04.835,0.89369,0.89379,1.09,2.44
2014.05.22 02:49:05.922,0.89369,0.89379,1.18,2.44
2014.05.22 02:49:08.968,0.89369,0.89379,1.09,1.25
2014.05.22 02:49:11.977,0.89369,0.89379,1.18,2.44
2014.05.22 02:49:12.968,0.89369,0.89379,1.09,2.44
2014.05.22 02:49:23.013,0.89369,0.89379,1.28,2.44
2014.05.22 02:49:23.936,0.89369,0.89379,1.20,2.44
2014.05.22 02:49:24.604,0.89369,0.89379,1.32,1.25
2014.05.22 02:49:27.204,0.89369,0.89379,1.47,2.44
2014.05.22 02:49:35.040,0.89369,0.89379,1.28,2.44
2014.05.22 02:49:43.116,0.89369,0.89379,1.15,2.44
2014.05.22 02:49:43.716,0.89369,0.89379,1.18,2.44
2014.05.22 02:49:51.071,0.89369,0.89379,1.18,2.44
2014.05.22 02:49:57.180,0.89369,0.89379,1.40,1.25
2014.05.22 02:50:04.328,0.89369,0.89379,1.47,1.25
2014.05.22 02:50:04.874,0.89369,0.89379,1.47,1.25
2014.05.22 02:50:05.398,0.89369,0.89379,1.28,2.44
2014.05.22 02:50:05.899,0.89369,0.89379,1.28,2.44
2014.05.22 02:50:06.408,0.89369,0.89379,1.28,2.44
2014.05.22 02:50:07.157,0.89369,0.89379,1.47,2.44
2014.05.22 02:50:08.231,0.89369,0.89379,1.28,2.44
2014.05.22 02:50:15.708,0.89369,0.89379,1.15,2.44
2014.05.22 02:50:23.296,0.89369,0.89378,1.18,1.25
2014.05.22 02:50:27.283,0.89368,0.89378,1.40,1.25
2014.05.22 02:50:29.272,0.89369,0.89379,1.18,2.52
2014.05.22 02:50:29.979,0.89369,0.89379,1.40,1.25
2014.05.22 02:50:34.724,0.89369,0.89379,1.40,1.25
2014.05.22 02:50:35.793,0.89369,0.89379,1.09,1.25
2014.05.22 02:50:36.543,0.89369,0.89379,1.40,1.25
2014.05.22 02:50:43.361,0.89369,0.8938,1.15,1.19
2014.05.22 02:50:44.236,0.89369,0.8938,1.18,1.29
2014.05.22 02:50:47.659,0.89369,0.8938,1.18,2.44
2014.05.22 02:50:48.190,0.89369,0.8938,1.18,2.52
2014.05.22 02:50:49.328,0.89369,0.89379,1.15,2.44
2014.05.22 02:50:49.835,0.89369,0.89379,1.18,2.44
2014.05.22 02:50:51.431,0.89369,0.89379,1.09,1.25
2014.05.22 02:50:53.782,0.89368,0.89379,1.47,1.25
2014.05.22 02:50:54.287,0.89368,0.89379,1.47,1.25
2014.05.22 02:50:54.825,0.89368,0.89379,1.47,2.44
2014.05.22 02:50:55.396,0.89368,0.89379,1.47,2.44
2014.05.22 02:50:56.926,0.89368,0.89379,1.47,2.44
2014.05.22 02:50:57.563,0.89368,0.89379,1.47,2.44
2014.05.22 02:50:58.648,0.89368,0.89379,1.47,2.44
2014.05.22 02:51:00.978,0.89367,0.89378,2.97,2.44
2014.05.22 02:51:06.405,0.89368,0.89377,1.28,1.25
2014.05.22 02:51:06.950,0.89368,0.89378,1.47,1.25
2014.05.22 02:51:07.501,0.89368,0.89379,1.47,2.44
2014.05.22 02:51:11.637,0.89368,0.89379,1.72,2.44
2014.05.22 02:51:15.297,0.89368,0.89379,1.47,1.25
2014.05.22 02:51:15.963,0.89368,0.89379,1.47,2.44
2014.05.22 02:51:17.327,0.89368,0.89379,1.47,2.44
2014.05.22 02:51:20.194,0.89368,0.89379,1.47,2.44
2014.05.22 02:51:31.420,0.89368,0.89379,1.40,2.44
2014.05.22 02:51:34.318,0.89367,0.89377,4.09,1.25
2014.05.22 02:51:36.723,0.89368,0.89379,1.09,2.52
2014.05.22 02:51:37.718,0.89368,0.89379,1.40,2.52
2014.05.22 02:51:38.276,0.89368,0.89378,1.47,1.25
2014.05.22 02:51:38.842,0.89368,0.89379,1.47,1.25
2014.05.22 02:51:40.876,0.8937,0.8938,1.47,1.25
2014.05.22 02:51:41.447,0.89369,0.89383,2.59,4.09
2014.05.22 02:51:41.549,0.89374,0.89383,1.00,2.59
2014.05.22 02:51:41.702,0.89374,0.89385,1.40,1.25
2014.05.22 02:51:41.754,0.89379,0.89386,1.00,2.25
2014.05.22 02:51:42.979,0.89379,0.89388,1.10,1.25
2014.05.22 02:51:45.670,0.89379,0.89388,1.00,2.52
2014.05.22 02:51:49.332,0.8938,0.89388,1.00,2.44
2014.05.22 02:51:49.894,0.89381,0.89388,1.00,2.52
2014.05.22 02:51:50.460,0.8938,0.89388,1.00,1.25
2014.05.22 02:51:52.655,0.8938,0.8939,1.00,2.59
2014.05.22 02:51:53.173,0.89381,0.8939,1.00,2.59
2014.05.22 02:52:07.173,0.89381,0.8939,1.38,2.59
2014.05.22 02:52:09.261,0.8938,0.89389,1.38,1.02
2014.05.22 02:52:15.289,0.8938,0.89389,1.95,2.44
2014.05.22 02:52:22.195,0.8938,0.89389,1.95,1.25
2014.05.22 02:52:24.457,0.8938,0.89389,1.10,1.25
2014.05.22 02:52:25.146,0.8938,0.89389,1.10,2.44
2014.05.22 02:52:35.439,0.89381,0.89388,1.00,1.25
2014.05.22 02:52:36.392,0.89381,0.89389,1.00,1.02
2014.05.22 02:52:40.383,0.8938,0.89389,1.00,2.52
2014.05.22 02:52:40.996,0.8938,0.89388,1.00,1.25
2014.05.22 02:52:48.694,0.8938,0.89388,1.00,2.44
2014.05.22 02:53:01.922,0.89377,0.89387,1.47,1.25
2014.05.22 02:53:02.442,0.89377,0.89388,1.72,1.25
2014.05.22 02:53:10.362,0.89377,0.89388,2.22,2.44
2014.05.22 02:53:24.131,0.89377,0.89388,2.22,1.25
2014.05.22 02:53:30.436,0.89377,0.89388,2.22,2.44
2014.05.22 02:53:33.945,0.89377,0.89388,2.07,2.44
2014.05.22 02:53:45.785,0.89377,0.89388,2.07,2.44
2014.05.22 02:53:49.840,0.89377,0.89388,3.57,2.44
2014.05.22 02:53:49.942,0.89378,0.89388,1.38,2.44
2014.05.22 02:53:50.043,0.89378,0.89388,2.63,2.44
2014.05.22 02:53:50.094,0.89382,0.89388,1.00,2.44
2014.05.22 02:53:50.764,0.89382,0.89389,1.00,1.25
2014.05.22 02:53:54.823,0.89382,0.89388,1.00,1.25
2014.05.22 02:53:56.783,0.89382,0.89388,1.00,2.44
2014.05.22 02:53:58.387,0.8938,0.89388,1.00,2.44
2014.05.22 02:53:59.824,0.8938,0.89388,1.00,1.25
2014.05.22 02:54:01.800,0.8938,0.89388,1.00,2.44
2014.05.22 02:54:10.827,0.8938,0.89388,1.00,1.25
2014.05.22 02:54:13.856,0.8938,0.89388,1.00,2.44
2014.05.22 02:54:58.621,0.89377,0.89387,2.22,1.25
2014.05.22 02:55:02.019,0.89377,0.89387,2.22,1.25
2014.05.22 02:55:03.634,0.89377,0.89387,2.03,2.44
2014.05.22 02:55:04.436,0.89377,0.89387,2.03,2.44
2014.05.22 02:55:15.701,0.89377,0.89387,2.22,1.25
2014.05.22 02:55:16.500,0.89377,0.89387,2.22,1.25
2014.05.22 02:55:32.012,0.89378,0.89388,2.97,1.25
2014.05.22 02:55:36.749,0.89378,0.89389,2.97,2.52
2014.05.22 02:55:42.023,0.89378,0.89388,2.78,2.44
2014.05.22 02:55:43.013,0.89378,0.89388,2.97,1.25
2014.05.22 02:55:44.016,0.89378,0.89388,2.78,2.44
2014.05.22 02:55:45.021,0.89378,0.89388,2.97,1.25
2014.05.22 02:55:47.245,0.89378,0.89388,2.78,2.44
2014.05.22 02:55:50.779,0.89381,0.8939,1.00,2.59
2014.05.22 02:55:50.880,0.89379,0.8939,1.10,2.59
2014.05.22 02:55:51.386,0.89379,0.8939,1.48,2.59
2014.05.22 02:55:57.862,0.89379,0.89389,1.39,1.02
2014.05.22 02:55:59.898,0.89379,0.89389,1.48,2.52
2014.05.22 02:56:01.906,0.89379,0.89389,1.39,1.02
2014.05.22 02:56:03.940,0.89381,0.89391,1.95,2.52
2014.05.22 02:56:04.490,0.89382,0.89391,1.13,2.52
2014.05.22 02:56:05.036,0.89382,0.89391,1.38,1.02
2014.05.22 02:56:11.034,0.89382,0.89392,1.78,1.25
2014.05.22 02:56:11.946,0.89382,0.89392,1.53,2.44
2014.05.22 02:56:13.458,0.89385,0.89392,1.00,2.44
2014.05.22 02:56:14.007,0.89385,0.89393,1.00,2.44
2014.05.22 02:56:17.990,0.89385,0.89393,1.00,1.25
2014.05.22 02:56:24.576,0.89385,0.89393,1.38,1.25
2014.05.22 02:56:25.993,0.89385,0.89394,1.55,1.25
2014.05.22 02:56:34.055,0.89385,0.89395,1.47,1.25
2014.05.22 02:56:35.227,0.89385,0.89395,2.03,2.44
2014.05.22 02:56:36.825,0.89385,0.89395,2.22,1.25
2014.05.22 02:56:37.979,0.89385,0.89395,2.03,2.44
2014.05.22 02:56:38.934,0.89385,0.89395,2.22,1.25
2014.05.22 02:56:44.683,0.89385,0.89395,1.09,1.02
2014.05.22 02:56:45.541,0.89385,0.89395,1.33,1.25
2014.05.22 02:56:46.070,0.89385,0.89395,1.25,1.09
2014.05.22 02:56:46.620,0.89385,0.89394,1.00,2.52
2014.05.22 02:56:53.491,0.89385,0.89393,1.00,2.44
2014.05.22 02:56:55.499,0.89385,0.89393,1.00,2.44
2014.05.22 02:57:13.480,0.89383,0.89393,2.22,1.25
2014.05.22 02:57:15.655,0.89383,0.89393,2.22,1.25
2014.05.22 02:57:16.167,0.89383,0.89394,2.22,2.44
2014.05.22 02:57:16.786,0.89383,0.89394,2.22,2.44
2014.05.22 02:57:19.718,0.89383,0.89393,2.03,2.44
2014.05.22 02:57:28.739,0.89383,0.89393,1.78,1.25
2014.05.22 02:57:35.745,0.89383,0.89393,1.53,2.44
2014.05.22 02:57:37.767,0.89383,0.89393,1.78,1.25
2014.05.22 02:57:46.768,0.89383,0.89394,1.72,1.25
2014.05.22 02:57:47.771,0.89383,0.89394,1.78,2.44
2014.05.22 02:57:56.833,0.89383,0.89392,1.28,1.25
2014.05.22 02:58:02.828,0.89384,0.89395,1.37,1.02
2014.05.22 02:58:04.874,0.89385,0.89397,1.37,1.84
2014.05.22 02:58:26.349,0.89385,0.89396,1.09,1.77
2014.05.22 02:58:27.969,0.89385,0.89396,1.84,1.02
2014.05.22 02:58:32.972,0.89385,0.89396,1.09,1.77
2014.05.22 02:58:42.007,0.89386,0.89396,1.29,1.10
2014.05.22 02:58:52.320,0.89386,0.89396,1.74,1.00
2014.05.22 02:58:57.619,0.89386,0.89396,1.74,1.00
2014.05.22 02:58:58.213,0.89386,0.89396,1.72,1.00
2014.05.22 02:58:58.854,0.89386,0.89396,1.74,1.00
2014.05.22 02:59:00.998,0.89386,0.89396,1.74,1.00
2014.05.22 02:59:14.440,0.89386,0.89396,1.74,1.00
2014.05.22 02:59:15.250,0.89385,0.89396,2.22,1.00
2014.05.22 02:59:16.040,0.89385,0.89396,2.22,1.00
2014.05.22 02:59:16.579,0.89385,0.89396,2.22,1.00
2014.05.22 02:59:17.709,0.89386,0.89396,1.74,1.00
2014.05.22 02:59:26.474,0.89386,0.89398,1.74,1.84
2014.05.22 02:59:40.234,0.89385,0.89397,2.22,1.29
2014.05.22 02:59:41.279,0.89386,0.89398,1.37,1.37
2014.05.22 02:59:42.242,0.89385,0.89397,2.22,1.29
2014.05.22 02:59:44.253,0.89386,0.89398,1.37,1.37
2014.05.22 02:59:46.254,0.89385,0.89397,2.22,1.29
2014.05.22 02:59:56.740,0.89386,0.89398,1.09,1.37
2014.05.22 02:59:58.087,0.89385,0.89397,2.22,1.37
