2008.03.12 14:00:00.156,1.0215,1.02165,0.30,4.00
2008.03.12 14:00:00.451,1.0216,1.02175,0.30,4.10
2008.03.12 14:00:00.745,1.0216,1.02175,0.30,4.10
2008.03.12 14:00:01.040,1.0216,1.02175,0.30,4.10
2008.03.12 14:00:01.358,1.0216,1.02175,0.30,4.10
2008.03.12 14:00:01.678,1.0216,1.02175,0.30,4.10
2008.03.12 14:00:01.997,1.0216,1.02175,0.30,4.10
2008.03.12 14:00:02.240,1.0216,1.02175,0.30,4.10
2008.03.12 14:00:02.484,1.02155,1.02175,4.00,4.10
2008.03.12 14:00:02.740,1.0215,1.02165,0.30,4.00
2008.03.12 14:00:02.985,1.0215,1.02165,0.30,4.00
2008.03.12 14:00:03.300,1.0215,1.02165,0.30,4.00
2008.03.12 14:00:03.613,1.0215,1.02165,0.30,4.00
2008.03.12 14:00:03.926,1.0215,1.02165,0.30,4.00
2008.03.12 14:00:04.150,1.0215,1.02165,0.30,4.10
2008.03.12 14:00:04.373,1.0215,1.02165,0.30,4.10
2008.03.12 14:00:04.597,1.0215,1.02165,0.30,4.10
2008.03.12 14:00:04.821,1.0215,1.02165,0.30,4.10
2008.03.12 14:00:05.045,1.0215,1.02165,0.30,4.10
2008.03.12 14:00:05.379,1.0215,1.02165,0.30,4.10
2008.03.12 14:00:05.713,1.0215,1.02165,0.30,4.10
2008.03.12 14:00:06.047,1.0215,1.02165,0.30,4.10
2008.03.12 14:00:06.306,1.0215,1.02165,0.30,4.10
2008.03.12 14:00:06.564,1.0215,1.02165,0.30,4.10
2008.03.12 14:00:06.823,1.0215,1.02165,0.30,4.10
2008.03.12 14:00:07.082,1.0215,1.02165,0.30,4.10
2008.03.12 14:00:07.338,1.02155,1.02165,0.30,4.10
2008.03.12 14:00:07.594,1.02155,1.0217,0.30,0.20
2008.03.12 14:00:07.863,1.02155,1.0217,0.30,0.20
2008.03.12 14:00:08.115,1.0215,1.0217,0.30,0.20
2008.03.12 14:00:08.424,1.0215,1.02165,0.30,0.20
2008.03.12 14:00:08.735,1.0215,1.02165,0.30,4.10
2008.03.12 14:00:09.044,1.0215,1.02165,0.30,4.10
2008.03.12 14:00:09.294,1.0215,1.02165,0.30,4.10
2008.03.12 14:00:09.554,1.0215,1.02165,0.30,4.10
2008.03.12 14:00:09.803,1.0215,1.02165,0.30,4.10
2008.03.12 14:00:10.052,1.0215,1.02165,0.30,4.10
2008.03.12 14:00:10.360,1.0215,1.02165,0.30,4.10
2008.03.12 14:00:10.670,1.0215,1.02165,0.30,4.10
2008.03.12 14:00:10.978,1.0215,1.02165,0.30,4.10
2008.03.12 14:00:11.286,1.0215,1.02165,0.30,4.10
2008.03.12 14:00:11.574,1.0215,1.02165,0.30,4.10
2008.03.12 14:00:11.864,1.0215,1.02165,0.30,4.10
2008.03.12 14:00:12.156,1.0215,1.02165,0.30,4.10
2008.03.12 14:00:12.415,1.0215,1.02165,0.30,4.10
2008.03.12 14:00:12.673,1.0215,1.02165,0.30,4.10
2008.03.12 14:00:12.930,1.0215,1.02165,0.30,4.10
2008.03.12 14:00:13.193,1.0215,1.02165,0.30,4.10
2008.03.12 14:00:13.477,1.0215,1.02165,0.30,4.10
2008.03.12 14:00:13.759,1.0215,1.02165,0.30,4.10
2008.03.12 14:00:14.042,1.0215,1.02165,0.30,4.10
2008.03.12 14:00:14.326,1.0215,1.02165,0.30,4.10
2008.03.12 14:00:14.585,1.0215,1.02165,0.30,4.10
2008.03.12 14:00:14.844,1.0215,1.02165,0.30,4.10
2008.03.12 14:00:15.103,1.0215,1.02165,0.30,4.10
2008.03.12 14:00:15.363,1.0215,1.02165,0.30,4.10
2008.03.12 14:00:15.668,1.0215,1.02165,0.30,4.10
2008.03.12 14:00:15.971,1.0215,1.02165,0.30,4.10
2008.03.12 14:00:16.275,1.0215,1.02165,0.30,4.10
2008.03.12 14:00:16.528,1.0215,1.02165,0.30,4.10
2008.03.12 14:00:16.782,1.0215,1.02165,0.30,4.10
2008.03.12 14:00:17.035,1.0215,1.02165,0.30,4.10
2008.03.12 14:00:17.293,1.0215,1.02165,0.30,4.10
2008.03.12 14:00:17.571,1.02155,1.02165,0.30,0.20
2008.03.12 14:00:17.850,1.0215,1.0217,0.30,0.20
2008.03.12 14:00:18.127,1.02155,1.0217,0.30,0.20
2008.03.12 14:00:18.412,1.02155,1.0217,0.30,0.20
2008.03.12 14:00:18.708,1.02155,1.0217,0.60,0.20
2008.03.12 14:00:19.001,1.02155,1.0217,0.60,0.20
2008.03.12 14:00:19.296,1.02155,1.0217,0.60,0.20
2008.03.12 14:00:19.571,1.02155,1.0217,0.60,0.20
2008.03.12 14:00:19.846,1.02155,1.02175,0.60,4.10
2008.03.12 14:00:20.121,1.0216,1.02175,0.30,4.10
2008.03.12 14:00:20.398,1.02165,1.02175,0.30,4.10
2008.03.12 14:00:20.693,1.0216,1.0218,0.30,0.20
2008.03.12 14:00:20.996,1.0216,1.0218,0.30,0.20
2008.03.12 14:00:21.299,1.0216,1.0218,0.30,0.20
2008.03.12 14:00:21.603,1.0216,1.0218,0.30,0.20
2008.03.12 14:00:21.892,1.0216,1.0218,0.30,0.20
2008.03.12 14:00:22.183,1.0216,1.0218,0.30,0.20
2008.03.12 14:00:22.486,1.02165,1.0218,0.30,0.20
2008.03.12 14:00:22.712,1.02165,1.0218,0.30,0.20
2008.03.12 14:00:22.951,1.02165,1.0218,0.30,0.40
2008.03.12 14:00:23.190,1.02165,1.0218,0.30,0.40
2008.03.12 14:00:23.430,1.02165,1.0218,0.30,0.40
2008.03.12 14:00:23.733,1.02165,1.0218,0.30,0.40
2008.03.12 14:00:24.036,1.02165,1.0218,0.30,0.40
2008.03.12 14:00:24.339,1.02165,1.0218,0.30,0.40
2008.03.12 14:00:24.654,1.02165,1.0218,0.30,0.40
2008.03.12 14:00:24.911,1.02165,1.0218,0.30,0.40
2008.03.12 14:00:25.170,1.02165,1.0218,0.60,0.40
2008.03.12 14:00:25.429,1.02165,1.0218,0.60,0.40
2008.03.12 14:00:25.734,1.02165,1.0218,0.60,0.40
2008.03.12 14:00:26.036,1.02165,1.0218,0.60,0.40
2008.03.12 14:00:26.343,1.02165,1.0218,0.60,0.40
2008.03.12 14:00:26.658,1.02165,1.0218,0.60,0.40
2008.03.12 14:00:26.930,1.02165,1.0218,0.60,0.40
2008.03.12 14:00:27.215,1.02165,1.0218,0.60,0.40
2008.03.12 14:00:27.497,1.02165,1.0218,0.60,0.40
2008.03.12 14:00:27.731,1.02165,1.0218,0.60,0.40
2008.03.12 14:00:27.969,1.02165,1.0218,0.60,0.40
2008.03.12 14:00:28.215,1.02165,1.0218,0.50,0.40
2008.03.12 14:00:28.462,1.02165,1.0218,0.50,0.40
2008.03.12 14:00:28.769,1.02165,1.0218,0.50,0.40
2008.03.12 14:00:29.089,1.02165,1.0218,0.50,0.40
2008.03.12 14:00:29.408,1.02165,1.0218,0.50,0.40
2008.03.12 14:00:29.664,1.02165,1.02175,0.50,0.20
2008.03.12 14:00:29.919,1.02165,1.02175,0.50,0.20
2008.03.12 14:00:30.187,1.02155,1.0217,0.30,0.20
2008.03.12 14:00:30.456,1.02155,1.0217,0.30,0.20
2008.03.12 14:00:30.780,1.02155,1.0217,0.30,0.20
2008.03.12 14:00:31.082,1.02155,1.0217,0.30,0.20
2008.03.12 14:00:31.396,1.02155,1.0217,0.30,0.20
2008.03.12 14:00:31.713,1.02155,1.0217,0.30,0.20
2008.03.12 14:00:31.982,1.02155,1.0217,0.30,0.20
2008.03.12 14:00:32.256,1.02155,1.0217,0.30,0.20
2008.03.12 14:00:32.526,1.02155,1.0217,0.30,0.20
2008.03.12 14:00:32.812,1.0216,1.0217,0.30,0.20
2008.03.12 14:00:33.097,1.0216,1.0217,0.30,0.20
2008.03.12 14:00:33.382,1.0216,1.0217,0.30,0.20
2008.03.12 14:00:33.667,1.0216,1.0217,0.30,0.20
2008.03.12 14:00:33.967,1.02155,1.0217,4.20,0.20
2008.03.12 14:00:34.273,1.02155,1.0217,0.30,0.20
2008.03.12 14:00:34.590,1.02155,1.0217,0.30,0.20
2008.03.12 14:00:34.820,1.02155,1.0217,0.30,0.20
2008.03.12 14:00:35.050,1.02165,1.0217,0.30,0.20
2008.03.12 14:00:35.281,1.0217,1.0218,0.30,2.70
2008.03.12 14:00:35.510,1.0217,1.0218,0.30,0.40
2008.03.12 14:00:35.740,1.0217,1.0218,0.30,0.20
2008.03.12 14:00:36.074,1.0217,1.0218,0.30,0.20
2008.03.12 14:00:36.416,1.0217,1.0218,0.30,0.20
2008.03.12 14:00:36.762,1.0217,1.0218,0.30,0.20
2008.03.12 14:00:36.979,1.0217,1.0218,0.30,0.20
2008.03.12 14:00:37.207,1.0217,1.0218,0.30,0.20
2008.03.12 14:00:37.437,1.0217,1.0218,0.30,0.20
2008.03.12 14:00:37.666,1.0217,1.0218,0.30,0.20
2008.03.12 14:00:37.990,1.0217,1.0218,0.30,0.20
2008.03.12 14:00:38.313,1.0217,1.0218,0.30,0.20
2008.03.12 14:00:38.639,1.0217,1.0218,0.30,0.20
2008.03.12 14:00:38.882,1.0217,1.0218,0.30,0.20
2008.03.12 14:00:39.137,1.0217,1.0218,0.30,0.20
2008.03.12 14:00:39.370,1.0217,1.0218,0.30,0.20
2008.03.12 14:00:39.615,1.0217,1.0218,0.30,0.20
2008.03.12 14:00:39.944,1.0217,1.0218,0.30,0.20
2008.03.12 14:00:40.274,1.0217,1.0218,0.30,0.20
2008.03.12 14:00:40.604,1.0217,1.0218,0.30,0.20
2008.03.12 14:00:40.868,1.0217,1.0218,0.30,0.20
2008.03.12 14:00:41.133,1.0217,1.0218,0.30,0.20
2008.03.12 14:00:41.397,1.0217,1.0218,0.30,0.20
2008.03.12 14:00:41.660,1.0217,1.0218,0.30,0.20
2008.03.12 14:00:41.945,1.0217,1.0218,0.30,0.20
2008.03.12 14:00:42.224,1.0217,1.0218,0.30,0.20
2008.03.12 14:00:42.502,1.0217,1.0218,0.30,0.20
2008.03.12 14:00:42.782,1.0217,1.0218,0.30,0.20
2008.03.12 14:00:43.056,1.0217,1.0218,0.30,0.20
2008.03.12 14:00:43.330,1.0217,1.0218,0.30,0.20
2008.03.12 14:00:43.605,1.0217,1.0218,0.30,0.20
2008.03.12 14:00:43.879,1.0217,1.0218,0.30,0.20
2008.03.12 14:00:44.146,1.0217,1.0218,0.30,0.20
2008.03.12 14:00:44.417,1.0217,1.0218,0.30,0.20
2008.03.12 14:00:44.686,1.0217,1.0218,0.30,0.20
2008.03.12 14:00:44.951,1.0218,1.02185,0.30,0.20
2008.03.12 14:00:45.215,1.02175,1.0219,4.20,0.20
2008.03.12 14:00:45.479,1.02175,1.0219,0.30,0.40
2008.03.12 14:00:45.744,1.02175,1.02185,0.30,0.20
2008.03.12 14:00:46.058,1.02175,1.02185,0.30,0.20
2008.03.12 14:00:46.372,1.0217,1.0218,0.30,0.20
2008.03.12 14:00:46.689,1.0218,1.02185,0.30,4.10
2008.03.12 14:00:46.963,1.0218,1.0219,0.30,0.20
2008.03.12 14:00:47.242,1.0218,1.0219,0.30,0.20
2008.03.12 14:00:47.525,1.0218,1.0219,0.30,0.20
2008.03.12 14:00:47.770,1.02175,1.0219,4.20,0.40
2008.03.12 14:00:48.041,1.02175,1.0219,0.30,0.40
2008.03.12 14:00:48.312,1.02175,1.0219,0.30,0.40
2008.03.12 14:00:48.581,1.02175,1.0219,0.30,0.40
2008.03.12 14:00:48.860,1.02175,1.0219,0.30,0.40
2008.03.12 14:00:49.154,1.0218,1.0219,0.30,0.20
2008.03.12 14:00:49.419,1.0218,1.0219,0.30,0.20
2008.03.12 14:00:49.698,1.0218,1.0219,0.30,0.20
2008.03.12 14:00:49.977,1.0218,1.0219,0.30,0.20
2008.03.12 14:00:50.255,1.0218,1.0219,0.30,0.20
2008.03.12 14:00:50.534,1.0218,1.0219,0.30,0.20
2008.03.12 14:00:50.815,1.0218,1.0219,0.30,0.20
2008.03.12 14:00:51.096,1.0218,1.0219,0.30,0.20
2008.03.12 14:00:51.421,1.0218,1.0219,0.30,0.20
2008.03.12 14:00:51.734,1.0218,1.0219,0.30,0.20
2008.03.12 14:00:52.049,1.0218,1.0219,0.30,0.20
2008.03.12 14:00:52.299,1.0218,1.0219,0.30,0.20
2008.03.12 14:00:52.547,1.0218,1.0219,0.30,0.20
2008.03.12 14:00:52.796,1.0218,1.0219,0.30,0.20
2008.03.12 14:00:53.047,1.0218,1.0219,0.30,0.20
2008.03.12 14:00:53.347,1.0218,1.0219,0.30,0.20
2008.03.12 14:00:53.647,1.0218,1.0219,0.30,0.20
2008.03.12 14:00:53.947,1.0218,1.0219,0.30,0.20
2008.03.12 14:00:54.182,1.0218,1.0219,0.30,0.20
2008.03.12 14:00:54.416,1.0218,1.0219,0.30,0.20
2008.03.12 14:00:54.649,1.0218,1.0219,0.30,0.20
2008.03.12 14:00:54.885,1.0218,1.0219,0.30,0.20
2008.03.12 14:00:55.197,1.0218,1.0219,0.30,0.20
2008.03.12 14:00:55.511,1.0219,1.02195,0.30,4.10
2008.03.12 14:00:55.826,1.0219,1.022,0.30,0.20
2008.03.12 14:00:56.140,1.02185,1.02195,0.30,0.20
2008.03.12 14:00:56.438,1.02185,1.02195,0.30,0.20
2008.03.12 14:00:56.737,1.02185,1.022,0.30,0.40
2008.03.12 14:00:57.036,1.02185,1.022,0.30,0.40
2008.03.12 14:00:57.299,1.02185,1.022,0.30,0.40
2008.03.12 14:00:57.562,1.02185,1.022,0.30,0.40
2008.03.12 14:00:57.826,1.02185,1.022,0.30,2.70
2008.03.12 14:00:58.090,1.0218,1.022,0.30,2.70
2008.03.12 14:00:58.380,1.0218,1.0219,0.30,0.20
2008.03.12 14:00:58.668,1.0218,1.0219,0.30,0.20
2008.03.12 14:00:58.958,1.02175,1.0219,0.30,0.20
2008.03.12 14:00:59.237,1.02175,1.02185,0.30,0.20
2008.03.12 14:00:59.517,1.02175,1.02185,0.30,0.20
2008.03.12 14:00:59.796,1.0217,1.0218,0.30,0.20
2008.03.12 14:01:00.076,1.0217,1.0218,0.30,0.20
2008.03.12 14:01:00.335,1.0217,1.0218,0.30,0.20
2008.03.12 14:01:00.593,1.0217,1.0218,0.30,0.20
2008.03.12 14:01:00.851,1.0217,1.0218,0.30,0.20
2008.03.12 14:01:01.110,1.0217,1.0218,0.30,0.20
2008.03.12 14:01:01.435,1.02165,1.0218,0.30,0.40
2008.03.12 14:01:01.759,1.02155,1.0218,4.20,3.10
2008.03.12 14:01:02.083,1.02155,1.0217,4.20,0.20
2008.03.12 14:01:02.339,1.0216,1.0217,0.30,0.20
2008.03.12 14:01:02.593,1.0216,1.0217,0.30,0.20
2008.03.12 14:01:02.848,1.0216,1.0217,0.30,0.20
2008.03.12 14:01:03.103,1.0216,1.0217,0.30,0.20
2008.03.12 14:01:03.387,1.0216,1.0217,0.30,0.20
2008.03.12 14:01:03.677,1.0216,1.0217,0.30,0.20
2008.03.12 14:01:03.972,1.0216,1.0217,0.30,0.20
2008.03.12 14:01:04.244,1.0216,1.0217,0.30,0.20
2008.03.12 14:01:04.543,1.0216,1.0217,0.30,0.20
2008.03.12 14:01:04.842,1.02155,1.0216,0.30,0.20
2008.03.12 14:01:05.142,1.0215,1.0216,0.30,0.20
2008.03.12 14:01:05.385,1.0215,1.0216,0.30,0.20
2008.03.12 14:01:05.630,1.0215,1.0216,0.30,0.20
2008.03.12 14:01:05.874,1.0215,1.0216,0.30,0.20
2008.03.12 14:01:06.117,1.0215,1.0216,0.30,0.20
2008.03.12 14:01:06.453,1.0215,1.0216,0.30,0.20
2008.03.12 14:01:06.787,1.0215,1.0216,0.30,0.20
2008.03.12 14:01:07.122,1.0215,1.0216,0.30,0.20
2008.03.12 14:01:07.367,1.0214,1.0215,0.30,0.20
2008.03.12 14:01:07.612,1.02145,1.02155,0.30,4.00
2008.03.12 14:01:07.856,1.02145,1.0216,0.30,0.20
2008.03.12 14:01:08.100,1.02145,1.0216,0.30,0.20
2008.03.12 14:01:08.433,1.02145,1.0216,0.30,0.20
2008.03.12 14:01:08.768,1.02145,1.0216,0.30,0.20
2008.03.12 14:01:09.104,1.02145,1.0216,0.30,0.20
2008.03.12 14:01:09.348,1.02145,1.0216,0.30,0.20
2008.03.12 14:01:09.592,1.02145,1.0216,0.30,0.20
2008.03.12 14:01:09.835,1.02145,1.0216,0.30,0.20
2008.03.12 14:01:10.079,1.02145,1.0216,0.30,0.20
2008.03.12 14:01:10.323,1.02145,1.0216,0.30,0.20
2008.03.12 14:01:10.647,1.02145,1.0216,0.30,0.20
2008.03.12 14:01:10.971,1.02145,1.0216,0.30,0.20
2008.03.12 14:01:11.296,1.0215,1.0216,0.30,0.20
2008.03.12 14:01:11.556,1.02135,1.02155,0.30,4.10
2008.03.12 14:01:11.814,1.0214,1.0216,0.30,0.20
2008.03.12 14:01:12.073,1.0214,1.0216,0.30,0.20
2008.03.12 14:01:12.332,1.0214,1.0216,0.30,2.50
2008.03.12 14:01:12.642,1.0214,1.0215,0.30,0.20
2008.03.12 14:01:12.951,1.0214,1.0215,0.30,0.20
2008.03.12 14:01:13.260,1.02135,1.0215,4.20,0.20
2008.03.12 14:01:13.506,1.02135,1.0215,4.20,0.20
2008.03.12 14:01:13.749,1.0214,1.0215,0.30,0.20
2008.03.12 14:01:13.993,1.0214,1.0215,0.30,0.20
2008.03.12 14:01:14.242,1.0214,1.0215,0.30,0.20
2008.03.12 14:01:14.553,1.0214,1.0215,0.30,0.20
2008.03.12 14:01:14.853,1.0214,1.0215,0.30,0.20
2008.03.12 14:01:15.157,1.02135,1.0215,4.20,0.20
2008.03.12 14:01:15.457,1.02135,1.0215,0.30,0.40
2008.03.12 14:01:15.761,1.02135,1.0215,0.30,0.40
2008.03.12 14:01:16.067,1.02135,1.0215,0.30,0.40
2008.03.12 14:01:16.383,1.02135,1.0215,0.30,0.40
2008.03.12 14:01:16.630,1.02135,1.0215,0.30,0.40
2008.03.12 14:01:16.891,1.02135,1.0214,0.30,0.50
2008.03.12 14:01:17.152,1.0213,1.0214,0.30,0.20
2008.03.12 14:01:17.425,1.0212,1.0213,0.30,0.20
2008.03.12 14:01:17.733,1.0211,1.0213,0.30,0.40
2008.03.12 14:01:18.051,1.02115,1.0213,0.30,0.40
2008.03.12 14:01:18.361,1.02105,1.0212,0.30,0.20
2008.03.12 14:01:18.618,1.02095,1.0212,0.30,0.40
2008.03.12 14:01:18.873,1.02105,1.0212,0.30,0.20
2008.03.12 14:01:19.108,1.021,1.0212,0.30,0.40
2008.03.12 14:01:19.353,1.021,1.0212,0.30,0.40
2008.03.12 14:01:19.689,1.021,1.0212,0.30,0.40
2008.03.12 14:01:20.025,1.021,1.0212,0.30,0.40
2008.03.12 14:01:20.360,1.02095,1.02115,0.30,0.20
2008.03.12 14:01:20.604,1.02095,1.02115,0.30,0.20
2008.03.12 14:01:20.848,1.02095,1.02115,0.30,0.20
2008.03.12 14:01:21.093,1.02095,1.0211,0.30,0.20
2008.03.12 14:01:21.338,1.02095,1.0211,0.30,0.20
2008.03.12 14:01:21.671,1.02095,1.0211,0.30,0.20
2008.03.12 14:01:22.004,1.02095,1.0211,0.30,0.20
2008.03.12 14:01:22.339,1.02095,1.0211,0.30,0.20
2008.03.12 14:01:22.577,1.02095,1.0211,0.30,0.20
2008.03.12 14:01:22.816,1.0209,1.0211,0.30,0.40
2008.03.12 14:01:23.055,1.0209,1.0211,0.30,0.40
2008.03.12 14:01:23.295,1.02095,1.0211,0.30,0.40
2008.03.12 14:01:23.534,1.02095,1.0211,0.30,0.40
2008.03.12 14:01:23.854,1.02095,1.0211,0.30,0.40
2008.03.12 14:01:24.173,1.02095,1.0211,0.30,0.40
2008.03.12 14:01:24.492,1.02095,1.0211,0.30,0.20
2008.03.12 14:01:24.731,1.02095,1.0211,0.30,0.40
2008.03.12 14:01:24.970,1.02095,1.0211,0.30,0.40
2008.03.12 14:01:25.209,1.02095,1.0211,0.30,0.20
2008.03.12 14:01:25.448,1.02095,1.0211,0.30,0.20
2008.03.12 14:01:25.759,1.02095,1.0211,0.30,0.20
2008.03.12 14:01:26.074,1.02095,1.0211,0.30,0.20
2008.03.12 14:01:26.393,1.02095,1.0211,0.30,0.20
2008.03.12 14:01:26.667,1.021,1.0212,0.30,0.40
2008.03.12 14:01:26.951,1.021,1.0212,0.30,0.40
2008.03.12 14:01:27.235,1.021,1.0212,0.30,0.40
2008.03.12 14:01:27.518,1.021,1.0212,0.30,0.40
2008.03.12 14:01:27.774,1.02105,1.0212,0.30,0.20
2008.03.12 14:01:28.030,1.021,1.0212,0.30,0.40
2008.03.12 14:01:28.284,1.021,1.0212,0.30,0.20
2008.03.12 14:01:28.539,1.021,1.0212,0.30,0.40
2008.03.12 14:01:28.848,1.021,1.0212,0.30,0.40
2008.03.12 14:01:29.163,1.021,1.0212,0.30,0.40
2008.03.12 14:01:29.483,1.021,1.0212,0.30,0.40
2008.03.12 14:01:29.757,1.021,1.0212,0.30,0.20
2008.03.12 14:01:30.041,1.021,1.0212,0.30,0.20
2008.03.12 14:01:30.327,1.02095,1.0211,0.30,0.20
2008.03.12 14:01:30.610,1.02095,1.0211,0.30,0.20
2008.03.12 14:01:30.895,1.02095,1.0211,0.30,0.20
2008.03.12 14:01:31.180,1.02095,1.0211,0.30,0.20
2008.03.12 14:01:31.464,1.02105,1.0211,0.30,0.20
2008.03.12 14:01:31.762,1.02105,1.0212,0.30,0.20
2008.03.12 14:01:32.084,1.02105,1.0212,0.30,0.40
2008.03.12 14:01:32.410,1.02105,1.0212,0.30,0.20
2008.03.12 14:01:32.732,1.02105,1.0212,0.30,0.20
2008.03.12 14:01:32.981,1.02105,1.0212,0.30,0.20
2008.03.12 14:01:33.210,1.02105,1.0212,4.20,0.20
2008.03.12 14:01:33.449,1.02115,1.0213,0.30,0.20
2008.03.12 14:01:33.688,1.0211,1.0213,0.30,0.20
2008.03.12 14:01:34.008,1.0211,1.0213,0.30,0.40
2008.03.12 14:01:34.327,1.0211,1.0213,0.30,0.20
2008.03.12 14:01:34.646,1.0211,1.0213,2.60,0.20
2008.03.12 14:01:34.885,1.0211,1.0213,2.60,0.20
2008.03.12 14:01:35.132,1.0211,1.0213,0.30,0.20
2008.03.12 14:01:35.370,1.0211,1.0213,0.30,0.20
2008.03.12 14:01:35.612,1.0211,1.0213,0.30,0.40
2008.03.12 14:01:35.945,1.0211,1.0213,0.30,0.40
2008.03.12 14:01:36.292,1.0211,1.0213,0.30,0.40
2008.03.12 14:01:36.638,1.0211,1.0213,0.30,0.40
2008.03.12 14:01:36.959,1.0211,1.0213,0.30,0.40
2008.03.12 14:01:37.193,1.0211,1.0213,0.30,0.40
2008.03.12 14:01:37.427,1.0211,1.0213,0.30,0.20
2008.03.12 14:01:37.661,1.02115,1.0213,0.30,0.40
2008.03.12 14:01:37.895,1.02115,1.0213,0.30,0.20
2008.03.12 14:01:38.210,1.02115,1.0213,0.30,0.20
2008.03.12 14:01:38.523,1.02115,1.0213,4.20,0.20
2008.03.12 14:01:38.838,1.02115,1.0213,4.20,0.20
2008.03.12 14:01:39.067,1.02115,1.0213,4.20,0.20
2008.03.12 14:01:39.296,1.02115,1.0213,4.20,0.20
2008.03.12 14:01:39.537,1.02115,1.0213,4.20,0.20
2008.03.12 14:01:39.765,1.02115,1.0213,4.20,0.20
2008.03.12 14:01:40.111,1.02115,1.0213,4.20,0.20
2008.03.12 14:01:40.434,1.02115,1.0213,4.20,0.20
2008.03.12 14:01:40.768,1.02115,1.0213,4.20,0.20
2008.03.12 14:01:41.037,1.02115,1.0213,0.30,0.20
2008.03.12 14:01:41.305,1.02115,1.0213,0.30,0.20
2008.03.12 14:01:41.575,1.02115,1.0213,0.30,0.20
2008.03.12 14:01:41.845,1.02115,1.0213,0.30,0.20
2008.03.12 14:01:42.124,1.02115,1.0213,0.30,0.20
2008.03.12 14:01:42.403,1.02115,1.0213,0.30,0.20
2008.03.12 14:01:42.682,1.02115,1.0213,0.30,0.20
2008.03.12 14:01:42.960,1.02115,1.0213,0.30,0.20
2008.03.12 14:01:43.209,1.02115,1.0213,0.30,0.20
2008.03.12 14:01:43.458,1.02115,1.0213,0.30,0.20
2008.03.12 14:01:43.708,1.02115,1.0213,0.30,0.20
2008.03.12 14:01:43.956,1.02115,1.0213,0.30,0.20
2008.03.12 14:01:44.240,1.02115,1.0213,0.30,0.20
2008.03.12 14:01:44.524,1.02115,1.0213,0.30,0.20
2008.03.12 14:01:44.819,1.02115,1.0213,0.30,0.20
2008.03.12 14:01:45.076,1.02115,1.0213,0.30,0.20
2008.03.12 14:01:45.345,1.02115,1.0213,0.30,0.20
2008.03.12 14:01:45.616,1.02115,1.0213,0.30,0.20
2008.03.12 14:01:45.885,1.02115,1.0213,0.30,0.20
2008.03.12 14:01:46.193,1.02115,1.0213,0.30,0.20
2008.03.12 14:01:46.504,1.02115,1.0213,0.30,0.20
2008.03.12 14:01:46.813,1.02115,1.0213,0.30,0.20
2008.03.12 14:01:47.122,1.02115,1.0213,0.30,0.20
2008.03.12 14:01:47.372,1.02115,1.0213,4.20,0.20
2008.03.12 14:01:47.621,1.02115,1.0213,4.20,0.20
2008.03.12 14:01:47.869,1.02115,1.0213,4.20,0.20
2008.03.12 14:01:48.163,1.02115,1.0213,4.20,0.20
2008.03.12 14:01:48.457,1.02115,1.0213,4.20,0.20
2008.03.12 14:01:48.751,1.02115,1.0213,4.20,0.20
2008.03.12 14:01:49.044,1.02115,1.0213,4.20,0.20
2008.03.12 14:01:49.307,1.02115,1.0213,4.20,0.20
2008.03.12 14:01:49.581,1.02115,1.0213,4.20,0.20
2008.03.12 14:01:49.836,1.02115,1.0213,4.20,0.20
2008.03.12 14:01:50.099,1.02115,1.0213,4.20,0.20
2008.03.12 14:01:50.379,1.02105,1.0212,4.20,0.20
2008.03.12 14:01:50.660,1.02105,1.0212,4.20,0.20
2008.03.12 14:01:50.938,1.02105,1.0212,4.20,0.20
2008.03.12 14:01:51.243,1.02105,1.0212,4.20,0.20
2008.03.12 14:01:51.546,1.02105,1.0212,4.20,0.20
2008.03.12 14:01:51.851,1.02105,1.0212,4.20,0.20
2008.03.12 14:01:52.155,1.02105,1.0212,4.20,0.20
2008.03.12 14:01:52.415,1.02105,1.0212,5.80,0.20
2008.03.12 14:01:52.675,1.02105,1.0212,4.20,0.20
2008.03.12 14:01:52.934,1.02105,1.0212,4.20,0.20
2008.03.12 14:01:53.212,1.02105,1.0212,4.20,0.20
2008.03.12 14:01:53.491,1.02105,1.0212,4.20,0.20
2008.03.12 14:01:53.771,1.02105,1.0212,4.20,0.20
2008.03.12 14:01:54.050,1.02105,1.0212,4.00,0.20
2008.03.12 14:01:54.339,1.021,1.0211,0.30,0.20
2008.03.12 14:01:54.630,1.021,1.0211,0.30,0.20
2008.03.12 14:01:54.919,1.02105,1.0211,0.30,0.20
2008.03.12 14:01:55.159,1.02105,1.0212,4.20,0.20
2008.03.12 14:01:55.399,1.02105,1.0211,0.30,0.20
2008.03.12 14:01:55.638,1.02105,1.0212,4.20,0.20
2008.03.12 14:01:55.877,1.02105,1.0212,4.20,0.20
2008.03.12 14:01:56.116,1.02105,1.0212,4.20,0.20
2008.03.12 14:01:56.450,1.02105,1.0212,4.20,0.20
2008.03.12 14:01:56.783,1.02105,1.0212,4.20,0.20
2008.03.12 14:01:57.119,1.02105,1.0212,4.20,0.20
2008.03.12 14:01:57.337,1.02105,1.0212,4.20,0.20
2008.03.12 14:01:57.557,1.02105,1.0212,4.20,0.20
2008.03.12 14:01:57.776,1.02105,1.0212,4.20,0.20
2008.03.12 14:01:57.995,1.02105,1.0212,4.20,0.20
2008.03.12 14:01:58.314,1.02105,1.0212,4.20,0.20
2008.03.12 14:01:58.633,1.02105,1.0212,4.20,0.20
2008.03.12 14:01:58.953,1.02105,1.0212,4.20,0.20
2008.03.12 14:01:59.273,1.02105,1.0212,4.20,0.20
2008.03.12 14:01:59.517,1.02105,1.0212,4.20,0.20
2008.03.12 14:01:59.763,1.02105,1.0212,4.20,0.20
2008.03.12 14:02:00.007,1.02105,1.0212,4.20,0.20
2008.03.12 14:02:00.298,1.02105,1.0212,4.20,0.20
2008.03.12 14:02:00.587,1.02105,1.0212,4.20,0.20
2008.03.12 14:02:00.874,1.02105,1.0212,4.20,0.20
2008.03.12 14:02:01.170,1.02105,1.0212,4.20,0.20
2008.03.12 14:02:01.472,1.02105,1.0212,4.20,0.20
2008.03.12 14:02:01.765,1.02105,1.0212,4.20,0.20
2008.03.12 14:02:02.066,1.02105,1.0212,4.20,0.20
2008.03.12 14:02:02.368,1.02105,1.0212,4.20,0.20
2008.03.12 14:02:02.655,1.02105,1.0212,4.20,0.20
2008.03.12 14:02:02.965,1.02105,1.0212,4.20,0.20
2008.03.12 14:02:03.276,1.02105,1.0212,4.20,0.20
2008.03.12 14:02:03.531,1.02105,1.0212,4.20,0.20
2008.03.12 14:02:03.775,1.02105,1.0212,4.20,0.20
2008.03.12 14:02:04.019,1.02105,1.0212,4.20,0.20
2008.03.12 14:02:04.262,1.02105,1.0212,4.20,0.20
2008.03.12 14:02:04.597,1.021,1.0212,0.30,0.40
2008.03.12 14:02:04.932,1.021,1.0211,0.30,0.20
2008.03.12 14:02:05.265,1.02095,1.0211,4.00,0.20
2008.03.12 14:02:05.496,1.0209,1.0211,0.30,0.20
2008.03.12 14:02:05.725,1.0209,1.0211,0.30,0.20
2008.03.12 14:02:05.955,1.0209,1.0211,0.30,1.30
2008.03.12 14:02:06.185,1.0208,1.021,0.30,0.20
2008.03.12 14:02:06.520,1.0208,1.021,0.30,0.20
2008.03.12 14:02:06.854,1.02075,1.021,0.30,0.70
2008.03.12 14:02:07.189,1.02075,1.02095,0.30,0.20
2008.03.12 14:02:07.439,1.02075,1.0209,0.30,0.20
2008.03.12 14:02:07.688,1.02075,1.0209,0.30,2.50
2008.03.12 14:02:07.939,1.0207,1.0209,3.90,2.50
2008.03.12 14:02:08.187,1.0207,1.0208,3.20,0.20
2008.03.12 14:02:08.507,1.0207,1.0208,0.50,0.20
2008.03.12 14:02:08.825,1.0207,1.0208,0.50,0.40
2008.03.12 14:02:09.144,1.0206,1.02065,0.30,0.20
2008.03.12 14:02:09.464,1.0205,1.0207,0.30,0.40
2008.03.12 14:02:09.722,1.0205,1.0207,0.30,0.40
2008.03.12 14:02:09.987,1.0205,1.0207,0.30,0.40
2008.03.12 14:02:10.259,1.0205,1.0207,0.30,0.40
2008.03.12 14:02:10.558,1.0205,1.0207,0.30,0.40
2008.03.12 14:02:10.850,1.0205,1.0207,2.60,0.40
2008.03.12 14:02:11.140,1.0205,1.0207,0.30,0.40
2008.03.12 14:02:11.428,1.0205,1.0207,0.30,0.40
2008.03.12 14:02:11.753,1.02055,1.0207,0.30,0.40
2008.03.12 14:02:12.080,1.02055,1.0207,4.20,0.40
2008.03.12 14:02:12.405,1.0207,1.02075,0.30,4.00
2008.03.12 14:02:12.645,1.02075,1.0209,0.30,0.20
2008.03.12 14:02:12.885,1.02075,1.0209,0.30,0.40
2008.03.12 14:02:13.125,1.02075,1.0209,4.20,0.40
2008.03.12 14:02:13.365,1.0208,1.021,0.30,0.40
2008.03.12 14:02:13.684,1.0208,1.02095,0.30,0.20
2008.03.12 14:02:14.003,1.0208,1.021,1.40,0.20
2008.03.12 14:02:14.322,1.0208,1.021,3.80,0.20
2008.03.12 14:02:14.556,1.02095,1.021,0.30,0.20
2008.03.12 14:02:14.794,1.021,1.0212,0.30,2.70
2008.03.12 14:02:15.028,1.021,1.0212,0.30,2.70
2008.03.12 14:02:15.262,1.02095,1.0212,4.20,0.40
2008.03.12 14:02:15.496,1.02095,1.0212,4.20,0.40
2008.03.12 14:02:15.831,1.02095,1.0211,4.20,0.20
2008.03.12 14:02:16.166,1.02105,1.0213,4.00,0.40
2008.03.12 14:02:16.502,1.02105,1.0213,4.00,0.40
2008.03.12 14:02:16.772,1.0211,1.0213,0.30,0.40
2008.03.12 14:02:17.041,1.0211,1.0213,0.30,0.20
2008.03.12 14:02:17.313,1.02115,1.0213,4.20,0.20
2008.03.12 14:02:17.592,1.02115,1.0213,4.00,0.40
2008.03.12 14:02:17.877,1.02105,1.0212,4.20,0.40
2008.03.12 14:02:18.156,1.02105,1.02115,4.00,0.20
2008.03.12 14:02:18.436,1.02095,1.02115,4.00,0.20
2008.03.12 14:02:18.747,1.02095,1.02105,4.00,0.20
2008.03.12 14:02:19.058,1.02085,1.021,4.20,0.20
2008.03.12 14:02:19.368,1.02085,1.021,4.20,0.20
2008.03.12 14:02:19.612,1.02095,1.0211,0.30,0.60
2008.03.12 14:02:19.857,1.02095,1.0211,0.30,0.50
2008.03.12 14:02:20.103,1.0209,1.021,0.30,0.20
2008.03.12 14:02:20.347,1.02075,1.02085,4.00,0.20
2008.03.12 14:02:20.652,1.02065,1.0208,4.20,0.20
2008.03.12 14:02:20.958,1.02075,1.0208,0.30,0.20
2008.03.12 14:02:21.262,1.0208,1.0209,0.30,0.20
2008.03.12 14:02:21.566,1.0208,1.021,0.30,0.40
2008.03.12 14:02:21.881,1.0208,1.021,0.30,0.20
2008.03.12 14:02:22.195,1.0208,1.021,0.30,0.40
2008.03.12 14:02:22.510,1.0208,1.021,0.30,0.40
2008.03.12 14:02:22.759,1.0208,1.021,0.30,0.20
2008.03.12 14:02:23.007,1.0208,1.021,0.30,0.20
2008.03.12 14:02:23.257,1.0208,1.021,5.00,0.20
2008.03.12 14:02:23.507,1.02095,1.02105,0.30,4.10
2008.03.12 14:02:23.812,1.02095,1.0211,4.20,0.40
2008.03.12 14:02:24.117,1.02095,1.0211,4.20,0.40
2008.03.12 14:02:24.422,1.02095,1.0211,4.20,0.20
2008.03.12 14:02:24.683,1.021,1.0211,0.30,0.20
2008.03.12 14:02:24.941,1.021,1.0211,0.30,0.20
2008.03.12 14:02:25.200,1.02095,1.0211,4.20,0.20
2008.03.12 14:02:25.461,1.02095,1.0211,4.20,0.20
2008.03.12 14:02:25.755,1.02095,1.0211,4.20,0.20
2008.03.12 14:02:26.050,1.02105,1.0212,4.20,0.20
2008.03.12 14:02:26.346,1.02105,1.0212,4.20,0.20
2008.03.12 14:02:26.640,1.021,1.0211,0.30,0.20
2008.03.12 14:02:26.949,1.021,1.0212,0.30,0.40
2008.03.12 14:02:27.259,1.021,1.02115,0.30,0.20
2008.03.12 14:02:27.568,1.021,1.02115,0.30,0.20
2008.03.12 14:02:27.823,1.021,1.02115,0.30,0.20
2008.03.12 14:02:28.076,1.021,1.02115,0.30,0.20
2008.03.12 14:02:28.342,1.021,1.0212,0.30,3.10
2008.03.12 14:02:28.597,1.02095,1.0212,4.20,3.10
2008.03.12 14:02:28.907,1.02095,1.0211,4.20,0.40
2008.03.12 14:02:29.216,1.02095,1.0211,4.20,0.40
2008.03.12 14:02:29.525,1.02095,1.0211,4.20,0.40
2008.03.12 14:02:29.779,1.02095,1.0211,4.20,0.40
2008.03.12 14:02:30.035,1.02095,1.0211,4.20,0.40
2008.03.12 14:02:30.290,1.02095,1.0211,4.20,0.40
2008.03.12 14:02:30.544,1.02085,1.02105,4.20,4.00
2008.03.12 14:02:30.867,1.02085,1.021,4.20,0.20
2008.03.12 14:02:31.191,1.02085,1.021,4.20,0.20
2008.03.12 14:02:31.515,1.02085,1.021,4.20,0.20
2008.03.12 14:02:31.765,1.02085,1.021,4.20,0.20
2008.03.12 14:02:32.027,1.02085,1.021,4.20,0.20
2008.03.12 14:02:32.264,1.02085,1.021,4.00,0.20
2008.03.12 14:02:32.515,1.0208,1.021,0.30,0.20
2008.03.12 14:02:32.828,1.02085,1.021,0.30,0.20
2008.03.12 14:02:33.147,1.02085,1.021,4.20,0.20
2008.03.12 14:02:33.472,1.02085,1.021,4.00,0.20
2008.03.12 14:02:33.801,1.0208,1.021,0.30,0.20
2008.03.12 14:02:34.067,1.02085,1.0211,0.30,0.40
2008.03.12 14:02:34.346,1.02085,1.02105,0.30,0.20
2008.03.12 14:02:34.625,1.0208,1.021,2.60,0.20
2008.03.12 14:02:34.889,1.0208,1.021,0.30,0.20
2008.03.12 14:02:35.153,1.0208,1.021,5.80,0.40
2008.03.12 14:02:35.417,1.02095,1.0211,4.20,0.40
2008.03.12 14:02:35.683,1.0208,1.021,0.30,0.20
2008.03.12 14:02:36.014,1.02085,1.021,0.30,0.20
2008.03.12 14:02:36.344,1.0208,1.0211,2.60,0.40
2008.03.12 14:02:36.676,1.0208,1.021,0.30,0.20
2008.03.12 14:02:36.903,1.0208,1.021,0.30,0.20
2008.03.12 14:02:37.133,1.0208,1.021,0.30,0.20
2008.03.12 14:02:37.365,1.02095,1.021,0.30,0.20
2008.03.12 14:02:37.595,1.02075,1.02085,4.00,0.30
2008.03.12 14:02:37.825,1.02065,1.02085,0.30,0.30
2008.03.12 14:02:38.159,1.0207,1.021,0.30,5.10
2008.03.12 14:02:38.495,1.0207,1.0209,2.60,0.20
2008.03.12 14:02:38.829,1.02075,1.0209,0.30,0.20
2008.03.12 14:02:39.062,1.02075,1.0209,4.20,0.20
2008.03.12 14:02:39.298,1.02075,1.0209,4.20,0.20
2008.03.12 14:02:39.531,1.02075,1.0209,4.20,0.20
2008.03.12 14:02:39.776,1.02075,1.0209,4.20,0.40
2008.03.12 14:02:40.116,1.02065,1.0208,4.20,0.20
2008.03.12 14:02:40.441,1.02075,1.0209,4.20,0.20
2008.03.12 14:02:40.769,1.02075,1.021,4.20,0.40
2008.03.12 14:02:41.026,1.0208,1.021,0.30,0.40
2008.03.12 14:02:41.285,1.0208,1.021,0.30,0.40
2008.03.12 14:02:41.544,1.0208,1.021,0.30,0.40
2008.03.12 14:02:41.817,1.0208,1.021,0.30,0.40
2008.03.12 14:02:42.120,1.02085,1.021,4.20,0.20
2008.03.12 14:02:42.426,1.0209,1.02105,0.30,0.20
2008.03.12 14:02:42.735,1.02095,1.0211,4.00,0.20
2008.03.12 14:02:42.993,1.02105,1.02115,0.30,0.20
2008.03.12 14:02:43.254,1.02105,1.0212,0.30,0.40
2008.03.12 14:02:43.523,1.02105,1.0212,0.30,0.20
2008.03.12 14:02:43.776,1.0211,1.02125,0.30,4.00
2008.03.12 14:02:44.073,1.02115,1.0213,0.30,0.20
2008.03.12 14:02:44.367,1.02115,1.0213,4.20,0.20
2008.03.12 14:02:44.661,1.02115,1.0213,4.20,0.20
2008.03.12 14:02:44.956,1.0212,1.0214,0.30,0.40
2008.03.12 14:02:45.263,1.02125,1.0214,0.30,0.20
2008.03.12 14:02:45.566,1.02125,1.0214,4.20,0.20
2008.03.12 14:02:45.871,1.02125,1.0214,4.20,0.20
2008.03.12 14:02:46.140,1.02125,1.0214,4.20,0.20
2008.03.12 14:02:46.412,1.0212,1.0214,0.30,0.40
2008.03.12 14:02:46.684,1.02115,1.0214,4.20,0.20
2008.03.12 14:02:46.954,1.0212,1.0214,0.30,0.20
2008.03.12 14:02:48.813,1.0212,1.02145,6.20,4.00
2008.03.12 14:02:48.878,1.02135,1.02145,4.00,0.20
2008.03.12 14:02:48.893,1.0212,1.02145,2.60,4.00
2008.03.12 14:02:48.955,1.02125,1.0215,4.00,2.70
2008.03.12 14:02:48.994,1.02125,1.0215,4.00,2.70
2008.03.12 14:02:49.024,1.02125,1.0215,4.00,2.70
2008.03.12 14:02:49.059,1.02125,1.0214,4.00,0.20
2008.03.12 14:02:49.105,1.0212,1.0214,0.80,0.20
2008.03.12 14:02:49.137,1.0212,1.0214,3.20,0.20
2008.03.12 14:02:49.182,1.0212,1.0214,3.20,0.20
2008.03.12 14:02:49.224,1.0212,1.0214,0.30,0.20
2008.03.12 14:02:49.267,1.02125,1.0214,0.30,0.20
2008.03.12 14:02:49.308,1.02125,1.0214,0.30,0.20
2008.03.12 14:02:49.341,1.02125,1.0214,0.30,0.20
2008.03.12 14:02:49.378,1.02125,1.0215,0.30,1.10
2008.03.12 14:02:49.413,1.02125,1.0215,0.30,0.20
2008.03.12 14:02:49.451,1.02125,1.0215,0.30,0.20
2008.03.12 14:02:49.505,1.02125,1.0215,0.30,0.20
2008.03.12 14:02:49.544,1.02125,1.0215,0.30,0.20
2008.03.12 14:02:49.591,1.02125,1.0215,0.30,0.20
2008.03.12 14:02:49.623,1.02125,1.0215,0.30,0.20
2008.03.12 14:02:49.667,1.02125,1.0215,0.30,0.20
2008.03.12 14:02:49.691,1.02125,1.0215,0.30,0.20
2008.03.12 14:02:49.727,1.02125,1.0215,0.30,0.20
2008.03.12 14:02:49.761,1.02125,1.0215,0.30,0.20
2008.03.12 14:02:49.797,1.02125,1.0215,0.30,0.20
2008.03.12 14:02:49.850,1.02125,1.0215,0.30,0.20
2008.03.12 14:02:50.186,1.0213,1.0215,0.30,0.20
2008.03.12 14:02:50.524,1.0213,1.0215,0.30,0.20
2008.03.12 14:02:50.870,1.0213,1.0215,0.30,0.20
2008.03.12 14:02:51.124,1.02125,1.0215,0.30,0.40
2008.03.12 14:02:51.377,1.02125,1.0215,0.30,0.20
2008.03.12 14:02:51.632,1.0213,1.0215,0.30,0.40
2008.03.12 14:02:51.887,1.0213,1.0215,0.30,0.20
2008.03.12 14:02:52.177,1.02125,1.0215,4.20,0.40
2008.03.12 14:02:52.476,1.0213,1.0215,0.30,0.40
2008.03.12 14:02:53.997,1.02135,1.02155,4.00,0.20
2008.03.12 14:02:54.289,1.02135,1.02155,4.00,0.20
2008.03.12 14:02:54.423,1.02135,1.02155,4.00,0.20
2008.03.12 14:02:54.539,1.02135,1.02155,4.00,0.20
2008.03.12 14:02:54.662,1.02135,1.02155,4.20,0.20
2008.03.12 14:02:54.788,1.02135,1.02155,4.20,0.20
2008.03.12 14:02:54.947,1.02135,1.02155,4.20,0.20
2008.03.12 14:02:55.088,1.02145,1.02155,4.00,0.20
2008.03.12 14:02:55.417,1.02145,1.0216,4.20,0.20
2008.03.12 14:02:55.740,1.02145,1.0217,4.20,0.80
2008.03.12 14:02:56.073,1.02145,1.02175,4.20,1.10
2008.03.12 14:02:56.333,1.02145,1.0217,4.20,0.20
2008.03.12 14:02:56.592,1.0215,1.0217,0.30,0.20
2008.03.12 14:02:56.853,1.0215,1.0217,0.30,0.20
2008.03.12 14:02:57.119,1.0215,1.0217,0.30,0.20
2008.03.12 14:02:57.427,1.02155,1.0217,4.00,0.20
2008.03.12 14:02:57.730,1.0215,1.0217,0.30,0.20
2008.03.12 14:02:58.015,1.0215,1.0217,0.30,0.40
2008.03.12 14:02:58.308,1.02155,1.02175,4.00,0.20
2008.03.12 14:02:58.574,1.02155,1.02175,4.00,0.20
2008.03.12 14:02:58.839,1.02155,1.02175,4.00,0.20
2008.03.12 14:02:59.103,1.02155,1.0218,4.00,1.10
2008.03.12 14:02:59.367,1.02155,1.0218,4.00,1.00
2008.03.12 14:02:59.667,1.02155,1.0218,4.00,1.20
2008.03.12 14:02:59.968,1.02155,1.0218,4.00,1.20
2008.03.12 14:03:00.268,1.02155,1.02175,4.20,0.20
2008.03.12 14:03:00.520,1.02155,1.02175,4.20,0.20
2008.03.12 14:03:00.748,1.02155,1.02175,4.20,0.20
2008.03.12 14:03:00.985,1.02155,1.02175,4.20,0.20
2008.03.12 14:03:01.224,1.02155,1.02175,4.20,0.20
2008.03.12 14:03:01.557,1.02155,1.02175,4.20,0.20
2008.03.12 14:03:01.894,1.0215,1.0217,0.30,0.20
2008.03.12 14:03:02.227,1.0215,1.02175,0.30,0.20
2008.03.12 14:03:02.468,1.0215,1.02175,0.30,0.20
2008.03.12 14:03:02.697,1.0215,1.02175,0.30,0.20
2008.03.12 14:03:02.925,1.0215,1.02175,0.30,0.20
2008.03.12 14:03:03.155,1.0215,1.02175,0.30,0.20
2008.03.12 14:03:03.385,1.0215,1.02175,0.30,0.20
2008.03.12 14:03:03.719,1.0215,1.02175,0.30,0.20
2008.03.12 14:03:04.053,1.0215,1.02175,0.30,0.20
2008.03.12 14:03:04.394,1.0215,1.02175,0.30,0.20
2008.03.12 14:03:04.608,1.0215,1.02175,0.30,0.20
2008.03.12 14:03:04.823,1.02155,1.02175,0.30,0.20
2008.03.12 14:03:05.037,1.02155,1.02175,0.30,0.20
2008.03.12 14:03:05.251,1.02155,1.02175,4.20,0.20
2008.03.12 14:03:05.467,1.02155,1.0217,4.00,0.20
2008.03.12 14:03:05.802,1.02155,1.02165,0.30,1.10
2008.03.12 14:03:06.139,1.0215,1.0217,1.40,0.20
2008.03.12 14:03:06.472,1.02155,1.0218,0.30,0.20
2008.03.12 14:03:06.743,1.02155,1.0218,0.30,0.20
2008.03.12 14:03:07.013,1.02155,1.02175,0.30,0.20
2008.03.12 14:03:07.291,1.0215,1.0217,0.30,0.20
2008.03.12 14:03:07.571,1.0215,1.0217,0.30,0.20
2008.03.12 14:03:07.892,1.02145,1.0217,4.20,0.20
2008.03.12 14:03:08.191,1.02145,1.0217,4.20,0.20
2008.03.12 14:03:08.500,1.0215,1.0216,0.30,0.20
2008.03.12 14:03:08.740,1.02145,1.0216,4.20,0.20
2008.03.12 14:03:08.979,1.02145,1.0216,4.20,0.20
2008.03.12 14:03:09.218,1.02145,1.0216,4.20,0.20
2008.03.12 14:03:09.456,1.02145,1.0216,4.20,0.20
2008.03.12 14:03:09.708,1.02145,1.0216,4.20,0.20
2008.03.12 14:03:10.053,1.02135,1.0216,4.20,0.40
2008.03.12 14:03:10.389,1.02135,1.0216,4.20,0.40
2008.03.12 14:03:10.728,1.02135,1.02155,4.20,0.20
2008.03.12 14:03:10.972,1.0213,1.0215,8.20,0.20
2008.03.12 14:03:11.217,1.0213,1.0215,0.30,0.40
2008.03.12 14:03:11.461,1.0213,1.0215,2.60,0.20
2008.03.12 14:03:11.719,1.02135,1.0215,0.30,0.20
2008.03.12 14:03:12.041,1.02135,1.0215,4.20,0.20
2008.03.12 14:03:12.374,1.02135,1.0215,4.20,0.20
2008.03.12 14:03:12.712,1.02135,1.0215,4.20,0.20
2008.03.12 14:03:12.946,1.02135,1.0215,4.20,0.20
2008.03.12 14:03:13.181,1.02135,1.0215,4.20,0.20
2008.03.12 14:03:13.415,1.02135,1.0215,4.20,0.20
2008.03.12 14:03:13.649,1.02135,1.0215,4.20,0.20
2008.03.12 14:03:13.961,1.02135,1.0215,4.20,0.20
2008.03.12 14:03:14.271,1.02135,1.0215,4.20,0.20
2008.03.12 14:03:14.583,1.0213,1.0215,2.60,0.20
2008.03.12 14:03:14.833,1.0213,1.0215,2.60,0.40
2008.03.12 14:03:15.095,1.0213,1.0214,2.40,0.20
2008.03.12 14:03:15.357,1.0213,1.0214,2.40,0.20
2008.03.12 14:03:15.616,1.0213,1.0214,2.40,0.20
2008.03.12 14:03:15.955,1.0213,1.0214,2.40,0.20
2008.03.12 14:03:16.292,1.02125,1.0215,0.30,0.40
2008.03.12 14:03:16.628,1.0213,1.0215,0.30,0.40
2008.03.12 14:03:16.881,1.0213,1.0215,0.30,0.40
2008.03.12 14:03:17.136,1.0213,1.0215,0.30,0.40
2008.03.12 14:03:17.359,1.0213,1.0215,0.30,0.20
2008.03.12 14:03:17.597,1.0213,1.0215,0.30,0.20
2008.03.12 14:03:17.932,1.0213,1.0215,0.30,0.20
2008.03.12 14:03:18.267,1.0213,1.0215,0.30,0.20
2008.03.12 14:03:18.601,1.02135,1.0215,0.30,0.20
2008.03.12 14:03:18.840,1.02135,1.0215,0.30,0.20
2008.03.12 14:03:19.081,1.02135,1.0215,4.20,0.20
2008.03.12 14:03:19.332,1.02135,1.0215,4.20,0.20
2008.03.12 14:03:19.569,1.02135,1.0215,4.20,0.20
2008.03.12 14:03:19.807,1.02135,1.0215,4.20,0.20
2008.03.12 14:03:20.141,1.02125,1.0214,4.20,0.20
2008.03.12 14:03:20.477,1.02125,1.0214,4.20,0.20
2008.03.12 14:03:20.811,1.02125,1.0214,4.20,0.20
2008.03.12 14:03:21.077,1.0213,1.0215,0.30,0.20
2008.03.12 14:03:21.340,1.0213,1.0215,0.30,0.20
2008.03.12 14:03:21.603,1.0213,1.0215,0.30,0.20
2008.03.12 14:03:21.887,1.0213,1.0215,0.30,0.20
2008.03.12 14:03:22.172,1.0213,1.0215,0.30,0.20
2008.03.12 14:03:22.455,1.0213,1.0215,0.30,0.20
2008.03.12 14:03:22.738,1.0213,1.0215,0.30,0.20
2008.03.12 14:03:23.002,1.0213,1.0215,0.30,0.20
2008.03.12 14:03:23.264,1.0213,1.0215,0.30,0.20
2008.03.12 14:03:23.528,1.0213,1.0215,0.30,0.40
2008.03.12 14:03:23.791,1.02125,1.0215,4.20,0.40
2008.03.12 14:03:24.090,1.02125,1.0215,4.20,0.40
2008.03.12 14:03:24.388,1.02125,1.0215,4.20,0.70
2008.03.12 14:03:24.687,1.02125,1.0215,4.20,0.70
2008.03.12 14:03:24.956,1.02125,1.0215,4.20,0.40
2008.03.12 14:03:25.225,1.02125,1.0215,4.20,0.40
2008.03.12 14:03:25.493,1.02125,1.0215,4.20,0.40
2008.03.12 14:03:25.763,1.0213,1.0215,0.30,0.40
2008.03.12 14:03:26.062,1.02125,1.0215,4.20,0.20
2008.03.12 14:03:26.361,1.02125,1.0215,4.20,0.70
2008.03.12 14:03:26.661,1.02125,1.0214,4.00,0.20
2008.03.12 14:03:26.928,1.02125,1.0214,4.20,0.20
2008.03.12 14:03:27.203,1.02125,1.0215,4.20,2.50
2008.03.12 14:03:27.467,1.02125,1.02145,4.20,0.20
2008.03.12 14:03:27.733,1.02125,1.02145,4.20,0.20
2008.03.12 14:03:28.017,1.02125,1.02145,4.20,0.20
2008.03.12 14:03:28.301,1.02125,1.02145,4.20,0.20
2008.03.12 14:03:28.584,1.02125,1.02145,4.20,0.20
2008.03.12 14:03:28.866,1.02125,1.0215,4.20,4.90
2008.03.12 14:03:29.146,1.02125,1.0215,4.20,2.50
2008.03.12 14:03:29.426,1.02125,1.0214,4.00,0.20
2008.03.12 14:03:29.705,1.0212,1.0214,4.20,0.20
2008.03.12 14:03:29.987,1.02125,1.0214,4.20,0.20
2008.03.12 14:03:30.308,1.02125,1.0214,0.30,0.20
2008.03.12 14:03:30.629,1.02125,1.0214,4.20,0.20
2008.03.12 14:03:30.949,1.02125,1.0214,4.20,0.20
2008.03.12 14:03:31.214,1.02125,1.0214,4.20,0.20
2008.03.12 14:03:31.455,1.02125,1.0214,4.20,0.20
2008.03.12 14:03:31.709,1.0213,1.0214,0.30,0.20
2008.03.12 14:03:31.964,1.02125,1.0214,4.20,0.20
2008.03.12 14:03:32.258,1.0213,1.02145,0.30,4.00
2008.03.12 14:03:32.552,1.0213,1.0215,0.30,0.40
2008.03.12 14:03:32.848,1.02125,1.0214,4.20,0.20
2008.03.12 14:03:33.143,1.02125,1.0214,4.20,0.20
2008.03.12 14:03:33.392,1.02125,1.0214,4.20,0.20
2008.03.12 14:03:33.642,1.02125,1.0214,4.20,0.20
2008.03.12 14:03:33.905,1.02125,1.0214,4.20,0.20
2008.03.12 14:03:34.216,1.02125,1.0214,4.20,0.20
2008.03.12 14:03:34.503,1.02125,1.0214,4.20,0.20
2008.03.12 14:03:34.805,1.02125,1.0214,4.20,0.20
2008.03.12 14:03:35.103,1.02125,1.0214,4.20,0.20
2008.03.12 14:03:35.397,1.02125,1.0214,4.20,0.20
2008.03.12 14:03:35.690,1.02125,1.0214,4.20,0.20
2008.03.12 14:03:35.983,1.02125,1.0214,4.20,0.20
2008.03.12 14:03:36.247,1.02125,1.0214,4.20,0.20
2008.03.12 14:03:36.511,1.02125,1.0214,4.20,0.20
2008.03.12 14:03:36.783,1.02125,1.0214,4.20,0.20
2008.03.12 14:03:37.057,1.02125,1.0214,4.20,0.20
2008.03.12 14:03:37.366,1.02125,1.0214,4.20,0.20
2008.03.12 14:03:37.675,1.02125,1.0214,4.20,0.20
2008.03.12 14:03:37.984,1.02125,1.0214,4.20,0.20
2008.03.12 14:03:38.238,1.02125,1.0214,4.00,0.20
2008.03.12 14:03:38.493,1.0212,1.0214,0.30,0.20
2008.03.12 14:03:38.746,1.0212,1.0214,0.30,0.20
2008.03.12 14:03:39.002,1.0212,1.0214,0.30,0.20
2008.03.12 14:03:39.295,1.0212,1.0214,0.30,0.20
2008.03.12 14:03:39.590,1.0212,1.0214,0.30,0.40
2008.03.12 14:03:39.870,1.0212,1.0214,0.30,0.20
2008.03.12 14:03:40.148,1.0212,1.0214,0.30,0.20
2008.03.12 14:03:40.432,1.0212,1.0214,0.30,0.40
2008.03.12 14:03:40.716,1.0212,1.0214,0.30,0.40
2008.03.12 14:03:41.004,1.02115,1.0214,5.00,0.40
2008.03.12 14:03:41.288,1.0212,1.0214,0.30,0.20
2008.03.12 14:03:41.612,1.0212,1.0214,0.30,0.20
2008.03.12 14:03:41.936,1.0212,1.0214,0.30,0.20
2008.03.12 14:03:42.260,1.0212,1.0214,0.30,0.40
2008.03.12 14:03:42.482,1.0212,1.0214,0.30,0.40
2008.03.12 14:03:42.690,1.0212,1.0214,0.30,0.40
2008.03.12 14:03:42.901,1.0212,1.0214,0.30,0.40
2008.03.12 14:03:43.111,1.02125,1.0214,4.20,0.40
2008.03.12 14:03:43.335,1.0212,1.0214,0.30,0.40
2008.03.12 14:03:43.664,1.0212,1.0214,0.30,0.40
2008.03.12 14:03:44.006,1.0212,1.0214,0.30,0.40
2008.03.12 14:03:44.336,1.0212,1.0214,0.30,0.40
2008.03.12 14:03:44.545,1.0212,1.0214,0.30,0.40
2008.03.12 14:03:44.756,1.0212,1.0214,0.30,0.40
2008.03.12 14:03:44.964,1.0212,1.0214,0.30,0.40
2008.03.12 14:03:45.184,1.0212,1.0214,0.30,0.40
2008.03.12 14:03:45.383,1.0212,1.0214,0.30,0.40
2008.03.12 14:03:45.717,1.0212,1.0214,0.30,2.70
2008.03.12 14:03:46.052,1.0212,1.0214,0.30,2.70
2008.03.12 14:03:46.387,1.02115,1.0213,4.20,0.20
2008.03.12 14:03:46.641,1.02115,1.0213,4.20,0.20
2008.03.12 14:03:46.895,1.02115,1.0213,4.20,0.20
2008.03.12 14:03:47.149,1.02115,1.0213,4.20,0.20
2008.03.12 14:03:47.403,1.02115,1.0213,4.20,0.20
2008.03.12 14:03:47.684,1.02115,1.0213,4.20,0.20
2008.03.12 14:03:47.962,1.02115,1.0213,4.20,0.20
2008.03.12 14:03:48.241,1.02115,1.0213,4.20,0.20
2008.03.12 14:03:48.520,1.02115,1.0213,4.20,0.20
2008.03.12 14:03:48.789,1.02115,1.0213,4.20,0.20
2008.03.12 14:03:49.058,1.02115,1.0213,4.20,0.20
2008.03.12 14:03:49.334,1.02115,1.0213,4.20,0.20
2008.03.12 14:03:49.604,1.02115,1.0213,4.20,0.20
2008.03.12 14:03:49.898,1.02115,1.0213,4.20,0.20
2008.03.12 14:03:50.191,1.02115,1.0213,4.20,0.20
2008.03.12 14:03:50.486,1.02115,1.0213,4.20,0.20
2008.03.12 14:03:50.714,1.02115,1.0213,4.20,0.20
2008.03.12 14:03:50.954,1.02115,1.0213,4.20,0.20
2008.03.12 14:03:51.183,1.02115,1.0213,4.20,0.20
2008.03.12 14:03:51.411,1.02115,1.0213,4.20,0.20
2008.03.12 14:03:51.640,1.02115,1.0213,4.20,0.20
2008.03.12 14:03:51.974,1.02115,1.0213,4.20,0.20
2008.03.12 14:03:52.317,1.02115,1.0213,4.20,0.20
2008.03.12 14:03:52.651,1.02115,1.0213,4.20,0.20
2008.03.12 14:03:52.874,1.02115,1.0213,4.20,0.20
2008.03.12 14:03:53.098,1.02115,1.0213,4.20,0.20
2008.03.12 14:03:53.321,1.02115,1.0213,4.20,0.20
2008.03.12 14:03:53.546,1.02115,1.0213,4.20,0.20
2008.03.12 14:03:53.870,1.02115,1.0213,4.20,0.20
2008.03.12 14:03:54.195,1.02115,1.0213,4.20,0.20
2008.03.12 14:03:54.533,1.02115,1.0213,4.20,0.20
2008.03.12 14:03:54.747,1.02115,1.0213,4.20,0.20
2008.03.12 14:03:54.976,1.02115,1.0213,4.20,0.20
2008.03.12 14:03:55.204,1.02115,1.0213,4.20,0.20
2008.03.12 14:03:55.434,1.02115,1.0213,4.20,0.20
2008.03.12 14:03:55.661,1.02115,1.0213,4.20,0.20
2008.03.12 14:03:55.994,1.02115,1.0213,4.20,0.20
2008.03.12 14:03:56.329,1.02115,1.0213,4.20,0.20
2008.03.12 14:03:56.664,1.0212,1.0213,0.30,0.20
2008.03.12 14:03:56.933,1.0212,1.0214,0.30,0.20
2008.03.12 14:03:57.202,1.02115,1.0214,4.20,0.20
2008.03.12 14:03:57.469,1.02115,1.0214,4.20,0.20
2008.03.12 14:03:57.739,1.0212,1.0214,0.30,0.40
2008.03.12 14:03:58.019,1.0212,1.0214,0.30,0.40
2008.03.12 14:03:58.288,1.0212,1.0214,0.30,0.40
2008.03.12 14:03:58.558,1.0212,1.0214,0.30,0.40
2008.03.12 14:03:58.815,1.0212,1.0214,0.30,0.40
2008.03.12 14:03:59.073,1.0212,1.0214,0.30,0.40
2008.03.12 14:03:59.332,1.0212,1.0214,0.30,0.40
2008.03.12 14:03:59.591,1.0212,1.0214,0.30,0.40
2008.03.12 14:03:59.900,1.0212,1.0214,0.30,0.40
2008.03.12 14:04:00.208,1.0212,1.0214,0.30,0.40
2008.03.12 14:04:00.516,1.0212,1.0214,0.30,0.40
2008.03.12 14:04:00.827,1.02125,1.0214,0.30,0.20
2008.03.12 14:04:01.112,1.02125,1.0214,0.30,0.20
2008.03.12 14:04:01.396,1.02125,1.0214,4.20,0.20
2008.03.12 14:04:01.680,1.02125,1.0214,4.20,0.20
2008.03.12 14:04:01.961,1.02125,1.0214,4.20,0.20
2008.03.12 14:04:02.240,1.0213,1.0214,0.30,0.20
2008.03.12 14:04:02.521,1.0213,1.0215,0.30,0.20
2008.03.12 14:04:02.799,1.0214,1.0216,0.30,2.50
2008.03.12 14:04:03.090,1.0214,1.0216,0.30,0.20
2008.03.12 14:04:03.379,1.0214,1.0216,0.30,0.20
2008.03.12 14:04:03.668,1.0214,1.0216,0.30,0.20
2008.03.12 14:04:03.957,1.02145,1.0217,0.30,0.20
2008.03.12 14:04:04.258,1.02145,1.0217,0.30,0.40
2008.03.12 14:04:04.557,1.02145,1.0217,0.30,0.40
2008.03.12 14:04:04.858,1.0215,1.0217,0.30,0.20
2008.03.12 14:04:05.112,1.0215,1.0217,0.30,0.20
2008.03.12 14:04:05.367,1.0215,1.0217,0.30,0.20
2008.03.12 14:04:05.622,1.0215,1.0217,0.30,0.20
2008.03.12 14:04:05.875,1.0215,1.0217,0.30,0.20
2008.03.12 14:04:06.185,1.02145,1.0217,4.20,0.20
2008.03.12 14:04:06.495,1.0215,1.0217,0.30,0.20
2008.03.12 14:04:06.804,1.0215,1.0217,0.30,0.40
2008.03.12 14:04:07.113,1.0215,1.0217,0.30,0.40
2008.03.12 14:04:07.421,1.0215,1.0217,0.30,0.20
2008.03.12 14:04:07.729,1.0215,1.0217,0.30,0.20
2008.03.12 14:04:08.016,1.0215,1.0217,0.30,0.20
2008.03.12 14:04:08.274,1.0215,1.0217,0.30,0.20
2008.03.12 14:04:08.531,1.0215,1.0217,0.30,0.20
2008.03.12 14:04:08.792,1.0215,1.0217,0.30,0.20
2008.03.12 14:04:09.050,1.0215,1.0217,0.30,0.20
2008.03.12 14:04:09.345,1.0215,1.0217,0.30,0.20
2008.03.12 14:04:09.639,1.0215,1.0217,0.30,0.20
2008.03.12 14:04:09.933,1.0215,1.0217,0.30,0.40
2008.03.12 14:04:10.186,1.0215,1.0217,0.30,0.40
2008.03.12 14:04:10.441,1.0215,1.0217,0.30,0.40
2008.03.12 14:04:10.695,1.0215,1.0217,0.30,0.40
2008.03.12 14:04:10.976,1.0215,1.0217,0.30,0.40
2008.03.12 14:04:11.239,1.0215,1.0217,0.30,0.40
2008.03.12 14:04:11.528,1.0215,1.0217,0.30,0.40
2008.03.12 14:04:11.816,1.0215,1.0217,0.30,0.40
2008.03.12 14:04:12.106,1.0215,1.02165,0.30,0.20
2008.03.12 14:04:12.425,1.0215,1.02165,0.30,0.20
2008.03.12 14:04:12.745,1.02145,1.02165,4.00,0.20
2008.03.12 14:04:13.065,1.02135,1.0216,4.20,0.50
2008.03.12 14:04:13.312,1.02135,1.0215,4.20,0.20
2008.03.12 14:04:13.556,1.02135,1.0215,4.20,0.20
2008.03.12 14:04:13.800,1.02135,1.0215,4.20,0.20
2008.03.12 14:04:14.045,1.02135,1.0215,4.20,0.20
2008.03.12 14:04:14.354,1.02135,1.0215,4.20,0.20
2008.03.12 14:04:14.664,1.02135,1.0215,4.20,0.20
2008.03.12 14:04:14.973,1.02135,1.0215,4.20,0.20
2008.03.12 14:04:15.282,1.02135,1.0215,4.20,0.20
2008.03.12 14:04:15.566,1.02135,1.0215,4.20,0.20
2008.03.12 14:04:15.850,1.02135,1.0215,4.20,0.20
2008.03.12 14:04:16.135,1.02135,1.0215,4.20,0.20
2008.03.12 14:04:16.404,1.02135,1.0215,4.20,0.20
2008.03.12 14:04:16.674,1.02135,1.0215,4.20,0.20
2008.03.12 14:04:16.950,1.02135,1.0215,4.20,0.20
2008.03.12 14:04:17.222,1.02135,1.0215,4.20,0.20
2008.03.12 14:04:17.531,1.0213,1.0215,0.30,0.40
2008.03.12 14:04:17.839,1.0213,1.0215,0.30,0.20
2008.03.12 14:04:18.149,1.0213,1.0214,0.30,0.20
2008.03.12 14:04:18.441,1.0213,1.0214,0.30,0.20
2008.03.12 14:04:18.734,1.02125,1.0214,4.20,0.20
2008.03.12 14:04:19.023,1.02125,1.0214,4.20,0.20
2008.03.12 14:04:19.301,1.02125,1.0214,4.20,0.20
2008.03.12 14:04:19.602,1.02125,1.0214,4.20,0.20
2008.03.12 14:04:19.900,1.02125,1.0214,4.20,0.20
2008.03.12 14:04:20.198,1.02125,1.0214,4.20,0.20
2008.03.12 14:04:20.447,1.02125,1.0214,4.20,0.20
2008.03.12 14:04:20.697,1.02125,1.0214,4.20,0.20
2008.03.12 14:04:20.946,1.02125,1.0214,4.20,0.20
2008.03.12 14:04:21.199,1.02125,1.0214,4.20,0.20
2008.03.12 14:04:21.509,1.02125,1.0214,4.20,0.20
2008.03.12 14:04:21.808,1.02125,1.0214,4.20,0.20
2008.03.12 14:04:22.106,1.02125,1.0214,4.20,0.20
2008.03.12 14:04:22.389,1.02125,1.0214,4.20,0.20
2008.03.12 14:04:22.674,1.02125,1.0214,4.20,0.20
2008.03.12 14:04:22.956,1.02125,1.0214,4.20,0.20
2008.03.12 14:04:23.241,1.02125,1.0214,4.20,0.20
2008.03.12 14:04:23.529,1.02125,1.0214,4.20,0.20
2008.03.12 14:04:23.818,1.02125,1.0214,4.20,0.20
2008.03.12 14:04:24.106,1.02125,1.0214,4.20,0.20
2008.03.12 14:04:24.399,1.02125,1.0214,4.20,0.20
2008.03.12 14:04:24.675,1.02125,1.0214,4.20,0.20
2008.03.12 14:04:24.948,1.02125,1.0214,4.20,0.20
2008.03.12 14:04:25.222,1.02125,1.0214,4.20,0.20
2008.03.12 14:04:25.485,1.02125,1.0214,4.20,0.20
2008.03.12 14:04:25.748,1.02125,1.0214,4.20,0.20
2008.03.12 14:04:26.013,1.02125,1.0214,4.20,0.20
2008.03.12 14:04:26.277,1.02125,1.0214,4.20,0.20
2008.03.12 14:04:26.583,1.02125,1.0214,4.20,0.20
2008.03.12 14:04:26.889,1.02125,1.0214,4.20,0.20
2008.03.12 14:04:27.201,1.0213,1.0214,0.30,0.20
2008.03.12 14:04:27.472,1.0213,1.0215,0.30,0.20
2008.03.12 14:04:27.730,1.0213,1.0215,0.30,0.20
2008.03.12 14:04:27.990,1.0213,1.0215,0.30,0.40
2008.03.12 14:04:28.250,1.0213,1.0215,0.30,0.40
2008.03.12 14:04:28.549,1.0213,1.0215,0.30,0.40
2008.03.12 14:04:28.848,1.0213,1.0215,0.30,0.40
2008.03.12 14:04:29.146,1.0213,1.0215,0.30,0.40
2008.03.12 14:04:29.446,1.0213,1.0215,0.30,0.40
2008.03.12 14:04:29.743,1.0213,1.0215,0.30,0.20
2008.03.12 14:04:30.028,1.0213,1.0215,0.30,0.20
2008.03.12 14:04:30.313,1.0213,1.0215,0.30,0.20
2008.03.12 14:04:30.556,1.0213,1.0215,0.30,0.20
2008.03.12 14:04:30.757,1.0213,1.0215,0.30,0.20
2008.03.12 14:04:30.800,1.0213,1.0215,0.30,0.40
2008.03.12 14:04:31.043,1.0213,1.0215,0.30,0.40
2008.03.12 14:04:31.288,1.0213,1.0215,0.30,0.40
2008.03.12 14:04:31.612,1.0213,1.0215,0.30,0.40
2008.03.12 14:04:31.948,1.0213,1.0215,0.30,0.20
2008.03.12 14:04:32.283,1.0213,1.0215,0.30,0.40
2008.03.12 14:04:32.542,1.0213,1.0215,0.30,0.40
2008.03.12 14:04:32.804,1.0213,1.0215,0.30,1.30
2008.03.12 14:04:33.073,1.0213,1.0215,0.30,0.40
2008.03.12 14:04:33.321,1.0213,1.0215,0.30,0.40
2008.03.12 14:04:33.640,1.0213,1.0215,0.30,0.40
2008.03.12 14:04:33.960,1.0213,1.0215,0.30,0.40
2008.03.12 14:04:34.280,1.0213,1.0215,0.30,0.40
2008.03.12 14:04:34.599,1.0213,1.0215,0.30,0.40
2008.03.12 14:04:34.843,1.0213,1.0215,0.30,0.40
2008.03.12 14:04:35.087,1.0213,1.0215,0.30,0.40
2008.03.12 14:04:35.331,1.0213,1.0215,0.30,0.40
2008.03.12 14:04:35.640,1.0213,1.0215,0.30,0.40
2008.03.12 14:04:35.950,1.0213,1.0215,0.30,0.40
2008.03.12 14:04:36.258,1.0213,1.0215,0.30,0.40
2008.03.12 14:04:36.579,1.0213,1.0215,0.30,0.20
2008.03.12 14:04:36.855,1.0213,1.0215,0.30,0.40
2008.03.12 14:04:37.130,1.02125,1.0215,4.20,0.40
2008.03.12 14:04:37.404,1.02125,1.0214,4.20,0.20
2008.03.12 14:04:37.664,1.02125,1.0214,4.20,0.20
2008.03.12 14:04:37.923,1.02125,1.0214,4.00,0.20
2008.03.12 14:04:38.183,1.0212,1.0213,1.80,0.20
2008.03.12 14:04:38.443,1.0212,1.0214,0.30,0.20
2008.03.12 14:04:38.772,1.0212,1.0214,0.30,0.40
2008.03.12 14:04:39.101,1.02115,1.0214,4.20,0.40
2008.03.12 14:04:39.431,1.0212,1.0214,0.30,0.40
2008.03.12 14:04:39.672,1.02115,1.0214,4.20,0.40
2008.03.12 14:04:39.912,1.0212,1.0214,0.30,0.20
2008.03.12 14:04:40.151,1.02125,1.0214,0.30,0.20
2008.03.12 14:04:40.403,1.02125,1.0215,0.30,0.40
2008.03.12 14:04:40.644,1.02125,1.0215,0.30,0.20
2008.03.12 14:04:40.982,1.02125,1.0215,0.30,0.20
2008.03.12 14:04:41.314,1.02125,1.0215,0.30,0.40
2008.03.12 14:04:41.648,1.02125,1.0215,0.30,0.40
2008.03.12 14:04:41.887,1.02125,1.0215,0.30,0.40
2008.03.12 14:04:42.126,1.02125,1.0215,0.30,0.40
2008.03.12 14:04:42.366,1.02125,1.0215,0.30,0.40
2008.03.12 14:04:42.605,1.02125,1.0215,0.30,0.40
2008.03.12 14:04:42.940,1.02125,1.0215,0.30,0.40
2008.03.12 14:04:43.273,1.02125,1.0215,0.30,0.40
2008.03.12 14:04:43.607,1.02125,1.0215,0.30,0.40
2008.03.12 14:04:43.861,1.02125,1.0215,0.30,0.40
2008.03.12 14:04:44.116,1.02125,1.0215,0.30,0.40
2008.03.12 14:04:44.370,1.02125,1.0215,0.30,0.40
2008.03.12 14:04:44.625,1.02125,1.0215,0.30,0.40
2008.03.12 14:04:44.941,1.02125,1.0215,0.30,0.40
2008.03.12 14:04:45.244,1.02125,1.0215,0.30,0.40
2008.03.12 14:04:45.549,1.02125,1.0215,0.30,0.40
2008.03.12 14:04:45.797,1.02125,1.0215,0.30,0.40
2008.03.12 14:04:46.045,1.02125,1.0215,0.30,0.40
2008.03.12 14:04:46.293,1.02125,1.0215,0.30,0.40
2008.03.12 14:04:46.544,1.02125,1.0215,0.30,0.40
2008.03.12 14:04:46.852,1.02125,1.0215,0.30,0.40
2008.03.12 14:04:47.151,1.02125,1.0215,0.30,0.40
2008.03.12 14:04:47.450,1.02125,1.0215,0.30,0.40
2008.03.12 14:04:47.748,1.02125,1.0215,0.30,0.40
2008.03.12 14:04:48.016,1.02125,1.0215,0.30,0.40
2008.03.12 14:04:48.291,1.02125,1.0215,0.30,0.40
2008.03.12 14:04:48.560,1.02125,1.0215,0.30,0.40
2008.03.12 14:04:48.849,1.02125,1.0215,0.30,0.40
2008.03.12 14:04:49.141,1.02125,1.0215,0.30,0.40
2008.03.12 14:04:49.430,1.02125,1.0215,0.30,0.40
2008.03.12 14:04:49.718,1.02125,1.0215,0.30,0.40
2008.03.12 14:04:49.982,1.02125,1.0215,0.30,0.40
2008.03.12 14:04:50.246,1.02125,1.0215,0.30,0.40
2008.03.12 14:04:50.511,1.02125,1.0215,0.30,0.40
2008.03.12 14:04:50.777,1.02125,1.0215,0.30,0.40
2008.03.12 14:04:51.062,1.02125,1.0215,0.30,0.40
2008.03.12 14:04:51.347,1.02125,1.0215,0.30,0.40
2008.03.12 14:04:51.631,1.02125,1.0215,0.30,0.40
2008.03.12 14:04:51.864,1.02125,1.0215,0.30,0.40
2008.03.12 14:04:52.098,1.02125,1.0215,0.30,0.40
2008.03.12 14:04:52.332,1.02125,1.0215,0.30,0.40
2008.03.12 14:04:52.566,1.02125,1.0215,0.30,0.40
2008.03.12 14:04:52.801,1.02125,1.0215,0.30,0.40
2008.03.12 14:04:53.120,1.02125,1.0215,0.30,0.40
2008.03.12 14:04:53.440,1.02125,1.0215,0.30,0.40
2008.03.12 14:04:53.759,1.02125,1.0215,0.30,0.40
2008.03.12 14:04:54.013,1.02125,1.0215,0.30,0.40
2008.03.12 14:04:54.266,1.02125,1.0215,0.30,0.40
2008.03.12 14:04:54.520,1.02125,1.0215,0.30,0.40
2008.03.12 14:04:54.786,1.02125,1.0215,0.30,0.40
2008.03.12 14:04:55.078,1.02125,1.0215,0.30,0.40
2008.03.12 14:04:55.374,1.02125,1.0215,0.30,0.40
2008.03.12 14:04:55.667,1.02125,1.0215,0.30,0.40
2008.03.12 14:04:55.924,1.02125,1.0215,0.30,0.40
2008.03.12 14:04:56.189,1.02125,1.0215,0.30,0.40
2008.03.12 14:04:56.435,1.0212,1.0215,0.30,0.40
2008.03.12 14:04:56.687,1.02125,1.02145,0.30,0.20
2008.03.12 14:04:56.965,1.02125,1.0215,0.30,2.50
2008.03.12 14:04:57.245,1.02125,1.0215,0.30,2.70
2008.03.12 14:04:57.535,1.0212,1.0214,1.00,0.20
2008.03.12 14:04:57.822,1.0212,1.0214,1.00,0.20
2008.03.12 14:04:58.084,1.0212,1.0214,1.00,0.20
2008.03.12 14:04:58.359,1.0212,1.0214,1.00,0.20
2008.03.12 14:04:58.633,1.0212,1.0214,1.00,0.20
2008.03.12 14:04:58.906,1.0212,1.0214,1.00,0.20
2008.03.12 14:04:59.222,1.0212,1.0214,1.00,0.20
2008.03.12 14:04:59.537,1.0212,1.0214,1.00,0.20
2008.03.12 14:04:59.850,1.0212,1.0214,1.00,0.20
2008.03.12 14:05:00.064,1.0212,1.0214,1.00,0.20
2008.03.12 14:05:00.289,1.0212,1.0214,1.00,0.20
2008.03.12 14:05:00.502,1.0212,1.0214,1.00,0.20
2008.03.12 14:05:00.715,1.0212,1.0214,1.00,0.20
2008.03.12 14:05:00.932,1.0212,1.0214,1.00,0.20
2008.03.12 14:05:01.268,1.0212,1.0214,1.40,0.20
2008.03.12 14:05:01.605,1.02125,1.0215,0.30,0.40
2008.03.12 14:05:01.938,1.02125,1.0215,0.30,0.40
2008.03.12 14:05:02.167,1.02125,1.0215,0.30,0.40
2008.03.12 14:05:02.396,1.02125,1.0215,0.30,0.40
2008.03.12 14:05:02.625,1.02125,1.0215,0.30,0.40
2008.03.12 14:05:02.855,1.02125,1.0215,0.30,0.40
2008.03.12 14:05:03.188,1.02125,1.0215,0.30,0.40
2008.03.12 14:05:03.521,1.02125,1.0215,0.30,0.40
2008.03.12 14:05:03.865,1.02125,1.0215,0.30,0.40
2008.03.12 14:05:04.094,1.02125,1.0215,0.30,0.40
2008.03.12 14:05:04.333,1.02125,1.0215,0.30,0.40
2008.03.12 14:05:04.572,1.02125,1.0215,0.30,0.40
2008.03.12 14:05:04.810,1.02125,1.0215,0.30,0.40
2008.03.12 14:05:05.050,1.02125,1.0215,0.30,0.40
2008.03.12 14:05:05.385,1.02125,1.02145,0.30,0.20
2008.03.12 14:05:05.720,1.02125,1.0214,0.30,0.20
2008.03.12 14:05:06.055,1.02125,1.0213,0.30,0.20
2008.03.12 14:05:06.294,1.02125,1.0215,0.30,0.40
2008.03.12 14:05:06.534,1.02125,1.0215,0.30,0.40
2008.03.12 14:05:06.773,1.0213,1.0215,0.30,0.40
2008.03.12 14:05:07.012,1.0213,1.0215,0.30,0.40
2008.03.12 14:05:07.311,1.0213,1.0215,0.30,0.40
2008.03.12 14:05:07.612,1.02125,1.0215,0.30,0.40
2008.03.12 14:05:07.911,1.02125,1.0215,0.30,0.20
2008.03.12 14:05:08.210,1.0213,1.0215,1.10,0.20
2008.03.12 14:05:08.538,1.0213,1.0215,1.90,0.20
2008.03.12 14:05:08.876,1.0213,1.0215,1.90,0.20
2008.03.12 14:05:09.218,1.0213,1.0215,1.00,0.20
2008.03.12 14:05:09.464,1.0213,1.0215,1.00,0.20
2008.03.12 14:05:09.686,1.0213,1.0215,1.00,0.20
2008.03.12 14:05:09.920,1.0213,1.0215,1.00,0.20
2008.03.12 14:05:10.155,1.0213,1.0215,1.00,0.20
2008.03.12 14:05:10.454,1.0213,1.0215,1.00,0.20
2008.03.12 14:05:10.753,1.0213,1.0215,1.00,0.20
2008.03.12 14:05:11.057,1.02125,1.0214,4.00,0.20
2008.03.12 14:05:11.311,1.02115,1.0213,4.20,0.20
2008.03.12 14:05:11.564,1.02115,1.0213,4.00,0.20
2008.03.12 14:05:11.821,1.0211,1.0213,1.80,0.20
2008.03.12 14:05:12.076,1.0211,1.0213,0.30,0.20
2008.03.12 14:05:12.375,1.0211,1.0213,0.30,0.20
2008.03.12 14:05:12.675,1.02105,1.0213,4.20,0.20
2008.03.12 14:05:12.975,1.02105,1.0213,4.20,0.20
2008.03.12 14:05:13.273,1.02105,1.0213,4.20,0.40
2008.03.12 14:05:13.603,1.02115,1.0213,0.30,0.20
2008.03.12 14:05:13.933,1.02115,1.0213,0.30,0.20
2008.03.12 14:05:14.264,1.02115,1.0213,0.30,0.20
2008.03.12 14:05:14.505,1.02115,1.0214,0.30,2.70
2008.03.12 14:05:14.745,1.02115,1.0214,0.30,2.70
2008.03.12 14:05:14.995,1.02115,1.0214,0.30,2.70
2008.03.12 14:05:15.225,1.02115,1.0214,0.30,0.40
2008.03.12 14:05:15.529,1.02115,1.0214,0.30,0.40
2008.03.12 14:05:15.835,1.0212,1.0214,0.30,0.50
2008.03.12 14:05:16.140,1.02115,1.0214,4.20,0.90
2008.03.12 14:05:16.370,1.02125,1.0214,4.00,4.30
2008.03.12 14:05:16.599,1.02125,1.0214,4.00,1.70
2008.03.12 14:05:16.830,1.0212,1.0214,0.30,0.20
2008.03.12 14:05:17.060,1.0212,1.0214,0.30,0.40
2008.03.12 14:05:17.298,1.02115,1.0214,4.20,0.40
2008.03.12 14:05:17.633,1.02115,1.0214,4.20,0.40
2008.03.12 14:05:17.967,1.02115,1.0214,4.00,2.70
2008.03.12 14:05:18.304,1.0211,1.02125,0.30,0.20
2008.03.12 14:05:18.565,1.02105,1.0212,4.00,0.20
2008.03.12 14:05:18.836,1.02095,1.0212,0.30,0.40
2008.03.12 14:05:19.100,1.02095,1.0212,0.30,0.40
2008.03.12 14:05:19.395,1.02095,1.0212,0.30,2.70
2008.03.12 14:05:19.695,1.021,1.0212,0.30,0.40
2008.03.12 14:05:20.002,1.02095,1.0212,0.30,0.20
2008.03.12 14:05:20.309,1.02095,1.0212,0.30,0.20
2008.03.12 14:05:20.594,1.02095,1.0212,0.30,0.20
2008.03.12 14:05:20.878,1.02095,1.0212,0.30,0.20
2008.03.12 14:05:21.164,1.021,1.0212,0.30,0.20
2008.03.12 14:05:21.414,1.021,1.0212,0.30,0.40
2008.03.12 14:05:21.661,1.02095,1.0212,0.30,0.40
2008.03.12 14:05:21.911,1.02095,1.0212,4.20,0.40
2008.03.12 14:05:22.160,1.02095,1.0212,4.20,0.40
2008.03.12 14:05:22.479,1.02095,1.0212,4.20,0.40
2008.03.12 14:05:22.800,1.02095,1.0212,4.20,0.40
2008.03.12 14:05:23.120,1.021,1.0212,0.30,0.40
2008.03.12 14:05:23.439,1.021,1.0212,0.30,0.40
2008.03.12 14:05:23.739,1.02095,1.0212,4.20,0.40
2008.03.12 14:05:24.027,1.02095,1.0212,4.20,0.40
2008.03.12 14:05:24.315,1.02095,1.0212,4.20,0.40
2008.03.12 14:05:24.580,1.02095,1.0212,4.20,0.40
2008.03.12 14:05:24.844,1.02095,1.0212,4.20,0.40
2008.03.12 14:05:25.107,1.02105,1.0212,0.30,0.40
2008.03.12 14:05:25.371,1.02105,1.0212,0.30,0.40
2008.03.12 14:05:25.657,1.02105,1.0212,0.30,0.20
2008.03.12 14:05:25.942,1.02105,1.0212,4.20,0.20
2008.03.12 14:05:26.224,1.02105,1.0212,4.20,0.20
2008.03.12 14:05:26.456,1.02105,1.0212,4.20,0.20
2008.03.12 14:05:26.696,1.02105,1.0212,4.20,0.20
2008.03.12 14:05:26.926,1.02105,1.0212,4.00,0.20
2008.03.12 14:05:27.156,1.021,1.0212,0.30,0.20
2008.03.12 14:05:27.384,1.021,1.0212,0.30,0.20
2008.03.12 14:05:27.719,1.02105,1.0212,0.30,0.40
2008.03.12 14:05:28.054,1.02095,1.0212,0.30,0.20
2008.03.12 14:05:28.389,1.02095,1.0212,0.30,0.40
2008.03.12 14:05:28.653,1.02095,1.0212,0.30,0.40
2008.03.12 14:05:28.917,1.02095,1.0212,0.30,0.40
2008.03.12 14:05:29.181,1.02095,1.0212,0.30,0.40
2008.03.12 14:05:29.444,1.02095,1.0212,0.30,0.40
2008.03.12 14:05:29.743,1.02095,1.0212,0.30,0.40
2008.03.12 14:05:30.042,1.02095,1.0212,0.30,0.40
2008.03.12 14:05:30.341,1.02095,1.0212,0.30,0.40
2008.03.12 14:05:30.606,1.02095,1.0212,0.30,0.40
2008.03.12 14:05:30.883,1.02095,1.0212,0.30,0.40
2008.03.12 14:05:31.146,1.02095,1.0212,0.30,0.40
2008.03.12 14:05:31.410,1.02095,1.0212,0.30,0.40
2008.03.12 14:05:31.693,1.02095,1.0212,4.20,0.40
2008.03.12 14:05:31.976,1.02095,1.0212,4.20,0.40
2008.03.12 14:05:32.260,1.02095,1.0212,4.20,0.40
2008.03.12 14:05:32.544,1.02095,1.0212,4.20,0.40
2008.03.12 14:05:32.830,1.02105,1.0212,0.30,0.20
2008.03.12 14:05:33.113,1.021,1.0212,0.30,0.20
2008.03.12 14:05:33.397,1.02105,1.0213,0.30,0.40
2008.03.12 14:05:33.677,1.02105,1.0213,0.30,0.40
2008.03.12 14:05:33.956,1.02105,1.0213,0.30,0.40
2008.03.12 14:05:34.236,1.02105,1.0213,0.30,0.40
2008.03.12 14:05:34.516,1.02105,1.0213,0.30,0.40
2008.03.12 14:05:34.815,1.02105,1.0213,0.30,0.40
2008.03.12 14:05:35.114,1.02105,1.0213,0.30,0.20
2008.03.12 14:05:35.413,1.02105,1.02125,0.30,0.20
2008.03.12 14:05:35.678,1.021,1.02125,0.30,0.20
2008.03.12 14:05:35.944,1.021,1.02125,0.30,0.20
2008.03.12 14:05:36.186,1.021,1.02125,0.30,0.20
2008.03.12 14:05:36.440,1.021,1.0212,0.30,2.50
2008.03.12 14:05:36.748,1.021,1.0212,0.30,0.20
2008.03.12 14:05:37.056,1.021,1.0212,0.30,0.20
2008.03.12 14:05:37.365,1.021,1.02125,0.30,0.20
2008.03.12 14:05:37.640,1.021,1.02125,0.30,0.20
2008.03.12 14:05:37.913,1.021,1.0212,0.30,0.20
2008.03.12 14:05:38.188,1.021,1.0212,0.30,0.20
2008.03.12 14:05:38.465,1.021,1.0212,0.30,0.20
2008.03.12 14:05:38.763,1.021,1.0212,0.30,0.20
2008.03.12 14:05:39.064,1.021,1.0212,0.30,0.20
2008.03.12 14:05:39.363,1.021,1.02115,0.30,0.20
2008.03.12 14:05:39.662,1.02095,1.0212,4.20,1.90
2008.03.12 14:05:39.940,1.02095,1.0212,4.20,1.90
2008.03.12 14:05:40.221,1.02095,1.0212,4.20,1.90
2008.03.12 14:05:40.500,1.02095,1.0212,4.20,1.90
2008.03.12 14:05:40.754,1.02095,1.0212,4.20,1.90
2008.03.12 14:05:41.015,1.02095,1.0212,4.20,0.40
2008.03.12 14:05:41.281,1.02095,1.0212,4.20,0.20
2008.03.12 14:05:41.522,1.021,1.02125,0.30,0.20
2008.03.12 14:05:41.833,1.021,1.02125,0.30,0.20
2008.03.12 14:05:42.143,1.021,1.02125,0.30,0.20
2008.03.12 14:05:42.454,1.021,1.02125,0.30,0.20
2008.03.12 14:05:42.727,1.021,1.02125,0.30,0.20
2008.03.12 14:05:43.003,1.02105,1.0213,0.30,0.40
2008.03.12 14:05:43.277,1.02115,1.0213,0.30,0.20
2008.03.12 14:05:43.551,1.0211,1.0213,1.60,0.20
2008.03.12 14:05:43.848,1.0211,1.0213,1.60,0.20
2008.03.12 14:05:44.143,1.02115,1.0213,0.30,0.20
2008.03.12 14:05:44.438,1.02115,1.0213,4.20,0.20
2008.03.12 14:05:44.732,1.02115,1.0213,4.20,0.20
2008.03.12 14:05:45.020,1.02115,1.0213,4.20,0.20
2008.03.12 14:05:45.310,1.02115,1.02135,4.20,0.20
2008.03.12 14:05:45.599,1.02115,1.02135,4.20,0.20
2008.03.12 14:05:45.864,1.02115,1.0214,4.20,2.70
2008.03.12 14:05:46.127,1.02115,1.0214,4.20,2.70
2008.03.12 14:05:46.390,1.0212,1.0214,0.30,2.70
2008.03.12 14:05:46.655,1.02115,1.0214,4.20,2.70
2008.03.12 14:05:46.959,1.02115,1.02135,4.20,0.20
2008.03.12 14:05:47.263,1.02115,1.0213,4.00,0.40
2008.03.12 14:05:47.568,1.0211,1.0213,0.30,1.90
2008.03.12 14:05:47.817,1.02105,1.02125,4.20,0.20
2008.03.12 14:05:48.068,1.02105,1.02125,4.20,0.20
2008.03.12 14:05:48.329,1.02105,1.02125,4.20,0.20
2008.03.12 14:05:48.577,1.02105,1.0212,4.20,0.20
2008.03.12 14:05:48.900,1.02105,1.0212,4.20,0.20
2008.03.12 14:05:49.225,1.02105,1.02125,4.20,4.00
2008.03.12 14:05:49.549,1.02105,1.02125,0.30,0.20
2008.03.12 14:05:49.803,1.021,1.02125,0.30,0.20
2008.03.12 14:05:50.057,1.021,1.02125,0.30,0.20
2008.03.12 14:05:50.311,1.021,1.0212,0.30,0.20
2008.03.12 14:05:50.576,1.021,1.0212,0.30,0.20
2008.03.12 14:05:50.855,1.02105,1.0212,0.30,0.20
2008.03.12 14:05:51.134,1.02105,1.0212,4.20,0.20
2008.03.12 14:05:51.413,1.02105,1.0212,4.20,0.20
2008.03.12 14:05:51.690,1.02105,1.0212,4.20,0.20
2008.03.12 14:05:51.974,1.02105,1.0212,4.20,0.20
2008.03.12 14:05:52.259,1.021,1.0212,0.30,0.60
2008.03.12 14:05:52.542,1.021,1.0212,0.30,0.60
2008.03.12 14:05:52.825,1.021,1.0212,0.30,0.60
2008.03.12 14:05:53.083,1.021,1.0212,0.30,0.60
2008.03.12 14:05:53.343,1.021,1.0212,0.30,0.60
2008.03.12 14:05:53.601,1.021,1.0212,0.30,0.60
2008.03.12 14:05:53.859,1.021,1.0212,0.30,0.60
2008.03.12 14:05:54.163,1.021,1.0212,0.30,0.60
2008.03.12 14:05:54.467,1.021,1.0212,0.30,0.60
2008.03.12 14:05:54.771,1.021,1.0212,0.30,0.60
2008.03.12 14:05:55.024,1.021,1.0212,0.30,0.60
2008.03.12 14:05:55.277,1.021,1.0212,0.30,0.60
2008.03.12 14:05:55.531,1.021,1.0212,0.30,0.60
2008.03.12 14:05:55.786,1.021,1.0212,0.30,0.60
2008.03.12 14:05:56.056,1.021,1.0212,0.30,0.60
2008.03.12 14:05:56.325,1.021,1.0212,0.30,0.60
2008.03.12 14:05:56.595,1.021,1.0212,2.60,0.60
2008.03.12 14:05:56.863,1.021,1.0212,0.30,0.60
2008.03.12 14:05:57.133,1.021,1.0212,0.30,0.60
2008.03.12 14:05:57.403,1.021,1.0212,0.30,0.60
2008.03.12 14:05:57.672,1.021,1.0212,0.30,0.60
2008.03.12 14:05:57.965,1.021,1.0212,0.30,0.60
2008.03.12 14:05:58.258,1.021,1.0212,0.30,0.60
2008.03.12 14:05:58.551,1.021,1.0212,0.30,0.60
2008.03.12 14:05:58.844,1.021,1.0212,0.30,0.60
2008.03.12 14:05:59.149,1.021,1.0212,0.30,0.60
2008.03.12 14:05:59.452,1.021,1.0212,0.30,0.60
2008.03.12 14:05:59.768,1.021,1.0212,0.30,0.60
2008.03.12 14:06:00.027,1.021,1.0212,0.30,0.60
2008.03.12 14:06:00.285,1.021,1.0212,0.30,0.60
2008.03.12 14:06:00.545,1.021,1.0212,0.30,0.60
2008.03.12 14:06:00.804,1.021,1.0212,0.30,0.60
2008.03.12 14:06:01.097,1.021,1.0212,0.30,0.60
2008.03.12 14:06:01.392,1.021,1.0212,2.60,0.60
2008.03.12 14:06:01.687,1.02105,1.0212,0.30,0.60
2008.03.12 14:06:01.981,1.02105,1.0212,0.30,0.40
2008.03.12 14:06:02.246,1.02105,1.0212,0.30,0.40
2008.03.12 14:06:02.499,1.02105,1.0212,0.30,0.20
2008.03.12 14:06:02.753,1.0211,1.0213,0.30,0.40
2008.03.12 14:06:03.037,1.0211,1.0213,0.30,0.40
2008.03.12 14:06:03.321,1.0211,1.0213,0.30,1.10
2008.03.12 14:06:03.605,1.02105,1.0213,4.20,1.90
2008.03.12 14:06:03.889,1.02105,1.0213,4.20,1.90
2008.03.12 14:06:04.209,1.0211,1.0213,0.30,0.40
2008.03.12 14:06:04.517,1.0211,1.0213,0.30,0.40
2008.03.12 14:06:04.826,1.0211,1.0213,0.30,0.40
2008.03.12 14:06:05.061,1.0211,1.0213,0.30,0.40
2008.03.12 14:06:05.294,1.0211,1.0213,0.30,0.40
2008.03.12 14:06:05.530,1.0211,1.0213,0.30,0.40
2008.03.12 14:06:05.767,1.02105,1.0213,4.20,0.40
2008.03.12 14:06:06.076,1.0211,1.0213,0.30,0.40
2008.03.12 14:06:06.384,1.0211,1.0213,0.30,0.40
2008.03.12 14:06:06.692,1.0211,1.0213,0.30,0.40
2008.03.12 14:06:07.002,1.0211,1.0213,0.30,0.40
2008.03.12 14:06:07.272,1.0211,1.0213,0.30,0.40
2008.03.12 14:06:07.541,1.0211,1.0213,0.30,0.40
2008.03.12 14:06:07.810,1.0211,1.0213,0.30,0.20
2008.03.12 14:06:08.105,1.0211,1.0213,0.30,0.20
2008.03.12 14:06:08.389,1.0211,1.0213,0.30,0.40
2008.03.12 14:06:08.673,1.0211,1.0213,0.30,0.20
2008.03.12 14:06:08.959,1.0211,1.0213,0.30,0.20
2008.03.12 14:06:09.273,1.0211,1.0213,0.30,0.20
2008.03.12 14:06:09.588,1.0211,1.0213,0.30,0.20
2008.03.12 14:06:09.902,1.0211,1.0213,0.30,0.40
2008.03.12 14:06:10.137,1.0211,1.0213,0.30,0.40
2008.03.12 14:06:10.371,1.0211,1.0213,0.30,0.40
2008.03.12 14:06:10.611,1.0211,1.0213,0.30,0.40
2008.03.12 14:06:10.845,1.0211,1.0213,0.30,0.40
2008.03.12 14:06:11.089,1.0211,1.0213,0.30,0.40
2008.03.12 14:06:11.422,1.0211,1.0213,0.30,0.40
2008.03.12 14:06:11.756,1.0211,1.0213,0.30,0.40
2008.03.12 14:06:12.091,1.0211,1.0213,0.30,0.40
2008.03.12 14:06:12.314,1.0211,1.0213,0.30,0.40
2008.03.12 14:06:12.540,1.0211,1.0213,0.30,0.40
2008.03.12 14:06:12.762,1.0211,1.0213,0.30,0.40
2008.03.12 14:06:12.985,1.0211,1.0213,0.30,0.40
2008.03.12 14:06:13.320,1.0211,1.0213,0.30,0.40
2008.03.12 14:06:13.664,1.0211,1.0213,0.30,0.40
2008.03.12 14:06:14.010,1.0211,1.0213,0.30,0.40
2008.03.12 14:06:14.231,1.0211,1.0213,0.30,0.40
2008.03.12 14:06:14.464,1.0211,1.0213,0.30,0.40
2008.03.12 14:06:14.698,1.0211,1.0213,0.30,0.40
2008.03.12 14:06:14.931,1.0211,1.0213,0.30,0.40
2008.03.12 14:06:15.260,1.0211,1.0213,0.30,0.40
2008.03.12 14:06:15.589,1.02105,1.0213,4.20,0.40
2008.03.12 14:06:15.918,1.02105,1.0213,4.20,0.40
2008.03.12 14:06:16.249,1.02115,1.0213,0.30,0.40
2008.03.12 14:06:16.495,1.0211,1.0213,0.30,0.40
2008.03.12 14:06:16.740,1.0211,1.0213,0.30,0.40
2008.03.12 14:06:16.983,1.0211,1.0213,0.30,0.40
2008.03.12 14:06:17.282,1.0211,1.0213,0.30,0.40
2008.03.12 14:06:17.580,1.0211,1.0213,0.30,3.50
2008.03.12 14:06:17.880,1.02105,1.0213,4.20,1.90
2008.03.12 14:06:18.179,1.02105,1.0213,0.30,1.70
2008.03.12 14:06:18.484,1.02105,1.0213,0.30,0.20
2008.03.12 14:06:18.787,1.02105,1.0213,0.30,5.70
2008.03.12 14:06:19.092,1.02105,1.0212,0.30,0.20
2008.03.12 14:06:19.336,1.0211,1.0212,0.30,0.20
2008.03.12 14:06:19.580,1.02105,1.02125,4.20,0.20
2008.03.12 14:06:19.824,1.02105,1.0213,4.20,0.40
2008.03.12 14:06:20.068,1.02105,1.0213,4.20,0.40
2008.03.12 14:06:20.393,1.0211,1.0213,0.30,0.40
2008.03.12 14:06:20.717,1.0211,1.0213,0.30,0.40
2008.03.12 14:06:21.040,1.0211,1.0213,0.30,0.40
2008.03.12 14:06:21.279,1.0211,1.0213,0.30,0.40
2008.03.12 14:06:21.518,1.0211,1.0213,0.30,0.40
2008.03.12 14:06:21.758,1.0211,1.0213,0.30,0.40
2008.03.12 14:06:21.997,1.0211,1.0213,0.30,0.40
2008.03.12 14:06:22.237,1.0211,1.0213,0.30,0.40
2008.03.12 14:06:22.538,1.0211,1.0213,0.30,0.40
2008.03.12 14:06:22.849,1.0211,1.0213,0.30,0.40
2008.03.12 14:06:23.146,1.0211,1.0213,0.30,0.40
2008.03.12 14:06:23.436,1.0211,1.0213,0.30,0.40
2008.03.12 14:06:23.724,1.0211,1.0213,0.30,0.40
2008.03.12 14:06:24.013,1.02105,1.0212,0.30,0.20
2008.03.12 14:06:24.303,1.02105,1.0212,0.30,0.20
2008.03.12 14:06:24.562,1.02105,1.0213,0.30,1.90
2008.03.12 14:06:24.822,1.02105,1.0213,0.30,0.20
2008.03.12 14:06:25.080,1.02105,1.0213,0.30,0.20
2008.03.12 14:06:25.340,1.02105,1.0213,0.30,0.40
2008.03.12 14:06:25.649,1.02105,1.0213,0.30,0.40
2008.03.12 14:06:25.957,1.02105,1.0213,3.40,0.40
2008.03.12 14:06:26.267,1.0211,1.0213,0.30,0.40
2008.03.12 14:06:26.539,1.0211,1.0213,0.30,0.40
2008.03.12 14:06:26.810,1.0211,1.0213,0.30,0.40
2008.03.12 14:06:27.056,1.0211,1.0213,0.30,0.40
2008.03.12 14:06:27.315,1.0211,1.02125,0.30,0.20
2008.03.12 14:06:27.610,1.02105,1.0213,4.20,1.10
2008.03.12 14:06:27.903,1.02105,1.0213,4.20,0.40
2008.03.12 14:06:28.198,1.0211,1.0213,0.30,4.70
2008.03.12 14:06:28.506,1.02105,1.0213,4.00,4.70
2008.03.12 14:06:28.817,1.021,1.0212,1.30,0.20
2008.03.12 14:06:29.126,1.021,1.0212,1.30,0.20
2008.03.12 14:06:31.294,1.02105,1.02125,0.30,0.20
2008.03.12 14:06:31.325,1.02105,1.02125,0.30,0.20
2008.03.12 14:06:31.389,1.02105,1.0213,0.30,0.90
2008.03.12 14:06:31.443,1.02105,1.0213,0.30,0.20
2008.03.12 14:06:31.503,1.02105,1.0213,0.30,0.20
2008.03.12 14:06:31.606,1.02105,1.0213,0.30,0.20
2008.03.12 14:06:31.619,1.02105,1.0213,0.30,0.40
2008.03.12 14:06:31.645,1.02105,1.0213,0.30,0.40
2008.03.12 14:06:31.657,1.02105,1.0213,0.30,0.40
2008.03.12 14:06:31.703,1.02105,1.0213,0.30,0.40
2008.03.12 14:06:31.717,1.02105,1.0213,0.30,0.40
2008.03.12 14:06:31.730,1.02105,1.0213,0.30,0.40
2008.03.12 14:06:31.744,1.02105,1.0213,0.30,0.40
2008.03.12 14:06:31.767,1.02105,1.0213,0.30,0.40
2008.03.12 14:06:31.797,1.02105,1.0213,0.30,0.40
2008.03.12 14:06:31.809,1.02105,1.0213,0.30,0.40
2008.03.12 14:06:31.829,1.02105,1.0213,0.30,0.40
2008.03.12 14:06:31.842,1.02105,1.0213,0.30,0.40
2008.03.12 14:06:31.855,1.02105,1.0213,0.30,0.40
2008.03.12 14:06:31.872,1.02105,1.0213,0.30,0.40
2008.03.12 14:06:31.885,1.02105,1.0213,0.30,0.40
2008.03.12 14:06:31.912,1.02105,1.0213,0.30,0.40
2008.03.12 14:06:31.924,1.02105,1.0213,0.30,0.40
2008.03.12 14:06:31.939,1.02105,1.0213,0.30,0.40
2008.03.12 14:06:31.953,1.02105,1.0213,0.30,0.40
2008.03.12 14:06:31.968,1.02105,1.0213,0.30,0.40
2008.03.12 14:06:32.010,1.02105,1.0213,0.30,0.40
2008.03.12 14:06:32.024,1.02105,1.0213,0.30,0.40
2008.03.12 14:06:32.061,1.02105,1.0213,0.30,0.40
2008.03.12 14:06:32.076,1.02105,1.0213,0.30,0.40
2008.03.12 14:06:32.110,1.02105,1.0213,0.30,0.40
2008.03.12 14:06:32.130,1.02105,1.0213,0.30,0.40
2008.03.12 14:06:32.145,1.02105,1.0213,0.30,0.40
2008.03.12 14:06:32.161,1.02105,1.0213,0.30,0.40
2008.03.12 14:06:32.176,1.02105,1.0213,0.30,0.40
2008.03.12 14:06:32.189,1.02105,1.0213,0.30,0.40
2008.03.12 14:06:33.741,1.02105,1.0213,0.30,0.40
2008.03.12 14:06:34.073,1.021,1.0212,1.30,0.20
2008.03.12 14:06:34.406,1.021,1.0212,1.30,0.20
2008.03.12 14:06:34.741,1.021,1.0212,1.30,0.20
2008.03.12 14:06:35.012,1.021,1.0212,1.30,0.20
2008.03.12 14:06:35.280,1.021,1.0212,1.30,0.20
2008.03.12 14:06:35.549,1.021,1.0212,1.30,0.20
2008.03.12 14:06:35.818,1.021,1.0212,1.30,0.20
2008.03.12 14:06:36.087,1.021,1.0212,1.30,0.20
2008.03.12 14:06:36.386,1.021,1.0212,1.30,0.40
2008.03.12 14:06:36.684,1.021,1.0212,1.30,0.40
2008.03.12 14:06:36.983,1.021,1.0212,1.30,0.40
2008.03.12 14:06:37.281,1.021,1.0212,1.30,0.40
2008.03.12 14:06:37.555,1.021,1.0212,1.30,1.10
2008.03.12 14:06:37.829,1.021,1.0212,1.30,1.90
2008.03.12 14:06:38.104,1.021,1.0211,1.30,0.20
2008.03.12 14:06:38.379,1.021,1.0212,1.30,0.20
2008.03.12 14:06:38.673,1.021,1.0212,1.30,0.20
2008.03.12 14:06:38.968,1.021,1.0212,1.30,0.20
2008.03.12 14:06:39.261,1.021,1.0212,1.30,0.20
2008.03.12 14:06:39.529,1.021,1.0212,1.30,0.20
2008.03.12 14:06:39.798,1.021,1.0212,1.30,0.20
2008.03.12 14:06:40.068,1.021,1.0212,1.30,0.20
2008.03.12 14:06:40.337,1.021,1.0212,1.30,0.20
2008.03.12 14:06:40.617,1.021,1.0212,1.30,0.40
2008.03.12 14:06:40.896,1.021,1.0212,1.30,0.40
2008.03.12 14:06:41.175,1.021,1.0212,1.30,0.40
2008.03.12 14:06:41.454,1.021,1.0212,1.30,0.20
2008.03.12 14:06:41.743,1.021,1.0212,1.30,0.20
2008.03.12 14:06:42.016,1.021,1.0212,1.30,0.20
2008.03.12 14:06:42.299,1.021,1.0212,1.60,0.20
2008.03.12 14:06:42.583,1.02105,1.0212,0.30,0.20
2008.03.12 14:06:42.878,1.021,1.0212,1.30,0.20
2008.03.12 14:06:43.172,1.021,1.0212,1.30,0.20
2008.03.12 14:06:43.465,1.021,1.0212,1.30,0.20
2008.03.12 14:06:43.739,1.021,1.0212,1.30,0.20
2008.03.12 14:06:44.013,1.021,1.0212,1.30,0.20
2008.03.12 14:06:44.287,1.021,1.0212,1.30,0.20
2008.03.12 14:06:44.563,1.021,1.0212,1.30,0.20
2008.03.12 14:06:44.854,1.021,1.0212,1.30,0.20
2008.03.12 14:06:45.143,1.021,1.0212,1.30,0.20
2008.03.12 14:06:45.431,1.021,1.0212,1.30,0.20
2008.03.12 14:06:45.731,1.021,1.0212,1.30,0.20
2008.03.12 14:06:46.010,1.021,1.0212,1.30,0.20
2008.03.12 14:06:46.288,1.021,1.0212,1.30,0.20
2008.03.12 14:06:46.567,1.021,1.0212,1.30,0.20
2008.03.12 14:06:46.846,1.021,1.0212,1.30,0.20
2008.03.12 14:06:47.100,1.02105,1.0212,0.30,0.20
2008.03.12 14:06:47.355,1.02105,1.0212,0.30,0.20
2008.03.12 14:06:47.608,1.02105,1.0212,0.30,0.20
2008.03.12 14:06:47.909,1.021,1.0212,1.30,0.20
2008.03.12 14:06:48.208,1.02105,1.0212,0.30,0.20
2008.03.12 14:06:48.507,1.02105,1.0212,0.30,0.20
2008.03.12 14:06:48.805,1.021,1.0212,1.30,0.20
2008.03.12 14:06:49.115,1.02105,1.0212,0.30,0.20
2008.03.12 14:06:49.424,1.02105,1.0212,0.30,0.20
2008.03.12 14:06:49.734,1.02095,1.0212,4.20,1.90
2008.03.12 14:06:49.964,1.02095,1.0212,4.20,1.90
2008.03.12 14:06:50.195,1.02095,1.0211,4.20,0.20
2008.03.12 14:06:50.424,1.02095,1.0211,4.20,0.20
2008.03.12 14:06:50.653,1.02095,1.0211,4.20,0.20
2008.03.12 14:06:50.893,1.02095,1.0211,4.20,0.20
2008.03.12 14:06:51.226,1.02095,1.0211,4.20,0.20
2008.03.12 14:06:51.561,1.02095,1.0211,4.20,0.20
2008.03.12 14:06:51.894,1.02095,1.0211,4.20,0.20
2008.03.12 14:06:52.138,1.02095,1.0211,4.20,0.20
2008.03.12 14:06:52.382,1.02095,1.0211,4.20,0.20
2008.03.12 14:06:52.626,1.02095,1.0211,4.20,0.20
2008.03.12 14:06:52.871,1.02095,1.0211,4.20,0.20
2008.03.12 14:06:53.195,1.02095,1.0211,4.20,0.20
2008.03.12 14:06:53.521,1.0209,1.0211,0.30,0.40
2008.03.12 14:06:53.846,1.0209,1.0211,0.30,0.40
2008.03.12 14:06:54.127,1.02085,1.021,4.20,0.20
2008.03.12 14:06:54.408,1.0208,1.021,0.30,0.40
2008.03.12 14:06:54.687,1.0208,1.021,0.30,0.40
2008.03.12 14:06:54.966,1.0208,1.021,0.30,0.40
2008.03.12 14:06:55.249,1.0208,1.021,0.30,2.70
2008.03.12 14:06:55.535,1.02075,1.021,4.20,0.40
2008.03.12 14:06:55.829,1.02075,1.021,0.30,0.40
2008.03.12 14:06:56.103,1.02075,1.021,0.30,0.40
2008.03.12 14:06:56.366,1.02075,1.021,0.30,0.20
2008.03.12 14:06:56.631,1.02075,1.021,0.30,1.10
2008.03.12 14:06:56.894,1.02075,1.021,3.40,1.90
2008.03.12 14:06:57.158,1.02075,1.021,0.30,1.10
2008.03.12 14:06:57.458,1.02085,1.021,4.20,0.20
2008.03.12 14:06:57.757,1.02085,1.021,4.20,0.20
2008.03.12 14:06:58.056,1.0209,1.0211,0.30,1.70
2008.03.12 14:06:58.355,1.0209,1.0211,0.30,0.90
2008.03.12 14:06:58.655,1.0209,1.0211,0.30,2.70
2008.03.12 14:06:58.955,1.0209,1.0211,0.30,0.20
2008.03.12 14:06:59.267,1.0209,1.0211,0.30,0.20
2008.03.12 14:06:59.510,1.0209,1.0211,0.30,2.50
2008.03.12 14:06:59.757,1.02085,1.0211,4.20,3.50
2008.03.12 14:07:00.001,1.02085,1.021,4.20,0.20
2008.03.12 14:07:00.245,1.02085,1.021,4.20,0.20
2008.03.12 14:07:00.566,1.02085,1.021,4.20,0.20
2008.03.12 14:07:00.892,1.02085,1.021,4.20,0.20
2008.03.12 14:07:01.226,1.02085,1.021,4.20,0.20
2008.03.12 14:07:01.481,1.02085,1.021,4.20,0.20
2008.03.12 14:07:01.734,1.02085,1.021,4.20,0.20
2008.03.12 14:07:01.988,1.02085,1.021,4.20,0.20
2008.03.12 14:07:02.242,1.02085,1.021,4.20,0.20
2008.03.12 14:07:02.506,1.02085,1.021,4.20,0.20
2008.03.12 14:07:02.770,1.02085,1.021,4.20,0.20
2008.03.12 14:07:03.045,1.02085,1.021,4.20,0.20
2008.03.12 14:07:03.300,1.02085,1.021,4.20,0.20
2008.03.12 14:07:03.604,1.02085,1.021,4.20,0.20
2008.03.12 14:07:03.908,1.02085,1.021,4.20,0.20
2008.03.12 14:07:04.214,1.02085,1.0209,4.00,0.20
2008.03.12 14:07:04.487,1.0208,1.0209,0.30,0.20
2008.03.12 14:07:04.761,1.02075,1.0209,7.40,0.20
2008.03.12 14:07:05.035,1.02075,1.0209,4.20,0.20
2008.03.12 14:07:05.312,1.02085,1.021,4.20,0.20
2008.03.12 14:07:05.584,1.0208,1.021,0.30,0.40
2008.03.12 14:07:05.854,1.0208,1.021,0.30,0.20
2008.03.12 14:07:06.122,1.0208,1.021,0.30,0.20
2008.03.12 14:07:06.391,1.0208,1.021,0.30,0.20
2008.03.12 14:07:06.675,1.0208,1.021,0.30,0.20
2008.03.12 14:07:06.960,1.0208,1.021,0.30,0.90
2008.03.12 14:07:07.244,1.0208,1.021,0.30,1.90
2008.03.12 14:07:07.539,1.0208,1.021,0.30,1.10
2008.03.12 14:07:07.812,1.0208,1.021,0.30,0.20
2008.03.12 14:07:08.096,1.0208,1.021,0.30,0.20
2008.03.12 14:07:08.381,1.0208,1.021,0.30,0.20
2008.03.12 14:07:08.649,1.0208,1.021,0.30,0.20
2008.03.12 14:07:08.918,1.0208,1.021,0.30,0.20
2008.03.12 14:07:09.199,1.0208,1.021,0.30,0.20
2008.03.12 14:07:09.467,1.0208,1.021,0.30,0.20
2008.03.12 14:07:09.740,1.0208,1.021,0.30,0.20
2008.03.12 14:07:10.015,1.0208,1.021,0.30,0.20
2008.03.12 14:07:10.288,1.0208,1.021,0.50,0.20
2008.03.12 14:07:10.571,1.0208,1.021,0.50,0.20
2008.03.12 14:07:10.855,1.0208,1.021,0.50,0.20
2008.03.12 14:07:11.139,1.02085,1.021,0.30,0.20
2008.03.12 14:07:11.424,1.0209,1.021,0.30,0.20
2008.03.12 14:07:11.688,1.0209,1.0211,0.30,1.10
2008.03.12 14:07:11.953,1.0209,1.0211,0.30,0.40
2008.03.12 14:07:12.217,1.0209,1.0211,0.30,0.40
2008.03.12 14:07:12.481,1.0209,1.0211,0.30,0.40
2008.03.12 14:07:12.780,1.0209,1.0211,0.30,0.40
2008.03.12 14:07:13.078,1.0209,1.0211,0.30,0.40
2008.03.12 14:07:13.377,1.0209,1.0211,0.30,0.40
2008.03.12 14:07:13.671,1.0209,1.0211,0.30,0.40
2008.03.12 14:07:13.965,1.0209,1.0211,0.30,0.40
2008.03.12 14:07:14.258,1.0209,1.0211,0.30,0.40
2008.03.12 14:07:14.552,1.0209,1.0211,0.30,0.40
2008.03.12 14:07:14.805,1.0209,1.0211,0.30,0.40
2008.03.12 14:07:15.038,1.0209,1.0211,0.30,0.40
2008.03.12 14:07:15.282,1.0209,1.0211,0.30,0.40
2008.03.12 14:07:15.526,1.0209,1.0211,0.30,0.40
2008.03.12 14:07:15.825,1.0209,1.0211,0.30,0.40
2008.03.12 14:07:16.126,1.02085,1.0211,7.40,1.10
2008.03.12 14:07:16.427,1.0209,1.0211,0.30,1.90
2008.03.12 14:07:16.715,1.0209,1.0211,0.30,1.10
2008.03.12 14:07:17.007,1.0209,1.0211,0.30,1.10
2008.03.12 14:07:17.296,1.0209,1.0211,0.30,1.10
2008.03.12 14:07:17.565,1.0209,1.0211,0.30,0.40
2008.03.12 14:07:17.814,1.0209,1.0211,0.30,0.40
2008.03.12 14:07:19.839,1.0209,1.0211,0.30,0.40
2008.03.12 14:07:19.916,1.0209,1.0211,0.30,0.40
2008.03.12 14:07:20.001,1.0209,1.0211,0.30,0.40
2008.03.12 14:07:20.086,1.0209,1.0211,0.30,0.40
2008.03.12 14:07:20.171,1.0209,1.0211,0.30,0.40
2008.03.12 14:07:20.260,1.0209,1.0211,0.30,0.40
2008.03.12 14:07:20.345,1.0209,1.0211,0.30,0.40
2008.03.12 14:07:20.432,1.0209,1.0211,0.30,0.40
2008.03.12 14:07:20.515,1.0209,1.0211,0.30,0.40
2008.03.12 14:07:20.548,1.0209,1.0211,0.30,0.40
2008.03.12 14:07:20.611,1.0209,1.0211,0.30,0.40
2008.03.12 14:07:20.684,1.0209,1.0211,0.30,0.40
2008.03.12 14:07:20.775,1.0209,1.0211,0.30,0.40
2008.03.12 14:07:20.858,1.0209,1.0211,0.30,0.40
2008.03.12 14:07:21.192,1.0209,1.0211,0.30,0.40
2008.03.12 14:07:21.527,1.0209,1.0211,0.30,0.40
2008.03.12 14:07:21.862,1.02085,1.0211,7.40,0.40
2008.03.12 14:07:22.097,1.02085,1.0211,3.40,0.20
2008.03.12 14:07:22.331,1.02085,1.0211,3.40,0.20
2008.03.12 14:07:22.581,1.02085,1.0211,0.30,0.90
2008.03.12 14:07:22.826,1.02085,1.0211,0.30,1.20
2008.03.12 14:07:23.074,1.02085,1.0211,3.40,0.60
2008.03.12 14:07:23.419,1.02085,1.0211,3.40,1.20
2008.03.12 14:07:23.765,1.0208,1.02105,2.60,0.20
2008.03.12 14:07:24.109,1.0208,1.021,0.30,0.20
2008.03.12 14:07:24.366,1.0208,1.021,0.30,0.20
2008.03.12 14:07:24.634,1.0208,1.021,0.30,0.20
2008.03.12 14:07:24.902,1.0208,1.021,0.30,0.20
2008.03.12 14:07:25.178,1.0208,1.021,0.30,0.20
2008.03.12 14:07:25.452,1.0208,1.021,0.30,0.20
2008.03.12 14:07:25.724,1.0208,1.021,0.30,0.20
2008.03.12 14:07:25.998,1.0208,1.021,0.30,0.20
2008.03.12 14:07:26.266,1.0208,1.021,0.30,0.20
2008.03.12 14:07:26.535,1.0208,1.021,0.30,0.20
2008.03.12 14:07:26.804,1.0208,1.021,0.30,0.20
2008.03.12 14:07:27.074,1.0208,1.021,0.30,0.20
2008.03.12 14:07:27.357,1.0208,1.021,0.30,0.20
2008.03.12 14:07:27.640,1.0208,1.021,0.30,0.20
2008.03.12 14:07:27.925,1.0208,1.021,2.60,0.20
2008.03.12 14:07:28.209,1.0208,1.021,2.60,0.20
2008.03.12 14:07:28.524,1.0208,1.021,0.30,0.20
2008.03.12 14:07:28.837,1.0208,1.021,2.60,0.40
2008.03.12 14:07:29.165,1.02085,1.021,0.30,0.40
2008.03.12 14:07:29.380,1.02085,1.021,4.20,0.40
2008.03.12 14:07:29.610,1.02085,1.021,4.20,0.40
2008.03.12 14:07:29.839,1.02085,1.021,4.20,0.40
2008.03.12 14:07:30.068,1.02085,1.021,4.20,0.40
2008.03.12 14:07:30.400,1.02085,1.021,4.20,0.40
2008.03.12 14:07:30.735,1.02085,1.021,4.20,0.40
2008.03.12 14:07:31.069,1.02085,1.021,4.20,0.40
2008.03.12 14:07:31.314,1.02085,1.021,4.20,0.40
2008.03.12 14:07:31.558,1.02085,1.021,4.20,0.40
2008.03.12 14:07:31.801,1.02085,1.021,4.20,0.40
2008.03.12 14:07:32.046,1.0208,1.0209,0.30,0.20
2008.03.12 14:07:32.300,1.0208,1.02095,0.30,1.20
2008.03.12 14:07:32.614,1.0208,1.021,0.30,0.70
2008.03.12 14:07:32.928,1.0208,1.021,0.30,0.40
2008.03.12 14:07:33.242,1.0208,1.021,0.30,0.40
2008.03.12 14:07:33.528,1.0208,1.021,0.30,0.40
2008.03.12 14:07:33.814,1.0208,1.021,0.30,0.40
2008.03.12 14:07:34.076,1.0208,1.021,0.30,0.40
2008.03.12 14:07:34.371,1.0208,1.021,0.30,0.50
2008.03.12 14:07:34.665,1.0208,1.021,0.30,1.30
2008.03.12 14:07:34.959,1.0208,1.021,0.30,0.80
2008.03.12 14:07:35.254,1.0208,1.021,0.30,0.40
2008.03.12 14:07:35.513,1.0208,1.021,0.30,0.40
2008.03.12 14:07:35.773,1.0208,1.021,0.30,0.40
2008.03.12 14:07:36.033,1.0208,1.021,0.30,0.40
2008.03.12 14:07:36.292,1.0208,1.021,0.30,0.40
2008.03.12 14:07:36.591,1.0208,1.021,0.30,0.40
2008.03.12 14:07:36.889,1.0208,1.021,0.30,0.40
2008.03.12 14:07:37.188,1.0208,1.021,0.30,0.40
2008.03.12 14:07:37.473,1.0208,1.021,0.30,0.40
2008.03.12 14:07:37.756,1.0208,1.021,0.30,0.40
2008.03.12 14:07:38.040,1.0208,1.021,0.30,0.40
2008.03.12 14:07:38.324,1.0208,1.021,0.30,0.40
2008.03.12 14:07:38.613,1.0208,1.021,0.30,0.40
2008.03.12 14:07:38.902,1.0208,1.021,0.30,0.40
2008.03.12 14:07:39.193,1.0208,1.021,0.30,0.90
2008.03.12 14:07:39.476,1.0208,1.021,0.30,0.60
2008.03.12 14:07:39.772,1.02075,1.0209,4.20,0.20
2008.03.12 14:07:40.056,1.02075,1.0209,4.20,0.20
2008.03.12 14:07:40.340,1.02075,1.0209,4.20,0.20
2008.03.12 14:07:40.604,1.02075,1.0209,4.20,0.20
2008.03.12 14:07:40.867,1.02075,1.0209,4.20,0.20
2008.03.12 14:07:41.130,1.02075,1.0209,4.20,0.20
2008.03.12 14:07:41.396,1.02075,1.0209,4.20,0.20
2008.03.12 14:07:41.689,1.02075,1.0209,4.20,0.20
2008.03.12 14:07:41.983,1.02075,1.0209,4.20,0.20
2008.03.12 14:07:42.277,1.02075,1.0209,4.20,0.20
2008.03.12 14:07:42.545,1.02075,1.0209,4.20,0.20
2008.03.12 14:07:42.805,1.0207,1.0209,0.50,0.20
2008.03.12 14:07:43.064,1.0207,1.0209,0.50,0.20
2008.03.12 14:07:43.323,1.0207,1.0209,0.50,0.20
2008.03.12 14:07:43.622,1.0207,1.0209,0.50,0.20
2008.03.12 14:07:43.920,1.0207,1.0209,0.50,0.20
2008.03.12 14:07:44.220,1.0207,1.0209,0.50,0.20
2008.03.12 14:07:44.509,1.0207,1.0209,0.50,0.20
2008.03.12 14:07:44.799,1.02075,1.0209,0.30,0.20
2008.03.12 14:07:45.088,1.02075,1.0209,4.20,0.20
2008.03.12 14:07:45.387,1.02075,1.0209,4.20,0.20
2008.03.12 14:07:45.629,1.02075,1.0209,4.20,0.20
2008.03.12 14:07:45.873,1.02075,1.0209,4.20,0.20
2008.03.12 14:07:46.118,1.0207,1.0209,0.30,0.20
2008.03.12 14:07:46.362,1.0207,1.0209,0.30,0.20
2008.03.12 14:07:46.677,1.02065,1.0209,7.40,0.90
2008.03.12 14:07:46.992,1.0207,1.0209,0.30,0.80
2008.03.12 14:07:47.307,1.0207,1.0209,0.30,0.90
2008.03.12 14:07:47.557,1.0207,1.0209,0.30,0.90
2008.03.12 14:07:47.797,1.0207,1.0209,0.30,0.20
2008.03.12 14:07:48.036,1.0207,1.0209,0.30,0.20
2008.03.12 14:07:48.175,1.0207,1.0209,0.30,0.20
2008.03.12 14:07:48.278,1.0207,1.02085,0.30,0.20
2008.03.12 14:07:48.613,1.02065,1.02085,7.40,0.20
2008.03.12 14:07:48.948,1.02065,1.0208,4.00,0.20
2008.03.12 14:07:49.284,1.0206,1.0208,0.30,0.40
2008.03.12 14:07:49.523,1.0205,1.0207,2.80,0.20
2008.03.12 14:07:49.763,1.0205,1.0207,2.80,0.20
2008.03.12 14:07:50.002,1.0205,1.0207,2.80,0.20
2008.03.12 14:07:50.242,1.02055,1.0207,0.30,0.20
2008.03.12 14:07:50.482,1.02055,1.0207,4.20,0.20
2008.03.12 14:07:50.820,1.02055,1.0207,4.20,0.20
2008.03.12 14:07:51.166,1.02055,1.0207,4.20,0.20
2008.03.12 14:07:51.515,1.02055,1.0208,0.30,0.20
2008.03.12 14:07:51.760,1.0206,1.0208,0.30,0.40
2008.03.12 14:07:51.994,1.0206,1.0208,0.30,0.40
2008.03.12 14:07:52.229,1.0206,1.0208,0.30,0.40
2008.03.12 14:07:52.464,1.0206,1.0208,0.30,0.40
2008.03.12 14:07:52.780,1.0206,1.0208,0.30,0.40
2008.03.12 14:07:53.095,1.0206,1.0208,0.30,0.40
2008.03.12 14:07:53.410,1.0206,1.0208,0.30,0.40
2008.03.12 14:07:53.688,1.0206,1.0208,0.30,0.40
2008.03.12 14:07:53.967,1.0206,1.0208,0.30,0.40
2008.03.12 14:07:54.245,1.0206,1.0208,0.30,0.40
2008.03.12 14:07:54.525,1.0206,1.0208,0.30,0.40
2008.03.12 14:07:54.805,1.0206,1.0208,0.30,0.40
2008.03.12 14:07:55.086,1.0206,1.0208,0.30,0.40
2008.03.12 14:07:55.375,1.0206,1.0208,0.30,0.40
2008.03.12 14:07:55.667,1.0206,1.0209,0.30,1.20
2008.03.12 14:07:55.987,1.0206,1.0208,0.30,0.20
2008.03.12 14:07:56.310,1.0206,1.0208,0.30,0.40
2008.03.12 14:07:56.609,1.0206,1.0208,0.30,0.40
2008.03.12 14:07:56.844,1.0206,1.0208,0.30,0.40
2008.03.12 14:07:57.079,1.02065,1.02085,4.00,0.20
2008.03.12 14:07:57.314,1.02065,1.0209,4.00,0.50
2008.03.12 14:07:57.549,1.02065,1.0209,0.30,0.40
2008.03.12 14:07:57.884,1.02065,1.0209,0.30,0.40
2008.03.12 14:07:58.218,1.02065,1.0209,0.30,0.40
2008.03.12 14:07:58.553,1.0206,1.0209,0.30,1.00
2008.03.12 14:07:58.823,1.0206,1.0208,0.30,0.20
2008.03.12 14:07:59.092,1.02055,1.0207,3.40,0.20
2008.03.12 14:07:59.361,1.02045,1.0207,7.40,0.40
2008.03.12 14:07:59.631,1.0205,1.0207,0.30,0.40
2008.03.12 14:07:59.930,1.0205,1.0207,0.30,0.40
2008.03.12 14:08:00.230,1.0205,1.0207,0.30,0.40
2008.03.12 14:08:00.529,1.0205,1.0207,0.30,0.40
2008.03.12 14:08:00.802,1.0205,1.0207,0.30,0.40
2008.03.12 14:08:01.076,1.0205,1.0207,0.30,0.40
2008.03.12 14:08:01.358,1.0205,1.0207,0.30,0.40
2008.03.12 14:08:01.643,1.0205,1.0207,0.30,0.40
2008.03.12 14:08:01.928,1.0205,1.0207,0.30,0.40
2008.03.12 14:08:02.201,1.0205,1.0207,0.30,0.40
2008.03.12 14:08:02.489,1.0205,1.0207,0.30,0.40
2008.03.12 14:08:02.749,1.0205,1.0207,0.30,0.40
2008.03.12 14:08:03.039,1.0205,1.0207,0.30,0.40
2008.03.12 14:08:03.328,1.0205,1.0207,0.30,0.40
2008.03.12 14:08:03.619,1.0205,1.0207,0.30,0.40
2008.03.12 14:08:03.913,1.0205,1.0207,0.30,0.40
2008.03.12 14:08:04.206,1.0205,1.0207,0.30,0.40
2008.03.12 14:08:04.515,1.0205,1.0207,0.30,0.40
2008.03.12 14:08:04.819,1.0205,1.0207,0.30,0.40
2008.03.12 14:08:05.073,1.0205,1.0207,0.30,0.40
2008.03.12 14:08:05.337,1.0205,1.0207,0.30,0.40
2008.03.12 14:08:05.601,1.0205,1.0207,0.30,0.40
2008.03.12 14:08:05.866,1.02045,1.0207,4.20,0.40
2008.03.12 14:08:06.145,1.02045,1.0206,4.20,0.20
2008.03.12 14:08:06.434,1.02045,1.0206,4.20,0.20
2008.03.12 14:08:06.712,1.02045,1.0206,4.20,0.20
2008.03.12 14:08:06.984,1.02045,1.0206,4.20,0.20
2008.03.12 14:08:07.258,1.02045,1.0206,4.20,0.20
2008.03.12 14:08:07.532,1.02045,1.0206,4.20,0.20
2008.03.12 14:08:07.806,1.02045,1.0206,4.20,0.20
2008.03.12 14:08:08.095,1.02045,1.0206,4.20,0.20
2008.03.12 14:08:08.384,1.02055,1.0207,4.00,0.20
2008.03.12 14:08:08.673,1.02045,1.0206,4.20,0.20
2008.03.12 14:08:08.973,1.02045,1.0206,4.20,0.20
2008.03.12 14:08:09.261,1.02045,1.0206,4.20,0.20
2008.03.12 14:08:09.552,1.02045,1.0206,4.20,0.20
2008.03.12 14:08:09.841,1.02045,1.0206,4.20,0.20
2008.03.12 14:08:10.090,1.02045,1.0206,4.20,0.20
2008.03.12 14:08:10.340,1.02045,1.0206,4.20,0.20
2008.03.12 14:08:10.589,1.02045,1.0206,4.20,0.20
2008.03.12 14:08:10.839,1.02045,1.0206,4.20,0.20
2008.03.12 14:08:11.148,1.02045,1.0206,4.20,0.20
2008.03.12 14:08:11.457,1.02045,1.0206,4.20,0.20
2008.03.12 14:08:11.772,1.02045,1.0206,4.20,0.20
2008.03.12 14:08:12.036,1.02045,1.0206,4.20,0.20
2008.03.12 14:08:12.280,1.02045,1.0206,4.20,0.20
2008.03.12 14:08:12.532,1.02045,1.0206,4.20,0.20
2008.03.12 14:08:12.787,1.02045,1.0206,4.20,0.20
2008.03.12 14:08:13.100,1.02045,1.0206,4.20,0.20
2008.03.12 14:08:13.415,1.02045,1.0206,4.20,0.20
2008.03.12 14:08:13.729,1.02045,1.0206,4.00,0.20
2008.03.12 14:08:14.044,1.0204,1.0206,0.30,0.20
2008.03.12 14:08:14.357,1.0204,1.0206,0.30,0.40
2008.03.12 14:08:14.645,1.0204,1.0206,0.30,0.40
2008.03.12 14:08:14.945,1.0204,1.0206,0.30,0.40
2008.03.12 14:08:15.211,1.02035,1.0205,4.20,0.20
2008.03.12 14:08:15.476,1.02035,1.0205,4.20,0.20
2008.03.12 14:08:15.741,1.0204,1.0205,0.30,0.20
2008.03.12 14:08:16.003,1.0204,1.0206,0.30,0.40
2008.03.12 14:08:16.291,1.0204,1.0206,0.30,0.40
2008.03.12 14:08:16.581,1.0204,1.0206,0.30,0.40
2008.03.12 14:08:16.871,1.0204,1.0206,0.30,0.40
2008.03.12 14:08:17.155,1.0204,1.0206,0.30,0.40
2008.03.12 14:08:17.439,1.0204,1.0206,0.30,0.40
2008.03.12 14:08:17.722,1.0204,1.0206,0.30,0.40
2008.03.12 14:08:18.005,1.0204,1.0206,0.30,0.40
2008.03.12 14:08:18.284,1.0204,1.0206,0.30,0.20
2008.03.12 14:08:18.563,1.0204,1.0206,0.30,0.20
2008.03.12 14:08:18.851,1.0204,1.0206,0.30,0.20
2008.03.12 14:08:19.140,1.0204,1.0206,0.30,0.20
2008.03.12 14:08:19.438,1.0204,1.0206,0.30,0.20
2008.03.12 14:08:19.737,1.0204,1.0206,0.30,0.20
2008.03.12 14:08:20.036,1.02045,1.0206,0.30,0.20
2008.03.12 14:08:20.306,1.02045,1.0206,0.30,0.20
2008.03.12 14:08:20.575,1.02045,1.0206,0.30,0.20
2008.03.12 14:08:20.844,1.0205,1.0206,0.30,0.20
2008.03.12 14:08:21.134,1.0205,1.0207,0.30,0.40
2008.03.12 14:08:21.423,1.0205,1.0207,0.30,0.40
2008.03.12 14:08:21.712,1.0205,1.0207,0.30,0.40
2008.03.12 14:08:22.002,1.0205,1.0207,0.30,0.40
2008.03.12 14:08:22.275,1.0205,1.0207,0.30,0.40
2008.03.12 14:08:22.550,1.0205,1.0207,0.30,0.40
2008.03.12 14:08:22.823,1.0205,1.0207,0.30,0.40
2008.03.12 14:08:23.097,1.02055,1.0207,4.00,0.40
2008.03.12 14:08:23.370,1.02055,1.0207,4.20,0.20
2008.03.12 14:08:23.644,1.02055,1.0207,4.20,0.20
2008.03.12 14:08:23.919,1.02055,1.0207,4.20,0.20
2008.03.12 14:08:24.228,1.02055,1.0207,4.20,0.20
2008.03.12 14:08:24.538,1.02055,1.0207,4.20,0.20
2008.03.12 14:08:24.848,1.0205,1.0207,0.30,0.40
2008.03.12 14:08:25.158,1.0205,1.0207,2.60,0.20
2008.03.12 14:08:25.403,1.0205,1.0207,2.60,0.20
2008.03.12 14:08:25.647,1.02055,1.0207,4.20,0.20
2008.03.12 14:08:25.891,1.02055,1.0207,4.20,0.20
2008.03.12 14:08:26.171,1.0205,1.0207,0.60,0.20
2008.03.12 14:08:26.452,1.0205,1.0207,2.80,0.20
2008.03.12 14:08:26.744,1.0205,1.0207,0.60,0.20
2008.03.12 14:08:27.012,1.0205,1.0207,0.60,0.20
2008.03.12 14:08:27.304,1.0205,1.0207,0.60,0.20
2008.03.12 14:08:27.600,1.0205,1.0207,0.30,0.20
2008.03.12 14:08:27.893,1.0205,1.0207,0.30,0.20
2008.03.12 14:08:28.149,1.0205,1.0207,0.30,0.20
2008.03.12 14:08:28.402,1.0205,1.0207,0.30,0.20
2008.03.12 14:08:28.658,1.0205,1.0207,0.30,0.20
2008.03.12 14:08:28.922,1.0205,1.0207,0.30,0.20
2008.03.12 14:08:29.245,1.0205,1.0207,0.30,0.20
2008.03.12 14:08:29.568,1.0205,1.0207,0.30,0.20
2008.03.12 14:08:29.891,1.0205,1.0207,0.30,0.20
2008.03.12 14:08:30.216,1.0205,1.0207,0.30,0.50
2008.03.12 14:08:30.460,1.0205,1.0207,0.60,16.30
2008.03.12 14:08:30.703,1.0205,1.0207,0.60,16.30
2008.03.12 14:08:30.947,1.0205,1.0207,0.30,16.30
2008.03.12 14:08:31.191,1.0205,1.0207,0.60,16.30
2008.03.12 14:08:31.475,1.0205,1.0207,0.60,16.30
2008.03.12 14:08:31.758,1.0205,1.0207,0.60,16.30
2008.03.12 14:08:32.041,1.0205,1.0207,0.60,16.30
2008.03.12 14:08:32.295,1.0205,1.0207,0.60,16.30
2008.03.12 14:08:32.549,1.0205,1.0207,0.60,16.30
2008.03.12 14:08:32.801,1.0205,1.0207,0.60,16.30
2008.03.12 14:08:33.055,1.0205,1.0207,0.60,16.30
2008.03.12 14:08:33.319,1.0205,1.0207,0.60,16.30
2008.03.12 14:08:33.584,1.0205,1.0207,0.60,16.30
2008.03.12 14:08:33.847,1.0205,1.0207,0.60,16.30
2008.03.12 14:08:34.110,1.0205,1.0207,0.60,16.30
2008.03.12 14:08:34.423,1.0205,1.0207,0.60,16.30
2008.03.12 14:08:34.737,1.0205,1.0207,0.60,16.30
2008.03.12 14:08:35.050,1.0205,1.0207,0.60,16.30
2008.03.12 14:08:35.364,1.0205,1.0207,0.60,16.30
2008.03.12 14:08:35.608,1.0205,1.0207,0.60,16.30
2008.03.12 14:08:35.852,1.0205,1.0207,0.60,16.30
2008.03.12 14:08:36.095,1.0205,1.0207,0.60,16.30
2008.03.12 14:08:36.374,1.0205,1.0207,0.30,16.30
2008.03.12 14:08:36.654,1.0205,1.0207,0.30,16.30
2008.03.12 14:08:36.932,1.0205,1.0207,0.30,16.30
2008.03.12 14:08:37.210,1.0205,1.0207,0.30,16.30
2008.03.12 14:08:37.472,1.0205,1.0207,0.30,16.30
2008.03.12 14:08:37.735,1.0205,1.0207,0.30,16.30
2008.03.12 14:08:37.998,1.0205,1.0207,0.60,16.30
2008.03.12 14:08:38.261,1.0205,1.0207,0.60,16.30
2008.03.12 14:08:38.564,1.0205,1.0207,0.60,16.30
2008.03.12 14:08:38.868,1.0205,1.0207,0.60,16.30
2008.03.12 14:08:39.172,1.0205,1.0207,0.60,16.30
2008.03.12 14:08:39.424,1.0205,1.0207,0.60,16.30
2008.03.12 14:08:39.677,1.0205,1.0207,0.60,16.30
2008.03.12 14:08:39.931,1.0205,1.0207,0.60,16.30
2008.03.12 14:08:40.197,1.0205,1.0207,0.60,16.30
2008.03.12 14:08:40.450,1.0205,1.0207,2.80,5.90
2008.03.12 14:08:40.579,1.0205,1.0207,2.80,1.60
2008.03.12 14:08:40.689,1.0205,1.0207,1.40,0.60
2008.03.12 14:08:40.724,1.02055,1.0207,0.30,1.10
2008.03.12 14:08:40.999,1.02055,1.0207,1.20,0.50
2008.03.12 14:08:41.273,1.02055,1.0207,0.70,1.80
2008.03.12 14:08:41.552,1.02055,1.0207,1.90,1.90
2008.03.12 14:08:41.832,1.02055,1.0207,1.00,1.20
2008.03.12 14:08:42.111,1.02055,1.0207,0.70,5.90
2008.03.12 14:08:42.389,1.02055,1.0207,1.60,5.90
2008.03.12 14:08:42.673,1.02055,1.0207,1.20,5.90
2008.03.12 14:08:42.956,1.02055,1.0207,1.30,5.90
2008.03.12 14:08:43.250,1.02055,1.0207,1.80,5.90
2008.03.12 14:08:43.538,1.02055,1.0207,2.00,5.90
2008.03.12 14:08:43.724,1.02055,1.0207,1.00,0.60
2008.03.12 14:08:43.858,1.02055,1.0207,0.70,0.50
2008.03.12 14:08:44.183,1.02055,1.0207,0.80,1.00
2008.03.12 14:08:44.512,1.02055,1.0207,1.00,0.50
2008.03.12 14:08:44.736,1.0206,1.0207,0.30,0.80
2008.03.12 14:08:44.961,1.0206,1.0208,0.30,1.40
2008.03.12 14:08:45.185,1.0206,1.0208,2.80,1.30
2008.03.12 14:08:45.409,1.0206,1.0208,2.80,1.20
2008.03.12 14:08:45.632,1.02065,1.0208,0.30,1.80
2008.03.12 14:08:45.966,1.0206,1.0208,2.80,1.50
2008.03.12 14:08:46.301,1.0207,1.0208,0.30,1.10
2008.03.12 14:08:46.635,1.02065,1.0208,4.20,1.50
2008.03.12 14:08:46.874,1.02065,1.0209,4.20,0.90
2008.03.12 14:08:47.114,1.02065,1.0209,4.20,0.70
2008.03.12 14:08:47.354,1.02065,1.0208,4.20,0.60
2008.03.12 14:08:47.593,1.0207,1.0208,0.30,1.30
2008.03.12 14:08:47.928,1.0207,1.0208,0.30,1.10
2008.03.12 14:08:48.263,1.02065,1.0208,4.00,0.90
2008.03.12 14:08:48.596,1.0207,1.0208,0.30,0.80
2008.03.12 14:08:48.866,1.02055,1.0207,4.20,1.90
2008.03.12 14:08:49.135,1.02055,1.0207,4.20,0.60
2008.03.12 14:08:49.403,1.02055,1.0207,4.20,1.70
2008.03.12 14:08:49.673,1.0206,1.0207,0.30,0.70
2008.03.12 14:08:49.954,1.0206,1.0208,0.30,0.50
2008.03.12 14:08:50.234,1.02055,1.0208,0.30,1.60
2008.03.12 14:08:50.513,1.02055,1.0207,0.30,0.60
2008.03.12 14:08:50.788,1.02055,1.0207,0.30,0.50
2008.03.12 14:08:51.060,1.0205,1.0207,2.60,1.60
2008.03.12 14:08:51.334,1.0205,1.0207,2.60,1.70
2008.03.12 14:08:51.607,1.02055,1.0207,0.30,1.10
2008.03.12 14:08:51.878,1.0206,1.0208,0.30,1.70
2008.03.12 14:08:52.147,1.0206,1.0208,0.30,0.60
2008.03.12 14:08:52.416,1.0206,1.0208,0.30,1.00
2008.03.12 14:08:52.684,1.0206,1.0208,0.30,1.20
2008.03.12 14:08:52.977,1.02055,1.0207,0.30,1.60
2008.03.12 14:08:53.271,1.0205,1.0207,0.30,1.70
2008.03.12 14:08:53.564,1.0205,1.0207,0.30,1.40
2008.03.12 14:08:53.844,1.0205,1.0207,0.30,0.60
2008.03.12 14:08:54.123,1.0205,1.0207,0.30,0.50
2008.03.12 14:08:54.402,1.0205,1.0207,0.30,0.70
2008.03.12 14:08:54.681,1.0205,1.0207,0.30,1.20
2008.03.12 14:08:54.944,1.0205,1.0207,0.30,1.00
2008.03.12 14:08:55.219,1.0205,1.0207,0.30,1.40
2008.03.12 14:08:55.473,1.0205,1.0207,0.30,0.50
2008.03.12 14:08:55.737,1.0205,1.0207,0.30,1.10
2008.03.12 14:08:56.020,1.0205,1.0207,2.60,0.70
2008.03.12 14:08:56.305,1.02055,1.0207,0.30,0.80
2008.03.12 14:08:56.589,1.02055,1.0207,4.00,1.60
2008.03.12 14:08:56.853,1.02055,1.0207,4.00,1.70
2008.03.12 14:08:57.118,1.0205,1.0207,0.30,1.00
2008.03.12 14:08:57.383,1.0205,1.0207,0.30,1.30
2008.03.12 14:08:57.649,1.0205,1.0207,0.30,1.20
2008.03.12 14:08:57.918,1.0205,1.0207,2.60,0.70
2008.03.12 14:08:58.186,1.02055,1.0207,0.30,1.50
2008.03.12 14:08:58.455,1.02055,1.0207,4.20,0.60
2008.03.12 14:08:58.723,1.02055,1.0207,4.20,1.10
2008.03.12 14:08:59.044,1.02055,1.0207,4.20,1.20
2008.03.12 14:08:59.364,1.0205,1.0206,0.20,0.70
2008.03.12 14:08:59.692,1.02055,1.0207,4.00,0.70
2008.03.12 14:08:59.933,1.0205,1.0207,0.50,1.40
2008.03.12 14:09:00.174,1.0205,1.0207,0.30,1.40
2008.03.12 14:09:00.417,1.0205,1.0207,0.30,1.50
2008.03.12 14:09:00.633,1.0205,1.0207,0.30,1.60
2008.03.12 14:09:00.861,1.0205,1.0207,0.30,0.90
2008.03.12 14:09:01.195,1.0205,1.0207,0.30,0.90
2008.03.12 14:09:01.529,1.0205,1.0207,0.30,1.60
2008.03.12 14:09:01.864,1.0205,1.0207,0.30,0.70
2008.03.12 14:09:02.097,1.0205,1.0207,2.60,0.90
2008.03.12 14:09:02.333,1.0205,1.0207,2.60,1.90
2008.03.12 14:09:02.568,1.02055,1.0207,4.20,1.70
2008.03.12 14:09:02.802,1.02055,1.0207,4.20,1.10
2008.03.12 14:09:03.147,1.02055,1.0207,4.20,0.90
2008.03.12 14:09:03.493,1.02055,1.0207,4.20,1.30
2008.03.12 14:09:03.831,1.02055,1.0207,4.20,1.60
2008.03.12 14:09:04.106,1.02055,1.0207,4.20,1.60
2008.03.12 14:09:04.370,1.02055,1.0207,4.20,1.10
2008.03.12 14:09:04.635,1.02055,1.0207,4.20,1.80
2008.03.12 14:09:04.900,1.02055,1.0207,4.20,1.90
2008.03.12 14:09:05.179,1.02055,1.0207,4.20,1.60
2008.03.12 14:09:05.459,1.02055,1.0207,4.20,0.80
2008.03.12 14:09:05.751,1.02055,1.0207,4.20,1.90
2008.03.12 14:09:06.030,1.02055,1.0207,4.20,0.70
2008.03.12 14:09:06.314,1.02045,1.0206,4.20,1.50
2008.03.12 14:09:06.598,1.0205,1.0206,0.30,1.30
2008.03.12 14:09:06.882,1.0205,1.0206,0.30,0.80
2008.03.12 14:09:07.135,1.02045,1.0206,4.20,0.80
2008.03.12 14:09:07.389,1.02045,1.0206,4.20,0.60
2008.03.12 14:09:07.644,1.02045,1.0206,4.20,0.70
2008.03.12 14:09:07.898,1.02045,1.0206,4.00,0.80
2008.03.12 14:09:08.208,1.0204,1.0206,0.30,1.50
2008.03.12 14:09:08.516,1.0204,1.0206,0.30,1.30
2008.03.12 14:09:08.827,1.0204,1.0206,0.30,1.40
2008.03.12 14:09:09.131,1.02045,1.0206,0.30,0.50
2008.03.12 14:09:09.436,1.02045,1.0206,4.20,1.00
2008.03.12 14:09:09.739,1.02045,1.0206,4.20,0.60
2008.03.12 14:09:10.044,1.02045,1.0206,4.20,1.80
2008.03.12 14:09:10.295,1.02045,1.0206,4.20,1.30
2008.03.12 14:09:10.556,1.02045,1.0206,4.20,1.20
2008.03.12 14:09:10.793,1.02045,1.0206,4.20,1.50
2008.03.12 14:09:11.042,1.02045,1.0206,4.20,0.60
2008.03.12 14:09:11.357,1.02045,1.0206,4.20,6.40
2008.03.12 14:09:11.670,1.02045,1.0206,4.20,6.40
2008.03.12 14:09:11.995,1.02045,1.0206,4.20,6.40
2008.03.12 14:09:12.248,1.02045,1.0206,4.20,6.40
2008.03.12 14:09:12.481,1.02045,1.0206,4.20,6.40
2008.03.12 14:09:12.726,1.0204,1.0206,0.60,8.80
2008.03.12 14:09:12.969,1.0204,1.0206,0.60,8.80
2008.03.12 14:09:13.298,1.0204,1.0206,1.40,15.40
2008.03.12 14:09:13.626,1.02035,1.0206,3.40,14.60
2008.03.12 14:09:13.957,1.02035,1.0206,3.40,17.80
2008.03.12 14:09:14.299,1.02035,1.0206,3.40,17.80
2008.03.12 14:09:14.574,1.0204,1.0206,0.30,17.80
2008.03.12 14:09:14.850,1.0204,1.0206,0.30,17.80
2008.03.12 14:09:15.102,1.02035,1.0206,3.40,17.80
2008.03.12 14:09:15.406,1.02035,1.0206,3.40,17.80
2008.03.12 14:09:15.710,1.0204,1.0206,0.30,17.80
2008.03.12 14:09:16.015,1.02035,1.0206,3.40,19.40
2008.03.12 14:09:16.284,1.02035,1.0206,3.40,17.80
2008.03.12 14:09:16.553,1.02035,1.0206,3.40,17.80
2008.03.12 14:09:16.821,1.02035,1.0206,3.40,17.80
2008.03.12 14:09:17.090,1.02035,1.0206,3.40,17.80
2008.03.12 14:09:17.372,1.02035,1.0206,3.40,17.80
2008.03.12 14:09:17.661,1.02035,1.0206,3.40,17.80
2008.03.12 14:09:17.950,1.02035,1.0206,3.40,17.80
2008.03.12 14:09:18.229,1.0204,1.0206,0.30,17.80
2008.03.12 14:09:18.508,1.0204,1.0206,0.30,17.80
2008.03.12 14:09:18.789,1.02035,1.0206,7.40,17.80
2008.03.12 14:09:19.068,1.0204,1.0206,0.30,17.80
2008.03.12 14:09:19.358,1.0204,1.0206,0.30,17.00
2008.03.12 14:09:19.647,1.0204,1.0206,0.30,6.40
2008.03.12 14:09:19.936,1.0204,1.0206,0.30,6.40
2008.03.12 14:09:20.226,1.0204,1.0206,2.60,6.40
2008.03.12 14:09:20.502,1.0204,1.0206,2.60,6.40
2008.03.12 14:09:20.775,1.02045,1.0206,0.30,4.00
2008.03.12 14:09:21.048,1.02045,1.0206,4.20,4.00
2008.03.12 14:09:21.323,1.02045,1.0206,4.20,4.00
2008.03.12 14:09:21.602,1.02045,1.0206,4.20,4.00
2008.03.12 14:09:21.880,1.02045,1.0206,4.20,4.00
2008.03.12 14:09:22.159,1.0205,1.0207,0.30,18.40
2008.03.12 14:09:22.436,1.0205,1.0207,0.30,6.40
2008.03.12 14:09:22.699,1.02055,1.0207,0.30,6.40
2008.03.12 14:09:22.962,1.02055,1.0207,0.30,6.40
2008.03.12 14:09:23.226,1.02055,1.0207,0.30,6.40
2008.03.12 14:09:23.514,1.0205,1.0207,0.30,8.80
2008.03.12 14:09:23.804,1.0205,1.0207,0.30,8.80
2008.03.12 14:09:24.092,1.02055,1.0207,0.30,6.40
2008.03.12 14:09:24.381,1.02055,1.0208,0.30,18.40
2008.03.12 14:09:24.676,1.0205,1.0207,3.60,4.80
2008.03.12 14:09:24.970,1.0205,1.0207,6.00,6.40
2008.03.12 14:09:25.277,1.02055,1.0207,0.30,4.00
2008.03.12 14:09:25.540,1.02055,1.0207,4.20,4.00
2008.03.12 14:09:25.805,1.0206,1.0207,0.30,0.06
2008.03.12 14:09:26.069,1.0206,1.0208,0.30,17.60
2008.03.12 14:09:26.333,1.0206,1.0208,0.30,17.60
2008.03.12 14:09:26.612,1.0206,1.0208,0.30,17.60
2008.03.12 14:09:26.890,1.0206,1.0208,0.30,17.60
2008.03.12 14:09:27.169,1.0206,1.0208,0.30,17.60
2008.03.12 14:09:27.464,1.0206,1.0208,0.30,16.80
2008.03.12 14:09:27.747,1.0206,1.0208,0.30,16.80
2008.03.12 14:09:28.032,1.0206,1.0208,0.30,16.80
2008.03.12 14:09:28.315,1.0206,1.0208,0.30,16.80
2008.03.12 14:09:28.609,1.0206,1.0208,0.30,16.80
2008.03.12 14:09:28.903,1.0206,1.0208,0.30,17.60
2008.03.12 14:09:29.197,1.0205,1.0207,0.30,6.40
2008.03.12 14:09:29.491,1.0205,1.0207,2.60,6.40
2008.03.12 14:09:29.765,1.0206,1.0207,0.30,4.00
2008.03.12 14:09:30.040,1.0206,1.0208,0.30,17.60
2008.03.12 14:09:30.315,1.02055,1.0208,0.30,16.80
2008.03.12 14:09:30.594,1.0206,1.0207,0.30,2.40
2008.03.12 14:09:30.873,1.0206,1.0208,0.30,16.80
2008.03.12 14:09:31.152,1.0206,1.0208,0.30,16.80
2008.03.12 14:09:31.431,1.0206,1.0208,0.30,16.80
2008.03.12 14:09:31.725,1.0206,1.0208,0.30,16.80
2008.03.12 14:09:32.028,1.0206,1.0208,0.30,16.80
2008.03.12 14:09:32.322,1.0206,1.0208,0.30,16.80
2008.03.12 14:09:32.586,1.0206,1.0208,0.30,16.80
2008.03.12 14:09:32.840,1.0206,1.0208,0.30,16.80
2008.03.12 14:09:33.093,1.0206,1.0208,0.30,16.80
2008.03.12 14:09:33.348,1.0206,1.0208,0.30,16.80
2008.03.12 14:09:33.662,1.0206,1.0208,0.30,16.80
2008.03.12 14:09:33.978,1.0206,1.0208,0.30,16.80
2008.03.12 14:09:34.292,1.0206,1.0208,2.60,14.40
2008.03.12 14:09:34.544,1.0206,1.0208,0.30,16.80
2008.03.12 14:09:34.793,1.0206,1.0208,0.30,16.80
2008.03.12 14:09:35.042,1.0206,1.0208,2.60,14.40
2008.03.12 14:09:35.291,1.0206,1.0208,0.30,16.80
2008.03.12 14:09:35.560,1.0206,1.0208,0.30,16.80
2008.03.12 14:09:35.830,1.0206,1.0208,0.30,16.80
2008.03.12 14:09:36.098,1.0206,1.0208,0.30,16.80
2008.03.12 14:09:36.368,1.0206,1.0208,0.30,16.80
2008.03.12 14:09:36.681,1.0206,1.0208,2.60,6.40
2008.03.12 14:09:36.996,1.0206,1.0208,2.60,6.40
2008.03.12 14:09:37.279,1.02065,1.0208,4.20,6.40
2008.03.12 14:09:37.533,1.02065,1.0208,4.20,6.40
2008.03.12 14:09:37.787,1.02065,1.0208,4.20,6.40
2008.03.12 14:09:38.040,1.02065,1.0208,4.20,6.40
2008.03.12 14:09:38.293,1.02065,1.0208,4.20,6.40
2008.03.12 14:09:38.636,1.02065,1.0208,4.20,6.40
2008.03.12 14:09:38.970,1.02065,1.0208,4.20,6.40
2008.03.12 14:09:39.305,1.02065,1.0208,4.20,8.80
2008.03.12 14:09:39.528,1.02065,1.0208,4.20,8.80
2008.03.12 14:09:39.753,1.02065,1.0208,4.20,8.80
2008.03.12 14:09:39.976,1.02065,1.0208,4.20,6.40
2008.03.12 14:09:40.198,1.02065,1.0208,4.20,6.40
2008.03.12 14:09:40.423,1.02065,1.0208,4.20,6.40
2008.03.12 14:09:40.758,1.02065,1.0208,4.20,6.40
2008.03.12 14:09:41.091,1.02065,1.0208,4.20,6.40
2008.03.12 14:09:41.425,1.02065,1.0208,4.20,6.40
2008.03.12 14:09:41.662,1.02065,1.0208,4.20,6.40
2008.03.12 14:09:41.901,1.02065,1.0208,4.20,8.80
2008.03.12 14:09:42.141,1.02065,1.0208,4.20,8.80
2008.03.12 14:09:42.391,1.02065,1.0208,4.00,8.80
2008.03.12 14:09:42.630,1.0206,1.0208,0.30,9.60
2008.03.12 14:09:42.934,1.0206,1.0208,0.30,9.60
2008.03.12 14:09:43.238,1.02055,1.02075,4.20,0.80
2008.03.12 14:09:43.542,1.02055,1.0207,4.20,4.00
2008.03.12 14:09:43.862,1.02055,1.0207,4.20,4.00
2008.03.12 14:09:44.180,1.02055,1.0207,4.20,4.00
2008.03.12 14:09:44.499,1.02055,1.0207,4.20,4.00
2008.03.12 14:09:44.727,1.02055,1.0207,4.20,4.00
2008.03.12 14:09:44.958,1.02055,1.0207,4.20,4.00
2008.03.12 14:09:45.188,1.02055,1.0207,4.20,4.00
2008.03.12 14:09:45.417,1.02055,1.0207,4.20,6.40
2008.03.12 14:09:45.645,1.02045,1.0207,7.40,8.80
2008.03.12 14:09:45.940,1.02045,1.0207,3.40,19.20
2008.03.12 14:09:46.234,1.02045,1.0206,0.30,4.80
2008.03.12 14:09:46.528,1.0204,1.0207,0.30,20.80
2008.03.12 14:09:46.846,1.0204,1.02065,0.30,0.80
2008.03.12 14:09:47.165,1.02045,1.0207,0.30,20.00
2008.03.12 14:09:47.483,1.02045,1.0207,0.30,19.20
2008.03.12 14:09:47.803,1.02045,1.0207,0.30,19.20
2008.03.12 14:09:48.022,1.02045,1.0207,0.30,19.20
2008.03.12 14:09:48.242,1.02045,1.0207,0.30,19.20
2008.03.12 14:09:48.462,1.02045,1.0207,0.30,19.20
2008.03.12 14:09:48.681,1.02045,1.0207,0.30,19.20
2008.03.12 14:09:49.014,1.02045,1.0207,0.30,19.20
2008.03.12 14:09:49.347,1.02045,1.0207,0.30,19.20
2008.03.12 14:09:49.680,1.02045,1.0207,0.30,19.20
2008.03.12 14:09:49.924,1.02045,1.0207,0.30,19.20
2008.03.12 14:09:50.170,1.02045,1.0207,0.30,19.20
2008.03.12 14:09:50.414,1.02045,1.02065,0.30,0.80
2008.03.12 14:09:50.657,1.02035,1.0206,6.40,2.40
2008.03.12 14:09:50.972,1.02045,1.0205,0.30,1.60
2008.03.12 14:09:51.285,1.0204,1.0206,0.30,21.20
2008.03.12 14:09:51.599,1.0203,1.0205,0.30,8.80
2008.03.12 14:09:51.868,1.0203,1.0205,3.40,8.80
2008.03.12 14:09:52.140,1.0203,1.0205,0.30,8.80
2008.03.12 14:09:52.408,1.0203,1.0205,0.30,16.80
2008.03.12 14:09:52.678,1.0203,1.0205,0.30,16.80
2008.03.12 14:09:52.946,1.0203,1.0205,0.30,16.80
2008.03.12 14:09:53.216,1.0203,1.0205,0.30,8.80
2008.03.12 14:09:53.494,1.0203,1.0205,0.30,6.40
2008.03.12 14:09:53.763,1.02035,1.0205,0.30,6.40
2008.03.12 14:09:54.089,1.0203,1.0205,2.60,6.40
2008.03.12 14:09:54.413,1.0203,1.0205,0.30,17.60
2008.03.12 14:09:54.737,1.02025,1.0205,3.40,17.60
2008.03.12 14:09:54.975,1.02025,1.0205,3.40,17.60
2008.03.12 14:09:55.214,1.02025,1.0205,3.40,17.60
2008.03.12 14:09:55.451,1.02025,1.0205,3.40,17.60
2008.03.12 14:09:55.690,1.02025,1.0205,3.40,16.80
2008.03.12 14:09:56.015,1.02025,1.0205,0.30,16.80
2008.03.12 14:09:56.319,1.02025,1.0205,3.40,18.00
2008.03.12 14:09:56.633,1.02025,1.0205,3.40,18.00
2008.03.12 14:09:56.948,1.02025,1.02045,0.30,0.80
2008.03.12 14:09:57.237,1.0203,1.0204,0.30,3.20
2008.03.12 14:09:57.526,1.0203,1.0204,0.30,5.60
2008.03.12 14:09:57.816,1.0202,1.0204,0.30,10.40
2008.03.12 14:09:58.097,1.02015,1.02035,7.40,0.80
2008.03.12 14:09:58.376,1.02015,1.02035,4.20,0.80
2008.03.12 14:09:58.655,1.02015,1.0203,4.20,6.40
2008.03.12 14:09:58.934,1.02015,1.0203,4.00,6.40
2008.03.12 14:09:59.243,1.0201,1.0203,0.30,8.80
2008.03.12 14:09:59.553,1.0201,1.0202,2.60,4.00
2008.03.12 14:09:59.863,1.02005,1.0202,7.40,4.00
2008.03.12 14:10:00.123,1.02005,1.0202,4.20,6.40
2008.03.12 14:10:00.381,1.02005,1.0202,4.20,6.40
2008.03.12 14:10:00.641,1.01995,1.02015,7.40,0.80
2008.03.12 14:10:00.899,1.01995,1.02015,4.20,0.80
2008.03.12 14:10:01.180,1.02,1.0202,0.30,9.60
2008.03.12 14:10:01.458,1.02,1.0202,0.30,8.80
2008.03.12 14:10:01.736,1.02,1.0202,0.30,8.80
2008.03.12 14:10:02.045,1.02,1.0202,0.30,16.80
2008.03.12 14:10:02.355,1.02,1.0202,0.30,18.20
2008.03.12 14:10:02.664,1.01995,1.0202,4.00,18.70
2008.03.12 14:10:02.973,1.01985,1.02,3.40,2.40
2008.03.12 14:10:03.241,1.01985,1.0201,3.20,4.00
2008.03.12 14:10:03.511,1.01985,1.0201,7.40,5.60
2008.03.12 14:10:03.780,1.01985,1.02,3.40,4.00
2008.03.12 14:10:04.080,1.01985,1.02005,3.40,0.80
2008.03.12 14:10:04.378,1.01985,1.0202,3.40,0.80
2008.03.12 14:10:04.676,1.01985,1.0202,3.20,0.80
2008.03.12 14:10:04.975,1.0198,1.02015,0.30,4.00
2008.03.12 14:10:05.260,1.0198,1.02015,0.30,4.00
2008.03.12 14:10:05.543,1.0198,1.02,2.60,2.40
2008.03.12 14:10:05.826,1.0198,1.02,2.60,2.40
2008.03.12 14:10:05.854,1.0198,1.02,1.50,2.40
2008.03.12 14:10:06.111,1.01985,1.02,0.30,2.30
2008.03.12 14:10:06.375,1.0199,1.02005,0.30,0.80
2008.03.12 14:10:06.640,1.0199,1.02005,0.30,0.80
2008.03.12 14:10:06.904,1.0199,1.02005,0.30,0.80
2008.03.12 14:10:07.237,1.0199,1.02005,0.30,0.80
2008.03.12 14:10:07.573,1.0199,1.02005,0.30,0.80
2008.03.12 14:10:07.919,1.01985,1.0201,4.20,18.60
2008.03.12 14:10:08.158,1.01995,1.0201,4.00,17.60
2008.03.12 14:10:08.396,1.01995,1.0201,4.00,8.80
2008.03.12 14:10:08.637,1.02,1.0201,0.30,2.40
2008.03.12 14:10:08.875,1.02,1.0202,0.30,20.00
2008.03.12 14:10:09.113,1.02,1.0202,0.30,17.60
2008.03.12 14:10:09.447,1.02,1.0202,0.30,17.60
2008.03.12 14:10:09.781,1.01995,1.0202,4.20,17.60
2008.03.12 14:10:10.116,1.02,1.02015,0.30,0.80
2008.03.12 14:10:10.363,1.02,1.02015,0.30,0.80
2008.03.12 14:10:10.607,1.02,1.02015,0.30,0.80
2008.03.12 14:10:10.850,1.02,1.02015,0.30,0.80
2008.03.12 14:10:11.096,1.02,1.0202,0.30,17.60
2008.03.12 14:10:11.415,1.02,1.0202,0.30,10.40
2008.03.12 14:10:11.733,1.02,1.0202,0.30,16.80
2008.03.12 14:10:12.053,1.02,1.0202,0.30,16.80
2008.03.12 14:10:12.347,1.02,1.0202,3.20,14.40
2008.03.12 14:10:12.641,1.02,1.0202,0.80,16.80
2008.03.12 14:10:12.936,1.02,1.0202,2.80,6.40
2008.03.12 14:10:13.230,1.02005,1.0202,0.30,6.40
2008.03.12 14:10:13.520,1.02005,1.0202,4.20,6.40
2008.03.12 14:10:13.799,1.02005,1.0202,4.20,6.40
2008.03.12 14:10:14.083,1.02005,1.0202,4.20,6.40
2008.03.12 14:10:14.366,1.02005,1.0202,4.20,6.40
2008.03.12 14:10:14.651,1.02005,1.0202,4.20,6.40
2008.03.12 14:10:14.935,1.0201,1.0202,0.30,6.40
2008.03.12 14:10:15.220,1.0201,1.0203,0.30,16.80
2008.03.12 14:10:15.514,1.0201,1.0203,0.30,16.80
2008.03.12 14:10:15.811,1.02015,1.0203,0.30,4.00
2008.03.12 14:10:16.106,1.0202,1.0204,0.30,17.80
2008.03.12 14:10:16.370,1.0202,1.0204,0.30,17.60
2008.03.12 14:10:16.639,1.0202,1.0204,0.30,17.60
2008.03.12 14:10:16.914,1.0202,1.0204,0.30,17.60
2008.03.12 14:10:17.168,1.0203,1.0204,0.30,17.60
2008.03.12 14:10:17.487,1.02025,1.0204,4.20,5.60
2008.03.12 14:10:17.808,1.02025,1.0204,4.20,4.80
2008.03.12 14:10:18.128,1.02035,1.0205,0.30,17.60
2008.03.12 14:10:18.393,1.0204,1.0206,0.30,19.20
2008.03.12 14:10:18.656,1.0204,1.0206,0.30,17.60
2008.03.12 14:10:18.920,1.0204,1.0206,0.30,17.60
2008.03.12 14:10:19.184,1.0204,1.0206,0.30,17.60
2008.03.12 14:10:19.502,1.0204,1.0206,0.30,18.40
2008.03.12 14:10:19.822,1.0204,1.0206,0.30,19.20
2008.03.12 14:10:20.142,1.0204,1.0206,0.30,19.70
2008.03.12 14:10:20.391,1.0203,1.0205,5.00,4.00
2008.03.12 14:10:20.640,1.02025,1.0205,7.40,8.80
2008.03.12 14:10:20.888,1.02025,1.0205,3.40,17.60
2008.03.12 14:10:21.138,1.02025,1.0205,3.40,17.70
2008.03.12 14:10:21.454,1.02025,1.0205,3.40,10.00
2008.03.12 14:10:21.769,1.0203,1.0205,0.30,19.60
2008.03.12 14:10:22.083,1.02025,1.0204,4.00,4.80
2008.03.12 14:10:22.398,1.02025,1.0204,4.00,10.00
2008.03.12 14:10:22.701,1.02015,1.0203,7.40,4.00
2008.03.12 14:10:23.006,1.02015,1.0203,0.30,8.80
2008.03.12 14:10:23.309,1.0201,1.0203,2.80,6.40
2008.03.12 14:10:23.563,1.0201,1.0203,2.80,6.40
2008.03.12 14:10:23.819,1.0201,1.0203,0.30,8.80
2008.03.12 14:10:24.083,1.02005,1.0203,3.40,8.80
2008.03.12 14:10:24.349,1.0201,1.0203,0.30,6.40
2008.03.12 14:10:24.672,1.0201,1.0203,0.30,8.80
2008.03.12 14:10:25.005,1.0201,1.0203,0.30,8.80
2008.03.12 14:10:25.341,1.02015,1.0203,0.30,6.40
2008.03.12 14:10:25.580,1.02015,1.0203,4.20,6.40
2008.03.12 14:10:25.820,1.02015,1.0203,4.20,6.40
2008.03.12 14:10:26.058,1.02015,1.0203,4.20,6.40
2008.03.12 14:10:26.297,1.02015,1.0203,4.20,6.40
2008.03.12 14:10:26.638,1.0202,1.0203,0.30,6.40
2008.03.12 14:10:26.983,1.0202,1.0204,0.30,10.40
2008.03.12 14:10:27.306,1.0202,1.0204,0.30,18.60
2008.03.12 14:10:27.551,1.0202,1.0204,0.30,10.40
2008.03.12 14:10:27.793,1.02025,1.0204,0.30,10.10
2008.03.12 14:10:28.037,1.02015,1.0203,3.20,2.40
2008.03.12 14:10:28.282,1.02015,1.0203,3.20,5.00
2008.03.12 14:10:28.605,1.02005,1.0203,3.40,9.20
2008.03.12 14:10:28.930,1.0201,1.0203,0.30,17.60
2008.03.12 14:10:29.254,1.02015,1.0203,0.30,8.80
2008.03.12 14:10:29.518,1.02015,1.0203,4.20,8.80
2008.03.12 14:10:29.783,1.02015,1.0203,4.20,6.40
2008.03.12 14:10:30.048,1.0202,1.0203,0.30,6.40
2008.03.12 14:10:30.323,1.0202,1.0204,0.30,18.40
2008.03.12 14:10:30.621,1.0202,1.0204,0.30,18.40
2008.03.12 14:10:30.919,1.0202,1.0203,0.30,2.40
2008.03.12 14:10:31.218,1.0202,1.0203,0.30,2.40
2008.03.12 14:10:31.516,1.0202,1.0203,0.30,2.40
2008.03.12 14:10:31.844,1.0202,1.0203,0.30,2.40
2008.03.12 14:10:32.173,1.0202,1.0204,0.30,8.80
2008.03.12 14:10:32.503,1.0202,1.0204,0.30,8.80
2008.03.12 14:10:32.747,1.0202,1.0204,2.60,6.40
2008.03.12 14:10:32.992,1.0203,1.0204,0.30,4.00
2008.03.12 14:10:33.238,1.0203,1.0205,0.30,8.80
2008.03.12 14:10:33.482,1.0203,1.0205,0.30,16.80
2008.03.12 14:10:33.810,1.0203,1.0205,0.30,16.80
2008.03.12 14:10:34.140,1.0203,1.0205,0.30,16.80
2008.03.12 14:10:34.469,1.0203,1.0205,0.30,18.50
2008.03.12 14:10:34.730,1.02025,1.0205,3.20,18.70
2008.03.12 14:10:34.978,1.0202,1.0204,0.30,6.70
2008.03.12 14:10:35.228,1.02015,1.0203,7.20,4.00
2008.03.12 14:10:35.478,1.0201,1.0203,0.30,18.40
2008.03.12 14:10:35.787,1.0201,1.0203,0.30,9.20
2008.03.12 14:10:36.097,1.0201,1.0203,0.30,9.60
2008.03.12 14:10:36.405,1.02005,1.0202,6.60,4.00
2008.03.12 14:10:36.690,1.02015,1.02035,4.20,3.20
2008.03.12 14:10:36.975,1.02015,1.0204,4.20,11.10
2008.03.12 14:10:37.258,1.0202,1.0204,0.30,11.10
2008.03.12 14:10:37.542,1.0202,1.0204,0.30,9.50
2008.03.12 14:10:37.821,1.0202,1.0204,0.30,9.40
2008.03.12 14:10:38.104,1.0202,1.0204,0.30,9.40
2008.03.12 14:10:38.382,1.0202,1.0204,0.30,9.40
2008.03.12 14:10:38.666,1.0202,1.0204,0.30,9.20
2008.03.12 14:10:38.980,1.0202,1.0204,0.30,9.40
2008.03.12 14:10:39.296,1.0202,1.0203,0.30,2.40
2008.03.12 14:10:39.610,1.02015,1.0203,4.20,4.80
2008.03.12 14:10:39.858,1.02015,1.0203,4.20,8.80
2008.03.12 14:10:40.108,1.02015,1.0203,4.20,8.80
2008.03.12 14:10:40.357,1.02015,1.0203,4.20,8.80
2008.03.12 14:10:40.618,1.02015,1.0203,4.20,8.80
2008.03.12 14:10:40.917,1.0202,1.0203,0.30,8.80
2008.03.12 14:10:41.238,1.0202,1.0204,0.30,8.80
2008.03.12 14:10:41.549,1.0202,1.0204,0.30,8.80
2008.03.12 14:10:41.829,1.0202,1.0204,0.30,8.80
2008.03.12 14:10:42.108,1.0202,1.0204,0.30,8.80
2008.03.12 14:10:42.389,1.0202,1.0204,0.30,8.80
2008.03.12 14:10:42.668,1.0202,1.0204,2.60,6.40
2008.03.12 14:10:42.946,1.0202,1.0204,0.30,8.80
2008.03.12 14:10:43.226,1.02025,1.0204,0.30,8.80
2008.03.12 14:10:43.504,1.02025,1.0204,4.20,8.80
2008.03.12 14:10:43.783,1.02025,1.0204,4.20,8.80
2008.03.12 14:10:44.106,1.02025,1.0204,4.20,8.80
2008.03.12 14:10:44.440,1.02025,1.0204,4.20,8.80
2008.03.12 14:10:44.764,1.02025,1.0204,4.20,8.80
2008.03.12 14:10:45.007,1.02025,1.0204,4.20,8.80
2008.03.12 14:10:45.250,1.02025,1.0204,4.20,8.80
2008.03.12 14:10:45.493,1.02025,1.0204,4.20,8.80
2008.03.12 14:10:45.737,1.02025,1.0204,4.20,8.80
2008.03.12 14:10:46.047,1.02025,1.0204,4.20,6.40
2008.03.12 14:10:46.355,1.02025,1.0204,4.20,6.40
2008.03.12 14:10:46.673,1.02025,1.0204,4.00,8.80
2008.03.12 14:10:46.981,1.0202,1.0204,0.30,8.80
2008.03.12 14:10:47.286,1.0202,1.0204,2.60,6.40
2008.03.12 14:10:47.589,1.02025,1.0204,0.30,6.40
2008.03.12 14:10:47.893,1.02025,1.0204,0.30,6.40
2008.03.12 14:10:48.136,1.02025,1.0204,4.20,6.40
2008.03.12 14:10:48.380,1.02025,1.0204,4.20,6.40
2008.03.12 14:10:48.634,1.02025,1.0204,4.20,8.80
2008.03.12 14:10:48.868,1.02025,1.0204,4.20,8.80
2008.03.12 14:10:49.202,1.02025,1.0204,4.20,8.80
2008.03.12 14:10:49.537,1.02025,1.0204,4.20,8.80
2008.03.12 14:10:49.871,1.02025,1.0204,4.20,8.80
2008.03.12 14:10:50.116,1.02025,1.0204,4.20,8.80
2008.03.12 14:10:50.358,1.02025,1.0204,4.20,8.80
2008.03.12 14:10:50.602,1.02025,1.0204,4.20,8.80
2008.03.12 14:10:50.845,1.02025,1.0204,4.20,6.40
2008.03.12 14:10:51.156,1.02025,1.0204,4.20,4.00
2008.03.12 14:10:51.465,1.02025,1.0204,4.20,4.00
2008.03.12 14:10:51.775,1.02025,1.0204,4.20,4.00
2008.03.12 14:10:52.055,1.02025,1.0204,4.20,4.00
2008.03.12 14:10:52.334,1.02025,1.0204,4.20,4.00
2008.03.12 14:10:52.612,1.02025,1.0204,4.20,4.00
2008.03.12 14:10:52.891,1.02025,1.0204,4.00,4.00
2008.03.12 14:10:53.181,1.0202,1.0204,1.20,8.80
2008.03.12 14:10:53.470,1.0202,1.0204,1.20,8.80
2008.03.12 14:10:53.759,1.02025,1.0204,0.30,6.40
2008.03.12 14:10:54.048,1.02025,1.0204,4.20,6.40
2008.03.12 14:10:54.356,1.02025,1.0204,4.20,6.40
2008.03.12 14:10:54.665,1.0203,1.0204,0.30,4.00
2008.03.12 14:10:54.988,1.02045,1.0205,0.30,6.40
2008.03.12 14:10:55.252,1.02035,1.0205,0.30,4.00
2008.03.12 14:10:55.487,1.02035,1.0205,0.30,4.00
2008.03.12 14:10:55.737,1.02035,1.0205,4.20,4.00
2008.03.12 14:10:55.985,1.02035,1.0205,4.20,4.00
2008.03.12 14:10:56.279,1.02045,1.0205,0.30,4.00
2008.03.12 14:10:56.574,1.0205,1.02065,0.30,3.20
2008.03.12 14:10:56.870,1.0204,1.0206,0.30,16.80
2008.03.12 14:10:57.172,1.02045,1.02065,0.30,3.20
2008.03.12 14:10:57.468,1.02045,1.02065,0.30,3.20
2008.03.12 14:10:57.763,1.02045,1.0207,0.30,21.60
2008.03.12 14:10:58.056,1.02045,1.0207,0.30,21.60
2008.03.12 14:10:58.334,1.02045,1.0207,0.30,20.00
2008.03.12 14:10:58.612,1.02045,1.0207,0.30,20.00
2008.03.12 14:10:58.892,1.02045,1.0207,0.30,20.00
2008.03.12 14:10:59.206,1.02045,1.0207,0.30,16.80
2008.03.12 14:10:59.521,1.0205,1.0207,0.30,16.80
2008.03.12 14:10:59.834,1.0205,1.0207,0.30,16.80
2008.03.12 14:11:00.148,1.0205,1.0207,0.30,16.80
2008.03.12 14:11:00.403,1.0205,1.0207,0.30,16.80
2008.03.12 14:11:00.656,1.0205,1.0207,0.30,16.80
2008.03.12 14:11:00.910,1.0205,1.0207,0.30,16.80
2008.03.12 14:11:01.165,1.0205,1.0207,0.30,16.80
2008.03.12 14:11:01.464,1.0205,1.0207,0.30,16.80
2008.03.12 14:11:01.763,1.0205,1.0207,0.30,16.80
2008.03.12 14:11:02.062,1.0205,1.0207,0.30,16.80
2008.03.12 14:11:02.366,1.0205,1.0207,0.30,16.80
2008.03.12 14:11:02.650,1.0205,1.02075,0.30,3.20
2008.03.12 14:11:02.945,1.02055,1.0207,0.30,4.80
2008.03.12 14:11:03.241,1.02055,1.02075,0.30,1.50
2008.03.12 14:11:03.510,1.02055,1.02075,0.30,0.60
2008.03.12 14:11:03.778,1.0205,1.02075,0.30,1.40
2008.03.12 14:11:04.047,1.0205,1.02075,2.60,0.60
2008.03.12 14:11:04.351,1.0205,1.0207,2.80,1.00
2008.03.12 14:11:04.655,1.0206,1.0207,0.30,1.50
2008.03.12 14:11:04.959,1.0206,1.0207,0.30,1.50
2008.03.12 14:11:05.264,1.0206,1.0208,0.30,1.90
2008.03.12 14:11:05.518,1.0206,1.0207,0.30,1.60
2008.03.12 14:11:05.772,1.02055,1.0207,4.20,1.10
2008.03.12 14:11:06.025,1.02055,1.0207,4.20,0.50
2008.03.12 14:11:06.281,1.02055,1.0207,4.00,1.90
2008.03.12 14:11:06.571,1.02045,1.0207,0.30,1.00
2008.03.12 14:11:06.871,1.02045,1.0206,0.30,1.70
2008.03.12 14:11:07.160,1.02045,1.0207,0.30,1.70
2008.03.12 14:11:07.458,1.02045,1.0207,0.30,0.70
2008.03.12 14:11:07.760,1.02045,1.0207,0.30,0.70
2008.03.12 14:11:08.061,1.02045,1.0207,0.30,0.80
2008.03.12 14:11:08.358,1.02045,1.0207,0.30,1.60
2008.03.12 14:11:08.627,1.02045,1.0207,0.30,1.60
2008.03.12 14:11:08.876,1.02045,1.0207,0.30,1.10
2008.03.12 14:11:09.137,1.02045,1.0205,0.30,0.60
2008.03.12 14:11:09.440,1.02045,1.0205,0.30,0.60
2008.03.12 14:11:09.743,1.02045,1.0205,0.30,0.60
2008.03.12 14:11:10.048,1.02045,1.0205,0.30,0.40
2008.03.12 14:11:10.352,1.02045,1.0205,0.30,0.40
2008.03.12 14:11:10.620,1.02045,1.0205,0.30,0.40
2008.03.12 14:11:10.890,1.02045,1.0205,0.30,0.40
2008.03.12 14:11:11.158,1.02045,1.0205,0.30,0.40
2008.03.12 14:11:11.428,1.02045,1.0205,0.30,0.40
2008.03.12 14:11:11.723,1.02045,1.0207,0.30,1.20
2008.03.12 14:11:12.016,1.02045,1.0207,0.30,1.40
2008.03.12 14:11:12.309,1.02045,1.0207,0.30,0.70
2008.03.12 14:11:12.567,1.02045,1.0207,0.30,0.70
2008.03.12 14:11:12.826,1.02045,1.0207,0.30,0.90
2008.03.12 14:11:13.086,1.0205,1.0207,0.30,0.50
2008.03.12 14:11:13.356,1.0205,1.0207,0.60,0.60
2008.03.12 14:11:13.640,1.0205,1.0207,0.60,1.30
2008.03.12 14:11:13.925,1.0205,1.0207,0.60,0.90
2008.03.12 14:11:14.210,1.0205,1.0207,0.60,0.50
2008.03.12 14:11:14.494,1.0205,1.0207,0.60,8.80
2008.03.12 14:11:14.818,1.0205,1.0207,0.60,8.80
2008.03.12 14:11:15.140,1.0205,1.0207,0.70,8.80
2008.03.12 14:11:15.477,1.0205,1.0207,0.70,8.80
2008.03.12 14:11:15.691,1.0205,1.0207,0.60,8.80
2008.03.12 14:11:15.905,1.02045,1.0207,0.90,8.80
2008.03.12 14:11:16.120,1.0204,1.0206,2.20,6.40
2008.03.12 14:11:16.335,1.02045,1.0207,0.30,20.00
2008.03.12 14:11:16.549,1.02045,1.0207,0.30,20.00
2008.03.12 14:11:16.884,1.02045,1.0207,0.30,21.60
2008.03.12 14:11:17.218,1.02045,1.0206,1.70,4.00
2008.03.12 14:11:17.552,1.02045,1.0206,1.40,4.00
2008.03.12 14:11:17.771,1.02045,1.0206,1.60,4.00
2008.03.12 14:11:17.989,1.02045,1.0206,2.00,4.00
2008.03.12 14:11:18.208,1.02045,1.0206,2.10,4.00
2008.03.12 14:11:18.427,1.0205,1.0206,0.30,4.00
2008.03.12 14:11:18.762,1.02045,1.0207,0.30,16.80
2008.03.12 14:11:19.097,1.02045,1.0207,0.30,16.80
2008.03.12 14:11:19.429,1.02045,1.0207,0.30,16.80
2008.03.12 14:11:19.658,1.0205,1.0207,0.30,16.80
2008.03.12 14:11:19.886,1.0205,1.0207,0.30,16.80
2008.03.12 14:11:20.114,1.02045,1.0207,0.30,16.80
2008.03.12 14:11:20.341,1.02045,1.0207,0.30,16.80
2008.03.12 14:11:20.570,1.02045,1.0207,0.30,16.80
2008.03.12 14:11:20.894,1.0205,1.0207,0.30,16.80
2008.03.12 14:11:21.219,1.0205,1.0207,0.60,8.80
2008.03.12 14:11:21.543,1.0205,1.0207,0.70,8.80
2008.03.12 14:11:21.807,1.0205,1.0207,0.70,8.80
2008.03.12 14:11:22.071,1.0205,1.0207,1.10,8.80
2008.03.12 14:11:22.335,1.0205,1.0207,3.60,6.40
2008.03.12 14:11:22.599,1.0205,1.0207,1.20,8.80
2008.03.12 14:11:22.892,1.0205,1.0207,1.20,8.80
2008.03.12 14:11:23.186,1.0205,1.0207,1.20,8.80
2008.03.12 14:11:23.479,1.0205,1.0207,1.20,8.80
2008.03.12 14:11:23.786,1.0205,1.0207,1.20,8.80
2008.03.12 14:11:24.104,1.0205,1.0207,1.20,8.80
2008.03.12 14:11:24.424,1.0205,1.0207,1.20,8.80
2008.03.12 14:11:24.743,1.0205,1.0207,1.20,8.80
2008.03.12 14:11:24.997,1.0205,1.0207,1.20,8.80
2008.03.12 14:11:25.252,1.0205,1.0207,0.70,8.80
2008.03.12 14:11:25.507,1.0205,1.0207,0.70,8.80
2008.03.12 14:11:25.760,1.0205,1.0207,0.70,8.80
2008.03.12 14:11:26.059,1.0205,1.0207,0.40,8.80
2008.03.12 14:11:26.359,1.0204,1.0206,4.10,8.80
2008.03.12 14:11:26.661,1.0204,1.0206,0.90,6.40
2008.03.12 14:11:26.940,1.0205,1.0206,0.30,4.00
2008.03.12 14:11:27.220,1.0205,1.0206,0.30,4.00
2008.03.12 14:11:27.499,1.0205,1.0207,0.30,8.80
2008.03.12 14:11:27.777,1.0205,1.0207,0.30,8.80
2008.03.12 14:11:28.066,1.02045,1.0207,4.20,17.60
2008.03.12 14:11:28.354,1.0204,1.0206,3.10,6.40
2008.03.12 14:11:28.643,1.0204,1.0206,3.10,6.40
2008.03.12 14:11:28.952,1.0204,1.0206,3.10,6.40
2008.03.12 14:11:29.260,1.0204,1.0206,3.10,6.40
2008.03.12 14:11:29.570,1.0204,1.0206,3.10,6.40
2008.03.12 14:11:29.879,1.0204,1.0206,0.70,8.80
2008.03.12 14:11:30.133,1.02045,1.0206,0.30,8.80
2008.03.12 14:11:30.388,1.02045,1.0207,0.30,16.80
2008.03.12 14:11:30.642,1.02045,1.0207,0.30,28.80
2008.03.12 14:11:30.927,1.02045,1.0207,0.30,30.40
2008.03.12 14:11:31.211,1.02045,1.0207,0.30,22.40
2008.03.12 14:11:31.494,1.02045,1.0206,4.20,2.40
2008.03.12 14:11:31.777,1.02045,1.0206,4.20,2.40
2008.03.12 14:11:32.092,1.02045,1.0206,4.20,2.40
2008.03.12 14:11:32.418,1.02045,1.0206,4.20,4.00
2008.03.12 14:11:32.732,1.02055,1.0207,4.20,6.40
2008.03.12 14:11:32.996,1.02055,1.0207,4.20,6.40
2008.03.12 14:11:33.259,1.02055,1.0207,4.20,8.80
2008.03.12 14:11:33.522,1.02055,1.0207,0.30,8.80
2008.03.12 14:11:33.786,1.0205,1.0207,0.30,8.80
2008.03.12 14:11:34.096,1.0205,1.0207,0.30,8.80
2008.03.12 14:11:34.405,1.0205,1.0207,0.30,8.80
2008.03.12 14:11:34.713,1.0205,1.0207,0.30,8.80
2008.03.12 14:11:34.973,1.0205,1.0207,0.30,8.80
2008.03.12 14:11:35.243,1.0205,1.0207,0.30,8.80
2008.03.12 14:11:35.491,1.02055,1.0207,0.30,8.80
2008.03.12 14:11:35.750,1.02055,1.0207,4.20,8.80
2008.03.12 14:11:36.041,1.02055,1.0207,4.20,8.80
2008.03.12 14:11:36.328,1.02055,1.0207,4.20,8.80
2008.03.12 14:11:36.616,1.02055,1.0207,4.20,8.80
2008.03.12 14:11:36.905,1.02055,1.0207,4.20,8.80
2008.03.12 14:11:37.233,1.02055,1.0207,4.20,8.80
2008.03.12 14:11:37.566,1.02055,1.0207,4.20,8.80
2008.03.12 14:11:37.906,1.02055,1.0207,4.20,8.80
2008.03.12 14:11:38.140,1.0206,1.0208,0.30,16.80
2008.03.12 14:11:38.373,1.0206,1.0208,0.30,16.80
2008.03.12 14:11:38.609,1.02065,1.0209,0.30,40.40
2008.03.12 14:11:38.842,1.0206,1.0208,2.80,2.40
2008.03.12 14:11:39.176,1.0206,1.02085,0.50,3.20
2008.03.12 14:11:39.511,1.02065,1.02085,0.30,3.20
2008.03.12 14:11:39.844,1.02065,1.02085,0.30,3.20
2008.03.12 14:11:40.089,1.0206,1.02085,0.50,3.20
2008.03.12 14:11:40.327,1.0206,1.02085,0.80,3.20
2008.03.12 14:11:40.579,1.02065,1.02085,0.30,3.20
2008.03.12 14:11:40.837,1.02065,1.0208,0.30,2.40
2008.03.12 14:11:41.170,1.02065,1.0208,4.20,4.80
2008.03.12 14:11:41.505,1.0207,1.0209,0.30,17.60
2008.03.12 14:11:41.839,1.02065,1.0209,0.30,37.20
2008.03.12 14:11:42.110,1.02065,1.0209,0.30,40.40
2008.03.12 14:11:42.369,1.02065,1.0209,0.30,24.40
2008.03.12 14:11:42.627,1.02065,1.0209,0.30,19.20
2008.03.12 14:11:42.886,1.02065,1.0209,0.30,19.20
2008.03.12 14:11:43.184,1.02065,1.0209,0.30,19.20
2008.03.12 14:11:43.483,1.02065,1.0209,0.30,19.20
2008.03.12 14:11:43.783,1.02065,1.0209,0.30,19.20
2008.03.12 14:11:44.067,1.02065,1.0209,0.30,19.20
2008.03.12 14:11:44.358,1.02065,1.0209,0.30,19.20
2008.03.12 14:11:44.643,1.02065,1.0209,0.30,19.20
2008.03.12 14:11:44.928,1.02065,1.0209,0.30,19.20
2008.03.12 14:11:45.192,1.02065,1.0209,0.30,19.20
2008.03.12 14:11:45.458,1.02065,1.0209,0.30,8.80
2008.03.12 14:11:45.734,1.02075,1.0209,0.30,9.60
2008.03.12 14:11:45.998,1.0207,1.0209,0.30,17.60
2008.03.12 14:11:46.287,1.02065,1.0209,0.30,18.40
2008.03.12 14:11:46.575,1.02065,1.0209,0.30,16.80
2008.03.12 14:11:46.866,1.02065,1.0208,0.30,2.40
2008.03.12 14:11:47.144,1.02065,1.0209,0.30,16.80
2008.03.12 14:11:47.424,1.02065,1.0209,0.30,16.80
2008.03.12 14:11:47.703,1.02065,1.0209,0.30,16.80
2008.03.12 14:11:47.980,1.02065,1.0209,0.30,16.80
2008.03.12 14:11:48.248,1.02065,1.0209,0.30,18.40
2008.03.12 14:11:48.517,1.02065,1.0209,0.30,18.40
2008.03.12 14:11:48.787,1.02065,1.0209,0.30,18.80
2008.03.12 14:11:49.062,1.02065,1.0209,0.30,18.80
2008.03.12 14:11:49.397,1.02065,1.0209,0.30,18.40
2008.03.12 14:11:49.711,1.02065,1.0209,0.30,16.80
2008.03.12 14:11:50.034,1.02065,1.0209,0.30,16.80
2008.03.12 14:11:50.272,1.02065,1.0209,0.30,16.80
2008.03.12 14:11:50.509,1.02065,1.0209,0.30,16.80
2008.03.12 14:11:50.748,1.02065,1.0209,0.30,16.80
2008.03.12 14:11:50.985,1.02065,1.0209,0.30,16.80
2008.03.12 14:11:51.284,1.02065,1.0209,0.30,16.80
2008.03.12 14:11:51.582,1.02065,1.0209,0.30,16.80
2008.03.12 14:11:51.881,1.02065,1.0209,0.30,16.80
2008.03.12 14:11:52.182,1.02065,1.0209,0.30,17.20
2008.03.12 14:11:52.469,1.02065,1.0209,0.30,17.20
2008.03.12 14:11:52.768,1.02065,1.0208,0.30,4.80
2008.03.12 14:11:53.069,1.02055,1.0208,0.30,16.80
2008.03.12 14:11:53.337,1.0205,1.0207,4.10,2.40
2008.03.12 14:11:53.606,1.0206,1.0208,0.30,8.80
2008.03.12 14:11:53.875,1.02055,1.0208,0.30,18.40
2008.03.12 14:11:54.144,1.0206,1.0208,0.30,16.80
2008.03.12 14:11:54.453,1.0206,1.0208,0.30,16.80
2008.03.12 14:11:54.762,1.02055,1.0208,0.30,16.80
2008.03.12 14:11:55.070,1.02055,1.0208,0.30,16.80
2008.03.12 14:11:55.378,1.02055,1.0208,0.30,8.80
2008.03.12 14:11:55.632,1.0206,1.0208,0.30,16.80
2008.03.12 14:11:55.886,1.0206,1.0208,0.30,16.80
2008.03.12 14:11:56.138,1.0206,1.0208,0.30,16.80
2008.03.12 14:11:56.431,1.0206,1.0208,0.30,16.80
2008.03.12 14:11:56.724,1.0206,1.0208,0.30,16.80
2008.03.12 14:11:57.017,1.0206,1.0208,0.30,16.80
2008.03.12 14:11:57.311,1.02055,1.0208,0.30,16.80
2008.03.12 14:11:57.620,1.02055,1.0208,0.30,16.80
2008.03.12 14:11:57.929,1.02055,1.0208,0.30,8.80
2008.03.12 14:11:58.237,1.02055,1.0208,0.30,16.80
2008.03.12 14:11:58.470,1.02055,1.0208,0.30,16.80
2008.03.12 14:11:58.708,1.0206,1.0208,0.30,16.80
2008.03.12 14:11:58.942,1.0206,1.0208,0.30,16.80
2008.03.12 14:11:59.178,1.0206,1.0208,0.30,16.80
2008.03.12 14:11:59.511,1.0206,1.0208,0.30,16.80
2008.03.12 14:11:59.845,1.02055,1.0208,0.30,16.80
2008.03.12 14:12:00.179,1.02055,1.0208,0.30,16.80
2008.03.12 14:12:00.404,1.02055,1.0208,0.30,16.80
2008.03.12 14:12:00.628,1.02055,1.0208,0.30,16.80
2008.03.12 14:12:00.852,1.02055,1.0208,0.30,16.80
2008.03.12 14:12:01.085,1.02055,1.0208,0.30,16.80
2008.03.12 14:12:01.308,1.02055,1.0208,0.30,16.80
2008.03.12 14:12:01.638,1.02055,1.0208,0.30,16.80
2008.03.12 14:12:01.966,1.02055,1.0208,0.30,16.80
2008.03.12 14:12:02.296,1.02055,1.0208,0.30,16.80
2008.03.12 14:12:02.575,1.02055,1.0208,0.30,17.20
2008.03.12 14:12:02.853,1.02055,1.0208,0.30,18.00
2008.03.12 14:12:03.133,1.02055,1.0207,0.30,4.80
2008.03.12 14:12:03.417,1.02055,1.0208,0.30,21.20
2008.03.12 14:12:03.707,1.02055,1.0208,0.30,19.60
2008.03.12 14:12:03.987,1.02055,1.0208,0.30,19.60
2008.03.12 14:12:04.265,1.02055,1.0208,0.30,18.40
2008.03.12 14:12:04.575,1.0206,1.0208,0.30,16.80
2008.03.12 14:12:04.884,1.0206,1.0208,0.30,16.80
2008.03.12 14:12:05.193,1.02055,1.0208,0.30,17.20
2008.03.12 14:12:05.436,1.02055,1.0208,0.30,16.80
2008.03.12 14:12:05.679,1.02055,1.0208,0.30,16.80
2008.03.12 14:12:05.922,1.02055,1.0208,0.30,16.80
2008.03.12 14:12:06.166,1.02055,1.0208,0.30,16.80
2008.03.12 14:12:06.410,1.02055,1.0208,0.30,16.80
2008.03.12 14:12:06.707,1.02055,1.0208,0.30,16.80
2008.03.12 14:12:07.006,1.02055,1.0208,0.30,16.80
2008.03.12 14:12:07.316,1.02055,1.0208,0.30,16.80
2008.03.12 14:12:07.615,1.0206,1.0208,0.30,16.80
2008.03.12 14:12:07.914,1.0206,1.0208,0.30,16.80
2008.03.12 14:12:08.213,1.0206,1.0208,0.30,8.80
2008.03.12 14:12:08.512,1.0206,1.0208,0.30,10.40
2008.03.12 14:12:08.781,1.0206,1.02085,0.30,3.20
2008.03.12 14:12:09.050,1.0206,1.0208,0.30,12.80
2008.03.12 14:12:09.318,1.0206,1.02085,0.30,3.20
2008.03.12 14:12:09.633,1.0206,1.0208,0.30,10.40
2008.03.12 14:12:09.926,1.0206,1.0208,0.30,12.80
2008.03.12 14:12:10.231,1.0206,1.02085,0.30,3.20
2008.03.12 14:12:10.535,1.0206,1.0208,0.30,10.40
2008.03.12 14:12:10.800,1.0206,1.02085,0.30,3.20
2008.03.12 14:12:11.063,1.02055,1.0208,0.30,10.40
2008.03.12 14:12:11.327,1.02055,1.0208,0.30,12.80
2008.03.12 14:12:11.600,1.02055,1.0208,0.30,16.80
2008.03.12 14:12:11.874,1.02055,1.0208,0.30,16.80
2008.03.12 14:12:12.148,1.02055,1.0208,0.30,16.80
2008.03.12 14:12:12.421,1.02055,1.0208,0.30,16.80
2008.03.12 14:12:12.714,1.02055,1.0208,0.30,16.80
2008.03.12 14:12:13.008,1.0206,1.0208,0.30,16.80
2008.03.12 14:12:13.302,1.0206,1.02085,0.30,3.20
2008.03.12 14:12:13.566,1.0206,1.0208,0.30,10.40
2008.03.12 14:12:13.831,1.0206,1.0208,0.30,13.20
2008.03.12 14:12:14.096,1.02055,1.0208,0.30,18.00
2008.03.12 14:12:14.358,1.02055,1.0208,0.30,19.60
2008.03.12 14:12:14.668,1.02055,1.0208,0.30,19.60
2008.03.12 14:12:14.977,1.02055,1.0208,0.30,21.20
2008.03.12 14:12:15.287,1.0205,1.0207,0.30,4.80
2008.03.12 14:12:15.597,1.0205,1.0207,0.30,10.00
2008.03.12 14:12:15.870,1.0205,1.0207,0.30,10.00
2008.03.12 14:12:16.146,1.0205,1.0207,0.30,10.00
2008.03.12 14:12:16.430,1.0205,1.0207,0.30,10.00
2008.03.12 14:12:16.699,1.0205,1.0206,0.30,2.40
2008.03.12 14:12:16.968,1.02045,1.0206,4.20,2.40
2008.03.12 14:12:17.237,1.02045,1.0206,4.20,2.40
2008.03.12 14:12:17.504,1.0205,1.0206,0.30,4.00
2008.03.12 14:12:17.820,1.0205,1.0206,0.30,2.40
2008.03.12 14:12:18.140,1.0204,1.0205,0.30,4.00
2008.03.12 14:12:18.465,1.0204,1.0205,0.30,4.00
2008.03.12 14:12:18.721,1.0204,1.0206,0.30,11.00
2008.03.12 14:12:18.953,1.0204,1.0205,0.30,2.40
2008.03.12 14:12:19.197,1.02035,1.0205,4.00,4.80
2008.03.12 14:12:19.442,1.0203,1.0204,0.30,2.40
2008.03.12 14:12:19.777,1.0203,1.0204,0.30,4.80
2008.03.12 14:12:20.110,1.0202,1.0204,0.30,9.90
2008.03.12 14:12:20.445,1.02015,1.0203,7.20,2.40
2008.03.12 14:12:20.685,1.02015,1.0203,0.30,9.60
2008.03.12 14:12:20.925,1.02015,1.0203,0.30,9.60
2008.03.12 14:12:21.163,1.02015,1.0203,0.30,9.60
2008.03.12 14:12:21.403,1.0201,1.0203,0.30,8.80
2008.03.12 14:12:21.735,1.0201,1.0203,6.80,4.00
2008.03.12 14:12:22.071,1.02015,1.0203,0.30,4.00
2008.03.12 14:12:22.405,1.02015,1.0203,0.30,4.00
2008.03.12 14:12:22.738,1.02015,1.0203,0.30,6.40
2008.03.12 14:12:22.984,1.02015,1.0203,0.30,12.20
2008.03.12 14:12:23.228,1.02005,1.0203,7.20,23.30
2008.03.12 14:12:23.483,1.0201,1.0202,0.30,4.00
2008.03.12 14:12:23.816,1.02,1.0202,0.50,8.80
2008.03.12 14:12:24.151,1.02,1.0202,0.50,8.80
2008.03.12 14:12:24.487,1.02005,1.0202,0.30,4.00
2008.03.12 14:12:24.720,1.02005,1.0202,0.30,4.00
2008.03.12 14:12:24.955,1.0201,1.0203,0.20,18.40
2008.03.12 14:12:25.188,1.02015,1.0203,0.30,16.00
2008.03.12 14:12:25.422,1.02015,1.0204,0.30,21.80
2008.03.12 14:12:25.722,1.02015,1.0204,0.30,16.80
2008.03.12 14:12:26.020,1.0202,1.0204,0.50,16.80
2008.03.12 14:12:26.319,1.0202,1.0204,0.50,16.80
2008.03.12 14:12:26.618,1.0202,1.0204,0.50,16.80
2008.03.12 14:12:26.917,1.02025,1.02045,0.30,3.20
2008.03.12 14:12:27.217,1.0202,1.0205,0.60,25.40
2008.03.12 14:12:27.515,1.0202,1.0205,0.90,25.40
2008.03.12 14:12:27.778,1.02025,1.0205,0.30,22.10
2008.03.12 14:12:28.040,1.02025,1.0205,0.30,22.10
2008.03.12 14:12:28.305,1.02025,1.0205,0.30,21.40
2008.03.12 14:12:28.569,1.0202,1.0204,0.30,1.20
2008.03.12 14:12:28.898,1.02015,1.0204,3.40,6.00
2008.03.12 14:12:29.228,1.02005,1.0204,7.40,23.90
2008.03.12 14:12:29.558,1.02005,1.0203,0.30,9.20
2008.03.12 14:12:29.888,1.02005,1.0203,0.30,18.40
2008.03.12 14:12:30.134,1.02005,1.0203,0.30,8.80
2008.03.12 14:12:30.389,1.02005,1.0203,0.30,18.40
2008.03.12 14:12:30.636,1.0201,1.0204,0.70,36.60
2008.03.12 14:12:30.862,1.0201,1.0204,0.70,36.60
2008.03.12 14:12:30.945,1.02015,1.0204,0.30,19.60
2008.03.12 14:12:31.255,1.0202,1.0203,0.30,2.40
2008.03.12 14:12:31.563,1.0202,1.0203,0.30,2.40
2008.03.12 14:12:31.871,1.0202,1.0204,0.30,16.80
2008.03.12 14:12:32.170,1.02015,1.0203,0.30,2.40
2008.03.12 14:12:32.469,1.02015,1.0204,0.30,18.80
2008.03.12 14:12:32.769,1.02015,1.0204,0.30,17.20
2008.03.12 14:12:33.010,1.02025,1.0204,0.30,9.20
2008.03.12 14:12:33.227,1.02025,1.0204,0.30,8.80
2008.03.12 14:12:33.456,1.02025,1.0204,0.30,8.80
2008.03.12 14:12:33.685,1.02025,1.0204,1.50,6.40
2008.03.12 14:12:33.913,1.02025,1.0204,1.70,6.40
2008.03.12 14:12:34.247,1.02025,1.0204,2.10,6.40
2008.03.12 14:12:34.582,1.0203,1.0205,0.30,18.40
2008.03.12 14:12:34.915,1.0203,1.0205,0.50,6.40
2008.03.12 14:12:35.149,1.02035,1.0205,0.30,6.40
2008.03.12 14:12:35.383,1.02035,1.0205,2.40,8.80
2008.03.12 14:12:35.618,1.0204,1.0206,0.30,14.40
2008.03.12 14:12:35.851,1.0204,1.0206,0.30,15.60
2008.03.12 14:12:36.185,1.02035,1.0205,1.30,2.40
2008.03.12 14:12:36.518,1.0203,1.0206,0.50,21.80
2008.03.12 14:12:36.853,1.02025,1.0205,1.20,4.80
2008.03.12 14:12:37.125,1.0203,1.0205,0.60,11.20
2008.03.12 14:12:37.394,1.0204,1.0205,0.30,7.20
2008.03.12 14:12:37.641,1.0204,1.02055,0.30,0.80
2008.03.12 14:12:37.900,1.02045,1.0206,0.30,16.80
2008.03.12 14:12:38.199,1.02045,1.02065,0.30,4.00
2008.03.12 14:12:38.500,1.02045,1.02065,0.30,3.20
2008.03.12 14:12:38.798,1.02045,1.02065,0.30,3.20
2008.03.12 14:12:39.096,1.0205,1.02075,0.30,3.20
2008.03.12 14:12:39.405,1.0205,1.02075,0.30,3.20
2008.03.12 14:12:39.714,1.0205,1.0208,0.30,25.20
2008.03.12 14:12:40.024,1.0205,1.0208,0.30,25.20
2008.03.12 14:12:40.292,1.0205,1.0208,0.30,25.20
2008.03.12 14:12:40.561,1.0205,1.0208,0.30,25.20
2008.03.12 14:12:40.830,1.0205,1.0208,0.30,25.20
2008.03.12 14:12:41.098,1.0205,1.02075,0.30,8.80
2008.03.12 14:12:41.389,1.0205,1.0207,1.20,2.40
2008.03.12 14:12:41.677,1.02055,1.0207,0.30,4.80
2008.03.12 14:12:41.968,1.02055,1.0207,1.40,8.80
2008.03.12 14:12:42.258,1.02055,1.0207,1.70,6.40
2008.03.12 14:12:42.546,1.02055,1.0207,1.70,6.40
2008.03.12 14:12:42.835,1.02055,1.0207,0.50,6.40
2008.03.12 14:12:43.124,1.02055,1.0207,0.70,6.40
2008.03.12 14:12:43.398,1.02055,1.0207,2.00,4.00
2008.03.12 14:12:43.672,1.0206,1.0208,0.30,18.80
2008.03.12 14:12:43.946,1.0206,1.0208,0.30,18.80
2008.03.12 14:12:44.220,1.0206,1.0208,0.30,18.00
2008.03.12 14:12:44.509,1.0206,1.0208,0.30,18.00
2008.03.12 14:12:44.799,1.0206,1.0208,0.30,18.00
2008.03.12 14:12:45.088,1.0206,1.0208,0.30,18.00
2008.03.12 14:12:45.355,1.0206,1.0208,0.30,18.00
2008.03.12 14:12:45.609,1.0206,1.0208,0.30,18.00
2008.03.12 14:12:45.862,1.0206,1.0208,0.30,18.00
2008.03.12 14:12:46.117,1.0206,1.0208,0.30,18.00
2008.03.12 14:12:46.391,1.0206,1.0208,0.30,18.00
2008.03.12 14:12:46.664,1.0206,1.0208,0.30,18.00
2008.03.12 14:12:46.938,1.0206,1.0208,0.30,18.00
2008.03.12 14:12:47.211,1.0206,1.0208,0.30,18.00
2008.03.12 14:12:47.519,1.0206,1.0208,0.30,18.00
2008.03.12 14:12:47.830,1.0206,1.0208,0.30,18.00
2008.03.12 14:12:48.138,1.0206,1.02075,0.30,0.80
2008.03.12 14:12:48.367,1.0206,1.02075,0.30,0.80
2008.03.12 14:12:48.596,1.0206,1.0208,0.30,18.80
2008.03.12 14:12:48.826,1.0206,1.0208,0.30,18.00
2008.03.12 14:12:49.053,1.0206,1.0208,0.30,18.00
2008.03.12 14:12:49.282,1.0206,1.0208,0.30,10.00
2008.03.12 14:12:49.616,1.0206,1.0207,0.30,4.00
2008.03.12 14:12:49.951,1.0206,1.0207,0.30,4.00
2008.03.12 14:12:50.286,1.02055,1.02075,1.10,0.80
2008.03.12 14:12:50.529,1.02055,1.0207,1.90,2.40
2008.03.12 14:12:50.774,1.02055,1.0207,1.80,2.40
2008.03.12 14:12:51.019,1.02055,1.0207,0.50,6.80
2008.03.12 14:12:51.263,1.02055,1.0207,2.10,6.40
2008.03.12 14:12:51.576,1.0206,1.0207,0.30,6.40
2008.03.12 14:12:51.890,1.0206,1.0207,0.30,6.40
2008.03.12 14:12:52.204,1.02055,1.0207,2.30,6.40
2008.03.12 14:12:52.498,1.02055,1.0207,2.50,6.40
2008.03.12 14:12:52.792,1.02055,1.0207,1.90,6.40
2008.03.12 14:12:53.086,1.02055,1.0207,2.30,6.40
2008.03.12 14:12:53.365,1.02055,1.0207,2.20,6.40
2008.03.12 14:12:53.644,1.02055,1.0207,1.70,6.40
2008.03.12 14:12:53.922,1.02055,1.0207,1.00,6.40
2008.03.12 14:12:54.202,1.02055,1.0208,0.30,16.40
2008.03.12 14:12:54.482,1.02055,1.0207,1.60,6.40
2008.03.12 14:12:54.760,1.02055,1.0207,0.50,6.40
2008.03.12 14:12:55.039,1.02055,1.0207,1.00,6.40
2008.03.12 14:12:55.317,1.02055,1.0207,1.90,6.40
2008.03.12 14:12:55.577,1.02055,1.0207,1.50,6.40
2008.03.12 14:12:55.837,1.02055,1.0207,1.70,6.40
2008.03.12 14:12:56.096,1.0205,1.0207,0.30,8.80
2008.03.12 14:12:56.371,1.0205,1.0207,0.30,8.80
2008.03.12 14:12:56.646,1.0205,1.0207,0.30,8.80
2008.03.12 14:12:56.919,1.0205,1.0207,0.30,8.80
2008.03.12 14:12:57.193,1.0205,1.0207,0.30,8.80
2008.03.12 14:12:57.482,1.0205,1.0207,0.30,8.80
2008.03.12 14:12:57.773,1.0205,1.0207,0.70,8.80
2008.03.12 14:12:58.068,1.0205,1.0207,0.80,8.80
2008.03.12 14:12:58.358,1.02055,1.0207,0.90,8.80
2008.03.12 14:12:58.623,1.02055,1.0207,1.30,6.40
2008.03.12 14:12:58.887,1.0206,1.0207,0.30,4.00
2008.03.12 14:12:59.151,1.0206,1.0208,0.30,10.00
2008.03.12 14:12:59.414,1.0206,1.0208,0.30,10.00
2008.03.12 14:12:59.748,1.0206,1.0208,0.30,8.80
2008.03.12 14:13:00.083,1.0206,1.0208,0.30,16.80
2008.03.12 14:13:00.417,1.0206,1.0208,0.30,10.00
2008.03.12 14:13:00.626,1.02055,1.0208,4.20,10.00
2008.03.12 14:13:00.836,1.02055,1.0208,0.30,18.00
2008.03.12 14:13:01.044,1.02055,1.0208,0.30,18.00
2008.03.12 14:13:01.253,1.02055,1.0208,0.30,30.00
2008.03.12 14:13:01.461,1.02055,1.0208,0.30,30.00
2008.03.12 14:13:01.794,1.02055,1.0208,0.30,30.00
2008.03.12 14:13:02.127,1.02055,1.0208,0.30,18.00
2008.03.12 14:13:02.461,1.02055,1.0208,0.30,16.80
2008.03.12 14:13:02.724,1.02055,1.0208,0.30,16.80
2008.03.12 14:13:02.987,1.02055,1.0208,0.30,16.80
2008.03.12 14:13:03.250,1.02055,1.0208,0.30,16.80
2008.03.12 14:13:03.513,1.02055,1.0208,0.30,16.80
2008.03.12 14:13:03.781,1.02055,1.0208,0.30,16.80
2008.03.12 14:13:04.050,1.02055,1.0208,0.30,16.80
2008.03.12 14:13:04.318,1.02055,1.0208,0.30,8.80
2008.03.12 14:13:04.587,1.0206,1.0208,0.30,8.80
2008.03.12 14:13:04.906,1.0206,1.0208,0.30,8.80
2008.03.12 14:13:05.224,1.0206,1.0208,0.30,12.00
2008.03.12 14:13:05.542,1.0206,1.0208,0.30,9.60
2008.03.12 14:13:05.802,1.0206,1.0208,0.30,9.60
2008.03.12 14:13:06.060,1.0206,1.0208,0.30,8.80
2008.03.12 14:13:06.319,1.0206,1.0208,0.30,8.80
2008.03.12 14:13:06.578,1.0206,1.0208,0.30,8.80
2008.03.12 14:13:06.872,1.0206,1.02075,0.30,0.80
2008.03.12 14:13:07.165,1.0206,1.0208,0.30,8.80
2008.03.12 14:13:07.460,1.0206,1.0208,0.30,8.80
2008.03.12 14:13:07.754,1.0206,1.0208,0.30,8.80
2008.03.12 14:13:08.022,1.0206,1.0208,0.30,8.80
2008.03.12 14:13:08.290,1.0206,1.0208,0.30,8.80
2008.03.12 14:13:08.559,1.02065,1.0208,0.30,4.00
2008.03.12 14:13:08.828,1.0206,1.0208,0.30,4.80
2008.03.12 14:13:09.147,1.0206,1.0208,0.30,12.80
2008.03.12 14:13:09.465,1.0206,1.0208,0.30,16.80
2008.03.12 14:13:09.785,1.0206,1.0208,0.30,16.80
2008.03.12 14:13:10.034,1.0206,1.0208,0.30,16.80
2008.03.12 14:13:10.277,1.0206,1.0208,0.30,16.80
2008.03.12 14:13:10.522,1.0206,1.0208,0.30,8.80
2008.03.12 14:13:10.766,1.0206,1.0208,0.30,8.80
2008.03.12 14:13:11.069,1.0206,1.0208,0.30,8.80
2008.03.12 14:13:11.372,1.0206,1.0208,0.30,8.80
2008.03.12 14:13:11.675,1.0206,1.0208,0.30,8.80
2008.03.12 14:13:11.982,1.0206,1.0208,0.30,8.80
2008.03.12 14:13:12.271,1.0206,1.0208,0.30,8.80
2008.03.12 14:13:12.560,1.0206,1.0208,0.30,8.80
2008.03.12 14:13:12.848,1.0206,1.0208,0.30,10.00
2008.03.12 14:13:13.107,1.0206,1.0208,0.30,10.00
2008.03.12 14:13:13.369,1.0206,1.0208,0.30,10.00
2008.03.12 14:13:13.631,1.0206,1.0208,0.30,10.00
2008.03.12 14:13:13.888,1.0206,1.0208,0.30,10.00
2008.03.12 14:13:14.224,1.02055,1.0207,4.20,2.40
2008.03.12 14:13:14.560,1.02055,1.0207,4.20,6.40
2008.03.12 14:13:14.882,1.02055,1.0207,4.20,6.40
2008.03.12 14:13:15.127,1.02055,1.0207,4.20,6.40
2008.03.12 14:13:15.370,1.02055,1.0207,4.20,6.40
2008.03.12 14:13:15.613,1.02055,1.0207,4.20,6.40
2008.03.12 14:13:15.857,1.02055,1.0207,4.20,6.40
2008.03.12 14:13:16.156,1.02055,1.0207,4.20,6.40
2008.03.12 14:13:16.455,1.02055,1.0207,4.20,6.40
2008.03.12 14:13:16.755,1.02055,1.0207,4.20,6.40
2008.03.12 14:13:17.053,1.02055,1.0207,4.20,6.40
2008.03.12 14:13:17.354,1.02055,1.0207,4.20,6.40
2008.03.12 14:13:17.642,1.02055,1.0207,4.20,6.40
2008.03.12 14:13:17.932,1.02055,1.0207,4.20,6.40
2008.03.12 14:13:18.187,1.02055,1.0207,4.20,6.40
2008.03.12 14:13:18.443,1.02055,1.0207,4.20,6.40
2008.03.12 14:13:18.706,1.02055,1.0207,4.20,6.40
2008.03.12 14:13:18.961,1.0206,1.0207,0.30,4.00
2008.03.12 14:13:19.290,1.0206,1.0208,0.30,10.00
2008.03.12 14:13:19.618,1.0206,1.0208,0.30,9.20
2008.03.12 14:13:19.947,1.0206,1.0208,0.30,14.00
2008.03.12 14:13:20.276,1.02055,1.0207,4.20,2.40
2008.03.12 14:13:20.526,1.02055,1.0207,4.20,6.40
2008.03.12 14:13:20.773,1.02055,1.0207,4.20,6.40
2008.03.12 14:13:21.023,1.02055,1.0207,4.20,6.40
2008.03.12 14:13:21.333,1.02055,1.0207,4.20,6.40
2008.03.12 14:13:21.630,1.02055,1.0207,4.20,6.40
2008.03.12 14:13:21.928,1.02055,1.0207,4.20,6.40
2008.03.12 14:13:22.225,1.02055,1.0207,4.20,6.40
2008.03.12 14:13:22.530,1.02055,1.0207,4.20,6.40
2008.03.12 14:13:22.833,1.02055,1.0207,4.20,6.40
2008.03.12 14:13:23.137,1.02055,1.0207,4.20,6.40
2008.03.12 14:13:23.375,1.02055,1.0207,4.20,6.40
2008.03.12 14:13:23.612,1.02055,1.0207,4.20,6.40
2008.03.12 14:13:23.851,1.02055,1.0207,4.20,6.40
2008.03.12 14:13:24.089,1.02055,1.0207,4.20,6.40
2008.03.12 14:13:24.413,1.02055,1.0207,4.20,6.40
2008.03.12 14:13:24.737,1.02055,1.0207,4.20,4.00
2008.03.12 14:13:25.061,1.0206,1.0207,0.30,4.00
2008.03.12 14:13:25.299,1.0206,1.0207,0.30,4.00
2008.03.12 14:13:25.540,1.0206,1.0207,0.30,4.00
2008.03.12 14:13:25.780,1.0206,1.0208,0.30,8.80
2008.03.12 14:13:26.036,1.0206,1.0208,0.30,8.80
2008.03.12 14:13:26.264,1.0206,1.0208,0.30,8.80
2008.03.12 14:13:26.592,1.0206,1.0208,0.30,8.80
2008.03.12 14:13:26.920,1.0206,1.0208,0.30,8.80
2008.03.12 14:13:27.248,1.0206,1.0208,0.30,8.80
2008.03.12 14:13:27.517,1.0206,1.0208,0.30,8.80
2008.03.12 14:13:27.787,1.0206,1.0208,0.30,8.80
2008.03.12 14:13:28.057,1.0206,1.0208,0.30,8.80
2008.03.12 14:13:28.325,1.0206,1.0208,0.30,8.80
2008.03.12 14:13:28.593,1.0206,1.0208,0.30,8.80
2008.03.12 14:13:28.863,1.0206,1.0208,0.30,8.80
2008.03.12 14:13:29.133,1.0206,1.0208,0.30,9.20
2008.03.12 14:13:29.426,1.0206,1.0208,0.30,9.20
2008.03.12 14:13:29.721,1.0206,1.0208,0.30,9.20
2008.03.12 14:13:30.014,1.0206,1.0208,0.30,9.20
2008.03.12 14:13:30.307,1.0206,1.0208,0.30,9.20
2008.03.12 14:13:30.562,1.0206,1.0207,0.30,2.40
2008.03.12 14:13:30.817,1.02055,1.0207,4.20,2.40
2008.03.12 14:13:31.071,1.02055,1.0207,4.20,6.40
2008.03.12 14:13:31.325,1.02055,1.0207,4.20,6.40
2008.03.12 14:13:31.630,1.0205,1.0207,3.40,6.40
2008.03.12 14:13:31.935,1.0205,1.0207,3.20,6.40
2008.03.12 14:13:32.239,1.0205,1.0207,5.60,6.40
2008.03.12 14:13:32.543,1.0205,1.0207,5.60,6.40
2008.03.12 14:13:32.848,1.02055,1.0208,0.30,23.20
2008.03.12 14:13:33.153,1.02055,1.0208,0.30,22.40
2008.03.12 14:13:33.458,1.02055,1.0208,0.30,22.40
2008.03.12 14:13:33.716,1.02055,1.0208,0.30,22.40
2008.03.12 14:13:33.955,1.02055,1.0208,0.30,22.40
2008.03.12 14:13:34.205,1.02055,1.0208,0.30,20.80
2008.03.12 14:13:34.454,1.02055,1.0208,0.30,20.80
2008.03.12 14:13:34.769,1.02055,1.0208,0.30,16.80
2008.03.12 14:13:35.088,1.0206,1.0208,0.30,16.80
2008.03.12 14:13:35.415,1.0206,1.0208,0.30,16.80
2008.03.12 14:13:35.696,1.0205,1.0207,9.10,2.40
2008.03.12 14:13:35.965,1.0205,1.0207,5.80,6.40
2008.03.12 14:13:36.233,1.0205,1.0207,5.30,6.40
2008.03.12 14:13:36.503,1.0205,1.0207,4.90,6.40
2008.03.12 14:13:36.767,1.0205,1.0207,4.90,6.40
2008.03.12 14:13:37.032,1.0205,1.0207,4.90,6.40
2008.03.12 14:13:37.294,1.0205,1.0207,4.90,6.40
2008.03.12 14:13:37.558,1.0205,1.0207,5.20,6.40
2008.03.12 14:13:37.893,1.0205,1.0207,5.20,6.40
2008.03.12 14:13:38.220,1.0205,1.0207,5.20,6.40
2008.03.12 14:13:38.543,1.0205,1.0207,5.20,6.40
2008.03.12 14:13:38.796,1.0205,1.0207,5.90,6.40
2008.03.12 14:13:39.049,1.0205,1.0207,5.90,6.40
2008.03.12 14:13:39.302,1.0205,1.0207,5.90,6.40
2008.03.12 14:13:39.556,1.0205,1.0207,5.90,6.40
2008.03.12 14:13:39.874,1.02055,1.0207,4.00,6.40
2008.03.12 14:13:40.193,1.02055,1.0207,4.20,4.00
2008.03.12 14:13:40.511,1.02055,1.0207,4.20,4.00
2008.03.12 14:13:40.774,1.02055,1.0207,4.20,4.00
2008.03.12 14:13:41.038,1.02055,1.0207,4.20,4.00
2008.03.12 14:13:41.301,1.02055,1.0207,4.20,4.00
2008.03.12 14:13:41.566,1.02055,1.0207,4.20,4.00
2008.03.12 14:13:41.849,1.02055,1.0207,4.20,4.00
2008.03.12 14:13:42.132,1.02055,1.0207,4.20,4.00
2008.03.12 14:13:42.418,1.02055,1.0207,4.20,4.00
2008.03.12 14:13:42.703,1.0206,1.0207,0.30,4.00
2008.03.12 14:13:43.011,1.0206,1.0208,0.30,16.80
2008.03.12 14:13:43.320,1.0206,1.0208,0.30,16.80
2008.03.12 14:13:43.630,1.0206,1.0208,0.30,16.80
2008.03.12 14:13:43.873,1.0206,1.0208,0.30,16.80
2008.03.12 14:13:44.118,1.02065,1.0209,0.30,36.40
2008.03.12 14:13:44.362,1.02065,1.0209,0.30,22.80
2008.03.12 14:13:44.608,1.02065,1.0208,0.30,12.80
2008.03.12 14:13:44.937,1.02065,1.02085,0.30,0.80
2008.03.12 14:13:45.277,1.02065,1.0209,0.30,22.00
2008.03.12 14:13:45.606,1.02065,1.0209,0.30,22.00
2008.03.12 14:13:45.860,1.02065,1.0209,0.30,19.20
2008.03.12 14:13:46.116,1.02065,1.0209,0.30,19.20
2008.03.12 14:13:46.374,1.02065,1.0209,0.30,19.20
2008.03.12 14:13:46.628,1.0207,1.0209,0.30,19.20
2008.03.12 14:13:46.923,1.0207,1.0209,0.30,19.20
2008.03.12 14:13:47.217,1.0207,1.0209,0.30,19.20
2008.03.12 14:13:47.510,1.0207,1.0209,0.30,19.20
2008.03.12 14:13:47.805,1.0207,1.0209,0.30,19.20
2008.03.12 14:13:48.069,1.02065,1.0209,0.30,19.20
2008.03.12 14:13:48.333,1.02065,1.0209,0.30,19.20
2008.03.12 14:13:48.596,1.0207,1.0209,0.30,19.20
2008.03.12 14:13:48.867,1.0207,1.0209,0.30,19.20
2008.03.12 14:13:49.190,1.0207,1.0209,0.30,19.20
2008.03.12 14:13:49.513,1.0207,1.0209,0.30,19.20
2008.03.12 14:13:49.837,1.0207,1.0209,0.30,19.20
2008.03.12 14:13:50.054,1.0207,1.0209,0.30,19.20
2008.03.12 14:13:50.267,1.0207,1.0209,0.30,19.20
2008.03.12 14:13:50.481,1.0207,1.0209,0.30,19.20
2008.03.12 14:13:50.697,1.0207,1.0209,0.30,19.20
2008.03.12 14:13:51.016,1.0207,1.0209,0.30,19.20
2008.03.12 14:13:51.335,1.0207,1.0209,0.30,19.20
2008.03.12 14:13:51.653,1.02065,1.0209,0.30,19.20
2008.03.12 14:13:51.972,1.02065,1.0209,0.30,19.20
2008.03.12 14:13:52.256,1.02065,1.0209,0.30,19.20
2008.03.12 14:13:52.550,1.02065,1.0209,0.30,19.20
2008.03.12 14:13:52.834,1.02065,1.0209,0.30,19.20
2008.03.12 14:13:53.072,1.02065,1.0209,0.30,19.20
2008.03.12 14:13:53.313,1.02065,1.0209,0.30,19.20
2008.03.12 14:13:53.550,1.02065,1.0209,0.30,19.20
2008.03.12 14:13:53.790,1.02065,1.0209,0.30,19.20
2008.03.12 14:13:54.029,1.02065,1.0209,0.30,19.20
2008.03.12 14:13:54.364,1.02065,1.0209,0.30,19.20
2008.03.12 14:13:54.697,1.02065,1.0209,0.30,19.20
2008.03.12 14:13:55.030,1.02065,1.0209,0.30,19.20
2008.03.12 14:13:55.243,1.02065,1.0209,0.30,19.20
2008.03.12 14:13:55.456,1.02065,1.0209,0.30,19.20
2008.03.12 14:13:55.670,1.02065,1.0209,0.30,19.20
2008.03.12 14:13:55.885,1.02065,1.0209,0.30,19.20
2008.03.12 14:13:56.199,1.02065,1.0209,0.30,19.20
2008.03.12 14:13:56.514,1.02065,1.0209,0.30,19.20
2008.03.12 14:13:56.827,1.02065,1.0209,0.30,19.20
2008.03.12 14:13:57.141,1.02065,1.0209,0.30,19.20
2008.03.12 14:13:57.420,1.02065,1.0209,0.30,19.20
2008.03.12 14:13:57.699,1.02065,1.0209,0.30,19.20
2008.03.12 14:13:57.978,1.02065,1.0208,0.30,2.40
2008.03.12 14:13:58.233,1.0206,1.0208,4.10,10.40
2008.03.12 14:13:58.487,1.0206,1.0208,4.00,14.40
2008.03.12 14:13:58.741,1.0206,1.0208,4.00,14.40
2008.03.12 14:13:58.993,1.0206,1.0208,4.00,14.40
2008.03.12 14:13:59.318,1.0206,1.0208,4.40,6.40
2008.03.12 14:13:59.642,1.02065,1.0208,0.30,6.40
2008.03.12 14:13:59.966,1.02065,1.0208,4.20,6.40
2008.03.12 14:14:00.195,1.02065,1.0208,4.20,6.40
2008.03.12 14:14:00.423,1.02065,1.0208,4.20,6.40
2008.03.12 14:14:00.652,1.02065,1.0208,4.20,6.40
2008.03.12 14:14:00.880,1.02065,1.0208,4.20,6.40
2008.03.12 14:14:01.109,1.02065,1.0208,4.20,6.40
2008.03.12 14:14:01.443,1.0207,1.0208,0.30,4.00
2008.03.12 14:14:01.776,1.0207,1.0209,0.30,16.80
2008.03.12 14:14:02.111,1.0207,1.0209,0.30,8.80
2008.03.12 14:14:02.376,1.0207,1.0209,0.30,16.80
2008.03.12 14:14:02.640,1.0207,1.0209,0.30,16.80
2008.03.12 14:14:02.904,1.0207,1.0209,0.30,16.80
2008.03.12 14:14:03.167,1.0207,1.0209,2.60,14.40
2008.03.12 14:14:03.456,1.0207,1.0209,0.30,8.80
2008.03.12 14:14:03.745,1.02075,1.0209,0.30,8.80
2008.03.12 14:14:04.035,1.02075,1.0209,4.20,8.80
2008.03.12 14:14:04.329,1.02075,1.0209,4.20,6.40
2008.03.12 14:14:04.623,1.02075,1.0209,4.20,6.40
2008.03.12 14:14:04.916,1.02075,1.0209,4.20,6.40
2008.03.12 14:14:05.210,1.02075,1.0209,4.20,6.40
2008.03.12 14:14:05.494,1.02075,1.0209,4.20,6.40
2008.03.12 14:14:05.773,1.02075,1.0209,4.20,6.40
2008.03.12 14:14:06.053,1.02075,1.0209,4.20,6.40
2008.03.12 14:14:06.326,1.02075,1.0209,4.20,6.40
2008.03.12 14:14:06.600,1.02075,1.0209,4.20,6.40
2008.03.12 14:14:06.876,1.02075,1.0209,4.20,6.40
2008.03.12 14:14:07.149,1.02075,1.0209,4.20,6.40
2008.03.12 14:14:07.463,1.02075,1.0209,4.20,6.40
2008.03.12 14:14:07.776,1.02075,1.0209,4.20,6.40
2008.03.12 14:14:08.090,1.02075,1.0209,4.20,6.40
2008.03.12 14:14:08.333,1.02075,1.0209,4.20,6.40
2008.03.12 14:14:08.576,1.02075,1.0209,4.20,6.40
2008.03.12 14:14:08.821,1.02075,1.0209,4.20,6.40
2008.03.12 14:14:09.065,1.02075,1.0209,4.20,6.40
2008.03.12 14:14:09.400,1.02075,1.0209,4.20,6.40
2008.03.12 14:14:09.733,1.02075,1.0209,4.20,6.40
2008.03.12 14:14:10.066,1.02075,1.0209,4.20,6.40
2008.03.12 14:14:10.400,1.02075,1.0209,4.20,6.40
2008.03.12 14:14:10.623,1.02075,1.0209,4.20,6.40
2008.03.12 14:14:10.846,1.02075,1.0209,4.20,6.40
2008.03.12 14:14:11.071,1.02075,1.0209,4.20,6.40
2008.03.12 14:14:11.373,1.02075,1.0209,4.20,6.40
2008.03.12 14:14:11.676,1.02075,1.0209,4.20,6.40
2008.03.12 14:14:11.980,1.02075,1.0209,4.20,6.40
2008.03.12 14:14:12.284,1.02075,1.0209,4.20,6.40
2008.03.12 14:14:12.558,1.02075,1.0209,4.20,6.40
2008.03.12 14:14:12.831,1.02075,1.0209,4.20,6.40
2008.03.12 14:14:13.105,1.02075,1.0209,4.20,6.40
2008.03.12 14:14:13.353,1.02075,1.0209,4.20,6.40
2008.03.12 14:14:13.601,1.02075,1.0209,4.20,6.40
2008.03.12 14:14:13.850,1.02075,1.0209,4.20,6.40
2008.03.12 14:14:14.099,1.02075,1.0209,4.20,6.40
2008.03.12 14:14:14.348,1.02075,1.0209,4.20,6.40
2008.03.12 14:14:14.681,1.02075,1.0209,4.20,6.40
2008.03.12 14:14:15.014,1.02075,1.0209,4.20,6.40
2008.03.12 14:14:15.358,1.02075,1.0209,4.20,6.40
2008.03.12 14:14:15.585,1.02075,1.0209,4.20,6.40
2008.03.12 14:14:15.815,1.02075,1.0209,4.20,6.40
2008.03.12 14:14:16.043,1.02075,1.0209,4.20,4.00
2008.03.12 14:14:16.275,1.02075,1.0209,4.20,4.00
2008.03.12 14:14:16.601,1.0208,1.021,0.30,17.60
2008.03.12 14:14:16.924,1.0209,1.021,0.30,6.40
2008.03.12 14:14:17.249,1.0209,1.0211,0.30,12.80
2008.03.12 14:14:17.533,1.0209,1.0211,0.30,20.80
2008.03.12 14:14:17.818,1.0209,1.0211,2.60,6.40
2008.03.12 14:14:18.113,1.021,1.0212,0.30,22.00
2008.03.12 14:14:18.398,1.021,1.0211,0.30,2.40
2008.03.12 14:14:18.683,1.021,1.0212,0.30,16.80
2008.03.12 14:14:18.968,1.021,1.0212,0.30,8.80
2008.03.12 14:14:19.252,1.02105,1.0212,0.30,8.80
2008.03.12 14:14:19.547,1.02105,1.0212,4.20,8.80
2008.03.12 14:14:19.841,1.02105,1.0212,4.20,6.40
2008.03.12 14:14:20.137,1.02105,1.0212,4.20,6.40
2008.03.12 14:14:20.421,1.02105,1.0212,4.20,6.40
2008.03.12 14:14:20.706,1.02105,1.0212,4.20,6.40
2008.03.12 14:14:20.991,1.02105,1.0212,4.20,6.40
2008.03.12 14:14:21.274,1.02105,1.0212,4.20,6.50
2008.03.12 14:14:21.545,1.0211,1.0212,0.30,4.10
2008.03.12 14:14:21.813,1.0211,1.0213,0.30,14.10
2008.03.12 14:14:22.095,1.02105,1.0212,4.20,1.70
2008.03.12 14:14:22.376,1.02105,1.0212,4.20,8.10
2008.03.12 14:14:22.720,1.02105,1.0213,4.20,18.10
2008.03.12 14:14:23.044,1.02105,1.0213,4.20,18.90
2008.03.12 14:14:23.378,1.021,1.0212,0.30,8.50
2008.03.12 14:14:23.619,1.021,1.0212,0.30,8.50
2008.03.12 14:14:23.850,1.02095,1.0211,4.20,2.40
2008.03.12 14:14:24.079,1.02095,1.0211,4.20,4.10
2008.03.12 14:14:24.309,1.02095,1.0211,4.20,4.10
2008.03.12 14:14:24.644,1.021,1.0211,0.30,8.10
2008.03.12 14:14:24.977,1.02095,1.0211,4.20,4.00
2008.03.12 14:14:25.311,1.02095,1.0212,4.20,8.50
2008.03.12 14:14:25.555,1.02095,1.0212,4.20,9.30
2008.03.12 14:14:25.799,1.02095,1.0211,4.20,2.40
2008.03.12 14:14:26.045,1.02095,1.0211,4.20,2.40
2008.03.12 14:14:26.290,1.021,1.0212,0.30,9.90
2008.03.12 14:14:26.603,1.02095,1.0212,4.20,9.10
2008.03.12 14:14:26.917,1.02095,1.0212,4.20,9.10
2008.03.12 14:14:27.230,1.02095,1.0212,4.20,9.10
2008.03.12 14:14:27.545,1.02095,1.0212,4.20,9.10
2008.03.12 14:14:27.818,1.02095,1.0211,4.20,2.40
2008.03.12 14:14:28.099,1.02095,1.0211,4.20,2.40
2008.03.12 14:14:28.374,1.02095,1.0211,4.20,4.70
2008.03.12 14:14:28.659,1.02095,1.0211,4.20,8.70
2008.03.12 14:14:28.943,1.02095,1.0211,4.00,8.70
2008.03.12 14:14:29.227,1.02095,1.0211,4.20,8.70
2008.03.12 14:14:29.513,1.02095,1.0211,4.00,8.70
2008.03.12 14:14:29.842,1.0209,1.0211,0.30,13.50
2008.03.12 14:14:30.171,1.02085,1.0211,4.20,13.50
2008.03.12 14:14:30.500,1.02085,1.021,4.20,4.00
2008.03.12 14:14:30.735,1.02085,1.021,4.20,4.00
2008.03.12 14:14:30.968,1.02085,1.021,4.20,4.00
2008.03.12 14:14:31.201,1.02085,1.021,4.20,4.00
2008.03.12 14:14:31.435,1.0209,1.021,0.30,4.00
2008.03.12 14:14:31.739,1.0209,1.0211,0.30,8.70
2008.03.12 14:14:32.042,1.0209,1.0211,0.30,8.70
2008.03.12 14:14:32.345,1.0209,1.0211,0.30,8.70
2008.03.12 14:14:32.650,1.02095,1.0212,0.30,17.10
2008.03.12 14:14:32.935,1.02095,1.0212,0.30,18.70
2008.03.12 14:14:33.218,1.02095,1.0212,0.30,18.70
2008.03.12 14:14:33.513,1.02095,1.0212,0.30,18.70
2008.03.12 14:14:33.794,1.02095,1.0212,0.30,17.10
2008.03.12 14:14:34.064,1.02095,1.0212,3.40,16.70
2008.03.12 14:14:34.332,1.02105,1.0213,0.30,25.10
2008.03.12 14:14:34.602,1.021,1.0213,0.30,21.10
2008.03.12 14:14:34.927,1.021,1.0212,0.30,4.70
2008.03.12 14:14:35.253,1.02105,1.0212,4.20,2.30
2008.03.12 14:14:35.575,1.02105,1.0212,4.20,2.30
2008.03.12 14:14:35.825,1.02105,1.0212,4.20,2.30
2008.03.12 14:14:36.074,1.02105,1.0212,4.20,2.30
2008.03.12 14:14:36.323,1.02105,1.0212,4.20,2.40
2008.03.12 14:14:36.584,1.02105,1.0212,4.20,4.80
2008.03.12 14:14:36.890,1.0211,1.0213,0.30,17.20
2008.03.12 14:14:37.194,1.02105,1.0213,4.20,17.20
2008.03.12 14:14:37.499,1.02105,1.0213,4.20,17.20
2008.03.12 14:14:39.376,1.02105,1.0213,4.20,17.20
2008.03.12 14:14:39.701,1.0212,1.0214,0.30,16.80
2008.03.12 14:14:39.727,1.0212,1.0214,0.30,16.80
2008.03.12 14:14:39.811,1.0212,1.0214,0.30,16.80
2008.03.12 14:14:39.828,1.0212,1.0214,0.30,16.80
2008.03.12 14:14:39.853,1.0212,1.0214,0.30,16.80
2008.03.12 14:14:39.865,1.0212,1.0214,0.30,16.80
2008.03.12 14:14:39.882,1.0212,1.0214,0.30,16.80
2008.03.12 14:14:39.886,1.0212,1.0214,0.30,16.80
2008.03.12 14:14:39.908,1.0212,1.0214,0.30,16.80
2008.03.12 14:14:39.918,1.0212,1.0214,0.30,16.80
2008.03.12 14:14:39.930,1.0212,1.0214,2.60,6.40
2008.03.12 14:14:39.945,1.0212,1.0214,2.60,6.40
2008.03.12 14:14:39.953,1.0212,1.0214,2.60,6.40
2008.03.12 14:14:39.971,1.0212,1.0214,2.60,6.40
2008.03.12 14:14:39.979,1.0212,1.0214,2.60,6.40
2008.03.12 14:14:40.005,1.0212,1.0214,2.60,6.40
2008.03.12 14:14:40.023,1.0212,1.0214,2.60,6.40
2008.03.12 14:14:40.054,1.0212,1.0214,2.60,6.40
2008.03.12 14:14:40.061,1.0212,1.0214,2.60,6.40
2008.03.12 14:14:40.078,1.0212,1.0214,2.60,6.40
2008.03.12 14:14:40.095,1.0212,1.0214,2.60,6.40
2008.03.12 14:14:40.113,1.0212,1.0214,2.60,6.40
2008.03.12 14:14:40.130,1.0213,1.0214,0.30,6.40
2008.03.12 14:14:40.155,1.0213,1.0214,0.30,6.40
2008.03.12 14:14:40.164,1.0213,1.0214,0.30,4.00
2008.03.12 14:14:40.170,1.0213,1.0214,0.30,4.00
2008.03.12 14:14:40.186,1.0213,1.0214,0.30,4.00
2008.03.12 14:14:40.228,1.0213,1.0214,0.30,4.00
2008.03.12 14:14:40.256,1.0213,1.0215,0.30,32.30
2008.03.12 14:14:40.268,1.0213,1.0215,0.30,25.70
2008.03.12 14:14:40.277,1.0213,1.0215,0.30,25.70
2008.03.12 14:14:40.292,1.0213,1.0215,0.30,25.70
2008.03.12 14:14:40.323,1.0213,1.0215,0.30,25.70
2008.03.12 14:14:40.344,1.0213,1.0215,0.30,25.70
2008.03.12 14:14:40.350,1.0213,1.0215,0.30,25.70
2008.03.12 14:14:40.362,1.0213,1.0215,0.30,25.70
2008.03.12 14:14:40.385,1.0213,1.0215,0.30,25.70
2008.03.12 14:14:40.723,1.02125,1.0215,4.20,30.50
2008.03.12 14:14:41.057,1.0213,1.0215,0.30,25.70
2008.03.12 14:14:41.402,1.0213,1.0215,0.30,25.70
2008.03.12 14:14:41.624,1.0213,1.0215,0.30,25.70
2008.03.12 14:14:41.856,1.0213,1.0215,0.30,25.70
2008.03.12 14:14:42.090,1.0213,1.0215,0.30,25.70
2008.03.12 14:14:42.323,1.0213,1.0215,0.30,25.70
2008.03.12 14:14:42.557,1.02125,1.0215,4.20,32.90
2008.03.12 14:14:42.893,1.0213,1.0214,0.30,6.40
2008.03.12 14:14:43.226,1.0213,1.0214,0.30,4.00
2008.03.12 14:14:43.560,1.0213,1.0215,0.30,26.10
2008.03.12 14:14:43.795,1.0213,1.0215,0.30,25.20
2008.03.12 14:14:44.028,1.0213,1.0215,0.30,25.20
2008.03.12 14:14:44.263,1.0213,1.0215,0.30,25.20
2008.03.12 14:14:44.496,1.0213,1.0215,0.30,25.20
2008.03.12 14:14:44.830,1.0213,1.0215,0.30,25.20
2008.03.12 14:14:45.164,1.0213,1.0215,0.30,25.20
2008.03.12 14:14:45.497,1.0213,1.0215,0.30,25.20
2008.03.12 14:14:45.830,1.0213,1.0215,0.30,25.20
2008.03.12 14:14:46.055,1.0213,1.0215,0.30,25.20
2008.03.12 14:14:46.279,1.0213,1.0215,0.30,25.20
2008.03.12 14:14:46.504,1.0213,1.0215,0.30,25.20
2008.03.12 14:14:46.729,1.0213,1.0215,0.30,25.20
2008.03.12 14:14:47.074,1.0213,1.0215,0.30,25.20
2008.03.12 14:14:47.408,1.0213,1.0215,0.30,25.20
2008.03.12 14:14:47.743,1.0213,1.0215,0.30,25.20
2008.03.12 14:14:48.011,1.0213,1.0215,0.30,24.40
2008.03.12 14:14:48.280,1.0213,1.0215,0.30,24.40
2008.03.12 14:14:48.549,1.0213,1.0215,0.30,24.40
2008.03.12 14:14:48.832,1.0213,1.0215,0.30,16.40
2008.03.12 14:14:49.115,1.0213,1.0215,0.30,24.40
2008.03.12 14:14:49.399,1.0213,1.0215,0.30,25.20
2008.03.12 14:14:49.683,1.0213,1.0215,0.30,25.20
2008.03.12 14:14:49.967,1.0213,1.0215,0.30,25.20
2008.03.12 14:14:50.251,1.0213,1.0215,0.30,25.40
2008.03.12 14:14:50.535,1.0213,1.0215,0.30,25.70
2008.03.12 14:14:50.820,1.0213,1.0215,0.30,26.10
2008.03.12 14:14:51.101,1.0213,1.0215,0.30,30.10
2008.03.12 14:14:51.381,1.0213,1.0215,0.30,26.50
2008.03.12 14:14:51.672,1.02125,1.0214,4.20,4.80
2008.03.12 14:14:52.002,1.02125,1.0214,4.20,5.20
2008.03.12 14:14:52.322,1.02125,1.0214,4.20,8.80
2008.03.12 14:14:52.640,1.02125,1.0214,4.20,8.80
2008.03.12 14:14:52.961,1.02125,1.0214,4.20,8.80
2008.03.12 14:14:53.214,1.02125,1.0214,4.20,8.80
2008.03.12 14:14:53.467,1.02125,1.0214,4.20,8.80
2008.03.12 14:14:53.721,1.02125,1.0214,4.20,17.40
2008.03.12 14:14:54.041,1.02115,1.0213,9.00,2.40
2008.03.12 14:14:54.360,1.02115,1.0213,3.40,6.40
2008.03.12 14:14:54.679,1.0211,1.0213,3.40,14.40
2008.03.12 14:14:54.999,1.02125,1.0214,4.20,19.20
2008.03.12 14:14:55.238,1.0212,1.0214,0.30,15.20
2008.03.12 14:14:55.477,1.0212,1.0214,0.30,15.20
2008.03.12 14:14:55.715,1.0212,1.0214,0.30,15.60
2008.03.12 14:14:55.954,1.02115,1.0214,4.00,18.80
2008.03.12 14:14:56.274,1.0211,1.0213,0.30,8.60
2008.03.12 14:14:56.593,1.0211,1.0213,0.30,8.60
2008.03.12 14:14:56.912,1.0211,1.0213,0.30,8.60
2008.03.12 14:14:57.186,1.02105,1.0213,4.20,8.60
2008.03.12 14:14:57.459,1.02105,1.0213,4.20,8.60
2008.03.12 14:14:57.743,1.02105,1.0213,4.20,8.60
2008.03.12 14:14:58.017,1.02105,1.0213,4.20,9.00
2008.03.12 14:14:58.291,1.0211,1.0213,0.30,9.00
2008.03.12 14:14:58.564,1.0211,1.0213,0.30,9.00
2008.03.12 14:14:58.837,1.0211,1.0213,0.30,9.10
2008.03.12 14:14:59.111,1.0211,1.0213,0.30,9.10
2008.03.12 14:14:59.419,1.0211,1.0213,0.30,9.10
2008.03.12 14:14:59.736,1.0211,1.0213,0.30,9.10
2008.03.12 14:15:00.043,1.0211,1.0213,0.30,9.10
2008.03.12 14:15:00.301,1.0211,1.0212,0.30,2.20
2008.03.12 14:15:00.555,1.0211,1.0212,0.30,2.20
2008.03.12 14:15:00.810,1.02105,1.0212,4.20,2.20
2008.03.12 14:15:01.076,1.02105,1.0212,4.20,6.20
2008.03.12 14:15:01.358,1.02105,1.0212,4.20,6.20
2008.03.12 14:15:01.653,1.02105,1.0212,4.20,4.00
2008.03.12 14:15:01.946,1.02105,1.0212,4.20,4.00
2008.03.12 14:15:02.240,1.02105,1.0212,4.20,4.00
2008.03.12 14:15:02.518,1.02105,1.0212,4.20,4.00
2008.03.12 14:15:02.797,1.02105,1.0212,4.20,4.00
2008.03.12 14:15:03.086,1.02105,1.0212,4.20,4.00
2008.03.12 14:15:03.365,1.02105,1.0212,4.20,4.00
2008.03.12 14:15:03.636,1.02105,1.0212,4.20,4.00
2008.03.12 14:15:03.909,1.02105,1.0212,4.20,4.00
2008.03.12 14:15:04.182,1.02105,1.0212,4.20,4.00
2008.03.12 14:15:04.455,1.02105,1.0212,4.20,4.00
2008.03.12 14:15:04.756,1.02105,1.0212,4.20,4.00
2008.03.12 14:15:05.056,1.02105,1.0212,4.20,4.00
2008.03.12 14:15:05.353,1.02105,1.0212,4.20,4.00
2008.03.12 14:15:05.607,1.02105,1.0212,4.20,4.00
2008.03.12 14:15:05.896,1.02105,1.0212,4.20,4.00
2008.03.12 14:15:06.149,1.02105,1.0212,4.20,4.00
2008.03.12 14:15:06.407,1.02105,1.0212,4.20,4.00
2008.03.12 14:15:06.704,1.02105,1.0212,4.20,4.00
2008.03.12 14:15:07.003,1.02105,1.0212,4.20,4.00
2008.03.12 14:15:07.301,1.02105,1.0212,4.20,4.00
2008.03.12 14:15:07.599,1.02105,1.0212,4.20,4.00
2008.03.12 14:15:07.878,1.02105,1.0212,4.20,4.00
2008.03.12 14:15:08.157,1.02105,1.0212,4.20,4.00
2008.03.12 14:15:08.449,1.0211,1.0212,0.30,4.00
2008.03.12 14:15:08.686,1.0211,1.0213,0.30,8.80
2008.03.12 14:15:08.935,1.0212,1.0213,0.30,8.80
2008.03.12 14:15:09.184,1.0212,1.0214,0.30,21.80
2008.03.12 14:15:09.433,1.0212,1.0214,0.30,8.80
2008.03.12 14:15:09.767,1.0212,1.0214,1.00,8.80
2008.03.12 14:15:10.101,1.0213,1.0214,0.30,2.40
2008.03.12 14:15:10.437,1.0213,1.0215,0.30,17.20
2008.03.12 14:15:10.676,1.02125,1.0215,4.20,21.20
2008.03.12 14:15:10.915,1.0213,1.0215,0.30,18.00
2008.03.12 14:15:11.154,1.0213,1.0215,0.30,18.00
2008.03.12 14:15:11.393,1.0213,1.0215,0.30,18.00
2008.03.12 14:15:11.632,1.0213,1.0215,0.30,18.00
2008.03.12 14:15:11.966,1.0213,1.0215,0.30,17.20
2008.03.12 14:15:12.301,1.0213,1.0215,0.30,18.00
2008.03.12 14:15:12.634,1.0213,1.0215,0.30,18.00
2008.03.12 14:15:12.898,1.0213,1.0215,0.30,18.00
2008.03.12 14:15:13.161,1.0213,1.0215,0.30,18.00
2008.03.12 14:15:13.425,1.0213,1.0215,0.30,18.00
2008.03.12 14:15:13.708,1.0213,1.0215,0.30,18.00
2008.03.12 14:15:13.993,1.0213,1.0215,0.30,18.00
2008.03.12 14:15:14.277,1.0213,1.0215,0.30,18.00
2008.03.12 14:15:14.570,1.0213,1.0215,0.30,17.20
2008.03.12 14:15:14.873,1.0213,1.0215,0.30,17.20
2008.03.12 14:15:15.177,1.0213,1.0215,0.30,17.20
2008.03.12 14:15:15.482,1.0213,1.0215,0.30,17.20
2008.03.12 14:15:15.757,1.0213,1.0215,0.30,16.80
2008.03.12 14:15:16.031,1.0213,1.0215,0.30,16.80
2008.03.12 14:15:16.305,1.0213,1.0215,0.30,16.80
2008.03.12 14:15:16.579,1.0213,1.0215,0.30,16.80
2008.03.12 14:15:16.876,1.0213,1.0215,0.30,16.80
2008.03.12 14:15:17.171,1.0213,1.0215,0.30,16.80
2008.03.12 14:15:17.444,1.0213,1.0215,0.30,16.80
2008.03.12 14:15:17.728,1.0213,1.0215,0.30,16.80
2008.03.12 14:15:18.047,1.0213,1.0215,0.30,16.80
2008.03.12 14:15:18.366,1.0213,1.0215,0.30,16.80
2008.03.12 14:15:18.687,1.02135,1.0215,0.30,8.80
2008.03.12 14:15:18.936,1.02135,1.0215,0.30,6.40
2008.03.12 14:15:19.185,1.02135,1.0215,4.20,6.40
2008.03.12 14:15:19.434,1.02135,1.0215,4.20,6.40
2008.03.12 14:15:19.691,1.02135,1.0215,4.20,6.40
2008.03.12 14:15:20.020,1.02135,1.0215,4.20,6.40
2008.03.12 14:15:20.348,1.02135,1.0215,4.20,6.40
2008.03.12 14:15:20.678,1.02135,1.0215,4.20,6.40
2008.03.12 14:15:20.925,1.02135,1.0215,4.20,6.40
2008.03.12 14:15:21.174,1.02135,1.0215,4.20,6.40
2008.03.12 14:15:21.423,1.02135,1.0215,4.20,6.40
2008.03.12 14:15:21.672,1.02135,1.0215,4.20,4.00
2008.03.12 14:15:21.968,1.02145,1.0216,0.30,4.00
2008.03.12 14:15:22.262,1.02145,1.02165,0.30,3.20
2008.03.12 14:15:22.560,1.0214,1.02165,0.30,3.20
2008.03.12 14:15:22.857,1.0214,1.02165,0.30,3.20
2008.03.12 14:15:23.181,1.0214,1.0216,0.30,2.40
2008.03.12 14:15:23.494,1.0214,1.0216,0.30,5.20
2008.03.12 14:15:23.808,1.0214,1.0216,0.30,16.80
2008.03.12 14:15:24.049,1.0214,1.0216,0.30,16.80
2008.03.12 14:15:24.288,1.0214,1.0216,0.30,16.80
2008.03.12 14:15:24.527,1.0214,1.0216,0.30,16.80
2008.03.12 14:15:24.766,1.0214,1.0216,0.30,16.80
2008.03.12 14:15:25.099,1.0214,1.0216,0.30,16.80
2008.03.12 14:15:25.433,1.0214,1.0216,0.30,16.80
2008.03.12 14:15:25.768,1.0214,1.0216,0.30,16.80
2008.03.12 14:15:26.011,1.0214,1.0216,0.30,16.80
2008.03.12 14:15:26.254,1.0214,1.0216,0.30,16.80
2008.03.12 14:15:26.497,1.0214,1.0216,0.30,16.80
2008.03.12 14:15:26.742,1.0214,1.0216,0.30,16.80
2008.03.12 14:15:27.075,1.0214,1.0216,0.30,16.80
2008.03.12 14:15:27.410,1.0214,1.0216,0.30,8.80
2008.03.12 14:15:27.744,1.0214,1.0216,0.30,16.80
2008.03.12 14:15:27.978,1.0214,1.0216,0.30,16.80
2008.03.12 14:15:28.213,1.0214,1.0216,0.30,16.80
2008.03.12 14:15:28.446,1.0214,1.0216,0.30,16.80
2008.03.12 14:15:28.680,1.0214,1.0216,0.30,16.80
2008.03.12 14:15:28.914,1.0214,1.0216,0.30,16.80
2008.03.12 14:15:29.256,1.0214,1.0216,0.30,17.20
2008.03.12 14:15:29.590,1.0214,1.0216,0.30,17.20
2008.03.12 14:15:29.924,1.0214,1.0216,0.30,21.20
2008.03.12 14:15:30.165,1.0214,1.0215,0.30,2.40
2008.03.12 14:15:30.405,1.02135,1.0215,4.20,2.40
2008.03.12 14:15:30.643,1.02135,1.0215,4.20,6.40
2008.03.12 14:15:30.883,1.02135,1.0215,4.20,9.20
2008.03.12 14:15:31.201,1.02125,1.0214,4.20,6.40
2008.03.12 14:15:31.520,1.02125,1.0214,4.00,13.20
2008.03.12 14:15:31.840,1.0212,1.0214,0.30,9.20
2008.03.12 14:15:32.142,1.0212,1.0214,0.30,9.20
2008.03.12 14:15:32.451,1.0212,1.0214,0.30,9.20
2008.03.12 14:15:32.755,1.0212,1.0214,0.30,9.20
2008.03.12 14:15:33.042,1.0212,1.0214,0.30,9.20
2008.03.12 14:15:33.333,1.0212,1.0214,0.30,9.20
2008.03.12 14:15:33.627,1.0212,1.0214,0.30,9.20
2008.03.12 14:15:33.901,1.0212,1.0214,0.30,9.20
2008.03.12 14:15:34.191,1.0212,1.0214,0.30,9.20
2008.03.12 14:15:34.479,1.0212,1.0214,0.30,9.20
2008.03.12 14:15:34.769,1.0212,1.0214,0.30,9.20
2008.03.12 14:15:35.067,1.0212,1.0214,0.30,9.20
2008.03.12 14:15:35.351,1.0212,1.0214,0.30,9.20
2008.03.12 14:15:35.636,1.0212,1.0214,0.30,9.20
2008.03.12 14:15:35.921,1.0212,1.0214,0.30,9.20
2008.03.12 14:15:36.170,1.0212,1.0214,0.30,9.20
2008.03.12 14:15:36.420,1.0212,1.0214,0.30,9.20
2008.03.12 14:15:36.668,1.0212,1.0214,0.30,9.20
2008.03.12 14:15:36.917,1.0212,1.0214,0.30,9.20
2008.03.12 14:15:37.223,1.0212,1.0214,0.30,9.20
2008.03.12 14:15:37.528,1.0212,1.0214,0.30,8.80
2008.03.12 14:15:37.846,1.0212,1.0214,0.30,8.80
2008.03.12 14:15:38.149,1.0212,1.0214,0.30,8.80
2008.03.12 14:15:38.428,1.0212,1.0214,0.30,8.80
2008.03.12 14:15:38.707,1.0212,1.0214,0.30,8.80
2008.03.12 14:15:38.986,1.0212,1.0214,0.30,8.80
2008.03.12 14:15:39.265,1.0212,1.0214,0.30,9.20
2008.03.12 14:15:39.545,1.0212,1.0214,0.30,9.20
2008.03.12 14:15:39.823,1.0212,1.0214,0.30,9.20
2008.03.12 14:15:40.112,1.0212,1.0214,0.30,9.20
2008.03.12 14:15:40.396,1.0212,1.0214,0.30,9.20
2008.03.12 14:15:40.690,1.0212,1.0214,0.30,9.20
2008.03.12 14:15:40.984,1.0212,1.0214,0.30,9.20
2008.03.12 14:15:41.258,1.0212,1.0214,0.30,9.20
2008.03.12 14:15:41.532,1.0212,1.0214,0.30,9.20
2008.03.12 14:15:41.806,1.0212,1.0214,0.30,13.20
2008.03.12 14:15:42.080,1.02115,1.0213,0.30,8.80
2008.03.12 14:15:42.377,1.02115,1.0213,0.30,10.00
2008.03.12 14:15:42.679,1.02105,1.0213,4.20,10.80
2008.03.12 14:15:42.980,1.02105,1.0212,4.20,0.50
2008.03.12 14:15:43.270,1.02105,1.0212,4.20,2.80
2008.03.12 14:15:43.569,1.02105,1.0212,4.20,9.20
2008.03.12 14:15:43.852,1.02105,1.0212,4.20,9.20
2008.03.12 14:15:44.137,1.02105,1.0212,4.20,9.20
2008.03.12 14:15:44.438,1.02105,1.0212,4.20,9.20
2008.03.12 14:15:44.737,1.02105,1.0212,4.20,9.20
2008.03.12 14:15:45.037,1.02105,1.0212,4.20,9.20
2008.03.12 14:15:45.334,1.02105,1.0212,4.20,9.20
2008.03.12 14:15:45.595,1.02105,1.0212,4.20,9.20
2008.03.12 14:15:45.866,1.02105,1.0212,4.20,9.20
2008.03.12 14:15:46.123,1.02105,1.0212,4.20,9.20
2008.03.12 14:15:46.381,1.02105,1.0212,4.20,9.20
2008.03.12 14:15:46.691,1.02105,1.0212,4.20,9.20
2008.03.12 14:15:46.998,1.02105,1.0212,4.20,9.20
2008.03.12 14:15:47.307,1.02105,1.0212,4.20,9.20
2008.03.12 14:15:47.576,1.02105,1.0212,4.20,9.20
2008.03.12 14:15:47.848,1.02105,1.0212,4.20,9.20
2008.03.12 14:15:48.116,1.02105,1.0212,4.20,9.20
2008.03.12 14:15:48.385,1.02105,1.0212,4.20,8.80
2008.03.12 14:15:48.659,1.02105,1.0212,4.20,8.80
2008.03.12 14:15:48.932,1.02105,1.0212,4.20,9.20
2008.03.12 14:15:49.205,1.02105,1.0212,4.20,9.20
2008.03.12 14:15:49.479,1.02105,1.0212,4.20,9.20
2008.03.12 14:15:49.791,1.021,1.0212,0.30,9.20
2008.03.12 14:15:50.100,1.021,1.0212,0.30,9.20
2008.03.12 14:15:50.408,1.021,1.0212,0.30,9.20
2008.03.12 14:15:50.642,1.021,1.0212,0.30,9.20
2008.03.12 14:15:50.875,1.021,1.0212,0.30,9.20
2008.03.12 14:15:51.109,1.021,1.0212,0.30,9.20
2008.03.12 14:15:51.343,1.021,1.0212,0.30,9.20
2008.03.12 14:15:51.661,1.021,1.0212,0.30,9.20
2008.03.12 14:15:51.980,1.021,1.0212,0.30,13.20
2008.03.12 14:15:52.298,1.021,1.0212,0.30,9.20
2008.03.12 14:15:52.588,1.021,1.0212,0.30,9.20
2008.03.12 14:15:52.882,1.021,1.0212,0.30,9.20
2008.03.12 14:15:53.172,1.021,1.0212,0.30,9.20
2008.03.12 14:15:53.461,1.021,1.0212,0.30,9.20
2008.03.12 14:15:53.710,1.021,1.0212,0.30,8.80
2008.03.12 14:15:53.961,1.021,1.0212,0.30,8.80
2008.03.12 14:15:54.212,1.02105,1.0212,0.30,8.80
2008.03.12 14:15:54.471,1.0211,1.0213,0.30,18.80
2008.03.12 14:15:54.816,1.02105,1.0213,4.20,18.00
2008.03.12 14:15:55.137,1.02105,1.0213,4.20,18.00
2008.03.12 14:15:55.470,1.02105,1.0213,4.20,18.00
2008.03.12 14:15:55.700,1.02105,1.0213,4.20,18.00
2008.03.12 14:15:55.928,1.02105,1.0213,4.20,18.00
2008.03.12 14:15:56.157,1.02105,1.0213,4.20,18.00
2008.03.12 14:15:56.400,1.02105,1.0213,4.20,18.40
2008.03.12 14:15:56.736,1.02105,1.0212,0.30,4.00
2008.03.12 14:15:57.073,1.021,1.02125,0.30,3.20
2008.03.12 14:15:57.385,1.021,1.0212,0.30,4.80
2008.03.12 14:15:57.659,1.02105,1.0212,0.30,2.40
2008.03.12 14:15:57.935,1.02105,1.0212,0.30,9.20
2008.03.12 14:15:58.209,1.021,1.0212,0.30,9.20
2008.03.12 14:15:58.484,1.021,1.0212,0.30,9.20
2008.03.12 14:15:58.783,1.021,1.0212,0.30,9.20
2008.03.12 14:15:59.060,1.021,1.0212,0.30,9.20
2008.03.12 14:15:59.348,1.021,1.0212,0.30,9.20
2008.03.12 14:15:59.637,1.021,1.0212,0.30,14.00
2008.03.12 14:15:59.916,1.021,1.0211,0.30,2.40
2008.03.12 14:16:00.195,1.02095,1.0211,4.30,5.20
2008.03.12 14:16:00.474,1.02095,1.0211,4.30,5.20
2008.03.12 14:16:00.749,1.02095,1.0211,4.10,5.20
2008.03.12 14:16:01.032,1.02095,1.021,4.10,2.40
2008.03.12 14:16:01.317,1.0208,1.021,0.30,8.70
2008.03.12 14:16:01.593,1.0208,1.021,0.30,9.10
2008.03.12 14:16:01.909,1.02075,1.021,3.40,17.10
2008.03.12 14:16:02.224,1.02075,1.021,0.30,17.10
2008.03.12 14:16:02.540,1.02075,1.021,0.30,21.10
2008.03.12 14:16:02.817,1.02075,1.021,0.30,18.70
2008.03.12 14:16:03.081,1.02075,1.0208,0.30,0.20
2008.03.12 14:16:03.345,1.02075,1.0208,0.30,0.20
2008.03.12 14:16:03.609,1.02075,1.0208,0.30,0.20
2008.03.12 14:16:03.907,1.02075,1.0208,0.30,0.20
2008.03.12 14:16:04.208,1.02075,1.021,0.30,25.90
2008.03.12 14:16:04.507,1.02075,1.021,0.30,25.90
2008.03.12 14:16:04.806,1.02075,1.021,0.30,25.90
2008.03.12 14:16:05.103,1.0207,1.0209,0.30,2.80
2008.03.12 14:16:05.398,1.0207,1.0209,0.30,2.80
2008.03.12 14:16:05.692,1.0207,1.0209,0.30,5.20
2008.03.12 14:16:05.973,1.0207,1.0209,0.30,9.10
2008.03.12 14:16:06.264,1.0207,1.0209,0.30,9.10
2008.03.12 14:16:06.542,1.0207,1.0209,0.30,8.70
2008.03.12 14:16:06.821,1.0207,1.0209,0.30,8.70
2008.03.12 14:16:07.095,1.0207,1.0209,0.30,8.70
2008.03.12 14:16:07.370,1.0207,1.0209,0.30,8.70
2008.03.12 14:16:07.643,1.0207,1.0209,0.30,8.70
2008.03.12 14:16:07.947,1.0207,1.0209,0.30,8.70
2008.03.12 14:16:08.251,1.0207,1.0209,0.30,8.70
2008.03.12 14:16:08.554,1.0207,1.0209,0.30,8.70
2008.03.12 14:16:08.859,1.0207,1.0209,0.30,8.70
2008.03.12 14:16:09.137,1.0207,1.0209,0.30,8.70
2008.03.12 14:16:09.417,1.0207,1.0209,0.30,8.70
2008.03.12 14:16:09.696,1.0207,1.0209,0.30,8.70
2008.03.12 14:16:09.966,1.0207,1.0209,0.30,8.70
2008.03.12 14:16:10.246,1.0207,1.0209,0.30,8.70
2008.03.12 14:16:10.505,1.0207,1.0209,0.30,8.70
2008.03.12 14:16:10.773,1.0207,1.0209,0.30,8.70
2008.03.12 14:16:11.067,1.0207,1.0209,0.30,8.70
2008.03.12 14:16:11.361,1.0207,1.0209,0.30,8.70
2008.03.12 14:16:11.655,1.0207,1.0209,0.30,8.70
2008.03.12 14:16:11.888,1.0207,1.0209,0.30,8.70
2008.03.12 14:16:12.122,1.0207,1.0209,0.30,8.70
2008.03.12 14:16:12.356,1.0207,1.0209,0.30,8.70
2008.03.12 14:16:12.590,1.0207,1.0209,0.30,8.70
2008.03.12 14:16:12.826,1.0207,1.0209,2.60,6.30
2008.03.12 14:16:13.161,1.02075,1.0209,0.30,6.30
2008.03.12 14:16:13.505,1.0207,1.0209,1.00,8.70
2008.03.12 14:16:13.839,1.0207,1.0209,1.00,8.70
2008.03.12 14:16:14.078,1.0207,1.0209,1.00,8.70
2008.03.12 14:16:14.307,1.0207,1.0209,1.00,8.70
2008.03.12 14:16:14.536,1.0207,1.0209,1.00,8.70
2008.03.12 14:16:14.764,1.0207,1.0209,1.00,8.70
2008.03.12 14:16:15.100,1.0208,1.0209,0.30,6.30
2008.03.12 14:16:15.435,1.0208,1.021,0.30,9.10
2008.03.12 14:16:15.780,1.02075,1.021,0.30,17.10
2008.03.12 14:16:16.011,1.02075,1.021,0.30,9.10
2008.03.12 14:16:16.239,1.0208,1.021,0.30,9.10
2008.03.12 14:16:16.469,1.0208,1.021,0.30,9.10
2008.03.12 14:16:16.697,1.02075,1.021,0.30,10.70
2008.03.12 14:16:17.033,1.02075,1.021,0.30,18.70
2008.03.12 14:16:17.377,1.02075,1.021,0.30,9.10
2008.03.12 14:16:17.710,1.0208,1.021,0.30,16.70
2008.03.12 14:16:17.980,1.0208,1.021,0.30,16.70
2008.03.12 14:16:18.249,1.0208,1.021,0.30,16.70
2008.03.12 14:16:18.519,1.0208,1.021,0.30,16.70
2008.03.12 14:16:18.792,1.0208,1.021,0.30,16.70
2008.03.12 14:16:19.076,1.0208,1.021,0.30,16.70
2008.03.12 14:16:19.359,1.0208,1.021,0.30,16.70
2008.03.12 14:16:19.642,1.0208,1.021,0.30,16.70
2008.03.12 14:16:19.926,1.0208,1.021,0.30,16.70
2008.03.12 14:16:20.224,1.0208,1.021,0.30,16.70
2008.03.12 14:16:20.523,1.0208,1.021,0.30,16.70
2008.03.12 14:16:20.820,1.0208,1.021,0.30,16.70
2008.03.12 14:16:21.060,1.0208,1.021,0.30,16.70
2008.03.12 14:16:21.301,1.0208,1.021,0.30,16.70
2008.03.12 14:16:21.540,1.0208,1.0211,0.30,30.00
2008.03.12 14:16:21.778,1.0208,1.0211,0.30,26.00
2008.03.12 14:16:22.078,1.0208,1.0211,0.30,26.00
2008.03.12 14:16:22.377,1.0208,1.0211,0.30,26.00
2008.03.12 14:16:22.687,1.0208,1.0211,0.30,26.00
2008.03.12 14:16:22.996,1.0208,1.0211,0.30,26.00
2008.03.12 14:16:23.274,1.0208,1.0211,0.30,26.00
2008.03.12 14:16:23.561,1.0208,1.0211,0.30,26.00
2008.03.12 14:16:23.850,1.0208,1.0211,0.30,26.00
2008.03.12 14:16:24.108,1.0208,1.0211,0.30,26.00
2008.03.12 14:16:24.368,1.0208,1.0211,0.30,26.00
2008.03.12 14:16:24.625,1.0208,1.0211,0.30,26.00
2008.03.12 14:16:24.884,1.0208,1.0211,0.30,26.00
2008.03.12 14:16:25.197,1.0208,1.0211,0.30,26.00
2008.03.12 14:16:25.512,1.0208,1.0211,0.30,26.00
2008.03.12 14:16:25.825,1.0208,1.0211,0.30,26.00
2008.03.12 14:16:26.074,1.0208,1.0211,0.30,26.00
2008.03.12 14:16:26.330,1.0208,1.0211,0.30,26.00
2008.03.12 14:16:26.581,1.0208,1.0211,0.30,26.00
2008.03.12 14:16:26.829,1.0208,1.0211,0.30,26.00
2008.03.12 14:16:27.163,1.0208,1.0211,0.30,26.00
2008.03.12 14:16:27.496,1.0208,1.0211,0.30,26.00
2008.03.12 14:16:27.830,1.0208,1.0211,0.30,26.00
2008.03.12 14:16:28.053,1.0208,1.0211,0.30,26.00
2008.03.12 14:16:28.275,1.0208,1.0211,0.30,26.00
2008.03.12 14:16:28.499,1.0208,1.0211,0.30,26.00
2008.03.12 14:16:28.722,1.0208,1.0211,0.30,26.00
2008.03.12 14:16:28.946,1.0208,1.0211,0.30,26.00
2008.03.12 14:16:29.279,1.0208,1.0211,0.30,26.00
2008.03.12 14:16:29.613,1.0208,1.0211,0.30,26.00
2008.03.12 14:16:29.948,1.0208,1.0211,0.30,21.20
2008.03.12 14:16:30.188,1.0208,1.0211,4.20,21.20
2008.03.12 14:16:30.405,1.0208,1.0211,4.20,21.20
2008.03.12 14:16:30.634,1.02085,1.0211,0.30,21.20
2008.03.12 14:16:30.864,1.02085,1.0211,3.40,16.80
2008.03.12 14:16:31.093,1.0209,1.0211,0.30,14.40
2008.03.12 14:16:31.427,1.0209,1.0211,2.60,6.40
2008.03.12 14:16:31.760,1.0209,1.0211,2.60,14.40
2008.03.12 14:16:32.100,1.0209,1.0211,2.60,14.40
2008.03.12 14:16:32.376,1.02095,1.0212,0.30,25.20
2008.03.12 14:16:32.629,1.02095,1.0212,0.30,25.20
2008.03.12 14:16:32.893,1.02095,1.0212,0.30,25.20
2008.03.12 14:16:33.187,1.02095,1.0212,0.30,25.20
2008.03.12 14:16:33.482,1.02095,1.0212,0.30,21.20
2008.03.12 14:16:33.776,1.02095,1.0212,0.30,16.80
2008.03.12 14:16:34.069,1.021,1.0212,0.30,19.20
2008.03.12 14:16:34.363,1.021,1.0212,0.30,19.20
2008.03.12 14:16:34.657,1.021,1.0212,0.30,19.20
2008.03.12 14:16:34.949,1.021,1.0212,0.30,19.20
2008.03.12 14:16:35.223,1.021,1.0212,0.30,19.20
2008.03.12 14:16:35.497,1.021,1.0212,0.30,19.20
2008.03.12 14:16:35.770,1.021,1.0212,0.30,16.80
2008.03.12 14:16:36.045,1.021,1.0212,0.30,19.20
2008.03.12 14:16:36.313,1.021,1.0212,0.30,19.20
2008.03.12 14:16:36.582,1.021,1.0212,0.30,19.20
2008.03.12 14:16:36.851,1.021,1.0212,0.30,19.20
2008.03.12 14:16:37.121,1.021,1.0212,0.30,19.20
2008.03.12 14:16:37.454,1.021,1.0212,0.30,19.20
2008.03.12 14:16:37.787,1.021,1.0212,0.30,19.20
2008.03.12 14:16:38.121,1.02095,1.0212,0.30,19.20
2008.03.12 14:16:38.365,1.02095,1.0212,0.30,19.20
2008.03.12 14:16:38.609,1.02095,1.0212,0.30,19.20
2008.03.12 14:16:38.852,1.02095,1.0212,0.30,19.20
2008.03.12 14:16:39.096,1.02095,1.0212,0.30,19.60
2008.03.12 14:16:39.420,1.02095,1.0212,0.30,19.20
2008.03.12 14:16:39.743,1.021,1.0212,0.30,19.20
2008.03.12 14:16:40.068,1.021,1.0212,0.30,19.20
2008.03.12 14:16:40.301,1.021,1.0212,0.30,19.20
2008.03.12 14:16:40.534,1.02095,1.0212,0.30,19.20
2008.03.12 14:16:40.768,1.02095,1.0212,0.30,19.20
2008.03.12 14:16:41.001,1.02095,1.0212,0.30,19.20
2008.03.12 14:16:41.234,1.021,1.0212,0.30,19.20
2008.03.12 14:16:41.541,1.021,1.0212,0.30,19.20
2008.03.12 14:16:41.850,1.02095,1.0212,0.30,19.20
2008.03.12 14:16:42.160,1.021,1.0212,0.30,19.20
2008.03.12 14:16:42.427,1.021,1.0212,0.30,19.20
2008.03.12 14:16:42.696,1.021,1.0212,0.30,19.60
2008.03.12 14:16:42.964,1.021,1.0212,0.30,19.20
2008.03.12 14:16:43.234,1.02095,1.0212,0.30,19.60
2008.03.12 14:16:43.497,1.02095,1.0212,0.30,23.60
2008.03.12 14:16:43.762,1.02095,1.0212,0.30,19.60
2008.03.12 14:16:44.025,1.02095,1.0212,0.30,19.60
2008.03.12 14:16:44.301,1.02095,1.0212,0.30,19.60
2008.03.12 14:16:44.614,1.02095,1.0212,0.30,19.60
2008.03.12 14:16:44.928,1.02095,1.0212,0.30,23.60
2008.03.12 14:16:45.243,1.0209,1.0212,0.30,27.60
2008.03.12 14:16:45.501,1.0209,1.0212,0.30,27.60
2008.03.12 14:16:45.760,1.02095,1.0212,0.30,25.20
2008.03.12 14:16:46.018,1.02095,1.0212,0.30,25.20
2008.03.12 14:16:46.276,1.02095,1.0212,0.30,25.20
2008.03.12 14:16:46.562,1.02095,1.0212,0.30,25.20
2008.03.12 14:16:46.845,1.02095,1.0212,0.30,37.20
2008.03.12 14:16:47.141,1.0209,1.0211,0.30,12.80
2008.03.12 14:16:47.415,1.0209,1.0211,0.30,16.80
2008.03.12 14:16:47.735,1.0209,1.0211,0.30,16.80
2008.03.12 14:16:48.053,1.0209,1.0211,0.30,8.80
2008.03.12 14:16:48.372,1.0209,1.0211,1.00,8.80
2008.03.12 14:16:48.622,1.02095,1.0212,0.30,19.20
2008.03.12 14:16:48.871,1.02095,1.0212,0.30,19.20
2008.03.12 14:16:49.120,1.021,1.0212,0.30,19.20
2008.03.12 14:16:49.371,1.021,1.0212,0.30,16.80
2008.03.12 14:16:49.706,1.021,1.0212,0.30,16.80
2008.03.12 14:16:50.041,1.021,1.0212,0.30,8.80
2008.03.12 14:16:50.389,1.02105,1.0212,0.30,6.40
2008.03.12 14:16:50.642,1.02105,1.0212,4.20,8.80
2008.03.12 14:16:50.877,1.0211,1.0213,0.30,20.70
2008.03.12 14:16:51.123,1.02105,1.0212,4.20,2.40
2008.03.12 14:16:51.366,1.02105,1.0212,4.20,2.40
2008.03.12 14:16:51.670,1.02115,1.0212,0.30,6.40
2008.03.12 14:16:51.975,1.02115,1.0213,4.20,20.00
2008.03.12 14:16:52.279,1.0211,1.0213,0.30,17.20
2008.03.12 14:16:52.582,1.02105,1.0213,7.40,17.20
2008.03.12 14:16:52.883,1.02105,1.0213,4.20,18.00
2008.03.12 14:16:53.183,1.02105,1.0213,4.20,18.80
2008.03.12 14:16:53.482,1.02105,1.0213,4.20,24.00
2008.03.12 14:16:53.711,1.02105,1.0213,0.30,25.60
2008.03.12 14:16:53.940,1.02105,1.0213,0.30,25.60
2008.03.12 14:16:54.169,1.02105,1.0213,0.30,25.60
2008.03.12 14:16:54.396,1.02105,1.0213,0.30,25.60
2008.03.12 14:16:54.715,1.02105,1.0213,0.30,25.60
2008.03.12 14:16:55.034,1.02105,1.0213,0.30,25.60
2008.03.12 14:16:55.353,1.02105,1.0213,0.30,20.40
2008.03.12 14:16:55.597,1.02105,1.0213,0.30,20.40
2008.03.12 14:16:55.851,1.02105,1.0213,0.30,20.40
2008.03.12 14:16:56.093,1.0211,1.0213,0.30,20.40
2008.03.12 14:16:56.337,1.0211,1.0213,0.30,20.40
2008.03.12 14:16:56.582,1.0211,1.0213,0.30,19.60
2008.03.12 14:16:56.878,1.0211,1.0213,0.30,18.00
2008.03.12 14:16:57.172,1.0211,1.0213,0.30,17.20
2008.03.12 14:16:57.465,1.0211,1.0213,0.30,17.20
2008.03.12 14:16:57.747,1.0211,1.0213,0.30,17.20
2008.03.12 14:16:58.032,1.0211,1.0213,0.30,17.20
2008.03.12 14:16:58.315,1.0211,1.0213,0.30,17.20
2008.03.12 14:16:58.600,1.0211,1.0213,0.30,17.20
2008.03.12 14:16:58.858,1.0211,1.0213,0.30,17.20
2008.03.12 14:16:59.118,1.02105,1.0213,4.20,17.20
2008.03.12 14:16:59.376,1.02105,1.0213,4.20,17.20
2008.03.12 14:16:59.635,1.02105,1.0213,4.20,17.20
2008.03.12 14:16:59.954,1.02105,1.0213,4.20,17.20
2008.03.12 14:17:00.273,1.0211,1.0213,0.30,17.20
2008.03.12 14:17:00.592,1.0211,1.0213,0.30,17.20
2008.03.12 14:17:00.853,1.0211,1.0213,0.30,10.90
2008.03.12 14:17:01.106,1.02105,1.0213,4.20,10.90
2008.03.12 14:17:01.360,1.02105,1.0213,4.20,20.00
2008.03.12 14:17:01.616,1.02105,1.0213,4.20,19.10
2008.03.12 14:17:01.895,1.02105,1.0213,4.20,12.30
2008.03.12 14:17:02.175,1.02105,1.0213,4.20,12.30
2008.03.12 14:17:02.454,1.02105,1.0213,4.20,20.30
2008.03.12 14:17:02.757,1.02105,1.0213,4.20,20.30
2008.03.12 14:17:03.052,1.02105,1.0213,4.20,20.30
2008.03.12 14:17:03.350,1.02105,1.0213,4.20,20.30
2008.03.12 14:17:03.648,1.02105,1.0213,4.20,20.30
2008.03.12 14:17:03.916,1.02105,1.0213,4.20,20.30
2008.03.12 14:17:04.184,1.02105,1.0213,4.20,20.30
2008.03.12 14:17:04.453,1.02105,1.0213,4.20,24.30
2008.03.12 14:17:04.722,1.02105,1.0213,0.30,24.50
2008.03.12 14:17:05.016,1.021,1.0213,0.30,28.00
2008.03.12 14:17:05.311,1.021,1.0213,0.30,32.00
2008.03.12 14:17:05.605,1.021,1.0213,0.30,44.10
2008.03.12 14:17:05.878,1.021,1.0213,0.30,44.10
2008.03.12 14:17:06.152,1.021,1.0213,0.30,44.10
2008.03.12 14:17:06.434,1.021,1.0213,0.30,43.70
2008.03.12 14:17:06.708,1.021,1.0212,0.30,2.40
2008.03.12 14:17:06.978,1.021,1.0212,0.30,4.80
2008.03.12 14:17:07.246,1.021,1.0212,0.30,8.80
2008.03.12 14:17:07.515,1.021,1.0212,0.30,8.80
2008.03.12 14:17:07.813,1.021,1.0212,0.30,8.80
2008.03.12 14:17:08.112,1.021,1.0212,0.30,8.80
2008.03.12 14:17:08.413,1.021,1.0212,0.30,8.80
2008.03.12 14:17:08.711,1.021,1.0212,0.30,8.80
2008.03.12 14:17:08.964,1.021,1.0212,0.30,8.80
2008.03.12 14:17:09.217,1.021,1.0212,0.30,8.80
2008.03.12 14:17:09.472,1.02095,1.0212,0.30,18.40
2008.03.12 14:17:09.736,1.021,1.0212,0.30,16.80
2008.03.12 14:17:10.056,1.021,1.0212,0.30,8.80
2008.03.12 14:17:10.388,1.02095,1.0212,0.30,18.40
2008.03.12 14:17:10.694,1.02095,1.0212,0.30,8.80
2008.03.12 14:17:10.959,1.02095,1.0212,0.30,18.40
2008.03.12 14:17:11.225,1.021,1.0212,0.30,16.80
2008.03.12 14:17:11.484,1.021,1.0212,0.30,16.80
2008.03.12 14:17:11.744,1.021,1.0212,0.30,16.80
2008.03.12 14:17:12.032,1.021,1.0212,0.30,16.80
2008.03.12 14:17:12.321,1.021,1.0212,0.30,16.80
2008.03.12 14:17:12.610,1.02095,1.0212,0.30,16.80
2008.03.12 14:17:12.918,1.02095,1.0212,0.30,16.80
2008.03.12 14:17:13.226,1.02095,1.0212,0.30,16.80
2008.03.12 14:17:13.555,1.02095,1.0212,0.30,21.20
2008.03.12 14:17:13.853,1.02095,1.0212,0.30,17.20
2008.03.12 14:17:14.121,1.02095,1.0212,0.30,17.20
2008.03.12 14:17:14.374,1.02095,1.0212,0.30,18.80
2008.03.12 14:17:14.628,1.021,1.0212,0.30,18.80
2008.03.12 14:17:14.882,1.021,1.0212,0.30,17.20
2008.03.12 14:17:15.196,1.021,1.0212,0.30,17.20
2008.03.12 14:17:15.509,1.021,1.0212,0.30,17.20
2008.03.12 14:17:15.825,1.021,1.0212,0.30,16.80
2008.03.12 14:17:16.087,1.021,1.0212,0.30,16.80
2008.03.12 14:17:16.350,1.021,1.0212,0.30,16.80
2008.03.12 14:17:16.614,1.021,1.0212,0.30,16.80
2008.03.12 14:17:16.878,1.021,1.0212,0.30,21.20
2008.03.12 14:17:17.136,1.02095,1.0212,0.30,21.20
2008.03.12 14:17:17.396,1.02095,1.0212,0.30,21.20
2008.03.12 14:17:17.655,1.02095,1.0212,0.30,21.20
2008.03.12 14:17:17.913,1.02095,1.0212,0.30,21.20
2008.03.12 14:17:18.246,1.02095,1.0212,0.30,21.20
2008.03.12 14:17:18.579,1.02095,1.0212,0.30,21.20
2008.03.12 14:17:18.914,1.02095,1.0212,0.30,21.20
2008.03.12 14:17:19.152,1.02095,1.0212,0.30,21.20
2008.03.12 14:17:19.390,1.02095,1.0212,0.30,21.20
2008.03.12 14:17:19.629,1.02095,1.0212,0.30,21.20
2008.03.12 14:17:19.869,1.02095,1.0212,0.30,21.20
2008.03.12 14:17:20.202,1.02095,1.0212,0.30,21.20
2008.03.12 14:17:20.534,1.02095,1.0212,0.30,21.20
2008.03.12 14:17:20.869,1.02095,1.0211,0.30,2.40
2008.03.12 14:17:21.097,1.0209,1.0211,1.80,2.40
2008.03.12 14:17:21.327,1.0209,1.0211,1.80,2.40
2008.03.12 14:17:21.555,1.0209,1.0211,1.80,6.40
2008.03.12 14:17:21.783,1.0209,1.0211,2.60,6.40
2008.03.12 14:17:22.083,1.0209,1.0211,2.80,6.40
2008.03.12 14:17:22.381,1.0209,1.0211,2.80,6.40
2008.03.12 14:17:22.680,1.021,1.0211,0.30,4.00
2008.03.12 14:17:22.979,1.021,1.0212,0.30,8.80
2008.03.12 14:17:23.283,1.021,1.0212,0.80,8.80
2008.03.12 14:17:23.587,1.02105,1.0212,0.30,8.80
2008.03.12 14:17:23.891,1.02105,1.0212,4.20,8.80
2008.03.12 14:17:24.150,1.0211,1.0212,0.30,4.00
2008.03.12 14:17:24.409,1.0211,1.0213,0.30,9.20
2008.03.12 14:17:24.668,1.02105,1.0213,4.20,9.20
2008.03.12 14:17:24.927,1.02105,1.0213,4.20,9.20
2008.03.12 14:17:25.256,1.02105,1.0213,4.20,9.20
2008.03.12 14:17:25.586,1.02105,1.0213,4.20,9.20
2008.03.12 14:17:25.914,1.02105,1.0213,4.20,9.20
2008.03.12 14:17:26.157,1.02105,1.0213,4.20,9.20
2008.03.12 14:17:26.400,1.02105,1.0213,4.20,9.20
2008.03.12 14:17:26.646,1.02105,1.0213,4.20,18.00
2008.03.12 14:17:26.890,1.02105,1.02125,4.20,0.80
2008.03.12 14:17:27.193,1.02105,1.02125,4.20,0.80
2008.03.12 14:17:27.498,1.02105,1.0212,4.20,4.00
2008.03.12 14:17:27.801,1.02105,1.0212,4.20,4.00
2008.03.12 14:17:28.105,1.02105,1.0212,4.20,6.40
2008.03.12 14:17:28.362,1.02105,1.0212,4.20,6.40
2008.03.12 14:17:28.621,1.02105,1.0212,4.20,6.40
2008.03.12 14:17:28.881,1.0211,1.0213,0.30,20.80
2008.03.12 14:17:29.139,1.0211,1.0213,0.30,16.80
2008.03.12 14:17:29.433,1.0211,1.0213,1.00,16.80
2008.03.12 14:17:29.727,1.02115,1.0213,4.20,6.40
2008.03.12 14:17:30.021,1.02115,1.0213,4.20,6.40
2008.03.12 14:17:30.360,1.02115,1.0213,4.20,6.40
2008.03.12 14:17:30.688,1.02115,1.0213,4.20,6.40
2008.03.12 14:17:31.018,1.02115,1.0213,4.20,6.40
2008.03.12 14:17:31.217,1.02115,1.0213,4.20,6.40
2008.03.12 14:17:31.416,1.02115,1.0213,4.20,6.40
2008.03.12 14:17:31.614,1.02115,1.0213,4.20,6.40
2008.03.12 14:17:31.812,1.02115,1.0213,4.20,6.40
2008.03.12 14:17:32.011,1.02115,1.0213,4.20,6.40
2008.03.12 14:17:32.208,1.02115,1.0213,4.20,6.40
2008.03.12 14:17:32.541,1.02115,1.0213,4.20,6.40
2008.03.12 14:17:32.876,1.02115,1.0213,4.20,6.40
2008.03.12 14:17:33.210,1.02115,1.0213,4.20,6.40
2008.03.12 14:17:33.448,1.02115,1.0213,4.20,6.40
2008.03.12 14:17:33.688,1.02115,1.0213,4.20,6.40
2008.03.12 14:17:33.927,1.02115,1.0213,4.20,6.40
2008.03.12 14:17:34.166,1.02115,1.0213,4.20,6.40
2008.03.12 14:17:34.500,1.0212,1.0213,0.30,4.00
2008.03.12 14:17:34.834,1.0212,1.0214,0.30,16.80
2008.03.12 14:17:35.168,1.0212,1.0214,0.30,16.80
2008.03.12 14:17:35.413,1.0212,1.0214,0.30,16.80
2008.03.12 14:17:35.669,1.02125,1.0214,0.30,4.00
2008.03.12 14:17:35.912,1.02125,1.02145,0.30,3.20
2008.03.12 14:17:36.157,1.0212,1.02145,0.30,3.20
2008.03.12 14:17:36.486,1.0212,1.02145,0.30,3.20
2008.03.12 14:17:36.816,1.02125,1.02145,0.30,3.20
2008.03.12 14:17:37.146,1.0212,1.02145,0.30,3.20
2008.03.12 14:17:37.421,1.0212,1.02145,0.30,3.20
2008.03.12 14:17:37.694,1.0212,1.02145,0.30,3.20
2008.03.12 14:17:37.978,1.02115,1.0213,4.20,2.40
2008.03.12 14:17:38.241,1.02115,1.0213,4.20,2.40
2008.03.12 14:17:38.525,1.02115,1.0213,4.20,6.40
2008.03.12 14:17:38.808,1.02115,1.0213,4.20,6.40
2008.03.12 14:17:39.091,1.02115,1.0213,4.20,6.40
2008.03.12 14:17:39.376,1.02115,1.0213,4.20,6.40
2008.03.12 14:17:39.676,1.02115,1.0213,4.20,4.00
2008.03.12 14:17:39.974,1.02115,1.0213,4.20,6.40
2008.03.12 14:17:40.274,1.02115,1.0213,4.20,6.40
2008.03.12 14:17:40.511,1.02115,1.0213,4.20,6.40
2008.03.12 14:17:40.750,1.02115,1.0213,4.20,6.40
2008.03.12 14:17:40.988,1.02115,1.0213,4.20,6.40
2008.03.12 14:17:41.227,1.02115,1.0213,4.20,6.40
2008.03.12 14:17:41.540,1.02115,1.0213,4.20,6.40
2008.03.12 14:17:41.854,1.02115,1.0213,4.20,6.40
2008.03.12 14:17:42.167,1.02115,1.0213,4.20,6.40
2008.03.12 14:17:42.436,1.02115,1.0213,4.20,6.40
2008.03.12 14:17:42.704,1.02115,1.0213,4.20,6.40
2008.03.12 14:17:42.973,1.02115,1.0213,4.20,6.40
2008.03.12 14:17:43.241,1.02115,1.0213,4.20,6.40
2008.03.12 14:17:43.520,1.02115,1.0213,4.20,4.00
2008.03.12 14:17:43.799,1.02115,1.0213,4.20,6.40
2008.03.12 14:17:44.079,1.02125,1.0214,4.00,17.60
2008.03.12 14:17:44.358,1.0212,1.0214,0.30,16.80
2008.03.12 14:17:44.677,1.0212,1.0214,0.30,16.80
2008.03.12 14:17:44.997,1.0212,1.0213,0.30,2.40
2008.03.12 14:17:45.318,1.02115,1.0213,4.20,2.40
2008.03.12 14:17:45.562,1.0212,1.02135,0.30,0.80
2008.03.12 14:17:45.804,1.0212,1.02135,0.30,0.80
2008.03.12 14:17:46.048,1.02115,1.02135,4.20,0.80
2008.03.12 14:17:46.292,1.02115,1.0214,4.20,16.80
2008.03.12 14:17:46.596,1.02115,1.0214,4.20,16.80
2008.03.12 14:17:46.899,1.0212,1.0214,0.30,16.80
2008.03.12 14:17:47.203,1.0212,1.0214,0.30,16.80
2008.03.12 14:17:47.507,1.0212,1.0214,0.30,16.80
2008.03.12 14:17:47.795,1.0212,1.0214,0.30,16.80
2008.03.12 14:17:48.084,1.0212,1.0214,0.30,16.80
2008.03.12 14:17:48.373,1.0212,1.0214,0.30,16.80
2008.03.12 14:17:48.627,1.0212,1.0214,0.30,20.80
2008.03.12 14:17:48.881,1.0212,1.0214,0.30,20.80
2008.03.12 14:17:49.137,1.0212,1.0214,0.30,20.80
2008.03.12 14:17:49.401,1.0212,1.0214,0.30,20.80
2008.03.12 14:17:49.710,1.0212,1.0214,0.30,20.80
2008.03.12 14:17:50.021,1.0212,1.0214,0.30,20.80
2008.03.12 14:17:50.329,1.0212,1.0214,0.30,20.80
2008.03.12 14:17:50.578,1.0212,1.0214,0.30,20.80
2008.03.12 14:17:50.831,1.0212,1.0214,0.30,16.80
2008.03.12 14:17:51.092,1.02125,1.0214,0.30,16.80
2008.03.12 14:17:51.341,1.0212,1.0214,0.30,16.80
2008.03.12 14:17:51.645,1.02115,1.02135,4.20,0.80
2008.03.12 14:17:51.951,1.02115,1.02135,4.20,0.80
2008.03.12 14:17:52.255,1.0212,1.0213,0.30,6.40
2008.03.12 14:17:52.559,1.02115,1.0213,4.20,2.40
2008.03.12 14:17:52.859,1.0212,1.0214,0.30,20.80
2008.03.12 14:17:53.158,1.0212,1.0214,0.30,20.80
2008.03.12 14:17:53.458,1.0212,1.0213,0.30,6.40
2008.03.12 14:17:53.706,1.0212,1.02135,0.30,0.80
2008.03.12 14:17:53.967,1.0212,1.02135,0.30,0.80
2008.03.12 14:17:54.214,1.0212,1.02135,0.30,0.80
2008.03.12 14:17:54.463,1.0212,1.02135,0.30,0.80
2008.03.12 14:17:54.797,1.0212,1.02135,0.30,0.80
2008.03.12 14:17:55.130,1.0212,1.02135,0.30,0.80
2008.03.12 14:17:55.464,1.0212,1.02135,0.30,0.80
2008.03.12 14:17:55.692,1.0212,1.0214,0.30,20.80
2008.03.12 14:17:55.921,1.0212,1.0214,0.30,20.80
2008.03.12 14:17:56.150,1.0212,1.0214,0.30,20.80
2008.03.12 14:17:56.378,1.0212,1.0214,0.30,20.80
2008.03.12 14:17:56.701,1.0212,1.0214,0.30,20.80
2008.03.12 14:17:57.024,1.0212,1.0214,0.30,20.80
2008.03.12 14:17:57.358,1.0212,1.0214,0.30,20.80
2008.03.12 14:17:57.698,1.0212,1.0214,0.30,25.20
2008.03.12 14:17:58.006,1.0212,1.0213,0.30,2.40
2008.03.12 14:17:58.288,1.02115,1.0213,4.20,2.40
2008.03.12 14:17:58.582,1.02115,1.0213,4.20,6.40
2008.03.12 14:17:58.851,1.02115,1.0213,4.20,6.40
2008.03.12 14:17:59.120,1.02115,1.0213,4.20,6.40
2008.03.12 14:17:59.389,1.02105,1.0213,17.00,8.80
2008.03.12 14:17:59.689,1.02105,1.0212,7.40,2.40
2008.03.12 14:17:59.987,1.02105,1.0212,4.00,4.80
2008.03.12 14:18:00.286,1.021,1.0212,0.30,8.80
2008.03.12 14:18:00.586,1.02095,1.0212,7.40,8.80
2008.03.12 14:18:00.876,1.02095,1.0212,7.40,8.80
2008.03.12 14:18:01.166,1.02105,1.0213,0.30,23.70
2008.03.12 14:18:01.455,1.02105,1.0213,0.30,18.90
2008.03.12 14:18:01.700,1.02105,1.0213,0.30,18.90
2008.03.12 14:18:01.934,1.02105,1.0213,0.30,10.80
2008.03.12 14:18:02.167,1.02105,1.0213,0.30,9.20
2008.03.12 14:18:02.401,1.02105,1.0213,0.30,9.20
2008.03.12 14:18:02.647,1.02105,1.0212,4.20,2.40
2008.03.12 14:18:02.969,1.02105,1.0212,4.20,4.80
2008.03.12 14:18:03.304,1.02105,1.0212,4.20,8.80
2008.03.12 14:18:03.637,1.02105,1.0212,4.20,8.80
2008.03.12 14:18:03.860,1.02105,1.0212,4.20,8.80
2008.03.12 14:18:04.085,1.02105,1.0212,4.20,8.80
2008.03.12 14:18:04.308,1.02105,1.0212,4.20,6.40
2008.03.12 14:18:04.532,1.02105,1.0212,4.20,6.40
2008.03.12 14:18:04.865,1.02105,1.0212,4.20,6.40
2008.03.12 14:18:05.198,1.02105,1.0212,4.20,6.40
2008.03.12 14:18:05.532,1.02105,1.0212,4.20,6.40
2008.03.12 14:18:05.751,1.02105,1.0212,4.20,8.80
2008.03.12 14:18:05.969,1.02105,1.0212,4.20,8.80
2008.03.12 14:18:06.188,1.02105,1.0212,4.20,6.40
2008.03.12 14:18:06.406,1.02105,1.0212,4.20,6.40
2008.03.12 14:18:06.625,1.02105,1.0212,4.20,6.40
2008.03.12 14:18:06.960,1.02105,1.0212,4.20,6.40
2008.03.12 14:18:07.295,1.02105,1.0212,4.20,6.40
2008.03.12 14:18:07.629,1.02105,1.0212,4.20,6.40
2008.03.12 14:18:07.878,1.02105,1.0212,4.20,6.40
2008.03.12 14:18:08.126,1.02105,1.0212,4.20,8.80
2008.03.12 14:18:08.375,1.02105,1.0212,4.20,8.80
2008.03.12 14:18:08.625,1.02105,1.0212,4.20,6.40
2008.03.12 14:18:08.915,1.02105,1.0212,4.20,8.80
2008.03.12 14:18:09.204,1.02105,1.0212,4.20,8.80
2008.03.12 14:18:09.492,1.02105,1.0212,4.20,8.80
2008.03.12 14:18:09.775,1.02105,1.0212,4.20,8.80
2008.03.12 14:18:10.059,1.02105,1.0212,4.20,8.80
2008.03.12 14:18:10.343,1.02105,1.0212,4.20,8.80
2008.03.12 14:18:10.628,1.02105,1.0212,4.20,6.40
2008.03.12 14:18:10.895,1.02105,1.0212,4.20,6.40
2008.03.12 14:18:11.159,1.02105,1.0212,4.20,6.40
2008.03.12 14:18:11.422,1.02105,1.0212,4.20,6.40
2008.03.12 14:18:11.685,1.02105,1.0212,4.20,6.40
2008.03.12 14:18:11.978,1.02105,1.0212,4.20,6.40
2008.03.12 14:18:12.272,1.02105,1.0212,4.20,6.40
2008.03.12 14:18:12.566,1.02105,1.0212,4.20,6.40
2008.03.12 14:18:12.864,1.02105,1.0212,4.20,6.40
2008.03.12 14:18:13.152,1.02105,1.0212,4.20,4.00
2008.03.12 14:18:13.441,1.02105,1.0212,4.20,4.00
2008.03.12 14:18:13.731,1.02105,1.0212,4.20,4.00
2008.03.12 14:18:13.995,1.02105,1.0212,4.20,4.00
2008.03.12 14:18:14.260,1.02105,1.0212,4.20,4.00
2008.03.12 14:18:14.533,1.02105,1.0212,4.20,4.00
2008.03.12 14:18:14.796,1.02105,1.0212,4.20,4.00
2008.03.12 14:18:15.104,1.02105,1.0212,4.20,4.00
2008.03.12 14:18:15.412,1.02105,1.0212,4.20,4.00
2008.03.12 14:18:15.729,1.02105,1.0212,4.20,4.00
2008.03.12 14:18:15.952,1.02105,1.0212,4.20,4.00
2008.03.12 14:18:16.175,1.02105,1.0212,4.20,4.00
2008.03.12 14:18:16.399,1.02105,1.0212,4.20,4.00
2008.03.12 14:18:16.637,1.02105,1.0212,4.20,4.00
2008.03.12 14:18:16.949,1.02105,1.0212,4.20,4.00
2008.03.12 14:18:17.272,1.02105,1.0212,4.20,4.00
2008.03.12 14:18:17.596,1.02105,1.0212,4.20,4.00
2008.03.12 14:18:17.854,1.02105,1.0212,4.20,4.00
2008.03.12 14:18:18.122,1.02105,1.0212,4.20,4.00
2008.03.12 14:18:18.381,1.02105,1.0212,4.20,4.00
2008.03.12 14:18:18.638,1.02105,1.0212,4.20,4.00
2008.03.12 14:18:18.911,1.02105,1.0212,4.20,4.00
2008.03.12 14:18:19.184,1.02105,1.0212,4.20,4.00
2008.03.12 14:18:19.457,1.02105,1.0212,4.20,4.00
2008.03.12 14:18:19.730,1.02105,1.0212,4.20,6.40
2008.03.12 14:18:20.044,1.02105,1.0212,4.20,6.40
2008.03.12 14:18:20.360,1.02105,1.0212,4.20,6.40
2008.03.12 14:18:20.674,1.02105,1.0212,4.20,6.40
2008.03.12 14:18:20.903,1.02105,1.0212,4.20,6.40
2008.03.12 14:18:21.132,1.02105,1.0212,4.20,6.40
2008.03.12 14:18:21.361,1.02105,1.0212,4.20,6.40
2008.03.12 14:18:21.589,1.02105,1.0212,4.20,6.40
2008.03.12 14:18:21.818,1.02105,1.0212,4.20,6.40
2008.03.12 14:18:22.140,1.02105,1.02115,4.20,0.80
2008.03.12 14:18:22.461,1.02105,1.02115,4.20,0.80
2008.03.12 14:18:22.781,1.02105,1.0212,4.20,4.00
2008.03.12 14:18:23.059,1.02105,1.0212,4.20,4.00
2008.03.12 14:18:23.339,1.02115,1.0213,0.30,10.80
2008.03.12 14:18:23.619,1.02115,1.0213,4.00,14.80
2008.03.12 14:18:23.897,1.02115,1.0213,4.00,14.80
2008.03.12 14:18:24.162,1.02115,1.0213,4.20,14.80
2008.03.12 14:18:24.426,1.02115,1.0213,4.00,14.80
2008.03.12 14:18:24.689,1.0211,1.0213,0.30,16.80
2008.03.12 14:18:24.995,1.02115,1.0213,0.30,0.50
2008.03.12 14:18:25.300,1.02115,1.0213,0.30,6.00
2008.03.12 14:18:25.604,1.0211,1.02125,0.30,0.80
2008.03.12 14:18:25.910,1.0211,1.02125,0.30,0.80
2008.03.12 14:18:26.160,1.0211,1.0213,0.30,17.60
2008.03.12 14:18:26.409,1.0211,1.0213,0.30,16.80
2008.03.12 14:18:26.659,1.0211,1.0213,0.30,16.80
2008.03.12 14:18:26.909,1.0211,1.0213,0.30,16.80
2008.03.12 14:18:27.191,1.0211,1.0213,0.30,16.80
2008.03.12 14:18:27.477,1.0211,1.0213,0.30,17.20
2008.03.12 14:18:27.760,1.0211,1.0213,0.30,17.20
2008.03.12 14:18:28.059,1.0211,1.0213,0.30,17.20
2008.03.12 14:18:28.358,1.0211,1.0213,0.30,17.20
2008.03.12 14:18:28.658,1.0211,1.0213,0.30,17.20
2008.03.12 14:18:28.959,1.02105,1.02125,4.20,0.80
2008.03.12 14:18:29.207,1.02105,1.02125,4.20,0.80
2008.03.12 14:18:29.457,1.02105,1.0212,4.20,4.00
2008.03.12 14:18:29.705,1.02105,1.0212,4.20,4.00
2008.03.12 14:18:29.953,1.02105,1.0212,4.20,4.00
2008.03.12 14:18:30.262,1.02105,1.0212,4.20,4.00
2008.03.12 14:18:30.572,1.02105,1.0212,4.20,4.00
2008.03.12 14:18:30.881,1.02105,1.0212,4.20,4.00
2008.03.12 14:18:31.189,1.02105,1.0212,4.20,4.00
2008.03.12 14:18:31.433,1.02105,1.0212,4.20,4.00
2008.03.12 14:18:31.678,1.02105,1.0212,4.20,4.00
2008.03.12 14:18:31.923,1.02105,1.0212,4.20,4.00
2008.03.12 14:18:32.226,1.02105,1.0212,4.20,4.00
2008.03.12 14:18:32.530,1.02105,1.0212,4.20,4.00
2008.03.12 14:18:32.834,1.02105,1.0212,4.20,4.00
2008.03.12 14:18:33.139,1.02105,1.0212,4.20,4.00
2008.03.12 14:18:33.397,1.02105,1.0212,4.20,4.00
2008.03.12 14:18:33.654,1.02105,1.0212,4.20,4.00
2008.03.12 14:18:33.914,1.02105,1.0212,4.20,4.00
2008.03.12 14:18:34.172,1.02105,1.0212,4.20,4.00
2008.03.12 14:18:34.446,1.02105,1.0212,4.20,4.00
2008.03.12 14:18:34.719,1.02105,1.0212,4.20,4.00
2008.03.12 14:18:34.992,1.02105,1.0212,4.20,4.00
2008.03.12 14:18:35.295,1.02105,1.0212,4.20,4.00
2008.03.12 14:18:35.599,1.02105,1.0212,4.20,4.00
2008.03.12 14:18:35.902,1.02105,1.0212,4.20,4.00
2008.03.12 14:18:36.206,1.02105,1.0212,4.20,6.40
2008.03.12 14:18:36.430,1.02105,1.0212,4.20,6.40
2008.03.12 14:18:36.653,1.02105,1.0212,4.20,6.40
2008.03.12 14:18:36.877,1.02105,1.0212,4.20,6.40
2008.03.12 14:18:37.108,1.02105,1.0212,4.20,6.40
2008.03.12 14:18:37.441,1.02105,1.0212,4.20,6.40
2008.03.12 14:18:37.776,1.02105,1.0212,4.20,6.40
2008.03.12 14:18:38.111,1.02105,1.0212,4.20,6.40
2008.03.12 14:18:38.323,1.02105,1.0212,4.20,6.40
2008.03.12 14:18:38.537,1.02105,1.0212,4.20,4.00
2008.03.12 14:18:38.751,1.02105,1.0212,4.20,4.00
2008.03.12 14:18:38.965,1.0211,1.0212,0.30,4.00
2008.03.12 14:18:39.178,1.02105,1.0213,4.20,18.00
2008.03.12 14:18:39.512,1.0211,1.0213,0.30,17.20
2008.03.12 14:18:39.846,1.0211,1.0213,0.30,17.20
2008.03.12 14:18:40.190,1.0211,1.0213,0.30,17.20
2008.03.12 14:18:40.414,1.0211,1.0213,0.30,17.20
2008.03.12 14:18:40.639,1.02115,1.0213,0.30,17.20
2008.03.12 14:18:40.862,1.02115,1.0213,0.30,17.20
2008.03.12 14:18:41.087,1.02115,1.0213,4.20,17.20
2008.03.12 14:18:41.310,1.0211,1.0213,0.30,17.20
2008.03.12 14:18:41.656,1.0211,1.0213,0.30,17.20
2008.03.12 14:18:42.002,1.0211,1.0213,0.30,16.80
2008.03.12 14:18:42.358,1.0211,1.0213,0.50,8.80
2008.03.12 14:18:42.633,1.02115,1.0213,0.30,6.40
2008.03.12 14:18:42.909,1.02115,1.0213,4.20,6.40
2008.03.12 14:18:43.162,1.02115,1.0213,4.20,6.40
2008.03.12 14:18:43.427,1.02115,1.0213,4.20,6.40
2008.03.12 14:18:43.732,1.02115,1.0213,4.20,6.40
2008.03.12 14:18:44.036,1.02115,1.0213,4.20,6.40
2008.03.12 14:18:44.341,1.0211,1.0213,0.30,8.80
2008.03.12 14:18:44.600,1.0211,1.0213,0.30,17.20
2008.03.12 14:18:44.859,1.0211,1.0213,0.30,17.20
2008.03.12 14:18:45.117,1.0211,1.0213,0.30,17.20
2008.03.12 14:18:45.376,1.0211,1.0213,0.30,17.20
2008.03.12 14:18:45.675,1.0211,1.0213,0.30,17.20
2008.03.12 14:18:45.974,1.0211,1.0213,0.30,17.20
2008.03.12 14:18:46.274,1.0211,1.0213,0.30,17.20
2008.03.12 14:18:46.506,1.0211,1.0213,0.30,17.20
2008.03.12 14:18:46.740,1.0211,1.0213,0.30,16.80
2008.03.12 14:18:46.975,1.0211,1.0213,0.30,16.80
2008.03.12 14:18:47.220,1.0211,1.0213,2.60,14.40
2008.03.12 14:18:47.469,1.0211,1.0213,5.50,4.00
2008.03.12 14:18:47.810,1.0212,1.0214,0.30,17.60
2008.03.12 14:18:48.159,1.02125,1.0214,0.30,16.80
2008.03.12 14:18:48.505,1.02125,1.0214,4.20,8.80
2008.03.12 14:18:48.736,1.02125,1.0214,4.20,14.40
2008.03.12 14:18:48.965,1.02125,1.0214,4.20,14.40
2008.03.12 14:18:49.197,1.02125,1.0214,4.20,14.40
2008.03.12 14:18:49.427,1.02125,1.0214,4.20,14.40
2008.03.12 14:18:49.761,1.02125,1.0214,4.20,6.40
2008.03.12 14:18:50.104,1.02125,1.0214,4.20,4.00
2008.03.12 14:18:50.451,1.02125,1.0214,4.20,12.00
2008.03.12 14:18:50.682,1.02125,1.0214,4.20,12.00
2008.03.12 14:18:50.910,1.02125,1.0214,4.20,12.00
2008.03.12 14:18:51.138,1.02125,1.0214,4.20,12.00
2008.03.12 14:18:51.367,1.02125,1.0214,4.20,12.00
2008.03.12 14:18:51.605,1.02125,1.0214,4.20,12.00
2008.03.12 14:18:51.923,1.02125,1.0214,4.20,12.00
2008.03.12 14:18:52.241,1.02125,1.0214,4.20,12.00
2008.03.12 14:18:52.561,1.02125,1.0214,4.20,12.00
2008.03.12 14:18:52.819,1.02125,1.0214,4.20,12.00
2008.03.12 14:18:53.077,1.02125,1.0214,4.20,14.40
2008.03.12 14:18:53.340,1.02125,1.0214,4.20,12.00
2008.03.12 14:18:53.599,1.02125,1.0214,4.20,12.00
2008.03.12 14:18:53.878,1.02125,1.0214,4.20,12.00
2008.03.12 14:18:54.157,1.02125,1.0214,4.20,12.00
2008.03.12 14:18:54.435,1.02125,1.0214,4.20,12.00
2008.03.12 14:18:54.713,1.02125,1.0214,4.20,4.00
2008.03.12 14:18:55.037,1.02125,1.0214,4.20,6.40
2008.03.12 14:18:55.361,1.02125,1.0214,4.20,16.80
2008.03.12 14:18:55.695,1.02125,1.0214,4.20,16.80
2008.03.12 14:18:55.924,1.02125,1.0214,4.20,16.80
2008.03.12 14:18:56.153,1.02125,1.0214,4.20,16.80
2008.03.12 14:18:56.382,1.02125,1.0214,4.20,16.80
2008.03.12 14:18:56.611,1.02125,1.0214,4.20,16.80
2008.03.12 14:18:56.947,1.02125,1.0214,0.30,16.80
2008.03.12 14:18:57.279,1.0212,1.0214,0.30,16.80
2008.03.12 14:18:57.613,1.0212,1.0214,0.30,17.20
2008.03.12 14:18:57.882,1.0212,1.0213,0.30,2.40
2008.03.12 14:18:58.153,1.0212,1.0214,0.30,18.80
2008.03.12 14:18:58.421,1.0212,1.0214,0.30,18.80
2008.03.12 14:18:58.690,1.0212,1.0214,0.30,16.80
2008.03.12 14:18:58.977,1.0212,1.0214,0.30,16.80
2008.03.12 14:18:59.267,1.02115,1.0214,7.40,16.80
2008.03.12 14:18:59.556,1.02115,1.0214,7.40,16.80
2008.03.12 14:18:59.845,1.0212,1.0214,0.30,16.80
2008.03.12 14:19:00.148,1.0212,1.0214,0.30,16.80
2008.03.12 14:19:00.453,1.0212,1.0214,0.30,16.80
2008.03.12 14:19:00.757,1.0212,1.0214,0.30,16.80
2008.03.12 14:19:01.021,1.0212,1.0214,0.30,16.80
2008.03.12 14:19:01.274,1.0212,1.0214,0.30,16.80
2008.03.12 14:19:01.527,1.0212,1.0214,0.30,16.80
2008.03.12 14:19:01.782,1.0212,1.0214,0.30,16.80
2008.03.12 14:19:02.070,1.0212,1.0214,0.30,16.80
2008.03.12 14:19:02.368,1.0212,1.0214,0.30,16.80
2008.03.12 14:19:02.647,1.0212,1.0214,0.30,16.80
2008.03.12 14:19:02.935,1.0212,1.0214,0.30,16.80
2008.03.12 14:19:03.233,1.0212,1.0214,0.30,16.80
2008.03.12 14:19:03.533,1.0212,1.0214,0.30,16.80
2008.03.12 14:19:03.833,1.0212,1.0214,0.30,16.80
2008.03.12 14:19:04.066,1.0212,1.0214,0.30,16.80
2008.03.12 14:19:04.299,1.0212,1.0214,0.30,16.80
2008.03.12 14:19:04.532,1.0212,1.0214,0.30,16.80
2008.03.12 14:19:04.765,1.0212,1.0214,0.30,16.80
2008.03.12 14:19:05.093,1.0212,1.0214,0.30,16.80
2008.03.12 14:19:05.424,1.0212,1.0214,0.30,16.80
2008.03.12 14:19:05.753,1.0212,1.0214,0.30,16.80
2008.03.12 14:19:05.987,1.0212,1.0214,0.30,16.80
2008.03.12 14:19:06.220,1.0212,1.0214,0.30,16.80
2008.03.12 14:19:06.453,1.0212,1.0214,0.30,16.80
2008.03.12 14:19:06.687,1.0212,1.0214,0.30,16.80
2008.03.12 14:19:06.969,1.0212,1.0214,0.30,16.80
2008.03.12 14:19:07.254,1.0212,1.0214,0.30,16.80
2008.03.12 14:19:07.538,1.0212,1.0214,0.30,16.80
2008.03.12 14:19:07.821,1.0212,1.0214,0.30,16.80
2008.03.12 14:19:08.121,1.0212,1.0214,0.30,16.80
2008.03.12 14:19:08.419,1.0212,1.0214,0.30,16.80
2008.03.12 14:19:08.717,1.0212,1.0214,0.30,16.80
2008.03.12 14:19:08.981,1.0212,1.0214,0.30,17.60
2008.03.12 14:19:09.247,1.0212,1.0214,3.40,7.20
2008.03.12 14:19:09.500,1.0212,1.0214,3.40,7.20
2008.03.12 14:19:09.754,1.02125,1.0214,0.30,4.80
2008.03.12 14:19:10.083,1.02125,1.0214,4.20,4.80
2008.03.12 14:19:10.411,1.02125,1.0214,4.20,4.80
2008.03.12 14:19:10.741,1.02125,1.0214,4.20,4.80
2008.03.12 14:19:10.969,1.02125,1.0214,4.20,4.80
2008.03.12 14:19:11.198,1.02125,1.0214,4.20,4.80
2008.03.12 14:19:11.427,1.02125,1.0214,4.20,4.80
2008.03.12 14:19:11.656,1.02125,1.0214,4.20,4.80
2008.03.12 14:19:11.884,1.02125,1.0214,4.20,4.80
2008.03.12 14:19:12.208,1.02125,1.0214,4.20,4.80
2008.03.12 14:19:12.532,1.02125,1.0214,4.20,4.80
2008.03.12 14:19:12.856,1.02125,1.0214,4.20,4.80
2008.03.12 14:19:13.135,1.02125,1.0214,4.20,12.80
2008.03.12 14:19:13.426,1.0212,1.0214,0.30,17.60
2008.03.12 14:19:13.705,1.0212,1.0214,0.30,17.60
2008.03.12 14:19:13.984,1.0212,1.0214,0.30,17.60
2008.03.12 14:19:14.268,1.0212,1.0214,0.30,17.60
2008.03.12 14:19:14.552,1.0212,1.0214,0.30,17.60
2008.03.12 14:19:14.844,1.0212,1.0214,0.30,17.60
2008.03.12 14:19:15.118,1.0212,1.0214,0.30,17.60
2008.03.12 14:19:15.403,1.0212,1.0214,0.30,17.60
2008.03.12 14:19:15.688,1.02125,1.0214,0.30,17.60
2008.03.12 14:19:15.972,1.0212,1.0214,0.30,18.00
2008.03.12 14:19:16.240,1.0212,1.0214,0.30,18.00
2008.03.12 14:19:16.508,1.0212,1.0214,0.30,18.00
2008.03.12 14:19:16.778,1.0212,1.0214,0.30,18.00
2008.03.12 14:19:17.048,1.0212,1.0214,0.30,18.00
2008.03.12 14:19:17.327,1.0212,1.0214,0.30,18.00
2008.03.12 14:19:17.605,1.0212,1.0214,0.30,18.00
2008.03.12 14:19:17.884,1.0212,1.0214,0.30,18.00
2008.03.12 14:19:18.161,1.0212,1.0214,0.30,18.00
2008.03.12 14:19:18.479,1.0212,1.0214,0.30,18.00
2008.03.12 14:19:18.799,1.0212,1.0214,0.30,18.00
2008.03.12 14:19:19.117,1.0212,1.0214,0.30,18.00
2008.03.12 14:19:19.332,1.0212,1.0214,0.50,9.60
2008.03.12 14:19:19.546,1.0213,1.0214,0.10,6.40
2008.03.12 14:19:19.761,1.02135,1.0214,0.30,4.00
2008.03.12 14:19:19.974,1.02135,1.0215,0.30,6.00
2008.03.12 14:19:20.199,1.02135,1.0215,4.20,8.80
2008.03.12 14:19:20.532,1.02135,1.0215,4.20,8.80
2008.03.12 14:19:20.865,1.02135,1.0215,4.20,17.20
2008.03.12 14:19:21.210,1.02135,1.0215,4.00,17.20
2008.03.12 14:19:21.450,1.02135,1.0215,4.00,17.20
2008.03.12 14:19:21.688,1.02135,1.0215,4.00,17.20
2008.03.12 14:19:21.928,1.0213,1.0215,0.30,17.20
2008.03.12 14:19:22.168,1.0213,1.0215,0.30,17.20
2008.03.12 14:19:22.486,1.0213,1.0215,0.30,17.20
2008.03.12 14:19:22.806,1.02125,1.0215,7.40,17.20
2008.03.12 14:19:23.124,1.0213,1.0215,0.30,17.20
2008.03.12 14:19:23.391,1.0213,1.0215,0.30,17.20
2008.03.12 14:19:23.660,1.0213,1.0215,0.30,17.20
2008.03.12 14:19:23.928,1.0213,1.0215,0.30,17.20
2008.03.12 14:19:24.197,1.0213,1.0215,0.30,17.20
2008.03.12 14:19:24.457,1.0213,1.0215,0.30,17.20
2008.03.12 14:19:24.723,1.0213,1.0215,0.30,17.20
2008.03.12 14:19:24.981,1.0213,1.0215,0.30,17.20
2008.03.12 14:19:25.241,1.02125,1.0215,7.40,17.20
2008.03.12 14:19:25.560,1.0213,1.0215,0.30,17.20
2008.03.12 14:19:25.880,1.0213,1.0215,0.30,17.20
2008.03.12 14:19:26.199,1.0213,1.0215,0.30,9.20
2008.03.12 14:19:26.482,1.0213,1.0215,0.30,9.20
2008.03.12 14:19:26.762,1.0213,1.0215,0.30,9.20
2008.03.12 14:19:27.018,1.0213,1.0215,0.30,9.20
2008.03.12 14:19:27.288,1.0213,1.0215,0.30,9.20
2008.03.12 14:19:27.582,1.0213,1.0215,0.30,17.20
2008.03.12 14:19:27.876,1.0213,1.0215,0.30,17.20
2008.03.12 14:19:28.170,1.0213,1.0215,0.30,17.20
2008.03.12 14:19:28.464,1.0213,1.0215,0.30,17.20
2008.03.12 14:19:28.747,1.0213,1.0215,0.30,17.20
2008.03.12 14:19:29.033,1.0213,1.0215,0.30,17.20
2008.03.12 14:19:29.328,1.0213,1.0215,0.30,17.20
2008.03.12 14:19:29.617,1.0213,1.0215,0.30,17.20
2008.03.12 14:19:29.905,1.0213,1.0215,0.30,17.20
2008.03.12 14:19:30.194,1.0213,1.0215,0.30,17.20
2008.03.12 14:19:30.483,1.0213,1.0215,0.30,17.20
2008.03.12 14:19:30.742,1.0213,1.0215,0.30,9.20
2008.03.12 14:19:31.002,1.0213,1.0215,0.30,9.20
2008.03.12 14:19:31.260,1.0213,1.0215,0.30,9.20
2008.03.12 14:19:31.518,1.0213,1.0215,0.30,9.20
2008.03.12 14:19:31.811,1.0213,1.0215,0.30,9.20
2008.03.12 14:19:32.106,1.0213,1.0215,0.30,8.80
2008.03.12 14:19:32.400,1.0213,1.0215,0.30,8.80
2008.03.12 14:19:32.700,1.0213,1.0215,0.30,8.80
2008.03.12 14:19:33.021,1.0213,1.0215,0.30,8.80
2008.03.12 14:19:33.354,1.0213,1.0215,0.30,8.80
2008.03.12 14:19:33.657,1.0213,1.0215,0.30,8.80
2008.03.12 14:19:33.871,1.0213,1.0215,0.30,9.20
2008.03.12 14:19:34.085,1.0213,1.0215,0.30,8.80
2008.03.12 14:19:34.298,1.0213,1.0215,0.30,8.80
2008.03.12 14:19:34.512,1.0213,1.0215,0.30,16.80
2008.03.12 14:19:34.727,1.0213,1.0215,0.30,16.80
2008.03.12 14:19:35.063,1.0213,1.0215,0.30,9.20
2008.03.12 14:19:35.396,1.0213,1.0215,0.30,17.20
2008.03.12 14:19:35.730,1.0213,1.0215,0.30,17.20
2008.03.12 14:19:35.969,1.0213,1.0215,0.30,17.20
2008.03.12 14:19:36.206,1.0213,1.0215,0.30,17.20
2008.03.12 14:19:36.445,1.0213,1.0215,0.30,17.20
2008.03.12 14:19:36.682,1.0213,1.0215,0.30,17.20
2008.03.12 14:19:36.986,1.0213,1.0215,0.30,17.20
2008.03.12 14:19:37.289,1.0213,1.0215,0.30,16.80
2008.03.12 14:19:37.594,1.0213,1.0215,0.30,16.80
2008.03.12 14:19:37.898,1.0213,1.0215,0.30,16.80
2008.03.12 14:19:38.208,1.0213,1.0215,0.30,16.80
2008.03.12 14:19:38.517,1.0213,1.0215,0.30,8.80
2008.03.12 14:19:38.838,1.0213,1.0215,0.30,8.80
2008.03.12 14:19:39.096,1.0213,1.0215,0.30,8.80
2008.03.12 14:19:39.354,1.0213,1.0215,0.30,8.80
2008.03.12 14:19:39.616,1.0213,1.0215,0.30,11.20
2008.03.12 14:19:39.875,1.0213,1.02145,0.30,0.80
2008.03.12 14:19:40.190,1.0213,1.02145,0.30,0.80
2008.03.12 14:19:40.515,1.0213,1.0215,0.30,18.00
2008.03.12 14:19:40.828,1.02125,1.0215,15.40,17.20
2008.03.12 14:19:41.072,1.0213,1.0215,0.30,17.20
2008.03.12 14:19:41.306,1.0213,1.0215,0.30,18.00
2008.03.12 14:19:41.541,1.02125,1.02145,4.20,0.80
2008.03.12 14:19:41.775,1.02125,1.02145,4.20,0.80
2008.03.12 14:19:42.094,1.02125,1.0214,4.20,4.00
2008.03.12 14:19:42.413,1.02125,1.0214,4.20,4.00
2008.03.12 14:19:42.732,1.02125,1.0214,4.20,6.40
2008.03.12 14:19:43.022,1.02125,1.0214,4.20,6.40
2008.03.12 14:19:43.300,1.02125,1.0214,4.20,6.40
2008.03.12 14:19:43.591,1.02125,1.0214,4.20,6.40
2008.03.12 14:19:43.869,1.02125,1.0214,4.20,6.80
2008.03.12 14:19:44.169,1.02125,1.0214,4.00,6.80
2008.03.12 14:19:44.470,1.02125,1.0214,4.00,6.80
2008.03.12 14:19:44.770,1.02125,1.02135,4.00,0.80
2008.03.12 14:19:45.040,1.0212,1.02135,0.30,0.80
2008.03.12 14:19:45.308,1.0212,1.0214,0.30,17.20
2008.03.12 14:19:45.578,1.0212,1.0214,0.30,17.20
2008.03.12 14:19:45.846,1.0212,1.0214,0.30,17.20
2008.03.12 14:19:46.112,1.0212,1.0214,0.30,17.20
2008.03.12 14:19:46.376,1.0212,1.0214,0.30,17.20
2008.03.12 14:19:46.649,1.0212,1.0214,0.30,17.20
2008.03.12 14:19:46.911,1.0212,1.0214,0.30,17.20
2008.03.12 14:19:47.187,1.0212,1.0214,0.30,17.20
2008.03.12 14:19:47.460,1.0212,1.0214,0.30,17.20
2008.03.12 14:19:47.732,1.0212,1.0214,0.30,17.20
2008.03.12 14:19:48.006,1.02115,1.0214,4.20,17.20
2008.03.12 14:19:48.300,1.02115,1.02135,4.20,0.80
2008.03.12 14:19:48.594,1.02115,1.0213,4.20,4.00
2008.03.12 14:19:48.889,1.02115,1.0213,4.20,4.00
2008.03.12 14:19:49.182,1.02115,1.0213,4.20,4.00
2008.03.12 14:19:49.479,1.02115,1.0213,4.20,6.40
2008.03.12 14:19:49.769,1.02115,1.0213,4.20,4.00
2008.03.12 14:19:50.057,1.02115,1.0213,4.20,4.00
2008.03.12 14:19:50.311,1.02115,1.0213,4.20,4.00
2008.03.12 14:19:50.564,1.02115,1.0213,4.20,4.00
2008.03.12 14:19:50.817,1.02115,1.0213,4.20,4.00
2008.03.12 14:19:51.071,1.02115,1.0213,4.20,4.00
2008.03.12 14:19:51.350,1.02115,1.0213,4.20,4.00
2008.03.12 14:19:51.630,1.02115,1.0213,4.20,4.00
2008.03.12 14:19:51.908,1.02115,1.0213,4.20,4.00
2008.03.12 14:19:52.188,1.02115,1.0213,4.20,6.40
2008.03.12 14:19:52.451,1.02115,1.0213,4.20,6.40
2008.03.12 14:19:52.715,1.02115,1.0213,4.20,6.40
2008.03.12 14:19:52.980,1.02115,1.0213,4.20,6.40
2008.03.12 14:19:53.244,1.02115,1.0213,4.20,6.40
2008.03.12 14:19:53.543,1.02115,1.0213,4.20,6.40
2008.03.12 14:19:53.840,1.02115,1.0213,4.20,6.40
2008.03.12 14:19:54.138,1.02115,1.0213,4.20,6.40
2008.03.12 14:19:54.444,1.02115,1.0213,4.20,6.40
2008.03.12 14:19:54.737,1.02115,1.0213,4.20,6.40
2008.03.12 14:19:55.032,1.02115,1.0213,4.20,6.40
2008.03.12 14:19:55.325,1.02115,1.0213,4.20,6.40
2008.03.12 14:19:55.559,1.02115,1.0213,4.20,6.40
2008.03.12 14:19:55.792,1.02115,1.0213,4.20,6.40
2008.03.12 14:19:56.036,1.02115,1.0213,4.20,6.40
2008.03.12 14:19:56.269,1.02115,1.0213,4.20,6.40
2008.03.12 14:19:56.601,1.02115,1.0213,4.20,6.40
2008.03.12 14:19:56.934,1.02115,1.0213,4.20,6.40
2008.03.12 14:19:57.268,1.02115,1.0213,4.20,6.40
2008.03.12 14:19:57.531,1.02115,1.0213,4.20,6.40
2008.03.12 14:19:57.795,1.02115,1.0213,4.20,6.40
2008.03.12 14:19:58.059,1.02115,1.0213,4.20,6.40
2008.03.12 14:19:58.321,1.02115,1.0213,4.20,6.40
2008.03.12 14:19:58.620,1.02115,1.0213,4.20,6.40
2008.03.12 14:19:58.919,1.02115,1.0213,4.20,6.40
2008.03.12 14:19:59.219,1.02115,1.0213,4.20,6.40
2008.03.12 14:19:59.518,1.02115,1.0213,4.20,6.40
2008.03.12 14:19:59.816,1.02115,1.0213,4.20,6.40
2008.03.12 14:20:00.115,1.02115,1.0213,4.20,6.80
2008.03.12 14:20:00.413,1.02115,1.0213,4.00,8.80
2008.03.12 14:20:00.668,1.0211,1.0213,0.30,9.20
2008.03.12 14:20:00.921,1.0211,1.0213,0.30,9.20
2008.03.12 14:20:01.185,1.02105,1.0213,4.20,9.20
2008.03.12 14:20:01.429,1.02105,1.0213,4.20,9.20
2008.03.12 14:20:01.737,1.02105,1.0213,4.20,9.20
2008.03.12 14:20:02.046,1.0211,1.0213,0.30,8.80
2008.03.12 14:20:02.355,1.0211,1.0213,0.30,8.80
2008.03.12 14:20:02.643,1.02115,1.0213,0.30,6.40
2008.03.12 14:20:02.932,1.02115,1.0213,0.30,6.40
2008.03.12 14:20:03.223,1.02115,1.0213,0.30,4.00
2008.03.12 14:20:03.513,1.02115,1.0213,4.20,4.00
2008.03.12 14:20:03.800,1.02115,1.0213,4.20,6.40
2008.03.12 14:20:04.089,1.02115,1.0213,4.20,6.40
2008.03.12 14:20:04.378,1.0212,1.0214,0.30,18.00
2008.03.12 14:20:04.662,1.0212,1.0213,0.30,2.40
2008.03.12 14:20:04.946,1.0212,1.0213,0.30,2.80
2008.03.12 14:20:05.230,1.02115,1.0213,4.20,9.20
2008.03.12 14:20:05.525,1.02115,1.0213,4.20,8.80
2008.03.12 14:20:05.798,1.02115,1.0213,4.20,8.80
2008.03.12 14:20:06.082,1.02115,1.0213,4.20,8.80
2008.03.12 14:20:06.366,1.02115,1.0213,4.20,8.80
2008.03.12 14:20:06.652,1.02115,1.0213,4.20,6.40
2008.03.12 14:20:06.927,1.02115,1.0213,4.20,6.40
2008.03.12 14:20:07.202,1.02115,1.0213,4.20,6.40
2008.03.12 14:20:07.476,1.02115,1.0213,4.20,6.40
2008.03.12 14:20:07.790,1.02115,1.0213,4.20,6.40
2008.03.12 14:20:08.103,1.02115,1.0213,4.20,4.00
2008.03.12 14:20:08.418,1.0212,1.0214,0.30,16.80
2008.03.12 14:20:08.733,1.0212,1.0214,2.60,6.40
2008.03.12 14:20:08.988,1.0212,1.0214,2.60,6.40
2008.03.12 14:20:09.249,1.02125,1.0214,0.30,4.00
2008.03.12 14:20:09.486,1.02125,1.0214,4.20,6.40
2008.03.12 14:20:09.820,1.02125,1.0214,4.20,6.40
2008.03.12 14:20:10.154,1.02125,1.0214,4.20,6.40
2008.03.12 14:20:10.488,1.02125,1.0214,4.20,4.00
2008.03.12 14:20:10.724,1.02125,1.0214,4.20,6.40
2008.03.12 14:20:10.959,1.02125,1.0214,4.20,6.40
2008.03.12 14:20:11.200,1.02125,1.0214,4.20,6.40
2008.03.12 14:20:11.433,1.02125,1.0214,4.20,6.40
2008.03.12 14:20:11.668,1.02125,1.0214,4.20,8.80
2008.03.12 14:20:12.002,1.02125,1.0214,4.20,8.80
2008.03.12 14:20:12.336,1.02125,1.0214,4.20,8.80
2008.03.12 14:20:12.670,1.02125,1.0214,4.20,8.80
2008.03.12 14:20:12.924,1.02125,1.0214,4.20,8.80
2008.03.12 14:20:13.177,1.02125,1.0214,4.20,8.80
2008.03.12 14:20:13.430,1.02125,1.0214,4.20,8.80
2008.03.12 14:20:13.693,1.02125,1.0214,4.20,6.40
2008.03.12 14:20:13.992,1.02125,1.0214,4.20,6.40
2008.03.12 14:20:14.291,1.02125,1.0214,4.20,6.40
2008.03.12 14:20:14.590,1.02125,1.0214,4.20,6.40
2008.03.12 14:20:14.875,1.02125,1.0214,4.20,8.80
2008.03.12 14:20:15.159,1.02125,1.0214,4.20,6.40
2008.03.12 14:20:15.443,1.02125,1.0214,4.20,6.40
2008.03.12 14:20:15.727,1.02125,1.0214,4.20,4.00
2008.03.12 14:20:16.018,1.0213,1.02145,0.30,0.80
2008.03.12 14:20:16.307,1.0213,1.0215,0.30,16.80
2008.03.12 14:20:16.596,1.02135,1.0215,0.30,8.80
2008.03.12 14:20:16.860,1.02135,1.0215,0.30,8.80
2008.03.12 14:20:17.124,1.02135,1.0215,4.00,9.20
2008.03.12 14:20:17.387,1.02135,1.0215,4.00,8.80
2008.03.12 14:20:17.652,1.0213,1.0215,0.30,17.20
2008.03.12 14:20:17.955,1.0213,1.0215,0.30,17.20
2008.03.12 14:20:18.259,1.0213,1.02145,0.30,0.80
2008.03.12 14:20:18.563,1.0213,1.0215,0.30,10.00
2008.03.12 14:20:18.869,1.0213,1.0215,0.30,17.20
2008.03.12 14:20:19.145,1.02125,1.0214,4.20,2.40
2008.03.12 14:20:19.421,1.02125,1.02145,4.00,0.80
2008.03.12 14:20:19.710,1.0212,1.0214,0.30,8.80
2008.03.12 14:20:20.014,1.0212,1.0214,0.30,9.20
2008.03.12 14:20:20.297,1.0212,1.0214,0.30,8.80
2008.03.12 14:20:20.592,1.0213,1.0214,0.80,4.00
2008.03.12 14:20:20.886,1.0213,1.0215,0.80,14.80
2008.03.12 14:20:21.182,1.02135,1.0215,0.30,14.80
2008.03.12 14:20:21.476,1.02135,1.0215,4.00,14.80
2008.03.12 14:20:21.771,1.02135,1.0215,4.00,14.80
2008.03.12 14:20:22.020,1.02135,1.0215,4.00,6.40
2008.03.12 14:20:22.270,1.02135,1.0215,4.20,6.40
2008.03.12 14:20:22.530,1.02135,1.0215,4.20,6.40
2008.03.12 14:20:22.791,1.02135,1.0215,4.20,6.40
2008.03.12 14:20:23.123,1.02135,1.0215,4.20,4.00
2008.03.12 14:20:23.446,1.02135,1.0215,4.20,4.00
2008.03.12 14:20:23.780,1.02135,1.0215,4.20,4.00
2008.03.12 14:20:24.018,1.02135,1.0215,4.20,4.00
2008.03.12 14:20:24.256,1.02135,1.0215,4.20,4.00
2008.03.12 14:20:24.497,1.02135,1.0215,4.20,4.00
2008.03.12 14:20:24.735,1.02135,1.0215,4.20,4.00
2008.03.12 14:20:25.070,1.02135,1.0215,4.20,4.00
2008.03.12 14:20:25.403,1.02135,1.0215,4.20,4.00
2008.03.12 14:20:25.737,1.02135,1.0215,4.20,4.00
2008.03.12 14:20:25.976,1.02135,1.0215,4.20,4.00
2008.03.12 14:20:26.215,1.02135,1.0215,4.20,4.00
2008.03.12 14:20:26.454,1.02135,1.0215,4.20,4.00
2008.03.12 14:20:26.693,1.02135,1.0215,4.20,4.00
2008.03.12 14:20:26.931,1.02135,1.0215,4.20,4.00
2008.03.12 14:20:27.266,1.02135,1.0215,4.20,6.40
2008.03.12 14:20:27.600,1.02135,1.0215,4.20,6.40
2008.03.12 14:20:27.935,1.02135,1.02155,4.20,0.80
2008.03.12 14:20:28.199,1.02135,1.02155,4.20,0.80
2008.03.12 14:20:28.463,1.02135,1.02155,4.20,0.80
2008.03.12 14:20:28.728,1.02135,1.0215,4.20,4.00
2008.03.12 14:20:29.008,1.02135,1.0215,4.20,4.00
2008.03.12 14:20:29.266,1.02135,1.0215,4.20,4.00
2008.03.12 14:20:29.536,1.02135,1.0215,4.20,4.00
2008.03.12 14:20:29.804,1.02135,1.0215,4.20,4.00
2008.03.12 14:20:30.107,1.02135,1.0215,4.20,4.00
2008.03.12 14:20:30.411,1.02135,1.0215,4.20,4.00
2008.03.12 14:20:30.716,1.02135,1.0215,4.20,4.00
2008.03.12 14:20:31.027,1.02135,1.0215,4.20,4.00
2008.03.12 14:20:31.297,1.02135,1.0215,4.20,4.00
2008.03.12 14:20:31.566,1.02135,1.0215,4.20,4.00
2008.03.12 14:20:31.834,1.02135,1.0215,4.20,4.00
2008.03.12 14:20:32.119,1.02135,1.0215,4.20,4.00
2008.03.12 14:20:32.402,1.02135,1.0215,4.20,4.00
2008.03.12 14:20:32.685,1.02135,1.0215,4.20,4.00
2008.03.12 14:20:32.970,1.02135,1.0215,4.20,4.00
2008.03.12 14:20:33.288,1.02135,1.0215,4.20,4.00
2008.03.12 14:20:33.607,1.02135,1.0215,4.20,4.00
2008.03.12 14:20:33.925,1.02135,1.0215,4.20,4.00
2008.03.12 14:20:34.171,1.02135,1.0215,4.20,4.00
2008.03.12 14:20:34.415,1.02135,1.0215,4.20,4.00
2008.03.12 14:20:34.659,1.02135,1.0215,4.20,4.00
2008.03.12 14:20:34.903,1.02135,1.02155,4.20,0.80
2008.03.12 14:20:35.234,1.02135,1.02155,4.20,0.80
2008.03.12 14:20:35.563,1.02135,1.02155,4.20,0.80
2008.03.12 14:20:35.892,1.02135,1.02155,4.20,0.80
2008.03.12 14:20:36.127,1.02135,1.02155,4.20,0.80
2008.03.12 14:20:36.354,1.02135,1.02155,4.20,0.80
2008.03.12 14:20:36.583,1.02135,1.02155,4.20,0.80
2008.03.12 14:20:36.813,1.02135,1.02155,4.20,0.80
2008.03.12 14:20:37.041,1.02135,1.02155,4.20,0.80
2008.03.12 14:20:37.381,1.02135,1.02155,4.20,0.80
2008.03.12 14:20:37.699,1.02145,1.02155,0.30,0.80
2008.03.12 14:20:38.026,1.02145,1.0216,4.20,12.40
2008.03.12 14:20:38.281,1.02145,1.0216,4.00,12.40
2008.03.12 14:20:38.535,1.02145,1.0216,4.00,12.40
2008.03.12 14:20:38.788,1.02145,1.0216,4.00,12.40
2008.03.12 14:20:39.044,1.02145,1.0216,4.20,4.40
2008.03.12 14:20:39.317,1.02145,1.0216,4.20,4.40
2008.03.12 14:20:39.593,1.02145,1.0216,4.20,4.40
2008.03.12 14:20:39.866,1.02145,1.0216,4.20,4.40
2008.03.12 14:20:40.141,1.02145,1.0216,4.20,4.40
2008.03.12 14:20:40.474,1.02145,1.0216,4.20,12.40
2008.03.12 14:20:40.809,1.02145,1.0216,4.20,2.00
2008.03.12 14:20:41.144,1.02145,1.0216,4.20,2.00
2008.03.12 14:20:41.369,1.02145,1.0216,4.20,2.00
2008.03.12 14:20:41.588,1.02145,1.0216,4.20,2.00
2008.03.12 14:20:41.807,1.02145,1.0216,4.20,2.00
2008.03.12 14:20:42.026,1.02145,1.0216,4.20,2.00
2008.03.12 14:20:42.349,1.02145,1.0216,4.20,2.00
2008.03.12 14:20:42.673,1.02145,1.0216,4.20,2.00
2008.03.12 14:20:42.997,1.02145,1.0216,4.20,2.00
2008.03.12 14:20:43.271,1.02145,1.0216,4.20,2.00
2008.03.12 14:20:43.545,1.02145,1.0216,4.20,2.00
2008.03.12 14:20:43.821,1.02145,1.0216,4.20,2.00
2008.03.12 14:20:44.095,1.02145,1.0216,4.20,2.00
2008.03.12 14:20:44.364,1.02145,1.0216,4.20,2.00
2008.03.12 14:20:44.646,1.02145,1.0216,4.20,1.20
2008.03.12 14:20:44.915,1.0215,1.02165,0.30,1.60
2008.03.12 14:20:45.185,1.0215,1.0217,0.30,10.40
2008.03.12 14:20:45.498,1.0215,1.0217,0.30,2.40
2008.03.12 14:20:45.811,1.02155,1.0218,0.30,23.20
2008.03.12 14:20:46.126,1.02155,1.0217,4.20,2.40
2008.03.12 14:20:46.439,1.02155,1.0217,4.20,2.40
2008.03.12 14:20:46.704,1.02155,1.0217,4.20,2.40
2008.03.12 14:20:46.958,1.02155,1.0217,4.20,2.40
2008.03.12 14:20:47.211,1.02155,1.0217,4.20,2.40
2008.03.12 14:20:47.483,1.02155,1.0217,4.20,2.40
2008.03.12 14:20:47.752,1.0216,1.02175,0.30,0.80
2008.03.12 14:20:48.022,1.02155,1.0217,4.20,13.20
2008.03.12 14:20:48.293,1.02155,1.0216,0.30,4.00
2008.03.12 14:20:48.627,1.0214,1.0216,3.60,6.40
2008.03.12 14:20:48.962,1.02145,1.0216,3.40,8.80
2008.03.12 14:20:49.297,1.02145,1.0216,3.40,4.00
2008.03.12 14:20:49.536,1.02145,1.0216,0.30,4.00
2008.03.12 14:20:49.774,1.02145,1.0216,0.30,4.00
2008.03.12 14:20:50.014,1.02145,1.0216,0.30,4.00
2008.03.12 14:20:50.254,1.02145,1.0216,0.30,4.00
2008.03.12 14:20:50.604,1.02145,1.0216,0.30,2.40
2008.03.12 14:20:50.948,1.02145,1.0216,0.30,0.50
2008.03.12 14:20:51.295,1.0214,1.0216,8.20,0.06
2008.03.12 14:20:51.549,1.0215,1.02165,0.30,0.80
2008.03.12 14:20:51.788,1.02145,1.02165,4.20,0.80
2008.03.12 14:20:52.027,1.0215,1.02165,0.30,0.80
2008.03.12 14:20:52.267,1.0215,1.0217,0.30,10.00
2008.03.12 14:20:52.577,1.02155,1.0217,0.30,8.80
2008.03.12 14:20:52.886,1.0215,1.0217,0.30,16.80
2008.03.12 14:20:53.195,1.0215,1.0217,0.30,16.80
2008.03.12 14:20:53.505,1.0216,1.0218,0.30,15.60
2008.03.12 14:20:53.785,1.02155,1.0218,4.20,14.80
2008.03.12 14:20:54.065,1.02155,1.0218,0.30,16.40
2008.03.12 14:20:54.342,1.02155,1.0218,8.20,14.80
2008.03.12 14:20:54.621,1.02155,1.0218,8.20,14.80
2008.03.12 14:20:54.901,1.02155,1.0218,8.20,14.80
2008.03.12 14:20:55.182,1.0216,1.0218,0.30,14.80
2008.03.12 14:20:55.459,1.0216,1.0218,0.30,14.80
2008.03.12 14:20:55.770,1.02155,1.0217,8.20,1.20
2008.03.12 14:20:56.079,1.02165,1.0217,0.80,2.70
2008.03.12 14:20:56.389,1.0215,1.0216,0.30,4.00
2008.03.12 14:20:56.639,1.0214,1.0216,0.30,8.80
2008.03.12 14:20:56.887,1.0214,1.0216,2.60,6.40
2008.03.12 14:20:57.137,1.0214,1.0216,0.30,8.80
2008.03.12 14:20:57.390,1.02145,1.0216,4.00,8.80
2008.03.12 14:20:57.677,1.02145,1.0216,4.00,10.00
2008.03.12 14:20:57.972,1.02135,1.02155,4.20,0.80
2008.03.12 14:20:58.278,1.02135,1.0215,4.20,2.40
2008.03.12 14:20:58.558,1.02135,1.0216,4.20,13.20
2008.03.12 14:20:58.822,1.02135,1.0216,4.20,12.40
2008.03.12 14:20:59.086,1.02135,1.0216,4.20,9.20
2008.03.12 14:20:59.351,1.02135,1.0216,4.20,9.20
2008.03.12 14:20:59.660,1.02135,1.0215,4.00,5.20
2008.03.12 14:20:59.970,1.0213,1.0215,0.30,9.20
2008.03.12 14:21:00.279,1.02125,1.02145,4.20,0.80
2008.03.12 14:21:00.601,1.02125,1.0214,4.20,0.06
2008.03.12 14:21:00.900,1.02125,1.0214,4.20,4.00
2008.03.12 14:21:01.195,1.02125,1.0214,4.20,4.00
2008.03.12 14:21:01.479,1.0213,1.0214,0.30,4.30
2008.03.12 14:21:01.748,1.0213,1.0214,0.30,4.30
2008.03.12 14:21:02.032,1.0213,1.0214,0.30,0.06
2008.03.12 14:21:02.311,1.0213,1.0215,0.30,8.80
2008.03.12 14:21:02.591,1.02135,1.0215,0.30,0.06
2008.03.12 14:21:02.892,1.02135,1.0216,0.30,22.20
2008.03.12 14:21:03.190,1.02135,1.0215,0.30,2.40
2008.03.12 14:21:03.490,1.02135,1.0215,0.30,4.80
2008.03.12 14:21:03.730,1.0213,1.0215,0.30,4.80
2008.03.12 14:21:03.979,1.0213,1.0215,0.30,8.80
2008.03.12 14:21:04.230,1.02135,1.0215,0.30,8.80
2008.03.12 14:21:04.467,1.02135,1.0215,0.30,8.80
2008.03.12 14:21:04.802,1.02135,1.0215,4.20,8.80
2008.03.12 14:21:05.136,1.02135,1.0215,4.20,8.80
2008.03.12 14:21:05.470,1.02135,1.0215,4.20,8.80
2008.03.12 14:21:05.717,1.0214,1.0215,0.60,6.40
2008.03.12 14:21:05.950,1.0214,1.0216,0.30,12.00
2008.03.12 14:21:06.186,1.0215,1.0216,0.30,8.80
2008.03.12 14:21:06.420,1.0215,1.0216,0.30,2.40
2008.03.12 14:21:06.750,1.0215,1.0217,0.30,16.80
2008.03.12 14:21:07.082,1.0215,1.0217,0.30,16.80
2008.03.12 14:21:07.413,1.0215,1.0217,0.30,16.80
2008.03.12 14:21:07.658,1.0215,1.0217,0.30,16.80
2008.03.12 14:21:07.903,1.0215,1.0217,0.30,16.80
2008.03.12 14:21:08.147,1.0215,1.0217,0.30,16.80
2008.03.12 14:21:08.400,1.0215,1.0217,0.30,16.80
2008.03.12 14:21:08.644,1.0215,1.0217,0.30,16.80
2008.03.12 14:21:08.962,1.0215,1.0217,0.30,16.80
2008.03.12 14:21:09.282,1.0215,1.0216,0.30,2.40
2008.03.12 14:21:09.601,1.02145,1.02165,5.00,0.80
2008.03.12 14:21:09.870,1.0215,1.0217,0.30,18.40
2008.03.12 14:21:10.140,1.02145,1.0217,5.80,15.20
2008.03.12 14:21:10.409,1.02145,1.02165,5.80,0.80
2008.03.12 14:21:10.677,1.0215,1.02165,0.30,0.80
2008.03.12 14:21:10.963,1.0215,1.02165,0.30,0.80
2008.03.12 14:21:11.248,1.02145,1.0216,5.80,4.00
2008.03.12 14:21:11.532,1.02145,1.0216,5.80,4.00
2008.03.12 14:21:11.827,1.0215,1.0217,0.30,14.40
2008.03.12 14:21:12.120,1.0215,1.0217,0.30,14.40
2008.03.12 14:21:12.413,1.0215,1.0217,0.30,14.40
2008.03.12 14:21:12.708,1.0215,1.0216,0.30,2.40
2008.03.12 14:21:12.977,1.0215,1.0216,0.30,6.40
2008.03.12 14:21:13.225,1.02145,1.0216,5.80,6.40
2008.03.12 14:21:13.486,1.02145,1.0216,4.20,6.80
2008.03.12 14:21:13.746,1.02145,1.0216,4.20,6.40
2008.03.12 14:21:14.041,1.02145,1.0216,4.20,6.40
2008.03.12 14:21:14.335,1.02145,1.0216,4.20,6.40
2008.03.12 14:21:14.629,1.02145,1.0216,4.20,6.40
2008.03.12 14:21:14.937,1.02145,1.0216,4.20,6.40
2008.03.12 14:21:15.246,1.02145,1.0216,4.20,6.40
2008.03.12 14:21:15.554,1.02145,1.0216,4.20,4.00
2008.03.12 14:21:15.863,1.02145,1.0216,4.20,4.00
2008.03.12 14:21:16.121,1.02145,1.0216,4.20,6.40
2008.03.12 14:21:16.381,1.02145,1.0216,4.20,6.40
2008.03.12 14:21:16.640,1.02145,1.0216,4.20,6.40
2008.03.12 14:21:16.923,1.02145,1.0216,4.20,6.40
2008.03.12 14:21:17.207,1.02145,1.0216,5.00,6.40
2008.03.12 14:21:17.492,1.02145,1.0216,5.00,6.40
2008.03.12 14:21:17.776,1.02145,1.0216,5.00,6.40
2008.03.12 14:21:18.050,1.02145,1.0216,5.00,6.40
2008.03.12 14:21:18.325,1.02145,1.0216,5.00,6.40
2008.03.12 14:21:18.610,1.02155,1.02175,0.80,3.20
2008.03.12 14:21:18.875,1.02175,1.0218,0.30,8.00
2008.03.12 14:21:19.156,1.02165,1.02175,0.30,0.80
2008.03.12 14:21:19.435,1.0216,1.0217,10.40,0.20
2008.03.12 14:21:19.728,1.02155,1.0217,0.30,4.40
2008.03.12 14:21:20.036,1.02165,1.0217,0.30,4.00
2008.03.12 14:21:20.334,1.0216,1.0217,0.30,2.40
2008.03.12 14:21:20.643,1.02155,1.02175,0.30,0.80
2008.03.12 14:21:20.887,1.0215,1.0217,3.20,4.00
2008.03.12 14:21:21.132,1.0215,1.0217,3.20,4.00
2008.03.12 14:21:21.376,1.0215,1.0217,3.20,4.00
2008.03.12 14:21:21.619,1.0215,1.0217,0.80,6.40
2008.03.12 14:21:21.864,1.0215,1.0217,4.40,6.40
2008.03.12 14:21:22.199,1.02155,1.0218,12.20,16.20
2008.03.12 14:21:22.535,1.02155,1.0217,4.00,2.40
2008.03.12 14:21:22.870,1.02155,1.02175,0.80,0.80
2008.03.12 14:21:23.109,1.0215,1.0216,4.00,4.00
2008.03.12 14:21:23.349,1.0215,1.0218,0.50,23.40
2008.03.12 14:21:23.589,1.02155,1.0218,0.30,16.20
2008.03.12 14:21:23.842,1.02155,1.0217,0.30,2.40
2008.03.12 14:21:24.140,1.02155,1.0217,4.00,6.40
2008.03.12 14:21:24.439,1.0216,1.02175,0.30,0.80
2008.03.12 14:21:24.740,1.02155,1.0217,5.00,2.40
2008.03.12 14:21:25.019,1.02155,1.0218,5.00,17.00
2008.03.12 14:21:25.299,1.02155,1.0218,13.00,6.40
2008.03.12 14:21:25.579,1.02155,1.0219,8.20,25.60
2008.03.12 14:21:25.857,1.02165,1.0218,0.30,0.50
2008.03.12 14:21:26.127,1.02165,1.0218,4.00,2.80
2008.03.12 14:21:26.399,1.02155,1.0218,8.20,6.80
2008.03.12 14:21:26.674,1.02155,1.0218,5.00,6.80
2008.03.12 14:21:26.943,1.02155,1.0218,5.00,8.00
2008.03.12 14:21:27.240,1.02155,1.0218,5.00,8.00
2008.03.12 14:21:27.540,1.02155,1.0218,5.00,8.00
2008.03.12 14:21:27.839,1.02155,1.0218,5.00,8.00
2008.03.12 14:21:28.072,1.02155,1.0218,5.00,8.00
2008.03.12 14:21:28.306,1.02155,1.0218,5.00,8.00
2008.03.12 14:21:28.539,1.02155,1.0218,5.00,8.00
2008.03.12 14:21:28.773,1.02165,1.0218,8.20,4.00
2008.03.12 14:21:29.098,1.02165,1.0219,8.20,15.60
2008.03.12 14:21:29.423,1.02165,1.0219,8.20,15.60
2008.03.12 14:21:29.746,1.02165,1.0219,5.00,15.60
2008.03.12 14:21:30.031,1.02165,1.0219,5.00,15.60
2008.03.12 14:21:30.317,1.02165,1.0219,5.00,15.60
2008.03.12 14:21:30.600,1.02165,1.0219,5.00,15.60
2008.03.12 14:21:30.884,1.02165,1.0219,5.00,15.60
2008.03.12 14:21:31.158,1.02165,1.0219,5.00,15.60
2008.03.12 14:21:31.436,1.02165,1.0219,5.00,15.60
2008.03.12 14:21:31.699,1.02165,1.0219,9.00,15.60
2008.03.12 14:21:31.965,1.02165,1.0219,17.00,7.60
2008.03.12 14:21:32.259,1.0217,1.0219,0.30,6.40
2008.03.12 14:21:32.554,1.02165,1.0219,9.00,7.60
2008.03.12 14:21:32.858,1.02165,1.0218,5.80,0.06
2008.03.12 14:21:33.134,1.02165,1.0218,5.60,4.00
2008.03.12 14:21:33.409,1.02165,1.0218,5.60,4.00
2008.03.12 14:21:33.685,1.02165,1.0219,5.80,8.40
2008.03.12 14:21:33.963,1.02165,1.0219,17.00,7.60
2008.03.12 14:21:34.263,1.0217,1.0219,0.30,7.60
2008.03.12 14:21:34.574,1.02175,1.0219,4.00,7.60
2008.03.12 14:21:34.860,1.02175,1.0219,4.00,7.60
2008.03.12 14:21:35.154,1.02175,1.0219,4.00,7.60
2008.03.12 14:21:35.449,1.02175,1.0219,4.00,7.60
2008.03.12 14:21:35.742,1.02175,1.0219,4.00,6.40
2008.03.12 14:21:36.036,1.02175,1.0219,4.00,6.40
2008.03.12 14:21:36.312,1.02175,1.0219,4.00,8.20
2008.03.12 14:21:36.565,1.02165,1.0218,5.60,2.40
2008.03.12 14:21:36.829,1.02165,1.0218,5.60,6.40
2008.03.12 14:21:37.103,1.02165,1.0218,4.80,6.40
2008.03.12 14:21:37.376,1.02165,1.0218,4.80,6.40
2008.03.12 14:21:37.649,1.02165,1.0218,4.80,6.40
2008.03.12 14:21:37.922,1.02165,1.0219,5.80,9.00
2008.03.12 14:21:38.231,1.0217,1.0219,3.20,8.20
2008.03.12 14:21:38.541,1.0217,1.0219,3.40,8.20
2008.03.12 14:21:38.850,1.02165,1.0219,9.00,8.20
2008.03.12 14:21:39.099,1.02165,1.0219,9.00,8.20
2008.03.12 14:21:39.356,1.02165,1.0219,5.80,8.20
2008.03.12 14:21:39.605,1.02165,1.0219,5.80,8.20
2008.03.12 14:21:39.854,1.02165,1.0219,5.80,8.20
2008.03.12 14:21:40.102,1.02165,1.0219,5.80,8.20
2008.03.12 14:21:40.426,1.02165,1.0219,5.80,8.20
2008.03.12 14:21:40.761,1.02165,1.0219,5.80,8.20
2008.03.12 14:21:41.083,1.02165,1.0219,5.80,8.20
2008.03.12 14:21:41.316,1.02165,1.0219,5.80,8.20
2008.03.12 14:21:41.550,1.02165,1.0219,5.80,8.20
2008.03.12 14:21:41.782,1.02165,1.0219,5.80,8.20
2008.03.12 14:21:42.017,1.02165,1.0219,5.80,8.20
2008.03.12 14:21:42.316,1.02165,1.0219,5.80,8.20
2008.03.12 14:21:42.615,1.02165,1.0219,5.80,8.20
2008.03.12 14:21:42.913,1.02165,1.0219,5.80,8.20
2008.03.12 14:21:43.212,1.02165,1.0218,4.20,3.60
2008.03.12 14:21:43.512,1.02165,1.0218,4.00,3.60
2008.03.12 14:21:43.810,1.02165,1.0218,4.00,7.60
2008.03.12 14:21:44.107,1.02165,1.0218,4.00,7.60
2008.03.12 14:21:44.361,1.02165,1.0218,4.00,9.40
2008.03.12 14:21:44.617,1.02155,1.0218,7.40,9.40
2008.03.12 14:21:44.872,1.02155,1.0218,4.20,9.40
2008.03.12 14:21:45.139,1.02155,1.0218,4.20,9.40
2008.03.12 14:21:45.462,1.02155,1.0218,4.20,9.40
2008.03.12 14:21:45.787,1.02155,1.02175,4.20,0.80
2008.03.12 14:21:46.112,1.02155,1.0217,4.00,1.20
2008.03.12 14:21:46.365,1.02155,1.0217,4.00,5.20
2008.03.12 14:21:46.619,1.02155,1.0217,4.00,4.80
2008.03.12 14:21:46.873,1.02155,1.0217,4.00,4.80
2008.03.12 14:21:47.126,1.02155,1.0217,4.00,4.80
2008.03.12 14:21:47.426,1.0216,1.0217,0.30,4.80
2008.03.12 14:21:47.725,1.02165,1.0217,4.00,6.00
2008.03.12 14:21:48.036,1.02155,1.0217,3.20,10.00
2008.03.12 14:21:48.357,1.02155,1.0217,3.20,10.00
2008.03.12 14:21:48.677,1.02145,1.0217,4.20,10.00
2008.03.12 14:21:48.975,1.02145,1.0217,4.20,10.00
2008.03.12 14:21:49.233,1.02145,1.0216,4.20,0.50
2008.03.12 14:21:49.503,1.02145,1.0216,4.20,1.20
2008.03.12 14:21:49.774,1.02145,1.0216,4.00,10.00
2008.03.12 14:21:50.021,1.0214,1.0216,2.80,7.20
2008.03.12 14:21:50.351,1.02155,1.0216,3.20,7.20
2008.03.12 14:21:50.691,1.0214,1.0216,0.30,6.40
2008.03.12 14:21:51.029,1.0214,1.02165,0.30,0.80
2008.03.12 14:21:51.273,1.0214,1.0217,0.30,22.80
2008.03.12 14:21:51.517,1.02135,1.0216,16.80,2.40
2008.03.12 14:21:51.762,1.0214,1.0215,4.40,4.00
2008.03.12 14:21:52.006,1.02145,1.0216,4.00,0.50
2008.03.12 14:21:52.249,1.02145,1.0216,8.00,7.20
2008.03.12 14:21:52.569,1.02135,1.0216,7.40,9.60
2008.03.12 14:21:52.889,1.02135,1.0216,7.40,9.60
2008.03.12 14:21:53.207,1.0214,1.0216,0.30,7.20
2008.03.12 14:21:53.481,1.0214,1.0216,0.30,0.80
2008.03.12 14:21:53.755,1.02135,1.0215,4.20,0.80
2008.03.12 14:21:54.029,1.02135,1.0215,4.20,0.80
2008.03.12 14:21:54.303,1.02135,1.0215,4.20,3.20
2008.03.12 14:21:54.605,1.02135,1.0215,4.00,3.20
2008.03.12 14:21:54.909,1.02135,1.0215,4.20,7.20
2008.03.12 14:21:55.215,1.02135,1.0215,4.40,4.80
2008.03.12 14:21:55.489,1.02135,1.0215,4.40,0.80
2008.03.12 14:21:55.763,1.02135,1.0215,4.40,0.80
2008.03.12 14:21:56.047,1.02135,1.0216,4.40,8.80
2008.03.12 14:21:56.311,1.02135,1.0215,4.40,0.80
2008.03.12 14:21:56.619,1.02135,1.0215,4.40,0.80
2008.03.12 14:21:56.930,1.02135,1.0215,4.40,0.80
2008.03.12 14:21:57.239,1.0214,1.0215,0.30,0.80
2008.03.12 14:21:57.488,1.0214,1.0215,0.30,0.80
2008.03.12 14:21:57.737,1.0214,1.0215,0.30,0.80
2008.03.12 14:21:57.987,1.0214,1.0215,0.30,0.80
2008.03.12 14:21:58.235,1.0214,1.0215,0.30,0.80
2008.03.12 14:21:58.575,1.0214,1.0215,0.30,0.80
2008.03.12 14:21:58.904,1.0214,1.0215,0.30,0.80
2008.03.12 14:21:59.233,1.0214,1.0215,2.40,0.80
2008.03.12 14:21:59.472,1.0214,1.0216,2.40,6.40
2008.03.12 14:21:59.711,1.0214,1.0216,2.40,6.40
2008.03.12 14:21:59.950,1.0214,1.0216,2.40,6.40
2008.03.12 14:22:00.188,1.0214,1.0216,2.40,6.40
2008.03.12 14:22:00.522,1.0214,1.0216,2.40,6.40
2008.03.12 14:22:00.856,1.0214,1.0216,2.40,6.40
2008.03.12 14:22:01.190,1.0214,1.0216,2.40,6.40
2008.03.12 14:22:01.427,1.0214,1.0216,2.40,6.40
2008.03.12 14:22:01.666,1.02135,1.0216,4.20,14.40
2008.03.12 14:22:01.906,1.02135,1.0215,4.20,4.00
2008.03.12 14:22:02.146,1.02135,1.0215,4.20,6.40
2008.03.12 14:22:02.476,1.02135,1.0215,4.20,6.40
2008.03.12 14:22:02.805,1.02135,1.0215,4.20,6.40
2008.03.12 14:22:03.134,1.02135,1.0215,4.20,6.40
2008.03.12 14:22:03.464,1.02135,1.0215,4.20,6.40
2008.03.12 14:22:03.728,1.02135,1.0215,4.20,6.40
2008.03.12 14:22:03.991,1.02135,1.0215,4.20,6.40
2008.03.12 14:22:04.254,1.02135,1.0215,4.20,6.40
2008.03.12 14:22:04.518,1.02135,1.0215,4.20,6.40
2008.03.12 14:22:04.801,1.02135,1.0215,4.20,6.40
2008.03.12 14:22:05.086,1.02135,1.0215,4.20,6.40
2008.03.12 14:22:05.371,1.02135,1.0215,4.20,6.40
2008.03.12 14:22:05.700,1.02135,1.0215,4.20,6.40
2008.03.12 14:22:06.028,1.02135,1.0215,4.20,6.40
2008.03.12 14:22:06.357,1.02135,1.0215,4.20,6.40
2008.03.12 14:22:06.590,1.02135,1.0215,4.20,6.40
2008.03.12 14:22:06.825,1.02135,1.0215,4.20,6.40
2008.03.12 14:22:07.068,1.02135,1.0215,4.20,6.40
2008.03.12 14:22:07.292,1.02135,1.0215,4.20,6.40
2008.03.12 14:22:07.525,1.02135,1.0215,4.20,6.40
2008.03.12 14:22:07.843,1.02135,1.0215,4.20,6.40
2008.03.12 14:22:08.162,1.02135,1.0215,4.20,6.40
2008.03.12 14:22:08.481,1.02135,1.0215,4.20,6.40
2008.03.12 14:22:08.759,1.02135,1.0215,4.20,6.40
2008.03.12 14:22:09.039,1.02135,1.0215,4.20,6.40
2008.03.12 14:22:09.317,1.02135,1.0215,4.20,6.40
2008.03.12 14:22:09.595,1.02135,1.0215,4.20,6.40
2008.03.12 14:22:09.854,1.02135,1.0215,4.20,6.40
2008.03.12 14:22:10.112,1.02135,1.0215,4.20,6.40
2008.03.12 14:22:10.371,1.02135,1.0215,4.20,6.40
2008.03.12 14:22:10.685,1.02135,1.0215,4.20,6.40
2008.03.12 14:22:10.977,1.02135,1.0215,4.20,6.40
2008.03.12 14:22:11.282,1.02135,1.0215,4.20,6.40
2008.03.12 14:22:11.586,1.02135,1.0215,4.20,4.00
2008.03.12 14:22:11.820,1.02135,1.0215,4.20,4.00
2008.03.12 14:22:12.054,1.0214,1.0216,2.40,9.60
2008.03.12 14:22:12.288,1.0214,1.0216,2.40,6.40
2008.03.12 14:22:12.521,1.0214,1.0216,3.40,6.40
2008.03.12 14:22:12.856,1.0214,1.0216,4.00,6.40
2008.03.12 14:22:13.191,1.0214,1.0216,2.40,6.40
2008.03.12 14:22:13.526,1.0214,1.0216,2.40,6.40
2008.03.12 14:22:13.764,1.0214,1.0216,2.40,6.40
2008.03.12 14:22:14.004,1.0214,1.0216,2.40,6.40
2008.03.12 14:22:14.243,1.0214,1.0216,2.40,6.40
2008.03.12 14:22:14.482,1.0214,1.0216,2.40,6.40
2008.03.12 14:22:14.815,1.0214,1.0216,2.40,6.40
2008.03.12 14:22:15.148,1.0214,1.0216,2.40,6.40
2008.03.12 14:22:15.481,1.0214,1.0216,2.40,6.40
2008.03.12 14:22:15.706,1.0214,1.0216,2.40,6.40
2008.03.12 14:22:15.929,1.0214,1.0216,2.40,6.40
2008.03.12 14:22:16.152,1.0214,1.0216,2.40,6.40
2008.03.12 14:22:16.376,1.0214,1.0216,2.40,6.40
2008.03.12 14:22:16.599,1.0214,1.0216,2.40,6.40
2008.03.12 14:22:16.912,1.0214,1.0216,2.40,6.40
2008.03.12 14:22:17.227,1.02135,1.0216,4.40,6.40
2008.03.12 14:22:17.541,1.02135,1.0215,4.40,2.40
2008.03.12 14:22:17.830,1.02135,1.0215,4.20,6.40
2008.03.12 14:22:18.118,1.02135,1.0215,4.20,6.40
2008.03.12 14:22:18.408,1.02135,1.0215,4.20,6.40
2008.03.12 14:22:18.698,1.02135,1.0215,4.20,6.40
2008.03.12 14:22:18.947,1.02135,1.0215,4.20,6.40
2008.03.12 14:22:19.196,1.02135,1.0215,4.20,6.40
2008.03.12 14:22:19.446,1.02135,1.0215,4.20,6.40
2008.03.12 14:22:19.695,1.02135,1.0215,4.20,6.40
2008.03.12 14:22:20.030,1.02135,1.0215,4.20,4.00
2008.03.12 14:22:20.363,1.02135,1.0215,4.20,4.00
2008.03.12 14:22:20.697,1.02135,1.0215,4.20,4.00
2008.03.12 14:22:20.939,1.02135,1.0215,4.20,4.00
2008.03.12 14:22:21.182,1.02135,1.0215,4.20,4.00
2008.03.12 14:22:21.426,1.02135,1.0215,4.20,4.00
2008.03.12 14:22:21.669,1.02135,1.0215,4.20,4.00
2008.03.12 14:22:21.984,1.02135,1.0215,4.20,4.00
2008.03.12 14:22:22.298,1.02135,1.0215,4.20,4.00
2008.03.12 14:22:22.611,1.02135,1.0215,4.20,4.00
2008.03.12 14:22:22.905,1.02135,1.0215,4.20,4.00
2008.03.12 14:22:23.188,1.02135,1.0215,4.20,4.00
2008.03.12 14:22:23.478,1.02135,1.0215,4.20,4.00
2008.03.12 14:22:23.776,1.02135,1.0215,4.20,4.00
2008.03.12 14:22:24.024,1.02135,1.0215,4.20,4.00
2008.03.12 14:22:24.272,1.02135,1.0215,4.20,4.00
2008.03.12 14:22:24.521,1.02135,1.0215,4.20,4.00
2008.03.12 14:22:24.771,1.02135,1.0215,4.20,4.00
2008.03.12 14:22:25.100,1.02135,1.0215,4.20,6.40
2008.03.12 14:22:25.408,1.02135,1.0215,4.20,6.40
2008.03.12 14:22:25.727,1.02135,1.0215,4.20,6.40
2008.03.12 14:22:25.971,1.02135,1.0215,4.20,4.00
2008.03.12 14:22:26.215,1.02135,1.0215,4.20,4.00
2008.03.12 14:22:26.471,1.02135,1.0215,4.20,6.40
2008.03.12 14:22:26.704,1.02135,1.0215,4.20,6.40
2008.03.12 14:22:27.015,1.02135,1.0216,4.40,9.20
2008.03.12 14:22:27.324,1.02135,1.0216,4.40,9.20
2008.03.12 14:22:27.633,1.02135,1.0216,4.40,9.20
2008.03.12 14:22:27.943,1.02135,1.0216,4.40,9.20
2008.03.12 14:22:28.263,1.02135,1.0216,4.40,9.20
2008.03.12 14:22:28.571,1.02135,1.0216,4.40,9.20
2008.03.12 14:22:28.881,1.02135,1.0215,4.40,2.40
2008.03.12 14:22:29.104,1.02135,1.0215,4.20,2.40
2008.03.12 14:22:29.327,1.02135,1.0215,4.20,6.40
2008.03.12 14:22:29.551,1.02135,1.0215,4.20,6.40
2008.03.12 14:22:29.777,1.02135,1.0215,4.20,6.40
2008.03.12 14:22:30.113,1.02135,1.0215,4.20,6.40
2008.03.12 14:22:30.446,1.02135,1.0215,4.20,6.40
2008.03.12 14:22:30.780,1.0214,1.0215,2.40,4.00
2008.03.12 14:22:31.017,1.0214,1.0216,2.40,6.40
2008.03.12 14:22:31.249,1.0214,1.0216,2.40,6.40
2008.03.12 14:22:31.482,1.0214,1.0216,2.40,6.40
2008.03.12 14:22:31.714,1.0214,1.0216,2.40,6.40
2008.03.12 14:22:31.949,1.0214,1.0216,2.40,6.40
2008.03.12 14:22:32.296,1.0214,1.0216,2.40,6.40
2008.03.12 14:22:32.629,1.0214,1.0216,2.40,6.40
2008.03.12 14:22:32.972,1.0214,1.0216,2.40,6.40
2008.03.12 14:22:33.231,1.0214,1.0216,2.40,6.40
2008.03.12 14:22:33.491,1.0214,1.0216,2.40,6.40
2008.03.12 14:22:33.751,1.0214,1.0216,2.40,6.40
2008.03.12 14:22:34.009,1.0214,1.0216,2.40,6.40
2008.03.12 14:22:34.323,1.0214,1.0216,2.40,6.40
2008.03.12 14:22:34.638,1.0214,1.0216,2.40,6.40
2008.03.12 14:22:34.950,1.02135,1.0216,4.40,16.80
2008.03.12 14:22:35.245,1.02135,1.0216,4.20,16.80
2008.03.12 14:22:35.527,1.02135,1.0215,4.20,4.00
2008.03.12 14:22:35.809,1.02135,1.0215,4.20,4.00
2008.03.12 14:22:36.074,1.02135,1.0215,4.20,4.00
2008.03.12 14:22:36.339,1.02135,1.0215,4.20,4.00
2008.03.12 14:22:36.601,1.02135,1.0215,4.20,4.00
2008.03.12 14:22:36.865,1.02135,1.0215,4.20,4.00
2008.03.12 14:22:37.153,1.02135,1.0215,4.20,4.00
2008.03.12 14:22:37.443,1.02135,1.0215,4.20,4.00
2008.03.12 14:22:37.731,1.02135,1.0215,4.40,4.00
2008.03.12 14:22:38.020,1.02135,1.0216,4.40,8.80
2008.03.12 14:22:38.325,1.02135,1.0216,4.40,8.80
2008.03.12 14:22:38.629,1.02135,1.0216,4.20,8.80
2008.03.12 14:22:38.941,1.02135,1.0216,4.20,8.80
2008.03.12 14:22:39.200,1.02135,1.0216,4.20,8.80
2008.03.12 14:22:39.461,1.02135,1.0216,4.20,8.80
2008.03.12 14:22:39.722,1.02135,1.0216,4.20,8.80
2008.03.12 14:22:39.979,1.02135,1.0216,4.20,8.80
2008.03.12 14:22:40.304,1.0214,1.0216,2.40,6.40
2008.03.12 14:22:40.639,1.0214,1.0216,2.40,6.40
2008.03.12 14:22:40.962,1.0214,1.0216,2.40,6.40
2008.03.12 14:22:41.212,1.0214,1.0216,2.40,6.40
2008.03.12 14:22:41.456,1.0214,1.0216,2.40,6.40
2008.03.12 14:22:41.699,1.0214,1.0216,2.40,6.40
2008.03.12 14:22:41.942,1.0214,1.0216,2.40,6.40
2008.03.12 14:22:42.252,1.0214,1.0216,2.40,6.40
2008.03.12 14:22:42.558,1.0214,1.0216,2.40,6.40
2008.03.12 14:22:42.861,1.0214,1.0216,2.40,6.40
2008.03.12 14:22:43.173,1.0214,1.0216,2.40,6.40
2008.03.12 14:22:43.493,1.0214,1.0216,2.40,6.40
2008.03.12 14:22:43.803,1.0214,1.0216,2.40,6.40
2008.03.12 14:22:44.112,1.0214,1.0216,2.40,6.40
2008.03.12 14:22:44.355,1.0214,1.0216,2.40,6.40
2008.03.12 14:22:44.600,1.0214,1.0216,2.40,6.40
2008.03.12 14:22:44.844,1.0214,1.0216,2.40,6.40
2008.03.12 14:22:46.584,1.0214,1.0216,2.40,6.40
2008.03.12 14:22:46.618,1.0214,1.0216,2.60,6.40
2008.03.12 14:22:46.657,1.0214,1.0217,0.30,22.10
2008.03.12 14:22:46.685,1.0214,1.0217,0.30,22.10
2008.03.12 14:22:46.720,1.0214,1.0217,0.30,22.10
2008.03.12 14:22:46.767,1.0214,1.0217,0.30,22.10
2008.03.12 14:22:46.809,1.0214,1.0217,0.30,22.10
2008.03.12 14:22:46.826,1.0214,1.0217,0.30,22.10
2008.03.12 14:22:46.855,1.0214,1.0217,0.30,22.10
2008.03.12 14:22:46.884,1.0214,1.0217,0.30,22.10
2008.03.12 14:22:46.913,1.0214,1.0217,0.30,22.10
2008.03.12 14:22:46.940,1.0214,1.0217,0.30,22.10
2008.03.12 14:22:46.969,1.0214,1.0217,0.30,22.10
2008.03.12 14:22:47.001,1.0214,1.0217,0.30,22.10
2008.03.12 14:22:47.026,1.0214,1.0217,0.30,22.10
2008.03.12 14:22:47.055,1.0214,1.0217,0.30,22.10
2008.03.12 14:22:47.093,1.0214,1.0217,0.30,22.10
2008.03.12 14:22:47.120,1.0214,1.0217,0.30,22.10
2008.03.12 14:22:47.150,1.0214,1.0217,0.30,22.10
2008.03.12 14:22:47.186,1.0214,1.0217,0.30,22.10
2008.03.12 14:22:47.216,1.0214,1.0217,0.30,22.10
2008.03.12 14:22:47.236,1.0214,1.0217,0.30,22.10
2008.03.12 14:22:47.265,1.0214,1.0217,0.30,22.10
2008.03.12 14:22:47.296,1.0214,1.0217,0.30,22.10
2008.03.12 14:22:47.332,1.0214,1.0217,0.30,22.10
2008.03.12 14:22:47.360,1.0214,1.0217,0.30,22.10
2008.03.12 14:22:47.399,1.0214,1.0217,0.30,22.10
2008.03.12 14:22:47.429,1.0214,1.0217,0.30,22.10
2008.03.12 14:22:47.455,1.0214,1.0217,0.30,22.10
2008.03.12 14:22:47.483,1.0214,1.0217,0.30,22.10
2008.03.12 14:22:47.511,1.0214,1.0217,0.30,22.10
2008.03.12 14:22:47.549,1.0214,1.0217,0.30,22.10
2008.03.12 14:22:47.577,1.0214,1.0217,0.30,22.10
2008.03.12 14:22:47.610,1.0214,1.0217,0.30,22.10
2008.03.12 14:22:47.944,1.0214,1.0217,0.30,22.10
2008.03.12 14:22:48.292,1.0214,1.0217,0.30,22.10
2008.03.12 14:22:48.641,1.0214,1.0216,2.40,2.40
2008.03.12 14:22:48.873,1.0214,1.0216,2.40,2.40
2008.03.12 14:22:49.122,1.0214,1.0216,2.40,6.40
2008.03.12 14:22:49.370,1.0214,1.0216,2.40,6.40
2008.03.12 14:22:49.619,1.0214,1.0216,2.40,6.40
2008.03.12 14:22:49.952,1.0214,1.0216,2.40,6.40
2008.03.12 14:22:50.287,1.0214,1.0216,2.40,6.40
2008.03.12 14:22:50.621,1.0214,1.0216,2.40,6.40
2008.03.12 14:22:50.855,1.0214,1.0216,2.40,7.20
2008.03.12 14:22:51.088,1.0214,1.0216,2.40,7.20
2008.03.12 14:22:51.324,1.02135,1.0216,4.20,10.00
2008.03.12 14:22:51.557,1.02135,1.0216,4.20,10.00
2008.03.12 14:22:51.793,1.02135,1.0216,15.40,10.00
2008.03.12 14:22:52.126,1.02135,1.0216,15.40,10.00
2008.03.12 14:22:52.461,1.02135,1.0216,15.40,10.00
2008.03.12 14:22:52.795,1.02135,1.0216,15.40,10.00
2008.03.12 14:22:53.044,1.02135,1.0216,15.40,10.00
2008.03.12 14:22:53.292,1.02135,1.0216,15.40,10.00
2008.03.12 14:22:53.541,1.02135,1.0216,15.40,10.00
2008.03.12 14:22:53.789,1.02135,1.0216,15.40,10.00
2008.03.12 14:22:54.084,1.02135,1.0216,7.40,10.00
2008.03.12 14:22:54.368,1.02135,1.0216,4.20,10.00
2008.03.12 14:22:54.653,1.0214,1.0216,1.00,10.00
2008.03.12 14:22:54.937,1.0214,1.0216,4.20,7.60
2008.03.12 14:22:55.226,1.02145,1.0216,4.00,7.60
2008.03.12 14:22:55.525,1.02145,1.0216,4.00,7.60
2008.03.12 14:22:55.814,1.02145,1.0216,4.00,7.60
2008.03.12 14:22:56.068,1.02145,1.0216,4.00,7.60
2008.03.12 14:22:56.321,1.02145,1.0216,4.00,7.60
2008.03.12 14:22:56.575,1.02145,1.0216,4.00,7.60
2008.03.12 14:22:56.830,1.02145,1.0216,4.00,7.60
2008.03.12 14:22:57.113,1.02145,1.0216,4.00,7.60
2008.03.12 14:22:57.396,1.02145,1.0216,4.00,7.60
2008.03.12 14:22:57.678,1.02145,1.0216,4.00,7.60
2008.03.12 14:22:57.961,1.02145,1.0216,4.00,7.60
2008.03.12 14:22:58.270,1.02145,1.0216,4.00,7.60
2008.03.12 14:22:58.579,1.02145,1.0216,4.00,7.60
2008.03.12 14:22:58.889,1.02145,1.0216,4.00,7.60
2008.03.12 14:22:59.128,1.02135,1.0216,7.40,18.00
2008.03.12 14:22:59.366,1.02135,1.0216,4.20,18.00
2008.03.12 14:22:59.605,1.02135,1.0216,4.20,18.00
2008.03.12 14:22:59.844,1.02135,1.0216,4.20,18.00
2008.03.12 14:23:00.178,1.02135,1.0216,4.20,18.00
2008.03.12 14:23:00.513,1.02135,1.0216,4.20,18.00
2008.03.12 14:23:00.845,1.02135,1.0216,4.20,18.00
2008.03.12 14:23:01.076,1.02135,1.0216,4.20,18.00
2008.03.12 14:23:01.298,1.02135,1.0216,4.20,18.00
2008.03.12 14:23:01.521,1.02135,1.0216,4.20,18.00
2008.03.12 14:23:01.746,1.02135,1.0216,4.20,18.00
2008.03.12 14:23:01.972,1.02135,1.0216,4.20,18.00
2008.03.12 14:23:02.301,1.02135,1.0216,4.20,18.00
2008.03.12 14:23:02.630,1.02135,1.0216,4.20,18.00
2008.03.12 14:23:02.958,1.02135,1.0216,4.20,18.00
2008.03.12 14:23:03.228,1.02135,1.0216,4.20,18.00
2008.03.12 14:23:03.496,1.02135,1.0216,4.20,18.00
2008.03.12 14:23:03.764,1.02135,1.0216,4.20,18.00
2008.03.12 14:23:04.052,1.02135,1.0216,4.20,18.00
2008.03.12 14:23:04.352,1.02135,1.0216,4.20,18.00
2008.03.12 14:23:04.630,1.02135,1.0216,4.20,18.00
2008.03.12 14:23:04.918,1.02135,1.0216,4.20,18.00
2008.03.12 14:23:05.217,1.02135,1.0216,4.20,10.00
2008.03.12 14:23:05.517,1.02135,1.0216,4.20,10.00
2008.03.12 14:23:05.814,1.02135,1.0216,4.20,10.00
2008.03.12 14:23:06.085,1.02135,1.0216,4.20,10.00
2008.03.12 14:23:06.332,1.02135,1.0216,4.20,10.00
2008.03.12 14:23:06.591,1.02135,1.0216,4.20,10.00
2008.03.12 14:23:06.851,1.02135,1.0216,4.20,10.00
2008.03.12 14:23:07.155,1.02135,1.0216,4.20,10.00
2008.03.12 14:23:07.460,1.02135,1.0216,4.20,10.00
2008.03.12 14:23:07.774,1.02135,1.0216,4.20,10.00
2008.03.12 14:23:08.077,1.02135,1.0216,4.20,10.00
2008.03.12 14:23:08.360,1.02135,1.0216,4.20,18.00
2008.03.12 14:23:08.645,1.02135,1.0216,4.00,18.00
2008.03.12 14:23:08.928,1.02135,1.0216,4.00,18.00
2008.03.12 14:23:09.200,1.02135,1.0215,4.00,4.00
2008.03.12 14:23:09.475,1.02135,1.0215,4.20,4.00
2008.03.12 14:23:09.748,1.0214,1.0216,2.40,15.60
2008.03.12 14:23:10.023,1.0214,1.0216,2.40,15.60
2008.03.12 14:23:10.323,1.0214,1.0216,2.40,15.60
2008.03.12 14:23:10.622,1.0214,1.0216,2.40,15.60
2008.03.12 14:23:10.929,1.0214,1.0216,2.40,15.60
2008.03.12 14:23:11.180,1.0214,1.0216,2.40,15.60
2008.03.12 14:23:11.438,1.0214,1.0216,2.40,15.60
2008.03.12 14:23:11.708,1.0214,1.0216,2.40,15.60
2008.03.12 14:23:11.956,1.0214,1.0216,2.40,15.60
2008.03.12 14:23:12.250,1.0214,1.0216,2.40,15.60
2008.03.12 14:23:12.544,1.0214,1.0216,2.40,15.60
2008.03.12 14:23:12.837,1.0214,1.0216,2.40,15.60
2008.03.12 14:23:13.130,1.0214,1.0216,2.40,15.60
2008.03.12 14:23:13.453,1.0214,1.0216,2.40,15.60
2008.03.12 14:23:13.777,1.0214,1.0216,2.40,15.60
2008.03.12 14:23:14.109,1.0214,1.0216,2.40,15.60
2008.03.12 14:23:14.338,1.0214,1.0216,2.40,15.60
2008.03.12 14:23:14.566,1.0214,1.0216,2.40,15.60
2008.03.12 14:23:14.794,1.0214,1.0216,2.40,15.60
2008.03.12 14:23:15.022,1.0214,1.0216,2.40,15.60
2008.03.12 14:23:15.358,1.0214,1.0216,2.40,15.60
2008.03.12 14:23:15.693,1.02135,1.0216,4.20,18.00
2008.03.12 14:23:16.026,1.02135,1.0216,4.20,18.00
2008.03.12 14:23:16.263,1.02135,1.0216,4.20,18.00
2008.03.12 14:23:16.496,1.02135,1.0216,4.20,18.00
2008.03.12 14:23:16.734,1.02135,1.0216,4.20,18.00
2008.03.12 14:23:16.968,1.02135,1.0215,4.20,2.40
2008.03.12 14:23:17.202,1.02135,1.0216,4.20,18.00
2008.03.12 14:23:17.515,1.02135,1.0216,4.20,18.00
2008.03.12 14:23:17.830,1.0214,1.0216,1.60,18.00
2008.03.12 14:23:18.155,1.0214,1.0216,1.60,18.00
2008.03.12 14:23:18.423,1.0214,1.0216,1.60,18.00
2008.03.12 14:23:18.691,1.0214,1.0216,1.60,18.00
2008.03.12 14:23:18.960,1.0214,1.0216,1.60,18.00
2008.03.12 14:23:19.229,1.02135,1.0216,4.20,18.00
2008.03.12 14:23:19.477,1.02135,1.0216,4.20,18.00
2008.03.12 14:23:19.726,1.02135,1.0216,4.20,18.00
2008.03.12 14:23:19.974,1.02135,1.0216,4.20,18.00
2008.03.12 14:23:20.221,1.02135,1.0216,4.20,18.00
2008.03.12 14:23:20.559,1.02135,1.0216,4.20,18.00
2008.03.12 14:23:20.877,1.02135,1.0216,4.20,18.00
2008.03.12 14:23:21.205,1.02135,1.0216,4.20,18.00
2008.03.12 14:23:21.445,1.02135,1.0216,4.20,18.00
2008.03.12 14:23:21.684,1.02135,1.0216,4.20,18.00
2008.03.12 14:23:21.922,1.02135,1.0216,4.20,18.00
2008.03.12 14:23:22.160,1.02135,1.0216,4.20,18.00
2008.03.12 14:23:22.470,1.02135,1.0216,4.20,18.00
2008.03.12 14:23:22.778,1.02135,1.0216,4.20,18.00
2008.03.12 14:23:23.086,1.02135,1.0216,4.20,18.00
2008.03.12 14:23:23.345,1.02135,1.0216,4.20,18.00
2008.03.12 14:23:23.603,1.02135,1.0216,4.20,18.00
2008.03.12 14:23:23.868,1.02135,1.0216,4.20,18.00
2008.03.12 14:23:24.127,1.02135,1.0216,4.20,18.00
2008.03.12 14:23:24.406,1.02135,1.0216,4.20,18.00
2008.03.12 14:23:24.685,1.02135,1.0216,4.20,18.00
2008.03.12 14:23:24.963,1.02135,1.0216,4.20,18.00
2008.03.12 14:23:25.242,1.02135,1.0216,4.20,18.00
2008.03.12 14:23:25.545,1.02135,1.0216,4.20,18.00
2008.03.12 14:23:25.850,1.02135,1.0216,4.20,18.00
2008.03.12 14:23:26.155,1.02135,1.0216,4.20,18.00
2008.03.12 14:23:26.412,1.02135,1.0216,4.20,18.00
2008.03.12 14:23:26.672,1.02135,1.0216,4.20,18.00
2008.03.12 14:23:26.930,1.02135,1.0216,4.20,18.00
2008.03.12 14:23:27.190,1.02135,1.0216,4.20,18.00
2008.03.12 14:23:27.491,1.02135,1.0216,4.20,20.40
2008.03.12 14:23:27.797,1.02135,1.0216,4.20,11.60
2008.03.12 14:23:28.101,1.02135,1.0216,4.20,18.80
2008.03.12 14:23:28.394,1.02135,1.0216,4.20,18.80
2008.03.12 14:23:28.708,1.02135,1.0216,4.20,18.80
2008.03.12 14:23:29.022,1.02135,1.0216,4.20,18.00
2008.03.12 14:23:29.336,1.02135,1.0216,4.20,18.00
2008.03.12 14:23:29.585,1.02135,1.0216,7.40,18.00
2008.03.12 14:23:29.835,1.02135,1.0216,7.40,18.00
2008.03.12 14:23:30.083,1.02135,1.0216,4.20,18.00
2008.03.12 14:23:30.332,1.02135,1.0216,4.20,18.00
2008.03.12 14:23:30.661,1.02135,1.0215,4.20,2.80
2008.03.12 14:23:30.990,1.02135,1.0215,4.20,2.80
2008.03.12 14:23:31.320,1.02125,1.0215,3.40,5.60
2008.03.12 14:23:31.559,1.02125,1.0215,4.20,8.80
2008.03.12 14:23:31.800,1.02125,1.02145,4.20,0.80
2008.03.12 14:23:32.038,1.02125,1.02145,12.20,0.80
2008.03.12 14:23:32.278,1.02125,1.02145,4.00,0.80
2008.03.12 14:23:32.608,1.02125,1.0215,7.40,16.80
2008.03.12 14:23:32.937,1.02125,1.0215,4.20,16.80
2008.03.12 14:23:33.266,1.02125,1.0215,4.20,16.80
2008.03.12 14:23:33.524,1.02125,1.0215,4.20,17.20
2008.03.12 14:23:33.782,1.02125,1.0215,4.20,17.20
2008.03.12 14:23:34.042,1.02125,1.0215,4.20,17.20
2008.03.12 14:23:34.301,1.02125,1.0215,4.20,17.20
2008.03.12 14:23:34.604,1.02125,1.0215,4.20,18.80
2008.03.12 14:23:34.919,1.02125,1.0214,4.20,2.40
2008.03.12 14:23:35.223,1.02125,1.0215,4.20,17.20
2008.03.12 14:23:35.511,1.02125,1.0215,4.20,17.20
2008.03.12 14:23:35.799,1.02125,1.0215,4.20,17.20
2008.03.12 14:23:36.088,1.02125,1.0215,4.20,17.20
2008.03.12 14:23:36.377,1.02125,1.0215,4.20,17.20
2008.03.12 14:23:36.646,1.02125,1.0215,4.20,17.20
2008.03.12 14:23:36.894,1.02125,1.0215,4.20,17.20
2008.03.12 14:23:37.151,1.02125,1.0215,4.20,17.20
2008.03.12 14:23:37.409,1.02125,1.0215,4.20,17.20
2008.03.12 14:23:37.702,1.02125,1.0215,4.20,17.20
2008.03.12 14:23:37.996,1.02125,1.0215,4.20,17.20
2008.03.12 14:23:38.290,1.02125,1.0215,4.20,17.20
2008.03.12 14:23:38.568,1.02125,1.0215,4.20,17.20
2008.03.12 14:23:38.848,1.02125,1.0215,4.20,17.20
2008.03.12 14:23:39.127,1.02125,1.0214,4.20,2.40
2008.03.12 14:23:39.408,1.02125,1.02145,4.20,0.80
2008.03.12 14:23:39.701,1.02125,1.0215,4.20,18.00
2008.03.12 14:23:39.994,1.02125,1.0215,4.20,17.20
2008.03.12 14:23:40.289,1.02125,1.0215,4.20,17.20
2008.03.12 14:23:40.569,1.02125,1.0215,4.20,17.20
2008.03.12 14:23:40.850,1.02125,1.0215,4.20,17.20
2008.03.12 14:23:41.130,1.02125,1.0215,4.20,20.40
2008.03.12 14:23:41.410,1.02125,1.0215,4.20,21.90
2008.03.12 14:23:41.683,1.02125,1.0215,4.20,22.60
2008.03.12 14:23:41.957,1.02125,1.0214,4.20,2.40
2008.03.12 14:23:42.232,1.02125,1.0214,4.00,13.20
2008.03.12 14:23:42.506,1.02115,1.0213,4.00,6.40
2008.03.12 14:23:42.799,1.02115,1.0213,4.00,6.40
2008.03.12 14:23:43.093,1.02115,1.0213,4.00,6.40
2008.03.12 14:23:43.391,1.02115,1.0213,4.20,4.00
2008.03.12 14:23:43.665,1.02115,1.0214,4.20,9.20
2008.03.12 14:23:43.938,1.02115,1.0213,4.20,2.40
2008.03.12 14:23:44.212,1.02115,1.02135,4.20,0.80
2008.03.12 14:23:44.487,1.02115,1.0214,4.20,10.00
2008.03.12 14:23:44.802,1.02115,1.0214,4.20,9.20
2008.03.12 14:23:45.119,1.02115,1.0214,4.20,9.20
2008.03.12 14:23:45.434,1.02115,1.0214,4.20,9.20
2008.03.12 14:23:45.729,1.02115,1.0214,4.20,9.20
2008.03.12 14:23:46.013,1.02115,1.0214,4.20,9.20
2008.03.12 14:23:46.297,1.02115,1.0214,4.20,9.20
2008.03.12 14:23:46.581,1.02115,1.0214,4.20,9.20
2008.03.12 14:23:46.871,1.02115,1.0214,4.20,9.20
2008.03.12 14:23:47.160,1.02115,1.0214,4.20,9.20
2008.03.12 14:23:47.447,1.02115,1.0214,4.20,9.20
2008.03.12 14:23:47.718,1.02115,1.0214,4.20,9.20
2008.03.12 14:23:47.977,1.02115,1.0214,4.20,9.20
2008.03.12 14:23:48.236,1.02115,1.0213,4.20,2.40
2008.03.12 14:23:48.496,1.02115,1.02135,4.20,0.80
2008.03.12 14:23:48.779,1.02115,1.02135,4.20,0.80
2008.03.12 14:23:49.075,1.02115,1.0214,4.20,9.20
2008.03.12 14:23:49.359,1.02115,1.0214,4.20,9.20
2008.03.12 14:23:49.643,1.02115,1.02135,4.00,0.80
2008.03.12 14:23:49.921,1.02115,1.0213,4.00,2.40
2008.03.12 14:23:50.199,1.02115,1.0213,4.00,4.80
2008.03.12 14:23:50.482,1.02105,1.0213,15.20,9.20
2008.03.12 14:23:50.789,1.02105,1.02125,7.20,0.80
2008.03.12 14:23:51.094,1.02105,1.0212,4.00,2.40
2008.03.12 14:23:51.399,1.02105,1.0212,4.20,4.00
2008.03.12 14:23:51.702,1.02105,1.0213,4.20,10.00
2008.03.12 14:23:51.971,1.02105,1.0213,4.20,9.20
2008.03.12 14:23:52.240,1.02105,1.0213,4.20,9.20
2008.03.12 14:23:52.510,1.02105,1.0213,4.20,9.20
2008.03.12 14:23:52.795,1.02105,1.0213,4.20,9.20
2008.03.12 14:23:53.077,1.02105,1.0212,4.20,2.40
2008.03.12 14:23:53.370,1.02105,1.0212,4.20,2.40
2008.03.12 14:23:53.665,1.02105,1.0212,4.00,6.40
2008.03.12 14:23:53.974,1.02105,1.0212,4.00,6.40
2008.03.12 14:23:54.282,1.02105,1.0212,4.00,6.40
2008.03.12 14:23:54.590,1.02105,1.0212,4.00,6.40
2008.03.12 14:23:54.855,1.02105,1.0212,4.00,6.40
2008.03.12 14:23:55.118,1.02105,1.0212,4.00,6.40
2008.03.12 14:23:55.385,1.02105,1.0212,4.00,6.40
2008.03.12 14:23:55.649,1.02105,1.0212,4.00,6.40
2008.03.12 14:23:55.954,1.02105,1.0212,4.00,6.40
2008.03.12 14:23:56.258,1.02105,1.0212,4.00,6.40
2008.03.12 14:23:56.562,1.02105,1.0212,4.00,6.40
2008.03.12 14:23:56.831,1.02105,1.0212,4.00,6.40
2008.03.12 14:23:57.101,1.02105,1.0212,4.00,6.40
2008.03.12 14:23:57.370,1.02105,1.0212,4.00,6.40
2008.03.12 14:23:57.638,1.02105,1.0212,4.00,6.40
2008.03.12 14:23:57.903,1.02105,1.0212,4.00,6.40
2008.03.12 14:23:58.167,1.02105,1.0212,4.00,6.40
2008.03.12 14:23:58.441,1.02105,1.0212,4.20,4.00
2008.03.12 14:23:58.706,1.02105,1.0213,4.20,10.00
2008.03.12 14:23:59.024,1.02105,1.0213,4.20,8.80
2008.03.12 14:23:59.342,1.02105,1.0213,4.20,8.80
2008.03.12 14:23:59.662,1.0211,1.0213,0.30,8.80
2008.03.12 14:23:59.929,1.02115,1.0213,0.30,8.80
2008.03.12 14:24:00.196,1.02115,1.0214,4.20,18.00
2008.03.12 14:24:00.460,1.02115,1.0214,4.20,17.20
2008.03.12 14:24:00.730,1.02115,1.0214,4.20,17.20
2008.03.12 14:24:01.025,1.02115,1.0214,4.20,17.20
2008.03.12 14:24:01.320,1.02115,1.0214,4.20,17.20
2008.03.12 14:24:01.615,1.02115,1.0214,4.20,17.20
2008.03.12 14:24:01.910,1.02115,1.0213,4.20,2.40
2008.03.12 14:24:02.219,1.02115,1.0213,4.00,6.40
2008.03.12 14:24:02.528,1.02115,1.0213,4.00,6.40
2008.03.12 14:24:02.837,1.02115,1.0213,4.00,6.40
2008.03.12 14:24:03.096,1.02115,1.0213,4.00,6.40
2008.03.12 14:24:03.354,1.02115,1.0213,4.00,6.40
2008.03.12 14:24:03.611,1.02115,1.0213,4.00,6.40
2008.03.12 14:24:03.871,1.02115,1.0213,4.00,6.40
2008.03.12 14:24:04.151,1.02115,1.0213,4.00,6.40
2008.03.12 14:24:04.429,1.02115,1.0213,4.00,6.40
2008.03.12 14:24:04.708,1.02115,1.0213,4.00,6.40
2008.03.12 14:24:04.987,1.02115,1.0213,4.00,6.40
2008.03.12 14:24:05.292,1.02115,1.0213,4.00,6.40
2008.03.12 14:24:05.595,1.02115,1.0213,4.00,6.40
2008.03.12 14:24:05.902,1.02115,1.0214,4.20,17.20
2008.03.12 14:24:06.152,1.02115,1.0214,4.20,17.20
2008.03.12 14:24:06.401,1.02115,1.0214,4.20,17.20
2008.03.12 14:24:06.649,1.02115,1.0214,4.20,17.20
2008.03.12 14:24:06.897,1.02115,1.0214,4.20,17.20
2008.03.12 14:24:07.202,1.02115,1.0214,4.20,17.20
2008.03.12 14:24:07.506,1.02115,1.0214,4.20,17.20
2008.03.12 14:24:07.809,1.02115,1.0214,4.20,17.20
2008.03.12 14:24:08.123,1.02115,1.0214,4.20,17.20
2008.03.12 14:24:08.437,1.02115,1.0214,4.20,17.20
2008.03.12 14:24:08.751,1.02115,1.0214,4.20,17.20
2008.03.12 14:24:09.065,1.02115,1.0214,4.20,17.20
2008.03.12 14:24:09.286,1.02115,1.0214,4.20,17.20
2008.03.12 14:24:09.504,1.02115,1.0214,4.20,17.20
2008.03.12 14:24:09.728,1.02115,1.0214,4.20,17.20
2008.03.12 14:24:09.946,1.02115,1.0214,4.20,17.20
2008.03.12 14:24:10.281,1.02115,1.0214,4.20,17.20
2008.03.12 14:24:10.615,1.02115,1.0214,4.20,17.20
2008.03.12 14:24:10.950,1.02115,1.0214,4.20,17.20
2008.03.12 14:24:11.184,1.02115,1.0214,4.20,17.20
2008.03.12 14:24:11.417,1.02115,1.0214,4.20,16.80
2008.03.12 14:24:11.649,1.0212,1.0214,2.40,6.40
2008.03.12 14:24:11.893,1.02115,1.0214,4.20,9.20
2008.03.12 14:24:12.117,1.02125,1.0213,4.00,0.50
2008.03.12 14:24:12.451,1.02115,1.0213,4.00,5.20
2008.03.12 14:24:12.785,1.02115,1.0213,4.00,2.40
2008.03.12 14:24:13.119,1.02115,1.0213,4.00,6.40
2008.03.12 14:24:13.368,1.02115,1.0213,4.00,6.40
2008.03.12 14:24:13.617,1.02115,1.0213,4.20,6.40
2008.03.12 14:24:13.877,1.02115,1.0214,4.20,10.00
2008.03.12 14:24:14.127,1.02115,1.0214,4.20,9.20
2008.03.12 14:24:14.426,1.02115,1.0214,4.20,9.20
2008.03.12 14:24:14.725,1.02115,1.0214,4.20,9.20
2008.03.12 14:24:15.023,1.02115,1.0214,4.20,9.20
2008.03.12 14:24:15.321,1.02115,1.0214,4.20,9.20
2008.03.12 14:24:15.625,1.02115,1.0214,4.20,9.20
2008.03.12 14:24:15.929,1.02115,1.0214,4.20,9.20
2008.03.12 14:24:16.232,1.02115,1.0214,4.20,9.20
2008.03.12 14:24:16.453,1.02115,1.0214,4.20,9.20
2008.03.12 14:24:16.674,1.02115,1.0214,4.20,9.20
2008.03.12 14:24:16.893,1.02115,1.0214,4.20,9.20
2008.03.12 14:24:17.112,1.02115,1.0214,4.20,9.20
2008.03.12 14:24:17.329,1.02115,1.0214,4.20,9.20
2008.03.12 14:24:17.662,1.02115,1.0214,4.20,9.20
2008.03.12 14:24:17.999,1.02115,1.0214,4.20,9.20
2008.03.12 14:24:18.333,1.02115,1.0214,4.20,9.20
2008.03.12 14:24:18.582,1.02115,1.0214,4.20,9.20
2008.03.12 14:24:18.834,1.02115,1.0214,4.20,9.20
2008.03.12 14:24:19.083,1.02115,1.0214,4.20,9.20
2008.03.12 14:24:19.332,1.02115,1.0214,4.20,9.20
2008.03.12 14:24:19.638,1.02115,1.0213,4.00,2.40
2008.03.12 14:24:19.941,1.02115,1.0213,4.00,2.40
2008.03.12 14:24:20.244,1.02115,1.0213,4.00,6.40
2008.03.12 14:24:20.527,1.02115,1.0213,4.00,6.40
2008.03.12 14:24:20.810,1.02115,1.0213,4.00,6.40
2008.03.12 14:24:21.093,1.02115,1.0213,4.00,6.40
2008.03.12 14:24:21.377,1.02115,1.0213,4.00,6.40
2008.03.12 14:24:21.632,1.02115,1.0213,4.00,6.40
2008.03.12 14:24:21.886,1.02115,1.0213,4.00,6.40
2008.03.12 14:24:22.140,1.02115,1.0213,4.00,6.40
2008.03.12 14:24:22.393,1.02115,1.0213,4.00,4.00
2008.03.12 14:24:22.666,1.02115,1.0213,4.00,4.00
2008.03.12 14:24:22.940,1.02115,1.0213,4.00,4.00
2008.03.12 14:24:23.213,1.02115,1.0213,4.00,4.00
2008.03.12 14:24:23.486,1.02115,1.0213,4.00,4.00
2008.03.12 14:24:23.796,1.02115,1.0213,4.00,4.00
2008.03.12 14:24:24.106,1.02115,1.0213,4.00,4.00
2008.03.12 14:24:24.425,1.02115,1.0213,4.00,4.00
2008.03.12 14:24:24.699,1.02115,1.0213,4.00,4.00
2008.03.12 14:24:24.972,1.02115,1.0213,4.00,4.00
2008.03.12 14:24:25.246,1.02115,1.0213,4.00,4.00
2008.03.12 14:24:25.519,1.02115,1.0213,4.00,4.00
2008.03.12 14:24:25.803,1.02115,1.0213,4.00,4.00
2008.03.12 14:24:26.087,1.02115,1.0213,4.00,4.00
2008.03.12 14:24:26.372,1.02115,1.0213,4.00,4.00
2008.03.12 14:24:26.656,1.02115,1.0213,4.00,4.00
2008.03.12 14:24:26.939,1.02115,1.0213,4.00,4.00
2008.03.12 14:24:27.224,1.02115,1.0213,4.00,4.00
2008.03.12 14:24:27.509,1.02115,1.0213,4.00,4.00
2008.03.12 14:24:27.737,1.02115,1.0213,4.00,4.00
2008.03.12 14:24:27.945,1.02115,1.0213,4.00,4.00
2008.03.12 14:24:28.165,1.02115,1.0213,4.20,4.00
2008.03.12 14:24:28.384,1.02115,1.0214,4.20,10.00
2008.03.12 14:24:28.610,1.02115,1.0214,4.20,9.20
2008.03.12 14:24:28.944,1.02115,1.0214,4.20,9.20
2008.03.12 14:24:29.279,1.02115,1.0214,4.20,9.20
2008.03.12 14:24:29.612,1.02115,1.0214,4.20,9.20
2008.03.12 14:24:29.841,1.02115,1.0214,4.20,9.20
2008.03.12 14:24:30.070,1.02115,1.0214,4.20,9.20
2008.03.12 14:24:30.299,1.02115,1.0214,4.20,9.20
2008.03.12 14:24:30.527,1.02115,1.0214,4.20,9.20
2008.03.12 14:24:30.765,1.02115,1.0214,4.20,9.20
2008.03.12 14:24:31.099,1.02115,1.02135,4.20,0.80
2008.03.12 14:24:31.433,1.02115,1.02135,4.20,0.80
2008.03.12 14:24:31.767,1.02115,1.0213,4.00,4.00
2008.03.12 14:24:31.991,1.02115,1.0213,4.00,4.00
2008.03.12 14:24:32.220,1.02115,1.0213,4.20,4.00
2008.03.12 14:24:32.443,1.02115,1.0214,4.20,9.20
2008.03.12 14:24:32.667,1.0212,1.0214,0.30,9.20
2008.03.12 14:24:33.000,1.0212,1.0214,0.30,8.80
2008.03.12 14:24:33.334,1.02125,1.0214,4.00,8.80
2008.03.12 14:24:33.668,1.02125,1.0214,4.00,8.80
2008.03.12 14:24:33.907,1.02125,1.0214,4.00,8.80
2008.03.12 14:24:34.147,1.02125,1.0214,4.00,8.80
2008.03.12 14:24:34.385,1.02125,1.0214,4.00,8.80
2008.03.12 14:24:34.623,1.02125,1.0214,4.00,8.80
2008.03.12 14:24:34.862,1.02125,1.02145,4.00,0.80
2008.03.12 14:24:35.197,1.02125,1.0214,4.00,2.40
2008.03.12 14:24:35.531,1.02125,1.0214,4.00,6.40
2008.03.12 14:24:35.866,1.02125,1.02145,4.00,0.80
2008.03.12 14:24:36.080,1.02125,1.0215,4.20,20.40
2008.03.12 14:24:36.295,1.02125,1.0215,4.20,17.20
2008.03.12 14:24:36.508,1.02125,1.0215,4.20,17.20
2008.03.12 14:24:36.733,1.02125,1.0215,4.20,17.20
2008.03.12 14:24:37.057,1.02125,1.0215,4.20,17.20
2008.03.12 14:24:37.390,1.02125,1.0214,4.20,2.40
2008.03.12 14:24:37.725,1.02125,1.0214,4.00,2.40
2008.03.12 14:24:37.984,1.02125,1.0214,4.00,6.40
2008.03.12 14:24:38.243,1.02125,1.0214,4.00,6.40
2008.03.12 14:24:38.502,1.02125,1.0214,4.00,6.40
2008.03.12 14:24:38.761,1.02125,1.0214,4.00,6.40
2008.03.12 14:24:39.055,1.02125,1.0214,4.00,6.40
2008.03.12 14:24:39.350,1.02125,1.0214,4.00,6.40
2008.03.12 14:24:39.645,1.02125,1.0214,4.00,14.40
2008.03.12 14:24:39.939,1.0212,1.0214,0.30,16.80
2008.03.12 14:24:40.247,1.0212,1.0214,0.30,16.80
2008.03.12 14:24:40.552,1.02125,1.0214,4.00,16.80
2008.03.12 14:24:40.856,1.02115,1.0214,4.20,16.80
2008.03.12 14:24:41.095,1.02115,1.0214,4.20,16.80
2008.03.12 14:24:41.334,1.02115,1.0214,4.20,16.80
2008.03.12 14:24:41.572,1.02115,1.0214,4.20,16.80
2008.03.12 14:24:41.811,1.02115,1.0214,4.20,16.80
2008.03.12 14:24:42.048,1.02115,1.0214,4.20,16.80
2008.03.12 14:24:42.342,1.02115,1.0214,4.20,16.80
2008.03.12 14:24:42.636,1.0213,1.0214,0.30,16.80
2008.03.12 14:24:42.930,1.02135,1.0215,4.00,21.60
2008.03.12 14:24:43.240,1.02125,1.0214,7.20,0.50
2008.03.12 14:24:43.550,1.0212,1.0214,2.40,6.80
2008.03.12 14:24:43.859,1.02115,1.0214,7.40,9.20
2008.03.12 14:24:44.168,1.02115,1.0214,4.20,9.20
2008.03.12 14:24:44.411,1.02115,1.0214,4.20,9.20
2008.03.12 14:24:44.655,1.02115,1.0214,4.20,9.20
2008.03.12 14:24:44.902,1.02115,1.0214,4.20,9.20
2008.03.12 14:24:45.242,1.02115,1.0214,4.20,9.20
2008.03.12 14:24:45.560,1.02115,1.0214,4.20,9.20
2008.03.12 14:24:45.889,1.02125,1.0214,4.00,9.20
2008.03.12 14:24:46.128,1.02115,1.0214,7.40,9.20
2008.03.12 14:24:46.367,1.02115,1.0214,4.20,9.20
2008.03.12 14:24:46.607,1.02125,1.0214,4.00,9.20
2008.03.12 14:24:46.846,1.02125,1.0214,4.00,8.80
2008.03.12 14:24:47.086,1.02125,1.0215,4.20,17.60
2008.03.12 14:24:47.405,1.02125,1.0215,12.20,16.80
2008.03.12 14:24:47.724,1.02125,1.0215,4.20,8.80
2008.03.12 14:24:48.043,1.02125,1.0215,4.20,8.80
2008.03.12 14:24:48.317,1.02125,1.0215,4.20,8.80
2008.03.12 14:24:48.591,1.02125,1.0215,4.20,8.80
2008.03.12 14:24:48.876,1.02125,1.0215,4.20,8.80
2008.03.12 14:24:49.151,1.02125,1.0215,4.20,6.40
2008.03.12 14:24:49.414,1.0213,1.0216,0.30,22.90
2008.03.12 14:24:49.678,1.0213,1.0216,0.30,22.10
2008.03.12 14:24:49.942,1.0213,1.0216,0.30,22.10
2008.03.12 14:24:50.206,1.0213,1.0216,0.30,22.10
2008.03.12 14:24:50.514,1.0213,1.0216,0.30,22.10
2008.03.12 14:24:50.823,1.0213,1.0216,0.30,22.10
2008.03.12 14:24:51.131,1.0213,1.0216,0.30,22.10
2008.03.12 14:24:51.375,1.0213,1.0216,0.30,24.50
2008.03.12 14:24:51.618,1.0213,1.0215,0.30,2.40
2008.03.12 14:24:51.872,1.0213,1.0215,0.30,12.80
2008.03.12 14:24:52.117,1.02135,1.0215,4.00,16.80
2008.03.12 14:24:52.361,1.02135,1.0215,4.00,17.20
2008.03.12 14:24:52.665,1.02135,1.0215,4.00,17.20
2008.03.12 14:24:52.969,1.02125,1.0215,4.20,17.20
2008.03.12 14:24:53.272,1.02125,1.0215,4.20,17.20
2008.03.12 14:24:53.541,1.02125,1.0215,4.20,17.20
2008.03.12 14:24:53.811,1.02125,1.0215,4.20,17.20
2008.03.12 14:24:54.080,1.02125,1.0215,4.20,17.20
2008.03.12 14:24:54.350,1.02125,1.0214,4.20,2.40
2008.03.12 14:24:54.624,1.02125,1.02145,4.20,0.80
2008.03.12 14:24:54.911,1.0212,1.02145,0.30,0.80
2008.03.12 14:24:55.184,1.0212,1.0215,0.30,19.60
2008.03.12 14:24:55.498,1.0212,1.0215,0.30,18.80
2008.03.12 14:24:55.811,1.0212,1.0215,0.30,18.80
2008.03.12 14:24:56.124,1.0212,1.0215,0.30,18.80
2008.03.12 14:24:56.438,1.0212,1.0215,0.30,10.80
2008.03.12 14:24:56.676,1.0212,1.0215,0.30,10.80
2008.03.12 14:24:56.915,1.0212,1.0215,0.30,10.80
2008.03.12 14:24:57.154,1.0212,1.0215,0.30,10.80
2008.03.12 14:24:57.393,1.0212,1.0215,0.30,10.80
2008.03.12 14:24:57.699,1.0212,1.0215,0.30,10.80
2008.03.12 14:24:58.014,1.0212,1.0215,0.30,10.80
2008.03.12 14:24:58.317,1.0212,1.0215,0.30,10.80
2008.03.12 14:24:58.597,1.0212,1.0215,8.20,10.80
2008.03.12 14:24:58.877,1.0212,1.0215,8.20,10.80
2008.03.12 14:24:59.154,1.0212,1.0215,8.20,9.20
2008.03.12 14:24:59.433,1.0212,1.0215,8.20,9.20
2008.03.12 14:24:59.710,1.0212,1.0215,8.20,9.20
2008.03.12 14:24:59.977,1.0212,1.0215,8.20,9.20
2008.03.12 14:25:00.246,1.0212,1.0215,8.20,9.20
2008.03.12 14:25:00.515,1.0212,1.0215,8.20,9.20
2008.03.12 14:25:00.819,1.0212,1.0215,14.80,9.20
2008.03.12 14:25:01.124,1.0213,1.0215,0.30,9.20
2008.03.12 14:25:01.429,1.02135,1.0215,4.00,8.80
2008.03.12 14:25:01.678,1.02135,1.0215,4.00,8.80
2008.03.12 14:25:01.929,1.02135,1.0215,4.00,8.80
2008.03.12 14:25:02.190,1.02135,1.0215,4.00,8.80
2008.03.12 14:25:02.441,1.02135,1.0215,4.00,8.80
2008.03.12 14:25:02.714,1.02135,1.0215,4.00,8.80
2008.03.12 14:25:02.987,1.02135,1.0215,4.00,8.80
2008.03.12 14:25:03.261,1.02135,1.0215,4.00,8.80
2008.03.12 14:25:03.535,1.02135,1.0215,4.00,8.80
2008.03.12 14:25:03.834,1.02135,1.0215,4.00,8.80
2008.03.12 14:25:04.132,1.02135,1.0215,4.00,8.80
2008.03.12 14:25:04.431,1.02135,1.0215,4.00,8.80
2008.03.12 14:25:04.730,1.02135,1.0215,4.00,8.80
2008.03.12 14:25:04.988,1.02135,1.0215,4.00,8.80
2008.03.12 14:25:05.247,1.02135,1.0215,4.00,8.80
2008.03.12 14:25:05.507,1.02135,1.0215,4.00,8.80
2008.03.12 14:25:05.777,1.02135,1.0215,4.00,8.80
2008.03.12 14:25:06.080,1.02135,1.0215,4.00,8.80
2008.03.12 14:25:06.386,1.02135,1.0215,4.00,8.80
2008.03.12 14:25:06.689,1.02135,1.0215,4.00,8.80
2008.03.12 14:25:06.914,1.02135,1.0215,4.00,8.80
2008.03.12 14:25:07.131,1.02135,1.0215,4.00,8.80
2008.03.12 14:25:07.354,1.02135,1.0215,4.00,8.80
2008.03.12 14:25:07.574,1.02135,1.0215,4.00,8.80
2008.03.12 14:25:07.795,1.02135,1.0215,4.00,6.40
2008.03.12 14:25:08.127,1.02135,1.0215,4.00,6.40
2008.03.12 14:25:08.462,1.02135,1.0215,4.00,6.40
2008.03.12 14:25:08.808,1.02135,1.0215,4.00,6.40
2008.03.12 14:25:09.055,1.02135,1.0215,4.00,6.40
2008.03.12 14:25:09.315,1.02135,1.0215,4.00,6.40
2008.03.12 14:25:09.574,1.02135,1.0215,4.00,6.40
2008.03.12 14:25:09.834,1.02135,1.0215,4.00,6.40
2008.03.12 14:25:10.161,1.02135,1.0215,4.00,6.40
2008.03.12 14:25:10.474,1.02135,1.0215,4.00,6.40
2008.03.12 14:25:10.788,1.02135,1.0215,4.00,6.40
2008.03.12 14:25:11.046,1.02135,1.0215,4.00,6.40
2008.03.12 14:25:11.308,1.02135,1.0215,4.00,4.00
2008.03.12 14:25:11.569,1.02135,1.0215,4.00,6.40
2008.03.12 14:25:11.837,1.02135,1.0215,4.00,4.00
2008.03.12 14:25:12.116,1.02135,1.0215,4.00,4.00
2008.03.12 14:25:12.374,1.02135,1.0215,4.00,4.00
2008.03.12 14:25:12.643,1.02135,1.0215,4.00,4.00
2008.03.12 14:25:12.913,1.02135,1.0216,4.20,10.80
2008.03.12 14:25:13.222,1.02135,1.0216,4.20,9.20
2008.03.12 14:25:13.535,1.0214,1.0216,0.30,9.20
2008.03.12 14:25:13.844,1.02145,1.0216,4.00,9.20
2008.03.12 14:25:15.494,1.02145,1.0216,4.00,9.20
2008.03.12 14:25:15.557,1.02145,1.0216,4.00,8.40
2008.03.12 14:25:15.600,1.02145,1.0216,4.00,8.40
2008.03.12 14:25:15.620,1.02145,1.0216,4.00,8.40
2008.03.12 14:25:15.664,1.02145,1.0216,4.00,8.40
2008.03.12 14:25:15.679,1.02145,1.0216,4.00,8.40
2008.03.12 14:25:15.705,1.02145,1.0216,4.00,8.40
2008.03.12 14:25:15.735,1.02145,1.0216,4.00,8.40
2008.03.12 14:25:15.769,1.02145,1.0216,4.00,8.40
2008.03.12 14:25:15.797,1.02145,1.0216,4.00,8.40
2008.03.12 14:25:15.824,1.02145,1.0216,4.00,8.40
2008.03.12 14:25:15.853,1.02145,1.0216,4.00,8.40
2008.03.12 14:25:15.887,1.02145,1.0216,4.00,8.40
2008.03.12 14:25:15.914,1.02145,1.0216,4.00,8.40
2008.03.12 14:25:15.943,1.02145,1.0216,4.00,8.40
2008.03.12 14:25:15.992,1.02145,1.0216,4.00,8.40
2008.03.12 14:25:16.003,1.02145,1.0216,4.00,8.40
2008.03.12 14:25:16.031,1.02145,1.0216,4.00,8.40
2008.03.12 14:25:16.059,1.02145,1.0216,4.00,8.40
2008.03.12 14:25:16.105,1.02145,1.0216,4.00,8.40
2008.03.12 14:25:16.133,1.02145,1.0216,4.00,8.40
2008.03.12 14:25:16.160,1.02145,1.0216,4.00,8.40
2008.03.12 14:25:16.189,1.02145,1.0216,4.00,9.00
2008.03.12 14:25:16.226,1.02145,1.0216,4.00,9.00
2008.03.12 14:25:16.254,1.02145,1.0216,4.00,9.00
2008.03.12 14:25:16.285,1.02145,1.0216,4.00,9.00
2008.03.12 14:25:16.326,1.02145,1.0216,4.00,9.00
2008.03.12 14:25:16.343,1.02145,1.0216,4.00,9.00
2008.03.12 14:25:16.371,1.02145,1.0216,4.00,9.00
2008.03.12 14:25:16.403,1.02145,1.0216,4.00,9.00
2008.03.12 14:25:16.445,1.02145,1.0216,4.00,9.00
2008.03.12 14:25:16.472,1.02145,1.0216,4.00,9.00
2008.03.12 14:25:16.500,1.02145,1.0216,4.00,9.00
2008.03.12 14:25:16.835,1.02145,1.0216,4.00,9.00
2008.03.12 14:25:17.168,1.02145,1.0216,4.00,9.00
2008.03.12 14:25:17.502,1.02145,1.0216,4.00,9.00
2008.03.12 14:25:17.725,1.02145,1.0216,4.00,9.00
2008.03.12 14:25:17.948,1.02145,1.0216,4.00,8.60
2008.03.12 14:25:18.182,1.02145,1.0216,4.00,8.60
2008.03.12 14:25:18.406,1.02145,1.0216,4.00,8.60
2008.03.12 14:25:18.632,1.02145,1.0216,4.00,8.60
2008.03.12 14:25:18.967,1.02145,1.0216,4.00,8.60
2008.03.12 14:25:19.301,1.02145,1.0216,4.00,8.60
2008.03.12 14:25:19.634,1.02145,1.0216,4.00,6.40
2008.03.12 14:25:19.858,1.02145,1.0216,4.00,6.40
2008.03.12 14:25:20.082,1.02145,1.0216,4.00,6.40
2008.03.12 14:25:20.305,1.02145,1.0216,4.00,6.40
2008.03.12 14:25:20.530,1.02145,1.0216,4.00,6.40
2008.03.12 14:25:20.853,1.02145,1.0216,4.00,6.40
2008.03.12 14:25:21.177,1.02145,1.0216,4.00,6.40
2008.03.12 14:25:21.500,1.02145,1.0216,4.00,6.40
2008.03.12 14:25:21.825,1.02145,1.0216,4.00,6.40
2008.03.12 14:25:22.078,1.02145,1.0216,4.00,6.40
2008.03.12 14:25:22.332,1.02145,1.0217,5.00,9.00
2008.03.12 14:25:22.588,1.0215,1.0217,0.30,9.00
2008.03.12 14:25:22.872,1.0215,1.0217,1.60,9.00
2008.03.12 14:25:23.162,1.0215,1.0217,0.80,9.00
2008.03.12 14:25:23.429,1.02145,1.0217,5.00,9.00
2008.03.12 14:25:23.709,1.02145,1.0217,5.00,9.00
2008.03.12 14:25:24.023,1.02145,1.0217,5.00,9.00
2008.03.12 14:25:24.335,1.02145,1.0217,5.00,9.00
2008.03.12 14:25:24.648,1.02145,1.0217,5.00,9.00
2008.03.12 14:25:24.882,1.02145,1.0217,5.00,9.00
2008.03.12 14:25:25.115,1.02145,1.0217,5.00,9.00
2008.03.12 14:25:25.349,1.02145,1.0217,5.00,9.00
2008.03.12 14:25:25.581,1.02145,1.0217,5.00,9.00
2008.03.12 14:25:25.916,1.02145,1.0217,5.00,9.00
2008.03.12 14:25:26.249,1.02145,1.0217,5.00,9.00
2008.03.12 14:25:26.582,1.02145,1.0217,5.00,9.00
2008.03.12 14:25:26.811,1.02145,1.0217,5.00,9.00
2008.03.12 14:25:27.018,1.02145,1.0217,5.00,9.00
2008.03.12 14:25:27.237,1.02145,1.0217,5.00,9.00
2008.03.12 14:25:27.456,1.02145,1.0217,5.00,9.00
2008.03.12 14:25:27.682,1.02145,1.0217,5.00,9.20
2008.03.12 14:25:28.015,1.02145,1.0217,5.00,9.20
2008.03.12 14:25:28.350,1.02145,1.0217,5.00,9.20
2008.03.12 14:25:28.683,1.02145,1.0217,5.00,9.20
2008.03.12 14:25:28.926,1.02145,1.0217,5.00,9.20
2008.03.12 14:25:29.171,1.02145,1.0217,5.00,10.00
2008.03.12 14:25:29.415,1.02145,1.0217,5.00,10.00
2008.03.12 14:25:29.659,1.02145,1.0217,5.00,10.00
2008.03.12 14:25:29.958,1.02145,1.0217,5.00,10.00
2008.03.12 14:25:30.261,1.02145,1.0217,5.00,10.00
2008.03.12 14:25:30.560,1.02145,1.0217,5.00,10.00
2008.03.12 14:25:30.858,1.02145,1.0217,5.00,10.00
2008.03.12 14:25:31.182,1.02145,1.0217,5.00,10.00
2008.03.12 14:25:31.508,1.02145,1.0217,5.00,10.00
2008.03.12 14:25:31.832,1.02145,1.0217,5.00,10.00
2008.03.12 14:25:32.060,1.02145,1.0217,5.00,10.00
2008.03.12 14:25:32.300,1.02145,1.0217,5.00,10.00
2008.03.12 14:25:32.518,1.02145,1.0217,5.00,10.00
2008.03.12 14:25:32.761,1.02145,1.0217,5.00,10.00
2008.03.12 14:25:33.080,1.02145,1.0217,5.00,10.00
2008.03.12 14:25:33.413,1.02145,1.0217,5.00,10.80
2008.03.12 14:25:33.749,1.02145,1.0217,5.00,10.00
2008.03.12 14:25:33.976,1.02145,1.0217,5.00,10.00
2008.03.12 14:25:34.204,1.02145,1.0217,5.00,10.00
2008.03.12 14:25:34.433,1.02145,1.0217,5.00,10.00
2008.03.12 14:25:34.662,1.02145,1.0217,5.00,10.00
2008.03.12 14:25:34.891,1.02145,1.0217,5.00,10.00
2008.03.12 14:25:35.235,1.02145,1.0217,5.00,9.20
2008.03.12 14:25:35.581,1.02145,1.0217,5.00,9.20
2008.03.12 14:25:35.915,1.0215,1.0217,3.20,6.80
2008.03.12 14:25:36.151,1.0215,1.0217,4.00,6.40
2008.03.12 14:25:36.388,1.02155,1.0218,4.20,12.10
2008.03.12 14:25:36.623,1.02155,1.0218,4.20,10.50
2008.03.12 14:25:36.857,1.02155,1.0218,4.20,9.70
2008.03.12 14:25:37.171,1.0216,1.0218,1.00,9.20
2008.03.12 14:25:37.486,1.0216,1.0218,1.60,9.20
2008.03.12 14:25:37.800,1.02155,1.0218,7.40,9.20
2008.03.12 14:25:38.113,1.02155,1.0218,4.20,9.20
2008.03.12 14:25:38.408,1.02165,1.0218,0.30,8.80
2008.03.12 14:25:38.703,1.02165,1.0219,4.20,16.80
2008.03.12 14:25:38.998,1.02175,1.0219,0.30,12.00
2008.03.12 14:25:39.273,1.02175,1.0219,4.20,8.00
2008.03.12 14:25:39.549,1.02175,1.0219,7.40,8.00
2008.03.12 14:25:39.824,1.0218,1.0219,0.30,8.00
2008.03.12 14:25:40.103,1.0218,1.0219,0.30,8.00
2008.03.12 14:25:40.413,1.0218,1.022,0.30,14.40
2008.03.12 14:25:40.728,1.02175,1.022,4.20,16.80
2008.03.12 14:25:41.043,1.02175,1.0219,4.00,2.40
2008.03.12 14:25:41.307,1.02175,1.0219,4.20,2.40
2008.03.12 14:25:41.572,1.02175,1.0219,4.00,2.40
2008.03.12 14:25:41.836,1.02175,1.0219,4.00,2.40
2008.03.12 14:25:42.101,1.02175,1.0219,4.00,6.40
2008.03.12 14:25:42.390,1.02175,1.0219,4.00,6.40
2008.03.12 14:25:42.679,1.02175,1.0219,4.00,6.40
2008.03.12 14:25:42.967,1.02175,1.0219,4.00,6.40
2008.03.12 14:25:43.266,1.02165,1.0219,8.00,9.60
2008.03.12 14:25:43.567,1.02165,1.0219,4.20,6.40
2008.03.12 14:25:43.866,1.02165,1.0219,4.20,11.60
2008.03.12 14:25:44.165,1.0216,1.0218,2.40,4.00
2008.03.12 14:25:44.451,1.02155,1.0218,8.20,6.40
2008.03.12 14:25:44.735,1.0216,1.0218,4.80,4.40
2008.03.12 14:25:45.019,1.0216,1.0218,2.40,4.40
2008.03.12 14:25:45.311,1.02155,1.0218,9.80,9.20
2008.03.12 14:25:45.607,1.02155,1.0218,9.00,9.20
2008.03.12 14:25:45.895,1.02155,1.0218,7.40,6.80
2008.03.12 14:25:46.187,1.02155,1.0218,7.40,9.20
2008.03.12 14:25:46.461,1.02155,1.0218,7.40,9.20
2008.03.12 14:25:46.733,1.02155,1.0218,7.40,9.20
2008.03.12 14:25:47.018,1.02155,1.0218,7.40,9.20
2008.03.12 14:25:47.282,1.02155,1.0218,7.40,9.20
2008.03.12 14:25:47.547,1.02155,1.0218,7.40,9.20
2008.03.12 14:25:47.812,1.02155,1.0218,7.40,9.20
2008.03.12 14:25:48.076,1.02155,1.0218,7.40,9.20
2008.03.12 14:25:48.370,1.02155,1.0218,7.40,9.20
2008.03.12 14:25:48.659,1.02155,1.0218,7.40,9.20
2008.03.12 14:25:48.948,1.02155,1.0218,7.40,9.20
2008.03.12 14:25:49.236,1.02155,1.0218,7.40,9.20
2008.03.12 14:25:49.499,1.02155,1.0218,7.40,9.20
2008.03.12 14:25:49.773,1.02155,1.0218,7.40,6.80
2008.03.12 14:25:50.027,1.02155,1.0218,7.40,6.80
2008.03.12 14:25:50.289,1.02155,1.0218,7.40,6.80
2008.03.12 14:25:50.582,1.02155,1.0218,7.40,6.80
2008.03.12 14:25:50.884,1.02155,1.0218,7.40,6.80
2008.03.12 14:25:51.178,1.02155,1.0218,7.40,6.80
2008.03.12 14:25:51.406,1.02155,1.0218,7.40,6.80
2008.03.12 14:25:51.636,1.02155,1.0218,7.40,6.80
2008.03.12 14:25:51.865,1.02155,1.0218,7.40,6.80
2008.03.12 14:25:52.095,1.02155,1.0218,7.40,7.00
2008.03.12 14:25:52.323,1.0216,1.0218,3.20,9.60
2008.03.12 14:25:52.658,1.0216,1.0218,3.20,13.10
2008.03.12 14:25:52.993,1.02145,1.0217,9.80,6.40
2008.03.12 14:25:54.431,1.02145,1.0217,9.80,6.40
2008.03.12 14:25:54.786,1.02145,1.0217,5.80,8.80
2008.03.12 14:25:54.895,1.0215,1.0217,0.50,8.80
2008.03.12 14:25:55.009,1.02155,1.0217,4.00,6.40
2008.03.12 14:25:55.123,1.02155,1.0217,4.00,4.00
2008.03.12 14:25:55.240,1.02155,1.0217,4.00,4.00
2008.03.12 14:25:55.364,1.02155,1.0217,4.80,4.00
2008.03.12 14:25:55.490,1.0216,1.0217,0.30,4.00
2008.03.12 14:25:55.851,1.02165,1.0218,4.00,6.40
2008.03.12 14:25:56.197,1.02165,1.0219,4.20,8.80
2008.03.12 14:25:56.544,1.02165,1.0219,4.20,8.80
2008.03.12 14:25:56.801,1.02165,1.0219,4.20,8.80
2008.03.12 14:25:57.045,1.02165,1.0219,4.20,8.80
2008.03.12 14:25:57.289,1.02165,1.0219,4.20,8.80
2008.03.12 14:25:57.533,1.02165,1.0219,4.20,8.80
2008.03.12 14:25:57.847,1.02165,1.0219,4.20,8.80
2008.03.12 14:25:58.162,1.02165,1.0218,4.00,2.40
2008.03.12 14:25:58.487,1.02165,1.0218,4.00,4.00
2008.03.12 14:25:58.800,1.02165,1.0218,4.00,6.40
2008.03.12 14:25:59.089,1.0216,1.0218,0.30,6.80
2008.03.12 14:25:59.379,1.02155,1.0218,7.20,7.60
2008.03.12 14:25:59.668,1.02155,1.0218,4.00,10.80
2008.03.12 14:25:59.908,1.02155,1.0218,4.00,11.20
2008.03.12 14:26:00.148,1.02155,1.0217,4.00,4.00
2008.03.12 14:26:00.386,1.02155,1.0217,4.00,4.00
2008.03.12 14:26:00.637,1.02155,1.0217,4.00,6.40
2008.03.12 14:26:00.983,1.02155,1.0217,4.00,6.40
2008.03.12 14:26:01.304,1.02155,1.0217,4.00,6.40
2008.03.12 14:26:01.640,1.02145,1.0217,9.00,6.40
2008.03.12 14:26:01.864,1.02145,1.0217,8.20,6.40
2008.03.12 14:26:02.087,1.02145,1.0217,8.20,6.40
2008.03.12 14:26:02.311,1.02145,1.0217,8.20,6.40
2008.03.12 14:26:02.535,1.02145,1.0217,5.00,6.40
2008.03.12 14:26:02.779,1.02145,1.0217,5.00,6.40
2008.03.12 14:26:03.090,1.02145,1.0217,5.00,6.40
2008.03.12 14:26:03.420,1.0215,1.0218,0.30,24.80
2008.03.12 14:26:03.749,1.02145,1.0217,6.60,2.40
2008.03.12 14:26:04.022,1.02145,1.0217,5.00,6.40
2008.03.12 14:26:04.296,1.02145,1.0217,5.00,6.40
2008.03.12 14:26:04.568,1.02145,1.0217,5.00,6.40
2008.03.12 14:26:04.843,1.02145,1.0217,5.00,6.40
2008.03.12 14:26:05.113,1.02145,1.0217,5.00,6.40
2008.03.12 14:26:05.382,1.02145,1.0217,5.00,6.40
2008.03.12 14:26:05.651,1.02145,1.0217,5.00,6.40
2008.03.12 14:26:05.918,1.02145,1.0217,5.00,6.80
2008.03.12 14:26:06.213,1.02145,1.0217,5.00,6.80
2008.03.12 14:26:06.506,1.02145,1.0217,5.00,6.80
2008.03.12 14:26:06.801,1.02145,1.0217,5.00,6.80
2008.03.12 14:26:07.028,1.02145,1.0217,5.00,6.80
2008.03.12 14:26:07.253,1.02145,1.0217,5.00,6.80
2008.03.12 14:26:07.476,1.02145,1.0217,5.00,6.80
2008.03.12 14:26:07.701,1.02145,1.0217,5.00,6.40
2008.03.12 14:26:07.934,1.02145,1.0217,5.00,6.40
2008.03.12 14:26:08.281,1.02145,1.0217,5.00,6.40
2008.03.12 14:26:08.625,1.02145,1.0217,5.80,6.40
2008.03.12 14:26:08.970,1.02145,1.0217,5.80,6.40
2008.03.12 14:26:09.222,1.02145,1.0217,5.80,6.40
2008.03.12 14:26:09.486,1.02145,1.0216,1.80,4.00
2008.03.12 14:26:09.755,1.02145,1.0216,1.80,4.00
2008.03.12 14:26:10.014,1.02145,1.0216,1.00,4.00
2008.03.12 14:26:10.312,1.02145,1.0216,0.30,4.00
2008.03.12 14:26:10.611,1.02145,1.0216,8.20,4.00
2008.03.12 14:26:10.911,1.02145,1.0216,11.40,4.00
2008.03.12 14:26:11.181,1.02145,1.0216,11.40,4.00
2008.03.12 14:26:11.449,1.02145,1.0216,11.40,4.00
2008.03.12 14:26:11.717,1.02145,1.0216,11.40,4.00
2008.03.12 14:26:11.986,1.02145,1.0216,11.40,4.00
2008.03.12 14:26:12.285,1.02145,1.0216,11.40,4.00
2008.03.12 14:26:12.584,1.02145,1.0216,3.40,4.00
2008.03.12 14:26:12.894,1.02145,1.0216,0.30,4.00
2008.03.12 14:26:13.178,1.02145,1.0216,0.30,4.00
2008.03.12 14:26:13.462,1.02145,1.0216,0.30,4.00
2008.03.12 14:26:13.746,1.0214,1.0216,2.60,4.00
2008.03.12 14:26:14.031,1.0214,1.0215,2.60,4.00
2008.03.12 14:26:14.310,1.0214,1.0215,2.60,4.00
2008.03.12 14:26:14.589,1.0214,1.0215,2.60,4.00
2008.03.12 14:26:14.868,1.0214,1.0215,2.60,4.00
2008.03.12 14:26:15.188,1.0214,1.0215,2.60,4.00
2008.03.12 14:26:15.507,1.0214,1.0215,2.60,4.00
2008.03.12 14:26:15.826,1.0214,1.0215,0.30,4.00
2008.03.12 14:26:16.146,1.0214,1.0215,0.30,4.00
2008.03.12 14:26:16.373,1.0214,1.0215,0.30,4.00
2008.03.12 14:26:16.602,1.02135,1.0215,4.20,4.00
2008.03.12 14:26:16.833,1.02135,1.0215,3.40,4.00
2008.03.12 14:26:17.061,1.02135,1.0215,0.30,4.00
2008.03.12 14:26:17.374,1.02135,1.0215,0.30,4.00
2008.03.12 14:26:17.687,1.02135,1.0215,0.30,4.00
2008.03.12 14:26:18.002,1.02135,1.0215,0.30,4.00
2008.03.12 14:26:18.270,1.02135,1.0215,0.30,4.00
2008.03.12 14:26:18.538,1.02135,1.0215,0.30,4.00
2008.03.12 14:26:18.807,1.02135,1.0215,8.20,4.00
2008.03.12 14:26:19.076,1.02135,1.0215,3.40,4.00
2008.03.12 14:26:19.336,1.02135,1.0215,3.40,4.00
2008.03.12 14:26:19.594,1.02135,1.0215,0.30,4.00
2008.03.12 14:26:19.854,1.02135,1.0215,0.30,4.00
2008.03.12 14:26:20.113,1.02135,1.0215,0.30,4.00
2008.03.12 14:26:20.434,1.02135,1.0215,0.30,4.00
2008.03.12 14:26:20.753,1.0213,1.0215,2.60,4.00
2008.03.12 14:26:21.072,1.0213,1.0215,10.60,4.00
2008.03.12 14:26:21.311,1.02125,1.0214,11.40,4.00
2008.03.12 14:26:21.550,1.02125,1.0214,11.40,4.00
2008.03.12 14:26:21.788,1.02125,1.0214,11.40,4.00
2008.03.12 14:26:22.031,1.02125,1.0214,11.40,4.00
2008.03.12 14:26:22.315,1.02125,1.0214,11.40,4.00
2008.03.12 14:26:22.599,1.02125,1.0214,11.40,4.00
2008.03.12 14:26:22.883,1.02125,1.0214,11.40,4.00
2008.03.12 14:26:23.166,1.02125,1.0214,11.40,4.00
2008.03.12 14:26:23.462,1.0213,1.0214,2.40,4.00
2008.03.12 14:26:23.756,1.0213,1.0215,2.60,4.00
2008.03.12 14:26:24.050,1.0213,1.0215,2.60,4.00
2008.03.12 14:26:24.310,1.0213,1.0215,2.60,4.00
2008.03.12 14:26:24.570,1.0213,1.0215,2.60,4.00
2008.03.12 14:26:24.843,1.0213,1.0215,2.60,4.00
2008.03.12 14:26:25.102,1.0213,1.0215,2.60,4.00
2008.03.12 14:26:25.391,1.0213,1.0215,2.60,4.00
2008.03.12 14:26:25.680,1.0213,1.0215,2.60,4.00
2008.03.12 14:26:25.978,1.0213,1.0215,2.60,4.00
2008.03.12 14:26:26.266,1.0213,1.0215,2.60,4.00
2008.03.12 14:26:26.529,1.0213,1.0215,2.60,4.00
2008.03.12 14:26:26.793,1.0213,1.0215,5.80,4.00
2008.03.12 14:26:27.058,1.0213,1.0215,5.80,4.00
2008.03.12 14:26:27.322,1.0213,1.0215,5.80,4.00
2008.03.12 14:26:27.596,1.0213,1.0215,5.80,4.00
2008.03.12 14:26:27.869,1.0213,1.0215,5.80,4.00
2008.03.12 14:26:28.143,1.0213,1.0215,5.80,4.00
2008.03.12 14:26:28.416,1.0213,1.0215,5.80,4.00
2008.03.12 14:26:28.735,1.0213,1.0215,5.80,4.00
2008.03.12 14:26:29.054,1.0213,1.0215,5.80,4.00
2008.03.12 14:26:29.372,1.0213,1.0215,5.80,4.00
2008.03.12 14:26:29.579,1.0213,1.0215,5.80,4.00
2008.03.12 14:26:29.790,1.0213,1.0215,5.80,4.00
2008.03.12 14:26:29.998,1.0213,1.0215,5.80,4.00
2008.03.12 14:26:30.205,1.0213,1.0215,5.80,4.00
2008.03.12 14:26:30.422,1.0213,1.0215,5.80,4.00
2008.03.12 14:26:30.748,1.0213,1.0215,2.60,4.00
2008.03.12 14:26:31.082,1.0213,1.0215,2.60,4.00
2008.03.12 14:26:31.417,1.0213,1.0215,2.60,4.00
2008.03.12 14:26:31.642,1.0213,1.0215,2.60,4.00
2008.03.12 14:26:31.854,1.0213,1.0215,2.60,4.00
2008.03.12 14:26:32.069,1.0213,1.0215,2.60,4.00
2008.03.12 14:26:32.282,1.0213,1.0215,2.60,4.00
2008.03.12 14:26:32.495,1.0213,1.0215,2.60,4.00
2008.03.12 14:26:32.830,1.0213,1.0215,5.80,4.00
2008.03.12 14:26:33.162,1.0213,1.0215,5.80,4.00
2008.03.12 14:26:33.496,1.0213,1.0215,5.80,4.00
2008.03.12 14:26:33.750,1.0213,1.0215,2.60,4.00
2008.03.12 14:26:34.004,1.0213,1.0215,2.60,4.00
2008.03.12 14:26:34.257,1.0213,1.0215,2.60,4.00
2008.03.12 14:26:34.510,1.0213,1.0215,2.60,4.00
2008.03.12 14:26:34.798,1.0213,1.0215,2.60,4.00
2008.03.12 14:26:35.085,1.0213,1.0215,2.60,4.00
2008.03.12 14:26:35.379,1.0213,1.0215,2.60,4.00
2008.03.12 14:26:35.667,1.0213,1.0215,2.60,4.00
2008.03.12 14:26:35.956,1.0213,1.0215,2.60,4.00
2008.03.12 14:26:36.244,1.0213,1.0215,2.60,4.00
2008.03.12 14:26:36.537,1.02125,1.0214,12.20,4.00
2008.03.12 14:26:36.771,1.02125,1.0214,11.40,4.00
2008.03.12 14:26:37.005,1.0213,1.0214,2.60,4.00
2008.03.12 14:26:37.239,1.0213,1.0215,2.60,4.00
2008.03.12 14:26:37.474,1.02125,1.0215,17.00,6.40
2008.03.12 14:26:37.785,1.02125,1.0214,11.40,4.00
2008.03.12 14:26:38.093,1.02125,1.0214,11.40,4.00
2008.03.12 14:26:38.401,1.0213,1.0214,3.20,4.00
2008.03.12 14:26:38.710,1.0213,1.0214,3.20,4.00
2008.03.12 14:26:38.973,1.0213,1.0214,3.20,4.00
2008.03.12 14:26:39.238,1.0213,1.0214,5.60,4.00
2008.03.12 14:26:39.501,1.0213,1.0215,5.80,6.40
2008.03.12 14:26:39.775,1.0213,1.0215,5.80,6.40
2008.03.12 14:26:40.048,1.0213,1.0215,5.80,6.40
2008.03.12 14:26:40.322,1.0213,1.0214,3.20,4.00
2008.03.12 14:26:40.598,1.0213,1.0214,3.20,4.00
2008.03.12 14:26:40.897,1.0213,1.0214,3.20,4.00
2008.03.12 14:26:41.195,1.0213,1.0214,3.20,4.00
2008.03.12 14:26:41.494,1.0213,1.0214,3.20,4.00
2008.03.12 14:26:41.803,1.0213,1.0214,5.60,4.00
2008.03.12 14:26:42.043,1.0213,1.0214,3.20,4.00
2008.03.12 14:26:42.291,1.0213,1.0214,3.20,4.00
2008.03.12 14:26:42.538,1.0213,1.0214,3.20,4.00
2008.03.12 14:26:42.787,1.0213,1.0214,3.20,4.00
2008.03.12 14:26:43.080,1.0213,1.0214,3.20,4.00
2008.03.12 14:26:43.373,1.0213,1.0214,3.20,4.00
2008.03.12 14:26:43.666,1.0213,1.0214,3.20,4.00
2008.03.12 14:26:43.955,1.02125,1.0214,11.40,4.00
2008.03.12 14:26:44.244,1.02125,1.0214,11.40,4.00
2008.03.12 14:26:44.532,1.02125,1.0214,11.40,4.00
2008.03.12 14:26:44.820,1.02125,1.0214,11.40,4.00
2008.03.12 14:26:45.093,1.02125,1.0214,11.40,4.00
2008.03.12 14:26:45.366,1.02125,1.0214,11.40,4.00
2008.03.12 14:26:45.640,1.02125,1.0214,11.40,4.00
2008.03.12 14:26:45.929,1.02125,1.0214,11.40,4.00
2008.03.12 14:26:46.219,1.02125,1.0214,11.40,4.00
2008.03.12 14:26:46.508,1.02125,1.0214,11.40,4.00
2008.03.12 14:26:46.798,1.02125,1.0215,15.40,9.20
2008.03.12 14:26:47.066,1.02125,1.0215,15.40,9.20
2008.03.12 14:26:47.334,1.02125,1.0215,15.40,9.20
2008.03.12 14:26:47.604,1.02125,1.0215,15.40,9.20
2008.03.12 14:26:47.873,1.02125,1.0215,15.40,9.20
2008.03.12 14:26:48.152,1.02125,1.0215,15.40,9.20
2008.03.12 14:26:48.432,1.02125,1.0215,7.40,9.20
2008.03.12 14:26:48.710,1.02125,1.0215,7.40,9.20
2008.03.12 14:26:49.018,1.02125,1.0215,4.20,9.20
2008.03.12 14:26:49.326,1.02125,1.0215,4.20,9.20
2008.03.12 14:26:49.636,1.02125,1.0215,4.20,9.20
2008.03.12 14:26:49.946,1.02125,1.0215,4.20,9.20
2008.03.12 14:26:50.190,1.02125,1.0215,4.20,9.20
2008.03.12 14:26:50.434,1.02125,1.0215,4.20,9.20
2008.03.12 14:26:50.690,1.02125,1.0215,4.20,9.20
2008.03.12 14:26:50.922,1.02125,1.0215,4.20,9.20
2008.03.12 14:26:51.255,1.02125,1.0215,4.20,9.20
2008.03.12 14:26:51.588,1.02125,1.0215,4.20,9.20
2008.03.12 14:26:51.922,1.02125,1.0215,4.20,9.20
2008.03.12 14:26:52.148,1.02125,1.0215,4.20,9.20
2008.03.12 14:26:52.349,1.02125,1.0215,4.20,9.20
2008.03.12 14:26:52.563,1.02125,1.0215,4.20,9.20
2008.03.12 14:26:52.775,1.02125,1.0215,12.20,9.20
2008.03.12 14:26:53.109,1.02125,1.0215,12.20,9.20
2008.03.12 14:26:53.442,1.02125,1.0215,4.20,9.20
2008.03.12 14:26:53.777,1.02125,1.0215,12.20,9.20
2008.03.12 14:26:54.041,1.02125,1.0215,12.20,9.20
2008.03.12 14:26:54.304,1.02125,1.0215,12.20,9.20
2008.03.12 14:26:54.568,1.02125,1.0215,12.20,9.20
2008.03.12 14:26:54.830,1.02125,1.0215,12.20,9.20
2008.03.12 14:26:55.129,1.02125,1.0215,12.20,9.20
2008.03.12 14:26:55.429,1.02125,1.0215,12.20,9.20
2008.03.12 14:26:55.727,1.02125,1.0215,12.20,9.20
2008.03.12 14:26:56.030,1.02125,1.0215,12.20,9.20
2008.03.12 14:26:56.333,1.02125,1.0215,12.20,9.20
2008.03.12 14:26:56.636,1.02125,1.0215,12.20,9.20
2008.03.12 14:26:56.939,1.02125,1.0215,12.20,9.20
2008.03.12 14:26:57.172,1.02125,1.0215,12.20,9.20
2008.03.12 14:26:57.406,1.02125,1.0215,12.20,9.20
2008.03.12 14:26:57.639,1.02125,1.0215,12.20,9.20
2008.03.12 14:26:57.871,1.02125,1.0215,12.20,9.20
2008.03.12 14:26:58.170,1.02125,1.0215,12.20,9.20
2008.03.12 14:26:58.469,1.02125,1.0215,12.20,9.20
2008.03.12 14:26:58.767,1.02125,1.0215,12.20,9.20
2008.03.12 14:26:59.066,1.02125,1.0215,12.20,9.20
2008.03.12 14:26:59.343,1.02125,1.0215,12.20,9.20
2008.03.12 14:26:59.635,1.02125,1.0215,12.20,9.20
2008.03.12 14:26:59.903,1.02125,1.0215,12.20,9.20
2008.03.12 14:27:00.151,1.02125,1.0215,12.20,9.20
2008.03.12 14:27:00.401,1.02125,1.0215,4.20,10.40
2008.03.12 14:27:00.650,1.02125,1.0214,4.20,0.50
2008.03.12 14:27:00.899,1.02125,1.0214,4.20,0.50
2008.03.12 14:27:01.229,1.02125,1.0214,4.00,2.80
2008.03.12 14:27:01.559,1.02115,1.0214,8.20,9.20
2008.03.12 14:27:01.899,1.02115,1.0214,7.40,9.20
2008.03.12 14:27:02.112,1.02115,1.0214,7.40,9.20
2008.03.12 14:27:02.336,1.02115,1.0214,7.40,9.20
2008.03.12 14:27:02.560,1.02115,1.0214,4.20,9.20
2008.03.12 14:27:02.786,1.02115,1.0214,4.20,9.30
2008.03.12 14:27:03.011,1.02115,1.0214,4.20,9.30
2008.03.12 14:27:03.355,1.02115,1.0214,4.20,9.30
2008.03.12 14:27:03.690,1.02115,1.0214,4.20,9.30
2008.03.12 14:27:04.024,1.0211,1.0213,0.30,4.80
2008.03.12 14:27:04.244,1.0211,1.0213,0.30,4.80
2008.03.12 14:27:04.464,1.02105,1.0213,7.40,4.80
2008.03.12 14:27:04.683,1.02105,1.0213,7.40,8.80
2008.03.12 14:27:04.902,1.02105,1.0213,7.40,9.20
2008.03.12 14:27:05.236,1.02105,1.0213,7.40,8.80
2008.03.12 14:27:05.570,1.02105,1.0213,7.40,9.20
2008.03.12 14:27:05.904,1.02105,1.0213,7.40,9.20
2008.03.12 14:27:06.237,1.02105,1.0213,7.40,9.20
2008.03.12 14:27:06.465,1.02105,1.0213,7.40,9.20
2008.03.12 14:27:06.693,1.02105,1.0213,7.40,9.20
2008.03.12 14:27:06.924,1.02105,1.0213,7.40,9.20
2008.03.12 14:27:07.153,1.02105,1.0213,8.20,9.20
2008.03.12 14:27:07.487,1.0211,1.0213,0.30,9.20
2008.03.12 14:27:07.821,1.02115,1.0213,4.00,9.20
2008.03.12 14:27:08.154,1.02115,1.0213,4.00,9.20
2008.03.12 14:27:08.413,1.02115,1.0213,4.00,9.20
2008.03.12 14:27:08.673,1.02105,1.0213,8.20,9.20
2008.03.12 14:27:08.932,1.02105,1.0213,15.40,8.80
2008.03.12 14:27:09.193,1.02115,1.0213,0.30,6.40
2008.03.12 14:27:09.509,1.02115,1.0214,4.20,10.00
2008.03.12 14:27:09.823,1.02115,1.0214,4.20,9.20
2008.03.12 14:27:10.125,1.02115,1.0214,4.20,9.20
2008.03.12 14:27:10.399,1.02115,1.0214,4.20,9.20
2008.03.12 14:27:10.673,1.02115,1.0214,4.20,9.20
2008.03.12 14:27:10.946,1.02115,1.0214,4.20,9.20
2008.03.12 14:27:11.219,1.02115,1.0214,4.20,9.20
2008.03.12 14:27:11.493,1.02115,1.0214,4.20,9.20
2008.03.12 14:27:11.767,1.02115,1.0213,4.20,2.80
2008.03.12 14:27:12.041,1.02115,1.0213,4.20,2.80
2008.03.12 14:27:12.341,1.02115,1.0213,4.00,2.80
2008.03.12 14:27:12.652,1.02115,1.0213,4.00,6.80
2008.03.12 14:27:12.950,1.02115,1.0213,4.00,6.80
2008.03.12 14:27:13.248,1.02115,1.0213,4.00,6.80
2008.03.12 14:27:13.506,1.02115,1.0213,4.00,6.80
2008.03.12 14:27:13.765,1.02115,1.0213,4.00,6.80
2008.03.12 14:27:14.022,1.02115,1.0213,4.00,6.80
2008.03.12 14:27:14.280,1.02115,1.0213,4.00,6.80
2008.03.12 14:27:14.558,1.02115,1.0213,4.00,6.80
2008.03.12 14:27:14.837,1.02115,1.0213,4.00,6.80
2008.03.12 14:27:15.116,1.02115,1.0213,4.00,6.80
2008.03.12 14:27:15.394,1.02115,1.0213,4.00,6.80
2008.03.12 14:27:15.697,1.02115,1.0213,4.00,6.80
2008.03.12 14:27:16.001,1.02115,1.0213,4.00,6.80
2008.03.12 14:27:16.305,1.02115,1.0213,4.00,6.80
2008.03.12 14:27:16.538,1.02115,1.0213,4.00,6.80
2008.03.12 14:27:16.772,1.02115,1.0213,4.00,6.80
2008.03.12 14:27:17.005,1.02115,1.0213,4.00,6.80
2008.03.12 14:27:17.238,1.02115,1.0213,4.00,6.80
2008.03.12 14:27:17.542,1.02115,1.0213,4.00,6.80
2008.03.12 14:27:17.824,1.02115,1.0213,4.00,6.80
2008.03.12 14:27:18.118,1.02115,1.0213,4.00,6.80
2008.03.12 14:27:18.412,1.02105,1.0213,7.40,6.80
2008.03.12 14:27:18.716,1.02105,1.0213,4.20,7.60
2008.03.12 14:27:19.020,1.02105,1.0213,4.20,6.80
2008.03.12 14:27:19.325,1.02105,1.0213,4.20,6.80
2008.03.12 14:27:19.574,1.02105,1.0213,4.20,6.80
2008.03.12 14:27:19.822,1.02105,1.0213,12.20,6.80
2008.03.12 14:27:20.073,1.0211,1.0213,2.60,6.80
2008.03.12 14:27:20.323,1.0211,1.0213,2.60,6.40
2008.03.12 14:27:20.665,1.02115,1.0213,4.00,6.40
2008.03.12 14:27:20.999,1.02115,1.0213,4.00,6.40
2008.03.12 14:27:21.343,1.02115,1.0213,4.00,6.40
2008.03.12 14:27:21.566,1.02115,1.0213,4.00,6.40
2008.03.12 14:27:21.800,1.02115,1.0213,4.00,6.40
2008.03.12 14:27:22.034,1.02115,1.0213,4.00,6.40
2008.03.12 14:27:22.268,1.02115,1.0213,4.00,6.40
2008.03.12 14:27:22.583,1.02115,1.0213,4.00,6.40
2008.03.12 14:27:22.897,1.02115,1.0213,4.00,6.40
2008.03.12 14:27:23.221,1.02115,1.0213,4.00,6.40
2008.03.12 14:27:23.509,1.02115,1.0213,4.00,6.40
2008.03.12 14:27:23.797,1.02115,1.0213,4.00,6.40
2008.03.12 14:27:24.086,1.02115,1.0213,4.00,6.40
2008.03.12 14:27:24.374,1.02115,1.0213,4.00,6.40
2008.03.12 14:27:24.644,1.02115,1.0213,4.00,6.40
2008.03.12 14:27:24.912,1.02115,1.0213,4.00,6.40
2008.03.12 14:27:25.180,1.02115,1.0213,4.00,6.40
2008.03.12 14:27:25.448,1.02115,1.0213,4.00,6.40
2008.03.12 14:27:25.724,1.02115,1.0213,4.00,6.40
2008.03.12 14:27:26.008,1.02115,1.0213,4.00,6.40
2008.03.12 14:27:26.282,1.02105,1.0213,15.40,6.40
2008.03.12 14:27:26.561,1.02105,1.0213,15.40,6.40
2008.03.12 14:27:26.840,1.02105,1.0213,15.40,6.40
2008.03.12 14:27:27.118,1.02105,1.0213,15.40,6.80
2008.03.12 14:27:27.399,1.02105,1.0213,15.40,6.80
2008.03.12 14:27:27.683,1.02105,1.0213,15.40,6.80
2008.03.12 14:27:27.967,1.02105,1.0213,15.40,6.80
2008.03.12 14:27:28.251,1.02105,1.0213,15.40,6.80
2008.03.12 14:27:28.534,1.02105,1.0213,15.40,6.80
2008.03.12 14:27:28.818,1.02105,1.0213,15.40,6.80
2008.03.12 14:27:29.102,1.02105,1.0213,15.40,6.80
2008.03.12 14:27:29.386,1.02105,1.0213,15.40,6.80
2008.03.12 14:27:29.654,1.02105,1.0213,15.40,6.80
2008.03.12 14:27:29.923,1.02105,1.0213,15.40,6.40
2008.03.12 14:27:30.192,1.0211,1.0213,0.30,6.80
2008.03.12 14:27:30.462,1.02115,1.0213,0.30,6.40
2008.03.12 14:27:30.782,1.02115,1.0214,4.20,7.60
2008.03.12 14:27:31.101,1.02115,1.0214,7.40,7.60
2008.03.12 14:27:31.420,1.02115,1.0214,7.40,6.80
2008.03.12 14:27:31.738,1.02115,1.0214,7.40,6.80
2008.03.12 14:27:31.978,1.02115,1.0214,7.40,6.80
2008.03.12 14:27:32.227,1.02115,1.0214,7.40,6.80
2008.03.12 14:27:32.455,1.02115,1.0214,7.40,6.80
2008.03.12 14:27:32.766,1.02115,1.0214,7.40,6.80
2008.03.12 14:27:33.072,1.02115,1.0214,7.40,6.80
2008.03.12 14:27:33.382,1.02115,1.0214,7.40,6.80
2008.03.12 14:27:33.691,1.02115,1.0214,7.40,6.80
2008.03.12 14:27:33.984,1.02115,1.0214,7.40,6.80
2008.03.12 14:27:34.277,1.02115,1.0214,7.40,6.80
2008.03.12 14:27:34.570,1.02115,1.0214,7.40,6.80
2008.03.12 14:27:34.808,1.02115,1.0214,7.40,6.80
2008.03.12 14:27:35.046,1.02115,1.0214,7.40,6.80
2008.03.12 14:27:35.283,1.02115,1.0214,7.40,6.80
2008.03.12 14:27:35.524,1.02115,1.0214,7.40,6.80
2008.03.12 14:27:35.763,1.02115,1.0214,7.40,6.80
2008.03.12 14:27:36.092,1.02115,1.0214,7.40,6.80
2008.03.12 14:27:36.420,1.02115,1.0214,7.40,6.80
2008.03.12 14:27:36.752,1.02115,1.0214,3.20,6.80
2008.03.12 14:27:36.975,1.02115,1.0214,3.20,8.40
2008.03.12 14:27:37.198,1.02115,1.0214,3.20,8.40
2008.03.12 14:27:37.421,1.02115,1.0214,3.20,6.80
2008.03.12 14:27:37.644,1.02115,1.0214,3.20,6.80
2008.03.12 14:27:37.962,1.02115,1.0214,3.20,6.80
2008.03.12 14:27:38.281,1.02115,1.0214,3.20,6.80
2008.03.12 14:27:38.599,1.02115,1.0214,3.20,6.80
2008.03.12 14:27:38.868,1.02115,1.0214,3.20,6.80
2008.03.12 14:27:39.136,1.02115,1.0214,3.20,6.80
2008.03.12 14:27:39.405,1.02115,1.0214,3.20,6.80
2008.03.12 14:27:39.674,1.02115,1.0214,3.20,6.80
2008.03.12 14:27:39.928,1.0211,1.0214,20.20,6.80
2008.03.12 14:27:40.184,1.02115,1.0214,0.30,7.60
2008.03.12 14:27:40.437,1.02115,1.0214,4.20,10.00
2008.03.12 14:27:40.702,1.02115,1.0214,4.00,10.00
2008.03.12 14:27:41.039,1.02115,1.0214,7.20,11.60
2008.03.12 14:27:41.389,1.02115,1.0213,4.00,6.80
2008.03.12 14:27:41.722,1.02105,1.0213,15.40,6.80
2008.03.12 14:27:41.937,1.0211,1.0213,2.40,6.80
2008.03.12 14:27:42.152,1.02105,1.0213,15.40,6.80
2008.03.12 14:27:42.366,1.02105,1.0213,15.40,6.80
2008.03.12 14:27:42.579,1.02105,1.0213,15.40,6.80
2008.03.12 14:27:42.793,1.02105,1.0213,15.40,6.80
2008.03.12 14:27:43.122,1.02105,1.0213,15.40,6.80
2008.03.12 14:27:43.451,1.0211,1.0213,2.40,6.80
2008.03.12 14:27:43.782,1.02105,1.0213,15.40,6.80
2008.03.12 14:27:44.044,1.02105,1.0213,15.40,6.80
2008.03.12 14:27:44.308,1.02105,1.0213,15.40,6.80
2008.03.12 14:27:44.573,1.0211,1.0213,0.20,6.40
2008.03.12 14:27:44.838,1.02105,1.0213,15.40,6.40
2008.03.12 14:27:45.111,1.02105,1.0213,15.40,8.80
2008.03.12 14:27:45.385,1.02105,1.0213,15.40,6.40
2008.03.12 14:27:45.659,1.0211,1.0213,2.80,6.40
2008.03.12 14:27:45.946,1.0212,1.0213,0.30,4.00
2008.03.12 14:27:46.286,1.0212,1.0214,0.30,7.60
2008.03.12 14:27:46.604,1.02125,1.0214,4.00,6.80
2008.03.12 14:27:46.933,1.02125,1.0214,4.00,6.80
2008.03.12 14:27:47.158,1.02125,1.0214,4.00,6.80
2008.03.12 14:27:47.382,1.02125,1.0214,4.00,4.40
2008.03.12 14:27:47.616,1.02125,1.0214,4.00,4.40
2008.03.12 14:27:47.829,1.02125,1.0214,4.00,4.40
2008.03.12 14:27:48.054,1.02125,1.0214,4.00,4.40
2008.03.12 14:27:48.387,1.02125,1.0214,4.00,4.40
2008.03.12 14:27:48.721,1.02125,1.0214,4.00,4.40
2008.03.12 14:27:49.055,1.02125,1.0214,4.00,4.40
2008.03.12 14:27:49.305,1.02125,1.0214,4.00,4.40
2008.03.12 14:27:49.555,1.02125,1.0214,4.00,6.80
2008.03.12 14:27:49.805,1.02125,1.0214,4.00,6.80
2008.03.12 14:27:50.054,1.02125,1.0214,4.00,6.80
2008.03.12 14:27:50.387,1.02125,1.0214,4.00,4.40
2008.03.12 14:27:50.721,1.02125,1.0214,4.00,6.80
2008.03.12 14:27:51.056,1.02125,1.0214,4.00,6.80
2008.03.12 14:27:51.295,1.02125,1.0214,4.00,6.80
2008.03.12 14:27:51.523,1.02125,1.0214,4.00,6.80
2008.03.12 14:27:51.752,1.02125,1.0214,4.00,9.20
2008.03.12 14:27:51.982,1.02125,1.0214,4.00,9.20
2008.03.12 14:27:52.211,1.02125,1.0214,4.00,9.20
2008.03.12 14:27:52.545,1.02125,1.0214,4.00,9.20
2008.03.12 14:27:52.880,1.02125,1.0214,4.00,9.20
2008.03.12 14:27:53.215,1.02125,1.0214,4.00,6.80
2008.03.12 14:27:53.469,1.02125,1.0214,4.00,6.80
2008.03.12 14:27:53.724,1.02125,1.0214,4.00,6.80
2008.03.12 14:27:53.978,1.02125,1.0214,4.00,6.80
2008.03.12 14:27:54.231,1.02125,1.0214,4.00,6.80
2008.03.12 14:27:54.520,1.02125,1.0214,4.00,6.80
2008.03.12 14:27:54.811,1.02125,1.0214,4.00,6.80
2008.03.12 14:27:55.101,1.02125,1.0214,4.00,6.80
2008.03.12 14:27:55.369,1.02125,1.0214,4.00,6.80
2008.03.12 14:27:55.638,1.02125,1.0214,4.00,6.80
2008.03.12 14:27:55.907,1.02125,1.0214,4.00,6.80
2008.03.12 14:27:56.175,1.02125,1.0214,4.00,6.80
2008.03.12 14:27:56.453,1.02125,1.0214,4.00,6.80
2008.03.12 14:27:56.733,1.02125,1.0214,4.00,6.80
2008.03.12 14:27:57.012,1.02125,1.0214,4.00,6.80
2008.03.12 14:27:57.291,1.02125,1.0214,4.00,6.80
2008.03.12 14:27:57.554,1.02125,1.0214,4.00,6.80
2008.03.12 14:27:57.817,1.02125,1.0214,4.00,6.80
2008.03.12 14:27:58.081,1.02125,1.0214,4.00,6.80
2008.03.12 14:27:58.345,1.02125,1.0214,4.00,6.80
2008.03.12 14:27:58.645,1.02125,1.0214,4.00,6.80
2008.03.12 14:27:58.943,1.02125,1.0214,4.00,6.80
2008.03.12 14:27:59.241,1.02125,1.0214,4.00,6.80
2008.03.12 14:27:59.480,1.02125,1.0214,4.00,6.80
2008.03.12 14:27:59.719,1.02125,1.0214,4.00,6.80
2008.03.12 14:27:59.958,1.02125,1.0214,4.00,6.80
2008.03.12 14:28:00.196,1.02125,1.0214,4.00,6.80
2008.03.12 14:28:00.540,1.02125,1.0214,4.00,6.80
2008.03.12 14:28:00.875,1.02125,1.0214,4.00,6.80
2008.03.12 14:28:01.209,1.02125,1.0214,4.00,6.40
2008.03.12 14:28:01.454,1.02125,1.0214,4.00,6.40
2008.03.12 14:28:01.696,1.02125,1.0214,4.20,6.40
2008.03.12 14:28:01.941,1.02125,1.0214,4.20,6.40
2008.03.12 14:28:02.186,1.02125,1.0214,4.20,6.40
2008.03.12 14:28:02.512,1.02125,1.0214,4.20,6.40
2008.03.12 14:28:02.830,1.02125,1.0214,4.20,6.40
2008.03.12 14:28:03.159,1.02125,1.0214,4.20,6.40
2008.03.12 14:28:03.479,1.02125,1.0214,4.20,4.00
2008.03.12 14:28:03.753,1.02125,1.0215,4.20,9.60
2008.03.12 14:28:04.026,1.0213,1.0215,0.80,8.80
2008.03.12 14:28:04.300,1.02135,1.0215,0.30,4.00
2008.03.12 14:28:04.564,1.02135,1.0216,4.20,9.20
2008.03.12 14:28:04.827,1.02135,1.0216,4.20,9.20
2008.03.12 14:28:05.091,1.02135,1.0216,4.20,9.20
2008.03.12 14:28:05.353,1.02135,1.0216,4.20,9.20
2008.03.12 14:28:05.667,1.02135,1.0216,4.20,9.20
2008.03.12 14:28:05.980,1.02135,1.0216,4.20,9.20
2008.03.12 14:28:06.293,1.02135,1.0216,4.20,9.20
2008.03.12 14:28:06.528,1.02135,1.0216,4.20,9.20
2008.03.12 14:28:06.773,1.02135,1.0216,4.20,9.20
2008.03.12 14:28:07.007,1.02135,1.0216,4.20,9.20
2008.03.12 14:28:07.242,1.02135,1.0216,4.20,8.80
2008.03.12 14:28:07.560,1.02135,1.0216,4.20,8.80
2008.03.12 14:28:07.880,1.02135,1.0216,4.20,8.80
2008.03.12 14:28:08.198,1.02135,1.0216,4.20,8.80
2008.03.12 14:28:08.488,1.02135,1.0216,4.20,8.80
2008.03.12 14:28:08.776,1.02135,1.0216,4.20,8.80
2008.03.12 14:28:09.065,1.02135,1.0216,4.20,8.80
2008.03.12 14:28:09.354,1.02135,1.0216,12.20,8.80
2008.03.12 14:28:09.623,1.02135,1.0216,7.40,8.80
2008.03.12 14:28:09.892,1.02135,1.0216,7.40,8.80
2008.03.12 14:28:10.161,1.02135,1.0216,7.40,8.80
2008.03.12 14:28:10.432,1.02135,1.0216,7.40,8.80
2008.03.12 14:28:10.748,1.02135,1.0216,7.40,8.80
2008.03.12 14:28:11.067,1.02135,1.0216,7.40,8.80
2008.03.12 14:28:11.386,1.02135,1.0216,15.40,8.80
2008.03.12 14:28:11.638,1.02135,1.0216,7.40,8.80
2008.03.12 14:28:11.876,1.02135,1.0216,7.40,8.80
2008.03.12 14:28:12.116,1.02135,1.0216,7.40,8.80
2008.03.12 14:28:12.354,1.02135,1.0216,15.40,8.80
2008.03.12 14:28:12.646,1.0214,1.0216,0.30,8.80
2008.03.12 14:28:12.948,1.02145,1.0216,4.00,8.80
2008.03.12 14:28:13.236,1.02145,1.0216,4.00,8.80
2008.03.12 14:28:13.537,1.02145,1.0216,4.00,8.80
2008.03.12 14:28:13.839,1.02145,1.0216,4.00,8.80
2008.03.12 14:28:14.142,1.02145,1.0216,4.00,8.80
2008.03.12 14:28:14.446,1.02145,1.0216,4.00,8.80
2008.03.12 14:28:14.695,1.02145,1.02155,4.00,0.80
2008.03.12 14:28:14.945,1.02135,1.0215,7.40,4.00
2008.03.12 14:28:15.195,1.02135,1.02155,4.20,0.80
2008.03.12 14:28:15.443,1.02135,1.0216,4.20,9.60
2008.03.12 14:28:15.754,1.02135,1.0216,4.20,8.80
2008.03.12 14:28:16.062,1.02135,1.0216,4.20,8.80
2008.03.12 14:28:16.371,1.02135,1.0216,4.20,8.80
2008.03.12 14:28:16.625,1.02135,1.0216,4.20,8.80
2008.03.12 14:28:16.860,1.02135,1.0216,4.20,9.20
2008.03.12 14:28:17.103,1.02135,1.0216,4.00,10.80
2008.03.12 14:28:17.347,1.02135,1.0215,4.00,4.00
2008.03.12 14:28:17.592,1.02135,1.0215,4.00,4.00
2008.03.12 14:28:17.907,1.02135,1.0215,4.00,4.00
2008.03.12 14:28:18.211,1.02135,1.0215,4.00,4.00
2008.03.12 14:28:18.514,1.02135,1.0215,4.00,4.00
2008.03.12 14:28:18.813,1.02135,1.0215,4.00,4.00
2008.03.12 14:28:19.113,1.02135,1.0215,4.00,4.00
2008.03.12 14:28:19.412,1.02135,1.0215,4.00,4.00
2008.03.12 14:28:19.646,1.02135,1.0215,4.00,4.00
2008.03.12 14:28:19.881,1.02135,1.0215,4.00,4.00
2008.03.12 14:28:20.113,1.02135,1.0215,4.00,4.00
2008.03.12 14:28:20.347,1.02135,1.0215,4.00,6.40
2008.03.12 14:28:20.580,1.02135,1.0215,4.00,6.40
2008.03.12 14:28:20.914,1.02135,1.0215,4.00,6.40
2008.03.12 14:28:21.248,1.02135,1.0215,4.00,6.40
2008.03.12 14:28:21.583,1.02135,1.0215,4.00,6.40
2008.03.12 14:28:21.821,1.02135,1.0215,4.00,6.40
2008.03.12 14:28:22.061,1.02135,1.0215,4.00,6.40
2008.03.12 14:28:22.301,1.02135,1.0215,4.00,6.40
2008.03.12 14:28:22.539,1.02135,1.0215,4.00,6.40
2008.03.12 14:28:22.849,1.02135,1.0215,4.00,6.40
2008.03.12 14:28:23.157,1.02135,1.0215,4.00,6.40
2008.03.12 14:28:23.466,1.02135,1.0215,4.00,6.80
2008.03.12 14:28:23.736,1.02125,1.0215,7.40,9.20
2008.03.12 14:28:24.006,1.02125,1.0215,7.40,9.20
2008.03.12 14:28:24.273,1.02125,1.0215,7.40,9.20
2008.03.12 14:28:24.541,1.02125,1.0215,7.40,9.20
2008.03.12 14:28:24.820,1.02125,1.0215,7.40,9.20
2008.03.12 14:28:25.099,1.02125,1.0215,7.40,9.20
2008.03.12 14:28:25.377,1.02125,1.0215,7.40,9.20
2008.03.12 14:28:25.655,1.02125,1.0215,7.40,6.80
2008.03.12 14:28:25.964,1.02125,1.0215,7.40,6.80
2008.03.12 14:28:26.272,1.02125,1.0215,7.40,6.80
2008.03.12 14:28:26.579,1.02125,1.0215,7.40,6.80
2008.03.12 14:28:26.824,1.02125,1.0215,7.40,6.80
2008.03.12 14:28:28.153,1.02125,1.0215,7.40,6.80
2008.03.12 14:28:28.239,1.02125,1.0215,7.40,6.80
2008.03.12 14:28:28.337,1.02125,1.0215,7.40,6.80
2008.03.12 14:28:28.421,1.02125,1.0215,7.40,6.80
2008.03.12 14:28:28.503,1.02125,1.0215,7.40,6.80
2008.03.12 14:28:28.587,1.02125,1.0215,7.40,6.80
2008.03.12 14:28:28.669,1.02125,1.0215,7.40,6.80
2008.03.12 14:28:28.767,1.02125,1.0215,7.40,6.80
2008.03.12 14:28:28.837,1.02125,1.0215,7.40,6.80
2008.03.12 14:28:28.922,1.02125,1.0215,7.40,6.80
2008.03.12 14:28:29.005,1.02125,1.0215,7.40,6.80
2008.03.12 14:28:29.096,1.02125,1.0215,7.40,6.80
2008.03.12 14:28:29.178,1.02125,1.0215,7.40,6.80
2008.03.12 14:28:29.511,1.02125,1.0215,7.40,6.80
2008.03.12 14:28:29.845,1.02125,1.0215,7.40,6.80
2008.03.12 14:28:30.179,1.02125,1.0215,7.40,6.80
2008.03.12 14:28:30.453,1.02125,1.0215,7.40,6.80
2008.03.12 14:28:30.716,1.02125,1.0215,7.40,6.80
2008.03.12 14:28:30.982,1.02125,1.0215,7.40,6.80
2008.03.12 14:28:31.246,1.02125,1.0215,7.40,6.80
2008.03.12 14:28:31.536,1.02125,1.0215,7.40,6.80
2008.03.12 14:28:31.825,1.02125,1.0215,7.40,6.80
2008.03.12 14:28:32.115,1.02125,1.0214,7.20,8.00
2008.03.12 14:28:32.405,1.02115,1.0213,4.20,4.00
2008.03.12 14:28:32.703,1.02115,1.0214,4.20,6.40
2008.03.12 14:28:33.004,1.0212,1.0214,2.40,6.40
2008.03.12 14:28:33.302,1.02115,1.0214,7.40,6.40
2008.03.12 14:28:33.545,1.02115,1.0214,7.40,6.40
2008.03.12 14:28:33.788,1.02115,1.0214,7.40,6.40
2008.03.12 14:28:34.032,1.02115,1.0214,7.40,6.40
2008.03.12 14:28:34.274,1.02115,1.0214,7.40,6.40
2008.03.12 14:28:34.529,1.02115,1.0214,7.40,6.40
2008.03.12 14:28:34.853,1.0212,1.0214,2.40,6.40
2008.03.12 14:28:35.179,1.02125,1.0214,0.30,4.00
2008.03.12 14:28:35.502,1.02125,1.0215,4.20,6.80
2008.03.12 14:28:35.780,1.02125,1.0215,4.20,6.80
2008.03.12 14:28:36.060,1.02125,1.0215,7.40,6.80
2008.03.12 14:28:36.340,1.02125,1.0215,7.40,6.80
2008.03.12 14:28:36.594,1.02125,1.0215,7.40,6.80
2008.03.12 14:28:36.849,1.02125,1.0215,7.40,6.80
2008.03.12 14:28:37.104,1.02125,1.0215,7.40,6.80
2008.03.12 14:28:37.357,1.02125,1.0215,7.40,6.80
2008.03.12 14:28:37.650,1.02125,1.0215,7.40,6.80
2008.03.12 14:28:37.943,1.02125,1.0215,7.40,6.80
2008.03.12 14:28:38.236,1.02125,1.0215,7.40,6.80
2008.03.12 14:28:38.535,1.02125,1.0215,7.40,6.80
2008.03.12 14:28:38.843,1.02125,1.0215,7.40,6.80
2008.03.12 14:28:39.151,1.02125,1.0215,7.40,6.80
2008.03.12 14:28:39.459,1.02125,1.0215,7.40,6.80
2008.03.12 14:28:39.667,1.02125,1.0215,7.40,6.80
2008.03.12 14:28:39.875,1.02125,1.0215,7.40,6.80
2008.03.12 14:28:40.084,1.02125,1.0215,7.40,6.80
2008.03.12 14:28:40.301,1.02125,1.0215,7.40,6.80
2008.03.12 14:28:40.509,1.02125,1.0215,7.40,6.80
2008.03.12 14:28:40.844,1.02125,1.0215,7.40,6.80
2008.03.12 14:28:41.178,1.02125,1.0215,7.40,6.80
2008.03.12 14:28:41.512,1.02125,1.0215,15.40,6.80
2008.03.12 14:28:41.742,1.02125,1.0215,15.40,6.80
2008.03.12 14:28:41.970,1.02125,1.0215,15.40,6.80
2008.03.12 14:28:42.198,1.02125,1.0215,15.40,6.80
2008.03.12 14:28:42.427,1.02125,1.0215,15.40,6.80
2008.03.12 14:28:42.741,1.02125,1.02145,12.20,0.80
2008.03.12 14:28:43.055,1.02125,1.0215,12.20,8.00
2008.03.12 14:28:43.378,1.02125,1.0215,15.40,6.40
2008.03.12 14:28:43.693,1.02125,1.0215,15.40,6.40
2008.03.12 14:28:43.966,1.02125,1.0215,15.40,6.40
2008.03.12 14:28:44.243,1.02125,1.0215,15.40,6.40
2008.03.12 14:28:44.518,1.02125,1.02145,7.40,0.80
2008.03.12 14:28:44.756,1.02125,1.02145,4.20,0.80
2008.03.12 14:28:44.995,1.02125,1.0215,12.20,6.40
2008.03.12 14:28:45.234,1.02125,1.0215,12.20,6.40
2008.03.12 14:28:45.472,1.02125,1.0215,15.40,6.40
2008.03.12 14:28:45.711,1.02125,1.0215,15.40,6.40
2008.03.12 14:28:46.044,1.02125,1.0215,15.40,6.40
2008.03.12 14:28:46.377,1.02125,1.0215,15.40,6.40
2008.03.12 14:28:46.711,1.02125,1.0215,15.40,6.40
2008.03.12 14:28:46.925,1.02125,1.0215,15.40,6.40
2008.03.12 14:28:47.139,1.02125,1.0215,15.40,6.40
2008.03.12 14:28:47.354,1.02125,1.0215,15.40,6.40
2008.03.12 14:28:47.567,1.02125,1.0215,15.40,6.40
2008.03.12 14:28:47.875,1.02125,1.0215,15.40,6.40
2008.03.12 14:28:48.184,1.02125,1.0215,15.40,6.40
2008.03.12 14:28:48.493,1.02125,1.0215,15.40,6.40
2008.03.12 14:28:48.801,1.02125,1.0215,15.40,6.40
2008.03.12 14:28:49.100,1.02125,1.02145,7.40,0.80
2008.03.12 14:28:49.399,1.02125,1.02145,15.40,0.80
2008.03.12 14:28:49.698,1.02125,1.0215,15.40,7.20
2008.03.12 14:28:49.937,1.02125,1.0215,15.40,6.40
2008.03.12 14:28:50.174,1.02125,1.0215,15.40,6.40
2008.03.12 14:28:50.414,1.02125,1.0215,15.40,6.40
2008.03.12 14:28:50.653,1.02125,1.0215,15.40,6.40
2008.03.12 14:28:50.971,1.02125,1.0215,15.40,6.40
2008.03.12 14:28:51.290,1.02125,1.0215,15.40,6.40
2008.03.12 14:28:51.610,1.02125,1.0215,15.40,6.40
2008.03.12 14:28:51.929,1.02125,1.0215,15.40,6.40
2008.03.12 14:28:52.138,1.02125,1.0215,15.40,6.40
2008.03.12 14:28:52.347,1.02125,1.0215,15.40,6.40
2008.03.12 14:28:52.555,1.02125,1.0215,15.40,6.40
2008.03.12 14:28:52.764,1.0213,1.0215,2.40,6.40
2008.03.12 14:28:53.099,1.02125,1.0215,15.40,6.40
2008.03.12 14:28:53.433,1.02125,1.0215,15.40,6.40
2008.03.12 14:28:53.776,1.02125,1.0215,15.40,6.40
2008.03.12 14:28:54.011,1.02125,1.0215,15.40,6.40
2008.03.12 14:28:54.255,1.02125,1.0215,15.40,6.40
2008.03.12 14:28:54.499,1.0213,1.0215,2.60,6.40
2008.03.12 14:28:54.744,1.02125,1.0215,15.40,6.40
2008.03.12 14:28:55.044,1.02125,1.0215,15.40,6.40
2008.03.12 14:28:55.343,1.02125,1.0215,15.40,6.40
2008.03.12 14:28:55.643,1.0213,1.0215,2.40,6.40
2008.03.12 14:28:55.942,1.02125,1.0215,15.40,6.40
2008.03.12 14:28:56.251,1.0213,1.0215,2.40,6.40
2008.03.12 14:28:56.550,1.02135,1.0216,4.20,7.20
2008.03.12 14:28:56.850,1.02135,1.0216,4.20,6.40
2008.03.12 14:28:57.080,1.0214,1.0216,0.30,6.40
2008.03.12 14:28:57.308,1.0214,1.0216,0.30,6.40
2008.03.12 14:28:57.537,1.02145,1.0216,4.00,6.40
2008.03.12 14:28:57.767,1.02145,1.0216,4.00,6.40
2008.03.12 14:28:58.101,1.02145,1.0216,4.00,6.40
2008.03.12 14:28:58.434,1.02145,1.0216,4.00,6.40
2008.03.12 14:28:58.770,1.02145,1.0216,4.00,6.40
2008.03.12 14:28:59.043,1.02145,1.0216,4.00,6.40
2008.03.12 14:28:59.296,1.02145,1.0216,4.00,6.40
2008.03.12 14:28:59.561,1.02145,1.0217,4.20,7.20
2008.03.12 14:28:59.825,1.02145,1.0217,4.20,6.40
2008.03.12 14:29:00.129,1.02145,1.0217,4.20,6.40
2008.03.12 14:29:00.434,1.02145,1.0217,4.20,6.40
2008.03.12 14:29:00.736,1.02145,1.0217,4.20,6.40
2008.03.12 14:29:01.014,1.02145,1.0217,12.20,6.40
2008.03.12 14:29:01.300,1.02145,1.0217,16.20,6.40
2008.03.12 14:29:01.592,1.02155,1.0217,0.30,4.00
2008.03.12 14:29:01.848,1.02155,1.0216,4.20,1.60
2008.03.12 14:29:02.153,1.0215,1.0216,2.40,0.80
2008.03.12 14:29:02.458,1.02155,1.0217,0.30,6.40
2008.03.12 14:29:02.761,1.02155,1.0218,4.20,7.20
2008.03.12 14:29:03.015,1.02155,1.0218,4.20,6.40
2008.03.12 14:29:03.269,1.02155,1.0218,4.20,6.40
2008.03.12 14:29:03.525,1.02155,1.0218,4.20,6.40
2008.03.12 14:29:03.787,1.02155,1.0218,4.20,6.40
2008.03.12 14:29:04.091,1.02155,1.0218,4.20,6.40
2008.03.12 14:29:04.397,1.02155,1.02175,4.20,0.80
2008.03.12 14:29:04.702,1.02155,1.02175,4.00,0.80
2008.03.12 14:29:05.006,1.02155,1.0217,4.00,4.00
2008.03.12 14:29:05.288,1.02155,1.0217,4.00,4.00
2008.03.12 14:29:05.567,1.02155,1.0218,4.20,7.20
2008.03.12 14:29:05.858,1.02155,1.0218,4.20,6.40
2008.03.12 14:29:06.137,1.02155,1.0218,4.20,6.40
2008.03.12 14:29:06.392,1.02155,1.0218,4.20,6.40
2008.03.12 14:29:06.657,1.02155,1.0218,4.20,6.40
2008.03.12 14:29:06.920,1.02155,1.0218,4.20,6.40
2008.03.12 14:29:07.210,1.02155,1.0218,4.20,6.40
2008.03.12 14:29:07.511,1.02155,1.0218,4.00,7.20
2008.03.12 14:29:07.813,1.02155,1.02175,4.00,0.80
2008.03.12 14:29:08.101,1.02155,1.0217,4.00,4.00
2008.03.12 14:29:08.390,1.02155,1.0217,4.00,4.00
2008.03.12 14:29:08.681,1.02155,1.0217,4.00,4.00
2008.03.12 14:29:08.970,1.02155,1.0217,4.00,4.00
2008.03.12 14:29:09.244,1.02155,1.0217,4.00,4.00
2008.03.12 14:29:09.525,1.02155,1.0217,4.00,4.00
2008.03.12 14:29:09.799,1.02155,1.0217,4.00,4.00
2008.03.12 14:29:10.072,1.02155,1.0217,4.00,4.00
2008.03.12 14:29:10.341,1.02155,1.0217,4.00,4.00
2008.03.12 14:29:10.609,1.02155,1.0217,4.00,4.00
2008.03.12 14:29:10.877,1.02155,1.0217,4.00,4.00
2008.03.12 14:29:11.146,1.02155,1.0217,4.00,4.00
2008.03.12 14:29:11.480,1.02155,1.0217,4.00,4.00
2008.03.12 14:29:11.774,1.02155,1.0217,4.00,4.00
2008.03.12 14:29:12.089,1.02155,1.0217,4.00,4.00
2008.03.12 14:29:12.338,1.02155,1.0217,4.00,4.00
2008.03.12 14:29:12.588,1.02155,1.0217,4.00,4.00
2008.03.12 14:29:12.837,1.02155,1.0217,4.00,4.00
2008.03.12 14:29:13.085,1.02155,1.0217,4.00,4.00
2008.03.12 14:29:13.363,1.02155,1.0217,4.00,4.00
2008.03.12 14:29:13.642,1.02155,1.0217,4.00,4.00
2008.03.12 14:29:13.921,1.02155,1.0217,4.00,4.00
2008.03.12 14:29:14.207,1.02155,1.0217,4.00,4.00
2008.03.12 14:29:14.511,1.02155,1.0217,4.00,4.00
2008.03.12 14:29:14.815,1.02155,1.0217,4.00,4.00
2008.03.12 14:29:15.120,1.02155,1.0218,4.20,7.20
2008.03.12 14:29:15.424,1.02155,1.0218,4.20,6.40
2008.03.12 14:29:15.693,1.02155,1.0218,4.20,6.40
2008.03.12 14:29:15.961,1.02155,1.0218,4.20,6.40
2008.03.12 14:29:16.231,1.02155,1.0218,4.20,6.40
2008.03.12 14:29:16.492,1.02155,1.0218,4.20,6.40
2008.03.12 14:29:16.730,1.02155,1.0218,4.20,6.40
2008.03.12 14:29:16.979,1.02155,1.0218,4.20,6.40
2008.03.12 14:29:17.229,1.02155,1.0218,4.20,6.40
2008.03.12 14:29:17.477,1.02155,1.0218,4.20,6.40
2008.03.12 14:29:17.785,1.02155,1.0218,4.20,6.40
2008.03.12 14:29:18.094,1.02155,1.0218,4.20,6.40
2008.03.12 14:29:18.402,1.02155,1.0218,4.20,6.40
2008.03.12 14:29:18.696,1.02155,1.0218,4.20,6.40
2008.03.12 14:29:18.990,1.02155,1.0218,4.20,6.40
2008.03.12 14:29:19.294,1.02155,1.0218,4.20,6.40
2008.03.12 14:29:19.588,1.02155,1.0218,4.20,6.40
2008.03.12 14:29:19.832,1.02155,1.0218,12.20,6.40
2008.03.12 14:29:20.077,1.02155,1.0218,16.20,6.40
2008.03.12 14:29:20.322,1.0216,1.0218,2.60,4.00
2008.03.12 14:29:20.566,1.02165,1.0218,4.00,4.00
2008.03.12 14:29:20.899,1.02165,1.0218,4.00,4.00
2008.03.12 14:29:21.233,1.02165,1.0218,4.20,4.00
2008.03.12 14:29:21.567,1.02165,1.0219,4.00,9.60
2008.03.12 14:29:21.822,1.02165,1.0219,4.20,7.20
2008.03.12 14:29:22.055,1.02165,1.0219,4.20,7.20
2008.03.12 14:29:22.299,1.02165,1.0219,4.20,7.20
2008.03.12 14:29:22.542,1.02165,1.0219,4.20,7.20
2008.03.12 14:29:22.876,1.02165,1.0219,4.20,7.20
2008.03.12 14:29:23.210,1.02165,1.0219,4.20,7.20
2008.03.12 14:29:23.543,1.02165,1.0219,4.20,7.20
2008.03.12 14:29:23.781,1.02165,1.0219,4.20,7.20
2008.03.12 14:29:24.026,1.02165,1.0219,4.20,7.20
2008.03.12 14:29:24.265,1.02165,1.0219,4.20,7.20
2008.03.12 14:29:24.503,1.02165,1.0219,4.20,7.20
2008.03.12 14:29:24.807,1.02165,1.0219,4.20,7.20
2008.03.12 14:29:25.111,1.02165,1.0219,4.20,7.20
2008.03.12 14:29:25.415,1.02165,1.0219,4.20,7.20
2008.03.12 14:29:25.721,1.02165,1.0219,4.20,6.40
2008.03.12 14:29:26.020,1.02165,1.0219,4.20,6.40
2008.03.12 14:29:26.330,1.02165,1.0219,4.20,6.40
2008.03.12 14:29:26.629,1.02165,1.0219,4.20,6.40
2008.03.12 14:29:26.888,1.02165,1.0219,4.20,6.40
2008.03.12 14:29:27.146,1.02165,1.0219,4.20,6.40
2008.03.12 14:29:27.403,1.02165,1.0219,4.20,6.40
2008.03.12 14:29:27.662,1.02165,1.0219,4.20,6.40
2008.03.12 14:29:27.942,1.02165,1.0219,4.20,6.40
2008.03.12 14:29:28.220,1.02165,1.0219,4.20,6.40
2008.03.12 14:29:28.501,1.02165,1.0219,4.20,6.40
2008.03.12 14:29:28.791,1.02165,1.0219,4.20,6.40
2008.03.12 14:29:29.077,1.02165,1.0219,4.20,6.40
2008.03.12 14:29:29.361,1.02165,1.0219,4.20,6.40
2008.03.12 14:29:29.644,1.02165,1.0219,4.20,6.40
2008.03.12 14:29:29.929,1.02165,1.0219,4.20,6.40
2008.03.12 14:29:30.203,1.02165,1.0219,4.20,6.40
2008.03.12 14:29:30.483,1.02165,1.0219,4.20,6.40
2008.03.12 14:29:30.759,1.02165,1.0219,4.20,6.40
2008.03.12 14:29:31.038,1.02165,1.0219,4.20,6.40
2008.03.12 14:29:31.317,1.02165,1.0219,4.20,6.40
2008.03.12 14:29:31.596,1.02165,1.0219,4.20,6.40
2008.03.12 14:29:31.874,1.02165,1.0219,4.20,6.40
2008.03.12 14:29:32.182,1.02165,1.0219,12.20,6.40
2008.03.12 14:29:32.491,1.02165,1.0219,16.20,6.40
2008.03.12 14:29:32.798,1.02165,1.0219,16.20,6.40
2008.03.12 14:29:33.041,1.02165,1.0219,16.20,6.40
2008.03.12 14:29:33.285,1.02165,1.0219,16.20,6.40
2008.03.12 14:29:33.528,1.02165,1.0219,16.20,6.40
2008.03.12 14:29:33.771,1.02165,1.0219,16.20,6.40
2008.03.12 14:29:34.014,1.02165,1.0219,16.20,6.40
2008.03.12 14:29:34.348,1.02165,1.0219,16.20,6.40
2008.03.12 14:29:34.682,1.02165,1.0219,16.20,6.40
2008.03.12 14:29:35.028,1.02165,1.0219,7.40,6.40
2008.03.12 14:29:35.252,1.02165,1.0219,7.40,6.40
2008.03.12 14:29:35.474,1.02165,1.0219,4.20,6.40
2008.03.12 14:29:35.698,1.02165,1.0219,4.20,6.40
2008.03.12 14:29:35.921,1.02165,1.0219,4.20,6.40
2008.03.12 14:29:36.255,1.02165,1.0219,4.20,6.40
2008.03.12 14:29:36.590,1.02165,1.0219,4.00,8.80
2008.03.12 14:29:36.924,1.02165,1.0218,4.00,4.00
2008.03.12 14:29:37.152,1.02165,1.0218,4.00,4.00
2008.03.12 14:29:37.382,1.02165,1.0218,4.00,4.00
2008.03.12 14:29:37.627,1.02165,1.0218,4.00,6.40
2008.03.12 14:29:37.857,1.02165,1.0218,4.00,6.40
2008.03.12 14:29:39.496,1.0216,1.0218,0.30,6.40
2008.03.12 14:29:39.719,1.02155,1.0217,4.00,8.80
2008.03.12 14:29:39.849,1.02155,1.0217,4.00,8.80
2008.03.12 14:29:39.979,1.02145,1.0217,11.40,8.80
2008.03.12 14:29:40.116,1.02145,1.0217,10.60,8.80
2008.03.12 14:29:40.244,1.02145,1.0217,10.60,8.80
2008.03.12 14:29:40.373,1.02145,1.0217,6.60,8.80
2008.03.12 14:29:40.502,1.02145,1.0217,5.80,8.80
2008.03.12 14:29:40.836,1.02145,1.0217,5.80,8.80
2008.03.12 14:29:41.171,1.02145,1.0217,5.80,9.60
2008.03.12 14:29:41.506,1.02145,1.0217,5.80,8.80
2008.03.12 14:29:41.750,1.02145,1.0217,5.80,8.80
2008.03.12 14:29:41.971,1.0215,1.0217,0.30,8.80
2008.03.12 14:29:42.207,1.0215,1.0217,0.80,8.80
2008.03.12 14:29:42.440,1.0215,1.0217,1.60,8.80
2008.03.12 14:29:42.675,1.0215,1.0217,0.80,8.80
2008.03.12 14:29:43.008,1.02145,1.0217,9.00,8.80
2008.03.12 14:29:43.342,1.02145,1.0217,9.80,8.80
2008.03.12 14:29:43.675,1.02145,1.0217,9.80,8.80
2008.03.12 14:29:43.944,1.02145,1.0217,9.80,8.80
2008.03.12 14:29:44.213,1.02145,1.0217,9.00,8.80
2008.03.12 14:29:44.483,1.02145,1.0217,9.00,8.80
2008.03.12 14:29:44.752,1.02145,1.0217,9.00,8.80
2008.03.12 14:29:45.016,1.02145,1.0217,9.00,8.80
2008.03.12 14:29:45.280,1.02145,1.0217,9.00,8.80
2008.03.12 14:29:45.548,1.02145,1.0217,9.00,8.80
2008.03.12 14:29:45.813,1.02145,1.0217,9.00,8.80
2008.03.12 14:29:46.110,1.02145,1.0217,9.00,8.80
2008.03.12 14:29:46.409,1.02145,1.0217,9.00,8.80
2008.03.12 14:29:46.707,1.02145,1.0217,17.80,8.80
2008.03.12 14:29:46.967,1.0215,1.0217,0.80,8.80
2008.03.12 14:29:47.226,1.0215,1.0217,0.80,8.80
2008.03.12 14:29:47.486,1.02145,1.0217,9.80,8.80
2008.03.12 14:29:47.744,1.02145,1.0217,9.80,8.80
2008.03.12 14:29:48.013,1.02145,1.0217,9.80,8.80
2008.03.12 14:29:48.283,1.02145,1.0217,9.80,8.80
2008.03.12 14:29:48.552,1.02145,1.0217,9.80,8.80
2008.03.12 14:29:48.821,1.02145,1.0217,9.80,8.80
2008.03.12 14:29:49.094,1.02145,1.0217,9.80,4.80
2008.03.12 14:29:49.369,1.02145,1.0217,9.80,4.80
2008.03.12 14:29:49.643,1.02145,1.0217,9.80,4.80
2008.03.12 14:29:49.916,1.02145,1.0217,9.80,4.80
2008.03.12 14:29:50.205,1.02145,1.0217,9.80,4.80
2008.03.12 14:29:50.494,1.0215,1.0217,0.80,4.80
2008.03.12 14:29:50.784,1.02155,1.0217,4.00,2.40
2008.03.12 14:29:51.092,1.02155,1.0217,4.00,2.40
2008.03.12 14:29:51.402,1.02155,1.0217,4.00,4.80
2008.03.12 14:29:51.711,1.02155,1.0217,4.00,2.40
2008.03.12 14:29:52.020,1.02155,1.0218,4.00,10.40
2008.03.12 14:29:52.275,1.02155,1.0217,4.00,4.00
2008.03.12 14:29:52.530,1.02155,1.0218,4.20,7.20
2008.03.12 14:29:52.783,1.02155,1.0218,4.20,7.20
2008.03.12 14:29:53.092,1.02155,1.0218,4.20,7.20
2008.03.12 14:29:53.402,1.02155,1.0218,4.20,7.20
2008.03.12 14:29:53.710,1.02155,1.0218,4.20,7.20
2008.03.12 14:29:54.020,1.02155,1.0218,4.20,7.20
2008.03.12 14:29:54.277,1.02155,1.0218,4.20,7.20
2008.03.12 14:29:54.520,1.02155,1.0218,4.20,7.20
2008.03.12 14:29:54.767,1.02155,1.0218,4.20,8.00
2008.03.12 14:29:55.066,1.02155,1.0217,4.00,2.40
2008.03.12 14:29:55.366,1.02155,1.0217,4.00,2.40
2008.03.12 14:29:55.665,1.02155,1.0217,4.00,2.40
2008.03.12 14:29:55.964,1.02155,1.0217,4.00,2.40
2008.03.12 14:29:56.267,1.02155,1.0217,4.00,2.40
2008.03.12 14:29:56.571,1.02155,1.0217,4.00,2.40
2008.03.12 14:29:56.875,1.02155,1.0217,4.00,2.40
2008.03.12 14:29:57.109,1.02155,1.0217,4.00,2.40
2008.03.12 14:29:57.344,1.02155,1.0217,4.00,2.40
2008.03.12 14:29:57.578,1.02155,1.0217,4.00,2.40
2008.03.12 14:29:57.822,1.02155,1.0217,4.00,2.40
2008.03.12 14:29:58.110,1.02155,1.0217,4.00,2.40
2008.03.12 14:29:58.399,1.02155,1.0217,4.00,2.40
2008.03.12 14:29:58.687,1.02155,1.0217,4.00,2.40
2008.03.12 14:29:58.976,1.02155,1.0217,4.00,2.40
2008.03.12 14:29:59.244,1.02155,1.0217,4.00,2.40
2008.03.12 14:29:59.512,1.02155,1.0217,4.00,2.40
2008.03.12 14:29:59.781,1.02155,1.0217,4.00,2.40
2008.03.12 14:30:00.050,1.02155,1.0217,4.00,2.40
2008.03.12 14:30:00.343,1.02155,1.0217,4.00,2.40
2008.03.12 14:30:00.636,1.02155,1.0217,4.00,2.40
2008.03.12 14:30:00.932,1.02155,1.0217,4.00,2.40
2008.03.12 14:30:01.215,1.02155,1.0217,4.00,2.40
2008.03.12 14:30:01.479,1.02155,1.0217,4.00,2.40
2008.03.12 14:30:01.752,1.02155,1.0217,4.00,2.40
2008.03.12 14:30:02.027,1.02155,1.0217,4.00,2.40
2008.03.12 14:30:02.301,1.02155,1.0217,4.00,2.40
2008.03.12 14:30:02.583,1.02155,1.0217,4.00,2.40
2008.03.12 14:30:02.857,1.02155,1.0217,4.00,2.40
2008.03.12 14:30:03.131,1.02155,1.0217,4.00,2.40
2008.03.12 14:30:03.396,1.02155,1.0217,4.00,2.40
2008.03.12 14:30:03.659,1.02155,1.0217,4.00,2.40
2008.03.12 14:30:03.923,1.02155,1.0217,4.00,2.40
2008.03.12 14:30:04.202,1.02155,1.0217,4.00,2.40
2008.03.12 14:30:04.481,1.02155,1.0217,4.00,2.40
2008.03.12 14:30:04.759,1.02155,1.0217,4.00,2.40
2008.03.12 14:30:05.038,1.02155,1.0217,4.00,2.40
2008.03.12 14:30:05.316,1.02155,1.0217,4.00,2.40
2008.03.12 14:30:05.593,1.02155,1.0217,4.00,2.40
2008.03.12 14:30:05.872,1.02155,1.0217,4.00,2.40
2008.03.12 14:30:06.150,1.02155,1.0217,4.00,2.40
2008.03.12 14:30:06.444,1.02155,1.0217,4.00,2.40
2008.03.12 14:30:06.740,1.02155,1.0218,4.00,11.20
2008.03.12 14:30:07.034,1.02155,1.0218,4.00,11.20
2008.03.12 14:30:07.279,1.02155,1.0218,4.00,8.80
2008.03.12 14:30:07.530,1.02155,1.0217,4.00,4.80
2008.03.12 14:30:07.788,1.02155,1.0217,4.00,4.80
2008.03.12 14:30:08.044,1.02155,1.0217,4.00,4.80
2008.03.12 14:30:08.365,1.02155,1.0217,4.00,4.80
2008.03.12 14:30:08.700,1.0215,1.0217,4.20,2.40
2008.03.12 14:30:09.035,1.02155,1.0217,4.00,2.40
2008.03.12 14:30:09.275,1.02155,1.0217,4.20,2.40
2008.03.12 14:30:09.513,1.02155,1.0218,4.20,5.60
2008.03.12 14:30:09.763,1.02155,1.0218,4.20,5.60
2008.03.12 14:30:10.004,1.02155,1.0217,4.00,2.40
2008.03.12 14:30:10.309,1.02155,1.0217,4.00,2.40
2008.03.12 14:30:10.612,1.02155,1.0217,4.00,2.40
2008.03.12 14:30:10.917,1.02155,1.0217,4.20,2.40
2008.03.12 14:30:11.223,1.02155,1.0218,4.20,5.60
2008.03.12 14:30:11.517,1.02155,1.0218,4.20,5.60
2008.03.12 14:30:11.813,1.02155,1.0218,4.20,6.40
2008.03.12 14:30:12.107,1.02155,1.0218,4.00,10.40
2008.03.12 14:30:12.363,1.02155,1.0218,4.00,12.00
2008.03.12 14:30:12.617,1.02155,1.0218,4.00,12.00
2008.03.12 14:30:12.871,1.02155,1.0218,4.00,11.20
2008.03.12 14:30:13.124,1.02155,1.0218,4.00,11.20
2008.03.12 14:30:13.423,1.02155,1.0218,4.00,11.20
2008.03.12 14:30:13.711,1.02155,1.0218,4.00,11.20
2008.03.12 14:30:14.000,1.02155,1.0218,4.00,11.20
2008.03.12 14:30:14.254,1.02155,1.0218,4.00,11.20
2008.03.12 14:30:14.508,1.02155,1.0218,4.00,12.00
2008.03.12 14:30:14.763,1.02155,1.0217,4.00,2.40
2008.03.12 14:30:15.016,1.02155,1.0217,4.00,2.40
2008.03.12 14:30:15.286,1.02155,1.0217,4.00,4.80
2008.03.12 14:30:15.554,1.02155,1.0217,4.00,4.80
2008.03.12 14:30:15.823,1.02155,1.0217,4.00,4.80
2008.03.12 14:30:16.097,1.02155,1.0217,4.00,4.80
2008.03.12 14:30:16.400,1.02155,1.0217,4.00,4.80
2008.03.12 14:30:16.704,1.02155,1.0217,4.00,4.80
2008.03.12 14:30:17.009,1.02155,1.0217,4.00,4.80
2008.03.12 14:30:17.313,1.02155,1.0217,4.00,4.80
2008.03.12 14:30:17.577,1.02155,1.0217,4.00,2.40
2008.03.12 14:30:17.841,1.02155,1.0217,4.00,2.40
2008.03.12 14:30:18.105,1.02155,1.0217,4.00,2.40
2008.03.12 14:30:18.374,1.0216,1.0218,1.00,9.60
2008.03.12 14:30:18.643,1.02165,1.0218,4.00,5.60
2008.03.12 14:30:18.912,1.02165,1.0218,4.00,5.60
2008.03.12 14:30:19.182,1.02165,1.0218,4.00,5.60
2008.03.12 14:30:19.487,1.02165,1.0218,4.00,5.60
2008.03.12 14:30:19.781,1.02165,1.0218,4.00,5.60
2008.03.12 14:30:20.076,1.02165,1.0218,4.00,5.60
2008.03.12 14:30:20.371,1.02165,1.0218,4.00,5.60
2008.03.12 14:30:20.651,1.02165,1.0218,4.00,3.20
2008.03.12 14:30:20.931,1.02165,1.0218,4.00,0.80
2008.03.12 14:30:21.210,1.0217,1.0219,0.30,12.00
2008.03.12 14:30:21.494,1.0217,1.0219,0.80,4.80
2008.03.12 14:30:21.778,1.0217,1.0219,1.60,4.80
2008.03.12 14:30:22.061,1.0217,1.0219,1.60,4.80
2008.03.12 14:30:22.346,1.02175,1.022,4.00,7.70
2008.03.12 14:30:22.649,1.02175,1.0219,4.00,2.40
2008.03.12 14:30:22.951,1.02175,1.022,4.20,2.40
2008.03.12 14:30:23.241,1.02185,1.022,0.30,2.40
2008.03.12 14:30:23.526,1.02185,1.022,4.20,2.40
2008.03.12 14:30:23.800,1.02185,1.0221,4.20,8.70
2008.03.12 14:30:24.076,1.02195,1.0221,4.00,8.60
2008.03.12 14:30:24.350,1.02195,1.0221,4.00,7.00
2008.03.12 14:30:24.629,1.02195,1.0221,4.00,7.00
2008.03.12 14:30:24.907,1.02195,1.0221,4.00,7.00
2008.03.12 14:30:25.187,1.02195,1.0221,4.00,7.00
2008.03.12 14:30:25.466,1.0219,1.0221,1.60,11.70
2008.03.12 14:30:25.792,1.0219,1.022,0.80,2.40
2008.03.12 14:30:26.116,1.0219,1.022,0.80,6.40
2008.03.12 14:30:26.441,1.0219,1.0221,0.80,13.30
2008.03.12 14:30:26.683,1.0219,1.022,0.80,2.40
2008.03.12 14:30:26.912,1.0219,1.022,0.80,2.40
2008.03.12 14:30:27.142,1.0219,1.022,0.80,6.40
2008.03.12 14:30:27.370,1.0219,1.022,0.80,6.40
2008.03.12 14:30:27.703,1.0219,1.022,0.80,6.40
2008.03.12 14:30:28.040,1.0219,1.022,0.80,6.40
2008.03.12 14:30:28.373,1.0219,1.022,0.80,6.40
2008.03.12 14:30:28.609,1.0219,1.022,0.80,6.40
2008.03.12 14:30:28.838,1.0219,1.022,0.80,6.40
2008.03.12 14:30:29.068,1.0219,1.022,0.80,6.40
2008.03.12 14:30:29.296,1.0219,1.022,0.80,6.40
2008.03.12 14:30:29.526,1.0219,1.022,0.80,8.80
2008.03.12 14:30:29.859,1.0218,1.022,3.60,8.80
2008.03.12 14:30:30.193,1.0218,1.022,3.60,8.80
2008.03.12 14:30:30.527,1.0218,1.022,6.20,6.40
2008.03.12 14:30:30.787,1.02185,1.022,4.00,6.40
2008.03.12 14:30:31.046,1.02195,1.0221,4.00,11.10
2008.03.12 14:30:31.304,1.02195,1.0221,4.00,11.00
2008.03.12 14:30:31.564,1.02195,1.0221,4.00,11.00
2008.03.12 14:30:31.875,1.022,1.0221,1.00,6.40
2008.03.12 14:30:32.197,1.022,1.0222,1.60,10.70
2008.03.12 14:30:32.518,1.022,1.0222,1.60,10.00
2008.03.12 14:30:32.804,1.022,1.0221,0.80,2.40
2008.03.12 14:30:33.061,1.02195,1.0221,0.30,2.40
2008.03.12 14:30:33.329,1.02195,1.0221,0.30,2.40
2008.03.12 14:30:33.600,1.02195,1.0221,0.30,2.40
2008.03.12 14:30:33.869,1.02195,1.0221,0.30,2.40
2008.03.12 14:30:34.138,1.02195,1.0221,0.30,2.40
2008.03.12 14:30:34.406,1.0219,1.0221,4.20,2.40
2008.03.12 14:30:34.676,1.02195,1.0221,0.30,4.00
2008.03.12 14:30:34.967,1.02195,1.0221,0.30,8.00
2008.03.12 14:30:35.268,1.02195,1.0222,4.20,23.40
2008.03.12 14:30:35.557,1.02195,1.0222,4.20,14.40
2008.03.12 14:30:35.848,1.02195,1.0222,4.20,8.80
2008.03.12 14:30:36.172,1.02195,1.0222,4.20,8.80
2008.03.12 14:30:36.496,1.02195,1.0222,4.20,8.80
2008.03.12 14:30:36.820,1.02195,1.0222,4.20,8.80
2008.03.12 14:30:37.043,1.02195,1.0222,4.20,8.80
2008.03.12 14:30:37.267,1.02195,1.0222,4.20,8.80
2008.03.12 14:30:37.491,1.02195,1.0222,4.20,8.80
2008.03.12 14:30:37.716,1.02195,1.0222,4.20,8.80
2008.03.12 14:30:38.049,1.022,1.0222,1.00,8.80
2008.03.12 14:30:38.383,1.02205,1.0222,4.00,8.80
2008.03.12 14:30:38.717,1.02205,1.0222,4.00,8.80
2008.03.12 14:30:38.958,1.02205,1.0222,4.00,6.40
2008.03.12 14:30:39.199,1.02205,1.0222,4.00,6.40
2008.03.12 14:30:39.438,1.02205,1.0222,4.00,6.40
2008.03.12 14:30:39.678,1.02205,1.0222,4.00,6.40
2008.03.12 14:30:39.916,1.02205,1.0222,4.00,6.40
2008.03.12 14:30:40.237,1.02205,1.0222,4.00,6.40
2008.03.12 14:30:40.556,1.02205,1.0222,4.00,4.00
2008.03.12 14:30:40.875,1.02205,1.0223,4.20,6.40
2008.03.12 14:30:41.152,1.0221,1.0223,0.80,6.40
2008.03.12 14:30:41.427,1.02215,1.0223,0.30,6.40
2008.03.12 14:30:41.702,1.0222,1.0224,0.80,9.10
2008.03.12 14:30:41.976,1.02225,1.0224,4.00,7.20
2008.03.12 14:30:42.281,1.02225,1.0224,4.00,7.20
2008.03.12 14:30:42.584,1.02225,1.0224,4.00,7.20
2008.03.12 14:30:42.889,1.02225,1.0224,4.00,6.40
2008.03.12 14:30:43.139,1.02225,1.0224,4.20,2.40
2008.03.12 14:30:43.387,1.02225,1.0225,4.20,7.50
2008.03.12 14:30:43.634,1.02225,1.0225,4.20,9.90
2008.03.12 14:30:43.886,1.02225,1.0225,4.20,9.90
2008.03.12 14:30:44.213,1.02225,1.0225,4.20,9.90
2008.03.12 14:30:44.543,1.02225,1.0225,4.20,7.50
2008.03.12 14:30:44.878,1.02225,1.0225,4.20,7.50
2008.03.12 14:30:45.147,1.02225,1.0225,4.20,7.50
2008.03.12 14:30:45.417,1.02225,1.0225,4.20,6.40
2008.03.12 14:30:45.687,1.02225,1.0225,4.20,6.40
2008.03.12 14:30:45.956,1.02225,1.0225,4.20,6.50
2008.03.12 14:30:46.270,1.02225,1.0225,4.20,8.20
2008.03.12 14:30:46.583,1.02225,1.0225,4.20,8.00
2008.03.12 14:30:46.898,1.02225,1.0225,4.20,6.90
2008.03.12 14:30:47.143,1.02225,1.0225,4.20,6.90
2008.03.12 14:30:47.400,1.02225,1.0225,4.20,8.00
2008.03.12 14:30:47.655,1.02225,1.0225,4.20,5.60
2008.03.12 14:30:47.890,1.02225,1.0225,4.20,5.60
2008.03.12 14:30:48.219,1.02225,1.0225,4.20,5.70
2008.03.12 14:30:48.549,1.02225,1.0225,4.20,5.70
2008.03.12 14:30:48.880,1.02225,1.0225,4.20,5.70
2008.03.12 14:30:49.123,1.02225,1.0225,4.20,5.80
2008.03.12 14:30:49.367,1.02225,1.0225,4.20,5.80
2008.03.12 14:30:49.610,1.02225,1.0225,4.20,5.80
2008.03.12 14:30:49.855,1.02225,1.0225,4.20,5.00
2008.03.12 14:30:50.097,1.02225,1.0225,4.20,5.00
2008.03.12 14:30:50.430,1.02225,1.0225,4.20,5.00
2008.03.12 14:30:50.763,1.02225,1.0225,13.80,4.70
2008.03.12 14:30:51.098,1.0223,1.0225,0.30,4.00
2008.03.12 14:30:51.359,1.0223,1.0225,0.30,4.00
2008.03.12 14:30:51.619,1.02235,1.0225,4.00,6.40
2008.03.12 14:30:51.880,1.02235,1.0225,4.20,4.00
2008.03.12 14:30:52.139,1.02235,1.0226,0.30,5.10
2008.03.12 14:30:52.440,1.02235,1.0226,0.30,5.10
2008.03.12 14:30:52.738,1.02235,1.0225,4.20,6.40
2008.03.12 14:30:53.037,1.02235,1.0225,0.30,2.40
2008.03.12 14:30:53.316,1.0223,1.0226,4.20,6.70
2008.03.12 14:30:53.596,1.02235,1.0225,4.20,2.40
2008.03.12 14:30:53.874,1.02235,1.0226,4.20,10.70
2008.03.12 14:30:54.154,1.02235,1.0226,4.20,10.70
2008.03.12 14:30:54.444,1.02235,1.0226,4.00,10.70
2008.03.12 14:30:54.735,1.0223,1.0225,0.30,0.50
2008.03.12 14:30:55.024,1.0223,1.0225,0.30,3.30
2008.03.12 14:30:55.308,1.02225,1.0225,12.20,3.40
2008.03.12 14:30:55.603,1.0223,1.0225,0.30,7.40
2008.03.12 14:30:55.897,1.02235,1.0225,4.00,7.40
2008.03.12 14:30:56.191,1.02235,1.0225,4.00,7.40
2008.03.12 14:30:56.470,1.02235,1.0225,4.00,7.40
2008.03.12 14:30:56.748,1.02235,1.0225,4.00,7.40
2008.03.12 14:30:57.027,1.02235,1.0225,4.00,8.20
2008.03.12 14:30:57.336,1.02225,1.0224,4.20,2.40
2008.03.12 14:30:57.645,1.02225,1.0225,4.20,10.60
2008.03.12 14:30:57.955,1.02225,1.0225,12.20,8.20
2008.03.12 14:30:58.266,1.02225,1.0225,0.30,8.20
2008.03.12 14:30:58.515,1.02225,1.0225,0.30,7.40
2008.03.12 14:30:58.764,1.02225,1.0225,0.30,12.20
2008.03.12 14:30:59.012,1.02225,1.0225,0.30,8.20
2008.03.12 14:30:59.261,1.02225,1.0225,0.30,9.00
2008.03.12 14:30:59.566,1.02225,1.0225,4.20,7.40
2008.03.12 14:30:59.869,1.02225,1.0225,4.20,7.40
2008.03.12 14:31:00.185,1.02225,1.0225,4.20,7.40
2008.03.12 14:31:00.437,1.02225,1.0225,4.20,7.40
2008.03.12 14:31:00.700,1.02225,1.0225,4.20,7.40
2008.03.12 14:31:00.964,1.02225,1.0225,4.20,7.40
2008.03.12 14:31:01.227,1.02225,1.0225,4.20,8.20
2008.03.12 14:31:01.515,1.02225,1.0225,4.20,8.20
2008.03.12 14:31:01.814,1.02225,1.0225,4.20,10.60
2008.03.12 14:31:02.104,1.02225,1.0225,4.20,10.60
2008.03.12 14:31:02.394,1.02225,1.0225,4.20,10.60
2008.03.12 14:31:02.682,1.02225,1.0225,4.20,10.60
2008.03.12 14:31:02.971,1.02225,1.0224,4.20,0.50
2008.03.12 14:31:03.261,1.02225,1.0224,4.20,1.00
2008.03.12 14:31:03.505,1.02225,1.0224,4.20,3.40
2008.03.12 14:31:03.751,1.02225,1.0224,4.00,6.60
2008.03.12 14:31:03.995,1.02225,1.0224,4.00,6.60
2008.03.12 14:31:04.250,1.02225,1.0223,4.00,1.00
2008.03.12 14:31:04.596,1.02225,1.0223,4.00,3.40
2008.03.12 14:31:04.918,1.02225,1.0223,4.00,5.80
2008.03.12 14:31:05.252,1.02215,1.0223,4.00,5.80
2008.03.12 14:31:05.496,1.02205,1.0222,4.20,2.40
2008.03.12 14:31:05.740,1.02205,1.0223,4.00,6.60
2008.03.12 14:31:05.985,1.02205,1.0222,4.20,4.00
2008.03.12 14:31:06.229,1.02205,1.0223,4.20,9.80
2008.03.12 14:31:06.562,1.02205,1.0223,7.40,7.40
2008.03.12 14:31:06.897,1.02205,1.0223,7.40,7.00
2008.03.12 14:31:07.231,1.0221,1.0223,0.30,1.00
2008.03.12 14:31:07.469,1.0221,1.0223,0.30,1.00
2008.03.12 14:31:07.709,1.0221,1.0223,0.30,0.40
2008.03.12 14:31:07.948,1.0221,1.0223,0.30,3.30
2008.03.12 14:31:08.187,1.02205,1.0223,7.40,7.30
2008.03.12 14:31:08.523,1.0221,1.0223,0.30,7.30
2008.03.12 14:31:08.856,1.02215,1.0223,4.00,8.20
2008.03.12 14:31:09.192,1.02205,1.0223,15.40,7.40
2008.03.12 14:31:09.432,1.02205,1.0223,7.40,8.20
2008.03.12 14:31:09.671,1.02205,1.0223,7.40,9.80
2008.03.12 14:31:09.909,1.02205,1.0223,7.40,9.80
2008.03.12 14:31:10.150,1.02205,1.0223,4.00,10.60
2008.03.12 14:31:10.389,1.02205,1.0223,4.00,11.40
2008.03.12 14:31:10.699,1.02205,1.0222,4.00,4.00
2008.03.12 14:31:11.008,1.02205,1.0222,4.00,4.00
2008.03.12 14:31:11.317,1.02205,1.0222,4.00,4.00
2008.03.12 14:31:11.621,1.02205,1.0222,4.00,4.00
2008.03.12 14:31:11.925,1.02205,1.0222,4.00,4.00
2008.03.12 14:31:12.230,1.02205,1.0222,4.00,4.00
2008.03.12 14:31:12.500,1.02205,1.0222,4.00,4.00
2008.03.12 14:31:12.768,1.02205,1.0222,4.00,4.00
2008.03.12 14:31:13.038,1.02205,1.0222,4.00,4.00
2008.03.12 14:31:13.308,1.02205,1.0222,4.00,6.40
2008.03.12 14:31:13.577,1.02205,1.0222,4.00,4.00
2008.03.12 14:31:13.846,1.02205,1.0222,4.00,4.00
2008.03.12 14:31:14.115,1.02205,1.0222,4.00,4.00
2008.03.12 14:31:14.385,1.02205,1.0222,4.00,4.00
2008.03.12 14:31:14.678,1.02205,1.0222,4.00,4.00
2008.03.12 14:31:14.985,1.02205,1.0222,4.00,4.00
2008.03.12 14:31:15.280,1.02205,1.0222,4.00,4.00
2008.03.12 14:31:15.564,1.02205,1.0222,4.00,4.00
2008.03.12 14:31:15.848,1.02205,1.0222,4.00,4.00
2008.03.12 14:31:16.132,1.02205,1.0222,4.00,4.00
2008.03.12 14:31:16.416,1.02205,1.0222,4.00,4.00
2008.03.12 14:31:16.702,1.02205,1.0222,4.20,4.00
2008.03.12 14:31:16.985,1.02205,1.0222,4.20,2.40
2008.03.12 14:31:17.271,1.02205,1.0222,4.00,2.40
2008.03.12 14:31:17.566,1.02205,1.0222,4.00,6.40
2008.03.12 14:31:17.879,1.02205,1.0222,4.00,6.40
2008.03.12 14:31:18.193,1.02205,1.0222,4.00,4.00
2008.03.12 14:31:18.507,1.02205,1.0222,4.00,4.00
2008.03.12 14:31:18.737,1.02205,1.0222,4.00,4.00
2008.03.12 14:31:18.966,1.02205,1.0222,4.00,4.00
2008.03.12 14:31:19.206,1.02205,1.0222,4.00,4.00
2008.03.12 14:31:19.436,1.02205,1.0222,4.00,4.00
2008.03.12 14:31:19.772,1.02205,1.0222,4.00,4.00
2008.03.12 14:31:20.107,1.02205,1.0222,4.00,4.00
2008.03.12 14:31:20.441,1.02205,1.0222,4.00,4.00
2008.03.12 14:31:20.709,1.02205,1.0222,4.20,4.00
2008.03.12 14:31:20.978,1.02205,1.0223,4.20,9.80
2008.03.12 14:31:21.225,1.02205,1.0223,4.20,9.80
2008.03.12 14:31:21.484,1.02205,1.0223,4.20,9.80
2008.03.12 14:31:21.780,1.02205,1.0223,4.20,9.80
2008.03.12 14:31:22.073,1.02205,1.0223,4.20,9.80
2008.03.12 14:31:22.367,1.02205,1.0223,4.20,9.80
2008.03.12 14:31:22.672,1.02205,1.0223,4.20,9.80
2008.03.12 14:31:22.935,1.02205,1.0223,4.20,9.80
2008.03.12 14:31:23.198,1.02205,1.0223,4.20,9.80
2008.03.12 14:31:23.461,1.02205,1.0223,4.20,9.80
2008.03.12 14:31:23.734,1.02205,1.0223,4.20,9.80
2008.03.12 14:31:24.007,1.02205,1.0223,4.20,9.80
2008.03.12 14:31:24.280,1.02205,1.0223,4.20,9.80
2008.03.12 14:31:24.553,1.02205,1.0223,4.20,9.80
2008.03.12 14:31:24.816,1.02205,1.0223,4.20,9.80
2008.03.12 14:31:25.079,1.02205,1.0223,4.20,9.80
2008.03.12 14:31:25.344,1.02205,1.0223,4.20,9.80
2008.03.12 14:31:25.607,1.02205,1.0223,4.20,9.80
2008.03.12 14:31:25.905,1.02205,1.0223,4.20,9.80
2008.03.12 14:31:26.203,1.02205,1.0223,4.20,9.80
2008.03.12 14:31:26.501,1.02205,1.0223,4.20,9.80
2008.03.12 14:31:26.802,1.02225,1.02235,4.00,3.20
2008.03.12 14:31:27.051,1.02205,1.0223,6.60,4.00
2008.03.12 14:31:27.300,1.02215,1.0223,4.20,0.40
2008.03.12 14:31:27.549,1.0221,1.0222,2.40,4.00
2008.03.12 14:31:27.858,1.02215,1.0224,4.20,16.40
2008.03.12 14:31:28.168,1.02215,1.0224,4.20,12.30
2008.03.12 14:31:28.477,1.02215,1.0224,4.20,9.90
2008.03.12 14:31:28.785,1.02215,1.0224,4.20,17.90
2008.03.12 14:31:29.059,1.02215,1.0224,4.00,20.30
2008.03.12 14:31:29.334,1.0221,1.0224,2.60,18.70
2008.03.12 14:31:29.607,1.0221,1.0224,2.60,18.70
2008.03.12 14:31:29.881,1.0221,1.02235,2.60,3.20
2008.03.12 14:31:30.130,1.02205,1.02235,7.40,3.20
2008.03.12 14:31:30.379,1.02205,1.02235,7.40,3.20
2008.03.12 14:31:30.628,1.02205,1.0223,6.60,5.00
2008.03.12 14:31:30.877,1.02205,1.0223,6.60,5.00
2008.03.12 14:31:31.210,1.02205,1.0223,6.60,7.40
2008.03.12 14:31:31.544,1.02205,1.0223,6.60,7.40
2008.03.12 14:31:31.877,1.02205,1.0223,6.60,7.40
2008.03.12 14:31:32.111,1.02205,1.0223,6.60,7.40
2008.03.12 14:31:32.346,1.02205,1.0223,4.20,13.00
2008.03.12 14:31:32.579,1.02205,1.0223,6.60,7.40
2008.03.12 14:31:32.813,1.02205,1.0223,6.60,7.40
2008.03.12 14:31:33.146,1.02205,1.0223,6.60,7.40
2008.03.12 14:31:33.479,1.02205,1.0223,4.20,7.40
2008.03.12 14:31:33.814,1.022,1.0223,2.60,12.20
2008.03.12 14:31:34.058,1.022,1.0223,2.60,15.40
2008.03.12 14:31:34.302,1.022,1.0223,2.60,17.80
2008.03.12 14:31:34.545,1.022,1.0223,2.60,14.60
2008.03.12 14:31:34.791,1.022,1.0223,2.60,10.60
2008.03.12 14:31:35.104,1.022,1.0223,2.60,12.00
2008.03.12 14:31:35.418,1.022,1.0223,2.60,14.40
2008.03.12 14:31:35.744,1.02205,1.0223,0.30,14.40
2008.03.12 14:31:36.059,1.02205,1.0223,4.20,14.40
2008.03.12 14:31:36.337,1.02205,1.0223,4.20,14.40
2008.03.12 14:31:36.616,1.02205,1.0223,4.00,14.40
2008.03.12 14:31:36.896,1.02205,1.0222,4.00,4.00
2008.03.12 14:31:37.156,1.02205,1.0222,4.00,4.00
2008.03.12 14:31:37.430,1.02205,1.0223,4.20,15.60
2008.03.12 14:31:37.688,1.02205,1.0223,4.20,14.80
2008.03.12 14:31:37.946,1.02205,1.0223,4.20,14.80
2008.03.12 14:31:38.224,1.02205,1.0223,4.20,14.80
2008.03.12 14:31:38.503,1.02205,1.0223,4.20,13.40
2008.03.12 14:31:38.783,1.02205,1.0223,4.20,13.40
2008.03.12 14:31:39.062,1.02205,1.0223,4.20,16.60
2008.03.12 14:31:39.343,1.02205,1.0223,4.20,13.40
2008.03.12 14:31:39.622,1.02205,1.0223,4.20,14.20
2008.03.12 14:31:39.901,1.02205,1.0223,4.20,13.40
2008.03.12 14:31:40.184,1.02205,1.0223,4.20,13.40
2008.03.12 14:31:40.447,1.02205,1.0223,4.20,13.40
2008.03.12 14:31:40.711,1.02205,1.0223,4.20,17.40
2008.03.12 14:31:40.975,1.02205,1.0223,4.20,13.40
2008.03.12 14:31:41.238,1.02205,1.0223,4.20,13.40
2008.03.12 14:31:41.537,1.02205,1.0223,4.20,13.40
2008.03.12 14:31:41.836,1.02205,1.0223,4.20,14.90
2008.03.12 14:31:42.134,1.02205,1.0223,4.20,13.40
2008.03.12 14:31:42.433,1.02205,1.0223,4.20,13.40
2008.03.12 14:31:42.703,1.02205,1.0223,4.20,13.40
2008.03.12 14:31:42.971,1.02205,1.0223,4.20,13.40
2008.03.12 14:31:43.240,1.02205,1.0223,4.20,13.40
2008.03.12 14:31:43.467,1.02205,1.0223,4.20,13.40
2008.03.12 14:31:43.697,1.02205,1.0223,4.20,15.80
2008.03.12 14:31:43.935,1.02205,1.0223,4.20,13.40
2008.03.12 14:31:44.162,1.02205,1.0223,4.20,13.40
2008.03.12 14:31:44.391,1.02205,1.0223,4.20,13.40
2008.03.12 14:31:44.696,1.02205,1.0223,4.20,15.80
2008.03.12 14:31:45.012,1.02205,1.0223,4.20,13.40
2008.03.12 14:31:45.317,1.02205,1.0223,4.20,13.40
2008.03.12 14:31:45.620,1.02205,1.0223,4.20,14.20
2008.03.12 14:31:45.935,1.02205,1.0223,4.20,13.40
2008.03.12 14:31:46.248,1.02205,1.0223,4.20,18.20
2008.03.12 14:31:46.563,1.02205,1.0223,4.00,18.20
2008.03.12 14:31:46.798,1.02205,1.0222,4.00,4.00
2008.03.12 14:31:47.032,1.02205,1.0222,4.00,4.00
2008.03.12 14:31:47.267,1.02205,1.0222,4.00,4.00
2008.03.12 14:31:47.500,1.02205,1.0222,4.00,4.00
2008.03.12 14:31:47.800,1.02205,1.0222,4.00,4.00
2008.03.12 14:31:48.095,1.02205,1.0222,4.00,4.00
2008.03.12 14:31:48.388,1.02205,1.0222,4.00,4.00
2008.03.12 14:31:48.680,1.02205,1.0222,4.00,4.00
2008.03.12 14:31:48.959,1.02205,1.0222,4.00,4.00
2008.03.12 14:31:49.226,1.02205,1.0222,4.00,4.00
2008.03.12 14:31:49.495,1.02205,1.0222,4.00,4.00
2008.03.12 14:31:49.754,1.02205,1.0222,4.00,4.00
2008.03.12 14:31:50.017,1.02205,1.0222,4.00,4.00
2008.03.12 14:31:50.277,1.02205,1.0222,4.00,4.00
2008.03.12 14:31:50.536,1.02205,1.0222,4.20,4.00
2008.03.12 14:31:50.831,1.02205,1.0223,4.20,13.40
2008.03.12 14:31:51.125,1.02205,1.0223,4.20,13.40
2008.03.12 14:31:51.429,1.02205,1.0223,4.20,13.40
2008.03.12 14:31:51.713,1.02205,1.0223,4.20,13.40
2008.03.12 14:31:51.982,1.02205,1.0223,4.20,13.40
2008.03.12 14:31:52.250,1.02205,1.0223,4.20,15.80
2008.03.12 14:31:52.529,1.02205,1.0223,4.20,13.40
2008.03.12 14:31:52.777,1.02205,1.0223,4.20,13.40
2008.03.12 14:31:53.025,1.02205,1.0223,4.20,13.40
2008.03.12 14:31:53.276,1.02205,1.0223,4.20,13.40
2008.03.12 14:31:53.531,1.02205,1.0223,4.20,13.40
2008.03.12 14:31:53.834,1.02205,1.0223,4.20,13.40
2008.03.12 14:31:54.146,1.02205,1.0223,4.20,13.40
2008.03.12 14:31:54.445,1.02205,1.0223,4.20,13.40
2008.03.12 14:31:54.742,1.02205,1.0223,4.20,13.40
2008.03.12 14:31:55.043,1.02205,1.0223,4.20,13.40
2008.03.12 14:31:55.340,1.02205,1.0223,4.20,13.40
2008.03.12 14:31:55.638,1.02205,1.0223,4.20,15.80
2008.03.12 14:31:55.892,1.02205,1.0223,4.20,13.40
2008.03.12 14:31:56.144,1.02205,1.0223,4.20,13.40
2008.03.12 14:31:56.397,1.02205,1.0223,4.20,13.40
2008.03.12 14:31:56.650,1.02205,1.0223,4.20,13.40
2008.03.12 14:31:56.918,1.02205,1.0223,4.20,13.40
2008.03.12 14:31:57.187,1.02205,1.0223,4.20,13.40
2008.03.12 14:31:57.455,1.02205,1.0223,4.20,13.40
2008.03.12 14:31:57.723,1.02205,1.0223,4.20,13.40
2008.03.12 14:31:57.991,1.02205,1.0223,4.20,13.40
2008.03.12 14:31:58.259,1.02205,1.0223,4.20,13.40
2008.03.12 14:31:58.527,1.02205,1.0223,4.20,13.40
2008.03.12 14:31:58.797,1.02205,1.0223,4.20,13.40
2008.03.12 14:31:59.069,1.02205,1.0223,4.20,13.40
2008.03.12 14:31:59.343,1.02205,1.0223,4.20,13.40
2008.03.12 14:31:59.616,1.02205,1.0223,4.20,13.40
2008.03.12 14:31:59.891,1.02205,1.0223,4.20,13.40
2008.03.12 14:32:00.149,1.02205,1.0223,4.20,13.30
2008.03.12 14:32:00.407,1.02205,1.0223,4.20,13.30
2008.03.12 14:32:00.665,1.02205,1.0223,4.20,13.30
2008.03.12 14:32:00.924,1.02205,1.0223,4.20,13.30
2008.03.12 14:32:01.252,1.02205,1.0222,4.20,0.30
2008.03.12 14:32:01.581,1.02195,1.0222,9.80,8.50
2008.03.12 14:32:01.910,1.02195,1.0221,4.20,0.60
2008.03.12 14:32:02.144,1.0219,1.0221,2.40,6.80
2008.03.12 14:32:02.378,1.02185,1.0221,17.80,8.60
2008.03.12 14:32:02.611,1.02185,1.0221,7.40,16.60
2008.03.12 14:32:02.846,1.02185,1.0221,4.00,19.00
2008.03.12 14:32:03.180,1.0218,1.022,15.20,6.40
2008.03.12 14:32:03.515,1.0219,1.022,0.30,4.00
2008.03.12 14:32:03.848,1.02195,1.0221,4.00,9.40
2008.03.12 14:32:04.093,1.02185,1.0221,10.60,9.40
2008.03.12 14:32:04.328,1.02185,1.0221,7.40,10.40
2008.03.12 14:32:04.561,1.02185,1.0221,7.40,10.20
2008.03.12 14:32:04.795,1.02185,1.0221,7.40,9.40
2008.03.12 14:32:05.128,1.02185,1.0221,7.40,8.80
2008.03.12 14:32:05.462,1.02185,1.0221,15.40,8.80
2008.03.12 14:32:05.797,1.0219,1.0221,2.60,6.40
2008.03.12 14:32:06.057,1.0219,1.0221,2.60,6.40
2008.03.12 14:32:06.315,1.0219,1.0221,2.60,6.40
2008.03.12 14:32:06.574,1.02195,1.0221,4.00,6.40
2008.03.12 14:32:06.833,1.02195,1.0221,4.20,4.00
2008.03.12 14:32:07.147,1.02195,1.0222,4.20,16.50
2008.03.12 14:32:07.461,1.02195,1.0222,4.20,16.10
2008.03.12 14:32:07.775,1.02195,1.0222,4.20,14.60
2008.03.12 14:32:08.088,1.02195,1.0222,4.20,14.60
2008.03.12 14:32:08.338,1.02195,1.0222,4.20,14.60
2008.03.12 14:32:08.587,1.02195,1.0222,4.20,14.60
2008.03.12 14:32:08.834,1.02195,1.0222,4.20,14.60
2008.03.12 14:32:09.132,1.02195,1.0222,4.20,14.60
2008.03.12 14:32:09.431,1.02195,1.0222,4.20,14.60
2008.03.12 14:32:09.729,1.02195,1.0222,4.20,14.60
2008.03.12 14:32:10.027,1.02195,1.0222,4.20,14.60
2008.03.12 14:32:10.285,1.02195,1.0222,4.20,14.60
2008.03.12 14:32:10.543,1.02195,1.0222,4.20,14.60
2008.03.12 14:32:10.804,1.02195,1.0222,4.20,14.60
2008.03.12 14:32:11.085,1.02195,1.0222,4.20,14.60
2008.03.12 14:32:11.374,1.02195,1.0222,4.20,14.60
2008.03.12 14:32:11.653,1.02195,1.0222,4.20,14.60
2008.03.12 14:32:11.931,1.02195,1.0222,4.20,14.60
2008.03.12 14:32:12.196,1.02195,1.0222,4.20,14.60
2008.03.12 14:32:12.469,1.02195,1.0222,4.20,14.60
2008.03.12 14:32:12.723,1.02195,1.0222,4.20,14.60
2008.03.12 14:32:12.986,1.02195,1.0222,4.20,14.60
2008.03.12 14:32:13.249,1.02195,1.0222,4.20,14.60
2008.03.12 14:32:13.525,1.02195,1.0222,4.20,14.60
2008.03.12 14:32:13.783,1.022,1.0222,0.30,14.60
2008.03.12 14:32:14.047,1.022,1.0222,0.30,14.60
2008.03.12 14:32:14.331,1.022,1.0222,0.30,14.60
2008.03.12 14:32:14.615,1.022,1.0222,0.30,14.60
2008.03.12 14:32:14.900,1.022,1.0222,0.30,13.60
2008.03.12 14:32:15.185,1.022,1.0222,2.60,11.20
2008.03.12 14:32:15.483,1.02215,1.0222,0.30,4.00
2008.03.12 14:32:15.782,1.0221,1.0223,0.30,14.60
2008.03.12 14:32:16.081,1.02205,1.0223,0.30,16.20
2008.03.12 14:32:16.361,1.02205,1.0223,0.30,16.30
2008.03.12 14:32:16.626,1.02205,1.0223,0.30,16.30
2008.03.12 14:32:16.890,1.02205,1.0223,0.30,16.30
2008.03.12 14:32:17.155,1.02205,1.0222,0.30,2.40
2008.03.12 14:32:17.454,1.02205,1.0222,0.30,4.80
2008.03.12 14:32:17.754,1.0221,1.0222,0.30,8.80
2008.03.12 14:32:18.053,1.0221,1.0223,0.30,14.30
2008.03.12 14:32:18.353,1.0221,1.0223,0.30,12.70
2008.03.12 14:32:18.650,1.0221,1.0223,0.30,19.80
2008.03.12 14:32:18.956,1.0221,1.0223,0.30,17.40
2008.03.12 14:32:19.255,1.0221,1.0223,0.30,12.60
2008.03.12 14:32:19.490,1.0221,1.0223,0.30,12.50
2008.03.12 14:32:19.724,1.0221,1.0223,0.30,17.30
2008.03.12 14:32:19.959,1.02205,1.0223,0.30,17.30
2008.03.12 14:32:20.193,1.02205,1.0223,0.30,17.50
2008.03.12 14:32:20.512,1.02205,1.0223,0.30,20.50
2008.03.12 14:32:20.831,1.02205,1.0223,0.30,20.50
2008.03.12 14:32:21.150,1.02205,1.0223,0.30,20.50
2008.03.12 14:32:21.469,1.02205,1.0223,0.30,20.50
2008.03.12 14:32:21.762,1.02205,1.0223,0.30,21.90
2008.03.12 14:32:22.044,1.02205,1.0223,0.30,21.90
2008.03.12 14:32:22.328,1.02205,1.0223,0.30,21.90
2008.03.12 14:32:22.561,1.02205,1.0223,0.30,21.90
2008.03.12 14:32:22.794,1.02205,1.0223,0.30,17.10
2008.03.12 14:32:23.030,1.0221,1.0223,0.30,17.10
2008.03.12 14:32:23.265,1.0221,1.0223,0.30,13.90
2008.03.12 14:32:23.566,1.0221,1.0223,0.30,12.50
2008.03.12 14:32:23.863,1.0221,1.0223,0.30,12.50
2008.03.12 14:32:24.161,1.0221,1.0223,0.30,12.50
2008.03.12 14:32:24.460,1.0221,1.0223,0.30,12.50
2008.03.12 14:32:24.750,1.0221,1.0223,0.30,12.50
2008.03.12 14:32:25.042,1.0221,1.0223,0.30,12.50
2008.03.12 14:32:25.329,1.0221,1.0223,0.30,12.50
2008.03.12 14:32:25.574,1.0221,1.0223,0.30,12.60
2008.03.12 14:32:25.808,1.0221,1.0223,0.30,12.60
2008.03.12 14:32:26.043,1.0221,1.0222,0.30,8.80
2008.03.12 14:32:26.278,1.0221,1.0222,0.30,8.80
2008.03.12 14:32:26.513,1.02205,1.0222,2.60,6.40
2008.03.12 14:32:26.847,1.02205,1.0222,6.60,6.40
2008.03.12 14:32:27.181,1.0221,1.0222,0.30,6.40
2008.03.12 14:32:27.516,1.0221,1.0223,0.30,10.20
2008.03.12 14:32:27.755,1.0221,1.0223,0.30,10.20
2008.03.12 14:32:27.997,1.0221,1.0223,0.30,10.20
2008.03.12 14:32:28.236,1.0221,1.0223,0.30,10.20
2008.03.12 14:32:28.475,1.0221,1.0223,0.30,9.80
2008.03.12 14:32:28.765,1.0221,1.0223,0.30,9.80
2008.03.12 14:32:29.053,1.0221,1.0223,0.30,9.80
2008.03.12 14:32:29.341,1.0221,1.0223,0.30,9.80
2008.03.12 14:32:29.595,1.0221,1.0223,0.30,9.80
2008.03.12 14:32:29.848,1.0221,1.0223,0.30,9.80
2008.03.12 14:32:30.102,1.0221,1.0223,0.30,9.80
2008.03.12 14:32:30.366,1.0221,1.0223,0.30,9.80
2008.03.12 14:32:30.634,1.0221,1.0223,0.30,11.00
2008.03.12 14:32:30.903,1.022,1.0222,2.60,6.40
2008.03.12 14:32:31.171,1.022,1.0222,2.60,6.40
2008.03.12 14:32:31.440,1.022,1.0222,2.60,6.90
2008.03.12 14:32:31.749,1.022,1.0222,0.30,9.60
2008.03.12 14:32:32.057,1.022,1.0222,0.30,9.40
2008.03.12 14:32:32.367,1.022,1.0222,0.30,8.80
2008.03.12 14:32:32.676,1.022,1.0222,0.30,8.80
2008.03.12 14:32:32.920,1.022,1.0222,0.30,8.80
2008.03.12 14:32:33.164,1.022,1.0222,0.30,8.80
2008.03.12 14:32:33.407,1.022,1.0222,0.30,8.80
2008.03.12 14:32:33.721,1.022,1.0222,0.30,8.80
2008.03.12 14:32:34.035,1.022,1.0222,0.30,8.80
2008.03.12 14:32:34.351,1.022,1.0222,0.30,9.40
2008.03.12 14:32:34.675,1.022,1.0222,0.30,11.40
2008.03.12 14:32:34.923,1.022,1.0222,0.30,11.40
2008.03.12 14:32:35.172,1.022,1.0222,0.30,11.40
2008.03.12 14:32:35.419,1.022,1.0222,0.30,11.40
2008.03.12 14:32:35.749,1.022,1.0222,0.30,11.40
2008.03.12 14:32:36.078,1.022,1.0222,0.30,11.40
2008.03.12 14:32:36.418,1.022,1.0222,0.30,11.40
2008.03.12 14:32:36.642,1.022,1.0222,0.30,11.40
2008.03.12 14:32:36.876,1.022,1.0222,0.30,11.40
2008.03.12 14:32:37.107,1.022,1.0222,0.30,11.40
2008.03.12 14:32:37.343,1.022,1.0222,0.30,11.40
2008.03.12 14:32:37.578,1.022,1.0222,0.30,11.40
2008.03.12 14:32:37.878,1.022,1.0222,0.30,11.40
2008.03.12 14:32:38.177,1.022,1.0222,0.30,11.40
2008.03.12 14:32:38.476,1.022,1.0222,0.30,9.80
2008.03.12 14:32:38.724,1.022,1.0222,0.30,9.40
2008.03.12 14:32:38.973,1.022,1.0222,0.30,9.70
2008.03.12 14:32:39.222,1.022,1.0222,0.30,9.80
2008.03.12 14:32:39.470,1.022,1.0222,0.30,9.80
2008.03.12 14:32:39.769,1.022,1.0222,0.30,9.80
2008.03.12 14:32:40.067,1.022,1.0222,0.30,9.80
2008.03.12 14:32:40.367,1.022,1.0222,0.30,9.80
2008.03.12 14:32:40.665,1.022,1.0222,0.30,9.80
2008.03.12 14:32:40.953,1.022,1.0222,0.30,9.80
2008.03.12 14:32:41.241,1.022,1.0222,0.30,9.80
2008.03.12 14:32:41.539,1.022,1.0222,0.30,9.80
2008.03.12 14:32:41.778,1.022,1.0222,0.30,9.80
2008.03.12 14:32:42.017,1.022,1.0222,0.30,11.40
2008.03.12 14:32:42.257,1.022,1.0222,0.30,11.40
2008.03.12 14:32:42.495,1.022,1.0222,0.30,10.60
2008.03.12 14:32:42.735,1.022,1.0222,0.30,9.80
2008.03.12 14:32:43.069,1.022,1.0222,0.30,9.80
2008.03.12 14:32:43.403,1.022,1.0222,0.30,9.80
2008.03.12 14:32:43.737,1.022,1.0222,0.30,9.80
2008.03.12 14:32:43.965,1.022,1.0222,0.30,9.80
2008.03.12 14:32:44.194,1.022,1.0222,0.30,9.80
2008.03.12 14:32:44.431,1.02205,1.0222,0.30,9.80
2008.03.12 14:32:44.662,1.02205,1.0222,0.30,1.00
2008.03.12 14:32:44.966,1.02205,1.0222,0.30,1.00
2008.03.12 14:32:45.271,1.02205,1.0222,0.30,0.80
2008.03.12 14:32:45.575,1.02205,1.0222,4.20,2.70
2008.03.12 14:32:45.881,1.0221,1.0222,0.30,0.40
2008.03.12 14:32:46.184,1.02205,1.0222,4.20,2.40
2008.03.12 14:32:46.488,1.02205,1.0222,4.20,2.40
2008.03.12 14:32:46.792,1.02205,1.0222,4.20,6.40
2008.03.12 14:32:47.025,1.02205,1.0222,4.20,6.40
2008.03.12 14:32:47.260,1.02205,1.0222,4.20,6.40
2008.03.12 14:32:47.493,1.02205,1.0222,4.20,6.40
2008.03.12 14:32:47.726,1.02205,1.0222,4.20,6.40
2008.03.12 14:32:48.034,1.02205,1.0222,4.20,4.00
2008.03.12 14:32:48.342,1.02205,1.0222,4.20,4.00
2008.03.12 14:32:48.651,1.02205,1.0222,4.20,4.00
2008.03.12 14:32:48.960,1.02205,1.0222,4.20,4.00
2008.03.12 14:32:49.238,1.02205,1.0222,4.20,4.00
2008.03.12 14:32:49.508,1.02205,1.0222,4.20,4.00
2008.03.12 14:32:49.776,1.02205,1.0222,4.20,4.00
2008.03.12 14:32:50.030,1.02205,1.0222,4.20,4.00
2008.03.12 14:32:50.283,1.02205,1.0222,4.20,4.00
2008.03.12 14:32:50.537,1.02205,1.0222,4.20,4.00
2008.03.12 14:32:50.792,1.02205,1.0222,4.20,7.20
2008.03.12 14:32:51.128,1.0221,1.0222,0.30,0.80
2008.03.12 14:32:51.463,1.0221,1.0222,0.30,0.80
2008.03.12 14:32:51.797,1.0221,1.0222,0.30,0.80
2008.03.12 14:32:52.035,1.0221,1.0222,0.30,0.80
2008.03.12 14:32:52.279,1.0221,1.0223,0.30,17.40
2008.03.12 14:32:52.519,1.0221,1.0223,0.30,15.80
2008.03.12 14:32:52.759,1.0221,1.0223,0.30,17.40
2008.03.12 14:32:53.074,1.0221,1.0223,0.30,15.80
2008.03.12 14:32:53.387,1.0221,1.0223,0.30,15.80
2008.03.12 14:32:53.702,1.0221,1.0223,0.30,16.60
2008.03.12 14:32:54.015,1.0221,1.0223,0.30,15.80
2008.03.12 14:32:54.260,1.0221,1.0223,0.30,15.80
2008.03.12 14:32:54.503,1.0221,1.0223,0.30,15.80
2008.03.12 14:32:54.748,1.0221,1.0223,0.30,16.60
2008.03.12 14:32:54.993,1.0221,1.0223,0.30,15.80
2008.03.12 14:32:55.272,1.0221,1.0223,0.30,15.80
2008.03.12 14:32:55.549,1.0221,1.0223,0.30,15.80
2008.03.12 14:32:55.829,1.0221,1.0223,0.30,15.00
2008.03.12 14:32:56.113,1.0221,1.0223,0.30,15.00
2008.03.12 14:32:56.409,1.0221,1.0223,0.30,15.00
2008.03.12 14:32:56.681,1.0221,1.0223,0.30,15.00
2008.03.12 14:32:56.964,1.0221,1.0223,0.30,15.80
2008.03.12 14:32:57.243,1.0221,1.0223,0.30,15.80
2008.03.12 14:32:57.521,1.0221,1.0223,0.30,15.00
2008.03.12 14:32:57.799,1.0221,1.0223,0.30,15.00
2008.03.12 14:32:58.080,1.0221,1.0223,0.30,15.00
2008.03.12 14:32:58.334,1.0221,1.0223,0.30,15.80
2008.03.12 14:32:58.588,1.0221,1.0223,0.30,15.00
2008.03.12 14:32:58.843,1.0221,1.0223,0.30,15.00
2008.03.12 14:32:59.123,1.0221,1.0223,0.30,15.00
2008.03.12 14:32:59.402,1.0221,1.0223,2.60,7.80
2008.03.12 14:32:59.682,1.02215,1.0223,0.30,5.00
2008.03.12 14:32:59.962,1.02215,1.0223,0.30,0.60
2008.03.12 14:33:00.242,1.02215,1.02235,0.30,0.80
2008.03.12 14:33:00.520,1.02215,1.0224,0.30,18.80
2008.03.12 14:33:00.799,1.02215,1.0224,0.30,18.80
2008.03.12 14:33:01.078,1.02215,1.0224,0.30,19.60
2008.03.12 14:33:01.378,1.02215,1.0224,0.30,19.40
2008.03.12 14:33:01.677,1.02215,1.0224,0.30,17.90
2008.03.12 14:33:01.987,1.02215,1.0224,0.30,18.70
2008.03.12 14:33:02.220,1.0222,1.0224,0.30,17.30
2008.03.12 14:33:02.455,1.0222,1.0224,0.30,17.30
2008.03.12 14:33:02.691,1.0222,1.0224,0.30,17.30
2008.03.12 14:33:02.927,1.0222,1.0224,0.30,17.30
2008.03.12 14:33:03.225,1.0222,1.0224,0.30,17.30
2008.03.12 14:33:03.514,1.0222,1.0224,0.30,17.30
2008.03.12 14:33:03.804,1.0222,1.0223,0.30,2.40
2008.03.12 14:33:04.094,1.02225,1.0224,0.30,3.30
2008.03.12 14:33:04.374,1.02225,1.0224,0.30,3.30
2008.03.12 14:33:04.653,1.0222,1.0224,0.30,8.10
2008.03.12 14:33:04.932,1.0222,1.0224,0.30,12.10
2008.03.12 14:33:05.211,1.0222,1.0224,0.30,12.10
2008.03.12 14:33:05.499,1.0222,1.0224,0.30,12.10
2008.03.12 14:33:05.778,1.0222,1.0224,2.60,6.70
2008.03.12 14:33:06.059,1.0222,1.0224,2.60,6.70
2008.03.12 14:33:06.358,1.0223,1.0224,0.30,2.40
2008.03.12 14:33:06.658,1.02225,1.0224,4.20,2.40
2008.03.12 14:33:06.959,1.02225,1.0225,4.20,14.80
2008.03.12 14:33:07.259,1.0223,1.0225,0.30,14.80
2008.03.12 14:33:07.539,1.0223,1.0225,0.30,9.60
2008.03.12 14:33:07.819,1.0224,1.0225,0.70,6.40
2008.03.12 14:33:08.099,1.02235,1.0225,4.20,6.40
2008.03.12 14:33:08.373,1.02235,1.0225,4.20,8.80
2008.03.12 14:33:08.655,1.02235,1.0225,4.20,8.80
2008.03.12 14:33:08.928,1.02235,1.0225,4.20,8.80
2008.03.12 14:33:09.202,1.02235,1.0225,4.20,8.80
2008.03.12 14:33:09.506,1.02235,1.0225,4.20,8.80
2008.03.12 14:33:09.811,1.02235,1.0225,4.20,8.80
2008.03.12 14:33:10.114,1.0224,1.0226,0.30,18.10
2008.03.12 14:33:10.369,1.0224,1.0226,0.30,17.30
2008.03.12 14:33:10.623,1.0224,1.0226,0.30,17.30
2008.03.12 14:33:10.877,1.0224,1.0225,0.30,4.80
2008.03.12 14:33:11.131,1.0224,1.0225,0.30,2.40
2008.03.12 14:33:11.461,1.0224,1.02255,0.30,0.80
2008.03.12 14:33:11.791,1.0224,1.02255,0.30,0.80
2008.03.12 14:33:12.121,1.0224,1.0226,0.30,18.30
2008.03.12 14:33:12.360,1.0224,1.0225,0.30,4.00
2008.03.12 14:33:12.598,1.02235,1.0225,4.20,6.40
2008.03.12 14:33:12.836,1.02235,1.0225,4.20,6.40
2008.03.12 14:33:13.075,1.02235,1.0225,4.20,6.40
2008.03.12 14:33:13.313,1.02235,1.0225,4.20,8.80
2008.03.12 14:33:13.647,1.02235,1.0225,4.20,8.80
2008.03.12 14:33:13.981,1.02235,1.0225,0.30,9.50
2008.03.12 14:33:14.315,1.0223,1.0225,0.30,9.80
2008.03.12 14:33:14.539,1.0223,1.0225,0.30,11.00
2008.03.12 14:33:14.763,1.0223,1.0224,0.30,2.40
2008.03.12 14:33:14.988,1.0223,1.0224,0.30,2.40
2008.03.12 14:33:15.211,1.0223,1.02245,0.30,0.80
2008.03.12 14:33:15.544,1.0223,1.0225,0.30,9.80
2008.03.12 14:33:15.878,1.0223,1.0225,0.30,9.80
2008.03.12 14:33:16.213,1.0223,1.02245,0.30,0.80
2008.03.12 14:33:16.480,1.0223,1.02245,0.30,0.80
2008.03.12 14:33:16.722,1.0223,1.0225,0.30,9.80
2008.03.12 14:33:16.976,1.0223,1.0224,0.30,2.40
2008.03.12 14:33:17.231,1.0223,1.0224,0.30,2.40
2008.03.12 14:33:17.535,1.02225,1.0224,6.60,6.40
2008.03.12 14:33:17.839,1.02225,1.0224,6.60,8.80
2008.03.12 14:33:18.148,1.02225,1.0224,6.60,8.80
2008.03.12 14:33:18.406,1.02225,1.0224,6.60,6.40
2008.03.12 14:33:18.666,1.02225,1.0224,6.60,6.40
2008.03.12 14:33:18.924,1.02225,1.0224,6.60,6.40
2008.03.12 14:33:19.181,1.02225,1.0224,6.60,6.40
2008.03.12 14:33:19.471,1.02225,1.0224,6.60,6.40
2008.03.12 14:33:19.759,1.02225,1.0224,6.60,6.40
2008.03.12 14:33:20.049,1.02225,1.0224,6.60,6.40
2008.03.12 14:33:20.337,1.02225,1.0224,6.60,6.40
2008.03.12 14:33:20.619,1.02225,1.0224,6.60,6.40
2008.03.12 14:33:20.897,1.02225,1.0224,6.60,6.40
2008.03.12 14:33:21.189,1.02225,1.0224,6.60,6.40
2008.03.12 14:33:21.456,1.02225,1.0224,6.60,6.40
2008.03.12 14:33:21.750,1.02225,1.0224,6.60,6.40
2008.03.12 14:33:22.044,1.02225,1.0224,6.60,6.40
2008.03.12 14:33:22.339,1.02225,1.0224,6.60,6.40
2008.03.12 14:33:22.582,1.02225,1.0224,6.60,6.40
2008.03.12 14:33:22.826,1.02225,1.0224,6.60,6.40
2008.03.12 14:33:23.068,1.02225,1.0224,6.60,6.40
2008.03.12 14:33:23.314,1.02225,1.0224,6.60,6.40
2008.03.12 14:33:23.588,1.02225,1.0224,6.60,6.40
2008.03.12 14:33:23.862,1.02225,1.0224,6.60,6.40
2008.03.12 14:33:24.136,1.02225,1.0224,6.60,6.40
2008.03.12 14:33:24.409,1.02225,1.0224,6.60,6.40
2008.03.12 14:33:24.673,1.02225,1.0224,6.60,6.40
2008.03.12 14:33:24.937,1.02225,1.0224,6.60,6.40
2008.03.12 14:33:25.202,1.02225,1.0224,6.60,6.40
2008.03.12 14:33:25.465,1.02225,1.0224,4.20,6.40
2008.03.12 14:33:25.759,1.02225,1.0224,4.20,6.40
2008.03.12 14:33:26.053,1.02225,1.0224,4.20,6.40
2008.03.12 14:33:26.348,1.0223,1.0225,0.30,14.20
2008.03.12 14:33:26.651,1.02235,1.0225,0.30,0.70
2008.03.12 14:33:26.980,1.0223,1.0225,0.30,0.90
2008.03.12 14:33:27.293,1.0223,1.0225,0.30,5.20
2008.03.12 14:33:27.609,1.0223,1.0225,0.30,2.50
2008.03.12 14:33:27.854,1.0223,1.0225,2.60,2.40
2008.03.12 14:33:28.099,1.02235,1.0225,4.00,4.80
2008.03.12 14:33:28.343,1.0224,1.0226,0.30,13.70
2008.03.12 14:33:28.588,1.0224,1.0226,0.30,11.20
2008.03.12 14:33:28.898,1.02245,1.0226,0.30,0.60
2008.03.12 14:33:29.207,1.02245,1.0226,0.30,0.50
2008.03.12 14:33:29.516,1.02245,1.0227,0.30,22.50
2008.03.12 14:33:29.826,1.0225,1.0226,0.30,2.40
2008.03.12 14:33:30.090,1.0225,1.0226,0.30,2.40
2008.03.12 14:33:30.362,1.0225,1.0227,0.30,8.80
2008.03.12 14:33:30.634,1.02255,1.0227,0.30,13.60
2008.03.12 14:33:30.945,1.02255,1.02275,0.30,0.80
2008.03.12 14:33:31.269,1.0225,1.0227,0.30,4.80
2008.03.12 14:33:31.590,1.0225,1.0227,0.30,0.30
2008.03.12 14:33:31.855,1.0225,1.0227,0.30,0.60
2008.03.12 14:33:32.120,1.0225,1.0227,0.30,0.60
2008.03.12 14:33:32.388,1.0225,1.0227,0.30,0.60
2008.03.12 14:33:32.653,1.0225,1.0227,0.30,0.90
2008.03.12 14:33:32.927,1.0225,1.0227,0.30,5.40
2008.03.12 14:33:33.201,1.0225,1.0227,0.30,3.30
2008.03.12 14:33:33.475,1.0225,1.0227,0.30,3.30
2008.03.12 14:33:33.751,1.0225,1.0227,0.30,4.80
2008.03.12 14:33:34.042,1.02255,1.02275,4.20,0.80
2008.03.12 14:33:34.308,1.02255,1.02275,0.30,0.80
2008.03.12 14:33:34.587,1.02255,1.0228,0.30,17.10
2008.03.12 14:33:34.865,1.02255,1.0228,0.30,16.20
2008.03.12 14:33:35.171,1.02255,1.0228,0.30,17.80
2008.03.12 14:33:35.475,1.02255,1.0228,0.30,18.60
2008.03.12 14:33:35.779,1.02255,1.0228,0.30,17.00
2008.03.12 14:33:36.039,1.02255,1.0228,0.30,17.00
2008.03.12 14:33:36.298,1.02255,1.0228,0.30,17.00
2008.03.12 14:33:36.557,1.02255,1.0228,0.30,17.00
2008.03.12 14:33:36.816,1.02255,1.0228,0.30,17.00
2008.03.12 14:33:37.111,1.02255,1.0228,0.30,17.00
2008.03.12 14:33:37.407,1.02255,1.0227,0.30,0.90
2008.03.12 14:33:37.700,1.0225,1.0227,0.30,11.70
2008.03.12 14:33:37.993,1.0225,1.0227,0.30,15.80
2008.03.12 14:33:38.293,1.0225,1.0226,0.30,2.40
2008.03.12 14:33:38.591,1.0225,1.0226,0.30,2.40
2008.03.12 14:33:38.891,1.0225,1.0226,0.30,2.40
2008.03.12 14:33:39.125,1.0225,1.0226,0.30,2.40
2008.03.12 14:33:39.358,1.0225,1.0226,0.30,2.40
2008.03.12 14:33:39.594,1.0225,1.0226,0.30,2.40
2008.03.12 14:33:39.828,1.0225,1.0226,0.30,2.40
2008.03.12 14:33:40.061,1.0225,1.0226,0.30,2.40
2008.03.12 14:33:40.385,1.0225,1.0226,0.30,2.40
2008.03.12 14:33:40.709,1.0225,1.0226,0.30,2.40
2008.03.12 14:33:41.033,1.0225,1.0226,0.30,2.40
2008.03.12 14:33:41.303,1.0225,1.0226,0.30,2.40
2008.03.12 14:33:41.579,1.0225,1.0226,0.30,2.40
2008.03.12 14:33:41.848,1.0225,1.0227,0.30,15.80
2008.03.12 14:33:42.117,1.02245,1.0227,3.40,17.40
2008.03.12 14:33:42.387,1.02245,1.0227,3.40,17.40
2008.03.12 14:33:42.655,1.02245,1.0227,0.30,16.60
2008.03.12 14:33:42.924,1.02245,1.0227,0.30,16.60
2008.03.12 14:33:43.227,1.02245,1.0227,0.30,16.60
2008.03.12 14:33:43.531,1.02245,1.0227,0.30,16.60
2008.03.12 14:33:43.835,1.02245,1.0227,0.30,16.60
2008.03.12 14:33:44.138,1.02245,1.0227,0.30,18.20
2008.03.12 14:33:44.383,1.02245,1.0227,0.30,18.20
2008.03.12 14:33:44.627,1.02245,1.0227,0.30,18.20
2008.03.12 14:33:44.870,1.02245,1.0227,0.30,18.20
2008.03.12 14:33:45.113,1.02245,1.0227,0.30,18.20
2008.03.12 14:33:45.416,1.02245,1.0227,0.30,18.20
2008.03.12 14:33:45.720,1.02245,1.0227,0.30,18.20
2008.03.12 14:33:46.024,1.02245,1.0227,0.30,18.20
2008.03.12 14:33:46.333,1.02245,1.0227,3.40,18.20
2008.03.12 14:33:46.643,1.02245,1.0227,3.40,18.20
2008.03.12 14:33:46.954,1.02245,1.0227,3.40,16.60
2008.03.12 14:33:47.263,1.0225,1.0227,0.30,15.80
2008.03.12 14:33:47.523,1.0225,1.0227,0.30,15.80
2008.03.12 14:33:47.773,1.0225,1.0227,0.30,15.80
2008.03.12 14:33:48.022,1.0225,1.0227,0.30,15.80
2008.03.12 14:33:48.336,1.0225,1.0227,0.30,15.80
2008.03.12 14:33:48.650,1.02245,1.0227,4.20,16.60
2008.03.12 14:33:48.963,1.02245,1.0227,0.30,18.20
2008.03.12 14:33:49.277,1.02245,1.0226,0.30,0.60
2008.03.12 14:33:49.531,1.02245,1.0226,0.30,0.90
2008.03.12 14:33:49.787,1.0224,1.0226,3.40,0.90
2008.03.12 14:33:50.041,1.0224,1.0226,3.40,0.90
2008.03.12 14:33:50.295,1.0224,1.0226,3.40,3.30
2008.03.12 14:33:50.599,1.0225,1.0226,0.30,2.80
2008.03.12 14:33:50.904,1.0225,1.0226,0.30,2.40
2008.03.12 14:33:51.209,1.0225,1.0226,0.30,2.40
2008.03.12 14:33:51.539,1.0225,1.0227,0.30,15.80
2008.03.12 14:33:51.867,1.0225,1.0227,0.30,15.80
2008.03.12 14:33:52.197,1.0225,1.0227,0.30,15.80
2008.03.12 14:33:52.440,1.0225,1.0227,0.30,15.90
2008.03.12 14:33:52.688,1.0225,1.0227,0.30,16.70
2008.03.12 14:33:52.932,1.0225,1.0227,0.30,16.70
2008.03.12 14:33:53.176,1.02245,1.0227,4.20,18.30
2008.03.12 14:33:53.504,1.02245,1.0226,4.20,4.00
2008.03.12 14:33:53.833,1.02245,1.0226,4.20,4.00
2008.03.12 14:33:54.163,1.0225,1.0226,0.30,4.00
2008.03.12 14:33:54.403,1.0225,1.0227,0.30,15.90
2008.03.12 14:33:56.199,1.0225,1.02265,0.30,0.80
2008.03.12 14:33:56.265,1.02245,1.0226,4.20,7.20
2008.03.12 14:33:56.343,1.02245,1.0226,4.20,7.20
2008.03.12 14:33:56.412,1.02245,1.0226,4.20,7.20
2008.03.12 14:33:56.481,1.02245,1.0226,4.20,7.20
2008.03.12 14:33:56.558,1.02245,1.0226,4.20,7.20
2008.03.12 14:33:56.626,1.02245,1.0226,4.20,7.20
2008.03.12 14:33:56.693,1.02245,1.0226,4.20,7.20
2008.03.12 14:33:56.762,1.02245,1.0226,4.20,7.20
2008.03.12 14:33:56.832,1.02245,1.0226,4.20,7.20
2008.03.12 14:33:56.913,1.02245,1.0226,4.20,7.20
2008.03.12 14:33:56.970,1.02245,1.0226,4.20,7.20
2008.03.12 14:33:57.038,1.02245,1.0226,4.20,7.20
2008.03.12 14:33:57.108,1.02245,1.0226,4.20,7.20
2008.03.12 14:33:57.175,1.02245,1.0226,4.20,7.20
2008.03.12 14:33:57.509,1.02245,1.0226,4.20,7.20
2008.03.12 14:33:57.844,1.02245,1.0226,4.20,7.20
2008.03.12 14:33:58.177,1.02245,1.0226,4.20,7.20
2008.03.12 14:33:58.421,1.02245,1.0226,4.20,6.80
2008.03.12 14:33:58.677,1.02245,1.0226,4.20,4.00
2008.03.12 14:33:58.910,1.0225,1.02265,0.30,2.40
2008.03.12 14:33:59.157,1.02255,1.02265,0.30,2.40
2008.03.12 14:33:59.400,1.02255,1.02265,0.30,2.40
2008.03.12 14:33:59.735,1.02255,1.02265,4.20,2.40
2008.03.12 14:34:00.070,1.02255,1.02265,4.20,2.40
2008.03.12 14:34:00.404,1.02255,1.02265,4.20,2.40
2008.03.12 14:34:00.648,1.02255,1.02265,4.20,2.40
2008.03.12 14:34:00.893,1.02255,1.02265,4.20,2.40
2008.03.12 14:34:01.137,1.02255,1.02265,4.20,2.40
2008.03.12 14:34:01.390,1.02255,1.02265,4.20,2.40
2008.03.12 14:34:01.735,1.02255,1.02265,4.20,2.40
2008.03.12 14:34:02.057,1.02255,1.02265,4.20,2.40
2008.03.12 14:34:02.392,1.02255,1.02265,4.20,2.40
2008.03.12 14:34:02.631,1.02255,1.02265,4.20,2.40
2008.03.12 14:34:02.869,1.02255,1.02265,4.20,2.40
2008.03.12 14:34:03.108,1.02255,1.02265,4.20,2.40
2008.03.12 14:34:03.349,1.02255,1.02265,4.20,2.40
2008.03.12 14:34:03.684,1.02255,1.02265,4.00,2.40
2008.03.12 14:34:04.018,1.02255,1.02265,4.00,2.40
2008.03.12 14:34:04.351,1.02255,1.02265,4.20,2.40
2008.03.12 14:34:04.591,1.0225,1.02265,0.30,2.40
2008.03.12 14:34:04.831,1.0225,1.02265,0.30,1.60
2008.03.12 14:34:05.069,1.0225,1.02265,0.30,1.60
2008.03.12 14:34:05.308,1.0225,1.02265,0.30,1.60
2008.03.12 14:34:05.622,1.0225,1.02265,0.30,1.60
2008.03.12 14:34:05.936,1.0225,1.02265,0.30,1.60
2008.03.12 14:34:06.251,1.0225,1.02265,0.30,1.60
2008.03.12 14:34:06.565,1.02255,1.02265,4.20,1.60
2008.03.12 14:34:06.871,1.0225,1.02265,0.30,1.60
2008.03.12 14:34:07.174,1.0225,1.02265,0.30,1.60
2008.03.12 14:34:07.480,1.02255,1.02265,0.30,1.60
2008.03.12 14:34:07.739,1.02255,1.02265,0.30,1.60
2008.03.12 14:34:07.999,1.02255,1.02265,0.30,1.60
2008.03.12 14:34:08.259,1.02255,1.02265,4.20,1.60
2008.03.12 14:34:08.518,1.02255,1.0227,0.30,3.30
2008.03.12 14:34:08.827,1.0225,1.0227,0.30,0.90
2008.03.12 14:34:09.138,1.02255,1.0227,0.30,0.80
2008.03.12 14:34:09.446,1.0225,1.0227,8.20,0.80
2008.03.12 14:34:09.685,1.0225,1.0227,0.30,5.60
2008.03.12 14:34:09.935,1.0225,1.0227,0.30,7.00
2008.03.12 14:34:10.176,1.0225,1.0227,8.20,0.80
2008.03.12 14:34:10.414,1.0225,1.0227,8.20,0.80
2008.03.12 14:34:10.655,1.0225,1.0227,8.20,0.80
2008.03.12 14:34:10.989,1.0225,1.0227,0.30,0.80
2008.03.12 14:34:11.323,1.0225,1.0227,0.30,0.80
2008.03.12 14:34:11.659,1.0225,1.0227,0.30,10.40
2008.03.12 14:34:11.923,1.02255,1.0227,0.30,8.00
2008.03.12 14:34:12.187,1.0225,1.0227,0.30,0.80
2008.03.12 14:34:12.450,1.0225,1.0227,0.30,0.80
2008.03.12 14:34:12.754,1.02255,1.0227,0.30,0.80
2008.03.12 14:34:13.058,1.02255,1.0227,0.30,0.20
2008.03.12 14:34:13.361,1.02255,1.0227,0.30,0.20
2008.03.12 14:34:13.665,1.02255,1.0227,0.30,0.20
2008.03.12 14:34:13.923,1.02255,1.0227,0.30,0.20
2008.03.12 14:34:14.183,1.0225,1.0227,0.30,0.20
2008.03.12 14:34:14.444,1.0225,1.0227,0.30,0.20
2008.03.12 14:34:14.702,1.0225,1.0226,0.30,2.40
2008.03.12 14:34:14.991,1.0225,1.0227,0.30,14.40
2008.03.12 14:34:15.280,1.0225,1.0227,0.30,14.40
2008.03.12 14:34:15.569,1.0225,1.0227,0.30,13.70
2008.03.12 14:34:15.862,1.0225,1.0227,0.30,13.70
2008.03.12 14:34:16.156,1.0225,1.0227,0.30,13.70
2008.03.12 14:34:16.449,1.0225,1.0227,0.30,13.70
2008.03.12 14:34:16.743,1.0225,1.0227,0.30,13.70
2008.03.12 14:34:17.022,1.0225,1.0227,0.30,13.70
2008.03.12 14:34:17.299,1.0225,1.0227,0.30,13.70
2008.03.12 14:34:17.577,1.0225,1.0227,0.30,13.70
2008.03.12 14:34:17.862,1.0225,1.0227,0.30,13.70
2008.03.12 14:34:18.146,1.0225,1.0227,0.30,13.70
2008.03.12 14:34:18.430,1.0225,1.0227,0.30,13.70
2008.03.12 14:34:18.722,1.0225,1.0227,0.30,13.70
2008.03.12 14:34:18.986,1.0225,1.0227,0.30,13.70
2008.03.12 14:34:19.251,1.0225,1.0227,5.00,4.10
2008.03.12 14:34:19.516,1.0225,1.0226,0.30,4.00
2008.03.12 14:34:19.779,1.02245,1.0226,5.80,4.00
2008.03.12 14:34:20.078,1.0225,1.0227,0.30,15.10
2008.03.12 14:34:20.378,1.0225,1.0227,0.30,14.60
2008.03.12 14:34:20.677,1.0225,1.0227,0.30,13.80
2008.03.12 14:34:20.981,1.0225,1.0227,0.30,13.80
2008.03.12 14:34:21.285,1.0225,1.0227,0.30,13.80
2008.03.12 14:34:21.590,1.0225,1.0227,0.30,13.80
2008.03.12 14:34:21.871,1.0225,1.0227,2.60,6.60
2008.03.12 14:34:22.140,1.0225,1.0227,0.30,13.80
2008.03.12 14:34:22.408,1.0225,1.0227,0.30,13.80
2008.03.12 14:34:22.677,1.0225,1.0227,0.30,13.80
2008.03.12 14:34:22.972,1.0225,1.0227,0.30,13.80
2008.03.12 14:34:23.265,1.0225,1.0227,0.30,13.80
2008.03.12 14:34:23.559,1.0225,1.0227,0.30,13.80
2008.03.12 14:34:23.853,1.0225,1.0227,0.30,13.80
2008.03.12 14:34:24.111,1.0225,1.0227,0.30,13.80
2008.03.12 14:34:24.371,1.0225,1.0227,0.30,14.50
2008.03.12 14:34:24.631,1.0225,1.0227,0.30,14.50
2008.03.12 14:34:24.890,1.0225,1.0227,0.30,14.50
2008.03.12 14:34:25.179,1.0225,1.0227,0.30,14.50
2008.03.12 14:34:25.468,1.0225,1.0227,0.30,14.50
2008.03.12 14:34:25.757,1.0225,1.0227,0.30,14.50
2008.03.12 14:34:26.077,1.0225,1.0227,0.30,14.50
2008.03.12 14:34:26.395,1.0225,1.0227,0.30,14.50
2008.03.12 14:34:26.713,1.0225,1.0227,0.30,14.50
2008.03.12 14:34:26.956,1.0225,1.0227,0.30,14.50
2008.03.12 14:34:27.201,1.0225,1.0227,0.30,14.50
2008.03.12 14:34:27.445,1.0225,1.0227,0.30,14.50
2008.03.12 14:34:27.688,1.0225,1.0227,0.30,14.50
2008.03.12 14:34:27.938,1.0225,1.0227,0.30,14.50
2008.03.12 14:34:28.257,1.0225,1.0227,0.30,14.30
2008.03.12 14:34:28.577,1.0225,1.0227,0.30,14.30
2008.03.12 14:34:28.896,1.02255,1.0227,0.30,14.30
2008.03.12 14:34:29.130,1.0225,1.0227,0.30,11.40
2008.03.12 14:34:29.364,1.0226,1.0227,0.30,4.80
2008.03.12 14:34:29.598,1.02255,1.0228,0.30,22.50
2008.03.12 14:34:29.833,1.02255,1.0227,0.30,0.20
2008.03.12 14:34:30.143,1.02255,1.0227,0.30,0.20
2008.03.12 14:34:30.451,1.02255,1.0227,0.30,0.20
2008.03.12 14:34:30.762,1.02255,1.0227,0.30,0.20
2008.03.12 14:34:31.071,1.02255,1.0227,0.30,0.20
2008.03.12 14:34:31.381,1.02255,1.0227,0.30,0.20
2008.03.12 14:34:31.691,1.02255,1.02275,0.30,3.20
2008.03.12 14:34:32.001,1.02255,1.0228,0.30,21.20
2008.03.12 14:34:32.255,1.02255,1.02275,0.30,3.20
2008.03.12 14:34:32.507,1.02255,1.02275,0.30,3.20
2008.03.12 14:34:32.762,1.02255,1.02275,0.30,3.20
2008.03.12 14:34:33.060,1.02255,1.02275,0.30,3.20
2008.03.12 14:34:33.359,1.02255,1.02275,0.30,3.20
2008.03.12 14:34:33.657,1.02255,1.02275,0.30,3.20
2008.03.12 14:34:33.957,1.02255,1.0228,0.30,21.20
2008.03.12 14:34:34.206,1.02255,1.0228,0.30,21.20
2008.03.12 14:34:34.456,1.02255,1.0228,0.30,21.20
2008.03.12 14:34:34.717,1.02255,1.0227,0.30,4.80
2008.03.12 14:34:34.956,1.02255,1.0227,0.30,4.80
2008.03.12 14:34:35.275,1.0226,1.0228,0.30,16.40
2008.03.12 14:34:35.595,1.0226,1.0228,0.30,16.40
2008.03.12 14:34:35.913,1.0226,1.0228,0.30,16.40
2008.03.12 14:34:36.187,1.0226,1.0228,0.30,16.40
2008.03.12 14:34:36.462,1.0226,1.0228,0.30,16.40
2008.03.12 14:34:36.736,1.0226,1.0227,0.30,2.40
2008.03.12 14:34:37.011,1.0226,1.0228,0.30,18.10
2008.03.12 14:34:37.296,1.0226,1.0228,0.30,18.10
2008.03.12 14:34:37.579,1.0226,1.0228,0.30,18.10
2008.03.12 14:34:37.862,1.0226,1.0228,0.30,18.10
2008.03.12 14:34:38.141,1.0226,1.0228,0.30,18.10
2008.03.12 14:34:38.421,1.0226,1.0228,0.30,18.10
2008.03.12 14:34:38.699,1.0226,1.0228,0.30,18.10
2008.03.12 14:34:38.978,1.0226,1.0228,0.30,16.40
2008.03.12 14:34:39.241,1.0226,1.0228,0.30,16.40
2008.03.12 14:34:39.505,1.0226,1.0228,0.30,16.40
2008.03.12 14:34:39.769,1.0225,1.0227,4.00,0.80
2008.03.12 14:34:40.034,1.0225,1.0227,0.30,11.20
2008.03.12 14:34:40.328,1.0225,1.0227,0.30,11.20
2008.03.12 14:34:40.634,1.0225,1.0227,0.30,13.60
2008.03.12 14:34:40.927,1.0225,1.0227,0.30,13.60
2008.03.12 14:34:41.232,1.02255,1.0227,0.30,11.20
2008.03.12 14:34:41.536,1.02255,1.0227,0.30,0.40
2008.03.12 14:34:41.841,1.02255,1.0227,0.30,5.10
2008.03.12 14:34:42.157,1.0225,1.0227,0.30,0.40
2008.03.12 14:34:42.421,1.0225,1.0227,0.30,0.40
2008.03.12 14:34:42.684,1.0225,1.0227,0.30,0.40
2008.03.12 14:34:42.950,1.0225,1.0227,0.30,0.40
2008.03.12 14:34:43.239,1.02255,1.0227,0.30,0.40
2008.03.12 14:34:43.528,1.02255,1.0227,0.30,0.40
2008.03.12 14:34:43.815,1.02255,1.0227,0.30,0.40
2008.03.12 14:34:44.105,1.02255,1.0227,0.30,0.40
2008.03.12 14:34:44.349,1.02255,1.0227,0.30,0.40
2008.03.12 14:34:44.593,1.02255,1.02275,0.30,3.20
2008.03.12 14:34:44.838,1.02255,1.0227,0.30,0.30
2008.03.12 14:34:45.081,1.02255,1.0227,0.30,0.30
2008.03.12 14:34:45.400,1.02255,1.0227,0.30,0.30
2008.03.12 14:34:45.719,1.02255,1.0227,0.30,0.30
2008.03.12 14:34:46.038,1.02255,1.0227,0.30,0.30
2008.03.12 14:34:46.317,1.02255,1.0227,0.30,0.30
2008.03.12 14:34:46.597,1.02255,1.0227,0.30,0.30
2008.03.12 14:34:46.876,1.02255,1.0227,0.30,0.30
2008.03.12 14:34:47.155,1.02255,1.0227,0.30,0.30
2008.03.12 14:34:47.433,1.02255,1.0227,0.30,0.30
2008.03.12 14:34:47.713,1.02255,1.0227,0.30,0.30
2008.03.12 14:34:47.991,1.02255,1.0227,0.30,0.60
2008.03.12 14:34:48.269,1.02255,1.0227,0.30,0.60
2008.03.12 14:34:48.550,1.02255,1.0227,0.30,0.60
2008.03.12 14:34:48.829,1.02255,1.0227,0.30,5.40
2008.03.12 14:34:49.108,1.0225,1.0227,0.30,10.20
2008.03.12 14:34:49.393,1.0225,1.0227,0.30,13.90
2008.03.12 14:34:49.656,1.0225,1.0227,0.30,13.80
2008.03.12 14:34:49.930,1.0225,1.0227,0.30,14.10
2008.03.12 14:34:50.204,1.0225,1.0227,0.30,14.20
2008.03.12 14:34:50.497,1.0225,1.0227,0.30,14.20
2008.03.12 14:34:50.792,1.0225,1.0227,0.30,14.20
2008.03.12 14:34:51.085,1.0225,1.0227,0.30,14.20
2008.03.12 14:34:51.365,1.0225,1.0227,0.30,14.10
2008.03.12 14:34:51.644,1.0225,1.0227,0.30,14.10
2008.03.12 14:34:51.924,1.0225,1.0227,0.30,14.00
2008.03.12 14:34:52.202,1.0225,1.0227,0.30,14.00
2008.03.12 14:34:52.511,1.0225,1.0227,0.30,14.00
2008.03.12 14:34:52.821,1.0225,1.0227,0.30,14.00
2008.03.12 14:34:53.129,1.0225,1.0227,0.30,14.00
2008.03.12 14:34:53.369,1.0225,1.0227,0.30,14.00
2008.03.12 14:34:53.608,1.0225,1.0227,0.30,13.80
2008.03.12 14:34:53.847,1.0225,1.0227,0.30,13.80
2008.03.12 14:34:54.086,1.0225,1.0227,0.30,13.80
2008.03.12 14:34:54.410,1.0225,1.0227,0.30,13.60
2008.03.12 14:34:54.732,1.0225,1.0227,0.30,13.60
2008.03.12 14:34:55.066,1.0225,1.0227,0.30,13.60
2008.03.12 14:34:55.283,1.0225,1.0227,0.30,13.60
2008.03.12 14:34:55.512,1.0225,1.0227,0.30,13.60
2008.03.12 14:34:55.739,1.0225,1.0227,0.30,13.60
2008.03.12 14:34:55.968,1.0225,1.0227,0.30,13.60
2008.03.12 14:34:56.196,1.0225,1.0227,0.30,13.60
2008.03.12 14:34:56.530,1.02245,1.0227,4.20,15.50
2008.03.12 14:34:56.865,1.02245,1.0226,4.20,4.00
2008.03.12 14:34:57.199,1.02245,1.0226,4.20,4.00
2008.03.12 14:34:57.431,1.02245,1.0226,4.20,4.00
2008.03.12 14:34:57.659,1.02245,1.0226,4.20,4.00
2008.03.12 14:34:57.888,1.02245,1.0226,4.20,4.00
2008.03.12 14:34:58.116,1.02245,1.0226,4.20,4.00
2008.03.12 14:34:58.445,1.02245,1.0226,4.20,4.00
2008.03.12 14:34:58.773,1.02245,1.0226,4.20,4.00
2008.03.12 14:34:59.101,1.02245,1.0226,4.20,4.00
2008.03.12 14:34:59.351,1.02245,1.0226,4.20,4.00
2008.03.12 14:34:59.595,1.02245,1.0226,4.20,4.00
2008.03.12 14:34:59.839,1.02245,1.0226,4.20,4.00
2008.03.12 14:35:00.083,1.02245,1.0226,4.20,4.00
2008.03.12 14:35:00.407,1.02245,1.0226,4.20,4.00
2008.03.12 14:35:00.732,1.02245,1.0226,4.20,4.00
2008.03.12 14:35:01.057,1.02245,1.0226,4.20,4.00
2008.03.12 14:35:01.389,1.02245,1.0226,4.20,6.40
2008.03.12 14:35:01.674,1.02245,1.0226,4.20,6.40
2008.03.12 14:35:01.957,1.02245,1.0226,4.20,6.40
2008.03.12 14:35:02.240,1.02245,1.0226,4.20,6.40
2008.03.12 14:35:02.504,1.02245,1.0226,4.20,6.40
2008.03.12 14:35:02.767,1.02245,1.0226,4.20,6.40
2008.03.12 14:35:03.033,1.02245,1.0226,4.20,6.40
2008.03.12 14:35:03.295,1.02245,1.0226,4.20,6.40
2008.03.12 14:35:03.575,1.02245,1.0226,4.20,6.40
2008.03.12 14:35:03.856,1.02245,1.0226,4.20,6.40
2008.03.12 14:35:04.136,1.02245,1.0226,4.20,6.40
2008.03.12 14:35:04.414,1.02245,1.0226,4.20,6.40
2008.03.12 14:35:04.693,1.02245,1.0226,4.20,6.40
2008.03.12 14:35:04.972,1.02245,1.0226,4.20,6.40
2008.03.12 14:35:05.251,1.02245,1.0226,4.20,6.40
2008.03.12 14:35:05.510,1.02245,1.0226,4.20,6.40
2008.03.12 14:35:05.769,1.02245,1.0226,4.20,6.40
2008.03.12 14:35:06.040,1.02245,1.0226,4.20,6.40
2008.03.12 14:35:06.299,1.02245,1.0226,4.20,6.40
2008.03.12 14:35:06.628,1.02245,1.0226,4.20,6.40
2008.03.12 14:35:06.958,1.02245,1.0226,4.20,6.40
2008.03.12 14:35:07.287,1.02245,1.0226,4.20,6.40
2008.03.12 14:35:07.531,1.02245,1.0226,4.20,6.40
2008.03.12 14:35:07.775,1.02245,1.0226,4.20,6.40
2008.03.12 14:35:08.020,1.02245,1.0226,4.20,6.40
2008.03.12 14:35:08.262,1.02245,1.0226,4.20,6.40
2008.03.12 14:35:08.506,1.02245,1.0226,4.20,6.40
2008.03.12 14:35:08.834,1.02245,1.0226,4.20,6.40
2008.03.12 14:35:09.164,1.02245,1.0226,4.20,6.40
2008.03.12 14:35:09.492,1.02245,1.0226,4.20,6.40
2008.03.12 14:35:09.757,1.02245,1.0226,4.20,6.40
2008.03.12 14:35:10.000,1.02245,1.0226,4.20,6.40
2008.03.12 14:35:10.253,1.02245,1.0226,4.20,6.40
2008.03.12 14:35:10.506,1.02245,1.0226,4.20,6.40
2008.03.12 14:35:10.805,1.0224,1.0226,2.60,6.40
2008.03.12 14:35:11.104,1.02235,1.0226,9.80,8.80
2008.03.12 14:35:11.404,1.02235,1.0226,3.40,15.20
2008.03.12 14:35:11.697,1.0224,1.0226,0.30,9.10
2008.03.12 14:35:11.992,1.0224,1.0226,0.30,9.10
2008.03.12 14:35:12.287,1.0224,1.0226,0.30,8.80
2008.03.12 14:35:12.580,1.0224,1.0226,0.30,8.80
2008.03.12 14:35:12.855,1.0224,1.0225,0.30,0.20
2008.03.12 14:35:13.138,1.02235,1.0225,4.20,2.40
2008.03.12 14:35:13.423,1.0223,1.0225,0.30,9.00
2008.03.12 14:35:13.718,1.02225,1.0225,3.40,13.80
2008.03.12 14:35:14.013,1.0223,1.0225,0.30,11.40
2008.03.12 14:35:14.305,1.0223,1.0225,0.30,9.10
2008.03.12 14:35:14.601,1.0223,1.0225,0.30,9.00
2008.03.12 14:35:14.859,1.0223,1.0225,0.30,9.00
2008.03.12 14:35:15.118,1.0223,1.0225,0.30,9.00
2008.03.12 14:35:15.377,1.0223,1.0225,0.30,9.00
2008.03.12 14:35:15.638,1.02225,1.02245,7.40,0.80
2008.03.12 14:35:15.947,1.02225,1.02245,4.20,0.80
2008.03.12 14:35:16.256,1.02225,1.0224,4.20,4.00
2008.03.12 14:35:16.565,1.02225,1.0224,4.20,4.00
2008.03.12 14:35:16.860,1.02225,1.0224,4.20,4.00
2008.03.12 14:35:17.154,1.02225,1.0224,4.20,4.00
2008.03.12 14:35:17.449,1.02225,1.0224,4.20,4.00
2008.03.12 14:35:17.718,1.02225,1.0224,4.20,4.00
2008.03.12 14:35:17.986,1.02225,1.0224,4.00,4.00
2008.03.12 14:35:18.255,1.0222,1.0224,2.60,4.00
2008.03.12 14:35:18.524,1.02225,1.0224,4.20,4.00
2008.03.12 14:35:18.818,1.02225,1.0224,4.20,4.00
2008.03.12 14:35:19.112,1.02225,1.0224,4.20,4.00
2008.03.12 14:35:19.406,1.02225,1.0224,4.20,4.00
2008.03.12 14:35:19.700,1.02225,1.0224,4.20,4.00
2008.03.12 14:35:19.964,1.02225,1.0224,4.20,4.00
2008.03.12 14:35:20.227,1.02225,1.0224,4.20,4.00
2008.03.12 14:35:20.491,1.02225,1.0224,4.20,4.00
2008.03.12 14:35:20.754,1.02225,1.0224,4.20,4.00
2008.03.12 14:35:21.058,1.02225,1.0224,4.20,4.00
2008.03.12 14:35:21.372,1.02225,1.0224,4.20,4.00
2008.03.12 14:35:21.675,1.02225,1.0224,4.20,4.00
2008.03.12 14:35:21.964,1.0223,1.0225,0.30,16.00
2008.03.12 14:35:22.254,1.0223,1.0225,0.30,10.50
2008.03.12 14:35:22.543,1.0223,1.0225,0.30,9.20
2008.03.12 14:35:22.833,1.0223,1.0225,0.30,9.50
2008.03.12 14:35:23.101,1.0223,1.0225,0.30,9.50
2008.03.12 14:35:23.378,1.0223,1.0225,0.30,9.50
2008.03.12 14:35:23.647,1.0223,1.0225,0.30,9.50
2008.03.12 14:35:23.936,1.0223,1.0225,0.30,9.50
2008.03.12 14:35:24.224,1.0223,1.0225,0.30,9.10
2008.03.12 14:35:24.512,1.0223,1.0225,0.30,9.10
2008.03.12 14:35:24.802,1.0223,1.0225,0.30,8.90
2008.03.12 14:35:25.061,1.0223,1.0225,0.30,8.90
2008.03.12 14:35:25.330,1.0223,1.0225,0.30,8.90
2008.03.12 14:35:25.589,1.0223,1.0225,0.30,8.90
2008.03.12 14:35:25.848,1.0223,1.0225,0.30,8.90
2008.03.12 14:35:26.152,1.0223,1.0225,0.30,8.90
2008.03.12 14:35:26.457,1.0223,1.0225,0.30,9.10
2008.03.12 14:35:26.761,1.0223,1.0225,0.30,9.10
2008.03.12 14:35:27.050,1.0223,1.0225,0.30,9.00
2008.03.12 14:35:27.340,1.0223,1.0225,0.30,9.00
2008.03.12 14:35:27.629,1.0223,1.0225,0.30,9.00
2008.03.12 14:35:27.918,1.0223,1.0225,0.30,9.00
2008.03.12 14:35:28.201,1.0223,1.0225,0.30,9.80
2008.03.12 14:35:28.486,1.0223,1.0225,0.30,10.30
2008.03.12 14:35:28.770,1.0223,1.0225,0.30,11.10
2008.03.12 14:35:29.024,1.0223,1.0225,0.30,11.10
2008.03.12 14:35:29.278,1.0223,1.0225,0.30,9.90
2008.03.12 14:35:29.532,1.0223,1.0225,0.30,9.60
2008.03.12 14:35:29.786,1.0223,1.0225,0.30,9.60
2008.03.12 14:35:30.102,1.0223,1.0225,0.30,9.60
2008.03.12 14:35:30.416,1.0223,1.0225,0.30,9.60
2008.03.12 14:35:30.731,1.0223,1.0225,0.30,9.20
2008.03.12 14:35:30.995,1.0223,1.0225,0.30,9.70
2008.03.12 14:35:31.259,1.0223,1.0225,0.30,9.40
2008.03.12 14:35:31.524,1.0223,1.0225,0.30,9.40
2008.03.12 14:35:31.788,1.0223,1.0225,0.30,9.30
2008.03.12 14:35:32.077,1.0223,1.0225,0.30,9.30
2008.03.12 14:35:32.366,1.0223,1.0225,0.30,9.30
2008.03.12 14:35:32.654,1.0223,1.0225,0.30,9.30
2008.03.12 14:35:32.944,1.0223,1.0225,0.30,9.30
2008.03.12 14:35:33.248,1.0223,1.0225,0.30,11.10
2008.03.12 14:35:33.551,1.0223,1.0225,0.30,11.10
2008.03.12 14:35:33.854,1.0223,1.0225,0.30,11.10
2008.03.12 14:35:34.089,1.0223,1.0225,0.30,11.10
2008.03.12 14:35:34.323,1.0223,1.0225,0.30,10.00
2008.03.12 14:35:34.557,1.0223,1.0225,0.30,10.00
2008.03.12 14:35:34.791,1.0223,1.0225,0.30,10.30
2008.03.12 14:35:35.109,1.0223,1.0225,0.30,11.10
2008.03.12 14:35:35.427,1.0223,1.0225,0.30,11.10
2008.03.12 14:35:35.746,1.0223,1.0225,0.30,11.10
2008.03.12 14:35:36.018,1.0223,1.0225,0.30,10.80
2008.03.12 14:35:36.287,1.0223,1.0225,0.30,9.60
2008.03.12 14:35:36.557,1.0223,1.0225,0.30,9.20
2008.03.12 14:35:36.826,1.0223,1.0225,0.30,9.20
2008.03.12 14:35:37.130,1.0223,1.0225,0.30,10.10
2008.03.12 14:35:37.434,1.0223,1.0225,0.30,10.10
2008.03.12 14:35:37.738,1.0223,1.0225,0.30,10.30
2008.03.12 14:35:38.043,1.0223,1.0225,0.30,11.10
2008.03.12 14:35:38.307,1.0223,1.0225,0.30,11.10
2008.03.12 14:35:38.571,1.0223,1.0225,0.30,11.10
2008.03.12 14:35:38.836,1.0223,1.0224,0.30,2.40
2008.03.12 14:35:39.100,1.02225,1.0224,4.20,4.80
2008.03.12 14:35:39.364,1.0222,1.0224,3.40,8.90
2008.03.12 14:35:39.630,1.0222,1.0224,0.30,8.90
2008.03.12 14:35:39.874,1.0222,1.0224,0.30,8.90
2008.03.12 14:35:40.176,1.0222,1.0224,0.30,8.90
2008.03.12 14:35:40.480,1.0222,1.0224,0.30,8.90
2008.03.12 14:35:40.787,1.0222,1.0224,0.30,8.90
2008.03.12 14:35:41.089,1.0222,1.0224,0.30,8.90
2008.03.12 14:35:41.398,1.0222,1.0224,0.30,8.90
2008.03.12 14:35:41.708,1.0222,1.0224,0.30,8.90
2008.03.12 14:35:42.029,1.0222,1.0224,0.30,8.90
2008.03.12 14:35:42.261,1.0222,1.0224,0.30,8.90
2008.03.12 14:35:42.495,1.0222,1.0224,0.30,8.90
2008.03.12 14:35:42.731,1.0222,1.0224,0.30,8.80
2008.03.12 14:35:42.966,1.0222,1.0224,0.30,8.90
2008.03.12 14:35:43.300,1.02215,1.0224,3.40,13.70
2008.03.12 14:35:43.636,1.0222,1.0224,0.30,8.90
2008.03.12 14:35:43.970,1.02215,1.0224,5.80,8.90
2008.03.12 14:35:44.218,1.0222,1.0224,3.40,6.50
2008.03.12 14:35:44.473,1.0222,1.0224,3.40,8.80
2008.03.12 14:35:44.717,1.02225,1.0224,0.30,8.80
2008.03.12 14:35:44.963,1.02225,1.0224,4.20,8.80
2008.03.12 14:35:45.207,1.02225,1.0224,4.20,8.80
2008.03.12 14:35:45.511,1.02225,1.0224,4.20,8.80
2008.03.12 14:35:45.816,1.02225,1.0224,4.20,8.80
2008.03.12 14:35:46.120,1.02225,1.0224,4.20,6.40
2008.03.12 14:35:46.406,1.02225,1.0224,4.20,6.40
2008.03.12 14:35:46.679,1.02225,1.0224,4.20,6.40
2008.03.12 14:35:46.952,1.02225,1.0224,4.20,6.40
2008.03.12 14:35:47.228,1.02225,1.0224,4.20,6.40
2008.03.12 14:35:47.515,1.02225,1.0224,4.20,6.40
2008.03.12 14:35:47.798,1.02225,1.0224,4.20,6.40
2008.03.12 14:35:48.082,1.02225,1.0224,4.20,6.40
2008.03.12 14:35:48.332,1.02225,1.0224,4.20,6.40
2008.03.12 14:35:48.590,1.02225,1.0224,4.20,4.00
2008.03.12 14:35:48.841,1.02225,1.0224,4.20,4.00
2008.03.12 14:35:49.091,1.02225,1.0224,4.20,4.00
2008.03.12 14:35:49.375,1.02225,1.0224,4.20,4.00
2008.03.12 14:35:49.657,1.02225,1.0224,4.20,4.00
2008.03.12 14:35:49.940,1.02225,1.0224,4.20,4.00
2008.03.12 14:35:50.225,1.02225,1.0224,4.20,4.00
2008.03.12 14:35:50.472,1.02225,1.0224,4.20,4.00
2008.03.12 14:35:50.722,1.02225,1.0224,4.20,4.00
2008.03.12 14:35:50.976,1.02225,1.0224,4.20,4.00
2008.03.12 14:35:51.225,1.02225,1.0224,4.20,4.00
2008.03.12 14:35:51.543,1.02225,1.0224,4.20,4.00
2008.03.12 14:35:51.862,1.02225,1.0224,4.20,4.00
2008.03.12 14:35:52.181,1.02225,1.0224,4.20,4.00
2008.03.12 14:35:52.415,1.02225,1.0224,4.20,4.00
2008.03.12 14:35:52.649,1.02225,1.0224,4.20,4.00
2008.03.12 14:35:52.882,1.02225,1.0224,4.20,4.00
2008.03.12 14:35:53.116,1.0223,1.0225,0.30,14.60
2008.03.12 14:35:53.351,1.0223,1.0225,0.30,13.60
2008.03.12 14:35:53.683,1.02235,1.0225,4.20,8.80
2008.03.12 14:35:54.012,1.02235,1.0225,4.20,8.80
2008.03.12 14:35:54.341,1.02235,1.0225,4.20,6.40
2008.03.12 14:35:54.595,1.02235,1.0225,4.20,6.40
2008.03.12 14:35:54.848,1.02235,1.0225,4.20,6.40
2008.03.12 14:35:55.103,1.02235,1.0225,4.20,6.40
2008.03.12 14:35:55.356,1.02235,1.0225,4.20,6.40
2008.03.12 14:35:55.664,1.02235,1.0225,4.20,6.40
2008.03.12 14:35:55.983,1.02235,1.0225,4.20,6.40
2008.03.12 14:35:56.283,1.02235,1.0225,4.20,6.40
2008.03.12 14:35:56.571,1.02235,1.0225,4.20,6.50
2008.03.12 14:35:56.859,1.02235,1.0225,4.20,6.50
2008.03.12 14:35:57.147,1.02235,1.0225,4.20,9.40
2008.03.12 14:35:57.436,1.02235,1.0225,4.00,9.40
2008.03.12 14:35:57.704,1.0223,1.0225,0.30,10.00
2008.03.12 14:35:57.974,1.0223,1.0225,0.30,10.50
2008.03.12 14:35:58.242,1.0223,1.0225,0.30,10.80
2008.03.12 14:35:58.510,1.0223,1.0225,0.30,10.50
2008.03.12 14:35:58.779,1.0223,1.0225,0.30,9.60
2008.03.12 14:35:59.048,1.0223,1.0225,0.30,9.60
2008.03.12 14:35:59.317,1.0223,1.0225,0.30,10.30
2008.03.12 14:35:59.607,1.0223,1.0225,0.30,11.10
2008.03.12 14:35:59.895,1.0223,1.0225,0.30,11.10
2008.03.12 14:36:00.182,1.0223,1.0225,0.30,11.10
2008.03.12 14:36:00.471,1.0223,1.0225,0.30,11.20
2008.03.12 14:36:00.770,1.0223,1.0225,0.30,11.20
2008.03.12 14:36:01.069,1.0223,1.0225,0.30,11.20
2008.03.12 14:36:01.367,1.0223,1.0225,0.30,11.20
2008.03.12 14:36:01.639,1.0223,1.0225,0.30,11.20
2008.03.12 14:36:01.912,1.0223,1.0225,0.30,11.20
2008.03.12 14:36:02.187,1.0223,1.0225,0.30,11.20
2008.03.12 14:36:02.461,1.0223,1.0225,0.30,9.20
2008.03.12 14:36:02.750,1.0223,1.0225,0.30,9.00
2008.03.12 14:36:03.039,1.0223,1.0225,0.30,9.00
2008.03.12 14:36:03.328,1.0223,1.0225,0.30,9.00
2008.03.12 14:36:03.607,1.0223,1.0225,0.30,13.80
2008.03.12 14:36:03.886,1.0223,1.0225,0.30,13.80
2008.03.12 14:36:04.164,1.0223,1.0225,0.30,13.80
2008.03.12 14:36:04.443,1.0223,1.0225,0.30,13.80
2008.03.12 14:36:04.707,1.0223,1.0225,0.30,13.80
2008.03.12 14:36:04.972,1.0223,1.0225,0.30,13.80
2008.03.12 14:36:05.236,1.0223,1.0225,0.30,13.80
2008.03.12 14:36:05.499,1.0223,1.0225,0.30,13.80
2008.03.12 14:36:05.782,1.0223,1.0225,0.30,13.80
2008.03.12 14:36:06.066,1.0223,1.0225,0.30,13.80
2008.03.12 14:36:06.350,1.0223,1.0225,0.30,13.80
2008.03.12 14:36:06.633,1.0223,1.0225,0.30,13.80
2008.03.12 14:36:06.958,1.0223,1.0225,0.30,13.80
2008.03.12 14:36:07.271,1.0223,1.0225,0.30,13.80
2008.03.12 14:36:07.586,1.0223,1.0225,0.30,13.80
2008.03.12 14:36:07.809,1.0223,1.0225,0.30,13.80
2008.03.12 14:36:08.033,1.0223,1.0225,0.30,13.80
2008.03.12 14:36:08.256,1.0223,1.0225,0.30,13.80
2008.03.12 14:36:08.479,1.0223,1.0225,0.30,13.80
2008.03.12 14:36:08.813,1.0223,1.0225,0.30,13.80
2008.03.12 14:36:09.147,1.0223,1.0225,0.30,13.80
2008.03.12 14:36:09.481,1.0223,1.0225,0.30,14.50
2008.03.12 14:36:09.714,1.0223,1.0225,0.30,15.20
2008.03.12 14:36:09.948,1.0223,1.0225,0.30,16.00
2008.03.12 14:36:10.182,1.0223,1.0225,0.30,15.60
2008.03.12 14:36:10.416,1.0223,1.0225,0.30,14.80
2008.03.12 14:36:10.648,1.0223,1.0225,0.30,14.00
2008.03.12 14:36:10.962,1.0223,1.0225,0.30,15.20
2008.03.12 14:36:11.275,1.0223,1.0225,0.30,16.00
2008.03.12 14:36:11.588,1.0223,1.0225,0.30,16.00
2008.03.12 14:36:11.872,1.0223,1.0225,0.30,16.00
2008.03.12 14:36:12.156,1.0223,1.0225,0.30,16.00
2008.03.12 14:36:12.440,1.0223,1.0225,0.30,16.00
2008.03.12 14:36:12.723,1.0223,1.0225,0.30,15.60
2008.03.12 14:36:12.992,1.0223,1.0225,0.30,14.80
2008.03.12 14:36:13.261,1.0223,1.0225,0.30,14.80
2008.03.12 14:36:13.530,1.0223,1.0225,0.30,14.80
2008.03.12 14:36:13.799,1.0223,1.0225,0.30,14.80
2008.03.12 14:36:14.077,1.0223,1.0225,0.30,14.80
2008.03.12 14:36:14.354,1.0223,1.0225,0.30,14.80
2008.03.12 14:36:14.632,1.0223,1.0225,0.30,14.50
2008.03.12 14:36:14.906,1.0223,1.0225,0.30,14.50
2008.03.12 14:36:15.180,1.0223,1.0225,0.30,15.20
2008.03.12 14:36:15.454,1.0223,1.0225,0.30,15.20
2008.03.12 14:36:15.728,1.0223,1.0225,0.30,14.80
2008.03.12 14:36:15.980,1.0223,1.0225,0.30,14.80
2008.03.12 14:36:16.228,1.0223,1.0225,0.30,14.80
2008.03.12 14:36:16.477,1.0223,1.0225,0.30,14.60
2008.03.12 14:36:16.728,1.0223,1.0225,0.30,14.60
2008.03.12 14:36:17.037,1.0223,1.0225,0.30,14.30
2008.03.12 14:36:17.346,1.0223,1.0225,0.30,14.30
2008.03.12 14:36:17.653,1.0223,1.0225,0.30,14.30
2008.03.12 14:36:17.917,1.0223,1.0225,0.30,14.30
2008.03.12 14:36:18.180,1.0223,1.0225,0.30,14.30
2008.03.12 14:36:18.443,1.0223,1.0225,0.30,14.30
2008.03.12 14:36:18.708,1.0223,1.0225,0.30,14.30
2008.03.12 14:36:18.972,1.0223,1.0225,0.30,14.70
2008.03.12 14:36:19.227,1.0223,1.0225,0.30,14.70
2008.03.12 14:36:19.481,1.0223,1.0225,0.30,14.70
2008.03.12 14:36:19.735,1.0223,1.0225,0.30,14.70
2008.03.12 14:36:20.038,1.0223,1.0225,0.30,14.70
2008.03.12 14:36:20.341,1.0223,1.0225,0.30,14.70
2008.03.12 14:36:20.658,1.0223,1.0225,0.30,14.10
2008.03.12 14:36:20.973,1.0223,1.0225,0.30,14.10
2008.03.12 14:36:21.271,1.0223,1.0225,0.30,14.10
2008.03.12 14:36:21.570,1.0223,1.0225,0.30,14.10
2008.03.12 14:36:21.870,1.0223,1.0225,0.30,9.70
2008.03.12 14:36:22.135,1.0223,1.0225,0.30,10.10
2008.03.12 14:36:22.400,1.0223,1.0225,0.30,10.10
2008.03.12 14:36:22.664,1.0223,1.0225,0.30,10.20
2008.03.12 14:36:22.933,1.0223,1.0225,0.30,10.20
2008.03.12 14:36:23.236,1.0223,1.0225,0.30,10.20
2008.03.12 14:36:23.539,1.0223,1.0224,0.30,4.00
2008.03.12 14:36:23.814,1.0223,1.0224,0.30,4.00
2008.03.12 14:36:24.103,1.0223,1.0224,0.30,4.00
2008.03.12 14:36:24.381,1.0223,1.0224,0.30,4.00
2008.03.12 14:36:25.991,1.0223,1.0224,0.30,4.00
2008.03.12 14:36:26.078,1.0223,1.0224,0.30,4.00
2008.03.12 14:36:26.185,1.0223,1.0224,0.30,4.00
2008.03.12 14:36:26.276,1.0223,1.0224,0.30,4.00
2008.03.12 14:36:26.363,1.0223,1.0224,0.30,4.00
2008.03.12 14:36:26.454,1.0223,1.0225,0.30,11.20
2008.03.12 14:36:26.545,1.0223,1.0225,0.30,11.20
2008.03.12 14:36:26.634,1.0223,1.0225,0.30,11.20
2008.03.12 14:36:26.725,1.0223,1.0225,0.30,10.90
2008.03.12 14:36:26.812,1.0223,1.0225,0.30,10.90
2008.03.12 14:36:26.904,1.0223,1.0225,0.30,10.90
2008.03.12 14:36:26.998,1.0223,1.0225,0.30,10.90
2008.03.12 14:36:27.330,1.0223,1.0225,0.30,10.90
2008.03.12 14:36:27.663,1.0223,1.0225,0.30,10.90
2008.03.12 14:36:27.999,1.0223,1.0225,0.30,10.90
2008.03.12 14:36:28.230,1.0223,1.0225,0.30,10.80
2008.03.12 14:36:28.464,1.0223,1.0225,0.30,10.80
2008.03.12 14:36:28.708,1.0223,1.0225,0.30,10.80
2008.03.12 14:36:28.941,1.0223,1.0225,0.30,10.80
2008.03.12 14:36:29.175,1.0223,1.0225,0.30,10.10
2008.03.12 14:36:29.513,1.0223,1.0225,0.30,8.80
2008.03.12 14:36:29.848,1.02235,1.0225,4.00,6.40
2008.03.12 14:36:30.184,1.0223,1.0225,0.30,8.80
2008.03.12 14:36:30.433,1.0223,1.0225,0.30,8.80
2008.03.12 14:36:30.677,1.0223,1.0225,0.30,8.80
2008.03.12 14:36:30.923,1.0223,1.0225,0.30,8.80
2008.03.12 14:36:31.168,1.0223,1.0225,0.30,8.80
2008.03.12 14:36:31.492,1.0223,1.0225,0.30,8.80
2008.03.12 14:36:31.818,1.0223,1.0225,0.30,8.80
2008.03.12 14:36:32.140,1.0223,1.0225,0.30,8.80
2008.03.12 14:36:32.380,1.0223,1.0225,0.30,8.80
2008.03.12 14:36:32.630,1.0223,1.0225,1.00,8.80
2008.03.12 14:36:32.868,1.0223,1.0225,4.20,6.40
2008.03.12 14:36:33.106,1.0223,1.0225,1.80,8.80
2008.03.12 14:36:33.425,1.0223,1.0225,0.30,8.80
2008.03.12 14:36:33.744,1.0223,1.0225,0.30,8.80
2008.03.12 14:36:34.063,1.0223,1.0225,0.30,8.80
2008.03.12 14:36:34.383,1.0223,1.0225,0.30,8.80
2008.03.12 14:36:34.662,1.0223,1.0225,0.30,8.80
2008.03.12 14:36:34.941,1.0223,1.0225,0.30,8.80
2008.03.12 14:36:35.228,1.0223,1.0225,0.30,8.80
2008.03.12 14:36:35.487,1.0223,1.0225,0.30,8.80
2008.03.12 14:36:35.747,1.0223,1.0225,0.30,8.80
2008.03.12 14:36:36.005,1.0223,1.0225,0.30,8.80
2008.03.12 14:36:36.262,1.0223,1.0225,0.30,8.80
2008.03.12 14:36:36.586,1.0223,1.0225,1.00,8.80
2008.03.12 14:36:36.910,1.0223,1.0225,1.80,8.80
2008.03.12 14:36:37.235,1.02235,1.0225,4.20,6.40
2008.03.12 14:36:37.483,1.02235,1.0225,4.20,6.40
2008.03.12 14:36:37.732,1.02235,1.0225,4.20,6.40
2008.03.12 14:36:37.981,1.02235,1.0225,4.20,6.40
2008.03.12 14:36:38.229,1.02235,1.0225,4.20,6.40
2008.03.12 14:36:38.538,1.02235,1.0225,0.30,6.40
2008.03.12 14:36:38.848,1.02235,1.0225,0.30,6.40
2008.03.12 14:36:39.157,1.02235,1.0225,0.30,6.40
2008.03.12 14:36:39.406,1.02235,1.0225,0.30,6.40
2008.03.12 14:36:39.654,1.02235,1.0225,4.20,6.40
2008.03.12 14:36:39.904,1.02235,1.0225,4.20,4.00
2008.03.12 14:36:40.154,1.02235,1.0225,4.20,4.00
2008.03.12 14:36:40.404,1.02235,1.0225,4.20,4.00
2008.03.12 14:36:40.698,1.02235,1.0225,4.20,4.00
2008.03.12 14:36:40.991,1.02235,1.0225,4.20,4.00
2008.03.12 14:36:41.285,1.02235,1.0225,4.20,4.00
2008.03.12 14:36:41.588,1.02235,1.0225,4.20,4.00
2008.03.12 14:36:41.891,1.02235,1.0225,4.20,4.00
2008.03.12 14:36:42.194,1.02235,1.0225,4.20,4.00
2008.03.12 14:36:42.498,1.02235,1.0225,4.20,4.00
2008.03.12 14:36:42.722,1.02235,1.0225,4.20,4.00
2008.03.12 14:36:42.952,1.02235,1.0225,4.20,4.00
2008.03.12 14:36:43.177,1.02235,1.0225,4.20,4.00
2008.03.12 14:36:43.400,1.02235,1.0225,4.20,4.00
2008.03.12 14:36:43.734,1.02235,1.0225,4.20,4.00
2008.03.12 14:36:44.067,1.02235,1.0225,4.20,4.00
2008.03.12 14:36:44.401,1.02235,1.0225,4.20,4.00
2008.03.12 14:36:44.638,1.0224,1.0226,0.30,13.60
2008.03.12 14:36:44.870,1.02245,1.0227,0.30,29.60
2008.03.12 14:36:45.083,1.0224,1.0226,0.30,0.50
2008.03.12 14:36:45.306,1.0224,1.0226,0.30,0.50
2008.03.12 14:36:45.631,1.0224,1.0226,0.30,7.30
2008.03.12 14:36:45.955,1.0224,1.0226,0.30,14.30
2008.03.12 14:36:46.279,1.0224,1.0225,0.30,4.00
2008.03.12 14:36:46.604,1.0224,1.0226,0.30,14.40
2008.03.12 14:36:46.889,1.02245,1.02265,0.30,0.80
2008.03.12 14:36:47.172,1.02245,1.0226,0.30,3.20
2008.03.12 14:36:47.459,1.02245,1.0227,0.30,39.50
2008.03.12 14:36:47.724,1.02245,1.02265,0.30,3.20
2008.03.12 14:36:47.988,1.02245,1.0227,0.30,23.50
2008.03.12 14:36:48.253,1.02245,1.0227,0.30,22.70
2008.03.12 14:36:48.529,1.02245,1.02265,4.20,0.80
2008.03.12 14:36:48.803,1.02245,1.02265,4.20,0.80
2008.03.12 14:36:49.076,1.02245,1.02265,4.20,0.80
2008.03.12 14:36:49.350,1.02245,1.0226,4.20,4.00
2008.03.12 14:36:49.625,1.02245,1.0226,4.20,4.00
2008.03.12 14:36:49.898,1.02245,1.0226,4.20,4.00
2008.03.12 14:36:50.171,1.02245,1.0226,4.20,4.00
2008.03.12 14:36:50.445,1.0225,1.0227,0.30,24.20
2008.03.12 14:36:50.718,1.0225,1.0227,0.30,18.60
2008.03.12 14:36:51.013,1.02245,1.0227,0.30,18.60
2008.03.12 14:36:51.299,1.02245,1.0227,0.30,21.00
2008.03.12 14:36:51.583,1.02245,1.0227,0.30,21.00
2008.03.12 14:36:51.866,1.02245,1.0227,0.30,21.00
2008.03.12 14:36:52.150,1.02245,1.0227,0.30,21.00
2008.03.12 14:36:52.434,1.02245,1.0227,0.30,21.00
2008.03.12 14:36:52.718,1.02245,1.0227,0.30,21.00
2008.03.12 14:36:53.002,1.02245,1.0227,0.30,20.20
2008.03.12 14:36:53.301,1.02245,1.0227,0.30,21.00
2008.03.12 14:36:53.570,1.02245,1.0227,0.30,21.00
2008.03.12 14:36:53.858,1.02245,1.0227,0.30,21.00
2008.03.12 14:36:54.146,1.02245,1.0227,0.30,21.00
2008.03.12 14:36:54.435,1.02245,1.0227,0.30,21.00
2008.03.12 14:36:54.724,1.02245,1.0227,0.30,21.00
2008.03.12 14:36:55.003,1.02245,1.0227,0.30,21.00
2008.03.12 14:36:55.271,1.02245,1.0227,0.30,21.00
2008.03.12 14:36:55.540,1.02245,1.0227,0.30,21.00
2008.03.12 14:36:55.810,1.0225,1.0227,0.30,20.30
2008.03.12 14:36:56.104,1.0225,1.0227,0.30,20.30
2008.03.12 14:36:56.400,1.0225,1.0227,0.30,20.30
2008.03.12 14:36:56.695,1.0225,1.0227,0.30,21.40
2008.03.12 14:36:57.003,1.0225,1.0227,0.30,18.60
2008.03.12 14:36:57.313,1.0225,1.02265,0.30,0.80
2008.03.12 14:36:57.620,1.02245,1.02265,4.20,0.80
2008.03.12 14:36:57.870,1.02245,1.0226,4.20,4.00
2008.03.12 14:36:58.119,1.02245,1.0226,4.20,4.00
2008.03.12 14:36:58.370,1.02245,1.0226,4.20,4.00
2008.03.12 14:36:58.618,1.02245,1.0226,4.20,4.00
2008.03.12 14:36:58.933,1.02245,1.0226,4.20,4.00
2008.03.12 14:36:59.247,1.02245,1.0226,4.20,4.00
2008.03.12 14:36:59.561,1.0224,1.0226,0.30,8.90
2008.03.12 14:36:59.878,1.0224,1.0226,0.30,11.20
2008.03.12 14:37:00.151,1.02235,1.02255,6.60,0.80
2008.03.12 14:37:00.409,1.0224,1.0225,0.30,4.00
2008.03.12 14:37:00.669,1.0224,1.0225,0.30,2.40
2008.03.12 14:37:00.953,1.0224,1.0225,0.30,2.40
2008.03.12 14:37:01.238,1.02235,1.0225,6.60,2.40
2008.03.12 14:37:01.522,1.02235,1.0225,6.60,6.40
2008.03.12 14:37:01.813,1.02235,1.0225,6.60,6.40
2008.03.12 14:37:02.116,1.02235,1.0225,6.60,4.00
2008.03.12 14:37:02.421,1.0224,1.0225,0.30,4.00
2008.03.12 14:37:02.732,1.0224,1.0226,0.30,11.20
2008.03.12 14:37:02.965,1.0224,1.0226,0.30,9.50
2008.03.12 14:37:03.204,1.0224,1.0226,0.30,9.30
2008.03.12 14:37:03.443,1.0224,1.0226,0.30,9.40
2008.03.12 14:37:03.682,1.0224,1.0226,0.30,9.40
2008.03.12 14:37:04.026,1.0224,1.0226,0.30,9.40
2008.03.12 14:37:04.359,1.0224,1.0226,0.30,9.40
2008.03.12 14:37:04.694,1.0224,1.0226,0.30,9.30
2008.03.12 14:37:04.938,1.0224,1.0226,0.30,10.50
2008.03.12 14:37:05.182,1.0224,1.0226,0.30,10.60
2008.03.12 14:37:05.424,1.0224,1.0226,0.30,10.60
2008.03.12 14:37:05.668,1.0224,1.0226,0.30,10.60
2008.03.12 14:37:05.912,1.0224,1.0226,0.30,10.60
2008.03.12 14:37:06.226,1.0224,1.0226,0.30,10.60
2008.03.12 14:37:06.539,1.0224,1.0226,0.30,10.60
2008.03.12 14:37:06.853,1.0224,1.0226,0.30,10.60
2008.03.12 14:37:07.137,1.0224,1.0226,0.30,10.60
2008.03.12 14:37:07.402,1.0224,1.0226,0.30,10.60
2008.03.12 14:37:07.676,1.0224,1.0226,0.30,12.10
2008.03.12 14:37:07.949,1.0224,1.0226,0.30,12.10
2008.03.12 14:37:08.209,1.0224,1.0226,0.30,12.10
2008.03.12 14:37:08.467,1.0224,1.0226,0.30,12.10
2008.03.12 14:37:08.727,1.0224,1.0226,4.20,7.40
2008.03.12 14:37:09.031,1.0224,1.0226,12.20,7.70
2008.03.12 14:37:09.334,1.0224,1.0226,12.20,7.70
2008.03.12 14:37:09.637,1.02245,1.0226,0.30,7.70
2008.03.12 14:37:09.942,1.02245,1.0226,8.20,4.00
2008.03.12 14:37:10.196,1.02245,1.0227,8.20,16.20
2008.03.12 14:37:10.450,1.02245,1.0227,0.30,14.80
2008.03.12 14:37:10.704,1.02245,1.0227,0.30,15.20
2008.03.12 14:37:10.958,1.02245,1.0227,0.30,15.00
2008.03.12 14:37:11.267,1.0225,1.0227,0.30,14.60
2008.03.12 14:37:11.576,1.0225,1.0227,0.30,14.60
2008.03.12 14:37:11.885,1.0225,1.0227,0.30,15.00
2008.03.12 14:37:12.183,1.0225,1.0227,0.30,14.30
2008.03.12 14:37:12.481,1.0225,1.0227,0.30,14.50
2008.03.12 14:37:12.781,1.0225,1.0227,0.30,14.30
2008.03.12 14:37:13.046,1.0225,1.0227,0.30,14.20
2008.03.12 14:37:13.311,1.0225,1.0227,0.30,14.30
2008.03.12 14:37:13.587,1.0225,1.0227,0.30,14.30
2008.03.12 14:37:13.849,1.0225,1.0227,0.30,14.30
2008.03.12 14:37:14.128,1.0225,1.0227,0.30,14.40
2008.03.12 14:37:14.407,1.0225,1.0227,0.30,14.40
2008.03.12 14:37:14.685,1.0225,1.0227,0.30,13.90
2008.03.12 14:37:14.964,1.02255,1.0228,4.20,21.20
2008.03.12 14:37:15.228,1.02255,1.0227,4.00,2.40
2008.03.12 14:37:15.491,1.02255,1.0227,4.00,2.40
2008.03.12 14:37:15.767,1.0226,1.0228,0.30,15.60
2008.03.12 14:37:16.030,1.0226,1.0228,0.30,15.60
2008.03.12 14:37:16.324,1.0226,1.0228,0.30,15.10
2008.03.12 14:37:16.618,1.0226,1.0228,0.30,15.10
2008.03.12 14:37:16.911,1.0226,1.0228,0.30,15.50
2008.03.12 14:37:17.191,1.0226,1.0228,0.30,15.40
2008.03.12 14:37:17.471,1.0226,1.0228,0.30,15.30
2008.03.12 14:37:17.751,1.0226,1.0228,0.30,14.90
2008.03.12 14:37:18.030,1.0226,1.0228,0.30,14.90
2008.03.12 14:37:18.321,1.0226,1.0228,0.30,14.90
2008.03.12 14:37:18.601,1.0226,1.0228,0.30,14.90
2008.03.12 14:37:18.881,1.0226,1.0228,0.30,14.90
2008.03.12 14:37:19.164,1.0226,1.0228,0.30,14.90
2008.03.12 14:37:19.447,1.0226,1.0228,0.30,14.90
2008.03.12 14:37:19.731,1.0226,1.0228,0.30,16.50
2008.03.12 14:37:20.015,1.0226,1.0227,0.30,2.40
2008.03.12 14:37:20.264,1.0226,1.0228,0.30,15.00
2008.03.12 14:37:20.512,1.0226,1.0228,0.30,15.00
2008.03.12 14:37:20.761,1.0226,1.0228,0.30,15.00
2008.03.12 14:37:21.016,1.0226,1.0228,0.30,15.00
2008.03.12 14:37:21.309,1.0226,1.0228,1.00,14.20
2008.03.12 14:37:21.604,1.0226,1.0228,1.80,14.90
2008.03.12 14:37:21.897,1.0226,1.0228,1.00,15.00
2008.03.12 14:37:22.190,1.0226,1.0228,0.30,15.00
2008.03.12 14:37:22.485,1.0226,1.0228,0.30,15.00
2008.03.12 14:37:22.780,1.0226,1.0228,0.30,15.00
2008.03.12 14:37:23.075,1.0226,1.0228,0.30,15.00
2008.03.12 14:37:23.308,1.0226,1.0228,0.30,15.00
2008.03.12 14:37:23.542,1.0226,1.0228,0.30,15.00
2008.03.12 14:37:23.775,1.0226,1.0228,0.30,15.00
2008.03.12 14:37:24.008,1.0226,1.0228,0.30,15.00
2008.03.12 14:37:24.321,1.0226,1.0228,0.30,15.00
2008.03.12 14:37:24.634,1.0226,1.0228,0.30,15.00
2008.03.12 14:37:24.949,1.0226,1.0227,0.30,2.40
2008.03.12 14:37:25.274,1.0226,1.0227,0.30,2.40
2008.03.12 14:37:25.503,1.0226,1.0227,0.30,2.40
2008.03.12 14:37:25.732,1.02255,1.0227,6.60,6.40
2008.03.12 14:37:25.960,1.02265,1.0228,4.20,10.00
2008.03.12 14:37:26.190,1.02265,1.0228,4.20,8.80
2008.03.12 14:37:26.524,1.02265,1.0228,4.20,8.80
2008.03.12 14:37:26.857,1.02265,1.0228,4.20,8.80
2008.03.12 14:37:27.191,1.02265,1.0228,4.20,8.80
2008.03.12 14:37:27.413,1.02265,1.0228,4.20,8.80
2008.03.12 14:37:27.636,1.02265,1.0228,4.20,6.40
2008.03.12 14:37:27.861,1.0227,1.0229,0.30,15.70
2008.03.12 14:37:28.086,1.0227,1.0229,0.30,15.70
2008.03.12 14:37:28.419,1.0227,1.0229,0.30,15.30
2008.03.12 14:37:28.756,1.02265,1.0228,4.20,4.00
2008.03.12 14:37:29.091,1.02265,1.0228,4.20,4.00
2008.03.12 14:37:29.335,1.02265,1.0228,4.20,4.00
2008.03.12 14:37:29.578,1.02265,1.0228,4.20,4.00
2008.03.12 14:37:29.822,1.02265,1.0228,4.20,4.00
2008.03.12 14:37:30.065,1.02265,1.0228,4.20,4.00
2008.03.12 14:37:30.364,1.02265,1.0228,4.20,4.00
2008.03.12 14:37:30.662,1.02265,1.0228,4.20,4.00
2008.03.12 14:37:30.961,1.02265,1.0228,4.20,4.00
2008.03.12 14:37:31.260,1.02265,1.0228,4.20,4.00
2008.03.12 14:37:31.553,1.02265,1.0228,4.20,4.00
2008.03.12 14:37:31.847,1.02265,1.0228,4.20,4.00
2008.03.12 14:37:32.151,1.02265,1.0228,4.20,4.00
2008.03.12 14:37:32.380,1.0227,1.0229,0.30,14.60
2008.03.12 14:37:32.620,1.0227,1.0229,1.00,15.00
2008.03.12 14:37:32.858,1.02275,1.0229,4.00,8.80
2008.03.12 14:37:33.099,1.02275,1.0229,4.20,8.80
2008.03.12 14:37:33.336,1.02275,1.0229,4.20,6.40
2008.03.12 14:37:33.639,1.02275,1.0229,4.20,6.40
2008.03.12 14:37:33.943,1.02275,1.0229,4.20,6.40
2008.03.12 14:37:34.246,1.02275,1.0229,4.20,6.40
2008.03.12 14:37:34.525,1.02275,1.0229,4.20,6.40
2008.03.12 14:37:34.805,1.02275,1.0229,4.20,4.00
2008.03.12 14:37:35.084,1.0228,1.023,1.00,16.30
2008.03.12 14:37:35.363,1.0228,1.023,1.80,9.80
2008.03.12 14:37:35.617,1.0228,1.023,1.00,8.90
2008.03.12 14:37:35.872,1.0228,1.023,5.00,8.80
2008.03.12 14:37:36.127,1.02285,1.023,0.30,8.80
2008.03.12 14:37:36.381,1.02285,1.023,4.20,8.80
2008.03.12 14:37:36.715,1.0229,1.023,0.30,2.40
2008.03.12 14:37:37.050,1.0229,1.02305,0.30,0.10
2008.03.12 14:37:37.384,1.0229,1.0231,0.30,11.20
2008.03.12 14:37:37.623,1.023,1.0231,0.30,4.00
2008.03.12 14:37:37.873,1.02305,1.0232,0.30,13.60
2008.03.12 14:37:38.111,1.02305,1.0233,0.30,16.00
2008.03.12 14:37:38.351,1.02305,1.0233,4.20,14.00
2008.03.12 14:37:38.684,1.0231,1.0233,2.40,9.20
2008.03.12 14:37:39.019,1.02315,1.0233,0.30,4.00
2008.03.12 14:37:39.353,1.02315,1.0233,5.00,4.00
2008.03.12 14:37:39.592,1.0232,1.02335,2.60,0.80
2008.03.12 14:37:39.831,1.0232,1.0234,2.60,12.00
2008.03.12 14:37:40.069,1.0232,1.0234,2.60,12.00
2008.03.12 14:37:40.309,1.0232,1.0234,2.60,12.00
2008.03.12 14:37:40.653,1.0232,1.0234,2.60,12.00
2008.03.12 14:37:40.975,1.0232,1.0234,2.60,12.60
2008.03.12 14:37:41.310,1.0232,1.0234,5.00,10.00
2008.03.12 14:37:41.584,1.0232,1.0234,5.00,10.00
2008.03.12 14:37:41.858,1.02325,1.0234,0.30,12.00
2008.03.12 14:37:42.135,1.02325,1.0234,0.30,4.80
2008.03.12 14:37:42.420,1.02325,1.0234,0.30,4.80
2008.03.12 14:37:42.689,1.02325,1.0234,4.20,4.00
2008.03.12 14:37:42.967,1.02325,1.0234,4.20,4.00
2008.03.12 14:37:43.248,1.0233,1.0234,0.30,4.00
2008.03.12 14:37:43.528,1.0233,1.0234,0.30,0.50
2008.03.12 14:37:43.822,1.02325,1.0234,7.40,4.40
2008.03.12 14:37:44.117,1.02325,1.0234,4.20,4.40
2008.03.12 14:37:44.410,1.02325,1.0234,4.20,4.40
2008.03.12 14:37:44.689,1.02325,1.0234,4.20,4.40
2008.03.12 14:37:44.968,1.02325,1.0234,4.20,4.40
2008.03.12 14:37:45.247,1.02325,1.0234,4.20,4.40
2008.03.12 14:37:45.525,1.02325,1.0234,4.20,4.40
2008.03.12 14:37:45.813,1.02325,1.0234,4.20,4.00
2008.03.12 14:37:46.093,1.02325,1.0234,4.20,4.00
2008.03.12 14:37:46.373,1.02335,1.0235,4.20,14.70
2008.03.12 14:37:46.682,1.02335,1.0235,4.20,14.70
2008.03.12 14:37:46.990,1.02335,1.0235,4.20,14.70
2008.03.12 14:37:47.300,1.02335,1.0235,4.00,13.90
2008.03.12 14:37:47.614,1.02335,1.0235,4.00,13.90
2008.03.12 14:37:47.843,1.02335,1.0235,4.00,13.90
2008.03.12 14:37:48.074,1.0233,1.0234,0.30,4.00
2008.03.12 14:37:48.302,1.0233,1.0235,0.30,11.60
2008.03.12 14:37:48.612,1.0233,1.0235,0.30,11.60
2008.03.12 14:37:48.920,1.0233,1.0235,0.30,11.60
2008.03.12 14:37:49.230,1.02335,1.0235,0.30,14.00
2008.03.12 14:37:49.540,1.02335,1.0235,4.20,11.60
2008.03.12 14:37:49.780,1.02335,1.0235,4.00,11.60
2008.03.12 14:37:50.018,1.02335,1.0235,4.00,11.60
2008.03.12 14:37:50.258,1.0233,1.0235,0.30,12.40
2008.03.12 14:37:50.496,1.0233,1.0235,0.30,12.40
2008.03.12 14:37:50.830,1.02325,1.0234,4.20,4.40
2008.03.12 14:37:51.165,1.02325,1.0234,4.20,4.40
2008.03.12 14:37:51.498,1.02325,1.0234,4.20,4.40
2008.03.12 14:37:51.747,1.02325,1.0234,4.20,6.80
2008.03.12 14:37:51.995,1.02325,1.0234,4.20,6.80
2008.03.12 14:37:52.257,1.02325,1.0234,4.00,11.60
2008.03.12 14:37:52.496,1.0232,1.0234,0.30,14.00
2008.03.12 14:37:52.795,1.0232,1.0235,0.30,18.00
2008.03.12 14:37:53.094,1.02325,1.0235,0.30,19.90
2008.03.12 14:37:53.393,1.02325,1.0235,0.30,19.90
2008.03.12 14:37:53.638,1.0232,1.0234,0.30,2.40
2008.03.12 14:37:53.886,1.0232,1.0234,0.30,2.40
2008.03.12 14:37:54.131,1.0232,1.0234,0.30,4.80
2008.03.12 14:37:54.375,1.0232,1.0234,0.30,11.20
2008.03.12 14:37:54.620,1.0232,1.0234,0.30,11.60
2008.03.12 14:37:54.934,1.0232,1.0234,0.30,11.20
2008.03.12 14:37:55.249,1.0232,1.0234,0.30,11.20
2008.03.12 14:37:55.564,1.0232,1.0234,0.30,11.20
2008.03.12 14:37:55.828,1.0232,1.0234,0.30,8.80
2008.03.12 14:37:56.092,1.0233,1.0235,0.30,15.60
2008.03.12 14:37:56.358,1.02325,1.0235,4.20,15.60
2008.03.12 14:37:56.621,1.02325,1.0235,4.20,15.60
2008.03.12 14:37:56.925,1.02325,1.0235,4.20,15.60
2008.03.12 14:37:57.229,1.02325,1.0235,4.20,16.70
2008.03.12 14:37:57.533,1.02325,1.0235,4.20,16.70
2008.03.12 14:37:57.807,1.02325,1.0234,4.20,2.80
2008.03.12 14:37:58.080,1.02325,1.0234,4.20,6.80
2008.03.12 14:37:58.355,1.02325,1.0234,4.20,11.60
2008.03.12 14:37:58.636,1.02325,1.0234,4.20,11.60
2008.03.12 14:37:58.916,1.02325,1.0234,4.20,11.60
2008.03.12 14:37:59.194,1.02325,1.0234,4.20,11.60
2008.03.12 14:37:59.475,1.0232,1.0234,0.30,11.60
2008.03.12 14:37:59.754,1.0232,1.0234,0.30,11.60
2008.03.12 14:38:00.022,1.0232,1.0234,0.30,14.00
2008.03.12 14:38:00.301,1.02315,1.0233,4.20,4.00
2008.03.12 14:38:00.570,1.02315,1.0233,4.20,4.00
2008.03.12 14:38:00.839,1.02315,1.0233,4.20,4.00
2008.03.12 14:38:01.129,1.02315,1.0233,4.20,4.00
2008.03.12 14:38:01.419,1.02315,1.0233,4.20,4.00
2008.03.12 14:38:01.708,1.02315,1.0233,4.20,4.00
2008.03.12 14:38:02.002,1.02315,1.0233,4.20,4.00
2008.03.12 14:38:02.297,1.02315,1.0233,4.20,4.00
2008.03.12 14:38:02.590,1.02315,1.0233,4.20,4.00
2008.03.12 14:38:02.883,1.02315,1.0233,4.20,4.00
2008.03.12 14:38:03.135,1.02315,1.0233,4.20,4.00
2008.03.12 14:38:03.384,1.02315,1.0233,4.20,4.00
2008.03.12 14:38:03.633,1.02315,1.0233,4.20,4.00
2008.03.12 14:38:03.882,1.02315,1.0233,4.20,4.00
2008.03.12 14:38:04.201,1.02315,1.0233,4.20,4.00
2008.03.12 14:38:04.509,1.02315,1.0233,4.20,4.00
2008.03.12 14:38:04.818,1.02315,1.0233,4.20,4.00
2008.03.12 14:38:05.096,1.02315,1.0233,4.20,4.00
2008.03.12 14:38:05.376,1.02315,1.0233,4.20,4.00
2008.03.12 14:38:05.655,1.02315,1.0233,4.00,6.40
2008.03.12 14:38:05.935,1.02315,1.0233,4.00,6.40
2008.03.12 14:38:06.198,1.02315,1.0233,4.20,6.40
2008.03.12 14:38:06.461,1.02315,1.0233,4.20,6.40
2008.03.12 14:38:06.725,1.02315,1.0233,6.60,6.40
2008.03.12 14:38:06.989,1.02315,1.0233,14.60,4.00
2008.03.12 14:38:07.314,1.02315,1.0233,4.20,4.00
2008.03.12 14:38:07.638,1.02325,1.0234,4.20,8.80
2008.03.12 14:38:07.963,1.02325,1.0234,4.20,6.40
2008.03.12 14:38:08.212,1.02325,1.0234,4.20,6.40
2008.03.12 14:38:08.461,1.02325,1.0234,4.20,8.80
2008.03.12 14:38:08.709,1.02325,1.0234,4.00,11.20
2008.03.12 14:38:08.959,1.0232,1.0233,0.30,4.00
2008.03.12 14:38:09.273,1.02315,1.0234,7.40,14.00
2008.03.12 14:38:09.588,1.02315,1.0234,7.40,14.00
2008.03.12 14:38:09.902,1.02315,1.0234,7.40,14.00
2008.03.12 14:38:10.166,1.02315,1.0234,15.40,13.60
2008.03.12 14:38:10.430,1.02315,1.0234,15.40,11.20
2008.03.12 14:38:10.693,1.0232,1.0234,0.30,8.80
2008.03.12 14:38:10.957,1.0232,1.0234,0.30,6.40
2008.03.12 14:38:11.237,1.0232,1.0234,0.30,6.40
2008.03.12 14:38:11.516,1.0232,1.0234,0.30,11.60
2008.03.12 14:38:11.795,1.0232,1.0234,0.30,8.80
2008.03.12 14:38:12.074,1.0232,1.0234,2.60,4.00
2008.03.12 14:38:12.403,1.02325,1.0234,0.30,4.00
2008.03.12 14:38:12.747,1.02325,1.0234,4.20,4.00
2008.03.12 14:38:13.074,1.02325,1.0234,4.20,4.00
2008.03.12 14:38:13.318,1.02325,1.0234,4.20,4.00
2008.03.12 14:38:13.568,1.02325,1.0234,4.20,4.00
2008.03.12 14:38:13.805,1.0232,1.0234,0.30,6.40
2008.03.12 14:38:14.050,1.0232,1.0234,0.30,11.60
2008.03.12 14:38:14.345,1.0232,1.0234,0.30,11.60
2008.03.12 14:38:14.638,1.0232,1.0234,0.30,9.20
2008.03.12 14:38:14.931,1.0232,1.0234,0.30,9.20
2008.03.12 14:38:15.236,1.0232,1.0234,2.60,4.40
2008.03.12 14:38:15.534,1.0232,1.0234,0.30,6.80
2008.03.12 14:38:15.844,1.0232,1.0234,0.30,11.60
2008.03.12 14:38:16.152,1.0232,1.0234,0.30,11.60
2008.03.12 14:38:16.401,1.0232,1.0234,0.30,11.60
2008.03.12 14:38:16.650,1.02315,1.0233,7.40,0.50
2008.03.12 14:38:16.899,1.02315,1.0234,7.40,21.60
2008.03.12 14:38:17.162,1.02315,1.0233,3.20,6.80
2008.03.12 14:38:17.496,1.02315,1.0233,0.30,6.80
2008.03.12 14:38:17.828,1.02305,1.0233,6.60,9.20
2008.03.12 14:38:18.162,1.02305,1.0233,14.60,6.40
2008.03.12 14:38:18.422,1.02305,1.0233,17.80,6.40
2008.03.12 14:38:18.667,1.02315,1.0233,0.30,6.40
2008.03.12 14:38:18.912,1.02315,1.0233,0.30,4.00
2008.03.12 14:38:19.157,1.02315,1.0233,0.30,4.00
2008.03.12 14:38:19.485,1.02315,1.0234,0.30,14.10
2008.03.12 14:38:19.815,1.02315,1.0233,0.30,0.50
2008.03.12 14:38:20.145,1.02315,1.0233,0.30,2.40
2008.03.12 14:38:20.391,1.02315,1.0233,0.30,2.40
2008.03.12 14:38:20.645,1.0231,1.0233,0.30,6.40
2008.03.12 14:38:20.889,1.0231,1.0233,0.30,6.40
2008.03.12 14:38:21.133,1.02305,1.0233,9.80,6.80
2008.03.12 14:38:21.467,1.02305,1.0233,5.80,9.20
2008.03.12 14:38:21.802,1.02305,1.0233,5.80,9.20
2008.03.12 14:38:22.136,1.02305,1.0233,6.60,9.20
2008.03.12 14:38:22.375,1.02305,1.0233,3.40,14.00
2008.03.12 14:38:22.613,1.02305,1.0233,3.40,13.60
2008.03.12 14:38:22.853,1.0231,1.0233,0.30,11.20
2008.03.12 14:38:23.094,1.0231,1.0233,0.30,8.80
2008.03.12 14:38:23.427,1.02305,1.0233,5.80,9.20
2008.03.12 14:38:23.761,1.0231,1.0233,0.30,9.20
2008.03.12 14:38:23.800,1.0231,1.0233,0.30,1.00
2008.03.12 14:38:24.097,1.0231,1.0233,2.60,1.00
2008.03.12 14:38:24.351,1.0231,1.0233,0.30,1.70
2008.03.12 14:38:24.605,1.0231,1.0233,0.30,1.20
2008.03.12 14:38:24.860,1.0231,1.0233,0.30,1.90
2008.03.12 14:38:25.113,1.02305,1.0233,9.80,1.90
2008.03.12 14:38:25.408,1.02305,1.0233,9.80,0.50
2008.03.12 14:38:25.702,1.02305,1.0233,17.80,1.80
2008.03.12 14:38:25.995,1.02305,1.0233,17.80,0.50
2008.03.12 14:38:26.289,1.0231,1.0233,0.30,1.60
2008.03.12 14:38:26.597,1.0231,1.0233,0.30,0.90
2008.03.12 14:38:26.906,1.0231,1.0233,0.30,1.20
2008.03.12 14:38:27.216,1.02315,1.0233,0.30,1.60
2008.03.12 14:38:27.463,1.02315,1.0233,0.30,1.20
2008.03.12 14:38:27.703,1.02315,1.0233,4.20,1.80
2008.03.12 14:38:27.941,1.02315,1.0233,4.20,1.00
2008.03.12 14:38:28.179,1.02315,1.0233,4.20,1.90
2008.03.12 14:38:28.494,1.02315,1.0233,3.30,1.80
2008.03.12 14:38:28.809,1.02315,1.0233,3.30,0.60
2008.03.12 14:38:29.124,1.02315,1.0233,3.30,0.50
2008.03.12 14:38:29.383,1.02315,1.0233,3.30,1.40
2008.03.12 14:38:29.642,1.02315,1.0233,3.30,1.10
2008.03.12 14:38:29.903,1.02315,1.0233,3.30,1.70
2008.03.12 14:38:30.162,1.02315,1.0233,3.30,1.20
2008.03.12 14:38:30.446,1.0232,1.0234,0.30,1.40
2008.03.12 14:38:30.730,1.0232,1.0234,0.30,0.50
2008.03.12 14:38:31.015,1.0232,1.0234,0.30,0.70
2008.03.12 14:38:31.301,1.0232,1.0234,0.30,1.80
2008.03.12 14:38:31.610,1.0232,1.0234,0.30,1.50
2008.03.12 14:38:31.919,1.0232,1.0234,0.30,1.80
2008.03.12 14:38:32.229,1.0232,1.0234,0.30,1.80
2008.03.12 14:38:32.459,1.0232,1.0234,0.30,0.50
2008.03.12 14:38:32.690,1.02315,1.0233,3.30,1.90
2008.03.12 14:38:32.919,1.02315,1.0233,3.00,1.40
2008.03.12 14:38:33.149,1.02305,1.0233,3.40,1.00
2008.03.12 14:38:33.378,1.02305,1.0232,0.30,1.80
2008.03.12 14:38:33.722,1.02305,1.0232,0.30,1.80
2008.03.12 14:38:34.056,1.023,1.0232,1.00,1.70
2008.03.12 14:38:34.393,1.02305,1.0232,0.30,1.60
2008.03.12 14:38:34.617,1.02295,1.0232,10.50,1.70
2008.03.12 14:38:34.842,1.02295,1.0232,11.30,0.60
2008.03.12 14:38:35.067,1.02295,1.0232,10.60,0.80
2008.03.12 14:38:35.292,1.02305,1.0232,0.30,0.90
2008.03.12 14:38:35.616,1.02295,1.0232,3.40,0.90
2008.03.12 14:38:35.940,1.02295,1.0232,0.30,1.90
2008.03.12 14:38:36.264,1.023,1.0231,0.30,1.20
2008.03.12 14:38:36.589,1.023,1.0231,0.30,1.50
2008.03.12 14:38:36.853,1.02295,1.0231,3.30,0.60
2008.03.12 14:38:37.118,1.02295,1.0231,3.30,0.50
2008.03.12 14:38:37.383,1.02295,1.0231,3.00,1.40
2008.03.12 14:38:37.672,1.02295,1.0231,3.00,1.70
2008.03.12 14:38:37.962,1.0229,1.023,0.30,0.80
2008.03.12 14:38:38.251,1.02285,1.023,6.50,1.80
2008.03.12 14:38:38.540,1.02285,1.023,3.30,0.90
2008.03.12 14:38:38.839,1.02285,1.023,3.30,0.90
2008.03.12 14:38:39.137,1.02285,1.023,3.30,1.60
2008.03.12 14:38:39.409,1.02285,1.023,3.30,1.90
2008.03.12 14:38:39.669,1.02285,1.023,3.30,0.70
2008.03.12 14:38:39.929,1.02285,1.023,3.30,1.00
2008.03.12 14:38:40.187,1.02285,1.023,3.30,1.80
2008.03.12 14:38:40.447,1.0228,1.023,0.30,0.90
2008.03.12 14:38:40.742,1.02275,1.023,8.90,1.70
2008.03.12 14:38:41.036,1.02275,1.023,11.40,1.10
2008.03.12 14:38:41.332,1.02275,1.023,11.40,1.70
2008.03.12 14:38:41.626,1.02275,1.023,5.80,1.40
2008.03.12 14:38:41.952,1.02275,1.023,8.90,1.10
2008.03.12 14:38:42.287,1.02275,1.023,3.40,1.60
2008.03.12 14:38:42.622,1.02275,1.023,3.40,1.60
2008.03.12 14:38:42.865,1.02275,1.023,3.40,0.60
2008.03.12 14:38:43.110,1.02275,1.023,2.60,1.30
2008.03.12 14:38:43.356,1.02275,1.023,2.60,1.80
2008.03.12 14:38:43.600,1.02275,1.023,8.90,1.50
2008.03.12 14:38:43.921,1.02275,1.023,3.40,1.00
2008.03.12 14:38:44.241,1.0228,1.023,0.30,1.70
2008.03.12 14:38:44.560,1.0228,1.023,0.30,1.60
2008.03.12 14:38:44.804,1.0228,1.023,0.30,1.10
2008.03.12 14:38:45.050,1.0228,1.023,0.30,1.70
2008.03.12 14:38:45.293,1.0228,1.0229,0.30,1.30
2008.03.12 14:38:45.538,1.0228,1.0229,0.30,1.30
2008.03.12 14:38:45.848,1.02275,1.0229,3.30,1.10
2008.03.12 14:38:46.157,1.02275,1.0229,3.30,1.20
2008.03.12 14:38:46.468,1.02275,1.0229,5.70,1.00
2008.03.12 14:38:46.768,1.0229,1.023,0.30,1.90
2008.03.12 14:38:47.068,1.0229,1.023,0.30,1.10
2008.03.12 14:38:47.370,1.02295,1.0231,0.30,1.50
2008.03.12 14:38:47.670,1.0229,1.0232,0.60,1.30
2008.03.12 14:38:47.941,1.0229,1.0232,0.60,1.80
2008.03.12 14:38:48.201,1.02295,1.0232,0.30,0.60
2008.03.12 14:38:48.459,1.02295,1.0231,0.30,1.80
2008.03.12 14:38:48.719,1.0229,1.0231,0.30,1.80
2008.03.12 14:38:49.025,1.0229,1.0231,0.30,0.70
2008.03.12 14:38:49.330,1.0229,1.0231,0.30,1.40
2008.03.12 14:38:49.631,1.02285,1.0231,3.30,1.40
2008.03.12 14:38:49.888,1.02285,1.0231,0.30,1.20
2008.03.12 14:38:50.153,1.0229,1.0231,0.30,1.90
2008.03.12 14:38:50.408,1.0229,1.0231,0.30,1.00
2008.03.12 14:38:50.663,1.0229,1.0231,0.60,0.80
2008.03.12 14:38:50.968,1.0229,1.0231,0.60,0.80
2008.03.12 14:38:51.271,1.0229,1.0231,0.30,1.30
2008.03.12 14:38:51.576,1.0229,1.0231,0.30,1.30
2008.03.12 14:38:51.881,1.0229,1.0231,0.30,1.30
2008.03.12 14:38:52.184,1.0229,1.0231,0.30,0.50
2008.03.12 14:38:52.488,1.0229,1.0231,0.30,1.80
2008.03.12 14:38:52.794,1.02295,1.0231,0.30,0.60
2008.03.12 14:38:53.044,1.02295,1.0231,0.30,1.30
2008.03.12 14:38:53.297,1.02295,1.0231,4.20,1.40
2008.03.12 14:38:53.547,1.02295,1.0231,4.20,13.60
2008.03.12 14:38:53.797,1.02295,1.0231,4.20,8.80
2008.03.12 14:38:54.127,1.02295,1.0231,4.20,8.80
2008.03.12 14:38:54.456,1.02295,1.0231,4.20,6.40
2008.03.12 14:38:54.785,1.023,1.0232,0.30,13.60
2008.03.12 14:38:55.028,1.023,1.0232,0.30,13.60
2008.03.12 14:38:55.272,1.02295,1.0232,4.20,13.60
2008.03.12 14:38:55.515,1.02295,1.0232,4.20,13.60
2008.03.12 14:38:55.759,1.02295,1.0232,4.20,13.60
2008.03.12 14:38:56.063,1.023,1.0232,0.30,13.60
2008.03.12 14:38:56.370,1.023,1.0232,0.30,13.60
2008.03.12 14:38:56.683,1.023,1.0232,0.30,13.60
2008.03.12 14:38:56.985,1.023,1.0232,0.30,13.60
2008.03.12 14:38:57.261,1.023,1.0232,0.30,13.60
2008.03.12 14:38:57.533,1.023,1.0232,0.30,13.60
2008.03.12 14:38:57.807,1.023,1.0232,0.30,14.00
2008.03.12 14:38:58.082,1.023,1.0231,0.30,2.40
2008.03.12 14:38:58.376,1.02295,1.0231,4.20,2.40
2008.03.12 14:38:58.677,1.02295,1.0231,4.20,6.40
2008.03.12 14:38:58.953,1.02295,1.0231,4.20,6.80
2008.03.12 14:38:59.224,1.02295,1.0231,4.20,10.00
2008.03.12 14:38:59.494,1.02295,1.0231,4.00,14.80
2008.03.12 14:38:59.764,1.02285,1.0231,0.30,15.60
2008.03.12 14:39:00.033,1.02285,1.023,0.30,4.00
2008.03.12 14:39:00.313,1.02285,1.023,0.30,4.00
2008.03.12 14:39:00.592,1.02285,1.023,4.20,4.00
2008.03.12 14:39:00.881,1.0229,1.0231,0.30,10.00
2008.03.12 14:39:01.180,1.02285,1.0231,9.80,10.00
2008.03.12 14:39:01.482,1.02285,1.0231,9.80,10.00
2008.03.12 14:39:01.761,1.02285,1.0231,9.80,10.00
2008.03.12 14:39:02.050,1.02285,1.0231,9.80,10.00
2008.03.12 14:39:02.345,1.02285,1.0231,9.80,10.00
2008.03.12 14:39:02.640,1.02285,1.0231,9.80,10.00
2008.03.12 14:39:02.933,1.02285,1.023,0.30,2.40
2008.03.12 14:39:03.194,1.0229,1.0231,0.30,20.40
2008.03.12 14:39:03.454,1.0229,1.0231,0.30,14.80
2008.03.12 14:39:03.713,1.02285,1.0231,2.60,10.00
2008.03.12 14:39:03.983,1.02285,1.0231,6.60,10.00
2008.03.12 14:39:04.296,1.02285,1.0231,6.60,10.00
2008.03.12 14:39:04.609,1.02285,1.0231,6.60,10.00
2008.03.12 14:39:04.924,1.02285,1.0231,6.60,10.00
2008.03.12 14:39:05.173,1.02285,1.0231,6.60,10.00
2008.03.12 14:39:05.421,1.02285,1.0231,6.60,10.00
2008.03.12 14:39:05.670,1.02285,1.0231,6.60,10.00
2008.03.12 14:39:05.918,1.02285,1.0231,6.60,10.00
2008.03.12 14:39:06.211,1.02285,1.0231,6.60,10.00
2008.03.12 14:39:06.505,1.02285,1.0231,6.60,10.00
2008.03.12 14:39:06.798,1.02285,1.0231,6.60,10.00
2008.03.12 14:39:07.092,1.02285,1.0231,6.60,10.00
2008.03.12 14:39:07.416,1.02285,1.0231,6.60,10.00
2008.03.12 14:39:07.741,1.02285,1.0231,6.60,12.40
2008.03.12 14:39:08.066,1.02285,1.0231,6.60,12.40
2008.03.12 14:39:08.267,1.02285,1.0231,6.60,12.40
2008.03.12 14:39:08.471,1.02285,1.0231,6.60,12.40
2008.03.12 14:39:08.675,1.02285,1.0231,6.60,12.40
2008.03.12 14:39:08.878,1.02285,1.0231,6.60,12.40
2008.03.12 14:39:09.084,1.02285,1.0231,6.60,12.40
2008.03.12 14:39:09.415,1.02285,1.0231,6.60,12.40
2008.03.12 14:39:09.759,1.02285,1.0231,6.60,12.40
2008.03.12 14:39:10.096,1.02285,1.0231,6.60,10.00
2008.03.12 14:39:10.328,1.02285,1.0231,6.60,17.20
2008.03.12 14:39:10.557,1.02285,1.0231,6.60,10.00
2008.03.12 14:39:10.786,1.02285,1.023,6.60,2.40
2008.03.12 14:39:11.015,1.02285,1.023,6.60,2.40
2008.03.12 14:39:11.245,1.02285,1.023,6.60,2.40
2008.03.12 14:39:11.579,1.02285,1.023,6.60,2.40
2008.03.12 14:39:11.912,1.02285,1.023,6.60,2.40
2008.03.12 14:39:12.252,1.02285,1.023,4.20,2.40
2008.03.12 14:39:12.517,1.02285,1.0231,6.60,9.20
2008.03.12 14:39:12.780,1.02285,1.0231,6.60,9.20
2008.03.12 14:39:13.045,1.02285,1.0231,6.60,9.20
2008.03.12 14:39:13.303,1.02285,1.0231,6.60,9.20
2008.03.12 14:39:13.562,1.02285,1.0231,6.60,9.20
2008.03.12 14:39:13.820,1.02285,1.0231,6.60,9.20
2008.03.12 14:39:14.079,1.0229,1.0231,0.30,9.20
2008.03.12 14:39:14.388,1.0229,1.0231,0.30,9.20
2008.03.12 14:39:14.708,1.0229,1.0231,0.30,9.20
2008.03.12 14:39:15.019,1.0229,1.0231,0.30,8.80
2008.03.12 14:39:15.330,1.0229,1.0231,0.30,8.80
2008.03.12 14:39:15.603,1.0229,1.0231,0.30,8.80
2008.03.12 14:39:15.876,1.0229,1.0231,0.30,8.80
2008.03.12 14:39:16.150,1.0229,1.0231,0.30,8.80
2008.03.12 14:39:16.444,1.0229,1.0231,0.30,8.80
2008.03.12 14:39:16.727,1.0229,1.0231,0.30,8.80
2008.03.12 14:39:17.012,1.0229,1.0231,0.30,8.80
2008.03.12 14:39:17.297,1.0229,1.0231,0.30,8.80
2008.03.12 14:39:17.575,1.0229,1.0231,0.30,9.20
2008.03.12 14:39:17.855,1.02285,1.0231,9.80,9.20
2008.03.12 14:39:18.134,1.02285,1.023,6.60,2.40
2008.03.12 14:39:18.382,1.02285,1.023,6.60,2.40
2008.03.12 14:39:18.631,1.02285,1.023,6.40,6.40
2008.03.12 14:39:18.880,1.0228,1.0229,3.20,6.40
2008.03.12 14:39:19.129,1.02275,1.0229,4.20,4.00
2008.03.12 14:39:19.438,1.0229,1.023,0.30,7.20
2008.03.12 14:39:19.726,1.02285,1.0231,4.20,14.80
2008.03.12 14:39:20.026,1.02285,1.0231,0.30,14.00
2008.03.12 14:39:20.325,1.0229,1.0231,0.30,14.00
2008.03.12 14:39:20.610,1.02285,1.0231,0.30,14.00
2008.03.12 14:39:20.895,1.02285,1.0231,0.30,14.00
2008.03.12 14:39:21.179,1.02285,1.0231,0.30,14.80
2008.03.12 14:39:21.474,1.02285,1.0231,0.30,14.80
2008.03.12 14:39:21.742,1.02285,1.0231,4.20,14.80
2008.03.12 14:39:22.012,1.02285,1.0231,4.20,14.80
2008.03.12 14:39:22.280,1.02285,1.0231,4.20,14.80
2008.03.12 14:39:22.563,1.02285,1.0231,4.20,14.80
2008.03.12 14:39:22.851,1.02285,1.0231,4.20,14.80
2008.03.12 14:39:23.130,1.02285,1.0231,4.20,14.80
2008.03.12 14:39:23.408,1.02285,1.0231,4.20,14.80
2008.03.12 14:39:23.693,1.02285,1.0231,4.20,14.80
2008.03.12 14:39:23.976,1.02285,1.0231,4.20,14.80
2008.03.12 14:39:24.260,1.02285,1.0231,4.20,14.80
2008.03.12 14:39:24.545,1.02285,1.0231,3.40,16.40
2008.03.12 14:39:24.801,1.02285,1.0231,3.40,14.80
2008.03.12 14:39:25.065,1.02285,1.0231,7.40,14.80
2008.03.12 14:39:25.320,1.02285,1.0231,7.40,14.80
2008.03.12 14:39:25.623,1.02285,1.0231,7.40,14.80
2008.03.12 14:39:25.927,1.02285,1.0231,7.40,14.80
2008.03.12 14:39:26.232,1.02285,1.0231,0.30,16.40
2008.03.12 14:39:26.538,1.02285,1.0231,0.30,16.40
2008.03.12 14:39:26.851,1.02285,1.0231,0.30,14.80
2008.03.12 14:39:27.164,1.02285,1.0231,0.30,16.40
2008.03.12 14:39:27.489,1.02285,1.023,0.30,0.30
2008.03.12 14:39:27.722,1.02285,1.0231,0.30,16.40
2008.03.12 14:39:27.966,1.02285,1.0231,0.30,16.40
2008.03.12 14:39:28.211,1.02285,1.0231,0.30,16.40
2008.03.12 14:39:28.454,1.02285,1.023,0.30,0.30
2008.03.12 14:39:28.764,1.02285,1.023,0.30,0.60
2008.03.12 14:39:29.052,1.02285,1.023,0.30,3.00
2008.03.12 14:39:29.351,1.0228,1.023,0.30,11.70
2008.03.12 14:39:29.652,1.02275,1.0229,4.20,2.40
2008.03.12 14:39:29.927,1.02275,1.0229,4.20,2.40
2008.03.12 14:39:30.200,1.0228,1.0229,0.30,2.40
2008.03.12 14:39:30.476,1.0228,1.023,0.30,17.80
2008.03.12 14:39:30.752,1.0228,1.023,0.30,16.10
2008.03.12 14:39:31.016,1.0228,1.023,0.30,16.10
2008.03.12 14:39:31.279,1.0228,1.023,0.30,16.10
2008.03.12 14:39:31.543,1.0228,1.023,0.30,15.30
2008.03.12 14:39:31.858,1.0228,1.023,0.30,14.60
2008.03.12 14:39:32.173,1.0228,1.023,0.30,14.60
2008.03.12 14:39:32.488,1.0228,1.023,0.30,14.40
2008.03.12 14:39:32.814,1.0228,1.023,0.30,14.40
2008.03.12 14:39:33.073,1.0228,1.023,0.30,15.00
2008.03.12 14:39:33.340,1.0228,1.023,0.30,15.10
2008.03.12 14:39:33.599,1.02275,1.023,4.20,20.90
2008.03.12 14:39:33.873,1.0228,1.023,0.30,17.10
2008.03.12 14:39:34.148,1.0228,1.023,0.30,15.10
2008.03.12 14:39:34.422,1.0228,1.023,0.30,14.80
2008.03.12 14:39:34.696,1.02275,1.023,7.40,16.00
2008.03.12 14:39:34.996,1.02275,1.023,7.40,16.50
2008.03.12 14:39:35.305,1.02275,1.0229,7.40,2.40
2008.03.12 14:39:35.612,1.02275,1.0229,4.20,2.60
2008.03.12 14:39:35.896,1.02275,1.0229,4.20,6.40
2008.03.12 14:39:36.150,1.02275,1.0229,4.20,6.40
2008.03.12 14:39:36.419,1.0228,1.0229,0.30,6.40
2008.03.12 14:39:36.689,1.0228,1.023,0.30,14.80
2008.03.12 14:39:36.989,1.0228,1.023,0.30,14.40
2008.03.12 14:39:37.288,1.02275,1.023,7.40,15.20
2008.03.12 14:39:37.590,1.02275,1.023,7.40,15.20
2008.03.12 14:39:37.889,1.02275,1.023,7.40,15.30
2008.03.12 14:39:38.168,1.0228,1.023,0.30,15.30
2008.03.12 14:39:38.446,1.0228,1.023,0.30,15.30
2008.03.12 14:39:38.726,1.0228,1.023,0.30,14.60
2008.03.12 14:39:38.983,1.0228,1.023,0.30,14.60
2008.03.12 14:39:39.255,1.0228,1.023,0.30,13.80
2008.03.12 14:39:39.514,1.02285,1.023,4.00,13.80
2008.03.12 14:39:39.774,1.02285,1.023,4.00,13.80
2008.03.12 14:39:40.042,1.02285,1.023,4.20,13.80
2008.03.12 14:39:40.311,1.02285,1.023,4.00,13.80
2008.03.12 14:39:40.592,1.02285,1.023,0.30,13.80
2008.03.12 14:39:40.866,1.0228,1.023,0.30,13.80
2008.03.12 14:39:41.149,1.0228,1.023,0.30,13.80
2008.03.12 14:39:41.444,1.0228,1.0229,0.30,2.40
2008.03.12 14:39:41.718,1.02275,1.023,4.20,17.70
2008.03.12 14:39:42.003,1.02275,1.023,4.20,18.00
2008.03.12 14:39:42.326,1.02275,1.0229,4.20,4.00
2008.03.12 14:39:42.651,1.02275,1.0229,4.20,4.00
2008.03.12 14:39:42.985,1.02275,1.0229,4.20,4.00
2008.03.12 14:39:43.203,1.02275,1.0229,4.20,4.00
2008.03.12 14:39:43.422,1.02285,1.0229,0.30,4.00
2008.03.12 14:39:43.641,1.02285,1.023,4.00,14.50
2008.03.12 14:39:43.860,1.0228,1.023,0.30,8.80
2008.03.12 14:39:44.179,1.02285,1.023,0.30,8.80
2008.03.12 14:39:44.500,1.02285,1.023,4.20,8.80
2008.03.12 14:39:44.818,1.02285,1.023,4.20,8.80
2008.03.12 14:39:45.067,1.02285,1.023,4.20,8.80
2008.03.12 14:39:45.316,1.02285,1.023,4.20,8.80
2008.03.12 14:39:45.564,1.02285,1.023,4.20,8.80
2008.03.12 14:39:45.812,1.02285,1.023,4.20,8.80
2008.03.12 14:39:46.120,1.02285,1.023,4.20,8.80
2008.03.12 14:39:46.428,1.02285,1.023,4.20,8.80
2008.03.12 14:39:46.746,1.02285,1.023,4.20,6.40
2008.03.12 14:39:47.067,1.02285,1.023,4.20,6.40
2008.03.12 14:39:47.349,1.02285,1.023,4.20,6.40
2008.03.12 14:39:47.643,1.02285,1.023,4.20,6.40
2008.03.12 14:39:47.936,1.02285,1.023,4.20,6.40
2008.03.12 14:39:48.199,1.02285,1.023,4.20,6.40
2008.03.12 14:39:48.462,1.02285,1.023,4.20,6.40
2008.03.12 14:39:48.725,1.02285,1.023,4.20,6.40
2008.03.12 14:39:48.992,1.02285,1.023,4.20,6.40
2008.03.12 14:39:49.265,1.02285,1.023,4.20,6.40
2008.03.12 14:39:49.538,1.02285,1.023,4.20,6.40
2008.03.12 14:39:49.812,1.0229,1.023,0.30,2.40
2008.03.12 14:39:50.098,1.0229,1.023,0.30,2.40
2008.03.12 14:39:50.395,1.0229,1.0231,0.30,2.40
2008.03.12 14:39:50.667,1.0229,1.0232,0.30,22.00
2008.03.12 14:39:50.952,1.0229,1.0232,0.30,18.80
2008.03.12 14:39:51.211,1.0229,1.0232,0.30,18.80
2008.03.12 14:39:51.470,1.0229,1.0232,0.60,18.00
2008.03.12 14:39:51.730,1.0229,1.0232,1.20,18.00
2008.03.12 14:39:51.989,1.0229,1.0232,1.20,18.00
2008.03.12 14:39:52.304,1.02295,1.0232,0.30,15.60
2008.03.12 14:39:52.618,1.02295,1.0232,0.30,15.60
2008.03.12 14:39:52.932,1.02295,1.0232,0.30,15.60
2008.03.12 14:39:53.181,1.02295,1.0232,0.30,15.60
2008.03.12 14:39:53.428,1.02295,1.0232,0.30,15.60
2008.03.12 14:39:53.678,1.023,1.0232,0.30,15.20
2008.03.12 14:39:53.927,1.023,1.0232,0.30,13.60
2008.03.12 14:39:54.175,1.02295,1.0232,0.30,13.60
2008.03.12 14:39:54.460,1.02295,1.0232,0.30,13.60
2008.03.12 14:39:54.745,1.023,1.0232,0.30,13.60
2008.03.12 14:39:55.031,1.023,1.0232,0.30,13.60
2008.03.12 14:39:55.310,1.023,1.0232,0.30,13.60
2008.03.12 14:39:55.588,1.023,1.0232,0.30,13.60
2008.03.12 14:39:55.867,1.023,1.0232,0.30,13.60
2008.03.12 14:39:56.147,1.02295,1.0232,0.30,13.60
2008.03.12 14:39:56.415,1.02295,1.0232,0.30,13.60
2008.03.12 14:39:56.686,1.023,1.0232,0.30,13.60
2008.03.12 14:39:56.954,1.023,1.0232,0.30,13.60
2008.03.12 14:39:57.222,1.02295,1.0232,4.20,13.60
2008.03.12 14:39:57.500,1.02295,1.0232,4.20,13.60
2008.03.12 14:39:57.778,1.02295,1.0232,4.20,13.60
2008.03.12 14:39:58.057,1.02295,1.0232,4.20,13.60
2008.03.12 14:39:58.351,1.02295,1.0232,4.20,13.60
2008.03.12 14:39:58.644,1.02295,1.0232,4.20,13.60
2008.03.12 14:39:58.936,1.02295,1.0232,4.20,13.60
2008.03.12 14:39:59.231,1.02295,1.0232,4.20,14.00
2008.03.12 14:39:59.479,1.02295,1.0232,4.20,14.00
2008.03.12 14:39:59.728,1.02295,1.0232,4.20,14.00
2008.03.12 14:39:59.976,1.02295,1.0232,4.20,14.00
2008.03.12 14:40:00.236,1.02295,1.0232,4.20,14.80
2008.03.12 14:40:00.536,1.02295,1.02315,4.20,0.80
2008.03.12 14:40:00.834,1.02295,1.02315,4.20,0.80
2008.03.12 14:40:01.137,1.02295,1.0232,4.20,14.00
2008.03.12 14:40:01.426,1.02295,1.0231,4.20,2.40
2008.03.12 14:40:01.716,1.02295,1.0231,4.20,2.40
2008.03.12 14:40:02.006,1.02295,1.0231,4.20,6.40
2008.03.12 14:40:02.294,1.02295,1.0231,4.20,6.40
2008.03.12 14:40:02.573,1.02295,1.0231,4.20,6.40
2008.03.12 14:40:02.851,1.02295,1.0231,4.20,6.40
2008.03.12 14:40:03.129,1.02295,1.0231,4.20,6.40
2008.03.12 14:40:03.407,1.02295,1.0231,4.20,8.80
2008.03.12 14:40:03.693,1.0229,1.0231,1.20,13.60
2008.03.12 14:40:03.975,1.0229,1.0231,1.20,13.60
2008.03.12 14:40:04.260,1.0229,1.0231,1.20,13.60
2008.03.12 14:40:04.554,1.0229,1.0231,0.30,13.60
2008.03.12 14:40:04.848,1.02285,1.0231,0.30,13.60
2008.03.12 14:40:05.142,1.0228,1.023,7.40,2.40
2008.03.12 14:40:05.436,1.0228,1.023,6.60,4.00
2008.03.12 14:40:05.689,1.02285,1.023,0.30,4.00
2008.03.12 14:40:05.943,1.02285,1.023,4.20,4.00
2008.03.12 14:40:06.198,1.02285,1.023,4.20,4.00
2008.03.12 14:40:06.497,1.0228,1.023,6.60,4.00
2008.03.12 14:40:06.797,1.0228,1.023,1.80,6.40
2008.03.12 14:40:07.096,1.0228,1.023,1.00,6.40
2008.03.12 14:40:07.394,1.0228,1.023,1.00,6.40
2008.03.12 14:40:07.683,1.0228,1.023,1.00,6.40
2008.03.12 14:40:07.972,1.0228,1.023,1.00,6.40
2008.03.12 14:40:08.262,1.02275,1.0229,7.40,0.30
2008.03.12 14:40:08.541,1.02275,1.02295,6.60,0.80
2008.03.12 14:40:08.820,1.02275,1.02295,6.60,0.80
2008.03.12 14:40:09.099,1.02275,1.0229,6.60,0.60
2008.03.12 14:40:09.379,1.02275,1.0229,4.20,1.20
2008.03.12 14:40:09.689,1.02275,1.0229,4.00,9.30
2008.03.12 14:40:09.999,1.02265,1.0228,4.20,4.00
2008.03.12 14:40:10.308,1.02265,1.0228,4.00,9.00
2008.03.12 14:40:10.552,1.0226,1.0228,0.30,9.00
2008.03.12 14:40:10.796,1.0226,1.0228,0.30,9.00
2008.03.12 14:40:11.038,1.0226,1.0228,0.30,9.00
2008.03.12 14:40:11.283,1.0226,1.0228,0.30,9.00
2008.03.12 14:40:11.616,1.0226,1.0228,0.30,9.20
2008.03.12 14:40:11.951,1.0226,1.0228,0.30,9.60
2008.03.12 14:40:12.286,1.02265,1.0228,0.30,9.70
2008.03.12 14:40:12.526,1.02265,1.0228,0.30,9.70
2008.03.12 14:40:12.765,1.0226,1.0228,0.30,9.70
2008.03.12 14:40:13.004,1.0226,1.0228,0.30,9.70
2008.03.12 14:40:13.242,1.0226,1.0228,0.30,9.70
2008.03.12 14:40:13.481,1.0226,1.0228,0.30,9.70
2008.03.12 14:40:13.815,1.0226,1.0228,0.30,9.70
2008.03.12 14:40:14.150,1.0226,1.0228,0.30,9.70
2008.03.12 14:40:14.483,1.0226,1.0228,0.30,9.70
2008.03.12 14:40:14.723,1.0226,1.0228,0.30,9.70
2008.03.12 14:40:14.964,1.0226,1.0228,0.30,9.40
2008.03.12 14:40:15.214,1.0226,1.0228,5.00,4.00
2008.03.12 14:40:15.451,1.0226,1.0228,5.00,4.00
2008.03.12 14:40:15.761,1.0226,1.0228,0.30,8.80
2008.03.12 14:40:16.070,1.0226,1.0228,0.30,8.80
2008.03.12 14:40:16.379,1.0226,1.0228,0.30,8.80
2008.03.12 14:40:16.688,1.0226,1.0228,0.30,8.80
2008.03.12 14:40:16.997,1.0226,1.0228,2.60,6.40
2008.03.12 14:40:17.307,1.02265,1.0228,0.30,6.40
2008.03.12 14:40:17.616,1.02265,1.0228,4.20,7.00
2008.03.12 14:40:17.854,1.02265,1.0228,4.20,7.80
2008.03.12 14:40:18.093,1.02265,1.0228,4.20,7.80
2008.03.12 14:40:18.332,1.02265,1.0228,4.00,7.80
2008.03.12 14:40:18.571,1.02265,1.0228,4.00,6.40
2008.03.12 14:40:18.886,1.02265,1.0228,4.00,6.40
2008.03.12 14:40:19.200,1.02265,1.0228,4.20,4.00
2008.03.12 14:40:19.514,1.0227,1.0229,0.30,16.90
2008.03.12 14:40:19.810,1.02265,1.0229,4.20,16.10
2008.03.12 14:40:20.104,1.02265,1.0229,4.20,16.10
2008.03.12 14:40:20.397,1.02265,1.0229,4.20,16.00
2008.03.12 14:40:20.691,1.0228,1.0229,0.30,14.40
2008.03.12 14:40:20.940,1.0228,1.0229,0.30,7.20
2008.03.12 14:40:21.190,1.02275,1.0229,12.20,2.40
2008.03.12 14:40:21.438,1.02275,1.0229,7.40,2.40
2008.03.12 14:40:21.687,1.0228,1.023,0.30,16.10
2008.03.12 14:40:22.021,1.0228,1.0229,0.30,7.40
2008.03.12 14:40:22.357,1.02275,1.0229,4.20,11.00
2008.03.12 14:40:22.691,1.02275,1.0228,4.20,2.40
2008.03.12 14:40:22.924,1.02265,1.0228,3.20,8.80
2008.03.12 14:40:23.153,1.0226,1.0228,11.60,6.40
2008.03.12 14:40:23.386,1.02265,1.0228,0.30,6.40
2008.03.12 14:40:23.618,1.0227,1.0228,0.30,2.40
2008.03.12 14:40:23.860,1.02265,1.0229,0.30,17.40
2008.03.12 14:40:24.198,1.02265,1.0229,3.40,15.80
2008.03.12 14:40:24.544,1.02265,1.0229,3.40,15.50
2008.03.12 14:40:24.890,1.02265,1.0229,11.40,15.30
2008.03.12 14:40:25.117,1.0227,1.0229,0.30,15.50
2008.03.12 14:40:25.356,1.02265,1.0229,3.40,15.60
2008.03.12 14:40:25.595,1.02265,1.0229,3.40,15.60
2008.03.12 14:40:25.835,1.02265,1.0229,11.40,15.40
2008.03.12 14:40:26.169,1.0227,1.0229,0.30,13.60
2008.03.12 14:40:26.503,1.0227,1.0229,2.60,11.20
2008.03.12 14:40:26.837,1.0227,1.0229,0.30,13.60
2008.03.12 14:40:27.102,1.0227,1.0229,0.30,13.60
2008.03.12 14:40:27.365,1.0227,1.0229,0.30,13.60
2008.03.12 14:40:27.629,1.0227,1.0229,0.30,6.40
2008.03.12 14:40:27.905,1.0227,1.0229,9.20,6.40
2008.03.12 14:40:28.192,1.0227,1.0229,19.70,4.00
2008.03.12 14:40:28.481,1.02285,1.023,4.00,13.60
2008.03.12 14:40:28.596,1.02285,1.023,1.00,13.60
2008.03.12 14:40:28.772,1.0228,1.023,0.50,6.40
2008.03.12 14:40:29.063,1.02285,1.023,0.60,4.00
2008.03.12 14:40:29.378,1.02285,1.02305,1.40,1.60
2008.03.12 14:40:29.692,1.02285,1.02305,2.00,1.60
2008.03.12 14:40:30.007,1.0229,1.02305,0.30,0.80
2008.03.12 14:40:30.242,1.02285,1.023,2.10,5.60
2008.03.12 14:40:30.476,1.0228,1.023,0.30,8.80
2008.03.12 14:40:30.710,1.0228,1.023,0.30,8.80
2008.03.12 14:40:30.944,1.0228,1.023,0.30,8.80
2008.03.12 14:40:31.278,1.0228,1.023,0.30,8.80
2008.03.12 14:40:31.612,1.0228,1.023,0.30,10.20
2008.03.12 14:40:31.947,1.0228,1.023,0.30,9.40
2008.03.12 14:40:32.211,1.0228,1.023,0.30,9.40
2008.03.12 14:40:32.475,1.0228,1.023,0.30,9.40
2008.03.12 14:40:32.738,1.0228,1.023,0.30,9.60
2008.03.12 14:40:33.003,1.0228,1.02295,0.30,0.80
2008.03.12 14:40:33.307,1.02275,1.02295,0.90,0.80
2008.03.12 14:40:33.611,1.02275,1.0229,0.70,4.00
2008.03.12 14:40:33.916,1.0228,1.02295,0.30,0.80
2008.03.12 14:40:34.220,1.0228,1.02295,0.30,0.80
2008.03.12 14:40:34.484,1.0228,1.02295,0.30,0.80
2008.03.12 14:40:34.748,1.02275,1.02295,0.50,0.80
2008.03.12 14:40:35.012,1.02275,1.023,1.50,18.40
2008.03.12 14:40:35.302,1.02275,1.0229,2.50,0.60
2008.03.12 14:40:35.591,1.02275,1.0229,1.10,1.00
2008.03.12 14:40:35.880,1.0228,1.023,0.30,16.00
2008.03.12 14:40:36.169,1.02275,1.02295,2.70,0.80
2008.03.12 14:40:36.454,1.02275,1.0229,2.00,4.00
2008.03.12 14:40:36.738,1.02275,1.0229,1.40,4.20
2008.03.12 14:40:37.023,1.02275,1.0229,1.20,5.40
2008.03.12 14:40:37.321,1.02275,1.0229,0.90,7.80
2008.03.12 14:40:37.620,1.02275,1.0229,1.80,7.80
2008.03.12 14:40:37.920,1.02275,1.0229,1.00,6.40
2008.03.12 14:40:38.231,1.02275,1.0229,1.40,4.00
2008.03.12 14:40:38.504,1.02275,1.0229,0.90,4.00
2008.03.12 14:40:38.779,1.02275,1.0229,1.40,4.00
2008.03.12 14:40:39.053,1.02275,1.0229,0.60,4.00
2008.03.12 14:40:39.308,1.0227,1.0229,0.30,9.20
2008.03.12 14:40:39.562,1.0227,1.0229,0.30,6.40
2008.03.12 14:40:39.827,1.0227,1.0229,1.60,6.40
2008.03.12 14:40:40.079,1.02275,1.0229,0.30,7.60
2008.03.12 14:40:40.384,1.02265,1.0229,3.40,10.60
2008.03.12 14:40:40.689,1.02265,1.0228,4.00,0.60
2008.03.12 14:40:40.994,1.02265,1.02285,1.60,0.80
2008.03.12 14:40:41.297,1.02265,1.02285,1.70,0.80
2008.03.12 14:40:41.571,1.02265,1.0228,1.80,4.00
2008.03.12 14:40:41.849,1.02265,1.0228,1.10,4.00
2008.03.12 14:40:42.123,1.0227,1.0229,0.30,12.70
2008.03.12 14:40:42.423,1.0227,1.0229,0.30,11.90
2008.03.12 14:40:42.721,1.02265,1.0229,3.30,11.90
2008.03.12 14:40:43.019,1.02265,1.0229,2.50,11.90
2008.03.12 14:40:43.318,1.02265,1.0229,1.20,11.90
2008.03.12 14:40:43.608,1.02265,1.0229,1.00,11.90
2008.03.12 14:40:43.882,1.02265,1.0229,1.50,11.90
2008.03.12 14:40:44.176,1.02265,1.0229,0.80,11.90
2008.03.12 14:40:44.419,1.02265,1.0229,2.50,13.50
2008.03.12 14:40:44.673,1.0226,1.0228,2.00,4.80
2008.03.12 14:40:44.927,1.02265,1.0228,0.30,4.60
2008.03.12 14:40:45.182,1.0226,1.0228,0.30,7.60
2008.03.12 14:40:45.492,1.0226,1.0228,0.30,11.60
2008.03.12 14:40:45.803,1.0226,1.0228,0.30,11.60
2008.03.12 14:40:46.111,1.0226,1.0228,0.30,11.60
2008.03.12 14:40:46.423,1.0226,1.0228,0.30,11.60
2008.03.12 14:40:46.688,1.0226,1.0228,0.30,14.00
2008.03.12 14:40:46.953,1.0226,1.0227,0.30,1.60
2008.03.12 14:40:47.219,1.02255,1.0227,0.80,4.00
2008.03.12 14:40:47.524,1.0225,1.0227,0.30,10.40
2008.03.12 14:40:47.829,1.02245,1.0226,0.70,8.80
2008.03.12 14:40:48.134,1.02235,1.0226,0.50,8.80
2008.03.12 14:40:48.437,1.02245,1.0227,0.30,21.30
2008.03.12 14:40:48.742,1.02245,1.0227,1.70,17.20
2008.03.12 14:40:49.045,1.02245,1.0227,2.30,16.70
2008.03.12 14:40:49.350,1.02245,1.0226,2.00,2.40
2008.03.12 14:40:49.593,1.02245,1.0226,2.50,2.40
2008.03.12 14:40:49.826,1.0224,1.0226,0.50,6.40
2008.03.12 14:40:50.060,1.0224,1.0226,0.50,8.80
2008.03.12 14:40:50.292,1.0224,1.0226,0.50,8.80
2008.03.12 14:40:50.529,1.0224,1.0226,0.60,6.40
2008.03.12 14:40:50.863,1.0224,1.0226,0.90,8.80
2008.03.12 14:40:51.198,1.0224,1.0226,4.10,6.40
2008.03.12 14:40:51.533,1.0225,1.0226,0.20,6.40
2008.03.12 14:40:51.798,1.0225,1.0226,1.80,4.00
2008.03.12 14:40:52.064,1.02255,1.0227,1.30,8.80
2008.03.12 14:40:52.328,1.02255,1.0227,0.60,8.00
2008.03.12 14:40:52.628,1.02255,1.0227,2.20,5.60
2008.03.12 14:40:52.925,1.02255,1.0227,1.90,10.40
2008.03.12 14:40:53.226,1.0225,1.0227,1.10,5.60
2008.03.12 14:40:53.526,1.0225,1.0227,4.10,5.60
2008.03.12 14:40:53.801,1.0225,1.0227,2.80,5.80
2008.03.12 14:40:54.079,1.0225,1.0227,4.30,5.60
2008.03.12 14:40:54.365,1.0225,1.0227,0.90,5.60
2008.03.12 14:40:54.659,1.0226,1.0227,0.30,1.60
2008.03.12 14:40:54.952,1.02255,1.0227,0.30,1.60
2008.03.12 14:40:55.219,1.02255,1.0227,1.20,1.60
2008.03.12 14:40:55.498,1.02255,1.0227,2.00,1.60
2008.03.12 14:40:55.797,1.02255,1.0227,0.30,1.60
2008.03.12 14:40:56.095,1.02255,1.0227,0.30,1.60
2008.03.12 14:40:56.394,1.02255,1.0227,0.30,6.40
2008.03.12 14:40:56.674,1.02255,1.0227,0.30,5.60
2008.03.12 14:40:56.953,1.02255,1.0227,0.30,10.40
2008.03.12 14:40:57.232,1.02255,1.0227,0.30,8.00
2008.03.12 14:40:57.511,1.02255,1.0227,0.30,8.00
2008.03.12 14:40:57.818,1.02255,1.0227,4.20,8.00
2008.03.12 14:40:58.122,1.02255,1.0227,4.20,8.00
2008.03.12 14:40:58.407,1.0226,1.0227,0.30,8.00
2008.03.12 14:40:58.676,1.0226,1.0227,0.30,1.60
2008.03.12 14:40:58.946,1.02255,1.0227,7.40,1.60
2008.03.12 14:40:59.216,1.02255,1.0227,3.40,1.60
2008.03.12 14:40:59.485,1.02255,1.0227,3.40,1.60
2008.03.12 14:40:59.774,1.02255,1.0227,3.40,1.60
2008.03.12 14:41:00.065,1.02255,1.0227,3.40,1.60
2008.03.12 14:41:00.353,1.02255,1.0227,3.40,1.60
2008.03.12 14:41:00.641,1.02255,1.0227,3.40,1.60
2008.03.12 14:41:00.922,1.02255,1.0227,11.40,1.60
2008.03.12 14:41:01.202,1.02255,1.0227,11.40,0.40
2008.03.12 14:41:01.480,1.0226,1.02275,0.30,0.80
2008.03.12 14:41:01.760,1.0227,1.0228,0.30,8.80
2008.03.12 14:41:02.074,1.0227,1.0229,0.30,13.50
2008.03.12 14:41:02.388,1.02265,1.0229,4.20,13.50
2008.03.12 14:41:02.703,1.02265,1.0229,4.20,13.50
2008.03.12 14:41:02.951,1.02265,1.0229,4.20,13.50
2008.03.12 14:41:03.200,1.02265,1.0229,4.20,13.50
2008.03.12 14:41:03.447,1.02265,1.0229,4.20,13.50
2008.03.12 14:41:03.697,1.02265,1.0229,4.20,14.30
2008.03.12 14:41:04.011,1.0227,1.0229,0.30,13.50
2008.03.12 14:41:04.324,1.0227,1.0229,0.30,12.90
2008.03.12 14:41:04.638,1.0227,1.0229,0.30,0.90
2008.03.12 14:41:04.902,1.0227,1.0229,0.30,0.30
2008.03.12 14:41:05.166,1.0227,1.0229,1.00,7.20
2008.03.12 14:41:05.430,1.0227,1.0229,7.40,4.00
2008.03.12 14:41:05.693,1.02275,1.0229,0.30,6.40
2008.03.12 14:41:05.972,1.02275,1.0229,0.30,6.40
2008.03.12 14:41:06.251,1.02275,1.0229,0.30,6.40
2008.03.12 14:41:06.530,1.02275,1.0229,0.30,6.40
2008.03.12 14:41:06.811,1.02275,1.0229,0.30,4.00
2008.03.12 14:41:07.134,1.0228,1.0229,0.30,4.00
2008.03.12 14:41:07.459,1.0228,1.023,0.30,12.70
2008.03.12 14:41:07.786,1.02275,1.023,7.40,12.70
2008.03.12 14:41:08.039,1.02275,1.023,7.40,12.70
2008.03.12 14:41:08.292,1.02275,1.023,7.40,12.70
2008.03.12 14:41:08.547,1.02275,1.023,7.40,12.70
2008.03.12 14:41:08.800,1.02275,1.023,7.40,12.70
2008.03.12 14:41:09.104,1.02275,1.023,7.40,14.30
2008.03.12 14:41:09.409,1.02275,1.023,7.40,13.90
2008.03.12 14:41:09.713,1.0228,1.023,0.30,12.10
2008.03.12 14:41:09.972,1.0228,1.023,0.30,12.10
2008.03.12 14:41:10.231,1.0228,1.023,0.30,12.10
2008.03.12 14:41:10.498,1.0228,1.023,0.30,12.10
2008.03.12 14:41:10.757,1.02275,1.023,7.40,12.10
2008.03.12 14:41:11.051,1.02275,1.023,7.40,12.10
2008.03.12 14:41:11.344,1.02275,1.023,7.40,12.10
2008.03.12 14:41:11.640,1.0228,1.023,0.30,12.10
2008.03.12 14:41:11.933,1.0228,1.023,2.60,6.60
2008.03.12 14:41:12.262,1.02295,1.0231,4.20,15.60
2008.03.12 14:41:12.592,1.02295,1.0231,4.00,17.20
2008.03.12 14:41:12.921,1.0229,1.0231,0.80,16.40
2008.03.12 14:41:13.156,1.02285,1.0231,7.40,16.40
2008.03.12 14:41:13.390,1.02285,1.0231,7.40,16.40
2008.03.12 14:41:13.625,1.02285,1.0231,0.30,14.40
2008.03.12 14:41:13.858,1.02285,1.0231,0.30,13.60
2008.03.12 14:41:14.162,1.02285,1.0231,3.40,14.00
2008.03.12 14:41:14.467,1.02285,1.0231,3.40,13.60
2008.03.12 14:41:14.771,1.0229,1.0231,0.30,13.60
2008.03.12 14:41:15.066,1.0229,1.0231,0.30,13.60
2008.03.12 14:41:15.354,1.0229,1.0231,0.30,13.60
2008.03.12 14:41:15.643,1.0229,1.0231,0.30,13.60
2008.03.12 14:41:15.932,1.0229,1.0231,0.30,14.80
2008.03.12 14:41:16.171,1.02285,1.0231,3.40,14.80
2008.03.12 14:41:16.412,1.02285,1.0231,7.40,13.60
2008.03.12 14:41:16.660,1.02285,1.0231,7.40,13.60
2008.03.12 14:41:16.898,1.02285,1.0231,7.40,13.60
2008.03.12 14:41:17.232,1.02285,1.0231,7.40,13.60
2008.03.12 14:41:17.566,1.02285,1.0231,7.40,13.60
2008.03.12 14:41:17.902,1.02285,1.0231,9.80,8.80
2008.03.12 14:41:18.146,1.02285,1.0231,9.80,8.80
2008.03.12 14:41:18.404,1.02285,1.0231,9.80,8.80
2008.03.12 14:41:18.646,1.02285,1.0231,9.80,8.80
2008.03.12 14:41:18.891,1.02285,1.0231,5.80,12.80
2008.03.12 14:41:19.205,1.0229,1.0231,0.30,13.60
2008.03.12 14:41:19.518,1.0229,1.0231,0.30,13.60
2008.03.12 14:41:19.832,1.0229,1.0231,0.30,13.60
2008.03.12 14:41:20.146,1.0229,1.0231,0.30,13.60
2008.03.12 14:41:20.411,1.0229,1.0231,0.30,13.60
2008.03.12 14:41:20.675,1.02285,1.0231,3.40,13.60
2008.03.12 14:41:20.943,1.023,1.0231,0.30,10.40
2008.03.12 14:41:21.228,1.02295,1.0231,4.20,2.40
2008.03.12 14:41:21.513,1.02295,1.0231,4.20,2.40
2008.03.12 14:41:21.787,1.02295,1.0232,0.30,18.40
2008.03.12 14:41:22.061,1.02295,1.0232,0.30,18.40
2008.03.12 14:41:22.395,1.02295,1.0232,0.30,15.60
2008.03.12 14:41:24.079,1.02295,1.0232,0.30,14.00
2008.03.12 14:41:24.404,1.0229,1.0231,1.00,8.80
2008.03.12 14:41:24.471,1.0229,1.0231,3.40,6.40
2008.03.12 14:41:24.540,1.0229,1.0231,3.40,6.40
2008.03.12 14:41:24.607,1.02295,1.0231,0.30,6.40
2008.03.12 14:41:24.686,1.02295,1.0231,0.30,6.40
2008.03.12 14:41:24.754,1.02295,1.0231,0.30,6.40
2008.03.12 14:41:24.828,1.02295,1.0231,0.30,6.40
2008.03.12 14:41:24.897,1.02295,1.0231,0.30,6.40
2008.03.12 14:41:24.970,1.02295,1.0231,0.30,6.40
2008.03.12 14:41:25.039,1.02295,1.0231,0.30,6.40
2008.03.12 14:41:25.108,1.02295,1.0231,4.20,4.00
2008.03.12 14:41:25.443,1.023,1.0231,0.30,4.00
2008.03.12 14:41:25.789,1.02295,1.0232,4.20,13.60
2008.03.12 14:41:26.134,1.02295,1.0232,4.20,13.60
2008.03.12 14:41:26.352,1.02295,1.0232,7.40,13.60
2008.03.12 14:41:26.581,1.02295,1.0232,15.40,13.60
2008.03.12 14:41:26.808,1.02295,1.0232,15.40,13.60
2008.03.12 14:41:27.036,1.02295,1.0232,15.40,13.60
2008.03.12 14:41:27.278,1.023,1.0232,0.30,13.60
2008.03.12 14:41:27.612,1.02295,1.0232,15.40,13.60
2008.03.12 14:41:27.945,1.02295,1.0232,15.40,13.60
2008.03.12 14:41:28.279,1.02295,1.0232,4.20,14.00
2008.03.12 14:41:28.517,1.02295,1.0232,4.20,14.00
2008.03.12 14:41:28.755,1.02295,1.0232,0.30,14.00
2008.03.12 14:41:28.997,1.02295,1.0232,8.20,13.60
2008.03.12 14:41:29.249,1.02295,1.0232,11.40,13.60
2008.03.12 14:41:29.387,1.02295,1.0232,11.40,1.70
2008.03.12 14:41:29.546,1.02295,1.0232,11.40,1.00
2008.03.12 14:41:29.854,1.023,1.0232,0.30,1.10
2008.03.12 14:41:30.164,1.02295,1.0232,15.40,1.00
2008.03.12 14:41:30.404,1.02295,1.0232,15.40,0.80
2008.03.12 14:41:30.655,1.02295,1.0232,15.40,1.30
2008.03.12 14:41:30.884,1.02295,1.0232,15.40,1.00
2008.03.12 14:41:31.125,1.02295,1.0232,15.40,1.70
2008.03.12 14:41:31.435,1.02295,1.0232,15.40,1.00
2008.03.12 14:41:31.746,1.02305,1.0232,0.30,1.00
2008.03.12 14:41:32.056,1.02305,1.0232,4.20,0.50
2008.03.12 14:41:32.370,1.0231,1.0232,0.30,1.30
2008.03.12 14:41:32.671,1.0231,1.0233,0.30,1.50
2008.03.12 14:41:32.962,1.0231,1.0233,0.30,0.80
2008.03.12 14:41:33.253,1.0231,1.0232,0.30,1.50
2008.03.12 14:41:33.533,1.0231,1.0233,0.30,1.70
2008.03.12 14:41:33.803,1.0231,1.0233,0.30,0.70
2008.03.12 14:41:34.073,1.02305,1.0233,7.40,1.00
2008.03.12 14:41:34.322,1.02305,1.0233,7.40,1.50
2008.03.12 14:41:34.632,1.02305,1.0233,7.40,0.70
2008.03.12 14:41:34.942,1.02305,1.0232,4.20,0.70
2008.03.12 14:41:35.250,1.02305,1.0232,4.00,1.10
2008.03.12 14:41:35.561,1.0231,1.0232,0.30,0.90
2008.03.12 14:41:35.832,1.02305,1.0233,4.20,1.60
2008.03.12 14:41:36.101,1.02305,1.0233,4.00,1.10
2008.03.12 14:41:36.381,1.02305,1.0232,4.00,1.20
2008.03.12 14:41:36.680,1.02305,1.0232,4.20,0.70
2008.03.12 14:41:36.979,1.02305,1.0232,4.20,0.90
2008.03.12 14:41:37.279,1.023,1.0232,1.00,1.40
2008.03.12 14:41:37.578,1.023,1.0232,1.00,0.80
2008.03.12 14:41:37.842,1.02305,1.0232,0.30,1.90
2008.03.12 14:41:38.107,1.02305,1.0232,0.30,1.70
2008.03.12 14:41:38.371,1.02305,1.0232,0.30,0.50
2008.03.12 14:41:38.654,1.023,1.0232,3.40,1.60
2008.03.12 14:41:38.939,1.02305,1.0232,4.00,0.70
2008.03.12 14:41:39.223,1.02305,1.0232,4.20,1.70
2008.03.12 14:41:39.507,1.02305,1.0232,4.00,1.00
2008.03.12 14:41:39.770,1.02305,1.0232,0.30,1.30
2008.03.12 14:41:40.034,1.02305,1.0232,0.30,1.80
2008.03.12 14:41:40.298,1.023,1.0232,3.40,1.10
2008.03.12 14:41:40.565,1.02305,1.0232,4.20,1.70
2008.03.12 14:41:40.881,1.02305,1.0232,4.20,0.60
2008.03.12 14:41:41.184,1.02305,1.0232,4.00,0.90
2008.03.12 14:41:41.489,1.02305,1.0232,4.00,1.60
2008.03.12 14:41:41.783,1.02305,1.0232,4.20,1.70
2008.03.12 14:41:42.077,1.02305,1.0232,4.20,1.50
2008.03.12 14:41:42.370,1.02305,1.0232,4.20,1.50
2008.03.12 14:41:42.666,1.023,1.0232,0.30,1.30
2008.03.12 14:41:42.926,1.023,1.0232,0.30,0.80
2008.03.12 14:41:43.184,1.023,1.0232,0.30,0.60
2008.03.12 14:41:43.445,1.023,1.0232,0.30,1.20
2008.03.12 14:41:43.705,1.023,1.0232,0.30,1.00
2008.03.12 14:41:43.983,1.02295,1.0232,3.40,1.10
2008.03.12 14:41:44.262,1.02295,1.0232,0.30,1.60
2008.03.12 14:41:44.540,1.02295,1.0232,0.30,1.60
2008.03.12 14:41:44.819,1.02295,1.0232,0.30,0.50
2008.03.12 14:41:45.097,1.02295,1.0232,0.30,1.80
2008.03.12 14:41:45.375,1.02295,1.0232,0.30,1.50
2008.03.12 14:41:45.653,1.02295,1.0232,0.30,1.30
2008.03.12 14:41:45.922,1.02295,1.0232,0.30,1.60
2008.03.12 14:41:46.190,1.02295,1.0232,0.30,0.50
2008.03.12 14:41:46.458,1.02295,1.0232,0.30,0.50
2008.03.12 14:41:46.726,1.02295,1.0232,0.30,1.10
2008.03.12 14:41:47.021,1.02295,1.0232,0.30,1.10
2008.03.12 14:41:47.314,1.02295,1.0232,0.30,0.90
2008.03.12 14:41:47.615,1.02295,1.0232,0.30,0.70
2008.03.12 14:41:47.833,1.02295,1.0232,0.30,1.90
2008.03.12 14:41:48.051,1.02295,1.0232,0.30,1.30
2008.03.12 14:41:48.271,1.02295,1.0232,8.20,0.70
2008.03.12 14:41:48.490,1.02295,1.0232,11.40,0.90
2008.03.12 14:41:48.710,1.02295,1.0232,13.80,1.30
2008.03.12 14:41:49.044,1.02295,1.0232,17.80,1.70
2008.03.12 14:41:49.377,1.02295,1.0232,17.80,0.80
2008.03.12 14:41:49.710,1.02295,1.0232,17.80,1.50
2008.03.12 14:41:49.934,1.02295,1.0232,17.80,1.00
2008.03.12 14:41:50.156,1.02295,1.0232,17.80,1.30
2008.03.12 14:41:50.380,1.02295,1.0232,17.80,0.80
2008.03.12 14:41:50.605,1.02295,1.0232,17.80,1.20
2008.03.12 14:41:50.948,1.02295,1.0232,17.80,0.80
2008.03.12 14:41:51.271,1.02295,1.0232,17.80,1.20
2008.03.12 14:41:51.605,1.02295,1.0232,17.80,1.20
2008.03.12 14:41:51.853,1.02295,1.0232,17.80,0.60
2008.03.12 14:41:52.102,1.023,1.0232,0.30,1.40
2008.03.12 14:41:52.351,1.023,1.0232,0.30,1.60
2008.03.12 14:41:52.600,1.023,1.0232,0.30,1.00
2008.03.12 14:41:52.890,1.023,1.0232,0.30,1.70
2008.03.12 14:41:53.178,1.023,1.0232,0.30,0.80
2008.03.12 14:41:53.476,1.023,1.0232,0.30,0.60
2008.03.12 14:41:53.755,1.023,1.0232,0.30,1.10
2008.03.12 14:41:53.989,1.023,1.0232,0.30,0.70
2008.03.12 14:41:54.223,1.02295,1.0231,6.60,1.50
2008.03.12 14:41:54.456,1.02295,1.02315,6.60,0.80
2008.03.12 14:41:54.690,1.02295,1.02315,6.60,0.80
2008.03.12 14:41:55.023,1.02295,1.02315,6.60,0.80
2008.03.12 14:41:55.358,1.02295,1.0232,6.60,1.20
2008.03.12 14:41:55.692,1.02295,1.0232,6.60,0.80
2008.03.12 14:41:55.927,1.02295,1.0232,9.80,0.60
2008.03.12 14:41:56.160,1.02295,1.0232,7.40,1.80
2008.03.12 14:41:56.395,1.02295,1.0232,7.40,0.90
2008.03.12 14:41:56.629,1.02295,1.0232,6.60,1.10
2008.03.12 14:41:56.862,1.02295,1.0232,6.60,0.70
2008.03.12 14:41:57.195,1.02295,1.0232,6.60,0.70
2008.03.12 14:41:57.540,1.02295,1.0232,6.60,0.50
2008.03.12 14:41:57.875,1.02295,1.0232,9.80,0.50
2008.03.12 14:41:58.103,1.02295,1.0232,9.80,1.80
2008.03.12 14:41:58.341,1.02295,1.0232,17.80,8.80
2008.03.12 14:41:58.579,1.02295,1.0232,17.80,8.80
2008.03.12 14:41:58.819,1.023,1.0232,0.30,8.80
2008.03.12 14:41:59.146,1.023,1.0232,0.30,8.80
2008.03.12 14:41:59.475,1.023,1.0232,0.30,8.80
2008.03.12 14:41:59.803,1.02295,1.0232,9.80,8.80
2008.03.12 14:42:00.046,1.02295,1.0232,9.80,8.80
2008.03.12 14:42:00.289,1.02295,1.0232,9.80,8.80
2008.03.12 14:42:00.533,1.02295,1.0232,9.80,8.80
2008.03.12 14:42:00.776,1.02295,1.0232,9.80,8.80
2008.03.12 14:42:01.095,1.02295,1.0232,14.60,8.80
2008.03.12 14:42:01.415,1.023,1.0232,0.30,8.80
2008.03.12 14:42:01.733,1.023,1.0232,0.30,8.80
2008.03.12 14:42:02.035,1.023,1.0232,0.30,8.80
2008.03.12 14:42:02.328,1.023,1.0232,0.30,8.80
2008.03.12 14:42:02.621,1.023,1.0232,0.30,8.80
2008.03.12 14:42:02.914,1.023,1.0232,0.30,8.80
2008.03.12 14:42:03.164,1.023,1.0232,0.30,8.80
2008.03.12 14:42:03.413,1.023,1.0232,0.30,8.80
2008.03.12 14:42:03.662,1.023,1.0232,0.30,8.80
2008.03.12 14:42:03.912,1.023,1.0232,0.30,8.80
2008.03.12 14:42:04.222,1.023,1.0232,0.30,8.80
2008.03.12 14:42:04.530,1.023,1.0232,0.30,8.80
2008.03.12 14:42:04.839,1.023,1.0232,0.30,8.80
2008.03.12 14:42:05.072,1.023,1.0232,0.30,8.80
2008.03.12 14:42:05.306,1.023,1.0232,0.30,8.80
2008.03.12 14:42:05.540,1.023,1.0232,0.30,8.80
2008.03.12 14:42:05.774,1.023,1.0232,0.30,8.80
2008.03.12 14:42:06.009,1.023,1.0232,0.30,8.80
2008.03.12 14:42:06.333,1.02305,1.0232,0.30,8.80
2008.03.12 14:42:06.661,1.02305,1.0232,0.30,8.80
2008.03.12 14:42:06.997,1.0231,1.0232,0.30,6.40
2008.03.12 14:42:07.258,1.02305,1.0233,0.30,17.70
2008.03.12 14:42:07.517,1.02305,1.0233,0.30,16.40
2008.03.12 14:42:07.777,1.02305,1.0233,0.30,14.00
2008.03.12 14:42:08.036,1.02305,1.0233,0.30,14.00
2008.03.12 14:42:08.324,1.02305,1.0233,0.30,18.00
2008.03.12 14:42:08.615,1.02305,1.0233,0.30,14.20
2008.03.12 14:42:08.914,1.02305,1.0233,0.30,15.80
2008.03.12 14:42:09.193,1.02305,1.0233,0.30,22.80
2008.03.12 14:42:09.472,1.02305,1.0233,0.30,22.80
2008.03.12 14:42:09.752,1.02305,1.0233,0.30,22.90
2008.03.12 14:42:10.031,1.02305,1.0232,0.30,4.80
2008.03.12 14:42:10.302,1.02305,1.0232,0.30,4.80
2008.03.12 14:42:10.571,1.02305,1.0232,0.30,4.80
2008.03.12 14:42:10.850,1.02305,1.0232,0.30,8.80
2008.03.12 14:42:11.117,1.02305,1.0232,0.30,8.80
2008.03.12 14:42:11.400,1.02305,1.0232,0.30,8.80
2008.03.12 14:42:11.685,1.023,1.0232,0.30,9.20
2008.03.12 14:42:11.968,1.023,1.0232,0.30,8.80
2008.03.12 14:42:12.283,1.023,1.0232,0.30,8.80
2008.03.12 14:42:12.596,1.02305,1.0232,0.30,8.80
2008.03.12 14:42:12.911,1.0231,1.0232,0.30,8.80
2008.03.12 14:42:13.225,1.02305,1.0233,4.20,16.10
2008.03.12 14:42:13.478,1.02305,1.0233,0.30,16.10
2008.03.12 14:42:13.731,1.02305,1.0233,0.30,16.10
2008.03.12 14:42:13.986,1.02305,1.0233,0.30,16.10
2008.03.12 14:42:14.270,1.02305,1.0233,0.30,16.10
2008.03.12 14:42:14.554,1.02305,1.0233,0.30,16.10
2008.03.12 14:42:14.838,1.02305,1.0233,0.30,16.10
2008.03.12 14:42:15.122,1.02305,1.0233,0.30,16.10
2008.03.12 14:42:15.404,1.02305,1.0233,0.30,16.10
2008.03.12 14:42:15.688,1.02305,1.0233,0.30,16.10
2008.03.12 14:42:15.972,1.02305,1.0233,0.30,16.10
2008.03.12 14:42:16.256,1.02305,1.0233,0.30,17.80
2008.03.12 14:42:16.533,1.02305,1.0233,0.30,17.80
2008.03.12 14:42:16.805,1.02305,1.0232,0.30,4.80
2008.03.12 14:42:17.080,1.02305,1.0233,0.30,28.70
2008.03.12 14:42:17.389,1.023,1.0232,0.30,4.80
2008.03.12 14:42:17.697,1.023,1.0232,0.30,4.80
2008.03.12 14:42:18.006,1.023,1.0232,0.30,8.80
2008.03.12 14:42:18.314,1.023,1.0232,0.30,9.20
2008.03.12 14:42:18.584,1.023,1.0232,0.30,11.60
2008.03.12 14:42:18.854,1.02295,1.0231,4.20,4.80
2008.03.12 14:42:19.122,1.02295,1.0232,6.60,10.80
2008.03.12 14:42:19.391,1.02295,1.0232,6.60,9.20
2008.03.12 14:42:19.675,1.02295,1.0232,6.60,9.20
2008.03.12 14:42:19.960,1.02295,1.0232,6.60,9.20
2008.03.12 14:42:20.254,1.02295,1.0232,6.60,9.20
2008.03.12 14:42:20.528,1.02295,1.0232,6.60,9.20
2008.03.12 14:42:20.812,1.02295,1.0231,4.20,2.40
2008.03.12 14:42:21.096,1.02295,1.0232,6.60,10.80
2008.03.12 14:42:21.379,1.02295,1.0232,6.60,10.80
2008.03.12 14:42:21.633,1.02295,1.0232,6.60,9.20
2008.03.12 14:42:21.887,1.02295,1.0231,4.20,2.40
2008.03.12 14:42:22.141,1.02295,1.0231,4.20,2.40
2008.03.12 14:42:22.395,1.02295,1.0231,4.20,6.40
2008.03.12 14:42:22.714,1.02295,1.0231,4.20,6.40
2008.03.12 14:42:23.034,1.02295,1.0231,4.20,6.40
2008.03.12 14:42:23.355,1.023,1.0232,0.30,11.30
2008.03.12 14:42:23.598,1.02295,1.0232,6.60,11.30
2008.03.12 14:42:23.842,1.02295,1.0232,6.60,10.50
2008.03.12 14:42:24.085,1.02295,1.0232,6.60,10.50
2008.03.12 14:42:24.328,1.02295,1.0232,6.60,10.50
2008.03.12 14:42:24.632,1.02295,1.0232,6.60,10.50
2008.03.12 14:42:24.935,1.02295,1.0232,6.60,10.50
2008.03.12 14:42:25.240,1.02295,1.0232,6.60,10.50
2008.03.12 14:42:25.509,1.02295,1.0232,6.60,10.50
2008.03.12 14:42:25.776,1.02295,1.0232,6.60,10.50
2008.03.12 14:42:26.046,1.02295,1.0232,14.60,8.80
2008.03.12 14:42:26.315,1.023,1.0232,1.80,8.80
2008.03.12 14:42:26.584,1.023,1.0232,1.00,8.80
2008.03.12 14:42:26.852,1.023,1.0232,0.30,8.80
2008.03.12 14:42:27.122,1.023,1.0232,0.30,8.80
2008.03.12 14:42:27.391,1.023,1.0232,0.30,8.80
2008.03.12 14:42:27.716,1.02295,1.0232,6.60,8.80
2008.03.12 14:42:28.038,1.02295,1.0232,6.60,8.80
2008.03.12 14:42:28.365,1.02295,1.0231,6.60,2.40
2008.03.12 14:42:28.604,1.02295,1.0231,4.20,2.40
2008.03.12 14:42:28.844,1.02295,1.0231,4.20,2.40
2008.03.12 14:42:29.083,1.02295,1.0231,4.20,6.40
2008.03.12 14:42:29.322,1.02295,1.0231,4.20,6.40
2008.03.12 14:42:29.651,1.02295,1.0231,4.20,6.40
2008.03.12 14:42:29.978,1.02295,1.0231,4.20,6.40
2008.03.12 14:42:30.306,1.02295,1.0231,4.20,6.40
2008.03.12 14:42:30.534,1.02295,1.0231,4.20,6.40
2008.03.12 14:42:30.762,1.02295,1.0231,4.20,6.40
2008.03.12 14:42:30.990,1.02295,1.0231,4.20,6.40
2008.03.12 14:42:31.218,1.02295,1.0231,4.20,8.80
2008.03.12 14:42:31.459,1.0229,1.0231,3.40,8.80
2008.03.12 14:42:31.787,1.0229,1.0231,1.80,8.80
2008.03.12 14:42:32.116,1.0229,1.0231,1.80,8.80
2008.03.12 14:42:32.445,1.0229,1.0231,1.80,8.80
2008.03.12 14:42:32.705,1.0229,1.0231,1.80,8.80
2008.03.12 14:42:32.966,1.0229,1.0231,1.80,8.80
2008.03.12 14:42:33.225,1.0229,1.0231,1.80,8.80
2008.03.12 14:42:33.484,1.0229,1.0231,1.80,8.80
2008.03.12 14:42:33.773,1.0229,1.0231,1.80,8.80
2008.03.12 14:42:34.061,1.0229,1.0231,1.80,8.80
2008.03.12 14:42:34.349,1.0229,1.0231,1.80,8.80
2008.03.12 14:42:34.637,1.0229,1.0231,1.80,8.80
2008.03.12 14:42:34.925,1.0229,1.0231,2.60,8.80
2008.03.12 14:42:35.204,1.0229,1.0231,3.40,8.80
2008.03.12 14:42:35.482,1.0229,1.0231,2.60,8.80
2008.03.12 14:42:35.730,1.0229,1.0231,1.80,8.80
2008.03.12 14:42:35.978,1.0229,1.0231,1.80,8.80
2008.03.12 14:42:36.227,1.0229,1.0231,1.80,8.80
2008.03.12 14:42:36.476,1.0229,1.0231,1.80,8.80
2008.03.12 14:42:36.810,1.0229,1.0231,3.40,8.80
2008.03.12 14:42:37.145,1.0229,1.0231,2.60,8.80
2008.03.12 14:42:37.480,1.0229,1.0231,1.80,8.80
2008.03.12 14:42:37.704,1.0229,1.0231,1.80,8.80
2008.03.12 14:42:37.935,1.0229,1.0231,1.80,8.80
2008.03.12 14:42:38.158,1.0229,1.0231,4.20,6.40
2008.03.12 14:42:38.383,1.0229,1.0231,5.00,6.40
2008.03.12 14:42:38.607,1.0229,1.0231,3.40,8.80
2008.03.12 14:42:38.941,1.02295,1.0231,4.20,8.80
2008.03.12 14:42:39.277,1.02295,1.0231,4.20,6.40
2008.03.12 14:42:39.610,1.02295,1.0231,4.20,6.40
2008.03.12 14:42:39.819,1.02295,1.0231,4.20,6.40
2008.03.12 14:42:40.028,1.02295,1.0231,4.20,6.40
2008.03.12 14:42:40.236,1.02295,1.0231,4.20,6.40
2008.03.12 14:42:40.447,1.02295,1.0231,4.20,6.40
2008.03.12 14:42:40.655,1.02295,1.0231,4.20,6.40
2008.03.12 14:42:40.988,1.02295,1.0231,4.20,6.40
2008.03.12 14:42:41.321,1.02295,1.0231,4.20,6.40
2008.03.12 14:42:41.654,1.02295,1.0231,4.20,6.40
2008.03.12 14:42:41.907,1.02295,1.0231,4.20,6.40
2008.03.12 14:42:42.160,1.02295,1.0231,4.20,6.40
2008.03.12 14:42:42.423,1.02295,1.0231,4.20,6.40
2008.03.12 14:42:42.676,1.02295,1.0231,4.20,6.40
2008.03.12 14:42:42.985,1.02295,1.0231,4.20,6.40
2008.03.12 14:42:43.294,1.02295,1.0231,4.20,6.40
2008.03.12 14:42:43.603,1.02295,1.0231,4.20,6.40
2008.03.12 14:42:43.910,1.02295,1.0231,4.20,6.40
2008.03.12 14:42:44.183,1.02295,1.0231,4.20,6.40
2008.03.12 14:42:44.458,1.02295,1.0231,4.20,6.40
2008.03.12 14:42:44.731,1.02295,1.0232,4.20,13.60
2008.03.12 14:42:44.977,1.023,1.0232,0.30,13.60
2008.03.12 14:42:45.220,1.02295,1.0232,4.20,13.60
2008.03.12 14:42:45.464,1.02295,1.0232,4.20,13.60
2008.03.12 14:42:45.721,1.02295,1.0232,4.20,13.60
2008.03.12 14:42:46.052,1.02295,1.0232,4.20,13.60
2008.03.12 14:42:46.360,1.02295,1.0231,4.20,2.40
2008.03.12 14:42:46.679,1.02295,1.0232,4.20,14.00
2008.03.12 14:42:46.974,1.02295,1.0232,4.20,16.60
2008.03.12 14:42:47.268,1.02295,1.0231,4.20,2.40
2008.03.12 14:42:47.563,1.02295,1.0232,4.20,15.80
2008.03.12 14:42:47.858,1.02295,1.0232,4.20,15.80
2008.03.12 14:42:48.135,1.02295,1.0231,4.20,4.80
2008.03.12 14:42:48.400,1.02295,1.0231,4.20,4.80
2008.03.12 14:42:48.666,1.02295,1.0231,4.20,4.80
2008.03.12 14:42:48.930,1.02295,1.0231,4.20,8.80
2008.03.12 14:42:49.224,1.02295,1.0231,4.20,8.80
2008.03.12 14:42:49.518,1.02295,1.0231,4.20,8.80
2008.03.12 14:42:49.811,1.02295,1.0231,4.20,8.80
2008.03.12 14:42:50.082,1.02295,1.0231,4.20,8.80
2008.03.12 14:42:50.353,1.02295,1.0231,4.20,8.80
2008.03.12 14:42:50.621,1.02295,1.0231,4.20,8.80
2008.03.12 14:42:50.901,1.02295,1.0231,4.20,8.80
2008.03.12 14:42:51.160,1.02295,1.0231,4.20,8.80
2008.03.12 14:42:51.419,1.02295,1.0231,4.20,8.80
2008.03.12 14:42:51.678,1.02295,1.0231,4.20,8.80
2008.03.12 14:42:51.937,1.02295,1.0231,4.20,8.80
2008.03.12 14:42:52.252,1.02295,1.0231,4.20,8.80
2008.03.12 14:42:52.555,1.02295,1.0231,4.20,8.80
2008.03.12 14:42:52.859,1.02295,1.0231,4.00,8.80
2008.03.12 14:42:53.163,1.02285,1.023,6.60,6.40
2008.03.12 14:42:53.442,1.02285,1.023,4.20,8.80
2008.03.12 14:42:53.721,1.02285,1.023,4.20,6.40
2008.03.12 14:42:54.000,1.02285,1.023,4.20,8.80
2008.03.12 14:42:54.261,1.02285,1.023,4.00,8.80
2008.03.12 14:42:54.544,1.0228,1.023,0.30,11.20
2008.03.12 14:42:54.814,1.02275,1.0229,4.20,2.40
2008.03.12 14:42:55.072,1.02275,1.0229,4.20,6.40
2008.03.12 14:42:55.366,1.02275,1.0229,4.20,6.40
2008.03.12 14:42:55.660,1.02275,1.0229,4.20,6.40
2008.03.12 14:42:55.955,1.02275,1.0229,4.20,8.80
2008.03.12 14:42:56.250,1.02275,1.0229,4.00,8.80
2008.03.12 14:42:56.539,1.02275,1.0229,4.00,8.80
2008.03.12 14:42:56.830,1.0227,1.02285,1.80,0.80
2008.03.12 14:42:57.118,1.0227,1.02285,1.80,0.80
2008.03.12 14:42:58.946,1.02275,1.02285,0.30,0.80
2008.03.12 14:42:58.996,1.02275,1.0229,4.20,11.20
2008.03.12 14:42:59.035,1.02275,1.0229,4.20,11.20
2008.03.12 14:42:59.072,1.02275,1.0229,4.20,11.20
2008.03.12 14:42:59.127,1.02275,1.0229,4.20,11.20
2008.03.12 14:42:59.163,1.02275,1.0229,4.20,11.20
2008.03.12 14:42:59.203,1.02275,1.0229,4.20,11.20
2008.03.12 14:42:59.243,1.02275,1.0229,4.20,11.20
2008.03.12 14:42:59.282,1.02275,1.0229,4.20,11.20
2008.03.12 14:42:59.322,1.02275,1.0229,4.20,11.20
2008.03.12 14:42:59.360,1.02275,1.0229,4.20,11.20
2008.03.12 14:42:59.398,1.02275,1.0229,4.20,11.20
2008.03.12 14:42:59.440,1.02275,1.0229,4.20,11.20
2008.03.12 14:42:59.478,1.02275,1.0229,4.20,11.20
2008.03.12 14:42:59.516,1.02275,1.0229,4.20,11.20
2008.03.12 14:42:59.558,1.02275,1.0229,4.20,11.20
2008.03.12 14:42:59.595,1.02275,1.0229,4.20,11.20
2008.03.12 14:42:59.632,1.02275,1.0229,4.20,11.20
2008.03.12 14:42:59.673,1.02275,1.0229,4.00,11.20
2008.03.12 14:42:59.710,1.02275,1.0229,4.00,11.20
2008.03.12 14:42:59.749,1.02275,1.0229,4.00,11.20
2008.03.12 14:42:59.789,1.0227,1.0229,2.60,11.20
2008.03.12 14:42:59.826,1.0227,1.0229,2.60,11.20
2008.03.12 14:42:59.864,1.0227,1.0229,2.60,11.20
2008.03.12 14:42:59.903,1.0227,1.0229,2.60,11.20
2008.03.12 14:42:59.942,1.0227,1.0229,2.60,11.20
2008.03.12 14:43:00.276,1.0227,1.0229,2.60,11.20
2008.03.12 14:43:00.609,1.0227,1.0229,2.60,11.20
2008.03.12 14:43:00.943,1.0227,1.0229,2.60,11.20
2008.03.12 14:43:01.277,1.0227,1.0229,2.60,11.20
2008.03.12 14:43:01.517,1.0227,1.0229,2.60,11.20
2008.03.12 14:43:01.755,1.0227,1.0229,2.60,11.20
2008.03.12 14:43:01.994,1.0227,1.0229,2.60,11.20
2008.03.12 14:43:02.322,1.0227,1.0229,2.60,11.20
2008.03.12 14:43:02.651,1.0227,1.0229,2.60,11.20
2008.03.12 14:43:02.979,1.0227,1.0229,2.60,11.20
2008.03.12 14:43:03.223,1.0227,1.0229,2.60,11.20
2008.03.12 14:43:03.467,1.0227,1.0229,2.60,11.20
2008.03.12 14:43:03.710,1.0227,1.0229,2.60,11.20
2008.03.12 14:43:03.953,1.0227,1.0229,2.60,11.20
2008.03.12 14:43:04.195,1.0227,1.0229,2.60,11.20
2008.03.12 14:43:04.479,1.0227,1.0229,2.60,11.20
2008.03.12 14:43:04.761,1.0227,1.0229,2.60,11.20
2008.03.12 14:43:05.045,1.02275,1.0229,0.30,11.20
2008.03.12 14:43:05.299,1.02275,1.0229,0.30,11.20
2008.03.12 14:43:05.553,1.02275,1.0229,4.20,8.80
2008.03.12 14:43:05.807,1.02275,1.0229,4.20,6.40
2008.03.12 14:43:06.061,1.02275,1.0229,4.20,6.40
2008.03.12 14:43:06.374,1.02275,1.0229,4.20,6.40
2008.03.12 14:43:06.688,1.02275,1.0229,4.20,6.40
2008.03.12 14:43:07.001,1.02275,1.0229,4.20,6.40
2008.03.12 14:43:07.317,1.02275,1.0229,4.20,8.80
2008.03.12 14:43:07.606,1.02275,1.0229,4.20,8.80
2008.03.12 14:43:07.894,1.02275,1.0229,4.20,8.80
2008.03.12 14:43:08.182,1.02275,1.0229,4.20,6.40
2008.03.12 14:43:08.437,1.02275,1.0229,4.20,6.40
2008.03.12 14:43:08.690,1.02275,1.0229,4.20,6.40
2008.03.12 14:43:08.945,1.02275,1.0229,4.20,6.40
2008.03.12 14:43:09.208,1.02275,1.0229,4.20,6.40
2008.03.12 14:43:09.501,1.02275,1.0229,4.20,6.40
2008.03.12 14:43:09.795,1.02275,1.0229,4.20,6.40
2008.03.12 14:43:10.089,1.02275,1.0229,4.20,6.40
2008.03.12 14:43:10.383,1.02275,1.0229,4.20,6.40
2008.03.12 14:43:10.652,1.02275,1.0229,4.20,6.40
2008.03.12 14:43:10.920,1.02275,1.0229,4.00,6.40
2008.03.12 14:43:11.190,1.0227,1.0228,1.00,4.00
2008.03.12 14:43:11.439,1.0227,1.0228,1.00,4.00
2008.03.12 14:43:11.688,1.0227,1.0229,1.00,12.00
2008.03.12 14:43:11.938,1.0227,1.0229,1.00,11.20
2008.03.12 14:43:12.199,1.0227,1.0229,1.00,11.20
2008.03.12 14:43:12.446,1.0227,1.0229,1.00,9.20
2008.03.12 14:43:12.782,1.0227,1.0229,0.30,9.20
2008.03.12 14:43:13.117,1.0227,1.02285,0.30,0.80
2008.03.12 14:43:13.451,1.02265,1.02285,4.20,0.80
2008.03.12 14:43:13.701,1.02265,1.0228,4.20,4.00
2008.03.12 14:43:13.950,1.02265,1.0228,4.20,4.00
2008.03.12 14:43:14.200,1.02265,1.0228,4.20,4.00
2008.03.12 14:43:14.500,1.02265,1.0228,4.20,4.00
2008.03.12 14:43:14.801,1.02265,1.0228,4.20,6.40
2008.03.12 14:43:15.100,1.0226,1.0228,1.00,8.80
2008.03.12 14:43:15.400,1.0226,1.02275,1.00,0.80
2008.03.12 14:43:15.679,1.02255,1.02275,6.60,0.80
2008.03.12 14:43:15.958,1.02255,1.0227,6.60,4.00
2008.03.12 14:43:16.238,1.0226,1.0227,0.30,4.00
2008.03.12 14:43:16.518,1.0226,1.0228,0.30,9.30
2008.03.12 14:43:16.777,1.0226,1.0228,0.30,9.20
2008.03.12 14:43:17.021,1.02255,1.0228,6.60,9.30
2008.03.12 14:43:17.266,1.02255,1.0228,9.80,9.50
2008.03.12 14:43:17.511,1.02255,1.0227,6.60,4.00
2008.03.12 14:43:17.846,1.0226,1.0227,0.80,4.00
2008.03.12 14:43:18.184,1.02265,1.0227,0.30,4.00
2008.03.12 14:43:18.517,1.02265,1.0228,4.20,6.40
2008.03.12 14:43:18.756,1.02265,1.0228,4.20,8.80
2008.03.12 14:43:19.002,1.0226,1.0228,1.00,8.80
2008.03.12 14:43:19.241,1.0226,1.0228,1.00,8.80
2008.03.12 14:43:19.480,1.02265,1.0228,0.30,4.00
2008.03.12 14:43:19.789,1.02265,1.0229,0.30,14.80
2008.03.12 14:43:20.098,1.0227,1.0229,0.30,14.80
2008.03.12 14:43:20.407,1.0227,1.0229,0.30,14.80
2008.03.12 14:43:20.640,1.0227,1.0229,0.30,14.80
2008.03.12 14:43:20.872,1.0227,1.0229,0.30,14.80
2008.03.12 14:43:21.105,1.0227,1.0229,0.30,14.80
2008.03.12 14:43:21.339,1.0227,1.0229,0.30,15.40
2008.03.12 14:43:21.657,1.02265,1.0228,0.30,2.80
2008.03.12 14:43:21.978,1.02265,1.0228,0.30,5.40
2008.03.12 14:43:22.310,1.0226,1.0228,0.30,9.80
2008.03.12 14:43:22.642,1.02255,1.0228,4.00,15.40
2008.03.12 14:43:22.931,1.0225,1.0227,3.10,6.40
2008.03.12 14:43:23.222,1.0225,1.0227,3.10,6.40
2008.03.12 14:43:23.509,1.0225,1.0227,3.10,6.40
2008.03.12 14:43:23.757,1.0225,1.0227,3.10,6.40
2008.03.12 14:43:24.007,1.0226,1.0227,0.30,4.00
2008.03.12 14:43:24.260,1.02255,1.0228,0.30,13.40
2008.03.12 14:43:24.509,1.02255,1.0228,0.30,15.30
2008.03.12 14:43:24.799,1.02265,1.0228,0.30,7.20
2008.03.12 14:43:25.088,1.02265,1.02285,0.30,3.20
2008.03.12 14:43:25.378,1.02265,1.0229,0.30,16.20
2008.03.12 14:43:25.661,1.0227,1.0228,0.30,0.40
2008.03.12 14:43:25.946,1.0227,1.0229,0.30,16.20
2008.03.12 14:43:26.231,1.02265,1.0229,0.30,16.20
2008.03.12 14:43:26.523,1.02265,1.0229,0.30,19.40
2008.03.12 14:43:26.796,1.02265,1.0229,0.30,19.40
2008.03.12 14:43:27.071,1.0227,1.0229,0.30,19.40
2008.03.12 14:43:27.344,1.0227,1.0229,0.30,19.40
2008.03.12 14:43:27.619,1.0227,1.0229,0.30,19.40
2008.03.12 14:43:27.927,1.0227,1.0229,0.30,19.40
2008.03.12 14:43:28.235,1.0227,1.0229,0.30,16.20
2008.03.12 14:43:28.555,1.0227,1.0229,0.30,16.20
2008.03.12 14:43:28.812,1.0227,1.0229,0.30,16.20
2008.03.12 14:43:29.066,1.02265,1.0229,0.30,16.20
2008.03.12 14:43:29.321,1.02265,1.0229,4.20,16.20
2008.03.12 14:43:29.574,1.0227,1.0229,0.30,16.20
2008.03.12 14:43:29.853,1.0227,1.0229,0.30,16.20
2008.03.12 14:43:30.135,1.0227,1.0229,0.30,16.20
2008.03.12 14:43:30.415,1.0227,1.0229,0.30,16.20
2008.03.12 14:43:30.693,1.0227,1.0229,0.30,16.20
2008.03.12 14:43:30.968,1.0227,1.0229,0.30,16.20
2008.03.12 14:43:31.221,1.0227,1.0229,0.30,16.20
2008.03.12 14:43:31.485,1.0227,1.0229,0.30,16.20
2008.03.12 14:43:31.750,1.0227,1.0229,0.30,16.20
2008.03.12 14:43:32.059,1.0227,1.0229,0.30,16.20
2008.03.12 14:43:32.367,1.0227,1.0229,0.30,16.20
2008.03.12 14:43:32.677,1.02265,1.0229,12.20,16.60
2008.03.12 14:43:32.954,1.02265,1.0228,5.80,7.20
2008.03.12 14:43:33.205,1.02265,1.0228,5.00,7.20
2008.03.12 14:43:33.470,1.02265,1.0228,4.20,7.20
2008.03.12 14:43:33.733,1.02265,1.0228,4.20,7.20
2008.03.12 14:43:34.008,1.02265,1.0228,4.20,7.20
2008.03.12 14:43:34.294,1.02265,1.0228,4.20,7.00
2008.03.12 14:43:34.567,1.02265,1.0228,4.20,6.40
2008.03.12 14:43:34.840,1.02265,1.0228,4.20,6.40
2008.03.12 14:43:35.114,1.0227,1.0229,0.30,20.80
2008.03.12 14:43:35.387,1.0227,1.0229,0.30,20.80
2008.03.12 14:43:35.662,1.0227,1.0228,0.30,2.40
2008.03.12 14:43:35.935,1.0227,1.0229,0.30,19.60
2008.03.12 14:43:36.205,1.0227,1.0229,0.30,19.60
2008.03.12 14:43:36.473,1.0227,1.0229,0.30,19.60
2008.03.12 14:43:36.747,1.0227,1.0228,0.30,2.40
2008.03.12 14:43:37.016,1.0227,1.0229,0.30,19.60
2008.03.12 14:43:37.310,1.0227,1.0229,0.30,19.60
2008.03.12 14:43:37.605,1.02265,1.0228,5.80,8.80
2008.03.12 14:43:37.899,1.0227,1.0229,0.30,16.40
2008.03.12 14:43:38.196,1.0227,1.0228,0.30,2.40
2008.03.12 14:43:38.464,1.0227,1.0228,0.30,2.40
2008.03.12 14:43:38.733,1.0227,1.0228,0.30,2.40
2008.03.12 14:43:39.002,1.0227,1.0229,0.30,17.60
2008.03.12 14:43:39.271,1.02265,1.0229,4.20,17.60
2008.03.12 14:43:39.583,1.02265,1.0229,4.20,16.80
2008.03.12 14:43:39.886,1.02265,1.0229,4.20,16.80
2008.03.12 14:43:40.191,1.02265,1.0229,4.20,16.80
2008.03.12 14:43:40.426,1.02265,1.0229,4.20,16.70
2008.03.12 14:43:40.660,1.0227,1.0229,0.30,16.70
2008.03.12 14:43:40.894,1.0227,1.0229,0.30,16.70
2008.03.12 14:43:41.129,1.0227,1.0229,0.30,16.70
2008.03.12 14:43:41.463,1.0227,1.0228,0.30,2.40
2008.03.12 14:43:41.795,1.02265,1.0228,4.20,2.40
2008.03.12 14:43:42.130,1.02265,1.0228,4.20,6.40
2008.03.12 14:43:42.388,1.02265,1.0228,4.20,6.40
2008.03.12 14:43:42.647,1.02265,1.0228,4.20,6.40
2008.03.12 14:43:42.905,1.02265,1.0228,4.20,6.40
2008.03.12 14:43:43.170,1.02265,1.0228,4.20,6.40
2008.03.12 14:43:43.455,1.02265,1.0228,4.20,6.40
2008.03.12 14:43:43.739,1.02265,1.0228,4.20,6.40
2008.03.12 14:43:44.024,1.02265,1.0228,4.20,6.40
2008.03.12 14:43:44.308,1.02265,1.0228,4.20,6.40
2008.03.12 14:43:44.562,1.02265,1.0228,4.20,6.40
2008.03.12 14:43:44.827,1.02265,1.0228,4.20,6.40
2008.03.12 14:43:45.082,1.02265,1.0228,4.20,6.40
2008.03.12 14:43:45.336,1.02265,1.0228,4.20,6.40
2008.03.12 14:43:45.639,1.02265,1.0228,4.20,6.40
2008.03.12 14:43:45.944,1.02265,1.0228,4.20,6.40
2008.03.12 14:43:46.257,1.02265,1.0228,4.20,6.40
2008.03.12 14:43:46.505,1.02265,1.0228,4.20,6.40
2008.03.12 14:43:46.753,1.02265,1.0228,4.20,6.80
2008.03.12 14:43:47.001,1.02265,1.0228,4.20,6.80
2008.03.12 14:43:47.248,1.02265,1.0228,4.20,6.80
2008.03.12 14:43:47.569,1.02265,1.0228,4.20,6.60
2008.03.12 14:43:47.890,1.02265,1.0228,4.20,6.40
2008.03.12 14:43:48.208,1.02265,1.0228,4.20,6.40
2008.03.12 14:43:48.462,1.02265,1.0228,4.20,6.40
2008.03.12 14:43:48.718,1.02265,1.0228,4.20,6.40
2008.03.12 14:43:48.977,1.02265,1.0228,4.20,6.40
2008.03.12 14:43:49.231,1.02265,1.0228,4.20,6.40
2008.03.12 14:43:49.520,1.02265,1.0228,4.20,4.00
2008.03.12 14:43:49.810,1.02265,1.0228,4.20,6.40
2008.03.12 14:43:50.101,1.02265,1.0228,4.20,6.40
2008.03.12 14:43:50.390,1.02265,1.0228,4.20,6.40
2008.03.12 14:43:50.675,1.02265,1.0228,4.20,6.40
2008.03.12 14:43:50.968,1.02265,1.0228,4.20,6.40
2008.03.12 14:43:51.242,1.02265,1.0228,4.20,4.00
2008.03.12 14:43:51.525,1.02265,1.0228,4.20,4.00
2008.03.12 14:43:51.815,1.02265,1.0228,4.20,4.00
2008.03.12 14:43:52.103,1.02265,1.0228,4.20,4.00
2008.03.12 14:43:52.393,1.0227,1.0229,0.30,14.70
2008.03.12 14:43:52.689,1.02275,1.0229,0.30,9.10
2008.03.12 14:43:52.984,1.02275,1.0229,0.30,0.40
2008.03.12 14:43:53.278,1.02275,1.0229,0.30,0.40
2008.03.12 14:43:53.566,1.02275,1.0229,0.30,0.40
2008.03.12 14:43:53.845,1.02275,1.0229,0.30,0.40
2008.03.12 14:43:54.126,1.02275,1.0229,0.30,0.40
2008.03.12 14:43:54.403,1.02275,1.0229,0.30,0.40
2008.03.12 14:43:54.678,1.02275,1.0229,0.30,0.40
2008.03.12 14:43:54.954,1.02275,1.0229,0.30,0.40
2008.03.12 14:43:55.230,1.02275,1.0229,0.30,0.40
2008.03.12 14:43:55.504,1.02275,1.0229,0.30,0.40
2008.03.12 14:43:55.794,1.02275,1.0229,0.30,0.40
2008.03.12 14:43:56.091,1.02275,1.0229,0.30,0.40
2008.03.12 14:43:56.381,1.02275,1.0229,0.30,0.40
2008.03.12 14:43:56.612,1.0227,1.0229,1.00,5.80
2008.03.12 14:43:56.841,1.0227,1.0229,0.30,5.80
2008.03.12 14:43:57.070,1.0227,1.0229,0.30,10.10
2008.03.12 14:43:57.301,1.02265,1.0229,6.60,10.10
2008.03.12 14:43:57.531,1.0227,1.0229,0.30,12.40
2008.03.12 14:43:57.867,1.0227,1.0229,1.00,13.90
2008.03.12 14:43:58.202,1.0227,1.0229,1.00,13.90
2008.03.12 14:43:58.539,1.0227,1.0229,1.00,13.90
2008.03.12 14:43:58.772,1.02275,1.0229,0.30,6.70
2008.03.12 14:43:59.005,1.02275,1.0229,0.30,9.90
2008.03.12 14:43:59.240,1.0227,1.0229,0.30,10.80
2008.03.12 14:43:59.485,1.0227,1.0229,0.30,10.80
2008.03.12 14:43:59.803,1.0227,1.0229,0.30,14.90
2008.03.12 14:44:00.133,1.0227,1.0229,0.30,14.90
2008.03.12 14:44:00.462,1.0227,1.0229,0.30,14.90
2008.03.12 14:44:00.701,1.0227,1.0229,0.30,14.90
2008.03.12 14:44:00.948,1.0227,1.0229,0.30,14.90
2008.03.12 14:44:01.187,1.0227,1.0229,0.30,14.90
2008.03.12 14:44:01.426,1.0227,1.0229,0.30,14.90
2008.03.12 14:44:01.664,1.0227,1.0229,0.30,14.90
2008.03.12 14:44:01.967,1.0227,1.0229,0.30,14.90
2008.03.12 14:44:02.272,1.0227,1.0228,0.30,2.40
2008.03.12 14:44:02.588,1.0227,1.0229,0.30,14.90
2008.03.12 14:44:02.872,1.02265,1.0228,4.20,0.30
2008.03.12 14:44:03.168,1.02265,1.0228,4.20,0.30
2008.03.12 14:44:03.438,1.02265,1.0228,4.20,0.30
2008.03.12 14:44:03.724,1.02265,1.0228,4.20,0.30
2008.03.12 14:44:04.004,1.02265,1.0228,4.20,0.30
2008.03.12 14:44:04.289,1.02265,1.0228,4.20,5.00
2008.03.12 14:44:04.570,1.02265,1.0228,4.20,2.60
2008.03.12 14:44:04.828,1.02265,1.0228,4.20,0.30
2008.03.12 14:44:05.086,1.02265,1.0228,4.20,0.30
2008.03.12 14:44:05.345,1.02265,1.0228,4.20,0.30
2008.03.12 14:44:05.614,1.02265,1.0228,4.20,0.30
2008.03.12 14:44:05.914,1.02265,1.0229,4.20,21.60
2008.03.12 14:44:06.214,1.02265,1.0229,4.20,20.90
2008.03.12 14:44:06.516,1.02265,1.0229,4.20,20.50
2008.03.12 14:44:06.814,1.02265,1.0229,4.20,20.40
2008.03.12 14:44:07.078,1.02265,1.0228,4.20,2.40
2008.03.12 14:44:07.343,1.0227,1.0229,0.30,20.40
2008.03.12 14:44:07.607,1.02265,1.0229,4.20,20.40
2008.03.12 14:44:07.916,1.02265,1.0229,4.20,20.40
2008.03.12 14:44:08.225,1.02265,1.0229,4.20,20.40
2008.03.12 14:44:08.534,1.02265,1.0229,4.20,20.40
2008.03.12 14:44:08.843,1.02265,1.0229,4.20,20.40
2008.03.12 14:44:09.105,1.02265,1.0229,4.20,20.40
2008.03.12 14:44:09.369,1.02265,1.0229,4.20,20.40
2008.03.12 14:44:09.631,1.02265,1.0229,4.20,20.40
2008.03.12 14:44:09.885,1.02265,1.0229,4.20,20.40
2008.03.12 14:44:10.139,1.02265,1.0229,4.20,20.40
2008.03.12 14:44:10.394,1.02265,1.0229,4.20,20.40
2008.03.12 14:44:10.648,1.02265,1.0229,4.20,20.40
2008.03.12 14:44:10.926,1.02265,1.0229,4.20,20.40
2008.03.12 14:44:11.205,1.02265,1.0229,4.20,16.40
2008.03.12 14:44:11.483,1.02265,1.0229,4.20,16.40
2008.03.12 14:44:11.766,1.02265,1.0229,4.20,15.00
2008.03.12 14:44:12.096,1.02265,1.0229,0.30,15.10
2008.03.12 14:44:12.410,1.0227,1.0229,0.30,15.10
2008.03.12 14:44:12.725,1.02265,1.0229,0.30,15.10
2008.03.12 14:44:12.968,1.02265,1.0229,0.30,15.10
2008.03.12 14:44:13.213,1.02265,1.0229,0.30,16.80
2008.03.12 14:44:13.458,1.02265,1.0229,0.30,20.00
2008.03.12 14:44:13.702,1.02265,1.0229,0.30,22.40
2008.03.12 14:44:14.036,1.02265,1.0229,0.30,18.00
2008.03.12 14:44:14.372,1.02265,1.0229,0.30,20.40
2008.03.12 14:44:14.706,1.02265,1.0229,0.30,24.00
2008.03.12 14:44:14.938,1.02265,1.0229,0.30,24.80
2008.03.12 14:44:15.170,1.02265,1.0229,0.30,24.80
2008.03.12 14:44:15.414,1.02265,1.0229,0.30,26.40
2008.03.12 14:44:15.647,1.02265,1.0229,0.30,26.40
2008.03.12 14:44:15.880,1.02265,1.0229,0.30,26.40
2008.03.12 14:44:16.195,1.02265,1.0229,0.30,26.40
2008.03.12 14:44:16.517,1.02265,1.0228,0.30,4.80
2008.03.12 14:44:16.848,1.0226,1.0228,1.00,9.20
2008.03.12 14:44:17.108,1.0226,1.0228,0.30,9.60
2008.03.12 14:44:17.367,1.0226,1.0227,0.30,2.40
2008.03.12 14:44:17.628,1.0226,1.0228,0.30,14.50
2008.03.12 14:44:17.887,1.0226,1.0228,0.30,9.70
2008.03.12 14:44:18.177,1.02255,1.0228,6.60,9.70
2008.03.12 14:44:18.472,1.02255,1.0228,6.60,9.70
2008.03.12 14:44:18.764,1.02255,1.0228,6.60,9.70
2008.03.12 14:44:19.039,1.02255,1.0228,6.60,9.70
2008.03.12 14:44:19.319,1.02255,1.0227,6.60,2.40
2008.03.12 14:44:19.598,1.02255,1.0228,6.60,9.70
2008.03.12 14:44:19.889,1.02255,1.0228,6.60,9.70
2008.03.12 14:44:20.133,1.02255,1.0228,6.60,9.70
2008.03.12 14:44:20.386,1.02255,1.0228,6.60,9.70
2008.03.12 14:44:20.639,1.02255,1.0228,6.60,9.70
2008.03.12 14:44:20.893,1.02255,1.0228,6.60,9.70
2008.03.12 14:44:21.198,1.02255,1.0228,6.60,9.70
2008.03.12 14:44:21.481,1.02255,1.0228,6.60,9.70
2008.03.12 14:44:21.774,1.02255,1.0228,6.60,9.70
2008.03.12 14:44:22.072,1.02255,1.0228,6.60,13.70
2008.03.12 14:44:22.371,1.02255,1.0227,6.60,2.40
2008.03.12 14:44:22.670,1.02255,1.0228,6.60,16.90
2008.03.12 14:44:22.970,1.02255,1.0228,6.60,13.70
2008.03.12 14:44:23.234,1.02255,1.0228,6.60,9.70
2008.03.12 14:44:23.498,1.02255,1.0228,6.60,9.70
2008.03.12 14:44:23.762,1.02255,1.0228,6.60,9.70
2008.03.12 14:44:24.026,1.02255,1.0228,6.60,9.70
2008.03.12 14:44:24.321,1.0226,1.0228,0.80,9.20
2008.03.12 14:44:24.615,1.0226,1.0228,1.00,8.80
2008.03.12 14:44:24.909,1.0226,1.0228,1.00,8.80
2008.03.12 14:44:25.148,1.0226,1.0228,1.00,9.00
2008.03.12 14:44:25.387,1.0226,1.0228,0.30,9.60
2008.03.12 14:44:25.627,1.02255,1.0228,6.60,9.60
2008.03.12 14:44:25.866,1.02255,1.0228,6.60,9.60
2008.03.12 14:44:26.164,1.02255,1.0228,6.60,9.60
2008.03.12 14:44:26.463,1.02255,1.0228,6.60,9.60
2008.03.12 14:44:26.761,1.02255,1.0228,6.60,9.60
2008.03.12 14:44:27.060,1.02255,1.0228,6.60,9.60
2008.03.12 14:44:27.348,1.02255,1.0228,6.60,9.60
2008.03.12 14:44:27.637,1.0226,1.0228,0.30,9.60
2008.03.12 14:44:27.925,1.0226,1.0228,0.30,9.60
2008.03.12 14:44:28.169,1.0226,1.0228,0.30,9.60
2008.03.12 14:44:28.412,1.0226,1.0228,0.30,8.80
2008.03.12 14:44:28.655,1.0226,1.0228,1.00,8.80
2008.03.12 14:44:28.900,1.0226,1.0228,1.00,8.80
2008.03.12 14:44:29.219,1.0226,1.0228,1.80,8.80
2008.03.12 14:44:29.537,1.0226,1.0228,1.80,8.80
2008.03.12 14:44:29.858,1.0226,1.0228,1.80,8.80
2008.03.12 14:44:30.107,1.0226,1.0228,1.80,8.80
2008.03.12 14:44:30.355,1.0226,1.0228,1.80,8.80
2008.03.12 14:44:30.604,1.0226,1.0228,1.80,8.80
2008.03.12 14:44:30.858,1.0226,1.0228,1.80,8.80
2008.03.12 14:44:31.152,1.0226,1.0228,1.80,8.80
2008.03.12 14:44:31.446,1.0226,1.0228,1.80,8.80
2008.03.12 14:44:31.741,1.0226,1.0228,1.80,8.80
2008.03.12 14:44:32.034,1.0226,1.0228,1.80,8.80
2008.03.12 14:44:32.331,1.0226,1.0228,1.80,8.80
2008.03.12 14:44:32.618,1.0226,1.0228,1.80,8.80
2008.03.12 14:44:32.908,1.0226,1.0228,1.80,8.80
2008.03.12 14:44:33.162,1.0226,1.0228,1.80,8.80
2008.03.12 14:44:33.416,1.0226,1.0228,1.80,8.80
2008.03.12 14:44:33.680,1.0226,1.0228,1.80,8.80
2008.03.12 14:44:33.922,1.0226,1.0228,1.80,8.80
2008.03.12 14:44:34.203,1.0226,1.0228,1.80,8.80
2008.03.12 14:44:34.481,1.0226,1.0228,1.80,8.80
2008.03.12 14:44:34.760,1.0226,1.0228,1.80,8.80
2008.03.12 14:44:35.040,1.0226,1.0228,1.80,8.80
2008.03.12 14:44:35.302,1.0226,1.0228,1.80,8.80
2008.03.12 14:44:35.566,1.0226,1.0228,1.80,8.80
2008.03.12 14:44:35.830,1.0226,1.0228,1.80,8.80
2008.03.12 14:44:36.093,1.0226,1.0228,1.80,8.80
2008.03.12 14:44:36.346,1.0226,1.0228,1.80,8.80
2008.03.12 14:44:36.601,1.0226,1.0228,1.80,8.80
2008.03.12 14:44:36.854,1.0226,1.0228,1.80,8.80
2008.03.12 14:44:37.107,1.0226,1.0228,1.00,8.80
2008.03.12 14:44:37.421,1.0226,1.0228,1.00,8.80
2008.03.12 14:44:37.735,1.0226,1.0228,1.00,8.80
2008.03.12 14:44:38.049,1.0226,1.0228,1.00,8.80
2008.03.12 14:44:38.292,1.0226,1.0228,1.00,8.80
2008.03.12 14:44:38.535,1.0226,1.0228,1.00,8.80
2008.03.12 14:44:38.780,1.0226,1.0227,1.00,2.40
2008.03.12 14:44:39.026,1.0226,1.0227,0.80,2.40
2008.03.12 14:44:39.328,1.0226,1.0227,0.80,2.40
2008.03.12 14:44:39.638,1.0226,1.0227,0.80,6.40
2008.03.12 14:44:39.941,1.0226,1.0227,0.80,4.00
2008.03.12 14:44:40.245,1.0226,1.0227,0.80,4.00
2008.03.12 14:44:40.518,1.0226,1.0227,0.80,4.00
2008.03.12 14:44:40.792,1.0226,1.0227,0.80,4.00
2008.03.12 14:44:41.067,1.0226,1.0227,0.80,4.00
2008.03.12 14:44:41.327,1.0226,1.0227,0.80,4.00
2008.03.12 14:44:41.564,1.0226,1.0227,0.80,4.00
2008.03.12 14:44:41.812,1.0226,1.0227,0.80,4.00
2008.03.12 14:44:42.060,1.0226,1.0227,0.80,6.40
2008.03.12 14:44:42.380,1.0226,1.0227,0.80,6.40
2008.03.12 14:44:42.707,1.0226,1.0227,0.80,6.40
2008.03.12 14:44:43.025,1.0226,1.0227,0.80,6.40
2008.03.12 14:44:43.346,1.02255,1.0227,6.60,6.40
2008.03.12 14:44:43.609,1.02255,1.0227,6.60,6.40
2008.03.12 14:44:43.864,1.02255,1.0227,6.60,6.40
2008.03.12 14:44:44.123,1.02255,1.0227,6.60,6.40
2008.03.12 14:44:44.391,1.02255,1.0227,6.60,6.40
2008.03.12 14:44:44.658,1.02255,1.0227,6.60,8.80
2008.03.12 14:44:44.929,1.02255,1.0227,6.60,8.80
2008.03.12 14:44:45.197,1.02255,1.0227,6.60,8.80
2008.03.12 14:44:45.495,1.02255,1.0227,6.60,8.80
2008.03.12 14:44:45.794,1.02255,1.0227,6.60,8.80
2008.03.12 14:44:46.093,1.02255,1.0227,6.60,8.80
2008.03.12 14:44:46.391,1.02255,1.0227,4.00,8.80
2008.03.12 14:44:46.666,1.0225,1.0226,0.30,4.00
2008.03.12 14:44:46.940,1.0225,1.0227,0.30,8.80
2008.03.12 14:44:47.214,1.0225,1.0227,0.30,8.80
2008.03.12 14:44:47.489,1.0225,1.0227,0.30,8.80
2008.03.12 14:44:47.764,1.0225,1.0227,0.30,8.80
2008.03.12 14:44:48.034,1.0225,1.0227,0.30,8.80
2008.03.12 14:44:48.302,1.0225,1.0227,0.30,8.80
2008.03.12 14:44:48.581,1.0225,1.0227,0.30,8.80
2008.03.12 14:44:48.859,1.0225,1.0227,0.30,8.80
2008.03.12 14:44:49.137,1.0225,1.0227,0.30,8.80
2008.03.12 14:44:49.415,1.0225,1.0227,0.30,8.80
2008.03.12 14:44:49.673,1.0225,1.0227,0.30,8.80
2008.03.12 14:44:49.931,1.0225,1.0227,0.30,8.80
2008.03.12 14:44:50.189,1.0225,1.0227,0.30,8.80
2008.03.12 14:44:50.447,1.0225,1.0227,0.30,8.80
2008.03.12 14:44:50.740,1.0225,1.0227,0.30,8.80
2008.03.12 14:44:51.033,1.0225,1.0227,0.30,8.80
2008.03.12 14:44:51.326,1.0225,1.0227,0.30,8.80
2008.03.12 14:44:51.629,1.0225,1.0227,0.30,8.80
2008.03.12 14:44:51.917,1.0225,1.0227,0.30,8.80
2008.03.12 14:44:52.207,1.0226,1.0227,0.30,6.40
2008.03.12 14:44:52.496,1.0226,1.0228,0.30,13.80
2008.03.12 14:44:52.766,1.0226,1.0228,0.30,13.60
2008.03.12 14:44:53.036,1.0226,1.0228,0.30,13.60
2008.03.12 14:44:53.305,1.0226,1.0228,0.30,13.60
2008.03.12 14:44:53.575,1.02265,1.0228,0.30,4.80
2008.03.12 14:44:53.855,1.02265,1.0228,0.30,4.80
2008.03.12 14:44:54.134,1.02265,1.02285,0.30,3.20
2008.03.12 14:44:54.412,1.02265,1.02285,0.30,3.20
2008.03.12 14:44:54.691,1.02265,1.02285,0.30,3.20
2008.03.12 14:44:54.985,1.02265,1.0229,0.30,22.90
2008.03.12 14:44:55.290,1.02265,1.0229,0.30,22.90
2008.03.12 14:44:55.584,1.02265,1.0229,0.30,22.50
2008.03.12 14:44:55.843,1.02265,1.0229,0.30,23.30
2008.03.12 14:44:56.101,1.02265,1.0229,0.30,23.30
2008.03.12 14:44:56.360,1.02265,1.0229,0.30,21.70
2008.03.12 14:44:56.619,1.02265,1.0229,0.30,21.70
2008.03.12 14:44:56.912,1.02265,1.0229,0.30,21.80
2008.03.12 14:44:57.207,1.02265,1.0229,0.30,21.80
2008.03.12 14:44:57.500,1.02265,1.0229,0.30,21.80
2008.03.12 14:44:57.793,1.02265,1.0229,0.30,23.40
2008.03.12 14:44:58.091,1.02265,1.0229,0.30,23.40
2008.03.12 14:44:58.390,1.02265,1.0229,0.30,23.40
2008.03.12 14:44:58.689,1.02265,1.0229,0.30,23.40
2008.03.12 14:44:58.953,1.02265,1.0229,0.30,23.40
2008.03.12 14:44:59.216,1.02265,1.0229,0.30,23.40
2008.03.12 14:44:59.479,1.02265,1.0229,0.30,23.40
2008.03.12 14:44:59.743,1.02265,1.0229,0.30,23.40
2008.03.12 14:45:00.028,1.0226,1.0228,1.00,2.40
2008.03.12 14:45:00.312,1.0226,1.0228,1.00,11.20
2008.03.12 14:45:00.596,1.0226,1.0228,1.00,13.60
2008.03.12 14:45:00.880,1.0226,1.0228,1.00,13.60
2008.03.12 14:45:01.147,1.0226,1.0228,1.00,13.60
2008.03.12 14:45:01.416,1.0226,1.0228,1.00,13.60
2008.03.12 14:45:01.698,1.0226,1.0228,1.00,13.60
2008.03.12 14:45:02.012,1.0226,1.0228,1.00,13.60
2008.03.12 14:45:02.326,1.0226,1.0228,1.00,13.60
2008.03.12 14:45:02.641,1.02265,1.0229,0.30,25.30
2008.03.12 14:45:02.956,1.02265,1.0229,0.30,20.10
2008.03.12 14:45:03.205,1.0226,1.0228,1.00,9.60
2008.03.12 14:45:03.453,1.0226,1.0228,1.00,9.60
2008.03.12 14:45:03.703,1.0226,1.0228,1.00,13.60
2008.03.12 14:45:03.988,1.0226,1.0228,1.00,13.60
2008.03.12 14:45:04.272,1.0226,1.0228,1.00,13.60
2008.03.12 14:45:04.556,1.0226,1.0228,1.00,13.60
2008.03.12 14:45:04.840,1.0226,1.0228,1.00,13.60
2008.03.12 14:45:05.112,1.0226,1.0228,1.00,13.60
2008.03.12 14:45:05.386,1.0226,1.0228,1.00,13.60
2008.03.12 14:45:05.659,1.0226,1.0228,0.80,13.60
2008.03.12 14:45:05.867,1.0226,1.0228,0.80,0.90
2008.03.12 14:45:05.932,1.0226,1.0228,0.80,0.60
2008.03.12 14:45:06.215,1.0226,1.0228,0.80,0.70
2008.03.12 14:45:06.499,1.0226,1.0228,1.60,0.80
2008.03.12 14:45:06.782,1.02265,1.0228,0.80,0.70
2008.03.12 14:45:07.073,1.02275,1.0229,4.00,0.80
2008.03.12 14:45:07.353,1.02275,1.0229,4.00,0.50
2008.03.12 14:45:07.633,1.02275,1.0229,4.20,0.60
2008.03.12 14:45:07.914,1.02275,1.023,4.20,0.80
2008.03.12 14:45:08.205,1.02275,1.0229,4.00,0.70
2008.03.12 14:45:08.494,1.02275,1.0229,12.20,0.50
2008.03.12 14:45:08.783,1.02275,1.0229,12.20,0.50
2008.03.12 14:45:09.073,1.02275,1.0229,12.20,0.70
2008.03.12 14:45:09.337,1.02275,1.0229,12.20,0.80
2008.03.12 14:45:09.609,1.02275,1.0229,12.20,0.70
2008.03.12 14:45:09.889,1.0227,1.0229,0.80,0.80
2008.03.12 14:45:10.205,1.0227,1.023,9.00,0.90
2008.03.12 14:45:10.520,1.02275,1.023,8.00,0.90
2008.03.12 14:45:10.834,1.02275,1.023,8.20,0.60
2008.03.12 14:45:11.101,1.02275,1.023,12.20,0.50
2008.03.12 14:45:11.350,1.02275,1.023,12.20,0.60
2008.03.12 14:45:11.616,1.02275,1.0229,4.20,0.60
2008.03.12 14:45:11.881,1.02275,1.0229,4.20,0.60
2008.03.12 14:45:12.180,1.0227,1.0228,0.80,0.50
2008.03.12 14:45:12.480,1.02265,1.0228,4.20,0.80
2008.03.12 14:45:12.778,1.02265,1.0228,4.00,0.70
2008.03.12 14:45:13.089,1.02265,1.0228,5.60,0.70
2008.03.12 14:45:13.379,1.02265,1.0228,5.60,0.60
2008.03.12 14:45:13.682,1.02265,1.0228,4.00,0.90
2008.03.12 14:45:13.970,1.0226,1.0228,16.70,0.70
2008.03.12 14:45:14.214,1.0226,1.0228,17.10,0.80
2008.03.12 14:45:14.458,1.0227,1.0228,0.80,0.50
2008.03.12 14:45:14.702,1.02265,1.0228,4.20,0.70
2008.03.12 14:45:14.948,1.0227,1.0229,0.80,0.70
2008.03.12 14:45:15.277,1.0227,1.0229,10.60,0.80
2008.03.12 14:45:15.608,1.02275,1.0229,4.00,0.80
2008.03.12 14:45:15.936,1.02275,1.0229,4.00,0.50
2008.03.12 14:45:16.186,1.02275,1.0229,4.00,0.80
2008.03.12 14:45:16.435,1.02275,1.0229,4.00,0.70
2008.03.12 14:45:16.686,1.02275,1.0229,4.00,0.60
2008.03.12 14:45:16.935,1.02275,1.0229,4.00,0.70
2008.03.12 14:45:17.185,1.02275,1.0229,4.00,0.90
2008.03.12 14:45:17.520,1.02275,1.0229,4.00,0.90
2008.03.12 14:45:17.853,1.02275,1.0229,4.00,0.80
2008.03.12 14:45:18.189,1.02275,1.0229,4.20,0.50
2008.03.12 14:45:18.430,1.0228,1.023,0.80,0.60
2008.03.12 14:45:18.664,1.0228,1.023,0.80,0.50
2008.03.12 14:45:18.899,1.0228,1.023,9.60,0.90
2008.03.12 14:45:19.134,1.0228,1.023,10.60,0.90
2008.03.12 14:45:19.453,1.0228,1.023,2.40,0.60
2008.03.12 14:45:19.772,1.0228,1.023,0.80,0.70
2008.03.12 14:45:20.101,1.02275,1.023,14.60,0.90
2008.03.12 14:45:20.346,1.02275,1.023,14.60,0.50
2008.03.12 14:45:20.588,1.02275,1.023,14.60,0.90
2008.03.12 14:45:20.836,1.02275,1.023,14.60,0.80
2008.03.12 14:45:21.078,1.02275,1.0229,4.00,0.60
2008.03.12 14:45:21.369,1.0227,1.023,9.00,0.50
2008.03.12 14:45:21.670,1.0227,1.023,9.00,0.90
2008.03.12 14:45:21.958,1.0227,1.02295,9.00,0.80
2008.03.12 14:45:22.246,1.0227,1.02295,9.00,0.90
2008.03.12 14:45:22.556,1.0227,1.02295,9.00,0.60
2008.03.12 14:45:22.866,1.0227,1.02295,7.40,0.90
2008.03.12 14:45:23.173,1.02275,1.02295,0.30,0.60
2008.03.12 14:45:23.429,1.02275,1.023,4.20,0.80
2008.03.12 14:45:23.683,1.02275,1.0229,4.20,0.80
2008.03.12 14:45:23.938,1.02275,1.023,4.20,0.50
2008.03.12 14:45:24.193,1.02275,1.023,4.20,0.80
2008.03.12 14:45:24.499,1.02275,1.023,4.20,0.50
2008.03.12 14:45:24.804,1.02275,1.0229,12.20,0.60
2008.03.12 14:45:25.107,1.02275,1.023,12.20,0.90
2008.03.12 14:45:25.356,1.02275,1.023,12.20,0.90
2008.03.12 14:45:25.606,1.02275,1.023,12.20,0.90
2008.03.12 14:45:25.854,1.02275,1.023,12.20,0.60
2008.03.12 14:45:26.102,1.02275,1.023,12.20,0.50
2008.03.12 14:45:26.391,1.02275,1.023,12.20,0.70
2008.03.12 14:45:26.680,1.02275,1.023,4.20,0.80
2008.03.12 14:45:26.968,1.02275,1.023,12.20,0.90
2008.03.12 14:45:27.258,1.02275,1.0229,12.20,0.90
2008.03.12 14:45:27.573,1.02275,1.023,12.20,0.60
2008.03.12 14:45:27.877,1.02275,1.023,12.20,0.50
2008.03.12 14:45:28.181,1.02275,1.023,12.20,0.70
2008.03.12 14:45:28.442,1.02275,1.023,12.20,0.50
2008.03.12 14:45:28.702,1.02275,1.023,12.20,0.50
2008.03.12 14:45:28.962,1.02275,1.0229,12.20,0.50
2008.03.12 14:45:29.225,1.02275,1.023,12.20,0.90
2008.03.12 14:45:29.488,1.0228,1.023,0.80,0.80
2008.03.12 14:45:29.751,1.0228,1.023,0.80,0.70
2008.03.12 14:45:30.018,1.0228,1.023,0.80,0.90
2008.03.12 14:45:30.279,1.0228,1.023,9.60,0.60
2008.03.12 14:45:30.585,1.0228,1.023,10.40,0.60
2008.03.12 14:45:30.898,1.0228,1.023,2.40,0.90
2008.03.12 14:45:31.214,1.0228,1.023,1.60,0.50
2008.03.12 14:45:31.528,1.0228,1.023,0.80,0.90
2008.03.12 14:45:31.817,1.02295,1.023,0.30,0.50
2008.03.12 14:45:32.105,1.02295,1.023,0.30,0.60
2008.03.12 14:45:32.396,1.02295,1.0231,0.30,0.60
2008.03.12 14:45:32.661,1.02295,1.0231,0.30,0.80
2008.03.12 14:45:32.925,1.02295,1.02305,0.30,0.90
2008.03.12 14:45:33.187,1.02295,1.02305,0.30,0.70
2008.03.12 14:45:33.453,1.02295,1.0231,0.30,0.60
2008.03.12 14:45:33.732,1.02295,1.02305,0.30,0.80
2008.03.12 14:45:34.021,1.02295,1.02305,0.30,0.50
2008.03.12 14:45:34.288,1.02295,1.02305,0.30,3.20
2008.03.12 14:45:34.567,1.02295,1.02305,0.30,3.20
2008.03.12 14:45:34.850,1.02295,1.023,0.30,2.40
2008.03.12 14:45:35.135,1.02295,1.023,0.30,6.40
2008.03.12 14:45:35.420,1.02295,1.023,0.30,6.40
2008.03.12 14:45:35.713,1.02295,1.023,0.30,6.40
2008.03.12 14:45:36.011,1.02295,1.023,0.30,6.40
2008.03.12 14:45:36.308,1.02295,1.023,0.30,6.40
2008.03.12 14:45:36.607,1.02295,1.023,0.30,6.40
2008.03.12 14:45:36.852,1.02295,1.023,0.30,6.40
2008.03.12 14:45:37.097,1.02295,1.0231,0.30,22.00
2008.03.12 14:45:37.342,1.02295,1.0231,0.30,23.60
2008.03.12 14:45:37.588,1.02295,1.02305,0.30,3.20
2008.03.12 14:45:37.912,1.02295,1.02305,0.30,3.20
2008.03.12 14:45:38.237,1.02295,1.023,0.30,8.80
2008.03.12 14:45:38.562,1.02295,1.023,0.30,8.80
2008.03.12 14:45:38.853,1.02295,1.023,0.30,13.40
2008.03.12 14:45:39.143,1.02295,1.023,0.30,9.80
2008.03.12 14:45:39.412,1.02275,1.023,2.40,13.60
2008.03.12 14:45:39.691,1.02275,1.023,10.60,11.20
2008.03.12 14:45:39.945,1.02275,1.023,10.60,9.60
2008.03.12 14:45:40.198,1.02275,1.023,14.60,9.60
2008.03.12 14:45:40.453,1.02275,1.023,6.60,9.60
2008.03.12 14:45:40.709,1.02275,1.023,6.60,8.80
2008.03.12 14:45:41.018,1.02275,1.023,6.60,8.80
2008.03.12 14:45:41.332,1.0228,1.023,3.20,6.40
2008.03.12 14:45:41.653,1.0228,1.023,2.40,8.80
2008.03.12 14:45:41.950,1.0228,1.023,2.40,8.80
2008.03.12 14:45:42.235,1.0228,1.023,5.00,6.40
2008.03.12 14:45:42.519,1.02285,1.023,4.00,6.40
2008.03.12 14:45:42.802,1.02285,1.023,4.00,6.40
2008.03.12 14:45:43.053,1.0229,1.023,0.30,6.40
2008.03.12 14:45:43.313,1.0229,1.0231,1.60,14.80
2008.03.12 14:45:43.561,1.0229,1.0231,0.80,14.80
2008.03.12 14:45:43.824,1.0228,1.023,0.80,6.40
2008.03.12 14:45:44.149,1.0228,1.0231,1.00,18.00
2008.03.12 14:45:44.462,1.0228,1.0231,1.00,18.00
2008.03.12 14:45:44.778,1.0228,1.0231,1.00,16.80
2008.03.12 14:45:45.093,1.02285,1.0231,0.30,16.80
2008.03.12 14:45:45.347,1.02285,1.0231,0.30,16.80
2008.03.12 14:45:45.601,1.02285,1.0231,4.20,16.80
2008.03.12 14:45:45.854,1.02285,1.0231,4.20,13.60
2008.03.12 14:45:46.108,1.02285,1.0231,4.20,13.60
2008.03.12 14:45:46.412,1.02285,1.0231,4.20,13.60
2008.03.12 14:45:46.716,1.02285,1.0231,4.20,13.60
2008.03.12 14:45:47.020,1.02285,1.0231,4.20,13.60
2008.03.12 14:45:47.289,1.02285,1.0231,4.20,13.60
2008.03.12 14:45:47.559,1.0229,1.0231,0.30,13.60
2008.03.12 14:45:47.828,1.0229,1.0231,1.00,6.40
2008.03.12 14:45:48.098,1.023,1.0231,1.60,2.40
2008.03.12 14:45:48.392,1.023,1.0231,0.80,2.40
2008.03.12 14:45:48.686,1.0229,1.0232,1.80,21.00
2008.03.12 14:45:48.980,1.0229,1.0231,0.80,2.40
2008.03.12 14:45:49.274,1.02285,1.0231,6.60,4.80
2008.03.12 14:45:49.558,1.02285,1.0231,6.60,4.80
2008.03.12 14:45:49.843,1.02285,1.0231,6.60,8.80
2008.03.12 14:45:50.139,1.02285,1.0231,6.60,8.80
2008.03.12 14:45:50.390,1.02285,1.0231,6.60,8.80
2008.03.12 14:45:50.653,1.02285,1.0231,6.60,8.80
2008.03.12 14:45:50.916,1.02285,1.0231,6.60,8.80
2008.03.12 14:45:51.180,1.02285,1.0231,6.60,8.80
2008.03.12 14:45:51.479,1.02285,1.0231,6.60,8.80
2008.03.12 14:45:51.777,1.02285,1.0231,6.60,8.80
2008.03.12 14:45:52.076,1.02285,1.0231,6.60,8.80
2008.03.12 14:45:52.375,1.02285,1.0231,6.60,12.80
2008.03.12 14:45:52.670,1.02285,1.0231,6.60,12.80
2008.03.12 14:45:52.964,1.02285,1.0231,6.60,12.80
2008.03.12 14:45:53.259,1.02285,1.0231,6.60,12.80
2008.03.12 14:45:53.523,1.02285,1.0231,6.60,12.80
2008.03.12 14:45:53.788,1.02285,1.0231,6.60,12.80
2008.03.12 14:45:54.052,1.02285,1.0231,6.60,12.80
2008.03.12 14:45:54.316,1.02285,1.0231,14.60,12.80
2008.03.12 14:45:54.614,1.02285,1.0231,14.60,12.80
2008.03.12 14:45:54.912,1.02285,1.0231,14.60,12.80
2008.03.12 14:45:55.211,1.02285,1.0231,14.60,12.80
2008.03.12 14:45:55.510,1.02285,1.0231,14.60,12.80
2008.03.12 14:45:55.765,1.02285,1.0231,14.60,12.80
2008.03.12 14:45:56.023,1.02285,1.0231,14.60,12.80
2008.03.12 14:45:56.277,1.02285,1.0231,14.60,12.80
2008.03.12 14:45:56.564,1.02285,1.0231,14.60,12.80
2008.03.12 14:45:56.852,1.02285,1.0231,14.60,12.80
2008.03.12 14:45:57.141,1.02285,1.0231,14.60,12.80
2008.03.12 14:45:57.438,1.02285,1.0231,14.60,12.80
2008.03.12 14:45:57.737,1.02285,1.0231,14.60,12.80
2008.03.12 14:45:58.034,1.02285,1.0231,14.60,12.80
2008.03.12 14:45:58.333,1.02285,1.0231,14.60,12.80
2008.03.12 14:45:58.582,1.02285,1.0231,14.60,12.80
2008.03.12 14:45:58.831,1.02285,1.0231,14.60,12.80
2008.03.12 14:45:59.080,1.02285,1.0231,14.60,12.80
2008.03.12 14:45:59.330,1.02285,1.0231,14.60,12.80
2008.03.12 14:45:59.650,1.02285,1.023,4.00,2.40
2008.03.12 14:45:59.969,1.02285,1.023,4.00,2.40
2008.03.12 14:46:00.291,1.02285,1.023,4.00,6.40
2008.03.12 14:46:00.609,1.02285,1.023,4.00,6.40
2008.03.12 14:46:00.873,1.02285,1.023,4.00,4.00
2008.03.12 14:46:01.139,1.02285,1.0231,14.60,8.80
2008.03.12 14:46:01.403,1.02295,1.0232,4.20,22.60
2008.03.12 14:46:01.662,1.02295,1.0232,4.20,22.60
2008.03.12 14:46:01.920,1.02295,1.0232,4.20,22.60
2008.03.12 14:46:02.169,1.02295,1.0231,4.20,4.80
2008.03.12 14:46:02.418,1.02295,1.0232,4.20,22.60
2008.03.12 14:46:02.748,1.02285,1.0231,14.60,2.40
2008.03.12 14:46:03.077,1.02285,1.0231,12.20,11.60
2008.03.12 14:46:03.407,1.02285,1.0231,4.20,18.40
2008.03.12 14:46:05.054,1.0229,1.0231,0.80,14.40
2008.03.12 14:46:05.100,1.0229,1.0231,0.80,13.60
2008.03.12 14:46:05.133,1.0229,1.0231,0.80,13.60
2008.03.12 14:46:05.168,1.0229,1.0231,0.80,13.60
2008.03.12 14:46:05.202,1.0229,1.0231,0.80,13.60
2008.03.12 14:46:05.236,1.0229,1.0231,0.80,13.60
2008.03.12 14:46:05.270,1.0229,1.0231,1.60,14.00
2008.03.12 14:46:05.306,1.0229,1.0231,1.60,14.00
2008.03.12 14:46:05.337,1.0229,1.0231,1.60,14.00
2008.03.12 14:46:05.372,1.0229,1.0231,1.60,14.00
2008.03.12 14:46:05.413,1.0229,1.0231,1.60,14.00
2008.03.12 14:46:05.445,1.0229,1.0231,0.80,14.00
2008.03.12 14:46:05.481,1.0229,1.023,0.80,2.40
2008.03.12 14:46:05.516,1.0229,1.023,0.80,2.40
2008.03.12 14:46:05.548,1.0229,1.023,0.80,2.40
2008.03.12 14:46:05.581,1.0229,1.023,0.80,2.40
2008.03.12 14:46:05.615,1.0229,1.023,0.80,2.40
2008.03.12 14:46:05.666,1.0229,1.023,0.80,2.40
2008.03.12 14:46:05.698,1.02285,1.023,4.00,2.40
2008.03.12 14:46:05.734,1.02285,1.023,4.00,2.40
2008.03.12 14:46:05.768,1.02285,1.023,4.00,2.40
2008.03.12 14:46:05.801,1.02285,1.023,4.00,2.40
2008.03.12 14:46:05.834,1.02285,1.023,4.00,2.40
2008.03.12 14:46:05.874,1.02285,1.023,4.00,2.40
2008.03.12 14:46:05.905,1.02285,1.023,4.00,2.40
2008.03.12 14:46:05.938,1.02285,1.023,4.00,2.40
2008.03.12 14:46:05.974,1.02285,1.023,4.00,6.40
2008.03.12 14:46:06.006,1.02285,1.023,4.00,6.40
2008.03.12 14:46:06.340,1.02285,1.023,4.00,6.40
2008.03.12 14:46:06.675,1.02285,1.023,4.00,6.40
2008.03.12 14:46:07.012,1.02285,1.023,4.00,6.40
2008.03.12 14:46:07.280,1.02285,1.023,4.00,6.40
2008.03.12 14:46:07.550,1.02285,1.023,4.00,6.40
2008.03.12 14:46:07.808,1.02285,1.023,4.20,6.40
2008.03.12 14:46:08.067,1.02285,1.023,12.20,4.00
2008.03.12 14:46:08.362,1.02285,1.0231,12.20,14.00
2008.03.12 14:46:08.656,1.02285,1.023,4.20,2.40
2008.03.12 14:46:08.952,1.02285,1.0231,12.20,13.60
2008.03.12 14:46:09.247,1.02285,1.0231,12.20,13.60
2008.03.12 14:46:09.514,1.02285,1.0231,12.20,13.60
2008.03.12 14:46:09.793,1.02285,1.0231,12.20,13.60
2008.03.12 14:46:10.061,1.02285,1.0231,12.20,13.60
2008.03.12 14:46:10.329,1.02285,1.0231,12.20,13.60
2008.03.12 14:46:10.621,1.02285,1.0231,12.20,13.60
2008.03.12 14:46:10.914,1.02285,1.0231,12.20,13.60
2008.03.12 14:46:11.208,1.02285,1.0231,12.20,13.60
2008.03.12 14:46:11.502,1.0229,1.0231,1.60,13.60
2008.03.12 14:46:11.767,1.0229,1.0231,1.80,13.60
2008.03.12 14:46:12.030,1.0229,1.0231,1.80,13.60
2008.03.12 14:46:12.294,1.02285,1.0231,12.20,13.60
2008.03.12 14:46:12.564,1.02285,1.0231,12.20,13.60
2008.03.12 14:46:12.907,1.0229,1.0231,8.00,13.60
2008.03.12 14:46:13.250,1.02295,1.0231,4.00,11.20
2008.03.12 14:46:13.588,1.02295,1.0231,4.00,11.20
2008.03.12 14:46:13.822,1.02295,1.0231,4.00,11.20
2008.03.12 14:46:14.067,1.02295,1.0231,4.00,11.20
2008.03.12 14:46:14.310,1.02295,1.0231,4.00,11.20
2008.03.12 14:46:14.555,1.02295,1.0231,4.00,6.40
2008.03.12 14:46:14.863,1.02295,1.0231,4.00,6.40
2008.03.12 14:46:15.174,1.02295,1.0231,12.00,6.40
2008.03.12 14:46:15.500,1.02295,1.0231,12.00,6.40
2008.03.12 14:46:15.822,1.023,1.0231,8.00,4.00
2008.03.12 14:46:16.107,1.02295,1.0232,15.40,13.60
2008.03.12 14:46:16.392,1.023,1.0232,0.30,13.60
2008.03.12 14:46:16.666,1.023,1.0232,0.30,13.60
2008.03.12 14:46:16.952,1.023,1.0232,0.30,13.60
2008.03.12 14:46:17.236,1.023,1.0232,0.30,13.60
2008.03.12 14:46:17.520,1.023,1.0232,0.30,13.60
2008.03.12 14:46:17.804,1.023,1.0232,0.30,13.60
2008.03.12 14:46:18.122,1.023,1.0232,0.30,13.60
2008.03.12 14:46:18.441,1.023,1.0232,0.30,13.60
2008.03.12 14:46:18.759,1.023,1.0232,0.30,13.60
2008.03.12 14:46:18.999,1.023,1.0232,0.30,13.60
2008.03.12 14:46:19.237,1.023,1.0232,0.30,13.60
2008.03.12 14:46:19.477,1.023,1.0232,8.20,13.60
2008.03.12 14:46:19.716,1.023,1.0232,8.20,13.60
2008.03.12 14:46:20.034,1.023,1.0232,1.00,13.60
2008.03.12 14:46:20.354,1.02305,1.0232,0.30,13.60
2008.03.12 14:46:20.673,1.02305,1.0232,0.30,11.20
2008.03.12 14:46:20.991,1.02305,1.0232,4.20,8.80
2008.03.12 14:46:21.251,1.02305,1.0232,4.20,8.80
2008.03.12 14:46:21.499,1.02305,1.0232,4.20,8.80
2008.03.12 14:46:21.747,1.02305,1.0232,4.20,11.20
2008.03.12 14:46:22.047,1.02305,1.0232,4.20,2.40
2008.03.12 14:46:22.346,1.02305,1.0232,4.20,2.40
2008.03.12 14:46:22.645,1.02305,1.0232,4.20,6.40
2008.03.12 14:46:22.944,1.02305,1.0232,4.20,4.00
2008.03.12 14:46:23.254,1.02305,1.0232,4.20,4.00
2008.03.12 14:46:23.562,1.02305,1.0232,4.20,6.40
2008.03.12 14:46:23.872,1.02305,1.0232,4.20,11.20
2008.03.12 14:46:24.110,1.02305,1.0232,4.20,11.20
2008.03.12 14:46:24.349,1.02305,1.0232,4.20,11.20
2008.03.12 14:46:24.588,1.02305,1.0232,4.20,11.20
2008.03.12 14:46:24.828,1.02305,1.0232,4.20,11.20
2008.03.12 14:46:25.065,1.02305,1.0232,4.20,11.20
2008.03.12 14:46:25.379,1.02305,1.0232,4.20,11.20
2008.03.12 14:46:25.692,1.02305,1.0232,4.20,8.80
2008.03.12 14:46:26.005,1.02305,1.0232,4.20,8.80
2008.03.12 14:46:26.255,1.02305,1.0232,4.20,11.20
2008.03.12 14:46:26.494,1.02305,1.0232,4.20,11.20
2008.03.12 14:46:26.733,1.02305,1.0232,4.20,13.60
2008.03.12 14:46:26.974,1.02305,1.0232,4.00,11.20
2008.03.12 14:46:27.307,1.02305,1.0232,4.20,11.20
2008.03.12 14:46:27.640,1.02305,1.0232,4.20,11.20
2008.03.12 14:46:27.975,1.02305,1.0232,4.20,6.40
2008.03.12 14:46:28.193,1.02305,1.0232,4.20,6.40
2008.03.12 14:46:28.412,1.02305,1.0232,4.00,8.80
2008.03.12 14:46:28.631,1.023,1.0232,0.30,8.80
2008.03.12 14:46:28.860,1.023,1.0232,0.30,8.80
2008.03.12 14:46:29.078,1.023,1.0232,0.30,8.80
2008.03.12 14:46:29.397,1.023,1.0232,0.30,8.80
2008.03.12 14:46:29.718,1.023,1.0232,0.30,8.80
2008.03.12 14:46:30.037,1.023,1.0232,8.80,8.80
2008.03.12 14:46:30.303,1.02305,1.0232,4.20,8.80
2008.03.12 14:46:30.566,1.02305,1.0232,4.20,6.40
2008.03.12 14:46:30.830,1.02305,1.0232,4.20,6.40
2008.03.12 14:46:31.094,1.02305,1.0232,4.20,6.40
2008.03.12 14:46:31.343,1.02305,1.0232,4.20,6.40
2008.03.12 14:46:31.591,1.02305,1.0232,4.20,6.40
2008.03.12 14:46:31.840,1.02305,1.0232,4.20,6.40
2008.03.12 14:46:32.090,1.02305,1.0232,4.20,6.40
2008.03.12 14:46:32.413,1.02305,1.0232,4.20,6.40
2008.03.12 14:46:32.737,1.02305,1.0232,4.20,8.80
2008.03.12 14:46:33.071,1.02305,1.0232,4.20,8.80
2008.03.12 14:46:33.331,1.023,1.0232,0.30,8.80
2008.03.12 14:46:33.589,1.023,1.0232,0.30,8.80
2008.03.12 14:46:33.847,1.023,1.0232,0.30,8.80
2008.03.12 14:46:34.106,1.02305,1.0232,0.30,8.80
2008.03.12 14:46:34.390,1.02305,1.0232,0.30,8.80
2008.03.12 14:46:34.674,1.02305,1.0232,4.20,8.80
2008.03.12 14:46:34.960,1.02305,1.0232,4.20,8.80
2008.03.12 14:46:35.252,1.02305,1.0232,4.20,8.80
2008.03.12 14:46:35.532,1.02305,1.0232,4.20,8.80
2008.03.12 14:46:35.821,1.02305,1.0232,4.20,8.80
2008.03.12 14:46:36.111,1.02305,1.0232,4.20,8.80
2008.03.12 14:46:36.365,1.02305,1.0232,4.20,8.80
2008.03.12 14:46:36.618,1.02305,1.0232,4.20,8.80
2008.03.12 14:46:36.872,1.02305,1.0232,4.20,8.80
2008.03.12 14:46:37.126,1.02305,1.0232,4.20,8.80
2008.03.12 14:46:37.450,1.02305,1.0232,4.20,6.40
2008.03.12 14:46:37.782,1.02305,1.0232,4.20,6.40
2008.03.12 14:46:38.115,1.02305,1.0232,4.20,6.40
2008.03.12 14:46:38.363,1.02305,1.0232,4.20,6.40
2008.03.12 14:46:38.611,1.02305,1.0232,4.20,6.40
2008.03.12 14:46:38.862,1.02305,1.0232,4.20,6.40
2008.03.12 14:46:39.114,1.02305,1.0232,4.20,6.40
2008.03.12 14:46:39.430,1.02305,1.0232,4.20,6.40
2008.03.12 14:46:39.757,1.02305,1.0232,4.20,6.40
2008.03.12 14:46:40.069,1.02305,1.0232,4.20,6.40
2008.03.12 14:46:40.382,1.02305,1.0232,4.20,6.40
2008.03.12 14:46:40.647,1.02305,1.0232,4.20,6.40
2008.03.12 14:46:40.911,1.0231,1.0232,0.30,6.40
2008.03.12 14:46:41.177,1.0231,1.0233,0.30,13.60
2008.03.12 14:46:41.445,1.02315,1.0233,0.30,2.40
2008.03.12 14:46:41.715,1.02315,1.0234,0.30,27.60
2008.03.12 14:46:41.984,1.02315,1.0233,0.30,7.20
2008.03.12 14:46:42.259,1.02305,1.0232,12.20,2.40
2008.03.12 14:46:42.574,1.02305,1.0233,12.20,14.80
2008.03.12 14:46:42.887,1.02305,1.0233,12.20,14.00
2008.03.12 14:46:43.201,1.02305,1.0233,12.20,13.60
2008.03.12 14:46:43.444,1.02315,1.0233,4.00,13.60
2008.03.12 14:46:43.689,1.02315,1.0232,4.20,4.80
2008.03.12 14:46:43.932,1.023,1.0232,14.60,8.70
2008.03.12 14:46:44.177,1.02305,1.0232,0.30,4.00
2008.03.12 14:46:44.506,1.02305,1.0233,12.20,11.20
2008.03.12 14:46:44.835,1.0231,1.0233,0.30,11.20
2008.03.12 14:46:45.164,1.0231,1.0233,0.30,11.20
2008.03.12 14:46:45.494,1.0231,1.0233,0.30,11.20
2008.03.12 14:46:45.751,1.0231,1.0233,0.30,11.20
2008.03.12 14:46:46.010,1.0232,1.0233,0.30,4.00
2008.03.12 14:46:46.279,1.02315,1.0234,12.20,16.60
2008.03.12 14:46:46.583,1.02315,1.0234,12.20,16.60
2008.03.12 14:46:46.865,1.02315,1.0234,12.20,13.40
2008.03.12 14:46:47.158,1.02315,1.0234,12.20,13.40
2008.03.12 14:46:47.453,1.02315,1.0234,4.20,11.20
2008.03.12 14:46:47.757,1.02315,1.0233,4.20,2.40
2008.03.12 14:46:48.062,1.02315,1.0233,4.20,4.80
2008.03.12 14:46:48.367,1.02315,1.0233,4.20,7.20
2008.03.12 14:46:48.615,1.02315,1.0233,4.20,11.20
2008.03.12 14:46:48.869,1.0232,1.0234,0.30,13.60
2008.03.12 14:46:49.118,1.0232,1.0234,0.30,13.60
2008.03.12 14:46:49.368,1.0232,1.0234,0.30,13.60
2008.03.12 14:46:49.666,1.0232,1.0234,0.30,13.60
2008.03.12 14:46:49.966,1.0232,1.0234,0.30,13.60
2008.03.12 14:46:50.264,1.0232,1.0234,0.30,13.60
2008.03.12 14:46:50.569,1.0232,1.0234,0.30,13.60
2008.03.12 14:46:50.843,1.0232,1.0234,0.30,13.60
2008.03.12 14:46:51.117,1.0232,1.0234,0.30,13.60
2008.03.12 14:46:51.390,1.0232,1.0234,0.30,13.60
2008.03.12 14:46:51.680,1.0232,1.0234,0.30,13.60
2008.03.12 14:46:51.969,1.0232,1.0234,0.30,13.60
2008.03.12 14:46:52.259,1.0232,1.0234,0.30,14.00
2008.03.12 14:46:52.547,1.0232,1.0234,1.80,13.60
2008.03.12 14:46:52.851,1.0232,1.0234,1.80,13.60
2008.03.12 14:46:53.154,1.02325,1.0234,0.30,13.60
2008.03.12 14:46:53.459,1.02325,1.0234,4.20,13.60
2008.03.12 14:46:53.732,1.02325,1.0234,4.20,13.60
2008.03.12 14:46:53.994,1.02325,1.0234,4.20,13.60
2008.03.12 14:46:54.259,1.02325,1.0234,4.20,13.60
2008.03.12 14:46:54.523,1.02325,1.0234,4.20,13.60
2008.03.12 14:46:54.817,1.02325,1.0234,4.20,13.60
2008.03.12 14:46:55.112,1.02325,1.0234,4.20,13.60
2008.03.12 14:46:55.407,1.0233,1.0234,0.30,2.40
2008.03.12 14:46:55.701,1.02325,1.0235,4.20,13.60
2008.03.12 14:46:56.001,1.02325,1.0235,4.20,13.60
2008.03.12 14:46:56.280,1.02325,1.0235,4.20,13.60
2008.03.12 14:46:56.569,1.02325,1.0235,4.20,13.60
2008.03.12 14:46:56.814,1.02325,1.0235,4.20,13.60
2008.03.12 14:46:57.059,1.02325,1.0235,4.20,13.60
2008.03.12 14:46:57.315,1.02325,1.0235,4.20,13.60
2008.03.12 14:46:57.561,1.02325,1.0235,4.20,13.60
2008.03.12 14:46:57.890,1.02325,1.0235,4.20,13.60
2008.03.12 14:46:58.218,1.02325,1.0235,4.20,13.60
2008.03.12 14:46:58.547,1.02325,1.0235,4.20,13.60
2008.03.12 14:46:58.800,1.02325,1.0235,4.20,13.60
2008.03.12 14:46:59.066,1.02325,1.0235,4.20,17.60
2008.03.12 14:46:59.317,1.02325,1.0235,4.20,17.60
2008.03.12 14:46:59.572,1.02325,1.0235,4.20,15.10
2008.03.12 14:46:59.861,1.02325,1.0235,4.20,15.50
2008.03.12 14:47:00.151,1.02325,1.0235,4.20,13.60
2008.03.12 14:47:00.440,1.02325,1.0235,4.20,13.60
2008.03.12 14:47:00.728,1.02325,1.0235,4.20,13.60
2008.03.12 14:47:01.027,1.02325,1.0235,4.20,13.60
2008.03.12 14:47:01.321,1.02325,1.0235,4.20,13.60
2008.03.12 14:47:01.615,1.02325,1.0235,4.20,13.60
2008.03.12 14:47:01.863,1.02325,1.0235,4.20,13.60
2008.03.12 14:47:02.113,1.02325,1.0235,4.20,13.60
2008.03.12 14:47:02.361,1.02325,1.0235,4.20,13.60
2008.03.12 14:47:02.610,1.02325,1.0235,4.20,13.60
2008.03.12 14:47:02.954,1.02325,1.0235,4.20,13.60
2008.03.12 14:47:03.288,1.02325,1.0235,4.20,13.60
2008.03.12 14:47:03.621,1.02325,1.0235,4.20,13.60
2008.03.12 14:47:03.843,1.02325,1.0235,4.20,13.60
2008.03.12 14:47:04.066,1.02325,1.0235,4.20,13.60
2008.03.12 14:47:04.289,1.02325,1.0235,4.20,17.60
2008.03.12 14:47:04.512,1.02325,1.0235,4.20,17.60
2008.03.12 14:47:04.736,1.02325,1.0235,4.20,17.60
2008.03.12 14:47:05.071,1.02325,1.0235,4.20,19.30
2008.03.12 14:47:05.405,1.02325,1.0235,4.20,19.30
2008.03.12 14:47:05.742,1.02325,1.0235,4.20,15.30
2008.03.12 14:47:05.978,1.02325,1.0235,4.20,13.60
2008.03.12 14:47:06.213,1.02325,1.0235,4.20,17.60
2008.03.12 14:47:06.447,1.02325,1.0235,4.20,13.60
2008.03.12 14:47:06.681,1.02325,1.0235,4.20,13.60
2008.03.12 14:47:06.990,1.02325,1.0235,6.60,8.80
2008.03.12 14:47:07.310,1.02335,1.0235,0.30,8.80
2008.03.12 14:47:07.609,1.02335,1.0235,4.20,8.80
2008.03.12 14:47:07.917,1.02335,1.0235,4.20,8.80
2008.03.12 14:47:08.212,1.02335,1.0235,4.20,8.80
2008.03.12 14:47:08.506,1.02335,1.0235,4.20,8.80
2008.03.12 14:47:08.802,1.02335,1.0235,4.20,8.80
2008.03.12 14:47:09.071,1.02335,1.0235,4.20,8.80
2008.03.12 14:47:09.324,1.0233,1.0235,0.30,14.20
2008.03.12 14:47:09.578,1.02325,1.0235,6.60,14.20
2008.03.12 14:47:09.834,1.02325,1.0235,6.60,12.80
2008.03.12 14:47:10.132,1.02325,1.0235,6.60,12.80
2008.03.12 14:47:10.432,1.02325,1.0235,6.60,12.80
2008.03.12 14:47:10.729,1.02325,1.0235,6.60,12.80
2008.03.12 14:47:11.028,1.02325,1.0235,6.60,12.80
2008.03.12 14:47:11.291,1.02325,1.0235,6.60,12.80
2008.03.12 14:47:11.556,1.02325,1.0235,6.60,8.80
2008.03.12 14:47:11.819,1.02325,1.0235,6.60,8.80
2008.03.12 14:47:12.089,1.0233,1.0235,0.30,8.80
2008.03.12 14:47:12.356,1.0233,1.0235,0.30,8.80
2008.03.12 14:47:12.625,1.0233,1.0235,0.30,8.80
2008.03.12 14:47:12.904,1.0233,1.0235,0.30,8.80
2008.03.12 14:47:13.228,1.0233,1.0235,0.30,8.80
2008.03.12 14:47:13.550,1.0233,1.0235,0.30,8.80
2008.03.12 14:47:13.873,1.0233,1.0235,0.30,12.80
2008.03.12 14:47:14.123,1.02325,1.0234,4.20,2.40
2008.03.12 14:47:14.374,1.02325,1.0234,6.60,2.40
2008.03.12 14:47:14.625,1.0233,1.0235,0.30,8.80
2008.03.12 14:47:14.872,1.0233,1.0235,0.30,8.80
2008.03.12 14:47:15.120,1.02325,1.0235,6.60,8.80
2008.03.12 14:47:15.413,1.02325,1.0235,6.60,8.80
2008.03.12 14:47:15.706,1.02325,1.0235,6.60,8.80
2008.03.12 14:47:16.002,1.02325,1.0235,6.60,8.80
2008.03.12 14:47:16.289,1.02325,1.0235,6.60,8.80
2008.03.12 14:47:16.579,1.02325,1.0235,6.60,8.80
2008.03.12 14:47:16.867,1.02325,1.0235,6.60,8.80
2008.03.12 14:47:17.156,1.02325,1.0235,6.60,8.80
2008.03.12 14:47:17.424,1.02325,1.0235,6.60,8.80
2008.03.12 14:47:17.692,1.02325,1.0235,6.60,8.80
2008.03.12 14:47:17.959,1.02325,1.0235,6.60,8.80
2008.03.12 14:47:18.233,1.0233,1.0235,0.30,8.80
2008.03.12 14:47:18.507,1.0233,1.0235,0.30,8.80
2008.03.12 14:47:18.790,1.0233,1.0235,0.30,8.80
2008.03.12 14:47:19.053,1.0233,1.0235,0.30,8.80
2008.03.12 14:47:19.337,1.0233,1.0235,0.30,8.80
2008.03.12 14:47:19.621,1.0233,1.0235,0.30,8.80
2008.03.12 14:47:19.904,1.0233,1.0235,0.30,8.80
2008.03.12 14:47:20.188,1.0233,1.0235,0.30,8.80
2008.03.12 14:47:20.415,1.0233,1.0235,0.30,8.80
2008.03.12 14:47:20.640,1.0233,1.0235,0.30,8.80
2008.03.12 14:47:20.864,1.0233,1.0235,0.30,8.80
2008.03.12 14:47:21.089,1.02325,1.0234,4.20,6.40
2008.03.12 14:47:21.423,1.02325,1.0234,4.20,6.40
2008.03.12 14:47:21.757,1.02325,1.0234,4.20,4.00
2008.03.12 14:47:22.092,1.02325,1.0234,4.20,4.00
2008.03.12 14:47:22.335,1.02325,1.0234,4.20,4.00
2008.03.12 14:47:22.592,1.0233,1.0235,0.30,8.80
2008.03.12 14:47:22.837,1.0233,1.0235,0.30,8.80
2008.03.12 14:47:23.080,1.0233,1.0235,0.30,8.80
2008.03.12 14:47:23.324,1.0233,1.0235,0.30,8.80
2008.03.12 14:47:23.638,1.0233,1.0235,0.30,8.80
2008.03.12 14:47:23.951,1.0233,1.0235,0.30,8.80
2008.03.12 14:47:24.277,1.02325,1.0235,6.60,8.80
2008.03.12 14:47:24.555,1.0233,1.0235,0.30,8.80
2008.03.12 14:47:24.836,1.0233,1.0235,0.30,8.80
2008.03.12 14:47:25.116,1.0233,1.0235,0.30,8.80
2008.03.12 14:47:25.365,1.0233,1.0235,0.30,8.80
2008.03.12 14:47:25.614,1.0233,1.0235,0.30,8.80
2008.03.12 14:47:25.863,1.0233,1.0235,0.30,8.80
2008.03.12 14:47:26.122,1.0233,1.0235,0.30,8.80
2008.03.12 14:47:26.359,1.0233,1.0235,0.30,8.80
2008.03.12 14:47:26.688,1.0233,1.0235,0.30,8.80
2008.03.12 14:47:27.017,1.0233,1.0235,0.30,8.80
2008.03.12 14:47:27.344,1.0233,1.0235,0.30,8.80
2008.03.12 14:47:27.613,1.0233,1.0235,0.30,8.80
2008.03.12 14:47:27.881,1.0233,1.0235,0.30,8.80
2008.03.12 14:47:28.149,1.02325,1.0235,4.20,20.00
2008.03.12 14:47:28.456,1.02325,1.0235,4.20,20.00
2008.03.12 14:47:28.738,1.02325,1.0234,4.20,4.00
2008.03.12 14:47:29.032,1.02325,1.0234,4.20,4.00
2008.03.12 14:47:29.327,1.02325,1.0234,4.20,4.00
2008.03.12 14:47:29.586,1.02325,1.0234,4.20,4.00
2008.03.12 14:47:29.852,1.02325,1.0234,4.20,4.00
2008.03.12 14:47:30.110,1.02325,1.0234,4.20,4.00
2008.03.12 14:47:30.369,1.02325,1.0234,4.20,6.40
2008.03.12 14:47:30.657,1.02325,1.0234,4.20,4.00
2008.03.12 14:47:30.948,1.02325,1.0234,4.20,6.40
2008.03.12 14:47:31.237,1.02325,1.0234,4.20,6.40
2008.03.12 14:47:31.526,1.02325,1.0234,4.20,6.40
2008.03.12 14:47:31.815,1.02325,1.0234,4.20,6.40
2008.03.12 14:47:32.103,1.02325,1.0234,4.20,4.00
2008.03.12 14:47:32.393,1.02325,1.0234,4.20,4.00
2008.03.12 14:47:32.684,1.02325,1.0234,4.20,4.00
2008.03.12 14:47:32.973,1.02325,1.0234,4.20,6.40
2008.03.12 14:47:33.264,1.02325,1.0234,4.20,6.40
2008.03.12 14:47:33.543,1.02325,1.0234,4.20,6.40
2008.03.12 14:47:33.822,1.0233,1.0235,0.30,14.00
2008.03.12 14:47:34.102,1.02325,1.0235,4.20,14.00
2008.03.12 14:47:34.381,1.02325,1.0235,4.20,18.00
2008.03.12 14:47:34.659,1.02325,1.0235,4.20,18.00
2008.03.12 14:47:34.938,1.02325,1.0235,4.20,14.00
2008.03.12 14:47:35.217,1.02325,1.0235,4.20,14.00
2008.03.12 14:47:35.496,1.02325,1.0235,4.20,14.00
2008.03.12 14:47:35.784,1.02325,1.0235,4.20,14.00
2008.03.12 14:47:36.073,1.02325,1.0235,4.20,18.00
2008.03.12 14:47:36.361,1.02325,1.0235,4.20,14.00
2008.03.12 14:47:36.624,1.02325,1.0235,4.20,14.00
2008.03.12 14:47:36.888,1.02325,1.0235,4.20,14.00
2008.03.12 14:47:37.152,1.02325,1.0235,4.20,18.00
2008.03.12 14:47:37.416,1.02325,1.0235,4.20,18.00
2008.03.12 14:47:37.740,1.02325,1.0235,4.20,18.00
2008.03.12 14:47:38.064,1.02325,1.0235,4.20,18.00
2008.03.12 14:47:38.388,1.02325,1.0235,4.20,18.00
2008.03.12 14:47:38.636,1.02325,1.0235,4.20,18.00
2008.03.12 14:47:38.884,1.02325,1.0235,4.20,18.00
2008.03.12 14:47:39.134,1.02325,1.0235,4.20,18.00
2008.03.12 14:47:39.383,1.02325,1.0235,4.20,18.00
2008.03.12 14:47:39.686,1.02325,1.0235,4.20,18.00
2008.03.12 14:47:39.990,1.02325,1.0235,4.20,17.60
2008.03.12 14:47:40.296,1.02325,1.0235,4.20,17.60
2008.03.12 14:47:40.579,1.02325,1.0235,4.20,17.60
2008.03.12 14:47:40.863,1.02325,1.0235,4.20,17.60
2008.03.12 14:47:41.147,1.02325,1.0235,4.20,17.60
2008.03.12 14:47:41.431,1.02325,1.0235,4.20,17.60
2008.03.12 14:47:41.670,1.02325,1.0235,4.20,17.60
2008.03.12 14:47:41.910,1.02325,1.0235,4.20,13.60
2008.03.12 14:47:42.149,1.02325,1.0235,4.20,13.60
2008.03.12 14:47:42.387,1.02325,1.0235,4.20,13.60
2008.03.12 14:47:42.722,1.02325,1.0235,4.20,13.60
2008.03.12 14:47:43.056,1.02325,1.0235,4.20,17.60
2008.03.12 14:47:43.393,1.02325,1.0235,4.20,17.60
2008.03.12 14:47:43.632,1.02325,1.0235,4.20,17.60
2008.03.12 14:47:43.871,1.02325,1.0235,4.20,17.60
2008.03.12 14:47:44.110,1.02325,1.0235,4.20,13.60
2008.03.12 14:47:44.349,1.02325,1.0235,4.20,13.60
2008.03.12 14:47:44.677,1.0233,1.0235,0.30,13.60
2008.03.12 14:47:45.007,1.0233,1.0235,0.30,13.60
2008.03.12 14:47:45.337,1.0233,1.0235,0.30,13.60
2008.03.12 14:47:45.591,1.0233,1.0235,0.30,13.60
2008.03.12 14:47:45.835,1.0233,1.0235,0.30,13.60
2008.03.12 14:47:46.078,1.0233,1.0235,0.30,13.60
2008.03.12 14:47:46.323,1.0233,1.0235,0.30,13.60
2008.03.12 14:47:46.567,1.0233,1.0235,0.30,13.60
2008.03.12 14:47:46.895,1.0233,1.0235,0.30,13.60
2008.03.12 14:47:47.233,1.0233,1.0235,0.30,13.60
2008.03.12 14:47:47.562,1.0233,1.0235,0.30,13.60
2008.03.12 14:47:47.826,1.0233,1.0235,0.30,13.60
2008.03.12 14:47:48.090,1.02335,1.0235,0.30,11.20
2008.03.12 14:47:48.355,1.0233,1.0235,0.30,17.60
2008.03.12 14:47:48.648,1.0233,1.0235,0.30,13.60
2008.03.12 14:47:48.942,1.0233,1.0235,0.30,19.30
2008.03.12 14:47:49.246,1.0233,1.0235,0.30,13.60
2008.03.12 14:47:49.540,1.0233,1.0235,0.30,13.60
2008.03.12 14:47:49.819,1.0233,1.0235,0.30,11.20
2008.03.12 14:47:50.097,1.02335,1.0235,0.30,11.20
2008.03.12 14:47:50.377,1.02335,1.0235,0.30,11.20
2008.03.12 14:47:50.635,1.02335,1.0235,0.30,11.20
2008.03.12 14:47:50.894,1.02335,1.0235,0.30,11.20
2008.03.12 14:47:51.153,1.0233,1.0235,0.30,17.60
2008.03.12 14:47:51.411,1.0233,1.0235,0.30,17.60
2008.03.12 14:47:51.696,1.02325,1.0235,4.20,17.60
2008.03.12 14:47:51.992,1.02325,1.0235,4.20,17.60
2008.03.12 14:47:52.275,1.02325,1.0235,4.20,17.60
2008.03.12 14:47:52.559,1.0233,1.0235,0.30,17.60
2008.03.12 14:47:52.872,1.0233,1.0235,0.30,17.60
2008.03.12 14:47:53.185,1.0233,1.0235,0.30,17.60
2008.03.12 14:47:53.499,1.0233,1.0235,0.30,17.60
2008.03.12 14:47:53.732,1.0233,1.0235,0.30,17.60
2008.03.12 14:47:53.965,1.0233,1.0235,0.30,17.60
2008.03.12 14:47:54.199,1.02325,1.0235,4.20,17.60
2008.03.12 14:47:54.432,1.02325,1.0235,4.20,17.60
2008.03.12 14:47:54.750,1.02325,1.0235,4.20,17.60
2008.03.12 14:47:55.070,1.02325,1.0235,4.20,13.60
2008.03.12 14:47:55.389,1.02325,1.0235,4.20,13.60
2008.03.12 14:47:55.709,1.02325,1.0235,4.20,13.60
2008.03.12 14:47:55.963,1.02325,1.0235,4.20,13.60
2008.03.12 14:47:56.218,1.02325,1.0235,4.20,13.60
2008.03.12 14:47:56.451,1.02325,1.0235,4.20,13.60
2008.03.12 14:47:56.750,1.0233,1.0235,0.30,13.60
2008.03.12 14:47:57.049,1.0233,1.0235,0.30,13.60
2008.03.12 14:47:57.348,1.0233,1.0235,0.30,13.60
2008.03.12 14:47:57.647,1.0233,1.0235,0.30,17.60
2008.03.12 14:47:57.971,1.0233,1.0235,0.30,17.60
2008.03.12 14:47:58.294,1.02325,1.0235,4.20,17.60
2008.03.12 14:47:58.620,1.0233,1.0235,0.30,13.60
2008.03.12 14:47:58.849,1.0233,1.0235,0.30,13.60
2008.03.12 14:47:59.078,1.0233,1.0235,0.30,13.60
2008.03.12 14:47:59.306,1.0233,1.0235,0.30,13.60
2008.03.12 14:47:59.534,1.0233,1.0235,0.30,13.60
2008.03.12 14:47:59.852,1.0233,1.0235,0.30,13.60
2008.03.12 14:48:00.171,1.0233,1.0235,0.30,13.60
2008.03.12 14:48:00.489,1.0233,1.0235,0.30,13.60
2008.03.12 14:48:00.808,1.0233,1.0235,0.30,13.60
2008.03.12 14:48:01.061,1.0233,1.0235,0.30,13.60
2008.03.12 14:48:01.316,1.0233,1.0235,0.30,13.60
2008.03.12 14:48:01.569,1.0233,1.0235,0.30,13.60
2008.03.12 14:48:01.843,1.0233,1.0235,0.30,13.60
2008.03.12 14:48:02.115,1.0233,1.0235,0.30,13.60
2008.03.12 14:48:02.388,1.0233,1.0235,0.30,13.60
2008.03.12 14:48:02.663,1.0233,1.0235,0.30,13.60
2008.03.12 14:48:02.993,1.0233,1.0235,0.30,13.60
2008.03.12 14:48:03.321,1.0233,1.0235,0.30,13.60
2008.03.12 14:48:03.653,1.0233,1.0235,0.30,13.60
2008.03.12 14:48:03.900,1.0233,1.0235,0.30,13.60
2008.03.12 14:48:04.121,1.0233,1.0235,0.30,13.60
2008.03.12 14:48:04.355,1.0233,1.0235,0.30,13.60
2008.03.12 14:48:04.590,1.02335,1.0235,0.30,8.80
2008.03.12 14:48:04.828,1.02335,1.0235,0.30,8.80
2008.03.12 14:48:05.173,1.0234,1.0235,0.30,8.80
2008.03.12 14:48:05.496,1.0234,1.0235,0.30,4.00
2008.03.12 14:48:05.831,1.0234,1.0235,0.30,6.40
2008.03.12 14:48:06.074,1.0234,1.0235,0.30,6.40
2008.03.12 14:48:06.317,1.02335,1.0235,4.20,6.40
2008.03.12 14:48:06.561,1.02335,1.0235,4.20,6.40
2008.03.12 14:48:06.806,1.02335,1.0235,4.20,6.40
2008.03.12 14:48:07.120,1.02335,1.0235,4.20,6.40
2008.03.12 14:48:07.445,1.02335,1.0235,4.20,6.40
2008.03.12 14:48:07.759,1.02335,1.0235,4.20,8.80
2008.03.12 14:48:08.044,1.02335,1.0235,4.20,8.80
2008.03.12 14:48:08.328,1.02335,1.0235,4.20,8.80
2008.03.12 14:48:08.611,1.02335,1.0235,4.20,8.80
2008.03.12 14:48:08.895,1.02335,1.0235,4.20,8.80
2008.03.12 14:48:09.178,1.02335,1.0235,4.20,8.80
2008.03.12 14:48:09.461,1.02335,1.0235,4.20,8.80
2008.03.12 14:48:09.745,1.02335,1.0235,4.20,8.80
2008.03.12 14:48:10.019,1.02335,1.0235,4.20,8.80
2008.03.12 14:48:10.293,1.02335,1.0235,4.20,8.80
2008.03.12 14:48:10.566,1.02335,1.0235,4.20,8.80
2008.03.12 14:48:10.846,1.02335,1.0235,4.20,8.80
2008.03.12 14:48:11.115,1.02335,1.0235,4.20,8.80
2008.03.12 14:48:11.390,1.02335,1.0235,4.20,8.80
2008.03.12 14:48:11.663,1.02335,1.0235,4.20,8.80
2008.03.12 14:48:11.936,1.02335,1.0235,4.20,8.80
2008.03.12 14:48:12.209,1.02335,1.0235,4.20,8.80
2008.03.12 14:48:12.494,1.02335,1.0235,4.20,8.80
2008.03.12 14:48:12.756,1.02335,1.0235,4.20,8.80
2008.03.12 14:48:13.029,1.02335,1.0235,4.20,8.80
2008.03.12 14:48:13.348,1.02335,1.0235,4.20,8.80
2008.03.12 14:48:13.666,1.02335,1.0235,4.20,8.80
2008.03.12 14:48:13.989,1.02335,1.0235,4.20,8.80
2008.03.12 14:48:14.208,1.02335,1.0235,4.20,8.80
2008.03.12 14:48:14.427,1.02335,1.0235,4.20,8.80
2008.03.12 14:48:14.645,1.02335,1.0235,4.20,8.80
2008.03.12 14:48:14.863,1.02335,1.0235,4.20,8.80
2008.03.12 14:48:15.191,1.02335,1.0235,4.20,8.80
2008.03.12 14:48:15.519,1.02335,1.0235,4.20,8.80
2008.03.12 14:48:15.848,1.02335,1.0235,4.20,8.80
2008.03.12 14:48:16.178,1.02335,1.0235,4.20,8.80
2008.03.12 14:48:16.433,1.02335,1.0235,4.20,8.80
2008.03.12 14:48:16.699,1.02335,1.0235,4.20,8.80
2008.03.12 14:48:16.951,1.02335,1.0235,4.20,8.80
2008.03.12 14:48:17.215,1.02335,1.0235,4.20,8.80
2008.03.12 14:48:17.481,1.02335,1.0235,4.20,8.80
2008.03.12 14:48:17.744,1.02335,1.0235,4.20,8.80
2008.03.12 14:48:18.014,1.02335,1.0235,4.20,8.80
2008.03.12 14:48:18.332,1.02335,1.0235,4.20,8.80
2008.03.12 14:48:18.651,1.02335,1.0235,4.20,6.40
2008.03.12 14:48:18.970,1.02335,1.0235,4.20,6.40
2008.03.12 14:48:19.200,1.02335,1.0235,4.20,6.40
2008.03.12 14:48:19.428,1.02335,1.0235,4.20,6.40
2008.03.12 14:48:19.657,1.02335,1.0235,4.20,6.40
2008.03.12 14:48:19.885,1.02335,1.0235,4.20,6.40
2008.03.12 14:48:20.114,1.02335,1.0235,4.20,6.40
2008.03.12 14:48:20.461,1.02335,1.0235,4.20,6.40
2008.03.12 14:48:20.799,1.02335,1.0235,4.20,6.40
2008.03.12 14:48:21.144,1.02335,1.0235,4.20,6.40
2008.03.12 14:48:21.361,1.02335,1.0235,4.20,6.40
2008.03.12 14:48:21.580,1.02335,1.0235,4.00,6.40
2008.03.12 14:48:21.800,1.02335,1.0235,4.00,8.80
2008.03.12 14:48:22.018,1.02335,1.0235,4.00,8.80
2008.03.12 14:48:22.238,1.02335,1.0235,4.00,8.80
2008.03.12 14:48:22.572,1.0233,1.0235,0.30,13.20
2008.03.12 14:48:22.913,1.0233,1.0235,0.30,13.20
2008.03.12 14:48:23.259,1.0233,1.0235,0.30,9.20
2008.03.12 14:48:23.496,1.0233,1.0235,0.30,8.80
2008.03.12 14:48:23.730,1.0233,1.0235,0.30,8.80
2008.03.12 14:48:23.964,1.0233,1.0235,0.30,12.80
2008.03.12 14:48:24.197,1.0233,1.0235,0.30,13.20
2008.03.12 14:48:24.430,1.0233,1.0235,0.30,13.20
2008.03.12 14:48:24.764,1.02325,1.0235,6.60,13.20
2008.03.12 14:48:25.098,1.02325,1.0235,6.60,13.20
2008.03.12 14:48:25.439,1.02325,1.0235,6.60,13.20
2008.03.12 14:48:25.678,1.02325,1.0235,6.60,13.20
2008.03.12 14:48:25.917,1.02325,1.0235,6.60,8.80
2008.03.12 14:48:26.157,1.02325,1.0235,6.60,8.80
2008.03.12 14:48:26.396,1.02325,1.0235,6.60,8.80
2008.03.12 14:48:26.729,1.02325,1.0235,6.40,12.80
2008.03.12 14:48:27.062,1.02325,1.0235,6.40,8.80
2008.03.12 14:48:27.395,1.02325,1.0235,6.40,12.80
2008.03.12 14:48:27.662,1.02325,1.0235,6.40,14.40
2008.03.12 14:48:27.927,1.02325,1.0235,6.40,8.80
2008.03.12 14:48:28.168,1.02325,1.0235,6.40,8.80
2008.03.12 14:48:28.423,1.02325,1.0235,6.40,8.80
2008.03.12 14:48:28.727,1.02325,1.0235,6.40,8.80
2008.03.12 14:48:29.031,1.02325,1.02345,6.40,0.80
2008.03.12 14:48:29.346,1.02325,1.02345,4.00,0.80
2008.03.12 14:48:29.600,1.02325,1.0234,4.00,4.00
2008.03.12 14:48:29.854,1.02325,1.0234,4.00,4.00
2008.03.12 14:48:30.108,1.02325,1.0234,4.00,6.40
2008.03.12 14:48:30.362,1.02325,1.0234,4.00,6.40
2008.03.12 14:48:30.662,1.02325,1.0234,4.00,6.40
2008.03.12 14:48:30.960,1.02325,1.0234,4.00,6.40
2008.03.12 14:48:31.259,1.02325,1.0234,4.00,6.40
2008.03.12 14:48:31.557,1.02325,1.0234,4.00,6.40
2008.03.12 14:48:31.842,1.02325,1.0234,4.00,6.40
2008.03.12 14:48:32.126,1.02325,1.0234,4.00,6.40
2008.03.12 14:48:32.410,1.02325,1.0234,4.00,8.80
2008.03.12 14:48:32.694,1.02325,1.0234,4.00,8.80
2008.03.12 14:48:32.981,1.02325,1.0234,4.00,8.80
2008.03.12 14:48:33.270,1.02325,1.0234,4.00,8.80
2008.03.12 14:48:33.558,1.02325,1.0234,4.00,8.80
2008.03.12 14:48:33.848,1.02325,1.0234,4.00,8.80
2008.03.12 14:48:34.137,1.02325,1.0234,4.00,8.80
2008.03.12 14:48:34.426,1.02325,1.0234,4.00,8.80
2008.03.12 14:48:34.676,1.02325,1.0234,4.00,8.80
2008.03.12 14:48:34.924,1.02325,1.0234,4.00,8.80
2008.03.12 14:48:35.174,1.02325,1.0234,3.80,8.80
2008.03.12 14:48:35.423,1.02325,1.0234,3.80,8.80
2008.03.12 14:48:35.672,1.02325,1.0234,3.80,8.80
2008.03.12 14:48:35.997,1.02325,1.0234,3.80,8.80
2008.03.12 14:48:36.320,1.02325,1.0234,4.00,8.80
2008.03.12 14:48:36.644,1.02325,1.0234,4.00,8.80
2008.03.12 14:48:36.897,1.02325,1.0234,4.00,8.80
2008.03.12 14:48:37.151,1.02325,1.0234,4.00,8.80
2008.03.12 14:48:37.405,1.02325,1.0234,4.00,8.80
2008.03.12 14:48:37.659,1.02325,1.0234,3.80,8.80
2008.03.12 14:48:37.987,1.02325,1.0234,3.80,8.80
2008.03.12 14:48:38.317,1.02325,1.0234,3.80,8.80
2008.03.12 14:48:38.645,1.02325,1.0234,4.00,8.80
2008.03.12 14:48:38.911,1.02325,1.0234,4.00,8.80
2008.03.12 14:48:39.175,1.02325,1.0234,4.00,8.80
2008.03.12 14:48:39.439,1.02325,1.0234,4.00,8.80
2008.03.12 14:48:39.704,1.02325,1.0234,3.80,8.80
2008.03.12 14:48:39.977,1.02315,1.0234,4.00,13.60
2008.03.12 14:48:40.251,1.02315,1.0234,0.30,13.60
2008.03.12 14:48:40.540,1.02315,1.0234,0.30,8.80
2008.03.12 14:48:40.799,1.02315,1.0234,2.60,8.80
2008.03.12 14:48:41.094,1.02325,1.0234,0.30,8.80
2008.03.12 14:48:41.399,1.02325,1.0234,0.30,8.80
2008.03.12 14:48:41.694,1.02325,1.0234,4.00,8.80
2008.03.12 14:48:41.952,1.02325,1.0234,4.00,8.80
2008.03.12 14:48:42.211,1.02325,1.0234,4.00,8.80
2008.03.12 14:48:42.469,1.02325,1.0234,3.80,8.80
2008.03.12 14:48:42.728,1.0232,1.0234,0.30,8.80
2008.03.12 14:48:43.057,1.02315,1.0234,6.40,8.80
2008.03.12 14:48:43.386,1.02315,1.0234,6.40,8.80
2008.03.12 14:48:43.714,1.02315,1.0234,6.40,9.20
2008.03.12 14:48:43.953,1.02315,1.0234,6.40,14.60
2008.03.12 14:48:44.191,1.02315,1.0234,6.40,14.60
2008.03.12 14:48:44.429,1.02315,1.0234,6.40,9.20
2008.03.12 14:48:44.670,1.02315,1.0234,6.40,12.40
2008.03.12 14:48:44.994,1.02315,1.0234,6.40,12.40
2008.03.12 14:48:45.317,1.02315,1.0234,6.40,9.20
2008.03.12 14:48:45.642,1.02315,1.0234,6.40,8.80
2008.03.12 14:48:45.912,1.02315,1.0234,6.40,13.20
2008.03.12 14:48:46.182,1.02315,1.0234,6.40,13.20
2008.03.12 14:48:46.450,1.02315,1.0234,6.40,13.20
2008.03.12 14:48:46.719,1.02315,1.0234,6.40,13.20
2008.03.12 14:48:47.008,1.02315,1.0234,6.40,13.20
2008.03.12 14:48:47.296,1.02315,1.0234,6.40,13.20
2008.03.12 14:48:47.586,1.02315,1.0234,6.40,13.20
2008.03.12 14:48:47.874,1.02315,1.0234,6.40,9.20
2008.03.12 14:48:48.198,1.02315,1.0234,6.40,8.80
2008.03.12 14:48:48.522,1.02315,1.0234,6.40,8.80
2008.03.12 14:48:48.846,1.02315,1.0234,6.40,8.80
2008.03.12 14:48:49.084,1.02315,1.0234,6.40,8.80
2008.03.12 14:48:49.323,1.02315,1.0234,6.40,8.80
2008.03.12 14:48:49.561,1.02315,1.0234,6.40,8.80
2008.03.12 14:48:49.811,1.02315,1.0234,6.40,8.80
2008.03.12 14:48:50.128,1.02315,1.0234,6.40,8.80
2008.03.12 14:48:50.456,1.02315,1.0234,6.40,8.80
2008.03.12 14:48:50.787,1.02315,1.0234,6.40,13.20
2008.03.12 14:48:51.031,1.02315,1.0234,6.40,13.20
2008.03.12 14:48:51.275,1.02315,1.0234,6.40,14.80
2008.03.12 14:48:51.519,1.02315,1.0234,6.40,10.40
2008.03.12 14:48:51.766,1.02315,1.0234,6.40,10.40
2008.03.12 14:48:52.084,1.02315,1.0234,6.40,8.80
2008.03.12 14:48:52.410,1.02315,1.0234,6.40,8.80
2008.03.12 14:48:52.741,1.02325,1.0234,0.30,8.80
2008.03.12 14:48:53.024,1.02325,1.0234,0.30,8.80
2008.03.12 14:48:53.292,1.02325,1.0234,4.20,8.80
2008.03.12 14:48:53.561,1.02325,1.0234,0.30,8.80
2008.03.12 14:48:53.830,1.02325,1.0234,0.30,8.80
2008.03.12 14:48:54.120,1.02325,1.0234,0.30,8.80
2008.03.12 14:48:54.409,1.02325,1.0234,0.30,8.80
2008.03.12 14:48:54.698,1.02325,1.0234,0.30,8.80
2008.03.12 14:48:54.995,1.02325,1.0234,0.30,8.80
2008.03.12 14:48:55.268,1.02325,1.0234,0.30,8.80
2008.03.12 14:48:55.542,1.02325,1.0234,0.30,6.40
2008.03.12 14:48:55.817,1.02325,1.0234,0.30,6.40
2008.03.12 14:48:56.090,1.02325,1.0234,0.30,6.40
2008.03.12 14:48:56.373,1.02325,1.0234,0.30,6.40
2008.03.12 14:48:56.662,1.02325,1.0234,0.30,4.00
2008.03.12 14:48:56.958,1.02325,1.0234,0.30,6.40
2008.03.12 14:48:57.231,1.02325,1.0234,0.30,4.00
2008.03.12 14:48:57.526,1.02325,1.0234,0.30,6.40
2008.03.12 14:48:57.820,1.02325,1.0234,0.30,6.40
2008.03.12 14:48:58.116,1.02325,1.0234,0.30,6.40
2008.03.12 14:48:58.394,1.02325,1.0234,0.30,6.40
2008.03.12 14:48:58.673,1.02325,1.0234,0.30,6.40
2008.03.12 14:48:58.962,1.02325,1.0234,0.30,6.40
2008.03.12 14:48:59.241,1.02325,1.0234,0.30,8.80
2008.03.12 14:48:59.529,1.02325,1.0234,0.30,8.80
2008.03.12 14:48:59.821,1.02325,1.0234,0.30,6.40
2008.03.12 14:49:00.109,1.02325,1.0234,0.30,6.40
2008.03.12 14:49:00.364,1.02325,1.0234,0.30,6.40
2008.03.12 14:49:00.627,1.02325,1.0234,0.30,6.40
2008.03.12 14:49:00.880,1.02325,1.0234,0.30,6.40
2008.03.12 14:49:01.132,1.02325,1.0234,0.30,6.40
2008.03.12 14:49:01.427,1.02325,1.0234,0.30,6.40
2008.03.12 14:49:01.720,1.02325,1.0234,0.30,6.40
2008.03.12 14:49:02.014,1.02325,1.0234,0.30,6.40
2008.03.12 14:49:02.308,1.02325,1.0234,0.30,6.40
2008.03.12 14:49:02.618,1.02325,1.0234,0.30,6.40
2008.03.12 14:49:02.927,1.02325,1.0234,0.30,6.40
2008.03.12 14:49:03.243,1.02325,1.0234,0.30,6.40
2008.03.12 14:49:03.515,1.02325,1.0234,0.30,6.40
2008.03.12 14:49:03.769,1.0232,1.0234,2.60,6.40
2008.03.12 14:49:04.033,1.0232,1.0234,2.60,6.40
2008.03.12 14:49:04.298,1.0232,1.0234,3.40,6.40
2008.03.12 14:49:04.598,1.02325,1.0234,0.30,6.40
2008.03.12 14:49:04.897,1.02325,1.0234,0.30,6.40
2008.03.12 14:49:05.198,1.02325,1.0234,0.30,6.40
2008.03.12 14:49:05.442,1.02325,1.0234,0.30,6.40
2008.03.12 14:49:05.686,1.02325,1.0234,0.30,6.40
2008.03.12 14:49:05.930,1.02325,1.0234,0.30,6.40
2008.03.12 14:49:06.174,1.02325,1.0234,0.30,6.40
2008.03.12 14:49:06.502,1.02325,1.0234,0.30,6.40
2008.03.12 14:49:06.843,1.02325,1.0234,0.30,6.40
2008.03.12 14:49:07.170,1.02325,1.0234,0.30,6.40
2008.03.12 14:49:07.439,1.02325,1.0234,0.30,6.40
2008.03.12 14:49:07.708,1.02325,1.0234,0.30,6.40
2008.03.12 14:49:07.980,1.02325,1.0234,0.30,6.40
2008.03.12 14:49:08.248,1.02325,1.0234,0.30,6.40
2008.03.12 14:49:08.522,1.0232,1.0234,0.30,8.80
2008.03.12 14:49:08.798,1.0232,1.0234,0.30,8.80
2008.03.12 14:49:09.073,1.02315,1.02335,0.30,0.80
2008.03.12 14:49:09.348,1.02315,1.02335,0.30,0.80
2008.03.12 14:49:09.628,1.02315,1.02335,0.30,0.80
2008.03.12 14:49:09.909,1.02315,1.0233,0.30,4.00
2008.03.12 14:49:10.199,1.02315,1.0233,2.60,4.00
2008.03.12 14:49:10.478,1.02315,1.0233,0.30,4.00
2008.03.12 14:49:10.762,1.0232,1.0234,0.30,14.40
2008.03.12 14:49:11.058,1.02315,1.0234,7.40,13.60
2008.03.12 14:49:11.342,1.02315,1.0234,3.40,14.00
2008.03.12 14:49:11.625,1.02315,1.0234,13.80,11.60
2008.03.12 14:49:11.925,1.0232,1.0234,0.30,14.00
2008.03.12 14:49:12.224,1.0232,1.0234,0.30,14.00
2008.03.12 14:49:12.522,1.0232,1.0234,0.30,14.00
2008.03.12 14:49:12.797,1.0232,1.0234,0.30,8.80
2008.03.12 14:49:13.071,1.0232,1.0234,0.30,8.80
2008.03.12 14:49:13.344,1.0232,1.0234,0.30,8.80
2008.03.12 14:49:13.617,1.0232,1.0234,0.30,8.80
2008.03.12 14:49:13.916,1.0232,1.0234,0.30,8.80
2008.03.12 14:49:14.214,1.0232,1.0234,0.30,8.80
2008.03.12 14:49:14.512,1.0232,1.0234,0.30,8.80
2008.03.12 14:49:14.745,1.0232,1.0234,0.30,8.80
2008.03.12 14:49:14.980,1.0232,1.0234,2.60,6.80
2008.03.12 14:49:15.214,1.0232,1.0234,2.60,6.40
2008.03.12 14:49:15.448,1.0232,1.0234,2.60,6.40
2008.03.12 14:49:15.761,1.02325,1.0234,4.00,6.40
2008.03.12 14:49:16.083,1.02325,1.0234,4.00,6.40
2008.03.12 14:49:16.398,1.02315,1.0233,6.60,4.00
2008.03.12 14:49:16.713,1.0232,1.02335,0.30,0.80
2008.03.12 14:49:16.977,1.0232,1.0234,0.30,10.40
2008.03.12 14:49:17.241,1.0232,1.0234,0.30,8.80
2008.03.12 14:49:17.507,1.0232,1.0234,0.30,8.80
2008.03.12 14:49:17.801,1.0232,1.0234,0.30,8.80
2008.03.12 14:49:18.074,1.0232,1.0234,0.30,8.80
2008.03.12 14:49:18.360,1.0232,1.0234,0.30,13.60
2008.03.12 14:49:18.644,1.0232,1.0234,0.30,8.80
2008.03.12 14:49:18.920,1.0232,1.0234,0.30,9.20
2008.03.12 14:49:19.194,1.0232,1.0234,0.30,9.20
2008.03.12 14:49:19.469,1.0232,1.0234,0.30,9.20
2008.03.12 14:49:19.742,1.0232,1.0234,0.30,9.20
2008.03.12 14:49:20.027,1.0232,1.0234,0.30,9.20
2008.03.12 14:49:20.320,1.0232,1.0234,0.30,9.20
2008.03.12 14:49:20.604,1.0232,1.0234,0.30,9.20
2008.03.12 14:49:20.854,1.0232,1.0234,0.30,8.80
2008.03.12 14:49:21.103,1.0232,1.0234,0.30,8.80
2008.03.12 14:49:21.351,1.0232,1.0234,0.30,8.80
2008.03.12 14:49:21.602,1.0232,1.0234,0.30,8.80
2008.03.12 14:49:21.913,1.0232,1.0234,0.30,8.80
2008.03.12 14:49:22.223,1.02325,1.0234,0.30,6.40
2008.03.12 14:49:22.531,1.02325,1.0234,0.30,6.40
2008.03.12 14:49:22.840,1.02325,1.0234,4.20,6.40
2008.03.12 14:49:23.143,1.02325,1.0234,4.20,6.40
2008.03.12 14:49:23.448,1.02325,1.0234,4.20,6.40
2008.03.12 14:49:23.757,1.02325,1.0234,4.20,6.40
2008.03.12 14:49:23.996,1.02325,1.0234,4.20,6.40
2008.03.12 14:49:24.235,1.02325,1.0234,4.20,6.40
2008.03.12 14:49:24.473,1.02325,1.0234,4.20,6.40
2008.03.12 14:49:24.712,1.02325,1.0234,4.20,6.40
2008.03.12 14:49:25.036,1.02325,1.0234,4.20,6.40
2008.03.12 14:49:25.359,1.02325,1.0234,4.20,6.40
2008.03.12 14:49:25.696,1.02325,1.0234,4.20,6.40
2008.03.12 14:49:25.936,1.02325,1.0234,4.20,6.40
2008.03.12 14:49:26.177,1.02325,1.0234,4.20,6.40
2008.03.12 14:49:26.417,1.02325,1.0234,4.20,6.40
2008.03.12 14:49:26.654,1.02325,1.0234,4.20,6.40
2008.03.12 14:49:26.981,1.02325,1.0234,4.20,6.40
2008.03.12 14:49:27.294,1.02325,1.0234,4.20,6.40
2008.03.12 14:49:27.609,1.02325,1.0234,4.20,6.40
2008.03.12 14:49:27.923,1.02325,1.0234,4.20,6.40
2008.03.12 14:49:28.206,1.02325,1.0234,4.20,6.40
2008.03.12 14:49:28.494,1.02325,1.0234,4.20,6.40
2008.03.12 14:49:28.779,1.02325,1.0234,4.20,6.40
2008.03.12 14:49:29.029,1.02325,1.0234,4.20,6.40
2008.03.12 14:49:29.280,1.0232,1.0234,0.30,8.80
2008.03.12 14:49:29.531,1.0232,1.0234,0.30,8.80
2008.03.12 14:49:29.780,1.0232,1.0234,0.30,8.80
2008.03.12 14:49:30.081,1.0232,1.0234,0.30,8.80
2008.03.12 14:49:30.388,1.0232,1.0234,0.30,8.80
2008.03.12 14:49:30.698,1.0232,1.0234,0.30,8.80
2008.03.12 14:49:30.963,1.0232,1.0234,0.30,8.80
2008.03.12 14:49:31.227,1.0232,1.0234,0.30,9.20
2008.03.12 14:49:31.489,1.0232,1.0234,0.30,9.20
2008.03.12 14:49:31.753,1.02315,1.0234,6.60,11.60
2008.03.12 14:49:32.049,1.02315,1.0234,4.20,14.00
2008.03.12 14:49:32.344,1.02315,1.0234,4.20,14.00
2008.03.12 14:49:32.636,1.02315,1.0234,4.20,14.00
2008.03.12 14:49:32.930,1.02315,1.0234,4.20,14.00
2008.03.12 14:49:33.248,1.02315,1.0234,4.20,14.00
2008.03.12 14:49:33.566,1.02315,1.0234,4.20,14.00
2008.03.12 14:49:33.895,1.02315,1.0234,4.20,14.00
2008.03.12 14:49:34.128,1.02315,1.0234,4.20,14.00
2008.03.12 14:49:34.361,1.02315,1.0234,4.20,14.00
2008.03.12 14:49:34.595,1.02315,1.0234,4.20,14.00
2008.03.12 14:49:34.831,1.02315,1.0234,4.20,14.00
2008.03.12 14:49:35.164,1.02315,1.0234,4.20,11.60
2008.03.12 14:49:35.510,1.02315,1.0234,6.60,9.20
2008.03.12 14:49:35.849,1.02315,1.0234,6.60,9.20
2008.03.12 14:49:36.089,1.02315,1.0234,6.60,9.20
2008.03.12 14:49:36.327,1.02315,1.0234,6.60,9.20
2008.03.12 14:49:36.564,1.02315,1.0234,6.60,9.20
2008.03.12 14:49:36.805,1.02315,1.0234,4.20,14.00
2008.03.12 14:49:37.104,1.02315,1.0234,4.20,14.00
2008.03.12 14:49:37.404,1.02315,1.0234,4.20,14.00
2008.03.12 14:49:37.702,1.02315,1.0234,4.20,14.00
2008.03.12 14:49:38.001,1.02315,1.0234,4.20,14.00
2008.03.12 14:49:38.304,1.02315,1.0234,4.20,14.00
2008.03.12 14:49:38.615,1.02315,1.0234,4.20,14.00
2008.03.12 14:49:38.918,1.02315,1.0234,4.20,14.00
2008.03.12 14:49:39.161,1.02315,1.0234,4.20,14.00
2008.03.12 14:49:39.407,1.02315,1.0234,4.20,14.00
2008.03.12 14:49:39.650,1.02315,1.0234,4.20,14.00
2008.03.12 14:49:39.896,1.02315,1.0234,4.20,14.00
2008.03.12 14:49:40.215,1.02315,1.0233,4.20,2.40
2008.03.12 14:49:40.534,1.02315,1.0233,4.20,2.40
2008.03.12 14:49:40.850,1.0232,1.0234,0.30,6.40
2008.03.12 14:49:41.111,1.0232,1.0234,0.30,11.20
2008.03.12 14:49:41.366,1.0232,1.0234,0.30,11.20
2008.03.12 14:49:41.621,1.0232,1.0234,0.30,11.20
2008.03.12 14:49:41.875,1.0232,1.0234,0.30,11.20
2008.03.12 14:49:42.176,1.0232,1.0234,0.30,11.20
2008.03.12 14:49:42.475,1.0232,1.0234,0.30,11.20
2008.03.12 14:49:42.777,1.02315,1.0234,4.20,11.20
2008.03.12 14:49:43.075,1.02315,1.0234,4.20,11.20
2008.03.12 14:49:43.399,1.02315,1.0234,4.20,11.20
2008.03.12 14:49:43.722,1.02315,1.0234,4.20,11.20
2008.03.12 14:49:44.054,1.02315,1.0234,4.20,11.20
2008.03.12 14:49:44.262,1.02315,1.0234,4.20,11.20
2008.03.12 14:49:44.470,1.02315,1.0234,4.20,11.20
2008.03.12 14:49:44.679,1.02315,1.0234,4.20,11.20
2008.03.12 14:49:44.889,1.02315,1.0234,4.20,11.20
2008.03.12 14:49:45.098,1.02315,1.0234,4.20,11.20
2008.03.12 14:49:45.433,1.02315,1.0234,4.20,11.60
2008.03.12 14:49:45.764,1.0232,1.0234,0.30,11.60
2008.03.12 14:49:46.098,1.0232,1.0234,0.30,11.60
2008.03.12 14:49:46.322,1.0232,1.0234,0.30,11.60
2008.03.12 14:49:46.546,1.02315,1.0234,4.20,11.60
2008.03.12 14:49:46.770,1.02315,1.0234,4.20,11.20
2008.03.12 14:49:46.994,1.02315,1.0234,4.20,11.20
2008.03.12 14:49:47.218,1.0232,1.0234,0.30,11.20
2008.03.12 14:49:47.561,1.0232,1.0234,0.30,11.20
2008.03.12 14:49:47.896,1.0232,1.0234,0.30,11.20
2008.03.12 14:49:48.230,1.0232,1.0234,0.30,11.20
2008.03.12 14:49:48.488,1.0232,1.0234,0.30,11.20
2008.03.12 14:49:48.747,1.0232,1.0234,0.30,11.60
2008.03.12 14:49:49.006,1.0232,1.0234,0.30,11.60
2008.03.12 14:49:49.267,1.0232,1.0234,0.30,11.60
2008.03.12 14:49:49.547,1.0232,1.0234,0.30,11.60
2008.03.12 14:49:49.831,1.0232,1.0234,0.30,11.60
2008.03.12 14:49:50.109,1.0232,1.0234,0.30,11.60
2008.03.12 14:49:50.387,1.0232,1.0234,0.30,11.60
2008.03.12 14:49:50.682,1.0232,1.0234,0.30,11.60
2008.03.12 14:49:50.975,1.0232,1.0234,0.30,11.20
2008.03.12 14:49:51.269,1.0232,1.0234,0.30,11.20
2008.03.12 14:49:51.518,1.0232,1.0234,0.30,11.20
2008.03.12 14:49:51.768,1.0232,1.0234,0.30,11.20
2008.03.12 14:49:52.016,1.0232,1.0234,0.30,11.20
2008.03.12 14:49:52.267,1.0232,1.0234,0.30,11.20
2008.03.12 14:49:52.595,1.0232,1.0234,0.30,11.20
2008.03.12 14:49:52.929,1.0232,1.0234,0.30,11.20
2008.03.12 14:49:53.259,1.0232,1.0234,0.30,11.20
2008.03.12 14:49:53.486,1.0232,1.0234,0.30,11.20
2008.03.12 14:49:53.716,1.0232,1.0234,0.30,11.20
2008.03.12 14:49:53.945,1.0232,1.0234,0.30,11.20
2008.03.12 14:49:54.174,1.0232,1.0234,0.30,11.20
2008.03.12 14:49:54.402,1.0232,1.0234,0.30,11.20
2008.03.12 14:49:54.736,1.0232,1.0234,0.30,11.20
2008.03.12 14:49:55.069,1.0232,1.0234,0.30,11.20
2008.03.12 14:49:55.403,1.0232,1.0234,0.30,11.20
2008.03.12 14:49:55.641,1.0232,1.0234,0.30,11.20
2008.03.12 14:49:55.879,1.0232,1.0234,0.30,11.60
2008.03.12 14:49:56.119,1.0232,1.0234,0.30,11.20
2008.03.12 14:49:56.359,1.0232,1.0234,0.30,11.20
2008.03.12 14:49:56.658,1.0232,1.0234,0.30,11.20
2008.03.12 14:49:56.957,1.0232,1.02335,0.30,0.80
2008.03.12 14:49:57.256,1.0232,1.0233,0.30,2.40
2008.03.12 14:49:57.554,1.0232,1.02335,0.30,0.80
2008.03.12 14:49:57.858,1.0232,1.0234,0.30,13.60
2008.03.12 14:49:58.172,1.0232,1.0234,0.30,13.60
2008.03.12 14:49:58.466,1.0232,1.0234,0.30,13.60
2008.03.12 14:49:58.710,1.0232,1.0234,0.30,13.60
2008.03.12 14:49:58.955,1.0232,1.0234,0.30,13.60
2008.03.12 14:49:59.198,1.0232,1.0234,0.30,13.60
2008.03.12 14:49:59.442,1.0232,1.0234,0.30,13.60
2008.03.12 14:49:59.750,1.0232,1.0234,0.30,13.60
2008.03.12 14:50:00.059,1.0232,1.0234,0.30,13.60
2008.03.12 14:50:00.367,1.0232,1.0234,0.30,13.60
2008.03.12 14:50:00.676,1.0232,1.0234,0.30,13.60
2008.03.12 14:50:00.934,1.0232,1.0234,0.30,13.60
2008.03.12 14:50:01.192,1.0232,1.0234,0.30,13.60
2008.03.12 14:50:01.451,1.0232,1.0234,0.30,13.60
2008.03.12 14:50:01.748,1.0232,1.0234,0.30,13.60
2008.03.12 14:50:02.033,1.0232,1.0234,0.30,13.60
2008.03.12 14:50:02.317,1.0232,1.0234,0.30,13.60
2008.03.12 14:50:02.600,1.0232,1.0234,0.30,13.60
2008.03.12 14:50:02.916,1.0232,1.0234,0.30,13.60
2008.03.12 14:50:03.230,1.0232,1.0234,0.30,13.60
2008.03.12 14:50:03.544,1.0232,1.0234,0.30,13.60
2008.03.12 14:50:03.793,1.0232,1.0234,0.30,13.60
2008.03.12 14:50:04.042,1.0232,1.0234,0.30,13.60
2008.03.12 14:50:04.294,1.0232,1.0234,0.30,13.60
2008.03.12 14:50:04.543,1.0232,1.0234,0.30,13.60
2008.03.12 14:50:04.861,1.0232,1.0234,0.30,13.60
2008.03.12 14:50:05.182,1.0232,1.0234,0.30,13.60
2008.03.12 14:50:05.500,1.0232,1.0234,0.30,13.60
2008.03.12 14:50:05.820,1.0232,1.0234,0.30,13.60
2008.03.12 14:50:06.084,1.0232,1.0234,1.00,8.80
2008.03.12 14:50:06.350,1.0232,1.0234,10.60,8.80
2008.03.12 14:50:06.615,1.02325,1.0234,4.20,8.80
2008.03.12 14:50:06.890,1.02325,1.0234,4.20,8.80
2008.03.12 14:50:07.165,1.02325,1.0234,4.20,8.80
2008.03.12 14:50:07.438,1.02325,1.0234,4.20,8.80
2008.03.12 14:50:07.713,1.02325,1.0234,4.20,8.80
2008.03.12 14:50:08.035,1.02325,1.0234,4.20,8.80
2008.03.12 14:50:08.348,1.02325,1.0234,4.20,8.80
2008.03.12 14:50:08.661,1.02325,1.0234,4.20,8.80
2008.03.12 14:50:08.895,1.02325,1.0234,4.20,8.80
2008.03.12 14:50:09.129,1.02325,1.0234,4.20,8.80
2008.03.12 14:50:09.364,1.02325,1.0234,4.20,6.40
2008.03.12 14:50:09.603,1.02335,1.0235,4.20,8.80
2008.03.12 14:50:09.838,1.02335,1.0235,4.00,8.80
2008.03.12 14:50:10.172,1.02335,1.0235,4.20,8.80
2008.03.12 14:50:10.506,1.02335,1.0235,4.20,8.80
2008.03.12 14:50:10.852,1.02335,1.0235,4.20,8.80
2008.03.12 14:50:11.094,1.02335,1.0235,4.20,8.80
2008.03.12 14:50:11.339,1.02335,1.0235,4.20,8.80
2008.03.12 14:50:11.583,1.02335,1.0235,4.20,8.80
2008.03.12 14:50:11.828,1.02335,1.0235,4.20,8.80
2008.03.12 14:50:12.137,1.02335,1.0235,4.20,8.80
2008.03.12 14:50:12.447,1.02335,1.0235,4.20,8.80
2008.03.12 14:50:12.757,1.02335,1.0235,4.20,8.80
2008.03.12 14:50:13.021,1.02335,1.0235,4.20,8.80
2008.03.12 14:50:13.294,1.02335,1.0235,4.20,6.40
2008.03.12 14:50:13.573,1.02345,1.0236,0.30,5.20
2008.03.12 14:50:13.837,1.02345,1.0236,4.00,8.80
2008.03.12 14:50:14.151,1.02345,1.0236,4.00,13.60
2008.03.12 14:50:14.478,1.02345,1.0236,4.00,13.60
2008.03.12 14:50:14.808,1.02345,1.0236,4.20,11.20
2008.03.12 14:50:15.065,1.02345,1.0236,4.20,8.80
2008.03.12 14:50:15.318,1.0234,1.0236,1.00,8.80
2008.03.12 14:50:15.553,1.0234,1.0236,0.30,11.60
2008.03.12 14:50:15.797,1.0234,1.0236,0.30,11.60
2008.03.12 14:50:16.115,1.0234,1.0236,0.30,18.00
2008.03.12 14:50:16.434,1.0234,1.0236,0.30,14.00
2008.03.12 14:50:16.755,1.0234,1.0236,0.30,8.80
2008.03.12 14:50:17.027,1.0234,1.0236,0.30,8.80
2008.03.12 14:50:17.297,1.0234,1.0236,0.30,8.80
2008.03.12 14:50:17.547,1.0234,1.0236,0.30,8.80
2008.03.12 14:50:17.806,1.0234,1.0236,0.30,8.80
2008.03.12 14:50:18.100,1.0234,1.0236,0.30,8.80
2008.03.12 14:50:18.395,1.0234,1.0236,0.30,8.80
2008.03.12 14:50:18.691,1.02345,1.0236,0.30,8.80
2008.03.12 14:50:18.991,1.02345,1.0236,0.30,6.40
2008.03.12 14:50:19.300,1.02345,1.0236,4.20,6.40
2008.03.12 14:50:19.605,1.0235,1.0237,0.30,14.00
2008.03.12 14:50:19.887,1.0235,1.0237,0.30,14.00
2008.03.12 14:50:20.141,1.0235,1.0237,0.30,13.60
2008.03.12 14:50:20.395,1.0235,1.0237,0.30,13.60
2008.03.12 14:50:20.650,1.0235,1.0237,0.30,13.60
2008.03.12 14:50:20.913,1.0235,1.0237,0.30,14.00
2008.03.12 14:50:21.202,1.0235,1.0237,0.30,14.00
2008.03.12 14:50:21.491,1.0235,1.0237,0.30,14.00
2008.03.12 14:50:21.779,1.0235,1.0237,0.30,13.60
2008.03.12 14:50:22.070,1.02355,1.0237,0.30,8.80
2008.03.12 14:50:22.365,1.02355,1.0237,0.30,6.40
2008.03.12 14:50:22.660,1.02355,1.0237,4.20,6.40
2008.03.12 14:50:22.954,1.02355,1.0237,4.00,8.80
2008.03.12 14:50:23.245,1.0235,1.0237,1.00,13.60
2008.03.12 14:50:23.531,1.0235,1.0237,0.30,13.60
2008.03.12 14:50:23.815,1.0236,1.0237,0.30,2.40
2008.03.12 14:50:24.100,1.0236,1.0238,0.30,13.60
2008.03.12 14:50:24.381,1.02355,1.0238,4.20,13.60
2008.03.12 14:50:24.660,1.0236,1.0238,0.30,13.60
2008.03.12 14:50:24.951,1.0236,1.0238,1.80,13.60
2008.03.12 14:50:25.194,1.02365,1.0238,0.30,13.60
2008.03.12 14:50:25.438,1.0236,1.0238,1.80,13.60
2008.03.12 14:50:25.682,1.0236,1.0238,1.00,13.60
2008.03.12 14:50:25.928,1.0236,1.0238,0.30,13.60
2008.03.12 14:50:26.172,1.0236,1.0238,0.30,13.60
2008.03.12 14:50:26.508,1.02365,1.0239,0.30,13.50
2008.03.12 14:50:26.852,1.02365,1.0239,0.30,12.80
2008.03.12 14:50:27.195,1.0237,1.0239,0.30,12.80
2008.03.12 14:50:27.452,1.0237,1.0239,0.30,11.20
2008.03.12 14:50:27.682,1.0237,1.0239,0.30,11.20
2008.03.12 14:50:27.926,1.0237,1.0239,0.60,8.80
2008.03.12 14:50:28.170,1.02375,1.0239,1.00,6.40
2008.03.12 14:50:28.504,1.02375,1.0239,1.00,4.00
2008.03.12 14:50:28.838,1.0238,1.0239,0.30,4.00
2008.03.12 14:50:29.172,1.0238,1.024,0.30,13.70
2008.03.12 14:50:29.411,1.0238,1.024,0.30,13.70
2008.03.12 14:50:29.649,1.0238,1.024,0.30,13.60
2008.03.12 14:50:29.889,1.0238,1.024,0.30,13.60
2008.03.12 14:50:30.127,1.0238,1.024,0.30,13.60
2008.03.12 14:50:30.456,1.0238,1.024,0.30,13.60
2008.03.12 14:50:30.785,1.0238,1.024,0.30,13.60
2008.03.12 14:50:31.114,1.0238,1.024,0.30,13.60
2008.03.12 14:50:31.353,1.0238,1.024,0.30,13.60
2008.03.12 14:50:31.591,1.0238,1.024,0.30,13.60
2008.03.12 14:50:31.830,1.0238,1.024,0.30,13.60
2008.03.12 14:50:32.068,1.0238,1.024,0.30,13.60
2008.03.12 14:50:32.382,1.0238,1.024,0.30,13.60
2008.03.12 14:50:32.696,1.0238,1.024,0.30,13.60
2008.03.12 14:50:33.009,1.0238,1.024,0.30,13.60
2008.03.12 14:50:33.323,1.0238,1.024,0.30,13.60
2008.03.12 14:50:33.612,1.0238,1.024,0.30,14.40
2008.03.12 14:50:33.900,1.0238,1.024,0.30,17.60
2008.03.12 14:50:34.190,1.0238,1.024,0.30,18.40
2008.03.12 14:50:34.475,1.0238,1.0239,0.30,4.00
2008.03.12 14:50:34.760,1.0238,1.024,0.30,13.60
2008.03.12 14:50:35.044,1.0238,1.024,0.30,13.60
2008.03.12 14:50:35.306,1.0238,1.024,0.30,13.60
2008.03.12 14:50:35.574,1.0238,1.024,0.30,13.60
2008.03.12 14:50:35.827,1.0238,1.024,0.30,13.60
2008.03.12 14:50:36.081,1.0238,1.024,0.30,8.80
2008.03.12 14:50:36.381,1.02385,1.024,4.20,8.80
2008.03.12 14:50:36.679,1.02385,1.024,4.20,11.20
2008.03.12 14:50:36.980,1.02385,1.024,4.20,13.60
2008.03.12 14:50:37.279,1.02385,1.024,4.20,11.20
2008.03.12 14:50:37.585,1.02385,1.024,4.20,6.40
2008.03.12 14:50:37.889,1.02385,1.024,4.20,6.40
2008.03.12 14:50:38.191,1.02385,1.024,4.20,6.40
2008.03.12 14:50:38.447,1.02385,1.024,4.20,8.80
2008.03.12 14:50:38.701,1.02385,1.024,4.20,11.20
2008.03.12 14:50:38.956,1.02385,1.024,4.20,11.20
2008.03.12 14:50:39.210,1.02385,1.024,4.20,11.20
2008.03.12 14:50:39.519,1.02385,1.024,4.20,11.20
2008.03.12 14:50:39.829,1.02385,1.024,4.20,11.20
2008.03.12 14:50:40.137,1.02385,1.024,4.00,11.20
2008.03.12 14:50:40.446,1.02385,1.024,4.00,6.40
2008.03.12 14:50:40.748,1.02385,1.024,4.20,8.80
2008.03.12 14:50:41.045,1.02385,1.024,4.20,8.80
2008.03.12 14:50:41.344,1.02385,1.024,4.20,6.40
2008.03.12 14:50:41.572,1.02385,1.024,4.20,6.40
2008.03.12 14:50:41.802,1.02385,1.024,4.20,6.40
2008.03.12 14:50:42.030,1.02385,1.024,4.20,6.40
2008.03.12 14:50:42.258,1.02385,1.024,4.20,6.40
2008.03.12 14:50:42.488,1.02385,1.024,4.20,6.40
2008.03.12 14:50:42.822,1.02385,1.024,4.20,8.80
2008.03.12 14:50:43.156,1.02385,1.024,4.20,8.80
2008.03.12 14:50:43.490,1.02385,1.024,4.20,8.80
2008.03.12 14:50:43.699,1.02385,1.024,4.20,8.80
2008.03.12 14:50:43.909,1.02385,1.024,4.20,8.80
2008.03.12 14:50:44.129,1.02385,1.024,4.20,8.80
2008.03.12 14:50:44.338,1.02385,1.024,4.20,6.40
2008.03.12 14:50:44.547,1.02385,1.024,4.20,6.40
2008.03.12 14:50:44.881,1.02385,1.024,4.20,6.40
2008.03.12 14:50:45.215,1.02385,1.024,4.20,6.40
2008.03.12 14:50:45.548,1.02385,1.024,4.20,6.40
2008.03.12 14:50:45.771,1.02385,1.024,4.20,6.40
2008.03.12 14:50:45.995,1.02385,1.024,4.20,6.40
2008.03.12 14:50:46.219,1.02385,1.024,4.20,6.40
2008.03.12 14:50:46.453,1.02385,1.024,4.20,6.40
2008.03.12 14:50:46.675,1.02385,1.024,4.00,6.40
2008.03.12 14:50:47.013,1.0238,1.024,0.30,8.80
2008.03.12 14:50:47.347,1.0238,1.024,0.30,8.80
2008.03.12 14:50:47.681,1.0238,1.024,0.30,8.80
2008.03.12 14:50:47.915,1.0238,1.024,0.30,8.80
2008.03.12 14:50:48.153,1.0238,1.024,0.30,8.80
2008.03.12 14:50:48.398,1.0238,1.024,0.30,8.80
2008.03.12 14:50:48.620,1.0238,1.024,0.30,8.80
2008.03.12 14:50:48.855,1.0238,1.024,0.30,8.80
2008.03.12 14:50:49.189,1.02385,1.024,0.30,8.80
2008.03.12 14:50:49.526,1.02385,1.024,4.20,8.80
2008.03.12 14:50:49.860,1.02385,1.024,0.30,8.80
2008.03.12 14:50:50.099,1.02385,1.024,0.30,8.80
2008.03.12 14:50:50.339,1.0238,1.024,0.30,8.80
2008.03.12 14:50:50.578,1.0238,1.024,0.30,8.80
2008.03.12 14:50:50.818,1.0238,1.024,0.30,8.80
2008.03.12 14:50:51.154,1.0238,1.024,0.30,8.80
2008.03.12 14:50:51.495,1.0238,1.024,0.30,8.80
2008.03.12 14:50:51.812,1.0238,1.024,0.30,8.80
2008.03.12 14:50:52.037,1.0238,1.024,0.30,8.80
2008.03.12 14:50:52.260,1.0238,1.024,0.30,8.80
2008.03.12 14:50:52.484,1.0238,1.024,0.30,8.80
2008.03.12 14:50:52.707,1.0238,1.024,0.30,8.80
2008.03.12 14:50:52.938,1.0238,1.024,0.30,8.80
2008.03.12 14:50:53.271,1.0238,1.024,0.30,8.80
2008.03.12 14:50:53.606,1.0238,1.024,0.30,8.80
2008.03.12 14:50:53.938,1.0238,1.024,0.30,8.80
2008.03.12 14:50:54.184,1.0238,1.024,0.30,8.80
2008.03.12 14:50:54.428,1.0238,1.024,0.30,8.80
2008.03.12 14:50:54.673,1.0238,1.024,0.30,8.80
2008.03.12 14:50:54.917,1.0238,1.024,0.30,8.80
2008.03.12 14:50:55.231,1.0238,1.024,0.30,9.20
2008.03.12 14:50:55.545,1.0238,1.024,0.30,9.20
2008.03.12 14:50:55.859,1.02385,1.024,4.00,9.20
2008.03.12 14:50:56.173,1.0238,1.024,0.30,11.60
2008.03.12 14:50:56.442,1.0238,1.0239,0.30,2.40
2008.03.12 14:50:56.711,1.0238,1.0239,0.30,2.40
2008.03.12 14:50:56.980,1.02375,1.0239,0.30,8.80
2008.03.12 14:50:57.262,1.0237,1.0239,0.30,8.80
2008.03.12 14:50:57.540,1.0237,1.0239,0.30,8.80
2008.03.12 14:50:57.819,1.02375,1.0239,0.30,9.20
2008.03.12 14:50:58.099,1.02365,1.0239,6.60,13.40
2008.03.12 14:50:58.428,1.02365,1.0239,6.60,15.00
2008.03.12 14:50:58.757,1.02365,1.0238,6.60,4.00
2008.03.12 14:50:59.087,1.0237,1.0239,0.30,9.30
2008.03.12 14:50:59.329,1.0237,1.0239,0.30,9.30
2008.03.12 14:50:59.558,1.02365,1.0239,0.30,14.20
2008.03.12 14:50:59.788,1.02365,1.0239,0.30,17.00
2008.03.12 14:51:00.016,1.02365,1.0239,0.30,17.00
2008.03.12 14:51:00.244,1.02365,1.0239,0.30,17.00
2008.03.12 14:51:00.577,1.02365,1.0239,0.30,17.00
2008.03.12 14:51:00.913,1.02365,1.0239,0.30,15.40
2008.03.12 14:51:01.246,1.02365,1.0239,0.30,15.40
2008.03.12 14:51:01.489,1.02365,1.0239,0.30,15.40
2008.03.12 14:51:01.728,1.02365,1.0239,0.30,15.50
2008.03.12 14:51:01.966,1.02365,1.0239,0.30,15.50
2008.03.12 14:51:02.206,1.02365,1.0239,0.30,16.30
2008.03.12 14:51:02.527,1.02365,1.0239,0.30,18.50
2008.03.12 14:51:02.844,1.02365,1.0239,0.30,16.90
2008.03.12 14:51:03.164,1.02365,1.0239,10.60,11.50
2008.03.12 14:51:03.429,1.0237,1.0239,2.40,8.80
2008.03.12 14:51:03.694,1.02375,1.024,4.20,16.30
2008.03.12 14:51:03.957,1.02375,1.024,6.60,13.10
2008.03.12 14:51:04.225,1.02375,1.024,6.60,9.40
2008.03.12 14:51:04.510,1.02375,1.024,10.60,8.80
2008.03.12 14:51:04.794,1.02385,1.024,0.30,4.00
2008.03.12 14:51:05.078,1.02385,1.0241,0.30,20.60
2008.03.12 14:51:05.363,1.02385,1.0241,0.30,17.40
2008.03.12 14:51:05.646,1.02385,1.0241,0.30,17.40
2008.03.12 14:51:05.930,1.02385,1.0241,0.30,17.40
2008.03.12 14:51:06.214,1.02385,1.0241,0.30,17.10
2008.03.12 14:51:06.498,1.02385,1.024,0.30,3.20
2008.03.12 14:51:06.792,1.02385,1.024,0.30,3.20
2008.03.12 14:51:07.086,1.02385,1.024,0.30,3.20
2008.03.12 14:51:07.380,1.02385,1.02405,0.30,3.20
2008.03.12 14:51:07.634,1.02385,1.02405,0.30,3.20
2008.03.12 14:51:07.889,1.02385,1.02405,0.30,3.20
2008.03.12 14:51:08.142,1.02385,1.02405,0.30,3.20
2008.03.12 14:51:08.396,1.02385,1.0241,0.30,17.00
2008.03.12 14:51:08.695,1.02385,1.0241,0.30,17.00
2008.03.12 14:51:08.994,1.02385,1.024,0.30,2.40
2008.03.12 14:51:09.293,1.0238,1.024,0.30,4.80
2008.03.12 14:51:09.605,1.0238,1.024,2.60,2.40
2008.03.12 14:51:09.893,1.02385,1.024,0.30,8.80
2008.03.12 14:51:10.191,1.0238,1.024,0.30,8.80
2008.03.12 14:51:10.490,1.0238,1.024,0.30,8.80
2008.03.12 14:51:10.719,1.0238,1.024,0.30,8.80
2008.03.12 14:51:10.948,1.0238,1.024,0.30,8.80
2008.03.12 14:51:11.176,1.0238,1.024,0.30,8.80
2008.03.12 14:51:11.405,1.0238,1.024,0.30,8.80
2008.03.12 14:51:11.634,1.0238,1.024,2.60,6.40
2008.03.12 14:51:11.963,1.02385,1.024,0.30,8.80
2008.03.12 14:51:12.293,1.0238,1.024,0.30,8.80
2008.03.12 14:51:12.621,1.0238,1.024,0.30,8.80
2008.03.12 14:51:12.885,1.0238,1.024,0.30,8.80
2008.03.12 14:51:13.150,1.0238,1.024,0.30,8.80
2008.03.12 14:51:13.414,1.0238,1.024,0.30,8.80
2008.03.12 14:51:13.678,1.0238,1.024,0.30,8.80
2008.03.12 14:51:13.968,1.0238,1.024,0.30,8.80
2008.03.12 14:51:14.257,1.0238,1.024,0.30,8.80
2008.03.12 14:51:14.546,1.0238,1.024,0.30,8.80
2008.03.12 14:51:14.840,1.0238,1.024,0.30,8.80
2008.03.12 14:51:15.134,1.0238,1.024,0.30,8.80
2008.03.12 14:51:15.429,1.0238,1.024,0.30,8.80
2008.03.12 14:51:15.723,1.0238,1.024,0.30,13.60
2008.03.12 14:51:15.971,1.0238,1.024,0.30,12.80
2008.03.12 14:51:16.220,1.02385,1.024,4.20,4.00
2008.03.12 14:51:16.478,1.02385,1.024,4.20,4.00
2008.03.12 14:51:16.727,1.02385,1.024,4.20,4.00
2008.03.12 14:51:17.051,1.02385,1.024,4.20,4.00
2008.03.12 14:51:17.374,1.02385,1.024,4.20,4.00
2008.03.12 14:51:17.699,1.02395,1.0241,0.30,11.20
2008.03.12 14:51:17.968,1.02395,1.0241,4.20,9.20
2008.03.12 14:51:18.248,1.02395,1.0241,4.20,8.80
2008.03.12 14:51:18.518,1.02395,1.0241,4.00,8.80
2008.03.12 14:51:18.787,1.0239,1.0241,0.30,9.20
2008.03.12 14:51:19.071,1.0239,1.0241,0.30,18.00
2008.03.12 14:51:19.356,1.0239,1.0241,0.30,9.20
2008.03.12 14:51:19.639,1.0239,1.0241,0.30,16.20
2008.03.12 14:51:19.939,1.0239,1.0241,0.30,21.20
2008.03.12 14:51:20.238,1.02385,1.0241,4.20,21.20
2008.03.12 14:51:20.536,1.02385,1.0241,4.20,21.20
2008.03.12 14:51:20.835,1.0239,1.0241,0.30,21.00
2008.03.12 14:51:21.079,1.0239,1.0241,0.30,21.00
2008.03.12 14:51:21.323,1.0239,1.0241,0.30,21.00
2008.03.12 14:51:21.568,1.0239,1.0241,0.30,21.00
2008.03.12 14:51:21.811,1.0239,1.0241,0.30,15.40
2008.03.12 14:51:22.106,1.0239,1.0241,0.30,14.00
2008.03.12 14:51:22.400,1.0239,1.0241,0.30,14.00
2008.03.12 14:51:22.694,1.0239,1.0241,0.30,13.60
2008.03.12 14:51:23.004,1.0239,1.0241,0.30,13.60
2008.03.12 14:51:23.312,1.02395,1.02415,0.30,0.80
2008.03.12 14:51:23.623,1.02395,1.02415,0.30,0.80
2008.03.12 14:51:23.931,1.02395,1.02415,0.30,0.80
2008.03.12 14:51:24.165,1.02395,1.02415,0.30,0.80
2008.03.12 14:51:24.398,1.02395,1.02415,0.30,0.80
2008.03.12 14:51:24.632,1.02395,1.02415,0.30,0.80
2008.03.12 14:51:24.876,1.02395,1.02415,0.30,0.80
2008.03.12 14:51:25.176,1.02395,1.02415,0.30,0.80
2008.03.12 14:51:25.474,1.02395,1.02415,0.30,0.80
2008.03.12 14:51:27.728,1.02395,1.02415,0.30,0.80
2008.03.12 14:51:27.812,1.0239,1.0241,2.60,10.40
2008.03.12 14:51:27.900,1.0239,1.0241,2.60,10.40
2008.03.12 14:51:27.982,1.0239,1.0241,2.60,10.40
2008.03.12 14:51:28.066,1.0239,1.0241,2.60,10.00
2008.03.12 14:51:28.150,1.0239,1.0241,2.60,10.00
2008.03.12 14:51:28.235,1.02395,1.0241,0.30,10.00
2008.03.12 14:51:28.329,1.02395,1.0241,4.20,7.60
2008.03.12 14:51:28.414,1.02395,1.0241,4.20,7.60
2008.03.12 14:51:28.500,1.02395,1.0241,4.20,7.60
2008.03.12 14:51:28.582,1.02395,1.0241,4.20,7.60
2008.03.12 14:51:28.666,1.02395,1.0241,4.20,6.60
2008.03.12 14:51:28.752,1.02395,1.0241,4.20,9.00
2008.03.12 14:51:29.086,1.02395,1.0241,4.20,11.40
2008.03.12 14:51:29.422,1.02395,1.0241,4.20,9.00
2008.03.12 14:51:29.765,1.02395,1.0241,4.20,9.00
2008.03.12 14:51:30.012,1.02395,1.0241,4.20,9.00
2008.03.12 14:51:30.232,1.02395,1.0241,4.20,9.00
2008.03.12 14:51:30.466,1.02395,1.0241,4.20,9.00
2008.03.12 14:51:30.701,1.02395,1.0241,4.20,9.00
2008.03.12 14:51:30.936,1.02395,1.0241,4.20,11.40
2008.03.12 14:51:31.280,1.02395,1.0241,4.20,11.40
2008.03.12 14:51:31.625,1.02395,1.0241,4.20,11.40
2008.03.12 14:51:31.948,1.02395,1.0241,4.00,11.40
2008.03.12 14:51:32.183,1.02385,1.0241,10.60,11.40
2008.03.12 14:51:32.417,1.02395,1.0241,0.30,11.40
2008.03.12 14:51:32.651,1.02395,1.0241,0.30,11.40
2008.03.12 14:51:32.899,1.02395,1.0241,4.20,11.40
2008.03.12 14:51:33.196,1.02395,1.0241,4.20,11.40
2008.03.12 14:51:33.505,1.02395,1.0241,4.20,11.40
2008.03.12 14:51:33.813,1.02395,1.0241,4.20,12.20
2008.03.12 14:51:34.122,1.0239,1.0241,0.30,16.90
2008.03.12 14:51:34.406,1.0239,1.0241,0.30,21.90
2008.03.12 14:51:34.690,1.02385,1.0241,5.00,22.70
2008.03.12 14:51:34.974,1.02385,1.0241,5.00,17.10
2008.03.12 14:51:35.212,1.0239,1.0241,0.30,17.40
2008.03.12 14:51:35.446,1.0239,1.0241,0.30,17.40
2008.03.12 14:51:35.679,1.0239,1.0241,0.30,17.40
2008.03.12 14:51:35.911,1.0239,1.0241,0.30,17.40
2008.03.12 14:51:36.147,1.0239,1.0241,0.30,17.40
2008.03.12 14:51:36.492,1.0239,1.0241,0.30,17.40
2008.03.12 14:51:36.838,1.02395,1.0241,4.20,12.30
2008.03.12 14:51:37.161,1.02395,1.0241,4.20,9.90
2008.03.12 14:51:37.410,1.02395,1.0241,4.20,6.40
2008.03.12 14:51:37.658,1.02395,1.0241,4.20,6.40
2008.03.12 14:51:37.909,1.024,1.0241,0.30,6.40
2008.03.12 14:51:38.157,1.02395,1.0242,4.20,18.90
2008.03.12 14:51:38.492,1.02395,1.0242,4.20,18.90
2008.03.12 14:51:38.826,1.02395,1.0242,4.20,15.70
2008.03.12 14:51:39.160,1.02395,1.0242,4.20,15.70
2008.03.12 14:51:39.404,1.02395,1.0242,4.20,15.70
2008.03.12 14:51:39.648,1.02395,1.0242,4.20,15.70
2008.03.12 14:51:39.892,1.02395,1.0241,4.20,2.40
2008.03.12 14:51:40.146,1.02395,1.0242,4.20,15.60
2008.03.12 14:51:40.449,1.02395,1.0242,4.20,15.60
2008.03.12 14:51:40.752,1.02395,1.0241,4.20,2.40
2008.03.12 14:51:41.056,1.02395,1.0242,4.20,15.60
2008.03.12 14:51:41.295,1.02395,1.0242,4.20,15.60
2008.03.12 14:51:41.532,1.02395,1.0242,4.20,15.60
2008.03.12 14:51:41.770,1.02395,1.0241,4.20,2.40
2008.03.12 14:51:42.016,1.02395,1.0242,4.20,15.60
2008.03.12 14:51:42.334,1.02395,1.0242,4.20,15.60
2008.03.12 14:51:42.653,1.02395,1.0241,4.20,2.40
2008.03.12 14:51:42.974,1.02395,1.0241,4.20,2.40
2008.03.12 14:51:43.294,1.02395,1.0241,4.20,6.40
2008.03.12 14:51:43.555,1.02395,1.0241,4.20,6.40
2008.03.12 14:51:43.819,1.02395,1.0241,4.20,8.80
2008.03.12 14:51:44.083,1.02395,1.0241,4.20,9.10
2008.03.12 14:51:44.368,1.0239,1.0241,0.30,9.90
2008.03.12 14:51:44.652,1.0239,1.0241,0.30,14.80
2008.03.12 14:51:44.947,1.0239,1.024,0.30,2.40
2008.03.12 14:51:45.231,1.02385,1.024,4.20,6.40
2008.03.12 14:51:45.514,1.02385,1.024,4.20,9.20
2008.03.12 14:51:45.799,1.02385,1.024,4.20,8.80
2008.03.12 14:51:46.084,1.02385,1.024,4.20,8.80
2008.03.12 14:51:46.353,1.02385,1.024,4.20,6.40
2008.03.12 14:51:46.623,1.02385,1.024,4.20,6.40
2008.03.12 14:51:46.892,1.02385,1.024,4.20,6.40
2008.03.12 14:51:47.160,1.02385,1.024,4.20,4.00
2008.03.12 14:51:47.485,1.02385,1.024,4.20,6.40
2008.03.12 14:51:47.797,1.02385,1.024,4.20,6.40
2008.03.12 14:51:48.113,1.02385,1.024,4.20,6.40
2008.03.12 14:51:48.387,1.02385,1.024,4.20,6.40
2008.03.12 14:51:48.662,1.02385,1.024,4.20,4.00
2008.03.12 14:51:48.935,1.02385,1.024,4.20,6.40
2008.03.12 14:51:49.210,1.02385,1.024,4.20,4.00
2008.03.12 14:51:49.489,1.02385,1.024,4.20,6.80
2008.03.12 14:51:49.768,1.02385,1.024,4.20,6.40
2008.03.12 14:51:50.046,1.02385,1.024,4.20,6.40
2008.03.12 14:51:50.324,1.02385,1.024,4.20,6.40
2008.03.12 14:51:50.623,1.02385,1.024,4.20,8.80
2008.03.12 14:51:50.922,1.02385,1.024,4.20,6.40
2008.03.12 14:51:51.220,1.02385,1.024,4.20,6.40
2008.03.12 14:51:51.474,1.02385,1.024,4.20,6.40
2008.03.12 14:51:51.730,1.02385,1.024,4.20,6.40
2008.03.12 14:51:51.982,1.02385,1.024,4.20,8.80
2008.03.12 14:51:52.236,1.02385,1.024,4.20,8.80
2008.03.12 14:51:52.535,1.02385,1.024,4.20,8.80
2008.03.12 14:51:52.834,1.02385,1.024,4.20,8.80
2008.03.12 14:51:53.132,1.02385,1.024,4.20,8.80
2008.03.12 14:51:53.430,1.02385,1.024,4.20,8.80
2008.03.12 14:51:53.709,1.02385,1.024,4.20,8.80
2008.03.12 14:51:53.987,1.02385,1.024,4.20,8.80
2008.03.12 14:51:54.265,1.02385,1.024,4.20,6.40
2008.03.12 14:51:54.511,1.02385,1.024,4.20,6.40
2008.03.12 14:51:54.764,1.02385,1.024,4.20,8.80
2008.03.12 14:51:55.006,1.02385,1.024,4.20,8.80
2008.03.12 14:51:55.251,1.02385,1.024,4.20,8.80
2008.03.12 14:51:55.560,1.02385,1.024,4.20,8.80
2008.03.12 14:51:55.870,1.02385,1.024,4.20,8.80
2008.03.12 14:51:56.178,1.02385,1.024,4.20,8.80
2008.03.12 14:51:56.488,1.02385,1.024,4.20,8.80
2008.03.12 14:51:56.774,1.02385,1.024,4.20,8.80
2008.03.12 14:51:57.047,1.02385,1.024,4.20,8.80
2008.03.12 14:51:57.321,1.02385,1.024,4.20,8.80
2008.03.12 14:51:57.574,1.02385,1.024,4.20,8.80
2008.03.12 14:51:57.827,1.02385,1.024,4.20,8.80
2008.03.12 14:51:58.081,1.02385,1.024,4.20,8.80
2008.03.12 14:51:58.335,1.02385,1.024,4.20,8.80
2008.03.12 14:51:58.680,1.02385,1.024,4.00,9.20
2008.03.12 14:51:59.025,1.0238,1.024,0.30,9.20
2008.03.12 14:51:59.372,1.0238,1.024,0.30,9.20
2008.03.12 14:51:59.620,1.0238,1.024,0.30,9.20
2008.03.12 14:51:59.850,1.0238,1.024,0.30,23.20
2008.03.12 14:52:00.088,1.0238,1.024,0.30,23.20
2008.03.12 14:52:00.330,1.02375,1.0239,4.20,6.40
2008.03.12 14:52:00.649,1.02375,1.0239,4.20,6.40
2008.03.12 14:52:00.967,1.02375,1.0239,4.20,6.40
2008.03.12 14:52:01.294,1.02375,1.0239,4.20,6.40
2008.03.12 14:52:01.626,1.02375,1.024,6.60,14.40
2008.03.12 14:52:01.907,1.02375,1.024,6.60,14.50
2008.03.12 14:52:04.069,1.02375,1.024,4.20,14.50
2008.03.12 14:52:04.370,1.02375,1.024,8.20,21.10
2008.03.12 14:52:04.460,1.02375,1.024,10.60,16.90
2008.03.12 14:52:04.562,1.02375,1.024,10.60,14.50
2008.03.12 14:52:04.652,1.02375,1.024,10.60,13.80
2008.03.12 14:52:04.742,1.02375,1.024,14.60,12.20
2008.03.12 14:52:04.833,1.02375,1.024,14.60,12.20
2008.03.12 14:52:04.919,1.02375,1.024,14.60,12.20
2008.03.12 14:52:05.006,1.02375,1.024,14.60,12.20
2008.03.12 14:52:05.105,1.0238,1.024,0.30,12.20
2008.03.12 14:52:05.438,1.0238,1.024,0.30,12.20
2008.03.12 14:52:05.771,1.0238,1.024,0.30,12.20
2008.03.12 14:52:06.104,1.0238,1.024,0.30,12.20
2008.03.12 14:52:06.347,1.0238,1.024,0.30,12.20
2008.03.12 14:52:06.591,1.0238,1.024,0.30,12.20
2008.03.12 14:52:06.834,1.0238,1.024,0.30,12.20
2008.03.12 14:52:07.078,1.0238,1.024,0.30,12.10
2008.03.12 14:52:07.322,1.0238,1.024,0.30,12.10
2008.03.12 14:52:07.641,1.0238,1.024,0.30,12.10
2008.03.12 14:52:07.960,1.0238,1.024,0.30,12.10
2008.03.12 14:52:08.279,1.0238,1.024,0.30,9.30
2008.03.12 14:52:08.553,1.0238,1.024,0.30,9.20
2008.03.12 14:52:08.827,1.0238,1.024,0.30,9.20
2008.03.12 14:52:09.101,1.0238,1.024,0.30,9.20
2008.03.12 14:52:09.375,1.0238,1.024,0.30,9.20
2008.03.12 14:52:09.634,1.0238,1.024,0.30,9.20
2008.03.12 14:52:09.894,1.0238,1.024,0.30,9.20
2008.03.12 14:52:10.153,1.0238,1.024,0.30,9.20
2008.03.12 14:52:10.428,1.0238,1.024,0.30,9.20
2008.03.12 14:52:10.701,1.0238,1.024,0.30,9.20
2008.03.12 14:52:10.976,1.0238,1.024,0.30,9.20
2008.03.12 14:52:11.249,1.0238,1.024,0.30,9.20
2008.03.12 14:52:11.528,1.02375,1.024,6.60,9.60
2008.03.12 14:52:11.808,1.02375,1.024,6.60,11.70
2008.03.12 14:52:12.088,1.02375,1.0239,4.20,2.40
2008.03.12 14:52:12.367,1.02375,1.0239,4.20,2.40
2008.03.12 14:52:12.661,1.02375,1.0239,4.20,6.40
2008.03.12 14:52:12.953,1.02375,1.0239,4.20,6.40
2008.03.12 14:52:13.247,1.02375,1.0239,4.20,6.40
2008.03.12 14:52:13.540,1.02375,1.0239,4.20,6.40
2008.03.12 14:52:13.798,1.02375,1.0239,4.20,6.40
2008.03.12 14:52:14.066,1.02375,1.0239,4.20,6.40
2008.03.12 14:52:14.315,1.02375,1.0239,4.20,6.40
2008.03.12 14:52:14.598,1.02375,1.0239,4.20,6.40
2008.03.12 14:52:14.883,1.02375,1.0239,4.20,6.40
2008.03.12 14:52:15.167,1.02375,1.0239,4.20,6.40
2008.03.12 14:52:15.451,1.02375,1.0239,4.20,6.40
2008.03.12 14:52:15.730,1.02375,1.0239,4.20,6.40
2008.03.12 14:52:16.008,1.02375,1.0239,4.20,6.40
2008.03.12 14:52:16.289,1.02375,1.0239,4.20,6.40
2008.03.12 14:52:16.567,1.02375,1.0239,4.20,6.40
2008.03.12 14:52:16.847,1.0237,1.0239,0.30,8.80
2008.03.12 14:52:17.126,1.0237,1.0239,2.60,6.40
2008.03.12 14:52:17.406,1.0237,1.0239,0.30,8.80
2008.03.12 14:52:17.680,1.02375,1.0239,4.20,6.40
2008.03.12 14:52:17.942,1.02375,1.0239,4.20,4.40
2008.03.12 14:52:18.207,1.02375,1.0239,4.20,4.40
2008.03.12 14:52:18.470,1.02375,1.0239,4.20,4.40
2008.03.12 14:52:18.805,1.02375,1.0239,4.20,6.80
2008.03.12 14:52:19.139,1.02375,1.0239,4.00,6.80
2008.03.12 14:52:19.472,1.02375,1.0239,4.00,9.20
2008.03.12 14:52:19.701,1.02375,1.0239,4.00,6.80
2008.03.12 14:52:19.930,1.02375,1.0239,4.00,6.80
2008.03.12 14:52:20.159,1.02375,1.0239,4.00,6.80
2008.03.12 14:52:20.388,1.02375,1.0239,4.20,6.80
2008.03.12 14:52:20.616,1.02375,1.0239,4.20,6.80
2008.03.12 14:52:20.950,1.02375,1.0239,4.20,6.80
2008.03.12 14:52:21.284,1.02375,1.0239,5.00,6.40
2008.03.12 14:52:21.618,1.02375,1.0239,5.00,6.40
2008.03.12 14:52:21.863,1.0238,1.024,0.30,18.40
2008.03.12 14:52:22.106,1.0238,1.024,0.30,16.80
2008.03.12 14:52:22.349,1.0238,1.024,0.30,18.40
2008.03.12 14:52:22.594,1.0238,1.02395,0.30,0.80
2008.03.12 14:52:22.927,1.0238,1.02395,0.30,0.80
2008.03.12 14:52:23.262,1.0238,1.024,0.30,15.20
2008.03.12 14:52:23.595,1.0238,1.024,0.30,16.80
2008.03.12 14:52:23.839,1.0238,1.024,0.30,11.20
2008.03.12 14:52:24.082,1.02385,1.024,0.30,11.20
2008.03.12 14:52:24.327,1.02385,1.024,0.30,8.80
2008.03.12 14:52:24.570,1.02385,1.024,4.20,8.80
2008.03.12 14:52:24.864,1.02385,1.024,5.00,6.40
2008.03.12 14:52:25.159,1.02385,1.024,5.00,6.40
2008.03.12 14:52:25.453,1.02385,1.0239,4.80,0.50
2008.03.12 14:52:25.747,1.02375,1.0239,9.60,2.80
2008.03.12 14:52:26.027,1.02375,1.0239,3.20,9.20
2008.03.12 14:52:26.305,1.02365,1.0239,9.80,9.20
2008.03.12 14:52:26.584,1.02365,1.0239,6.60,9.20
2008.03.12 14:52:26.864,1.02365,1.0239,6.60,9.20
2008.03.12 14:52:27.133,1.0237,1.0239,0.30,9.20
2008.03.12 14:52:27.401,1.0237,1.0239,0.30,9.20
2008.03.12 14:52:27.671,1.0237,1.0239,0.30,9.20
2008.03.12 14:52:27.989,1.0237,1.0239,0.30,9.20
2008.03.12 14:52:28.308,1.0237,1.0239,0.30,9.20
2008.03.12 14:52:28.626,1.0237,1.0239,0.30,9.20
2008.03.12 14:52:28.944,1.0237,1.0239,0.30,9.20
2008.03.12 14:52:29.197,1.0237,1.0239,0.30,9.20
2008.03.12 14:52:29.459,1.0237,1.0239,0.30,9.20
2008.03.12 14:52:29.714,1.0237,1.0239,0.30,9.20
2008.03.12 14:52:30.019,1.0237,1.0238,0.30,0.50
2008.03.12 14:52:30.324,1.02365,1.0238,4.20,2.80
2008.03.12 14:52:30.628,1.02365,1.0238,4.00,6.80
2008.03.12 14:52:30.932,1.0236,1.0237,0.30,4.00
2008.03.12 14:52:31.212,1.0236,1.0237,0.30,4.00
2008.03.12 14:52:31.491,1.0236,1.0238,0.30,9.30
2008.03.12 14:52:31.771,1.0236,1.0238,2.60,6.80
2008.03.12 14:52:32.041,1.02365,1.0238,4.00,6.80
2008.03.12 14:52:32.309,1.02365,1.0238,4.20,6.80
2008.03.12 14:52:32.578,1.02365,1.0238,4.20,6.80
2008.03.12 14:52:32.847,1.02365,1.0238,4.20,6.80
2008.03.12 14:52:33.182,1.02365,1.0238,4.20,9.20
2008.03.12 14:52:33.517,1.02365,1.0238,4.20,9.20
2008.03.12 14:52:33.851,1.02365,1.0238,4.20,9.20
2008.03.12 14:52:34.076,1.02365,1.0238,4.20,9.20
2008.03.12 14:52:34.302,1.02365,1.0238,4.20,6.80
2008.03.12 14:52:34.542,1.02365,1.0238,4.20,6.80
2008.03.12 14:52:34.765,1.02365,1.0238,4.20,6.80
2008.03.12 14:52:34.990,1.02365,1.0238,4.20,6.80
2008.03.12 14:52:35.324,1.02365,1.0238,4.20,6.80
2008.03.12 14:52:35.659,1.02365,1.0238,4.20,6.80
2008.03.12 14:52:35.994,1.02365,1.0238,4.20,6.80
2008.03.12 14:52:36.221,1.02365,1.0238,4.20,6.80
2008.03.12 14:52:36.451,1.02365,1.0238,4.20,6.80
2008.03.12 14:52:36.680,1.02365,1.0238,4.20,6.80
2008.03.12 14:52:36.910,1.02365,1.0238,4.20,6.80
2008.03.12 14:52:37.204,1.02365,1.0238,4.20,6.80
2008.03.12 14:52:37.498,1.02365,1.0238,4.20,6.80
2008.03.12 14:52:37.792,1.02365,1.0238,4.20,9.20
2008.03.12 14:52:38.089,1.02365,1.0238,4.20,9.20
2008.03.12 14:52:38.408,1.02365,1.0238,4.20,9.20
2008.03.12 14:52:38.705,1.02365,1.0238,4.20,9.20
2008.03.12 14:52:39.015,1.02365,1.0238,4.20,9.20
2008.03.12 14:52:39.259,1.02365,1.0238,4.00,9.20
2008.03.12 14:52:39.504,1.02365,1.0238,4.00,9.20
2008.03.12 14:52:39.749,1.02365,1.0238,4.20,9.20
2008.03.12 14:52:39.993,1.02365,1.0238,4.20,9.20
2008.03.12 14:52:40.286,1.02365,1.0238,4.20,9.20
2008.03.12 14:52:40.581,1.02365,1.0238,4.20,9.20
2008.03.12 14:52:40.873,1.02365,1.0238,4.20,9.20
2008.03.12 14:52:41.167,1.02365,1.0238,4.20,9.20
2008.03.12 14:52:41.444,1.02365,1.0238,4.20,9.20
2008.03.12 14:52:41.712,1.02365,1.0238,4.20,9.20
2008.03.12 14:52:41.981,1.02365,1.0238,4.20,9.20
2008.03.12 14:52:42.226,1.02365,1.0238,4.20,9.20
2008.03.12 14:52:42.469,1.02365,1.0238,4.20,9.20
2008.03.12 14:52:42.714,1.02365,1.0238,4.20,6.40
2008.03.12 14:52:42.958,1.0237,1.0238,0.30,6.40
2008.03.12 14:52:43.202,1.0237,1.0239,0.30,18.10
2008.03.12 14:52:43.535,1.0237,1.0239,0.30,14.10
2008.03.12 14:52:43.869,1.0237,1.0239,0.30,14.10
2008.03.12 14:52:44.202,1.0237,1.0239,0.30,14.10
2008.03.12 14:52:44.416,1.0237,1.0239,0.30,14.10
2008.03.12 14:52:44.629,1.0237,1.0239,0.30,14.10
2008.03.12 14:52:44.844,1.0237,1.0239,0.30,14.10
2008.03.12 14:52:45.057,1.0237,1.0239,0.30,14.10
2008.03.12 14:52:45.365,1.0237,1.0239,0.30,14.10
2008.03.12 14:52:45.675,1.0237,1.0239,2.60,6.90
2008.03.12 14:52:45.987,1.0237,1.0239,2.60,6.90
2008.03.12 14:52:46.306,1.02375,1.0239,4.20,9.30
2008.03.12 14:52:46.593,1.02375,1.0239,4.20,9.30
2008.03.12 14:52:46.854,1.02375,1.0239,4.20,9.30
2008.03.12 14:52:47.128,1.02375,1.0239,4.20,9.30
2008.03.12 14:52:47.363,1.02375,1.0239,4.20,9.30
2008.03.12 14:52:47.611,1.02375,1.0239,4.20,9.30
2008.03.12 14:52:47.858,1.02375,1.0239,4.20,9.30
2008.03.12 14:52:48.080,1.02375,1.0239,4.00,9.30
2008.03.12 14:52:48.313,1.02375,1.0239,4.00,9.20
2008.03.12 14:52:48.647,1.02375,1.0239,4.00,9.20
2008.03.12 14:52:48.991,1.02375,1.0239,4.00,9.30
2008.03.12 14:52:49.325,1.02375,1.0239,4.00,9.30
2008.03.12 14:52:49.550,1.02375,1.0239,4.00,9.40
2008.03.12 14:52:49.774,1.02375,1.0239,4.00,9.40
2008.03.12 14:52:50.008,1.02375,1.0239,4.00,9.40
2008.03.12 14:52:50.220,1.02375,1.0239,4.00,11.80
2008.03.12 14:52:50.516,1.02375,1.0239,4.00,14.20
2008.03.12 14:52:50.809,1.02375,1.0239,4.00,14.20
2008.03.12 14:52:51.102,1.02375,1.0239,4.00,14.20
2008.03.12 14:52:51.388,1.02375,1.0239,4.00,14.20
2008.03.12 14:52:51.650,1.02375,1.0239,4.00,14.20
2008.03.12 14:52:51.926,1.0237,1.0239,0.30,14.20
2008.03.12 14:52:52.201,1.0237,1.0239,0.30,14.10
2008.03.12 14:52:52.458,1.0237,1.0239,0.30,14.10
2008.03.12 14:52:52.707,1.0237,1.0239,0.30,14.10
2008.03.12 14:52:52.954,1.0237,1.0239,0.30,14.10
2008.03.12 14:52:53.203,1.0237,1.0239,0.30,14.10
2008.03.12 14:52:53.516,1.0237,1.0239,0.30,14.10
2008.03.12 14:52:53.831,1.0237,1.0239,0.30,14.00
2008.03.12 14:52:54.144,1.0237,1.0239,0.30,14.00
2008.03.12 14:52:54.373,1.0237,1.0239,0.30,14.00
2008.03.12 14:52:54.601,1.0237,1.0239,0.30,14.00
2008.03.12 14:52:54.828,1.0237,1.0239,0.30,14.00
2008.03.12 14:52:55.069,1.02365,1.0239,4.20,14.00
2008.03.12 14:52:55.298,1.02365,1.0239,4.20,14.00
2008.03.12 14:52:55.617,1.02365,1.0239,4.20,14.00
2008.03.12 14:52:55.935,1.02365,1.02385,4.20,0.80
2008.03.12 14:52:56.257,1.02365,1.0238,4.20,2.40
2008.03.12 14:52:56.490,1.02365,1.0238,4.20,8.80
2008.03.12 14:52:56.723,1.02365,1.0238,4.00,8.80
2008.03.12 14:52:56.960,1.02355,1.02375,9.80,0.80
2008.03.12 14:52:57.211,1.02355,1.02375,6.60,0.80
2008.03.12 14:52:57.552,1.02355,1.0237,4.20,4.00
2008.03.12 14:52:57.880,1.02355,1.0237,4.20,6.40
2008.03.12 14:52:58.209,1.02355,1.0237,4.20,4.00
2008.03.12 14:52:58.488,1.02355,1.0237,4.20,4.00
2008.03.12 14:52:58.768,1.02355,1.0237,4.20,4.00
2008.03.12 14:52:59.048,1.02355,1.0237,4.20,4.00
2008.03.12 14:52:59.328,1.02355,1.0237,4.20,4.00
2008.03.12 14:52:59.623,1.02355,1.0237,4.20,4.00
2008.03.12 14:53:01.425,1.02355,1.0237,4.00,6.40
2008.03.12 14:53:01.517,1.02345,1.02365,4.20,0.80
2008.03.12 14:53:01.622,1.02345,1.02365,4.20,0.80
2008.03.12 14:53:01.715,1.0235,1.02365,0.30,0.80
2008.03.12 14:53:01.808,1.0235,1.02365,0.30,0.80
2008.03.12 14:53:01.903,1.0235,1.02365,0.30,0.80
2008.03.12 14:53:01.997,1.0235,1.02365,0.30,0.80
2008.03.12 14:53:02.091,1.02345,1.0237,6.60,10.80
2008.03.12 14:53:02.185,1.02345,1.0237,6.60,10.00
2008.03.12 14:53:02.279,1.02345,1.0237,6.60,9.20
2008.03.12 14:53:02.373,1.02345,1.0237,6.60,9.20
2008.03.12 14:53:02.468,1.02345,1.0237,6.60,9.20
2008.03.12 14:53:02.814,1.02345,1.0237,6.60,9.20
2008.03.12 14:53:03.147,1.02345,1.0237,6.60,9.20
2008.03.12 14:53:03.483,1.02345,1.0237,6.60,9.20
2008.03.12 14:53:03.759,1.02345,1.0237,6.60,9.20
2008.03.12 14:53:04.037,1.02345,1.0237,6.60,9.20
2008.03.12 14:53:04.284,1.0235,1.0237,0.30,9.20
2008.03.12 14:53:04.548,1.0235,1.0237,0.30,9.20
2008.03.12 14:53:04.843,1.0235,1.0237,0.30,8.80
2008.03.12 14:53:05.146,1.0235,1.0237,0.30,8.80
2008.03.12 14:53:05.441,1.0235,1.0237,0.30,8.80
2008.03.12 14:53:05.735,1.0235,1.0237,0.30,8.80
2008.03.12 14:53:05.989,1.0235,1.0237,0.30,8.80
2008.03.12 14:53:06.256,1.0235,1.0237,0.30,8.80
2008.03.12 14:53:06.496,1.0235,1.0237,0.30,9.20
2008.03.12 14:53:06.750,1.0235,1.0237,0.30,9.20
2008.03.12 14:53:07.038,1.0235,1.0237,0.30,9.20
2008.03.12 14:53:07.327,1.02345,1.0237,9.80,8.80
2008.03.12 14:53:07.615,1.0235,1.0237,0.30,8.80
2008.03.12 14:53:07.904,1.0235,1.0237,0.30,8.80
2008.03.12 14:53:08.207,1.0235,1.0237,2.60,6.40
2008.03.12 14:53:08.507,1.0235,1.0237,0.30,8.80
2008.03.12 14:53:08.805,1.0235,1.0237,0.30,8.80
2008.03.12 14:53:09.104,1.02355,1.0237,0.30,8.80
2008.03.12 14:53:09.393,1.02355,1.0237,4.20,6.40
2008.03.12 14:53:09.682,1.02355,1.0237,4.20,6.40
2008.03.12 14:53:09.971,1.02355,1.0237,4.20,6.40
2008.03.12 14:53:10.218,1.02355,1.0237,4.20,6.40
2008.03.12 14:53:10.468,1.02355,1.0237,4.20,6.40
2008.03.12 14:53:10.716,1.02355,1.0237,4.20,6.40
2008.03.12 14:53:10.966,1.02355,1.0237,4.20,6.40
2008.03.12 14:53:11.275,1.02355,1.0237,4.20,6.40
2008.03.12 14:53:11.593,1.02355,1.0237,4.20,6.40
2008.03.12 14:53:11.901,1.02355,1.0237,4.20,6.40
2008.03.12 14:53:12.209,1.02355,1.0237,4.20,6.40
2008.03.12 14:53:12.483,1.02355,1.0237,4.20,6.40
2008.03.12 14:53:12.757,1.02355,1.0237,4.20,6.40
2008.03.12 14:53:13.031,1.0235,1.0237,2.60,6.40
2008.03.12 14:53:13.310,1.0235,1.0237,0.30,8.80
2008.03.12 14:53:13.590,1.0235,1.0237,0.30,8.80
2008.03.12 14:53:13.869,1.0235,1.0237,0.30,8.80
2008.03.12 14:53:14.148,1.0235,1.0237,0.30,8.80
2008.03.12 14:53:14.427,1.0235,1.0237,0.30,8.80
2008.03.12 14:53:14.706,1.0235,1.0237,0.30,8.80
2008.03.12 14:53:14.984,1.0235,1.0237,0.30,8.80
2008.03.12 14:53:15.265,1.0235,1.0237,0.30,8.80
2008.03.12 14:53:15.539,1.0235,1.0237,0.30,8.80
2008.03.12 14:53:15.813,1.0235,1.0237,0.30,8.80
2008.03.12 14:53:16.088,1.0235,1.0237,0.30,8.80
2008.03.12 14:53:16.362,1.0235,1.0237,0.30,8.80
2008.03.12 14:53:16.635,1.0235,1.0237,0.30,8.80
2008.03.12 14:53:16.919,1.0235,1.0237,0.30,8.80
2008.03.12 14:53:17.194,1.0235,1.0237,0.30,8.80
2008.03.12 14:53:17.468,1.0235,1.0237,0.30,8.80
2008.03.12 14:53:17.728,1.0235,1.02365,0.30,0.80
2008.03.12 14:53:17.986,1.0235,1.02365,0.30,0.80
2008.03.12 14:53:18.244,1.02355,1.02365,0.30,0.80
2008.03.12 14:53:18.506,1.02355,1.0237,0.30,6.40
2008.03.12 14:53:18.825,1.02355,1.0237,4.00,6.40
2008.03.12 14:53:19.145,1.0235,1.0236,0.30,4.00
2008.03.12 14:53:19.464,1.0235,1.02365,0.30,0.80
2008.03.12 14:53:19.705,1.0235,1.0237,0.30,10.00
2008.03.12 14:53:19.945,1.0235,1.0237,0.30,9.20
2008.03.12 14:53:20.183,1.02345,1.02365,7.40,0.80
2008.03.12 14:53:20.430,1.0235,1.02365,0.30,0.80
2008.03.12 14:53:20.775,1.0235,1.02365,0.30,0.80
2008.03.12 14:53:21.099,1.0235,1.0237,0.30,9.20
2008.03.12 14:53:21.432,1.0235,1.0237,0.30,9.20
2008.03.12 14:53:21.676,1.0235,1.0237,0.30,9.20
2008.03.12 14:53:21.920,1.0235,1.0237,0.30,9.20
2008.03.12 14:53:22.173,1.0235,1.0237,0.30,9.20
2008.03.12 14:53:22.406,1.0235,1.0237,0.30,9.20
2008.03.12 14:53:22.735,1.0235,1.0237,0.30,9.20
2008.03.12 14:53:23.064,1.0235,1.0237,0.30,9.20
2008.03.12 14:53:23.393,1.0235,1.0237,0.30,14.00
2008.03.12 14:53:23.672,1.02345,1.0237,4.20,14.00
2008.03.12 14:53:23.950,1.02345,1.0237,4.20,14.00
2008.03.12 14:53:24.229,1.02345,1.0237,4.20,14.00
2008.03.12 14:53:24.507,1.02345,1.0237,4.20,14.00
2008.03.12 14:53:24.751,1.02345,1.0237,4.20,14.00
2008.03.12 14:53:25.006,1.02345,1.0237,4.20,14.00
2008.03.12 14:53:25.249,1.02345,1.0237,4.20,14.00
2008.03.12 14:53:25.494,1.02345,1.0237,4.20,14.00
2008.03.12 14:53:25.793,1.02345,1.0237,4.20,14.00
2008.03.12 14:53:26.093,1.02345,1.0237,4.20,14.00
2008.03.12 14:53:26.391,1.02345,1.0237,4.20,14.00
2008.03.12 14:53:26.690,1.02345,1.0237,4.20,14.00
2008.03.12 14:53:26.958,1.02345,1.0237,4.20,14.00
2008.03.12 14:53:27.225,1.02345,1.0237,4.20,14.00
2008.03.12 14:53:27.494,1.02345,1.02365,4.20,0.80
2008.03.12 14:53:27.761,1.02345,1.02365,4.20,0.80
2008.03.12 14:53:28.025,1.02345,1.0236,4.20,2.40
2008.03.12 14:53:28.290,1.02345,1.0236,4.20,2.40
2008.03.12 14:53:28.555,1.02345,1.0236,4.20,6.40
2008.03.12 14:53:28.883,1.02345,1.0236,4.20,6.40
2008.03.12 14:53:29.213,1.02345,1.0236,4.20,6.40
2008.03.12 14:53:29.554,1.02345,1.0236,4.20,6.40
2008.03.12 14:53:29.774,1.02345,1.0236,4.20,6.40
2008.03.12 14:53:30.009,1.02345,1.0236,4.20,6.40
2008.03.12 14:53:30.242,1.02345,1.0236,4.20,6.40
2008.03.12 14:53:30.476,1.02345,1.0236,4.20,6.40
2008.03.12 14:53:30.800,1.02345,1.0236,4.20,6.40
2008.03.12 14:53:31.135,1.02345,1.0236,4.20,6.40
2008.03.12 14:53:31.448,1.02345,1.0236,4.20,6.40
2008.03.12 14:53:31.772,1.02345,1.0236,4.20,6.40
2008.03.12 14:53:32.016,1.02345,1.0236,4.20,6.40
2008.03.12 14:53:32.260,1.02345,1.0236,4.20,6.40
2008.03.12 14:53:32.503,1.02345,1.02355,4.00,0.80
2008.03.12 14:53:32.803,1.02345,1.02355,4.00,0.80
2008.03.12 14:53:33.102,1.0234,1.0236,0.30,9.60
2008.03.12 14:53:33.402,1.0234,1.0236,0.30,8.80
2008.03.12 14:53:33.702,1.0234,1.0236,0.30,8.80
2008.03.12 14:53:33.975,1.02345,1.0236,0.30,6.40
2008.03.12 14:53:34.250,1.02345,1.0236,0.30,6.40
2008.03.12 14:53:34.532,1.02345,1.0236,0.30,6.40
2008.03.12 14:53:34.796,1.02345,1.0236,4.20,6.40
2008.03.12 14:53:35.059,1.02345,1.0236,4.20,6.40
2008.03.12 14:53:35.322,1.02345,1.0236,4.20,6.40
2008.03.12 14:53:35.595,1.02345,1.0236,4.20,6.40
2008.03.12 14:53:35.868,1.02345,1.0236,4.20,6.40
2008.03.12 14:53:36.142,1.02345,1.0236,4.20,6.40
2008.03.12 14:53:36.416,1.02345,1.0236,4.20,6.40
2008.03.12 14:53:36.691,1.02345,1.0236,4.20,4.00
2008.03.12 14:53:36.985,1.02345,1.0236,4.20,4.00
2008.03.12 14:53:37.279,1.02345,1.0236,4.20,6.40
2008.03.12 14:53:37.575,1.0235,1.0237,0.30,14.80
2008.03.12 14:53:37.868,1.0235,1.0237,0.30,14.00
2008.03.12 14:53:38.146,1.02345,1.0237,4.20,14.00
2008.03.12 14:53:38.426,1.02345,1.0237,12.20,13.60
2008.03.12 14:53:38.706,1.0235,1.0237,0.30,13.60
2008.03.12 14:53:38.980,1.0235,1.0237,2.60,6.40
2008.03.12 14:53:39.253,1.02355,1.0237,0.30,4.00
2008.03.12 14:53:39.528,1.02355,1.0237,4.20,4.00
2008.03.12 14:53:39.802,1.02355,1.02375,4.20,0.80
2008.03.12 14:53:40.112,1.02355,1.0238,4.20,14.80
2008.03.12 14:53:40.432,1.02355,1.0238,4.20,14.00
2008.03.12 14:53:40.741,1.02355,1.0238,4.20,14.00
2008.03.12 14:53:40.975,1.02355,1.0238,4.20,14.00
2008.03.12 14:53:41.208,1.02355,1.0238,4.20,14.20
2008.03.12 14:53:41.443,1.02355,1.0237,4.00,2.40
2008.03.12 14:53:41.677,1.0235,1.0237,3.40,13.60
2008.03.12 14:53:41.912,1.0235,1.0237,0.30,14.00
2008.03.12 14:53:42.245,1.0235,1.0237,0.30,14.00
2008.03.12 14:53:42.579,1.0235,1.0237,0.30,14.00
2008.03.12 14:53:42.913,1.0235,1.0237,0.30,14.00
2008.03.12 14:53:43.177,1.0235,1.0237,0.30,14.00
2008.03.12 14:53:43.440,1.0235,1.0237,0.30,14.00
2008.03.12 14:53:43.703,1.0235,1.0237,0.30,14.00
2008.03.12 14:53:43.967,1.0235,1.0237,0.30,14.00
2008.03.12 14:53:44.256,1.0235,1.0237,0.30,14.00
2008.03.12 14:53:44.544,1.0235,1.0237,0.30,14.00
2008.03.12 14:53:44.833,1.0235,1.0237,0.30,14.00
2008.03.12 14:53:45.123,1.02355,1.0237,0.30,9.20
2008.03.12 14:53:45.412,1.02355,1.0237,0.30,9.20
2008.03.12 14:53:45.713,1.02355,1.0237,4.20,9.20
2008.03.12 14:53:46.002,1.02355,1.0237,4.20,9.20
2008.03.12 14:53:46.246,1.02355,1.0237,4.20,9.20
2008.03.12 14:53:46.491,1.02355,1.0237,4.20,9.20
2008.03.12 14:53:46.734,1.02355,1.0237,4.20,9.20
2008.03.12 14:53:46.980,1.02355,1.0237,4.20,8.80
2008.03.12 14:53:47.289,1.02355,1.0237,4.20,8.80
2008.03.12 14:53:47.598,1.02355,1.0237,4.20,8.80
2008.03.12 14:53:47.905,1.02355,1.0237,4.20,8.80
2008.03.12 14:53:48.184,1.02355,1.0237,4.20,9.20
2008.03.12 14:53:48.466,1.0235,1.0237,0.30,14.00
2008.03.12 14:53:48.745,1.02345,1.0237,4.20,14.00
2008.03.12 14:53:49.025,1.02345,1.02365,4.20,0.80
2008.03.12 14:53:49.299,1.02345,1.0236,4.20,2.40
2008.03.12 14:53:49.587,1.02345,1.0236,4.20,6.40
2008.03.12 14:53:49.860,1.02345,1.0236,4.20,6.40
2008.03.12 14:53:50.134,1.02345,1.0236,4.20,6.40
2008.03.12 14:53:50.433,1.02345,1.0236,4.20,6.40
2008.03.12 14:53:50.731,1.02345,1.0236,4.20,6.40
2008.03.12 14:53:51.030,1.02345,1.0236,4.20,6.40
2008.03.12 14:53:51.283,1.02345,1.0236,4.20,6.40
2008.03.12 14:53:51.536,1.02345,1.0236,4.20,6.40
2008.03.12 14:53:51.790,1.02345,1.0236,4.20,6.40
2008.03.12 14:53:52.043,1.02345,1.0236,4.20,6.40
2008.03.12 14:53:52.332,1.02345,1.0236,4.20,6.40
2008.03.12 14:53:52.619,1.02345,1.0236,4.20,6.40
2008.03.12 14:53:52.909,1.02345,1.0236,4.20,6.40
2008.03.12 14:53:53.197,1.02345,1.0236,4.20,6.40
2008.03.12 14:53:53.506,1.02345,1.0236,4.20,8.80
2008.03.12 14:53:53.822,1.02345,1.0236,4.20,8.80
2008.03.12 14:53:54.130,1.02345,1.0236,4.20,8.80
2008.03.12 14:53:54.339,1.02345,1.0236,4.20,8.80
2008.03.12 14:53:54.547,1.0234,1.0236,0.30,8.80
2008.03.12 14:53:54.757,1.0234,1.0236,0.30,8.80
2008.03.12 14:53:54.966,1.0234,1.0236,0.30,8.80
2008.03.12 14:53:55.174,1.0234,1.0236,0.30,8.80
2008.03.12 14:53:55.508,1.0234,1.0236,0.30,8.80
2008.03.12 14:53:55.842,1.0234,1.0236,0.30,8.80
2008.03.12 14:53:56.175,1.0234,1.0236,0.30,8.80
2008.03.12 14:53:56.403,1.0234,1.0236,0.30,9.20
2008.03.12 14:53:56.622,1.0234,1.0236,0.30,9.20
2008.03.12 14:53:56.840,1.0234,1.0236,0.30,9.20
2008.03.12 14:53:57.059,1.0234,1.02355,0.30,0.80
2008.03.12 14:53:57.393,1.02335,1.02355,4.20,0.80
2008.03.12 14:53:57.727,1.02335,1.0235,4.20,4.00
2008.03.12 14:53:58.060,1.02335,1.0235,4.20,4.00
2008.03.12 14:53:58.315,1.02335,1.0235,4.20,4.00
2008.03.12 14:53:58.569,1.02335,1.0235,4.20,4.00
2008.03.12 14:53:58.823,1.02335,1.0235,4.20,4.00
2008.03.12 14:53:59.076,1.02335,1.0235,4.20,4.00
2008.03.12 14:53:59.385,1.02335,1.0235,4.20,4.00
2008.03.12 14:53:59.695,1.02335,1.0235,4.20,4.00
2008.03.12 14:54:00.003,1.02335,1.0235,4.20,4.00
2008.03.12 14:54:00.313,1.02335,1.0235,4.20,4.00
2008.03.12 14:54:00.541,1.02335,1.0235,4.00,4.00
2008.03.12 14:54:00.780,1.02335,1.0235,4.00,4.00
2008.03.12 14:54:01.010,1.02335,1.0235,4.00,4.00
2008.03.12 14:54:01.238,1.02335,1.0235,4.00,4.00
2008.03.12 14:54:01.563,1.02335,1.0235,4.00,4.00
2008.03.12 14:54:01.886,1.02335,1.0235,4.00,4.00
2008.03.12 14:54:02.210,1.02335,1.0235,4.00,6.40
2008.03.12 14:54:02.460,1.02335,1.0235,4.00,6.40
2008.03.12 14:54:02.708,1.02335,1.0235,4.00,6.40
2008.03.12 14:54:02.967,1.02335,1.0235,4.00,6.40
2008.03.12 14:54:03.217,1.02335,1.0235,4.00,6.40
2008.03.12 14:54:03.525,1.02335,1.0235,4.00,8.80
2008.03.12 14:54:03.836,1.0233,1.0235,0.30,9.20
2008.03.12 14:54:04.147,1.0233,1.02345,0.30,0.80
2008.03.12 14:54:04.456,1.02325,1.02345,4.20,0.80
2008.03.12 14:54:04.735,1.02325,1.0234,4.00,4.00
2008.03.12 14:54:05.024,1.0232,1.0234,7.40,6.40
2008.03.12 14:54:05.294,1.02315,1.02335,4.20,0.80
2008.03.12 14:54:05.563,1.02315,1.0233,4.20,4.00
2008.03.12 14:54:05.834,1.02315,1.0233,4.20,4.00
2008.03.12 14:54:06.104,1.0232,1.0234,0.30,14.80
2008.03.12 14:54:06.373,1.0232,1.0234,0.30,9.20
2008.03.12 14:54:06.663,1.02315,1.0234,6.60,9.20
2008.03.12 14:54:06.952,1.02315,1.0234,6.60,9.20
2008.03.12 14:54:07.240,1.02315,1.0234,6.60,9.20
2008.03.12 14:54:07.529,1.02315,1.0234,6.60,9.20
2008.03.12 14:54:07.812,1.02315,1.0234,6.60,9.20
2008.03.12 14:54:08.095,1.0232,1.0234,0.30,9.20
2008.03.12 14:54:08.379,1.0232,1.0234,0.30,9.20
2008.03.12 14:54:08.657,1.0232,1.0234,0.30,9.20
2008.03.12 14:54:08.937,1.0232,1.0234,0.30,9.20
2008.03.12 14:54:09.216,1.0232,1.0234,0.30,9.20
2008.03.12 14:54:09.496,1.0232,1.0234,0.30,9.20
2008.03.12 14:54:09.780,1.0232,1.0234,0.30,8.80
2008.03.12 14:54:10.065,1.0232,1.0234,0.30,8.80
2008.03.12 14:54:10.358,1.0232,1.0234,0.30,8.80
2008.03.12 14:54:10.607,1.0232,1.0234,0.30,8.80
2008.03.12 14:54:10.857,1.0232,1.0234,0.30,8.80
2008.03.12 14:54:11.105,1.0232,1.0234,0.30,8.80
2008.03.12 14:54:11.355,1.0232,1.0234,0.30,8.80
2008.03.12 14:54:11.678,1.0232,1.0234,0.30,8.80
2008.03.12 14:54:12.002,1.0232,1.0234,0.30,8.80
2008.03.12 14:54:12.327,1.0232,1.0234,0.30,9.20
2008.03.12 14:54:12.583,1.0232,1.0234,0.30,9.20
2008.03.12 14:54:12.848,1.0232,1.0234,0.30,8.80
2008.03.12 14:54:13.090,1.0232,1.0234,0.30,9.20
2008.03.12 14:54:13.346,1.0232,1.0234,0.30,9.20
2008.03.12 14:54:13.670,1.0232,1.02335,0.30,0.80
2008.03.12 14:54:13.994,1.0232,1.02335,0.30,0.80
2008.03.12 14:54:14.319,1.0232,1.0234,0.30,9.20
2008.03.12 14:54:14.565,1.0232,1.0234,0.30,9.20
2008.03.12 14:54:14.808,1.0232,1.0234,0.30,9.20
2008.03.12 14:54:15.052,1.0232,1.0234,0.30,20.40
2008.03.12 14:54:15.298,1.02315,1.0233,4.20,2.40
2008.03.12 14:54:15.541,1.02315,1.0233,4.20,2.40
2008.03.12 14:54:15.875,1.02315,1.0233,4.20,6.40
2008.03.12 14:54:16.211,1.02315,1.0233,6.60,4.00
2008.03.12 14:54:16.546,1.02325,1.0234,0.30,8.80
2008.03.12 14:54:16.790,1.02325,1.0234,0.30,13.60
2008.03.12 14:54:17.034,1.02325,1.0234,0.30,8.80
2008.03.12 14:54:17.278,1.0232,1.0234,0.30,8.80
2008.03.12 14:54:17.522,1.0232,1.0234,0.30,8.80
2008.03.12 14:54:17.846,1.0232,1.0234,0.30,8.80
2008.03.12 14:54:18.182,1.0232,1.0234,0.30,8.80
2008.03.12 14:54:18.519,1.02315,1.0234,5.80,9.60
2008.03.12 14:54:18.819,1.0232,1.0234,0.30,14.40
2008.03.12 14:54:19.097,1.0232,1.0234,0.30,12.00
2008.03.12 14:54:19.390,1.0232,1.0233,0.30,4.00
2008.03.12 14:54:19.639,1.0232,1.0234,0.30,14.00
2008.03.12 14:54:19.888,1.0232,1.0234,0.30,14.00
2008.03.12 14:54:20.138,1.0232,1.0234,0.30,14.00
2008.03.12 14:54:20.387,1.0232,1.0234,0.30,14.00
2008.03.12 14:54:20.686,1.0232,1.0234,0.30,14.00
2008.03.12 14:54:20.986,1.0232,1.0234,0.30,14.00
2008.03.12 14:54:21.284,1.0232,1.0234,0.30,14.00
2008.03.12 14:54:21.582,1.0232,1.0234,0.30,14.00
2008.03.12 14:54:21.858,1.0232,1.0234,0.30,9.20
2008.03.12 14:54:22.127,1.0232,1.0234,0.30,9.20
2008.03.12 14:54:22.390,1.0232,1.0234,0.30,9.20
2008.03.12 14:54:22.656,1.0232,1.0234,0.30,9.20
2008.03.12 14:54:22.933,1.0232,1.0234,0.30,9.20
2008.03.12 14:54:23.214,1.0232,1.0234,0.30,14.00
2008.03.12 14:54:23.492,1.0232,1.0234,0.30,14.00
2008.03.12 14:54:23.785,1.0232,1.0234,0.30,14.00
2008.03.12 14:54:24.080,1.02325,1.0234,0.30,14.00
2008.03.12 14:54:24.377,1.0232,1.0234,0.30,14.00
2008.03.12 14:54:24.670,1.02315,1.0233,4.20,0.50
2008.03.12 14:54:24.931,1.02315,1.0233,4.20,2.80
2008.03.12 14:54:25.190,1.02315,1.0233,4.00,9.20
2008.03.12 14:54:25.450,1.0231,1.0233,0.30,9.20
2008.03.12 14:54:25.711,1.02305,1.0233,6.60,9.20
2008.03.12 14:54:26.022,1.02305,1.0233,6.60,9.20
2008.03.12 14:54:26.335,1.02305,1.0233,6.60,9.30
2008.03.12 14:54:26.644,1.02305,1.0233,6.60,10.00
2008.03.12 14:54:26.936,1.02305,1.0233,4.20,16.50
2008.03.12 14:54:27.203,1.0231,1.0233,0.30,15.30
2008.03.12 14:54:27.482,1.0231,1.0233,1.00,10.40
2008.03.12 14:54:27.761,1.02315,1.0233,0.30,6.40
2008.03.12 14:54:28.039,1.02315,1.0233,0.30,6.40
2008.03.12 14:54:28.319,1.02315,1.0233,4.20,6.40
2008.03.12 14:54:28.599,1.02315,1.0233,4.20,6.40
2008.03.12 14:54:28.906,1.02315,1.0233,4.20,6.40
2008.03.12 14:54:29.214,1.02315,1.0233,4.20,6.40
2008.03.12 14:54:29.523,1.02315,1.0233,4.20,6.40
2008.03.12 14:54:29.832,1.02315,1.0233,4.20,6.40
2008.03.12 14:54:30.096,1.02315,1.0233,4.20,6.40
2008.03.12 14:54:30.359,1.02315,1.0233,4.20,6.40
2008.03.12 14:54:30.623,1.0232,1.0234,0.30,13.60
2008.03.12 14:54:30.916,1.0232,1.0234,0.30,12.00
2008.03.12 14:54:31.211,1.02325,1.0234,4.00,7.20
2008.03.12 14:54:31.506,1.02325,1.0234,4.00,7.20
2008.03.12 14:54:31.799,1.02325,1.0234,4.20,6.40
2008.03.12 14:54:32.068,1.02325,1.0234,4.20,6.40
2008.03.12 14:54:32.337,1.02325,1.0234,4.20,6.40
2008.03.12 14:54:32.605,1.02325,1.0234,4.00,7.20
2008.03.12 14:54:32.878,1.02325,1.0234,4.00,12.00
2008.03.12 14:54:33.144,1.0232,1.0234,0.30,13.60
2008.03.12 14:54:33.413,1.0232,1.0234,2.60,6.40
2008.03.12 14:54:33.681,1.02325,1.0234,0.30,4.00
2008.03.12 14:54:34.006,1.02335,1.0235,4.20,17.20
2008.03.12 14:54:34.332,1.02325,1.0234,4.20,4.00
2008.03.12 14:54:34.656,1.02325,1.0235,4.20,20.80
2008.03.12 14:54:34.979,1.0232,1.0234,2.60,6.80
2008.03.12 14:54:35.213,1.0232,1.0234,0.30,9.20
2008.03.12 14:54:35.447,1.0232,1.0234,0.30,9.20
2008.03.12 14:54:35.686,1.0232,1.0234,0.30,9.20
2008.03.12 14:54:35.918,1.0232,1.0234,0.30,9.20
2008.03.12 14:54:36.238,1.0232,1.0234,0.30,9.20
2008.03.12 14:54:36.556,1.02315,1.0234,6.60,9.20
2008.03.12 14:54:36.874,1.02315,1.0234,6.60,9.20
2008.03.12 14:54:37.132,1.02315,1.0234,6.60,9.20
2008.03.12 14:54:37.390,1.02315,1.0234,6.60,9.20
2008.03.12 14:54:37.649,1.02315,1.0234,6.60,9.20
2008.03.12 14:54:37.907,1.02315,1.0234,6.60,9.20
2008.03.12 14:54:38.209,1.02315,1.0234,6.60,9.20
2008.03.12 14:54:38.514,1.02315,1.0234,6.60,9.20
2008.03.12 14:54:38.818,1.02315,1.0234,6.60,9.20
2008.03.12 14:54:39.102,1.02315,1.0234,6.60,11.60
2008.03.12 14:54:39.386,1.0232,1.0234,0.30,14.00
2008.03.12 14:54:39.671,1.02315,1.0234,6.60,12.40
2008.03.12 14:54:39.954,1.02315,1.0234,6.60,12.40
2008.03.12 14:54:40.223,1.02315,1.0234,0.30,17.20
2008.03.12 14:54:40.492,1.02315,1.0234,0.30,17.20
2008.03.12 14:54:40.762,1.02315,1.0234,0.30,18.80
2008.03.12 14:54:41.072,1.02315,1.0234,0.30,10.80
2008.03.12 14:54:41.382,1.02315,1.0234,0.30,9.20
2008.03.12 14:54:41.692,1.02315,1.0234,0.30,18.00
2008.03.12 14:54:42.001,1.02315,1.0234,0.30,21.50
2008.03.12 14:54:42.249,1.0231,1.0234,0.30,25.60
2008.03.12 14:54:42.497,1.0231,1.0234,0.30,25.60
2008.03.12 14:54:42.747,1.02315,1.0232,0.30,0.20
2008.03.12 14:54:42.996,1.02315,1.0232,0.30,0.20
2008.03.12 14:54:43.319,1.0231,1.0233,0.30,8.80
2008.03.12 14:54:43.643,1.0231,1.0233,0.30,8.80
2008.03.12 14:54:43.967,1.0231,1.0233,0.30,8.80
2008.03.12 14:54:44.222,1.0231,1.0233,0.30,8.80
2008.03.12 14:54:44.476,1.0231,1.0233,0.30,8.80
2008.03.12 14:54:44.730,1.02315,1.0233,0.30,8.80
2008.03.12 14:54:44.983,1.02315,1.0233,0.30,8.80
2008.03.12 14:54:45.281,1.0231,1.0233,0.30,8.80
2008.03.12 14:54:45.579,1.0231,1.0233,0.30,8.80
2008.03.12 14:54:45.877,1.0231,1.0233,0.30,8.80
2008.03.12 14:54:46.175,1.02315,1.0233,0.30,8.80
2008.03.12 14:54:46.469,1.02315,1.0233,0.30,8.80
2008.03.12 14:54:46.764,1.0231,1.0233,2.60,6.40
2008.03.12 14:54:47.058,1.0231,1.0233,5.00,4.00
2008.03.12 14:54:47.298,1.02315,1.0233,0.30,6.40
2008.03.12 14:54:47.536,1.02315,1.0233,4.20,6.40
2008.03.12 14:54:47.784,1.02315,1.0233,4.20,6.40
2008.03.12 14:54:48.012,1.02315,1.0233,4.20,6.40
2008.03.12 14:54:48.346,1.02315,1.0233,4.20,6.40
2008.03.12 14:54:48.678,1.02315,1.0233,4.20,6.40
2008.03.12 14:54:49.013,1.02315,1.0233,4.20,6.40
2008.03.12 14:54:49.258,1.02315,1.0233,4.20,6.40
2008.03.12 14:54:49.511,1.02315,1.0233,4.20,6.40
2008.03.12 14:54:49.755,1.02315,1.0233,4.00,8.80
2008.03.12 14:54:50.000,1.0231,1.0233,0.30,8.80
2008.03.12 14:54:50.333,1.0231,1.0233,0.30,8.80
2008.03.12 14:54:50.665,1.0231,1.0233,0.30,8.80
2008.03.12 14:54:51.000,1.0231,1.0233,0.30,8.80
2008.03.12 14:54:51.244,1.0231,1.0233,0.30,8.80
2008.03.12 14:54:51.467,1.0231,1.0233,0.30,8.80
2008.03.12 14:54:51.700,1.0231,1.0233,0.30,8.80
2008.03.12 14:54:51.935,1.0231,1.0233,0.30,8.80
2008.03.12 14:54:52.169,1.0231,1.0233,0.30,8.80
2008.03.12 14:54:52.469,1.0231,1.0233,0.30,8.80
2008.03.12 14:54:52.769,1.0231,1.0233,0.30,8.80
2008.03.12 14:54:53.067,1.0231,1.0233,0.30,8.80
2008.03.12 14:54:53.350,1.0231,1.0233,0.30,8.80
2008.03.12 14:54:53.623,1.0231,1.0233,0.30,8.80
2008.03.12 14:54:53.898,1.0231,1.0233,0.30,8.80
2008.03.12 14:54:54.172,1.0231,1.0233,0.30,8.80
2008.03.12 14:54:54.447,1.0231,1.0233,0.30,8.80
2008.03.12 14:54:54.750,1.0231,1.0233,0.30,8.80
2008.03.12 14:54:55.023,1.0231,1.0233,0.30,8.80
2008.03.12 14:54:55.303,1.0231,1.0233,0.30,8.80
2008.03.12 14:54:55.581,1.0231,1.0233,0.30,8.80
2008.03.12 14:54:55.861,1.0231,1.0233,0.30,8.80
2008.03.12 14:54:56.140,1.0231,1.0233,0.30,8.80
2008.03.12 14:54:56.399,1.0231,1.0233,0.30,8.80
2008.03.12 14:54:56.658,1.0231,1.0233,0.30,8.80
2008.03.12 14:54:56.916,1.0231,1.0233,0.30,8.80
2008.03.12 14:54:57.177,1.0231,1.0233,0.30,8.80
2008.03.12 14:54:57.466,1.0231,1.0233,0.30,11.20
2008.03.12 14:54:57.755,1.02315,1.0233,0.30,13.60
2008.03.12 14:54:58.044,1.02315,1.0233,4.20,13.60
2008.03.12 14:54:58.332,1.02315,1.0233,4.20,13.60
2008.03.12 14:54:58.645,1.0231,1.0233,0.30,13.60
2008.03.12 14:54:58.968,1.0231,1.0233,0.30,13.60
2008.03.12 14:54:59.282,1.0231,1.0233,0.30,13.60
2008.03.12 14:54:59.495,1.0231,1.0233,0.30,13.60
2008.03.12 14:54:59.709,1.0231,1.0233,0.30,13.60
2008.03.12 14:54:59.922,1.0231,1.0233,0.30,13.60
2008.03.12 14:55:00.135,1.0231,1.0233,0.30,13.60
2008.03.12 14:55:00.469,1.0231,1.0233,0.30,13.60
2008.03.12 14:55:00.803,1.0231,1.0233,0.30,13.60
2008.03.12 14:55:01.136,1.0231,1.0233,0.30,13.60
2008.03.12 14:55:01.372,1.0231,1.0233,0.30,13.60
2008.03.12 14:55:01.606,1.0231,1.0233,0.30,13.60
2008.03.12 14:55:01.840,1.0231,1.0233,0.30,13.60
2008.03.12 14:55:02.075,1.0231,1.0233,0.30,13.60
2008.03.12 14:55:02.309,1.0231,1.0233,0.30,13.60
2008.03.12 14:55:02.623,1.0231,1.0233,0.30,13.60
2008.03.12 14:55:02.936,1.0231,1.0233,0.30,13.60
2008.03.12 14:55:03.250,1.0231,1.0233,0.30,13.60
2008.03.12 14:55:03.514,1.0231,1.0233,0.30,13.60
2008.03.12 14:55:03.777,1.0231,1.0233,0.30,13.60
2008.03.12 14:55:04.041,1.0231,1.0233,0.30,11.20
2008.03.12 14:55:04.304,1.0231,1.0233,0.30,11.20
2008.03.12 14:55:04.590,1.02315,1.0233,0.30,6.40
2008.03.12 14:55:04.874,1.02315,1.0233,0.30,6.40
2008.03.12 14:55:05.159,1.02315,1.0233,4.20,6.40
2008.03.12 14:55:05.442,1.02315,1.0233,4.20,8.80
2008.03.12 14:55:05.740,1.02315,1.0233,4.20,8.80
2008.03.12 14:55:06.040,1.02315,1.0233,4.20,8.80
2008.03.12 14:55:06.338,1.02315,1.0233,4.20,8.80
2008.03.12 14:55:06.576,1.02315,1.0233,4.20,8.80
2008.03.12 14:55:06.815,1.02315,1.0233,4.20,8.80
2008.03.12 14:55:07.054,1.02315,1.0233,4.20,8.80
2008.03.12 14:55:07.292,1.02315,1.0233,4.20,8.80
2008.03.12 14:55:07.620,1.02315,1.0233,4.20,8.80
2008.03.12 14:55:07.949,1.02315,1.0233,4.20,8.80
2008.03.12 14:55:08.277,1.02315,1.0233,4.20,8.80
2008.03.12 14:55:08.555,1.02315,1.0233,4.20,8.80
2008.03.12 14:55:08.835,1.02315,1.0233,4.20,8.80
2008.03.12 14:55:09.117,1.02315,1.0233,4.20,6.40
2008.03.12 14:55:09.396,1.02315,1.0233,4.20,6.40
2008.03.12 14:55:09.670,1.02315,1.0233,4.20,6.40
2008.03.12 14:55:09.945,1.02315,1.0233,4.20,6.40
2008.03.12 14:55:10.219,1.02315,1.0233,4.20,6.40
2008.03.12 14:55:10.493,1.02315,1.0233,4.20,6.40
2008.03.12 14:55:10.771,1.02315,1.0233,4.20,6.40
2008.03.12 14:55:11.049,1.02315,1.0233,4.20,8.80
2008.03.12 14:55:11.327,1.02315,1.0233,4.20,8.80
2008.03.12 14:55:11.581,1.02315,1.0233,4.20,8.80
2008.03.12 14:55:11.835,1.02315,1.0233,4.20,8.80
2008.03.12 14:55:12.089,1.02315,1.0233,4.20,8.80
2008.03.12 14:55:12.343,1.02315,1.0233,4.20,8.80
2008.03.12 14:55:12.641,1.02315,1.0233,4.20,8.80
2008.03.12 14:55:12.940,1.02315,1.0233,4.20,8.80
2008.03.12 14:55:13.248,1.02315,1.0233,4.20,8.80
2008.03.12 14:55:13.548,1.02305,1.0232,17.80,4.00
2008.03.12 14:55:13.837,1.02305,1.0232,6.60,4.00
2008.03.12 14:55:14.116,1.02305,1.0232,4.20,4.00
2008.03.12 14:55:14.394,1.02305,1.0232,4.20,4.00
2008.03.12 14:55:14.688,1.02305,1.0232,4.20,4.00
2008.03.12 14:55:14.982,1.02305,1.0232,4.20,4.00
2008.03.12 14:55:15.275,1.02305,1.0232,4.20,4.00
2008.03.12 14:55:15.570,1.02305,1.0232,4.20,4.00
2008.03.12 14:55:15.828,1.02305,1.0232,4.20,4.00
2008.03.12 14:55:16.086,1.02305,1.0232,4.20,4.00
2008.03.12 14:55:16.345,1.02305,1.0232,4.20,4.00
2008.03.12 14:55:16.604,1.02305,1.0232,4.20,4.00
2008.03.12 14:55:16.905,1.02305,1.0232,4.20,6.40
2008.03.12 14:55:17.182,1.02305,1.0232,4.20,6.40
2008.03.12 14:55:17.471,1.02305,1.0232,4.20,6.40
2008.03.12 14:55:17.756,1.02305,1.0232,4.20,6.40
2008.03.12 14:55:18.040,1.02305,1.0232,4.20,6.40
2008.03.12 14:55:18.325,1.02305,1.0232,4.20,6.40
2008.03.12 14:55:18.608,1.02305,1.0232,4.20,6.40
2008.03.12 14:55:18.892,1.02305,1.0232,4.20,8.80
2008.03.12 14:55:19.175,1.02305,1.0232,4.20,8.80
2008.03.12 14:55:19.459,1.02305,1.0232,4.20,8.80
2008.03.12 14:55:19.742,1.02305,1.0232,4.20,8.80
2008.03.12 14:55:20.032,1.02305,1.0232,4.20,8.80
2008.03.12 14:55:20.320,1.02305,1.0232,4.20,6.40
2008.03.12 14:55:20.609,1.02305,1.0232,4.20,6.40
2008.03.12 14:55:20.868,1.02305,1.0232,4.20,6.40
2008.03.12 14:55:21.126,1.02305,1.0232,4.20,6.40
2008.03.12 14:55:21.384,1.02305,1.0232,4.20,6.40
2008.03.12 14:55:21.643,1.02305,1.0232,4.20,6.40
2008.03.12 14:55:21.926,1.02305,1.0232,4.20,6.40
2008.03.12 14:55:22.211,1.02305,1.0232,4.20,6.40
2008.03.12 14:55:22.495,1.02305,1.0232,4.20,8.80
2008.03.12 14:55:22.793,1.02305,1.0232,4.20,8.80
2008.03.12 14:55:23.091,1.02305,1.0232,4.20,8.80
2008.03.12 14:55:23.388,1.02305,1.0232,4.20,8.80
2008.03.12 14:55:23.687,1.02305,1.0232,4.20,8.80
2008.03.12 14:55:23.950,1.02305,1.0232,4.00,8.80
2008.03.12 14:55:24.214,1.02305,1.0232,4.00,8.80
2008.03.12 14:55:24.479,1.02305,1.0232,4.00,8.80
2008.03.12 14:55:24.744,1.02295,1.0232,9.80,9.20
2008.03.12 14:55:25.037,1.02295,1.0232,6.60,9.20
2008.03.12 14:55:25.332,1.02295,1.0232,6.60,9.20
2008.03.12 14:55:25.626,1.02295,1.0232,6.60,9.20
2008.03.12 14:55:25.915,1.02295,1.0232,6.60,9.20
2008.03.12 14:55:26.205,1.02295,1.0232,6.60,9.20
2008.03.12 14:55:26.493,1.02295,1.0232,6.60,9.20
2008.03.12 14:55:26.782,1.02295,1.0232,6.60,9.20
2008.03.12 14:55:27.026,1.02295,1.0232,6.60,9.20
2008.03.12 14:55:27.269,1.02295,1.0232,6.60,9.20
2008.03.12 14:55:27.523,1.02295,1.0232,6.60,9.20
2008.03.12 14:55:27.769,1.02295,1.0231,6.60,2.40
2008.03.12 14:55:28.083,1.02295,1.0231,6.60,2.40
2008.03.12 14:55:28.397,1.02295,1.0231,14.60,2.40
2008.03.12 14:55:28.711,1.02295,1.0232,14.60,9.20
2008.03.12 14:55:28.995,1.02295,1.0232,14.60,9.20
2008.03.12 14:55:29.290,1.02295,1.0232,14.60,9.20
2008.03.12 14:55:29.563,1.02295,1.0232,14.60,9.20
2008.03.12 14:55:29.847,1.02295,1.0232,6.60,9.20
2008.03.12 14:55:30.106,1.02295,1.0231,6.60,2.40
2008.03.12 14:55:30.365,1.02295,1.0231,6.60,2.40
2008.03.12 14:55:30.625,1.023,1.0232,2.40,6.80
2008.03.12 14:55:30.889,1.02295,1.0232,14.60,9.20
2008.03.12 14:55:31.195,1.02295,1.0231,6.60,2.40
2008.03.12 14:55:31.498,1.02295,1.0231,6.60,2.40
2008.03.12 14:55:31.802,1.02295,1.0231,6.60,2.40
2008.03.12 14:55:32.047,1.02295,1.0231,6.60,2.40
2008.03.12 14:55:32.291,1.02295,1.0231,6.60,2.40
2008.03.12 14:55:32.533,1.02295,1.0231,6.60,2.40
2008.03.12 14:55:32.776,1.02295,1.0231,6.60,2.40
2008.03.12 14:55:33.085,1.02295,1.0231,6.60,2.40
2008.03.12 14:55:33.394,1.02295,1.0231,6.60,2.40
2008.03.12 14:55:33.703,1.02295,1.0231,6.60,2.40
2008.03.12 14:55:33.987,1.02295,1.0231,6.60,2.40
2008.03.12 14:55:34.271,1.02295,1.0231,6.60,2.40
2008.03.12 14:55:34.555,1.02295,1.0231,6.60,2.40
2008.03.12 14:55:34.839,1.02295,1.0231,6.60,2.40
2008.03.12 14:55:35.135,1.02295,1.0231,6.60,2.40
2008.03.12 14:55:35.428,1.02295,1.0231,6.60,2.40
2008.03.12 14:55:35.724,1.02295,1.0231,14.60,2.40
2008.03.12 14:55:35.993,1.02295,1.0231,14.60,2.40
2008.03.12 14:55:36.256,1.02295,1.0231,17.80,2.40
2008.03.12 14:55:36.522,1.02295,1.0231,17.80,2.40
2008.03.12 14:55:36.787,1.02295,1.0231,14.60,2.40
2008.03.12 14:55:37.075,1.02295,1.0231,14.60,2.40
2008.03.12 14:55:37.365,1.02295,1.0231,14.60,2.40
2008.03.12 14:55:37.654,1.02295,1.0231,14.60,2.40
2008.03.12 14:55:37.943,1.02295,1.0231,14.60,2.40
2008.03.12 14:55:38.247,1.02295,1.0231,14.60,2.40
2008.03.12 14:55:38.550,1.02295,1.0231,14.60,2.40
2008.03.12 14:55:38.854,1.02295,1.0231,14.60,2.40
2008.03.12 14:55:39.093,1.02295,1.0231,14.60,2.40
2008.03.12 14:55:39.332,1.02295,1.0231,14.60,2.40
2008.03.12 14:55:39.571,1.02295,1.0231,14.60,2.40
2008.03.12 14:55:39.810,1.02295,1.0231,14.60,2.40
2008.03.12 14:55:40.049,1.02295,1.0231,14.60,2.40
2008.03.12 14:55:40.367,1.02295,1.0231,14.60,2.40
2008.03.12 14:55:40.686,1.02295,1.0231,14.60,2.40
2008.03.12 14:55:41.004,1.02295,1.0231,14.60,2.40
2008.03.12 14:55:41.257,1.02295,1.0231,14.60,2.40
2008.03.12 14:55:41.511,1.02295,1.0231,14.60,2.40
2008.03.12 14:55:41.764,1.02295,1.0231,14.60,2.40
2008.03.12 14:55:42.019,1.02295,1.0231,6.60,2.40
2008.03.12 14:55:42.298,1.02295,1.0231,6.60,2.40
2008.03.12 14:55:42.576,1.02295,1.0231,6.60,2.40
2008.03.12 14:55:42.856,1.02295,1.0231,6.60,2.40
2008.03.12 14:55:43.146,1.02315,1.0232,4.00,2.40
2008.03.12 14:55:43.468,1.02315,1.0233,4.00,11.20
2008.03.12 14:55:43.798,1.02305,1.0233,8.20,11.20
2008.03.12 14:55:44.117,1.02305,1.0233,7.40,11.20
2008.03.12 14:55:44.357,1.02305,1.0233,4.20,11.20
2008.03.12 14:55:44.595,1.02305,1.0233,4.20,13.60
2008.03.12 14:55:44.835,1.02305,1.0233,4.20,13.60
2008.03.12 14:55:45.079,1.02305,1.0233,4.20,13.60
2008.03.12 14:55:45.398,1.02305,1.0233,4.20,13.60
2008.03.12 14:55:45.717,1.02305,1.0233,4.20,13.60
2008.03.12 14:55:46.036,1.02305,1.0233,4.20,13.60
2008.03.12 14:55:46.306,1.02305,1.0233,4.20,13.60
2008.03.12 14:55:46.574,1.02305,1.0233,4.20,13.60
2008.03.12 14:55:46.842,1.02305,1.0233,4.20,13.60
2008.03.12 14:55:47.110,1.02305,1.0233,4.20,13.60
2008.03.12 14:55:47.384,1.02305,1.0233,4.20,13.60
2008.03.12 14:55:47.658,1.02305,1.0233,4.20,13.60
2008.03.12 14:55:47.932,1.02305,1.0233,4.20,13.60
2008.03.12 14:55:48.216,1.02305,1.0233,4.00,16.00
2008.03.12 14:55:48.535,1.02305,1.0232,4.00,4.00
2008.03.12 14:55:48.854,1.02305,1.0232,4.00,4.00
2008.03.12 14:55:49.174,1.02315,1.0233,4.00,6.40
2008.03.12 14:55:49.407,1.02315,1.0233,4.00,6.40
2008.03.12 14:55:49.641,1.02315,1.0233,4.00,4.00
2008.03.12 14:55:49.875,1.02315,1.0233,4.00,4.00
2008.03.12 14:55:50.109,1.02315,1.0233,4.00,4.00
2008.03.12 14:55:50.343,1.02315,1.0233,4.00,4.00
2008.03.12 14:55:50.677,1.02315,1.0233,4.00,4.00
2008.03.12 14:55:51.012,1.02315,1.0233,4.00,4.00
2008.03.12 14:55:51.347,1.02315,1.0233,4.00,4.00
2008.03.12 14:55:51.586,1.02315,1.0233,4.00,4.00
2008.03.12 14:55:51.825,1.02315,1.0233,4.00,4.00
2008.03.12 14:55:52.064,1.02315,1.0233,4.00,4.00
2008.03.12 14:55:52.304,1.02325,1.0234,4.00,8.60
2008.03.12 14:55:52.604,1.02325,1.0234,4.00,6.40
2008.03.12 14:55:52.904,1.02325,1.0234,4.00,6.40
2008.03.12 14:55:53.215,1.02325,1.0234,4.00,6.40
2008.03.12 14:55:53.525,1.02325,1.0234,4.00,6.40
2008.03.12 14:55:53.833,1.02325,1.0234,4.00,6.40
2008.03.12 14:55:54.120,1.02325,1.0234,4.00,6.40
2008.03.12 14:55:54.419,1.02325,1.0234,4.00,6.40
2008.03.12 14:55:54.699,1.02325,1.0234,4.00,6.40
2008.03.12 14:55:54.979,1.02325,1.0234,4.00,6.40
2008.03.12 14:55:55.257,1.02325,1.0234,4.00,6.40
2008.03.12 14:55:55.535,1.02325,1.0234,4.00,6.40
2008.03.12 14:55:55.808,1.02325,1.0234,4.00,8.80
2008.03.12 14:55:56.082,1.02325,1.0234,4.00,8.80
2008.03.12 14:55:56.356,1.02325,1.0234,4.00,8.80
2008.03.12 14:55:56.639,1.02325,1.0234,4.00,8.80
2008.03.12 14:55:56.922,1.02325,1.0234,4.00,8.80
2008.03.12 14:55:57.206,1.02325,1.0234,4.00,8.80
2008.03.12 14:55:57.509,1.02325,1.0234,4.00,8.80
2008.03.12 14:55:57.813,1.02325,1.0234,4.00,8.80
2008.03.12 14:55:58.117,1.02325,1.0234,4.00,8.80
2008.03.12 14:55:58.420,1.02325,1.0234,4.00,8.80
2008.03.12 14:55:58.695,1.02325,1.0234,4.00,8.80
2008.03.12 14:55:58.968,1.02325,1.0234,4.00,8.80
2008.03.12 14:55:59.242,1.02325,1.0234,4.00,8.80
2008.03.12 14:55:59.516,1.02325,1.0234,4.00,8.80
2008.03.12 14:55:59.820,1.02325,1.0234,4.00,7.90
2008.03.12 14:56:00.124,1.0233,1.0234,2.80,4.00
2008.03.12 14:56:00.429,1.02335,1.0235,4.00,6.40
2008.03.12 14:56:00.679,1.0234,1.0235,0.90,4.00
2008.03.12 14:56:00.928,1.02345,1.0236,0.30,10.30
2008.03.12 14:56:01.176,1.02345,1.0236,0.30,5.50
2008.03.12 14:56:01.427,1.02345,1.0237,0.30,13.10
2008.03.12 14:56:01.741,1.02345,1.0237,0.30,12.70
2008.03.12 14:56:02.055,1.02345,1.0237,4.20,12.70
2008.03.12 14:56:02.370,1.02345,1.0237,4.20,12.70
2008.03.12 14:56:02.649,1.02345,1.0237,4.20,12.70
2008.03.12 14:56:02.928,1.02345,1.0237,4.20,12.70
2008.03.12 14:56:03.208,1.02355,1.0237,4.20,1.50
2008.03.12 14:56:03.487,1.02355,1.0237,4.20,1.50
2008.03.12 14:56:03.790,1.02355,1.0237,4.00,1.50
2008.03.12 14:56:04.094,1.02355,1.0237,4.00,5.50
2008.03.12 14:56:04.399,1.02355,1.0237,4.20,1.50
2008.03.12 14:56:04.663,1.02355,1.0238,4.20,13.10
2008.03.12 14:56:04.926,1.02355,1.0238,4.20,13.10
2008.03.12 14:56:05.192,1.02355,1.0237,4.00,2.40
2008.03.12 14:56:05.455,1.02355,1.0238,4.00,17.80
2008.03.12 14:56:05.730,1.02355,1.0237,4.00,6.40
2008.03.12 14:56:06.003,1.02355,1.0237,4.00,7.90
2008.03.12 14:56:06.288,1.02355,1.0237,4.00,6.40
2008.03.12 14:56:06.562,1.02355,1.0237,4.00,6.40
2008.03.12 14:56:06.876,1.02355,1.0237,4.00,6.40
2008.03.12 14:56:07.189,1.02355,1.0237,4.00,6.40
2008.03.12 14:56:07.503,1.02355,1.0237,4.00,6.40
2008.03.12 14:56:07.746,1.02355,1.0237,4.00,6.80
2008.03.12 14:56:07.989,1.02355,1.0237,4.00,6.80
2008.03.12 14:56:08.232,1.02355,1.0237,4.00,6.80
2008.03.12 14:56:08.476,1.02355,1.0237,4.00,6.80
2008.03.12 14:56:08.821,1.02355,1.0237,4.00,6.80
2008.03.12 14:56:09.144,1.02355,1.0237,4.00,6.80
2008.03.12 14:56:09.477,1.02355,1.0237,4.00,6.80
2008.03.12 14:56:09.723,1.02355,1.0237,4.00,6.80
2008.03.12 14:56:09.967,1.02355,1.0237,4.00,6.80
2008.03.12 14:56:10.220,1.02355,1.0237,4.00,6.80
2008.03.12 14:56:10.452,1.02355,1.0237,4.00,6.80
2008.03.12 14:56:10.781,1.02355,1.0237,4.00,6.80
2008.03.12 14:56:11.110,1.02355,1.0237,4.00,6.40
2008.03.12 14:56:11.439,1.02355,1.0237,4.00,6.40
2008.03.12 14:56:11.683,1.02355,1.0237,4.00,4.00
2008.03.12 14:56:11.926,1.02355,1.0237,4.00,4.00
2008.03.12 14:56:12.179,1.02355,1.0237,4.00,6.40
2008.03.12 14:56:12.423,1.02355,1.0237,4.00,4.00
2008.03.12 14:56:12.668,1.02355,1.0238,4.20,13.70
2008.03.12 14:56:12.992,1.02355,1.0238,16.20,8.90
2008.03.12 14:56:13.316,1.0236,1.0238,0.30,8.90
2008.03.12 14:56:13.642,1.02365,1.0238,4.00,8.90
2008.03.12 14:56:13.916,1.02365,1.0238,4.00,8.90
2008.03.12 14:56:14.190,1.02365,1.0238,4.00,8.90
2008.03.12 14:56:14.463,1.02365,1.0238,4.00,8.90
2008.03.12 14:56:14.757,1.02365,1.0238,4.00,6.50
2008.03.12 14:56:15.051,1.02365,1.0238,4.00,6.50
2008.03.12 14:56:15.345,1.02365,1.0238,4.00,6.10
2008.03.12 14:56:15.639,1.02365,1.0238,4.00,4.00
2008.03.12 14:56:15.914,1.02365,1.0239,4.20,10.90
2008.03.12 14:56:16.188,1.0237,1.0239,2.60,6.40
2008.03.12 14:56:16.475,1.02375,1.024,4.20,15.60
2008.03.12 14:56:16.737,1.02375,1.024,5.00,11.20
2008.03.12 14:56:17.031,1.0238,1.024,2.40,11.20
2008.03.12 14:56:17.325,1.02375,1.024,5.00,13.60
2008.03.12 14:56:17.619,1.02375,1.024,5.00,13.60
2008.03.12 14:56:17.884,1.02375,1.024,5.00,13.60
2008.03.12 14:56:18.147,1.02375,1.024,5.00,13.60
2008.03.12 14:56:18.411,1.02375,1.024,5.00,13.60
2008.03.12 14:56:18.675,1.02375,1.024,5.00,13.60
2008.03.12 14:56:18.984,1.02375,1.024,5.00,13.60
2008.03.12 14:56:19.292,1.02375,1.024,5.00,13.60
2008.03.12 14:56:19.600,1.02375,1.024,5.00,13.60
2008.03.12 14:56:19.884,1.02375,1.024,5.00,13.60
2008.03.12 14:56:20.169,1.02375,1.024,5.00,13.60
2008.03.12 14:56:20.452,1.02375,1.024,5.00,13.60
2008.03.12 14:56:20.735,1.02375,1.024,4.20,13.60
2008.03.12 14:56:20.978,1.02375,1.0239,4.00,4.80
2008.03.12 14:56:21.222,1.0238,1.0239,0.30,8.80
2008.03.12 14:56:21.466,1.02385,1.024,4.00,17.60
2008.03.12 14:56:21.711,1.02375,1.0239,0.80,4.80
2008.03.12 14:56:22.037,1.0237,1.02395,0.30,3.20
2008.03.12 14:56:22.351,1.0237,1.02395,0.30,3.20
2008.03.12 14:56:22.664,1.0237,1.02395,0.30,3.20
2008.03.12 14:56:22.942,1.0237,1.02395,0.30,3.20
2008.03.12 14:56:23.221,1.0237,1.02395,0.30,3.20
2008.03.12 14:56:23.499,1.0237,1.02395,0.30,3.20
2008.03.12 14:56:23.777,1.0237,1.02395,0.30,3.20
2008.03.12 14:56:24.063,1.0237,1.02395,0.30,3.20
2008.03.12 14:56:24.347,1.0237,1.0239,0.30,4.80
2008.03.12 14:56:24.632,1.02365,1.0239,6.60,4.80
2008.03.12 14:56:24.915,1.02365,1.0239,6.60,8.80
2008.03.12 14:56:25.220,1.02365,1.0239,6.60,8.80
2008.03.12 14:56:25.524,1.02365,1.0239,6.60,8.80
2008.03.12 14:56:25.827,1.02365,1.0239,6.60,9.20
2008.03.12 14:56:26.086,1.02365,1.0239,6.60,9.20
2008.03.12 14:56:26.334,1.02365,1.0239,6.60,9.20
2008.03.12 14:56:26.584,1.02365,1.0239,6.60,9.20
2008.03.12 14:56:26.834,1.02365,1.0239,6.60,9.20
2008.03.12 14:56:27.154,1.02365,1.0239,6.60,9.20
2008.03.12 14:56:27.474,1.02365,1.0239,6.60,9.20
2008.03.12 14:56:27.794,1.02365,1.0238,4.20,2.40
2008.03.12 14:56:28.053,1.02365,1.0238,4.20,2.80
2008.03.12 14:56:28.315,1.02365,1.0237,4.00,2.40
2008.03.12 14:56:28.576,1.02355,1.0238,9.80,11.50
2008.03.12 14:56:28.815,1.02355,1.0238,6.60,12.20
2008.03.12 14:56:29.143,1.02355,1.0238,6.60,12.20
2008.03.12 14:56:29.472,1.02355,1.0238,6.60,11.80
2008.03.12 14:56:29.801,1.02355,1.0238,6.60,11.80
2008.03.12 14:56:30.045,1.02355,1.0238,6.60,11.00
2008.03.12 14:56:30.289,1.02355,1.0238,6.60,9.40
2008.03.12 14:56:30.542,1.02355,1.0238,6.60,12.40
2008.03.12 14:56:30.786,1.02355,1.0238,6.60,12.40
2008.03.12 14:56:31.120,1.02355,1.0238,6.60,12.40
2008.03.12 14:56:31.454,1.02355,1.0237,6.60,2.40
2008.03.12 14:56:31.788,1.02355,1.02375,6.60,0.10
2008.03.12 14:56:32.029,1.02355,1.02375,6.60,0.10
2008.03.12 14:56:32.269,1.0236,1.0238,0.30,8.80
2008.03.12 14:56:32.507,1.02365,1.0238,4.00,8.80
2008.03.12 14:56:32.746,1.02365,1.0238,4.00,9.60
2008.03.12 14:56:33.067,1.02355,1.0238,6.60,8.80
2008.03.12 14:56:33.385,1.02355,1.0238,6.60,8.80
2008.03.12 14:56:33.705,1.02355,1.0238,6.60,8.80
2008.03.12 14:56:34.024,1.02355,1.0238,6.60,8.80
2008.03.12 14:56:34.298,1.02355,1.0238,6.60,8.80
2008.03.12 14:56:34.572,1.02355,1.0238,6.60,8.80
2008.03.12 14:56:34.846,1.02355,1.0238,6.60,8.80
2008.03.12 14:56:35.142,1.02355,1.0238,6.60,6.40
2008.03.12 14:56:35.416,1.0236,1.02385,0.30,3.20
2008.03.12 14:56:35.700,1.0236,1.02385,0.30,3.20
2008.03.12 14:56:35.984,1.0236,1.02385,0.30,3.20
2008.03.12 14:56:36.262,1.0236,1.02385,0.30,3.20
2008.03.12 14:56:36.542,1.0236,1.02385,0.30,3.20
2008.03.12 14:56:36.819,1.0236,1.02385,0.30,3.20
2008.03.12 14:56:37.097,1.0236,1.02385,0.30,3.20
2008.03.12 14:56:37.391,1.0236,1.02385,0.30,3.20
2008.03.12 14:56:37.674,1.0236,1.02385,0.30,3.20
2008.03.12 14:56:37.959,1.0236,1.02385,0.30,3.20
2008.03.12 14:56:38.267,1.0236,1.02385,0.30,3.20
2008.03.12 14:56:38.575,1.0236,1.02385,0.30,3.20
2008.03.12 14:56:38.882,1.0236,1.02385,0.30,3.20
2008.03.12 14:56:39.192,1.0236,1.02385,0.30,3.20
2008.03.12 14:56:39.450,1.0236,1.02385,0.30,3.20
2008.03.12 14:56:39.710,1.0236,1.02385,0.30,3.20
2008.03.12 14:56:39.970,1.0236,1.0238,0.30,2.40
2008.03.12 14:56:40.273,1.0236,1.0238,0.30,9.60
2008.03.12 14:56:40.577,1.02355,1.0238,4.20,13.60
2008.03.12 14:56:40.881,1.02355,1.0238,4.20,13.60
2008.03.12 14:56:41.184,1.02355,1.0238,6.60,11.20
2008.03.12 14:56:41.443,1.02355,1.0238,4.20,13.60
2008.03.12 14:56:41.702,1.02355,1.0238,4.20,13.60
2008.03.12 14:56:41.960,1.02355,1.0238,4.20,13.60
2008.03.12 14:56:42.255,1.02355,1.0238,4.20,13.60
2008.03.12 14:56:42.560,1.02355,1.0238,4.20,13.60
2008.03.12 14:56:42.856,1.02355,1.0238,4.20,13.60
2008.03.12 14:56:43.150,1.02355,1.0238,4.20,13.60
2008.03.12 14:56:43.459,1.02355,1.0238,4.20,13.60
2008.03.12 14:56:43.768,1.02355,1.0238,7.40,13.60
2008.03.12 14:56:44.077,1.02355,1.0238,4.20,13.60
2008.03.12 14:56:44.325,1.02355,1.0238,4.20,13.60
2008.03.12 14:56:44.575,1.02355,1.0238,4.20,13.60
2008.03.12 14:56:44.823,1.02355,1.0238,4.20,13.60
2008.03.12 14:56:45.071,1.02355,1.0238,4.20,13.60
2008.03.12 14:56:45.370,1.02355,1.0238,4.20,14.00
2008.03.12 14:56:45.669,1.02355,1.0238,4.20,14.00
2008.03.12 14:56:45.967,1.02355,1.0238,4.20,14.00
2008.03.12 14:56:46.267,1.02355,1.0238,4.20,14.00
2008.03.12 14:56:46.534,1.02355,1.0238,4.20,14.00
2008.03.12 14:56:46.802,1.02355,1.0238,4.20,13.60
2008.03.12 14:56:47.073,1.02355,1.0238,4.20,13.60
2008.03.12 14:56:47.351,1.02355,1.0238,4.20,13.60
2008.03.12 14:56:47.629,1.02355,1.0238,4.20,13.60
2008.03.12 14:56:47.908,1.02355,1.0238,6.60,8.80
2008.03.12 14:56:48.188,1.02355,1.0238,9.80,8.80
2008.03.12 14:56:48.497,1.02355,1.0238,9.80,8.80
2008.03.12 14:56:48.807,1.0236,1.0238,3.20,6.40
2008.03.12 14:56:49.115,1.0236,1.0238,5.80,4.00
2008.03.12 14:56:49.424,1.0236,1.0238,5.80,4.00
2008.03.12 14:56:49.678,1.02365,1.0238,4.00,4.00
2008.03.12 14:56:49.932,1.02365,1.0238,4.00,4.00
2008.03.12 14:56:50.186,1.02365,1.0238,4.00,4.00
2008.03.12 14:56:50.464,1.02365,1.0238,4.00,4.00
2008.03.12 14:56:50.743,1.02365,1.0238,4.00,4.00
2008.03.12 14:56:51.023,1.02365,1.0238,4.00,4.00
2008.03.12 14:56:51.301,1.02365,1.0238,4.00,4.00
2008.03.12 14:56:51.600,1.02365,1.0238,4.00,4.00
2008.03.12 14:56:51.900,1.02365,1.0238,4.00,4.00
2008.03.12 14:56:52.198,1.02365,1.0238,4.00,4.00
2008.03.12 14:56:52.500,1.02365,1.0238,4.00,4.00
2008.03.12 14:56:52.770,1.02365,1.0238,4.00,4.00
2008.03.12 14:56:53.035,1.02365,1.0238,4.00,4.00
2008.03.12 14:56:53.278,1.02365,1.0238,4.00,4.00
2008.03.12 14:56:53.593,1.02365,1.0238,4.00,4.00
2008.03.12 14:56:53.906,1.02365,1.0238,4.00,4.00
2008.03.12 14:56:54.222,1.02365,1.0238,4.00,4.00
2008.03.12 14:56:54.541,1.02365,1.0238,4.00,4.00
2008.03.12 14:56:54.841,1.02365,1.0238,4.00,4.00
2008.03.12 14:56:55.140,1.02365,1.0238,4.00,4.00
2008.03.12 14:56:55.439,1.02365,1.0238,4.00,4.00
2008.03.12 14:56:55.667,1.02365,1.0238,4.00,4.00
2008.03.12 14:56:55.896,1.02365,1.0238,4.00,4.00
2008.03.12 14:56:56.139,1.02365,1.0238,4.00,4.00
2008.03.12 14:56:56.370,1.02365,1.0238,4.00,4.00
2008.03.12 14:56:56.598,1.02365,1.0238,4.00,4.00
2008.03.12 14:56:56.932,1.02365,1.0238,4.00,4.00
2008.03.12 14:56:57.267,1.02365,1.0238,4.00,4.00
2008.03.12 14:56:57.600,1.02365,1.0238,4.00,4.00
2008.03.12 14:56:57.845,1.02365,1.0238,4.00,4.00
2008.03.12 14:56:58.089,1.02365,1.0238,4.00,4.00
2008.03.12 14:56:58.332,1.02365,1.0238,4.00,4.00
2008.03.12 14:56:58.577,1.02375,1.0239,4.00,9.20
2008.03.12 14:56:58.911,1.02375,1.0239,4.00,8.80
2008.03.12 14:56:59.246,1.02375,1.0239,4.00,9.20
2008.03.12 14:56:59.581,1.02365,1.0239,6.60,9.20
2008.03.12 14:56:59.819,1.02365,1.0239,6.60,9.20
2008.03.12 14:57:00.064,1.02365,1.0239,6.60,9.20
2008.03.12 14:57:00.302,1.02365,1.0239,6.60,9.20
2008.03.12 14:57:00.540,1.02365,1.0239,6.60,9.20
2008.03.12 14:57:00.876,1.02365,1.0239,6.60,9.20
2008.03.12 14:57:01.209,1.02365,1.0239,6.60,9.20
2008.03.12 14:57:01.542,1.02365,1.0239,6.60,9.20
2008.03.12 14:57:01.780,1.02365,1.0239,6.60,9.20
2008.03.12 14:57:02.019,1.02365,1.0239,6.60,9.20
2008.03.12 14:57:02.258,1.02365,1.0239,6.60,9.20
2008.03.12 14:57:02.495,1.02365,1.0239,6.60,9.20
2008.03.12 14:57:02.734,1.02365,1.0239,6.60,8.80
2008.03.12 14:57:03.043,1.02365,1.0239,6.60,8.80
2008.03.12 14:57:03.351,1.02365,1.0239,6.60,8.80
2008.03.12 14:57:03.660,1.02365,1.0239,6.60,8.80
2008.03.12 14:57:03.934,1.02365,1.0239,6.60,8.80
2008.03.12 14:57:04.207,1.02365,1.0239,6.60,8.80
2008.03.12 14:57:04.491,1.02365,1.0239,6.60,8.80
2008.03.12 14:57:04.765,1.02365,1.0239,6.60,8.80
2008.03.12 14:57:05.065,1.02365,1.0239,6.60,8.80
2008.03.12 14:57:05.363,1.02365,1.0239,6.60,8.80
2008.03.12 14:57:05.664,1.02365,1.0239,6.60,8.80
2008.03.12 14:57:05.953,1.02365,1.0239,6.60,8.80
2008.03.12 14:57:06.241,1.02365,1.0239,6.60,8.80
2008.03.12 14:57:06.539,1.02365,1.0239,6.60,8.80
2008.03.12 14:57:06.817,1.02365,1.0239,6.60,8.80
2008.03.12 14:57:07.072,1.02365,1.0239,6.60,8.80
2008.03.12 14:57:07.325,1.02365,1.0239,6.60,8.80
2008.03.12 14:57:07.579,1.02365,1.0239,6.60,8.80
2008.03.12 14:57:07.832,1.02365,1.0239,6.60,8.80
2008.03.12 14:57:08.141,1.02365,1.0239,6.60,8.80
2008.03.12 14:57:08.451,1.02365,1.0239,6.60,8.80
2008.03.12 14:57:08.760,1.02365,1.0239,6.60,8.80
2008.03.12 14:57:09.073,1.02365,1.0239,6.60,8.80
2008.03.12 14:57:09.387,1.02365,1.0239,4.20,13.60
2008.03.12 14:57:09.701,1.0237,1.0239,0.60,8.80
2008.03.12 14:57:10.016,1.02375,1.0239,4.80,8.80
2008.03.12 14:57:10.275,1.02375,1.0239,4.80,6.40
2008.03.12 14:57:10.534,1.02375,1.0239,4.80,6.40
2008.03.12 14:57:10.793,1.02375,1.0239,4.80,6.40
2008.03.12 14:57:11.081,1.02375,1.0239,4.80,6.40
2008.03.12 14:57:11.370,1.02375,1.0239,4.80,6.40
2008.03.12 14:57:11.660,1.02375,1.0239,5.00,4.00
2008.03.12 14:57:11.949,1.02375,1.024,5.00,14.00
2008.03.12 14:57:12.218,1.0238,1.024,0.30,8.80
2008.03.12 14:57:12.487,1.0238,1.024,0.30,8.80
2008.03.12 14:57:12.755,1.02385,1.024,4.00,8.80
2008.03.12 14:57:13.025,1.02385,1.024,4.00,8.80
2008.03.12 14:57:13.328,1.02385,1.024,4.00,8.80
2008.03.12 14:57:13.631,1.02385,1.024,4.00,8.80
2008.03.12 14:57:13.933,1.02385,1.024,4.00,8.80
2008.03.12 14:57:14.197,1.02385,1.024,4.00,8.80
2008.03.12 14:57:14.461,1.02385,1.024,4.00,8.80
2008.03.12 14:57:14.725,1.02385,1.024,4.00,8.80
2008.03.12 14:57:14.988,1.02385,1.024,4.00,8.80
2008.03.12 14:57:15.286,1.02385,1.024,4.00,8.80
2008.03.12 14:57:15.585,1.02385,1.024,4.00,8.80
2008.03.12 14:57:15.883,1.02385,1.024,4.00,8.80
2008.03.12 14:57:16.149,1.02385,1.024,4.00,8.80
2008.03.12 14:57:16.413,1.02385,1.024,4.00,8.80
2008.03.12 14:57:16.677,1.02385,1.024,4.00,8.80
2008.03.12 14:57:16.940,1.02385,1.024,4.00,8.80
2008.03.12 14:57:17.217,1.02385,1.024,4.00,11.20
2008.03.12 14:57:17.471,1.02375,1.024,5.00,13.60
2008.03.12 14:57:17.736,1.02375,1.024,5.00,13.60
2008.03.12 14:57:18.000,1.02375,1.024,5.00,14.00
2008.03.12 14:57:18.293,1.02375,1.024,7.40,11.60
2008.03.12 14:57:18.589,1.02375,1.024,7.40,8.80
2008.03.12 14:57:18.894,1.02375,1.024,5.00,13.60
2008.03.12 14:57:19.208,1.02375,1.024,5.00,13.60
2008.03.12 14:57:19.516,1.02375,1.024,5.00,13.60
2008.03.12 14:57:19.840,1.02375,1.024,5.00,13.60
2008.03.12 14:57:20.149,1.02375,1.024,5.00,13.60
2008.03.12 14:57:20.407,1.02375,1.024,5.00,13.60
2008.03.12 14:57:20.666,1.02375,1.024,5.00,14.00
2008.03.12 14:57:20.925,1.02375,1.024,5.00,13.60
2008.03.12 14:57:21.185,1.0238,1.024,0.30,13.60
2008.03.12 14:57:21.506,1.02385,1.024,4.00,8.80
2008.03.12 14:57:21.814,1.02385,1.024,4.00,8.80
2008.03.12 14:57:22.122,1.02385,1.024,4.00,8.80
2008.03.12 14:57:22.366,1.02385,1.024,4.00,8.80
2008.03.12 14:57:22.610,1.02385,1.024,4.00,8.80
2008.03.12 14:57:22.853,1.02385,1.024,4.00,8.80
2008.03.12 14:57:23.097,1.02385,1.024,4.00,8.80
2008.03.12 14:57:23.430,1.02385,1.024,4.00,8.80
2008.03.12 14:57:23.764,1.02385,1.024,4.00,8.80
2008.03.12 14:57:24.097,1.02385,1.024,4.00,8.80
2008.03.12 14:57:24.336,1.02385,1.024,4.00,8.80
2008.03.12 14:57:24.564,1.02385,1.024,4.00,8.80
2008.03.12 14:57:24.794,1.02385,1.024,4.00,8.80
2008.03.12 14:57:25.022,1.02385,1.024,4.00,8.80
2008.03.12 14:57:25.250,1.02385,1.024,4.00,8.80
2008.03.12 14:57:25.583,1.02385,1.024,4.00,8.80
2008.03.12 14:57:25.916,1.02385,1.024,4.00,8.80
2008.03.12 14:57:26.249,1.02385,1.024,4.00,11.20
2008.03.12 14:57:26.498,1.02385,1.024,4.00,13.60
2008.03.12 14:57:26.748,1.02385,1.024,4.00,8.80
2008.03.12 14:57:27.003,1.02375,1.024,7.40,9.20
2008.03.12 14:57:27.251,1.02375,1.024,7.40,8.80
2008.03.12 14:57:27.569,1.02375,1.024,7.40,9.20
2008.03.12 14:57:27.890,1.02375,1.024,7.40,8.80
2008.03.12 14:57:28.208,1.02375,1.024,7.40,9.20
2008.03.12 14:57:28.467,1.02375,1.024,7.40,9.20
2008.03.12 14:57:28.726,1.02375,1.024,7.40,9.20
2008.03.12 14:57:28.985,1.02375,1.024,7.40,8.80
2008.03.12 14:57:29.243,1.02375,1.024,7.40,8.80
2008.03.12 14:57:29.547,1.02375,1.024,7.40,8.80
2008.03.12 14:57:29.850,1.02375,1.024,7.40,8.80
2008.03.12 14:57:30.155,1.02375,1.024,7.40,8.80
2008.03.12 14:57:30.444,1.02375,1.024,7.40,8.80
2008.03.12 14:57:30.733,1.02375,1.024,7.40,8.80
2008.03.12 14:57:31.022,1.02375,1.024,7.40,8.80
2008.03.12 14:57:31.311,1.02375,1.024,7.40,8.80
2008.03.12 14:57:31.556,1.0238,1.024,0.30,8.80
2008.03.12 14:57:31.801,1.0238,1.024,0.30,8.80
2008.03.12 14:57:32.044,1.02385,1.024,4.00,8.80
2008.03.12 14:57:32.288,1.02385,1.024,4.00,8.80
2008.03.12 14:57:32.620,1.02385,1.024,4.00,8.80
2008.03.12 14:57:32.955,1.02385,1.024,4.00,6.40
2008.03.12 14:57:33.289,1.02385,1.024,4.00,4.00
2008.03.12 14:57:33.547,1.02385,1.024,4.00,4.00
2008.03.12 14:57:33.809,1.02385,1.024,4.80,4.00
2008.03.12 14:57:34.067,1.02385,1.024,4.80,6.40
2008.03.12 14:57:34.325,1.02385,1.024,4.80,6.40
2008.03.12 14:57:34.629,1.02385,1.024,4.80,6.40
2008.03.12 14:57:34.932,1.02385,1.024,4.80,6.40
2008.03.12 14:57:35.236,1.02385,1.024,4.80,6.40
2008.03.12 14:57:35.541,1.02385,1.024,4.00,6.40
2008.03.12 14:57:35.823,1.02385,1.024,4.00,11.20
2008.03.12 14:57:36.101,1.02385,1.024,4.00,11.20
2008.03.12 14:57:36.379,1.02385,1.024,4.00,11.20
2008.03.12 14:57:36.632,1.02385,1.024,4.00,11.20
2008.03.12 14:57:36.887,1.02385,1.024,4.00,6.40
2008.03.12 14:57:37.141,1.02385,1.024,4.00,11.20
2008.03.12 14:57:37.394,1.02385,1.024,4.00,11.20
2008.03.12 14:57:37.687,1.02385,1.024,4.00,11.20
2008.03.12 14:57:37.981,1.02385,1.024,4.00,8.80
2008.03.12 14:57:38.275,1.02385,1.024,4.00,6.40
2008.03.12 14:57:38.569,1.02385,1.024,4.00,6.40
2008.03.12 14:57:38.878,1.02385,1.024,4.00,6.40
2008.03.12 14:57:39.187,1.02385,1.024,4.00,6.40
2008.03.12 14:57:39.496,1.02385,1.024,4.00,6.40
2008.03.12 14:57:39.745,1.02385,1.024,4.00,6.40
2008.03.12 14:57:39.993,1.02385,1.024,4.00,6.40
2008.03.12 14:57:40.240,1.02385,1.024,4.00,6.40
2008.03.12 14:57:40.489,1.02385,1.024,4.00,6.40
2008.03.12 14:57:40.793,1.02385,1.024,4.00,6.40
2008.03.12 14:57:41.096,1.02385,1.024,4.00,6.40
2008.03.12 14:57:41.400,1.02385,1.024,4.00,6.40
2008.03.12 14:57:41.704,1.02385,1.024,4.00,8.80
2008.03.12 14:57:41.993,1.02385,1.024,4.00,8.80
2008.03.12 14:57:42.284,1.02385,1.024,4.00,8.80
2008.03.12 14:57:42.572,1.02385,1.024,4.00,8.80
2008.03.12 14:57:42.812,1.02385,1.024,4.00,8.80
2008.03.12 14:57:43.051,1.02385,1.0241,4.00,16.50
2008.03.12 14:57:43.303,1.02385,1.0241,4.20,16.60
2008.03.12 14:57:43.542,1.0239,1.0241,0.30,15.20
2008.03.12 14:57:43.791,1.0239,1.0241,0.30,14.40
2008.03.12 14:57:44.125,1.0239,1.0241,0.30,14.40
2008.03.12 14:57:44.460,1.0239,1.0241,0.30,14.40
2008.03.12 14:57:44.794,1.0239,1.0241,0.30,14.40
2008.03.12 14:57:45.027,1.0239,1.0241,0.30,14.40
2008.03.12 14:57:45.268,1.0239,1.0241,0.30,14.40
2008.03.12 14:57:45.495,1.0239,1.0241,0.30,14.40
2008.03.12 14:57:45.724,1.0239,1.0241,0.30,14.40
2008.03.12 14:57:46.057,1.0239,1.0241,0.30,14.40
2008.03.12 14:57:46.392,1.0239,1.0241,0.30,14.40
2008.03.12 14:57:46.736,1.0239,1.0241,0.30,13.60
2008.03.12 14:57:46.964,1.0239,1.0241,0.30,13.60
2008.03.12 14:57:47.194,1.0239,1.0241,0.30,13.60
2008.03.12 14:57:47.422,1.0239,1.0241,0.30,13.60
2008.03.12 14:57:47.654,1.0239,1.0241,0.30,13.60
2008.03.12 14:57:47.964,1.0239,1.0241,0.30,13.60
2008.03.12 14:57:48.251,1.0239,1.0241,0.30,13.60
2008.03.12 14:57:48.550,1.0239,1.0241,0.30,13.60
2008.03.12 14:57:48.849,1.0239,1.0241,0.30,13.60
2008.03.12 14:57:49.169,1.0239,1.0241,0.30,13.60
2008.03.12 14:57:49.488,1.0239,1.0241,0.30,13.60
2008.03.12 14:57:49.807,1.0239,1.0241,0.30,13.60
2008.03.12 14:57:50.016,1.0239,1.0241,0.30,13.60
2008.03.12 14:57:50.223,1.0239,1.0241,0.30,13.60
2008.03.12 14:57:50.432,1.0239,1.0241,0.30,13.60
2008.03.12 14:57:50.641,1.0239,1.0241,0.30,13.60
2008.03.12 14:57:50.849,1.0239,1.0241,0.30,13.60
2008.03.12 14:57:51.182,1.0239,1.0241,0.30,13.60
2008.03.12 14:57:51.520,1.0239,1.0241,0.30,13.60
2008.03.12 14:57:51.854,1.0239,1.0241,0.30,13.60
2008.03.12 14:57:52.082,1.0239,1.0241,0.30,13.60
2008.03.12 14:57:52.311,1.0239,1.0241,0.30,13.60
2008.03.12 14:57:52.540,1.0239,1.0241,0.30,13.60
2008.03.12 14:57:52.769,1.0239,1.0241,0.30,13.60
2008.03.12 14:57:52.998,1.0239,1.0241,0.30,13.60
2008.03.12 14:57:53.332,1.0239,1.0241,0.30,13.60
2008.03.12 14:57:53.667,1.0239,1.0241,0.30,13.60
2008.03.12 14:57:54.000,1.0239,1.0241,0.30,13.60
2008.03.12 14:57:54.269,1.0239,1.0241,0.30,13.60
2008.03.12 14:57:54.538,1.0239,1.0241,0.30,13.60
2008.03.12 14:57:54.807,1.0239,1.0241,0.30,13.60
2008.03.12 14:57:55.077,1.0239,1.0241,0.30,8.80
2008.03.12 14:57:55.347,1.0239,1.0241,0.30,11.20
2008.03.12 14:57:55.617,1.0239,1.0241,0.30,13.80
2008.03.12 14:57:55.887,1.0239,1.0241,0.30,13.80
2008.03.12 14:57:56.177,1.0239,1.0241,0.30,13.80
2008.03.12 14:57:56.466,1.0239,1.0241,0.30,13.60
2008.03.12 14:57:56.754,1.0239,1.0241,0.30,13.60
2008.03.12 14:57:57.055,1.0239,1.0241,0.30,13.60
2008.03.12 14:57:57.337,1.0239,1.0241,0.30,13.60
2008.03.12 14:57:57.629,1.0239,1.0241,0.30,13.60
2008.03.12 14:57:57.923,1.0239,1.0241,0.30,13.60
2008.03.12 14:57:58.217,1.0239,1.0241,0.30,13.60
2008.03.12 14:57:58.506,1.0239,1.0241,0.30,13.60
2008.03.12 14:57:58.794,1.0239,1.0241,0.30,13.60
2008.03.12 14:57:59.083,1.0239,1.0241,0.30,13.60
2008.03.12 14:57:59.362,1.0239,1.0241,0.30,13.60
2008.03.12 14:57:59.641,1.0239,1.024,0.30,2.40
2008.03.12 14:57:59.920,1.0239,1.024,0.30,2.40
2008.03.12 14:58:00.200,1.02385,1.024,4.20,2.40
2008.03.12 14:58:00.468,1.02385,1.024,4.20,2.40
2008.03.12 14:58:00.738,1.02385,1.024,4.20,8.80
2008.03.12 14:58:01.007,1.02385,1.024,4.20,8.80
2008.03.12 14:58:01.276,1.02385,1.024,4.20,8.80
2008.03.12 14:58:01.571,1.0238,1.024,0.30,9.60
2008.03.12 14:58:01.864,1.0238,1.024,0.30,14.40
2008.03.12 14:58:02.157,1.02385,1.024,4.00,13.60
2008.03.12 14:58:02.463,1.0238,1.024,0.30,13.60
2008.03.12 14:58:02.757,1.02385,1.024,0.30,4.00
2008.03.12 14:58:03.051,1.02385,1.02405,0.30,3.20
2008.03.12 14:58:03.332,1.02385,1.024,0.30,4.80
2008.03.12 14:58:03.612,1.0238,1.024,0.30,9.60
2008.03.12 14:58:03.891,1.0238,1.024,0.30,10.00
2008.03.12 14:58:04.170,1.0238,1.024,0.30,14.00
2008.03.12 14:58:04.478,1.0238,1.024,0.30,14.00
2008.03.12 14:58:04.788,1.0238,1.024,0.30,14.00
2008.03.12 14:58:05.098,1.0238,1.024,0.30,14.00
2008.03.12 14:58:05.341,1.0238,1.024,0.30,14.00
2008.03.12 14:58:05.585,1.0238,1.024,0.30,14.00
2008.03.12 14:58:05.828,1.0238,1.024,0.30,14.00
2008.03.12 14:58:06.072,1.0238,1.024,0.30,14.00
2008.03.12 14:58:06.315,1.0238,1.024,0.30,14.00
2008.03.12 14:58:06.630,1.0238,1.024,0.30,14.00
2008.03.12 14:58:06.943,1.0238,1.024,0.30,14.00
2008.03.12 14:58:07.256,1.0238,1.024,0.30,14.00
2008.03.12 14:58:07.515,1.0238,1.024,0.30,14.00
2008.03.12 14:58:07.773,1.0238,1.024,0.30,14.00
2008.03.12 14:58:08.041,1.0238,1.024,0.30,14.00
2008.03.12 14:58:08.301,1.0238,1.024,0.30,14.00
2008.03.12 14:58:08.615,1.02375,1.0239,4.20,2.40
2008.03.12 14:58:08.929,1.0237,1.0239,0.30,8.80
2008.03.12 14:58:09.243,1.0237,1.0239,0.30,8.80
2008.03.12 14:58:09.527,1.02375,1.024,0.30,25.80
2008.03.12 14:58:09.811,1.0237,1.024,0.30,28.50
2008.03.12 14:58:10.095,1.0237,1.024,0.30,27.80
2008.03.12 14:58:10.380,1.0237,1.024,0.30,27.80
2008.03.12 14:58:10.618,1.02375,1.024,0.30,27.80
2008.03.12 14:58:10.857,1.02375,1.024,0.30,22.20
2008.03.12 14:58:11.096,1.02375,1.024,0.30,22.20
2008.03.12 14:58:11.336,1.02375,1.024,0.30,22.20
2008.03.12 14:58:11.671,1.0237,1.024,0.30,22.20
2008.03.12 14:58:12.005,1.0237,1.024,0.30,24.60
2008.03.12 14:58:12.341,1.02375,1.024,0.30,22.20
2008.03.12 14:58:12.594,1.02375,1.024,0.30,22.20
2008.03.12 14:58:12.838,1.02375,1.024,0.30,22.20
2008.03.12 14:58:13.081,1.02375,1.024,0.30,22.20
2008.03.12 14:58:13.325,1.02375,1.024,0.30,22.60
2008.03.12 14:58:13.659,1.0237,1.0239,0.30,4.80
2008.03.12 14:58:13.993,1.0237,1.0239,0.30,8.80
2008.03.12 14:58:14.327,1.0237,1.0239,0.30,8.80
2008.03.12 14:58:14.561,1.0237,1.0239,0.30,8.80
2008.03.12 14:58:14.796,1.0237,1.0239,0.30,8.80
2008.03.12 14:58:15.030,1.02375,1.0239,0.80,6.40
2008.03.12 14:58:15.264,1.02375,1.0239,1.00,4.00
2008.03.12 14:58:15.598,1.0238,1.024,0.30,8.80
2008.03.12 14:58:15.933,1.0238,1.024,0.30,8.80
2008.03.12 14:58:16.268,1.0238,1.024,0.30,8.80
2008.03.12 14:58:16.508,1.0238,1.024,0.30,8.80
2008.03.12 14:58:16.747,1.0238,1.024,0.30,8.80
2008.03.12 14:58:16.986,1.0238,1.024,0.30,8.80
2008.03.12 14:58:17.226,1.0238,1.024,0.30,8.80
2008.03.12 14:58:17.465,1.0238,1.024,0.30,8.80
2008.03.12 14:58:17.779,1.0238,1.024,0.30,8.80
2008.03.12 14:58:18.093,1.0238,1.024,0.30,8.80
2008.03.12 14:58:18.410,1.0238,1.024,0.30,8.80
2008.03.12 14:58:18.698,1.0238,1.024,0.30,8.80
2008.03.12 14:58:18.988,1.0238,1.024,0.30,8.80
2008.03.12 14:58:19.279,1.0238,1.024,0.30,8.80
2008.03.12 14:58:19.568,1.0238,1.024,0.30,9.20
2008.03.12 14:58:19.853,1.0238,1.024,0.30,9.20
2008.03.12 14:58:20.138,1.0238,1.024,0.30,9.20
2008.03.12 14:58:20.422,1.0238,1.024,0.30,14.00
2008.03.12 14:58:20.691,1.0238,1.024,0.30,14.00
2008.03.12 14:58:20.962,1.0238,1.024,0.30,11.60
2008.03.12 14:58:21.240,1.0238,1.024,0.30,9.20
2008.03.12 14:58:21.509,1.0238,1.024,0.30,9.20
2008.03.12 14:58:21.789,1.0238,1.024,0.30,9.20
2008.03.12 14:58:22.067,1.0238,1.024,0.30,9.20
2008.03.12 14:58:22.345,1.0238,1.024,0.30,9.20
2008.03.12 14:58:22.622,1.0238,1.024,0.30,9.20
2008.03.12 14:58:22.917,1.0238,1.024,0.30,9.20
2008.03.12 14:58:23.211,1.0238,1.024,0.30,9.20
2008.03.12 14:58:23.508,1.0238,1.024,0.30,8.80
2008.03.12 14:58:23.811,1.0238,1.024,0.30,8.80
2008.03.12 14:58:24.120,1.0238,1.024,0.30,8.80
2008.03.12 14:58:24.428,1.0238,1.024,0.30,13.60
2008.03.12 14:58:24.731,1.0238,1.024,0.30,8.80
2008.03.12 14:58:25.000,1.0238,1.024,0.30,8.80
2008.03.12 14:58:25.279,1.0238,1.024,0.30,8.80
2008.03.12 14:58:25.560,1.0238,1.024,0.30,8.80
2008.03.12 14:58:25.819,1.0238,1.024,0.30,8.80
2008.03.12 14:58:26.091,1.0238,1.024,0.30,8.80
2008.03.12 14:58:28.164,1.0238,1.024,0.30,8.80
2008.03.12 14:58:28.264,1.0238,1.024,0.30,8.80
2008.03.12 14:58:28.375,1.0238,1.024,0.30,8.80
2008.03.12 14:58:28.498,1.0238,1.024,0.30,8.80
2008.03.12 14:58:28.602,1.0238,1.024,0.30,8.80
2008.03.12 14:58:28.705,1.0238,1.024,0.30,8.80
2008.03.12 14:58:28.810,1.0238,1.024,0.30,8.80
2008.03.12 14:58:28.923,1.0238,1.024,0.30,8.80
2008.03.12 14:58:29.027,1.0238,1.024,0.30,8.80
2008.03.12 14:58:29.130,1.0238,1.024,0.30,8.80
2008.03.12 14:58:30.130,1.0238,1.024,0.30,8.80
2008.03.12 14:58:30.464,1.0238,1.024,0.30,8.80
2008.03.12 14:58:30.559,1.0238,1.024,0.30,8.80
2008.03.12 14:58:30.654,1.0238,1.024,0.30,8.80
2008.03.12 14:58:30.754,1.0238,1.024,0.30,8.80
2008.03.12 14:58:30.845,1.0238,1.024,0.30,8.80
2008.03.12 14:58:30.939,1.0238,1.024,0.30,8.80
2008.03.12 14:58:31.032,1.0238,1.024,0.30,8.80
2008.03.12 14:58:31.125,1.0238,1.024,0.30,8.80
2008.03.12 14:58:31.219,1.0238,1.024,0.30,8.80
2008.03.12 14:58:31.313,1.0238,1.024,0.30,8.80
2008.03.12 14:58:31.409,1.0238,1.024,0.30,8.80
2008.03.12 14:58:31.512,1.0238,1.024,0.30,8.80
2008.03.12 14:58:31.836,1.0238,1.024,0.30,8.80
2008.03.12 14:58:33.906,1.0238,1.024,0.30,8.80
2008.03.12 14:58:33.966,1.0238,1.024,0.30,8.80
2008.03.12 14:58:34.021,1.0238,1.024,0.30,8.80
2008.03.12 14:58:34.073,1.0238,1.024,0.30,8.80
2008.03.12 14:58:34.126,1.0238,1.024,0.30,8.80
2008.03.12 14:58:34.179,1.0238,1.024,0.30,8.80
2008.03.12 14:58:34.232,1.0238,1.024,0.30,8.80
2008.03.12 14:58:34.286,1.0238,1.024,0.30,8.80
2008.03.12 14:58:34.339,1.0238,1.024,0.30,8.80
2008.03.12 14:58:34.400,1.0238,1.024,0.30,8.80
2008.03.12 14:58:34.450,1.0238,1.024,0.30,8.80
2008.03.12 14:58:34.505,1.0238,1.024,0.30,8.80
2008.03.12 14:58:34.568,1.0238,1.024,0.30,8.80
2008.03.12 14:58:34.624,1.0238,1.024,0.30,8.80
2008.03.12 14:58:34.683,1.0238,1.024,0.30,8.80
2008.03.12 14:58:34.736,1.0238,1.024,0.30,8.80
2008.03.12 14:58:34.801,1.0238,1.024,0.30,8.80
2008.03.12 14:58:34.854,1.0238,1.024,0.30,8.80
2008.03.12 14:58:34.918,1.0238,1.024,0.30,8.80
2008.03.12 14:58:35.250,1.0238,1.024,0.30,8.80
2008.03.12 14:58:35.583,1.0238,1.024,0.30,8.80
2008.03.12 14:58:35.917,1.0238,1.024,0.30,8.80
2008.03.12 14:58:36.147,1.0238,1.024,0.30,8.80
2008.03.12 14:58:36.375,1.0238,1.024,0.30,8.80
2008.03.12 14:58:36.603,1.0238,1.024,0.30,8.80
2008.03.12 14:58:36.832,1.0238,1.024,0.30,8.80
2008.03.12 14:58:37.063,1.0238,1.024,0.30,8.80
2008.03.12 14:58:37.398,1.0238,1.024,0.30,13.60
2008.03.12 14:58:37.731,1.0238,1.024,0.30,13.60
2008.03.12 14:58:38.064,1.0238,1.024,0.30,13.60
2008.03.12 14:58:38.312,1.0238,1.024,0.30,13.60
2008.03.12 14:58:38.541,1.0238,1.024,0.30,14.40
2008.03.12 14:58:38.780,1.0238,1.02395,0.30,0.80
2008.03.12 14:58:39.019,1.0238,1.02395,0.30,0.80
2008.03.12 14:58:39.258,1.0238,1.02395,0.30,0.80
2008.03.12 14:58:39.581,1.0238,1.024,0.30,13.60
2008.03.12 14:58:39.906,1.0238,1.024,0.30,14.00
2008.03.12 14:58:40.230,1.0238,1.024,0.30,14.00
2008.03.12 14:58:40.500,1.0238,1.024,0.30,14.00
2008.03.12 14:58:40.768,1.0238,1.024,0.30,14.00
2008.03.12 14:58:41.037,1.0238,1.024,0.30,14.00
2008.03.12 14:58:41.305,1.0238,1.024,0.30,14.00
2008.03.12 14:58:41.590,1.0238,1.024,0.30,14.00
2008.03.12 14:58:41.874,1.0238,1.024,0.30,14.00
2008.03.12 14:58:42.158,1.0238,1.024,0.30,14.00
2008.03.12 14:58:42.442,1.0238,1.024,0.30,14.00
2008.03.12 14:58:44.374,1.02375,1.0239,5.00,4.00
2008.03.12 14:58:44.437,1.02375,1.0239,4.20,4.00
2008.03.12 14:58:45.800,1.02375,1.0239,4.20,4.40
2008.03.12 14:58:45.929,1.02375,1.0239,4.20,9.20
2008.03.12 14:58:46.058,1.02375,1.0239,4.20,9.20
2008.03.12 14:58:46.192,1.02375,1.0239,4.20,9.20
2008.03.12 14:58:46.316,1.02375,1.0239,4.20,6.80
2008.03.12 14:58:46.441,1.02375,1.0239,4.20,6.80
2008.03.12 14:58:46.564,1.02375,1.0239,4.20,6.80
2008.03.12 14:58:46.687,1.02375,1.0239,4.20,6.80
2008.03.12 14:58:46.810,1.02375,1.0239,4.20,6.80
2008.03.12 14:58:47.146,1.02375,1.0239,4.20,6.80
2008.03.12 14:58:47.482,1.02375,1.0239,4.20,6.80
2008.03.12 14:58:47.815,1.02375,1.0239,4.20,6.40
2008.03.12 14:58:48.051,1.02375,1.0239,4.20,6.40
2008.03.12 14:58:48.285,1.02375,1.0239,4.20,4.00
2008.03.12 14:58:48.517,1.02375,1.0239,4.20,4.00
2008.03.12 14:58:48.751,1.02375,1.0239,4.20,4.00
2008.03.12 14:58:48.986,1.02375,1.0239,4.20,4.00
2008.03.12 14:58:49.330,1.02375,1.0239,4.20,4.00
2008.03.12 14:58:49.654,1.02375,1.0239,4.20,4.00
2008.03.12 14:58:49.988,1.02375,1.0239,4.20,4.00
2008.03.12 14:58:50.228,1.0238,1.024,0.30,18.00
2008.03.12 14:58:50.468,1.0238,1.024,0.30,14.00
2008.03.12 14:58:50.708,1.0238,1.024,0.30,14.00
2008.03.12 14:58:50.956,1.0238,1.024,0.30,14.00
2008.03.12 14:58:51.269,1.0238,1.024,0.30,14.00
2008.03.12 14:58:51.584,1.0238,1.024,0.30,14.00
2008.03.12 14:58:51.898,1.0238,1.024,0.30,14.00
2008.03.12 14:58:52.127,1.0238,1.024,0.30,14.00
2008.03.12 14:58:52.356,1.0238,1.024,0.30,14.00
2008.03.12 14:58:52.592,1.0238,1.024,0.30,14.00
2008.03.12 14:58:52.821,1.0238,1.024,0.30,14.00
2008.03.12 14:58:53.050,1.0238,1.024,0.30,14.00
2008.03.12 14:58:53.385,1.0238,1.024,0.30,14.00
2008.03.12 14:58:53.718,1.0238,1.024,0.30,14.00
2008.03.12 14:58:54.051,1.0238,1.024,0.30,14.00
2008.03.12 14:58:54.320,1.0238,1.024,0.30,14.00
2008.03.12 14:58:54.599,1.0238,1.024,0.30,14.00
2008.03.12 14:58:54.867,1.0238,1.024,0.30,14.00
2008.03.12 14:58:55.136,1.0238,1.024,0.30,14.00
2008.03.12 14:58:55.409,1.0238,1.024,0.30,14.00
2008.03.12 14:58:55.684,1.0238,1.024,0.30,14.00
2008.03.12 14:58:55.958,1.0238,1.024,0.30,14.00
2008.03.12 14:58:56.226,1.0238,1.024,0.30,14.00
2008.03.12 14:58:56.496,1.0238,1.024,0.30,14.00
2008.03.12 14:58:56.775,1.0238,1.024,0.30,14.00
2008.03.12 14:58:57.043,1.0238,1.024,0.30,14.00
2008.03.12 14:58:57.343,1.0238,1.024,0.30,14.00
2008.03.12 14:58:57.641,1.0238,1.024,0.30,14.00
2008.03.12 14:58:57.940,1.0238,1.024,0.30,14.00
2008.03.12 14:58:58.239,1.0238,1.024,0.30,14.00
2008.03.12 14:58:58.508,1.0238,1.024,0.30,14.00
2008.03.12 14:58:58.784,1.0238,1.024,0.30,14.00
2008.03.12 14:58:59.052,1.0238,1.024,0.30,14.00
2008.03.12 14:58:59.345,1.0238,1.024,0.30,14.00
2008.03.12 14:58:59.638,1.0238,1.024,0.30,14.00
2008.03.12 14:58:59.934,1.0238,1.024,0.30,14.00
2008.03.12 14:59:00.230,1.0238,1.024,0.30,14.00
2008.03.12 14:59:00.504,1.0238,1.024,0.30,14.00
2008.03.12 14:59:00.778,1.0238,1.024,0.30,14.00
2008.03.12 14:59:01.056,1.0238,1.024,0.30,14.00
2008.03.12 14:59:01.328,1.0238,1.024,0.30,14.00
2008.03.12 14:59:01.598,1.0238,1.024,0.30,14.00
2008.03.12 14:59:01.866,1.0238,1.024,0.30,14.00
2008.03.12 14:59:02.136,1.0238,1.024,0.30,14.00
2008.03.12 14:59:02.405,1.0238,1.024,0.30,14.00
2008.03.12 14:59:02.710,1.0238,1.024,0.30,14.00
2008.03.12 14:59:03.003,1.0238,1.024,0.30,14.00
2008.03.12 14:59:03.296,1.0238,1.024,0.30,14.00
2008.03.12 14:59:03.605,1.0238,1.024,0.30,14.00
2008.03.12 14:59:03.913,1.0238,1.024,0.30,14.00
2008.03.12 14:59:04.221,1.0238,1.024,0.30,14.00
2008.03.12 14:59:04.531,1.0238,1.024,0.30,14.00
2008.03.12 14:59:04.763,1.0238,1.024,0.30,14.00
2008.03.12 14:59:04.998,1.0238,1.024,0.30,14.00
2008.03.12 14:59:05.232,1.0238,1.024,0.30,14.00
2008.03.12 14:59:05.465,1.0238,1.024,0.30,14.00
2008.03.12 14:59:05.784,1.0238,1.024,0.30,14.00
2008.03.12 14:59:06.103,1.0238,1.024,0.30,14.00
2008.03.12 14:59:06.422,1.0238,1.024,0.30,14.00
2008.03.12 14:59:06.690,1.0238,1.024,0.30,14.80
2008.03.12 14:59:06.960,1.0238,1.024,0.30,18.80
2008.03.12 14:59:07.230,1.0238,1.024,0.30,18.00
2008.03.12 14:59:07.501,1.0238,1.024,0.30,14.00
2008.03.12 14:59:07.776,1.0238,1.024,0.30,14.00
2008.03.12 14:59:08.057,1.0238,1.024,0.30,14.00
2008.03.12 14:59:08.303,1.0238,1.024,0.30,14.00
2008.03.12 14:59:08.569,1.0238,1.024,0.30,14.00
2008.03.12 14:59:08.887,1.0238,1.024,0.30,14.00
2008.03.12 14:59:09.206,1.0238,1.024,0.30,14.00
2008.03.12 14:59:09.525,1.0238,1.024,0.30,14.00
2008.03.12 14:59:09.843,1.0238,1.024,0.30,14.00
2008.03.12 14:59:10.102,1.0238,1.024,0.30,14.00
2008.03.12 14:59:10.362,1.0238,1.024,0.30,14.00
2008.03.12 14:59:10.628,1.0238,1.024,0.30,14.00
2008.03.12 14:59:10.912,1.0238,1.024,0.30,14.00
2008.03.12 14:59:11.205,1.0238,1.024,0.30,14.00
2008.03.12 14:59:11.501,1.0238,1.024,0.30,14.00
2008.03.12 14:59:11.785,1.0238,1.024,0.30,14.00
2008.03.12 14:59:12.063,1.0238,1.024,0.30,14.00
2008.03.12 14:59:12.343,1.0238,1.024,0.30,14.00
2008.03.12 14:59:12.621,1.0238,1.024,0.30,14.00
2008.03.12 14:59:12.901,1.0238,1.024,0.30,14.00
2008.03.12 14:59:13.203,1.0238,1.024,0.30,14.00
2008.03.12 14:59:13.508,1.0238,1.024,0.30,14.00
2008.03.12 14:59:13.811,1.0238,1.024,0.30,14.00
2008.03.12 14:59:14.082,1.0238,1.024,0.30,14.00
2008.03.12 14:59:14.350,1.0238,1.024,0.30,14.00
2008.03.12 14:59:14.620,1.0238,1.024,0.30,14.00
2008.03.12 14:59:14.896,1.0238,1.024,0.30,14.00
2008.03.12 14:59:15.201,1.0238,1.024,0.30,14.00
2008.03.12 14:59:15.510,1.0238,1.024,0.30,14.00
2008.03.12 14:59:15.810,1.0238,1.024,0.30,14.00
2008.03.12 14:59:16.069,1.0238,1.024,2.60,9.20
2008.03.12 14:59:16.329,1.0238,1.024,0.30,14.00
2008.03.12 14:59:16.590,1.0238,1.024,0.30,14.00
2008.03.12 14:59:16.847,1.0238,1.024,0.30,14.00
2008.03.12 14:59:17.152,1.0238,1.024,0.30,14.00
2008.03.12 14:59:17.435,1.0238,1.024,0.30,14.00
2008.03.12 14:59:17.729,1.0238,1.024,0.30,14.00
2008.03.12 14:59:18.022,1.0238,1.024,0.30,14.00
2008.03.12 14:59:18.288,1.0238,1.024,0.30,14.00
2008.03.12 14:59:18.561,1.0238,1.024,0.30,14.00
2008.03.12 14:59:18.824,1.0238,1.024,0.30,14.00
2008.03.12 14:59:19.088,1.0238,1.024,0.30,14.00
2008.03.12 14:59:19.396,1.0238,1.024,0.30,14.00
2008.03.12 14:59:19.705,1.0238,1.024,0.30,14.00
2008.03.12 14:59:20.017,1.0238,1.024,0.30,14.00
2008.03.12 14:59:20.256,1.0238,1.024,0.30,14.00
2008.03.12 14:59:20.494,1.0238,1.024,0.30,14.00
2008.03.12 14:59:20.732,1.0238,1.024,0.30,14.00
2008.03.12 14:59:20.971,1.0238,1.024,0.30,14.00
2008.03.12 14:59:21.210,1.0238,1.024,0.30,14.00
2008.03.12 14:59:21.544,1.0238,1.024,0.30,14.00
2008.03.12 14:59:21.879,1.0238,1.024,0.30,14.00
2008.03.12 14:59:22.212,1.0238,1.024,0.30,14.00
2008.03.12 14:59:22.441,1.0238,1.024,0.30,14.00
2008.03.12 14:59:22.670,1.0238,1.024,0.30,14.00
2008.03.12 14:59:22.898,1.0238,1.024,0.30,14.00
2008.03.12 14:59:23.127,1.0238,1.024,0.30,14.00
2008.03.12 14:59:23.460,1.0238,1.024,0.30,14.00
2008.03.12 14:59:23.793,1.0238,1.024,0.30,14.00
2008.03.12 14:59:24.127,1.0238,1.024,0.30,14.00
2008.03.12 14:59:24.392,1.0238,1.024,0.30,14.00
2008.03.12 14:59:24.654,1.0238,1.024,0.30,14.00
2008.03.12 14:59:24.917,1.0238,1.024,0.30,14.00
2008.03.12 14:59:25.190,1.0238,1.024,0.30,14.00
2008.03.12 14:59:25.457,1.0238,1.024,0.30,14.00
2008.03.12 14:59:25.727,1.0238,1.024,0.30,14.00
2008.03.12 14:59:25.997,1.0238,1.024,0.30,13.60
2008.03.12 14:59:26.266,1.0238,1.024,0.30,13.60
2008.03.12 14:59:26.555,1.0238,1.024,0.30,13.60
2008.03.12 14:59:26.844,1.0238,1.024,0.30,14.00
2008.03.12 14:59:27.134,1.0238,1.024,0.30,14.00
2008.03.12 14:59:27.424,1.0238,1.024,0.30,14.00
2008.03.12 14:59:27.738,1.0238,1.024,0.30,14.00
2008.03.12 14:59:28.053,1.0238,1.024,0.30,14.00
2008.03.12 14:59:28.372,1.0238,1.024,0.30,14.00
2008.03.12 14:59:28.656,1.02385,1.024,0.30,18.00
2008.03.12 14:59:28.903,1.02385,1.024,4.20,14.00
2008.03.12 14:59:29.168,1.02385,1.0239,4.20,0.80
2008.03.12 14:59:29.434,1.0238,1.0239,0.80,4.40
2008.03.12 14:59:29.723,1.0237,1.0239,1.00,9.20
2008.03.12 14:59:30.013,1.0237,1.0239,1.80,9.20
2008.03.12 14:59:30.303,1.0237,1.0239,0.30,18.80
2008.03.12 14:59:30.592,1.0237,1.0239,0.30,9.20
2008.03.12 14:59:30.892,1.0237,1.0239,0.30,9.20
2008.03.12 14:59:31.191,1.0237,1.0239,0.30,9.20
2008.03.12 14:59:31.492,1.0237,1.0239,0.30,16.40
2008.03.12 14:59:31.740,1.02365,1.0239,7.40,20.40
2008.03.12 14:59:31.990,1.02365,1.0238,4.20,2.40
2008.03.12 14:59:32.240,1.02365,1.0238,4.20,4.00
2008.03.12 14:59:32.501,1.0237,1.0238,0.30,4.00
2008.03.12 14:59:32.818,1.0237,1.0238,0.30,4.00
2008.03.12 14:59:33.123,1.02365,1.0238,4.20,4.00
2008.03.12 14:59:33.435,1.02365,1.0238,6.60,4.00
2008.03.12 14:59:33.739,1.02375,1.0239,0.30,9.20
2008.03.12 14:59:34.049,1.0237,1.0238,1.80,0.06
2008.03.12 14:59:34.358,1.0237,1.0238,1.80,4.00
2008.03.12 14:59:34.667,1.02365,1.0238,4.20,4.00
2008.03.12 14:59:34.906,1.02365,1.0238,4.20,4.00
2008.03.12 14:59:35.144,1.02365,1.0238,4.20,4.00
2008.03.12 14:59:35.384,1.02365,1.0238,4.20,4.00
2008.03.12 14:59:35.630,1.02365,1.0238,4.20,4.00
2008.03.12 14:59:35.954,1.02365,1.0238,4.20,4.00
2008.03.12 14:59:36.278,1.02365,1.0238,4.20,4.00
2008.03.12 14:59:36.600,1.02365,1.0238,4.20,4.00
2008.03.12 14:59:36.847,1.02365,1.0238,4.20,4.00
2008.03.12 14:59:37.090,1.02365,1.0238,4.20,4.00
2008.03.12 14:59:37.335,1.02365,1.0238,4.20,4.00
2008.03.12 14:59:37.578,1.02365,1.0238,4.20,4.00
2008.03.12 14:59:37.872,1.02365,1.0238,4.20,4.00
2008.03.12 14:59:38.165,1.02365,1.0238,4.20,4.00
2008.03.12 14:59:38.460,1.02365,1.0238,4.20,4.00
2008.03.12 14:59:38.765,1.02365,1.0238,4.20,4.00
2008.03.12 14:59:39.099,1.02365,1.0238,4.20,4.00
2008.03.12 14:59:39.429,1.02365,1.0238,4.20,4.00
2008.03.12 14:59:39.737,1.02365,1.0238,4.20,4.00
2008.03.12 14:59:39.962,1.02365,1.0238,4.20,4.00
2008.03.12 14:59:40.185,1.02365,1.0238,4.20,4.00
2008.03.12 14:59:40.410,1.02365,1.0238,4.20,4.00
2008.03.12 14:59:40.635,1.02365,1.0238,4.20,4.00
2008.03.12 14:59:40.859,1.02365,1.0238,4.20,4.00
2008.03.12 14:59:41.198,1.02365,1.0238,4.20,4.00
2008.03.12 14:59:41.542,1.02365,1.0238,4.20,4.00
2008.03.12 14:59:41.865,1.02365,1.0238,4.20,4.00
2008.03.12 14:59:42.103,1.02365,1.0238,4.20,4.00
2008.03.12 14:59:42.340,1.02365,1.0238,4.20,4.00
2008.03.12 14:59:42.580,1.02365,1.0238,4.20,4.00
2008.03.12 14:59:42.824,1.02365,1.0238,4.20,4.00
2008.03.12 14:59:43.134,1.02365,1.0238,4.20,4.00
2008.03.12 14:59:43.444,1.02365,1.0238,4.20,4.00
2008.03.12 14:59:43.761,1.02365,1.0238,4.20,4.00
2008.03.12 14:59:44.055,1.02365,1.0238,4.20,4.00
2008.03.12 14:59:44.327,1.02365,1.0238,4.20,4.00
2008.03.12 14:59:44.611,1.02365,1.0238,4.20,4.00
2008.03.12 14:59:44.894,1.02365,1.0238,4.20,4.00
2008.03.12 14:59:45.168,1.02365,1.0238,4.20,4.00
2008.03.12 14:59:45.442,1.02365,1.0238,4.20,4.00
2008.03.12 14:59:45.715,1.02365,1.0238,6.60,4.00
2008.03.12 14:59:45.990,1.0237,1.0238,0.30,0.06
2008.03.12 14:59:46.278,1.0237,1.0239,0.30,14.00
2008.03.12 14:59:46.573,1.0237,1.0239,0.30,14.00
2008.03.12 14:59:46.873,1.0237,1.0239,0.30,14.00
2008.03.12 14:59:47.159,1.0237,1.0238,0.30,2.40
2008.03.12 14:59:47.444,1.0237,1.0238,0.30,4.80
2008.03.12 14:59:47.729,1.0237,1.0239,0.30,22.00
2008.03.12 14:59:48.014,1.0237,1.0238,0.30,6.40
2008.03.12 14:59:48.298,1.02365,1.0238,4.20,6.40
2008.03.12 14:59:48.593,1.02365,1.0238,4.00,12.80
2008.03.12 14:59:48.887,1.02355,1.0237,9.80,4.00
2008.03.12 14:59:49.186,1.02355,1.0237,6.60,4.00
2008.03.12 14:59:49.487,1.02355,1.0237,4.20,4.00
2008.03.12 14:59:49.786,1.0236,1.0237,0.30,4.00
2008.03.12 14:59:50.087,1.0236,1.0238,0.30,8.80
2008.03.12 14:59:50.354,1.0236,1.0238,0.30,9.20
2008.03.12 14:59:50.624,1.0236,1.0238,0.30,9.20
2008.03.12 14:59:50.893,1.0236,1.0238,3.40,6.80
2008.03.12 14:59:51.191,1.02365,1.0238,0.30,9.20
2008.03.12 14:59:51.491,1.0236,1.0238,1.60,11.60
2008.03.12 14:59:51.789,1.02355,1.0237,4.20,4.00
2008.03.12 14:59:52.088,1.02355,1.0237,4.20,4.00
2008.03.12 14:59:52.361,1.02355,1.0237,4.20,4.00
2008.03.12 14:59:52.636,1.02355,1.0237,4.20,4.00
2008.03.12 14:59:52.908,1.02355,1.0237,4.20,4.00
2008.03.12 14:59:53.187,1.02355,1.0237,4.20,4.00
2008.03.12 14:59:53.465,1.02355,1.0237,4.20,4.00
2008.03.12 14:59:53.745,1.02355,1.0237,4.20,4.00
2008.03.12 14:59:54.025,1.02355,1.0237,4.20,4.00
2008.03.12 14:59:54.349,1.02355,1.0237,4.20,4.00
2008.03.12 14:59:54.672,1.02355,1.0237,4.20,6.40
2008.03.12 14:59:54.996,1.02355,1.0237,4.20,6.40
2008.03.12 14:59:55.245,1.0236,1.0237,0.30,4.00
2008.03.12 14:59:55.493,1.0236,1.0237,0.30,4.00
2008.03.12 14:59:55.742,1.02355,1.0237,4.20,6.40
2008.03.12 14:59:55.991,1.02355,1.0237,4.20,6.40
2008.03.12 14:59:56.290,1.02355,1.0237,4.20,6.40
2008.03.12 14:59:56.589,1.02355,1.0237,4.20,6.40
2008.03.12 14:59:56.889,1.02355,1.0237,4.20,6.40
2008.03.12 14:59:57.186,1.02355,1.0237,4.20,6.40
2008.03.12 14:59:57.466,1.02355,1.0237,4.20,6.40
2008.03.12 14:59:57.745,1.02355,1.0237,4.20,6.40
2008.03.12 14:59:58.026,1.0235,1.0237,1.80,9.20
2008.03.12 14:59:58.295,1.02355,1.0237,0.30,9.20
2008.03.12 14:59:58.563,1.0235,1.0237,0.30,9.20
2008.03.12 14:59:58.833,1.0235,1.0237,0.30,9.20
2008.03.12 14:59:59.102,1.0235,1.0237,0.30,9.20
2008.03.12 14:59:59.435,1.0235,1.0237,0.30,9.20
2008.03.12 14:59:59.770,1.0235,1.0237,0.30,9.20
