2012.08.20 15:00:00.022,0.97309,0.97318,1.13,1.50
2012.08.20 15:00:00.224,0.97309,0.97318,3.00,1.50
2012.08.20 15:00:00.532,0.9732,0.97326,1.88,2.25
2012.08.20 15:00:00.773,0.9732,0.97329,1.50,1.50
2012.08.20 15:00:01.018,0.97314,0.97327,3.60,1.43
2012.08.20 15:00:01.447,0.97316,0.97327,1.50,2.40
2012.08.20 15:00:01.514,0.97316,0.97327,1.50,1.65
2012.08.20 15:00:01.637,0.97316,0.97324,1.50,1.50
2012.08.20 15:00:02.067,0.97309,0.97322,4.95,3.15
2012.08.20 15:00:02.133,0.9731,0.97321,1.50,2.18
2012.08.20 15:00:02.673,0.9731,0.97323,2.25,1.65
2012.08.20 15:00:02.739,0.97314,0.97324,1.50,2.40
2012.08.20 15:00:03.100,0.97312,0.97325,1.88,2.40
2012.08.20 15:00:03.634,0.9731,0.97323,3.75,1.65
2012.08.20 15:00:03.961,0.97314,0.97325,1.50,1.65
2012.08.20 15:00:04.267,0.97316,0.97327,1.50,1.43
2012.08.20 15:00:04.806,0.97316,0.97327,1.50,2.18
2012.08.20 15:00:05.398,0.97316,0.97327,1.50,1.43
2012.08.20 15:00:05.930,0.97318,0.97329,1.50,2.18
2012.08.20 15:00:06.452,0.97318,0.97329,3.00,2.18
2012.08.20 15:00:06.517,0.9732,0.97331,1.88,1.65
2012.08.20 15:00:07.049,0.97319,0.97331,3.00,1.43
2012.08.20 15:00:07.597,0.97319,0.9733,1.50,1.43
2012.08.20 15:00:07.897,0.97319,0.9733,2.25,2.40
2012.08.20 15:00:08.510,0.97317,0.97328,2.25,1.65
2012.08.20 15:00:08.580,0.97315,0.97328,8.25,2.18
2012.08.20 15:00:09.638,0.97316,0.97328,1.13,1.65
2012.08.20 15:00:09.940,0.97321,0.97328,1.50,1.43
2012.08.20 15:00:10.241,0.97323,0.97331,1.50,1.35
2012.08.20 15:00:10.600,0.9732,0.97327,6.75,1.43
2012.08.20 15:00:10.854,0.97316,0.97327,3.00,1.43
2012.08.20 15:00:10.925,0.97318,0.97329,2.25,1.50
2012.08.20 15:00:11.456,0.97317,0.9733,1.50,2.48
2012.08.20 15:00:11.982,0.97317,0.9733,1.50,3.23
2012.08.20 15:00:12.624,0.97318,0.97331,1.50,5.10
2012.08.20 15:00:13.643,0.97317,0.9733,1.50,2.48
2012.08.20 15:00:13.706,0.97319,0.9733,1.50,2.48
2012.08.20 15:00:14.060,0.97317,0.97328,1.50,1.50
2012.08.20 15:00:15.078,0.97318,0.97328,7.88,1.50
2012.08.20 15:00:15.203,0.9732,0.97333,2.25,1.50
2012.08.20 15:00:15.857,0.9732,0.97333,2.25,2.48
2012.08.20 15:00:16.734,0.9732,0.97333,3.00,1.73
2012.08.20 15:00:16.801,0.97323,0.97333,2.25,1.73
2012.08.20 15:00:16.984,0.97325,0.97336,1.13,1.13
2012.08.20 15:00:17.474,0.97325,0.97335,1.13,1.73
2012.08.20 15:00:17.831,0.97326,0.97337,1.50,1.50
2012.08.20 15:00:17.955,0.97329,0.9734,1.50,2.85
2012.08.20 15:00:19.854,0.97327,0.9734,3.75,1.73
2012.08.20 15:00:20.709,0.97328,0.97341,1.50,2.48
2012.08.20 15:00:20.951,0.97328,0.97338,1.50,1.50
2012.08.20 15:00:21.308,0.97329,0.97341,1.13,1.73
2012.08.20 15:00:21.838,0.9733,0.97341,1.50,1.73
2012.08.20 15:00:22.105,0.9733,0.97341,1.50,1.73
2012.08.20 15:00:23.072,0.97326,0.97339,2.25,3.98
2012.08.20 15:00:23.316,0.97326,0.97337,1.50,1.73
2012.08.20 15:00:23.855,0.97325,0.97336,2.25,1.73
2012.08.20 15:00:24.396,0.97326,0.97337,1.50,1.73
2012.08.20 15:00:24.697,0.97331,0.97341,1.13,3.98
2012.08.20 15:00:25.117,0.9733,0.97343,1.73,3.23
2012.08.20 15:00:25.183,0.9733,0.97343,1.50,3.56
2012.08.20 15:00:25.541,0.97332,0.97342,1.50,2.10
2012.08.20 15:00:26.098,0.97331,0.97342,1.50,2.85
2012.08.20 15:00:26.338,0.97329,0.97342,1.50,3.98
2012.08.20 15:00:27.815,0.9733,0.97341,1.50,2.48
2012.08.20 15:00:28.198,0.97328,0.9734,1.50,1.35
2012.08.20 15:00:29.200,0.97331,0.97341,1.50,1.35
2012.08.20 15:00:29.323,0.97329,0.97341,1.50,1.35
2012.08.20 15:00:29.444,0.97331,0.97342,1.50,5.10
2012.08.20 15:00:29.859,0.9733,0.97342,1.50,2.10
2012.08.20 15:00:30.096,0.9733,0.97341,1.50,1.73
2012.08.20 15:00:31.458,0.97329,0.97342,1.50,3.60
2012.08.20 15:00:31.761,0.97334,0.97342,2.25,1.50
2012.08.20 15:00:32.190,0.97338,0.97343,1.50,1.50
2012.08.20 15:00:32.256,0.97336,0.97349,3.00,1.73
2012.08.20 15:00:32.513,0.97338,0.97349,1.50,1.73
2012.08.20 15:00:33.721,0.97338,0.97348,1.50,1.73
2012.08.20 15:00:33.846,0.97335,0.97346,1.50,2.48
2012.08.20 15:00:34.185,0.97336,0.97347,1.50,3.23
2012.08.20 15:00:34.258,0.97336,0.97345,1.50,4.73
2012.08.20 15:00:34.559,0.97336,0.97344,1.50,2.85
2012.08.20 15:00:34.680,0.97336,0.97344,1.50,2.85
2012.08.20 15:00:34.745,0.97333,0.97344,1.50,4.35
2012.08.20 15:00:34.985,0.97331,0.97344,2.25,2.25
2012.08.20 15:00:35.498,0.97331,0.97344,2.25,2.85
2012.08.20 15:00:36.741,0.97333,0.97344,1.50,2.48
2012.08.20 15:00:36.805,0.97331,0.97344,3.00,2.48
2012.08.20 15:00:37.248,0.97333,0.97344,1.50,1.73
2012.08.20 15:00:37.624,0.97331,0.97344,1.50,1.73
2012.08.20 15:00:38.178,0.97332,0.97345,1.50,3.23
2012.08.20 15:00:38.755,0.97333,0.97344,1.50,1.73
2012.08.20 15:00:39.254,0.97331,0.97344,1.50,1.73
2012.08.20 15:00:39.842,0.97333,0.97344,1.50,1.73
2012.08.20 15:00:39.964,0.97331,0.97344,2.18,1.73
2012.08.20 15:00:40.086,0.97333,0.97346,1.50,3.60
2012.08.20 15:00:40.627,0.97333,0.97346,1.50,3.60
2012.08.20 15:00:41.158,0.97332,0.97345,1.50,3.23
2012.08.20 15:00:41.806,0.97331,0.97344,2.25,1.73
2012.08.20 15:00:42.113,0.97336,0.97346,1.50,2.10
2012.08.20 15:00:42.644,0.97335,0.97348,2.25,1.73
2012.08.20 15:00:42.826,0.97335,0.97348,2.25,1.73
2012.08.20 15:00:42.890,0.97338,0.97349,1.50,3.23
2012.08.20 15:00:43.132,0.97334,0.97347,3.75,1.73
2012.08.20 15:00:44.709,0.97335,0.97348,2.25,3.23
2012.08.20 15:00:47.058,0.97334,0.97347,2.25,1.73
2012.08.20 15:00:47.731,0.97333,0.97344,2.25,1.50
2012.08.20 15:00:48.829,0.97333,0.97344,2.25,2.48
2012.08.20 15:00:49.070,0.97333,0.97341,1.50,1.50
2012.08.20 15:00:49.425,0.97331,0.97341,1.50,2.48
2012.08.20 15:00:49.779,0.97329,0.97341,1.88,3.23
2012.08.20 15:00:50.552,0.97328,0.97341,1.50,3.23
2012.08.20 15:00:51.088,0.97331,0.97341,1.50,1.73
2012.08.20 15:00:51.396,0.97333,0.97344,1.50,2.85
2012.08.20 15:00:51.930,0.97332,0.97343,1.50,1.73
2012.08.20 15:00:52.233,0.97333,0.97343,1.88,1.50
2012.08.20 15:00:52.418,0.97336,0.97347,1.50,1.73
2012.08.20 15:00:52.933,0.97335,0.97346,1.50,1.73
2012.08.20 15:00:53.004,0.97332,0.97345,3.75,1.50
2012.08.20 15:00:53.070,0.97332,0.97345,2.25,2.48
2012.08.20 15:00:53.550,0.97331,0.97342,1.50,1.73
2012.08.20 15:00:53.793,0.9733,0.9734,1.50,1.73
2012.08.20 15:00:54.321,0.9733,0.9734,1.50,1.73
2012.08.20 15:00:54.677,0.9733,0.9734,1.50,2.48
2012.08.20 15:00:55.040,0.97327,0.9734,1.50,3.23
2012.08.20 15:00:56.243,0.97327,0.9734,1.50,3.23
2012.08.20 15:00:57.607,0.97328,0.97339,1.50,1.50
2012.08.20 15:00:58.137,0.97327,0.9734,2.25,2.48
2012.08.20 15:00:58.317,0.97327,0.9734,2.25,2.25
2012.08.20 15:01:00.476,0.97327,0.97338,2.25,1.50
2012.08.20 15:01:00.597,0.97327,0.9734,2.25,2.48
2012.08.20 15:01:01.111,0.97326,0.97339,2.25,1.50
2012.08.20 15:01:02.732,0.97326,0.97339,2.25,2.25
2012.08.20 15:01:03.545,0.97328,0.97339,1.50,2.25
2012.08.20 15:01:04.073,0.97328,0.97339,1.50,1.50
2012.08.20 15:01:04.962,0.97329,0.9734,1.50,2.48
2012.08.20 15:01:05.510,0.97328,0.97341,1.50,5.85
2012.08.20 15:01:06.322,0.97328,0.97339,1.50,1.50
2012.08.20 15:01:07.704,0.97327,0.97338,2.25,1.50
2012.08.20 15:01:08.135,0.97327,0.9734,2.25,2.48
2012.08.20 15:01:08.515,0.97327,0.97338,2.25,1.50
2012.08.20 15:01:09.315,0.97328,0.97339,1.50,1.50
2012.08.20 15:01:09.839,0.97328,0.97341,2.25,2.48
2012.08.20 15:01:10.383,0.97328,0.97341,2.25,2.48
2012.08.20 15:01:10.739,0.97327,0.9734,2.25,2.48
2012.08.20 15:01:11.357,0.97327,0.9734,2.25,2.48
2012.08.20 15:01:12.316,0.97328,0.97341,1.50,3.23
2012.08.20 15:01:13.052,0.97326,0.97339,3.00,1.50
2012.08.20 15:01:13.404,0.97329,0.9734,1.50,2.48
2012.08.20 15:01:16.541,0.97327,0.9734,2.25,2.48
2012.08.20 15:01:17.001,0.97329,0.9734,1.50,1.73
2012.08.20 15:01:17.534,0.97327,0.9734,2.25,1.73
2012.08.20 15:01:18.070,0.97329,0.9734,1.50,1.73
2012.08.20 15:01:18.645,0.97328,0.97339,2.25,1.73
2012.08.20 15:01:19.266,0.97327,0.9734,2.25,1.50
2012.08.20 15:01:19.797,0.97326,0.97336,2.63,1.21
2012.08.20 15:01:20.039,0.97327,0.97335,1.50,2.48
2012.08.20 15:01:20.636,0.97325,0.97333,1.50,1.50
2012.08.20 15:01:21.165,0.97326,0.97337,1.50,6.98
2012.08.20 15:01:21.228,0.97326,0.97337,1.50,2.48
2012.08.20 15:01:21.955,0.97325,0.97336,1.50,1.73
2012.08.20 15:01:22.138,0.97326,0.97338,1.50,2.48
2012.08.20 15:01:23.584,0.97326,0.97336,1.50,1.13
2012.08.20 15:01:23.648,0.97324,0.97336,1.50,1.13
2012.08.20 15:01:23.714,0.97322,0.97335,3.00,2.48
2012.08.20 15:01:24.248,0.97323,0.97334,1.50,1.73
2012.08.20 15:01:24.608,0.97325,0.97336,1.50,2.48
2012.08.20 15:01:24.671,0.97325,0.97338,1.50,5.48
2012.08.20 15:01:24.908,0.97327,0.97338,1.50,2.48
2012.08.20 15:01:25.450,0.97327,0.97337,1.50,1.50
2012.08.20 15:01:27.143,0.97327,0.97338,1.50,1.50
2012.08.20 15:01:27.670,0.97326,0.97339,1.50,2.48
2012.08.20 15:01:29.340,0.97328,0.97339,1.50,2.48
2012.08.20 15:01:29.521,0.97326,0.97339,1.50,1.73
2012.08.20 15:01:29.704,0.97329,0.9734,1.50,3.23
2012.08.20 15:01:30.235,0.97328,0.9734,1.50,1.73
2012.08.20 15:01:30.940,0.97329,0.9734,1.50,2.48
2012.08.20 15:01:31.940,0.97329,0.9734,1.50,2.48
2012.08.20 15:01:34.645,0.97328,0.9734,1.13,1.73
2012.08.20 15:01:35.165,0.97329,0.9734,1.50,2.48
2012.08.20 15:01:36.336,0.97331,0.97342,1.50,3.98
2012.08.20 15:01:36.860,0.97329,0.97342,1.50,3.23
2012.08.20 15:01:38.158,0.97331,0.9734,1.50,1.73
2012.08.20 15:01:38.628,0.97327,0.9734,1.50,1.73
2012.08.20 15:01:38.750,0.97329,0.9734,1.50,1.73
2012.08.20 15:01:39.474,0.97328,0.97341,1.50,4.73
2012.08.20 15:01:40.183,0.97328,0.97339,1.50,1.50
2012.08.20 15:01:42.554,0.97329,0.9734,1.50,2.48
2012.08.20 15:01:42.803,0.97326,0.97337,4.35,1.50
2012.08.20 15:01:42.984,0.97328,0.97339,3.00,1.50
2012.08.20 15:01:43.537,0.97327,0.97338,3.00,1.50
2012.08.20 15:01:44.816,0.97329,0.9734,1.50,1.73
2012.08.20 15:01:45.388,0.97328,0.97341,1.50,3.98
2012.08.20 15:01:45.931,0.97327,0.97339,1.50,1.50
2012.08.20 15:01:46.281,0.97329,0.9734,1.50,1.73
2012.08.20 15:01:47.422,0.97329,0.9734,1.50,2.48
2012.08.20 15:01:47.951,0.97328,0.97341,1.50,2.48
2012.08.20 15:01:48.475,0.97328,0.97341,1.50,1.73
2012.08.20 15:01:49.364,0.97329,0.9734,1.50,1.50
2012.08.20 15:01:50.014,0.97331,0.97342,1.50,2.48
2012.08.20 15:01:50.539,0.9733,0.97342,1.50,1.73
2012.08.20 15:01:51.817,0.97329,0.97342,3.75,3.23
2012.08.20 15:01:52.351,0.9733,0.97342,1.50,1.73
2012.08.20 15:01:52.798,0.97332,0.97342,1.50,1.05
2012.08.20 15:01:53.306,0.97331,0.97342,1.50,1.80
2012.08.20 15:01:53.869,0.97331,0.97342,1.50,1.73
2012.08.20 15:01:54.391,0.97331,0.97342,1.50,1.73
2012.08.20 15:01:55.103,0.97329,0.97342,3.00,1.73
2012.08.20 15:01:55.900,0.9733,0.97343,1.50,4.35
2012.08.20 15:01:58.164,0.97331,0.97342,1.50,1.73
2012.08.20 15:01:59.428,0.97329,0.97342,2.25,3.23
2012.08.20 15:01:59.494,0.97329,0.97342,2.25,4.73
2012.08.20 15:01:59.679,0.97326,0.97339,3.00,2.25
2012.08.20 15:02:00.092,0.97328,0.97339,1.50,1.50
2012.08.20 15:02:00.623,0.97329,0.9734,1.50,1.73
2012.08.20 15:02:01.696,0.97327,0.9734,1.50,1.73
2012.08.20 15:02:02.263,0.97328,0.97341,1.50,2.85
2012.08.20 15:02:03.201,0.97331,0.97342,1.50,3.23
2012.08.20 15:02:03.555,0.97329,0.97342,1.50,3.23
2012.08.20 15:02:04.665,0.97332,0.97343,1.50,4.39
2012.08.20 15:02:04.789,0.97332,0.97345,1.50,3.27
2012.08.20 15:02:05.093,0.97332,0.97343,1.50,1.73
2012.08.20 15:02:05.621,0.9733,0.97341,3.00,1.50
2012.08.20 15:02:06.208,0.9733,0.97341,3.00,1.50
2012.08.20 15:02:06.565,0.97329,0.97339,1.50,1.73
2012.08.20 15:02:06.629,0.97326,0.97339,4.50,1.73
2012.08.20 15:02:07.168,0.97327,0.9734,1.50,1.73
2012.08.20 15:02:07.542,0.97326,0.97338,3.38,1.13
2012.08.20 15:02:09.037,0.97326,0.97337,1.88,1.50
2012.08.20 15:02:09.338,0.97328,0.97339,1.50,2.25
2012.08.20 15:02:09.961,0.97329,0.97341,1.50,5.25
2012.08.20 15:02:10.623,0.9733,0.97341,1.50,6.75
2012.08.20 15:02:11.001,0.97328,0.97339,1.73,2.25
2012.08.20 15:02:11.182,0.97326,0.97339,1.73,2.25
2012.08.20 15:02:15.498,0.97328,0.97339,1.50,2.25
2012.08.20 15:02:16.808,0.97326,0.97339,1.95,2.25
2012.08.20 15:02:17.333,0.97327,0.97338,1.50,2.25
2012.08.20 15:02:17.685,0.97328,0.9734,1.75,2.25
2012.08.20 15:02:17.752,0.97328,0.9734,2.43,1.50
2012.08.20 15:02:17.816,0.9733,0.9734,1.08,1.50
2012.08.20 15:02:18.363,0.97331,0.97341,1.50,1.50
2012.08.20 15:02:18.893,0.97331,0.97342,1.50,1.50
2012.08.20 15:02:19.442,0.97329,0.97341,6.00,1.50
2012.08.20 15:02:20.596,0.97329,0.97342,6.75,1.50
2012.08.20 15:02:22.527,0.97333,0.97342,1.13,1.50
2012.08.20 15:02:22.653,0.97335,0.97346,2.48,2.25
2012.08.20 15:02:23.189,0.97333,0.97346,4.50,2.25
2012.08.20 15:02:24.116,0.97337,0.97348,1.50,2.25
2012.08.20 15:02:24.705,0.97339,0.97349,1.50,4.50
2012.08.20 15:02:24.771,0.97339,0.9735,1.50,2.25
2012.08.20 15:02:26.335,0.97339,0.9735,2.48,1.50
2012.08.20 15:02:26.461,0.9734,0.97352,5.85,2.25
2012.08.20 15:02:26.586,0.97341,0.97354,4.35,1.50
2012.08.20 15:02:27.116,0.97342,0.97354,1.35,1.50
2012.08.20 15:02:27.644,0.97344,0.97355,1.50,1.50
2012.08.20 15:02:28.554,0.97344,0.97355,1.50,3.38
2012.08.20 15:02:28.677,0.97342,0.97353,3.00,2.25
2012.08.20 15:02:29.035,0.9734,0.97351,1.50,1.50
2012.08.20 15:02:29.579,0.97339,0.9735,1.73,1.50
2012.08.20 15:02:30.272,0.97336,0.97348,4.73,1.50
2012.08.20 15:02:30.608,0.97336,0.97348,2.25,1.50
2012.08.20 15:02:30.973,0.97334,0.97347,2.48,3.00
2012.08.20 15:02:31.095,0.97334,0.97345,2.48,1.50
2012.08.20 15:02:31.217,0.97334,0.97347,2.48,1.50
2012.08.20 15:02:31.401,0.97337,0.97348,1.50,3.75
2012.08.20 15:02:31.907,0.97336,0.97347,1.73,1.50
2012.08.20 15:02:32.410,0.97336,0.97349,1.73,2.25
2012.08.20 15:02:33.708,0.97336,0.97347,1.73,1.50
2012.08.20 15:02:34.246,0.97335,0.97348,1.73,2.25
2012.08.20 15:02:35.031,0.97338,0.97351,1.50,8.25
2012.08.20 15:02:35.095,0.97338,0.97351,1.50,3.00
2012.08.20 15:02:35.987,0.97338,0.97351,2.63,2.25
2012.08.20 15:02:36.289,0.9734,0.97352,1.50,1.50
2012.08.20 15:02:36.824,0.97342,0.97353,1.73,1.50
2012.08.20 15:02:37.182,0.9734,0.9735,4.03,1.50
2012.08.20 15:02:37.715,0.97339,0.9735,2.48,1.50
2012.08.20 15:02:38.150,0.97342,0.97353,1.50,1.50
2012.08.20 15:02:38.680,0.97339,0.9735,2.48,1.50
2012.08.20 15:02:38.807,0.97339,0.97352,2.48,1.50
2012.08.20 15:02:39.356,0.97339,0.9735,2.48,1.50
2012.08.20 15:02:39.880,0.97338,0.97349,1.73,1.50
2012.08.20 15:02:40.873,0.97338,0.97351,3.23,3.00
2012.08.20 15:02:41.715,0.97338,0.97349,1.73,1.50
2012.08.20 15:02:42.658,0.97338,0.97351,3.23,1.50
2012.08.20 15:02:42.899,0.97338,0.97348,1.73,1.50
2012.08.20 15:02:43.024,0.97334,0.97346,1.73,1.50
2012.08.20 15:02:43.681,0.97335,0.97346,2.25,1.50
2012.08.20 15:02:43.744,0.97335,0.97346,2.48,1.50
2012.08.20 15:02:43.924,0.97337,0.97348,1.73,1.50
2012.08.20 15:02:43.990,0.97339,0.97351,1.50,1.50
2012.08.20 15:02:44.115,0.9734,0.97351,1.50,2.25
2012.08.20 15:02:44.651,0.97338,0.97351,3.75,1.50
2012.08.20 15:02:45.204,0.9734,0.97351,1.50,1.50
2012.08.20 15:02:45.756,0.97338,0.97351,2.25,1.50
2012.08.20 15:02:45.998,0.97336,0.97347,3.98,1.50
2012.08.20 15:02:46.063,0.97336,0.97349,3.98,1.50
2012.08.20 15:02:46.598,0.97337,0.97348,1.50,1.50
2012.08.20 15:02:48.589,0.97338,0.97351,1.50,3.23
2012.08.20 15:02:49.231,0.97342,0.97351,1.13,2.48
2012.08.20 15:02:49.713,0.97342,0.97353,2.63,1.50
2012.08.20 15:02:50.593,0.97343,0.97353,1.13,1.50
2012.08.20 15:02:51.526,0.97341,0.9735,4.50,1.50
2012.08.20 15:02:52.059,0.97341,0.97351,4.50,1.50
2012.08.20 15:02:52.125,0.9734,0.97351,2.25,1.50
2012.08.20 15:02:52.661,0.97339,0.97352,4.35,1.50
2012.08.20 15:02:54.609,0.97339,0.97351,2.85,1.50
2012.08.20 15:02:55.565,0.97339,0.97351,2.63,1.73
2012.08.20 15:02:55.747,0.97339,0.97349,1.13,1.50
2012.08.20 15:02:56.298,0.97337,0.97349,1.50,1.50
2012.08.20 15:02:56.799,0.97338,0.97351,2.25,1.73
2012.08.20 15:02:56.920,0.97337,0.97348,3.00,1.50
2012.08.20 15:02:57.469,0.97335,0.97348,3.00,1.50
2012.08.20 15:02:58.027,0.97336,0.97349,2.25,1.50
2012.08.20 15:02:58.386,0.97334,0.97345,6.75,1.50
2012.08.20 15:02:58.567,0.97337,0.97348,1.50,2.48
2012.08.20 15:02:59.536,0.97335,0.97348,2.25,2.48
2012.08.20 15:02:59.994,0.97334,0.97345,2.25,1.50
2012.08.20 15:03:00.058,0.97334,0.97345,1.50,1.50
2012.08.20 15:03:00.181,0.97333,0.97343,1.50,1.50
2012.08.20 15:03:00.718,0.97333,0.97344,3.00,1.50
2012.08.20 15:03:00.783,0.97333,0.97346,3.00,3.23
2012.08.20 15:03:03.654,0.97334,0.97347,2.25,3.23
2012.08.20 15:03:04.074,0.97334,0.97345,1.50,1.50
2012.08.20 15:03:04.911,0.97334,0.97345,2.25,1.50
2012.08.20 15:03:04.974,0.97334,0.97347,2.25,1.73
2012.08.20 15:03:05.509,0.97334,0.97347,2.25,2.48
2012.08.20 15:03:06.132,0.97334,0.97345,1.50,2.25
2012.08.20 15:03:06.769,0.97334,0.97344,1.50,1.50
2012.08.20 15:03:07.383,0.9733,0.97343,7.88,1.50
2012.08.20 15:03:08.377,0.97331,0.97344,3.00,1.73
2012.08.20 15:03:08.844,0.9733,0.97342,1.88,1.50
2012.08.20 15:03:09.487,0.97332,0.97343,1.50,1.50
2012.08.20 15:03:09.998,0.9733,0.97343,2.25,1.50
2012.08.20 15:03:11.323,0.97332,0.97343,1.50,1.50
2012.08.20 15:03:11.940,0.97331,0.97344,3.00,1.73
2012.08.20 15:03:12.473,0.97332,0.97343,1.50,1.50
2012.08.20 15:03:12.942,0.97331,0.9734,1.13,1.50
2012.08.20 15:03:13.573,0.9733,0.97341,3.00,1.50
2012.08.20 15:03:14.095,0.97331,0.97341,1.50,1.50
2012.08.20 15:03:14.159,0.97333,0.97344,1.50,1.50
2012.08.20 15:03:14.695,0.97331,0.97344,2.25,2.25
2012.08.20 15:03:14.875,0.9733,0.97343,3.98,1.50
2012.08.20 15:03:15.394,0.97331,0.97342,1.50,1.50
2012.08.20 15:03:15.933,0.97331,0.97344,1.50,2.25
2012.08.20 15:03:16.547,0.9733,0.97343,3.23,1.50
2012.08.20 15:03:17.303,0.9733,0.97343,3.98,1.50
2012.08.20 15:03:17.544,0.97331,0.97344,3.75,1.50
2012.08.20 15:03:18.075,0.97333,0.97346,2.25,2.25
2012.08.20 15:03:19.280,0.97334,0.97347,2.25,2.25
2012.08.20 15:03:22.401,0.97332,0.97343,6.23,1.50
2012.08.20 15:03:22.923,0.97333,0.97344,1.50,1.50
2012.08.20 15:03:23.509,0.97332,0.97345,3.23,1.50
2012.08.20 15:03:23.826,0.97334,0.97347,1.73,1.50
2012.08.20 15:03:24.354,0.97333,0.97346,2.48,1.50
2012.08.20 15:03:24.869,0.97334,0.97345,1.73,1.50
2012.08.20 15:03:27.140,0.97334,0.97347,1.73,1.50
2012.08.20 15:03:29.332,0.97333,0.97346,3.98,1.50
2012.08.20 15:03:30.367,0.97334,0.97346,1.50,1.50
2012.08.20 15:03:34.955,0.97334,0.97345,3.00,1.50
2012.08.20 15:03:35.133,0.97338,0.97349,1.50,3.23
2012.08.20 15:03:37.105,0.97334,0.97346,1.50,1.50
2012.08.20 15:03:37.168,0.97334,0.97346,1.73,1.50
2012.08.20 15:03:37.721,0.97334,0.97347,3.23,1.50
2012.08.20 15:03:38.253,0.97334,0.97346,1.50,1.50
2012.08.20 15:03:38.726,0.97336,0.97349,3.00,3.00
2012.08.20 15:03:39.234,0.97335,0.97348,3.23,1.50
2012.08.20 15:03:40.056,0.97337,0.97348,1.50,1.50
2012.08.20 15:03:40.659,0.97337,0.97348,3.98,1.50
2012.08.20 15:03:40.724,0.97339,0.9735,1.50,2.25
2012.08.20 15:03:41.850,0.97339,0.9735,1.60,2.25
2012.08.20 15:03:41.974,0.9734,0.97352,1.50,2.48
2012.08.20 15:03:42.096,0.97342,0.97353,1.50,2.48
2012.08.20 15:03:42.279,0.97345,0.97356,1.50,3.98
2012.08.20 15:03:42.343,0.97345,0.97356,1.50,3.23
2012.08.20 15:03:42.701,0.97344,0.97355,1.50,2.48
2012.08.20 15:03:42.765,0.97342,0.97353,3.75,1.73
2012.08.20 15:03:44.241,0.97341,0.97354,3.00,1.50
2012.08.20 15:03:44.486,0.9734,0.97351,5.10,1.50
2012.08.20 15:03:44.552,0.9734,0.97351,3.38,1.50
2012.08.20 15:03:44.737,0.9734,0.97351,1.50,1.73
2012.08.20 15:03:44.859,0.9734,0.97351,1.50,1.95
2012.08.20 15:03:45.274,0.9734,0.97348,1.50,1.50
2012.08.20 15:03:45.338,0.97338,0.97347,1.50,1.50
2012.08.20 15:03:45.402,0.9734,0.97351,1.50,1.50
2012.08.20 15:03:45.941,0.97339,0.97352,1.50,3.00
2012.08.20 15:03:46.005,0.97341,0.97352,1.88,2.25
2012.08.20 15:03:46.131,0.97344,0.97355,2.63,1.50
2012.08.20 15:03:46.314,0.97344,0.97356,2.63,1.50
2012.08.20 15:03:46.869,0.97345,0.97356,3.38,1.50
2012.08.20 15:03:49.554,0.97344,0.97356,1.88,1.50
2012.08.20 15:03:50.901,0.97347,0.97357,2.25,1.96
2012.08.20 15:03:51.202,0.97342,0.97352,1.50,2.25
2012.08.20 15:03:51.761,0.97339,0.97352,3.23,2.48
2012.08.20 15:03:52.290,0.97341,0.97352,1.50,1.50
2012.08.20 15:03:52.471,0.97339,0.97352,3.23,1.50
2012.08.20 15:03:53.005,0.9734,0.97351,1.50,1.50
2012.08.20 15:03:53.582,0.97338,0.97349,4.73,1.50
2012.08.20 15:03:53.960,0.9734,0.97351,1.50,1.50
2012.08.20 15:03:54.461,0.97339,0.97352,2.25,1.73
2012.08.20 15:03:56.454,0.97339,0.97352,1.50,1.73
2012.08.20 15:03:56.812,0.97339,0.9735,2.25,3.23
2012.08.20 15:03:57.285,0.97339,0.97347,1.50,1.50
2012.08.20 15:03:57.351,0.97337,0.97347,1.50,1.73
2012.08.20 15:03:57.595,0.97333,0.97344,3.38,2.25
2012.08.20 15:03:57.955,0.97335,0.97348,1.88,3.98
2012.08.20 15:03:58.492,0.97335,0.97347,1.88,2.48
2012.08.20 15:03:59.035,0.97334,0.97347,1.88,2.48
2012.08.20 15:03:59.565,0.97334,0.97347,1.50,3.98
2012.08.20 15:04:00.093,0.97333,0.97345,3.00,2.48
2012.08.20 15:04:00.680,0.97333,0.97345,1.88,2.48
2012.08.20 15:04:02.040,0.97333,0.97345,2.63,2.25
2012.08.20 15:04:02.396,0.97335,0.97345,4.50,2.25
2012.08.20 15:04:02.640,0.97337,0.97346,1.50,1.50
2012.08.20 15:04:02.944,0.97338,0.97349,2.25,2.25
2012.08.20 15:04:03.126,0.97338,0.97349,3.00,2.25
2012.08.20 15:04:03.700,0.97339,0.97351,2.25,5.48
2012.08.20 15:04:03.912,0.97339,0.97351,2.25,5.48
2012.08.20 15:04:04.882,0.97339,0.97351,2.25,5.48
2012.08.20 15:04:04.947,0.97341,0.97352,1.50,5.70
2012.08.20 15:04:05.072,0.9734,0.97352,1.50,4.13
2012.08.20 15:04:05.313,0.97339,0.97352,2.25,3.98
2012.08.20 15:04:05.613,0.97338,0.97349,2.25,1.50
2012.08.20 15:04:06.145,0.97338,0.97349,1.50,2.93
2012.08.20 15:04:06.534,0.97335,0.97344,1.50,1.50
2012.08.20 15:04:07.067,0.97335,0.97348,2.25,2.25
2012.08.20 15:04:07.607,0.97335,0.97346,2.25,2.25
2012.08.20 15:04:07.670,0.97335,0.97346,2.25,2.48
2012.08.20 15:04:09.390,0.97335,0.97346,1.50,2.48
2012.08.20 15:04:09.925,0.97335,0.97346,1.50,2.48
2012.08.20 15:04:10.454,0.97334,0.97347,1.50,4.35
2012.08.20 15:04:14.987,0.97334,0.97346,1.50,2.48
2012.08.20 15:04:15.504,0.97334,0.97346,1.50,2.48
2012.08.20 15:04:16.004,0.97335,0.97346,2.25,1.50
2012.08.20 15:04:16.486,0.97334,0.97346,4.73,1.50
2012.08.20 15:04:18.088,0.97334,0.97346,3.23,1.50
2012.08.20 15:04:19.775,0.97336,0.97346,1.50,2.25
2012.08.20 15:04:20.311,0.97335,0.97347,1.50,2.25
2012.08.20 15:04:20.667,0.97335,0.97347,1.50,2.25
2012.08.20 15:04:21.190,0.97336,0.97347,2.25,3.00
2012.08.20 15:04:23.604,0.97337,0.97348,2.25,2.25
2012.08.20 15:04:24.116,0.97337,0.97348,2.25,2.25
2012.08.20 15:04:24.700,0.97337,0.97348,2.25,2.25
2012.08.20 15:04:25.821,0.97337,0.97348,3.00,2.25
2012.08.20 15:04:26.830,0.97337,0.97349,1.50,2.25
2012.08.20 15:04:27.355,0.97337,0.97349,1.50,3.23
2012.08.20 15:04:27.475,0.97337,0.97349,1.50,2.48
2012.08.20 15:04:28.484,0.97337,0.97349,1.50,2.48
2012.08.20 15:04:28.940,0.97337,0.97349,3.00,1.73
2012.08.20 15:04:29.470,0.9734,0.97351,1.50,3.75
2012.08.20 15:04:30.095,0.9734,0.97351,2.25,3.75
2012.08.20 15:04:30.752,0.9734,0.97351,1.50,3.00
2012.08.20 15:04:31.276,0.97337,0.97349,1.35,1.50
2012.08.20 15:04:31.884,0.97339,0.97349,1.50,1.50
2012.08.20 15:04:32.193,0.97343,0.97354,1.50,2.48
2012.08.20 15:04:33.314,0.97343,0.97354,2.25,2.48
2012.08.20 15:04:34.751,0.97341,0.97354,3.00,2.48
2012.08.20 15:04:35.285,0.97342,0.97353,1.50,2.25
2012.08.20 15:04:35.759,0.97343,0.97355,1.50,2.25
2012.08.20 15:04:36.266,0.97345,0.97356,2.25,2.48
2012.08.20 15:04:36.781,0.97345,0.97356,3.00,2.25
2012.08.20 15:04:37.399,0.97345,0.97356,2.25,3.98
2012.08.20 15:04:37.762,0.97341,0.97353,3.75,2.48
2012.08.20 15:04:37.945,0.9734,0.97352,1.60,2.25
2012.08.20 15:04:38.477,0.97339,0.97352,3.75,2.25
2012.08.20 15:04:38.688,0.97339,0.97349,1.50,2.48
2012.08.20 15:04:38.757,0.97336,0.97347,3.00,2.48
2012.08.20 15:04:39.291,0.97336,0.97347,2.25,2.48
2012.08.20 15:04:39.667,0.97332,0.97343,3.00,2.25
2012.08.20 15:04:40.677,0.97332,0.97345,2.25,2.48
2012.08.20 15:04:40.992,0.97332,0.97341,2.25,1.81
2012.08.20 15:04:41.295,0.97326,0.97336,1.50,2.25
2012.08.20 15:04:41.542,0.97325,0.97336,2.25,2.25
2012.08.20 15:04:42.051,0.97325,0.97336,1.50,2.25
2012.08.20 15:04:42.559,0.97325,0.97336,2.25,2.25
2012.08.20 15:04:43.107,0.97326,0.97337,1.50,2.25
2012.08.20 15:04:43.298,0.97325,0.97338,2.25,2.48
2012.08.20 15:04:44.307,0.97327,0.97338,1.50,2.48
2012.08.20 15:04:44.491,0.97328,0.97339,2.25,1.88
2012.08.20 15:04:45.013,0.97328,0.9734,2.25,1.88
2012.08.20 15:04:45.079,0.97326,0.97336,2.25,1.50
2012.08.20 15:04:45.318,0.97326,0.97337,2.25,2.25
2012.08.20 15:04:46.479,0.97328,0.97339,1.50,1.73
2012.08.20 15:04:46.544,0.97328,0.97339,2.25,1.73
2012.08.20 15:04:47.228,0.97328,0.97339,2.25,2.25
2012.08.20 15:04:47.761,0.97329,0.9734,2.25,2.25
2012.08.20 15:04:48.311,0.97329,0.9734,2.25,2.25
2012.08.20 15:04:49.628,0.97329,0.97341,2.25,1.50
2012.08.20 15:04:51.449,0.97328,0.97339,2.25,1.50
2012.08.20 15:04:52.022,0.97328,0.97339,2.25,1.50
2012.08.20 15:04:52.387,0.9733,0.97342,2.25,1.50
2012.08.20 15:04:53.038,0.9733,0.97343,3.75,2.25
2012.08.20 15:04:53.708,0.97333,0.97344,1.50,3.75
2012.08.20 15:04:53.832,0.97331,0.97344,2.25,2.25
2012.08.20 15:04:56.319,0.9733,0.97341,3.00,1.50
2012.08.20 15:04:56.821,0.97329,0.97341,1.73,2.25
2012.08.20 15:05:00.313,0.97327,0.9734,5.48,1.50
2012.08.20 15:05:00.789,0.97327,0.97338,3.23,1.50
2012.08.20 15:05:01.221,0.97333,0.97342,3.00,2.48
2012.08.20 15:05:01.286,0.97335,0.97344,1.50,3.30
2012.08.20 15:05:01.411,0.97338,0.97346,1.50,1.28
2012.08.20 15:05:01.772,0.97336,0.97346,1.13,1.28
2012.08.20 15:05:01.953,0.97335,0.97346,4.13,2.25
2012.08.20 15:05:02.482,0.97332,0.97344,5.25,2.25
2012.08.20 15:05:04.469,0.97332,0.97344,4.50,2.25
2012.08.20 15:05:04.534,0.97331,0.97344,3.00,2.25
2012.08.20 15:05:05.237,0.97332,0.97345,2.25,2.48
2012.08.20 15:05:05.573,0.97331,0.97343,3.00,2.25
2012.08.20 15:05:05.818,0.97328,0.9734,2.25,3.00
2012.08.20 15:05:05.946,0.9733,0.97341,3.00,3.23
2012.08.20 15:05:06.499,0.97331,0.97344,1.50,2.48
2012.08.20 15:05:08.853,0.97333,0.97344,1.50,2.48
2012.08.20 15:05:10.431,0.97332,0.97343,1.50,1.73
2012.08.20 15:05:10.790,0.9733,0.97341,5.25,1.50
2012.08.20 15:05:11.552,0.97331,0.97342,1.50,2.25
2012.08.20 15:05:11.906,0.97331,0.97342,1.50,2.25
2012.08.20 15:05:12.331,0.97332,0.97345,1.50,3.98
2012.08.20 15:05:12.750,0.97332,0.97345,1.50,3.23
2012.08.20 15:05:13.073,0.97332,0.97345,1.50,3.23
2012.08.20 15:05:13.197,0.97333,0.97344,1.50,2.25
2012.08.20 15:05:13.319,0.9733,0.97342,3.00,1.50
2012.08.20 15:05:13.849,0.97331,0.97342,1.50,2.48
2012.08.20 15:05:14.354,0.97332,0.97342,1.13,2.48
2012.08.20 15:05:15.151,0.97333,0.97344,1.50,2.48
2012.08.20 15:05:15.690,0.97332,0.97345,2.63,3.23
2012.08.20 15:05:18.334,0.97332,0.97345,1.73,3.00
2012.08.20 15:05:19.837,0.97332,0.97344,1.50,2.48
2012.08.20 15:05:22.026,0.97332,0.97345,1.50,3.75
2012.08.20 15:05:23.255,0.97332,0.97343,1.50,1.88
2012.08.20 15:05:23.795,0.97331,0.97343,2.10,3.00
2012.08.20 15:05:24.036,0.97332,0.97344,2.25,4.50
2012.08.20 15:05:25.661,0.97332,0.97345,2.25,3.00
2012.08.20 15:05:26.606,0.97334,0.97345,1.50,3.00
2012.08.20 15:05:27.133,0.97334,0.97345,2.25,2.25
2012.08.20 15:05:28.328,0.97336,0.97347,1.50,3.00
2012.08.20 15:05:28.687,0.9734,0.97349,1.73,1.13
2012.08.20 15:05:28.753,0.97341,0.97352,2.25,2.25
2012.08.20 15:05:29.290,0.9734,0.97351,2.25,1.50
2012.08.20 15:05:29.830,0.9734,0.97351,2.25,2.25
2012.08.20 15:05:30.932,0.97341,0.97353,1.35,2.48
2012.08.20 15:05:31.055,0.9734,0.97353,3.60,2.48
2012.08.20 15:05:31.533,0.97341,0.97353,1.50,2.25
2012.08.20 15:05:31.598,0.97341,0.97351,1.50,1.50
2012.08.20 15:05:31.663,0.9734,0.97353,3.75,2.25
2012.08.20 15:05:32.360,0.9734,0.97351,4.50,1.50
2012.08.20 15:05:33.189,0.9734,0.97351,3.38,2.25
2012.08.20 15:05:34.095,0.9734,0.97351,3.75,2.25
2012.08.20 15:05:34.530,0.9734,0.97351,2.25,2.25
2012.08.20 15:05:34.712,0.97339,0.97349,3.00,1.50
2012.08.20 15:05:34.777,0.9734,0.97351,2.25,2.25
2012.08.20 15:05:35.925,0.9734,0.97351,2.63,2.25
2012.08.20 15:05:36.227,0.97345,0.97356,1.50,2.25
2012.08.20 15:05:36.411,0.97345,0.97356,1.88,2.25
2012.08.20 15:05:36.829,0.97345,0.97357,1.13,2.25
2012.08.20 15:05:37.657,0.97343,0.97352,2.25,1.50
2012.08.20 15:05:37.973,0.97341,0.97347,2.63,2.25
2012.08.20 15:05:38.519,0.97341,0.97346,1.13,1.50
2012.08.20 15:05:38.641,0.97338,0.97349,1.50,2.25
2012.08.20 15:05:38.706,0.9734,0.9735,1.50,1.50
2012.08.20 15:05:39.775,0.9734,0.9735,1.50,1.50
2012.08.20 15:05:40.135,0.9734,0.97352,2.25,2.48
2012.08.20 15:05:40.382,0.97343,0.97354,1.50,2.25
2012.08.20 15:05:40.447,0.97345,0.97355,1.50,1.73
2012.08.20 15:05:41.043,0.97344,0.97357,1.50,3.98
2012.08.20 15:05:42.876,0.97344,0.97357,1.50,3.98
2012.08.20 15:05:43.120,0.97345,0.97357,1.88,2.48
2012.08.20 15:05:43.244,0.97345,0.97356,3.38,3.98
2012.08.20 15:05:43.778,0.97346,0.97356,1.50,2.25
2012.08.20 15:05:44.077,0.97348,0.97358,1.50,1.73
2012.08.20 15:05:44.317,0.97347,0.97357,2.25,1.73
2012.08.20 15:05:44.560,0.97347,0.97358,1.50,2.25
2012.08.20 15:05:45.075,0.97348,0.97359,1.50,2.48
2012.08.20 15:05:45.314,0.97347,0.97358,1.50,2.25
2012.08.20 15:05:45.816,0.97347,0.97358,1.50,2.25
2012.08.20 15:05:46.360,0.97347,0.9736,2.25,3.23
2012.08.20 15:05:46.723,0.9735,0.97362,1.13,3.98
2012.08.20 15:05:46.788,0.9735,0.97362,1.13,3.23
2012.08.20 15:05:46.973,0.9735,0.97362,1.13,2.25
2012.08.20 15:05:49.122,0.9735,0.97362,1.13,2.25
2012.08.20 15:05:49.556,0.97355,0.97363,2.25,3.00
2012.08.20 15:05:49.921,0.97355,0.97365,2.25,1.50
2012.08.20 15:05:50.335,0.97355,0.97363,2.25,1.50
2012.08.20 15:05:51.047,0.97353,0.97364,1.50,3.98
2012.08.20 15:05:51.613,0.97351,0.97364,3.38,3.23
2012.08.20 15:05:52.116,0.97351,0.97364,3.38,3.23
2012.08.20 15:05:53.050,0.97353,0.97364,1.88,2.48
2012.08.20 15:05:55.500,0.97353,0.97365,1.13,3.23
2012.08.20 15:05:55.622,0.97353,0.97364,1.13,2.48
2012.08.20 15:05:57.302,0.97351,0.97363,3.75,1.50
2012.08.20 15:05:57.582,0.97351,0.97363,3.38,1.50
2012.08.20 15:05:58.313,0.97353,0.97363,2.25,1.50
2012.08.20 15:05:59.962,0.97353,0.97362,1.50,1.88
2012.08.20 15:06:00.026,0.9735,0.97361,3.38,1.50
2012.08.20 15:06:03.962,0.9735,0.97359,2.63,1.50
2012.08.20 15:06:04.409,0.9735,0.97357,1.50,1.50
2012.08.20 15:06:04.476,0.97346,0.97357,1.50,3.98
2012.08.20 15:06:05.006,0.97345,0.97356,2.25,2.48
2012.08.20 15:06:06.053,0.97345,0.97356,2.25,3.23
2012.08.20 15:06:07.794,0.97345,0.97356,2.25,2.48
2012.08.20 15:06:08.095,0.97345,0.97356,2.25,2.48
2012.08.20 15:06:09.129,0.97345,0.97354,1.50,1.80
2012.08.20 15:06:12.662,0.97345,0.97355,1.50,1.73
2012.08.20 15:06:13.023,0.97347,0.97358,1.50,2.48
2012.08.20 15:06:13.557,0.97347,0.97358,1.50,1.73
2012.08.20 15:06:13.753,0.97344,0.97357,2.25,1.73
2012.08.20 15:06:14.313,0.97346,0.97357,1.50,1.73
2012.08.20 15:06:14.980,0.97344,0.97354,1.50,1.50
2012.08.20 15:06:15.222,0.97342,0.97353,2.63,1.73
2012.08.20 15:06:15.760,0.97343,0.97354,1.50,2.48
2012.08.20 15:06:16.426,0.97343,0.97354,1.50,2.48
2012.08.20 15:06:19.157,0.97343,0.97354,1.50,2.48
2012.08.20 15:06:19.853,0.97343,0.97354,1.50,2.48
2012.08.20 15:06:21.061,0.97342,0.97353,2.25,2.48
2012.08.20 15:06:21.587,0.97342,0.97352,2.25,1.13
2012.08.20 15:06:21.730,0.97342,0.9735,1.50,1.35
2012.08.20 15:06:21.981,0.97335,0.97348,6.00,2.48
2012.08.20 15:06:22.623,0.97335,0.97348,6.00,2.48
2012.08.20 15:06:25.767,0.97335,0.97348,2.25,2.25
2012.08.20 15:06:26.296,0.97335,0.97348,3.00,2.25
2012.08.20 15:06:26.977,0.97335,0.97348,3.00,2.25
2012.08.20 15:06:27.530,0.97335,0.97348,3.00,2.25
2012.08.20 15:06:28.053,0.97335,0.97348,3.00,2.25
2012.08.20 15:06:28.654,0.97338,0.97349,1.50,3.23
2012.08.20 15:06:30.837,0.97337,0.97348,1.50,2.25
2012.08.20 15:06:31.379,0.97338,0.97349,1.50,3.23
2012.08.20 15:06:32.106,0.97337,0.97348,1.50,2.25
2012.08.20 15:06:32.622,0.97338,0.97349,1.50,3.23
2012.08.20 15:06:32.684,0.97336,0.97349,2.25,3.23
2012.08.20 15:06:33.204,0.97336,0.97349,2.25,3.23
2012.08.20 15:06:33.402,0.97338,0.97349,1.50,3.23
2012.08.20 15:06:33.757,0.97335,0.97343,2.25,1.50
2012.08.20 15:06:33.823,0.97335,0.97343,1.50,1.50
2012.08.20 15:06:33.948,0.97333,0.97343,3.00,1.73
2012.08.20 15:06:34.253,0.97336,0.97343,1.50,1.50
2012.08.20 15:06:34.786,0.97335,0.97343,1.50,1.50
2012.08.20 15:06:35.325,0.97335,0.97344,1.50,1.50
2012.08.20 15:06:42.736,0.97333,0.97344,1.50,2.48
2012.08.20 15:06:45.246,0.97333,0.97344,3.00,2.48
2012.08.20 15:06:50.256,0.97335,0.97344,1.50,1.73
2012.08.20 15:06:54.451,0.97334,0.97343,1.50,1.50
2012.08.20 15:07:00.491,0.97334,0.97345,2.25,1.73
2012.08.20 15:07:02.327,0.97336,0.97345,1.50,1.73
2012.08.20 15:07:02.872,0.97334,0.97345,2.25,1.73
2012.08.20 15:07:03.963,0.97335,0.97346,2.25,3.23
2012.08.20 15:07:04.480,0.97332,0.97345,4.13,1.73
2012.08.20 15:07:05.006,0.97333,0.97345,1.35,2.48
2012.08.20 15:07:05.904,0.97333,0.97345,1.35,1.73
2012.08.20 15:07:06.960,0.97333,0.97345,1.35,2.48
2012.08.20 15:07:07.628,0.97333,0.97345,1.50,1.73
2012.08.20 15:07:08.103,0.97333,0.97345,1.50,1.73
2012.08.20 15:07:14.176,0.97333,0.97345,1.35,3.23
2012.08.20 15:07:14.779,0.97333,0.97345,1.50,3.23
2012.08.20 15:07:16.102,0.97332,0.97345,2.63,3.23
2012.08.20 15:07:17.760,0.97332,0.97345,2.63,3.23
2012.08.20 15:07:18.335,0.97332,0.97345,2.63,3.23
2012.08.20 15:07:19.495,0.97333,0.97345,1.50,2.48
2012.08.20 15:07:22.212,0.97332,0.97345,3.38,1.73
2012.08.20 15:07:22.907,0.97332,0.97345,3.38,1.73
2012.08.20 15:07:26.544,0.97332,0.97345,3.38,2.48
2012.08.20 15:07:29.652,0.97332,0.97345,4.13,1.73
2012.08.20 15:07:30.208,0.97334,0.97346,1.50,1.73
2012.08.20 15:07:30.954,0.97334,0.97347,3.00,3.98
2012.08.20 15:07:36.724,0.97334,0.97345,2.25,1.13
2012.08.20 15:07:37.773,0.97334,0.97345,2.25,1.73
2012.08.20 15:07:39.134,0.97334,0.97345,2.25,1.73
2012.08.20 15:07:41.395,0.97334,0.97345,2.25,1.73
2012.08.20 15:07:46.130,0.97334,0.97345,2.25,2.93
2012.08.20 15:07:46.203,0.97331,0.97342,2.25,1.73
2012.08.20 15:07:46.327,0.97331,0.97342,1.50,2.48
2012.08.20 15:07:47.698,0.97331,0.97342,1.79,1.50
2012.08.20 15:07:48.362,0.97331,0.97343,1.13,3.23
2012.08.20 15:07:49.156,0.97331,0.97342,1.13,1.50
2012.08.20 15:07:49.452,0.97329,0.97339,1.50,1.50
2012.08.20 15:07:49.516,0.97329,0.97339,1.50,1.50
2012.08.20 15:07:50.125,0.97328,0.97338,1.50,2.48
2012.08.20 15:07:56.092,0.9733,0.97342,1.50,1.73
2012.08.20 15:07:56.161,0.97329,0.97342,5.10,1.50
2012.08.20 15:07:56.226,0.97329,0.97342,5.10,1.50
2012.08.20 15:07:56.649,0.97334,0.97342,2.63,1.50
2012.08.20 15:07:56.773,0.97335,0.97347,3.00,2.25
2012.08.20 15:07:57.312,0.97338,0.97349,1.50,2.25
2012.08.20 15:07:58.138,0.97338,0.97349,2.25,2.25
2012.08.20 15:07:59.350,0.97338,0.97349,2.25,2.25
2012.08.20 15:07:59.978,0.97338,0.97349,2.25,2.25
2012.08.20 15:08:00.831,0.97338,0.97349,1.50,2.48
2012.08.20 15:08:00.955,0.97335,0.97346,2.25,1.50
2012.08.20 15:08:01.019,0.97335,0.97346,1.50,1.50
2012.08.20 15:08:01.260,0.97334,0.97344,2.25,1.50
2012.08.20 15:08:02.696,0.97334,0.97343,1.50,1.50
2012.08.20 15:08:03.246,0.97333,0.97344,1.50,2.48
2012.08.20 15:08:03.778,0.97333,0.97344,2.25,1.50
2012.08.20 15:08:08.506,0.97336,0.97347,1.50,4.73
2012.08.20 15:08:08.893,0.97334,0.97347,1.50,3.23
2012.08.20 15:08:10.453,0.97334,0.97347,2.25,3.23
2012.08.20 15:08:11.395,0.97332,0.97345,3.75,2.48
2012.08.20 15:08:11.923,0.97333,0.97344,2.25,1.73
2012.08.20 15:08:13.352,0.97333,0.97344,3.75,1.73
2012.08.20 15:08:15.535,0.97333,0.97344,3.75,1.73
2012.08.20 15:08:16.451,0.97334,0.97346,1.50,2.48
2012.08.20 15:08:16.979,0.97335,0.97347,1.50,1.73
2012.08.20 15:08:17.483,0.97335,0.97346,2.25,2.48
2012.08.20 15:08:20.353,0.97335,0.97346,2.25,2.48
2012.08.20 15:08:22.117,0.97336,0.97347,1.50,3.23
2012.08.20 15:08:22.931,0.97334,0.97347,2.25,3.23
2012.08.20 15:08:23.718,0.97336,0.97347,1.50,3.23
2012.08.20 15:08:24.336,0.97334,0.97347,2.25,3.23
2012.08.20 15:08:26.730,0.97334,0.97347,1.50,3.23
2012.08.20 15:08:31.446,0.97334,0.97347,2.25,3.23
2012.08.20 15:08:35.116,0.97336,0.97347,1.50,3.23
2012.08.20 15:08:36.113,0.97334,0.97347,2.25,3.23
2012.08.20 15:08:38.194,0.97334,0.97346,1.50,2.85
2012.08.20 15:08:38.496,0.97332,0.9734,1.50,1.35
2012.08.20 15:08:38.680,0.9733,0.97339,1.13,2.48
2012.08.20 15:08:38.982,0.97327,0.9734,3.00,3.60
2012.08.20 15:08:39.615,0.97328,0.9734,1.50,2.10
2012.08.20 15:08:40.141,0.97329,0.9734,1.50,3.23
2012.08.20 15:08:40.726,0.97334,0.9734,1.13,2.25
2012.08.20 15:08:40.795,0.97333,0.9734,1.50,1.50
2012.08.20 15:08:40.922,0.97333,0.97344,2.25,2.25
2012.08.20 15:08:41.456,0.97333,0.97344,1.50,2.85
2012.08.20 15:08:42.290,0.97333,0.97345,1.50,1.73
2012.08.20 15:08:43.053,0.97333,0.97345,1.50,2.33
2012.08.20 15:08:43.583,0.97333,0.97345,1.50,1.73
2012.08.20 15:08:46.163,0.97333,0.97344,3.00,1.50
2012.08.20 15:08:47.247,0.97333,0.97344,2.25,2.25
2012.08.20 15:08:48.901,0.97332,0.97343,2.25,1.50
2012.08.20 15:08:49.436,0.97332,0.97343,1.50,2.48
2012.08.20 15:08:49.558,0.97331,0.97341,1.50,1.50
2012.08.20 15:08:50.423,0.97331,0.97342,3.00,1.50
2012.08.20 15:08:50.727,0.97331,0.97339,1.50,2.71
2012.08.20 15:08:51.032,0.97325,0.97334,2.25,2.48
2012.08.20 15:08:51.375,0.97322,0.97333,2.63,1.73
2012.08.20 15:08:51.442,0.97322,0.97333,1.50,2.10
2012.08.20 15:08:51.768,0.9732,0.97333,1.50,3.23
2012.08.20 15:08:51.891,0.97319,0.97332,3.75,2.48
2012.08.20 15:08:52.767,0.97321,0.97332,1.50,2.48
2012.08.20 15:08:53.297,0.97319,0.97332,2.25,2.48
2012.08.20 15:08:53.899,0.97319,0.97332,2.25,2.48
2012.08.20 15:08:56.287,0.97318,0.97331,1.50,2.85
2012.08.20 15:08:56.598,0.9732,0.97331,1.50,2.10
2012.08.20 15:08:58.881,0.97319,0.97331,1.50,2.10
2012.08.20 15:08:59.510,0.97318,0.97331,1.50,2.48
2012.08.20 15:09:00.064,0.97318,0.97331,1.50,2.48
2012.08.20 15:09:00.839,0.97317,0.9733,3.75,2.25
2012.08.20 15:09:01.363,0.97318,0.97331,1.50,2.48
2012.08.20 15:09:01.887,0.97319,0.9733,1.50,2.25
2012.08.20 15:09:02.332,0.97317,0.9733,3.00,2.25
2012.08.20 15:09:02.453,0.97319,0.9733,1.50,2.25
2012.08.20 15:09:04.070,0.97318,0.97329,2.25,2.25
2012.08.20 15:09:05.664,0.97321,0.97331,1.13,2.48
2012.08.20 15:09:06.201,0.97319,0.97331,2.25,1.73
2012.08.20 15:09:06.911,0.97319,0.97331,2.25,1.73
2012.08.20 15:09:07.885,0.97321,0.97332,1.50,2.48
2012.08.20 15:09:08.424,0.97323,0.97333,1.50,2.48
2012.08.20 15:09:08.495,0.97323,0.97334,2.25,2.25
2012.08.20 15:09:08.796,0.97323,0.97334,1.50,3.23
2012.08.20 15:09:08.979,0.9732,0.97332,1.73,2.25
2012.08.20 15:09:09.512,0.9732,0.97333,4.50,2.25
2012.08.20 15:09:09.634,0.97323,0.97334,1.50,2.25
2012.08.20 15:09:10.483,0.97323,0.97334,1.50,2.25
2012.08.20 15:09:11.015,0.97323,0.97334,2.25,2.85
2012.08.20 15:09:11.556,0.97326,0.97336,1.50,2.10
2012.08.20 15:09:11.921,0.97324,0.97337,5.25,3.98
2012.08.20 15:09:12.282,0.97325,0.97336,2.25,1.50
2012.08.20 15:09:12.642,0.97323,0.97335,7.13,2.48
2012.08.20 15:09:13.177,0.97323,0.97334,6.00,2.48
2012.08.20 15:09:13.678,0.97323,0.97334,2.25,2.48
2012.08.20 15:09:14.217,0.97323,0.97334,3.00,2.48
2012.08.20 15:09:15.382,0.97325,0.97336,1.50,2.48
2012.08.20 15:09:15.918,0.97325,0.97336,1.50,2.48
2012.08.20 15:09:16.438,0.97325,0.97336,1.50,2.48
2012.08.20 15:09:19.652,0.9733,0.97338,2.25,3.00
2012.08.20 15:09:19.719,0.9733,0.97338,2.25,1.50
2012.08.20 15:09:20.136,0.97332,0.97344,2.25,1.50
2012.08.20 15:09:20.554,0.97331,0.97341,1.50,1.50
2012.08.20 15:09:22.355,0.9733,0.97343,2.25,2.25
2012.08.20 15:09:22.496,0.9733,0.97343,2.25,2.25
2012.08.20 15:09:22.827,0.9733,0.9734,2.25,1.50
2012.08.20 15:09:23.132,0.97329,0.97335,1.50,1.50
2012.08.20 15:09:23.646,0.97325,0.97334,1.50,1.50
2012.08.20 15:09:24.679,0.97326,0.97335,1.50,1.50
2012.08.20 15:09:24.805,0.97326,0.97337,3.23,1.50
2012.08.20 15:09:24.987,0.97329,0.9734,1.50,3.00
2012.08.20 15:09:25.230,0.97329,0.9734,1.50,3.98
2012.08.20 15:09:25.585,0.97327,0.9734,2.25,3.98
2012.08.20 15:09:25.885,0.97328,0.9734,2.25,1.73
2012.08.20 15:09:26.243,0.97327,0.97338,2.25,2.25
2012.08.20 15:09:26.775,0.97328,0.97339,1.50,2.25
2012.08.20 15:09:27.091,0.97329,0.9734,1.50,2.25
2012.08.20 15:09:27.332,0.97326,0.97339,2.25,2.48
2012.08.20 15:09:27.887,0.97326,0.97339,3.75,1.73
2012.08.20 15:09:28.482,0.97331,0.9734,1.50,1.50
2012.08.20 15:09:29.714,0.9733,0.9734,2.25,2.18
2012.08.20 15:09:29.897,0.97328,0.97338,1.50,2.48
2012.08.20 15:09:30.208,0.97325,0.97337,1.50,1.50
2012.08.20 15:09:31.252,0.97326,0.97337,2.25,2.25
2012.08.20 15:09:31.876,0.97324,0.97337,3.75,2.25
2012.08.20 15:09:32.408,0.97324,0.97334,1.50,1.50
2012.08.20 15:09:32.942,0.97323,0.97334,3.00,2.25
2012.08.20 15:09:33.475,0.97323,0.97334,1.50,2.48
2012.08.20 15:09:34.395,0.97323,0.97334,3.75,1.73
2012.08.20 15:09:34.703,0.97327,0.97338,1.50,2.48
2012.08.20 15:09:34.826,0.97323,0.97336,4.50,2.25
2012.08.20 15:09:35.186,0.97325,0.97338,1.50,2.48
2012.08.20 15:09:35.963,0.97326,0.97337,1.50,2.25
2012.08.20 15:09:36.085,0.97324,0.97337,2.25,2.25
2012.08.20 15:09:39.229,0.97325,0.97337,1.50,2.25
2012.08.20 15:09:39.408,0.97325,0.97337,1.50,2.25
2012.08.20 15:09:39.703,0.97326,0.97337,2.25,2.25
2012.08.20 15:09:41.258,0.97325,0.97337,1.50,2.25
2012.08.20 15:09:41.808,0.97324,0.97337,3.98,2.85
2012.08.20 15:09:42.346,0.97326,0.97336,2.25,1.50
2012.08.20 15:09:44.143,0.97324,0.97335,1.73,1.50
2012.08.20 15:09:44.758,0.97324,0.97336,1.50,2.40
2012.08.20 15:09:46.074,0.97324,0.97336,1.50,3.00
2012.08.20 15:09:46.776,0.97326,0.97337,1.50,2.48
2012.08.20 15:09:47.301,0.97326,0.97337,2.25,2.25
2012.08.20 15:09:47.849,0.97327,0.97337,1.50,2.25
2012.08.20 15:09:48.490,0.97326,0.97337,3.75,1.73
2012.08.20 15:09:48.788,0.97327,0.97338,3.00,3.00
2012.08.20 15:09:48.911,0.97327,0.97338,4.50,2.25
2012.08.20 15:09:49.095,0.97328,0.9734,2.25,1.88
2012.08.20 15:09:49.452,0.97332,0.9734,1.50,1.13
2012.08.20 15:09:49.637,0.97333,0.97343,2.25,2.25
2012.08.20 15:09:52.005,0.97333,0.97343,1.50,2.25
2012.08.20 15:09:54.735,0.97331,0.97342,1.73,1.50
2012.08.20 15:09:55.340,0.97331,0.97343,1.50,3.00
2012.08.20 15:09:55.461,0.97331,0.97341,1.50,1.50
2012.08.20 15:09:56.054,0.9733,0.9734,2.25,1.50
2012.08.20 15:09:56.235,0.9733,0.97342,3.75,1.50
2012.08.20 15:09:56.358,0.97331,0.97342,2.48,1.50
2012.08.20 15:09:57.020,0.97333,0.97343,1.50,2.25
2012.08.20 15:09:58.659,0.97332,0.97342,1.50,1.50
2012.08.20 15:09:59.194,0.97333,0.97343,1.50,2.25
2012.08.20 15:10:05.432,0.97333,0.97343,1.50,2.25
2012.08.20 15:10:05.912,0.97333,0.97343,1.50,2.25
2012.08.20 15:10:07.179,0.97334,0.97345,1.50,4.35
2012.08.20 15:10:08.104,0.97334,0.97343,1.50,1.50
2012.08.20 15:10:08.225,0.97334,0.97345,1.50,4.35
2012.08.20 15:10:09.481,0.97334,0.97345,1.50,4.35
2012.08.20 15:10:11.889,0.97334,0.97345,1.50,3.60
2012.08.20 15:10:15.886,0.97334,0.97343,1.50,1.50
2012.08.20 15:10:16.006,0.97334,0.97345,1.50,3.75
2012.08.20 15:10:16.511,0.97334,0.97345,1.50,3.60
2012.08.20 15:10:23.444,0.97333,0.97343,1.50,1.50
2012.08.20 15:10:23.969,0.97333,0.97344,3.00,2.85
2012.08.20 15:10:25.441,0.97333,0.97343,1.50,1.50
2012.08.20 15:10:25.950,0.97333,0.97344,1.50,3.60
2012.08.20 15:10:27.683,0.97333,0.97344,1.50,3.60
2012.08.20 15:10:28.378,0.97333,0.97344,1.50,4.35
2012.08.20 15:10:30.234,0.97333,0.97344,1.50,3.83
2012.08.20 15:10:31.403,0.97333,0.97344,1.50,3.83
2012.08.20 15:10:31.976,0.97333,0.97344,1.50,2.10
2012.08.20 15:10:34.331,0.97334,0.97344,1.50,2.10
2012.08.20 15:10:34.835,0.97335,0.97344,1.50,1.35
2012.08.20 15:10:37.696,0.97333,0.97343,1.50,1.50
2012.08.20 15:10:38.062,0.97333,0.97344,1.50,1.50
2012.08.20 15:10:38.591,0.97333,0.97344,3.00,2.25
2012.08.20 15:10:41.138,0.97333,0.97343,1.50,1.50
2012.08.20 15:10:42.894,0.97333,0.97343,1.50,1.50
2012.08.20 15:10:43.395,0.97334,0.97345,1.50,2.85
2012.08.20 15:10:43.947,0.97334,0.97345,1.50,2.85
2012.08.20 15:10:44.130,0.97338,0.97346,1.50,2.85
2012.08.20 15:10:44.434,0.9734,0.97349,2.25,1.35
2012.08.20 15:10:44.938,0.97337,0.9735,1.50,3.15
2012.08.20 15:10:45.192,0.97334,0.97344,2.25,1.50
2012.08.20 15:10:45.727,0.97333,0.97344,3.23,2.25
2012.08.20 15:10:46.230,0.97333,0.97344,3.23,2.25
2012.08.20 15:10:46.924,0.97333,0.97344,3.23,2.25
2012.08.20 15:10:48.568,0.97333,0.97344,3.23,2.25
2012.08.20 15:10:49.114,0.97334,0.97344,1.73,1.50
2012.08.20 15:10:49.819,0.97334,0.97344,1.73,1.50
2012.08.20 15:10:50.289,0.97334,0.97344,1.73,1.50
2012.08.20 15:10:50.764,0.97334,0.97345,1.50,2.70
2012.08.20 15:10:51.182,0.97335,0.97345,1.50,1.35
2012.08.20 15:10:51.505,0.97332,0.97344,3.00,1.35
2012.08.20 15:10:51.579,0.97331,0.97341,1.50,2.25
2012.08.20 15:10:51.880,0.97333,0.97342,1.50,3.00
2012.08.20 15:10:53.658,0.97332,0.97342,1.50,1.50
2012.08.20 15:10:53.842,0.9733,0.9734,2.48,1.50
2012.08.20 15:10:54.376,0.97329,0.97339,1.50,2.25
2012.08.20 15:10:55.812,0.97329,0.97341,2.25,3.75
2012.08.20 15:10:55.938,0.97332,0.97341,1.50,1.50
2012.08.20 15:10:56.064,0.97333,0.97343,2.25,1.73
2012.08.20 15:10:56.427,0.97333,0.97345,1.73,2.85
2012.08.20 15:10:57.021,0.97334,0.97344,1.50,1.50
2012.08.20 15:10:58.089,0.97334,0.97344,1.50,1.50
2012.08.20 15:10:59.149,0.97334,0.97343,1.50,1.50
2012.08.20 15:10:59.219,0.97332,0.97343,3.00,1.50
2012.08.20 15:11:00.567,0.97331,0.97343,1.73,3.38
2012.08.20 15:11:01.112,0.97329,0.9734,1.50,1.50
2012.08.20 15:11:01.642,0.97329,0.97339,1.50,1.50
2012.08.20 15:11:02.304,0.97328,0.97341,3.75,2.25
2012.08.20 15:11:04.259,0.97329,0.9734,3.00,1.50
2012.08.20 15:11:04.503,0.97333,0.97343,1.50,3.60
2012.08.20 15:11:05.018,0.97333,0.97344,3.23,3.00
2012.08.20 15:11:06.582,0.97332,0.97343,3.00,1.50
2012.08.20 15:11:08.658,0.97332,0.97343,3.00,1.50
2012.08.20 15:11:11.868,0.97332,0.97341,1.50,1.50
2012.08.20 15:11:13.391,0.97332,0.97341,1.50,1.50
2012.08.20 15:11:14.100,0.97332,0.97343,3.00,3.00
2012.08.20 15:11:18.057,0.97332,0.97343,3.00,1.50
2012.08.20 15:11:18.560,0.97332,0.97343,3.00,1.50
2012.08.20 15:11:19.226,0.97333,0.97343,1.50,1.50
2012.08.20 15:11:22.433,0.97333,0.97343,1.50,1.50
2012.08.20 15:11:23.173,0.97332,0.97343,3.00,1.50
2012.08.20 15:11:23.605,0.97332,0.97343,3.00,1.50
2012.08.20 15:11:25.290,0.97332,0.97343,3.23,1.50
2012.08.20 15:11:25.849,0.97333,0.97345,1.73,3.00
2012.08.20 15:11:25.912,0.97333,0.97342,1.50,1.50
2012.08.20 15:11:26.416,0.97333,0.97342,1.50,1.50
2012.08.20 15:11:26.480,0.97333,0.97344,1.50,1.50
2012.08.20 15:11:26.543,0.97333,0.97342,1.50,1.50
2012.08.20 15:11:27.142,0.97332,0.97341,1.50,1.50
2012.08.20 15:11:27.440,0.97332,0.97341,1.50,1.50
2012.08.20 15:11:29.771,0.97334,0.97341,1.73,1.50
2012.08.20 15:11:30.133,0.97334,0.97344,1.73,1.50
2012.08.20 15:11:30.821,0.97334,0.97343,1.73,1.50
2012.08.20 15:11:32.059,0.97334,0.97343,1.73,1.50
2012.08.20 15:11:32.600,0.97332,0.97343,1.50,1.50
2012.08.20 15:11:34.838,0.97332,0.97343,1.50,1.50
2012.08.20 15:11:37.009,0.97332,0.97343,1.50,1.50
2012.08.20 15:11:38.203,0.97332,0.97343,1.50,1.50
2012.08.20 15:11:39.010,0.97332,0.97343,1.50,1.50
2012.08.20 15:11:42.098,0.97332,0.9734,1.50,1.50
2012.08.20 15:11:42.902,0.97332,0.97341,1.50,1.50
2012.08.20 15:11:49.125,0.97332,0.97341,1.50,1.50
2012.08.20 15:11:49.646,0.97332,0.97341,1.50,1.50
2012.08.20 15:11:50.212,0.97332,0.97342,1.73,1.50
2012.08.20 15:11:50.749,0.97332,0.97342,1.73,1.50
2012.08.20 15:11:51.232,0.97329,0.9734,2.48,1.50
2012.08.20 15:11:51.830,0.9733,0.97341,2.48,1.50
2012.08.20 15:11:52.349,0.97329,0.9734,2.48,1.50
2012.08.20 15:11:52.888,0.9733,0.97341,2.48,1.50
2012.08.20 15:11:57.492,0.97328,0.97341,2.48,1.50
2012.08.20 15:11:58.104,0.97329,0.97342,2.48,1.50
2012.08.20 15:12:00.349,0.97329,0.9734,2.48,1.50
2012.08.20 15:12:00.771,0.97329,0.97342,2.48,1.50
2012.08.20 15:12:00.891,0.97328,0.97338,1.73,1.50
2012.08.20 15:12:01.013,0.97328,0.97338,1.73,1.50
2012.08.20 15:12:01.311,0.97327,0.9734,4.35,1.50
2012.08.20 15:12:01.890,0.97327,0.9734,4.35,1.50
2012.08.20 15:12:02.132,0.97329,0.97342,2.48,3.75
2012.08.20 15:12:04.578,0.97331,0.97342,2.25,2.25
2012.08.20 15:12:05.190,0.97331,0.97341,1.50,2.07
2012.08.20 15:12:05.315,0.97331,0.97337,1.50,1.65
2012.08.20 15:12:05.860,0.97331,0.97336,1.50,2.48
2012.08.20 15:12:06.274,0.97324,0.97336,1.50,4.73
2012.08.20 15:12:06.757,0.97327,0.97335,1.50,1.50
2012.08.20 15:12:07.009,0.97331,0.97342,1.50,3.04
2012.08.20 15:12:07.136,0.97332,0.97342,1.50,2.25
2012.08.20 15:12:08.079,0.97329,0.97342,3.98,1.88
2012.08.20 15:12:08.204,0.97328,0.97336,1.50,1.50
2012.08.20 15:12:08.740,0.97328,0.97337,1.50,1.50
2012.08.20 15:12:08.861,0.97327,0.97337,1.50,1.50
2012.08.20 15:12:09.405,0.97327,0.97337,1.50,1.50
2012.08.20 15:12:10.603,0.97327,0.97337,1.50,3.38
2012.08.20 15:12:10.727,0.97326,0.97335,1.50,2.25
2012.08.20 15:12:11.147,0.97322,0.97334,1.35,2.25
2012.08.20 15:12:11.271,0.97322,0.97332,1.35,1.50
2012.08.20 15:12:11.454,0.9732,0.9733,3.23,1.50
2012.08.20 15:12:11.578,0.97321,0.97331,1.50,1.50
2012.08.20 15:12:11.700,0.97322,0.97333,2.48,2.25
2012.08.20 15:12:12.218,0.97322,0.97334,1.73,1.50
2012.08.20 15:12:14.184,0.97322,0.97334,1.73,1.50
2012.08.20 15:12:16.270,0.97325,0.97334,1.50,1.50
2012.08.20 15:12:16.336,0.97327,0.97337,1.50,3.00
2012.08.20 15:12:16.580,0.9733,0.97337,1.50,1.50
2012.08.20 15:12:16.942,0.9733,0.9734,1.73,1.50
2012.08.20 15:12:19.562,0.97329,0.9734,3.23,2.25
2012.08.20 15:12:19.628,0.97329,0.97339,1.73,1.50
2012.08.20 15:12:21.186,0.97326,0.97338,4.73,1.28
2012.08.20 15:12:21.787,0.97324,0.97335,2.25,1.50
2012.08.20 15:12:22.384,0.97324,0.97335,2.25,1.50
2012.08.20 15:12:22.785,0.97322,0.97333,2.48,1.50
2012.08.20 15:12:22.851,0.97322,0.97333,1.73,1.50
2012.08.20 15:12:22.975,0.97321,0.97331,1.73,1.50
2012.08.20 15:12:23.924,0.97322,0.97331,1.50,1.50
2012.08.20 15:12:26.032,0.97321,0.97331,1.73,1.50
2012.08.20 15:12:26.408,0.97321,0.97331,1.73,1.50
2012.08.20 15:12:26.998,0.9732,0.97331,1.73,1.50
2012.08.20 15:12:28.777,0.9732,0.97331,2.48,1.50
2012.08.20 15:12:30.616,0.9732,0.97329,1.50,1.50
2012.08.20 15:12:31.160,0.9732,0.9733,1.50,1.50
2012.08.20 15:12:35.311,0.97319,0.97329,1.50,1.50
2012.08.20 15:12:36.030,0.97319,0.97329,1.50,1.50
2012.08.20 15:12:37.484,0.97318,0.97329,3.75,2.03
2012.08.20 15:12:37.792,0.97314,0.97321,2.25,1.50
2012.08.20 15:12:37.976,0.97311,0.97321,3.00,1.73
2012.08.20 15:12:38.396,0.97311,0.97318,1.50,1.50
2012.08.20 15:12:38.461,0.97311,0.97322,1.50,3.00
2012.08.20 15:12:40.210,0.97311,0.97321,1.50,3.00
2012.08.20 15:12:40.449,0.9731,0.97321,3.00,4.50
2012.08.20 15:12:40.968,0.97309,0.97322,2.25,3.98
2012.08.20 15:12:41.530,0.97309,0.97322,2.25,3.98
2012.08.20 15:12:42.049,0.97308,0.97319,5.63,1.50
2012.08.20 15:12:43.746,0.9731,0.97318,1.50,1.50
2012.08.20 15:12:44.218,0.97308,0.97317,1.50,2.25
2012.08.20 15:12:44.284,0.97307,0.97316,1.50,1.50
2012.08.20 15:12:44.705,0.97303,0.97314,2.25,1.50
2012.08.20 15:12:45.380,0.97302,0.97314,1.73,3.00
2012.08.20 15:12:45.691,0.97299,0.97311,3.00,2.40
2012.08.20 15:12:45.766,0.97299,0.97311,3.00,1.50
2012.08.20 15:12:46.302,0.97299,0.9731,2.25,1.50
2012.08.20 15:12:46.810,0.97299,0.97311,2.25,2.25
2012.08.20 15:12:46.875,0.97299,0.97311,1.50,1.50
2012.08.20 15:12:47.180,0.97295,0.97307,1.73,2.25
2012.08.20 15:12:47.486,0.97294,0.97305,2.63,1.50
2012.08.20 15:12:48.046,0.97294,0.97305,1.13,1.50
2012.08.20 15:12:48.582,0.97294,0.97305,4.35,1.50
2012.08.20 15:12:49.118,0.97295,0.97306,2.25,1.50
2012.08.20 15:12:49.711,0.97294,0.97305,2.10,2.25
2012.08.20 15:12:50.191,0.97292,0.97303,2.63,1.50
2012.08.20 15:12:50.794,0.97288,0.97301,3.23,1.50
2012.08.20 15:12:51.333,0.97289,0.97302,4.35,2.25
2012.08.20 15:12:51.873,0.97291,0.97302,2.25,1.50
2012.08.20 15:12:52.599,0.97291,0.97302,3.00,2.25
2012.08.20 15:12:53.018,0.97288,0.97299,2.48,2.25
2012.08.20 15:12:53.544,0.97288,0.97299,2.25,2.25
2012.08.20 15:12:53.846,0.97288,0.97299,4.73,2.25
2012.08.20 15:12:53.912,0.97291,0.97301,1.50,1.50
2012.08.20 15:12:53.978,0.97292,0.97303,2.25,2.25
2012.08.20 15:12:54.511,0.97294,0.97305,3.00,3.98
2012.08.20 15:12:55.241,0.97293,0.97304,1.50,3.00
2012.08.20 15:12:55.597,0.97293,0.97304,1.73,3.00
2012.08.20 15:12:55.720,0.97291,0.97304,2.25,3.00
2012.08.20 15:12:56.293,0.97291,0.97304,2.48,3.00
2012.08.20 15:12:56.829,0.97291,0.97303,2.48,2.25
2012.08.20 15:12:56.895,0.97291,0.97302,2.25,1.50
2012.08.20 15:12:57.429,0.97289,0.973,2.25,1.50
2012.08.20 15:12:57.844,0.97289,0.973,2.25,2.25
2012.08.20 15:12:59.639,0.97288,0.97299,3.23,1.50
2012.08.20 15:13:00.045,0.97288,0.97299,3.23,1.50
2012.08.20 15:13:00.526,0.97288,0.97299,3.23,1.50
2012.08.20 15:13:01.544,0.97289,0.97298,1.50,1.50
2012.08.20 15:13:02.053,0.97288,0.97299,3.23,1.50
2012.08.20 15:13:02.771,0.97288,0.973,3.23,1.50
2012.08.20 15:13:03.309,0.97289,0.97299,1.50,1.50
2012.08.20 15:13:03.839,0.97289,0.973,1.50,2.25
2012.08.20 15:13:04.371,0.9729,0.97301,1.50,2.25
2012.08.20 15:13:05.037,0.97289,0.97301,1.50,2.25
2012.08.20 15:13:05.579,0.9729,0.97301,1.88,2.25
2012.08.20 15:13:05.881,0.97293,0.97302,2.48,1.50
2012.08.20 15:13:06.302,0.97295,0.97304,1.50,1.50
2012.08.20 15:13:06.569,0.97295,0.97306,1.50,1.50
2012.08.20 15:13:07.112,0.97294,0.97306,1.73,2.25
2012.08.20 15:13:07.176,0.97294,0.97306,1.50,2.25
2012.08.20 15:13:07.598,0.97296,0.97306,2.25,3.00
2012.08.20 15:13:07.839,0.97295,0.97307,1.50,3.00
2012.08.20 15:13:08.374,0.97295,0.97307,1.50,2.25
2012.08.20 15:13:08.555,0.97297,0.97307,5.63,2.25
2012.08.20 15:13:08.861,0.97301,0.9731,1.50,1.50
2012.08.20 15:13:08.925,0.97301,0.9731,1.50,2.25
2012.08.20 15:13:09.285,0.973,0.9731,2.25,1.50
2012.08.20 15:13:09.538,0.97301,0.97312,2.25,2.25
2012.08.20 15:13:10.022,0.97301,0.97312,2.25,2.25
2012.08.20 15:13:10.495,0.97301,0.97312,1.73,2.25
2012.08.20 15:13:10.618,0.97301,0.97312,2.85,1.50
2012.08.20 15:13:12.373,0.97302,0.97313,4.88,2.25
2012.08.20 15:13:12.439,0.97303,0.97315,4.50,2.25
2012.08.20 15:13:12.954,0.97304,0.97314,1.50,2.25
2012.08.20 15:13:13.261,0.97304,0.97314,1.50,2.25
2012.08.20 15:13:13.563,0.97302,0.97312,2.85,1.50
2012.08.20 15:13:13.628,0.97304,0.97315,1.50,3.00
2012.08.20 15:13:14.185,0.97302,0.97314,3.60,1.50
2012.08.20 15:13:14.249,0.97302,0.97314,3.60,1.50
2012.08.20 15:13:14.434,0.97305,0.97316,2.25,1.50
2012.08.20 15:13:14.799,0.97305,0.97315,1.50,1.50
2012.08.20 15:13:14.865,0.97303,0.97313,3.23,2.25
2012.08.20 15:13:16.512,0.97303,0.97314,1.73,2.25
2012.08.20 15:13:17.018,0.97302,0.97313,4.35,1.50
2012.08.20 15:13:17.550,0.97302,0.97315,4.35,2.25
2012.08.20 15:13:18.206,0.97305,0.97316,1.50,3.75
2012.08.20 15:13:18.270,0.97305,0.97316,1.50,3.75
2012.08.20 15:13:18.573,0.97303,0.97315,1.73,2.25
2012.08.20 15:13:18.695,0.97303,0.97315,5.48,2.25
2012.08.20 15:13:23.775,0.97303,0.97315,2.48,2.25
2012.08.20 15:13:25.066,0.97303,0.97315,3.23,2.25
2012.08.20 15:13:25.598,0.97304,0.97315,2.10,2.25
2012.08.20 15:13:25.956,0.97305,0.97317,1.73,2.48
2012.08.20 15:13:26.020,0.97306,0.97317,1.50,2.48
2012.08.20 15:13:26.457,0.97306,0.97317,1.50,2.48
2012.08.20 15:13:27.670,0.97306,0.97316,1.50,1.28
2012.08.20 15:13:28.679,0.97306,0.97317,1.13,2.85
2012.08.20 15:13:29.515,0.97306,0.97317,1.13,2.78
2012.08.20 15:13:30.044,0.97306,0.97317,1.88,2.25
2012.08.20 15:13:30.577,0.97307,0.9732,2.25,2.48
2012.08.20 15:13:31.343,0.9731,0.9732,1.28,2.48
2012.08.20 15:13:31.408,0.97312,0.9732,1.50,1.50
2012.08.20 15:13:31.473,0.97316,0.97321,1.50,1.50
2012.08.20 15:13:31.778,0.9732,0.97326,3.75,1.50
2012.08.20 15:13:31.844,0.97318,0.97326,1.13,1.50
2012.08.20 15:13:31.911,0.97319,0.9733,1.88,2.48
2012.08.20 15:13:32.151,0.97319,0.97328,1.88,1.65
2012.08.20 15:13:32.690,0.97319,0.97326,1.88,3.23
2012.08.20 15:13:32.755,0.97314,0.97326,2.22,3.23
2012.08.20 15:13:33.091,0.97312,0.97325,2.25,2.25
2012.08.20 15:13:33.157,0.97312,0.97325,1.50,2.25
2012.08.20 15:13:35.783,0.97312,0.97325,1.50,3.75
2012.08.20 15:13:36.084,0.97313,0.97325,1.50,2.25
2012.08.20 15:13:36.784,0.97315,0.97328,2.25,3.23
2012.08.20 15:13:36.909,0.97315,0.97328,3.00,2.25
2012.08.20 15:13:38.173,0.97315,0.97328,2.63,2.25
2012.08.20 15:13:39.421,0.97314,0.97327,2.25,2.48
2012.08.20 15:13:40.960,0.97315,0.97326,2.25,3.00
2012.08.20 15:13:41.496,0.97315,0.97328,2.25,3.60
2012.08.20 15:13:42.320,0.97315,0.97328,2.25,3.60
2012.08.20 15:13:43.884,0.97315,0.97325,1.50,1.50
2012.08.20 15:13:44.229,0.97306,0.97311,1.50,1.50
2012.08.20 15:13:44.540,0.97308,0.97312,1.50,2.25
2012.08.20 15:13:44.610,0.97309,0.97315,1.50,1.73
2012.08.20 15:13:44.678,0.97307,0.97314,1.50,1.50
2012.08.20 15:13:44.743,0.97307,0.97312,1.50,2.25
2012.08.20 15:13:44.808,0.97303,0.97312,1.50,1.50
2012.08.20 15:13:45.225,0.97304,0.97312,1.50,1.50
2012.08.20 15:13:45.349,0.97304,0.97314,1.50,3.00
2012.08.20 15:13:45.592,0.97306,0.97317,1.50,3.23
2012.08.20 15:13:45.976,0.97306,0.97315,1.50,1.50
2012.08.20 15:13:46.344,0.97303,0.97312,1.50,2.25
2012.08.20 15:13:46.586,0.97301,0.97312,2.25,2.48
2012.08.20 15:13:47.009,0.97304,0.97314,1.50,1.73
2012.08.20 15:13:47.133,0.97306,0.97314,1.50,1.50
2012.08.20 15:13:47.493,0.97306,0.97317,1.50,2.48
2012.08.20 15:13:48.026,0.97306,0.97317,1.50,3.23
2012.08.20 15:13:48.211,0.97306,0.97316,1.50,1.73
2012.08.20 15:13:48.397,0.97304,0.97315,1.50,3.00
2012.08.20 15:13:48.579,0.97304,0.97315,2.25,3.23
2012.08.20 15:13:48.761,0.97305,0.97315,1.50,1.73
2012.08.20 15:13:49.008,0.97308,0.97318,2.25,1.50
2012.08.20 15:13:49.599,0.97308,0.97319,1.50,2.25
2012.08.20 15:13:49.844,0.97307,0.97318,1.50,2.25
2012.08.20 15:13:50.556,0.97307,0.97317,1.50,2.25
2012.08.20 15:13:53.783,0.97307,0.97318,3.38,2.25
2012.08.20 15:13:54.140,0.97307,0.97319,2.25,1.50
2012.08.20 15:13:54.453,0.97307,0.97319,2.25,1.50
2012.08.20 15:13:55.740,0.97307,0.97319,2.25,1.50
2012.08.20 15:13:56.269,0.97307,0.97319,2.25,1.50
2012.08.20 15:13:57.299,0.97307,0.97319,3.00,1.50
2012.08.20 15:13:57.924,0.97308,0.97319,2.25,1.50
2012.08.20 15:13:58.630,0.97307,0.97319,2.25,1.73
2012.08.20 15:13:59.048,0.97307,0.97319,2.25,1.50
2012.08.20 15:14:00.411,0.97305,0.97318,3.23,2.25
2012.08.20 15:14:01.179,0.97306,0.97315,1.50,1.50
2012.08.20 15:14:01.486,0.97302,0.97308,2.25,1.50
2012.08.20 15:14:02.222,0.97301,0.9731,8.25,3.23
2012.08.20 15:14:02.779,0.97298,0.9731,3.00,1.73
2012.08.20 15:14:04.302,0.97298,0.9731,3.00,1.50
2012.08.20 15:14:04.428,0.97302,0.97311,1.50,1.73
2012.08.20 15:14:04.613,0.973,0.97311,2.25,1.50
2012.08.20 15:14:04.856,0.973,0.97313,2.25,4.13
2012.08.20 15:14:05.573,0.973,0.97311,2.25,2.25
2012.08.20 15:14:06.114,0.973,0.97311,1.50,2.48
2012.08.20 15:14:07.031,0.973,0.97311,1.50,2.48
2012.08.20 15:14:07.444,0.97298,0.9731,2.25,1.50
2012.08.20 15:14:07.914,0.97301,0.9731,4.50,1.50
2012.08.20 15:14:08.221,0.97305,0.97316,1.50,3.00
2012.08.20 15:14:09.067,0.97302,0.97315,3.00,2.48
2012.08.20 15:14:09.621,0.97302,0.97315,3.00,3.23
2012.08.20 15:14:11.038,0.97304,0.97315,1.50,1.73
2012.08.20 15:14:12.157,0.97304,0.97315,2.25,1.73
2012.08.20 15:14:12.282,0.97306,0.97315,1.50,1.50
2012.08.20 15:14:12.348,0.97306,0.97318,1.50,1.50
2012.08.20 15:14:12.532,0.97311,0.97318,2.48,1.50
2012.08.20 15:14:12.833,0.97311,0.97322,2.25,1.50
2012.08.20 15:14:12.957,0.97311,0.97322,1.50,1.50
2012.08.20 15:14:13.286,0.97308,0.9732,1.50,1.50
2012.08.20 15:14:13.594,0.97307,0.97318,6.00,1.50
2012.08.20 15:14:13.953,0.97307,0.97318,2.25,1.50
2012.08.20 15:14:14.076,0.97307,0.97318,2.25,2.25
2012.08.20 15:14:15.074,0.97307,0.97318,2.25,1.50
2012.08.20 15:14:15.255,0.97306,0.97317,3.38,2.25
2012.08.20 15:14:15.557,0.97306,0.97314,1.50,1.88
2012.08.20 15:14:16.019,0.97297,0.97306,1.13,2.48
2012.08.20 15:14:16.608,0.97296,0.97307,2.25,1.73
2012.08.20 15:14:17.262,0.97296,0.97307,2.25,2.48
2012.08.20 15:14:20.867,0.97295,0.97306,2.25,2.85
2012.08.20 15:14:20.992,0.97292,0.97303,2.48,1.50
2012.08.20 15:14:21.237,0.9729,0.97302,2.25,1.73
2012.08.20 15:14:21.419,0.97287,0.97298,4.50,1.50
2012.08.20 15:14:21.542,0.97288,0.97301,2.25,2.48
2012.08.20 15:14:22.075,0.97289,0.97302,1.50,3.23
2012.08.20 15:14:22.590,0.97289,0.973,1.50,2.48
2012.08.20 15:14:23.119,0.97289,0.973,2.25,2.48
2012.08.20 15:14:23.621,0.97289,0.973,2.25,2.48
2012.08.20 15:14:24.159,0.97288,0.97299,2.25,2.48
2012.08.20 15:14:24.676,0.97288,0.973,1.50,2.48
2012.08.20 15:14:25.776,0.97288,0.97298,2.10,1.50
2012.08.20 15:14:25.845,0.9729,0.97301,1.50,1.50
2012.08.20 15:14:26.376,0.9729,0.97301,3.00,2.25
2012.08.20 15:14:26.906,0.9729,0.97303,2.25,4.13
2012.08.20 15:14:27.613,0.9729,0.97303,2.48,4.13
2012.08.20 15:14:28.056,0.9729,0.97303,1.73,4.13
2012.08.20 15:14:28.566,0.97289,0.97302,2.25,2.48
2012.08.20 15:14:28.939,0.97289,0.97302,2.25,2.48
2012.08.20 15:14:29.860,0.97287,0.973,1.50,3.31
2012.08.20 15:14:30.406,0.97287,0.97298,1.50,1.73
2012.08.20 15:14:30.941,0.97287,0.97299,2.25,1.73
2012.08.20 15:14:31.592,0.97287,0.97298,3.75,1.50
2012.08.20 15:14:33.917,0.97287,0.97298,3.00,2.25
2012.08.20 15:14:35.647,0.97287,0.97298,3.75,1.50
2012.08.20 15:14:36.195,0.97287,0.97298,3.75,1.50
2012.08.20 15:14:36.723,0.97288,0.97299,2.25,1.73
2012.08.20 15:14:37.266,0.97288,0.97298,1.50,2.25
2012.08.20 15:14:37.677,0.97286,0.97296,2.63,1.50
2012.08.20 15:14:37.800,0.97287,0.97298,1.50,1.50
2012.08.20 15:14:38.317,0.97287,0.973,2.25,3.98
2012.08.20 15:14:38.866,0.97287,0.97298,3.00,1.50
2012.08.20 15:14:39.415,0.97287,0.97299,2.25,1.73
2012.08.20 15:14:39.600,0.97289,0.973,2.25,2.48
2012.08.20 15:14:40.124,0.97288,0.973,2.25,1.50
2012.08.20 15:14:40.634,0.97288,0.973,2.25,2.25
2012.08.20 15:14:41.371,0.97288,0.97299,3.75,1.50
2012.08.20 15:14:41.866,0.97288,0.97301,3.75,1.50
2012.08.20 15:14:41.930,0.97288,0.97301,3.75,2.25
2012.08.20 15:14:42.733,0.97288,0.97301,3.23,1.50
2012.08.20 15:14:42.975,0.9729,0.97303,2.25,3.23
2012.08.20 15:14:44.918,0.9729,0.97303,1.50,3.23
2012.08.20 15:14:45.543,0.9729,0.97303,2.25,3.23
2012.08.20 15:14:46.062,0.97294,0.97303,1.13,3.23
2012.08.20 15:14:46.368,0.97296,0.97303,2.48,1.50
2012.08.20 15:14:46.552,0.97296,0.97303,1.73,1.50
2012.08.20 15:14:46.617,0.97296,0.97305,2.48,1.50
2012.08.20 15:14:46.682,0.97296,0.97309,2.48,3.00
2012.08.20 15:14:47.444,0.97294,0.97304,2.48,1.50
2012.08.20 15:14:47.749,0.97293,0.97303,1.88,1.73
2012.08.20 15:14:47.814,0.97293,0.97303,1.88,1.50
2012.08.20 15:14:47.996,0.97293,0.97304,1.50,3.23
2012.08.20 15:14:48.181,0.9729,0.97301,2.25,2.25
2012.08.20 15:14:48.715,0.9729,0.97301,3.75,1.50
2012.08.20 15:14:49.286,0.97291,0.97302,1.50,1.50
2012.08.20 15:14:49.833,0.9729,0.97301,3.23,1.50
2012.08.20 15:14:49.960,0.97288,0.97299,3.00,1.50
2012.08.20 15:14:50.500,0.97288,0.973,1.50,1.50
2012.08.20 15:14:51.096,0.97288,0.97301,3.00,2.48
2012.08.20 15:14:51.955,0.97288,0.97299,3.00,1.73
2012.08.20 15:14:52.138,0.97288,0.97299,3.00,1.73
2012.08.20 15:14:52.386,0.97287,0.97298,2.25,2.25
2012.08.20 15:14:52.451,0.97284,0.97297,4.13,2.25
2012.08.20 15:14:52.575,0.97284,0.97296,1.88,1.50
2012.08.20 15:14:53.123,0.97283,0.97294,1.88,2.25
2012.08.20 15:14:53.491,0.9728,0.97291,2.63,1.50
2012.08.20 15:14:54.036,0.97279,0.97288,3.00,4.73
2012.08.20 15:14:54.162,0.97275,0.97287,4.50,2.25
2012.08.20 15:14:54.284,0.97275,0.97285,2.63,1.50
2012.08.20 15:14:54.589,0.97275,0.97285,1.50,2.48
2012.08.20 15:14:54.711,0.97275,0.97285,1.50,2.48
2012.08.20 15:14:54.775,0.97273,0.97284,1.50,2.25
2012.08.20 15:14:55.074,0.97273,0.97284,1.50,1.50
2012.08.20 15:14:55.200,0.97274,0.97285,3.38,2.48
2012.08.20 15:14:55.325,0.97276,0.97287,3.00,1.50
2012.08.20 15:14:55.641,0.97277,0.9729,3.23,3.75
2012.08.20 15:14:56.180,0.97278,0.97291,3.00,2.63
2012.08.20 15:14:57.562,0.97279,0.97291,1.50,2.25
2012.08.20 15:14:58.110,0.97279,0.97291,1.50,2.25
2012.08.20 15:14:59.554,0.97278,0.97291,2.25,3.00
2012.08.20 15:15:00.581,0.97279,0.97291,1.13,2.25
2012.08.20 15:15:00.885,0.97281,0.97291,1.50,2.48
2012.08.20 15:15:01.068,0.97279,0.97289,1.50,2.10
2012.08.20 15:15:01.373,0.97279,0.9729,1.50,1.50
2012.08.20 15:15:01.436,0.97279,0.97291,1.50,2.85
2012.08.20 15:15:01.855,0.9728,0.97293,2.25,5.78
2012.08.20 15:15:02.414,0.97281,0.97293,1.50,1.50
2012.08.20 15:15:04.080,0.97282,0.97293,3.00,1.50
2012.08.20 15:15:04.203,0.97285,0.97293,1.50,1.50
2012.08.20 15:15:04.512,0.97293,0.97301,1.50,5.25
2012.08.20 15:15:04.698,0.97295,0.97303,1.50,1.88
2012.08.20 15:15:04.883,0.97295,0.97305,3.00,1.50
2012.08.20 15:15:05.008,0.97297,0.97309,2.25,1.50
2012.08.20 15:15:05.360,0.97294,0.97305,3.00,3.46
2012.08.20 15:15:05.675,0.97288,0.973,2.10,2.25
2012.08.20 15:15:06.036,0.97288,0.973,1.50,1.50
2012.08.20 15:15:06.567,0.97288,0.97299,3.00,1.50
2012.08.20 15:15:06.866,0.97288,0.97298,3.00,1.50
2012.08.20 15:15:07.055,0.97285,0.97296,1.50,3.38
2012.08.20 15:15:07.180,0.97283,0.97296,1.50,3.60
2012.08.20 15:15:07.245,0.97281,0.97292,2.48,1.50
2012.08.20 15:15:07.427,0.97281,0.97294,2.48,3.00
2012.08.20 15:15:09.790,0.97281,0.97294,3.23,2.25
2012.08.20 15:15:10.083,0.97281,0.97294,3.23,2.25
2012.08.20 15:15:11.147,0.97283,0.97294,1.13,2.25
2012.08.20 15:15:11.760,0.97283,0.97294,1.13,2.25
2012.08.20 15:15:12.413,0.97283,0.97294,1.13,2.25
2012.08.20 15:15:13.410,0.97283,0.97294,1.13,2.25
2012.08.20 15:15:16.373,0.97281,0.97294,3.23,2.25
2012.08.20 15:15:16.933,0.97281,0.97293,3.75,1.88
2012.08.20 15:15:17.113,0.97284,0.97293,1.50,1.88
2012.08.20 15:15:18.445,0.97284,0.97295,1.50,3.75
2012.08.20 15:15:18.999,0.97284,0.97295,1.50,3.00
2012.08.20 15:15:19.899,0.97284,0.97295,2.25,3.00
2012.08.20 15:15:20.251,0.97282,0.97293,2.25,1.50
2012.08.20 15:15:20.826,0.97281,0.97294,3.23,2.25
2012.08.20 15:15:21.080,0.97281,0.97294,3.23,2.25
2012.08.20 15:15:21.605,0.97282,0.97293,2.48,1.50
2012.08.20 15:15:21.668,0.97282,0.97293,4.73,1.50
2012.08.20 15:15:21.971,0.97287,0.97297,2.25,1.50
2012.08.20 15:15:22.326,0.97286,0.97298,1.50,7.13
2012.08.20 15:15:22.838,0.97286,0.97298,2.25,5.63
2012.08.20 15:15:23.305,0.97287,0.97298,1.50,4.50
2012.08.20 15:15:23.487,0.97289,0.973,2.25,6.68
2012.08.20 15:15:23.670,0.97289,0.973,2.25,1.50
2012.08.20 15:15:23.854,0.97292,0.97303,2.25,3.75
2012.08.20 15:15:24.503,0.97291,0.97302,2.25,3.00
2012.08.20 15:15:24.627,0.97289,0.973,2.25,1.50
2012.08.20 15:15:25.188,0.97288,0.97301,3.00,2.25
2012.08.20 15:15:25.985,0.97288,0.97301,3.23,2.25
2012.08.20 15:15:26.290,0.97294,0.97305,2.25,3.23
2012.08.20 15:15:27.176,0.97291,0.97303,2.48,2.25
2012.08.20 15:15:28.082,0.97291,0.97304,2.48,2.25
2012.08.20 15:15:28.618,0.97291,0.97302,2.25,1.50
2012.08.20 15:15:30.168,0.97291,0.97302,2.25,2.25
2012.08.20 15:15:30.724,0.97291,0.97302,2.25,1.50
2012.08.20 15:15:31.253,0.97291,0.97302,2.25,1.50
2012.08.20 15:15:31.917,0.9729,0.97303,2.48,3.38
2012.08.20 15:15:32.594,0.9729,0.97303,2.48,3.38
2012.08.20 15:15:35.470,0.9729,0.97303,2.25,3.00
2012.08.20 15:15:36.074,0.9729,0.97303,2.25,3.00
2012.08.20 15:15:36.798,0.97293,0.97305,1.50,2.85
2012.08.20 15:15:36.862,0.97293,0.97305,2.25,1.35
2012.08.20 15:15:36.985,0.97295,0.97305,1.50,1.13
2012.08.20 15:15:37.632,0.97294,0.97305,1.50,3.38
2012.08.20 15:15:37.993,0.9729,0.97298,2.10,1.50
2012.08.20 15:15:38.119,0.9729,0.973,2.63,1.50
2012.08.20 15:15:38.773,0.97289,0.973,3.75,1.50
2012.08.20 15:15:38.902,0.97291,0.97304,2.25,3.75
2012.08.20 15:15:38.968,0.97292,0.97304,1.50,2.25
2012.08.20 15:15:39.154,0.97294,0.97307,3.00,3.75
2012.08.20 15:15:39.221,0.97297,0.97308,2.25,2.25
2012.08.20 15:15:39.752,0.97297,0.97308,2.25,1.50
2012.08.20 15:15:39.875,0.97297,0.97309,1.50,1.50
2012.08.20 15:15:40.120,0.97296,0.97307,2.25,1.50
2012.08.20 15:15:41.532,0.97297,0.97308,1.50,1.50
2012.08.20 15:15:42.049,0.97297,0.97308,2.25,1.50
2012.08.20 15:15:45.246,0.97297,0.97308,1.50,1.50
2012.08.20 15:15:47.526,0.97301,0.97308,1.13,1.50
2012.08.20 15:15:47.845,0.97308,0.97319,1.73,1.50
2012.08.20 15:15:48.031,0.97308,0.97319,1.50,1.50
2012.08.20 15:15:48.334,0.97307,0.97318,1.50,2.25
2012.08.20 15:15:48.903,0.97306,0.97318,2.25,3.00
2012.08.20 15:15:49.430,0.97308,0.97318,1.50,2.25
2012.08.20 15:15:49.789,0.97308,0.97318,1.50,1.50
2012.08.20 15:15:49.911,0.97308,0.97321,3.00,3.00
2012.08.20 15:15:50.458,0.97308,0.97321,3.23,3.00
2012.08.20 15:15:51.058,0.97309,0.9732,2.25,2.25
2012.08.20 15:15:51.759,0.97308,0.9732,1.73,2.25
2012.08.20 15:15:54.319,0.97308,0.9732,1.50,2.25
2012.08.20 15:15:54.973,0.97308,0.97319,3.00,1.50
2012.08.20 15:15:55.465,0.97308,0.97319,3.00,1.50
2012.08.20 15:15:56.252,0.97308,0.97321,3.00,3.00
2012.08.20 15:15:56.574,0.97308,0.97319,3.00,1.50
2012.08.20 15:15:56.794,0.97308,0.97321,3.00,3.75
2012.08.20 15:15:57.122,0.97308,0.97319,3.00,1.50
2012.08.20 15:15:57.596,0.97308,0.97318,3.00,1.50
2012.08.20 15:15:57.924,0.97305,0.97317,2.63,1.73
2012.08.20 15:15:58.812,0.97305,0.97316,1.88,1.50
2012.08.20 15:16:00.193,0.97304,0.97314,1.50,1.50
2012.08.20 15:16:00.696,0.97304,0.97315,2.25,1.50
2012.08.20 15:16:01.226,0.97303,0.97314,3.75,1.50
2012.08.20 15:16:01.529,0.97301,0.97312,2.48,1.50
2012.08.20 15:16:02.064,0.973,0.9731,1.50,1.50
2012.08.20 15:16:03.010,0.97299,0.9731,3.00,2.25
2012.08.20 15:16:03.077,0.97298,0.97311,3.98,3.00
2012.08.20 15:16:03.788,0.97299,0.97311,1.50,3.00
2012.08.20 15:16:05.654,0.97299,0.97311,1.50,1.50
2012.08.20 15:16:05.779,0.97301,0.97313,2.25,1.73
2012.08.20 15:16:06.078,0.97301,0.97314,2.48,3.00
2012.08.20 15:16:06.843,0.973,0.97313,3.23,1.50
2012.08.20 15:16:06.908,0.973,0.97313,3.23,2.25
2012.08.20 15:16:08.067,0.97302,0.97314,1.73,2.25
2012.08.20 15:16:08.620,0.97302,0.97315,3.23,1.88
2012.08.20 15:16:09.147,0.97302,0.97315,2.48,2.63
2012.08.20 15:16:09.844,0.97302,0.97315,2.48,3.38
2012.08.20 15:16:10.203,0.97301,0.97312,2.25,1.50
2012.08.20 15:16:10.267,0.97301,0.97312,1.50,1.50
2012.08.20 15:16:10.744,0.97303,0.97314,1.50,1.73
2012.08.20 15:16:11.270,0.97303,0.97314,2.25,2.25
2012.08.20 15:16:11.935,0.97301,0.97313,1.50,1.50
2012.08.20 15:16:12.118,0.97301,0.9731,1.50,1.50
2012.08.20 15:16:12.433,0.97299,0.9731,3.23,1.50
2012.08.20 15:16:14.647,0.97299,0.97309,2.48,1.50
2012.08.20 15:16:15.180,0.97299,0.97311,2.48,3.00
2012.08.20 15:16:15.771,0.97299,0.97309,2.25,1.50
2012.08.20 15:16:16.325,0.97299,0.97311,1.50,2.48
2012.08.20 15:16:17.315,0.97299,0.97311,2.25,2.48
2012.08.20 15:16:19.064,0.97299,0.9731,2.25,1.35
2012.08.20 15:16:19.248,0.97298,0.97309,2.25,3.53
2012.08.20 15:16:19.490,0.97298,0.97308,1.50,7.50
2012.08.20 15:16:19.673,0.97294,0.97307,3.00,2.25
2012.08.20 15:16:20.206,0.97296,0.97308,1.50,5.25
2012.08.20 15:16:20.802,0.97296,0.97308,2.25,5.25
2012.08.20 15:16:22.022,0.97296,0.97308,2.25,4.50
2012.08.20 15:16:22.145,0.97295,0.97308,2.48,2.25
2012.08.20 15:16:25.651,0.97297,0.97309,2.25,1.50
2012.08.20 15:16:26.194,0.97297,0.97309,2.25,3.75
2012.08.20 15:16:26.258,0.97295,0.97308,3.00,3.00
2012.08.20 15:16:27.494,0.97294,0.97305,3.23,1.50
2012.08.20 15:16:28.018,0.97295,0.97306,2.25,2.25
2012.08.20 15:16:28.947,0.97295,0.97306,3.00,2.25
2012.08.20 15:16:29.544,0.97298,0.97309,1.50,3.98
2012.08.20 15:16:29.901,0.97296,0.97307,3.00,1.50
2012.08.20 15:16:30.206,0.97295,0.97306,2.25,1.73
2012.08.20 15:16:30.448,0.97296,0.97307,1.50,1.50
2012.08.20 15:16:31.075,0.97297,0.97308,2.25,2.25
2012.08.20 15:16:31.588,0.97297,0.97308,2.25,2.25
2012.08.20 15:16:32.381,0.97296,0.97306,1.88,1.50
2012.08.20 15:16:32.630,0.97295,0.97306,1.50,1.50
2012.08.20 15:16:32.933,0.97294,0.97303,1.50,1.50
2012.08.20 15:16:33.469,0.97293,0.97304,1.50,2.48
2012.08.20 15:16:33.970,0.97293,0.97303,1.50,2.25
2012.08.20 15:16:34.379,0.97293,0.97303,1.50,2.25
2012.08.20 15:16:35.026,0.97293,0.97303,1.50,2.25
2012.08.20 15:16:35.909,0.97292,0.97304,2.25,2.48
2012.08.20 15:16:35.972,0.97292,0.97304,2.25,3.23
2012.08.20 15:16:36.530,0.97292,0.97303,2.25,1.50
2012.08.20 15:16:36.945,0.97291,0.97303,2.25,2.25
2012.08.20 15:16:37.185,0.9729,0.97302,3.38,1.13
2012.08.20 15:16:37.727,0.9729,0.97301,1.73,2.25
2012.08.20 15:16:38.268,0.97291,0.973,1.88,1.73
2012.08.20 15:16:38.632,0.97291,0.97302,2.25,2.48
2012.08.20 15:16:38.815,0.97291,0.97302,1.50,2.48
2012.08.20 15:16:42.289,0.97289,0.97301,1.50,2.25
2012.08.20 15:16:43.623,0.97289,0.97301,2.25,1.50
2012.08.20 15:16:43.692,0.97291,0.97304,1.50,3.98
2012.08.20 15:16:44.211,0.97291,0.97304,2.25,3.98
2012.08.20 15:16:44.751,0.97292,0.97303,2.25,2.25
2012.08.20 15:16:47.716,0.97292,0.97303,1.50,2.25
2012.08.20 15:16:48.237,0.97292,0.97303,3.00,2.25
2012.08.20 15:16:48.938,0.97292,0.97303,2.25,2.25
2012.08.20 15:16:49.772,0.9729,0.97303,4.50,2.25
2012.08.20 15:16:50.169,0.97299,0.97305,1.50,2.25
2012.08.20 15:16:50.360,0.97299,0.97308,2.48,3.00
2012.08.20 15:16:50.546,0.97299,0.97308,1.50,1.50
2012.08.20 15:16:50.610,0.97299,0.9731,1.50,1.50
2012.08.20 15:16:50.675,0.973,0.97312,1.50,1.50
2012.08.20 15:16:51.218,0.97301,0.97312,1.88,3.23
2012.08.20 15:16:51.875,0.97301,0.97312,1.88,3.98
2012.08.20 15:16:51.999,0.97298,0.97309,3.00,1.50
2012.08.20 15:16:52.065,0.97298,0.97311,3.00,1.73
2012.08.20 15:16:52.734,0.97298,0.97311,3.00,1.73
2012.08.20 15:16:53.597,0.97298,0.97311,3.75,2.48
2012.08.20 15:16:56.167,0.97298,0.97311,2.25,2.48
2012.08.20 15:16:58.009,0.97298,0.97311,1.50,1.73
2012.08.20 15:17:00.383,0.97298,0.97311,1.50,2.48
2012.08.20 15:17:00.811,0.97297,0.9731,2.25,3.00
2012.08.20 15:17:01.396,0.97297,0.9731,2.25,3.00
2012.08.20 15:17:02.199,0.97298,0.9731,2.25,3.00
2012.08.20 15:17:02.503,0.97306,0.97314,1.50,1.05
2012.08.20 15:17:02.688,0.97306,0.97315,2.25,1.80
2012.08.20 15:17:02.753,0.97306,0.97316,1.50,1.50
2012.08.20 15:17:02.878,0.97306,0.97318,1.50,3.75
2012.08.20 15:17:03.408,0.97306,0.97317,3.00,1.50
2012.08.20 15:17:03.473,0.97308,0.97319,1.50,2.48
2012.08.20 15:17:03.916,0.97306,0.97317,4.13,1.50
2012.08.20 15:17:04.480,0.97306,0.97317,2.63,1.50
2012.08.20 15:17:04.994,0.97307,0.97318,2.25,1.50
2012.08.20 15:17:06.023,0.97307,0.97318,1.50,2.25
2012.08.20 15:17:06.556,0.97305,0.97318,3.98,1.50
2012.08.20 15:17:07.837,0.97307,0.97318,1.50,2.25
2012.08.20 15:17:08.195,0.97311,0.9732,1.50,1.50
2012.08.20 15:17:08.468,0.97308,0.9732,1.73,2.25
2012.08.20 15:17:09.001,0.97306,0.97318,1.50,1.50
2012.08.20 15:17:09.123,0.97306,0.97318,1.50,1.50
2012.08.20 15:17:09.741,0.97306,0.97319,2.25,2.48
2012.08.20 15:17:10.485,0.97306,0.97319,2.25,1.73
2012.08.20 15:17:11.772,0.97306,0.97319,3.00,3.23
2012.08.20 15:17:12.324,0.97306,0.97319,3.00,2.48
2012.08.20 15:17:12.850,0.97308,0.97319,1.50,1.50
2012.08.20 15:17:13.032,0.97307,0.97318,2.25,1.50
2012.08.20 15:17:13.799,0.97306,0.97317,2.25,2.25
2012.08.20 15:17:15.600,0.97306,0.97317,2.25,2.70
2012.08.20 15:17:15.786,0.97303,0.97315,3.23,2.25
2012.08.20 15:17:16.148,0.97305,0.97316,1.50,2.25
2012.08.20 15:17:16.841,0.97306,0.97317,1.50,3.00
2012.08.20 15:17:17.377,0.97305,0.97317,1.73,1.50
2012.08.20 15:17:17.528,0.97305,0.97317,1.73,1.50
2012.08.20 15:17:18.088,0.97305,0.97318,2.48,2.25
2012.08.20 15:17:20.024,0.97306,0.97317,1.50,2.25
2012.08.20 15:17:20.308,0.97309,0.97317,1.50,2.25
2012.08.20 15:17:20.430,0.97307,0.97317,1.50,2.25
2012.08.20 15:17:20.493,0.9731,0.97318,1.50,1.50
2012.08.20 15:17:21.043,0.97311,0.97318,1.50,1.50
2012.08.20 15:17:21.106,0.97309,0.97318,1.50,1.50
2012.08.20 15:17:21.291,0.97311,0.97318,1.50,1.50
2012.08.20 15:17:22.490,0.97306,0.97317,1.50,3.00
2012.08.20 15:17:22.735,0.97305,0.97317,1.50,2.25
2012.08.20 15:17:22.858,0.97307,0.97317,1.50,1.50
2012.08.20 15:17:23.162,0.97304,0.97315,2.25,1.73
2012.08.20 15:17:23.287,0.97304,0.97315,1.50,1.73
2012.08.20 15:17:23.820,0.97304,0.97316,1.73,2.25
2012.08.20 15:17:24.354,0.97304,0.97315,1.50,2.25
2012.08.20 15:17:25.080,0.97304,0.97315,1.50,2.25
2012.08.20 15:17:25.638,0.97304,0.97315,2.25,2.25
2012.08.20 15:17:26.401,0.97306,0.97317,1.50,3.98
2012.08.20 15:17:26.526,0.97307,0.97317,1.50,2.33
2012.08.20 15:17:26.649,0.97305,0.97317,2.25,1.73
2012.08.20 15:17:26.945,0.97305,0.97318,2.25,3.98
2012.08.20 15:17:28.824,0.97305,0.97317,2.25,1.73
2012.08.20 15:17:32.516,0.97307,0.97318,1.50,4.50
2012.08.20 15:17:32.818,0.97307,0.97318,1.50,3.00
2012.08.20 15:17:33.235,0.97307,0.97318,1.50,3.00
2012.08.20 15:17:33.299,0.97305,0.97317,2.25,2.25
2012.08.20 15:17:33.363,0.97304,0.97317,2.25,3.23
2012.08.20 15:17:33.665,0.97304,0.97317,2.48,2.48
2012.08.20 15:17:33.849,0.97303,0.97314,2.25,2.25
2012.08.20 15:17:33.915,0.97303,0.97309,1.50,1.50
2012.08.20 15:17:34.100,0.97303,0.97313,1.50,2.25
2012.08.20 15:17:34.223,0.97303,0.97313,1.50,1.50
2012.08.20 15:17:34.452,0.97304,0.97314,1.50,3.00
2012.08.20 15:17:34.524,0.97303,0.97314,3.00,1.50
2012.08.20 15:17:35.058,0.97304,0.97316,3.23,1.88
2012.08.20 15:17:35.181,0.97306,0.97317,1.50,1.50
2012.08.20 15:17:35.537,0.97307,0.9732,1.50,4.73
2012.08.20 15:17:36.062,0.97307,0.9732,1.50,2.48
2012.08.20 15:17:36.303,0.97309,0.9732,1.50,2.48
2012.08.20 15:17:38.306,0.97308,0.97319,2.25,1.50
2012.08.20 15:17:38.842,0.97307,0.97318,2.25,1.50
2012.08.20 15:17:39.772,0.97309,0.97319,1.50,1.35
2012.08.20 15:17:40.128,0.97308,0.97319,1.50,3.60
2012.08.20 15:17:40.562,0.97307,0.9732,2.25,2.48
2012.08.20 15:17:41.722,0.97306,0.97317,2.25,1.50
2012.08.20 15:17:42.206,0.97304,0.97316,4.50,2.48
2012.08.20 15:17:42.271,0.97303,0.97316,1.50,6.23
2012.08.20 15:17:42.746,0.97301,0.97312,3.75,2.25
2012.08.20 15:17:43.820,0.97301,0.97312,2.25,2.25
2012.08.20 15:17:44.545,0.97301,0.97312,2.25,3.00
2012.08.20 15:17:45.251,0.97301,0.97312,2.25,3.00
2012.08.20 15:17:45.784,0.97301,0.97312,1.50,3.75
2012.08.20 15:17:46.341,0.97301,0.97312,2.25,1.50
2012.08.20 15:17:47.116,0.97301,0.97312,2.25,2.48
2012.08.20 15:17:47.874,0.97301,0.97311,2.25,1.50
2012.08.20 15:17:48.347,0.97297,0.9731,3.98,2.25
2012.08.20 15:17:48.647,0.97299,0.9731,1.50,2.48
2012.08.20 15:17:49.250,0.97298,0.97311,1.50,3.98
2012.08.20 15:17:49.808,0.97298,0.97311,1.50,3.98
2012.08.20 15:17:51.479,0.97297,0.97308,3.00,2.25
2012.08.20 15:17:51.813,0.97292,0.97303,2.25,2.48
2012.08.20 15:17:52.006,0.97292,0.97303,1.50,3.23
2012.08.20 15:17:53.747,0.97295,0.97303,1.50,1.50
2012.08.20 15:17:53.872,0.97297,0.97306,1.50,2.25
2012.08.20 15:17:54.174,0.97298,0.97309,1.50,2.85
2012.08.20 15:17:54.782,0.97297,0.97309,1.50,1.73
2012.08.20 15:17:58.723,0.97299,0.97309,1.50,1.50
2012.08.20 15:17:59.233,0.97298,0.97309,1.50,4.35
2012.08.20 15:17:59.764,0.97299,0.97309,1.50,2.85
2012.08.20 15:18:00.138,0.97295,0.97308,2.48,2.25
2012.08.20 15:18:00.878,0.97297,0.97308,1.50,3.98
2012.08.20 15:18:01.948,0.97295,0.97307,1.50,3.23
2012.08.20 15:18:02.500,0.97294,0.97307,1.50,4.73
2012.08.20 15:18:03.753,0.97292,0.97305,3.98,5.71
2012.08.20 15:18:04.057,0.97291,0.97304,1.50,3.00
2012.08.20 15:18:04.122,0.97291,0.97304,2.25,3.00
2012.08.20 15:18:04.424,0.97294,0.97304,1.50,1.50
2012.08.20 15:18:05.191,0.97293,0.97304,1.50,1.50
2012.08.20 15:18:05.568,0.97293,0.97304,1.50,2.25
2012.08.20 15:18:06.127,0.97292,0.97304,2.25,4.95
2012.08.20 15:18:06.520,0.97294,0.97304,1.50,1.50
2012.08.20 15:18:07.379,0.97294,0.97304,1.50,1.50
2012.08.20 15:18:07.565,0.97296,0.97306,1.50,2.48
2012.08.20 15:18:07.925,0.97294,0.97305,2.25,2.48
2012.08.20 15:18:08.109,0.97297,0.97306,1.50,2.25
2012.08.20 15:18:08.553,0.97297,0.97307,1.50,1.50
2012.08.20 15:18:09.257,0.97295,0.97307,3.75,1.50
2012.08.20 15:18:09.739,0.97297,0.97307,1.50,2.25
2012.08.20 15:18:10.170,0.97295,0.97307,3.00,2.25
2012.08.20 15:18:10.707,0.97295,0.97306,1.50,1.50
2012.08.20 15:18:10.772,0.97293,0.97306,1.50,3.60
2012.08.20 15:18:11.309,0.97292,0.97303,1.50,1.73
2012.08.20 15:18:11.550,0.97291,0.97303,2.25,2.48
2012.08.20 15:18:12.126,0.9729,0.97302,2.25,2.33
2012.08.20 15:18:12.649,0.9729,0.97303,6.38,1.73
2012.08.20 15:18:12.960,0.97295,0.97305,1.50,1.50
2012.08.20 15:18:13.084,0.97293,0.97305,1.50,1.50
2012.08.20 15:18:13.617,0.97292,0.97304,1.50,1.96
2012.08.20 15:18:14.323,0.97295,0.97303,1.50,2.48
2012.08.20 15:18:14.970,0.97292,0.97303,1.50,1.73
2012.08.20 15:18:16.577,0.97289,0.97298,1.73,1.50
2012.08.20 15:18:16.961,0.97289,0.97296,1.73,1.50
2012.08.20 15:18:17.900,0.97289,0.97296,1.73,1.50
2012.08.20 15:18:18.568,0.97289,0.97302,3.98,2.25
2012.08.20 15:18:18.806,0.9729,0.97302,1.50,1.50
2012.08.20 15:18:19.334,0.9729,0.97303,3.00,3.23
2012.08.20 15:18:19.539,0.9729,0.97303,3.00,3.23
2012.08.20 15:18:19.946,0.9729,0.97303,3.00,3.98
2012.08.20 15:18:20.250,0.97284,0.97293,2.48,2.25
2012.08.20 15:18:20.804,0.97284,0.97292,2.63,1.50
2012.08.20 15:18:20.988,0.97285,0.97296,1.50,1.50
2012.08.20 15:18:21.348,0.97286,0.97298,2.10,3.75
2012.08.20 15:18:21.897,0.97286,0.97297,1.73,1.50
2012.08.20 15:18:22.678,0.97284,0.97297,3.15,1.50
2012.08.20 15:18:23.173,0.97283,0.97295,1.50,1.50
2012.08.20 15:18:24.352,0.97285,0.97297,3.60,1.50
2012.08.20 15:18:24.477,0.97286,0.97297,3.60,1.50
2012.08.20 15:18:25.012,0.97286,0.97298,2.48,1.50
2012.08.20 15:18:30.329,0.97286,0.97294,3.98,1.50
2012.08.20 15:18:30.452,0.97286,0.97296,3.00,1.50
2012.08.20 15:18:30.964,0.97286,0.97295,2.25,1.50
2012.08.20 15:18:33.993,0.97286,0.97297,4.88,1.50
2012.08.20 15:18:34.172,0.97287,0.973,3.23,1.50
2012.08.20 15:18:34.688,0.97287,0.97299,1.73,1.50
2012.08.20 15:18:35.228,0.97287,0.973,3.23,1.50
2012.08.20 15:18:36.641,0.97287,0.97298,3.23,1.50
2012.08.20 15:18:37.176,0.97288,0.97299,3.00,1.50
2012.08.20 15:18:37.478,0.97293,0.973,1.13,1.50
2012.08.20 15:18:37.661,0.97295,0.97302,1.50,1.50
2012.08.20 15:18:37.786,0.97292,0.97302,1.50,3.00
2012.08.20 15:18:37.914,0.97293,0.97305,1.50,1.50
2012.08.20 15:18:38.356,0.97289,0.97299,2.33,1.50
2012.08.20 15:18:38.892,0.97288,0.97298,3.00,1.50
2012.08.20 15:18:39.568,0.97288,0.97299,4.50,1.50
2012.08.20 15:18:40.121,0.97288,0.97301,4.50,3.75
2012.08.20 15:18:40.422,0.97292,0.97305,1.50,4.73
2012.08.20 15:18:40.961,0.97293,0.97305,1.50,1.50
2012.08.20 15:18:42.915,0.97292,0.97305,2.25,2.25
2012.08.20 15:18:43.465,0.97293,0.97304,1.50,2.25
2012.08.20 15:18:43.824,0.97291,0.97302,1.13,1.50
2012.08.20 15:18:44.180,0.97289,0.97299,2.25,1.50
2012.08.20 15:18:44.362,0.97289,0.97301,2.25,1.50
2012.08.20 15:18:44.425,0.97289,0.97299,2.25,1.50
2012.08.20 15:18:45.443,0.97288,0.97299,3.23,1.50
2012.08.20 15:18:45.679,0.97288,0.97301,3.23,1.50
2012.08.20 15:18:46.784,0.9729,0.97301,3.08,1.50
2012.08.20 15:18:46.908,0.97293,0.97304,1.50,1.88
2012.08.20 15:18:48.005,0.97291,0.97302,1.73,1.50
2012.08.20 15:18:48.756,0.9729,0.97303,4.58,1.50
2012.08.20 15:18:49.111,0.9729,0.97301,5.33,1.50
2012.08.20 15:18:49.440,0.97292,0.97301,1.13,1.50
2012.08.20 15:18:49.977,0.97293,0.97304,2.48,1.50
2012.08.20 15:18:50.505,0.97292,0.97305,5.85,1.50
2012.08.20 15:18:51.045,0.97293,0.97304,2.48,1.50
2012.08.20 15:18:51.406,0.97294,0.97305,2.25,1.50
2012.08.20 15:18:51.533,0.97296,0.97307,1.50,1.50
2012.08.20 15:18:53.748,0.97295,0.97306,2.25,1.50
2012.08.20 15:18:54.792,0.97295,0.97306,2.25,1.50
2012.08.20 15:18:55.402,0.97295,0.97308,2.25,2.25
2012.08.20 15:18:55.935,0.97294,0.97307,2.48,1.50
2012.08.20 15:18:58.079,0.97294,0.97307,2.48,1.50
2012.08.20 15:19:03.701,0.97294,0.97307,2.48,1.50
2012.08.20 15:19:04.901,0.97294,0.97307,2.48,1.50
2012.08.20 15:19:05.910,0.97295,0.97306,2.25,1.50
2012.08.20 15:19:06.712,0.97295,0.97306,2.25,1.50
2012.08.20 15:19:08.101,0.97295,0.97306,2.25,1.50
2012.08.20 15:19:08.759,0.97295,0.97306,2.25,1.50
2012.08.20 15:19:09.540,0.97295,0.97306,2.25,1.50
2012.08.20 15:19:12.428,0.97295,0.97306,2.25,1.50
2012.08.20 15:19:13.013,0.97294,0.97305,1.73,1.50
2012.08.20 15:19:13.194,0.97294,0.97305,3.23,1.50
2012.08.20 15:19:13.711,0.97292,0.97305,4.35,1.50
2012.08.20 15:19:15.050,0.97292,0.97305,3.60,2.25
2012.08.20 15:19:16.338,0.97293,0.97305,1.13,2.25
2012.08.20 15:19:17.589,0.97293,0.97305,1.13,2.25
2012.08.20 15:19:19.138,0.97293,0.97305,1.13,1.50
2012.08.20 15:19:20.883,0.97292,0.97305,2.85,3.00
2012.08.20 15:19:21.408,0.97292,0.97305,1.50,2.25
2012.08.20 15:19:23.546,0.97292,0.97305,2.25,3.75
2012.08.20 15:19:23.860,0.9729,0.97302,1.50,1.50
2012.08.20 15:19:23.933,0.97289,0.973,1.50,1.50
2012.08.20 15:19:24.607,0.97289,0.97299,1.13,1.50
2012.08.20 15:19:25.191,0.97289,0.97299,1.13,1.50
2012.08.20 15:19:25.739,0.97289,0.97301,1.13,1.50
2012.08.20 15:19:26.272,0.97289,0.97301,1.13,1.50
2012.08.20 15:19:26.695,0.97293,0.97304,1.50,1.50
2012.08.20 15:19:26.761,0.97293,0.97305,1.50,1.73
2012.08.20 15:19:27.297,0.97292,0.97305,2.48,2.25
2012.08.20 15:19:28.529,0.9729,0.97303,2.63,2.48
2012.08.20 15:19:28.884,0.97288,0.97298,8.10,1.50
2012.08.20 15:19:29.414,0.97288,0.97301,8.10,2.25
2012.08.20 15:19:29.952,0.97288,0.97301,8.10,2.25
2012.08.20 15:19:30.112,0.97288,0.97299,8.10,1.50
2012.08.20 15:19:30.350,0.97288,0.97301,8.10,3.75
2012.08.20 15:19:30.963,0.97288,0.973,6.60,1.50
2012.08.20 15:19:31.496,0.97288,0.97301,4.35,2.25
2012.08.20 15:19:31.980,0.9729,0.97303,1.50,1.73
2012.08.20 15:19:32.361,0.9729,0.97303,1.50,2.48
2012.08.20 15:19:34.047,0.97291,0.97301,1.50,1.50
2012.08.20 15:19:34.112,0.97291,0.97303,2.25,1.50
2012.08.20 15:19:34.177,0.97294,0.97304,1.50,1.50
2012.08.20 15:19:34.535,0.97292,0.97305,1.50,1.50
2012.08.20 15:19:39.636,0.97292,0.97304,2.25,1.21
2012.08.20 15:19:39.762,0.9729,0.97301,1.73,1.50
2012.08.20 15:19:40.313,0.97289,0.973,1.50,2.25
2012.08.20 15:19:40.838,0.97288,0.97301,3.23,3.75
2012.08.20 15:19:43.492,0.97288,0.97299,3.00,2.25
2012.08.20 15:19:44.582,0.97289,0.973,2.25,2.25
2012.08.20 15:19:48.989,0.97292,0.97299,1.50,2.25
2012.08.20 15:19:49.170,0.97289,0.973,2.25,2.25
2012.08.20 15:19:49.568,0.97288,0.97301,3.75,2.48
2012.08.20 15:19:50.092,0.97289,0.973,2.25,2.25
2012.08.20 15:19:55.689,0.97288,0.97299,3.00,2.25
2012.08.20 15:19:59.392,0.97288,0.97299,3.75,2.25
2012.08.20 15:19:59.980,0.97289,0.97297,1.88,1.50
2012.08.20 15:20:00.341,0.97288,0.97299,3.23,2.25
2012.08.20 15:20:00.874,0.97288,0.97298,1.73,1.50
2012.08.20 15:20:01.239,0.97286,0.97297,1.13,1.50
2012.08.20 15:20:01.305,0.97284,0.97295,2.85,1.50
2012.08.20 15:20:01.860,0.97285,0.97296,2.25,1.50
2012.08.20 15:20:02.231,0.97285,0.97298,2.25,3.38
2012.08.20 15:20:02.296,0.97285,0.97296,2.25,1.50
2012.08.20 15:20:02.809,0.97282,0.97295,2.48,1.50
2012.08.20 15:20:03.349,0.97283,0.97296,2.48,1.50
2012.08.20 15:20:03.885,0.97284,0.97295,2.48,1.50
2012.08.20 15:20:04.427,0.97284,0.97295,2.48,1.50
2012.08.20 15:20:06.435,0.97284,0.97295,2.48,1.50
2012.08.20 15:20:06.851,0.97284,0.97295,2.48,1.50
2012.08.20 15:20:08.017,0.97284,0.97295,2.48,1.50
2012.08.20 15:20:08.533,0.97285,0.97298,2.25,2.25
2012.08.20 15:20:11.238,0.97285,0.97298,2.48,2.25
2012.08.20 15:20:13.188,0.97285,0.97296,2.48,1.50
2012.08.20 15:20:14.057,0.97285,0.97298,2.48,2.25
2012.08.20 15:20:14.589,0.97286,0.97297,2.25,1.50
2012.08.20 15:20:15.123,0.97284,0.97296,1.88,1.50
2012.08.20 15:20:15.674,0.97285,0.97296,1.88,1.50
2012.08.20 15:20:16.224,0.97287,0.97297,1.13,1.50
2012.08.20 15:20:16.986,0.97286,0.97298,2.33,1.50
2012.08.20 15:20:18.511,0.97286,0.97296,2.85,1.50
2012.08.20 15:20:21.310,0.97286,0.97298,2.85,1.50
2012.08.20 15:20:22.647,0.97288,0.97299,1.50,1.50
2012.08.20 15:20:23.403,0.97287,0.97299,1.50,1.50
2012.08.20 15:20:23.530,0.97287,0.97296,1.50,1.50
2012.08.20 15:20:24.057,0.97287,0.97297,1.50,1.50
2012.08.20 15:20:24.411,0.97288,0.97299,1.50,1.50
2012.08.20 15:20:24.840,0.97288,0.97301,3.23,1.50
2012.08.20 15:20:25.372,0.97288,0.973,1.73,1.50
2012.08.20 15:20:25.497,0.97287,0.97298,3.98,1.50
2012.08.20 15:20:26.083,0.97288,0.973,1.50,1.50
2012.08.20 15:20:26.924,0.97288,0.97299,2.25,1.50
2012.08.20 15:20:31.938,0.97288,0.97298,1.50,1.50
2012.08.20 15:20:32.469,0.97288,0.973,1.50,2.25
2012.08.20 15:20:32.997,0.97288,0.97299,2.25,2.25
2012.08.20 15:20:34.338,0.97288,0.97299,3.00,2.25
2012.08.20 15:20:34.740,0.97293,0.97299,1.35,1.50
2012.08.20 15:20:35.005,0.97293,0.97304,2.25,2.25
2012.08.20 15:20:35.538,0.97291,0.97303,1.50,2.25
2012.08.20 15:20:37.541,0.97291,0.97303,1.50,2.25
2012.08.20 15:20:38.056,0.9729,0.97301,2.25,2.25
2012.08.20 15:20:38.180,0.97288,0.97298,5.48,1.50
2012.08.20 15:20:38.709,0.97288,0.97299,5.25,2.25
2012.08.20 15:20:39.223,0.97291,0.973,1.50,1.50
2012.08.20 15:20:39.345,0.97293,0.97304,1.50,2.25
2012.08.20 15:20:40.436,0.97293,0.97304,2.25,2.25
2012.08.20 15:20:42.477,0.97294,0.97305,1.50,3.98
2012.08.20 15:20:44.594,0.97295,0.97305,1.50,1.73
2012.08.20 15:20:44.832,0.97297,0.97305,1.50,1.73
2012.08.20 15:20:45.368,0.97296,0.97306,1.50,2.48
2012.08.20 15:20:45.726,0.97295,0.97306,1.50,3.60
2012.08.20 15:20:46.644,0.97292,0.97305,2.25,3.23
2012.08.20 15:20:47.270,0.97294,0.97305,1.50,3.23
2012.08.20 15:20:47.810,0.97295,0.97305,3.00,1.73
2012.08.20 15:20:49.117,0.97293,0.97306,2.25,3.23
2012.08.20 15:20:49.241,0.97293,0.97306,4.73,2.25
2012.08.20 15:20:49.656,0.97295,0.97308,2.25,6.98
2012.08.20 15:20:50.115,0.97295,0.97308,2.25,6.23
2012.08.20 15:20:50.468,0.97295,0.97305,1.50,1.73
2012.08.20 15:20:50.649,0.97293,0.97301,1.50,1.50
2012.08.20 15:20:51.437,0.97293,0.97299,1.50,1.50
2012.08.20 15:20:52.828,0.97291,0.97303,1.50,2.48
2012.08.20 15:20:53.330,0.97294,0.97305,1.50,3.23
2012.08.20 15:20:53.862,0.97294,0.97305,2.25,2.25
2012.08.20 15:20:55.969,0.97293,0.97304,2.25,1.50
2012.08.20 15:20:56.500,0.97294,0.97305,3.00,1.50
2012.08.20 15:20:56.802,0.97294,0.97307,3.00,2.25
2012.08.20 15:20:59.024,0.97294,0.97307,3.23,2.25
2012.08.20 15:21:02.148,0.97296,0.97307,1.73,2.25
2012.08.20 15:21:02.450,0.97299,0.9731,1.73,3.38
2012.08.20 15:21:02.991,0.97301,0.97311,1.50,7.39
2012.08.20 15:21:03.117,0.97298,0.97311,2.25,9.34
2012.08.20 15:21:03.735,0.97296,0.97307,4.35,1.50
2012.08.20 15:21:04.872,0.97296,0.97304,1.73,1.50
2012.08.20 15:21:04.998,0.97293,0.97304,3.23,1.50
2012.08.20 15:21:05.653,0.97295,0.97306,1.50,1.50
2012.08.20 15:21:05.950,0.97295,0.97306,1.50,2.25
2012.08.20 15:21:06.073,0.97295,0.97306,1.50,2.25
2012.08.20 15:21:06.138,0.97293,0.97306,3.98,2.25
2012.08.20 15:21:06.496,0.97293,0.97304,3.23,1.50
2012.08.20 15:21:07.016,0.97292,0.97303,2.48,1.50
2012.08.20 15:21:07.701,0.97292,0.97303,2.48,2.25
2012.08.20 15:21:09.673,0.97292,0.97303,1.73,2.25
2012.08.20 15:21:10.223,0.97291,0.97302,3.23,2.25
2012.08.20 15:21:10.736,0.97292,0.97303,1.50,2.25
2012.08.20 15:21:11.038,0.97295,0.97303,2.48,1.50
2012.08.20 15:21:11.163,0.97296,0.97308,2.48,5.25
2012.08.20 15:21:11.286,0.97298,0.97308,1.50,5.25
2012.08.20 15:21:14.420,0.97298,0.97309,2.25,3.00
2012.08.20 15:21:14.659,0.97296,0.97305,1.50,1.50
2012.08.20 15:21:15.195,0.97296,0.97305,1.50,2.63
2012.08.20 15:21:15.320,0.97293,0.97305,1.50,2.63
2012.08.20 15:21:16.140,0.97294,0.97305,1.50,4.13
2012.08.20 15:21:16.835,0.97292,0.97304,1.50,1.50
2012.08.20 15:21:16.956,0.9729,0.97303,1.50,1.50
2012.08.20 15:21:17.796,0.9729,0.97303,1.50,2.25
2012.08.20 15:21:18.633,0.9729,0.97303,1.50,2.25
2012.08.20 15:21:19.721,0.9729,0.97301,1.50,1.36
2012.08.20 15:21:19.846,0.9729,0.97299,1.50,1.50
2012.08.20 15:21:20.089,0.97287,0.97297,1.88,2.25
2012.08.20 15:21:20.528,0.97287,0.97297,1.88,2.25
2012.08.20 15:21:21.073,0.97286,0.97297,2.63,2.25
2012.08.20 15:21:21.943,0.97286,0.97297,2.25,2.25
2012.08.20 15:21:22.246,0.97285,0.97292,1.73,1.50
2012.08.20 15:21:22.311,0.97282,0.97292,2.25,1.50
2012.08.20 15:21:22.551,0.97282,0.97292,2.63,1.50
2012.08.20 15:21:22.854,0.97281,0.97292,2.63,1.50
2012.08.20 15:21:23.719,0.97281,0.97293,2.85,1.50
2012.08.20 15:21:24.664,0.97281,0.97294,2.48,3.00
2012.08.20 15:21:25.001,0.97281,0.97294,2.48,3.00
2012.08.20 15:21:25.554,0.97281,0.97294,2.48,3.00
2012.08.20 15:21:26.779,0.9728,0.97293,2.48,2.25
2012.08.20 15:21:27.645,0.9728,0.97293,1.73,2.25
2012.08.20 15:21:28.592,0.9728,0.9729,1.73,3.30
2012.08.20 15:21:28.858,0.97275,0.97285,3.98,1.50
2012.08.20 15:21:28.930,0.97274,0.97285,3.00,1.50
2012.08.20 15:21:29.676,0.97274,0.97287,2.48,2.48
2012.08.20 15:21:31.118,0.97275,0.97286,1.50,2.25
2012.08.20 15:21:31.182,0.97275,0.97286,3.00,2.25
2012.08.20 15:21:31.307,0.9728,0.9729,1.50,1.73
2012.08.20 15:21:31.639,0.97278,0.97291,1.50,3.23
2012.08.20 15:21:31.763,0.97276,0.97289,4.35,2.25
2012.08.20 15:21:32.296,0.97276,0.97289,4.35,3.00
2012.08.20 15:21:32.839,0.97276,0.97289,3.98,2.48
2012.08.20 15:21:33.144,0.9728,0.9729,1.50,1.13
2012.08.20 15:21:33.625,0.97278,0.97291,2.48,2.25
2012.08.20 15:21:34.159,0.97278,0.97291,1.50,2.25
2012.08.20 15:21:34.530,0.97279,0.97291,1.50,2.25
2012.08.20 15:21:34.715,0.97279,0.97288,1.50,1.21
2012.08.20 15:21:35.022,0.97276,0.97287,2.25,1.50
2012.08.20 15:21:35.382,0.97279,0.97287,1.50,1.50
2012.08.20 15:21:35.507,0.97276,0.97287,3.00,3.00
2012.08.20 15:21:35.690,0.97281,0.97287,1.50,1.50
2012.08.20 15:21:35.756,0.97279,0.97287,1.50,1.50
2012.08.20 15:21:35.820,0.97275,0.97287,1.50,3.00
2012.08.20 15:21:36.359,0.97274,0.97287,2.63,4.50
2012.08.20 15:21:36.948,0.97274,0.97287,2.63,3.00
2012.08.20 15:21:37.247,0.97275,0.97287,5.25,2.25
2012.08.20 15:21:37.552,0.97284,0.97291,1.50,2.63
2012.08.20 15:21:37.910,0.97282,0.97291,1.73,1.88
2012.08.20 15:21:38.325,0.97281,0.97294,8.33,2.25
2012.08.20 15:21:38.858,0.97282,0.97294,1.13,2.25
2012.08.20 15:21:39.587,0.97283,0.97296,3.23,2.40
2012.08.20 15:21:40.089,0.97284,0.97296,1.35,2.40
2012.08.20 15:21:40.155,0.97284,0.97296,1.35,2.40
2012.08.20 15:21:40.460,0.97283,0.97293,1.50,1.50
2012.08.20 15:21:40.989,0.97282,0.97293,3.23,2.25
2012.08.20 15:21:41.468,0.97283,0.97293,1.73,1.50
2012.08.20 15:21:41.999,0.97286,0.97297,1.50,2.25
2012.08.20 15:21:43.783,0.97286,0.97297,2.25,2.25
2012.08.20 15:21:45.482,0.97287,0.97298,1.50,2.25
2012.08.20 15:21:46.086,0.97286,0.97297,2.25,2.25
2012.08.20 15:21:46.290,0.97284,0.97293,4.58,1.50
2012.08.20 15:21:46.411,0.97284,0.97295,4.58,1.50
2012.08.20 15:21:47.113,0.97284,0.97296,2.33,2.25
2012.08.20 15:21:47.185,0.97284,0.97296,2.33,2.25
2012.08.20 15:21:48.183,0.97284,0.97296,3.08,2.25
2012.08.20 15:21:49.463,0.97284,0.97296,3.08,2.25
2012.08.20 15:21:50.012,0.97284,0.97296,3.08,2.25
2012.08.20 15:21:50.823,0.97285,0.97296,1.73,2.25
2012.08.20 15:21:51.373,0.97286,0.97296,1.50,2.25
2012.08.20 15:21:51.762,0.97292,0.97298,1.35,1.50
2012.08.20 15:21:52.126,0.97292,0.97303,3.45,2.25
2012.08.20 15:21:52.840,0.97291,0.97302,2.25,1.50
2012.08.20 15:21:53.382,0.97291,0.97302,2.25,2.25
2012.08.20 15:21:54.067,0.97291,0.97302,2.25,2.25
2012.08.20 15:21:56.317,0.97291,0.97302,2.25,2.25
2012.08.20 15:21:58.310,0.97291,0.97302,1.50,2.25
2012.08.20 15:21:58.492,0.97287,0.973,4.20,3.00
2012.08.20 15:21:58.615,0.97287,0.97299,2.48,2.25
2012.08.20 15:21:58.739,0.97286,0.97297,2.25,2.25
2012.08.20 15:21:58.803,0.97286,0.97297,1.50,2.25
2012.08.20 15:21:58.926,0.97286,0.97297,1.50,2.25
2012.08.20 15:22:00.077,0.97286,0.97296,1.50,2.25
2012.08.20 15:22:00.794,0.97287,0.97296,1.50,2.25
2012.08.20 15:22:01.553,0.97287,0.97296,1.50,2.25
2012.08.20 15:22:01.968,0.97286,0.97297,1.13,2.25
2012.08.20 15:22:02.355,0.97286,0.97297,1.13,2.25
2012.08.20 15:22:02.433,0.97286,0.97297,1.13,2.25
2012.08.20 15:22:09.180,0.97286,0.97298,1.13,2.25
2012.08.20 15:22:10.042,0.97286,0.97296,1.50,2.25
2012.08.20 15:22:10.106,0.97287,0.97296,6.23,2.25
2012.08.20 15:22:10.171,0.97291,0.973,1.50,1.73
2012.08.20 15:22:10.720,0.9729,0.97301,2.48,1.50
2012.08.20 15:22:11.905,0.9729,0.97303,3.23,2.25
2012.08.20 15:22:14.263,0.9729,0.97303,3.23,2.25
2012.08.20 15:22:15.003,0.9729,0.97301,3.23,2.25
2012.08.20 15:22:15.532,0.97291,0.97302,1.50,2.25
2012.08.20 15:22:16.167,0.9729,0.97302,1.50,2.25
2012.08.20 15:22:18.053,0.97289,0.97302,3.23,2.25
2012.08.20 15:22:18.564,0.9729,0.97301,2.25,2.25
2012.08.20 15:22:21.865,0.97289,0.97302,3.75,2.25
2012.08.20 15:22:22.223,0.97287,0.97298,7.50,2.25
2012.08.20 15:22:22.778,0.97287,0.97298,4.88,2.25
2012.08.20 15:22:23.512,0.97287,0.97298,5.63,2.25
2012.08.20 15:22:23.639,0.97291,0.97302,1.50,1.50
2012.08.20 15:22:23.704,0.97294,0.97304,1.50,3.00
2012.08.20 15:22:23.943,0.97292,0.97304,1.50,1.80
2012.08.20 15:22:24.472,0.97291,0.97302,1.50,2.25
2012.08.20 15:22:25.136,0.97289,0.97302,2.48,2.25
2012.08.20 15:22:27.102,0.97291,0.97302,1.50,2.25
2012.08.20 15:22:27.646,0.9729,0.97303,2.25,2.25
2012.08.20 15:22:28.058,0.97289,0.97302,2.48,3.00
2012.08.20 15:22:28.359,0.97289,0.97301,1.50,1.50
2012.08.20 15:22:28.485,0.97288,0.97299,1.73,2.25
2012.08.20 15:22:28.613,0.97289,0.97301,1.73,2.25
2012.08.20 15:22:29.146,0.97291,0.97302,1.50,2.25
2012.08.20 15:22:29.694,0.97291,0.97302,1.50,2.25
2012.08.20 15:22:30.221,0.9729,0.97302,1.50,2.25
2012.08.20 15:22:30.762,0.9729,0.97302,1.50,2.25
2012.08.20 15:22:31.195,0.97287,0.973,3.00,2.25
2012.08.20 15:22:31.494,0.97287,0.973,2.25,2.25
2012.08.20 15:22:32.023,0.97288,0.973,1.50,1.13
2012.08.20 15:22:32.566,0.97287,0.973,2.48,2.63
2012.08.20 15:22:33.105,0.97287,0.973,3.60,2.63
2012.08.20 15:22:33.652,0.97288,0.97301,3.23,2.25
2012.08.20 15:22:34.243,0.97288,0.97299,3.00,2.25
2012.08.20 15:22:34.668,0.97286,0.97298,5.10,1.50
2012.08.20 15:22:35.205,0.97289,0.97301,2.48,1.13
2012.08.20 15:22:35.711,0.97289,0.97301,2.48,1.13
2012.08.20 15:22:35.894,0.97288,0.97298,1.73,2.25
2012.08.20 15:22:36.022,0.97286,0.97296,1.50,2.25
2012.08.20 15:22:36.557,0.97286,0.97296,1.88,2.25
2012.08.20 15:22:38.840,0.97285,0.97295,1.73,2.25
2012.08.20 15:22:39.375,0.97285,0.97295,1.50,3.00
2012.08.20 15:22:39.910,0.97284,0.97296,1.73,2.25
2012.08.20 15:22:41.401,0.97284,0.97295,2.48,1.50
2012.08.20 15:22:41.933,0.97284,0.97297,3.23,2.25
2012.08.20 15:22:42.942,0.97283,0.97294,3.98,1.50
2012.08.20 15:22:43.180,0.97286,0.97297,1.50,2.25
2012.08.20 15:22:43.362,0.97284,0.97294,2.48,1.50
2012.08.20 15:22:43.485,0.97285,0.97296,3.23,2.25
2012.08.20 15:22:44.017,0.97285,0.97296,3.23,2.25
2012.08.20 15:22:44.547,0.97284,0.97295,3.00,1.50
2012.08.20 15:22:45.066,0.97284,0.97295,1.50,2.25
2012.08.20 15:22:46.445,0.97284,0.97296,1.50,2.25
2012.08.20 15:22:47.399,0.97283,0.97296,3.23,3.75
2012.08.20 15:22:47.880,0.97285,0.97294,1.88,1.50
2012.08.20 15:22:48.064,0.97289,0.97299,1.50,1.50
2012.08.20 15:22:48.361,0.97292,0.97302,1.50,1.50
2012.08.20 15:22:48.432,0.97292,0.97302,3.00,1.50
2012.08.20 15:22:48.937,0.97291,0.97302,4.50,2.25
2012.08.20 15:22:49.466,0.97291,0.97302,4.50,2.25
2012.08.20 15:22:53.282,0.97291,0.97303,4.50,1.50
2012.08.20 15:22:53.347,0.97292,0.97304,1.50,3.00
2012.08.20 15:22:53.709,0.97292,0.97305,1.50,3.00
2012.08.20 15:22:54.317,0.97289,0.97302,2.48,2.25
2012.08.20 15:22:54.661,0.97289,0.97302,2.48,2.25
2012.08.20 15:22:55.034,0.97289,0.97302,2.48,2.25
2012.08.20 15:22:57.145,0.97292,0.97302,1.13,2.25
2012.08.20 15:22:57.213,0.97292,0.97305,2.63,1.88
2012.08.20 15:22:57.338,0.97293,0.97305,2.10,1.50
2012.08.20 15:22:57.758,0.97296,0.97309,1.73,2.25
2012.08.20 15:22:58.233,0.97296,0.97307,1.50,3.23
2012.08.20 15:22:58.477,0.97291,0.97302,2.25,1.50
2012.08.20 15:22:59.007,0.9729,0.97303,3.75,2.25
2012.08.20 15:23:01.866,0.9729,0.97303,2.25,2.25
2012.08.20 15:23:06.667,0.97291,0.97302,1.50,2.25
2012.08.20 15:23:07.220,0.9729,0.97301,2.25,3.00
2012.08.20 15:23:07.348,0.9729,0.97298,1.50,3.00
2012.08.20 15:23:07.470,0.97285,0.97296,2.25,3.75
2012.08.20 15:23:07.836,0.97285,0.97296,2.25,3.75
2012.08.20 15:23:08.900,0.97284,0.97295,1.88,2.25
2012.08.20 15:23:09.206,0.97287,0.97295,1.50,1.50
2012.08.20 15:23:09.720,0.97288,0.97298,1.35,2.25
2012.08.20 15:23:09.969,0.97288,0.97299,2.85,2.25
2012.08.20 15:23:10.034,0.97289,0.973,2.25,2.25
2012.08.20 15:23:10.578,0.97288,0.97299,3.60,2.25
2012.08.20 15:23:10.699,0.97289,0.973,2.25,2.25
2012.08.20 15:23:11.232,0.97288,0.97298,2.10,2.25
2012.08.20 15:23:11.685,0.97288,0.97299,3.38,2.25
2012.08.20 15:23:12.188,0.97288,0.97301,3.38,3.75
2012.08.20 15:23:13.256,0.97289,0.97299,1.50,2.25
2012.08.20 15:23:15.109,0.97291,0.973,1.50,2.25
2012.08.20 15:23:16.965,0.97291,0.97301,1.50,2.25
2012.08.20 15:23:18.185,0.97291,0.97301,1.50,2.25
2012.08.20 15:23:20.341,0.97291,0.97301,1.50,2.25
2012.08.20 15:23:23.123,0.97292,0.97305,1.50,6.00
2012.08.20 15:23:23.719,0.97292,0.97305,2.25,4.50
2012.08.20 15:23:24.036,0.97292,0.97305,3.00,4.50
2012.08.20 15:23:25.741,0.97292,0.97305,1.50,3.75
2012.08.20 15:23:25.976,0.97292,0.97305,1.50,3.75
2012.08.20 15:23:33.554,0.97291,0.97303,2.48,2.25
2012.08.20 15:23:33.957,0.97291,0.97301,1.73,2.25
2012.08.20 15:23:35.018,0.97289,0.973,1.13,3.75
2012.08.20 15:23:35.144,0.9729,0.97299,1.13,2.25
2012.08.20 15:23:35.744,0.97288,0.97301,3.98,2.25
2012.08.20 15:23:36.278,0.97288,0.97299,1.73,2.25
2012.08.20 15:23:36.346,0.97288,0.97299,3.23,2.25
2012.08.20 15:23:36.648,0.97289,0.97299,1.50,2.25
2012.08.20 15:23:36.712,0.97289,0.97298,1.50,1.50
2012.08.20 15:23:36.776,0.97288,0.97301,3.75,3.00
2012.08.20 15:23:36.965,0.9729,0.97301,1.50,3.00
2012.08.20 15:23:37.496,0.97288,0.97301,2.25,2.25
2012.08.20 15:23:38.189,0.97289,0.97301,1.50,2.25
2012.08.20 15:23:38.742,0.97289,0.97299,1.50,1.50
2012.08.20 15:23:38.983,0.97288,0.97299,1.50,2.25
2012.08.20 15:23:39.106,0.97288,0.97299,3.00,2.25
2012.08.20 15:23:40.459,0.97287,0.97298,3.75,2.25
2012.08.20 15:23:40.877,0.97288,0.97296,1.50,2.25
2012.08.20 15:23:42.929,0.97288,0.97297,1.50,2.25
2012.08.20 15:23:43.724,0.97288,0.97297,1.50,2.25
2012.08.20 15:23:44.226,0.97288,0.97297,1.50,2.25
2012.08.20 15:23:44.755,0.97287,0.97298,3.00,2.25
2012.08.20 15:23:47.457,0.97287,0.97298,3.00,2.25
2012.08.20 15:23:47.696,0.97288,0.973,1.50,2.25
2012.08.20 15:23:47.880,0.97291,0.97302,1.50,2.25
2012.08.20 15:23:48.403,0.97291,0.97302,2.25,2.25
2012.08.20 15:23:48.934,0.9729,0.97303,3.75,2.25
2012.08.20 15:23:49.467,0.97291,0.97302,1.50,2.25
2012.08.20 15:23:52.619,0.97291,0.97302,1.50,2.25
2012.08.20 15:23:53.135,0.97291,0.97302,1.50,2.25
2012.08.20 15:23:53.978,0.97291,0.97302,1.50,2.25
2012.08.20 15:23:54.358,0.97296,0.97304,1.50,1.50
2012.08.20 15:23:54.709,0.97294,0.97304,1.50,1.50
2012.08.20 15:23:55.128,0.97288,0.97298,1.50,2.25
2012.08.20 15:23:55.835,0.97288,0.97298,1.50,2.25
2012.08.20 15:23:57.226,0.97287,0.97299,2.25,2.25
2012.08.20 15:23:57.938,0.97287,0.97299,2.25,2.25
2012.08.20 15:23:58.355,0.97287,0.97299,2.25,2.25
2012.08.20 15:24:02.436,0.97286,0.97297,1.50,2.25
2012.08.20 15:24:02.789,0.97287,0.97298,3.00,2.25
2012.08.20 15:24:03.083,0.97287,0.97298,3.00,2.25
2012.08.20 15:24:03.765,0.97287,0.97298,2.25,2.25
2012.08.20 15:24:04.292,0.97287,0.97298,3.00,2.25
2012.08.20 15:24:06.388,0.97287,0.97299,1.50,2.25
2012.08.20 15:24:08.783,0.97286,0.97299,3.75,2.25
2012.08.20 15:24:09.756,0.97287,0.97299,1.50,2.25
2012.08.20 15:24:12.375,0.97288,0.97299,1.50,2.25
2012.08.20 15:24:13.194,0.97288,0.97299,3.75,2.25
2012.08.20 15:24:13.595,0.97289,0.97301,3.75,2.48
2012.08.20 15:24:14.127,0.97289,0.97301,4.50,2.48
2012.08.20 15:24:14.822,0.9729,0.97301,2.25,2.48
2012.08.20 15:24:15.327,0.97289,0.973,2.25,2.25
2012.08.20 15:24:15.391,0.97289,0.97301,2.25,3.98
2012.08.20 15:24:15.925,0.97289,0.97302,3.75,2.48
2012.08.20 15:24:16.453,0.97291,0.97302,2.25,2.48
2012.08.20 15:24:17.363,0.9729,0.97301,2.25,2.25
2012.08.20 15:24:17.895,0.97287,0.97298,6.75,2.25
2012.08.20 15:24:18.484,0.97287,0.97299,4.50,2.48
2012.08.20 15:24:18.722,0.97286,0.97299,3.75,2.48
2012.08.20 15:24:19.813,0.97286,0.97297,1.50,2.25
2012.08.20 15:24:20.343,0.97286,0.97297,1.50,2.25
2012.08.20 15:24:21.107,0.97286,0.97297,6.38,2.25
2012.08.20 15:24:21.643,0.97286,0.97297,8.63,2.25
2012.08.20 15:24:22.060,0.97288,0.97297,1.50,2.25
2012.08.20 15:24:22.583,0.97288,0.97297,1.50,2.25
2012.08.20 15:24:23.540,0.97288,0.97299,3.00,2.48
2012.08.20 15:24:23.605,0.9729,0.97301,1.50,2.48
2012.08.20 15:24:23.789,0.9729,0.97302,1.50,1.73
2012.08.20 15:24:24.322,0.9729,0.97299,1.50,2.48
2012.08.20 15:24:24.447,0.97288,0.97299,2.25,2.48
2012.08.20 15:24:24.744,0.97288,0.97299,2.25,2.48
2012.08.20 15:24:25.099,0.97287,0.97299,1.50,2.48
2012.08.20 15:24:25.835,0.97287,0.97299,1.50,2.48
2012.08.20 15:24:26.372,0.97288,0.97299,3.00,2.48
2012.08.20 15:24:26.912,0.97289,0.973,3.00,2.48
2012.08.20 15:24:27.620,0.97289,0.973,3.00,2.48
2012.08.20 15:24:28.211,0.97289,0.973,2.25,2.48
2012.08.20 15:24:28.512,0.9729,0.97303,3.00,2.48
2012.08.20 15:24:28.968,0.97291,0.97303,1.88,2.48
2012.08.20 15:24:29.092,0.97291,0.97303,1.13,2.48
2012.08.20 15:24:30.204,0.97293,0.97304,1.50,3.23
2012.08.20 15:24:31.515,0.97293,0.97304,2.25,1.73
2012.08.20 15:24:32.453,0.97293,0.97305,2.25,1.73
2012.08.20 15:24:33.010,0.97292,0.97305,2.63,3.23
2012.08.20 15:24:33.924,0.97292,0.97305,2.25,3.23
2012.08.20 15:24:35.225,0.97292,0.97305,2.25,3.23
2012.08.20 15:24:35.848,0.97292,0.97305,3.00,3.23
2012.08.20 15:24:36.531,0.97293,0.97305,1.50,3.23
2012.08.20 15:24:36.890,0.97296,0.97305,1.50,2.25
2012.08.20 15:24:37.133,0.97298,0.97307,2.25,1.13
2012.08.20 15:24:37.495,0.97294,0.97307,4.50,2.48
2012.08.20 15:24:38.041,0.97294,0.97307,4.13,2.48
2012.08.20 15:24:39.421,0.97296,0.97307,2.25,2.48
2012.08.20 15:24:39.958,0.97295,0.97306,3.00,2.48
2012.08.20 15:24:40.490,0.97295,0.97304,1.50,1.50
2012.08.20 15:24:41.028,0.97295,0.97306,1.50,2.48
2012.08.20 15:24:41.584,0.97295,0.97306,1.50,2.48
2012.08.20 15:24:42.176,0.97294,0.97305,1.88,2.48
2012.08.20 15:24:44.127,0.97293,0.97305,1.88,2.48
2012.08.20 15:24:46.156,0.97295,0.97304,1.50,2.25
2012.08.20 15:24:47.453,0.97295,0.97305,1.50,2.25
2012.08.20 15:24:48.334,0.97295,0.97306,3.00,2.25
2012.08.20 15:24:48.928,0.97295,0.97305,2.25,1.50
2012.08.20 15:24:48.995,0.97297,0.97308,1.50,2.48
2012.08.20 15:24:49.530,0.97298,0.97307,1.50,2.25
2012.08.20 15:24:52.108,0.97298,0.97307,1.50,2.25
2012.08.20 15:24:52.896,0.97298,0.97308,1.50,2.25
2012.08.20 15:24:54.944,0.97298,0.97308,1.50,2.25
2012.08.20 15:24:55.259,0.97311,0.97315,3.75,2.63
2012.08.20 15:24:55.439,0.97303,0.9731,1.50,2.25
2012.08.20 15:24:55.504,0.97303,0.9731,1.50,2.25
2012.08.20 15:24:55.687,0.97304,0.97312,3.00,1.50
2012.08.20 15:24:55.751,0.97306,0.97314,2.25,2.25
2012.08.20 15:24:56.282,0.97306,0.97317,1.50,2.48
2012.08.20 15:24:56.704,0.97304,0.97313,1.50,2.25
2012.08.20 15:24:57.628,0.97304,0.97313,2.10,2.25
2012.08.20 15:24:57.811,0.97304,0.97316,1.73,2.25
2012.08.20 15:24:58.927,0.97306,0.97316,1.50,2.25
2012.08.20 15:24:59.532,0.97313,0.9732,1.50,2.85
2012.08.20 15:24:59.656,0.97306,0.97317,2.48,2.25
2012.08.20 15:24:59.721,0.97306,0.97317,8.10,2.25
2012.08.20 15:24:59.845,0.97308,0.9732,2.25,2.48
2012.08.20 15:25:00.478,0.97309,0.97319,1.50,2.25
2012.08.20 15:25:00.548,0.97308,0.97317,1.50,2.25
2012.08.20 15:25:00.686,0.97306,0.97317,5.85,2.25
2012.08.20 15:25:02.040,0.97307,0.97317,1.50,2.25
2012.08.20 15:25:02.455,0.97307,0.97317,1.50,2.25
2012.08.20 15:25:03.166,0.97312,0.97318,1.13,1.50
2012.08.20 15:25:03.289,0.97309,0.97318,1.28,2.25
2012.08.20 15:25:03.355,0.97311,0.97318,4.13,3.00
2012.08.20 15:25:03.423,0.97314,0.97323,1.50,2.06
2012.08.20 15:25:03.607,0.97311,0.97321,3.75,2.25
2012.08.20 15:25:04.113,0.9731,0.97321,3.00,2.25
2012.08.20 15:25:04.589,0.97307,0.97317,6.98,1.88
2012.08.20 15:25:04.895,0.97302,0.97308,1.50,2.18
2012.08.20 15:25:05.198,0.97295,0.97303,4.61,1.50
2012.08.20 15:25:05.320,0.97297,0.97302,1.50,1.50
2012.08.20 15:25:05.443,0.97295,0.97305,6.11,5.85
2012.08.20 15:25:05.507,0.97295,0.97302,6.11,1.50
2012.08.20 15:25:05.984,0.97291,0.97302,2.25,1.50
2012.08.20 15:25:06.487,0.97289,0.97299,2.48,1.50
2012.08.20 15:25:10.083,0.97291,0.97299,1.50,2.25
2012.08.20 15:25:11.504,0.9729,0.97297,1.13,1.50
2012.08.20 15:25:12.042,0.9729,0.97298,1.13,2.25
2012.08.20 15:25:12.857,0.97289,0.97298,1.50,2.25
2012.08.20 15:25:13.578,0.97289,0.97298,1.50,2.25
2012.08.20 15:25:14.086,0.97289,0.97298,2.25,1.50
2012.08.20 15:25:14.702,0.9729,0.97298,1.50,3.00
2012.08.20 15:25:14.767,0.9729,0.97296,1.50,1.50
2012.08.20 15:25:15.544,0.9729,0.97297,1.50,1.50
2012.08.20 15:25:16.068,0.9729,0.97296,1.50,1.50
2012.08.20 15:25:16.424,0.97288,0.97296,1.50,2.25
2012.08.20 15:25:16.548,0.97286,0.97296,2.10,2.25
2012.08.20 15:25:16.613,0.97285,0.97296,2.48,2.25
2012.08.20 15:25:16.969,0.97284,0.97294,2.48,1.50
2012.08.20 15:25:17.273,0.97283,0.97291,1.13,2.25
2012.08.20 15:25:18.100,0.97282,0.9729,1.13,2.25
2012.08.20 15:25:18.404,0.97283,0.97293,2.10,2.25
2012.08.20 15:25:18.943,0.97284,0.97296,2.85,2.25
2012.08.20 15:25:19.315,0.97285,0.97296,1.35,2.25
2012.08.20 15:25:19.386,0.97287,0.97296,1.50,1.50
2012.08.20 15:25:19.933,0.97287,0.97296,1.50,1.50
2012.08.20 15:25:20.462,0.97287,0.97297,1.50,2.25
2012.08.20 15:25:20.988,0.97286,0.97297,1.73,2.25
2012.08.20 15:25:21.605,0.97287,0.97297,1.50,2.25
2012.08.20 15:25:21.728,0.97287,0.97298,1.50,2.25
2012.08.20 15:25:22.263,0.97288,0.97298,1.50,2.25
2012.08.20 15:25:22.620,0.97286,0.97298,2.25,2.25
2012.08.20 15:25:22.961,0.97286,0.97294,2.25,1.50
2012.08.20 15:25:26.538,0.97286,0.97294,1.13,2.25
2012.08.20 15:25:27.072,0.97286,0.97294,1.88,1.50
2012.08.20 15:25:28.642,0.97286,0.97294,1.88,2.25
2012.08.20 15:25:31.548,0.97286,0.97294,1.88,2.25
2012.08.20 15:25:34.840,0.97286,0.97294,2.25,2.25
2012.08.20 15:25:35.021,0.97284,0.97294,1.13,2.63
2012.08.20 15:25:35.569,0.97281,0.97289,4.73,2.25
2012.08.20 15:25:35.870,0.97278,0.9729,2.63,2.25
2012.08.20 15:25:36.053,0.97278,0.9729,2.48,3.00
2012.08.20 15:25:36.642,0.97278,0.9729,2.48,2.25
2012.08.20 15:25:38.545,0.97278,0.9729,1.73,3.00
2012.08.20 15:25:39.147,0.97278,0.97289,1.73,2.25
2012.08.20 15:25:39.698,0.97277,0.97288,2.48,2.25
2012.08.20 15:25:40.220,0.9728,0.97288,4.50,1.50
2012.08.20 15:25:40.346,0.9728,0.97287,1.13,3.00
2012.08.20 15:25:40.411,0.97279,0.97287,2.90,3.00
2012.08.20 15:25:40.476,0.97279,0.97287,6.65,2.25
2012.08.20 15:25:40.658,0.97281,0.97289,1.73,2.25
2012.08.20 15:25:40.900,0.9728,0.9729,1.13,2.25
2012.08.20 15:25:40.965,0.97277,0.97288,1.13,1.50
2012.08.20 15:25:41.207,0.97277,0.97286,3.00,1.50
2012.08.20 15:25:41.684,0.97277,0.97288,2.25,1.50
2012.08.20 15:25:42.222,0.97277,0.97288,2.48,1.50
2012.08.20 15:25:42.811,0.97278,0.97289,2.48,1.50
2012.08.20 15:25:45.348,0.97277,0.97289,2.48,1.50
2012.08.20 15:25:45.700,0.97277,0.97286,2.48,1.50
2012.08.20 15:25:46.776,0.97277,0.97287,2.48,1.50
2012.08.20 15:25:47.384,0.97277,0.97287,1.73,1.50
2012.08.20 15:25:48.435,0.97277,0.97286,1.73,1.50
2012.08.20 15:25:50.536,0.97277,0.97286,5.70,1.50
2012.08.20 15:25:51.086,0.97278,0.97287,1.50,2.25
2012.08.20 15:25:53.615,0.9728,0.97287,5.25,2.25
2012.08.20 15:25:53.738,0.97279,0.97288,3.38,2.25
2012.08.20 15:25:54.273,0.97279,0.97288,2.63,1.50
2012.08.20 15:25:55.280,0.97279,0.9729,1.50,2.25
2012.08.20 15:25:56.162,0.97278,0.97289,3.00,2.25
2012.08.20 15:25:58.671,0.97278,0.97291,3.00,2.25
2012.08.20 15:25:59.213,0.97281,0.97291,4.50,1.50
2012.08.20 15:25:59.513,0.97283,0.97293,2.25,2.25
2012.08.20 15:26:00.069,0.97282,0.97295,3.00,2.25
2012.08.20 15:26:01.280,0.97282,0.97292,2.63,2.25
2012.08.20 15:26:01.582,0.9728,0.9729,1.50,1.13
2012.08.20 15:26:01.849,0.9728,0.9729,1.50,1.88
2012.08.20 15:26:01.920,0.97276,0.97286,2.63,2.25
2012.08.20 15:26:02.278,0.97276,0.97286,1.80,1.50
2012.08.20 15:26:02.642,0.97278,0.9729,1.50,1.50
2012.08.20 15:26:03.175,0.97279,0.9729,1.50,3.00
2012.08.20 15:26:03.704,0.97277,0.9729,3.23,3.00
2012.08.20 15:26:03.962,0.97276,0.97287,3.98,1.50
2012.08.20 15:26:04.268,0.97273,0.97284,1.50,2.25
2012.08.20 15:26:04.863,0.97273,0.97284,1.50,2.25
2012.08.20 15:26:05.221,0.97272,0.97282,1.50,1.50
2012.08.20 15:26:05.763,0.9727,0.97282,1.73,2.25
2012.08.20 15:26:06.182,0.97273,0.97284,1.50,3.75
2012.08.20 15:26:06.489,0.9727,0.97279,1.50,1.50
2012.08.20 15:26:06.675,0.97268,0.97279,1.50,3.98
2012.08.20 15:26:07.113,0.9727,0.9728,1.73,3.00
2012.08.20 15:26:07.302,0.97273,0.97282,1.50,1.88
2012.08.20 15:26:07.427,0.97273,0.97282,1.50,1.88
2012.08.20 15:26:07.845,0.97274,0.97285,2.25,2.63
2012.08.20 15:26:08.441,0.97274,0.97284,1.50,1.50
2012.08.20 15:26:08.974,0.97274,0.97285,3.23,2.25
2012.08.20 15:26:09.719,0.97275,0.97286,1.50,2.25
2012.08.20 15:26:10.419,0.97275,0.97286,1.50,2.25
2012.08.20 15:26:10.777,0.97275,0.97286,2.25,2.25
2012.08.20 15:26:11.079,0.97277,0.97286,2.48,1.50
2012.08.20 15:26:11.144,0.97279,0.9729,2.25,2.63
2012.08.20 15:26:11.679,0.97279,0.9729,3.00,1.50
2012.08.20 15:26:12.036,0.97279,0.97289,2.25,3.00
2012.08.20 15:26:12.337,0.97274,0.97284,1.50,2.25
2012.08.20 15:26:12.636,0.97273,0.97283,3.00,1.50
2012.08.20 15:26:13.174,0.97271,0.97283,2.25,4.50
2012.08.20 15:26:13.734,0.9727,0.97283,2.25,3.00
2012.08.20 15:26:14.281,0.9727,0.97283,2.25,3.00
2012.08.20 15:26:14.739,0.97271,0.97282,3.98,1.50
2012.08.20 15:26:15.249,0.9727,0.97283,3.00,3.00
2012.08.20 15:26:15.591,0.97273,0.97283,1.50,1.50
2012.08.20 15:26:16.108,0.97273,0.97284,2.25,3.00
2012.08.20 15:26:16.929,0.97273,0.97284,2.25,3.98
2012.08.20 15:26:17.285,0.97271,0.97282,1.50,2.25
2012.08.20 15:26:17.803,0.97271,0.97282,1.50,2.25
2012.08.20 15:26:18.277,0.9727,0.97281,2.25,2.25
2012.08.20 15:26:18.950,0.9727,0.97281,1.50,2.25
2012.08.20 15:26:22.191,0.9727,0.97281,1.50,2.25
2012.08.20 15:26:22.660,0.97271,0.97282,1.50,2.25
2012.08.20 15:26:23.176,0.97271,0.97282,3.00,2.25
2012.08.20 15:26:23.707,0.97271,0.97283,1.50,2.25
2012.08.20 15:26:25.066,0.97272,0.97283,2.25,2.25
2012.08.20 15:26:26.554,0.97272,0.97284,3.00,2.25
2012.08.20 15:26:26.861,0.97275,0.97284,1.73,1.50
2012.08.20 15:26:27.165,0.97278,0.97285,2.25,1.50
2012.08.20 15:26:27.406,0.97278,0.97289,2.25,1.50
2012.08.20 15:26:27.942,0.97278,0.97291,2.25,2.48
2012.08.20 15:26:28.576,0.97278,0.97291,2.25,2.48
2012.08.20 15:26:29.954,0.97279,0.9729,1.50,2.25
2012.08.20 15:26:30.580,0.97279,0.9729,2.25,1.50
2012.08.20 15:26:31.115,0.97279,0.97292,2.25,2.48
2012.08.20 15:26:32.223,0.97279,0.97292,1.50,2.48
2012.08.20 15:26:35.497,0.97279,0.97292,2.48,2.25
2012.08.20 15:26:36.027,0.97281,0.97292,1.50,2.25
2012.08.20 15:26:36.851,0.97281,0.97291,1.50,1.50
2012.08.20 15:26:40.799,0.97277,0.97287,7.73,1.50
2012.08.20 15:26:41.338,0.97277,0.9729,7.50,2.48
2012.08.20 15:26:41.891,0.97277,0.97287,5.25,2.25
2012.08.20 15:26:42.189,0.9728,0.9729,1.50,1.50
2012.08.20 15:26:42.738,0.9728,0.97289,1.50,1.50
2012.08.20 15:26:42.801,0.9728,0.97291,1.50,3.23
2012.08.20 15:26:45.354,0.97277,0.9729,2.48,2.25
2012.08.20 15:26:45.593,0.9728,0.97293,2.25,5.48
2012.08.20 15:26:46.433,0.9728,0.97291,2.25,1.50
2012.08.20 15:26:49.942,0.9728,0.97291,1.50,1.50
2012.08.20 15:26:54.407,0.9728,0.97293,1.50,3.23
2012.08.20 15:26:56.379,0.97281,0.97293,2.82,3.23
2012.08.20 15:26:56.744,0.97284,0.97293,1.50,1.50
2012.08.20 15:26:56.813,0.97284,0.97295,1.50,3.00
2012.08.20 15:26:56.937,0.97282,0.97295,2.63,3.38
2012.08.20 15:26:57.001,0.97282,0.97295,2.63,3.38
2012.08.20 15:26:57.124,0.97286,0.97295,1.50,2.10
2012.08.20 15:26:57.900,0.97286,0.97295,1.50,2.10
2012.08.20 15:26:59.140,0.97284,0.97295,1.50,1.73
2012.08.20 15:26:59.958,0.97284,0.97295,2.25,2.48
2012.08.20 15:27:00.604,0.97285,0.97296,1.50,3.23
2012.08.20 15:27:01.146,0.97283,0.97296,3.00,2.48
2012.08.20 15:27:02.631,0.97284,0.97296,1.50,2.48
2012.08.20 15:27:04.616,0.97285,0.97296,2.25,4.73
2012.08.20 15:27:04.683,0.97283,0.97295,1.50,1.43
2012.08.20 15:27:05.099,0.97282,0.97294,1.50,2.48
2012.08.20 15:27:05.736,0.97282,0.97293,1.50,2.48
2012.08.20 15:27:06.031,0.97282,0.97293,1.50,2.48
2012.08.20 15:27:11.894,0.97282,0.97289,1.50,1.50
2012.08.20 15:27:13.880,0.97282,0.97292,1.50,3.75
2012.08.20 15:27:15.127,0.97282,0.97292,1.50,2.25
2012.08.20 15:27:15.541,0.97282,0.97292,1.50,2.25
2012.08.20 15:27:20.535,0.97282,0.97293,1.50,3.23
2012.08.20 15:27:25.360,0.97285,0.97295,1.50,2.48
2012.08.20 15:27:25.602,0.97283,0.97295,2.25,3.00
2012.08.20 15:27:25.667,0.97283,0.97295,2.25,4.50
2012.08.20 15:27:25.731,0.97282,0.97292,1.50,1.50
2012.08.20 15:27:25.796,0.97282,0.97294,1.50,1.50
2012.08.20 15:27:26.034,0.97281,0.97292,2.25,1.50
2012.08.20 15:27:26.390,0.97281,0.97293,2.25,1.73
2012.08.20 15:27:26.922,0.97282,0.97293,1.50,2.48
2012.08.20 15:27:27.447,0.97281,0.97294,2.25,2.48
2012.08.20 15:27:28.274,0.9728,0.97293,2.25,1.73
2012.08.20 15:27:29.804,0.9728,0.97293,2.25,2.48
2012.08.20 15:27:30.346,0.97282,0.97293,1.50,2.48
2012.08.20 15:27:32.261,0.9728,0.97293,2.25,2.48
2012.08.20 15:27:33.034,0.97282,0.97293,1.50,2.48
2012.08.20 15:27:34.953,0.97282,0.97293,2.25,2.25
2012.08.20 15:27:35.192,0.97284,0.97295,1.50,4.35
2012.08.20 15:27:35.750,0.97284,0.97295,3.75,3.75
2012.08.20 15:27:36.282,0.97284,0.97293,1.50,1.50
2012.08.20 15:27:36.844,0.9728,0.97293,3.75,3.00
2012.08.20 15:27:38.541,0.97279,0.9729,4.73,1.50
2012.08.20 15:27:39.072,0.97279,0.97292,3.00,2.48
2012.08.20 15:27:41.029,0.9728,0.97292,1.50,2.48
2012.08.20 15:27:41.829,0.97278,0.97291,3.00,2.48
2012.08.20 15:27:41.892,0.97278,0.97291,3.00,2.48
2012.08.20 15:27:41.958,0.97278,0.97288,1.50,2.25
2012.08.20 15:27:42.434,0.97278,0.97291,2.25,2.48
2012.08.20 15:27:45.120,0.97279,0.97291,1.50,1.88
2012.08.20 15:27:45.516,0.9728,0.97291,1.50,3.38
2012.08.20 15:27:48.636,0.97278,0.97291,2.25,3.38
2012.08.20 15:27:52.338,0.97278,0.97291,2.25,3.38
2012.08.20 15:27:52.638,0.97283,0.97293,1.73,2.25
2012.08.20 15:27:53.175,0.97283,0.97294,1.50,1.73
2012.08.20 15:27:54.638,0.97282,0.97292,2.25,1.05
2012.08.20 15:27:54.769,0.97279,0.97289,1.50,1.73
2012.08.20 15:27:55.009,0.97279,0.97289,1.50,2.48
2012.08.20 15:27:55.491,0.9728,0.97291,3.75,2.48
2012.08.20 15:27:56.035,0.97281,0.97293,2.25,1.73
2012.08.20 15:27:56.568,0.97282,0.97293,1.50,3.00
2012.08.20 15:27:57.405,0.97278,0.97291,3.00,2.48
2012.08.20 15:27:57.937,0.97279,0.97292,2.25,2.48
2012.08.20 15:27:59.795,0.97279,0.97292,3.00,2.48
2012.08.20 15:28:00.346,0.97279,0.97292,3.75,3.23
2012.08.20 15:28:00.469,0.97282,0.97292,1.50,1.73
2012.08.20 15:28:01.073,0.97281,0.97292,1.50,3.23
2012.08.20 15:28:01.733,0.97281,0.97292,1.50,2.48
2012.08.20 15:28:02.242,0.97282,0.97293,1.50,2.48
2012.08.20 15:28:05.545,0.9728,0.97293,3.75,2.25
2012.08.20 15:28:06.223,0.9728,0.97289,1.50,1.50
2012.08.20 15:28:06.854,0.97278,0.97289,2.25,2.25
2012.08.20 15:28:07.590,0.9728,0.97291,2.25,2.48
2012.08.20 15:28:07.892,0.97283,0.97294,1.50,1.35
2012.08.20 15:28:07.956,0.97283,0.97294,1.50,1.13
2012.08.20 15:28:08.021,0.97283,0.97295,1.50,3.45
2012.08.20 15:28:08.555,0.97283,0.97295,3.00,2.03
2012.08.20 15:28:08.617,0.97283,0.97295,3.00,2.03
2012.08.20 15:28:08.681,0.97283,0.97295,3.00,1.50
2012.08.20 15:28:09.217,0.97281,0.97294,3.00,1.50
2012.08.20 15:28:09.824,0.97283,0.97295,2.25,1.73
2012.08.20 15:28:13.071,0.97281,0.97294,4.50,1.50
2012.08.20 15:28:13.999,0.97283,0.97294,1.50,2.25
2012.08.20 15:28:14.876,0.97284,0.97295,1.50,1.50
2012.08.20 15:28:15.409,0.97282,0.97293,2.25,2.25
2012.08.20 15:28:15.932,0.97282,0.97293,3.00,2.25
2012.08.20 15:28:16.839,0.97284,0.97295,1.50,3.23
2012.08.20 15:28:25.756,0.97284,0.97295,1.50,3.00
2012.08.20 15:28:25.934,0.97282,0.97293,1.50,2.25
2012.08.20 15:28:26.288,0.97283,0.97295,1.50,3.23
2012.08.20 15:28:26.715,0.97281,0.97294,3.00,2.25
2012.08.20 15:28:26.835,0.97281,0.97294,3.00,2.25
2012.08.20 15:28:29.066,0.97281,0.97294,3.00,1.50
2012.08.20 15:28:29.592,0.97283,0.97296,1.50,3.08
2012.08.20 15:28:30.125,0.97284,0.97295,2.25,2.25
2012.08.20 15:28:32.639,0.97284,0.97295,1.50,2.85
2012.08.20 15:28:34.272,0.97283,0.97294,1.50,1.50
2012.08.20 15:28:34.973,0.97282,0.97294,1.50,2.25
2012.08.20 15:28:36.208,0.97284,0.97296,1.50,2.10
2012.08.20 15:28:37.668,0.97283,0.97296,3.75,3.60
2012.08.20 15:28:42.396,0.97284,0.97295,1.50,1.50
2012.08.20 15:28:42.736,0.97287,0.97297,2.48,2.25
2012.08.20 15:28:42.978,0.9729,0.97298,1.50,1.13
2012.08.20 15:28:43.161,0.97288,0.97298,3.00,1.13
2012.08.20 15:28:43.459,0.97289,0.973,1.50,2.25
2012.08.20 15:28:43.525,0.97286,0.97298,3.00,2.48
2012.08.20 15:28:44.064,0.97284,0.97295,3.00,1.50
2012.08.20 15:28:44.304,0.97283,0.97293,1.88,1.50
2012.08.20 15:28:44.662,0.97282,0.97293,1.50,2.25
2012.08.20 15:28:45.202,0.97282,0.97293,1.50,1.50
2012.08.20 15:28:46.868,0.97284,0.97295,1.50,4.13
2012.08.20 15:28:47.411,0.97284,0.97295,2.25,4.13
2012.08.20 15:28:48.081,0.97284,0.97295,1.50,3.75
2012.08.20 15:28:49.190,0.97281,0.97294,3.00,2.48
2012.08.20 15:28:49.384,0.97281,0.97294,3.00,2.48
2012.08.20 15:28:51.891,0.97285,0.97295,1.50,2.25
2012.08.20 15:28:52.421,0.97284,0.97295,2.25,3.00
2012.08.20 15:28:54.092,0.97285,0.97295,1.50,1.50
2012.08.20 15:28:54.612,0.97283,0.97295,2.25,1.50
2012.08.20 15:28:55.934,0.97288,0.97295,2.10,1.50
2012.08.20 15:28:56.243,0.97295,0.97305,2.25,1.50
2012.08.20 15:28:56.368,0.97295,0.97302,1.50,2.25
2012.08.20 15:28:56.433,0.97294,0.973,2.25,1.50
2012.08.20 15:28:56.974,0.97293,0.97304,2.25,1.50
2012.08.20 15:28:57.038,0.97293,0.97306,3.00,2.48
2012.08.20 15:28:57.280,0.97293,0.97305,1.50,1.50
2012.08.20 15:28:57.696,0.97292,0.97303,2.63,1.50
2012.08.20 15:28:58.231,0.97291,0.97303,3.00,2.48
2012.08.20 15:28:58.708,0.97291,0.97302,1.50,1.73
2012.08.20 15:29:00.399,0.97291,0.97302,1.50,4.20
2012.08.20 15:29:00.587,0.97285,0.97295,2.10,1.50
2012.08.20 15:29:00.653,0.97284,0.97295,1.73,1.50
2012.08.20 15:29:00.717,0.97283,0.97293,1.35,1.50
2012.08.20 15:29:01.251,0.97283,0.97293,1.13,1.50
2012.08.20 15:29:01.608,0.97284,0.97295,1.50,2.18
2012.08.20 15:29:03.498,0.97285,0.97296,1.50,1.73
2012.08.20 15:29:04.155,0.97285,0.97296,2.25,1.50
2012.08.20 15:29:04.340,0.97288,0.97299,2.25,1.50
2012.08.20 15:29:04.522,0.97292,0.97302,1.50,6.98
2012.08.20 15:29:05.031,0.97291,0.97302,1.50,6.00
2012.08.20 15:29:05.886,0.97291,0.97302,1.50,2.25
2012.08.20 15:29:08.615,0.9729,0.97303,1.50,3.23
2012.08.20 15:29:11.569,0.9729,0.97303,2.25,3.23
2012.08.20 15:29:11.692,0.97289,0.973,4.13,1.50
2012.08.20 15:29:12.300,0.97288,0.97301,3.38,1.73
2012.08.20 15:29:12.898,0.97288,0.97301,3.00,1.73
2012.08.20 15:29:13.432,0.97288,0.97301,2.25,2.48
2012.08.20 15:29:13.997,0.97288,0.97301,2.25,1.73
2012.08.20 15:29:14.993,0.97288,0.97299,3.00,2.25
2012.08.20 15:29:15.178,0.97284,0.97295,3.00,1.50
2012.08.20 15:29:20.458,0.97285,0.97296,1.50,1.50
2012.08.20 15:29:20.583,0.97286,0.97299,2.25,2.48
2012.08.20 15:29:20.767,0.97289,0.973,1.50,1.50
2012.08.20 15:29:20.949,0.97289,0.973,1.50,2.25
2012.08.20 15:29:21.013,0.97287,0.973,3.75,2.25
2012.08.20 15:29:21.077,0.97289,0.973,1.50,2.25
2012.08.20 15:29:21.261,0.97287,0.973,3.00,2.48
2012.08.20 15:29:21.325,0.97289,0.973,1.50,2.48
2012.08.20 15:29:26.659,0.97288,0.97301,2.25,2.48
2012.08.20 15:29:28.699,0.97291,0.97302,1.50,2.48
2012.08.20 15:29:29.526,0.9729,0.97302,2.25,1.73
2012.08.20 15:29:30.196,0.9729,0.97302,1.50,1.73
2012.08.20 15:29:30.866,0.97291,0.97302,2.25,1.50
2012.08.20 15:29:33.020,0.97291,0.97302,2.25,3.00
2012.08.20 15:29:33.372,0.97291,0.97302,2.25,3.23
2012.08.20 15:29:35.434,0.97292,0.97302,1.50,1.73
2012.08.20 15:29:35.736,0.9729,0.97303,3.75,2.48
2012.08.20 15:29:36.154,0.9729,0.97303,2.25,2.48
2012.08.20 15:29:36.687,0.9729,0.97303,1.50,2.48
2012.08.20 15:29:37.984,0.9729,0.97303,1.50,2.48
2012.08.20 15:29:39.366,0.9729,0.97303,2.25,4.73
2012.08.20 15:29:40.129,0.97291,0.97303,1.50,1.73
2012.08.20 15:29:41.985,0.9729,0.97301,1.50,2.25
2012.08.20 15:29:42.489,0.9729,0.97301,1.50,2.48
2012.08.20 15:29:43.084,0.97288,0.97299,2.25,2.25
2012.08.20 15:29:45.148,0.97288,0.97299,2.63,2.25
2012.08.20 15:29:45.750,0.97288,0.97299,2.63,2.25
2012.08.20 15:29:46.296,0.97288,0.973,1.88,2.25
2012.08.20 15:29:46.713,0.97292,0.97303,1.50,3.98
2012.08.20 15:29:46.777,0.97292,0.97303,1.50,4.35
2012.08.20 15:29:46.840,0.97292,0.97303,1.50,4.35
2012.08.20 15:29:47.285,0.97289,0.973,3.00,2.48
2012.08.20 15:29:49.362,0.97289,0.973,2.25,2.25
2012.08.20 15:29:49.890,0.97288,0.97299,1.50,2.25
2012.08.20 15:29:50.425,0.97289,0.973,1.50,2.48
2012.08.20 15:29:51.359,0.97288,0.97299,1.50,2.48
2012.08.20 15:29:51.899,0.97285,0.97296,3.00,2.48
2012.08.20 15:29:52.782,0.97288,0.97301,1.50,5.10
2012.08.20 15:29:52.991,0.97288,0.97301,1.50,4.13
2012.08.20 15:29:53.525,0.97287,0.973,2.25,3.98
2012.08.20 15:29:53.885,0.97286,0.97297,2.25,2.25
2012.08.20 15:29:54.304,0.97286,0.97297,2.25,3.60
2012.08.20 15:29:55.946,0.97284,0.97295,6.00,2.25
2012.08.20 15:29:56.943,0.97284,0.97295,6.00,2.25
2012.08.20 15:29:58.847,0.97284,0.97295,6.00,2.25
2012.08.20 15:29:59.562,0.97284,0.97295,6.00,2.25
2012.08.20 15:30:00.352,0.97284,0.97295,1.50,2.25
2012.08.20 15:30:00.416,0.97284,0.97295,1.50,2.25
2012.08.20 15:30:01.294,0.97284,0.97296,1.50,1.73
2012.08.20 15:30:01.771,0.97285,0.97297,1.50,1.50
2012.08.20 15:30:02.192,0.97286,0.97295,1.50,1.13
2012.08.20 15:30:02.563,0.97281,0.97292,1.50,1.73
2012.08.20 15:30:03.276,0.97282,0.97293,1.50,2.25
2012.08.20 15:30:03.457,0.97284,0.97295,1.50,4.35
2012.08.20 15:30:03.523,0.97282,0.97293,1.50,2.25
2012.08.20 15:30:03.587,0.9728,0.97293,3.00,2.48
2012.08.20 15:30:04.156,0.9728,0.97293,3.75,1.50
2012.08.20 15:30:04.221,0.97283,0.97293,4.50,1.50
2012.08.20 15:30:04.346,0.97285,0.97295,1.50,3.75
2012.08.20 15:30:04.880,0.97284,0.97295,1.50,3.98
2012.08.20 15:30:06.744,0.97284,0.97297,2.63,4.73
2012.08.20 15:30:07.107,0.97284,0.97294,1.50,1.50
2012.08.20 15:30:07.639,0.97283,0.97296,4.50,2.25
2012.08.20 15:30:07.958,0.97285,0.97296,1.50,2.25
2012.08.20 15:30:08.493,0.97285,0.97296,3.00,1.50
2012.08.20 15:30:09.047,0.97285,0.97296,3.00,2.25
2012.08.20 15:30:09.554,0.97285,0.97296,2.63,2.25
2012.08.20 15:30:10.179,0.97285,0.97296,2.63,2.25
2012.08.20 15:30:11.393,0.97287,0.97298,1.50,2.48
2012.08.20 15:30:11.459,0.97287,0.973,1.50,2.48
2012.08.20 15:30:11.644,0.97288,0.97301,1.50,3.23
2012.08.20 15:30:12.202,0.97288,0.97299,1.50,2.25
2012.08.20 15:30:13.085,0.9729,0.97301,1.50,1.73
2012.08.20 15:30:13.618,0.97289,0.973,1.50,1.50
2012.08.20 15:30:17.651,0.97289,0.973,1.88,1.50
2012.08.20 15:30:18.006,0.97292,0.97303,1.50,2.48
2012.08.20 15:30:18.243,0.9729,0.97303,2.63,2.48
2012.08.20 15:30:18.904,0.97292,0.97303,1.50,2.48
2012.08.20 15:30:19.444,0.9729,0.97303,2.63,2.48
2012.08.20 15:30:19.903,0.97295,0.97306,1.50,2.48
2012.08.20 15:30:20.035,0.97296,0.97307,3.00,2.25
2012.08.20 15:30:20.573,0.97296,0.97307,1.50,2.48
2012.08.20 15:30:20.758,0.97296,0.97307,1.50,3.00
2012.08.20 15:30:21.001,0.97296,0.97306,1.50,1.50
2012.08.20 15:30:21.299,0.97293,0.97304,3.75,1.73
2012.08.20 15:30:21.481,0.97291,0.97302,1.50,1.50
2012.08.20 15:30:21.781,0.97293,0.97304,1.50,3.98
2012.08.20 15:30:22.020,0.97291,0.97302,2.25,1.50
2012.08.20 15:30:22.611,0.97291,0.97304,1.50,3.98
2012.08.20 15:30:23.233,0.97291,0.97304,3.00,3.98
2012.08.20 15:30:23.691,0.97294,0.97304,1.50,1.50
2012.08.20 15:30:24.226,0.97294,0.97307,3.00,3.23
2012.08.20 15:30:24.734,0.97294,0.97307,3.00,2.25
2012.08.20 15:30:25.287,0.97295,0.97308,1.50,3.23
2012.08.20 15:30:25.701,0.97297,0.97308,1.50,3.23
2012.08.20 15:30:26.478,0.97296,0.97308,1.50,1.73
2012.08.20 15:30:31.341,0.97297,0.97308,1.50,2.48
2012.08.20 15:30:31.462,0.97295,0.97308,2.25,2.48
2012.08.20 15:30:32.227,0.97297,0.97308,1.50,2.25
2012.08.20 15:30:34.092,0.97295,0.97308,1.50,1.50
2012.08.20 15:30:36.428,0.97296,0.97309,1.50,4.50
2012.08.20 15:30:44.881,0.97296,0.97309,1.50,3.00
2012.08.20 15:30:46.549,0.97298,0.9731,1.50,1.73
2012.08.20 15:30:47.103,0.97298,0.97309,1.50,2.25
2012.08.20 15:30:47.651,0.97298,0.97309,1.50,2.48
2012.08.20 15:30:48.202,0.97299,0.9731,1.50,3.23
2012.08.20 15:30:48.705,0.97298,0.97309,1.50,2.25
2012.08.20 15:30:49.011,0.97301,0.9731,1.50,1.73
2012.08.20 15:30:50.937,0.97297,0.97308,1.50,2.25
2012.08.20 15:30:54.488,0.97299,0.9731,1.50,3.23
2012.08.20 15:30:54.608,0.97297,0.9731,3.75,3.23
2012.08.20 15:30:54.729,0.97299,0.9731,1.50,3.23
2012.08.20 15:30:55.267,0.97298,0.97309,1.50,1.50
2012.08.20 15:30:56.076,0.97299,0.9731,1.50,3.23
2012.08.20 15:30:56.628,0.97298,0.97309,1.50,2.25
2012.08.20 15:31:00.429,0.97299,0.9731,1.50,3.23
2012.08.20 15:31:03.982,0.97299,0.9731,1.50,2.25
2012.08.20 15:31:04.605,0.97298,0.97309,2.25,1.50
2012.08.20 15:31:04.906,0.97296,0.97307,3.75,1.50
2012.08.20 15:31:05.517,0.97297,0.97308,1.50,2.48
2012.08.20 15:31:07.125,0.97298,0.9731,1.50,1.73
2012.08.20 15:31:07.690,0.97298,0.9731,1.50,1.73
2012.08.20 15:31:09.166,0.97299,0.9731,1.50,3.23
2012.08.20 15:31:10.942,0.97298,0.97309,1.50,2.25
2012.08.20 15:31:13.075,0.97298,0.9731,1.50,1.73
2012.08.20 15:31:13.615,0.97295,0.97308,2.25,2.48
2012.08.20 15:31:14.165,0.97296,0.97309,2.25,2.48
2012.08.20 15:31:19.860,0.97297,0.97309,1.50,2.48
2012.08.20 15:31:20.368,0.97296,0.97309,2.25,1.73
2012.08.20 15:31:20.433,0.973,0.9731,1.50,1.73
2012.08.20 15:31:20.556,0.973,0.9731,1.50,1.50
2012.08.20 15:31:21.113,0.97299,0.9731,3.00,3.00
2012.08.20 15:31:21.663,0.973,0.9731,1.50,1.50
2012.08.20 15:31:24.555,0.97298,0.97311,2.03,2.25
2012.08.20 15:31:25.148,0.97298,0.97311,3.15,2.25
2012.08.20 15:31:28.540,0.97298,0.97311,2.03,2.25
2012.08.20 15:31:30.190,0.97298,0.97311,2.03,2.25
2012.08.20 15:31:30.816,0.97298,0.97311,2.03,2.25
2012.08.20 15:31:31.121,0.973,0.97313,1.50,3.23
2012.08.20 15:31:31.862,0.973,0.97313,1.50,3.23
2012.08.20 15:31:32.803,0.97302,0.97313,1.50,3.23
2012.08.20 15:31:33.230,0.97301,0.97312,1.50,2.48
2012.08.20 15:31:33.744,0.97302,0.97313,1.50,2.48
2012.08.20 15:31:34.071,0.973,0.97313,3.00,2.48
2012.08.20 15:31:34.719,0.97301,0.97314,1.50,3.23
2012.08.20 15:31:37.523,0.97301,0.97312,1.50,1.73
2012.08.20 15:31:39.244,0.97301,0.97314,1.50,3.98
2012.08.20 15:31:40.376,0.97302,0.97313,1.50,2.48
2012.08.20 15:31:40.863,0.97302,0.97313,2.25,1.73
2012.08.20 15:31:41.402,0.97302,0.97313,1.50,2.48
2012.08.20 15:31:42.533,0.97301,0.97312,1.50,2.25
2012.08.20 15:31:43.118,0.97302,0.97313,1.50,2.48
2012.08.20 15:31:43.780,0.97302,0.97313,1.50,2.48
2012.08.20 15:31:45.033,0.973,0.97313,1.50,3.98
2012.08.20 15:31:47.064,0.973,0.97313,1.50,6.60
2012.08.20 15:31:47.608,0.97301,0.97311,1.50,1.50
2012.08.20 15:31:50.365,0.97298,0.97309,1.50,2.48
2012.08.20 15:31:50.901,0.973,0.97312,1.50,2.85
2012.08.20 15:31:51.739,0.97299,0.9731,1.50,2.25
2012.08.20 15:31:54.459,0.97301,0.97312,1.50,3.98
2012.08.20 15:31:55.038,0.97301,0.97312,1.50,2.48
2012.08.20 15:31:56.178,0.97301,0.97312,1.50,2.48
2012.08.20 15:31:57.506,0.97301,0.97312,1.50,2.48
2012.08.20 15:31:58.199,0.97301,0.97311,1.50,1.73
2012.08.20 15:32:00.887,0.97301,0.97312,1.50,2.48
2012.08.20 15:32:02.847,0.97301,0.97312,2.25,2.48
2012.08.20 15:32:03.151,0.97304,0.97312,1.50,1.50
2012.08.20 15:32:03.277,0.97304,0.97316,3.23,1.73
2012.08.20 15:32:03.402,0.97305,0.97316,1.50,1.73
2012.08.20 15:32:03.588,0.97313,0.9732,2.10,1.50
2012.08.20 15:32:03.917,0.97311,0.97322,1.50,3.23
2012.08.20 15:32:04.163,0.97309,0.97321,1.88,4.73
2012.08.20 15:32:04.519,0.97312,0.97319,3.00,1.73
2012.08.20 15:32:04.642,0.97307,0.97319,1.50,3.23
2012.08.20 15:32:05.163,0.97306,0.97318,1.50,1.73
2012.08.20 15:32:06.063,0.97306,0.97318,1.50,1.73
2012.08.20 15:32:06.700,0.97305,0.97318,1.50,3.23
2012.08.20 15:32:07.524,0.97305,0.97318,1.50,3.23
2012.08.20 15:32:07.965,0.97307,0.97318,1.50,2.48
2012.08.20 15:32:12.099,0.97307,0.97318,1.50,2.48
2012.08.20 15:32:12.630,0.97308,0.97319,1.50,3.23
2012.08.20 15:32:13.858,0.97308,0.97319,1.50,3.23
2012.08.20 15:32:14.517,0.97308,0.97318,1.50,1.73
2012.08.20 15:32:16.049,0.97306,0.97317,1.50,2.25
2012.08.20 15:32:19.327,0.97305,0.97318,2.63,2.48
2012.08.20 15:32:19.938,0.97306,0.97319,1.50,3.23
2012.08.20 15:32:24.126,0.97306,0.97319,1.50,2.48
2012.08.20 15:32:25.648,0.97306,0.97319,2.25,2.48
2012.08.20 15:32:29.574,0.97309,0.9732,1.50,3.23
2012.08.20 15:32:29.639,0.97309,0.9732,1.50,3.23
2012.08.20 15:32:29.986,0.97311,0.97322,1.50,1.73
2012.08.20 15:32:30.859,0.9731,0.97323,2.25,2.48
2012.08.20 15:32:31.729,0.97312,0.97323,1.50,2.48
2012.08.20 15:32:32.390,0.97311,0.97322,1.50,2.48
2012.08.20 15:32:33.451,0.97311,0.97322,1.50,2.48
2012.08.20 15:32:33.806,0.9731,0.97321,1.50,3.23
2012.08.20 15:32:33.931,0.97308,0.97319,3.00,2.25
2012.08.20 15:32:34.468,0.97307,0.97318,1.50,2.48
2012.08.20 15:32:40.571,0.97309,0.9732,1.50,5.48
2012.08.20 15:32:40.976,0.97307,0.97318,1.50,2.48
2012.08.20 15:32:43.528,0.97306,0.97317,1.50,2.48
2012.08.20 15:32:43.653,0.97304,0.97315,1.50,2.48
2012.08.20 15:32:43.894,0.97303,0.97314,2.93,2.85
2012.08.20 15:32:44.311,0.97302,0.97311,1.80,2.25
2012.08.20 15:32:44.743,0.97298,0.97311,1.50,2.25
2012.08.20 15:32:47.152,0.97298,0.97311,1.50,2.25
2012.08.20 15:32:47.965,0.97304,0.97311,4.50,2.25
2012.08.20 15:32:48.030,0.97306,0.97312,5.10,1.73
2012.08.20 15:32:48.159,0.97306,0.97313,1.50,1.50
2012.08.20 15:32:48.228,0.97303,0.97311,1.13,2.25
2012.08.20 15:32:48.295,0.97302,0.97311,2.25,2.25
2012.08.20 15:32:48.361,0.973,0.97309,1.73,1.50
2012.08.20 15:32:48.721,0.97304,0.97315,1.50,1.50
2012.08.20 15:32:49.250,0.97301,0.97312,2.25,1.50
2012.08.20 15:32:49.573,0.97301,0.97314,2.25,1.88
2012.08.20 15:32:49.881,0.973,0.97312,1.50,1.50
2012.08.20 15:32:49.944,0.973,0.97312,1.50,1.73
2012.08.20 15:32:50.245,0.97299,0.97309,1.50,1.73
2012.08.20 15:32:50.779,0.97298,0.9731,1.50,2.10
2012.08.20 15:32:51.742,0.97301,0.97309,1.50,1.13
2012.08.20 15:32:52.714,0.97301,0.97311,1.50,4.58
2012.08.20 15:32:53.241,0.97302,0.97311,1.50,1.50
2012.08.20 15:32:53.745,0.973,0.97311,1.50,1.50
2012.08.20 15:32:55.354,0.97299,0.9731,3.00,1.50
2012.08.20 15:32:55.889,0.97298,0.9731,1.50,1.73
2012.08.20 15:33:04.189,0.97298,0.97311,1.50,6.98
2012.08.20 15:33:04.762,0.97298,0.97311,1.50,6.23
2012.08.20 15:33:08.830,0.97297,0.9731,3.00,1.73
2012.08.20 15:33:09.349,0.97299,0.9731,1.50,1.73
2012.08.20 15:33:10.031,0.97298,0.97309,1.50,1.50
2012.08.20 15:33:10.650,0.97299,0.9731,1.50,1.73
2012.08.20 15:33:16.576,0.973,0.97311,1.50,2.85
2012.08.20 15:33:20.146,0.97299,0.97307,1.50,1.50
2012.08.20 15:33:20.212,0.97296,0.97307,1.73,1.88
2012.08.20 15:33:20.278,0.97299,0.9731,1.50,5.85
2012.08.20 15:33:20.518,0.97299,0.9731,1.50,3.38
2012.08.20 15:33:21.961,0.97299,0.9731,1.50,2.63
2012.08.20 15:33:22.203,0.97295,0.97307,2.63,1.73
2012.08.20 15:33:30.006,0.97297,0.97306,1.50,1.13
2012.08.20 15:33:30.474,0.97297,0.97309,3.00,2.10
2012.08.20 15:33:30.597,0.97298,0.9731,1.50,1.50
2012.08.20 15:33:32.758,0.97298,0.97309,1.50,2.10
2012.08.20 15:33:33.114,0.97298,0.97308,1.50,1.95
2012.08.20 15:33:33.952,0.97295,0.97308,3.00,3.45
2012.08.20 15:33:34.478,0.97295,0.97308,3.38,3.45
2012.08.20 15:33:34.609,0.97295,0.97308,3.38,3.45
2012.08.20 15:33:35.241,0.97295,0.97308,2.63,3.45
2012.08.20 15:33:37.301,0.97296,0.97308,1.88,3.45
2012.08.20 15:33:37.485,0.97297,0.97308,1.93,1.50
2012.08.20 15:33:37.549,0.973,0.97308,1.50,1.50
2012.08.20 15:33:37.851,0.97303,0.97313,1.50,2.25
2012.08.20 15:33:38.387,0.97304,0.97313,1.50,1.50
2012.08.20 15:33:38.510,0.97305,0.97313,1.50,1.50
2012.08.20 15:33:38.987,0.97305,0.97315,1.50,3.00
2012.08.20 15:33:39.513,0.97305,0.97314,1.50,1.50
2012.08.20 15:33:40.336,0.97305,0.97313,1.50,1.50
2012.08.20 15:33:40.868,0.97306,0.97313,1.50,1.50
2012.08.20 15:33:41.370,0.97304,0.97313,1.50,1.50
2012.08.20 15:33:42.062,0.97304,0.97314,1.50,1.50
2012.08.20 15:33:42.782,0.97303,0.97309,3.00,1.13
2012.08.20 15:33:43.091,0.97297,0.97305,2.48,1.50
2012.08.20 15:33:43.158,0.97297,0.97307,1.50,1.50
2012.08.20 15:33:43.224,0.97296,0.97307,5.25,1.50
2012.08.20 15:33:43.529,0.973,0.97309,2.48,1.50
2012.08.20 15:33:43.594,0.97303,0.97313,1.50,3.75
2012.08.20 15:33:43.719,0.97305,0.97314,1.50,3.00
2012.08.20 15:33:44.142,0.97308,0.97317,1.50,3.23
2012.08.20 15:33:44.207,0.97308,0.97317,1.50,2.93
2012.08.20 15:33:44.586,0.97306,0.97316,1.50,1.73
2012.08.20 15:33:45.808,0.97303,0.97316,3.00,2.63
2012.08.20 15:33:46.339,0.97303,0.97314,3.00,1.50
2012.08.20 15:33:46.591,0.97303,0.97314,3.00,1.50
2012.08.20 15:33:47.129,0.97303,0.97314,3.00,1.50
2012.08.20 15:33:47.654,0.97304,0.97315,1.50,3.00
2012.08.20 15:33:48.196,0.97303,0.97314,2.25,1.50
2012.08.20 15:33:48.741,0.97303,0.97316,3.00,4.35
2012.08.20 15:33:49.100,0.97304,0.97315,2.25,2.48
2012.08.20 15:33:50.009,0.97305,0.97317,1.50,3.45
2012.08.20 15:33:50.251,0.97303,0.97316,3.00,2.25
2012.08.20 15:33:50.795,0.97303,0.97315,3.00,1.50
2012.08.20 15:33:52.262,0.97303,0.9731,2.25,4.50
2012.08.20 15:33:52.564,0.97298,0.97308,2.25,1.88
2012.08.20 15:33:54.168,0.97297,0.97308,1.50,1.88
2012.08.20 15:33:54.350,0.97302,0.97312,2.25,1.09
2012.08.20 15:33:54.532,0.97303,0.97315,2.25,2.48
2012.08.20 15:33:56.373,0.97302,0.97315,3.00,2.48
2012.08.20 15:33:57.142,0.97302,0.97313,3.00,1.50
2012.08.20 15:33:57.660,0.97302,0.97313,2.25,1.50
2012.08.20 15:33:58.214,0.97301,0.97312,1.50,1.50
2012.08.20 15:33:59.519,0.97301,0.97314,3.00,3.98
2012.08.20 15:33:59.870,0.97303,0.97315,2.25,1.73
2012.08.20 15:34:00.428,0.97303,0.97314,2.25,2.48
2012.08.20 15:34:01.182,0.97304,0.97315,1.50,3.23
2012.08.20 15:34:01.717,0.97304,0.97315,3.00,2.48
2012.08.20 15:34:02.251,0.97305,0.97316,2.25,4.13
2012.08.20 15:34:02.724,0.97303,0.97314,3.23,1.50
2012.08.20 15:34:03.226,0.97303,0.97315,1.73,2.25
2012.08.20 15:34:03.350,0.97304,0.97315,2.25,3.00
2012.08.20 15:34:03.472,0.97303,0.97315,1.73,3.75
2012.08.20 15:34:04.001,0.97303,0.97315,3.23,2.25
2012.08.20 15:34:04.545,0.97304,0.97315,1.50,1.50
2012.08.20 15:34:05.047,0.97303,0.97316,3.23,3.38
2012.08.20 15:34:05.369,0.97304,0.97315,1.50,2.25
2012.08.20 15:34:05.607,0.97303,0.97315,2.25,2.25
2012.08.20 15:34:06.781,0.97302,0.97315,3.00,2.48
2012.08.20 15:34:07.131,0.97302,0.97315,3.00,2.48
2012.08.20 15:34:07.370,0.97303,0.97314,3.00,1.73
2012.08.20 15:34:07.936,0.97302,0.97313,3.75,1.50
2012.08.20 15:34:08.239,0.97296,0.97307,3.38,1.50
2012.08.20 15:34:08.994,0.97296,0.97307,3.38,1.50
2012.08.20 15:34:11.417,0.97296,0.97307,3.00,1.50
2012.08.20 15:34:12.124,0.97296,0.97307,3.00,1.50
2012.08.20 15:34:12.752,0.97296,0.97307,2.25,2.63
2012.08.20 15:34:12.874,0.973,0.97307,1.50,1.88
2012.08.20 15:34:12.999,0.973,0.97309,1.50,1.50
2012.08.20 15:34:13.122,0.973,0.97311,1.50,3.00
2012.08.20 15:34:13.245,0.973,0.97309,1.50,1.50
2012.08.20 15:34:13.792,0.973,0.9731,2.25,1.50
2012.08.20 15:34:13.916,0.97302,0.97313,3.00,2.25
2012.08.20 15:34:14.407,0.97302,0.97313,3.00,1.50
2012.08.20 15:34:14.949,0.97302,0.97312,1.50,1.50
2012.08.20 15:34:15.761,0.97301,0.97308,1.50,4.50
2012.08.20 15:34:15.826,0.97301,0.97308,2.25,3.75
2012.08.20 15:34:16.325,0.97294,0.97304,1.50,1.88
2012.08.20 15:34:16.881,0.97293,0.97304,2.25,5.10
2012.08.20 15:34:17.002,0.97293,0.97304,2.25,5.10
2012.08.20 15:34:18.250,0.97293,0.97304,2.25,5.10
2012.08.20 15:34:20.806,0.97293,0.97304,3.00,3.00
2012.08.20 15:34:21.162,0.97294,0.97304,2.25,1.13
2012.08.20 15:34:24.537,0.97296,0.97305,1.50,2.25
2012.08.20 15:34:24.663,0.97297,0.97308,2.48,1.50
2012.08.20 15:34:24.788,0.973,0.97312,2.25,3.60
2012.08.20 15:34:25.318,0.97298,0.97309,2.48,1.50
2012.08.20 15:34:25.442,0.97298,0.97311,2.48,2.25
2012.08.20 15:34:25.973,0.97298,0.9731,1.73,1.50
2012.08.20 15:34:26.531,0.97298,0.97311,3.98,3.00
2012.08.20 15:34:27.079,0.97299,0.9731,2.25,1.50
2012.08.20 15:34:28.549,0.97298,0.9731,2.48,1.50
2012.08.20 15:34:29.101,0.97298,0.9731,1.73,1.50
2012.08.20 15:34:29.881,0.97297,0.97307,3.23,1.13
2012.08.20 15:34:30.239,0.97296,0.97307,1.50,3.38
2012.08.20 15:34:30.540,0.97295,0.97307,1.50,2.25
2012.08.20 15:34:31.073,0.97295,0.97307,1.50,2.63
2012.08.20 15:34:33.538,0.97294,0.97307,3.00,2.63
2012.08.20 15:34:36.683,0.97295,0.97307,1.50,2.63
2012.08.20 15:34:37.197,0.97295,0.97307,1.50,1.88
2012.08.20 15:34:38.511,0.97294,0.97307,3.00,2.25
2012.08.20 15:34:40.078,0.97294,0.97307,2.25,2.25
2012.08.20 15:34:40.852,0.97295,0.97307,1.50,2.25
2012.08.20 15:34:41.532,0.97295,0.97307,1.50,2.25
2012.08.20 15:34:42.967,0.97296,0.97307,1.50,2.25
2012.08.20 15:34:43.626,0.97294,0.97307,2.25,2.25
2012.08.20 15:34:43.689,0.97294,0.97306,1.50,2.10
2012.08.20 15:34:43.752,0.97295,0.97306,1.50,2.25
2012.08.20 15:34:48.520,0.97294,0.97307,3.00,3.38
2012.08.20 15:34:53.260,0.97294,0.97306,3.00,1.13
2012.08.20 15:34:53.671,0.97294,0.97306,3.00,1.13
2012.08.20 15:34:55.593,0.97294,0.97306,3.00,1.13
2012.08.20 15:34:59.057,0.97295,0.97307,1.50,2.25
2012.08.20 15:35:01.126,0.97297,0.97308,2.25,2.25
2012.08.20 15:35:01.599,0.97297,0.97308,3.98,1.50
2012.08.20 15:35:02.123,0.97297,0.97308,2.48,1.50
2012.08.20 15:35:06.873,0.97303,0.97308,1.50,1.50
2012.08.20 15:35:07.175,0.97304,0.9731,2.48,1.50
2012.08.20 15:35:07.535,0.97304,0.97316,4.35,1.50
2012.08.20 15:35:07.601,0.97305,0.97318,2.48,1.50
2012.08.20 15:35:09.860,0.97306,0.97317,2.48,1.50
2012.08.20 15:35:10.938,0.97305,0.97318,2.48,1.50
2012.08.20 15:35:11.583,0.97305,0.97318,2.48,1.50
2012.08.20 15:35:13.027,0.97305,0.97318,2.48,2.63
2012.08.20 15:35:13.150,0.97303,0.97316,3.98,1.50
2012.08.20 15:35:13.600,0.97305,0.97318,1.73,2.63
2012.08.20 15:35:14.105,0.97304,0.97315,1.73,1.50
2012.08.20 15:35:14.744,0.97303,0.97314,2.48,1.50
2012.08.20 15:35:15.102,0.97302,0.97315,2.25,2.71
2012.08.20 15:35:15.518,0.97299,0.97307,3.23,1.50
2012.08.20 15:35:16.133,0.97299,0.97307,1.73,1.50
2012.08.20 15:35:17.519,0.97299,0.97312,2.25,1.50
2012.08.20 15:35:17.643,0.97299,0.97309,2.25,1.50
2012.08.20 15:35:18.008,0.97294,0.97307,2.25,2.25
2012.08.20 15:35:18.314,0.97294,0.97307,3.00,2.25
2012.08.20 15:35:18.984,0.97294,0.97307,3.00,2.25
2012.08.20 15:35:19.505,0.97294,0.97307,3.00,2.25
2012.08.20 15:35:22.147,0.97294,0.97307,3.00,2.25
2012.08.20 15:35:22.707,0.97294,0.97306,2.25,2.48
2012.08.20 15:35:25.632,0.97294,0.97306,2.25,1.35
2012.08.20 15:35:27.945,0.97294,0.97306,2.25,2.10
2012.08.20 15:35:29.609,0.97294,0.97306,2.25,2.10
2012.08.20 15:35:30.967,0.97294,0.97306,2.25,2.25
2012.08.20 15:35:32.782,0.97292,0.97304,2.48,1.50
2012.08.20 15:35:33.344,0.97292,0.97301,2.48,1.50
2012.08.20 15:35:34.190,0.97292,0.97302,2.48,1.50
2012.08.20 15:35:34.959,0.97293,0.97306,2.48,3.60
2012.08.20 15:35:36.121,0.97293,0.97306,2.48,3.60
2012.08.20 15:35:37.466,0.97293,0.97306,2.48,3.00
2012.08.20 15:35:37.528,0.97293,0.97306,2.48,3.75
2012.08.20 15:35:37.649,0.97293,0.97306,2.25,3.75
2012.08.20 15:35:38.670,0.97292,0.97305,3.98,1.50
2012.08.20 15:35:41.006,0.97292,0.97304,2.25,1.50
2012.08.20 15:35:41.188,0.97292,0.97303,2.25,1.13
2012.08.20 15:35:41.310,0.97292,0.97304,2.25,3.98
2012.08.20 15:35:42.249,0.9729,0.97301,2.48,1.50
2012.08.20 15:35:42.902,0.97291,0.97302,2.25,2.25
2012.08.20 15:35:43.470,0.97291,0.97299,2.25,2.10
2012.08.20 15:35:43.658,0.97287,0.97296,3.00,1.35
2012.08.20 15:35:44.023,0.97285,0.97294,1.50,1.50
2012.08.20 15:35:44.147,0.9728,0.97293,3.98,1.50
2012.08.20 15:35:44.391,0.97282,0.97292,2.25,1.50
2012.08.20 15:35:44.516,0.97284,0.97295,2.25,3.60
2012.08.20 15:35:45.055,0.97283,0.97293,1.50,1.50
2012.08.20 15:35:45.177,0.97284,0.97295,2.25,2.25
2012.08.20 15:35:45.595,0.97284,0.97297,2.25,1.50
2012.08.20 15:35:46.463,0.97285,0.97296,2.25,1.50
2012.08.20 15:35:47.554,0.97285,0.97296,2.25,2.25
2012.08.20 15:35:50.665,0.97285,0.97296,2.25,2.25
2012.08.20 15:35:50.846,0.97283,0.97295,1.50,2.25
2012.08.20 15:35:50.968,0.97282,0.97295,2.25,1.50
2012.08.20 15:35:51.517,0.97282,0.97295,2.25,2.25
2012.08.20 15:35:52.026,0.97282,0.97295,2.25,2.25
2012.08.20 15:35:53.153,0.97282,0.97295,2.25,3.75
2012.08.20 15:35:53.452,0.97281,0.97292,3.00,1.50
2012.08.20 15:35:53.982,0.9728,0.97291,2.25,1.50
2012.08.20 15:35:54.221,0.9728,0.97293,2.25,2.10
2012.08.20 15:35:54.962,0.97279,0.97292,3.75,1.50
2012.08.20 15:35:55.455,0.97279,0.9729,3.75,1.50
2012.08.20 15:35:55.819,0.97282,0.97293,2.25,4.58
2012.08.20 15:35:55.882,0.97282,0.97293,2.25,3.83
2012.08.20 15:35:55.947,0.97282,0.97293,2.25,3.45
2012.08.20 15:35:56.187,0.97282,0.97293,2.25,3.83
2012.08.20 15:35:56.733,0.97282,0.97293,2.25,4.20
2012.08.20 15:35:57.602,0.97282,0.9729,2.25,1.50
2012.08.20 15:35:58.183,0.97278,0.97289,1.50,1.50
2012.08.20 15:35:58.823,0.97278,0.97289,1.50,1.50
2012.08.20 15:36:01.126,0.97276,0.97289,3.00,2.48
2012.08.20 15:36:03.336,0.97276,0.97289,3.00,2.48
2012.08.20 15:36:07.857,0.97278,0.97289,1.50,1.73
2012.08.20 15:36:08.332,0.97281,0.97292,1.50,1.50
2012.08.20 15:36:08.926,0.97278,0.97289,3.00,1.50
2012.08.20 15:36:10.828,0.97278,0.97289,3.00,1.50
2012.08.20 15:36:11.850,0.97278,0.97289,2.25,1.73
2012.08.20 15:36:12.902,0.97278,0.97289,2.25,1.50
2012.08.20 15:36:13.505,0.97276,0.97288,2.25,1.50
2012.08.20 15:36:14.555,0.97276,0.97288,2.25,1.50
2012.08.20 15:36:15.104,0.97276,0.97288,2.25,1.50
2012.08.20 15:36:16.031,0.97277,0.9729,2.25,4.73
2012.08.20 15:36:16.563,0.97279,0.9729,1.50,2.48
2012.08.20 15:36:17.379,0.97278,0.97291,2.25,2.48
2012.08.20 15:36:20.092,0.97278,0.97289,2.25,2.25
2012.08.20 15:36:20.697,0.97277,0.97288,1.50,1.50
2012.08.20 15:36:21.211,0.97278,0.9729,2.25,2.48
2012.08.20 15:36:21.611,0.97277,0.9729,3.00,2.48
2012.08.20 15:36:34.396,0.97277,0.9729,3.00,2.48
2012.08.20 15:36:35.357,0.97277,0.97288,1.50,1.50
2012.08.20 15:36:37.594,0.97275,0.97288,3.75,2.25
2012.08.20 15:36:37.951,0.97276,0.97285,1.50,1.50
2012.08.20 15:36:38.130,0.97275,0.97287,3.00,2.25
2012.08.20 15:36:38.487,0.97275,0.97288,3.00,2.25
2012.08.20 15:36:39.258,0.97275,0.97285,2.25,1.50
2012.08.20 15:36:39.810,0.97277,0.97288,2.25,2.63
2012.08.20 15:36:40.446,0.97277,0.97288,2.25,2.63
2012.08.20 15:36:44.403,0.97277,0.97288,2.25,2.63
2012.08.20 15:36:45.154,0.97277,0.97288,2.25,3.00
2012.08.20 15:36:45.456,0.97274,0.97285,3.75,1.50
2012.08.20 15:36:45.580,0.97277,0.97288,2.25,2.63
2012.08.20 15:36:46.108,0.97277,0.97288,2.25,2.10
2012.08.20 15:36:48.023,0.97276,0.97286,2.25,1.50
2012.08.20 15:36:48.494,0.97275,0.97286,3.00,2.25
2012.08.20 15:36:49.105,0.97275,0.97286,3.00,2.25
2012.08.20 15:36:50.747,0.97275,0.97286,2.25,3.75
2012.08.20 15:36:50.812,0.97275,0.97285,2.25,1.50
2012.08.20 15:36:50.997,0.97274,0.97282,1.50,2.25
2012.08.20 15:36:51.517,0.97271,0.97283,1.50,3.23
2012.08.20 15:36:54.015,0.97272,0.97283,1.50,2.48
2012.08.20 15:36:54.319,0.97276,0.97284,2.25,2.25
2012.08.20 15:36:54.622,0.97277,0.97286,3.00,1.50
2012.08.20 15:36:55.002,0.97281,0.97293,1.13,4.13
2012.08.20 15:36:55.074,0.97284,0.97294,1.13,1.13
2012.08.20 15:36:55.493,0.97282,0.97294,2.25,1.13
2012.08.20 15:36:55.558,0.97282,0.97293,2.25,1.58
2012.08.20 15:36:55.623,0.97281,0.97291,4.13,1.50
2012.08.20 15:36:55.985,0.97278,0.97289,2.25,2.48
2012.08.20 15:36:56.646,0.97278,0.97289,2.25,2.48
2012.08.20 15:36:57.574,0.97278,0.97289,2.25,2.48
2012.08.20 15:36:59.187,0.97275,0.97287,2.25,1.88
2012.08.20 15:36:59.256,0.97275,0.97287,2.25,1.35
2012.08.20 15:36:59.557,0.97276,0.97287,2.25,1.73
2012.08.20 15:36:59.912,0.97275,0.97288,2.25,3.08
2012.08.20 15:37:00.917,0.97275,0.97288,2.25,6.08
2012.08.20 15:37:01.449,0.97275,0.97287,2.25,1.35
2012.08.20 15:37:01.980,0.97276,0.97287,3.00,1.50
2012.08.20 15:37:02.044,0.97276,0.97288,3.00,1.73
2012.08.20 15:37:02.228,0.97278,0.9729,2.25,2.10
2012.08.20 15:37:02.293,0.97278,0.97291,2.25,3.60
2012.08.20 15:37:02.648,0.97278,0.97291,2.25,3.38
2012.08.20 15:37:04.122,0.97278,0.97291,2.25,3.60
2012.08.20 15:37:04.666,0.97278,0.97291,2.25,4.35
2012.08.20 15:37:04.729,0.97278,0.97291,2.25,4.35
2012.08.20 15:37:06.053,0.97278,0.97291,2.25,3.98
2012.08.20 15:37:06.725,0.97278,0.97291,2.25,4.35
2012.08.20 15:37:07.316,0.97278,0.97291,2.25,2.48
2012.08.20 15:37:12.334,0.97279,0.9729,2.25,1.73
2012.08.20 15:37:12.890,0.97279,0.9729,2.25,2.48
2012.08.20 15:37:13.465,0.97279,0.9729,2.25,2.48
2012.08.20 15:37:15.157,0.97279,0.9729,2.25,1.73
2012.08.20 15:37:18.025,0.97279,0.9729,2.25,1.73
2012.08.20 15:37:20.299,0.97277,0.97288,2.25,1.50
2012.08.20 15:37:20.364,0.97277,0.97288,2.25,1.50
2012.08.20 15:37:20.872,0.97277,0.97288,2.25,1.50
2012.08.20 15:37:21.553,0.97277,0.97288,2.25,1.50
2012.08.20 15:37:22.145,0.9728,0.9729,2.25,1.88
2012.08.20 15:37:22.325,0.9728,0.97291,2.25,2.48
2012.08.20 15:37:25.107,0.9728,0.97291,2.25,1.73
2012.08.20 15:37:25.613,0.9728,0.97291,2.25,1.73
2012.08.20 15:37:26.053,0.97279,0.9729,2.25,1.50
2012.08.20 15:37:40.605,0.97281,0.97292,3.00,3.68
2012.08.20 15:37:41.004,0.97284,0.97292,1.50,2.63
2012.08.20 15:37:41.134,0.97288,0.97293,1.13,2.63
2012.08.20 15:37:41.199,0.97289,0.97295,1.50,2.25
2012.08.20 15:37:41.323,0.97288,0.97293,1.13,2.63
2012.08.20 15:37:41.865,0.97285,0.97298,2.25,4.73
2012.08.20 15:37:41.990,0.97286,0.97298,2.25,2.48
2012.08.20 15:37:42.469,0.97285,0.97297,2.25,1.88
2012.08.20 15:37:44.112,0.97286,0.97298,2.25,2.48
2012.08.20 15:37:45.066,0.97286,0.97298,2.25,2.25
2012.08.20 15:37:45.621,0.97286,0.97298,2.25,2.25
2012.08.20 15:37:45.743,0.97286,0.97298,2.25,3.00
2012.08.20 15:37:46.277,0.97284,0.97296,2.25,2.10
2012.08.20 15:37:46.632,0.97284,0.97296,2.25,2.85
2012.08.20 15:37:52.242,0.97283,0.97296,2.25,4.35
2012.08.20 15:38:00.420,0.97281,0.97292,2.25,1.50
2012.08.20 15:38:00.544,0.97284,0.97295,1.50,2.25
2012.08.20 15:38:01.018,0.97282,0.97294,2.25,2.63
2012.08.20 15:38:01.380,0.97282,0.97292,1.50,2.33
2012.08.20 15:38:02.038,0.97278,0.97291,3.00,3.00
2012.08.20 15:38:02.577,0.97278,0.9729,1.50,1.50
2012.08.20 15:38:03.125,0.97278,0.9729,1.50,1.50
2012.08.20 15:38:04.369,0.97278,0.9729,1.50,2.25
2012.08.20 15:38:05.344,0.97278,0.9729,1.50,2.25
2012.08.20 15:38:08.884,0.97278,0.97289,3.00,1.50
2012.08.20 15:38:09.154,0.97278,0.97291,3.00,2.48
2012.08.20 15:38:09.447,0.97278,0.97289,3.00,1.50
2012.08.20 15:38:09.995,0.97278,0.97288,1.50,1.50
2012.08.20 15:38:10.058,0.97278,0.9729,1.50,2.25
2012.08.20 15:38:10.763,0.97277,0.9729,3.00,2.25
2012.08.20 15:38:17.279,0.97277,0.9729,2.25,1.50
2012.08.20 15:38:20.264,0.97277,0.9729,2.25,1.50
2012.08.20 15:38:20.794,0.97278,0.97289,2.25,2.25
2012.08.20 15:38:21.078,0.97278,0.97289,2.25,2.25
2012.08.20 15:38:22.737,0.97279,0.9729,2.25,2.48
2012.08.20 15:38:23.293,0.97279,0.97289,2.25,1.88
2012.08.20 15:38:24.117,0.97276,0.97287,3.75,1.50
2012.08.20 15:38:24.671,0.97276,0.97287,3.00,1.50
2012.08.20 15:38:25.460,0.97275,0.97286,2.25,1.50
2012.08.20 15:38:25.701,0.97276,0.97287,2.25,3.00
2012.08.20 15:38:26.234,0.97275,0.97288,2.25,3.00
2012.08.20 15:38:26.916,0.97278,0.97289,2.25,3.23
2012.08.20 15:38:27.262,0.97275,0.97286,4.50,1.13
2012.08.20 15:38:29.717,0.9728,0.97288,1.50,2.25
2012.08.20 15:38:29.901,0.97276,0.97288,4.13,2.63
2012.08.20 15:38:33.895,0.97278,0.97288,2.25,1.13
2012.08.20 15:38:37.191,0.97278,0.97288,2.25,1.13
2012.08.20 15:38:37.373,0.97279,0.9729,2.25,1.50
2012.08.20 15:38:37.671,0.97278,0.97288,2.25,1.13
2012.08.20 15:38:37.792,0.97278,0.97288,2.25,1.13
2012.08.20 15:38:40.840,0.97276,0.97288,1.50,2.63
2012.08.20 15:38:41.420,0.97276,0.97287,1.50,1.50
2012.08.20 15:38:41.660,0.97276,0.97287,1.50,2.25
2012.08.20 15:38:48.516,0.97276,0.97288,1.50,2.25
2012.08.20 15:38:49.767,0.97276,0.97288,1.50,2.25
2012.08.20 15:38:52.029,0.97276,0.97288,1.50,2.25
2012.08.20 15:38:52.642,0.97276,0.97288,1.50,2.25
2012.08.20 15:38:53.822,0.97276,0.97286,1.50,2.25
2012.08.20 15:38:54.185,0.97272,0.97282,3.38,2.25
2012.08.20 15:38:54.709,0.97272,0.97282,1.13,2.25
2012.08.20 15:38:55.193,0.97272,0.97283,2.25,3.00
2012.08.20 15:38:56.308,0.97271,0.97282,2.63,1.50
2012.08.20 15:38:56.659,0.97274,0.97285,2.25,3.75
2012.08.20 15:38:56.782,0.97274,0.97285,2.25,3.00
2012.08.20 15:38:57.486,0.97275,0.97285,1.50,1.50
2012.08.20 15:38:58.078,0.97275,0.97285,1.50,1.50
2012.08.20 15:38:58.633,0.97274,0.97285,2.25,2.25
2012.08.20 15:39:01.187,0.97274,0.97285,2.25,2.25
2012.08.20 15:39:02.059,0.97275,0.97285,1.50,2.25
2012.08.20 15:39:02.587,0.97274,0.97284,1.50,2.25
2012.08.20 15:39:03.026,0.97273,0.97284,3.00,2.25
2012.08.20 15:39:03.553,0.97273,0.97284,3.00,2.25
2012.08.20 15:39:04.075,0.97273,0.97284,3.00,2.25
2012.08.20 15:39:05.038,0.97273,0.97284,3.00,2.25
2012.08.20 15:39:05.772,0.97273,0.97284,3.00,2.25
2012.08.20 15:39:06.277,0.97273,0.97284,3.00,2.25
2012.08.20 15:39:08.600,0.97273,0.97284,3.00,2.25
2012.08.20 15:39:11.696,0.97273,0.97284,3.00,1.50
2012.08.20 15:39:14.565,0.97273,0.97284,3.00,2.25
2012.08.20 15:39:14.631,0.97273,0.97281,1.50,1.50
2012.08.20 15:39:15.176,0.97273,0.97282,1.50,2.25
2012.08.20 15:39:15.703,0.97273,0.97281,1.50,1.50
2012.08.20 15:39:16.520,0.97273,0.97283,1.50,2.25
2012.08.20 15:39:23.452,0.97272,0.97283,1.50,2.25
2012.08.20 15:39:23.691,0.97271,0.97283,1.50,4.50
2012.08.20 15:39:26.543,0.97271,0.97282,1.50,2.25
2012.08.20 15:39:27.011,0.97272,0.97283,2.25,1.73
2012.08.20 15:39:27.368,0.97272,0.97283,5.25,1.73
2012.08.20 15:39:27.432,0.97274,0.97285,2.25,3.00
2012.08.20 15:39:27.848,0.97272,0.97282,1.50,1.50
2012.08.20 15:39:28.206,0.97274,0.97285,2.25,2.25
2012.08.20 15:39:28.757,0.97273,0.97286,2.25,3.00
2012.08.20 15:39:31.238,0.97274,0.97284,1.13,1.50
2012.08.20 15:39:31.769,0.97274,0.97285,2.63,2.25
2012.08.20 15:39:32.308,0.97274,0.97285,2.63,2.25
2012.08.20 15:39:33.194,0.97274,0.97285,2.25,2.25
2012.08.20 15:39:33.728,0.97274,0.97285,2.25,2.25
2012.08.20 15:39:34.652,0.97273,0.97284,2.25,1.50
2012.08.20 15:39:35.156,0.97274,0.97285,3.00,1.50
2012.08.20 15:39:35.457,0.97275,0.97285,2.25,1.50
2012.08.20 15:39:35.581,0.97274,0.97287,4.50,1.50
2012.08.20 15:39:35.646,0.97277,0.97285,1.50,1.50
2012.08.20 15:39:35.888,0.97281,0.97289,1.50,3.00
2012.08.20 15:39:36.430,0.97281,0.97289,1.50,2.25
2012.08.20 15:39:37.358,0.9728,0.97289,1.50,1.50
2012.08.20 15:39:37.424,0.97277,0.97287,1.50,1.50
2012.08.20 15:39:37.841,0.97277,0.97285,1.50,1.50
2012.08.20 15:39:37.963,0.97277,0.97285,1.50,1.50
2012.08.20 15:39:38.503,0.97277,0.97284,1.50,2.25
2012.08.20 15:39:38.860,0.97275,0.97285,1.50,1.50
2012.08.20 15:39:39.395,0.97275,0.97286,1.50,3.00
2012.08.20 15:39:39.814,0.97278,0.9729,2.25,2.25
2012.08.20 15:39:40.064,0.97282,0.97293,1.50,3.00
2012.08.20 15:39:40.595,0.97282,0.97291,1.50,2.25
2012.08.20 15:39:41.124,0.97282,0.97293,1.50,3.00
2012.08.20 15:39:41.543,0.97283,0.97293,1.50,1.50
2012.08.20 15:39:43.222,0.97283,0.97294,1.50,1.50
2012.08.20 15:39:43.731,0.97283,0.97294,1.50,1.50
2012.08.20 15:39:44.627,0.97283,0.97294,3.00,2.25
2012.08.20 15:39:45.371,0.97283,0.97294,3.00,3.00
2012.08.20 15:39:45.555,0.97282,0.97292,1.50,1.50
2012.08.20 15:39:45.620,0.97282,0.97292,1.50,3.00
2012.08.20 15:39:47.854,0.97279,0.9729,2.25,1.50
2012.08.20 15:39:48.378,0.97278,0.9729,1.50,2.25
2012.08.20 15:39:48.934,0.97278,0.9729,1.50,2.25
2012.08.20 15:39:49.717,0.97278,0.9729,1.50,2.25
2012.08.20 15:39:52.843,0.97279,0.9729,1.50,2.48
2012.08.20 15:39:53.385,0.97279,0.9729,1.50,2.25
2012.08.20 15:39:55.932,0.97279,0.9729,1.50,2.25
2012.08.20 15:39:56.234,0.97279,0.97286,1.50,1.50
2012.08.20 15:39:56.420,0.97276,0.97288,1.13,1.50
2012.08.20 15:39:56.951,0.97276,0.97287,2.63,1.50
2012.08.20 15:39:58.172,0.97275,0.97288,3.00,2.25
2012.08.20 15:39:58.711,0.97278,0.97289,2.25,1.73
2012.08.20 15:39:59.252,0.97275,0.97288,3.00,2.25
2012.08.20 15:40:00.291,0.97275,0.97286,3.00,1.50
2012.08.20 15:40:00.598,0.97281,0.97292,2.25,2.25
2012.08.20 15:40:00.852,0.97281,0.97291,2.25,1.50
2012.08.20 15:40:00.980,0.97281,0.97291,2.25,1.50
2012.08.20 15:40:01.401,0.9728,0.97289,1.50,1.50
2012.08.20 15:40:01.949,0.97278,0.97289,2.25,1.50
2012.08.20 15:40:02.482,0.97279,0.9729,2.25,1.50
2012.08.20 15:40:03.091,0.97279,0.9729,2.25,2.25
2012.08.20 15:40:03.628,0.97281,0.97289,1.50,1.50
2012.08.20 15:40:03.988,0.97281,0.97292,3.00,2.25
2012.08.20 15:40:04.588,0.97281,0.97292,1.50,2.25
2012.08.20 15:40:05.410,0.97281,0.97293,1.50,3.00
2012.08.20 15:40:07.608,0.97281,0.97293,1.50,3.00
2012.08.20 15:40:07.671,0.97281,0.97293,1.50,3.75
2012.08.20 15:40:07.796,0.97279,0.97292,2.25,3.00
2012.08.20 15:40:07.860,0.97279,0.97292,2.25,3.98
2012.08.20 15:40:08.043,0.97278,0.9729,1.13,2.25
2012.08.20 15:40:08.397,0.97278,0.97287,1.13,1.50
2012.08.20 15:40:11.216,0.97281,0.97287,1.50,1.50
2012.08.20 15:40:11.341,0.97281,0.9729,1.50,1.50
2012.08.20 15:40:11.761,0.97281,0.97289,1.50,1.50
2012.08.20 15:40:12.398,0.97281,0.9729,1.50,2.25
2012.08.20 15:40:13.517,0.97281,0.97289,1.50,1.50
2012.08.20 15:40:14.807,0.97278,0.97289,2.63,1.50
2012.08.20 15:40:15.341,0.97278,0.97289,2.63,1.50
2012.08.20 15:40:15.694,0.97278,0.97289,2.63,1.50
2012.08.20 15:40:16.201,0.97278,0.9729,1.13,1.50
2012.08.20 15:40:18.715,0.97278,0.97289,2.25,1.50
2012.08.20 15:40:19.602,0.97278,0.97289,2.25,1.50
2012.08.20 15:40:20.281,0.97278,0.97289,2.25,2.63
2012.08.20 15:40:20.346,0.97276,0.97286,3.00,1.50
2012.08.20 15:40:20.469,0.97279,0.9729,1.50,2.25
2012.08.20 15:40:21.177,0.97278,0.9729,1.13,2.25
2012.08.20 15:40:21.359,0.97277,0.9729,3.38,2.25
2012.08.20 15:40:21.910,0.97278,0.97287,1.13,1.50
2012.08.20 15:40:22.631,0.97278,0.97288,1.13,1.50
2012.08.20 15:40:26.264,0.97279,0.9729,2.25,2.48
2012.08.20 15:40:26.326,0.97278,0.97288,1.13,1.50
2012.08.20 15:40:33.388,0.97278,0.97288,1.13,1.50
2012.08.20 15:40:33.953,0.97279,0.97289,1.50,1.50
2012.08.20 15:40:34.831,0.97279,0.97291,1.50,3.98
2012.08.20 15:40:35.363,0.97279,0.9729,1.50,1.73
2012.08.20 15:40:38.579,0.97279,0.9729,3.00,1.73
2012.08.20 15:40:39.337,0.9728,0.9729,1.50,1.50
2012.08.20 15:40:40.217,0.97281,0.9729,1.50,1.50
2012.08.20 15:40:40.931,0.97281,0.9729,1.50,2.25
2012.08.20 15:40:43.271,0.97279,0.9729,2.25,1.50
2012.08.20 15:40:44.783,0.97278,0.97291,2.25,1.50
2012.08.20 15:40:46.194,0.97278,0.97289,2.25,1.50
2012.08.20 15:40:47.189,0.97278,0.97289,2.25,1.50
2012.08.20 15:40:47.252,0.97278,0.97291,2.25,1.50
2012.08.20 15:40:47.493,0.97281,0.97293,1.50,3.75
2012.08.20 15:40:48.046,0.97281,0.97292,1.50,2.25
2012.08.20 15:40:51.856,0.97281,0.97291,1.50,1.50
2012.08.20 15:40:55.686,0.97281,0.9729,1.50,1.50
2012.08.20 15:40:56.461,0.97281,0.97291,1.50,1.50
2012.08.20 15:40:57.142,0.97281,0.97291,1.50,1.50
2012.08.20 15:40:57.875,0.9728,0.97291,1.50,3.00
2012.08.20 15:40:57.940,0.97278,0.97289,3.00,1.50
2012.08.20 15:40:58.705,0.97279,0.9729,2.25,1.50
2012.08.20 15:40:59.061,0.97279,0.97292,3.00,2.25
2012.08.20 15:41:05.508,0.9728,0.97292,1.50,1.96
2012.08.20 15:41:06.044,0.97281,0.97291,1.50,1.50
2012.08.20 15:41:06.907,0.97279,0.97291,3.75,1.50
2012.08.20 15:41:06.973,0.97279,0.9729,2.25,5.85
2012.08.20 15:41:07.156,0.97281,0.97291,1.50,2.78
2012.08.20 15:41:07.693,0.97278,0.97291,2.25,3.00
2012.08.20 15:41:09.217,0.97277,0.9729,2.25,2.25
2012.08.20 15:41:09.765,0.97279,0.9729,2.25,2.25
2012.08.20 15:41:10.424,0.97278,0.97289,2.25,1.50
2012.08.20 15:41:10.554,0.97278,0.97289,2.25,1.50
2012.08.20 15:41:11.107,0.97277,0.9729,2.25,3.00
2012.08.20 15:41:11.643,0.97277,0.9729,2.25,3.00
2012.08.20 15:41:13.548,0.97277,0.9729,2.25,2.25
2012.08.20 15:41:17.780,0.97279,0.9729,2.25,1.73
2012.08.20 15:41:18.432,0.97278,0.97289,2.25,1.50
2012.08.20 15:41:19.807,0.97278,0.97291,2.25,2.85
2012.08.20 15:41:22.940,0.97279,0.9729,2.25,2.25
2012.08.20 15:41:23.529,0.97278,0.97291,3.00,1.73
2012.08.20 15:41:24.550,0.97278,0.97291,3.00,1.73
2012.08.20 15:41:27.045,0.97279,0.9729,2.25,1.50
2012.08.20 15:41:27.222,0.97278,0.9729,1.50,1.50
2012.08.20 15:41:27.738,0.97278,0.9729,1.50,1.50
2012.08.20 15:41:28.286,0.9728,0.9729,1.50,1.50
2012.08.20 15:41:28.678,0.97284,0.97293,2.25,2.48
2012.08.20 15:41:28.748,0.97284,0.97295,3.75,2.25
2012.08.20 15:41:28.874,0.97285,0.97295,1.50,2.25
2012.08.20 15:41:29.295,0.97283,0.97291,1.60,1.50
2012.08.20 15:41:29.539,0.97286,0.97297,2.25,1.35
2012.08.20 15:41:29.836,0.97286,0.97299,2.25,1.88
2012.08.20 15:41:30.017,0.97288,0.97299,2.25,1.50
2012.08.20 15:41:31.080,0.97285,0.97297,1.50,1.50
2012.08.20 15:41:31.438,0.97285,0.97294,2.25,1.50
2012.08.20 15:41:31.944,0.97285,0.97295,1.50,1.50
2012.08.20 15:41:32.066,0.97285,0.97295,1.50,1.50
2012.08.20 15:41:34.043,0.97284,0.97295,1.50,1.50
2012.08.20 15:41:36.470,0.97284,0.97295,1.50,1.50
2012.08.20 15:41:37.012,0.97282,0.97295,5.33,2.25
2012.08.20 15:41:39.089,0.97282,0.97295,3.45,2.25
2012.08.20 15:41:39.442,0.97282,0.97292,2.55,1.50
2012.08.20 15:41:39.834,0.97284,0.97295,1.50,2.25
2012.08.20 15:41:40.014,0.97283,0.97293,1.20,1.50
2012.08.20 15:41:40.718,0.97283,0.97294,1.50,1.50
2012.08.20 15:41:41.362,0.97283,0.97295,1.50,2.25
2012.08.20 15:41:43.990,0.97283,0.97295,1.50,2.25
2012.08.20 15:41:44.055,0.97281,0.97292,2.25,1.13
2012.08.20 15:41:44.122,0.9728,0.97291,2.25,1.35
2012.08.20 15:41:44.716,0.97277,0.9729,2.25,2.25
2012.08.20 15:41:46.186,0.97281,0.9729,1.13,2.25
2012.08.20 15:41:46.436,0.97283,0.97294,3.00,1.50
2012.08.20 15:41:47.383,0.97282,0.97293,2.70,1.50
2012.08.20 15:41:50.720,0.97284,0.97294,1.50,1.73
2012.08.20 15:41:51.132,0.97284,0.97294,1.50,1.50
2012.08.20 15:41:51.859,0.97284,0.97294,1.50,1.50
2012.08.20 15:41:52.530,0.97284,0.97294,1.50,1.50
2012.08.20 15:41:53.042,0.97283,0.97294,2.25,2.25
2012.08.20 15:41:54.184,0.97283,0.97294,2.25,1.50
2012.08.20 15:41:58.833,0.97282,0.97292,1.50,1.50
2012.08.20 15:41:59.134,0.97282,0.97292,1.50,1.50
2012.08.20 15:41:59.258,0.97282,0.97292,1.50,2.25
2012.08.20 15:42:05.355,0.97278,0.97289,3.00,2.25
2012.08.20 15:42:08.918,0.97278,0.97289,3.00,2.25
2012.08.20 15:42:09.423,0.97278,0.97288,1.50,1.50
2012.08.20 15:42:14.104,0.97278,0.97288,1.50,1.88
2012.08.20 15:42:14.169,0.97276,0.97287,2.25,1.13
2012.08.20 15:42:14.297,0.97276,0.97286,1.50,1.50
2012.08.20 15:42:14.361,0.97272,0.97283,3.00,1.50
2012.08.20 15:42:14.932,0.97272,0.97283,3.75,1.50
2012.08.20 15:42:16.665,0.97272,0.97283,3.75,1.50
2012.08.20 15:42:18.273,0.97274,0.97286,1.50,3.75
2012.08.20 15:42:18.338,0.97275,0.97286,1.50,2.25
2012.08.20 15:42:20.301,0.97275,0.97286,1.50,1.50
2012.08.20 15:42:20.798,0.97275,0.97286,1.50,1.50
2012.08.20 15:42:20.981,0.97275,0.97284,1.50,1.50
2012.08.20 15:42:21.102,0.97275,0.97286,1.50,3.00
2012.08.20 15:42:22.431,0.97273,0.97285,3.75,1.50
2012.08.20 15:42:22.732,0.97273,0.97283,1.50,1.50
2012.08.20 15:42:23.533,0.97273,0.97283,1.50,1.50
2012.08.20 15:42:25.726,0.97273,0.97283,1.50,1.50
2012.08.20 15:42:26.252,0.97273,0.97283,1.50,1.50
2012.08.20 15:42:27.540,0.97273,0.97283,1.50,1.50
2012.08.20 15:42:28.283,0.97273,0.97284,1.50,2.25
2012.08.20 15:42:30.660,0.97271,0.97283,2.48,1.50
2012.08.20 15:42:31.344,0.97271,0.97284,3.98,2.25
2012.08.20 15:42:31.838,0.97271,0.97282,3.90,1.50
2012.08.20 15:42:32.353,0.97272,0.97283,2.48,1.50
2012.08.20 15:42:34.840,0.97274,0.97285,2.63,1.73
2012.08.20 15:42:35.210,0.97278,0.97288,1.50,1.50
2012.08.20 15:42:35.457,0.97278,0.97285,1.50,1.50
2012.08.20 15:42:35.643,0.97278,0.97287,1.50,1.50
2012.08.20 15:42:36.165,0.97278,0.97287,1.50,1.50
2012.08.20 15:42:40.460,0.97278,0.97287,1.50,1.50
2012.08.20 15:42:41.105,0.97278,0.97287,1.50,1.50
2012.08.20 15:42:41.630,0.97278,0.97287,1.50,1.50
2012.08.20 15:42:44.280,0.97278,0.97287,1.50,1.50
2012.08.20 15:42:45.280,0.97278,0.97287,1.50,1.50
2012.08.20 15:42:45.615,0.97275,0.97284,1.50,1.50
2012.08.20 15:42:45.680,0.97273,0.97284,2.25,1.50
2012.08.20 15:42:46.181,0.97271,0.97284,3.23,1.50
2012.08.20 15:42:46.303,0.97271,0.97282,3.23,1.50
2012.08.20 15:42:46.834,0.97271,0.97283,1.73,1.50
2012.08.20 15:42:47.670,0.97271,0.97284,3.23,1.50
2012.08.20 15:42:48.085,0.97274,0.97284,2.25,1.50
2012.08.20 15:42:48.330,0.97273,0.97286,2.25,1.50
2012.08.20 15:42:48.512,0.97273,0.97284,2.25,1.50
2012.08.20 15:42:48.694,0.97272,0.97284,1.50,1.50
2012.08.20 15:42:49.556,0.97274,0.97285,2.25,3.00
2012.08.20 15:42:49.678,0.97274,0.97285,2.25,1.50
2012.08.20 15:42:53.396,0.97273,0.97286,3.00,1.50
2012.08.20 15:42:53.749,0.97274,0.97284,1.50,1.50
2012.08.20 15:42:54.448,0.97274,0.97283,1.50,1.50
2012.08.20 15:42:54.569,0.97274,0.97283,1.50,1.50
2012.08.20 15:42:55.154,0.97274,0.97283,1.50,1.50
2012.08.20 15:42:55.706,0.97274,0.97285,3.00,1.50
2012.08.20 15:42:56.093,0.97274,0.97285,1.50,1.50
2012.08.20 15:42:56.393,0.97276,0.97287,2.25,1.50
2012.08.20 15:42:56.458,0.97276,0.97287,2.25,1.50
2012.08.20 15:42:56.985,0.97274,0.97287,2.25,2.25
2012.08.20 15:42:57.343,0.97273,0.97285,3.75,1.50
2012.08.20 15:42:57.873,0.97274,0.97286,1.50,1.50
2012.08.20 15:42:58.858,0.97274,0.97284,1.50,1.50
2012.08.20 15:42:58.924,0.97274,0.97284,1.50,1.50
2012.08.20 15:42:59.463,0.97274,0.97285,3.00,1.50
2012.08.20 15:43:01.175,0.97274,0.97284,1.50,1.50
2012.08.20 15:43:04.976,0.97274,0.97286,1.50,3.75
2012.08.20 15:43:06.450,0.97274,0.97284,1.50,1.50
2012.08.20 15:43:06.804,0.97274,0.97285,5.25,1.50
2012.08.20 15:43:06.930,0.97275,0.97288,2.25,2.25
2012.08.20 15:43:07.055,0.97277,0.9729,2.25,3.75
2012.08.20 15:43:07.295,0.97277,0.9729,2.25,2.25
2012.08.20 15:43:07.796,0.97277,0.9729,2.25,2.25
2012.08.20 15:43:12.741,0.97279,0.9729,1.50,3.00
2012.08.20 15:43:12.806,0.97278,0.97287,1.50,1.50
2012.08.20 15:43:15.740,0.97278,0.97287,1.50,1.50
2012.08.20 15:43:19.579,0.97278,0.97287,1.50,1.50
2012.08.20 15:43:20.010,0.97278,0.97288,1.50,1.50
2012.08.20 15:43:20.132,0.97275,0.97288,2.25,3.38
2012.08.20 15:43:20.196,0.97274,0.97284,2.25,1.50
2012.08.20 15:43:20.818,0.97273,0.97286,2.25,4.50
2012.08.20 15:43:20.884,0.97273,0.97286,2.25,3.75
2012.08.20 15:43:21.402,0.97272,0.97285,3.75,2.25
2012.08.20 15:43:21.881,0.97273,0.97286,2.25,3.00
2012.08.20 15:43:22.803,0.97275,0.97288,2.25,2.25
2012.08.20 15:43:22.867,0.97275,0.97288,2.25,2.25
2012.08.20 15:43:23.283,0.97278,0.97289,2.25,3.23
2012.08.20 15:43:23.346,0.97278,0.97289,2.25,2.48
2012.08.20 15:43:28.464,0.97275,0.97288,3.00,1.50
2012.08.20 15:43:28.597,0.97275,0.97286,3.00,1.50
2012.08.20 15:43:29.155,0.97276,0.97287,2.25,1.50
2012.08.20 15:43:32.349,0.97275,0.97288,2.25,2.25
2012.08.20 15:43:33.011,0.97274,0.97287,3.00,1.50
2012.08.20 15:43:33.516,0.97274,0.97287,3.00,1.50
2012.08.20 15:43:34.194,0.97275,0.97288,2.25,2.25
2012.08.20 15:43:34.548,0.97274,0.97285,1.50,2.25
2012.08.20 15:43:34.730,0.97273,0.97285,1.50,2.25
2012.08.20 15:43:34.851,0.97273,0.97285,1.50,2.25
2012.08.20 15:43:36.030,0.97273,0.97285,1.50,1.50
2012.08.20 15:43:36.605,0.97273,0.97286,3.00,3.00
2012.08.20 15:43:36.673,0.97273,0.97286,3.00,2.25
2012.08.20 15:43:37.030,0.97273,0.97284,3.75,1.50
2012.08.20 15:43:37.385,0.97273,0.97286,3.75,2.25
2012.08.20 15:43:39.659,0.97273,0.97286,3.75,2.25
2012.08.20 15:43:40.080,0.97279,0.9729,2.25,3.23
2012.08.20 15:43:40.202,0.97279,0.9729,2.25,2.48
2012.08.20 15:43:41.887,0.97281,0.97291,1.50,2.48
2012.08.20 15:43:41.953,0.97279,0.97291,1.50,1.50
2012.08.20 15:43:42.314,0.9728,0.97293,3.00,2.25
2012.08.20 15:43:44.047,0.9728,0.97292,1.50,2.25
2012.08.20 15:43:44.581,0.97279,0.97292,2.25,3.75
2012.08.20 15:43:45.181,0.97278,0.97289,2.63,1.50
2012.08.20 15:43:46.052,0.97278,0.97289,2.25,1.50
2012.08.20 15:43:46.177,0.9728,0.97293,3.75,4.13
2012.08.20 15:43:46.360,0.9728,0.97293,4.13,2.25
2012.08.20 15:43:47.002,0.9728,0.97293,4.13,2.25
2012.08.20 15:43:47.662,0.9728,0.97293,4.13,2.25
2012.08.20 15:43:50.907,0.9728,0.97293,3.75,3.00
2012.08.20 15:43:51.089,0.9728,0.97291,3.00,2.25
2012.08.20 15:43:51.389,0.97277,0.97287,1.88,1.50
2012.08.20 15:43:51.923,0.97277,0.97286,1.50,1.50
2012.08.20 15:43:52.520,0.97277,0.97285,1.50,1.50
2012.08.20 15:43:52.584,0.97277,0.97285,1.50,1.50
2012.08.20 15:43:53.251,0.97275,0.97285,2.63,1.50
2012.08.20 15:43:55.136,0.97274,0.97284,2.63,1.50
2012.08.20 15:43:55.438,0.97273,0.97282,1.50,1.50
2012.08.20 15:43:56.632,0.97271,0.97282,3.00,1.50
2012.08.20 15:43:57.516,0.97272,0.97283,2.25,1.50
2012.08.20 15:43:58.053,0.97271,0.97284,3.00,2.25
2012.08.20 15:43:58.451,0.97271,0.97283,1.50,1.50
2012.08.20 15:43:58.752,0.97273,0.97286,2.25,1.50
2012.08.20 15:43:59.377,0.97274,0.97285,2.25,1.50
2012.08.20 15:44:00.710,0.97273,0.97286,2.25,2.25
2012.08.20 15:44:01.245,0.97274,0.97285,2.25,1.50
2012.08.20 15:44:02.462,0.97273,0.97286,2.25,2.25
2012.08.20 15:44:02.641,0.97273,0.97284,2.25,1.50
2012.08.20 15:44:03.353,0.97273,0.97284,2.25,1.50
2012.08.20 15:44:04.033,0.97273,0.97284,2.25,1.50
2012.08.20 15:44:04.588,0.97273,0.97284,2.25,1.50
2012.08.20 15:44:12.449,0.97271,0.97283,2.25,1.50
2012.08.20 15:44:12.754,0.9727,0.97282,2.25,1.50
2012.08.20 15:44:12.937,0.9727,0.97282,2.25,1.50
2012.08.20 15:44:13.477,0.97271,0.97283,1.50,1.50
2012.08.20 15:44:13.833,0.9727,0.97281,3.00,1.50
2012.08.20 15:44:14.550,0.97271,0.97282,2.25,1.50
2012.08.20 15:44:15.108,0.9727,0.9728,1.50,1.50
2012.08.20 15:44:15.804,0.9727,0.9728,1.50,1.50
2012.08.20 15:44:15.866,0.97271,0.97282,2.25,1.50
2012.08.20 15:44:17.763,0.97274,0.97287,1.50,3.00
2012.08.20 15:44:17.829,0.97274,0.97286,1.50,1.50
2012.08.20 15:44:18.245,0.97275,0.97286,2.25,1.50
2012.08.20 15:44:20.624,0.97275,0.97286,2.25,1.50
2012.08.20 15:44:21.341,0.97274,0.97285,2.25,1.50
2012.08.20 15:44:21.695,0.97274,0.97286,2.25,1.50
2012.08.20 15:44:24.565,0.97277,0.97286,1.50,1.50
2012.08.20 15:44:25.041,0.97277,0.97288,1.50,1.50
2012.08.20 15:44:25.673,0.97277,0.97287,1.50,1.50
2012.08.20 15:44:26.219,0.97277,0.97287,1.50,1.50
2012.08.20 15:44:27.761,0.97277,0.97287,1.50,1.50
2012.08.20 15:44:32.592,0.97277,0.97287,1.50,1.50
2012.08.20 15:44:33.126,0.97277,0.97288,1.50,1.50
2012.08.20 15:44:33.632,0.97277,0.97287,1.50,1.50
2012.08.20 15:44:36.013,0.97277,0.97287,1.50,1.50
2012.08.20 15:44:37.484,0.97277,0.97287,1.50,1.50
2012.08.20 15:44:39.337,0.97277,0.97287,1.50,1.50
2012.08.20 15:44:40.100,0.97277,0.97287,1.50,1.50
2012.08.20 15:44:41.273,0.97274,0.97286,3.00,1.50
2012.08.20 15:44:41.338,0.97274,0.97285,1.50,3.00
2012.08.20 15:44:41.526,0.97273,0.97281,1.50,1.50
2012.08.20 15:44:41.764,0.97272,0.97283,1.50,1.50
2012.08.20 15:44:42.767,0.97273,0.97285,1.50,1.50
2012.08.20 15:44:42.834,0.97274,0.97285,2.25,3.00
2012.08.20 15:44:43.377,0.97275,0.97285,1.50,1.50
2012.08.20 15:44:43.926,0.97273,0.97285,1.50,2.25
2012.08.20 15:44:44.475,0.97272,0.97285,3.00,2.48
2012.08.20 15:44:46.309,0.97271,0.97281,2.25,1.50
2012.08.20 15:44:46.376,0.97272,0.97281,1.50,1.50
2012.08.20 15:44:46.905,0.9727,0.97282,1.50,1.50
2012.08.20 15:44:47.261,0.97271,0.97284,2.25,3.00
2012.08.20 15:44:47.976,0.97272,0.97284,1.50,3.00
2012.08.20 15:44:49.613,0.97272,0.97284,1.50,3.00
2012.08.20 15:44:49.737,0.97272,0.97282,1.50,1.50
2012.08.20 15:44:50.091,0.97272,0.97283,1.50,2.25
2012.08.20 15:44:51.859,0.97272,0.97283,1.50,2.25
2012.08.20 15:44:53.333,0.97272,0.97282,1.50,1.50
2012.08.20 15:44:53.865,0.97272,0.97282,1.50,1.50
2012.08.20 15:44:54.240,0.9727,0.97281,2.25,1.50
2012.08.20 15:44:54.768,0.97269,0.9728,1.50,1.50
2012.08.20 15:44:55.321,0.97269,0.9728,1.50,1.50
2012.08.20 15:44:55.851,0.97269,0.97279,1.50,1.50
2012.08.20 15:44:56.547,0.97269,0.9728,1.50,1.50
2012.08.20 15:44:57.119,0.97269,0.97281,3.00,1.50
2012.08.20 15:44:58.008,0.97269,0.97281,3.00,1.50
2012.08.20 15:44:59.787,0.97269,0.9728,1.50,2.25
2012.08.20 15:45:00.514,0.97269,0.9728,1.50,2.25
2012.08.20 15:45:01.276,0.97267,0.97279,3.00,5.63
2012.08.20 15:45:01.521,0.97263,0.97275,1.50,3.00
2012.08.20 15:45:02.063,0.97264,0.97274,1.50,1.50
2012.08.20 15:45:02.363,0.97266,0.97277,2.25,2.48
2012.08.20 15:45:02.898,0.97266,0.97278,1.50,2.25
2012.08.20 15:45:04.060,0.97267,0.97277,1.50,1.50
2012.08.20 15:45:04.127,0.97267,0.97274,1.50,1.50
2012.08.20 15:45:05.174,0.97265,0.97274,1.50,1.50
2012.08.20 15:45:05.238,0.97265,0.97276,1.50,1.50
2012.08.20 15:45:06.531,0.97265,0.97277,3.00,1.50
2012.08.20 15:45:07.840,0.97267,0.97278,3.00,1.50
2012.08.20 15:45:08.126,0.97267,0.97278,3.00,1.50
2012.08.20 15:45:09.165,0.97267,0.97278,3.00,1.50
2012.08.20 15:45:16.142,0.97267,0.97278,3.00,1.50
2012.08.20 15:45:17.125,0.97267,0.97278,1.50,1.50
2012.08.20 15:45:17.664,0.97268,0.97281,2.25,3.00
2012.08.20 15:45:20.723,0.97268,0.9728,1.50,2.25
2012.08.20 15:45:23.913,0.97268,0.97279,2.25,2.25
2012.08.20 15:45:27.012,0.97268,0.97279,2.25,2.25
2012.08.20 15:45:27.513,0.97268,0.97279,2.25,3.00
2012.08.20 15:45:28.415,0.97268,0.97279,2.25,3.00
2012.08.20 15:45:28.971,0.97268,0.97279,2.25,3.00
2012.08.20 15:45:29.328,0.97265,0.97276,1.50,1.50
2012.08.20 15:45:29.817,0.97265,0.97276,2.25,2.25
2012.08.20 15:45:30.240,0.97267,0.97279,1.50,3.75
2012.08.20 15:45:30.305,0.97269,0.9728,2.25,3.00
2012.08.20 15:45:31.722,0.97269,0.9728,2.25,2.25
2012.08.20 15:45:34.161,0.97267,0.9728,1.50,3.00
2012.08.20 15:45:34.342,0.97267,0.9728,2.25,4.50
2012.08.20 15:45:34.891,0.97266,0.97277,3.75,1.50
2012.08.20 15:45:35.568,0.97266,0.97279,3.75,2.25
2012.08.20 15:45:39.043,0.97267,0.97278,2.25,2.25
2012.08.20 15:45:39.913,0.97267,0.97278,2.25,2.25
2012.08.20 15:45:41.465,0.97267,0.97278,2.25,2.25
2012.08.20 15:45:41.987,0.97267,0.97278,2.25,2.25
2012.08.20 15:45:52.028,0.97267,0.97278,2.25,1.50
2012.08.20 15:45:52.666,0.97269,0.97281,2.25,3.75
2012.08.20 15:46:05.545,0.97271,0.9728,1.50,1.50
2012.08.20 15:46:06.057,0.97269,0.9728,3.00,1.50
2012.08.20 15:46:11.068,0.9727,0.97281,2.25,2.25
2012.08.20 15:46:35.233,0.97269,0.97282,4.13,3.00
2012.08.20 15:46:35.759,0.97269,0.97281,3.00,1.50
2012.08.20 15:46:36.524,0.97268,0.9728,2.25,2.25
2012.08.20 15:46:37.444,0.97268,0.97281,3.00,3.00
2012.08.20 15:46:40.008,0.97271,0.97282,1.50,3.00
2012.08.20 15:46:41.266,0.9727,0.97282,2.25,1.50
2012.08.20 15:46:48.134,0.9727,0.97282,2.25,1.50
2012.08.20 15:46:48.657,0.9727,0.97283,2.25,3.00
2012.08.20 15:46:50.915,0.9727,0.97283,2.25,3.00
2012.08.20 15:46:51.438,0.9727,0.97282,2.25,1.50
2012.08.20 15:46:53.184,0.9727,0.97282,2.25,1.50
2012.08.20 15:46:54.515,0.97271,0.97282,2.25,3.00
2012.08.20 15:47:08.385,0.97272,0.97283,2.25,2.25
2012.08.20 15:47:08.629,0.97273,0.97283,2.25,1.50
2012.08.20 15:47:09.165,0.97274,0.97285,2.25,2.25
2012.08.20 15:47:11.168,0.97275,0.97285,1.50,1.50
2012.08.20 15:47:11.352,0.97279,0.9729,3.00,2.25
2012.08.20 15:47:11.592,0.97279,0.9729,1.50,1.50
2012.08.20 15:47:12.536,0.97279,0.9729,3.00,1.50
2012.08.20 15:47:12.837,0.97279,0.97288,1.50,2.25
2012.08.20 15:47:13.542,0.97277,0.97286,1.50,1.50
2012.08.20 15:47:14.315,0.97277,0.97286,1.50,1.50
2012.08.20 15:47:15.389,0.97277,0.97286,1.50,1.50
2012.08.20 15:47:15.513,0.97281,0.97289,1.50,3.00
2012.08.20 15:47:15.986,0.97279,0.9729,2.25,3.00
2012.08.20 15:47:16.405,0.97278,0.97289,1.50,2.25
2012.08.20 15:47:16.469,0.97277,0.97287,1.50,1.50
2012.08.20 15:47:17.711,0.97277,0.97287,1.50,1.50
2012.08.20 15:47:20.126,0.97277,0.97287,1.50,1.50
2012.08.20 15:47:22.867,0.97277,0.97287,1.50,1.50
2012.08.20 15:47:25.393,0.97279,0.97289,2.25,3.00
2012.08.20 15:47:25.457,0.97279,0.97289,2.25,1.50
2012.08.20 15:47:26.153,0.97277,0.97289,3.00,1.50
2012.08.20 15:47:26.935,0.97277,0.97289,3.00,1.50
2012.08.20 15:47:28.088,0.97277,0.9729,3.00,2.48
2012.08.20 15:47:28.509,0.97277,0.9729,3.00,2.25
2012.08.20 15:47:33.597,0.97277,0.9729,3.00,3.00
2012.08.20 15:47:34.166,0.97277,0.9729,3.00,3.00
2012.08.20 15:47:35.277,0.97277,0.9729,3.00,3.00
2012.08.20 15:47:37.122,0.97277,0.97289,3.00,1.50
2012.08.20 15:47:37.645,0.97279,0.9729,2.25,1.50
2012.08.20 15:47:38.148,0.97279,0.97289,1.50,1.50
2012.08.20 15:47:38.890,0.97279,0.97291,1.50,3.00
2012.08.20 15:47:39.188,0.97279,0.97289,1.50,1.50
2012.08.20 15:47:40.294,0.97279,0.97291,1.50,3.00
2012.08.20 15:47:41.109,0.97279,0.9729,1.50,1.50
2012.08.20 15:47:43.939,0.97279,0.9729,2.25,2.25
2012.08.20 15:47:45.014,0.97279,0.9729,2.25,2.25
2012.08.20 15:47:45.385,0.97283,0.97294,2.25,3.38
2012.08.20 15:47:45.918,0.97283,0.97294,2.25,3.00
2012.08.20 15:47:46.294,0.97283,0.97294,2.25,3.00
2012.08.20 15:47:46.890,0.97283,0.97294,2.25,3.00
2012.08.20 15:47:51.184,0.97283,0.97296,3.00,2.25
2012.08.20 15:47:51.549,0.97282,0.97293,1.50,2.25
2012.08.20 15:47:51.613,0.9728,0.97293,3.00,3.00
2012.08.20 15:47:51.970,0.97279,0.97292,4.50,2.48
2012.08.20 15:47:52.150,0.97279,0.97289,1.50,1.50
2012.08.20 15:47:53.742,0.97279,0.97291,1.50,3.00
2012.08.20 15:47:54.286,0.97279,0.97291,1.50,3.00
2012.08.20 15:47:56.198,0.9728,0.97291,2.25,1.50
2012.08.20 15:47:56.672,0.97279,0.97292,3.00,2.25
2012.08.20 15:47:57.028,0.97279,0.97292,3.00,3.00
2012.08.20 15:47:58.188,0.97281,0.97292,2.25,2.25
2012.08.20 15:47:58.429,0.97282,0.97295,2.25,4.35
2012.08.20 15:47:59.087,0.97282,0.97295,2.25,4.35
2012.08.20 15:47:59.630,0.97282,0.97295,2.25,4.35
2012.08.20 15:48:00.293,0.97282,0.97295,2.25,4.35
2012.08.20 15:48:04.062,0.97285,0.97295,1.50,2.25
2012.08.20 15:48:04.481,0.97283,0.97294,2.25,2.25
2012.08.20 15:48:05.015,0.97282,0.97294,3.38,1.50
2012.08.20 15:48:15.391,0.97282,0.97294,3.00,1.50
2012.08.20 15:48:16.180,0.97282,0.97294,3.00,1.50
2012.08.20 15:48:18.043,0.97282,0.97294,3.00,1.50
2012.08.20 15:48:18.549,0.97282,0.97294,3.00,1.50
2012.08.20 15:48:19.229,0.97282,0.97294,3.00,1.50
2012.08.20 15:48:19.766,0.97282,0.97293,3.00,1.50
2012.08.20 15:48:36.115,0.97284,0.97295,2.25,3.23
2012.08.20 15:48:36.433,0.97286,0.97298,2.25,2.25
2012.08.20 15:48:40.615,0.97284,0.97297,3.00,1.50
2012.08.20 15:48:40.987,0.97284,0.97295,1.50,1.50
2012.08.20 15:48:43.008,0.97282,0.97295,3.75,1.50
2012.08.20 15:48:43.583,0.97282,0.97295,4.50,1.50
2012.08.20 15:48:45.193,0.97283,0.97296,2.25,1.50
2012.08.20 15:48:45.587,0.97284,0.97294,1.50,1.50
2012.08.20 15:48:47.447,0.97284,0.97294,1.50,1.50
2012.08.20 15:48:49.049,0.97284,0.97294,1.13,1.50
2012.08.20 15:48:50.589,0.97284,0.97294,1.13,1.50
2012.08.20 15:48:54.218,0.97283,0.97296,2.25,1.50
2012.08.20 15:48:54.340,0.97283,0.97294,2.25,1.50
2012.08.20 15:48:54.866,0.97284,0.97295,2.25,1.50
2012.08.20 15:49:01.981,0.97284,0.97296,1.50,1.50
2012.08.20 15:49:02.578,0.97283,0.97294,2.25,1.50
2012.08.20 15:49:03.100,0.97284,0.97295,2.25,1.50
2012.08.20 15:49:03.586,0.97284,0.97295,1.50,3.38
2012.08.20 15:49:03.888,0.9728,0.97291,3.75,1.50
2012.08.20 15:49:04.415,0.9728,0.97291,3.00,2.25
2012.08.20 15:49:07.967,0.9728,0.97291,2.25,2.25
2012.08.20 15:49:08.543,0.9728,0.97291,2.25,2.25
2012.08.20 15:49:09.110,0.9728,0.97291,2.25,2.25
2012.08.20 15:49:10.090,0.9728,0.97291,2.25,2.25
2012.08.20 15:49:12.379,0.9728,0.97291,2.25,2.25
2012.08.20 15:49:13.056,0.97279,0.9729,1.50,1.50
2012.08.20 15:49:13.820,0.97279,0.97291,1.50,2.25
2012.08.20 15:49:14.913,0.97279,0.97291,1.50,2.25
2012.08.20 15:49:15.497,0.97279,0.9729,1.50,2.25
2012.08.20 15:49:16.152,0.97279,0.97289,1.50,1.50
2012.08.20 15:49:17.655,0.97279,0.97291,1.50,2.25
2012.08.20 15:49:18.968,0.97279,0.97289,1.50,1.50
2012.08.20 15:49:19.502,0.97278,0.97289,3.00,1.50
2012.08.20 15:49:20.280,0.97278,0.97291,3.00,2.48
2012.08.20 15:49:21.657,0.97279,0.9729,1.50,2.25
2012.08.20 15:49:22.194,0.97279,0.97291,1.50,2.48
2012.08.20 15:49:22.862,0.97279,0.97291,2.25,1.73
2012.08.20 15:49:24.634,0.97281,0.97292,2.25,4.50
2012.08.20 15:49:25.431,0.97281,0.97292,2.25,3.00
2012.08.20 15:49:26.720,0.9728,0.97293,2.25,2.25
2012.08.20 15:49:27.451,0.97285,0.97292,1.50,2.25
2012.08.20 15:49:27.991,0.97283,0.97293,2.25,1.50
2012.08.20 15:49:28.058,0.97283,0.97296,3.75,3.00
2012.08.20 15:49:28.625,0.97282,0.97295,3.38,2.25
2012.08.20 15:49:30.680,0.97282,0.97295,3.75,3.00
2012.08.20 15:49:34.227,0.97282,0.97295,2.25,2.48
2012.08.20 15:49:34.802,0.97282,0.97295,2.25,3.23
2012.08.20 15:49:35.258,0.97282,0.97294,2.25,2.25
2012.08.20 15:49:35.322,0.97282,0.97294,1.50,3.38
2012.08.20 15:49:35.446,0.97279,0.97292,3.00,2.25
2012.08.20 15:49:35.511,0.97279,0.97289,1.50,1.50
2012.08.20 15:49:36.012,0.97277,0.9729,4.50,2.25
2012.08.20 15:49:37.592,0.97278,0.97289,2.25,1.50
2012.08.20 15:49:38.110,0.97279,0.9729,2.25,2.25
2012.08.20 15:49:38.667,0.97279,0.9729,2.25,1.50
2012.08.20 15:49:40.837,0.97279,0.9729,2.25,2.25
2012.08.20 15:49:41.824,0.97279,0.9729,2.25,2.25
2012.08.20 15:49:42.361,0.97278,0.97289,3.00,1.50
2012.08.20 15:49:43.102,0.97279,0.9729,2.25,1.50
2012.08.20 15:49:49.837,0.97279,0.9729,2.25,1.50
2012.08.20 15:49:51.708,0.97279,0.9729,2.25,3.00
2012.08.20 15:49:52.677,0.97278,0.97289,2.25,3.75
2012.08.20 15:49:53.950,0.97278,0.97289,2.25,3.75
2012.08.20 15:49:54.933,0.97278,0.97289,2.25,3.75
2012.08.20 15:49:55.463,0.97276,0.97287,3.75,2.25
2012.08.20 15:49:55.592,0.97276,0.97287,3.75,2.25
2012.08.20 15:49:56.053,0.97276,0.97287,3.75,1.50
2012.08.20 15:49:57.051,0.97276,0.97287,3.75,1.50
2012.08.20 15:49:59.256,0.97276,0.97287,3.75,1.50
2012.08.20 15:50:00.365,0.97278,0.97287,1.50,2.25
2012.08.20 15:50:00.866,0.97278,0.97289,3.00,2.25
2012.08.20 15:50:01.247,0.97279,0.9729,3.00,2.25
2012.08.20 15:50:01.426,0.97279,0.9729,3.00,2.25
2012.08.20 15:50:02.402,0.97278,0.9729,2.25,3.75
2012.08.20 15:50:02.958,0.97278,0.97288,1.50,1.88
2012.08.20 15:50:03.529,0.97277,0.97289,2.25,1.50
2012.08.20 15:50:04.046,0.97277,0.9729,3.00,2.25
2012.08.20 15:50:04.396,0.97278,0.97289,2.25,1.50
2012.08.20 15:50:04.930,0.97277,0.9729,3.00,2.63
2012.08.20 15:50:08.665,0.9728,0.97291,2.25,1.50
2012.08.20 15:50:09.172,0.9728,0.97291,2.25,1.50
2012.08.20 15:50:12.777,0.9728,0.97291,2.25,2.25
2012.08.20 15:50:16.979,0.97277,0.9729,2.25,2.25
2012.08.20 15:50:17.640,0.97277,0.9729,2.25,2.25
2012.08.20 15:50:18.259,0.97277,0.9729,2.25,2.63
2012.08.20 15:50:18.734,0.97276,0.97287,3.75,1.50
2012.08.20 15:50:19.256,0.97276,0.97287,3.00,1.50
2012.08.20 15:50:24.224,0.97276,0.97287,2.25,1.50
2012.08.20 15:50:28.808,0.97276,0.97287,2.25,1.50
2012.08.20 15:50:32.816,0.97276,0.97287,2.25,1.50
2012.08.20 15:50:34.905,0.97276,0.97287,2.25,1.50
2012.08.20 15:50:35.588,0.97276,0.97287,2.25,1.50
2012.08.20 15:50:35.708,0.97277,0.9729,2.25,2.48
2012.08.20 15:50:36.239,0.97279,0.9729,2.25,1.50
2012.08.20 15:50:36.421,0.9728,0.97292,3.75,1.50
2012.08.20 15:50:37.011,0.97281,0.97292,2.25,1.50
2012.08.20 15:50:37.526,0.9728,0.97293,4.13,1.50
2012.08.20 15:50:37.765,0.9728,0.9729,2.25,1.50
2012.08.20 15:50:37.831,0.9728,0.9729,2.25,1.50
2012.08.20 15:50:38.305,0.97277,0.97287,2.25,1.50
2012.08.20 15:50:38.527,0.97276,0.97287,3.75,1.50
2012.08.20 15:50:39.983,0.97276,0.97287,3.00,1.50
2012.08.20 15:50:40.500,0.97276,0.97287,3.00,1.50
2012.08.20 15:50:50.860,0.97276,0.97287,2.25,1.50
2012.08.20 15:51:00.971,0.97276,0.97287,2.25,1.50
2012.08.20 15:51:05.604,0.97275,0.97288,3.75,1.50
2012.08.20 15:51:05.701,0.97275,0.97286,3.75,1.50
2012.08.20 15:51:06.493,0.97276,0.97287,2.25,1.50
2012.08.20 15:51:10.448,0.97276,0.97287,2.25,1.50
2012.08.20 15:51:13.548,0.97276,0.97287,2.25,1.50
2012.08.20 15:51:15.309,0.97276,0.97287,1.50,1.88
2012.08.20 15:51:15.973,0.97273,0.97286,3.38,1.50
2012.08.20 15:51:16.807,0.97275,0.97286,1.50,1.50
2012.08.20 15:51:19.821,0.97275,0.97286,2.25,1.50
2012.08.20 15:51:20.482,0.97275,0.97286,3.00,1.50
2012.08.20 15:51:21.167,0.97275,0.97286,3.00,1.50
2012.08.20 15:51:21.874,0.97275,0.97286,3.00,1.50
2012.08.20 15:51:25.191,0.97275,0.97288,3.00,3.00
2012.08.20 15:51:25.335,0.97275,0.97287,1.50,2.25
2012.08.20 15:51:28.236,0.97275,0.97287,1.50,2.25
2012.08.20 15:51:28.587,0.97275,0.97285,1.50,1.50
2012.08.20 15:51:29.116,0.97273,0.97285,2.25,1.50
2012.08.20 15:51:29.469,0.97274,0.97285,2.25,1.50
2012.08.20 15:51:30.257,0.97274,0.97286,3.75,1.50
2012.08.20 15:51:30.321,0.97275,0.97288,2.25,3.75
2012.08.20 15:51:30.863,0.97274,0.97287,3.75,1.50
2012.08.20 15:51:33.116,0.97277,0.97288,2.48,2.25
2012.08.20 15:51:33.185,0.97278,0.97289,2.25,1.50
2012.08.20 15:51:33.431,0.9728,0.97291,2.25,1.50
2012.08.20 15:51:33.616,0.97281,0.97293,1.50,2.25
2012.08.20 15:51:33.739,0.97281,0.97293,1.50,1.50
2012.08.20 15:51:35.027,0.9728,0.97293,2.25,2.25
2012.08.20 15:51:35.151,0.9728,0.97293,2.25,2.25
2012.08.20 15:51:35.659,0.97277,0.9729,2.25,2.48
2012.08.20 15:51:36.329,0.97276,0.97287,2.25,1.50
2012.08.20 15:51:36.876,0.97274,0.97284,2.25,1.50
2012.08.20 15:51:37.232,0.97276,0.97287,2.25,1.50
2012.08.20 15:51:37.745,0.97276,0.97287,2.25,1.50
2012.08.20 15:51:37.954,0.97276,0.97287,2.25,1.50
2012.08.20 15:51:38.395,0.97276,0.97287,2.25,1.50
2012.08.20 15:51:41.072,0.97276,0.97287,2.25,1.50
2012.08.20 15:51:43.553,0.97276,0.97287,2.25,1.50
2012.08.20 15:51:44.014,0.97275,0.97284,1.50,1.50
2012.08.20 15:51:44.079,0.97275,0.97284,1.50,1.50
2012.08.20 15:51:44.201,0.97272,0.97282,2.25,1.50
2012.08.20 15:51:44.709,0.97272,0.97283,3.00,1.50
2012.08.20 15:51:46.047,0.97272,0.97284,1.50,1.50
2012.08.20 15:51:46.577,0.97272,0.97284,1.50,2.25
2012.08.20 15:51:47.322,0.97272,0.97284,1.50,2.25
2012.08.20 15:51:51.041,0.97272,0.97282,1.50,1.50
2012.08.20 15:51:51.511,0.97271,0.97282,2.25,1.50
2012.08.20 15:51:53.499,0.97271,0.97282,2.25,1.50
2012.08.20 15:51:53.939,0.97271,0.97282,2.25,2.25
2012.08.20 15:51:54.448,0.9727,0.97281,3.00,1.50
2012.08.20 15:51:55.172,0.9727,0.97281,2.25,1.50
2012.08.20 15:51:56.048,0.9727,0.97281,2.25,1.50
2012.08.20 15:51:56.578,0.97271,0.97282,2.25,1.50
2012.08.20 15:51:59.379,0.97269,0.97282,3.38,1.50
2012.08.20 15:52:00.081,0.97269,0.97282,3.38,1.50
2012.08.20 15:52:00.149,0.9727,0.97283,2.25,2.25
2012.08.20 15:52:01.022,0.9727,0.97283,2.25,2.25
2012.08.20 15:52:01.286,0.9727,0.97283,2.25,2.25
2012.08.20 15:52:01.468,0.9727,0.97281,2.25,2.25
2012.08.20 15:52:01.938,0.9727,0.97281,2.25,2.25
2012.08.20 15:52:02.493,0.97271,0.97282,2.25,2.48
2012.08.20 15:52:03.000,0.9727,0.97283,2.25,2.48
2012.08.20 15:52:04.359,0.9727,0.97283,2.25,1.73
2012.08.20 15:52:04.991,0.97272,0.97283,2.25,2.25
2012.08.20 15:52:05.300,0.97272,0.97283,2.25,1.50
2012.08.20 15:52:07.403,0.97272,0.97283,2.25,1.50
2012.08.20 15:52:09.493,0.97272,0.97283,2.25,1.50
2012.08.20 15:52:10.038,0.97273,0.97285,1.50,2.25
2012.08.20 15:52:10.611,0.97273,0.97283,1.50,1.50
2012.08.20 15:52:12.924,0.97275,0.97285,2.25,1.50
2012.08.20 15:52:13.050,0.97275,0.97288,2.25,3.00
2012.08.20 15:52:13.410,0.97277,0.97289,2.25,1.73
2012.08.20 15:52:13.884,0.97278,0.9729,1.50,1.88
2012.08.20 15:52:16.954,0.97277,0.97288,2.25,1.50
2012.08.20 15:52:17.075,0.97277,0.97288,2.25,1.50
2012.08.20 15:52:20.541,0.97277,0.97288,1.50,2.25
2012.08.20 15:52:21.103,0.97277,0.97286,1.13,1.50
2012.08.20 15:52:21.881,0.97277,0.97288,1.13,2.25
2012.08.20 15:52:22.408,0.97277,0.97288,1.13,2.25
2012.08.20 15:52:23.228,0.97277,0.97286,1.13,1.50
2012.08.20 15:52:24.002,0.97277,0.97287,2.25,2.25
2012.08.20 15:52:24.942,0.97277,0.97287,2.25,2.25
2012.08.20 15:52:25.706,0.97277,0.97287,2.25,2.25
2012.08.20 15:52:30.139,0.97277,0.97287,2.25,2.25
2012.08.20 15:52:30.666,0.97277,0.97287,2.25,2.25
2012.08.20 15:52:33.869,0.97276,0.97286,2.25,1.50
2012.08.20 15:52:34.577,0.97276,0.97288,2.25,2.25
2012.08.20 15:52:35.173,0.97276,0.97288,2.25,2.25
2012.08.20 15:52:41.070,0.97277,0.97286,1.13,1.50
2012.08.20 15:52:41.786,0.97277,0.97287,1.13,2.25
2012.08.20 15:52:43.372,0.97276,0.97286,1.13,1.50
2012.08.20 15:52:44.600,0.97275,0.97286,3.00,2.25
2012.08.20 15:52:45.133,0.97275,0.97286,2.25,2.25
2012.08.20 15:52:45.740,0.97276,0.97287,2.25,2.25
2012.08.20 15:52:49.522,0.97277,0.97287,1.13,2.25
2012.08.20 15:52:50.191,0.97277,0.97288,1.13,2.25
2012.08.20 15:52:53.476,0.97276,0.97287,1.13,1.50
2012.08.20 15:52:54.250,0.97277,0.97287,1.50,1.50
2012.08.20 15:52:54.902,0.97277,0.97287,1.13,2.25
2012.08.20 15:52:55.023,0.97277,0.97287,1.13,2.25
2012.08.20 15:52:55.452,0.97277,0.97284,1.13,1.50
2012.08.20 15:52:55.576,0.97274,0.97284,1.50,1.50
2012.08.20 15:52:55.759,0.97272,0.97283,2.63,1.50
2012.08.20 15:52:55.825,0.97272,0.97281,2.63,1.50
2012.08.20 15:52:56.335,0.97272,0.97281,1.88,1.50
2012.08.20 15:52:56.650,0.97272,0.97283,1.88,1.50
2012.08.20 15:52:56.772,0.97272,0.97283,1.13,3.00
2012.08.20 15:52:56.954,0.97272,0.9728,1.13,1.50
2012.08.20 15:52:57.483,0.9727,0.9728,2.48,1.50
2012.08.20 15:52:57.838,0.97271,0.97283,1.35,3.00
2012.08.20 15:52:58.370,0.97271,0.97282,3.60,1.50
2012.08.20 15:52:58.926,0.97272,0.97283,2.25,1.50
2012.08.20 15:52:59.479,0.97272,0.97283,2.25,1.50
2012.08.20 15:53:01.074,0.97271,0.97282,4.35,1.50
2012.08.20 15:53:01.604,0.97271,0.97282,2.10,1.50
2012.08.20 15:53:02.245,0.97272,0.97283,2.25,1.50
2012.08.20 15:53:02.927,0.97271,0.97282,3.60,1.50
2012.08.20 15:53:03.476,0.97271,0.97282,3.60,1.50
2012.08.20 15:53:06.922,0.9727,0.97278,1.13,1.50
2012.08.20 15:53:07.443,0.97269,0.97277,1.13,1.50
2012.08.20 15:53:08.383,0.97269,0.97278,1.13,1.50
2012.08.20 15:53:08.940,0.97269,0.9728,2.63,3.00
2012.08.20 15:53:10.158,0.97268,0.97281,3.75,2.48
2012.08.20 15:53:10.279,0.97268,0.97279,3.75,1.50
2012.08.20 15:53:10.573,0.97268,0.97281,3.75,2.48
2012.08.20 15:53:11.245,0.97268,0.9728,2.25,1.50
2012.08.20 15:53:11.886,0.97268,0.97279,3.75,1.50
2012.08.20 15:53:12.634,0.97268,0.97279,3.75,1.50
2012.08.20 15:53:13.169,0.97269,0.9728,2.25,1.50
2012.08.20 15:53:14.824,0.97268,0.97279,3.75,1.50
2012.08.20 15:53:15.063,0.97268,0.97281,3.38,2.48
2012.08.20 15:53:16.176,0.97268,0.97281,3.38,2.48
2012.08.20 15:53:16.778,0.97268,0.9728,1.88,1.50
2012.08.20 15:53:19.336,0.97268,0.97281,3.38,3.98
2012.08.20 15:53:20.024,0.97268,0.97281,3.38,2.48
2012.08.20 15:53:20.840,0.97268,0.97279,3.38,1.50
2012.08.20 15:53:23.887,0.97268,0.97281,3.38,2.48
2012.08.20 15:53:24.643,0.97268,0.97281,3.38,1.73
2012.08.20 15:53:25.187,0.97269,0.97282,2.25,2.48
2012.08.20 15:53:28.094,0.97271,0.97282,2.25,2.25
2012.08.20 15:53:28.161,0.97272,0.97282,2.25,1.50
2012.08.20 15:53:28.225,0.97274,0.97285,2.25,2.25
2012.08.20 15:53:28.777,0.97273,0.97284,2.25,1.50
2012.08.20 15:53:29.312,0.97274,0.97285,2.25,2.25
2012.08.20 15:53:30.058,0.97274,0.97285,2.25,2.25
2012.08.20 15:53:30.815,0.97273,0.97284,2.25,1.50
2012.08.20 15:53:31.251,0.97273,0.97284,3.00,3.00
2012.08.20 15:53:31.611,0.97273,0.97284,2.25,3.23
2012.08.20 15:53:32.153,0.97269,0.97281,5.25,2.25
2012.08.20 15:53:32.656,0.9727,0.97283,3.75,1.50
2012.08.20 15:53:33.317,0.97271,0.97282,2.25,1.50
2012.08.20 15:53:35.867,0.97271,0.97284,2.25,3.00
2012.08.20 15:53:37.596,0.97271,0.97282,2.25,1.50
2012.08.20 15:53:37.889,0.97271,0.97282,3.00,1.50
2012.08.20 15:53:38.395,0.97272,0.97283,3.00,1.50
2012.08.20 15:53:38.923,0.97272,0.97283,2.25,1.50
2012.08.20 15:53:39.405,0.97272,0.97283,2.25,1.50
2012.08.20 15:53:40.074,0.97272,0.97283,2.25,1.50
2012.08.20 15:53:41.912,0.97271,0.97282,3.00,1.50
2012.08.20 15:53:42.440,0.97272,0.97283,2.25,1.50
2012.08.20 15:53:46.773,0.97273,0.97283,1.50,1.50
2012.08.20 15:53:47.431,0.97273,0.97282,1.50,1.50
2012.08.20 15:53:47.553,0.97273,0.97284,1.50,1.73
2012.08.20 15:53:51.961,0.9727,0.97283,6.00,1.50
2012.08.20 15:53:52.372,0.97271,0.97283,1.50,1.73
2012.08.20 15:53:55.116,0.97272,0.97283,2.25,1.50
2012.08.20 15:53:55.633,0.97272,0.97283,2.25,1.50
2012.08.20 15:53:58.697,0.97272,0.97281,2.25,1.50
2012.08.20 15:53:59.187,0.9727,0.97283,6.00,2.25
2012.08.20 15:54:00.285,0.9727,0.97283,6.00,2.25
2012.08.20 15:54:02.096,0.97271,0.97283,1.13,2.25
2012.08.20 15:54:03.694,0.97271,0.97283,1.13,2.25
2012.08.20 15:54:05.997,0.9727,0.97282,3.00,1.50
2012.08.20 15:54:06.517,0.9727,0.97283,4.50,2.25
2012.08.20 15:54:07.858,0.9727,0.97281,3.00,1.50
2012.08.20 15:54:10.723,0.97271,0.97282,2.25,1.50
2012.08.20 15:54:11.491,0.97271,0.97282,2.25,1.50
2012.08.20 15:54:11.952,0.97271,0.97282,2.25,1.50
2012.08.20 15:54:12.483,0.9727,0.97283,3.75,1.50
2012.08.20 15:54:13.046,0.97271,0.97284,3.00,2.25
2012.08.20 15:54:13.820,0.97271,0.97284,3.00,2.25
2012.08.20 15:54:14.337,0.9727,0.97283,3.00,1.50
2012.08.20 15:54:14.636,0.9727,0.97281,3.00,1.50
2012.08.20 15:54:15.632,0.9727,0.97281,2.25,1.50
2012.08.20 15:54:16.156,0.9727,0.97281,2.25,1.50
2012.08.20 15:54:16.987,0.97271,0.97282,2.25,2.25
2012.08.20 15:54:17.648,0.9727,0.97281,2.25,1.50
2012.08.20 15:54:18.320,0.9727,0.97281,2.25,1.50
2012.08.20 15:54:21.396,0.97272,0.97281,1.50,1.50
2012.08.20 15:54:22.212,0.97273,0.97283,1.50,1.50
2012.08.20 15:54:23.331,0.97272,0.97283,2.25,1.50
2012.08.20 15:54:23.864,0.97271,0.97284,2.25,1.50
2012.08.20 15:54:23.988,0.97275,0.97285,2.25,1.50
2012.08.20 15:54:24.293,0.97276,0.97285,1.50,1.50
2012.08.20 15:54:24.477,0.97277,0.97287,1.50,2.25
2012.08.20 15:54:25.360,0.97276,0.97286,2.25,1.50
2012.08.20 15:54:25.888,0.97276,0.97287,3.00,2.25
2012.08.20 15:54:28.419,0.97276,0.97287,1.50,2.25
2012.08.20 15:54:28.977,0.97274,0.97287,5.25,2.25
2012.08.20 15:54:29.862,0.97276,0.97287,2.25,2.25
2012.08.20 15:54:30.613,0.97274,0.97284,1.50,1.50
2012.08.20 15:54:30.986,0.97275,0.97286,1.13,1.97
2012.08.20 15:54:31.510,0.97274,0.97286,1.13,1.97
2012.08.20 15:54:31.575,0.97275,0.97288,2.25,1.50
2012.08.20 15:54:31.697,0.97275,0.97286,2.25,1.50
2012.08.20 15:54:32.226,0.97275,0.97288,2.25,2.25
2012.08.20 15:54:32.755,0.97276,0.97287,1.13,1.50
2012.08.20 15:54:33.329,0.97276,0.97288,1.13,2.25
2012.08.20 15:54:35.167,0.97276,0.97287,1.13,1.50
2012.08.20 15:54:35.668,0.97275,0.97288,3.00,2.25
2012.08.20 15:54:43.124,0.97276,0.97288,1.50,1.50
2012.08.20 15:54:53.303,0.97279,0.9729,2.25,3.38
2012.08.20 15:54:53.663,0.9728,0.9729,1.50,2.63
2012.08.20 15:54:53.962,0.97281,0.97292,2.25,1.50
2012.08.20 15:54:54.497,0.9728,0.97291,2.25,2.25
2012.08.20 15:54:54.562,0.9728,0.97291,2.25,2.25
2012.08.20 15:54:55.096,0.97278,0.97289,3.00,2.25
2012.08.20 15:54:55.511,0.97278,0.9729,1.50,2.25
2012.08.20 15:54:56.305,0.97278,0.97291,3.00,2.63
2012.08.20 15:54:56.487,0.97281,0.97291,2.25,1.13
2012.08.20 15:54:58.471,0.97281,0.97291,2.25,1.13
2012.08.20 15:54:59.008,0.97281,0.97291,2.25,1.13
2012.08.20 15:54:59.543,0.97283,0.97294,2.25,2.25
2012.08.20 15:55:00.564,0.97283,0.97294,2.25,2.25
2012.08.20 15:55:01.571,0.97283,0.97294,2.25,2.25
2012.08.20 15:55:07.310,0.97283,0.97294,2.25,2.25
2012.08.20 15:55:13.312,0.97283,0.97294,2.25,2.25
2012.08.20 15:55:13.669,0.97281,0.97293,1.50,2.25
2012.08.20 15:55:14.195,0.97281,0.97293,1.50,2.25
2012.08.20 15:55:14.960,0.97279,0.97292,2.63,2.25
2012.08.20 15:55:17.557,0.97279,0.97292,2.25,2.25
2012.08.20 15:55:17.677,0.97279,0.97292,2.25,1.50
2012.08.20 15:55:18.215,0.97279,0.97292,3.00,2.25
2012.08.20 15:55:18.969,0.97279,0.97292,2.25,2.25
2012.08.20 15:55:19.611,0.97281,0.97292,2.25,2.25
2012.08.20 15:55:20.330,0.9728,0.97291,2.25,2.25
2012.08.20 15:55:21.768,0.97278,0.9729,1.50,2.48
2012.08.20 15:55:22.755,0.97278,0.97291,3.75,2.25
2012.08.20 15:55:23.428,0.97279,0.97292,2.25,2.25
2012.08.20 15:55:26.633,0.97281,0.97292,2.25,2.25
2012.08.20 15:55:27.689,0.97281,0.97292,2.25,1.50
2012.08.20 15:55:28.339,0.97281,0.97292,2.25,1.50
2012.08.20 15:55:29.498,0.97281,0.97292,2.25,2.25
2012.08.20 15:55:29.681,0.9728,0.97291,2.25,3.75
2012.08.20 15:55:29.864,0.97278,0.9729,1.88,1.50
2012.08.20 15:55:30.103,0.97278,0.97287,1.13,1.50
2012.08.20 15:55:30.630,0.97277,0.97287,1.50,1.50
2012.08.20 15:55:31.137,0.97277,0.97287,1.50,1.50
2012.08.20 15:55:31.763,0.97277,0.97287,1.50,1.50
2012.08.20 15:55:33.544,0.97277,0.97287,1.50,1.50
2012.08.20 15:55:34.080,0.97277,0.97287,3.00,1.50
2012.08.20 15:55:34.202,0.97277,0.9729,3.75,2.25
2012.08.20 15:55:34.636,0.97277,0.97287,1.50,1.50
2012.08.20 15:55:35.202,0.97276,0.97287,3.00,1.50
2012.08.20 15:55:35.382,0.97277,0.9729,2.25,3.00
2012.08.20 15:55:35.911,0.97276,0.97288,1.50,1.50
2012.08.20 15:55:38.714,0.97275,0.97288,2.25,1.50
2012.08.20 15:55:40.002,0.97277,0.9729,2.25,2.25
2012.08.20 15:55:42.320,0.97276,0.97289,2.25,1.50
2012.08.20 15:55:51.028,0.97276,0.97289,2.25,2.25
2012.08.20 15:55:53.374,0.97277,0.97289,1.50,2.25
2012.08.20 15:56:00.441,0.97277,0.97289,1.50,2.25
2012.08.20 15:56:01.189,0.97276,0.97289,3.00,2.48
2012.08.20 15:56:03.334,0.97276,0.97285,3.00,1.50
2012.08.20 15:56:03.637,0.97274,0.97285,2.25,3.31
2012.08.20 15:56:03.701,0.97271,0.97282,2.25,2.48
2012.08.20 15:56:04.332,0.97272,0.97283,2.25,2.48
2012.08.20 15:56:04.677,0.97271,0.97282,2.25,1.73
2012.08.20 15:56:05.219,0.9727,0.97283,3.75,2.48
2012.08.20 15:56:05.745,0.97271,0.97282,2.25,1.50
2012.08.20 15:56:06.376,0.97272,0.97283,2.25,2.48
2012.08.20 15:56:09.267,0.9727,0.97283,2.25,2.48
2012.08.20 15:56:13.656,0.97269,0.97282,3.00,2.25
2012.08.20 15:56:14.196,0.97269,0.97281,3.00,1.50
2012.08.20 15:56:15.056,0.97269,0.97282,3.00,3.00
2012.08.20 15:56:15.411,0.97269,0.97281,2.25,1.50
2012.08.20 15:56:15.475,0.97269,0.97279,1.50,1.50
2012.08.20 15:56:16.033,0.97268,0.9728,1.50,3.00
2012.08.20 15:56:16.298,0.97268,0.9728,1.50,3.00
2012.08.20 15:56:17.031,0.97269,0.9728,2.25,3.00
2012.08.20 15:56:17.601,0.97268,0.97279,3.00,1.50
2012.08.20 15:56:19.996,0.97268,0.97279,3.00,2.25
2012.08.20 15:56:20.718,0.97268,0.97279,3.00,2.25
2012.08.20 15:56:21.339,0.97268,0.97279,3.00,2.25
2012.08.20 15:56:22.369,0.97268,0.9728,3.00,1.73
2012.08.20 15:56:23.359,0.97268,0.9728,1.50,3.23
2012.08.20 15:56:24.158,0.97269,0.9728,2.25,3.23
2012.08.20 15:56:24.891,0.97268,0.97281,3.00,2.48
2012.08.20 15:56:25.445,0.97268,0.97281,3.00,2.25
2012.08.20 15:56:28.162,0.97271,0.97282,2.25,2.48
2012.08.20 15:56:28.226,0.97271,0.97282,2.25,2.48
2012.08.20 15:56:29.326,0.97269,0.97282,3.75,2.25
2012.08.20 15:56:29.448,0.97268,0.97279,3.75,1.50
2012.08.20 15:56:29.686,0.97269,0.97281,1.50,2.48
2012.08.20 15:56:30.254,0.97269,0.97281,1.50,1.73
2012.08.20 15:56:30.982,0.97269,0.97281,1.50,2.48
2012.08.20 15:56:32.118,0.97269,0.97281,3.00,1.73
2012.08.20 15:56:32.739,0.97271,0.97282,2.25,1.50
2012.08.20 15:56:34.317,0.9727,0.97283,3.00,2.25
2012.08.20 15:56:34.870,0.97271,0.97282,2.25,1.50
2012.08.20 15:56:34.991,0.97271,0.97282,2.25,2.25
2012.08.20 15:56:37.246,0.9727,0.97283,3.00,3.00
2012.08.20 15:56:37.310,0.9727,0.97283,3.75,2.25
2012.08.20 15:56:37.610,0.97273,0.97285,2.25,1.73
2012.08.20 15:56:38.079,0.97272,0.97285,2.25,3.98
2012.08.20 15:56:38.630,0.97272,0.97283,2.25,1.50
2012.08.20 15:56:39.076,0.97271,0.97284,2.25,2.25
2012.08.20 15:56:42.927,0.97271,0.97284,2.25,2.25
2012.08.20 15:56:43.169,0.97273,0.97286,3.00,1.50
2012.08.20 15:56:43.354,0.97275,0.97286,2.48,1.50
2012.08.20 15:56:43.885,0.97275,0.97288,3.23,2.25
2012.08.20 15:56:44.248,0.9728,0.9729,1.50,1.50
2012.08.20 15:56:44.433,0.97279,0.9729,2.25,1.50
2012.08.20 15:56:44.854,0.97284,0.97293,2.25,1.50
2012.08.20 15:56:44.918,0.97284,0.97295,2.25,2.25
2012.08.20 15:56:46.740,0.97282,0.97295,3.60,2.25
2012.08.20 15:56:49.436,0.97282,0.97295,3.60,2.25
2012.08.20 15:56:50.911,0.97282,0.97295,3.60,2.25
2012.08.20 15:56:52.388,0.97282,0.97295,3.60,2.25
2012.08.20 15:56:53.280,0.97282,0.97292,2.10,1.50
2012.08.20 15:56:53.523,0.97281,0.97292,2.48,1.50
2012.08.20 15:56:53.587,0.97281,0.97292,2.48,2.25
2012.08.20 15:56:53.768,0.9728,0.97292,1.73,2.25
2012.08.20 15:56:54.311,0.9728,0.97293,2.48,2.25
2012.08.20 15:56:59.684,0.9728,0.97291,2.48,1.50
2012.08.20 15:57:00.206,0.9728,0.97291,2.48,2.25
2012.08.20 15:57:04.218,0.9728,0.97291,2.48,2.25
2012.08.20 15:57:05.107,0.9728,0.97291,2.48,2.25
2012.08.20 15:57:08.789,0.9728,0.97291,2.48,2.25
2012.08.20 15:57:14.551,0.97278,0.9729,3.23,1.50
2012.08.20 15:57:15.095,0.97278,0.97291,3.23,1.50
2012.08.20 15:57:18.757,0.97278,0.97291,4.35,2.25
2012.08.20 15:57:19.229,0.97281,0.97293,1.13,1.50
2012.08.20 15:57:19.588,0.97282,0.97292,1.73,1.50
2012.08.20 15:57:19.945,0.97282,0.97294,1.73,1.50
2012.08.20 15:57:20.010,0.97284,0.97295,2.48,2.25
2012.08.20 15:57:20.543,0.97283,0.97294,2.48,1.50
2012.08.20 15:57:21.095,0.97283,0.97296,2.48,2.25
2012.08.20 15:57:22.968,0.97284,0.97296,1.73,1.50
2012.08.20 15:57:23.211,0.97285,0.97298,3.00,1.50
2012.08.20 15:57:23.333,0.97285,0.97296,3.75,1.50
2012.08.20 15:57:23.867,0.97286,0.97297,2.25,1.50
2012.08.20 15:57:24.395,0.97285,0.97296,3.00,1.50
2012.08.20 15:57:24.972,0.97286,0.97297,2.25,1.50
2012.08.20 15:57:25.095,0.97288,0.97301,2.25,3.98
2012.08.20 15:57:26.930,0.97287,0.97298,2.25,1.50
2012.08.20 15:57:28.026,0.97287,0.97298,2.25,2.25
2012.08.20 15:57:28.692,0.97287,0.97298,2.25,1.50
2012.08.20 15:57:30.307,0.97286,0.97297,2.25,1.50
2012.08.20 15:57:33.046,0.97286,0.97299,2.25,1.65
2012.08.20 15:57:34.624,0.97286,0.97299,2.25,2.25
2012.08.20 15:57:34.865,0.97289,0.97299,2.85,2.25
2012.08.20 15:57:35.107,0.97292,0.97302,2.25,1.13
2012.08.20 15:57:35.639,0.97292,0.97303,2.25,2.25
2012.08.20 15:57:36.666,0.97292,0.97303,2.25,2.25
2012.08.20 15:57:37.209,0.97292,0.97303,2.25,1.50
2012.08.20 15:57:37.782,0.97292,0.97305,2.63,3.00
2012.08.20 15:57:39.563,0.97292,0.97305,2.63,3.00
2012.08.20 15:57:40.097,0.97292,0.97302,1.13,1.50
2012.08.20 15:57:40.486,0.97292,0.97303,2.63,2.25
2012.08.20 15:57:41.031,0.97291,0.97302,2.25,1.50
2012.08.20 15:57:41.550,0.97292,0.97303,2.25,2.25
2012.08.20 15:57:42.133,0.97292,0.97303,2.25,1.50
2012.08.20 15:57:42.999,0.97292,0.97303,2.25,1.50
2012.08.20 15:57:44.670,0.97292,0.97303,2.25,1.50
2012.08.20 15:57:45.633,0.97291,0.97302,3.23,1.50
2012.08.20 15:57:46.159,0.97292,0.97303,2.25,2.25
2012.08.20 15:57:46.686,0.97292,0.97303,2.25,2.25
2012.08.20 15:57:51.960,0.97291,0.97304,2.25,2.25
2012.08.20 15:57:52.727,0.97291,0.97304,2.25,3.00
2012.08.20 15:57:54.682,0.97291,0.97304,2.25,2.25
2012.08.20 15:57:54.804,0.97291,0.97302,1.50,1.50
2012.08.20 15:57:54.869,0.97291,0.97302,1.50,2.86
2012.08.20 15:57:55.234,0.97287,0.97299,3.98,3.00
2012.08.20 15:57:55.761,0.97288,0.97299,2.48,2.25
2012.08.20 15:57:59.498,0.97287,0.97299,3.23,1.50
2012.08.20 15:57:59.801,0.97285,0.97297,1.73,3.00
2012.08.20 15:57:59.925,0.97285,0.97297,1.73,2.25
2012.08.20 15:57:59.990,0.97285,0.97297,1.73,2.25
2012.08.20 15:58:00.520,0.97285,0.97297,1.73,2.25
2012.08.20 15:58:05.156,0.97287,0.97298,2.25,1.50
2012.08.20 15:58:06.688,0.97284,0.97296,1.88,1.50
2012.08.20 15:58:07.198,0.97284,0.97296,2.10,1.50
2012.08.20 15:58:11.549,0.97283,0.97296,3.23,1.50
2012.08.20 15:58:20.113,0.97283,0.97296,3.23,2.25
2012.08.20 15:58:21.564,0.97283,0.97295,1.73,1.50
2012.08.20 15:58:24.394,0.97283,0.97294,2.48,1.50
2012.08.20 15:58:24.762,0.97283,0.97296,2.48,2.25
2012.08.20 15:58:25.493,0.97282,0.97295,2.48,1.50
2012.08.20 15:58:29.481,0.97283,0.97294,2.48,1.50
2012.08.20 15:58:30.927,0.97283,0.97296,2.48,3.00
2012.08.20 15:58:31.665,0.97283,0.97296,2.48,1.50
2012.08.20 15:58:32.283,0.97283,0.97296,2.48,1.50
2012.08.20 15:58:32.923,0.97282,0.97295,4.35,1.50
2012.08.20 15:58:33.594,0.97283,0.97294,2.48,1.50
2012.08.20 15:58:34.540,0.97283,0.97294,2.48,1.50
2012.08.20 15:58:39.468,0.97283,0.97296,2.48,3.00
2012.08.20 15:58:55.677,0.97283,0.97296,2.48,2.25
2012.08.20 15:58:56.097,0.97287,0.973,2.48,2.25
2012.08.20 15:58:56.281,0.97291,0.97301,2.25,1.13
2012.08.20 15:58:56.643,0.97291,0.97302,2.48,2.63
2012.08.20 15:58:57.357,0.97292,0.97305,2.25,4.13
2012.08.20 15:58:58.042,0.97292,0.97305,2.25,4.13
2012.08.20 15:59:01.003,0.97292,0.97305,2.25,3.00
2012.08.20 15:59:02.915,0.97292,0.97305,2.25,3.00
2012.08.20 15:59:05.170,0.97292,0.97305,2.25,3.00
2012.08.20 15:59:10.042,0.97292,0.97305,2.25,3.00
2012.08.20 15:59:10.391,0.9729,0.97302,2.10,2.25
2012.08.20 15:59:10.942,0.9729,0.97302,1.88,2.25
2012.08.20 15:59:13.217,0.97291,0.97302,2.25,2.25
2012.08.20 15:59:13.341,0.9729,0.973,1.13,2.25
2012.08.20 15:59:13.700,0.9729,0.97301,1.13,1.50
2012.08.20 15:59:13.920,0.9729,0.97303,3.60,1.50
2012.08.20 15:59:22.457,0.9729,0.97303,3.23,1.50
2012.08.20 15:59:23.135,0.9729,0.97303,3.60,1.50
2012.08.20 15:59:23.551,0.9729,0.97303,3.60,1.50
2012.08.20 15:59:29.667,0.97291,0.97302,2.25,1.50
2012.08.20 15:59:33.251,0.97294,0.97305,2.25,4.50
2012.08.20 15:59:34.986,0.97294,0.97305,2.25,3.75
2012.08.20 15:59:35.527,0.97294,0.97305,2.25,5.25
2012.08.20 15:59:35.880,0.97291,0.97302,2.25,1.50
2012.08.20 15:59:36.439,0.9729,0.97303,2.48,2.25
2012.08.20 15:59:39.769,0.9729,0.97303,2.48,2.25
2012.08.20 15:59:40.076,0.9729,0.97301,2.48,1.50
2012.08.20 15:59:41.951,0.9729,0.97301,3.23,3.00
2012.08.20 15:59:42.015,0.9729,0.97303,3.23,1.50
2012.08.20 15:59:42.563,0.9729,0.97303,2.48,2.25
2012.08.20 15:59:43.087,0.97289,0.97302,2.48,2.25
2012.08.20 15:59:46.152,0.97293,0.97304,2.25,1.50
2012.08.20 15:59:46.452,0.97292,0.97305,2.48,1.50
2012.08.20 15:59:47.920,0.97293,0.97304,2.48,2.25
2012.08.20 15:59:48.450,0.97293,0.97304,2.25,2.25
2012.08.20 15:59:49.185,0.97293,0.97304,2.25,2.25
2012.08.20 15:59:49.920,0.97293,0.97304,2.25,3.00
2012.08.20 15:59:50.442,0.97293,0.97304,2.25,3.00
2012.08.20 15:59:51.574,0.97293,0.97304,2.25,2.25
2012.08.20 15:59:52.801,0.97293,0.97304,2.25,2.40
2012.08.20 15:59:53.568,0.97293,0.97304,2.25,2.55
2012.08.20 15:59:54.076,0.97293,0.97304,2.25,1.05
2012.08.20 15:59:55.892,0.97291,0.97302,2.25,1.65
2012.08.20 15:59:56.129,0.97291,0.97302,1.50,1.50
2012.08.20 15:59:56.311,0.97293,0.97304,2.48,1.50
2012.08.20 15:59:56.376,0.97293,0.97304,3.08,1.50
2012.08.20 15:59:56.918,0.97294,0.97305,3.23,1.50
2012.08.20 15:59:57.508,0.97293,0.97304,3.98,1.50
2012.08.20 15:59:58.098,0.97296,0.97308,1.73,3.75
2012.08.20 15:59:58.171,0.97299,0.97311,2.48,1.50
2012.08.20 15:59:58.705,0.97298,0.9731,3.23,2.25
2012.08.20 15:59:59.802,0.97297,0.9731,5.10,1.50
