2010.03.15 16:00:00.101,1.0635,1.06365,4.80,5.60
2010.03.15 16:00:00.453,1.0635,1.06365,4.80,5.70
2010.03.15 16:00:00.806,1.0635,1.06365,3.20,7.30
2010.03.15 16:00:01.154,1.0635,1.06365,1.60,20.90
2010.03.15 16:00:01.508,1.06345,1.06365,7.20,18.70
2010.03.15 16:00:01.701,1.06345,1.06365,7.20,22.50
2010.03.15 16:00:01.962,1.06345,1.06365,7.20,24.30
2010.03.15 16:00:02.164,1.06345,1.06365,7.20,24.10
2010.03.15 16:00:03.774,1.0635,1.06365,3.20,15.20
2010.03.15 16:00:04.124,1.0635,1.0636,3.20,1.60
2010.03.15 16:00:05.313,1.0635,1.0636,1.60,1.60
2010.03.15 16:00:05.661,1.0635,1.0636,3.20,1.60
2010.03.15 16:00:06.374,1.0635,1.06365,3.20,14.40
2010.03.15 16:00:06.720,1.06355,1.06365,3.30,9.60
2010.03.15 16:00:07.048,1.06355,1.06365,7.30,9.60
2010.03.15 16:00:07.687,1.06355,1.06365,5.70,9.60
2010.03.15 16:00:08.441,1.06355,1.06385,5.70,34.50
2010.03.15 16:00:08.744,1.0636,1.06385,3.80,26.10
2010.03.15 16:00:09.091,1.0636,1.06385,4.20,22.90
2010.03.15 16:00:09.435,1.0636,1.06385,4.20,23.70
2010.03.15 16:00:10.465,1.0636,1.0638,3.80,23.70
2010.03.15 16:00:10.866,1.0636,1.0638,3.80,24.50
2010.03.15 16:00:11.170,1.0636,1.0638,2.20,24.50
2010.03.15 16:00:11.770,1.0636,1.0638,2.20,26.90
2010.03.15 16:00:12.070,1.0636,1.0638,2.20,27.70
2010.03.15 16:00:12.390,1.0636,1.0638,2.20,28.50
2010.03.15 16:00:12.698,1.06355,1.06375,3.30,32.60
2010.03.15 16:00:13.145,1.06355,1.06375,3.30,36.20
2010.03.15 16:00:13.502,1.06355,1.06375,5.70,36.00
2010.03.15 16:00:13.851,1.06355,1.06375,3.30,38.20
2010.03.15 16:00:14.338,1.06355,1.06375,3.30,38.60
2010.03.15 16:00:14.706,1.06355,1.06375,1.60,36.20
2010.03.15 16:00:15.571,1.0635,1.0637,15.20,5.60
2010.03.15 16:00:15.918,1.0635,1.0637,15.20,14.50
2010.03.15 16:00:16.268,1.0635,1.0637,8.00,20.40
2010.03.15 16:00:16.624,1.0635,1.0637,7.20,22.10
2010.03.15 16:00:16.867,1.0635,1.0637,5.60,16.30
2010.03.15 16:00:17.104,1.0635,1.0637,1.60,18.60
2010.03.15 16:00:17.486,1.0635,1.0637,1.60,23.30
2010.03.15 16:00:17.717,1.0635,1.0637,1.60,23.40
2010.03.15 16:00:18.064,1.06345,1.0637,19.30,31.40
2010.03.15 16:00:18.411,1.06345,1.06365,3.20,36.10
2010.03.15 16:00:18.748,1.0634,1.0636,9.90,15.60
2010.03.15 16:00:19.095,1.0634,1.0636,8.30,17.20
2010.03.15 16:00:19.785,1.06335,1.06355,24.10,2.50
2010.03.15 16:00:20.137,1.06335,1.06355,22.80,4.10
2010.03.15 16:00:20.596,1.06335,1.06355,21.60,5.70
2010.03.15 16:00:20.957,1.06335,1.06355,21.70,4.00
2010.03.15 16:00:21.302,1.06335,1.0636,23.90,12.00
2010.03.15 16:00:21.794,1.06345,1.0636,1.60,7.20
2010.03.15 16:00:22.519,1.06345,1.0636,7.20,3.30
2010.03.15 16:00:22.771,1.06345,1.0636,1.60,5.70
2010.03.15 16:00:23.025,1.06345,1.0636,1.60,10.50
2010.03.15 16:00:23.381,1.0634,1.0636,16.80,9.40
2010.03.15 16:00:23.917,1.0634,1.0636,12.00,11.00
2010.03.15 16:00:24.197,1.0634,1.0636,7.20,17.40
2010.03.15 16:00:24.763,1.0634,1.0636,7.20,16.60
2010.03.15 16:00:25.045,1.0634,1.0636,7.50,12.10
2010.03.15 16:00:25.398,1.0634,1.0636,12.30,7.80
2010.03.15 16:00:25.887,1.0634,1.0636,12.70,9.40
2010.03.15 16:00:26.232,1.0634,1.0636,12.40,13.60
2010.03.15 16:00:26.583,1.0634,1.0636,18.40,5.60
2010.03.15 16:00:26.945,1.06345,1.0636,1.60,8.00
2010.03.15 16:00:27.292,1.06335,1.0636,25.50,8.00
2010.03.15 16:00:27.579,1.0634,1.0636,19.20,8.00
2010.03.15 16:00:28.515,1.0634,1.0636,13.60,9.20
2010.03.15 16:00:28.833,1.06335,1.0636,24.30,9.40
2010.03.15 16:00:29.143,1.06335,1.0636,25.10,9.40
2010.03.15 16:00:29.790,1.06335,1.0636,25.50,9.40
2010.03.15 16:00:30.138,1.06335,1.0636,25.50,9.40
2010.03.15 16:00:30.478,1.0634,1.0636,18.90,7.60
2010.03.15 16:00:31.161,1.06335,1.06355,24.50,2.40
2010.03.15 16:00:31.686,1.0634,1.06355,8.10,2.40
2010.03.15 16:00:32.037,1.0634,1.06355,3.20,6.50
2010.03.15 16:00:32.722,1.0634,1.06355,1.60,8.10
2010.03.15 16:00:33.071,1.0634,1.06355,1.60,7.30
2010.03.15 16:00:33.420,1.0634,1.06355,1.60,6.50
2010.03.15 16:00:33.770,1.0634,1.0636,1.60,22.60
2010.03.15 16:00:34.080,1.0634,1.06355,1.60,6.50
2010.03.15 16:00:34.390,1.0634,1.06355,4.80,4.90
2010.03.15 16:00:34.704,1.06335,1.06355,20.40,8.10
2010.03.15 16:00:35.033,1.0634,1.06355,6.40,6.50
2010.03.15 16:00:35.349,1.0634,1.06355,1.60,5.70
2010.03.15 16:00:35.669,1.06345,1.06355,1.00,5.60
2010.03.15 16:00:36.024,1.06335,1.06355,22.80,4.10
2010.03.15 16:00:36.789,1.06335,1.06355,23.60,5.60
2010.03.15 16:00:37.073,1.06335,1.06355,24.50,1.60
2010.03.15 16:00:38.811,1.0634,1.0636,14.00,13.40
2010.03.15 16:00:39.469,1.06345,1.0636,1.70,6.80
2010.03.15 16:00:39.802,1.06345,1.0636,6.50,2.80
2010.03.15 16:00:40.140,1.0635,1.06365,2.40,4.80
2010.03.15 16:00:40.534,1.0635,1.0637,2.40,15.30
2010.03.15 16:00:40.884,1.0635,1.0637,7.30,17.70
2010.03.15 16:00:41.158,1.0635,1.0637,6.50,12.90
2010.03.15 16:00:41.439,1.0635,1.0637,5.70,12.90
2010.03.15 16:00:43.020,1.0635,1.0637,6.50,12.90
2010.03.15 16:00:43.279,1.0635,1.0637,7.30,12.90
2010.03.15 16:00:43.536,1.0635,1.0637,8.10,12.90
2010.03.15 16:00:44.077,1.0635,1.0637,6.50,12.90
2010.03.15 16:00:44.417,1.0635,1.0637,7.20,13.00
2010.03.15 16:00:44.761,1.0635,1.0637,4.00,17.80
2010.03.15 16:00:45.102,1.06345,1.06365,21.90,7.30
2010.03.15 16:00:45.863,1.06345,1.06365,21.70,4.90
2010.03.15 16:00:46.884,1.06345,1.06365,21.80,3.20
2010.03.15 16:00:47.399,1.06345,1.06365,22.60,1.60
2010.03.15 16:00:47.751,1.06345,1.06365,22.60,4.00
2010.03.15 16:00:48.095,1.06345,1.06365,22.60,4.00
2010.03.15 16:00:48.276,1.0634,1.06365,26.90,4.10
2010.03.15 16:00:48.574,1.0635,1.0637,4.00,18.80
2010.03.15 16:00:48.920,1.0635,1.06365,3.20,4.90
2010.03.15 16:00:49.557,1.0635,1.06365,1.60,6.50
2010.03.15 16:00:49.878,1.06345,1.06365,21.10,8.10
2010.03.15 16:00:50.565,1.0635,1.06365,1.60,6.80
2010.03.15 16:00:50.925,1.06345,1.06365,18.40,10.50
2010.03.15 16:00:51.125,1.06345,1.06365,12.80,16.90
2010.03.15 16:00:51.749,1.06345,1.06365,6.40,26.50
2010.03.15 16:00:51.951,1.06345,1.06365,4.80,35.30
2010.03.15 16:00:52.198,1.0634,1.06355,9.20,2.40
2010.03.15 16:00:52.445,1.06335,1.06355,25.60,2.40
2010.03.15 16:00:52.697,1.06335,1.06355,25.70,2.40
2010.03.15 16:00:52.947,1.06335,1.06355,25.40,2.40
2010.03.15 16:00:53.213,1.0634,1.06355,13.70,2.40
2010.03.15 16:00:54.248,1.0634,1.06355,11.30,4.00
2010.03.15 16:00:54.508,1.0634,1.0636,10.50,11.00
2010.03.15 16:00:54.940,1.0634,1.06355,5.70,4.00
2010.03.15 16:00:55.198,1.0634,1.06355,5.60,4.00
2010.03.15 16:00:55.545,1.0634,1.06355,5.60,4.80
2010.03.15 16:00:55.893,1.0634,1.06355,5.60,4.00
2010.03.15 16:00:56.406,1.0634,1.06355,4.00,7.30
2010.03.15 16:00:56.751,1.0634,1.0635,1.60,2.40
2010.03.15 16:00:57.095,1.06335,1.0635,13.70,2.40
2010.03.15 16:00:58.714,1.06335,1.0635,14.50,2.40
2010.03.15 16:00:59.396,1.06335,1.0635,4.90,4.00
2010.03.15 16:00:59.748,1.06335,1.06345,1.00,1.60
2010.03.15 16:01:00.102,1.0633,1.06345,5.60,4.00
2010.03.15 16:01:00.448,1.0633,1.06345,3.20,4.00
2010.03.15 16:01:01.896,1.06325,1.06345,16.90,9.40
2010.03.15 16:01:02.245,1.06325,1.06335,8.00,2.40
2010.03.15 16:01:02.552,1.0632,1.0633,9.60,2.40
2010.03.15 16:01:02.831,1.0632,1.0633,1.60,2.40
2010.03.15 16:01:03.282,1.0632,1.0633,3.20,2.40
2010.03.15 16:01:09.634,1.0632,1.0634,14.50,20.10
2010.03.15 16:01:10.190,1.0632,1.06335,10.50,2.40
2010.03.15 16:01:10.537,1.0632,1.06335,14.50,2.40
2010.03.15 16:01:10.887,1.0632,1.06335,9.70,2.40
2010.03.15 16:01:11.505,1.06325,1.06335,1.60,2.40
2010.03.15 16:01:11.780,1.0632,1.06335,16.90,2.40
2010.03.15 16:01:12.503,1.0632,1.06335,14.50,2.40
2010.03.15 16:01:12.852,1.0632,1.06335,4.90,2.40
2010.03.15 16:01:16.432,1.0632,1.06335,3.30,14.40
2010.03.15 16:01:16.959,1.0632,1.06335,7.30,2.40
2010.03.15 16:01:17.073,1.06325,1.06335,2.50,2.40
2010.03.15 16:01:17.142,1.06325,1.0634,6.50,11.20
2010.03.15 16:01:17.205,1.06325,1.06345,8.10,14.40
2010.03.15 16:01:17.444,1.06325,1.06345,18.50,8.80
2010.03.15 16:01:17.805,1.0633,1.06345,3.20,4.00
2010.03.15 16:01:20.071,1.0633,1.0634,3.20,2.40
2010.03.15 16:01:20.759,1.0633,1.0634,1.60,2.40
2010.03.15 16:01:21.293,1.06325,1.0634,3.30,5.60
2010.03.15 16:01:21.650,1.06325,1.06335,3.20,2.40
2010.03.15 16:01:22.393,1.0632,1.06335,12.10,2.40
2010.03.15 16:01:22.781,1.0632,1.06335,7.30,2.40
2010.03.15 16:01:23.575,1.0633,1.0634,1.00,4.80
2010.03.15 16:01:23.874,1.06345,1.0635,1.00,2.40
2010.03.15 16:01:24.276,1.06345,1.0636,10.00,2.40
2010.03.15 16:01:24.633,1.06355,1.0637,18.80,2.40
2010.03.15 16:01:25.182,1.06375,1.0638,3.30,2.40
2010.03.15 16:01:25.533,1.06385,1.06405,2.40,25.30
2010.03.15 16:01:25.932,1.06385,1.0641,1.60,33.60
2010.03.15 16:01:26.297,1.06385,1.0641,5.60,21.10
2010.03.15 16:01:27.064,1.0638,1.064,20.10,1.70
2010.03.15 16:01:27.385,1.06385,1.064,3.20,3.20
2010.03.15 16:01:27.699,1.0638,1.064,9.80,11.80
2010.03.15 16:01:28.036,1.0638,1.064,19.10,1.00
2010.03.15 16:01:28.370,1.0638,1.06405,17.90,24.60
2010.03.15 16:01:28.698,1.06385,1.06405,12.10,24.60
2010.03.15 16:01:29.047,1.06385,1.064,12.10,1.60
2010.03.15 16:01:29.401,1.06385,1.06395,3.30,1.00
2010.03.15 16:01:29.830,1.06385,1.06405,3.30,31.90
2010.03.15 16:01:30.180,1.06385,1.064,5.60,2.30
2010.03.15 16:01:30.527,1.0639,1.064,1.60,1.70
2010.03.15 16:01:30.900,1.0638,1.064,17.40,5.70
2010.03.15 16:01:31.252,1.0638,1.06395,12.70,1.00
2010.03.15 16:01:31.988,1.0638,1.06395,7.40,1.00
2010.03.15 16:01:32.257,1.0638,1.06395,7.50,1.00
2010.03.15 16:01:32.734,1.06385,1.064,5.70,5.40
2010.03.15 16:01:33.015,1.06385,1.06405,7.70,27.80
2010.03.15 16:01:33.374,1.06385,1.06405,7.70,23.00
2010.03.15 16:01:33.718,1.06385,1.06405,7.60,23.00
2010.03.15 16:01:34.070,1.06385,1.06405,7.90,20.70
2010.03.15 16:01:34.478,1.06385,1.064,13.40,1.00
2010.03.15 16:01:34.826,1.06385,1.06405,8.60,21.40
2010.03.15 16:01:35.183,1.0639,1.064,3.20,2.40
2010.03.15 16:01:35.530,1.06395,1.06405,1.00,13.40
2010.03.15 16:01:36.008,1.06395,1.06405,1.00,4.60
2010.03.15 16:01:36.361,1.06395,1.0641,3.30,6.20
2010.03.15 16:01:36.709,1.0639,1.0641,19.00,4.80
2010.03.15 16:01:37.056,1.0639,1.0641,13.40,4.90
2010.03.15 16:01:37.897,1.0639,1.0641,12.20,5.70
2010.03.15 16:01:38.103,1.0639,1.0641,12.60,11.10
2010.03.15 16:01:38.389,1.0639,1.0641,12.00,12.80
2010.03.15 16:01:38.672,1.06385,1.06405,8.50,24.90
2010.03.15 16:01:38.958,1.06385,1.064,4.90,2.40
2010.03.15 16:01:41.696,1.0639,1.06405,1.60,24.10
2010.03.15 16:01:41.867,1.06385,1.064,9.70,2.40
2010.03.15 16:01:42.258,1.06385,1.06405,12.50,24.90
2010.03.15 16:01:42.595,1.06385,1.064,9.70,2.40
2010.03.15 16:01:43.592,1.06385,1.064,9.70,4.00
2010.03.15 16:01:43.944,1.06385,1.064,4.90,3.20
2010.03.15 16:01:44.293,1.06385,1.064,4.90,4.50
2010.03.15 16:01:44.643,1.06385,1.064,3.20,11.00
2010.03.15 16:01:45.119,1.0638,1.064,13.80,11.80
2010.03.15 16:01:45.803,1.0638,1.064,13.70,12.00
2010.03.15 16:01:46.155,1.0638,1.06395,1.00,8.40
2010.03.15 16:01:46.508,1.0638,1.0639,1.00,2.40
2010.03.15 16:01:46.672,1.0638,1.0639,1.00,3.20
2010.03.15 16:01:46.843,1.0638,1.0639,1.00,2.40
2010.03.15 16:01:47.013,1.0638,1.06395,1.00,30.60
2010.03.15 16:01:47.314,1.06375,1.0639,8.10,2.40
2010.03.15 16:01:47.848,1.06375,1.0639,13.20,2.40
2010.03.15 16:01:48.346,1.0637,1.0639,18.50,3.20
2010.03.15 16:01:48.693,1.06375,1.0639,8.20,1.00
2010.03.15 16:01:49.043,1.0637,1.06395,23.10,15.20
2010.03.15 16:01:49.397,1.0638,1.06395,4.90,4.00
2010.03.15 16:01:49.746,1.0638,1.06395,7.40,1.60
2010.03.15 16:01:50.093,1.0638,1.064,12.20,7.30
2010.03.15 16:01:50.444,1.06385,1.064,1.70,16.80
2010.03.15 16:01:51.175,1.0638,1.06395,3.30,5.60
2010.03.15 16:01:51.468,1.0638,1.06395,3.30,6.00
2010.03.15 16:01:51.763,1.06385,1.06395,1.60,2.80
2010.03.15 16:01:52.057,1.0638,1.06395,3.20,6.40
2010.03.15 16:01:52.551,1.06375,1.0639,13.70,2.40
2010.03.15 16:01:52.911,1.06375,1.0639,5.90,3.20
2010.03.15 16:01:53.267,1.0637,1.0639,21.20,1.00
2010.03.15 16:01:53.617,1.06375,1.0639,5.70,2.40
2010.03.15 16:01:53.965,1.0637,1.0639,18.70,3.90
2010.03.15 16:01:54.832,1.0637,1.0639,14.30,3.40
2010.03.15 16:01:55.518,1.0637,1.0639,14.30,2.60
2010.03.15 16:01:56.219,1.0637,1.0639,13.90,3.40
2010.03.15 16:01:56.556,1.06375,1.0639,5.70,3.20
2010.03.15 16:01:57.215,1.06375,1.0639,5.70,2.40
2010.03.15 16:01:57.780,1.06375,1.0639,5.70,3.20
2010.03.15 16:01:58.444,1.06375,1.0639,5.70,4.80
2010.03.15 16:01:59.225,1.0637,1.0639,12.30,3.20
2010.03.15 16:01:59.389,1.06375,1.0639,5.70,5.50
2010.03.15 16:01:59.896,1.06375,1.0639,4.10,7.10
2010.03.15 16:02:00.574,1.06375,1.0639,2.50,8.70
2010.03.15 16:02:00.917,1.06375,1.0639,4.10,8.70
2010.03.15 16:02:01.557,1.06375,1.0639,4.10,7.10
2010.03.15 16:02:01.883,1.0638,1.0639,1.00,5.50
2010.03.15 16:02:02.189,1.0637,1.0639,13.90,2.40
2010.03.15 16:02:02.355,1.06375,1.0639,5.90,2.40
2010.03.15 16:02:02.493,1.0637,1.0639,17.50,2.40
2010.03.15 16:02:03.173,1.0637,1.0639,17.10,3.20
2010.03.15 16:02:03.516,1.0637,1.0639,17.50,2.40
2010.03.15 16:02:04.198,1.0637,1.0639,17.50,1.00
2010.03.15 16:02:04.552,1.06365,1.06385,25.90,6.40
2010.03.15 16:02:04.902,1.0637,1.06385,1.70,6.40
2010.03.15 16:02:05.333,1.06365,1.0638,20.60,2.40
2010.03.15 16:02:05.685,1.0637,1.06385,1.60,5.60
2010.03.15 16:02:06.031,1.0637,1.06385,3.20,5.60
2010.03.15 16:02:06.557,1.0637,1.06385,3.20,4.00
2010.03.15 16:02:08.424,1.0637,1.06385,3.20,2.40
2010.03.15 16:02:09.137,1.0637,1.06385,8.00,2.40
2010.03.15 16:02:09.583,1.06375,1.0639,4.10,8.00
2010.03.15 16:02:10.286,1.0637,1.06385,9.70,3.20
2010.03.15 16:02:10.818,1.0637,1.06385,5.70,2.40
2010.03.15 16:02:11.170,1.06375,1.0639,4.10,13.50
2010.03.15 16:02:11.520,1.0637,1.06385,3.20,2.40
2010.03.15 16:02:11.866,1.0637,1.06385,8.00,2.40
2010.03.15 16:02:12.167,1.0637,1.06385,3.20,2.40
2010.03.15 16:02:12.476,1.06375,1.06385,1.00,12.00
2010.03.15 16:02:12.989,1.0637,1.06385,1.60,18.60
2010.03.15 16:02:13.300,1.06365,1.06385,15.10,21.80
2010.03.15 16:02:13.611,1.0637,1.06385,1.60,20.20
2010.03.15 16:02:13.917,1.06365,1.06385,14.30,21.80
2010.03.15 16:02:14.617,1.0637,1.06385,1.60,20.20
2010.03.15 16:02:14.971,1.0637,1.06385,1.60,22.30
2010.03.15 16:02:15.320,1.0637,1.0638,1.60,1.00
2010.03.15 16:02:15.665,1.06365,1.0638,7.60,1.00
2010.03.15 16:02:16.006,1.06365,1.0638,7.60,1.00
2010.03.15 16:02:16.707,1.06365,1.0638,6.00,2.40
2010.03.15 16:02:17.674,1.06365,1.0638,5.90,2.40
2010.03.15 16:02:17.876,1.06365,1.0638,6.00,2.40
2010.03.15 16:02:18.274,1.06365,1.0638,6.00,2.40
2010.03.15 16:02:18.667,1.06365,1.0638,6.00,1.80
2010.03.15 16:02:18.862,1.06365,1.0638,6.00,2.60
2010.03.15 16:02:19.568,1.06365,1.0638,6.00,2.40
2010.03.15 16:02:19.919,1.06365,1.0638,6.00,2.40
2010.03.15 16:02:20.465,1.06365,1.0638,6.00,1.60
2010.03.15 16:02:21.303,1.06365,1.0638,6.00,2.40
2010.03.15 16:02:22.567,1.06365,1.0638,5.90,1.60
2010.03.15 16:02:22.827,1.06365,1.0638,6.00,2.40
2010.03.15 16:02:23.423,1.06365,1.06385,7.60,33.90
2010.03.15 16:02:23.847,1.0637,1.06385,1.60,32.30
2010.03.15 16:02:24.194,1.06365,1.06385,7.60,34.10
2010.03.15 16:02:24.615,1.06365,1.0638,3.60,4.00
2010.03.15 16:02:24.953,1.06365,1.0638,17.20,1.60
2010.03.15 16:02:25.291,1.0637,1.06385,1.60,12.80
2010.03.15 16:02:25.640,1.06365,1.0638,10.00,2.40
2010.03.15 16:02:25.991,1.0637,1.06385,3.20,7.20
2010.03.15 16:02:26.349,1.0637,1.06385,3.20,4.80
2010.03.15 16:02:26.698,1.06365,1.0638,8.80,2.40
2010.03.15 16:02:27.048,1.06365,1.0638,5.60,2.40
2010.03.15 16:02:27.563,1.0637,1.06385,1.70,22.40
2010.03.15 16:02:27.891,1.0637,1.0638,1.60,2.40
2010.03.15 16:02:28.214,1.06365,1.0638,10.00,2.40
2010.03.15 16:02:28.702,1.06365,1.06375,3.50,2.40
2010.03.15 16:02:29.060,1.06365,1.06375,1.00,2.40
2010.03.15 16:02:29.405,1.06365,1.06375,1.90,2.40
2010.03.15 16:02:29.703,1.06365,1.06375,1.80,2.40
2010.03.15 16:02:30.162,1.06365,1.06375,3.40,2.40
2010.03.15 16:02:32.301,1.06365,1.06375,3.20,2.40
2010.03.15 16:02:32.422,1.06365,1.06375,1.60,2.40
2010.03.15 16:02:33.175,1.06365,1.06375,3.30,2.40
2010.03.15 16:02:33.515,1.06365,1.0638,3.30,11.60
2010.03.15 16:02:35.411,1.06365,1.06375,3.20,2.40
2010.03.15 16:02:35.883,1.06365,1.06375,1.60,2.40
2010.03.15 16:02:36.574,1.0636,1.06375,4.90,2.40
2010.03.15 16:02:36.922,1.0636,1.06375,4.90,4.80
2010.03.15 16:02:37.680,1.0636,1.06375,4.90,4.80
2010.03.15 16:02:38.642,1.0636,1.06375,4.90,4.00
2010.03.15 16:02:41.993,1.06355,1.0637,5.70,5.60
2010.03.15 16:02:42.153,1.06355,1.0637,7.60,1.00
2010.03.15 16:02:42.315,1.0636,1.06375,1.60,15.20
2010.03.15 16:02:42.662,1.0636,1.06375,3.20,13.60
2010.03.15 16:02:42.824,1.0636,1.06375,4.80,4.00
2010.03.15 16:02:42.985,1.0636,1.0637,3.20,2.40
2010.03.15 16:02:43.336,1.06355,1.0637,4.90,2.40
2010.03.15 16:02:43.856,1.06365,1.06375,1.70,23.60
2010.03.15 16:02:44.210,1.06375,1.06395,1.70,12.80
2010.03.15 16:02:44.687,1.0638,1.06395,1.70,1.60
2010.03.15 16:02:44.956,1.06375,1.064,11.30,23.50
2010.03.15 16:02:45.220,1.06375,1.06395,16.10,18.70
2010.03.15 16:02:46.454,1.06375,1.06395,16.10,20.40
2010.03.15 16:02:46.805,1.06375,1.06395,15.30,24.00
2010.03.15 16:02:47.150,1.06375,1.06395,15.30,24.00
2010.03.15 16:02:47.976,1.06375,1.06395,14.50,23.60
2010.03.15 16:02:48.135,1.06375,1.06395,15.30,12.80
2010.03.15 16:02:48.297,1.06375,1.06395,16.90,10.60
2010.03.15 16:02:48.457,1.06375,1.06395,21.70,9.00
2010.03.15 16:02:48.781,1.06385,1.06395,1.60,4.00
2010.03.15 16:02:49.113,1.06385,1.06395,3.20,3.60
2010.03.15 16:02:49.444,1.0638,1.06395,22.80,1.00
2010.03.15 16:02:49.775,1.06385,1.06395,3.20,1.00
2010.03.15 16:02:50.121,1.0638,1.06395,14.50,2.40
2010.03.15 16:02:50.469,1.06375,1.06395,22.60,2.40
2010.03.15 16:02:51.167,1.06375,1.06395,23.40,3.60
2010.03.15 16:02:51.517,1.06375,1.06395,22.60,3.70
2010.03.15 16:02:51.725,1.06375,1.06395,22.60,3.70
2010.03.15 16:02:52.280,1.06375,1.06395,21.80,3.70
2010.03.15 16:02:52.489,1.06375,1.06395,21.80,3.70
2010.03.15 16:02:52.786,1.06375,1.06395,21.80,3.70
2010.03.15 16:02:53.089,1.06385,1.06395,1.60,3.70
2010.03.15 16:02:54.785,1.06385,1.06395,3.20,3.70
2010.03.15 16:02:55.314,1.06385,1.06395,3.20,4.40
2010.03.15 16:02:56.533,1.06385,1.06395,3.20,2.00
2010.03.15 16:02:56.885,1.06385,1.06395,3.20,4.40
2010.03.15 16:02:57.521,1.06385,1.06395,3.20,4.00
2010.03.15 16:02:58.689,1.06385,1.06395,1.60,4.70
2010.03.15 16:02:58.996,1.06385,1.06395,1.60,6.30
2010.03.15 16:02:59.293,1.06385,1.06395,1.60,5.50
2010.03.15 16:02:59.896,1.06385,1.06395,1.60,4.70
2010.03.15 16:03:00.215,1.06385,1.06395,1.60,7.90
2010.03.15 16:03:00.533,1.0638,1.06395,6.50,7.90
2010.03.15 16:03:01.547,1.06375,1.06395,21.80,8.90
2010.03.15 16:03:01.891,1.06375,1.06395,21.80,10.50
2010.03.15 16:03:03.709,1.0638,1.06395,6.50,11.30
2010.03.15 16:03:06.738,1.06385,1.064,1.80,20.00
2010.03.15 16:03:07.061,1.0638,1.064,16.50,8.80
2010.03.15 16:03:07.377,1.0638,1.064,18.90,2.40
2010.03.15 16:03:08.148,1.0638,1.064,17.30,1.60
2010.03.15 16:03:08.437,1.06385,1.06405,12.00,14.40
2010.03.15 16:03:08.859,1.06385,1.06405,22.00,4.00
2010.03.15 16:03:09.211,1.0639,1.06405,7.30,4.00
2010.03.15 16:03:09.577,1.064,1.0641,3.20,8.80
2010.03.15 16:03:09.979,1.06405,1.06415,1.60,6.40
2010.03.15 16:03:10.329,1.06405,1.0642,7.00,3.20
2010.03.15 16:03:10.674,1.06405,1.0642,9.40,2.40
2010.03.15 16:03:11.025,1.06405,1.0642,7.80,4.00
2010.03.15 16:03:11.376,1.0641,1.0642,1.60,7.20
2010.03.15 16:03:11.724,1.0641,1.0642,3.20,2.40
2010.03.15 16:03:12.025,1.0641,1.06425,4.90,12.00
2010.03.15 16:03:12.324,1.0641,1.06425,3.20,13.70
2010.03.15 16:03:12.769,1.0641,1.06425,3.20,17.70
2010.03.15 16:03:13.122,1.06415,1.0643,4.80,6.40
2010.03.15 16:03:13.481,1.06415,1.06435,8.90,20.80
2010.03.15 16:03:13.841,1.0642,1.06435,7.60,6.40
2010.03.15 16:03:14.196,1.0642,1.06435,3.20,22.40
2010.03.15 16:03:14.546,1.0642,1.0643,3.20,2.40
2010.03.15 16:03:14.895,1.0642,1.0643,1.60,2.40
2010.03.15 16:03:15.593,1.0642,1.0643,1.60,3.20
2010.03.15 16:03:16.021,1.0642,1.06425,1.60,1.00
2010.03.15 16:03:16.379,1.0641,1.06425,11.20,2.50
2010.03.15 16:03:16.722,1.0641,1.06425,6.40,4.90
2010.03.15 16:03:17.329,1.0641,1.06425,4.80,4.90
2010.03.15 16:03:18.131,1.0641,1.06425,4.80,4.10
2010.03.15 16:03:18.442,1.0641,1.06425,4.80,4.90
2010.03.15 16:03:18.633,1.0641,1.06425,3.20,6.50
2010.03.15 16:03:18.823,1.0641,1.0642,1.60,2.50
2010.03.15 16:03:19.006,1.0641,1.0643,1.60,24.20
2010.03.15 16:03:19.814,1.06405,1.0642,10.80,4.90
2010.03.15 16:03:20.161,1.06405,1.0642,1.70,7.30
2010.03.15 16:03:20.695,1.06405,1.0642,1.70,8.10
2010.03.15 16:03:21.053,1.06405,1.0642,2.10,8.10
2010.03.15 16:03:21.406,1.06405,1.06415,2.10,2.40
2010.03.15 16:03:21.940,1.06405,1.06415,2.40,5.60
2010.03.15 16:03:22.209,1.06405,1.06415,2.40,1.60
2010.03.15 16:03:22.473,1.06405,1.06425,2.40,29.50
2010.03.15 16:03:22.727,1.06405,1.06415,2.40,1.00
2010.03.15 16:03:23.158,1.064,1.0642,1.60,20.70
2010.03.15 16:03:23.401,1.064,1.06415,1.60,12.10
2010.03.15 16:03:23.749,1.06395,1.06415,8.40,20.90
2010.03.15 16:03:24.101,1.064,1.0641,1.60,1.60
2010.03.15 16:03:24.449,1.064,1.06415,1.60,12.90
2010.03.15 16:03:25.579,1.064,1.0641,1.60,4.00
2010.03.15 16:03:25.935,1.064,1.0641,1.60,2.40
2010.03.15 16:03:26.290,1.06405,1.06415,1.60,10.40
2010.03.15 16:03:26.649,1.06405,1.0642,1.60,19.30
2010.03.15 16:03:26.862,1.06405,1.0642,1.60,18.50
2010.03.15 16:03:27.077,1.06405,1.0642,1.60,8.90
2010.03.15 16:03:27.295,1.06405,1.06415,1.00,4.00
2010.03.15 16:03:27.518,1.06405,1.06415,1.60,2.50
2010.03.15 16:03:27.811,1.06405,1.06415,1.60,2.40
2010.03.15 16:03:28.250,1.064,1.06415,7.20,1.60
2010.03.15 16:03:29.371,1.064,1.06415,7.30,1.60
2010.03.15 16:03:29.640,1.064,1.06415,7.20,4.00
2010.03.15 16:03:29.900,1.064,1.06415,5.60,4.90
2010.03.15 16:03:30.161,1.064,1.06415,5.60,5.70
2010.03.15 16:03:30.510,1.064,1.06415,7.00,5.70
2010.03.15 16:03:30.866,1.0641,1.06415,1.50,4.00
2010.03.15 16:03:31.386,1.064,1.0641,1.40,2.40
2010.03.15 16:03:31.661,1.064,1.0641,1.00,2.40
2010.03.15 16:03:32.897,1.064,1.0641,2.40,5.60
2010.03.15 16:03:33.103,1.064,1.0641,2.40,5.70
2010.03.15 16:03:34.346,1.064,1.0641,2.40,4.10
2010.03.15 16:03:35.340,1.064,1.0641,1.00,4.10
2010.03.15 16:03:35.558,1.06395,1.06405,7.10,1.00
2010.03.15 16:03:35.919,1.06395,1.06405,2.30,2.50
2010.03.15 16:03:36.273,1.06395,1.06405,1.50,6.50
2010.03.15 16:03:36.622,1.06395,1.06405,1.50,6.40
2010.03.15 16:03:36.941,1.0639,1.06405,1.50,8.10
2010.03.15 16:03:37.572,1.0639,1.06405,1.50,14.10
2010.03.15 16:03:37.838,1.0639,1.06405,3.10,11.70
2010.03.15 16:03:38.099,1.0639,1.06405,3.20,12.40
2010.03.15 16:03:38.360,1.0639,1.06405,3.20,10.00
2010.03.15 16:03:38.634,1.0639,1.06405,8.80,8.50
2010.03.15 16:03:38.981,1.0639,1.06405,8.00,3.60
2010.03.15 16:03:39.322,1.06395,1.06405,1.60,3.60
2010.03.15 16:03:39.661,1.0639,1.06405,8.80,3.60
2010.03.15 16:03:40.848,1.0639,1.06405,8.80,3.70
2010.03.15 16:03:41.897,1.0639,1.06405,11.20,3.70
2010.03.15 16:03:42.278,1.0639,1.06405,8.80,3.30
2010.03.15 16:03:42.462,1.0639,1.06405,8.80,3.20
2010.03.15 16:03:42.642,1.0639,1.06405,8.00,3.20
2010.03.15 16:03:42.824,1.0639,1.06405,7.20,3.30
2010.03.15 16:03:43.173,1.0639,1.06405,6.40,3.30
2010.03.15 16:03:43.867,1.0639,1.06405,8.00,3.30
2010.03.15 16:03:44.592,1.0639,1.06405,8.00,3.20
2010.03.15 16:03:44.962,1.0639,1.06405,8.80,3.20
2010.03.15 16:03:45.643,1.0639,1.06405,8.00,4.80
2010.03.15 16:03:46.135,1.0639,1.06405,7.20,4.80
2010.03.15 16:03:46.474,1.0639,1.06405,6.40,4.80
2010.03.15 16:03:47.144,1.0639,1.06405,6.40,5.20
2010.03.15 16:03:47.285,1.0639,1.06405,3.20,8.50
2010.03.15 16:03:47.850,1.0639,1.06405,1.60,16.50
2010.03.15 16:03:47.984,1.0639,1.06405,1.60,24.90
2010.03.15 16:03:48.123,1.06385,1.064,5.80,2.40
2010.03.15 16:03:48.474,1.06385,1.064,3.20,6.50
2010.03.15 16:03:49.174,1.06385,1.064,3.30,6.40
2010.03.15 16:03:49.524,1.06385,1.064,1.60,8.10
2010.03.15 16:03:49.812,1.0638,1.064,23.10,5.70
2010.03.15 16:03:50.102,1.06385,1.064,3.90,6.50
2010.03.15 16:03:50.559,1.0639,1.06405,1.60,20.10
2010.03.15 16:03:50.907,1.0639,1.06405,3.90,12.90
2010.03.15 16:03:51.256,1.0639,1.06405,3.20,8.10
2010.03.15 16:03:51.957,1.0639,1.06405,3.20,8.90
2010.03.15 16:03:52.305,1.06385,1.064,4.80,4.90
2010.03.15 16:03:52.864,1.06385,1.064,4.80,6.90
2010.03.15 16:03:53.393,1.06385,1.064,3.20,6.90
2010.03.15 16:03:54.445,1.06385,1.064,6.50,4.00
2010.03.15 16:03:54.956,1.06385,1.064,9.70,4.00
2010.03.15 16:03:55.304,1.06385,1.064,11.70,2.40
2010.03.15 16:03:55.657,1.0639,1.064,1.60,2.40
2010.03.15 16:03:57.591,1.06385,1.064,11.20,4.10
2010.03.15 16:03:57.994,1.06385,1.064,8.00,4.10
2010.03.15 16:03:58.192,1.06385,1.064,3.20,4.10
2010.03.15 16:03:58.385,1.06385,1.064,1.60,5.70
2010.03.15 16:03:58.577,1.06385,1.064,1.60,7.30
2010.03.15 16:04:03.665,1.06385,1.064,1.60,7.70
2010.03.15 16:04:05.030,1.0638,1.06395,14.50,3.30
2010.03.15 16:04:05.385,1.06375,1.06385,11.20,10.50
2010.03.15 16:04:05.733,1.0637,1.0638,1.60,1.00
2010.03.15 16:04:06.160,1.0637,1.06385,1.60,26.90
2010.03.15 16:04:06.873,1.0637,1.06385,4.00,14.80
2010.03.15 16:04:07.226,1.06375,1.06385,3.20,4.80
2010.03.15 16:04:07.575,1.06375,1.0639,7.30,2.40
2010.03.15 16:04:08.208,1.0638,1.0639,1.60,2.40
2010.03.15 16:04:08.880,1.0638,1.06395,1.60,22.10
2010.03.15 16:04:09.233,1.06385,1.064,3.30,15.20
2010.03.15 16:04:09.579,1.06385,1.064,3.30,5.60
2010.03.15 16:04:09.929,1.06385,1.064,3.30,6.40
2010.03.15 16:04:10.282,1.06385,1.06395,1.60,1.30
2010.03.15 16:04:10.677,1.0638,1.0639,3.20,2.40
2010.03.15 16:04:11.043,1.0638,1.0639,1.60,2.40
2010.03.15 16:04:12.015,1.0638,1.0639,1.60,3.20
2010.03.15 16:04:12.536,1.06375,1.0639,8.90,3.20
2010.03.15 16:04:13.090,1.06375,1.0639,4.90,4.80
2010.03.15 16:04:13.393,1.06375,1.0639,7.30,4.80
2010.03.15 16:04:14.331,1.0638,1.06395,4.00,10.80
2010.03.15 16:04:14.680,1.0638,1.06395,4.00,4.00
2010.03.15 16:04:15.480,1.0638,1.06395,3.20,16.00
2010.03.15 16:04:15.825,1.0638,1.06395,3.20,6.40
2010.03.15 16:04:16.859,1.0638,1.06395,3.20,4.80
2010.03.15 16:04:17.214,1.06385,1.064,3.30,11.20
2010.03.15 16:04:17.652,1.06385,1.064,4.90,4.00
2010.03.15 16:04:21.501,1.06385,1.064,4.90,4.80
2010.03.15 16:04:22.087,1.06385,1.06395,3.30,1.00
2010.03.15 16:04:22.572,1.0638,1.0639,3.20,2.40
2010.03.15 16:04:22.905,1.0638,1.0639,1.60,3.20
2010.03.15 16:04:23.227,1.06375,1.0639,4.80,3.20
2010.03.15 16:04:23.545,1.06375,1.0639,3.20,4.80
2010.03.15 16:04:24.248,1.06375,1.0639,3.20,7.30
2010.03.15 16:04:24.794,1.06375,1.06385,1.60,2.50
2010.03.15 16:04:27.073,1.0637,1.06385,4.80,2.50
2010.03.15 16:04:27.679,1.0637,1.0639,7.30,21.70
2010.03.15 16:04:27.945,1.0637,1.0639,12.10,13.70
2010.03.15 16:04:28.523,1.06375,1.0639,3.20,13.70
2010.03.15 16:04:28.746,1.06375,1.0639,5.60,12.90
2010.03.15 16:04:29.098,1.06375,1.0639,5.60,6.50
2010.03.15 16:04:29.446,1.06375,1.0639,5.60,5.70
2010.03.15 16:04:29.937,1.06375,1.0639,5.60,5.60
2010.03.15 16:04:31.906,1.06375,1.06385,3.20,2.40
2010.03.15 16:04:32.132,1.06375,1.0639,3.20,6.40
2010.03.15 16:04:32.410,1.06375,1.0639,3.20,5.60
2010.03.15 16:04:32.729,1.06375,1.0639,3.20,5.70
2010.03.15 16:04:33.013,1.06375,1.0639,1.60,7.30
2010.03.15 16:04:33.291,1.06375,1.0639,3.20,8.90
2010.03.15 16:04:33.520,1.06375,1.0639,3.20,8.10
2010.03.15 16:04:34.016,1.06375,1.06385,1.60,2.40
2010.03.15 16:04:34.247,1.06375,1.06385,1.60,2.50
2010.03.15 16:04:35.450,1.06375,1.06385,1.60,2.40
2010.03.15 16:04:36.490,1.06375,1.06385,1.60,2.50
2010.03.15 16:04:38.261,1.06375,1.0639,1.60,13.70
2010.03.15 16:04:38.409,1.06375,1.0639,3.20,13.70
2010.03.15 16:04:38.749,1.06375,1.0639,3.20,8.90
2010.03.15 16:04:39.099,1.06375,1.0639,3.20,13.70
2010.03.15 16:04:40.051,1.06375,1.0639,5.60,13.60
2010.03.15 16:04:40.349,1.06375,1.0639,5.60,8.80
2010.03.15 16:04:40.649,1.06375,1.0639,5.60,13.60
2010.03.15 16:04:41.339,1.06375,1.0639,5.60,12.80
2010.03.15 16:04:41.686,1.06375,1.0639,5.60,13.60
2010.03.15 16:04:42.538,1.06375,1.0639,5.60,8.80
2010.03.15 16:04:43.125,1.06375,1.0639,5.60,13.60
2010.03.15 16:04:44.098,1.06375,1.0639,5.60,12.00
2010.03.15 16:04:46.106,1.06375,1.06385,5.60,1.00
2010.03.15 16:04:46.459,1.06375,1.06385,1.60,3.30
2010.03.15 16:04:46.820,1.06375,1.06385,4.80,1.00
2010.03.15 16:04:47.127,1.06375,1.0639,7.20,8.80
2010.03.15 16:04:47.432,1.06375,1.0639,7.20,4.00
2010.03.15 16:04:47.731,1.06375,1.0639,4.80,4.10
2010.03.15 16:04:48.378,1.06375,1.0639,4.80,8.10
2010.03.15 16:04:49.898,1.06375,1.0639,4.80,8.90
2010.03.15 16:04:50.227,1.06375,1.0639,4.80,12.90
2010.03.15 16:04:50.879,1.06375,1.06385,1.60,2.50
2010.03.15 16:04:51.079,1.0637,1.06385,6.40,2.50
2010.03.15 16:04:51.379,1.0637,1.06385,6.40,3.30
2010.03.15 16:04:52.518,1.0637,1.06385,6.50,2.40
2010.03.15 16:04:52.761,1.0637,1.0639,8.90,20.90
2010.03.15 16:04:56.245,1.06375,1.0639,3.20,20.00
2010.03.15 16:04:56.770,1.06375,1.0639,4.00,20.00
2010.03.15 16:04:57.020,1.06375,1.0639,5.60,12.80
2010.03.15 16:04:57.269,1.06375,1.0639,5.60,8.80
2010.03.15 16:04:57.884,1.06375,1.0639,5.60,10.40
2010.03.15 16:04:58.075,1.06375,1.0639,7.20,10.40
2010.03.15 16:04:58.487,1.06375,1.0639,7.20,9.60
2010.03.15 16:04:58.675,1.06375,1.0639,7.20,4.80
2010.03.15 16:05:00.011,1.06375,1.0639,7.20,9.60
2010.03.15 16:05:00.432,1.06375,1.0639,7.20,4.80
2010.03.15 16:05:01.032,1.06375,1.0639,7.20,5.60
2010.03.15 16:05:01.372,1.06375,1.0639,7.20,10.40
2010.03.15 16:05:03.541,1.06375,1.0639,5.60,10.40
2010.03.15 16:05:03.781,1.06375,1.0639,7.20,10.40
2010.03.15 16:05:04.751,1.06375,1.0639,5.60,10.40
2010.03.15 16:05:05.069,1.06375,1.0639,5.60,9.60
2010.03.15 16:05:05.390,1.06375,1.0639,5.60,10.40
2010.03.15 16:05:06.030,1.06375,1.0639,7.20,10.40
2010.03.15 16:05:06.377,1.06375,1.06385,3.20,4.00
2010.03.15 16:05:06.727,1.0637,1.06385,8.90,5.60
2010.03.15 16:05:07.279,1.06375,1.06385,4.00,1.00
2010.03.15 16:05:07.538,1.06375,1.06385,4.00,2.00
2010.03.15 16:05:09.348,1.06375,1.06385,4.00,1.00
2010.03.15 16:05:10.624,1.0637,1.06385,13.70,1.60
2010.03.15 16:05:10.975,1.06365,1.06385,7.30,22.90
2010.03.15 16:05:11.324,1.0637,1.0638,1.60,1.00
2010.03.15 16:05:11.686,1.06365,1.0638,5.70,1.00
2010.03.15 16:05:12.623,1.06365,1.0638,4.10,1.60
2010.03.15 16:05:12.871,1.06365,1.0638,4.10,2.40
2010.03.15 16:05:13.376,1.06365,1.0638,4.00,2.40
2010.03.15 16:05:13.901,1.06365,1.0638,4.10,2.40
2010.03.15 16:05:14.240,1.06365,1.0638,4.10,1.60
2010.03.15 16:05:15.610,1.06365,1.0638,5.70,1.60
2010.03.15 16:05:17.037,1.0637,1.0638,1.60,1.60
2010.03.15 16:05:18.786,1.0637,1.06385,1.60,35.00
2010.03.15 16:05:19.084,1.0637,1.06385,1.60,26.20
2010.03.15 16:05:19.390,1.0637,1.06385,1.60,27.00
2010.03.15 16:05:20.340,1.0637,1.0638,1.60,1.00
2010.03.15 16:05:23.148,1.0637,1.06385,1.60,34.50
2010.03.15 16:05:23.839,1.0637,1.06385,8.00,22.50
2010.03.15 16:05:24.080,1.0637,1.06385,4.80,4.90
2010.03.15 16:05:24.350,1.0637,1.06385,14.40,4.10
2010.03.15 16:05:24.620,1.0637,1.06385,9.60,4.10
2010.03.15 16:05:26.090,1.0637,1.06385,10.40,4.10
2010.03.15 16:05:26.329,1.0637,1.06385,8.00,4.10
2010.03.15 16:05:26.568,1.0637,1.06385,3.20,4.10
2010.03.15 16:05:28.504,1.06375,1.0639,6.40,8.00
2010.03.15 16:05:28.934,1.06375,1.0639,6.40,1.60
2010.03.15 16:05:29.291,1.06375,1.0639,8.10,1.60
2010.03.15 16:05:29.625,1.06375,1.0639,5.70,4.00
2010.03.15 16:05:29.963,1.06375,1.0639,12.90,1.60
2010.03.15 16:05:30.990,1.06375,1.0639,8.00,1.60
2010.03.15 16:05:31.337,1.06375,1.0639,12.80,1.60
2010.03.15 16:05:31.628,1.0637,1.0639,24.10,4.00
2010.03.15 16:05:31.918,1.06375,1.0639,10.40,1.60
2010.03.15 16:05:36.476,1.06375,1.0639,15.40,1.60
2010.03.15 16:05:36.826,1.06375,1.06395,17.00,21.40
2010.03.15 16:05:37.175,1.06375,1.06395,17.00,24.70
2010.03.15 16:05:37.476,1.0638,1.06395,1.00,12.90
2010.03.15 16:05:37.933,1.06375,1.06395,22.60,8.10
2010.03.15 16:05:38.214,1.06375,1.06395,23.40,7.30
2010.03.15 16:05:38.496,1.0638,1.06395,1.60,5.70
2010.03.15 16:05:38.779,1.0638,1.06395,1.60,5.60
2010.03.15 16:05:39.068,1.06385,1.064,4.00,3.40
2010.03.15 16:05:39.434,1.06385,1.064,7.30,3.20
2010.03.15 16:05:39.926,1.06385,1.064,7.10,3.20
2010.03.15 16:05:40.284,1.06385,1.064,6.40,4.00
2010.03.15 16:05:41.630,1.06385,1.064,6.40,4.10
2010.03.15 16:05:42.987,1.06385,1.064,2.00,8.10
2010.03.15 16:05:43.196,1.06385,1.064,4.40,4.10
2010.03.15 16:05:43.416,1.06385,1.064,6.00,4.00
2010.03.15 16:05:45.445,1.06385,1.064,6.00,3.20
2010.03.15 16:05:45.800,1.06385,1.064,6.00,3.30
2010.03.15 16:05:46.148,1.06385,1.064,4.40,4.10
2010.03.15 16:05:46.498,1.06385,1.064,2.00,8.10
2010.03.15 16:05:46.846,1.06385,1.06395,1.00,2.50
2010.03.15 16:05:47.194,1.06385,1.06395,1.00,4.10
2010.03.15 16:05:48.224,1.06385,1.06395,1.00,5.70
2010.03.15 16:05:48.651,1.06385,1.06395,1.00,5.60
2010.03.15 16:05:53.788,1.06385,1.06395,1.80,5.60
2010.03.15 16:05:54.293,1.06385,1.06395,1.00,5.60
2010.03.15 16:05:54.992,1.06385,1.06395,1.00,5.70
2010.03.15 16:05:57.795,1.06385,1.06395,1.00,6.10
2010.03.15 16:05:58.127,1.06385,1.06395,1.00,8.10
2010.03.15 16:05:58.381,1.0638,1.06395,1.60,8.90
2010.03.15 16:05:58.578,1.0638,1.06395,1.60,9.70
2010.03.15 16:06:00.128,1.0638,1.0639,1.60,3.20
2010.03.15 16:06:00.404,1.0638,1.0639,1.60,7.20
2010.03.15 16:06:00.547,1.06375,1.06385,1.70,4.10
2010.03.15 16:06:00.894,1.06375,1.06385,1.00,2.50
2010.03.15 16:06:01.245,1.06375,1.0639,1.70,11.60
2010.03.15 16:06:01.601,1.06375,1.0639,6.70,3.20
2010.03.15 16:06:01.954,1.06375,1.0639,6.50,3.20
2010.03.15 16:06:02.310,1.06375,1.0639,2.50,5.70
2010.03.15 16:06:03.009,1.0637,1.0639,15.60,4.00
2010.03.15 16:06:03.361,1.0638,1.0639,1.60,1.60
2010.03.15 16:06:03.705,1.0638,1.06395,1.60,6.70
2010.03.15 16:06:03.994,1.06375,1.06395,14.00,9.30
2010.03.15 16:06:04.281,1.06375,1.06395,12.40,15.20
2010.03.15 16:06:04.559,1.06375,1.06395,12.40,16.80
2010.03.15 16:06:04.907,1.06375,1.0639,12.40,1.60
2010.03.15 16:06:05.258,1.06375,1.0639,6.70,4.00
2010.03.15 16:06:07.608,1.06375,1.0639,8.30,4.00
2010.03.15 16:06:08.387,1.06375,1.0639,9.10,4.00
2010.03.15 16:06:08.685,1.0638,1.0639,1.60,1.60
2010.03.15 16:06:08.989,1.06385,1.06395,1.60,17.70
2010.03.15 16:06:09.391,1.06385,1.06395,1.60,5.70
2010.03.15 16:06:14.635,1.06385,1.06395,1.60,7.30
2010.03.15 16:06:14.974,1.06385,1.06395,1.60,5.70
2010.03.15 16:06:16.386,1.06375,1.0639,7.30,5.70
2010.03.15 16:06:16.737,1.06375,1.0639,2.50,11.30
2010.03.15 16:06:17.738,1.06375,1.06385,2.50,2.40
2010.03.15 16:06:18.047,1.06375,1.0639,6.50,4.10
2010.03.15 16:06:18.358,1.0638,1.0639,1.60,4.00
2010.03.15 16:06:18.666,1.0638,1.0639,1.60,2.40
2010.03.15 16:06:22.139,1.0638,1.0639,1.60,4.00
2010.03.15 16:06:22.425,1.0638,1.0639,1.60,5.60
2010.03.15 16:06:23.676,1.06375,1.06385,1.70,2.40
2010.03.15 16:06:25.410,1.06375,1.0639,3.50,6.40
2010.03.15 16:06:25.805,1.06375,1.0639,3.50,5.60
2010.03.15 16:06:26.163,1.06375,1.0639,4.30,5.60
2010.03.15 16:06:26.513,1.06375,1.0639,1.90,6.40
2010.03.15 16:06:28.283,1.0638,1.0639,1.60,4.00
2010.03.15 16:06:28.514,1.0638,1.0639,1.60,1.60
2010.03.15 16:06:28.754,1.06385,1.06395,1.60,12.30
2010.03.15 16:06:28.995,1.06385,1.06395,1.60,8.10
2010.03.15 16:06:29.453,1.0638,1.06395,1.60,8.10
2010.03.15 16:06:31.656,1.0638,1.0639,1.60,1.00
2010.03.15 16:06:31.857,1.0638,1.0639,1.50,5.60
2010.03.15 16:06:37.061,1.0638,1.0639,1.50,4.00
2010.03.15 16:06:37.178,1.06385,1.0639,1.50,4.00
2010.03.15 16:06:37.292,1.06385,1.0639,1.50,1.60
2010.03.15 16:06:38.736,1.06375,1.0639,7.60,4.00
2010.03.15 16:06:39.181,1.06375,1.0639,12.40,4.00
2010.03.15 16:06:39.670,1.06375,1.0639,12.40,4.00
2010.03.15 16:06:40.262,1.06375,1.0639,14.00,1.60
2010.03.15 16:06:40.486,1.0638,1.06395,4.80,8.10
2010.03.15 16:06:40.898,1.0638,1.06395,14.40,2.40
2010.03.15 16:06:41.249,1.06385,1.064,4.80,4.00
2010.03.15 16:06:41.596,1.06385,1.06395,3.20,2.40
2010.03.15 16:06:41.961,1.06385,1.06395,1.60,2.40
2010.03.15 16:06:42.319,1.06385,1.06395,3.20,2.40
2010.03.15 16:06:43.370,1.06385,1.06395,1.60,4.10
2010.03.15 16:06:43.716,1.06375,1.0639,6.80,4.00
2010.03.15 16:06:44.063,1.06375,1.0639,3.60,4.00
2010.03.15 16:06:44.437,1.06375,1.06385,6.50,1.00
2010.03.15 16:06:44.731,1.06375,1.06385,1.70,2.40
2010.03.15 16:06:46.015,1.06375,1.06385,1.00,2.40
2010.03.15 16:06:46.361,1.06375,1.06385,1.70,2.40
2010.03.15 16:06:48.147,1.06375,1.06385,1.00,2.50
2010.03.15 16:06:48.826,1.06375,1.06385,1.00,1.00
2010.03.15 16:06:48.947,1.06375,1.06385,1.70,1.00
2010.03.15 16:06:49.153,1.06375,1.0639,1.90,7.30
2010.03.15 16:06:49.286,1.06375,1.0639,8.30,4.00
2010.03.15 16:06:49.408,1.06375,1.0639,13.20,4.00
2010.03.15 16:06:49.762,1.06375,1.0639,8.40,4.00
2010.03.15 16:06:50.460,1.06375,1.06395,8.40,14.00
2010.03.15 16:06:50.812,1.06375,1.0639,2.00,6.40
2010.03.15 16:06:51.332,1.06375,1.0639,8.40,6.40
2010.03.15 16:06:51.681,1.06375,1.0639,8.30,6.40
2010.03.15 16:06:51.949,1.06375,1.0639,6.70,6.40
2010.03.15 16:06:52.216,1.06375,1.0639,8.30,6.40
2010.03.15 16:06:52.487,1.06375,1.06395,8.30,12.30
2010.03.15 16:06:52.763,1.06375,1.0639,6.70,5.60
2010.03.15 16:06:53.113,1.06375,1.06385,1.90,2.40
2010.03.15 16:06:54.152,1.06375,1.06385,1.00,2.50
2010.03.15 16:06:54.692,1.06365,1.0638,16.80,4.90
2010.03.15 16:06:55.043,1.0636,1.06375,3.20,4.00
2010.03.15 16:06:55.388,1.0636,1.06375,3.20,2.40
2010.03.15 16:06:56.430,1.0636,1.0638,12.10,12.90
2010.03.15 16:06:56.776,1.0636,1.0638,12.90,12.10
2010.03.15 16:06:57.127,1.0636,1.0638,17.70,7.30
2010.03.15 16:06:58.030,1.0636,1.06375,9.60,4.00
2010.03.15 16:06:59.174,1.0636,1.0638,8.00,12.90
2010.03.15 16:07:02.320,1.0636,1.06375,8.00,4.10
2010.03.15 16:07:02.498,1.0636,1.06375,8.00,5.70
2010.03.15 16:07:02.839,1.0636,1.06375,4.80,5.70
2010.03.15 16:07:03.392,1.06355,1.0637,4.80,8.90
2010.03.15 16:07:03.736,1.06355,1.0637,1.60,7.30
2010.03.15 16:07:04.635,1.06355,1.0637,6.40,7.30
2010.03.15 16:07:06.559,1.0635,1.0637,12.20,12.90
2010.03.15 16:07:06.871,1.0635,1.0637,12.20,13.70
2010.03.15 16:07:07.357,1.06345,1.0637,23.10,12.90
2010.03.15 16:07:07.705,1.0635,1.0637,13.00,7.30
2010.03.15 16:07:11.440,1.0635,1.0637,17.80,7.30
2010.03.15 16:07:13.470,1.06355,1.0637,4.10,3.20
2010.03.15 16:07:13.580,1.06355,1.0637,5.70,1.60
2010.03.15 16:07:14.749,1.06355,1.06375,8.10,18.80
2010.03.15 16:07:14.963,1.0636,1.06375,1.60,5.60
2010.03.15 16:07:15.177,1.0636,1.06375,6.40,5.60
2010.03.15 16:07:15.533,1.0636,1.06375,1.60,5.70
2010.03.15 16:07:15.889,1.0636,1.06375,8.80,2.50
2010.03.15 16:07:16.240,1.0636,1.06375,3.30,2.40
2010.03.15 16:07:16.590,1.0636,1.0638,10.50,12.00
2010.03.15 16:07:16.938,1.0636,1.0638,10.50,12.80
2010.03.15 16:07:17.290,1.06365,1.0638,7.40,5.60
2010.03.15 16:07:17.634,1.06365,1.06385,9.00,22.80
2010.03.15 16:07:18.118,1.06365,1.06375,8.00,2.40
2010.03.15 16:07:18.478,1.0636,1.0637,4.80,5.60
2010.03.15 16:07:18.831,1.0635,1.0637,5.60,12.90
2010.03.15 16:07:19.173,1.0635,1.06365,5.60,1.60
2010.03.15 16:07:19.511,1.0635,1.06365,5.60,3.30
2010.03.15 16:07:19.766,1.0635,1.06365,2.40,3.30
2010.03.15 16:07:20.015,1.0635,1.06365,2.40,3.20
2010.03.15 16:07:20.273,1.0635,1.06365,4.00,3.20
2010.03.15 16:07:21.556,1.0635,1.06365,4.80,7.30
2010.03.15 16:07:21.861,1.0635,1.0636,2.40,1.60
2010.03.15 16:07:22.044,1.0635,1.06365,3.20,4.90
2010.03.15 16:07:23.570,1.0635,1.06365,3.20,4.80
2010.03.15 16:07:23.920,1.0635,1.06365,1.00,7.30
2010.03.15 16:07:24.599,1.0635,1.0636,1.00,1.60
2010.03.15 16:07:25.217,1.0635,1.06365,1.00,7.30
2010.03.15 16:07:25.585,1.06355,1.06365,1.60,7.30
2010.03.15 16:07:25.929,1.06355,1.0636,1.60,1.60
2010.03.15 16:07:28.868,1.0635,1.06365,1.60,7.30
2010.03.15 16:07:29.795,1.0635,1.06365,1.60,8.10
2010.03.15 16:07:30.108,1.0635,1.06365,1.60,12.90
2010.03.15 16:07:30.413,1.0635,1.0636,1.60,1.60
2010.03.15 16:07:31.014,1.0635,1.06365,1.60,12.10
2010.03.15 16:07:31.364,1.0635,1.06365,1.60,7.30
2010.03.15 16:07:32.388,1.0635,1.0636,1.60,1.60
2010.03.15 16:07:33.123,1.0635,1.0636,1.60,4.10
2010.03.15 16:07:33.393,1.0635,1.0636,1.60,1.60
2010.03.15 16:07:34.260,1.0635,1.06365,1.60,12.00
2010.03.15 16:07:34.620,1.0635,1.0636,1.60,1.60
2010.03.15 16:07:36.485,1.0635,1.0636,1.60,4.10
2010.03.15 16:07:41.380,1.06345,1.06355,1.60,8.90
2010.03.15 16:07:41.729,1.06345,1.0635,1.60,2.50
2010.03.15 16:07:42.080,1.06325,1.06345,8.00,4.10
2010.03.15 16:07:42.431,1.06325,1.06345,10.40,4.10
2010.03.15 16:07:42.778,1.06325,1.06345,5.60,5.70
2010.03.15 16:07:43.478,1.0633,1.06345,5.60,3.20
2010.03.15 16:07:44.179,1.0633,1.06345,5.60,3.30
2010.03.15 16:07:44.498,1.0633,1.06345,3.20,5.70
2010.03.15 16:07:44.846,1.0633,1.06345,3.20,5.60
2010.03.15 16:07:45.160,1.0633,1.0634,12.80,1.60
2010.03.15 16:07:45.467,1.0633,1.06345,8.80,5.70
2010.03.15 16:07:45.775,1.06335,1.0634,1.60,2.50
2010.03.15 16:07:46.133,1.06335,1.0634,1.60,1.60
2010.03.15 16:07:46.668,1.0633,1.0634,1.60,1.60
2010.03.15 16:07:47.019,1.06325,1.06335,1.60,1.60
2010.03.15 16:07:48.435,1.06325,1.0633,1.60,1.60
2010.03.15 16:07:48.801,1.0632,1.06325,6.40,1.60
2010.03.15 16:07:49.105,1.06315,1.06335,1.60,27.30
2010.03.15 16:07:49.400,1.06315,1.0633,2.40,4.00
2010.03.15 16:07:49.989,1.06315,1.0633,4.80,1.60
2010.03.15 16:07:50.338,1.06315,1.0634,14.60,23.00
2010.03.15 16:07:50.767,1.0632,1.06335,4.00,3.20
2010.03.15 16:07:51.121,1.0632,1.0633,4.00,1.60
2010.03.15 16:07:52.627,1.0632,1.0634,4.10,21.40
2010.03.15 16:07:52.868,1.0632,1.06335,5.60,3.20
2010.03.15 16:07:53.115,1.0632,1.0633,3.20,1.60
2010.03.15 16:07:55.987,1.0632,1.0634,1.60,23.10
2010.03.15 16:07:56.333,1.06325,1.06335,1.60,4.90
2010.03.15 16:07:57.402,1.06325,1.06335,1.60,5.70
2010.03.15 16:07:57.692,1.06325,1.0633,1.60,1.00
2010.03.15 16:07:57.829,1.06325,1.0633,1.60,1.70
2010.03.15 16:07:58.231,1.06325,1.0633,1.60,4.10
2010.03.15 16:07:58.374,1.06315,1.06325,4.80,2.40
2010.03.15 16:07:58.923,1.06315,1.0633,11.30,1.70
2010.03.15 16:07:59.279,1.06315,1.0633,13.70,1.70
2010.03.15 16:08:00.087,1.06315,1.0633,13.70,1.60
2010.03.15 16:08:00.354,1.06315,1.0633,15.30,1.60
2010.03.15 16:08:00.627,1.06315,1.0633,4.00,3.30
2010.03.15 16:08:00.973,1.06315,1.06325,1.60,1.60
2010.03.15 16:08:02.386,1.06315,1.06325,1.60,1.70
2010.03.15 16:08:02.664,1.06315,1.06325,1.60,1.60
2010.03.15 16:08:02.902,1.06315,1.0633,1.60,5.70
2010.03.15 16:08:03.882,1.06315,1.0633,6.40,5.60
2010.03.15 16:08:04.169,1.06315,1.0633,6.50,5.60
2010.03.15 16:08:04.460,1.06315,1.0633,8.00,4.00
2010.03.15 16:08:04.749,1.06315,1.0633,9.60,4.00
2010.03.15 16:08:04.999,1.06315,1.0633,10.40,4.00
2010.03.15 16:08:05.347,1.06315,1.0633,9.60,4.00
2010.03.15 16:08:05.600,1.06315,1.0633,8.00,4.00
2010.03.15 16:08:06.599,1.06315,1.0633,12.00,2.40
2010.03.15 16:08:06.945,1.06325,1.06335,2.40,1.60
2010.03.15 16:08:07.298,1.06325,1.0634,1.60,5.70
2010.03.15 16:08:07.648,1.06335,1.0634,4.90,1.60
2010.03.15 16:08:07.993,1.06345,1.0636,1.60,4.40
2010.03.15 16:08:08.341,1.06345,1.0636,1.60,3.20
2010.03.15 16:08:12.649,1.0635,1.0636,1.60,12.80
2010.03.15 16:08:12.928,1.0635,1.06365,1.60,19.30
2010.03.15 16:08:13.252,1.0635,1.06365,1.60,14.50
2010.03.15 16:08:13.574,1.0635,1.0636,1.60,1.60
2010.03.15 16:08:13.903,1.0635,1.0636,1.60,4.90
2010.03.15 16:08:14.358,1.06345,1.06365,1.60,26.70
2010.03.15 16:08:14.705,1.06345,1.0636,1.60,14.50
2010.03.15 16:08:15.050,1.06345,1.0636,1.60,7.30
2010.03.15 16:08:15.399,1.0634,1.0636,15.20,8.10
2010.03.15 16:08:16.428,1.06345,1.0636,1.60,8.00
2010.03.15 16:08:16.709,1.06345,1.0636,1.60,7.20
2010.03.15 16:08:17.545,1.06345,1.0636,1.60,8.00
2010.03.15 16:08:17.777,1.06345,1.0636,1.60,7.20
2010.03.15 16:08:18.246,1.06345,1.0636,1.60,7.30
2010.03.15 16:08:18.483,1.06345,1.0636,3.30,5.60
2010.03.15 16:08:18.787,1.06345,1.0636,3.40,5.60
2010.03.15 16:08:19.095,1.06345,1.0636,5.00,5.60
2010.03.15 16:08:19.786,1.06345,1.0636,3.30,5.60
2010.03.15 16:08:20.060,1.06345,1.0636,1.60,6.40
2010.03.15 16:08:20.340,1.06345,1.0636,1.60,9.60
2010.03.15 16:08:24.583,1.06345,1.0636,1.60,10.40
2010.03.15 16:08:28.545,1.06345,1.0636,1.60,10.50
2010.03.15 16:08:28.837,1.06345,1.06355,1.60,1.60
2010.03.15 16:08:29.002,1.06345,1.06355,1.60,7.20
2010.03.15 16:08:29.170,1.06345,1.06355,1.60,8.00
2010.03.15 16:08:29.335,1.06345,1.06355,1.60,7.20
2010.03.15 16:08:30.180,1.06345,1.06355,1.60,7.30
2010.03.15 16:08:30.527,1.06335,1.0635,4.80,6.20
2010.03.15 16:08:30.859,1.06335,1.0635,1.60,9.40
2010.03.15 16:08:31.196,1.06335,1.0635,1.60,14.20
2010.03.15 16:08:31.844,1.06335,1.0635,1.60,15.80
2010.03.15 16:08:32.873,1.06335,1.0635,1.60,16.60
2010.03.15 16:08:33.157,1.06335,1.0635,1.60,17.40
2010.03.15 16:08:33.540,1.06335,1.06345,1.60,4.00
2010.03.15 16:08:33.825,1.06335,1.06345,1.60,5.60
2010.03.15 16:08:37.053,1.06335,1.06345,1.60,5.70
2010.03.15 16:08:37.560,1.06335,1.06345,1.60,7.30
2010.03.15 16:08:38.585,1.06335,1.0634,1.60,1.00
2010.03.15 16:08:38.908,1.06335,1.0634,1.60,2.50
2010.03.15 16:08:43.975,1.06325,1.0634,13.70,2.50
2010.03.15 16:08:44.680,1.06325,1.0634,12.90,2.50
2010.03.15 16:08:44.789,1.06325,1.0634,8.10,2.50
2010.03.15 16:08:44.903,1.06325,1.0634,5.70,2.50
2010.03.15 16:08:45.024,1.06325,1.0634,4.10,4.10
2010.03.15 16:08:45.145,1.06325,1.0634,2.50,4.10
2010.03.15 16:08:45.816,1.06325,1.06335,1.60,1.00
2010.03.15 16:08:46.173,1.0632,1.06335,15.30,1.70
2010.03.15 16:08:46.534,1.0632,1.0633,6.40,2.50
2010.03.15 16:08:46.891,1.0631,1.0633,18.50,7.30
2010.03.15 16:08:47.408,1.06315,1.0633,1.60,12.90
2010.03.15 16:08:47.755,1.06315,1.0633,3.20,4.10
2010.03.15 16:08:49.813,1.06315,1.0633,4.80,2.50
2010.03.15 16:08:50.042,1.06315,1.0633,9.70,2.50
2010.03.15 16:08:51.527,1.06325,1.06335,1.00,12.80
2010.03.15 16:08:51.869,1.06325,1.06335,1.00,1.00
2010.03.15 16:08:52.213,1.06325,1.0634,1.00,12.10
2010.03.15 16:08:52.729,1.0632,1.06335,12.10,1.00
2010.03.15 16:08:52.904,1.0632,1.06335,8.90,3.20
2010.03.15 16:08:53.253,1.0632,1.06335,5.60,1.70
2010.03.15 16:08:53.604,1.0632,1.06335,3.20,5.70
2010.03.15 16:08:56.983,1.0632,1.06335,1.60,7.30
2010.03.15 16:08:57.242,1.06315,1.06335,20.00,7.30
2010.03.15 16:08:57.501,1.06315,1.06335,20.10,7.30
2010.03.15 16:08:58.772,1.0632,1.06335,1.60,7.30
2010.03.15 16:08:59.083,1.0632,1.06335,1.60,8.90
2010.03.15 16:09:00.906,1.0632,1.06335,1.60,9.70
2010.03.15 16:09:01.710,1.06315,1.06335,19.30,8.10
2010.03.15 16:09:02.000,1.0632,1.06335,2.40,7.30
2010.03.15 16:09:02.288,1.0632,1.06335,4.00,7.30
2010.03.15 16:09:02.596,1.0632,1.06335,2.40,7.30
2010.03.15 16:09:05.013,1.06315,1.06335,20.20,7.30
2010.03.15 16:09:05.082,1.06315,1.06335,19.40,7.30
2010.03.15 16:09:05.648,1.06315,1.06335,13.80,9.70
2010.03.15 16:09:06.609,1.06315,1.06335,13.70,9.70
2010.03.15 16:09:06.955,1.06315,1.06335,13.70,11.30
2010.03.15 16:09:08.324,1.06315,1.06335,14.00,11.30
2010.03.15 16:09:10.443,1.06315,1.0633,10.80,3.30
2010.03.15 16:09:10.785,1.0631,1.06325,5.60,1.70
2010.03.15 16:09:10.897,1.0631,1.06325,8.80,3.30
2010.03.15 16:09:11.248,1.0631,1.06325,4.80,3.30
2010.03.15 16:09:11.600,1.0631,1.0633,13.00,7.70
2010.03.15 16:09:11.961,1.0631,1.06325,4.80,4.10
2010.03.15 16:09:12.465,1.0631,1.06325,1.60,4.10
2010.03.15 16:09:12.821,1.0631,1.06325,1.60,7.30
2010.03.15 16:09:14.132,1.0631,1.0632,1.60,1.00
2010.03.15 16:09:14.298,1.06305,1.0632,11.30,2.50
2010.03.15 16:09:14.464,1.06305,1.0632,18.40,1.00
2010.03.15 16:09:14.879,1.06305,1.0632,18.50,1.00
2010.03.15 16:09:15.049,1.06305,1.0632,20.10,1.00
2010.03.15 16:09:15.930,1.0631,1.06325,1.00,7.20
2010.03.15 16:09:16.278,1.0631,1.06325,12.10,1.70
2010.03.15 16:09:16.624,1.0631,1.06325,11.30,1.70
2010.03.15 16:09:16.977,1.0631,1.0633,13.80,10.50
2010.03.15 16:09:17.325,1.06315,1.0633,1.00,5.70
2010.03.15 16:09:18.013,1.0631,1.0633,17.80,5.70
2010.03.15 16:09:18.934,1.06315,1.0633,3.20,5.70
2010.03.15 16:09:19.353,1.06315,1.0633,1.60,5.70
2010.03.15 16:09:19.635,1.0631,1.0633,17.00,9.70
2010.03.15 16:09:19.910,1.0631,1.0633,17.00,10.50
2010.03.15 16:09:20.193,1.0631,1.0633,12.20,9.70
2010.03.15 16:09:20.471,1.0631,1.0633,13.00,7.30
2010.03.15 16:09:20.753,1.0631,1.06325,9.60,3.30
2010.03.15 16:09:21.107,1.0631,1.06325,8.80,3.20
2010.03.15 16:09:21.454,1.0631,1.06325,6.50,1.60
2010.03.15 16:09:21.803,1.0631,1.06325,11.40,1.60
2010.03.15 16:09:22.159,1.0631,1.0633,11.40,12.90
2010.03.15 16:09:22.467,1.0631,1.0633,16.20,7.30
2010.03.15 16:09:24.089,1.0631,1.06325,16.20,1.60
2010.03.15 16:09:24.198,1.0631,1.0633,16.20,7.30
2010.03.15 16:09:25.436,1.0631,1.06325,13.70,2.40
2010.03.15 16:09:25.607,1.0631,1.06325,7.30,8.10
2010.03.15 16:09:25.776,1.0631,1.06325,1.00,7.30
2010.03.15 16:09:26.061,1.06305,1.06325,20.20,8.10
2010.03.15 16:09:26.422,1.0631,1.06325,2.40,5.60
2010.03.15 16:09:26.768,1.0631,1.06325,2.40,4.80
2010.03.15 16:09:27.116,1.0631,1.06325,5.60,3.20
2010.03.15 16:09:27.816,1.0631,1.06325,10.40,3.20
2010.03.15 16:09:28.322,1.0631,1.06325,5.60,3.20
2010.03.15 16:09:29.205,1.0631,1.06325,10.40,3.20
2010.03.15 16:09:29.785,1.0631,1.06325,5.60,3.20
2010.03.15 16:09:30.708,1.0631,1.06325,5.70,3.20
2010.03.15 16:09:31.221,1.0631,1.06325,8.10,5.60
2010.03.15 16:09:31.572,1.0631,1.06325,5.60,3.20
2010.03.15 16:09:31.919,1.0631,1.06325,5.70,3.20
2010.03.15 16:09:32.270,1.0631,1.06325,6.50,5.70
2010.03.15 16:09:32.623,1.0631,1.06325,1.70,5.70
2010.03.15 16:09:32.971,1.0631,1.06325,1.60,5.70
2010.03.15 16:09:33.806,1.06305,1.06325,23.30,7.30
2010.03.15 16:09:34.159,1.0631,1.06325,1.00,7.30
2010.03.15 16:09:34.531,1.0631,1.0632,2.90,1.60
2010.03.15 16:09:34.878,1.0631,1.06325,2.90,5.60
2010.03.15 16:09:35.231,1.0631,1.06325,2.90,4.80
2010.03.15 16:09:35.589,1.0631,1.06325,2.90,4.90
2010.03.15 16:09:36.051,1.0631,1.06325,1.00,7.30
2010.03.15 16:09:36.400,1.0631,1.06325,1.00,7.20
2010.03.15 16:09:36.756,1.0631,1.06325,1.00,7.30
2010.03.15 16:09:37.440,1.0631,1.06325,2.90,4.90
2010.03.15 16:09:37.790,1.0631,1.06325,1.00,7.30
2010.03.15 16:09:38.308,1.0631,1.06325,1.00,8.10
2010.03.15 16:09:38.569,1.0631,1.0632,1.00,1.60
2010.03.15 16:09:40.650,1.0631,1.06325,1.00,7.30
2010.03.15 16:09:41.645,1.0631,1.06325,2.90,4.80
2010.03.15 16:09:41.994,1.0631,1.06325,7.00,3.20
2010.03.15 16:09:42.289,1.0631,1.06325,11.80,3.20
2010.03.15 16:09:43.174,1.0631,1.0632,1.00,4.10
2010.03.15 16:09:43.425,1.063,1.06315,4.20,8.10
2010.03.15 16:09:43.665,1.0629,1.06315,25.90,8.10
2010.03.15 16:09:43.900,1.0629,1.06315,26.70,8.10
2010.03.15 16:09:44.268,1.0629,1.06315,26.70,8.10
2010.03.15 16:09:44.635,1.063,1.06315,13.10,2.40
2010.03.15 16:09:44.987,1.063,1.0632,21.80,8.00
2010.03.15 16:09:45.485,1.063,1.0632,21.90,3.20
2010.03.15 16:09:45.850,1.06305,1.06325,20.80,3.20
2010.03.15 16:09:46.372,1.06305,1.06325,23.40,3.20
2010.03.15 16:09:47.409,1.06305,1.0632,20.20,1.60
2010.03.15 16:09:48.106,1.06305,1.0632,15.40,1.60
2010.03.15 16:09:48.458,1.06305,1.0632,5.60,1.60
2010.03.15 16:09:48.807,1.06305,1.0632,4.00,3.20
2010.03.15 16:09:49.160,1.063,1.06315,4.90,3.20
2010.03.15 16:09:49.509,1.06295,1.06315,22.60,3.20
2010.03.15 16:09:49.805,1.06295,1.06315,24.20,3.20
2010.03.15 16:09:50.107,1.06295,1.06315,23.30,3.20
2010.03.15 16:09:51.197,1.06295,1.06315,23.40,3.20
2010.03.15 16:09:51.554,1.06295,1.06315,24.20,1.60
2010.03.15 16:09:51.910,1.06295,1.06315,23.40,3.20
2010.03.15 16:09:52.255,1.06295,1.06315,23.40,3.20
2010.03.15 16:09:53.237,1.06295,1.0631,19.40,1.60
2010.03.15 16:09:53.418,1.0629,1.0631,20.20,4.80
2010.03.15 16:09:53.593,1.0629,1.06315,25.00,13.70
2010.03.15 16:09:53.775,1.0629,1.06315,24.20,8.90
2010.03.15 16:09:54.324,1.06295,1.06315,16.10,8.90
2010.03.15 16:09:54.897,1.0629,1.06315,24.20,8.90
2010.03.15 16:09:55.197,1.0629,1.06315,24.20,8.90
2010.03.15 16:09:55.707,1.06285,1.06315,44.20,8.90
2010.03.15 16:09:56.054,1.0629,1.06315,24.20,8.90
2010.03.15 16:09:56.741,1.0629,1.0631,23.40,1.60
2010.03.15 16:09:57.084,1.0629,1.0631,21.00,2.40
2010.03.15 16:09:58.743,1.0629,1.0631,20.20,2.40
2010.03.15 16:09:58.928,1.0629,1.0631,19.30,4.00
2010.03.15 16:09:59.134,1.06295,1.0631,3.20,4.00
2010.03.15 16:09:59.389,1.06295,1.0631,3.20,1.60
2010.03.15 16:10:00.911,1.06295,1.06315,3.20,28.40
2010.03.15 16:10:01.261,1.0629,1.0631,17.80,1.60
2010.03.15 16:10:01.603,1.06295,1.0631,5.70,1.60
2010.03.15 16:10:01.952,1.0629,1.0631,18.60,1.60
2010.03.15 16:10:02.262,1.0629,1.0631,19.40,1.60
2010.03.15 16:10:03.511,1.0629,1.0631,18.60,1.60
2010.03.15 16:10:04.631,1.0629,1.0631,18.60,1.60
2010.03.15 16:10:05.996,1.06295,1.0631,3.20,4.00
2010.03.15 16:10:06.342,1.0629,1.0631,17.80,4.00
2010.03.15 16:10:07.887,1.0629,1.0631,17.80,5.60
2010.03.15 16:10:08.149,1.0629,1.0631,17.80,6.60
2010.03.15 16:10:08.410,1.0629,1.0631,17.80,8.20
2010.03.15 16:10:08.749,1.0629,1.0631,17.80,7.40
2010.03.15 16:10:09.081,1.0629,1.0631,17.80,6.40
2010.03.15 16:10:09.503,1.06295,1.0631,3.30,5.60
2010.03.15 16:10:09.649,1.06295,1.0631,3.30,7.20
2010.03.15 16:10:10.740,1.06295,1.06305,1.60,1.00
2010.03.15 16:10:10.900,1.0629,1.06305,13.60,2.50
2010.03.15 16:10:11.214,1.0629,1.06305,6.40,6.50
2010.03.15 16:10:11.376,1.06295,1.06305,1.00,5.70
2010.03.15 16:10:12.071,1.0629,1.06305,1.80,4.10
2010.03.15 16:10:12.601,1.0629,1.0631,6.70,12.80
2010.03.15 16:10:12.774,1.0629,1.0631,16.30,7.20
2010.03.15 16:10:12.952,1.0629,1.0631,16.30,8.00
2010.03.15 16:10:13.128,1.0629,1.06305,16.20,1.60
2010.03.15 16:10:13.461,1.0629,1.06305,10.60,1.70
2010.03.15 16:10:13.813,1.0629,1.06305,3.40,4.10
2010.03.15 16:10:14.163,1.0629,1.06305,10.60,1.60
2010.03.15 16:10:19.005,1.06295,1.06305,1.00,1.60
2010.03.15 16:10:20.067,1.0629,1.06305,8.90,3.30
2010.03.15 16:10:20.161,1.0629,1.06305,9.00,5.60
2010.03.15 16:10:20.254,1.0629,1.0631,5.70,12.90
2010.03.15 16:10:20.355,1.0629,1.0631,10.50,8.10
2010.03.15 16:10:20.876,1.0629,1.06305,16.10,1.60
2010.03.15 16:10:21.222,1.0629,1.0631,10.50,12.90
2010.03.15 16:10:21.567,1.0629,1.06305,11.30,1.00
2010.03.15 16:10:23.098,1.06285,1.06305,30.70,1.00
2010.03.15 16:10:24.132,1.0629,1.06305,8.00,5.80
2010.03.15 16:10:24.480,1.06285,1.06305,30.70,1.60
2010.03.15 16:10:24.761,1.06285,1.06305,30.70,1.60
2010.03.15 16:10:25.058,1.06285,1.06305,30.70,1.00
2010.03.15 16:10:25.198,1.06285,1.06305,30.70,1.80
2010.03.15 16:10:25.338,1.06285,1.06305,29.90,4.20
2010.03.15 16:10:25.475,1.06285,1.06305,29.90,5.80
2010.03.15 16:10:26.837,1.0629,1.06305,4.80,5.80
2010.03.15 16:10:27.184,1.0629,1.063,4.80,1.00
2010.03.15 16:10:32.098,1.0629,1.063,6.40,1.00
2010.03.15 16:10:32.457,1.0629,1.063,12.10,1.00
2010.03.15 16:10:32.685,1.0629,1.063,16.90,1.00
2010.03.15 16:10:32.916,1.0629,1.0631,17.70,7.30
2010.03.15 16:10:34.632,1.06285,1.06305,30.60,1.60
2010.03.15 16:10:34.703,1.06285,1.06305,30.60,4.00
2010.03.15 16:10:34.774,1.06285,1.06305,29.80,4.00
2010.03.15 16:10:34.842,1.06285,1.06305,29.80,4.00
2010.03.15 16:10:35.103,1.06285,1.06305,30.60,4.00
2010.03.15 16:10:36.148,1.06285,1.06305,30.60,4.00
2010.03.15 16:10:36.494,1.0629,1.06305,15.20,4.00
2010.03.15 16:10:36.841,1.0629,1.06305,15.20,2.40
2010.03.15 16:10:37.395,1.0629,1.06305,15.20,2.40
2010.03.15 16:10:37.732,1.0629,1.0631,17.70,7.30
2010.03.15 16:10:39.584,1.0629,1.06305,15.20,4.00
2010.03.15 16:10:39.988,1.06285,1.06305,29.80,4.00
2010.03.15 16:10:40.272,1.06285,1.06305,29.90,4.00
2010.03.15 16:10:40.911,1.06285,1.06305,29.80,4.00
2010.03.15 16:10:42.571,1.0629,1.06305,8.00,4.00
2010.03.15 16:10:42.700,1.0629,1.06305,6.40,4.10
2010.03.15 16:10:42.833,1.06285,1.06305,29.80,5.70
2010.03.15 16:10:42.963,1.06285,1.063,22.90,1.60
2010.03.15 16:10:43.297,1.06285,1.063,8.10,3.20
2010.03.15 16:10:43.645,1.06285,1.063,12.90,3.20
2010.03.15 16:10:43.984,1.06285,1.063,6.50,3.20
2010.03.15 16:10:46.575,1.06285,1.063,8.10,4.00
2010.03.15 16:10:46.920,1.06285,1.063,8.10,3.20
2010.03.15 16:10:48.494,1.06285,1.063,8.00,3.20
2010.03.15 16:10:48.634,1.06285,1.063,6.40,3.20
2010.03.15 16:10:49.325,1.06285,1.06295,1.00,2.40
2010.03.15 16:10:49.674,1.0628,1.06295,11.30,1.60
2010.03.15 16:10:49.811,1.0628,1.063,12.90,8.90
2010.03.15 16:10:49.951,1.0628,1.063,17.70,9.70
2010.03.15 16:10:50.090,1.0628,1.063,17.70,8.90
2010.03.15 16:10:50.231,1.0628,1.063,16.10,8.10
2010.03.15 16:10:50.370,1.0628,1.063,16.90,7.30
2010.03.15 16:10:53.366,1.06285,1.063,1.00,8.90
2010.03.15 16:10:54.263,1.06285,1.063,1.00,7.30
2010.03.15 16:10:54.355,1.06285,1.063,1.00,7.20
2010.03.15 16:10:55.319,1.06285,1.063,1.00,7.30
2010.03.15 16:10:55.676,1.06285,1.063,9.80,4.80
2010.03.15 16:10:56.193,1.06285,1.063,12.10,1.60
2010.03.15 16:10:57.250,1.06285,1.063,11.30,1.60
2010.03.15 16:10:57.692,1.06285,1.063,4.80,5.60
2010.03.15 16:10:59.319,1.06285,1.063,7.30,1.60
2010.03.15 16:10:59.486,1.06285,1.063,12.10,1.60
2010.03.15 16:11:02.865,1.06285,1.063,12.10,3.20
2010.03.15 16:11:02.983,1.06285,1.063,11.30,3.20
2010.03.15 16:11:03.214,1.06285,1.063,6.50,3.20
2010.03.15 16:11:04.354,1.06285,1.063,7.30,3.20
2010.03.15 16:11:04.474,1.06285,1.063,12.10,3.20
2010.03.15 16:11:09.232,1.06285,1.063,11.30,3.20
2010.03.15 16:11:09.513,1.06285,1.063,6.50,3.20
2010.03.15 16:11:10.515,1.06285,1.063,8.10,1.60
2010.03.15 16:11:10.804,1.0629,1.06305,1.70,5.60
2010.03.15 16:11:11.085,1.0629,1.06315,20.30,13.30
2010.03.15 16:11:11.376,1.06295,1.06315,15.10,3.20
2010.03.15 16:11:11.733,1.063,1.0632,16.10,10.40
2010.03.15 16:11:12.263,1.063,1.0632,19.30,4.00
2010.03.15 16:11:12.626,1.063,1.06315,20.90,1.60
2010.03.15 16:11:12.985,1.06295,1.06315,23.70,1.60
2010.03.15 16:11:13.341,1.06295,1.06315,22.10,2.40
2010.03.15 16:11:14.875,1.063,1.06315,5.70,1.60
2010.03.15 16:11:16.676,1.063,1.06315,5.60,1.70
2010.03.15 16:11:17.031,1.063,1.06315,1.60,6.50
2010.03.15 16:11:17.725,1.063,1.0631,1.60,1.60
2010.03.15 16:11:18.004,1.06295,1.06315,20.80,6.50
2010.03.15 16:11:18.282,1.06295,1.06315,20.80,5.70
2010.03.15 16:11:19.069,1.0629,1.0631,25.30,3.30
2010.03.15 16:11:19.294,1.0629,1.0631,21.70,8.10
2010.03.15 16:11:19.755,1.06285,1.06305,29.30,4.00
2010.03.15 16:11:19.977,1.06285,1.06305,27.80,4.00
2010.03.15 16:11:20.335,1.06285,1.06305,26.50,4.00
2010.03.15 16:11:20.694,1.0629,1.0631,22.50,3.20
2010.03.15 16:11:21.045,1.06295,1.0631,11.20,3.20
2010.03.15 16:11:21.401,1.06295,1.0631,2.40,5.70
2010.03.15 16:11:21.746,1.06295,1.0631,1.60,5.70
2010.03.15 16:11:22.437,1.0629,1.06305,17.70,1.60
2010.03.15 16:11:22.915,1.0629,1.0631,17.70,7.30
2010.03.15 16:11:23.396,1.06285,1.06305,29.80,2.40
2010.03.15 16:11:23.640,1.06285,1.06305,27.30,4.00
2010.03.15 16:11:23.875,1.06285,1.06305,24.90,5.60
2010.03.15 16:11:24.392,1.06285,1.06305,25.70,5.60
2010.03.15 16:11:24.676,1.06285,1.06305,25.70,5.60
2010.03.15 16:11:25.232,1.06285,1.06305,25.70,5.60
2010.03.15 16:11:25.441,1.06285,1.06305,24.90,5.60
2010.03.15 16:11:25.825,1.0628,1.06305,28.20,5.60
2010.03.15 16:11:26.040,1.0628,1.06305,20.60,18.40
2010.03.15 16:11:26.257,1.0628,1.063,15.80,6.40
2010.03.15 16:11:26.953,1.0628,1.063,15.00,1.60
2010.03.15 16:11:29.771,1.06285,1.063,15.30,1.60
2010.03.15 16:11:30.190,1.0628,1.063,20.60,1.60
2010.03.15 16:11:30.450,1.0628,1.06305,20.60,12.80
2010.03.15 16:11:31.047,1.0628,1.06305,19.80,23.20
2010.03.15 16:11:32.426,1.0628,1.063,19.00,4.00
2010.03.15 16:11:32.773,1.06275,1.063,32.70,1.60
2010.03.15 16:11:34.569,1.06285,1.063,4.10,1.60
2010.03.15 16:11:35.023,1.06285,1.063,1.60,5.70
2010.03.15 16:11:35.337,1.06285,1.063,5.00,4.00
2010.03.15 16:11:35.652,1.0629,1.06305,3.30,12.80
2010.03.15 16:11:36.120,1.06295,1.0631,2.50,8.00
2010.03.15 16:11:36.479,1.06295,1.0631,2.50,1.60
2010.03.15 16:11:37.829,1.06295,1.0631,2.40,1.70
2010.03.15 16:11:38.155,1.0629,1.0631,12.50,6.50
2010.03.15 16:11:38.465,1.0629,1.0631,12.90,6.50
2010.03.15 16:11:39.944,1.0629,1.0631,12.00,12.90
2010.03.15 16:11:40.231,1.0629,1.06305,9.70,2.40
2010.03.15 16:11:40.933,1.0629,1.06305,9.60,2.40
2010.03.15 16:11:41.270,1.0629,1.06305,10.50,2.40
2010.03.15 16:11:41.608,1.0629,1.06305,10.40,2.40
2010.03.15 16:11:42.448,1.0629,1.0631,13.20,12.10
2010.03.15 16:11:42.578,1.0629,1.06305,12.80,2.40
2010.03.15 16:11:42.708,1.0629,1.06305,9.60,2.40
2010.03.15 16:11:45.766,1.0629,1.06305,3.20,4.00
2010.03.15 16:11:46.107,1.06285,1.06305,25.00,5.60
2010.03.15 16:11:46.460,1.0629,1.06305,3.20,7.20
2010.03.15 16:11:46.810,1.06285,1.06305,20.20,7.20
2010.03.15 16:11:47.160,1.06285,1.06305,18.50,18.40
2010.03.15 16:11:47.509,1.06285,1.06305,12.90,23.20
2010.03.15 16:11:47.890,1.06285,1.06305,15.00,23.20
2010.03.15 16:11:48.274,1.0629,1.06305,1.60,10.40
2010.03.15 16:11:48.478,1.0629,1.06305,4.10,4.00
2010.03.15 16:11:49.180,1.0629,1.06305,3.20,2.40
2010.03.15 16:11:49.692,1.0629,1.06305,8.80,2.40
2010.03.15 16:11:51.358,1.0629,1.0631,7.20,15.30
2010.03.15 16:11:51.656,1.0629,1.06305,8.80,4.00
2010.03.15 16:11:52.016,1.06285,1.06305,15.80,7.20
2010.03.15 16:11:52.374,1.06285,1.06305,8.50,23.20
2010.03.15 16:11:52.718,1.06285,1.06305,9.30,23.20
2010.03.15 16:11:53.256,1.06285,1.06305,7.70,23.20
2010.03.15 16:11:56.952,1.06285,1.06305,9.30,23.20
2010.03.15 16:11:57.640,1.06285,1.06305,8.10,23.20
2010.03.15 16:11:58.904,1.0629,1.06305,2.40,18.40
2010.03.15 16:11:59.170,1.0629,1.06305,5.60,8.80
2010.03.15 16:11:59.334,1.0629,1.06305,5.60,2.40
2010.03.15 16:11:59.494,1.0629,1.06305,10.40,2.40
2010.03.15 16:11:59.657,1.0629,1.06305,15.20,2.40
2010.03.15 16:12:01.905,1.06295,1.06315,12.50,10.50
2010.03.15 16:12:02.239,1.06295,1.06315,20.10,7.30
2010.03.15 16:12:02.497,1.063,1.06315,1.00,7.20
2010.03.15 16:12:02.757,1.063,1.06315,4.50,3.20
2010.03.15 16:12:03.016,1.063,1.0632,7.70,16.80
2010.03.15 16:12:03.367,1.063,1.0632,19.70,5.60
2010.03.15 16:12:03.714,1.063,1.0632,20.50,5.60
2010.03.15 16:12:04.098,1.063,1.06325,19.70,17.70
2010.03.15 16:12:04.974,1.06305,1.0632,1.60,5.60
2010.03.15 16:12:07.099,1.06305,1.0632,11.20,5.60
2010.03.15 16:12:07.445,1.06305,1.0632,3.20,4.00
2010.03.15 16:12:07.659,1.0631,1.06325,2.90,9.60
2010.03.15 16:12:08.087,1.0631,1.06325,4.50,1.60
2010.03.15 16:12:08.340,1.0631,1.06325,7.60,1.60
2010.03.15 16:12:08.560,1.0631,1.06325,7.60,5.60
2010.03.15 16:12:08.918,1.0631,1.06325,2.80,4.80
2010.03.15 16:12:09.273,1.06305,1.0632,14.10,1.60
2010.03.15 16:12:09.799,1.06305,1.0632,2.40,3.20
2010.03.15 16:12:18.289,1.06305,1.0632,12.00,3.20
2010.03.15 16:12:18.502,1.06305,1.0632,14.40,1.60
2010.03.15 16:12:18.873,1.06305,1.06325,13.70,13.60
2010.03.15 16:12:19.088,1.0631,1.06325,2.40,4.80
2010.03.15 16:12:21.122,1.06305,1.06325,14.50,7.20
2010.03.15 16:12:21.626,1.063,1.0632,26.30,1.60
2010.03.15 16:12:21.973,1.06305,1.06325,12.50,23.20
2010.03.15 16:12:22.321,1.06305,1.06325,12.10,23.20
2010.03.15 16:12:22.637,1.0631,1.06325,1.00,23.20
2010.03.15 16:12:22.941,1.0631,1.06325,1.00,23.20
2010.03.15 16:12:23.398,1.0631,1.06325,1.00,22.40
2010.03.15 16:12:23.741,1.0631,1.06325,2.50,12.80
2010.03.15 16:12:24.006,1.0631,1.06325,2.50,4.00
2010.03.15 16:12:24.264,1.0631,1.06325,2.50,3.20
2010.03.15 16:12:25.286,1.06315,1.06325,1.00,3.20
2010.03.15 16:12:25.678,1.06315,1.0633,2.50,16.00
2010.03.15 16:12:25.859,1.06315,1.0633,4.10,8.00
2010.03.15 16:12:26.036,1.06315,1.0633,8.90,3.20
2010.03.15 16:12:27.800,1.0632,1.0633,2.40,3.20
2010.03.15 16:12:27.988,1.06315,1.0633,8.90,1.60
2010.03.15 16:12:28.532,1.06315,1.0633,8.90,3.20
2010.03.15 16:12:28.788,1.06315,1.0633,4.10,3.20
2010.03.15 16:12:29.978,1.0632,1.0633,2.40,3.20
2010.03.15 16:12:30.186,1.06315,1.0633,4.10,1.60
2010.03.15 16:12:30.394,1.06315,1.0633,8.90,1.60
2010.03.15 16:12:30.891,1.06315,1.0633,8.90,3.20
2010.03.15 16:12:31.192,1.06315,1.0633,1.60,5.70
2010.03.15 16:12:31.489,1.06315,1.0633,1.70,5.60
2010.03.15 16:12:31.787,1.06315,1.0633,1.60,5.70
2010.03.15 16:12:33.250,1.06315,1.06335,1.70,19.30
2010.03.15 16:12:34.106,1.06315,1.0633,1.60,5.70
2010.03.15 16:12:34.271,1.06315,1.0633,1.70,5.60
2010.03.15 16:12:34.913,1.06315,1.0633,1.60,5.70
2010.03.15 16:12:35.075,1.06315,1.0633,8.90,3.20
2010.03.15 16:12:36.781,1.06315,1.0633,6.40,5.70
2010.03.15 16:12:37.105,1.06315,1.0633,1.60,5.70
2010.03.15 16:12:37.463,1.0631,1.0633,17.70,7.30
2010.03.15 16:12:38.066,1.0631,1.06325,13.60,3.30
2010.03.15 16:12:38.376,1.06305,1.06325,10.40,14.50
2010.03.15 16:12:38.766,1.06305,1.06325,10.40,12.90
2010.03.15 16:12:39.117,1.06305,1.06325,5.60,12.90
2010.03.15 16:12:39.474,1.0631,1.06325,2.50,4.00
2010.03.15 16:12:39.821,1.0631,1.06325,4.90,3.20
2010.03.15 16:12:40.117,1.0631,1.06325,10.50,1.60
2010.03.15 16:12:40.407,1.0631,1.0633,10.50,7.30
2010.03.15 16:12:40.695,1.0631,1.0633,16.10,7.30
2010.03.15 16:12:41.157,1.0631,1.0633,15.30,7.30
2010.03.15 16:12:41.508,1.0631,1.0633,15.30,8.10
2010.03.15 16:12:41.853,1.0631,1.0633,15.30,7.30
2010.03.15 16:12:43.501,1.0631,1.0633,15.30,8.10
2010.03.15 16:12:46.619,1.0631,1.0633,15.30,8.90
2010.03.15 16:12:46.904,1.0631,1.06325,11.20,5.70
2010.03.15 16:12:47.211,1.0631,1.06325,4.80,16.10
2010.03.15 16:12:47.497,1.0631,1.0632,1.00,1.60
2010.03.15 16:12:48.402,1.0631,1.0632,1.00,1.60
2010.03.15 16:12:49.893,1.0631,1.0632,1.00,3.20
2010.03.15 16:12:50.141,1.0631,1.0632,1.00,5.70
2010.03.15 16:12:50.846,1.0631,1.0632,1.00,5.60
2010.03.15 16:12:59.907,1.06305,1.0632,1.60,5.60
2010.03.15 16:13:00.406,1.06305,1.0632,6.40,5.60
2010.03.15 16:13:02.478,1.06305,1.0632,8.00,5.60
2010.03.15 16:13:06.572,1.06305,1.0632,11.20,1.60
2010.03.15 16:13:06.922,1.06305,1.0632,13.60,1.60
2010.03.15 16:13:08.315,1.06305,1.0632,13.70,1.60
2010.03.15 16:13:08.570,1.0631,1.0632,1.00,1.60
2010.03.15 16:13:08.872,1.0631,1.06325,2.50,3.20
2010.03.15 16:13:09.124,1.0631,1.0633,20.90,7.30
2010.03.15 16:13:11.185,1.0631,1.0633,19.30,7.30
2010.03.15 16:13:12.343,1.0631,1.0633,21.70,7.30
2010.03.15 16:13:13.153,1.0631,1.0633,20.90,7.30
2010.03.15 16:13:15.110,1.0631,1.0633,20.10,7.30
2010.03.15 16:13:15.260,1.0631,1.0633,19.30,7.30
2010.03.15 16:13:18.881,1.0631,1.0633,20.10,7.30
2010.03.15 16:13:19.109,1.06315,1.0633,3.20,5.60
2010.03.15 16:13:19.336,1.0632,1.06335,2.40,5.70
2010.03.15 16:13:19.936,1.0632,1.06335,8.00,5.70
2010.03.15 16:13:20.485,1.0632,1.06335,6.40,5.70
2010.03.15 16:13:20.804,1.0632,1.06335,4.80,5.70
2010.03.15 16:13:21.123,1.06315,1.06335,21.70,5.70
2010.03.15 16:13:22.686,1.06315,1.06335,22.50,5.70
2010.03.15 16:13:26.267,1.0632,1.06335,1.60,5.70
2010.03.15 16:13:35.411,1.06315,1.06335,21.70,7.30
2010.03.15 16:13:35.624,1.06315,1.06335,21.60,7.20
2010.03.15 16:13:35.741,1.06315,1.06335,17.70,8.10
2010.03.15 16:13:36.713,1.06315,1.06335,12.90,8.10
2010.03.15 16:13:37.644,1.0632,1.06335,1.00,8.10
2010.03.15 16:13:37.889,1.06315,1.06335,12.10,21.70
2010.03.15 16:13:38.136,1.06315,1.0633,2.00,5.70
2010.03.15 16:13:38.480,1.06315,1.0633,3.20,4.10
2010.03.15 16:13:38.832,1.06315,1.0633,3.30,4.00
2010.03.15 16:13:39.352,1.06315,1.06335,10.50,9.70
2010.03.15 16:13:39.460,1.06315,1.06335,12.90,8.90
2010.03.15 16:13:39.741,1.06315,1.0633,12.90,2.40
2010.03.15 16:13:40.022,1.06315,1.0633,5.70,2.40
2010.03.15 16:13:55.958,1.06315,1.06335,7.30,20.10
2010.03.15 16:13:56.305,1.06315,1.06335,7.40,19.30
2010.03.15 16:13:56.654,1.06315,1.06335,7.40,14.50
2010.03.15 16:13:57.436,1.06315,1.06335,7.30,19.30
2010.03.15 16:13:58.248,1.06315,1.0633,5.70,1.60
2010.03.15 16:13:58.491,1.06315,1.06325,1.70,1.00
2010.03.15 16:13:58.734,1.06315,1.06325,1.60,4.10
2010.03.15 16:13:58.952,1.0631,1.06325,4.80,5.70
2010.03.15 16:14:00.650,1.0631,1.06325,10.40,4.10
2010.03.15 16:14:03.471,1.0631,1.06325,11.00,4.10
2010.03.15 16:14:04.551,1.0631,1.0633,10.40,8.20
2010.03.15 16:14:07.504,1.0631,1.0632,6.40,2.50
2010.03.15 16:14:07.924,1.0631,1.0632,1.00,5.70
2010.03.15 16:14:08.163,1.06305,1.0632,3.20,5.70
2010.03.15 16:14:12.799,1.06305,1.0632,8.00,5.70
2010.03.15 16:14:12.980,1.06305,1.0632,3.20,5.70
2010.03.15 16:14:13.161,1.06305,1.0632,3.20,4.10
2010.03.15 16:14:19.848,1.06305,1.06315,1.60,2.40
2010.03.15 16:14:20.071,1.06305,1.0632,3.20,8.90
2010.03.15 16:14:20.332,1.06305,1.0632,3.20,4.10
2010.03.15 16:14:22.128,1.06305,1.0632,8.00,4.10
2010.03.15 16:14:22.370,1.06305,1.0632,3.20,4.10
2010.03.15 16:14:28.457,1.06305,1.0632,6.40,1.60
2010.03.15 16:14:28.739,1.0631,1.06325,4.00,4.00
2010.03.15 16:14:29.029,1.0631,1.06325,8.60,2.40
2010.03.15 16:14:29.320,1.06315,1.06325,1.60,2.40
2010.03.15 16:14:30.010,1.06315,1.0633,1.60,5.70
2010.03.15 16:14:31.315,1.0631,1.0633,19.80,5.70
2010.03.15 16:14:31.667,1.06315,1.06325,1.60,1.60
2010.03.15 16:14:32.020,1.0631,1.06325,10.40,1.60
2010.03.15 16:14:38.780,1.0631,1.06325,11.20,1.60
2010.03.15 16:14:39.041,1.0631,1.06325,12.80,1.60
2010.03.15 16:14:39.302,1.0631,1.06325,17.60,1.60
2010.03.15 16:14:39.829,1.06315,1.0633,2.40,5.60
2010.03.15 16:14:40.095,1.06315,1.0633,4.00,5.60
2010.03.15 16:14:45.811,1.06315,1.0633,5.60,5.60
2010.03.15 16:14:46.072,1.0632,1.0633,1.00,1.60
2010.03.15 16:14:46.379,1.0632,1.06335,1.60,4.90
2010.03.15 16:14:46.629,1.0632,1.06335,8.80,4.10
2010.03.15 16:14:47.574,1.0632,1.06335,8.00,4.10
2010.03.15 16:14:48.323,1.06325,1.06335,1.60,4.10
2010.03.15 16:14:48.540,1.06325,1.0634,4.20,3.20
2010.03.15 16:14:48.925,1.06325,1.0634,6.60,1.60
2010.03.15 16:14:49.284,1.06325,1.0634,15.40,1.60
2010.03.15 16:14:49.703,1.06325,1.0634,15.40,1.60
2010.03.15 16:14:50.240,1.06325,1.0634,20.20,1.60
2010.03.15 16:14:51.171,1.06325,1.06345,19.40,5.70
2010.03.15 16:14:51.674,1.06325,1.06345,21.00,5.60
2010.03.15 16:14:52.090,1.06325,1.06345,20.70,5.70
2010.03.15 16:14:52.352,1.06325,1.06345,12.00,6.50
2010.03.15 16:14:52.707,1.06325,1.0634,12.00,1.60
2010.03.15 16:14:53.057,1.06325,1.0634,8.00,1.60
2010.03.15 16:14:53.408,1.06325,1.0634,8.90,1.60
2010.03.15 16:14:53.758,1.0633,1.06345,1.00,6.50
2010.03.15 16:14:54.102,1.0633,1.06345,1.00,5.70
2010.03.15 16:14:54.452,1.0633,1.06345,1.60,5.70
2010.03.15 16:14:55.972,1.06325,1.06345,21.80,5.70
2010.03.15 16:14:56.180,1.06325,1.06345,22.60,5.70
2010.03.15 16:14:59.307,1.06325,1.06345,23.40,5.70
2010.03.15 16:14:59.497,1.06325,1.06345,18.60,5.70
2010.03.15 16:15:02.486,1.06325,1.06345,17.60,5.70
2010.03.15 16:15:02.639,1.06325,1.0634,13.60,1.70
2010.03.15 16:15:02.996,1.06325,1.0634,5.60,1.70
2010.03.15 16:15:03.797,1.06325,1.0634,12.80,1.60
2010.03.15 16:15:04.482,1.0633,1.06345,1.00,5.70
2010.03.15 16:15:04.811,1.0633,1.06345,4.80,3.30
2010.03.15 16:15:05.142,1.06335,1.06345,1.00,1.70
2010.03.15 16:15:05.470,1.06335,1.06345,1.00,1.70
2010.03.15 16:15:05.771,1.06335,1.06345,1.00,1.70
2010.03.15 16:15:06.458,1.06335,1.06345,1.00,1.70
2010.03.15 16:15:06.812,1.0633,1.06345,4.80,5.70
2010.03.15 16:15:07.162,1.06325,1.06345,23.40,5.70
2010.03.15 16:15:07.647,1.06325,1.06345,21.80,6.50
2010.03.15 16:15:07.961,1.06325,1.06345,17.80,5.70
2010.03.15 16:15:08.586,1.06325,1.06345,17.00,5.70
2010.03.15 16:15:08.901,1.06325,1.06345,17.80,5.70
2010.03.15 16:15:12.369,1.06325,1.06345,12.20,5.70
2010.03.15 16:15:12.710,1.06325,1.0634,5.60,1.70
2010.03.15 16:15:13.052,1.0632,1.0633,2.40,1.00
2010.03.15 16:15:13.438,1.06315,1.06325,5.20,1.00
2010.03.15 16:15:13.793,1.0631,1.06325,13.60,1.00
2010.03.15 16:15:14.847,1.06315,1.0633,5.70,1.60
2010.03.15 16:15:15.206,1.0632,1.06335,1.00,5.70
2010.03.15 16:15:15.560,1.0632,1.06335,5.60,4.10
2010.03.15 16:15:15.909,1.0632,1.06335,10.40,4.10
2010.03.15 16:15:17.317,1.0632,1.06335,12.80,1.70
2010.03.15 16:15:18.907,1.0632,1.06335,12.00,1.70
2010.03.15 16:15:19.974,1.0632,1.06335,10.40,1.70
2010.03.15 16:15:20.187,1.0632,1.06335,2.40,3.30
2010.03.15 16:15:20.639,1.06315,1.0633,8.80,1.00
2010.03.15 16:15:20.995,1.06315,1.06325,4.00,1.00
2010.03.15 16:15:21.422,1.06315,1.0633,4.00,1.70
2010.03.15 16:15:21.783,1.0632,1.0633,1.00,1.60
2010.03.15 16:15:22.137,1.0632,1.06335,3.60,4.10
2010.03.15 16:15:22.668,1.0632,1.06335,7.60,2.50
2010.03.15 16:15:23.021,1.0632,1.06335,12.40,2.50
2010.03.15 16:15:23.376,1.06315,1.06325,4.00,1.00
2010.03.15 16:15:23.875,1.06315,1.0633,4.80,5.70
2010.03.15 16:15:24.568,1.06315,1.0633,5.60,5.70
2010.03.15 16:15:25.257,1.06315,1.0633,7.20,5.70
2010.03.15 16:15:25.961,1.06315,1.0633,7.20,5.60
2010.03.15 16:15:26.962,1.06315,1.0633,7.20,5.70
2010.03.15 16:15:27.987,1.06315,1.0633,8.80,1.70
2010.03.15 16:15:28.404,1.06315,1.0633,9.60,1.70
2010.03.15 16:15:29.274,1.06315,1.0633,8.80,1.70
2010.03.15 16:15:30.762,1.06315,1.0633,8.80,1.60
2010.03.15 16:15:30.919,1.06315,1.0633,13.60,1.60
2010.03.15 16:15:37.169,1.06315,1.0633,15.40,1.60
2010.03.15 16:15:37.499,1.06315,1.0633,14.40,1.60
2010.03.15 16:15:40.685,1.0632,1.0633,1.60,1.60
2010.03.15 16:15:40.847,1.06315,1.0633,14.40,1.60
2010.03.15 16:15:43.319,1.06315,1.0633,13.60,1.60
2010.03.15 16:15:45.039,1.0632,1.0633,2.10,1.60
2010.03.15 16:15:45.330,1.06325,1.0634,11.20,1.60
2010.03.15 16:15:45.780,1.06325,1.0634,10.40,1.60
2010.03.15 16:15:46.022,1.06325,1.0634,9.60,1.60
2010.03.15 16:15:46.610,1.06325,1.0634,7.20,1.60
2010.03.15 16:15:47.300,1.06325,1.0633,6.40,1.00
2010.03.15 16:15:47.526,1.06325,1.0633,2.40,1.70
2010.03.15 16:15:47.745,1.0632,1.06325,3.20,1.00
2010.03.15 16:15:48.164,1.06315,1.06325,2.40,1.00
2010.03.15 16:15:48.390,1.06315,1.06325,1.00,1.00
2010.03.15 16:15:49.449,1.06315,1.0633,2.40,8.90
2010.03.15 16:15:49.810,1.06315,1.0633,7.20,4.10
2010.03.15 16:15:50.161,1.06315,1.0633,7.20,5.30
2010.03.15 16:15:50.682,1.06315,1.0632,7.20,2.40
2010.03.15 16:15:51.029,1.06315,1.0632,4.00,2.40
2010.03.15 16:15:51.718,1.06315,1.0632,4.80,2.40
2010.03.15 16:15:52.414,1.0632,1.0633,1.60,4.00
2010.03.15 16:15:52.769,1.0632,1.0633,3.20,2.40
2010.03.15 16:15:53.596,1.0632,1.0633,2.40,2.40
2010.03.15 16:15:53.921,1.0632,1.0633,1.60,2.40
2010.03.15 16:15:54.238,1.06315,1.06325,15.20,2.40
2010.03.15 16:15:54.741,1.0632,1.0633,1.60,2.40
2010.03.15 16:15:55.085,1.0632,1.0633,7.20,2.40
2010.03.15 16:15:55.773,1.0632,1.0633,1.60,4.00
2010.03.15 16:15:56.125,1.06315,1.06325,12.00,2.40
2010.03.15 16:15:58.028,1.06315,1.06325,16.00,2.40
2010.03.15 16:15:58.300,1.0632,1.06325,1.60,2.40
2010.03.15 16:16:01.561,1.06315,1.06325,16.00,2.40
2010.03.15 16:16:02.553,1.0632,1.06325,1.60,2.40
2010.03.15 16:16:02.811,1.06315,1.06325,16.00,2.40
2010.03.15 16:16:03.071,1.06315,1.06325,15.20,2.40
2010.03.15 16:16:03.734,1.06315,1.06325,20.80,2.40
2010.03.15 16:16:04.045,1.06315,1.06325,19.20,2.40
2010.03.15 16:16:04.364,1.06315,1.06325,17.60,2.40
2010.03.15 16:16:05.023,1.06315,1.06325,12.80,2.40
2010.03.15 16:16:09.489,1.06315,1.06325,12.90,2.40
2010.03.15 16:16:11.020,1.06315,1.06325,11.30,2.40
2010.03.15 16:16:12.106,1.06315,1.06325,6.50,2.40
2010.03.15 16:16:13.846,1.06315,1.06325,4.90,2.40
2010.03.15 16:16:14.051,1.06315,1.0632,2.50,2.40
2010.03.15 16:16:14.438,1.06315,1.0632,1.00,2.40
2010.03.15 16:16:14.786,1.06305,1.0632,15.20,2.40
2010.03.15 16:16:15.136,1.06305,1.06315,7.20,2.40
2010.03.15 16:16:15.483,1.06305,1.06315,2.40,2.40
2010.03.15 16:16:16.357,1.06305,1.06315,7.20,2.40
2010.03.15 16:16:16.623,1.06305,1.06315,2.40,2.40
2010.03.15 16:16:17.894,1.06305,1.06315,1.00,2.40
2010.03.15 16:16:18.393,1.063,1.06315,14.50,2.40
2010.03.15 16:16:20.774,1.063,1.06315,12.80,3.70
2010.03.15 16:16:21.067,1.063,1.0631,8.00,2.40
2010.03.15 16:16:21.142,1.063,1.0631,3.20,2.40
2010.03.15 16:16:22.343,1.063,1.0631,1.60,2.40
2010.03.15 16:16:27.606,1.063,1.0631,2.40,2.40
2010.03.15 16:16:27.906,1.063,1.0631,1.60,2.40
2010.03.15 16:16:31.533,1.063,1.0631,3.20,2.40
2010.03.15 16:16:32.035,1.063,1.0631,2.40,2.40
2010.03.15 16:16:33.465,1.063,1.0631,3.20,2.40
2010.03.15 16:16:33.605,1.063,1.0631,8.00,2.40
2010.03.15 16:16:34.063,1.063,1.0631,8.80,2.40
2010.03.15 16:16:34.340,1.063,1.0631,7.20,2.40
2010.03.15 16:16:34.608,1.063,1.0631,2.40,2.40
2010.03.15 16:16:35.766,1.063,1.0631,1.60,2.40
2010.03.15 16:16:37.756,1.063,1.0631,6.40,2.40
2010.03.15 16:16:38.480,1.063,1.0631,4.80,2.40
2010.03.15 16:16:42.201,1.063,1.0631,5.60,2.40
2010.03.15 16:16:45.002,1.063,1.0631,7.20,2.40
2010.03.15 16:16:45.381,1.063,1.0631,8.00,2.40
2010.03.15 16:16:47.232,1.063,1.0631,7.20,2.40
2010.03.15 16:16:51.494,1.063,1.0631,5.60,2.40
2010.03.15 16:16:51.742,1.063,1.0631,7.20,3.60
2010.03.15 16:16:51.866,1.063,1.0631,6.40,2.40
2010.03.15 16:16:52.621,1.063,1.0631,1.60,2.40
2010.03.15 16:16:52.968,1.06295,1.0631,21.60,2.40
2010.03.15 16:16:53.321,1.06295,1.0631,19.30,2.40
2010.03.15 16:16:53.562,1.06295,1.0631,18.50,2.40
2010.03.15 16:16:53.792,1.06295,1.0631,18.40,2.40
2010.03.15 16:16:54.752,1.063,1.0631,1.00,2.40
2010.03.15 16:16:58.616,1.063,1.06305,1.00,2.40
2010.03.15 16:16:58.755,1.06295,1.06305,20.00,2.40
2010.03.15 16:16:58.892,1.06295,1.0631,20.00,4.00
2010.03.15 16:16:59.031,1.06295,1.0631,19.20,4.00
2010.03.15 16:16:59.489,1.06295,1.0631,14.40,4.00
2010.03.15 16:17:00.710,1.06295,1.0631,15.20,4.00
2010.03.15 16:17:00.982,1.063,1.0631,2.40,2.40
2010.03.15 16:17:01.446,1.063,1.0631,8.00,2.40
2010.03.15 16:17:01.852,1.063,1.0631,8.80,2.40
2010.03.15 16:17:02.431,1.063,1.0631,12.00,2.40
2010.03.15 16:17:02.791,1.06305,1.0631,1.00,2.40
2010.03.15 16:17:03.158,1.06305,1.0632,9.60,4.00
2010.03.15 16:17:03.482,1.06305,1.0632,18.40,2.40
2010.03.15 16:17:03.792,1.06305,1.0632,21.60,2.40
2010.03.15 16:17:04.413,1.06305,1.0632,20.80,2.40
2010.03.15 16:17:04.913,1.06305,1.0632,17.60,2.40
2010.03.15 16:17:05.270,1.06305,1.0632,10.40,2.40
2010.03.15 16:17:05.624,1.06305,1.0632,16.80,2.40
2010.03.15 16:17:05.811,1.06305,1.06315,16.80,2.40
2010.03.15 16:17:05.991,1.06305,1.06315,15.20,2.40
2010.03.15 16:17:06.169,1.06305,1.06315,9.60,2.40
2010.03.15 16:17:06.599,1.06305,1.0631,1.60,2.40
2010.03.15 16:17:06.950,1.063,1.0631,12.80,2.40
2010.03.15 16:17:07.684,1.063,1.0631,8.00,2.40
2010.03.15 16:17:08.383,1.063,1.0631,11.20,2.40
2010.03.15 16:17:08.919,1.063,1.06315,16.00,2.50
2010.03.15 16:17:09.144,1.06305,1.0632,4.80,4.10
2010.03.15 16:17:09.371,1.06305,1.0632,12.00,4.10
2010.03.15 16:17:10.360,1.06305,1.06315,4.00,2.40
2010.03.15 16:17:10.720,1.06305,1.0631,1.00,2.40
2010.03.15 16:17:11.077,1.06305,1.0631,2.30,2.40
2010.03.15 16:17:11.408,1.06305,1.06315,2.30,2.40
2010.03.15 16:17:13.176,1.06305,1.0631,1.00,2.40
2010.03.15 16:17:14.318,1.06305,1.06315,1.00,2.50
2010.03.15 16:17:15.309,1.06305,1.06315,2.30,2.40
2010.03.15 16:17:25.164,1.06305,1.06315,7.10,2.40
2010.03.15 16:17:25.505,1.06305,1.06315,1.00,2.40
2010.03.15 16:17:27.787,1.06305,1.06315,1.60,2.40
2010.03.15 16:17:28.353,1.063,1.06315,16.00,2.40
2010.03.15 16:17:30.351,1.063,1.06315,16.80,2.40
2010.03.15 16:17:30.550,1.063,1.06315,17.60,2.40
2010.03.15 16:17:31.281,1.063,1.06315,16.80,2.40
2010.03.15 16:17:31.394,1.063,1.0631,16.80,2.40
2010.03.15 16:17:31.514,1.063,1.0631,8.80,2.40
2010.03.15 16:17:31.765,1.063,1.0631,8.00,2.40
2010.03.15 16:17:33.243,1.063,1.0631,3.20,2.40
2010.03.15 16:17:33.978,1.063,1.0631,1.60,2.40
2010.03.15 16:17:34.798,1.063,1.0631,6.40,2.40
2010.03.15 16:17:35.860,1.063,1.0631,7.20,2.40
2010.03.15 16:17:36.051,1.063,1.0631,11.20,2.40
2010.03.15 16:17:39.213,1.063,1.06315,16.00,2.50
2010.03.15 16:17:39.666,1.063,1.0632,15.20,8.50
2010.03.15 16:17:39.898,1.063,1.0631,10.40,2.40
2010.03.15 16:17:40.290,1.063,1.0631,9.60,2.40
2010.03.15 16:17:42.289,1.063,1.0631,10.40,2.40
2010.03.15 16:17:44.292,1.063,1.06315,10.40,3.70
2010.03.15 16:17:44.710,1.063,1.06315,12.00,2.50
2010.03.15 16:17:44.973,1.063,1.06315,16.80,2.50
2010.03.15 16:17:46.421,1.063,1.06315,16.80,2.40
2010.03.15 16:17:47.062,1.06305,1.06315,1.60,2.40
2010.03.15 16:17:48.509,1.063,1.06315,19.20,2.40
2010.03.15 16:17:48.719,1.063,1.06315,19.20,2.50
2010.03.15 16:17:49.138,1.063,1.06315,14.40,2.50
2010.03.15 16:17:50.342,1.063,1.06315,13.60,2.40
2010.03.15 16:17:51.069,1.063,1.06315,13.60,2.50
2010.03.15 16:17:51.406,1.063,1.06315,12.80,2.50
2010.03.15 16:17:51.611,1.063,1.06315,12.00,2.50
2010.03.15 16:17:56.948,1.06305,1.06315,1.60,2.40
2010.03.15 16:17:57.157,1.06305,1.06315,4.00,2.40
2010.03.15 16:17:59.499,1.06305,1.0632,10.40,4.00
2010.03.15 16:17:59.927,1.06305,1.0632,11.20,4.00
2010.03.15 16:18:00.301,1.06305,1.0632,12.90,2.40
2010.03.15 16:18:00.496,1.0631,1.06325,9.60,7.30
2010.03.15 16:18:00.687,1.0631,1.0632,1.60,2.40
2010.03.15 16:18:01.726,1.0631,1.0632,6.40,2.40
2010.03.15 16:18:03.096,1.0631,1.0632,1.60,2.40
2010.03.15 16:18:04.647,1.06305,1.0632,20.00,2.40
2010.03.15 16:18:05.225,1.0631,1.0632,1.60,2.40
2010.03.15 16:18:05.499,1.0631,1.0632,3.20,2.40
2010.03.15 16:18:05.765,1.0631,1.0632,1.60,2.40
2010.03.15 16:18:10.519,1.0631,1.0632,1.60,2.40
2010.03.15 16:18:10.939,1.0631,1.0632,1.80,2.40
2010.03.15 16:18:13.350,1.0631,1.0632,1.00,2.40
2010.03.15 16:18:16.139,1.0631,1.0632,1.80,2.40
2010.03.15 16:18:16.271,1.0631,1.0632,2.60,2.40
2010.03.15 16:18:16.401,1.0631,1.0632,3.40,2.40
2010.03.15 16:18:17.530,1.0631,1.0632,1.80,2.40
2010.03.15 16:18:21.799,1.0631,1.0632,1.00,2.40
2010.03.15 16:18:27.852,1.06305,1.0632,15.60,6.10
2010.03.15 16:18:28.177,1.06305,1.06315,6.80,5.70
2010.03.15 16:18:28.458,1.06305,1.0631,1.00,2.40
2010.03.15 16:18:28.806,1.06305,1.0631,1.00,2.40
2010.03.15 16:18:32.842,1.063,1.0631,9.00,2.40
2010.03.15 16:18:33.319,1.06305,1.0631,1.00,2.40
2010.03.15 16:18:35.047,1.06305,1.06315,1.00,5.70
2010.03.15 16:18:35.310,1.06305,1.0631,1.00,2.40
2010.03.15 16:18:48.734,1.063,1.06315,7.20,4.10
2010.03.15 16:18:48.932,1.063,1.0631,7.20,2.40
2010.03.15 16:18:49.127,1.063,1.0631,10.40,2.40
2010.03.15 16:18:49.473,1.063,1.0631,6.40,2.40
2010.03.15 16:18:49.813,1.063,1.0631,1.60,2.40
2010.03.15 16:18:53.970,1.06295,1.0631,20.10,2.40
2010.03.15 16:18:56.811,1.06295,1.0631,19.30,2.40
2010.03.15 16:18:57.292,1.06295,1.0631,18.50,2.40
2010.03.15 16:18:57.632,1.06295,1.0631,17.70,2.40
2010.03.15 16:18:59.301,1.06295,1.0631,16.10,4.00
2010.03.15 16:18:59.541,1.06295,1.0631,11.30,4.00
2010.03.15 16:18:59.660,1.06295,1.0631,10.50,4.00
2010.03.15 16:19:00.220,1.06295,1.0631,11.30,4.00
2010.03.15 16:19:03.278,1.06295,1.0631,13.70,4.00
2010.03.15 16:19:03.408,1.06295,1.0631,13.70,2.40
2010.03.15 16:19:03.669,1.06295,1.0631,15.30,2.40
2010.03.15 16:19:05.928,1.06295,1.0631,14.50,2.40
2010.03.15 16:19:06.329,1.06295,1.0631,13.70,2.40
2010.03.15 16:19:08.098,1.06295,1.0631,12.90,2.40
2010.03.15 16:19:08.820,1.06295,1.0631,13.70,2.40
2010.03.15 16:19:09.021,1.06295,1.0631,18.50,2.40
2010.03.15 16:19:10.048,1.06295,1.0631,19.30,2.40
2010.03.15 16:19:13.794,1.063,1.0631,1.00,2.40
2010.03.15 16:19:15.292,1.063,1.0631,1.00,2.40
2010.03.15 16:19:15.483,1.063,1.06315,5.30,2.40
2010.03.15 16:19:15.663,1.06305,1.06315,1.00,2.40
2010.03.15 16:19:15.829,1.063,1.06315,19.00,2.40
2010.03.15 16:19:16.340,1.063,1.06315,17.40,2.40
2010.03.15 16:19:16.691,1.063,1.06315,11.00,2.40
2010.03.15 16:19:17.039,1.063,1.06315,10.40,2.40
2010.03.15 16:19:18.058,1.063,1.06315,15.20,2.40
2010.03.15 16:19:18.745,1.063,1.06315,8.00,4.00
2010.03.15 16:19:19.150,1.063,1.06315,3.20,4.00
2010.03.15 16:19:19.725,1.063,1.06315,3.30,4.00
2010.03.15 16:19:20.898,1.063,1.06315,1.00,7.30
2010.03.15 16:19:21.002,1.063,1.06315,1.00,7.60
2010.03.15 16:19:21.254,1.063,1.0631,1.00,2.40
2010.03.15 16:19:38.208,1.063,1.0631,1.00,4.90
2010.03.15 16:19:38.504,1.0629,1.063,10.40,2.40
2010.03.15 16:19:38.797,1.0629,1.063,8.80,2.40
2010.03.15 16:19:39.320,1.0629,1.063,3.20,2.40
2010.03.15 16:19:41.313,1.0629,1.063,1.60,2.40
2010.03.15 16:19:41.446,1.06285,1.063,18.30,4.00
2010.03.15 16:19:41.569,1.06285,1.063,16.70,4.00
2010.03.15 16:19:41.704,1.06285,1.063,5.50,4.20
2010.03.15 16:19:41.830,1.06285,1.063,3.90,4.30
2010.03.15 16:19:42.045,1.06285,1.063,3.20,5.10
2010.03.15 16:19:42.399,1.06285,1.063,1.60,7.50
2010.03.15 16:19:42.743,1.06285,1.063,1.60,7.30
2010.03.15 16:19:44.469,1.0628,1.0629,12.80,2.40
2010.03.15 16:19:44.657,1.06275,1.0629,11.10,2.50
2010.03.15 16:19:45.070,1.06275,1.0629,6.30,4.00
2010.03.15 16:19:45.596,1.0628,1.06295,1.60,10.50
2010.03.15 16:19:45.942,1.06275,1.06295,16.50,7.30
2010.03.15 16:19:46.294,1.06275,1.06295,16.60,7.30
2010.03.15 16:19:46.634,1.06275,1.06285,17.20,2.40
2010.03.15 16:19:47.081,1.06275,1.06285,3.90,2.40
2010.03.15 16:19:49.582,1.06275,1.06285,6.30,2.40
2010.03.15 16:19:49.962,1.0628,1.0629,1.60,2.40
2010.03.15 16:19:50.839,1.06275,1.06285,11.10,2.40
2010.03.15 16:19:51.114,1.06275,1.06285,10.30,2.40
2010.03.15 16:19:51.384,1.06275,1.06285,5.50,2.40
2010.03.15 16:19:52.369,1.06275,1.06285,5.50,2.50
2010.03.15 16:19:52.740,1.06275,1.06285,3.90,2.40
2010.03.15 16:20:09.333,1.06275,1.06285,2.30,2.40
2010.03.15 16:20:10.117,1.06275,1.06285,3.90,2.40
2010.03.15 16:20:10.363,1.06275,1.0629,5.50,4.00
2010.03.15 16:20:10.844,1.06275,1.0629,5.50,2.40
2010.03.15 16:20:11.254,1.06275,1.0629,3.90,6.60
2010.03.15 16:20:11.426,1.06275,1.06285,2.30,2.40
2010.03.15 16:20:13.240,1.06275,1.06285,3.90,2.40
2010.03.15 16:20:14.648,1.06275,1.06285,2.30,2.40
2010.03.15 16:20:15.072,1.06275,1.06285,3.90,2.40
2010.03.15 16:20:16.286,1.06275,1.06285,4.80,2.40
2010.03.15 16:20:16.603,1.06275,1.06295,8.00,13.80
2010.03.15 16:20:16.757,1.06275,1.06295,21.20,3.30
2010.03.15 16:20:17.043,1.06275,1.0629,14.00,1.60
2010.03.15 16:20:17.385,1.06275,1.0629,6.30,4.80
2010.03.15 16:20:17.831,1.06275,1.0629,5.50,4.80
2010.03.15 16:20:19.284,1.06275,1.0629,5.50,3.20
2010.03.15 16:20:19.452,1.06275,1.0629,5.50,2.40
2010.03.15 16:20:19.980,1.06275,1.0629,5.50,2.50
2010.03.15 16:20:20.327,1.06275,1.0629,1.00,6.80
2010.03.15 16:20:20.406,1.06275,1.06285,1.00,2.40
2010.03.15 16:20:27.595,1.0627,1.0628,4.80,4.00
2010.03.15 16:20:27.927,1.0626,1.06275,14.40,2.40
2010.03.15 16:20:28.255,1.0626,1.06275,9.60,2.40
2010.03.15 16:20:28.534,1.0626,1.06275,4.80,2.40
2010.03.15 16:20:34.102,1.0626,1.06285,7.30,42.20
2010.03.15 16:20:34.497,1.0626,1.0628,12.10,15.40
2010.03.15 16:20:35.373,1.0626,1.0628,12.10,13.80
2010.03.15 16:20:36.437,1.0626,1.0628,12.10,14.60
2010.03.15 16:20:36.976,1.0626,1.0628,12.90,12.20
2010.03.15 16:20:37.524,1.0626,1.0628,12.10,13.00
2010.03.15 16:20:37.927,1.0626,1.0628,12.10,15.40
2010.03.15 16:20:39.487,1.0626,1.0628,12.10,14.60
2010.03.15 16:20:39.924,1.0626,1.06275,12.10,1.60
2010.03.15 16:20:40.025,1.0626,1.06275,9.60,4.00
2010.03.15 16:20:40.125,1.0626,1.06275,4.80,4.00
2010.03.15 16:20:41.263,1.0626,1.06275,4.80,2.40
2010.03.15 16:20:43.870,1.0626,1.06275,5.70,2.40
2010.03.15 16:20:45.364,1.0626,1.06275,4.90,2.40
2010.03.15 16:20:47.843,1.0626,1.06275,4.80,2.40
2010.03.15 16:20:48.186,1.0626,1.06275,4.90,2.40
2010.03.15 16:20:51.658,1.0626,1.06275,5.70,2.40
2010.03.15 16:20:51.744,1.0626,1.06275,4.90,2.40
2010.03.15 16:20:52.761,1.0626,1.06275,5.70,2.40
2010.03.15 16:20:53.924,1.06265,1.0628,4.80,7.20
2010.03.15 16:20:54.124,1.0627,1.0628,1.60,2.40
2010.03.15 16:20:56.827,1.06265,1.0628,12.60,2.40
2010.03.15 16:20:57.533,1.06265,1.0628,13.40,2.40
2010.03.15 16:20:58.865,1.06265,1.0628,12.60,2.40
2010.03.15 16:20:59.762,1.06265,1.0628,10.20,2.40
2010.03.15 16:21:00.036,1.06265,1.0628,4.90,8.20
2010.03.15 16:21:00.163,1.06265,1.0628,3.30,5.20
2010.03.15 16:21:00.280,1.06265,1.0628,3.20,5.20
2010.03.15 16:21:00.395,1.06265,1.0628,3.20,4.20
2010.03.15 16:21:00.673,1.0626,1.06275,12.10,2.40
2010.03.15 16:21:01.006,1.0626,1.06275,9.70,2.40
2010.03.15 16:21:04.228,1.06265,1.06275,1.00,2.40
2010.03.15 16:21:04.300,1.06265,1.06285,1.70,39.60
2010.03.15 16:21:06.258,1.06265,1.0628,1.70,13.00
2010.03.15 16:21:06.308,1.06265,1.0628,1.70,12.20
2010.03.15 16:21:07.297,1.06265,1.0628,1.70,13.00
2010.03.15 16:21:08.049,1.06265,1.0628,1.70,7.40
2010.03.15 16:21:08.449,1.06265,1.0628,1.70,5.80
2010.03.15 16:21:10.256,1.06265,1.0628,1.60,10.70
2010.03.15 16:21:10.345,1.0626,1.0628,13.70,13.20
2010.03.15 16:21:10.422,1.06265,1.0628,1.00,13.00
2010.03.15 16:21:10.501,1.06265,1.0628,1.00,9.00
2010.03.15 16:21:10.581,1.06265,1.0628,1.70,9.00
2010.03.15 16:21:10.660,1.06265,1.0628,1.70,13.00
2010.03.15 16:21:11.231,1.06265,1.0628,1.70,6.60
2010.03.15 16:21:11.493,1.06265,1.06275,1.60,2.40
2010.03.15 16:21:11.741,1.06265,1.06275,1.70,2.40
2010.03.15 16:21:11.991,1.06265,1.0628,1.70,8.20
2010.03.15 16:21:12.370,1.06265,1.0628,1.70,7.40
2010.03.15 16:21:12.719,1.0626,1.0627,3.20,2.40
2010.03.15 16:21:13.413,1.06265,1.0627,4.80,2.40
2010.03.15 16:21:21.097,1.06265,1.06275,4.80,2.40
2010.03.15 16:21:21.451,1.06265,1.06275,9.60,2.40
2010.03.15 16:21:23.347,1.0626,1.06275,8.10,2.40
2010.03.15 16:21:24.036,1.0626,1.06275,8.90,2.40
2010.03.15 16:21:25.105,1.0626,1.06275,8.10,2.40
2010.03.15 16:21:25.624,1.0626,1.06275,8.90,2.40
2010.03.15 16:21:25.786,1.0626,1.06275,8.10,2.40
2010.03.15 16:21:26.263,1.0626,1.06275,10.50,2.40
2010.03.15 16:21:29.634,1.0626,1.06275,8.10,2.40
2010.03.15 16:21:29.955,1.0626,1.06275,8.90,2.40
2010.03.15 16:21:30.915,1.0626,1.06275,8.10,2.40
2010.03.15 16:21:31.333,1.0626,1.06275,3.30,2.40
2010.03.15 16:21:31.544,1.0626,1.06275,8.10,2.40
2010.03.15 16:21:32.685,1.06265,1.0628,1.70,10.20
2010.03.15 16:21:32.928,1.06265,1.0628,7.30,7.20
2010.03.15 16:21:33.231,1.06265,1.0628,9.10,2.40
2010.03.15 16:21:33.522,1.06265,1.06275,12.30,2.40
2010.03.15 16:21:33.809,1.06265,1.06275,11.30,2.40
2010.03.15 16:21:35.347,1.06265,1.06275,10.50,2.40
2010.03.15 16:21:35.527,1.06265,1.06275,9.70,2.40
2010.03.15 16:21:40.932,1.06265,1.06275,8.10,2.40
2010.03.15 16:21:41.032,1.06265,1.06275,3.30,2.40
2010.03.15 16:21:41.235,1.06265,1.06275,1.70,2.40
2010.03.15 16:21:41.337,1.0626,1.06275,15.30,2.40
2010.03.15 16:21:41.624,1.0626,1.06275,10.50,2.40
2010.03.15 16:21:41.729,1.0626,1.06275,9.70,2.40
2010.03.15 16:21:43.185,1.06265,1.06275,1.60,2.40
2010.03.15 16:21:43.402,1.0626,1.06275,9.70,2.40
2010.03.15 16:21:44.890,1.0626,1.06275,9.70,2.60
2010.03.15 16:21:45.191,1.0626,1.06275,3.30,4.20
2010.03.15 16:21:46.534,1.0626,1.06275,3.30,4.00
2010.03.15 16:21:47.232,1.0626,1.0627,3.30,2.40
2010.03.15 16:21:47.674,1.0626,1.06265,1.60,2.40
2010.03.15 16:21:48.846,1.0626,1.0627,1.70,2.40
2010.03.15 16:22:05.451,1.0626,1.0627,1.60,2.40
2010.03.15 16:22:05.967,1.0626,1.0627,3.20,2.40
2010.03.15 16:22:06.591,1.0626,1.0627,3.30,2.40
2010.03.15 16:22:07.174,1.0626,1.0627,3.20,2.40
2010.03.15 16:22:07.523,1.0626,1.0627,3.30,2.40
2010.03.15 16:22:08.221,1.06265,1.0627,1.60,2.40
2010.03.15 16:22:08.419,1.0626,1.0627,3.20,2.40
2010.03.15 16:22:08.820,1.06265,1.06275,1.70,5.60
2010.03.15 16:22:09.017,1.06265,1.06275,1.60,5.60
2010.03.15 16:22:09.218,1.06265,1.06275,1.60,4.00
2010.03.15 16:22:10.260,1.0626,1.06275,4.90,1.60
2010.03.15 16:22:10.371,1.0627,1.0628,1.00,22.30
2010.03.15 16:22:10.481,1.0627,1.0628,1.00,6.60
2010.03.15 16:22:10.593,1.0627,1.0628,1.00,4.00
2010.03.15 16:22:10.964,1.0627,1.06285,1.70,27.60
2010.03.15 16:22:11.761,1.0627,1.0628,1.60,2.40
2010.03.15 16:22:12.461,1.0627,1.06285,1.60,18.40
2010.03.15 16:22:12.810,1.0627,1.0628,1.60,2.40
2010.03.15 16:22:14.746,1.0627,1.0628,3.20,2.40
2010.03.15 16:22:17.637,1.0627,1.0628,1.60,2.40
2010.03.15 16:22:17.988,1.06265,1.0628,13.70,2.40
2010.03.15 16:22:18.335,1.06265,1.0628,11.30,2.40
2010.03.15 16:22:20.116,1.06265,1.0628,9.60,2.40
2010.03.15 16:22:20.354,1.06265,1.0628,4.80,9.60
2010.03.15 16:22:20.597,1.0626,1.06275,8.10,2.40
2010.03.15 16:22:20.850,1.0626,1.06275,3.30,2.40
2010.03.15 16:22:21.217,1.0626,1.06275,3.30,4.00
2010.03.15 16:22:33.137,1.0626,1.06275,3.20,4.10
2010.03.15 16:22:33.401,1.0626,1.0627,3.30,2.40
2010.03.15 16:22:34.340,1.0626,1.0627,3.20,2.40
2010.03.15 16:22:43.066,1.0626,1.0627,1.60,2.40
2010.03.15 16:22:46.927,1.0626,1.0627,3.20,2.40
2010.03.15 16:22:49.755,1.0626,1.06275,5.70,2.00
2010.03.15 16:22:50.056,1.0626,1.0628,5.80,19.60
2010.03.15 16:22:50.238,1.06265,1.0628,1.00,7.20
2010.03.15 16:22:51.369,1.06265,1.0628,3.30,8.80
2010.03.15 16:22:51.669,1.06265,1.0628,3.30,4.00
2010.03.15 16:22:52.237,1.06265,1.06285,1.70,31.20
2010.03.15 16:22:53.889,1.06265,1.0628,1.00,8.20
2010.03.15 16:22:54.099,1.0626,1.06275,8.10,4.00
2010.03.15 16:22:54.414,1.0626,1.06275,6.50,4.00
2010.03.15 16:22:54.755,1.0626,1.0627,6.40,2.40
2010.03.15 16:22:55.071,1.06255,1.0627,6.50,5.60
2010.03.15 16:22:55.528,1.06255,1.0627,1.70,5.60
2010.03.15 16:22:57.078,1.06255,1.0627,1.70,5.80
2010.03.15 16:23:00.065,1.06255,1.0627,1.70,5.60
2010.03.15 16:23:01.032,1.06255,1.0627,1.70,5.80
2010.03.15 16:23:02.242,1.06255,1.0627,1.70,5.60
2010.03.15 16:23:02.576,1.06255,1.0627,1.00,7.30
2010.03.15 16:23:02.909,1.0625,1.06265,9.60,2.40
2010.03.15 16:23:03.236,1.0625,1.06265,5.60,2.40
2010.03.15 16:23:03.931,1.06255,1.0627,1.90,4.80
2010.03.15 16:23:04.282,1.06255,1.06265,8.80,2.40
2010.03.15 16:23:04.685,1.06255,1.06265,1.60,2.40
2010.03.15 16:23:05.970,1.0625,1.06265,10.40,2.40
2010.03.15 16:23:06.223,1.0625,1.06265,8.80,4.00
2010.03.15 16:23:06.656,1.0625,1.06265,4.00,4.00
2010.03.15 16:23:07.094,1.0625,1.06265,3.20,4.00
2010.03.15 16:23:07.574,1.0625,1.06265,5.60,1.60
2010.03.15 16:23:09.172,1.0625,1.06265,5.60,2.40
2010.03.15 16:23:11.121,1.0625,1.06265,5.60,3.20
2010.03.15 16:23:11.440,1.0625,1.06265,4.00,4.80
2010.03.15 16:23:13.221,1.0625,1.06265,4.00,5.60
2010.03.15 16:23:14.740,1.0625,1.06265,4.00,5.80
2010.03.15 16:23:14.910,1.0625,1.06265,4.00,6.30
2010.03.15 16:23:15.080,1.0625,1.0626,1.60,5.60
2010.03.15 16:23:15.309,1.06245,1.06255,3.20,1.00
2010.03.15 16:23:15.473,1.06245,1.06255,1.60,5.00
2010.03.15 16:23:15.642,1.06245,1.0625,1.60,2.40
2010.03.15 16:23:16.177,1.0624,1.0625,3.20,2.40
2010.03.15 16:23:16.525,1.0624,1.0625,1.60,2.40
2010.03.15 16:23:18.998,1.06245,1.06255,1.60,4.00
2010.03.15 16:23:19.236,1.06245,1.0626,4.20,11.20
2010.03.15 16:23:19.459,1.06245,1.0626,10.50,7.20
2010.03.15 16:23:19.857,1.0625,1.06265,1.00,14.50
2010.03.15 16:23:20.090,1.0625,1.06265,1.70,5.60
2010.03.15 16:23:20.974,1.0625,1.0626,1.60,2.40
2010.03.15 16:23:22.156,1.0625,1.0626,1.60,2.60
2010.03.15 16:23:22.510,1.06245,1.0626,4.90,2.40
2010.03.15 16:23:23.206,1.0625,1.0626,1.60,2.40
2010.03.15 16:23:25.591,1.0625,1.0626,1.60,4.00
2010.03.15 16:23:27.800,1.0625,1.0626,1.60,2.40
2010.03.15 16:23:28.144,1.0625,1.06265,4.00,5.60
2010.03.15 16:23:28.493,1.0625,1.06265,4.00,4.00
2010.03.15 16:23:29.613,1.0625,1.06265,4.10,4.00
2010.03.15 16:23:29.831,1.0625,1.06265,4.00,4.00
2010.03.15 16:23:30.054,1.06255,1.06265,1.60,4.00
2010.03.15 16:23:30.271,1.06255,1.06265,1.60,2.40
2010.03.15 16:23:31.882,1.06255,1.06265,1.60,4.00
2010.03.15 16:23:32.166,1.0625,1.06265,5.70,4.00
2010.03.15 16:23:32.323,1.0625,1.06265,5.60,4.00
2010.03.15 16:23:33.603,1.0625,1.06265,5.70,4.00
2010.03.15 16:23:33.952,1.0625,1.06265,5.60,4.00
2010.03.15 16:23:34.627,1.0625,1.06265,5.70,4.00
2010.03.15 16:23:34.769,1.0625,1.06265,5.60,4.00
2010.03.15 16:23:35.236,1.0625,1.06265,5.70,4.00
2010.03.15 16:23:35.577,1.06255,1.06265,2.50,1.60
2010.03.15 16:23:36.021,1.0625,1.06265,6.40,4.00
2010.03.15 16:23:36.173,1.06245,1.06265,23.00,4.00
2010.03.15 16:23:36.630,1.0625,1.06265,5.60,4.00
2010.03.15 16:23:36.779,1.0625,1.0626,3.20,2.40
2010.03.15 16:23:40.269,1.0625,1.0626,1.60,2.40
2010.03.15 16:23:46.888,1.06255,1.06265,1.70,6.00
2010.03.15 16:23:47.031,1.06255,1.06265,1.70,4.40
2010.03.15 16:23:47.175,1.06255,1.0627,3.20,17.60
2010.03.15 16:23:47.530,1.06255,1.0627,3.30,17.60
2010.03.15 16:23:47.683,1.0626,1.06275,4.10,14.60
2010.03.15 16:23:47.829,1.06255,1.06275,15.60,8.80
2010.03.15 16:23:48.182,1.0626,1.06275,4.10,4.00
2010.03.15 16:23:48.891,1.06265,1.0628,1.70,16.80
2010.03.15 16:23:49.347,1.0627,1.0628,1.60,7.20
2010.03.15 16:23:49.628,1.0627,1.0628,3.20,2.40
2010.03.15 16:23:50.262,1.0627,1.06285,10.50,4.00
2010.03.15 16:23:50.611,1.06275,1.0629,1.70,10.40
2010.03.15 16:23:50.956,1.06275,1.0629,1.70,8.80
2010.03.15 16:23:51.438,1.06275,1.06285,1.60,2.40
2010.03.15 16:23:52.044,1.0627,1.06285,7.20,2.40
2010.03.15 16:23:55.510,1.0627,1.06285,4.00,5.60
2010.03.15 16:23:58.192,1.06275,1.0629,1.00,12.00
2010.03.15 16:23:58.540,1.06275,1.0629,3.30,2.40
2010.03.15 16:23:58.849,1.06285,1.06295,1.60,11.00
2010.03.15 16:23:59.314,1.06285,1.063,1.60,6.00
2010.03.15 16:24:00.097,1.0628,1.06295,1.60,13.60
2010.03.15 16:24:00.612,1.0628,1.06295,1.70,8.80
2010.03.15 16:24:00.959,1.0628,1.06295,4.10,3.20
2010.03.15 16:24:02.323,1.06285,1.06295,1.60,3.20
2010.03.15 16:24:03.333,1.06285,1.06295,1.60,5.60
2010.03.15 16:24:03.653,1.0628,1.0629,1.60,2.40
2010.03.15 16:24:04.371,1.0628,1.0629,1.60,5.60
2010.03.15 16:24:04.721,1.0628,1.0629,1.60,6.40
2010.03.15 16:24:05.066,1.0628,1.0629,1.60,5.60
2010.03.15 16:24:05.821,1.0628,1.0629,1.60,11.20
2010.03.15 16:24:06.058,1.06275,1.0629,1.70,12.80
2010.03.15 16:24:07.317,1.06275,1.0629,1.70,11.20
2010.03.15 16:24:07.670,1.0628,1.0629,1.60,5.60
2010.03.15 16:24:08.352,1.06275,1.06285,1.70,2.40
2010.03.15 16:24:08.705,1.06275,1.0629,1.60,19.70
2010.03.15 16:24:14.586,1.06275,1.06285,1.60,2.40
2010.03.15 16:24:14.736,1.06275,1.0629,5.70,14.40
2010.03.15 16:24:15.083,1.06275,1.0629,1.70,8.80
2010.03.15 16:24:15.432,1.06275,1.0629,3.30,4.00
2010.03.15 16:24:19.874,1.06275,1.0629,3.30,5.60
2010.03.15 16:24:20.055,1.06275,1.0629,1.70,5.60
2010.03.15 16:24:20.665,1.06275,1.0629,1.70,10.40
2010.03.15 16:24:21.055,1.06275,1.0629,1.70,11.20
2010.03.15 16:24:21.995,1.06275,1.0629,1.70,10.40
2010.03.15 16:24:24.444,1.06275,1.0629,1.70,11.20
2010.03.15 16:24:24.853,1.0628,1.0629,1.60,8.80
2010.03.15 16:24:25.097,1.0628,1.063,9.70,6.00
2010.03.15 16:24:25.811,1.06285,1.063,1.60,6.00
2010.03.15 16:24:27.086,1.06285,1.063,1.60,6.80
2010.03.15 16:24:27.385,1.06285,1.063,1.60,11.60
2010.03.15 16:24:29.865,1.06285,1.063,1.60,11.70
2010.03.15 16:24:30.044,1.0628,1.06295,5.70,2.40
2010.03.15 16:24:32.827,1.0628,1.06295,5.60,2.50
2010.03.15 16:24:33.146,1.06285,1.06295,1.60,6.00
2010.03.15 16:24:33.667,1.06285,1.06295,1.60,4.00
2010.03.15 16:24:33.991,1.06285,1.063,1.60,12.30
2010.03.15 16:24:35.433,1.06285,1.063,1.60,11.50
2010.03.15 16:24:36.112,1.06285,1.063,1.60,12.30
2010.03.15 16:24:36.450,1.06285,1.063,1.60,11.50
2010.03.15 16:24:37.832,1.06285,1.063,1.60,12.30
2010.03.15 16:24:39.173,1.06285,1.063,1.60,13.30
2010.03.15 16:24:39.654,1.0628,1.0629,1.60,2.40
2010.03.15 16:24:40.121,1.0628,1.0629,1.60,4.00
2010.03.15 16:24:41.214,1.0628,1.0629,1.60,2.40
2010.03.15 16:24:46.012,1.0628,1.0629,1.60,3.90
2010.03.15 16:24:46.302,1.0628,1.0629,1.60,7.10
2010.03.15 16:24:46.446,1.0628,1.06295,1.60,27.50
2010.03.15 16:24:48.233,1.0628,1.0629,1.60,1.60
2010.03.15 16:24:48.574,1.06275,1.0629,1.60,7.70
2010.03.15 16:24:48.893,1.06275,1.0629,1.60,14.10
2010.03.15 16:24:50.285,1.06275,1.0629,1.60,13.30
2010.03.15 16:24:50.749,1.06275,1.0629,1.60,12.50
2010.03.15 16:24:51.596,1.06275,1.0629,1.60,13.30
2010.03.15 16:24:51.743,1.06275,1.0629,1.60,14.10
2010.03.15 16:24:51.818,1.06275,1.06285,1.60,2.40
2010.03.15 16:24:51.920,1.06275,1.06285,1.60,4.10
2010.03.15 16:24:52.137,1.06275,1.06285,1.60,4.00
2010.03.15 16:24:52.405,1.06275,1.06285,1.60,4.10
2010.03.15 16:24:52.669,1.06275,1.06285,1.60,5.70
2010.03.15 16:24:56.403,1.0628,1.0629,1.60,7.20
2010.03.15 16:24:56.732,1.06275,1.0629,7.30,4.00
2010.03.15 16:24:56.878,1.06275,1.0629,7.20,4.10
2010.03.15 16:24:57.562,1.06275,1.0629,7.30,4.00
2010.03.15 16:24:57.915,1.0628,1.0629,1.60,2.40
2010.03.15 16:24:58.761,1.06275,1.0629,4.80,4.00
2010.03.15 16:24:59.060,1.06275,1.0629,4.80,9.20
2010.03.15 16:24:59.162,1.06275,1.0629,1.70,6.00
2010.03.15 16:24:59.260,1.06275,1.0629,1.60,7.60
2010.03.15 16:24:59.360,1.06275,1.0629,1.60,8.40
2010.03.15 16:24:59.659,1.06275,1.0629,1.60,13.20
2010.03.15 16:25:00.649,1.06275,1.0629,1.60,13.70
2010.03.15 16:25:00.953,1.06275,1.0629,1.60,13.60
2010.03.15 16:25:01.261,1.06275,1.0629,1.60,13.70
2010.03.15 16:25:01.391,1.06275,1.0629,1.60,13.30
2010.03.15 16:25:01.519,1.06275,1.0629,1.60,14.30
2010.03.15 16:25:01.722,1.06275,1.0629,1.60,13.90
2010.03.15 16:25:01.874,1.06275,1.06285,1.60,2.80
2010.03.15 16:25:02.026,1.06265,1.0628,8.10,2.50
2010.03.15 16:25:02.164,1.06265,1.0628,3.30,2.50
2010.03.15 16:25:02.466,1.06265,1.0628,3.30,3.30
2010.03.15 16:25:02.819,1.06265,1.0628,1.70,9.70
2010.03.15 16:25:03.168,1.06265,1.0628,1.70,11.30
2010.03.15 16:25:03.517,1.0627,1.0628,1.60,10.50
2010.03.15 16:25:03.778,1.0627,1.0628,1.60,9.70
2010.03.15 16:25:05.666,1.0627,1.0628,1.60,4.90
2010.03.15 16:25:06.113,1.0627,1.0628,1.60,9.70
2010.03.15 16:25:06.609,1.0627,1.0628,1.60,4.90
2010.03.15 16:25:08.710,1.0627,1.0628,1.60,4.00
2010.03.15 16:25:08.887,1.0627,1.0628,1.60,4.10
2010.03.15 16:25:25.818,1.0627,1.0628,1.60,4.90
2010.03.15 16:25:25.876,1.06265,1.06275,1.60,2.40
2010.03.15 16:25:31.557,1.0626,1.06275,7.30,2.40
2010.03.15 16:25:31.762,1.0627,1.06275,1.60,2.40
2010.03.15 16:25:31.807,1.0627,1.0628,1.60,4.10
2010.03.15 16:25:32.223,1.0627,1.0628,1.60,4.00
2010.03.15 16:25:32.347,1.0627,1.0628,1.60,4.40
2010.03.15 16:25:32.891,1.0627,1.06275,1.60,2.40
2010.03.15 16:25:33.244,1.06265,1.06275,3.20,2.40
2010.03.15 16:25:33.925,1.06265,1.0627,1.60,2.40
2010.03.15 16:25:44.490,1.06265,1.06275,1.60,7.60
2010.03.15 16:25:44.713,1.06265,1.0627,1.60,2.40
2010.03.15 16:25:49.849,1.06265,1.06275,3.20,5.60
2010.03.15 16:25:50.020,1.06265,1.06275,3.20,2.40
2010.03.15 16:26:01.712,1.0627,1.06275,1.60,2.40
2010.03.15 16:26:02.612,1.0627,1.0628,1.60,12.00
2010.03.15 16:26:02.957,1.0627,1.0628,1.60,10.40
2010.03.15 16:26:03.304,1.0627,1.0628,1.60,5.60
2010.03.15 16:26:13.709,1.0627,1.0628,1.60,4.00
2010.03.15 16:26:16.590,1.0627,1.06275,1.60,2.40
2010.03.15 16:26:16.766,1.06265,1.06275,2.00,2.40
2010.03.15 16:26:16.943,1.06265,1.06275,1.60,4.00
2010.03.15 16:26:35.850,1.0626,1.06265,1.60,4.00
2010.03.15 16:26:36.215,1.06255,1.0626,1.60,2.40
2010.03.15 16:26:36.554,1.06255,1.06265,1.60,2.40
2010.03.15 16:26:38.488,1.06255,1.06265,1.70,2.40
2010.03.15 16:26:38.911,1.06255,1.0627,1.70,8.80
2010.03.15 16:26:39.270,1.06265,1.06275,1.60,13.60
2010.03.15 16:26:39.501,1.0626,1.06275,5.70,4.00
2010.03.15 16:26:40.160,1.0626,1.06275,5.70,4.80
2010.03.15 16:26:40.739,1.06265,1.0627,1.60,7.60
2010.03.15 16:26:41.086,1.06265,1.0627,1.60,2.40
2010.03.15 16:26:41.437,1.0626,1.0627,1.60,2.40
2010.03.15 16:26:41.828,1.0626,1.06275,1.60,20.10
2010.03.15 16:26:41.954,1.0626,1.06275,1.60,6.40
2010.03.15 16:26:42.260,1.0626,1.06275,1.70,5.60
2010.03.15 16:26:42.423,1.0626,1.06275,1.70,6.40
2010.03.15 16:26:43.126,1.0626,1.06275,1.70,5.60
2010.03.15 16:26:43.473,1.0626,1.06275,1.70,6.40
2010.03.15 16:26:44.034,1.0626,1.06275,1.70,5.60
2010.03.15 16:26:48.088,1.0626,1.0627,1.70,2.40
2010.03.15 16:26:48.435,1.0626,1.0627,1.60,2.40
2010.03.15 16:26:52.907,1.06265,1.0627,1.60,2.40
2010.03.15 16:26:53.081,1.06265,1.06275,4.10,8.80
2010.03.15 16:26:53.322,1.06265,1.06275,5.70,2.40
2010.03.15 16:26:53.679,1.06275,1.06285,1.60,15.20
2010.03.15 16:26:54.024,1.06275,1.06285,1.60,17.70
2010.03.15 16:26:54.572,1.0627,1.0628,3.20,2.40
2010.03.15 16:26:55.254,1.0627,1.0628,1.60,2.40
2010.03.15 16:26:55.604,1.0627,1.0628,1.60,12.00
2010.03.15 16:26:55.951,1.06265,1.0628,1.60,13.60
2010.03.15 16:26:56.301,1.06265,1.0628,1.60,11.20
2010.03.15 16:26:56.635,1.0627,1.0628,1.60,11.20
2010.03.15 16:26:57.384,1.06265,1.0628,9.70,2.40
2010.03.15 16:26:57.717,1.0627,1.0628,1.60,2.40
2010.03.15 16:26:58.904,1.0627,1.0628,1.60,4.00
2010.03.15 16:27:06.387,1.06265,1.06275,1.60,2.40
2010.03.15 16:27:06.529,1.0627,1.06275,1.60,2.40
2010.03.15 16:27:06.927,1.0627,1.0628,1.60,10.40
2010.03.15 16:27:08.503,1.0627,1.0628,1.60,11.20
2010.03.15 16:27:14.937,1.0627,1.06275,1.60,1.00
2010.03.15 16:27:15.074,1.06265,1.0628,1.60,11.20
2010.03.15 16:27:15.545,1.0627,1.0628,1.60,7.20
2010.03.15 16:27:15.901,1.0627,1.0628,3.20,2.40
2010.03.15 16:27:19.400,1.06275,1.0628,1.60,2.40
2010.03.15 16:27:22.375,1.06275,1.06285,1.60,4.00
2010.03.15 16:27:22.620,1.06275,1.0629,1.70,23.30
2010.03.15 16:27:22.983,1.0628,1.0629,1.60,6.40
2010.03.15 16:27:24.516,1.06275,1.0629,3.30,11.20
2010.03.15 16:27:25.787,1.06275,1.0629,3.20,11.20
2010.03.15 16:27:26.169,1.06275,1.06285,1.60,2.40
2010.03.15 16:27:26.495,1.06275,1.06285,1.60,3.20
2010.03.15 16:27:27.132,1.06275,1.06285,1.60,2.40
2010.03.15 16:27:31.065,1.06275,1.06285,1.70,2.40
2010.03.15 16:27:31.332,1.06275,1.0629,1.70,11.20
2010.03.15 16:27:39.296,1.06275,1.0629,1.60,11.30
2010.03.15 16:27:39.605,1.06275,1.06285,1.60,2.40
2010.03.15 16:27:40.069,1.06275,1.0629,1.70,11.20
2010.03.15 16:27:40.771,1.06275,1.0629,1.70,5.60
2010.03.15 16:27:41.330,1.06275,1.0629,1.70,6.40
2010.03.15 16:27:41.610,1.06275,1.0629,1.70,11.20
2010.03.15 16:27:42.978,1.06275,1.06285,1.60,2.40
2010.03.15 16:27:51.274,1.06275,1.0629,1.70,11.20
2010.03.15 16:27:51.607,1.06275,1.0629,1.70,10.40
2010.03.15 16:27:52.019,1.06275,1.0629,3.20,7.20
2010.03.15 16:27:52.286,1.06275,1.0629,3.30,7.20
2010.03.15 16:27:52.540,1.0628,1.0629,1.60,2.40
2010.03.15 16:27:55.061,1.06275,1.06285,3.20,2.40
2010.03.15 16:27:56.429,1.06275,1.0629,3.20,4.90
2010.03.15 16:27:57.463,1.06275,1.0629,1.60,6.50
2010.03.15 16:27:57.858,1.0627,1.06285,1.60,31.70
2010.03.15 16:27:58.199,1.0627,1.0628,1.60,5.60
2010.03.15 16:27:58.503,1.06265,1.0628,5.60,7.20
2010.03.15 16:27:59.189,1.06265,1.0628,5.60,6.40
2010.03.15 16:27:59.696,1.0627,1.06285,1.60,34.50
2010.03.15 16:28:00.606,1.0627,1.06285,1.60,33.70
2010.03.15 16:28:00.914,1.0627,1.06285,1.60,34.50
2010.03.15 16:28:01.343,1.0627,1.0628,1.60,4.80
2010.03.15 16:28:03.276,1.0627,1.06285,1.60,33.70
2010.03.15 16:28:08.690,1.0627,1.06285,1.60,29.10
2010.03.15 16:28:08.919,1.0627,1.06285,1.60,28.30
2010.03.15 16:28:12.253,1.0627,1.06285,1.60,29.90
2010.03.15 16:28:14.063,1.0627,1.06285,1.60,28.30
2010.03.15 16:28:14.381,1.0627,1.06285,1.60,30.10
2010.03.15 16:28:15.717,1.0627,1.06285,1.60,29.70
2010.03.15 16:28:16.513,1.0627,1.06285,1.60,28.90
2010.03.15 16:28:17.870,1.0627,1.06285,1.60,28.10
2010.03.15 16:28:21.105,1.06265,1.06285,7.20,28.10
2010.03.15 16:28:21.288,1.0627,1.06285,1.60,27.30
2010.03.15 16:28:21.466,1.0627,1.06285,1.60,26.50
2010.03.15 16:28:21.848,1.0627,1.06285,1.60,28.10
2010.03.15 16:28:22.824,1.0627,1.06285,1.60,26.50
2010.03.15 16:28:25.426,1.0627,1.06285,1.60,16.10
2010.03.15 16:28:25.540,1.06275,1.06285,1.60,13.60
2010.03.15 16:28:25.901,1.06275,1.06285,1.60,1.60
2010.03.15 16:28:26.008,1.06275,1.0629,1.70,20.80
2010.03.15 16:28:26.111,1.06275,1.0629,1.70,11.20
2010.03.15 16:28:26.377,1.06275,1.0629,1.60,11.20
2010.03.15 16:28:26.721,1.06275,1.0629,1.70,6.40
2010.03.15 16:28:27.409,1.06275,1.0629,1.70,11.20
2010.03.15 16:28:29.197,1.06275,1.0629,1.60,11.30
2010.03.15 16:28:29.659,1.06275,1.06285,1.60,2.70
2010.03.15 16:28:29.831,1.06275,1.06285,1.60,5.10
2010.03.15 16:28:29.998,1.0627,1.06285,3.20,6.70
2010.03.15 16:28:30.346,1.0627,1.06285,3.20,11.50
2010.03.15 16:28:30.519,1.0627,1.06285,5.60,7.30
2010.03.15 16:28:30.877,1.0627,1.06285,5.60,2.40
2010.03.15 16:28:32.358,1.0627,1.06285,4.00,2.40
2010.03.15 16:28:34.682,1.0627,1.06285,4.00,2.50
2010.03.15 16:28:34.872,1.0627,1.06285,1.60,5.70
2010.03.15 16:28:35.493,1.0627,1.06285,1.60,4.90
2010.03.15 16:28:37.804,1.0627,1.06285,4.00,4.90
2010.03.15 16:28:39.963,1.06275,1.06285,4.00,1.00
2010.03.15 16:28:40.163,1.06275,1.0629,2.00,15.30
2010.03.15 16:28:40.415,1.06275,1.0629,2.00,5.70
2010.03.15 16:28:41.466,1.0627,1.0629,16.80,5.90
2010.03.15 16:28:41.860,1.0627,1.06285,10.40,1.00
2010.03.15 16:28:42.125,1.0627,1.06285,5.60,3.30
2010.03.15 16:28:42.387,1.0627,1.06285,5.60,4.10
2010.03.15 16:28:52.992,1.0627,1.06285,4.00,4.10
2010.03.15 16:28:58.668,1.0627,1.06285,4.40,4.10
2010.03.15 16:28:59.082,1.0627,1.06285,6.00,3.30
2010.03.15 16:28:59.311,1.06275,1.06285,1.60,1.70
2010.03.15 16:29:02.949,1.06275,1.06285,1.60,1.00
2010.03.15 16:29:02.986,1.06275,1.06285,2.00,1.00
2010.03.15 16:29:03.565,1.06275,1.06285,1.60,1.00
2010.03.15 16:29:07.488,1.06275,1.0629,5.60,5.70
2010.03.15 16:29:07.549,1.0628,1.0629,1.00,4.80
2010.03.15 16:29:07.609,1.0628,1.06295,2.00,18.50
2010.03.15 16:29:07.864,1.0628,1.06295,2.00,16.10
2010.03.15 16:29:07.934,1.0628,1.06295,2.00,5.70
2010.03.15 16:29:08.291,1.06285,1.063,4.80,12.10
2010.03.15 16:29:08.644,1.0629,1.063,1.60,2.50
2010.03.15 16:29:08.992,1.06285,1.063,5.60,8.80
2010.03.15 16:29:09.342,1.06285,1.063,5.60,4.10
2010.03.15 16:29:12.234,1.0629,1.063,1.00,4.10
2010.03.15 16:29:12.340,1.0629,1.063,1.00,4.00
2010.03.15 16:29:12.451,1.06295,1.063,2.40,1.60
2010.03.15 16:29:12.557,1.0629,1.06305,5.20,1.70
2010.03.15 16:29:12.868,1.0629,1.06305,4.40,1.70
2010.03.15 16:29:13.751,1.0629,1.06305,4.00,4.10
2010.03.15 16:29:14.563,1.0629,1.06305,5.60,2.50
2010.03.15 16:29:14.720,1.06295,1.0631,2.40,15.20
2010.03.15 16:29:14.989,1.06295,1.0631,4.00,8.00
2010.03.15 16:29:15.146,1.06295,1.0631,1.60,10.50
2010.03.15 16:29:15.299,1.06295,1.0631,1.60,5.70
2010.03.15 16:29:16.062,1.06295,1.06315,6.90,19.30
2010.03.15 16:29:16.524,1.063,1.06315,1.60,12.90
2010.03.15 16:29:16.851,1.063,1.06315,1.60,25.70
2010.03.15 16:29:17.048,1.063,1.06315,1.60,20.90
2010.03.15 16:29:17.250,1.063,1.06315,1.60,21.70
2010.03.15 16:29:18.573,1.063,1.06315,1.60,22.50
2010.03.15 16:29:19.077,1.063,1.06315,1.60,23.30
2010.03.15 16:29:19.323,1.06295,1.0631,3.20,2.40
2010.03.15 16:29:20.748,1.06295,1.0631,3.20,4.00
2010.03.15 16:29:20.994,1.06295,1.0631,3.20,4.80
2010.03.15 16:29:21.238,1.06295,1.0631,3.20,4.00
2010.03.15 16:29:25.326,1.06295,1.06305,1.60,2.50
2010.03.15 16:29:25.524,1.0629,1.0631,17.60,5.70
2010.03.15 16:29:25.813,1.0629,1.0631,12.00,6.50
2010.03.15 16:29:26.139,1.0629,1.06305,17.20,1.00
2010.03.15 16:29:26.789,1.0629,1.0631,18.00,4.10
2010.03.15 16:29:26.936,1.0629,1.0631,18.00,4.00
2010.03.15 16:29:27.399,1.06295,1.06305,1.60,1.00
2010.03.15 16:29:27.555,1.0629,1.0631,17.20,7.30
2010.03.15 16:29:27.906,1.0629,1.06305,12.40,1.00
2010.03.15 16:29:28.255,1.06295,1.06305,1.60,1.00
2010.03.15 16:29:28.787,1.06295,1.0631,1.60,6.50
2010.03.15 16:29:29.128,1.06295,1.06305,1.60,1.00
2010.03.15 16:29:29.807,1.06295,1.0631,1.60,5.70
2010.03.15 16:29:31.434,1.06295,1.0631,4.00,3.30
2010.03.15 16:29:31.488,1.06295,1.0631,5.60,1.60
2010.03.15 16:29:31.802,1.06295,1.0631,5.60,1.70
2010.03.15 16:29:31.854,1.06295,1.06305,5.60,1.00
2010.03.15 16:29:32.437,1.06295,1.06305,3.20,1.00
2010.03.15 16:29:33.372,1.06295,1.0631,3.20,4.10
2010.03.15 16:29:36.813,1.06295,1.06305,1.60,1.00
2010.03.15 16:29:38.521,1.06295,1.0631,1.60,6.50
2010.03.15 16:29:38.780,1.06295,1.0631,1.60,5.70
2010.03.15 16:29:40.659,1.06295,1.0631,1.60,4.10
2010.03.15 16:29:42.832,1.06295,1.0631,4.00,4.10
2010.03.15 16:29:43.073,1.063,1.0631,2.40,1.60
2010.03.15 16:29:43.425,1.063,1.06315,2.40,16.10
2010.03.15 16:29:43.773,1.063,1.06315,4.80,7.30
2010.03.15 16:29:44.309,1.06305,1.06315,3.10,1.00
2010.03.15 16:29:44.585,1.06315,1.0632,2.40,1.60
2010.03.15 16:29:44.855,1.0631,1.0632,2.40,1.60
2010.03.15 16:29:45.953,1.06315,1.0632,2.40,1.60
2010.03.15 16:29:46.307,1.0632,1.0633,2.40,5.60
2010.03.15 16:29:46.383,1.0632,1.0633,2.40,4.80
2010.03.15 16:29:46.454,1.06325,1.06335,2.40,12.90
2010.03.15 16:29:46.530,1.06325,1.06335,2.40,11.30
2010.03.15 16:29:46.600,1.06325,1.0633,2.40,1.60
2010.03.15 16:29:46.828,1.0632,1.0633,2.40,3.20
2010.03.15 16:29:46.909,1.0632,1.0633,2.40,1.60
2010.03.15 16:29:48.105,1.06315,1.06325,14.40,1.60
2010.03.15 16:29:48.450,1.06315,1.06325,11.20,1.60
2010.03.15 16:29:49.013,1.06315,1.06325,8.00,1.60
2010.03.15 16:29:49.289,1.06315,1.06325,7.20,1.60
2010.03.15 16:29:50.238,1.06315,1.06325,8.00,1.60
2010.03.15 16:29:50.294,1.06315,1.06325,8.80,1.60
2010.03.15 16:29:50.398,1.06315,1.06325,8.00,1.60
2010.03.15 16:29:50.549,1.06315,1.06325,7.20,1.60
2010.03.15 16:29:54.295,1.06315,1.06325,5.60,1.60
2010.03.15 16:29:54.447,1.0632,1.0633,2.40,1.60
2010.03.15 16:29:54.606,1.0632,1.06335,2.40,10.80
2010.03.15 16:29:54.759,1.0632,1.06335,2.40,4.90
2010.03.15 16:29:55.058,1.06325,1.06335,2.40,1.60
2010.03.15 16:29:55.375,1.0632,1.0634,7.30,19.20
2010.03.15 16:29:55.600,1.06325,1.0634,4.00,12.80
2010.03.15 16:29:55.830,1.06335,1.06345,2.40,13.40
2010.03.15 16:29:56.257,1.06335,1.06345,2.40,1.60
2010.03.15 16:29:56.498,1.06345,1.0635,2.40,9.60
2010.03.15 16:29:57.178,1.06335,1.06345,5.50,1.60
2010.03.15 16:29:58.218,1.06345,1.0635,2.40,1.60
2010.03.15 16:29:58.913,1.06335,1.06345,7.70,1.60
2010.03.15 16:29:59.537,1.0634,1.0635,4.10,2.40
2010.03.15 16:29:59.848,1.0634,1.06355,4.10,3.80
2010.03.15 16:30:00.431,1.0635,1.0636,2.40,1.60
2010.03.15 16:30:00.730,1.06345,1.0636,3.80,1.60
2010.03.15 16:30:01.018,1.06355,1.0636,2.40,1.60
2010.03.15 16:30:02.015,1.06355,1.0636,2.40,1.60
2010.03.15 16:30:02.521,1.06355,1.0636,2.40,1.60
2010.03.15 16:30:02.791,1.0636,1.06365,2.40,36.60
2010.03.15 16:30:03.147,1.0635,1.06355,2.40,1.60
2010.03.15 16:30:03.686,1.0635,1.06355,2.40,3.60
2010.03.15 16:30:04.041,1.0635,1.06355,2.40,10.80
2010.03.15 16:30:04.389,1.0635,1.06355,2.40,10.00
2010.03.15 16:30:04.738,1.0635,1.06355,2.40,16.20
2010.03.15 16:30:05.326,1.0635,1.06355,2.40,14.60
2010.03.15 16:30:05.578,1.0634,1.06355,3.20,1.60
2010.03.15 16:30:05.824,1.06345,1.06355,1.20,1.60
2010.03.15 16:30:06.777,1.06345,1.06355,2.80,1.60
2010.03.15 16:30:07.941,1.06355,1.0636,2.40,3.20
2010.03.15 16:30:08.297,1.0635,1.0636,2.40,3.20
2010.03.15 16:30:08.648,1.06355,1.0636,2.40,3.20
2010.03.15 16:30:10.325,1.06355,1.0636,2.40,3.20
2010.03.15 16:30:10.827,1.06345,1.06355,8.10,1.60
2010.03.15 16:30:12.756,1.0636,1.06365,2.40,26.00
2010.03.15 16:30:13.125,1.0636,1.06365,2.40,16.80
2010.03.15 16:30:13.485,1.06355,1.06365,3.20,3.20
2010.03.15 16:30:16.012,1.0636,1.06365,2.40,3.20
2010.03.15 16:30:16.160,1.06355,1.0636,3.20,1.60
2010.03.15 16:30:16.477,1.0635,1.06355,3.20,1.60
2010.03.15 16:30:16.814,1.06355,1.06365,2.40,27.80
2010.03.15 16:30:19.671,1.06345,1.0635,3.40,1.60
2010.03.15 16:30:19.957,1.06345,1.0635,3.40,1.60
2010.03.15 16:30:23.261,1.06355,1.0636,2.40,11.80
2010.03.15 16:30:23.612,1.0635,1.06355,2.40,1.60
2010.03.15 16:30:23.960,1.06345,1.0635,2.70,1.60
2010.03.15 16:30:26.771,1.06345,1.0635,2.60,1.60
2010.03.15 16:30:26.908,1.0635,1.06355,2.40,3.20
2010.03.15 16:30:28.319,1.06345,1.0635,2.40,1.60
2010.03.15 16:30:28.967,1.0634,1.06345,3.20,1.60
2010.03.15 16:30:29.554,1.0634,1.0635,2.40,1.60
2010.03.15 16:30:30.116,1.0634,1.06345,2.40,1.60
2010.03.15 16:30:32.558,1.06335,1.06345,2.40,1.60
2010.03.15 16:30:32.970,1.06335,1.06345,2.40,1.70
2010.03.15 16:30:33.260,1.06335,1.06345,2.40,1.60
2010.03.15 16:30:33.408,1.06335,1.06345,2.40,1.60
2010.03.15 16:30:33.915,1.06335,1.06345,2.40,1.60
2010.03.15 16:30:34.610,1.0634,1.06345,1.00,1.60
2010.03.15 16:30:35.490,1.06335,1.0634,1.60,1.60
2010.03.15 16:30:36.059,1.06335,1.0634,1.60,1.60
2010.03.15 16:30:36.558,1.06335,1.0634,2.40,1.60
2010.03.15 16:30:37.499,1.0634,1.06345,1.60,3.20
2010.03.15 16:30:38.336,1.0634,1.06345,2.40,3.20
2010.03.15 16:30:40.664,1.0634,1.06345,2.40,1.60
2010.03.15 16:30:40.935,1.06335,1.06345,3.20,1.70
2010.03.15 16:30:41.205,1.06335,1.06345,3.20,3.30
2010.03.15 16:30:41.475,1.06335,1.06345,3.20,3.20
2010.03.15 16:30:43.176,1.0634,1.06345,2.40,3.20
2010.03.15 16:30:43.526,1.0634,1.06345,2.40,1.60
2010.03.15 16:30:55.425,1.0633,1.06345,2.40,12.90
2010.03.15 16:30:55.560,1.0633,1.06345,2.40,14.50
2010.03.15 16:30:55.685,1.0633,1.0634,2.40,1.60
2010.03.15 16:30:56.947,1.0634,1.06345,2.40,3.20
2010.03.15 16:30:57.216,1.0633,1.06345,3.20,1.70
2010.03.15 16:30:57.484,1.0633,1.06345,2.40,11.30
2010.03.15 16:30:57.755,1.06335,1.06345,2.40,8.00
2010.03.15 16:30:58.030,1.0634,1.06345,2.40,3.20
2010.03.15 16:30:58.383,1.0634,1.06345,2.40,1.60
2010.03.15 16:30:58.913,1.0634,1.06345,2.40,3.20
2010.03.15 16:31:00.883,1.06335,1.06345,2.40,12.00
2010.03.15 16:31:01.073,1.0633,1.0634,4.00,1.60
2010.03.15 16:31:01.452,1.0633,1.06345,4.00,16.80
2010.03.15 16:31:01.583,1.0633,1.06345,4.00,18.40
2010.03.15 16:31:03.192,1.06335,1.06345,2.40,9.60
2010.03.15 16:31:04.742,1.06335,1.0634,2.40,1.60
2010.03.15 16:31:11.637,1.06325,1.06345,17.00,12.10
2010.03.15 16:31:12.256,1.06335,1.0634,2.40,1.60
2010.03.15 16:31:13.199,1.0633,1.0634,2.40,1.60
2010.03.15 16:31:13.554,1.06335,1.0634,2.40,3.20
2010.03.15 16:31:18.708,1.06335,1.0634,2.40,1.60
2010.03.15 16:31:26.065,1.06335,1.06345,2.40,6.40
2010.03.15 16:31:26.891,1.0633,1.06345,4.00,6.40
2010.03.15 16:31:27.030,1.0633,1.06345,1.60,9.70
2010.03.15 16:31:27.170,1.06325,1.06345,10.40,27.30
2010.03.15 16:31:27.308,1.06325,1.0634,4.80,1.60
2010.03.15 16:31:30.625,1.0633,1.0634,2.40,1.60
2010.03.15 16:31:32.122,1.0633,1.06345,2.40,9.60
2010.03.15 16:31:32.345,1.0633,1.06345,2.40,4.80
2010.03.15 16:31:35.253,1.0633,1.0634,2.40,1.60
2010.03.15 16:31:41.458,1.0633,1.06345,2.40,4.80
2010.03.15 16:31:41.800,1.0633,1.06345,4.00,4.80
2010.03.15 16:31:43.713,1.06335,1.06345,2.40,3.20
2010.03.15 16:31:44.030,1.06335,1.06345,2.40,1.60
2010.03.15 16:31:44.994,1.0634,1.0635,2.40,1.60
2010.03.15 16:31:45.508,1.0634,1.06355,2.40,7.20
2010.03.15 16:31:46.886,1.0634,1.0635,2.40,1.60
2010.03.15 16:31:47.790,1.0634,1.06355,2.40,7.20
2010.03.15 16:31:50.032,1.0634,1.0635,2.40,1.60
2010.03.15 16:31:50.932,1.0634,1.0635,2.40,3.20
2010.03.15 16:31:51.620,1.0634,1.0635,2.40,8.10
2010.03.15 16:31:52.082,1.0634,1.06345,2.40,1.60
2010.03.15 16:31:53.199,1.06335,1.06345,1.70,1.60
2010.03.15 16:31:54.230,1.06335,1.06345,2.50,1.60
2010.03.15 16:31:54.517,1.06335,1.0635,2.50,17.00
2010.03.15 16:31:54.962,1.06335,1.06345,2.50,3.20
2010.03.15 16:31:55.851,1.0633,1.06345,2.40,4.80
2010.03.15 16:31:56.155,1.0633,1.0634,2.40,1.60
2010.03.15 16:31:56.464,1.0634,1.06345,2.40,9.60
2010.03.15 16:31:56.742,1.06335,1.06345,2.40,3.20
2010.03.15 16:31:57.186,1.06335,1.06345,2.40,3.30
2010.03.15 16:31:57.471,1.06335,1.06345,2.40,4.80
2010.03.15 16:31:59.550,1.06335,1.06345,2.40,3.20
2010.03.15 16:32:02.366,1.06335,1.06345,2.40,1.60
2010.03.15 16:32:05.992,1.06335,1.06345,2.40,3.20
2010.03.15 16:32:08.805,1.0633,1.06345,2.40,4.80
2010.03.15 16:32:09.140,1.0633,1.06345,2.40,11.20
2010.03.15 16:32:09.662,1.06335,1.06345,2.40,9.60
2010.03.15 16:32:09.812,1.06335,1.06345,2.40,1.60
2010.03.15 16:32:12.313,1.06335,1.0635,2.40,14.50
2010.03.15 16:32:12.578,1.0633,1.0635,4.80,18.50
2010.03.15 16:32:12.845,1.0633,1.06345,4.00,12.00
2010.03.15 16:32:13.116,1.0633,1.06345,2.40,20.00
2010.03.15 16:32:14.079,1.0633,1.06345,2.40,24.80
2010.03.15 16:32:14.759,1.06325,1.06335,5.60,1.60
2010.03.15 16:32:15.004,1.0632,1.06335,5.60,4.80
2010.03.15 16:32:15.247,1.06325,1.06335,2.40,3.20
2010.03.15 16:32:15.597,1.06325,1.06335,2.40,1.60
2010.03.15 16:32:18.458,1.0633,1.0634,2.40,14.40
2010.03.15 16:32:18.815,1.0633,1.0634,2.40,3.20
2010.03.15 16:32:19.166,1.0633,1.0634,2.40,1.60
2010.03.15 16:32:22.425,1.0633,1.0634,2.40,3.20
2010.03.15 16:32:22.490,1.06325,1.0634,12.90,4.80
2010.03.15 16:32:22.538,1.06325,1.0634,2.40,4.80
2010.03.15 16:32:22.583,1.06325,1.0634,2.40,9.60
2010.03.15 16:32:24.971,1.0632,1.06335,5.60,12.10
2010.03.15 16:32:25.269,1.0632,1.06335,3.20,13.70
2010.03.15 16:32:25.587,1.06315,1.0633,8.80,1.60
2010.03.15 16:32:25.891,1.06315,1.0633,4.00,3.20
2010.03.15 16:32:27.572,1.06315,1.0633,2.40,3.30
2010.03.15 16:32:30.105,1.06315,1.0633,2.40,3.20
2010.03.15 16:32:50.167,1.06315,1.06325,2.40,1.60
2010.03.15 16:32:53.569,1.06315,1.06325,2.40,3.20
2010.03.15 16:32:56.498,1.06315,1.06325,2.40,1.60
2010.03.15 16:32:56.721,1.06315,1.0633,3.20,4.80
2010.03.15 16:32:57.397,1.06315,1.0633,3.20,4.90
2010.03.15 16:32:57.716,1.06315,1.0633,2.40,4.90
2010.03.15 16:33:04.662,1.06315,1.06325,2.40,1.60
2010.03.15 16:33:04.833,1.06315,1.0633,2.40,4.90
2010.03.15 16:33:05.367,1.06315,1.0633,2.40,3.20
2010.03.15 16:33:11.516,1.06315,1.06325,2.40,1.60
2010.03.15 16:33:12.387,1.06315,1.06325,2.40,3.20
2010.03.15 16:33:18.721,1.0631,1.06325,2.40,3.30
2010.03.15 16:33:19.072,1.06315,1.06325,2.40,3.20
2010.03.15 16:33:19.766,1.0631,1.0632,2.40,1.60
2010.03.15 16:33:25.103,1.0631,1.0632,2.40,3.20
2010.03.15 16:33:26.442,1.06305,1.0632,2.40,3.20
2010.03.15 16:33:39.880,1.06305,1.0632,2.40,3.30
2010.03.15 16:33:40.365,1.06305,1.0632,2.40,3.20
2010.03.15 16:33:40.472,1.06305,1.0632,2.40,2.40
2010.03.15 16:33:41.346,1.06315,1.06325,2.40,8.80
2010.03.15 16:33:41.695,1.0632,1.0633,2.40,2.80
2010.03.15 16:33:42.397,1.06325,1.0633,2.40,1.60
2010.03.15 16:33:47.452,1.0632,1.0633,2.40,1.60
2010.03.15 16:33:47.720,1.0632,1.0633,2.40,2.90
2010.03.15 16:33:47.831,1.0631,1.06325,5.60,2.80
2010.03.15 16:33:47.929,1.0631,1.06325,5.60,2.90
2010.03.15 16:33:48.024,1.0631,1.06325,4.00,2.90
2010.03.15 16:33:48.400,1.0631,1.06325,4.00,2.80
2010.03.15 16:33:49.106,1.06315,1.06325,3.30,1.60
2010.03.15 16:33:49.463,1.06315,1.06325,2.40,1.60
2010.03.15 16:33:49.695,1.0631,1.06325,15.20,1.60
2010.03.15 16:33:49.922,1.0631,1.06325,12.80,1.60
2010.03.15 16:33:50.151,1.0631,1.06325,6.40,1.60
2010.03.15 16:33:51.401,1.0631,1.06325,5.60,1.60
2010.03.15 16:33:51.750,1.0631,1.06325,6.40,1.60
2010.03.15 16:33:52.179,1.0631,1.06325,11.20,1.60
2010.03.15 16:33:56.525,1.0631,1.06325,10.40,1.60
2010.03.15 16:33:56.686,1.0631,1.06325,5.60,1.60
2010.03.15 16:33:57.806,1.0631,1.06325,3.20,4.00
2010.03.15 16:33:58.001,1.0631,1.06325,1.60,5.30
2010.03.15 16:33:58.528,1.0631,1.06325,1.60,5.20
2010.03.15 16:33:59.218,1.0631,1.06325,1.60,6.90
2010.03.15 16:33:59.410,1.0631,1.06325,1.60,6.80
2010.03.15 16:34:04.477,1.0631,1.06325,3.20,5.30
2010.03.15 16:34:04.768,1.0631,1.06325,3.20,5.20
2010.03.15 16:34:05.746,1.0631,1.06325,1.60,5.20
2010.03.15 16:34:08.164,1.0631,1.06325,2.60,5.20
2010.03.15 16:34:08.357,1.0631,1.06325,4.20,3.60
2010.03.15 16:34:08.661,1.0631,1.06325,4.00,3.70
2010.03.15 16:34:08.955,1.0631,1.06325,1.60,5.30
2010.03.15 16:34:19.484,1.06305,1.0632,14.40,3.60
2010.03.15 16:34:20.010,1.06305,1.06315,1.60,3.70
2010.03.15 16:34:20.355,1.063,1.06315,4.00,3.70
2010.03.15 16:34:32.893,1.06305,1.0632,1.60,10.00
2010.03.15 16:34:33.141,1.06305,1.0632,4.00,8.40
2010.03.15 16:34:33.390,1.06305,1.0632,4.00,3.60
2010.03.15 16:34:33.641,1.06305,1.0632,5.60,3.60
2010.03.15 16:34:34.140,1.06305,1.0632,6.40,1.20
2010.03.15 16:34:34.492,1.0631,1.06325,1.60,20.40
2010.03.15 16:34:37.969,1.0631,1.0632,1.60,1.20
2010.03.15 16:34:38.547,1.06305,1.0632,1.60,5.20
2010.03.15 16:34:38.719,1.06305,1.0632,1.60,10.80
2010.03.15 16:34:38.884,1.06305,1.0632,1.60,15.60
2010.03.15 16:34:40.881,1.06305,1.0632,1.60,14.80
2010.03.15 16:34:41.164,1.06305,1.0632,4.00,10.00
2010.03.15 16:34:45.074,1.06305,1.0632,4.00,10.80
2010.03.15 16:34:45.393,1.06305,1.0631,2.40,1.20
2010.03.15 16:34:45.548,1.063,1.0631,1.60,6.00
2010.03.15 16:34:45.682,1.063,1.0631,1.60,1.20
2010.03.15 16:34:47.021,1.063,1.0631,1.60,1.30
2010.03.15 16:34:47.185,1.06295,1.0631,4.00,2.10
2010.03.15 16:34:47.406,1.06295,1.0631,4.00,3.70
2010.03.15 16:34:47.503,1.06295,1.0631,1.60,7.70
2010.03.15 16:34:47.597,1.06295,1.06305,1.60,1.60
2010.03.15 16:34:47.761,1.06295,1.06305,1.60,2.90
2010.03.15 16:34:48.736,1.06295,1.06305,4.00,2.80
2010.03.15 16:34:49.374,1.06295,1.06305,2.40,2.80
2010.03.15 16:34:49.670,1.06295,1.06305,4.00,2.80
2010.03.15 16:34:50.247,1.06295,1.06305,4.00,1.20
2010.03.15 16:34:51.286,1.0629,1.06305,12.90,1.20
2010.03.15 16:34:52.905,1.0629,1.06305,12.80,1.20
2010.03.15 16:34:53.385,1.06295,1.06305,1.60,1.20
2010.03.15 16:34:54.083,1.06295,1.0631,4.80,8.40
2010.03.15 16:34:54.504,1.06295,1.0631,6.40,1.20
2010.03.15 16:34:55.746,1.06295,1.0631,5.60,1.20
2010.03.15 16:34:56.648,1.06295,1.0631,1.60,5.30
2010.03.15 16:34:56.837,1.0629,1.0631,10.40,5.30
2010.03.15 16:34:57.187,1.0629,1.06305,5.60,1.20
2010.03.15 16:34:58.037,1.06295,1.0631,1.60,10.10
2010.03.15 16:34:58.341,1.06295,1.0631,5.60,8.40
2010.03.15 16:34:58.669,1.063,1.06315,2.40,17.30
2010.03.15 16:34:59.009,1.063,1.06315,4.00,5.30
2010.03.15 16:35:00.048,1.063,1.0631,1.60,2.40
2010.03.15 16:35:00.387,1.06295,1.0631,5.60,2.40
2010.03.15 16:35:00.731,1.06295,1.0631,5.60,3.70
2010.03.15 16:35:01.216,1.06295,1.06305,1.60,1.20
2010.03.15 16:35:03.879,1.06295,1.0631,1.60,10.10
2010.03.15 16:35:04.015,1.06295,1.0631,1.60,5.30
2010.03.15 16:35:06.501,1.06295,1.0631,1.60,10.10
2010.03.15 16:35:06.672,1.06295,1.0631,1.60,10.00
2010.03.15 16:35:06.853,1.06295,1.0631,4.80,5.20
2010.03.15 16:35:07.222,1.063,1.0631,1.60,1.20
2010.03.15 16:35:07.399,1.063,1.06315,4.00,22.00
2010.03.15 16:35:07.575,1.063,1.06315,4.00,12.40
2010.03.15 16:35:07.929,1.063,1.06315,1.60,15.60
2010.03.15 16:35:08.273,1.063,1.0632,1.60,34.20
2010.03.15 16:35:09.643,1.063,1.0631,1.60,1.20
2010.03.15 16:35:10.521,1.06295,1.0631,4.00,1.20
2010.03.15 16:35:10.664,1.06295,1.0631,4.00,3.60
2010.03.15 16:35:11.021,1.06295,1.0631,4.00,5.20
2010.03.15 16:35:16.138,1.06295,1.0631,5.60,5.20
2010.03.15 16:35:16.547,1.063,1.0631,7.60,2.40
2010.03.15 16:35:16.696,1.063,1.06315,12.40,4.80
2010.03.15 16:35:16.848,1.063,1.0632,12.00,5.30
2010.03.15 16:35:17.432,1.063,1.06315,4.00,1.20
2010.03.15 16:35:17.784,1.063,1.06315,4.00,3.60
2010.03.15 16:35:18.141,1.06295,1.0631,16.10,2.40
2010.03.15 16:35:18.496,1.06295,1.0631,4.00,5.20
2010.03.15 16:35:24.409,1.06295,1.0631,5.60,3.60
2010.03.15 16:35:25.399,1.06295,1.06305,2.40,12.40
2010.03.15 16:35:25.629,1.0629,1.063,1.60,2.40
2010.03.15 16:35:26.209,1.0629,1.063,1.60,2.50
2010.03.15 16:35:26.561,1.06285,1.063,1.60,3.70
2010.03.15 16:35:27.583,1.0629,1.063,1.60,3.70
2010.03.15 16:35:28.538,1.0629,1.063,1.60,3.60
2010.03.15 16:35:30.021,1.0629,1.063,4.00,1.20
2010.03.15 16:35:30.232,1.0629,1.06305,4.00,7.60
2010.03.15 16:35:30.343,1.0629,1.06305,4.00,2.80
2010.03.15 16:35:30.685,1.06295,1.06305,4.00,1.20
2010.03.15 16:35:31.779,1.06295,1.0631,4.00,14.80
2010.03.15 16:35:32.129,1.06295,1.0631,4.00,10.00
2010.03.15 16:35:33.723,1.0629,1.06305,4.80,1.30
2010.03.15 16:35:34.079,1.0629,1.06305,1.60,8.50
2010.03.15 16:35:34.430,1.0629,1.06305,1.60,10.10
2010.03.15 16:35:36.897,1.0629,1.06305,1.60,10.00
2010.03.15 16:35:37.103,1.06295,1.06305,1.60,10.00
2010.03.15 16:35:37.400,1.06295,1.06305,1.60,3.60
2010.03.15 16:35:37.518,1.06295,1.0631,4.00,14.80
2010.03.15 16:35:37.834,1.06295,1.0631,4.00,10.00
2010.03.15 16:35:40.342,1.06295,1.0631,4.00,5.20
2010.03.15 16:35:40.949,1.06295,1.0631,4.00,3.60
2010.03.15 16:35:41.974,1.06295,1.0631,5.60,3.60
2010.03.15 16:35:42.903,1.06295,1.0631,4.00,3.60
2010.03.15 16:35:43.000,1.06295,1.0631,4.00,5.20
2010.03.15 16:35:48.522,1.06295,1.06305,1.60,1.20
2010.03.15 16:35:48.876,1.0629,1.063,1.60,2.40
2010.03.15 16:35:54.431,1.0629,1.06305,4.00,25.20
2010.03.15 16:35:54.768,1.06295,1.06305,4.00,1.20
2010.03.15 16:35:56.614,1.06295,1.0631,4.00,10.00
2010.03.15 16:35:56.906,1.06295,1.0631,4.00,5.30
2010.03.15 16:35:57.186,1.06295,1.06305,4.00,1.20
2010.03.15 16:35:57.552,1.0629,1.06305,1.60,6.00
2010.03.15 16:35:57.690,1.0629,1.06305,1.60,1.20
2010.03.15 16:35:57.831,1.0629,1.06305,1.60,7.60
2010.03.15 16:35:59.164,1.06295,1.06305,1.60,7.60
2010.03.15 16:35:59.211,1.06295,1.06305,4.00,2.80
2010.03.15 16:35:59.658,1.06295,1.06305,2.40,2.80
2010.03.15 16:36:03.140,1.0629,1.06305,4.00,2.90
2010.03.15 16:36:03.445,1.06285,1.06305,14.00,6.40
2010.03.15 16:36:03.506,1.06285,1.063,10.40,2.40
2010.03.15 16:36:03.562,1.06285,1.063,5.60,2.40
2010.03.15 16:36:03.661,1.06285,1.063,5.60,2.50
2010.03.15 16:36:04.119,1.06285,1.063,1.60,3.70
2010.03.15 16:36:04.479,1.06285,1.063,1.60,5.30
2010.03.15 16:36:09.093,1.0629,1.06305,1.60,17.40
2010.03.15 16:36:09.655,1.0629,1.06305,9.60,9.60
2010.03.15 16:36:10.006,1.06295,1.0631,1.60,10.10
2010.03.15 16:36:15.617,1.06295,1.0631,4.00,10.10
2010.03.15 16:36:15.782,1.06295,1.0631,4.00,10.00
2010.03.15 16:36:16.240,1.06295,1.0631,4.00,5.20
2010.03.15 16:36:17.548,1.06295,1.0631,1.60,5.30
2010.03.15 16:36:18.245,1.06295,1.0631,1.60,10.10
2010.03.15 16:36:21.044,1.06295,1.06305,1.60,2.80
2010.03.15 16:36:21.220,1.0629,1.06305,4.00,10.00
2010.03.15 16:36:21.575,1.06295,1.06305,4.00,7.60
2010.03.15 16:36:21.829,1.06295,1.0631,4.00,12.50
2010.03.15 16:36:22.024,1.0629,1.0631,7.30,14.90
2010.03.15 16:36:22.197,1.06295,1.0631,1.60,10.00
2010.03.15 16:36:24.256,1.06295,1.0631,4.00,7.60
2010.03.15 16:36:24.682,1.06295,1.0631,5.60,4.80
2010.03.15 16:36:25.028,1.063,1.06315,1.60,17.30
2010.03.15 16:36:25.376,1.063,1.06315,1.60,12.50
2010.03.15 16:36:26.122,1.06295,1.0631,4.00,5.20
2010.03.15 16:36:26.662,1.06295,1.0631,4.00,10.00
2010.03.15 16:36:27.243,1.06295,1.0631,4.00,2.80
2010.03.15 16:36:27.637,1.06295,1.0631,4.00,5.20
2010.03.15 16:36:28.151,1.06295,1.0631,4.00,10.00
2010.03.15 16:36:32.679,1.063,1.06315,5.60,13.20
2010.03.15 16:36:32.830,1.06305,1.06315,2.40,9.60
2010.03.15 16:36:33.428,1.06305,1.06325,12.00,10.50
2010.03.15 16:36:33.773,1.06305,1.06325,12.00,10.10
2010.03.15 16:36:35.521,1.06305,1.06325,12.00,11.70
2010.03.15 16:36:35.793,1.06305,1.06325,12.00,10.10
2010.03.15 16:36:36.060,1.06305,1.06325,12.00,11.70
2010.03.15 16:36:38.269,1.06305,1.06325,12.00,11.60
2010.03.15 16:36:41.456,1.06305,1.06325,12.00,11.70
2010.03.15 16:36:46.169,1.06305,1.06325,12.00,10.00
2010.03.15 16:36:46.528,1.0631,1.06325,1.60,10.00
2010.03.15 16:36:46.777,1.0631,1.06325,4.00,2.80
2010.03.15 16:36:47.039,1.0631,1.06325,5.60,2.80
2010.03.15 16:36:48.462,1.0631,1.06325,1.60,10.00
2010.03.15 16:36:49.158,1.0631,1.06325,3.20,10.00
2010.03.15 16:36:49.499,1.0631,1.06325,5.60,1.20
2010.03.15 16:36:50.098,1.0631,1.06325,7.20,1.20
2010.03.15 16:36:52.887,1.06315,1.06325,1.70,1.20
2010.03.15 16:36:53.243,1.06315,1.0633,4.00,6.00
2010.03.15 16:36:53.415,1.06315,1.0633,4.00,16.40
2010.03.15 16:36:53.757,1.06315,1.0633,4.00,5.20
2010.03.15 16:36:54.109,1.06315,1.0633,1.60,13.30
2010.03.15 16:36:54.797,1.06315,1.0633,1.60,18.10
2010.03.15 16:36:55.857,1.06315,1.06325,1.60,3.60
2010.03.15 16:36:56.179,1.06315,1.06325,1.60,8.40
2010.03.15 16:36:57.149,1.06315,1.06325,1.60,1.20
2010.03.15 16:36:57.592,1.06315,1.06325,1.60,1.30
2010.03.15 16:36:57.861,1.06315,1.06325,1.60,10.00
2010.03.15 16:36:58.092,1.0631,1.06325,1.60,10.00
2010.03.15 16:37:06.620,1.0631,1.06325,4.00,7.60
2010.03.15 16:37:07.194,1.0631,1.06325,4.00,2.80
2010.03.15 16:37:08.163,1.0631,1.06325,4.00,13.20
2010.03.15 16:37:08.560,1.0631,1.06325,1.60,19.70
2010.03.15 16:37:08.909,1.0631,1.06325,1.60,25.30
2010.03.15 16:37:09.948,1.0631,1.06325,1.60,25.20
2010.03.15 16:37:10.763,1.0631,1.06325,1.60,20.40
2010.03.15 16:37:14.311,1.0631,1.06325,4.00,20.40
2010.03.15 16:37:15.280,1.0631,1.06325,1.60,20.40
2010.03.15 16:37:17.051,1.0631,1.06325,1.60,20.50
2010.03.15 16:37:17.332,1.06305,1.06325,7.20,20.50
2010.03.15 16:37:17.531,1.06305,1.0632,5.60,3.20
2010.03.15 16:37:17.881,1.06305,1.06315,4.00,1.30
2010.03.15 16:37:18.088,1.063,1.06315,4.00,3.70
2010.03.15 16:37:18.289,1.063,1.06315,4.00,5.30
2010.03.15 16:37:18.657,1.063,1.06315,1.60,5.30
2010.03.15 16:37:21.159,1.063,1.06315,1.60,10.10
2010.03.15 16:37:21.621,1.063,1.06315,2.40,8.40
2010.03.15 16:37:22.069,1.06305,1.0632,1.60,17.20
2010.03.15 16:37:22.332,1.06305,1.0632,1.60,5.20
2010.03.15 16:37:23.011,1.06305,1.06315,1.60,1.20
2010.03.15 16:37:23.368,1.063,1.06315,5.60,1.20
2010.03.15 16:37:23.712,1.063,1.06315,5.60,1.20
2010.03.15 16:37:25.731,1.063,1.06315,1.60,5.20
2010.03.15 16:37:25.899,1.063,1.06315,1.60,10.00
2010.03.15 16:37:27.711,1.063,1.06315,1.70,10.00
2010.03.15 16:37:27.824,1.06305,1.06315,1.60,7.60
2010.03.15 16:37:28.044,1.06305,1.06315,1.60,6.00
2010.03.15 16:37:28.320,1.06305,1.06315,1.60,1.20
2010.03.15 16:37:36.513,1.06305,1.0632,1.60,10.00
2010.03.15 16:37:36.751,1.06305,1.0632,1.60,5.20
2010.03.15 16:37:36.945,1.06305,1.0632,2.40,3.60
2010.03.15 16:37:37.115,1.06305,1.0632,4.00,3.60
2010.03.15 16:37:38.770,1.0631,1.0632,1.60,2.40
2010.03.15 16:37:39.777,1.06305,1.0632,7.20,2.40
2010.03.15 16:37:40.125,1.06305,1.0632,4.00,2.40
2010.03.15 16:37:40.816,1.06305,1.06325,1.60,15.70
2010.03.15 16:37:47.953,1.06305,1.06315,1.60,1.00
2010.03.15 16:37:47.995,1.063,1.06315,14.40,1.00
2010.03.15 16:37:48.294,1.063,1.06315,11.20,2.90
2010.03.15 16:37:48.346,1.063,1.06315,1.60,15.70
2010.03.15 16:37:48.428,1.063,1.06315,1.60,20.50
2010.03.15 16:37:48.472,1.06295,1.06315,5.60,26.90
2010.03.15 16:37:48.518,1.06295,1.0631,4.00,1.20
2010.03.15 16:37:48.743,1.06295,1.0631,4.00,2.80
2010.03.15 16:37:50.900,1.063,1.0631,1.60,1.60
2010.03.15 16:37:51.245,1.063,1.06315,4.00,12.10
2010.03.15 16:37:51.538,1.06305,1.0632,4.00,7.20
2010.03.15 16:37:51.824,1.06305,1.0632,4.00,2.40
2010.03.15 16:37:52.757,1.06305,1.0632,3.20,2.40
2010.03.15 16:37:53.104,1.06305,1.0632,3.20,3.60
2010.03.15 16:37:55.800,1.06305,1.0632,1.60,5.30
2010.03.15 16:37:55.932,1.063,1.06315,12.80,2.40
2010.03.15 16:37:56.198,1.063,1.06315,3.20,2.40
2010.03.15 16:37:56.329,1.063,1.06315,3.20,5.30
2010.03.15 16:37:56.454,1.063,1.06315,1.60,10.10
2010.03.15 16:37:57.041,1.06305,1.0632,1.60,14.80
2010.03.15 16:37:57.392,1.06305,1.0632,3.20,5.20
2010.03.15 16:37:57.914,1.0631,1.0632,1.60,2.80
2010.03.15 16:37:58.173,1.0631,1.06325,1.60,12.40
2010.03.15 16:37:58.679,1.06305,1.0632,5.60,3.60
2010.03.15 16:37:59.378,1.06305,1.0632,1.60,5.20
2010.03.15 16:37:59.721,1.06305,1.0632,1.60,6.00
2010.03.15 16:38:00.253,1.063,1.06315,8.80,1.20
2010.03.15 16:38:00.602,1.063,1.06315,1.60,10.00
2010.03.15 16:38:01.243,1.06305,1.06315,1.60,8.40
2010.03.15 16:38:01.758,1.0631,1.0632,1.60,7.20
2010.03.15 16:38:01.971,1.06305,1.0632,3.20,2.40
2010.03.15 16:38:02.735,1.06305,1.0632,5.60,2.40
2010.03.15 16:38:04.014,1.0631,1.06325,4.00,7.60
2010.03.15 16:38:04.388,1.0631,1.06325,4.80,2.80
2010.03.15 16:38:04.743,1.0631,1.06325,1.60,10.00
2010.03.15 16:38:05.091,1.0631,1.06325,1.60,20.40
2010.03.15 16:38:07.599,1.0631,1.0632,1.60,3.20
2010.03.15 16:38:07.856,1.06305,1.0632,1.60,6.00
2010.03.15 16:38:08.062,1.063,1.06315,6.40,7.70
2010.03.15 16:38:08.418,1.063,1.06315,1.60,12.50
2010.03.15 16:38:08.957,1.063,1.06315,1.60,11.70
2010.03.15 16:38:09.651,1.063,1.06315,5.80,8.80
2010.03.15 16:38:09.986,1.06305,1.0632,1.60,5.20
2010.03.15 16:38:10.436,1.06305,1.0632,3.20,8.40
2010.03.15 16:38:10.774,1.06305,1.0632,5.60,2.40
2010.03.15 16:38:12.451,1.0631,1.06325,1.60,19.60
2010.03.15 16:38:12.618,1.0631,1.06325,1.60,13.20
2010.03.15 16:38:12.787,1.0631,1.06325,1.60,12.40
2010.03.15 16:38:14.388,1.0631,1.06325,1.60,13.20
2010.03.15 16:38:16.542,1.0631,1.06325,1.60,13.30
2010.03.15 16:38:16.654,1.06305,1.06325,8.00,14.90
2010.03.15 16:38:16.869,1.06305,1.0632,8.00,1.00
2010.03.15 16:38:17.005,1.06305,1.06315,1.60,2.40
2010.03.15 16:38:17.126,1.06305,1.0632,1.60,12.40
2010.03.15 16:38:17.241,1.06305,1.0632,1.60,11.60
2010.03.15 16:38:17.590,1.063,1.0632,5.70,16.40
2010.03.15 16:38:17.937,1.063,1.0632,5.70,15.60
2010.03.15 16:38:18.287,1.063,1.0632,5.70,14.80
2010.03.15 16:38:19.479,1.06305,1.0632,1.60,14.80
2010.03.15 16:38:19.756,1.06305,1.0632,1.60,10.00
2010.03.15 16:38:20.042,1.06305,1.0632,1.60,5.20
2010.03.15 16:38:21.662,1.06305,1.0632,4.00,3.60
2010.03.15 16:38:21.869,1.06305,1.0632,5.60,2.40
2010.03.15 16:38:24.202,1.06305,1.0632,3.20,2.40
2010.03.15 16:38:24.544,1.06305,1.0632,1.60,3.60
2010.03.15 16:38:25.056,1.06305,1.0632,1.60,5.20
2010.03.15 16:38:25.298,1.06305,1.0632,1.60,6.00
2010.03.15 16:38:25.552,1.063,1.06315,1.60,10.10
2010.03.15 16:38:27.542,1.063,1.06315,6.70,1.20
2010.03.15 16:38:28.258,1.063,1.06315,6.50,1.20
2010.03.15 16:38:28.970,1.063,1.06315,3.20,3.60
2010.03.15 16:38:29.317,1.063,1.06315,3.20,8.40
2010.03.15 16:38:33.307,1.063,1.06315,3.20,18.10
2010.03.15 16:38:33.413,1.063,1.06315,1.60,19.70
2010.03.15 16:38:33.516,1.063,1.06315,1.00,22.90
2010.03.15 16:38:33.753,1.063,1.06315,1.00,23.70
2010.03.15 16:38:33.856,1.063,1.06315,1.00,23.70
2010.03.15 16:38:34.492,1.063,1.06315,1.00,22.10
2010.03.15 16:38:34.852,1.063,1.06315,9.70,1.20
2010.03.15 16:38:35.395,1.06305,1.0632,1.60,5.20
2010.03.15 16:38:37.990,1.06305,1.0632,1.60,5.30
2010.03.15 16:38:38.475,1.063,1.0632,12.00,5.30
2010.03.15 16:38:38.553,1.063,1.06315,4.00,1.20
2010.03.15 16:38:50.715,1.063,1.06315,1.60,3.60
2010.03.15 16:38:51.048,1.063,1.06315,1.60,3.70
2010.03.15 16:38:52.477,1.063,1.06315,1.60,3.60
2010.03.15 16:38:52.718,1.063,1.06315,4.00,1.20
2010.03.15 16:38:54.562,1.063,1.06315,1.60,8.40
2010.03.15 16:38:55.257,1.063,1.06315,1.60,3.60
2010.03.15 16:39:00.379,1.06305,1.0632,1.60,15.60
2010.03.15 16:39:00.560,1.06305,1.0632,1.60,14.80
2010.03.15 16:39:01.045,1.06305,1.0632,1.60,5.20
2010.03.15 16:39:11.270,1.063,1.0632,20.00,6.80
2010.03.15 16:39:11.570,1.06305,1.0632,1.60,5.20
2010.03.15 16:39:16.901,1.06305,1.0632,1.60,6.10
2010.03.15 16:39:17.152,1.063,1.0632,8.50,12.40
2010.03.15 16:39:17.405,1.06305,1.0632,1.60,8.40
2010.03.15 16:39:17.733,1.06305,1.0632,1.60,3.60
2010.03.15 16:39:20.049,1.06305,1.0632,3.20,3.60
2010.03.15 16:39:21.372,1.06305,1.0632,3.20,2.40
2010.03.15 16:39:23.372,1.06305,1.0632,3.30,2.40
2010.03.15 16:39:23.654,1.06305,1.0632,4.90,2.40
2010.03.15 16:39:23.784,1.06305,1.06325,12.20,9.20
2010.03.15 16:39:25.703,1.06305,1.06325,12.20,14.00
2010.03.15 16:39:28.895,1.06305,1.0632,9.80,2.40
2010.03.15 16:39:29.007,1.06305,1.0632,12.10,1.00
2010.03.15 16:39:29.119,1.06305,1.0632,4.90,8.00
2010.03.15 16:39:29.737,1.06305,1.0632,7.30,4.80
2010.03.15 16:39:31.231,1.06305,1.06325,7.30,20.40
2010.03.15 16:39:31.426,1.06305,1.0632,5.60,2.40
2010.03.15 16:39:31.950,1.06305,1.0632,5.60,3.60
2010.03.15 16:39:49.797,1.06305,1.06325,14.40,11.60
2010.03.15 16:39:50.110,1.06315,1.0633,4.80,7.20
2010.03.15 16:39:50.611,1.0632,1.06335,7.30,9.60
2010.03.15 16:39:50.933,1.06325,1.0634,1.60,11.60
2010.03.15 16:39:51.428,1.06325,1.0634,1.60,13.20
2010.03.15 16:39:51.777,1.06325,1.06335,1.60,2.40
2010.03.15 16:39:52.127,1.0632,1.06335,4.80,2.40
2010.03.15 16:39:52.474,1.0632,1.06335,4.80,4.00
2010.03.15 16:39:57.107,1.0632,1.06335,7.20,4.00
2010.03.15 16:39:57.246,1.0632,1.06335,4.80,4.80
2010.03.15 16:39:58.552,1.0632,1.06335,3.20,4.80
2010.03.15 16:39:58.851,1.0632,1.06335,3.20,4.00
2010.03.15 16:40:00.443,1.0632,1.06335,1.60,6.80
2010.03.15 16:40:00.752,1.0632,1.06335,1.60,7.60
2010.03.15 16:40:02.148,1.0632,1.06335,1.60,8.40
2010.03.15 16:40:02.674,1.0632,1.06335,1.60,13.20
2010.03.15 16:40:03.386,1.0632,1.06335,1.60,7.60
2010.03.15 16:40:13.089,1.0632,1.06335,1.60,12.40
2010.03.15 16:40:15.012,1.06315,1.06335,15.20,14.80
2010.03.15 16:40:15.178,1.06315,1.06335,14.40,14.80
2010.03.15 16:40:15.343,1.0632,1.06335,2.40,9.20
2010.03.15 16:40:15.513,1.0632,1.06335,4.00,7.60
2010.03.15 16:40:15.812,1.0632,1.06335,4.00,2.80
2010.03.15 16:40:15.996,1.0632,1.06335,1.60,6.80
2010.03.15 16:40:17.523,1.06315,1.06335,18.80,8.40
2010.03.15 16:40:19.698,1.06315,1.06335,18.90,8.40
2010.03.15 16:40:20.015,1.0632,1.06335,1.60,6.80
2010.03.15 16:40:20.334,1.06315,1.06335,18.80,8.40
2010.03.15 16:40:21.093,1.06315,1.06335,19.60,8.40
2010.03.15 16:40:21.308,1.0632,1.06335,1.60,6.80
2010.03.15 16:40:22.427,1.0632,1.06335,1.60,8.40
2010.03.15 16:40:22.996,1.0632,1.06335,1.60,7.60
2010.03.15 16:40:24.395,1.0632,1.06335,1.60,6.80
2010.03.15 16:40:31.205,1.06325,1.06335,1.60,4.40
2010.03.15 16:40:31.307,1.06325,1.0634,1.60,16.40
2010.03.15 16:40:31.416,1.06325,1.0634,1.60,10.80
2010.03.15 16:40:31.528,1.06325,1.0634,1.60,6.00
2010.03.15 16:40:31.735,1.06325,1.0634,1.60,10.80
2010.03.15 16:40:33.004,1.0632,1.0634,10.40,12.40
2010.03.15 16:40:33.163,1.0632,1.0634,5.60,13.20
2010.03.15 16:40:33.322,1.0632,1.06335,1.60,3.60
2010.03.15 16:40:33.476,1.0632,1.06335,1.60,5.20
2010.03.15 16:40:38.402,1.0632,1.06335,1.60,6.00
2010.03.15 16:40:38.782,1.0632,1.06335,1.60,8.40
2010.03.15 16:40:39.123,1.0632,1.06335,1.60,13.20
2010.03.15 16:40:39.458,1.0632,1.06335,1.60,12.40
2010.03.15 16:40:39.948,1.0632,1.06335,1.60,6.80
2010.03.15 16:40:40.649,1.0632,1.06335,1.60,5.20
2010.03.15 16:40:41.447,1.0632,1.06335,1.60,6.80
2010.03.15 16:40:41.851,1.0632,1.06335,1.60,11.60
2010.03.15 16:40:41.983,1.0632,1.06335,1.60,12.40
2010.03.15 16:40:42.112,1.06315,1.06335,14.40,14.80
2010.03.15 16:40:42.242,1.06315,1.0633,14.40,1.00
2010.03.15 16:40:42.372,1.06315,1.06335,14.40,15.60
2010.03.15 16:40:43.203,1.06315,1.06335,14.40,10.00
2010.03.15 16:40:45.061,1.0632,1.06335,1.60,8.40
2010.03.15 16:40:45.420,1.0632,1.06335,1.60,7.60
2010.03.15 16:40:45.540,1.0632,1.06335,1.60,6.80
2010.03.15 16:40:47.649,1.0632,1.06335,1.60,7.60
2010.03.15 16:40:50.059,1.06325,1.06335,1.60,7.60
2010.03.15 16:40:50.323,1.0632,1.06335,4.00,3.60
2010.03.15 16:40:50.683,1.0632,1.06335,1.60,8.40
2010.03.15 16:40:50.971,1.0632,1.06335,1.60,10.00
2010.03.15 16:40:51.072,1.0632,1.06335,1.60,5.20
2010.03.15 16:41:00.659,1.0632,1.06335,1.60,6.00
2010.03.15 16:41:00.715,1.0632,1.06335,1.60,5.20
2010.03.15 16:41:01.139,1.0632,1.06335,1.60,6.00
2010.03.15 16:41:01.196,1.06315,1.06335,14.40,7.60
2010.03.15 16:41:01.257,1.0632,1.06335,1.60,9.20
2010.03.15 16:41:01.315,1.06315,1.06335,14.40,10.80
2010.03.15 16:41:01.761,1.06315,1.06335,14.40,15.60
2010.03.15 16:41:02.101,1.0632,1.06335,1.60,9.20
2010.03.15 16:41:03.526,1.0632,1.06335,1.60,8.40
2010.03.15 16:41:06.054,1.0632,1.06335,1.60,9.20
2010.03.15 16:41:09.963,1.0632,1.06335,1.60,9.60
2010.03.15 16:41:17.500,1.0632,1.06335,1.60,9.20
2010.03.15 16:41:17.986,1.06315,1.06335,13.90,10.80
2010.03.15 16:41:18.315,1.0632,1.06335,1.60,9.20
2010.03.15 16:41:30.176,1.0632,1.0633,1.60,1.20
2010.03.15 16:41:30.706,1.0631,1.06325,4.00,2.80
2010.03.15 16:41:30.960,1.0631,1.06325,1.60,7.20
2010.03.15 16:41:31.472,1.06305,1.06325,14.40,15.20
2010.03.15 16:41:31.799,1.06305,1.06325,9.60,13.60
2010.03.15 16:41:32.137,1.06305,1.0632,12.80,1.20
2010.03.15 16:41:32.877,1.06305,1.0632,1.60,5.70
2010.03.15 16:41:33.149,1.06305,1.0632,1.60,10.70
2010.03.15 16:41:33.988,1.063,1.0632,13.60,12.30
2010.03.15 16:41:34.316,1.06305,1.0632,1.60,10.70
2010.03.15 16:41:36.258,1.06305,1.0632,2.40,10.70
2010.03.15 16:41:36.743,1.06305,1.0632,1.60,5.20
2010.03.15 16:41:41.419,1.06305,1.0632,1.60,5.60
2010.03.15 16:41:41.509,1.06305,1.0632,1.60,6.60
2010.03.15 16:41:41.779,1.063,1.0632,10.40,13.20
2010.03.15 16:41:42.426,1.063,1.0632,5.60,18.80
2010.03.15 16:41:44.702,1.063,1.06315,1.60,5.20
2010.03.15 16:41:45.052,1.06295,1.06315,15.20,6.80
2010.03.15 16:41:45.406,1.063,1.06315,1.60,5.20
2010.03.15 16:41:48.594,1.063,1.06315,1.60,10.00
2010.03.15 16:41:49.795,1.06295,1.0631,9.60,3.70
2010.03.15 16:41:50.149,1.06295,1.0631,1.00,6.30
2010.03.15 16:41:50.502,1.06295,1.0631,1.00,5.90
2010.03.15 16:41:51.301,1.06295,1.0631,2.10,4.10
2010.03.15 16:41:51.656,1.06295,1.0631,2.10,3.70
2010.03.15 16:41:52.201,1.06295,1.0631,6.10,1.30
2010.03.15 16:41:52.477,1.06295,1.0631,7.70,1.30
2010.03.15 16:41:54.567,1.06295,1.0631,7.70,1.20
2010.03.15 16:41:55.944,1.06295,1.0631,7.70,1.30
2010.03.15 16:41:56.264,1.06295,1.0631,7.70,1.30
2010.03.15 16:41:57.291,1.06295,1.0631,8.00,1.30
2010.03.15 16:41:58.963,1.06295,1.0631,6.40,1.30
2010.03.15 16:41:59.085,1.06295,1.0631,6.10,6.10
2010.03.15 16:41:59.777,1.06295,1.0631,6.10,1.30
2010.03.15 16:42:00.836,1.06295,1.0631,7.70,1.30
2010.03.15 16:42:01.894,1.06295,1.0631,6.10,1.30
2010.03.15 16:42:04.124,1.06295,1.0631,8.00,1.20
2010.03.15 16:42:06.127,1.06295,1.0631,12.80,1.20
2010.03.15 16:42:06.721,1.06295,1.0631,12.50,1.20
2010.03.15 16:42:08.016,1.063,1.0631,1.60,1.20
2010.03.15 16:42:08.325,1.06295,1.06315,15.90,8.40
2010.03.15 16:42:08.634,1.063,1.06315,1.60,11.60
2010.03.15 16:42:08.865,1.063,1.0631,1.60,1.00
2010.03.15 16:42:09.091,1.06295,1.0631,9.50,1.00
2010.03.15 16:42:09.314,1.06295,1.06315,14.30,13.20
2010.03.15 16:42:09.543,1.063,1.06315,1.60,11.60
2010.03.15 16:42:09.891,1.063,1.06315,1.60,6.80
2010.03.15 16:42:10.962,1.063,1.06315,1.60,8.40
2010.03.15 16:42:13.144,1.06295,1.06315,15.10,8.40
2010.03.15 16:42:13.227,1.06295,1.06315,14.90,8.40
2010.03.15 16:42:13.500,1.06295,1.06315,14.90,13.20
2010.03.15 16:42:16.466,1.06295,1.06315,14.10,13.20
2010.03.15 16:42:19.806,1.06305,1.06315,1.00,13.20
2010.03.15 16:42:20.192,1.06305,1.0632,4.10,6.90
2010.03.15 16:42:20.435,1.06305,1.0632,4.10,9.00
2010.03.15 16:42:20.673,1.06305,1.0632,5.70,4.20
2010.03.15 16:42:20.914,1.06305,1.0632,5.70,5.00
2010.03.15 16:42:21.151,1.06305,1.0632,5.70,6.60
2010.03.15 16:42:21.807,1.06305,1.0631,1.60,1.00
2010.03.15 16:42:22.503,1.063,1.0631,12.00,1.00
2010.03.15 16:42:22.919,1.063,1.0631,12.00,1.00
2010.03.15 16:42:23.130,1.063,1.0632,12.00,12.10
2010.03.15 16:42:25.389,1.063,1.0632,12.00,15.40
2010.03.15 16:42:26.619,1.063,1.0632,12.00,15.60
2010.03.15 16:42:27.150,1.063,1.06315,5.60,1.20
2010.03.15 16:42:35.450,1.063,1.06315,5.60,1.30
2010.03.15 16:42:35.716,1.06295,1.06305,16.80,1.60
2010.03.15 16:42:36.181,1.06295,1.06305,4.80,2.40
2010.03.15 16:42:36.536,1.0629,1.06305,3.20,3.60
2010.03.15 16:42:38.233,1.0629,1.06305,3.20,12.40
2010.03.15 16:42:38.641,1.0629,1.06305,3.20,18.80
2010.03.15 16:42:39.086,1.0629,1.06305,3.20,17.20
2010.03.15 16:42:39.661,1.0629,1.06305,3.20,18.80
2010.03.15 16:42:41.556,1.0629,1.06305,1.60,18.80
2010.03.15 16:42:42.334,1.0629,1.06305,1.60,17.20
2010.03.15 16:42:44.077,1.06285,1.0631,7.20,36.10
2010.03.15 16:42:44.312,1.06285,1.06305,7.20,26.80
2010.03.15 16:42:44.906,1.06285,1.06305,7.20,27.60
2010.03.15 16:42:45.742,1.06285,1.06305,5.60,27.60
2010.03.15 16:42:46.037,1.06285,1.063,3.20,5.20
2010.03.15 16:42:46.327,1.06285,1.06295,3.20,1.60
2010.03.15 16:42:46.959,1.0628,1.06295,16.80,4.00
2010.03.15 16:42:47.305,1.0628,1.06295,12.00,4.00
2010.03.15 16:42:48.301,1.06285,1.06295,3.20,1.60
2010.03.15 16:42:49.027,1.06285,1.063,3.20,5.20
2010.03.15 16:42:49.380,1.06285,1.063,3.20,6.80
2010.03.15 16:42:51.115,1.06285,1.063,3.20,5.20
2010.03.15 16:42:54.273,1.06285,1.063,5.70,5.20
2010.03.15 16:42:55.429,1.06285,1.063,5.60,5.20
2010.03.15 16:42:55.768,1.06285,1.063,3.20,5.20
2010.03.15 16:42:58.997,1.06285,1.06295,3.20,1.60
2010.03.15 16:43:01.779,1.06285,1.06295,1.60,1.60
2010.03.15 16:43:03.941,1.0628,1.06295,17.60,1.60
2010.03.15 16:43:04.285,1.0628,1.06285,4.00,1.60
2010.03.15 16:43:04.626,1.06275,1.06285,4.80,1.60
2010.03.15 16:43:05.339,1.06275,1.06285,7.30,1.60
2010.03.15 16:43:05.683,1.0628,1.06285,1.60,1.60
2010.03.15 16:43:06.037,1.06275,1.0629,7.30,1.60
2010.03.15 16:43:06.743,1.06275,1.0629,4.90,4.00
2010.03.15 16:43:07.157,1.06275,1.0629,7.30,1.60
2010.03.15 16:43:07.514,1.0628,1.063,5.60,13.00
2010.03.15 16:43:07.871,1.0628,1.06295,6.40,4.00
2010.03.15 16:43:08.234,1.06275,1.06285,1.60,1.40
2010.03.15 16:43:08.562,1.06275,1.06285,3.20,1.40
2010.03.15 16:43:08.890,1.06275,1.06285,1.60,1.40
2010.03.15 16:43:13.267,1.0627,1.06285,16.90,1.40
2010.03.15 16:43:13.333,1.0627,1.06285,12.10,1.40
2010.03.15 16:43:13.515,1.0627,1.06285,12.90,1.40
2010.03.15 16:43:13.575,1.0627,1.06285,14.50,1.40
2010.03.15 16:43:13.929,1.06275,1.06285,1.60,1.40
2010.03.15 16:43:14.276,1.06275,1.0629,1.60,6.60
2010.03.15 16:43:17.254,1.06275,1.0629,1.60,5.00
2010.03.15 16:43:17.492,1.06275,1.0629,4.00,2.60
2010.03.15 16:43:17.936,1.06275,1.06285,7.20,1.20
2010.03.15 16:43:18.163,1.0628,1.06295,4.00,12.40
2010.03.15 16:43:18.380,1.0628,1.06295,5.60,1.20
2010.03.15 16:43:19.524,1.06275,1.0629,7.30,1.30
2010.03.15 16:43:20.035,1.06275,1.06295,16.90,4.70
2010.03.15 16:43:20.382,1.06275,1.063,12.10,21.60
2010.03.15 16:43:20.728,1.0628,1.06295,2.40,9.50
2010.03.15 16:43:21.077,1.0628,1.06295,4.00,4.70
2010.03.15 16:43:21.317,1.0628,1.06295,2.40,9.50
2010.03.15 16:43:21.926,1.06275,1.06285,6.40,1.30
2010.03.15 16:43:22.203,1.06275,1.06285,1.60,1.30
2010.03.15 16:43:22.935,1.0627,1.06285,12.10,1.30
2010.03.15 16:43:23.293,1.0627,1.06285,14.50,1.30
2010.03.15 16:43:23.636,1.0627,1.06285,19.30,1.30
2010.03.15 16:43:25.015,1.0627,1.06285,17.60,1.30
2010.03.15 16:43:25.220,1.06275,1.06285,1.60,1.30
2010.03.15 16:43:25.596,1.0627,1.06285,16.80,1.30
2010.03.15 16:43:25.803,1.06275,1.06285,1.60,1.30
2010.03.15 16:43:28.735,1.06275,1.06285,1.60,1.40
2010.03.15 16:43:29.477,1.06275,1.06285,1.70,1.40
2010.03.15 16:43:29.839,1.06275,1.06285,3.20,1.40
2010.03.15 16:43:31.946,1.06275,1.06285,5.60,1.40
2010.03.15 16:43:32.379,1.06275,1.0629,5.60,1.40
2010.03.15 16:43:32.548,1.0628,1.06295,4.00,10.60
2010.03.15 16:43:32.711,1.0628,1.06295,5.60,11.40
2010.03.15 16:43:32.871,1.0628,1.06295,8.00,6.20
2010.03.15 16:43:33.255,1.0628,1.06295,17.60,3.40
2010.03.15 16:43:33.614,1.0628,1.06295,4.00,4.20
2010.03.15 16:43:34.148,1.0628,1.06295,2.40,9.40
2010.03.15 16:43:36.471,1.0628,1.06295,2.40,8.60
2010.03.15 16:43:36.836,1.0628,1.06295,2.40,8.20
2010.03.15 16:43:38.953,1.0628,1.06295,2.40,8.40
2010.03.15 16:43:40.884,1.06275,1.0629,16.80,1.60
2010.03.15 16:43:41.146,1.06275,1.0629,12.00,2.80
2010.03.15 16:43:41.419,1.06275,1.0629,8.90,2.80
2010.03.15 16:43:41.685,1.06275,1.06295,5.60,14.20
2010.03.15 16:43:42.087,1.06275,1.06295,7.20,14.60
2010.03.15 16:43:42.413,1.06275,1.0629,12.00,1.60
2010.03.15 16:43:42.726,1.06275,1.0629,12.10,1.60
2010.03.15 16:43:44.505,1.06275,1.0629,12.00,1.60
2010.03.15 16:43:45.590,1.06275,1.0629,7.20,1.60
2010.03.15 16:43:47.082,1.0628,1.06295,4.00,4.90
2010.03.15 16:43:47.612,1.0628,1.06295,8.80,4.90
2010.03.15 16:43:48.556,1.0628,1.06295,8.80,7.30
2010.03.15 16:43:48.755,1.0628,1.06295,4.00,7.70
2010.03.15 16:43:48.952,1.0628,1.06295,4.00,5.30
2010.03.15 16:43:49.142,1.0628,1.06295,4.00,4.90
2010.03.15 16:43:51.529,1.0628,1.06295,4.00,3.30
2010.03.15 16:43:51.807,1.0628,1.06295,5.60,1.70
2010.03.15 16:43:52.469,1.0628,1.06295,10.40,1.60
2010.03.15 16:43:52.695,1.0628,1.06295,10.40,1.20
2010.03.15 16:43:52.925,1.0628,1.06295,8.80,5.20
2010.03.15 16:43:53.151,1.0628,1.06295,4.00,5.20
2010.03.15 16:43:53.563,1.0628,1.06295,5.60,3.60
2010.03.15 16:43:53.786,1.0628,1.06295,5.60,5.60
2010.03.15 16:43:53.999,1.0628,1.06295,4.00,7.20
2010.03.15 16:43:55.458,1.06275,1.0629,17.70,1.60
2010.03.15 16:43:55.641,1.06275,1.0629,16.90,1.60
2010.03.15 16:43:55.819,1.06275,1.0629,12.90,1.60
2010.03.15 16:43:56.011,1.06275,1.06295,13.70,8.40
2010.03.15 16:43:56.190,1.06275,1.06295,13.70,8.80
2010.03.15 16:43:56.370,1.06275,1.06295,18.50,8.80
2010.03.15 16:43:56.837,1.0628,1.06295,4.80,8.80
2010.03.15 16:43:57.702,1.06285,1.06295,4.10,1.60
2010.03.15 16:43:57.946,1.06285,1.06295,5.70,1.60
2010.03.15 16:43:58.260,1.06285,1.06295,5.60,1.60
2010.03.15 16:43:58.418,1.06285,1.0629,2.40,1.60
2010.03.15 16:43:58.548,1.06285,1.06295,2.40,2.60
2010.03.15 16:43:58.868,1.0628,1.0629,16.80,1.60
2010.03.15 16:43:59.225,1.0628,1.06295,7.20,2.00
2010.03.15 16:43:59.569,1.0628,1.06295,12.80,2.00
2010.03.15 16:44:00.350,1.0628,1.06295,17.60,2.00
2010.03.15 16:44:00.696,1.0628,1.06295,16.80,2.00
2010.03.15 16:44:01.795,1.0628,1.06295,8.00,7.30
2010.03.15 16:44:02.108,1.0628,1.06295,5.60,4.90
2010.03.15 16:44:02.415,1.0628,1.06295,7.20,2.00
2010.03.15 16:44:02.885,1.0628,1.06295,12.00,2.00
2010.03.15 16:44:04.109,1.06285,1.06295,2.40,2.00
2010.03.15 16:44:04.428,1.0628,1.06295,12.80,2.00
2010.03.15 16:44:04.747,1.0628,1.06295,7.20,2.00
2010.03.15 16:44:05.570,1.0628,1.06295,12.00,2.00
2010.03.15 16:44:06.272,1.0628,1.06295,4.80,4.40
2010.03.15 16:44:06.536,1.0628,1.06295,12.00,2.00
2010.03.15 16:44:06.800,1.0628,1.0629,4.80,1.60
2010.03.15 16:44:07.069,1.0628,1.0629,1.60,1.60
2010.03.15 16:44:08.181,1.06275,1.0629,7.20,1.60
2010.03.15 16:44:09.573,1.06275,1.0629,12.80,1.60
2010.03.15 16:44:10.181,1.06275,1.0629,12.00,1.60
2010.03.15 16:44:11.801,1.06275,1.0629,7.20,1.60
2010.03.15 16:44:12.860,1.0628,1.0629,1.60,1.60
2010.03.15 16:44:13.063,1.0628,1.06285,1.60,1.60
2010.03.15 16:44:13.263,1.06275,1.06285,7.30,1.60
2010.03.15 16:44:13.664,1.0628,1.06285,1.60,1.60
2010.03.15 16:44:14.195,1.06275,1.06285,4.80,1.60
2010.03.15 16:44:14.895,1.06275,1.06285,3.20,1.60
2010.03.15 16:44:16.962,1.06275,1.06285,5.60,1.60
2010.03.15 16:44:17.680,1.06275,1.06285,3.20,1.60
2010.03.15 16:44:19.353,1.06275,1.06285,5.60,1.60
2010.03.15 16:44:19.648,1.0628,1.06295,3.20,12.00
2010.03.15 16:44:19.805,1.0628,1.06295,12.90,1.60
2010.03.15 16:44:20.159,1.06285,1.06295,1.60,1.70
2010.03.15 16:44:20.681,1.0628,1.06295,12.00,2.10
2010.03.15 16:44:21.041,1.0628,1.06295,5.60,2.10
2010.03.15 16:44:23.819,1.06285,1.06295,1.60,2.10
2010.03.15 16:44:24.352,1.06285,1.06295,1.60,1.60
2010.03.15 16:44:27.090,1.0628,1.06295,12.00,1.60
2010.03.15 16:44:27.251,1.0628,1.06295,7.20,2.00
2010.03.15 16:44:27.703,1.0628,1.06295,7.20,2.00
2010.03.15 16:44:28.052,1.06285,1.06295,1.60,1.60
2010.03.15 16:44:34.821,1.06285,1.06295,1.60,2.00
2010.03.15 16:44:36.443,1.06285,1.06295,4.80,2.00
2010.03.15 16:44:36.532,1.06285,1.06295,6.40,1.00
2010.03.15 16:44:36.792,1.0629,1.063,3.20,1.60
2010.03.15 16:44:36.894,1.0629,1.06305,8.80,4.00
2010.03.15 16:44:37.108,1.0629,1.06305,11.20,1.60
2010.03.15 16:44:37.204,1.0629,1.06305,12.00,1.60
2010.03.15 16:44:37.901,1.06295,1.06305,1.60,1.60
2010.03.15 16:44:39.645,1.0629,1.06305,10.40,2.40
2010.03.15 16:44:39.993,1.0629,1.0631,16.80,6.80
2010.03.15 16:44:40.338,1.06295,1.0631,1.60,11.60
2010.03.15 16:44:40.841,1.06295,1.0631,1.60,6.80
2010.03.15 16:44:41.085,1.0629,1.0631,12.80,6.80
2010.03.15 16:44:41.929,1.0629,1.0631,14.40,6.80
2010.03.15 16:44:42.278,1.0629,1.0631,12.80,6.80
2010.03.15 16:44:47.742,1.0629,1.0631,12.00,6.80
2010.03.15 16:44:50.450,1.06295,1.0631,1.60,6.80
2010.03.15 16:44:50.805,1.06295,1.0631,3.20,5.20
2010.03.15 16:44:52.203,1.06295,1.06305,3.20,2.40
2010.03.15 16:44:54.095,1.06295,1.06305,1.60,2.40
2010.03.15 16:44:54.651,1.0629,1.06305,12.10,2.40
2010.03.15 16:44:54.933,1.0629,1.06305,12.00,2.40
2010.03.15 16:44:56.994,1.06295,1.06305,1.60,2.40
2010.03.15 16:44:57.292,1.0629,1.06305,12.00,2.40
2010.03.15 16:44:58.718,1.0629,1.06305,12.00,2.40
2010.03.15 16:44:58.954,1.0629,1.06305,12.00,2.40
2010.03.15 16:44:59.189,1.0629,1.06305,12.90,2.40
2010.03.15 16:44:59.420,1.0629,1.06305,12.10,2.40
2010.03.15 16:44:59.745,1.0629,1.063,8.00,2.40
2010.03.15 16:45:00.165,1.0629,1.06305,3.20,13.20
2010.03.15 16:45:00.501,1.0629,1.06305,3.20,3.60
2010.03.15 16:45:01.341,1.0629,1.06305,3.30,3.60
2010.03.15 16:45:04.391,1.0629,1.06305,3.30,11.60
2010.03.15 16:45:04.536,1.0629,1.06305,3.20,12.40
2010.03.15 16:45:04.880,1.06285,1.06295,14.40,2.40
2010.03.15 16:45:05.253,1.06285,1.06295,3.20,2.40
2010.03.15 16:45:06.998,1.06285,1.06295,1.60,2.40
2010.03.15 16:45:08.217,1.0628,1.06295,12.00,2.40
2010.03.15 16:45:08.934,1.0628,1.06295,7.20,2.40
2010.03.15 16:45:09.524,1.0628,1.06295,8.40,2.40
2010.03.15 16:45:09.810,1.0628,1.06295,12.80,2.40
2010.03.15 16:45:10.022,1.06285,1.06295,1.60,2.40
2010.03.15 16:45:14.422,1.06285,1.06295,1.60,4.00
2010.03.15 16:45:14.955,1.0628,1.06295,12.80,4.00
2010.03.15 16:45:17.604,1.0628,1.06295,12.00,4.00
2010.03.15 16:45:17.746,1.0628,1.06295,8.80,4.00
2010.03.15 16:45:17.898,1.0628,1.06295,8.80,4.40
2010.03.15 16:45:18.111,1.0628,1.06295,4.00,4.40
2010.03.15 16:45:22.343,1.0628,1.06295,4.00,4.40
2010.03.15 16:45:22.672,1.0628,1.06295,4.00,4.00
2010.03.15 16:45:23.223,1.0628,1.06295,5.60,4.00
2010.03.15 16:45:23.283,1.06285,1.06295,1.60,4.00
2010.03.15 16:45:23.737,1.0628,1.06295,7.20,4.00
2010.03.15 16:45:24.170,1.0628,1.06295,7.20,4.00
2010.03.15 16:45:24.296,1.0628,1.06295,5.60,4.40
2010.03.15 16:45:25.575,1.0628,1.06295,5.60,4.00
2010.03.15 16:45:25.736,1.0628,1.06295,5.60,4.00
2010.03.15 16:45:25.897,1.0628,1.06295,7.20,4.00
2010.03.15 16:45:26.985,1.0628,1.06295,7.20,4.40
2010.03.15 16:45:27.325,1.0628,1.06295,5.60,4.40
2010.03.15 16:45:27.682,1.06275,1.06285,3.20,4.00
2010.03.15 16:45:30.384,1.06275,1.06285,3.20,1.60
2010.03.15 16:45:32.393,1.0628,1.06285,1.60,1.60
2010.03.15 16:45:32.805,1.06275,1.06285,4.90,1.60
2010.03.15 16:45:33.450,1.0628,1.06285,1.60,1.60
2010.03.15 16:45:34.062,1.0628,1.06285,2.40,1.60
2010.03.15 16:45:34.279,1.0628,1.06295,5.60,2.40
2010.03.15 16:45:35.826,1.0628,1.06295,3.20,4.00
2010.03.15 16:45:36.184,1.06275,1.06285,3.20,2.40
2010.03.15 16:45:36.726,1.0628,1.06285,1.60,2.40
2010.03.15 16:45:37.048,1.0628,1.06295,4.00,10.00
2010.03.15 16:45:37.364,1.0628,1.06295,5.60,4.00
2010.03.15 16:45:41.261,1.0628,1.06295,10.40,4.00
2010.03.15 16:45:41.891,1.0628,1.06295,12.10,1.60
2010.03.15 16:45:42.029,1.0628,1.06295,12.90,1.60
2010.03.15 16:45:45.203,1.0628,1.06295,13.70,1.60
2010.03.15 16:45:45.458,1.06285,1.06295,3.20,1.60
2010.03.15 16:45:47.041,1.06285,1.06295,5.70,1.60
2010.03.15 16:45:47.261,1.0629,1.06295,1.60,1.60
2010.03.15 16:45:47.764,1.0629,1.063,1.60,1.60
2010.03.15 16:45:50.368,1.0629,1.06295,1.60,1.50
2010.03.15 16:45:57.632,1.0629,1.06295,1.60,1.60
2010.03.15 16:46:00.156,1.0629,1.06295,3.20,1.60
2010.03.15 16:46:07.760,1.0629,1.06295,3.20,1.40
2010.03.15 16:46:08.510,1.0629,1.06295,1.60,1.40
2010.03.15 16:46:08.632,1.06285,1.06295,9.60,1.40
2010.03.15 16:46:09.222,1.06275,1.06285,10.50,1.40
2010.03.15 16:46:09.290,1.06275,1.06285,5.60,1.40
2010.03.15 16:46:09.360,1.06275,1.06285,4.80,1.40
2010.03.15 16:46:09.783,1.06275,1.06285,3.20,1.40
2010.03.15 16:46:17.700,1.06275,1.0629,3.20,3.90
2010.03.15 16:46:17.853,1.06275,1.0629,5.60,3.90
2010.03.15 16:46:18.012,1.06275,1.0629,10.40,3.90
2010.03.15 16:46:21.149,1.0628,1.0629,1.60,3.90
2010.03.15 16:46:26.417,1.06275,1.0629,12.00,3.90
2010.03.15 16:46:27.093,1.06275,1.0629,12.10,3.90
2010.03.15 16:46:27.417,1.0628,1.0629,1.60,3.90
2010.03.15 16:46:27.747,1.0628,1.0629,1.60,4.00
2010.03.15 16:46:34.285,1.0628,1.0629,3.20,4.00
2010.03.15 16:46:38.923,1.0628,1.0629,4.80,2.40
2010.03.15 16:46:39.217,1.0628,1.06295,12.10,4.00
2010.03.15 16:46:39.499,1.06285,1.06295,1.60,4.00
2010.03.15 16:46:48.505,1.06285,1.063,5.60,4.00
2010.03.15 16:46:48.672,1.06285,1.063,10.40,4.00
2010.03.15 16:46:49.143,1.06285,1.063,12.00,4.00
2010.03.15 16:46:49.289,1.06285,1.06295,3.20,4.00
2010.03.15 16:46:50.338,1.06285,1.06305,16.80,8.50
2010.03.15 16:46:50.689,1.06285,1.063,14.40,2.40
2010.03.15 16:46:51.035,1.06285,1.063,13.40,2.40
2010.03.15 16:46:51.324,1.06285,1.063,14.20,2.40
2010.03.15 16:46:51.945,1.06285,1.063,13.40,2.40
2010.03.15 16:46:52.474,1.06285,1.063,13.40,4.00
2010.03.15 16:46:52.715,1.06285,1.063,12.60,4.00
2010.03.15 16:46:54.325,1.06285,1.063,12.00,4.00
2010.03.15 16:46:54.544,1.06285,1.06295,9.60,2.40
2010.03.15 16:46:55.099,1.06285,1.06295,3.20,2.80
2010.03.15 16:46:55.330,1.06285,1.06295,1.60,2.80
2010.03.15 16:46:55.683,1.06285,1.063,5.60,5.20
2010.03.15 16:46:56.029,1.06285,1.063,7.80,4.00
2010.03.15 16:46:56.375,1.06285,1.063,12.60,4.00
2010.03.15 16:46:58.619,1.06285,1.063,12.00,4.00
2010.03.15 16:46:58.980,1.06285,1.063,10.40,5.60
2010.03.15 16:46:59.093,1.06285,1.06295,1.60,4.00
2010.03.15 16:47:04.830,1.06285,1.06295,3.20,1.60
2010.03.15 16:47:05.823,1.06285,1.06295,3.20,4.00
2010.03.15 16:47:06.693,1.06285,1.06295,3.20,1.60
2010.03.15 16:47:11.731,1.06285,1.06295,3.20,4.00
2010.03.15 16:47:11.927,1.06285,1.06295,3.20,1.60
2010.03.15 16:47:15.328,1.06285,1.06295,4.80,1.60
2010.03.15 16:47:15.869,1.06285,1.06295,6.40,1.60
2010.03.15 16:47:16.220,1.06285,1.06295,5.60,1.60
2010.03.15 16:47:17.057,1.0629,1.06295,1.60,1.60
2010.03.15 16:47:18.359,1.06285,1.06295,3.20,1.60
2010.03.15 16:47:19.039,1.06285,1.06295,3.20,4.00
2010.03.15 16:47:21.799,1.06285,1.063,7.20,4.00
2010.03.15 16:47:22.050,1.06285,1.063,12.80,4.00
2010.03.15 16:47:22.299,1.06285,1.06295,10.40,4.00
2010.03.15 16:47:23.145,1.06285,1.06295,12.00,1.60
2010.03.15 16:47:23.358,1.06285,1.06295,12.80,1.60
2010.03.15 16:47:23.567,1.06285,1.063,12.80,4.00
2010.03.15 16:47:23.782,1.06285,1.06295,10.40,2.40
2010.03.15 16:47:24.002,1.06285,1.06295,9.60,4.00
2010.03.15 16:47:24.738,1.06285,1.06295,4.80,4.00
2010.03.15 16:47:25.866,1.0629,1.06295,1.60,1.60
2010.03.15 16:47:26.052,1.0629,1.06295,3.20,1.60
2010.03.15 16:47:27.782,1.0629,1.063,5.70,1.60
2010.03.15 16:47:27.937,1.0629,1.063,7.30,1.60
2010.03.15 16:47:28.092,1.0629,1.06305,7.30,2.40
2010.03.15 16:47:28.246,1.0629,1.0631,16.90,6.00
2010.03.15 16:47:28.395,1.0629,1.0631,16.90,5.20
2010.03.15 16:47:28.546,1.0629,1.0631,17.70,5.20
2010.03.15 16:47:28.701,1.0629,1.0631,12.80,10.00
2010.03.15 16:47:29.068,1.0629,1.06305,10.40,2.40
2010.03.15 16:47:29.298,1.06295,1.06305,1.70,2.40
2010.03.15 16:47:29.517,1.06295,1.0631,7.30,2.50
2010.03.15 16:47:29.738,1.06295,1.0631,7.30,2.40
2010.03.15 16:47:30.155,1.063,1.06315,3.30,10.90
2010.03.15 16:47:30.516,1.063,1.0631,3.20,2.40
2010.03.15 16:47:31.557,1.06295,1.0631,9.60,2.40
2010.03.15 16:47:32.246,1.063,1.06315,1.60,10.80
2010.03.15 16:47:32.467,1.063,1.0631,3.20,2.40
2010.03.15 16:47:32.688,1.063,1.0631,1.60,2.40
2010.03.15 16:47:33.133,1.063,1.06305,3.20,2.40
2010.03.15 16:47:33.386,1.06295,1.06305,10.40,2.40
2010.03.15 16:47:33.639,1.06295,1.06305,9.60,2.40
2010.03.15 16:47:34.661,1.063,1.0631,1.00,2.40
2010.03.15 16:47:34.992,1.063,1.0631,3.20,2.40
2010.03.15 16:47:36.008,1.063,1.06305,1.60,2.40
2010.03.15 16:47:36.356,1.06295,1.06305,9.60,2.40
2010.03.15 16:47:38.007,1.063,1.0631,1.60,2.40
2010.03.15 16:47:39.419,1.063,1.0631,3.20,2.40
2010.03.15 16:47:40.044,1.063,1.0631,1.60,2.40
2010.03.15 16:47:43.160,1.063,1.0631,3.20,2.40
2010.03.15 16:47:44.156,1.063,1.0631,1.60,2.40
2010.03.15 16:47:44.252,1.063,1.06305,1.60,2.40
2010.03.15 16:47:44.454,1.06295,1.06305,9.60,2.40
2010.03.15 16:47:45.144,1.06295,1.06305,10.40,2.40
2010.03.15 16:47:45.495,1.06295,1.0631,12.90,2.40
2010.03.15 16:47:45.841,1.063,1.0631,1.60,2.40
2010.03.15 16:47:46.535,1.063,1.06305,1.60,2.40
2010.03.15 16:47:46.791,1.06295,1.0631,10.40,2.40
2010.03.15 16:47:47.032,1.06295,1.0631,9.60,2.40
2010.03.15 16:47:47.763,1.063,1.0631,1.70,2.40
2010.03.15 16:47:48.018,1.06305,1.06315,1.60,4.80
2010.03.15 16:47:48.315,1.06305,1.06315,1.60,4.00
2010.03.15 16:47:51.202,1.06305,1.06315,3.20,4.00
2010.03.15 16:47:51.472,1.06305,1.06315,2.50,2.40
2010.03.15 16:47:51.742,1.06305,1.0632,4.90,2.40
2010.03.15 16:47:52.094,1.06305,1.06315,3.20,2.40
2010.03.15 16:47:56.089,1.06305,1.06315,4.80,2.40
2010.03.15 16:47:57.938,1.0631,1.06315,3.30,2.40
2010.03.15 16:47:58.232,1.06315,1.06325,1.00,1.00
2010.03.15 16:47:58.379,1.06315,1.0633,1.70,9.30
2010.03.15 16:47:58.772,1.06315,1.0633,3.30,12.40
2010.03.15 16:47:58.930,1.06315,1.0633,3.30,9.30
2010.03.15 16:47:59.079,1.06315,1.0633,3.30,6.50
2010.03.15 16:48:00.551,1.0631,1.06325,10.50,2.40
2010.03.15 16:48:01.428,1.06315,1.06325,1.60,2.40
2010.03.15 16:48:01.658,1.06315,1.0633,1.70,7.70
2010.03.15 16:48:01.782,1.06315,1.06325,1.70,2.40
2010.03.15 16:48:02.096,1.06315,1.06325,1.60,2.40
2010.03.15 16:48:02.427,1.0631,1.06325,5.60,2.40
2010.03.15 16:48:02.549,1.0631,1.06325,4.80,2.40
2010.03.15 16:48:03.064,1.0631,1.06325,4.80,3.60
2010.03.15 16:48:03.409,1.0631,1.06325,4.80,4.60
2010.03.15 16:48:03.761,1.06305,1.0632,1.60,12.60
2010.03.15 16:48:03.969,1.06305,1.0632,1.70,16.40
2010.03.15 16:48:04.177,1.06305,1.0632,1.70,6.80
2010.03.15 16:48:04.388,1.06305,1.0632,1.70,11.60
2010.03.15 16:48:05.932,1.06305,1.06315,1.70,2.40
2010.03.15 16:48:06.038,1.06305,1.06315,1.60,2.40
2010.03.15 16:48:12.249,1.063,1.06315,4.80,2.40
2010.03.15 16:48:14.423,1.063,1.0632,4.80,22.40
2010.03.15 16:48:14.513,1.063,1.0631,3.20,3.60
2010.03.15 16:48:14.606,1.063,1.0631,1.60,3.60
2010.03.15 16:48:14.775,1.063,1.06305,1.60,2.40
2010.03.15 16:48:15.247,1.06295,1.06305,8.00,2.40
2010.03.15 16:48:15.601,1.06295,1.06305,4.80,2.40
2010.03.15 16:48:16.296,1.06295,1.0631,4.80,4.40
2010.03.15 16:48:16.646,1.06295,1.0631,14.40,2.40
2010.03.15 16:48:17.102,1.06295,1.0631,9.60,2.40
2010.03.15 16:48:17.512,1.06295,1.06305,9.60,2.40
2010.03.15 16:48:18.877,1.06295,1.0631,9.60,2.40
2010.03.15 16:48:18.943,1.063,1.0631,1.60,2.40
2010.03.15 16:48:19.020,1.063,1.0631,1.70,2.40
2010.03.15 16:48:19.096,1.06305,1.06315,1.60,6.00
2010.03.15 16:48:19.307,1.06305,1.06315,1.60,5.20
2010.03.15 16:48:19.447,1.063,1.06315,1.60,10.00
2010.03.15 16:48:19.512,1.06295,1.0631,9.60,2.40
2010.03.15 16:48:23.042,1.06295,1.063,3.20,2.40
2010.03.15 16:48:26.078,1.06295,1.0631,3.20,4.50
2010.03.15 16:48:26.527,1.063,1.0631,1.70,2.40
2010.03.15 16:48:26.552,1.06305,1.0631,1.60,2.40
2010.03.15 16:48:26.738,1.06295,1.0631,14.40,2.40
2010.03.15 16:48:26.923,1.06295,1.0631,9.60,2.40
2010.03.15 16:48:29.876,1.06295,1.06305,6.40,2.40
2010.03.15 16:48:30.447,1.06295,1.06305,1.60,2.40
2010.03.15 16:48:32.122,1.06295,1.06305,6.40,2.40
2010.03.15 16:48:32.477,1.06295,1.06305,9.60,2.40
2010.03.15 16:48:35.323,1.06295,1.0631,9.60,2.40
2010.03.15 16:48:35.654,1.063,1.0631,3.20,2.40
2010.03.15 16:48:37.170,1.063,1.0631,4.80,2.40
2010.03.15 16:48:37.659,1.063,1.0631,9.60,2.40
2010.03.15 16:48:49.681,1.063,1.0631,10.40,2.40
2010.03.15 16:48:49.942,1.06305,1.0632,5.60,4.40
2010.03.15 16:48:50.292,1.0631,1.0632,1.60,2.40
2010.03.15 16:48:50.558,1.0631,1.06325,4.80,2.40
2010.03.15 16:48:51.090,1.0631,1.06325,3.20,2.40
2010.03.15 16:48:52.439,1.0631,1.0632,1.60,2.40
2010.03.15 16:48:57.831,1.06305,1.0632,15.20,2.40
2010.03.15 16:49:01.592,1.06305,1.0632,16.00,2.40
2010.03.15 16:49:03.524,1.06305,1.0632,15.20,2.40
2010.03.15 16:49:06.937,1.06305,1.0632,16.00,2.40
2010.03.15 16:49:07.148,1.06305,1.0632,15.20,2.40
2010.03.15 16:49:07.434,1.06305,1.0632,20.00,2.40
2010.03.15 16:49:08.024,1.0631,1.06325,1.60,8.00
2010.03.15 16:49:08.266,1.0631,1.06325,1.60,3.60
2010.03.15 16:49:14.318,1.0631,1.06325,1.60,5.20
2010.03.15 16:49:15.132,1.0631,1.0632,1.60,2.40
2010.03.15 16:49:15.826,1.06305,1.0631,2.40,2.40
2010.03.15 16:49:16.112,1.063,1.0631,3.20,2.40
2010.03.15 16:49:17.211,1.063,1.0631,3.20,3.60
2010.03.15 16:49:17.471,1.063,1.06305,3.20,2.40
2010.03.15 16:49:17.731,1.063,1.06305,1.60,2.40
2010.03.15 16:49:32.186,1.063,1.0631,1.60,3.60
2010.03.15 16:49:32.336,1.063,1.0631,1.60,2.40
2010.03.15 16:49:32.767,1.063,1.06305,1.60,2.40
2010.03.15 16:49:44.841,1.06295,1.0631,10.40,1.20
2010.03.15 16:49:45.066,1.063,1.0631,1.60,2.40
2010.03.15 16:49:45.505,1.063,1.0631,3.20,2.40
2010.03.15 16:49:59.109,1.06295,1.06305,10.40,2.40
2010.03.15 16:49:59.361,1.063,1.0631,1.60,3.60
2010.03.15 16:49:59.518,1.063,1.06305,1.60,2.40
2010.03.15 16:50:02.059,1.06295,1.06305,4.80,2.40
2010.03.15 16:50:06.597,1.063,1.0631,1.60,2.40
2010.03.15 16:50:26.195,1.063,1.0631,1.60,2.50
2010.03.15 16:50:26.423,1.0629,1.063,4.80,2.40
2010.03.15 16:50:26.650,1.0628,1.06295,3.20,2.40
2010.03.15 16:50:26.977,1.0628,1.06295,1.60,2.40
2010.03.15 16:50:33.117,1.0628,1.0629,6.50,2.40
2010.03.15 16:50:33.360,1.06285,1.06295,1.60,1.00
2010.03.15 16:50:33.601,1.0629,1.063,1.60,2.40
2010.03.15 16:50:46.981,1.0629,1.06305,3.20,3.60
2010.03.15 16:50:48.389,1.0629,1.063,3.20,2.40
2010.03.15 16:50:50.232,1.0629,1.06305,3.20,3.60
2010.03.15 16:50:52.811,1.0629,1.06305,3.20,3.70
2010.03.15 16:50:53.017,1.0629,1.063,3.20,2.40
2010.03.15 16:50:54.853,1.0629,1.063,1.60,2.40
2010.03.15 16:50:56.396,1.0629,1.06305,1.60,5.20
2010.03.15 16:50:56.807,1.0629,1.06305,3.20,3.60
2010.03.15 16:50:57.049,1.0629,1.06305,3.20,5.20
2010.03.15 16:50:57.285,1.0629,1.06305,3.20,3.60
2010.03.15 16:50:58.484,1.0629,1.063,3.20,2.40
2010.03.15 16:50:59.202,1.0629,1.06305,1.60,5.20
2010.03.15 16:51:00.354,1.0629,1.06305,3.20,3.60
2010.03.15 16:51:06.709,1.0629,1.06305,3.30,3.60
2010.03.15 16:51:06.972,1.0629,1.06305,4.10,3.60
2010.03.15 16:51:07.441,1.0629,1.06305,4.90,3.60
2010.03.15 16:51:09.090,1.0629,1.06305,5.70,2.40
2010.03.15 16:51:09.318,1.0629,1.06305,7.30,2.40
2010.03.15 16:51:09.409,1.06295,1.0631,1.60,11.70
2010.03.15 16:51:09.465,1.06295,1.06305,1.60,4.00
2010.03.15 16:51:11.408,1.06295,1.06305,1.60,5.00
2010.03.15 16:51:11.613,1.0629,1.063,5.60,4.00
2010.03.15 16:51:11.822,1.0629,1.063,3.20,4.00
2010.03.15 16:51:15.509,1.06285,1.063,10.20,4.00
2010.03.15 16:51:29.312,1.0629,1.063,3.20,4.00
2010.03.15 16:51:29.786,1.0629,1.063,4.80,4.00
2010.03.15 16:51:31.954,1.06295,1.06305,1.60,4.50
2010.03.15 16:51:32.013,1.06295,1.06305,1.60,4.10
2010.03.15 16:51:32.444,1.06295,1.063,1.60,2.40
2010.03.15 16:51:32.512,1.06295,1.0631,6.40,4.00
2010.03.15 16:51:33.019,1.063,1.06305,1.60,4.00
2010.03.15 16:51:33.721,1.06295,1.06305,9.70,1.60
2010.03.15 16:51:34.047,1.063,1.06305,1.60,1.60
2010.03.15 16:51:34.568,1.063,1.06305,3.20,1.60
2010.03.15 16:51:35.229,1.063,1.06315,3.30,10.00
2010.03.15 16:51:35.909,1.063,1.06315,3.30,5.20
2010.03.15 16:51:36.257,1.063,1.06315,3.30,4.00
2010.03.15 16:51:36.608,1.06305,1.06315,1.60,4.00
2010.03.15 16:51:59.130,1.06305,1.06315,3.30,4.00
2010.03.15 16:51:59.456,1.0631,1.06315,1.00,1.60
2010.03.15 16:51:59.775,1.0631,1.06325,4.90,9.80
2010.03.15 16:52:00.106,1.06315,1.06325,1.60,4.00
2010.03.15 16:52:04.095,1.06315,1.06325,1.60,1.60
2010.03.15 16:52:08.657,1.06315,1.06325,3.20,1.60
2010.03.15 16:52:11.327,1.0632,1.0633,8.90,1.60
2010.03.15 16:52:11.812,1.0632,1.06335,5.70,5.20
2010.03.15 16:52:12.502,1.06325,1.06335,1.70,4.00
2010.03.15 16:52:12.732,1.06325,1.0634,5.90,4.00
2010.03.15 16:52:13.316,1.0633,1.06335,1.60,2.40
2010.03.15 16:52:14.599,1.06325,1.06335,4.80,2.40
2010.03.15 16:52:15.249,1.06325,1.06335,4.80,4.00
2010.03.15 16:52:18.881,1.06325,1.06335,4.90,4.00
2010.03.15 16:52:19.128,1.0633,1.06335,1.60,4.00
2010.03.15 16:52:19.163,1.0633,1.06335,1.60,1.60
2010.03.15 16:52:21.154,1.0633,1.06335,1.70,1.60
2010.03.15 16:52:21.517,1.0633,1.06335,3.20,1.60
2010.03.15 16:52:23.184,1.0633,1.06335,1.60,1.60
2010.03.15 16:52:31.822,1.06325,1.06335,4.80,1.60
2010.03.15 16:52:31.993,1.06325,1.06335,4.80,4.00
2010.03.15 16:52:34.791,1.06325,1.06335,4.90,4.00
2010.03.15 16:52:36.008,1.06325,1.06335,5.10,4.00
2010.03.15 16:52:36.673,1.0633,1.06335,1.60,4.00
2010.03.15 16:52:37.361,1.06325,1.06335,10.50,4.00
2010.03.15 16:52:37.570,1.06325,1.06335,9.70,4.00
2010.03.15 16:52:38.792,1.06325,1.06335,9.60,4.00
2010.03.15 16:52:39.419,1.06325,1.06335,4.80,4.00
2010.03.15 16:52:40.881,1.0633,1.06335,1.60,1.60
2010.03.15 16:52:41.449,1.0633,1.06335,1.60,4.00
2010.03.15 16:52:41.781,1.06325,1.06335,4.80,4.00
2010.03.15 16:52:51.885,1.06325,1.06335,3.20,4.00
2010.03.15 16:52:52.184,1.0632,1.0633,3.20,1.60
2010.03.15 16:52:52.584,1.0632,1.0633,3.30,1.60
2010.03.15 16:52:53.603,1.0632,1.0633,3.20,1.60
2010.03.15 16:52:53.838,1.0632,1.0633,3.30,1.60
2010.03.15 16:52:54.307,1.0632,1.0633,3.20,1.60
2010.03.15 16:52:54.798,1.0632,1.0633,1.60,1.60
2010.03.15 16:52:55.063,1.0632,1.06325,1.60,1.60
2010.03.15 16:52:55.301,1.06315,1.06325,4.80,4.00
2010.03.15 16:52:55.551,1.06315,1.06325,1.60,4.00
2010.03.15 16:52:56.010,1.0631,1.06325,7.30,4.00
2010.03.15 16:52:56.358,1.0631,1.06325,12.90,4.00
2010.03.15 16:52:56.708,1.0631,1.06325,12.10,4.00
2010.03.15 16:52:57.298,1.06315,1.06325,1.60,4.00
2010.03.15 16:52:59.301,1.06315,1.06325,4.80,1.60
2010.03.15 16:53:00.323,1.06315,1.06325,4.80,4.00
2010.03.15 16:53:00.668,1.06315,1.06325,3.20,4.00
2010.03.15 16:53:06.426,1.0631,1.0632,5.60,1.60
2010.03.15 16:53:06.759,1.0631,1.0632,4.80,4.00
2010.03.15 16:53:07.519,1.0631,1.06315,3.20,1.60
2010.03.15 16:53:08.740,1.0631,1.0632,8.00,1.60
2010.03.15 16:53:08.991,1.06315,1.0633,8.10,11.60
2010.03.15 16:53:09.429,1.0632,1.06335,1.60,6.00
2010.03.15 16:53:09.695,1.0632,1.06335,3.20,5.60
2010.03.15 16:53:10.403,1.0632,1.0633,3.30,1.60
2010.03.15 16:53:11.111,1.0632,1.0633,1.60,1.60
2010.03.15 16:53:11.804,1.06315,1.0633,13.70,1.60
2010.03.15 16:53:12.487,1.06315,1.06325,11.20,1.60
2010.03.15 16:53:12.677,1.06315,1.06325,4.80,4.00
2010.03.15 16:53:14.513,1.06315,1.06325,4.80,1.60
2010.03.15 16:53:14.693,1.06315,1.0633,9.60,1.60
2010.03.15 16:53:18.851,1.06315,1.06325,9.60,2.40
2010.03.15 16:53:19.061,1.06315,1.0633,4.80,1.60
2010.03.15 16:53:19.268,1.06315,1.06325,4.80,2.40
2010.03.15 16:53:19.717,1.0632,1.0633,1.60,3.40
2010.03.15 16:53:19.948,1.0632,1.06335,1.60,6.80
2010.03.15 16:53:20.300,1.0632,1.06335,3.20,6.80
2010.03.15 16:53:20.650,1.0632,1.0633,3.20,1.60
2010.03.15 16:53:21.345,1.0632,1.06335,3.20,7.20
2010.03.15 16:53:23.319,1.0632,1.06335,3.20,6.80
2010.03.15 16:53:24.367,1.0632,1.06335,1.60,6.80
2010.03.15 16:53:24.515,1.0632,1.06335,1.60,7.20
2010.03.15 16:53:25.879,1.06315,1.0633,4.80,1.60
2010.03.15 16:53:26.231,1.06315,1.0633,9.60,1.60
2010.03.15 16:53:28.570,1.06315,1.0633,9.60,2.60
2010.03.15 16:53:28.758,1.06315,1.0633,9.60,1.60
2010.03.15 16:53:35.980,1.06315,1.06325,9.60,4.00
2010.03.15 16:53:36.300,1.06315,1.06325,4.80,4.00
2010.03.15 16:53:36.817,1.06315,1.06325,4.80,2.40
2010.03.15 16:53:36.994,1.06315,1.0633,8.10,3.40
2010.03.15 16:53:37.174,1.0632,1.0633,3.20,1.80
2010.03.15 16:53:37.645,1.0632,1.0633,3.20,4.20
2010.03.15 16:53:37.823,1.0632,1.06325,3.20,1.60
2010.03.15 16:53:38.169,1.0632,1.0633,3.20,2.60
2010.03.15 16:53:38.517,1.0632,1.0633,1.60,2.60
2010.03.15 16:53:39.488,1.0632,1.0633,3.20,2.60
2010.03.15 16:53:45.089,1.0632,1.0633,4.90,2.60
2010.03.15 16:53:45.178,1.06325,1.0633,1.60,2.60
2010.03.15 16:53:45.229,1.06325,1.0633,3.20,1.00
2010.03.15 16:53:45.532,1.06325,1.0633,1.60,1.00
2010.03.15 16:53:45.657,1.06325,1.0634,3.20,7.80
2010.03.15 16:53:46.017,1.06325,1.0634,3.20,11.40
2010.03.15 16:53:46.371,1.0632,1.06335,4.80,4.40
2010.03.15 16:53:48.585,1.0632,1.06335,4.80,5.40
2010.03.15 16:53:49.082,1.06315,1.0633,11.30,3.00
2010.03.15 16:53:49.304,1.06315,1.0633,11.30,2.40
2010.03.15 16:53:49.522,1.0632,1.0633,1.60,2.40
2010.03.15 16:53:50.999,1.06315,1.0633,11.20,2.40
2010.03.15 16:53:53.738,1.06315,1.0633,11.20,2.80
2010.03.15 16:53:54.080,1.06315,1.0633,11.20,3.00
2010.03.15 16:53:54.158,1.06315,1.0633,11.20,2.40
2010.03.15 16:53:56.828,1.06315,1.0633,11.20,3.00
2010.03.15 16:53:57.137,1.06315,1.0633,11.20,2.40
2010.03.15 16:53:58.145,1.06315,1.0633,9.60,2.40
2010.03.15 16:53:58.272,1.06315,1.0633,1.60,2.40
2010.03.15 16:53:58.399,1.06315,1.06325,1.60,2.40
2010.03.15 16:54:00.838,1.06315,1.0633,3.20,3.40
2010.03.15 16:54:01.054,1.06315,1.06325,3.20,2.40
2010.03.15 16:54:01.753,1.06315,1.06325,1.60,2.40
2010.03.15 16:54:02.111,1.06315,1.0633,4.80,2.40
2010.03.15 16:54:02.399,1.06315,1.06335,8.10,14.70
2010.03.15 16:54:02.818,1.0632,1.0633,1.60,2.40
2010.03.15 16:54:03.101,1.0632,1.0633,3.20,2.40
2010.03.15 16:54:03.803,1.0632,1.0633,1.60,2.40
2010.03.15 16:54:05.907,1.0632,1.0633,3.20,2.40
2010.03.15 16:54:06.447,1.0632,1.0633,1.60,2.40
2010.03.15 16:54:07.330,1.06315,1.0633,12.00,2.40
2010.03.15 16:54:07.618,1.06315,1.0633,11.20,4.60
2010.03.15 16:54:07.948,1.06315,1.0633,11.20,4.00
2010.03.15 16:54:08.937,1.06315,1.0633,9.60,4.00
2010.03.15 16:54:09.177,1.06315,1.0633,4.80,4.00
2010.03.15 16:54:10.097,1.06315,1.0633,9.60,4.00
2010.03.15 16:54:12.030,1.06315,1.0633,10.40,2.40
2010.03.15 16:54:12.138,1.06315,1.0633,10.50,2.40
2010.03.15 16:54:12.404,1.0632,1.06335,1.60,11.60
2010.03.15 16:54:12.518,1.06315,1.06335,18.50,6.80
2010.03.15 16:54:12.633,1.0632,1.06335,1.60,6.80
2010.03.15 16:54:12.741,1.0632,1.06335,3.20,6.80
2010.03.15 16:54:13.372,1.0632,1.06335,3.20,5.60
2010.03.15 16:54:14.349,1.0632,1.0633,1.60,2.40
2010.03.15 16:54:14.501,1.0632,1.0633,1.60,4.00
2010.03.15 16:54:14.857,1.06315,1.0633,16.80,4.00
2010.03.15 16:54:15.003,1.0631,1.0633,26.20,4.00
2010.03.15 16:54:16.468,1.0632,1.0633,1.60,4.00
2010.03.15 16:54:17.209,1.06315,1.0633,11.20,5.60
2010.03.15 16:54:17.337,1.06315,1.0633,11.30,5.60
2010.03.15 16:54:17.449,1.06315,1.0633,13.70,5.60
2010.03.15 16:54:17.659,1.0632,1.0633,1.60,4.00
2010.03.15 16:54:21.356,1.06315,1.0633,11.20,4.00
2010.03.15 16:54:22.234,1.06315,1.0633,11.20,5.60
2010.03.15 16:54:24.551,1.06315,1.0633,11.20,4.00
2010.03.15 16:54:24.931,1.06315,1.0633,11.20,5.60
2010.03.15 16:54:25.960,1.06315,1.0633,11.20,4.00
2010.03.15 16:54:34.593,1.06315,1.0633,9.60,5.60
2010.03.15 16:54:38.311,1.06315,1.0633,11.20,4.00
2010.03.15 16:54:41.703,1.06315,1.06325,8.00,1.60
2010.03.15 16:54:42.212,1.06315,1.06325,3.20,4.00
2010.03.15 16:54:42.516,1.0631,1.06325,14.40,4.00
2010.03.15 16:54:42.814,1.0631,1.06325,4.80,4.00
2010.03.15 16:54:43.403,1.0631,1.06315,3.20,1.60
2010.03.15 16:54:43.879,1.06305,1.06315,6.50,1.60
2010.03.15 16:54:44.230,1.06305,1.06315,9.70,1.60
2010.03.15 16:54:47.129,1.06305,1.0632,9.70,4.00
2010.03.15 16:54:47.242,1.06305,1.0632,10.50,4.00
2010.03.15 16:54:56.242,1.06315,1.0632,2.40,1.60
2010.03.15 16:54:56.596,1.06315,1.06325,1.60,4.00
2010.03.15 16:55:11.522,1.0631,1.0632,15.20,4.00
2010.03.15 16:55:11.683,1.0631,1.0632,13.60,4.00
2010.03.15 16:55:11.845,1.0631,1.0632,3.20,4.00
2010.03.15 16:55:12.003,1.0631,1.0632,4.80,4.00
2010.03.15 16:55:12.616,1.0631,1.0632,3.20,4.00
2010.03.15 16:55:12.895,1.0631,1.0632,3.20,2.40
2010.03.15 16:55:14.256,1.0631,1.0632,1.60,2.40
2010.03.15 16:55:14.366,1.0631,1.0632,1.60,7.20
2010.03.15 16:55:16.593,1.0631,1.0632,1.60,2.40
2010.03.15 16:55:19.782,1.0631,1.0632,3.20,2.40
2010.03.15 16:55:19.816,1.0631,1.06325,3.20,5.00
2010.03.15 16:55:20.120,1.0631,1.06325,5.70,2.80
2010.03.15 16:55:20.162,1.06315,1.0633,5.60,13.60
2010.03.15 16:55:20.230,1.0632,1.0633,1.00,8.80
2010.03.15 16:55:20.268,1.0632,1.0633,8.10,6.40
2010.03.15 16:55:20.301,1.0632,1.0633,11.30,6.40
2010.03.15 16:55:20.542,1.0632,1.0633,13.60,1.60
2010.03.15 16:55:20.585,1.0632,1.0634,16.00,11.60
2010.03.15 16:55:20.616,1.0632,1.0634,13.60,12.40
2010.03.15 16:55:20.642,1.0632,1.0634,13.70,12.40
2010.03.15 16:55:20.673,1.0632,1.0634,13.70,10.80
2010.03.15 16:55:20.705,1.0632,1.0634,15.30,10.80
2010.03.15 16:55:21.053,1.06325,1.0634,1.60,5.20
2010.03.15 16:55:21.744,1.06325,1.06335,1.60,2.40
2010.03.15 16:55:22.100,1.0632,1.06325,1.60,2.40
2010.03.15 16:55:24.390,1.0632,1.0633,1.60,3.40
2010.03.15 16:55:24.523,1.0632,1.06325,1.60,2.40
2010.03.15 16:55:24.655,1.06315,1.06325,9.60,2.40
2010.03.15 16:55:25.149,1.06315,1.06325,1.60,3.40
2010.03.15 16:55:25.280,1.06315,1.06325,1.60,2.40
2010.03.15 16:55:33.583,1.06315,1.06325,1.60,1.60
2010.03.15 16:55:33.819,1.06315,1.06325,1.60,2.40
2010.03.15 16:55:35.859,1.0631,1.06325,12.80,4.00
2010.03.15 16:55:36.129,1.0631,1.06325,8.00,4.00
2010.03.15 16:55:37.176,1.0631,1.06325,9.60,2.40
2010.03.15 16:55:37.418,1.0631,1.06325,9.70,2.40
2010.03.15 16:55:37.674,1.0631,1.06325,9.70,4.00
2010.03.15 16:55:37.920,1.0631,1.06325,8.10,5.60
2010.03.15 16:55:38.716,1.0631,1.06325,8.10,4.00
2010.03.15 16:55:52.540,1.0631,1.06325,8.10,5.60
2010.03.15 16:55:53.032,1.0631,1.06325,10.50,5.60
2010.03.15 16:55:57.313,1.06315,1.06325,1.60,4.00
2010.03.15 16:55:57.414,1.06315,1.0633,1.60,3.20
2010.03.15 16:55:57.506,1.06315,1.0633,8.00,3.20
2010.03.15 16:55:58.057,1.06315,1.0633,8.80,3.20
2010.03.15 16:55:59.485,1.06315,1.0633,8.00,3.20
2010.03.15 16:56:15.867,1.06315,1.0633,8.80,3.20
2010.03.15 16:56:16.202,1.0632,1.06335,4.00,5.60
2010.03.15 16:56:16.647,1.0632,1.06335,5.20,5.60
2010.03.15 16:56:16.957,1.0632,1.06335,8.40,5.60
2010.03.15 16:56:17.266,1.0632,1.06335,8.90,5.60
2010.03.15 16:56:17.918,1.0632,1.06335,8.40,5.60
2010.03.15 16:56:19.405,1.0632,1.06335,8.90,5.60
2010.03.15 16:56:19.525,1.0632,1.06335,8.10,5.60
2010.03.15 16:56:19.644,1.0632,1.06335,6.80,5.60
2010.03.15 16:56:19.834,1.0632,1.0634,6.40,13.20
2010.03.15 16:56:19.977,1.0632,1.06335,5.60,5.60
2010.03.15 16:56:20.404,1.0632,1.06335,6.80,5.60
2010.03.15 16:56:26.703,1.0632,1.06335,7.60,5.60
2010.03.15 16:56:28.230,1.0633,1.06335,1.00,4.00
2010.03.15 16:56:28.508,1.0633,1.06335,2.80,1.60
2010.03.15 16:56:28.737,1.0634,1.06345,1.60,4.00
2010.03.15 16:56:29.136,1.0634,1.06355,3.20,5.20
2010.03.15 16:56:29.502,1.06345,1.06355,1.60,4.00
2010.03.15 16:56:29.851,1.0635,1.0636,2.40,1.60
2010.03.15 16:56:30.339,1.0635,1.0636,4.80,4.00
2010.03.15 16:56:30.704,1.0634,1.06355,10.40,5.60
2010.03.15 16:56:31.050,1.0634,1.06355,15.20,5.60
2010.03.15 16:56:32.272,1.0634,1.0635,12.80,2.40
2010.03.15 16:56:32.451,1.0634,1.0635,15.20,1.60
2010.03.15 16:56:32.626,1.0634,1.06355,15.20,5.60
2010.03.15 16:56:33.736,1.0634,1.06355,10.40,5.60
2010.03.15 16:56:36.741,1.0634,1.06355,10.50,5.60
2010.03.15 16:56:37.082,1.0634,1.06355,10.40,5.60
2010.03.15 16:56:40.403,1.0634,1.0635,10.40,1.60
2010.03.15 16:56:41.357,1.06335,1.06345,4.80,5.60
2010.03.15 16:56:41.704,1.06335,1.06345,2.40,3.20
2010.03.15 16:56:42.206,1.06335,1.0635,6.40,1.60
2010.03.15 16:56:42.559,1.0634,1.0635,1.60,1.60
2010.03.15 16:56:43.441,1.06335,1.0635,15.20,4.00
2010.03.15 16:56:43.805,1.06335,1.0635,3.20,4.00
2010.03.15 16:56:44.832,1.06335,1.0635,8.00,4.00
2010.03.15 16:56:51.811,1.0634,1.0635,1.60,2.40
2010.03.15 16:56:54.045,1.06335,1.0635,11.30,2.40
2010.03.15 16:56:54.215,1.06335,1.0635,5.70,4.00
2010.03.15 16:56:55.050,1.06335,1.0635,5.60,4.00
2010.03.15 16:56:55.392,1.06335,1.06355,3.20,29.60
2010.03.15 16:57:02.492,1.06335,1.0635,1.60,5.20
2010.03.15 16:57:06.944,1.06335,1.06345,1.60,2.40
2010.03.15 16:57:07.634,1.06335,1.06345,1.60,4.00
2010.03.15 16:57:09.552,1.06335,1.06345,1.60,5.60
2010.03.15 16:57:09.674,1.06335,1.0635,1.60,15.60
2010.03.15 16:57:09.801,1.0633,1.06335,8.80,1.60
2010.03.15 16:57:10.087,1.0633,1.06335,2.40,1.60
2010.03.15 16:57:10.372,1.0633,1.06335,1.60,1.60
2010.03.15 16:57:16.907,1.0633,1.0634,1.60,1.60
2010.03.15 16:57:17.139,1.06325,1.0634,12.10,1.60
2010.03.15 16:57:17.367,1.06325,1.06335,7.30,1.60
2010.03.15 16:57:18.187,1.06325,1.06335,4.90,1.60
2010.03.15 16:57:18.310,1.06325,1.06335,7.30,1.60
2010.03.15 16:57:18.425,1.06325,1.06335,12.10,1.60
2010.03.15 16:57:18.547,1.06325,1.06335,6.50,1.60
2010.03.15 16:57:18.667,1.06325,1.06335,4.10,1.60
2010.03.15 16:57:18.786,1.06325,1.0634,4.10,3.20
2010.03.15 16:57:18.904,1.06325,1.0634,4.00,3.20
2010.03.15 16:57:19.029,1.06325,1.0634,1.60,5.60
2010.03.15 16:57:19.329,1.06325,1.0634,1.60,6.80
2010.03.15 16:57:19.685,1.06325,1.06335,1.60,2.40
2010.03.15 16:57:20.699,1.06325,1.0634,1.60,10.00
2010.03.15 16:57:21.008,1.06325,1.0634,1.60,11.60
2010.03.15 16:57:26.460,1.06325,1.0634,4.40,10.40
2010.03.15 16:57:26.657,1.0633,1.06345,7.20,6.80
2010.03.15 16:57:27.232,1.0633,1.06345,11.20,5.60
2010.03.15 16:57:27.541,1.0633,1.06345,3.20,5.60
2010.03.15 16:57:30.059,1.0633,1.0634,3.20,2.40
2010.03.15 16:57:31.704,1.0633,1.0634,1.60,4.00
2010.03.15 16:57:33.911,1.0633,1.0634,1.60,2.40
2010.03.15 16:57:34.368,1.0633,1.0634,1.60,4.00
2010.03.15 16:57:35.160,1.0633,1.06345,3.20,6.80
2010.03.15 16:57:35.314,1.0633,1.06345,8.00,6.80
2010.03.15 16:57:35.470,1.0633,1.06345,8.00,5.60
2010.03.15 16:57:35.821,1.0633,1.06345,8.10,5.60
2010.03.15 16:57:36.954,1.06335,1.0635,7.00,6.40
2010.03.15 16:57:37.318,1.0634,1.0635,2.40,1.60
2010.03.15 16:57:37.532,1.0634,1.06355,2.40,6.80
2010.03.15 16:57:37.749,1.0634,1.06355,4.00,6.80
2010.03.15 16:57:39.666,1.06335,1.0635,16.80,1.60
2010.03.15 16:57:39.903,1.06335,1.06345,1.60,2.40
2010.03.15 16:57:40.995,1.0633,1.06345,16.80,4.00
2010.03.15 16:57:41.339,1.0633,1.06345,11.20,4.00
2010.03.15 16:57:42.496,1.0633,1.06345,11.20,5.60
2010.03.15 16:57:42.719,1.0633,1.06345,4.80,5.60
2010.03.15 16:57:42.898,1.0633,1.06345,4.00,5.60
2010.03.15 16:57:43.077,1.0633,1.06345,9.60,4.00
2010.03.15 16:57:43.257,1.0633,1.06345,3.20,5.60
2010.03.15 16:57:44.812,1.0633,1.0634,3.20,2.40
2010.03.15 16:57:44.869,1.0633,1.0634,1.60,4.00
2010.03.15 16:57:56.815,1.06325,1.06335,5.60,1.60
2010.03.15 16:57:57.054,1.06325,1.06335,3.20,1.60
2010.03.15 16:57:58.685,1.06325,1.0634,3.20,5.60
2010.03.15 16:57:58.800,1.06325,1.06345,7.30,20.10
2010.03.15 16:57:58.916,1.06325,1.0634,8.60,5.60
2010.03.15 16:57:59.231,1.06325,1.0634,9.00,3.20
2010.03.15 16:57:59.545,1.06325,1.0634,8.20,3.20
2010.03.15 16:57:59.853,1.06325,1.0634,8.20,4.00
2010.03.15 16:58:00.477,1.06325,1.0634,9.80,3.20
2010.03.15 16:58:01.470,1.06325,1.0634,9.80,1.60
2010.03.15 16:58:02.012,1.06325,1.0634,9.60,1.60
2010.03.15 16:58:02.278,1.06325,1.0634,9.20,1.60
2010.03.15 16:58:03.497,1.06325,1.06335,7.20,1.60
2010.03.15 16:58:06.212,1.0633,1.06335,2.40,1.60
2010.03.15 16:58:06.477,1.0633,1.0634,4.00,1.60
2010.03.15 16:58:06.716,1.0633,1.0634,5.60,1.60
2010.03.15 16:58:06.957,1.0633,1.0634,4.00,1.60
2010.03.15 16:58:07.370,1.0633,1.0634,1.60,1.60
2010.03.15 16:58:14.655,1.0633,1.0634,1.60,2.40
2010.03.15 16:58:15.847,1.0633,1.0634,4.00,2.40
2010.03.15 16:58:16.028,1.0633,1.0634,1.60,2.40
2010.03.15 16:58:16.388,1.0633,1.0634,1.60,1.60
2010.03.15 16:58:17.570,1.0633,1.0634,4.00,1.60
2010.03.15 16:58:17.698,1.0633,1.0634,1.60,1.60
2010.03.15 16:58:19.519,1.0633,1.0634,4.00,1.60
2010.03.15 16:58:19.741,1.0633,1.06335,1.60,1.60
2010.03.15 16:58:19.885,1.06325,1.0633,5.80,1.60
2010.03.15 16:58:20.020,1.06325,1.06335,5.90,1.60
2010.03.15 16:58:21.500,1.06325,1.0634,8.30,3.20
2010.03.15 16:58:21.856,1.06325,1.06335,6.70,1.60
2010.03.15 16:58:22.118,1.06325,1.06335,5.90,1.60
2010.03.15 16:58:22.379,1.06325,1.06335,6.80,1.60
2010.03.15 16:58:22.507,1.06325,1.0634,9.20,1.60
2010.03.15 16:58:22.636,1.06325,1.0634,14.00,1.60
2010.03.15 16:58:23.025,1.06325,1.0634,14.80,1.60
2010.03.15 16:58:23.696,1.0633,1.0634,1.60,1.60
2010.03.15 16:58:24.459,1.0633,1.0634,4.00,1.60
2010.03.15 16:58:24.570,1.0633,1.0634,1.60,1.60
2010.03.15 16:58:26.328,1.0633,1.06335,1.60,1.60
2010.03.15 16:58:27.994,1.0633,1.0634,1.60,1.60
2010.03.15 16:58:28.155,1.0633,1.0634,1.60,3.20
2010.03.15 16:58:28.394,1.0633,1.0634,1.60,1.60
2010.03.15 16:58:28.545,1.0633,1.0634,3.20,1.60
2010.03.15 16:58:33.215,1.0633,1.0634,4.80,1.60
2010.03.15 16:58:33.803,1.0633,1.0634,5.60,1.60
2010.03.15 16:58:34.174,1.0633,1.0634,4.00,1.60
2010.03.15 16:58:34.533,1.0633,1.0634,4.80,1.60
2010.03.15 16:58:34.720,1.06335,1.06345,1.60,2.40
2010.03.15 16:58:34.916,1.06335,1.0635,4.10,6.40
2010.03.15 16:58:35.123,1.0634,1.0635,2.40,1.60
2010.03.15 16:58:35.460,1.0634,1.06355,7.20,6.80
2010.03.15 16:58:35.667,1.0634,1.06355,6.40,5.60
2010.03.15 16:58:36.022,1.06345,1.06355,1.60,4.00
2010.03.15 16:58:37.056,1.0634,1.06355,12.00,4.00
2010.03.15 16:58:39.505,1.0634,1.06355,12.00,5.60
2010.03.15 16:58:39.666,1.0634,1.06355,7.20,5.60
2010.03.15 16:58:39.826,1.0634,1.06355,5.60,5.60
2010.03.15 16:58:42.025,1.0634,1.06355,12.00,5.60
2010.03.15 16:58:42.293,1.0634,1.06355,12.80,4.00
2010.03.15 16:58:42.574,1.0634,1.06355,8.00,4.00
2010.03.15 16:58:42.711,1.0634,1.06355,12.80,4.00
2010.03.15 16:58:42.852,1.0634,1.06355,12.80,5.60
2010.03.15 16:58:43.197,1.0634,1.06355,8.00,5.60
2010.03.15 16:58:44.351,1.0634,1.0636,7.20,14.30
2010.03.15 16:58:44.570,1.0634,1.06355,8.00,5.60
2010.03.15 16:58:45.451,1.0634,1.06355,7.20,5.60
2010.03.15 16:58:46.791,1.0634,1.06355,12.80,5.60
2010.03.15 16:58:47.019,1.0634,1.06355,12.80,4.00
2010.03.15 16:58:52.436,1.06345,1.06355,1.70,4.00
2010.03.15 16:58:55.175,1.06345,1.06355,3.30,2.40
2010.03.15 16:58:55.302,1.06345,1.0636,12.10,2.40
2010.03.15 16:58:55.424,1.0635,1.06365,5.60,15.20
2010.03.15 16:58:55.742,1.0635,1.06365,12.80,8.80
2010.03.15 16:58:56.098,1.06355,1.06365,1.60,4.00
2010.03.15 16:58:59.324,1.06355,1.06365,1.70,4.00
2010.03.15 16:58:59.461,1.06355,1.06365,3.20,2.40
2010.03.15 16:58:59.604,1.06355,1.0637,12.80,5.60
2010.03.15 16:58:59.743,1.06355,1.0637,9.60,4.00
2010.03.15 16:59:00.108,1.06355,1.0637,9.60,5.60
2010.03.15 16:59:00.453,1.06355,1.0637,3.20,6.00
2010.03.15 16:59:00.804,1.06355,1.0637,1.60,7.20
2010.03.15 16:59:01.149,1.0635,1.06365,16.80,1.60
2010.03.15 16:59:02.521,1.06355,1.06365,3.20,1.60
2010.03.15 16:59:02.817,1.0635,1.06365,15.20,4.00
2010.03.15 16:59:03.145,1.0635,1.06365,10.40,4.80
2010.03.15 16:59:03.297,1.0635,1.06355,4.80,1.60
2010.03.15 16:59:03.656,1.0635,1.0636,3.20,1.60
2010.03.15 16:59:04.005,1.0635,1.0636,4.80,1.60
2010.03.15 16:59:04.514,1.06345,1.0636,15.20,5.60
2010.03.15 16:59:04.870,1.06345,1.0636,4.80,4.00
2010.03.15 16:59:05.215,1.06345,1.0636,9.60,4.00
2010.03.15 16:59:05.565,1.06345,1.0636,9.70,4.00
2010.03.15 16:59:05.914,1.0635,1.0636,3.20,5.60
2010.03.15 16:59:06.260,1.0635,1.06355,3.20,1.60
2010.03.15 16:59:06.615,1.06355,1.06365,1.60,1.60
2010.03.15 16:59:07.412,1.06355,1.06365,4.80,1.60
2010.03.15 16:59:15.288,1.06355,1.06365,3.20,1.60
2010.03.15 16:59:18.139,1.06355,1.06365,4.80,1.60
2010.03.15 16:59:18.584,1.06355,1.06365,3.20,1.60
2010.03.15 16:59:25.844,1.06355,1.06365,1.60,1.60
2010.03.15 16:59:26.428,1.06355,1.06365,3.20,1.60
2010.03.15 16:59:29.266,1.06355,1.06365,1.60,1.60
2010.03.15 16:59:30.876,1.06355,1.06365,1.60,4.00
2010.03.15 16:59:32.689,1.0635,1.06365,12.00,4.00
2010.03.15 16:59:34.192,1.0635,1.06365,16.80,1.60
2010.03.15 16:59:37.030,1.0635,1.06365,12.00,4.00
2010.03.15 16:59:38.875,1.0635,1.06365,12.00,1.60
2010.03.15 16:59:38.958,1.0635,1.06365,12.00,4.00
2010.03.15 16:59:39.248,1.06345,1.06365,18.50,5.20
2010.03.15 16:59:39.340,1.0635,1.0636,6.40,2.40
2010.03.15 16:59:39.429,1.0635,1.0636,6.40,4.00
2010.03.15 16:59:39.519,1.0635,1.0636,1.60,4.00
2010.03.15 16:59:40.371,1.0635,1.06365,1.60,12.10
2010.03.15 16:59:40.723,1.0635,1.0636,1.60,2.40
2010.03.15 16:59:47.118,1.0635,1.06365,1.60,13.20
2010.03.15 16:59:47.405,1.0635,1.0636,1.60,2.40
2010.03.15 16:59:53.557,1.0635,1.06365,1.60,10.00
2010.03.15 16:59:53.819,1.0635,1.06365,1.60,8.90
2010.03.15 16:59:53.856,1.0635,1.06365,1.60,9.20
2010.03.15 16:59:54.085,1.0635,1.06365,6.40,9.20
2010.03.15 16:59:54.666,1.0635,1.06365,6.40,9.80
2010.03.15 16:59:55.646,1.0635,1.06365,1.60,9.80
2010.03.15 16:59:57.513,1.0635,1.06365,6.40,9.80
2010.03.15 16:59:58.440,1.0635,1.06365,8.00,9.80
