2010.03.24 17:00:00.572,1.0685,1.0686,1.60,6.20
2010.03.24 17:00:01.929,1.06845,1.0686,3.20,5.40
2010.03.24 17:00:02.258,1.0685,1.0686,1.60,5.40
2010.03.24 17:00:02.711,1.0685,1.0686,1.60,3.00
2010.03.24 17:00:03.549,1.06845,1.06865,8.80,7.00
2010.03.24 17:00:05.039,1.06845,1.06865,8.80,9.50
2010.03.24 17:00:05.748,1.06845,1.0686,3.20,5.40
2010.03.24 17:00:08.397,1.06845,1.0686,3.20,5.90
2010.03.24 17:00:08.477,1.06845,1.0686,1.60,5.90
2010.03.24 17:00:08.557,1.06845,1.0686,1.60,7.50
2010.03.24 17:00:09.218,1.06845,1.0686,1.60,9.10
2010.03.24 17:00:09.979,1.06845,1.0686,1.60,7.50
2010.03.24 17:00:10.506,1.06845,1.0686,1.60,9.10
2010.03.24 17:00:10.886,1.06845,1.0686,1.60,7.50
2010.03.24 17:00:11.623,1.06845,1.0686,1.60,9.10
2010.03.24 17:00:13.577,1.06845,1.0686,1.60,8.60
2010.03.24 17:00:13.837,1.06845,1.0686,1.60,7.10
2010.03.24 17:00:14.097,1.06845,1.06855,1.60,1.40
2010.03.24 17:00:14.358,1.06845,1.0686,1.60,11.50
2010.03.24 17:00:15.085,1.06845,1.0686,1.60,7.60
2010.03.24 17:00:15.429,1.06845,1.0686,1.60,6.70
2010.03.24 17:00:15.779,1.06845,1.0686,1.60,7.50
2010.03.24 17:00:16.118,1.06845,1.0686,3.20,4.30
2010.03.24 17:00:16.459,1.0685,1.06865,3.20,9.50
2010.03.24 17:00:18.881,1.0685,1.0686,3.20,2.40
2010.03.24 17:00:19.070,1.06845,1.0686,4.80,3.80
2010.03.24 17:00:19.257,1.0685,1.0686,1.60,1.40
2010.03.24 17:00:19.437,1.0685,1.06865,1.60,9.50
2010.03.24 17:00:19.794,1.0685,1.06865,3.20,9.50
2010.03.24 17:00:23.512,1.0685,1.06865,3.20,7.10
2010.03.24 17:00:23.623,1.0685,1.06865,3.20,7.00
2010.03.24 17:00:23.734,1.0685,1.06865,5.60,7.00
2010.03.24 17:00:24.268,1.06855,1.06865,1.60,1.40
2010.03.24 17:00:24.624,1.0685,1.06865,7.20,1.40
2010.03.24 17:00:29.471,1.06855,1.06865,1.60,1.40
2010.03.24 17:00:30.903,1.06855,1.0687,1.60,14.20
2010.03.24 17:00:31.362,1.06855,1.0687,1.60,10.20
2010.03.24 17:00:32.792,1.06855,1.0687,3.20,10.20
2010.03.24 17:00:33.777,1.06855,1.06865,1.60,3.20
2010.03.24 17:00:34.292,1.06855,1.06865,1.60,2.40
2010.03.24 17:00:34.643,1.06855,1.0687,4.80,6.20
2010.03.24 17:00:36.815,1.06855,1.0687,4.80,4.60
2010.03.24 17:00:36.874,1.0686,1.0687,1.60,1.40
2010.03.24 17:00:37.342,1.0686,1.06875,1.60,12.70
2010.03.24 17:00:37.575,1.06865,1.06875,1.60,6.40
2010.03.24 17:00:38.194,1.06865,1.0688,3.20,10.60
2010.03.24 17:00:38.551,1.06865,1.0688,3.20,11.40
2010.03.24 17:00:39.089,1.06865,1.0688,3.20,10.60
2010.03.24 17:00:40.054,1.06865,1.0688,3.20,11.40
2010.03.24 17:00:41.389,1.06865,1.0688,3.20,10.60
2010.03.24 17:00:41.779,1.06865,1.0688,3.20,10.70
2010.03.24 17:00:41.921,1.06865,1.06875,3.20,1.60
2010.03.24 17:00:42.411,1.0686,1.06875,10.40,3.30
2010.03.24 17:00:42.576,1.0686,1.06875,1.60,10.20
2010.03.24 17:00:42.718,1.0686,1.06875,1.60,10.30
2010.03.24 17:00:44.673,1.06865,1.06875,1.60,1.60
2010.03.24 17:00:44.929,1.06865,1.0688,1.60,15.40
2010.03.24 17:00:45.823,1.06865,1.0688,1.60,12.20
2010.03.24 17:00:46.109,1.06865,1.0688,1.60,11.40
2010.03.24 17:00:47.078,1.06865,1.06875,1.60,1.00
2010.03.24 17:00:47.269,1.06865,1.06875,1.60,1.80
2010.03.24 17:00:47.375,1.06865,1.06875,1.60,1.40
2010.03.24 17:00:48.230,1.0686,1.06875,7.10,1.40
2010.03.24 17:00:48.836,1.06865,1.06875,1.60,1.40
2010.03.24 17:00:49.149,1.06865,1.06875,1.60,3.80
2010.03.24 17:00:49.830,1.0686,1.06875,7.20,5.50
2010.03.24 17:00:50.174,1.06865,1.06875,1.60,3.00
2010.03.24 17:00:50.721,1.0686,1.0688,4.00,17.00
2010.03.24 17:00:51.005,1.0686,1.06875,1.60,13.50
2010.03.24 17:00:51.677,1.0686,1.0687,1.60,1.40
2010.03.24 17:00:54.861,1.0686,1.06875,2.40,5.40
2010.03.24 17:00:55.141,1.0686,1.0687,1.60,6.20
2010.03.24 17:00:55.418,1.06855,1.06865,1.60,1.40
2010.03.24 17:00:55.959,1.0685,1.06865,4.80,6.20
2010.03.24 17:00:56.506,1.0685,1.06865,3.20,6.20
2010.03.24 17:00:56.670,1.0685,1.0686,1.60,3.20
2010.03.24 17:00:56.817,1.0685,1.0686,1.60,2.40
2010.03.24 17:00:58.037,1.0685,1.06865,1.60,3.00
2010.03.24 17:00:58.687,1.0685,1.06865,1.60,7.00
2010.03.24 17:00:58.877,1.0685,1.0686,1.60,1.40
2010.03.24 17:00:59.515,1.06845,1.0686,8.80,1.40
2010.03.24 17:00:59.705,1.06845,1.0686,7.20,3.00
2010.03.24 17:01:00.982,1.0685,1.0686,1.60,5.90
2010.03.24 17:01:01.330,1.0685,1.0686,1.60,7.50
2010.03.24 17:01:01.756,1.06845,1.0686,3.20,7.50
2010.03.24 17:01:02.687,1.06845,1.0686,1.60,9.10
2010.03.24 17:01:02.945,1.06845,1.0686,1.60,13.10
2010.03.24 17:01:03.616,1.06845,1.0686,1.60,13.20
2010.03.24 17:01:03.973,1.06845,1.0686,1.60,12.70
2010.03.24 17:01:04.316,1.06845,1.0686,1.60,11.10
2010.03.24 17:01:07.445,1.06845,1.06855,1.60,1.40
2010.03.24 17:01:09.984,1.06845,1.0686,1.60,6.20
2010.03.24 17:01:10.601,1.0685,1.0686,1.60,5.40
2010.03.24 17:01:12.276,1.06845,1.0686,3.20,5.40
2010.03.24 17:01:12.436,1.06845,1.06855,1.60,1.40
2010.03.24 17:01:17.899,1.06845,1.0685,1.60,1.00
2010.03.24 17:01:18.219,1.06835,1.0685,1.00,12.70
2010.03.24 17:01:18.535,1.06835,1.0684,1.00,1.00
2010.03.24 17:01:19.296,1.0683,1.0684,1.60,2.20
2010.03.24 17:01:19.641,1.0683,1.0684,1.60,3.00
2010.03.24 17:01:21.521,1.06825,1.0684,3.20,3.00
2010.03.24 17:01:22.009,1.06825,1.0684,5.60,3.00
2010.03.24 17:01:22.182,1.06825,1.0684,3.20,5.40
2010.03.24 17:01:22.904,1.06825,1.0684,5.60,3.00
2010.03.24 17:01:23.170,1.06825,1.0684,3.20,5.40
2010.03.24 17:01:24.996,1.06825,1.06835,3.20,1.00
2010.03.24 17:01:25.255,1.0682,1.06835,4.80,6.20
2010.03.24 17:01:28.017,1.0682,1.06835,4.80,7.80
2010.03.24 17:01:29.477,1.06825,1.06835,1.60,7.80
2010.03.24 17:01:29.783,1.06825,1.0684,3.20,14.20
2010.03.24 17:01:30.411,1.06825,1.0684,12.00,1.40
2010.03.24 17:01:30.738,1.06835,1.06845,1.60,1.40
2010.03.24 17:01:31.254,1.0684,1.0685,1.60,12.60
2010.03.24 17:01:31.774,1.0684,1.0685,1.60,3.00
2010.03.24 17:01:31.971,1.0684,1.0685,1.60,1.40
2010.03.24 17:01:32.160,1.0684,1.06855,1.60,13.90
2010.03.24 17:01:32.444,1.06835,1.0685,12.80,2.40
2010.03.24 17:01:32.733,1.0684,1.0685,3.20,2.40
2010.03.24 17:01:33.176,1.0684,1.0685,1.60,3.80
2010.03.24 17:01:33.406,1.06835,1.0685,6.40,6.20
2010.03.24 17:01:33.854,1.0683,1.0685,20.00,3.80
2010.03.24 17:01:34.686,1.06835,1.0685,6.40,3.80
2010.03.24 17:01:35.370,1.06835,1.0685,6.40,5.40
2010.03.24 17:01:35.811,1.06835,1.0685,8.80,3.00
2010.03.24 17:01:36.182,1.06845,1.06855,5.20,1.00
2010.03.24 17:01:36.538,1.0685,1.0686,1.60,1.40
2010.03.24 17:01:38.680,1.0686,1.0687,1.60,1.40
2010.03.24 17:01:38.949,1.06865,1.06875,3.20,10.20
2010.03.24 17:01:39.677,1.0687,1.06875,4.00,4.40
2010.03.24 17:01:40.025,1.06875,1.06885,5.60,1.00
2010.03.24 17:01:40.671,1.0689,1.0691,4.80,2.40
2010.03.24 17:01:41.035,1.069,1.06915,3.20,2.40
2010.03.24 17:01:41.759,1.06905,1.0692,3.20,14.20
2010.03.24 17:01:42.108,1.0691,1.0692,4.80,1.00
2010.03.24 17:01:42.888,1.0691,1.06925,6.40,7.00
2010.03.24 17:01:43.166,1.06915,1.0693,4.80,11.00
2010.03.24 17:01:43.832,1.0692,1.0693,4.00,5.40
2010.03.24 17:01:44.260,1.0692,1.0693,4.00,6.30
2010.03.24 17:01:44.609,1.0692,1.0693,4.00,7.10
2010.03.24 17:01:45.242,1.0692,1.0693,9.60,1.40
2010.03.24 17:01:45.607,1.06925,1.06935,4.00,3.80
2010.03.24 17:01:46.392,1.0693,1.0694,1.00,1.00
2010.03.24 17:01:46.754,1.0694,1.0696,3.20,3.00
2010.03.24 17:01:47.748,1.06935,1.06955,4.00,3.20
2010.03.24 17:01:48.027,1.06945,1.06955,2.40,2.20
2010.03.24 17:01:48.478,1.06945,1.06955,2.40,2.20
2010.03.24 17:01:48.817,1.06945,1.0696,3.20,10.20
2010.03.24 17:01:49.168,1.0695,1.0696,5.60,1.00
2010.03.24 17:01:49.990,1.06955,1.0697,1.60,14.40
2010.03.24 17:01:50.343,1.06955,1.0697,3.20,14.40
2010.03.24 17:01:51.119,1.0696,1.0697,1.60,3.40
2010.03.24 17:01:51.470,1.06965,1.06975,4.80,8.80
2010.03.24 17:01:51.817,1.06965,1.06975,4.80,1.00
2010.03.24 17:01:52.481,1.06975,1.06995,1.60,10.10
2010.03.24 17:01:52.737,1.0697,1.06985,6.40,2.40
2010.03.24 17:01:53.350,1.0697,1.06985,4.00,6.80
2010.03.24 17:01:53.705,1.0696,1.0697,1.00,1.00
2010.03.24 17:01:54.431,1.06955,1.06965,3.20,1.40
2010.03.24 17:01:55.139,1.0696,1.0697,1.60,7.00
2010.03.24 17:01:55.871,1.06965,1.06975,1.60,14.00
2010.03.24 17:01:56.220,1.06965,1.0697,2.00,2.40
2010.03.24 17:01:56.568,1.0696,1.0697,1.60,2.40
2010.03.24 17:01:57.350,1.06965,1.0698,1.60,14.20
2010.03.24 17:01:57.574,1.0697,1.0698,1.60,10.20
2010.03.24 17:01:57.804,1.06965,1.0698,3.20,6.30
2010.03.24 17:01:58.241,1.06965,1.06975,3.20,4.00
2010.03.24 17:01:58.473,1.06955,1.06965,4.00,1.00
2010.03.24 17:01:58.817,1.0696,1.0697,1.60,6.40
2010.03.24 17:01:59.284,1.0696,1.0697,1.60,2.40
2010.03.24 17:01:59.630,1.0696,1.0697,1.60,8.60
2010.03.24 17:01:59.974,1.06965,1.0697,1.60,5.40
2010.03.24 17:02:00.315,1.0696,1.0697,1.60,3.80
2010.03.24 17:02:00.751,1.0696,1.0697,1.60,5.40
2010.03.24 17:02:01.096,1.06965,1.06975,1.60,9.40
2010.03.24 17:02:01.443,1.06965,1.06975,1.60,1.40
2010.03.24 17:02:01.885,1.06965,1.06975,3.20,1.40
2010.03.24 17:02:02.423,1.06965,1.06975,1.60,1.40
2010.03.24 17:02:02.697,1.0696,1.06975,8.00,8.30
2010.03.24 17:02:03.201,1.0696,1.0697,7.20,1.00
2010.03.24 17:02:03.507,1.06955,1.0697,4.80,6.20
2010.03.24 17:02:05.212,1.06955,1.0697,4.80,5.40
2010.03.24 17:02:05.514,1.0696,1.0697,1.60,7.00
2010.03.24 17:02:05.986,1.06965,1.0697,1.60,5.40
2010.03.24 17:02:06.300,1.06965,1.0698,4.80,5.40
2010.03.24 17:02:07.148,1.0697,1.0698,4.80,2.40
2010.03.24 17:02:07.367,1.06975,1.06985,1.60,1.40
2010.03.24 17:02:10.566,1.06975,1.06985,1.60,3.00
2010.03.24 17:02:12.524,1.0697,1.06985,5.60,4.80
2010.03.24 17:02:12.725,1.06965,1.06975,1.60,1.40
2010.03.24 17:02:16.272,1.0697,1.06985,1.60,11.40
2010.03.24 17:02:16.525,1.0697,1.06985,1.60,14.40
2010.03.24 17:02:16.774,1.0697,1.0698,1.60,1.40
2010.03.24 17:02:17.040,1.0697,1.06985,1.60,7.00
2010.03.24 17:02:17.995,1.06965,1.0698,4.80,4.40
2010.03.24 17:02:18.255,1.06965,1.0698,1.60,6.80
2010.03.24 17:02:18.511,1.06965,1.0698,1.60,6.90
2010.03.24 17:02:19.172,1.06965,1.0698,1.60,6.90
2010.03.24 17:02:19.521,1.0696,1.06975,4.80,3.00
2010.03.24 17:02:20.972,1.0696,1.06975,10.40,1.40
2010.03.24 17:02:21.466,1.06965,1.06975,1.60,1.40
2010.03.24 17:02:23.331,1.06965,1.0698,3.20,6.20
2010.03.24 17:02:23.899,1.06965,1.0698,4.80,3.00
2010.03.24 17:02:25.776,1.0697,1.0698,1.60,3.00
2010.03.24 17:02:26.187,1.0697,1.0698,1.60,1.40
2010.03.24 17:02:27.259,1.0697,1.0698,1.60,2.20
2010.03.24 17:02:27.589,1.06965,1.0698,6.40,1.40
2010.03.24 17:02:29.231,1.06965,1.0698,4.80,3.80
2010.03.24 17:02:29.572,1.0696,1.0698,5.60,13.40
2010.03.24 17:02:30.342,1.0696,1.06975,1.60,3.00
2010.03.24 17:02:30.698,1.0696,1.06975,1.60,3.00
2010.03.24 17:02:31.051,1.06965,1.06975,1.60,1.40
2010.03.24 17:02:31.765,1.06965,1.0698,3.20,7.00
2010.03.24 17:02:32.102,1.0696,1.0698,6.40,17.50
2010.03.24 17:02:32.450,1.0696,1.0698,6.40,16.70
2010.03.24 17:02:33.115,1.0696,1.0698,6.40,18.30
2010.03.24 17:02:34.314,1.0696,1.0698,7.20,15.80
2010.03.24 17:02:35.079,1.06965,1.0698,3.20,3.80
2010.03.24 17:02:35.405,1.06965,1.0698,4.80,3.00
2010.03.24 17:02:35.733,1.06965,1.0698,6.40,1.40
2010.03.24 17:02:36.564,1.06975,1.06985,1.60,5.40
2010.03.24 17:02:36.788,1.06975,1.0699,1.60,10.70
2010.03.24 17:02:37.013,1.06975,1.0699,1.60,9.90
2010.03.24 17:02:37.642,1.06975,1.0699,4.80,1.40
2010.03.24 17:02:38.224,1.0698,1.0699,1.60,3.00
2010.03.24 17:02:38.941,1.06985,1.06995,1.60,1.40
2010.03.24 17:02:39.854,1.06985,1.07,3.20,8.60
2010.03.24 17:02:40.200,1.0699,1.07005,3.20,7.80
2010.03.24 17:02:40.547,1.06995,1.07005,1.60,3.00
2010.03.24 17:02:41.346,1.06995,1.0701,1.60,5.40
2010.03.24 17:02:41.700,1.06995,1.0701,1.60,3.00
2010.03.24 17:02:42.901,1.07005,1.07015,1.60,13.40
2010.03.24 17:02:43.135,1.07005,1.07015,1.60,1.40
2010.03.24 17:02:43.891,1.07005,1.0702,1.60,13.50
2010.03.24 17:02:44.188,1.07005,1.07015,1.60,1.40
2010.03.24 17:02:44.962,1.07005,1.0702,1.60,6.10
2010.03.24 17:02:45.346,1.07005,1.0702,1.60,8.60
2010.03.24 17:02:45.629,1.0701,1.07025,1.60,16.70
2010.03.24 17:02:46.341,1.0701,1.07025,1.60,12.60
2010.03.24 17:02:46.686,1.0701,1.07025,1.60,10.20
2010.03.24 17:02:47.983,1.07005,1.07025,11.20,10.20
2010.03.24 17:02:48.225,1.07005,1.07025,11.20,10.90
2010.03.24 17:02:48.852,1.07005,1.0702,5.60,4.50
2010.03.24 17:02:49.203,1.07005,1.0702,3.20,5.40
2010.03.24 17:02:49.542,1.07005,1.0702,3.20,4.60
2010.03.24 17:02:49.885,1.07005,1.0702,3.20,5.40
2010.03.24 17:02:50.289,1.07005,1.0702,3.20,4.60
2010.03.24 17:02:50.636,1.07005,1.0702,3.20,3.00
2010.03.24 17:02:51.324,1.07005,1.0702,4.80,1.40
2010.03.24 17:02:52.255,1.07005,1.0702,4.80,2.10
2010.03.24 17:02:52.808,1.07005,1.0702,4.80,1.40
2010.03.24 17:02:52.938,1.0701,1.07025,1.60,17.40
2010.03.24 17:02:53.075,1.0701,1.07025,1.60,13.40
2010.03.24 17:02:53.627,1.0701,1.07025,3.20,9.40
2010.03.24 17:02:53.912,1.0701,1.07025,1.60,11.00
2010.03.24 17:02:54.199,1.07005,1.07025,13.60,11.00
2010.03.24 17:02:54.477,1.07005,1.07025,12.20,11.00
2010.03.24 17:02:55.150,1.07005,1.07025,13.60,11.00
2010.03.24 17:02:56.447,1.07005,1.07025,13.60,11.00
2010.03.24 17:02:57.171,1.07005,1.07025,9.60,11.00
2010.03.24 17:02:57.317,1.07005,1.0702,9.60,1.60
2010.03.24 17:02:58.098,1.07005,1.0702,9.60,1.40
2010.03.24 17:02:58.253,1.07005,1.0702,4.80,3.00
2010.03.24 17:02:58.607,1.07005,1.0702,4.00,3.00
2010.03.24 17:02:59.030,1.07005,1.0702,5.60,1.40
2010.03.24 17:02:59.379,1.07005,1.0702,3.20,4.60
2010.03.24 17:02:59.726,1.07005,1.0702,1.60,7.90
2010.03.24 17:03:00.500,1.06995,1.0701,6.00,3.10
2010.03.24 17:03:00.832,1.0699,1.07005,6.40,3.80
2010.03.24 17:03:01.155,1.0699,1.07005,3.20,3.80
2010.03.24 17:03:02.241,1.06985,1.07,13.60,1.60
2010.03.24 17:03:03.550,1.06985,1.07,14.40,3.00
2010.03.24 17:03:03.836,1.06985,1.07,10.40,3.00
2010.03.24 17:03:04.100,1.06985,1.07,15.20,1.60
2010.03.24 17:03:04.370,1.06985,1.07,14.40,1.60
2010.03.24 17:03:05.056,1.06985,1.07,11.20,3.90
2010.03.24 17:03:05.393,1.06985,1.07,9.60,3.90
2010.03.24 17:03:05.734,1.06985,1.07,11.20,5.50
2010.03.24 17:03:06.350,1.06985,1.07,11.20,6.30
2010.03.24 17:03:06.672,1.06985,1.07,7.20,6.30
2010.03.24 17:03:07.404,1.06985,1.06995,8.00,1.40
2010.03.24 17:03:07.755,1.06975,1.0699,11.60,5.40
2010.03.24 17:03:07.949,1.06975,1.0699,4.40,5.50
2010.03.24 17:03:08.561,1.06975,1.06985,1.00,4.60
2010.03.24 17:03:09.086,1.06975,1.06985,1.00,3.10
2010.03.24 17:03:09.852,1.06975,1.06985,1.00,1.40
2010.03.24 17:03:10.107,1.06975,1.0699,2.00,10.20
2010.03.24 17:03:10.354,1.06975,1.0699,1.60,9.40
2010.03.24 17:03:11.055,1.06975,1.0699,1.60,13.40
2010.03.24 17:03:11.307,1.0697,1.0699,3.20,21.10
2010.03.24 17:03:11.649,1.06965,1.0698,4.80,1.00
2010.03.24 17:03:12.389,1.06965,1.0698,4.00,1.60
2010.03.24 17:03:12.615,1.06965,1.0698,9.60,1.00
2010.03.24 17:03:12.845,1.0697,1.06985,1.60,15.60
2010.03.24 17:03:13.775,1.0697,1.06985,2.40,4.60
2010.03.24 17:03:14.296,1.0697,1.06985,4.00,4.60
2010.03.24 17:03:14.773,1.0697,1.06985,4.00,7.10
2010.03.24 17:03:15.123,1.06965,1.0698,4.00,1.60
2010.03.24 17:03:15.466,1.06965,1.0698,4.00,2.40
2010.03.24 17:03:18.196,1.06965,1.0698,1.60,3.80
2010.03.24 17:03:18.446,1.06965,1.0698,1.60,3.90
2010.03.24 17:03:18.697,1.0696,1.06975,9.60,5.40
2010.03.24 17:03:19.379,1.06955,1.0697,3.60,3.10
2010.03.24 17:03:19.730,1.06955,1.0697,1.60,5.50
2010.03.24 17:03:20.795,1.06965,1.06975,1.60,6.00
2010.03.24 17:03:21.135,1.06975,1.06995,1.00,5.40
2010.03.24 17:03:21.861,1.0697,1.0699,12.00,1.00
2010.03.24 17:03:22.213,1.06975,1.0699,1.60,5.40
2010.03.24 17:03:22.558,1.0697,1.06985,7.20,1.40
2010.03.24 17:03:23.254,1.0697,1.06985,7.20,1.40
2010.03.24 17:03:23.535,1.0697,1.06985,1.60,5.40
2010.03.24 17:03:23.885,1.0697,1.06985,1.60,7.00
2010.03.24 17:03:24.859,1.0697,1.0698,1.60,1.60
2010.03.24 17:03:25.158,1.0697,1.0698,2.40,1.60
2010.03.24 17:03:25.897,1.0697,1.06985,6.40,3.00
2010.03.24 17:03:26.240,1.06975,1.0699,3.20,1.40
2010.03.24 17:03:26.587,1.06975,1.0699,3.20,3.00
2010.03.24 17:03:27.534,1.06975,1.0699,1.60,4.60
2010.03.24 17:03:27.763,1.06975,1.0699,3.20,4.60
2010.03.24 17:03:28.733,1.0698,1.06995,1.60,6.20
2010.03.24 17:03:29.046,1.0698,1.07,3.20,14.20
2010.03.24 17:03:29.355,1.06985,1.07,1.60,3.00
2010.03.24 17:03:29.888,1.06985,1.07,1.60,4.60
2010.03.24 17:03:31.214,1.06985,1.07,1.60,5.70
2010.03.24 17:03:32.851,1.06995,1.07005,1.60,11.60
2010.03.24 17:03:32.946,1.07,1.07005,1.60,9.20
2010.03.24 17:03:33.038,1.07,1.07005,1.00,8.40
2010.03.24 17:03:33.533,1.06995,1.07005,5.60,4.40
2010.03.24 17:03:33.799,1.07005,1.0703,1.60,7.00
2010.03.24 17:03:34.496,1.07005,1.0703,1.60,9.40
2010.03.24 17:03:34.840,1.07005,1.0702,9.60,1.00
2010.03.24 17:03:35.184,1.07005,1.07025,9.60,9.80
2010.03.24 17:03:35.631,1.07005,1.07025,9.60,7.80
2010.03.24 17:03:35.969,1.07005,1.07025,9.60,13.40
2010.03.24 17:03:37.036,1.07005,1.0702,4.80,2.20
2010.03.24 17:03:37.286,1.07005,1.0702,8.80,1.40
2010.03.24 17:03:37.533,1.07005,1.0702,4.80,1.40
2010.03.24 17:03:37.783,1.07005,1.0702,8.80,1.40
2010.03.24 17:03:38.753,1.07005,1.0702,7.20,3.00
2010.03.24 17:03:39.731,1.07005,1.0702,8.80,1.40
2010.03.24 17:03:40.071,1.07005,1.07025,8.80,15.90
2010.03.24 17:03:40.421,1.07005,1.0702,1.60,6.30
2010.03.24 17:03:41.163,1.07005,1.0702,9.60,3.00
2010.03.24 17:03:41.509,1.07005,1.0702,4.80,3.00
2010.03.24 17:03:41.965,1.07005,1.0702,8.80,3.00
2010.03.24 17:03:42.321,1.07005,1.0702,10.40,1.00
2010.03.24 17:03:42.666,1.0701,1.07025,1.60,7.00
2010.03.24 17:03:43.008,1.0701,1.07025,3.20,5.40
2010.03.24 17:03:43.765,1.0701,1.07025,3.20,6.20
2010.03.24 17:03:44.406,1.0701,1.07025,3.20,10.20
2010.03.24 17:03:45.392,1.0702,1.0703,1.00,1.00
2010.03.24 17:03:45.613,1.07025,1.07035,1.60,1.00
2010.03.24 17:03:45.826,1.07025,1.0704,3.20,2.60
2010.03.24 17:03:46.498,1.07025,1.07045,8.80,3.80
2010.03.24 17:03:46.838,1.07025,1.07045,4.80,8.30
2010.03.24 17:03:47.181,1.07025,1.07045,4.80,12.30
2010.03.24 17:03:48.035,1.07025,1.0705,4.80,24.30
2010.03.24 17:03:48.245,1.07025,1.07045,4.80,14.70
2010.03.24 17:03:48.996,1.07025,1.07045,4.80,10.60
2010.03.24 17:03:49.373,1.07025,1.07045,8.80,11.00
2010.03.24 17:03:49.723,1.0703,1.07045,3.20,7.80
2010.03.24 17:03:50.075,1.0703,1.0705,6.40,14.20
2010.03.24 17:03:50.516,1.0703,1.0705,6.40,13.40
2010.03.24 17:03:50.864,1.07025,1.07045,17.20,3.40
2010.03.24 17:03:51.213,1.0703,1.07045,2.40,2.20
2010.03.24 17:03:51.884,1.0703,1.07045,4.00,1.40
2010.03.24 17:03:52.232,1.0703,1.0705,6.40,8.60
2010.03.24 17:03:52.416,1.07035,1.0705,1.60,7.80
2010.03.24 17:03:52.607,1.07035,1.0705,1.60,9.40
2010.03.24 17:03:53.063,1.0703,1.07045,6.40,1.40
2010.03.24 17:03:53.269,1.0703,1.07045,2.40,2.70
2010.03.24 17:03:53.595,1.07035,1.0705,4.00,1.40
2010.03.24 17:03:54.298,1.07035,1.07045,1.60,1.00
2010.03.24 17:03:54.640,1.0703,1.07045,2.40,5.40
2010.03.24 17:03:54.987,1.0703,1.07045,2.40,1.40
2010.03.24 17:03:55.780,1.0703,1.07045,4.00,1.40
2010.03.24 17:03:56.127,1.0703,1.07045,1.60,3.00
2010.03.24 17:03:56.478,1.0703,1.07045,3.20,3.00
2010.03.24 17:03:57.181,1.0703,1.0705,6.40,13.40
2010.03.24 17:03:57.500,1.07035,1.0705,1.60,13.40
2010.03.24 17:03:57.698,1.07035,1.0705,1.60,9.40
2010.03.24 17:03:57.895,1.07035,1.0705,3.20,6.20
2010.03.24 17:03:58.353,1.07035,1.0705,4.80,6.20
2010.03.24 17:03:58.567,1.0703,1.0705,13.60,1.40
2010.03.24 17:03:58.916,1.07035,1.07055,4.80,15.80
2010.03.24 17:03:59.260,1.07035,1.07055,5.90,12.60
2010.03.24 17:04:00.035,1.07035,1.07055,5.10,13.50
2010.03.24 17:04:00.382,1.07035,1.0705,4.80,1.40
2010.03.24 17:04:00.725,1.07035,1.0705,4.80,2.20
2010.03.24 17:04:01.052,1.07035,1.0705,1.60,3.80
2010.03.24 17:04:02.974,1.0704,1.0705,1.60,2.20
2010.03.24 17:04:03.217,1.0704,1.07055,5.90,1.40
2010.03.24 17:04:03.702,1.0704,1.07055,9.90,1.40
2010.03.24 17:04:04.729,1.0704,1.07055,4.80,3.00
2010.03.24 17:04:05.075,1.0704,1.07055,3.20,3.80
2010.03.24 17:04:05.647,1.07035,1.0705,12.30,1.40
2010.03.24 17:04:06.000,1.07035,1.0705,8.30,1.40
2010.03.24 17:04:06.346,1.07035,1.07055,9.90,7.00
2010.03.24 17:04:07.090,1.0704,1.07055,1.60,7.00
2010.03.24 17:04:07.425,1.0704,1.07055,1.60,12.60
2010.03.24 17:04:07.588,1.07035,1.07055,8.80,6.30
2010.03.24 17:04:07.745,1.07035,1.07055,7.20,13.60
2010.03.24 17:04:08.327,1.0703,1.0705,9.90,3.80
2010.03.24 17:04:08.479,1.0703,1.0705,13.90,3.80
2010.03.24 17:04:08.820,1.07035,1.0705,1.90,2.20
2010.03.24 17:04:09.166,1.07035,1.07055,17.90,3.00
2010.03.24 17:04:09.607,1.0704,1.0706,1.60,14.60
2010.03.24 17:04:09.835,1.07035,1.0705,3.20,2.20
2010.03.24 17:04:10.065,1.07035,1.0705,1.60,2.20
2010.03.24 17:04:10.294,1.07035,1.07045,1.60,1.40
2010.03.24 17:04:10.953,1.0703,1.07045,7.20,1.40
2010.03.24 17:04:11.300,1.07025,1.07045,21.50,1.40
2010.03.24 17:04:11.643,1.0703,1.07045,4.80,3.00
2010.03.24 17:04:11.995,1.07025,1.07045,12.80,3.00
2010.03.24 17:04:12.413,1.0703,1.07045,1.60,3.00
2010.03.24 17:04:12.871,1.0703,1.07045,1.60,6.30
2010.03.24 17:04:13.105,1.07025,1.0704,8.80,1.40
2010.03.24 17:04:13.569,1.0703,1.0704,1.60,1.40
2010.03.24 17:04:14.241,1.0703,1.07045,7.20,3.00
2010.03.24 17:04:16.893,1.0703,1.07045,7.20,1.40
2010.03.24 17:04:17.078,1.07035,1.0705,2.40,9.40
2010.03.24 17:04:17.654,1.07035,1.0705,8.00,1.40
2010.03.24 17:04:17.937,1.07035,1.0705,13.60,1.40
2010.03.24 17:04:18.764,1.07035,1.0705,11.20,1.40
2010.03.24 17:04:19.533,1.07035,1.0705,1.60,9.30
2010.03.24 17:04:19.888,1.0703,1.07045,9.60,3.00
2010.03.24 17:04:20.233,1.07025,1.0704,11.20,1.40
2010.03.24 17:04:21.310,1.07025,1.0704,11.20,3.00
2010.03.24 17:04:22.147,1.07025,1.07045,11.20,4.80
2010.03.24 17:04:22.878,1.0702,1.07035,8.00,1.60
2010.03.24 17:04:23.343,1.0702,1.07035,8.00,3.00
2010.03.24 17:04:23.649,1.0702,1.07035,7.20,3.00
2010.03.24 17:04:23.959,1.0703,1.07035,1.00,1.40
2010.03.24 17:04:24.654,1.0703,1.07045,5.60,4.60
2010.03.24 17:04:24.932,1.07025,1.07045,12.00,4.60
2010.03.24 17:04:25.207,1.07025,1.07045,11.20,4.60
2010.03.24 17:04:25.915,1.07025,1.0704,5.60,1.40
2010.03.24 17:04:26.262,1.07025,1.0704,5.60,5.40
2010.03.24 17:04:26.605,1.07025,1.07045,1.60,22.60
2010.03.24 17:04:27.258,1.0702,1.0704,14.40,5.40
2010.03.24 17:04:27.429,1.0702,1.07035,12.80,1.40
2010.03.24 17:04:28.032,1.07015,1.07035,9.60,7.90
2010.03.24 17:04:28.174,1.0701,1.0703,9.60,7.80
2010.03.24 17:04:28.708,1.0701,1.07025,3.20,1.60
2010.03.24 17:04:28.901,1.07005,1.07025,12.80,4.70
2010.03.24 17:04:29.252,1.07005,1.0702,12.00,1.40
2010.03.24 17:04:29.941,1.07005,1.0702,9.60,6.20
2010.03.24 17:04:30.282,1.07,1.07015,1.60,4.60
2010.03.24 17:04:30.622,1.06995,1.0701,14.40,1.40
2010.03.24 17:04:31.275,1.06995,1.0701,12.00,1.40
2010.03.24 17:04:31.628,1.06985,1.07,8.00,1.00
2010.03.24 17:04:31.971,1.06985,1.07,6.40,3.90
2010.03.24 17:04:32.394,1.06985,1.07,5.60,3.90
2010.03.24 17:04:32.716,1.06985,1.07,1.60,3.90
2010.03.24 17:04:33.043,1.0698,1.07,15.20,5.50
2010.03.24 17:04:33.777,1.06985,1.07,6.40,3.10
2010.03.24 17:04:34.094,1.0699,1.07005,4.00,1.40
2010.03.24 17:04:34.436,1.0699,1.07005,4.80,1.40
2010.03.24 17:04:35.281,1.0699,1.07005,8.80,3.00
2010.03.24 17:04:35.631,1.0699,1.0701,10.40,9.40
2010.03.24 17:04:36.732,1.06995,1.0701,1.60,9.40
2010.03.24 17:04:37.722,1.06995,1.0701,1.60,4.60
2010.03.24 17:04:38.563,1.06995,1.0701,4.00,3.00
2010.03.24 17:04:38.785,1.06995,1.0701,4.20,1.40
2010.03.24 17:04:39.016,1.06995,1.0701,3.40,3.00
2010.03.24 17:04:39.241,1.06995,1.0701,4.20,3.00
2010.03.24 17:04:39.824,1.07,1.07015,1.60,4.60
2010.03.24 17:04:40.585,1.07,1.0702,5.00,5.40
2010.03.24 17:04:40.874,1.07005,1.0702,1.60,5.40
2010.03.24 17:04:41.165,1.07005,1.0702,4.20,1.40
2010.03.24 17:04:41.936,1.0701,1.07025,5.00,1.60
2010.03.24 17:04:42.240,1.07015,1.0703,1.60,3.80
2010.03.24 17:04:43.573,1.07015,1.0703,1.60,3.90
2010.03.24 17:04:45.371,1.07015,1.07025,1.60,1.60
2010.03.24 17:04:45.621,1.0701,1.07025,2.60,3.00
2010.03.24 17:04:45.872,1.07015,1.07025,1.00,4.60
2010.03.24 17:04:46.123,1.07015,1.0703,2.80,4.60
2010.03.24 17:04:46.576,1.07015,1.0703,5.20,4.60
2010.03.24 17:04:46.922,1.07015,1.0703,9.70,1.60
2010.03.24 17:04:47.263,1.07015,1.0703,8.90,1.60
2010.03.24 17:04:47.559,1.07015,1.0703,2.20,4.60
2010.03.24 17:04:48.238,1.07015,1.07025,1.00,1.40
2010.03.24 17:04:48.880,1.07025,1.0703,1.00,5.40
2010.03.24 17:04:49.199,1.07025,1.0703,1.00,5.40
2010.03.24 17:04:50.085,1.07025,1.0703,1.00,4.60
2010.03.24 17:04:50.759,1.07005,1.07025,4.20,3.00
2010.03.24 17:04:51.081,1.07005,1.07025,2.60,3.00
2010.03.24 17:04:51.873,1.07005,1.07015,1.00,1.40
2010.03.24 17:04:52.093,1.07,1.07015,4.20,1.40
2010.03.24 17:04:52.312,1.07,1.07015,2.60,3.00
2010.03.24 17:04:52.533,1.07,1.0702,5.00,6.30
2010.03.24 17:04:53.297,1.07005,1.0702,1.60,4.60
2010.03.24 17:04:55.308,1.07015,1.07025,1.00,5.40
2010.03.24 17:04:55.591,1.0701,1.07025,1.80,5.40
2010.03.24 17:04:55.871,1.0701,1.07025,1.60,5.50
2010.03.24 17:04:56.574,1.0701,1.07025,4.20,3.00
2010.03.24 17:04:57.601,1.0701,1.07025,1.60,3.00
2010.03.24 17:04:57.821,1.0701,1.07025,1.60,4.70
2010.03.24 17:04:58.522,1.07005,1.07025,9.00,4.70
2010.03.24 17:04:58.672,1.07005,1.07025,9.80,4.60
2010.03.24 17:04:58.818,1.07005,1.0702,5.80,1.60
2010.03.24 17:04:59.859,1.0701,1.0702,1.00,1.60
2010.03.24 17:05:00.595,1.0701,1.07025,4.20,4.60
2010.03.24 17:05:00.821,1.07005,1.07015,1.00,1.00
2010.03.24 17:05:01.051,1.0696,1.07,9.60,3.80
2010.03.24 17:05:01.579,1.06965,1.07,1.60,4.50
2010.03.24 17:05:01.920,1.06965,1.07005,2.00,7.00
2010.03.24 17:05:02.267,1.06975,1.06995,5.60,4.60
2010.03.24 17:05:02.679,1.06975,1.06995,7.20,4.60
2010.03.24 17:05:03.030,1.0698,1.06995,5.70,3.00
2010.03.24 17:05:03.367,1.06985,1.07005,5.60,3.10
2010.03.24 17:05:04.131,1.0699,1.07005,4.80,1.60
2010.03.24 17:05:04.476,1.0699,1.0701,10.40,4.60
2010.03.24 17:05:04.821,1.06995,1.0701,3.20,4.60
2010.03.24 17:05:05.531,1.06995,1.07,1.60,1.60
2010.03.24 17:05:05.839,1.06975,1.0699,1.60,1.00
2010.03.24 17:05:06.178,1.0697,1.0699,3.20,3.90
2010.03.24 17:05:06.943,1.06975,1.0699,1.60,3.90
2010.03.24 17:05:07.291,1.06975,1.0699,1.60,5.50
2010.03.24 17:05:07.639,1.06975,1.0699,1.60,7.90
2010.03.24 17:05:07.980,1.0697,1.06985,3.20,1.40
2010.03.24 17:05:08.665,1.0697,1.06985,4.80,1.40
2010.03.24 17:05:09.005,1.0696,1.0697,1.00,1.60
2010.03.24 17:05:09.262,1.0696,1.0697,1.00,3.80
2010.03.24 17:05:09.753,1.0696,1.0697,1.00,5.40
2010.03.24 17:05:10.017,1.06935,1.06955,4.80,1.40
2010.03.24 17:05:10.839,1.06935,1.06955,1.60,6.20
2010.03.24 17:05:11.191,1.06935,1.0695,6.80,1.40
2010.03.24 17:05:11.536,1.06935,1.0695,7.60,1.40
2010.03.24 17:05:12.337,1.0694,1.0696,3.20,6.30
2010.03.24 17:05:12.553,1.06945,1.0696,1.60,5.50
2010.03.24 17:05:12.769,1.06945,1.0696,1.80,3.10
2010.03.24 17:05:13.400,1.06945,1.0696,3.40,1.50
2010.03.24 17:05:13.721,1.06945,1.0696,8.20,1.40
2010.03.24 17:05:14.041,1.06945,1.0696,8.40,1.40
2010.03.24 17:05:14.358,1.06945,1.0696,4.00,1.40
2010.03.24 17:05:15.131,1.06945,1.0696,5.60,1.40
2010.03.24 17:05:15.482,1.0695,1.06965,1.60,8.60
2010.03.24 17:05:15.827,1.0695,1.06965,1.60,4.60
2010.03.24 17:05:17.214,1.0695,1.06965,1.60,8.60
2010.03.24 17:05:17.664,1.0695,1.06965,1.60,13.00
2010.03.24 17:05:18.209,1.06945,1.0696,4.00,2.20
2010.03.24 17:05:18.491,1.0694,1.0696,9.60,5.60
2010.03.24 17:05:18.744,1.06945,1.0696,1.60,5.60
2010.03.24 17:05:19.076,1.06945,1.0696,1.60,5.50
2010.03.24 17:05:20.758,1.0694,1.0696,9.60,5.50
2010.03.24 17:05:21.182,1.0694,1.0696,13.60,5.50
2010.03.24 17:05:21.743,1.06945,1.0696,1.60,5.50
2010.03.24 17:05:23.053,1.06945,1.0696,1.60,4.70
2010.03.24 17:05:23.323,1.06945,1.0696,1.60,4.60
2010.03.24 17:05:23.593,1.06945,1.0696,1.60,3.00
2010.03.24 17:05:23.682,1.06945,1.0696,1.60,1.40
2010.03.24 17:05:24.523,1.06955,1.0696,1.60,1.40
2010.03.24 17:05:24.861,1.06955,1.06965,1.60,3.00
2010.03.24 17:05:25.975,1.0696,1.0697,1.60,4.20
2010.03.24 17:05:26.318,1.0696,1.06975,1.60,11.10
2010.03.24 17:05:26.608,1.0696,1.0697,1.60,6.20
2010.03.24 17:05:27.319,1.0696,1.0697,1.60,2.30
2010.03.24 17:05:27.526,1.0696,1.0697,1.60,3.90
2010.03.24 17:05:28.542,1.0696,1.0697,1.60,3.80
2010.03.24 17:05:29.716,1.06955,1.06965,1.60,1.00
2010.03.24 17:05:29.956,1.06955,1.06965,1.60,1.50
2010.03.24 17:05:30.196,1.06955,1.06965,1.60,1.40
2010.03.24 17:05:30.760,1.06955,1.06965,1.60,1.50
2010.03.24 17:05:31.105,1.06955,1.06965,1.60,3.10
2010.03.24 17:05:32.559,1.06955,1.06965,1.60,1.40
2010.03.24 17:05:32.911,1.06965,1.0697,1.60,4.00
2010.03.24 17:05:33.128,1.06965,1.06975,1.60,3.10
2010.03.24 17:05:33.560,1.06965,1.06975,1.60,3.00
2010.03.24 17:05:35.404,1.06965,1.06975,1.60,3.10
2010.03.24 17:05:35.757,1.0696,1.06975,1.60,3.00
2010.03.24 17:05:36.103,1.06965,1.06975,1.60,3.00
2010.03.24 17:05:41.368,1.06965,1.06975,1.60,3.40
2010.03.24 17:05:41.710,1.06965,1.06975,1.60,3.00
2010.03.24 17:05:42.340,1.0697,1.06975,1.60,1.40
2010.03.24 17:05:42.974,1.0697,1.0698,1.60,3.80
2010.03.24 17:05:47.865,1.0697,1.0698,1.60,3.90
2010.03.24 17:05:48.946,1.0697,1.0698,1.60,4.00
2010.03.24 17:05:49.131,1.0697,1.0698,1.60,5.20
2010.03.24 17:05:49.971,1.0697,1.06975,1.60,1.40
2010.03.24 17:05:51.422,1.06965,1.06975,1.60,1.40
2010.03.24 17:05:52.008,1.0697,1.06975,1.60,1.40
2010.03.24 17:05:52.248,1.06965,1.06975,1.60,1.40
2010.03.24 17:05:53.657,1.0697,1.06975,1.60,1.40
2010.03.24 17:05:53.907,1.0697,1.0698,1.60,3.10
2010.03.24 17:05:54.663,1.0697,1.0698,1.60,1.50
2010.03.24 17:05:59.587,1.0697,1.0698,1.60,2.30
2010.03.24 17:05:59.939,1.0697,1.0698,1.60,1.50
2010.03.24 17:06:01.532,1.0697,1.0698,1.60,2.30
2010.03.24 17:06:01.818,1.0697,1.0698,1.60,1.40
2010.03.24 17:06:02.521,1.0697,1.06985,1.60,3.00
2010.03.24 17:06:02.813,1.06975,1.0699,1.60,3.80
2010.03.24 17:06:04.942,1.0698,1.0699,1.60,3.80
2010.03.24 17:06:06.662,1.0698,1.0699,1.60,3.90
2010.03.24 17:06:06.991,1.06975,1.0699,1.60,3.90
2010.03.24 17:06:07.252,1.06975,1.0699,1.60,5.10
2010.03.24 17:06:07.967,1.06975,1.0699,2.40,3.80
2010.03.24 17:06:08.154,1.06975,1.0699,1.80,3.80
2010.03.24 17:06:09.467,1.06975,1.0699,1.60,3.80
2010.03.24 17:06:10.124,1.06975,1.0699,3.20,2.20
2010.03.24 17:06:10.918,1.0697,1.06985,8.80,1.40
2010.03.24 17:06:11.267,1.0697,1.06975,1.60,1.00
2010.03.24 17:06:11.991,1.0695,1.06975,8.40,3.80
2010.03.24 17:06:12.306,1.0695,1.06965,2.40,1.40
2010.03.24 17:06:12.991,1.06955,1.06965,1.60,1.40
2010.03.24 17:06:14.180,1.06955,1.06965,1.60,3.00
2010.03.24 17:06:14.321,1.06955,1.06965,1.60,5.50
2010.03.24 17:06:15.157,1.0695,1.06965,7.20,3.00
2010.03.24 17:06:16.727,1.06955,1.06965,1.60,1.40
2010.03.24 17:06:17.978,1.0696,1.0697,1.60,3.80
2010.03.24 17:06:18.200,1.06955,1.0697,1.60,3.80
2010.03.24 17:06:19.173,1.0696,1.0697,1.60,2.20
2010.03.24 17:06:19.475,1.0697,1.0698,1.60,7.80
2010.03.24 17:06:19.783,1.0697,1.0698,1.60,3.80
2010.03.24 17:06:20.547,1.0696,1.0697,1.60,1.00
2010.03.24 17:06:20.893,1.0696,1.0697,1.60,3.80
2010.03.24 17:06:22.047,1.0696,1.0697,1.60,3.90
2010.03.24 17:06:23.132,1.06965,1.06975,1.60,11.10
2010.03.24 17:06:23.423,1.06965,1.06975,1.60,7.10
2010.03.24 17:06:23.643,1.06965,1.06975,1.60,3.10
2010.03.24 17:06:24.277,1.06965,1.06975,1.60,3.00
2010.03.24 17:06:24.838,1.0697,1.0698,1.60,3.80
2010.03.24 17:06:27.762,1.0697,1.0698,1.60,7.80
2010.03.24 17:06:30.196,1.06965,1.0698,3.20,7.80
2010.03.24 17:06:31.875,1.0697,1.0698,1.60,7.80
2010.03.24 17:06:32.474,1.0697,1.0698,1.60,2.20
2010.03.24 17:06:32.878,1.0697,1.0698,1.60,6.20
2010.03.24 17:06:33.079,1.0697,1.0698,1.60,7.80
2010.03.24 17:06:33.835,1.0697,1.0698,1.60,6.20
2010.03.24 17:06:34.177,1.0697,1.0698,1.60,2.20
2010.03.24 17:06:35.942,1.0697,1.0698,1.60,3.80
2010.03.24 17:06:36.525,1.0697,1.0698,1.60,7.80
2010.03.24 17:06:37.625,1.0697,1.0698,1.60,3.80
2010.03.24 17:06:37.782,1.0697,1.0698,1.60,6.20
2010.03.24 17:06:38.359,1.0697,1.0698,1.60,1.40
2010.03.24 17:06:38.527,1.06975,1.06985,1.60,9.40
2010.03.24 17:06:39.366,1.06975,1.06985,1.60,9.30
2010.03.24 17:06:40.262,1.0698,1.06995,3.20,12.70
2010.03.24 17:06:40.605,1.0698,1.06995,1.60,12.70
2010.03.24 17:06:40.942,1.0698,1.0699,1.60,1.40
2010.03.24 17:06:42.367,1.0698,1.06995,3.20,5.40
2010.03.24 17:06:42.528,1.06985,1.06995,1.60,1.40
2010.03.24 17:06:43.380,1.0699,1.07,1.60,8.70
2010.03.24 17:06:43.656,1.0699,1.07,1.60,4.70
2010.03.24 17:06:44.274,1.06985,1.07,3.20,4.70
2010.03.24 17:06:44.614,1.06985,1.07,3.20,9.50
2010.03.24 17:06:44.955,1.06985,1.07005,3.20,20.70
2010.03.24 17:06:46.724,1.06985,1.07,3.20,4.70
2010.03.24 17:06:47.271,1.06985,1.07,3.20,5.50
2010.03.24 17:06:47.865,1.0699,1.07,1.60,4.60
2010.03.24 17:06:48.177,1.0698,1.0699,1.60,3.00
2010.03.24 17:06:48.476,1.0698,1.0699,1.60,2.20
2010.03.24 17:06:50.577,1.0698,1.06985,1.60,1.00
2010.03.24 17:06:50.766,1.06975,1.06985,1.60,1.00
2010.03.24 17:06:50.951,1.06975,1.0699,1.60,4.60
2010.03.24 17:06:52.180,1.06975,1.0699,1.60,3.80
2010.03.24 17:06:52.849,1.06975,1.0699,3.20,3.80
2010.03.24 17:06:52.910,1.06975,1.0699,4.80,2.20
2010.03.24 17:06:53.498,1.0698,1.0699,1.60,2.20
2010.03.24 17:06:55.791,1.0698,1.0699,1.60,1.00
2010.03.24 17:06:55.970,1.0698,1.0699,1.60,3.80
2010.03.24 17:06:56.293,1.06975,1.0699,1.60,5.40
2010.03.24 17:06:56.929,1.06975,1.0699,1.60,4.60
2010.03.24 17:06:57.120,1.06975,1.0699,1.60,5.40
2010.03.24 17:06:57.308,1.06975,1.0699,1.60,4.60
2010.03.24 17:06:57.498,1.06975,1.0699,1.60,3.80
2010.03.24 17:06:58.069,1.06975,1.0699,1.60,4.60
2010.03.24 17:06:58.989,1.06975,1.06985,1.60,1.00
2010.03.24 17:06:59.233,1.06965,1.06985,8.80,9.90
2010.03.24 17:06:59.464,1.06965,1.0698,7.20,4.60
2010.03.24 17:07:00.139,1.06965,1.0698,3.20,3.80
2010.03.24 17:07:01.290,1.06965,1.0698,3.20,3.00
2010.03.24 17:07:01.607,1.0697,1.0698,1.60,1.40
2010.03.24 17:07:04.865,1.0697,1.06985,1.60,17.10
2010.03.24 17:07:05.547,1.06965,1.06985,4.80,17.10
2010.03.24 17:07:06.278,1.0697,1.06985,1.60,17.10
2010.03.24 17:07:06.620,1.0697,1.06985,1.60,13.10
2010.03.24 17:07:06.958,1.0697,1.0698,1.60,2.20
2010.03.24 17:07:08.125,1.0697,1.0698,1.60,1.40
2010.03.24 17:07:09.776,1.0697,1.06975,1.60,1.00
2010.03.24 17:07:10.119,1.06965,1.06975,1.60,3.20
2010.03.24 17:07:12.494,1.06955,1.06965,11.20,1.60
2010.03.24 17:07:12.957,1.0696,1.06965,1.60,3.90
2010.03.24 17:07:13.143,1.0695,1.0696,1.60,1.00
2010.03.24 17:07:13.322,1.06945,1.0696,3.20,2.20
2010.03.24 17:07:16.012,1.0695,1.0696,1.60,3.80
2010.03.24 17:07:16.230,1.06945,1.0696,1.60,2.20
2010.03.24 17:07:17.469,1.06945,1.06955,1.60,1.40
2010.03.24 17:07:17.817,1.06945,1.0696,1.60,3.00
2010.03.24 17:07:18.561,1.06945,1.0696,4.80,2.20
2010.03.24 17:07:19.522,1.06955,1.06965,1.60,7.00
2010.03.24 17:07:19.871,1.06965,1.06985,1.60,3.80
2010.03.24 17:07:20.541,1.06965,1.06985,1.60,7.80
2010.03.24 17:07:20.943,1.0697,1.0698,1.60,14.20
2010.03.24 17:07:21.248,1.0697,1.0698,1.60,3.80
2010.03.24 17:07:22.004,1.06965,1.0698,1.60,3.80
2010.03.24 17:07:22.352,1.06945,1.0697,7.20,4.60
2010.03.24 17:07:22.700,1.06945,1.06965,1.60,1.40
2010.03.24 17:07:23.805,1.0695,1.0696,1.60,2.20
2010.03.24 17:07:24.141,1.0695,1.0696,1.60,3.80
2010.03.24 17:07:24.925,1.0695,1.0696,1.60,3.00
2010.03.24 17:07:25.270,1.06955,1.0696,1.60,3.00
2010.03.24 17:07:27.708,1.06955,1.06965,1.60,3.10
2010.03.24 17:07:27.838,1.06955,1.0697,1.60,12.60
2010.03.24 17:07:28.579,1.06955,1.06965,1.60,1.40
2010.03.24 17:07:29.297,1.0696,1.06965,1.60,1.40
2010.03.24 17:07:29.913,1.0696,1.0697,1.60,3.00
2010.03.24 17:07:30.281,1.0696,1.0697,1.60,1.40
2010.03.24 17:07:30.980,1.06965,1.06975,1.60,1.40
2010.03.24 17:07:31.438,1.06965,1.0698,1.60,11.00
2010.03.24 17:07:31.672,1.0697,1.06985,1.60,19.10
2010.03.24 17:07:32.989,1.0697,1.06985,1.60,17.90
2010.03.24 17:07:33.260,1.06965,1.06975,1.60,1.40
2010.03.24 17:07:34.499,1.06965,1.06975,1.60,3.40
2010.03.24 17:07:34.848,1.06965,1.0697,1.60,1.40
2010.03.24 17:07:35.193,1.06955,1.0697,2.40,1.50
2010.03.24 17:07:35.953,1.0695,1.06965,8.00,3.00
2010.03.24 17:07:36.291,1.06955,1.06965,1.60,3.00
2010.03.24 17:07:36.641,1.06955,1.0697,1.60,3.80
2010.03.24 17:07:37.326,1.06955,1.0697,3.20,3.00
2010.03.24 17:07:38.290,1.06955,1.0697,1.60,3.00
2010.03.24 17:07:38.532,1.0695,1.0697,8.80,3.80
2010.03.24 17:07:38.955,1.0695,1.0697,8.80,7.80
2010.03.24 17:07:39.199,1.06955,1.0697,1.60,7.80
2010.03.24 17:07:41.680,1.06955,1.0697,1.60,3.80
2010.03.24 17:07:46.858,1.0695,1.0697,10.40,2.20
2010.03.24 17:07:47.032,1.06955,1.0697,3.20,1.40
2010.03.24 17:07:47.253,1.06955,1.0697,4.80,2.20
2010.03.24 17:07:47.902,1.06955,1.06975,9.60,14.10
2010.03.24 17:07:48.111,1.0696,1.06975,1.60,4.10
2010.03.24 17:07:48.435,1.0696,1.0697,1.60,1.00
2010.03.24 17:07:49.188,1.0696,1.06975,1.60,3.00
2010.03.24 17:07:49.439,1.0696,1.06975,1.60,5.40
2010.03.24 17:07:50.093,1.06955,1.0697,8.80,1.00
2010.03.24 17:07:50.341,1.06955,1.06975,4.80,13.70
2010.03.24 17:07:50.688,1.06955,1.0697,8.80,1.00
2010.03.24 17:07:51.027,1.06955,1.06975,8.80,10.20
2010.03.24 17:07:51.365,1.06955,1.06975,8.80,9.40
2010.03.24 17:07:52.595,1.06965,1.06975,1.60,7.00
2010.03.24 17:07:52.703,1.06965,1.0698,3.20,11.00
2010.03.24 17:07:52.809,1.06965,1.0698,3.20,3.80
2010.03.24 17:07:53.661,1.06965,1.06985,4.80,12.70
2010.03.24 17:07:53.958,1.06965,1.06985,4.80,11.80
2010.03.24 17:07:55.307,1.06975,1.06985,1.60,7.00
2010.03.24 17:07:55.659,1.06975,1.0699,1.60,6.20
2010.03.24 17:07:55.982,1.06975,1.0699,3.20,6.20
2010.03.24 17:08:00.678,1.06985,1.07,4.80,1.40
2010.03.24 17:08:02.278,1.06985,1.07,3.20,3.80
2010.03.24 17:08:03.441,1.06985,1.07005,3.20,19.40
2010.03.24 17:08:03.594,1.06985,1.07,3.20,3.80
2010.03.24 17:08:04.430,1.06985,1.06995,1.60,1.40
2010.03.24 17:08:05.051,1.0698,1.06995,15.20,1.40
2010.03.24 17:08:05.406,1.0698,1.06995,11.20,1.40
2010.03.24 17:08:06.423,1.0698,1.06995,7.20,1.40
2010.03.24 17:08:07.565,1.0698,1.06995,7.20,3.10
2010.03.24 17:08:07.668,1.0698,1.06995,7.20,5.50
2010.03.24 17:08:07.777,1.0698,1.06995,5.60,8.70
2010.03.24 17:08:08.510,1.06975,1.0699,3.20,1.40
2010.03.24 17:08:09.092,1.06975,1.0699,3.20,2.20
2010.03.24 17:08:14.571,1.06975,1.0698,1.60,1.40
2010.03.24 17:08:14.618,1.0697,1.0698,8.80,3.80
2010.03.24 17:08:14.645,1.0697,1.0698,4.00,3.80
2010.03.24 17:08:14.997,1.06965,1.06985,8.80,5.90
2010.03.24 17:08:15.349,1.0697,1.06985,13.60,1.40
2010.03.24 17:08:15.696,1.0697,1.06985,15.20,1.40
2010.03.24 17:08:16.338,1.0697,1.06985,8.80,1.40
2010.03.24 17:08:16.697,1.06965,1.0698,3.20,4.60
2010.03.24 17:08:16.893,1.06965,1.0698,1.60,5.40
2010.03.24 17:08:17.467,1.06965,1.0698,1.60,3.80
2010.03.24 17:08:17.665,1.06965,1.0698,1.60,3.00
2010.03.24 17:08:20.111,1.06965,1.0698,1.60,4.60
2010.03.24 17:08:20.732,1.06965,1.0698,1.60,3.00
2010.03.24 17:08:21.329,1.06965,1.0698,5.60,3.00
2010.03.24 17:08:22.353,1.06965,1.0698,5.60,3.80
2010.03.24 17:08:22.695,1.06965,1.0698,1.60,6.20
2010.03.24 17:08:23.035,1.0696,1.06975,5.60,5.60
2010.03.24 17:08:23.622,1.0696,1.0697,4.00,1.00
2010.03.24 17:08:23.777,1.0695,1.06965,9.60,3.00
2010.03.24 17:08:23.941,1.0695,1.06965,9.60,1.40
2010.03.24 17:08:24.409,1.0695,1.06965,7.20,1.40
2010.03.24 17:08:24.761,1.0695,1.06965,1.60,3.00
2010.03.24 17:08:26.497,1.0695,1.06965,1.60,5.40
2010.03.24 17:08:33.768,1.0695,1.06965,1.60,3.00
2010.03.24 17:08:35.322,1.0695,1.06965,5.60,3.00
2010.03.24 17:08:35.550,1.0695,1.06965,11.20,1.40
2010.03.24 17:08:35.777,1.0695,1.06965,12.00,1.40
2010.03.24 17:08:39.820,1.06955,1.0697,3.20,1.40
2010.03.24 17:08:39.948,1.06955,1.0697,7.20,1.40
2010.03.24 17:08:41.349,1.0695,1.0697,10.40,10.20
2010.03.24 17:08:41.701,1.06955,1.0697,1.60,3.00
2010.03.24 17:08:43.790,1.06955,1.0697,5.60,3.00
2010.03.24 17:08:43.866,1.06955,1.0697,7.20,1.40
2010.03.24 17:08:45.326,1.06955,1.0697,8.00,1.40
2010.03.24 17:08:45.616,1.0696,1.06975,2.40,7.00
2010.03.24 17:08:45.905,1.0696,1.06975,10.40,3.00
2010.03.24 17:08:46.968,1.06965,1.0698,10.40,1.40
2010.03.24 17:08:47.313,1.0697,1.06985,8.00,4.60
2010.03.24 17:08:47.646,1.0697,1.06985,8.00,3.00
2010.03.24 17:08:58.774,1.0697,1.06985,8.80,3.00
2010.03.24 17:08:58.979,1.0697,1.06985,9.60,3.00
2010.03.24 17:08:59.051,1.06975,1.06985,1.60,3.00
2010.03.24 17:08:59.125,1.06975,1.0699,5.60,3.00
2010.03.24 17:08:59.201,1.06975,1.0699,5.60,1.60
2010.03.24 17:08:59.657,1.06975,1.06995,7.60,13.50
2010.03.24 17:08:59.740,1.0698,1.06995,8.00,3.00
2010.03.24 17:09:00.422,1.0698,1.06995,8.00,4.60
2010.03.24 17:09:01.289,1.0698,1.0699,4.00,1.50
2010.03.24 17:09:01.634,1.06975,1.0699,7.20,1.50
2010.03.24 17:09:04.749,1.06975,1.0699,5.60,5.50
2010.03.24 17:09:04.893,1.06975,1.0699,1.60,5.50
2010.03.24 17:09:05.353,1.0697,1.06985,8.00,3.00
2010.03.24 17:09:05.500,1.0697,1.06985,4.00,3.00
2010.03.24 17:09:05.845,1.0697,1.06985,8.00,3.00
2010.03.24 17:09:06.190,1.0697,1.06985,8.80,3.00
2010.03.24 17:09:08.828,1.0697,1.06985,6.40,4.60
2010.03.24 17:09:09.329,1.0697,1.0698,4.80,1.40
2010.03.24 17:09:09.536,1.06965,1.06975,4.00,8.40
2010.03.24 17:09:10.288,1.06955,1.0697,7.60,1.40
2010.03.24 17:09:10.648,1.06955,1.0697,11.20,1.40
2010.03.24 17:09:10.981,1.06955,1.0697,7.20,1.40
2010.03.24 17:09:13.906,1.06955,1.0697,11.20,1.40
2010.03.24 17:09:14.172,1.06955,1.0697,9.60,1.40
2010.03.24 17:09:14.346,1.06955,1.0697,1.60,1.40
2010.03.24 17:09:14.519,1.06955,1.0697,1.60,5.40
2010.03.24 17:09:14.689,1.06955,1.0697,1.60,1.40
2010.03.24 17:09:17.231,1.06955,1.0697,7.30,1.40
2010.03.24 17:09:17.683,1.06955,1.06975,7.30,5.40
2010.03.24 17:09:17.893,1.06955,1.0697,3.20,1.60
2010.03.24 17:09:18.897,1.06955,1.06975,3.20,18.30
2010.03.24 17:09:19.210,1.06955,1.0697,3.20,1.60
2010.03.24 17:09:20.420,1.06955,1.06975,3.20,18.30
2010.03.24 17:09:20.769,1.06955,1.0697,1.60,1.40
2010.03.24 17:09:21.787,1.06955,1.0697,1.60,4.60
2010.03.24 17:09:22.680,1.06955,1.06965,1.60,1.60
2010.03.24 17:09:22.746,1.06955,1.06965,1.60,2.40
2010.03.24 17:09:22.819,1.0695,1.0696,7.20,1.00
2010.03.24 17:09:22.885,1.0695,1.0696,5.60,1.00
2010.03.24 17:09:22.955,1.0695,1.06965,4.00,7.90
2010.03.24 17:09:23.444,1.06945,1.0696,1.60,3.80
2010.03.24 17:09:23.787,1.06945,1.0696,1.60,5.40
2010.03.24 17:09:26.326,1.06945,1.0696,4.80,3.00
2010.03.24 17:09:26.516,1.06945,1.0696,10.40,3.00
2010.03.24 17:09:27.811,1.06945,1.0696,12.00,1.40
2010.03.24 17:09:28.313,1.06945,1.0696,12.00,1.40
2010.03.24 17:09:28.965,1.0695,1.06965,1.00,5.80
2010.03.24 17:09:29.307,1.0695,1.06965,6.40,1.40
2010.03.24 17:09:29.656,1.0695,1.06965,10.40,1.40
2010.03.24 17:09:30.000,1.06955,1.0697,1.60,7.00
2010.03.24 17:09:30.655,1.06955,1.06975,1.60,15.80
2010.03.24 17:09:30.999,1.0696,1.06975,8.00,1.40
2010.03.24 17:09:31.670,1.0696,1.06975,1.60,3.00
2010.03.24 17:09:32.404,1.0696,1.06975,1.60,4.60
2010.03.24 17:09:34.535,1.0696,1.0697,1.60,1.00
2010.03.24 17:09:35.181,1.06955,1.0697,3.20,1.00
2010.03.24 17:09:36.586,1.0695,1.0697,12.80,3.90
2010.03.24 17:09:36.930,1.06955,1.0697,1.60,5.50
2010.03.24 17:09:37.112,1.06955,1.0697,1.60,9.50
2010.03.24 17:09:37.756,1.0695,1.0697,9.60,10.20
2010.03.24 17:09:37.990,1.0695,1.06965,9.60,1.40
2010.03.24 17:09:38.102,1.0695,1.06965,5.60,3.00
2010.03.24 17:09:39.550,1.0695,1.06965,6.40,3.00
2010.03.24 17:09:39.991,1.0695,1.06965,12.00,3.00
2010.03.24 17:09:40.313,1.0695,1.06975,12.00,22.30
2010.03.24 17:09:41.095,1.06955,1.0697,1.60,5.50
2010.03.24 17:09:43.199,1.0695,1.0697,11.20,5.50
2010.03.24 17:09:43.269,1.0695,1.0697,11.20,5.40
2010.03.24 17:09:43.470,1.0695,1.0697,11.20,6.20
2010.03.24 17:09:44.049,1.06955,1.0697,1.60,4.60
2010.03.24 17:09:45.366,1.06955,1.0697,1.60,3.80
2010.03.24 17:09:45.732,1.0695,1.0697,16.80,3.10
2010.03.24 17:09:46.074,1.06955,1.0697,8.00,3.00
2010.03.24 17:09:46.843,1.0696,1.06975,1.60,11.90
2010.03.24 17:09:47.201,1.0696,1.06975,4.80,1.40
2010.03.24 17:09:47.540,1.0696,1.06975,14.40,1.40
2010.03.24 17:09:48.914,1.06965,1.0698,12.80,4.60
2010.03.24 17:09:49.020,1.06965,1.0698,8.80,4.60
2010.03.24 17:09:49.319,1.06965,1.0698,8.80,3.00
2010.03.24 17:09:53.017,1.06965,1.06985,12.00,13.00
2010.03.24 17:09:53.491,1.0697,1.06985,1.60,13.10
2010.03.24 17:09:53.796,1.0697,1.06985,1.60,7.90
2010.03.24 17:09:57.746,1.0697,1.06985,1.60,8.20
2010.03.24 17:09:59.948,1.06965,1.0698,13.60,1.40
2010.03.24 17:10:04.576,1.06965,1.0698,10.40,2.20
2010.03.24 17:10:04.682,1.06965,1.0698,7.20,3.80
2010.03.24 17:10:04.778,1.06965,1.0698,7.20,3.00
2010.03.24 17:10:04.876,1.06965,1.0698,5.60,3.00
2010.03.24 17:10:05.218,1.0696,1.06975,8.00,5.60
2010.03.24 17:10:05.568,1.0696,1.06975,3.20,11.10
2010.03.24 17:10:06.024,1.0696,1.0697,1.60,1.00
2010.03.24 17:10:06.281,1.0695,1.06965,4.00,3.00
2010.03.24 17:10:06.544,1.06945,1.06965,9.60,10.30
2010.03.24 17:10:06.796,1.06945,1.06965,8.80,15.10
2010.03.24 17:10:07.046,1.06945,1.06965,8.80,14.30
2010.03.24 17:10:07.386,1.06945,1.06965,9.60,14.30
2010.03.24 17:10:07.816,1.0695,1.06965,1.00,13.50
2010.03.24 17:10:08.163,1.0695,1.0697,14.40,6.20
2010.03.24 17:10:08.364,1.0695,1.0697,16.00,3.80
2010.03.24 17:10:08.461,1.06955,1.0697,1.00,2.20
2010.03.24 17:10:08.562,1.0696,1.0697,2.40,1.40
2010.03.24 17:10:09.110,1.0696,1.06975,9.60,1.40
2010.03.24 17:10:09.885,1.0696,1.06975,9.60,3.90
2010.03.24 17:10:10.241,1.06955,1.06965,1.60,1.60
2010.03.24 17:10:10.942,1.0695,1.06965,3.20,3.20
2010.03.24 17:10:11.848,1.0695,1.0696,1.60,1.00
2010.03.24 17:10:13.392,1.06945,1.0696,8.80,1.00
2010.03.24 17:10:13.602,1.06945,1.06965,8.80,14.30
2010.03.24 17:10:14.102,1.06945,1.06965,4.80,14.30
2010.03.24 17:10:15.730,1.06945,1.06965,9.60,11.90
2010.03.24 17:10:15.932,1.06945,1.06965,17.60,7.90
2010.03.24 17:10:17.651,1.06945,1.0696,15.20,2.40
2010.03.24 17:10:17.738,1.06945,1.0696,7.20,5.40
2010.03.24 17:10:17.825,1.06945,1.0696,8.00,6.20
2010.03.24 17:10:17.913,1.06945,1.0696,7.20,3.80
2010.03.24 17:10:18.393,1.06945,1.0696,7.20,3.00
2010.03.24 17:10:18.713,1.06945,1.0696,4.00,3.00
2010.03.24 17:10:20.303,1.06945,1.0696,8.00,3.00
2010.03.24 17:10:22.574,1.06945,1.0696,9.60,3.00
2010.03.24 17:10:23.677,1.06945,1.0696,8.10,1.40
2010.03.24 17:10:23.947,1.06945,1.0696,9.20,1.40
2010.03.24 17:10:24.982,1.0694,1.0695,10.40,1.00
2010.03.24 17:10:25.208,1.06935,1.0695,12.00,1.00
2010.03.24 17:10:25.437,1.0694,1.06955,4.80,1.40
2010.03.24 17:10:25.662,1.0694,1.06955,8.80,1.40
2010.03.24 17:10:26.475,1.06935,1.0695,8.10,2.40
2010.03.24 17:10:26.812,1.06935,1.0695,4.10,3.80
2010.03.24 17:10:27.149,1.06935,1.0695,4.10,4.60
2010.03.24 17:10:27.923,1.06935,1.0695,3.90,4.60
2010.03.24 17:10:28.515,1.06935,1.0695,3.70,4.60
2010.03.24 17:10:30.117,1.06935,1.0695,2.00,6.20
2010.03.24 17:10:30.465,1.06935,1.0695,2.20,6.20
2010.03.24 17:10:32.277,1.06935,1.0695,2.20,7.80
2010.03.24 17:10:32.626,1.06935,1.0695,13.30,4.60
2010.03.24 17:10:33.451,1.06935,1.0695,14.90,3.00
2010.03.24 17:10:33.660,1.06935,1.0695,10.90,3.00
2010.03.24 17:10:33.949,1.06935,1.0695,10.90,1.40
2010.03.24 17:10:34.236,1.06935,1.0695,12.50,1.40
2010.03.24 17:10:36.343,1.06935,1.06945,4.80,5.60
2010.03.24 17:10:36.690,1.0693,1.0695,8.80,9.40
2010.03.24 17:10:37.240,1.0693,1.0695,11.20,9.40
2010.03.24 17:10:37.580,1.0693,1.0695,11.20,7.80
2010.03.24 17:10:41.464,1.0693,1.06945,11.20,4.00
2010.03.24 17:10:41.745,1.0693,1.06945,1.60,11.10
2010.03.24 17:10:42.030,1.06925,1.06945,17.40,11.10
2010.03.24 17:10:42.726,1.06925,1.06945,13.60,11.10
2010.03.24 17:10:43.445,1.06925,1.06945,13.60,9.50
2010.03.24 17:10:43.686,1.06925,1.06945,17.90,9.50
2010.03.24 17:10:43.926,1.0693,1.06945,1.60,9.50
2010.03.24 17:10:46.540,1.0693,1.06945,1.60,11.10
2010.03.24 17:10:51.371,1.0693,1.06945,1.60,10.30
2010.03.24 17:10:52.766,1.0693,1.06945,3.20,9.50
2010.03.24 17:10:52.891,1.0693,1.06945,3.20,9.40
2010.03.24 17:10:53.875,1.0693,1.06945,1.60,9.40
2010.03.24 17:10:55.005,1.0693,1.06945,3.20,9.40
2010.03.24 17:10:55.233,1.0693,1.06945,1.60,10.20
2010.03.24 17:10:57.726,1.0693,1.06945,3.20,10.20
2010.03.24 17:10:58.128,1.0693,1.06945,3.20,11.00
2010.03.24 17:10:58.274,1.0693,1.06945,3.20,11.10
2010.03.24 17:10:59.493,1.0693,1.06945,3.20,10.30
2010.03.24 17:10:59.973,1.0693,1.06945,3.20,10.20
2010.03.24 17:11:00.205,1.0693,1.06945,3.20,9.40
2010.03.24 17:11:00.860,1.06935,1.0695,1.00,11.40
2010.03.24 17:11:01.127,1.06935,1.0695,3.30,4.00
2010.03.24 17:11:01.398,1.06935,1.06945,4.30,1.00
2010.03.24 17:11:02.069,1.0693,1.0695,8.80,6.20
2010.03.24 17:11:02.404,1.0693,1.0695,13.60,7.00
2010.03.24 17:11:06.053,1.0693,1.0695,16.00,3.00
2010.03.24 17:11:06.374,1.06935,1.0695,5.60,1.40
2010.03.24 17:11:07.102,1.0694,1.06955,3.20,4.60
2010.03.24 17:11:07.334,1.0694,1.06955,8.00,1.40
2010.03.24 17:11:07.570,1.0694,1.0696,8.00,7.00
2010.03.24 17:11:07.800,1.0694,1.0696,12.00,7.00
2010.03.24 17:11:08.440,1.0694,1.0696,14.40,4.60
2010.03.24 17:11:08.723,1.06945,1.0696,2.40,4.00
2010.03.24 17:11:09.008,1.06945,1.0696,1.60,3.00
2010.03.24 17:11:09.292,1.06945,1.0696,5.60,3.00
2010.03.24 17:11:10.062,1.06945,1.0696,1.60,1.40
2010.03.24 17:11:11.044,1.06945,1.0696,3.20,3.80
2010.03.24 17:11:11.649,1.0694,1.0696,14.40,5.60
2010.03.24 17:11:11.969,1.0694,1.0696,8.80,12.60
2010.03.24 17:11:12.316,1.0694,1.06955,12.00,1.40
2010.03.24 17:11:12.875,1.06945,1.0696,4.00,5.50
2010.03.24 17:11:13.225,1.0694,1.0696,9.60,5.40
2010.03.24 17:11:13.511,1.0694,1.0696,13.60,5.40
2010.03.24 17:11:14.434,1.0694,1.0696,16.00,3.00
2010.03.24 17:11:16.027,1.06945,1.0696,4.00,3.00
2010.03.24 17:11:16.370,1.06945,1.06965,14.60,3.80
2010.03.24 17:11:16.892,1.06945,1.06965,17.80,3.00
2010.03.24 17:11:17.135,1.0695,1.06965,8.00,1.40
2010.03.24 17:11:17.375,1.0695,1.0697,9.60,11.00
2010.03.24 17:11:17.613,1.0695,1.0697,13.60,7.00
2010.03.24 17:11:19.427,1.0695,1.0697,13.60,7.10
2010.03.24 17:11:19.846,1.0695,1.0697,12.00,7.10
2010.03.24 17:11:21.134,1.0695,1.0697,13.60,7.10
2010.03.24 17:11:21.304,1.0695,1.0697,12.00,7.10
2010.03.24 17:11:21.477,1.0695,1.0697,13.60,7.00
2010.03.24 17:11:25.669,1.0695,1.0697,13.60,5.40
2010.03.24 17:11:28.429,1.0696,1.06975,6.40,1.40
2010.03.24 17:11:28.731,1.0696,1.06975,12.00,1.40
2010.03.24 17:11:31.403,1.0696,1.06975,13.60,1.40
2010.03.24 17:11:33.413,1.0696,1.06975,12.00,1.40
2010.03.24 17:11:33.896,1.0696,1.06975,13.60,1.40
2010.03.24 17:11:34.881,1.0696,1.06975,12.00,5.50
2010.03.24 17:11:35.392,1.0696,1.06975,9.60,8.60
2010.03.24 17:11:35.739,1.06955,1.0697,15.20,1.40
2010.03.24 17:11:36.383,1.0696,1.0697,1.00,1.40
2010.03.24 17:11:37.093,1.0696,1.0697,4.80,1.40
2010.03.24 17:11:38.562,1.0696,1.0697,4.00,1.40
2010.03.24 17:11:39.242,1.06965,1.0697,1.00,1.40
2010.03.24 17:11:39.324,1.06965,1.0697,2.40,1.40
2010.03.24 17:11:39.403,1.0697,1.0698,1.00,7.00
2010.03.24 17:11:39.866,1.0697,1.0698,1.00,5.40
2010.03.24 17:11:40.089,1.06965,1.06985,13.60,7.90
2010.03.24 17:11:41.978,1.06965,1.06985,14.40,7.90
2010.03.24 17:11:42.310,1.0697,1.06985,1.00,7.90
2010.03.24 17:11:46.090,1.0697,1.06985,1.00,8.00
2010.03.24 17:11:46.329,1.0697,1.06985,1.00,8.40
2010.03.24 17:11:48.211,1.0697,1.06985,1.00,7.90
2010.03.24 17:11:48.468,1.06965,1.06985,14.80,7.90
2010.03.24 17:11:48.520,1.06965,1.0698,11.60,1.60
2010.03.24 17:11:48.580,1.06965,1.0698,13.20,3.00
2010.03.24 17:11:48.647,1.06965,1.0698,13.20,3.00
2010.03.24 17:11:49.113,1.06965,1.0698,12.80,3.00
2010.03.24 17:11:49.463,1.06975,1.0698,1.60,3.00
2010.03.24 17:11:50.145,1.06975,1.06985,1.60,1.90
2010.03.24 17:11:50.495,1.06975,1.0699,1.60,11.90
2010.03.24 17:11:51.236,1.06975,1.0699,1.60,7.90
2010.03.24 17:11:52.439,1.06975,1.06985,1.60,1.00
2010.03.24 17:11:52.739,1.06975,1.06985,1.60,1.00
2010.03.24 17:11:53.328,1.06975,1.0699,1.60,7.90
2010.03.24 17:11:54.187,1.06975,1.0699,3.20,7.90
2010.03.24 17:11:54.233,1.06975,1.0699,4.80,6.20
2010.03.24 17:11:54.280,1.06975,1.0699,5.60,3.00
2010.03.24 17:11:54.328,1.06975,1.0699,5.60,1.40
2010.03.24 17:11:54.382,1.0698,1.0699,1.60,1.40
2010.03.24 17:11:54.842,1.0698,1.06995,1.60,14.20
2010.03.24 17:11:55.179,1.0698,1.06995,1.60,9.40
2010.03.24 17:11:55.861,1.06975,1.0699,13.60,6.30
2010.03.24 17:11:56.331,1.06975,1.0699,12.00,6.30
2010.03.24 17:11:56.679,1.06975,1.0699,4.00,7.90
2010.03.24 17:11:57.017,1.06975,1.0699,4.00,5.50
2010.03.24 17:11:57.278,1.0698,1.0699,1.60,4.60
2010.03.24 17:11:57.542,1.0698,1.0699,1.60,3.00
2010.03.24 17:11:57.809,1.0698,1.0699,1.60,1.40
2010.03.24 17:11:58.430,1.0698,1.0699,1.60,3.00
2010.03.24 17:11:58.598,1.0698,1.0699,1.60,1.60
2010.03.24 17:11:58.770,1.0698,1.06995,1.60,9.40
2010.03.24 17:12:03.427,1.0698,1.06995,1.60,9.50
2010.03.24 17:12:03.506,1.0698,1.0699,1.60,1.60
2010.03.24 17:12:03.586,1.0698,1.06995,1.60,9.50
2010.03.24 17:12:04.426,1.0698,1.0699,1.60,1.60
2010.03.24 17:12:08.617,1.0698,1.06995,1.60,9.50
2010.03.24 17:12:09.124,1.0698,1.0699,1.60,1.60
2010.03.24 17:12:10.029,1.06975,1.06995,17.20,9.40
2010.03.24 17:12:10.291,1.0698,1.0699,1.60,1.60
2010.03.24 17:12:11.587,1.06985,1.06995,1.60,1.60
2010.03.24 17:12:12.051,1.06985,1.06995,3.20,1.60
2010.03.24 17:12:12.334,1.06995,1.07005,1.00,8.80
2010.03.24 17:12:12.614,1.07,1.07005,1.60,8.00
2010.03.24 17:12:13.292,1.07,1.0701,4.00,11.00
2010.03.24 17:12:13.606,1.06995,1.0701,5.50,13.50
2010.03.24 17:12:13.917,1.06995,1.07005,13.50,1.60
2010.03.24 17:12:14.664,1.07005,1.07015,1.60,7.80
2010.03.24 17:12:14.997,1.0701,1.0702,1.60,1.00
2010.03.24 17:12:15.719,1.0701,1.0702,1.60,6.20
2010.03.24 17:12:16.077,1.07005,1.0702,3.90,6.20
2010.03.24 17:12:16.755,1.07005,1.0702,3.90,7.80
2010.03.24 17:12:17.178,1.07005,1.0702,3.90,8.00
2010.03.24 17:12:17.518,1.07005,1.0702,3.90,8.60
2010.03.24 17:12:17.862,1.07005,1.0702,3.90,7.80
2010.03.24 17:12:18.444,1.07005,1.0702,3.90,7.00
2010.03.24 17:12:18.683,1.07005,1.0702,3.90,7.80
2010.03.24 17:12:18.924,1.07005,1.0702,3.90,8.70
2010.03.24 17:12:19.597,1.07005,1.0702,3.90,4.70
2010.03.24 17:12:19.722,1.07005,1.0702,3.90,4.60
2010.03.24 17:12:19.843,1.07005,1.0702,3.90,7.90
2010.03.24 17:12:21.763,1.07005,1.0702,3.90,8.00
2010.03.24 17:12:22.320,1.07005,1.0702,3.90,7.90
2010.03.24 17:12:23.961,1.07005,1.0702,3.90,7.80
2010.03.24 17:12:24.193,1.0701,1.0702,1.60,3.80
2010.03.24 17:12:25.094,1.07015,1.0702,1.60,1.60
2010.03.24 17:12:25.362,1.07015,1.07025,1.70,4.00
2010.03.24 17:12:25.631,1.07015,1.0703,1.70,7.80
2010.03.24 17:12:26.335,1.07015,1.0703,1.60,7.80
2010.03.24 17:12:26.684,1.07015,1.07025,1.60,1.60
2010.03.24 17:12:28.411,1.0702,1.0703,1.60,4.60
2010.03.24 17:12:28.930,1.0702,1.07025,1.60,1.60
2010.03.24 17:12:29.387,1.0702,1.0703,1.60,4.60
2010.03.24 17:12:32.910,1.0702,1.07025,1.60,1.60
2010.03.24 17:12:33.082,1.0702,1.0703,1.60,4.60
2010.03.24 17:12:43.819,1.07015,1.0703,1.00,5.50
2010.03.24 17:12:44.166,1.0701,1.07025,4.00,5.40
2010.03.24 17:12:44.509,1.0701,1.07025,3.20,5.40
2010.03.24 17:12:44.767,1.0701,1.0702,1.60,1.60
2010.03.24 17:12:45.029,1.07005,1.0702,3.20,4.00
2010.03.24 17:12:46.990,1.0701,1.07025,1.60,7.00
2010.03.24 17:12:49.512,1.0701,1.0702,1.60,2.40
2010.03.24 17:12:51.557,1.07005,1.0702,1.60,6.30
2010.03.24 17:12:51.847,1.07005,1.0702,1.60,7.90
2010.03.24 17:12:53.844,1.07005,1.0702,4.00,5.50
2010.03.24 17:12:53.985,1.07005,1.0702,7.20,3.90
2010.03.24 17:12:54.135,1.07005,1.07025,9.60,11.00
2010.03.24 17:12:54.601,1.07005,1.0702,7.20,2.40
2010.03.24 17:12:54.894,1.07005,1.0702,3.20,3.80
2010.03.24 17:12:57.953,1.07005,1.0702,4.80,3.80
2010.03.24 17:12:58.412,1.07005,1.0702,3.20,3.80
2010.03.24 17:13:03.691,1.07005,1.0702,3.20,4.60
2010.03.24 17:13:03.750,1.07005,1.0702,3.20,5.40
2010.03.24 17:13:04.090,1.07005,1.0702,3.20,4.60
2010.03.24 17:13:04.873,1.07005,1.0702,3.20,2.20
2010.03.24 17:13:05.498,1.07005,1.07025,4.80,10.40
2010.03.24 17:13:05.691,1.07005,1.0702,4.80,2.40
2010.03.24 17:13:06.035,1.07005,1.0702,4.80,3.80
2010.03.24 17:13:08.210,1.07005,1.0702,4.80,4.60
2010.03.24 17:13:16.088,1.07005,1.0702,4.80,3.80
2010.03.24 17:13:26.809,1.07005,1.0702,4.80,4.60
2010.03.24 17:13:26.925,1.07005,1.0702,4.80,5.40
2010.03.24 17:13:27.046,1.07005,1.0702,4.80,4.60
2010.03.24 17:13:27.923,1.07005,1.07025,8.80,3.00
2010.03.24 17:13:28.008,1.0701,1.07025,4.00,3.00
2010.03.24 17:13:28.086,1.07005,1.07025,13.60,3.00
2010.03.24 17:13:28.326,1.07005,1.07025,12.80,3.00
2010.03.24 17:13:28.406,1.0701,1.07025,1.60,3.00
2010.03.24 17:13:28.907,1.0701,1.0702,1.60,2.40
2010.03.24 17:13:30.600,1.0701,1.07025,3.20,3.00
2010.03.24 17:13:30.927,1.0701,1.07025,7.20,3.00
2010.03.24 17:13:32.798,1.07015,1.0703,1.00,7.80
2010.03.24 17:13:33.486,1.07015,1.0703,1.00,6.20
2010.03.24 17:13:36.374,1.07015,1.0703,1.70,6.20
2010.03.24 17:13:37.035,1.07015,1.0703,3.30,4.60
2010.03.24 17:13:37.385,1.07015,1.0703,4.00,4.60
2010.03.24 17:13:37.884,1.07015,1.0703,3.90,4.60
2010.03.24 17:13:38.718,1.07015,1.0703,3.80,4.60
2010.03.24 17:13:39.297,1.07015,1.0703,3.70,4.60
2010.03.24 17:13:40.284,1.07025,1.07035,4.90,1.20
2010.03.24 17:13:40.579,1.07025,1.07035,4.90,1.00
2010.03.24 17:13:41.296,1.07025,1.0704,4.90,6.20
2010.03.24 17:13:44.658,1.07025,1.0704,8.90,6.20
2010.03.24 17:13:45.013,1.07025,1.0704,8.90,3.80
2010.03.24 17:13:45.898,1.07025,1.0704,8.90,4.60
2010.03.24 17:13:48.890,1.07025,1.0704,8.80,4.60
2010.03.24 17:13:49.329,1.07025,1.0704,4.80,4.60
2010.03.24 17:13:52.455,1.0702,1.07035,3.20,5.60
2010.03.24 17:13:52.616,1.0702,1.0703,3.20,2.40
2010.03.24 17:13:52.776,1.0702,1.0703,1.60,2.40
2010.03.24 17:13:53.370,1.07015,1.0703,7.20,4.60
2010.03.24 17:13:53.873,1.07015,1.0703,3.20,4.60
2010.03.24 17:13:54.566,1.07015,1.0703,4.90,3.80
2010.03.24 17:13:54.990,1.07015,1.0703,4.90,2.40
2010.03.24 17:13:55.227,1.07015,1.07035,13.70,14.20
2010.03.24 17:13:55.453,1.07015,1.0703,3.30,4.60
2010.03.24 17:13:55.683,1.07015,1.0703,1.70,4.60
2010.03.24 17:13:56.417,1.07015,1.0703,3.30,4.60
2010.03.24 17:13:56.765,1.07015,1.0703,7.30,3.80
2010.03.24 17:13:58.779,1.07015,1.07035,7.20,14.40
2010.03.24 17:13:58.845,1.07015,1.0703,1.60,6.20
2010.03.24 17:14:01.257,1.0701,1.0703,16.00,6.20
2010.03.24 17:14:05.131,1.0701,1.0703,16.80,7.00
2010.03.24 17:14:06.410,1.0701,1.07025,16.80,1.40
2010.03.24 17:14:06.755,1.07005,1.0702,1.60,7.20
2010.03.24 17:14:07.098,1.07005,1.0702,1.60,7.00
2010.03.24 17:14:08.370,1.07,1.07015,13.60,1.40
2010.03.24 17:14:08.719,1.07,1.0702,16.00,7.00
2010.03.24 17:14:08.905,1.07005,1.0702,1.60,7.00
2010.03.24 17:14:10.403,1.0701,1.0702,4.00,1.00
2010.03.24 17:14:10.729,1.0701,1.07025,11.20,1.40
2010.03.24 17:14:11.511,1.0701,1.07025,12.80,1.40
2010.03.24 17:14:11.858,1.0701,1.0703,12.80,5.60
2010.03.24 17:14:12.128,1.0701,1.0703,16.80,5.40
2010.03.24 17:14:13.315,1.07015,1.0703,1.60,6.20
2010.03.24 17:14:13.534,1.07015,1.0703,1.60,5.40
2010.03.24 17:14:14.194,1.07015,1.0703,1.60,6.20
2010.03.24 17:14:14.848,1.07015,1.0703,4.00,3.80
2010.03.24 17:14:15.089,1.07015,1.0703,12.00,3.00
2010.03.24 17:14:15.265,1.0702,1.0703,1.60,1.40
2010.03.24 17:14:15.806,1.07015,1.0703,12.00,1.40
2010.03.24 17:14:16.817,1.0702,1.07035,2.40,3.80
2010.03.24 17:14:18.414,1.0702,1.07035,3.20,3.80
2010.03.24 17:14:19.894,1.0702,1.07035,4.80,3.80
2010.03.24 17:14:19.994,1.0702,1.07035,6.40,3.80
2010.03.24 17:14:20.506,1.0702,1.07035,6.40,3.00
2010.03.24 17:14:20.849,1.0702,1.07035,16.00,1.40
2010.03.24 17:14:23.631,1.0702,1.07035,12.00,1.40
2010.03.24 17:14:32.671,1.07025,1.07035,1.60,1.40
2010.03.24 17:14:35.756,1.07035,1.07045,1.60,1.20
2010.03.24 17:14:35.962,1.07035,1.07045,3.20,1.20
2010.03.24 17:14:36.929,1.0703,1.0704,1.60,6.20
2010.03.24 17:14:37.272,1.07025,1.0704,2.40,6.40
2010.03.24 17:14:38.112,1.0703,1.0704,1.60,3.80
2010.03.24 17:14:38.455,1.0703,1.0704,1.60,3.00
2010.03.24 17:14:40.857,1.0703,1.0704,1.60,5.40
2010.03.24 17:14:41.205,1.0703,1.0704,1.60,3.00
2010.03.24 17:14:41.962,1.07025,1.0704,1.60,7.00
2010.03.24 17:14:42.299,1.07025,1.0704,1.60,3.80
2010.03.24 17:14:42.642,1.07025,1.0704,1.60,4.60
2010.03.24 17:14:43.382,1.0703,1.0704,4.00,1.40
2010.03.24 17:14:43.699,1.07025,1.07045,22.80,1.40
2010.03.24 17:14:44.011,1.07035,1.07045,1.60,1.40
2010.03.24 17:14:50.526,1.07035,1.0705,1.70,8.80
2010.03.24 17:14:51.158,1.0704,1.0705,1.60,4.00
2010.03.24 17:14:51.469,1.07045,1.07055,1.60,8.80
2010.03.24 17:14:53.023,1.0705,1.0706,1.60,5.40
2010.03.24 17:14:53.381,1.0705,1.07065,4.00,3.40
2010.03.24 17:14:53.830,1.0705,1.07065,5.60,3.00
2010.03.24 17:14:54.021,1.0705,1.07065,5.60,1.40
2010.03.24 17:14:54.210,1.07055,1.0707,1.60,15.00
2010.03.24 17:14:54.870,1.07055,1.07065,1.60,1.40
2010.03.24 17:14:55.215,1.0705,1.07065,8.00,1.40
2010.03.24 17:14:55.559,1.0705,1.07065,3.20,1.60
2010.03.24 17:14:56.320,1.07045,1.0706,1.60,6.20
2010.03.24 17:14:56.667,1.07045,1.07055,1.60,1.40
2010.03.24 17:15:01.919,1.07045,1.07055,4.00,1.40
2010.03.24 17:15:02.270,1.07045,1.07055,1.60,1.40
2010.03.24 17:15:07.345,1.0704,1.0705,5.60,5.40
2010.03.24 17:15:08.181,1.0704,1.0705,1.60,5.40
2010.03.24 17:15:09.393,1.0704,1.0705,1.60,6.20
2010.03.24 17:15:09.956,1.0704,1.0705,1.60,5.40
2010.03.24 17:15:10.246,1.0704,1.07055,4.00,4.60
2010.03.24 17:15:10.725,1.0704,1.07055,8.80,4.60
2010.03.24 17:15:11.935,1.0704,1.07055,4.80,5.00
2010.03.24 17:15:12.268,1.0704,1.07055,1.60,11.40
2010.03.24 17:15:15.475,1.0704,1.07055,6.40,3.40
2010.03.24 17:15:15.768,1.07045,1.0706,13.60,1.40
2010.03.24 17:15:16.057,1.07045,1.0706,9.60,4.00
2010.03.24 17:15:16.343,1.07045,1.0706,14.40,3.20
2010.03.24 17:15:16.685,1.07045,1.0706,13.60,3.00
2010.03.24 17:15:17.123,1.07045,1.0706,9.60,3.00
2010.03.24 17:15:17.463,1.07045,1.0706,6.40,3.00
2010.03.24 17:15:17.689,1.07045,1.0706,5.60,3.00
2010.03.24 17:15:18.352,1.07045,1.0706,1.60,7.00
2010.03.24 17:15:18.572,1.07045,1.0706,1.60,6.40
2010.03.24 17:15:21.551,1.0705,1.07065,4.00,8.20
2010.03.24 17:15:21.911,1.0705,1.07065,4.80,3.90
2010.03.24 17:15:22.056,1.07045,1.0706,9.60,2.40
2010.03.24 17:15:22.194,1.07045,1.0706,8.80,2.40
2010.03.24 17:15:22.709,1.07045,1.0706,4.80,2.40
2010.03.24 17:15:22.862,1.07045,1.0706,4.80,4.60
2010.03.24 17:15:24.389,1.07045,1.07065,4.80,18.70
2010.03.24 17:15:24.488,1.0705,1.07065,1.60,15.50
2010.03.24 17:15:24.957,1.0705,1.07065,1.60,9.10
2010.03.24 17:15:25.206,1.0705,1.07065,2.40,1.40
2010.03.24 17:15:25.689,1.0705,1.07065,5.60,1.40
2010.03.24 17:15:27.590,1.0705,1.0707,12.80,10.20
2010.03.24 17:15:27.888,1.0705,1.0707,16.80,6.20
2010.03.24 17:15:36.480,1.0705,1.0707,16.80,6.50
2010.03.24 17:15:38.345,1.0705,1.0707,16.80,6.20
2010.03.24 17:15:38.682,1.07075,1.0708,2.40,4.00
2010.03.24 17:15:38.780,1.07085,1.07095,1.00,8.00
2010.03.24 17:15:39.319,1.0709,1.07125,1.60,16.40
2010.03.24 17:15:39.424,1.0711,1.07125,1.60,2.40
2010.03.24 17:15:39.774,1.07125,1.0714,1.00,2.40
2010.03.24 17:15:40.217,1.0712,1.0714,6.40,2.40
2010.03.24 17:15:40.575,1.0712,1.0713,3.20,2.80
2010.03.24 17:15:40.899,1.07125,1.0713,4.00,1.60
2010.03.24 17:15:41.665,1.0712,1.0713,4.00,5.40
2010.03.24 17:15:42.350,1.07115,1.0713,4.00,5.40
2010.03.24 17:15:42.907,1.07115,1.07125,2.40,1.60
2010.03.24 17:15:43.745,1.07115,1.07125,2.30,1.60
2010.03.24 17:15:44.174,1.07115,1.07125,2.10,1.60
2010.03.24 17:15:44.633,1.07115,1.07125,2.00,1.60
2010.03.24 17:15:46.293,1.07115,1.07125,1.70,1.60
2010.03.24 17:15:47.922,1.07115,1.07125,1.60,1.60
2010.03.24 17:15:48.587,1.07115,1.07125,4.00,1.60
2010.03.24 17:15:48.749,1.0712,1.0713,1.60,3.00
2010.03.24 17:15:49.244,1.0712,1.0713,1.20,1.60
2010.03.24 17:15:49.410,1.0712,1.0713,2.80,1.60
2010.03.24 17:15:50.452,1.07115,1.0713,13.00,1.60
2010.03.24 17:15:50.795,1.07115,1.07135,9.00,19.80
2010.03.24 17:15:51.561,1.0712,1.07135,1.60,17.10
2010.03.24 17:15:51.764,1.0712,1.07135,1.60,9.80
2010.03.24 17:15:52.101,1.0712,1.07135,3.20,8.20
2010.03.24 17:15:52.925,1.07115,1.07135,13.80,16.70
2010.03.24 17:15:53.151,1.07115,1.07135,13.80,12.90
2010.03.24 17:15:53.371,1.0712,1.07135,1.60,14.30
2010.03.24 17:15:53.897,1.0712,1.07135,1.60,10.30
2010.03.24 17:15:54.716,1.07115,1.07135,12.00,12.60
2010.03.24 17:15:55.025,1.07115,1.07135,9.00,19.50
2010.03.24 17:15:55.263,1.07115,1.07135,7.40,20.30
2010.03.24 17:15:55.917,1.07115,1.0713,7.40,1.60
2010.03.24 17:15:56.153,1.07115,1.07135,7.40,18.80
2010.03.24 17:15:56.721,1.07115,1.07135,8.20,18.80
2010.03.24 17:15:57.689,1.07115,1.07135,8.20,21.10
2010.03.24 17:15:58.034,1.07115,1.07135,8.20,18.80
2010.03.24 17:15:58.381,1.07115,1.07135,8.20,20.40
2010.03.24 17:15:58.689,1.07115,1.07135,9.80,20.40
2010.03.24 17:16:01.011,1.07115,1.07135,11.40,20.40
2010.03.24 17:16:01.168,1.07115,1.07135,11.40,19.60
2010.03.24 17:16:01.679,1.0712,1.07135,1.60,19.60
2010.03.24 17:16:02.020,1.0712,1.07135,3.20,10.10
2010.03.24 17:16:02.360,1.0712,1.07135,1.60,13.70
2010.03.24 17:16:02.698,1.0712,1.07135,1.60,17.70
2010.03.24 17:16:03.825,1.0712,1.07135,3.20,13.60
2010.03.24 17:16:03.967,1.0712,1.07135,3.20,14.80
2010.03.24 17:16:04.532,1.0712,1.07135,4.80,13.60
2010.03.24 17:16:05.041,1.0712,1.07135,4.80,11.40
2010.03.24 17:16:05.361,1.0712,1.07135,6.40,5.00
2010.03.24 17:16:05.693,1.0712,1.07135,16.80,1.00
2010.03.24 17:16:06.018,1.0712,1.0714,16.80,7.80
2010.03.24 17:16:06.519,1.07125,1.0714,1.60,6.20
2010.03.24 17:16:06.860,1.0712,1.0714,16.00,6.30
2010.03.24 17:16:07.961,1.07125,1.0714,3.20,3.90
2010.03.24 17:16:08.725,1.07125,1.07135,1.60,1.00
2010.03.24 17:16:08.898,1.07125,1.0714,1.60,6.30
2010.03.24 17:16:10.147,1.07125,1.0714,1.60,6.40
2010.03.24 17:16:10.400,1.07125,1.07135,1.60,1.00
2010.03.24 17:16:10.949,1.0712,1.07135,6.40,3.10
2010.03.24 17:16:11.303,1.0712,1.07135,1.60,14.80
2010.03.24 17:16:11.651,1.0712,1.07135,1.60,15.40
2010.03.24 17:16:12.006,1.07115,1.0713,4.00,4.70
2010.03.24 17:16:12.843,1.07115,1.0713,2.40,4.70
2010.03.24 17:16:14.545,1.07115,1.0713,4.00,4.70
2010.03.24 17:16:16.617,1.07115,1.07125,3.20,1.00
2010.03.24 17:16:16.960,1.07115,1.07125,3.20,1.00
2010.03.24 17:16:17.209,1.0711,1.0713,15.60,6.30
2010.03.24 17:16:17.796,1.0711,1.07125,15.20,1.00
2010.03.24 17:16:18.033,1.0711,1.0713,11.20,10.30
2010.03.24 17:16:18.268,1.0711,1.0713,11.20,6.30
2010.03.24 17:16:18.496,1.0711,1.0713,12.00,6.30
2010.03.24 17:16:18.726,1.0711,1.0713,12.00,10.30
2010.03.24 17:16:18.963,1.0711,1.07125,8.00,3.80
2010.03.24 17:16:19.108,1.0711,1.07125,12.00,1.40
2010.03.24 17:16:21.534,1.0711,1.07125,9.60,1.40
2010.03.24 17:16:22.219,1.0711,1.07125,5.60,1.40
2010.03.24 17:16:22.855,1.0711,1.07125,8.00,1.40
2010.03.24 17:16:23.182,1.0711,1.07125,9.60,1.40
2010.03.24 17:16:24.412,1.0711,1.07125,8.80,1.40
2010.03.24 17:16:24.675,1.0711,1.07125,4.80,1.40
2010.03.24 17:16:25.593,1.0711,1.07125,3.20,1.40
2010.03.24 17:16:25.742,1.0711,1.07125,1.60,1.40
2010.03.24 17:16:26.311,1.0711,1.07125,1.60,3.00
2010.03.24 17:16:26.662,1.07105,1.0712,7.20,2.40
2010.03.24 17:16:27.008,1.07105,1.0712,1.60,6.20
2010.03.24 17:16:27.758,1.071,1.0712,11.20,10.30
2010.03.24 17:16:28.103,1.071,1.0712,7.20,10.30
2010.03.24 17:16:28.589,1.07095,1.07115,14.10,5.00
2010.03.24 17:16:28.728,1.071,1.0711,1.60,1.40
2010.03.24 17:16:28.866,1.071,1.07115,1.60,5.40
2010.03.24 17:16:29.445,1.07095,1.0711,3.20,4.60
2010.03.24 17:16:32.295,1.07095,1.0711,4.80,4.60
2010.03.24 17:16:32.531,1.071,1.07115,6.30,7.00
2010.03.24 17:16:33.177,1.071,1.0712,12.70,5.50
2010.03.24 17:16:33.418,1.071,1.07115,7.90,4.80
2010.03.24 17:16:33.648,1.07095,1.0711,8.80,2.40
2010.03.24 17:16:33.976,1.07095,1.0711,4.80,3.80
2010.03.24 17:16:34.568,1.07095,1.0711,8.80,3.80
2010.03.24 17:16:34.747,1.07095,1.0711,4.80,3.80
2010.03.24 17:16:34.937,1.07095,1.0711,3.20,3.90
2010.03.24 17:16:35.301,1.07095,1.0711,3.20,3.80
2010.03.24 17:16:35.949,1.07095,1.0711,4.80,3.80
2010.03.24 17:16:36.293,1.07095,1.0711,4.80,4.60
2010.03.24 17:16:36.631,1.07095,1.0711,4.80,3.80
2010.03.24 17:16:37.604,1.07095,1.07105,1.60,2.40
2010.03.24 17:16:38.106,1.07095,1.0711,1.60,9.40
2010.03.24 17:16:38.409,1.07095,1.0711,1.60,5.40
2010.03.24 17:16:38.838,1.07095,1.0711,3.20,1.40
2010.03.24 17:16:39.057,1.07095,1.07115,4.80,13.40
2010.03.24 17:16:39.671,1.07095,1.07115,8.80,9.40
2010.03.24 17:16:39.883,1.07095,1.07115,9.60,9.40
2010.03.24 17:16:41.664,1.07095,1.07115,9.60,9.40
2010.03.24 17:16:42.012,1.071,1.0712,11.20,11.10
2010.03.24 17:16:42.445,1.071,1.0712,12.00,10.30
2010.03.24 17:16:42.870,1.071,1.0712,12.80,10.30
2010.03.24 17:16:45.880,1.071,1.0712,12.80,9.50
2010.03.24 17:16:47.621,1.07105,1.0712,1.60,7.00
2010.03.24 17:16:47.810,1.07105,1.0712,1.60,3.00
2010.03.24 17:16:49.794,1.07105,1.0712,1.60,6.20
2010.03.24 17:16:50.307,1.0711,1.0712,2.40,3.80
2010.03.24 17:16:50.490,1.0711,1.0712,1.00,3.00
2010.03.24 17:16:50.669,1.0711,1.07125,4.80,13.40
2010.03.24 17:16:50.850,1.0711,1.07125,4.00,5.40
2010.03.24 17:16:51.668,1.07105,1.0712,5.60,2.40
2010.03.24 17:16:52.007,1.07105,1.0712,5.60,3.20
2010.03.24 17:16:52.267,1.07105,1.0712,5.60,2.40
2010.03.24 17:16:52.526,1.07105,1.0712,5.60,3.80
2010.03.24 17:16:53.716,1.07105,1.0712,5.60,4.60
2010.03.24 17:16:54.170,1.07105,1.0712,5.60,5.40
2010.03.24 17:16:54.627,1.0711,1.0712,1.60,3.20
2010.03.24 17:16:54.658,1.0711,1.0712,4.80,3.20
2010.03.24 17:16:54.694,1.0711,1.0712,4.80,2.40
2010.03.24 17:16:54.728,1.0711,1.07125,7.20,13.40
2010.03.24 17:16:54.751,1.0711,1.07125,7.20,13.00
2010.03.24 17:16:54.772,1.07115,1.07125,1.60,10.40
2010.03.24 17:16:54.794,1.07115,1.07125,1.70,10.40
2010.03.24 17:16:54.821,1.07115,1.07125,4.10,8.00
2010.03.24 17:16:54.839,1.07115,1.07125,4.10,4.00
2010.03.24 17:16:55.298,1.07115,1.07125,4.00,4.00
2010.03.24 17:16:55.645,1.0712,1.07135,3.20,11.50
2010.03.24 17:16:55.988,1.0712,1.07135,1.60,11.50
2010.03.24 17:16:56.744,1.07125,1.07135,1.60,9.80
2010.03.24 17:16:57.078,1.07125,1.0714,1.60,10.60
2010.03.24 17:16:57.414,1.07125,1.0714,1.60,11.00
2010.03.24 17:16:57.759,1.07125,1.0714,1.60,6.20
2010.03.24 17:16:58.056,1.07125,1.0714,1.60,7.10
2010.03.24 17:16:58.580,1.07125,1.07135,3.20,4.80
2010.03.24 17:16:58.721,1.0713,1.07145,4.80,3.80
2010.03.24 17:16:58.946,1.0713,1.07145,3.20,3.80
2010.03.24 17:16:59.599,1.0713,1.07145,4.80,3.80
2010.03.24 17:17:00.292,1.0713,1.07145,8.00,1.40
2010.03.24 17:17:01.047,1.0713,1.07145,7.20,1.40
2010.03.24 17:17:01.526,1.0713,1.07145,4.80,3.80
2010.03.24 17:17:02.154,1.07135,1.07145,1.60,3.00
2010.03.24 17:17:02.502,1.07125,1.0714,4.80,3.80
2010.03.24 17:17:03.192,1.0712,1.0713,9.60,2.40
2010.03.24 17:17:03.389,1.0712,1.0713,8.00,3.20
2010.03.24 17:17:04.033,1.07115,1.0713,7.20,3.80
2010.03.24 17:17:04.225,1.07115,1.0713,11.20,2.40
2010.03.24 17:17:05.454,1.07125,1.07135,1.60,2.40
2010.03.24 17:17:06.187,1.0712,1.07135,4.80,8.80
2010.03.24 17:17:06.857,1.0712,1.07135,4.80,4.80
2010.03.24 17:17:07.210,1.0712,1.07135,4.80,6.20
2010.03.24 17:17:07.898,1.0712,1.07135,3.20,7.10
2010.03.24 17:17:08.055,1.0712,1.07135,3.20,7.50
2010.03.24 17:17:08.203,1.0712,1.07135,1.60,11.90
2010.03.24 17:17:08.769,1.0712,1.07135,3.20,6.20
2010.03.24 17:17:08.940,1.07115,1.0713,10.00,3.20
2010.03.24 17:17:09.166,1.07115,1.0713,3.20,3.20
2010.03.24 17:17:09.394,1.07115,1.0713,1.60,4.70
2010.03.24 17:17:11.006,1.07115,1.0713,4.00,1.00
2010.03.24 17:17:11.192,1.0712,1.07135,1.60,16.20
2010.03.24 17:17:11.377,1.0712,1.07135,3.20,12.20
2010.03.24 17:17:11.565,1.0712,1.07135,3.20,8.20
2010.03.24 17:17:12.333,1.0712,1.07135,3.20,7.80
2010.03.24 17:17:12.673,1.0712,1.07135,7.20,8.20
2010.03.24 17:17:13.018,1.07115,1.0713,7.20,1.00
2010.03.24 17:17:13.606,1.07115,1.07135,9.60,16.20
2010.03.24 17:17:13.880,1.0712,1.07135,8.80,7.40
2010.03.24 17:17:14.900,1.0712,1.07135,4.80,7.40
2010.03.24 17:17:15.244,1.0712,1.07135,4.80,8.20
2010.03.24 17:17:16.171,1.0712,1.07135,8.80,8.20
2010.03.24 17:17:16.400,1.0712,1.07135,4.80,8.20
2010.03.24 17:17:17.010,1.0712,1.07135,4.80,12.20
2010.03.24 17:17:17.301,1.0712,1.07135,3.20,16.20
2010.03.24 17:17:18.267,1.0712,1.07135,1.60,16.20
2010.03.24 17:17:18.496,1.0712,1.07135,7.90,7.40
2010.03.24 17:17:18.715,1.0712,1.07135,5.50,7.40
2010.03.24 17:17:19.271,1.0712,1.07135,5.50,4.40
2010.03.24 17:17:20.046,1.07135,1.0714,1.60,13.10
2010.03.24 17:17:20.284,1.0714,1.07145,2.40,1.60
2010.03.24 17:17:20.979,1.07145,1.0717,1.60,15.80
2010.03.24 17:17:21.327,1.07155,1.0717,1.60,4.00
2010.03.24 17:17:21.675,1.07155,1.07175,3.20,7.90
2010.03.24 17:17:22.443,1.07155,1.0717,3.20,8.40
2010.03.24 17:17:22.786,1.07155,1.07165,1.60,2.40
2010.03.24 17:17:23.136,1.07155,1.07165,1.60,1.00
2010.03.24 17:17:23.896,1.07155,1.0717,5.60,2.20
2010.03.24 17:17:24.250,1.07155,1.0717,3.20,4.80
2010.03.24 17:17:25.248,1.07155,1.0717,1.60,5.50
2010.03.24 17:17:25.596,1.0715,1.0717,14.40,7.80
2010.03.24 17:17:25.937,1.0715,1.0717,16.00,8.60
2010.03.24 17:17:26.717,1.0715,1.0717,15.20,8.30
2010.03.24 17:17:27.048,1.07155,1.0717,3.20,6.20
2010.03.24 17:17:27.814,1.07155,1.0717,1.60,7.80
2010.03.24 17:17:28.168,1.07155,1.0717,1.60,6.20
2010.03.24 17:17:29.825,1.07155,1.0717,1.60,7.80
2010.03.24 17:17:30.039,1.07155,1.0717,1.60,8.30
2010.03.24 17:17:32.055,1.0715,1.07165,14.40,1.40
2010.03.24 17:17:32.266,1.07145,1.0716,8.00,2.40
2010.03.24 17:17:32.473,1.07145,1.07155,3.20,4.80
2010.03.24 17:17:32.672,1.0714,1.07155,4.80,10.20
2010.03.24 17:17:33.269,1.0714,1.07155,3.20,10.20
2010.03.24 17:17:33.610,1.07145,1.0716,1.60,7.80
2010.03.24 17:17:34.234,1.0715,1.0716,1.60,3.80
2010.03.24 17:17:34.548,1.0715,1.07165,1.60,7.00
2010.03.24 17:17:35.147,1.0715,1.07165,1.60,3.00
2010.03.24 17:17:36.186,1.0715,1.07165,4.00,3.00
2010.03.24 17:17:36.512,1.07155,1.0717,1.60,3.50
2010.03.24 17:17:36.862,1.07155,1.07175,3.20,14.70
2010.03.24 17:17:37.600,1.07155,1.0717,4.80,8.60
2010.03.24 17:17:37.951,1.07155,1.0717,1.60,3.00
2010.03.24 17:17:38.300,1.0715,1.0717,16.00,3.00
2010.03.24 17:17:39.900,1.0715,1.0717,13.60,5.50
2010.03.24 17:17:39.965,1.0715,1.0717,13.60,6.30
2010.03.24 17:17:40.026,1.0715,1.0717,9.60,6.30
2010.03.24 17:17:40.147,1.07155,1.0717,1.60,10.30
2010.03.24 17:17:40.784,1.07155,1.0717,1.60,6.30
2010.03.24 17:17:41.538,1.07155,1.07165,1.60,3.20
2010.03.24 17:17:41.891,1.0715,1.0716,1.60,4.60
2010.03.24 17:17:42.694,1.0715,1.0716,1.60,1.00
2010.03.24 17:17:43.045,1.0715,1.07165,1.60,15.90
2010.03.24 17:17:43.730,1.0715,1.0716,1.60,1.40
2010.03.24 17:17:46.126,1.07155,1.0717,3.20,12.20
2010.03.24 17:17:46.321,1.0716,1.0717,1.60,3.80
2010.03.24 17:17:48.806,1.0716,1.0717,1.60,1.40
2010.03.24 17:17:49.021,1.07155,1.0717,3.20,5.40
2010.03.24 17:17:49.230,1.07155,1.0717,1.60,7.00
2010.03.24 17:17:50.011,1.07155,1.0717,3.20,6.20
2010.03.24 17:17:50.983,1.07155,1.07175,7.20,11.80
2010.03.24 17:17:51.398,1.07155,1.07175,8.00,11.80
2010.03.24 17:17:51.653,1.0717,1.07195,1.60,4.60
2010.03.24 17:17:51.920,1.0717,1.0719,1.60,2.40
2010.03.24 17:17:52.180,1.0717,1.0719,1.60,2.40
2010.03.24 17:17:52.871,1.0718,1.0719,1.60,14.30
2010.03.24 17:17:53.568,1.0718,1.0719,1.60,14.20
2010.03.24 17:17:54.275,1.0718,1.07195,5.50,1.80
2010.03.24 17:17:54.542,1.0718,1.07195,6.40,1.80
2010.03.24 17:17:54.993,1.07185,1.07195,1.60,1.80
2010.03.24 17:17:55.302,1.07185,1.07195,1.60,1.40
2010.03.24 17:17:55.923,1.07185,1.072,1.60,11.00
2010.03.24 17:17:56.606,1.07185,1.072,3.90,8.60
2010.03.24 17:17:56.945,1.07185,1.072,3.20,3.00
2010.03.24 17:17:57.292,1.07185,1.072,3.20,7.00
2010.03.24 17:17:58.382,1.0719,1.072,1.60,3.00
2010.03.24 17:17:58.494,1.07195,1.07205,1.60,1.00
2010.03.24 17:17:58.606,1.07195,1.07205,3.20,1.00
2010.03.24 17:17:59.327,1.07195,1.0721,1.60,14.20
2010.03.24 17:17:59.444,1.07195,1.0721,3.20,14.20
2010.03.24 17:17:59.796,1.07195,1.0721,8.00,9.40
2010.03.24 17:18:00.467,1.072,1.0721,1.60,1.40
2010.03.24 17:18:00.750,1.07195,1.07205,3.20,1.00
2010.03.24 17:18:01.031,1.07195,1.0721,3.20,6.20
2010.03.24 17:18:01.837,1.0719,1.0721,7.20,11.00
2010.03.24 17:18:02.181,1.07195,1.0721,1.60,15.00
2010.03.24 17:18:02.525,1.0719,1.072,3.20,1.00
2010.03.24 17:18:02.985,1.0719,1.072,3.20,3.20
2010.03.24 17:18:03.341,1.07185,1.072,3.20,3.80
2010.03.24 17:18:03.684,1.07185,1.072,4.80,3.80
2010.03.24 17:18:04.465,1.0719,1.0721,1.60,22.20
2010.03.24 17:18:06.510,1.0719,1.07205,1.60,9.80
2010.03.24 17:18:06.711,1.0719,1.07205,1.60,13.00
2010.03.24 17:18:07.331,1.0719,1.0721,8.00,10.20
2010.03.24 17:18:07.672,1.0719,1.07205,3.20,2.40
2010.03.24 17:18:08.018,1.0719,1.072,3.20,2.40
2010.03.24 17:18:09.823,1.0719,1.07195,3.20,1.00
2010.03.24 17:18:10.011,1.07185,1.072,1.60,6.20
2010.03.24 17:18:10.616,1.0718,1.072,11.20,10.20
2010.03.24 17:18:10.953,1.0718,1.072,12.00,10.20
2010.03.24 17:18:11.283,1.07185,1.072,1.60,10.20
2010.03.24 17:18:12.346,1.0718,1.07195,11.20,1.40
2010.03.24 17:18:12.677,1.0718,1.07195,7.20,1.40
2010.03.24 17:18:13.555,1.0717,1.0719,20.80,2.40
2010.03.24 17:18:14.261,1.07175,1.0719,11.20,6.30
2010.03.24 17:18:14.454,1.07175,1.0719,1.60,6.30
2010.03.24 17:18:15.494,1.07175,1.0719,1.60,6.20
2010.03.24 17:18:15.768,1.07175,1.0719,1.60,6.30
2010.03.24 17:18:19.029,1.07175,1.0719,1.60,6.20
2010.03.24 17:18:19.554,1.07175,1.0719,1.60,6.30
2010.03.24 17:18:20.454,1.07175,1.0719,1.60,3.10
2010.03.24 17:18:20.658,1.07175,1.0719,3.20,3.00
2010.03.24 17:18:20.857,1.07175,1.0719,1.60,9.50
2010.03.24 17:18:21.383,1.0717,1.0718,1.60,4.60
2010.03.24 17:18:21.568,1.07165,1.0718,3.70,4.60
2010.03.24 17:18:22.193,1.0717,1.0718,1.60,4.60
2010.03.24 17:18:22.859,1.07165,1.0718,4.80,4.60
2010.03.24 17:18:25.862,1.0716,1.0718,18.80,4.60
2010.03.24 17:18:28.162,1.0717,1.0718,1.60,4.60
2010.03.24 17:18:28.434,1.07165,1.0718,6.80,4.60
2010.03.24 17:18:31.248,1.07165,1.0718,4.70,4.60
2010.03.24 17:18:32.132,1.07165,1.0718,4.70,4.60
2010.03.24 17:18:32.981,1.0717,1.07185,1.60,12.20
2010.03.24 17:18:33.330,1.0717,1.0718,4.00,2.40
2010.03.24 17:18:33.650,1.0717,1.0718,3.20,2.40
2010.03.24 17:18:36.353,1.0717,1.0718,1.60,3.80
2010.03.24 17:18:37.532,1.07165,1.0718,7.60,3.80
2010.03.24 17:18:37.878,1.0717,1.0718,1.60,3.80
2010.03.24 17:18:38.793,1.0717,1.0718,1.60,1.40
2010.03.24 17:18:39.045,1.07165,1.0718,9.70,3.80
2010.03.24 17:18:39.295,1.0717,1.0718,1.60,3.80
2010.03.24 17:18:39.958,1.0717,1.0718,1.60,5.40
2010.03.24 17:18:40.220,1.0716,1.0717,9.60,2.40
2010.03.24 17:18:40.480,1.0716,1.0717,1.60,3.80
2010.03.24 17:18:40.743,1.07165,1.0718,1.60,9.80
2010.03.24 17:18:41.416,1.07165,1.0718,1.60,9.40
2010.03.24 17:18:41.756,1.07165,1.0718,1.70,6.20
2010.03.24 17:18:42.106,1.07165,1.0718,1.70,10.20
2010.03.24 17:18:43.020,1.0716,1.0717,1.60,3.80
2010.03.24 17:18:43.367,1.07155,1.0717,3.20,6.20
2010.03.24 17:18:44.101,1.07155,1.0717,3.20,3.00
2010.03.24 17:18:44.281,1.07155,1.0717,4.80,1.40
2010.03.24 17:18:44.461,1.07155,1.0717,8.80,1.40
2010.03.24 17:18:44.780,1.0716,1.0717,1.60,1.40
2010.03.24 17:18:46.506,1.07165,1.07175,1.60,1.40
2010.03.24 17:18:47.709,1.0716,1.07175,8.00,1.40
2010.03.24 17:18:48.604,1.0716,1.07175,3.20,1.40
2010.03.24 17:18:49.495,1.0716,1.07175,3.20,3.00
2010.03.24 17:18:53.749,1.07165,1.07175,1.60,1.40
2010.03.24 17:18:57.173,1.07175,1.07195,3.20,10.20
2010.03.24 17:18:57.510,1.0718,1.07195,4.00,1.40
2010.03.24 17:18:57.998,1.0718,1.07195,8.00,1.40
2010.03.24 17:18:58.285,1.0718,1.07195,11.20,3.00
2010.03.24 17:18:58.558,1.0718,1.07195,8.80,3.00
2010.03.24 17:18:59.472,1.0718,1.07195,8.00,3.00
2010.03.24 17:18:59.737,1.0718,1.0719,5.60,1.40
2010.03.24 17:18:59.911,1.0718,1.07195,8.80,3.40
2010.03.24 17:19:00.088,1.0718,1.07195,10.40,1.40
2010.03.24 17:19:00.257,1.0718,1.07195,9.60,1.40
2010.03.24 17:19:00.428,1.0718,1.07195,6.40,3.00
2010.03.24 17:19:01.263,1.0718,1.07195,2.40,3.50
2010.03.24 17:19:01.608,1.07175,1.07195,18.40,3.00
2010.03.24 17:19:02.287,1.07175,1.07195,18.40,3.50
2010.03.24 17:19:04.275,1.07175,1.07195,17.60,8.70
2010.03.24 17:19:04.897,1.07175,1.0719,13.60,1.40
2010.03.24 17:19:05.172,1.0717,1.07185,11.20,1.40
2010.03.24 17:19:05.896,1.0717,1.07185,8.00,3.00
2010.03.24 17:19:06.930,1.0716,1.07175,6.00,4.60
2010.03.24 17:19:07.259,1.0716,1.0717,1.60,1.40
2010.03.24 17:19:07.607,1.07155,1.0717,1.60,1.40
2010.03.24 17:19:07.949,1.07155,1.07165,1.60,6.20
2010.03.24 17:19:08.697,1.0715,1.0716,1.60,3.80
2010.03.24 17:19:08.853,1.07145,1.0716,3.20,6.20
2010.03.24 17:19:10.967,1.0715,1.07165,1.60,11.00
2010.03.24 17:19:11.508,1.0715,1.07165,1.60,3.00
2010.03.24 17:19:12.064,1.07145,1.0717,9.60,15.00
2010.03.24 17:19:12.334,1.07145,1.0716,9.60,2.40
2010.03.24 17:19:12.607,1.0715,1.07165,3.20,6.20
2010.03.24 17:19:13.998,1.0715,1.0716,3.20,2.40
2010.03.24 17:19:14.106,1.0715,1.0716,1.60,2.40
2010.03.24 17:19:14.616,1.0715,1.07165,1.60,10.20
2010.03.24 17:19:14.723,1.0715,1.07155,1.60,3.20
2010.03.24 17:19:15.069,1.0715,1.0716,1.60,3.20
2010.03.24 17:19:15.418,1.07145,1.0716,3.20,7.00
2010.03.24 17:19:16.168,1.07145,1.07155,3.20,1.00
2010.03.24 17:19:16.495,1.07145,1.0716,3.20,7.00
2010.03.24 17:19:18.162,1.07145,1.07155,3.20,1.00
2010.03.24 17:19:18.376,1.0714,1.07155,12.00,4.80
2010.03.24 17:19:18.597,1.0714,1.0716,10.80,10.60
2010.03.24 17:19:19.276,1.07145,1.0716,4.00,3.80
2010.03.24 17:19:20.093,1.07145,1.0716,5.60,3.80
2010.03.24 17:19:20.721,1.07145,1.07165,9.60,7.00
2010.03.24 17:19:21.071,1.07145,1.07165,9.60,3.00
2010.03.24 17:19:21.862,1.0715,1.07165,4.00,3.00
2010.03.24 17:19:22.133,1.07155,1.0717,1.60,11.00
2010.03.24 17:19:22.471,1.07155,1.0717,1.60,4.60
2010.03.24 17:19:22.961,1.0715,1.07165,15.60,3.20
2010.03.24 17:19:23.308,1.0715,1.07165,11.60,2.40
2010.03.24 17:19:23.511,1.0715,1.07165,11.60,3.20
2010.03.24 17:19:23.615,1.0715,1.07165,7.60,6.20
2010.03.24 17:19:23.712,1.0715,1.0716,4.00,2.40
2010.03.24 17:19:23.811,1.0715,1.0716,4.00,1.40
2010.03.24 17:19:24.249,1.07145,1.0716,8.80,3.80
2010.03.24 17:19:24.347,1.07145,1.0716,4.80,3.80
2010.03.24 17:19:25.036,1.0715,1.07165,9.60,3.80
2010.03.24 17:19:25.775,1.0715,1.07165,16.00,1.40
2010.03.24 17:19:26.681,1.0715,1.07165,11.20,1.40
2010.03.24 17:19:27.367,1.0715,1.07165,11.20,3.00
2010.03.24 17:19:27.651,1.0715,1.07165,12.00,3.00
2010.03.24 17:19:28.314,1.0715,1.0717,12.00,6.20
2010.03.24 17:19:28.653,1.0715,1.0717,12.00,10.20
2010.03.24 17:19:30.141,1.0715,1.0717,12.00,11.00
2010.03.24 17:19:30.323,1.0715,1.07165,5.60,1.40
2010.03.24 17:19:30.920,1.07145,1.0716,7.20,3.20
2010.03.24 17:19:31.261,1.07145,1.0716,3.20,6.20
2010.03.24 17:19:33.689,1.07145,1.0716,1.60,6.20
2010.03.24 17:19:34.362,1.0714,1.07155,9.60,3.00
2010.03.24 17:19:34.711,1.0714,1.07155,7.20,5.40
2010.03.24 17:19:35.355,1.07135,1.0715,5.60,4.70
2010.03.24 17:19:35.709,1.0713,1.07145,12.00,1.40
2010.03.24 17:19:36.798,1.07125,1.0714,1.60,6.30
2010.03.24 17:19:37.141,1.07125,1.0714,1.60,4.60
2010.03.24 17:19:37.903,1.0712,1.07135,8.80,5.50
2010.03.24 17:19:38.257,1.0712,1.0713,2.40,4.60
2010.03.24 17:19:39.033,1.07115,1.0713,1.60,5.40
2010.03.24 17:19:39.374,1.07115,1.0713,16.00,2.40
2010.03.24 17:19:40.005,1.0712,1.07135,3.20,3.00
2010.03.24 17:19:40.295,1.0711,1.07125,7.20,2.40
2010.03.24 17:19:40.576,1.07105,1.07125,3.20,4.00
2010.03.24 17:19:41.215,1.07105,1.07125,1.60,5.40
2010.03.24 17:19:41.567,1.071,1.0711,8.00,4.60
2010.03.24 17:19:41.911,1.07095,1.0711,3.30,5.40
2010.03.24 17:19:42.650,1.07095,1.0711,1.70,7.00
2010.03.24 17:19:43.003,1.07095,1.0711,6.10,2.40
2010.03.24 17:19:44.510,1.07095,1.0711,5.20,2.40
2010.03.24 17:19:45.094,1.07095,1.0711,5.20,3.80
2010.03.24 17:19:45.591,1.07095,1.0711,6.00,3.80
2010.03.24 17:19:45.937,1.07095,1.0711,5.20,3.80
2010.03.24 17:19:46.616,1.07095,1.0711,6.00,3.80
2010.03.24 17:19:46.948,1.07095,1.0711,6.30,1.40
2010.03.24 17:19:47.419,1.07095,1.07115,6.30,13.40
2010.03.24 17:19:47.752,1.071,1.0712,16.80,7.00
2010.03.24 17:19:49.419,1.07105,1.0712,3.20,7.00
2010.03.24 17:19:51.586,1.0711,1.07125,11.20,5.40
2010.03.24 17:19:51.810,1.07115,1.0713,1.60,6.20
2010.03.24 17:19:52.289,1.07115,1.0713,1.60,5.40
2010.03.24 17:19:52.501,1.0712,1.07135,6.40,3.00
2010.03.24 17:19:52.847,1.0712,1.07135,8.00,3.00
2010.03.24 17:19:53.560,1.0712,1.07135,11.20,1.40
2010.03.24 17:19:53.816,1.0712,1.07135,12.00,1.40
2010.03.24 17:19:54.075,1.0712,1.07135,8.80,1.40
2010.03.24 17:19:54.332,1.0712,1.0713,1.60,4.00
2010.03.24 17:19:54.784,1.07115,1.0713,3.20,5.40
2010.03.24 17:19:55.018,1.07115,1.07135,3.20,20.70
2010.03.24 17:19:55.646,1.0712,1.0713,4.00,1.60
2010.03.24 17:19:56.142,1.0712,1.0714,4.00,15.80
2010.03.24 17:19:56.490,1.0712,1.07135,10.40,3.00
2010.03.24 17:19:58.292,1.07125,1.07135,1.60,1.40
2010.03.24 17:19:59.662,1.0712,1.07135,7.20,1.50
2010.03.24 17:19:59.724,1.0712,1.07135,7.20,3.20
2010.03.24 17:20:00.246,1.0712,1.0713,4.00,1.40
2010.03.24 17:20:00.310,1.07115,1.0713,1.60,10.20
2010.03.24 17:20:00.583,1.07115,1.0713,3.20,10.20
2010.03.24 17:20:01.377,1.0712,1.0713,1.60,7.80
2010.03.24 17:20:01.733,1.0712,1.0713,1.60,4.00
2010.03.24 17:20:01.975,1.0712,1.07135,4.00,11.00
2010.03.24 17:20:02.221,1.07125,1.07135,1.60,1.40
2010.03.24 17:20:04.163,1.07125,1.0714,1.60,5.40
2010.03.24 17:20:04.855,1.07125,1.0714,1.60,6.20
2010.03.24 17:20:05.349,1.07125,1.0714,1.60,5.40
2010.03.24 17:20:05.644,1.07125,1.0714,1.60,6.20
2010.03.24 17:20:06.537,1.07135,1.07145,1.60,12.20
2010.03.24 17:20:06.890,1.07135,1.07145,1.60,1.40
2010.03.24 17:20:07.235,1.0713,1.07145,8.80,1.40
2010.03.24 17:20:07.583,1.0713,1.07145,12.80,1.40
2010.03.24 17:20:08.311,1.07135,1.07145,1.60,1.40
2010.03.24 17:20:12.354,1.0713,1.07145,11.20,1.40
2010.03.24 17:20:13.198,1.07135,1.07145,1.60,1.40
2010.03.24 17:20:13.857,1.0713,1.07145,11.20,1.40
2010.03.24 17:20:15.797,1.07135,1.07145,1.60,1.40
2010.03.24 17:20:17.346,1.0714,1.0715,1.60,3.00
2010.03.24 17:20:17.583,1.0714,1.07155,1.60,8.60
2010.03.24 17:20:18.266,1.07145,1.07155,1.60,1.40
2010.03.24 17:20:18.620,1.07145,1.0716,8.80,1.40
2010.03.24 17:20:19.347,1.07145,1.0716,12.80,1.40
2010.03.24 17:20:19.684,1.0715,1.07165,3.20,3.80
2010.03.24 17:20:21.085,1.0715,1.07165,4.80,3.80
2010.03.24 17:20:21.285,1.0715,1.07165,5.60,3.80
2010.03.24 17:20:21.486,1.0715,1.07165,7.20,3.00
2010.03.24 17:20:21.687,1.0715,1.07165,10.40,3.00
2010.03.24 17:20:22.498,1.0715,1.07165,8.00,3.00
2010.03.24 17:20:22.657,1.0715,1.07165,8.80,3.00
2010.03.24 17:20:22.815,1.0715,1.07165,8.00,3.00
2010.03.24 17:20:23.158,1.0715,1.07165,5.60,8.60
2010.03.24 17:20:23.500,1.0715,1.07165,1.60,6.20
2010.03.24 17:20:24.089,1.0715,1.07165,1.00,3.80
2010.03.24 17:20:25.365,1.0715,1.07165,10.40,3.00
2010.03.24 17:20:25.687,1.0715,1.07165,11.20,3.00
2010.03.24 17:20:26.009,1.0715,1.07165,10.40,3.00
2010.03.24 17:20:26.668,1.0715,1.07165,11.20,3.00
2010.03.24 17:20:27.427,1.0715,1.07165,10.40,3.00
2010.03.24 17:20:27.605,1.0715,1.07165,11.20,3.00
2010.03.24 17:20:27.789,1.07155,1.07165,1.60,3.00
2010.03.24 17:20:27.978,1.07155,1.07165,1.60,1.40
2010.03.24 17:20:28.157,1.0715,1.07165,15.20,1.40
2010.03.24 17:20:28.617,1.0715,1.07165,13.60,1.40
2010.03.24 17:20:28.963,1.07145,1.07155,1.00,1.40
2010.03.24 17:20:29.304,1.07145,1.0715,1.00,4.60
2010.03.24 17:20:29.982,1.07135,1.0715,1.60,4.60
2010.03.24 17:20:30.315,1.07135,1.0715,1.60,6.20
2010.03.24 17:20:34.258,1.07135,1.0715,3.20,6.20
2010.03.24 17:20:34.490,1.07135,1.07155,4.80,7.80
2010.03.24 17:20:34.738,1.0714,1.07155,1.60,3.00
2010.03.24 17:20:35.404,1.07135,1.0715,4.80,4.60
2010.03.24 17:20:38.433,1.07135,1.0715,4.80,3.80
2010.03.24 17:20:39.196,1.07135,1.0715,1.60,7.00
2010.03.24 17:20:39.584,1.07135,1.0715,1.60,6.20
2010.03.24 17:20:42.771,1.07135,1.0715,4.80,4.80
2010.03.24 17:20:43.035,1.07135,1.07155,13.60,11.80
2010.03.24 17:20:43.213,1.0714,1.07155,3.20,11.80
2010.03.24 17:20:43.811,1.0714,1.0715,3.20,2.40
2010.03.24 17:20:44.831,1.0714,1.0715,1.60,2.40
2010.03.24 17:20:45.616,1.0714,1.0715,1.60,3.80
2010.03.24 17:20:45.797,1.07135,1.0715,3.20,4.60
2010.03.24 17:20:46.726,1.07135,1.0715,3.20,6.20
2010.03.24 17:20:47.472,1.07135,1.0715,3.20,4.60
2010.03.24 17:20:47.679,1.07135,1.0715,4.80,3.80
2010.03.24 17:20:48.288,1.0714,1.0715,1.60,3.80
2010.03.24 17:20:51.074,1.0712,1.0714,4.00,11.00
2010.03.24 17:20:51.291,1.07115,1.07135,3.20,1.00
2010.03.24 17:20:51.915,1.07115,1.07135,3.20,1.00
2010.03.24 17:20:52.254,1.0712,1.07135,3.20,3.50
2010.03.24 17:20:52.621,1.07115,1.0713,1.60,7.00
2010.03.24 17:20:53.535,1.0712,1.0713,1.60,6.20
2010.03.24 17:20:53.783,1.0712,1.0713,1.60,4.60
2010.03.24 17:20:54.117,1.0712,1.07135,1.60,7.00
2010.03.24 17:20:54.443,1.0712,1.07135,1.60,11.00
2010.03.24 17:20:55.172,1.0712,1.07135,1.60,11.80
2010.03.24 17:20:55.623,1.07115,1.0713,4.80,4.60
2010.03.24 17:20:56.776,1.0712,1.0713,1.60,3.80
2010.03.24 17:20:57.129,1.0712,1.0713,1.60,7.00
2010.03.24 17:20:57.314,1.07115,1.0713,1.60,7.00
2010.03.24 17:20:57.505,1.0711,1.0713,11.20,11.00
2010.03.24 17:20:58.105,1.0712,1.0713,1.60,3.00
2010.03.24 17:20:58.289,1.07115,1.0713,3.20,10.20
2010.03.24 17:20:58.629,1.07115,1.0713,3.20,6.20
2010.03.24 17:20:58.969,1.07115,1.0713,1.60,6.20
2010.03.24 17:20:59.892,1.0712,1.07135,5.60,3.10
2010.03.24 17:21:00.239,1.0712,1.07135,1.60,3.50
2010.03.24 17:21:00.573,1.0712,1.07135,6.40,3.40
2010.03.24 17:21:01.039,1.0712,1.07135,6.50,3.00
2010.03.24 17:21:01.375,1.0713,1.07145,5.10,5.00
2010.03.24 17:21:01.601,1.0713,1.07145,9.10,5.00
2010.03.24 17:21:01.831,1.0713,1.07145,10.70,4.20
2010.03.24 17:21:02.059,1.0713,1.07145,10.70,4.00
2010.03.24 17:21:02.635,1.0713,1.07145,9.90,4.00
2010.03.24 17:21:02.861,1.0713,1.07145,6.70,4.00
2010.03.24 17:21:03.208,1.0713,1.07145,10.70,4.00
2010.03.24 17:21:03.546,1.0713,1.07145,10.70,3.80
2010.03.24 17:21:03.889,1.07135,1.0715,3.00,7.00
2010.03.24 17:21:04.189,1.07135,1.07145,1.00,1.40
2010.03.24 17:21:05.078,1.0713,1.07145,1.00,6.20
2010.03.24 17:21:05.177,1.0713,1.07145,1.00,7.50
2010.03.24 17:21:05.284,1.0713,1.07145,1.00,6.70
2010.03.24 17:21:05.465,1.0713,1.07145,2.40,6.70
2010.03.24 17:21:06.048,1.0713,1.07145,4.00,6.70
2010.03.24 17:21:06.391,1.0713,1.0714,1.00,1.40
2010.03.24 17:21:06.742,1.0713,1.07145,1.00,7.80
2010.03.24 17:21:07.524,1.0713,1.07145,9.10,3.00
2010.03.24 17:21:07.872,1.0713,1.07145,16.30,1.40
2010.03.24 17:21:09.057,1.0713,1.07145,8.00,3.80
2010.03.24 17:21:09.414,1.0713,1.07145,8.80,3.00
2010.03.24 17:21:10.155,1.07135,1.0715,4.80,5.40
2010.03.24 17:21:10.440,1.07135,1.0715,1.00,7.10
2010.03.24 17:21:10.790,1.07135,1.07145,1.00,1.40
2010.03.24 17:21:12.173,1.07135,1.07145,1.00,7.00
2010.03.24 17:21:14.274,1.0713,1.07145,2.40,7.00
2010.03.24 17:21:14.532,1.0713,1.07145,8.30,3.00
2010.03.24 17:21:14.727,1.0713,1.07145,10.70,3.00
2010.03.24 17:21:15.387,1.0713,1.07145,4.30,5.50
2010.03.24 17:21:15.502,1.07125,1.0714,12.80,1.60
2010.03.24 17:21:15.844,1.07125,1.0714,16.80,1.60
2010.03.24 17:21:16.187,1.0713,1.07145,1.10,7.10
2010.03.24 17:21:16.536,1.07125,1.07145,22.70,4.60
2010.03.24 17:21:19.425,1.0713,1.07145,6.70,7.10
2010.03.24 17:21:20.176,1.0713,1.07145,2.70,7.10
2010.03.24 17:21:24.941,1.0713,1.0714,2.70,1.60
2010.03.24 17:21:25.040,1.0713,1.07145,2.70,7.10
2010.03.24 17:21:28.022,1.0713,1.07145,1.10,7.90
2010.03.24 17:21:32.365,1.0713,1.07145,1.00,7.10
2010.03.24 17:21:32.592,1.07135,1.07145,1.00,4.00
2010.03.24 17:21:33.214,1.07135,1.0715,2.40,8.70
2010.03.24 17:21:33.579,1.07135,1.0715,2.40,7.90
2010.03.24 17:21:34.193,1.07135,1.0715,2.40,7.10
2010.03.24 17:21:34.891,1.07135,1.0715,4.00,7.00
2010.03.24 17:21:35.021,1.07135,1.0715,4.00,5.40
2010.03.24 17:21:35.398,1.07135,1.0715,4.00,7.00
2010.03.24 17:21:35.531,1.07135,1.0715,4.00,7.70
2010.03.24 17:21:36.073,1.07135,1.07145,1.00,4.80
2010.03.24 17:21:36.205,1.07135,1.07145,1.00,4.60
2010.03.24 17:21:36.540,1.07135,1.07145,1.00,3.00
2010.03.24 17:21:36.879,1.07135,1.07145,1.00,1.40
2010.03.24 17:21:37.554,1.07135,1.0715,6.60,3.80
2010.03.24 17:21:37.851,1.07135,1.0715,12.20,1.40
2010.03.24 17:21:38.570,1.07135,1.0715,17.80,1.40
2010.03.24 17:21:40.269,1.07135,1.0715,16.20,3.00
2010.03.24 17:21:40.459,1.07135,1.07145,8.80,1.00
2010.03.24 17:21:40.648,1.0713,1.07145,11.40,8.00
2010.03.24 17:21:41.239,1.0713,1.07145,8.80,7.60
2010.03.24 17:21:41.584,1.0713,1.07145,1.60,7.60
2010.03.24 17:21:41.933,1.0713,1.07145,4.00,4.60
2010.03.24 17:21:42.227,1.0713,1.07145,5.60,4.60
2010.03.24 17:21:42.531,1.07135,1.07145,1.60,4.70
2010.03.24 17:21:42.966,1.07135,1.07145,2.40,3.10
2010.03.24 17:21:43.311,1.0713,1.07145,10.40,1.40
2010.03.24 17:21:45.072,1.0713,1.07145,10.40,1.50
2010.03.24 17:21:45.172,1.0713,1.07145,2.40,7.10
2010.03.24 17:21:45.269,1.0713,1.07145,2.40,7.00
2010.03.24 17:21:45.962,1.0713,1.07145,6.40,7.00
2010.03.24 17:21:46.056,1.0713,1.07145,8.80,4.60
2010.03.24 17:21:50.577,1.0713,1.07145,4.80,4.70
2010.03.24 17:21:51.085,1.0713,1.07145,4.80,5.50
2010.03.24 17:21:51.204,1.0713,1.07145,2.40,7.90
2010.03.24 17:21:51.433,1.0713,1.07145,2.40,7.10
2010.03.24 17:21:54.325,1.0713,1.07145,2.40,7.90
2010.03.24 17:21:54.469,1.0713,1.07145,2.40,7.10
2010.03.24 17:21:56.382,1.0713,1.07145,1.00,7.10
2010.03.24 17:21:57.722,1.07125,1.07145,16.40,7.10
2010.03.24 17:21:57.833,1.07125,1.0714,16.00,1.40
2010.03.24 17:21:57.942,1.07125,1.0714,15.20,1.40
2010.03.24 17:21:58.162,1.07125,1.0714,11.20,1.40
2010.03.24 17:21:59.695,1.0713,1.07145,1.00,8.60
2010.03.24 17:22:01.873,1.0713,1.07145,1.00,7.90
2010.03.24 17:22:02.574,1.0713,1.0714,1.00,1.40
2010.03.24 17:22:02.989,1.07125,1.0714,16.80,1.40
2010.03.24 17:22:03.335,1.07125,1.0714,15.20,1.40
2010.03.24 17:22:04.012,1.0713,1.0714,1.00,1.40
2010.03.24 17:22:04.951,1.0713,1.0714,1.00,3.00
2010.03.24 17:22:05.694,1.07125,1.0714,15.60,3.00
2010.03.24 17:22:05.868,1.07125,1.0714,8.00,4.80
2010.03.24 17:22:06.046,1.07125,1.07135,8.00,5.40
2010.03.24 17:22:06.813,1.07125,1.07135,1.00,5.40
2010.03.24 17:22:07.157,1.07105,1.07125,6.40,3.20
2010.03.24 17:22:07.661,1.07105,1.07125,2.40,3.20
2010.03.24 17:22:08.809,1.07105,1.0712,11.60,5.60
2010.03.24 17:22:09.399,1.07105,1.0712,4.00,7.20
2010.03.24 17:22:09.612,1.071,1.07115,16.80,1.40
2010.03.24 17:22:09.950,1.071,1.07115,12.80,1.40
2010.03.24 17:22:10.633,1.071,1.07115,17.60,1.40
2010.03.24 17:22:10.903,1.07105,1.0712,2.40,3.00
2010.03.24 17:22:11.694,1.07105,1.0712,6.40,3.00
2010.03.24 17:22:12.932,1.07105,1.0712,1.60,5.40
2010.03.24 17:22:13.274,1.07105,1.0712,1.60,6.20
2010.03.24 17:22:13.894,1.07105,1.0712,3.20,3.00
2010.03.24 17:22:14.072,1.07105,1.0712,4.00,3.00
2010.03.24 17:22:14.244,1.07105,1.0712,4.00,1.40
2010.03.24 17:22:14.421,1.07105,1.0712,1.60,1.40
2010.03.24 17:22:15.217,1.07105,1.07125,21.20,1.40
2010.03.24 17:22:15.565,1.0711,1.07125,8.80,1.40
2010.03.24 17:22:15.964,1.0711,1.07125,12.00,1.40
2010.03.24 17:22:17.283,1.0711,1.07125,12.80,1.40
2010.03.24 17:22:17.709,1.0711,1.07125,12.00,1.40
2010.03.24 17:22:17.859,1.0711,1.07125,10.40,1.40
2010.03.24 17:22:18.768,1.0711,1.07125,9.60,1.40
2010.03.24 17:22:19.068,1.0711,1.07125,8.00,3.00
2010.03.24 17:22:19.667,1.0711,1.07125,8.80,3.00
2010.03.24 17:22:19.968,1.0711,1.07125,12.80,1.40
2010.03.24 17:22:20.198,1.0711,1.07125,11.20,1.40
2010.03.24 17:22:21.230,1.0711,1.07125,8.00,3.00
2010.03.24 17:22:22.895,1.0711,1.07125,4.00,3.00
2010.03.24 17:22:23.253,1.07115,1.07125,3.20,1.40
2010.03.24 17:22:23.513,1.07115,1.0713,8.80,3.80
2010.03.24 17:22:24.163,1.07115,1.0713,4.80,3.00
2010.03.24 17:22:24.418,1.07115,1.0713,4.80,3.20
2010.03.24 17:22:24.721,1.07115,1.0713,4.80,4.60
2010.03.24 17:22:27.005,1.07115,1.0713,4.00,4.60
2010.03.24 17:22:27.260,1.0711,1.0713,16.00,8.00
2010.03.24 17:22:27.522,1.0711,1.07125,13.60,1.40
2010.03.24 17:22:28.273,1.0711,1.07125,4.00,3.00
2010.03.24 17:22:28.617,1.0711,1.07125,2.40,3.00
2010.03.24 17:22:29.110,1.0711,1.0712,2.40,1.00
2010.03.24 17:22:29.708,1.07105,1.07115,8.00,1.40
2010.03.24 17:22:30.029,1.071,1.07115,9.60,3.00
2010.03.24 17:22:30.348,1.071,1.07115,8.00,3.00
2010.03.24 17:22:31.052,1.071,1.07115,9.60,3.00
2010.03.24 17:22:31.393,1.07095,1.0711,11.20,3.00
2010.03.24 17:22:31.727,1.07095,1.0711,7.20,3.00
2010.03.24 17:22:32.782,1.07095,1.0711,5.60,3.00
2010.03.24 17:22:33.138,1.07095,1.0711,7.20,3.00
2010.03.24 17:22:33.880,1.07095,1.0711,2.40,3.80
2010.03.24 17:22:34.475,1.0709,1.0711,16.00,6.40
2010.03.24 17:22:34.795,1.07095,1.0711,5.60,7.20
2010.03.24 17:22:35.100,1.07095,1.0711,5.60,3.20
2010.03.24 17:22:36.375,1.07095,1.0711,5.60,3.00
2010.03.24 17:22:38.540,1.07095,1.0711,7.20,3.00
2010.03.24 17:22:38.862,1.071,1.07115,4.80,8.20
2010.03.24 17:22:39.177,1.071,1.07115,8.80,1.40
2010.03.24 17:22:39.897,1.071,1.07115,4.00,6.20
2010.03.24 17:22:40.244,1.07095,1.0711,1.60,5.40
2010.03.24 17:22:40.586,1.0709,1.0711,8.80,5.40
2010.03.24 17:22:40.871,1.0709,1.07105,3.20,14.40
2010.03.24 17:22:41.148,1.07085,1.071,9.70,2.40
2010.03.24 17:22:42.392,1.07085,1.071,9.70,1.40
2010.03.24 17:22:42.664,1.07085,1.071,9.70,3.80
2010.03.24 17:22:44.071,1.07085,1.071,8.10,5.50
2010.03.24 17:22:44.324,1.07085,1.07105,8.00,15.00
2010.03.24 17:22:46.923,1.07085,1.071,4.00,3.80
2010.03.24 17:22:47.370,1.07085,1.071,3.90,3.80
2010.03.24 17:22:48.352,1.07085,1.071,3.90,5.40
2010.03.24 17:22:48.690,1.07085,1.071,3.90,3.90
2010.03.24 17:22:50.367,1.0708,1.0709,3.20,4.80
2010.03.24 17:22:51.047,1.07075,1.07085,1.00,3.20
2010.03.24 17:22:51.309,1.07065,1.07085,4.80,4.60
2010.03.24 17:22:51.655,1.07065,1.0708,3.20,4.60
2010.03.24 17:22:52.005,1.0706,1.07075,13.60,1.60
2010.03.24 17:22:52.354,1.0706,1.07075,6.40,2.40
2010.03.24 17:22:52.856,1.0706,1.07075,4.00,4.00
2010.03.24 17:22:53.168,1.07055,1.0707,12.00,3.00
2010.03.24 17:22:53.505,1.0706,1.0707,1.00,1.40
2010.03.24 17:22:53.845,1.0706,1.07075,5.60,1.40
2010.03.24 17:22:54.646,1.0706,1.0708,15.20,7.80
2010.03.24 17:22:54.982,1.0706,1.0708,11.20,7.80
2010.03.24 17:22:55.332,1.07065,1.0708,6.40,1.40
2010.03.24 17:22:56.020,1.07065,1.07085,8.00,8.60
2010.03.24 17:22:56.616,1.07065,1.0708,7.20,1.00
2010.03.24 17:22:56.914,1.07065,1.0708,3.20,2.80
2010.03.24 17:22:57.212,1.07065,1.0708,4.00,2.80
2010.03.24 17:22:57.898,1.07065,1.0708,3.20,2.80
2010.03.24 17:22:58.256,1.07065,1.0708,6.40,2.20
2010.03.24 17:22:58.606,1.07065,1.0708,6.40,1.40
2010.03.24 17:22:58.830,1.07065,1.0708,8.00,2.00
2010.03.24 17:22:59.273,1.07065,1.0708,4.80,3.60
2010.03.24 17:22:59.878,1.07065,1.0707,3.20,1.00
2010.03.24 17:23:00.132,1.0706,1.0707,7.20,1.00
2010.03.24 17:23:01.742,1.0706,1.0707,3.20,1.00
2010.03.24 17:23:03.058,1.0706,1.07075,6.40,2.20
2010.03.24 17:23:03.203,1.0706,1.07075,8.00,2.20
2010.03.24 17:23:03.489,1.0706,1.07075,12.00,2.20
2010.03.24 17:23:05.626,1.0706,1.07075,10.40,2.20
2010.03.24 17:23:06.246,1.0706,1.07075,9.60,2.20
2010.03.24 17:23:06.866,1.0706,1.07075,11.20,1.40
2010.03.24 17:23:07.285,1.0706,1.07075,11.20,2.20
2010.03.24 17:23:08.156,1.0706,1.07075,12.00,2.20
2010.03.24 17:23:08.801,1.0706,1.07075,12.20,2.20
2010.03.24 17:23:09.696,1.0706,1.07075,12.00,2.20
2010.03.24 17:23:09.866,1.0706,1.07075,11.20,2.20
2010.03.24 17:23:10.446,1.0706,1.07075,12.00,2.20
2010.03.24 17:23:10.637,1.0706,1.07075,12.00,1.40
2010.03.24 17:23:10.820,1.0706,1.07075,12.20,2.20
2010.03.24 17:23:11.174,1.0706,1.07075,12.20,1.40
2010.03.24 17:23:11.355,1.0706,1.07075,12.20,2.20
2010.03.24 17:23:12.636,1.07065,1.07075,4.00,1.40
2010.03.24 17:23:12.966,1.07065,1.0708,5.60,2.20
2010.03.24 17:23:13.209,1.07065,1.0708,6.40,2.20
2010.03.24 17:23:13.852,1.07065,1.07075,5.60,1.00
2010.03.24 17:23:15.327,1.07065,1.0708,5.60,2.20
2010.03.24 17:23:15.882,1.07065,1.07075,5.60,1.00
2010.03.24 17:23:17.114,1.07065,1.07075,5.60,1.00
2010.03.24 17:23:17.437,1.07065,1.07075,1.60,1.00
2010.03.24 17:23:20.176,1.0706,1.07075,11.20,1.00
2010.03.24 17:23:20.987,1.0706,1.07075,11.20,2.20
2010.03.24 17:23:21.183,1.0706,1.07075,7.20,2.20
2010.03.24 17:23:21.383,1.0706,1.07075,5.60,2.20
2010.03.24 17:23:23.137,1.0706,1.07075,11.20,2.20
2010.03.24 17:23:23.414,1.0706,1.07075,11.40,2.20
2010.03.24 17:23:24.252,1.0706,1.0708,11.50,12.60
2010.03.24 17:23:24.453,1.07065,1.0708,1.60,7.80
2010.03.24 17:23:25.531,1.07065,1.07075,1.60,1.00
2010.03.24 17:23:25.971,1.07065,1.0708,1.60,7.80
2010.03.24 17:23:26.518,1.0706,1.07075,11.20,1.00
2010.03.24 17:23:28.031,1.0706,1.07075,11.50,1.00
2010.03.24 17:23:29.111,1.07065,1.07075,1.60,1.00
2010.03.24 17:23:30.002,1.07065,1.0708,3.20,6.20
2010.03.24 17:23:30.663,1.07065,1.0708,3.20,4.60
2010.03.24 17:23:32.044,1.07065,1.07075,1.60,1.00
2010.03.24 17:23:32.304,1.0706,1.07075,15.20,1.00
2010.03.24 17:23:32.442,1.0706,1.07075,11.20,1.00
2010.03.24 17:23:33.112,1.07065,1.07075,1.60,1.00
2010.03.24 17:23:34.720,1.07065,1.0708,1.60,6.20
2010.03.24 17:23:34.981,1.07065,1.07075,1.60,1.00
2010.03.24 17:23:35.550,1.07065,1.0708,1.60,6.20
2010.03.24 17:23:35.709,1.07065,1.07075,1.60,1.00
2010.03.24 17:23:35.869,1.07065,1.0708,1.60,6.20
2010.03.24 17:23:36.029,1.07065,1.07075,1.60,1.00
2010.03.24 17:23:47.547,1.07065,1.0708,1.60,6.20
2010.03.24 17:23:47.717,1.07065,1.0708,3.20,4.60
2010.03.24 17:23:47.888,1.07065,1.0708,3.20,4.60
2010.03.24 17:23:48.056,1.07065,1.07075,3.20,1.00
2010.03.24 17:23:52.033,1.0707,1.0708,5.60,1.40
2010.03.24 17:23:52.389,1.07075,1.07085,1.60,1.00
2010.03.24 17:23:53.488,1.0707,1.07085,1.60,3.80
2010.03.24 17:23:53.767,1.0707,1.07085,1.60,5.40
2010.03.24 17:23:54.049,1.07065,1.0708,12.80,1.00
2010.03.24 17:23:54.705,1.0707,1.07085,2.40,7.00
2010.03.24 17:23:55.062,1.0707,1.07085,8.30,1.00
2010.03.24 17:23:55.414,1.07075,1.07085,1.60,1.00
2010.03.24 17:23:56.532,1.07075,1.0709,1.60,15.00
2010.03.24 17:23:56.880,1.07075,1.0709,3.20,9.40
2010.03.24 17:23:57.136,1.07075,1.0709,3.20,5.40
2010.03.24 17:23:58.547,1.07075,1.0709,3.20,3.80
2010.03.24 17:24:00.807,1.07075,1.0709,3.20,1.40
2010.03.24 17:24:01.029,1.07075,1.0709,4.80,3.00
2010.03.24 17:24:01.251,1.07075,1.0709,3.20,3.80
2010.03.24 17:24:01.898,1.07075,1.0709,3.20,7.80
2010.03.24 17:24:02.268,1.07075,1.0709,8.80,1.40
2010.03.24 17:24:02.615,1.0708,1.07095,4.00,4.60
2010.03.24 17:24:04.567,1.0708,1.07095,1.60,5.40
2010.03.24 17:24:04.695,1.0708,1.07095,1.60,4.60
2010.03.24 17:24:06.086,1.0708,1.07095,1.60,5.40
2010.03.24 17:24:06.434,1.0708,1.0709,1.60,2.40
2010.03.24 17:24:06.709,1.07075,1.0709,5.60,6.20
2010.03.24 17:24:06.976,1.07075,1.0709,1.60,7.80
2010.03.24 17:24:09.132,1.07075,1.0709,1.60,8.60
2010.03.24 17:24:09.904,1.07075,1.0709,1.60,7.80
2010.03.24 17:24:10.310,1.0707,1.0709,12.50,7.80
2010.03.24 17:24:14.270,1.0707,1.0709,10.90,7.80
2010.03.24 17:24:14.982,1.0707,1.0709,12.50,7.80
2010.03.24 17:24:15.187,1.0707,1.07085,8.50,1.60
2010.03.24 17:24:15.413,1.0707,1.07085,8.80,1.60
2010.03.24 17:24:17.626,1.0707,1.07085,6.10,9.40
2010.03.24 17:24:17.797,1.0707,1.0708,4.40,3.00
2010.03.24 17:24:17.960,1.0707,1.0708,1.00,3.00
2010.03.24 17:24:18.121,1.0707,1.0708,1.00,5.40
2010.03.24 17:24:18.670,1.0707,1.0708,1.00,3.80
2010.03.24 17:24:19.014,1.07065,1.0708,1.60,4.60
2010.03.24 17:24:19.700,1.07065,1.0708,1.60,3.80
2010.03.24 17:24:20.982,1.07065,1.0708,1.60,5.40
2010.03.24 17:24:22.518,1.07065,1.0708,1.60,3.00
2010.03.24 17:24:22.920,1.07065,1.0708,1.60,1.40
2010.03.24 17:24:23.219,1.07065,1.0708,5.60,1.40
2010.03.24 17:24:25.032,1.07065,1.0708,1.60,5.40
2010.03.24 17:24:25.175,1.07065,1.0708,1.60,8.70
2010.03.24 17:24:25.301,1.07065,1.0708,1.60,7.90
2010.03.24 17:24:25.430,1.07065,1.0708,1.60,7.10
2010.03.24 17:24:26.687,1.07065,1.0708,1.60,5.50
2010.03.24 17:24:27.176,1.07065,1.0708,1.60,7.10
2010.03.24 17:24:27.831,1.07065,1.0708,1.60,7.90
2010.03.24 17:24:28.530,1.07065,1.0708,5.60,7.00
2010.03.24 17:24:28.879,1.0707,1.07085,1.60,9.40
2010.03.24 17:24:29.059,1.0707,1.0708,1.60,4.00
2010.03.24 17:24:29.660,1.07065,1.0708,5.60,4.00
2010.03.24 17:24:29.854,1.07065,1.0708,4.80,2.40
2010.03.24 17:24:30.197,1.07065,1.0708,8.80,2.40
2010.03.24 17:24:33.683,1.07065,1.0708,7.20,7.90
2010.03.24 17:24:34.233,1.0706,1.0708,17.20,7.90
2010.03.24 17:24:34.513,1.0706,1.0708,11.20,7.80
2010.03.24 17:24:34.776,1.0706,1.0708,15.20,7.80
2010.03.24 17:24:35.740,1.0706,1.0708,16.00,7.00
2010.03.24 17:24:36.006,1.0706,1.0708,17.00,7.00
2010.03.24 17:24:36.699,1.07065,1.0708,1.60,7.00
2010.03.24 17:24:36.829,1.07065,1.0708,9.60,1.60
2010.03.24 17:24:36.948,1.0707,1.07085,1.60,13.40
2010.03.24 17:24:37.066,1.0707,1.07085,1.60,9.40
2010.03.24 17:24:37.773,1.0707,1.07085,1.60,13.50
2010.03.24 17:24:41.234,1.0707,1.07085,1.60,13.40
2010.03.24 17:24:41.597,1.0707,1.07085,1.60,9.40
2010.03.24 17:24:43.584,1.0707,1.07085,1.60,13.40
2010.03.24 17:24:43.820,1.0707,1.0708,1.60,2.40
2010.03.24 17:24:44.045,1.07065,1.0708,4.80,3.80
2010.03.24 17:24:46.207,1.07065,1.0708,7.20,3.80
2010.03.24 17:24:46.434,1.07065,1.0708,13.60,1.40
2010.03.24 17:24:47.671,1.07065,1.0708,13.80,1.40
2010.03.24 17:24:47.831,1.07065,1.0708,14.00,1.40
2010.03.24 17:24:53.092,1.07065,1.0708,14.00,3.00
2010.03.24 17:24:53.803,1.07065,1.0708,14.00,1.40
2010.03.24 17:25:02.477,1.07065,1.0708,14.00,3.00
2010.03.24 17:25:03.374,1.07065,1.0708,6.80,3.80
2010.03.24 17:25:03.672,1.07065,1.0708,3.20,3.80
2010.03.24 17:25:06.826,1.07065,1.0708,3.20,3.00
2010.03.24 17:25:06.987,1.07065,1.0708,3.20,3.80
2010.03.24 17:25:09.050,1.07065,1.0708,1.60,3.80
2010.03.24 17:25:09.246,1.07065,1.0708,1.60,3.00
2010.03.24 17:25:09.646,1.07065,1.07085,1.60,22.20
2010.03.24 17:25:09.845,1.07065,1.0708,1.60,3.00
2010.03.24 17:25:10.047,1.07065,1.0708,1.60,7.00
2010.03.24 17:25:10.782,1.07065,1.0708,10.40,1.40
2010.03.24 17:25:11.021,1.07065,1.0708,12.00,1.40
2010.03.24 17:25:11.257,1.07065,1.0708,6.40,3.00
2010.03.24 17:25:11.496,1.07065,1.0708,8.00,3.00
2010.03.24 17:25:12.458,1.07065,1.0708,6.80,3.00
2010.03.24 17:25:12.827,1.07065,1.0708,5.20,4.60
2010.03.24 17:25:13.158,1.07065,1.0708,5.20,5.40
2010.03.24 17:25:14.496,1.07065,1.0708,5.20,4.60
2010.03.24 17:25:15.284,1.0706,1.07075,10.40,8.00
2010.03.24 17:25:15.478,1.0706,1.07075,6.40,9.50
2010.03.24 17:25:15.672,1.0706,1.07075,1.60,14.30
2010.03.24 17:25:16.159,1.07055,1.0707,12.70,1.60
2010.03.24 17:25:16.356,1.07055,1.0707,16.70,1.60
2010.03.24 17:25:17.584,1.07055,1.0707,16.80,1.60
2010.03.24 17:25:18.832,1.07055,1.0707,14.50,3.20
2010.03.24 17:25:19.093,1.07055,1.07065,6.50,1.60
2010.03.24 17:25:19.322,1.07055,1.07065,7.30,1.60
2010.03.24 17:25:19.973,1.07055,1.0707,8.00,4.60
2010.03.24 17:25:20.334,1.0705,1.0706,1.00,1.60
2010.03.24 17:25:20.683,1.07045,1.0706,12.80,1.60
2010.03.24 17:25:21.397,1.07045,1.0706,12.00,1.60
2010.03.24 17:25:21.712,1.07045,1.0706,15.20,3.00
2010.03.24 17:25:22.058,1.07045,1.0706,10.40,3.00
2010.03.24 17:25:22.789,1.07045,1.0706,9.60,3.00
2010.03.24 17:25:23.112,1.07045,1.0706,12.80,3.00
2010.03.24 17:25:24.063,1.07045,1.0706,17.60,1.60
2010.03.24 17:25:24.700,1.0705,1.0707,12.00,4.60
2010.03.24 17:25:27.196,1.07055,1.07065,1.60,1.60
2010.03.24 17:25:27.435,1.07055,1.0707,1.60,3.00
2010.03.24 17:25:27.674,1.07055,1.0707,7.20,1.40
2010.03.24 17:25:27.905,1.07055,1.07075,16.80,4.60
2010.03.24 17:25:28.552,1.0706,1.07075,4.80,4.60
2010.03.24 17:25:28.898,1.0706,1.07075,4.00,4.60
2010.03.24 17:25:29.247,1.0706,1.07075,7.20,4.60
2010.03.24 17:25:29.593,1.0706,1.07075,11.20,4.60
2010.03.24 17:25:30.637,1.0706,1.07075,12.80,1.40
2010.03.24 17:25:30.802,1.0706,1.07075,11.20,3.00
2010.03.24 17:25:31.921,1.0706,1.07075,8.80,3.00
2010.03.24 17:25:33.422,1.0706,1.07075,9.60,1.60
2010.03.24 17:25:34.324,1.0706,1.07075,8.80,3.00
2010.03.24 17:25:34.474,1.0706,1.07075,8.00,3.00
2010.03.24 17:25:36.671,1.0706,1.07075,4.00,3.00
2010.03.24 17:25:36.804,1.0706,1.07075,8.00,3.00
2010.03.24 17:25:37.893,1.0706,1.07075,8.80,3.00
2010.03.24 17:25:38.483,1.0706,1.0708,11.20,8.70
2010.03.24 17:25:38.812,1.07065,1.0708,16.00,3.00
2010.03.24 17:25:39.134,1.07065,1.0708,12.00,3.00
2010.03.24 17:25:39.423,1.07065,1.0708,11.20,3.10
2010.03.24 17:25:39.715,1.0706,1.0708,12.80,7.10
2010.03.24 17:25:41.255,1.07065,1.0708,2.40,7.00
2010.03.24 17:25:42.156,1.07065,1.0708,2.40,7.80
2010.03.24 17:25:47.235,1.07065,1.0708,1.00,7.80
2010.03.24 17:25:47.389,1.07065,1.0708,1.00,11.80
2010.03.24 17:25:48.534,1.07065,1.0708,1.00,7.80
2010.03.24 17:25:49.403,1.07065,1.0708,2.20,7.80
2010.03.24 17:25:51.248,1.07065,1.0708,2.20,4.60
2010.03.24 17:25:51.451,1.07065,1.0708,8.60,1.40
2010.03.24 17:25:51.662,1.07065,1.0708,14.20,1.40
2010.03.24 17:25:52.091,1.07065,1.07085,18.20,4.70
2010.03.24 17:25:52.433,1.07065,1.0708,18.20,1.60
2010.03.24 17:25:54.167,1.0707,1.0708,1.00,1.60
2010.03.24 17:25:54.446,1.0707,1.07085,1.00,4.70
2010.03.24 17:25:55.718,1.0707,1.0708,1.00,1.60
2010.03.24 17:25:59.772,1.0707,1.0708,3.20,1.60
2010.03.24 17:25:59.914,1.0707,1.07085,4.80,4.60
2010.03.24 17:26:03.759,1.0707,1.07085,7.20,3.00
2010.03.24 17:26:04.030,1.07075,1.0709,1.60,4.60
2010.03.24 17:26:04.293,1.07075,1.07085,1.60,1.60
2010.03.24 17:26:04.953,1.0707,1.07085,16.00,1.60
2010.03.24 17:26:05.978,1.0707,1.07085,16.80,1.60
2010.03.24 17:26:07.640,1.0707,1.07085,17.60,1.60
2010.03.24 17:26:09.604,1.0707,1.07085,16.80,1.60
2010.03.24 17:26:09.825,1.0707,1.0709,17.60,7.80
2010.03.24 17:26:10.269,1.0707,1.0709,18.40,7.80
2010.03.24 17:26:11.031,1.07075,1.0709,4.00,4.60
2010.03.24 17:26:11.376,1.0708,1.07095,10.40,3.00
2010.03.24 17:26:11.705,1.0708,1.07095,11.20,3.00
2010.03.24 17:26:12.419,1.0708,1.07095,12.80,1.60
2010.03.24 17:26:12.781,1.07085,1.071,4.00,3.00
2010.03.24 17:26:13.134,1.0709,1.07105,4.80,7.80
2010.03.24 17:26:13.789,1.0709,1.07105,4.80,3.00
2010.03.24 17:26:14.142,1.0709,1.07105,4.00,3.00
2010.03.24 17:26:14.486,1.0709,1.07105,2.40,3.00
2010.03.24 17:26:15.170,1.0709,1.07105,1.60,3.00
2010.03.24 17:26:15.512,1.0709,1.07105,2.40,3.00
2010.03.24 17:26:15.857,1.0709,1.07105,1.60,3.10
2010.03.24 17:26:16.207,1.07085,1.07105,18.40,3.00
2010.03.24 17:26:16.661,1.0709,1.071,1.60,1.60
2010.03.24 17:26:17.004,1.0709,1.07105,2.40,3.00
2010.03.24 17:26:17.353,1.07095,1.0711,6.60,1.60
2010.03.24 17:26:18.056,1.07095,1.0711,11.20,1.60
2010.03.24 17:26:18.349,1.0709,1.07105,16.00,3.00
2010.03.24 17:26:19.015,1.0709,1.07105,11.20,3.00
2010.03.24 17:26:19.687,1.0709,1.07105,11.20,3.80
2010.03.24 17:26:19.960,1.07095,1.0711,4.00,3.00
2010.03.24 17:26:20.226,1.07095,1.0711,2.40,7.90
2010.03.24 17:26:20.495,1.0709,1.07105,10.40,1.60
2010.03.24 17:26:21.496,1.0709,1.07105,10.40,3.00
2010.03.24 17:26:21.845,1.0709,1.07105,4.00,3.10
2010.03.24 17:26:22.061,1.0709,1.07105,4.00,3.90
2010.03.24 17:26:22.701,1.0709,1.07105,3.20,3.90
2010.03.24 17:26:23.253,1.0709,1.07105,6.40,5.50
2010.03.24 17:26:23.541,1.0709,1.07105,11.20,2.20
2010.03.24 17:26:23.823,1.0709,1.07105,9.60,3.80
2010.03.24 17:26:25.892,1.0709,1.07105,3.20,3.10
2010.03.24 17:26:27.455,1.0709,1.07105,3.20,3.90
2010.03.24 17:26:29.278,1.07085,1.071,12.80,1.60
2010.03.24 17:26:29.626,1.07085,1.071,11.20,4.60
2010.03.24 17:26:30.258,1.0709,1.071,1.00,3.00
2010.03.24 17:26:31.149,1.0709,1.071,1.00,4.60
2010.03.24 17:26:34.142,1.07085,1.071,3.20,7.80
2010.03.24 17:26:34.262,1.07085,1.07095,1.00,1.60
2010.03.24 17:26:34.866,1.07085,1.07095,1.00,4.60
2010.03.24 17:26:37.282,1.07085,1.07095,1.00,3.00
2010.03.24 17:26:37.549,1.07085,1.071,11.20,2.20
2010.03.24 17:26:38.014,1.07085,1.07105,11.20,19.80
2010.03.24 17:26:38.286,1.0709,1.07105,4.80,3.00
2010.03.24 17:26:38.628,1.0709,1.07105,6.40,3.00
2010.03.24 17:26:39.550,1.07085,1.07105,13.60,7.10
2010.03.24 17:26:40.308,1.07085,1.07105,14.40,7.10
2010.03.24 17:26:40.923,1.07085,1.07105,12.80,7.10
2010.03.24 17:26:41.056,1.07085,1.07105,12.80,7.20
2010.03.24 17:26:41.197,1.07085,1.07105,12.80,7.10
2010.03.24 17:26:41.683,1.07085,1.07105,12.00,7.90
2010.03.24 17:26:41.937,1.07085,1.071,8.00,5.40
2010.03.24 17:26:42.194,1.07085,1.071,8.00,3.00
2010.03.24 17:26:42.446,1.0709,1.071,1.00,1.40
2010.03.24 17:26:42.857,1.0709,1.071,3.20,1.40
2010.03.24 17:26:43.200,1.07085,1.07105,16.80,4.60
2010.03.24 17:26:44.239,1.07085,1.071,13.60,1.40
2010.03.24 17:26:44.446,1.07085,1.071,13.40,1.40
2010.03.24 17:26:45.630,1.07085,1.071,11.80,1.40
2010.03.24 17:26:46.613,1.07085,1.071,7.80,1.40
2010.03.24 17:26:46.802,1.07085,1.071,7.80,3.80
2010.03.24 17:26:46.996,1.07085,1.071,2.20,8.60
2010.03.24 17:26:47.186,1.07085,1.071,1.60,9.40
2010.03.24 17:26:47.357,1.07085,1.071,1.60,13.40
2010.03.24 17:26:49.224,1.07085,1.071,1.60,17.40
2010.03.24 17:26:49.704,1.07085,1.071,1.60,13.40
2010.03.24 17:26:50.043,1.07085,1.071,1.60,15.00
2010.03.24 17:26:50.386,1.07085,1.071,3.20,7.80
2010.03.24 17:26:50.888,1.07085,1.071,6.40,7.80
2010.03.24 17:26:51.075,1.0709,1.07105,7.20,3.00
2010.03.24 17:26:51.246,1.0709,1.07105,8.80,3.00
2010.03.24 17:26:52.621,1.0709,1.07105,7.20,3.00
2010.03.24 17:26:53.112,1.0709,1.07105,6.40,3.00
2010.03.24 17:26:55.331,1.0709,1.07105,4.00,3.00
2010.03.24 17:26:55.451,1.0709,1.07105,3.20,3.00
2010.03.24 17:26:56.261,1.0709,1.07105,1.60,4.60
2010.03.24 17:26:57.421,1.0709,1.07105,5.60,4.60
2010.03.24 17:26:57.661,1.0709,1.07105,4.00,4.60
2010.03.24 17:26:58.150,1.0709,1.07105,1.60,4.60
2010.03.24 17:27:00.781,1.07085,1.071,10.40,4.60
2010.03.24 17:27:00.969,1.0708,1.071,16.00,8.60
2010.03.24 17:27:01.152,1.0708,1.071,12.00,12.60
2010.03.24 17:27:02.837,1.0708,1.071,7.20,16.60
2010.03.24 17:27:05.989,1.0708,1.07095,7.20,3.00
2010.03.24 17:27:08.309,1.0708,1.07095,5.60,3.00
2010.03.24 17:27:13.231,1.0708,1.07095,3.20,7.80
2010.03.24 17:27:13.392,1.07075,1.07095,12.00,14.20
2010.03.24 17:27:13.549,1.07075,1.07095,12.00,18.20
2010.03.24 17:27:13.707,1.07075,1.07095,12.00,14.20
2010.03.24 17:27:14.390,1.07075,1.07095,12.00,14.50
2010.03.24 17:27:14.648,1.07075,1.07095,8.00,14.50
2010.03.24 17:27:17.308,1.07075,1.07095,8.00,12.90
2010.03.24 17:27:17.797,1.0707,1.07095,17.60,14.50
2010.03.24 17:27:23.108,1.07075,1.07095,12.00,14.50
2010.03.24 17:27:30.886,1.0708,1.07095,1.60,12.90
2010.03.24 17:27:30.907,1.07075,1.07095,12.00,14.50
2010.03.24 17:27:31.063,1.07075,1.07095,12.00,14.50
2010.03.24 17:27:36.032,1.07075,1.07095,12.00,15.30
2010.03.24 17:27:36.652,1.07075,1.07095,12.00,14.50
2010.03.24 17:27:36.964,1.07075,1.07095,12.00,15.30
2010.03.24 17:27:39.190,1.07075,1.0709,12.00,1.40
2010.03.24 17:27:39.433,1.07075,1.0709,8.00,2.20
2010.03.24 17:27:39.553,1.07075,1.07085,5.60,1.60
2010.03.24 17:27:39.675,1.07075,1.07085,4.00,4.80
2010.03.24 17:27:40.175,1.0707,1.07085,6.40,7.20
2010.03.24 17:27:40.516,1.0706,1.07075,12.00,1.40
2010.03.24 17:27:40.862,1.0706,1.07075,11.20,1.40
2010.03.24 17:27:45.299,1.0706,1.07075,8.80,1.40
2010.03.24 17:27:45.453,1.0706,1.07075,7.20,1.40
2010.03.24 17:27:46.162,1.0706,1.07075,3.20,1.40
2010.03.24 17:27:46.415,1.0706,1.07075,4.80,1.40
2010.03.24 17:27:47.476,1.0706,1.0708,16.00,8.60
2010.03.24 17:27:47.826,1.0706,1.0708,12.00,12.60
2010.03.24 17:27:49.545,1.0706,1.0708,12.80,12.60
2010.03.24 17:27:49.679,1.0706,1.0708,13.60,8.60
2010.03.24 17:27:49.790,1.0706,1.0708,13.60,7.00
2010.03.24 17:27:50.406,1.0706,1.0708,14.40,6.20
2010.03.24 17:27:50.546,1.0706,1.0708,13.60,6.20
2010.03.24 17:27:52.519,1.07065,1.0708,1.60,6.20
2010.03.24 17:27:53.320,1.07065,1.0708,1.60,4.60
2010.03.24 17:27:57.816,1.07065,1.0708,1.60,10.20
2010.03.24 17:27:58.154,1.0706,1.0708,12.00,11.00
2010.03.24 17:27:58.419,1.0706,1.0708,13.60,11.80
2010.03.24 17:27:58.679,1.07055,1.0708,23.20,7.80
2010.03.24 17:27:58.936,1.0706,1.0708,13.60,7.80
2010.03.24 17:28:00.446,1.07065,1.0708,1.60,7.80
2010.03.24 17:28:00.806,1.07065,1.0708,3.20,6.20
2010.03.24 17:28:01.669,1.07065,1.0708,1.60,6.20
2010.03.24 17:28:03.653,1.07065,1.0708,1.60,7.80
2010.03.24 17:28:09.419,1.0706,1.0708,13.00,7.80
2010.03.24 17:28:09.457,1.0706,1.0708,12.90,7.80
2010.03.24 17:28:09.546,1.0706,1.0708,12.90,8.60
2010.03.24 17:28:09.574,1.0706,1.0708,12.10,8.60
2010.03.24 17:28:10.025,1.0706,1.0708,16.10,8.60
2010.03.24 17:28:10.066,1.0706,1.0708,12.10,11.80
2010.03.24 17:28:10.533,1.0706,1.0708,12.10,12.70
2010.03.24 17:28:10.877,1.0706,1.07075,12.10,1.60
2010.03.24 17:28:11.226,1.0706,1.0708,12.10,11.90
2010.03.24 17:28:11.855,1.0706,1.07075,12.10,1.40
2010.03.24 17:28:12.090,1.0706,1.07075,11.20,1.40
2010.03.24 17:28:12.313,1.0706,1.07075,11.20,3.00
2010.03.24 17:28:13.152,1.0706,1.07075,9.60,3.00
2010.03.24 17:28:13.437,1.0706,1.07075,1.60,3.10
2010.03.24 17:28:14.029,1.0706,1.0707,1.60,2.40
2010.03.24 17:28:14.299,1.07055,1.0707,4.80,2.40
2010.03.24 17:28:14.643,1.07055,1.0707,4.80,3.80
2010.03.24 17:28:15.324,1.07055,1.0707,3.20,5.40
2010.03.24 17:28:15.986,1.07055,1.0707,4.80,3.80
2010.03.24 17:28:17.355,1.07055,1.0707,4.80,5.40
2010.03.24 17:28:17.943,1.07055,1.0707,4.80,5.50
2010.03.24 17:28:19.883,1.07055,1.0707,3.20,4.60
2010.03.24 17:28:21.493,1.07055,1.0707,1.60,7.90
2010.03.24 17:28:21.728,1.0705,1.0707,15.20,7.80
2010.03.24 17:28:21.963,1.0705,1.0707,11.20,7.80
2010.03.24 17:28:22.953,1.0705,1.07065,9.60,1.40
2010.03.24 17:28:23.381,1.0705,1.07065,7.20,5.40
2010.03.24 17:28:23.661,1.0705,1.07065,1.60,9.40
2010.03.24 17:28:24.001,1.0705,1.0706,1.60,1.60
2010.03.24 17:28:24.345,1.0705,1.07065,1.60,9.40
2010.03.24 17:28:25.763,1.0705,1.0706,1.60,2.40
2010.03.24 17:28:25.933,1.07045,1.0706,7.20,4.00
2010.03.24 17:28:26.101,1.07045,1.0706,8.80,5.40
2010.03.24 17:28:26.611,1.07045,1.0706,8.80,3.80
2010.03.24 17:28:26.780,1.07045,1.0706,7.20,5.40
2010.03.24 17:28:27.001,1.07045,1.0706,7.20,1.40
2010.03.24 17:28:27.222,1.07045,1.07065,12.00,11.00
2010.03.24 17:28:27.441,1.07055,1.07065,1.60,3.00
2010.03.24 17:28:28.085,1.0705,1.0707,16.00,7.90
2010.03.24 17:28:28.312,1.0705,1.07065,12.00,1.40
2010.03.24 17:28:28.530,1.0705,1.07065,11.20,1.40
2010.03.24 17:28:30.086,1.0705,1.0707,12.80,6.20
2010.03.24 17:28:30.263,1.07055,1.0707,1.60,5.40
2010.03.24 17:28:30.747,1.07055,1.0707,1.60,7.00
2010.03.24 17:28:30.952,1.0705,1.0707,15.20,7.80
2010.03.24 17:28:31.159,1.0705,1.0707,11.20,7.80
2010.03.24 17:28:31.840,1.07055,1.0707,4.80,1.40
2010.03.24 17:28:32.268,1.07055,1.07075,4.80,17.40
2010.03.24 17:28:32.557,1.0706,1.07075,1.60,13.40
2010.03.24 17:28:32.960,1.07055,1.0707,8.80,5.40
2010.03.24 17:28:33.161,1.07055,1.0707,1.60,6.20
2010.03.24 17:28:33.560,1.0705,1.0707,15.20,8.60
2010.03.24 17:28:34.280,1.0705,1.0707,11.20,6.20
2010.03.24 17:28:37.474,1.0705,1.0707,11.20,6.60
2010.03.24 17:28:37.989,1.0705,1.0707,11.20,8.20
2010.03.24 17:28:38.116,1.0705,1.07065,1.60,1.80
2010.03.24 17:28:41.427,1.0705,1.07065,1.60,1.40
2010.03.24 17:28:41.777,1.0705,1.07065,3.20,1.40
2010.03.24 17:28:42.125,1.0705,1.0706,3.20,2.40
2010.03.24 17:28:42.929,1.07045,1.0706,8.80,6.60
2010.03.24 17:28:45.028,1.07045,1.0706,8.80,6.20
2010.03.24 17:28:45.814,1.07045,1.0706,7.20,7.80
2010.03.24 17:28:45.916,1.07045,1.0706,7.20,7.90
2010.03.24 17:28:46.075,1.07045,1.0706,5.60,7.90
2010.03.24 17:28:46.134,1.07045,1.0706,7.20,6.30
2010.03.24 17:28:46.644,1.07045,1.0706,3.20,6.30
2010.03.24 17:28:47.757,1.07045,1.0706,7.20,2.40
2010.03.24 17:28:47.998,1.0705,1.07065,1.60,11.80
2010.03.24 17:28:48.632,1.07045,1.0706,8.80,4.60
2010.03.24 17:28:54.522,1.07045,1.0706,8.80,6.20
2010.03.24 17:28:56.889,1.07045,1.0706,8.80,4.60
2010.03.24 17:28:59.712,1.07045,1.0706,8.80,1.40
2010.03.24 17:29:01.751,1.07055,1.0706,1.00,1.40
2010.03.24 17:29:02.031,1.07055,1.0706,1.00,1.40
2010.03.24 17:29:10.331,1.07055,1.07065,1.00,3.00
2010.03.24 17:29:10.430,1.07055,1.07065,1.00,1.40
2010.03.24 17:29:10.976,1.0706,1.07075,2.40,9.00
2010.03.24 17:29:11.086,1.0706,1.07075,8.00,4.60
2010.03.24 17:29:11.437,1.0706,1.07075,3.20,3.00
2010.03.24 17:29:15.697,1.0706,1.0708,4.80,16.60
2010.03.24 17:29:15.780,1.0706,1.0708,7.20,16.60
2010.03.24 17:29:15.863,1.0706,1.0708,7.20,12.60
2010.03.24 17:29:16.030,1.0706,1.0708,8.00,11.80
2010.03.24 17:29:16.492,1.0706,1.0708,16.00,7.80
2010.03.24 17:29:16.835,1.0706,1.0708,12.00,7.80
2010.03.24 17:29:17.180,1.0706,1.0708,12.00,11.80
2010.03.24 17:29:18.078,1.0706,1.0708,12.00,7.80
2010.03.24 17:29:18.247,1.0706,1.0708,12.00,7.80
2010.03.24 17:29:18.388,1.0706,1.0708,12.00,12.60
2010.03.24 17:29:18.668,1.0706,1.0708,12.00,11.80
2010.03.24 17:29:20.183,1.0706,1.0708,12.00,11.90
2010.03.24 17:29:20.409,1.0706,1.07075,8.00,3.00
2010.03.24 17:29:21.023,1.0706,1.07075,6.40,3.00
2010.03.24 17:29:21.266,1.0706,1.07075,2.40,4.70
2010.03.24 17:29:21.620,1.0706,1.07075,8.80,1.40
2010.03.24 17:29:21.963,1.0706,1.07075,12.00,1.40
2010.03.24 17:29:23.063,1.0706,1.0708,12.00,7.80
2010.03.24 17:29:23.433,1.0706,1.07075,8.00,1.40
2010.03.24 17:29:24.085,1.07055,1.07075,5.20,13.40
2010.03.24 17:29:24.434,1.0706,1.07075,9.60,1.40
2010.03.24 17:29:25.118,1.0706,1.07075,5.60,1.40
2010.03.24 17:29:28.214,1.0706,1.0708,7.20,12.60
2010.03.24 17:29:28.492,1.0706,1.0708,12.00,11.80
2010.03.24 17:29:28.769,1.07065,1.0708,1.60,7.80
2010.03.24 17:29:30.335,1.07065,1.0708,1.60,5.40
2010.03.24 17:29:30.496,1.07065,1.0708,1.60,3.00
2010.03.24 17:29:30.656,1.07065,1.0708,3.20,3.00
2010.03.24 17:29:30.818,1.0707,1.0708,1.00,1.40
2010.03.24 17:29:31.341,1.0707,1.07085,2.40,8.60
2010.03.24 17:29:31.694,1.0707,1.07085,5.60,4.60
2010.03.24 17:29:32.040,1.0707,1.07085,5.60,4.60
2010.03.24 17:29:32.792,1.0707,1.07085,1.60,4.60
2010.03.24 17:29:34.156,1.0707,1.07085,1.60,4.60
2010.03.24 17:29:34.816,1.0707,1.07085,4.00,4.60
2010.03.24 17:29:35.131,1.0707,1.07085,8.00,4.60
2010.03.24 17:29:35.345,1.0707,1.07085,10.40,1.40
2010.03.24 17:29:35.575,1.0707,1.0709,12.00,6.20
2010.03.24 17:29:35.805,1.0707,1.0709,11.20,9.40
2010.03.24 17:29:36.413,1.0707,1.0709,7.20,11.00
2010.03.24 17:29:36.759,1.0707,1.07085,5.60,3.00
2010.03.24 17:29:39.064,1.0707,1.07085,7.20,1.40
2010.03.24 17:29:39.622,1.0707,1.07085,5.60,3.00
2010.03.24 17:29:39.881,1.0707,1.07085,7.20,1.40
2010.03.24 17:29:40.142,1.0707,1.07085,5.60,3.00
2010.03.24 17:29:44.250,1.0707,1.07085,7.20,1.40
2010.03.24 17:29:46.392,1.0707,1.07085,5.60,3.00
2010.03.24 17:29:47.105,1.0707,1.0709,8.00,14.20
2010.03.24 17:29:47.277,1.0707,1.07085,12.00,1.60
2010.03.24 17:29:47.449,1.0707,1.07085,8.00,1.60
2010.03.24 17:29:48.023,1.0707,1.07085,1.00,8.60
2010.03.24 17:29:48.365,1.07065,1.0708,4.80,3.20
2010.03.24 17:29:48.715,1.0706,1.07075,8.80,4.80
2010.03.24 17:29:49.251,1.0706,1.07075,4.80,4.80
2010.03.24 17:29:49.601,1.0706,1.0708,16.00,7.10
2010.03.24 17:29:49.943,1.07065,1.0708,1.60,7.10
2010.03.24 17:29:51.348,1.07065,1.0708,1.60,4.60
2010.03.24 17:29:52.155,1.07065,1.0708,5.60,3.00
2010.03.24 17:29:52.786,1.0707,1.0709,4.80,13.40
2010.03.24 17:29:53.138,1.0707,1.0709,6.40,11.80
2010.03.24 17:29:53.480,1.0707,1.0709,8.00,11.80
2010.03.24 17:29:53.820,1.0707,1.0709,12.80,11.80
2010.03.24 17:29:54.164,1.07075,1.0709,3.20,8.60
2010.03.24 17:29:54.614,1.07085,1.0709,2.40,3.00
2010.03.24 17:29:54.716,1.0708,1.07095,2.40,8.60
2010.03.24 17:29:54.899,1.0708,1.07095,2.40,4.60
2010.03.24 17:29:57.561,1.07085,1.071,3.20,8.60
2010.03.24 17:29:57.750,1.07085,1.071,4.80,7.00
2010.03.24 17:29:57.940,1.07085,1.071,3.20,4.60
2010.03.24 17:29:58.139,1.07085,1.071,7.20,4.60
2010.03.24 17:29:58.338,1.07085,1.071,8.80,4.60
2010.03.24 17:30:00.937,1.07085,1.071,4.80,4.60
2010.03.24 17:30:02.036,1.07085,1.071,8.80,4.60
2010.03.24 17:30:04.137,1.07085,1.071,10.40,4.60
2010.03.24 17:30:07.905,1.07085,1.071,9.60,4.60
2010.03.24 17:30:08.030,1.0708,1.07095,15.60,2.20
2010.03.24 17:30:08.158,1.0708,1.0709,5.60,4.00
2010.03.24 17:30:08.691,1.07075,1.0709,2.80,7.00
2010.03.24 17:30:09.043,1.0707,1.07085,14.40,1.40
2010.03.24 17:30:09.733,1.0707,1.07085,10.40,1.40
2010.03.24 17:30:10.079,1.0707,1.07085,4.00,3.00
2010.03.24 17:30:10.695,1.0707,1.07085,4.00,4.60
2010.03.24 17:30:11.368,1.0707,1.07085,4.80,4.60
2010.03.24 17:30:11.577,1.0707,1.07085,5.60,3.00
2010.03.24 17:30:11.885,1.0707,1.07085,1.60,3.00
2010.03.24 17:30:15.854,1.0707,1.0708,1.60,3.20
2010.03.24 17:30:16.534,1.0706,1.0708,8.00,11.80
2010.03.24 17:30:16.770,1.0706,1.0708,12.00,11.80
2010.03.24 17:30:25.991,1.0706,1.0708,12.00,7.80
2010.03.24 17:30:26.644,1.0706,1.07075,10.40,1.60
2010.03.24 17:30:26.674,1.0706,1.0707,1.60,2.40
2010.03.24 17:30:26.715,1.07055,1.0707,6.00,4.00
2010.03.24 17:30:26.740,1.07055,1.0707,10.00,4.80
2010.03.24 17:30:27.346,1.07055,1.0707,6.00,4.80
2010.03.24 17:30:27.705,1.07055,1.07065,1.60,1.20
2010.03.24 17:30:28.409,1.0705,1.07065,13.60,1.20
2010.03.24 17:30:29.092,1.0705,1.07065,9.60,1.20
2010.03.24 17:30:29.770,1.0705,1.07065,13.60,1.20
2010.03.24 17:30:30.110,1.0705,1.07065,14.40,1.20
2010.03.24 17:30:31.343,1.0705,1.07065,16.00,1.20
2010.03.24 17:30:31.726,1.07055,1.07065,1.60,1.20
2010.03.24 17:30:32.269,1.07055,1.07065,1.60,1.00
2010.03.24 17:30:32.526,1.07055,1.0707,3.20,3.80
2010.03.24 17:30:33.523,1.07055,1.0707,1.60,6.20
2010.03.24 17:30:35.920,1.0705,1.0707,15.20,7.80
2010.03.24 17:30:36.261,1.0705,1.0707,13.60,7.80
2010.03.24 17:30:37.061,1.0705,1.0707,16.80,7.80
2010.03.24 17:30:37.893,1.07055,1.0707,1.60,7.80
2010.03.24 17:30:38.201,1.07055,1.0707,1.60,5.40
2010.03.24 17:30:39.010,1.07055,1.0707,3.20,3.80
2010.03.24 17:30:41.373,1.07055,1.0707,1.60,5.40
2010.03.24 17:30:46.709,1.0705,1.07065,16.00,1.40
2010.03.24 17:30:46.971,1.07055,1.07065,5.60,1.40
2010.03.24 17:30:47.645,1.07055,1.0707,1.60,6.20
2010.03.24 17:30:47.989,1.0705,1.07065,13.60,3.00
2010.03.24 17:30:48.327,1.0705,1.07065,8.00,3.00
2010.03.24 17:30:48.769,1.0705,1.07065,8.80,3.00
2010.03.24 17:30:49.125,1.07055,1.07065,8.00,1.40
2010.03.24 17:30:49.476,1.07055,1.07065,4.80,1.40
2010.03.24 17:30:50.692,1.07055,1.0707,1.60,3.80
2010.03.24 17:30:51.043,1.07055,1.0707,1.60,4.60
2010.03.24 17:30:51.158,1.07055,1.0707,1.60,6.20
2010.03.24 17:30:51.545,1.07055,1.0707,4.00,3.80
2010.03.24 17:30:52.058,1.07055,1.0707,5.60,3.80
2010.03.24 17:30:52.408,1.0706,1.07075,4.80,1.40
2010.03.24 17:30:52.735,1.0706,1.0708,14.40,4.60
2010.03.24 17:30:53.495,1.07065,1.0708,7.20,1.40
2010.03.24 17:30:53.841,1.07065,1.07085,7.20,4.60
2010.03.24 17:30:54.191,1.07065,1.07085,7.20,9.50
2010.03.24 17:30:54.936,1.07065,1.0708,7.20,1.40
2010.03.24 17:30:55.835,1.0707,1.0708,2.40,1.40
2010.03.24 17:30:55.995,1.0707,1.07085,4.80,8.70
2010.03.24 17:30:56.156,1.0707,1.07085,4.80,8.60
2010.03.24 17:30:56.650,1.0707,1.07085,4.80,4.60
2010.03.24 17:30:56.932,1.07075,1.07085,2.40,2.40
2010.03.24 17:30:57.202,1.0708,1.0709,2.40,1.60
2010.03.24 17:30:57.872,1.0708,1.07095,2.40,4.60
2010.03.24 17:30:58.212,1.07075,1.0709,3.20,3.00
2010.03.24 17:30:58.555,1.07075,1.0709,1.60,3.00
2010.03.24 17:30:58.896,1.07075,1.0709,5.60,3.00
2010.03.24 17:30:59.575,1.07075,1.0709,5.60,3.80
2010.03.24 17:31:00.227,1.0707,1.07085,11.20,1.40
2010.03.24 17:31:00.397,1.0707,1.0708,1.60,2.40
2010.03.24 17:31:01.276,1.07065,1.07075,1.60,4.00
2010.03.24 17:31:02.052,1.0706,1.07075,11.20,1.40
2010.03.24 17:31:03.046,1.0706,1.07075,5.60,7.80
2010.03.24 17:31:03.751,1.0706,1.07075,1.60,13.40
2010.03.24 17:31:03.963,1.0706,1.07075,3.20,9.40
2010.03.24 17:31:07.881,1.0706,1.07075,1.60,9.40
2010.03.24 17:31:12.196,1.0706,1.07075,5.60,9.40
2010.03.24 17:31:12.310,1.0706,1.07075,7.20,7.80
2010.03.24 17:31:13.711,1.0706,1.07075,3.20,7.80
2010.03.24 17:31:14.601,1.0706,1.07075,1.60,7.80
2010.03.24 17:31:15.129,1.0706,1.07075,1.60,9.40
2010.03.24 17:31:17.369,1.0706,1.0708,1.60,19.70
2010.03.24 17:31:17.952,1.0706,1.07075,3.20,8.60
2010.03.24 17:31:18.632,1.0706,1.07075,7.20,8.60
2010.03.24 17:31:18.969,1.0706,1.07075,7.20,9.40
2010.03.24 17:31:34.674,1.0706,1.07075,3.20,9.40
2010.03.24 17:31:38.495,1.0706,1.07075,7.20,9.40
2010.03.24 17:31:45.231,1.07055,1.07075,17.60,9.40
2010.03.24 17:31:55.053,1.07055,1.07075,17.60,14.20
2010.03.24 17:31:55.333,1.0705,1.07075,18.80,13.40
2010.03.24 17:31:57.399,1.07065,1.07075,2.40,10.20
2010.03.24 17:31:57.532,1.0707,1.07075,1.00,1.40
2010.03.24 17:31:57.660,1.0707,1.0708,1.00,12.70
2010.03.24 17:31:57.790,1.0707,1.0708,1.00,4.70
2010.03.24 17:31:59.680,1.07065,1.0708,1.00,7.10
2010.03.24 17:31:59.881,1.0706,1.07075,14.40,3.00
2010.03.24 17:32:04.689,1.0706,1.07075,14.40,4.60
2010.03.24 17:32:05.264,1.0706,1.07075,12.00,4.60
2010.03.24 17:32:08.257,1.0706,1.07075,14.40,4.60
2010.03.24 17:32:09.002,1.0707,1.0708,2.40,1.40
2010.03.24 17:32:09.273,1.0707,1.0708,3.20,1.40
2010.03.24 17:32:10.659,1.0707,1.07085,3.20,4.60
2010.03.24 17:32:10.888,1.07065,1.07085,7.20,7.10
2010.03.24 17:32:11.117,1.07065,1.07085,7.20,11.90
2010.03.24 17:32:11.347,1.07065,1.0708,3.20,1.40
2010.03.24 17:32:13.655,1.07065,1.0708,7.20,1.40
2010.03.24 17:32:16.686,1.07065,1.0708,8.00,1.40
2010.03.24 17:32:19.408,1.07065,1.0708,7.20,1.40
2010.03.24 17:32:19.735,1.07065,1.07085,13.60,5.40
2010.03.24 17:32:20.057,1.0707,1.07085,2.40,4.60
2010.03.24 17:32:22.673,1.0707,1.07085,4.00,3.00
2010.03.24 17:32:22.783,1.0707,1.07085,5.60,3.00
2010.03.24 17:32:23.116,1.0707,1.07085,8.80,3.00
2010.03.24 17:32:23.837,1.0707,1.07085,9.60,3.00
2010.03.24 17:32:24.143,1.0707,1.07085,8.80,3.00
2010.03.24 17:32:24.762,1.0707,1.07085,9.60,3.00
2010.03.24 17:32:26.052,1.0707,1.07085,8.80,3.00
2010.03.24 17:32:26.243,1.0707,1.07085,9.60,3.00
2010.03.24 17:32:30.010,1.0707,1.07085,8.00,3.00
2010.03.24 17:32:30.411,1.0707,1.07085,4.00,3.00
2010.03.24 17:32:31.437,1.0707,1.07085,1.60,3.00
2010.03.24 17:32:31.595,1.0707,1.07085,1.60,4.60
2010.03.24 17:32:47.187,1.0707,1.07085,4.00,4.60
2010.03.24 17:32:51.138,1.0707,1.07085,5.60,3.00
2010.03.24 17:32:51.248,1.07065,1.0709,23.20,14.20
2010.03.24 17:32:51.360,1.0707,1.0709,13.60,4.60
2010.03.24 17:32:51.873,1.07075,1.0709,1.60,4.60
2010.03.24 17:32:54.585,1.07075,1.0709,1.60,5.40
2010.03.24 17:32:56.177,1.07075,1.0709,1.60,3.00
2010.03.24 17:32:56.844,1.07075,1.0709,3.20,1.40
2010.03.24 17:32:57.108,1.07075,1.0709,4.80,1.40
2010.03.24 17:32:58.515,1.07075,1.0709,4.80,2.20
2010.03.24 17:32:58.694,1.07075,1.0709,4.80,3.80
2010.03.24 17:32:59.384,1.07075,1.0709,3.20,3.80
2010.03.24 17:33:01.792,1.07075,1.0709,1.60,3.80
2010.03.24 17:33:02.407,1.07075,1.0709,1.60,5.40
2010.03.24 17:33:05.285,1.07075,1.0709,3.20,5.40
2010.03.24 17:33:07.654,1.07075,1.0709,1.60,5.40
2010.03.24 17:33:09.676,1.0707,1.07085,15.20,1.40
2010.03.24 17:33:10.250,1.0707,1.07085,11.20,3.00
2010.03.24 17:33:10.430,1.0707,1.07085,5.60,3.00
2010.03.24 17:33:11.653,1.0707,1.07085,7.20,1.40
2010.03.24 17:33:11.912,1.0707,1.07085,9.60,3.00
2010.03.24 17:33:12.171,1.0707,1.07085,5.60,3.00
2010.03.24 17:33:14.060,1.0707,1.07085,5.61,3.00
2010.03.24 17:33:21.772,1.0707,1.07085,4.00,4.60
2010.03.24 17:33:21.912,1.0708,1.07085,1.00,9.40
2010.03.24 17:33:22.451,1.0706,1.0708,12.80,1.40
2010.03.24 17:33:22.561,1.0706,1.0708,7.20,2.20
2010.03.24 17:33:24.938,1.07065,1.0708,7.20,1.40
2010.03.24 17:33:26.528,1.07065,1.07075,7.20,1.00
2010.03.24 17:33:28.883,1.07065,1.07075,3.20,1.00
2010.03.24 17:33:33.875,1.07065,1.07075,1.60,1.00
2010.03.24 17:33:35.274,1.0706,1.07075,4.00,4.80
2010.03.24 17:33:35.515,1.0706,1.07075,3.20,6.20
2010.03.24 17:33:36.226,1.0706,1.07075,3.20,6.20
2010.03.24 17:33:38.633,1.0706,1.07075,4.80,6.20
2010.03.24 17:33:38.845,1.07065,1.0708,8.00,1.40
2010.03.24 17:33:39.040,1.07065,1.0708,13.60,1.40
2010.03.24 17:33:39.238,1.07065,1.0708,9.60,1.40
2010.03.24 17:33:40.036,1.07065,1.0708,13.60,1.40
2010.03.24 17:33:40.306,1.07065,1.0708,14.40,1.40
2010.03.24 17:33:42.503,1.07065,1.0708,13.60,1.40
2010.03.24 17:33:42.933,1.07065,1.0708,14.40,1.40
2010.03.24 17:33:43.616,1.07065,1.0708,13.60,1.40
2010.03.24 17:33:45.050,1.07065,1.0708,14.40,1.40
2010.03.24 17:33:46.273,1.07065,1.0708,13.60,1.40
2010.03.24 17:33:46.662,1.07065,1.0708,14.50,1.40
2010.03.24 17:33:49.090,1.07065,1.0708,15.30,1.40
2010.03.24 17:33:57.410,1.07065,1.0708,14.50,1.40
2010.03.24 17:34:04.650,1.07065,1.0708,15.30,1.40
2010.03.24 17:34:06.284,1.07065,1.0708,14.50,1.40
2010.03.24 17:34:06.995,1.07065,1.0708,15.30,1.40
2010.03.24 17:34:07.563,1.07065,1.0708,16.10,1.40
2010.03.24 17:34:09.007,1.0707,1.0708,1.00,1.40
2010.03.24 17:34:09.218,1.0707,1.07085,4.00,4.60
2010.03.24 17:34:09.959,1.0707,1.07085,10.40,1.40
2010.03.24 17:34:10.302,1.0707,1.07085,12.00,1.40
2010.03.24 17:34:10.649,1.07075,1.0709,1.60,8.60
2010.03.24 17:34:11.168,1.07075,1.0709,1.60,12.60
2010.03.24 17:34:12.229,1.0708,1.0709,2.40,1.00
2010.03.24 17:34:12.556,1.0708,1.07095,6.40,3.00
2010.03.24 17:34:35.049,1.0708,1.07095,6.40,4.60
2010.03.24 17:34:42.080,1.0709,1.07095,1.60,3.00
2010.03.24 17:34:42.598,1.0709,1.071,1.60,12.00
2010.03.24 17:34:42.807,1.07105,1.0712,1.00,1.40
2010.03.24 17:34:43.016,1.07125,1.07135,1.60,3.00
2010.03.24 17:34:43.652,1.0712,1.0714,4.00,1.00
2010.03.24 17:34:43.997,1.0714,1.07155,1.60,1.60
2010.03.24 17:34:44.345,1.07145,1.07165,5.60,4.10
2010.03.24 17:34:45.076,1.07155,1.0716,4.00,1.60
2010.03.24 17:34:45.414,1.0715,1.0716,4.00,4.00
2010.03.24 17:34:45.761,1.0715,1.0716,8.00,4.00
2010.03.24 17:34:46.360,1.0715,1.0716,8.00,2.40
2010.03.24 17:34:47.312,1.07145,1.0716,6.80,2.40
2010.03.24 17:34:47.772,1.07145,1.07155,2.00,2.40
2010.03.24 17:34:48.013,1.0714,1.07155,8.40,3.80
2010.03.24 17:34:48.275,1.0714,1.07155,8.00,8.60
2010.03.24 17:34:48.947,1.07135,1.0715,1.60,11.80
2010.03.24 17:34:49.201,1.07135,1.0715,3.60,11.80
2010.03.24 17:34:49.539,1.07135,1.0715,3.60,7.80
2010.03.24 17:34:50.561,1.07135,1.07145,1.60,2.40
2010.03.24 17:34:51.175,1.07135,1.0715,3.60,7.80
2010.03.24 17:34:51.391,1.07135,1.0715,5.20,6.20
2010.03.24 17:34:52.317,1.07135,1.07145,3.60,3.20
2010.03.24 17:34:52.430,1.07135,1.07145,1.00,6.30
2010.03.24 17:34:52.712,1.0713,1.07145,2.80,10.20
2010.03.24 17:34:52.991,1.0713,1.07145,11.20,1.40
2010.03.24 17:34:53.583,1.0713,1.07145,8.80,1.40
2010.03.24 17:34:53.722,1.0713,1.0715,12.80,11.80
2010.03.24 17:34:53.857,1.0713,1.0715,11.20,11.80
2010.03.24 17:34:54.767,1.0713,1.0715,12.80,11.80
2010.03.24 17:34:57.179,1.0713,1.0715,13.20,12.60
2010.03.24 17:34:58.240,1.07135,1.0715,1.60,12.60
2010.03.24 17:34:59.919,1.07135,1.0715,3.20,8.60
2010.03.24 17:35:00.178,1.07135,1.0715,4.80,6.20
2010.03.24 17:35:00.870,1.07135,1.0715,1.60,12.60
2010.03.24 17:35:01.199,1.07145,1.0715,2.40,7.80
2010.03.24 17:35:01.364,1.0715,1.07155,1.00,8.80
2010.03.24 17:35:01.533,1.07145,1.07155,14.80,1.00
2010.03.24 17:35:02.083,1.07145,1.07165,15.60,8.60
2010.03.24 17:35:02.383,1.0715,1.07165,3.20,1.40
2010.03.24 17:35:02.676,1.0715,1.07165,3.60,1.40
2010.03.24 17:35:03.260,1.0715,1.07165,4.00,1.40
2010.03.24 17:35:03.966,1.0715,1.07165,6.40,1.40
2010.03.24 17:35:04.292,1.07155,1.0717,2.00,7.80
2010.03.24 17:35:04.563,1.0715,1.0717,13.20,10.20
2010.03.24 17:35:04.816,1.0715,1.0717,12.40,11.00
2010.03.24 17:35:05.879,1.0715,1.0717,7.60,12.60
2010.03.24 17:35:06.228,1.0715,1.07165,3.20,9.40
2010.03.24 17:35:06.574,1.0715,1.07165,3.20,10.20
2010.03.24 17:35:07.357,1.0715,1.07165,3.20,9.40
2010.03.24 17:35:07.794,1.0715,1.07165,1.60,9.40
2010.03.24 17:35:08.013,1.0715,1.07165,1.60,10.20
2010.03.24 17:35:08.581,1.0715,1.07165,1.60,7.00
2010.03.24 17:35:08.668,1.0715,1.07165,1.60,11.80
2010.03.24 17:35:11.693,1.0715,1.0716,1.60,7.20
2010.03.24 17:35:11.784,1.07145,1.0716,3.20,7.00
2010.03.24 17:35:11.874,1.07145,1.0716,3.20,13.40
2010.03.24 17:35:11.964,1.07145,1.0716,3.20,14.30
2010.03.24 17:35:12.056,1.0714,1.0716,9.60,15.10
2010.03.24 17:35:12.144,1.0714,1.0716,9.60,16.70
2010.03.24 17:35:12.723,1.0714,1.0716,16.80,7.90
2010.03.24 17:35:13.061,1.0714,1.0716,12.80,11.00
2010.03.24 17:35:13.622,1.07145,1.0716,1.60,11.40
2010.03.24 17:35:14.072,1.07145,1.0716,1.60,10.60
2010.03.24 17:35:14.532,1.07145,1.0716,1.60,6.60
2010.03.24 17:35:14.993,1.07145,1.07155,1.60,1.00
2010.03.24 17:35:15.235,1.0714,1.07145,1.60,2.40
2010.03.24 17:35:15.876,1.0713,1.0714,1.60,2.40
2010.03.24 17:35:16.023,1.07125,1.0714,9.60,2.40
2010.03.24 17:35:16.173,1.07125,1.0714,5.60,2.40
2010.03.24 17:35:18.420,1.07125,1.0714,6.40,2.40
2010.03.24 17:35:18.542,1.0713,1.0714,1.60,2.40
2010.03.24 17:35:18.661,1.0713,1.0714,3.20,2.40
2010.03.24 17:35:19.763,1.0713,1.0714,1.60,3.20
2010.03.24 17:35:20.100,1.0713,1.0714,1.60,2.40
2010.03.24 17:35:37.083,1.07125,1.0714,7.20,5.40
2010.03.24 17:35:37.282,1.07125,1.0714,3.20,9.40
2010.03.24 17:35:37.676,1.07125,1.07135,1.60,1.00
2010.03.24 17:35:38.412,1.0712,1.07135,8.80,5.40
2010.03.24 17:35:38.783,1.0712,1.07135,4.80,11.00
2010.03.24 17:35:40.425,1.07115,1.0713,3.20,13.80
2010.03.24 17:35:41.134,1.07115,1.0713,4.80,4.60
2010.03.24 17:35:41.834,1.07115,1.0713,6.40,4.60
2010.03.24 17:35:43.822,1.0712,1.0713,1.60,4.60
2010.03.24 17:35:43.954,1.0712,1.0713,1.60,3.20
2010.03.24 17:35:44.447,1.07115,1.0713,6.40,3.20
2010.03.24 17:35:45.399,1.07115,1.0713,6.40,4.90
2010.03.24 17:35:46.285,1.07115,1.0713,6.40,4.60
2010.03.24 17:35:46.998,1.07115,1.0713,3.20,6.50
2010.03.24 17:35:47.336,1.07115,1.0713,1.60,8.10
2010.03.24 17:35:47.539,1.07115,1.0713,6.40,1.00
2010.03.24 17:35:47.934,1.07115,1.0713,7.20,1.00
2010.03.24 17:35:48.135,1.0712,1.0713,1.60,1.00
2010.03.24 17:35:57.715,1.0712,1.0713,1.60,5.00
2010.03.24 17:36:00.876,1.0712,1.0713,3.20,1.00
2010.03.24 17:36:01.116,1.0712,1.0713,1.60,3.20
2010.03.24 17:36:01.337,1.0712,1.0713,1.60,3.40
2010.03.24 17:36:09.909,1.07115,1.07125,4.80,2.00
2010.03.24 17:36:10.151,1.07115,1.0713,4.80,3.40
2010.03.24 17:36:10.391,1.0712,1.0713,1.60,7.40
2010.03.24 17:36:11.315,1.0712,1.0713,1.60,3.40
2010.03.24 17:36:11.662,1.0711,1.0712,10.00,3.20
2010.03.24 17:36:11.951,1.07115,1.07125,3.20,12.00
2010.03.24 17:36:12.240,1.07115,1.07125,3.20,4.00
2010.03.24 17:36:13.599,1.07115,1.07125,3.20,1.00
2010.03.24 17:36:13.752,1.07115,1.07125,4.80,1.00
2010.03.24 17:36:13.920,1.07115,1.07125,6.40,1.00
2010.03.24 17:36:15.276,1.07115,1.0713,1.60,17.80
2010.03.24 17:36:15.612,1.0711,1.07125,6.40,3.20
2010.03.24 17:36:15.949,1.0711,1.07125,6.40,7.20
2010.03.24 17:36:16.207,1.0711,1.07125,6.40,8.60
2010.03.24 17:36:16.471,1.0711,1.07115,4.80,3.20
2010.03.24 17:36:16.981,1.07105,1.07115,4.40,2.40
2010.03.24 17:36:17.165,1.07105,1.0712,3.20,6.20
2010.03.24 17:36:17.336,1.07105,1.0712,3.20,10.20
2010.03.24 17:36:17.510,1.07105,1.0712,3.20,6.20
2010.03.24 17:36:17.679,1.07105,1.07115,1.60,1.00
2010.03.24 17:36:17.847,1.07105,1.07115,1.60,3.20
2010.03.24 17:36:18.018,1.071,1.07115,4.80,7.20
2010.03.24 17:36:19.319,1.071,1.07115,4.80,3.20
2010.03.24 17:36:22.351,1.071,1.07115,5.20,3.20
2010.03.24 17:36:22.557,1.071,1.07115,5.20,2.40
2010.03.24 17:36:23.067,1.07105,1.07115,1.60,2.40
2010.03.24 17:36:23.273,1.07105,1.07115,1.60,3.20
2010.03.24 17:36:23.479,1.07105,1.07115,3.20,2.40
2010.03.24 17:36:23.680,1.07105,1.0712,4.80,10.50
2010.03.24 17:36:24.088,1.07105,1.0712,4.80,10.50
2010.03.24 17:36:24.435,1.07105,1.0712,7.20,2.40
2010.03.24 17:36:24.783,1.07105,1.07125,9.60,13.40
2010.03.24 17:36:27.113,1.07105,1.07125,10.40,13.40
2010.03.24 17:36:28.167,1.07105,1.07125,14.40,13.40
2010.03.24 17:36:28.344,1.07105,1.07125,14.50,13.40
2010.03.24 17:36:28.530,1.0711,1.07125,1.60,7.80
2010.03.24 17:36:33.712,1.0711,1.07125,1.60,9.40
2010.03.24 17:36:34.339,1.0711,1.07125,1.60,13.40
2010.03.24 17:36:35.742,1.0711,1.07125,1.60,9.40
2010.03.24 17:36:36.391,1.0711,1.07125,1.60,17.40
2010.03.24 17:36:36.525,1.0711,1.07125,1.60,13.40
2010.03.24 17:36:36.651,1.0711,1.07125,1.60,9.40
2010.03.24 17:36:37.404,1.0711,1.07125,3.20,9.40
2010.03.24 17:36:39.157,1.0711,1.07125,9.60,1.40
2010.03.24 17:36:39.744,1.0711,1.0713,10.40,3.80
2010.03.24 17:36:40.032,1.0711,1.0713,14.80,3.80
2010.03.24 17:36:40.454,1.07115,1.0713,1.60,3.80
2010.03.24 17:36:40.743,1.07115,1.0713,3.20,3.80
2010.03.24 17:36:41.696,1.07115,1.0713,1.60,4.60
2010.03.24 17:36:41.742,1.07115,1.0713,1.60,6.20
2010.03.24 17:36:43.217,1.07115,1.07125,1.60,4.80
2010.03.24 17:36:43.565,1.0711,1.07125,3.20,6.40
2010.03.24 17:36:43.750,1.0711,1.07125,3.20,10.40
2010.03.24 17:36:43.940,1.0711,1.07125,3.20,13.40
2010.03.24 17:36:45.602,1.07105,1.0712,8.80,4.60
2010.03.24 17:36:46.264,1.07105,1.0712,4.80,4.60
2010.03.24 17:36:48.179,1.07105,1.0712,8.80,4.60
2010.03.24 17:36:50.765,1.07105,1.0712,7.20,6.20
2010.03.24 17:36:51.008,1.07105,1.0712,5.60,6.20
2010.03.24 17:36:55.176,1.07105,1.0712,5.60,8.10
2010.03.24 17:36:55.469,1.071,1.0712,14.00,6.20
2010.03.24 17:37:01.716,1.07105,1.0712,1.60,6.20
2010.03.24 17:37:03.946,1.07105,1.0712,5.60,6.20
2010.03.24 17:37:09.177,1.0711,1.0712,1.00,1.40
2010.03.24 17:37:09.365,1.0711,1.07125,1.00,7.80
2010.03.24 17:37:09.554,1.07105,1.07125,14.40,7.80
2010.03.24 17:37:09.744,1.0711,1.07125,1.60,7.80
2010.03.24 17:37:10.513,1.0711,1.07125,1.60,11.80
2010.03.24 17:37:21.362,1.0711,1.07125,1.60,7.80
2010.03.24 17:37:23.160,1.0711,1.07125,1.60,11.80
2010.03.24 17:37:30.828,1.0711,1.07125,3.20,13.10
2010.03.24 17:37:31.681,1.0711,1.07125,3.20,9.10
2010.03.24 17:37:32.748,1.0711,1.07125,1.60,9.30
2010.03.24 17:37:32.968,1.07105,1.07125,15.20,10.80
2010.03.24 17:37:33.188,1.07105,1.07125,13.60,10.80
2010.03.24 17:37:33.578,1.07105,1.07125,14.40,10.80
2010.03.24 17:37:33.747,1.07105,1.07125,14.40,14.80
2010.03.24 17:37:34.437,1.07105,1.07125,16.80,14.80
2010.03.24 17:37:34.617,1.0711,1.07125,2.40,5.50
2010.03.24 17:37:34.792,1.0711,1.07125,2.40,7.10
2010.03.24 17:37:34.964,1.0711,1.07125,4.00,5.50
2010.03.24 17:37:35.130,1.0711,1.07125,8.00,5.50
2010.03.24 17:37:35.297,1.0711,1.07125,8.00,3.90
2010.03.24 17:37:37.364,1.07105,1.07125,18.40,7.90
2010.03.24 17:37:37.387,1.07105,1.07125,18.40,9.50
2010.03.24 17:37:37.527,1.07105,1.07125,14.80,9.50
2010.03.24 17:37:39.758,1.07105,1.07125,14.40,9.50
2010.03.24 17:37:39.967,1.07105,1.07125,14.80,9.50
2010.03.24 17:37:41.776,1.07105,1.07125,14.40,9.50
2010.03.24 17:37:42.446,1.0711,1.07125,2.40,7.10
2010.03.24 17:37:42.647,1.0711,1.07125,2.40,5.50
2010.03.24 17:37:44.077,1.0711,1.07125,8.00,5.50
2010.03.24 17:37:44.247,1.0711,1.07125,8.00,3.90
2010.03.24 17:37:45.988,1.0711,1.07125,13.60,2.40
2010.03.24 17:37:46.159,1.0711,1.07125,9.60,4.00
2010.03.24 17:37:46.339,1.0711,1.07125,7.20,7.70
2010.03.24 17:37:46.506,1.0711,1.07125,3.20,7.70
2010.03.24 17:37:46.675,1.0711,1.07125,3.20,10.80
2010.03.24 17:37:47.535,1.0711,1.07125,1.60,10.80
2010.03.24 17:37:52.881,1.0711,1.07125,1.60,9.20
2010.03.24 17:37:53.177,1.0711,1.07125,4.00,7.10
2010.03.24 17:37:53.933,1.0711,1.07125,8.00,5.40
2010.03.24 17:37:56.139,1.0711,1.07125,8.80,5.40
2010.03.24 17:37:56.672,1.0711,1.07125,8.80,3.00
2010.03.24 17:37:56.784,1.0711,1.0713,10.40,7.90
2010.03.24 17:37:56.897,1.07115,1.0713,1.00,7.00
2010.03.24 17:37:57.409,1.0712,1.07135,2.40,9.00
2010.03.24 17:37:57.660,1.0712,1.07135,8.80,3.00
2010.03.24 17:37:57.902,1.0712,1.07135,10.40,3.00
2010.03.24 17:37:59.385,1.0712,1.07135,10.40,5.40
2010.03.24 17:37:59.681,1.0712,1.07135,1.60,7.90
2010.03.24 17:38:00.102,1.0712,1.07135,1.60,9.10
2010.03.24 17:38:04.840,1.07115,1.07135,20.40,10.70
2010.03.24 17:38:05.110,1.07115,1.07135,16.40,14.70
2010.03.24 17:38:05.250,1.07115,1.07135,15.60,14.70
2010.03.24 17:38:05.520,1.07115,1.0713,14.00,2.40
2010.03.24 17:38:05.662,1.07115,1.0713,7.20,4.80
2010.03.24 17:38:05.801,1.07115,1.0713,5.60,6.20
2010.03.24 17:38:06.329,1.07115,1.0713,12.00,1.40
2010.03.24 17:38:06.574,1.07115,1.0713,8.80,1.40
2010.03.24 17:38:08.406,1.07115,1.0713,8.80,3.80
2010.03.24 17:38:08.582,1.07115,1.0713,4.80,3.90
2010.03.24 17:38:08.752,1.0711,1.0713,14.40,7.90
2010.03.24 17:38:09.377,1.0711,1.0713,10.40,7.90
2010.03.24 17:38:10.572,1.0711,1.0713,9.60,7.90
2010.03.24 17:38:13.278,1.0711,1.0713,10.40,7.90
2010.03.24 17:38:13.830,1.0711,1.07125,14.40,3.80
2010.03.24 17:38:22.705,1.0711,1.07125,10.40,3.80
2010.03.24 17:38:25.937,1.0711,1.07125,8.00,6.20
2010.03.24 17:38:26.112,1.0711,1.07125,1.00,9.40
2010.03.24 17:38:26.279,1.07105,1.07125,11.10,17.40
2010.03.24 17:38:26.746,1.0711,1.0712,1.00,1.40
2010.03.24 17:38:27.451,1.0711,1.07125,1.00,22.20
2010.03.24 17:38:27.606,1.0711,1.0712,1.00,7.00
2010.03.24 17:38:28.182,1.0711,1.0712,1.00,12.80
2010.03.24 17:38:30.116,1.0711,1.0712,1.00,11.20
2010.03.24 17:38:31.371,1.0711,1.0712,1.00,12.80
2010.03.24 17:38:31.744,1.0711,1.0712,1.00,12.80
2010.03.24 17:38:31.804,1.071,1.07115,5.60,2.40
2010.03.24 17:38:34.253,1.071,1.07115,4.80,3.20
2010.03.24 17:38:34.466,1.071,1.0712,3.20,18.80
2010.03.24 17:38:44.446,1.07095,1.07115,23.20,3.80
2010.03.24 17:38:46.492,1.07095,1.07115,15.20,3.80
2010.03.24 17:38:49.861,1.071,1.07115,5.60,3.80
2010.03.24 17:39:00.047,1.071,1.07115,4.00,5.40
2010.03.24 17:39:00.262,1.071,1.0711,1.60,3.90
2010.03.24 17:39:00.527,1.07095,1.0711,1.60,6.20
2010.03.24 17:39:02.029,1.07095,1.07105,1.60,1.40
2010.03.24 17:39:02.856,1.0709,1.07105,10.40,1.40
2010.03.24 17:39:02.977,1.0709,1.07105,10.40,3.80
2010.03.24 17:39:03.820,1.0709,1.07105,8.80,3.00
2010.03.24 17:39:03.940,1.0709,1.07105,5.60,7.80
2010.03.24 17:39:04.669,1.0709,1.071,1.60,2.40
2010.03.24 17:39:05.020,1.07085,1.071,10.40,2.40
2010.03.24 17:39:05.295,1.07085,1.071,11.20,2.40
2010.03.24 17:39:05.569,1.07085,1.071,10.40,2.40
2010.03.24 17:39:06.742,1.07085,1.071,9.60,2.40
2010.03.24 17:39:07.307,1.07085,1.071,9.70,2.40
2010.03.24 17:39:08.176,1.0709,1.071,1.60,2.40
2010.03.24 17:39:08.340,1.07095,1.071,2.40,2.40
2010.03.24 17:39:08.833,1.07095,1.0711,4.00,10.20
2010.03.24 17:39:09.057,1.07095,1.0711,4.90,5.40
2010.03.24 17:39:09.278,1.07095,1.0711,12.90,5.40
2010.03.24 17:39:11.095,1.07095,1.0711,8.90,7.00
2010.03.24 17:39:11.166,1.07095,1.07105,6.40,2.40
2010.03.24 17:39:11.375,1.07095,1.07105,5.60,2.40
2010.03.24 17:39:11.446,1.07095,1.07105,1.60,2.40
2010.03.24 17:39:12.898,1.07095,1.0711,4.00,7.00
2010.03.24 17:39:13.176,1.07095,1.0711,8.00,7.00
2010.03.24 17:39:13.993,1.07095,1.0711,8.10,7.00
2010.03.24 17:39:16.842,1.07095,1.0711,6.50,7.00
2010.03.24 17:39:16.987,1.07095,1.0711,7.30,7.00
2010.03.24 17:39:17.874,1.07095,1.0711,7.20,7.00
2010.03.24 17:39:18.025,1.07095,1.0711,6.40,7.00
2010.03.24 17:39:18.397,1.07095,1.0711,7.20,7.00
2010.03.24 17:39:18.934,1.07095,1.0711,6.40,7.00
2010.03.24 17:39:19.127,1.07095,1.0711,7.20,7.00
2010.03.24 17:39:20.072,1.07095,1.0711,6.40,7.00
2010.03.24 17:39:21.852,1.07095,1.0711,7.20,7.00
2010.03.24 17:39:22.010,1.07095,1.0711,6.40,7.00
2010.03.24 17:39:22.231,1.07095,1.07105,6.40,1.40
2010.03.24 17:39:23.482,1.07095,1.07105,4.00,3.00
2010.03.24 17:39:23.995,1.07095,1.07105,4.00,5.40
2010.03.24 17:39:24.180,1.0709,1.07105,7.20,5.40
2010.03.24 17:39:24.368,1.0709,1.07105,2.40,7.00
2010.03.24 17:39:24.555,1.0709,1.07105,2.40,7.10
2010.03.24 17:39:25.499,1.0709,1.07105,2.40,10.90
2010.03.24 17:39:25.787,1.07085,1.071,11.60,3.80
2010.03.24 17:39:28.502,1.07085,1.071,10.40,2.40
2010.03.24 17:39:28.752,1.0709,1.071,1.60,2.40
2010.03.24 17:39:32.169,1.07085,1.071,10.00,2.40
2010.03.24 17:39:32.329,1.07085,1.071,11.60,2.40
2010.03.24 17:39:32.889,1.07085,1.071,10.40,2.40
2010.03.24 17:39:33.050,1.07085,1.071,11.60,2.40
2010.03.24 17:39:34.019,1.07085,1.071,10.80,2.40
2010.03.24 17:39:34.371,1.07085,1.071,10.00,2.40
2010.03.24 17:39:34.928,1.07085,1.071,10.20,2.40
2010.03.24 17:39:36.977,1.0709,1.071,1.60,2.40
2010.03.24 17:39:39.635,1.07085,1.071,7.00,3.80
2010.03.24 17:39:39.808,1.0708,1.071,16.30,6.20
2010.03.24 17:39:40.112,1.07085,1.071,1.80,7.80
2010.03.24 17:39:41.144,1.0708,1.07095,13.60,1.40
2010.03.24 17:39:41.384,1.0708,1.07095,9.60,1.40
2010.03.24 17:39:42.857,1.0708,1.07095,10.40,1.40
2010.03.24 17:39:43.480,1.0708,1.07095,6.40,3.00
2010.03.24 17:39:44.632,1.07085,1.07095,1.00,3.00
2010.03.24 17:39:44.952,1.07085,1.07095,1.00,1.40
2010.03.24 17:39:45.880,1.0708,1.07095,10.40,3.00
2010.03.24 17:39:47.256,1.0708,1.0709,9.60,1.00
2010.03.24 17:39:47.398,1.07075,1.0709,12.00,4.60
2010.03.24 17:39:47.538,1.07075,1.0709,5.60,4.60
2010.03.24 17:39:48.213,1.07075,1.0709,5.60,6.20
2010.03.24 17:39:55.969,1.0707,1.0709,19.60,8.60
2010.03.24 17:39:58.443,1.0707,1.07085,19.20,2.40
2010.03.24 17:39:58.637,1.0707,1.0708,13.60,2.40
2010.03.24 17:39:58.825,1.07065,1.0708,12.80,2.40
2010.03.24 17:39:59.015,1.07065,1.0708,12.80,5.40
2010.03.24 17:40:00.492,1.07065,1.0708,12.80,1.40
2010.03.24 17:40:07.217,1.07065,1.0708,13.60,1.40
2010.03.24 17:40:07.410,1.07065,1.07085,13.60,5.40
2010.03.24 17:40:12.297,1.07065,1.07085,12.80,5.40
2010.03.24 17:40:16.403,1.07065,1.07085,15.20,3.00
2010.03.24 17:40:16.916,1.0707,1.07085,1.60,3.00
2010.03.24 17:40:20.301,1.07065,1.07085,13.60,5.40
2010.03.24 17:40:20.571,1.07065,1.07085,12.80,5.40
2010.03.24 17:40:23.470,1.07065,1.07085,12.80,5.50
2010.03.24 17:40:27.468,1.07065,1.07085,12.80,5.40
2010.03.24 17:40:29.727,1.0707,1.07085,1.60,5.40
2010.03.24 17:40:29.947,1.0707,1.07085,3.20,5.40
2010.03.24 17:40:30.167,1.0707,1.07085,3.20,3.80
2010.03.24 17:40:30.390,1.0707,1.0709,7.20,10.10
2010.03.24 17:40:30.618,1.0707,1.0709,8.80,14.10
2010.03.24 17:40:31.400,1.07075,1.07095,8.80,5.40
2010.03.24 17:40:31.752,1.07075,1.0709,7.20,2.40
2010.03.24 17:40:31.947,1.07075,1.0709,8.80,2.40
2010.03.24 17:40:32.149,1.07075,1.0709,4.80,2.40
2010.03.24 17:40:32.751,1.07075,1.07095,8.80,5.40
2010.03.24 17:40:33.037,1.0708,1.07095,1.60,9.40
2010.03.24 17:40:33.625,1.07075,1.0709,7.20,2.40
2010.03.24 17:40:34.634,1.07075,1.07095,3.20,12.00
2010.03.24 17:40:34.910,1.07075,1.07095,7.20,7.00
2010.03.24 17:40:35.200,1.07075,1.0709,7.20,1.40
2010.03.24 17:40:37.704,1.07075,1.0709,5.60,1.40
2010.03.24 17:40:39.444,1.07075,1.0709,5.60,3.00
2010.03.24 17:40:42.062,1.07075,1.0709,5.60,1.40
2010.03.24 17:40:43.782,1.07075,1.0709,7.20,6.50
2010.03.24 17:40:43.930,1.07075,1.0709,3.20,7.80
2010.03.24 17:40:44.203,1.07075,1.0709,3.20,7.00
2010.03.24 17:40:44.345,1.07075,1.07095,1.60,15.20
2010.03.24 17:40:46.818,1.07075,1.0709,1.60,7.10
2010.03.24 17:40:47.114,1.0707,1.0709,13.60,7.10
2010.03.24 17:40:47.720,1.07075,1.0709,4.00,3.00
2010.03.24 17:40:48.065,1.0707,1.0709,16.00,3.00
2010.03.24 17:40:48.404,1.07075,1.0709,5.60,3.00
2010.03.24 17:40:49.328,1.07075,1.0709,7.20,1.40
2010.03.24 17:40:49.616,1.07075,1.0709,1.60,3.80
2010.03.24 17:40:49.906,1.0707,1.0709,14.40,7.80
2010.03.24 17:40:50.934,1.0707,1.0709,13.60,7.80
2010.03.24 17:40:51.660,1.0707,1.0709,14.40,7.80
2010.03.24 17:40:52.182,1.0707,1.0709,13.60,7.80
2010.03.24 17:40:52.729,1.0707,1.0709,14.40,7.80
2010.03.24 17:40:52.939,1.0707,1.0709,13.60,7.80
2010.03.24 17:40:53.149,1.0707,1.0709,13.60,6.20
2010.03.24 17:40:55.669,1.0707,1.0709,14.40,6.20
2010.03.24 17:40:55.969,1.0707,1.0709,13.60,6.20
2010.03.24 17:40:57.038,1.0707,1.0709,14.40,6.20
2010.03.24 17:40:57.228,1.0707,1.0709,13.60,6.20
2010.03.24 17:40:58.598,1.0707,1.0709,14.40,6.20
2010.03.24 17:40:58.858,1.0707,1.0709,13.60,6.20
2010.03.24 17:40:59.268,1.0707,1.0709,14.40,6.20
2010.03.24 17:40:59.408,1.0707,1.0709,13.60,6.20
2010.03.24 17:41:00.651,1.0707,1.0709,14.40,6.20
2010.03.24 17:41:00.818,1.07065,1.0709,22.00,6.20
2010.03.24 17:41:01.557,1.0707,1.0709,14.40,6.20
2010.03.24 17:41:01.757,1.0707,1.0709,13.60,6.20
2010.03.24 17:41:01.957,1.0707,1.0709,14.40,6.20
2010.03.24 17:41:02.157,1.0707,1.0709,13.60,6.20
2010.03.24 17:41:14.064,1.0707,1.0709,14.40,6.20
2010.03.24 17:41:14.324,1.0707,1.0709,13.60,6.20
2010.03.24 17:41:19.255,1.07075,1.0709,1.60,6.20
2010.03.24 17:41:19.363,1.07075,1.0709,1.60,4.60
2010.03.24 17:41:19.476,1.07075,1.0709,3.20,4.60
2010.03.24 17:41:21.834,1.0707,1.0708,4.80,2.40
2010.03.24 17:41:22.953,1.0707,1.07085,4.80,10.20
2010.03.24 17:41:23.234,1.0707,1.07085,4.80,7.40
2010.03.24 17:41:23.513,1.0707,1.0708,4.80,3.20
2010.03.24 17:41:23.643,1.0707,1.0708,3.20,3.20
2010.03.24 17:41:36.420,1.0707,1.07075,3.20,2.40
2010.03.24 17:41:36.623,1.0707,1.07075,3.20,4.00
2010.03.24 17:41:37.191,1.07065,1.07075,9.60,5.60
2010.03.24 17:41:37.337,1.0706,1.0707,4.80,3.20
2010.03.24 17:41:39.037,1.0706,1.07075,4.80,6.20
2010.03.24 17:41:39.191,1.07065,1.07075,1.60,4.80
2010.03.24 17:41:40.090,1.0706,1.07075,8.80,4.80
2010.03.24 17:41:40.351,1.0706,1.0707,3.20,1.00
2010.03.24 17:41:40.611,1.0706,1.0707,1.60,4.00
2010.03.24 17:41:41.234,1.0706,1.0707,3.20,4.00
2010.03.24 17:41:41.430,1.0706,1.0707,1.60,4.00
2010.03.24 17:41:43.728,1.0706,1.0707,3.20,4.00
2010.03.24 17:41:44.473,1.0706,1.0707,1.60,1.60
2010.03.24 17:41:44.734,1.0706,1.0707,3.20,1.60
2010.03.24 17:41:45.081,1.0706,1.0707,7.20,1.00
2010.03.24 17:41:45.420,1.0706,1.0707,4.80,1.00
2010.03.24 17:41:46.151,1.0706,1.07075,4.80,4.80
2010.03.24 17:41:49.048,1.07065,1.0708,7.20,16.90
2010.03.24 17:41:49.278,1.0707,1.07085,3.20,11.60
2010.03.24 17:41:49.425,1.07075,1.07085,3.20,6.80
2010.03.24 17:41:49.942,1.07075,1.07085,3.20,4.00
2010.03.24 17:41:50.084,1.07075,1.07085,3.20,1.00
2010.03.24 17:41:50.428,1.07075,1.07085,3.20,1.00
2010.03.24 17:41:55.983,1.07075,1.07085,3.20,1.00
2010.03.24 17:41:56.575,1.07075,1.07085,7.20,1.00
2010.03.24 17:41:56.753,1.07075,1.07085,11.20,1.00
2010.03.24 17:41:57.103,1.0708,1.07085,4.00,1.00
2010.03.24 17:41:57.449,1.0708,1.07095,8.20,2.40
2010.03.24 17:41:57.796,1.0708,1.07095,7.40,2.40
2010.03.24 17:41:59.163,1.07075,1.07085,12.80,1.00
2010.03.24 17:41:59.297,1.07075,1.07085,4.80,1.00
2010.03.24 17:42:01.994,1.07075,1.07085,4.80,3.20
2010.03.24 17:42:02.197,1.07075,1.07085,3.20,3.20
2010.03.24 17:42:02.298,1.07075,1.07085,1.60,1.00
2010.03.24 17:42:02.867,1.07075,1.07085,3.20,1.00
2010.03.24 17:42:03.212,1.07075,1.07085,3.20,3.20
2010.03.24 17:42:05.250,1.07075,1.07085,1.60,3.20
2010.03.24 17:42:09.832,1.0707,1.0708,5.00,2.40
2010.03.24 17:42:10.160,1.0707,1.07085,8.20,5.40
2010.03.24 17:42:10.657,1.0707,1.07085,8.20,4.60
2010.03.24 17:42:12.876,1.0707,1.07085,12.20,4.60
2010.03.24 17:42:19.362,1.0707,1.07085,12.20,3.20
2010.03.24 17:42:19.485,1.0707,1.07085,16.20,3.20
2010.03.24 17:42:21.290,1.0707,1.07085,12.20,3.20
2010.03.24 17:42:21.629,1.0707,1.07085,16.20,3.20
2010.03.24 17:42:42.852,1.0707,1.07085,14.60,4.80
2010.03.24 17:42:43.411,1.0707,1.0708,9.80,1.60
2010.03.24 17:42:43.602,1.07065,1.07075,4.80,2.40
2010.03.24 17:42:46.866,1.07065,1.07075,4.90,2.40
2010.03.24 17:42:47.527,1.07065,1.0708,4.80,1.40
2010.03.24 17:42:47.693,1.07065,1.0708,8.80,1.40
2010.03.24 17:42:53.901,1.07065,1.0708,11.20,1.40
2010.03.24 17:42:54.573,1.07065,1.0708,8.80,1.40
2010.03.24 17:42:54.913,1.07065,1.07075,3.20,2.40
2010.03.24 17:42:55.722,1.07065,1.07075,1.60,2.40
2010.03.24 17:42:56.209,1.07065,1.07075,3.20,2.40
2010.03.24 17:43:01.131,1.07065,1.0707,3.20,2.40
2010.03.24 17:43:01.361,1.07065,1.07075,8.80,2.40
2010.03.24 17:43:01.632,1.07065,1.07075,7.20,2.40
2010.03.24 17:43:01.909,1.07065,1.07075,3.20,2.40
2010.03.24 17:43:04.098,1.07065,1.0708,3.20,6.20
2010.03.24 17:43:09.634,1.07065,1.0708,3.20,5.40
2010.03.24 17:43:10.205,1.07065,1.0708,5.60,3.00
2010.03.24 17:43:10.486,1.07065,1.0708,5.60,3.80
2010.03.24 17:43:16.100,1.07065,1.0708,7.20,2.20
2010.03.24 17:43:22.642,1.0706,1.07075,8.80,4.80
2010.03.24 17:43:22.926,1.0706,1.07075,4.80,14.20
2010.03.24 17:43:23.483,1.0706,1.07075,4.80,10.20
2010.03.24 17:43:32.712,1.0706,1.07075,4.80,11.00
2010.03.24 17:43:32.851,1.0706,1.0707,4.80,1.00
2010.03.24 17:43:39.513,1.0706,1.0707,3.20,1.00
2010.03.24 17:43:42.159,1.0706,1.0707,1.60,1.00
2010.03.24 17:43:42.673,1.0706,1.0707,1.60,3.20
2010.03.24 17:43:43.829,1.0706,1.0707,1.60,1.00
2010.03.24 17:43:45.290,1.0706,1.07075,4.00,9.00
2010.03.24 17:43:45.562,1.0706,1.07075,11.20,1.40
2010.03.24 17:43:45.840,1.07065,1.0708,1.60,10.20
2010.03.24 17:43:46.109,1.07065,1.0708,3.20,9.40
2010.03.24 17:43:46.380,1.07065,1.0708,3.20,3.80
2010.03.24 17:43:48.708,1.07065,1.0708,3.20,5.40
2010.03.24 17:43:48.776,1.07065,1.0708,3.20,6.20
2010.03.24 17:43:48.847,1.07065,1.0708,3.20,5.40
2010.03.24 17:43:50.132,1.07065,1.0708,3.20,6.20
2010.03.24 17:43:51.407,1.07065,1.07075,1.60,1.00
2010.03.24 17:43:51.580,1.0706,1.07075,12.80,4.60
2010.03.24 17:43:51.759,1.0706,1.0707,3.20,1.00
2010.03.24 17:43:52.180,1.0706,1.0707,1.60,1.00
2010.03.24 17:44:07.066,1.0706,1.0707,3.20,1.00
2010.03.24 17:44:12.282,1.0706,1.0707,5.60,1.00
2010.03.24 17:44:12.925,1.0706,1.0707,3.20,1.00
2010.03.24 17:44:13.342,1.0706,1.0707,5.60,1.00
2010.03.24 17:44:13.683,1.0706,1.07075,5.60,5.40
2010.03.24 17:44:14.023,1.07065,1.07075,1.60,5.40
2010.03.24 17:44:14.361,1.0706,1.07075,5.60,5.40
2010.03.24 17:44:22.278,1.0706,1.07075,4.80,3.80
2010.03.24 17:44:22.793,1.0706,1.07075,3.20,3.00
2010.03.24 17:44:22.898,1.0706,1.0707,8.80,2.40
2010.03.24 17:44:23.000,1.0706,1.0707,4.80,2.40
2010.03.24 17:44:24.378,1.0706,1.0707,3.20,3.20
2010.03.24 17:44:26.779,1.0706,1.07075,3.20,6.20
2010.03.24 17:44:27.251,1.0706,1.07075,3.20,5.40
2010.03.24 17:44:27.457,1.07055,1.0707,8.80,4.60
2010.03.24 17:44:27.980,1.07055,1.07065,5.60,4.60
2010.03.24 17:44:28.156,1.07055,1.0706,1.60,1.00
2010.03.24 17:44:28.322,1.0705,1.0706,1.60,2.20
2010.03.24 17:44:38.287,1.0705,1.0706,1.60,1.40
2010.03.24 17:44:44.233,1.0705,1.07065,1.60,15.80
2010.03.24 17:44:49.546,1.0705,1.07065,1.60,11.80
2010.03.24 17:44:51.034,1.0705,1.0707,3.20,26.20
2010.03.24 17:44:51.184,1.0705,1.07065,3.20,10.20
2010.03.24 17:44:51.339,1.0705,1.07065,3.20,14.20
2010.03.24 17:44:51.490,1.0705,1.07065,3.20,10.20
2010.03.24 17:44:51.636,1.07055,1.0706,1.60,2.40
2010.03.24 17:44:52.207,1.0705,1.0706,1.60,2.40
2010.03.24 17:44:53.643,1.0705,1.0706,1.60,3.20
2010.03.24 17:44:54.851,1.0705,1.0706,1.60,1.00
2010.03.24 17:44:56.250,1.0705,1.0706,1.60,1.60
2010.03.24 17:44:56.463,1.07045,1.0706,4.80,5.50
2010.03.24 17:44:56.672,1.07045,1.0706,3.20,4.70
2010.03.24 17:44:56.992,1.07045,1.0706,3.20,6.30
2010.03.24 17:45:01.151,1.07045,1.0706,3.20,7.10
2010.03.24 17:45:02.022,1.07045,1.0706,5.60,6.20
2010.03.24 17:45:02.372,1.07045,1.0706,5.60,4.60
2010.03.24 17:45:04.009,1.07045,1.0706,9.60,4.60
2010.03.24 17:45:05.199,1.07045,1.0706,11.20,4.60
2010.03.24 17:45:05.339,1.0705,1.0706,1.60,4.60
2010.03.24 17:45:08.196,1.0705,1.0706,1.60,3.20
2010.03.24 17:45:08.267,1.07055,1.0706,1.60,2.40
2010.03.24 17:45:09.174,1.0705,1.0706,1.60,2.40
2010.03.24 17:45:09.919,1.0705,1.0706,1.60,3.20
2010.03.24 17:45:13.761,1.0705,1.0706,1.60,2.40
2010.03.24 17:45:14.060,1.07055,1.0706,1.60,2.40
2010.03.24 17:45:14.352,1.0705,1.0706,1.60,3.20
2010.03.24 17:45:17.035,1.07045,1.0706,7.20,3.20
2010.03.24 17:45:17.379,1.07045,1.0706,4.80,5.40
2010.03.24 17:45:17.824,1.07045,1.0706,4.80,4.60
2010.03.24 17:45:20.973,1.0705,1.0706,1.60,4.60
2010.03.24 17:45:21.266,1.07045,1.0706,4.80,4.60
2010.03.24 17:45:21.484,1.07045,1.0706,3.20,6.20
2010.03.24 17:45:21.706,1.07045,1.0706,7.20,7.00
2010.03.24 17:45:22.450,1.07045,1.0706,3.20,7.00
2010.03.24 17:45:22.864,1.07045,1.0706,3.20,6.20
2010.03.24 17:45:23.075,1.07045,1.0706,3.20,5.40
2010.03.24 17:45:24.789,1.07045,1.0706,3.20,6.30
2010.03.24 17:45:24.852,1.07045,1.0706,4.80,3.80
2010.03.24 17:45:25.955,1.07045,1.0706,4.80,4.60
2010.03.24 17:45:29.312,1.07045,1.0706,4.80,3.80
2010.03.24 17:45:36.691,1.07045,1.0706,4.80,4.60
2010.03.24 17:45:38.151,1.07045,1.0706,7.20,3.80
2010.03.24 17:45:39.105,1.0705,1.07065,1.60,13.00
2010.03.24 17:45:39.191,1.07055,1.07065,1.60,7.80
2010.03.24 17:45:39.351,1.07055,1.07065,1.60,3.80
2010.03.24 17:45:39.430,1.0705,1.07065,8.00,3.80
2010.03.24 17:45:39.671,1.0705,1.07065,4.00,3.80
2010.03.24 17:45:40.372,1.0705,1.07065,4.00,3.00
2010.03.24 17:45:41.057,1.0705,1.07065,4.00,6.20
2010.03.24 17:45:41.406,1.0705,1.0706,1.60,2.40
2010.03.24 17:45:41.695,1.07055,1.07065,1.60,3.80
2010.03.24 17:45:41.984,1.07055,1.07065,1.60,2.20
2010.03.24 17:45:42.272,1.0705,1.07065,6.40,1.40
2010.03.24 17:45:42.701,1.07055,1.0707,1.60,11.80
2010.03.24 17:45:43.284,1.07055,1.0707,1.60,7.00
2010.03.24 17:45:43.441,1.07055,1.0707,3.20,6.20
2010.03.24 17:45:44.346,1.07055,1.0707,3.20,7.00
2010.03.24 17:45:45.287,1.07055,1.0707,1.60,7.00
2010.03.24 17:45:45.711,1.07055,1.0707,3.20,7.00
2010.03.24 17:45:46.510,1.07055,1.0707,1.60,7.00
2010.03.24 17:45:46.984,1.07055,1.0707,1.60,6.20
2010.03.24 17:45:47.639,1.07055,1.0707,1.60,7.00
2010.03.24 17:45:48.269,1.07055,1.0707,1.60,11.00
2010.03.24 17:45:50.256,1.07055,1.0707,1.60,11.80
2010.03.24 17:45:50.381,1.0705,1.0707,12.40,11.90
2010.03.24 17:45:50.507,1.0705,1.0707,12.00,11.90
2010.03.24 17:45:56.667,1.0705,1.0707,12.40,11.90
2010.03.24 17:45:56.865,1.0705,1.0707,12.40,7.90
2010.03.24 17:45:57.775,1.0705,1.0707,12.40,11.90
2010.03.24 17:46:00.708,1.0705,1.0707,12.40,13.50
2010.03.24 17:46:01.124,1.0705,1.07065,10.80,3.20
2010.03.24 17:46:01.325,1.07045,1.0706,4.80,7.20
2010.03.24 17:46:01.521,1.07045,1.0706,4.80,10.20
2010.03.24 17:46:02.527,1.07045,1.0705,3.20,1.00
2010.03.24 17:46:03.119,1.0704,1.0705,1.60,2.20
2010.03.24 17:46:03.898,1.0704,1.0705,1.60,4.60
2010.03.24 17:46:05.020,1.07035,1.07045,1.60,15.30
2010.03.24 17:46:05.246,1.0703,1.07045,1.60,11.30
2010.03.24 17:46:05.475,1.07025,1.07045,9.60,20.90
2010.03.24 17:46:05.934,1.0703,1.07045,1.60,20.50
2010.03.24 17:46:08.094,1.0703,1.07045,1.60,24.20
2010.03.24 17:46:08.383,1.0703,1.0705,1.60,34.50
2010.03.24 17:46:08.603,1.0703,1.07045,1.60,14.90
2010.03.24 17:46:09.223,1.0703,1.07045,1.60,14.10
2010.03.24 17:46:09.447,1.07035,1.07045,1.60,3.80
2010.03.24 17:46:09.565,1.07035,1.0705,1.60,9.40
2010.03.24 17:46:09.684,1.07035,1.0705,1.60,6.20
2010.03.24 17:46:10.043,1.07035,1.0705,3.20,6.20
2010.03.24 17:46:10.450,1.07035,1.0705,3.20,4.60
2010.03.24 17:46:10.705,1.07035,1.0705,4.80,4.60
2010.03.24 17:46:12.813,1.0704,1.0705,1.60,1.00
2010.03.24 17:46:12.892,1.0704,1.0705,3.20,1.00
2010.03.24 17:46:15.464,1.0704,1.0705,1.60,3.20
2010.03.24 17:46:15.585,1.0704,1.0705,1.60,4.60
2010.03.24 17:46:16.042,1.07035,1.0705,4.80,4.60
2010.03.24 17:46:17.943,1.07035,1.0705,7.20,2.20
2010.03.24 17:46:18.116,1.07035,1.0705,4.80,1.40
2010.03.24 17:46:18.282,1.0704,1.07055,1.60,7.00
2010.03.24 17:46:19.456,1.0704,1.0705,1.60,2.40
2010.03.24 17:46:19.747,1.07035,1.07055,12.80,3.00
2010.03.24 17:46:20.043,1.07035,1.07055,8.80,3.80
2010.03.24 17:46:20.322,1.07035,1.07055,8.80,7.80
2010.03.24 17:46:21.071,1.07035,1.0705,4.80,3.20
2010.03.24 17:46:25.570,1.07035,1.0705,4.80,4.60
2010.03.24 17:46:26.941,1.07035,1.0705,4.80,3.20
2010.03.24 17:46:27.299,1.0704,1.0705,1.60,3.20
2010.03.24 17:46:30.941,1.07035,1.0705,4.80,3.20
2010.03.24 17:46:31.139,1.0704,1.0705,1.60,3.20
2010.03.24 17:46:31.868,1.07035,1.07055,4.80,16.30
2010.03.24 17:46:32.438,1.07035,1.0705,5.60,3.20
2010.03.24 17:46:33.019,1.0704,1.0705,1.60,3.20
2010.03.24 17:46:38.301,1.0704,1.0705,1.60,1.00
2010.03.24 17:46:39.978,1.0704,1.07055,4.00,7.00
2010.03.24 17:46:40.168,1.07045,1.07055,1.60,3.00
2010.03.24 17:46:40.537,1.07045,1.07055,1.60,1.40
2010.03.24 17:46:41.587,1.0705,1.0706,1.60,4.00
2010.03.24 17:46:41.847,1.07045,1.07065,7.20,15.80
2010.03.24 17:46:41.978,1.07045,1.0706,7.20,3.20
2010.03.24 17:46:42.578,1.07045,1.0706,7.20,4.60
2010.03.24 17:46:42.917,1.07045,1.0706,4.80,4.60
2010.03.24 17:46:45.845,1.07045,1.0706,1.60,4.60
2010.03.24 17:46:46.035,1.07045,1.0706,1.60,8.60
2010.03.24 17:46:52.323,1.07045,1.0706,1.60,7.80
2010.03.24 17:46:52.423,1.07045,1.0706,5.60,5.40
2010.03.24 17:46:52.627,1.07045,1.0706,5.60,1.40
2010.03.24 17:46:53.233,1.07045,1.0706,7.20,1.40
2010.03.24 17:46:56.649,1.0705,1.0706,1.60,1.40
2010.03.24 17:46:58.314,1.0705,1.0706,5.60,4.60
2010.03.24 17:46:58.942,1.0705,1.0706,9.60,4.60
2010.03.24 17:47:02.191,1.07045,1.07055,1.60,2.40
2010.03.24 17:47:02.313,1.07045,1.0705,1.60,3.20
2010.03.24 17:47:02.853,1.0704,1.0705,8.00,6.20
2010.03.24 17:47:03.966,1.07035,1.0705,3.20,6.20
2010.03.24 17:47:05.550,1.0704,1.0705,1.60,6.20
2010.03.24 17:47:05.763,1.0704,1.0705,1.60,4.60
2010.03.24 17:47:06.361,1.07045,1.0705,1.60,1.40
2010.03.24 17:47:06.582,1.07045,1.0706,1.60,6.20
2010.03.24 17:47:10.342,1.07045,1.0706,9.60,3.00
2010.03.24 17:47:11.190,1.07045,1.0706,5.60,3.00
2010.03.24 17:47:13.731,1.0705,1.0706,5.60,3.00
2010.03.24 17:47:14.232,1.0705,1.0706,5.60,1.40
2010.03.24 17:47:14.363,1.0705,1.07065,5.60,5.50
2010.03.24 17:47:15.777,1.0705,1.07065,1.60,5.50
2010.03.24 17:47:16.597,1.07045,1.07065,21.60,5.50
2010.03.24 17:47:31.061,1.0705,1.07065,1.00,5.50
2010.03.24 17:47:31.687,1.07055,1.0707,4.80,7.00
2010.03.24 17:47:31.911,1.07055,1.0707,5.60,4.60
2010.03.24 17:47:32.596,1.07055,1.0707,4.80,4.60
2010.03.24 17:47:47.890,1.07055,1.0707,4.80,6.20
2010.03.24 17:47:48.122,1.07055,1.0707,1.60,6.20
2010.03.24 17:47:48.697,1.07055,1.0707,1.60,7.80
2010.03.24 17:47:48.924,1.07055,1.07065,1.60,1.40
2010.03.24 17:47:51.561,1.0705,1.07065,7.20,1.40
2010.03.24 17:47:54.110,1.0705,1.07065,11.20,1.40
2010.03.24 17:47:57.659,1.07055,1.07065,1.60,1.40
2010.03.24 17:48:03.753,1.07055,1.0707,7.20,3.00
2010.03.24 17:48:04.738,1.07055,1.0707,3.20,6.20
2010.03.24 17:48:08.704,1.07055,1.0707,3.20,4.60
2010.03.24 17:48:10.100,1.0706,1.07075,4.00,7.00
2010.03.24 17:48:10.850,1.0706,1.07075,4.00,3.00
2010.03.24 17:48:12.836,1.07055,1.07075,12.90,5.50
2010.03.24 17:48:13.069,1.07055,1.07075,8.90,5.50
2010.03.24 17:48:16.230,1.07055,1.0707,8.90,3.20
2010.03.24 17:48:16.683,1.07055,1.0707,4.90,3.20
2010.03.24 17:48:19.931,1.07055,1.0707,4.90,1.00
2010.03.24 17:48:20.093,1.07055,1.07075,4.90,9.90
2010.03.24 17:48:20.256,1.07055,1.07075,8.90,9.50
2010.03.24 17:48:21.624,1.07055,1.0707,8.90,3.20
2010.03.24 17:48:21.862,1.07055,1.0707,4.90,3.20
2010.03.24 17:48:23.958,1.07055,1.0707,4.90,1.00
2010.03.24 17:48:24.057,1.07055,1.07075,8.90,9.50
2010.03.24 17:48:24.240,1.0706,1.07075,2.40,9.50
2010.03.24 17:48:24.331,1.0706,1.07075,2.40,7.10
2010.03.24 17:48:24.426,1.0706,1.07075,4.00,7.00
2010.03.24 17:48:25.303,1.0706,1.07075,11.20,1.40
2010.03.24 17:48:29.355,1.07065,1.07075,1.60,1.40
2010.03.24 17:48:30.075,1.07065,1.0708,1.60,9.40
2010.03.24 17:48:30.260,1.07065,1.0708,3.20,5.40
2010.03.24 17:48:34.163,1.0707,1.07085,1.60,16.60
2010.03.24 17:48:34.395,1.0707,1.07085,8.80,1.40
2010.03.24 17:48:35.113,1.07075,1.0709,1.60,14.20
2010.03.24 17:48:35.360,1.07075,1.0709,1.60,6.20
2010.03.24 17:48:37.358,1.07075,1.0709,3.20,6.20
2010.03.24 17:48:39.201,1.07075,1.0709,4.80,2.40
2010.03.24 17:48:39.653,1.0708,1.0709,1.60,2.40
2010.03.24 17:48:41.758,1.07075,1.0709,4.80,2.40
2010.03.24 17:48:42.055,1.07075,1.0709,4.80,3.20
2010.03.24 17:48:44.354,1.0708,1.07095,1.60,12.60
2010.03.24 17:48:44.451,1.0708,1.0709,1.60,3.20
2010.03.24 17:48:44.547,1.0708,1.0709,1.60,5.40
2010.03.24 17:48:45.110,1.07075,1.0709,3.20,5.40
2010.03.24 17:48:45.464,1.07075,1.0709,3.20,13.40
2010.03.24 17:48:45.809,1.07075,1.0709,3.20,8.60
2010.03.24 17:48:47.561,1.07075,1.0709,7.20,6.20
2010.03.24 17:48:47.708,1.07075,1.07095,7.20,15.80
2010.03.24 17:48:48.275,1.07075,1.0709,7.20,1.40
2010.03.24 17:48:49.105,1.07075,1.0709,7.20,2.20
2010.03.24 17:48:49.445,1.07075,1.0709,7.20,1.40
2010.03.24 17:48:49.678,1.0708,1.07095,3.20,11.80
2010.03.24 17:48:50.357,1.0708,1.07095,4.80,6.20
2010.03.24 17:48:50.700,1.07085,1.071,4.90,7.80
2010.03.24 17:48:51.047,1.07085,1.071,4.90,3.80
2010.03.24 17:48:51.850,1.0709,1.07105,4.00,7.00
2010.03.24 17:48:52.066,1.0709,1.07105,7.20,3.00
2010.03.24 17:48:55.185,1.0709,1.07105,7.20,1.40
2010.03.24 17:48:55.785,1.07095,1.0711,1.60,14.20
2010.03.24 17:48:55.986,1.0709,1.0711,16.80,6.20
2010.03.24 17:48:56.729,1.07095,1.0711,4.80,3.80
2010.03.24 17:48:57.079,1.07095,1.0711,1.60,6.20
2010.03.24 17:48:57.336,1.0709,1.0711,12.10,6.20
2010.03.24 17:48:58.064,1.07095,1.0711,1.60,6.20
2010.03.24 17:48:58.313,1.07095,1.0711,1.60,10.20
2010.03.24 17:49:00.395,1.07095,1.0711,1.60,6.20
2010.03.24 17:49:00.585,1.07095,1.0711,4.00,3.80
2010.03.24 17:49:00.749,1.071,1.0711,1.60,1.00
2010.03.24 17:49:00.917,1.071,1.07115,8.80,3.00
2010.03.24 17:49:01.505,1.071,1.07115,14.40,1.40
2010.03.24 17:49:01.770,1.071,1.07115,10.40,1.40
2010.03.24 17:49:02.895,1.07105,1.07115,1.60,1.40
2010.03.24 17:49:05.803,1.07105,1.0712,3.20,5.40
2010.03.24 17:49:05.973,1.07105,1.0712,3.20,3.80
2010.03.24 17:49:06.145,1.07105,1.0712,4.80,3.80
2010.03.24 17:49:07.250,1.07105,1.0712,1.60,6.20
2010.03.24 17:49:08.033,1.07105,1.0712,1.60,3.80
2010.03.24 17:49:08.276,1.0711,1.07125,7.20,1.40
2010.03.24 17:49:08.506,1.0711,1.0713,11.20,11.00
2010.03.24 17:49:08.734,1.0711,1.0713,7.20,11.00
2010.03.24 17:49:09.713,1.0711,1.0713,7.20,15.00
2010.03.24 17:49:11.179,1.0711,1.07125,4.80,1.40
2010.03.24 17:49:14.219,1.0711,1.0712,3.20,1.00
2010.03.24 17:49:14.442,1.07105,1.0712,5.30,3.20
2010.03.24 17:49:14.661,1.07105,1.0712,4.90,3.20
2010.03.24 17:49:14.889,1.07105,1.0712,3.30,6.20
2010.03.24 17:49:15.119,1.07105,1.0712,3.30,10.20
2010.03.24 17:49:15.902,1.07105,1.0712,3.40,10.20
2010.03.24 17:49:16.064,1.07105,1.0712,3.30,10.20
2010.03.24 17:49:18.495,1.07105,1.0712,3.40,10.20
2010.03.24 17:49:18.578,1.07105,1.0712,3.80,10.20
2010.03.24 17:49:19.064,1.07105,1.0712,3.80,7.00
2010.03.24 17:49:19.412,1.07105,1.0712,3.30,10.20
2010.03.24 17:49:20.750,1.07105,1.0712,3.30,6.20
2010.03.24 17:49:23.180,1.07105,1.07125,5.60,20.60
2010.03.24 17:49:23.777,1.07105,1.0712,5.40,4.60
2010.03.24 17:49:24.089,1.07115,1.07125,1.60,9.40
2010.03.24 17:49:24.398,1.07115,1.0713,1.60,3.20
2010.03.24 17:49:25.115,1.0712,1.0713,1.60,2.40
2010.03.24 17:49:25.455,1.07115,1.0713,8.80,3.20
2010.03.24 17:49:25.793,1.07115,1.0713,8.80,4.60
2010.03.24 17:49:26.496,1.07115,1.0713,3.20,5.40
2010.03.24 17:49:27.630,1.07115,1.0713,1.60,7.00
2010.03.24 17:49:27.971,1.0711,1.07125,1.60,8.30
2010.03.24 17:49:28.984,1.0711,1.07125,4.00,8.30
2010.03.24 17:49:29.332,1.0711,1.07125,5.60,3.80
2010.03.24 17:49:30.020,1.0711,1.07125,3.20,3.80
2010.03.24 17:49:31.388,1.0711,1.07125,5.60,3.00
2010.03.24 17:49:31.638,1.0711,1.07125,3.20,3.80
2010.03.24 17:49:33.007,1.0711,1.07125,9.60,3.00
2010.03.24 17:49:33.274,1.0711,1.07125,6.40,3.00
2010.03.24 17:49:33.490,1.07115,1.07125,1.60,1.40
2010.03.24 17:49:34.430,1.0711,1.07125,12.00,1.40
2010.03.24 17:49:38.138,1.07115,1.07125,1.60,1.40
2010.03.24 17:49:38.333,1.07115,1.0713,3.20,10.20
2010.03.24 17:49:38.838,1.07115,1.0713,3.20,6.20
2010.03.24 17:49:42.325,1.0711,1.07125,9.60,5.40
2010.03.24 17:49:42.633,1.0711,1.07125,8.80,6.20
2010.03.24 17:49:42.942,1.0711,1.07125,4.80,6.20
2010.03.24 17:49:43.522,1.0711,1.07125,4.80,6.60
2010.03.24 17:49:44.432,1.0711,1.07125,5.60,6.60
2010.03.24 17:49:44.474,1.0711,1.07125,5.60,5.00
2010.03.24 17:49:44.527,1.0711,1.07125,6.40,4.20
2010.03.24 17:49:44.576,1.07115,1.07125,1.00,2.80
2010.03.24 17:49:44.617,1.07115,1.07125,1.00,2.40
2010.03.24 17:49:44.665,1.07115,1.0713,4.00,12.20
2010.03.24 17:49:45.162,1.0712,1.07135,2.40,11.00
2010.03.24 17:49:45.237,1.0712,1.07135,4.00,3.00
2010.03.24 17:49:46.176,1.0712,1.07135,5.60,3.00
2010.03.24 17:49:46.522,1.07125,1.0714,9.60,2.40
2010.03.24 17:49:46.869,1.07135,1.07145,1.60,1.40
2010.03.24 17:49:47.945,1.0713,1.0715,7.30,15.00
2010.03.24 17:49:48.245,1.0713,1.07145,7.20,1.40
2010.03.24 17:49:49.300,1.07135,1.0715,1.60,10.20
2010.03.24 17:49:49.985,1.07135,1.0715,1.60,6.20
2010.03.24 17:49:50.333,1.07135,1.0715,1.60,14.20
2010.03.24 17:49:51.070,1.07135,1.07155,4.80,20.20
2010.03.24 17:49:51.269,1.07135,1.07155,10.70,16.60
2010.03.24 17:49:51.441,1.0714,1.0715,1.60,4.80
2010.03.24 17:49:51.618,1.07135,1.0715,11.20,1.00
2010.03.24 17:49:52.180,1.07135,1.0715,7.30,1.00
2010.03.24 17:49:52.529,1.07135,1.0715,4.90,3.20
2010.03.24 17:49:52.881,1.07135,1.0715,4.80,3.20
2010.03.24 17:49:53.558,1.0713,1.0715,18.80,1.00
2010.03.24 17:49:54.293,1.0714,1.0715,1.00,1.00
2010.03.24 17:49:54.622,1.07135,1.0715,7.20,1.00
2010.03.24 17:49:54.821,1.0714,1.0715,2.40,1.00
2010.03.24 17:49:55.020,1.0714,1.0715,1.60,1.00
2010.03.24 17:49:56.558,1.0714,1.0715,4.00,1.00
2010.03.24 17:49:56.832,1.0714,1.07155,3.20,12.40
2010.03.24 17:49:57.403,1.07145,1.07155,1.60,6.40
2010.03.24 17:49:57.748,1.07145,1.07155,3.20,4.00
2010.03.24 17:49:58.460,1.07145,1.07155,3.20,4.00
2010.03.24 17:49:59.179,1.07145,1.07155,3.20,6.40
2010.03.24 17:49:59.529,1.0714,1.0715,1.60,2.40
2010.03.24 17:50:01.041,1.0714,1.0715,1.60,4.60
2010.03.24 17:50:01.717,1.07135,1.0715,5.00,4.60
2010.03.24 17:50:03.080,1.07135,1.0715,3.30,7.00
2010.03.24 17:50:03.494,1.07135,1.0715,3.30,7.80
2010.03.24 17:50:03.740,1.07135,1.0715,1.70,10.20
2010.03.24 17:50:03.982,1.07135,1.07145,1.00,7.80
2010.03.24 17:50:04.234,1.07135,1.07145,1.00,4.80
2010.03.24 17:50:04.674,1.07135,1.07145,1.00,3.20
2010.03.24 17:50:05.002,1.07125,1.0714,3.20,2.20
2010.03.24 17:50:05.349,1.0712,1.0714,15.20,3.80
2010.03.24 17:50:06.480,1.0712,1.0714,11.20,5.40
2010.03.24 17:50:07.140,1.0712,1.07135,9.60,1.40
2010.03.24 17:50:07.663,1.0712,1.07135,10.40,1.40
2010.03.24 17:50:10.240,1.07115,1.0713,14.40,3.20
2010.03.24 17:50:10.377,1.07115,1.0713,5.60,3.20
2010.03.24 17:50:10.636,1.07115,1.0713,4.80,3.20
2010.03.24 17:50:10.896,1.07115,1.0713,4.80,4.60
2010.03.24 17:50:11.758,1.0711,1.0713,16.80,6.20
2010.03.24 17:50:12.096,1.0711,1.0713,12.00,10.20
2010.03.24 17:50:14.944,1.0711,1.0713,12.00,10.20
2010.03.24 17:50:15.216,1.0711,1.07125,11.20,1.40
2010.03.24 17:50:16.789,1.07115,1.0713,1.60,6.20
2010.03.24 17:50:18.044,1.0711,1.0713,12.00,7.80
2010.03.24 17:50:19.813,1.0711,1.07125,12.00,1.80
2010.03.24 17:50:20.051,1.0711,1.0712,1.60,3.20
2010.03.24 17:50:20.335,1.07105,1.0712,4.80,3.20
2010.03.24 17:50:20.997,1.07105,1.0712,4.80,4.60
2010.03.24 17:50:21.346,1.07105,1.0712,4.80,3.80
2010.03.24 17:50:22.029,1.07105,1.0712,9.60,1.40
2010.03.24 17:50:22.377,1.0711,1.07125,3.20,12.60
2010.03.24 17:50:23.087,1.0711,1.0712,1.60,3.20
2010.03.24 17:50:24.001,1.0711,1.0712,1.60,2.40
2010.03.24 17:50:24.505,1.0711,1.07125,6.40,4.20
2010.03.24 17:50:25.139,1.0711,1.07125,8.40,1.40
2010.03.24 17:50:25.395,1.07115,1.0713,2.00,5.40
2010.03.24 17:50:25.642,1.07115,1.0713,6.00,4.60
2010.03.24 17:50:25.888,1.0711,1.0713,14.40,6.20
2010.03.24 17:50:26.526,1.0711,1.0713,14.00,6.20
2010.03.24 17:50:26.878,1.0711,1.0713,14.00,7.80
2010.03.24 17:50:30.440,1.0711,1.0713,14.00,7.80
2010.03.24 17:50:30.629,1.0711,1.0713,14.00,6.20
2010.03.24 17:50:31.155,1.0711,1.0713,14.80,7.80
2010.03.24 17:50:31.429,1.07115,1.0713,3.20,4.60
2010.03.24 17:50:32.484,1.0711,1.0713,16.80,7.80
2010.03.24 17:50:33.248,1.0711,1.07125,12.80,1.00
2010.03.24 17:50:33.583,1.0711,1.0713,13.60,6.20
2010.03.24 17:50:35.073,1.0711,1.0713,12.00,6.20
2010.03.24 17:50:35.484,1.0711,1.0713,12.00,10.20
2010.03.24 17:50:35.818,1.07105,1.0712,13.60,4.60
2010.03.24 17:50:36.032,1.07105,1.0712,12.80,4.60
2010.03.24 17:50:36.539,1.07105,1.0712,8.80,4.60
2010.03.24 17:50:36.882,1.0711,1.0712,1.60,2.20
2010.03.24 17:50:37.221,1.07105,1.0712,7.20,2.20
2010.03.24 17:50:37.560,1.07105,1.0712,4.80,4.60
2010.03.24 17:50:38.159,1.07105,1.0712,3.20,4.60
2010.03.24 17:50:38.507,1.07115,1.0713,4.00,7.00
2010.03.24 17:50:38.852,1.07115,1.0713,4.00,7.80
2010.03.24 17:50:39.400,1.07115,1.0713,8.00,6.20
2010.03.24 17:50:39.680,1.07115,1.0713,8.00,4.60
2010.03.24 17:50:40.217,1.07115,1.0713,10.90,7.00
2010.03.24 17:50:40.401,1.0712,1.07135,1.60,13.40
2010.03.24 17:50:41.837,1.07115,1.0713,10.00,1.40
2010.03.24 17:50:42.090,1.07115,1.0713,8.80,1.40
2010.03.24 17:50:42.340,1.07125,1.0713,8.80,1.40
2010.03.24 17:50:42.960,1.07125,1.0714,5.60,6.20
2010.03.24 17:50:43.166,1.07125,1.0714,7.20,6.20
2010.03.24 17:50:43.691,1.07125,1.0714,4.00,7.80
2010.03.24 17:50:44.440,1.07125,1.0714,4.00,6.20
2010.03.24 17:50:44.652,1.07125,1.0714,1.60,5.40
2010.03.24 17:50:44.867,1.07125,1.0714,1.60,3.80
2010.03.24 17:50:46.028,1.07125,1.0714,3.20,3.80
2010.03.24 17:50:48.001,1.07125,1.07135,1.60,4.00
2010.03.24 17:50:48.193,1.0712,1.07135,4.80,1.40
2010.03.24 17:50:48.380,1.0712,1.07135,5.60,1.40
2010.03.24 17:50:48.568,1.0712,1.07135,6.40,1.40
2010.03.24 17:50:49.230,1.0712,1.0714,7.20,15.00
2010.03.24 17:50:49.459,1.07125,1.0714,1.60,10.20
2010.03.24 17:50:49.679,1.07125,1.0714,1.60,6.20
2010.03.24 17:50:51.157,1.07125,1.0714,4.00,3.80
2010.03.24 17:50:51.388,1.0713,1.07145,4.00,13.40
2010.03.24 17:50:51.922,1.0713,1.07145,4.80,4.60
2010.03.24 17:50:52.198,1.0713,1.0715,10.40,12.60
2010.03.24 17:50:55.892,1.0713,1.0715,9.60,12.60
2010.03.24 17:50:55.994,1.0713,1.0715,5.60,16.60
2010.03.24 17:50:56.104,1.0713,1.07145,5.60,1.60
2010.03.24 17:50:59.834,1.0713,1.07145,5.60,3.20
2010.03.24 17:51:00.005,1.0713,1.0714,1.60,2.40
2010.03.24 17:51:00.703,1.07125,1.0714,3.20,2.40
2010.03.24 17:51:01.716,1.07125,1.07145,12.00,11.00
2010.03.24 17:51:02.005,1.07125,1.07145,12.00,10.20
2010.03.24 17:51:02.297,1.0713,1.07145,1.60,11.80
2010.03.24 17:51:02.533,1.0713,1.07145,1.60,7.80
2010.03.24 17:51:03.257,1.0713,1.07145,4.80,3.00
2010.03.24 17:51:07.054,1.07125,1.0714,14.00,5.40
2010.03.24 17:51:07.182,1.07125,1.0714,9.60,6.20
2010.03.24 17:51:07.309,1.07125,1.0714,5.60,8.60
2010.03.24 17:51:07.842,1.0712,1.0714,16.80,12.60
2010.03.24 17:51:07.969,1.0712,1.0714,10.40,12.60
2010.03.24 17:51:09.654,1.07125,1.0714,2.40,10.20
2010.03.24 17:51:09.931,1.0712,1.07135,10.40,1.40
2010.03.24 17:51:10.204,1.0712,1.07135,7.20,7.80
2010.03.24 17:51:10.483,1.0712,1.07135,3.20,11.80
2010.03.24 17:51:10.762,1.0712,1.07135,3.20,7.80
2010.03.24 17:51:12.897,1.0712,1.0713,1.60,3.20
2010.03.24 17:51:13.004,1.07115,1.0713,7.20,3.20
2010.03.24 17:51:13.099,1.07115,1.0713,4.00,7.80
2010.03.24 17:51:13.197,1.0711,1.07125,9.60,3.20
2010.03.24 17:51:13.648,1.0711,1.07125,5.60,7.20
2010.03.24 17:51:13.748,1.07105,1.0712,8.00,3.20
2010.03.24 17:51:13.843,1.07105,1.0712,7.20,4.60
2010.03.24 17:51:14.183,1.07105,1.0712,1.60,6.20
2010.03.24 17:51:14.956,1.071,1.0712,17.20,7.80
2010.03.24 17:51:15.257,1.07105,1.0712,15.60,1.00
2010.03.24 17:51:15.557,1.0711,1.07125,1.60,18.20
2010.03.24 17:51:15.852,1.0711,1.07125,1.60,13.40
2010.03.24 17:51:16.757,1.0711,1.07125,4.00,7.00
2010.03.24 17:51:17.059,1.0711,1.0712,2.40,2.20
2010.03.24 17:51:17.358,1.07105,1.0712,1.60,7.00
2010.03.24 17:51:17.655,1.07105,1.0712,1.60,8.60
2010.03.24 17:51:18.435,1.07105,1.0712,2.00,8.60
2010.03.24 17:51:19.002,1.07105,1.0712,3.60,7.00
2010.03.24 17:51:19.282,1.07105,1.0712,5.20,3.80
2010.03.24 17:51:19.575,1.07105,1.0712,3.20,5.50
2010.03.24 17:51:20.044,1.07105,1.07115,1.60,2.40
2010.03.24 17:51:20.350,1.07105,1.0712,1.60,11.10
2010.03.24 17:51:20.690,1.07105,1.0712,1.60,7.10
2010.03.24 17:51:21.371,1.07105,1.0712,3.20,6.20
2010.03.24 17:51:21.945,1.07105,1.0712,3.20,5.40
2010.03.24 17:51:22.551,1.07105,1.0712,3.20,4.60
2010.03.24 17:51:22.829,1.07105,1.0712,3.20,3.80
2010.03.24 17:51:23.119,1.07105,1.0712,7.60,2.40
2010.03.24 17:51:23.261,1.07105,1.07125,10.00,9.80
2010.03.24 17:51:23.770,1.07105,1.07125,10.80,9.80
2010.03.24 17:51:24.100,1.07105,1.07125,14.80,4.60
2010.03.24 17:51:24.427,1.07105,1.07125,10.80,4.60
2010.03.24 17:51:25.711,1.07105,1.07125,10.80,4.70
2010.03.24 17:51:25.906,1.07105,1.07125,10.80,5.10
2010.03.24 17:51:26.885,1.07105,1.07125,11.20,5.10
2010.03.24 17:51:28.337,1.07105,1.07125,11.20,7.60
2010.03.24 17:51:28.458,1.07105,1.0712,6.40,5.40
2010.03.24 17:51:28.581,1.071,1.0712,15.20,5.40
2010.03.24 17:51:28.790,1.071,1.07115,13.60,1.40
2010.03.24 17:51:29.573,1.071,1.07115,11.20,1.40
2010.03.24 17:51:32.313,1.071,1.0712,12.90,8.60
2010.03.24 17:51:32.567,1.071,1.0712,12.90,7.80
2010.03.24 17:51:32.828,1.07105,1.0712,1.60,7.00
2010.03.24 17:51:33.006,1.07105,1.0712,1.60,5.40
2010.03.24 17:51:33.749,1.07105,1.07125,9.70,5.00
2010.03.24 17:51:33.934,1.07105,1.07125,9.70,4.60
2010.03.24 17:51:34.176,1.0711,1.07125,1.60,4.60
2010.03.24 17:51:35.466,1.0711,1.0713,2.40,16.60
2010.03.24 17:51:36.011,1.0711,1.0713,6.60,16.60
2010.03.24 17:51:36.187,1.0711,1.0713,13.00,7.80
2010.03.24 17:51:36.345,1.07115,1.0713,1.60,7.00
2010.03.24 17:51:36.986,1.07115,1.0713,1.60,7.80
2010.03.24 17:51:40.507,1.07115,1.0713,1.60,4.60
2010.03.24 17:51:40.668,1.07115,1.0713,3.20,3.00
2010.03.24 17:51:40.826,1.07115,1.0713,3.20,1.40
2010.03.24 17:51:40.985,1.0712,1.07135,2.40,9.40
2010.03.24 17:51:41.147,1.0712,1.07135,4.00,3.00
2010.03.24 17:51:41.984,1.0712,1.07135,1.60,3.00
2010.03.24 17:51:43.110,1.07125,1.07135,3.20,1.40
2010.03.24 17:51:43.277,1.0712,1.07135,1.60,3.00
2010.03.24 17:51:43.434,1.0712,1.07135,5.60,1.40
2010.03.24 17:51:43.593,1.0712,1.07135,1.60,1.40
2010.03.24 17:51:45.594,1.0712,1.07135,4.00,1.40
2010.03.24 17:51:45.735,1.0712,1.07135,7.20,1.40
2010.03.24 17:51:46.491,1.0713,1.07145,10.40,1.40
2010.03.24 17:51:46.835,1.0713,1.0715,11.70,8.60
2010.03.24 17:51:47.628,1.07135,1.0715,3.20,4.60
2010.03.24 17:51:48.314,1.07135,1.0715,3.20,4.60
2010.03.24 17:51:48.624,1.0714,1.0715,1.60,1.00
2010.03.24 17:51:51.068,1.0714,1.07155,3.20,7.80
2010.03.24 17:51:51.693,1.0714,1.0716,1.60,21.00
2010.03.24 17:51:52.412,1.0714,1.07155,1.60,11.80
2010.03.24 17:51:52.746,1.0714,1.0715,1.60,2.20
2010.03.24 17:51:54.079,1.07135,1.0715,7.20,2.20
2010.03.24 17:51:54.264,1.07135,1.0715,1.60,6.20
2010.03.24 17:51:54.810,1.0714,1.0715,1.60,3.80
2010.03.24 17:51:55.363,1.0714,1.0715,1.60,2.90
2010.03.24 17:51:55.710,1.0714,1.0715,1.60,5.30
2010.03.24 17:51:56.051,1.0714,1.0715,1.60,4.50
2010.03.24 17:51:56.392,1.0714,1.0715,1.60,5.30
2010.03.24 17:51:57.096,1.0713,1.0715,18.40,7.70
2010.03.24 17:51:57.442,1.0713,1.0715,14.00,7.70
2010.03.24 17:51:59.158,1.0714,1.0715,2.40,5.30
2010.03.24 17:51:59.739,1.07135,1.0715,1.60,5.30
2010.03.24 17:51:59.885,1.07135,1.0715,3.20,5.30
2010.03.24 17:52:00.451,1.07135,1.07145,3.20,4.60
2010.03.24 17:52:00.591,1.07135,1.0714,1.60,3.20
2010.03.24 17:52:01.009,1.0713,1.0714,13.60,3.20
2010.03.24 17:52:01.359,1.0713,1.0714,1.60,4.60
2010.03.24 17:52:01.703,1.0713,1.0714,1.60,3.80
2010.03.24 17:52:02.046,1.0713,1.0714,1.60,4.60
2010.03.24 17:52:02.653,1.0713,1.0714,1.60,6.20
2010.03.24 17:52:03.009,1.07125,1.0714,1.60,7.00
2010.03.24 17:52:04.414,1.07125,1.0714,1.60,7.80
2010.03.24 17:52:04.655,1.07125,1.07135,1.60,2.20
2010.03.24 17:52:05.101,1.07125,1.07135,1.60,1.40
2010.03.24 17:52:06.203,1.0713,1.0714,1.60,2.20
2010.03.24 17:52:08.539,1.0713,1.0714,1.60,4.60
2010.03.24 17:52:09.456,1.0713,1.0714,1.60,5.40
2010.03.24 17:52:09.799,1.0713,1.0714,1.60,3.80
2010.03.24 17:52:12.138,1.0713,1.0714,1.60,4.60
2010.03.24 17:52:16.791,1.0713,1.0714,1.60,6.20
2010.03.24 17:52:16.945,1.07125,1.0714,3.20,6.20
2010.03.24 17:52:19.306,1.07125,1.0714,4.80,4.60
2010.03.24 17:52:19.435,1.0713,1.0714,1.60,2.20
2010.03.24 17:52:19.568,1.0713,1.0714,1.60,1.40
2010.03.24 17:52:23.452,1.0713,1.07145,1.60,12.60
2010.03.24 17:52:23.593,1.0713,1.07145,1.60,11.80
2010.03.24 17:52:25.343,1.0713,1.0714,1.60,1.00
2010.03.24 17:52:26.144,1.0713,1.0714,3.20,1.00
2010.03.24 17:52:26.332,1.0713,1.07145,3.20,11.40
2010.03.24 17:52:27.108,1.0713,1.07145,3.20,7.00
2010.03.24 17:52:27.300,1.0713,1.07145,3.20,11.00
2010.03.24 17:52:30.222,1.07135,1.07145,1.60,6.40
2010.03.24 17:52:30.339,1.07135,1.07145,1.60,4.00
2010.03.24 17:52:30.455,1.07135,1.0715,1.60,15.00
2010.03.24 17:52:30.564,1.07135,1.0715,1.60,7.00
2010.03.24 17:52:31.089,1.07135,1.07145,3.20,2.40
2010.03.24 17:52:31.440,1.07135,1.07145,1.60,4.00
2010.03.24 17:52:31.788,1.07135,1.0715,1.60,15.00
2010.03.24 17:52:38.410,1.07135,1.07145,1.60,2.40
2010.03.24 17:52:38.572,1.0713,1.07145,4.80,7.00
2010.03.24 17:52:39.116,1.0713,1.0714,1.60,2.40
2010.03.24 17:52:39.277,1.0713,1.0714,1.60,3.20
2010.03.24 17:52:40.943,1.0713,1.0714,1.60,2.40
2010.03.24 17:52:41.108,1.07135,1.07145,1.60,12.60
2010.03.24 17:52:41.265,1.07135,1.07145,1.60,5.40
2010.03.24 17:52:41.423,1.07135,1.07145,1.60,1.40
2010.03.24 17:52:47.310,1.07135,1.07145,1.60,2.30
2010.03.24 17:52:47.567,1.07135,1.0714,1.60,3.20
2010.03.24 17:52:48.180,1.07125,1.0714,4.80,3.20
2010.03.24 17:52:48.435,1.07125,1.0714,4.80,4.60
2010.03.24 17:52:50.876,1.0713,1.0714,1.60,2.40
2010.03.24 17:52:51.134,1.07135,1.07145,1.60,10.20
2010.03.24 17:52:51.392,1.0713,1.07145,3.20,6.20
2010.03.24 17:52:52.148,1.0713,1.0714,3.20,2.40
2010.03.24 17:52:52.219,1.0713,1.0714,1.60,2.40
2010.03.24 17:52:52.567,1.07125,1.07135,1.60,1.40
2010.03.24 17:52:54.050,1.07125,1.07135,1.60,3.00
2010.03.24 17:52:54.354,1.07125,1.07135,1.60,5.50
2010.03.24 17:52:54.653,1.0712,1.0713,1.60,4.60
2010.03.24 17:52:55.399,1.0712,1.0713,1.60,6.20
2010.03.24 17:52:56.876,1.0712,1.0713,1.60,3.80
2010.03.24 17:53:02.660,1.07115,1.07125,1.60,1.40
2010.03.24 17:53:02.761,1.0711,1.0712,5.60,1.00
2010.03.24 17:53:02.918,1.0711,1.0712,1.60,4.80
2010.03.24 17:53:03.233,1.0711,1.0712,3.20,1.00
2010.03.24 17:53:04.065,1.0711,1.07125,3.20,21.40
2010.03.24 17:53:08.400,1.07115,1.07125,2.40,11.20
2010.03.24 17:53:08.495,1.07115,1.07125,6.40,9.60
2010.03.24 17:53:08.547,1.0712,1.07125,1.60,3.20
2010.03.24 17:53:08.595,1.0712,1.0713,1.60,10.60
2010.03.24 17:53:08.641,1.0712,1.0713,1.60,9.20
2010.03.24 17:53:09.063,1.0712,1.0713,1.60,5.20
2010.03.24 17:53:09.116,1.07125,1.07135,1.60,3.00
2010.03.24 17:53:11.567,1.0712,1.07135,4.00,3.00
2010.03.24 17:53:11.805,1.0712,1.0713,1.60,2.40
2010.03.24 17:53:12.048,1.07115,1.0713,1.60,6.20
2010.03.24 17:53:12.523,1.07115,1.0713,3.20,6.20
2010.03.24 17:53:13.154,1.0712,1.0713,4.00,1.40
2010.03.24 17:53:13.526,1.0712,1.07135,4.00,3.00
2010.03.24 17:53:14.617,1.07125,1.07135,1.60,1.60
2010.03.24 17:53:14.962,1.07125,1.0714,4.80,11.80
2010.03.24 17:53:15.205,1.07125,1.0714,4.80,7.80
2010.03.24 17:53:15.441,1.07125,1.0714,4.80,3.80
2010.03.24 17:53:18.402,1.0713,1.0714,1.60,1.40
2010.03.24 17:53:19.100,1.0713,1.07145,5.60,5.40
2010.03.24 17:53:19.282,1.0713,1.07145,6.40,5.40
2010.03.24 17:53:20.400,1.0713,1.07145,8.00,3.80
2010.03.24 17:53:20.602,1.0713,1.07145,4.80,6.20
2010.03.24 17:53:20.830,1.0713,1.07145,1.60,15.80
2010.03.24 17:53:20.950,1.0713,1.07145,1.60,16.60
2010.03.24 17:53:21.399,1.0713,1.0714,1.60,1.40
2010.03.24 17:53:25.977,1.0713,1.0714,1.60,4.00
2010.03.24 17:53:26.134,1.07125,1.0714,3.20,5.60
2010.03.24 17:53:26.280,1.07125,1.0714,1.60,13.60
2010.03.24 17:53:26.836,1.07125,1.07135,1.60,1.40
2010.03.24 17:53:27.325,1.07125,1.07135,1.60,3.00
2010.03.24 17:53:27.674,1.0712,1.07135,7.20,3.00
2010.03.24 17:53:28.628,1.0712,1.07135,8.00,3.00
2010.03.24 17:53:31.900,1.07125,1.07135,1.60,3.00
2010.03.24 17:53:35.605,1.0712,1.07135,5.60,5.40
2010.03.24 17:53:35.940,1.0712,1.0713,1.60,10.40
2010.03.24 17:53:36.597,1.0712,1.0713,1.60,11.80
2010.03.24 17:53:37.556,1.0712,1.0713,1.60,12.60
2010.03.24 17:53:38.190,1.07115,1.0713,3.20,12.60
2010.03.24 17:53:38.325,1.07115,1.07125,1.60,10.00
2010.03.24 17:53:38.593,1.07115,1.07125,1.60,5.20
2010.03.24 17:53:38.718,1.07115,1.07125,1.60,2.70
2010.03.24 17:53:41.225,1.07115,1.0712,1.60,1.00
2010.03.24 17:53:41.853,1.07105,1.0712,4.80,6.40
2010.03.24 17:53:42.805,1.07105,1.0712,4.80,14.20
2010.03.24 17:53:43.249,1.07105,1.07115,1.60,8.50
2010.03.24 17:53:43.905,1.071,1.07115,3.20,11.60
2010.03.24 17:53:44.137,1.071,1.07115,5.60,7.20
2010.03.24 17:53:44.354,1.071,1.07115,5.60,5.40
2010.03.24 17:53:44.576,1.071,1.07115,3.20,9.40
2010.03.24 17:53:44.797,1.07105,1.07115,1.60,9.60
2010.03.24 17:53:45.019,1.07105,1.07115,1.60,10.80
2010.03.24 17:53:45.327,1.07105,1.07115,1.60,14.80
2010.03.24 17:53:46.027,1.07105,1.07115,1.60,5.60
2010.03.24 17:53:47.038,1.07105,1.07115,1.60,8.80
2010.03.24 17:53:47.379,1.07105,1.07115,1.60,15.60
2010.03.24 17:53:47.718,1.07105,1.07115,1.60,10.00
2010.03.24 17:53:48.056,1.07105,1.07115,1.60,8.40
2010.03.24 17:53:48.472,1.07105,1.07115,1.60,9.20
2010.03.24 17:53:48.596,1.07105,1.07115,1.60,14.00
2010.03.24 17:53:48.843,1.07105,1.07115,1.60,14.10
2010.03.24 17:53:48.974,1.07105,1.0711,1.60,3.80
2010.03.24 17:53:49.105,1.07105,1.0711,1.60,4.60
2010.03.24 17:53:49.893,1.071,1.0711,1.60,10.20
2010.03.24 17:53:50.248,1.07105,1.0711,1.60,2.40
2010.03.24 17:53:50.475,1.07105,1.0711,1.60,3.20
2010.03.24 17:53:50.703,1.07105,1.0711,1.60,2.40
2010.03.24 17:53:52.432,1.07105,1.0711,1.60,3.20
2010.03.24 17:53:52.653,1.07105,1.0711,1.60,2.40
2010.03.24 17:53:52.872,1.07105,1.0711,1.60,3.20
2010.03.24 17:53:53.515,1.07105,1.0711,1.60,6.20
2010.03.24 17:53:56.234,1.07105,1.0711,1.60,5.40
2010.03.24 17:53:56.925,1.07105,1.0711,1.60,3.80
2010.03.24 17:53:59.434,1.07105,1.0711,1.60,4.60
2010.03.24 17:54:06.608,1.07105,1.0711,1.60,6.20
2010.03.24 17:54:06.708,1.071,1.0711,1.60,6.20
2010.03.24 17:54:09.157,1.07095,1.0711,1.70,6.20
2010.03.24 17:54:10.798,1.07095,1.0711,3.30,3.80
2010.03.24 17:54:10.970,1.07105,1.0711,1.60,3.80
2010.03.24 17:54:11.139,1.07105,1.0711,1.60,4.60
2010.03.24 17:54:11.308,1.07095,1.0711,7.30,4.60
2010.03.24 17:54:12.081,1.07095,1.0711,3.30,4.60
2010.03.24 17:54:12.957,1.07095,1.0711,3.30,4.80
2010.03.24 17:54:14.926,1.07095,1.0711,3.30,5.60
2010.03.24 17:54:15.649,1.07095,1.0711,1.70,9.60
2010.03.24 17:54:16.426,1.0709,1.0711,10.40,11.20
2010.03.24 17:54:16.661,1.0709,1.07105,7.20,3.20
2010.03.24 17:54:17.400,1.07085,1.071,4.00,6.20
2010.03.24 17:54:17.725,1.07085,1.071,1.60,7.80
2010.03.24 17:54:17.968,1.0708,1.07095,9.60,1.40
2010.03.24 17:54:18.212,1.0708,1.0709,11.20,2.40
2010.03.24 17:54:18.454,1.0708,1.0709,1.60,2.40
2010.03.24 17:54:21.136,1.07075,1.0709,9.60,2.40
2010.03.24 17:54:21.765,1.07085,1.0709,1.60,2.40
2010.03.24 17:54:22.105,1.07075,1.0709,5.70,2.40
2010.03.24 17:54:22.815,1.0708,1.07095,2.40,3.00
2010.03.24 17:54:23.164,1.0709,1.071,1.60,11.00
2010.03.24 17:54:23.387,1.0709,1.07095,1.60,2.20
2010.03.24 17:54:27.514,1.0708,1.07095,5.60,1.40
2010.03.24 17:54:32.181,1.0709,1.071,1.60,15.00
2010.03.24 17:54:32.662,1.0709,1.071,1.60,11.00
2010.03.24 17:54:38.023,1.0709,1.071,1.60,7.80
2010.03.24 17:54:38.582,1.07095,1.07105,1.60,7.00
2010.03.24 17:54:38.808,1.071,1.0711,1.60,8.60
2010.03.24 17:54:42.139,1.071,1.0711,1.60,7.00
2010.03.24 17:54:42.363,1.07095,1.07105,4.80,3.20
2010.03.24 17:54:42.947,1.0709,1.071,3.20,2.40
2010.03.24 17:54:43.145,1.0709,1.071,1.60,2.40
2010.03.24 17:54:44.954,1.0709,1.07105,1.60,8.70
2010.03.24 17:54:45.254,1.07095,1.07105,1.60,3.80
2010.03.24 17:54:46.306,1.07095,1.07105,1.60,3.00
2010.03.24 17:54:47.264,1.0709,1.071,3.20,2.40
2010.03.24 17:54:47.608,1.07095,1.071,1.60,2.40
2010.03.24 17:54:47.951,1.0709,1.071,1.60,3.80
2010.03.24 17:54:48.833,1.0709,1.071,1.60,1.40
2010.03.24 17:54:49.540,1.07095,1.071,1.60,1.40
2010.03.24 17:54:49.773,1.07095,1.07105,1.60,3.00
2010.03.24 17:54:50.475,1.07095,1.0711,1.60,10.20
2010.03.24 17:54:50.700,1.071,1.0711,1.60,11.00
2010.03.24 17:54:56.822,1.071,1.0711,1.60,8.60
2010.03.24 17:54:57.058,1.071,1.0711,1.60,9.40
2010.03.24 17:54:59.726,1.071,1.0711,1.60,8.60
2010.03.24 17:54:59.966,1.071,1.0711,1.60,7.80
2010.03.24 17:55:00.234,1.07105,1.0711,1.60,2.40
2010.03.24 17:55:00.923,1.071,1.0711,1.60,4.00
2010.03.24 17:55:01.176,1.071,1.0711,1.60,3.20
2010.03.24 17:55:02.197,1.071,1.0711,1.60,4.60
2010.03.24 17:55:08.005,1.07095,1.0711,1.60,7.80
2010.03.24 17:55:08.265,1.071,1.0711,1.60,7.90
2010.03.24 17:55:08.927,1.071,1.0711,1.60,7.80
2010.03.24 17:55:09.077,1.07095,1.0711,1.60,5.40
2010.03.24 17:55:09.230,1.071,1.0711,1.60,6.20
2010.03.24 17:55:09.715,1.07095,1.0711,3.20,4.60
2010.03.24 17:55:10.059,1.071,1.0711,1.60,3.80
2010.03.24 17:55:11.113,1.071,1.0711,1.60,4.60
2010.03.24 17:55:11.613,1.071,1.0711,1.60,5.40
2010.03.24 17:55:14.968,1.071,1.0711,1.60,4.60
2010.03.24 17:55:19.622,1.071,1.0711,1.60,5.40
2010.03.24 17:55:21.003,1.071,1.0711,1.60,7.80
2010.03.24 17:55:21.593,1.071,1.0711,1.60,11.80
2010.03.24 17:55:22.073,1.071,1.0711,1.60,11.00
2010.03.24 17:55:22.355,1.071,1.0711,1.60,4.60
2010.03.24 17:55:26.042,1.071,1.0711,1.60,3.80
2010.03.24 17:55:26.121,1.071,1.0711,1.60,2.40
2010.03.24 17:55:26.840,1.071,1.07115,1.60,9.80
2010.03.24 17:55:27.063,1.071,1.07115,1.60,3.00
2010.03.24 17:55:27.515,1.07105,1.07115,1.60,1.40
2010.03.24 17:55:28.029,1.0711,1.0712,1.60,15.80
2010.03.24 17:55:28.387,1.0711,1.0712,1.60,5.40
2010.03.24 17:55:29.073,1.0711,1.0712,1.60,7.00
2010.03.24 17:55:29.834,1.0711,1.0712,1.60,6.20
2010.03.24 17:55:32.777,1.07105,1.0712,1.60,6.20
2010.03.24 17:55:37.263,1.0711,1.0712,2.40,1.40
2010.03.24 17:55:37.775,1.0711,1.07125,2.40,11.40
2010.03.24 17:55:38.122,1.0711,1.07125,10.40,1.40
2010.03.24 17:55:38.426,1.0712,1.0713,2.40,4.60
2010.03.24 17:55:39.148,1.0712,1.07135,7.20,7.00
2010.03.24 17:55:39.454,1.0712,1.07135,15.20,1.40
2010.03.24 17:55:39.804,1.0712,1.07135,9.60,6.20
2010.03.24 17:55:40.148,1.0712,1.07135,1.60,8.60
2010.03.24 17:55:40.491,1.07115,1.0713,3.20,7.00
2010.03.24 17:55:40.975,1.07115,1.0713,1.60,7.00
2010.03.24 17:55:41.324,1.0711,1.07125,11.20,1.40
2010.03.24 17:55:42.075,1.07105,1.07125,23.30,1.40
2010.03.24 17:55:45.978,1.0711,1.07125,8.80,5.40
2010.03.24 17:55:46.115,1.0711,1.0712,4.00,3.80
2010.03.24 17:55:46.685,1.07105,1.0712,8.00,7.80
2010.03.24 17:55:47.030,1.071,1.07115,11.20,1.40
2010.03.24 17:55:47.789,1.071,1.07115,11.90,1.40
2010.03.24 17:55:48.136,1.071,1.0712,16.70,7.80
2010.03.24 17:55:49.676,1.07105,1.0712,3.90,3.00
2010.03.24 17:55:49.804,1.07105,1.0712,9.50,3.00
2010.03.24 17:55:50.656,1.07105,1.0712,12.70,3.00
2010.03.24 17:55:51.283,1.0711,1.07125,2.40,5.10
2010.03.24 17:55:52.184,1.0711,1.07125,2.40,4.60
2010.03.24 17:55:57.381,1.0711,1.07125,2.40,5.40
2010.03.24 17:55:57.913,1.0711,1.07125,2.40,5.90
2010.03.24 17:55:58.051,1.07105,1.07125,17.60,8.30
2010.03.24 17:55:59.114,1.07105,1.07125,18.30,8.30
2010.03.24 17:55:59.396,1.07105,1.0712,12.00,3.80
2010.03.24 17:55:59.688,1.071,1.0712,18.80,6.30
2010.03.24 17:55:59.969,1.071,1.07115,9.60,3.80
2010.03.24 17:56:00.724,1.071,1.07115,4.00,7.00
2010.03.24 17:56:02.310,1.071,1.07115,4.00,5.40
2010.03.24 17:56:05.134,1.071,1.07115,4.70,5.40
2010.03.24 17:56:06.085,1.071,1.07115,6.30,5.40
2010.03.24 17:56:06.549,1.071,1.07115,6.30,6.20
2010.03.24 17:56:07.012,1.071,1.07115,8.00,3.00
2010.03.24 17:56:07.243,1.071,1.07115,8.00,3.80
2010.03.24 17:56:07.504,1.071,1.07115,8.80,3.00
2010.03.24 17:56:07.765,1.07105,1.07115,1.00,4.60
2010.03.24 17:56:08.024,1.07105,1.07115,1.00,3.00
2010.03.24 17:56:08.676,1.0711,1.0712,1.00,9.40
2010.03.24 17:56:08.863,1.0711,1.0712,1.00,1.40
2010.03.24 17:56:10.143,1.0709,1.0711,5.20,2.40
2010.03.24 17:56:10.475,1.0709,1.0711,3.20,3.80
2010.03.24 17:56:11.932,1.07095,1.0711,3.20,1.40
2010.03.24 17:56:23.176,1.07095,1.0711,1.60,1.40
2010.03.24 17:56:24.036,1.07095,1.0711,1.60,3.80
2010.03.24 17:56:24.696,1.0709,1.07105,16.00,1.40
2010.03.24 17:56:25.096,1.0709,1.07105,12.00,1.40
2010.03.24 17:56:28.846,1.0709,1.07105,10.40,1.40
2010.03.24 17:56:33.809,1.0709,1.07105,11.20,1.40
2010.03.24 17:56:34.045,1.0709,1.0711,16.80,4.60
2010.03.24 17:56:34.624,1.0709,1.0711,17.60,1.40
2010.03.24 17:56:34.905,1.07095,1.0711,3.20,1.40
2010.03.24 17:56:38.149,1.0709,1.0711,17.60,5.40
2010.03.24 17:56:38.286,1.0709,1.0711,12.80,5.40
2010.03.24 17:56:38.427,1.0709,1.0711,11.20,7.80
2010.03.24 17:56:39.966,1.0709,1.0711,10.40,8.60
2010.03.24 17:56:40.315,1.0709,1.07105,10.40,1.40
2010.03.24 17:56:42.002,1.07085,1.07105,19.20,4.60
2010.03.24 17:56:42.203,1.0709,1.07105,3.20,6.20
2010.03.24 17:56:42.402,1.0709,1.07105,1.60,7.80
2010.03.24 17:56:44.231,1.0709,1.07105,4.00,5.40
2010.03.24 17:56:44.382,1.0709,1.07105,4.00,3.00
2010.03.24 17:56:44.532,1.0709,1.07105,4.80,3.00
2010.03.24 17:56:44.680,1.0709,1.07105,6.40,1.40
2010.03.24 17:56:48.311,1.0709,1.07105,6.40,2.20
2010.03.24 17:56:49.138,1.0709,1.07105,6.40,1.40
2010.03.24 17:56:50.369,1.0709,1.07105,8.00,1.40
2010.03.24 17:56:52.191,1.0709,1.071,3.20,2.40
2010.03.24 17:56:52.913,1.07085,1.071,5.60,2.40
2010.03.24 17:56:53.734,1.0709,1.07105,1.60,5.40
2010.03.24 17:56:54.502,1.0709,1.071,1.60,2.40
2010.03.24 17:56:54.860,1.07085,1.071,4.00,2.40
2010.03.24 17:56:54.971,1.07085,1.071,3.20,2.40
2010.03.24 17:56:56.290,1.0708,1.071,16.80,6.20
2010.03.24 17:56:56.541,1.0708,1.07095,15.20,1.40
2010.03.24 17:56:56.790,1.0708,1.07095,11.20,1.40
2010.03.24 17:56:57.828,1.0708,1.07095,12.80,1.40
2010.03.24 17:56:58.169,1.0708,1.07095,11.20,1.40
2010.03.24 17:56:58.607,1.0708,1.07095,10.40,1.40
2010.03.24 17:57:10.508,1.0708,1.07095,11.20,1.40
2010.03.24 17:57:10.746,1.0708,1.07095,15.20,1.40
2010.03.24 17:57:11.593,1.0708,1.07095,14.40,1.40
2010.03.24 17:57:13.874,1.07085,1.071,1.60,8.60
2010.03.24 17:57:16.620,1.07085,1.071,1.60,7.00
2010.03.24 17:57:16.846,1.07085,1.071,7.20,1.40
2010.03.24 17:57:17.664,1.07085,1.071,8.10,1.40
2010.03.24 17:57:17.946,1.0709,1.07105,4.00,3.80
2010.03.24 17:57:18.385,1.0709,1.07105,4.00,3.00
2010.03.24 17:57:18.670,1.0709,1.0711,15.20,7.80
2010.03.24 17:57:18.963,1.0709,1.0711,11.20,11.80
2010.03.24 17:57:19.303,1.0709,1.0711,11.20,12.60
2010.03.24 17:57:20.253,1.0709,1.071,6.40,2.40
2010.03.24 17:57:20.462,1.07085,1.071,3.20,3.80
2010.03.24 17:57:21.064,1.07085,1.071,5.60,3.80
2010.03.24 17:57:21.254,1.07085,1.071,1.60,3.80
2010.03.24 17:57:22.381,1.07085,1.071,1.60,1.40
2010.03.24 17:57:22.695,1.07085,1.071,5.60,1.40
2010.03.24 17:57:25.265,1.07085,1.071,1.60,1.40
2010.03.24 17:57:38.617,1.07085,1.071,5.60,1.40
2010.03.24 17:57:39.381,1.07085,1.071,5.60,1.40
2010.03.24 17:57:39.440,1.0709,1.071,2.40,1.40
2010.03.24 17:57:39.915,1.0709,1.07105,2.40,5.40
2010.03.24 17:57:40.199,1.07095,1.0711,1.60,11.00
2010.03.24 17:57:40.738,1.07095,1.0711,1.60,7.00
2010.03.24 17:57:42.107,1.07095,1.0711,1.60,5.40
2010.03.24 17:57:46.726,1.07095,1.0711,7.20,1.40
2010.03.24 17:57:47.519,1.07095,1.0711,3.20,1.40
2010.03.24 17:57:50.585,1.07095,1.0711,5.60,1.40
2010.03.24 17:57:50.694,1.07095,1.0711,8.00,1.40
2010.03.24 17:57:50.806,1.071,1.07115,1.60,9.80
2010.03.24 17:57:51.777,1.071,1.07115,1.60,10.80
2010.03.24 17:57:52.118,1.07095,1.0711,7.20,3.80
2010.03.24 17:57:52.479,1.07095,1.0711,9.60,1.40
2010.03.24 17:57:53.078,1.07095,1.0711,7.20,1.40
2010.03.24 17:57:53.426,1.07095,1.0711,7.20,5.40
2010.03.24 17:57:53.767,1.07095,1.0711,5.60,8.60
2010.03.24 17:57:54.877,1.07095,1.0711,5.60,7.80
2010.03.24 17:57:55.220,1.07095,1.0711,7.20,1.40
2010.03.24 17:57:56.331,1.07095,1.0711,3.20,1.40
2010.03.24 17:57:57.653,1.07095,1.0711,3.20,6.20
2010.03.24 17:57:57.895,1.07095,1.0711,1.60,7.00
2010.03.24 17:58:00.911,1.07095,1.0711,1.60,7.80
2010.03.24 17:58:02.250,1.07095,1.0711,1.60,8.60
2010.03.24 17:58:02.475,1.0709,1.07105,10.40,1.40
2010.03.24 17:58:03.231,1.0709,1.07105,9.60,1.40
2010.03.24 17:58:03.451,1.0709,1.07105,10.40,1.40
2010.03.24 17:58:10.563,1.0709,1.07105,10.40,3.00
2010.03.24 17:58:11.112,1.0709,1.07105,5.60,7.80
2010.03.24 17:58:11.237,1.07085,1.07105,7.20,7.10
2010.03.24 17:58:11.802,1.07085,1.07105,7.20,8.30
2010.03.24 17:58:12.140,1.07085,1.07105,7.20,12.30
2010.03.24 17:58:12.480,1.07085,1.07105,7.20,11.10
2010.03.24 17:58:13.748,1.07085,1.07105,9.60,11.10
2010.03.24 17:58:13.800,1.07085,1.07105,9.60,11.00
2010.03.24 17:58:13.849,1.07085,1.07105,11.20,11.00
2010.03.24 17:58:14.049,1.0709,1.07105,1.60,11.00
2010.03.24 17:58:14.460,1.0709,1.07105,1.60,7.00
2010.03.24 17:58:14.508,1.0709,1.07105,4.00,4.60
2010.03.24 17:58:14.559,1.0709,1.07105,4.80,4.60
2010.03.24 17:58:15.291,1.0709,1.07105,5.60,3.00
2010.03.24 17:58:15.811,1.0709,1.07105,3.20,3.00
2010.03.24 17:58:18.688,1.0709,1.07105,5.60,3.00
2010.03.24 17:58:18.818,1.0709,1.07105,6.40,3.00
2010.03.24 17:58:18.955,1.0709,1.07105,9.60,4.60
2010.03.24 17:58:19.485,1.07085,1.071,12.40,4.00
2010.03.24 17:58:19.826,1.07085,1.071,3.20,5.40
2010.03.24 17:58:20.792,1.07085,1.071,5.60,3.00
2010.03.24 17:58:21.588,1.07085,1.071,5.60,1.40
2010.03.24 17:58:22.171,1.07085,1.071,3.20,5.40
2010.03.24 17:58:22.468,1.07085,1.071,1.60,7.10
2010.03.24 17:58:23.167,1.07085,1.071,1.60,7.90
2010.03.24 17:58:26.086,1.07085,1.071,1.60,7.10
2010.03.24 17:58:26.937,1.07085,1.071,1.70,3.10
2010.03.24 17:58:27.523,1.07085,1.071,1.70,3.00
2010.03.24 17:58:27.706,1.0709,1.07105,4.80,4.60
2010.03.24 17:58:27.882,1.07085,1.071,11.20,4.00
2010.03.24 17:58:28.470,1.07085,1.071,3.20,5.50
2010.03.24 17:58:28.817,1.07085,1.071,3.20,3.00
2010.03.24 17:58:32.408,1.07085,1.071,3.20,6.30
2010.03.24 17:58:33.003,1.0708,1.071,9.60,11.90
2010.03.24 17:58:33.331,1.0708,1.071,12.00,7.80
2010.03.24 17:58:35.703,1.0708,1.071,14.40,7.80
2010.03.24 17:58:36.217,1.0708,1.071,14.40,7.80
2010.03.24 17:58:36.966,1.0708,1.071,15.20,7.80
2010.03.24 17:58:37.081,1.0708,1.071,16.80,7.80
2010.03.24 17:58:37.610,1.0708,1.071,12.80,7.00
2010.03.24 17:58:37.958,1.0708,1.071,16.00,7.80
2010.03.24 17:58:40.242,1.0708,1.071,16.00,7.80
2010.03.24 17:58:40.486,1.0708,1.071,16.80,7.80
2010.03.24 17:58:40.988,1.0708,1.071,12.00,8.60
2010.03.24 17:58:41.485,1.0708,1.071,12.00,7.80
2010.03.24 17:58:44.166,1.07085,1.071,1.60,3.80
2010.03.24 17:58:44.364,1.07085,1.07105,4.00,11.80
2010.03.24 17:58:44.553,1.0709,1.07105,1.60,7.00
2010.03.24 17:58:45.342,1.0709,1.07105,1.60,7.80
2010.03.24 17:58:46.511,1.0709,1.07105,1.60,7.00
2010.03.24 17:58:47.231,1.0709,1.07105,1.60,7.80
2010.03.24 17:58:47.843,1.0709,1.07105,1.60,11.80
2010.03.24 17:58:48.296,1.0709,1.07105,1.60,11.00
2010.03.24 17:58:49.101,1.0709,1.07105,1.60,7.00
2010.03.24 17:58:55.543,1.0709,1.07105,1.60,11.00
2010.03.24 17:58:55.744,1.0709,1.07105,1.60,11.80
2010.03.24 17:58:55.989,1.0709,1.07105,1.60,11.00
2010.03.24 17:58:56.231,1.0709,1.07105,4.00,8.60
2010.03.24 17:58:56.711,1.0709,1.07105,4.00,4.60
2010.03.24 17:58:57.919,1.0709,1.07105,5.60,3.00
2010.03.24 17:58:58.212,1.0709,1.07105,10.40,3.00
2010.03.24 17:58:58.500,1.0709,1.0711,12.80,11.00
2010.03.24 17:59:00.018,1.0709,1.0711,12.80,11.80
2010.03.24 17:59:00.518,1.0709,1.0711,12.00,11.80
2010.03.24 17:59:00.678,1.0709,1.07105,10.40,1.60
2010.03.24 17:59:01.562,1.0709,1.071,1.00,4.00
2010.03.24 17:59:01.822,1.07085,1.071,3.20,5.40
2010.03.24 17:59:06.882,1.0709,1.071,1.60,4.00
2010.03.24 17:59:07.064,1.0709,1.07105,8.80,1.40
2010.03.24 17:59:07.281,1.0709,1.07105,16.00,1.40
2010.03.24 17:59:07.500,1.0709,1.07105,8.00,1.40
2010.03.24 17:59:08.095,1.0709,1.07105,10.40,1.40
2010.03.24 17:59:08.439,1.0709,1.07105,12.00,1.40
2010.03.24 17:59:08.783,1.07095,1.07105,7.20,1.40
2010.03.24 17:59:09.129,1.07095,1.0711,4.80,4.60
2010.03.24 17:59:10.278,1.07075,1.071,13.10,11.10
2010.03.24 17:59:10.522,1.07075,1.071,20.00,7.00
2010.03.24 17:59:11.172,1.0708,1.071,11.90,4.60
2010.03.24 17:59:11.409,1.07085,1.071,9.50,4.60
2010.03.24 17:59:14.696,1.07085,1.071,7.10,7.00
2010.03.24 17:59:14.814,1.07085,1.071,5.90,5.40
2010.03.24 17:59:14.939,1.07085,1.071,6.00,7.00
2010.03.24 17:59:15.066,1.07085,1.071,1.00,8.60
2010.03.24 17:59:15.641,1.0708,1.07095,14.00,1.00
2010.03.24 17:59:15.988,1.0708,1.07095,3.20,3.80
2010.03.24 17:59:16.341,1.0708,1.07095,3.20,3.80
2010.03.24 17:59:16.690,1.0708,1.071,1.60,19.80
2010.03.24 17:59:18.104,1.0708,1.07095,1.60,11.00
2010.03.24 17:59:19.783,1.0708,1.07095,1.60,7.00
2010.03.24 17:59:20.729,1.0708,1.07095,1.60,4.60
2010.03.24 17:59:21.312,1.0708,1.07095,1.60,3.00
2010.03.24 17:59:21.814,1.0708,1.07095,1.60,4.70
2010.03.24 17:59:22.017,1.07075,1.0709,5.60,3.80
2010.03.24 17:59:22.226,1.0707,1.0709,14.40,6.20
2010.03.24 17:59:22.835,1.0707,1.0709,9.80,7.80
2010.03.24 17:59:23.373,1.0707,1.0709,11.00,7.80
2010.03.24 17:59:23.712,1.0707,1.0709,15.00,7.80
2010.03.24 17:59:25.301,1.0707,1.0709,16.60,7.80
2010.03.24 17:59:26.801,1.0708,1.0709,2.40,4.60
2010.03.24 17:59:27.151,1.0708,1.07095,4.00,4.60
2010.03.24 17:59:27.604,1.0708,1.07095,1.60,4.60
2010.03.24 17:59:27.754,1.0708,1.07095,1.60,8.60
2010.03.24 17:59:28.201,1.0708,1.07095,1.60,4.60
2010.03.24 17:59:29.027,1.0708,1.07095,4.00,3.00
2010.03.24 17:59:29.365,1.0708,1.07095,4.00,4.60
2010.03.24 17:59:29.564,1.0708,1.07095,1.60,5.40
2010.03.24 17:59:29.764,1.0708,1.07095,1.60,3.00
2010.03.24 17:59:30.182,1.0708,1.07095,4.00,3.00
2010.03.24 17:59:30.387,1.0708,1.07095,1.60,1.40
2010.03.24 17:59:30.736,1.07075,1.07095,14.40,3.00
2010.03.24 17:59:31.444,1.0708,1.07095,2.40,4.60
2010.03.24 17:59:31.791,1.0707,1.07085,4.00,1.40
2010.03.24 17:59:32.141,1.0707,1.07085,1.60,2.40
2010.03.24 17:59:32.900,1.07065,1.07085,13.60,9.40
2010.03.24 17:59:33.241,1.07065,1.07085,17.60,9.40
2010.03.24 17:59:33.580,1.07065,1.07085,13.60,13.40
2010.03.24 17:59:34.368,1.07065,1.0708,1.60,7.80
2010.03.24 17:59:34.654,1.07065,1.0708,1.60,11.80
2010.03.24 17:59:35.454,1.07065,1.07075,1.60,1.60
2010.03.24 17:59:35.790,1.0706,1.07075,1.60,7.80
2010.03.24 17:59:37.035,1.0706,1.07075,4.80,3.00
2010.03.24 17:59:37.340,1.0706,1.07075,10.40,1.40
2010.03.24 17:59:41.234,1.07065,1.07075,2.40,1.40
2010.03.24 17:59:41.324,1.07065,1.07075,4.80,1.40
2010.03.24 17:59:41.503,1.07065,1.0708,6.40,7.00
2010.03.24 17:59:41.998,1.07065,1.0708,5.60,7.00
2010.03.24 17:59:42.317,1.07065,1.0708,1.60,7.00
2010.03.24 17:59:44.331,1.07065,1.0708,1.60,7.80
2010.03.24 17:59:44.975,1.07065,1.0708,1.60,11.00
2010.03.24 17:59:46.460,1.07065,1.0708,1.60,7.00
2010.03.24 17:59:48.979,1.0707,1.0708,2.40,3.00
2010.03.24 17:59:49.552,1.0707,1.07085,4.80,3.00
2010.03.24 17:59:49.966,1.0707,1.07085,4.80,4.60
2010.03.24 17:59:51.226,1.0707,1.07085,3.20,4.60
2010.03.24 17:59:51.661,1.07075,1.07085,2.40,4.60
2010.03.24 17:59:51.883,1.0707,1.07085,14.40,3.00
2010.03.24 17:59:52.101,1.0707,1.07085,4.80,3.00
2010.03.24 17:59:52.319,1.0707,1.07085,8.80,3.00
2010.03.24 17:59:53.702,1.0707,1.07085,10.40,3.00
2010.03.24 17:59:53.859,1.0707,1.07085,6.40,3.00
2010.03.24 17:59:54.839,1.0707,1.07085,1.00,7.10
2010.03.24 17:59:55.359,1.07065,1.0708,17.20,1.60
2010.03.24 17:59:55.704,1.07065,1.07085,16.80,9.40
2010.03.24 17:59:56.391,1.07065,1.07085,18.40,9.40
2010.03.24 17:59:57.169,1.07065,1.0708,16.00,1.40
2010.03.24 17:59:57.419,1.07065,1.0708,16.00,3.00
2010.03.24 17:59:57.662,1.07065,1.0708,12.00,3.00
2010.03.24 17:59:58.339,1.0707,1.07085,3.20,4.60
2010.03.24 17:59:59.023,1.0707,1.07085,3.20,4.70
2010.03.24 17:59:59.601,1.0707,1.07085,1.00,7.00
2010.03.24 17:59:59.950,1.0707,1.07085,3.20,4.60
