2017.07.12 18:00:00.348,0.96456,0.96469,2.44,5.85
2017.07.12 18:00:01.946,0.96456,0.96468,3.37,1.54
2017.07.12 18:00:02.764,0.96455,0.96466,6.00,2.85
2017.07.12 18:00:02.867,0.96453,0.96464,2.25,1.05
2017.07.12 18:00:05.561,0.96453,0.96466,5.06,3.04
2017.07.12 18:00:10.929,0.96453,0.96465,3.19,1.19
2017.07.12 18:00:16.058,0.96454,0.96465,1.25,1.54
2017.07.12 18:00:16.584,0.96453,0.96465,2.81,2.29
2017.07.12 18:00:17.110,0.96454,0.96465,1.25,2.29
2017.07.12 18:00:17.919,0.96453,0.96465,1.69,2.29
2017.07.12 18:00:25.316,0.96453,0.96465,2.44,2.44
2017.07.12 18:00:26.883,0.96453,0.96463,1.00,1.00
2017.07.12 18:00:27.432,0.96452,0.96463,3.19,1.00
2017.07.12 18:00:27.991,0.96452,0.96464,3.19,1.54
2017.07.12 18:00:28.753,0.96452,0.96463,3.37,1.00
2017.07.12 18:00:29.311,0.96452,0.96464,3.37,1.54
2017.07.12 18:00:35.097,0.96452,0.96463,2.81,1.00
2017.07.12 18:00:35.627,0.96452,0.96464,2.81,1.54
2017.07.12 18:00:36.151,0.96452,0.96463,1.12,1.50
2017.07.12 18:00:36.723,0.96451,0.9646,2.44,1.05
2017.07.12 18:00:36.826,0.96449,0.9646,1.12,1.30
2017.07.12 18:00:37.237,0.96448,0.9646,3.19,1.24
2017.07.12 18:00:38.003,0.96448,0.96459,3.19,1.00
2017.07.12 18:00:38.543,0.96448,0.9646,3.19,1.54
2017.07.12 18:00:45.162,0.96448,0.96458,3.19,1.00
2017.07.12 18:00:45.928,0.96448,0.96459,2.81,1.00
2017.07.12 18:00:46.638,0.96448,0.9646,2.81,1.72
2017.07.12 18:00:47.630,0.96448,0.96459,2.81,1.00
2017.07.12 18:00:48.141,0.96448,0.9646,2.81,1.72
2017.07.12 18:00:51.529,0.96446,0.96458,3.37,1.35
2017.07.12 18:00:51.784,0.96445,0.96458,1.00,7.16
2017.07.12 18:00:52.398,0.96444,0.96456,6.37,1.12
2017.07.12 18:00:54.167,0.96444,0.96457,5.44,2.66
2017.07.12 18:00:54.717,0.96444,0.96457,6.19,3.79
2017.07.12 18:00:56.198,0.96445,0.96457,1.00,1.72
2017.07.12 18:01:00.096,0.96444,0.96455,4.50,1.00
2017.07.12 18:01:00.713,0.96444,0.96456,4.50,1.12
2017.07.12 18:01:01.397,0.96443,0.96455,1.50,1.35
2017.07.12 18:01:06.511,0.96442,0.96454,6.37,1.00
2017.07.12 18:01:07.031,0.96443,0.96455,1.50,2.85
2017.07.12 18:01:14.816,0.96443,0.96455,2.62,2.10
2017.07.12 18:01:15.409,0.96444,0.96455,1.00,2.10
2017.07.12 18:01:15.964,0.96443,0.96455,2.06,2.85
2017.07.12 18:01:23.428,0.96443,0.96456,3.94,2.10
2017.07.12 18:01:23.735,0.9645,0.96463,4.91,4.31
2017.07.12 18:01:24.279,0.96451,0.96463,1.37,1.00
2017.07.12 18:01:24.804,0.9645,0.96464,6.94,6.37
2017.07.12 18:01:24.959,0.96451,0.96462,1.50,1.00
2017.07.12 18:01:25.473,0.96451,0.96463,2.25,2.85
2017.07.12 18:01:26.736,0.96452,0.96464,1.87,4.72
2017.07.12 18:01:27.436,0.96452,0.96463,1.31,1.00
2017.07.12 18:01:28.432,0.96452,0.96464,1.12,5.10
2017.07.12 18:01:28.942,0.96452,0.96464,2.81,1.12
2017.07.12 18:01:29.511,0.96452,0.96464,1.87,1.12
2017.07.12 18:01:30.522,0.96451,0.96463,1.54,1.00
2017.07.12 18:01:31.103,0.96451,0.96464,1.54,4.76
2017.07.12 18:01:31.410,0.96451,0.96462,1.25,1.00
2017.07.12 18:01:32.804,0.96451,0.96463,1.00,1.87
2017.07.12 18:01:33.706,0.96451,0.96464,2.25,5.55
2017.07.12 18:01:34.107,0.96453,0.96465,5.06,1.16
2017.07.12 18:01:34.617,0.96453,0.96464,1.25,1.00
2017.07.12 18:01:35.129,0.96452,0.96464,1.69,1.00
2017.07.12 18:01:35.832,0.96452,0.96465,1.69,6.86
2017.07.12 18:01:37.455,0.96453,0.96465,1.31,5.55
2017.07.12 18:01:38.313,0.96453,0.96465,2.06,3.26
2017.07.12 18:01:39.224,0.96453,0.96466,4.31,3.07
2017.07.12 18:01:41.302,0.96455,0.96466,2.62,2.55
2017.07.12 18:01:41.456,0.96455,0.96467,2.81,1.76
2017.07.12 18:01:44.852,0.96455,0.96466,1.50,1.00
2017.07.12 18:01:45.406,0.96455,0.96467,1.50,3.82
2017.07.12 18:01:46.619,0.96457,0.96467,1.69,1.10
2017.07.12 18:01:46.824,0.9646,0.96472,1.50,1.31
2017.07.12 18:01:49.367,0.9646,0.96473,3.94,3.86
2017.07.12 18:01:50.034,0.96461,0.96473,3.79,1.39
2017.07.12 18:01:50.087,0.96464,0.96474,1.69,1.80
2017.07.12 18:01:50.140,0.96461,0.96474,4.50,4.80
2017.07.12 18:01:50.679,0.96461,0.96473,3.94,2.14
2017.07.12 18:01:50.887,0.96463,0.96474,1.69,1.32
2017.07.12 18:01:50.990,0.96463,0.96475,2.44,1.76
2017.07.12 18:01:51.520,0.96463,0.96475,2.44,2.36
2017.07.12 18:01:51.882,0.96464,0.96475,2.06,1.39
2017.07.12 18:01:54.291,0.96464,0.96476,3.94,1.01
2017.07.12 18:01:54.664,0.96466,0.96478,3.94,1.25
2017.07.12 18:01:54.977,0.9647,0.96482,1.62,2.17
2017.07.12 18:01:55.286,0.96464,0.96476,4.91,1.00
2017.07.12 18:01:55.908,0.96464,0.96475,4.12,1.00
2017.07.12 18:01:56.435,0.96464,0.96476,3.37,2.06
2017.07.12 18:01:56.995,0.96462,0.96474,3.94,1.00
2017.07.12 18:01:57.507,0.96462,0.96475,2.62,2.92
2017.07.12 18:02:01.177,0.96461,0.96474,4.54,2.14
2017.07.12 18:02:01.513,0.9646,0.96471,2.25,2.89
2017.07.12 18:02:02.025,0.9646,0.96472,3.19,1.57
2017.07.12 18:02:03.826,0.96461,0.96472,1.31,1.01
2017.07.12 18:02:04.031,0.96461,0.96474,4.69,1.20
2017.07.12 18:02:04.598,0.96463,0.96474,1.69,1.10
2017.07.12 18:02:05.214,0.96463,0.96473,1.69,1.00
2017.07.12 18:02:05.947,0.96463,0.96474,1.69,1.57
2017.07.12 18:02:22.469,0.96462,0.96475,2.81,2.51
2017.07.12 18:02:28.619,0.96463,0.96475,2.44,1.39
2017.07.12 18:02:28.926,0.96466,0.96478,2.81,1.69
2017.07.12 18:02:29.470,0.96466,0.96478,1.50,1.20
2017.07.12 18:02:41.407,0.96464,0.96476,3.19,1.87
2017.07.12 18:02:44.227,0.96463,0.96475,2.25,2.44
2017.07.12 18:02:47.282,0.96464,0.96476,1.00,5.18
2017.07.12 18:02:47.794,0.96464,0.96475,1.19,1.25
2017.07.12 18:02:48.427,0.96464,0.96476,1.69,4.24
2017.07.12 18:02:52.563,0.96464,0.96477,3.56,4.35
2017.07.12 18:03:04.798,0.96464,0.96477,1.31,5.18
2017.07.12 18:03:06.429,0.96464,0.96477,5.06,3.37
2017.07.12 18:03:11.254,0.96464,0.96477,2.81,2.62
2017.07.12 18:03:20.710,0.96463,0.96475,3.37,1.00
2017.07.12 18:03:20.814,0.96462,0.96474,1.87,1.50
2017.07.12 18:03:20.866,0.96462,0.96475,1.50,5.85
2017.07.12 18:03:23.205,0.96461,0.96472,4.50,1.25
2017.07.12 18:03:23.729,0.96461,0.96474,7.31,2.66
2017.07.12 18:03:27.563,0.96461,0.96472,1.12,2.81
2017.07.12 18:03:27.900,0.96455,0.96467,2.06,2.25
2017.07.12 18:03:28.411,0.96456,0.96467,1.50,1.19
2017.07.12 18:03:29.001,0.96456,0.96469,2.06,4.35
2017.07.12 18:03:29.052,0.96455,0.96467,3.22,1.19
2017.07.12 18:03:30.724,0.96455,0.96467,3.94,1.19
2017.07.12 18:03:41.006,0.96455,0.96468,3.94,4.72
2017.07.12 18:03:45.500,0.96455,0.96468,1.87,7.16
2017.07.12 18:03:46.015,0.96454,0.96466,1.00,1.50
2017.07.12 18:03:53.548,0.96453,0.96466,5.44,1.50
2017.07.12 18:03:54.245,0.96453,0.96466,6.00,1.50
2017.07.12 18:04:03.704,0.96455,0.96466,1.19,1.50
2017.07.12 18:04:06.785,0.96455,0.96466,3.41,1.12
2017.07.12 18:04:07.092,0.9646,0.96471,2.62,2.25
2017.07.12 18:04:07.593,0.9646,0.96472,1.12,4.12
2017.07.12 18:04:12.346,0.96459,0.9647,1.12,1.00
2017.07.12 18:04:12.940,0.96458,0.9647,2.81,1.12
2017.07.12 18:04:13.539,0.96458,0.9647,2.81,1.12
2017.07.12 18:04:14.334,0.96458,0.9647,2.81,1.12
2017.07.12 18:04:15.909,0.96457,0.96468,1.50,3.97
2017.07.12 18:04:16.063,0.96454,0.96466,4.50,1.35
2017.07.12 18:04:17.478,0.96456,0.96468,1.19,3.56
2017.07.12 18:04:17.990,0.96455,0.96467,3.19,1.00
2017.07.12 18:04:18.608,0.96455,0.96468,3.19,4.20
2017.07.12 18:04:19.148,0.96455,0.96467,3.19,1.00
2017.07.12 18:04:29.092,0.96455,0.96468,5.81,2.85
2017.07.12 18:04:29.602,0.96455,0.96467,3.56,1.50
2017.07.12 18:04:32.518,0.96455,0.96468,3.56,2.66
2017.07.12 18:04:33.258,0.96455,0.96467,3.56,1.00
2017.07.12 18:04:34.338,0.96456,0.96468,4.31,1.12
2017.07.12 18:04:35.320,0.96456,0.96467,1.12,1.00
2017.07.12 18:04:35.822,0.96456,0.96468,1.12,4.35
2017.07.12 18:04:36.941,0.96455,0.96466,3.56,1.00
2017.07.12 18:04:37.097,0.96454,0.96466,1.12,1.72
2017.07.12 18:04:37.354,0.96453,0.96464,2.06,1.00
2017.07.12 18:04:39.685,0.96453,0.96465,1.31,3.41
2017.07.12 18:04:42.871,0.96454,0.96465,1.25,3.49
2017.07.12 18:04:43.419,0.96453,0.96465,1.69,4.05
2017.07.12 18:04:48.389,0.96453,0.96463,1.69,1.00
2017.07.12 18:04:48.441,0.96453,0.96465,1.69,3.67
2017.07.12 18:04:48.696,0.96453,0.96463,1.69,1.00
2017.07.12 18:04:49.278,0.96453,0.96464,1.69,1.00
2017.07.12 18:04:50.523,0.96453,0.96465,1.69,4.24
2017.07.12 18:04:51.146,0.96453,0.96464,1.69,1.00
2017.07.12 18:04:54.795,0.96453,0.9646,1.00,3.00
2017.07.12 18:04:54.951,0.96449,0.96458,1.00,2.85
2017.07.12 18:04:55.005,0.96445,0.96457,5.62,1.37
2017.07.12 18:04:55.547,0.96447,0.96459,2.06,4.69
2017.07.12 18:04:56.320,0.96447,0.96459,3.19,3.94
2017.07.12 18:04:56.372,0.96447,0.96457,2.25,1.00
2017.07.12 18:04:56.908,0.96446,0.96458,7.31,1.50
2017.07.12 18:04:57.433,0.96446,0.96459,7.31,5.85
2017.07.12 18:04:57.878,0.96446,0.96456,5.25,1.00
2017.07.12 18:04:58.215,0.96441,0.96448,1.12,1.35
2017.07.12 18:04:58.844,0.96436,0.96448,2.81,2.10
2017.07.12 18:04:58.946,0.96436,0.96446,1.69,1.50
2017.07.12 18:05:01.865,0.96435,0.96446,1.25,1.87
2017.07.12 18:05:02.385,0.96436,0.96446,1.25,1.87
2017.07.12 18:05:02.590,0.96432,0.96444,1.00,3.97
2017.07.12 18:05:02.643,0.96432,0.96443,1.00,1.69
2017.07.12 18:05:02.849,0.96429,0.9644,1.25,2.47
2017.07.12 18:05:03.056,0.9643,0.96442,2.81,2.81
2017.07.12 18:05:03.574,0.9643,0.96442,2.47,3.56
2017.07.12 18:05:04.352,0.9643,0.96442,2.81,2.06
2017.07.12 18:05:04.908,0.9643,0.96443,5.06,2.25
2017.07.12 18:05:05.620,0.9643,0.96441,1.50,1.12
2017.07.12 18:05:05.673,0.96429,0.96439,1.00,1.00
2017.07.12 18:05:06.000,0.96422,0.96432,1.00,2.32
2017.07.12 18:05:06.103,0.96419,0.96431,1.50,1.37
2017.07.12 18:05:06.513,0.96423,0.96432,1.25,1.50
2017.07.12 18:05:06.616,0.96424,0.96435,1.69,1.00
2017.07.12 18:05:07.296,0.96423,0.96435,2.06,1.95
2017.07.12 18:05:07.808,0.96423,0.96435,1.12,2.62
2017.07.12 18:05:08.122,0.96422,0.96433,1.00,1.87
2017.07.12 18:05:08.296,0.96419,0.96431,3.56,1.12
2017.07.12 18:05:09.701,0.96422,0.96433,3.19,2.62
2017.07.12 18:05:10.008,0.96423,0.96435,2.44,2.62
2017.07.12 18:05:10.849,0.96426,0.96437,1.31,1.12
2017.07.12 18:05:11.360,0.96425,0.96437,1.37,2.62
2017.07.12 18:05:12.053,0.96425,0.96436,1.37,1.50
2017.07.12 18:05:12.590,0.96425,0.96437,1.37,2.06
2017.07.12 18:05:12.897,0.96425,0.96436,1.00,2.62
2017.07.12 18:05:13.402,0.96424,0.96435,1.12,1.87
2017.07.12 18:05:14.547,0.96424,0.96435,2.81,1.87
2017.07.12 18:05:15.059,0.96423,0.96434,3.19,1.87
2017.07.12 18:05:16.666,0.96423,0.96434,1.87,2.06
2017.07.12 18:05:17.189,0.96423,0.96435,3.56,1.69
2017.07.12 18:05:18.934,0.96423,0.96435,3.19,1.87
2017.07.12 18:05:19.244,0.9642,0.96431,3.94,2.62
2017.07.12 18:05:19.348,0.96419,0.9643,1.00,2.25
2017.07.12 18:05:20.013,0.96418,0.9643,1.50,2.25
2017.07.12 18:05:21.580,0.96417,0.9643,7.87,2.25
2017.07.12 18:05:23.010,0.96418,0.9643,1.12,1.87
2017.07.12 18:05:23.772,0.96418,0.9643,1.00,2.06
2017.07.12 18:05:24.157,0.96417,0.96427,2.25,1.50
2017.07.12 18:05:24.260,0.96416,0.96427,1.12,1.69
2017.07.12 18:05:24.413,0.96417,0.96429,3.00,3.19
2017.07.12 18:05:24.567,0.96418,0.9643,1.87,1.31
2017.07.12 18:05:25.095,0.96418,0.9643,5.06,2.44
2017.07.12 18:05:27.235,0.96418,0.9643,1.25,2.81
2017.07.12 18:05:27.542,0.96419,0.96431,1.31,2.81
2017.07.12 18:05:30.513,0.96418,0.96429,1.00,2.44
2017.07.12 18:05:30.923,0.96419,0.96429,2.06,1.19
2017.07.12 18:05:31.466,0.96419,0.96429,1.31,1.19
2017.07.12 18:05:33.605,0.96417,0.96428,3.94,1.69
2017.07.12 18:05:33.810,0.96415,0.96428,2.25,2.06
2017.07.12 18:05:34.338,0.96415,0.96428,2.62,2.06
2017.07.12 18:05:34.638,0.96416,0.96429,1.19,5.25
2017.07.12 18:05:34.946,0.96418,0.9643,2.81,5.66
2017.07.12 18:05:40.642,0.96417,0.96428,2.06,1.69
2017.07.12 18:05:40.796,0.96416,0.96428,1.50,2.06
2017.07.12 18:05:41.237,0.96417,0.96428,1.25,2.06
2017.07.12 18:05:43.452,0.96417,0.96429,5.06,2.06
2017.07.12 18:05:44.443,0.96417,0.96428,1.87,1.00
2017.07.12 18:05:44.495,0.96417,0.96426,1.37,1.69
2017.07.12 18:05:44.597,0.96414,0.96426,6.00,1.69
2017.07.12 18:05:46.844,0.96418,0.96426,1.69,1.69
2017.07.12 18:05:46.896,0.96418,0.96429,1.50,3.64
2017.07.12 18:05:46.947,0.9642,0.96429,1.25,1.31
2017.07.12 18:05:46.999,0.9642,0.96431,1.25,1.69
2017.07.12 18:05:48.929,0.96422,0.96432,4.69,1.57
2017.07.12 18:05:49.031,0.96424,0.96434,1.00,2.81
2017.07.12 18:05:49.886,0.96425,0.96434,1.00,1.69
2017.07.12 18:05:52.611,0.96422,0.96433,5.44,2.81
2017.07.12 18:05:52.918,0.96422,0.96431,1.00,1.56
2017.07.12 18:05:53.252,0.9642,0.96431,1.00,3.56
2017.07.12 18:05:55.022,0.9642,0.96431,1.00,1.69
2017.07.12 18:05:55.226,0.96423,0.96433,1.69,3.75
2017.07.12 18:05:55.533,0.96426,0.96436,1.00,2.44
2017.07.12 18:05:58.896,0.96427,0.96437,1.00,2.81
2017.07.12 18:05:58.948,0.96427,0.96438,1.00,3.00
2017.07.12 18:05:59.471,0.96428,0.96438,1.69,1.31
2017.07.12 18:05:59.982,0.96427,0.96439,1.00,5.89
2017.07.12 18:06:02.825,0.96429,0.96438,2.47,1.25
2017.07.12 18:06:03.126,0.96435,0.96442,1.00,1.50
2017.07.12 18:06:03.433,0.96435,0.96445,1.69,2.06
2017.07.12 18:06:04.014,0.96435,0.96445,1.00,2.06
2017.07.12 18:06:04.207,0.96433,0.96443,1.00,2.06
2017.07.12 18:06:04.514,0.96431,0.96442,3.37,1.81
2017.07.12 18:06:05.029,0.96431,0.96441,1.00,2.06
2017.07.12 18:06:10.211,0.96428,0.9644,3.56,2.06
2017.07.12 18:06:14.497,0.9643,0.9644,3.37,1.25
2017.07.12 18:06:14.839,0.96433,0.96445,1.00,3.79
2017.07.12 18:06:15.371,0.96434,0.96443,1.00,1.31
2017.07.12 18:06:18.183,0.96432,0.96442,1.69,2.66
2017.07.12 18:06:18.490,0.9643,0.96442,1.00,3.56
2017.07.12 18:06:22.475,0.9643,0.96441,1.00,2.44
2017.07.12 18:06:26.231,0.96429,0.9644,1.00,2.06
2017.07.12 18:06:27.940,0.9643,0.96439,1.00,1.31
2017.07.12 18:06:28.044,0.96432,0.96441,1.00,1.00
2017.07.12 18:06:28.147,0.96433,0.96444,1.00,1.19
2017.07.12 18:06:30.277,0.96433,0.96444,1.00,3.56
2017.07.12 18:06:30.791,0.96433,0.96445,1.50,3.19
2017.07.12 18:06:33.275,0.96435,0.96445,1.00,2.44
2017.07.12 18:06:38.778,0.96433,0.96443,1.12,1.25
2017.07.12 18:06:39.291,0.96434,0.96444,1.00,3.22
2017.07.12 18:06:43.664,0.96435,0.96445,1.00,2.44
2017.07.12 18:06:48.853,0.96435,0.96446,1.00,4.12
2017.07.12 18:06:49.430,0.96436,0.96446,1.00,3.19
2017.07.12 18:06:50.157,0.96434,0.96446,1.00,6.19
2017.07.12 18:06:50.681,0.96433,0.96443,2.25,1.25
2017.07.12 18:06:51.213,0.96434,0.96443,1.00,1.25
2017.07.12 18:06:52.621,0.96434,0.96444,1.00,3.75
2017.07.12 18:06:54.216,0.96434,0.96444,1.00,4.31
2017.07.12 18:06:56.440,0.96432,0.96443,1.00,2.62
2017.07.12 18:07:03.582,0.96432,0.96443,2.44,1.69
2017.07.12 18:07:14.470,0.96435,0.96444,1.50,1.12
2017.07.12 18:07:14.808,0.96439,0.96448,1.25,1.12
2017.07.12 18:07:15.422,0.96438,0.96449,1.12,3.00
2017.07.12 18:07:17.785,0.96438,0.96449,1.12,1.12
2017.07.12 18:07:18.325,0.96439,0.96449,1.00,1.31
2017.07.12 18:07:19.037,0.9644,0.96449,1.50,1.31
2017.07.12 18:07:19.586,0.96439,0.96449,1.00,1.31
2017.07.12 18:07:23.470,0.96438,0.96445,1.00,2.85
2017.07.12 18:07:23.522,0.96435,0.96444,1.00,1.60
2017.07.12 18:07:23.682,0.96432,0.9644,1.25,1.00
2017.07.12 18:07:23.990,0.96429,0.96441,1.69,5.10
2017.07.12 18:07:24.516,0.9643,0.9644,1.00,1.69
2017.07.12 18:07:27.371,0.96428,0.96439,1.50,6.60
2017.07.12 18:07:27.423,0.96428,0.96438,1.50,1.69
2017.07.12 18:07:27.578,0.96426,0.96438,1.00,5.06
2017.07.12 18:07:28.127,0.96427,0.96438,1.00,4.87
2017.07.12 18:07:28.506,0.9643,0.96439,1.00,2.06
2017.07.12 18:07:29.018,0.9643,0.96439,1.00,1.25
2017.07.12 18:07:32.331,0.96428,0.96439,1.00,3.56
2017.07.12 18:07:32.858,0.96428,0.96438,1.00,3.00
2017.07.12 18:07:34.174,0.96429,0.96439,1.25,1.31
2017.07.12 18:07:34.503,0.9643,0.96439,1.00,1.31
2017.07.12 18:07:35.015,0.96431,0.9644,1.00,1.31
2017.07.12 18:07:41.096,0.9643,0.96441,1.00,4.31
2017.07.12 18:07:42.506,0.96428,0.96438,1.12,2.10
2017.07.12 18:07:42.557,0.96426,0.96436,2.62,2.85
2017.07.12 18:07:42.713,0.96423,0.96432,1.50,1.35
2017.07.12 18:07:42.920,0.96422,0.96429,1.00,1.35
2017.07.12 18:07:43.104,0.96413,0.96421,1.00,1.50
2017.07.12 18:07:43.262,0.96414,0.96425,2.25,1.12
2017.07.12 18:07:43.369,0.96413,0.96421,2.81,1.12
2017.07.12 18:07:43.471,0.96411,0.96421,1.00,1.87
2017.07.12 18:07:43.894,0.96411,0.96419,1.00,1.00
2017.07.12 18:07:44.098,0.96411,0.96421,1.00,2.06
2017.07.12 18:07:44.201,0.96409,0.9642,2.06,1.50
2017.07.12 18:07:44.711,0.9641,0.9642,1.00,1.50
2017.07.12 18:07:45.214,0.96411,0.96421,1.00,1.25
2017.07.12 18:07:45.419,0.96409,0.96419,1.00,1.00
2017.07.12 18:07:45.939,0.96409,0.96419,1.00,1.69
2017.07.12 18:07:46.568,0.96408,0.96419,1.00,3.19
2017.07.12 18:07:47.109,0.96407,0.96417,1.00,1.50
2017.07.12 18:07:47.621,0.96408,0.96419,1.00,3.19
2017.07.12 18:07:50.165,0.96409,0.9642,1.00,3.56
2017.07.12 18:07:50.779,0.96408,0.96419,3.00,1.31
2017.07.12 18:07:51.312,0.96407,0.96418,1.12,2.25
2017.07.12 18:07:51.824,0.96407,0.96418,1.00,2.81
2017.07.12 18:07:52.389,0.96406,0.96419,3.75,3.19
2017.07.12 18:07:52.720,0.96408,0.96419,1.00,2.44
2017.07.12 18:07:55.627,0.96407,0.96419,2.25,3.19
2017.07.12 18:07:56.163,0.96408,0.96419,1.00,3.56
2017.07.12 18:07:58.195,0.96407,0.96419,2.25,3.19
2017.07.12 18:07:58.714,0.96408,0.96419,1.50,2.81
2017.07.12 18:07:59.535,0.96409,0.96419,1.50,2.44
2017.07.12 18:07:59.997,0.96407,0.96417,1.00,1.50
2017.07.12 18:08:00.524,0.96407,0.96419,1.00,3.56
2017.07.12 18:08:00.678,0.96407,0.96417,1.00,1.76
2017.07.12 18:08:06.029,0.96407,0.96419,1.87,2.06
2017.07.12 18:08:06.666,0.96408,0.96418,1.12,2.44
2017.07.12 18:08:07.193,0.96407,0.96418,1.87,1.25
2017.07.12 18:08:12.478,0.96408,0.96419,1.12,2.81
2017.07.12 18:08:13.037,0.96409,0.9642,1.25,3.19
2017.07.12 18:08:13.343,0.96407,0.96419,1.00,1.00
2017.07.12 18:08:14.156,0.96409,0.96419,1.35,1.00
2017.07.12 18:08:14.468,0.96411,0.96421,3.79,1.00
2017.07.12 18:08:14.520,0.96408,0.96421,1.62,4.87
2017.07.12 18:08:17.151,0.96408,0.96421,1.31,4.12
2017.07.12 18:08:18.434,0.9641,0.96421,1.87,2.62
2017.07.12 18:08:18.693,0.96408,0.9642,2.62,1.31
2017.07.12 18:08:23.178,0.96408,0.9642,2.06,3.56
2017.07.12 18:08:23.332,0.96414,0.96422,1.50,4.31
2017.07.12 18:08:23.508,0.96414,0.96426,4.54,1.19
2017.07.12 18:08:27.646,0.96414,0.96427,3.00,4.31
2017.07.12 18:08:28.599,0.96415,0.96427,1.00,4.31
2017.07.12 18:08:30.540,0.96415,0.96427,1.25,3.56
2017.07.12 18:08:30.914,0.96413,0.96425,2.81,2.25
2017.07.12 18:08:31.427,0.96412,0.96424,1.12,1.31
2017.07.12 18:08:31.976,0.96413,0.96425,1.00,6.56
2017.07.12 18:08:32.466,0.96415,0.96426,1.31,1.50
2017.07.12 18:08:32.977,0.96415,0.96427,1.62,1.31
2017.07.12 18:08:42.874,0.96415,0.96428,1.62,5.81
2017.07.12 18:08:44.186,0.96415,0.96426,1.62,1.00
2017.07.12 18:08:44.291,0.96413,0.96425,1.12,3.75
2017.07.12 18:08:44.599,0.96415,0.96427,1.50,1.87
2017.07.12 18:08:44.907,0.96413,0.96425,1.69,1.50
2017.07.12 18:08:45.483,0.96413,0.96426,1.50,4.12
2017.07.12 18:08:46.039,0.96413,0.96425,2.25,1.50
2017.07.12 18:08:46.545,0.96413,0.96426,3.19,3.75
2017.07.12 18:08:47.079,0.96413,0.96426,1.87,3.37
2017.07.12 18:08:48.898,0.96413,0.96426,3.19,3.00
2017.07.12 18:08:49.421,0.96413,0.96426,1.31,5.06
2017.07.12 18:08:50.662,0.96416,0.96426,2.44,1.00
2017.07.12 18:08:50.764,0.96416,0.96429,4.91,3.00
2017.07.12 18:08:51.290,0.96416,0.96429,2.25,3.00
2017.07.12 18:08:51.923,0.96416,0.96429,3.19,3.37
2017.07.12 18:08:56.972,0.96416,0.96428,2.44,1.00
2017.07.12 18:08:57.126,0.96415,0.96426,1.12,1.87
2017.07.12 18:08:57.677,0.96414,0.96425,1.62,1.50
2017.07.12 18:08:58.193,0.96414,0.96425,1.00,1.50
2017.07.12 18:08:58.736,0.96413,0.96426,4.12,3.97
2017.07.12 18:09:00.115,0.96413,0.96426,2.62,3.97
2017.07.12 18:09:00.423,0.96411,0.96424,7.69,2.81
2017.07.12 18:09:00.475,0.96411,0.96424,4.69,2.44
2017.07.12 18:09:01.482,0.96413,0.96425,3.56,2.06
2017.07.12 18:09:02.103,0.96412,0.96423,2.29,2.44
2017.07.12 18:09:02.155,0.9641,0.96422,1.12,2.44
2017.07.12 18:09:02.464,0.96411,0.96422,2.44,1.50
2017.07.12 18:09:02.976,0.96411,0.96422,1.69,1.50
2017.07.12 18:09:03.487,0.9641,0.96422,2.06,2.06
2017.07.12 18:09:05.113,0.9641,0.96422,2.44,1.87
2017.07.12 18:09:08.538,0.96409,0.96421,2.44,1.87
2017.07.12 18:09:09.085,0.96409,0.96421,1.50,2.25
2017.07.12 18:09:09.600,0.9641,0.96421,1.87,1.50
2017.07.12 18:09:09.652,0.96411,0.96423,1.31,1.87
2017.07.12 18:09:10.163,0.96411,0.96424,1.25,8.44
2017.07.12 18:09:10.811,0.96412,0.96425,2.25,3.56
2017.07.12 18:09:10.967,0.96411,0.96422,1.50,1.25
2017.07.12 18:09:11.174,0.96408,0.96421,2.25,2.62
2017.07.12 18:09:12.636,0.96408,0.96419,1.37,2.62
2017.07.12 18:09:13.187,0.96408,0.96418,1.00,1.50
2017.07.12 18:09:18.802,0.96407,0.96417,1.37,1.00
2017.07.12 18:09:18.905,0.96405,0.96417,1.12,3.37
2017.07.12 18:09:19.406,0.96405,0.96416,1.87,1.50
2017.07.12 18:09:20.136,0.96404,0.96415,1.69,1.50
2017.07.12 18:09:20.187,0.96404,0.96414,1.00,3.56
2017.07.12 18:09:20.290,0.964,0.96411,1.87,2.25
2017.07.12 18:09:20.836,0.964,0.96411,1.00,1.87
2017.07.12 18:09:21.361,0.96399,0.96411,1.87,1.87
2017.07.12 18:09:21.872,0.96398,0.9641,4.50,1.50
2017.07.12 18:09:22.416,0.96398,0.9641,2.25,1.50
2017.07.12 18:09:22.518,0.96397,0.96408,1.87,1.50
2017.07.12 18:09:23.537,0.96398,0.96411,1.50,4.12
2017.07.12 18:09:23.588,0.96399,0.96411,1.69,1.00
2017.07.12 18:09:24.115,0.964,0.96413,1.56,4.50
2017.07.12 18:09:24.335,0.96399,0.96412,1.00,3.00
2017.07.12 18:09:25.320,0.96404,0.96412,1.00,1.87
2017.07.12 18:09:25.622,0.96404,0.96416,1.87,1.69
2017.07.12 18:09:25.674,0.96403,0.96414,1.37,1.50
2017.07.12 18:09:25.828,0.96401,0.96414,1.69,4.69
2017.07.12 18:09:25.931,0.964,0.96412,1.31,1.00
2017.07.12 18:09:26.340,0.96401,0.96413,1.31,3.75
2017.07.12 18:09:26.698,0.96403,0.96415,5.44,1.12
2017.07.12 18:09:26.890,0.96405,0.96416,1.00,1.25
2017.07.12 18:09:27.402,0.96405,0.96417,2.44,1.50
2017.07.12 18:09:28.324,0.96404,0.96414,2.44,1.00
2017.07.12 18:09:28.426,0.96402,0.96412,1.37,1.12
2017.07.12 18:09:28.478,0.964,0.96411,1.00,1.50
2017.07.12 18:09:29.703,0.96399,0.96411,1.00,1.87
2017.07.12 18:09:31.309,0.964,0.96412,1.19,1.00
2017.07.12 18:09:31.562,0.96399,0.96412,1.12,3.00
2017.07.12 18:09:32.082,0.964,0.96412,1.56,1.87
2017.07.12 18:09:32.237,0.96399,0.96412,1.12,2.25
2017.07.12 18:09:32.596,0.964,0.96412,2.44,1.50
2017.07.12 18:09:33.004,0.96399,0.96412,1.00,2.25
2017.07.12 18:09:38.601,0.96399,0.9641,1.00,1.87
2017.07.12 18:09:39.121,0.96398,0.9641,2.25,1.87
2017.07.12 18:09:39.623,0.96398,0.9641,2.25,2.06
2017.07.12 18:09:40.300,0.96399,0.9641,1.19,2.06
2017.07.12 18:09:40.353,0.96399,0.96412,5.06,1.69
2017.07.12 18:09:42.689,0.964,0.96413,3.56,2.62
2017.07.12 18:09:43.199,0.96399,0.96412,4.31,2.06
2017.07.12 18:09:44.472,0.96399,0.96412,3.94,2.06
2017.07.12 18:09:45.236,0.96399,0.96413,5.44,5.06
2017.07.12 18:09:47.044,0.96399,0.96412,2.25,2.81
2017.07.12 18:09:50.581,0.96399,0.96409,2.44,1.50
2017.07.12 18:09:50.735,0.96399,0.96411,2.06,1.25
2017.07.12 18:10:00.179,0.964,0.96412,1.25,1.19
2017.07.12 18:10:00.281,0.96399,0.96413,6.19,3.56
2017.07.12 18:10:00.824,0.96401,0.96413,2.62,1.31
2017.07.12 18:10:01.908,0.96399,0.96413,3.60,3.00
2017.07.12 18:10:05.166,0.96399,0.96411,1.69,2.81
2017.07.12 18:10:05.677,0.964,0.96412,2.81,2.06
2017.07.12 18:10:06.605,0.96399,0.96411,1.25,1.25
2017.07.12 18:10:06.708,0.96398,0.96409,3.94,1.69
2017.07.12 18:10:07.397,0.96398,0.9641,2.62,1.91
2017.07.12 18:10:14.789,0.96399,0.9641,2.66,1.69
2017.07.12 18:10:14.841,0.964,0.96412,2.44,3.75
2017.07.12 18:10:15.857,0.96405,0.96414,1.31,2.62
2017.07.12 18:10:15.909,0.96406,0.96418,1.00,4.31
2017.07.12 18:10:15.962,0.96407,0.96418,1.00,3.19
2017.07.12 18:10:16.974,0.96408,0.96419,1.25,1.19
2017.07.12 18:10:17.497,0.96407,0.96419,1.00,2.06
2017.07.12 18:10:21.279,0.96406,0.96419,3.75,3.19
2017.07.12 18:10:21.790,0.96406,0.96418,4.12,2.06
2017.07.12 18:10:22.945,0.96407,0.9642,1.19,6.75
2017.07.12 18:10:23.098,0.96406,0.96419,4.87,1.19
2017.07.12 18:10:23.629,0.96406,0.96419,6.94,1.19
2017.07.12 18:10:34.194,0.96406,0.96418,3.19,1.69
2017.07.12 18:10:35.322,0.96406,0.96418,7.16,1.69
2017.07.12 18:10:35.374,0.96407,0.9642,4.91,2.62
2017.07.12 18:10:35.891,0.96408,0.9642,4.31,2.25
2017.07.12 18:10:40.081,0.96409,0.9642,1.19,1.56
2017.07.12 18:10:44.992,0.96409,0.96421,1.25,3.56
2017.07.12 18:10:45.694,0.96407,0.96419,2.25,3.56
2017.07.12 18:10:46.206,0.96407,0.96418,1.50,1.00
2017.07.12 18:10:46.831,0.96407,0.96419,1.50,5.29
2017.07.12 18:10:49.078,0.96405,0.96418,3.00,2.44
2017.07.12 18:10:49.598,0.96405,0.96417,2.25,1.69
2017.07.12 18:10:50.604,0.96406,0.96417,1.00,2.06
2017.07.12 18:10:59.533,0.96406,0.96417,1.19,2.06
2017.07.12 18:11:03.095,0.96406,0.96417,1.12,1.69
2017.07.12 18:11:03.517,0.96407,0.96419,1.37,3.56
2017.07.12 18:11:04.363,0.96408,0.96419,2.62,3.19
2017.07.12 18:11:04.874,0.96408,0.96419,1.12,2.44
2017.07.12 18:11:05.377,0.96407,0.96417,1.12,1.69
2017.07.12 18:11:18.324,0.96407,0.96417,1.37,1.69
2017.07.12 18:11:19.099,0.96406,0.96417,2.25,1.69
2017.07.12 18:11:19.683,0.96406,0.96417,2.25,1.69
2017.07.12 18:11:22.884,0.96406,0.96417,2.44,1.69
2017.07.12 18:11:29.157,0.96407,0.96417,1.31,1.50
2017.07.12 18:11:29.687,0.96408,0.96418,1.31,2.81
2017.07.12 18:11:30.208,0.96407,0.96417,2.25,1.50
2017.07.12 18:11:30.529,0.96408,0.9642,2.06,4.16
2017.07.12 18:11:31.042,0.9641,0.96421,1.00,2.44
2017.07.12 18:11:31.556,0.96408,0.96421,3.41,4.20
2017.07.12 18:11:32.113,0.96407,0.9642,4.87,2.81
2017.07.12 18:11:32.629,0.96407,0.96419,1.50,2.06
2017.07.12 18:11:34.287,0.96405,0.96417,3.60,2.44
2017.07.12 18:11:34.831,0.96405,0.96416,3.56,1.87
2017.07.12 18:11:35.240,0.96404,0.96413,2.81,1.30
2017.07.12 18:11:35.473,0.96399,0.96411,3.19,1.80
2017.07.12 18:11:35.977,0.96399,0.96412,3.56,3.86
2017.07.12 18:11:36.762,0.96399,0.96411,2.06,1.56
2017.07.12 18:11:37.961,0.96399,0.96411,2.06,3.56
2017.07.12 18:11:38.194,0.96401,0.96412,1.25,2.44
2017.07.12 18:11:38.296,0.96399,0.96412,2.10,5.06
2017.07.12 18:11:38.836,0.96399,0.96412,3.94,5.06
2017.07.12 18:11:40.467,0.964,0.96411,2.06,1.25
2017.07.12 18:11:40.828,0.96399,0.96411,1.87,4.91
2017.07.12 18:11:41.330,0.96399,0.96411,1.12,4.16
2017.07.12 18:11:42.877,0.96398,0.96409,1.87,1.69
2017.07.12 18:11:46.163,0.96398,0.96409,2.44,1.69
2017.07.12 18:11:49.842,0.96397,0.96407,2.25,1.50
2017.07.12 18:11:50.364,0.96396,0.96408,2.44,1.50
2017.07.12 18:11:51.146,0.96396,0.96408,1.69,1.00
2017.07.12 18:11:51.456,0.96398,0.9641,1.31,3.00
2017.07.12 18:11:53.863,0.96398,0.96411,2.66,3.75
2017.07.12 18:11:54.373,0.96398,0.96411,2.29,4.87
2017.07.12 18:12:00.279,0.96398,0.96411,2.66,6.00
2017.07.12 18:12:01.013,0.96402,0.96411,1.50,1.69
2017.07.12 18:12:01.169,0.96403,0.96415,1.05,4.87
2017.07.12 18:12:01.650,0.96401,0.96413,1.91,2.44
2017.07.12 18:12:02.009,0.964,0.96412,1.87,2.81
2017.07.12 18:12:02.529,0.964,0.96412,1.25,3.94
2017.07.12 18:12:07.106,0.96401,0.96412,4.31,1.31
2017.07.12 18:12:07.362,0.96403,0.96414,1.25,3.00
2017.07.12 18:12:07.516,0.96401,0.96413,3.19,1.12
2017.07.12 18:12:07.875,0.96404,0.96414,2.85,1.25
2017.07.12 18:12:08.092,0.96405,0.96417,2.25,3.94
2017.07.12 18:12:08.603,0.96405,0.96416,1.00,1.25
2017.07.12 18:12:12.420,0.96405,0.96416,1.00,2.51
2017.07.12 18:12:12.474,0.964,0.96412,1.37,1.91
2017.07.12 18:12:12.984,0.964,0.96412,1.12,3.04
2017.07.12 18:12:21.655,0.96401,0.96412,1.54,1.69
2017.07.12 18:12:21.707,0.96403,0.96413,3.75,1.00
2017.07.12 18:12:22.224,0.96402,0.96415,2.47,4.76
2017.07.12 18:12:25.208,0.96402,0.96413,1.37,1.00
2017.07.12 18:12:25.362,0.964,0.96413,1.50,6.49
2017.07.12 18:12:26.683,0.96401,0.96412,1.00,4.72
2017.07.12 18:12:27.185,0.96399,0.96412,5.44,2.89
2017.07.12 18:12:35.265,0.964,0.96412,1.69,1.69
2017.07.12 18:12:35.774,0.964,0.96412,1.31,3.00
2017.07.12 18:12:40.389,0.964,0.96412,5.29,1.29
2017.07.12 18:12:40.899,0.964,0.96412,1.00,3.00
2017.07.12 18:12:51.449,0.96401,0.96413,2.81,1.87
2017.07.12 18:12:52.069,0.96401,0.96414,1.87,3.56
2017.07.12 18:12:52.595,0.96401,0.96414,2.81,3.56
2017.07.12 18:12:53.440,0.96401,0.96413,2.06,1.19
2017.07.12 18:12:55.612,0.96402,0.96414,1.31,3.19
2017.07.12 18:12:56.533,0.96401,0.96414,4.31,2.81
2017.07.12 18:12:57.065,0.96401,0.96414,2.44,4.87
2017.07.12 18:13:10.360,0.96401,0.96413,1.00,3.37
2017.07.12 18:13:11.263,0.96401,0.96413,1.00,3.37
2017.07.12 18:13:12.305,0.96402,0.96414,1.69,3.19
2017.07.12 18:13:12.475,0.96403,0.96415,1.31,3.94
2017.07.12 18:13:16.965,0.96401,0.96414,3.37,5.29
2017.07.12 18:13:17.431,0.96402,0.96415,2.81,5.06
2017.07.12 18:13:18.383,0.96403,0.96415,1.19,4.69
2017.07.12 18:13:19.298,0.96401,0.96413,4.69,2.06
2017.07.12 18:13:19.350,0.96401,0.96413,4.12,1.69
2017.07.12 18:13:19.503,0.96401,0.96413,1.87,2.44
2017.07.12 18:13:20.710,0.964,0.96412,1.12,3.19
2017.07.12 18:13:24.111,0.964,0.96413,4.12,2.81
2017.07.12 18:13:24.316,0.96401,0.96413,2.06,1.12
2017.07.12 18:13:24.795,0.96403,0.96414,2.81,1.31
2017.07.12 18:13:25.311,0.96402,0.96415,4.69,2.06
2017.07.12 18:13:25.826,0.96402,0.96415,3.00,1.54
2017.07.12 18:13:26.402,0.96402,0.96413,2.25,1.50
2017.07.12 18:13:28.125,0.96401,0.96412,1.50,1.12
2017.07.12 18:13:28.227,0.964,0.96412,1.50,2.44
2017.07.12 18:13:28.764,0.964,0.96412,1.12,4.72
2017.07.12 18:13:32.262,0.964,0.96413,5.06,2.81
2017.07.12 18:13:32.314,0.96404,0.96413,1.00,1.56
2017.07.12 18:13:32.365,0.96404,0.96416,1.87,6.19
2017.07.12 18:13:32.724,0.96401,0.96413,1.69,1.00
2017.07.12 18:13:33.237,0.96402,0.96414,1.31,3.94
2017.07.12 18:13:33.449,0.96401,0.96413,1.12,3.19
2017.07.12 18:13:34.428,0.96399,0.96413,6.60,6.97
2017.07.12 18:13:34.985,0.96399,0.96412,3.04,3.19
2017.07.12 18:13:37.569,0.96401,0.96413,1.25,3.75
2017.07.12 18:13:38.133,0.96399,0.96412,7.54,1.69
2017.07.12 18:13:38.694,0.96399,0.96412,4.54,1.69
2017.07.12 18:13:39.328,0.96399,0.96411,2.10,1.12
2017.07.12 18:13:39.636,0.96398,0.9641,2.62,2.44
2017.07.12 18:13:41.633,0.96398,0.96408,2.06,1.50
2017.07.12 18:13:42.142,0.96398,0.96409,2.06,1.69
2017.07.12 18:13:44.963,0.96398,0.96408,1.69,1.50
2017.07.12 18:13:45.272,0.96399,0.9641,1.19,1.44
2017.07.12 18:13:45.828,0.96399,0.96411,1.30,1.31
2017.07.12 18:13:46.337,0.96399,0.96412,3.41,4.20
2017.07.12 18:13:49.537,0.96398,0.96411,6.04,2.44
2017.07.12 18:13:50.086,0.96398,0.96411,2.62,2.44
2017.07.12 18:13:59.347,0.96397,0.96408,3.00,1.00
2017.07.12 18:13:59.449,0.96396,0.96407,3.37,1.69
2017.07.12 18:14:09.480,0.96397,0.96409,3.22,3.26
2017.07.12 18:14:09.533,0.96398,0.96409,2.29,1.01
2017.07.12 18:14:09.637,0.96403,0.96412,1.35,1.95
2017.07.12 18:14:10.163,0.96404,0.96416,1.25,1.69
2017.07.12 18:14:12.195,0.96405,0.96416,1.69,1.25
2017.07.12 18:14:12.707,0.96406,0.96418,2.06,3.19
2017.07.12 18:14:13.284,0.96407,0.96418,1.19,2.81
2017.07.12 18:14:16.469,0.96407,0.96418,1.19,1.39
2017.07.12 18:14:19.602,0.96406,0.96418,3.41,1.31
2017.07.12 18:14:20.436,0.96406,0.96417,1.35,1.50
2017.07.12 18:14:20.488,0.96405,0.96415,1.00,4.31
2017.07.12 18:14:20.590,0.96402,0.96414,1.50,3.26
2017.07.12 18:14:21.214,0.96402,0.96414,1.25,2.44
2017.07.12 18:14:22.541,0.96401,0.96414,1.87,1.01
2017.07.12 18:14:22.594,0.96401,0.96414,4.16,2.89
2017.07.12 18:14:23.338,0.96402,0.96414,1.19,2.44
2017.07.12 18:14:24.381,0.96402,0.96414,1.25,2.44
2017.07.12 18:14:24.689,0.96407,0.96418,1.69,1.69
2017.07.12 18:14:25.256,0.96407,0.96419,1.35,1.29
2017.07.12 18:14:25.824,0.96407,0.9642,2.47,5.14
2017.07.12 18:14:26.742,0.96408,0.9642,3.79,1.29
2017.07.12 18:14:27.266,0.96408,0.96421,3.56,3.26
2017.07.12 18:14:31.413,0.96408,0.96419,1.50,2.06
2017.07.12 18:14:55.435,0.96409,0.9642,2.10,1.19
2017.07.12 18:14:55.947,0.96409,0.96421,1.16,2.06
2017.07.12 18:14:56.576,0.9641,0.96422,2.29,2.25
2017.07.12 18:14:56.629,0.96413,0.96423,1.87,1.62
2017.07.12 18:14:56.735,0.96414,0.96424,1.37,2.44
2017.07.12 18:14:56.890,0.9641,0.96422,1.50,1.50
2017.07.12 18:14:57.206,0.96413,0.96423,1.69,1.25
2017.07.12 18:14:57.463,0.9641,0.96421,1.37,1.01
2017.07.12 18:14:57.566,0.96408,0.96421,4.69,3.30
2017.07.12 18:14:57.771,0.96408,0.96418,1.12,1.50
2017.07.12 18:14:58.397,0.96407,0.9642,3.94,3.79
2017.07.12 18:15:00.190,0.96412,0.96422,1.00,1.56
2017.07.12 18:15:00.294,0.96412,0.96424,1.30,3.56
2017.07.12 18:15:00.942,0.96412,0.96424,4.16,2.81
2017.07.12 18:15:01.496,0.96412,0.96424,1.35,3.64
2017.07.12 18:15:01.857,0.96413,0.96424,2.06,3.19
2017.07.12 18:15:01.959,0.96412,0.96424,2.10,2.81
2017.07.12 18:15:03.786,0.96413,0.96425,3.19,4.50
2017.07.12 18:15:05.153,0.96415,0.96426,1.31,2.06
2017.07.12 18:15:05.759,0.96415,0.96426,1.00,3.37
2017.07.12 18:15:06.545,0.96416,0.96427,1.62,2.06
2017.07.12 18:15:06.700,0.96415,0.96426,1.50,2.06
2017.07.12 18:15:07.207,0.96413,0.96425,5.25,1.69
2017.07.12 18:15:07.913,0.96415,0.96426,1.31,3.19
2017.07.12 18:15:08.272,0.96414,0.96426,1.50,2.06
2017.07.12 18:15:11.772,0.96416,0.96427,1.69,2.06
2017.07.12 18:15:12.030,0.9642,0.96433,2.47,2.44
2017.07.12 18:15:12.651,0.9642,0.96432,2.29,1.69
2017.07.12 18:15:14.480,0.96422,0.96432,1.25,1.25
2017.07.12 18:15:14.809,0.9642,0.96432,2.47,1.31
2017.07.12 18:15:15.417,0.9642,0.96432,1.16,1.87
2017.07.12 18:15:19.417,0.96422,0.96433,1.00,2.06
2017.07.12 18:15:19.927,0.9642,0.96433,3.22,2.44
2017.07.12 18:15:20.545,0.9642,0.96433,1.87,3.19
2017.07.12 18:15:21.092,0.9642,0.96433,1.87,3.56
2017.07.12 18:15:22.674,0.9642,0.96433,3.19,4.12
2017.07.12 18:15:22.991,0.96424,0.96435,1.50,1.31
2017.07.12 18:15:23.042,0.96425,0.96436,1.19,1.19
2017.07.12 18:15:23.196,0.96424,0.96437,3.60,2.06
2017.07.12 18:15:23.724,0.96424,0.96437,5.29,2.06
2017.07.12 18:15:24.300,0.96428,0.96438,1.50,1.69
2017.07.12 18:15:24.351,0.96428,0.96438,2.25,1.25
2017.07.12 18:15:24.869,0.96428,0.9644,1.69,2.25
2017.07.12 18:15:29.808,0.96431,0.96442,1.69,4.87
2017.07.12 18:15:29.860,0.96434,0.96444,1.19,2.44
2017.07.12 18:15:29.963,0.96434,0.96446,1.69,2.81
2017.07.12 18:15:38.773,0.96435,0.96448,1.42,5.62
2017.07.12 18:15:38.825,0.96439,0.96448,1.50,1.31
2017.07.12 18:15:38.876,0.96438,0.96451,3.00,3.19
2017.07.12 18:15:39.117,0.96439,0.96451,1.50,1.19
2017.07.12 18:15:42.581,0.96438,0.96449,1.00,1.69
2017.07.12 18:15:42.898,0.96435,0.96448,2.44,3.75
2017.07.12 18:15:44.785,0.96436,0.96448,2.06,1.19
2017.07.12 18:15:45.594,0.96436,0.96449,2.06,3.56
2017.07.12 18:15:48.734,0.96436,0.96449,3.56,3.75
2017.07.12 18:15:49.273,0.96436,0.96449,2.06,3.00
2017.07.12 18:15:53.923,0.96436,0.96449,2.81,3.75
2017.07.12 18:15:54.830,0.96436,0.96449,3.00,2.81
2017.07.12 18:15:55.613,0.96436,0.96449,3.75,2.81
2017.07.12 18:15:56.897,0.96438,0.96451,4.72,1.69
2017.07.12 18:15:57.849,0.9644,0.96452,2.44,4.87
2017.07.12 18:15:57.901,0.96441,0.96452,1.00,1.31
2017.07.12 18:15:58.591,0.96441,0.96452,2.85,1.25
2017.07.12 18:15:58.695,0.96444,0.96454,1.25,1.25
2017.07.12 18:16:00.328,0.96443,0.96453,1.00,1.69
2017.07.12 18:16:00.432,0.96441,0.96452,1.50,1.69
2017.07.12 18:16:00.762,0.96439,0.96452,2.25,2.81
2017.07.12 18:16:00.814,0.96438,0.9645,5.62,1.31
2017.07.12 18:16:01.015,0.96436,0.96449,1.00,3.19
2017.07.12 18:16:01.904,0.96437,0.96449,1.31,3.00
2017.07.12 18:16:02.422,0.96438,0.9645,2.06,3.00
2017.07.12 18:16:02.627,0.96437,0.9645,1.12,3.94
2017.07.12 18:16:03.293,0.96436,0.96449,4.69,1.50
2017.07.12 18:16:04.447,0.9644,0.9645,3.60,1.31
2017.07.12 18:16:04.601,0.96444,0.96456,1.30,3.00
2017.07.12 18:16:04.704,0.96446,0.96457,1.50,1.87
2017.07.12 18:16:05.205,0.96446,0.96458,2.06,1.87
2017.07.12 18:16:05.524,0.96452,0.96461,1.00,1.00
2017.07.12 18:16:06.105,0.96451,0.96461,1.12,1.00
2017.07.12 18:16:09.330,0.96452,0.96461,2.06,1.00
2017.07.12 18:16:09.537,0.96455,0.96468,1.69,3.19
2017.07.12 18:16:09.804,0.96454,0.96465,1.00,2.06
2017.07.12 18:16:10.148,0.96452,0.96461,3.00,1.00
2017.07.12 18:16:11.189,0.96451,0.9646,1.87,1.50
2017.07.12 18:16:11.294,0.96448,0.9646,1.87,1.87
2017.07.12 18:16:11.346,0.96448,0.9646,1.87,1.87
2017.07.12 18:16:13.106,0.9645,0.96459,1.25,1.00
2017.07.12 18:16:13.413,0.9645,0.96459,3.19,1.00
2017.07.12 18:16:14.150,0.96455,0.96463,1.50,1.87
2017.07.12 18:16:14.203,0.96454,0.96467,3.00,2.81
2017.07.12 18:16:14.509,0.96455,0.96464,1.87,1.00
2017.07.12 18:16:15.040,0.96454,0.96464,1.12,1.25
2017.07.12 18:16:15.557,0.96452,0.96464,2.06,2.81
2017.07.12 18:16:15.864,0.96452,0.96461,1.37,1.00
2017.07.12 18:16:16.381,0.96452,0.96461,1.31,1.00
2017.07.12 18:16:19.438,0.96452,0.96461,3.19,1.00
2017.07.12 18:16:19.725,0.96454,0.96467,2.44,1.87
2017.07.12 18:16:21.902,0.96454,0.96467,2.25,1.31
2017.07.12 18:16:22.451,0.96454,0.96467,3.00,1.19
2017.07.12 18:16:24.160,0.96454,0.96467,4.69,1.19
2017.07.12 18:16:24.313,0.96457,0.96468,1.50,3.56
2017.07.12 18:16:24.416,0.96457,0.96468,1.50,1.50
2017.07.12 18:16:27.406,0.96455,0.96467,1.12,1.12
2017.07.12 18:16:27.509,0.96457,0.96467,1.50,1.12
2017.07.12 18:16:27.920,0.96458,0.96471,1.87,3.19
2017.07.12 18:16:27.974,0.96461,0.96471,1.69,1.37
2017.07.12 18:16:28.077,0.96461,0.96473,1.50,2.06
2017.07.12 18:16:28.691,0.96461,0.96473,1.50,2.44
2017.07.12 18:16:29.020,0.96459,0.9647,2.62,1.00
2017.07.12 18:16:29.077,0.96461,0.96472,1.50,1.25
2017.07.12 18:16:31.581,0.9646,0.96473,4.87,1.31
2017.07.12 18:16:31.897,0.9646,0.96469,1.69,1.00
2017.07.12 18:16:33.506,0.9646,0.96469,1.31,1.00
2017.07.12 18:16:34.829,0.9646,0.96469,1.31,1.00
2017.07.12 18:16:35.256,0.96462,0.96469,1.00,1.00
2017.07.12 18:16:38.578,0.96462,0.96473,1.25,4.69
2017.07.12 18:16:43.239,0.96461,0.96469,1.00,1.31
2017.07.12 18:16:43.342,0.96459,0.96469,1.12,1.69
2017.07.12 18:16:43.550,0.96462,0.96473,1.00,1.94
2017.07.12 18:16:43.602,0.96462,0.96473,1.69,1.69
2017.07.12 18:16:44.247,0.96463,0.96473,1.50,1.31
2017.07.12 18:16:45.131,0.96463,0.96471,1.25,1.00
2017.07.12 18:16:45.336,0.96467,0.96475,1.00,1.56
2017.07.12 18:16:45.490,0.96464,0.96474,1.00,2.25
2017.07.12 18:16:45.542,0.96464,0.96471,1.00,1.00
2017.07.12 18:16:45.901,0.96464,0.96474,1.50,1.69
2017.07.12 18:16:47.954,0.96463,0.96472,1.12,1.50
2017.07.12 18:16:48.603,0.96466,0.96476,1.50,2.06
2017.07.12 18:16:48.758,0.9647,0.9648,1.00,2.06
2017.07.12 18:16:49.377,0.96471,0.96481,1.00,3.00
2017.07.12 18:16:50.049,0.96471,0.9648,1.50,2.06
2017.07.12 18:16:50.833,0.96471,0.9648,1.50,1.69
2017.07.12 18:16:51.421,0.96472,0.96482,1.00,1.19
2017.07.12 18:16:52.362,0.96472,0.96479,1.00,1.00
2017.07.12 18:16:57.333,0.96472,0.9648,1.00,1.25
2017.07.12 18:16:58.233,0.96472,0.96479,1.00,1.00
2017.07.12 18:17:02.833,0.96469,0.96479,1.00,2.25
2017.07.12 18:17:03.038,0.96465,0.96476,2.25,1.25
2017.07.12 18:17:03.280,0.9647,0.96479,1.87,1.12
2017.07.12 18:17:03.588,0.96472,0.96479,1.00,1.00
2017.07.12 18:17:04.513,0.9647,0.96479,1.00,2.62
2017.07.12 18:17:04.661,0.96468,0.96479,1.12,1.69
2017.07.12 18:17:04.713,0.9647,0.96481,1.50,1.69
2017.07.12 18:17:05.022,0.96472,0.96482,1.00,2.44
2017.07.12 18:17:05.819,0.96472,0.96482,1.00,1.50
2017.07.12 18:17:05.870,0.96474,0.96481,1.00,1.00
2017.07.12 18:17:05.922,0.96474,0.96485,1.00,3.37
2017.07.12 18:17:09.416,0.96472,0.96481,1.12,1.50
2017.07.12 18:17:09.769,0.96472,0.96479,1.00,1.00
2017.07.12 18:17:10.446,0.9647,0.96479,1.00,1.00
2017.07.12 18:17:10.835,0.96472,0.96479,1.00,1.00
2017.07.12 18:17:11.203,0.9647,0.96479,1.00,2.81
2017.07.12 18:17:11.307,0.96467,0.96477,1.50,1.00
2017.07.12 18:17:11.819,0.96468,0.96478,1.00,1.25
2017.07.12 18:17:13.142,0.96468,0.96477,1.00,1.00
2017.07.12 18:17:16.770,0.96469,0.9648,1.00,2.44
2017.07.12 18:17:18.612,0.96469,0.96477,1.00,1.25
2017.07.12 18:17:18.805,0.96467,0.96477,1.00,1.37
2017.07.12 18:17:20.116,0.96467,0.96476,1.00,1.62
2017.07.12 18:17:20.629,0.96467,0.96476,1.00,2.06
2017.07.12 18:17:20.732,0.96467,0.96474,1.00,1.50
2017.07.12 18:17:21.244,0.96466,0.96474,1.00,1.50
2017.07.12 18:17:21.556,0.9647,0.9648,1.50,5.81
2017.07.12 18:17:21.709,0.96466,0.96477,1.69,1.31
2017.07.12 18:17:22.067,0.96468,0.96479,1.00,3.94
2017.07.12 18:17:22.119,0.96468,0.96479,1.50,3.37
2017.07.12 18:17:22.665,0.96468,0.9648,1.12,4.31
2017.07.12 18:17:22.717,0.96468,0.96477,1.00,1.00
2017.07.12 18:17:23.533,0.96469,0.96477,1.00,1.00
2017.07.12 18:17:24.818,0.96469,0.96479,1.00,1.31
2017.07.12 18:17:26.231,0.96469,0.96479,1.00,2.44
2017.07.12 18:17:26.818,0.96469,0.96479,1.00,1.69
2017.07.12 18:17:28.079,0.96469,0.96479,1.00,2.44
2017.07.12 18:17:28.589,0.96469,0.96479,1.00,1.69
2017.07.12 18:17:31.538,0.96469,0.96479,1.00,1.87
2017.07.12 18:17:32.057,0.96469,0.96479,1.00,2.06
2017.07.12 18:17:32.518,0.96471,0.96479,1.00,1.50
2017.07.12 18:17:32.621,0.96472,0.96483,1.00,4.87
2017.07.12 18:17:34.119,0.96472,0.9648,1.00,1.00
2017.07.12 18:17:34.223,0.96468,0.9648,1.87,1.56
2017.07.12 18:17:34.735,0.96468,0.96479,1.00,3.00
2017.07.12 18:17:39.309,0.96468,0.96479,1.50,3.00
2017.07.12 18:17:41.275,0.96467,0.96477,1.00,2.25
2017.07.12 18:17:43.582,0.96467,0.96477,1.00,3.56
2017.07.12 18:17:44.108,0.96466,0.96474,1.00,1.00
2017.07.12 18:17:46.922,0.96468,0.96478,1.00,1.56
2017.07.12 18:17:47.230,0.96468,0.96474,1.00,1.00
2017.07.12 18:17:48.176,0.96468,0.96477,1.00,4.12
2017.07.12 18:17:49.984,0.96466,0.96476,1.00,2.62
2017.07.12 18:17:50.086,0.96467,0.96477,1.12,1.56
2017.07.12 18:17:50.138,0.96471,0.96478,1.00,1.75
2017.07.12 18:17:50.193,0.96471,0.96479,1.50,1.00
2017.07.12 18:17:50.349,0.96471,0.96482,3.00,2.06
2017.07.12 18:18:08.143,0.96472,0.96483,2.66,2.06
2017.07.12 18:18:08.247,0.96474,0.96485,1.00,1.31
2017.07.12 18:18:11.156,0.96474,0.96484,1.50,2.25
2017.07.12 18:18:11.463,0.96473,0.96481,1.00,2.44
2017.07.12 18:18:12.388,0.96473,0.96479,1.00,1.00
2017.07.12 18:18:13.631,0.9647,0.96479,1.00,1.00
2017.07.12 18:18:18.887,0.9647,0.96479,1.19,1.00
2017.07.12 18:18:19.397,0.9647,0.96479,1.00,1.00
2017.07.12 18:18:20.920,0.9647,0.9648,1.25,1.25
2017.07.12 18:18:21.533,0.9647,0.96479,1.25,1.00
2017.07.12 18:18:25.658,0.9647,0.96479,1.31,1.00
2017.07.12 18:18:26.290,0.9647,0.96479,1.31,1.00
2017.07.12 18:18:28.421,0.96471,0.96479,1.00,1.00
2017.07.12 18:18:29.319,0.96471,0.9648,1.00,1.25
2017.07.12 18:18:29.823,0.96471,0.96479,1.00,1.00
2017.07.12 18:18:30.341,0.96471,0.96479,1.00,1.62
2017.07.12 18:18:31.739,0.96471,0.96479,1.35,1.00
2017.07.12 18:18:31.841,0.96473,0.96481,1.00,1.00
2017.07.12 18:18:32.361,0.96472,0.96482,1.50,2.62
2017.07.12 18:18:32.970,0.96472,0.96482,1.50,1.87
2017.07.12 18:18:37.739,0.96472,0.96482,1.00,6.00
2017.07.12 18:18:37.893,0.9647,0.9648,1.50,1.00
2017.07.12 18:18:38.441,0.9647,0.96479,1.00,1.25
2017.07.12 18:18:39.208,0.96472,0.96481,1.50,1.69
2017.07.12 18:18:39.515,0.96476,0.96486,1.50,3.37
2017.07.12 18:18:42.375,0.96477,0.96484,1.00,1.00
2017.07.12 18:18:42.426,0.96477,0.96487,1.00,3.56
2017.07.12 18:18:43.177,0.96477,0.96487,1.12,1.69
2017.07.12 18:18:43.709,0.9648,0.96487,1.00,1.25
2017.07.12 18:18:43.812,0.96481,0.9649,1.50,1.12
2017.07.12 18:18:43.966,0.96481,0.96491,1.87,2.06
2017.07.12 18:18:47.333,0.96481,0.96486,1.37,1.00
2017.07.12 18:18:47.517,0.96479,0.96486,2.62,1.62
2017.07.12 18:18:48.127,0.96479,0.96486,1.87,1.31
2017.07.12 18:18:49.270,0.96479,0.96486,1.12,1.12
2017.07.12 18:18:49.374,0.96477,0.96486,1.12,1.50
2017.07.12 18:18:49.425,0.96477,0.96486,1.12,1.50
2017.07.12 18:18:50.601,0.96477,0.96484,1.12,1.37
2017.07.12 18:18:52.802,0.96477,0.96484,1.12,1.00
2017.07.12 18:18:53.281,0.96477,0.96486,1.00,1.25
2017.07.12 18:18:53.384,0.96479,0.96487,2.25,1.50
2017.07.12 18:18:53.637,0.96481,0.96492,1.87,3.19
2017.07.12 18:18:58.228,0.96482,0.96493,1.00,2.25
2017.07.12 18:18:58.382,0.96482,0.96494,1.12,3.56
2017.07.12 18:19:01.784,0.96482,0.96493,1.12,3.75
2017.07.12 18:19:02.328,0.96482,0.96492,1.12,2.62
2017.07.12 18:19:14.718,0.96481,0.96492,2.25,2.25
2017.07.12 18:19:15.231,0.96481,0.96492,1.50,4.12
2017.07.12 18:19:16.081,0.96482,0.96492,1.00,1.62
2017.07.12 18:19:16.881,0.96481,0.96492,3.60,1.62
2017.07.12 18:19:17.524,0.96482,0.96492,1.00,1.50
2017.07.12 18:19:18.286,0.96481,0.96492,1.87,3.00
2017.07.12 18:19:19.041,0.96482,0.96492,1.00,3.00
2017.07.12 18:19:19.565,0.96481,0.96492,1.12,2.25
2017.07.12 18:19:23.527,0.96481,0.96491,1.12,1.44
2017.07.12 18:19:24.038,0.96481,0.96491,1.00,4.87
2017.07.12 18:19:25.490,0.96479,0.96491,4.12,4.12
2017.07.12 18:19:25.999,0.9648,0.96491,1.50,3.37
2017.07.12 18:19:29.109,0.96481,0.96491,2.44,1.25
2017.07.12 18:19:29.263,0.96483,0.96493,1.00,1.87
2017.07.12 18:19:39.503,0.96484,0.96494,1.00,2.62
2017.07.12 18:19:40.030,0.96483,0.96494,2.25,2.25
2017.07.12 18:19:41.775,0.96483,0.96495,2.25,5.25
2017.07.12 18:19:42.298,0.96483,0.96494,1.12,2.62
2017.07.12 18:19:43.640,0.96483,0.96494,1.12,1.12
2017.07.12 18:19:44.180,0.96483,0.96495,1.12,4.12
2017.07.12 18:19:44.794,0.96483,0.96495,2.62,1.81
2017.07.12 18:19:46.804,0.96485,0.96495,1.00,2.81
2017.07.12 18:19:51.524,0.96485,0.96495,1.00,2.81
2017.07.12 18:19:52.054,0.96484,0.96495,1.12,3.00
2017.07.12 18:20:02.397,0.96484,0.96495,1.12,4.12
2017.07.12 18:20:11.662,0.96486,0.96495,1.00,1.19
2017.07.12 18:20:11.918,0.96492,0.96502,1.00,1.31
2017.07.12 18:20:13.196,0.96491,0.96498,1.37,1.00
2017.07.12 18:20:13.248,0.96488,0.96499,2.62,4.87
2017.07.12 18:20:13.300,0.96488,0.96496,1.12,1.69
2017.07.12 18:20:13.453,0.96486,0.96496,2.25,2.25
2017.07.12 18:20:17.980,0.96487,0.96496,1.00,1.69
2017.07.12 18:20:18.084,0.96489,0.96497,1.00,2.81
2017.07.12 18:20:18.186,0.96489,0.96501,1.00,3.56
2017.07.12 18:20:52.021,0.96494,0.96502,1.50,3.75
2017.07.12 18:20:52.348,0.965,0.9651,1.00,1.12
2017.07.12 18:20:56.795,0.96501,0.9651,1.00,1.12
2017.07.12 18:21:02.447,0.965,0.96512,4.16,2.25
2017.07.12 18:21:03.379,0.965,0.96513,4.72,1.69
2017.07.12 18:21:03.994,0.965,0.96512,4.72,1.69
2017.07.12 18:21:04.047,0.96502,0.96513,2.25,1.31
2017.07.12 18:21:05.273,0.96502,0.96513,1.12,3.37
2017.07.12 18:21:05.580,0.965,0.96512,3.75,2.06
2017.07.12 18:21:06.096,0.96501,0.96512,1.00,2.81
2017.07.12 18:21:10.699,0.965,0.96505,1.00,1.25
2017.07.12 18:21:10.801,0.96498,0.96507,1.50,2.81
2017.07.12 18:21:11.261,0.96501,0.96508,1.50,3.75
2017.07.12 18:21:11.313,0.96502,0.96512,1.25,3.94
2017.07.12 18:21:11.365,0.96502,0.96512,1.25,3.19
2017.07.12 18:21:11.891,0.96502,0.96513,1.00,2.25
2017.07.12 18:21:22.387,0.96503,0.96514,1.50,1.31
2017.07.12 18:21:22.962,0.96504,0.96514,1.00,1.69
2017.07.12 18:21:28.415,0.96504,0.96514,1.00,3.56
2017.07.12 18:21:31.002,0.96506,0.96514,1.50,1.69
2017.07.12 18:21:31.054,0.96504,0.96514,2.85,1.69
2017.07.12 18:21:34.103,0.96504,0.96514,2.25,4.69
2017.07.12 18:21:34.863,0.96504,0.96514,2.25,1.87
2017.07.12 18:21:35.501,0.96504,0.96514,2.25,3.00
2017.07.12 18:21:36.076,0.96504,0.96514,3.00,2.62
2017.07.12 18:21:36.821,0.96505,0.96514,1.00,2.62
2017.07.12 18:21:37.333,0.96505,0.96514,1.00,3.75
2017.07.12 18:21:40.173,0.96505,0.96514,1.00,1.00
2017.07.12 18:21:42.977,0.96505,0.96514,1.00,4.87
2017.07.12 18:21:43.588,0.96505,0.96514,1.50,1.31
2017.07.12 18:21:47.228,0.96505,0.96514,1.00,4.50
2017.07.12 18:21:52.902,0.96505,0.96514,1.50,2.06
2017.07.12 18:21:53.424,0.96504,0.96513,1.00,1.00
2017.07.12 18:22:12.221,0.96503,0.96513,3.00,1.50
2017.07.12 18:22:12.832,0.96503,0.96513,1.00,2.81
2017.07.12 18:22:14.285,0.96502,0.96513,1.87,3.19
2017.07.12 18:22:14.841,0.96502,0.96512,1.12,1.31
2017.07.12 18:22:16.386,0.96501,0.96513,2.25,3.94
2017.07.12 18:22:16.894,0.96501,0.96512,2.25,1.31
2017.07.12 18:22:17.275,0.96499,0.9651,2.25,1.12
2017.07.12 18:22:17.786,0.96499,0.9651,1.00,2.29
2017.07.12 18:22:26.772,0.96501,0.96511,1.00,2.25
2017.07.12 18:22:26.875,0.96501,0.96512,1.00,1.69
2017.07.12 18:22:27.719,0.96501,0.96512,1.00,3.94
2017.07.12 18:22:28.003,0.96503,0.96512,1.00,3.00
2017.07.12 18:22:28.209,0.96503,0.96513,1.00,2.06
2017.07.12 18:22:29.614,0.96503,0.96512,1.00,1.25
2017.07.12 18:22:36.948,0.965,0.96512,4.16,2.81
2017.07.12 18:22:39.951,0.96502,0.96512,1.00,4.31
2017.07.12 18:22:46.181,0.96502,0.96513,1.00,3.56
2017.07.12 18:22:47.414,0.96502,0.96513,1.00,3.56
2017.07.12 18:22:47.994,0.96502,0.96513,1.00,5.44
2017.07.12 18:22:51.032,0.96502,0.96513,1.00,2.44
2017.07.12 18:22:53.406,0.96502,0.96513,1.00,5.06
2017.07.12 18:23:05.544,0.96501,0.96513,2.85,3.19
2017.07.12 18:23:17.637,0.965,0.96512,4.72,1.31
2017.07.12 18:23:18.158,0.965,0.96512,4.72,1.00
2017.07.12 18:23:21.454,0.965,0.96511,3.97,1.50
2017.07.12 18:23:21.506,0.965,0.96509,1.72,1.00
2017.07.12 18:23:22.017,0.96499,0.96509,1.87,1.50
2017.07.12 18:23:24.108,0.96498,0.96508,1.37,1.25
2017.07.12 18:23:24.620,0.96498,0.96505,1.12,1.00
2017.07.12 18:23:24.840,0.96494,0.96504,1.87,1.25
2017.07.12 18:23:26.641,0.96497,0.96505,1.31,3.19
2017.07.12 18:23:26.693,0.96498,0.96508,3.22,2.62
2017.07.12 18:23:26.796,0.96498,0.96509,1.87,1.50
2017.07.12 18:23:27.001,0.96499,0.96508,1.00,4.69
2017.07.12 18:23:27.053,0.96496,0.96506,1.87,2.25
2017.07.12 18:23:27.362,0.96495,0.96505,3.19,1.25
2017.07.12 18:23:28.955,0.96495,0.96505,1.87,4.50
2017.07.12 18:23:31.428,0.96494,0.96504,2.25,2.44
2017.07.12 18:23:33.956,0.96494,0.96504,2.62,2.81
2017.07.12 18:23:34.484,0.96494,0.96505,1.87,4.50
2017.07.12 18:23:36.071,0.96494,0.96504,1.12,6.37
2017.07.12 18:23:37.149,0.96493,0.96504,1.87,4.95
2017.07.12 18:23:39.746,0.96492,0.96503,1.37,3.75
2017.07.12 18:23:39.987,0.96491,0.96503,1.87,4.87
2017.07.12 18:23:41.325,0.96491,0.96503,2.44,1.12
2017.07.12 18:23:41.966,0.96491,0.96503,5.29,1.87
2017.07.12 18:23:42.485,0.96492,0.96503,1.69,1.50
2017.07.12 18:23:43.503,0.96494,0.96504,1.85,1.69
2017.07.12 18:23:44.014,0.96494,0.96505,5.29,1.50
2017.07.12 18:23:44.321,0.96498,0.9651,2.47,8.89
2017.07.12 18:23:44.373,0.965,0.9651,2.10,2.89
2017.07.12 18:23:44.891,0.965,0.9651,1.00,2.06
2017.07.12 18:23:46.920,0.965,0.96512,3.19,3.07
2017.07.12 18:23:47.579,0.965,0.96512,3.56,1.95
2017.07.12 18:23:48.451,0.96499,0.9651,2.25,1.12
2017.07.12 18:23:48.758,0.96496,0.96507,2.81,1.31
2017.07.12 18:23:49.333,0.96496,0.96505,1.12,1.25
2017.07.12 18:23:49.912,0.96494,0.96504,1.50,3.19
2017.07.12 18:23:50.685,0.96493,0.96504,4.12,4.31
2017.07.12 18:23:51.198,0.96497,0.96505,2.62,2.81
2017.07.12 18:23:51.323,0.96497,0.96507,3.22,1.50
2017.07.12 18:23:51.375,0.96499,0.96508,1.00,1.12
2017.07.12 18:23:51.933,0.96498,0.96509,1.00,1.50
2017.07.12 18:23:52.444,0.96497,0.9651,3.60,10.57
2017.07.12 18:23:53.934,0.96498,0.96509,1.91,1.87
2017.07.12 18:23:54.445,0.96499,0.96509,1.00,1.50
2017.07.12 18:23:55.732,0.96498,0.96509,2.66,1.50
2017.07.12 18:23:56.282,0.96499,0.96509,1.00,1.50
2017.07.12 18:23:56.731,0.96498,0.96507,1.12,1.25
2017.07.12 18:23:57.242,0.96497,0.96507,2.25,1.31
2017.07.12 18:24:01.246,0.96497,0.96508,1.87,8.44
2017.07.12 18:24:01.764,0.96496,0.96505,1.12,1.12
2017.07.12 18:24:02.034,0.96497,0.96508,1.12,4.50
2017.07.12 18:24:02.545,0.96497,0.96508,1.87,4.12
2017.07.12 18:24:03.283,0.96497,0.96507,1.87,1.44
2017.07.12 18:24:03.796,0.96497,0.96508,3.97,6.00
2017.07.12 18:24:04.312,0.96497,0.96505,1.50,1.00
2017.07.12 18:24:04.415,0.96494,0.96504,2.62,5.25
2017.07.12 18:24:05.823,0.96495,0.96505,2.47,4.31
2017.07.12 18:24:05.925,0.96496,0.96507,1.35,3.56
2017.07.12 18:24:06.453,0.96497,0.96507,1.00,4.50
2017.07.12 18:24:09.172,0.96496,0.96507,3.22,5.25
2017.07.12 18:24:12.697,0.96503,0.96507,1.35,3.37
2017.07.12 18:24:12.800,0.96509,0.96515,1.00,3.37
2017.07.12 18:24:13.069,0.96506,0.96512,1.00,1.62
2017.07.12 18:24:13.121,0.96501,0.96511,1.50,1.69
2017.07.12 18:24:13.226,0.965,0.96511,1.50,2.44
2017.07.12 18:24:13.738,0.965,0.96511,1.00,2.44
2017.07.12 18:24:14.802,0.96502,0.96512,1.00,4.31
2017.07.12 18:24:15.323,0.96502,0.96513,1.50,1.56
2017.07.12 18:24:21.662,0.96502,0.96514,3.94,4.50
2017.07.12 18:24:21.713,0.96505,0.96514,1.00,1.31
2017.07.12 18:24:21.816,0.96507,0.96518,1.50,2.06
2017.07.12 18:24:21.868,0.96509,0.96518,1.00,1.25
2017.07.12 18:24:22.375,0.9651,0.96518,1.25,1.12
2017.07.12 18:24:22.786,0.9651,0.96516,1.25,1.12
2017.07.12 18:24:22.838,0.96508,0.96515,1.00,1.00
2017.07.12 18:24:22.941,0.96503,0.96514,2.06,1.50
2017.07.12 18:24:23.465,0.96503,0.96514,1.25,2.25
2017.07.12 18:24:24.508,0.96503,0.96514,1.25,1.50
2017.07.12 18:24:26.018,0.96505,0.96515,2.29,1.69
2017.07.12 18:24:26.121,0.96507,0.96518,1.50,3.19
2017.07.12 18:24:26.173,0.96509,0.96518,1.00,2.06
2017.07.12 18:24:26.606,0.9651,0.96521,1.25,4.50
2017.07.12 18:24:29.765,0.9651,0.96522,2.44,3.75
2017.07.12 18:24:30.050,0.9651,0.9652,1.25,1.31
2017.07.12 18:24:31.093,0.9651,0.96519,1.25,1.62
2017.07.12 18:24:31.311,0.96507,0.96518,3.00,2.06
2017.07.12 18:24:32.030,0.96508,0.96517,1.00,1.00
2017.07.12 18:24:33.524,0.96511,0.96519,2.10,2.62
2017.07.12 18:24:33.627,0.96515,0.96524,1.00,3.00
2017.07.12 18:24:33.730,0.96518,0.96527,1.25,2.00
2017.07.12 18:24:33.781,0.96518,0.96529,1.31,2.62
2017.07.12 18:24:34.282,0.96516,0.96527,1.31,3.37
2017.07.12 18:24:34.795,0.96516,0.96526,1.31,1.19
2017.07.12 18:24:35.631,0.96515,0.96523,1.00,1.25
2017.07.12 18:24:35.734,0.96511,0.96522,6.93,1.25
2017.07.12 18:24:36.248,0.96512,0.96523,1.12,1.12
2017.07.12 18:24:37.322,0.96512,0.96523,1.12,3.37
2017.07.12 18:24:45.710,0.96511,0.96521,1.50,1.50
2017.07.12 18:24:46.211,0.96511,0.96523,1.00,2.62
2017.07.12 18:24:46.720,0.9651,0.96522,2.81,1.25
2017.07.12 18:24:47.223,0.96511,0.96523,1.50,2.62
2017.07.12 18:24:47.772,0.96511,0.96521,1.00,1.69
2017.07.12 18:24:48.283,0.9651,0.96521,2.06,1.87
2017.07.12 18:24:49.332,0.96511,0.96522,1.00,2.62
2017.07.12 18:24:50.703,0.9651,0.96521,2.44,1.87
2017.07.12 18:24:51.436,0.96511,0.96521,1.00,1.87
2017.07.12 18:24:52.215,0.9651,0.96521,2.44,1.87
2017.07.12 18:24:54.477,0.96511,0.96522,1.00,3.37
2017.07.12 18:24:55.372,0.9651,0.96521,2.44,1.87
2017.07.12 18:24:57.810,0.96511,0.96523,1.00,4.31
2017.07.12 18:24:58.080,0.96513,0.96524,1.31,1.69
2017.07.12 18:25:00.296,0.96514,0.96525,1.00,1.69
2017.07.12 18:25:01.334,0.96513,0.96525,1.31,2.44
2017.07.12 18:25:01.947,0.96514,0.96525,1.00,2.44
2017.07.12 18:25:02.306,0.96512,0.96523,1.12,2.25
2017.07.12 18:25:02.817,0.96513,0.96523,1.00,2.25
2017.07.12 18:25:03.433,0.96512,0.96523,1.00,1.87
2017.07.12 18:25:03.959,0.96513,0.96523,1.00,3.37
2017.07.12 18:25:05.716,0.96512,0.96523,1.00,3.37
2017.07.12 18:25:06.522,0.96512,0.96523,1.00,3.37
2017.07.12 18:25:07.062,0.96513,0.96523,1.00,2.62
2017.07.12 18:25:09.439,0.96512,0.96523,1.00,2.62
2017.07.12 18:25:10.120,0.96513,0.96523,1.00,3.37
2017.07.12 18:25:12.071,0.96512,0.96521,1.00,1.87
2017.07.12 18:25:12.897,0.96511,0.96521,1.00,1.87
2017.07.12 18:25:13.453,0.96512,0.96521,1.00,1.87
2017.07.12 18:25:14.667,0.96511,0.96521,1.00,1.87
2017.07.12 18:25:15.192,0.96512,0.96521,1.00,1.87
2017.07.12 18:25:16.492,0.96511,0.96521,1.00,1.87
2017.07.12 18:25:17.035,0.96512,0.96517,1.00,1.87
2017.07.12 18:25:17.089,0.96503,0.96513,2.25,1.69
2017.07.12 18:25:17.142,0.965,0.96511,6.37,2.44
2017.07.12 18:25:17.194,0.965,0.96511,1.50,2.62
2017.07.12 18:25:17.245,0.965,0.9651,1.00,2.06
2017.07.12 18:25:17.401,0.96497,0.96508,1.50,1.00
2017.07.12 18:25:17.558,0.96498,0.9651,2.62,2.06
2017.07.12 18:25:17.609,0.965,0.96511,1.25,1.31
2017.07.12 18:25:17.712,0.965,0.96512,5.06,1.25
2017.07.12 18:25:18.057,0.965,0.96512,1.25,3.56
2017.07.12 18:25:18.568,0.96499,0.96512,3.19,1.87
2017.07.12 18:25:20.718,0.96499,0.96512,3.19,2.62
2017.07.12 18:25:21.772,0.96501,0.96513,1.00,6.56
2017.07.12 18:25:22.319,0.965,0.96512,3.19,1.87
2017.07.12 18:25:22.827,0.96501,0.96513,1.00,3.00
2017.07.12 18:25:24.487,0.965,0.96513,3.19,3.00
2017.07.12 18:25:24.865,0.965,0.96513,3.19,3.00
2017.07.12 18:25:26.542,0.96501,0.96513,1.00,2.62
2017.07.12 18:25:27.296,0.965,0.96513,2.44,4.12
2017.07.12 18:25:32.655,0.965,0.96513,3.56,3.37
2017.07.12 18:25:33.270,0.965,0.96513,3.94,4.12
2017.07.12 18:25:38.461,0.96502,0.96513,1.00,3.37
2017.07.12 18:25:38.614,0.965,0.96513,1.87,2.81
2017.07.12 18:25:39.225,0.96498,0.96509,2.06,1.69
2017.07.12 18:25:40.252,0.96498,0.96509,1.69,1.69
2017.07.12 18:25:41.100,0.96497,0.96505,2.62,1.00
2017.07.12 18:25:41.203,0.96493,0.96504,1.12,1.25
2017.07.12 18:25:41.255,0.96492,0.96504,2.25,1.12
2017.07.12 18:25:42.492,0.96495,0.96504,1.00,1.00
2017.07.12 18:25:42.545,0.96497,0.96509,3.60,1.50
2017.07.12 18:25:42.597,0.96499,0.9651,1.00,4.12
2017.07.12 18:25:42.805,0.96497,0.9651,2.66,4.87
2017.07.12 18:25:43.437,0.96497,0.96509,3.79,1.19
2017.07.12 18:25:47.351,0.96498,0.9651,1.12,3.00
2017.07.12 18:25:47.892,0.96498,0.9651,1.12,2.25
2017.07.12 18:25:49.564,0.96497,0.9651,3.41,3.37
2017.07.12 18:25:54.781,0.96497,0.96505,1.00,1.00
2017.07.12 18:25:54.958,0.96493,0.96505,5.25,1.69
2017.07.12 18:25:55.581,0.96493,0.96505,4.50,1.25
2017.07.12 18:26:00.639,0.96493,0.96504,2.62,1.87
2017.07.12 18:26:01.150,0.96492,0.96504,2.06,2.25
2017.07.12 18:26:03.994,0.96491,0.96503,1.37,2.25
2017.07.12 18:26:04.354,0.9649,0.96502,2.06,2.06
2017.07.12 18:26:05.592,0.9649,0.96501,1.25,2.44
2017.07.12 18:26:05.747,0.96491,0.96502,2.25,1.30
2017.07.12 18:26:06.113,0.96491,0.96504,4.31,1.50
2017.07.12 18:26:08.798,0.96491,0.96505,5.06,6.00
2017.07.12 18:26:22.906,0.96493,0.96504,1.62,1.12
2017.07.12 18:26:22.957,0.96492,0.96504,2.62,1.50
2017.07.12 18:26:24.654,0.96491,0.96504,4.16,1.87
2017.07.12 18:26:25.191,0.96492,0.96504,1.54,1.87
2017.07.12 18:26:25.729,0.96493,0.96504,1.00,1.69
2017.07.12 18:26:26.540,0.96493,0.96504,1.00,2.62
2017.07.12 18:26:27.244,0.96493,0.96504,1.00,1.87
2017.07.12 18:26:41.924,0.96495,0.96506,1.69,1.69
2017.07.12 18:26:42.391,0.96497,0.96507,1.00,1.69
2017.07.12 18:26:42.444,0.96498,0.9651,1.25,2.62
2017.07.12 18:26:42.956,0.96497,0.9651,4.16,2.62
2017.07.12 18:26:43.845,0.96498,0.9651,1.00,1.87
2017.07.12 18:26:44.933,0.96498,0.96512,5.66,7.12
2017.07.12 18:26:46.943,0.96498,0.96511,2.06,3.00
2017.07.12 18:26:48.268,0.96497,0.96507,2.62,1.87
2017.07.12 18:26:48.524,0.96498,0.96509,2.25,2.06
2017.07.12 18:26:49.042,0.96498,0.9651,1.00,3.37
2017.07.12 18:26:50.022,0.96497,0.9651,2.44,4.12
2017.07.12 18:26:54.776,0.96497,0.96509,1.25,1.87
2017.07.12 18:26:56.921,0.96496,0.96504,1.00,1.00
2017.07.12 18:26:57.074,0.96493,0.96504,1.37,1.87
2017.07.12 18:26:57.584,0.96492,0.96503,2.44,1.00
2017.07.12 18:26:58.219,0.96492,0.96503,1.31,1.00
2017.07.12 18:26:58.649,0.96492,0.96504,1.31,2.25
2017.07.12 18:26:58.854,0.96489,0.965,1.37,2.44
2017.07.12 18:26:59.370,0.96489,0.965,1.37,3.22
2017.07.12 18:27:06.643,0.96489,0.96498,1.37,2.81
2017.07.12 18:27:06.745,0.96487,0.96497,1.00,1.12
2017.07.12 18:27:07.160,0.96487,0.96499,1.69,2.06
2017.07.12 18:27:09.480,0.96488,0.96499,1.00,1.69
2017.07.12 18:27:10.370,0.96488,0.965,1.69,2.62
2017.07.12 18:27:11.023,0.96488,0.965,1.69,2.44
2017.07.12 18:27:11.281,0.96488,0.965,2.44,1.19
2017.07.12 18:27:12.116,0.9649,0.96502,2.06,1.56
2017.07.12 18:27:12.325,0.9649,0.96504,6.79,5.06
2017.07.12 18:27:15.268,0.96491,0.96503,1.25,1.00
2017.07.12 18:27:16.942,0.9649,0.96504,7.54,5.25
2017.07.12 18:27:17.630,0.96491,0.96503,1.25,1.00
2017.07.12 18:27:21.325,0.96492,0.96504,2.81,1.81
2017.07.12 18:27:21.837,0.96491,0.96502,1.37,1.12
2017.07.12 18:27:22.382,0.9649,0.96502,5.06,1.31
2017.07.12 18:27:25.945,0.9649,0.96501,4.69,1.00
2017.07.12 18:27:26.488,0.9649,0.96501,2.44,1.19
2017.07.12 18:27:28.063,0.9649,0.96501,1.31,1.44
2017.07.12 18:27:31.542,0.96488,0.96499,4.31,1.69
2017.07.12 18:27:31.593,0.96488,0.96498,1.00,2.06
2017.07.12 18:27:32.104,0.96487,0.96498,2.06,2.06
2017.07.12 18:27:32.998,0.96487,0.96498,1.25,2.81
2017.07.12 18:27:33.608,0.96487,0.96498,1.25,2.81
2017.07.12 18:27:34.520,0.96488,0.96498,1.00,1.50
2017.07.12 18:27:34.625,0.9649,0.96501,1.00,2.06
2017.07.12 18:27:35.182,0.9649,0.96502,1.69,3.37
2017.07.12 18:27:36.908,0.96489,0.965,1.87,2.62
2017.07.12 18:27:37.502,0.96488,0.965,4.31,2.62
2017.07.12 18:27:46.859,0.9649,0.96501,1.25,1.50
2017.07.12 18:27:46.963,0.9649,0.96501,1.25,1.31
2017.07.12 18:27:54.616,0.96491,0.96503,1.91,2.06
2017.07.12 18:27:54.667,0.96491,0.96504,4.87,1.31
2017.07.12 18:27:55.184,0.96491,0.96504,6.79,1.69
2017.07.12 18:27:56.172,0.96491,0.96502,3.79,1.31
2017.07.12 18:27:56.788,0.9649,0.96502,3.97,1.31
2017.07.12 18:27:57.516,0.9649,0.96502,3.60,1.31
2017.07.12 18:28:02.382,0.9649,0.96503,4.16,3.75
2017.07.12 18:28:02.958,0.96492,0.96504,1.00,1.31
2017.07.12 18:28:04.600,0.96492,0.96505,2.85,5.25
2017.07.12 18:28:05.112,0.96492,0.96504,1.91,1.50
2017.07.12 18:28:13.405,0.96492,0.96504,2.29,1.19
2017.07.12 18:28:22.679,0.96496,0.96506,6.60,2.06
2017.07.12 18:28:22.867,0.96497,0.96509,2.29,1.12
2017.07.12 18:28:23.429,0.96497,0.96509,1.30,2.44
2017.07.12 18:28:23.917,0.96496,0.96509,5.47,2.81
2017.07.12 18:28:24.292,0.96496,0.96505,3.37,1.50
2017.07.12 18:28:24.395,0.96493,0.96504,1.87,3.37
2017.07.12 18:28:24.922,0.96492,0.96504,3.56,3.75
2017.07.12 18:28:25.436,0.96492,0.96504,3.19,3.75
2017.07.12 18:28:30.048,0.96494,0.96506,2.10,1.56
2017.07.12 18:28:31.381,0.96495,0.96507,1.00,1.87
2017.07.12 18:28:38.707,0.96494,0.96508,5.81,7.50
2017.07.12 18:28:39.823,0.96494,0.96503,1.50,1.50
2017.07.12 18:28:39.928,0.96492,0.96503,1.00,1.69
2017.07.12 18:28:40.513,0.96491,0.96504,1.12,4.72
2017.07.12 18:28:41.239,0.96491,0.96502,2.06,1.25
2017.07.12 18:28:41.749,0.9649,0.96501,1.31,2.47
2017.07.12 18:28:51.866,0.9649,0.96502,1.50,1.91
2017.07.12 18:28:52.382,0.96489,0.96501,5.25,2.06
2017.07.12 18:28:58.984,0.9649,0.96503,1.87,4.16
2017.07.12 18:28:59.549,0.9649,0.96502,1.35,1.31
2017.07.12 18:28:59.887,0.96492,0.96503,1.00,2.06
2017.07.12 18:29:00.399,0.96491,0.96503,2.06,1.87
2017.07.12 18:29:01.275,0.9649,0.96502,3.94,3.37
2017.07.12 18:29:02.290,0.96489,0.96498,1.12,2.66
2017.07.12 18:29:02.444,0.96485,0.96496,1.50,2.29
2017.07.12 18:29:02.496,0.96484,0.96496,2.44,2.47
2017.07.12 18:29:10.390,0.96484,0.96496,1.50,2.62
2017.07.12 18:29:11.018,0.96484,0.96497,1.12,5.62
2017.07.12 18:29:17.393,0.96484,0.96496,1.12,3.60
2017.07.12 18:29:20.652,0.96484,0.96496,1.69,1.87
2017.07.12 18:29:21.195,0.96484,0.96497,1.69,6.60
2017.07.12 18:29:22.625,0.96487,0.96497,5.44,2.06
2017.07.12 18:29:22.727,0.96488,0.96498,2.06,1.69
2017.07.12 18:29:28.828,0.96488,0.96498,1.31,1.50
2017.07.12 18:29:29.037,0.96485,0.96497,4.87,1.31
2017.07.12 18:29:29.567,0.96485,0.96497,2.62,1.91
2017.07.12 18:29:30.531,0.96487,0.96497,1.50,1.50
2017.07.12 18:29:30.995,0.96488,0.96499,2.06,2.62
2017.07.12 18:29:31.496,0.96488,0.96499,2.06,1.69
2017.07.12 18:29:32.124,0.96488,0.96498,1.25,2.62
2017.07.12 18:29:32.277,0.96486,0.96498,2.62,3.00
2017.07.12 18:29:32.783,0.96485,0.96497,2.06,3.22
2017.07.12 18:29:34.948,0.96484,0.96496,1.31,2.85
2017.07.12 18:29:36.218,0.96484,0.96497,4.69,2.74
2017.07.12 18:29:36.749,0.96484,0.96497,3.19,2.85
2017.07.12 18:29:37.821,0.96484,0.96495,3.56,2.25
2017.07.12 18:29:38.180,0.96487,0.96495,1.00,2.25
2017.07.12 18:29:38.699,0.96486,0.96495,2.06,2.25
2017.07.12 18:29:38.860,0.96486,0.96498,2.06,2.06
2017.07.12 18:29:39.116,0.96488,0.96498,1.25,2.06
2017.07.12 18:29:43.169,0.9649,0.965,1.12,2.51
2017.07.12 18:29:43.221,0.9649,0.96501,1.12,2.89
2017.07.12 18:29:51.883,0.96488,0.96499,1.31,3.19
2017.07.12 18:29:52.662,0.96489,0.965,1.00,1.91
2017.07.12 18:29:58.201,0.96489,0.965,1.62,2.62
2017.07.12 18:30:00.828,0.96489,0.965,1.69,1.69
2017.07.12 18:30:02.641,0.9649,0.965,1.25,1.87
2017.07.12 18:30:03.253,0.96489,0.965,1.69,1.87
2017.07.12 18:30:12.930,0.96488,0.96499,3.94,1.69
2017.07.12 18:30:12.982,0.96488,0.96498,1.00,4.05
2017.07.12 18:30:13.161,0.96485,0.96497,3.94,1.12
2017.07.12 18:30:14.211,0.96488,0.96497,1.00,2.44
2017.07.12 18:30:14.721,0.96489,0.96497,1.25,2.44
2017.07.12 18:30:15.524,0.96489,0.965,1.25,3.00
2017.07.12 18:30:16.363,0.96489,0.96501,1.25,5.17
2017.07.12 18:30:17.226,0.96488,0.965,1.69,2.06
2017.07.12 18:30:17.834,0.96489,0.965,1.25,2.06
2017.07.12 18:30:24.359,0.96487,0.96499,6.41,2.81
2017.07.12 18:30:24.411,0.96487,0.96497,5.81,1.00
2017.07.12 18:30:24.628,0.96486,0.96497,1.12,1.44
2017.07.12 18:30:25.142,0.96486,0.96497,1.00,2.10
2017.07.12 18:30:25.449,0.96488,0.96498,1.00,1.29
2017.07.12 18:30:25.552,0.96489,0.96501,1.25,6.30
2017.07.12 18:30:27.529,0.96489,0.96501,2.25,1.69
2017.07.12 18:30:31.393,0.96489,0.96502,4.69,3.67
2017.07.12 18:30:32.659,0.96489,0.96502,5.44,3.67
2017.07.12 18:30:33.245,0.96489,0.96502,3.94,5.55
2017.07.12 18:30:35.512,0.96492,0.96502,1.00,5.17
2017.07.12 18:30:37.519,0.96494,0.96503,1.00,4.69
2017.07.12 18:30:37.571,0.96494,0.96503,1.00,3.19
2017.07.12 18:30:37.726,0.96494,0.96503,1.00,1.00
2017.07.12 18:30:38.638,0.96494,0.96504,1.00,1.50
2017.07.12 18:30:39.807,0.96494,0.96504,1.00,1.87
2017.07.12 18:30:39.910,0.96496,0.96505,1.00,4.72
2017.07.12 18:30:40.166,0.96502,0.96511,1.00,1.69
2017.07.12 18:30:46.925,0.965,0.9651,2.62,1.25
2017.07.12 18:30:47.436,0.96501,0.96511,2.25,1.69
2017.07.12 18:30:56.200,0.96503,0.96511,1.50,1.69
2017.07.12 18:30:58.790,0.96501,0.96511,1.00,2.06
2017.07.12 18:30:59.558,0.96502,0.96511,1.50,1.12
2017.07.12 18:31:01.920,0.96504,0.96512,1.00,1.31
2017.07.12 18:31:02.228,0.96507,0.96513,1.50,1.00
2017.07.12 18:31:02.483,0.96505,0.96514,1.50,1.00
2017.07.12 18:31:09.954,0.96505,0.96514,1.00,2.06
2017.07.12 18:31:10.480,0.96504,0.96514,2.25,3.75
2017.07.12 18:31:12.343,0.96504,0.96513,2.25,1.44
2017.07.12 18:31:12.864,0.96504,0.96513,2.25,1.00
2017.07.12 18:31:17.384,0.96503,0.96513,1.00,1.35
2017.07.12 18:31:19.508,0.96506,0.96515,1.00,6.22
2017.07.12 18:31:19.764,0.9651,0.9652,1.00,2.81
2017.07.12 18:31:20.507,0.9651,0.9652,1.00,1.19
2017.07.12 18:31:29.933,0.96509,0.96519,1.00,3.00
2017.07.12 18:31:29.985,0.96507,0.96517,1.50,1.00
2017.07.12 18:31:30.138,0.96507,0.96513,1.00,1.50
2017.07.12 18:31:30.190,0.96505,0.96513,1.00,1.00
2017.07.12 18:31:30.241,0.96503,0.96512,1.50,1.00
2017.07.12 18:31:30.395,0.96503,0.9651,1.00,1.00
2017.07.12 18:31:30.497,0.96503,0.96512,1.00,3.94
2017.07.12 18:31:31.008,0.96503,0.96512,1.00,4.87
2017.07.12 18:31:35.623,0.96503,0.96512,1.00,4.12
2017.07.12 18:31:35.727,0.96506,0.96512,1.87,1.12
2017.07.12 18:31:35.779,0.96506,0.96515,1.87,1.50
2017.07.12 18:31:35.882,0.96507,0.96516,2.44,1.19
2017.07.12 18:31:36.242,0.96509,0.96519,1.00,4.50
2017.07.12 18:31:36.757,0.96508,0.96518,1.00,2.44
2017.07.12 18:31:37.268,0.96509,0.96518,1.00,1.50
2017.07.12 18:31:37.785,0.96509,0.96519,1.00,1.50
2017.07.12 18:31:37.837,0.96511,0.96519,1.00,1.50
2017.07.12 18:31:40.174,0.96511,0.96521,1.00,3.64
2017.07.12 18:31:41.693,0.96511,0.96517,1.00,1.00
2017.07.12 18:31:42.360,0.96511,0.9652,1.00,1.57
2017.07.12 18:31:45.823,0.96511,0.9652,1.00,2.32
2017.07.12 18:31:46.778,0.96511,0.96518,1.00,1.00
2017.07.12 18:31:47.289,0.9651,0.96518,1.00,1.37
2017.07.12 18:31:48.797,0.96509,0.96516,1.00,1.50
2017.07.12 18:31:48.899,0.96506,0.96516,1.50,1.50
2017.07.12 18:31:50.072,0.96504,0.96514,2.62,2.25
2017.07.12 18:31:50.380,0.96498,0.96508,2.25,1.69
2017.07.12 18:31:50.742,0.965,0.9651,1.00,1.37
2017.07.12 18:31:51.253,0.965,0.9651,1.25,1.50
2017.07.12 18:31:51.939,0.965,0.96511,2.81,1.87
2017.07.12 18:31:52.257,0.965,0.96508,1.50,1.00
2017.07.12 18:31:52.360,0.96497,0.96509,4.50,1.69
2017.07.12 18:31:52.411,0.96497,0.96505,1.87,1.00
2017.07.12 18:31:52.616,0.96496,0.96505,1.50,1.00
2017.07.12 18:31:52.770,0.96494,0.96504,1.12,1.00
2017.07.12 18:31:53.308,0.96494,0.96503,1.00,1.00
2017.07.12 18:31:53.581,0.96497,0.96504,1.00,1.50
2017.07.12 18:31:53.735,0.96499,0.9651,2.81,1.37
2017.07.12 18:31:54.248,0.96499,0.96511,3.56,2.25
2017.07.12 18:31:54.579,0.96499,0.96506,1.87,1.00
2017.07.12 18:31:54.734,0.96495,0.96505,1.37,1.85
2017.07.12 18:31:54.837,0.96493,0.96503,1.69,2.10
2017.07.12 18:31:55.378,0.96492,0.96503,2.06,1.12
2017.07.12 18:31:56.767,0.96492,0.96502,1.69,1.00
2017.07.12 18:31:56.819,0.96488,0.96492,2.25,1.50
2017.07.12 18:31:56.871,0.96488,0.96496,1.00,1.31
2017.07.12 18:31:57.026,0.96486,0.96499,3.75,1.50
2017.07.12 18:31:57.537,0.96487,0.96499,1.31,1.31
2017.07.12 18:31:58.236,0.96488,0.96499,1.19,1.31
2017.07.12 18:31:58.952,0.96487,0.965,3.94,1.30
2017.07.12 18:32:01.530,0.96488,0.96501,2.06,3.75
2017.07.12 18:32:02.812,0.9649,0.96502,1.31,1.37
2017.07.12 18:32:06.779,0.9649,0.96502,1.31,1.37
2017.07.12 18:32:07.991,0.96489,0.96502,3.56,1.37
2017.07.12 18:32:09.220,0.96489,0.96502,3.56,1.50
2017.07.12 18:32:09.529,0.96489,0.96501,2.25,1.00
2017.07.12 18:32:20.314,0.96489,0.96501,3.56,2.10
2017.07.12 18:32:20.886,0.96489,0.96501,1.69,2.29
2017.07.12 18:32:21.802,0.96489,0.96501,4.31,1.19
2017.07.12 18:32:22.350,0.96489,0.96501,4.31,1.19
2017.07.12 18:32:22.667,0.96493,0.96502,1.00,1.56
2017.07.12 18:32:22.718,0.96493,0.96502,1.50,1.00
2017.07.12 18:32:22.873,0.96494,0.96504,1.19,1.19
2017.07.12 18:32:23.027,0.96497,0.96506,1.00,1.00
2017.07.12 18:32:23.779,0.96497,0.96507,1.00,2.85
2017.07.12 18:32:32.566,0.96498,0.96508,1.35,2.81
2017.07.12 18:32:32.618,0.965,0.96509,1.00,1.62
2017.07.12 18:32:32.880,0.96501,0.96512,1.00,2.06
2017.07.12 18:32:35.057,0.96503,0.96513,1.00,1.50
2017.07.12 18:32:35.160,0.96503,0.96513,1.50,1.50
2017.07.12 18:32:36.024,0.96503,0.96512,1.00,1.50
2017.07.12 18:32:36.548,0.96503,0.96513,1.00,2.25
2017.07.12 18:32:43.173,0.96503,0.96513,1.00,2.81
2017.07.12 18:32:43.713,0.96502,0.96513,1.12,3.04
2017.07.12 18:32:45.974,0.96501,0.96511,1.50,1.50
2017.07.12 18:32:46.928,0.965,0.96509,1.12,1.30
2017.07.12 18:32:47.182,0.96498,0.96508,1.00,2.06
2017.07.12 18:32:47.290,0.965,0.96508,1.00,1.25
2017.07.12 18:32:47.802,0.96499,0.96508,1.00,1.50
2017.07.12 18:32:48.310,0.96499,0.96508,1.00,1.50
2017.07.12 18:32:48.925,0.96499,0.96508,1.00,1.87
2017.07.12 18:32:49.536,0.96499,0.96509,1.00,1.50
2017.07.12 18:32:51.654,0.965,0.9651,1.00,1.19
2017.07.12 18:32:51.757,0.965,0.9651,1.00,1.25
2017.07.12 18:32:52.267,0.965,0.9651,1.00,4.12
2017.07.12 18:32:52.987,0.965,0.96507,1.00,1.00
2017.07.12 18:32:53.246,0.96497,0.96506,1.00,2.66
2017.07.12 18:32:53.758,0.96497,0.96505,1.00,1.50
2017.07.12 18:32:55.475,0.96495,0.96505,1.00,1.50
2017.07.12 18:32:56.179,0.96497,0.96506,1.00,2.25
2017.07.12 18:32:56.424,0.96497,0.96507,1.00,3.56
2017.07.12 18:32:56.941,0.96496,0.96505,1.00,2.62
2017.07.12 18:32:58.443,0.96497,0.96507,1.00,4.12
2017.07.12 18:32:58.495,0.96497,0.96507,1.00,3.00
2017.07.12 18:32:59.265,0.96497,0.96506,1.00,1.00
2017.07.12 18:32:59.839,0.96497,0.96506,1.00,1.37
2017.07.12 18:33:00.248,0.96497,0.96507,1.00,3.04
2017.07.12 18:33:00.793,0.96497,0.96506,1.00,1.25
2017.07.12 18:33:00.896,0.965,0.96508,1.00,1.69
2017.07.12 18:33:09.967,0.965,0.9651,1.00,1.69
2017.07.12 18:33:10.279,0.96502,0.96511,1.00,1.19
2017.07.12 18:33:12.826,0.96502,0.96509,1.00,1.00
2017.07.12 18:33:12.878,0.965,0.96509,1.00,3.56
2017.07.12 18:33:16.508,0.965,0.96509,1.00,1.00
2017.07.12 18:33:22.675,0.965,0.9651,1.00,2.25
2017.07.12 18:33:30.643,0.96507,0.96511,1.20,1.69
2017.07.12 18:33:30.746,0.96508,0.96514,1.00,3.00
2017.07.12 18:33:30.797,0.96509,0.96518,1.00,4.12
2017.07.12 18:33:31.208,0.96507,0.96515,1.50,1.50
2017.07.12 18:33:31.260,0.96505,0.96514,1.12,1.25
2017.07.12 18:33:31.312,0.96505,0.96512,1.00,1.00
2017.07.12 18:33:31.414,0.96503,0.96514,1.35,1.12
2017.07.12 18:33:31.929,0.96504,0.96514,1.00,1.31
2017.07.12 18:33:34.614,0.96505,0.96514,1.00,1.31
2017.07.12 18:33:34.665,0.96507,0.96516,1.00,1.00
2017.07.12 18:33:34.819,0.96509,0.96519,1.00,1.69
2017.07.12 18:33:35.178,0.96509,0.96517,1.00,1.00
2017.07.12 18:33:35.690,0.96509,0.96518,1.00,1.50
2017.07.12 18:33:36.653,0.96509,0.9652,1.00,2.62
2017.07.12 18:33:37.011,0.9651,0.96521,1.00,1.50
2017.07.12 18:33:37.531,0.96511,0.96522,1.00,3.19
2017.07.12 18:33:37.583,0.96511,0.96521,1.00,1.62
2017.07.12 18:33:40.696,0.96511,0.96521,1.00,1.87
2017.07.12 18:33:41.865,0.96509,0.96521,2.62,1.62
2017.07.12 18:34:02.082,0.9651,0.96519,1.00,1.50
2017.07.12 18:34:13.548,0.96509,0.96513,1.00,1.00
2017.07.12 18:34:13.756,0.96502,0.96511,1.50,1.00
2017.07.12 18:34:13.961,0.96503,0.96513,1.00,1.12
2017.07.12 18:34:14.547,0.96503,0.96514,1.00,2.44
2017.07.12 18:34:15.077,0.96504,0.96514,1.00,1.69
2017.07.12 18:34:16.441,0.96504,0.96513,1.00,1.00
2017.07.12 18:34:16.971,0.96504,0.96514,1.00,2.44
2017.07.12 18:34:28.603,0.96504,0.96515,1.00,3.56
2017.07.12 18:34:28.910,0.96506,0.96515,1.00,1.00
2017.07.12 18:34:29.239,0.96509,0.96517,1.00,1.12
2017.07.12 18:34:29.904,0.96509,0.96516,1.00,1.00
2017.07.12 18:34:30.215,0.96508,0.96514,1.00,1.00
2017.07.12 18:34:30.319,0.96506,0.96514,1.00,1.00
2017.07.12 18:34:30.882,0.96506,0.96515,1.00,2.62
2017.07.12 18:34:31.274,0.96511,0.96515,1.50,1.69
2017.07.12 18:34:31.326,0.96509,0.96516,1.00,1.50
2017.07.12 18:34:31.481,0.9651,0.9652,1.50,1.87
2017.07.12 18:34:31.993,0.9651,0.96519,1.00,1.13
2017.07.12 18:34:39.389,0.96515,0.96521,1.00,1.37
2017.07.12 18:34:39.545,0.96519,0.96528,1.00,1.00
2017.07.12 18:34:39.647,0.9652,0.96531,1.00,2.06
2017.07.12 18:34:39.750,0.96518,0.9653,1.87,2.06
2017.07.12 18:34:41.170,0.96519,0.9653,1.50,1.69
2017.07.12 18:34:41.883,0.96519,0.96529,1.00,1.25
2017.07.12 18:34:52.837,0.96518,0.96529,1.50,1.25
2017.07.12 18:34:53.650,0.96519,0.9653,1.00,1.87
2017.07.12 18:34:54.180,0.96518,0.9653,1.50,1.12
2017.07.12 18:34:54.714,0.96518,0.9653,1.50,1.37
2017.07.12 18:35:22.911,0.96518,0.9653,1.87,1.69
2017.07.12 18:35:26.815,0.96518,0.9653,1.87,2.81
2017.07.12 18:35:27.305,0.96519,0.96526,1.00,2.06
2017.07.12 18:35:27.576,0.96517,0.96527,1.00,1.00
2017.07.12 18:35:27.678,0.9652,0.96528,1.00,1.00
2017.07.12 18:35:28.189,0.9652,0.96529,1.00,3.56
2017.07.12 18:35:28.698,0.9652,0.96529,1.00,3.56
2017.07.12 18:35:41.248,0.96521,0.96529,1.00,1.50
2017.07.12 18:35:41.503,0.96522,0.96531,1.00,1.31
2017.07.12 18:35:42.371,0.96524,0.96533,1.00,2.44
2017.07.12 18:35:42.877,0.96524,0.96533,1.00,1.69
2017.07.12 18:35:45.559,0.96524,0.96533,1.00,3.00
2017.07.12 18:35:53.980,0.96524,0.96532,1.00,1.62
2017.07.12 18:35:55.231,0.96524,0.96532,1.00,2.44
2017.07.12 18:35:55.742,0.96524,0.96532,1.00,2.81
2017.07.12 18:35:56.318,0.96524,0.96532,1.00,1.69
2017.07.12 18:35:56.828,0.96524,0.96531,1.00,1.37
2017.07.12 18:35:57.610,0.96522,0.96531,1.00,1.69
2017.07.12 18:36:00.997,0.96522,0.96531,1.00,1.69
2017.07.12 18:36:06.556,0.96524,0.96533,1.00,3.00
2017.07.12 18:36:06.878,0.96527,0.96537,1.00,3.94
2017.07.12 18:36:06.982,0.96527,0.96535,1.00,1.62
2017.07.12 18:36:07.135,0.96524,0.96533,1.50,3.19
2017.07.12 18:36:11.651,0.96524,0.96534,3.75,1.31
2017.07.12 18:36:11.702,0.96526,0.96534,1.00,1.12
2017.07.12 18:36:11.856,0.96527,0.96536,1.00,1.31
2017.07.12 18:36:16.502,0.96524,0.96533,1.12,1.12
2017.07.12 18:36:16.810,0.96523,0.96531,1.00,1.31
2017.07.12 18:36:18.070,0.96523,0.96532,1.00,1.69
2017.07.12 18:36:20.102,0.96523,0.96533,1.00,1.12
2017.07.12 18:36:21.745,0.96523,0.96533,1.00,3.75
2017.07.12 18:36:47.092,0.96522,0.96531,1.00,2.25
2017.07.12 18:36:47.643,0.96522,0.96532,1.00,1.31
2017.07.12 18:36:48.188,0.9652,0.96532,1.91,2.44
2017.07.12 18:36:53.679,0.96521,0.96532,1.54,1.69
2017.07.12 18:36:53.781,0.9652,0.96532,1.72,1.31
2017.07.12 18:37:02.685,0.9652,0.96533,2.66,5.62
2017.07.12 18:37:15.734,0.9652,0.96533,2.66,4.50
2017.07.12 18:37:23.681,0.9652,0.96532,2.29,1.69
2017.07.12 18:37:36.841,0.9652,0.96532,1.00,2.81
2017.07.12 18:37:47.181,0.9652,0.96532,3.79,1.25
2017.07.12 18:37:56.498,0.96521,0.96533,2.47,2.06
2017.07.12 18:37:56.703,0.9652,0.96532,1.91,2.06
2017.07.12 18:38:08.551,0.96524,0.96533,1.30,1.12
2017.07.12 18:38:09.236,0.96522,0.96533,4.35,1.00
2017.07.12 18:38:11.339,0.96522,0.96534,4.54,2.62
2017.07.12 18:38:11.879,0.96522,0.96533,4.54,1.00
2017.07.12 18:38:16.347,0.96522,0.96534,4.35,2.06
2017.07.12 18:38:17.359,0.96522,0.96533,4.35,1.00
2017.07.12 18:38:18.529,0.96522,0.96534,4.35,2.06
2017.07.12 18:38:19.290,0.96522,0.96533,4.35,1.00
2017.07.12 18:38:19.798,0.96522,0.96533,2.85,1.00
2017.07.12 18:38:20.464,0.96522,0.96533,4.35,1.00
2017.07.12 18:38:21.004,0.96522,0.96534,3.97,2.44
2017.07.12 18:38:21.530,0.96522,0.96533,3.97,1.00
2017.07.12 18:38:22.169,0.96522,0.96533,2.10,1.12
2017.07.12 18:38:22.743,0.96522,0.96533,3.60,1.12
2017.07.12 18:38:24.034,0.96522,0.96533,1.35,2.25
2017.07.12 18:38:24.684,0.96522,0.96533,1.35,1.37
2017.07.12 18:38:28.908,0.96521,0.96532,1.30,1.31
2017.07.12 18:38:30.084,0.96521,0.96532,2.47,1.31
2017.07.12 18:38:32.780,0.96521,0.96533,1.72,2.81
2017.07.12 18:38:36.341,0.96521,0.96532,2.66,1.31
2017.07.12 18:38:47.478,0.96521,0.96532,1.30,2.06
2017.07.12 18:38:51.610,0.96521,0.96532,2.66,1.31
2017.07.12 18:38:53.688,0.96522,0.96533,1.35,1.12
2017.07.12 18:38:54.201,0.96522,0.96533,2.10,2.06
2017.07.12 18:38:57.599,0.96521,0.96532,1.72,1.62
2017.07.12 18:38:58.111,0.9652,0.96531,2.10,2.06
2017.07.12 18:38:58.829,0.96519,0.96531,3.41,2.06
2017.07.12 18:39:00.185,0.96519,0.96531,2.66,3.56
2017.07.12 18:39:00.492,0.96517,0.96527,1.30,1.50
2017.07.12 18:39:02.021,0.96516,0.96528,2.47,2.81
2017.07.12 18:39:02.430,0.96519,0.96529,1.00,3.75
2017.07.12 18:39:02.584,0.96521,0.9653,2.85,1.00
2017.07.12 18:39:02.899,0.96522,0.96533,1.05,1.87
2017.07.12 18:39:03.421,0.96521,0.96532,3.41,1.37
2017.07.12 18:39:04.961,0.96523,0.96532,2.10,1.50
2017.07.12 18:39:05.268,0.96524,0.96534,2.10,1.50
2017.07.12 18:39:05.848,0.96525,0.96534,2.10,1.12
2017.07.12 18:39:06.889,0.96524,0.96534,2.10,1.12
2017.07.12 18:39:07.430,0.96523,0.96534,3.04,1.12
2017.07.12 18:39:10.189,0.96522,0.96534,2.47,3.00
2017.07.12 18:39:10.446,0.96521,0.96533,1.72,3.56
2017.07.12 18:39:10.981,0.9652,0.96532,5.85,2.06
2017.07.12 18:39:11.301,0.96527,0.96532,1.12,1.00
2017.07.12 18:39:11.404,0.96529,0.96538,1.00,3.00
2017.07.12 18:39:11.507,0.96529,0.9654,1.00,1.69
2017.07.12 18:39:11.609,0.96532,0.96542,1.00,2.81
2017.07.12 18:39:11.762,0.96532,0.96543,1.00,3.75
2017.07.12 18:39:12.265,0.96533,0.96543,2.10,2.25
2017.07.12 18:39:16.903,0.96533,0.96543,2.10,3.56
2017.07.12 18:39:20.451,0.96533,0.96543,2.10,1.37
2017.07.12 18:39:20.808,0.96529,0.96535,1.12,1.12
2017.07.12 18:39:20.859,0.96528,0.96534,1.00,1.25
2017.07.12 18:39:21.017,0.96522,0.96533,3.00,2.25
2017.07.12 18:39:21.528,0.96522,0.96534,1.35,6.75
2017.07.12 18:39:22.281,0.96523,0.96533,1.35,1.69
2017.07.12 18:39:22.802,0.96523,0.96533,3.04,1.69
2017.07.12 18:39:23.345,0.96523,0.96533,1.25,1.00
2017.07.12 18:39:23.858,0.96523,0.96534,3.41,1.87
2017.07.12 18:39:29.030,0.96522,0.96534,4.54,3.00
2017.07.12 18:39:30.259,0.96523,0.96534,2.10,1.87
2017.07.12 18:39:31.040,0.96522,0.96534,4.54,2.25
2017.07.12 18:39:32.216,0.96524,0.96533,1.00,1.12
2017.07.12 18:39:32.729,0.96523,0.96534,1.30,3.37
2017.07.12 18:39:35.784,0.96523,0.96533,1.30,1.00
2017.07.12 18:39:41.482,0.96523,0.96534,3.60,1.62
2017.07.12 18:39:44.360,0.96524,0.96534,1.35,2.62
2017.07.12 18:39:46.526,0.96522,0.96534,3.41,3.37
2017.07.12 18:39:47.174,0.96523,0.96534,3.41,2.44
2017.07.12 18:39:50.932,0.96523,0.96534,2.10,4.69
2017.07.12 18:39:51.441,0.96523,0.96534,1.30,3.56
2017.07.12 18:39:52.697,0.96524,0.96534,1.00,3.56
2017.07.12 18:39:53.369,0.96523,0.96534,2.47,3.19
2017.07.12 18:39:53.909,0.96523,0.96533,1.35,1.00
2017.07.12 18:39:54.114,0.96521,0.96532,1.30,4.69
2017.07.12 18:39:54.631,0.96522,0.96532,1.00,3.94
2017.07.12 18:39:55.279,0.96521,0.96532,1.00,3.94
2017.07.12 18:39:55.792,0.9652,0.96531,2.47,1.31
2017.07.12 18:39:58.788,0.9652,0.96531,1.30,1.62
2017.07.12 18:40:00.609,0.96519,0.96526,1.37,1.87
2017.07.12 18:40:00.662,0.96516,0.96526,3.00,2.62
2017.07.12 18:40:00.715,0.96516,0.96526,1.00,3.37
2017.07.12 18:40:01.136,0.96515,0.96524,1.50,1.00
2017.07.12 18:40:01.562,0.96515,0.96526,1.50,2.25
2017.07.12 18:40:02.076,0.96515,0.96525,1.12,1.00
2017.07.12 18:40:02.599,0.96515,0.96524,1.12,1.00
2017.07.12 18:40:05.712,0.96515,0.96525,1.12,1.50
2017.07.12 18:40:06.287,0.96515,0.96524,1.12,1.00
2017.07.12 18:40:06.746,0.96515,0.96526,1.87,2.44
2017.07.12 18:40:06.798,0.96518,0.96526,1.35,2.62
2017.07.12 18:40:07.107,0.96524,0.96535,2.10,6.75
2017.07.12 18:40:07.625,0.96524,0.96534,1.72,2.81
2017.07.12 18:40:14.702,0.96525,0.96533,2.47,1.25
2017.07.12 18:40:14.754,0.96525,0.96533,1.00,1.00
2017.07.12 18:40:14.856,0.96523,0.96533,1.35,1.00
2017.07.12 18:40:15.367,0.96523,0.96534,1.30,2.81
2017.07.12 18:40:16.989,0.96525,0.96534,1.00,1.25
2017.07.12 18:40:17.245,0.96529,0.96541,4.16,1.50
2017.07.12 18:40:20.130,0.96529,0.96541,1.16,1.62
2017.07.12 18:40:21.727,0.96529,0.96541,1.16,1.62
2017.07.12 18:40:22.766,0.96528,0.96541,2.47,3.56
2017.07.12 18:40:23.303,0.96528,0.96541,1.54,4.31
2017.07.12 18:40:23.998,0.96528,0.9654,1.25,2.06
2017.07.12 18:40:29.063,0.96527,0.9654,1.25,3.19
2017.07.12 18:40:30.530,0.96527,0.9654,2.06,3.19
2017.07.12 18:40:31.143,0.96527,0.9654,1.69,3.19
2017.07.12 18:40:52.126,0.96527,0.9654,1.72,1.37
2017.07.12 18:40:52.695,0.96527,0.96539,3.04,2.44
2017.07.12 18:40:53.298,0.96527,0.96539,3.04,2.44
2017.07.12 18:40:54.453,0.96526,0.96536,2.62,1.50
2017.07.12 18:40:54.556,0.96524,0.96535,4.12,1.25
2017.07.12 18:40:54.710,0.96523,0.96535,2.06,1.00
2017.07.12 18:40:55.221,0.96525,0.96536,1.62,1.37
2017.07.12 18:40:55.391,0.96524,0.96535,1.00,1.00
2017.07.12 18:40:55.902,0.96523,0.96534,2.44,1.25
2017.07.12 18:40:56.724,0.96523,0.96534,1.00,1.00
2017.07.12 18:40:57.999,0.96523,0.96534,1.54,1.25
2017.07.12 18:40:58.513,0.96523,0.96534,1.12,2.06
2017.07.12 18:41:02.566,0.96521,0.96534,2.29,4.12
2017.07.12 18:41:02.720,0.96523,0.96534,1.69,1.62
2017.07.12 18:41:02.772,0.96523,0.96535,2.06,3.19
2017.07.12 18:41:03.345,0.96523,0.96536,3.04,3.37
2017.07.12 18:41:03.868,0.96523,0.96536,3.04,5.06
2017.07.12 18:41:06.770,0.96523,0.96535,1.00,1.72
2017.07.12 18:41:07.298,0.96522,0.96536,6.04,5.66
2017.07.12 18:41:07.807,0.96523,0.96535,1.69,1.25
2017.07.12 18:41:08.323,0.96523,0.96535,1.12,4.54
2017.07.12 18:41:09.103,0.96523,0.96535,1.69,2.81
2017.07.12 18:41:09.620,0.96523,0.96534,1.00,2.06
2017.07.12 18:41:12.061,0.96522,0.96534,2.81,2.06
2017.07.12 18:41:12.371,0.96521,0.96532,1.69,1.50
2017.07.12 18:41:12.906,0.96521,0.96533,1.69,4.31
2017.07.12 18:41:16.958,0.96521,0.96532,1.25,1.00
2017.07.12 18:41:29.916,0.9652,0.96531,1.37,1.87
2017.07.12 18:41:29.968,0.96519,0.96531,1.12,2.62
2017.07.12 18:41:32.758,0.96519,0.96531,2.44,2.44
2017.07.12 18:41:38.097,0.96519,0.96531,1.31,1.62
2017.07.12 18:41:38.653,0.96519,0.96531,1.69,1.31
2017.07.12 18:41:40.309,0.96519,0.96531,1.31,1.62
2017.07.12 18:41:40.825,0.96518,0.96531,6.04,2.06
2017.07.12 18:41:47.176,0.96518,0.9653,1.00,5.29
2017.07.12 18:41:47.726,0.96518,0.9653,1.31,4.91
2017.07.12 18:41:50.005,0.96517,0.96529,1.62,3.04
2017.07.12 18:41:50.825,0.96517,0.9653,2.44,1.72
2017.07.12 18:41:52.760,0.96517,0.96528,1.31,1.50
2017.07.12 18:41:53.294,0.96518,0.96529,1.12,1.50
2017.07.12 18:41:53.803,0.96518,0.9653,2.06,2.62
2017.07.12 18:41:55.464,0.96518,0.96529,1.25,1.30
2017.07.12 18:41:57.889,0.96518,0.9653,1.12,4.91
2017.07.12 18:42:00.333,0.96518,0.96529,1.00,1.30
2017.07.12 18:42:02.705,0.96518,0.9653,1.37,3.79
2017.07.12 18:42:06.327,0.96519,0.96531,1.31,1.00
2017.07.12 18:42:08.173,0.96519,0.96531,2.06,1.00
2017.07.12 18:42:16.022,0.96519,0.96532,1.25,6.97
2017.07.12 18:42:16.646,0.96519,0.96531,1.31,1.00
2017.07.12 18:42:22.290,0.9652,0.96532,2.06,2.81
2017.07.12 18:42:22.806,0.9652,0.96533,3.19,7.54
2017.07.12 18:42:23.732,0.96521,0.96533,1.19,2.81
2017.07.12 18:42:24.673,0.96523,0.96533,1.25,1.00
2017.07.12 18:42:25.183,0.96523,0.96534,1.25,1.25
2017.07.12 18:42:27.104,0.96522,0.96533,1.12,1.00
2017.07.12 18:42:27.614,0.96523,0.96535,1.50,8.10
2017.07.12 18:42:28.951,0.96522,0.96535,1.87,8.10
2017.07.12 18:42:31.506,0.96523,0.96535,1.00,7.50
2017.07.12 18:42:31.854,0.96525,0.96536,3.97,4.69
2017.07.12 18:42:31.906,0.96525,0.96537,2.66,4.31
2017.07.12 18:42:32.700,0.96527,0.96537,1.00,3.00
2017.07.12 18:42:33.058,0.96525,0.96537,2.44,1.50
2017.07.12 18:42:33.428,0.96527,0.96538,4.31,1.31
2017.07.12 18:42:33.890,0.96529,0.9654,1.87,3.75
2017.07.12 18:42:34.043,0.96528,0.96541,2.29,4.31
2017.07.12 18:42:34.554,0.96528,0.9654,2.85,1.25
2017.07.12 18:42:34.999,0.96528,0.9654,2.10,1.25
2017.07.12 18:42:41.352,0.96528,0.9654,3.94,1.31
2017.07.12 18:42:41.974,0.96528,0.96541,3.94,2.89
2017.07.12 18:42:46.286,0.96529,0.9654,1.87,1.00
2017.07.12 18:42:46.796,0.96529,0.96541,1.00,2.70
2017.07.12 18:42:48.142,0.96528,0.9654,1.87,1.29
2017.07.12 18:42:48.399,0.96528,0.96541,1.69,5.55
2017.07.12 18:42:48.904,0.96528,0.9654,1.50,1.25
2017.07.12 18:42:50.562,0.96528,0.96541,1.69,5.85
2017.07.12 18:42:59.887,0.96529,0.96541,2.44,3.04
2017.07.12 18:43:00.427,0.96529,0.96541,3.19,1.69
2017.07.12 18:43:02.713,0.96529,0.96541,3.19,1.00
2017.07.12 18:43:03.247,0.96529,0.96542,4.54,4.31
2017.07.12 18:43:04.807,0.96531,0.96542,1.69,3.04
2017.07.12 18:43:05.316,0.96531,0.96542,2.44,1.72
2017.07.12 18:43:11.816,0.96531,0.96542,2.81,1.00
2017.07.12 18:43:13.685,0.96532,0.96543,2.81,1.50
2017.07.12 18:43:13.790,0.96534,0.96544,2.85,3.00
2017.07.12 18:43:13.949,0.96534,0.96546,2.85,1.37
2017.07.12 18:43:14.478,0.96534,0.96546,2.06,2.06
2017.07.12 18:43:14.983,0.96534,0.96547,1.69,5.66
2017.07.12 18:43:17.498,0.96533,0.96544,1.87,1.31
2017.07.12 18:43:17.662,0.96532,0.96543,1.50,1.87
2017.07.12 18:43:18.173,0.96533,0.96543,1.00,1.50
2017.07.12 18:43:18.740,0.96532,0.96543,2.81,1.87
2017.07.12 18:43:22.490,0.96533,0.96543,1.25,1.25
2017.07.12 18:43:22.643,0.96533,0.96545,5.06,1.69
2017.07.12 18:43:22.745,0.96535,0.96546,1.00,2.25
2017.07.12 18:43:22.797,0.96535,0.96547,1.00,2.81
2017.07.12 18:43:23.338,0.96534,0.96547,3.97,4.54
2017.07.12 18:43:23.685,0.96538,0.96548,1.50,1.12
2017.07.12 18:43:23.946,0.9654,0.96551,2.10,1.12
2017.07.12 18:43:24.459,0.96539,0.96552,1.12,3.56
2017.07.12 18:43:25.359,0.96539,0.96551,1.00,2.06
2017.07.12 18:43:32.752,0.9654,0.96552,1.69,3.37
2017.07.12 18:43:44.408,0.9654,0.96552,2.25,1.37
2017.07.12 18:43:47.130,0.9654,0.96547,1.50,1.00
2017.07.12 18:43:47.653,0.96539,0.96548,1.50,1.00
2017.07.12 18:43:47.705,0.96539,0.9655,1.50,2.06
2017.07.12 18:43:48.215,0.96538,0.96549,1.00,1.25
2017.07.12 18:43:52.707,0.96538,0.9655,1.00,2.62
2017.07.12 18:43:54.706,0.96539,0.96551,1.50,3.56
2017.07.12 18:43:55.465,0.96539,0.96551,1.87,2.81
2017.07.12 18:44:00.643,0.96541,0.96552,1.00,3.19
2017.07.12 18:44:02.636,0.96539,0.96552,1.30,5.06
2017.07.12 18:44:07.823,0.96537,0.96546,1.75,1.69
2017.07.12 18:44:07.976,0.96534,0.96543,2.25,1.54
2017.07.12 18:44:08.481,0.96534,0.96542,2.25,1.25
2017.07.12 18:44:08.992,0.96534,0.96543,2.25,3.56
2017.07.12 18:44:09.192,0.96532,0.96543,1.00,3.56
2017.07.12 18:44:09.397,0.96534,0.96544,1.50,3.00
2017.07.12 18:44:09.912,0.96534,0.96544,1.69,1.00
2017.07.12 18:44:10.938,0.96532,0.96543,2.25,1.31
2017.07.12 18:44:11.148,0.96531,0.96541,1.00,1.00
2017.07.12 18:44:11.658,0.9653,0.96542,1.50,3.19
2017.07.12 18:44:13.317,0.96529,0.96542,3.75,5.10
2017.07.12 18:44:13.623,0.96528,0.96539,1.00,2.81
2017.07.12 18:44:15.713,0.96528,0.96539,1.87,2.81
2017.07.12 18:44:16.224,0.96528,0.96538,1.87,1.31
2017.07.12 18:44:17.709,0.96527,0.96536,1.12,7.35
2017.07.12 18:44:17.964,0.96525,0.96537,3.94,2.06
2017.07.12 18:44:18.528,0.96525,0.96537,5.25,2.06
2017.07.12 18:44:21.908,0.96525,0.96536,3.56,1.00
2017.07.12 18:44:22.417,0.96526,0.96535,2.25,2.25
2017.07.12 18:44:22.928,0.96526,0.96535,2.25,2.25
2017.07.12 18:44:24.249,0.96524,0.96535,2.44,3.19
2017.07.12 18:44:24.455,0.96527,0.96535,1.00,2.25
2017.07.12 18:44:24.966,0.96526,0.96537,1.12,5.81
2017.07.12 18:44:25.487,0.96525,0.96537,2.44,5.06
2017.07.12 18:44:30.942,0.96526,0.96537,4.12,2.25
2017.07.12 18:44:32.513,0.96527,0.96537,1.72,2.25
2017.07.12 18:44:32.670,0.96528,0.9654,2.66,2.81
2017.07.12 18:44:32.722,0.9653,0.9654,1.50,2.81
2017.07.12 18:44:36.643,0.96529,0.9654,2.44,1.69
2017.07.12 18:44:36.796,0.96529,0.96541,2.62,1.69
2017.07.12 18:44:37.764,0.9653,0.9654,1.87,2.25
2017.07.12 18:44:38.672,0.96529,0.9654,2.62,5.06
2017.07.12 18:44:39.755,0.96529,0.9654,1.87,4.31
2017.07.12 18:44:41.085,0.96529,0.9654,1.87,4.31
2017.07.12 18:44:41.609,0.96529,0.9654,1.87,4.31
2017.07.12 18:44:43.787,0.96529,0.96538,1.87,2.25
2017.07.12 18:44:46.797,0.96527,0.96538,3.75,1.69
2017.07.12 18:44:47.446,0.96527,0.96537,2.62,1.25
2017.07.12 18:44:55.128,0.96529,0.96537,1.87,2.25
2017.07.12 18:44:55.535,0.96529,0.96539,1.87,2.44
2017.07.12 18:44:59.150,0.96529,0.96538,1.87,1.00
2017.07.12 18:44:59.667,0.96529,0.96539,1.87,3.94
2017.07.12 18:45:00.481,0.96528,0.96538,2.62,1.00
2017.07.12 18:45:01.018,0.96529,0.96539,1.87,2.44
2017.07.12 18:45:01.545,0.96529,0.96539,1.87,1.50
2017.07.12 18:45:01.852,0.96534,0.96539,2.10,1.00
2017.07.12 18:45:02.255,0.96534,0.96543,1.12,1.00
2017.07.12 18:45:02.667,0.96531,0.96542,2.25,2.06
2017.07.12 18:45:02.770,0.96531,0.96542,1.87,1.50
2017.07.12 18:45:03.283,0.96531,0.96542,1.87,2.06
2017.07.12 18:45:08.885,0.9653,0.96542,1.31,2.06
2017.07.12 18:45:08.988,0.96531,0.96542,1.37,1.12
2017.07.12 18:45:09.399,0.96534,0.96543,1.31,1.00
2017.07.12 18:45:10.023,0.96534,0.96544,1.69,2.06
2017.07.12 18:45:19.871,0.96534,0.96544,1.00,1.50
2017.07.12 18:45:23.161,0.96534,0.96545,1.87,4.31
2017.07.12 18:45:23.701,0.96536,0.96545,1.00,5.44
2017.07.12 18:45:24.212,0.96534,0.96545,1.50,3.19
2017.07.12 18:45:26.116,0.96534,0.96544,1.12,2.81
2017.07.12 18:45:28.848,0.96534,0.96545,1.87,4.31
2017.07.12 18:45:29.649,0.96534,0.96542,4.12,1.00
2017.07.12 18:45:30.433,0.96534,0.96543,2.25,1.00
2017.07.12 18:45:32.703,0.96536,0.96542,1.00,1.00
2017.07.12 18:45:33.173,0.96534,0.96542,2.06,1.00
2017.07.12 18:45:33.333,0.96536,0.96542,1.00,1.00
2017.07.12 18:45:33.487,0.96532,0.96542,1.12,2.10
2017.07.12 18:45:33.852,0.96534,0.96543,3.00,1.12
2017.07.12 18:45:38.137,0.96534,0.96544,1.87,1.25
2017.07.12 18:45:38.753,0.96533,0.96543,9.22,1.00
2017.07.12 18:45:41.116,0.96533,0.96543,9.22,1.00
2017.07.12 18:45:41.721,0.96534,0.96543,1.50,1.00
2017.07.12 18:45:53.706,0.96536,0.96543,1.00,1.25
2017.07.12 18:45:54.196,0.96534,0.96542,1.50,2.29
2017.07.12 18:45:54.248,0.96532,0.96541,1.12,1.05
2017.07.12 18:45:54.409,0.9653,0.9654,1.00,1.69
2017.07.12 18:45:57.329,0.96529,0.9654,1.87,1.31
2017.07.12 18:45:58.055,0.9653,0.9654,1.37,1.31
2017.07.12 18:45:58.364,0.96534,0.96543,1.00,1.25
2017.07.12 18:46:13.031,0.96534,0.96544,1.87,2.06
2017.07.12 18:46:16.411,0.96534,0.96543,1.87,1.00
2017.07.12 18:46:16.564,0.96535,0.96545,2.06,1.25
2017.07.12 18:46:17.230,0.96536,0.96545,1.00,1.25
2017.07.12 18:46:18.374,0.96537,0.96545,1.00,1.25
2017.07.12 18:46:18.886,0.96536,0.96545,1.30,1.00
2017.07.12 18:46:19.486,0.96535,0.96545,3.60,1.00
2017.07.12 18:46:22.753,0.96537,0.96545,1.00,1.00
2017.07.12 18:46:22.855,0.96535,0.96545,2.47,1.00
2017.07.12 18:46:23.371,0.96535,0.96546,1.72,1.12
2017.07.12 18:46:23.651,0.9654,0.96547,1.00,1.25
2017.07.12 18:46:23.703,0.9654,0.96549,1.00,1.12
2017.07.12 18:46:24.215,0.96539,0.96549,6.04,1.12
2017.07.12 18:46:24.830,0.9654,0.96551,1.00,1.37
2017.07.12 18:46:25.143,0.96539,0.96551,4.72,1.12
2017.07.12 18:46:25.297,0.96539,0.96551,2.25,1.37
2017.07.12 18:46:26.583,0.96539,0.96551,1.50,2.81
2017.07.12 18:46:33.652,0.96543,0.96552,1.00,4.12
2017.07.12 18:46:33.908,0.96545,0.96555,1.87,1.00
2017.07.12 18:46:39.448,0.96545,0.96556,1.12,2.25
2017.07.12 18:46:40.026,0.96545,0.96555,1.87,1.00
2017.07.12 18:46:41.714,0.96545,0.96555,1.87,1.00
2017.07.12 18:46:42.224,0.96545,0.96555,1.00,1.00
2017.07.12 18:46:42.725,0.96546,0.96555,1.69,1.25
2017.07.12 18:46:43.272,0.96546,0.96556,1.00,1.25
2017.07.12 18:46:43.785,0.96546,0.96555,1.05,1.25
2017.07.12 18:46:44.416,0.96545,0.96555,3.19,1.25
2017.07.12 18:46:56.931,0.96543,0.96554,2.25,2.25
2017.07.12 18:46:57.878,0.96544,0.96553,1.25,1.25
2017.07.12 18:47:01.053,0.96544,0.96554,1.69,1.50
2017.07.12 18:47:02.607,0.96543,0.96553,8.25,1.00
2017.07.12 18:47:19.419,0.96544,0.96554,1.50,1.25
2017.07.12 18:47:22.782,0.96545,0.96554,1.00,1.00
2017.07.12 18:47:23.400,0.96545,0.96555,1.00,1.25
2017.07.12 18:47:36.334,0.96544,0.96555,1.00,2.44
2017.07.12 18:47:38.127,0.96544,0.96555,1.00,3.00
2017.07.12 18:47:39.384,0.96543,0.96553,6.00,1.00
2017.07.12 18:47:52.715,0.96543,0.96553,4.87,1.12
2017.07.12 18:47:53.260,0.96543,0.96553,5.25,2.25
2017.07.12 18:47:54.681,0.96542,0.96553,4.12,2.44
2017.07.12 18:47:54.735,0.96543,0.96551,1.12,1.00
2017.07.12 18:47:55.613,0.96543,0.96553,4.12,3.19
2017.07.12 18:47:55.922,0.96544,0.96555,3.04,3.19
2017.07.12 18:47:56.471,0.96544,0.96555,2.29,1.25
2017.07.12 18:48:00.374,0.96544,0.96555,1.30,1.12
2017.07.12 18:48:00.694,0.96543,0.96553,4.12,1.12
2017.07.12 18:48:01.203,0.96545,0.96554,1.12,3.00
2017.07.12 18:48:01.732,0.96543,0.96553,6.97,1.12
2017.07.12 18:48:09.392,0.96545,0.96553,1.25,1.25
2017.07.12 18:48:09.913,0.96544,0.96553,1.69,1.25
2017.07.12 18:48:10.474,0.96545,0.96553,1.00,1.25
2017.07.12 18:48:14.787,0.96545,0.96555,1.00,2.62
2017.07.12 18:48:21.884,0.96544,0.96553,2.47,1.00
2017.07.12 18:48:22.407,0.96544,0.96553,1.35,1.00
2017.07.12 18:48:23.350,0.96543,0.96551,2.62,1.50
2017.07.12 18:48:23.759,0.96543,0.96553,6.00,1.00
2017.07.12 18:48:26.071,0.96543,0.96553,7.12,1.00
2017.07.12 18:48:26.606,0.96543,0.96552,1.87,1.50
2017.07.12 18:48:27.136,0.96543,0.96553,1.12,2.25
2017.07.12 18:48:30.254,0.96542,0.96552,1.37,1.00
2017.07.12 18:48:30.408,0.96541,0.96551,3.37,1.00
2017.07.12 18:48:33.903,0.9654,0.9655,1.37,1.62
2017.07.12 18:48:33.954,0.96539,0.9655,1.00,1.62
2017.07.12 18:48:34.465,0.96539,0.9655,1.69,1.25
2017.07.12 18:48:35.998,0.96539,0.9655,1.69,1.85
2017.07.12 18:48:36.562,0.96539,0.9655,2.06,2.44
2017.07.12 18:48:36.868,0.96542,0.96551,1.50,1.12
2017.07.12 18:48:37.379,0.96543,0.96552,1.00,1.50
2017.07.12 18:48:37.960,0.96544,0.96553,1.25,1.25
2017.07.12 18:48:38.342,0.96544,0.96553,2.25,1.00
2017.07.12 18:48:38.854,0.96544,0.96553,2.25,1.00
2017.07.12 18:48:40.828,0.96544,0.96553,1.12,1.00
2017.07.12 18:48:41.037,0.96539,0.9655,1.87,1.72
2017.07.12 18:48:41.428,0.96538,0.9655,2.06,1.62
2017.07.12 18:48:41.938,0.96537,0.96548,3.00,1.00
2017.07.12 18:48:42.738,0.96537,0.96548,2.25,1.00
2017.07.12 18:48:52.761,0.96537,0.96549,1.50,1.72
2017.07.12 18:48:57.462,0.96537,0.96548,1.00,1.00
2017.07.12 18:49:01.154,0.96537,0.96547,1.00,1.50
2017.07.12 18:49:01.681,0.96537,0.96546,1.00,1.25
2017.07.12 18:49:02.242,0.96536,0.96547,1.50,1.25
2017.07.12 18:49:02.788,0.96536,0.96546,1.12,1.25
2017.07.12 18:49:09.421,0.96536,0.96546,2.44,1.25
2017.07.12 18:49:11.953,0.96536,0.96546,1.12,1.25
2017.07.12 18:49:22.858,0.96536,0.96547,2.06,1.69
2017.07.12 18:49:23.444,0.96536,0.96546,1.31,1.25
2017.07.12 18:49:23.996,0.96536,0.96546,1.31,1.25
2017.07.12 18:49:24.604,0.96536,0.96546,2.06,1.25
2017.07.12 18:49:30.193,0.96536,0.96546,1.31,1.25
2017.07.12 18:49:31.098,0.96536,0.96547,2.06,3.19
2017.07.12 18:49:34.681,0.96536,0.96546,2.06,1.25
2017.07.12 18:49:36.525,0.96536,0.96546,1.31,1.25
2017.07.12 18:49:39.718,0.96536,0.96547,2.06,1.69
2017.07.12 18:49:40.675,0.96537,0.96546,1.19,1.25
2017.07.12 18:49:41.214,0.96536,0.96546,3.79,1.25
2017.07.12 18:49:41.799,0.96536,0.96547,3.79,1.31
2017.07.12 18:49:42.539,0.96536,0.96546,3.79,1.25
2017.07.12 18:49:43.361,0.96536,0.96547,6.04,1.31
2017.07.12 18:49:44.463,0.96536,0.96546,6.04,1.25
2017.07.12 18:49:48.297,0.96536,0.96546,3.56,1.25
2017.07.12 18:49:50.773,0.96535,0.96547,3.60,1.69
2017.07.12 18:49:52.489,0.96535,0.96546,2.25,1.00
2017.07.12 18:49:54.706,0.96536,0.96546,1.69,1.31
2017.07.12 18:50:00.907,0.96536,0.96546,1.12,1.25
2017.07.12 18:50:09.725,0.96537,0.96546,1.19,1.25
2017.07.12 18:50:10.762,0.96536,0.96546,1.31,1.25
2017.07.12 18:50:19.446,0.96537,0.96548,1.69,1.69
2017.07.12 18:50:19.973,0.96539,0.96548,1.31,1.25
2017.07.12 18:50:22.069,0.96542,0.9655,2.62,1.31
2017.07.12 18:50:22.172,0.96544,0.96554,1.50,4.69
2017.07.12 18:50:22.224,0.96544,0.96554,1.25,2.06
2017.07.12 18:50:22.429,0.96544,0.96552,1.00,1.12
2017.07.12 18:50:22.736,0.96538,0.96549,2.44,1.54
2017.07.12 18:50:23.238,0.96538,0.96549,4.31,1.31
2017.07.12 18:50:23.454,0.96543,0.96551,1.00,4.69
2017.07.12 18:50:23.557,0.96544,0.96553,1.00,6.19
2017.07.12 18:50:24.084,0.96543,0.96553,4.91,1.31
2017.07.12 18:50:24.629,0.96544,0.96553,1.00,1.25
2017.07.12 18:50:25.141,0.96543,0.96553,4.35,1.50
2017.07.12 18:50:38.724,0.96544,0.96553,1.00,1.00
2017.07.12 18:50:39.251,0.96542,0.96553,7.35,1.12
2017.07.12 18:50:40.752,0.96544,0.96553,1.00,1.12
2017.07.12 18:50:51.435,0.96543,0.96553,2.10,1.12
2017.07.12 18:50:52.500,0.96542,0.96553,4.91,1.12
2017.07.12 18:50:53.257,0.96543,0.96553,1.00,1.12
2017.07.12 18:50:54.083,0.96542,0.96553,7.35,1.00
2017.07.12 18:50:56.716,0.96543,0.96553,1.00,1.00
2017.07.12 18:50:58.925,0.96543,0.96553,5.66,1.25
2017.07.12 18:51:02.782,0.96545,0.96553,1.50,1.25
2017.07.12 18:51:08.728,0.96545,0.96553,2.06,1.25
2017.07.12 18:51:09.477,0.96544,0.96554,5.29,1.25
2017.07.12 18:51:15.687,0.96543,0.96553,3.97,1.00
2017.07.12 18:51:23.734,0.96544,0.96553,1.00,1.00
2017.07.12 18:51:29.384,0.96543,0.96553,8.47,1.00
2017.07.12 18:51:31.375,0.96544,0.96553,1.00,1.00
2017.07.12 18:51:32.965,0.96544,0.96556,3.19,1.00
2017.07.12 18:51:34.015,0.96544,0.96554,3.94,1.25
2017.07.12 18:51:36.651,0.96544,0.96554,4.69,1.25
2017.07.12 18:51:53.730,0.96544,0.96554,1.50,1.00
2017.07.12 18:51:55.499,0.96544,0.96555,2.44,1.30
2017.07.12 18:51:56.505,0.96544,0.96554,2.25,1.00
2017.07.12 18:52:14.868,0.96543,0.96554,4.12,1.00
2017.07.12 18:52:17.724,0.96543,0.96554,4.31,1.25
2017.07.12 18:52:28.318,0.96543,0.96554,1.87,2.10
2017.07.12 18:52:28.648,0.96539,0.96549,1.50,2.66
2017.07.12 18:52:29.158,0.96539,0.96548,1.50,1.00
2017.07.12 18:52:29.892,0.96537,0.96548,3.19,1.00
2017.07.12 18:52:32.434,0.96537,0.96548,5.66,1.25
2017.07.12 18:52:32.588,0.96538,0.9655,1.35,1.12
2017.07.12 18:52:33.122,0.96539,0.96551,1.69,10.54
2017.07.12 18:52:39.784,0.96538,0.9655,1.91,2.81
2017.07.12 18:52:40.301,0.96539,0.9655,1.12,1.69
2017.07.12 18:52:40.661,0.96543,0.96551,1.00,3.37
2017.07.12 18:52:40.815,0.96543,0.96554,1.87,1.50
2017.07.12 18:52:41.328,0.96544,0.96554,1.00,1.25
2017.07.12 18:52:42.268,0.96543,0.96554,3.04,1.25
2017.07.12 18:52:42.777,0.96544,0.96554,1.00,1.25
2017.07.12 18:52:43.284,0.96543,0.96554,2.25,1.00
2017.07.12 18:52:44.560,0.96543,0.96554,3.94,1.25
2017.07.12 18:52:45.068,0.96543,0.96554,3.73,1.00
2017.07.12 18:52:45.221,0.96543,0.96551,2.01,2.25
2017.07.12 18:52:45.325,0.96541,0.96551,1.12,3.60
2017.07.12 18:52:45.484,0.96538,0.9655,4.87,1.72
2017.07.12 18:52:45.586,0.9654,0.96549,1.69,1.25
2017.07.12 18:52:46.258,0.96539,0.96549,2.81,1.25
2017.07.12 18:52:47.703,0.96543,0.96551,1.69,1.00
2017.07.12 18:52:47.806,0.96543,0.96553,2.29,1.12
2017.07.12 18:52:48.317,0.96544,0.96554,1.00,3.94
2017.07.12 18:52:53.170,0.96544,0.96554,2.06,1.25
2017.07.12 18:52:57.480,0.96544,0.96554,1.69,1.25
2017.07.12 18:52:57.646,0.96541,0.96551,3.00,1.00
2017.07.12 18:52:57.851,0.96538,0.96549,1.87,1.35
2017.07.12 18:52:58.364,0.96537,0.96549,1.69,1.54
2017.07.12 18:52:59.649,0.96537,0.96548,1.69,3.75
2017.07.12 18:53:00.342,0.96537,0.96548,2.44,3.75
2017.07.12 18:53:02.280,0.96536,0.96543,1.50,3.75
2017.07.12 18:53:02.382,0.96531,0.96541,2.62,1.00
2017.07.12 18:53:02.740,0.96533,0.96543,3.19,3.75
2017.07.12 18:53:03.794,0.96534,0.96543,1.87,3.75
2017.07.12 18:53:04.303,0.96534,0.96545,1.87,1.00
2017.07.12 18:53:07.373,0.96535,0.96545,2.81,1.25
2017.07.12 18:53:11.178,0.96534,0.96545,3.09,1.00
2017.07.12 18:53:11.384,0.96533,0.96543,2.44,1.25
2017.07.12 18:53:11.920,0.96534,0.96543,1.25,1.25
2017.07.12 18:53:14.819,0.96533,0.96543,2.06,1.25
2017.07.12 18:53:17.734,0.96534,0.96543,1.25,1.25
2017.07.12 18:53:18.994,0.96533,0.96543,3.75,1.00
2017.07.12 18:53:21.334,0.96534,0.96543,1.25,1.25
2017.07.12 18:53:22.746,0.96533,0.96543,4.12,1.00
2017.07.12 18:53:26.220,0.96534,0.96543,1.12,1.25
2017.07.12 18:53:29.998,0.96533,0.96544,1.87,1.00
2017.07.12 18:53:30.541,0.96533,0.96543,2.25,1.00
2017.07.12 18:53:32.835,0.96532,0.96543,3.07,1.00
2017.07.12 18:53:32.989,0.96534,0.96543,1.12,1.25
2017.07.12 18:53:33.092,0.96532,0.96543,3.00,1.00
2017.07.12 18:53:33.196,0.96532,0.96541,1.00,1.00
2017.07.12 18:53:33.402,0.96528,0.96539,4.69,1.00
2017.07.12 18:53:33.759,0.96528,0.96539,4.12,1.75
2017.07.12 18:53:34.303,0.96528,0.96539,7.12,2.00
2017.07.12 18:53:35.539,0.96528,0.96539,6.75,1.25
2017.07.12 18:53:36.943,0.96528,0.9654,3.00,1.35
2017.07.12 18:53:39.311,0.96528,0.96539,3.75,1.00
2017.07.12 18:53:42.394,0.96528,0.9654,1.37,3.79
2017.07.12 18:53:42.751,0.96527,0.96539,1.69,2.06
2017.07.12 18:53:43.428,0.96527,0.96537,1.69,1.00
2017.07.12 18:53:45.587,0.96528,0.96539,1.00,1.31
2017.07.12 18:53:46.099,0.96528,0.9654,1.35,5.06
2017.07.12 18:53:47.104,0.96528,0.96539,1.54,1.25
2017.07.12 18:53:48.076,0.96529,0.96539,1.00,1.25
2017.07.12 18:53:48.598,0.96528,0.96539,2.29,1.31
2017.07.12 18:53:51.149,0.96528,0.9654,2.10,3.56
2017.07.12 18:53:51.203,0.96529,0.96539,2.29,1.25
2017.07.12 18:53:51.408,0.96528,0.9654,1.00,2.44
2017.07.12 18:53:52.745,0.96528,0.96539,1.54,1.25
2017.07.12 18:53:53.494,0.96528,0.9654,1.35,4.69
2017.07.12 18:53:54.480,0.96528,0.96539,1.25,1.25
2017.07.12 18:53:54.712,0.96529,0.96539,2.62,1.31
2017.07.12 18:53:56.027,0.96529,0.96539,2.85,1.25
2017.07.12 18:53:58.694,0.96529,0.96539,2.66,1.25
2017.07.12 18:53:59.806,0.96529,0.96539,1.72,1.25
2017.07.12 18:54:02.745,0.9653,0.96539,1.54,1.25
2017.07.12 18:54:03.372,0.96529,0.96539,2.66,1.25
2017.07.12 18:54:03.889,0.96529,0.96539,3.04,1.25
2017.07.12 18:54:04.403,0.96529,0.96539,1.54,1.25
2017.07.12 18:54:04.733,0.9653,0.96539,1.19,1.25
2017.07.12 18:54:05.264,0.96529,0.96539,1.30,1.00
2017.07.12 18:54:06.436,0.9653,0.96539,1.00,1.25
2017.07.12 18:54:07.036,0.96529,0.96539,2.66,1.25
2017.07.12 18:54:08.735,0.96529,0.96539,2.85,1.25
2017.07.12 18:54:08.964,0.96528,0.96539,3.79,1.25
2017.07.12 18:54:15.317,0.96529,0.96539,1.00,1.31
2017.07.12 18:54:17.827,0.96529,0.96539,1.69,1.25
2017.07.12 18:54:22.649,0.96529,0.9654,1.91,1.25
2017.07.12 18:54:22.701,0.96531,0.96539,1.25,1.25
2017.07.12 18:54:23.903,0.96531,0.9654,1.00,1.25
2017.07.12 18:54:24.213,0.96529,0.96539,2.85,1.00
2017.07.12 18:54:25.497,0.96528,0.96539,4.50,1.25
2017.07.12 18:54:28.657,0.96528,0.9654,1.50,6.41
2017.07.12 18:54:29.704,0.96528,0.9654,1.50,6.41
2017.07.12 18:54:29.807,0.96526,0.96538,1.00,3.22
2017.07.12 18:54:30.216,0.96525,0.96536,1.25,2.25
2017.07.12 18:54:32.746,0.96526,0.96537,1.25,3.94
2017.07.12 18:54:32.798,0.96528,0.96538,1.00,6.19
2017.07.12 18:54:35.241,0.96528,0.96538,1.12,1.69
2017.07.12 18:54:42.894,0.96528,0.96537,1.12,1.25
2017.07.12 18:55:02.160,0.96526,0.96537,3.37,1.25
2017.07.12 18:55:02.212,0.96526,0.96534,2.25,1.50
2017.07.12 18:55:02.437,0.96521,0.96532,3.04,1.25
2017.07.12 18:55:02.747,0.96524,0.96534,5.25,1.87
2017.07.12 18:55:02.901,0.96528,0.96538,1.00,2.06
2017.07.12 18:55:03.362,0.96525,0.96538,3.22,4.50
2017.07.12 18:55:03.580,0.96527,0.96538,2.10,3.56
2017.07.12 18:55:04.361,0.96528,0.96538,2.06,1.31
2017.07.12 18:55:05.371,0.96528,0.96538,2.81,1.25
2017.07.12 18:55:08.453,0.96528,0.96539,1.87,1.31
2017.07.12 18:55:09.871,0.96528,0.96538,1.12,2.25
2017.07.12 18:55:10.630,0.96526,0.96538,3.79,3.37
2017.07.12 18:55:11.164,0.96527,0.96538,1.25,3.19
2017.07.12 18:55:17.230,0.96528,0.96538,1.12,1.00
2017.07.12 18:55:17.845,0.96528,0.96538,2.25,1.00
2017.07.12 18:55:20.338,0.96528,0.96539,2.25,1.12
2017.07.12 18:55:22.915,0.96528,0.96538,1.31,1.25
2017.07.12 18:55:29.432,0.96529,0.96538,2.06,1.31
2017.07.12 18:55:33.482,0.96528,0.96538,2.06,1.25
2017.07.12 18:55:39.670,0.96527,0.96538,1.12,1.00
2017.07.12 18:55:42.807,0.96526,0.96538,3.00,1.35
2017.07.12 18:55:44.281,0.96527,0.96538,1.00,1.35
2017.07.12 18:55:44.332,0.96526,0.96536,4.50,1.00
2017.07.12 18:55:44.658,0.96524,0.96534,1.87,1.24
2017.07.12 18:55:44.761,0.96522,0.96533,1.00,4.54
2017.07.12 18:55:44.863,0.9652,0.96529,1.12,1.00
2017.07.12 18:55:45.490,0.96519,0.96529,1.25,1.25
2017.07.12 18:55:46.801,0.96518,0.96529,1.31,1.31
2017.07.12 18:55:55.154,0.96518,0.96528,1.00,1.00
2017.07.12 18:55:59.533,0.96517,0.96527,1.87,1.00
2017.07.12 18:56:01.747,0.96516,0.96524,1.37,1.69
2017.07.12 18:56:01.849,0.96509,0.9652,2.44,2.48
2017.07.12 18:56:01.902,0.96509,0.96518,1.25,1.50
2017.07.12 18:56:02.055,0.96509,0.9652,1.00,2.66
2017.07.12 18:56:02.957,0.9651,0.9652,1.69,1.69
2017.07.12 18:56:03.471,0.96508,0.9652,4.69,1.69
2017.07.12 18:56:05.635,0.9651,0.9652,1.69,2.06
2017.07.12 18:56:05.687,0.96511,0.9652,1.19,1.00
2017.07.12 18:56:06.205,0.9651,0.96521,3.56,2.25
2017.07.12 18:56:08.780,0.96511,0.96522,1.25,3.26
2017.07.12 18:56:09.296,0.9651,0.96522,2.06,3.26
2017.07.12 18:56:11.827,0.9651,0.96521,2.06,2.25
2017.07.12 18:56:12.352,0.9651,0.9652,2.06,1.25
2017.07.12 18:56:18.010,0.96508,0.9652,1.37,5.25
2017.07.12 18:56:18.528,0.96508,0.9652,1.12,5.32
2017.07.12 18:56:19.047,0.96507,0.9652,4.31,5.32
2017.07.12 18:56:19.393,0.96508,0.96518,1.12,1.00
2017.07.12 18:56:24.182,0.96511,0.9652,1.00,1.12
2017.07.12 18:56:24.490,0.96515,0.96521,1.87,1.00
2017.07.12 18:56:24.592,0.96514,0.96521,2.81,1.00
2017.07.12 18:56:24.747,0.96513,0.96521,1.00,1.00
2017.07.12 18:56:25.017,0.96515,0.96524,2.25,1.00
2017.07.12 18:56:25.682,0.96514,0.96524,1.12,1.00
2017.07.12 18:56:25.837,0.96512,0.96523,1.12,1.00
2017.07.12 18:56:25.940,0.96512,0.96521,1.25,1.25
2017.07.12 18:56:26.458,0.96511,0.96521,2.44,1.25
2017.07.12 18:56:26.784,0.96513,0.96522,1.25,3.75
2017.07.12 18:56:27.617,0.96512,0.96521,1.00,1.00
2017.07.12 18:56:28.138,0.96511,0.96521,1.69,1.25
2017.07.12 18:56:29.021,0.96513,0.96523,1.25,3.56
2017.07.12 18:56:29.531,0.96513,0.96524,2.44,1.31
2017.07.12 18:56:30.130,0.96514,0.96525,1.69,2.06
2017.07.12 18:56:30.469,0.96516,0.96525,3.94,1.25
2017.07.12 18:56:31.004,0.96516,0.96526,3.19,3.75
2017.07.12 18:56:31.983,0.96516,0.96527,3.19,4.69
2017.07.12 18:56:33.683,0.96516,0.96527,3.56,4.69
2017.07.12 18:56:35.122,0.96516,0.96527,4.31,3.75
2017.07.12 18:56:35.625,0.96516,0.96527,4.31,4.69
2017.07.12 18:56:36.048,0.96518,0.96527,3.41,4.69
2017.07.12 18:56:36.571,0.9652,0.96527,2.81,3.75
2017.07.12 18:56:36.675,0.96517,0.96527,3.97,3.75
2017.07.12 18:56:37.709,0.96517,0.96527,2.25,4.50
2017.07.12 18:56:38.257,0.96517,0.96527,2.25,1.50
2017.07.12 18:56:38.854,0.96515,0.96527,3.19,1.50
2017.07.12 18:56:39.007,0.96515,0.96525,3.00,1.00
2017.07.12 18:56:39.521,0.96516,0.96525,2.06,1.25
2017.07.12 18:56:47.882,0.96516,0.96527,3.19,3.19
2017.07.12 18:56:54.355,0.96517,0.96527,1.69,1.25
2017.07.12 18:56:55.062,0.96517,0.96528,1.25,1.25
2017.07.12 18:56:55.420,0.96516,0.96527,1.12,2.62
2017.07.12 18:56:55.950,0.96515,0.96526,1.31,4.69
2017.07.12 18:56:59.507,0.96514,0.96525,3.94,1.00
2017.07.12 18:57:00.026,0.96514,0.96525,2.06,2.44
2017.07.12 18:57:06.816,0.96515,0.96525,1.00,6.56
2017.07.12 18:57:07.426,0.96514,0.96525,2.06,6.56
2017.07.12 18:57:08.736,0.96516,0.96525,1.00,2.25
2017.07.12 18:57:09.056,0.96517,0.96527,1.19,4.69
2017.07.12 18:57:23.841,0.96517,0.96527,3.04,3.19
2017.07.12 18:57:26.310,0.96517,0.96527,3.22,3.00
2017.07.12 18:57:29.439,0.96517,0.96527,1.50,1.00
2017.07.12 18:57:29.746,0.96515,0.96525,3.19,1.25
2017.07.12 18:57:30.263,0.96516,0.96525,3.19,1.25
2017.07.12 18:57:30.774,0.96516,0.96526,3.19,2.25
2017.07.12 18:57:32.806,0.96516,0.96527,3.19,1.25
2017.07.12 18:57:33.584,0.96514,0.96525,3.56,1.00
2017.07.12 18:57:33.892,0.96512,0.96522,1.50,1.50
2017.07.12 18:57:34.431,0.96512,0.96521,1.50,2.25
2017.07.12 18:57:35.319,0.9651,0.9652,3.37,1.00
2017.07.12 18:57:35.990,0.96509,0.96521,2.25,3.56
2017.07.12 18:57:36.973,0.96509,0.9652,2.25,3.75
2017.07.12 18:57:39.804,0.96509,0.9652,2.81,4.69
2017.07.12 18:57:42.203,0.96509,0.9652,2.06,3.94
2017.07.12 18:57:42.459,0.96508,0.96517,3.19,2.25
2017.07.12 18:57:45.099,0.96508,0.9652,3.19,5.44
2017.07.12 18:57:48.155,0.96508,0.96519,5.44,3.75
2017.07.12 18:57:51.129,0.96509,0.9652,1.00,1.50
2017.07.12 18:57:57.209,0.96508,0.96518,3.00,1.00
2017.07.12 18:57:59.388,0.96508,0.96519,1.12,1.00
2017.07.12 18:58:00.299,0.96508,0.96518,1.00,1.72
2017.07.12 18:58:01.334,0.96508,0.96518,1.19,1.25
2017.07.12 18:58:02.792,0.96508,0.96518,1.25,1.25
2017.07.12 18:58:07.772,0.96507,0.96518,1.50,1.30
2017.07.12 18:58:08.273,0.96506,0.96516,2.44,1.25
2017.07.12 18:58:09.955,0.96507,0.96516,1.12,1.00
2017.07.12 18:58:10.058,0.96507,0.96518,2.77,1.50
2017.07.12 18:58:13.701,0.96506,0.96516,1.50,1.00
2017.07.12 18:58:14.723,0.96505,0.96514,2.62,2.25
2017.07.12 18:58:14.826,0.96503,0.96514,1.87,3.00
2017.07.12 18:58:14.980,0.96501,0.96514,1.37,7.54
2017.07.12 18:58:15.286,0.96499,0.9651,2.44,1.25
2017.07.12 18:58:20.108,0.96499,0.9651,1.00,2.25
2017.07.12 18:58:20.416,0.96497,0.96508,3.60,1.00
2017.07.12 18:58:21.104,0.96498,0.96508,1.12,1.00
2017.07.12 18:58:23.780,0.96498,0.96509,1.50,1.25
2017.07.12 18:58:24.854,0.96498,0.96508,1.12,1.00
2017.07.12 18:58:29.283,0.96499,0.9651,1.54,3.19
2017.07.12 18:58:29.795,0.96499,0.9651,1.12,1.37
2017.07.12 18:58:31.176,0.96499,0.9651,2.44,1.25
2017.07.12 18:58:31.715,0.965,0.9651,1.50,1.25
2017.07.12 18:58:38.763,0.96505,0.96511,1.25,3.75
2017.07.12 18:58:38.866,0.96503,0.96511,1.87,3.75
2017.07.12 18:58:39.479,0.96504,0.96511,1.00,3.75
2017.07.12 18:58:40.068,0.96504,0.96514,1.00,2.06
2017.07.12 18:58:44.292,0.96502,0.96514,3.79,4.31
2017.07.12 18:58:45.679,0.96502,0.96513,2.81,1.12
2017.07.12 18:58:52.239,0.96506,0.96514,1.50,1.00
2017.07.12 18:58:52.290,0.96504,0.96514,1.00,1.50
2017.07.12 18:58:52.393,0.96503,0.96512,1.00,1.00
2017.07.12 18:58:52.532,0.96501,0.96512,3.37,1.00
2017.07.12 18:58:52.841,0.96499,0.9651,3.19,1.00
2017.07.12 18:58:52.892,0.96499,0.96509,1.50,2.25
2017.07.12 18:58:53.407,0.96498,0.96509,1.00,2.25
2017.07.12 18:58:55.546,0.96498,0.96508,1.12,1.00
2017.07.12 18:59:00.130,0.96501,0.96509,1.19,1.12
2017.07.12 18:59:00.182,0.965,0.9651,1.87,1.50
2017.07.12 18:59:00.759,0.96499,0.9651,1.12,2.47
2017.07.12 18:59:01.271,0.96498,0.9651,1.87,3.00
2017.07.12 18:59:01.891,0.96498,0.96509,2.10,2.25
2017.07.12 18:59:02.691,0.96498,0.96509,2.62,2.62
2017.07.12 18:59:03.281,0.96498,0.96509,2.10,2.25
2017.07.12 18:59:03.802,0.96498,0.96509,2.10,2.25
2017.07.12 18:59:04.349,0.96498,0.96509,3.04,2.25
2017.07.12 18:59:04.859,0.96498,0.9651,3.04,1.25
2017.07.12 18:59:05.996,0.96497,0.96511,7.27,3.79
2017.07.12 18:59:06.512,0.96498,0.9651,2.25,1.00
2017.07.12 18:59:07.160,0.96498,0.9651,3.75,1.00
2017.07.12 18:59:07.416,0.96497,0.96508,3.52,2.25
2017.07.12 18:59:11.893,0.96497,0.96508,1.50,3.37
2017.07.12 18:59:16.078,0.96497,0.96509,1.84,2.06
2017.07.12 18:59:16.755,0.96496,0.96508,8.02,1.00
2017.07.12 18:59:17.944,0.96497,0.96507,1.27,2.25
2017.07.12 18:59:20.357,0.96496,0.96507,6.94,5.44
2017.07.12 18:59:20.767,0.96496,0.96504,1.00,1.00
2017.07.12 18:59:21.230,0.96492,0.96504,1.69,1.87
2017.07.12 18:59:21.282,0.96491,0.96501,1.50,1.00
2017.07.12 18:59:21.384,0.9649,0.96501,1.87,1.12
2017.07.12 18:59:33.215,0.9649,0.96501,2.06,1.25
2017.07.12 18:59:33.525,0.96496,0.96504,1.12,2.25
2017.07.12 18:59:33.730,0.96495,0.96507,4.31,1.12
2017.07.12 18:59:34.255,0.96497,0.96507,1.12,1.00
2017.07.12 18:59:34.768,0.96496,0.96507,6.60,1.00
2017.07.12 18:59:35.127,0.96498,0.96508,1.00,1.00
2017.07.12 18:59:35.631,0.96498,0.96509,1.00,1.00
2017.07.12 18:59:37.530,0.96499,0.96509,1.00,4.69
2017.07.12 18:59:38.648,0.96498,0.96509,1.00,4.50
2017.07.12 18:59:40.185,0.96497,0.96508,2.25,1.50
2017.07.12 18:59:40.704,0.96497,0.96507,1.12,1.00
2017.07.12 18:59:41.033,0.965,0.96509,1.50,1.25
2017.07.12 18:59:41.809,0.965,0.9651,1.50,4.69
2017.07.12 18:59:42.826,0.965,0.96512,1.50,6.94
2017.07.12 18:59:43.842,0.965,0.96512,3.00,6.64
2017.07.12 18:59:44.370,0.96501,0.96511,1.50,1.25
2017.07.12 18:59:45.227,0.96505,0.96513,3.19,2.62
2017.07.12 18:59:45.432,0.96503,0.96513,1.50,1.69
2017.07.12 18:59:45.638,0.96501,0.96513,2.62,1.69
2017.07.12 18:59:46.151,0.965,0.96512,5.25,1.25
2017.07.12 18:59:46.672,0.965,0.96512,2.62,1.69
2017.07.12 18:59:47.734,0.96501,0.96512,1.25,2.62
2017.07.12 18:59:48.245,0.965,0.96512,3.56,3.94
2017.07.12 18:59:49.439,0.96506,0.96513,1.50,1.50
2017.07.12 18:59:49.592,0.96507,0.96517,1.50,2.25
2017.07.12 18:59:49.697,0.9651,0.9652,1.50,1.69
2017.07.12 18:59:49.966,0.96509,0.96522,4.12,3.37
2017.07.12 18:59:50.477,0.9651,0.96523,3.19,4.12
2017.07.12 18:59:50.994,0.96509,0.96522,3.75,2.62
2017.07.12 18:59:51.761,0.9651,0.96522,1.25,2.44
2017.07.12 18:59:52.272,0.96512,0.96522,1.00,3.56
2017.07.12 18:59:52.580,0.96515,0.96523,2.85,3.00
2017.07.12 18:59:52.683,0.96516,0.96525,2.62,1.12
2017.07.12 18:59:52.836,0.96518,0.96526,1.00,2.25
2017.07.12 18:59:53.816,0.96517,0.96524,1.00,1.62
2017.07.12 18:59:54.022,0.96517,0.96528,1.00,3.97
2017.07.12 18:59:54.073,0.96517,0.96527,1.00,1.00
2017.07.12 18:59:54.447,0.96517,0.96529,1.12,2.25
2017.07.12 18:59:54.501,0.96516,0.96527,4.69,1.00
2017.07.12 18:59:54.656,0.96516,0.96529,2.62,1.31
2017.07.12 18:59:55.620,0.96516,0.96527,1.37,1.37
2017.07.12 18:59:55.774,0.96515,0.96527,3.00,2.06
2017.07.12 18:59:55.928,0.96517,0.96528,1.00,1.31
2017.07.12 18:59:56.031,0.96515,0.96527,7.87,1.25
2017.07.12 18:59:57.258,0.96513,0.96525,2.62,5.06
2017.07.12 18:59:57.309,0.96513,0.96524,1.87,1.62
2017.07.12 18:59:57.617,0.96514,0.96524,2.06,1.31
2017.07.12 18:59:57.771,0.96516,0.96527,1.00,2.06
2017.07.12 18:59:57.823,0.96514,0.96524,1.50,1.25
2017.07.12 18:59:58.369,0.96517,0.96527,1.00,3.56
2017.07.12 18:59:58.422,0.96514,0.96527,2.25,5.06
2017.07.12 18:59:58.577,0.96514,0.96525,2.81,1.50
2017.07.12 18:59:58.733,0.96512,0.96523,1.50,1.56
2017.07.12 18:59:59.099,0.96509,0.96522,2.06,4.31
2017.07.12 18:59:59.357,0.96511,0.96523,1.50,1.00
2017.07.12 18:59:59.460,0.96509,0.96522,3.00,4.31
2017.07.12 18:59:59.970,0.96509,0.96522,1.87,4.12
