2015.09.21 06:00:00.149,0.9682,0.96832,1.37,1.00
2015.09.21 06:00:00.455,0.96817,0.96834,1.12,1.12
2015.09.21 06:00:01.196,0.96817,0.96833,1.37,1.12
2015.09.21 06:00:05.487,0.96817,0.96835,1.75,1.75
2015.09.21 06:00:08.394,0.96818,0.96836,1.75,1.75
2015.09.21 06:00:10.477,0.96823,0.96836,1.00,1.75
2015.09.21 06:00:15.574,0.96821,0.96836,1.37,1.75
2015.09.21 06:00:15.880,0.96825,0.96839,1.00,1.75
2015.09.21 06:00:16.406,0.96826,0.96839,1.00,1.12
2015.09.21 06:00:18.102,0.96828,0.96839,1.00,1.12
2015.09.21 06:00:18.612,0.96828,0.9684,1.00,1.12
2015.09.21 06:00:20.875,0.96827,0.9684,1.00,1.12
2015.09.21 06:00:25.327,0.96825,0.9684,1.37,1.12
2015.09.21 06:00:25.430,0.96826,0.96838,1.00,1.00
2015.09.21 06:00:27.824,0.96825,0.9684,1.50,1.12
2015.09.21 06:00:28.345,0.96827,0.9684,1.00,1.12
2015.09.21 06:00:30.162,0.96826,0.9684,1.12,1.12
2015.09.21 06:00:32.539,0.96827,0.9684,1.00,1.12
2015.09.21 06:00:33.050,0.96827,0.96841,1.12,1.75
2015.09.21 06:00:36.512,0.96827,0.96838,1.00,1.12
2015.09.21 06:00:37.227,0.96827,0.96842,1.37,1.75
2015.09.21 06:00:44.733,0.96825,0.96838,1.12,1.12
2015.09.21 06:00:48.076,0.96822,0.96836,1.87,1.00
2015.09.21 06:00:48.653,0.96822,0.96838,1.75,1.12
2015.09.21 06:00:51.377,0.96824,0.96838,1.00,1.75
2015.09.21 06:00:56.146,0.9682,0.96836,1.87,1.12
2015.09.21 06:00:56.453,0.96819,0.96833,1.12,1.12
2015.09.21 06:00:58.952,0.96817,0.96831,1.00,1.75
2015.09.21 06:01:02.481,0.96817,0.96833,1.12,1.75
2015.09.21 06:01:06.759,0.96818,0.96833,1.75,1.12
2015.09.21 06:01:06.810,0.96818,0.96834,1.75,1.12
2015.09.21 06:01:21.517,0.96817,0.96832,1.12,1.12
2015.09.21 06:01:21.621,0.96817,0.96829,1.12,1.12
2015.09.21 06:01:22.133,0.96815,0.96829,1.75,1.00
2015.09.21 06:01:28.402,0.96816,0.9683,1.37,1.87
2015.09.21 06:01:31.004,0.96813,0.96829,2.25,1.12
2015.09.21 06:01:31.068,0.96813,0.96825,1.50,1.87
2015.09.21 06:01:32.550,0.96814,0.96827,1.37,1.87
2015.09.21 06:01:32.653,0.96814,0.96828,1.12,1.37
2015.09.21 06:01:36.133,0.96815,0.96829,1.75,1.50
2015.09.21 06:01:48.140,0.96816,0.9683,1.37,1.87
2015.09.21 06:01:51.115,0.96813,0.96827,1.87,1.12
2015.09.21 06:01:54.149,0.96814,0.96828,1.12,1.87
2015.09.21 06:02:06.008,0.96817,0.96831,1.12,1.12
2015.09.21 06:02:06.333,0.96819,0.96833,1.12,1.12
2015.09.21 06:02:13.502,0.96817,0.96831,1.12,1.12
2015.09.21 06:02:14.098,0.96813,0.96827,2.25,1.00
2015.09.21 06:02:14.405,0.96813,0.96827,1.87,1.12
2015.09.21 06:02:16.584,0.96814,0.96828,1.37,1.12
2015.09.21 06:02:17.094,0.96814,0.96828,1.12,1.37
2015.09.21 06:02:45.373,0.96813,0.96828,1.75,1.12
2015.09.21 06:02:51.400,0.96813,0.96828,1.75,1.12
2015.09.21 06:03:11.334,0.96813,0.96828,1.87,1.37
2015.09.21 06:03:29.035,0.96819,0.9683,1.00,1.00
2015.09.21 06:03:33.370,0.96816,0.9683,1.75,1.50
2015.09.21 06:04:01.332,0.96815,0.9683,1.12,1.87
2015.09.21 06:04:01.485,0.96814,0.96828,1.12,1.37
2015.09.21 06:04:03.333,0.96815,0.96829,1.75,1.87
2015.09.21 06:04:03.842,0.96815,0.96829,1.75,1.00
2015.09.21 06:04:08.846,0.96816,0.9683,1.75,1.12
2015.09.21 06:04:11.636,0.96818,0.9683,1.00,1.37
2015.09.21 06:04:31.367,0.96815,0.96829,1.75,1.00
2015.09.21 06:04:45.412,0.96818,0.96833,1.12,1.12
2015.09.21 06:04:45.515,0.9682,0.96832,1.87,1.00
2015.09.21 06:04:45.566,0.9682,0.96836,3.00,1.37
2015.09.21 06:04:45.617,0.96822,0.96838,1.87,1.12
2015.09.21 06:04:45.820,0.96823,0.96838,1.75,1.37
2015.09.21 06:04:47.984,0.96821,0.96837,1.87,1.12
2015.09.21 06:04:50.033,0.96824,0.96838,1.12,1.37
2015.09.21 06:04:51.430,0.96824,0.96838,1.75,1.00
2015.09.21 06:05:03.217,0.96826,0.9684,1.12,1.37
2015.09.21 06:05:20.544,0.96826,0.96842,2.25,1.12
2015.09.21 06:05:20.596,0.96831,0.96845,1.00,1.75
2015.09.21 06:05:20.648,0.96831,0.96845,1.37,1.50
2015.09.21 06:05:20.699,0.96833,0.96845,1.00,1.12
2015.09.21 06:05:21.933,0.96831,0.96846,2.62,1.12
2015.09.21 06:05:22.450,0.96832,0.96846,1.00,1.75
2015.09.21 06:05:23.658,0.9683,0.96845,1.12,1.12
2015.09.21 06:05:27.163,0.96829,0.96844,1.37,1.12
2015.09.21 06:05:27.214,0.96828,0.96844,1.87,1.75
2015.09.21 06:05:27.718,0.96827,0.96845,2.25,1.75
2015.09.21 06:05:30.788,0.96827,0.96843,1.75,1.75
2015.09.21 06:05:31.289,0.96827,0.96842,1.50,1.12
2015.09.21 06:05:51.407,0.96825,0.96839,1.75,1.00
2015.09.21 06:06:01.470,0.96825,0.96839,1.87,1.37
2015.09.21 06:06:01.778,0.96821,0.96835,1.87,1.12
2015.09.21 06:06:02.297,0.96818,0.96834,1.87,1.12
2015.09.21 06:06:02.602,0.96818,0.96833,1.50,1.12
2015.09.21 06:06:04.536,0.96816,0.96832,2.62,1.75
2015.09.21 06:06:07.983,0.96816,0.96832,2.62,1.12
2015.09.21 06:06:09.363,0.96816,0.96829,2.25,1.12
2015.09.21 06:06:11.344,0.96815,0.96828,1.12,1.00
2015.09.21 06:06:14.864,0.96816,0.96829,1.12,1.00
2015.09.21 06:06:15.391,0.96815,0.96829,1.75,1.00
2015.09.21 06:06:19.359,0.96815,0.9683,1.12,1.12
2015.09.21 06:06:19.512,0.96815,0.96829,1.00,1.75
2015.09.21 06:06:20.027,0.96814,0.96828,1.12,1.12
2015.09.21 06:06:24.749,0.96813,0.96827,3.00,1.12
2015.09.21 06:06:24.802,0.96813,0.96822,1.50,1.00
2015.09.21 06:06:24.956,0.96805,0.96819,2.62,1.12
2015.09.21 06:06:25.008,0.96805,0.96818,1.87,1.12
2015.09.21 06:06:25.315,0.96803,0.96812,1.10,1.12
2015.09.21 06:06:25.881,0.96803,0.96811,1.20,1.12
2015.09.21 06:06:26.485,0.96802,0.9681,1.95,1.12
2015.09.21 06:06:26.934,0.96799,0.96807,1.35,1.75
2015.09.21 06:06:28.704,0.96801,0.96808,2.17,1.12
2015.09.21 06:06:31.094,0.96803,0.96807,2.02,1.00
2015.09.21 06:06:31.605,0.96803,0.96807,2.02,1.00
2015.09.21 06:06:33.338,0.96802,0.96811,1.20,1.75
2015.09.21 06:06:34.071,0.96803,0.9681,1.30,1.12
2015.09.21 06:06:36.969,0.96802,0.96808,1.50,1.37
2015.09.21 06:06:37.532,0.96803,0.96809,1.65,1.12
2015.09.21 06:06:39.488,0.968,0.96804,1.65,1.00
2015.09.21 06:06:43.087,0.96803,0.96809,1.80,1.12
2015.09.21 06:07:04.351,0.96803,0.96811,1.00,1.37
2015.09.21 06:07:16.335,0.96803,0.96815,1.87,1.75
2015.09.21 06:07:16.843,0.96802,0.96815,2.92,1.75
2015.09.21 06:07:18.593,0.96803,0.96816,1.95,1.87
2015.09.21 06:07:20.546,0.96803,0.96812,1.05,1.75
2015.09.21 06:07:21.006,0.96803,0.96808,1.20,1.50
2015.09.21 06:07:21.867,0.96803,0.96809,1.10,1.50
2015.09.21 06:07:28.744,0.96803,0.96809,1.12,1.75
2015.09.21 06:07:32.744,0.96802,0.96809,1.20,1.75
2015.09.21 06:07:33.468,0.96796,0.96808,1.00,1.75
2015.09.21 06:07:34.671,0.96793,0.96807,2.55,1.37
2015.09.21 06:07:35.193,0.96793,0.96807,2.55,1.12
2015.09.21 06:07:39.090,0.96802,0.96807,1.72,1.12
2015.09.21 06:07:39.722,0.96793,0.96804,2.55,1.87
2015.09.21 06:07:39.825,0.96794,0.96803,1.05,1.75
2015.09.21 06:07:40.131,0.96792,0.96799,4.20,1.75
2015.09.21 06:07:44.939,0.96784,0.96798,1.12,1.50
2015.09.21 06:07:45.544,0.96785,0.96799,1.37,1.87
2015.09.21 06:07:46.813,0.96784,0.96798,1.37,1.87
2015.09.21 06:07:59.398,0.9679,0.96798,3.45,1.12
2015.09.21 06:07:59.449,0.96792,0.96803,3.45,1.00
2015.09.21 06:07:59.500,0.96791,0.96801,1.87,1.12
2015.09.21 06:07:59.899,0.96791,0.96799,2.85,1.75
2015.09.21 06:08:00.053,0.96785,0.96803,1.12,3.75
2015.09.21 06:08:00.256,0.96783,0.96803,2.25,4.12
2015.09.21 06:08:00.563,0.96784,0.96798,1.12,1.12
2015.09.21 06:08:01.702,0.96791,0.968,1.57,1.12
2015.09.21 06:08:01.857,0.96785,0.96799,1.12,1.12
2015.09.21 06:08:02.366,0.96783,0.968,1.87,1.12
2015.09.21 06:08:03.374,0.96791,0.96799,2.40,1.50
2015.09.21 06:08:04.091,0.96791,0.96799,2.40,1.87
2015.09.21 06:08:06.202,0.96793,0.96799,2.32,1.50
2015.09.21 06:08:07.754,0.96793,0.968,1.05,1.75
2015.09.21 06:08:11.388,0.96793,0.968,1.05,1.50
2015.09.21 06:08:14.832,0.96793,0.968,3.59,1.50
2015.09.21 06:08:17.384,0.96793,0.96799,1.20,1.12
2015.09.21 06:08:30.390,0.96796,0.96802,1.42,1.00
2015.09.21 06:08:30.544,0.96798,0.96806,2.17,1.75
2015.09.21 06:08:30.749,0.96803,0.96807,1.05,1.00
2015.09.21 06:08:31.810,0.96803,0.96811,1.87,1.87
2015.09.21 06:08:32.319,0.96803,0.96811,1.95,1.75
2015.09.21 06:08:34.516,0.96803,0.96811,1.57,1.75
2015.09.21 06:08:35.364,0.96803,0.96812,2.17,1.75
2015.09.21 06:08:36.218,0.96803,0.96811,2.17,1.00
2015.09.21 06:08:37.768,0.96803,0.96808,2.17,1.00
2015.09.21 06:08:38.078,0.96801,0.96808,1.20,1.75
2015.09.21 06:08:54.888,0.96803,0.96809,1.65,1.75
2015.09.21 06:08:55.093,0.96803,0.96811,1.30,1.50
2015.09.21 06:09:01.613,0.96803,0.96812,1.10,1.00
2015.09.21 06:09:01.817,0.96803,0.96814,1.80,1.00
2015.09.21 06:09:02.225,0.96803,0.96815,1.27,1.75
2015.09.21 06:09:08.144,0.96802,0.96815,1.42,1.75
2015.09.21 06:09:11.377,0.96802,0.96815,1.05,1.87
2015.09.21 06:09:18.637,0.96803,0.96814,2.10,1.75
2015.09.21 06:09:18.983,0.96803,0.96813,2.10,1.87
2015.09.21 06:09:19.677,0.96802,0.96813,1.00,1.12
2015.09.21 06:09:20.208,0.96802,0.96814,1.00,1.12
2015.09.21 06:09:22.070,0.96803,0.96813,1.35,1.87
2015.09.21 06:09:23.150,0.96802,0.9681,1.50,1.50
2015.09.21 06:09:23.660,0.96802,0.96809,1.50,1.50
2015.09.21 06:09:29.241,0.96803,0.96812,1.42,1.87
2015.09.21 06:09:29.749,0.96803,0.96813,1.42,1.87
2015.09.21 06:09:39.735,0.96803,0.96811,1.65,1.12
2015.09.21 06:09:40.244,0.96803,0.96811,1.10,1.75
2015.09.21 06:09:41.533,0.96802,0.96811,1.87,1.75
2015.09.21 06:09:42.325,0.96802,0.96809,1.87,1.75
2015.09.21 06:09:44.559,0.96802,0.9681,1.80,1.75
2015.09.21 06:09:48.126,0.96803,0.96811,1.00,1.12
2015.09.21 06:09:50.789,0.96803,0.96813,1.20,2.25
2015.09.21 06:09:51.437,0.96803,0.96812,1.27,1.12
2015.09.21 06:10:04.798,0.96803,0.96812,1.20,1.75
2015.09.21 06:10:04.901,0.96803,0.96813,1.00,1.50
2015.09.21 06:10:05.406,0.96803,0.96815,1.12,1.87
2015.09.21 06:10:06.115,0.96803,0.96814,1.27,1.50
2015.09.21 06:10:06.169,0.96803,0.96817,2.55,1.12
2015.09.21 06:10:06.221,0.96805,0.96818,1.00,1.75
2015.09.21 06:10:07.026,0.96813,0.96821,1.00,1.87
2015.09.21 06:10:07.128,0.96813,0.96823,1.00,1.87
2015.09.21 06:10:07.180,0.96807,0.96821,1.37,1.12
2015.09.21 06:10:07.231,0.96807,0.96817,1.00,1.50
2015.09.21 06:10:07.435,0.96803,0.96817,2.32,1.75
2015.09.21 06:10:09.520,0.96803,0.96815,3.30,1.37
2015.09.21 06:10:11.241,0.96803,0.96816,2.92,1.50
2015.09.21 06:10:11.817,0.96803,0.96816,2.92,1.75
2015.09.21 06:10:17.342,0.96805,0.96816,1.00,1.75
2015.09.21 06:10:17.851,0.96805,0.96816,1.00,1.50
2015.09.21 06:10:20.243,0.96804,0.96815,1.00,1.50
2015.09.21 06:10:23.471,0.96803,0.96815,2.17,1.50
2015.09.21 06:10:26.402,0.96804,0.96815,1.00,1.50
2015.09.21 06:10:27.533,0.96803,0.96815,2.47,1.87
2015.09.21 06:10:27.839,0.96803,0.96808,1.27,1.50
2015.09.21 06:10:28.144,0.96801,0.96807,1.27,1.75
2015.09.21 06:10:31.939,0.96794,0.96807,1.37,1.75
2015.09.21 06:10:32.357,0.96801,0.96807,1.87,1.75
2015.09.21 06:10:36.537,0.96793,0.96806,2.85,1.50
2015.09.21 06:10:37.633,0.96795,0.96807,1.37,1.50
2015.09.21 06:10:41.319,0.96795,0.96806,1.00,1.37
2015.09.21 06:10:41.524,0.96793,0.96804,2.47,1.12
2015.09.21 06:10:41.851,0.96788,0.96794,1.37,1.00
2015.09.21 06:10:41.904,0.96778,0.96789,1.37,1.37
2015.09.21 06:10:42.057,0.96775,0.9679,1.12,1.75
2015.09.21 06:10:42.719,0.96777,0.96788,1.00,1.37
2015.09.21 06:10:50.535,0.96775,0.96789,1.12,1.50
2015.09.21 06:10:51.456,0.96775,0.96789,1.75,1.12
2015.09.21 06:10:58.837,0.96778,0.96788,1.37,1.00
2015.09.21 06:10:59.391,0.96774,0.96784,1.75,1.00
2015.09.21 06:10:59.443,0.96771,0.96784,2.62,1.00
2015.09.21 06:10:59.595,0.9677,0.96782,2.25,1.00
2015.09.21 06:10:59.647,0.9677,0.96782,1.75,1.12
2015.09.21 06:10:59.698,0.96768,0.96779,1.12,1.00
2015.09.21 06:11:00.048,0.96764,0.96779,1.12,1.50
2015.09.21 06:11:00.252,0.96766,0.9678,1.12,1.12
2015.09.21 06:11:00.964,0.96767,0.96782,1.12,1.50
2015.09.21 06:11:01.312,0.96774,0.96788,1.12,1.12
2015.09.21 06:11:03.479,0.96771,0.96783,1.12,1.00
2015.09.21 06:11:03.581,0.9677,0.96783,1.12,1.12
2015.09.21 06:11:04.379,0.96769,0.96781,1.12,1.12
2015.09.21 06:11:17.887,0.96769,0.96782,1.12,1.00
2015.09.21 06:11:25.203,0.96771,0.96783,1.00,1.37
2015.09.21 06:11:25.713,0.96769,0.9678,1.37,1.12
2015.09.21 06:11:26.329,0.96766,0.9678,1.12,1.87
2015.09.21 06:11:28.628,0.96766,0.96778,1.12,1.00
2015.09.21 06:11:29.176,0.96767,0.96779,1.12,1.12
2015.09.21 06:11:31.315,0.96767,0.9678,1.12,1.50
2015.09.21 06:11:32.201,0.96769,0.96781,1.37,1.50
2015.09.21 06:11:37.911,0.96769,0.96782,1.12,1.00
2015.09.21 06:11:51.364,0.96769,0.96783,1.12,1.87
2015.09.21 06:11:55.066,0.96766,0.9678,1.00,1.75
2015.09.21 06:12:36.929,0.96763,0.96776,1.37,1.12
2015.09.21 06:12:36.980,0.96761,0.96776,2.62,1.12
2015.09.21 06:12:37.743,0.96765,0.96778,1.50,3.75
2015.09.21 06:12:37.795,0.96767,0.96782,1.12,1.37
2015.09.21 06:12:37.846,0.96767,0.9678,1.12,3.75
2015.09.21 06:12:37.898,0.96765,0.96778,1.50,1.37
2015.09.21 06:12:38.051,0.96762,0.96777,1.50,1.37
2015.09.21 06:12:39.071,0.96762,0.96777,1.37,1.37
2015.09.21 06:12:44.536,0.96762,0.96776,1.50,1.12
2015.09.21 06:12:46.421,0.96762,0.96776,1.50,1.12
2015.09.21 06:12:51.392,0.96762,0.96777,1.12,1.12
2015.09.21 06:12:53.448,0.96762,0.96777,1.12,1.12
2015.09.21 06:12:58.686,0.96762,0.96777,1.12,1.12
2015.09.21 06:12:59.773,0.96761,0.96776,3.00,1.12
2015.09.21 06:13:00.390,0.96764,0.96776,1.37,1.12
2015.09.21 06:13:00.593,0.96764,0.96777,1.37,1.12
2015.09.21 06:13:00.898,0.96763,0.96776,1.00,1.12
2015.09.21 06:13:01.557,0.96763,0.96773,1.12,1.00
2015.09.21 06:13:02.091,0.96763,0.96777,1.50,1.12
2015.09.21 06:13:04.518,0.96763,0.96777,1.50,1.12
2015.09.21 06:13:04.975,0.96763,0.96777,1.50,1.12
2015.09.21 06:13:05.560,0.96763,0.96777,1.12,1.12
2015.09.21 06:13:07.509,0.96763,0.96777,1.50,1.12
2015.09.21 06:13:07.611,0.96763,0.96777,1.50,1.12
2015.09.21 06:13:08.490,0.96763,0.96777,1.50,1.12
2015.09.21 06:13:09.285,0.96763,0.96778,1.87,1.12
2015.09.21 06:13:09.833,0.96762,0.96774,2.25,1.00
2015.09.21 06:13:10.554,0.96764,0.96779,1.12,1.12
2015.09.21 06:13:10.606,0.96766,0.96783,1.75,1.12
2015.09.21 06:13:10.862,0.96771,0.96781,1.00,1.37
2015.09.21 06:13:10.964,0.96766,0.96779,1.00,1.12
2015.09.21 06:13:11.475,0.96764,0.96776,1.37,1.00
2015.09.21 06:13:12.143,0.96764,0.96776,1.37,1.00
2015.09.21 06:13:12.694,0.96764,0.96776,1.37,1.00
2015.09.21 06:13:21.099,0.96764,0.96779,1.12,1.12
2015.09.21 06:13:21.608,0.96764,0.96779,1.12,1.12
2015.09.21 06:13:22.196,0.96764,0.96779,1.12,1.12
2015.09.21 06:13:22.707,0.96764,0.96779,1.12,1.12
2015.09.21 06:13:40.402,0.96767,0.96783,1.12,1.12
2015.09.21 06:13:40.710,0.9677,0.96784,1.12,1.75
2015.09.21 06:13:40.864,0.96771,0.96787,1.12,2.25
2015.09.21 06:13:41.068,0.96774,0.96788,1.37,1.87
2015.09.21 06:13:41.373,0.96777,0.96789,1.00,1.75
2015.09.21 06:13:41.990,0.96777,0.96789,1.37,1.50
2015.09.21 06:13:43.668,0.96777,0.96789,1.00,4.12
2015.09.21 06:13:43.770,0.96772,0.96787,1.87,1.12
2015.09.21 06:13:48.561,0.96776,0.96787,2.10,1.12
2015.09.21 06:13:48.663,0.96781,0.9679,1.37,1.00
2015.09.21 06:13:49.291,0.96782,0.96794,1.50,1.00
2015.09.21 06:13:49.393,0.96779,0.96795,1.50,1.12
2015.09.21 06:13:49.445,0.96778,0.9679,1.00,1.00
2015.09.21 06:13:49.496,0.96774,0.9679,1.12,1.37
2015.09.21 06:13:49.548,0.96772,0.96789,2.25,1.75
2015.09.21 06:13:50.266,0.96772,0.96788,1.12,1.75
2015.09.21 06:13:51.053,0.96774,0.96789,1.12,1.87
2015.09.21 06:13:53.658,0.96775,0.96789,1.00,1.87
2015.09.21 06:13:53.709,0.96773,0.96785,1.12,1.37
2015.09.21 06:13:53.760,0.9677,0.96785,1.12,1.87
2015.09.21 06:13:53.812,0.96769,0.96784,1.12,1.12
2015.09.21 06:13:53.863,0.96769,0.96782,1.00,1.75
2015.09.21 06:13:53.915,0.96767,0.96781,1.87,1.12
2015.09.21 06:13:54.475,0.96765,0.9678,1.12,1.87
2015.09.21 06:13:57.591,0.96765,0.9678,1.12,1.87
2015.09.21 06:14:11.425,0.96763,0.96778,1.75,1.87
2015.09.21 06:14:11.968,0.96763,0.96778,1.12,1.87
2015.09.21 06:14:12.071,0.96761,0.96775,1.87,1.37
2015.09.21 06:14:12.338,0.96761,0.96768,1.37,1.12
2015.09.21 06:14:12.389,0.96752,0.96768,1.87,1.75
2015.09.21 06:14:12.440,0.9675,0.96764,1.12,1.12
2015.09.21 06:14:12.492,0.9675,0.96764,1.37,1.50
2015.09.21 06:14:12.543,0.96747,0.9676,1.12,1.00
2015.09.21 06:14:12.601,0.96745,0.9676,3.75,1.50
2015.09.21 06:14:12.652,0.96744,0.96759,1.37,1.87
2015.09.21 06:14:12.958,0.96739,0.96755,1.12,1.75
2015.09.21 06:14:14.705,0.96741,0.96754,1.00,1.75
2015.09.21 06:14:17.554,0.9674,0.96754,1.00,1.87
2015.09.21 06:14:17.758,0.96738,0.96754,1.37,1.00
2015.09.21 06:14:18.278,0.96738,0.96754,1.37,1.00
2015.09.21 06:14:19.259,0.96736,0.96753,1.50,1.00
2015.09.21 06:14:19.807,0.96736,0.96753,1.37,1.00
2015.09.21 06:14:20.112,0.96736,0.96753,1.37,1.12
2015.09.21 06:14:21.726,0.96736,0.96753,1.37,1.00
2015.09.21 06:14:22.315,0.96736,0.96753,1.37,1.00
2015.09.21 06:14:28.397,0.96736,0.96751,1.37,1.00
2015.09.21 06:14:29.142,0.96736,0.96751,1.12,1.00
2015.09.21 06:14:29.726,0.96736,0.96753,1.12,1.00
2015.09.21 06:14:30.332,0.96736,0.96752,1.12,1.00
2015.09.21 06:14:34.292,0.96736,0.96752,1.37,1.00
2015.09.21 06:14:34.814,0.96736,0.96751,1.37,1.00
2015.09.21 06:14:37.079,0.96736,0.96751,1.12,1.00
2015.09.21 06:14:42.460,0.96736,0.9675,1.12,1.00
2015.09.21 06:14:46.748,0.96736,0.96751,1.37,1.00
2015.09.21 06:14:53.049,0.96736,0.96751,1.12,1.00
2015.09.21 06:14:57.748,0.96736,0.96751,1.87,1.00
2015.09.21 06:15:01.701,0.96736,0.96752,1.87,1.00
2015.09.21 06:15:04.197,0.96736,0.96752,1.87,1.00
2015.09.21 06:15:14.898,0.96737,0.96752,1.37,1.00
2015.09.21 06:15:14.950,0.96737,0.96754,1.37,1.00
2015.09.21 06:15:17.888,0.9674,0.96754,1.00,1.00
2015.09.21 06:15:17.992,0.9674,0.96757,1.37,1.00
2015.09.21 06:15:33.915,0.96739,0.96757,1.12,1.37
2015.09.21 06:15:34.119,0.96739,0.96755,1.37,1.37
2015.09.21 06:15:35.321,0.96735,0.96754,1.37,1.37
2015.09.21 06:15:35.626,0.96734,0.9675,1.87,1.00
2015.09.21 06:15:36.435,0.96734,0.9675,1.87,1.00
2015.09.21 06:15:38.768,0.96735,0.96751,1.37,1.12
2015.09.21 06:15:44.957,0.96738,0.96751,1.37,1.00
2015.09.21 06:15:45.465,0.96738,0.96752,1.37,1.00
2015.09.21 06:15:45.617,0.96738,0.96754,1.37,1.50
2015.09.21 06:15:47.910,0.96739,0.96755,1.87,1.00
2015.09.21 06:15:48.216,0.96744,0.9676,1.12,1.87
2015.09.21 06:15:48.522,0.96746,0.96762,1.12,1.87
2015.09.21 06:15:49.239,0.9675,0.96767,1.75,1.87
2015.09.21 06:15:51.421,0.9675,0.96766,1.75,1.12
2015.09.21 06:15:51.829,0.9675,0.96767,2.25,1.75
2015.09.21 06:16:01.047,0.96752,0.96767,1.50,2.25
2015.09.21 06:16:01.557,0.96749,0.96765,1.12,1.75
2015.09.21 06:16:10.356,0.96748,0.96765,1.75,1.87
2015.09.21 06:16:10.873,0.96749,0.96765,1.12,1.75
2015.09.21 06:16:20.864,0.9675,0.96765,1.12,1.50
2015.09.21 06:16:51.305,0.9675,0.96764,1.87,1.00
2015.09.21 06:16:57.347,0.9675,0.96765,1.87,1.12
2015.09.21 06:17:01.838,0.96753,0.96768,1.37,1.75
2015.09.21 06:17:02.415,0.96753,0.96769,1.12,1.12
2015.09.21 06:17:11.198,0.96751,0.96765,1.12,1.37
2015.09.21 06:17:31.320,0.96752,0.96764,1.00,1.00
2015.09.21 06:17:31.372,0.96752,0.96765,1.00,1.75
2015.09.21 06:17:53.324,0.96748,0.96762,1.12,1.50
2015.09.21 06:17:54.602,0.96746,0.9676,1.12,1.50
2015.09.21 06:17:54.653,0.96745,0.9676,1.75,1.75
2015.09.21 06:17:55.187,0.96744,0.96756,1.37,1.00
2015.09.21 06:17:55.342,0.96739,0.96755,1.75,1.75
2015.09.21 06:17:56.051,0.9674,0.96754,1.37,1.37
2015.09.21 06:18:00.664,0.96741,0.96755,1.12,1.75
2015.09.21 06:18:01.905,0.96738,0.96752,1.12,1.50
2015.09.21 06:18:01.956,0.96736,0.9675,1.12,1.00
2015.09.21 06:18:02.261,0.96735,0.96749,1.00,2.25
2015.09.21 06:18:03.297,0.96734,0.96749,1.12,1.87
2015.09.21 06:18:04.966,0.96734,0.96748,1.00,1.12
2015.09.21 06:18:05.983,0.96732,0.96748,1.12,1.87
2015.09.21 06:18:06.086,0.96734,0.96746,1.37,1.00
2015.09.21 06:18:09.901,0.96732,0.96747,1.12,1.87
2015.09.21 06:18:10.697,0.96733,0.96746,1.00,1.75
2015.09.21 06:18:13.008,0.96729,0.96744,1.12,1.75
2015.09.21 06:18:14.316,0.96729,0.96743,1.12,1.75
2015.09.21 06:18:14.995,0.9673,0.96743,1.12,1.75
2015.09.21 06:18:18.328,0.96733,0.96745,1.00,1.75
2015.09.21 06:18:22.355,0.96734,0.96748,1.12,1.75
2015.09.21 06:18:23.707,0.96734,0.96747,1.37,1.75
2015.09.21 06:18:43.764,0.96734,0.96748,1.75,1.50
2015.09.21 06:18:43.817,0.96736,0.96748,1.37,1.00
2015.09.21 06:18:43.921,0.96739,0.96752,1.37,1.75
2015.09.21 06:18:44.539,0.96739,0.96753,1.12,1.12
2015.09.21 06:18:46.146,0.96739,0.96753,1.37,1.12
2015.09.21 06:18:51.409,0.96739,0.96753,1.12,1.12
2015.09.21 06:19:10.831,0.9674,0.96752,1.37,1.50
2015.09.21 06:19:10.933,0.96741,0.96754,1.12,1.50
2015.09.21 06:19:26.382,0.96742,0.96757,1.12,1.12
2015.09.21 06:19:26.434,0.96742,0.96758,1.12,1.75
2015.09.21 06:19:26.720,0.96743,0.96758,1.12,1.75
2015.09.21 06:19:27.230,0.96745,0.96761,1.12,1.75
2015.09.21 06:19:29.056,0.96746,0.96758,1.00,1.00
2015.09.21 06:19:30.593,0.96743,0.9676,1.87,1.87
2015.09.21 06:19:31.218,0.96743,0.96759,1.87,1.75
2015.09.21 06:19:34.377,0.96745,0.96761,1.37,2.25
2015.09.21 06:19:34.879,0.96746,0.96762,1.12,1.75
2015.09.21 06:19:35.572,0.96746,0.96762,1.12,1.12
2015.09.21 06:19:36.099,0.96749,0.96761,1.00,1.00
2015.09.21 06:19:41.757,0.96749,0.96762,1.00,1.75
2015.09.21 06:19:51.414,0.96747,0.96761,1.37,1.75
2015.09.21 06:19:51.516,0.96748,0.9676,1.00,1.00
2015.09.21 06:19:59.551,0.96748,0.9676,1.37,1.00
2015.09.21 06:19:59.858,0.96752,0.96766,1.37,1.75
2015.09.21 06:20:00.670,0.96756,0.96771,1.12,1.12
2015.09.21 06:20:00.722,0.96756,0.96774,1.12,1.87
2015.09.21 06:20:00.876,0.96761,0.96773,1.00,1.00
2015.09.21 06:20:01.131,0.96759,0.96776,1.87,1.75
2015.09.21 06:20:03.707,0.96762,0.96777,1.87,1.75
2015.09.21 06:20:03.758,0.96764,0.96776,1.00,1.00
2015.09.21 06:20:06.649,0.96762,0.96778,1.12,1.75
2015.09.21 06:20:06.954,0.9676,0.96773,1.12,1.50
2015.09.21 06:20:11.908,0.96757,0.96772,1.37,1.00
2015.09.21 06:20:17.182,0.96757,0.96771,1.37,1.00
2015.09.21 06:20:22.426,0.96756,0.96771,1.00,1.37
2015.09.21 06:20:22.828,0.96756,0.96767,1.00,1.37
2015.09.21 06:20:26.846,0.96755,0.96767,1.37,1.12
2015.09.21 06:20:27.152,0.96756,0.96772,1.12,1.91
2015.09.21 06:20:27.531,0.96758,0.96773,1.12,1.50
2015.09.21 06:20:27.735,0.96761,0.9677,1.00,1.00
2015.09.21 06:20:27.888,0.96753,0.9677,2.25,1.75
2015.09.21 06:20:31.335,0.96756,0.96768,1.00,1.50
2015.09.21 06:20:49.614,0.96749,0.96763,1.37,1.50
2015.09.21 06:20:50.074,0.96749,0.96764,1.37,1.50
2015.09.21 06:20:50.582,0.96752,0.96764,1.00,1.50
2015.09.21 06:20:58.800,0.96752,0.96763,1.00,1.00
2015.09.21 06:20:59.106,0.96751,0.96763,1.37,1.37
2015.09.21 06:20:59.649,0.96751,0.96763,1.00,1.75
2015.09.21 06:21:03.666,0.9675,0.96763,1.75,1.75
2015.09.21 06:21:04.331,0.9675,0.96766,1.75,1.12
2015.09.21 06:21:04.733,0.96758,0.96765,1.37,1.00
2015.09.21 06:21:04.786,0.96762,0.96774,1.12,1.00
2015.09.21 06:21:06.326,0.96763,0.96778,1.12,1.12
2015.09.21 06:21:06.479,0.96764,0.96776,1.37,1.00
2015.09.21 06:21:07.138,0.96764,0.96776,1.37,1.00
2015.09.21 06:21:08.936,0.96764,0.96779,1.12,1.75
2015.09.21 06:21:09.544,0.96763,0.96775,1.50,1.00
2015.09.21 06:21:10.052,0.96763,0.96779,1.12,1.87
2015.09.21 06:21:11.745,0.96762,0.96777,1.75,4.12
2015.09.21 06:21:11.847,0.96762,0.96775,1.37,1.12
2015.09.21 06:21:12.606,0.96759,0.96772,2.25,1.75
2015.09.21 06:21:13.571,0.96759,0.96772,1.87,1.75
2015.09.21 06:21:13.723,0.96758,0.96772,1.75,1.87
2015.09.21 06:21:13.990,0.96756,0.96771,1.75,4.12
2015.09.21 06:21:14.042,0.96754,0.96766,1.87,1.00
2015.09.21 06:21:14.144,0.96755,0.96768,1.12,1.75
2015.09.21 06:21:21.194,0.96755,0.9677,1.75,1.12
2015.09.21 06:21:21.296,0.9676,0.96771,1.37,1.12
2015.09.21 06:21:22.264,0.9676,0.96771,1.12,1.00
2015.09.21 06:21:24.733,0.9676,0.96772,1.12,2.25
2015.09.21 06:21:24.987,0.9676,0.96772,1.37,1.50
2015.09.21 06:21:25.622,0.9676,0.9677,1.00,1.00
2015.09.21 06:21:25.927,0.96758,0.96769,1.00,1.50
2015.09.21 06:21:26.446,0.96757,0.96768,1.12,1.00
2015.09.21 06:21:27.075,0.96757,0.96767,1.12,1.00
2015.09.21 06:21:27.584,0.96759,0.96768,1.00,1.00
2015.09.21 06:21:27.910,0.96758,0.96768,1.12,1.00
2015.09.21 06:21:27.961,0.96758,0.96773,1.75,1.37
2015.09.21 06:21:28.012,0.96762,0.96773,1.37,1.00
2015.09.21 06:21:28.513,0.96764,0.96774,1.37,1.00
2015.09.21 06:21:30.188,0.96764,0.96774,1.50,1.00
2015.09.21 06:21:30.456,0.96773,0.96785,1.37,1.50
2015.09.21 06:21:30.661,0.96774,0.96788,1.75,1.37
2015.09.21 06:21:30.712,0.96775,0.96792,1.12,1.75
2015.09.21 06:21:30.764,0.96778,0.96792,4.12,1.37
2015.09.21 06:21:31.081,0.96782,0.96794,1.12,1.00
2015.09.21 06:21:31.336,0.96782,0.96796,1.12,1.05
2015.09.21 06:21:31.387,0.9679,0.968,2.47,1.75
2015.09.21 06:21:31.490,0.96792,0.968,3.37,1.05
2015.09.21 06:21:32.226,0.96794,0.96803,1.00,1.05
2015.09.21 06:21:33.855,0.96796,0.96801,1.50,1.00
2015.09.21 06:21:34.364,0.96796,0.968,1.57,1.00
2015.09.21 06:21:35.655,0.96793,0.968,2.32,1.00
2015.09.21 06:21:37.141,0.96796,0.968,1.20,1.00
2015.09.21 06:21:38.234,0.96793,0.96801,1.87,1.00
2015.09.21 06:21:38.289,0.96799,0.96805,1.20,1.00
2015.09.21 06:21:38.392,0.96803,0.96808,1.20,1.00
2015.09.21 06:21:39.694,0.96803,0.96809,1.20,1.00
2015.09.21 06:21:40.203,0.96803,0.9681,1.00,1.00
2015.09.21 06:21:41.171,0.96803,0.96809,2.02,1.00
2015.09.21 06:21:43.373,0.96803,0.96808,2.02,2.10
2015.09.21 06:21:43.425,0.96794,0.96801,1.00,1.00
2015.09.21 06:21:43.476,0.96794,0.96799,1.00,1.00
2015.09.21 06:21:43.783,0.96794,0.96799,1.20,1.00
2015.09.21 06:21:44.852,0.96794,0.96798,2.47,1.00
2015.09.21 06:21:45.161,0.96786,0.96796,1.12,1.00
2015.09.21 06:21:45.365,0.96795,0.96803,1.35,1.12
2015.09.21 06:21:45.773,0.96793,0.96798,2.92,1.00
2015.09.21 06:21:46.287,0.96794,0.96799,1.20,1.00
2015.09.21 06:21:46.848,0.96796,0.968,1.20,1.00
2015.09.21 06:21:47.840,0.96797,0.96801,1.65,1.00
2015.09.21 06:21:48.652,0.96802,0.96807,1.10,1.12
2015.09.21 06:21:48.957,0.96803,0.96808,1.80,1.00
2015.09.21 06:21:49.558,0.96803,0.9681,1.10,1.00
2015.09.21 06:21:50.372,0.96803,0.96812,1.20,1.00
2015.09.21 06:21:50.424,0.96803,0.96812,1.85,1.00
2015.09.21 06:21:50.475,0.96805,0.96817,1.37,1.50
2015.09.21 06:21:50.527,0.96805,0.96817,1.37,1.12
2015.09.21 06:21:51.052,0.96812,0.96818,1.00,1.00
2015.09.21 06:21:51.561,0.96812,0.96819,1.00,1.00
2015.09.21 06:21:52.076,0.96813,0.9682,1.00,1.00
2015.09.21 06:21:52.681,0.96807,0.9682,1.75,1.00
2015.09.21 06:21:52.785,0.96813,0.9682,1.00,1.00
2015.09.21 06:21:53.090,0.96808,0.96819,1.12,1.00
2015.09.21 06:22:01.515,0.96808,0.96821,1.12,1.12
2015.09.21 06:22:01.857,0.96808,0.96818,1.12,1.00
2015.09.21 06:22:02.064,0.96804,0.96816,1.12,1.00
2015.09.21 06:22:02.168,0.96803,0.9681,1.95,1.00
2015.09.21 06:22:02.270,0.96803,0.96809,1.20,1.00
2015.09.21 06:22:03.187,0.96803,0.96807,1.20,1.00
2015.09.21 06:22:03.916,0.96799,0.96806,1.37,1.00
2015.09.21 06:22:04.624,0.96803,0.96807,1.80,1.00
2015.09.21 06:22:04.676,0.96799,0.96806,1.37,1.00
2015.09.21 06:22:06.609,0.96802,0.96807,1.05,1.00
2015.09.21 06:22:07.125,0.96803,0.96808,1.00,1.00
2015.09.21 06:22:07.633,0.96802,0.96808,2.02,1.00
2015.09.21 06:22:08.297,0.96802,0.96809,2.55,1.00
2015.09.21 06:22:08.808,0.96802,0.9681,1.80,1.00
2015.09.21 06:22:25.799,0.96802,0.96809,2.55,1.00
2015.09.21 06:22:32.065,0.96803,0.9681,2.40,1.00
2015.09.21 06:22:51.544,0.96803,0.9681,2.77,1.00
2015.09.21 06:23:04.763,0.96803,0.96812,1.65,1.00
2015.09.21 06:23:05.163,0.96803,0.9681,1.65,1.00
2015.09.21 06:23:08.161,0.96803,0.96811,1.65,1.00
2015.09.21 06:23:08.662,0.96804,0.96811,1.00,1.00
2015.09.21 06:23:15.281,0.96804,0.96812,1.00,1.00
2015.09.21 06:23:16.115,0.96804,0.96813,1.00,1.00
2015.09.21 06:23:23.133,0.96804,0.96812,1.00,1.00
2015.09.21 06:23:24.770,0.96803,0.96812,2.70,1.00
2015.09.21 06:23:27.106,0.96803,0.96811,2.70,1.00
2015.09.21 06:23:35.866,0.96803,0.96812,2.70,1.00
2015.09.21 06:23:42.897,0.96803,0.96811,2.70,1.00
2015.09.21 06:23:43.409,0.96803,0.96811,1.42,1.00
2015.09.21 06:23:43.918,0.96803,0.9681,1.42,1.00
2015.09.21 06:23:48.952,0.96803,0.96809,1.30,1.00
2015.09.21 06:23:49.521,0.96803,0.96808,2.02,1.00
2015.09.21 06:23:50.039,0.96803,0.96807,2.02,1.00
2015.09.21 06:24:05.439,0.96803,0.96808,1.05,1.00
2015.09.21 06:24:06.376,0.96802,0.96808,2.25,1.00
2015.09.21 06:24:07.791,0.96802,0.9681,2.25,1.00
2015.09.21 06:24:10.409,0.96803,0.9681,1.50,1.00
2015.09.21 06:24:11.385,0.96803,0.96809,1.50,1.00
2015.09.21 06:24:22.843,0.96798,0.96806,1.75,2.10
2015.09.21 06:24:23.098,0.96789,0.96797,1.75,1.35
2015.09.21 06:24:23.150,0.96788,0.96794,3.75,1.00
2015.09.21 06:24:23.202,0.96783,0.96791,1.12,1.00
2015.09.21 06:24:23.569,0.96779,0.96791,1.12,1.00
2015.09.21 06:24:24.484,0.96781,0.96799,1.12,2.62
2015.09.21 06:24:24.586,0.96784,0.96795,1.12,1.00
2015.09.21 06:24:25.214,0.96783,0.96795,1.12,1.00
2015.09.21 06:24:25.722,0.96784,0.96795,1.12,1.00
2015.09.21 06:24:26.257,0.96783,0.96795,1.12,1.00
2015.09.21 06:24:30.427,0.96786,0.96795,1.37,1.60
2015.09.21 06:24:30.732,0.96777,0.96788,1.75,1.00
2015.09.21 06:24:31.252,0.96779,0.96787,1.12,1.00
2015.09.21 06:24:32.884,0.96775,0.96787,2.25,1.00
2015.09.21 06:24:37.642,0.96776,0.96787,1.12,1.60
2015.09.21 06:24:37.746,0.96774,0.96786,1.50,1.35
2015.09.21 06:24:37.797,0.96771,0.96785,1.12,1.37
2015.09.21 06:24:38.084,0.96771,0.96782,1.12,1.00
2015.09.21 06:24:38.135,0.96774,0.96784,1.00,1.12
2015.09.21 06:24:38.341,0.96772,0.96785,1.12,1.00
2015.09.21 06:24:38.854,0.96772,0.96786,1.12,1.12
2015.09.21 06:24:42.528,0.96772,0.96782,1.00,1.00
2015.09.21 06:24:42.834,0.96772,0.96785,1.12,1.00
2015.09.21 06:24:43.343,0.96772,0.96786,1.87,1.12
2015.09.21 06:24:52.443,0.96776,0.96786,1.12,1.00
2015.09.21 06:24:53.001,0.96776,0.96787,1.12,1.12
2015.09.21 06:24:55.366,0.96776,0.96786,1.12,1.00
2015.09.21 06:24:55.911,0.96776,0.96787,1.12,1.12
2015.09.21 06:24:59.348,0.96775,0.96786,1.12,1.00
2015.09.21 06:25:04.448,0.96775,0.96787,1.12,1.12
2015.09.21 06:25:15.663,0.96776,0.96788,1.12,1.50
2015.09.21 06:25:16.172,0.96778,0.96789,1.00,1.50
2015.09.21 06:25:19.942,0.96777,0.96788,1.12,1.00
2015.09.21 06:25:20.510,0.96777,0.96789,1.12,1.12
2015.09.21 06:25:27.412,0.96776,0.96788,1.12,1.00
2015.09.21 06:25:35.245,0.96774,0.96787,1.12,1.87
2015.09.21 06:25:35.347,0.96775,0.96785,1.00,1.12
2015.09.21 06:25:35.858,0.96775,0.96785,1.37,1.00
2015.09.21 06:25:36.380,0.96775,0.96786,1.37,1.12
2015.09.21 06:25:45.539,0.96775,0.96785,1.37,1.00
2015.09.21 06:25:46.048,0.96775,0.96786,1.37,1.12
2015.09.21 06:25:52.224,0.96775,0.96788,1.87,1.75
2015.09.21 06:25:52.276,0.96777,0.96788,1.37,1.12
2015.09.21 06:25:52.684,0.96778,0.9679,1.12,1.50
2015.09.21 06:25:53.018,0.9678,0.9679,1.00,1.00
2015.09.21 06:25:53.324,0.96782,0.96796,1.12,1.00
2015.09.21 06:25:54.694,0.96785,0.96799,1.12,2.25
2015.09.21 06:25:55.718,0.96787,0.96799,1.00,2.25
2015.09.21 06:25:56.328,0.96787,0.96799,1.37,2.25
2015.09.21 06:26:07.571,0.96788,0.96797,1.00,1.00
2015.09.21 06:26:08.534,0.96788,0.96798,1.00,1.12
2015.09.21 06:26:13.723,0.96788,0.96799,1.37,1.87
2015.09.21 06:26:22.738,0.96792,0.96799,2.15,1.12
2015.09.21 06:26:23.239,0.96792,0.96799,2.15,1.37
2015.09.21 06:26:24.115,0.96792,0.96799,1.05,1.37
2015.09.21 06:26:29.480,0.96792,0.968,1.10,1.12
2015.09.21 06:26:29.583,0.968,0.96805,1.05,1.37
2015.09.21 06:26:29.788,0.96803,0.96811,1.87,1.00
2015.09.21 06:26:30.456,0.96803,0.96812,1.10,1.50
2015.09.21 06:26:30.982,0.96803,0.96813,1.20,1.75
2015.09.21 06:26:31.969,0.96803,0.96813,1.87,1.50
2015.09.21 06:26:34.590,0.96803,0.96812,2.62,1.00
2015.09.21 06:26:35.277,0.96803,0.96813,2.62,1.00
2015.09.21 06:26:38.813,0.96804,0.96814,1.37,1.00
2015.09.21 06:26:38.866,0.96804,0.96814,1.12,1.00
2015.09.21 06:26:39.371,0.96813,0.96819,1.00,1.12
2015.09.21 06:26:42.000,0.96807,0.96819,1.12,1.12
2015.09.21 06:26:42.416,0.96811,0.96819,1.00,1.12
2015.09.21 06:26:42.468,0.96813,0.96823,1.12,1.50
2015.09.21 06:26:42.622,0.96813,0.96824,1.75,1.12
2015.09.21 06:26:42.934,0.96813,0.96827,1.87,1.50
2015.09.21 06:26:43.695,0.96813,0.96825,1.37,1.37
2015.09.21 06:26:43.747,0.96817,0.96827,1.00,1.75
2015.09.21 06:26:44.002,0.96813,0.96823,1.50,1.00
2015.09.21 06:26:44.054,0.96813,0.96821,1.50,1.00
2015.09.21 06:26:44.260,0.96812,0.9682,1.00,1.00
2015.09.21 06:26:45.014,0.96813,0.96819,1.00,1.50
2015.09.21 06:26:45.167,0.96803,0.96814,2.92,1.00
2015.09.21 06:26:46.031,0.96803,0.96814,2.17,1.00
2015.09.21 06:26:46.589,0.96802,0.96814,1.20,1.00
2015.09.21 06:26:47.757,0.96803,0.96814,1.35,1.12
2015.09.21 06:26:47.808,0.96803,0.96809,1.35,1.00
2015.09.21 06:26:48.223,0.96793,0.96804,1.57,1.00
2015.09.21 06:26:48.751,0.96793,0.96803,1.87,1.00
2015.09.21 06:26:49.260,0.96793,0.96802,1.87,1.00
2015.09.21 06:26:49.850,0.96793,0.96802,2.25,1.00
2015.09.21 06:26:50.012,0.96793,0.9681,2.25,1.52
2015.09.21 06:26:51.031,0.96793,0.9681,2.25,1.67
2015.09.21 06:26:53.250,0.96793,0.96803,2.25,1.00
2015.09.21 06:26:53.301,0.96793,0.96805,2.25,1.00
2015.09.21 06:26:53.657,0.96794,0.96808,1.37,1.00
2015.09.21 06:26:53.759,0.96803,0.9681,1.65,1.12
2015.09.21 06:26:53.861,0.96803,0.96812,1.65,1.00
2015.09.21 06:26:54.317,0.96803,0.96816,2.10,1.12
2015.09.21 06:26:54.419,0.96803,0.96816,1.50,1.87
2015.09.21 06:26:55.234,0.96803,0.96815,1.72,1.75
2015.09.21 06:27:04.365,0.96803,0.96814,2.77,1.50
2015.09.21 06:27:04.984,0.96803,0.96814,1.57,1.50
2015.09.21 06:27:09.502,0.96802,0.96813,1.72,1.50
2015.09.21 06:27:10.015,0.96803,0.96814,1.80,1.87
2015.09.21 06:27:11.212,0.96803,0.96813,1.80,1.75
2015.09.21 06:27:14.419,0.96803,0.9681,1.65,1.00
2015.09.21 06:27:14.929,0.96803,0.96809,1.05,1.00
2015.09.21 06:27:20.871,0.96802,0.96809,2.02,1.12
2015.09.21 06:27:21.391,0.96803,0.96809,1.50,1.12
2015.09.21 06:27:22.046,0.96802,0.96809,1.42,1.12
2015.09.21 06:27:22.756,0.96803,0.9681,2.02,1.50
2015.09.21 06:27:23.874,0.96802,0.9681,1.05,1.50
2015.09.21 06:27:24.552,0.96803,0.9681,2.10,1.50
2015.09.21 06:27:28.161,0.96802,0.9681,1.42,1.50
2015.09.21 06:27:28.670,0.96803,0.9681,1.20,1.50
2015.09.21 06:27:29.302,0.96803,0.96811,1.50,1.50
2015.09.21 06:27:29.971,0.96803,0.96808,1.20,1.00
2015.09.21 06:27:30.227,0.96803,0.96811,1.95,1.50
2015.09.21 06:27:30.743,0.96803,0.96809,1.95,1.00
2015.09.21 06:27:31.257,0.96803,0.9681,1.95,1.12
2015.09.21 06:27:35.907,0.96803,0.96809,1.27,1.12
2015.09.21 06:27:36.420,0.96803,0.96807,1.27,1.00
2015.09.21 06:27:36.574,0.96796,0.96805,1.00,1.00
2015.09.21 06:27:36.780,0.96794,0.96805,1.00,1.50
2015.09.21 06:27:37.458,0.96793,0.96804,2.10,1.12
2015.09.21 06:27:39.414,0.96793,0.96804,2.55,1.37
2015.09.21 06:27:39.939,0.96793,0.96804,2.55,1.37
2015.09.21 06:27:41.561,0.96793,0.96805,2.55,1.37
2015.09.21 06:27:43.196,0.968,0.96807,1.35,1.75
2015.09.21 06:27:43.452,0.96803,0.96807,1.57,1.50
2015.09.21 06:27:46.569,0.96803,0.96808,1.27,1.00
2015.09.21 06:27:50.214,0.96803,0.96807,1.95,1.00
2015.09.21 06:27:50.486,0.96793,0.96804,1.65,1.00
2015.09.21 06:27:50.540,0.96793,0.96804,1.65,1.00
2015.09.21 06:27:50.897,0.96793,0.96805,1.95,1.00
2015.09.21 06:27:51.406,0.96793,0.96806,1.95,1.00
2015.09.21 06:27:51.811,0.96803,0.96809,1.57,1.37
2015.09.21 06:27:55.714,0.96803,0.96812,1.27,1.37
2015.09.21 06:27:59.225,0.96802,0.96806,2.02,1.00
2015.09.21 06:27:59.281,0.96795,0.96802,1.00,1.00
2015.09.21 06:27:59.435,0.96794,0.96799,1.00,1.00
2015.09.21 06:27:59.639,0.96794,0.96801,1.00,1.00
2015.09.21 06:27:59.741,0.96795,0.96804,1.00,1.00
2015.09.21 06:27:59.793,0.96795,0.96806,1.00,1.87
2015.09.21 06:27:59.845,0.96802,0.96806,1.42,1.87
2015.09.21 06:27:59.947,0.96795,0.96806,1.00,1.87
2015.09.21 06:28:00.407,0.96793,0.96806,1.05,1.87
2015.09.21 06:28:01.231,0.96793,0.96806,1.37,1.87
2015.09.21 06:28:01.986,0.96793,0.96806,1.37,1.12
2015.09.21 06:28:03.239,0.96793,0.96806,1.37,1.00
2015.09.21 06:28:04.256,0.96802,0.96806,1.00,1.00
2015.09.21 06:28:05.019,0.96793,0.96805,1.87,1.00
2015.09.21 06:28:05.873,0.96793,0.96806,1.87,1.00
2015.09.21 06:28:05.925,0.96802,0.96806,1.00,1.00
2015.09.21 06:28:07.155,0.96792,0.96805,2.70,1.00
2015.09.21 06:28:09.104,0.96793,0.96806,2.10,1.12
2015.09.21 06:28:09.755,0.96793,0.96806,2.10,1.50
2015.09.21 06:28:10.267,0.96793,0.96806,2.47,1.87
2015.09.21 06:28:28.829,0.96793,0.96806,2.47,1.87
2015.09.21 06:28:36.636,0.96794,0.96806,1.50,1.75
2015.09.21 06:28:36.944,0.96803,0.9681,1.10,1.12
2015.09.21 06:28:36.995,0.96803,0.96812,1.10,1.75
2015.09.21 06:28:38.060,0.96803,0.96816,1.57,1.12
2015.09.21 06:28:38.571,0.96802,0.96817,1.87,1.87
2015.09.21 06:28:39.080,0.96802,0.96816,2.25,1.75
2015.09.21 06:28:39.784,0.96802,0.96816,2.25,1.12
2015.09.21 06:28:47.902,0.96802,0.96816,2.62,1.12
2015.09.21 06:28:47.953,0.96803,0.96817,3.07,1.12
2015.09.21 06:28:48.259,0.96806,0.9682,1.00,1.75
2015.09.21 06:28:48.412,0.96806,0.9682,1.50,1.75
2015.09.21 06:28:51.342,0.96805,0.9682,1.12,1.12
2015.09.21 06:28:52.051,0.96813,0.96822,1.00,1.50
2015.09.21 06:28:52.106,0.96813,0.96822,1.00,1.37
2015.09.21 06:28:55.860,0.96813,0.96822,1.00,1.50
2015.09.21 06:28:56.782,0.96813,0.9682,1.00,1.12
2015.09.21 06:28:59.589,0.96805,0.96818,1.50,1.50
2015.09.21 06:29:00.097,0.96803,0.96816,3.07,1.75
2015.09.21 06:29:02.461,0.96804,0.96816,1.37,1.75
2015.09.21 06:29:03.365,0.96804,0.96816,1.37,1.75
2015.09.21 06:29:03.894,0.96804,0.96816,1.37,1.75
2015.09.21 06:29:04.397,0.96803,0.96816,2.77,1.87
2015.09.21 06:29:04.906,0.96803,0.96816,1.47,2.25
2015.09.21 06:29:06.275,0.96803,0.96815,1.57,1.12
2015.09.21 06:29:06.998,0.96803,0.96815,1.47,2.25
2015.09.21 06:29:10.712,0.96803,0.96812,1.50,1.50
2015.09.21 06:29:10.815,0.96803,0.9681,1.27,1.37
2015.09.21 06:29:11.324,0.96802,0.9681,1.20,1.87
2015.09.21 06:29:11.839,0.96803,0.96807,1.50,1.00
2015.09.21 06:29:12.345,0.96803,0.96809,1.27,1.75
2015.09.21 06:29:13.586,0.96803,0.96808,1.27,1.00
2015.09.21 06:29:16.828,0.96802,0.96813,1.27,1.87
2015.09.21 06:29:17.159,0.96803,0.96814,1.95,1.12
2015.09.21 06:29:17.671,0.96804,0.96818,1.12,1.12
2015.09.21 06:29:22.618,0.96804,0.96818,1.12,1.12
2015.09.21 06:29:22.721,0.96813,0.96819,1.00,1.12
2015.09.21 06:29:22.773,0.96813,0.96818,1.00,1.00
2015.09.21 06:29:23.845,0.96806,0.96818,1.87,1.00
2015.09.21 06:29:23.896,0.96805,0.9682,2.25,1.12
2015.09.21 06:29:33.665,0.96813,0.96817,1.00,1.00
2015.09.21 06:29:34.380,0.96813,0.96819,1.00,1.12
2015.09.21 06:29:37.926,0.96813,0.96818,1.00,1.00
2015.09.21 06:29:55.681,0.96813,0.9682,1.00,1.00
2015.09.21 06:29:56.367,0.96813,0.96821,1.00,1.00
2015.09.21 06:29:59.261,0.96812,0.9682,1.00,1.37
2015.09.21 06:29:59.314,0.96808,0.96818,1.00,1.50
2015.09.21 06:29:59.846,0.96806,0.96818,1.12,1.50
2015.09.21 06:29:59.897,0.96813,0.96819,1.00,1.75
2015.09.21 06:30:01.111,0.96806,0.96818,1.12,1.50
2015.09.21 06:30:01.264,0.96804,0.96816,1.37,1.00
2015.09.21 06:30:01.737,0.96803,0.96815,2.25,1.75
2015.09.21 06:30:02.252,0.96802,0.96814,1.65,1.75
2015.09.21 06:30:02.830,0.96803,0.9681,1.20,1.75
2015.09.21 06:30:06.405,0.96803,0.96812,1.35,1.87
2015.09.21 06:30:07.489,0.96803,0.96814,1.00,1.12
2015.09.21 06:30:07.592,0.96803,0.96816,1.57,1.12
2015.09.21 06:30:09.129,0.96803,0.96816,1.80,1.87
2015.09.21 06:30:11.433,0.96803,0.96816,2.17,1.75
2015.09.21 06:30:11.941,0.96803,0.96817,3.45,1.75
2015.09.21 06:30:13.536,0.96803,0.96817,3.45,1.87
2015.09.21 06:30:16.975,0.96802,0.96814,3.75,1.00
2015.09.21 06:30:17.559,0.96802,0.96815,3.75,1.75
2015.09.21 06:30:18.751,0.96802,0.96816,3.75,1.75
2015.09.21 06:30:18.905,0.96804,0.96817,1.12,1.87
2015.09.21 06:30:19.504,0.96803,0.96817,3.30,1.12
2015.09.21 06:30:23.880,0.96803,0.96814,2.02,1.00
2015.09.21 06:30:24.427,0.96803,0.96815,2.02,1.75
2015.09.21 06:30:25.065,0.96803,0.96815,2.02,1.75
2015.09.21 06:30:25.543,0.96803,0.96816,1.95,1.37
2015.09.21 06:30:26.058,0.96803,0.96816,2.70,1.50
2015.09.21 06:30:26.274,0.96803,0.96815,3.00,1.50
2015.09.21 06:30:26.694,0.96803,0.96815,2.40,1.87
2015.09.21 06:30:27.608,0.96803,0.96811,1.67,1.00
2015.09.21 06:30:28.117,0.96803,0.96813,1.67,1.75
2015.09.21 06:30:28.626,0.96803,0.96814,1.37,1.75
2015.09.21 06:30:29.033,0.96803,0.96816,3.15,1.87
2015.09.21 06:30:29.557,0.96803,0.96817,3.15,1.75
2015.09.21 06:30:29.862,0.96803,0.96816,3.00,1.87
2015.09.21 06:30:30.219,0.96803,0.96816,3.07,1.87
2015.09.21 06:30:30.321,0.96807,0.96818,1.12,1.75
2015.09.21 06:30:30.853,0.96807,0.96817,1.37,1.00
2015.09.21 06:30:31.361,0.96807,0.9682,1.87,1.87
2015.09.21 06:30:31.464,0.96808,0.96822,1.50,2.25
2015.09.21 06:30:32.201,0.96813,0.9682,1.00,1.75
2015.09.21 06:30:33.666,0.96813,0.96822,1.37,1.87
2015.09.21 06:30:33.770,0.96813,0.96822,1.37,1.75
2015.09.21 06:30:34.806,0.96813,0.9682,1.12,1.12
2015.09.21 06:30:47.525,0.96813,0.96824,1.37,1.12
2015.09.21 06:30:47.679,0.96815,0.96828,1.37,1.12
2015.09.21 06:30:47.781,0.96817,0.96831,1.87,1.12
2015.09.21 06:30:47.884,0.96817,0.96833,1.75,1.87
2015.09.21 06:30:50.448,0.96819,0.96831,1.00,1.87
2015.09.21 06:30:50.754,0.96817,0.96825,1.37,1.00
2015.09.21 06:30:50.856,0.96815,0.96825,1.87,1.00
2015.09.21 06:30:51.592,0.96815,0.96824,1.50,1.00
2015.09.21 06:30:52.093,0.96815,0.96826,1.50,1.37
2015.09.21 06:30:52.970,0.96815,0.96823,1.50,1.00
2015.09.21 06:30:53.329,0.96815,0.96821,1.50,1.00
2015.09.21 06:30:53.380,0.96813,0.96821,1.87,1.00
2015.09.21 06:30:54.363,0.96815,0.96825,1.87,1.75
2015.09.21 06:30:54.416,0.96818,0.96828,1.50,1.12
2015.09.21 06:30:54.468,0.96818,0.96826,1.00,1.00
2015.09.21 06:30:54.989,0.96815,0.96825,3.37,1.00
2015.09.21 06:30:56.180,0.96815,0.96824,3.37,1.00
2015.09.21 06:30:56.434,0.96818,0.96826,1.37,1.00
2015.09.21 06:30:56.740,0.96816,0.96824,1.87,1.00
2015.09.21 06:30:56.792,0.96816,0.96824,1.50,1.00
2015.09.21 06:30:57.147,0.96814,0.96821,1.50,1.00
2015.09.21 06:30:59.067,0.96815,0.96822,1.37,1.00
2015.09.21 06:30:59.722,0.96815,0.96822,1.37,1.00
2015.09.21 06:31:00.721,0.96815,0.96823,1.37,1.00
2015.09.21 06:31:01.028,0.96818,0.96825,1.12,1.12
2015.09.21 06:31:01.130,0.96816,0.96824,2.25,1.00
2015.09.21 06:31:01.334,0.96816,0.96824,1.50,1.00
2015.09.21 06:31:01.806,0.96815,0.96822,1.50,1.00
2015.09.21 06:31:03.243,0.96815,0.96821,1.12,1.00
2015.09.21 06:31:03.756,0.96815,0.9682,1.12,1.00
2015.09.21 06:31:04.270,0.96815,0.96821,1.12,1.00
2015.09.21 06:31:04.790,0.96814,0.96822,1.37,1.00
2015.09.21 06:31:05.300,0.96814,0.96822,1.87,1.00
2015.09.21 06:31:06.561,0.96815,0.96824,1.37,1.50
2015.09.21 06:31:09.042,0.96814,0.96824,1.37,1.50
2015.09.21 06:31:09.349,0.96816,0.96829,1.00,1.75
2015.09.21 06:31:09.401,0.96815,0.96829,1.87,1.75
2015.09.21 06:31:09.504,0.96816,0.96826,1.50,1.72
2015.09.21 06:31:09.555,0.96816,0.96826,1.50,2.10
2015.09.21 06:31:09.710,0.96813,0.96824,1.37,2.10
2015.09.21 06:31:10.419,0.96816,0.96826,1.37,1.12
2015.09.21 06:31:10.470,0.96819,0.96833,1.87,2.25
2015.09.21 06:31:10.726,0.96824,0.96835,1.00,1.37
2015.09.21 06:31:11.185,0.96823,0.96837,2.62,1.12
2015.09.21 06:31:13.092,0.9683,0.96841,1.37,4.12
2015.09.21 06:31:13.144,0.9683,0.96844,1.12,1.87
2015.09.21 06:31:13.247,0.9683,0.96844,1.50,2.10
2015.09.21 06:31:13.554,0.9683,0.96844,1.87,2.47
2015.09.21 06:31:13.860,0.9683,0.96844,2.25,1.75
2015.09.21 06:31:14.362,0.9683,0.96844,1.87,1.87
2015.09.21 06:31:14.668,0.9683,0.96844,3.37,2.05
2015.09.21 06:31:14.821,0.96833,0.96844,1.00,1.72
2015.09.21 06:31:16.799,0.96832,0.96845,1.87,1.87
2015.09.21 06:31:17.376,0.96834,0.96845,1.87,1.50
2015.09.21 06:31:17.428,0.96838,0.96849,2.25,1.37
2015.09.21 06:31:17.581,0.9684,0.9685,1.00,1.12
2015.09.21 06:31:18.091,0.96839,0.9685,1.12,1.12
2015.09.21 06:31:19.314,0.96839,0.96851,1.37,1.75
2015.09.21 06:31:19.865,0.96839,0.9685,2.62,1.12
2015.09.21 06:31:20.375,0.96839,0.96851,2.62,1.75
2015.09.21 06:31:23.178,0.9684,0.96851,1.12,1.12
2015.09.21 06:31:23.638,0.96841,0.96853,1.37,1.75
2015.09.21 06:31:24.554,0.96841,0.96851,1.00,1.12
2015.09.21 06:31:25.665,0.96841,0.96852,1.50,1.12
2015.09.21 06:31:27.896,0.96839,0.96853,1.50,1.12
2015.09.21 06:31:28.561,0.96839,0.96851,1.37,1.12
2015.09.21 06:31:31.584,0.96839,0.96851,1.87,1.75
2015.09.21 06:31:34.340,0.96839,0.96848,1.50,1.37
2015.09.21 06:31:34.391,0.96837,0.96848,1.87,1.37
2015.09.21 06:31:34.981,0.96835,0.96849,3.37,1.12
2015.09.21 06:31:36.048,0.96836,0.96847,1.00,1.37
2015.09.21 06:31:36.100,0.96835,0.96847,2.25,1.37
2015.09.21 06:31:36.152,0.96834,0.96846,1.50,1.12
2015.09.21 06:31:36.493,0.9683,0.96845,1.87,1.87
2015.09.21 06:31:36.801,0.96831,0.96842,1.37,1.75
2015.09.21 06:31:40.061,0.96828,0.96842,1.87,1.75
2015.09.21 06:31:41.681,0.96831,0.96843,1.37,1.12
2015.09.21 06:31:41.732,0.96831,0.96844,1.50,1.87
2015.09.21 06:31:41.987,0.96833,0.96846,1.37,2.25
2015.09.21 06:31:42.343,0.96834,0.96844,1.37,1.00
2015.09.21 06:31:44.644,0.96834,0.96845,1.00,1.12
2015.09.21 06:31:44.699,0.9683,0.96845,1.12,1.75
2015.09.21 06:31:48.445,0.96829,0.96844,1.87,2.25
2015.09.21 06:31:49.323,0.96829,0.96844,1.87,1.87
2015.09.21 06:31:49.832,0.9683,0.96845,1.87,2.25
2015.09.21 06:31:52.810,0.96829,0.96844,1.12,1.12
2015.09.21 06:31:54.295,0.96827,0.96837,1.87,1.00
2015.09.21 06:31:54.347,0.96824,0.96838,1.50,1.12
2015.09.21 06:31:55.167,0.96823,0.96836,1.50,1.75
2015.09.21 06:31:55.486,0.96821,0.96834,1.50,1.75
2015.09.21 06:31:55.793,0.96818,0.96833,1.87,1.87
2015.09.21 06:31:56.303,0.96818,0.96833,1.12,1.12
2015.09.21 06:31:56.871,0.96817,0.96832,1.12,1.87
2015.09.21 06:31:58.296,0.96817,0.9683,1.12,1.12
2015.09.21 06:31:58.687,0.96815,0.96829,1.37,2.25
2015.09.21 06:32:00.740,0.96814,0.96828,1.87,1.87
2015.09.21 06:32:01.198,0.96813,0.96828,4.12,1.87
2015.09.21 06:32:05.538,0.96813,0.96825,1.37,1.12
2015.09.21 06:32:06.054,0.96813,0.96824,1.12,1.87
2015.09.21 06:32:07.845,0.96813,0.96821,1.12,1.00
2015.09.21 06:32:08.958,0.96813,0.96826,1.37,1.75
2015.09.21 06:32:09.265,0.96814,0.96828,1.50,1.87
2015.09.21 06:32:09.948,0.96815,0.96828,1.37,1.12
2015.09.21 06:32:10.589,0.96816,0.96829,1.12,1.12
2015.09.21 06:32:14.061,0.96817,0.9683,1.37,1.12
2015.09.21 06:32:14.572,0.96818,0.96831,1.12,1.12
2015.09.21 06:32:17.783,0.96816,0.96829,1.37,1.12
2015.09.21 06:32:17.885,0.96814,0.96826,1.50,1.00
2015.09.21 06:32:18.393,0.96814,0.96827,1.50,1.12
2015.09.21 06:32:19.044,0.96816,0.96829,1.00,1.12
2015.09.21 06:32:19.147,0.96818,0.96829,1.00,1.12
2015.09.21 06:32:19.198,0.96818,0.96831,1.12,3.00
2015.09.21 06:32:19.300,0.96818,0.96831,1.50,1.87
2015.09.21 06:32:36.516,0.96814,0.96824,1.12,1.75
2015.09.21 06:32:36.922,0.96813,0.9682,1.00,1.50
2015.09.21 06:32:43.517,0.96812,0.9682,1.00,1.87
2015.09.21 06:32:43.569,0.96805,0.96819,1.12,2.25
2015.09.21 06:32:43.621,0.96804,0.96819,1.87,3.37
2015.09.21 06:32:43.927,0.96803,0.96815,2.56,1.00
2015.09.21 06:32:44.193,0.96803,0.96816,1.10,1.87
2015.09.21 06:32:44.651,0.96803,0.96811,1.12,1.50
2015.09.21 06:32:44.959,0.96801,0.96808,1.12,1.75
2015.09.21 06:32:47.469,0.96799,0.96805,1.05,1.50
2015.09.21 06:32:47.980,0.96797,0.96805,1.10,1.87
2015.09.21 06:32:48.553,0.96795,0.96802,1.10,1.12
2015.09.21 06:32:48.939,0.96792,0.96799,3.52,1.87
2015.09.21 06:32:51.362,0.96791,0.96798,3.52,1.75
2015.09.21 06:32:51.870,0.96791,0.96798,2.77,1.75
2015.09.21 06:32:54.471,0.9679,0.96797,1.65,1.12
2015.09.21 06:32:54.675,0.96782,0.96797,1.87,1.87
2015.09.21 06:32:54.777,0.96782,0.96797,2.25,1.50
2015.09.21 06:32:54.980,0.96782,0.96796,1.12,1.75
2015.09.21 06:32:56.402,0.96794,0.96802,1.35,1.75
2015.09.21 06:32:57.845,0.96797,0.96805,1.65,1.75
2015.09.21 06:32:58.456,0.96803,0.96807,1.87,1.12
2015.09.21 06:32:58.609,0.96803,0.96813,1.57,1.87
2015.09.21 06:33:07.225,0.96802,0.96811,2.25,1.00
2015.09.21 06:33:07.380,0.96803,0.96811,2.92,1.00
2015.09.21 06:33:07.431,0.96803,0.96813,3.30,1.00
2015.09.21 06:33:08.332,0.96803,0.96811,1.57,1.12
2015.09.21 06:33:31.800,0.96803,0.96812,1.67,1.87
2015.09.21 06:33:31.953,0.96803,0.96813,2.55,1.87
2015.09.21 06:33:32.485,0.96804,0.96813,1.00,1.00
2015.09.21 06:33:33.940,0.96803,0.96815,2.25,2.62
2015.09.21 06:33:34.500,0.96813,0.9682,1.00,1.87
2015.09.21 06:33:36.347,0.96813,0.9682,1.00,1.87
2015.09.21 06:33:36.857,0.96813,0.96819,1.00,1.00
2015.09.21 06:33:36.959,0.96813,0.96823,1.00,1.75
2015.09.21 06:33:37.219,0.96813,0.96823,1.75,1.37
2015.09.21 06:33:37.272,0.96816,0.96828,1.00,1.00
2015.09.21 06:33:41.644,0.96816,0.96827,1.00,1.00
2015.09.21 06:33:44.168,0.96816,0.96828,1.00,1.50
2015.09.21 06:33:48.768,0.96816,0.96827,1.00,1.00
2015.09.21 06:33:55.718,0.96816,0.96828,1.00,1.00
2015.09.21 06:33:56.075,0.96816,0.96829,1.12,1.12
2015.09.21 06:33:56.792,0.96817,0.96831,1.87,1.37
2015.09.21 06:33:57.099,0.96821,0.96833,1.00,2.62
2015.09.21 06:33:57.438,0.96821,0.96833,1.87,1.50
2015.09.21 06:33:57.490,0.96825,0.96836,1.00,1.00
2015.09.21 06:33:57.593,0.96824,0.96837,1.12,1.12
2015.09.21 06:33:59.670,0.96824,0.96835,1.12,1.50
2015.09.21 06:33:59.975,0.96816,0.96829,1.75,1.12
2015.09.21 06:34:00.281,0.96818,0.96827,1.00,1.12
2015.09.21 06:34:00.434,0.96817,0.96831,1.75,1.50
2015.09.21 06:34:00.758,0.96821,0.96834,1.50,2.25
2015.09.21 06:34:01.222,0.96821,0.96834,1.75,1.12
2015.09.21 06:34:02.782,0.96823,0.96834,2.25,1.00
2015.09.21 06:34:02.834,0.96823,0.96837,3.00,1.12
2015.09.21 06:34:08.157,0.96828,0.96837,1.00,1.12
2015.09.21 06:34:08.666,0.96825,0.96839,1.75,2.62
2015.09.21 06:34:09.935,0.96826,0.96841,2.62,2.25
2015.09.21 06:34:10.603,0.96832,0.96846,1.50,1.75
2015.09.21 06:34:11.898,0.96833,0.96844,1.37,1.00
2015.09.21 06:34:12.576,0.96835,0.96848,1.00,1.87
2015.09.21 06:34:13.025,0.96835,0.96847,1.00,1.00
2015.09.21 06:34:13.538,0.96836,0.96847,1.00,1.12
2015.09.21 06:34:14.088,0.96837,0.96848,1.00,1.50
2015.09.21 06:34:16.040,0.96837,0.96848,1.00,1.75
2015.09.21 06:34:16.245,0.96837,0.96848,1.00,1.00
2015.09.21 06:34:16.750,0.96839,0.9685,1.00,1.75
2015.09.21 06:34:17.309,0.96838,0.9685,1.12,1.75
2015.09.21 06:34:18.070,0.96838,0.9685,1.50,1.87
2015.09.21 06:34:18.395,0.9684,0.9685,1.00,1.87
2015.09.21 06:34:18.905,0.96839,0.9685,1.00,2.62
2015.09.21 06:34:19.930,0.96836,0.96849,1.87,1.12
2015.09.21 06:34:36.973,0.96837,0.96849,1.00,1.75
2015.09.21 06:34:47.283,0.96836,0.9685,1.12,3.37
2015.09.21 06:34:49.676,0.96837,0.9685,1.50,3.00
2015.09.21 06:35:03.740,0.96834,0.96847,1.75,1.00
2015.09.21 06:35:03.943,0.96833,0.96846,1.12,1.12
2015.09.21 06:35:04.147,0.96834,0.96845,1.00,1.00
2015.09.21 06:35:06.071,0.96834,0.96842,1.00,1.00
2015.09.21 06:35:06.122,0.96829,0.96842,1.12,1.50
2015.09.21 06:35:06.643,0.96828,0.9684,1.75,1.12
2015.09.21 06:35:06.949,0.96825,0.96838,1.12,1.00
2015.09.21 06:35:07.051,0.96824,0.96837,1.75,1.12
2015.09.21 06:35:07.673,0.96823,0.96837,1.75,1.50
2015.09.21 06:35:07.726,0.96821,0.96834,1.12,1.12
2015.09.21 06:35:08.236,0.96819,0.96833,1.75,1.12
2015.09.21 06:35:09.338,0.96821,0.96833,1.50,1.50
2015.09.21 06:35:09.847,0.9682,0.96831,1.50,1.12
2015.09.21 06:35:10.588,0.96817,0.9683,1.75,1.00
2015.09.21 06:35:10.639,0.96819,0.9683,1.00,1.00
2015.09.21 06:35:14.727,0.96817,0.9683,1.75,1.50
2015.09.21 06:35:14.983,0.96814,0.96827,3.00,1.12
2015.09.21 06:35:15.291,0.96813,0.96827,1.87,1.75
2015.09.21 06:35:16.019,0.96817,0.96829,1.00,1.87
2015.09.21 06:35:16.071,0.96816,0.96831,1.50,3.00
2015.09.21 06:35:16.123,0.96816,0.96831,1.87,1.87
2015.09.21 06:35:16.176,0.96816,0.96831,2.25,1.50
2015.09.21 06:35:16.772,0.96817,0.96832,2.25,1.50
2015.09.21 06:35:19.613,0.96822,0.96832,1.00,1.50
2015.09.21 06:35:20.121,0.96822,0.96833,1.12,1.37
2015.09.21 06:35:21.996,0.96817,0.96832,2.25,1.37
2015.09.21 06:35:25.446,0.96822,0.96833,1.00,1.50
2015.09.21 06:35:26.046,0.96822,0.96833,1.12,1.50
2015.09.21 06:35:26.100,0.96831,0.96846,2.25,1.75
2015.09.21 06:35:26.405,0.96832,0.96847,4.12,1.37
2015.09.21 06:35:26.914,0.96831,0.96847,1.87,1.75
2015.09.21 06:35:27.279,0.96833,0.96848,1.12,1.50
2015.09.21 06:35:27.790,0.96834,0.96849,3.00,1.50
2015.09.21 06:35:29.257,0.96835,0.96847,1.12,1.00
2015.09.21 06:35:29.410,0.96833,0.96847,1.12,1.50
2015.09.21 06:35:29.563,0.9684,0.96848,1.12,1.00
2015.09.21 06:35:29.614,0.9684,0.96849,1.87,1.00
2015.09.21 06:35:30.191,0.96848,0.96857,1.75,1.00
2015.09.21 06:35:30.243,0.9685,0.96862,1.12,1.00
2015.09.21 06:35:30.295,0.96849,0.96862,1.75,1.00
2015.09.21 06:35:30.806,0.9685,0.96863,1.50,1.00
2015.09.21 06:35:31.344,0.9685,0.96864,1.50,1.00
2015.09.21 06:35:31.858,0.9685,0.96864,1.50,1.37
2015.09.21 06:35:32.666,0.9685,0.96864,1.87,1.12
2015.09.21 06:35:34.420,0.96849,0.96864,3.00,1.12
2015.09.21 06:35:34.929,0.96848,0.96863,2.25,1.12
2015.09.21 06:35:35.641,0.96846,0.96861,1.37,1.00
2015.09.21 06:35:36.102,0.96845,0.9686,1.87,1.00
2015.09.21 06:35:38.680,0.96847,0.96862,1.00,1.00
2015.09.21 06:35:39.685,0.96845,0.9686,2.25,1.00
2015.09.21 06:35:39.992,0.96844,0.96858,1.00,1.00
2015.09.21 06:35:40.513,0.96844,0.96857,1.00,1.00
2015.09.21 06:35:40.887,0.9684,0.96856,1.37,1.00
2015.09.21 06:35:41.092,0.96837,0.96853,1.75,1.00
2015.09.21 06:35:41.145,0.96837,0.96853,1.00,1.00
2015.09.21 06:35:41.196,0.96836,0.9685,1.50,1.00
2015.09.21 06:35:42.133,0.96835,0.9685,1.37,1.00
2015.09.21 06:35:45.830,0.96837,0.96852,1.12,1.12
2015.09.21 06:35:46.696,0.96837,0.96852,1.50,1.50
2015.09.21 06:35:47.224,0.96837,0.96852,1.87,1.87
2015.09.21 06:35:47.996,0.96839,0.96853,1.12,1.37
2015.09.21 06:35:51.331,0.96839,0.96853,1.12,1.75
2015.09.21 06:35:56.595,0.96836,0.96848,1.12,1.12
2015.09.21 06:35:56.647,0.96835,0.96848,1.12,1.12
2015.09.21 06:35:57.175,0.96837,0.9685,1.87,1.50
2015.09.21 06:36:00.296,0.96842,0.96851,1.00,1.75
2015.09.21 06:36:00.398,0.96837,0.9685,1.87,1.50
2015.09.21 06:36:00.653,0.96841,0.9685,1.00,1.50
2015.09.21 06:36:00.723,0.96837,0.9685,1.12,1.50
2015.09.21 06:36:00.983,0.96842,0.9685,1.00,1.50
2015.09.21 06:36:05.504,0.96844,0.96852,1.00,1.75
2015.09.21 06:36:05.847,0.96845,0.96853,1.00,1.00
2015.09.21 06:36:06.052,0.96843,0.96854,1.12,1.37
2015.09.21 06:36:06.256,0.96845,0.96854,1.00,1.37
2015.09.21 06:36:06.359,0.96841,0.96854,1.75,1.37
2015.09.21 06:36:07.022,0.96841,0.96852,1.50,1.12
2015.09.21 06:36:08.158,0.96841,0.96852,1.00,1.75
2015.09.21 06:36:08.260,0.96837,0.96851,1.87,1.50
2015.09.21 06:36:08.818,0.96837,0.96849,1.37,1.00
2015.09.21 06:36:10.822,0.96836,0.9685,1.87,1.12
2015.09.21 06:36:11.451,0.96836,0.9685,1.87,1.50
2015.09.21 06:36:12.038,0.96836,0.9685,1.87,1.75
2015.09.21 06:36:13.304,0.96837,0.96852,2.25,1.75
2015.09.21 06:36:13.664,0.96841,0.96853,1.50,1.50
2015.09.21 06:36:15.314,0.96839,0.96854,1.87,1.75
2015.09.21 06:36:16.209,0.96839,0.96854,1.87,1.75
2015.09.21 06:36:16.809,0.96838,0.96853,1.87,1.75
2015.09.21 06:36:17.836,0.9684,0.96853,1.00,1.75
2015.09.21 06:36:20.806,0.96838,0.9685,1.12,1.00
2015.09.21 06:36:23.493,0.96836,0.96846,1.00,1.00
2015.09.21 06:36:23.699,0.96829,0.96843,1.50,1.50
2015.09.21 06:36:23.750,0.96832,0.96843,1.00,1.50
2015.09.21 06:36:23.861,0.96828,0.96843,2.25,1.50
2015.09.21 06:36:24.015,0.96827,0.96842,1.75,1.50
2015.09.21 06:36:28.630,0.9683,0.96843,1.12,1.50
2015.09.21 06:36:28.935,0.96831,0.96846,2.25,1.50
2015.09.21 06:36:29.342,0.96831,0.96845,1.12,1.87
2015.09.21 06:36:29.874,0.9683,0.96844,1.12,1.87
2015.09.21 06:36:31.027,0.96831,0.96843,1.37,1.00
2015.09.21 06:36:31.561,0.96832,0.96845,1.12,1.50
2015.09.21 06:36:31.869,0.96829,0.96842,1.87,1.37
2015.09.21 06:36:31.920,0.96827,0.96841,1.75,1.37
2015.09.21 06:36:32.226,0.96828,0.96841,1.00,1.75
2015.09.21 06:36:34.358,0.96824,0.96839,4.87,1.50
2015.09.21 06:36:34.615,0.96823,0.96838,1.37,2.25
2015.09.21 06:36:38.526,0.96825,0.96837,1.00,1.87
2015.09.21 06:36:42.131,0.96826,0.96837,1.00,1.75
2015.09.21 06:36:42.643,0.96827,0.96838,1.00,1.12
2015.09.21 06:36:42.698,0.96824,0.96838,1.50,1.12
2015.09.21 06:36:42.750,0.96832,0.96836,1.00,1.00
2015.09.21 06:36:42.853,0.96832,0.96839,1.37,1.00
2015.09.21 06:36:42.905,0.96832,0.96844,1.37,1.87
2015.09.21 06:36:43.217,0.96831,0.96843,1.00,1.12
2015.09.21 06:36:43.424,0.96829,0.96843,1.37,1.37
2015.09.21 06:36:43.476,0.96827,0.96842,2.25,1.75
2015.09.21 06:36:46.093,0.96826,0.96841,1.87,1.87
2015.09.21 06:36:49.141,0.9683,0.96842,1.00,1.87
2015.09.21 06:36:49.674,0.9683,0.96842,1.00,1.75
2015.09.21 06:36:50.612,0.96826,0.96839,1.50,1.75
2015.09.21 06:36:50.918,0.96824,0.96838,1.50,1.75
2015.09.21 06:36:51.377,0.9682,0.96833,1.12,1.00
2015.09.21 06:36:51.480,0.96819,0.96833,1.50,1.75
2015.09.21 06:36:51.582,0.96816,0.96829,1.75,1.50
2015.09.21 06:36:52.266,0.96818,0.96826,1.00,1.00
2015.09.21 06:36:56.670,0.96815,0.96826,1.75,1.50
2015.09.21 06:36:56.721,0.96814,0.96826,1.00,1.75
2015.09.21 06:36:56.773,0.96812,0.96822,1.37,1.37
2015.09.21 06:36:56.876,0.9681,0.9682,1.12,1.50
2015.09.21 06:36:57.392,0.96809,0.9682,1.12,1.50
2015.09.21 06:36:58.332,0.9681,0.96821,1.12,1.37
2015.09.21 06:36:58.383,0.9681,0.96821,1.87,1.12
2015.09.21 06:37:00.508,0.9681,0.96821,1.12,1.50
2015.09.21 06:37:01.553,0.9681,0.96821,1.00,1.87
2015.09.21 06:37:01.605,0.96808,0.96817,1.00,1.50
2015.09.21 06:37:01.708,0.96803,0.96817,1.50,1.75
2015.09.21 06:37:02.015,0.96807,0.96816,1.00,1.75
2015.09.21 06:37:02.669,0.96806,0.96815,1.00,1.50
2015.09.21 06:37:03.342,0.96805,0.96815,1.00,1.50
2015.09.21 06:37:04.322,0.96806,0.96815,1.00,1.50
2015.09.21 06:37:04.679,0.96804,0.96815,1.00,1.50
2015.09.21 06:37:04.845,0.96802,0.96814,1.30,1.75
2015.09.21 06:37:07.761,0.96804,0.96814,1.00,1.75
2015.09.21 06:37:08.066,0.96802,0.96814,1.30,1.75
2015.09.21 06:37:09.783,0.96802,0.96814,1.72,1.75
2015.09.21 06:37:10.787,0.96802,0.96814,1.12,1.75
2015.09.21 06:37:11.382,0.96802,0.96814,1.50,1.50
2015.09.21 06:37:16.860,0.96804,0.96814,1.00,1.50
2015.09.21 06:37:18.092,0.96803,0.96814,1.30,1.50
2015.09.21 06:37:18.716,0.96805,0.96813,1.00,1.00
2015.09.21 06:37:18.869,0.96803,0.96812,1.72,1.00
2015.09.21 06:37:19.386,0.96803,0.96814,2.10,1.50
2015.09.21 06:37:20.325,0.96803,0.96815,2.10,1.75
2015.09.21 06:37:20.863,0.96803,0.96815,2.10,1.75
2015.09.21 06:37:22.780,0.96803,0.96813,1.35,1.00
2015.09.21 06:37:23.347,0.96802,0.96814,1.60,1.75
2015.09.21 06:37:26.497,0.96801,0.96812,1.75,1.50
2015.09.21 06:37:26.846,0.96794,0.96801,1.87,1.00
2015.09.21 06:37:26.898,0.96783,0.96797,1.00,1.00
2015.09.21 06:37:26.950,0.96783,0.96792,1.00,1.00
2015.09.21 06:37:27.002,0.96781,0.96792,1.00,1.00
2015.09.21 06:37:27.053,0.96781,0.96788,1.00,1.00
2015.09.21 06:37:27.107,0.96779,0.96788,1.00,1.00
2015.09.21 06:37:27.158,0.96779,0.96795,1.00,1.37
2015.09.21 06:37:27.261,0.96779,0.96792,1.00,1.00
2015.09.21 06:37:27.465,0.96787,0.96801,1.44,1.87
2015.09.21 06:37:27.972,0.96788,0.96801,1.00,1.00
2015.09.21 06:37:28.383,0.96788,0.96803,1.00,1.00
2015.09.21 06:37:28.589,0.96788,0.96803,1.37,1.00
2015.09.21 06:37:29.063,0.96789,0.96805,1.37,1.00
2015.09.21 06:37:29.554,0.96789,0.96803,1.37,1.00
2015.09.21 06:37:30.065,0.96788,0.96804,2.62,1.00
2015.09.21 06:37:30.514,0.96788,0.96805,4.12,1.00
2015.09.21 06:37:30.565,0.9679,0.96807,1.00,1.12
2015.09.21 06:37:30.720,0.9679,0.96807,2.62,1.12
2015.09.21 06:37:31.030,0.96787,0.96803,2.94,1.00
2015.09.21 06:37:31.762,0.96787,0.96802,2.94,1.00
2015.09.21 06:37:32.272,0.96787,0.96803,2.94,1.00
2015.09.21 06:37:32.988,0.96787,0.96802,2.94,1.00
2015.09.21 06:37:33.547,0.96787,0.96802,2.57,1.00
2015.09.21 06:37:35.369,0.96787,0.96802,2.94,1.00
2015.09.21 06:37:35.733,0.96787,0.96804,2.57,1.00
2015.09.21 06:37:35.988,0.96787,0.96804,2.94,1.00
2015.09.21 06:37:36.498,0.96787,0.96802,2.57,1.00
2015.09.21 06:37:37.017,0.96787,0.96802,2.94,1.00
2015.09.21 06:37:42.296,0.96787,0.96802,2.57,1.00
2015.09.21 06:37:42.602,0.96778,0.9679,1.00,1.00
2015.09.21 06:37:42.654,0.96778,0.96788,1.00,1.00
2015.09.21 06:37:43.493,0.96775,0.96786,1.00,1.00
2015.09.21 06:37:43.545,0.96772,0.96787,1.50,1.00
2015.09.21 06:37:43.648,0.9677,0.96782,1.00,1.00
2015.09.21 06:37:43.853,0.96768,0.96782,1.50,1.00
2015.09.21 06:37:44.972,0.96768,0.96782,1.87,1.00
2015.09.21 06:37:52.381,0.96767,0.96782,1.87,1.00
2015.09.21 06:37:52.433,0.96767,0.9678,1.12,1.00
2015.09.21 06:37:52.738,0.96771,0.96779,1.00,1.00
2015.09.21 06:37:53.424,0.96772,0.96781,1.00,1.00
2015.09.21 06:37:53.629,0.9677,0.96781,1.30,1.00
2015.09.21 06:37:54.189,0.9677,0.96782,1.30,1.00
2015.09.21 06:37:55.647,0.9677,0.96781,1.30,1.00
2015.09.21 06:37:57.520,0.96768,0.96781,1.37,1.00
2015.09.21 06:37:57.673,0.96766,0.9678,1.87,1.00
2015.09.21 06:37:58.192,0.96766,0.96779,1.12,1.00
2015.09.21 06:37:59.625,0.96766,0.96779,1.37,1.00
2015.09.21 06:38:01.436,0.96766,0.96779,1.00,1.00
2015.09.21 06:38:04.102,0.96766,0.96778,1.00,1.00
2015.09.21 06:38:06.804,0.96766,0.96778,1.37,1.00
2015.09.21 06:38:07.059,0.96766,0.9678,1.72,1.00
2015.09.21 06:38:07.111,0.96767,0.9678,1.37,1.00
2015.09.21 06:38:07.636,0.96768,0.96779,1.37,1.00
2015.09.21 06:38:11.988,0.96768,0.96781,1.37,1.00
2015.09.21 06:38:12.243,0.96768,0.96783,1.87,1.00
2015.09.21 06:38:12.447,0.96768,0.96783,2.62,1.00
2015.09.21 06:38:12.804,0.96768,0.96783,2.62,1.00
2015.09.21 06:38:13.735,0.96768,0.96783,1.87,1.00
2015.09.21 06:38:14.268,0.96769,0.96784,1.87,1.00
2015.09.21 06:38:16.548,0.96768,0.96783,1.50,1.00
2015.09.21 06:38:16.751,0.96767,0.96781,1.37,1.00
2015.09.21 06:38:18.313,0.96767,0.96782,1.37,1.00
2015.09.21 06:38:20.535,0.96768,0.96781,1.37,1.00
2015.09.21 06:38:20.690,0.96766,0.96783,3.37,1.00
2015.09.21 06:38:21.253,0.96766,0.96782,1.87,1.00
2015.09.21 06:38:23.889,0.96766,0.96783,2.62,1.00
2015.09.21 06:38:24.093,0.96767,0.96783,1.87,1.00
2015.09.21 06:38:25.376,0.96768,0.96783,1.37,1.00
2015.09.21 06:38:25.885,0.96769,0.96784,1.37,1.00
2015.09.21 06:38:27.098,0.9677,0.96785,1.12,1.00
2015.09.21 06:38:27.200,0.9677,0.96785,1.37,1.00
2015.09.21 06:38:27.505,0.96776,0.96784,1.00,1.00
2015.09.21 06:38:27.709,0.96774,0.96784,1.00,1.00
2015.09.21 06:38:28.327,0.96775,0.96784,1.00,1.00
2015.09.21 06:38:28.855,0.96776,0.96784,1.00,1.00
2015.09.21 06:38:28.907,0.96769,0.96784,1.87,1.00
2015.09.21 06:38:30.809,0.96769,0.96784,1.37,1.00
2015.09.21 06:38:30.860,0.96769,0.96784,1.50,1.00
2015.09.21 06:38:31.824,0.96769,0.96784,1.37,1.00
2015.09.21 06:38:33.433,0.96769,0.96784,1.37,1.00
2015.09.21 06:38:33.535,0.96768,0.96783,2.62,1.00
2015.09.21 06:38:33.939,0.96768,0.96783,2.25,1.00
2015.09.21 06:38:34.449,0.96769,0.96784,1.37,1.00
2015.09.21 06:38:35.121,0.96769,0.96784,1.37,1.00
2015.09.21 06:38:36.891,0.96769,0.96784,1.37,1.00
2015.09.21 06:38:37.750,0.96768,0.96783,1.87,1.00
2015.09.21 06:38:37.802,0.96768,0.96783,1.50,1.00
2015.09.21 06:38:38.311,0.96769,0.96784,1.37,1.00
2015.09.21 06:38:38.967,0.96768,0.96783,1.50,1.00
2015.09.21 06:38:39.538,0.96769,0.96784,1.37,1.00
2015.09.21 06:38:40.048,0.96768,0.96783,1.50,1.00
2015.09.21 06:38:40.570,0.96769,0.96784,1.37,1.00
2015.09.21 06:38:40.900,0.96767,0.96782,3.00,1.00
2015.09.21 06:38:41.054,0.96767,0.96781,1.87,1.00
2015.09.21 06:38:41.568,0.96766,0.9678,1.37,1.00
2015.09.21 06:38:47.368,0.96766,0.9678,2.62,1.00
2015.09.21 06:38:47.471,0.96766,0.9678,1.87,1.00
2015.09.21 06:38:48.003,0.96767,0.96779,1.37,1.00
2015.09.21 06:38:48.208,0.96767,0.96779,1.37,1.00
2015.09.21 06:38:49.344,0.96765,0.96777,1.37,1.00
2015.09.21 06:38:49.396,0.96764,0.96777,1.37,1.00
2015.09.21 06:38:49.498,0.96761,0.96776,2.62,1.00
2015.09.21 06:38:49.550,0.96761,0.96774,1.87,1.00
2015.09.21 06:38:49.857,0.96759,0.96774,2.62,1.87
2015.09.21 06:38:55.930,0.9676,0.96774,1.50,1.87
2015.09.21 06:38:56.262,0.96762,0.96774,2.47,1.87
2015.09.21 06:38:56.415,0.96768,0.96779,1.72,1.87
2015.09.21 06:38:56.518,0.96767,0.96779,1.97,1.50
2015.09.21 06:38:56.569,0.96767,0.96779,1.97,1.50
2015.09.21 06:38:59.902,0.96767,0.96781,2.10,1.87
2015.09.21 06:39:01.250,0.96766,0.96781,4.12,1.87
2015.09.21 06:39:01.751,0.96766,0.96779,1.50,1.75
2015.09.21 06:39:05.985,0.96768,0.96779,1.00,1.75
2015.09.21 06:39:06.538,0.96765,0.96779,3.37,1.75
2015.09.21 06:39:07.750,0.96766,0.96779,1.00,1.75
2015.09.21 06:39:10.038,0.96765,0.9678,3.37,1.87
2015.09.21 06:39:10.192,0.96767,0.96778,1.75,1.00
2015.09.21 06:39:10.702,0.96768,0.96782,1.50,1.87
2015.09.21 06:39:10.952,0.96772,0.96782,1.00,1.87
2015.09.21 06:39:11.250,0.96768,0.96782,1.50,1.87
2015.09.21 06:39:15.726,0.96771,0.96782,1.37,1.12
2015.09.21 06:39:15.829,0.96769,0.96783,1.87,1.75
2015.09.21 06:39:23.911,0.96771,0.96781,1.00,1.00
2015.09.21 06:39:24.015,0.96776,0.96784,1.00,1.37
2015.09.21 06:39:24.331,0.96775,0.96788,1.12,1.75
2015.09.21 06:39:24.842,0.96778,0.96789,1.00,1.75
2015.09.21 06:39:25.351,0.96779,0.96789,1.00,1.75
2015.09.21 06:39:29.318,0.96779,0.96789,1.00,1.75
2015.09.21 06:39:29.829,0.96777,0.96791,1.50,1.75
2015.09.21 06:39:31.326,0.96777,0.96791,1.12,1.75
2015.09.21 06:39:45.760,0.96777,0.96792,2.62,1.87
2015.09.21 06:39:57.486,0.96777,0.96791,1.87,1.75
2015.09.21 06:39:57.854,0.96777,0.96789,1.87,1.00
2015.09.21 06:39:57.911,0.96777,0.9679,1.50,1.75
2015.09.21 06:40:01.050,0.96777,0.9679,1.00,1.75
2015.09.21 06:40:01.584,0.96777,0.9679,1.50,1.75
2015.09.21 06:40:02.253,0.96775,0.96788,1.50,1.12
2015.09.21 06:40:04.941,0.96775,0.96787,1.37,1.75
2015.09.21 06:40:07.659,0.96774,0.96787,2.25,1.75
2015.09.21 06:40:07.716,0.96778,0.96787,1.00,1.00
2015.09.21 06:40:07.768,0.96788,0.96793,1.00,3.00
2015.09.21 06:40:07.820,0.96788,0.96793,1.00,1.50
2015.09.21 06:40:08.227,0.96785,0.96791,1.00,1.75
2015.09.21 06:40:08.329,0.96785,0.96791,1.00,1.75
2015.09.21 06:40:08.952,0.96784,0.96789,1.00,1.50
2015.09.21 06:40:10.502,0.96781,0.96788,1.00,4.35
2015.09.21 06:40:10.811,0.9678,0.96786,1.00,1.50
2015.09.21 06:40:10.862,0.96781,0.96786,1.00,1.50
2015.09.21 06:40:10.914,0.96783,0.96789,1.00,1.75
2015.09.21 06:40:10.967,0.96783,0.96789,1.00,1.75
2015.09.21 06:40:11.541,0.9678,0.96786,1.00,1.75
2015.09.21 06:40:14.537,0.9678,0.96786,1.00,1.37
2015.09.21 06:40:17.035,0.9678,0.96786,1.00,1.12
2015.09.21 06:40:17.139,0.96783,0.96787,1.00,1.12
2015.09.21 06:40:17.445,0.96785,0.96789,1.00,1.50
2015.09.21 06:40:18.368,0.96783,0.96788,1.00,1.37
2015.09.21 06:40:18.981,0.96784,0.96789,1.00,1.50
2015.09.21 06:40:27.966,0.96785,0.96792,1.00,1.12
2015.09.21 06:40:28.018,0.96789,0.96793,1.00,1.50
2015.09.21 06:40:28.427,0.96791,0.96795,1.00,1.50
2015.09.21 06:40:28.529,0.96789,0.96794,1.00,1.12
2015.09.21 06:40:31.412,0.9679,0.96794,1.00,1.12
2015.09.21 06:40:31.959,0.96789,0.96794,1.00,1.50
2015.09.21 06:40:34.632,0.96791,0.96795,1.00,1.12
2015.09.21 06:40:35.842,0.96792,0.96796,1.00,1.12
2015.09.21 06:40:36.353,0.96791,0.96795,1.00,1.00
2015.09.21 06:40:36.457,0.96792,0.96798,1.00,1.12
2015.09.21 06:40:36.560,0.96795,0.96802,1.00,1.75
2015.09.21 06:40:36.662,0.96797,0.96801,1.00,1.12
2015.09.21 06:40:37.296,0.96803,0.96807,1.00,1.12
2015.09.21 06:40:37.352,0.96803,0.96808,1.00,1.50
2015.09.21 06:40:37.871,0.96802,0.96808,1.00,1.12
2015.09.21 06:40:40.039,0.96804,0.96809,1.00,1.50
2015.09.21 06:40:40.091,0.96805,0.96811,1.00,1.50
2015.09.21 06:40:40.916,0.96805,0.96812,1.00,1.50
2015.09.21 06:40:42.964,0.96805,0.96814,1.12,1.00
2015.09.21 06:40:43.020,0.96811,0.96815,1.00,1.00
2015.09.21 06:40:43.533,0.96811,0.96815,1.00,1.00
2015.09.21 06:40:44.141,0.96811,0.96816,1.00,1.12
2015.09.21 06:40:44.447,0.96813,0.96817,1.00,1.00
2015.09.21 06:40:45.614,0.96814,0.96818,1.00,1.00
2015.09.21 06:40:45.717,0.96815,0.96824,1.00,1.75
2015.09.21 06:40:45.769,0.96815,0.96824,1.50,1.00
2015.09.21 06:40:45.821,0.9682,0.96826,1.00,1.50
2015.09.21 06:40:46.129,0.96822,0.96828,1.00,1.37
2015.09.21 06:40:46.435,0.96824,0.96828,1.00,1.00
2015.09.21 06:40:47.015,0.96826,0.9683,1.00,1.12
2015.09.21 06:40:47.551,0.96826,0.9683,1.00,1.00
2015.09.21 06:40:49.106,0.96826,0.96831,1.00,1.00
2015.09.21 06:40:49.615,0.96828,0.96833,1.00,1.00
2015.09.21 06:40:50.126,0.96828,0.96834,1.00,1.00
2015.09.21 06:40:50.648,0.96832,0.96839,1.00,1.00
2015.09.21 06:40:50.750,0.96832,0.96837,1.00,1.00
2015.09.21 06:40:53.275,0.96832,0.96836,1.00,1.00
2015.09.21 06:40:56.295,0.96831,0.96836,1.00,1.00
2015.09.21 06:41:00.127,0.9683,0.96836,1.00,1.00
2015.09.21 06:41:00.434,0.9683,0.96834,1.00,1.00
2015.09.21 06:41:03.822,0.9683,0.96835,1.00,1.00
2015.09.21 06:41:04.343,0.96829,0.96835,1.00,1.00
2015.09.21 06:41:05.043,0.96829,0.96834,1.00,1.00
2015.09.21 06:41:06.869,0.96828,0.96833,1.00,1.00
2015.09.21 06:41:11.333,0.96828,0.96832,1.00,1.00
2015.09.21 06:41:15.488,0.96827,0.96831,1.00,1.00
2015.09.21 06:41:15.540,0.96826,0.96831,1.00,1.00
2015.09.21 06:41:16.612,0.96825,0.96831,1.00,1.00
2015.09.21 06:41:16.714,0.96822,0.96826,1.00,1.00
2015.09.21 06:41:16.867,0.96819,0.96825,1.00,1.00
2015.09.21 06:41:17.385,0.96819,0.96826,1.00,1.00
2015.09.21 06:41:17.592,0.96822,0.96826,1.00,1.00
2015.09.21 06:41:17.900,0.96822,0.96829,1.00,1.00
2015.09.21 06:41:21.750,0.96823,0.96832,1.00,1.00
2015.09.21 06:41:21.920,0.96827,0.96832,1.00,1.00
2015.09.21 06:41:22.445,0.96827,0.96833,1.00,1.00
2015.09.21 06:41:23.096,0.96825,0.96832,1.00,1.00
2015.09.21 06:41:24.717,0.96829,0.96833,1.00,1.00
2015.09.21 06:41:24.769,0.96829,0.96837,1.00,1.00
2015.09.21 06:41:25.075,0.96831,0.96836,1.00,1.00
2015.09.21 06:41:27.164,0.96829,0.96835,1.00,1.00
2015.09.21 06:41:27.890,0.96829,0.96834,1.00,1.00
2015.09.21 06:41:29.903,0.96829,0.96836,1.00,1.50
2015.09.21 06:41:30.504,0.9683,0.96836,1.00,1.12
2015.09.21 06:41:31.029,0.96831,0.96835,1.00,1.00
2015.09.21 06:41:35.660,0.96829,0.96835,1.00,1.00
2015.09.21 06:41:36.205,0.96829,0.96836,1.00,1.00
2015.09.21 06:41:37.238,0.96829,0.96835,1.00,1.00
2015.09.21 06:41:39.633,0.96827,0.96835,1.00,1.00
2015.09.21 06:41:39.686,0.96827,0.96832,1.00,1.00
2015.09.21 06:41:39.839,0.96825,0.96832,1.00,1.12
2015.09.21 06:41:40.355,0.96826,0.96833,1.00,1.50
2015.09.21 06:41:42.700,0.96827,0.96834,1.00,1.50
2015.09.21 06:41:44.001,0.96827,0.96834,1.00,1.00
2015.09.21 06:41:44.104,0.96829,0.96835,1.00,1.00
2015.09.21 06:41:44.888,0.96829,0.96836,1.00,1.87
2015.09.21 06:41:45.399,0.9683,0.96837,1.00,1.50
2015.09.21 06:41:45.552,0.96831,0.96838,1.00,1.87
2015.09.21 06:41:45.654,0.96831,0.96842,1.37,1.12
2015.09.21 06:41:45.705,0.96836,0.96847,1.12,1.00
2015.09.21 06:41:46.298,0.96843,0.96851,1.00,1.75
2015.09.21 06:41:46.815,0.96843,0.96851,1.00,1.50
2015.09.21 06:41:51.336,0.96843,0.9685,1.00,1.37
2015.09.21 06:41:52.569,0.96844,0.9685,1.00,1.37
2015.09.21 06:41:52.621,0.96844,0.96851,1.00,1.12
2015.09.21 06:41:54.239,0.96844,0.9685,1.00,1.12
2015.09.21 06:41:55.579,0.96843,0.96852,1.00,1.75
2015.09.21 06:41:56.089,0.96843,0.96852,1.00,1.50
2015.09.21 06:41:57.262,0.96843,0.96851,1.00,1.50
2015.09.21 06:41:57.772,0.96843,0.96851,1.00,1.12
2015.09.21 06:42:04.615,0.96843,0.9685,1.00,1.00
2015.09.21 06:42:04.669,0.96842,0.96849,1.00,1.50
2015.09.21 06:42:04.822,0.9684,0.96848,1.00,1.50
2015.09.21 06:42:04.874,0.96839,0.96844,1.00,1.50
2015.09.21 06:42:04.926,0.96835,0.96844,1.00,1.50
2015.09.21 06:42:05.234,0.96832,0.96841,1.50,1.50
2015.09.21 06:42:08.306,0.96833,0.9684,1.00,1.12
2015.09.21 06:42:09.648,0.96834,0.9684,1.00,1.12
2015.09.21 06:42:10.271,0.96833,0.9684,1.00,1.12
2015.09.21 06:42:11.260,0.96834,0.96841,1.00,1.75
2015.09.21 06:42:11.778,0.96834,0.96841,1.00,1.50
2015.09.21 06:42:11.880,0.96834,0.96842,1.00,1.50
2015.09.21 06:42:12.449,0.96833,0.96842,1.00,1.50
2015.09.21 06:42:12.602,0.96835,0.96842,1.00,1.50
2015.09.21 06:42:13.361,0.96834,0.96842,1.00,1.50
2015.09.21 06:42:16.300,0.9683,0.96839,1.50,1.00
2015.09.21 06:42:16.813,0.96831,0.96839,1.00,1.50
2015.09.21 06:42:18.307,0.9683,0.96838,1.00,1.12
2015.09.21 06:42:18.842,0.9683,0.96839,1.00,2.25
2015.09.21 06:42:19.861,0.9683,0.96839,1.12,1.00
2015.09.21 06:42:19.963,0.9683,0.96842,1.50,2.25
2015.09.21 06:42:20.116,0.96833,0.96842,1.00,2.25
2015.09.21 06:42:20.777,0.96836,0.96844,1.00,1.12
2015.09.21 06:42:21.285,0.96834,0.96844,1.12,1.87
2015.09.21 06:42:22.481,0.96834,0.96841,1.00,1.12
2015.09.21 06:42:22.635,0.96832,0.9684,1.00,1.12
2015.09.21 06:42:23.614,0.96833,0.9684,1.00,1.12
2015.09.21 06:42:23.670,0.96835,0.96842,1.00,2.25
2015.09.21 06:42:24.181,0.96836,0.96842,1.00,1.00
2015.09.21 06:42:24.907,0.96835,0.96842,1.00,1.00
2015.09.21 06:42:25.371,0.96837,0.96842,1.00,1.00
2015.09.21 06:42:25.858,0.96838,0.96845,1.00,1.12
2015.09.21 06:42:26.113,0.96837,0.96847,1.12,1.12
2015.09.21 06:42:26.165,0.9684,0.96847,1.00,1.12
2015.09.21 06:42:26.730,0.9684,0.96848,1.00,1.00
2015.09.21 06:42:27.241,0.96841,0.96848,1.00,1.00
2015.09.21 06:42:33.322,0.96842,0.96848,1.00,1.12
2015.09.21 06:42:33.373,0.96842,0.96852,1.00,1.50
2015.09.21 06:42:33.477,0.96844,0.96852,1.00,1.12
2015.09.21 06:42:33.789,0.96848,0.96855,1.00,1.00
2015.09.21 06:42:33.944,0.96846,0.96856,1.00,1.75
2015.09.21 06:42:33.995,0.96846,0.96856,1.12,1.12
2015.09.21 06:42:34.395,0.96848,0.96854,1.00,1.87
2015.09.21 06:42:34.599,0.96852,0.96862,1.00,2.25
2015.09.21 06:42:35.131,0.96852,0.96861,1.00,1.50
2015.09.21 06:42:35.182,0.96852,0.96861,1.00,1.50
2015.09.21 06:42:35.642,0.9685,0.96858,1.00,1.50
2015.09.21 06:42:35.694,0.96849,0.96857,1.00,1.50
2015.09.21 06:42:35.847,0.96847,0.96855,1.00,1.12
2015.09.21 06:42:36.000,0.96847,0.96854,1.00,1.50
2015.09.21 06:42:36.052,0.96845,0.96853,1.00,1.12
2015.09.21 06:42:36.103,0.96845,0.96853,1.00,1.75
2015.09.21 06:42:36.840,0.96843,0.96851,1.00,1.12
2015.09.21 06:42:36.892,0.96843,0.96849,1.00,1.00
2015.09.21 06:42:37.149,0.96836,0.96844,1.50,1.50
2015.09.21 06:42:37.201,0.96836,0.96844,1.50,1.75
2015.09.21 06:42:37.937,0.96837,0.96842,1.00,1.37
2015.09.21 06:42:38.193,0.96837,0.96843,1.00,1.12
2015.09.21 06:42:38.702,0.96837,0.96846,1.50,1.75
2015.09.21 06:42:39.443,0.96833,0.96843,1.87,1.50
2015.09.21 06:42:39.495,0.96835,0.96843,1.00,1.50
2015.09.21 06:42:40.024,0.96836,0.96844,1.00,1.50
2015.09.21 06:42:40.784,0.96837,0.96844,1.00,1.50
2015.09.21 06:42:41.498,0.96837,0.96845,1.50,1.50
2015.09.21 06:42:42.048,0.96841,0.96849,1.00,1.12
2015.09.21 06:42:42.099,0.9684,0.9685,1.00,2.25
2015.09.21 06:42:44.891,0.96842,0.9685,1.00,2.25
2015.09.21 06:42:45.044,0.9684,0.9685,1.50,2.25
2015.09.21 06:42:45.146,0.96842,0.96851,1.00,2.25
2015.09.21 06:42:45.452,0.96843,0.96851,1.00,1.37
2015.09.21 06:42:46.305,0.96842,0.96851,1.00,1.37
2015.09.21 06:42:46.356,0.96844,0.96853,1.00,2.62
2015.09.21 06:42:46.663,0.96846,0.96853,1.00,2.25
2015.09.21 06:42:47.167,0.96846,0.96853,1.00,1.50
2015.09.21 06:42:49.349,0.96843,0.96853,1.00,1.50
2015.09.21 06:42:49.665,0.96842,0.96853,1.00,2.25
2015.09.21 06:42:49.767,0.9684,0.96853,1.87,2.25
2015.09.21 06:42:50.126,0.96843,0.96851,1.00,1.75
2015.09.21 06:42:50.331,0.9684,0.96849,1.00,1.12
2015.09.21 06:42:50.383,0.9684,0.96849,1.00,1.50
2015.09.21 06:42:50.799,0.96836,0.96843,1.00,1.12
2015.09.21 06:42:51.578,0.96836,0.96842,1.00,1.12
2015.09.21 06:42:52.866,0.96833,0.96842,1.12,1.12
2015.09.21 06:42:53.374,0.96833,0.96841,1.00,1.12
2015.09.21 06:42:53.968,0.96832,0.9684,1.00,1.50
2015.09.21 06:42:54.173,0.96828,0.96839,1.00,1.75
2015.09.21 06:42:54.529,0.96829,0.96837,1.00,1.75
2015.09.21 06:42:54.632,0.96827,0.96836,1.50,1.50
2015.09.21 06:42:54.905,0.96826,0.96835,1.00,1.75
2015.09.21 06:42:56.720,0.96827,0.96834,1.00,1.50
2015.09.21 06:42:57.230,0.96826,0.96834,1.00,1.50
2015.09.21 06:42:57.282,0.96824,0.96833,1.00,1.12
2015.09.21 06:42:57.333,0.96824,0.96833,1.00,3.00
2015.09.21 06:42:57.385,0.96821,0.96831,1.00,1.75
2015.09.21 06:42:57.487,0.96818,0.96829,1.12,1.50
2015.09.21 06:42:58.168,0.96818,0.96828,1.00,1.50
2015.09.21 06:42:58.832,0.96819,0.96828,1.00,1.50
2015.09.21 06:43:01.448,0.96818,0.96827,1.00,1.75
2015.09.21 06:43:02.035,0.96818,0.96826,1.00,1.75
2015.09.21 06:43:06.052,0.96818,0.96827,1.00,1.12
2015.09.21 06:43:06.377,0.9682,0.96827,1.50,1.00
2015.09.21 06:43:06.582,0.96822,0.96827,1.00,1.00
2015.09.21 06:43:07.352,0.96823,0.96831,1.00,1.12
2015.09.21 06:43:07.403,0.9682,0.96831,1.00,1.12
2015.09.21 06:43:11.223,0.96822,0.9683,1.00,1.75
2015.09.21 06:43:11.274,0.96822,0.9683,1.00,1.50
2015.09.21 06:43:11.821,0.96821,0.9683,1.00,1.50
2015.09.21 06:43:14.738,0.96824,0.96832,1.60,1.12
2015.09.21 06:43:14.789,0.96824,0.96834,2.10,1.00
2015.09.21 06:43:14.892,0.96828,0.96837,1.00,1.12
2015.09.21 06:43:14.994,0.96831,0.96838,1.00,1.12
2015.09.21 06:43:15.306,0.96833,0.9684,1.00,1.50
2015.09.21 06:43:15.818,0.96833,0.96841,1.50,1.75
2015.09.21 06:43:16.125,0.96835,0.96844,1.00,1.75
2015.09.21 06:43:16.445,0.96837,0.96845,1.00,1.50
2015.09.21 06:43:16.964,0.96837,0.96844,1.00,1.12
2015.09.21 06:43:18.401,0.96838,0.96846,1.00,1.75
2015.09.21 06:43:18.605,0.9684,0.96847,1.00,1.50
2015.09.21 06:43:18.809,0.96839,0.96845,1.00,1.12
2015.09.21 06:43:18.963,0.96835,0.96845,1.00,1.75
2015.09.21 06:43:19.167,0.96833,0.96843,1.12,1.00
2015.09.21 06:43:20.924,0.96833,0.96844,1.00,1.75
2015.09.21 06:43:21.521,0.96833,0.96842,1.00,1.12
2015.09.21 06:43:22.469,0.96832,0.96844,1.00,1.75
2015.09.21 06:43:22.523,0.96832,0.96844,1.37,1.37
2015.09.21 06:43:23.039,0.96833,0.96847,1.75,2.25
2015.09.21 06:43:24.099,0.96833,0.96844,1.75,1.00
2015.09.21 06:43:24.201,0.96833,0.96844,1.12,1.50
2015.09.21 06:43:25.087,0.96829,0.9684,2.62,1.12
2015.09.21 06:43:28.174,0.96829,0.9684,1.00,1.75
2015.09.21 06:43:28.227,0.96825,0.96837,2.62,1.12
2015.09.21 06:43:28.737,0.96825,0.96836,2.62,1.12
2015.09.21 06:43:29.821,0.96827,0.96837,1.00,1.50
2015.09.21 06:43:32.322,0.96828,0.96837,1.00,1.50
2015.09.21 06:43:34.629,0.96827,0.96837,1.00,1.50
2015.09.21 06:43:35.247,0.96826,0.96835,1.12,1.00
2015.09.21 06:43:35.755,0.96826,0.96834,1.00,1.00
2015.09.21 06:43:38.184,0.96826,0.96835,1.00,1.12
2015.09.21 06:43:38.712,0.96825,0.96835,1.00,1.12
2015.09.21 06:43:39.429,0.96825,0.96835,1.12,1.00
2015.09.21 06:43:40.710,0.96825,0.96836,1.12,1.00
2015.09.21 06:43:41.468,0.96826,0.96837,1.50,1.12
2015.09.21 06:43:42.248,0.96828,0.96839,1.12,1.50
2015.09.21 06:43:43.224,0.96829,0.96839,1.00,1.50
2015.09.21 06:43:43.864,0.96828,0.96839,1.12,1.50
2015.09.21 06:43:50.953,0.96827,0.96838,1.12,1.50
2015.09.21 06:43:54.352,0.96825,0.96837,1.87,1.50
2015.09.21 06:43:59.673,0.96825,0.96836,1.87,1.00
2015.09.21 06:44:00.241,0.96826,0.96837,1.75,1.00
2015.09.21 06:44:03.710,0.96829,0.96837,1.00,1.00
2015.09.21 06:44:04.226,0.96828,0.96837,1.12,1.00
2015.09.21 06:44:09.115,0.96826,0.96836,1.87,1.00
2015.09.21 06:44:09.218,0.96825,0.96835,1.37,1.00
2015.09.21 06:44:09.422,0.96824,0.96833,1.50,1.00
2015.09.21 06:44:09.576,0.9682,0.96832,1.50,1.50
2015.09.21 06:44:09.999,0.96817,0.96829,1.12,1.00
2015.09.21 06:44:10.823,0.96817,0.9683,1.12,1.12
2015.09.21 06:44:17.002,0.96817,0.96829,1.87,1.00
2015.09.21 06:44:17.733,0.96818,0.9683,1.00,1.75
2015.09.21 06:44:18.794,0.96817,0.96828,1.00,1.50
2015.09.21 06:44:21.389,0.96815,0.96826,1.12,1.00
2015.09.21 06:44:21.956,0.96815,0.96827,1.37,1.50
2015.09.21 06:44:22.464,0.96815,0.96827,1.12,1.12
2015.09.21 06:44:25.338,0.96815,0.96827,1.37,1.50
2015.09.21 06:44:26.214,0.96819,0.96827,1.12,1.00
2015.09.21 06:44:26.266,0.96819,0.96833,1.12,1.87
2015.09.21 06:44:26.318,0.9682,0.96833,1.12,1.75
2015.09.21 06:44:26.421,0.9682,0.96833,1.50,1.75
2015.09.21 06:44:26.933,0.9682,0.96834,1.75,1.75
2015.09.21 06:44:27.398,0.96824,0.9683,1.00,1.00
2015.09.21 06:44:27.451,0.96816,0.9683,1.87,1.75
2015.09.21 06:44:27.657,0.96814,0.96828,1.12,1.75
2015.09.21 06:44:31.357,0.96816,0.96828,1.00,1.75
2015.09.21 06:44:31.867,0.96814,0.96829,1.87,1.87
2015.09.21 06:44:34.228,0.96814,0.96829,1.87,1.75
2015.09.21 06:45:03.868,0.96817,0.96828,1.00,1.75
2015.09.21 06:45:04.876,0.96818,0.96829,1.00,1.75
2015.09.21 06:45:05.401,0.96817,0.96828,1.00,1.75
2015.09.21 06:45:09.025,0.96815,0.96828,1.37,1.75
2015.09.21 06:45:23.038,0.96815,0.96827,1.00,1.75
2015.09.21 06:45:23.739,0.96814,0.96826,1.37,1.50
2015.09.21 06:45:27.555,0.96814,0.96825,1.00,1.50
2015.09.21 06:45:45.288,0.96812,0.96824,1.37,1.50
2015.09.21 06:45:46.175,0.96811,0.96823,1.87,1.00
2015.09.21 06:46:08.259,0.96817,0.96826,1.00,1.75
2015.09.21 06:46:08.313,0.96816,0.9683,1.50,1.12
2015.09.21 06:46:18.207,0.96818,0.9683,1.00,1.12
2015.09.21 06:46:26.469,0.96816,0.96831,1.50,2.25
2015.09.21 06:46:26.571,0.96814,0.96828,1.87,1.75
2015.09.21 06:46:27.643,0.96814,0.96828,1.12,1.50
2015.09.21 06:46:27.695,0.96814,0.96828,1.12,1.50
2015.09.21 06:46:33.541,0.96812,0.96826,1.12,1.50
2015.09.21 06:46:34.050,0.96812,0.96827,2.25,1.50
2015.09.21 06:46:51.505,0.96813,0.96827,1.87,1.75
2015.09.21 06:46:53.545,0.96814,0.9683,1.12,1.75
2015.09.21 06:46:53.850,0.96818,0.96831,1.37,1.12
2015.09.21 06:46:53.953,0.96825,0.96835,1.00,1.00
2015.09.21 06:46:55.418,0.96825,0.96836,1.00,1.00
2015.09.21 06:46:55.520,0.96823,0.96836,1.75,1.00
2015.09.21 06:46:57.326,0.96823,0.96836,1.12,1.12
2015.09.21 06:46:59.706,0.96824,0.96838,1.75,1.50
2015.09.21 06:47:00.450,0.96824,0.96837,1.12,1.37
2015.09.21 06:47:00.552,0.96822,0.96836,2.25,1.00
2015.09.21 06:47:01.444,0.96823,0.96837,2.25,1.00
2015.09.21 06:47:03.644,0.96822,0.96836,2.25,1.00
2015.09.21 06:47:04.883,0.96823,0.96838,1.87,1.87
2015.09.21 06:47:06.678,0.96823,0.96838,1.87,1.87
2015.09.21 06:47:06.779,0.96824,0.96836,1.00,1.87
2015.09.21 06:47:07.719,0.96823,0.96838,1.87,2.25
2015.09.21 06:47:08.268,0.96823,0.96838,1.87,2.25
2015.09.21 06:47:17.369,0.96826,0.96839,1.37,1.37
2015.09.21 06:47:17.421,0.96829,0.96839,1.00,1.12
2015.09.21 06:47:17.574,0.9683,0.96845,2.25,1.87
2015.09.21 06:47:18.414,0.96834,0.96849,1.50,1.75
2015.09.21 06:47:21.836,0.96836,0.96851,1.75,2.62
2015.09.21 06:47:22.142,0.96839,0.96854,1.75,1.75
2015.09.21 06:47:22.653,0.96839,0.96855,1.87,1.12
2015.09.21 06:47:23.177,0.96841,0.96855,1.75,1.12
2015.09.21 06:47:25.828,0.9684,0.96855,1.87,1.87
2015.09.21 06:47:33.365,0.9684,0.96855,1.87,2.25
2015.09.21 06:47:35.063,0.96845,0.96855,1.00,1.12
2015.09.21 06:47:35.114,0.96841,0.96855,1.37,1.12
2015.09.21 06:47:35.727,0.96838,0.96853,1.87,1.75
2015.09.21 06:47:36.153,0.96837,0.96851,1.37,1.75
2015.09.21 06:47:36.668,0.96835,0.9685,1.87,1.75
2015.09.21 06:47:39.182,0.96835,0.9685,1.37,3.00
2015.09.21 06:47:39.691,0.96833,0.96845,1.12,1.00
2015.09.21 06:47:48.633,0.96832,0.96845,1.87,1.37
2015.09.21 06:47:49.046,0.96825,0.9684,1.50,1.87
2015.09.21 06:47:53.456,0.96824,0.96839,1.37,1.87
2015.09.21 06:47:53.508,0.96823,0.96838,2.25,1.87
2015.09.21 06:47:56.026,0.96823,0.96838,2.25,1.87
2015.09.21 06:47:56.077,0.96823,0.96838,2.25,1.75
2015.09.21 06:48:03.522,0.96824,0.96839,1.87,1.75
2015.09.21 06:48:10.558,0.96824,0.96839,1.37,1.75
2015.09.21 06:48:11.081,0.96823,0.96837,1.87,1.75
2015.09.21 06:48:11.592,0.96823,0.96837,1.87,1.75
2015.09.21 06:48:15.190,0.96824,0.96837,1.12,1.75
2015.09.21 06:48:30.243,0.96822,0.96831,1.12,1.00
2015.09.21 06:48:30.296,0.96819,0.96831,2.62,1.00
2015.09.21 06:48:31.343,0.96819,0.96833,1.87,1.12
2015.09.21 06:48:31.960,0.96819,0.96833,1.87,1.12
2015.09.21 06:48:41.947,0.96821,0.96835,1.75,1.50
2015.09.21 06:48:50.798,0.96821,0.96836,1.50,1.87
2015.09.21 06:48:50.850,0.96821,0.96836,1.50,2.25
2015.09.21 06:48:51.451,0.96821,0.96836,1.75,1.87
2015.09.21 06:48:57.735,0.9682,0.96835,1.87,1.87
2015.09.21 06:49:18.580,0.96822,0.96834,1.00,1.12
2015.09.21 06:49:20.407,0.96822,0.96837,2.25,2.62
2015.09.21 06:49:20.665,0.96824,0.96836,1.00,1.00
2015.09.21 06:49:20.767,0.96826,0.96836,1.00,1.00
2015.09.21 06:49:21.073,0.96828,0.96842,1.50,1.50
2015.09.21 06:49:21.617,0.9683,0.96844,1.50,1.75
2015.09.21 06:49:22.584,0.96828,0.96843,1.75,1.87
2015.09.21 06:49:23.200,0.96826,0.96841,1.87,1.75
2015.09.21 06:49:25.519,0.96825,0.96839,1.12,1.87
2015.09.21 06:49:25.621,0.96827,0.96839,1.00,1.87
2015.09.21 06:49:25.774,0.96824,0.96838,1.87,1.75
2015.09.21 06:49:44.480,0.96825,0.9684,1.75,1.75
2015.09.21 06:49:45.230,0.96825,0.96839,1.37,1.75
2015.09.21 06:49:45.433,0.96821,0.96836,1.50,3.00
2015.09.21 06:49:56.356,0.9682,0.96832,1.00,1.00
2015.09.21 06:49:58.864,0.9682,0.96831,1.00,1.00
2015.09.21 06:50:00.216,0.9682,0.96832,1.00,1.50
2015.09.21 06:50:00.268,0.96817,0.96829,2.62,1.30
2015.09.21 06:50:00.609,0.96809,0.96821,1.37,1.75
2015.09.21 06:50:00.864,0.968,0.96815,1.75,1.50
2015.09.21 06:50:01.170,0.96799,0.96814,2.25,1.75
2015.09.21 06:50:02.056,0.96801,0.96816,1.50,1.75
2015.09.21 06:50:06.982,0.968,0.96815,1.75,1.75
2015.09.21 06:50:12.874,0.968,0.96811,1.50,1.12
2015.09.21 06:50:13.511,0.96794,0.96809,1.75,1.75
2015.09.21 06:50:14.864,0.96795,0.96809,1.75,1.12
2015.09.21 06:50:16.094,0.96796,0.9681,1.75,1.37
2015.09.21 06:50:16.146,0.96797,0.9681,1.75,1.37
2015.09.21 06:50:18.418,0.968,0.96814,1.50,1.87
2015.09.21 06:50:18.725,0.96803,0.96817,1.75,1.87
2015.09.21 06:50:22.924,0.96802,0.96817,1.87,2.62
2015.09.21 06:50:23.471,0.96802,0.96817,1.87,2.62
2015.09.21 06:50:27.505,0.96804,0.96816,1.37,1.00
2015.09.21 06:50:27.972,0.96807,0.9682,1.50,1.37
2015.09.21 06:50:28.480,0.96807,0.9682,1.75,1.00
2015.09.21 06:50:31.853,0.96807,0.9682,1.75,1.37
2015.09.21 06:50:37.222,0.96806,0.96821,1.75,1.37
2015.09.21 06:50:51.704,0.96809,0.96821,1.75,1.00
2015.09.21 06:50:54.744,0.96814,0.96823,1.00,1.75
2015.09.21 06:50:54.947,0.96814,0.96824,1.12,1.00
2015.09.21 06:50:55.251,0.96814,0.96827,1.75,1.50
2015.09.21 06:50:57.883,0.96815,0.96829,1.37,1.50
2015.09.21 06:50:58.393,0.96816,0.9683,1.75,1.37
2015.09.21 06:51:11.303,0.96818,0.9683,1.00,2.62
2015.09.21 06:51:20.309,0.96818,0.96832,1.50,1.12
2015.09.21 06:51:20.361,0.96818,0.96833,1.75,1.87
2015.09.21 06:51:22.531,0.96818,0.96833,1.87,1.87
2015.09.21 06:51:23.040,0.9682,0.96833,1.75,1.37
2015.09.21 06:51:26.014,0.9682,0.96833,1.75,1.12
2015.09.21 06:51:26.624,0.96822,0.96834,1.00,1.87
2015.09.21 06:51:29.034,0.96821,0.96834,1.00,1.87
2015.09.21 06:51:34.090,0.96821,0.96834,1.12,1.37
2015.09.21 06:51:34.142,0.96823,0.96835,1.87,1.12
2015.09.21 06:51:34.193,0.96823,0.96835,1.87,1.12
2015.09.21 06:51:34.245,0.96826,0.96841,1.75,2.25
2015.09.21 06:51:34.398,0.96828,0.96843,1.75,1.87
2015.09.21 06:51:34.449,0.9683,0.96842,1.00,1.00
2015.09.21 06:51:34.755,0.96829,0.96844,1.50,1.87
2015.09.21 06:51:34.857,0.96831,0.96843,1.00,1.00
2015.09.21 06:51:35.174,0.96833,0.96845,1.00,1.00
2015.09.21 06:51:40.805,0.96829,0.96844,2.25,1.50
2015.09.21 06:51:41.317,0.96829,0.9684,1.75,1.00
2015.09.21 06:51:41.674,0.96827,0.9684,2.62,1.00
2015.09.21 06:51:42.019,0.96826,0.96838,1.87,1.00
2015.09.21 06:51:44.554,0.96827,0.96838,1.12,1.00
2015.09.21 06:51:44.606,0.96827,0.9684,1.87,1.00
2015.09.21 06:51:45.286,0.96828,0.9684,1.12,1.00
2015.09.21 06:51:45.339,0.96828,0.96843,1.87,1.50
2015.09.21 06:51:45.494,0.96828,0.96843,1.75,1.87
2015.09.21 06:51:47.256,0.96827,0.96842,2.25,1.50
2015.09.21 06:51:48.425,0.96827,0.96838,1.12,1.00
2015.09.21 06:51:48.762,0.96824,0.96838,1.12,2.25
2015.09.21 06:51:49.118,0.96822,0.96836,2.25,1.50
2015.09.21 06:51:49.169,0.96823,0.96835,1.00,1.00
2015.09.21 06:51:51.382,0.96823,0.96835,1.00,1.50
2015.09.21 06:52:01.487,0.96822,0.96834,1.00,1.50
2015.09.21 06:52:01.895,0.96817,0.96829,1.37,5.25
2015.09.21 06:52:01.954,0.96808,0.96822,3.00,1.12
2015.09.21 06:52:02.209,0.96807,0.96822,1.75,3.00
2015.09.21 06:52:02.260,0.96808,0.9682,1.00,1.00
2015.09.21 06:52:06.934,0.96808,0.96823,1.75,1.87
2015.09.21 06:52:07.240,0.96809,0.96823,1.75,1.50
2015.09.21 06:52:11.235,0.96811,0.96825,1.75,1.75
2015.09.21 06:52:25.289,0.96812,0.96825,1.75,1.37
2015.09.21 06:52:26.541,0.96813,0.96828,1.50,5.25
2015.09.21 06:52:26.694,0.96816,0.96828,1.12,1.12
2015.09.21 06:52:31.344,0.96817,0.96829,1.37,1.00
2015.09.21 06:52:34.581,0.96817,0.96828,1.12,1.00
2015.09.21 06:52:35.895,0.9682,0.96831,1.37,1.50
2015.09.21 06:52:35.998,0.96822,0.96835,1.75,1.50
2015.09.21 06:52:36.253,0.96822,0.96836,1.87,1.00
2015.09.21 06:52:37.677,0.96823,0.96835,1.50,1.00
2015.09.21 06:52:38.634,0.96819,0.96833,1.75,1.75
2015.09.21 06:52:38.686,0.96819,0.9683,1.00,1.00
2015.09.21 06:52:39.095,0.96816,0.96831,1.75,2.25
2015.09.21 06:52:39.554,0.96816,0.9683,1.37,1.87
2015.09.21 06:52:40.201,0.96814,0.96826,1.00,1.87
2015.09.21 06:52:40.253,0.9681,0.96823,1.12,1.50
2015.09.21 06:52:40.612,0.96809,0.96821,1.00,1.12
2015.09.21 06:52:40.663,0.96807,0.96821,1.50,2.25
2015.09.21 06:52:40.715,0.96804,0.96818,1.75,1.50
2015.09.21 06:52:41.313,0.96803,0.96815,1.75,1.00
2015.09.21 06:52:41.365,0.96801,0.96817,2.25,1.75
2015.09.21 06:52:48.230,0.96804,0.96816,1.00,1.00
2015.09.21 06:52:53.717,0.96804,0.96813,1.00,2.10
2015.09.21 06:52:54.072,0.96791,0.96805,1.12,2.25
2015.09.21 06:52:54.531,0.96788,0.96804,1.12,1.50
2015.09.21 06:53:00.960,0.9679,0.968,1.12,2.10
2015.09.21 06:53:01.114,0.96788,0.96796,1.00,1.37
2015.09.21 06:53:01.216,0.96784,0.96795,1.00,1.75
2015.09.21 06:53:01.320,0.96785,0.96796,1.75,1.00
2015.09.21 06:53:01.423,0.96785,0.968,1.87,1.37
2015.09.21 06:53:02.637,0.96787,0.96801,1.12,1.50
2015.09.21 06:53:05.043,0.96787,0.96802,1.75,2.62
2015.09.21 06:53:06.952,0.96788,0.96803,1.75,2.25
2015.09.21 06:53:10.354,0.9679,0.96803,1.75,1.12
2015.09.21 06:53:17.695,0.9679,0.96804,1.75,1.75
2015.09.21 06:53:21.297,0.96789,0.96802,1.50,1.12
2015.09.21 06:53:30.025,0.96787,0.96801,1.12,1.12
2015.09.21 06:53:30.332,0.96784,0.96799,1.87,1.50
2015.09.21 06:53:30.536,0.96784,0.96796,1.00,1.00
2015.09.21 06:53:33.108,0.96784,0.96799,1.87,2.25
2015.09.21 06:53:33.896,0.9679,0.96802,1.75,1.12
2015.09.21 06:53:33.948,0.9679,0.96805,1.87,1.50
2015.09.21 06:53:36.105,0.96791,0.96806,1.75,3.00
2015.09.21 06:53:43.704,0.96787,0.96804,1.87,3.00
2015.09.21 06:53:54.198,0.96791,0.96805,1.50,1.12
2015.09.21 06:53:54.567,0.96792,0.96805,1.87,1.50
2015.09.21 06:53:59.681,0.96793,0.96806,1.12,1.12
2015.09.21 06:54:01.140,0.96792,0.96805,1.75,1.00
2015.09.21 06:54:01.396,0.96789,0.96805,2.25,1.75
2015.09.21 06:54:03.181,0.96792,0.96806,1.87,1.87
2015.09.21 06:54:03.756,0.96792,0.96803,1.12,1.00
2015.09.21 06:54:03.909,0.96791,0.96803,1.00,1.50
2015.09.21 06:54:04.423,0.96792,0.96804,1.00,1.00
2015.09.21 06:54:04.806,0.96792,0.96804,1.87,1.00
2015.09.21 06:54:21.419,0.9679,0.96805,1.75,3.37
2015.09.21 06:54:22.375,0.96788,0.96803,2.62,2.25
2015.09.21 06:54:28.255,0.96791,0.96803,1.00,1.50
2015.09.21 06:54:30.711,0.96792,0.96805,1.75,1.37
2015.09.21 06:54:30.762,0.96793,0.96806,1.12,1.50
2015.09.21 06:54:31.170,0.96795,0.96808,1.75,1.37
2015.09.21 06:54:32.078,0.96795,0.9681,1.87,3.00
2015.09.21 06:54:32.588,0.96797,0.96813,1.75,2.62
2015.09.21 06:54:34.579,0.96797,0.96812,1.75,1.50
2015.09.21 06:54:42.587,0.96801,0.96813,1.00,1.50
2015.09.21 06:54:44.618,0.968,0.96815,1.75,1.87
2015.09.21 06:54:45.130,0.96801,0.96817,1.87,1.75
2015.09.21 06:54:45.992,0.96801,0.96815,2.25,1.00
2015.09.21 06:54:48.481,0.96801,0.96817,1.75,1.75
2015.09.21 06:54:48.533,0.96802,0.96814,1.00,1.00
2015.09.21 06:54:49.384,0.96801,0.96814,2.62,1.00
2015.09.21 06:54:52.997,0.968,0.9681,1.50,1.12
2015.09.21 06:54:53.048,0.96797,0.9681,1.87,1.12
2015.09.21 06:54:53.343,0.96795,0.9681,1.12,2.62
2015.09.21 06:54:53.396,0.96792,0.96807,1.87,1.50
2015.09.21 06:54:53.499,0.96791,0.96807,1.75,2.62
2015.09.21 06:54:53.603,0.96791,0.96807,1.12,2.62
2015.09.21 06:54:54.364,0.96792,0.96804,1.00,1.50
2015.09.21 06:54:55.987,0.96789,0.96804,1.87,1.75
2015.09.21 06:54:57.521,0.9679,0.96805,2.62,1.50
2015.09.21 06:54:58.023,0.96791,0.96805,1.87,1.50
2015.09.21 06:54:58.329,0.96792,0.96805,1.12,1.75
2015.09.21 06:54:59.176,0.96793,0.96806,1.50,1.75
2015.09.21 06:54:59.228,0.96794,0.96806,1.12,1.50
2015.09.21 06:54:59.381,0.96795,0.96809,1.50,1.12
2015.09.21 06:54:59.432,0.96797,0.9681,1.12,1.75
2015.09.21 06:54:59.585,0.96797,0.9681,1.12,1.75
2015.09.21 06:55:00.095,0.96798,0.96811,1.12,1.75
2015.09.21 06:55:00.743,0.96799,0.96811,1.12,1.50
2015.09.21 06:55:02.715,0.96798,0.96811,1.12,1.50
2015.09.21 06:55:03.123,0.96796,0.96808,1.12,1.37
2015.09.21 06:55:03.226,0.96794,0.96808,1.12,1.75
2015.09.21 06:55:03.764,0.96793,0.96807,1.87,1.75
2015.09.21 06:55:04.235,0.96798,0.96809,1.00,1.50
2015.09.21 06:55:04.390,0.96797,0.96809,1.12,1.50
2015.09.21 06:55:04.914,0.96799,0.96811,1.37,1.50
2015.09.21 06:55:05.423,0.96799,0.96813,1.12,1.75
2015.09.21 06:55:06.629,0.96797,0.96812,2.62,1.87
2015.09.21 06:55:11.023,0.96799,0.96812,1.12,1.75
2015.09.21 06:55:11.329,0.96808,0.96814,1.00,1.00
2015.09.21 06:55:11.380,0.96808,0.9682,1.00,1.00
2015.09.21 06:55:11.900,0.96809,0.96821,1.00,1.00
2015.09.21 06:55:11.951,0.96809,0.96825,1.75,1.75
2015.09.21 06:55:13.989,0.9681,0.96826,1.87,2.25
2015.09.21 06:55:16.370,0.96812,0.96826,1.75,1.37
2015.09.21 06:55:16.675,0.96817,0.96833,2.25,1.87
2015.09.21 06:55:16.981,0.96817,0.96834,3.00,1.12
2015.09.21 06:55:22.106,0.96819,0.96834,1.12,1.37
2015.09.21 06:55:23.153,0.96819,0.9683,1.12,1.00
2015.09.21 06:55:23.658,0.96819,0.96835,1.75,1.87
2015.09.21 06:55:26.223,0.96819,0.96832,1.75,1.00
2015.09.21 06:55:26.734,0.96818,0.96832,1.75,1.12
2015.09.21 06:55:27.437,0.96818,0.96832,1.12,1.87
2015.09.21 06:55:27.489,0.96818,0.9683,1.00,1.00
2015.09.21 06:55:27.794,0.96813,0.96828,1.12,1.50
2015.09.21 06:55:28.304,0.96812,0.96826,1.12,1.12
2015.09.21 06:55:29.116,0.96812,0.96825,1.12,1.00
2015.09.21 06:55:29.424,0.96809,0.96822,1.12,1.00
2015.09.21 06:55:29.940,0.96808,0.96822,1.75,1.12
2015.09.21 06:55:30.814,0.96807,0.96822,1.12,1.87
2015.09.21 06:55:31.325,0.96809,0.96821,1.00,1.00
2015.09.21 06:55:31.429,0.96811,0.96822,1.00,1.00
2015.09.21 06:55:31.962,0.96811,0.96823,1.00,1.00
2015.09.21 06:55:39.213,0.96809,0.96825,1.12,1.87
2015.09.21 06:55:44.367,0.96809,0.96825,1.87,1.87
2015.09.21 06:55:46.125,0.9681,0.96824,1.12,1.50
2015.09.21 06:55:46.627,0.9681,0.96824,1.12,1.12
2015.09.21 06:55:48.380,0.96811,0.96826,1.12,1.37
2015.09.21 06:55:50.672,0.9681,0.96825,1.12,1.50
2015.09.21 06:55:51.136,0.96807,0.96823,2.25,1.75
2015.09.21 06:55:51.660,0.96806,0.96821,1.12,1.37
2015.09.21 06:55:52.170,0.96805,0.96819,1.12,1.12
2015.09.21 06:55:55.660,0.96808,0.9682,1.00,1.00
2015.09.21 06:55:57.853,0.96805,0.9682,1.12,1.87
2015.09.21 06:55:58.363,0.96807,0.96819,1.00,1.12
2015.09.21 06:56:01.415,0.96807,0.96819,1.00,1.87
2015.09.21 06:56:01.721,0.96802,0.96816,1.87,1.50
2015.09.21 06:56:02.250,0.96796,0.9681,1.12,1.50
2015.09.21 06:56:02.709,0.96792,0.96808,1.12,2.25
2015.09.21 06:56:02.760,0.96789,0.96805,2.62,1.50
2015.09.21 06:56:02.863,0.96789,0.96801,1.50,1.37
2015.09.21 06:56:02.965,0.96789,0.96801,1.12,1.75
2015.09.21 06:56:03.907,0.96787,0.968,1.12,1.00
2015.09.21 06:56:04.009,0.96789,0.96805,1.50,2.62
2015.09.21 06:56:04.060,0.96789,0.96805,2.25,1.75
2015.09.21 06:56:04.432,0.96791,0.96806,1.12,1.50
2015.09.21 06:56:05.302,0.96797,0.96807,1.12,1.37
2015.09.21 06:56:05.985,0.96794,0.9681,1.12,1.75
2015.09.21 06:56:06.499,0.96795,0.96809,1.12,1.00
2015.09.21 06:56:08.785,0.96798,0.96811,1.75,1.37
2015.09.21 06:56:08.899,0.96801,0.96814,1.75,1.00
2015.09.21 06:56:09.612,0.96801,0.96816,1.87,1.37
2015.09.21 06:56:10.147,0.96803,0.96818,1.75,1.37
2015.09.21 06:56:11.321,0.96806,0.96818,1.00,1.37
2015.09.21 06:56:11.851,0.96804,0.9682,2.62,1.12
2015.09.21 06:56:12.158,0.96807,0.96819,1.00,1.00
2015.09.21 06:56:14.523,0.96804,0.96819,1.12,1.75
2015.09.21 06:56:21.145,0.96805,0.96818,1.87,1.00
2015.09.21 06:56:22.721,0.96809,0.9682,1.00,1.12
2015.09.21 06:56:23.179,0.96809,0.9682,1.00,1.00
2015.09.21 06:56:24.382,0.9681,0.9682,1.00,1.00
2015.09.21 06:56:25.036,0.96808,0.9682,1.50,1.00
2015.09.21 06:56:31.339,0.96809,0.9682,1.00,1.00
2015.09.21 06:56:31.847,0.9681,0.9682,1.00,1.00
2015.09.21 06:56:32.251,0.96808,0.9682,1.00,1.00
2015.09.21 06:56:33.867,0.96809,0.9682,1.00,1.00
2015.09.21 06:56:34.429,0.96808,0.9682,1.00,1.00
2015.09.21 06:56:50.941,0.96808,0.96819,1.00,1.00
2015.09.21 06:56:50.992,0.96804,0.96819,1.12,1.50
2015.09.21 06:56:51.044,0.96802,0.96818,2.25,1.75
2015.09.21 06:56:51.197,0.968,0.96816,2.25,4.12
2015.09.21 06:56:51.907,0.968,0.96815,1.12,2.62
2015.09.21 06:56:56.978,0.96803,0.96816,1.87,1.12
2015.09.21 06:56:58.708,0.96804,0.96816,1.37,1.00
2015.09.21 06:56:59.217,0.96805,0.9682,1.75,1.87
2015.09.21 06:57:03.414,0.96808,0.96821,1.37,1.75
2015.09.21 06:57:03.466,0.96808,0.9682,1.75,1.00
2015.09.21 06:57:10.183,0.96806,0.96819,1.75,1.00
2015.09.21 06:57:10.286,0.96805,0.96819,1.75,1.50
2015.09.21 06:57:13.727,0.96807,0.96819,1.37,1.12
2015.09.21 06:57:14.236,0.96811,0.96818,1.12,1.00
2015.09.21 06:57:14.390,0.96811,0.9682,1.12,1.00
2015.09.21 06:57:14.677,0.96806,0.96819,1.87,1.12
2015.09.21 06:57:16.283,0.96804,0.96819,2.25,2.25
2015.09.21 06:57:16.334,0.96804,0.96819,1.87,2.25
2015.09.21 06:57:16.848,0.96804,0.96819,1.87,2.25
2015.09.21 06:57:17.155,0.96813,0.96817,1.00,1.00
2015.09.21 06:57:17.543,0.96809,0.96818,1.75,1.00
2015.09.21 06:57:18.339,0.9681,0.96818,1.50,1.00
2015.09.21 06:57:24.567,0.96809,0.96819,1.12,1.12
2015.09.21 06:57:26.688,0.96807,0.96818,1.87,1.00
2015.09.21 06:57:27.570,0.96807,0.96819,1.12,1.00
2015.09.21 06:57:28.094,0.96807,0.96819,1.12,1.12
2015.09.21 06:57:30.585,0.96807,0.96819,1.12,1.00
2015.09.21 06:57:31.112,0.96809,0.96819,1.75,1.00
2015.09.21 06:57:31.640,0.96809,0.96818,1.75,1.00
2015.09.21 06:57:33.594,0.9681,0.96818,1.87,1.00
2015.09.21 06:57:34.205,0.96812,0.96819,1.37,1.00
2015.09.21 06:57:34.358,0.9681,0.96819,2.25,1.00
2015.09.21 06:57:38.173,0.96809,0.96823,1.75,1.75
2015.09.21 06:57:38.683,0.96809,0.96825,1.87,1.75
2015.09.21 06:57:39.184,0.96809,0.96825,2.25,1.75
2015.09.21 06:57:40.750,0.96814,0.96823,1.00,1.12
2015.09.21 06:57:40.905,0.96814,0.96823,1.50,1.00
2015.09.21 06:57:41.467,0.96815,0.96827,1.50,1.50
2015.09.21 06:57:41.519,0.96816,0.96831,1.75,1.87
2015.09.21 06:57:41.875,0.96818,0.96833,1.87,1.12
2015.09.21 06:57:42.029,0.9682,0.96835,1.87,2.25
2015.09.21 06:57:42.538,0.96822,0.96835,1.75,1.12
2015.09.21 06:57:43.048,0.96821,0.96835,1.75,1.87
2015.09.21 06:57:43.558,0.9682,0.96835,2.62,2.62
2015.09.21 06:57:45.485,0.96821,0.96835,1.12,2.25
2015.09.21 06:57:46.027,0.96822,0.96835,1.75,1.12
2015.09.21 06:57:50.493,0.96823,0.96835,1.75,1.00
2015.09.21 06:57:51.015,0.96824,0.96836,1.75,1.12
2015.09.21 06:57:51.620,0.96825,0.96836,1.00,1.37
2015.09.21 06:57:53.024,0.96823,0.96836,1.75,1.50
2015.09.21 06:58:00.776,0.96826,0.9684,1.50,1.87
2015.09.21 06:58:00.828,0.96826,0.9684,1.75,1.75
2015.09.21 06:58:01.374,0.96829,0.96841,1.00,1.87
2015.09.21 06:58:01.903,0.96829,0.9684,1.50,1.00
2015.09.21 06:58:03.289,0.9683,0.96843,2.62,1.37
2015.09.21 06:58:03.341,0.96833,0.96843,1.00,1.00
2015.09.21 06:58:04.179,0.9683,0.96843,1.50,1.37
2015.09.21 06:58:04.231,0.9683,0.96843,1.50,1.75
2015.09.21 06:58:04.538,0.96829,0.96843,1.87,1.12
2015.09.21 06:58:05.049,0.96829,0.96843,1.75,1.50
2015.09.21 06:58:05.569,0.9683,0.96843,1.75,1.12
2015.09.21 06:58:05.928,0.9683,0.96843,2.62,1.75
2015.09.21 06:58:06.461,0.9683,0.96843,2.62,1.12
2015.09.21 06:58:13.239,0.96831,0.96843,1.12,1.50
2015.09.21 06:58:14.723,0.96829,0.96843,1.12,1.50
2015.09.21 06:58:15.231,0.96829,0.96843,1.12,1.75
2015.09.21 06:58:20.336,0.96828,0.96843,1.87,2.25
2015.09.21 06:58:20.387,0.96828,0.96843,1.87,2.62
2015.09.21 06:58:21.337,0.96826,0.9684,1.50,1.75
2015.09.21 06:58:21.389,0.96826,0.9684,1.50,1.75
2015.09.21 06:58:23.787,0.96826,0.9684,1.12,3.00
2015.09.21 06:58:24.045,0.96822,0.96835,1.50,1.50
2015.09.21 06:58:24.097,0.96821,0.96835,1.12,1.75
2015.09.21 06:58:24.409,0.96821,0.96835,1.37,1.87
2015.09.21 06:58:24.461,0.9682,0.96834,1.00,1.87
2015.09.21 06:58:24.617,0.96815,0.96828,1.12,1.00
2015.09.21 06:58:24.932,0.96812,0.96828,1.75,2.62
2015.09.21 06:58:25.391,0.9681,0.96825,1.87,1.87
2015.09.21 06:58:26.054,0.96809,0.96823,1.12,1.75
2015.09.21 06:58:26.384,0.96809,0.96822,1.00,1.75
2015.09.21 06:58:28.359,0.96809,0.96823,1.37,2.25
2015.09.21 06:58:28.929,0.9681,0.96823,1.50,1.12
2015.09.21 06:58:30.157,0.96809,0.96824,2.25,2.62
2015.09.21 06:58:39.005,0.9681,0.96825,1.37,1.87
2015.09.21 06:58:39.827,0.96809,0.96824,1.37,1.87
2015.09.21 06:58:40.623,0.9681,0.96825,1.50,1.87
2015.09.21 06:58:42.909,0.96811,0.96826,1.50,2.62
2015.09.21 06:58:47.478,0.96809,0.96824,1.50,1.87
2015.09.21 06:58:48.055,0.96808,0.96821,1.75,1.00
2015.09.21 06:58:48.945,0.9681,0.96824,1.00,2.62
2015.09.21 06:58:51.356,0.96809,0.96822,1.37,1.00
2015.09.21 06:58:52.165,0.96808,0.96822,2.25,1.50
2015.09.21 06:58:52.674,0.96809,0.96822,1.12,1.75
2015.09.21 06:58:52.983,0.96805,0.96814,1.00,1.50
2015.09.21 06:58:53.319,0.96797,0.9681,1.37,1.75
2015.09.21 06:58:53.370,0.96797,0.9681,1.37,1.50
2015.09.21 06:58:53.779,0.96799,0.96814,1.75,1.75
2015.09.21 06:59:04.318,0.96797,0.96812,1.75,1.75
2015.09.21 06:59:05.137,0.96795,0.9681,1.75,1.75
2015.09.21 06:59:05.650,0.96793,0.96809,1.87,1.75
2015.09.21 06:59:09.370,0.96795,0.96811,1.75,1.75
2015.09.21 06:59:09.878,0.96795,0.96812,2.25,2.62
2015.09.21 06:59:11.575,0.96799,0.96812,1.00,1.12
2015.09.21 06:59:11.626,0.96799,0.96814,1.50,2.25
2015.09.21 06:59:14.431,0.968,0.96815,1.75,1.87
2015.09.21 06:59:18.084,0.96804,0.96815,1.00,1.87
2015.09.21 06:59:18.593,0.968,0.96815,2.62,1.75
2015.09.21 06:59:19.105,0.968,0.96815,2.62,1.75
2015.09.21 06:59:19.833,0.968,0.96814,1.50,1.75
2015.09.21 06:59:21.494,0.96803,0.96815,1.00,1.87
2015.09.21 06:59:21.646,0.96803,0.96816,2.25,1.37
2015.09.21 06:59:22.270,0.96806,0.9682,1.75,1.12
2015.09.21 06:59:22.577,0.96812,0.96826,1.12,2.62
2015.09.21 06:59:22.883,0.96813,0.96826,1.75,1.50
2015.09.21 06:59:23.875,0.96813,0.96825,1.50,1.50
2015.09.21 06:59:29.802,0.96812,0.96825,2.25,1.12
2015.09.21 06:59:31.664,0.96812,0.96825,2.25,1.50
2015.09.21 06:59:34.561,0.96811,0.96825,1.50,1.50
2015.09.21 06:59:36.119,0.96811,0.96823,1.50,1.00
2015.09.21 06:59:37.323,0.96812,0.96823,1.00,1.00
2015.09.21 06:59:38.521,0.96811,0.96823,1.12,1.00
2015.09.21 06:59:41.186,0.96808,0.96823,1.75,2.62
2015.09.21 06:59:43.581,0.9681,0.96823,1.75,1.50
2015.09.21 06:59:46.994,0.96813,0.96825,1.00,1.50
2015.09.21 06:59:47.534,0.96812,0.96826,2.25,1.87
2015.09.21 06:59:48.517,0.96812,0.96825,2.25,1.37
2015.09.21 06:59:49.690,0.96812,0.96825,2.25,1.87
2015.09.21 06:59:50.454,0.96812,0.96825,1.87,1.87
2015.09.21 06:59:50.967,0.96812,0.96825,2.25,1.75
2015.09.21 06:59:51.477,0.96811,0.96825,1.50,1.87
2015.09.21 06:59:56.050,0.9681,0.96825,1.87,1.87
2015.09.21 06:59:59.248,0.96808,0.96823,1.87,1.12
