2009.02.25 17:00:00.065,1.1647,1.16475,14.20,1.00
2009.02.25 17:00:02.435,1.16475,1.1651,4.60,1.20
2009.02.25 17:00:02.955,1.16475,1.165,4.60,1.00
2009.02.25 17:00:03.295,1.1647,1.165,14.20,1.00
2009.02.25 17:00:03.865,1.1647,1.165,14.20,2.20
2009.02.25 17:00:05.104,1.1647,1.16495,9.60,1.60
2009.02.25 17:00:05.804,1.16465,1.1649,9.60,1.60
2009.02.25 17:00:06.384,1.16465,1.1649,9.60,1.60
2009.02.25 17:00:14.003,1.16465,1.16495,9.60,1.60
2009.02.25 17:00:14.302,1.16465,1.16495,12.40,1.60
2009.02.25 17:00:14.742,1.16465,1.16495,9.60,1.60
2009.02.25 17:00:17.381,1.1646,1.16495,16.20,6.80
2009.02.25 17:00:17.671,1.16465,1.16495,9.60,6.80
2009.02.25 17:00:20.590,1.16465,1.16495,9.60,1.60
2009.02.25 17:00:20.921,1.16465,1.16495,9.60,5.00
2009.02.25 17:00:21.260,1.16465,1.165,9.60,8.20
2009.02.25 17:00:23.810,1.16465,1.16485,9.60,1.00
2009.02.25 17:00:24.290,1.16455,1.16485,21.40,1.60
2009.02.25 17:00:24.910,1.1646,1.1648,1.80,3.80
2009.02.25 17:00:26.369,1.1646,1.1648,1.80,8.40
2009.02.25 17:00:26.769,1.16475,1.1648,7.60,4.80
2009.02.25 17:00:27.169,1.16475,1.1649,7.60,1.00
2009.02.25 17:00:34.767,1.16495,1.165,7.60,1.20
2009.02.25 17:00:35.209,1.16495,1.16535,7.60,19.00
2009.02.25 17:00:35.437,1.16495,1.16535,7.60,2.20
2009.02.25 17:00:36.527,1.165,1.16515,7.60,1.60
2009.02.25 17:00:36.927,1.165,1.16505,4.80,1.00
2009.02.25 17:00:37.157,1.1649,1.16505,4.80,1.00
2009.02.25 17:00:37.427,1.1648,1.16505,7.60,1.00
2009.02.25 17:00:38.936,1.1648,1.165,7.60,1.00
2009.02.25 17:00:40.276,1.1648,1.16505,7.60,10.00
2009.02.25 17:00:40.626,1.1648,1.1651,7.60,10.40
2009.02.25 17:00:41.026,1.1648,1.1651,7.60,5.80
2009.02.25 17:00:43.095,1.1648,1.1651,7.60,6.40
2009.02.25 17:00:43.725,1.1648,1.165,7.60,1.00
2009.02.25 17:00:44.065,1.1648,1.16495,4.80,1.60
2009.02.25 17:00:44.455,1.1647,1.16485,1.60,5.00
2009.02.25 17:00:44.925,1.1645,1.16485,14.60,5.00
2009.02.25 17:00:45.884,1.16455,1.1649,14.20,8.40
2009.02.25 17:00:46.294,1.1647,1.1649,9.60,1.00
2009.02.25 17:00:46.635,1.1648,1.165,7.60,5.80
2009.02.25 17:00:47.064,1.1648,1.165,7.60,1.20
2009.02.25 17:00:48.374,1.1648,1.165,4.80,1.20
2009.02.25 17:00:48.714,1.16475,1.16485,3.20,1.00
2009.02.25 17:00:48.824,1.16475,1.16485,3.20,1.00
2009.02.25 17:00:49.243,1.16475,1.16485,3.20,1.20
2009.02.25 17:00:49.743,1.1644,1.1648,27.20,1.20
2009.02.25 17:00:50.163,1.1644,1.1648,11.00,5.80
2009.02.25 17:00:50.963,1.16465,1.1648,1.00,5.40
2009.02.25 17:00:51.653,1.1646,1.1648,1.60,1.00
2009.02.25 17:00:52.043,1.1646,1.1649,9.60,7.40
2009.02.25 17:00:54.842,1.1646,1.1648,9.60,1.00
2009.02.25 17:00:56.462,1.1647,1.1649,2.80,10.00
2009.02.25 17:00:56.922,1.1647,1.1649,7.60,10.00
2009.02.25 17:01:00.641,1.1648,1.1649,2.80,10.00
2009.02.25 17:01:01.331,1.1647,1.1649,10.80,10.00
2009.02.25 17:01:01.611,1.1647,1.1649,7.60,10.00
2009.02.25 17:01:03.960,1.1647,1.1649,7.60,9.60
2009.02.25 17:01:04.250,1.1647,1.1649,7.60,6.20
2009.02.25 17:01:04.600,1.16475,1.1651,9.60,1.00
2009.02.25 17:01:05.950,1.1648,1.16505,9.60,1.00
2009.02.25 17:01:11.009,1.16495,1.1651,2.80,1.20
2009.02.25 17:01:11.348,1.16495,1.1651,2.80,1.00
2009.02.25 17:01:11.938,1.16495,1.1652,7.60,2.20
2009.02.25 17:01:13.958,1.165,1.1651,7.60,1.00
2009.02.25 17:01:14.248,1.165,1.1651,2.80,1.00
2009.02.25 17:01:34.233,1.165,1.16515,7.60,3.20
2009.02.25 17:01:34.623,1.165,1.1652,7.60,1.60
2009.02.25 17:01:38.932,1.165,1.16525,7.60,11.40
2009.02.25 17:01:39.342,1.165,1.1653,12.40,5.00
2009.02.25 17:01:39.461,1.16505,1.16535,4.60,10.40
2009.02.25 17:01:39.751,1.16505,1.16535,4.60,5.60
2009.02.25 17:01:40.371,1.16505,1.16535,14.60,5.00
2009.02.25 17:01:42.321,1.1651,1.16525,2.00,1.00
2009.02.25 17:01:42.671,1.16505,1.1653,14.60,5.00
2009.02.25 17:01:43.690,1.16505,1.16535,14.60,5.00
2009.02.25 17:01:47.659,1.16505,1.16535,14.60,8.20
2009.02.25 17:01:47.949,1.16505,1.1653,14.60,5.00
2009.02.25 17:02:01.336,1.16505,1.1653,4.60,5.00
2009.02.25 17:02:01.776,1.165,1.1652,7.80,1.00
2009.02.25 17:02:02.176,1.165,1.1653,12.40,5.00
2009.02.25 17:02:02.586,1.165,1.1653,20.40,5.00
2009.02.25 17:02:04.496,1.165,1.1653,23.60,5.00
2009.02.25 17:02:04.905,1.165,1.1653,20.40,5.00
2009.02.25 17:02:04.965,1.165,1.1653,20.40,5.00
2009.02.25 17:02:05.985,1.16505,1.1653,2.80,5.00
2009.02.25 17:02:15.493,1.16505,1.1653,4.60,5.00
2009.02.25 17:02:15.783,1.16505,1.16535,4.60,13.20
2009.02.25 17:02:16.063,1.16505,1.16535,12.60,5.00
2009.02.25 17:02:16.243,1.16505,1.16535,14.60,5.00
2009.02.25 17:02:16.593,1.1651,1.16535,14.60,5.00
2009.02.25 17:02:20.152,1.16505,1.1653,14.60,5.00
2009.02.25 17:02:20.442,1.16505,1.1653,14.60,5.40
2009.02.25 17:02:20.782,1.16505,1.1653,2.80,5.00
2009.02.25 17:02:23.981,1.165,1.16525,7.60,5.00
2009.02.25 17:02:24.201,1.16505,1.16525,2.80,5.00
2009.02.25 17:02:24.481,1.16505,1.1653,2.80,13.00
2009.02.25 17:02:24.891,1.16505,1.1653,2.80,5.00
2009.02.25 17:02:30.899,1.165,1.1653,7.60,5.80
2009.02.25 17:02:31.179,1.16505,1.1653,2.80,5.00
2009.02.25 17:02:33.029,1.165,1.1653,7.60,5.00
2009.02.25 17:02:36.958,1.165,1.1653,12.40,5.00
2009.02.25 17:02:38.897,1.165,1.1653,12.40,5.00
2009.02.25 17:02:39.058,1.165,1.1653,15.60,5.00
2009.02.25 17:02:39.987,1.165,1.16535,25.20,9.80
2009.02.25 17:02:40.387,1.165,1.1653,15.60,5.00
2009.02.25 17:02:40.557,1.165,1.1653,25.20,5.00
2009.02.25 17:02:40.857,1.165,1.1653,15.60,5.00
2009.02.25 17:02:41.037,1.165,1.1653,12.40,5.00
2009.02.25 17:02:43.326,1.16505,1.1653,1.00,5.00
2009.02.25 17:02:43.496,1.1651,1.1653,1.00,5.00
2009.02.25 17:02:44.086,1.165,1.1653,25.60,5.00
2009.02.25 17:02:44.326,1.165,1.1653,22.40,5.00
2009.02.25 17:02:44.956,1.165,1.1653,14.40,5.00
2009.02.25 17:02:45.396,1.165,1.1653,12.40,5.00
2009.02.25 17:02:45.666,1.165,1.1653,15.60,5.00
2009.02.25 17:02:45.835,1.165,1.1653,15.60,5.00
2009.02.25 17:02:46.985,1.165,1.1653,15.60,5.00
2009.02.25 17:02:47.095,1.165,1.1653,12.40,5.00
2009.02.25 17:02:47.535,1.165,1.16525,22.00,1.00
2009.02.25 17:02:48.315,1.165,1.1653,12.40,5.00
2009.02.25 17:02:48.735,1.16505,1.1654,24.20,13.00
2009.02.25 17:02:49.135,1.1651,1.16545,24.20,5.00
2009.02.25 17:02:49.665,1.16515,1.16535,9.60,1.00
2009.02.25 17:02:50.584,1.16515,1.1655,9.60,1.60
2009.02.25 17:02:50.824,1.1651,1.16545,9.40,5.00
2009.02.25 17:02:51.005,1.1651,1.16545,4.60,5.00
2009.02.25 17:02:51.374,1.16505,1.16545,22.60,5.00
2009.02.25 17:02:51.844,1.16505,1.1654,20.60,5.00
2009.02.25 17:02:52.234,1.16505,1.16535,12.60,5.00
2009.02.25 17:02:53.654,1.16505,1.16535,4.60,5.00
2009.02.25 17:02:54.164,1.165,1.16535,33.60,5.60
2009.02.25 17:02:54.394,1.165,1.1653,25.60,5.00
2009.02.25 17:02:56.093,1.16505,1.1653,4.60,5.00
2009.02.25 17:02:56.443,1.16505,1.16535,4.60,5.00
2009.02.25 17:02:56.973,1.165,1.16535,33.60,5.00
2009.02.25 17:02:57.543,1.165,1.16525,31.60,1.00
2009.02.25 17:02:57.782,1.165,1.16525,28.40,1.00
2009.02.25 17:02:58.163,1.16505,1.16525,8.00,1.00
2009.02.25 17:02:58.683,1.1651,1.1652,1.80,1.00
2009.02.25 17:02:59.092,1.165,1.1652,33.60,1.00
2009.02.25 17:02:59.732,1.165,1.1652,35.60,1.00
2009.02.25 17:02:59.972,1.165,1.1652,35.40,1.00
2009.02.25 17:03:00.252,1.165,1.1652,32.20,1.00
2009.02.25 17:03:00.732,1.165,1.1652,24.20,1.00
2009.02.25 17:03:01.022,1.165,1.1652,22.20,1.00
2009.02.25 17:03:01.192,1.1651,1.1652,1.80,1.00
2009.02.25 17:03:02.052,1.165,1.1653,30.20,3.60
2009.02.25 17:03:02.582,1.165,1.1653,32.20,1.20
2009.02.25 17:03:02.882,1.165,1.1653,35.60,1.20
2009.02.25 17:03:04.841,1.165,1.1653,32.20,1.20
2009.02.25 17:03:05.591,1.165,1.1653,35.40,1.20
2009.02.25 17:03:05.881,1.165,1.1653,35.60,1.20
2009.02.25 17:03:06.241,1.165,1.1653,35.60,1.00
2009.02.25 17:03:06.581,1.1652,1.1655,8.00,9.80
2009.02.25 17:03:07.040,1.1653,1.1655,4.80,6.40
2009.02.25 17:03:07.381,1.1653,1.1656,4.80,3.20
2009.02.25 17:03:07.830,1.1654,1.16565,12.80,6.20
2009.02.25 17:03:08.240,1.16545,1.16575,4.60,5.00
2009.02.25 17:03:12.039,1.1654,1.16575,26.00,5.00
2009.02.25 17:03:12.509,1.1654,1.16575,22.60,5.00
2009.02.25 17:03:12.679,1.1654,1.16575,12.60,5.00
2009.02.25 17:03:12.919,1.1654,1.16575,8.00,6.80
2009.02.25 17:03:13.199,1.1654,1.16575,8.00,7.40
2009.02.25 17:03:13.669,1.1654,1.1657,8.00,1.60
2009.02.25 17:03:19.327,1.16545,1.1657,8.00,1.60
2009.02.25 17:03:28.355,1.16545,1.1656,8.00,1.00
2009.02.25 17:03:28.587,1.16545,1.1655,8.00,1.20
2009.02.25 17:03:28.996,1.1654,1.1655,4.80,1.20
2009.02.25 17:03:29.466,1.16515,1.1655,24.60,1.20
2009.02.25 17:03:29.805,1.16515,1.1655,9.80,1.20
2009.02.25 17:03:30.435,1.16515,1.1655,9.80,1.60
2009.02.25 17:03:33.344,1.16525,1.1655,8.00,1.60
2009.02.25 17:03:33.804,1.16525,1.1655,8.00,1.20
2009.02.25 17:03:38.173,1.1652,1.1655,12.80,1.20
2009.02.25 17:03:38.463,1.16525,1.1655,8.00,1.20
2009.02.25 17:03:39.443,1.1653,1.1655,1.80,2.20
2009.02.25 17:03:40.463,1.1652,1.1655,9.80,2.20
2009.02.25 17:03:42.702,1.1652,1.1655,8.00,2.60
2009.02.25 17:03:43.232,1.1652,1.1655,8.00,8.20
2009.02.25 17:03:44.091,1.1652,1.1655,8.00,3.00
2009.02.25 17:03:51.980,1.16525,1.16555,8.00,2.20
2009.02.25 17:03:52.200,1.16525,1.16555,8.00,1.60
2009.02.25 17:03:53.109,1.1652,1.1655,4.80,5.00
2009.02.25 17:03:53.449,1.16515,1.1655,22.60,5.00
2009.02.25 17:03:53.851,1.1652,1.1655,8.00,5.00
2009.02.25 17:03:55.379,1.1652,1.16555,8.00,11.60
2009.02.25 17:03:55.779,1.1652,1.16555,8.00,6.80
2009.02.25 17:03:56.228,1.16515,1.16545,14.60,5.00
2009.02.25 17:03:56.728,1.16515,1.16545,7.60,5.00
2009.02.25 17:03:56.958,1.16515,1.16545,2.80,5.00
2009.02.25 17:03:58.168,1.16515,1.16545,10.80,5.00
2009.02.25 17:03:58.469,1.16515,1.1655,10.80,12.20
2009.02.25 17:03:58.858,1.16515,1.1655,15.60,7.40
2009.02.25 17:04:01.657,1.16515,1.1655,12.60,8.40
2009.02.25 17:04:02.127,1.16515,1.1655,12.60,6.80
2009.02.25 17:04:02.537,1.16515,1.1655,8.00,6.80
2009.02.25 17:04:03.007,1.1651,1.16545,30.40,5.00
2009.02.25 17:04:03.417,1.1651,1.16545,30.40,5.40
2009.02.25 17:04:03.817,1.1651,1.1654,12.40,5.00
2009.02.25 17:04:04.407,1.1651,1.1654,7.60,5.00
2009.02.25 17:04:05.596,1.1651,1.16545,15.60,9.80
2009.02.25 17:04:05.876,1.1651,1.16545,15.60,6.80
2009.02.25 17:04:08.466,1.1651,1.1654,7.60,5.00
2009.02.25 17:04:09.715,1.1652,1.1654,4.80,5.00
2009.02.25 17:04:09.925,1.1652,1.1654,7.60,1.00
2009.02.25 17:04:17.814,1.1652,1.1655,7.60,5.60
2009.02.25 17:04:18.253,1.1652,1.1655,15.60,5.00
2009.02.25 17:04:18.573,1.1652,1.1655,12.40,5.00
2009.02.25 17:04:20.303,1.1652,1.1655,20.40,5.00
2009.02.25 17:04:23.612,1.1652,1.16555,28.40,8.20
2009.02.25 17:04:24.062,1.1652,1.1655,30.40,5.00
2009.02.25 17:04:25.372,1.1652,1.16535,28.40,1.00
2009.02.25 17:04:25.601,1.1652,1.16535,9.40,1.00
2009.02.25 17:04:25.772,1.16515,1.1653,11.20,1.80
2009.02.25 17:04:26.181,1.1651,1.1653,7.80,1.80
2009.02.25 17:04:26.821,1.1651,1.1654,8.00,7.80
2009.02.25 17:04:27.161,1.16515,1.1655,8.00,1.60
2009.02.25 17:04:31.750,1.1652,1.16545,8.00,1.60
2009.02.25 17:04:34.159,1.16515,1.16545,12.80,1.60
2009.02.25 17:04:34.379,1.1652,1.16545,8.00,1.60
2009.02.25 17:04:41.488,1.16515,1.16545,12.80,1.60
2009.02.25 17:04:41.668,1.16515,1.16545,8.00,1.60
2009.02.25 17:04:42.018,1.1652,1.16545,8.00,1.60
2009.02.25 17:04:48.766,1.1652,1.16545,8.00,1.80
2009.02.25 17:04:48.876,1.1652,1.16545,8.00,1.00
2009.02.25 17:04:49.216,1.16515,1.16545,12.80,1.00
2009.02.25 17:04:49.456,1.16515,1.16545,8.00,1.00
2009.02.25 17:04:50.135,1.1652,1.16545,8.00,1.00
2009.02.25 17:04:52.335,1.16515,1.16545,8.00,1.00
2009.02.25 17:04:52.505,1.16515,1.16545,8.00,1.00
2009.02.25 17:04:55.204,1.16515,1.16545,8.00,5.40
2009.02.25 17:04:55.944,1.16515,1.16545,8.00,1.00
2009.02.25 17:04:56.704,1.16515,1.16545,8.00,5.40
2009.02.25 17:05:01.433,1.16515,1.16545,8.00,1.00
2009.02.25 17:05:01.813,1.16515,1.1655,10.80,9.00
2009.02.25 17:05:02.083,1.16515,1.16545,8.00,1.00
2009.02.25 17:05:06.492,1.16515,1.16545,8.00,5.40
2009.02.25 17:05:07.701,1.16515,1.1654,2.80,5.00
2009.02.25 17:05:07.881,1.1651,1.1654,12.40,5.00
2009.02.25 17:05:08.161,1.16515,1.1654,2.80,5.00
2009.02.25 17:05:16.459,1.16515,1.16545,2.80,6.80
2009.02.25 17:05:18.129,1.16515,1.16545,2.80,7.00
2009.02.25 17:05:18.399,1.16515,1.1654,2.80,5.00
2009.02.25 17:05:26.267,1.1651,1.1654,7.60,5.00
2009.02.25 17:05:26.607,1.1651,1.16535,7.60,5.00
2009.02.25 17:05:27.306,1.1651,1.16525,7.60,1.00
2009.02.25 17:05:28.266,1.1651,1.1652,4.80,1.00
2009.02.25 17:05:29.196,1.1651,1.1653,7.60,2.00
2009.02.25 17:05:29.536,1.16515,1.16535,2.80,10.80
2009.02.25 17:05:29.926,1.1651,1.16535,7.60,7.20
2009.02.25 17:05:30.396,1.16515,1.1653,2.80,1.00
2009.02.25 17:05:31.146,1.1651,1.1654,7.60,7.20
2009.02.25 17:05:31.666,1.16515,1.1654,2.80,7.20
2009.02.25 17:05:32.445,1.1651,1.1654,15.60,7.60
2009.02.25 17:05:32.675,1.1651,1.1654,7.60,6.40
2009.02.25 17:05:32.905,1.1651,1.1654,15.60,6.40
2009.02.25 17:05:35.195,1.1651,1.1654,7.60,6.40
2009.02.25 17:05:37.374,1.1651,1.1654,15.60,5.80
2009.02.25 17:05:40.743,1.1651,1.1654,7.60,5.80
2009.02.25 17:05:42.283,1.1651,1.1654,8.40,5.80
2009.02.25 17:05:42.393,1.1652,1.1654,42.00,1.60
2009.02.25 17:05:42.733,1.1653,1.1654,2.80,1.00
2009.02.25 17:05:42.894,1.1653,1.1654,2.80,1.00
2009.02.25 17:05:43.123,1.16525,1.1654,3.20,1.20
2009.02.25 17:05:43.573,1.16525,1.1654,3.20,5.00
2009.02.25 17:05:44.183,1.16515,1.1654,2.80,5.00
2009.02.25 17:05:46.322,1.1651,1.1654,15.60,5.80
2009.02.25 17:05:46.822,1.1651,1.1654,7.60,5.80
2009.02.25 17:05:47.042,1.1651,1.1654,15.60,5.80
2009.02.25 17:06:00.659,1.1651,1.1654,10.80,5.80
2009.02.25 17:06:00.879,1.1651,1.1654,8.00,5.80
2009.02.25 17:06:01.058,1.1651,1.1654,8.00,7.40
2009.02.25 17:06:04.418,1.1651,1.1654,8.00,1.60
2009.02.25 17:06:05.708,1.16505,1.1654,22.40,5.80
2009.02.25 17:06:06.177,1.16505,1.16535,12.60,1.00
2009.02.25 17:06:06.667,1.16505,1.16535,15.60,1.00
2009.02.25 17:06:07.197,1.16505,1.16535,15.60,1.00
2009.02.25 17:06:08.516,1.16505,1.16535,17.60,1.00
2009.02.25 17:06:08.977,1.1651,1.1654,8.00,5.80
2009.02.25 17:06:09.316,1.1651,1.1654,20.40,1.20
2009.02.25 17:06:14.785,1.1651,1.1654,21.20,1.20
2009.02.25 17:06:15.085,1.16515,1.1654,9.80,1.20
2009.02.25 17:06:15.385,1.1652,1.1654,1.80,1.20
2009.02.25 17:06:15.845,1.1651,1.1654,22.20,1.20
2009.02.25 17:06:16.245,1.1651,1.1654,22.20,5.80
2009.02.25 17:06:17.694,1.1651,1.1654,15.60,5.80
2009.02.25 17:06:18.025,1.1651,1.1654,7.60,5.80
2009.02.25 17:06:18.364,1.1651,1.1654,7.60,10.60
2009.02.25 17:06:18.964,1.1651,1.16535,7.60,5.00
2009.02.25 17:06:19.874,1.1651,1.1654,7.60,15.40
2009.02.25 17:06:20.134,1.1651,1.1654,7.60,10.60
2009.02.25 17:06:20.424,1.1651,1.1653,7.60,1.00
2009.02.25 17:06:25.923,1.16505,1.16515,16.00,1.00
2009.02.25 17:06:26.292,1.16505,1.1651,3.20,1.00
2009.02.25 17:06:26.692,1.165,1.1653,7.60,5.60
2009.02.25 17:06:27.482,1.165,1.1652,7.60,1.00
2009.02.25 17:06:28.432,1.165,1.1652,7.60,1.00
2009.02.25 17:06:28.842,1.165,1.16525,7.60,5.60
2009.02.25 17:06:31.051,1.165,1.1652,7.60,1.00
2009.02.25 17:06:40.059,1.165,1.16525,7.60,5.00
2009.02.25 17:06:40.179,1.165,1.1653,7.60,13.60
2009.02.25 17:06:40.549,1.165,1.1653,7.60,8.80
2009.02.25 17:06:40.939,1.165,1.1653,7.60,5.60
2009.02.25 17:06:41.229,1.165,1.1653,7.60,7.60
2009.02.25 17:06:41.409,1.165,1.1653,7.60,10.80
2009.02.25 17:06:45.288,1.165,1.1652,7.60,1.00
2009.02.25 17:06:47.897,1.165,1.1653,15.60,1.60
2009.02.25 17:06:48.067,1.165,1.16535,15.60,18.80
2009.02.25 17:06:48.407,1.16505,1.16535,8.00,10.20
2009.02.25 17:06:48.637,1.16505,1.16535,10.80,1.80
2009.02.25 17:06:48.917,1.16505,1.16535,2.80,6.80
2009.02.25 17:06:50.247,1.16505,1.16535,10.80,1.60
2009.02.25 17:06:50.357,1.16505,1.16535,8.00,1.80
2009.02.25 17:06:50.476,1.16505,1.16535,8.00,1.20
2009.02.25 17:06:50.987,1.16505,1.16535,8.00,5.40
2009.02.25 17:06:53.976,1.165,1.16535,37.20,5.40
2009.02.25 17:06:54.326,1.165,1.16535,32.20,5.40
2009.02.25 17:06:54.845,1.165,1.16535,24.20,5.40
2009.02.25 17:06:55.185,1.165,1.16535,22.20,5.40
2009.02.25 17:06:55.775,1.165,1.1653,20.40,5.00
2009.02.25 17:06:56.005,1.1651,1.16535,8.00,7.20
2009.02.25 17:06:56.285,1.1651,1.16535,8.00,2.40
2009.02.25 17:06:57.655,1.16505,1.16535,8.00,2.40
2009.02.25 17:06:58.125,1.16505,1.16535,8.00,1.80
2009.02.25 17:06:58.575,1.16515,1.16535,8.00,1.80
2009.02.25 17:07:00.224,1.16515,1.16535,8.00,1.60
2009.02.25 17:07:00.624,1.1651,1.1654,8.00,11.00
2009.02.25 17:07:01.004,1.1651,1.1653,8.00,3.00
2009.02.25 17:07:01.304,1.1651,1.1654,8.00,2.40
2009.02.25 17:07:02.344,1.16505,1.1653,8.00,1.00
2009.02.25 17:07:02.404,1.16505,1.16535,8.00,3.00
2009.02.25 17:07:02.984,1.16505,1.16535,8.00,1.00
2009.02.25 17:07:03.384,1.16505,1.16525,8.00,1.00
2009.02.25 17:07:03.613,1.16505,1.1653,8.00,3.00
2009.02.25 17:07:04.093,1.1651,1.1654,8.00,11.60
2009.02.25 17:07:04.423,1.1651,1.1654,8.00,8.40
2009.02.25 17:07:04.643,1.16515,1.1654,8.00,2.00
2009.02.25 17:07:05.653,1.16515,1.16535,8.00,1.60
2009.02.25 17:07:06.113,1.16495,1.1653,20.40,3.60
2009.02.25 17:07:06.463,1.16495,1.16525,7.60,5.00
2009.02.25 17:07:07.602,1.165,1.1652,7.60,5.00
2009.02.25 17:07:08.002,1.16515,1.16525,7.60,9.80
2009.02.25 17:07:08.452,1.16515,1.1653,1.00,4.80
2009.02.25 17:07:08.972,1.165,1.1654,8.00,6.60
2009.02.25 17:07:09.412,1.1651,1.16545,12.60,6.80
2009.02.25 17:07:09.762,1.1651,1.16545,12.60,5.00
2009.02.25 17:07:10.862,1.1651,1.16545,8.00,6.80
2009.02.25 17:07:11.272,1.1651,1.16545,8.00,10.00
2009.02.25 17:07:11.671,1.1651,1.16545,8.00,10.20
2009.02.25 17:07:11.841,1.1651,1.16545,8.00,13.60
2009.02.25 17:07:12.541,1.1651,1.1654,8.00,1.00
2009.02.25 17:07:12.941,1.1651,1.1654,8.00,2.20
2009.02.25 17:07:14.051,1.1652,1.1654,7.60,1.60
2009.02.25 17:07:14.451,1.1652,1.16545,7.60,3.20
2009.02.25 17:07:15.190,1.1652,1.16545,15.60,3.20
2009.02.25 17:07:17.760,1.1652,1.16545,17.40,3.20
2009.02.25 17:07:18.370,1.1653,1.16545,1.80,3.20
2009.02.25 17:07:19.570,1.1652,1.16545,17.40,3.20
2009.02.25 17:07:32.766,1.1652,1.16545,7.60,3.20
2009.02.25 17:07:38.445,1.1652,1.16545,7.60,10.00
2009.02.25 17:07:38.685,1.1652,1.16545,7.60,5.20
2009.02.25 17:07:42.754,1.1652,1.16545,7.60,5.60
2009.02.25 17:07:42.914,1.1652,1.16545,7.60,10.60
2009.02.25 17:07:46.533,1.1652,1.16545,7.60,13.80
2009.02.25 17:07:48.122,1.1652,1.16545,7.60,10.60
2009.02.25 17:07:49.012,1.1652,1.16535,7.60,1.00
2009.02.25 17:07:58.600,1.1652,1.16535,7.60,3.00
2009.02.25 17:07:59.480,1.1652,1.16535,7.60,1.00
2009.02.25 17:08:00.120,1.1652,1.16545,7.60,11.20
2009.02.25 17:08:01.069,1.1651,1.1654,18.40,1.60
2009.02.25 17:08:01.349,1.1651,1.16535,9.60,5.00
2009.02.25 17:08:01.569,1.165,1.16535,25.60,5.00
2009.02.25 17:08:01.799,1.16505,1.1653,2.80,5.00
2009.02.25 17:08:02.549,1.165,1.1653,19.00,5.00
2009.02.25 17:08:02.909,1.16505,1.1653,2.80,5.00
2009.02.25 17:08:03.309,1.16505,1.16525,2.80,5.00
2009.02.25 17:08:08.318,1.16505,1.1653,2.80,8.20
2009.02.25 17:08:08.438,1.16505,1.1653,2.80,5.00
2009.02.25 17:08:12.687,1.16505,1.1653,2.80,6.80
2009.02.25 17:08:24.364,1.16505,1.1653,2.80,5.00
2009.02.25 17:08:26.243,1.16505,1.1652,2.80,1.00
2009.02.25 17:08:26.643,1.165,1.1652,15.60,1.00
2009.02.25 17:08:26.943,1.165,1.1652,7.60,6.80
2009.02.25 17:08:31.952,1.165,1.1652,7.60,6.20
2009.02.25 17:08:32.472,1.165,1.16525,7.60,8.20
2009.02.25 17:08:32.832,1.16505,1.1653,2.80,6.80
2009.02.25 17:08:33.052,1.16505,1.1653,2.80,1.60
2009.02.25 17:08:34.261,1.16505,1.1653,2.80,6.80
2009.02.25 17:08:34.552,1.16505,1.1653,2.80,5.00
2009.02.25 17:08:36.611,1.165,1.1653,7.60,5.00
2009.02.25 17:08:37.851,1.165,1.1653,7.60,7.40
2009.02.25 17:08:40.070,1.165,1.1653,7.60,7.80
2009.02.25 17:08:41.570,1.165,1.1653,7.60,7.40
2009.02.25 17:08:41.809,1.165,1.1653,7.60,7.00
2009.02.25 17:08:42.820,1.165,1.1653,7.60,7.20
2009.02.25 17:08:44.239,1.16505,1.1653,2.80,7.20
2009.02.25 17:08:50.188,1.16505,1.1653,2.80,6.80
2009.02.25 17:08:51.337,1.1651,1.1653,2.80,6.80
2009.02.25 17:08:51.577,1.1651,1.1653,7.60,6.80
2009.02.25 17:08:51.697,1.1651,1.1653,7.60,5.00
2009.02.25 17:08:52.077,1.1651,1.16535,7.60,7.00
2009.02.25 17:08:52.487,1.1651,1.16535,7.60,7.40
2009.02.25 17:08:56.616,1.1651,1.16535,7.60,2.80
2009.02.25 17:08:57.057,1.1651,1.16535,7.60,8.00
2009.02.25 17:08:57.406,1.1651,1.16535,7.60,2.80
2009.02.25 17:09:00.745,1.1651,1.16535,2.80,2.80
2009.02.25 17:09:00.995,1.1651,1.16525,2.80,1.00
2009.02.25 17:09:11.672,1.16505,1.1652,9.60,1.00
2009.02.25 17:09:11.792,1.16505,1.1652,4.80,1.00
2009.02.25 17:09:12.042,1.16505,1.1652,1.60,1.20
2009.02.25 17:09:12.672,1.165,1.1652,7.60,1.20
2009.02.25 17:09:15.372,1.165,1.1652,15.60,1.00
2009.02.25 17:09:15.482,1.16515,1.16525,7.60,3.60
2009.02.25 17:09:15.772,1.16515,1.1653,7.60,5.00
2009.02.25 17:09:16.011,1.16515,1.1654,7.60,9.80
2009.02.25 17:09:23.809,1.1652,1.1654,4.80,9.80
2009.02.25 17:09:24.099,1.165,1.1653,7.60,5.00
2009.02.25 17:09:24.320,1.165,1.1653,2.80,5.00
2009.02.25 17:09:26.119,1.16515,1.1653,4.80,5.00
2009.02.25 17:09:26.289,1.16515,1.1653,7.60,5.00
2009.02.25 17:09:26.569,1.16515,1.16535,7.60,7.80
2009.02.25 17:09:27.049,1.16515,1.1654,7.60,9.80
2009.02.25 17:09:27.859,1.16515,1.1653,7.80,1.00
2009.02.25 17:09:28.149,1.1652,1.1654,7.60,13.00
2009.02.25 17:09:28.428,1.1652,1.16545,7.60,3.20
2009.02.25 17:09:28.648,1.1652,1.16545,7.60,2.00
2009.02.25 17:09:28.878,1.1652,1.1654,7.60,2.80
2009.02.25 17:09:29.528,1.1652,1.1654,7.60,2.00
2009.02.25 17:09:29.998,1.1652,1.1654,7.60,2.40
2009.02.25 17:09:30.178,1.1652,1.1654,7.60,2.80
2009.02.25 17:09:30.468,1.1652,1.16535,7.60,1.00
2009.02.25 17:09:30.938,1.1652,1.1654,7.60,2.80
2009.02.25 17:09:31.308,1.1652,1.1654,7.60,9.00
2009.02.25 17:09:32.847,1.1652,1.1654,7.60,2.80
2009.02.25 17:09:33.247,1.1652,1.1654,7.60,6.00
2009.02.25 17:09:33.537,1.1652,1.1654,7.60,2.00
2009.02.25 17:09:33.827,1.1652,1.1654,7.60,2.40
2009.02.25 17:09:33.947,1.1652,1.1654,7.60,2.80
2009.02.25 17:09:34.237,1.1652,1.1654,7.60,2.40
2009.02.25 17:09:34.807,1.1652,1.1654,7.60,2.80
2009.02.25 17:09:35.897,1.1652,1.1654,7.60,2.40
2009.02.25 17:09:36.007,1.1652,1.1654,7.60,2.40
2009.02.25 17:09:36.297,1.1652,1.1654,7.60,2.80
2009.02.25 17:09:36.636,1.1652,1.1654,7.60,2.00
2009.02.25 17:09:37.056,1.1652,1.1654,7.60,2.80
2009.02.25 17:09:37.346,1.1652,1.1654,7.60,2.00
2009.02.25 17:09:37.766,1.1652,1.1654,7.60,2.80
2009.02.25 17:09:37.996,1.1652,1.1654,7.60,2.40
2009.02.25 17:09:39.006,1.1652,1.1654,7.60,2.00
2009.02.25 17:09:39.236,1.1652,1.1654,7.60,2.80
2009.02.25 17:09:39.586,1.1652,1.1654,7.60,2.40
2009.02.25 17:09:39.696,1.1652,1.1654,7.60,2.40
2009.02.25 17:09:39.756,1.1652,1.1654,7.60,2.80
2009.02.25 17:09:40.206,1.1652,1.1654,7.60,2.40
2009.02.25 17:09:40.315,1.1652,1.1654,7.60,2.00
2009.02.25 17:09:40.475,1.1652,1.1654,7.60,2.40
2009.02.25 17:09:40.755,1.1652,1.1654,7.60,2.80
2009.02.25 17:09:41.095,1.1652,1.1654,7.60,2.40
2009.02.25 17:09:41.325,1.1652,1.1654,7.60,2.80
2009.02.25 17:09:41.785,1.1652,1.1654,7.60,8.00
2009.02.25 17:09:42.185,1.16515,1.1653,4.80,7.40
2009.02.25 17:09:42.485,1.16495,1.16525,7.60,5.00
2009.02.25 17:09:42.885,1.16495,1.16525,7.60,6.80
2009.02.25 17:09:44.744,1.165,1.16525,7.60,7.00
2009.02.25 17:09:44.974,1.165,1.16525,7.60,7.40
2009.02.25 17:09:45.154,1.165,1.16525,7.60,7.80
2009.02.25 17:09:45.374,1.165,1.16525,8.40,7.80
2009.02.25 17:09:45.664,1.1651,1.16525,4.80,2.20
2009.02.25 17:09:45.995,1.1651,1.1653,2.00,20.40
2009.02.25 17:09:46.394,1.1651,1.1652,3.20,1.00
2009.02.25 17:09:46.834,1.16505,1.1652,2.80,1.00
2009.02.25 17:09:49.633,1.16505,1.1652,2.80,1.20
2009.02.25 17:09:50.153,1.16505,1.1652,2.80,1.00
2009.02.25 17:09:50.273,1.16505,1.1652,2.80,1.00
2009.02.25 17:09:50.913,1.165,1.1652,7.60,1.00
2009.02.25 17:09:51.653,1.16505,1.1653,2.80,8.40
2009.02.25 17:09:52.003,1.16505,1.1653,2.80,8.00
2009.02.25 17:09:55.832,1.16505,1.1653,2.80,7.60
2009.02.25 17:09:56.222,1.16505,1.1653,2.80,6.80
2009.02.25 17:09:57.482,1.16505,1.1653,2.80,7.00
2009.02.25 17:09:57.781,1.165,1.1652,4.80,1.00
2009.02.25 17:09:58.241,1.16495,1.1652,4.80,5.40
2009.02.25 17:09:58.561,1.1649,1.1652,8.00,1.60
2009.02.25 17:09:59.571,1.1649,1.1652,8.00,5.80
2009.02.25 17:09:59.921,1.1649,1.16515,8.00,1.60
2009.02.25 17:10:00.251,1.16485,1.16515,12.80,2.80
2009.02.25 17:10:00.651,1.16485,1.16515,8.00,2.80
2009.02.25 17:10:00.990,1.16485,1.1651,8.00,1.60
2009.02.25 17:10:01.660,1.16485,1.1651,8.00,1.80
2009.02.25 17:10:02.250,1.16485,1.16505,8.00,3.00
2009.02.25 17:10:02.540,1.1648,1.16505,8.00,2.60
2009.02.25 17:10:03.340,1.1648,1.16505,8.00,1.80
2009.02.25 17:10:03.680,1.16475,1.1651,12.60,13.00
2009.02.25 17:10:04.160,1.16475,1.1651,12.60,6.80
2009.02.25 17:10:04.600,1.1648,1.1651,8.00,5.00
2009.02.25 17:10:05.070,1.1648,1.16515,8.00,15.20
2009.02.25 17:10:05.340,1.1648,1.16515,8.00,7.00
2009.02.25 17:10:05.809,1.16485,1.16515,8.00,7.40
2009.02.25 17:10:06.049,1.16485,1.16515,8.00,6.80
2009.02.25 17:10:06.329,1.16485,1.16515,8.00,7.00
2009.02.25 17:10:06.739,1.16485,1.16515,8.00,2.20
2009.02.25 17:10:08.559,1.16485,1.16515,8.00,2.40
2009.02.25 17:10:12.078,1.1648,1.1651,8.00,5.00
2009.02.25 17:10:12.578,1.1648,1.16515,8.00,12.40
2009.02.25 17:10:12.968,1.16485,1.16515,8.00,7.60
2009.02.25 17:10:13.328,1.16485,1.16515,8.00,2.40
2009.02.25 17:10:13.947,1.16485,1.16515,8.00,7.80
2009.02.25 17:10:14.567,1.1648,1.16515,12.80,7.60
2009.02.25 17:10:14.867,1.1648,1.16515,8.00,7.60
2009.02.25 17:10:15.577,1.16485,1.16515,8.00,7.80
2009.02.25 17:10:16.157,1.1648,1.16515,12.80,8.00
2009.02.25 17:10:16.327,1.1648,1.16515,8.00,8.00
2009.02.25 17:10:20.936,1.1648,1.1651,8.00,5.00
2009.02.25 17:10:21.386,1.16475,1.1651,22.60,5.00
2009.02.25 17:10:21.915,1.1648,1.1651,8.00,5.00
2009.02.25 17:10:29.094,1.1648,1.1652,8.00,8.00
2009.02.25 17:10:29.434,1.16485,1.16505,8.00,1.00
2009.02.25 17:10:29.714,1.1648,1.16505,8.00,1.00
2009.02.25 17:10:30.993,1.1648,1.165,8.00,1.20
2009.02.25 17:10:31.113,1.16475,1.165,6.60,1.20
2009.02.25 17:10:31.233,1.16475,1.165,4.80,1.60
2009.02.25 17:10:31.583,1.16475,1.16505,10.80,7.80
2009.02.25 17:10:31.993,1.16475,1.16505,12.60,6.20
2009.02.25 17:10:32.363,1.16475,1.1651,12.60,13.60
2009.02.25 17:10:32.943,1.1648,1.165,8.00,1.00
2009.02.25 17:10:33.273,1.16475,1.165,6.60,1.60
2009.02.25 17:10:33.513,1.16475,1.165,1.80,3.80
2009.02.25 17:10:33.723,1.1648,1.165,1.80,6.80
2009.02.25 17:10:34.023,1.16475,1.165,9.80,6.80
2009.02.25 17:10:34.322,1.16475,1.165,8.00,6.80
2009.02.25 17:10:35.062,1.16475,1.165,23.60,6.20
2009.02.25 17:10:35.352,1.1648,1.1651,8.00,6.80
2009.02.25 17:10:44.100,1.1648,1.16505,8.00,3.20
2009.02.25 17:10:44.780,1.1648,1.1651,9.80,6.80
2009.02.25 17:10:47.100,1.1648,1.1651,8.00,6.80
2009.02.25 17:10:47.389,1.1648,1.1651,8.00,13.60
2009.02.25 17:10:50.898,1.1648,1.1651,8.00,14.00
2009.02.25 17:10:51.238,1.1648,1.1651,8.00,14.40
2009.02.25 17:10:51.468,1.1648,1.16495,8.00,1.60
2009.02.25 17:10:51.708,1.1648,1.16495,8.00,3.40
2009.02.25 17:10:51.989,1.1648,1.16495,8.00,3.80
2009.02.25 17:10:52.378,1.1648,1.16495,8.00,6.80
2009.02.25 17:10:53.348,1.16475,1.1649,8.00,6.80
2009.02.25 17:10:53.518,1.1647,1.1649,9.40,6.80
2009.02.25 17:10:56.367,1.1647,1.1649,7.60,6.80
2009.02.25 17:11:01.056,1.1647,1.1649,2.80,6.80
2009.02.25 17:11:01.236,1.16465,1.1649,1.80,6.80
2009.02.25 17:11:01.526,1.16465,1.1649,1.80,8.60
2009.02.25 17:11:01.746,1.1646,1.1649,9.80,8.60
2009.02.25 17:11:02.426,1.1646,1.1648,9.80,1.00
2009.02.25 17:11:02.656,1.16455,1.1648,17.60,1.00
2009.02.25 17:11:02.986,1.16455,1.1649,17.60,13.60
2009.02.25 17:11:03.395,1.1646,1.1649,8.00,14.00
2009.02.25 17:11:03.795,1.16455,1.1649,17.60,14.40
2009.02.25 17:11:03.915,1.16455,1.1649,12.60,14.40
2009.02.25 17:11:04.686,1.1646,1.1649,8.00,9.20
2009.02.25 17:11:05.385,1.1646,1.1648,8.00,1.00
2009.02.25 17:11:05.795,1.1645,1.1648,17.40,2.20
2009.02.25 17:11:06.205,1.1645,1.1648,7.60,9.00
2009.02.25 17:11:06.495,1.1645,1.16475,7.60,1.60
2009.02.25 17:11:08.844,1.1645,1.1648,15.60,14.40
2009.02.25 17:11:09.134,1.1645,1.1648,15.60,14.00
2009.02.25 17:11:09.704,1.1645,1.1648,15.60,14.40
2009.02.25 17:11:09.934,1.1645,1.16475,15.60,8.00
2009.02.25 17:11:10.044,1.1645,1.16475,15.60,2.00
2009.02.25 17:11:10.394,1.1645,1.16475,15.60,2.20
2009.02.25 17:11:10.704,1.1645,1.1647,7.60,2.00
2009.02.25 17:11:11.164,1.1645,1.1647,7.60,4.20
2009.02.25 17:11:11.643,1.1645,1.16465,7.60,1.60
2009.02.25 17:11:11.923,1.16445,1.16455,1.60,1.00
2009.02.25 17:11:12.303,1.16435,1.16455,4.80,1.60
2009.02.25 17:11:12.653,1.1641,1.16455,24.20,7.00
2009.02.25 17:11:12.933,1.1641,1.1645,19.40,7.00
2009.02.25 17:11:13.583,1.1641,1.1645,9.80,7.40
2009.02.25 17:11:13.973,1.16415,1.1644,8.00,1.00
2009.02.25 17:11:14.203,1.16415,1.1644,2.80,6.80
2009.02.25 17:11:14.563,1.1641,1.1644,7.60,7.40
2009.02.25 17:11:14.923,1.1641,1.1643,7.60,1.00
2009.02.25 17:11:15.752,1.16405,1.16435,1.60,1.80
2009.02.25 17:11:16.162,1.16395,1.16415,2.80,1.00
2009.02.25 17:11:16.332,1.1639,1.16425,7.60,11.00
2009.02.25 17:11:16.872,1.1639,1.16425,7.60,7.00
2009.02.25 17:11:17.342,1.1639,1.1642,7.60,5.00
2009.02.25 17:11:17.933,1.1639,1.16425,15.60,7.20
2009.02.25 17:11:18.052,1.1639,1.16425,20.40,5.60
2009.02.25 17:11:18.342,1.1639,1.16425,30.40,5.00
2009.02.25 17:11:18.752,1.16395,1.1643,12.60,5.40
2009.02.25 17:11:19.042,1.164,1.16435,12.60,10.40
2009.02.25 17:11:19.502,1.164,1.16435,12.60,6.80
2009.02.25 17:11:20.341,1.164,1.16435,12.60,7.20
2009.02.25 17:11:20.751,1.16405,1.16435,8.00,5.60
2009.02.25 17:11:21.881,1.16405,1.1643,8.00,1.00
2009.02.25 17:11:22.641,1.164,1.16435,8.00,7.20
2009.02.25 17:11:23.041,1.16395,1.1643,29.40,5.00
2009.02.25 17:11:23.791,1.16395,1.1643,24.60,5.00
2009.02.25 17:11:24.031,1.16395,1.1642,14.60,1.00
2009.02.25 17:11:24.362,1.16395,1.1642,6.60,1.00
2009.02.25 17:11:24.531,1.16395,1.1641,4.60,1.00
2009.02.25 17:11:24.770,1.16395,1.1641,12.60,1.00
2009.02.25 17:11:25.112,1.1639,1.1641,22.80,1.00
2009.02.25 17:11:25.820,1.164,1.16405,2.80,1.00
2009.02.25 17:11:26.230,1.16405,1.16425,2.80,9.80
2009.02.25 17:11:26.580,1.16405,1.16435,2.80,4.80
2009.02.25 17:11:28.030,1.16405,1.1643,8.00,4.80
2009.02.25 17:11:28.190,1.16405,1.1643,8.00,1.60
2009.02.25 17:11:29.859,1.16405,1.16435,9.80,5.20
2009.02.25 17:11:30.799,1.16405,1.16435,9.80,5.80
2009.02.25 17:11:32.799,1.16405,1.16435,9.80,11.00
2009.02.25 17:11:33.328,1.16405,1.16435,9.80,5.80
2009.02.25 17:11:34.988,1.16405,1.16435,9.80,11.00
2009.02.25 17:11:35.558,1.16405,1.16435,9.80,5.80
2009.02.25 17:11:38.297,1.16405,1.16435,9.80,5.60
2009.02.25 17:11:38.717,1.16405,1.16435,9.80,11.00
2009.02.25 17:11:39.167,1.16405,1.16435,9.80,5.80
2009.02.25 17:11:40.216,1.16405,1.16435,9.80,11.00
2009.02.25 17:11:43.566,1.16405,1.16435,9.80,5.80
2009.02.25 17:11:44.025,1.16405,1.16435,9.80,11.00
2009.02.25 17:11:46.495,1.16405,1.16435,9.80,5.80
2009.02.25 17:11:48.244,1.16405,1.16435,9.80,5.60
2009.02.25 17:11:48.414,1.16405,1.16435,9.80,5.80
2009.02.25 17:11:48.634,1.16405,1.1642,9.80,1.00
2009.02.25 17:11:48.785,1.16415,1.16425,2.80,1.60
2009.02.25 17:11:49.275,1.16405,1.16425,14.60,1.60
2009.02.25 17:11:49.874,1.1641,1.16425,1.80,1.00
2009.02.25 17:11:50.164,1.16405,1.16425,9.80,1.00
2009.02.25 17:11:51.464,1.1641,1.1642,1.80,1.00
2009.02.25 17:11:53.973,1.164,1.1642,9.80,1.00
2009.02.25 17:11:54.413,1.164,1.16415,8.00,1.00
2009.02.25 17:11:54.803,1.16395,1.16415,8.00,1.00
2009.02.25 17:11:55.033,1.1639,1.16415,20.80,1.00
2009.02.25 17:11:55.493,1.1639,1.1641,14.60,1.00
2009.02.25 17:11:56.013,1.16395,1.16405,1.80,1.00
2009.02.25 17:11:56.363,1.16375,1.16405,9.80,1.00
2009.02.25 17:11:56.753,1.16375,1.16405,9.80,1.00
2009.02.25 17:11:57.153,1.1637,1.16395,14.60,1.00
2009.02.25 17:11:57.502,1.16375,1.16395,14.60,1.00
2009.02.25 17:11:58.112,1.1637,1.1638,9.80,1.60
2009.02.25 17:11:58.462,1.1636,1.16375,9.80,3.20
2009.02.25 17:11:58.802,1.1636,1.1637,9.80,3.20
2009.02.25 17:11:59.242,1.1636,1.1637,4.80,2.40
2009.02.25 17:11:59.582,1.1635,1.1636,9.80,3.20
2009.02.25 17:12:00.332,1.1635,1.16355,9.80,3.20
2009.02.25 17:12:00.732,1.16345,1.16355,4.80,3.20
2009.02.25 17:12:01.112,1.1634,1.1635,2.80,3.20
2009.02.25 17:12:01.451,1.16335,1.1634,8.00,1.60
2009.02.25 17:12:01.781,1.16335,1.1634,8.00,3.20
2009.02.25 17:12:02.301,1.1633,1.1634,15.40,3.20
2009.02.25 17:12:02.711,1.1633,1.16335,9.80,3.20
2009.02.25 17:12:02.991,1.16335,1.16355,8.00,4.90
2009.02.25 17:12:03.271,1.1633,1.16335,11.90,2.40
2009.02.25 17:12:03.631,1.1633,1.16355,13.60,6.00
2009.02.25 17:12:04.021,1.16345,1.16365,2.80,3.20
2009.02.25 17:12:04.551,1.16345,1.1636,1.00,1.00
2009.02.25 17:12:05.181,1.16325,1.16345,4.80,1.00
2009.02.25 17:12:05.641,1.1631,1.16335,14.60,1.00
2009.02.25 17:12:05.980,1.16315,1.16335,1.80,1.00
2009.02.25 17:12:06.261,1.16305,1.16335,8.00,1.00
2009.02.25 17:12:07.510,1.16315,1.16335,2.80,1.00
2009.02.25 17:12:07.860,1.1632,1.1634,2.80,1.60
2009.02.25 17:12:08.200,1.1632,1.1634,8.00,1.60
2009.02.25 17:12:08.740,1.16315,1.1634,7.80,3.40
2009.02.25 17:12:09.030,1.1632,1.1634,2.80,3.20
2009.02.25 17:12:09.429,1.1632,1.16335,10.80,1.00
2009.02.25 17:12:09.770,1.16315,1.16335,15.80,1.00
2009.02.25 17:12:10.219,1.16315,1.16335,4.60,1.00
2009.02.25 17:12:10.629,1.1632,1.16335,5.40,1.00
2009.02.25 17:12:10.809,1.16335,1.16355,3.80,1.20
2009.02.25 17:12:13.998,1.1634,1.16345,1.20,1.00
2009.02.25 17:12:14.408,1.1634,1.16345,1.00,1.00
2009.02.25 17:12:14.639,1.16315,1.16345,8.00,1.00
2009.02.25 17:12:15.908,1.1632,1.16335,8.00,1.00
2009.02.25 17:12:16.148,1.1632,1.1634,8.00,1.00
2009.02.25 17:12:16.438,1.16315,1.16345,7.60,8.60
2009.02.25 17:12:16.778,1.16315,1.16345,10.80,1.00
2009.02.25 17:12:17.318,1.1632,1.16335,8.00,1.00
2009.02.25 17:12:17.658,1.1631,1.16335,13.60,1.00
2009.02.25 17:12:18.238,1.1631,1.16335,11.80,1.00
2009.02.25 17:12:21.527,1.1631,1.16335,16.60,1.00
2009.02.25 17:12:21.756,1.16315,1.16335,8.00,1.00
2009.02.25 17:12:21.997,1.16315,1.16335,12.80,1.00
2009.02.25 17:12:22.176,1.1632,1.16335,2.80,1.00
2009.02.25 17:12:22.466,1.1632,1.16345,2.80,6.60
2009.02.25 17:12:22.696,1.1632,1.16345,10.80,1.00
2009.02.25 17:12:24.706,1.16325,1.16345,8.00,1.00
2009.02.25 17:12:26.036,1.1634,1.16355,2.80,6.80
2009.02.25 17:12:26.265,1.1634,1.16355,2.80,6.20
2009.02.25 17:12:26.376,1.1634,1.16355,3.60,3.00
2009.02.25 17:12:26.655,1.1634,1.1636,3.80,1.20
2009.02.25 17:12:27.435,1.1635,1.1636,3.80,1.00
2009.02.25 17:12:30.375,1.1635,1.16365,2.80,3.40
2009.02.25 17:12:30.544,1.1635,1.16365,1.20,1.00
2009.02.25 17:12:30.724,1.16345,1.16375,8.00,3.00
2009.02.25 17:12:31.135,1.16345,1.1638,8.00,14.80
2009.02.25 17:12:31.245,1.16345,1.1638,8.00,7.00
2009.02.25 17:12:33.484,1.16355,1.1638,8.00,1.60
2009.02.25 17:12:33.934,1.1635,1.16385,16.60,6.80
2009.02.25 17:12:34.224,1.1635,1.16385,29.40,5.00
2009.02.25 17:12:34.644,1.16355,1.1639,8.00,14.60
2009.02.25 17:12:34.933,1.16365,1.16395,8.00,10.20
2009.02.25 17:12:35.553,1.16365,1.16395,8.00,2.20
2009.02.25 17:12:35.943,1.16365,1.16395,8.00,7.40
2009.02.25 17:12:36.353,1.1636,1.16395,12.80,7.40
2009.02.25 17:12:36.763,1.1636,1.16395,8.00,7.40
2009.02.25 17:12:37.523,1.16355,1.16385,17.60,5.00
2009.02.25 17:12:37.753,1.16355,1.1639,12.60,9.80
2009.02.25 17:12:38.083,1.16355,1.1639,12.60,5.00
2009.02.25 17:12:38.462,1.16355,1.16385,12.60,5.00
2009.02.25 17:12:38.692,1.16355,1.16385,8.00,5.00
2009.02.25 17:12:39.832,1.16355,1.1639,8.00,6.80
2009.02.25 17:12:40.412,1.16355,1.1639,12.60,5.00
2009.02.25 17:12:42.292,1.1636,1.16395,8.00,7.40
2009.02.25 17:12:42.582,1.16365,1.16395,8.00,7.40
2009.02.25 17:12:43.401,1.16365,1.16395,8.00,2.20
2009.02.25 17:12:44.341,1.16365,1.1639,8.00,1.60
2009.02.25 17:12:44.501,1.1636,1.1639,8.00,1.60
2009.02.25 17:12:44.781,1.16355,1.1639,12.80,6.80
2009.02.25 17:12:44.961,1.16355,1.16385,12.80,5.00
2009.02.25 17:12:45.211,1.1635,1.1638,26.20,3.00
2009.02.25 17:12:45.321,1.1635,1.1638,26.20,6.20
2009.02.25 17:12:45.721,1.1635,1.1638,16.60,11.40
2009.02.25 17:12:46.750,1.1635,1.1638,16.60,11.80
2009.02.25 17:12:46.921,1.1635,1.1638,8.60,12.00
2009.02.25 17:12:47.390,1.1635,1.1638,16.60,12.00
2009.02.25 17:12:56.318,1.1635,1.1638,16.60,13.80
2009.02.25 17:12:56.728,1.1635,1.1638,8.60,13.80
2009.02.25 17:12:57.128,1.1635,1.1638,8.60,14.00
2009.02.25 17:12:57.298,1.1635,1.1638,8.60,14.40
2009.02.25 17:12:57.638,1.1635,1.1638,16.60,7.40
2009.02.25 17:12:58.368,1.1635,1.1638,16.60,7.00
2009.02.25 17:12:58.599,1.1635,1.1638,16.60,12.00
2009.02.25 17:13:02.127,1.1635,1.1638,8.60,13.80
2009.02.25 17:13:02.177,1.1635,1.1638,8.60,14.00
2009.02.25 17:13:02.457,1.1635,1.1638,8.60,14.40
2009.02.25 17:13:04.766,1.1635,1.16375,8.60,1.60
2009.02.25 17:13:05.216,1.1635,1.16375,8.60,2.20
2009.02.25 17:13:05.566,1.1635,1.16375,8.60,7.40
2009.02.25 17:13:07.288,1.1635,1.16375,8.60,7.00
2009.02.25 17:13:07.746,1.1635,1.16375,8.60,1.60
2009.02.25 17:13:07.865,1.1635,1.1638,8.60,14.40
2009.02.25 17:13:09.485,1.1635,1.16375,8.60,1.60
2009.02.25 17:13:10.057,1.1635,1.16375,8.60,2.00
2009.02.25 17:13:10.345,1.1635,1.16375,8.60,7.40
2009.02.25 17:13:11.095,1.1635,1.16375,8.60,8.00
2009.02.25 17:13:11.435,1.1635,1.16375,8.60,8.40
2009.02.25 17:13:11.845,1.1635,1.16375,8.60,8.00
2009.02.25 17:13:12.224,1.1635,1.1637,8.60,1.80
2009.02.25 17:13:12.844,1.1635,1.1637,3.80,2.60
2009.02.25 17:13:13.544,1.1635,1.1636,1.20,1.00
2009.02.25 17:13:13.904,1.1631,1.1635,8.60,5.00
2009.02.25 17:13:14.324,1.1631,1.1635,8.60,6.80
2009.02.25 17:13:15.004,1.1633,1.16345,1.00,5.60
2009.02.25 17:13:15.174,1.16335,1.1634,1.60,1.00
2009.02.25 17:13:15.514,1.16315,1.1634,7.60,1.00
2009.02.25 17:13:15.634,1.16315,1.1634,2.80,1.00
2009.02.25 17:13:15.984,1.1631,1.16345,9.80,9.00
2009.02.25 17:13:16.273,1.1631,1.1635,12.60,18.40
2009.02.25 17:13:16.663,1.16325,1.16355,8.00,9.40
2009.02.25 17:13:17.133,1.16335,1.1636,14.20,5.00
2009.02.25 17:13:17.543,1.16345,1.1638,4.80,1.60
2009.02.25 17:13:17.883,1.16345,1.1638,12.80,1.60
2009.02.25 17:13:18.223,1.1635,1.16385,12.80,17.60
2009.02.25 17:13:19.013,1.1635,1.1638,12.80,13.80
2009.02.25 17:13:21.542,1.1635,1.16375,4.80,5.00
2009.02.25 17:13:22.902,1.1635,1.16375,4.80,5.80
2009.02.25 17:13:24.511,1.16345,1.16375,11.40,8.00
2009.02.25 17:13:24.621,1.16345,1.16375,9.60,8.00
2009.02.25 17:13:25.021,1.16345,1.1637,9.60,1.00
2009.02.25 17:13:26.201,1.1635,1.1637,4.80,1.00
2009.02.25 17:13:26.441,1.1635,1.16375,4.80,13.80
2009.02.25 17:13:26.551,1.1635,1.16375,4.80,6.80
2009.02.25 17:13:26.781,1.1635,1.16375,7.60,6.80
2009.02.25 17:13:28.130,1.1635,1.16375,7.60,5.00
2009.02.25 17:13:29.360,1.1635,1.16375,2.80,5.40
2009.02.25 17:13:29.880,1.1635,1.16365,4.80,1.00
2009.02.25 17:13:30.330,1.16345,1.16365,9.60,1.00
2009.02.25 17:13:32.150,1.16345,1.1635,9.60,1.00
2009.02.25 17:13:32.600,1.1632,1.1635,12.80,1.20
2009.02.25 17:13:33.369,1.1632,1.1635,4.80,1.20
2009.02.25 17:13:33.889,1.1632,1.16355,32.20,5.00
2009.02.25 17:13:34.249,1.16325,1.1636,12.60,5.60
2009.02.25 17:13:34.529,1.16325,1.1635,4.60,5.00
2009.02.25 17:13:34.939,1.1632,1.1635,38.40,5.00
2009.02.25 17:13:35.579,1.1632,1.1635,33.60,5.00
2009.02.25 17:13:35.819,1.1632,1.1635,25.60,5.80
2009.02.25 17:13:36.159,1.1632,1.1635,14.40,5.80
2009.02.25 17:13:36.328,1.1632,1.1635,20.40,5.80
2009.02.25 17:13:36.618,1.1633,1.1635,2.80,5.40
2009.02.25 17:13:36.858,1.1634,1.1635,4.80,5.00
2009.02.25 17:13:36.968,1.1634,1.16355,4.80,7.80
2009.02.25 17:13:37.088,1.1634,1.1636,4.80,3.20
2009.02.25 17:13:37.498,1.1634,1.1636,4.80,1.20
2009.02.25 17:13:37.788,1.16345,1.1636,6.40,1.00
2009.02.25 17:13:38.118,1.16345,1.1636,9.60,1.00
2009.02.25 17:13:38.638,1.1635,1.1636,2.80,1.00
2009.02.25 17:13:39.258,1.16345,1.1636,9.60,1.00
2009.02.25 17:13:41.437,1.1635,1.1636,2.80,1.00
2009.02.25 17:13:41.907,1.1635,1.1637,2.80,2.80
2009.02.25 17:13:42.197,1.1635,1.1637,2.80,2.40
2009.02.25 17:13:44.707,1.16345,1.1636,9.60,1.00
2009.02.25 17:13:45.837,1.1635,1.1636,2.80,1.00
2009.02.25 17:13:46.916,1.16345,1.1636,9.60,1.00
2009.02.25 17:13:48.006,1.16345,1.1636,9.60,1.00
2009.02.25 17:13:48.476,1.16345,1.16355,4.80,5.00
2009.02.25 17:13:49.175,1.1632,1.16355,6.60,5.00
2009.02.25 17:13:50.045,1.16315,1.1634,12.40,1.00
2009.02.25 17:13:50.455,1.1632,1.1635,7.60,5.00
2009.02.25 17:13:50.745,1.1632,1.16335,12.80,1.00
2009.02.25 17:13:51.105,1.1632,1.16355,22.20,7.80
2009.02.25 17:13:51.975,1.1634,1.16355,2.80,7.00
2009.02.25 17:13:52.355,1.1634,1.1635,2.80,1.00
2009.02.25 17:13:52.705,1.1634,1.16375,2.80,1.80
2009.02.25 17:13:57.853,1.1636,1.1637,1.00,1.60
2009.02.25 17:13:58.314,1.16345,1.16355,3.20,1.80
2009.02.25 17:13:58.643,1.1633,1.16355,8.80,1.80
2009.02.25 17:13:59.003,1.1632,1.16355,1.00,7.00
2009.02.25 17:13:59.513,1.16315,1.1635,20.40,7.00
2009.02.25 17:14:00.494,1.1632,1.1635,15.60,1.80
2009.02.25 17:14:00.962,1.16325,1.16355,4.60,5.00
2009.02.25 17:14:02.152,1.16325,1.16355,12.60,5.00
2009.02.25 17:14:02.602,1.16335,1.1636,4.80,7.80
2009.02.25 17:14:03.012,1.16335,1.1638,17.40,10.40
2009.02.25 17:14:03.242,1.16335,1.16375,12.80,2.20
2009.02.25 17:14:03.652,1.1634,1.16375,4.80,7.00
2009.02.25 17:14:03.992,1.1634,1.16375,12.80,5.00
2009.02.25 17:14:04.732,1.1634,1.16375,12.80,13.00
2009.02.25 17:14:05.132,1.1634,1.16375,12.80,8.20
2009.02.25 17:14:06.042,1.1634,1.16375,12.80,7.00
2009.02.25 17:14:06.841,1.1634,1.16365,4.80,5.00
2009.02.25 17:14:08.511,1.1634,1.16365,4.80,5.60
2009.02.25 17:14:08.901,1.1634,1.16365,4.80,2.00
2009.02.25 17:14:09.231,1.1634,1.16365,9.00,1.60
2009.02.25 17:14:09.401,1.16345,1.1637,4.80,4.40
2009.02.25 17:14:09.680,1.16345,1.1637,4.80,4.00
2009.02.25 17:14:09.910,1.1635,1.1637,4.80,3.60
2009.02.25 17:14:10.440,1.1635,1.1637,4.80,2.00
2009.02.25 17:14:10.840,1.1635,1.16365,4.80,1.00
2009.02.25 17:14:11.730,1.1635,1.16365,9.40,1.00
2009.02.25 17:14:11.790,1.1635,1.16375,9.40,5.00
2009.02.25 17:14:12.080,1.1635,1.1638,9.40,24.80
2009.02.25 17:14:12.620,1.1635,1.1638,9.40,12.00
2009.02.25 17:14:13.070,1.1635,1.1638,27.40,6.60
2009.02.25 17:14:14.799,1.1636,1.1638,8.00,6.60
2009.02.25 17:14:15.769,1.1636,1.1639,8.00,1.60
2009.02.25 17:14:16.049,1.16365,1.1639,8.00,1.60
2009.02.25 17:14:16.389,1.16365,1.16395,8.00,2.20
2009.02.25 17:14:16.569,1.16365,1.16395,8.00,1.60
2009.02.25 17:14:16.909,1.16365,1.16395,8.00,2.20
2009.02.25 17:14:18.668,1.16365,1.16395,8.00,7.40
2009.02.25 17:14:19.018,1.16365,1.16395,8.00,7.60
2009.02.25 17:14:19.258,1.1636,1.16395,8.00,7.80
2009.02.25 17:14:22.218,1.1636,1.1639,8.00,1.80
2009.02.25 17:14:22.757,1.1636,1.1639,8.00,3.80
2009.02.25 17:14:23.337,1.1635,1.1638,4.80,5.00
2009.02.25 17:14:23.567,1.1635,1.1638,4.80,1.00
2009.02.25 17:14:23.907,1.1635,1.1638,4.80,1.00
2009.02.25 17:14:24.257,1.1635,1.1638,4.80,1.60
2009.02.25 17:14:24.787,1.1635,1.1638,4.80,7.00
2009.02.25 17:14:25.187,1.1635,1.16375,4.80,5.00
2009.02.25 17:14:26.606,1.1635,1.1638,4.80,7.00
2009.02.25 17:14:26.787,1.1635,1.16375,4.80,5.00
2009.02.25 17:14:27.267,1.1635,1.16375,4.80,5.60
2009.02.25 17:14:28.726,1.1635,1.16375,4.80,5.00
2009.02.25 17:14:29.066,1.1635,1.1638,4.80,15.40
2009.02.25 17:14:29.246,1.1635,1.1638,4.80,7.60
2009.02.25 17:14:29.665,1.1635,1.16375,4.80,5.00
2009.02.25 17:14:33.005,1.1635,1.1636,4.80,1.00
2009.02.25 17:14:33.815,1.1635,1.1638,4.80,10.80
2009.02.25 17:14:34.154,1.1635,1.1638,4.80,8.40
2009.02.25 17:14:36.484,1.16345,1.16375,14.40,8.80
2009.02.25 17:14:36.604,1.1635,1.1637,2.80,1.20
2009.02.25 17:14:36.844,1.1635,1.1637,2.80,1.80
2009.02.25 17:14:38.404,1.1635,1.1637,2.80,1.60
2009.02.25 17:14:38.823,1.1635,1.1637,2.80,1.80
2009.02.25 17:14:39.183,1.1635,1.1636,2.80,2.00
2009.02.25 17:14:39.583,1.1635,1.1636,2.80,3.60
2009.02.25 17:14:40.583,1.1635,1.1636,2.80,1.60
2009.02.25 17:14:40.643,1.1635,1.1637,7.60,3.80
2009.02.25 17:14:41.183,1.1635,1.16365,7.60,1.00
2009.02.25 17:14:42.313,1.1635,1.16375,7.60,7.60
2009.02.25 17:14:42.553,1.1635,1.16375,7.60,7.20
2009.02.25 17:14:43.132,1.1635,1.16375,7.60,5.60
2009.02.25 17:14:44.902,1.1635,1.16375,2.80,6.00
2009.02.25 17:14:46.102,1.16345,1.16375,14.40,6.00
2009.02.25 17:14:46.392,1.16345,1.16365,11.40,1.00
2009.02.25 17:14:46.512,1.16345,1.16365,9.60,1.00
2009.02.25 17:14:47.202,1.16345,1.16365,9.60,3.20
2009.02.25 17:14:47.611,1.16345,1.1636,9.60,1.80
2009.02.25 17:14:49.561,1.16345,1.1636,4.80,1.80
2009.02.25 17:14:49.971,1.16345,1.16365,2.80,1.00
2009.02.25 17:14:50.481,1.1634,1.1637,8.00,1.20
2009.02.25 17:14:50.821,1.1634,1.1637,8.00,5.40
2009.02.25 17:14:51.111,1.1634,1.1637,8.00,1.20
2009.02.25 17:14:51.801,1.1634,1.1637,8.00,5.40
2009.02.25 17:14:52.710,1.1634,1.1637,12.80,1.00
2009.02.25 17:14:52.880,1.16345,1.1637,8.00,1.00
2009.02.25 17:14:54.030,1.1634,1.1637,12.80,1.00
2009.02.25 17:14:54.310,1.1634,1.16375,15.60,6.60
2009.02.25 17:14:57.549,1.1634,1.16375,15.60,6.00
2009.02.25 17:15:01.718,1.16345,1.1637,8.00,1.00
2009.02.25 17:15:02.788,1.1634,1.16375,23.60,6.00
2009.02.25 17:15:03.138,1.1634,1.16375,23.60,6.00
2009.02.25 17:15:04.687,1.16345,1.16375,8.00,6.00
2009.02.25 17:15:05.317,1.1634,1.16375,23.60,6.00
2009.02.25 17:15:06.127,1.1634,1.16375,26.80,6.00
2009.02.25 17:15:09.206,1.16345,1.16375,4.60,6.00
2009.02.25 17:15:12.985,1.1634,1.1637,10.80,5.00
2009.02.25 17:15:13.805,1.1634,1.1637,10.80,5.00
2009.02.25 17:15:14.207,1.1634,1.16365,2.80,1.00
2009.02.25 17:15:14.545,1.1634,1.16365,2.80,1.00
2009.02.25 17:15:14.895,1.1634,1.16365,2.80,5.40
2009.02.25 17:15:16.374,1.1634,1.16365,2.80,6.00
2009.02.25 17:15:16.974,1.1634,1.16355,2.80,1.00
2009.02.25 17:15:18.264,1.1634,1.1636,2.80,2.80
2009.02.25 17:15:18.594,1.1634,1.1636,2.80,5.80
2009.02.25 17:15:19.354,1.16335,1.1635,4.80,1.20
2009.02.25 17:15:19.994,1.16335,1.16345,4.80,1.00
2009.02.25 17:15:20.404,1.16325,1.1635,2.80,5.60
2009.02.25 17:15:20.633,1.16325,1.16345,2.80,1.00
2009.02.25 17:15:20.983,1.1632,1.16345,2.80,1.00
2009.02.25 17:15:21.363,1.1632,1.16335,2.80,1.00
2009.02.25 17:15:22.063,1.16325,1.1634,2.80,3.00
2009.02.25 17:15:22.343,1.1632,1.16335,2.80,1.00
2009.02.25 17:15:24.422,1.1632,1.1634,2.80,3.00
2009.02.25 17:15:24.932,1.1632,1.16345,2.80,5.40
2009.02.25 17:15:25.313,1.1632,1.16345,2.80,1.20
2009.02.25 17:15:27.422,1.1632,1.16345,2.80,1.00
2009.02.25 17:15:28.232,1.16325,1.1635,2.80,6.60
2009.02.25 17:15:28.741,1.16325,1.1635,2.80,5.00
2009.02.25 17:15:29.301,1.16325,1.1635,2.80,5.60
2009.02.25 17:15:30.601,1.1632,1.1635,2.80,5.00
2009.02.25 17:15:32.050,1.16325,1.1635,2.80,5.00
2009.02.25 17:15:32.720,1.1632,1.1633,2.80,1.00
2009.02.25 17:15:36.190,1.16315,1.1632,11.70,1.00
2009.02.25 17:15:50.446,1.1632,1.16355,2.80,5.00
2009.02.25 17:15:50.626,1.1632,1.16345,2.80,1.00
2009.02.25 17:15:51.726,1.1632,1.1634,2.80,3.00
2009.02.25 17:15:51.966,1.1632,1.16345,2.80,5.40
2009.02.25 17:15:52.256,1.1632,1.16335,2.80,1.00
2009.02.25 17:15:53.006,1.1632,1.1634,2.80,3.00
2009.02.25 17:15:53.765,1.1632,1.16335,2.80,1.00
2009.02.25 17:15:55.235,1.16325,1.1634,2.80,3.00
2009.02.25 17:15:55.865,1.16325,1.1635,2.80,6.80
2009.02.25 17:15:56.485,1.1632,1.1635,2.80,7.00
2009.02.25 17:15:56.995,1.1632,1.16345,2.80,5.00
2009.02.25 17:15:57.404,1.16325,1.16345,2.80,5.00
2009.02.25 17:15:57.864,1.16325,1.1635,2.80,6.80
2009.02.25 17:16:00.714,1.16325,1.1635,2.80,5.00
2009.02.25 17:16:02.543,1.16325,1.1635,3.80,5.00
2009.02.25 17:16:03.013,1.1633,1.1635,1.00,5.00
2009.02.25 17:16:03.413,1.1632,1.1635,7.60,5.00
2009.02.25 17:16:05.383,1.1632,1.1635,7.60,7.60
2009.02.25 17:16:09.841,1.1632,1.1635,15.60,2.40
2009.02.25 17:16:10.071,1.1632,1.1635,7.60,7.60
2009.02.25 17:16:14.720,1.1632,1.16345,7.60,5.00
2009.02.25 17:16:15.540,1.1632,1.1635,7.60,16.20
2009.02.25 17:16:16.010,1.1632,1.1635,7.60,7.60
2009.02.25 17:16:22.369,1.1632,1.1635,7.60,9.20
2009.02.25 17:16:22.778,1.1632,1.1635,7.60,7.60
2009.02.25 17:16:27.397,1.1632,1.1635,15.60,2.40
2009.02.25 17:16:27.887,1.1632,1.1635,15.60,7.60
2009.02.25 17:16:30.147,1.1632,1.1635,7.60,7.60
2009.02.25 17:16:33.566,1.1632,1.1635,15.60,7.60
2009.02.25 17:16:45.933,1.16335,1.1635,1.80,2.40
2009.02.25 17:16:46.283,1.16345,1.16355,2.80,4.80
2009.02.25 17:16:46.402,1.16345,1.1636,2.80,2.00
2009.02.25 17:16:47.132,1.16345,1.1636,3.20,2.00
2009.02.25 17:16:47.482,1.16345,1.1636,3.20,4.20
2009.02.25 17:16:50.302,1.1635,1.1636,2.80,4.20
2009.02.25 17:16:50.702,1.1635,1.1636,2.80,2.00
2009.02.25 17:16:58.510,1.1636,1.16365,2.80,5.00
2009.02.25 17:16:58.900,1.1636,1.1637,2.80,2.00
2009.02.25 17:16:59.579,1.1636,1.1637,4.80,2.00
2009.02.25 17:16:59.750,1.1636,1.1637,4.80,1.00
2009.02.25 17:17:00.909,1.1636,1.16365,4.80,1.00
2009.02.25 17:17:01.349,1.16355,1.16375,6.00,1.60
2009.02.25 17:17:01.749,1.16355,1.16375,2.80,1.60
2009.02.25 17:17:02.099,1.16355,1.16375,2.80,6.80
2009.02.25 17:17:03.009,1.16355,1.16375,2.80,1.60
2009.02.25 17:17:03.409,1.1635,1.16375,7.60,1.60
2009.02.25 17:17:04.788,1.1635,1.1638,7.60,11.40
2009.02.25 17:17:05.248,1.1635,1.1638,7.60,8.20
2009.02.25 17:17:05.778,1.1635,1.1638,7.60,10.00
2009.02.25 17:17:06.638,1.1635,1.16375,7.60,1.60
2009.02.25 17:17:07.098,1.1635,1.16375,7.60,6.80
2009.02.25 17:17:08.867,1.1635,1.16375,7.60,1.60
2009.02.25 17:17:09.707,1.1635,1.16375,7.60,6.80
2009.02.25 17:17:10.287,1.1636,1.16375,1.00,6.80
2009.02.25 17:17:12.017,1.1636,1.16375,1.00,5.00
2009.02.25 17:17:12.586,1.1636,1.1638,1.00,17.60
2009.02.25 17:17:13.046,1.1636,1.1638,1.00,10.00
2009.02.25 17:17:13.846,1.1636,1.1638,1.00,9.60
2009.02.25 17:17:14.326,1.1636,1.1638,1.00,9.20
2009.02.25 17:17:15.096,1.1636,1.1638,1.00,7.60
2009.02.25 17:17:15.495,1.1636,1.1638,1.00,2.40
2009.02.25 17:17:15.835,1.1636,1.1638,1.00,4.00
2009.02.25 17:17:16.175,1.1636,1.1638,1.00,9.20
2009.02.25 17:17:17.655,1.1636,1.1638,1.00,9.60
2009.02.25 17:17:17.995,1.1634,1.1638,11.20,10.00
2009.02.25 17:17:18.345,1.16345,1.16375,8.00,1.00
2009.02.25 17:17:20.564,1.1635,1.16375,8.00,1.00
2009.02.25 17:17:21.034,1.1635,1.16375,9.80,1.00
2009.02.25 17:17:22.784,1.1635,1.16375,9.80,1.00
2009.02.25 17:17:23.234,1.1635,1.16375,8.00,1.00
2009.02.25 17:17:23.624,1.1635,1.1638,15.60,4.40
2009.02.25 17:17:23.923,1.1635,1.1638,15.60,4.00
2009.02.25 17:17:24.383,1.1635,1.1638,15.60,2.40
2009.02.25 17:17:26.523,1.1635,1.1638,15.60,3.00
2009.02.25 17:17:27.083,1.1635,1.1637,2.80,1.00
2009.02.25 17:17:29.724,1.1635,1.16365,2.80,1.00
2009.02.25 17:17:30.062,1.1635,1.1636,2.80,1.20
2009.02.25 17:17:30.572,1.1635,1.1636,2.80,1.00
2009.02.25 17:17:31.132,1.1635,1.1637,2.80,2.00
2009.02.25 17:17:31.572,1.1635,1.1637,4.60,2.00
2009.02.25 17:17:32.491,1.1635,1.1637,2.80,2.00
2009.02.25 17:17:34.021,1.1635,1.1636,2.80,1.00
2009.02.25 17:17:34.251,1.1635,1.16365,2.80,3.20
2009.02.25 17:17:34.491,1.1635,1.1637,2.80,2.00
2009.02.25 17:17:44.139,1.1635,1.1637,2.80,1.60
2009.02.25 17:17:44.489,1.1636,1.1637,20.40,1.00
2009.02.25 17:17:44.898,1.1636,1.16395,22.20,1.60
2009.02.25 17:17:45.309,1.1637,1.16405,8.00,13.40
2009.02.25 17:17:45.938,1.16375,1.16405,2.80,6.80
2009.02.25 17:17:46.218,1.1637,1.164,20.40,1.00
2009.02.25 17:17:46.628,1.16375,1.16405,2.80,5.00
2009.02.25 17:17:46.928,1.16375,1.164,2.80,5.00
2009.02.25 17:17:47.458,1.16375,1.16405,2.80,5.40
2009.02.25 17:17:47.818,1.16365,1.164,20.20,5.00
2009.02.25 17:17:48.108,1.16365,1.164,9.80,6.80
2009.02.25 17:17:49.567,1.16365,1.16395,9.80,5.00
2009.02.25 17:17:49.927,1.16375,1.16395,2.80,5.00
2009.02.25 17:17:50.437,1.16375,1.164,2.80,1.00
2009.02.25 17:17:51.997,1.16395,1.16405,2.80,13.40
2009.02.25 17:17:52.337,1.16395,1.16405,2.80,13.00
2009.02.25 17:17:52.567,1.16385,1.1641,8.00,9.60
2009.02.25 17:17:53.027,1.1638,1.1641,7.60,10.00
2009.02.25 17:17:55.506,1.1638,1.16405,2.80,1.00
2009.02.25 17:17:58.207,1.1638,1.16405,10.80,1.00
2009.02.25 17:17:58.545,1.1638,1.16405,10.80,1.00
2009.02.25 17:17:59.005,1.1638,1.16405,2.80,1.00
2009.02.25 17:18:00.035,1.1638,1.16405,2.80,1.00
2009.02.25 17:18:02.644,1.1638,1.16405,10.80,1.00
2009.02.25 17:18:02.874,1.1638,1.16405,10.80,1.00
2009.02.25 17:18:03.054,1.1638,1.16405,2.80,1.00
2009.02.25 17:18:03.744,1.1638,1.16405,10.80,1.00
2009.02.25 17:18:04.544,1.1638,1.16405,12.60,1.00
2009.02.25 17:18:06.023,1.1638,1.16405,10.80,1.00
2009.02.25 17:18:21.650,1.1638,1.164,2.80,1.00
2009.02.25 17:18:21.769,1.1638,1.164,2.80,1.00
2009.02.25 17:18:22.250,1.1638,1.164,2.80,1.00
2009.02.25 17:18:22.659,1.1638,1.16405,2.80,10.20
2009.02.25 17:18:22.769,1.1638,1.16405,2.80,1.00
2009.02.25 17:18:22.989,1.1638,1.16405,10.80,1.00
2009.02.25 17:18:24.069,1.1638,1.16405,10.80,1.00
2009.02.25 17:18:24.539,1.1638,1.16405,2.80,5.40
2009.02.25 17:18:24.879,1.1638,1.16405,2.80,7.00
2009.02.25 17:18:25.849,1.1638,1.16405,2.80,7.40
2009.02.25 17:18:26.418,1.1638,1.16405,2.80,7.80
2009.02.25 17:18:26.928,1.1638,1.164,2.80,5.00
2009.02.25 17:18:27.099,1.16375,1.1639,9.80,1.00
2009.02.25 17:18:27.569,1.1638,1.164,2.80,7.40
2009.02.25 17:18:28.098,1.1638,1.164,2.80,2.20
2009.02.25 17:18:28.948,1.1638,1.164,2.80,2.60
2009.02.25 17:18:30.627,1.16375,1.1639,1.00,5.00
2009.02.25 17:18:30.737,1.1635,1.1639,10.00,5.00
2009.02.25 17:18:30.847,1.1635,1.16395,10.00,6.80
2009.02.25 17:18:31.019,1.1635,1.16395,8.00,6.80
2009.02.25 17:18:31.128,1.16345,1.1639,17.80,6.80
2009.02.25 17:18:31.407,1.16345,1.1639,16.00,6.80
2009.02.25 17:18:31.527,1.1634,1.16385,17.60,5.00
2009.02.25 17:18:31.637,1.1634,1.16385,17.40,5.00
2009.02.25 17:18:31.807,1.16345,1.1638,12.60,5.00
2009.02.25 17:18:32.047,1.16345,1.16375,4.60,5.00
2009.02.25 17:18:34.257,1.1635,1.16375,2.80,5.00
2009.02.25 17:18:34.596,1.1635,1.1638,2.80,11.20
2009.02.25 17:18:34.827,1.1635,1.1638,2.80,6.00
2009.02.25 17:18:35.106,1.1635,1.1638,2.80,5.00
2009.02.25 17:18:37.676,1.1635,1.1638,2.80,7.00
2009.02.25 17:18:37.956,1.1635,1.16375,2.80,5.00
2009.02.25 17:18:38.357,1.1635,1.1638,2.80,6.80
2009.02.25 17:18:38.996,1.1635,1.1638,2.80,7.00
2009.02.25 17:18:39.165,1.1635,1.16375,2.80,1.00
2009.02.25 17:18:39.556,1.1635,1.1638,2.80,6.80
2009.02.25 17:18:40.635,1.1635,1.1638,2.80,5.00
2009.02.25 17:18:42.055,1.1635,1.1637,2.80,1.00
2009.02.25 17:18:42.275,1.1635,1.1638,2.80,5.00
2009.02.25 17:18:42.515,1.1635,1.1638,2.80,5.40
2009.02.25 17:18:45.554,1.16345,1.16365,12.80,1.00
2009.02.25 17:18:49.483,1.16345,1.16355,12.80,1.00
2009.02.25 17:18:51.902,1.1635,1.1638,2.80,5.80
2009.02.25 17:18:52.202,1.1635,1.1638,2.80,5.40
2009.02.25 17:18:52.432,1.1635,1.16375,2.80,1.60
2009.02.25 17:18:52.552,1.16345,1.1637,3.20,1.00
2009.02.25 17:18:52.782,1.16345,1.1637,3.20,7.40
2009.02.25 17:18:53.152,1.16325,1.16365,12.60,7.00
2009.02.25 17:18:53.502,1.16325,1.16365,8.00,7.80
2009.02.25 17:18:54.661,1.16345,1.16365,2.80,5.00
2009.02.25 17:18:55.052,1.16345,1.1637,2.80,9.80
2009.02.25 17:18:55.401,1.16345,1.16375,2.80,5.00
2009.02.25 17:18:55.521,1.16345,1.16375,2.80,2.00
2009.02.25 17:18:55.851,1.1635,1.16375,2.80,1.60
2009.02.25 17:18:55.971,1.1635,1.1638,2.80,7.60
2009.02.25 17:18:56.031,1.1635,1.1638,2.80,6.80
2009.02.25 17:18:56.661,1.1635,1.1638,2.80,7.00
2009.02.25 17:18:57.171,1.1635,1.1638,2.80,6.80
2009.02.25 17:18:57.531,1.16365,1.1638,4.80,6.80
2009.02.25 17:18:58.161,1.1637,1.16385,3.20,2.00
2009.02.25 17:18:58.521,1.1634,1.1638,2.80,5.00
2009.02.25 17:18:59.510,1.1634,1.16375,2.80,5.00
2009.02.25 17:19:00.960,1.16365,1.16375,1.80,5.00
2009.02.25 17:19:01.310,1.1636,1.16385,1.60,5.40
2009.02.25 17:19:01.770,1.16355,1.1639,4.80,14.60
2009.02.25 17:19:02.050,1.1635,1.16385,25.60,5.00
2009.02.25 17:19:02.450,1.1635,1.16385,23.60,5.00
2009.02.25 17:19:03.080,1.1635,1.1638,28.80,5.40
2009.02.25 17:19:03.469,1.16365,1.16385,2.80,5.00
2009.02.25 17:19:03.940,1.16365,1.16405,2.80,7.80
2009.02.25 17:19:04.289,1.16365,1.16405,2.80,7.00
2009.02.25 17:19:06.179,1.1637,1.164,2.80,5.40
2009.02.25 17:19:07.389,1.16375,1.164,2.80,5.00
2009.02.25 17:19:07.839,1.1637,1.164,2.80,5.40
2009.02.25 17:19:08.178,1.1637,1.16395,2.80,1.00
2009.02.25 17:19:09.328,1.1637,1.16395,10.80,1.00
2009.02.25 17:19:10.038,1.16375,1.16395,2.80,1.00
2009.02.25 17:19:10.268,1.16375,1.164,2.80,6.80
2009.02.25 17:19:10.548,1.16375,1.164,2.80,5.00
2009.02.25 17:19:11.927,1.1639,1.16405,2.80,7.80
2009.02.25 17:19:11.987,1.1638,1.16405,13.20,8.20
2009.02.25 17:19:12.467,1.1638,1.16405,8.00,1.00
2009.02.25 17:19:12.578,1.16375,1.16405,4.80,1.00
2009.02.25 17:19:13.097,1.16375,1.16405,10.80,1.00
2009.02.25 17:19:13.547,1.1638,1.16405,8.00,1.00
2009.02.25 17:19:14.497,1.1638,1.16405,8.00,1.00
2009.02.25 17:19:15.137,1.1638,1.16405,10.80,1.00
2009.02.25 17:19:16.348,1.16385,1.16405,8.00,1.00
2009.02.25 17:19:16.776,1.1638,1.16405,12.80,1.00
2009.02.25 17:19:17.016,1.16385,1.16405,8.00,1.00
2009.02.25 17:19:17.706,1.16385,1.16405,14.60,1.00
2009.02.25 17:19:19.286,1.1639,1.1641,2.80,2.40
2009.02.25 17:19:20.375,1.16395,1.1641,2.80,2.00
2009.02.25 17:19:20.665,1.1639,1.1641,4.60,2.00
2009.02.25 17:19:21.026,1.16395,1.1641,8.00,1.00
2009.02.25 17:19:21.435,1.16395,1.1643,8.00,4.80
2009.02.25 17:19:21.885,1.16395,1.16435,8.00,6.80
2009.02.25 17:19:22.235,1.16395,1.16435,12.60,5.00
2009.02.25 17:19:23.155,1.164,1.16435,8.00,7.80
2009.02.25 17:19:24.675,1.164,1.1643,8.00,5.00
2009.02.25 17:19:24.964,1.16395,1.1643,17.60,5.00
2009.02.25 17:19:25.475,1.16395,1.1643,12.60,5.00
2009.02.25 17:19:26.315,1.164,1.16435,8.00,12.60
2009.02.25 17:19:26.484,1.164,1.16435,8.00,7.80
2009.02.25 17:19:27.674,1.16395,1.1643,19.40,5.00
2009.02.25 17:19:28.024,1.16395,1.1643,19.40,5.00
2009.02.25 17:19:28.313,1.16395,1.1643,14.60,5.00
2009.02.25 17:19:29.833,1.16405,1.1643,1.00,5.00
2009.02.25 17:19:30.253,1.16415,1.16435,2.80,9.80
2009.02.25 17:19:30.603,1.16415,1.16435,2.80,4.80
2009.02.25 17:19:30.783,1.16415,1.16445,2.80,7.80
2009.02.25 17:19:31.414,1.1642,1.16445,2.80,2.00
2009.02.25 17:19:31.913,1.1642,1.16445,2.80,1.00
2009.02.25 17:19:33.932,1.1642,1.16445,10.80,1.00
2009.02.25 17:19:34.562,1.1642,1.16445,10.80,1.00
2009.02.25 17:19:34.902,1.1642,1.16445,2.80,1.00
2009.02.25 17:19:35.532,1.1642,1.16445,10.80,1.00
2009.02.25 17:19:37.281,1.1642,1.16445,2.80,1.00
2009.02.25 17:19:40.521,1.1642,1.16445,10.80,1.00
2009.02.25 17:19:40.821,1.1642,1.16445,2.80,1.00
2009.02.25 17:19:41.170,1.1642,1.16445,2.80,1.00
2009.02.25 17:19:44.409,1.1642,1.16445,2.80,2.00
2009.02.25 17:19:45.989,1.1642,1.16445,2.80,1.00
2009.02.25 17:19:54.237,1.1641,1.1644,10.80,5.40
2009.02.25 17:19:55.847,1.16415,1.1644,6.60,5.40
2009.02.25 17:19:55.967,1.1642,1.16445,2.80,9.80
2009.02.25 17:19:56.247,1.1642,1.16445,2.80,2.00
2009.02.25 17:20:01.275,1.1642,1.16445,2.80,7.00
2009.02.25 17:20:01.445,1.1642,1.1644,2.80,1.00
2009.02.25 17:20:01.795,1.1642,1.1644,2.80,1.00
2009.02.25 17:20:25.630,1.1642,1.16445,2.80,1.00
2009.02.25 17:20:25.750,1.16435,1.1645,2.80,12.40
2009.02.25 17:20:26.080,1.16435,1.1645,2.80,2.00
2009.02.25 17:20:30.638,1.1644,1.1645,2.80,1.60
2009.02.25 17:20:31.238,1.1644,1.1646,2.80,2.40
2009.02.25 17:20:32.288,1.16435,1.16455,13.00,1.00
2009.02.25 17:20:32.688,1.16435,1.1644,3.20,1.00
2009.02.25 17:20:32.988,1.1643,1.1644,2.80,1.00
2009.02.25 17:20:33.798,1.1643,1.16455,2.80,3.00
2009.02.25 17:20:34.088,1.1643,1.1646,4.60,1.00
2009.02.25 17:20:34.387,1.1643,1.1646,12.60,1.00
2009.02.25 17:20:35.357,1.1643,1.16455,12.60,1.00
2009.02.25 17:20:36.967,1.1644,1.16455,2.80,1.00
2009.02.25 17:20:37.127,1.1644,1.1646,2.80,4.00
2009.02.25 17:20:37.527,1.1644,1.1646,2.80,3.20
2009.02.25 17:20:37.977,1.1644,1.16465,15.60,1.60
2009.02.25 17:20:38.207,1.1644,1.16475,15.60,11.60
2009.02.25 17:20:38.326,1.1644,1.16475,15.60,6.80
2009.02.25 17:20:39.237,1.16445,1.1648,8.00,15.20
2009.02.25 17:20:39.476,1.16445,1.1648,8.00,7.00
2009.02.25 17:20:40.086,1.1645,1.1648,8.00,6.80
2009.02.25 17:20:40.316,1.1645,1.1648,8.00,1.60
2009.02.25 17:20:40.606,1.1645,1.1648,10.80,1.00
2009.02.25 17:20:41.166,1.1645,1.1648,14.20,1.00
2009.02.25 17:20:41.456,1.1645,1.1648,10.80,1.00
2009.02.25 17:20:42.815,1.1645,1.1648,10.80,5.40
2009.02.25 17:20:42.996,1.1645,1.16475,10.80,1.00
2009.02.25 17:20:45.295,1.1645,1.16475,2.80,1.00
2009.02.25 17:20:45.645,1.1645,1.16475,2.80,1.00
2009.02.25 17:20:45.935,1.1646,1.16475,2.80,1.00
2009.02.25 17:20:46.235,1.1646,1.1648,2.80,3.80
2009.02.25 17:20:56.362,1.1646,1.1648,2.80,2.20
2009.02.25 17:21:01.181,1.1646,1.1648,2.80,3.80
2009.02.25 17:21:01.461,1.1646,1.1648,2.80,2.20
2009.02.25 17:21:23.616,1.1646,1.1648,2.80,3.80
2009.02.25 17:21:24.126,1.1645,1.16475,18.00,1.00
2009.02.25 17:21:24.525,1.1645,1.16475,2.80,7.00
2009.02.25 17:21:25.365,1.1645,1.16475,2.80,2.00
2009.02.25 17:21:26.065,1.1645,1.16475,2.80,2.20
2009.02.25 17:21:26.295,1.1645,1.16475,2.80,2.60
2009.02.25 17:21:26.575,1.1645,1.16475,2.80,7.80
2009.02.25 17:21:28.554,1.1645,1.16475,2.80,7.00
2009.02.25 17:21:29.194,1.1645,1.16475,2.80,2.00
2009.02.25 17:21:31.604,1.1645,1.16475,2.80,2.60
2009.02.25 17:21:31.884,1.1645,1.16475,2.80,7.80
2009.02.25 17:21:32.264,1.1645,1.16475,2.80,2.60
2009.02.25 17:21:32.424,1.1645,1.16475,2.80,7.80
2009.02.25 17:21:32.713,1.1645,1.1647,2.80,1.60
2009.02.25 17:21:34.483,1.1645,1.16475,2.80,7.80
2009.02.25 17:21:36.563,1.16445,1.16465,12.80,1.00
2009.02.25 17:21:37.032,1.16445,1.16465,12.80,1.80
2009.02.25 17:21:37.382,1.1645,1.16465,2.80,1.60
2009.02.25 17:21:37.672,1.1645,1.16475,2.80,3.80
2009.02.25 17:21:37.723,1.1645,1.1647,2.80,4.20
2009.02.25 17:21:38.372,1.1645,1.1647,2.80,3.60
2009.02.25 17:21:38.552,1.1645,1.1647,2.80,2.00
2009.02.25 17:21:39.082,1.1645,1.16475,2.80,7.80
2009.02.25 17:21:39.832,1.1645,1.16475,2.80,7.00
2009.02.25 17:21:40.122,1.1645,1.16475,2.80,7.40
2009.02.25 17:21:40.531,1.1645,1.16475,2.80,7.80
2009.02.25 17:21:40.881,1.1645,1.1647,2.80,1.60
2009.02.25 17:21:41.451,1.16445,1.1646,12.80,1.00
2009.02.25 17:21:41.751,1.16445,1.1646,12.80,1.80
2009.02.25 17:21:42.091,1.1645,1.1646,2.80,1.80
2009.02.25 17:21:42.431,1.16455,1.1646,1.20,1.00
2009.02.25 17:21:42.841,1.1645,1.1647,2.80,3.20
2009.02.25 17:21:43.061,1.1645,1.16475,2.80,1.00
2009.02.25 17:21:45.961,1.16455,1.16475,8.00,1.00
2009.02.25 17:21:47.010,1.1646,1.16475,8.00,1.00
2009.02.25 17:21:47.380,1.16455,1.16475,8.00,1.00
2009.02.25 17:21:48.959,1.16455,1.1648,8.00,3.40
2009.02.25 17:21:49.469,1.16455,1.1648,8.00,1.80
2009.02.25 17:21:51.519,1.1645,1.1648,2.80,7.00
2009.02.25 17:21:53.798,1.1645,1.16475,2.80,5.00
2009.02.25 17:21:55.938,1.16465,1.16475,2.80,5.00
2009.02.25 17:21:56.218,1.16455,1.16475,10.00,5.00
2009.02.25 17:21:56.398,1.1646,1.16475,3.20,1.00
2009.02.25 17:21:56.518,1.1646,1.16475,3.20,5.40
2009.02.25 17:21:56.578,1.1646,1.16475,1.00,5.40
2009.02.25 17:21:57.037,1.16445,1.16475,2.80,5.40
2009.02.25 17:21:57.788,1.16445,1.16475,2.80,7.00
2009.02.25 17:21:59.457,1.1645,1.16475,2.80,2.00
2009.02.25 17:22:13.963,1.1645,1.16475,2.80,7.00
2009.02.25 17:22:14.144,1.1645,1.16475,2.80,2.00
2009.02.25 17:22:16.313,1.1646,1.16475,2.80,2.00
2009.02.25 17:22:16.423,1.1646,1.16475,2.80,1.00
2009.02.25 17:22:28.000,1.1646,1.16475,2.80,1.00
2009.02.25 17:22:28.600,1.1646,1.16475,2.80,1.00
2009.02.25 17:22:29.380,1.1646,1.16475,2.80,1.00
2009.02.25 17:22:31.679,1.16465,1.1648,4.80,11.00
2009.02.25 17:22:31.919,1.1647,1.1648,2.80,9.40
2009.02.25 17:22:32.479,1.1647,1.1648,2.80,6.40
2009.02.25 17:22:32.889,1.1647,1.1649,2.80,1.00
2009.02.25 17:22:33.279,1.1647,1.16495,2.80,2.00
2009.02.25 17:22:33.979,1.16465,1.1649,8.00,1.00
2009.02.25 17:22:34.618,1.16465,1.1649,8.00,1.00
2009.02.25 17:22:35.408,1.16465,1.1649,8.00,1.80
2009.02.25 17:22:35.798,1.1646,1.1649,15.60,1.80
2009.02.25 17:22:36.378,1.1646,1.1649,10.80,1.80
2009.02.25 17:22:36.948,1.1646,1.16485,10.80,1.00
2009.02.25 17:22:41.107,1.1646,1.16485,2.80,2.00
2009.02.25 17:22:41.717,1.16465,1.16485,8.80,2.60
2009.02.25 17:22:42.467,1.1646,1.16485,2.80,2.00
2009.02.25 17:22:42.887,1.1646,1.16485,2.80,2.60
2009.02.25 17:22:43.286,1.1646,1.16485,2.80,7.80
2009.02.25 17:22:43.926,1.1646,1.16485,2.80,2.40
2009.02.25 17:22:44.216,1.1646,1.16485,2.80,2.00
2009.02.25 17:22:46.116,1.1646,1.16485,2.80,7.00
2009.02.25 17:22:46.585,1.1646,1.16485,2.80,2.00
2009.02.25 17:22:47.066,1.1646,1.16485,2.80,7.00
2009.02.25 17:22:49.065,1.1646,1.16485,2.80,7.40
2009.02.25 17:22:49.465,1.1646,1.16485,2.80,7.80
2009.02.25 17:22:50.574,1.1646,1.16485,2.80,2.60
2009.02.25 17:22:50.975,1.1646,1.16485,2.80,2.00
2009.02.25 17:22:55.833,1.1646,1.16485,2.80,2.40
2009.02.25 17:22:56.123,1.1646,1.16475,2.80,1.00
2009.02.25 17:23:26.966,1.1646,1.16475,2.80,1.00
2009.02.25 17:23:41.172,1.1646,1.1648,10.80,1.60
2009.02.25 17:23:41.693,1.16465,1.1648,10.80,1.00
2009.02.25 17:23:42.132,1.16465,1.1649,10.80,1.60
2009.02.25 17:23:44.082,1.16475,1.1649,2.80,1.60
2009.02.25 17:23:44.362,1.16475,1.16495,2.80,1.00
2009.02.25 17:23:54.499,1.1647,1.1649,9.80,1.00
2009.02.25 17:23:56.599,1.1648,1.1649,1.80,1.00
2009.02.25 17:23:56.819,1.1649,1.165,2.80,8.60
2009.02.25 17:23:56.998,1.16485,1.165,4.80,6.40
2009.02.25 17:23:57.228,1.1648,1.16495,10.40,1.00
2009.02.25 17:23:57.340,1.1647,1.1649,9.80,1.00
2009.02.25 17:23:59.868,1.16485,1.16495,2.80,2.00
2009.02.25 17:24:00.268,1.16485,1.165,2.80,2.40
2009.02.25 17:24:00.888,1.16485,1.165,4.80,2.40
2009.02.25 17:24:01.058,1.16465,1.1649,9.80,1.00
2009.02.25 17:24:10.835,1.16475,1.1649,1.80,1.00
2009.02.25 17:24:11.295,1.16465,1.1649,8.00,1.00
2009.02.25 17:24:11.695,1.16465,1.16495,10.80,2.00
2009.02.25 17:24:11.875,1.16465,1.1649,8.00,1.00
2009.02.25 17:24:13.634,1.16465,1.1649,8.00,1.00
2009.02.25 17:24:13.914,1.1646,1.1649,17.60,1.00
2009.02.25 17:24:14.204,1.1646,1.1649,12.60,1.00
2009.02.25 17:24:16.735,1.1646,1.16485,12.60,1.00
2009.02.25 17:24:16.794,1.1646,1.16485,17.40,1.00
2009.02.25 17:24:16.914,1.1646,1.16485,12.60,1.00
2009.02.25 17:24:18.713,1.1646,1.16485,12.60,1.00
2009.02.25 17:24:21.343,1.1646,1.16485,12.60,1.00
2009.02.25 17:24:23.572,1.16465,1.16485,8.00,1.00
2009.02.25 17:24:25.162,1.1646,1.16485,12.60,1.00
2009.02.25 17:24:26.311,1.1646,1.16485,13.40,1.00
2009.02.25 17:24:27.383,1.16465,1.16485,8.00,1.00
2009.02.25 17:24:28.091,1.1647,1.16485,1.80,1.00
2009.02.25 17:24:28.431,1.16465,1.16485,17.40,1.00
2009.02.25 17:24:28.661,1.1647,1.1649,9.80,1.00
2009.02.25 17:24:29.511,1.1647,1.16495,12.60,1.00
2009.02.25 17:24:30.050,1.1648,1.16495,1.80,1.00
2009.02.25 17:24:30.870,1.16475,1.16495,8.00,1.00
2009.02.25 17:24:31.910,1.16475,1.16495,9.80,1.00
2009.02.25 17:24:33.550,1.16485,1.16495,1.80,1.00
2009.02.25 17:24:34.939,1.16475,1.16495,9.80,1.00
2009.02.25 17:24:37.149,1.16485,1.16495,1.80,1.00
2009.02.25 17:24:37.669,1.16475,1.16495,9.80,1.00
2009.02.25 17:24:39.258,1.16475,1.16495,9.80,1.00
2009.02.25 17:24:39.598,1.1648,1.16495,1.80,1.00
2009.02.25 17:24:39.878,1.16475,1.16495,9.80,1.00
2009.02.25 17:24:40.978,1.16475,1.16495,9.80,1.00
2009.02.25 17:24:41.528,1.1647,1.16495,17.60,1.00
2009.02.25 17:24:41.768,1.1647,1.16495,17.40,1.00
2009.02.25 17:24:41.948,1.1647,1.16495,12.60,1.00
2009.02.25 17:24:45.637,1.1647,1.16495,12.60,1.00
2009.02.25 17:24:45.877,1.1647,1.16495,10.80,1.00
2009.02.25 17:24:46.157,1.1647,1.16495,2.80,1.00
2009.02.25 17:24:46.557,1.1647,1.16485,2.80,1.00
2009.02.25 17:24:47.007,1.1647,1.16485,1.80,1.00
2009.02.25 17:24:47.816,1.16465,1.16485,9.80,1.00
2009.02.25 17:24:54.855,1.16475,1.1649,2.80,5.60
2009.02.25 17:24:57.704,1.1648,1.1649,2.80,4.00
2009.02.25 17:24:57.764,1.1648,1.1649,2.80,2.40
2009.02.25 17:24:58.934,1.1648,1.1649,2.80,4.00
2009.02.25 17:24:59.174,1.1648,1.1649,2.80,2.40
2009.02.25 17:25:01.063,1.1648,1.1649,2.80,2.00
2009.02.25 17:25:01.343,1.1648,1.16495,2.80,3.40
2009.02.25 17:25:22.198,1.1648,1.16495,2.80,1.00
2009.02.25 17:25:24.177,1.1648,1.16495,4.60,1.00
2009.02.25 17:25:24.637,1.1648,1.16495,2.80,1.00
2009.02.25 17:25:25.967,1.1648,1.1649,2.80,1.00
2009.02.25 17:25:26.387,1.1648,1.1649,2.80,5.20
2009.02.25 17:25:26.637,1.1648,1.1649,2.80,7.80
2009.02.25 17:25:26.917,1.16475,1.1649,4.80,7.80
2009.02.25 17:25:27.077,1.16475,1.16485,1.00,1.00
2009.02.25 17:25:27.197,1.16465,1.16485,17.80,1.00
2009.02.25 17:25:27.767,1.1646,1.1648,8.00,1.00
2009.02.25 17:25:28.046,1.1646,1.1648,8.00,1.00
2009.02.25 17:25:28.557,1.1646,1.16475,8.00,1.00
2009.02.25 17:25:28.947,1.1645,1.16475,10.80,1.00
2009.02.25 17:25:30.846,1.1645,1.16475,2.80,1.00
2009.02.25 17:25:31.526,1.1645,1.16475,10.80,1.00
2009.02.25 17:25:31.686,1.1645,1.16465,12.60,1.00
2009.02.25 17:25:31.966,1.1645,1.16465,10.80,3.40
2009.02.25 17:25:32.326,1.1645,1.16465,2.80,3.40
2009.02.25 17:25:32.735,1.1645,1.16465,2.80,6.60
2009.02.25 17:25:34.115,1.1645,1.16465,2.80,8.20
2009.02.25 17:25:39.674,1.16445,1.1646,1.80,1.00
2009.02.25 17:25:40.064,1.1644,1.16465,9.80,6.60
2009.02.25 17:25:40.514,1.16445,1.16465,8.00,6.60
2009.02.25 17:25:42.193,1.16445,1.16465,8.00,8.20
2009.02.25 17:25:43.043,1.1644,1.16465,2.80,9.80
2009.02.25 17:25:45.652,1.1644,1.16455,2.80,1.00
2009.02.25 17:25:45.892,1.1644,1.16455,2.80,1.60
2009.02.25 17:25:46.072,1.1644,1.16455,2.80,2.40
2009.02.25 17:25:47.762,1.16435,1.16445,1.80,1.00
2009.02.25 17:25:48.072,1.1643,1.16445,2.80,1.00
2009.02.25 17:25:54.970,1.1643,1.16445,4.60,1.00
2009.02.25 17:25:59.349,1.1643,1.16445,2.80,1.00
2009.02.25 17:25:59.809,1.1643,1.1645,7.60,2.40
2009.02.25 17:26:00.329,1.1643,1.1645,7.60,4.00
2009.02.25 17:26:00.729,1.1643,1.1645,7.60,5.60
2009.02.25 17:26:01.019,1.1643,1.1645,7.60,7.80
2009.02.25 17:26:03.108,1.1643,1.1645,7.60,11.00
2009.02.25 17:26:13.355,1.1643,1.1644,2.80,1.00
2009.02.25 17:26:13.825,1.1643,1.1644,2.80,1.80
2009.02.25 17:26:37.200,1.1643,1.1644,2.80,1.00
2009.02.25 17:26:37.250,1.1643,1.1644,7.60,1.00
2009.02.25 17:26:37.370,1.1643,1.1645,7.60,7.80
2009.02.25 17:26:37.430,1.1643,1.1645,7.60,6.20
2009.02.25 17:26:37.550,1.1643,1.1645,7.60,5.60
2009.02.25 17:26:37.900,1.1643,1.1645,7.60,4.00
2009.02.25 17:26:41.139,1.1643,1.1645,7.60,3.20
2009.02.25 17:26:41.359,1.1644,1.1645,4.80,1.00
2009.02.25 17:26:41.479,1.16445,1.1646,2.80,12.20
2009.02.25 17:26:41.839,1.16445,1.1646,2.80,3.60
2009.02.25 17:26:42.009,1.16445,1.1646,7.60,1.60
2009.02.25 17:26:42.418,1.1644,1.16465,4.80,5.00
2009.02.25 17:26:42.809,1.16435,1.16465,8.00,5.00
2009.02.25 17:26:42.918,1.1643,1.16465,28.40,5.00
2009.02.25 17:26:43.228,1.1643,1.1646,28.40,1.00
2009.02.25 17:26:43.348,1.1643,1.1646,15.60,1.00
2009.02.25 17:26:52.226,1.1643,1.1646,10.80,1.00
2009.02.25 17:26:52.286,1.1643,1.1646,8.00,1.60
2009.02.25 17:26:59.384,1.1643,1.1646,8.00,2.20
2009.02.25 17:26:59.774,1.16425,1.1646,12.80,7.40
2009.02.25 17:27:00.234,1.16425,1.1646,8.00,7.40
2009.02.25 17:27:05.503,1.16425,1.16455,8.00,7.00
2009.02.25 17:27:05.913,1.16425,1.1645,8.00,1.00
2009.02.25 17:27:06.323,1.1642,1.1645,19.00,1.60
2009.02.25 17:27:06.713,1.1642,1.1644,11.20,1.00
2009.02.25 17:27:07.032,1.16415,1.16435,9.60,5.00
2009.02.25 17:27:07.323,1.16405,1.16435,5.20,5.00
2009.02.25 17:27:07.503,1.164,1.1643,20.40,5.40
2009.02.25 17:27:07.983,1.164,1.1643,15.60,5.40
2009.02.25 17:27:09.342,1.164,1.16425,7.60,1.60
2009.02.25 17:27:11.002,1.16415,1.1643,1.00,13.80
2009.02.25 17:27:11.392,1.1641,1.1643,1.60,11.80
2009.02.25 17:27:11.732,1.1639,1.1643,7.60,9.00
2009.02.25 17:27:12.191,1.164,1.1643,15.60,9.00
2009.02.25 17:27:17.480,1.164,1.1643,15.60,7.40
2009.02.25 17:27:17.900,1.164,1.1643,15.60,2.20
2009.02.25 17:27:20.319,1.164,1.1643,15.60,3.60
2009.02.25 17:27:20.769,1.164,1.1643,15.60,9.60
2009.02.25 17:27:29.877,1.164,1.1643,15.60,9.20
2009.02.25 17:27:30.857,1.164,1.1643,15.60,9.60
2009.02.25 17:27:35.326,1.164,1.1642,15.60,1.00
2009.02.25 17:27:35.616,1.164,1.1642,15.60,1.00
2009.02.25 17:27:36.136,1.164,1.1642,7.60,1.00
2009.02.25 17:27:36.486,1.1639,1.1642,9.80,5.60
2009.02.25 17:27:37.045,1.1639,1.1641,9.80,1.00
2009.02.25 17:27:40.344,1.1639,1.1641,8.00,1.00
2009.02.25 17:27:40.965,1.16395,1.1641,8.00,1.00
2009.02.25 17:27:43.904,1.164,1.1641,1.80,1.00
2009.02.25 17:27:46.443,1.1639,1.1641,9.80,1.00
2009.02.25 17:27:46.793,1.16395,1.1641,8.00,1.00
2009.02.25 17:27:47.353,1.164,1.1641,4.80,1.00
2009.02.25 17:27:47.533,1.164,1.1642,7.60,5.60
2009.02.25 17:27:49.382,1.164,1.1642,7.60,4.00
2009.02.25 17:27:49.732,1.164,1.1642,7.60,2.40
2009.02.25 17:27:52.212,1.1641,1.1643,1.80,7.60
2009.02.25 17:27:52.442,1.16405,1.1643,9.80,2.40
2009.02.25 17:27:55.701,1.1641,1.1643,1.80,2.40
2009.02.25 17:27:56.571,1.164,1.1643,17.40,2.40
2009.02.25 17:27:57.221,1.164,1.1643,15.60,2.40
2009.02.25 17:27:57.451,1.164,1.1642,15.60,1.00
2009.02.25 17:27:57.861,1.164,1.1642,7.60,3.60
2009.02.25 17:27:58.260,1.164,1.1642,7.60,6.80
2009.02.25 17:28:04.149,1.164,1.1642,7.60,5.40
2009.02.25 17:28:04.429,1.164,1.1642,7.60,3.80
2009.02.25 17:28:11.747,1.164,1.1642,7.60,6.40
2009.02.25 17:28:12.227,1.164,1.1642,7.60,7.80
2009.02.25 17:28:12.577,1.164,1.1641,7.60,1.00
2009.02.25 17:28:12.977,1.164,1.1641,2.80,1.00
2009.02.25 17:28:13.276,1.164,1.1641,2.80,2.00
2009.02.25 17:28:13.726,1.164,1.1641,7.60,1.60
2009.02.25 17:28:14.207,1.164,1.16415,7.60,4.80
2009.02.25 17:28:15.196,1.164,1.16415,7.60,1.60
2009.02.25 17:28:15.696,1.164,1.1642,7.60,1.00
2009.02.25 17:28:15.926,1.164,1.1643,7.60,10.00
2009.02.25 17:28:16.726,1.164,1.1642,7.60,6.20
2009.02.25 17:29:00.925,1.164,1.1642,4.80,6.20
2009.02.25 17:29:01.335,1.16395,1.1642,9.80,7.80
2009.02.25 17:29:01.585,1.16385,1.1642,8.00,13.20
2009.02.25 17:29:02.005,1.1638,1.16415,25.20,5.00
2009.02.25 17:29:02.185,1.1638,1.16415,20.40,5.00
2009.02.25 17:29:02.625,1.1638,1.1641,20.40,1.00
2009.02.25 17:29:03.135,1.1638,1.1641,15.60,2.20
2009.02.25 17:29:03.305,1.1638,1.1641,7.60,12.40
2009.02.25 17:29:03.415,1.1638,1.1641,15.60,12.40
2009.02.25 17:29:06.464,1.1638,1.1641,15.60,12.80
2009.02.25 17:29:06.884,1.1638,1.1641,15.60,13.20
2009.02.25 17:29:08.413,1.1638,1.1641,7.60,13.20
2009.02.25 17:29:09.223,1.1638,1.1641,7.60,15.40
2009.02.25 17:29:10.323,1.1638,1.164,7.60,1.00
2009.02.25 17:29:10.793,1.1638,1.164,7.60,3.60
2009.02.25 17:29:11.153,1.1638,1.164,7.60,9.40
2009.02.25 17:29:16.301,1.1638,1.164,7.60,11.00
2009.02.25 17:29:22.971,1.1638,1.164,7.60,9.40
2009.02.25 17:29:32.598,1.1638,1.16395,7.60,1.60
2009.02.25 17:29:32.887,1.1638,1.16395,7.60,3.20
2009.02.25 17:29:43.575,1.1638,1.1639,2.80,1.00
2009.02.25 17:29:43.685,1.16375,1.1638,7.60,1.00
2009.02.25 17:29:53.653,1.1638,1.16385,7.60,1.00
2009.02.25 17:30:01.280,1.1638,1.16385,4.80,1.00
2009.02.25 17:30:02.260,1.1638,1.16385,7.60,1.00
2009.02.25 17:30:02.720,1.1638,1.16385,4.80,1.00
2009.02.25 17:30:06.299,1.16375,1.1638,12.60,1.00
2009.02.25 17:30:07.159,1.1638,1.16385,7.60,1.00
2009.02.25 17:30:07.379,1.1638,1.16385,4.80,1.00
2009.02.25 17:30:11.858,1.1638,1.16385,7.60,1.00
2009.02.25 17:30:12.328,1.1638,1.16395,7.60,6.20
2009.02.25 17:30:12.788,1.1638,1.16395,4.80,6.20
2009.02.25 17:30:13.667,1.1638,1.16395,7.60,6.20
2009.02.25 17:30:14.827,1.1638,1.16395,7.60,3.20
2009.02.25 17:30:14.997,1.1638,1.164,7.60,1.60
2009.02.25 17:30:15.407,1.1638,1.16405,7.60,5.00
2009.02.25 17:30:15.577,1.1638,1.16405,8.00,5.00
2009.02.25 17:30:16.337,1.1638,1.16405,11.00,5.00
2009.02.25 17:30:17.676,1.1638,1.16405,8.00,5.00
2009.02.25 17:30:17.796,1.1638,1.16405,11.00,5.00
2009.02.25 17:30:18.146,1.1638,1.16405,8.00,5.00
2009.02.25 17:30:18.467,1.1638,1.164,8.00,1.00
2009.02.25 17:30:19.266,1.1638,1.16405,7.60,8.20
2009.02.25 17:30:19.446,1.1638,1.16405,7.60,5.00
2009.02.25 17:30:19.966,1.1638,1.16395,4.80,1.00
2009.02.25 17:30:20.306,1.16375,1.16405,4.80,7.80
2009.02.25 17:30:20.816,1.16365,1.16395,4.80,5.00
2009.02.25 17:30:21.266,1.1637,1.1638,4.80,5.00
2009.02.25 17:30:21.966,1.16365,1.164,8.00,9.40
2009.02.25 17:30:22.396,1.1637,1.164,8.00,2.00
2009.02.25 17:30:22.675,1.16365,1.16395,12.80,1.60
2009.02.25 17:30:23.425,1.16365,1.1639,12.80,1.60
2009.02.25 17:30:23.755,1.16365,1.1639,8.00,1.60
2009.02.25 17:30:25.515,1.16375,1.16395,4.80,3.00
2009.02.25 17:30:25.754,1.16375,1.164,4.80,10.20
2009.02.25 17:30:26.395,1.16375,1.164,4.80,8.40
2009.02.25 17:30:26.745,1.16385,1.164,3.60,8.20
2009.02.25 17:30:27.314,1.1639,1.164,4.80,7.80
2009.02.25 17:30:27.654,1.16385,1.1642,9.60,11.00
2009.02.25 17:30:27.994,1.16385,1.16415,6.20,5.00
2009.02.25 17:30:28.264,1.16385,1.16415,12.60,5.00
2009.02.25 17:30:28.694,1.16385,1.1641,14.60,5.00
2009.02.25 17:30:29.044,1.16385,1.1641,4.60,5.00
2009.02.25 17:30:30.043,1.16385,1.1641,4.60,5.40
2009.02.25 17:30:30.534,1.16385,1.1641,4.60,5.00
2009.02.25 17:30:32.223,1.1638,1.1641,12.60,5.40
2009.02.25 17:30:32.703,1.1638,1.1641,4.80,5.40
2009.02.25 17:30:33.353,1.1638,1.164,4.80,1.00
2009.02.25 17:30:33.823,1.1638,1.1641,7.60,5.00
2009.02.25 17:30:34.163,1.1638,1.16405,4.80,5.00
2009.02.25 17:30:34.673,1.1638,1.1641,12.40,13.00
2009.02.25 17:30:35.072,1.1639,1.1641,4.80,5.00
2009.02.25 17:30:35.792,1.16385,1.1641,1.80,1.60
2009.02.25 17:30:36.072,1.1638,1.1641,9.40,5.80
2009.02.25 17:30:40.591,1.1639,1.1641,4.80,5.80
2009.02.25 17:30:40.871,1.1639,1.1641,4.80,1.60
2009.02.25 17:30:41.451,1.1639,1.16415,4.80,13.00
2009.02.25 17:30:41.891,1.1639,1.1641,4.80,1.00
2009.02.25 17:30:50.849,1.1639,1.1642,4.80,15.80
2009.02.25 17:30:53.148,1.1639,1.1642,4.80,15.80
2009.02.25 17:31:02.247,1.1639,1.1641,4.80,1.00
2009.02.25 17:31:02.696,1.1639,1.1641,7.60,1.00
2009.02.25 17:31:03.775,1.1639,1.1641,4.80,1.00
2009.02.25 17:31:04.275,1.16385,1.164,22.40,1.00
2009.02.25 17:31:04.575,1.16385,1.164,16.20,1.00
2009.02.25 17:31:04.695,1.1638,1.16405,11.40,5.00
2009.02.25 17:31:04.815,1.1638,1.1641,19.40,4.80
2009.02.25 17:31:05.115,1.1638,1.16415,19.40,1.60
2009.02.25 17:31:05.575,1.16385,1.1641,8.00,1.60
2009.02.25 17:31:06.285,1.1639,1.1641,4.80,1.60
2009.02.25 17:31:06.675,1.1639,1.16415,9.40,3.00
2009.02.25 17:31:07.015,1.164,1.16425,8.00,7.80
2009.02.25 17:31:07.314,1.164,1.1643,12.80,1.20
2009.02.25 17:31:07.525,1.164,1.1643,28.40,1.20
2009.02.25 17:31:07.875,1.164,1.1643,25.40,1.20
2009.02.25 17:31:08.115,1.164,1.1643,27.40,1.20
2009.02.25 17:31:08.644,1.1641,1.1643,1.80,1.20
2009.02.25 17:31:09.044,1.1642,1.16435,7.60,8.60
2009.02.25 17:31:09.404,1.16425,1.1644,2.80,1.00
2009.02.25 17:31:09.574,1.1642,1.1644,3.20,1.00
2009.02.25 17:31:10.144,1.16405,1.1643,8.00,1.00
2009.02.25 17:31:10.484,1.1639,1.1643,22.40,5.00
2009.02.25 17:31:11.044,1.16395,1.1644,17.40,5.00
2009.02.25 17:31:12.203,1.164,1.16435,27.40,5.00
2009.02.25 17:31:12.373,1.164,1.16435,30.40,5.00
2009.02.25 17:31:12.484,1.164,1.16435,27.40,5.00
2009.02.25 17:31:13.693,1.164,1.16435,17.40,6.80
2009.02.25 17:31:14.043,1.164,1.16435,12.60,6.80
2009.02.25 17:31:14.383,1.16395,1.1643,27.40,5.00
2009.02.25 17:31:14.903,1.164,1.16435,17.40,9.80
2009.02.25 17:31:15.173,1.164,1.16435,20.40,13.00
2009.02.25 17:31:15.473,1.164,1.16435,17.40,5.00
2009.02.25 17:31:16.202,1.164,1.16435,20.40,5.00
2009.02.25 17:31:18.402,1.164,1.16435,17.40,5.00
2009.02.25 17:31:18.972,1.164,1.16435,20.40,5.00
2009.02.25 17:31:26.130,1.164,1.1643,12.80,5.00
2009.02.25 17:31:26.800,1.164,1.1643,8.00,5.00
2009.02.25 17:31:27.260,1.164,1.16425,9.40,5.00
2009.02.25 17:31:27.850,1.164,1.1643,27.40,5.00
2009.02.25 17:31:28.130,1.16405,1.16435,14.60,9.80
2009.02.25 17:31:28.629,1.16405,1.16435,14.60,5.00
2009.02.25 17:31:29.469,1.1641,1.1644,4.60,9.80
2009.02.25 17:31:30.059,1.1641,1.1644,4.60,5.00
2009.02.25 17:31:30.499,1.16415,1.16445,4.60,9.80
2009.02.25 17:31:31.069,1.16415,1.16445,14.60,5.00
2009.02.25 17:31:32.079,1.16415,1.16445,4.60,5.00
2009.02.25 17:31:32.478,1.16415,1.1645,12.60,13.00
2009.02.25 17:31:32.839,1.16415,1.1645,12.60,9.80
2009.02.25 17:31:33.188,1.16425,1.16455,8.00,6.40
2009.02.25 17:31:33.808,1.16425,1.1646,8.00,1.60
2009.02.25 17:31:34.198,1.16435,1.1647,8.00,7.40
2009.02.25 17:31:38.118,1.16435,1.1647,8.00,7.00
2009.02.25 17:31:39.037,1.16435,1.1646,8.00,1.00
2009.02.25 17:31:39.607,1.16435,1.16465,8.00,8.20
2009.02.25 17:31:41.197,1.16435,1.16465,8.00,8.40
2009.02.25 17:31:41.656,1.16435,1.1646,8.00,1.00
2009.02.25 17:31:42.976,1.16445,1.16465,2.80,4.80
2009.02.25 17:31:43.326,1.16445,1.1647,7.60,5.00
2009.02.25 17:31:43.576,1.16445,1.1648,8.00,1.60
2009.02.25 17:31:43.796,1.16445,1.1648,10.80,1.60
2009.02.25 17:31:44.206,1.1645,1.16485,15.60,6.80
2009.02.25 17:31:44.386,1.1645,1.16485,20.40,5.00
2009.02.25 17:31:44.676,1.16455,1.16485,4.60,5.00
2009.02.25 17:31:45.765,1.1645,1.1648,30.40,1.60
2009.02.25 17:31:46.085,1.1645,1.1648,15.60,9.00
2009.02.25 17:31:46.375,1.1645,1.1648,15.60,13.60
2009.02.25 17:31:49.405,1.1645,1.1648,15.60,15.20
2009.02.25 17:31:50.814,1.1645,1.1648,15.60,13.60
2009.02.25 17:31:51.414,1.1645,1.1648,15.60,15.20
2009.02.25 17:31:52.334,1.1645,1.1648,15.60,13.60
2009.02.25 17:31:57.543,1.1645,1.1648,7.60,13.60
2009.02.25 17:31:57.653,1.1645,1.1648,7.60,16.00
2009.02.25 17:31:58.002,1.1645,1.16475,7.60,1.60
2009.02.25 17:31:58.283,1.16445,1.1647,11.40,1.60
2009.02.25 17:31:58.633,1.16445,1.1646,4.80,1.00
2009.02.25 17:31:59.422,1.1642,1.1644,3.40,1.00
2009.02.25 17:32:00.182,1.164,1.1645,22.60,13.00
2009.02.25 17:32:00.972,1.16405,1.1644,4.60,9.80
2009.02.25 17:32:01.432,1.1641,1.1644,25.40,1.00
2009.02.25 17:32:02.131,1.16415,1.1644,8.00,1.00
2009.02.25 17:32:02.522,1.16415,1.1644,17.40,1.00
2009.02.25 17:32:02.861,1.1642,1.1644,8.00,1.00
2009.02.25 17:32:03.321,1.1642,1.1644,8.00,1.00
2009.02.25 17:32:03.651,1.16415,1.1644,12.60,1.00
2009.02.25 17:32:04.281,1.16415,1.1644,12.60,1.00
2009.02.25 17:32:04.611,1.16415,1.1644,12.60,1.00
2009.02.25 17:32:05.021,1.16415,1.1644,12.60,1.00
2009.02.25 17:32:05.251,1.16415,1.1644,12.60,1.00
2009.02.25 17:32:06.142,1.16415,1.1644,12.60,1.00
2009.02.25 17:32:06.720,1.16415,1.1644,8.00,1.00
2009.02.25 17:32:08.300,1.16415,1.1644,8.00,1.00
2009.02.25 17:32:08.640,1.1641,1.16445,30.40,6.60
2009.02.25 17:32:08.990,1.1641,1.1644,27.40,1.00
2009.02.25 17:32:09.050,1.1641,1.16445,30.40,6.60
2009.02.25 17:32:09.470,1.1641,1.1644,27.40,1.00
2009.02.25 17:32:09.639,1.16415,1.1644,8.00,1.00
2009.02.25 17:32:10.489,1.16415,1.1644,8.00,1.00
2009.02.25 17:32:10.719,1.16415,1.1644,8.00,1.00
2009.02.25 17:32:10.999,1.16415,1.1644,8.00,1.00
2009.02.25 17:32:13.349,1.16415,1.16445,8.00,1.00
2009.02.25 17:32:13.958,1.1642,1.1644,8.00,1.00
2009.02.25 17:32:16.438,1.1641,1.1644,27.40,1.00
2009.02.25 17:32:16.838,1.1641,1.1644,19.40,1.00
2009.02.25 17:32:17.358,1.1641,1.16445,12.60,6.40
2009.02.25 17:32:17.817,1.164,1.16435,8.00,5.00
2009.02.25 17:32:18.237,1.16395,1.16425,6.40,5.00
2009.02.25 17:32:18.517,1.1639,1.16415,12.80,1.00
2009.02.25 17:32:18.927,1.1639,1.1641,9.40,1.00
2009.02.25 17:32:19.217,1.1639,1.1642,22.40,5.00
2009.02.25 17:32:19.617,1.1639,1.1642,17.40,5.40
2009.02.25 17:32:20.697,1.1639,1.1642,20.40,5.00
2009.02.25 17:32:22.647,1.1639,1.1642,17.40,5.40
2009.02.25 17:32:26.336,1.1639,1.16395,4.80,1.00
2009.02.25 17:32:26.806,1.16385,1.1642,4.80,1.00
2009.02.25 17:32:27.075,1.1638,1.1642,19.40,5.40
2009.02.25 17:32:27.545,1.1638,1.1642,17.40,5.40
2009.02.25 17:32:27.885,1.1638,1.1641,9.40,5.80
2009.02.25 17:32:28.645,1.1638,1.1641,17.40,5.80
2009.02.25 17:32:29.035,1.1638,1.1641,9.40,5.80
2009.02.25 17:32:29.375,1.1638,1.1641,25.40,1.60
2009.02.25 17:32:29.885,1.1638,1.16415,20.40,8.60
2009.02.25 17:32:30.295,1.1638,1.1641,17.40,5.40
2009.02.25 17:32:30.535,1.1638,1.1641,20.40,5.00
2009.02.25 17:32:30.934,1.1638,1.1641,17.40,5.40
2009.02.25 17:32:31.164,1.1638,1.1641,4.80,5.40
2009.02.25 17:32:31.504,1.1638,1.1641,4.80,5.80
2009.02.25 17:32:31.784,1.16385,1.1641,4.80,7.40
2009.02.25 17:32:32.354,1.1638,1.1641,4.80,7.40
2009.02.25 17:32:32.814,1.1638,1.164,4.80,1.00
2009.02.25 17:32:33.114,1.1639,1.1642,15.20,11.00
2009.02.25 17:32:33.514,1.1639,1.16425,12.40,5.00
2009.02.25 17:32:34.254,1.1639,1.16415,12.40,5.00
2009.02.25 17:32:34.664,1.1639,1.16415,4.80,5.00
2009.02.25 17:32:35.463,1.16385,1.1641,3.40,5.00
2009.02.25 17:32:35.643,1.1639,1.16415,4.80,8.20
2009.02.25 17:32:36.233,1.1639,1.16415,4.80,5.00
2009.02.25 17:32:38.363,1.1639,1.1642,4.80,12.20
2009.02.25 17:32:38.693,1.1639,1.1642,4.80,7.40
2009.02.25 17:32:39.503,1.1639,1.16415,4.80,5.00
2009.02.25 17:32:44.631,1.1639,1.16415,4.80,8.20
2009.02.25 17:32:45.311,1.1639,1.16415,4.80,5.00
2009.02.25 17:32:49.911,1.164,1.16415,4.80,5.00
2009.02.25 17:32:50.310,1.164,1.1642,4.80,1.00
2009.02.25 17:32:52.609,1.16405,1.1642,8.00,1.00
2009.02.25 17:32:52.989,1.16415,1.16425,1.00,3.20
2009.02.25 17:32:53.219,1.16415,1.1643,1.60,3.00
2009.02.25 17:32:53.279,1.1641,1.16435,12.40,5.00
2009.02.25 17:32:53.819,1.16415,1.16435,4.60,5.00
2009.02.25 17:32:53.999,1.16415,1.1644,4.60,5.00
2009.02.25 17:32:54.909,1.1641,1.1644,8.00,5.00
2009.02.25 17:32:55.528,1.16405,1.16435,19.60,1.00
2009.02.25 17:32:55.928,1.16405,1.16435,12.60,1.00
2009.02.25 17:32:56.438,1.16405,1.16435,8.00,1.00
2009.02.25 17:32:57.248,1.16405,1.1644,10.80,11.00
2009.02.25 17:32:57.488,1.16405,1.1644,10.80,11.40
2009.02.25 17:32:57.898,1.16405,1.1644,8.00,16.00
2009.02.25 17:33:01.217,1.16405,1.16435,8.00,1.00
2009.02.25 17:33:01.627,1.1641,1.16435,8.00,1.00
2009.02.25 17:33:01.977,1.1641,1.1644,8.00,16.00
2009.02.25 17:33:02.387,1.1641,1.16435,8.00,1.00
2009.02.25 17:33:03.667,1.1641,1.1644,8.00,16.00
2009.02.25 17:33:05.106,1.1641,1.16435,8.00,1.00
2009.02.25 17:33:06.216,1.1641,1.16435,8.00,1.80
2009.02.25 17:33:06.936,1.1641,1.1643,8.00,1.60
2009.02.25 17:33:07.616,1.16405,1.1644,12.80,16.00
2009.02.25 17:33:08.085,1.16405,1.16425,8.00,1.00
2009.02.25 17:33:08.396,1.164,1.16425,4.80,1.00
2009.02.25 17:33:49.125,1.164,1.1642,9.40,1.00
2009.02.25 17:33:49.286,1.164,1.16425,9.40,6.20
2009.02.25 17:33:49.685,1.164,1.16425,30.80,3.00
2009.02.25 17:33:50.135,1.164,1.1643,30.80,1.20
2009.02.25 17:33:50.685,1.1641,1.1643,14.60,1.00
2009.02.25 17:33:51.085,1.1642,1.16455,8.00,1.00
2009.02.25 17:33:51.375,1.1642,1.16445,12.60,1.00
2009.02.25 17:33:51.845,1.1642,1.1646,17.60,5.00
2009.02.25 17:33:52.255,1.16435,1.1646,19.60,5.00
2009.02.25 17:33:52.765,1.1644,1.16465,8.00,1.00
2009.02.25 17:33:53.345,1.1644,1.1648,8.00,10.00
2009.02.25 17:33:53.704,1.16435,1.16475,27.60,5.00
2009.02.25 17:33:54.104,1.16435,1.16475,27.40,5.00
2009.02.25 17:33:54.455,1.16435,1.1647,20.60,5.00
2009.02.25 17:33:54.974,1.16435,1.1647,8.00,7.40
2009.02.25 17:33:55.654,1.1643,1.16465,12.60,5.00
2009.02.25 17:33:57.154,1.1643,1.16465,8.00,7.00
2009.02.25 17:33:57.614,1.1643,1.16465,12.80,16.80
2009.02.25 17:34:00.503,1.16435,1.16465,8.00,11.40
2009.02.25 17:34:01.253,1.16435,1.16465,8.00,11.00
2009.02.25 17:34:02.592,1.1644,1.16465,8.00,3.20
2009.02.25 17:34:03.042,1.1644,1.1647,8.00,13.40
2009.02.25 17:34:03.382,1.1645,1.1647,2.80,8.20
2009.02.25 17:34:03.732,1.1645,1.16475,2.80,8.40
2009.02.25 17:34:04.602,1.1646,1.16475,2.00,5.00
2009.02.25 17:34:04.952,1.1647,1.16485,8.00,1.00
2009.02.25 17:34:05.342,1.1646,1.16485,8.00,1.00
2009.02.25 17:34:08.941,1.1646,1.16485,8.00,3.40
2009.02.25 17:34:09.401,1.16455,1.1648,4.80,8.60
2009.02.25 17:34:09.801,1.1645,1.1648,15.60,8.60
2009.02.25 17:34:10.370,1.1645,1.1648,7.60,14.40
2009.02.25 17:34:11.001,1.1645,1.1648,15.60,13.60
2009.02.25 17:34:11.340,1.1645,1.1648,15.60,16.80
2009.02.25 17:34:13.620,1.1645,1.1648,15.60,15.20
2009.02.25 17:34:15.289,1.1645,1.1648,20.40,15.20
2009.02.25 17:34:15.500,1.1646,1.1648,4.60,7.80
2009.02.25 17:34:15.789,1.1647,1.1648,8.00,4.80
2009.02.25 17:34:16.189,1.1647,1.16485,8.00,3.20
2009.02.25 17:34:16.829,1.1647,1.16505,8.00,2.20
2009.02.25 17:34:20.118,1.1647,1.165,8.00,3.00
2009.02.25 17:34:20.628,1.1647,1.1649,8.00,1.80
2009.02.25 17:34:21.198,1.1646,1.16485,9.80,1.00
2009.02.25 17:34:23.657,1.1646,1.16485,8.00,1.00
2009.02.25 17:34:24.058,1.16455,1.16485,12.80,1.00
2009.02.25 17:34:24.548,1.16455,1.16485,8.00,1.80
2009.02.25 17:34:24.787,1.1645,1.16485,22.20,7.00
2009.02.25 17:34:25.647,1.1645,1.16485,17.40,8.60
2009.02.25 17:34:25.977,1.16455,1.1648,8.00,3.60
2009.02.25 17:34:26.347,1.1645,1.1648,22.20,3.60
2009.02.25 17:34:26.646,1.1645,1.1648,17.40,8.40
2009.02.25 17:34:27.327,1.1646,1.1648,1.80,8.40
2009.02.25 17:34:27.786,1.1645,1.1648,17.40,8.40
2009.02.25 17:34:30.465,1.1645,1.1648,17.40,10.20
2009.02.25 17:34:31.865,1.1645,1.1648,15.60,10.20
2009.02.25 17:34:32.156,1.1645,1.1648,15.60,15.20
2009.02.25 17:34:32.495,1.1645,1.1648,15.60,13.60
2009.02.25 17:34:32.845,1.1645,1.1648,15.60,10.00
2009.02.25 17:34:33.145,1.1645,1.1648,15.60,11.80
2009.02.25 17:34:33.435,1.1645,1.1648,15.60,10.20
2009.02.25 17:34:33.775,1.1645,1.1648,17.40,10.20
2009.02.25 17:34:34.754,1.1645,1.1648,17.40,8.40
2009.02.25 17:34:35.214,1.16455,1.1648,8.00,8.40
2009.02.25 17:34:35.794,1.16455,1.1648,9.80,8.40
2009.02.25 17:34:37.814,1.1646,1.1648,1.80,8.40
2009.02.25 17:34:41.823,1.16465,1.1648,1.00,8.20
2009.02.25 17:34:42.173,1.1646,1.1648,5.40,8.20
2009.02.25 17:34:42.513,1.1647,1.16505,35.20,1.20
2009.02.25 17:34:43.153,1.1647,1.16505,27.40,1.20
2009.02.25 17:34:43.513,1.1647,1.16505,15.60,1.20
2009.02.25 17:34:43.992,1.1647,1.165,10.80,1.20
2009.02.25 17:34:44.212,1.1647,1.16495,12.80,1.00
2009.02.25 17:34:44.492,1.1647,1.165,15.60,1.60
2009.02.25 17:34:45.872,1.1647,1.16495,12.80,1.00
2009.02.25 17:34:46.272,1.1647,1.1649,8.00,6.80
2009.02.25 17:34:46.621,1.1646,1.1649,15.60,3.80
2009.02.25 17:34:47.081,1.1646,1.1649,15.60,10.60
2009.02.25 17:34:47.802,1.1646,1.1649,7.60,9.00
2009.02.25 17:34:48.261,1.16465,1.16495,4.60,10.20
2009.02.25 17:34:48.662,1.16465,1.16495,4.60,5.40
2009.02.25 17:34:49.031,1.1646,1.16495,22.40,5.40
2009.02.25 17:34:49.421,1.1646,1.16495,20.40,5.40
2009.02.25 17:34:52.201,1.1646,1.16495,28.40,5.40
2009.02.25 17:34:52.550,1.16465,1.16495,4.60,5.40
2009.02.25 17:34:52.890,1.1647,1.16495,8.00,1.00
2009.02.25 17:34:53.670,1.1647,1.16495,12.80,1.00
2009.02.25 17:34:54.200,1.1647,1.165,15.60,1.20
2009.02.25 17:34:54.650,1.1647,1.165,10.80,1.20
2009.02.25 17:34:54.870,1.1647,1.16495,8.00,1.00
2009.02.25 17:35:13.165,1.16465,1.1649,4.80,1.20
2009.02.25 17:35:13.335,1.16465,1.1649,1.00,1.20
2009.02.25 17:35:13.455,1.1646,1.1649,15.60,1.20
2009.02.25 17:35:14.865,1.1646,1.1649,20.40,1.20
2009.02.25 17:35:15.855,1.16465,1.1649,8.00,1.20
2009.02.25 17:35:16.604,1.1647,1.1649,4.80,1.00
2009.02.25 17:35:16.834,1.1647,1.1649,7.60,1.00
2009.02.25 17:35:20.224,1.1648,1.1649,4.80,1.00
2009.02.25 17:35:20.753,1.16475,1.165,16.00,1.20
2009.02.25 17:35:21.283,1.16475,1.165,20.60,1.20
2009.02.25 17:35:21.723,1.16475,1.165,22.60,1.20
2009.02.25 17:35:21.953,1.1648,1.165,4.80,1.00
2009.02.25 17:35:22.583,1.1648,1.165,12.40,1.00
2009.02.25 17:35:22.873,1.1648,1.165,14.20,1.00
2009.02.25 17:35:24.212,1.1648,1.165,7.60,1.00
2009.02.25 17:35:27.962,1.16475,1.165,16.20,1.20
2009.02.25 17:35:28.302,1.16475,1.165,11.40,1.20
2009.02.25 17:35:28.721,1.1648,1.165,7.60,1.00
2009.02.25 17:35:28.963,1.16475,1.165,9.80,1.20
2009.02.25 17:35:32.491,1.1648,1.165,7.60,1.20
2009.02.25 17:35:33.230,1.1648,1.165,7.60,1.00
2009.02.25 17:35:34.560,1.16475,1.165,14.60,1.20
2009.02.25 17:35:34.970,1.16475,1.165,9.80,1.20
2009.02.25 17:35:35.320,1.1648,1.165,1.80,1.20
2009.02.25 17:35:35.850,1.1647,1.165,15.60,5.80
2009.02.25 17:35:36.200,1.1647,1.165,15.60,7.40
2009.02.25 17:35:36.559,1.1647,1.16495,7.60,5.00
2009.02.25 17:35:36.799,1.1647,1.165,7.60,13.60
2009.02.25 17:35:37.269,1.1647,1.165,7.60,12.00
2009.02.25 17:35:38.259,1.1647,1.165,15.60,12.00
2009.02.25 17:35:39.119,1.1647,1.165,17.40,12.00
2009.02.25 17:35:40.699,1.1647,1.165,15.60,12.00
2009.02.25 17:35:41.039,1.1647,1.165,7.60,12.00
2009.02.25 17:35:45.467,1.1647,1.165,15.60,12.00
2009.02.25 17:35:45.747,1.1647,1.165,7.60,12.00
2009.02.25 17:35:46.327,1.1647,1.165,15.60,6.80
2009.02.25 17:35:46.968,1.1647,1.165,15.60,12.00
2009.02.25 17:35:47.357,1.1647,1.165,7.60,12.00
2009.02.25 17:35:47.687,1.1647,1.165,15.60,6.80
2009.02.25 17:35:47.977,1.1647,1.165,15.60,12.00
2009.02.25 17:35:49.027,1.1647,1.165,17.40,6.80
2009.02.25 17:35:49.566,1.1647,1.165,17.40,12.00
2009.02.25 17:35:49.866,1.1647,1.165,7.60,12.00
2009.02.25 17:35:50.386,1.1647,1.165,15.60,12.00
2009.02.25 17:35:50.676,1.1647,1.165,7.60,12.00
2009.02.25 17:35:51.596,1.1647,1.165,15.60,6.80
2009.02.25 17:35:52.046,1.1647,1.165,17.40,6.80
2009.02.25 17:35:52.226,1.1647,1.165,17.40,12.00
2009.02.25 17:35:52.566,1.1647,1.165,15.60,12.00
2009.02.25 17:35:52.796,1.1647,1.165,7.60,12.00
2009.02.25 17:35:53.086,1.1647,1.165,15.60,12.00
2009.02.25 17:35:53.766,1.1647,1.165,15.60,6.80
2009.02.25 17:35:54.285,1.1647,1.165,30.20,6.80
2009.02.25 17:35:54.585,1.16475,1.165,8.00,3.80
2009.02.25 17:35:54.925,1.16475,1.165,8.00,1.60
2009.02.25 17:35:55.975,1.16475,1.165,9.80,1.60
2009.02.25 17:35:57.085,1.1648,1.165,2.80,1.60
2009.02.25 17:35:57.994,1.16475,1.165,19.40,1.20
2009.02.25 17:35:58.464,1.16475,1.165,2.00,1.20
2009.02.25 17:35:58.864,1.1647,1.165,22.40,5.80
2009.02.25 17:35:59.374,1.1647,1.165,15.60,5.80
2009.02.25 17:35:59.774,1.1647,1.165,7.60,5.80
2009.02.25 17:36:00.174,1.1647,1.165,12.40,5.80
2009.02.25 17:36:00.514,1.1647,1.165,30.40,1.20
2009.02.25 17:36:02.843,1.1647,1.165,22.40,1.20
2009.02.25 17:36:03.703,1.1647,1.165,15.60,5.80
2009.02.25 17:36:04.663,1.1647,1.165,20.40,5.80
2009.02.25 17:36:08.712,1.1647,1.165,20.40,1.20
2009.02.25 17:36:09.122,1.1647,1.165,22.40,1.20
2009.02.25 17:36:11.241,1.1647,1.165,30.40,1.20
2009.02.25 17:36:16.730,1.16475,1.165,4.60,1.20
2009.02.25 17:36:17.300,1.16475,1.165,12.60,1.20
2009.02.25 17:36:17.770,1.1648,1.165,2.80,1.00
2009.02.25 17:36:18.119,1.16475,1.165,14.60,1.00
2009.02.25 17:36:18.460,1.16475,1.165,14.60,1.20
2009.02.25 17:36:26.208,1.1648,1.165,7.60,1.20
2009.02.25 17:36:26.528,1.16475,1.165,12.80,1.20
2009.02.25 17:36:26.978,1.16475,1.165,6.60,1.20
2009.02.25 17:36:27.428,1.1648,1.165,1.80,1.20
2009.02.25 17:36:28.927,1.16475,1.165,6.60,1.20
2009.02.25 17:36:29.217,1.16485,1.165,2.80,1.00
2009.02.25 17:36:30.187,1.16475,1.165,8.00,1.20
2009.02.25 17:36:30.656,1.1648,1.165,1.80,1.20
2009.02.25 17:36:32.696,1.1647,1.165,32.20,1.20
2009.02.25 17:36:33.746,1.1647,1.165,22.40,1.20
2009.02.25 17:36:33.916,1.1647,1.165,20.40,5.80
2009.02.25 17:36:34.206,1.1647,1.165,20.40,1.20
2009.02.25 17:36:35.505,1.1647,1.165,15.60,1.20
2009.02.25 17:36:36.056,1.1647,1.16495,8.00,1.00
2009.02.25 17:36:37.025,1.1647,1.165,28.40,1.20
2009.02.25 17:36:37.375,1.16475,1.165,8.00,1.20
2009.02.25 17:36:37.675,1.16475,1.165,12.60,1.20
2009.02.25 17:36:38.145,1.16475,1.165,12.60,1.00
2009.02.25 17:36:38.485,1.1648,1.165,2.80,1.20
2009.02.25 17:36:38.944,1.1648,1.165,7.60,1.00
2009.02.25 17:36:39.404,1.16495,1.165,2.80,1.00
2009.02.25 17:36:39.854,1.16485,1.16505,1.80,3.00
2009.02.25 17:36:40.434,1.1648,1.1651,32.20,1.20
2009.02.25 17:36:40.724,1.1648,1.1651,35.60,1.20
2009.02.25 17:36:41.584,1.16485,1.1651,12.60,1.20
2009.02.25 17:36:41.864,1.1649,1.1651,7.60,1.00
2009.02.25 17:36:42.684,1.1649,1.1651,12.40,1.00
2009.02.25 17:36:43.723,1.1649,1.1651,14.20,1.00
2009.02.25 17:36:44.053,1.16495,1.1651,1.80,1.20
2009.02.25 17:36:44.533,1.1649,1.1651,17.40,1.00
2009.02.25 17:36:44.653,1.1649,1.1651,12.40,1.00
2009.02.25 17:36:46.993,1.1649,1.1651,7.60,1.00
2009.02.25 17:36:47.622,1.16485,1.1651,19.40,1.20
2009.02.25 17:36:47.733,1.16495,1.16515,2.80,3.60
2009.02.25 17:36:48.442,1.16485,1.16525,8.00,24.20
2009.02.25 17:36:48.622,1.16485,1.16525,12.60,5.00
2009.02.25 17:36:48.972,1.16495,1.16525,4.60,5.00
2009.02.25 17:36:49.362,1.1649,1.16525,22.60,5.00
2009.02.25 17:36:49.882,1.16495,1.16525,4.60,5.00
2009.02.25 17:36:50.542,1.16495,1.16515,4.60,1.00
2009.02.25 17:36:51.092,1.1649,1.1651,12.40,1.00
2009.02.25 17:36:51.272,1.1649,1.1651,2.80,1.00
2009.02.25 17:36:51.562,1.1649,1.1651,2.80,1.00
2009.02.25 17:36:51.981,1.16485,1.1651,4.60,1.00
2009.02.25 17:36:52.561,1.16485,1.16515,12.60,8.60
2009.02.25 17:36:53.071,1.1649,1.1652,14.60,9.80
2009.02.25 17:36:53.491,1.16495,1.1652,4.60,5.00
2009.02.25 17:36:53.941,1.16495,1.16525,4.60,5.00
2009.02.25 17:36:54.721,1.16495,1.16525,6.60,5.00
2009.02.25 17:36:55.151,1.16505,1.16525,2.80,5.00
2009.02.25 17:36:55.491,1.1651,1.1653,2.80,4.80
2009.02.25 17:36:55.900,1.16505,1.1655,12.60,10.00
2009.02.25 17:36:56.250,1.1651,1.1655,12.60,6.80
2009.02.25 17:36:57.470,1.1651,1.1654,8.00,1.60
2009.02.25 17:36:57.820,1.16515,1.1654,8.00,1.60
2009.02.25 17:36:58.750,1.16515,1.16545,8.00,2.20
2009.02.25 17:36:59.380,1.16515,1.16545,8.00,7.40
2009.02.25 17:37:00.569,1.16515,1.16545,8.00,7.00
2009.02.25 17:37:01.039,1.16515,1.16545,8.00,6.80
2009.02.25 17:37:03.369,1.16515,1.16545,8.00,1.60
2009.02.25 17:37:03.939,1.16515,1.16545,10.80,1.60
2009.02.25 17:37:04.108,1.16515,1.16545,8.00,1.80
2009.02.25 17:37:05.268,1.16515,1.1654,8.00,1.00
2009.02.25 17:37:05.558,1.16515,1.1653,8.00,1.00
2009.02.25 17:37:05.728,1.1651,1.1653,7.60,5.00
2009.02.25 17:37:06.008,1.1651,1.1655,15.60,7.00
2009.02.25 17:37:06.708,1.1651,1.1655,15.60,6.80
2009.02.25 17:37:07.058,1.16515,1.16545,2.80,6.80
2009.02.25 17:37:08.907,1.1651,1.16545,15.60,7.00
2009.02.25 17:37:11.627,1.1651,1.16545,15.60,7.80
2009.02.25 17:37:11.796,1.1651,1.1654,15.60,1.60
2009.02.25 17:37:12.146,1.1651,1.1654,15.60,1.00
2009.02.25 17:37:12.376,1.1651,1.1654,15.60,1.60
2009.02.25 17:37:12.876,1.1651,1.1654,7.60,5.00
2009.02.25 17:37:12.986,1.1651,1.1654,7.60,5.40
2009.02.25 17:37:13.156,1.1651,1.1654,15.60,5.40
2009.02.25 17:37:13.506,1.1651,1.1654,15.60,5.80
2009.02.25 17:37:13.626,1.1651,1.16545,19.00,21.60
2009.02.25 17:37:13.746,1.1651,1.16545,19.00,13.60
2009.02.25 17:37:14.676,1.16515,1.16545,2.80,13.40
2009.02.25 17:37:17.175,1.1651,1.1654,19.00,1.60
2009.02.25 17:37:17.515,1.1651,1.1654,19.00,5.80
2009.02.25 17:37:20.614,1.1651,1.1654,11.00,5.80
2009.02.25 17:37:21.024,1.1651,1.1654,11.00,8.80
2009.02.25 17:37:21.364,1.1651,1.1654,11.00,12.00
2009.02.25 17:37:21.604,1.16515,1.1654,2.80,8.20
2009.02.25 17:37:21.944,1.16515,1.16545,2.80,18.20
2009.02.25 17:37:22.324,1.16515,1.16545,8.00,7.00
2009.02.25 17:37:22.834,1.16515,1.16545,8.00,1.80
2009.02.25 17:37:23.424,1.1652,1.16545,8.00,1.80
2009.02.25 17:37:23.704,1.1652,1.16545,8.00,1.00
2009.02.25 17:37:24.943,1.16515,1.16545,12.80,1.00
2009.02.25 17:37:25.473,1.16515,1.1655,10.80,16.00
2009.02.25 17:37:33.871,1.16515,1.16545,10.80,1.60
2009.02.25 17:37:39.980,1.16515,1.16545,10.80,6.80
2009.02.25 17:37:40.390,1.16515,1.16545,2.80,6.80
2009.02.25 17:37:40.679,1.16515,1.1654,2.80,1.60
2009.02.25 17:37:40.969,1.1651,1.1654,8.00,2.20
2009.02.25 17:37:41.299,1.1651,1.16535,8.00,1.60
2009.02.25 17:37:43.369,1.1651,1.1654,8.00,14.40
2009.02.25 17:37:43.539,1.1651,1.1654,8.00,9.20
2009.02.25 17:37:43.649,1.1651,1.1654,12.80,9.20
2009.02.25 17:37:43.709,1.1651,1.1654,8.00,9.20
2009.02.25 17:37:44.059,1.1651,1.1654,8.00,14.40
2009.02.25 17:37:44.399,1.16505,1.1654,12.80,14.40
2009.02.25 17:37:44.689,1.1651,1.1654,7.60,14.40
2009.02.25 17:37:44.809,1.1651,1.1654,8.00,14.40
2009.02.25 17:37:45.269,1.16505,1.1654,12.80,14.40
2009.02.25 17:37:45.608,1.1651,1.1654,2.80,14.40
2009.02.25 17:37:46.069,1.1651,1.1654,15.60,13.60
2009.02.25 17:37:46.718,1.1651,1.1654,15.60,12.00
2009.02.25 17:37:47.228,1.16515,1.16545,2.80,26.80
2009.02.25 17:37:47.508,1.16515,1.1654,2.80,1.00
2009.02.25 17:37:47.968,1.1651,1.1654,15.60,5.80
2009.02.25 17:37:48.318,1.16515,1.1654,2.80,5.40
2009.02.25 17:37:48.428,1.16515,1.16545,2.80,21.00
2009.02.25 17:37:48.588,1.16515,1.16545,2.80,16.20
2009.02.25 17:37:50.247,1.1651,1.16545,19.00,16.20
2009.02.25 17:37:50.517,1.1651,1.1654,19.00,5.80
2009.02.25 17:37:50.807,1.1651,1.1654,15.60,5.80
2009.02.25 17:37:51.087,1.1651,1.1654,15.60,1.20
2009.02.25 17:37:51.308,1.16515,1.1654,2.80,5.00
2009.02.25 17:37:52.067,1.1651,1.1654,7.60,5.00
2009.02.25 17:37:52.537,1.1651,1.1654,7.60,7.40
2009.02.25 17:37:54.346,1.1651,1.1654,7.60,10.40
2009.02.25 17:37:54.506,1.1651,1.1654,7.60,13.60
2009.02.25 17:37:56.536,1.1651,1.1654,4.80,13.60
2009.02.25 17:37:56.946,1.16505,1.16535,8.00,5.00
2009.02.25 17:37:57.176,1.165,1.16535,20.60,8.20
2009.02.25 17:37:57.516,1.165,1.16535,8.00,10.00
2009.02.25 17:38:04.904,1.165,1.16525,8.00,1.00
2009.02.25 17:38:05.184,1.16495,1.16525,20.40,1.00
2009.02.25 17:38:05.414,1.16495,1.16525,15.60,1.00
2009.02.25 17:38:05.714,1.165,1.16525,8.00,1.00
2009.02.25 17:38:06.633,1.1649,1.1652,33.60,6.80
2009.02.25 17:38:06.923,1.16495,1.1652,2.80,6.60
2009.02.25 17:38:07.383,1.1649,1.1651,33.60,1.00
2009.02.25 17:38:07.783,1.1649,1.1651,20.40,1.00
2009.02.25 17:38:08.463,1.1649,1.1651,12.40,1.20
2009.02.25 17:38:08.753,1.16485,1.165,19.80,1.00
2009.02.25 17:38:09.163,1.1649,1.165,1.00,1.00
2009.02.25 17:38:09.453,1.1649,1.165,2.00,1.20
2009.02.25 17:38:09.993,1.1648,1.1649,4.80,1.00
2009.02.25 17:38:10.342,1.1647,1.1649,22.20,1.00
2009.02.25 17:38:10.684,1.1647,1.1648,7.60,1.00
2009.02.25 17:38:11.092,1.16475,1.16485,2.80,3.00
2009.02.25 17:38:11.262,1.16475,1.16485,8.00,3.00
2009.02.25 17:38:11.602,1.1647,1.16495,15.80,4.80
2009.02.25 17:38:12.082,1.16475,1.165,2.80,1.00
2009.02.25 17:38:12.512,1.1648,1.1651,20.40,16.20
2009.02.25 17:38:13.042,1.1649,1.16515,8.00,1.60
2009.02.25 17:38:13.432,1.1649,1.16515,8.00,1.00
2009.02.25 17:38:13.642,1.16495,1.16525,8.00,3.00
2009.02.25 17:38:14.232,1.16505,1.16535,8.00,9.80
2009.02.25 17:38:14.761,1.16505,1.16545,12.80,10.00
2009.02.25 17:38:15.101,1.1652,1.1655,2.80,5.80
2009.02.25 17:38:15.442,1.1652,1.16545,8.00,1.00
2009.02.25 17:38:15.851,1.1652,1.16545,8.00,3.40
2009.02.25 17:38:16.321,1.16525,1.16545,8.00,6.60
2009.02.25 17:38:16.971,1.16525,1.16545,8.00,6.80
2009.02.25 17:38:17.501,1.1652,1.16535,6.60,1.00
2009.02.25 17:38:17.851,1.16525,1.16535,1.80,1.00
2009.02.25 17:38:18.020,1.16515,1.16535,9.80,1.00
2009.02.25 17:38:18.350,1.1652,1.16535,1.80,1.00
2009.02.25 17:38:18.820,1.1651,1.16535,17.40,1.00
2009.02.25 17:38:19.170,1.1651,1.16535,12.60,1.00
2009.02.25 17:38:20.090,1.1651,1.16535,10.80,1.00
2009.02.25 17:38:20.620,1.1651,1.16535,8.00,1.00
2009.02.25 17:38:21.090,1.165,1.16525,30.40,1.00
2009.02.25 17:38:21.600,1.165,1.16525,12.60,1.00
2009.02.25 17:38:22.169,1.16505,1.1654,8.00,2.20
2009.02.25 17:38:22.629,1.165,1.1654,12.60,7.40
2009.02.25 17:38:25.969,1.1651,1.16535,1.80,7.40
2009.02.25 17:38:26.209,1.1651,1.16535,8.00,2.20
2009.02.25 17:38:26.498,1.1651,1.16535,8.00,2.00
2009.02.25 17:38:27.808,1.1651,1.16535,8.00,1.00
2009.02.25 17:38:33.997,1.1651,1.16535,10.80,1.00
2009.02.25 17:38:34.387,1.16515,1.16545,2.80,14.20
2009.02.25 17:38:34.837,1.1652,1.16545,8.00,8.20
2009.02.25 17:38:35.186,1.1652,1.16545,8.00,6.60
2009.02.25 17:38:35.747,1.16525,1.16545,8.00,6.60
2009.02.25 17:38:37.396,1.16525,1.1653,8.00,1.00
2009.02.25 17:38:37.456,1.1652,1.1653,4.80,1.00
2009.02.25 17:38:37.576,1.1652,1.16535,4.80,1.60
2009.02.25 17:38:37.796,1.16515,1.16535,4.80,1.60
2009.02.25 17:38:37.856,1.1652,1.1654,8.00,1.60
2009.02.25 17:38:37.976,1.1652,1.1655,8.00,8.20
2009.02.25 17:38:39.115,1.1652,1.16535,8.00,1.00
2009.02.25 17:38:39.795,1.1652,1.16535,1.80,1.00
2009.02.25 17:38:39.905,1.16515,1.16535,9.80,1.00
2009.02.25 17:38:40.835,1.16525,1.16535,1.80,1.00
2009.02.25 17:38:41.435,1.16515,1.16535,9.80,1.00
2009.02.25 17:38:43.285,1.16515,1.16535,8.00,1.00
2009.02.25 17:38:43.344,1.1651,1.16535,2.80,5.40
2009.02.25 17:38:43.984,1.1651,1.16535,2.80,1.00
2009.02.25 17:38:44.324,1.1651,1.16535,10.80,1.00
2009.02.25 17:38:46.334,1.1651,1.16535,8.00,1.00
2009.02.25 17:38:46.564,1.1651,1.16535,8.00,2.00
2009.02.25 17:38:47.384,1.1651,1.1653,8.00,1.60
2009.02.25 17:38:47.733,1.16505,1.16525,12.80,3.60
2009.02.25 17:38:48.083,1.165,1.16525,8.00,3.20
2009.02.25 17:38:48.475,1.165,1.1652,8.80,1.60
2009.02.25 17:38:48.823,1.1651,1.16525,10.00,1.00
2009.02.25 17:38:49.123,1.16505,1.1652,6.40,1.00
2009.02.25 17:38:49.343,1.16495,1.16525,8.00,2.80
2009.02.25 17:38:50.003,1.16495,1.16525,8.00,2.60
2009.02.25 17:38:50.333,1.16495,1.16525,8.00,2.20
2009.02.25 17:38:50.453,1.16495,1.16525,8.00,3.20
2009.02.25 17:38:50.743,1.1649,1.1652,4.80,5.00
2009.02.25 17:38:51.283,1.16485,1.1652,12.60,5.00
2009.02.25 17:38:51.683,1.165,1.1651,2.80,5.00
2009.02.25 17:38:51.912,1.165,1.16515,2.80,4.80
2009.02.25 17:38:52.212,1.165,1.16535,2.80,2.20
2009.02.25 17:38:52.792,1.1651,1.16535,2.80,1.60
2009.02.25 17:38:53.512,1.1651,1.16535,2.80,7.80
2009.02.25 17:38:56.312,1.16505,1.1652,14.40,1.00
2009.02.25 17:38:56.721,1.1651,1.1654,2.80,11.00
2009.02.25 17:38:57.021,1.1651,1.1654,2.80,7.80
2009.02.25 17:39:04.259,1.16505,1.16525,14.40,1.00
2009.02.25 17:39:04.669,1.16505,1.1652,14.40,1.00
2009.02.25 17:39:05.009,1.1651,1.16535,2.80,1.60
2009.02.25 17:39:05.389,1.16505,1.1652,14.40,1.00
2009.02.25 17:39:07.849,1.16505,1.16515,6.60,1.00
2009.02.25 17:39:08.198,1.16505,1.16515,4.80,1.00
2009.02.25 17:39:08.538,1.16495,1.16515,4.80,1.00
2009.02.25 17:39:08.999,1.1649,1.16515,10.80,1.00
2009.02.25 17:39:09.978,1.1649,1.16515,8.00,1.00
2009.02.25 17:39:10.498,1.16485,1.16515,17.60,1.00
2009.02.25 17:39:10.898,1.16485,1.16515,8.00,1.00
2009.02.25 17:39:11.708,1.165,1.1652,2.80,7.40
2009.02.25 17:39:12.207,1.1649,1.16515,1.60,1.00
2009.02.25 17:39:12.607,1.1648,1.16515,8.00,1.00
2009.02.25 17:39:17.276,1.16485,1.16515,14.60,1.00
2009.02.25 17:39:17.676,1.16485,1.16515,14.60,1.00
2009.02.25 17:39:18.116,1.16485,1.16515,9.80,1.00
2009.02.25 17:39:18.466,1.16485,1.16515,8.00,1.00
2009.02.25 17:39:18.646,1.16485,1.16515,8.00,1.00
2009.02.25 17:39:18.826,1.1648,1.16515,25.40,5.80
2009.02.25 17:39:19.466,1.1648,1.16515,17.40,5.80
2009.02.25 17:39:19.636,1.1648,1.16515,17.40,6.40
2009.02.25 17:39:19.756,1.1648,1.16515,14.60,6.20
2009.02.25 17:39:20.285,1.1648,1.16515,8.00,7.80
2009.02.25 17:39:20.506,1.1648,1.16505,8.00,1.00
2009.02.25 17:39:20.915,1.1648,1.16505,9.80,1.00
2009.02.25 17:39:27.274,1.1648,1.16505,14.60,1.00
2009.02.25 17:39:27.614,1.1649,1.16515,1.80,13.60
2009.02.25 17:39:27.844,1.1649,1.16515,8.00,1.00
2009.02.25 17:39:29.423,1.1649,1.16515,8.00,1.00
2009.02.25 17:39:29.764,1.1649,1.16515,8.00,1.00
2009.02.25 17:39:30.273,1.1649,1.16515,9.80,1.00
2009.02.25 17:39:32.173,1.165,1.16515,2.80,1.00
2009.02.25 17:40:00.406,1.165,1.16515,4.60,1.00
2009.02.25 17:40:02.276,1.165,1.16515,2.80,1.00
2009.02.25 17:40:30.579,1.165,1.16515,4.60,1.00
2009.02.25 17:40:30.978,1.1651,1.16525,2.80,1.00
2009.02.25 17:40:31.448,1.1651,1.16535,12.40,3.20
2009.02.25 17:40:31.908,1.1652,1.16545,8.00,2.40
2009.02.25 17:40:32.358,1.1652,1.16545,8.00,1.00
2009.02.25 17:40:36.047,1.1652,1.16545,8.00,1.00
2009.02.25 17:40:36.507,1.16525,1.16545,8.00,1.00
2009.02.25 17:40:36.977,1.16525,1.16545,9.80,1.00
2009.02.25 17:40:38.197,1.16525,1.1655,9.80,8.40
2009.02.25 17:40:38.707,1.16525,1.1655,8.00,8.40
2009.02.25 17:40:42.586,1.16525,1.1655,8.00,8.20
2009.02.25 17:40:42.986,1.1654,1.1657,8.00,3.40
2009.02.25 17:40:43.275,1.1654,1.1657,8.00,1.00
2009.02.25 17:40:43.696,1.16545,1.1658,8.00,3.40
2009.02.25 17:40:44.155,1.16545,1.1658,8.00,3.20
2009.02.25 17:40:44.615,1.16545,1.16575,19.40,3.40
2009.02.25 17:40:44.795,1.16545,1.16575,14.60,3.40
2009.02.25 17:40:46.065,1.16545,1.16575,2.80,8.20
2009.02.25 17:40:46.355,1.16555,1.16575,2.80,6.60
2009.02.25 17:40:46.765,1.16555,1.1658,2.80,13.00
2009.02.25 17:40:47.105,1.16555,1.1658,2.80,5.00
2009.02.25 17:40:47.455,1.16555,1.16585,2.80,5.00
2009.02.25 17:40:47.854,1.16555,1.1658,2.80,5.00
2009.02.25 17:40:48.144,1.1655,1.1658,17.40,5.00
2009.02.25 17:40:48.944,1.1655,1.1658,12.40,5.00
2009.02.25 17:40:49.284,1.1655,1.1658,9.40,5.00
2009.02.25 17:40:49.625,1.1655,1.1658,19.40,5.00
2009.02.25 17:40:52.673,1.1656,1.1658,2.80,5.00
2009.02.25 17:40:53.093,1.1656,1.16585,2.80,5.00
2009.02.25 17:40:55.213,1.16565,1.1659,2.80,13.40
2009.02.25 17:40:55.333,1.16565,1.1659,4.60,13.00
2009.02.25 17:40:55.563,1.16565,1.1659,4.60,9.80
2009.02.25 17:40:56.042,1.1657,1.16595,4.60,5.40
2009.02.25 17:40:56.473,1.1657,1.16595,12.60,1.00
2009.02.25 17:40:56.812,1.1657,1.16595,4.60,1.00
2009.02.25 17:40:57.412,1.1658,1.166,4.80,5.80
2009.02.25 17:40:57.702,1.16575,1.16595,8.00,1.00
2009.02.25 17:40:58.162,1.16575,1.166,8.00,1.20
2009.02.25 17:40:58.652,1.16565,1.16595,12.60,5.40
2009.02.25 17:40:59.212,1.1656,1.1659,25.60,5.00
2009.02.25 17:40:59.392,1.16565,1.1659,2.80,5.00
2009.02.25 17:41:00.042,1.16565,1.1659,2.80,6.80
2009.02.25 17:41:00.551,1.1656,1.16585,7.60,5.00
2009.02.25 17:41:01.231,1.1656,1.16585,4.80,5.00
2009.02.25 17:41:01.511,1.1655,1.1658,7.60,10.40
2009.02.25 17:41:01.981,1.1655,1.1658,4.80,10.40
2009.02.25 17:41:02.461,1.1655,1.1658,4.80,5.60
2009.02.25 17:41:03.031,1.1655,1.1658,7.60,5.60
2009.02.25 17:41:04.390,1.1655,1.1658,4.80,5.60
2009.02.25 17:41:04.720,1.1655,1.1658,7.60,5.60
2009.02.25 17:41:05.510,1.1655,1.1658,4.80,5.60
2009.02.25 17:41:05.850,1.1655,1.1658,6.80,5.60
2009.02.25 17:41:06.370,1.1656,1.1658,4.80,5.60
2009.02.25 17:41:06.830,1.1656,1.16585,7.60,5.60
2009.02.25 17:41:07.130,1.16565,1.16585,2.80,5.00
2009.02.25 17:41:07.529,1.1657,1.16585,4.80,1.00
2009.02.25 17:41:08.209,1.16575,1.1659,2.00,3.60
2009.02.25 17:41:08.670,1.16575,1.1659,3.20,3.00
2009.02.25 17:41:09.040,1.16565,1.16585,4.80,1.00
2009.02.25 17:41:09.489,1.16565,1.1659,2.80,5.60
2009.02.25 17:41:10.059,1.16565,1.1659,2.80,5.00
2009.02.25 17:41:10.689,1.1656,1.1659,9.40,5.00
2009.02.25 17:41:11.039,1.1656,1.16595,30.40,10.20
2009.02.25 17:41:11.549,1.16565,1.16595,4.60,5.40
2009.02.25 17:41:13.118,1.16565,1.16595,22.60,5.40
2009.02.25 17:41:13.788,1.16565,1.16595,22.60,1.00
2009.02.25 17:41:14.578,1.16565,1.16595,22.60,5.40
2009.02.25 17:41:16.067,1.1657,1.16595,8.00,1.00
2009.02.25 17:41:16.657,1.16565,1.16595,22.60,1.00
2009.02.25 17:41:18.457,1.16565,1.16595,24.60,1.00
2009.02.25 17:41:19.517,1.1657,1.16595,8.00,1.00
2009.02.25 17:41:19.747,1.16565,1.16595,22.60,1.00
2009.02.25 17:41:20.107,1.16565,1.16595,27.60,1.00
2009.02.25 17:41:20.517,1.16565,1.16595,19.60,1.00
2009.02.25 17:41:20.916,1.1657,1.16595,8.00,1.00
2009.02.25 17:41:21.506,1.1657,1.16595,9.80,1.00
2009.02.25 17:41:24.106,1.1657,1.16595,14.60,1.00
2009.02.25 17:41:24.396,1.16575,1.166,2.80,1.20
2009.02.25 17:41:25.285,1.16575,1.16595,8.00,1.00
2009.02.25 17:41:25.695,1.1657,1.16595,16.60,1.00
2009.02.25 17:41:26.025,1.1658,1.166,4.80,1.00
2009.02.25 17:41:29.474,1.1658,1.166,4.80,1.20
2009.02.25 17:41:29.884,1.16575,1.16595,1.80,1.00
2009.02.25 17:41:30.394,1.1658,1.16595,1.80,1.00
2009.02.25 17:41:31.314,1.1657,1.16595,9.80,1.00
2009.02.25 17:41:32.854,1.1658,1.166,2.80,1.20
2009.02.25 17:41:33.213,1.1657,1.166,9.80,1.20
2009.02.25 17:41:33.884,1.1658,1.166,1.80,1.20
2009.02.25 17:41:34.703,1.1658,1.16595,1.80,1.00
2009.02.25 17:41:37.422,1.1658,1.16595,8.00,1.00
2009.02.25 17:41:40.162,1.16575,1.16595,8.00,1.00
2009.02.25 17:41:42.241,1.1657,1.16595,8.00,1.00
2009.02.25 17:42:01.137,1.1657,1.16595,8.00,1.00
2009.02.25 17:42:01.467,1.1657,1.16595,8.00,1.00
2009.02.25 17:42:01.876,1.16575,1.16595,7.60,1.00
2009.02.25 17:42:02.056,1.1658,1.16595,2.80,1.00
2009.02.25 17:42:04.066,1.16575,1.16595,19.00,1.00
2009.02.25 17:42:08.435,1.1658,1.16595,2.80,1.00
2009.02.25 17:42:09.285,1.16575,1.16595,19.00,1.00
2009.02.25 17:42:10.195,1.16575,1.16595,20.80,1.00
2009.02.25 17:42:11.494,1.16575,1.16595,16.00,1.00
2009.02.25 17:42:11.834,1.16555,1.16595,15.60,7.80
2009.02.25 17:42:12.464,1.1657,1.16595,7.60,5.40
2009.02.25 17:42:12.964,1.1657,1.16595,15.80,1.00
2009.02.25 17:42:15.173,1.16575,1.16595,17.60,1.00
2009.02.25 17:42:15.573,1.16575,1.16595,15.80,1.00
2009.02.25 17:42:19.102,1.16575,1.16595,17.60,1.00
2009.02.25 17:42:19.492,1.16575,1.16595,7.80,1.00
2009.02.25 17:42:20.702,1.16575,1.16595,7.80,1.00
2009.02.25 17:42:21.572,1.16575,1.16595,9.60,1.00
2009.02.25 17:42:22.032,1.16575,1.16595,15.80,1.00
2009.02.25 17:42:22.382,1.16575,1.16595,7.80,1.00
2009.02.25 17:42:23.031,1.16575,1.16585,7.80,1.00
2009.02.25 17:42:23.501,1.1657,1.16575,2.60,1.00
2009.02.25 17:42:23.791,1.1654,1.16575,10.80,1.00
2009.02.25 17:42:23.911,1.1655,1.16575,2.80,1.00
2009.02.25 17:42:24.141,1.1655,1.16575,2.80,1.00
2009.02.25 17:42:24.621,1.16555,1.1657,4.80,1.00
2009.02.25 17:42:24.911,1.16565,1.1658,4.80,1.00
2009.02.25 17:42:25.151,1.16565,1.1658,4.80,1.00
2009.02.25 17:42:30.160,1.16565,1.1658,6.60,1.00
2009.02.25 17:42:30.510,1.16565,1.16585,14.60,3.40
2009.02.25 17:42:31.039,1.16565,1.16585,14.60,1.00
2009.02.25 17:42:31.440,1.16575,1.16585,1.80,1.00
2009.02.25 17:42:31.769,1.16565,1.16585,22.60,1.00
2009.02.25 17:42:32.229,1.16565,1.16585,14.60,1.00
2009.02.25 17:42:34.048,1.16565,1.16585,17.60,1.00
2009.02.25 17:42:44.067,1.16565,1.16585,20.80,1.00
2009.02.25 17:42:45.176,1.16565,1.16585,17.60,1.00
2009.02.25 17:42:47.586,1.1657,1.1659,4.80,1.20
2009.02.25 17:42:47.916,1.1658,1.16595,4.80,3.20
2009.02.25 17:42:48.265,1.1659,1.16615,2.80,9.80
2009.02.25 17:42:48.555,1.1659,1.16615,2.80,4.80
2009.02.25 17:42:49.185,1.1659,1.1663,2.80,6.80
2009.02.25 17:42:50.115,1.1659,1.1663,19.00,6.80
2009.02.25 17:42:50.345,1.1659,1.16625,23.60,5.00
2009.02.25 17:42:50.705,1.1659,1.16625,25.60,5.00
2009.02.25 17:42:51.035,1.1659,1.16625,33.60,5.00
2009.02.25 17:42:52.614,1.1659,1.16625,25.60,5.00
2009.02.25 17:42:52.784,1.1659,1.16625,22.80,5.00
2009.02.25 17:42:53.004,1.1659,1.16625,25.60,5.00
2009.02.25 17:42:53.454,1.1659,1.16625,25.60,5.40
2009.02.25 17:42:53.864,1.16595,1.16625,2.80,5.00
2009.02.25 17:42:54.694,1.166,1.16625,4.80,5.00
2009.02.25 17:42:54.984,1.166,1.16625,6.40,5.00
2009.02.25 17:42:55.443,1.166,1.1663,19.20,10.60
2009.02.25 17:42:55.664,1.166,1.1663,24.00,1.20
2009.02.25 17:42:56.343,1.166,1.1663,34.00,1.20
2009.02.25 17:42:56.644,1.166,1.1663,36.80,1.20
2009.02.25 17:42:58.123,1.16605,1.1663,4.60,1.00
2009.02.25 17:42:58.293,1.1662,1.16635,2.80,5.00
2009.02.25 17:42:58.533,1.16615,1.1664,4.80,5.00
2009.02.25 17:42:58.973,1.16615,1.1665,4.80,7.40
2009.02.25 17:42:59.433,1.1662,1.1665,12.80,7.40
2009.02.25 17:43:01.002,1.1662,1.1664,12.80,1.00
2009.02.25 17:43:01.112,1.1662,1.1664,4.80,1.00
2009.02.25 17:43:01.922,1.1662,1.1664,8.00,1.00
2009.02.25 17:43:02.272,1.16615,1.1664,27.20,1.00
2009.02.25 17:43:02.622,1.16615,1.1664,22.40,1.00
2009.02.25 17:43:06.581,1.16615,1.16645,22.40,3.00
2009.02.25 17:43:12.569,1.16615,1.16645,22.40,2.40
2009.02.25 17:43:12.849,1.16615,1.16645,22.40,2.00
2009.02.25 17:43:13.559,1.16615,1.16645,22.40,2.80
2009.02.25 17:43:15.579,1.16615,1.16645,22.40,1.00
2009.02.25 17:43:16.389,1.16615,1.1664,25.60,1.00
2009.02.25 17:43:17.158,1.16615,1.16645,22.40,3.00
2009.02.25 17:43:17.548,1.16615,1.16645,22.40,2.40
2009.02.25 17:43:18.068,1.16615,1.16645,22.40,1.00
2009.02.25 17:43:18.418,1.16615,1.16645,25.60,1.00
2009.02.25 17:43:19.108,1.16615,1.16645,32.80,1.00
2009.02.25 17:43:19.488,1.16625,1.16645,4.80,1.00
2009.02.25 17:43:20.068,1.16625,1.16645,12.80,1.00
2009.02.25 17:43:20.447,1.16615,1.16645,17.60,5.40
2009.02.25 17:43:20.848,1.16615,1.16645,17.60,1.00
2009.02.25 17:43:21.717,1.16615,1.16645,20.80,1.00
2009.02.25 17:43:22.078,1.16615,1.16645,17.60,1.00
2009.02.25 17:43:22.947,1.16615,1.16645,17.60,1.60
2009.02.25 17:43:23.697,1.16615,1.1664,9.60,1.00
2009.02.25 17:43:24.287,1.16615,1.1664,20.80,1.00
2009.02.25 17:43:24.687,1.16615,1.16645,17.80,1.00
2009.02.25 17:43:24.926,1.16615,1.16645,20.80,1.00
2009.02.25 17:43:25.366,1.16625,1.1665,9.40,5.00
2009.02.25 17:43:25.726,1.16625,1.16655,9.40,13.40
2009.02.25 17:43:26.066,1.16625,1.16645,9.60,1.00
2009.02.25 17:43:26.786,1.16625,1.16655,9.60,10.20
2009.02.25 17:43:27.026,1.1663,1.16655,3.20,7.00
2009.02.25 17:43:29.145,1.1663,1.1665,6.20,1.00
2009.02.25 17:43:29.316,1.1663,1.16645,3.20,1.00
2009.02.25 17:43:30.825,1.1663,1.16645,6.20,1.00
2009.02.25 17:43:31.155,1.1663,1.16645,3.20,1.00
2009.02.25 17:43:34.524,1.1663,1.16645,6.20,1.00
2009.02.25 17:43:36.324,1.1664,1.16645,2.80,1.00
2009.02.25 17:43:37.194,1.1663,1.16645,6.20,1.00
2009.02.25 17:43:40.473,1.1663,1.16645,3.20,1.00
2009.02.25 17:43:42.822,1.1663,1.16645,6.20,1.00
2009.02.25 17:43:43.444,1.1663,1.16655,3.20,8.60
2009.02.25 17:43:43.832,1.1663,1.16655,3.20,1.00
2009.02.25 17:43:44.412,1.1663,1.16655,11.20,1.00
2009.02.25 17:43:44.922,1.1663,1.16655,3.20,1.00
2009.02.25 17:43:51.150,1.1663,1.16655,11.20,1.00
2009.02.25 17:43:51.710,1.16635,1.16655,1.20,1.00
2009.02.25 17:43:52.240,1.1664,1.16655,2.80,1.00
2009.02.25 17:43:53.100,1.1664,1.16655,14.20,1.00
2009.02.25 17:43:53.580,1.1664,1.1668,23.60,7.40
2009.02.25 17:43:54.030,1.1664,1.1668,18.80,7.40
2009.02.25 17:43:54.260,1.16645,1.1668,8.00,2.20
2009.02.25 17:43:54.889,1.1667,1.16675,4.80,1.80
2009.02.25 17:43:55.280,1.16665,1.167,4.80,3.40
2009.02.25 17:43:55.629,1.16665,1.167,8.00,1.00
2009.02.25 17:43:57.129,1.16675,1.16695,3.20,1.00
2009.02.25 17:43:57.419,1.1667,1.16685,8.00,1.00
2009.02.25 17:43:57.809,1.16665,1.16685,4.80,1.00
2009.02.25 17:43:58.209,1.16655,1.16685,17.80,1.00
2009.02.25 17:44:00.738,1.16655,1.16675,17.80,1.00
2009.02.25 17:44:01.198,1.16655,1.16675,8.00,1.00
2009.02.25 17:44:01.668,1.1665,1.1667,4.80,5.00
2009.02.25 17:44:02.018,1.1663,1.16665,10.20,5.00
2009.02.25 17:44:02.607,1.1663,1.16665,5.00,5.00
2009.02.25 17:44:03.187,1.1664,1.1667,8.00,4.80
2009.02.25 17:44:03.667,1.16645,1.16675,8.00,2.20
2009.02.25 17:44:06.376,1.16645,1.16675,8.00,3.00
2009.02.25 17:44:06.906,1.1664,1.1667,17.40,5.00
2009.02.25 17:44:07.486,1.16645,1.16675,8.00,2.00
2009.02.25 17:44:08.216,1.1665,1.16675,2.80,2.00
2009.02.25 17:44:08.676,1.1665,1.16675,10.80,2.00
2009.02.25 17:44:09.816,1.1665,1.16675,10.80,1.00
2009.02.25 17:44:10.495,1.1667,1.16685,2.80,3.20
2009.02.25 17:44:11.435,1.1667,1.16695,2.80,2.00
2009.02.25 17:44:13.095,1.16675,1.16685,3.20,5.00
2009.02.25 17:44:13.515,1.16655,1.16685,2.80,5.00
2009.02.25 17:44:13.925,1.16645,1.1668,2.40,13.00
2009.02.25 17:44:14.386,1.1665,1.1668,12.80,4.80
2009.02.25 17:44:14.554,1.16655,1.16685,8.00,11.00
2009.02.25 17:44:14.784,1.16655,1.16685,8.00,11.00
2009.02.25 17:44:15.114,1.1665,1.16675,1.00,5.00
2009.02.25 17:44:15.524,1.16645,1.16675,4.60,5.00
2009.02.25 17:44:16.214,1.1664,1.16675,28.80,5.00
2009.02.25 17:44:16.554,1.1665,1.1667,1.00,5.00
2009.02.25 17:44:16.914,1.16645,1.1667,1.00,5.00
2009.02.25 17:44:17.324,1.1664,1.1667,22.00,5.00
2009.02.25 17:44:17.784,1.1664,1.1667,10.80,5.00
2009.02.25 17:44:20.303,1.1664,1.1667,18.80,5.00
2009.02.25 17:44:21.003,1.1664,1.1667,10.80,5.00
2009.02.25 17:44:23.233,1.1665,1.1667,1.00,5.00
2009.02.25 17:44:24.092,1.1666,1.1667,2.80,5.00
2009.02.25 17:44:24.372,1.1665,1.16675,10.40,4.80
2009.02.25 17:44:24.552,1.1665,1.1667,1.00,5.00
2009.02.25 17:44:24.942,1.16645,1.1667,13.60,5.00
2009.02.25 17:44:25.402,1.16655,1.16675,2.80,9.80
2009.02.25 17:44:25.982,1.16655,1.1668,2.80,4.80
2009.02.25 17:44:26.442,1.1666,1.16685,2.80,11.00
2009.02.25 17:44:26.831,1.1666,1.16685,2.80,7.80
2009.02.25 17:44:27.061,1.1666,1.16685,2.80,5.40
2009.02.25 17:44:27.354,1.1666,1.16685,2.80,5.00
2009.02.25 17:44:27.701,1.16665,1.16685,2.80,5.00
2009.02.25 17:44:28.411,1.1667,1.16685,2.80,5.00
2009.02.25 17:44:28.771,1.1667,1.1669,2.80,7.80
2009.02.25 17:44:29.121,1.1667,1.16695,2.80,5.20
2009.02.25 17:44:29.521,1.1667,1.16695,2.80,1.00
2009.02.25 17:44:31.251,1.1667,1.16695,2.80,1.00
2009.02.25 17:44:31.420,1.1667,1.16695,8.00,1.00
2009.02.25 17:44:31.590,1.1667,1.16695,8.00,2.00
2009.02.25 17:44:31.770,1.16665,1.16695,8.00,2.20
2009.02.25 17:44:32.380,1.16665,1.16695,8.00,2.20
2009.02.25 17:44:32.950,1.16665,1.16695,10.80,2.00
2009.02.25 17:44:33.240,1.16665,1.16695,8.00,2.20
2009.02.25 17:44:34.040,1.16665,1.16695,8.00,5.40
2009.02.25 17:44:34.790,1.1666,1.1669,19.00,1.60
2009.02.25 17:44:35.180,1.1666,1.1668,2.80,1.00
2009.02.25 17:44:35.809,1.16665,1.16695,2.80,7.40
2009.02.25 17:44:36.319,1.16655,1.16665,14.10,1.00
2009.02.25 17:44:36.829,1.16665,1.16695,2.80,3.40
2009.02.25 17:44:37.179,1.16665,1.167,2.80,7.40
2009.02.25 17:44:37.469,1.16665,1.16695,2.80,3.40
2009.02.25 17:44:37.699,1.16665,1.167,2.80,7.40
2009.02.25 17:44:37.929,1.1666,1.16685,2.80,1.00
2009.02.25 17:44:41.808,1.1666,1.16685,2.80,3.40
2009.02.25 17:44:44.527,1.1666,1.16685,6.00,3.40
2009.02.25 17:44:44.967,1.1666,1.16685,2.80,1.00
2009.02.25 17:44:45.427,1.1666,1.16685,2.80,3.40
2009.02.25 17:44:45.717,1.1666,1.16685,2.80,1.00
2009.02.25 17:44:46.017,1.1666,1.16685,2.80,1.00
2009.02.25 17:44:46.357,1.1666,1.16685,2.80,3.40
2009.02.25 17:44:48.497,1.1666,1.16685,2.80,1.00
2009.02.25 17:44:50.686,1.1666,1.16685,2.80,3.40
2009.02.25 17:44:52.545,1.1666,1.16685,2.80,1.00
2009.02.25 17:44:53.015,1.1666,1.16685,2.80,3.40
2009.02.25 17:44:55.175,1.16665,1.16685,2.80,3.40
2009.02.25 17:44:55.456,1.16665,1.1669,2.80,7.40
2009.02.25 17:44:56.954,1.1666,1.1668,2.80,1.00
2009.02.25 17:44:57.414,1.16665,1.1669,2.80,5.00
2009.02.25 17:44:57.754,1.16665,1.16695,2.80,15.20
2009.02.25 17:44:58.274,1.16665,1.1669,2.80,7.40
2009.02.25 17:44:59.075,1.16665,1.16685,2.80,3.40
2009.02.25 17:45:01.233,1.1666,1.16685,2.80,4.80
2009.02.25 17:45:01.573,1.1666,1.16685,2.80,5.20
2009.02.25 17:45:04.873,1.16655,1.16685,8.00,5.20
2009.02.25 17:45:05.362,1.16645,1.16675,22.60,5.00
2009.02.25 17:45:05.712,1.16645,1.1668,22.60,8.20
2009.02.25 17:45:06.052,1.16645,1.1668,22.60,5.00
2009.02.25 17:45:06.392,1.1665,1.1668,10.80,5.00
2009.02.25 17:45:06.972,1.1665,1.16685,10.80,10.60
2009.02.25 17:45:10.261,1.1665,1.16685,10.80,7.40
2009.02.25 17:45:10.651,1.16655,1.16685,8.00,7.40
2009.02.25 17:45:16.709,1.16655,1.16685,8.00,7.00
2009.02.25 17:45:17.290,1.16655,1.16685,8.00,7.40
2009.02.25 17:45:17.779,1.16655,1.16685,8.00,10.60
2009.02.25 17:45:20.459,1.16655,1.16685,8.00,5.40
2009.02.25 17:45:22.438,1.16655,1.16685,8.00,3.40
2009.02.25 17:45:23.238,1.1666,1.16685,2.80,3.40
2009.02.25 17:45:23.638,1.1666,1.1669,2.80,6.80
2009.02.25 17:45:24.407,1.1666,1.1669,10.80,6.80
2009.02.25 17:45:24.759,1.1666,1.1669,10.80,1.60
2009.02.25 17:45:31.666,1.1666,1.16695,10.80,13.00
2009.02.25 17:45:32.006,1.1666,1.16695,14.20,14.60
2009.02.25 17:45:32.616,1.1666,1.16695,14.20,11.40
2009.02.25 17:45:32.976,1.1666,1.16695,14.20,13.00
2009.02.25 17:45:33.886,1.1666,1.16695,14.20,11.40
2009.02.25 17:45:34.395,1.1667,1.16695,3.00,2.00
2009.02.25 17:45:34.725,1.1667,1.16695,6.20,2.00
2009.02.25 17:45:44.543,1.1667,1.16695,3.20,2.20
2009.02.25 17:45:44.953,1.1667,1.16695,3.20,2.20
2009.02.25 17:45:45.123,1.16665,1.16695,8.00,2.20
2009.02.25 17:45:46.672,1.1666,1.16685,12.80,1.80
2009.02.25 17:45:46.972,1.1665,1.16685,14.20,7.40
2009.02.25 17:45:47.372,1.1665,1.1668,6.20,5.00
2009.02.25 17:45:48.192,1.1665,1.16685,14.20,18.40
2009.02.25 17:45:48.642,1.16645,1.16665,4.80,5.00
2009.02.25 17:45:49.212,1.16635,1.16665,2.80,1.00
2009.02.25 17:45:49.621,1.1663,1.16665,3.20,1.00
2009.02.25 17:45:50.151,1.1663,1.16655,3.20,5.40
2009.02.25 17:45:50.621,1.1663,1.16655,3.20,1.00
2009.02.25 17:45:51.071,1.1664,1.16655,4.80,5.00
2009.02.25 17:45:51.251,1.1663,1.16655,1.00,1.00
2009.02.25 17:45:51.711,1.16625,1.16655,16.00,1.00
2009.02.25 17:45:53.421,1.1664,1.16655,1.60,1.00
2009.02.25 17:45:53.960,1.1665,1.1666,2.80,1.00
2009.02.25 17:45:55.690,1.1665,1.16665,2.80,3.40
2009.02.25 17:45:56.310,1.16655,1.16665,4.80,3.00
2009.02.25 17:45:56.370,1.1666,1.1667,2.80,3.20
2009.02.25 17:45:56.480,1.16655,1.16675,11.00,1.00
2009.02.25 17:45:56.830,1.16655,1.16675,19.00,1.00
2009.02.25 17:45:57.300,1.1665,1.16675,2.80,10.20
2009.02.25 17:45:59.259,1.1665,1.16675,2.80,8.60
2009.02.25 17:46:00.059,1.16645,1.1666,5.00,1.00
2009.02.25 17:46:00.399,1.16645,1.1666,3.20,1.00
2009.02.25 17:46:00.749,1.16645,1.16665,1.20,3.00
2009.02.25 17:46:01.159,1.1664,1.16665,9.40,5.40
2009.02.25 17:46:01.798,1.1664,1.16655,6.40,1.00
2009.02.25 17:46:02.078,1.1664,1.1666,9.40,3.40
2009.02.25 17:46:02.369,1.1664,1.1666,9.40,1.00
2009.02.25 17:46:04.468,1.1664,1.16655,9.20,1.80
2009.02.25 17:46:04.698,1.1664,1.16655,6.40,3.60
2009.02.25 17:46:05.048,1.1662,1.16645,17.40,1.00
2009.02.25 17:46:05.168,1.1662,1.16645,12.80,1.00
2009.02.25 17:46:05.408,1.1662,1.16645,6.60,1.00
2009.02.25 17:46:05.739,1.1662,1.16645,4.80,3.20
2009.02.25 17:46:06.368,1.1662,1.1663,3.40,1.00
2009.02.25 17:46:06.997,1.16615,1.16635,7.60,1.00
2009.02.25 17:46:08.087,1.16625,1.1664,4.80,1.00
2009.02.25 17:46:08.497,1.16615,1.1664,15.60,1.20
2009.02.25 17:46:08.777,1.16615,1.16645,17.40,4.60
2009.02.25 17:46:08.947,1.16615,1.1664,17.40,1.00
2009.02.25 17:46:09.127,1.16615,1.1664,17.60,1.00
2009.02.25 17:46:09.307,1.16615,1.1664,25.60,1.00
2009.02.25 17:46:10.646,1.16615,1.16645,25.60,1.60
2009.02.25 17:46:14.486,1.16615,1.16645,20.80,1.60
2009.02.25 17:46:15.635,1.16615,1.1664,20.80,1.00
2009.02.25 17:46:15.686,1.1662,1.1664,8.00,1.00
2009.02.25 17:46:16.605,1.1662,1.16645,8.00,1.60
2009.02.25 17:46:16.945,1.16615,1.16645,25.60,1.80
2009.02.25 17:46:17.175,1.16615,1.16645,20.80,1.80
2009.02.25 17:46:17.525,1.16615,1.16645,20.80,1.60
2009.02.25 17:46:22.823,1.16625,1.16645,12.80,1.60
2009.02.25 17:46:23.203,1.16625,1.16645,15.60,1.60
2009.02.25 17:46:23.673,1.16625,1.1664,15.60,1.00
2009.02.25 17:46:38.030,1.16625,1.16645,22.20,1.00
2009.02.25 17:46:38.450,1.1664,1.16665,2.80,14.00
2009.02.25 17:46:38.930,1.1664,1.16665,2.80,8.40
2009.02.25 17:46:40.049,1.1664,1.16655,8.00,1.00
2009.02.25 17:46:40.390,1.1664,1.16655,1.00,1.00
2009.02.25 17:46:40.949,1.1662,1.16655,22.20,1.00
2009.02.25 17:46:44.688,1.1663,1.16655,8.00,1.00
2009.02.25 17:46:45.108,1.1663,1.16655,8.00,1.00
2009.02.25 17:46:48.787,1.1663,1.16655,8.00,1.00
2009.02.25 17:46:49.447,1.1663,1.16655,8.00,1.00
2009.02.25 17:46:49.567,1.16625,1.16645,35.20,1.00
2009.02.25 17:46:49.847,1.16625,1.16645,23.60,1.00
2009.02.25 17:46:50.307,1.16625,1.16645,20.80,1.00
2009.02.25 17:46:51.107,1.16625,1.16645,25.60,1.00
2009.02.25 17:46:51.467,1.1663,1.16655,8.00,1.00
2009.02.25 17:46:51.936,1.1663,1.16655,11.20,1.00
2009.02.25 17:46:53.686,1.1663,1.1666,16.00,7.00
2009.02.25 17:46:53.926,1.16635,1.16665,17.80,5.00
2009.02.25 17:46:54.156,1.16645,1.16665,2.80,5.00
2009.02.25 17:46:54.566,1.1664,1.1667,17.40,13.00
2009.02.25 17:46:54.676,1.1664,1.1667,22.00,9.80
2009.02.25 17:46:55.136,1.1664,1.1667,14.00,5.00
2009.02.25 17:46:56.675,1.1664,1.1667,22.00,5.00
2009.02.25 17:46:57.085,1.1665,1.1667,1.00,5.00
2009.02.25 17:46:58.465,1.16655,1.16675,4.80,6.80
2009.02.25 17:46:58.585,1.1666,1.1668,2.80,6.40
2009.02.25 17:46:58.955,1.1666,1.1668,2.80,1.60
2009.02.25 17:46:59.305,1.1666,1.16685,2.80,2.00
2009.02.25 17:47:00.284,1.1666,1.16685,2.80,1.00
2009.02.25 17:47:00.984,1.16655,1.16685,9.80,2.00
2009.02.25 17:47:01.154,1.1665,1.16685,12.80,7.00
2009.02.25 17:47:01.614,1.1666,1.16685,2.80,7.00
2009.02.25 17:47:02.294,1.1666,1.16685,2.80,6.80
2009.02.25 17:47:02.694,1.1666,1.16685,2.80,2.00
2009.02.25 17:47:02.974,1.16655,1.16685,8.00,2.00
2009.02.25 17:47:03.474,1.1666,1.16685,2.80,2.00
2009.02.25 17:47:04.744,1.1666,1.16685,2.80,1.00
2009.02.25 17:47:10.852,1.1666,1.16685,10.80,1.00
2009.02.25 17:47:11.452,1.1666,1.16685,2.80,1.00
2009.02.25 17:47:15.801,1.1666,1.16685,2.80,1.00
2009.02.25 17:47:16.141,1.1666,1.16685,2.80,2.60
2009.02.25 17:47:16.830,1.1666,1.16685,2.80,2.00
2009.02.25 17:47:18.100,1.1666,1.16685,2.80,2.20
2009.02.25 17:47:18.320,1.1666,1.16685,2.80,2.40
2009.02.25 17:47:18.770,1.16655,1.16685,12.80,2.60
2009.02.25 17:47:19.180,1.1665,1.16675,4.80,5.00
2009.02.25 17:47:19.850,1.1664,1.1667,36.80,5.00
2009.02.25 17:47:20.269,1.1664,1.16675,32.00,5.00
2009.02.25 17:47:22.329,1.1664,1.16675,32.00,6.80
2009.02.25 17:47:22.679,1.16645,1.1667,2.80,5.00
2009.02.25 17:47:42.304,1.16645,1.16665,2.80,5.00
2009.02.25 17:47:42.864,1.16645,1.16665,2.80,1.00
2009.02.25 17:47:43.424,1.1664,1.16655,9.40,1.00
2009.02.25 17:47:44.124,1.1662,1.16645,4.80,1.00
2009.02.25 17:47:44.704,1.1662,1.16645,4.80,2.20
2009.02.25 17:47:45.103,1.16625,1.16645,12.80,2.20
2009.02.25 17:47:45.383,1.16625,1.16645,16.00,2.20
2009.02.25 17:47:45.783,1.16625,1.16645,16.00,4.20
2009.02.25 17:47:46.173,1.16625,1.16635,12.80,1.80
2009.02.25 17:47:46.423,1.16625,1.16635,4.80,1.80
2009.02.25 17:47:49.073,1.1663,1.16635,1.00,1.80
2009.02.25 17:47:49.132,1.1663,1.16635,3.20,1.80
2009.02.25 17:47:52.212,1.1663,1.16635,1.00,1.80
2009.02.25 17:47:52.442,1.16625,1.16635,8.00,1.80
2009.02.25 17:47:52.672,1.16625,1.16635,4.80,1.80
2009.02.25 17:47:56.891,1.1662,1.16635,18.40,1.80
2009.02.25 17:47:57.061,1.1662,1.16635,14.60,1.60
2009.02.25 17:47:57.401,1.1662,1.16645,8.00,2.20
2009.02.25 17:48:01.340,1.16615,1.16645,27.40,2.20
2009.02.25 17:48:01.740,1.16615,1.16645,22.60,2.20
2009.02.25 17:48:06.708,1.16615,1.16635,17.80,1.00
2009.02.25 17:48:06.948,1.16615,1.16635,3.20,1.00
2009.02.25 17:48:07.238,1.16615,1.16635,3.20,1.80
2009.02.25 17:48:07.358,1.16615,1.16635,7.60,2.20
2009.02.25 17:48:07.928,1.16615,1.16635,19.00,2.20
2009.02.25 17:48:10.697,1.16615,1.16635,15.60,2.20
2009.02.25 17:48:11.157,1.16615,1.16635,18.80,2.20
2009.02.25 17:48:11.487,1.16615,1.16635,19.00,2.20
2009.02.25 17:48:12.657,1.16615,1.16635,20.80,2.20
2009.02.25 17:48:14.766,1.16615,1.16635,20.80,1.80
2009.02.25 17:48:15.506,1.16615,1.16635,20.80,2.20
2009.02.25 17:48:18.735,1.16615,1.16635,13.00,1.80
2009.02.25 17:48:19.127,1.1661,1.16635,8.00,1.80
2009.02.25 17:48:19.585,1.16605,1.16635,8.00,1.80
2009.02.25 17:48:19.825,1.16615,1.16635,15.60,2.20
2009.02.25 17:48:20.045,1.16615,1.16635,10.80,2.20
2009.02.25 17:48:20.555,1.16615,1.16635,8.00,2.20
2009.02.25 17:48:20.905,1.16615,1.16635,7.80,2.20
2009.02.25 17:48:21.425,1.16615,1.16625,11.00,1.00
2009.02.25 17:48:21.755,1.1661,1.16625,10.40,2.20
2009.02.25 17:48:22.055,1.1661,1.16625,8.00,2.20
2009.02.25 17:48:22.565,1.166,1.16625,19.20,2.20
2009.02.25 17:48:22.835,1.166,1.16625,19.20,1.80
2009.02.25 17:48:25.314,1.16615,1.16625,2.00,1.80
2009.02.25 17:48:25.484,1.1661,1.16625,15.60,1.60
2009.02.25 17:48:25.644,1.1661,1.16635,15.60,2.20
2009.02.25 17:48:25.984,1.1661,1.16635,19.00,2.20
2009.02.25 17:48:32.112,1.16615,1.16635,3.20,1.80
2009.02.25 17:48:32.392,1.16605,1.16635,24.60,7.00
2009.02.25 17:48:32.732,1.1661,1.1663,1.00,5.00
2009.02.25 17:48:34.122,1.16585,1.1662,4.60,1.00
2009.02.25 17:48:34.512,1.1658,1.1662,12.80,2.20
2009.02.25 17:48:34.861,1.1658,1.1661,8.00,1.60
2009.02.25 17:48:35.801,1.16575,1.1661,24.20,5.00
2009.02.25 17:48:36.131,1.1658,1.1661,2.80,6.80
2009.02.25 17:48:36.701,1.16575,1.166,25.60,1.00
2009.02.25 17:48:36.871,1.1658,1.1661,2.80,6.80
2009.02.25 17:48:48.258,1.1658,1.1661,2.80,7.00
2009.02.25 17:48:48.418,1.16575,1.166,20.80,1.00
2009.02.25 17:48:48.868,1.16575,1.166,8.00,1.80
2009.02.25 17:48:49.208,1.16555,1.16595,4.60,5.00
2009.02.25 17:48:49.548,1.16555,1.1659,2.80,6.80
2009.02.25 17:48:50.688,1.16555,1.1659,21.20,6.80
2009.02.25 17:48:50.738,1.16555,1.1659,23.20,5.00
2009.02.25 17:48:51.508,1.16555,1.1659,26.40,5.00
2009.02.25 17:48:51.918,1.16555,1.1659,31.20,5.00
2009.02.25 17:48:52.398,1.16555,1.1659,26.40,5.00
2009.02.25 17:48:52.977,1.1656,1.1659,8.00,5.00
2009.02.25 17:48:54.757,1.16555,1.1659,26.20,6.80
2009.02.25 17:48:55.036,1.1656,1.1659,2.80,6.80
2009.02.25 17:48:56.526,1.1656,1.16585,2.80,5.00
2009.02.25 17:48:58.196,1.1656,1.1659,2.80,15.20
2009.02.25 17:48:58.486,1.1657,1.1659,1.00,7.00
2009.02.25 17:48:59.056,1.1655,1.1659,26.40,5.00
2009.02.25 17:49:00.655,1.16555,1.1659,26.20,5.00
2009.02.25 17:49:00.875,1.16555,1.1659,31.20,5.00
2009.02.25 17:49:01.225,1.16565,1.1659,1.00,5.00
2009.02.25 17:49:01.525,1.16575,1.1659,2.80,5.00
2009.02.25 17:49:01.745,1.16575,1.16595,2.80,7.80
2009.02.25 17:49:02.215,1.16575,1.16605,2.80,2.20
2009.02.25 17:49:03.305,1.1658,1.16605,2.80,7.40
2009.02.25 17:49:06.904,1.1658,1.166,2.80,1.60
2009.02.25 17:49:07.304,1.16575,1.1659,20.80,1.00
2009.02.25 17:49:07.474,1.16565,1.16595,8.00,5.40
2009.02.25 17:49:07.834,1.16555,1.16595,45.60,5.00
2009.02.25 17:49:08.093,1.16555,1.16595,42.40,5.00
2009.02.25 17:49:08.663,1.1656,1.1659,8.00,5.00
2009.02.25 17:49:09.743,1.16555,1.1659,42.40,5.00
2009.02.25 17:49:09.863,1.16555,1.1659,40.80,5.00
2009.02.25 17:49:11.283,1.16555,1.1659,40.40,5.00
2009.02.25 17:49:11.733,1.16565,1.1659,1.00,6.80
2009.02.25 17:49:11.912,1.16575,1.16595,7.60,1.80
2009.02.25 17:49:12.143,1.16575,1.166,9.40,5.40
2009.02.25 17:49:12.442,1.16575,1.166,9.40,2.20
2009.02.25 17:49:12.672,1.16575,1.166,9.60,2.20
2009.02.25 17:49:15.362,1.16575,1.1659,9.60,1.00
2009.02.25 17:49:16.052,1.16575,1.1659,12.80,1.00
2009.02.25 17:49:16.991,1.1658,1.1661,2.80,6.80
2009.02.25 17:49:17.771,1.1658,1.1661,2.80,1.60
2009.02.25 17:49:18.131,1.1658,1.1661,2.80,7.40
2009.02.25 17:49:22.340,1.1658,1.16605,2.80,5.00
2009.02.25 17:49:23.090,1.1658,1.1661,2.80,12.20
2009.02.25 17:49:23.630,1.1658,1.1661,2.80,7.40
2009.02.25 17:49:26.719,1.16585,1.1661,7.60,5.40
2009.02.25 17:49:26.949,1.16585,1.1661,11.20,5.00
2009.02.25 17:49:27.579,1.1659,1.1661,1.80,5.00
2009.02.25 17:49:28.029,1.1659,1.16615,3.20,13.40
2009.02.25 17:49:28.549,1.1659,1.16615,3.20,10.60
2009.02.25 17:49:28.948,1.1659,1.16615,3.20,10.20
2009.02.25 17:49:29.488,1.1659,1.16615,3.20,10.60
2009.02.25 17:49:29.878,1.1659,1.16615,3.20,8.20
2009.02.25 17:49:30.168,1.16585,1.16615,8.00,11.40
2009.02.25 17:49:30.288,1.1658,1.1661,15.60,5.00
2009.02.25 17:49:30.528,1.1658,1.1661,10.80,5.00
2009.02.25 17:49:33.177,1.1658,1.1661,10.80,6.80
2009.02.25 17:49:36.817,1.1658,1.16605,8.00,1.00
2009.02.25 17:49:37.157,1.16575,1.16605,25.60,1.00
2009.02.25 17:49:37.447,1.16575,1.16605,20.80,1.00
2009.02.25 17:49:37.906,1.16575,1.1659,20.80,1.00
2009.02.25 17:49:38.376,1.1658,1.16605,8.00,1.60
2009.02.25 17:49:38.916,1.1656,1.166,8.00,1.60
2009.02.25 17:49:39.206,1.16555,1.166,12.60,6.80
2009.02.25 17:49:40.136,1.16565,1.1659,2.80,1.60
2009.02.25 17:49:40.466,1.16565,1.1659,2.80,6.80
2009.02.25 17:49:41.495,1.16565,1.1659,2.80,5.00
2009.02.25 17:49:44.275,1.1656,1.1658,3.20,1.80
2009.02.25 17:49:44.965,1.1656,1.1658,3.20,1.60
2009.02.25 17:49:45.375,1.1656,1.1659,3.20,5.40
2009.02.25 17:49:45.904,1.1656,1.16585,3.20,5.00
2009.02.25 17:49:46.194,1.16565,1.16585,2.80,5.00
2009.02.25 17:49:46.434,1.1656,1.16585,3.20,5.40
2009.02.25 17:49:47.234,1.16565,1.16585,2.80,5.40
2009.02.25 17:49:47.964,1.16565,1.16585,2.80,5.00
2009.02.25 17:49:48.424,1.1656,1.16575,3.20,1.00
2009.02.25 17:49:48.724,1.1657,1.16575,1.20,1.00
2009.02.25 17:49:49.124,1.16565,1.16585,4.60,5.00
2009.02.25 17:49:50.003,1.16575,1.1659,2.80,13.00
2009.02.25 17:49:50.343,1.16575,1.16595,11.00,9.80
2009.02.25 17:49:50.573,1.16575,1.16595,11.00,2.00
2009.02.25 17:49:50.993,1.16575,1.16595,11.00,1.00
2009.02.25 17:49:55.863,1.16575,1.16595,11.00,1.00
2009.02.25 17:49:56.153,1.16575,1.16595,6.20,1.00
2009.02.25 17:49:56.552,1.1657,1.1659,3.20,5.00
2009.02.25 17:49:56.842,1.1656,1.16595,20.80,9.80
2009.02.25 17:49:57.172,1.1656,1.16595,24.00,5.00
2009.02.25 17:50:01.061,1.16565,1.16595,8.00,5.00
2009.02.25 17:50:01.451,1.1656,1.16595,28.80,5.00
2009.02.25 17:50:02.010,1.1656,1.16595,26.00,5.00
2009.02.25 17:50:03.280,1.1656,1.16595,18.00,5.00
2009.02.25 17:50:03.680,1.1656,1.16595,16.00,5.00
2009.02.25 17:50:03.970,1.16565,1.1659,2.80,5.00
2009.02.25 17:50:04.820,1.1656,1.1659,16.00,5.00
2009.02.25 17:50:06.591,1.1656,1.1659,8.00,5.00
2009.02.25 17:50:06.989,1.16565,1.1659,2.80,5.00
2009.02.25 17:50:07.499,1.1656,1.1659,3.20,5.00
2009.02.25 17:50:07.809,1.16565,1.1659,2.80,5.00
2009.02.25 17:50:08.099,1.1656,1.1659,3.20,5.00
2009.02.25 17:50:10.579,1.1656,1.1658,3.20,1.00
2009.02.25 17:50:10.859,1.16565,1.1659,2.80,5.00
2009.02.25 17:50:11.208,1.16565,1.16585,2.80,1.60
2009.02.25 17:50:11.548,1.16565,1.1659,2.80,5.00
2009.02.25 17:50:11.728,1.16565,1.1659,2.80,7.00
2009.02.25 17:50:12.068,1.16565,1.1658,2.80,1.00
2009.02.25 17:50:12.348,1.16555,1.16585,17.40,1.60
2009.02.25 17:50:12.628,1.16555,1.1659,17.40,8.20
2009.02.25 17:50:13.198,1.16555,1.16585,17.40,2.60
2009.02.25 17:50:13.428,1.16565,1.16585,2.80,1.60
2009.02.25 17:50:20.036,1.16555,1.16575,17.40,1.00
2009.02.25 17:50:20.556,1.16555,1.16575,9.40,1.00
2009.02.25 17:50:20.976,1.16565,1.1658,2.80,1.60
2009.02.25 17:50:21.386,1.16565,1.16585,2.80,7.40
2009.02.25 17:50:21.866,1.16555,1.16585,17.40,7.40
2009.02.25 17:50:22.165,1.16555,1.16585,17.40,7.80
2009.02.25 17:50:22.626,1.16565,1.16585,2.80,7.40
2009.02.25 17:50:23.775,1.16565,1.16585,2.80,7.00
2009.02.25 17:50:24.215,1.16565,1.16585,2.80,2.00
2009.02.25 17:50:24.905,1.16565,1.1659,2.80,7.40
2009.02.25 17:50:38.862,1.16565,1.1659,2.80,10.60
2009.02.25 17:50:39.262,1.16565,1.1659,2.80,7.40
2009.02.25 17:50:44.060,1.16565,1.1659,2.80,10.60
2009.02.25 17:50:44.461,1.16565,1.16585,2.80,1.60
2009.02.25 17:50:44.750,1.16555,1.16575,17.40,1.00
2009.02.25 17:50:45.210,1.16555,1.1658,12.40,1.00
2009.02.25 17:50:45.550,1.16555,1.1658,7.60,1.00
2009.02.25 17:50:46.760,1.16555,1.1658,9.40,8.60
2009.02.25 17:50:47.100,1.16555,1.1658,9.40,8.20
2009.02.25 17:50:47.399,1.16565,1.16585,2.80,6.80
2009.02.25 17:50:48.389,1.16565,1.16585,2.80,1.60
2009.02.25 17:50:49.009,1.16565,1.16585,2.80,6.80
2009.02.25 17:50:49.709,1.16555,1.16585,18.00,6.80
2009.02.25 17:50:50.059,1.16555,1.16585,21.40,7.00
2009.02.25 17:50:50.329,1.16555,1.16575,19.00,1.00
2009.02.25 17:50:50.449,1.16555,1.16575,15.60,1.00
2009.02.25 17:50:51.619,1.16555,1.1657,15.60,1.00
2009.02.25 17:50:52.148,1.16555,1.1657,7.60,2.20
2009.02.25 17:50:59.787,1.16555,1.16565,2.80,1.00
2009.02.25 17:51:00.186,1.16545,1.16575,8.00,5.00
2009.02.25 17:51:00.527,1.16555,1.1658,2.80,15.20
2009.02.25 17:51:00.806,1.16555,1.1658,2.80,10.60
2009.02.25 17:51:01.186,1.16555,1.1658,2.80,7.40
2009.02.25 17:51:05.225,1.16555,1.1658,2.80,10.60
2009.02.25 17:51:06.035,1.16545,1.1657,3.20,5.00
2009.02.25 17:51:06.475,1.1655,1.16575,1.80,6.40
2009.02.25 17:51:06.697,1.1654,1.1657,3.20,5.00
2009.02.25 17:51:07.035,1.16535,1.1656,2.20,5.00
2009.02.25 17:51:07.255,1.16525,1.16555,12.80,5.00
2009.02.25 17:51:07.605,1.16525,1.16555,2.00,5.00
2009.02.25 17:51:07.775,1.1652,1.16555,25.60,5.00
2009.02.25 17:51:08.124,1.1652,1.16555,28.80,5.00
2009.02.25 17:51:08.644,1.1652,1.16555,28.80,5.00
2009.02.25 17:51:09.154,1.1652,1.1655,25.60,5.00
2009.02.25 17:51:10.014,1.1652,1.1655,25.60,5.00
2009.02.25 17:51:10.404,1.1652,1.1655,20.80,5.00
2009.02.25 17:51:10.884,1.16515,1.1655,22.60,5.00
2009.02.25 17:51:11.174,1.16515,1.1654,4.60,1.00
2009.02.25 17:51:12.044,1.16515,1.16545,4.60,5.00
2009.02.25 17:51:12.544,1.1653,1.1655,2.80,5.00
2009.02.25 17:51:12.894,1.1653,1.16555,2.80,4.80
2009.02.25 17:51:13.353,1.1653,1.1656,2.80,6.80
2009.02.25 17:51:14.773,1.1653,1.1656,7.80,6.80
2009.02.25 17:51:15.183,1.1653,1.1656,4.80,6.80
2009.02.25 17:51:15.533,1.1653,1.1655,3.20,5.00
2009.02.25 17:51:15.873,1.1653,1.16555,2.80,4.80
2009.02.25 17:51:16.372,1.16535,1.1656,2.80,6.80
2009.02.25 17:51:20.632,1.16535,1.1656,2.80,5.00
2009.02.25 17:51:32.849,1.1653,1.1656,7.80,5.00
2009.02.25 17:51:34.308,1.16535,1.1656,2.80,5.00
2009.02.25 17:51:45.076,1.16545,1.1656,7.60,5.00
2009.02.25 17:51:45.376,1.16545,1.1656,10.80,5.00
2009.02.25 17:51:45.555,1.1656,1.16565,2.80,8.20
2009.02.25 17:51:45.865,1.1656,1.16575,7.60,3.00
2009.02.25 17:51:46.225,1.1656,1.16595,7.60,2.20
2009.02.25 17:51:46.455,1.16565,1.16595,2.80,1.60
2009.02.25 17:51:46.875,1.1657,1.166,2.80,8.60
2009.02.25 17:51:47.345,1.16565,1.166,13.40,8.60
2009.02.25 17:51:47.755,1.1657,1.16595,2.80,5.40
2009.02.25 17:51:48.315,1.16565,1.16595,13.40,5.40
2009.02.25 17:51:48.675,1.16575,1.16595,9.40,5.00
2009.02.25 17:51:49.035,1.16575,1.16605,9.40,10.20
2009.02.25 17:51:49.534,1.16575,1.16605,17.40,10.20
2009.02.25 17:51:50.064,1.16575,1.16605,20.80,10.20
2009.02.25 17:51:50.244,1.1658,1.16605,2.80,10.20
2009.02.25 17:51:50.574,1.16575,1.16605,12.80,10.20
2009.02.25 17:51:51.394,1.1658,1.16605,2.80,10.20
2009.02.25 17:51:51.674,1.1658,1.16605,3.60,8.60
2009.02.25 17:51:52.074,1.1659,1.16605,4.80,8.20
2009.02.25 17:51:52.534,1.16595,1.1661,2.80,1.60
2009.02.25 17:51:52.714,1.1659,1.1662,12.80,1.60
2009.02.25 17:51:53.054,1.16595,1.16625,12.80,10.20
2009.02.25 17:51:53.523,1.16595,1.16625,6.20,10.80
2009.02.25 17:51:53.853,1.16585,1.16615,3.20,5.00
2009.02.25 17:51:54.203,1.16585,1.16615,2.80,5.00
2009.02.25 17:51:58.113,1.16595,1.1661,7.60,5.00
2009.02.25 17:51:58.493,1.16595,1.1663,14.80,10.60
2009.02.25 17:51:58.802,1.16595,1.1662,6.20,5.00
2009.02.25 17:51:59.192,1.16595,1.16625,2.80,14.60
2009.02.25 17:51:59.622,1.16575,1.16615,27.40,5.00
2009.02.25 17:52:00.142,1.16575,1.16615,22.60,5.00
2009.02.25 17:52:01.471,1.16605,1.16615,1.00,5.00
2009.02.25 17:52:02.142,1.16595,1.16615,1.60,5.00
2009.02.25 17:52:02.561,1.166,1.1664,8.00,8.20
2009.02.25 17:52:02.911,1.166,1.16635,8.00,1.80
2009.02.25 17:52:03.381,1.166,1.1663,8.00,1.60
2009.02.25 17:52:04.191,1.166,1.1663,8.00,2.20
2009.02.25 17:52:04.611,1.16605,1.1663,1.00,2.20
2009.02.25 17:52:04.881,1.16615,1.16635,2.80,8.60
2009.02.25 17:52:05.111,1.16615,1.16635,2.80,1.00
2009.02.25 17:52:05.411,1.1661,1.16635,18.80,1.00
2009.02.25 17:52:05.621,1.1661,1.1664,20.80,6.20
2009.02.25 17:52:06.041,1.16615,1.1664,20.80,3.20
2009.02.25 17:52:06.220,1.1662,1.16645,8.00,2.20
2009.02.25 17:52:06.451,1.1662,1.16645,8.00,1.80
2009.02.25 17:52:06.610,1.16615,1.1664,25.60,1.00
2009.02.25 17:52:06.900,1.16615,1.16645,25.60,1.00
2009.02.25 17:52:07.250,1.1662,1.16645,8.00,2.80
2009.02.25 17:52:07.430,1.16615,1.16645,12.80,3.20
2009.02.25 17:52:07.720,1.16615,1.16645,8.00,3.20
2009.02.25 17:52:08.380,1.1661,1.1664,12.80,2.20
2009.02.25 17:52:08.780,1.1661,1.1664,8.00,5.40
2009.02.25 17:52:09.130,1.1661,1.1664,8.00,2.20
2009.02.25 17:52:11.659,1.1661,1.1664,8.00,1.80
2009.02.25 17:52:12.179,1.1661,1.1664,8.00,1.60
2009.02.25 17:52:26.685,1.1661,1.16645,8.00,7.80
2009.02.25 17:52:26.795,1.1661,1.16645,8.00,8.40
2009.02.25 17:52:29.495,1.1661,1.1664,8.00,1.60
2009.02.25 17:52:29.835,1.16605,1.1664,8.00,7.00
2009.02.25 17:52:31.114,1.16605,1.1664,8.00,7.40
2009.02.25 17:52:31.234,1.16605,1.1663,8.00,1.00
2009.02.25 17:52:31.404,1.166,1.16635,20.40,7.60
2009.02.25 17:52:31.754,1.16605,1.16635,2.80,8.00
2009.02.25 17:52:32.144,1.16605,1.16635,2.80,12.00
2009.02.25 17:52:32.484,1.16595,1.16625,22.40,1.00
2009.02.25 17:52:32.954,1.16595,1.16625,17.60,1.00
2009.02.25 17:52:33.344,1.16595,1.16625,17.60,2.00
2009.02.25 17:52:33.654,1.16595,1.16625,9.60,7.80
2009.02.25 17:52:34.294,1.1661,1.16625,4.80,5.80
2009.02.25 17:52:34.914,1.1661,1.1663,10.80,7.40
2009.02.25 17:52:35.273,1.1661,1.1663,3.20,1.00
2009.02.25 17:52:35.833,1.16615,1.1663,3.20,5.60
2009.02.25 17:52:36.224,1.1659,1.16625,25.60,2.00
2009.02.25 17:52:36.683,1.1659,1.16625,25.60,7.00
2009.02.25 17:52:37.153,1.1659,1.16625,22.40,7.00
2009.02.25 17:52:39.612,1.16605,1.16625,2.80,7.20
2009.02.25 17:52:39.902,1.16605,1.1662,2.80,1.00
2009.02.25 17:52:40.552,1.166,1.16625,2.80,1.00
2009.02.25 17:52:41.062,1.16605,1.16625,2.80,1.00
2009.02.25 17:52:41.512,1.1662,1.1663,2.80,5.00
2009.02.25 17:52:41.682,1.1662,1.1665,2.80,6.20
2009.02.25 17:52:42.172,1.16605,1.16645,9.60,6.80
2009.02.25 17:52:42.572,1.166,1.16635,4.60,5.00
2009.02.25 17:52:42.922,1.16595,1.1663,25.60,5.00
2009.02.25 17:52:43.442,1.166,1.1663,22.60,5.40
2009.02.25 17:52:43.562,1.166,1.1663,15.60,5.00
2009.02.25 17:52:44.121,1.166,1.1663,2.80,5.00
2009.02.25 17:52:44.851,1.166,1.1663,7.60,5.00
2009.02.25 17:52:45.471,1.166,1.1663,17.60,5.00
2009.02.25 17:52:46.503,1.16605,1.16635,8.00,11.60
2009.02.25 17:52:46.611,1.16605,1.16635,8.00,3.80
2009.02.25 17:52:46.721,1.16605,1.16635,8.00,1.60
2009.02.25 17:52:47.521,1.16605,1.1664,8.00,14.20
2009.02.25 17:52:47.980,1.16605,1.16635,8.00,2.20
2009.02.25 17:52:48.220,1.16605,1.16635,10.80,3.40
2009.02.25 17:52:50.230,1.16605,1.16635,10.80,4.00
2009.02.25 17:52:50.290,1.16605,1.16635,8.00,4.00
2009.02.25 17:52:50.890,1.16615,1.16635,8.00,4.00
2009.02.25 17:52:51.320,1.16615,1.16635,8.00,3.60
2009.02.25 17:52:51.379,1.1661,1.1663,2.80,1.00
2009.02.25 17:52:51.619,1.16615,1.1663,7.60,1.00
2009.02.25 17:52:51.849,1.16615,1.1664,9.40,5.60
2009.02.25 17:52:52.129,1.16615,1.16635,4.60,1.00
2009.02.25 17:52:52.419,1.16615,1.1664,2.80,5.60
2009.02.25 17:52:53.879,1.1661,1.1664,2.80,5.60
2009.02.25 17:52:54.289,1.16615,1.1664,2.80,5.60
2009.02.25 17:52:55.569,1.1661,1.1664,2.80,5.60
2009.02.25 17:52:56.998,1.16615,1.1664,2.80,5.60
2009.02.25 17:53:04.006,1.16625,1.1665,2.80,5.00
2009.02.25 17:53:14.564,1.16615,1.1663,35.60,1.60
2009.02.25 17:53:14.744,1.16615,1.1663,14.60,1.00
2009.02.25 17:53:14.854,1.16615,1.16655,14.20,4.20
2009.02.25 17:53:15.144,1.16615,1.16655,11.20,9.00
2009.02.25 17:53:15.304,1.16615,1.16655,8.00,5.80
2009.02.25 17:53:15.424,1.1661,1.16655,17.40,5.80
2009.02.25 17:53:15.614,1.1661,1.16655,12.60,5.80
2009.02.25 17:53:17.173,1.1661,1.16645,15.60,5.80
2009.02.25 17:53:17.503,1.1661,1.16645,12.60,5.80
2009.02.25 17:53:17.953,1.1661,1.16645,15.60,5.80
2009.02.25 17:53:18.873,1.1661,1.16645,12.60,5.80
2009.02.25 17:53:21.152,1.1661,1.16645,12.60,6.20
2009.02.25 17:53:21.262,1.1661,1.1664,12.60,1.00
2009.02.25 17:53:21.722,1.1661,1.16645,12.60,5.80
2009.02.25 17:53:25.471,1.1661,1.16645,15.60,5.80
2009.02.25 17:53:26.731,1.16615,1.16645,4.80,5.00
2009.02.25 17:53:27.051,1.16615,1.1665,22.20,13.00
2009.02.25 17:53:27.891,1.1663,1.1665,2.80,5.00
2009.02.25 17:53:28.530,1.1663,1.1667,14.60,5.00
2009.02.25 17:53:28.970,1.16635,1.16675,12.60,4.80
2009.02.25 17:53:29.360,1.16645,1.1668,2.80,6.80
2009.02.25 17:53:29.990,1.16645,1.16675,2.80,7.00
2009.02.25 17:53:30.460,1.1664,1.16675,15.60,10.00
2009.02.25 17:53:30.700,1.1664,1.16675,15.60,6.80
2009.02.25 17:53:31.270,1.1664,1.16675,23.60,6.80
2009.02.25 17:53:31.440,1.1664,1.16675,23.60,5.00
2009.02.25 17:53:32.940,1.16645,1.16675,8.00,5.00
2009.02.25 17:53:33.169,1.16645,1.1668,8.00,15.20
2009.02.25 17:53:33.329,1.16645,1.1668,8.00,7.40
2009.02.25 17:53:34.200,1.1664,1.16675,23.60,5.00
2009.02.25 17:53:36.689,1.1664,1.16675,23.60,6.80
2009.02.25 17:53:36.988,1.1664,1.16675,15.60,7.00
2009.02.25 17:53:37.369,1.16645,1.1667,2.80,5.00
2009.02.25 17:53:38.748,1.1664,1.1667,2.80,5.00
2009.02.25 17:53:39.098,1.16645,1.1667,2.80,5.00
2009.02.25 17:53:42.617,1.1664,1.1667,25.60,5.00
2009.02.25 17:53:42.967,1.1664,1.16675,25.60,5.00
2009.02.25 17:53:45.816,1.1664,1.1667,25.60,5.00
2009.02.25 17:53:46.326,1.1664,1.1667,17.60,5.00
2009.02.25 17:53:47.476,1.1664,1.1667,4.60,5.00
2009.02.25 17:53:47.917,1.16655,1.16665,2.80,5.00
2009.02.25 17:53:48.486,1.16625,1.16665,6.60,5.00
2009.02.25 17:53:49.585,1.1663,1.16665,26.00,5.00
2009.02.25 17:53:49.935,1.1663,1.16665,22.60,5.00
2009.02.25 17:53:50.216,1.1663,1.16665,22.80,5.00
2009.02.25 17:53:50.745,1.16635,1.16665,8.00,5.00
2009.02.25 17:53:53.026,1.1664,1.1667,7.60,5.00
2009.02.25 17:53:53.615,1.1664,1.16675,12.60,11.60
2009.02.25 17:53:54.094,1.1664,1.16675,12.60,6.80
2009.02.25 17:53:55.994,1.1664,1.16675,15.60,6.80
2009.02.25 17:53:56.284,1.1664,1.16675,23.60,5.00
2009.02.25 17:53:59.243,1.16645,1.16675,8.00,5.00
2009.02.25 17:54:00.813,1.16645,1.1668,8.00,15.20
2009.02.25 17:54:01.273,1.16645,1.1668,8.00,7.40
2009.02.25 17:54:01.723,1.16645,1.1668,8.00,12.20
2009.02.25 17:54:02.022,1.16645,1.16675,8.00,5.00
2009.02.25 17:54:02.312,1.16645,1.1668,8.00,15.20
2009.02.25 17:54:02.632,1.16645,1.1668,8.00,7.40
2009.02.25 17:54:06.871,1.16645,1.1668,12.60,5.40
2009.02.25 17:54:07.261,1.1666,1.1668,2.80,5.40
2009.02.25 17:54:07.591,1.16635,1.1668,12.60,5.00
2009.02.25 17:54:08.511,1.16635,1.1668,8.00,6.80
2009.02.25 17:54:09.131,1.16645,1.16675,8.00,5.00
2009.02.25 17:54:09.591,1.1664,1.16675,30.40,5.00
2009.02.25 17:54:09.881,1.1664,1.16675,25.60,5.00
2009.02.25 17:54:11.370,1.16645,1.16675,8.00,5.00
2009.02.25 17:54:13.040,1.1664,1.16675,30.40,5.00
2009.02.25 17:54:13.440,1.1664,1.16675,33.60,5.00
2009.02.25 17:54:13.800,1.1664,1.16675,17.60,5.00
2009.02.25 17:54:14.439,1.1664,1.16675,10.80,7.80
2009.02.25 17:54:15.129,1.16635,1.1666,12.80,1.00
2009.02.25 17:54:15.639,1.166,1.16645,4.80,5.00
2009.02.25 17:54:15.869,1.16595,1.16645,12.60,5.00
2009.02.25 17:54:21.518,1.1662,1.1664,1.80,5.00
2009.02.25 17:54:21.838,1.16615,1.1664,9.40,5.00
2009.02.25 17:54:22.008,1.16615,1.16645,19.00,7.80
2009.02.25 17:54:22.298,1.1662,1.16645,2.80,7.80
2009.02.25 17:54:22.407,1.16615,1.1665,25.60,1.00
2009.02.25 17:54:22.697,1.16625,1.1665,27.60,1.00
2009.02.25 17:54:22.867,1.16635,1.1665,2.80,1.00
2009.02.25 17:54:26.917,1.16635,1.1666,2.80,5.60
2009.02.25 17:54:27.346,1.1663,1.1666,7.60,5.60
2009.02.25 17:54:28.196,1.1663,1.1666,4.60,5.60
2009.02.25 17:54:28.656,1.16635,1.1666,2.80,5.00
2009.02.25 17:54:28.876,1.1663,1.1666,15.60,5.00
2009.02.25 17:54:29.506,1.16635,1.1666,2.80,5.00
2009.02.25 17:54:31.295,1.1663,1.1666,14.60,5.00
2009.02.25 17:54:31.765,1.1663,1.1666,17.60,5.00
2009.02.25 17:54:32.225,1.1663,1.1666,25.60,5.00
2009.02.25 17:54:32.525,1.1664,1.16665,2.80,9.80
2009.02.25 17:54:32.965,1.1664,1.16665,2.80,5.00
2009.02.25 17:54:33.495,1.1664,1.1667,2.80,5.00
2009.02.25 17:54:34.725,1.16635,1.16665,15.00,5.00
2009.02.25 17:54:38.494,1.1665,1.16665,2.80,5.00
2009.02.25 17:54:38.833,1.1663,1.16665,4.60,5.00
2009.02.25 17:54:39.123,1.1663,1.1667,15.60,7.80
2009.02.25 17:54:39.533,1.1663,1.16675,12.60,5.00
2009.02.25 17:54:41.563,1.16655,1.16675,2.80,5.00
2009.02.25 17:54:41.963,1.1664,1.16675,8.00,5.00
2009.02.25 17:54:43.563,1.16645,1.1668,8.00,7.40
2009.02.25 17:54:50.681,1.16645,1.1668,12.60,7.00
2009.02.25 17:54:50.911,1.16645,1.1668,12.60,6.80
2009.02.25 17:54:54.220,1.16645,1.1668,12.60,7.00
2009.02.25 17:54:54.810,1.16645,1.1668,8.00,7.40
2009.02.25 17:54:56.060,1.16645,1.1668,8.00,7.00
2009.02.25 17:54:57.909,1.16645,1.1668,8.00,7.40
2009.02.25 17:55:01.378,1.16645,1.1668,12.60,6.80
2009.02.25 17:55:02.188,1.1665,1.1668,4.60,5.00
2009.02.25 17:55:02.458,1.1665,1.1668,12.60,5.00
2009.02.25 17:55:03.088,1.1666,1.1668,1.00,5.00
2009.02.25 17:55:03.548,1.1668,1.16715,6.60,10.20
2009.02.25 17:55:03.887,1.1668,1.16725,6.60,8.00
2009.02.25 17:55:04.407,1.1669,1.1673,6.60,10.60
2009.02.25 17:55:04.907,1.16705,1.16725,4.80,3.20
2009.02.25 17:55:05.237,1.16705,1.16715,1.00,5.00
2009.02.25 17:55:05.527,1.16665,1.16715,12.60,8.20
2009.02.25 17:55:05.808,1.16665,1.1671,4.60,5.00
2009.02.25 17:55:06.087,1.1666,1.1671,22.60,5.00
2009.02.25 17:55:06.677,1.1667,1.16705,25.80,5.00
2009.02.25 17:55:06.797,1.16675,1.16705,4.60,5.00
2009.02.25 17:55:07.187,1.1667,1.16705,22.60,5.00
2009.02.25 17:55:07.937,1.16675,1.16705,4.60,5.00
2009.02.25 17:55:08.627,1.1667,1.16705,22.60,5.00
2009.02.25 17:55:09.256,1.16675,1.16705,6.60,5.00
2009.02.25 17:55:09.716,1.16675,1.16705,7.00,5.00
2009.02.25 17:55:10.056,1.16675,1.16705,23.00,5.00
2009.02.25 17:55:10.646,1.16675,1.1671,23.00,9.80
2009.02.25 17:55:10.946,1.1668,1.1671,4.60,5.00
2009.02.25 17:55:11.346,1.1668,1.16715,12.60,9.80
2009.02.25 17:55:11.616,1.1668,1.16715,8.00,7.40
2009.02.25 17:55:12.885,1.1668,1.16715,8.00,6.80
2009.02.25 17:55:13.365,1.16685,1.16715,8.00,7.40
2009.02.25 17:55:14.605,1.16685,1.16715,8.00,7.00
2009.02.25 17:55:14.825,1.16685,1.16715,8.00,1.60
2009.02.25 17:55:17.374,1.16685,1.1672,8.00,7.40
2009.02.25 17:55:24.813,1.1669,1.1672,8.00,2.20
2009.02.25 17:55:27.692,1.16685,1.16715,8.00,1.60
2009.02.25 17:55:28.582,1.16685,1.16715,8.00,2.60
2009.02.25 17:55:28.861,1.16685,1.16715,8.00,3.00
2009.02.25 17:55:29.241,1.16685,1.16715,8.00,3.40
2009.02.25 17:55:29.531,1.16685,1.16715,8.00,2.20
2009.02.25 17:55:29.651,1.16685,1.16715,8.00,1.60
2009.02.25 17:55:30.441,1.16685,1.16715,8.00,1.80
2009.02.25 17:55:30.561,1.16685,1.16715,8.00,2.60
2009.02.25 17:55:30.681,1.16685,1.1671,8.00,1.60
2009.02.25 17:55:46.847,1.16675,1.16705,12.80,1.60
2009.02.25 17:55:47.237,1.16675,1.16695,8.00,1.00
2009.02.25 17:55:47.697,1.1667,1.16695,8.00,1.00
2009.02.25 17:55:48.047,1.1667,1.16695,8.00,2.20
2009.02.25 17:55:49.616,1.16665,1.16695,12.80,2.20
2009.02.25 17:55:49.896,1.16665,1.16695,8.00,2.20
2009.02.25 17:55:50.376,1.16665,1.16695,8.00,2.00
2009.02.25 17:55:50.866,1.1667,1.1669,8.00,1.60
2009.02.25 17:55:51.856,1.1667,1.1669,8.00,1.80
2009.02.25 17:55:52.016,1.16665,1.1669,12.80,2.20
2009.02.25 17:55:52.196,1.16665,1.1669,8.00,2.20
2009.02.25 17:56:04.103,1.1665,1.1668,16.00,2.60
2009.02.25 17:56:04.504,1.1665,1.1668,8.00,2.60
2009.02.25 17:56:04.723,1.16645,1.16675,8.00,3.20
2009.02.25 17:56:05.063,1.16645,1.16675,8.00,3.00
2009.02.25 17:56:05.583,1.16645,1.1667,8.00,1.60
2009.02.25 17:56:06.222,1.16645,1.16675,8.00,3.20
2009.02.25 17:56:10.151,1.16645,1.16675,8.00,3.20
2009.02.25 17:56:10.431,1.16645,1.16675,8.00,3.20
2009.02.25 17:56:12.511,1.16645,1.16675,10.80,2.60
2009.02.25 17:56:12.771,1.16645,1.16675,8.00,3.00
2009.02.25 17:56:12.881,1.16645,1.16675,10.80,3.00
2009.02.25 17:56:13.161,1.16645,1.1667,10.80,1.60
2009.02.25 17:56:13.442,1.1664,1.1667,15.60,1.60
2009.02.25 17:56:14.061,1.1664,1.1667,7.60,6.80
2009.02.25 17:56:14.410,1.1664,1.1667,15.60,6.80
2009.02.25 17:56:14.761,1.1664,1.1667,20.40,5.00
2009.02.25 17:56:14.980,1.1664,1.1667,23.60,5.00
2009.02.25 17:56:16.480,1.16645,1.1667,4.60,5.00
2009.02.25 17:56:16.980,1.1664,1.1667,22.40,5.00
2009.02.25 17:56:17.040,1.1664,1.1667,20.40,5.00
2009.02.25 17:56:17.970,1.1664,1.16675,20.40,13.00
2009.02.25 17:56:18.320,1.1664,1.16675,28.40,13.00
2009.02.25 17:56:18.800,1.1664,1.16675,30.40,9.80
2009.02.25 17:56:19.099,1.1664,1.1667,20.40,5.00
2009.02.25 17:56:19.809,1.1665,1.1667,1.00,5.00
2009.02.25 17:56:20.389,1.1664,1.16675,30.40,5.00
2009.02.25 17:56:20.749,1.1664,1.1667,30.40,5.00
2009.02.25 17:56:25.558,1.1664,1.1667,22.40,5.00
2009.02.25 17:56:25.798,1.1664,1.1667,7.60,5.00
2009.02.25 17:56:26.937,1.16645,1.1667,2.80,6.80
2009.02.25 17:56:27.107,1.16645,1.1667,2.80,7.40
2009.02.25 17:56:28.207,1.16645,1.16665,2.80,6.80
2009.02.25 17:56:29.087,1.1664,1.16665,7.60,6.80
2009.02.25 17:56:30.117,1.16645,1.16665,2.80,6.80
2009.02.25 17:56:30.626,1.1664,1.16665,7.60,5.00
2009.02.25 17:56:31.247,1.1664,1.16655,4.80,1.00
2009.02.25 17:56:31.647,1.1664,1.16675,7.60,11.60
2009.02.25 17:56:32.156,1.1664,1.16675,7.60,8.20
2009.02.25 17:56:32.676,1.1664,1.16665,7.60,6.80
2009.02.25 17:56:33.646,1.1664,1.16665,7.60,5.00
2009.02.25 17:56:33.946,1.16645,1.16665,2.80,5.00
2009.02.25 17:56:35.645,1.1664,1.16665,7.60,5.00
2009.02.25 17:56:38.525,1.1664,1.1667,7.60,19.20
2009.02.25 17:56:38.934,1.16645,1.1667,2.80,18.20
2009.02.25 17:56:39.284,1.16645,1.1667,2.80,6.80
2009.02.25 17:56:45.693,1.1664,1.1667,7.60,6.80
2009.02.25 17:56:47.473,1.16645,1.1667,2.80,6.80
2009.02.25 17:56:48.242,1.1664,1.1667,7.60,6.80
2009.02.25 17:56:49.142,1.1664,1.1667,15.60,5.00
2009.02.25 17:56:49.542,1.16645,1.1667,2.80,5.00
2009.02.25 17:56:50.002,1.1664,1.1667,15.60,5.00
2009.02.25 17:56:50.182,1.1664,1.16675,23.60,15.40
2009.02.25 17:56:50.522,1.1664,1.16675,23.60,10.60
2009.02.25 17:56:50.991,1.1666,1.16675,2.80,5.00
2009.02.25 17:56:52.192,1.16635,1.16675,14.60,5.00
2009.02.25 17:56:52.502,1.16635,1.16675,6.60,5.00
2009.02.25 17:56:52.971,1.1663,1.16665,7.60,1.00
2009.02.25 17:56:53.781,1.1664,1.1667,7.60,6.80
2009.02.25 17:56:54.251,1.1664,1.16665,7.60,7.00
2009.02.25 17:56:54.711,1.16645,1.16665,2.80,5.00
2009.02.25 17:56:59.659,1.1664,1.16655,7.60,1.00
2009.02.25 17:57:00.889,1.1664,1.16665,7.60,5.00
2009.02.25 17:57:01.409,1.1664,1.16665,7.60,5.40
2009.02.25 17:57:01.769,1.16635,1.16655,1.00,6.80
2009.02.25 17:57:02.129,1.1661,1.16645,4.80,5.80
2009.02.25 17:57:02.609,1.166,1.1664,12.80,6.80
2009.02.25 17:57:02.839,1.16625,1.1664,1.20,1.80
2009.02.25 17:57:03.248,1.16625,1.1664,1.00,1.80
2009.02.25 17:57:04.009,1.166,1.1664,4.80,6.80
2009.02.25 17:57:04.358,1.1662,1.16635,7.60,5.00
2009.02.25 17:57:04.768,1.1662,1.16645,4.80,1.00
2009.02.25 17:57:05.288,1.1663,1.16655,4.80,10.40
2009.02.25 17:57:05.748,1.1663,1.16655,4.80,2.00
2009.02.25 17:57:08.337,1.1663,1.16645,4.80,1.00
2009.02.25 17:57:08.557,1.16625,1.16645,11.00,1.00
2009.02.25 17:57:08.847,1.1663,1.1664,2.80,1.00
2009.02.25 17:57:09.187,1.16625,1.1664,7.80,1.00
2009.02.25 17:57:10.437,1.1663,1.1664,2.80,1.00
2009.02.25 17:57:10.847,1.16625,1.1664,7.80,1.00
2009.02.25 17:57:12.227,1.16625,1.1664,3.00,1.00
2009.02.25 17:57:12.407,1.16625,1.1664,1.00,1.00
2009.02.25 17:57:12.637,1.16615,1.1664,12.80,1.20
2009.02.25 17:57:12.916,1.1661,1.1664,8.00,9.00
2009.02.25 17:57:13.376,1.16615,1.1664,1.20,5.80
2009.02.25 17:57:13.616,1.1661,1.1664,17.60,7.40
2009.02.25 17:57:13.936,1.1662,1.1664,4.80,7.40
2009.02.25 17:57:14.226,1.1662,1.1664,4.80,1.20
2009.02.25 17:57:21.185,1.1662,1.1664,7.60,1.20
2009.02.25 17:57:22.064,1.1662,1.1664,4.80,1.20
2009.02.25 17:57:23.834,1.1662,1.1664,4.80,1.00
2009.02.25 17:57:25.823,1.16625,1.1664,7.60,1.00
2009.02.25 17:57:26.053,1.16625,1.1664,7.60,1.00
2009.02.25 17:57:26.343,1.16625,1.1664,10.80,1.00
2009.02.25 17:57:26.403,1.1663,1.1664,2.80,1.00
2009.02.25 17:57:26.633,1.16625,1.1664,11.00,1.00
2009.02.25 17:57:27.613,1.1663,1.1664,2.80,1.00
2009.02.25 17:57:27.793,1.16625,1.1664,11.00,1.00
2009.02.25 17:57:28.093,1.1663,1.1664,2.80,1.00
2009.02.25 17:57:28.273,1.16625,1.1664,11.00,1.00
2009.02.25 17:57:28.453,1.1663,1.1664,2.80,1.00
2009.02.25 17:57:28.672,1.16625,1.1664,11.00,1.00
2009.02.25 17:57:30.572,1.1663,1.1664,2.80,1.00
2009.02.25 17:57:31.382,1.16625,1.1664,11.00,1.00
2009.02.25 17:57:32.312,1.1663,1.1664,2.80,1.00
2009.02.25 17:57:33.111,1.16625,1.1664,11.00,1.00
2009.02.25 17:57:33.561,1.1663,1.16645,4.80,3.00
2009.02.25 17:57:34.021,1.1663,1.16645,4.80,1.00
2009.02.25 17:57:34.481,1.1663,1.16645,7.60,1.00
2009.02.25 17:57:34.771,1.1663,1.16645,4.80,1.00
2009.02.25 17:57:35.061,1.1663,1.1665,7.60,1.20
2009.02.25 17:57:35.341,1.1663,1.1665,4.80,1.20
2009.02.25 17:57:37.410,1.1663,1.1665,7.60,1.20
2009.02.25 17:57:37.590,1.1663,1.1665,4.80,1.20
2009.02.25 17:57:38.770,1.1663,1.1665,7.60,5.80
2009.02.25 17:57:39.240,1.1663,1.1665,4.80,5.80
2009.02.25 17:57:39.410,1.1663,1.1665,4.80,1.00
2009.02.25 17:57:40.990,1.1663,1.1665,4.80,1.00
2009.02.25 17:57:42.599,1.1663,1.16645,4.80,1.00
2009.02.25 17:57:45.218,1.1663,1.16645,7.60,1.00
2009.02.25 17:57:53.436,1.1663,1.1664,4.80,1.00
2009.02.25 17:57:53.916,1.1663,1.1664,4.80,1.00
2009.02.25 17:57:54.367,1.16615,1.1663,7.90,1.00
2009.02.25 17:57:54.786,1.1662,1.1664,4.80,5.80
2009.02.25 17:57:55.386,1.1662,1.1664,4.80,1.60
2009.02.25 17:57:57.346,1.1662,1.1664,4.80,1.60
2009.02.25 17:57:57.965,1.1662,1.16635,4.80,1.00
2009.02.25 17:57:58.426,1.1662,1.1664,4.80,6.40
2009.02.25 17:57:58.826,1.1662,1.16635,4.80,1.00
2009.02.25 17:58:00.515,1.1662,1.16645,4.80,5.60
2009.02.25 17:58:02.994,1.1662,1.16645,4.80,7.20
2009.02.25 17:58:03.444,1.1662,1.16635,4.80,1.00
2009.02.25 17:58:03.804,1.1662,1.1665,4.80,10.40
2009.02.25 17:58:04.024,1.1662,1.1665,4.80,8.80
2009.02.25 17:58:04.594,1.1662,1.1665,4.80,5.60
2009.02.25 17:58:05.004,1.1662,1.16645,4.80,11.20
2009.02.25 17:58:05.403,1.1662,1.16635,4.80,1.00
2009.02.25 17:58:09.543,1.1662,1.16645,4.80,8.80
2009.02.25 17:58:09.953,1.1662,1.16645,4.80,5.60
2009.02.25 17:58:14.691,1.1662,1.16635,4.80,1.00
2009.02.25 17:58:15.331,1.1662,1.16645,4.80,2.80
2009.02.25 17:58:15.801,1.1662,1.1664,4.80,8.00
2009.02.25 17:58:17.011,1.1662,1.1664,4.80,8.40
2009.02.25 17:58:18.130,1.1662,1.1664,4.80,6.80
2009.02.25 17:58:18.480,1.1662,1.1664,4.80,5.60
2009.02.25 17:58:18.811,1.1662,1.16635,4.80,1.00
2009.02.25 17:58:26.389,1.1662,1.1664,4.80,3.60
2009.02.25 17:58:26.728,1.1662,1.16635,4.80,1.00
2009.02.25 17:58:30.018,1.1662,1.16645,4.80,5.60
2009.02.25 17:58:40.235,1.1662,1.16635,4.80,1.00
2009.02.25 17:58:46.614,1.1662,1.16645,4.80,11.40
2009.02.25 17:58:46.734,1.1662,1.16645,9.40,3.20
2009.02.25 17:58:46.894,1.1662,1.1665,17.40,3.60
2009.02.25 17:58:47.064,1.1662,1.1665,17.40,1.20
2009.02.25 17:58:55.791,1.1662,1.1665,12.80,1.20
2009.02.25 17:58:59.711,1.1662,1.1665,12.80,5.80
2009.02.25 17:59:00.940,1.1662,1.1665,4.80,5.80
2009.02.25 17:59:25.804,1.1662,1.16645,4.80,5.00
2009.02.25 17:59:26.504,1.1662,1.16645,4.80,8.20
2009.02.25 17:59:26.924,1.1662,1.1664,7.60,2.20
2009.02.25 17:59:27.384,1.1662,1.1664,7.60,3.80
2009.02.25 17:59:28.354,1.1662,1.1664,4.80,3.80
2009.02.25 17:59:28.823,1.16615,1.16635,6.20,5.00
2009.02.25 17:59:29.164,1.16615,1.1663,3.20,7.40
2009.02.25 17:59:29.573,1.16595,1.1663,19.60,9.00
2009.02.25 17:59:29.863,1.16595,1.1663,21.00,9.00
2009.02.25 17:59:30.253,1.16595,1.1663,29.00,9.00
2009.02.25 17:59:30.713,1.16595,1.1663,26.00,3.80
2009.02.25 17:59:30.823,1.166,1.1663,24.00,3.80
2009.02.25 17:59:30.943,1.166,1.1663,26.80,3.80
2009.02.25 17:59:31.183,1.166,1.1663,24.00,3.80
2009.02.25 17:59:31.873,1.166,1.1663,26.80,3.80
2009.02.25 17:59:32.332,1.16605,1.1663,8.00,3.80
2009.02.25 17:59:32.842,1.166,1.1663,31.60,3.40
2009.02.25 17:59:33.053,1.166,1.1662,26.00,3.80
2009.02.25 17:59:33.442,1.166,1.1662,24.00,3.80
2009.02.25 17:59:36.322,1.166,1.1662,26.80,3.80
2009.02.25 17:59:39.231,1.166,1.1662,24.00,3.80
2009.02.25 17:59:39.351,1.166,1.1662,26.80,3.80
2009.02.25 17:59:40.881,1.166,1.1662,24.00,3.80
2009.02.25 17:59:41.300,1.166,1.1662,26.80,3.80
2009.02.25 17:59:41.861,1.166,1.1662,24.00,3.80
2009.02.25 17:59:42.370,1.166,1.1662,11.20,3.80
2009.02.25 17:59:43.380,1.166,1.1661,6.40,1.00
2009.02.25 17:59:47.709,1.166,1.16615,14.20,6.20
2009.02.25 17:59:47.939,1.166,1.1662,19.20,3.80
2009.02.25 17:59:52.978,1.166,1.1662,22.20,3.80
2009.02.25 17:59:54.717,1.166,1.1662,19.20,3.80
2009.02.25 17:59:55.297,1.166,1.1662,22.20,3.80
2009.02.25 17:59:55.707,1.166,1.16625,19.20,3.00
2009.02.25 17:59:56.167,1.16605,1.1663,8.00,1.60
2009.02.25 17:59:58.196,1.16605,1.1663,8.80,1.60
2009.02.25 17:59:58.606,1.1661,1.1663,8.00,1.60
2009.02.25 17:59:59.416,1.16605,1.1663,12.80,1.60
2009.02.25 17:59:59.816,1.166,1.1662,20.80,1.00
