2007.06.07 05:00:00.471,1.2167,1.217,8.50,28.80
2007.06.07 05:00:01.695,1.2166,1.217,51.10,31.20
2007.06.07 05:00:01.909,1.2167,1.2169,10.80,4.00
2007.06.07 05:00:04.716,1.2167,1.217,33.60,31.20
2007.06.07 05:00:04.771,1.2167,1.217,33.60,28.80
2007.06.07 05:00:05.081,1.2167,1.217,36.00,28.80
2007.06.07 05:00:05.188,1.2167,1.217,38.40,28.80
2007.06.07 05:00:05.730,1.2167,1.217,46.40,28.80
2007.06.07 05:00:09.499,1.21665,1.217,48.00,28.80
2007.06.07 05:00:44.196,1.2167,1.217,44.00,28.80
2007.06.07 05:00:44.221,1.2167,1.217,36.00,31.20
2007.06.07 05:00:44.288,1.2167,1.217,33.60,31.20
2007.06.07 05:00:46.267,1.2167,1.217,33.60,28.80
2007.06.07 05:00:46.281,1.2167,1.217,36.00,28.80
2007.06.07 05:00:46.698,1.2167,1.217,38.40,28.80
2007.06.07 05:00:47.284,1.2167,1.217,46.40,28.80
2007.06.07 05:00:54.181,1.2167,1.2169,40.10,4.00
2007.06.07 05:00:54.286,1.2167,1.2169,28.20,4.00
2007.06.07 05:00:54.379,1.2167,1.2169,20.20,8.00
2007.06.07 05:00:55.612,1.2167,1.2169,20.20,12.00
2007.06.07 05:00:56.151,1.2167,1.2169,11.40,12.00
2007.06.07 05:00:56.240,1.2167,1.2169,3.40,12.00
2007.06.07 05:00:59.458,1.2167,1.2168,3.40,4.00
2007.06.07 05:01:03.334,1.2167,1.2168,7.40,4.00
2007.06.07 05:01:03.555,1.2167,1.2169,7.40,12.00
2007.06.07 05:01:03.765,1.2167,1.2169,3.40,16.00
2007.06.07 05:01:04.174,1.2167,1.2169,3.40,18.40
2007.06.07 05:01:04.353,1.2167,1.2169,3.40,20.80
2007.06.07 05:01:04.785,1.2167,1.2169,3.40,28.80
2007.06.07 05:01:06.962,1.2167,1.2168,3.40,4.00
2007.06.07 05:01:08.192,1.2167,1.2168,3.40,8.00
2007.06.07 05:01:09.099,1.2167,1.2168,3.40,12.00
2007.06.07 05:01:11.741,1.2167,1.2168,3.40,8.00
2007.06.07 05:01:12.088,1.2167,1.2168,3.40,4.00
2007.06.07 05:01:12.245,1.2167,1.2168,3.40,8.00
2007.06.07 05:01:15.528,1.2167,1.2169,3.40,32.80
2007.06.07 05:01:16.614,1.2167,1.2169,3.40,28.80
2007.06.07 05:01:20.770,1.2166,1.2169,41.70,28.80
2007.06.07 05:01:21.205,1.2167,1.2169,7.40,24.00
2007.06.07 05:01:21.525,1.2168,1.2169,1.60,12.00
2007.06.07 05:01:21.643,1.2168,1.217,1.00,20.80
2007.06.07 05:01:21.713,1.2167,1.217,37.60,16.80
2007.06.07 05:01:22.056,1.2168,1.217,0.80,12.80
2007.06.07 05:01:22.162,1.2167,1.217,37.60,12.00
2007.06.07 05:01:22.690,1.2168,1.217,0.50,8.00
2007.06.07 05:01:24.344,1.2167,1.217,37.60,12.00
2007.06.07 05:01:25.094,1.2168,1.217,2.40,16.00
2007.06.07 05:01:30.339,1.2167,1.217,50.40,12.00
2007.06.07 05:01:32.710,1.21665,1.217,54.40,12.00
2007.06.07 05:01:32.809,1.2167,1.217,18.50,16.00
2007.06.07 05:01:33.212,1.2167,1.217,22.40,18.40
2007.06.07 05:01:33.322,1.21665,1.217,48.00,20.80
2007.06.07 05:01:33.490,1.2167,1.217,46.40,16.80
2007.06.07 05:01:33.819,1.2168,1.217,4.00,24.80
2007.06.07 05:01:34.115,1.2168,1.217,3.00,20.80
2007.06.07 05:01:34.136,1.2167,1.217,46.40,18.40
2007.06.07 05:01:34.219,1.2168,1.217,6.20,14.40
2007.06.07 05:01:34.241,1.2168,1.217,7.60,12.00
2007.06.07 05:01:34.340,1.2168,1.2171,1.00,20.80
2007.06.07 05:01:34.479,1.2167,1.2171,56.80,18.40
2007.06.07 05:01:34.732,1.2168,1.2171,1.50,18.40
2007.06.07 05:01:35.270,1.2168,1.217,3.00,4.00
2007.06.07 05:01:35.455,1.2168,1.217,1.50,8.00
2007.06.07 05:01:36.148,1.2168,1.217,0.60,12.00
2007.06.07 05:01:40.817,1.2167,1.217,44.00,12.80
2007.06.07 05:01:40.924,1.2168,1.217,1.00,13.60
2007.06.07 05:01:41.070,1.2167,1.21685,41.70,1.60
2007.06.07 05:01:41.248,1.2166,1.21685,44.10,1.60
2007.06.07 05:01:41.454,1.2166,1.21685,44.10,1.60
2007.06.07 05:01:44.214,1.2166,1.21685,44.10,1.60
2007.06.07 05:01:46.350,1.21665,1.2169,5.00,34.40
2007.06.07 05:01:46.919,1.2167,1.21685,1.90,1.60
2007.06.07 05:01:48.223,1.2166,1.21685,32.90,1.60
2007.06.07 05:01:50.780,1.2167,1.21685,4.00,1.60
2007.06.07 05:01:57.759,1.2167,1.21685,8.00,1.60
2007.06.07 05:02:03.187,1.2167,1.21685,8.10,1.60
2007.06.07 05:02:03.710,1.2167,1.21685,4.10,1.60
2007.06.07 05:02:04.118,1.2167,1.21685,4.00,1.60
2007.06.07 05:02:09.260,1.2167,1.21685,8.00,1.60
2007.06.07 05:02:09.783,1.2167,1.21685,4.00,1.60
2007.06.07 05:02:15.214,1.2167,1.21685,8.00,1.60
2007.06.07 05:02:16.268,1.2167,1.21685,4.00,1.60
2007.06.07 05:02:19.738,1.2167,1.21685,8.00,1.60
2007.06.07 05:02:20.911,1.2167,1.2169,8.00,43.90
2007.06.07 05:02:21.176,1.2167,1.2169,8.10,32.00
2007.06.07 05:02:21.256,1.2167,1.21695,8.10,32.00
2007.06.07 05:02:22.596,1.2167,1.2169,8.10,26.40
2007.06.07 05:02:22.806,1.2167,1.2169,8.10,30.40
2007.06.07 05:02:23.895,1.2167,1.21685,8.10,1.60
2007.06.07 05:02:23.949,1.2167,1.21685,8.00,1.60
2007.06.07 05:02:24.651,1.2167,1.21685,12.80,1.60
2007.06.07 05:02:24.838,1.2167,1.21685,20.80,1.60
2007.06.07 05:02:25.064,1.2167,1.2169,20.80,16.00
2007.06.07 05:02:26.090,1.2167,1.2169,20.80,12.00
2007.06.07 05:02:27.716,1.2167,1.2169,36.70,8.00
2007.06.07 05:02:27.798,1.2167,1.2169,39.10,8.00
2007.06.07 05:02:27.891,1.2167,1.217,43.10,32.80
2007.06.07 05:02:30.305,1.2168,1.217,4.00,32.80
2007.06.07 05:02:30.371,1.2168,1.217,8.00,28.80
2007.06.07 05:02:30.454,1.2168,1.217,12.00,20.80
2007.06.07 05:02:30.611,1.2168,1.217,12.00,18.40
2007.06.07 05:02:30.719,1.2168,1.217,12.00,16.00
2007.06.07 05:02:30.817,1.2168,1.217,23.90,8.00
2007.06.07 05:02:30.912,1.2168,1.217,23.90,4.00
2007.06.07 05:02:31.607,1.2168,1.2171,23.90,31.20
2007.06.07 05:02:34.285,1.2168,1.2171,28.70,31.20
2007.06.07 05:02:34.705,1.2168,1.2171,36.70,27.20
2007.06.07 05:02:35.921,1.2168,1.217,32.70,8.00
2007.06.07 05:02:37.330,1.2168,1.217,16.80,12.00
2007.06.07 05:02:37.448,1.2168,1.2169,16.80,8.00
2007.06.07 05:02:38.119,1.2168,1.2169,14.40,8.00
2007.06.07 05:02:38.232,1.2168,1.2169,8.00,8.00
2007.06.07 05:02:38.267,1.2167,1.2169,22.40,8.00
2007.06.07 05:02:38.333,1.2167,1.2169,20.00,8.00
2007.06.07 05:02:38.351,1.2167,1.2169,16.00,8.00
2007.06.07 05:02:39.057,1.2167,1.2169,14.40,8.00
2007.06.07 05:02:41.035,1.2166,1.2169,57.50,8.00
2007.06.07 05:02:44.147,1.2166,1.2169,57.50,12.00
2007.06.07 05:02:44.208,1.2167,1.2169,2.50,12.00
2007.06.07 05:02:44.245,1.2167,1.2169,1.60,12.00
2007.06.07 05:02:45.614,1.2167,1.2169,0.60,16.00
2007.06.07 05:02:46.005,1.2167,1.2169,4.90,16.00
2007.06.07 05:02:46.219,1.2167,1.2169,16.90,12.00
2007.06.07 05:02:46.248,1.2168,1.2169,1.60,12.00
2007.06.07 05:02:46.662,1.2167,1.2169,16.90,14.40
2007.06.07 05:02:46.732,1.2168,1.2169,0.80,30.40
2007.06.07 05:02:47.012,1.2166,1.2169,42.40,30.40
2007.06.07 05:02:47.277,1.2167,1.2169,2.20,32.80
2007.06.07 05:02:47.321,1.2167,1.2169,1.40,28.80
2007.06.07 05:02:47.646,1.2166,1.2169,48.80,20.80
2007.06.07 05:02:47.783,1.2166,1.2169,48.80,18.40
2007.06.07 05:02:48.197,1.2166,1.2169,48.80,16.00
2007.06.07 05:03:00.444,1.2166,1.2169,42.40,12.00
2007.06.07 05:03:05.734,1.2168,1.2169,1.30,12.00
2007.06.07 05:03:05.854,1.2168,1.2169,0.60,8.00
2007.06.07 05:03:06.137,1.21675,1.2169,5.60,10.40
2007.06.07 05:03:06.151,1.2168,1.2169,1.40,6.40
2007.06.07 05:03:06.257,1.2166,1.2169,40.90,20.80
2007.06.07 05:03:06.327,1.2166,1.2169,48.80,24.80
2007.06.07 05:03:06.355,1.2166,1.2169,46.40,24.80
2007.06.07 05:03:07.149,1.2167,1.2169,0.50,16.80
2007.06.07 05:03:07.194,1.2166,1.2169,46.40,12.00
2007.06.07 05:03:07.299,1.2166,1.2169,46.40,16.00
2007.06.07 05:03:09.256,1.2167,1.2169,2.00,20.00
2007.06.07 05:03:09.396,1.2167,1.2169,1.90,22.40
2007.06.07 05:03:09.501,1.2167,1.2169,1.20,34.30
2007.06.07 05:03:09.593,1.2167,1.2168,2.20,4.00
2007.06.07 05:03:09.718,1.2167,1.2168,1.90,8.00
2007.06.07 05:03:10.616,1.2167,1.2168,4.10,12.00
2007.06.07 05:03:13.748,1.2167,1.2168,4.10,8.00
2007.06.07 05:03:14.369,1.2167,1.2168,4.10,4.00
2007.06.07 05:03:14.675,1.2167,1.2169,4.10,18.40
2007.06.07 05:03:22.277,1.2167,1.2169,4.10,23.20
2007.06.07 05:03:22.727,1.2167,1.2169,4.10,31.20
2007.06.07 05:03:34.761,1.2167,1.2169,4.10,28.80
2007.06.07 05:03:36.628,1.2167,1.2169,4.10,26.40
2007.06.07 05:03:36.672,1.2167,1.2169,4.10,18.40
2007.06.07 05:03:36.734,1.2167,1.2169,4.10,16.00
2007.06.07 05:03:36.791,1.2167,1.2169,4.10,12.00
2007.06.07 05:03:40.240,1.2167,1.2169,8.10,12.00
2007.06.07 05:03:40.303,1.2167,1.217,8.10,43.90
2007.06.07 05:03:40.783,1.2167,1.217,12.10,40.70
2007.06.07 05:03:40.877,1.2167,1.2169,14.40,0.60
2007.06.07 05:03:41.615,1.2167,1.2169,14.40,0.50
2007.06.07 05:03:42.194,1.2167,1.2169,26.30,0.70
2007.06.07 05:03:42.291,1.2167,1.2169,28.70,0.70
2007.06.07 05:03:42.693,1.2167,1.217,31.10,32.80
2007.06.07 05:03:43.210,1.2167,1.217,39.10,32.80
2007.06.07 05:03:51.765,1.2167,1.2169,32.80,0.70
2007.06.07 05:03:51.858,1.2167,1.2169,20.90,0.60
2007.06.07 05:03:54.217,1.2167,1.217,36.80,31.20
2007.06.07 05:03:54.321,1.2167,1.217,39.10,31.20
2007.06.07 05:03:59.400,1.2167,1.217,43.10,0.80
2007.06.07 05:04:03.462,1.2167,1.2169,39.10,0.50
2007.06.07 05:04:05.914,1.2167,1.21705,43.10,34.40
2007.06.07 05:04:07.046,1.2167,1.217,39.10,32.80
2007.06.07 05:04:08.078,1.2167,1.217,43.10,0.90
2007.06.07 05:04:09.108,1.2167,1.21705,40.70,34.40
2007.06.07 05:04:09.154,1.2167,1.21705,32.70,34.40
2007.06.07 05:04:09.217,1.2167,1.217,30.30,0.60
2007.06.07 05:04:09.591,1.2167,1.217,30.30,28.80
2007.06.07 05:04:10.098,1.2167,1.217,31.10,28.80
2007.06.07 05:04:10.143,1.21675,1.217,1.60,28.80
2007.06.07 05:04:10.249,1.2168,1.217,4.00,28.80
2007.06.07 05:04:10.652,1.2168,1.217,6.40,28.80
2007.06.07 05:04:10.759,1.2168,1.217,6.40,26.40
2007.06.07 05:04:14.786,1.2168,1.2169,2.40,4.00
2007.06.07 05:04:15.196,1.2167,1.2169,30.30,4.00
2007.06.07 05:04:15.685,1.2167,1.2169,38.30,4.00
2007.06.07 05:04:15.715,1.2168,1.2169,4.00,4.00
2007.06.07 05:04:15.793,1.2168,1.217,4.00,16.00
2007.06.07 05:04:16.374,1.2168,1.217,4.00,0.90
2007.06.07 05:04:18.687,1.2167,1.21705,38.30,17.60
2007.06.07 05:04:18.864,1.2167,1.21705,18.40,29.50
2007.06.07 05:04:19.280,1.2167,1.21705,18.40,34.30
2007.06.07 05:04:19.609,1.2167,1.217,18.40,0.60
2007.06.07 05:04:19.891,1.2167,1.21705,30.30,34.40
2007.06.07 05:04:21.095,1.2167,1.21705,30.30,30.40
2007.06.07 05:04:21.172,1.2167,1.21705,32.70,30.40
2007.06.07 05:04:21.291,1.2167,1.21705,35.10,30.40
2007.06.07 05:04:21.694,1.2167,1.21695,32.70,0.70
2007.06.07 05:04:21.785,1.2167,1.2169,28.80,0.90
2007.06.07 05:04:22.305,1.2167,1.21695,28.80,8.00
2007.06.07 05:04:23.229,1.2167,1.2169,26.40,0.80
2007.06.07 05:04:23.242,1.2167,1.2169,18.40,0.60
2007.06.07 05:04:25.680,1.2167,1.21695,30.30,18.40
2007.06.07 05:04:25.692,1.2168,1.21695,4.00,16.00
2007.06.07 05:04:25.775,1.2168,1.2169,4.00,0.90
2007.06.07 05:04:26.716,1.2168,1.2169,4.00,0.80
2007.06.07 05:04:27.677,1.2167,1.217,19.20,41.60
2007.06.07 05:04:27.792,1.2167,1.2169,19.20,0.70
2007.06.07 05:04:27.987,1.2167,1.2169,18.40,0.60
2007.06.07 05:04:29.624,1.2167,1.21695,18.40,16.00
2007.06.07 05:04:29.735,1.2169,1.21695,4.00,12.80
2007.06.07 05:04:29.751,1.2169,1.21695,4.00,5.60
2007.06.07 05:04:29.856,1.2169,1.21705,4.00,24.80
2007.06.07 05:04:30.144,1.2169,1.21705,4.00,24.00
2007.06.07 05:04:30.252,1.2169,1.21705,4.00,20.00
2007.06.07 05:04:31.170,1.2169,1.21705,4.00,12.00
2007.06.07 05:04:32.182,1.2168,1.21705,23.60,16.00
2007.06.07 05:04:32.333,1.2168,1.21705,20.00,20.00
2007.06.07 05:04:32.414,1.2168,1.21705,16.00,20.00
2007.06.07 05:04:32.590,1.2168,1.2169,16.00,0.70
2007.06.07 05:04:32.716,1.2168,1.217,9.60,31.20
2007.06.07 05:04:32.814,1.2168,1.217,1.60,39.20
2007.06.07 05:04:33.196,1.2167,1.217,18.40,40.00
2007.06.07 05:04:36.731,1.2167,1.21695,18.40,16.00
2007.06.07 05:04:36.736,1.2167,1.2169,18.40,0.70
2007.06.07 05:04:37.238,1.2167,1.21695,23.20,9.60
2007.06.07 05:04:39.608,1.2167,1.2169,20.80,0.60
2007.06.07 05:04:39.656,1.2167,1.2169,20.80,0.50
2007.06.07 05:04:39.704,1.2167,1.21695,18.40,18.40
2007.06.07 05:04:40.221,1.21675,1.2169,1.60,0.80
2007.06.07 05:04:40.639,1.21675,1.217,1.60,37.60
2007.06.07 05:04:40.747,1.2168,1.217,4.00,29.60
2007.06.07 05:04:40.815,1.2168,1.2169,4.00,0.80
2007.06.07 05:04:41.729,1.2168,1.21705,4.00,31.20
2007.06.07 05:05:07.646,1.2168,1.217,4.00,32.00
2007.06.07 05:05:07.740,1.2167,1.2169,39.10,0.60
2007.06.07 05:05:07.823,1.2167,1.217,19.20,40.00
2007.06.07 05:05:08.023,1.2167,1.2169,18.40,0.90
2007.06.07 05:05:09.689,1.2168,1.21695,4.00,13.60
2007.06.07 05:05:09.714,1.2168,1.2169,0.70,0.50
2007.06.07 05:05:09.895,1.21675,1.217,5.60,29.60
2007.06.07 05:05:10.636,1.2168,1.217,0.90,0.70
2007.06.07 05:05:13.595,1.2168,1.217,6.40,29.60
2007.06.07 05:05:13.709,1.2168,1.217,20.80,12.80
2007.06.07 05:05:14.010,1.2168,1.217,20.80,12.00
2007.06.07 05:05:14.208,1.2168,1.217,32.70,12.00
2007.06.07 05:05:14.316,1.2168,1.217,32.70,8.00
2007.06.07 05:05:16.702,1.2168,1.217,30.30,8.00
2007.06.07 05:05:16.745,1.2168,1.217,14.40,16.00
2007.06.07 05:05:17.318,1.2168,1.217,14.40,18.40
2007.06.07 05:05:18.779,1.2168,1.217,15.10,18.40
2007.06.07 05:05:26.227,1.2168,1.217,7.10,26.40
2007.06.07 05:05:26.243,1.2168,1.217,0.70,28.80
2007.06.07 05:05:28.618,1.2168,1.2169,0.70,4.00
2007.06.07 05:05:29.033,1.2168,1.2169,0.70,12.00
2007.06.07 05:05:30.148,1.2168,1.2169,3.10,8.00
2007.06.07 05:05:30.244,1.2168,1.2169,7.10,8.00
2007.06.07 05:05:30.667,1.2168,1.2169,0.70,12.00
2007.06.07 05:05:31.782,1.2168,1.2169,0.70,16.00
2007.06.07 05:05:33.991,1.2167,1.2169,20.90,16.00
2007.06.07 05:05:34.034,1.21675,1.2169,1.60,16.00
2007.06.07 05:05:34.141,1.21675,1.2169,1.60,18.40
2007.06.07 05:05:34.237,1.2167,1.2169,16.10,20.80
2007.06.07 05:05:34.366,1.2167,1.2169,8.10,28.80
2007.06.07 05:05:50.172,1.2167,1.2169,12.10,24.80
2007.06.07 05:05:50.385,1.2167,1.2169,16.10,16.80
2007.06.07 05:05:51.913,1.2167,1.2169,18.40,16.80
2007.06.07 05:05:52.197,1.2167,1.2169,18.40,12.00
2007.06.07 05:05:52.296,1.2167,1.217,30.30,32.80
2007.06.07 05:05:53.660,1.21675,1.217,1.60,32.80
2007.06.07 05:05:58.928,1.21675,1.217,1.60,0.80
2007.06.07 05:06:00.327,1.21675,1.217,1.60,0.80
2007.06.07 05:07:00.048,1.21675,1.2169,1.60,0.80
2007.06.07 05:07:00.262,1.21675,1.2169,1.60,3.20
2007.06.07 05:07:00.273,1.21675,1.2169,1.60,11.20
2007.06.07 05:07:00.368,1.21675,1.2169,1.60,15.20
2007.06.07 05:07:00.775,1.21675,1.2169,1.60,19.20
2007.06.07 05:07:00.861,1.21675,1.2169,1.60,21.60
2007.06.07 05:07:01.281,1.21675,1.2169,1.60,29.60
2007.06.07 05:07:11.066,1.21675,1.2169,1.60,28.80
2007.06.07 05:07:11.297,1.21675,1.2169,1.60,24.00
2007.06.07 05:07:11.448,1.21675,1.2169,1.60,8.00
2007.06.07 05:07:14.946,1.21675,1.217,1.60,32.80
2007.06.07 05:07:16.303,1.21675,1.217,0.80,32.80
2007.06.07 05:07:19.010,1.2167,1.2169,40.60,8.00
2007.06.07 05:07:21.763,1.2167,1.2169,20.00,16.00
2007.06.07 05:07:22.068,1.21675,1.2169,0.80,16.80
2007.06.07 05:07:22.232,1.2167,1.2169,17.60,19.20
2007.06.07 05:07:22.329,1.2167,1.2169,17.60,21.60
2007.06.07 05:07:22.662,1.2167,1.2169,9.60,29.60
2007.06.07 05:07:35.141,1.2167,1.2169,14.40,24.80
2007.06.07 05:07:35.264,1.2167,1.2169,38.40,12.80
2007.06.07 05:07:35.368,1.2167,1.2169,40.60,8.80
2007.06.07 05:07:36.045,1.21675,1.2169,1.10,8.00
2007.06.07 05:07:39.021,1.2167,1.217,44.60,32.80
2007.06.07 05:07:39.170,1.2167,1.217,42.20,36.80
2007.06.07 05:07:39.217,1.2167,1.2169,24.00,4.00
2007.06.07 05:07:39.266,1.21675,1.2169,0.90,6.40
2007.06.07 05:07:39.301,1.2167,1.2169,24.00,10.40
2007.06.07 05:07:39.407,1.21675,1.2169,1.10,18.40
2007.06.07 05:07:39.670,1.2167,1.2169,17.60,20.80
2007.06.07 05:07:40.034,1.2167,1.2169,17.60,21.60
2007.06.07 05:07:40.232,1.21675,1.2169,0.80,29.60
2007.06.07 05:07:57.241,1.2167,1.2169,8.00,29.60
2007.06.07 05:07:58.625,1.2167,1.2169,8.00,33.60
2007.06.07 05:07:58.681,1.21675,1.2169,1.60,28.80
2007.06.07 05:07:58.950,1.21675,1.2169,1.60,20.80
2007.06.07 05:07:59.077,1.21675,1.2169,1.60,16.00
2007.06.07 05:07:59.971,1.21675,1.2169,1.60,12.00
2007.06.07 05:08:00.493,1.2167,1.2169,22.40,12.00
2007.06.07 05:08:02.684,1.21665,1.2169,22.40,12.00
2007.06.07 05:08:02.866,1.21665,1.2169,22.40,16.00
2007.06.07 05:08:03.076,1.21665,1.2169,22.40,16.80
2007.06.07 05:08:03.292,1.21665,1.2169,20.00,19.20
2007.06.07 05:08:03.807,1.21665,1.2169,20.00,20.00
2007.06.07 05:08:03.905,1.21665,1.2169,11.90,28.80
2007.06.07 05:08:04.001,1.21665,1.2168,11.90,4.00
2007.06.07 05:08:04.119,1.21665,1.2168,9.50,4.00
2007.06.07 05:08:15.370,1.21665,1.2168,9.50,8.00
2007.06.07 05:08:21.897,1.2167,1.2168,9.50,8.00
2007.06.07 05:08:22.497,1.2167,1.2169,9.60,33.60
2007.06.07 05:08:24.104,1.21675,1.2169,0.60,29.60
2007.06.07 05:08:28.763,1.21675,1.2169,1.60,30.40
2007.06.07 05:08:28.789,1.21675,1.2169,1.60,31.20
2007.06.07 05:08:28.855,1.2167,1.2169,7.90,31.20
2007.06.07 05:08:28.899,1.2167,1.2168,7.90,8.00
2007.06.07 05:08:31.201,1.2167,1.2168,7.90,4.00
2007.06.07 05:08:41.769,1.21675,1.2168,1.60,4.00
2007.06.07 05:08:42.503,1.21675,1.2169,1.60,29.60
2007.06.07 05:08:44.797,1.2167,1.2169,9.50,29.60
2007.06.07 05:08:53.096,1.21675,1.2169,1.60,25.60
2007.06.07 05:08:53.959,1.21675,1.2169,1.60,29.60
2007.06.07 05:09:17.721,1.21675,1.2169,1.60,24.80
2007.06.07 05:09:17.833,1.21675,1.2169,1.60,12.80
2007.06.07 05:09:18.034,1.21675,1.2169,1.60,12.00
2007.06.07 05:09:20.265,1.21675,1.2169,1.60,8.00
2007.06.07 05:09:20.466,1.21675,1.217,1.60,32.90
2007.06.07 05:09:20.658,1.21675,1.217,1.60,28.90
2007.06.07 05:09:20.784,1.21675,1.217,1.60,36.10
2007.06.07 05:09:20.876,1.21675,1.2169,1.60,8.00
2007.06.07 05:09:20.995,1.21675,1.2169,1.60,12.00
2007.06.07 05:09:21.078,1.21675,1.2169,1.60,13.60
2007.06.07 05:09:21.403,1.21675,1.2169,1.60,16.00
2007.06.07 05:09:21.684,1.21675,1.2169,1.60,24.00
2007.06.07 05:09:23.772,1.21675,1.2169,1.60,26.40
2007.06.07 05:09:25.281,1.21675,1.2169,1.60,38.30
2007.06.07 05:09:25.301,1.21675,1.2169,1.60,42.30
2007.06.07 05:09:25.814,1.2167,1.2169,4.00,42.30
2007.06.07 05:10:02.733,1.2167,1.2169,8.00,38.30
2007.06.07 05:10:02.935,1.2167,1.2169,8.00,30.40
2007.06.07 05:10:03.024,1.2167,1.2169,12.00,22.40
2007.06.07 05:10:10.741,1.2167,1.2169,8.00,26.40
2007.06.07 05:10:10.770,1.2167,1.2169,8.00,38.30
2007.06.07 05:10:10.963,1.2167,1.2169,4.00,34.40
2007.06.07 05:10:11.757,1.2167,1.2169,8.00,30.40
2007.06.07 05:10:12.082,1.2167,1.2169,12.00,22.40
2007.06.07 05:10:12.696,1.21675,1.2169,1.60,22.40
2007.06.07 05:10:34.442,1.21675,1.2169,1.60,18.40
2007.06.07 05:10:37.748,1.2167,1.2169,20.00,18.40
2007.06.07 05:10:40.152,1.21665,1.2169,21.60,18.40
2007.06.07 05:10:42.237,1.2167,1.2169,21.60,18.40
2007.06.07 05:10:59.616,1.21665,1.2169,21.60,18.40
2007.06.07 05:10:59.718,1.21665,1.2168,21.60,4.00
2007.06.07 05:11:02.729,1.2167,1.2168,21.60,4.00
2007.06.07 05:11:03.353,1.2167,1.2169,21.60,20.80
2007.06.07 05:11:03.452,1.2167,1.2169,21.60,18.40
2007.06.07 05:11:10.991,1.21675,1.2169,1.60,17.60
2007.06.07 05:11:12.687,1.21675,1.2169,1.60,12.80
2007.06.07 05:11:12.733,1.2168,1.2169,4.00,0.80
2007.06.07 05:11:13.039,1.2168,1.217,4.00,26.50
2007.06.07 05:11:15.679,1.2168,1.217,4.00,30.50
2007.06.07 05:11:15.832,1.21675,1.2169,1.60,4.00
2007.06.07 05:11:16.058,1.21675,1.2169,1.60,4.80
2007.06.07 05:11:16.187,1.21675,1.2169,1.60,7.20
2007.06.07 05:11:16.293,1.21675,1.2169,1.60,9.60
2007.06.07 05:11:16.668,1.21675,1.2169,1.60,17.60
2007.06.07 05:11:17.328,1.2167,1.2169,21.60,17.60
2007.06.07 05:11:40.286,1.2167,1.2169,24.00,15.20
2007.06.07 05:11:40.436,1.2167,1.2169,28.70,11.20
2007.06.07 05:11:41.042,1.2167,1.2169,28.70,10.40
2007.06.07 05:11:41.230,1.21665,1.2169,28.70,10.40
2007.06.07 05:11:41.252,1.2167,1.2169,1.40,10.40
2007.06.07 05:11:42.984,1.21665,1.2169,26.30,11.20
2007.06.07 05:11:43.092,1.21665,1.2169,24.00,11.20
2007.06.07 05:11:43.306,1.21665,1.2169,24.00,15.20
2007.06.07 05:11:43.613,1.21665,1.2169,20.00,19.20
2007.06.07 05:11:43.689,1.21665,1.2169,17.60,19.20
2007.06.07 05:11:43.801,1.2167,1.2169,0.80,21.60
2007.06.07 05:11:43.806,1.21665,1.2169,20.00,21.60
2007.06.07 05:11:44.662,1.2167,1.2169,2.50,19.20
2007.06.07 05:11:44.732,1.21665,1.2169,26.40,15.20
2007.06.07 05:11:44.851,1.2167,1.2169,1.50,15.20
2007.06.07 05:11:44.943,1.21665,1.2169,29.40,15.20
2007.06.07 05:11:45.043,1.2167,1.2169,8.00,14.40
2007.06.07 05:11:45.174,1.21665,1.2169,29.40,16.80
2007.06.07 05:11:45.268,1.2167,1.2169,8.70,16.80
2007.06.07 05:11:45.270,1.21665,1.2169,26.30,14.40
2007.06.07 05:11:46.041,1.2167,1.2169,16.70,18.40
2007.06.07 05:11:46.652,1.2167,1.2169,12.70,18.40
2007.06.07 05:11:46.705,1.2167,1.2169,6.30,20.80
2007.06.07 05:11:46.736,1.2167,1.2169,4.00,20.80
2007.06.07 05:11:47.223,1.2167,1.21685,4.00,1.60
2007.06.07 05:11:48.244,1.2167,1.21685,8.00,1.60
2007.06.07 05:11:59.934,1.2167,1.2169,8.00,25.60
2007.06.07 05:12:00.761,1.2167,1.2169,8.00,29.60
2007.06.07 05:12:03.654,1.2167,1.2169,10.40,29.60
2007.06.07 05:12:03.732,1.2167,1.2169,14.40,25.60
2007.06.07 05:12:03.747,1.2167,1.2169,14.40,23.20
2007.06.07 05:12:03.837,1.2167,1.2169,16.70,23.20
2007.06.07 05:12:04.107,1.2167,1.2169,16.70,22.40
2007.06.07 05:12:04.440,1.2167,1.2169,20.70,14.40
2007.06.07 05:12:06.156,1.2167,1.2169,16.70,18.40
2007.06.07 05:12:06.250,1.2167,1.2169,14.40,18.40
2007.06.07 05:12:06.716,1.2167,1.2169,12.00,20.80
2007.06.07 05:12:06.979,1.2167,1.2169,8.00,28.80
2007.06.07 05:12:07.086,1.2167,1.2169,8.00,29.60
2007.06.07 05:12:22.898,1.2167,1.2169,8.00,30.40
2007.06.07 05:12:22.939,1.2167,1.21685,8.00,1.60
2007.06.07 05:12:23.297,1.2167,1.21685,7.90,1.60
2007.06.07 05:12:24.263,1.2167,1.21685,3.90,1.60
2007.06.07 05:12:24.677,1.2167,1.21685,7.90,1.60
2007.06.07 05:12:24.878,1.2167,1.2169,7.90,33.60
2007.06.07 05:12:25.464,1.2167,1.2169,7.90,29.60
2007.06.07 05:12:27.607,1.2167,1.2169,7.90,25.60
2007.06.07 05:12:31.100,1.2167,1.2169,7.90,29.60
2007.06.07 05:12:42.051,1.2167,1.2169,7.90,30.40
2007.06.07 05:12:46.387,1.2167,1.2169,8.00,30.40
2007.06.07 05:12:46.492,1.2167,1.2169,10.30,30.40
2007.06.07 05:12:46.660,1.2167,1.2169,12.70,28.00
2007.06.07 05:12:46.672,1.2167,1.2169,10.40,28.00
2007.06.07 05:12:46.780,1.2167,1.2169,17.60,24.00
2007.06.07 05:12:46.871,1.2167,1.2169,25.60,20.00
2007.06.07 05:12:47.067,1.2167,1.2169,25.60,19.20
2007.06.07 05:12:47.108,1.2167,1.2169,25.60,15.20
2007.06.07 05:12:47.165,1.2167,1.2169,21.60,19.20
2007.06.07 05:12:47.170,1.2167,1.2169,19.20,21.60
2007.06.07 05:12:47.310,1.2167,1.2169,16.00,21.60
2007.06.07 05:12:47.381,1.2167,1.2169,8.00,25.60
2007.06.07 05:12:48.104,1.2167,1.2169,8.00,29.60
2007.06.07 05:12:55.660,1.2167,1.2169,10.40,27.20
2007.06.07 05:12:55.713,1.2167,1.2169,17.60,23.20
2007.06.07 05:12:55.835,1.2167,1.2169,19.80,23.20
2007.06.07 05:12:56.044,1.2167,1.2169,27.80,18.40
2007.06.07 05:12:56.110,1.2167,1.2169,27.80,14.40
2007.06.07 05:12:56.126,1.2167,1.2169,25.60,14.40
2007.06.07 05:12:56.172,1.2168,1.2169,4.00,14.40
2007.06.07 05:12:56.280,1.2167,1.2169,36.60,14.40
2007.06.07 05:12:56.334,1.2168,1.2169,8.00,10.40
2007.06.07 05:12:56.453,1.2167,1.2169,16.70,14.40
2007.06.07 05:12:58.591,1.2168,1.2169,0.70,14.40
2007.06.07 05:13:00.080,1.2168,1.2169,0.70,15.20
2007.06.07 05:13:00.184,1.2168,1.2169,0.70,19.20
2007.06.07 05:13:00.391,1.2167,1.2169,10.40,23.20
2007.06.07 05:13:00.702,1.2167,1.2169,14.40,19.20
2007.06.07 05:13:00.783,1.2167,1.2169,14.40,15.20
2007.06.07 05:13:00.889,1.2167,1.2169,16.70,15.20
2007.06.07 05:13:01.020,1.2167,1.2169,16.70,14.40
2007.06.07 05:13:02.121,1.2167,1.2169,16.70,18.40
2007.06.07 05:13:03.358,1.2167,1.2169,14.40,18.40
2007.06.07 05:13:03.453,1.2167,1.21685,14.40,1.60
2007.06.07 05:13:03.655,1.2167,1.21685,10.40,1.60
2007.06.07 05:13:04.169,1.2167,1.21685,8.00,1.60
2007.06.07 05:13:05.483,1.2167,1.2168,8.00,4.00
2007.06.07 05:13:06.505,1.2167,1.2168,7.90,4.00
2007.06.07 05:13:08.010,1.2167,1.2169,7.90,29.60
2007.06.07 05:13:12.983,1.2167,1.2169,7.90,30.40
2007.06.07 05:13:14.753,1.2167,1.21685,7.90,1.60
2007.06.07 05:13:54.902,1.2167,1.2168,7.90,4.00
2007.06.07 05:13:56.548,1.2167,1.2168,7.90,8.00
2007.06.07 05:13:57.164,1.2167,1.2168,8.00,8.00
2007.06.07 05:13:57.377,1.2167,1.21685,8.00,1.60
2007.06.07 05:13:57.825,1.2167,1.2169,8.00,34.40
2007.06.07 05:13:58.621,1.2167,1.2169,8.00,30.40
2007.06.07 05:14:00.303,1.2167,1.21685,8.00,1.60
2007.06.07 05:14:00.725,1.2167,1.21685,7.90,1.60
2007.06.07 05:14:32.823,1.2167,1.21685,8.00,1.60
2007.06.07 05:14:38.772,1.2167,1.2169,8.00,30.40
2007.06.07 05:14:40.166,1.2167,1.2169,8.00,26.40
2007.06.07 05:14:42.656,1.2167,1.2169,8.00,30.40
2007.06.07 05:14:45.445,1.2167,1.21685,8.00,1.60
2007.06.07 05:14:45.939,1.2167,1.21685,7.90,1.60
2007.06.07 05:14:58.159,1.2167,1.2169,7.90,34.40
2007.06.07 05:14:58.208,1.2167,1.2169,8.00,34.40
2007.06.07 05:14:59.617,1.2167,1.2169,8.00,30.40
2007.06.07 05:15:03.076,1.2167,1.2169,8.00,29.60
2007.06.07 05:15:03.791,1.2167,1.2169,8.00,25.60
2007.06.07 05:15:06.368,1.2167,1.21685,8.00,1.60
2007.06.07 05:15:10.248,1.2167,1.2169,8.00,27.20
2007.06.07 05:15:50.219,1.2167,1.2169,8.00,26.40
2007.06.07 05:15:51.141,1.2167,1.2169,8.00,22.40
2007.06.07 05:15:51.630,1.2167,1.2169,8.00,26.40
2007.06.07 05:15:54.230,1.2167,1.21685,8.00,1.60
2007.06.07 05:15:55.443,1.2167,1.2169,8.00,28.00
2007.06.07 05:16:55.029,1.2167,1.2169,8.00,26.40
2007.06.07 05:16:55.045,1.2167,1.2169,8.00,24.80
2007.06.07 05:16:55.140,1.2167,1.2169,10.40,22.40
2007.06.07 05:17:17.782,1.2167,1.2169,10.40,26.40
2007.06.07 05:17:17.893,1.2167,1.21685,10.40,1.60
2007.06.07 05:17:18.200,1.2167,1.21685,8.00,1.60
2007.06.07 05:18:15.615,1.2167,1.21685,7.30,1.60
2007.06.07 05:18:18.287,1.2167,1.21685,7.20,1.60
2007.06.07 05:18:54.222,1.2167,1.21685,3.20,1.60
2007.06.07 05:19:06.333,1.2167,1.21685,5.60,1.60
2007.06.07 05:19:06.389,1.2167,1.21685,13.60,1.60
2007.06.07 05:19:07.662,1.2167,1.2169,17.60,31.10
2007.06.07 05:19:07.811,1.2167,1.2169,17.70,19.20
2007.06.07 05:19:08.011,1.2167,1.2169,25.70,15.20
2007.06.07 05:19:08.121,1.2167,1.2169,25.70,11.20
2007.06.07 05:19:09.136,1.2167,1.21685,25.70,1.60
2007.06.07 05:19:09.339,1.2167,1.21685,21.70,1.60
2007.06.07 05:19:09.575,1.2167,1.21685,13.60,1.60
2007.06.07 05:19:20.729,1.2167,1.21685,17.60,1.60
2007.06.07 05:19:20.823,1.2167,1.2169,17.60,15.20
2007.06.07 05:19:21.337,1.2167,1.2169,25.60,11.20
2007.06.07 05:19:24.718,1.2167,1.2169,25.60,8.80
2007.06.07 05:19:24.756,1.2167,1.2169,25.70,8.80
2007.06.07 05:19:24.945,1.2167,1.2169,32.10,4.80
2007.06.07 05:19:25.021,1.2167,1.2169,34.50,4.80
2007.06.07 05:19:25.081,1.2167,1.2169,34.50,4.00
2007.06.07 05:19:25.167,1.2168,1.2169,8.00,4.00
2007.06.07 05:19:25.237,1.2168,1.2169,14.40,4.00
2007.06.07 05:19:25.273,1.2168,1.217,14.40,20.80
2007.06.07 05:19:25.346,1.2168,1.217,14.40,18.40
2007.06.07 05:19:25.754,1.2168,1.217,10.40,18.40
2007.06.07 05:19:26.109,1.2168,1.217,10.40,22.40
2007.06.07 05:19:26.167,1.2168,1.217,14.40,22.40
2007.06.07 05:19:26.303,1.2168,1.217,14.40,18.40
2007.06.07 05:19:26.717,1.2168,1.217,14.40,22.40
2007.06.07 05:19:26.776,1.2168,1.217,10.40,22.40
2007.06.07 05:19:35.302,1.2168,1.217,10.40,26.40
2007.06.07 05:19:35.332,1.2168,1.2169,10.40,4.00
2007.06.07 05:19:35.630,1.2168,1.2169,10.40,12.00
2007.06.07 05:19:36.137,1.2168,1.2169,10.40,8.00
2007.06.07 05:19:36.631,1.2168,1.2169,10.40,12.00
2007.06.07 05:19:36.663,1.2168,1.2169,10.40,4.00
2007.06.07 05:19:37.163,1.2168,1.217,10.40,14.40
2007.06.07 05:19:37.371,1.2168,1.217,14.40,14.40
2007.06.07 05:19:38.813,1.2168,1.217,14.40,18.40
2007.06.07 05:19:39.163,1.2168,1.217,4.20,18.40
2007.06.07 05:19:39.333,1.2168,1.217,1.60,18.40
2007.06.07 05:19:40.558,1.2168,1.217,5.10,18.40
2007.06.07 05:19:41.809,1.2167,1.217,47.90,14.40
2007.06.07 05:19:48.717,1.2168,1.217,4.30,10.40
2007.06.07 05:19:49.241,1.2168,1.217,1.60,14.40
2007.06.07 05:19:56.729,1.2168,1.217,2.00,14.40
2007.06.07 05:19:57.237,1.2168,1.217,24.00,14.40
2007.06.07 05:19:57.687,1.2169,1.217,3.60,14.40
2007.06.07 05:19:58.700,1.2169,1.217,2.30,10.40
2007.06.07 05:20:11.296,1.2169,1.217,10.40,14.40
2007.06.07 05:20:12.193,1.2169,1.217,10.40,18.40
2007.06.07 05:20:13.163,1.2169,1.217,10.40,22.40
2007.06.07 05:20:30.077,1.2169,1.217,10.40,14.40
2007.06.07 05:20:30.265,1.2169,1.217,10.40,18.40
2007.06.07 05:20:33.946,1.2169,1.217,10.40,18.40
2007.06.07 05:20:34.467,1.2169,1.217,10.40,18.40
2007.06.07 05:20:55.245,1.2169,1.217,8.00,18.40
2007.06.07 05:20:55.296,1.2168,1.2169,14.40,4.00
2007.06.07 05:20:55.668,1.2168,1.2169,14.40,6.40
2007.06.07 05:20:56.684,1.2169,1.21695,14.40,1.60
2007.06.07 05:20:56.906,1.2169,1.217,14.40,11.20
2007.06.07 05:20:57.009,1.2169,1.217,14.40,10.40
2007.06.07 05:20:57.113,1.2169,1.217,14.40,6.40
2007.06.07 05:20:57.209,1.2169,1.217,14.40,10.40
2007.06.07 05:21:01.702,1.2169,1.217,10.40,10.40
2007.06.07 05:21:01.779,1.2169,1.217,10.40,14.40
2007.06.07 05:21:01.872,1.2168,1.2169,14.40,8.00
2007.06.07 05:21:03.615,1.2169,1.217,10.40,22.40
2007.06.07 05:21:04.110,1.2169,1.217,10.40,18.40
2007.06.07 05:21:08.675,1.2169,1.217,10.40,14.40
2007.06.07 05:21:08.698,1.2169,1.217,14.40,14.40
2007.06.07 05:21:08.902,1.2169,1.217,14.40,10.40
2007.06.07 05:21:13.662,1.2169,1.21705,14.40,12.00
2007.06.07 05:21:30.334,1.2169,1.21705,14.40,4.00
2007.06.07 05:21:36.710,1.2168,1.21705,42.80,6.40
2007.06.07 05:21:37.034,1.2169,1.21705,0.80,0.50
2007.06.07 05:21:37.148,1.2169,1.2171,16.80,28.20
2007.06.07 05:21:37.247,1.2169,1.2171,16.80,28.20
2007.06.07 05:21:37.444,1.2169,1.21715,16.00,28.20
2007.06.07 05:21:40.194,1.2169,1.21715,16.00,24.20
2007.06.07 05:21:43.331,1.2169,1.2171,16.00,22.50
2007.06.07 05:21:43.931,1.2169,1.2171,20.00,14.50
2007.06.07 05:21:45.275,1.2169,1.2171,20.00,14.60
2007.06.07 05:21:45.372,1.217,1.2171,3.00,22.60
2007.06.07 05:21:47.314,1.217,1.2171,3.40,22.50
2007.06.07 05:21:47.820,1.2169,1.2171,20.00,14.50
2007.06.07 05:21:49.422,1.2169,1.2171,20.00,14.60
2007.06.07 05:21:49.823,1.2169,1.2171,24.00,10.60
2007.06.07 05:21:50.256,1.2169,1.2171,24.00,10.50
2007.06.07 05:21:51.123,1.2169,1.2171,26.40,8.10
2007.06.07 05:21:51.329,1.2169,1.2171,26.40,8.10
2007.06.07 05:21:51.652,1.217,1.2171,2.30,10.50
2007.06.07 05:21:51.689,1.2169,1.2171,42.30,10.50
2007.06.07 05:21:51.735,1.217,1.2171,0.60,10.50
2007.06.07 05:21:51.951,1.21695,1.2171,16.00,9.70
2007.06.07 05:21:51.979,1.21695,1.2171,16.00,6.60
2007.06.07 05:21:52.096,1.217,1.2171,4.30,6.60
2007.06.07 05:21:52.167,1.21695,1.2171,12.00,4.20
2007.06.07 05:21:52.256,1.21695,1.2171,18.40,4.20
2007.06.07 05:21:52.582,1.21695,1.2171,22.40,4.20
2007.06.07 05:21:52.689,1.217,1.2171,10.90,4.00
2007.06.07 05:21:52.818,1.217,1.2171,2.30,4.00
2007.06.07 05:21:54.137,1.217,1.2171,2.30,4.00
2007.06.07 05:21:54.211,1.21695,1.2171,22.80,6.40
2007.06.07 05:21:54.231,1.21695,1.2171,22.40,6.40
2007.06.07 05:21:54.752,1.217,1.2171,11.00,6.40
2007.06.07 05:21:55.115,1.21695,1.2171,24.80,4.00
2007.06.07 05:21:55.320,1.21695,1.2171,29.50,4.00
2007.06.07 05:21:55.393,1.217,1.2171,13.70,4.00
2007.06.07 05:21:56.326,1.2171,1.2172,2.40,11.20
2007.06.07 05:21:56.664,1.217,1.2172,17.50,13.60
2007.06.07 05:21:56.770,1.2171,1.2172,1.10,11.20
2007.06.07 05:21:57.051,1.21705,1.2172,5.60,9.60
2007.06.07 05:21:57.158,1.21705,1.2172,0.90,9.60
2007.06.07 05:21:57.177,1.21705,1.2172,0.80,6.40
2007.06.07 05:21:57.771,1.2172,1.2173,0.50,37.60
2007.06.07 05:21:57.993,1.2172,1.2173,1.80,6.40
2007.06.07 05:21:58.079,1.2172,1.2173,0.60,6.40
2007.06.07 05:21:59.259,1.2172,1.2173,2.00,6.40
2007.06.07 05:22:01.276,1.2172,1.2173,2.70,6.40
2007.06.07 05:22:02.321,1.2172,1.2173,5.50,6.40
2007.06.07 05:22:03.240,1.2171,1.2173,31.10,6.40
2007.06.07 05:22:03.245,1.2171,1.2173,20.00,10.40
2007.06.07 05:22:03.329,1.2171,1.2173,24.00,14.40
2007.06.07 05:22:04.132,1.2172,1.2173,8.00,18.40
2007.06.07 05:22:05.289,1.2172,1.2173,5.60,18.40
2007.06.07 05:22:05.412,1.2171,1.2172,18.40,4.00
2007.06.07 05:22:05.600,1.2171,1.2172,10.40,8.00
2007.06.07 05:22:06.339,1.2171,1.2172,10.40,4.00
2007.06.07 05:22:06.677,1.2171,1.2172,10.40,8.00
2007.06.07 05:22:06.946,1.2171,1.2172,16.80,8.00
2007.06.07 05:22:07.244,1.2172,1.2173,2.40,14.40
2007.06.07 05:22:07.283,1.2172,1.2173,2.40,18.40
2007.06.07 05:22:09.140,1.2172,1.2173,10.40,8.00
2007.06.07 05:22:09.156,1.2172,1.2173,10.40,4.00
2007.06.07 05:22:09.708,1.2172,1.2173,16.80,4.00
2007.06.07 05:22:10.006,1.2172,1.2174,16.80,20.80
2007.06.07 05:22:10.200,1.2172,1.2174,16.80,16.80
2007.06.07 05:22:10.975,1.2172,1.2174,24.80,12.80
2007.06.07 05:22:11.499,1.2172,1.2174,16.80,16.80
2007.06.07 05:22:11.912,1.2172,1.2174,24.80,12.80
2007.06.07 05:22:12.376,1.2172,1.21735,24.80,1.60
2007.06.07 05:22:12.419,1.2172,1.21735,16.80,1.60
2007.06.07 05:22:12.792,1.2172,1.21735,10.40,1.60
2007.06.07 05:22:12.826,1.2172,1.2173,10.40,4.00
2007.06.07 05:22:12.919,1.2172,1.2173,10.40,8.00
2007.06.07 05:22:13.049,1.2172,1.2173,10.40,4.00
2007.06.07 05:22:13.244,1.2172,1.2173,8.00,6.40
2007.06.07 05:22:13.347,1.2171,1.2173,18.40,6.40
2007.06.07 05:22:14.511,1.2171,1.2173,10.40,10.40
2007.06.07 05:22:15.279,1.2171,1.2173,19.20,8.00
2007.06.07 05:22:15.434,1.2171,1.2173,27.20,8.00
2007.06.07 05:22:15.735,1.2171,1.2173,27.20,12.00
2007.06.07 05:22:15.798,1.2172,1.2173,2.40,12.00
2007.06.07 05:22:16.136,1.2172,1.2173,10.40,12.00
2007.06.07 05:22:17.219,1.2172,1.2173,10.40,16.00
2007.06.07 05:22:18.113,1.2172,1.2173,10.40,12.00
2007.06.07 05:22:19.788,1.2172,1.2173,10.40,8.00
2007.06.07 05:22:21.253,1.2172,1.2173,16.80,8.00
2007.06.07 05:22:21.323,1.2172,1.2173,16.80,4.00
2007.06.07 05:22:21.415,1.2172,1.21735,16.80,1.60
2007.06.07 05:22:22.684,1.2172,1.2174,16.80,20.80
2007.06.07 05:22:23.402,1.2172,1.21735,16.80,1.60
2007.06.07 05:22:26.924,1.2172,1.2174,16.80,22.40
2007.06.07 05:22:27.121,1.2172,1.21735,16.80,9.60
2007.06.07 05:22:31.994,1.2172,1.21735,16.80,0.80
2007.06.07 05:22:33.786,1.2172,1.21745,16.80,30.50
2007.06.07 05:22:33.940,1.2172,1.2174,20.80,0.60
2007.06.07 05:22:34.132,1.2172,1.2174,20.80,0.90
2007.06.07 05:22:34.452,1.2172,1.21745,16.80,26.50
2007.06.07 05:22:35.356,1.2172,1.2174,20.80,0.60
2007.06.07 05:22:35.982,1.2172,1.2174,16.80,0.90
2007.06.07 05:22:36.645,1.2172,1.21745,10.40,30.50
2007.06.07 05:22:36.680,1.2172,1.21745,10.40,42.40
2007.06.07 05:22:36.944,1.2172,1.21735,10.40,0.50
2007.06.07 05:22:40.248,1.2172,1.21735,10.40,5.60
2007.06.07 05:22:40.437,1.2172,1.2173,10.40,0.50
2007.06.07 05:22:46.719,1.2172,1.21735,16.80,9.60
2007.06.07 05:22:46.739,1.2172,1.21735,16.80,5.60
2007.06.07 05:22:48.163,1.2172,1.21735,16.80,9.60
2007.06.07 05:22:58.225,1.2172,1.2173,10.40,8.00
2007.06.07 05:22:59.082,1.2172,1.2173,10.40,12.00
2007.06.07 05:23:00.375,1.2172,1.2173,10.40,8.00
2007.06.07 05:23:01.396,1.2172,1.2173,10.40,12.00
2007.06.07 05:23:02.508,1.2171,1.2172,18.40,4.00
2007.06.07 05:23:02.895,1.2172,1.2173,10.40,12.00
2007.06.07 05:23:05.059,1.2172,1.2173,10.40,8.00
2007.06.07 05:23:09.768,1.2172,1.2173,8.00,10.40
2007.06.07 05:23:09.844,1.2171,1.2172,16.80,4.00
2007.06.07 05:23:15.329,1.2171,1.2172,16.80,8.00
2007.06.07 05:23:25.145,1.2171,1.2172,19.20,8.00
2007.06.07 05:23:25.256,1.2172,1.2173,2.40,12.80
2007.06.07 05:23:25.421,1.2172,1.2173,10.40,4.80
2007.06.07 05:23:29.271,1.2171,1.2172,16.80,8.00
2007.06.07 05:23:32.739,1.2172,1.21725,10.40,1.60
2007.06.07 05:23:35.821,1.2172,1.2173,10.20,7.20
2007.06.07 05:23:35.965,1.2171,1.2172,16.00,8.00
2007.06.07 05:23:36.136,1.2171,1.2172,16.60,8.00
2007.06.07 05:24:00.699,1.2171,1.2172,10.20,8.00
2007.06.07 05:24:00.749,1.2171,1.2172,10.20,12.00
2007.06.07 05:24:00.845,1.2171,1.2172,10.20,4.00
2007.06.07 05:24:01.161,1.217,1.2171,16.80,8.00
2007.06.07 05:24:01.217,1.217,1.2171,17.60,8.00
2007.06.07 05:24:01.280,1.217,1.2171,17.50,8.00
2007.06.07 05:24:01.723,1.217,1.2171,19.90,8.00
2007.06.07 05:24:01.776,1.217,1.2171,20.00,8.00
2007.06.07 05:24:01.884,1.217,1.2172,22.20,16.00
2007.06.07 05:24:02.112,1.217,1.2172,22.20,20.00
2007.06.07 05:24:02.300,1.217,1.2172,34.10,16.00
2007.06.07 05:24:06.807,1.217,1.2172,22.20,16.00
2007.06.07 05:24:07.653,1.217,1.2172,20.00,16.00
2007.06.07 05:24:07.667,1.217,1.2172,17.60,18.40
2007.06.07 05:24:07.760,1.217,1.2172,17.50,22.40
2007.06.07 05:24:07.773,1.217,1.21715,17.50,1.60
2007.06.07 05:24:08.179,1.217,1.21715,15.10,1.60
2007.06.07 05:24:08.670,1.217,1.21715,7.10,1.60
2007.06.07 05:24:09.215,1.217,1.21715,11.90,1.60
2007.06.07 05:24:09.302,1.217,1.2172,11.90,28.00
2007.06.07 05:24:09.320,1.217,1.2172,34.10,16.00
2007.06.07 05:24:15.385,1.217,1.2172,34.10,12.00
2007.06.07 05:24:15.785,1.217,1.2172,22.20,12.00
2007.06.07 05:24:19.643,1.217,1.2172,22.30,12.00
2007.06.07 05:24:33.285,1.217,1.2172,38.20,8.00
2007.06.07 05:24:38.248,1.217,1.2172,22.30,12.00
2007.06.07 05:25:06.634,1.217,1.2172,22.30,8.00
2007.06.07 05:25:07.196,1.217,1.2172,26.30,4.00
2007.06.07 05:25:07.467,1.217,1.21725,34.30,1.60
2007.06.07 05:25:08.528,1.217,1.21725,30.30,1.60
2007.06.07 05:25:10.729,1.217,1.2172,26.30,4.00
2007.06.07 05:25:11.347,1.217,1.2172,22.30,12.00
2007.06.07 05:25:11.630,1.217,1.2172,22.30,16.00
2007.06.07 05:25:16.161,1.217,1.2172,26.30,12.00
2007.06.07 05:25:16.280,1.217,1.2172,38.20,12.00
2007.06.07 05:25:20.707,1.217,1.2172,34.20,16.00
2007.06.07 05:25:21.216,1.217,1.2172,38.20,12.00
2007.06.07 05:25:23.269,1.217,1.2172,26.30,12.00
2007.06.07 05:25:23.647,1.217,1.2172,22.30,16.00
2007.06.07 05:25:30.471,1.217,1.2172,22.30,12.00
2007.06.07 05:25:46.136,1.217,1.2172,20.10,12.00
2007.06.07 05:25:47.845,1.217,1.2172,20.10,0.60
2007.06.07 05:25:51.724,1.217,1.2172,30.30,0.60
2007.06.07 05:25:52.631,1.217,1.21725,30.30,9.60
2007.06.07 05:25:53.830,1.217,1.2172,22.30,0.90
2007.06.07 05:25:56.595,1.217,1.21725,20.10,9.60
2007.06.07 05:25:56.629,1.217,1.21725,17.70,12.00
2007.06.07 05:25:56.758,1.217,1.21725,17.70,16.00
2007.06.07 05:25:57.015,1.217,1.21725,17.70,19.20
2007.06.07 05:25:57.231,1.217,1.21725,15.30,22.40
2007.06.07 05:25:57.644,1.217,1.21725,17.70,20.00
2007.06.07 05:25:57.726,1.217,1.2172,17.70,0.70
2007.06.07 05:25:57.749,1.217,1.2172,20.10,0.50
2007.06.07 05:25:57.940,1.217,1.2172,30.30,0.50
2007.06.07 05:25:58.040,1.217,1.21725,30.30,10.40
2007.06.07 05:25:58.155,1.217,1.21725,30.30,9.60
2007.06.07 05:25:59.591,1.217,1.21725,27.90,9.60
2007.06.07 05:25:59.687,1.217,1.21725,27.90,12.00
2007.06.07 05:25:59.727,1.217,1.2172,25.70,0.70
2007.06.07 05:25:59.940,1.217,1.2172,17.70,0.90
2007.06.07 05:26:00.035,1.217,1.2172,17.70,0.60
2007.06.07 05:26:00.206,1.217,1.21725,15.30,19.20
2007.06.07 05:26:00.651,1.217,1.2172,7.30,0.60
2007.06.07 05:26:01.664,1.217,1.2172,9.70,0.50
2007.06.07 05:26:01.778,1.217,1.2172,11.90,0.50
2007.06.07 05:26:02.083,1.217,1.2172,11.90,0.50
2007.06.07 05:26:03.825,1.217,1.21725,11.90,24.00
2007.06.07 05:26:04.042,1.217,1.21725,15.90,24.00
2007.06.07 05:26:06.942,1.217,1.2172,11.90,0.90
2007.06.07 05:26:18.171,1.217,1.2172,14.30,20.00
2007.06.07 05:26:18.222,1.217,1.2172,26.30,8.00
2007.06.07 05:26:18.306,1.217,1.2172,38.20,8.00
2007.06.07 05:26:18.714,1.217,1.2172,34.20,12.00
2007.06.07 05:26:19.191,1.217,1.2172,31.80,14.40
2007.06.07 05:26:19.239,1.217,1.2172,19.90,14.40
2007.06.07 05:26:19.321,1.217,1.2172,19.90,18.40
2007.06.07 05:26:46.711,1.217,1.2172,17.70,18.40
2007.06.07 05:26:46.807,1.217,1.21715,17.70,1.60
2007.06.07 05:26:47.208,1.217,1.21715,15.30,1.60
2007.06.07 05:26:47.220,1.217,1.21715,15.20,1.60
2007.06.07 05:26:47.717,1.217,1.21715,7.20,1.60
2007.06.07 05:26:49.148,1.217,1.21715,9.60,1.60
2007.06.07 05:26:49.246,1.217,1.21715,9.70,1.60
2007.06.07 05:26:49.252,1.217,1.2172,9.70,27.20
2007.06.07 05:26:49.328,1.217,1.2172,11.90,27.20
2007.06.07 05:26:50.041,1.217,1.2172,11.90,26.40
2007.06.07 05:27:11.729,1.2171,1.2172,6.40,26.40
2007.06.07 05:27:11.825,1.2171,1.2172,6.40,18.40
2007.06.07 05:27:12.808,1.2171,1.2172,6.40,10.40
2007.06.07 05:27:21.049,1.2171,1.2172,6.40,2.40
2007.06.07 05:27:25.680,1.2171,1.2173,8.80,28.80
2007.06.07 05:27:26.002,1.2171,1.2173,8.80,26.40
2007.06.07 05:27:26.442,1.2171,1.2173,8.80,22.40
2007.06.07 05:27:26.737,1.2171,1.2173,12.80,18.40
2007.06.07 05:27:28.154,1.2171,1.2173,8.80,22.40
2007.06.07 05:27:28.888,1.2171,1.2172,8.80,4.00
2007.06.07 05:27:30.222,1.2171,1.2172,12.80,4.00
2007.06.07 05:27:30.520,1.2171,1.2173,12.80,18.40
2007.06.07 05:27:31.911,1.2171,1.2172,8.80,4.00
2007.06.07 05:27:32.203,1.2171,1.2172,12.80,4.00
2007.06.07 05:27:32.632,1.2171,1.2173,12.80,18.40
2007.06.07 05:27:52.755,1.2171,1.2173,8.80,26.40
2007.06.07 05:27:52.793,1.2171,1.21725,8.80,1.60
2007.06.07 05:27:53.000,1.2171,1.2172,8.80,2.40
2007.06.07 05:27:53.203,1.2171,1.2172,6.40,2.40
2007.06.07 05:28:04.072,1.2171,1.21725,6.40,1.60
2007.06.07 05:28:04.178,1.2171,1.21725,8.80,1.60
2007.06.07 05:28:04.234,1.2171,1.21725,12.80,1.60
2007.06.07 05:28:04.508,1.2171,1.2173,12.80,19.20
2007.06.07 05:28:05.042,1.2171,1.2173,12.80,18.40
2007.06.07 05:28:20.651,1.2171,1.2173,8.80,22.40
2007.06.07 05:28:20.757,1.2171,1.2173,8.80,26.40
2007.06.07 05:28:20.899,1.2171,1.21725,8.80,1.60
2007.06.07 05:28:21.208,1.2171,1.21725,6.40,1.60
2007.06.07 05:28:48.077,1.2171,1.2172,6.40,4.00
2007.06.07 05:28:48.199,1.2171,1.2172,6.40,8.00
2007.06.07 05:28:52.780,1.2171,1.2172,6.40,0.50
2007.06.07 05:28:53.229,1.217,1.2172,38.00,0.80
2007.06.07 05:28:53.275,1.217,1.21725,24.00,16.00
2007.06.07 05:28:53.687,1.217,1.2172,20.00,0.50
2007.06.07 05:28:53.989,1.217,1.21725,17.60,20.80
2007.06.07 05:28:54.186,1.217,1.21725,15.20,20.80
2007.06.07 05:28:54.293,1.217,1.21725,15.20,23.20
2007.06.07 05:28:54.709,1.217,1.21725,7.20,31.20
2007.06.07 05:28:55.312,1.217,1.2172,7.20,31.20
2007.06.07 05:28:55.413,1.217,1.2172,7.00,31.20
2007.06.07 05:28:57.666,1.217,1.21715,11.80,0.60
2007.06.07 05:28:57.738,1.217,1.21715,12.00,0.60
2007.06.07 05:28:57.839,1.217,1.21715,14.10,0.90
2007.06.07 05:28:57.973,1.217,1.21725,14.10,30.40
2007.06.07 05:28:58.034,1.217,1.21725,14.10,29.60
2007.06.07 05:28:58.151,1.217,1.2172,18.10,0.90
2007.06.07 05:28:58.272,1.217,1.2172,15.70,0.50
2007.06.07 05:28:58.656,1.217,1.21725,11.70,32.00
2007.06.07 05:29:06.669,1.217,1.21725,15.70,28.00
2007.06.07 05:29:08.010,1.217,1.21725,16.50,28.00
2007.06.07 05:29:08.230,1.217,1.21725,28.40,28.00
2007.06.07 05:29:08.251,1.2171,1.21725,6.40,28.00
2007.06.07 05:29:08.321,1.2171,1.2172,6.40,0.60
2007.06.07 05:29:09.183,1.217,1.2172,23.10,26.40
2007.06.07 05:29:09.313,1.217,1.2172,11.20,27.20
2007.06.07 05:29:09.430,1.217,1.2171,7.00,0.80
2007.06.07 05:29:10.336,1.217,1.21715,9.20,9.60
2007.06.07 05:29:10.717,1.217,1.2172,11.60,28.80
2007.06.07 05:29:10.755,1.217,1.2171,11.70,0.50
2007.06.07 05:29:11.153,1.217,1.21725,11.70,24.00
2007.06.07 05:29:13.131,1.217,1.2172,11.70,0.50
2007.06.07 05:29:21.305,1.217,1.2172,9.60,0.60
2007.06.07 05:29:30.259,1.217,1.2172,9.60,22.40
2007.06.07 05:29:31.372,1.217,1.2172,11.70,22.40
2007.06.07 05:29:33.635,1.217,1.2172,11.70,18.40
2007.06.07 05:29:33.714,1.217,1.2172,9.60,18.40
2007.06.07 05:29:34.120,1.217,1.2172,9.60,22.40
2007.06.07 05:29:41.835,1.217,1.2172,11.70,22.40
2007.06.07 05:29:42.633,1.217,1.2172,11.70,18.40
2007.06.07 05:29:43.149,1.217,1.2172,11.70,22.40
2007.06.07 05:29:45.376,1.217,1.2171,11.70,34.30
2007.06.07 05:29:46.900,1.217,1.2171,9.40,16.00
2007.06.07 05:29:47.102,1.217,1.2171,9.60,41.50
2007.06.07 05:29:47.317,1.217,1.2171,9.40,44.90
2007.06.07 05:29:49.993,1.21695,1.2171,11.00,45.60
2007.06.07 05:29:50.295,1.21695,1.2171,11.20,0.30
2007.06.07 05:29:56.479,1.21695,1.2172,11.00,22.40
2007.06.07 05:29:56.572,1.217,1.2172,4.80,22.40
2007.06.07 05:30:06.213,1.21695,1.2172,11.00,23.20
2007.06.07 05:30:06.229,1.21695,1.2172,11.00,24.00
2007.06.07 05:30:06.312,1.217,1.2172,1.30,24.00
2007.06.07 05:30:06.551,1.217,1.2171,1.10,4.00
2007.06.07 05:30:06.728,1.217,1.2171,2.90,8.00
2007.06.07 05:30:06.835,1.217,1.2172,3.20,26.40
2007.06.07 05:30:12.213,1.21695,1.2172,10.80,27.20
2007.06.07 05:30:12.282,1.217,1.2172,3.90,28.00
2007.06.07 05:30:12.332,1.217,1.2171,2.30,8.00
2007.06.07 05:30:16.278,1.21695,1.2171,11.00,8.00
2007.06.07 05:30:16.478,1.217,1.2172,2.00,26.40
2007.06.07 05:30:16.775,1.217,1.2172,0.70,27.20
2007.06.07 05:30:16.800,1.2169,1.2172,59.70,28.00
2007.06.07 05:30:16.880,1.2169,1.2172,57.90,28.00
2007.06.07 05:30:16.905,1.2169,1.21715,57.10,1.60
2007.06.07 05:30:17.832,1.2169,1.21715,40.30,1.60
2007.06.07 05:30:18.649,1.217,1.21715,3.20,1.60
2007.06.07 05:30:18.740,1.21695,1.2172,10.80,28.00
2007.06.07 05:30:18.821,1.217,1.2172,5.00,23.20
2007.06.07 05:30:19.035,1.217,1.2172,4.10,22.40
2007.06.07 05:30:21.118,1.217,1.2172,9.40,26.40
2007.06.07 05:30:28.679,1.217,1.2172,9.40,27.20
2007.06.07 05:30:28.714,1.217,1.2172,9.40,28.00
2007.06.07 05:30:28.787,1.217,1.2172,9.20,32.00
2007.06.07 05:30:28.914,1.217,1.21715,9.20,1.60
2007.06.07 05:30:29.224,1.217,1.21715,6.80,1.60
2007.06.07 05:31:12.716,1.217,1.21715,0.60,1.60
2007.06.07 05:31:12.795,1.217,1.2171,0.60,4.00
2007.06.07 05:31:27.003,1.217,1.2171,0.50,4.00
2007.06.07 05:31:35.451,1.217,1.2171,0.50,4.00
2007.06.07 05:31:36.061,1.217,1.2171,0.50,4.00
2007.06.07 05:31:39.549,1.217,1.2171,0.50,12.00
2007.06.07 05:31:41.450,1.217,1.2171,0.50,4.00
2007.06.07 05:31:44.010,1.217,1.2171,0.50,12.00
2007.06.07 05:31:45.749,1.217,1.2171,0.50,16.00
2007.06.07 05:31:46.761,1.217,1.2171,0.50,12.00
2007.06.07 05:31:48.544,1.2169,1.2171,25.30,12.00
2007.06.07 05:31:55.769,1.217,1.2171,0.50,16.00
2007.06.07 05:31:59.312,1.217,1.2171,0.50,12.00
2007.06.07 05:32:05.711,1.217,1.2171,0.50,16.00
2007.06.07 05:32:06.208,1.2169,1.2171,24.50,12.00
2007.06.07 05:32:08.786,1.217,1.2171,0.50,8.00
2007.06.07 05:32:20.176,1.217,1.2171,0.50,10.40
2007.06.07 05:32:20.243,1.217,1.2171,0.50,14.40
2007.06.07 05:32:20.787,1.217,1.2171,0.50,16.80
2007.06.07 05:32:21.058,1.217,1.2171,0.50,17.60
2007.06.07 05:32:21.166,1.217,1.2171,0.50,25.60
2007.06.07 05:32:23.007,1.217,1.2171,0.50,24.80
2007.06.07 05:32:23.208,1.217,1.2171,0.50,20.80
2007.06.07 05:32:23.268,1.217,1.2171,0.50,16.00
2007.06.07 05:32:23.328,1.217,1.2171,0.50,12.00
2007.06.07 05:32:23.434,1.217,1.2171,0.50,8.00
2007.06.07 05:32:23.768,1.217,1.2171,0.50,10.40
2007.06.07 05:32:26.630,1.217,1.2171,0.50,8.00
2007.06.07 05:32:26.738,1.217,1.2172,0.50,30.40
2007.06.07 05:32:26.930,1.217,1.2172,0.50,29.60
2007.06.07 05:32:27.046,1.217,1.2172,0.50,28.80
2007.06.07 05:32:27.450,1.217,1.2172,2.80,28.80
2007.06.07 05:32:27.782,1.217,1.2172,9.20,28.80
2007.06.07 05:32:28.278,1.217,1.2172,15.60,22.40
2007.06.07 05:32:31.690,1.217,1.2172,6.80,24.80
2007.06.07 05:32:31.718,1.217,1.2172,0.50,28.80
2007.06.07 05:32:31.814,1.217,1.2172,0.50,28.80
2007.06.07 05:32:51.187,1.217,1.2172,0.50,33.60
2007.06.07 05:32:51.215,1.217,1.2172,0.50,34.40
2007.06.07 05:32:51.333,1.217,1.2172,0.50,46.30
2007.06.07 05:32:51.449,1.217,1.2171,0.50,4.00
2007.06.07 05:32:51.627,1.217,1.2171,0.50,8.00
2007.06.07 05:32:53.938,1.217,1.2172,0.50,38.40
2007.06.07 05:32:59.758,1.217,1.2171,0.50,0.70
2007.06.07 05:33:00.154,1.217,1.21715,0.50,16.00
2007.06.07 05:33:00.450,1.217,1.2171,0.50,0.90
2007.06.07 05:33:02.189,1.217,1.2172,0.50,36.80
2007.06.07 05:33:02.288,1.217,1.21725,0.50,34.40
2007.06.07 05:33:03.407,1.217,1.21725,2.60,34.40
2007.06.07 05:33:03.528,1.217,1.2172,0.50,0.90
2007.06.07 05:33:04.115,1.217,1.2172,0.50,0.80
2007.06.07 05:33:08.734,1.217,1.2172,4.50,0.60
2007.06.07 05:33:08.801,1.217,1.21725,6.80,26.40
2007.06.07 05:33:09.515,1.217,1.21725,10.80,18.40
2007.06.07 05:33:10.906,1.217,1.21725,14.80,18.40
2007.06.07 05:33:11.274,1.217,1.21725,10.80,22.40
2007.06.07 05:33:11.396,1.217,1.21725,2.80,26.40
2007.06.07 05:33:12.685,1.217,1.2172,6.80,0.90
2007.06.07 05:33:12.994,1.217,1.21725,14.80,18.40
2007.06.07 05:33:27.702,1.217,1.2172,21.20,16.80
2007.06.07 05:33:27.742,1.217,1.2172,21.20,12.80
2007.06.07 05:33:28.310,1.217,1.2172,23.60,10.40
2007.06.07 05:33:40.218,1.217,1.2172,14.80,12.80
2007.06.07 05:33:40.355,1.217,1.2172,14.80,16.80
2007.06.07 05:33:42.781,1.217,1.2172,8.40,20.80
2007.06.07 05:33:43.580,1.217,1.2172,0.50,24.80
2007.06.07 05:33:45.511,1.217,1.2172,0.50,28.80
2007.06.07 05:34:06.239,1.217,1.2172,0.50,28.80
2007.06.07 05:34:06.556,1.217,1.2172,10.80,16.80
2007.06.07 05:34:08.587,1.217,1.2172,14.80,16.80
2007.06.07 05:34:11.219,1.217,1.2172,21.20,16.80
2007.06.07 05:34:11.723,1.217,1.2172,23.60,16.80
2007.06.07 05:34:11.828,1.217,1.2172,23.60,14.40
2007.06.07 05:34:19.945,1.217,1.2172,15.60,18.40
2007.06.07 05:34:20.347,1.217,1.2172,13.30,18.40
2007.06.07 05:34:20.451,1.217,1.2172,13.20,18.40
2007.06.07 05:34:20.756,1.217,1.2172,9.20,22.40
2007.06.07 05:34:21.155,1.217,1.2172,9.20,26.40
2007.06.07 05:34:22.746,1.217,1.2172,0.50,28.80
2007.06.07 05:34:26.871,1.217,1.2172,0.50,28.80
2007.06.07 05:34:27.166,1.217,1.2172,0.50,28.80
2007.06.07 05:34:31.242,1.217,1.2172,6.90,28.80
2007.06.07 05:34:31.749,1.217,1.2172,9.30,26.40
2007.06.07 05:34:38.119,1.217,1.2172,9.30,30.40
2007.06.07 05:34:39.149,1.217,1.2172,6.90,32.80
2007.06.07 05:34:39.258,1.217,1.2172,0.50,32.80
2007.06.07 05:34:45.358,1.217,1.2172,0.50,28.80
2007.06.07 05:34:46.371,1.217,1.2172,0.50,28.80
2007.06.07 05:35:12.912,1.217,1.2171,0.50,4.00
2007.06.07 05:35:13.208,1.217,1.2171,0.50,8.00
2007.06.07 05:35:36.465,1.217,1.2172,0.50,32.80
2007.06.07 05:35:45.121,1.217,1.2172,0.50,28.80
2007.06.07 05:35:47.613,1.217,1.2172,0.50,28.80
2007.06.07 05:35:51.181,1.2169,1.2172,42.00,24.80
2007.06.07 05:35:51.499,1.217,1.2172,1.80,16.80
2007.06.07 05:35:51.686,1.217,1.2172,4.50,16.80
2007.06.07 05:35:52.930,1.217,1.2172,0.50,20.80
2007.06.07 05:35:54.651,1.2169,1.2172,43.60,24.80
2007.06.07 05:35:56.173,1.217,1.2172,6.90,22.40
2007.06.07 05:35:56.400,1.2171,1.2172,0.60,14.40
2007.06.07 05:35:56.508,1.2171,1.2172,4.90,10.40
2007.06.07 05:35:56.794,1.217,1.2172,36.20,8.00
2007.06.07 05:36:02.732,1.2171,1.2172,16.80,8.00
2007.06.07 05:36:02.791,1.2172,1.21725,2.40,1.60
2007.06.07 05:36:02.947,1.21715,1.2173,8.00,2.40
2007.06.07 05:36:02.998,1.21715,1.21735,8.00,1.60
2007.06.07 05:36:03.145,1.21715,1.2173,8.00,2.40
2007.06.07 05:36:14.645,1.2172,1.21735,2.90,1.60
2007.06.07 05:36:14.738,1.21715,1.2174,10.40,28.90
2007.06.07 05:36:14.767,1.21715,1.2174,14.40,24.90
2007.06.07 05:36:14.991,1.21715,1.2174,22.40,18.50
2007.06.07 05:36:19.022,1.2172,1.2174,20.80,19.30
2007.06.07 05:36:19.162,1.2172,1.2173,20.80,2.40
2007.06.07 05:36:19.224,1.2172,1.2173,16.80,2.40
2007.06.07 05:36:19.269,1.2172,1.2173,14.40,2.40
2007.06.07 05:36:19.316,1.2172,1.2173,14.40,6.40
2007.06.07 05:36:24.199,1.2172,1.2173,8.00,6.40
2007.06.07 05:36:24.418,1.2171,1.2173,24.80,10.40
2007.06.07 05:36:24.715,1.2171,1.2173,28.80,10.40
2007.06.07 05:36:26.968,1.2171,1.2173,28.80,6.40
2007.06.07 05:36:32.723,1.2171,1.21735,28.80,8.00
2007.06.07 05:36:38.665,1.2171,1.2173,20.00,12.80
2007.06.07 05:36:38.767,1.2171,1.2173,8.00,36.70
2007.06.07 05:36:38.877,1.2171,1.21725,8.00,1.60
2007.06.07 05:36:39.085,1.217,1.21725,36.40,1.60
2007.06.07 05:36:40.728,1.217,1.2173,36.40,37.50
2007.06.07 05:36:40.743,1.217,1.2173,36.40,25.60
2007.06.07 05:36:41.041,1.217,1.2173,36.40,24.80
2007.06.07 05:36:41.255,1.2171,1.2173,8.00,20.80
2007.06.07 05:36:44.225,1.2171,1.2173,12.00,16.80
2007.06.07 05:36:47.686,1.2171,1.2173,18.40,16.80
2007.06.07 05:36:47.760,1.2171,1.2173,18.40,12.80
2007.06.07 05:36:48.224,1.2171,1.2173,20.80,12.80
2007.06.07 05:36:48.332,1.2171,1.2173,20.80,10.40
2007.06.07 05:36:50.114,1.2171,1.2173,12.80,14.40
2007.06.07 05:36:52.216,1.2171,1.2173,4.00,16.80
2007.06.07 05:36:52.225,1.217,1.2173,40.40,20.80
2007.06.07 05:36:52.308,1.217,1.2173,38.00,20.80
2007.06.07 05:36:52.330,1.217,1.2173,46.00,24.80
2007.06.07 05:36:53.184,1.217,1.2173,46.00,28.80
2007.06.07 05:36:54.167,1.2171,1.2173,4.00,24.80
2007.06.07 05:36:54.372,1.2171,1.2173,12.00,20.80
2007.06.07 05:36:55.132,1.2171,1.2173,12.00,16.80
2007.06.07 05:37:02.201,1.2171,1.2173,8.00,20.80
2007.06.07 05:37:04.209,1.2171,1.2173,12.00,16.80
2007.06.07 05:37:09.022,1.2171,1.2173,2.10,16.80
2007.06.07 05:37:12.158,1.217,1.2173,44.40,20.80
2007.06.07 05:37:18.257,1.2171,1.2173,0.70,16.80
2007.06.07 05:37:23.623,1.217,1.2173,44.40,20.80
2007.06.07 05:37:28.238,1.217,1.2173,46.00,16.80
2007.06.07 05:37:33.756,1.217,1.2173,44.40,20.80
2007.06.07 05:37:34.321,1.217,1.2173,46.00,16.80
2007.06.07 05:37:34.427,1.217,1.2173,46.00,20.80
2007.06.07 05:37:43.749,1.2171,1.2173,8.00,24.80
2007.06.07 05:37:44.666,1.2171,1.2173,12.00,20.80
2007.06.07 05:37:53.706,1.2171,1.2173,8.00,24.80
2007.06.07 05:37:54.507,1.217,1.2173,46.00,24.80
2007.06.07 05:37:55.947,1.217,1.2173,42.00,28.80
2007.06.07 05:38:05.776,1.217,1.2173,44.40,28.80
2007.06.07 05:38:05.879,1.2171,1.2173,4.00,28.80
2007.06.07 05:38:10.154,1.2171,1.2173,4.00,0.50
2007.06.07 05:38:10.189,1.2171,1.21735,8.00,26.40
2007.06.07 05:38:13.728,1.2171,1.2173,4.00,0.90
2007.06.07 05:38:15.655,1.2171,1.2173,12.00,0.80
2007.06.07 05:38:23.641,1.2171,1.2173,8.00,0.60
2007.06.07 05:38:25.690,1.2171,1.21735,12.00,22.40
2007.06.07 05:38:29.630,1.2171,1.21735,8.00,26.40
2007.06.07 05:38:29.739,1.2171,1.2173,8.00,26.40
2007.06.07 05:38:30.463,1.217,1.21725,36.40,0.50
2007.06.07 05:38:30.770,1.217,1.2173,32.40,39.10
2007.06.07 05:38:51.597,1.217,1.2173,30.20,39.10
2007.06.07 05:38:51.713,1.2172,1.2173,6.40,36.70
2007.06.07 05:38:51.824,1.2172,1.21735,6.40,12.80
2007.06.07 05:38:52.013,1.2172,1.21735,6.40,12.00
2007.06.07 05:38:53.200,1.2172,1.21735,6.40,4.00
2007.06.07 05:38:58.696,1.2171,1.2173,47.60,0.50
2007.06.07 05:38:58.803,1.2171,1.2173,46.80,0.50
2007.06.07 05:38:58.826,1.2171,1.21735,32.00,4.00
2007.06.07 05:38:58.932,1.2171,1.2173,30.40,0.70
2007.06.07 05:38:59.071,1.2171,1.2173,28.80,0.90
2007.06.07 05:38:59.343,1.2171,1.2173,28.80,0.90
2007.06.07 05:39:02.481,1.2171,1.2173,20.80,10.40
2007.06.07 05:39:03.939,1.2171,1.2173,14.40,18.40
2007.06.07 05:39:05.445,1.2171,1.2173,22.40,18.40
2007.06.07 05:39:05.620,1.2171,1.2173,22.40,22.40
2007.06.07 05:39:06.231,1.2171,1.2173,22.40,34.30
2007.06.07 05:39:06.314,1.2171,1.2172,22.40,8.00
2007.06.07 05:39:06.346,1.2171,1.2172,18.40,8.00
2007.06.07 05:39:06.528,1.2171,1.2172,10.40,12.00
2007.06.07 05:39:06.635,1.2171,1.2172,10.40,16.00
2007.06.07 05:39:06.710,1.2171,1.2172,8.00,16.00
2007.06.07 05:39:06.745,1.217,1.2172,15.60,16.00
2007.06.07 05:39:07.053,1.217,1.2172,13.20,16.00
2007.06.07 05:39:07.248,1.217,1.2172,13.20,27.90
2007.06.07 05:39:07.356,1.217,1.2172,13.20,31.90
2007.06.07 05:39:07.566,1.217,1.2172,13.40,31.90
2007.06.07 05:39:07.637,1.217,1.2172,11.00,31.90
2007.06.07 05:39:07.742,1.217,1.2172,8.60,31.90
2007.06.07 05:39:07.765,1.217,1.2171,0.60,4.00
2007.06.07 05:39:07.966,1.217,1.2172,0.60,35.90
2007.06.07 05:39:08.084,1.217,1.2172,0.60,37.50
2007.06.07 05:39:08.141,1.217,1.2172,0.60,41.50
2007.06.07 05:39:08.148,1.217,1.21715,0.60,1.60
2007.06.07 05:39:08.254,1.217,1.2171,0.60,8.00
2007.06.07 05:39:08.289,1.217,1.2171,0.60,12.00
2007.06.07 05:39:08.489,1.217,1.2171,0.60,20.00
2007.06.07 05:39:08.899,1.217,1.2171,4.60,12.00
2007.06.07 05:39:10.842,1.217,1.2171,0.60,20.00
2007.06.07 05:39:13.361,1.217,1.2171,4.60,12.00
2007.06.07 05:39:19.964,1.217,1.2171,6.80,12.00
2007.06.07 05:39:20.155,1.217,1.2171,10.80,12.00
2007.06.07 05:39:20.257,1.217,1.2171,13.20,12.00
2007.06.07 05:39:20.354,1.217,1.2171,13.20,8.00
2007.06.07 05:39:20.362,1.217,1.2172,13.20,22.40
2007.06.07 05:39:20.675,1.217,1.2172,15.60,12.00
2007.06.07 05:39:20.686,1.217,1.2172,23.60,4.00
2007.06.07 05:39:20.790,1.217,1.2173,23.50,49.50
2007.06.07 05:39:20.991,1.217,1.2173,23.50,48.70
2007.06.07 05:39:21.205,1.217,1.2173,27.50,44.70
2007.06.07 05:39:22.419,1.2171,1.2173,4.00,40.70
2007.06.07 05:39:24.716,1.2171,1.2173,8.00,36.70
2007.06.07 05:39:25.527,1.2171,1.2173,8.00,0.80
2007.06.07 05:39:25.648,1.2171,1.21735,4.00,46.30
2007.06.07 05:39:26.782,1.2171,1.2173,4.00,0.60
2007.06.07 05:39:26.979,1.2171,1.21735,8.00,22.40
2007.06.07 05:39:27.243,1.2171,1.2173,10.40,0.90
2007.06.07 05:39:39.472,1.2171,1.21735,6.40,28.00
2007.06.07 05:39:41.865,1.2171,1.2173,2.40,0.60
2007.06.07 05:39:42.118,1.2171,1.2173,2.40,0.80
2007.06.07 05:39:42.127,1.2171,1.21735,2.40,32.00
2007.06.07 05:39:42.213,1.2171,1.21735,6.40,28.00
2007.06.07 05:39:42.697,1.2171,1.2173,2.40,0.50
2007.06.07 05:39:44.239,1.2171,1.2173,6.40,0.50
2007.06.07 05:39:44.949,1.2171,1.2173,14.40,0.90
2007.06.07 05:39:45.123,1.2171,1.21735,14.40,20.00
2007.06.07 05:39:46.672,1.2171,1.2173,0.60,0.70
2007.06.07 05:39:51.958,1.21705,1.21735,8.00,24.00
2007.06.07 05:39:52.703,1.217,1.21735,41.00,26.40
2007.06.07 05:39:52.784,1.21695,1.21735,30.70,46.30
2007.06.07 05:39:52.974,1.217,1.2172,0.50,0.60
2007.06.07 05:39:53.080,1.217,1.2172,0.60,0.60
2007.06.07 05:39:54.095,1.21695,1.2173,29.10,48.70
2007.06.07 05:39:55.121,1.21695,1.2173,29.10,44.70
2007.06.07 05:39:55.199,1.21695,1.2173,41.00,32.80
2007.06.07 05:39:55.511,1.2171,1.2173,2.70,28.80
2007.06.07 05:39:55.830,1.2171,1.2173,6.10,24.80
2007.06.07 05:39:56.219,1.21705,1.2173,16.00,22.40
2007.06.07 05:39:58.306,1.21705,1.2173,12.00,22.40
2007.06.07 05:39:59.408,1.2171,1.2173,19.10,22.40
2007.06.07 05:39:59.633,1.2172,1.2173,2.40,20.00
2007.06.07 05:39:59.744,1.21715,1.2173,8.00,12.00
2007.06.07 05:39:59.760,1.21715,1.2173,20.00,4.00
2007.06.07 05:39:59.852,1.2172,1.2174,5.10,4.90
2007.06.07 05:39:59.933,1.2172,1.2174,5.70,4.80
2007.06.07 05:40:00.039,1.21715,1.2174,20.00,0.80
2007.06.07 05:40:00.216,1.2172,1.2175,9.10,46.30
2007.06.07 05:40:00.257,1.2172,1.2175,2.50,46.30
2007.06.07 05:40:01.082,1.21715,1.2175,22.40,45.50
2007.06.07 05:40:01.099,1.2172,1.2175,23.20,44.70
2007.06.07 05:40:01.202,1.21725,1.2175,10.40,42.30
2007.06.07 05:40:01.318,1.21725,1.2175,14.40,18.40
2007.06.07 05:40:02.018,1.21725,1.2175,16.00,18.40
2007.06.07 05:40:02.234,1.21725,1.2175,24.00,10.40
2007.06.07 05:40:03.238,1.2173,1.2175,6.80,10.40
2007.06.07 05:40:04.266,1.2173,1.2175,10.40,10.40
2007.06.07 05:40:04.281,1.21725,1.2175,20.00,18.40
2007.06.07 05:40:04.672,1.2173,1.2175,10.60,18.40
2007.06.07 05:40:04.768,1.2173,1.2175,5.70,16.00
2007.06.07 05:40:06.018,1.21725,1.2175,26.40,16.00
2007.06.07 05:40:08.426,1.2173,1.2175,1.10,8.00
2007.06.07 05:40:14.623,1.21725,1.2175,26.40,16.00
2007.06.07 05:40:15.333,1.2173,1.2175,10.00,12.00
2007.06.07 05:40:16.480,1.21725,1.2175,22.40,12.00
2007.06.07 05:40:22.112,1.2173,1.2175,2.80,14.40
2007.06.07 05:40:22.279,1.21725,1.2175,20.00,15.20
2007.06.07 05:40:22.351,1.21725,1.2175,20.00,19.20
2007.06.07 05:40:27.943,1.21725,1.2175,28.00,19.20
2007.06.07 05:40:32.174,1.2173,1.2175,11.70,16.80
2007.06.07 05:40:32.288,1.2173,1.2175,10.70,12.80
2007.06.07 05:40:32.994,1.2173,1.2175,28.80,12.00
2007.06.07 05:40:37.487,1.2173,1.2175,20.80,12.00
2007.06.07 05:40:37.692,1.2173,1.2175,20.80,16.00
2007.06.07 05:40:45.925,1.2173,1.2175,24.80,16.00
2007.06.07 05:40:47.915,1.2173,1.2175,24.80,0.70
2007.06.07 05:41:00.452,1.2173,1.2175,28.80,0.60
2007.06.07 05:41:08.289,1.2173,1.21755,28.80,9.60
2007.06.07 05:41:11.959,1.2173,1.2175,28.80,0.50
2007.06.07 05:41:18.689,1.2174,1.2175,2.40,4.00
2007.06.07 05:41:19.339,1.2174,1.2175,2.40,12.00
2007.06.07 05:41:19.736,1.2173,1.2175,28.80,12.00
2007.06.07 05:41:19.990,1.2173,1.2175,28.80,8.00
2007.06.07 05:42:10.562,1.2173,1.2175,20.80,12.00
2007.06.07 05:42:10.987,1.2173,1.2175,28.80,8.00
2007.06.07 05:42:13.442,1.2173,1.2175,20.80,12.00
2007.06.07 05:42:16.368,1.2173,1.2175,28.80,8.00
2007.06.07 05:42:18.506,1.2173,1.2175,20.80,12.00
2007.06.07 05:42:19.347,1.2173,1.2175,28.80,8.00
2007.06.07 05:42:42.383,1.21735,1.2175,1.60,8.00
2007.06.07 05:42:43.514,1.2173,1.2175,28.80,8.00
2007.06.07 05:42:51.924,1.21735,1.2175,1.60,8.00
2007.06.07 05:42:53.867,1.2173,1.2175,28.80,8.00
2007.06.07 05:43:20.271,1.2173,1.2175,26.40,8.00
2007.06.07 05:43:22.466,1.2173,1.2175,12.20,8.00
2007.06.07 05:43:32.376,1.21735,1.2175,0.50,8.00
2007.06.07 05:43:32.566,1.21735,1.2175,9.60,8.00
2007.06.07 05:43:34.605,1.21725,1.2175,24.00,8.00
2007.06.07 05:43:36.188,1.21735,1.21755,4.00,1.60
2007.06.07 05:43:36.387,1.2174,1.2176,0.80,26.50
2007.06.07 05:43:37.036,1.2174,1.2176,1.60,22.50
2007.06.07 05:43:39.791,1.2174,1.2176,1.10,24.90
2007.06.07 05:43:40.319,1.2174,1.2176,1.20,28.90
2007.06.07 05:43:41.802,1.21735,1.2176,4.00,26.50
2007.06.07 05:43:47.515,1.2174,1.2176,0.80,0.90
2007.06.07 05:43:54.129,1.2174,1.21765,2.40,24.10
2007.06.07 05:43:54.428,1.2174,1.2176,2.40,0.50
2007.06.07 05:43:55.841,1.2174,1.2176,6.40,0.50
2007.06.07 05:43:59.020,1.2174,1.21765,2.40,28.10
2007.06.07 05:44:13.652,1.2174,1.2175,2.40,0.50
2007.06.07 05:44:14.160,1.21735,1.2176,1.60,46.40
2007.06.07 05:44:14.680,1.2174,1.2176,2.40,0.70
2007.06.07 05:44:14.770,1.2174,1.21765,2.40,28.90
2007.06.07 05:44:14.973,1.2174,1.21765,2.40,20.90
2007.06.07 05:44:15.077,1.2174,1.21765,2.40,20.10
2007.06.07 05:44:15.132,1.2174,1.2176,2.40,0.60
2007.06.07 05:44:25.665,1.2173,1.2176,27.10,24.90
2007.06.07 05:44:25.713,1.2173,1.2176,7.20,36.80
2007.06.07 05:44:25.777,1.2173,1.2176,4.80,39.20
2007.06.07 05:44:25.822,1.2173,1.2175,0.80,4.00
2007.06.07 05:44:25.999,1.2172,1.2175,38.70,4.00
2007.06.07 05:44:26.621,1.2172,1.2175,37.90,4.00
2007.06.07 05:44:26.690,1.2172,1.2175,37.10,12.00
2007.06.07 05:44:26.721,1.2172,1.2175,35.10,12.00
2007.06.07 05:44:26.842,1.2172,1.2175,27.10,12.00
2007.06.07 05:44:27.133,1.2172,1.2175,27.10,16.00
2007.06.07 05:44:27.149,1.2172,1.2175,24.70,16.00
2007.06.07 05:44:27.197,1.2172,1.2175,19.90,16.00
2007.06.07 05:44:27.242,1.2171,1.2175,45.80,16.00
2007.06.07 05:44:31.195,1.2171,1.2175,43.40,16.00
2007.06.07 05:44:32.126,1.2171,1.2175,47.40,12.00
2007.06.07 05:44:47.630,1.2171,1.2175,47.10,13.60
2007.06.07 05:44:47.730,1.21715,1.2174,1.60,8.00
2007.06.07 05:44:48.228,1.2172,1.2174,2.40,10.40
2007.06.07 05:45:18.836,1.2172,1.2174,2.40,18.40
2007.06.07 05:45:40.152,1.2172,1.2174,4.80,16.00
2007.06.07 05:45:40.163,1.2172,1.2174,12.80,16.00
2007.06.07 05:45:40.249,1.2172,1.2174,12.80,8.00
2007.06.07 05:45:42.192,1.2172,1.2174,10.40,16.00
2007.06.07 05:45:42.285,1.2172,1.2174,10.40,18.40
2007.06.07 05:45:43.743,1.2172,1.2174,14.40,18.40
2007.06.07 05:45:44.628,1.2172,1.2174,10.40,22.40
2007.06.07 05:45:49.159,1.2172,1.2173,10.40,8.00
2007.06.07 05:45:49.670,1.2172,1.2173,8.00,8.00
2007.06.07 05:45:49.720,1.2171,1.2173,24.10,12.00
2007.06.07 05:45:50.035,1.2171,1.2173,23.30,12.00
2007.06.07 05:45:50.735,1.2171,1.2173,23.30,4.00
2007.06.07 05:45:50.835,1.2171,1.21735,26.40,1.60
2007.06.07 05:45:50.925,1.2171,1.2174,27.20,48.00
2007.06.07 05:45:50.932,1.2172,1.2174,4.00,44.00
2007.06.07 05:45:51.061,1.2172,1.2174,4.00,43.20
2007.06.07 05:45:51.252,1.2172,1.2174,6.40,40.80
2007.06.07 05:45:51.263,1.2172,1.2174,10.40,28.80
2007.06.07 05:45:51.451,1.2172,1.2174,10.40,28.70
2007.06.07 05:45:54.842,1.2172,1.2174,14.40,24.70
2007.06.07 05:45:59.703,1.2172,1.2174,10.40,28.70
2007.06.07 05:45:59.810,1.2172,1.2174,2.40,32.70
2007.06.07 05:46:01.022,1.2172,1.2174,2.40,0.70
2007.06.07 05:46:06.193,1.2172,1.2174,4.80,0.50
2007.06.07 05:46:06.674,1.2171,1.2172,32.80,0.80
2007.06.07 05:46:07.376,1.2171,1.2172,2.50,0.80
2007.06.07 05:46:07.410,1.2171,1.21725,2.50,13.60
2007.06.07 05:46:07.684,1.2171,1.21725,2.50,16.00
2007.06.07 05:46:07.698,1.2171,1.2172,2.50,0.60
2007.06.07 05:46:07.899,1.2171,1.21725,6.50,24.00
2007.06.07 05:46:08.210,1.2171,1.21725,4.10,24.00
2007.06.07 05:46:08.714,1.2171,1.2173,4.10,55.10
2007.06.07 05:46:11.693,1.2171,1.2172,8.10,0.60
2007.06.07 05:46:11.740,1.2171,1.2173,10.50,28.70
2007.06.07 05:46:11.810,1.2171,1.21735,22.40,14.40
2007.06.07 05:46:12.022,1.2171,1.21735,23.20,12.00
2007.06.07 05:46:12.135,1.2171,1.2173,23.20,0.50
2007.06.07 05:46:12.240,1.2172,1.2174,2.40,35.20
2007.06.07 05:46:12.430,1.2172,1.2174,2.40,0.80
2007.06.07 05:46:49.724,1.2172,1.2174,6.40,32.70
2007.06.07 05:46:50.154,1.2172,1.2174,10.40,24.70
2007.06.07 05:46:50.563,1.2172,1.2174,6.40,32.80
2007.06.07 05:46:57.669,1.2172,1.2174,2.40,36.80
2007.06.07 05:47:00.222,1.2172,1.2174,6.40,32.80
2007.06.07 05:47:00.315,1.2172,1.2174,10.40,24.80
2007.06.07 05:47:00.843,1.2172,1.2174,10.40,24.70
2007.06.07 05:47:02.389,1.2172,1.2174,10.40,24.80
2007.06.07 05:47:03.263,1.2172,1.2174,12.80,24.80
2007.06.07 05:47:03.355,1.2172,1.2174,12.80,24.70
2007.06.07 05:47:15.026,1.2172,1.2174,12.80,23.90
2007.06.07 05:47:15.035,1.2172,1.2174,12.80,23.10
2007.06.07 05:47:15.122,1.2172,1.2174,15.20,20.70
2007.06.07 05:47:15.155,1.2172,1.2174,15.20,20.00
2007.06.07 05:47:15.232,1.2172,1.2174,15.20,12.00
2007.06.07 05:47:15.258,1.2172,1.2174,35.10,4.00
2007.06.07 05:47:15.365,1.2172,1.2175,35.10,35.20
2007.06.07 05:47:15.663,1.2172,1.2175,23.20,35.20
2007.06.07 05:47:15.758,1.2172,1.2175,23.20,43.10
2007.06.07 05:47:16.065,1.2172,1.2175,23.20,42.30
2007.06.07 05:47:16.154,1.2172,1.2175,23.20,39.90
2007.06.07 05:47:16.172,1.2172,1.2175,35.10,20.00
2007.06.07 05:47:16.272,1.2172,1.2175,35.10,16.00
2007.06.07 05:47:16.353,1.2172,1.2175,37.50,16.00
2007.06.07 05:47:17.202,1.2173,1.2175,4.00,16.00
2007.06.07 05:47:17.403,1.2173,1.2175,8.00,8.00
2007.06.07 05:47:23.725,1.2173,1.2175,4.00,23.90
2007.06.07 05:47:24.198,1.2173,1.2175,4.00,28.70
2007.06.07 05:47:24.631,1.2173,1.2175,4.00,40.70
2007.06.07 05:47:28.166,1.2173,1.2175,8.00,36.70
2007.06.07 05:47:29.189,1.2173,1.2175,4.00,40.70
2007.06.07 05:47:29.404,1.2172,1.2175,23.20,44.70
2007.06.07 05:47:33.129,1.2172,1.2175,23.20,48.70
2007.06.07 05:47:34.143,1.2172,1.2175,27.20,48.70
2007.06.07 05:47:38.786,1.21725,1.2175,1.60,48.70
2007.06.07 05:47:38.840,1.21725,1.2175,1.60,32.80
2007.06.07 05:47:39.225,1.2173,1.2175,2.40,30.40
2007.06.07 05:47:41.580,1.21725,1.2175,4.00,30.40
2007.06.07 05:47:42.180,1.21725,1.2175,8.00,26.40
2007.06.07 05:47:42.501,1.21725,1.2175,16.00,22.40
2007.06.07 05:47:43.146,1.21725,1.2175,16.00,18.40
2007.06.07 05:47:45.409,1.21725,1.2175,8.00,22.40
2007.06.07 05:47:45.733,1.2173,1.2175,1.30,26.40
2007.06.07 05:47:45.932,1.2173,1.2175,5.20,26.40
2007.06.07 05:47:46.251,1.21725,1.2175,16.00,22.40
2007.06.07 05:47:48.474,1.2173,1.2175,4.10,18.40
2007.06.07 05:47:49.515,1.2173,1.2175,7.60,22.40
2007.06.07 05:47:50.806,1.2173,1.2175,4.80,26.40
2007.06.07 05:47:50.888,1.21725,1.2175,4.00,26.40
2007.06.07 05:48:01.082,1.21725,1.2175,4.00,22.40
2007.06.07 05:48:02.128,1.2173,1.2175,1.50,26.40
2007.06.07 05:48:05.234,1.21725,1.2175,4.00,22.40
2007.06.07 05:48:06.771,1.21725,1.2175,8.00,18.40
2007.06.07 05:48:22.961,1.2173,1.2175,2.00,22.40
2007.06.07 05:48:24.679,1.21725,1.2175,8.00,18.40
2007.06.07 05:48:28.225,1.21725,1.21755,14.40,20.00
2007.06.07 05:48:29.624,1.2173,1.2175,0.60,0.60
2007.06.07 05:48:30.859,1.21725,1.21755,8.00,28.00
2007.06.07 05:49:18.678,1.2173,1.2175,4.00,28.80
2007.06.07 05:49:19.313,1.2172,1.2175,25.60,44.70
2007.06.07 05:49:19.399,1.2172,1.2175,23.20,44.70
2007.06.07 05:49:20.135,1.2172,1.2175,23.20,48.70
2007.06.07 05:49:21.202,1.2172,1.2175,20.80,48.70
2007.06.07 05:49:21.240,1.2172,1.2175,20.80,49.50
2007.06.07 05:49:21.298,1.2172,1.21745,20.80,1.60
2007.06.07 05:49:21.711,1.2172,1.2174,20.80,8.00
2007.06.07 05:49:21.829,1.2172,1.2174,20.80,12.00
2007.06.07 05:49:22.218,1.2172,1.2174,20.80,14.40
2007.06.07 05:49:25.178,1.2172,1.2174,23.20,12.00
2007.06.07 05:49:25.694,1.2172,1.2174,23.20,4.00
2007.06.07 05:49:25.706,1.2172,1.2175,23.20,52.70
2007.06.07 05:49:25.789,1.2172,1.2175,23.20,50.30
2007.06.07 05:49:25.996,1.2172,1.2175,23.20,48.70
2007.06.07 05:49:45.506,1.2172,1.2175,27.20,48.70
2007.06.07 05:49:54.178,1.2172,1.2175,27.20,44.70
2007.06.07 05:49:59.192,1.2172,1.2175,24.80,44.70
2007.06.07 05:50:03.887,1.2172,1.2175,24.80,0.90
2007.06.07 05:50:08.686,1.2172,1.21755,22.40,46.30
2007.06.07 05:50:08.776,1.2173,1.2175,4.00,0.50
2007.06.07 05:50:08.986,1.2173,1.21755,12.00,26.40
2007.06.07 05:50:09.162,1.2173,1.21755,8.00,26.40
2007.06.07 05:50:09.283,1.2173,1.21755,10.40,26.40
2007.06.07 05:50:09.642,1.21735,1.21755,1.60,26.40
2007.06.07 05:50:09.751,1.21735,1.2175,1.60,0.70
2007.06.07 05:50:09.814,1.21735,1.21755,1.60,20.00
2007.06.07 05:50:10.664,1.21735,1.2175,1.60,0.90
2007.06.07 05:51:31.220,1.21735,1.2175,1.60,8.00
2007.06.07 05:51:34.281,1.21735,1.2175,1.60,10.40
2007.06.07 05:52:11.216,1.21735,1.2175,1.60,8.00
2007.06.07 05:52:21.185,1.2173,1.2175,21.60,8.00
2007.06.07 05:52:35.383,1.2173,1.2175,21.60,16.00
2007.06.07 05:52:36.757,1.2173,1.2175,17.60,16.00
2007.06.07 05:53:56.651,1.2173,1.2175,15.20,18.40
2007.06.07 05:53:56.757,1.2173,1.2175,12.80,20.80
2007.06.07 05:53:56.775,1.2173,1.2175,8.80,24.80
2007.06.07 05:53:56.883,1.2173,1.2175,0.80,44.70
2007.06.07 05:53:57.084,1.2172,1.2175,20.80,44.70
2007.06.07 05:53:57.163,1.2172,1.2175,20.80,48.70
2007.06.07 05:53:57.388,1.2172,1.2175,24.80,48.70
2007.06.07 05:53:57.482,1.2172,1.2174,16.80,4.00
2007.06.07 05:53:57.794,1.2172,1.2174,28.70,4.00
2007.06.07 05:53:57.902,1.2172,1.2175,36.70,36.80
2007.06.07 05:53:58.828,1.2172,1.2175,24.80,48.70
2007.06.07 05:53:59.039,1.2172,1.2174,16.80,4.00
2007.06.07 05:54:06.727,1.2172,1.2174,12.80,4.00
2007.06.07 05:54:07.964,1.2172,1.2174,16.80,4.00
2007.06.07 05:54:14.179,1.2172,1.2174,12.80,4.00
2007.06.07 05:54:14.687,1.2172,1.2174,16.80,4.00
2007.06.07 05:54:15.357,1.2172,1.2174,16.80,8.00
2007.06.07 05:54:19.779,1.2172,1.2174,16.80,16.00
2007.06.07 05:54:19.960,1.2172,1.2174,12.80,20.00
2007.06.07 05:54:20.161,1.2172,1.2174,4.80,20.00
2007.06.07 05:54:20.192,1.2171,1.2174,33.60,20.00
2007.06.07 05:54:20.292,1.2171,1.2174,29.70,31.90
2007.06.07 05:54:20.574,1.2171,1.2173,25.70,8.00
2007.06.07 05:54:25.240,1.2171,1.2173,23.30,8.00
2007.06.07 05:54:25.343,1.2171,1.2174,27.30,35.90
2007.06.07 05:54:27.670,1.2171,1.2174,27.30,51.90
2007.06.07 05:54:27.689,1.2171,1.2173,27.30,8.00
2007.06.07 05:54:27.784,1.2171,1.2173,20.90,8.00
2007.06.07 05:54:30.331,1.2171,1.2173,24.90,8.00
2007.06.07 05:54:35.907,1.2171,1.2173,16.90,12.00
2007.06.07 05:54:42.517,1.2171,1.2173,24.90,8.00
2007.06.07 05:54:44.632,1.2171,1.2173,22.50,10.40
2007.06.07 05:54:44.736,1.2171,1.2172,20.10,8.00
2007.06.07 05:54:44.783,1.2171,1.2172,8.10,8.00
2007.06.07 05:54:44.866,1.2171,1.2172,0.20,8.00
2007.06.07 05:54:45.096,1.2171,1.2172,0.20,8.80
2007.06.07 05:54:45.182,1.2171,1.2172,0.20,12.80
2007.06.07 05:54:45.243,1.2171,1.2172,0.20,15.20
2007.06.07 05:54:45.544,1.217,1.2172,24.60,15.20
2007.06.07 05:54:45.763,1.217,1.2172,24.60,14.40
2007.06.07 05:54:45.947,1.217,1.2172,24.60,18.40
2007.06.07 05:54:49.634,1.217,1.2172,26.20,18.40
2007.06.07 05:54:50.870,1.217,1.2172,26.10,18.40
2007.06.07 05:54:50.965,1.217,1.2172,24.00,18.40
2007.06.07 05:54:52.045,1.217,1.2172,26.40,18.40
2007.06.07 05:54:52.216,1.217,1.2172,27.20,18.40
2007.06.07 05:54:53.066,1.217,1.2172,27.20,14.40
2007.06.07 05:54:53.479,1.217,1.2172,27.20,18.40
2007.06.07 05:54:54.055,1.21695,1.2172,28.80,18.40
2007.06.07 05:54:56.745,1.21705,1.2172,1.10,18.40
2007.06.07 05:54:57.063,1.217,1.2172,32.70,17.60
2007.06.07 05:54:57.170,1.21705,1.2172,4.00,8.00
2007.06.07 05:54:57.269,1.21705,1.2172,4.00,4.00
2007.06.07 05:54:57.381,1.21705,1.2173,4.00,33.60
2007.06.07 05:54:58.144,1.21705,1.2173,4.00,29.60
2007.06.07 05:54:59.360,1.21705,1.2172,4.00,4.00
2007.06.07 05:55:00.400,1.21705,1.2173,4.00,33.60
2007.06.07 05:55:01.136,1.21705,1.2173,4.00,29.60
2007.06.07 05:55:12.128,1.21705,1.2173,4.00,30.40
2007.06.07 05:55:12.163,1.21705,1.2172,4.00,7.20
2007.06.07 05:55:12.259,1.21705,1.2172,4.00,9.60
2007.06.07 05:55:12.670,1.217,1.2172,28.80,9.60
2007.06.07 05:55:36.133,1.21705,1.2172,1.60,7.20
2007.06.07 05:55:36.233,1.2171,1.2173,2.40,42.30
2007.06.07 05:55:36.263,1.2171,1.2173,2.40,34.40
2007.06.07 05:55:36.361,1.2171,1.2173,6.40,22.40
2007.06.07 05:55:36.682,1.2171,1.2173,10.40,18.40
2007.06.07 05:55:36.979,1.2171,1.2173,10.40,17.60
2007.06.07 05:55:37.485,1.2171,1.2173,14.40,17.60
2007.06.07 05:55:39.017,1.2171,1.2173,14.40,18.40
2007.06.07 05:55:39.217,1.2171,1.2173,10.40,22.40
2007.06.07 05:55:39.233,1.2171,1.2172,10.40,7.20
2007.06.07 05:55:39.351,1.2171,1.2172,2.40,7.20
2007.06.07 05:55:39.741,1.21705,1.2172,1.60,7.20
2007.06.07 05:55:40.664,1.2171,1.2173,4.80,32.70
2007.06.07 05:55:40.719,1.2171,1.2173,16.80,4.80
2007.06.07 05:55:40.930,1.2171,1.2173,24.80,0.80
2007.06.07 05:55:41.011,1.2171,1.2174,24.80,47.10
2007.06.07 05:55:41.183,1.2171,1.2174,24.80,42.30
2007.06.07 05:55:41.224,1.2171,1.2174,24.80,38.30
2007.06.07 05:55:41.287,1.2171,1.2174,27.20,38.30
2007.06.07 05:55:41.330,1.2171,1.2174,31.20,34.30
2007.06.07 05:55:41.386,1.2171,1.2174,31.20,33.50
2007.06.07 05:55:43.383,1.2171,1.2173,23.20,4.00
2007.06.07 05:55:44.673,1.2171,1.2173,20.80,11.20
2007.06.07 05:55:44.701,1.2171,1.2173,16.80,15.20
2007.06.07 05:55:44.778,1.2171,1.2173,14.40,15.20
2007.06.07 05:55:45.294,1.2171,1.2173,14.40,17.60
2007.06.07 05:55:50.994,1.2171,1.2173,22.40,13.60
2007.06.07 05:55:52.255,1.2171,1.2173,18.40,17.60
2007.06.07 05:55:52.432,1.2171,1.2173,10.40,21.60
2007.06.07 05:55:54.142,1.2171,1.2173,10.40,25.60
2007.06.07 05:55:54.639,1.2171,1.2173,14.40,21.60
2007.06.07 05:56:02.678,1.2171,1.2173,10.40,25.60
2007.06.07 05:56:06.224,1.2171,1.2173,22.40,17.60
2007.06.07 05:56:06.661,1.2171,1.2173,22.40,13.60
2007.06.07 05:56:10.246,1.2171,1.21735,22.40,15.20
2007.06.07 05:56:10.522,1.2171,1.2173,14.40,0.90
2007.06.07 05:56:11.918,1.2171,1.21735,10.40,23.20
2007.06.07 05:56:12.141,1.2171,1.21735,10.40,27.20
2007.06.07 05:56:14.534,1.2171,1.21735,10.40,31.20
2007.06.07 05:56:16.622,1.2171,1.2173,12.80,0.60
2007.06.07 05:56:16.711,1.2171,1.21735,20.80,23.20
2007.06.07 05:56:16.731,1.2171,1.2173,23.20,0.80
2007.06.07 05:56:22.200,1.2171,1.2174,19.20,45.50
2007.06.07 05:56:25.124,1.2171,1.2173,16.80,0.90
2007.06.07 05:56:25.234,1.2171,1.21735,12.80,27.20
2007.06.07 05:56:25.338,1.2171,1.21735,10.40,27.20
2007.06.07 05:56:30.524,1.2171,1.2173,10.40,0.60
2007.06.07 05:56:37.657,1.2171,1.2174,12.80,51.90
2007.06.07 05:56:37.739,1.2171,1.2174,16.80,47.90
2007.06.07 05:56:41.187,1.2171,1.2173,16.80,0.60
2007.06.07 05:56:42.184,1.2171,1.2174,12.80,45.50
2007.06.07 05:56:45.657,1.2172,1.2174,7.60,45.50
2007.06.07 05:56:45.703,1.2173,1.2174,2.40,45.50
2007.06.07 05:56:45.893,1.2173,1.2174,10.40,17.60
2007.06.07 05:56:46.137,1.2173,1.2175,10.40,42.30
2007.06.07 05:56:46.180,1.2173,1.2175,10.40,35.20
2007.06.07 05:56:46.225,1.2173,1.2174,8.00,26.40
2007.06.07 05:56:46.291,1.2172,1.2173,2.40,0.90
2007.06.07 05:56:46.312,1.2171,1.2174,24.80,54.30
2007.06.07 05:56:46.497,1.2171,1.2174,16.80,38.40
2007.06.07 05:56:46.591,1.2171,1.2173,16.80,0.60
2007.06.07 05:56:47.140,1.2171,1.2174,16.80,38.30
2007.06.07 05:56:47.311,1.2171,1.2174,20.80,50.30
2007.06.07 05:56:47.334,1.2171,1.2174,23.20,45.50
2007.06.07 05:56:49.171,1.2171,1.2173,20.80,0.90
2007.06.07 05:56:49.266,1.2171,1.2173,20.80,0.90
2007.06.07 05:56:49.317,1.2171,1.21735,16.80,19.10
2007.06.07 05:56:49.390,1.2171,1.2173,14.40,0.70
2007.06.07 05:56:52.152,1.2171,1.2173,10.40,0.60
2007.06.07 05:57:01.093,1.2171,1.21735,10.40,25.50
2007.06.07 05:57:01.323,1.2171,1.2173,10.40,27.90
2007.06.07 05:57:02.226,1.2171,1.21725,8.00,22.30
2007.06.07 05:57:02.352,1.2169,1.21725,24.80,46.20
2007.06.07 05:57:02.445,1.2169,1.21725,20.80,46.30
2007.06.07 05:57:03.141,1.2169,1.21725,20.80,50.30
2007.06.07 05:57:06.984,1.2169,1.21725,21.60,50.30
2007.06.07 05:57:07.259,1.217,1.2172,2.40,0.80
2007.06.07 05:57:07.286,1.217,1.21725,2.40,36.00
2007.06.07 05:57:07.765,1.217,1.21725,4.80,33.60
2007.06.07 05:57:11.979,1.217,1.2171,4.80,8.00
2007.06.07 05:57:12.083,1.217,1.2172,9.60,28.00
2007.06.07 05:57:12.277,1.217,1.2172,17.60,20.00
2007.06.07 05:57:13.140,1.217,1.2172,17.60,16.00
2007.06.07 05:57:15.132,1.217,1.2172,17.60,16.80
2007.06.07 05:57:15.159,1.217,1.2172,12.80,19.20
2007.06.07 05:57:15.225,1.217,1.2172,0.80,31.20
2007.06.07 05:57:15.353,1.217,1.2172,0.80,43.10
2007.06.07 05:57:15.384,1.217,1.2171,0.80,8.00
2007.06.07 05:57:16.057,1.2169,1.2171,22.40,8.00
2007.06.07 05:57:21.479,1.2169,1.2171,8.10,8.00
2007.06.07 05:57:30.354,1.21685,1.2171,28.00,8.00
2007.06.07 05:57:34.052,1.2169,1.2171,4.30,8.80
2007.06.07 05:57:34.161,1.21685,1.2171,23.20,13.60
2007.06.07 05:57:34.254,1.2169,1.2171,2.30,37.50
2007.06.07 05:57:34.269,1.2169,1.217,4.70,8.00
2007.06.07 05:57:34.385,1.2169,1.217,0.60,8.00
2007.06.07 05:57:35.082,1.2168,1.217,34.20,8.00
2007.06.07 05:57:36.619,1.2169,1.217,1.40,8.00
2007.06.07 05:57:36.725,1.2169,1.2171,1.20,41.50
2007.06.07 05:57:36.782,1.2169,1.2171,1.50,25.60
2007.06.07 05:57:36.877,1.21685,1.2171,14.40,21.60
2007.06.07 05:57:37.098,1.21685,1.2171,14.40,20.00
2007.06.07 05:57:37.229,1.21685,1.2171,12.00,22.40
2007.06.07 05:57:42.661,1.2169,1.2171,3.80,12.00
2007.06.07 05:57:42.779,1.2169,1.2172,6.60,49.50
2007.06.07 05:57:43.074,1.2169,1.2172,11.00,48.70
2007.06.07 05:57:43.999,1.21685,1.21715,26.40,1.60
2007.06.07 05:57:44.198,1.21685,1.2171,24.00,10.40
2007.06.07 05:57:44.303,1.2169,1.2171,5.80,14.40
2007.06.07 05:57:49.779,1.2169,1.2171,8.00,10.40
2007.06.07 05:57:49.987,1.2169,1.2171,2.10,10.40
2007.06.07 05:57:59.631,1.21685,1.2171,27.20,8.00
2007.06.07 05:57:59.726,1.21695,1.2172,4.00,48.70
2007.06.07 05:57:59.764,1.21695,1.2172,4.00,36.00
2007.06.07 05:58:00.041,1.21695,1.2172,4.00,35.20
2007.06.07 05:58:00.057,1.21695,1.2172,4.00,34.40
2007.06.07 05:58:02.637,1.21695,1.2172,4.00,30.40
2007.06.07 05:58:03.713,1.217,1.2172,1.80,26.40
2007.06.07 05:58:03.911,1.217,1.2172,5.80,22.40
2007.06.07 05:58:04.323,1.217,1.2172,1.30,26.40
2007.06.07 05:58:04.453,1.217,1.2172,0.50,30.40
2007.06.07 05:58:06.189,1.21695,1.2172,4.00,34.40
2007.06.07 05:58:14.212,1.2169,1.2171,36.70,10.40
2007.06.07 05:58:14.711,1.21685,1.2171,24.80,10.40
2007.06.07 05:58:19.448,1.21695,1.2171,1.60,10.40
2007.06.07 05:58:22.725,1.217,1.2172,2.40,32.00
2007.06.07 05:58:22.817,1.217,1.2172,2.40,31.20
2007.06.07 05:58:22.946,1.217,1.2172,10.40,31.20
2007.06.07 05:58:23.028,1.217,1.2172,10.40,30.40
2007.06.07 05:58:29.205,1.217,1.2172,14.40,26.40
2007.06.07 05:58:30.752,1.21695,1.2172,16.00,26.40
2007.06.07 05:58:43.408,1.21695,1.2172,16.00,18.40
2007.06.07 05:58:44.025,1.217,1.2172,7.30,18.40
2007.06.07 05:58:44.238,1.21695,1.2172,24.80,10.40
2007.06.07 05:58:46.930,1.21705,1.2172,1.00,10.40
2007.06.07 05:58:51.793,1.217,1.2173,24.80,63.20
2007.06.07 05:58:57.744,1.21705,1.2172,0.80,0.80
2007.06.07 05:59:20.146,1.217,1.2172,25.60,8.00
2007.06.07 05:59:20.408,1.217,1.2172,25.60,12.00
2007.06.07 05:59:20.662,1.217,1.2172,23.20,12.00
2007.06.07 05:59:20.768,1.217,1.2172,23.20,14.40
2007.06.07 05:59:21.917,1.217,1.2172,22.40,14.40
2007.06.07 05:59:28.341,1.217,1.2172,14.40,22.40
2007.06.07 05:59:34.430,1.217,1.2172,10.40,26.40
2007.06.07 05:59:35.143,1.217,1.2172,10.40,30.40
2007.06.07 05:59:37.199,1.217,1.2172,10.40,42.30
2007.06.07 05:59:37.343,1.217,1.2171,10.40,8.00
2007.06.07 05:59:37.526,1.217,1.2171,10.40,16.00
2007.06.07 05:59:37.728,1.217,1.2171,10.40,8.00
2007.06.07 05:59:38.025,1.217,1.2172,10.40,30.40
2007.06.07 05:59:40.602,1.21695,1.2172,12.00,30.40
2007.06.07 05:59:42.137,1.21695,1.2172,12.00,26.40
2007.06.07 05:59:46.141,1.217,1.2172,2.50,30.40
2007.06.07 05:59:48.199,1.2169,1.2172,38.30,32.80
2007.06.07 05:59:48.254,1.21685,1.2172,39.90,40.80
2007.06.07 05:59:48.826,1.21685,1.2172,28.00,52.70
2007.06.07 05:59:49.067,1.21685,1.2172,26.40,52.70
2007.06.07 05:59:57.158,1.21685,1.2172,26.40,47.90
2007.06.07 05:59:57.172,1.21685,1.2172,26.40,39.90
2007.06.07 05:59:57.246,1.2169,1.2172,13.30,39.90
2007.06.07 05:59:57.382,1.2169,1.2172,3.10,35.90
2007.06.07 05:59:57.801,1.2169,1.2172,12.60,24.00
2007.06.07 05:59:58.140,1.2169,1.2172,2.80,20.00
