2016.09.01 06:00:00.072,0.98354,0.98364,1.50,1.12
2016.09.01 06:00:00.125,0.98355,0.98364,1.00,1.12
2016.09.01 06:00:00.228,0.98354,0.98365,1.87,1.50
2016.09.01 06:00:00.393,0.98354,0.98365,3.00,1.50
2016.09.01 06:00:00.445,0.98355,0.98365,1.00,1.50
2016.09.01 06:00:00.497,0.98355,0.98365,1.12,1.12
2016.09.01 06:00:01.127,0.98354,0.98365,3.75,1.12
2016.09.01 06:00:01.849,0.98355,0.98365,1.12,1.12
2016.09.01 06:00:02.637,0.98355,0.98366,1.87,1.50
2016.09.01 06:00:02.688,0.98356,0.98366,1.00,1.50
2016.09.01 06:00:03.073,0.98358,0.98366,1.00,1.00
2016.09.01 06:00:03.125,0.98358,0.98367,1.00,1.37
2016.09.01 06:00:03.176,0.98359,0.98369,1.12,1.50
2016.09.01 06:00:03.228,0.98359,0.98369,1.12,2.25
2016.09.01 06:00:03.279,0.98358,0.98369,2.25,1.87
2016.09.01 06:00:03.330,0.98358,0.98369,2.25,1.37
2016.09.01 06:00:03.382,0.98358,0.98369,2.25,1.37
2016.09.01 06:00:03.433,0.98358,0.98368,1.75,1.37
2016.09.01 06:00:03.484,0.98357,0.98368,2.25,1.00
2016.09.01 06:00:04.814,0.98358,0.98369,1.50,1.87
2016.09.01 06:00:04.924,0.98358,0.98369,1.87,1.87
2016.09.01 06:00:04.976,0.98359,0.98369,1.12,1.87
2016.09.01 06:00:05.131,0.9836,0.9837,1.00,1.87
2016.09.01 06:00:05.241,0.98361,0.98371,1.00,1.50
2016.09.01 06:00:05.294,0.98361,0.98371,1.12,1.12
2016.09.01 06:00:05.345,0.98361,0.98372,1.87,1.87
2016.09.01 06:00:05.397,0.98362,0.98372,1.00,1.50
2016.09.01 06:00:05.448,0.98362,0.98373,1.50,3.37
2016.09.01 06:00:05.500,0.98362,0.98373,2.25,2.25
2016.09.01 06:00:05.595,0.98362,0.98373,2.25,1.87
2016.09.01 06:00:05.646,0.98362,0.98373,2.25,1.12
2016.09.01 06:00:05.800,0.98363,0.98373,1.00,1.12
2016.09.01 06:00:05.962,0.98363,0.98374,1.00,3.75
2016.09.01 06:00:06.170,0.98363,0.98374,1.00,3.00
2016.09.01 06:00:06.307,0.98362,0.98374,1.50,3.75
2016.09.01 06:00:06.411,0.98362,0.98374,1.50,4.12
2016.09.01 06:00:09.572,0.98362,0.98373,1.50,1.12
2016.09.01 06:00:14.446,0.98362,0.98373,1.50,1.87
2016.09.01 06:00:14.651,0.98361,0.98373,1.87,1.87
2016.09.01 06:00:15.538,0.98361,0.98373,2.62,1.87
2016.09.01 06:00:15.589,0.98361,0.98372,2.62,1.00
2016.09.01 06:00:16.944,0.98361,0.98372,1.87,1.00
2016.09.01 06:00:19.286,0.98361,0.98373,1.87,2.62
2016.09.01 06:00:21.185,0.98361,0.98373,2.62,1.87
2016.09.01 06:00:21.710,0.98361,0.98373,1.87,2.62
2016.09.01 06:00:23.690,0.98362,0.98373,1.50,1.87
2016.09.01 06:00:23.889,0.98362,0.98373,2.25,1.12
2016.09.01 06:00:24.146,0.98363,0.98374,1.12,3.00
2016.09.01 06:00:24.198,0.98363,0.98374,1.87,3.00
2016.09.01 06:00:24.301,0.98363,0.98374,1.12,3.00
2016.09.01 06:00:24.404,0.98363,0.98374,1.12,3.75
2016.09.01 06:00:24.528,0.98363,0.98374,1.12,3.00
2016.09.01 06:00:25.052,0.98363,0.98374,1.12,3.37
2016.09.01 06:00:25.103,0.98363,0.98374,1.12,4.12
2016.09.01 06:00:25.155,0.98363,0.98373,1.12,1.12
2016.09.01 06:00:25.207,0.98363,0.98373,1.12,1.87
2016.09.01 06:00:25.693,0.98363,0.98373,1.12,1.12
2016.09.01 06:00:25.744,0.98363,0.98373,1.87,1.12
2016.09.01 06:00:26.050,0.98363,0.98374,1.87,2.25
2016.09.01 06:00:26.102,0.98364,0.98374,1.00,2.25
2016.09.01 06:00:26.204,0.98363,0.98374,1.87,2.25
2016.09.01 06:00:26.255,0.98363,0.98374,1.87,1.50
2016.09.01 06:00:27.252,0.98364,0.98374,1.00,1.50
2016.09.01 06:00:27.303,0.98364,0.98374,1.12,1.50
2016.09.01 06:00:27.355,0.98364,0.98374,1.87,1.50
2016.09.01 06:00:27.407,0.98364,0.98374,2.62,1.50
2016.09.01 06:00:27.458,0.98364,0.98375,3.37,1.75
2016.09.01 06:00:27.757,0.98364,0.98375,2.62,1.75
2016.09.01 06:00:27.808,0.98364,0.98375,2.62,1.75
2016.09.01 06:00:27.859,0.98365,0.98376,1.00,1.50
2016.09.01 06:00:27.911,0.98365,0.98376,1.50,1.50
2016.09.01 06:00:27.963,0.98365,0.98376,2.25,1.37
2016.09.01 06:00:28.066,0.98365,0.98376,2.25,1.12
2016.09.01 06:00:28.168,0.98366,0.98376,1.50,1.12
2016.09.01 06:00:28.220,0.98366,0.98376,2.25,1.12
2016.09.01 06:00:28.271,0.98366,0.98377,3.00,2.25
2016.09.01 06:00:28.878,0.98366,0.98377,3.00,2.25
2016.09.01 06:00:28.929,0.98366,0.98377,2.25,2.25
2016.09.01 06:00:29.031,0.98366,0.98376,2.25,1.12
2016.09.01 06:00:29.519,0.98366,0.98377,2.25,2.25
2016.09.01 06:00:29.585,0.98367,0.98377,1.37,2.25
2016.09.01 06:00:29.637,0.98367,0.98377,1.37,1.50
2016.09.01 06:00:29.792,0.98367,0.98377,1.50,1.37
2016.09.01 06:00:29.844,0.98367,0.98377,1.87,1.00
2016.09.01 06:00:29.960,0.98366,0.98377,4.50,1.12
2016.09.01 06:00:30.013,0.98366,0.98377,3.75,1.12
2016.09.01 06:00:30.065,0.98367,0.98377,1.50,1.87
2016.09.01 06:00:30.214,0.98367,0.98377,1.87,1.50
2016.09.01 06:00:30.265,0.98368,0.98377,1.12,1.50
2016.09.01 06:00:30.779,0.98367,0.98377,1.50,1.50
2016.09.01 06:00:30.881,0.98367,0.98377,1.37,1.50
2016.09.01 06:00:30.933,0.98367,0.98376,1.37,1.00
2016.09.01 06:00:31.058,0.98367,0.98376,1.12,1.00
2016.09.01 06:00:31.110,0.98367,0.98377,1.87,1.87
2016.09.01 06:00:31.161,0.98367,0.98377,1.50,1.50
2016.09.01 06:00:31.213,0.98367,0.98377,1.50,1.50
2016.09.01 06:00:31.265,0.98367,0.98377,2.25,1.00
2016.09.01 06:00:31.316,0.98367,0.98377,2.25,1.50
2016.09.01 06:00:31.367,0.98367,0.98377,1.87,2.25
2016.09.01 06:00:31.419,0.98367,0.98377,1.87,1.50
2016.09.01 06:00:31.470,0.98367,0.98377,1.37,1.50
2016.09.01 06:00:31.572,0.98367,0.98377,1.37,1.00
2016.09.01 06:00:31.675,0.98366,0.98377,1.75,1.00
2016.09.01 06:00:31.828,0.98366,0.98377,1.87,1.00
2016.09.01 06:00:31.989,0.98366,0.98378,3.00,1.87
2016.09.01 06:00:32.042,0.98366,0.98378,3.75,1.50
2016.09.01 06:00:32.096,0.98368,0.98379,1.12,4.12
2016.09.01 06:00:32.148,0.98368,0.98379,1.87,3.37
2016.09.01 06:00:32.199,0.98368,0.98379,1.87,2.62
2016.09.01 06:00:32.252,0.98368,0.98379,1.87,1.87
2016.09.01 06:00:32.305,0.98369,0.98379,1.00,1.50
2016.09.01 06:00:32.356,0.9837,0.98381,1.37,3.37
2016.09.01 06:00:32.408,0.9837,0.98381,2.62,1.50
2016.09.01 06:00:32.459,0.98371,0.98381,1.37,1.00
2016.09.01 06:00:32.511,0.98372,0.98381,1.00,1.00
2016.09.01 06:00:32.562,0.98372,0.98383,1.50,2.62
2016.09.01 06:00:32.665,0.98372,0.98383,1.50,2.62
2016.09.01 06:00:32.716,0.98372,0.98383,2.25,2.62
2016.09.01 06:00:32.842,0.98372,0.98383,3.00,2.25
2016.09.01 06:00:32.944,0.98372,0.98383,2.25,2.25
2016.09.01 06:00:33.097,0.98372,0.98382,2.25,1.00
2016.09.01 06:00:33.818,0.98372,0.98383,2.25,2.25
2016.09.01 06:00:33.911,0.98372,0.98383,3.00,1.00
2016.09.01 06:00:33.963,0.98374,0.98384,1.37,1.50
2016.09.01 06:00:34.015,0.98374,0.98384,1.50,1.12
2016.09.01 06:00:34.066,0.98374,0.98385,2.25,2.25
2016.09.01 06:00:34.118,0.98374,0.98385,3.00,3.00
2016.09.01 06:00:34.222,0.98374,0.98385,2.25,2.25
2016.09.01 06:00:36.368,0.98375,0.98385,1.12,3.00
2016.09.01 06:00:36.586,0.98374,0.98385,3.00,3.00
2016.09.01 06:00:36.637,0.98374,0.98385,3.00,1.87
2016.09.01 06:00:36.894,0.98374,0.98385,3.00,1.12
2016.09.01 06:00:37.233,0.98374,0.98385,2.25,1.12
2016.09.01 06:00:39.082,0.98374,0.98385,2.25,1.87
2016.09.01 06:00:41.944,0.98374,0.98385,3.00,1.87
2016.09.01 06:00:43.673,0.98374,0.98384,3.00,1.00
2016.09.01 06:00:43.724,0.98374,0.98382,2.25,1.00
2016.09.01 06:00:43.812,0.98373,0.98382,1.87,1.00
2016.09.01 06:00:43.916,0.98373,0.98383,1.87,1.87
2016.09.01 06:00:44.019,0.98373,0.98383,1.87,1.12
2016.09.01 06:00:44.070,0.98373,0.98384,1.87,3.00
2016.09.01 06:00:44.529,0.98373,0.98384,1.87,2.25
2016.09.01 06:00:45.230,0.98373,0.98384,1.87,3.00
2016.09.01 06:00:45.413,0.98373,0.98383,1.87,1.12
2016.09.01 06:00:45.718,0.98373,0.98384,1.87,2.25
2016.09.01 06:00:46.417,0.98373,0.98384,1.87,3.00
2016.09.01 06:00:46.623,0.98373,0.98384,1.87,2.25
2016.09.01 06:00:47.188,0.98373,0.98384,1.87,1.50
2016.09.01 06:00:47.239,0.98374,0.98384,1.00,1.50
2016.09.01 06:00:47.415,0.98374,0.98384,1.50,1.00
2016.09.01 06:00:48.131,0.98375,0.98385,1.12,1.87
2016.09.01 06:00:48.259,0.98376,0.98385,2.25,1.00
2016.09.01 06:00:48.362,0.98376,0.98385,1.75,1.00
2016.09.01 06:00:48.539,0.98377,0.98385,1.50,1.00
2016.09.01 06:00:50.323,0.98377,0.98385,1.00,1.00
2016.09.01 06:00:50.886,0.98377,0.98386,1.00,1.50
2016.09.01 06:00:54.144,0.98377,0.98386,1.00,1.00
2016.09.01 06:00:54.565,0.98377,0.98386,1.37,1.00
2016.09.01 06:00:54.619,0.98377,0.98386,1.50,1.00
2016.09.01 06:00:54.670,0.98377,0.98386,1.87,1.00
2016.09.01 06:00:54.773,0.98378,0.98386,1.12,1.00
2016.09.01 06:00:55.037,0.98377,0.98386,1.37,1.00
2016.09.01 06:01:00.335,0.98377,0.98386,1.37,1.50
2016.09.01 06:01:00.386,0.98377,0.98386,1.12,1.50
2016.09.01 06:01:00.437,0.98377,0.98386,1.50,1.12
2016.09.01 06:01:00.488,0.98377,0.98386,1.12,1.50
2016.09.01 06:01:00.591,0.98377,0.98386,1.12,1.50
2016.09.01 06:01:00.642,0.98377,0.98386,1.50,1.12
2016.09.01 06:01:00.693,0.98377,0.98386,1.50,1.00
2016.09.01 06:01:00.887,0.98378,0.98388,3.00,1.12
2016.09.01 06:01:00.940,0.9838,0.98389,1.00,3.00
2016.09.01 06:01:00.992,0.9838,0.98389,1.00,2.25
2016.09.01 06:01:01.045,0.9838,0.98389,1.00,1.50
2016.09.01 06:01:01.097,0.9838,0.98389,1.00,1.00
2016.09.01 06:01:01.354,0.9838,0.98389,1.00,1.50
2016.09.01 06:01:01.456,0.9838,0.98389,1.00,1.00
2016.09.01 06:01:01.840,0.98381,0.98391,1.87,1.50
2016.09.01 06:01:01.892,0.98381,0.98391,1.87,1.00
2016.09.01 06:01:01.989,0.98382,0.98391,1.00,1.00
2016.09.01 06:01:02.041,0.98382,0.98392,1.87,2.62
2016.09.01 06:01:02.093,0.98382,0.98392,1.87,2.25
2016.09.01 06:01:02.144,0.98382,0.98392,1.12,3.00
2016.09.01 06:01:02.384,0.98382,0.98392,1.12,2.25
2016.09.01 06:01:02.487,0.98382,0.98392,1.12,1.12
2016.09.01 06:01:02.539,0.98382,0.98392,1.12,1.87
2016.09.01 06:01:02.986,0.98382,0.98392,1.12,1.12
2016.09.01 06:01:03.471,0.98382,0.98392,1.12,1.87
2016.09.01 06:01:04.771,0.98381,0.98391,2.25,1.00
2016.09.01 06:01:05.782,0.98381,0.9839,2.25,1.00
2016.09.01 06:01:06.471,0.98381,0.98391,3.00,1.00
2016.09.01 06:01:07.872,0.98381,0.9839,3.00,1.00
2016.09.01 06:01:10.966,0.98381,0.9839,2.25,1.00
2016.09.01 06:01:12.586,0.98382,0.98391,1.12,1.00
2016.09.01 06:01:12.688,0.98382,0.98392,1.12,2.25
2016.09.01 06:01:12.997,0.98381,0.98392,2.25,2.25
2016.09.01 06:01:13.366,0.98381,0.98392,3.00,2.25
2016.09.01 06:01:13.994,0.98382,0.98392,1.00,2.62
2016.09.01 06:01:14.045,0.98381,0.98392,3.00,2.25
2016.09.01 06:01:14.463,0.98381,0.98391,3.00,1.00
2016.09.01 06:01:14.871,0.98381,0.98391,2.25,1.00
2016.09.01 06:01:15.384,0.98381,0.98392,3.75,1.50
2016.09.01 06:01:16.037,0.98381,0.98392,3.75,1.00
2016.09.01 06:01:16.089,0.98381,0.98392,3.00,1.00
2016.09.01 06:01:16.586,0.98381,0.98392,3.00,1.50
2016.09.01 06:01:21.914,0.98381,0.98392,2.25,1.50
2016.09.01 06:01:22.893,0.98381,0.98392,3.00,1.50
2016.09.01 06:01:22.945,0.98381,0.98392,3.37,1.50
2016.09.01 06:01:22.996,0.98383,0.98392,1.12,1.50
2016.09.01 06:01:23.408,0.98382,0.98392,1.50,1.50
2016.09.01 06:01:25.185,0.98383,0.98392,1.12,1.50
2016.09.01 06:01:25.594,0.98382,0.98392,1.50,1.50
2016.09.01 06:01:25.698,0.98382,0.98391,1.50,1.00
2016.09.01 06:01:27.177,0.98382,0.9839,1.50,1.00
2016.09.01 06:01:27.280,0.98381,0.9839,3.00,1.00
2016.09.01 06:01:27.412,0.98381,0.98389,1.75,1.00
2016.09.01 06:01:27.464,0.98381,0.98389,1.12,1.00
2016.09.01 06:01:27.515,0.98379,0.98388,3.00,1.00
2016.09.01 06:01:27.567,0.98379,0.98388,2.25,1.00
2016.09.01 06:01:27.619,0.98379,0.98388,1.37,1.12
2016.09.01 06:01:27.671,0.98379,0.98387,1.00,1.37
2016.09.01 06:01:27.722,0.98376,0.98387,2.62,2.25
2016.09.01 06:01:27.773,0.98376,0.98387,2.25,2.25
2016.09.01 06:01:27.825,0.98377,0.98387,1.00,2.62
2016.09.01 06:01:27.876,0.98377,0.98386,1.12,1.00
2016.09.01 06:01:27.979,0.98377,0.98387,1.00,3.00
2016.09.01 06:01:28.030,0.98376,0.98387,2.62,3.00
2016.09.01 06:01:28.311,0.98377,0.98387,1.00,3.00
2016.09.01 06:01:28.859,0.98377,0.98387,1.50,2.25
2016.09.01 06:01:28.911,0.98377,0.98387,1.50,1.50
2016.09.01 06:01:29.029,0.98378,0.98387,1.12,1.00
2016.09.01 06:01:29.081,0.98378,0.98388,1.87,1.12
2016.09.01 06:01:30.894,0.98378,0.98388,1.87,1.87
2016.09.01 06:01:31.338,0.98378,0.98388,1.87,2.25
2016.09.01 06:01:31.392,0.98378,0.98387,1.00,1.12
2016.09.01 06:01:31.495,0.98378,0.98386,1.00,1.00
2016.09.01 06:01:32.101,0.98378,0.98388,1.00,2.25
2016.09.01 06:01:32.289,0.98378,0.98388,1.87,1.50
2016.09.01 06:01:32.392,0.98378,0.98388,3.00,1.00
2016.09.01 06:01:32.443,0.98378,0.98389,3.37,1.87
2016.09.01 06:01:32.496,0.98378,0.98389,4.12,1.12
2016.09.01 06:01:32.600,0.98379,0.98389,1.12,1.12
2016.09.01 06:01:32.652,0.98379,0.98389,1.50,1.50
2016.09.01 06:01:32.704,0.9838,0.98389,1.00,2.25
2016.09.01 06:01:32.755,0.9838,0.98389,1.00,1.87
2016.09.01 06:01:32.807,0.9838,0.98389,1.12,1.00
2016.09.01 06:01:33.952,0.9838,0.98389,3.75,1.00
2016.09.01 06:01:34.003,0.9838,0.9839,3.75,1.12
2016.09.01 06:01:34.055,0.9838,0.98391,3.75,4.12
2016.09.01 06:01:34.107,0.9838,0.98391,4.50,4.12
2016.09.01 06:01:34.215,0.98382,0.98391,1.50,1.00
2016.09.01 06:01:34.269,0.98383,0.98392,1.00,1.50
2016.09.01 06:01:34.321,0.98383,0.98392,3.00,1.37
2016.09.01 06:01:34.373,0.98385,0.98392,1.00,1.37
2016.09.01 06:01:34.425,0.98385,0.98392,1.50,1.37
2016.09.01 06:01:34.476,0.98385,0.98392,2.25,1.37
2016.09.01 06:01:34.528,0.98386,0.98392,1.12,1.37
2016.09.01 06:01:34.681,0.98386,0.98392,1.50,1.37
2016.09.01 06:01:34.783,0.98387,0.98392,1.12,1.37
2016.09.01 06:01:35.174,0.98387,0.98397,2.62,1.87
2016.09.01 06:01:35.226,0.98388,0.98397,1.00,1.50
2016.09.01 06:01:35.329,0.98388,0.98396,1.00,1.12
2016.09.01 06:01:35.431,0.98388,0.98396,1.00,1.00
2016.09.01 06:01:35.585,0.98387,0.98397,2.62,1.00
2016.09.01 06:01:35.787,0.98388,0.98396,1.12,1.00
2016.09.01 06:01:35.948,0.98388,0.98396,1.50,1.00
2016.09.01 06:01:35.999,0.98388,0.98398,1.50,1.87
2016.09.01 06:01:36.102,0.98388,0.98399,2.25,2.25
2016.09.01 06:01:36.154,0.98388,0.98399,2.62,1.87
2016.09.01 06:01:36.205,0.98389,0.984,2.25,2.25
2016.09.01 06:01:36.257,0.98389,0.984,2.62,1.87
2016.09.01 06:01:36.308,0.9839,0.984,1.50,1.12
2016.09.01 06:01:36.606,0.98391,0.984,1.00,1.87
2016.09.01 06:01:40.519,0.98391,0.984,1.00,1.12
2016.09.01 06:01:41.928,0.98389,0.984,2.62,1.12
2016.09.01 06:01:43.074,0.98389,0.984,2.25,1.12
2016.09.01 06:01:43.126,0.98389,0.984,3.00,1.12
2016.09.01 06:01:44.936,0.98389,0.98399,2.25,2.25
2016.09.01 06:01:44.988,0.98389,0.98399,1.37,3.00
2016.09.01 06:01:45.040,0.98389,0.98397,1.12,1.00
2016.09.01 06:01:45.193,0.98387,0.98397,2.62,1.00
2016.09.01 06:01:45.245,0.98388,0.98396,1.00,1.00
2016.09.01 06:01:45.347,0.98386,0.98395,3.00,1.00
2016.09.01 06:01:45.449,0.98386,0.98396,1.50,1.00
2016.09.01 06:01:45.551,0.98386,0.98396,2.25,1.00
2016.09.01 06:01:46.292,0.98387,0.98396,1.12,1.00
2016.09.01 06:01:47.243,0.98386,0.98396,2.25,1.00
2016.09.01 06:01:47.295,0.98386,0.98396,1.37,1.50
2016.09.01 06:01:47.347,0.98385,0.98395,2.25,1.12
2016.09.01 06:01:47.399,0.98384,0.98394,2.62,1.00
2016.09.01 06:01:47.450,0.98384,0.98394,2.62,1.50
2016.09.01 06:01:47.501,0.98384,0.98394,1.50,1.87
2016.09.01 06:01:47.553,0.98384,0.98393,1.00,1.00
2016.09.01 06:01:47.604,0.98383,0.98392,2.62,1.00
2016.09.01 06:01:47.656,0.98383,0.98392,1.87,1.00
2016.09.01 06:01:48.096,0.98383,0.98392,1.50,1.00
2016.09.01 06:01:48.879,0.98383,0.98392,1.50,1.12
2016.09.01 06:01:48.930,0.98382,0.98392,1.12,2.25
2016.09.01 06:01:49.744,0.98382,0.98391,1.12,1.00
2016.09.01 06:01:49.796,0.98381,0.98391,2.25,1.00
2016.09.01 06:01:49.932,0.98381,0.9839,1.50,1.00
2016.09.01 06:01:50.290,0.98381,0.9839,1.37,1.00
2016.09.01 06:01:50.341,0.98381,0.9839,1.12,1.00
2016.09.01 06:01:51.119,0.98381,0.98391,1.12,1.87
2016.09.01 06:01:51.221,0.98381,0.9839,1.12,1.00
2016.09.01 06:01:53.038,0.98381,0.98391,1.12,1.12
2016.09.01 06:01:56.816,0.98381,0.98391,1.87,1.12
2016.09.01 06:01:58.756,0.98381,0.98391,1.12,1.12
2016.09.01 06:02:00.131,0.98381,0.98391,1.87,1.12
2016.09.01 06:02:00.233,0.98381,0.98391,2.62,1.12
2016.09.01 06:02:00.285,0.98381,0.98391,3.00,1.12
2016.09.01 06:02:00.336,0.98382,0.98391,1.50,1.12
2016.09.01 06:02:00.521,0.98382,0.98391,1.87,1.00
2016.09.01 06:02:00.573,0.98382,0.98392,1.87,1.12
2016.09.01 06:02:00.726,0.98382,0.98392,1.12,1.12
2016.09.01 06:02:02.406,0.98382,0.98392,1.12,1.87
2016.09.01 06:02:06.644,0.98381,0.98392,2.25,1.87
2016.09.01 06:02:07.532,0.98381,0.98391,2.25,1.00
2016.09.01 06:02:09.169,0.98381,0.98392,2.25,1.87
2016.09.01 06:02:09.220,0.98382,0.98392,1.12,1.87
2016.09.01 06:02:09.271,0.98382,0.98393,2.62,1.50
2016.09.01 06:02:09.322,0.98383,0.98393,1.00,1.50
2016.09.01 06:02:09.373,0.98383,0.98393,1.50,1.50
2016.09.01 06:02:09.476,0.98383,0.98394,2.62,1.37
2016.09.01 06:02:09.527,0.98384,0.98394,1.00,1.00
2016.09.01 06:02:09.634,0.98384,0.98395,3.00,1.12
2016.09.01 06:02:09.854,0.98384,0.98395,2.25,1.12
2016.09.01 06:02:10.163,0.98384,0.98395,2.25,1.87
2016.09.01 06:02:10.368,0.98384,0.98395,2.25,1.12
2016.09.01 06:02:10.486,0.98384,0.98394,1.87,1.37
2016.09.01 06:02:10.537,0.98384,0.98394,1.50,1.50
2016.09.01 06:02:10.589,0.98384,0.98394,1.00,1.50
2016.09.01 06:02:10.742,0.98383,0.98394,1.12,1.50
2016.09.01 06:02:11.736,0.98384,0.98394,1.00,1.50
2016.09.01 06:02:12.144,0.98384,0.98393,1.00,1.12
2016.09.01 06:02:12.349,0.98382,0.98392,2.25,1.00
2016.09.01 06:02:12.467,0.98382,0.98392,1.87,1.12
2016.09.01 06:02:12.570,0.98382,0.98393,2.62,1.50
2016.09.01 06:02:12.673,0.98384,0.98393,1.00,1.50
2016.09.01 06:02:13.775,0.98383,0.98393,1.00,1.50
2016.09.01 06:02:18.692,0.98384,0.98395,1.50,2.62
2016.09.01 06:02:18.853,0.98388,0.98396,1.00,1.00
2016.09.01 06:02:18.927,0.98388,0.98398,1.12,2.25
2016.09.01 06:02:18.980,0.98389,0.98397,1.00,1.00
2016.09.01 06:02:19.084,0.98389,0.98397,1.12,1.00
2016.09.01 06:02:19.187,0.98389,0.98397,1.00,1.00
2016.09.01 06:02:19.289,0.98388,0.98397,1.12,1.00
2016.09.01 06:02:19.392,0.98388,0.98397,1.87,1.50
2016.09.01 06:02:19.494,0.98388,0.98397,1.87,1.00
2016.09.01 06:02:20.776,0.98388,0.98399,2.62,3.00
2016.09.01 06:02:20.879,0.98388,0.98399,3.00,1.87
2016.09.01 06:02:21.083,0.98389,0.98399,1.12,1.87
2016.09.01 06:02:21.915,0.98389,0.98399,1.37,1.50
2016.09.01 06:02:22.003,0.98389,0.98399,1.75,1.50
2016.09.01 06:02:22.580,0.98389,0.98399,2.25,1.00
2016.09.01 06:02:23.058,0.9839,0.98399,1.50,1.00
2016.09.01 06:02:23.263,0.9839,0.98399,1.50,1.50
2016.09.01 06:02:23.314,0.9839,0.98399,1.12,2.62
2016.09.01 06:02:23.366,0.98389,0.98398,1.00,1.00
2016.09.01 06:02:23.743,0.98388,0.98398,1.87,1.00
2016.09.01 06:02:23.967,0.98388,0.98399,1.87,2.62
2016.09.01 06:02:24.070,0.98388,0.98399,1.87,1.87
2016.09.01 06:02:24.122,0.98389,0.984,1.12,2.62
2016.09.01 06:02:24.173,0.98389,0.984,1.87,1.87
2016.09.01 06:02:24.275,0.98389,0.984,2.62,1.87
2016.09.01 06:02:24.378,0.9839,0.984,1.00,1.87
2016.09.01 06:02:24.493,0.9839,0.98401,2.25,1.50
2016.09.01 06:02:24.545,0.98391,0.98401,1.00,1.12
2016.09.01 06:02:24.660,0.98391,0.98401,1.50,1.12
2016.09.01 06:02:24.928,0.98391,0.98401,1.12,1.12
2016.09.01 06:02:26.256,0.98391,0.98401,1.12,1.87
2016.09.01 06:02:26.564,0.98391,0.984,1.12,1.00
2016.09.01 06:02:28.479,0.98391,0.98401,1.12,1.12
2016.09.01 06:02:28.582,0.9839,0.984,2.62,1.00
2016.09.01 06:02:28.685,0.9839,0.98401,2.62,1.87
2016.09.01 06:02:28.881,0.98391,0.98401,1.12,1.87
2016.09.01 06:02:30.168,0.98392,0.98401,1.00,1.12
2016.09.01 06:02:30.221,0.98392,0.98402,1.12,1.12
2016.09.01 06:02:30.272,0.98394,0.98404,1.87,1.87
2016.09.01 06:02:30.323,0.98396,0.98405,1.00,2.06
2016.09.01 06:02:30.375,0.98397,0.98405,1.50,1.12
2016.09.01 06:02:30.427,0.98397,0.98407,2.62,3.37
2016.09.01 06:02:30.478,0.98398,0.98407,1.00,1.87
2016.09.01 06:02:30.531,0.98398,0.98407,1.12,2.25
2016.09.01 06:02:30.774,0.98398,0.98407,1.12,1.50
2016.09.01 06:02:30.978,0.98398,0.98407,1.12,1.00
2016.09.01 06:02:31.339,0.98398,0.98408,1.12,3.00
2016.09.01 06:02:31.390,0.98398,0.98406,1.12,1.00
2016.09.01 06:02:32.397,0.98397,0.98406,1.87,1.00
2016.09.01 06:02:32.500,0.98397,0.98406,1.37,1.00
2016.09.01 06:02:34.286,0.98397,0.98405,1.37,1.00
2016.09.01 06:02:34.338,0.98397,0.98405,1.00,1.12
2016.09.01 06:02:34.389,0.98397,0.98406,1.00,2.25
2016.09.01 06:02:34.491,0.98397,0.98406,1.00,3.00
2016.09.01 06:02:34.800,0.98396,0.98405,1.00,1.12
2016.09.01 06:02:36.583,0.98395,0.98405,1.87,1.12
2016.09.01 06:02:36.687,0.98396,0.98405,1.00,1.12
2016.09.01 06:02:39.036,0.98396,0.98405,1.00,1.87
2016.09.01 06:02:40.596,0.98394,0.98405,2.25,1.87
2016.09.01 06:02:40.699,0.98396,0.98404,1.00,1.00
2016.09.01 06:02:43.687,0.98395,0.98404,1.00,1.12
2016.09.01 06:02:43.739,0.98395,0.98404,1.00,1.87
2016.09.01 06:02:43.792,0.98393,0.98403,1.12,1.12
2016.09.01 06:02:43.843,0.98393,0.98402,1.00,1.12
2016.09.01 06:02:43.895,0.98393,0.984,1.00,1.00
2016.09.01 06:02:44.112,0.98392,0.984,1.12,1.00
2016.09.01 06:02:44.317,0.9839,0.984,3.37,1.00
2016.09.01 06:02:44.419,0.9839,0.984,2.62,1.00
2016.09.01 06:02:44.522,0.9839,0.984,3.00,1.00
2016.09.01 06:02:44.624,0.98392,0.984,1.12,1.00
2016.09.01 06:02:45.687,0.98392,0.98401,1.12,1.00
2016.09.01 06:02:45.790,0.98392,0.98402,1.12,1.87
2016.09.01 06:02:49.070,0.98392,0.98402,1.00,2.25
2016.09.01 06:02:49.121,0.98392,0.98399,1.00,1.00
2016.09.01 06:02:49.585,0.98392,0.984,1.00,1.12
2016.09.01 06:02:50.090,0.98392,0.984,1.00,1.00
2016.09.01 06:02:55.630,0.98392,0.98399,1.00,1.00
2016.09.01 06:02:55.732,0.9839,0.984,1.50,1.00
2016.09.01 06:03:00.145,0.9839,0.984,1.37,1.00
2016.09.01 06:03:01.644,0.9839,0.98402,1.87,2.25
2016.09.01 06:03:01.695,0.98391,0.98402,1.37,2.25
2016.09.01 06:03:01.746,0.98391,0.98402,2.25,2.25
2016.09.01 06:03:02.646,0.98391,0.98401,1.50,1.00
2016.09.01 06:03:06.499,0.98392,0.98401,1.12,1.00
2016.09.01 06:03:08.615,0.98392,0.98402,1.12,2.25
2016.09.01 06:03:09.053,0.98392,0.98402,1.12,3.00
2016.09.01 06:03:09.105,0.98392,0.98402,1.12,3.75
2016.09.01 06:03:09.157,0.98392,0.984,1.12,1.00
2016.09.01 06:03:11.542,0.98392,0.984,1.12,1.50
2016.09.01 06:03:11.594,0.98392,0.984,1.12,1.50
2016.09.01 06:03:11.647,0.98389,0.98397,1.87,1.00
2016.09.01 06:03:11.699,0.98389,0.98397,1.50,1.00
2016.09.01 06:03:11.751,0.98388,0.98395,1.00,1.00
2016.09.01 06:03:11.938,0.98385,0.98394,1.00,1.50
2016.09.01 06:03:12.006,0.98384,0.98394,1.87,1.50
2016.09.01 06:03:12.058,0.98384,0.98395,1.12,2.25
2016.09.01 06:03:12.109,0.98384,0.98395,1.00,2.62
2016.09.01 06:03:12.211,0.98386,0.98395,1.50,2.25
2016.09.01 06:03:12.263,0.98386,0.98395,1.00,2.25
2016.09.01 06:03:12.314,0.98386,0.98395,1.00,2.25
2016.09.01 06:03:12.417,0.98386,0.98394,1.00,1.00
2016.09.01 06:03:12.470,0.98386,0.98395,1.00,2.25
2016.09.01 06:03:12.572,0.98386,0.98395,1.00,1.87
2016.09.01 06:03:12.819,0.98385,0.98394,1.87,1.00
2016.09.01 06:03:12.871,0.98385,0.98394,1.12,1.00
2016.09.01 06:03:12.923,0.98385,0.98395,1.12,1.12
2016.09.01 06:03:13.129,0.98386,0.98395,1.00,1.12
2016.09.01 06:03:15.868,0.98386,0.98396,1.00,1.37
2016.09.01 06:03:17.848,0.98386,0.98396,1.00,1.87
2016.09.01 06:03:19.783,0.98386,0.98396,1.00,1.87
2016.09.01 06:03:19.940,0.98386,0.98395,1.00,1.87
2016.09.01 06:03:20.454,0.98386,0.98395,1.00,1.12
2016.09.01 06:03:20.961,0.98387,0.98395,1.00,1.12
2016.09.01 06:03:21.482,0.98386,0.98395,1.00,1.12
2016.09.01 06:03:24.465,0.98386,0.98396,1.00,1.87
2016.09.01 06:03:25.048,0.98387,0.98396,1.00,1.87
2016.09.01 06:03:25.858,0.98386,0.98396,1.00,1.87
2016.09.01 06:03:26.396,0.98387,0.98396,1.00,1.87
2016.09.01 06:03:29.865,0.98387,0.98395,1.00,1.12
2016.09.01 06:03:38.034,0.98386,0.98395,1.00,1.12
2016.09.01 06:03:39.483,0.98386,0.98395,1.00,1.87
2016.09.01 06:03:39.534,0.98384,0.98395,2.25,1.87
2016.09.01 06:03:39.739,0.98385,0.98395,1.12,1.87
2016.09.01 06:03:39.841,0.98384,0.98395,2.25,1.87
2016.09.01 06:03:40.857,0.98385,0.98395,1.12,1.87
2016.09.01 06:03:41.960,0.98386,0.98395,1.00,1.87
2016.09.01 06:03:46.448,0.98384,0.98395,2.25,1.87
2016.09.01 06:03:46.499,0.98384,0.98394,2.25,1.00
2016.09.01 06:03:46.601,0.98384,0.98395,2.25,1.12
2016.09.01 06:03:47.033,0.98384,0.98395,2.62,1.12
2016.09.01 06:03:47.085,0.98385,0.98396,1.12,2.62
2016.09.01 06:03:47.244,0.98386,0.98396,1.00,2.25
2016.09.01 06:03:47.775,0.98387,0.98396,1.00,2.25
2016.09.01 06:03:47.878,0.98387,0.98395,1.00,1.12
2016.09.01 06:03:55.097,0.98387,0.98396,1.00,2.25
2016.09.01 06:03:55.200,0.98388,0.98396,1.50,1.00
2016.09.01 06:03:55.252,0.9839,0.98398,1.00,1.75
2016.09.01 06:03:55.304,0.9839,0.98399,1.12,1.50
2016.09.01 06:03:55.355,0.98391,0.984,1.00,1.50
2016.09.01 06:03:55.406,0.98391,0.984,1.12,1.37
2016.09.01 06:03:55.457,0.98391,0.984,1.12,1.12
2016.09.01 06:03:55.625,0.98391,0.984,1.12,1.00
2016.09.01 06:03:55.677,0.9839,0.984,1.50,1.00
2016.09.01 06:03:56.187,0.98391,0.984,1.12,1.00
2016.09.01 06:03:56.239,0.98391,0.984,1.00,1.00
2016.09.01 06:03:57.098,0.98391,0.984,1.00,1.00
2016.09.01 06:04:00.484,0.9839,0.984,1.00,1.00
2016.09.01 06:04:01.358,0.98391,0.984,1.00,1.00
2016.09.01 06:04:01.409,0.98391,0.984,1.00,1.50
2016.09.01 06:04:02.338,0.98391,0.98401,4.12,1.00
2016.09.01 06:04:02.440,0.98391,0.98402,5.25,1.00
2016.09.01 06:04:03.223,0.98392,0.98403,1.37,2.25
2016.09.01 06:04:03.731,0.98392,0.98402,1.37,1.00
2016.09.01 06:04:04.235,0.98391,0.98402,4.50,1.50
2016.09.01 06:04:04.365,0.98391,0.98401,4.50,1.00
2016.09.01 06:04:04.887,0.98391,0.98401,2.25,1.00
2016.09.01 06:04:05.142,0.98392,0.98403,1.12,2.62
2016.09.01 06:04:05.193,0.98392,0.98403,1.12,1.87
2016.09.01 06:04:05.295,0.98393,0.98402,1.00,1.00
2016.09.01 06:04:05.466,0.98392,0.98402,1.87,1.00
2016.09.01 06:04:09.203,0.98392,0.98403,2.62,1.50
2016.09.01 06:04:09.254,0.98393,0.98403,1.00,1.12
2016.09.01 06:04:09.357,0.98393,0.98403,1.50,1.12
2016.09.01 06:04:09.490,0.98394,0.98403,1.00,1.12
2016.09.01 06:04:11.242,0.98394,0.98403,1.00,1.87
2016.09.01 06:04:15.792,0.98393,0.98403,1.12,1.87
2016.09.01 06:04:15.844,0.98393,0.98401,1.12,1.00
2016.09.01 06:04:15.896,0.98392,0.98401,1.50,1.00
2016.09.01 06:04:18.104,0.98393,0.98401,1.12,1.00
2016.09.01 06:04:18.448,0.98392,0.98401,1.50,1.00
2016.09.01 06:04:19.236,0.98392,0.98401,1.12,1.00
2016.09.01 06:04:19.287,0.98392,0.98401,1.00,1.00
2016.09.01 06:04:19.619,0.98391,0.984,1.50,1.00
2016.09.01 06:04:20.339,0.98391,0.98401,1.50,1.00
2016.09.01 06:04:23.526,0.98391,0.98399,1.50,1.00
2016.09.01 06:04:23.577,0.98391,0.98399,1.00,1.00
2016.09.01 06:04:23.731,0.98389,0.98398,1.12,1.00
2016.09.01 06:04:23.825,0.98389,0.98398,1.00,1.12
2016.09.01 06:04:24.037,0.98389,0.98399,1.12,2.62
2016.09.01 06:04:24.088,0.9839,0.98399,1.00,1.50
2016.09.01 06:04:24.140,0.9839,0.984,1.00,2.62
2016.09.01 06:04:24.344,0.98391,0.984,1.00,2.25
2016.09.01 06:04:25.030,0.98391,0.984,1.00,1.50
2016.09.01 06:04:26.169,0.98391,0.984,1.00,2.25
2016.09.01 06:04:26.426,0.98392,0.984,1.00,1.87
2016.09.01 06:04:26.951,0.98391,0.984,1.00,1.87
2016.09.01 06:04:27.603,0.98389,0.984,2.62,1.87
2016.09.01 06:04:27.909,0.98391,0.984,1.00,1.87
2016.09.01 06:04:30.170,0.98391,0.984,1.00,1.12
2016.09.01 06:04:32.758,0.98391,0.984,1.00,1.87
2016.09.01 06:04:32.861,0.98391,0.98399,1.00,1.00
2016.09.01 06:04:32.964,0.98391,0.984,1.00,1.87
2016.09.01 06:04:33.117,0.98389,0.984,2.62,1.87
2016.09.01 06:04:33.343,0.98389,0.98399,2.62,1.00
2016.09.01 06:04:33.396,0.98389,0.98399,1.50,1.50
2016.09.01 06:04:33.448,0.98389,0.98399,1.37,1.50
2016.09.01 06:04:33.500,0.98389,0.98398,1.12,1.00
2016.09.01 06:04:33.605,0.98389,0.98397,1.00,1.00
2016.09.01 06:04:33.709,0.98389,0.98397,1.00,1.12
2016.09.01 06:04:36.705,0.98387,0.98397,1.12,1.12
2016.09.01 06:04:37.368,0.98387,0.98398,1.12,2.25
2016.09.01 06:04:39.031,0.98387,0.98398,1.87,2.25
2016.09.01 06:04:39.171,0.98389,0.98398,1.00,2.25
2016.09.01 06:04:39.376,0.98389,0.98398,1.00,1.50
2016.09.01 06:04:41.335,0.9839,0.98398,1.00,1.37
2016.09.01 06:04:41.457,0.9839,0.98399,1.00,1.12
2016.09.01 06:04:41.764,0.9839,0.98398,1.00,1.00
2016.09.01 06:04:42.019,0.98389,0.98398,1.12,1.00
2016.09.01 06:04:43.772,0.98389,0.98399,1.12,1.87
2016.09.01 06:04:43.823,0.9839,0.98399,1.00,1.87
2016.09.01 06:04:43.874,0.9839,0.98399,1.00,1.12
2016.09.01 06:04:44.387,0.98391,0.98399,1.00,1.12
2016.09.01 06:04:46.712,0.98391,0.984,1.00,2.25
2016.09.01 06:04:46.764,0.98391,0.984,1.00,1.50
2016.09.01 06:04:47.070,0.9839,0.984,1.50,1.50
2016.09.01 06:04:47.204,0.9839,0.984,1.00,1.50
2016.09.01 06:04:47.255,0.9839,0.984,1.50,1.50
2016.09.01 06:04:47.306,0.9839,0.984,1.00,1.50
2016.09.01 06:04:47.542,0.98389,0.984,3.00,1.50
2016.09.01 06:04:50.382,0.98389,0.984,3.00,1.37
2016.09.01 06:04:50.434,0.98389,0.984,3.00,1.12
2016.09.01 06:04:52.053,0.9839,0.984,1.00,1.12
2016.09.01 06:04:52.157,0.9839,0.98401,1.50,2.25
2016.09.01 06:04:52.208,0.9839,0.98401,2.25,1.37
2016.09.01 06:04:52.261,0.9839,0.98401,2.62,1.37
2016.09.01 06:04:52.441,0.9839,0.984,1.12,1.87
2016.09.01 06:04:52.493,0.9839,0.984,1.12,1.12
2016.09.01 06:04:52.597,0.9839,0.984,1.50,1.12
2016.09.01 06:04:52.649,0.9839,0.98401,2.25,2.25
2016.09.01 06:04:52.805,0.9839,0.98401,2.25,1.37
2016.09.01 06:04:52.856,0.98391,0.98401,1.12,1.37
2016.09.01 06:04:52.907,0.98391,0.98401,1.12,1.87
2016.09.01 06:04:53.112,0.98391,0.98401,1.12,1.37
2016.09.01 06:04:55.314,0.98391,0.98401,1.00,1.37
2016.09.01 06:04:56.861,0.98392,0.98402,1.00,2.62
2016.09.01 06:04:56.912,0.98392,0.98402,1.12,1.87
2016.09.01 06:04:57.177,0.98392,0.98402,1.87,1.12
2016.09.01 06:04:57.300,0.98392,0.98402,1.12,1.12
2016.09.01 06:04:59.179,0.98392,0.98402,1.12,1.87
2016.09.01 06:05:00.176,0.98392,0.98402,1.50,1.87
2016.09.01 06:05:00.227,0.98392,0.98403,3.00,3.00
2016.09.01 06:05:00.278,0.98392,0.98403,3.37,3.00
2016.09.01 06:05:00.330,0.98393,0.98403,1.12,1.87
2016.09.01 06:05:01.309,0.98393,0.98403,1.12,1.12
2016.09.01 06:05:01.411,0.98393,0.98403,1.87,1.12
2016.09.01 06:05:01.463,0.98394,0.98404,1.00,2.44
2016.09.01 06:05:01.515,0.98394,0.98404,1.87,2.06
2016.09.01 06:05:01.567,0.98395,0.98404,1.00,2.06
2016.09.01 06:05:03.261,0.98393,0.98404,3.00,2.06
2016.09.01 06:05:03.313,0.98394,0.98404,1.12,2.06
2016.09.01 06:05:03.416,0.98393,0.98404,3.00,2.06
2016.09.01 06:05:03.756,0.98393,0.98404,2.62,2.06
2016.09.01 06:05:04.320,0.98393,0.98404,2.25,2.06
2016.09.01 06:05:05.971,0.98393,0.98403,1.50,1.00
2016.09.01 06:05:06.022,0.98392,0.98403,1.37,1.87
2016.09.01 06:05:06.074,0.98392,0.98403,1.12,2.25
2016.09.01 06:05:06.125,0.98392,0.98402,1.12,1.12
2016.09.01 06:05:06.329,0.98392,0.98403,1.12,3.00
2016.09.01 06:05:06.380,0.98391,0.98402,2.25,1.12
2016.09.01 06:05:06.431,0.98391,0.98402,1.50,1.87
2016.09.01 06:05:06.610,0.98391,0.98401,1.50,1.00
2016.09.01 06:05:06.917,0.98391,0.98402,1.50,1.87
2016.09.01 06:05:08.826,0.98391,0.98401,1.50,1.00
2016.09.01 06:05:09.516,0.98391,0.98401,1.37,1.00
2016.09.01 06:05:09.567,0.98391,0.98401,1.00,1.00
2016.09.01 06:05:09.684,0.9839,0.98401,1.50,1.50
2016.09.01 06:05:09.923,0.9839,0.98401,2.62,1.00
2016.09.01 06:05:09.975,0.98391,0.98402,1.37,3.00
2016.09.01 06:05:10.026,0.98392,0.98402,2.62,2.62
2016.09.01 06:05:10.335,0.98392,0.98402,2.62,1.87
2016.09.01 06:05:10.386,0.98392,0.98402,3.00,1.87
2016.09.01 06:05:11.151,0.98392,0.98401,3.00,1.00
2016.09.01 06:05:11.254,0.98392,0.98402,3.00,1.87
2016.09.01 06:05:12.599,0.98392,0.98402,3.75,1.12
2016.09.01 06:05:12.650,0.98392,0.98403,3.75,2.25
2016.09.01 06:05:12.701,0.98392,0.98403,1.50,2.25
2016.09.01 06:05:12.753,0.98392,0.98403,2.25,1.50
2016.09.01 06:05:13.137,0.98392,0.98403,1.50,2.25
2016.09.01 06:05:13.189,0.98392,0.98403,3.75,2.25
2016.09.01 06:05:13.342,0.98394,0.98403,1.00,1.00
2016.09.01 06:05:13.432,0.98394,0.98404,1.00,1.87
2016.09.01 06:05:13.483,0.98394,0.98404,3.00,1.12
2016.09.01 06:05:13.636,0.98394,0.98404,3.00,1.12
2016.09.01 06:05:13.688,0.98395,0.98404,1.37,1.12
2016.09.01 06:05:13.739,0.98395,0.98406,1.37,3.37
2016.09.01 06:05:13.860,0.98395,0.98406,1.12,3.37
2016.09.01 06:05:13.911,0.98395,0.98405,1.12,1.00
2016.09.01 06:05:13.963,0.98395,0.98404,3.37,1.00
2016.09.01 06:05:14.014,0.98395,0.98404,3.37,1.87
2016.09.01 06:05:14.065,0.98394,0.98403,3.37,1.12
2016.09.01 06:05:14.168,0.98394,0.98403,3.75,1.00
2016.09.01 06:05:14.271,0.98393,0.98402,2.62,1.00
2016.09.01 06:05:14.374,0.98391,0.984,3.75,1.00
2016.09.01 06:05:14.579,0.98391,0.98399,3.00,1.00
2016.09.01 06:05:14.682,0.98391,0.98399,2.62,1.00
2016.09.01 06:05:14.784,0.9839,0.98399,3.75,1.00
2016.09.01 06:05:16.237,0.9839,0.984,3.75,1.12
2016.09.01 06:05:16.288,0.98391,0.984,2.62,1.12
2016.09.01 06:05:16.647,0.98391,0.98401,2.62,4.12
2016.09.01 06:05:16.698,0.9839,0.98401,1.50,4.12
2016.09.01 06:05:17.384,0.9839,0.98401,1.50,4.12
2016.09.01 06:05:18.285,0.9839,0.984,3.75,1.12
2016.09.01 06:05:19.491,0.9839,0.98401,3.75,3.00
2016.09.01 06:05:19.594,0.9839,0.98401,4.50,2.25
2016.09.01 06:05:19.645,0.9839,0.98401,4.50,2.62
2016.09.01 06:05:20.147,0.9839,0.98401,3.75,3.37
2016.09.01 06:05:22.507,0.9839,0.98401,3.75,3.00
2016.09.01 06:05:23.297,0.9839,0.98401,3.75,3.37
2016.09.01 06:05:23.530,0.9839,0.98401,3.75,4.12
2016.09.01 06:05:23.583,0.9839,0.98401,3.75,3.75
2016.09.01 06:05:23.635,0.9839,0.98401,3.75,3.00
2016.09.01 06:05:26.259,0.9839,0.984,3.75,1.12
2016.09.01 06:05:26.463,0.9839,0.984,1.12,1.12
2016.09.01 06:05:30.165,0.9839,0.98401,1.12,2.25
2016.09.01 06:05:30.267,0.98391,0.98401,1.00,2.25
2016.09.01 06:05:30.370,0.98391,0.98401,1.12,1.87
2016.09.01 06:05:30.860,0.98391,0.98401,1.12,2.62
2016.09.01 06:05:30.913,0.98389,0.984,1.75,1.00
2016.09.01 06:05:31.067,0.98389,0.98399,1.37,1.00
2016.09.01 06:05:31.118,0.98389,0.98399,1.12,1.12
2016.09.01 06:05:31.169,0.98389,0.98399,1.50,1.12
2016.09.01 06:05:31.220,0.98389,0.98399,1.50,1.00
2016.09.01 06:05:33.403,0.98389,0.984,1.50,1.87
2016.09.01 06:05:33.869,0.98389,0.98399,1.50,1.00
2016.09.01 06:05:34.154,0.98388,0.98399,2.25,1.87
2016.09.01 06:05:34.206,0.98387,0.98397,1.75,1.00
2016.09.01 06:05:34.309,0.98386,0.98397,2.25,1.87
2016.09.01 06:05:34.413,0.98386,0.98396,1.50,1.00
2016.09.01 06:05:34.464,0.98387,0.98396,1.00,1.50
2016.09.01 06:05:34.516,0.98385,0.98395,2.25,1.00
2016.09.01 06:05:34.567,0.98385,0.98395,1.12,1.00
2016.09.01 06:05:36.539,0.98385,0.98396,1.12,2.62
2016.09.01 06:05:36.590,0.98385,0.98396,1.12,2.62
2016.09.01 06:05:36.692,0.98385,0.98396,1.87,2.62
2016.09.01 06:05:36.945,0.98385,0.98396,1.87,2.25
2016.09.01 06:05:37.110,0.98385,0.98396,1.87,2.25
2016.09.01 06:05:38.475,0.98385,0.98396,1.12,2.25
2016.09.01 06:05:43.883,0.98385,0.98396,1.12,1.50
2016.09.01 06:05:43.986,0.98385,0.98396,1.12,1.50
2016.09.01 06:05:44.037,0.98385,0.98396,1.37,1.12
2016.09.01 06:05:44.088,0.98385,0.98396,1.75,1.87
2016.09.01 06:05:44.140,0.98385,0.98396,1.37,2.25
2016.09.01 06:05:44.192,0.98385,0.98396,1.00,1.50
2016.09.01 06:05:44.243,0.98386,0.98396,1.12,1.00
2016.09.01 06:05:44.334,0.98386,0.98397,1.12,2.25
2016.09.01 06:05:46.052,0.98386,0.98397,1.12,1.87
2016.09.01 06:05:46.310,0.98385,0.98396,2.62,1.12
2016.09.01 06:05:46.413,0.98388,0.98397,1.00,1.00
2016.09.01 06:05:46.465,0.98388,0.98399,1.00,3.37
2016.09.01 06:05:46.516,0.98388,0.98399,1.50,2.62
2016.09.01 06:05:46.619,0.98389,0.98399,1.00,2.62
2016.09.01 06:05:46.706,0.98388,0.98399,1.00,2.62
2016.09.01 06:05:46.759,0.98388,0.98399,1.37,2.25
2016.09.01 06:05:46.811,0.98388,0.98399,1.75,1.87
2016.09.01 06:05:47.910,0.98389,0.98399,1.50,1.37
2016.09.01 06:05:48.012,0.98389,0.98399,1.50,1.87
2016.09.01 06:05:48.114,0.98387,0.98396,1.75,1.00
2016.09.01 06:05:48.166,0.98387,0.98396,1.50,1.00
2016.09.01 06:05:48.421,0.98387,0.98397,1.50,1.12
2016.09.01 06:05:48.472,0.98387,0.98397,1.50,1.00
2016.09.01 06:05:49.511,0.98387,0.98398,1.50,2.25
2016.09.01 06:05:49.563,0.98387,0.98398,1.50,1.87
2016.09.01 06:05:50.092,0.98387,0.98398,2.25,1.12
2016.09.01 06:05:50.143,0.98387,0.98398,2.25,1.12
2016.09.01 06:05:50.194,0.98388,0.98398,1.12,1.12
2016.09.01 06:05:51.406,0.98388,0.98398,1.12,1.12
2016.09.01 06:05:52.908,0.98388,0.98398,1.12,1.12
2016.09.01 06:05:53.010,0.98387,0.98398,2.25,1.87
2016.09.01 06:05:53.113,0.98389,0.98399,1.00,1.87
2016.09.01 06:05:53.164,0.98389,0.98399,1.12,1.87
2016.09.01 06:05:53.215,0.98389,0.984,1.12,4.12
2016.09.01 06:05:54.285,0.98389,0.984,1.12,3.37
2016.09.01 06:05:54.336,0.98389,0.984,1.87,1.50
2016.09.01 06:05:54.515,0.9839,0.984,1.00,1.50
2016.09.01 06:05:55.117,0.98389,0.984,1.87,2.25
2016.09.01 06:05:55.219,0.98389,0.984,1.12,2.25
2016.09.01 06:05:55.725,0.9839,0.984,1.00,1.50
2016.09.01 06:05:55.878,0.9839,0.984,1.50,1.00
2016.09.01 06:05:55.930,0.9839,0.984,1.50,1.00
2016.09.01 06:05:56.032,0.9839,0.98401,2.25,1.12
2016.09.01 06:05:56.238,0.98391,0.98401,1.12,1.12
2016.09.01 06:05:56.429,0.9839,0.98401,1.50,1.12
2016.09.01 06:05:56.737,0.9839,0.98401,1.50,1.87
2016.09.01 06:05:56.944,0.98391,0.98402,1.12,4.12
2016.09.01 06:05:56.995,0.98391,0.98402,1.12,2.62
2016.09.01 06:05:57.046,0.98392,0.98402,1.00,1.50
2016.09.01 06:05:57.220,0.98391,0.98401,1.87,1.12
2016.09.01 06:05:57.272,0.98391,0.98401,1.87,1.87
2016.09.01 06:05:57.426,0.98391,0.98401,1.12,1.87
2016.09.01 06:05:57.477,0.98391,0.98401,1.12,1.87
2016.09.01 06:05:57.529,0.98389,0.984,1.12,1.00
2016.09.01 06:05:57.633,0.98388,0.984,3.37,1.00
2016.09.01 06:05:57.686,0.98388,0.984,3.37,1.50
2016.09.01 06:05:57.738,0.98388,0.98399,2.62,1.00
2016.09.01 06:05:57.913,0.98388,0.98398,1.87,1.00
2016.09.01 06:05:57.965,0.98389,0.98398,1.00,1.00
2016.09.01 06:05:58.016,0.98388,0.98398,2.25,1.00
2016.09.01 06:05:58.429,0.98389,0.98398,1.50,1.00
2016.09.01 06:05:58.481,0.98389,0.984,1.50,1.87
2016.09.01 06:05:58.533,0.98389,0.984,1.50,1.12
2016.09.01 06:05:58.672,0.98389,0.984,2.25,1.12
2016.09.01 06:05:59.442,0.98388,0.98398,1.75,1.50
2016.09.01 06:05:59.494,0.98388,0.98398,1.12,2.62
2016.09.01 06:05:59.545,0.98387,0.98396,2.62,1.00
2016.09.01 06:05:59.648,0.98388,0.98396,1.12,1.00
2016.09.01 06:05:59.700,0.98388,0.98396,1.00,1.12
2016.09.01 06:05:59.751,0.98386,0.98397,3.75,2.25
2016.09.01 06:05:59.854,0.98386,0.98397,3.00,3.00
2016.09.01 06:05:59.956,0.98388,0.98396,1.00,1.12
2016.09.01 06:06:00.008,0.98388,0.98397,1.00,2.25
2016.09.01 06:06:00.175,0.98388,0.98396,1.00,1.12
2016.09.01 06:06:00.952,0.98388,0.98396,1.00,1.87
2016.09.01 06:06:02.229,0.98386,0.98395,1.12,1.50
2016.09.01 06:06:02.281,0.98386,0.98395,1.00,1.87
2016.09.01 06:06:02.333,0.98386,0.98395,1.00,3.19
2016.09.01 06:06:02.438,0.98386,0.98394,1.00,1.00
2016.09.01 06:06:02.540,0.98386,0.98393,1.00,1.00
2016.09.01 06:06:03.329,0.98385,0.98393,1.12,1.00
2016.09.01 06:06:04.342,0.98386,0.98393,1.00,1.00
2016.09.01 06:06:04.444,0.98385,0.98394,1.12,1.00
2016.09.01 06:06:04.751,0.98385,0.98395,1.87,1.87
2016.09.01 06:06:04.853,0.98386,0.98395,1.00,1.31
2016.09.01 06:06:05.456,0.98386,0.98395,1.00,1.12
2016.09.01 06:06:06.300,0.98385,0.98395,1.12,1.87
2016.09.01 06:06:06.351,0.98386,0.98395,1.00,1.87
2016.09.01 06:06:09.277,0.98385,0.98395,1.12,1.87
2016.09.01 06:06:09.329,0.98386,0.98395,1.00,1.87
2016.09.01 06:06:09.833,0.98385,0.98395,1.12,1.87
2016.09.01 06:06:09.935,0.98386,0.98395,1.00,1.87
2016.09.01 06:06:11.139,0.98386,0.98395,1.00,1.37
2016.09.01 06:06:11.784,0.98385,0.98395,1.00,1.37
2016.09.01 06:06:12.434,0.98386,0.98395,1.00,1.37
2016.09.01 06:06:13.763,0.98386,0.98395,1.00,1.87
2016.09.01 06:06:13.873,0.98385,0.98394,1.00,1.12
2016.09.01 06:06:13.935,0.98386,0.98394,1.00,1.12
2016.09.01 06:06:14.643,0.98385,0.98394,1.00,1.12
2016.09.01 06:06:14.745,0.98386,0.98394,1.00,1.12
2016.09.01 06:06:15.241,0.98385,0.98394,1.00,1.12
2016.09.01 06:06:15.343,0.98386,0.98394,1.00,1.12
2016.09.01 06:06:16.880,0.98385,0.98394,1.00,1.12
2016.09.01 06:06:16.932,0.98385,0.98393,1.00,1.00
2016.09.01 06:06:17.018,0.98386,0.98393,1.00,1.00
2016.09.01 06:06:17.172,0.98383,0.98392,1.50,1.00
2016.09.01 06:06:17.223,0.98383,0.98392,1.37,1.00
2016.09.01 06:06:17.274,0.98382,0.98393,1.50,2.25
2016.09.01 06:06:17.325,0.98382,0.98393,1.50,2.62
2016.09.01 06:06:18.270,0.98381,0.98392,2.62,1.50
2016.09.01 06:06:18.322,0.98381,0.98392,2.25,1.87
2016.09.01 06:06:18.388,0.98383,0.98393,1.00,3.00
2016.09.01 06:06:19.354,0.98382,0.98393,1.87,3.00
2016.09.01 06:06:19.762,0.98383,0.98393,1.00,3.00
2016.09.01 06:06:20.945,0.98383,0.98393,1.00,2.25
2016.09.01 06:06:20.996,0.98383,0.98392,1.00,1.12
2016.09.01 06:06:21.174,0.98383,0.98393,1.50,1.50
2016.09.01 06:06:21.327,0.98383,0.98393,1.87,1.50
2016.09.01 06:06:21.379,0.98383,0.98393,1.87,1.50
2016.09.01 06:06:21.430,0.98385,0.98393,1.00,1.50
2016.09.01 06:06:21.523,0.98383,0.98393,1.00,1.50
2016.09.01 06:06:21.575,0.98383,0.98393,1.00,2.25
2016.09.01 06:06:21.883,0.98383,0.98392,1.00,2.62
2016.09.01 06:06:21.935,0.98381,0.98392,2.25,2.62
2016.09.01 06:06:22.016,0.98381,0.98392,2.25,2.62
2016.09.01 06:06:22.068,0.98381,0.98391,2.25,1.00
2016.09.01 06:06:22.263,0.98381,0.9839,1.50,1.00
2016.09.01 06:06:22.673,0.98381,0.98392,1.50,2.62
2016.09.01 06:06:23.060,0.98381,0.98392,2.25,2.62
2016.09.01 06:06:24.314,0.98381,0.98392,2.25,1.87
2016.09.01 06:06:24.365,0.98381,0.98392,2.25,1.12
2016.09.01 06:06:24.470,0.98381,0.98392,3.00,1.12
2016.09.01 06:06:24.574,0.98382,0.98392,1.50,1.12
2016.09.01 06:06:24.687,0.98384,0.98395,1.00,4.12
2016.09.01 06:06:24.740,0.98384,0.98394,1.87,1.00
2016.09.01 06:06:24.844,0.98384,0.98394,1.00,1.00
2016.09.01 06:06:24.946,0.98384,0.98395,1.87,1.50
2016.09.01 06:06:24.998,0.98384,0.98395,1.87,1.50
2016.09.01 06:06:25.050,0.98386,0.98395,1.00,2.25
2016.09.01 06:06:25.255,0.98386,0.98395,1.00,1.50
2016.09.01 06:06:26.750,0.98386,0.98395,1.00,2.25
2016.09.01 06:06:26.852,0.98385,0.98395,1.00,2.25
2016.09.01 06:06:27.225,0.98387,0.98395,1.00,2.25
2016.09.01 06:06:27.276,0.98387,0.98395,1.00,1.50
2016.09.01 06:06:27.378,0.98388,0.98395,1.00,1.37
2016.09.01 06:06:27.429,0.98388,0.98395,1.00,1.12
2016.09.01 06:06:27.582,0.98388,0.98396,1.00,1.50
2016.09.01 06:06:27.843,0.98387,0.98396,1.00,1.50
2016.09.01 06:06:27.945,0.98388,0.98396,1.00,2.25
2016.09.01 06:06:29.934,0.98387,0.98396,1.00,2.25
2016.09.01 06:06:30.020,0.98387,0.98396,1.12,1.87
2016.09.01 06:06:30.072,0.98388,0.98397,1.00,1.87
2016.09.01 06:06:30.277,0.98388,0.98397,1.00,1.12
2016.09.01 06:06:30.328,0.98388,0.98397,1.12,1.00
2016.09.01 06:06:30.380,0.98388,0.98398,1.87,1.12
2016.09.01 06:06:30.687,0.98388,0.98398,1.12,1.12
2016.09.01 06:06:30.738,0.98388,0.98398,1.37,1.00
2016.09.01 06:06:33.929,0.98387,0.98398,3.75,1.00
2016.09.01 06:06:37.973,0.98387,0.98398,3.00,1.00
2016.09.01 06:06:40.195,0.98387,0.98398,2.25,1.50
2016.09.01 06:06:40.783,0.98387,0.98398,1.50,1.00
2016.09.01 06:06:40.987,0.98387,0.984,3.00,3.56
2016.09.01 06:06:41.039,0.98388,0.984,1.37,2.06
2016.09.01 06:06:41.090,0.98389,0.984,1.50,2.06
2016.09.01 06:06:41.141,0.98389,0.984,1.75,1.50
2016.09.01 06:06:41.193,0.98389,0.984,2.25,1.00
2016.09.01 06:06:41.244,0.98389,0.984,2.25,1.00
2016.09.01 06:06:42.194,0.98389,0.984,1.75,1.50
2016.09.01 06:06:42.296,0.98389,0.984,1.75,1.50
2016.09.01 06:06:42.398,0.98389,0.984,1.50,1.50
2016.09.01 06:06:42.449,0.98389,0.984,1.50,1.87
2016.09.01 06:06:42.688,0.98389,0.98399,1.50,1.00
2016.09.01 06:06:43.708,0.98389,0.984,1.50,1.87
2016.09.01 06:06:47.373,0.98389,0.98399,1.50,1.00
2016.09.01 06:06:47.424,0.98388,0.98399,1.75,1.50
2016.09.01 06:06:47.475,0.98388,0.98397,1.75,1.00
2016.09.01 06:06:47.624,0.98388,0.98397,1.75,1.00
2016.09.01 06:06:47.676,0.98386,0.98394,1.87,1.00
2016.09.01 06:06:47.730,0.98385,0.98394,2.62,1.00
2016.09.01 06:06:47.782,0.98384,0.98395,1.37,1.87
2016.09.01 06:06:47.833,0.98384,0.98395,1.37,1.50
2016.09.01 06:06:47.884,0.98384,0.98395,1.12,1.87
2016.09.01 06:06:47.936,0.98383,0.98394,2.25,1.12
2016.09.01 06:06:47.987,0.98383,0.98394,2.25,1.87
2016.09.01 06:06:48.192,0.98383,0.98394,1.50,1.87
2016.09.01 06:06:48.528,0.98382,0.98393,2.25,1.00
2016.09.01 06:06:48.631,0.98382,0.98394,2.25,1.12
2016.09.01 06:06:48.683,0.98382,0.98393,2.25,1.00
2016.09.01 06:06:48.734,0.98382,0.98393,2.25,1.50
2016.09.01 06:06:48.834,0.98381,0.98392,1.75,1.50
2016.09.01 06:06:48.885,0.98381,0.98392,1.50,2.25
2016.09.01 06:06:48.988,0.98381,0.98392,1.50,2.62
2016.09.01 06:06:49.289,0.98381,0.98392,2.25,1.87
2016.09.01 06:06:49.392,0.98382,0.98392,1.12,1.87
2016.09.01 06:06:49.874,0.98381,0.98392,2.25,1.87
2016.09.01 06:06:50.203,0.98381,0.98392,2.25,2.62
2016.09.01 06:06:50.307,0.98381,0.98392,2.25,1.87
2016.09.01 06:06:51.780,0.98381,0.98392,3.00,1.87
2016.09.01 06:06:51.886,0.98381,0.98392,2.25,2.62
2016.09.01 06:06:52.192,0.98381,0.98392,1.50,2.62
2016.09.01 06:06:52.503,0.98381,0.98392,2.25,2.62
2016.09.01 06:06:54.287,0.98381,0.98392,1.50,2.62
2016.09.01 06:06:54.591,0.98381,0.98392,2.25,2.62
2016.09.01 06:06:56.692,0.98381,0.98392,1.50,2.62
2016.09.01 06:06:56.795,0.98381,0.98392,2.25,2.62
2016.09.01 06:06:59.833,0.98381,0.98392,2.25,1.87
2016.09.01 06:07:01.790,0.98381,0.98392,3.37,1.12
2016.09.01 06:07:02.882,0.98381,0.98392,2.62,1.12
2016.09.01 06:07:03.443,0.98381,0.98392,2.25,1.12
2016.09.01 06:07:03.495,0.98381,0.98392,3.00,1.12
2016.09.01 06:07:04.724,0.98381,0.98392,3.37,1.12
2016.09.01 06:07:04.878,0.98381,0.98392,2.62,1.12
2016.09.01 06:07:05.278,0.98381,0.98392,3.37,1.12
2016.09.01 06:07:05.576,0.98381,0.98392,2.62,1.12
2016.09.01 06:07:05.678,0.98381,0.98392,3.37,1.12
2016.09.01 06:07:06.681,0.98381,0.98392,2.62,1.12
2016.09.01 06:07:06.785,0.98381,0.98392,3.37,1.12
2016.09.01 06:07:07.112,0.98381,0.98392,2.62,1.12
2016.09.01 06:07:07.221,0.98381,0.98392,3.37,1.12
2016.09.01 06:07:09.657,0.98381,0.98392,3.00,1.12
2016.09.01 06:07:10.324,0.98381,0.98392,2.62,1.12
2016.09.01 06:07:10.442,0.98381,0.98392,1.87,1.87
2016.09.01 06:07:10.494,0.98381,0.98392,2.62,1.87
2016.09.01 06:07:10.903,0.98381,0.98392,1.87,1.87
2016.09.01 06:07:11.316,0.98381,0.98392,1.87,2.25
2016.09.01 06:07:12.252,0.98381,0.98392,1.50,2.25
2016.09.01 06:07:19.423,0.98381,0.98392,1.87,2.25
2016.09.01 06:07:20.263,0.98381,0.98392,1.50,2.25
2016.09.01 06:07:22.004,0.98381,0.98392,1.50,3.00
2016.09.01 06:07:23.515,0.98381,0.98392,1.87,3.00
2016.09.01 06:07:26.137,0.98381,0.98392,1.87,2.25
2016.09.01 06:07:26.701,0.98381,0.98392,1.87,3.00
2016.09.01 06:07:27.112,0.98381,0.98392,1.87,3.75
2016.09.01 06:07:27.163,0.98381,0.98389,1.37,1.00
2016.09.01 06:07:27.215,0.98379,0.98389,1.75,1.50
2016.09.01 06:07:27.266,0.98379,0.98387,1.75,1.00
2016.09.01 06:07:27.318,0.9838,0.98389,1.00,1.50
2016.09.01 06:07:27.369,0.98378,0.98389,1.87,2.25
2016.09.01 06:07:30.217,0.98378,0.98389,1.87,1.50
2016.09.01 06:07:30.334,0.98378,0.98389,1.50,1.12
2016.09.01 06:07:33.276,0.98378,0.98389,1.50,1.50
2016.09.01 06:07:33.460,0.98378,0.98389,2.25,1.50
2016.09.01 06:07:33.563,0.98378,0.98389,1.50,2.25
2016.09.01 06:07:33.666,0.98378,0.98389,1.50,1.87
2016.09.01 06:07:33.718,0.98379,0.98389,1.12,1.12
2016.09.01 06:07:33.813,0.98379,0.9839,1.12,2.25
2016.09.01 06:07:33.864,0.98379,0.9839,2.25,1.12
2016.09.01 06:07:34.069,0.98379,0.9839,1.50,1.87
2016.09.01 06:07:34.863,0.98379,0.98389,1.50,1.00
2016.09.01 06:07:34.915,0.98378,0.98388,1.12,1.25
2016.09.01 06:07:34.966,0.98377,0.98387,1.37,1.50
2016.09.01 06:07:35.017,0.98378,0.98387,1.00,1.50
2016.09.01 06:07:35.068,0.98378,0.98389,1.50,2.62
2016.09.01 06:07:35.188,0.98379,0.98389,1.12,1.87
2016.09.01 06:07:35.239,0.98379,0.98389,1.12,1.50
2016.09.01 06:07:35.448,0.98379,0.9839,1.87,2.62
2016.09.01 06:07:35.500,0.98379,0.9839,1.87,2.62
2016.09.01 06:07:35.551,0.9838,0.9839,1.50,1.00
2016.09.01 06:07:35.698,0.98381,0.98392,1.12,2.44
2016.09.01 06:07:35.750,0.98381,0.98391,1.12,1.12
2016.09.01 06:07:35.853,0.98381,0.98392,1.12,3.19
2016.09.01 06:07:35.955,0.98381,0.98392,1.12,2.81
2016.09.01 06:07:38.653,0.98381,0.98392,1.12,2.44
2016.09.01 06:07:38.704,0.98381,0.98392,1.12,2.44
2016.09.01 06:07:38.755,0.98381,0.98392,1.87,1.50
2016.09.01 06:07:38.918,0.98381,0.98392,2.62,1.50
2016.09.01 06:07:39.660,0.98381,0.98392,1.87,1.50
2016.09.01 06:07:39.903,0.98381,0.98393,1.87,2.25
2016.09.01 06:07:39.956,0.98381,0.98393,2.62,2.25
2016.09.01 06:07:40.059,0.98381,0.98393,1.87,2.25
2016.09.01 06:07:42.199,0.98381,0.98392,1.12,1.50
2016.09.01 06:07:42.302,0.98381,0.98392,1.12,1.87
2016.09.01 06:07:42.927,0.98381,0.98392,1.87,1.87
2016.09.01 06:07:44.587,0.98381,0.98392,1.87,2.25
2016.09.01 06:07:44.638,0.9838,0.98391,1.50,1.12
2016.09.01 06:07:44.741,0.98381,0.9839,1.12,1.00
2016.09.01 06:07:45.341,0.98381,0.98391,1.12,1.12
2016.09.01 06:07:46.025,0.98382,0.98391,1.00,1.12
2016.09.01 06:07:47.932,0.98383,0.98391,1.00,1.12
2016.09.01 06:07:48.108,0.98383,0.98392,1.00,1.50
2016.09.01 06:07:48.159,0.98383,0.98392,1.00,2.25
2016.09.01 06:07:49.651,0.98382,0.9839,1.00,1.00
2016.09.01 06:07:49.703,0.98382,0.9839,1.00,1.12
2016.09.01 06:07:49.754,0.98381,0.98389,1.00,1.00
2016.09.01 06:07:49.856,0.9838,0.98388,1.12,1.00
2016.09.01 06:07:49.932,0.98381,0.98388,1.00,1.00
2016.09.01 06:07:51.759,0.98381,0.98388,1.00,1.00
2016.09.01 06:07:52.396,0.98381,0.98389,1.00,1.35
2016.09.01 06:07:52.447,0.98381,0.98389,1.00,1.35
2016.09.01 06:07:52.874,0.98381,0.98388,1.00,1.00
2016.09.01 06:07:52.927,0.98382,0.98388,1.00,1.00
2016.09.01 06:07:56.534,0.98383,0.98388,1.00,1.00
2016.09.01 06:07:56.587,0.98383,0.98389,1.00,1.87
2016.09.01 06:07:56.639,0.98383,0.98389,1.00,1.12
2016.09.01 06:07:56.690,0.98383,0.9839,1.00,3.56
2016.09.01 06:07:56.741,0.98383,0.9839,1.00,2.44
2016.09.01 06:07:56.843,0.98383,0.9839,1.00,1.69
2016.09.01 06:07:59.874,0.98382,0.9839,1.00,1.50
2016.09.01 06:08:00.174,0.98383,0.9839,1.00,1.69
2016.09.01 06:08:00.432,0.98383,0.9839,1.00,1.69
2016.09.01 06:08:00.483,0.98382,0.9839,1.00,1.50
2016.09.01 06:08:01.028,0.98383,0.9839,1.00,1.50
2016.09.01 06:08:02.052,0.98383,0.98391,1.00,1.12
2016.09.01 06:08:02.477,0.98383,0.9839,1.00,1.00
2016.09.01 06:08:03.011,0.98383,0.98389,1.00,1.00
2016.09.01 06:08:04.990,0.98381,0.98389,1.00,1.00
2016.09.01 06:08:05.430,0.98381,0.98388,1.00,1.12
2016.09.01 06:08:05.584,0.98382,0.98388,1.00,1.12
2016.09.01 06:08:05.890,0.98381,0.98387,1.00,1.00
2016.09.01 06:08:06.964,0.98382,0.98387,1.00,1.00
2016.09.01 06:08:07.292,0.98382,0.98388,1.00,1.12
2016.09.01 06:08:07.343,0.98382,0.98388,1.00,1.00
2016.09.01 06:08:07.578,0.98381,0.98388,1.00,1.00
2016.09.01 06:08:08.567,0.98382,0.98388,1.00,1.00
2016.09.01 06:08:11.403,0.98382,0.98389,1.00,1.87
2016.09.01 06:08:11.537,0.98377,0.98386,1.75,1.25
2016.09.01 06:08:11.589,0.98374,0.98385,1.75,2.85
2016.09.01 06:08:11.640,0.98374,0.98384,1.75,1.00
2016.09.01 06:08:11.691,0.98373,0.98383,1.75,2.25
2016.09.01 06:08:11.743,0.98374,0.98383,1.00,2.25
2016.09.01 06:08:11.794,0.98374,0.98383,1.00,1.00
2016.09.01 06:08:11.845,0.98372,0.98383,2.25,1.12
2016.09.01 06:08:11.947,0.98372,0.98383,1.87,1.50
2016.09.01 06:08:11.999,0.98372,0.98383,1.87,2.25
2016.09.01 06:08:13.282,0.98372,0.98383,1.12,3.00
2016.09.01 06:08:15.197,0.98372,0.98383,1.12,2.25
2016.09.01 06:08:15.509,0.98372,0.98383,1.87,1.50
2016.09.01 06:08:15.682,0.98373,0.98384,1.00,3.00
2016.09.01 06:08:17.527,0.98372,0.98384,1.87,3.00
2016.09.01 06:08:19.673,0.98372,0.98383,1.87,1.50
2016.09.01 06:08:19.724,0.98372,0.98383,1.12,1.50
2016.09.01 06:08:23.424,0.98372,0.98383,1.87,1.50
2016.09.01 06:08:23.528,0.98372,0.98383,1.87,2.25
2016.09.01 06:08:23.631,0.98372,0.98383,1.12,1.50
2016.09.01 06:08:27.896,0.98374,0.98384,1.00,2.25
2016.09.01 06:08:27.999,0.98374,0.98384,1.00,1.75
2016.09.01 06:08:28.050,0.98374,0.98384,1.12,1.12
2016.09.01 06:08:28.102,0.98374,0.98384,1.12,1.12
2016.09.01 06:08:33.035,0.98373,0.98384,1.50,1.12
2016.09.01 06:08:33.137,0.98372,0.98383,1.37,1.87
2016.09.01 06:08:33.189,0.98372,0.98383,1.12,2.25
2016.09.01 06:08:33.342,0.98371,0.98382,2.25,1.12
2016.09.01 06:08:33.611,0.98371,0.98382,2.25,1.12
2016.09.01 06:08:33.746,0.98371,0.98382,2.25,1.00
2016.09.01 06:08:34.817,0.98371,0.98382,1.75,1.50
2016.09.01 06:08:38.323,0.98371,0.98382,2.25,1.50
2016.09.01 06:08:38.426,0.98371,0.98382,1.75,1.50
2016.09.01 06:08:39.033,0.98371,0.98382,2.25,1.00
2016.09.01 06:08:39.085,0.98371,0.98382,2.25,1.12
2016.09.01 06:08:39.137,0.98371,0.98382,1.50,1.12
2016.09.01 06:08:39.327,0.98371,0.98382,2.25,1.12
2016.09.01 06:08:41.549,0.98371,0.98382,1.50,1.87
2016.09.01 06:08:41.921,0.9837,0.98381,2.62,1.00
2016.09.01 06:08:41.973,0.9837,0.98381,2.25,1.00
2016.09.01 06:08:43.288,0.9837,0.98381,2.62,1.00
2016.09.01 06:08:44.284,0.98371,0.98381,1.00,1.12
2016.09.01 06:08:44.336,0.98371,0.98378,1.00,1.00
2016.09.01 06:08:44.387,0.98368,0.98378,1.87,1.00
2016.09.01 06:08:44.438,0.98368,0.98376,1.37,1.00
2016.09.01 06:08:44.490,0.98368,0.98376,1.00,1.12
2016.09.01 06:08:44.541,0.98367,0.98377,1.12,1.37
2016.09.01 06:08:44.592,0.98366,0.98377,1.50,1.75
2016.09.01 06:08:44.891,0.98366,0.98377,1.00,1.75
2016.09.01 06:08:44.944,0.98366,0.98377,1.00,1.75
2016.09.01 06:08:46.344,0.98366,0.98378,1.00,3.37
2016.09.01 06:08:46.513,0.98366,0.98378,1.00,3.37
2016.09.01 06:08:46.564,0.98366,0.98378,1.87,3.00
2016.09.01 06:08:46.615,0.98368,0.98378,1.00,2.25
2016.09.01 06:08:46.666,0.98368,0.98378,1.50,1.00
2016.09.01 06:08:46.718,0.98368,0.98379,1.37,1.50
2016.09.01 06:08:46.769,0.98368,0.98379,2.25,1.12
2016.09.01 06:08:46.820,0.98369,0.98379,1.12,1.12
2016.09.01 06:08:47.040,0.98368,0.98379,3.00,1.12
2016.09.01 06:08:47.356,0.98368,0.98379,2.25,1.87
2016.09.01 06:08:47.509,0.98368,0.98379,1.50,1.87
2016.09.01 06:08:47.560,0.98368,0.98379,1.50,1.87
2016.09.01 06:08:47.611,0.98368,0.98379,1.12,3.00
2016.09.01 06:08:47.663,0.98367,0.98376,1.12,1.00
2016.09.01 06:08:47.714,0.98367,0.98376,1.00,1.00
2016.09.01 06:08:47.816,0.98366,0.98376,1.00,1.12
2016.09.01 06:08:47.868,0.98365,0.98376,1.50,2.25
2016.09.01 06:08:48.093,0.98365,0.98376,1.00,2.25
2016.09.01 06:08:48.146,0.98368,0.98376,1.00,1.00
2016.09.01 06:08:48.198,0.98368,0.98377,1.00,1.12
2016.09.01 06:08:48.249,0.98368,0.98378,1.00,1.37
2016.09.01 06:08:48.302,0.98368,0.98379,1.12,1.50
2016.09.01 06:08:48.457,0.98368,0.98379,2.62,2.25
2016.09.01 06:08:48.561,0.98369,0.98379,1.00,3.00
2016.09.01 06:08:48.664,0.98368,0.98379,2.62,3.00
2016.09.01 06:08:48.803,0.98368,0.98379,2.62,2.25
2016.09.01 06:08:48.893,0.98368,0.98379,2.62,1.50
2016.09.01 06:08:49.660,0.98368,0.98379,3.00,1.50
2016.09.01 06:08:50.350,0.98368,0.98378,1.50,1.00
2016.09.01 06:08:50.416,0.98368,0.98378,1.87,1.00
2016.09.01 06:08:50.478,0.98368,0.98379,1.50,1.87
2016.09.01 06:08:51.072,0.98368,0.98379,2.25,1.87
2016.09.01 06:08:52.025,0.98368,0.98379,2.25,1.87
2016.09.01 06:08:52.076,0.98369,0.9838,1.12,2.25
2016.09.01 06:08:52.127,0.98369,0.9838,1.87,1.50
2016.09.01 06:08:53.974,0.98369,0.9838,2.62,1.50
2016.09.01 06:08:55.271,0.9837,0.9838,1.00,1.50
2016.09.01 06:08:56.969,0.9837,0.9838,1.50,1.50
2016.09.01 06:08:58.857,0.9837,0.9838,1.00,1.50
2016.09.01 06:08:59.945,0.9837,0.9838,1.00,1.50
2016.09.01 06:09:00.063,0.98371,0.9838,1.00,1.50
2016.09.01 06:09:00.268,0.98371,0.9838,1.50,1.50
2016.09.01 06:09:00.370,0.98371,0.9838,1.00,1.50
2016.09.01 06:09:00.674,0.98371,0.9838,1.50,1.00
2016.09.01 06:09:00.725,0.98371,0.98381,1.87,1.31
2016.09.01 06:09:00.827,0.98371,0.98381,2.25,1.25
2016.09.01 06:09:00.992,0.98371,0.98381,2.25,1.00
2016.09.01 06:09:04.867,0.98371,0.98381,1.50,1.00
2016.09.01 06:09:05.111,0.98371,0.98381,2.25,1.00
2016.09.01 06:09:06.849,0.98372,0.98381,1.00,1.00
2016.09.01 06:09:07.003,0.98374,0.98383,1.25,2.25
2016.09.01 06:09:07.054,0.98374,0.98383,1.69,1.50
2016.09.01 06:09:07.106,0.98374,0.98384,2.44,1.37
2016.09.01 06:09:07.205,0.98374,0.98386,3.37,3.07
2016.09.01 06:09:07.257,0.98374,0.98386,3.37,2.25
2016.09.01 06:09:07.308,0.98375,0.98386,1.00,1.37
2016.09.01 06:09:07.359,0.98374,0.98386,3.37,1.87
2016.09.01 06:09:08.851,0.98374,0.98384,2.62,1.00
2016.09.01 06:09:08.903,0.98374,0.98384,1.87,1.00
2016.09.01 06:09:09.395,0.98374,0.98384,2.06,1.00
2016.09.01 06:09:10.200,0.98375,0.98384,1.37,1.00
2016.09.01 06:09:10.302,0.98375,0.98385,1.37,1.00
2016.09.01 06:09:10.757,0.98375,0.98383,1.37,1.00
2016.09.01 06:09:10.808,0.98374,0.98383,1.31,1.50
2016.09.01 06:09:10.859,0.98374,0.98381,1.62,1.00
2016.09.01 06:09:10.911,0.98372,0.98381,1.37,1.00
2016.09.01 06:09:10.962,0.98372,0.98381,1.12,1.00
2016.09.01 06:09:11.013,0.98371,0.98381,2.25,1.00
2016.09.01 06:09:11.167,0.98371,0.98382,2.25,2.62
2016.09.01 06:09:11.371,0.98371,0.98382,3.00,1.87
2016.09.01 06:09:11.568,0.98371,0.98382,2.25,1.87
2016.09.01 06:09:17.573,0.98371,0.98382,2.25,2.62
2016.09.01 06:09:17.624,0.98371,0.98382,1.87,3.00
2016.09.01 06:09:17.926,0.98371,0.98382,1.12,3.00
2016.09.01 06:09:18.283,0.98371,0.98382,1.87,3.00
2016.09.01 06:09:18.554,0.98371,0.98381,1.87,1.12
2016.09.01 06:09:18.606,0.98371,0.98379,1.12,1.00
2016.09.01 06:09:18.659,0.98371,0.98379,1.00,1.87
2016.09.01 06:09:18.712,0.98371,0.98378,1.00,1.00
2016.09.01 06:09:18.968,0.98371,0.98376,1.00,1.12
2016.09.01 06:09:19.365,0.98371,0.98377,1.00,2.25
2016.09.01 06:09:19.581,0.98368,0.98377,1.00,2.25
2016.09.01 06:09:20.871,0.98368,0.98376,1.00,1.12
2016.09.01 06:09:20.973,0.98367,0.98377,1.00,1.50
2016.09.01 06:09:22.007,0.98368,0.98378,1.00,2.62
2016.09.01 06:09:22.058,0.98368,0.98378,1.12,2.25
2016.09.01 06:09:22.109,0.98367,0.98377,2.25,1.00
2016.09.01 06:09:22.161,0.98367,0.98377,1.87,1.12
2016.09.01 06:09:22.883,0.98367,0.98377,1.87,1.12
2016.09.01 06:09:22.934,0.98367,0.98377,1.12,1.12
2016.09.01 06:09:23.189,0.98367,0.98377,1.87,1.12
2016.09.01 06:09:24.446,0.98367,0.98377,2.25,1.12
2016.09.01 06:09:24.497,0.98367,0.98378,2.25,2.62
2016.09.01 06:09:25.201,0.98367,0.98377,1.50,1.12
2016.09.01 06:09:25.646,0.98367,0.98377,1.12,1.12
2016.09.01 06:09:25.902,0.98366,0.98377,3.00,1.12
2016.09.01 06:09:26.004,0.98366,0.98377,3.00,1.87
2016.09.01 06:09:26.806,0.98366,0.98377,2.25,1.87
2016.09.01 06:09:26.975,0.98366,0.98377,3.00,1.87
2016.09.01 06:09:28.513,0.98367,0.98377,1.12,1.12
2016.09.01 06:09:36.430,0.98367,0.98378,2.25,1.37
2016.09.01 06:09:36.481,0.98367,0.98378,2.25,1.12
2016.09.01 06:09:36.532,0.98368,0.98378,1.12,1.12
2016.09.01 06:09:36.584,0.98367,0.98378,2.25,1.12
2016.09.01 06:09:39.086,0.98368,0.98378,1.12,1.12
2016.09.01 06:09:39.139,0.98368,0.98379,2.25,1.50
2016.09.01 06:09:39.191,0.98368,0.98379,2.25,1.12
2016.09.01 06:09:39.243,0.98368,0.98379,3.00,1.12
2016.09.01 06:09:39.295,0.98369,0.98379,1.12,1.12
2016.09.01 06:09:40.404,0.98368,0.98379,3.00,1.12
2016.09.01 06:09:41.105,0.98368,0.98379,2.25,1.12
2016.09.01 06:09:41.156,0.98368,0.98379,2.25,1.12
2016.09.01 06:09:41.208,0.98368,0.98379,1.50,2.62
2016.09.01 06:09:41.261,0.98367,0.98378,1.87,1.12
2016.09.01 06:09:41.312,0.98367,0.98378,1.12,2.25
2016.09.01 06:09:41.364,0.98367,0.98378,1.12,2.62
2016.09.01 06:09:41.415,0.98367,0.98377,1.12,1.12
2016.09.01 06:09:41.467,0.98366,0.98377,1.87,2.25
2016.09.01 06:09:41.773,0.98366,0.98377,1.12,3.00
2016.09.01 06:09:41.825,0.98366,0.98376,1.12,1.12
2016.09.01 06:09:41.876,0.98365,0.98376,1.50,1.87
2016.09.01 06:09:42.413,0.98365,0.98376,1.50,1.12
2016.09.01 06:09:43.902,0.98365,0.98376,2.25,1.12
2016.09.01 06:09:43.953,0.98365,0.98376,1.87,1.50
2016.09.01 06:09:46.833,0.98365,0.98375,1.12,1.12
2016.09.01 06:09:46.884,0.98363,0.98375,3.00,1.12
2016.09.01 06:09:46.936,0.98363,0.98375,3.00,1.12
2016.09.01 06:09:47.118,0.98363,0.98374,1.12,2.25
2016.09.01 06:09:47.170,0.98363,0.98373,1.12,1.00
2016.09.01 06:09:47.223,0.98363,0.98374,1.00,2.25
2016.09.01 06:09:47.274,0.98362,0.98373,1.87,1.50
2016.09.01 06:09:47.376,0.98362,0.98373,1.87,2.25
2016.09.01 06:09:48.141,0.98361,0.98372,2.25,1.12
2016.09.01 06:09:48.263,0.98361,0.98372,1.50,1.87
2016.09.01 06:09:50.206,0.98361,0.98372,2.25,1.12
2016.09.01 06:09:50.308,0.98361,0.98372,2.25,1.00
2016.09.01 06:09:50.391,0.98361,0.98372,2.25,1.00
2016.09.01 06:09:51.429,0.98362,0.98372,1.50,1.00
2016.09.01 06:09:51.635,0.98363,0.98372,1.12,1.00
2016.09.01 06:09:52.253,0.98362,0.98372,1.50,1.00
2016.09.01 06:09:56.232,0.98363,0.98372,1.12,1.00
2016.09.01 06:09:58.680,0.98363,0.98373,1.12,1.87
2016.09.01 06:09:58.732,0.98364,0.98373,1.00,1.87
2016.09.01 06:09:58.831,0.98364,0.98373,1.00,1.12
2016.09.01 06:09:59.225,0.98363,0.98373,1.12,1.12
2016.09.01 06:09:59.434,0.98362,0.98373,2.25,1.12
2016.09.01 06:10:00.585,0.98362,0.98373,2.25,1.12
2016.09.01 06:10:00.638,0.98365,0.98373,1.00,1.12
2016.09.01 06:10:00.741,0.98364,0.98373,1.87,1.00
2016.09.01 06:10:00.793,0.98364,0.98374,1.87,1.12
2016.09.01 06:10:00.844,0.98365,0.98374,1.00,1.12
2016.09.01 06:10:00.998,0.98366,0.98375,1.00,1.50
2016.09.01 06:10:01.100,0.98366,0.98375,1.00,1.12
2016.09.01 06:10:02.013,0.98366,0.98376,1.00,1.50
2016.09.01 06:10:03.850,0.98365,0.98376,2.62,1.50
2016.09.01 06:10:03.953,0.98366,0.98376,1.00,1.50
2016.09.01 06:10:05.929,0.98366,0.98376,1.50,1.50
2016.09.01 06:10:05.980,0.98366,0.98376,1.00,1.50
2016.09.01 06:10:06.082,0.98366,0.98376,1.50,1.50
2016.09.01 06:10:07.444,0.98366,0.98376,1.00,1.50
2016.09.01 06:10:07.496,0.98366,0.98376,1.00,2.25
2016.09.01 06:10:10.278,0.98365,0.98376,1.12,3.00
2016.09.01 06:10:10.380,0.98366,0.98376,1.00,3.00
2016.09.01 06:10:10.483,0.98366,0.98375,1.00,1.12
2016.09.01 06:10:18.630,0.98364,0.98375,1.87,1.12
2016.09.01 06:10:18.682,0.98364,0.98375,1.87,1.37
2016.09.01 06:10:18.767,0.98364,0.98374,1.12,1.12
2016.09.01 06:10:18.818,0.98364,0.98374,1.00,1.87
2016.09.01 06:10:20.361,0.98364,0.98374,1.00,1.12
2016.09.01 06:10:20.852,0.98363,0.98374,2.25,1.12
2016.09.01 06:10:26.376,0.98363,0.98374,3.00,1.12
2016.09.01 06:10:30.083,0.98363,0.98374,3.00,1.12
2016.09.01 06:10:30.134,0.98364,0.98375,1.12,3.00
2016.09.01 06:10:30.185,0.98364,0.98375,1.87,2.25
2016.09.01 06:10:30.339,0.98364,0.98374,1.87,1.00
2016.09.01 06:10:30.390,0.98364,0.98375,1.50,2.25
2016.09.01 06:10:30.696,0.98364,0.98375,1.50,3.00
2016.09.01 06:10:31.581,0.98365,0.98375,1.00,2.25
2016.09.01 06:10:31.632,0.98367,0.98376,1.00,1.50
2016.09.01 06:10:31.683,0.98367,0.98376,1.50,1.50
2016.09.01 06:10:31.735,0.98367,0.98378,2.25,2.62
2016.09.01 06:10:31.786,0.98368,0.98378,1.00,2.62
2016.09.01 06:10:31.838,0.98368,0.98378,2.25,1.37
2016.09.01 06:10:31.889,0.98368,0.98378,2.62,1.12
2016.09.01 06:10:32.051,0.98368,0.98379,2.62,1.69
2016.09.01 06:10:33.426,0.98368,0.98379,3.00,1.62
2016.09.01 06:10:33.478,0.98368,0.98379,3.00,1.31
2016.09.01 06:10:33.683,0.98368,0.98379,2.25,1.12
2016.09.01 06:10:35.725,0.98368,0.98379,3.00,1.31
2016.09.01 06:10:37.265,0.98368,0.98379,2.25,1.12
2016.09.01 06:10:37.316,0.98368,0.98379,2.25,1.12
2016.09.01 06:10:37.743,0.98368,0.98379,3.00,1.12
2016.09.01 06:10:43.603,0.98368,0.98379,2.25,1.87
2016.09.01 06:10:43.705,0.98368,0.98379,3.00,1.87
2016.09.01 06:10:43.808,0.98368,0.98379,2.25,1.12
2016.09.01 06:10:45.998,0.98368,0.98379,3.00,1.12
2016.09.01 06:10:51.443,0.98369,0.9838,1.87,1.87
2016.09.01 06:10:52.246,0.98369,0.9838,1.87,2.62
2016.09.01 06:10:52.297,0.98369,0.9838,1.12,3.37
2016.09.01 06:10:54.951,0.98369,0.9838,1.12,3.00
2016.09.01 06:10:56.651,0.98369,0.98379,1.12,1.12
2016.09.01 06:10:58.207,0.98369,0.9838,1.87,2.25
2016.09.01 06:10:58.311,0.9837,0.9838,1.00,2.25
2016.09.01 06:10:59.585,0.98369,0.98379,1.12,1.12
2016.09.01 06:11:01.074,0.98368,0.98379,3.00,1.87
2016.09.01 06:11:01.527,0.98368,0.98379,3.75,1.12
2016.09.01 06:11:03.135,0.98369,0.98379,1.12,1.12
2016.09.01 06:11:03.186,0.98369,0.9838,1.87,2.25
2016.09.01 06:11:03.238,0.98369,0.9838,1.12,3.00
2016.09.01 06:11:03.289,0.98368,0.98379,3.00,1.12
2016.09.01 06:11:03.341,0.98368,0.98378,2.25,1.00
2016.09.01 06:11:03.518,0.98368,0.98379,1.50,2.62
2016.09.01 06:11:03.620,0.98368,0.98377,2.25,1.00
2016.09.01 06:11:03.671,0.98368,0.98377,1.50,1.00
2016.09.01 06:11:04.787,0.98368,0.98377,1.37,1.00
2016.09.01 06:11:04.838,0.98368,0.98377,1.00,1.37
2016.09.01 06:11:04.889,0.98368,0.98377,1.00,2.62
2016.09.01 06:11:04.940,0.98368,0.98376,1.00,1.12
2016.09.01 06:11:04.991,0.98366,0.98376,2.25,1.12
2016.09.01 06:11:05.042,0.98366,0.98376,1.87,1.12
2016.09.01 06:11:06.120,0.98366,0.98377,1.87,2.62
2016.09.01 06:11:07.462,0.98366,0.98377,2.62,1.87
2016.09.01 06:11:09.423,0.98366,0.98377,1.87,1.87
2016.09.01 06:11:11.458,0.98366,0.98377,2.62,1.37
2016.09.01 06:11:13.432,0.98366,0.98377,1.87,1.87
2016.09.01 06:11:13.484,0.98367,0.98377,1.00,1.87
2016.09.01 06:11:13.535,0.98367,0.98377,1.50,1.37
2016.09.01 06:11:13.587,0.98368,0.98378,1.50,2.62
2016.09.01 06:11:13.690,0.98368,0.98378,1.50,1.87
2016.09.01 06:11:13.742,0.98369,0.98378,1.00,1.37
2016.09.01 06:11:13.840,0.98368,0.98378,2.62,1.12
2016.09.01 06:11:13.996,0.98368,0.98379,3.37,1.50
2016.09.01 06:11:14.513,0.98368,0.98379,3.75,1.87
2016.09.01 06:11:15.487,0.98368,0.98379,2.25,1.87
2016.09.01 06:11:15.793,0.98368,0.98379,3.75,1.87
2016.09.01 06:11:15.963,0.98368,0.98379,3.00,2.62
2016.09.01 06:11:16.015,0.98368,0.98379,1.87,2.62
2016.09.01 06:11:16.120,0.98368,0.98378,1.12,1.12
2016.09.01 06:11:16.172,0.98368,0.98378,1.12,1.87
2016.09.01 06:11:17.521,0.98367,0.98378,2.25,1.87
2016.09.01 06:11:17.725,0.98368,0.98378,1.12,1.87
2016.09.01 06:11:17.929,0.98367,0.98378,2.25,1.87
2016.09.01 06:11:18.301,0.98368,0.98378,1.12,1.87
2016.09.01 06:11:18.480,0.98368,0.98378,1.12,1.12
2016.09.01 06:11:20.786,0.98368,0.9838,1.87,3.19
2016.09.01 06:11:20.838,0.9837,0.9838,1.00,1.87
2016.09.01 06:11:20.969,0.98371,0.9838,1.00,1.12
2016.09.01 06:11:21.021,0.98371,0.98381,1.00,1.50
2016.09.01 06:11:21.073,0.9837,0.98381,1.12,1.50
2016.09.01 06:11:21.125,0.9837,0.98381,1.12,1.87
2016.09.01 06:11:22.945,0.98369,0.98381,1.50,2.62
2016.09.01 06:11:25.403,0.98369,0.98381,1.50,2.62
2016.09.01 06:11:26.406,0.98369,0.98381,1.50,2.25
2016.09.01 06:11:28.100,0.98369,0.98381,2.25,2.25
2016.09.01 06:11:28.151,0.98371,0.98381,1.00,1.50
2016.09.01 06:11:28.866,0.9837,0.98381,1.12,1.50
2016.09.01 06:11:31.809,0.9837,0.98381,1.12,1.69
2016.09.01 06:11:32.690,0.98369,0.98381,1.50,2.44
2016.09.01 06:11:32.865,0.98369,0.98381,1.50,2.81
2016.09.01 06:11:34.707,0.98369,0.98381,1.50,2.62
2016.09.01 06:11:34.759,0.98369,0.98381,1.50,2.25
2016.09.01 06:11:34.810,0.98369,0.98381,2.25,2.25
2016.09.01 06:11:34.861,0.98371,0.98381,1.00,1.50
2016.09.01 06:11:35.219,0.98371,0.98381,1.00,1.69
2016.09.01 06:11:35.431,0.98371,0.98381,1.00,1.50
2016.09.01 06:11:36.669,0.9837,0.98381,1.12,2.25
2016.09.01 06:11:36.721,0.98369,0.9838,1.50,1.12
2016.09.01 06:11:42.594,0.9837,0.9838,1.12,1.12
2016.09.01 06:11:45.747,0.9837,0.9838,2.25,1.12
2016.09.01 06:11:45.819,0.98371,0.98381,1.00,1.50
2016.09.01 06:11:46.177,0.9837,0.98381,3.00,1.50
2016.09.01 06:11:46.228,0.9837,0.98381,3.00,1.87
2016.09.01 06:11:46.279,0.9837,0.98381,2.25,1.87
2016.09.01 06:11:46.330,0.9837,0.98381,2.25,2.62
2016.09.01 06:11:46.702,0.9837,0.98381,2.25,2.25
2016.09.01 06:11:47.570,0.9837,0.98381,1.12,2.25
2016.09.01 06:11:47.663,0.9837,0.98381,1.12,2.44
2016.09.01 06:11:47.715,0.98369,0.98379,1.50,1.75
2016.09.01 06:11:47.818,0.98368,0.98378,2.44,1.50
2016.09.01 06:11:47.870,0.98368,0.98378,2.44,1.87
2016.09.01 06:11:47.922,0.98368,0.98378,1.69,3.00
2016.09.01 06:11:47.975,0.98368,0.98377,1.31,1.75
2016.09.01 06:11:48.026,0.98367,0.98377,1.00,1.75
2016.09.01 06:11:48.180,0.98367,0.98377,1.00,1.75
2016.09.01 06:11:48.525,0.98367,0.98378,1.00,3.00
2016.09.01 06:11:48.577,0.98367,0.98378,1.00,2.62
2016.09.01 06:11:48.629,0.98366,0.98377,1.50,1.75
2016.09.01 06:11:48.732,0.98368,0.98378,1.00,3.00
2016.09.01 06:11:48.830,0.98368,0.98378,1.00,2.25
2016.09.01 06:11:49.813,0.98368,0.98378,1.12,1.87
2016.09.01 06:11:49.864,0.98374,0.98378,1.00,1.00
2016.09.01 06:11:49.916,0.98374,0.9838,1.00,1.12
2016.09.01 06:11:49.968,0.98373,0.98381,1.00,2.25
2016.09.01 06:11:50.019,0.98373,0.98381,1.00,1.00
2016.09.01 06:11:50.071,0.98373,0.98382,1.00,1.87
2016.09.01 06:11:50.122,0.98372,0.98382,1.00,3.75
2016.09.01 06:11:50.225,0.9837,0.98381,1.87,1.87
2016.09.01 06:11:50.276,0.9837,0.98378,1.00,1.50
2016.09.01 06:11:50.328,0.98367,0.98377,2.62,1.50
2016.09.01 06:11:50.379,0.98366,0.98376,1.87,1.00
2016.09.01 06:11:50.432,0.98366,0.98375,1.00,1.12
2016.09.01 06:11:50.557,0.98366,0.98376,1.00,4.50
2016.09.01 06:11:50.608,0.98366,0.98374,1.00,2.62
2016.09.01 06:11:50.659,0.98365,0.98374,1.12,3.37
2016.09.01 06:11:50.711,0.98364,0.98372,1.50,1.00
2016.09.01 06:11:50.813,0.98364,0.98373,1.00,3.75
2016.09.01 06:11:50.865,0.98363,0.98373,2.62,3.75
2016.09.01 06:11:51.326,0.98363,0.98373,1.87,3.75
2016.09.01 06:11:51.726,0.98363,0.98373,2.62,3.75
2016.09.01 06:11:51.880,0.98363,0.98373,2.25,3.75
2016.09.01 06:11:52.145,0.98363,0.98373,2.25,3.75
2016.09.01 06:11:52.931,0.98363,0.98373,2.25,3.00
2016.09.01 06:11:52.983,0.98363,0.98373,2.25,3.00
2016.09.01 06:11:53.034,0.98363,0.98373,3.00,1.12
2016.09.01 06:11:54.473,0.98363,0.98373,3.19,1.12
2016.09.01 06:11:54.849,0.98363,0.98373,2.44,1.12
2016.09.01 06:11:54.952,0.98363,0.98373,2.81,1.12
2016.09.01 06:11:55.647,0.98363,0.98373,2.62,1.12
2016.09.01 06:11:55.953,0.98363,0.98373,3.37,1.12
2016.09.01 06:11:57.633,0.98364,0.98373,1.12,1.12
2016.09.01 06:11:57.685,0.98364,0.98373,3.94,1.37
2016.09.01 06:11:57.738,0.98366,0.98376,1.50,3.75
2016.09.01 06:11:57.790,0.98366,0.98376,1.00,3.75
2016.09.01 06:11:57.841,0.98366,0.98376,1.87,1.12
2016.09.01 06:11:57.893,0.98366,0.98376,2.62,1.12
2016.09.01 06:11:58.130,0.98366,0.98376,3.00,1.12
2016.09.01 06:11:58.184,0.98367,0.98376,1.12,1.12
2016.09.01 06:11:58.237,0.98368,0.98376,1.00,1.12
2016.09.01 06:11:58.764,0.98367,0.98376,1.00,1.12
2016.09.01 06:11:58.971,0.98368,0.98376,1.00,1.12
2016.09.01 06:11:59.074,0.98368,0.98377,1.00,3.75
2016.09.01 06:11:59.125,0.98368,0.98377,1.00,1.87
2016.09.01 06:11:59.176,0.98368,0.98377,1.50,1.87
2016.09.01 06:12:00.075,0.98367,0.98377,2.62,1.87
2016.09.01 06:12:00.127,0.98367,0.98377,1.87,1.87
2016.09.01 06:12:00.178,0.98368,0.98377,1.50,1.87
2016.09.01 06:12:01.676,0.98369,0.98377,1.00,1.87
2016.09.01 06:12:01.778,0.98369,0.98377,1.00,1.12
2016.09.01 06:12:01.913,0.98369,0.98379,1.50,2.25
2016.09.01 06:12:01.993,0.9837,0.98379,1.00,2.81
2016.09.01 06:12:02.096,0.9837,0.98379,1.00,2.06
2016.09.01 06:12:02.147,0.98371,0.98379,1.00,1.87
2016.09.01 06:12:02.198,0.98371,0.98379,1.50,1.87
2016.09.01 06:12:02.250,0.98371,0.98379,1.50,1.37
2016.09.01 06:12:02.302,0.98371,0.98379,1.00,1.37
2016.09.01 06:12:03.739,0.98371,0.98381,1.00,1.87
2016.09.01 06:12:03.899,0.98371,0.98381,1.00,1.75
2016.09.01 06:12:05.312,0.98371,0.98381,1.50,1.37
2016.09.01 06:12:05.365,0.98371,0.98381,1.00,1.00
2016.09.01 06:12:06.156,0.98371,0.98382,2.25,1.69
2016.09.01 06:12:07.015,0.98371,0.98382,1.50,2.44
2016.09.01 06:12:07.322,0.98371,0.98381,1.50,1.00
2016.09.01 06:12:07.843,0.98371,0.9838,1.50,1.00
2016.09.01 06:12:08.607,0.98371,0.98382,2.25,1.69
2016.09.01 06:12:08.863,0.98371,0.98382,1.50,1.50
2016.09.01 06:12:09.496,0.98371,0.98382,1.50,2.44
2016.09.01 06:12:13.244,0.98371,0.98382,2.25,1.69
2016.09.01 06:12:13.465,0.98372,0.98382,1.00,1.69
2016.09.01 06:12:13.517,0.98371,0.98382,2.25,1.69
2016.09.01 06:12:15.523,0.98371,0.98382,2.25,1.69
2016.09.01 06:12:15.574,0.98371,0.98382,1.50,1.50
2016.09.01 06:12:15.676,0.98371,0.98382,2.25,1.50
2016.09.01 06:12:16.083,0.98377,0.98382,2.44,1.00
2016.09.01 06:12:16.135,0.98378,0.98384,1.00,1.75
2016.09.01 06:12:16.186,0.98379,0.98385,1.50,2.62
2016.09.01 06:12:16.238,0.98381,0.98385,1.00,1.12
2016.09.01 06:12:16.289,0.98381,0.98385,1.00,1.00
2016.09.01 06:12:16.341,0.98381,0.98388,1.00,1.12
2016.09.01 06:12:16.444,0.98381,0.98388,1.00,1.00
2016.09.01 06:12:16.848,0.98381,0.98388,1.00,1.50
2016.09.01 06:12:17.053,0.9838,0.98388,1.00,1.00
2016.09.01 06:12:17.466,0.98381,0.98388,1.00,1.00
2016.09.01 06:12:19.127,0.98381,0.98389,1.00,1.87
2016.09.01 06:12:19.232,0.98381,0.9839,1.00,2.62
2016.09.01 06:12:19.335,0.98381,0.9839,1.00,1.50
2016.09.01 06:12:19.848,0.98381,0.9839,1.00,2.25
2016.09.01 06:12:20.048,0.9838,0.9839,1.00,2.25
2016.09.01 06:12:20.267,0.98381,0.9839,1.00,2.25
2016.09.01 06:12:22.954,0.9838,0.9839,1.00,2.25
2016.09.01 06:12:24.957,0.98379,0.9839,1.87,2.25
2016.09.01 06:12:25.967,0.98379,0.9839,2.62,1.50
2016.09.01 06:12:27.265,0.9838,0.9839,1.00,1.50
2016.09.01 06:12:27.316,0.9838,0.9839,1.00,1.50
2016.09.01 06:12:27.929,0.98379,0.9839,2.62,1.50
2016.09.01 06:12:30.240,0.98379,0.98389,1.87,1.12
2016.09.01 06:12:30.342,0.98379,0.9839,1.87,2.25
2016.09.01 06:12:30.648,0.98379,0.9839,1.87,3.00
2016.09.01 06:12:30.751,0.98379,0.98389,1.87,1.12
2016.09.01 06:12:30.959,0.98379,0.98389,1.12,1.12
2016.09.01 06:12:33.079,0.98379,0.9839,1.12,2.25
2016.09.01 06:12:34.381,0.98379,0.9839,1.12,2.62
2016.09.01 06:12:34.934,0.9838,0.9839,1.00,1.87
2016.09.01 06:12:34.986,0.9838,0.9839,1.00,1.50
2016.09.01 06:12:35.037,0.98379,0.9839,2.62,2.25
2016.09.01 06:12:35.088,0.98379,0.9839,1.87,2.25
2016.09.01 06:12:35.140,0.98379,0.9839,1.12,2.25
2016.09.01 06:12:36.788,0.98379,0.98389,1.12,1.12
2016.09.01 06:12:36.840,0.98379,0.98388,1.12,1.00
2016.09.01 06:12:37.746,0.98378,0.98388,2.25,1.00
2016.09.01 06:12:37.849,0.98378,0.98388,2.25,1.50
2016.09.01 06:12:38.029,0.98378,0.98388,2.25,1.12
2016.09.01 06:12:38.083,0.98378,0.98388,1.87,1.12
2016.09.01 06:12:38.391,0.98378,0.98388,1.87,1.12
2016.09.01 06:12:38.496,0.98378,0.98388,1.87,1.12
2016.09.01 06:12:38.690,0.98378,0.98389,1.87,2.25
2016.09.01 06:12:39.299,0.98378,0.98389,1.87,1.87
2016.09.01 06:12:39.402,0.98378,0.98389,2.25,1.50
2016.09.01 06:12:39.659,0.98378,0.98389,2.25,1.50
2016.09.01 06:12:39.711,0.98378,0.98389,2.25,1.50
2016.09.01 06:12:40.298,0.98378,0.98389,2.25,1.50
2016.09.01 06:12:40.349,0.98379,0.9839,1.50,2.25
2016.09.01 06:12:40.452,0.98379,0.9839,2.25,1.50
2016.09.01 06:12:40.503,0.98379,0.9839,2.25,1.50
2016.09.01 06:12:40.607,0.98379,0.9839,1.87,1.87
2016.09.01 06:12:41.250,0.98379,0.9839,1.12,2.25
2016.09.01 06:12:45.283,0.98379,0.98389,1.12,1.12
2016.09.01 06:12:47.296,0.98379,0.9839,1.12,2.25
2016.09.01 06:12:50.645,0.98379,0.9839,1.12,2.62
2016.09.01 06:12:52.578,0.98381,0.9839,1.00,2.62
2016.09.01 06:12:52.629,0.98381,0.9839,1.00,2.62
2016.09.01 06:12:52.681,0.98381,0.9839,1.00,1.50
2016.09.01 06:12:53.286,0.9838,0.9839,1.00,1.50
2016.09.01 06:12:53.783,0.98381,0.9839,1.00,1.50
2016.09.01 06:12:57.964,0.98379,0.9839,2.25,1.50
2016.09.01 06:12:58.117,0.98379,0.9839,2.25,1.50
2016.09.01 06:12:59.319,0.98379,0.9839,1.50,2.25
2016.09.01 06:13:01.440,0.98379,0.9839,1.50,2.25
2016.09.01 06:13:01.595,0.98379,0.9839,2.25,1.50
2016.09.01 06:13:01.708,0.9838,0.9839,1.00,1.50
2016.09.01 06:13:02.168,0.98381,0.98392,1.00,3.00
2016.09.01 06:13:02.221,0.98381,0.98392,2.25,1.87
2016.09.01 06:13:02.272,0.98381,0.98392,1.50,1.87
2016.09.01 06:13:02.403,0.98382,0.98393,1.12,1.87
2016.09.01 06:13:02.506,0.98381,0.98391,1.37,1.00
2016.09.01 06:13:02.558,0.9838,0.98391,2.62,1.00
2016.09.01 06:13:02.611,0.9838,0.98391,1.87,1.50
2016.09.01 06:13:02.715,0.9838,0.98391,1.87,1.50
2016.09.01 06:13:02.767,0.9838,0.98391,1.75,2.62
2016.09.01 06:13:02.818,0.9838,0.98389,1.12,1.00
2016.09.01 06:13:02.922,0.9838,0.9839,1.12,1.12
2016.09.01 06:13:03.025,0.9838,0.9839,1.12,1.12
2016.09.01 06:13:03.076,0.98379,0.9839,2.62,2.25
2016.09.01 06:13:03.246,0.98379,0.9839,2.62,2.25
2016.09.01 06:13:05.629,0.98379,0.9839,3.37,1.50
2016.09.01 06:13:06.115,0.98379,0.9839,2.62,1.50
2016.09.01 06:13:06.218,0.98379,0.9839,3.37,2.25
2016.09.01 06:13:06.320,0.98379,0.9839,3.37,1.50
2016.09.01 06:13:08.414,0.98379,0.9839,2.62,2.25
2016.09.01 06:13:09.578,0.98379,0.9839,2.62,1.87
2016.09.01 06:13:09.629,0.98379,0.9839,3.37,1.87
2016.09.01 06:13:11.694,0.98379,0.9839,3.37,2.25
2016.09.01 06:13:11.948,0.98379,0.9839,3.00,2.25
2016.09.01 06:13:13.837,0.98379,0.9839,3.00,1.50
2016.09.01 06:13:13.939,0.9838,0.9839,1.12,1.50
2016.09.01 06:13:14.041,0.9838,0.9839,1.12,1.12
2016.09.01 06:13:16.164,0.9838,0.9839,1.50,1.12
2016.09.01 06:13:16.215,0.98383,0.98392,1.00,2.81
2016.09.01 06:13:16.267,0.98383,0.98392,1.00,2.81
2016.09.01 06:13:16.318,0.98383,0.98392,1.00,1.62
2016.09.01 06:13:16.370,0.98383,0.98392,1.00,1.31
2016.09.01 06:13:16.422,0.98381,0.98392,2.25,1.31
2016.09.01 06:13:16.628,0.98381,0.98392,1.50,1.31
2016.09.01 06:13:16.730,0.98381,0.98392,2.25,1.31
2016.09.01 06:13:16.833,0.98382,0.98392,1.00,1.31
2016.09.01 06:13:18.202,0.98381,0.98392,1.87,1.31
2016.09.01 06:13:18.789,0.98382,0.98393,1.00,2.44
2016.09.01 06:13:27.238,0.98382,0.98393,1.00,2.25
2016.09.01 06:13:29.138,0.98381,0.98392,1.50,1.12
2016.09.01 06:13:29.955,0.98381,0.98392,1.00,1.12
2016.09.01 06:13:30.058,0.98381,0.98392,1.50,1.12
2016.09.01 06:13:30.261,0.98381,0.98392,1.00,1.87
2016.09.01 06:13:36.361,0.9838,0.98392,1.12,1.87
2016.09.01 06:13:36.413,0.9838,0.98392,1.12,3.75
2016.09.01 06:13:36.464,0.98379,0.9839,2.44,1.00
2016.09.01 06:13:36.515,0.98379,0.9839,2.25,1.12
2016.09.01 06:13:36.741,0.98379,0.98389,2.25,1.00
2016.09.01 06:13:36.895,0.98379,0.98389,2.25,1.00
2016.09.01 06:13:38.441,0.98379,0.9839,2.25,1.87
2016.09.01 06:13:40.237,0.98379,0.98389,2.25,1.00
2016.09.01 06:13:42.059,0.98379,0.9839,2.25,1.87
2016.09.01 06:13:42.265,0.98379,0.98389,2.25,1.00
2016.09.01 06:13:42.546,0.98379,0.9839,2.25,1.87
2016.09.01 06:13:43.837,0.98379,0.9839,3.00,1.12
2016.09.01 06:13:43.941,0.9838,0.9839,1.12,1.12
2016.09.01 06:13:44.829,0.9838,0.98391,1.12,1.87
2016.09.01 06:13:44.880,0.98381,0.98391,1.00,1.87
2016.09.01 06:13:44.932,0.98382,0.98391,1.00,1.37
2016.09.01 06:13:44.983,0.98383,0.98393,1.00,1.50
2016.09.01 06:13:45.035,0.98384,0.98394,2.25,1.87
2016.09.01 06:13:45.087,0.98384,0.98394,2.25,1.37
2016.09.01 06:13:45.138,0.98384,0.98395,1.87,2.25
2016.09.01 06:13:45.292,0.98384,0.98395,1.87,2.25
2016.09.01 06:13:45.417,0.98386,0.98396,1.12,1.50
2016.09.01 06:13:45.520,0.98387,0.98396,1.50,1.00
2016.09.01 06:13:45.675,0.98387,0.98396,1.37,1.00
2016.09.01 06:13:45.726,0.98387,0.98396,1.12,1.00
2016.09.01 06:13:45.783,0.98387,0.98396,1.12,1.00
2016.09.01 06:13:45.835,0.98387,0.98396,2.06,1.00
2016.09.01 06:13:45.937,0.98387,0.98396,1.12,1.00
2016.09.01 06:13:45.989,0.98387,0.98396,1.12,1.00
2016.09.01 06:13:46.171,0.98387,0.98397,1.12,1.12
2016.09.01 06:13:46.224,0.98387,0.98397,3.00,1.12
2016.09.01 06:13:46.275,0.98389,0.98398,1.12,1.50
2016.09.01 06:13:46.328,0.98389,0.98399,1.50,1.87
2016.09.01 06:13:46.379,0.98389,0.98399,2.25,1.12
2016.09.01 06:13:46.483,0.98388,0.984,1.75,1.87
2016.09.01 06:13:46.545,0.98389,0.984,1.50,1.12
2016.09.01 06:13:46.598,0.98389,0.984,1.50,2.25
2016.09.01 06:13:46.762,0.98389,0.984,1.50,2.44
2016.09.01 06:13:46.815,0.98389,0.984,1.50,2.06
2016.09.01 06:13:46.867,0.98389,0.984,1.50,2.62
2016.09.01 06:13:46.924,0.98389,0.984,1.50,3.00
2016.09.01 06:13:47.572,0.98389,0.984,1.50,3.19
2016.09.01 06:13:47.778,0.98389,0.984,1.50,3.19
2016.09.01 06:13:47.829,0.98389,0.984,1.50,3.94
2016.09.01 06:13:47.881,0.98389,0.98399,1.50,1.00
2016.09.01 06:13:48.036,0.98389,0.98399,1.50,1.50
2016.09.01 06:13:48.088,0.98387,0.98397,3.00,1.00
2016.09.01 06:13:48.476,0.98386,0.98397,3.00,1.87
2016.09.01 06:13:48.528,0.98386,0.98397,1.50,3.94
2016.09.01 06:13:48.579,0.98386,0.98395,1.50,1.00
2016.09.01 06:13:48.682,0.98386,0.98397,1.50,3.19
2016.09.01 06:13:49.279,0.98385,0.98396,1.75,1.00
2016.09.01 06:13:49.689,0.98385,0.98396,1.75,1.37
2016.09.01 06:13:50.274,0.98385,0.98395,1.75,1.12
2016.09.01 06:13:50.326,0.98385,0.98395,1.75,1.12
2016.09.01 06:13:50.428,0.98385,0.98395,1.50,1.00
2016.09.01 06:13:50.588,0.98385,0.98396,1.50,1.87
2016.09.01 06:13:50.864,0.98385,0.98395,1.50,1.00
2016.09.01 06:13:50.916,0.98385,0.98395,1.50,1.00
2016.09.01 06:13:50.967,0.98385,0.98396,1.50,2.62
2016.09.01 06:13:51.018,0.98385,0.98396,1.50,2.25
2016.09.01 06:13:51.069,0.98385,0.98396,1.50,1.87
2016.09.01 06:13:51.266,0.98385,0.98396,1.50,2.06
2016.09.01 06:13:51.471,0.98385,0.98396,1.50,1.87
2016.09.01 06:13:51.522,0.98385,0.98396,1.50,1.87
2016.09.01 06:13:55.143,0.98385,0.98396,1.50,1.87
2016.09.01 06:13:55.194,0.98385,0.98396,2.25,1.12
2016.09.01 06:13:57.106,0.98385,0.98396,2.25,1.87
2016.09.01 06:13:57.209,0.98385,0.98396,2.25,1.12
2016.09.01 06:13:57.311,0.98385,0.98396,2.25,1.12
2016.09.01 06:13:57.363,0.98385,0.98396,2.25,1.87
2016.09.01 06:13:57.414,0.98385,0.98396,2.25,2.62
2016.09.01 06:13:57.566,0.98385,0.98394,1.50,1.00
2016.09.01 06:13:57.618,0.98384,0.98394,1.37,1.12
2016.09.01 06:13:57.669,0.98384,0.98395,1.00,3.37
2016.09.01 06:13:57.721,0.98384,0.98395,1.00,3.00
2016.09.01 06:13:57.772,0.98383,0.98394,1.12,1.50
2016.09.01 06:13:57.875,0.98383,0.98394,1.12,2.25
2016.09.01 06:14:03.581,0.98384,0.98394,1.50,1.50
2016.09.01 06:14:03.634,0.98385,0.98395,1.00,1.50
2016.09.01 06:14:03.685,0.98387,0.98396,1.12,2.62
2016.09.01 06:14:03.739,0.98387,0.98396,1.12,2.62
2016.09.01 06:14:03.944,0.98387,0.98396,1.12,2.62
2016.09.01 06:14:03.996,0.98387,0.98396,1.00,2.62
2016.09.01 06:14:04.356,0.98387,0.98396,1.00,2.62
2016.09.01 06:14:04.408,0.98387,0.98397,1.00,2.06
2016.09.01 06:14:04.520,0.98387,0.98397,1.12,2.06
2016.09.01 06:14:04.576,0.98387,0.98397,1.87,2.06
2016.09.01 06:14:04.628,0.98387,0.98397,3.00,1.25
2016.09.01 06:14:04.680,0.98388,0.98398,1.50,1.12
2016.09.01 06:14:04.731,0.98388,0.98399,2.25,1.50
2016.09.01 06:14:04.835,0.98389,0.98398,1.00,1.00
2016.09.01 06:14:04.886,0.98389,0.98398,1.50,1.00
2016.09.01 06:14:05.678,0.98388,0.98398,1.75,1.00
2016.09.01 06:14:05.781,0.98389,0.98398,1.50,1.00
2016.09.01 06:14:06.592,0.98388,0.98398,1.75,1.00
2016.09.01 06:14:07.338,0.98389,0.984,1.50,2.25
2016.09.01 06:14:07.390,0.98389,0.984,2.25,1.50
2016.09.01 06:14:07.492,0.98389,0.984,2.25,1.12
2016.09.01 06:14:07.896,0.98389,0.984,1.50,1.87
2016.09.01 06:14:08.192,0.98389,0.984,1.50,1.87
2016.09.01 06:14:08.294,0.98389,0.98398,1.50,1.00
2016.09.01 06:14:08.397,0.98389,0.98399,1.50,1.12
2016.09.01 06:14:09.205,0.98388,0.98399,1.75,1.87
2016.09.01 06:14:15.518,0.98388,0.98398,1.75,1.00
2016.09.01 06:14:15.569,0.98388,0.98398,1.75,1.00
2016.09.01 06:14:15.853,0.98388,0.98398,1.75,1.00
2016.09.01 06:14:17.060,0.98388,0.98398,1.75,1.00
2016.09.01 06:14:17.162,0.98388,0.98398,1.75,1.00
2016.09.01 06:14:19.018,0.98388,0.98398,1.75,1.00
2016.09.01 06:14:20.262,0.98388,0.98398,1.75,1.00
2016.09.01 06:14:25.721,0.98387,0.98398,2.25,1.00
2016.09.01 06:14:25.773,0.98387,0.98398,2.62,1.00
2016.09.01 06:14:25.858,0.98387,0.98397,2.62,1.00
2016.09.01 06:14:25.911,0.98387,0.98396,1.50,1.00
2016.09.01 06:14:25.963,0.98386,0.98396,2.25,1.00
2016.09.01 06:14:26.066,0.98386,0.98395,1.50,1.00
2016.09.01 06:14:26.396,0.98384,0.98395,2.25,1.00
2016.09.01 06:14:27.082,0.98386,0.98395,2.25,1.00
2016.09.01 06:14:27.133,0.98388,0.98397,1.00,1.50
2016.09.01 06:14:27.185,0.98388,0.98397,1.00,1.00
2016.09.01 06:14:27.236,0.98389,0.98399,1.50,1.37
2016.09.01 06:14:27.362,0.9839,0.98399,1.00,1.00
2016.09.01 06:14:27.467,0.9839,0.984,1.00,2.25
2016.09.01 06:14:27.519,0.98389,0.984,1.87,2.25
2016.09.01 06:14:27.570,0.98389,0.984,2.25,2.25
2016.09.01 06:14:27.775,0.98389,0.984,2.25,1.87
2016.09.01 06:14:28.828,0.98389,0.984,2.25,2.25
2016.09.01 06:14:29.188,0.98389,0.98399,1.50,1.50
2016.09.01 06:14:29.241,0.98388,0.98397,1.75,1.00
2016.09.01 06:14:29.292,0.98388,0.98397,1.75,1.00
2016.09.01 06:14:29.343,0.98388,0.98397,1.12,1.00
2016.09.01 06:14:29.599,0.98388,0.98398,1.12,1.12
2016.09.01 06:14:29.804,0.98388,0.98399,1.12,3.37
2016.09.01 06:14:30.010,0.98388,0.98398,1.12,1.12
2016.09.01 06:14:30.139,0.98387,0.98397,2.25,1.50
2016.09.01 06:14:30.448,0.98387,0.98397,1.12,1.50
2016.09.01 06:14:30.500,0.98387,0.98396,1.12,1.00
2016.09.01 06:14:30.602,0.98387,0.98397,1.12,1.12
2016.09.01 06:14:30.653,0.98387,0.98397,1.12,1.87
2016.09.01 06:14:30.705,0.98387,0.98397,1.12,1.12
2016.09.01 06:14:30.756,0.98387,0.98398,1.12,3.00
2016.09.01 06:14:31.464,0.98387,0.98398,1.12,3.00
2016.09.01 06:14:31.516,0.98387,0.98398,1.50,3.00
2016.09.01 06:14:31.669,0.98387,0.98398,1.50,3.00
2016.09.01 06:14:31.720,0.98387,0.98398,1.12,3.00
2016.09.01 06:14:31.772,0.98387,0.98398,1.87,3.00
2016.09.01 06:14:31.976,0.98387,0.98397,1.87,1.00
2016.09.01 06:14:32.211,0.98387,0.98397,1.87,1.50
2016.09.01 06:14:32.262,0.98387,0.98397,1.12,2.25
2016.09.01 06:14:32.869,0.98387,0.98397,1.12,2.25
2016.09.01 06:14:32.920,0.98387,0.98397,1.50,2.25
2016.09.01 06:14:32.971,0.98387,0.98397,1.50,2.25
2016.09.01 06:14:33.023,0.98387,0.98397,1.87,2.25
2016.09.01 06:14:33.125,0.98387,0.98397,1.87,1.50
2016.09.01 06:14:33.265,0.98387,0.98397,1.50,1.87
2016.09.01 06:14:33.470,0.98387,0.98397,1.50,2.25
2016.09.01 06:14:33.777,0.98387,0.98397,1.50,3.00
2016.09.01 06:14:33.849,0.98387,0.98396,1.12,1.12
2016.09.01 06:14:33.900,0.98384,0.98395,4.50,1.00
2016.09.01 06:14:33.952,0.98384,0.98395,3.75,2.25
2016.09.01 06:14:34.004,0.98384,0.98395,2.62,2.25
2016.09.01 06:14:34.855,0.98384,0.98395,1.87,1.50
2016.09.01 06:14:34.906,0.98386,0.98395,1.00,1.50
2016.09.01 06:14:34.958,0.98386,0.98395,1.00,1.00
2016.09.01 06:14:35.213,0.98386,0.98396,1.00,1.50
2016.09.01 06:14:36.346,0.98386,0.98396,1.50,1.50
2016.09.01 06:14:36.398,0.98387,0.98396,1.12,1.50
2016.09.01 06:14:36.500,0.98387,0.98396,1.00,1.50
2016.09.01 06:14:37.604,0.98387,0.98396,1.00,1.37
2016.09.01 06:14:37.706,0.98387,0.98396,1.12,1.37
2016.09.01 06:14:37.758,0.98387,0.98397,1.12,1.87
2016.09.01 06:14:37.809,0.98387,0.98397,1.50,1.87
2016.09.01 06:14:37.861,0.98387,0.98398,3.37,1.87
2016.09.01 06:14:37.914,0.98387,0.98398,2.62,1.87
2016.09.01 06:14:38.017,0.98389,0.98398,1.00,1.87
2016.09.01 06:14:38.069,0.98389,0.98398,1.12,1.12
2016.09.01 06:14:38.120,0.98388,0.98398,1.50,1.12
2016.09.01 06:14:39.014,0.98387,0.98398,3.00,1.12
2016.09.01 06:14:39.116,0.98387,0.98398,2.25,1.12
2016.09.01 06:14:39.218,0.98387,0.98398,3.75,1.12
2016.09.01 06:14:40.190,0.98387,0.98398,3.75,1.12
2016.09.01 06:14:40.242,0.98388,0.98398,1.50,1.12
2016.09.01 06:14:40.293,0.98388,0.98399,2.25,1.50
2016.09.01 06:14:40.344,0.98388,0.98399,1.50,2.25
2016.09.01 06:14:40.395,0.98388,0.98399,1.50,2.25
2016.09.01 06:14:40.489,0.98388,0.98399,1.50,2.25
2016.09.01 06:14:40.541,0.9839,0.98399,1.00,1.50
2016.09.01 06:14:40.593,0.9839,0.98399,1.00,1.00
2016.09.01 06:14:40.645,0.98389,0.98399,1.87,1.00
2016.09.01 06:14:40.696,0.98389,0.98399,1.12,1.50
2016.09.01 06:14:40.748,0.98388,0.98399,2.25,1.50
2016.09.01 06:14:40.852,0.98388,0.98399,1.50,2.25
2016.09.01 06:14:40.956,0.98388,0.98398,1.50,1.50
2016.09.01 06:14:41.008,0.98388,0.98398,1.12,1.50
2016.09.01 06:14:41.110,0.98388,0.98398,1.12,1.50
2016.09.01 06:14:41.194,0.98387,0.98397,2.25,1.12
2016.09.01 06:14:41.336,0.98387,0.98398,2.25,3.00
2016.09.01 06:14:41.387,0.98387,0.98398,2.25,2.25
2016.09.01 06:14:41.527,0.98387,0.98398,3.00,2.25
2016.09.01 06:14:41.730,0.98387,0.98398,1.50,2.25
2016.09.01 06:14:41.782,0.98387,0.98398,1.50,2.25
2016.09.01 06:14:41.833,0.98387,0.98398,2.25,1.50
2016.09.01 06:14:41.918,0.98387,0.98398,3.00,1.50
2016.09.01 06:14:42.043,0.98388,0.98398,1.12,1.50
2016.09.01 06:14:42.230,0.98389,0.98398,1.00,1.50
2016.09.01 06:14:42.596,0.98389,0.98398,1.00,1.12
2016.09.01 06:14:43.055,0.98387,0.98398,2.25,1.50
2016.09.01 06:14:44.021,0.98388,0.98398,1.12,1.50
2016.09.01 06:14:44.185,0.98388,0.98398,1.12,1.50
2016.09.01 06:14:47.391,0.98388,0.98398,1.12,1.00
2016.09.01 06:14:50.069,0.98387,0.98398,3.00,1.00
2016.09.01 06:14:50.120,0.98387,0.98398,2.25,1.00
2016.09.01 06:14:50.352,0.98387,0.98398,3.00,1.00
2016.09.01 06:14:50.403,0.98387,0.98399,3.00,1.50
2016.09.01 06:14:51.059,0.98387,0.98398,2.25,1.12
2016.09.01 06:14:51.110,0.98387,0.98398,1.75,1.12
2016.09.01 06:14:51.210,0.98387,0.98397,1.12,1.00
2016.09.01 06:14:51.261,0.98387,0.98397,1.12,1.50
2016.09.01 06:14:51.394,0.98387,0.98397,1.12,2.25
2016.09.01 06:14:51.649,0.98386,0.98397,2.25,2.25
2016.09.01 06:14:51.751,0.98387,0.98397,1.12,2.25
2016.09.01 06:14:53.892,0.98387,0.98397,1.12,1.87
2016.09.01 06:14:54.059,0.98387,0.98397,1.12,2.25
2016.09.01 06:14:57.083,0.98387,0.98396,1.12,1.00
2016.09.01 06:14:59.715,0.98387,0.98395,1.12,1.00
2016.09.01 06:14:59.767,0.98384,0.98393,1.75,1.00
2016.09.01 06:14:59.818,0.98383,0.98392,1.12,1.00
2016.09.01 06:14:59.870,0.98381,0.98391,4.12,1.00
2016.09.01 06:14:59.922,0.98381,0.98391,1.50,1.50
2016.09.01 06:15:00.026,0.9838,0.98391,1.50,1.87
2016.09.01 06:15:00.130,0.9838,0.98391,1.87,2.25
2016.09.01 06:15:00.181,0.9838,0.98391,1.87,2.25
2016.09.01 06:15:00.232,0.9838,0.98391,1.12,2.25
2016.09.01 06:15:01.997,0.98379,0.9839,1.50,1.87
2016.09.01 06:15:02.123,0.98378,0.98389,2.62,1.87
2016.09.01 06:15:03.598,0.98378,0.98388,2.62,1.00
2016.09.01 06:15:03.701,0.98378,0.98389,2.25,2.25
2016.09.01 06:15:03.752,0.98378,0.98389,1.87,2.62
2016.09.01 06:15:03.840,0.98378,0.98388,1.87,1.50
2016.09.01 06:15:03.942,0.98378,0.98388,1.12,1.50
2016.09.01 06:15:04.351,0.98378,0.98388,1.87,1.50
2016.09.01 06:15:04.402,0.98378,0.98389,1.87,2.62
2016.09.01 06:15:04.504,0.98378,0.98389,2.25,2.25
2016.09.01 06:15:04.556,0.98378,0.98389,2.25,1.87
2016.09.01 06:15:07.354,0.98379,0.98389,1.00,1.87
2016.09.01 06:15:07.406,0.98379,0.98389,1.50,1.12
2016.09.01 06:15:07.866,0.98379,0.98389,1.50,1.12
2016.09.01 06:15:08.716,0.98379,0.98389,1.00,1.12
2016.09.01 06:15:08.768,0.98379,0.98389,1.00,1.12
2016.09.01 06:15:08.840,0.98379,0.98389,1.50,1.12
2016.09.01 06:15:10.280,0.98379,0.98389,1.12,1.12
2016.09.01 06:15:10.332,0.98378,0.98389,3.00,1.12
2016.09.01 06:15:10.494,0.98378,0.98388,1.12,1.87
2016.09.01 06:15:10.548,0.98377,0.98388,1.12,2.25
2016.09.01 06:15:10.599,0.98377,0.98387,3.75,1.12
2016.09.01 06:15:10.651,0.98377,0.98384,3.00,1.00
2016.09.01 06:15:10.702,0.98375,0.98384,1.87,1.00
2016.09.01 06:15:10.754,0.98375,0.98384,1.37,1.50
2016.09.01 06:15:10.805,0.98374,0.98384,2.62,1.50
2016.09.01 06:15:10.856,0.98374,0.98384,1.12,2.25
2016.09.01 06:15:10.908,0.98374,0.98383,1.12,1.00
2016.09.01 06:15:10.959,0.98374,0.98384,1.12,1.50
2016.09.01 06:15:11.010,0.98374,0.98384,1.12,2.25
2016.09.01 06:15:11.112,0.98374,0.98384,1.87,1.50
2016.09.01 06:15:13.157,0.98374,0.98384,1.12,1.50
2016.09.01 06:15:13.866,0.98374,0.98384,1.00,1.50
2016.09.01 06:15:16.193,0.98374,0.98384,1.37,1.50
2016.09.01 06:15:16.248,0.98378,0.98385,1.00,1.12
2016.09.01 06:15:16.300,0.98378,0.98387,1.00,3.37
2016.09.01 06:15:16.352,0.98378,0.98388,1.00,3.75
2016.09.01 06:15:16.446,0.98378,0.98388,1.50,3.75
2016.09.01 06:15:16.497,0.98378,0.98388,1.50,1.50
2016.09.01 06:15:16.549,0.98378,0.98388,1.87,1.12
2016.09.01 06:15:16.855,0.98378,0.98388,1.12,1.12
2016.09.01 06:15:21.552,0.98377,0.98387,1.87,1.00
2016.09.01 06:15:21.603,0.98377,0.98387,1.50,1.00
2016.09.01 06:15:21.655,0.98376,0.98385,1.87,1.00
2016.09.01 06:15:21.758,0.98376,0.98386,1.87,1.12
2016.09.01 06:15:22.048,0.98376,0.98384,1.12,1.00
2016.09.01 06:15:22.101,0.98376,0.98384,1.12,1.00
2016.09.01 06:15:22.154,0.98376,0.98385,1.00,1.50
2016.09.01 06:15:22.361,0.98375,0.98386,1.00,2.25
2016.09.01 06:15:22.670,0.98378,0.98387,1.00,3.00
2016.09.01 06:15:22.722,0.98378,0.98387,1.00,3.00
2016.09.01 06:15:22.774,0.98378,0.98387,1.00,1.75
2016.09.01 06:15:22.826,0.98378,0.98387,1.00,1.50
2016.09.01 06:15:22.957,0.98378,0.98387,1.00,1.12
2016.09.01 06:15:23.161,0.98377,0.98387,1.12,1.12
2016.09.01 06:15:23.263,0.98378,0.98387,1.00,1.12
2016.09.01 06:15:24.746,0.98377,0.98387,1.12,1.12
2016.09.01 06:15:25.833,0.98377,0.98387,1.87,1.12
2016.09.01 06:15:25.884,0.98378,0.98388,1.00,1.87
2016.09.01 06:15:25.987,0.98379,0.9839,1.50,2.62
2016.09.01 06:15:26.038,0.98379,0.9839,1.87,2.62
2016.09.01 06:15:26.141,0.98379,0.9839,1.12,1.87
2016.09.01 06:15:28.540,0.98379,0.9839,1.12,2.62
2016.09.01 06:15:30.542,0.98379,0.9839,1.87,1.87
2016.09.01 06:15:30.805,0.98379,0.9839,1.87,1.50
2016.09.01 06:15:31.060,0.9838,0.9839,1.00,1.50
2016.09.01 06:15:31.366,0.98379,0.9839,1.87,1.50
2016.09.01 06:15:33.574,0.98379,0.9839,1.87,1.87
2016.09.01 06:15:33.677,0.98379,0.9839,2.62,1.87
2016.09.01 06:15:33.781,0.98381,0.9839,1.00,1.87
2016.09.01 06:15:34.578,0.9838,0.9839,1.00,1.87
2016.09.01 06:15:37.231,0.9838,0.9839,1.00,1.50
2016.09.01 06:15:40.080,0.98379,0.9839,1.12,1.50
2016.09.01 06:15:40.298,0.98379,0.9839,1.50,1.37
2016.09.01 06:15:40.400,0.9838,0.98391,1.12,1.50
2016.09.01 06:15:43.483,0.9838,0.98391,1.50,1.50
2016.09.01 06:15:43.586,0.9838,0.98391,2.25,1.50
2016.09.01 06:15:43.795,0.98381,0.98391,1.00,1.50
2016.09.01 06:15:44.287,0.9838,0.98391,2.25,2.25
2016.09.01 06:15:44.390,0.9838,0.98391,1.50,2.25
2016.09.01 06:15:46.494,0.9838,0.98391,1.12,2.25
2016.09.01 06:15:47.782,0.9838,0.98391,1.87,2.25
2016.09.01 06:15:48.089,0.9838,0.98391,1.12,2.25
2016.09.01 06:15:49.099,0.98379,0.9839,2.62,1.12
2016.09.01 06:15:49.926,0.9838,0.9839,1.00,1.12
2016.09.01 06:15:54.939,0.98379,0.9839,2.62,1.12
2016.09.01 06:16:02.190,0.9838,0.9839,1.50,1.12
2016.09.01 06:16:02.998,0.98384,0.9839,1.00,1.12
2016.09.01 06:16:03.049,0.98384,0.98393,1.50,1.87
2016.09.01 06:16:03.100,0.98384,0.98394,1.69,2.25
2016.09.01 06:16:03.152,0.98385,0.98394,1.00,1.87
2016.09.01 06:16:03.203,0.98385,0.98394,1.00,1.00
2016.09.01 06:16:03.305,0.98385,0.98395,1.00,1.50
2016.09.01 06:16:03.692,0.98385,0.98394,1.00,1.00
2016.09.01 06:16:03.743,0.98384,0.98394,1.37,1.00
2016.09.01 06:16:03.795,0.98384,0.98395,1.87,2.25
2016.09.01 06:16:03.847,0.98385,0.98395,1.37,1.50
2016.09.01 06:16:03.899,0.98385,0.98395,1.37,1.00
2016.09.01 06:16:04.595,0.98385,0.98394,1.00,1.00
2016.09.01 06:16:05.094,0.98385,0.98395,1.00,1.50
2016.09.01 06:16:05.688,0.98385,0.98394,1.00,1.00
2016.09.01 06:16:05.739,0.98385,0.98394,1.00,1.00
2016.09.01 06:16:05.841,0.98385,0.98394,1.00,1.00
2016.09.01 06:16:06.354,0.98384,0.98394,1.50,1.00
2016.09.01 06:16:06.406,0.98384,0.98394,1.00,1.00
2016.09.01 06:16:07.081,0.98384,0.98393,1.00,1.00
2016.09.01 06:16:08.186,0.98384,0.98395,1.00,3.37
2016.09.01 06:16:08.318,0.98384,0.98395,1.00,3.00
2016.09.01 06:16:10.348,0.98385,0.98395,1.00,1.50
2016.09.01 06:16:10.552,0.98385,0.98395,1.00,1.75
2016.09.01 06:16:10.860,0.98385,0.98395,1.00,1.75
2016.09.01 06:16:14.286,0.98385,0.98395,1.00,1.75
2016.09.01 06:16:14.414,0.98385,0.98396,1.00,2.25
2016.09.01 06:16:14.567,0.98385,0.98396,1.00,2.25
2016.09.01 06:16:14.618,0.98385,0.98396,1.00,2.44
2016.09.01 06:16:14.822,0.98385,0.98394,1.00,1.12
2016.09.01 06:16:14.873,0.98385,0.98394,1.00,1.12
2016.09.01 06:16:15.828,0.98385,0.98395,1.00,1.50
2016.09.01 06:16:16.096,0.98385,0.98394,1.00,1.12
2016.09.01 06:16:16.303,0.98385,0.98395,1.00,1.50
2016.09.01 06:16:16.417,0.98385,0.98394,1.00,1.12
2016.09.01 06:16:16.520,0.98385,0.98393,1.00,1.00
2016.09.01 06:16:16.571,0.98382,0.98393,1.87,1.50
2016.09.01 06:16:16.623,0.98382,0.98392,1.87,1.69
2016.09.01 06:16:16.674,0.98381,0.98391,1.37,1.00
2016.09.01 06:16:16.849,0.9838,0.98391,1.00,2.25
2016.09.01 06:16:17.004,0.9838,0.98391,1.00,1.50
2016.09.01 06:16:17.056,0.9838,0.98391,1.00,2.25
2016.09.01 06:16:17.108,0.9838,0.98391,1.00,3.00
2016.09.01 06:16:17.160,0.9838,0.98391,1.00,3.37
2016.09.01 06:16:17.212,0.9838,0.98389,1.00,1.12
2016.09.01 06:16:17.264,0.98379,0.98389,1.50,1.12
2016.09.01 06:16:17.419,0.98379,0.9839,1.50,2.62
2016.09.01 06:16:17.471,0.98379,0.9839,1.00,2.25
2016.09.01 06:16:17.637,0.98379,0.9839,1.00,2.62
2016.09.01 06:16:18.056,0.98379,0.9839,1.12,2.62
2016.09.01 06:16:18.107,0.98379,0.9839,1.87,1.87
2016.09.01 06:16:18.211,0.9838,0.9839,1.00,1.87
2016.09.01 06:16:18.262,0.9838,0.9839,1.12,1.75
2016.09.01 06:16:18.445,0.9838,0.9839,1.50,1.12
2016.09.01 06:16:19.012,0.9838,0.9839,1.00,1.12
2016.09.01 06:16:20.105,0.9838,0.9839,1.50,1.12
2016.09.01 06:16:20.946,0.9838,0.9839,1.12,1.12
2016.09.01 06:16:22.622,0.98381,0.9839,1.00,1.12
2016.09.01 06:16:29.638,0.9838,0.9839,1.12,1.12
2016.09.01 06:16:29.741,0.98379,0.9839,2.25,1.12
2016.09.01 06:16:32.250,0.9838,0.9839,1.12,1.12
2016.09.01 06:16:32.699,0.9838,0.98391,1.87,1.50
2016.09.01 06:16:32.750,0.98381,0.98391,1.00,1.50
2016.09.01 06:16:32.852,0.9838,0.98391,1.87,1.50
2016.09.01 06:16:34.762,0.98381,0.98391,1.00,1.50
2016.09.01 06:16:39.549,0.9838,0.98391,1.87,1.50
2016.09.01 06:16:40.174,0.9838,0.98391,1.12,2.25
2016.09.01 06:16:41.973,0.9838,0.98391,1.87,2.25
2016.09.01 06:16:42.150,0.9838,0.98391,1.87,1.50
2016.09.01 06:16:43.234,0.9838,0.98391,1.87,1.50
2016.09.01 06:16:43.286,0.98383,0.98393,1.12,1.87
2016.09.01 06:16:43.339,0.98383,0.98394,1.87,2.25
2016.09.01 06:16:43.391,0.98383,0.98394,1.50,2.25
2016.09.01 06:16:43.442,0.98383,0.98394,1.00,2.25
2016.09.01 06:16:43.493,0.98384,0.98394,1.00,1.50
2016.09.01 06:16:43.595,0.98384,0.98394,1.50,1.00
2016.09.01 06:16:43.719,0.98384,0.98395,1.50,2.06
2016.09.01 06:16:43.771,0.98384,0.98395,3.37,1.12
2016.09.01 06:16:43.857,0.98387,0.98396,1.00,1.12
2016.09.01 06:16:43.908,0.98387,0.98397,1.50,2.62
2016.09.01 06:16:43.960,0.98387,0.98397,1.50,1.87
2016.09.01 06:16:44.011,0.98387,0.98397,1.75,1.50
2016.09.01 06:16:44.063,0.98387,0.98397,1.75,1.00
2016.09.01 06:16:44.431,0.98387,0.98397,1.75,1.50
2016.09.01 06:16:44.669,0.98386,0.98396,3.75,1.00
2016.09.01 06:16:44.771,0.98386,0.98397,3.75,1.50
2016.09.01 06:16:44.822,0.98386,0.98397,3.75,1.87
2016.09.01 06:16:44.874,0.98388,0.98397,1.00,1.87
2016.09.01 06:16:44.925,0.98387,0.98397,1.50,1.87
2016.09.01 06:16:45.132,0.98387,0.98397,1.50,1.50
2016.09.01 06:16:45.184,0.98387,0.98396,1.12,1.00
2016.09.01 06:16:45.236,0.98387,0.98395,1.12,1.37
2016.09.01 06:16:45.549,0.98387,0.98395,1.12,1.12
2016.09.01 06:16:47.138,0.98387,0.98396,1.12,1.37
2016.09.01 06:16:49.153,0.98387,0.98397,1.12,2.25
2016.09.01 06:16:49.204,0.98387,0.98397,2.25,1.12
2016.09.01 06:16:49.256,0.98387,0.98398,2.62,2.25
2016.09.01 06:16:49.360,0.98387,0.98398,3.37,1.50
2016.09.01 06:16:49.593,0.98387,0.98398,3.75,1.50
2016.09.01 06:16:49.645,0.98387,0.98398,3.75,1.50
2016.09.01 06:16:50.055,0.98387,0.98398,2.62,1.50
2016.09.01 06:16:50.233,0.98387,0.98398,2.25,1.50
2016.09.01 06:16:50.284,0.98387,0.98397,2.62,1.00
2016.09.01 06:16:50.336,0.98387,0.98397,1.87,1.50
2016.09.01 06:16:50.930,0.98387,0.98397,2.25,1.50
2016.09.01 06:16:51.298,0.98387,0.98397,3.00,1.00
2016.09.01 06:16:51.349,0.98387,0.98398,3.00,2.25
2016.09.01 06:16:52.529,0.98387,0.98398,3.00,1.87
2016.09.01 06:16:53.730,0.98387,0.98398,3.00,2.25
2016.09.01 06:16:55.056,0.98387,0.98398,3.00,4.50
2016.09.01 06:16:55.973,0.98388,0.98398,1.00,4.50
2016.09.01 06:16:57.967,0.98388,0.98396,1.00,1.12
2016.09.01 06:16:58.069,0.98388,0.98398,1.00,3.75
2016.09.01 06:16:58.172,0.98387,0.98398,4.12,3.75
2016.09.01 06:16:58.664,0.98387,0.98398,4.12,1.50
2016.09.01 06:16:58.767,0.98388,0.98398,1.00,2.25
2016.09.01 06:16:59.523,0.98388,0.98398,1.00,2.25
2016.09.01 06:16:59.575,0.98388,0.98398,1.50,1.50
2016.09.01 06:17:01.453,0.98388,0.98398,1.00,1.50
2016.09.01 06:17:06.875,0.98388,0.98398,1.00,1.69
2016.09.01 06:17:06.977,0.98388,0.98398,1.00,1.50
2016.09.01 06:17:07.461,0.98388,0.98398,1.00,2.25
2016.09.01 06:17:11.506,0.98388,0.98398,1.00,1.50
2016.09.01 06:17:13.809,0.98388,0.98398,1.50,1.12
2016.09.01 06:17:13.861,0.98388,0.98398,1.87,1.12
2016.09.01 06:17:13.912,0.98388,0.98398,1.87,1.00
2016.09.01 06:17:14.320,0.98389,0.98398,1.00,1.00
2016.09.01 06:17:14.371,0.98388,0.98398,1.87,1.00
2016.09.01 06:17:19.239,0.98388,0.98399,2.62,1.50
2016.09.01 06:17:21.931,0.98388,0.98399,2.25,1.50
2016.09.01 06:17:27.330,0.98388,0.98399,2.62,1.50
2016.09.01 06:17:28.939,0.98388,0.98399,2.25,1.50
2016.09.01 06:17:30.326,0.98389,0.98399,1.12,1.50
2016.09.01 06:17:31.331,0.98388,0.98399,2.25,1.50
2016.09.01 06:17:31.485,0.98388,0.98399,2.25,1.50
2016.09.01 06:17:31.536,0.98388,0.98399,1.50,2.25
2016.09.01 06:17:31.638,0.98389,0.98399,1.12,1.12
2016.09.01 06:17:32.424,0.98388,0.98399,2.25,1.12
2016.09.01 06:17:32.526,0.98389,0.98399,1.12,1.12
2016.09.01 06:17:32.577,0.98389,0.98399,1.12,1.12
2016.09.01 06:17:33.410,0.98388,0.98399,1.50,1.12
2016.09.01 06:17:36.499,0.98388,0.98399,1.50,1.87
2016.09.01 06:17:39.091,0.98388,0.98399,1.50,1.87
2016.09.01 06:17:39.142,0.98388,0.98399,1.50,1.12
2016.09.01 06:17:39.246,0.98388,0.98399,1.50,1.87
2016.09.01 06:17:39.298,0.98388,0.98399,1.50,1.87
2016.09.01 06:17:39.426,0.98389,0.98399,1.12,1.12
2016.09.01 06:17:39.530,0.98388,0.98399,2.25,1.12
2016.09.01 06:17:42.332,0.98388,0.98399,1.50,1.87
2016.09.01 06:17:44.034,0.98388,0.98399,2.25,1.12
2016.09.01 06:17:44.549,0.98388,0.98399,1.50,1.87
2016.09.01 06:17:44.956,0.98388,0.98399,1.87,1.87
2016.09.01 06:17:46.545,0.98388,0.98399,2.62,1.12
2016.09.01 06:17:47.805,0.98388,0.984,2.62,1.50
2016.09.01 06:17:47.856,0.98389,0.984,1.50,1.00
2016.09.01 06:17:48.111,0.98388,0.984,2.62,1.00
2016.09.01 06:17:48.213,0.98389,0.984,1.50,1.00
2016.09.01 06:17:50.309,0.98389,0.984,1.12,1.37
2016.09.01 06:17:51.327,0.98388,0.98399,2.62,1.12
2016.09.01 06:17:51.429,0.98388,0.98399,1.87,1.12
2016.09.01 06:17:53.312,0.98388,0.98399,1.87,1.12
2016.09.01 06:17:53.363,0.98388,0.984,2.62,1.50
2016.09.01 06:17:53.414,0.98388,0.984,2.62,1.87
2016.09.01 06:17:54.668,0.98388,0.98399,1.87,1.12
2016.09.01 06:17:57.148,0.98388,0.984,2.62,1.87
2016.09.01 06:17:59.029,0.98388,0.98398,1.87,1.00
2016.09.01 06:18:01.331,0.98388,0.98399,1.87,2.25
2016.09.01 06:18:08.644,0.98388,0.98399,1.87,2.25
2016.09.01 06:18:08.747,0.98388,0.98399,1.87,2.25
2016.09.01 06:18:09.105,0.98388,0.98399,1.87,3.00
2016.09.01 06:18:09.157,0.98388,0.98398,1.87,1.00
2016.09.01 06:18:09.464,0.98388,0.98398,1.87,1.00
2016.09.01 06:18:10.242,0.98388,0.98399,1.87,1.87
2016.09.01 06:18:10.345,0.98388,0.98399,2.62,1.50
2016.09.01 06:18:13.160,0.98388,0.98399,1.87,2.25
2016.09.01 06:18:17.919,0.98388,0.98399,1.50,2.25
2016.09.01 06:18:19.172,0.98388,0.98399,1.50,1.50
2016.09.01 06:18:24.576,0.98388,0.98398,1.50,1.00
2016.09.01 06:18:26.494,0.98388,0.98399,1.50,1.87
2016.09.01 06:18:26.545,0.98388,0.98399,1.50,2.25
2016.09.01 06:18:26.627,0.98388,0.98398,1.50,1.00
2016.09.01 06:18:27.167,0.98388,0.98399,1.50,2.25
2016.09.01 06:18:27.793,0.98388,0.98399,1.50,1.50
2016.09.01 06:18:28.583,0.98388,0.98399,1.50,1.12
2016.09.01 06:18:29.922,0.98388,0.98399,1.50,1.50
2016.09.01 06:18:30.325,0.98388,0.98399,1.50,1.12
2016.09.01 06:18:30.427,0.98388,0.98399,1.50,1.00
2016.09.01 06:18:31.374,0.98389,0.98399,1.00,1.00
2016.09.01 06:18:31.425,0.98389,0.98399,1.00,1.12
2016.09.01 06:18:31.476,0.98388,0.98399,1.50,1.87
2016.09.01 06:18:31.528,0.98388,0.98399,1.50,1.50
2016.09.01 06:18:31.618,0.98388,0.98399,2.62,1.00
2016.09.01 06:18:32.590,0.98389,0.984,1.50,1.50
2016.09.01 06:18:32.874,0.98389,0.984,1.00,2.25
2016.09.01 06:18:33.889,0.98389,0.984,1.50,1.50
2016.09.01 06:18:34.301,0.98389,0.984,1.50,2.25
2016.09.01 06:18:34.505,0.98389,0.984,1.00,2.25
2016.09.01 06:18:35.585,0.98389,0.984,1.00,1.50
2016.09.01 06:18:35.891,0.98389,0.98399,1.00,1.00
2016.09.01 06:18:36.094,0.98388,0.98399,1.50,1.50
2016.09.01 06:18:36.576,0.98388,0.98399,2.25,1.00
2016.09.01 06:18:36.689,0.98389,0.98399,1.00,1.00
2016.09.01 06:18:37.612,0.98388,0.98399,2.62,1.00
2016.09.01 06:18:38.176,0.98388,0.98399,2.25,1.00
2016.09.01 06:18:38.228,0.98388,0.98399,1.50,1.50
2016.09.01 06:18:38.382,0.98388,0.98399,1.50,1.00
2016.09.01 06:18:38.557,0.98388,0.984,1.50,1.50
2016.09.01 06:18:38.610,0.98388,0.98399,1.50,1.00
2016.09.01 06:18:38.916,0.98388,0.98399,1.12,1.12
2016.09.01 06:18:38.968,0.98388,0.98399,1.12,1.50
2016.09.01 06:18:39.019,0.98388,0.98398,1.12,1.12
2016.09.01 06:18:39.504,0.98388,0.98397,1.12,1.00
2016.09.01 06:18:39.606,0.98387,0.98398,3.00,1.87
2016.09.01 06:18:39.812,0.98387,0.98397,3.00,1.00
2016.09.01 06:18:39.863,0.98387,0.98397,3.00,1.87
2016.09.01 06:18:39.915,0.98385,0.98394,1.87,1.00
2016.09.01 06:18:40.018,0.98382,0.98392,4.50,1.00
2016.09.01 06:18:40.070,0.98382,0.98392,2.25,1.00
2016.09.01 06:18:40.121,0.98382,0.98392,2.62,1.00
2016.09.01 06:18:40.172,0.98382,0.98392,1.87,1.50
2016.09.01 06:18:40.262,0.98382,0.98393,1.00,2.81
2016.09.01 06:18:40.314,0.98381,0.98392,2.62,1.50
2016.09.01 06:18:40.420,0.98381,0.98392,3.00,1.37
2016.09.01 06:18:40.472,0.98381,0.98392,3.00,1.00
2016.09.01 06:18:40.524,0.98382,0.98393,1.37,2.25
2016.09.01 06:18:40.575,0.98382,0.98393,1.37,2.25
2016.09.01 06:18:40.853,0.98382,0.98393,1.37,2.25
2016.09.01 06:18:46.746,0.98382,0.98393,1.37,2.25
2016.09.01 06:18:46.797,0.98384,0.98395,1.00,2.62
2016.09.01 06:18:46.849,0.98384,0.98395,1.12,2.62
2016.09.01 06:18:46.900,0.98384,0.98395,1.12,2.62
2016.09.01 06:18:46.951,0.98384,0.98395,1.12,2.62
2016.09.01 06:18:47.003,0.98384,0.98395,1.12,2.25
2016.09.01 06:18:47.209,0.98385,0.98396,1.00,3.37
2016.09.01 06:18:47.260,0.98385,0.98396,1.12,2.62
2016.09.01 06:18:47.311,0.98385,0.98396,2.25,1.50
2016.09.01 06:18:47.363,0.98385,0.98396,2.62,1.50
2016.09.01 06:18:47.414,0.98385,0.98396,2.62,1.12
2016.09.01 06:18:47.465,0.98386,0.98396,1.00,1.12
2016.09.01 06:18:48.624,0.98385,0.98396,1.87,1.87
2016.09.01 06:18:49.303,0.98385,0.98396,1.87,1.12
2016.09.01 06:18:49.405,0.98385,0.98396,1.87,1.87
2016.09.01 06:18:50.121,0.98385,0.98395,1.50,1.12
2016.09.01 06:18:50.226,0.98385,0.98395,1.37,1.37
2016.09.01 06:18:50.278,0.98385,0.98395,1.00,1.75
2016.09.01 06:18:50.329,0.98385,0.98395,1.00,1.37
2016.09.01 06:18:50.381,0.98385,0.98395,1.12,1.12
2016.09.01 06:18:56.966,0.98385,0.98395,1.50,1.12
2016.09.01 06:19:06.119,0.98385,0.98395,1.87,1.12
2016.09.01 06:19:06.222,0.98386,0.98395,1.00,1.00
2016.09.01 06:19:10.438,0.98385,0.98395,1.50,1.12
2016.09.01 06:19:24.163,0.98386,0.98396,1.00,1.50
2016.09.01 06:19:24.215,0.98386,0.98396,1.00,1.50
2016.09.01 06:19:24.266,0.98387,0.98397,1.12,2.62
2016.09.01 06:19:24.447,0.98387,0.98397,1.87,1.87
2016.09.01 06:19:24.652,0.98388,0.98397,1.50,1.50
2016.09.01 06:19:24.704,0.98388,0.98398,1.50,2.25
2016.09.01 06:19:24.755,0.98389,0.98398,1.00,1.87
2016.09.01 06:19:24.807,0.98389,0.98398,1.00,1.37
2016.09.01 06:19:24.858,0.98389,0.98398,1.12,1.37
2016.09.01 06:19:24.960,0.9839,0.98398,1.00,1.37
2016.09.01 06:19:25.490,0.9839,0.98399,1.00,1.12
2016.09.01 06:19:26.769,0.98389,0.98399,1.12,1.12
2016.09.01 06:19:29.187,0.98388,0.98399,1.87,1.12
2016.09.01 06:19:29.960,0.98388,0.98399,1.50,1.12
2016.09.01 06:19:30.955,0.98388,0.98399,1.50,1.87
2016.09.01 06:19:31.007,0.98388,0.98399,1.50,1.87
2016.09.01 06:19:31.110,0.98388,0.98399,1.50,1.87
2016.09.01 06:19:31.827,0.98388,0.98399,1.50,2.25
2016.09.01 06:19:32.266,0.98388,0.98398,1.50,1.00
2016.09.01 06:19:33.765,0.98388,0.98399,1.50,2.25
2016.09.01 06:19:33.856,0.98388,0.98399,1.50,1.12
2016.09.01 06:19:33.908,0.98388,0.98399,1.50,1.12
2016.09.01 06:19:33.960,0.98388,0.98399,2.25,1.12
2016.09.01 06:19:34.011,0.98388,0.98399,2.25,1.12
2016.09.01 06:19:38.686,0.98388,0.98399,1.50,1.87
2016.09.01 06:19:43.162,0.98389,0.98399,1.12,1.12
2016.09.01 06:19:43.821,0.98389,0.98399,1.12,1.50
2016.09.01 06:19:43.873,0.98389,0.98399,1.00,1.75
2016.09.01 06:19:44.597,0.98386,0.98397,1.50,2.25
2016.09.01 06:19:44.648,0.98386,0.98396,1.37,4.12
2016.09.01 06:19:44.747,0.98384,0.98394,1.37,1.50
2016.09.01 06:19:44.799,0.98382,0.98392,1.37,1.12
2016.09.01 06:19:44.851,0.98382,0.98391,1.37,2.62
2016.09.01 06:19:44.903,0.98382,0.98391,1.50,3.37
2016.09.01 06:19:45.006,0.98382,0.98391,1.50,3.00
2016.09.01 06:19:45.140,0.98381,0.98391,1.50,2.62
2016.09.01 06:19:45.192,0.9838,0.98391,1.37,4.50
2016.09.01 06:19:45.243,0.9838,0.9839,1.37,2.62
2016.09.01 06:19:45.295,0.9838,0.9839,1.12,3.00
2016.09.01 06:19:45.397,0.98379,0.98389,1.37,1.37
2016.09.01 06:19:45.449,0.98379,0.98388,1.37,2.62
2016.09.01 06:19:45.500,0.98377,0.98388,1.37,4.50
2016.09.01 06:19:45.552,0.98377,0.98387,1.37,2.62
2016.09.01 06:19:45.603,0.98376,0.98386,2.62,1.37
2016.09.01 06:19:45.655,0.98376,0.98386,2.25,3.37
2016.09.01 06:19:45.707,0.98376,0.98386,1.37,4.12
2016.09.01 06:19:45.809,0.98376,0.98386,1.12,4.50
2016.09.01 06:19:45.962,0.98376,0.98386,1.50,4.50
2016.09.01 06:19:46.701,0.98376,0.98386,1.50,3.75
2016.09.01 06:19:47.493,0.98376,0.98386,2.25,3.75
2016.09.01 06:19:50.491,0.98376,0.98386,1.50,3.75
2016.09.01 06:19:50.622,0.98376,0.98384,1.00,1.00
2016.09.01 06:19:50.725,0.98375,0.98386,1.50,4.87
2016.09.01 06:19:50.776,0.98375,0.98384,1.12,2.62
2016.09.01 06:19:50.828,0.98375,0.98384,1.12,2.62
2016.09.01 06:19:51.116,0.98374,0.98384,2.81,2.62
2016.09.01 06:19:52.937,0.98377,0.98384,1.00,2.62
2016.09.01 06:19:53.092,0.98378,0.98386,1.00,3.75
2016.09.01 06:19:53.193,0.98378,0.98386,1.00,2.62
2016.09.01 06:19:53.244,0.98378,0.98387,1.50,1.50
2016.09.01 06:19:53.858,0.98378,0.98387,1.50,3.75
2016.09.01 06:19:54.798,0.98377,0.98387,2.25,3.75
2016.09.01 06:19:54.902,0.98378,0.98387,1.50,3.75
2016.09.01 06:19:55.007,0.98378,0.98387,1.00,3.75
2016.09.01 06:19:55.204,0.98378,0.98387,1.50,3.00
2016.09.01 06:19:55.308,0.98379,0.98387,1.12,2.62
2016.09.01 06:19:55.667,0.98379,0.98387,1.50,2.62
2016.09.01 06:19:55.719,0.9838,0.98387,1.00,2.62
2016.09.01 06:19:56.243,0.9838,0.98389,1.00,1.12
2016.09.01 06:19:57.777,0.98379,0.98389,1.50,1.50
2016.09.01 06:19:58.083,0.98378,0.98389,3.37,1.50
2016.09.01 06:19:58.135,0.98378,0.98389,2.62,1.50
2016.09.01 06:19:58.429,0.98378,0.98389,3.37,1.50
2016.09.01 06:20:00.580,0.98379,0.98389,1.00,1.50
2016.09.01 06:20:00.706,0.98379,0.98389,1.00,2.25
2016.09.01 06:20:00.809,0.98378,0.98389,3.37,1.50
2016.09.01 06:20:00.912,0.98379,0.98389,1.50,1.50
2016.09.01 06:20:01.015,0.98378,0.98389,3.37,1.50
2016.09.01 06:20:01.118,0.98379,0.98389,1.50,1.50
2016.09.01 06:20:02.813,0.9838,0.98389,1.37,1.50
2016.09.01 06:20:02.865,0.9838,0.98389,1.37,1.00
2016.09.01 06:20:03.019,0.98381,0.98389,1.12,1.00
2016.09.01 06:20:03.326,0.98381,0.9839,1.12,1.50
2016.09.01 06:20:03.378,0.98381,0.9839,1.12,1.00
2016.09.01 06:20:03.429,0.9838,0.9839,2.25,1.00
2016.09.01 06:20:03.529,0.98381,0.9839,1.12,1.00
2016.09.01 06:20:04.653,0.9838,0.9839,2.25,1.00
2016.09.01 06:20:05.457,0.9838,0.98391,2.25,1.87
2016.09.01 06:20:05.509,0.98381,0.98391,1.12,1.87
2016.09.01 06:20:08.937,0.9838,0.98391,2.25,1.87
2016.09.01 06:20:09.040,0.98381,0.98391,1.12,1.87
2016.09.01 06:20:09.553,0.98382,0.98391,1.00,1.87
2016.09.01 06:20:12.324,0.9838,0.98391,3.00,1.87
2016.09.01 06:20:12.375,0.9838,0.98391,2.25,1.87
2016.09.01 06:20:12.630,0.98381,0.98391,1.12,1.87
2016.09.01 06:20:15.034,0.9838,0.98391,2.25,1.87
2016.09.01 06:20:16.988,0.9838,0.98391,2.25,1.87
2016.09.01 06:20:17.090,0.9838,0.98391,2.25,1.87
2016.09.01 06:20:17.346,0.98384,0.98391,1.00,1.87
2016.09.01 06:20:17.398,0.98384,0.98391,1.00,1.37
2016.09.01 06:20:17.450,0.98383,0.98391,1.00,1.00
2016.09.01 06:20:17.502,0.98383,0.98391,1.00,1.00
2016.09.01 06:20:17.553,0.98381,0.98392,2.25,1.37
2016.09.01 06:20:17.604,0.98381,0.98392,2.25,1.37
2016.09.01 06:20:18.330,0.98382,0.98392,1.37,1.37
2016.09.01 06:20:18.381,0.98383,0.98393,1.00,1.50
2016.09.01 06:20:18.432,0.98383,0.98393,1.00,1.50
2016.09.01 06:20:18.483,0.98382,0.98392,1.87,1.37
2016.09.01 06:20:18.535,0.98382,0.98392,1.12,1.87
2016.09.01 06:20:19.135,0.98382,0.98392,1.12,1.50
2016.09.01 06:20:19.186,0.98382,0.98392,1.50,1.12
2016.09.01 06:20:19.375,0.98382,0.98392,1.12,1.50
2016.09.01 06:20:19.477,0.98382,0.98392,1.50,1.50
2016.09.01 06:20:19.580,0.98382,0.98392,1.12,1.37
2016.09.01 06:20:19.631,0.98382,0.98393,1.12,2.62
2016.09.01 06:20:19.733,0.98382,0.98393,1.12,2.62
2016.09.01 06:20:19.784,0.98382,0.98393,1.50,2.62
2016.09.01 06:20:21.458,0.98382,0.98392,1.50,1.00
2016.09.01 06:20:21.768,0.98382,0.98393,1.50,2.25
2016.09.01 06:20:22.544,0.98382,0.98392,1.50,1.12
2016.09.01 06:20:22.595,0.98382,0.98392,1.50,1.50
2016.09.01 06:20:22.748,0.98382,0.98392,1.50,1.00
2016.09.01 06:20:22.799,0.98382,0.98392,1.50,1.00
2016.09.01 06:20:22.850,0.98382,0.98392,1.50,1.50
2016.09.01 06:20:22.901,0.9838,0.98391,1.87,1.50
2016.09.01 06:20:22.994,0.9838,0.9839,2.62,1.00
2016.09.01 06:20:23.046,0.98382,0.98391,1.37,1.37
2016.09.01 06:20:23.097,0.98382,0.98391,1.00,1.00
2016.09.01 06:20:23.149,0.98381,0.98391,1.50,1.00
2016.09.01 06:20:23.200,0.98382,0.98392,1.00,1.87
2016.09.01 06:20:23.252,0.98382,0.98392,1.00,1.50
2016.09.01 06:20:23.304,0.98383,0.98393,1.00,4.12
2016.09.01 06:20:23.356,0.98383,0.98393,1.50,3.37
2016.09.01 06:20:23.408,0.98383,0.98393,1.00,3.37
2016.09.01 06:20:23.461,0.98382,0.98391,1.37,1.00
2016.09.01 06:20:23.512,0.98382,0.98391,1.37,1.00
2016.09.01 06:20:23.564,0.98381,0.98391,2.44,1.00
2016.09.01 06:20:23.615,0.98381,0.98391,2.25,1.00
2016.09.01 06:20:23.985,0.98381,0.98391,1.87,1.00
2016.09.01 06:20:26.806,0.98381,0.98391,1.87,1.00
2016.09.01 06:20:26.986,0.98381,0.98392,1.87,1.87
2016.09.01 06:20:27.038,0.98381,0.98392,1.87,1.87
2016.09.01 06:20:27.089,0.98381,0.98391,1.87,1.00
2016.09.01 06:20:27.191,0.98381,0.98392,1.87,1.87
2016.09.01 06:20:27.294,0.98381,0.98392,2.25,1.50
2016.09.01 06:20:27.970,0.98381,0.98392,2.25,1.12
2016.09.01 06:20:28.056,0.98381,0.98392,1.50,1.12
2016.09.01 06:20:28.183,0.98381,0.98392,1.50,1.12
2016.09.01 06:20:28.286,0.98381,0.98392,1.50,1.87
2016.09.01 06:20:29.462,0.98381,0.98392,2.25,1.12
2016.09.01 06:20:34.235,0.98381,0.98392,2.25,1.12
2016.09.01 06:20:34.287,0.98381,0.98392,1.50,3.00
2016.09.01 06:20:34.338,0.98379,0.9839,1.75,1.00
2016.09.01 06:20:34.389,0.98379,0.98389,1.50,1.00
2016.09.01 06:20:34.492,0.98379,0.9839,1.12,2.25
2016.09.01 06:20:34.544,0.98379,0.98389,1.12,1.12
2016.09.01 06:20:34.746,0.98378,0.98389,2.25,1.12
2016.09.01 06:20:34.849,0.98379,0.98389,1.12,1.12
2016.09.01 06:20:34.952,0.98378,0.98389,3.00,1.12
2016.09.01 06:20:36.649,0.98378,0.98389,2.25,1.87
2016.09.01 06:20:36.855,0.98379,0.98389,1.00,1.87
2016.09.01 06:20:36.918,0.98379,0.98388,1.00,1.00
2016.09.01 06:20:36.969,0.98378,0.98388,1.37,1.50
2016.09.01 06:20:37.022,0.98378,0.98388,1.12,1.87
2016.09.01 06:20:39.865,0.98378,0.98388,1.12,1.12
2016.09.01 06:20:41.215,0.98377,0.98388,2.44,1.12
2016.09.01 06:20:41.419,0.98378,0.98388,1.12,1.12
2016.09.01 06:20:41.880,0.98378,0.98388,1.12,1.87
2016.09.01 06:20:42.081,0.98378,0.98387,1.12,1.00
2016.09.01 06:20:43.091,0.98378,0.98388,1.12,1.87
2016.09.01 06:20:48.997,0.98378,0.98388,1.12,1.12
2016.09.01 06:20:50.094,0.98378,0.98388,1.12,1.87
2016.09.01 06:20:50.400,0.98378,0.98388,1.50,1.87
2016.09.01 06:20:50.451,0.98378,0.98388,1.50,1.50
2016.09.01 06:20:52.985,0.98378,0.98388,1.87,1.50
2016.09.01 06:20:55.411,0.98378,0.98387,1.87,1.00
2016.09.01 06:20:56.969,0.98378,0.98387,1.50,1.00
2016.09.01 06:20:57.022,0.98377,0.98387,1.12,1.50
2016.09.01 06:20:57.074,0.98376,0.98387,3.37,1.50
2016.09.01 06:20:57.125,0.98376,0.98386,1.87,1.50
2016.09.01 06:20:57.381,0.98376,0.98385,1.50,1.00
2016.09.01 06:20:57.483,0.98375,0.98384,2.06,1.00
2016.09.01 06:20:57.535,0.98375,0.98384,1.69,1.00
2016.09.01 06:20:57.586,0.98375,0.98386,1.69,2.25
2016.09.01 06:20:57.637,0.98375,0.98386,1.50,2.81
2016.09.01 06:20:57.688,0.98375,0.98384,1.50,1.00
2016.09.01 06:20:57.881,0.98376,0.98384,1.00,1.00
2016.09.01 06:20:58.894,0.98375,0.98385,1.50,1.00
2016.09.01 06:20:59.043,0.98375,0.98385,1.37,2.25
2016.09.01 06:20:59.110,0.98375,0.98384,1.00,1.00
2016.09.01 06:21:01.607,0.98375,0.98383,1.00,1.00
2016.09.01 06:21:02.476,0.98374,0.98383,1.50,1.00
2016.09.01 06:21:02.640,0.98373,0.98383,1.87,1.00
2016.09.01 06:21:04.091,0.98373,0.98382,1.87,1.00
2016.09.01 06:21:07.483,0.98373,0.98382,1.87,1.00
2016.09.01 06:21:07.535,0.98373,0.98382,1.37,1.00
2016.09.01 06:21:08.419,0.98373,0.98383,1.37,1.50
2016.09.01 06:21:11.539,0.98373,0.98382,1.37,1.00
2016.09.01 06:21:12.858,0.98373,0.98383,1.37,1.50
2016.09.01 06:21:14.027,0.98373,0.98383,1.37,1.87
2016.09.01 06:21:14.146,0.98373,0.98382,1.37,1.00
2016.09.01 06:21:15.750,0.98373,0.98383,1.37,1.87
2016.09.01 06:21:16.954,0.98373,0.98382,1.37,1.00
2016.09.01 06:21:19.167,0.98373,0.98383,1.37,1.50
2016.09.01 06:21:19.372,0.98373,0.98382,1.37,1.00
2016.09.01 06:21:20.544,0.98373,0.98383,1.37,1.50
2016.09.01 06:21:23.320,0.98373,0.98383,1.50,1.00
2016.09.01 06:21:23.422,0.98373,0.98383,1.87,2.62
2016.09.01 06:21:23.474,0.98373,0.98382,1.75,1.00
2016.09.01 06:21:23.526,0.98372,0.98382,1.75,1.00
2016.09.01 06:21:23.577,0.98372,0.98382,1.50,1.00
2016.09.01 06:21:23.629,0.98372,0.9838,1.37,1.00
2016.09.01 06:21:23.736,0.98371,0.98381,1.37,1.00
2016.09.01 06:21:23.838,0.98371,0.98381,1.37,1.50
2016.09.01 06:21:23.940,0.9837,0.98381,1.87,1.50
2016.09.01 06:21:24.043,0.9837,0.98381,2.62,1.00
2016.09.01 06:21:25.527,0.9837,0.98381,1.87,1.00
2016.09.01 06:21:25.630,0.9837,0.98381,1.87,1.00
2016.09.01 06:21:25.733,0.9837,0.98381,1.87,1.00
2016.09.01 06:21:25.836,0.9837,0.98381,1.87,1.50
2016.09.01 06:21:26.426,0.9837,0.98381,1.87,1.50
2016.09.01 06:21:26.528,0.9837,0.98381,2.62,1.00
2016.09.01 06:21:27.280,0.98371,0.98381,1.37,1.00
2016.09.01 06:21:29.421,0.98371,0.98381,1.87,1.00
2016.09.01 06:21:30.971,0.98371,0.98381,1.50,1.00
2016.09.01 06:21:33.142,0.9837,0.98381,1.75,1.50
2016.09.01 06:21:33.245,0.9837,0.9838,1.75,1.00
2016.09.01 06:21:33.348,0.9837,0.98381,1.75,1.50
2016.09.01 06:21:33.450,0.9837,0.98381,2.25,1.00
2016.09.01 06:21:33.531,0.9837,0.98381,1.75,1.50
2016.09.01 06:21:34.734,0.9837,0.9838,1.75,1.00
2016.09.01 06:21:35.362,0.9837,0.98381,1.75,1.50
2016.09.01 06:21:39.405,0.9837,0.98381,1.87,1.50
2016.09.01 06:21:39.457,0.98373,0.98382,2.44,1.00
2016.09.01 06:21:39.560,0.98374,0.98383,1.12,1.50
2016.09.01 06:21:39.613,0.98374,0.98383,1.87,1.37
2016.09.01 06:21:39.665,0.98375,0.98383,1.50,1.37
2016.09.01 06:21:39.975,0.98376,0.98383,1.00,1.37
2016.09.01 06:21:40.078,0.98378,0.98383,1.00,1.37
2016.09.01 06:21:40.180,0.98375,0.98384,1.50,1.37
2016.09.01 06:21:40.231,0.98375,0.98385,1.50,1.00
2016.09.01 06:21:41.130,0.98375,0.98386,1.50,1.69
2016.09.01 06:21:41.657,0.98375,0.98385,1.50,1.00
2016.09.01 06:21:41.760,0.98375,0.98385,1.12,1.12
2016.09.01 06:21:41.811,0.98375,0.98385,1.00,1.50
2016.09.01 06:21:41.949,0.98375,0.98385,1.00,1.50
2016.09.01 06:21:43.457,0.98375,0.98384,1.00,1.00
2016.09.01 06:21:43.830,0.98375,0.98384,1.12,1.00
2016.09.01 06:21:43.881,0.98378,0.98385,1.00,1.12
2016.09.01 06:21:43.984,0.98377,0.98386,1.00,2.62
2016.09.01 06:21:44.035,0.98377,0.98386,1.00,1.87
2016.09.01 06:21:44.087,0.98377,0.98386,1.00,1.87
2016.09.01 06:21:44.291,0.98378,0.98386,1.00,2.06
2016.09.01 06:21:44.343,0.98377,0.98386,1.20,2.06
2016.09.01 06:21:44.445,0.98375,0.98386,1.57,2.81
2016.09.01 06:21:44.624,0.98375,0.98385,1.57,1.12
2016.09.01 06:21:45.937,0.98375,0.98385,1.95,1.12
2016.09.01 06:21:47.790,0.98378,0.98386,1.00,2.81
2016.09.01 06:21:48.187,0.98378,0.98386,1.00,2.06
2016.09.01 06:21:48.572,0.98377,0.98386,1.00,1.87
2016.09.01 06:21:48.982,0.98378,0.98386,1.00,2.62
2016.09.01 06:21:49.288,0.98378,0.98386,1.00,2.62
2016.09.01 06:21:49.390,0.98375,0.98385,1.37,1.50
2016.09.01 06:21:49.442,0.98375,0.98385,1.12,1.87
2016.09.01 06:21:49.572,0.98374,0.98385,2.62,1.87
2016.09.01 06:21:52.518,0.98374,0.98385,2.62,2.25
2016.09.01 06:21:52.671,0.98374,0.98385,3.56,1.12
2016.09.01 06:21:52.723,0.98375,0.98386,1.87,2.25
2016.09.01 06:21:52.774,0.98375,0.98386,3.00,1.50
2016.09.01 06:21:53.092,0.98375,0.98386,2.62,1.50
2016.09.01 06:21:53.194,0.98375,0.98386,1.87,2.25
2016.09.01 06:21:53.245,0.98375,0.98386,1.87,2.25
2016.09.01 06:21:54.396,0.98375,0.98385,1.87,1.00
2016.09.01 06:21:56.285,0.98378,0.98386,1.00,1.50
2016.09.01 06:21:56.336,0.98378,0.98386,1.00,1.00
2016.09.01 06:21:56.387,0.98378,0.98387,1.12,2.62
2016.09.01 06:21:56.439,0.98378,0.98388,1.12,1.87
2016.09.01 06:21:56.701,0.98377,0.98388,1.87,1.87
2016.09.01 06:21:56.804,0.98377,0.98388,1.50,1.87
2016.09.01 06:21:56.856,0.98377,0.98388,1.12,1.87
2016.09.01 06:21:56.958,0.98377,0.98388,1.50,1.87
2016.09.01 06:21:57.009,0.98377,0.98387,1.00,1.12
2016.09.01 06:21:57.602,0.98377,0.98387,1.00,1.87
2016.09.01 06:21:57.961,0.98376,0.98387,1.87,1.87
2016.09.01 06:21:58.703,0.98376,0.98387,2.62,1.12
2016.09.01 06:21:59.370,0.98376,0.98387,2.62,1.12
2016.09.01 06:22:00.182,0.98376,0.98387,1.87,1.12
2016.09.01 06:22:01.369,0.98377,0.98387,4.50,1.12
2016.09.01 06:22:01.420,0.98377,0.98387,5.25,1.12
2016.09.01 06:22:01.471,0.9838,0.98387,1.12,1.00
2016.09.01 06:22:01.522,0.9838,0.9839,1.12,1.12
2016.09.01 06:22:01.650,0.98379,0.9839,1.75,1.50
2016.09.01 06:22:01.803,0.98379,0.9839,2.25,1.50
2016.09.01 06:22:02.008,0.98379,0.9839,1.75,1.50
2016.09.01 06:22:02.318,0.98379,0.9839,1.75,1.87
2016.09.01 06:22:02.763,0.98379,0.9839,2.25,1.12
2016.09.01 06:22:03.071,0.98379,0.9839,1.75,1.87
2016.09.01 06:22:03.486,0.98379,0.9839,1.75,1.12
2016.09.01 06:22:04.655,0.98379,0.9839,1.75,1.87
2016.09.01 06:22:05.098,0.98379,0.9839,1.75,1.12
2016.09.01 06:22:05.596,0.98379,0.9839,2.25,1.12
2016.09.01 06:22:05.699,0.9838,0.9839,1.50,1.12
2016.09.01 06:22:07.079,0.98379,0.9839,1.75,1.12
2016.09.01 06:22:07.809,0.98379,0.9839,2.25,1.12
2016.09.01 06:22:10.301,0.9838,0.9839,1.12,1.12
2016.09.01 06:22:10.352,0.98381,0.9839,1.37,1.12
2016.09.01 06:22:10.761,0.98381,0.9839,1.37,1.00
2016.09.01 06:22:10.812,0.98381,0.9839,1.12,1.00
2016.09.01 06:22:10.915,0.9838,0.9839,1.87,1.12
2016.09.01 06:22:10.966,0.9838,0.9839,1.50,1.12
2016.09.01 06:22:12.977,0.98379,0.9839,3.37,1.12
2016.09.01 06:22:13.080,0.98379,0.9839,2.62,1.87
2016.09.01 06:22:13.881,0.98379,0.9839,2.62,1.12
2016.09.01 06:22:15.089,0.98379,0.9839,3.37,1.12
2016.09.01 06:22:17.631,0.9838,0.9839,1.50,1.12
2016.09.01 06:22:17.836,0.9838,0.98391,2.25,1.87
2016.09.01 06:22:17.888,0.98381,0.98391,1.75,1.12
2016.09.01 06:22:17.991,0.98382,0.98391,1.50,1.00
2016.09.01 06:22:18.718,0.98381,0.98391,1.87,1.00
2016.09.01 06:22:18.821,0.98381,0.98391,1.12,1.00
2016.09.01 06:22:18.923,0.98381,0.98391,1.37,1.00
2016.09.01 06:22:20.692,0.98381,0.98391,1.87,1.00
2016.09.01 06:22:22.300,0.98381,0.98391,1.37,1.00
2016.09.01 06:22:22.487,0.98381,0.98391,1.37,1.12
2016.09.01 06:22:23.311,0.98381,0.98391,1.37,1.87
2016.09.01 06:22:23.962,0.9838,0.98391,1.87,1.87
2016.09.01 06:22:24.083,0.9838,0.98391,1.87,1.50
2016.09.01 06:22:24.337,0.9838,0.98391,2.62,1.00
2016.09.01 06:22:24.880,0.98381,0.98391,1.37,1.00
2016.09.01 06:22:28.048,0.9838,0.98391,2.62,1.00
2016.09.01 06:22:28.255,0.98381,0.98391,1.37,1.00
2016.09.01 06:22:28.446,0.98381,0.98391,1.37,1.50
2016.09.01 06:22:30.315,0.98381,0.98391,1.37,1.00
2016.09.01 06:22:30.966,0.9838,0.98391,2.62,1.00
2016.09.01 06:22:34.375,0.9838,0.98391,2.25,1.00
2016.09.01 06:22:34.427,0.9838,0.98391,2.25,1.37
2016.09.01 06:22:34.529,0.9838,0.98391,1.87,1.50
2016.09.01 06:22:36.760,0.9838,0.98391,1.12,2.25
2016.09.01 06:22:36.813,0.9838,0.98389,1.12,1.00
2016.09.01 06:22:36.864,0.98379,0.98389,2.25,1.00
2016.09.01 06:22:36.916,0.98379,0.98389,1.87,1.12
2016.09.01 06:22:36.968,0.98379,0.98389,1.00,2.25
2016.09.01 06:22:37.902,0.98379,0.98389,1.00,1.87
2016.09.01 06:22:37.953,0.98379,0.98389,1.12,1.87
2016.09.01 06:22:39.254,0.98379,0.98389,1.12,1.12
2016.09.01 06:22:39.306,0.98379,0.9839,1.87,1.50
2016.09.01 06:22:39.358,0.98379,0.9839,2.62,1.50
2016.09.01 06:22:39.513,0.98379,0.9839,3.00,1.50
2016.09.01 06:22:39.564,0.9838,0.9839,1.00,1.50
2016.09.01 06:22:41.351,0.98379,0.9839,3.37,1.50
2016.09.01 06:22:41.403,0.98379,0.9839,3.00,1.50
2016.09.01 06:22:41.814,0.9838,0.98391,1.00,2.25
2016.09.01 06:22:42.607,0.9838,0.98391,1.00,2.62
2016.09.01 06:22:42.935,0.9838,0.9839,1.00,1.50
2016.09.01 06:22:43.446,0.9838,0.98391,1.00,2.62
2016.09.01 06:22:43.548,0.9838,0.9839,1.00,1.50
2016.09.01 06:22:43.838,0.9838,0.98391,1.00,2.25
2016.09.01 06:22:44.156,0.9838,0.9839,1.00,1.50
2016.09.01 06:22:44.568,0.9838,0.98391,1.00,2.25
2016.09.01 06:22:46.354,0.9838,0.9839,1.00,1.50
2016.09.01 06:22:49.048,0.9838,0.98391,1.00,2.25
2016.09.01 06:22:50.941,0.9838,0.98391,1.00,1.87
2016.09.01 06:22:51.044,0.9838,0.9839,1.00,1.50
2016.09.01 06:22:51.147,0.9838,0.98391,1.00,2.62
2016.09.01 06:22:51.353,0.9838,0.9839,1.00,1.50
2016.09.01 06:22:51.456,0.9838,0.98391,1.00,2.62
2016.09.01 06:22:52.041,0.9838,0.9839,1.00,1.50
2016.09.01 06:22:52.919,0.9838,0.9839,1.12,1.50
2016.09.01 06:22:53.174,0.9838,0.98391,1.12,1.87
2016.09.01 06:22:53.585,0.9838,0.9839,1.12,1.50
2016.09.01 06:22:53.844,0.9838,0.98391,1.12,1.87
2016.09.01 06:22:53.953,0.98381,0.98391,1.00,1.75
2016.09.01 06:22:54.056,0.98381,0.98391,1.00,1.87
2016.09.01 06:22:54.315,0.98381,0.98391,1.00,1.75
2016.09.01 06:22:54.367,0.9838,0.98391,1.12,2.25
2016.09.01 06:22:55.447,0.9838,0.9839,1.12,1.50
2016.09.01 06:22:55.576,0.9838,0.98391,1.12,2.25
2016.09.01 06:22:56.350,0.9838,0.98391,1.87,1.75
2016.09.01 06:22:57.242,0.9838,0.98389,1.87,1.00
2016.09.01 06:22:57.464,0.9838,0.98389,1.12,1.00
2016.09.01 06:22:57.924,0.9838,0.98389,1.37,1.00
2016.09.01 06:22:59.426,0.9838,0.98391,1.37,4.87
2016.09.01 06:22:59.528,0.9838,0.98391,1.37,2.62
2016.09.01 06:23:01.493,0.9838,0.98391,1.87,1.87
2016.09.01 06:23:01.545,0.9838,0.98391,2.62,1.87
2016.09.01 06:23:01.597,0.98381,0.98391,1.37,1.87
2016.09.01 06:23:02.201,0.98382,0.98391,1.37,1.87
2016.09.01 06:23:02.327,0.98381,0.98391,1.37,1.75
2016.09.01 06:23:04.255,0.9838,0.98391,2.62,1.87
2016.09.01 06:23:04.551,0.9838,0.98391,2.81,1.87
2016.09.01 06:23:04.653,0.9838,0.98391,2.06,2.62
2016.09.01 06:23:04.799,0.9838,0.9839,2.06,1.50
2016.09.01 06:23:04.953,0.9838,0.9839,2.06,1.50
2016.09.01 06:23:05.004,0.98379,0.98389,1.69,1.12
2016.09.01 06:23:05.055,0.98379,0.98388,1.69,1.00
2016.09.01 06:23:05.107,0.98379,0.98388,1.56,1.12
2016.09.01 06:23:07.563,0.98379,0.98389,1.56,2.62
2016.09.01 06:23:07.615,0.98379,0.98389,1.56,1.87
2016.09.01 06:23:07.719,0.98379,0.98389,1.56,1.50
2016.09.01 06:23:10.356,0.98379,0.98389,1.56,1.37
2016.09.01 06:23:10.408,0.98379,0.98389,1.56,1.00
2016.09.01 06:23:10.891,0.98378,0.98389,2.06,1.00
2016.09.01 06:23:10.943,0.98378,0.98389,2.06,1.87
2016.09.01 06:23:11.406,0.98378,0.98389,2.06,1.87
2016.09.01 06:23:11.509,0.98378,0.98388,2.06,1.00
2016.09.01 06:23:11.664,0.98378,0.98388,2.81,1.00
2016.09.01 06:23:13.476,0.98378,0.98388,2.06,1.00
2016.09.01 06:23:18.784,0.98378,0.98389,2.81,1.50
2016.09.01 06:23:22.410,0.98378,0.98389,3.56,1.12
2016.09.01 06:23:22.512,0.98379,0.98389,1.31,1.12
2016.09.01 06:23:22.884,0.98378,0.98389,3.56,1.12
2016.09.01 06:23:23.190,0.98378,0.98389,3.56,1.00
2016.09.01 06:23:23.292,0.98378,0.98389,2.81,1.00
2016.09.01 06:23:23.966,0.98378,0.98389,2.06,1.00
2016.09.01 06:23:24.172,0.98378,0.98389,3.19,1.00
2016.09.01 06:23:24.440,0.98378,0.98389,2.81,1.00
2016.09.01 06:23:24.544,0.98378,0.98388,2.06,1.00
2016.09.01 06:23:24.596,0.98378,0.98389,2.06,1.50
2016.09.01 06:23:24.647,0.98379,0.98389,1.19,1.00
2016.09.01 06:23:24.699,0.98379,0.9839,1.69,1.50
2016.09.01 06:23:24.955,0.98379,0.9839,1.69,1.50
2016.09.01 06:23:25.396,0.98379,0.9839,1.19,2.25
2016.09.01 06:23:26.229,0.98379,0.98389,1.19,1.00
2016.09.01 06:23:26.399,0.98379,0.9839,1.19,2.25
2016.09.01 06:23:26.450,0.98379,0.9839,1.19,2.25
2016.09.01 06:23:26.502,0.98379,0.98389,1.19,1.00
2016.09.01 06:23:27.063,0.98379,0.98389,1.19,1.00
2016.09.01 06:23:27.190,0.98379,0.9839,1.31,2.25
2016.09.01 06:23:27.277,0.9838,0.98391,2.44,1.50
2016.09.01 06:23:28.121,0.9838,0.98391,2.81,1.50
2016.09.01 06:23:28.173,0.98381,0.98391,1.31,1.00
2016.09.01 06:23:28.225,0.98383,0.98392,1.25,1.50
2016.09.01 06:23:28.277,0.98383,0.98392,1.19,1.50
2016.09.01 06:23:28.386,0.98382,0.98393,2.44,1.50
2016.09.01 06:23:28.438,0.98382,0.98393,2.06,1.50
2016.09.01 06:23:28.490,0.98381,0.98393,1.69,2.25
2016.09.01 06:23:28.792,0.9838,0.98392,3.19,1.12
2016.09.01 06:23:29.019,0.9838,0.98393,3.19,2.62
2016.09.01 06:23:29.121,0.9838,0.98392,3.19,1.12
2016.09.01 06:23:30.221,0.9838,0.98393,2.81,1.50
2016.09.01 06:23:30.972,0.9838,0.98393,2.44,1.50
2016.09.01 06:23:32.087,0.9838,0.98393,2.44,1.87
2016.09.01 06:23:34.291,0.98381,0.98392,1.69,1.12
2016.09.01 06:23:35.396,0.9838,0.98392,2.44,1.12
2016.09.01 06:23:36.631,0.9838,0.98392,2.44,1.50
2016.09.01 06:23:37.700,0.98381,0.98392,1.69,1.00
2016.09.01 06:23:38.506,0.98382,0.98393,1.31,1.87
2016.09.01 06:23:38.609,0.98381,0.98393,2.81,2.62
2016.09.01 06:23:38.732,0.98381,0.98393,1.69,2.25
2016.09.01 06:23:38.835,0.98382,0.98393,1.31,1.50
2016.09.01 06:23:38.989,0.98382,0.98393,2.06,1.50
2016.09.01 06:23:39.040,0.98382,0.98393,1.31,2.25
2016.09.01 06:23:39.142,0.98382,0.98393,2.06,1.50
2016.09.01 06:23:39.738,0.98382,0.98393,1.31,2.25
2016.09.01 06:23:41.803,0.98382,0.98393,2.06,1.50
2016.09.01 06:23:42.442,0.98382,0.98393,2.44,1.50
2016.09.01 06:23:42.493,0.98383,0.98394,1.19,2.62
2016.09.01 06:23:42.544,0.98383,0.98394,1.69,1.37
2016.09.01 06:23:42.595,0.98383,0.98394,2.06,1.12
2016.09.01 06:23:42.647,0.98384,0.98394,1.31,1.12
2016.09.01 06:23:42.749,0.98385,0.98394,1.19,1.12
2016.09.01 06:23:42.936,0.98383,0.98394,2.44,1.12
2016.09.01 06:23:43.089,0.98383,0.98394,2.81,1.12
2016.09.01 06:23:43.294,0.98383,0.98394,2.44,1.12
2016.09.01 06:23:44.449,0.98383,0.98394,2.44,1.50
2016.09.01 06:23:44.551,0.98383,0.98394,2.44,1.12
2016.09.01 06:23:46.888,0.98383,0.98394,2.81,1.12
2016.09.01 06:23:52.204,0.98383,0.98394,2.81,1.50
2016.09.01 06:23:52.262,0.98386,0.98394,1.19,1.50
2016.09.01 06:23:52.313,0.98386,0.98396,2.06,1.50
2016.09.01 06:23:52.365,0.98387,0.98397,1.19,1.87
2016.09.01 06:23:52.534,0.98387,0.98398,2.44,2.62
2016.09.01 06:23:52.638,0.98387,0.98398,1.69,3.37
2016.09.01 06:23:52.792,0.98387,0.98398,2.06,2.62
2016.09.01 06:23:52.844,0.98387,0.98398,3.19,1.87
2016.09.01 06:23:52.998,0.98387,0.98398,2.81,1.87
2016.09.01 06:23:53.050,0.98387,0.98398,1.69,2.62
2016.09.01 06:23:53.955,0.98387,0.98397,2.06,1.00
2016.09.01 06:23:55.407,0.98387,0.98397,1.31,1.00
2016.09.01 06:23:55.458,0.98386,0.98398,1.31,1.87
2016.09.01 06:23:55.510,0.98386,0.98397,1.31,1.00
2016.09.01 06:23:55.562,0.98386,0.98397,1.69,1.12
2016.09.01 06:23:55.613,0.98386,0.98397,1.69,1.87
2016.09.01 06:23:55.665,0.98385,0.98395,1.37,1.00
2016.09.01 06:23:55.717,0.98385,0.98395,1.37,1.50
2016.09.01 06:23:55.769,0.98383,0.98395,4.31,1.87
2016.09.01 06:23:55.897,0.98383,0.98395,2.44,2.62
2016.09.01 06:23:55.950,0.98383,0.98395,2.81,2.62
2016.09.01 06:23:56.808,0.98383,0.98394,2.81,1.00
2016.09.01 06:23:59.120,0.98383,0.98394,2.06,1.50
2016.09.01 06:23:59.171,0.98382,0.98393,3.19,1.00
2016.09.01 06:23:59.326,0.98382,0.98393,3.19,1.87
2016.09.01 06:23:59.473,0.98383,0.98393,1.19,1.87
2016.09.01 06:24:03.962,0.98382,0.98393,2.06,1.87
2016.09.01 06:24:06.312,0.98383,0.98393,1.19,1.87
2016.09.01 06:24:10.104,0.98383,0.98393,1.19,2.25
2016.09.01 06:24:13.264,0.98383,0.98393,1.69,1.12
2016.09.01 06:24:13.471,0.98384,0.98394,1.25,1.37
2016.09.01 06:24:13.523,0.98384,0.98394,1.19,1.37
2016.09.01 06:24:13.576,0.98383,0.98394,2.44,1.12
2016.09.01 06:24:13.678,0.98383,0.98394,2.06,1.12
2016.09.01 06:24:14.153,0.98383,0.98394,1.31,1.12
2016.09.01 06:24:14.255,0.98383,0.98394,1.31,1.87
2016.09.01 06:24:15.355,0.98383,0.98393,1.31,1.00
2016.09.01 06:24:15.822,0.98383,0.98392,1.19,1.00
2016.09.01 06:24:15.977,0.98382,0.98392,1.19,1.12
2016.09.01 06:24:16.156,0.98382,0.98393,1.19,2.25
2016.09.01 06:24:16.848,0.98381,0.98393,2.81,2.25
2016.09.01 06:24:17.879,0.98381,0.98393,2.06,2.62
2016.09.01 06:24:17.930,0.98382,0.98393,1.19,2.62
2016.09.01 06:24:17.982,0.98381,0.98393,1.69,3.37
2016.09.01 06:24:18.084,0.98381,0.98391,1.69,1.12
2016.09.01 06:24:18.232,0.98381,0.9839,1.19,1.00
2016.09.01 06:24:18.284,0.98381,0.9839,1.31,1.12
2016.09.01 06:24:18.336,0.98381,0.9839,1.19,1.12
2016.09.01 06:24:18.387,0.9838,0.98389,1.19,1.00
2016.09.01 06:24:19.088,0.9838,0.9839,1.19,1.87
2016.09.01 06:24:19.321,0.9838,0.9839,1.19,2.25
2016.09.01 06:24:19.937,0.98379,0.9839,1.56,2.25
2016.09.01 06:24:19.989,0.98379,0.9839,1.56,1.87
2016.09.01 06:24:20.244,0.9838,0.9839,1.19,1.87
2016.09.01 06:24:20.295,0.9838,0.9839,1.19,1.12
2016.09.01 06:24:20.346,0.98379,0.9839,2.06,1.12
2016.09.01 06:24:20.572,0.98379,0.9839,2.06,1.12
2016.09.01 06:24:20.676,0.98379,0.9839,1.56,1.87
2016.09.01 06:24:20.779,0.98379,0.9839,2.06,1.12
2016.09.01 06:24:24.946,0.98379,0.9839,1.69,1.12
2016.09.01 06:24:25.687,0.98378,0.9839,3.56,1.87
2016.09.01 06:24:25.790,0.98379,0.9839,1.69,1.12
2016.09.01 06:24:26.299,0.98379,0.9839,1.69,1.87
2016.09.01 06:24:27.279,0.98379,0.9839,2.06,1.12
2016.09.01 06:24:27.400,0.9838,0.98391,1.31,2.25
2016.09.01 06:24:27.504,0.9838,0.98391,1.31,1.50
2016.09.01 06:24:27.760,0.9838,0.98391,2.44,1.50
2016.09.01 06:24:27.863,0.98381,0.98391,1.31,1.50
2016.09.01 06:24:28.174,0.9838,0.98391,2.44,1.50
2016.09.01 06:24:29.499,0.98381,0.98391,1.31,1.50
2016.09.01 06:24:29.601,0.98381,0.98391,1.19,1.50
2016.09.01 06:24:32.174,0.9838,0.98391,2.44,1.50
2016.09.01 06:24:36.894,0.9838,0.98391,1.69,1.50
2016.09.01 06:24:36.997,0.9838,0.98391,2.44,1.50
2016.09.01 06:24:37.099,0.9838,0.98391,2.06,1.50
2016.09.01 06:24:37.915,0.9838,0.98391,1.31,1.50
2016.09.01 06:24:38.017,0.9838,0.98391,2.06,1.50
2016.09.01 06:24:40.483,0.98381,0.98392,1.19,1.75
2016.09.01 06:24:40.535,0.98384,0.98392,1.00,1.12
2016.09.01 06:24:40.587,0.98384,0.98391,1.19,1.00
2016.09.01 06:24:40.639,0.98383,0.98393,1.69,1.50
2016.09.01 06:24:40.691,0.98383,0.98393,1.19,1.50
2016.09.01 06:24:40.788,0.98383,0.98393,1.31,1.12
2016.09.01 06:24:41.001,0.98382,0.98393,2.44,1.12
2016.09.01 06:24:41.103,0.98383,0.98393,1.31,1.12
2016.09.01 06:24:46.494,0.98382,0.98393,2.81,1.12
2016.09.01 06:24:48.801,0.98383,0.98393,1.31,1.12
2016.09.01 06:24:49.390,0.98382,0.98393,2.81,1.12
2016.09.01 06:24:49.441,0.98382,0.98393,2.81,1.12
2016.09.01 06:24:49.493,0.98382,0.98393,2.06,1.12
2016.09.01 06:24:49.544,0.98382,0.98393,1.31,1.75
2016.09.01 06:24:50.187,0.98382,0.98393,1.19,1.75
2016.09.01 06:24:50.240,0.98381,0.98392,1.31,1.50
2016.09.01 06:24:50.393,0.9838,0.98391,1.56,1.87
2016.09.01 06:24:50.445,0.98379,0.98391,3.56,1.87
2016.09.01 06:24:50.496,0.98379,0.9839,2.44,1.50
2016.09.01 06:24:50.548,0.98379,0.9839,2.06,1.87
2016.09.01 06:24:50.599,0.98379,0.9839,1.56,1.87
2016.09.01 06:24:50.804,0.98379,0.9839,2.06,1.12
2016.09.01 06:24:51.934,0.9838,0.9839,1.31,1.12
2016.09.01 06:24:52.219,0.98379,0.9839,2.44,1.12
2016.09.01 06:24:53.982,0.9838,0.9839,1.19,1.12
2016.09.01 06:24:55.419,0.9838,0.9839,1.69,1.12
2016.09.01 06:24:55.522,0.9838,0.98391,1.19,1.50
2016.09.01 06:24:55.573,0.98379,0.98391,1.69,1.50
2016.09.01 06:24:55.624,0.9838,0.98392,1.31,3.37
2016.09.01 06:24:55.931,0.98379,0.98391,1.69,1.37
2016.09.01 06:24:56.058,0.98379,0.98391,1.69,1.50
2016.09.01 06:24:56.110,0.98379,0.98391,1.69,1.37
2016.09.01 06:24:57.100,0.98378,0.98389,3.56,1.00
2016.09.01 06:24:57.257,0.98378,0.98389,3.19,2.25
2016.09.01 06:24:57.309,0.98378,0.98388,1.69,1.12
2016.09.01 06:24:57.361,0.98378,0.98388,1.31,1.12
2016.09.01 06:24:57.469,0.98377,0.98388,2.81,1.12
2016.09.01 06:24:57.779,0.98378,0.98388,1.31,1.12
2016.09.01 06:24:57.885,0.98378,0.98388,1.19,2.25
2016.09.01 06:24:57.939,0.98377,0.98387,2.06,1.12
2016.09.01 06:24:58.042,0.98378,0.98387,1.19,1.12
2016.09.01 06:25:02.284,0.98378,0.98387,1.19,1.87
2016.09.01 06:25:02.336,0.98378,0.98387,1.56,1.12
2016.09.01 06:25:02.387,0.98378,0.98388,1.56,1.50
2016.09.01 06:25:02.439,0.98378,0.98389,2.06,1.87
2016.09.01 06:25:02.490,0.98378,0.98389,2.81,1.50
2016.09.01 06:25:02.542,0.98378,0.98389,2.81,1.12
2016.09.01 06:25:02.593,0.9838,0.98389,1.19,1.00
2016.09.01 06:25:02.644,0.9838,0.9839,1.19,1.50
2016.09.01 06:25:03.226,0.98381,0.98391,1.56,1.50
2016.09.01 06:25:03.329,0.9838,0.98391,1.69,1.50
2016.09.01 06:25:03.635,0.98379,0.98391,3.94,1.50
2016.09.01 06:25:04.127,0.98379,0.98391,3.56,1.50
2016.09.01 06:25:04.229,0.98379,0.98391,3.56,2.25
2016.09.01 06:25:04.280,0.98379,0.98391,2.81,2.25
2016.09.01 06:25:04.331,0.98379,0.9839,2.06,1.12
2016.09.01 06:25:04.923,0.98379,0.98391,2.06,2.62
2016.09.01 06:25:05.025,0.98379,0.9839,2.06,1.12
2016.09.01 06:25:05.211,0.98379,0.9839,1.31,1.12
2016.09.01 06:25:05.731,0.98379,0.98391,2.06,2.62
2016.09.01 06:25:05.833,0.98379,0.9839,2.06,1.12
2016.09.01 06:25:10.390,0.98379,0.9839,1.69,1.50
2016.09.01 06:25:10.934,0.98379,0.9839,2.44,1.50
2016.09.01 06:25:10.985,0.98379,0.98391,2.44,2.62
2016.09.01 06:25:11.088,0.98379,0.98391,2.44,2.25
2016.09.01 06:25:11.139,0.9838,0.98391,1.56,1.75
2016.09.01 06:25:11.767,0.98381,0.98391,1.56,1.75
2016.09.01 06:25:12.024,0.98381,0.98391,1.19,1.75
2016.09.01 06:25:12.076,0.9838,0.98391,1.31,2.25
2016.09.01 06:25:12.128,0.9838,0.98391,1.31,2.25
2016.09.01 06:25:12.180,0.98379,0.9839,1.69,1.50
2016.09.01 06:25:12.284,0.98379,0.98389,1.69,1.12
2016.09.01 06:25:12.734,0.98379,0.9839,1.69,1.50
2016.09.01 06:25:12.939,0.98379,0.9839,1.50,1.50
2016.09.01 06:25:14.784,0.98379,0.98391,2.25,2.62
2016.09.01 06:25:16.135,0.98379,0.98391,2.25,2.25
2016.09.01 06:25:16.188,0.98381,0.98391,1.00,1.87
2016.09.01 06:25:18.812,0.9838,0.98391,1.37,2.25
2016.09.01 06:25:18.870,0.9838,0.9839,1.37,1.00
2016.09.01 06:25:19.362,0.9838,0.98388,1.37,1.00
2016.09.01 06:25:19.773,0.9838,0.9839,1.37,1.87
2016.09.01 06:25:19.927,0.98379,0.9839,1.12,1.87
2016.09.01 06:25:21.040,0.98379,0.9839,1.12,1.87
2016.09.01 06:25:21.143,0.98379,0.9839,1.87,1.87
2016.09.01 06:25:21.194,0.98379,0.9839,2.62,1.00
2016.09.01 06:25:24.921,0.98379,0.9839,2.25,1.00
2016.09.01 06:25:25.969,0.98381,0.98391,1.12,1.50
2016.09.01 06:25:26.021,0.98381,0.98391,1.50,1.50
2016.09.01 06:25:27.426,0.98381,0.98391,1.50,2.25
2016.09.01 06:25:27.478,0.98381,0.98391,1.50,1.87
2016.09.01 06:25:28.082,0.98381,0.98391,1.50,1.12
2016.09.01 06:25:28.478,0.98381,0.98391,1.50,1.12
2016.09.01 06:25:28.580,0.98381,0.98391,2.25,1.12
2016.09.01 06:25:28.734,0.98381,0.98391,2.25,1.12
2016.09.01 06:25:28.786,0.98381,0.98392,2.25,1.50
2016.09.01 06:25:28.974,0.98384,0.98393,1.50,1.12
2016.09.01 06:25:29.025,0.98384,0.98394,2.25,1.12
2016.09.01 06:25:29.076,0.98384,0.98395,1.50,2.25
2016.09.01 06:25:29.127,0.98384,0.98395,1.12,1.50
2016.09.01 06:25:29.179,0.98383,0.98395,3.37,3.00
2016.09.01 06:25:29.230,0.98383,0.98395,3.37,3.37
2016.09.01 06:25:29.312,0.98383,0.98395,3.37,3.37
2016.09.01 06:25:29.365,0.98384,0.98392,1.87,1.12
2016.09.01 06:25:29.416,0.98384,0.98392,2.62,1.12
2016.09.01 06:25:29.468,0.98384,0.98392,1.37,1.00
2016.09.01 06:25:29.520,0.98383,0.98392,2.25,1.00
2016.09.01 06:25:29.571,0.98384,0.98392,1.37,1.12
2016.09.01 06:25:29.622,0.98384,0.98392,1.12,1.12
2016.09.01 06:25:29.673,0.98383,0.98392,1.50,1.12
2016.09.01 06:25:30.001,0.98383,0.98392,2.25,1.12
2016.09.01 06:25:30.053,0.98383,0.98393,2.25,1.37
2016.09.01 06:25:30.421,0.98383,0.98392,2.25,1.12
2016.09.01 06:25:31.087,0.98383,0.98393,2.25,1.37
2016.09.01 06:25:31.138,0.98383,0.98393,2.25,1.00
2016.09.01 06:25:31.189,0.98384,0.98394,2.62,1.50
2016.09.01 06:25:31.241,0.98384,0.98394,3.00,1.12
2016.09.01 06:25:31.394,0.98384,0.98395,2.25,1.50
2016.09.01 06:25:31.499,0.98384,0.98394,3.00,1.12
2016.09.01 06:25:34.196,0.98384,0.98394,3.75,1.12
2016.09.01 06:25:34.247,0.98384,0.98394,3.75,1.12
2016.09.01 06:25:35.092,0.98385,0.98394,1.12,1.12
2016.09.01 06:25:36.427,0.98385,0.98394,1.12,1.12
2016.09.01 06:25:36.529,0.98385,0.98394,1.75,1.12
2016.09.01 06:25:36.580,0.98385,0.98393,1.75,1.37
2016.09.01 06:25:36.631,0.98384,0.98393,1.50,1.37
2016.09.01 06:25:36.683,0.98383,0.98392,2.25,1.12
2016.09.01 06:25:36.820,0.98383,0.98392,1.75,1.12
2016.09.01 06:25:37.258,0.98383,0.98392,1.75,1.12
2016.09.01 06:25:37.360,0.98383,0.98392,1.50,1.12
2016.09.01 06:25:38.130,0.98383,0.98392,1.87,1.12
2016.09.01 06:25:38.871,0.98383,0.98393,1.87,1.37
2016.09.01 06:25:39.208,0.98383,0.98392,1.87,1.12
2016.09.01 06:25:40.153,0.98383,0.98392,1.87,1.12
2016.09.01 06:25:40.205,0.98384,0.98392,1.87,1.00
2016.09.01 06:25:40.336,0.98385,0.98394,1.50,1.37
2016.09.01 06:25:40.439,0.98384,0.98393,1.37,1.37
2016.09.01 06:25:40.491,0.98384,0.98394,1.37,1.00
2016.09.01 06:25:40.696,0.98384,0.98394,1.37,1.50
2016.09.01 06:25:40.798,0.98384,0.98394,1.37,1.87
2016.09.01 06:25:40.850,0.98384,0.98393,1.37,1.00
2016.09.01 06:25:41.787,0.98383,0.98393,1.87,1.00
2016.09.01 06:25:42.102,0.98384,0.98393,1.50,1.00
2016.09.01 06:25:43.983,0.98384,0.98394,1.50,1.87
2016.09.01 06:25:44.085,0.98384,0.98393,1.50,1.00
2016.09.01 06:25:45.512,0.98384,0.98394,1.50,1.12
2016.09.01 06:25:45.571,0.98384,0.98393,1.50,1.00
2016.09.01 06:25:45.827,0.98384,0.98393,1.50,1.00
2016.09.01 06:25:45.879,0.98384,0.98395,2.25,1.87
2016.09.01 06:25:45.931,0.98385,0.98395,1.12,1.12
2016.09.01 06:25:45.982,0.98386,0.98395,1.00,1.00
2016.09.01 06:25:46.162,0.98387,0.98395,1.12,1.00
2016.09.01 06:25:46.265,0.98387,0.98395,1.75,1.00
2016.09.01 06:25:46.894,0.98386,0.98397,3.00,1.87
2016.09.01 06:25:46.997,0.98386,0.98397,3.37,1.00
2016.09.01 06:25:47.112,0.98387,0.98397,2.25,1.00
2016.09.01 06:25:47.214,0.98387,0.98397,2.25,1.12
2016.09.01 06:25:48.929,0.98387,0.98397,2.25,1.00
2016.09.01 06:25:49.751,0.98387,0.98397,1.75,1.00
2016.09.01 06:25:49.803,0.98387,0.98397,1.75,1.12
2016.09.01 06:25:50.009,0.98389,0.98397,1.12,1.00
2016.09.01 06:25:50.113,0.98388,0.98397,1.50,1.00
2016.09.01 06:25:50.164,0.98387,0.98397,2.62,1.00
2016.09.01 06:25:50.318,0.98387,0.98397,3.37,1.00
2016.09.01 06:25:50.452,0.98387,0.98397,3.37,1.00
2016.09.01 06:25:50.555,0.98388,0.98397,1.75,1.00
2016.09.01 06:25:50.606,0.98388,0.98398,2.25,1.00
2016.09.01 06:25:50.658,0.98388,0.98398,3.00,1.00
2016.09.01 06:25:50.811,0.98388,0.984,3.00,2.62
2016.09.01 06:25:50.862,0.98388,0.984,3.19,2.62
2016.09.01 06:25:51.999,0.98388,0.984,3.19,1.50
2016.09.01 06:25:53.568,0.98388,0.984,3.56,2.62
2016.09.01 06:25:53.619,0.98388,0.98399,2.81,1.12
2016.09.01 06:25:53.723,0.98388,0.98398,2.62,1.00
2016.09.01 06:25:53.842,0.98388,0.98398,2.62,1.12
2016.09.01 06:25:53.897,0.98388,0.98398,1.75,1.87
2016.09.01 06:25:53.964,0.98387,0.98397,2.62,1.00
2016.09.01 06:25:54.118,0.98387,0.98398,2.62,1.87
2016.09.01 06:25:54.335,0.98387,0.98398,3.37,1.87
2016.09.01 06:25:54.686,0.98387,0.98398,2.25,1.87
2016.09.01 06:25:56.926,0.98387,0.98397,2.25,1.00
2016.09.01 06:25:56.978,0.98387,0.98397,2.25,1.50
2016.09.01 06:25:57.029,0.98387,0.98395,1.75,1.00
2016.09.01 06:25:57.145,0.98387,0.98395,1.37,1.00
2016.09.01 06:25:57.405,0.98387,0.98395,1.12,1.00
2016.09.01 06:25:57.509,0.98385,0.98395,1.87,1.00
2016.09.01 06:25:57.561,0.98385,0.98396,1.50,1.50
2016.09.01 06:25:57.612,0.98385,0.98395,1.50,1.00
2016.09.01 06:25:57.664,0.98385,0.98395,1.87,1.00
2016.09.01 06:25:57.841,0.98385,0.98395,1.75,1.00
2016.09.01 06:25:58.100,0.98385,0.98395,1.75,1.12
2016.09.01 06:25:58.255,0.98384,0.98394,2.25,1.00
2016.09.01 06:25:58.359,0.98384,0.98395,3.37,1.50
2016.09.01 06:25:58.411,0.98384,0.98395,3.37,1.12
2016.09.01 06:25:58.749,0.98385,0.98395,1.75,1.12
2016.09.01 06:25:58.800,0.98387,0.98395,1.12,1.12
2016.09.01 06:25:58.873,0.98387,0.98396,1.50,1.37
2016.09.01 06:25:58.925,0.98387,0.98397,2.25,4.12
2016.09.01 06:25:58.976,0.98387,0.98397,2.25,1.12
2016.09.01 06:25:59.079,0.98387,0.98397,2.25,1.00
2016.09.01 06:25:59.642,0.98387,0.98397,1.50,1.50
2016.09.01 06:26:00.088,0.98387,0.98397,2.25,1.00
2016.09.01 06:26:00.139,0.98387,0.98397,1.75,1.00
2016.09.01 06:26:00.706,0.98387,0.98397,1.87,1.00
2016.09.01 06:26:00.831,0.98387,0.98398,1.87,1.00
2016.09.01 06:26:01.041,0.98387,0.98397,1.87,1.00
2016.09.01 06:26:01.194,0.98387,0.98397,2.62,1.00
2016.09.01 06:26:01.245,0.98387,0.98398,2.62,1.50
2016.09.01 06:26:01.398,0.98387,0.98398,1.87,1.50
2016.09.01 06:26:01.986,0.98387,0.98398,2.62,1.50
2016.09.01 06:26:02.090,0.98387,0.98398,2.62,1.50
2016.09.01 06:26:02.142,0.98387,0.98398,3.37,1.00
2016.09.01 06:26:02.194,0.98388,0.98399,1.37,1.50
2016.09.01 06:26:02.760,0.98388,0.98399,1.87,1.50
2016.09.01 06:26:02.942,0.98388,0.984,2.62,2.62
2016.09.01 06:26:02.993,0.98388,0.984,2.25,2.25
2016.09.01 06:26:03.096,0.98388,0.984,2.25,2.25
2016.09.01 06:26:03.148,0.98388,0.984,2.25,1.87
2016.09.01 06:26:03.658,0.98388,0.98399,1.75,1.00
2016.09.01 06:26:04.503,0.98389,0.98399,1.50,1.00
2016.09.01 06:26:04.554,0.9839,0.984,1.12,1.12
2016.09.01 06:26:04.605,0.9839,0.98401,1.12,2.25
2016.09.01 06:26:04.657,0.98391,0.98401,1.00,1.87
2016.09.01 06:26:04.709,0.98391,0.98401,1.00,2.62
2016.09.01 06:26:04.761,0.98389,0.984,1.50,1.00
2016.09.01 06:26:05.042,0.98388,0.984,2.25,1.00
2016.09.01 06:26:05.507,0.98388,0.984,2.25,1.00
2016.09.01 06:26:05.559,0.9839,0.98401,1.12,2.25
2016.09.01 06:26:05.610,0.9839,0.98401,1.12,2.25
2016.09.01 06:26:05.663,0.98391,0.98401,1.00,2.25
2016.09.01 06:26:06.107,0.98391,0.98401,1.00,1.87
2016.09.01 06:26:06.210,0.98391,0.98401,1.00,2.25
2016.09.01 06:26:06.261,0.98389,0.98401,1.50,2.25
2016.09.01 06:26:06.881,0.98389,0.984,1.50,1.00
2016.09.01 06:26:06.932,0.98389,0.984,1.50,1.50
2016.09.01 06:26:06.984,0.98388,0.984,2.62,1.50
2016.09.01 06:26:07.036,0.98388,0.98399,1.75,1.00
2016.09.01 06:26:07.088,0.98388,0.98399,1.75,1.00
2016.09.01 06:26:07.191,0.98387,0.98399,3.00,1.87
2016.09.01 06:26:07.242,0.98387,0.98399,3.82,1.12
2016.09.01 06:26:07.294,0.98387,0.98399,3.82,1.00
2016.09.01 06:26:07.397,0.98388,0.984,1.75,2.25
2016.09.01 06:26:07.450,0.98388,0.984,1.75,2.25
2016.09.01 06:26:07.502,0.98388,0.984,1.75,1.87
2016.09.01 06:26:07.641,0.98389,0.984,1.50,1.50
2016.09.01 06:26:07.693,0.98389,0.984,1.37,1.87
2016.09.01 06:26:07.796,0.98389,0.984,1.37,1.12
2016.09.01 06:26:07.899,0.98389,0.98399,1.37,1.00
2016.09.01 06:26:08.155,0.98389,0.98399,1.37,1.50
2016.09.01 06:26:08.543,0.98389,0.98399,1.37,1.00
2016.09.01 06:26:09.593,0.98388,0.98399,2.62,1.00
2016.09.01 06:26:09.783,0.98388,0.98399,2.25,1.00
2016.09.01 06:26:11.930,0.98388,0.98399,1.75,1.00
2016.09.01 06:26:12.186,0.98388,0.984,1.75,2.25
2016.09.01 06:26:13.175,0.98388,0.984,2.25,2.25
2016.09.01 06:26:13.226,0.98388,0.984,2.25,2.25
2016.09.01 06:26:13.482,0.98388,0.984,2.25,2.25
2016.09.01 06:26:13.534,0.98388,0.984,2.25,1.50
2016.09.01 06:26:13.636,0.98388,0.984,2.25,2.25
2016.09.01 06:26:13.789,0.98388,0.984,2.25,2.25
2016.09.01 06:26:14.015,0.98388,0.984,2.25,2.25
2016.09.01 06:26:15.032,0.98388,0.984,2.25,2.62
2016.09.01 06:26:15.741,0.98388,0.984,1.87,2.62
2016.09.01 06:26:15.793,0.98388,0.984,1.87,2.62
2016.09.01 06:26:16.686,0.98388,0.984,1.37,2.62
2016.09.01 06:26:23.180,0.98388,0.984,1.87,2.62
2016.09.01 06:26:24.936,0.98388,0.984,1.87,2.25
2016.09.01 06:26:24.988,0.98388,0.98399,1.37,1.12
2016.09.01 06:26:26.886,0.98388,0.98399,1.37,1.12
2016.09.01 06:26:27.553,0.98388,0.98399,1.37,1.12
2016.09.01 06:26:27.861,0.98388,0.984,1.87,2.25
2016.09.01 06:26:28.355,0.98389,0.984,1.12,1.87
2016.09.01 06:26:30.354,0.98389,0.984,1.50,1.50
2016.09.01 06:26:31.162,0.98389,0.984,4.12,1.12
2016.09.01 06:26:31.213,0.98389,0.984,4.12,1.12
2016.09.01 06:26:31.264,0.98389,0.984,4.87,1.12
2016.09.01 06:26:37.297,0.98389,0.984,4.12,1.87
2016.09.01 06:26:38.799,0.98389,0.984,4.87,1.12
2016.09.01 06:26:39.173,0.98389,0.984,4.12,1.87
2016.09.01 06:26:40.694,0.98389,0.984,1.87,1.87
2016.09.01 06:26:40.797,0.98389,0.984,1.50,1.87
2016.09.01 06:26:43.177,0.98389,0.984,1.87,2.25
2016.09.01 06:26:43.279,0.98389,0.984,2.62,1.50
2016.09.01 06:26:43.872,0.98389,0.984,1.87,1.50
2016.09.01 06:26:45.018,0.98389,0.984,1.87,2.25
2016.09.01 06:26:46.226,0.98389,0.984,2.62,1.50
2016.09.01 06:26:48.397,0.9839,0.984,1.12,1.50
2016.09.01 06:26:48.500,0.9839,0.984,1.12,1.12
2016.09.01 06:26:48.603,0.98389,0.984,2.62,1.50
2016.09.01 06:26:48.706,0.98389,0.984,2.62,1.12
2016.09.01 06:26:51.191,0.9839,0.984,1.12,1.12
2016.09.01 06:26:51.598,0.98389,0.984,2.25,1.12
2016.09.01 06:26:51.650,0.98389,0.984,2.62,1.12
2016.09.01 06:26:51.702,0.98389,0.984,1.87,1.87
2016.09.01 06:26:54.738,0.98389,0.984,1.87,1.87
2016.09.01 06:26:54.841,0.98389,0.984,2.62,1.12
2016.09.01 06:26:54.944,0.9839,0.984,1.00,1.12
2016.09.01 06:26:57.733,0.98391,0.984,1.00,1.12
2016.09.01 06:26:57.936,0.9839,0.984,1.12,1.12
2016.09.01 06:27:00.426,0.98391,0.984,1.00,1.12
2016.09.01 06:27:02.419,0.9839,0.984,1.50,1.12
2016.09.01 06:27:02.471,0.9839,0.984,1.12,1.12
2016.09.01 06:27:04.029,0.9839,0.98399,1.00,1.00
2016.09.01 06:27:04.132,0.98389,0.98399,1.87,1.00
2016.09.01 06:27:04.653,0.98389,0.984,2.62,1.50
2016.09.01 06:27:04.755,0.9839,0.984,1.12,1.50
2016.09.01 06:27:04.858,0.9839,0.984,1.12,1.12
2016.09.01 06:27:05.124,0.98389,0.984,2.62,1.12
2016.09.01 06:27:06.535,0.98389,0.984,1.87,1.12
2016.09.01 06:27:06.637,0.98389,0.984,2.62,1.12
2016.09.01 06:27:07.031,0.9839,0.984,1.50,1.12
2016.09.01 06:27:07.082,0.98391,0.98402,1.50,2.25
2016.09.01 06:27:07.134,0.98392,0.98402,1.37,1.50
2016.09.01 06:27:07.185,0.98392,0.98402,1.12,1.87
2016.09.01 06:27:07.236,0.98391,0.98402,4.87,1.87
2016.09.01 06:27:07.391,0.98391,0.98401,4.87,1.00
2016.09.01 06:27:09.323,0.98391,0.98401,4.12,1.00
2016.09.01 06:27:12.552,0.98391,0.98401,4.87,1.00
2016.09.01 06:27:12.654,0.98391,0.98401,4.12,1.00
2016.09.01 06:27:13.357,0.98391,0.98401,1.50,1.00
2016.09.01 06:27:18.620,0.98391,0.98401,1.50,1.12
2016.09.01 06:27:18.753,0.98391,0.98401,1.50,1.00
2016.09.01 06:27:19.015,0.98391,0.98401,1.50,1.12
2016.09.01 06:27:19.118,0.98391,0.98401,1.37,3.00
2016.09.01 06:27:19.169,0.98391,0.98401,1.37,3.00
2016.09.01 06:27:19.322,0.98391,0.98401,1.37,2.25
2016.09.01 06:27:21.371,0.98391,0.98401,1.37,2.25
2016.09.01 06:27:21.473,0.98391,0.98401,1.37,2.25
2016.09.01 06:27:21.524,0.98391,0.98401,1.37,1.87
2016.09.01 06:27:21.626,0.98391,0.98401,1.37,1.12
2016.09.01 06:27:21.677,0.98391,0.98401,1.87,1.12
2016.09.01 06:27:21.834,0.98392,0.98401,1.00,1.12
2016.09.01 06:27:21.948,0.98392,0.98401,1.00,1.50
2016.09.01 06:27:21.999,0.98392,0.98401,1.00,1.00
2016.09.01 06:27:22.051,0.98392,0.98402,1.00,2.06
2016.09.01 06:27:22.102,0.98392,0.98402,1.00,2.81
2016.09.01 06:27:22.153,0.98392,0.98402,1.00,2.62
2016.09.01 06:27:22.255,0.98392,0.98402,1.00,2.81
2016.09.01 06:27:25.142,0.98392,0.98401,1.00,1.00
2016.09.01 06:27:25.451,0.98391,0.98401,1.87,1.00
2016.09.01 06:27:29.537,0.98391,0.98401,1.87,1.50
2016.09.01 06:27:29.589,0.98391,0.98401,1.87,1.87
2016.09.01 06:27:29.640,0.98391,0.98401,1.37,2.62
2016.09.01 06:27:29.844,0.98391,0.98401,1.37,2.81
2016.09.01 06:27:29.947,0.98391,0.98401,1.37,2.81
2016.09.01 06:27:30.111,0.98391,0.98401,1.00,3.19
2016.09.01 06:27:30.162,0.98391,0.98401,1.00,2.06
2016.09.01 06:27:30.213,0.98391,0.98401,1.00,1.69
2016.09.01 06:27:31.441,0.98391,0.98401,1.00,1.50
2016.09.01 06:27:31.492,0.98391,0.98401,1.00,1.50
2016.09.01 06:27:31.849,0.9839,0.984,1.37,1.00
2016.09.01 06:27:31.952,0.9839,0.984,1.37,1.12
2016.09.01 06:27:37.788,0.9839,0.984,1.37,1.50
2016.09.01 06:27:39.100,0.9839,0.984,1.87,1.50
2016.09.01 06:27:40.391,0.9839,0.984,1.87,1.12
2016.09.01 06:27:41.030,0.9839,0.98399,1.50,1.12
2016.09.01 06:27:41.082,0.98388,0.98399,2.62,1.12
2016.09.01 06:27:41.275,0.98388,0.98399,2.62,1.12
2016.09.01 06:27:41.688,0.98388,0.98399,2.62,1.50
2016.09.01 06:27:41.791,0.98388,0.98399,2.62,1.12
2016.09.01 06:27:41.894,0.98389,0.98399,1.75,1.12
2016.09.01 06:27:41.945,0.98389,0.984,2.25,1.12
2016.09.01 06:27:41.997,0.9839,0.984,1.50,1.12
2016.09.01 06:27:42.048,0.9839,0.984,1.50,1.12
2016.09.01 06:27:42.100,0.98391,0.984,1.12,1.12
2016.09.01 06:27:42.232,0.98391,0.98401,1.50,1.00
2016.09.01 06:27:43.792,0.98391,0.98401,1.50,1.00
2016.09.01 06:27:47.770,0.98391,0.98402,2.25,1.50
2016.09.01 06:27:50.350,0.98391,0.98402,1.87,1.87
2016.09.01 06:27:51.285,0.98392,0.98402,1.00,1.87
2016.09.01 06:27:51.882,0.98391,0.98402,1.87,1.87
2016.09.01 06:27:52.389,0.98391,0.98402,1.12,1.87
2016.09.01 06:27:52.491,0.98391,0.98402,1.87,1.87
2016.09.01 06:27:53.895,0.98392,0.98402,1.00,1.87
2016.09.01 06:27:53.946,0.98392,0.98402,1.12,1.12
2016.09.01 06:27:54.100,0.98392,0.98402,1.50,1.12
2016.09.01 06:27:54.151,0.98393,0.98402,1.87,1.00
2016.09.01 06:27:54.202,0.98395,0.98405,1.12,1.87
2016.09.01 06:27:54.253,0.98395,0.98406,1.75,2.62
2016.09.01 06:27:54.305,0.98395,0.98406,1.75,1.87
2016.09.01 06:27:54.356,0.98395,0.98406,1.75,1.50
2016.09.01 06:27:54.407,0.98395,0.98406,2.25,1.50
2016.09.01 06:27:54.458,0.98395,0.98406,2.25,1.50
2016.09.01 06:27:54.510,0.98395,0.98406,2.25,1.00
2016.09.01 06:27:54.561,0.98396,0.98407,1.50,1.87
2016.09.01 06:27:54.612,0.98396,0.98407,2.25,1.87
2016.09.01 06:27:54.723,0.98396,0.98407,2.25,1.50
2016.09.01 06:27:55.035,0.98396,0.98407,1.75,1.50
2016.09.01 06:27:55.701,0.98396,0.98407,2.25,1.50
2016.09.01 06:27:56.897,0.98396,0.98407,2.25,1.12
2016.09.01 06:28:02.220,0.98396,0.98407,1.75,1.12
2016.09.01 06:28:09.198,0.98396,0.98407,1.75,1.12
2016.09.01 06:28:10.326,0.98396,0.98407,1.75,1.12
2016.09.01 06:28:11.280,0.98397,0.98407,1.50,1.12
2016.09.01 06:28:11.374,0.98397,0.98407,1.50,1.00
2016.09.01 06:28:11.425,0.98397,0.98408,3.00,2.81
2016.09.01 06:28:13.468,0.98397,0.98408,3.00,1.69
2016.09.01 06:28:13.520,0.98399,0.98408,1.00,1.50
2016.09.01 06:28:13.572,0.98399,0.98408,1.50,1.12
2016.09.01 06:28:13.675,0.98399,0.98408,1.50,1.00
2016.09.01 06:28:13.726,0.98399,0.98409,1.50,1.12
2016.09.01 06:28:14.135,0.98398,0.98409,1.75,1.12
2016.09.01 06:28:14.348,0.98398,0.98409,1.75,1.12
2016.09.01 06:28:14.503,0.98397,0.98407,1.75,1.00
2016.09.01 06:28:25.425,0.98397,0.98408,2.25,1.00
2016.09.01 06:28:25.552,0.98397,0.98408,3.00,1.00
2016.09.01 06:28:25.655,0.98398,0.98408,1.75,1.00
2016.09.01 06:28:25.706,0.98398,0.98408,1.75,1.12
2016.09.01 06:28:26.171,0.98397,0.98408,3.75,1.12
2016.09.01 06:28:27.938,0.98397,0.98408,3.75,1.12
2016.09.01 06:28:28.024,0.98397,0.98408,3.00,1.12
2016.09.01 06:28:28.076,0.98396,0.98407,4.87,1.00
2016.09.01 06:28:28.127,0.98396,0.98407,4.12,1.00
2016.09.01 06:28:28.178,0.98396,0.98407,4.12,1.00
2016.09.01 06:28:28.230,0.98396,0.98407,2.25,1.00
2016.09.01 06:28:28.639,0.98396,0.98407,2.62,1.00
2016.09.01 06:28:29.691,0.98396,0.98407,2.62,1.00
2016.09.01 06:28:29.742,0.98396,0.98407,1.87,1.00
2016.09.01 06:28:30.059,0.98396,0.98406,1.12,1.00
2016.09.01 06:28:30.123,0.98396,0.98406,1.00,1.12
2016.09.01 06:28:36.148,0.98396,0.98406,1.50,1.12
2016.09.01 06:28:36.200,0.98396,0.98407,2.25,1.37
2016.09.01 06:28:36.251,0.98397,0.98407,1.00,1.37
2016.09.01 06:28:36.302,0.98397,0.98407,1.37,1.00
2016.09.01 06:28:36.354,0.98397,0.98407,2.25,1.00
2016.09.01 06:28:36.405,0.98397,0.98408,3.00,1.12
2016.09.01 06:28:36.456,0.98398,0.98408,1.50,1.12
2016.09.01 06:28:36.661,0.98397,0.98408,3.00,1.12
2016.09.01 06:28:37.558,0.98398,0.98408,1.50,1.12
2016.09.01 06:28:37.790,0.98398,0.98408,1.50,1.12
2016.09.01 06:28:37.841,0.98398,0.98408,1.50,1.12
2016.09.01 06:28:37.927,0.98398,0.98408,1.50,1.00
2016.09.01 06:28:37.978,0.98399,0.98408,1.12,1.00
2016.09.01 06:28:38.185,0.98397,0.98407,1.12,1.00
2016.09.01 06:28:38.339,0.98396,0.98407,2.62,1.00
2016.09.01 06:28:38.390,0.98396,0.98407,3.37,1.00
2016.09.01 06:28:38.441,0.98396,0.98407,3.00,1.12
2016.09.01 06:28:38.641,0.98397,0.98407,1.75,1.12
2016.09.01 06:28:38.744,0.98396,0.98407,2.25,1.12
2016.09.01 06:28:42.304,0.98395,0.98406,4.50,1.00
2016.09.01 06:28:42.375,0.98396,0.98406,1.00,1.12
2016.09.01 06:28:42.428,0.98396,0.98406,1.00,2.25
2016.09.01 06:28:42.633,0.98396,0.98406,1.00,1.87
2016.09.01 06:28:43.093,0.98396,0.98406,1.00,2.62
2016.09.01 06:28:45.401,0.98396,0.98406,1.00,1.87
2016.09.01 06:28:45.452,0.98396,0.98406,1.75,1.12
2016.09.01 06:28:45.586,0.98396,0.98407,2.62,1.25
2016.09.01 06:28:46.102,0.98396,0.98407,1.87,1.25
2016.09.01 06:28:46.205,0.98396,0.98407,1.87,1.69
2016.09.01 06:28:46.256,0.98396,0.98407,1.87,2.06
2016.09.01 06:28:46.307,0.98396,0.98407,1.87,2.44
2016.09.01 06:28:46.580,0.98396,0.98407,1.75,2.44
2016.09.01 06:28:50.191,0.98396,0.98407,2.25,2.44
2016.09.01 06:28:50.345,0.98396,0.98407,1.75,2.44
2016.09.01 06:28:50.641,0.98396,0.98407,1.75,2.25
2016.09.01 06:28:53.956,0.98396,0.98407,1.75,2.06
2016.09.01 06:29:00.178,0.98397,0.98407,3.00,1.87
2016.09.01 06:29:00.229,0.98397,0.98408,3.75,2.25
2016.09.01 06:29:00.280,0.98398,0.98408,1.37,1.87
2016.09.01 06:29:00.332,0.98398,0.98408,1.37,1.87
2016.09.01 06:29:00.383,0.98398,0.98408,1.37,1.87
2016.09.01 06:29:00.485,0.98399,0.98408,1.12,1.87
2016.09.01 06:29:00.793,0.98398,0.98408,1.37,1.87
2016.09.01 06:29:01.474,0.98397,0.98408,3.00,1.87
2016.09.01 06:29:01.687,0.98397,0.98408,3.00,1.00
2016.09.01 06:29:02.120,0.98397,0.98408,3.00,1.00
2016.09.01 06:29:02.171,0.98397,0.98408,3.37,1.12
2016.09.01 06:29:02.223,0.98398,0.98408,1.37,1.12
2016.09.01 06:29:02.672,0.98398,0.98408,1.37,1.00
2016.09.01 06:29:02.723,0.98399,0.98408,1.12,1.00
2016.09.01 06:29:02.776,0.98398,0.98408,1.37,1.00
2016.09.01 06:29:03.208,0.98399,0.98408,1.12,1.00
2016.09.01 06:29:04.846,0.98399,0.98409,1.12,1.50
2016.09.01 06:29:05.309,0.98399,0.98409,1.12,1.50
2016.09.01 06:29:05.927,0.98398,0.98409,1.87,1.50
2016.09.01 06:29:06.132,0.98398,0.98409,1.87,1.50
2016.09.01 06:29:06.384,0.98399,0.98409,1.12,1.50
2016.09.01 06:29:07.610,0.98399,0.98409,1.12,1.87
2016.09.01 06:29:07.770,0.98398,0.98409,1.37,1.87
2016.09.01 06:29:08.583,0.98398,0.98409,1.87,1.87
2016.09.01 06:29:08.635,0.98398,0.98409,1.87,1.50
2016.09.01 06:29:11.931,0.98398,0.98409,1.87,1.50
2016.09.01 06:29:12.542,0.98398,0.98408,1.37,1.12
2016.09.01 06:29:13.430,0.98397,0.98408,2.62,1.12
2016.09.01 06:29:16.597,0.98397,0.98408,3.37,1.12
2016.09.01 06:29:18.649,0.98398,0.98408,1.37,1.12
2016.09.01 06:29:18.803,0.984,0.98408,1.00,1.12
2016.09.01 06:29:18.883,0.984,0.9841,1.00,2.25
2016.09.01 06:29:18.935,0.984,0.9841,1.12,2.25
2016.09.01 06:29:18.987,0.984,0.9841,1.50,2.25
2016.09.01 06:29:19.039,0.984,0.9841,1.50,1.00
2016.09.01 06:29:20.044,0.984,0.9841,1.50,1.00
2016.09.01 06:29:20.147,0.98399,0.9841,2.25,1.00
2016.09.01 06:29:20.199,0.98399,0.9841,1.75,1.00
2016.09.01 06:29:20.406,0.98399,0.9841,2.25,1.00
2016.09.01 06:29:20.901,0.984,0.9841,1.50,1.00
2016.09.01 06:29:21.314,0.98399,0.9841,2.25,1.00
2016.09.01 06:29:21.716,0.984,0.9841,1.50,1.00
2016.09.01 06:29:22.480,0.984,0.9841,1.50,1.00
2016.09.01 06:29:22.586,0.98399,0.9841,1.75,1.00
2016.09.01 06:29:22.800,0.98399,0.9841,1.75,1.50
2016.09.01 06:29:22.852,0.98399,0.9841,1.75,1.87
2016.09.01 06:29:23.388,0.98399,0.9841,1.75,1.87
2016.09.01 06:29:23.528,0.98399,0.9841,2.25,1.00
2016.09.01 06:29:24.348,0.98399,0.9841,2.25,1.00
2016.09.01 06:29:24.716,0.98399,0.9841,1.75,1.00
2016.09.01 06:29:26.708,0.98399,0.9841,2.25,1.00
2016.09.01 06:29:30.321,0.98401,0.9841,1.00,1.00
2016.09.01 06:29:32.985,0.98401,0.9841,1.00,1.87
2016.09.01 06:29:33.036,0.98401,0.9841,1.00,4.35
2016.09.01 06:29:33.087,0.98401,0.98409,1.00,1.69
2016.09.01 06:29:33.139,0.98398,0.98408,1.75,1.25
2016.09.01 06:29:33.255,0.98397,0.98408,2.62,2.06
2016.09.01 06:29:33.306,0.98397,0.98408,2.25,1.87
2016.09.01 06:29:33.357,0.98397,0.98408,2.25,1.50
2016.09.01 06:29:33.459,0.98398,0.98408,1.37,1.50
2016.09.01 06:29:33.511,0.98398,0.98408,1.37,1.50
2016.09.01 06:29:33.562,0.98398,0.98408,1.87,1.00
2016.09.01 06:29:33.665,0.98399,0.98408,1.37,1.00
2016.09.01 06:29:34.552,0.98398,0.98408,1.50,1.00
2016.09.01 06:29:35.673,0.98397,0.98408,4.12,1.00
2016.09.01 06:29:35.878,0.98398,0.98408,1.50,1.00
2016.09.01 06:29:37.152,0.98398,0.98408,1.87,1.00
2016.09.01 06:29:37.204,0.98398,0.98408,3.37,1.00
2016.09.01 06:29:37.257,0.984,0.98408,1.50,1.00
2016.09.01 06:29:37.309,0.984,0.98411,1.50,3.00
2016.09.01 06:29:37.360,0.984,0.98411,1.75,2.62
2016.09.01 06:29:37.454,0.984,0.98411,1.75,2.25
2016.09.01 06:29:37.506,0.984,0.98411,3.00,2.25
2016.09.01 06:29:37.762,0.984,0.98411,2.25,2.25
2016.09.01 06:29:38.020,0.984,0.98411,2.25,1.87
2016.09.01 06:29:38.122,0.984,0.98411,2.25,2.25
2016.09.01 06:29:38.174,0.984,0.98411,2.25,2.62
2016.09.01 06:29:38.281,0.984,0.98411,2.25,2.62
2016.09.01 06:29:38.335,0.984,0.98411,2.25,3.60
2016.09.01 06:29:38.386,0.984,0.98408,1.75,1.00
2016.09.01 06:29:39.677,0.984,0.98409,1.75,1.12
2016.09.01 06:29:40.826,0.984,0.98408,1.75,1.00
2016.09.01 06:29:41.193,0.984,0.98409,1.75,1.12
2016.09.01 06:29:41.397,0.984,0.9841,1.75,1.37
2016.09.01 06:29:41.449,0.984,0.9841,1.75,1.12
2016.09.01 06:29:41.705,0.984,0.98408,1.75,1.00
2016.09.01 06:29:41.911,0.984,0.98409,1.75,1.12
2016.09.01 06:29:45.143,0.984,0.98411,1.75,4.50
2016.09.01 06:29:46.235,0.984,0.98411,1.75,4.50
2016.09.01 06:29:47.631,0.984,0.98411,1.75,5.10
2016.09.01 06:29:47.733,0.984,0.98411,1.75,5.10
2016.09.01 06:29:50.094,0.984,0.98409,1.75,1.00
2016.09.01 06:29:50.146,0.98399,0.98409,2.62,4.35
2016.09.01 06:29:50.314,0.98396,0.98406,1.12,1.30
2016.09.01 06:29:50.366,0.98396,0.98406,1.87,1.30
2016.09.01 06:29:50.418,0.98395,0.98407,2.62,3.75
2016.09.01 06:29:50.469,0.98394,0.98407,2.62,4.72
2016.09.01 06:29:50.520,0.98394,0.98407,2.25,3.97
2016.09.01 06:29:50.623,0.98394,0.98407,2.25,4.35
2016.09.01 06:29:50.728,0.98394,0.98407,2.25,3.22
2016.09.01 06:29:50.780,0.98394,0.98407,2.25,2.47
2016.09.01 06:29:50.832,0.98394,0.98407,2.25,2.47
2016.09.01 06:29:51.133,0.98394,0.98407,1.75,2.47
2016.09.01 06:29:51.237,0.98394,0.98407,1.87,3.22
2016.09.01 06:29:51.289,0.98394,0.98407,2.62,3.22
2016.09.01 06:29:51.342,0.98394,0.98407,2.62,3.22
2016.09.01 06:29:51.939,0.98394,0.98407,4.12,2.62
2016.09.01 06:29:51.990,0.98394,0.98407,4.12,2.25
2016.09.01 06:29:52.042,0.98395,0.98407,1.75,1.50
2016.09.01 06:29:52.093,0.98395,0.98407,1.75,1.12
2016.09.01 06:29:52.183,0.98395,0.98407,2.25,1.12
2016.09.01 06:29:52.235,0.98395,0.98407,2.25,1.00
2016.09.01 06:29:52.337,0.98395,0.98407,2.25,1.12
2016.09.01 06:29:52.389,0.98395,0.98407,1.75,1.12
2016.09.01 06:29:52.823,0.98395,0.98407,1.75,1.72
2016.09.01 06:29:55.138,0.98394,0.98407,4.87,1.72
2016.09.01 06:29:55.191,0.98394,0.98407,2.25,1.72
2016.09.01 06:29:55.243,0.98394,0.98407,2.25,1.72
2016.09.01 06:29:55.536,0.98397,0.98408,1.00,3.60
2016.09.01 06:29:55.639,0.98397,0.98408,1.00,2.62
2016.09.01 06:29:55.775,0.98397,0.98408,1.50,2.62
2016.09.01 06:29:55.827,0.98397,0.98408,1.50,1.87
2016.09.01 06:29:55.980,0.98397,0.98408,1.00,1.87
2016.09.01 06:29:56.034,0.98397,0.98408,1.50,1.87
2016.09.01 06:29:57.402,0.98397,0.98408,1.50,1.12
2016.09.01 06:29:57.608,0.98397,0.98408,1.00,1.12
2016.09.01 06:29:58.183,0.98397,0.98408,1.50,1.12
2016.09.01 06:29:58.542,0.98397,0.98408,1.50,1.00
2016.09.01 06:29:58.938,0.98397,0.98409,1.50,1.12
2016.09.01 06:29:59.040,0.98397,0.98409,1.00,1.12
2016.09.01 06:29:59.765,0.98397,0.98409,1.50,1.12
2016.09.01 06:30:00.158,0.98397,0.98409,1.50,1.00
2016.09.01 06:30:01.834,0.98398,0.98409,1.00,1.00
2016.09.01 06:30:01.885,0.98397,0.98409,1.50,1.00
2016.09.01 06:30:01.936,0.98397,0.98408,1.50,1.00
2016.09.01 06:30:02.026,0.98397,0.98408,1.00,1.00
2016.09.01 06:30:02.081,0.98397,0.98408,1.50,1.12
2016.09.01 06:30:02.133,0.98397,0.98408,1.00,1.12
2016.09.01 06:30:04.927,0.98397,0.98408,1.50,1.12
2016.09.01 06:30:05.780,0.98397,0.98407,1.50,1.00
2016.09.01 06:30:06.436,0.98397,0.98407,1.00,1.00
2016.09.01 06:30:06.546,0.98397,0.98407,1.00,1.00
2016.09.01 06:30:06.651,0.98396,0.98406,1.00,1.00
2016.09.01 06:30:06.754,0.98397,0.98407,1.00,1.35
2016.09.01 06:30:06.806,0.98397,0.98407,1.00,1.00
2016.09.01 06:30:06.858,0.98397,0.98407,1.00,1.50
2016.09.01 06:30:06.961,0.98397,0.98407,1.00,2.10
2016.09.01 06:30:07.063,0.98396,0.98407,1.50,1.00
2016.09.01 06:30:07.180,0.98397,0.98407,1.00,1.00
2016.09.01 06:30:07.684,0.98397,0.98407,1.00,1.12
2016.09.01 06:30:07.940,0.98397,0.98407,1.00,1.87
2016.09.01 06:30:08.015,0.98396,0.98407,1.50,1.87
2016.09.01 06:30:08.067,0.98397,0.98407,1.00,2.47
2016.09.01 06:30:08.175,0.98397,0.98407,1.00,2.10
2016.09.01 06:30:08.755,0.98397,0.98407,1.00,2.47
2016.09.01 06:30:09.779,0.98397,0.98407,1.00,1.72
2016.09.01 06:30:10.807,0.98397,0.98407,1.00,1.12
2016.09.01 06:30:11.593,0.98395,0.98406,1.00,1.00
2016.09.01 06:30:11.644,0.98395,0.98406,1.00,1.00
2016.09.01 06:30:11.696,0.98395,0.98406,1.00,1.00
2016.09.01 06:30:13.128,0.98395,0.98406,1.00,1.12
2016.09.01 06:30:13.966,0.98395,0.98406,1.50,1.12
2016.09.01 06:30:14.019,0.98395,0.98406,1.87,1.12
2016.09.01 06:30:14.071,0.98395,0.98406,2.25,1.12
2016.09.01 06:30:14.122,0.98395,0.98406,2.62,1.12
2016.09.01 06:30:14.609,0.98395,0.98406,2.25,1.12
2016.09.01 06:30:14.865,0.98395,0.98406,1.75,1.12
2016.09.01 06:30:14.968,0.98394,0.98405,3.37,1.00
2016.09.01 06:30:15.019,0.98394,0.98405,3.00,1.00
2016.09.01 06:30:15.071,0.98394,0.98405,1.75,1.00
2016.09.01 06:30:15.122,0.98394,0.98405,1.50,1.12
2016.09.01 06:30:15.258,0.98394,0.98405,1.50,1.50
2016.09.01 06:30:15.464,0.98394,0.98405,2.25,1.50
2016.09.01 06:30:16.078,0.98395,0.98405,1.87,1.00
2016.09.01 06:30:16.129,0.98395,0.98406,2.25,1.50
2016.09.01 06:30:16.180,0.98395,0.98406,3.00,1.12
2016.09.01 06:30:16.232,0.98397,0.98406,1.00,1.12
2016.09.01 06:30:16.357,0.98395,0.98406,3.37,1.87
2016.09.01 06:30:16.409,0.98395,0.98406,3.00,1.50
2016.09.01 06:30:16.562,0.98395,0.98406,2.25,1.50
2016.09.01 06:30:16.613,0.98395,0.98406,2.62,1.87
2016.09.01 06:30:16.664,0.98397,0.98406,1.50,1.87
2016.09.01 06:30:16.716,0.98397,0.98406,1.50,1.50
2016.09.01 06:30:16.819,0.98397,0.98406,1.50,1.00
2016.09.01 06:30:17.602,0.98397,0.98406,1.37,1.00
2016.09.01 06:30:17.653,0.98397,0.98406,1.12,1.00
2016.09.01 06:30:17.705,0.98397,0.98407,1.12,2.81
2016.09.01 06:30:17.807,0.98397,0.98407,1.12,3.00
2016.09.01 06:30:18.013,0.98397,0.98406,1.50,1.00
2016.09.01 06:30:18.064,0.98397,0.98406,1.75,1.00
2016.09.01 06:30:18.167,0.98397,0.98406,2.25,1.00
2016.09.01 06:30:18.423,0.98398,0.98406,1.50,1.00
2016.09.01 06:30:18.681,0.98397,0.98406,2.25,1.00
2016.09.01 06:30:20.805,0.98397,0.98406,3.00,1.00
2016.09.01 06:30:22.591,0.98397,0.98406,2.25,1.00
2016.09.01 06:30:22.693,0.98398,0.98406,1.00,1.00
2016.09.01 06:30:22.744,0.98397,0.98406,1.57,1.00
2016.09.01 06:30:22.795,0.98396,0.98407,2.40,1.87
2016.09.01 06:30:22.847,0.98396,0.98407,2.40,2.47
2016.09.01 06:30:22.976,0.98396,0.98405,1.00,1.00
2016.09.01 06:30:23.076,0.98394,0.98405,1.87,1.87
2016.09.01 06:30:23.179,0.98394,0.98405,2.62,1.87
2016.09.01 06:30:23.230,0.98394,0.98405,3.00,1.87
2016.09.01 06:30:23.282,0.98395,0.98405,1.50,1.87
2016.09.01 06:30:23.333,0.98395,0.98405,1.75,1.87
2016.09.01 06:30:23.385,0.98394,0.98405,3.75,1.87
2016.09.01 06:30:23.487,0.98394,0.98405,2.62,1.87
2016.09.01 06:30:23.590,0.98394,0.98405,3.37,1.87
2016.09.01 06:30:24.089,0.98394,0.98405,2.62,3.00
2016.09.01 06:30:24.141,0.98394,0.98403,1.37,1.00
2016.09.01 06:30:24.244,0.98393,0.98403,1.75,1.00
2016.09.01 06:30:24.758,0.98393,0.98403,2.25,1.00
2016.09.01 06:30:24.809,0.98394,0.98403,1.50,1.00
2016.09.01 06:30:28.357,0.98395,0.98403,2.25,1.00
2016.09.01 06:30:28.410,0.98397,0.98405,2.25,1.37
2016.09.01 06:30:28.462,0.98397,0.98405,2.25,1.00
2016.09.01 06:30:28.514,0.98397,0.98405,1.50,1.00
2016.09.01 06:30:28.567,0.98397,0.98405,1.75,1.00
2016.09.01 06:30:28.721,0.98397,0.98409,1.75,4.69
2016.09.01 06:30:29.058,0.98397,0.98409,2.25,5.62
2016.09.01 06:30:29.213,0.98397,0.98409,2.25,6.37
2016.09.01 06:30:29.418,0.98397,0.98409,2.25,5.62
2016.09.01 06:30:29.470,0.98397,0.98409,1.75,5.62
2016.09.01 06:30:30.311,0.98398,0.98409,1.00,5.62
2016.09.01 06:30:30.362,0.98397,0.98409,1.50,6.00
2016.09.01 06:30:30.465,0.98397,0.98408,1.50,3.00
2016.09.01 06:30:31.001,0.98397,0.98408,1.50,2.25
2016.09.01 06:30:31.104,0.98397,0.98408,1.50,1.50
2016.09.01 06:30:31.260,0.98397,0.98407,1.50,1.37
2016.09.01 06:30:31.312,0.98396,0.98407,3.00,1.37
2016.09.01 06:30:31.568,0.98396,0.98407,2.25,1.37
2016.09.01 06:30:31.620,0.98396,0.98406,1.50,1.00
2016.09.01 06:30:31.671,0.98396,0.98406,1.12,1.00
2016.09.01 06:30:32.516,0.98397,0.98406,1.00,1.00
2016.09.01 06:30:32.765,0.98397,0.98407,1.00,1.87
2016.09.01 06:30:32.919,0.98396,0.98407,1.87,1.87
2016.09.01 06:30:32.971,0.98396,0.98406,1.12,1.00
2016.09.01 06:30:33.067,0.98396,0.98407,1.12,1.87
2016.09.01 06:30:33.119,0.98396,0.98407,1.12,3.37
2016.09.01 06:30:33.706,0.98396,0.98407,1.12,6.52
2016.09.01 06:30:33.758,0.98394,0.98405,2.25,1.37
2016.09.01 06:30:33.809,0.98394,0.98404,1.87,1.00
2016.09.01 06:30:33.882,0.98394,0.98404,1.00,1.87
2016.09.01 06:30:34.241,0.98394,0.98404,1.35,1.87
2016.09.01 06:30:34.344,0.98394,0.98403,1.00,1.00
2016.09.01 06:30:34.396,0.98393,0.98403,1.00,1.37
2016.09.01 06:30:34.506,0.98393,0.98402,1.00,1.50
2016.09.01 06:30:34.558,0.98391,0.98401,1.87,1.50
2016.09.01 06:30:34.609,0.98391,0.98401,1.12,1.50
2016.09.01 06:30:35.381,0.98391,0.98401,1.87,1.50
2016.09.01 06:30:35.483,0.9839,0.98401,1.50,2.25
2016.09.01 06:30:35.534,0.9839,0.984,1.12,1.72
2016.09.01 06:30:35.585,0.9839,0.984,1.12,2.10
2016.09.01 06:30:35.637,0.9839,0.984,1.00,2.62
2016.09.01 06:30:35.756,0.98389,0.98397,1.12,1.00
2016.09.01 06:30:35.807,0.98387,0.98397,1.37,1.12
2016.09.01 06:30:35.897,0.98387,0.98397,1.12,1.50
2016.09.01 06:30:35.948,0.98386,0.98397,2.62,1.87
2016.09.01 06:30:36.000,0.98386,0.98396,1.50,1.37
2016.09.01 06:30:36.051,0.98385,0.98395,1.50,1.50
2016.09.01 06:30:36.154,0.98385,0.98395,1.50,1.87
2016.09.01 06:30:36.205,0.98385,0.98395,1.00,2.25
2016.09.01 06:30:36.257,0.98385,0.98395,1.12,1.00
2016.09.01 06:30:36.360,0.98384,0.98394,3.94,1.00
2016.09.01 06:30:36.411,0.98384,0.98394,1.87,1.37
2016.09.01 06:30:36.463,0.98384,0.98393,1.00,2.25
2016.09.01 06:30:36.514,0.98382,0.98393,1.87,3.00
2016.09.01 06:30:36.636,0.98381,0.98392,3.37,1.87
2016.09.01 06:30:36.689,0.98381,0.98392,1.87,1.87
2016.09.01 06:30:36.740,0.98381,0.98392,2.62,1.87
2016.09.01 06:30:36.792,0.98384,0.98392,1.31,1.00
2016.09.01 06:30:36.844,0.98384,0.98394,1.31,2.25
2016.09.01 06:30:36.896,0.98384,0.98395,2.81,2.62
2016.09.01 06:30:36.947,0.98384,0.98395,3.19,2.25
2016.09.01 06:30:36.999,0.98384,0.98395,2.62,3.00
2016.09.01 06:30:37.052,0.98384,0.98395,2.25,3.37
2016.09.01 06:30:37.104,0.98384,0.98394,2.06,1.50
2016.09.01 06:30:37.156,0.98384,0.98394,2.44,1.12
2016.09.01 06:30:37.207,0.98385,0.98395,1.12,1.50
2016.09.01 06:30:37.365,0.98386,0.98395,1.50,1.12
2016.09.01 06:30:37.417,0.98387,0.98395,1.00,1.00
2016.09.01 06:30:37.521,0.98387,0.98395,1.12,1.00
2016.09.01 06:30:37.627,0.98386,0.98395,1.50,1.00
2016.09.01 06:30:37.783,0.98386,0.98395,1.00,1.00
2016.09.01 06:30:37.834,0.98386,0.98396,1.00,1.12
2016.09.01 06:30:37.937,0.98386,0.98396,1.00,1.87
2016.09.01 06:30:37.988,0.98385,0.98396,2.25,2.62
2016.09.01 06:30:38.184,0.98385,0.98396,1.50,1.87
2016.09.01 06:30:38.338,0.98385,0.98396,1.00,3.37
2016.09.01 06:30:38.390,0.98385,0.98396,1.00,3.37
2016.09.01 06:30:38.442,0.98385,0.98396,1.50,3.00
2016.09.01 06:30:38.493,0.98385,0.98396,1.50,2.25
2016.09.01 06:30:38.595,0.98385,0.98396,2.25,2.25
2016.09.01 06:30:39.097,0.98385,0.98396,1.50,2.25
2016.09.01 06:30:39.781,0.98385,0.98396,2.25,2.25
2016.09.01 06:30:39.913,0.98385,0.98396,2.25,3.00
2016.09.01 06:30:39.965,0.98385,0.98396,1.12,3.37
2016.09.01 06:30:40.016,0.98385,0.98396,1.12,2.62
2016.09.01 06:30:40.119,0.98385,0.98396,1.87,2.62
2016.09.01 06:30:40.787,0.98385,0.98396,2.25,2.25
2016.09.01 06:30:41.115,0.98385,0.98396,1.50,2.25
2016.09.01 06:30:41.903,0.98385,0.98396,2.25,2.25
2016.09.01 06:30:42.293,0.98385,0.98396,2.25,1.87
2016.09.01 06:30:44.096,0.98386,0.98396,1.12,1.87
2016.09.01 06:30:44.199,0.98388,0.98396,1.00,1.12
2016.09.01 06:30:44.251,0.98388,0.98397,1.00,3.75
2016.09.01 06:30:44.303,0.98387,0.98397,2.81,2.25
2016.09.01 06:30:44.355,0.98387,0.98396,2.81,1.00
2016.09.01 06:30:44.407,0.98388,0.98396,1.00,1.00
2016.09.01 06:30:44.459,0.98388,0.98397,1.00,1.12
2016.09.01 06:30:44.720,0.98388,0.98398,1.00,2.62
2016.09.01 06:30:45.286,0.98387,0.98398,3.56,2.62
2016.09.01 06:30:47.976,0.98387,0.98398,3.56,1.87
2016.09.01 06:30:50.654,0.98387,0.98398,2.81,1.87
2016.09.01 06:30:50.757,0.98387,0.98398,2.62,1.87
2016.09.01 06:30:51.319,0.98387,0.98398,1.87,1.87
2016.09.01 06:30:51.422,0.98388,0.98399,1.50,2.25
2016.09.01 06:30:51.600,0.98388,0.98399,1.87,2.25
2016.09.01 06:30:51.898,0.98388,0.98399,1.12,2.25
2016.09.01 06:30:51.949,0.98388,0.98399,1.12,2.25
2016.09.01 06:30:54.574,0.98388,0.98399,1.12,1.50
2016.09.01 06:30:55.137,0.98388,0.98399,1.12,1.50
2016.09.01 06:30:55.545,0.98388,0.98399,1.12,1.50
2016.09.01 06:30:56.976,0.98388,0.98398,1.12,1.00
2016.09.01 06:30:57.027,0.98385,0.98396,2.81,1.35
2016.09.01 06:30:57.080,0.98385,0.98396,1.69,1.72
2016.09.01 06:30:57.132,0.98384,0.98395,1.50,1.72
2016.09.01 06:30:57.183,0.98384,0.98395,1.37,2.10
2016.09.01 06:30:57.234,0.98384,0.98395,1.00,2.85
2016.09.01 06:30:57.286,0.98384,0.98393,1.00,1.00
2016.09.01 06:30:57.337,0.98384,0.98395,1.00,2.62
2016.09.01 06:30:57.764,0.98384,0.98395,1.00,2.44
2016.09.01 06:30:57.816,0.98384,0.98395,1.00,2.81
2016.09.01 06:30:57.969,0.98382,0.98395,1.12,3.56
2016.09.01 06:30:58.021,0.98383,0.98395,1.00,3.56
2016.09.01 06:30:58.160,0.98383,0.98395,1.00,4.31
2016.09.01 06:30:58.473,0.98383,0.98395,1.00,3.56
2016.09.01 06:30:58.930,0.98383,0.98395,1.00,4.31
2016.09.01 06:30:59.034,0.98382,0.98395,1.87,3.19
2016.09.01 06:30:59.137,0.98383,0.98395,1.00,3.56
2016.09.01 06:30:59.403,0.98383,0.98395,1.00,3.37
2016.09.01 06:30:59.659,0.98385,0.98395,1.00,2.25
2016.09.01 06:30:59.711,0.98386,0.98395,1.00,1.50
2016.09.01 06:30:59.763,0.98387,0.98396,1.00,1.12
2016.09.01 06:30:59.817,0.98387,0.98397,1.50,3.00
2016.09.01 06:30:59.869,0.98387,0.98397,2.62,2.25
2016.09.01 06:30:59.920,0.98387,0.98397,2.62,1.12
2016.09.01 06:31:00.074,0.98387,0.98398,2.62,1.69
2016.09.01 06:31:01.961,0.98387,0.98398,1.87,1.69
2016.09.01 06:31:02.063,0.98387,0.98398,2.62,1.69
2016.09.01 06:31:02.267,0.98387,0.98398,1.87,1.50
2016.09.01 06:31:02.319,0.98387,0.98398,2.25,1.37
2016.09.01 06:31:02.370,0.98387,0.98398,3.00,1.12
2016.09.01 06:31:03.134,0.98387,0.98398,2.25,1.12
2016.09.01 06:31:03.969,0.98387,0.98398,3.00,1.12
2016.09.01 06:31:06.553,0.98387,0.98398,2.25,1.12
2016.09.01 06:31:06.747,0.98387,0.98398,3.00,1.12
2016.09.01 06:31:06.850,0.98387,0.98398,2.25,1.12
2016.09.01 06:31:07.055,0.98387,0.98398,1.50,1.12
2016.09.01 06:31:07.236,0.98387,0.98398,2.25,1.12
2016.09.01 06:31:07.964,0.98387,0.98398,1.50,1.12
2016.09.01 06:31:08.066,0.98387,0.98398,2.25,1.12
2016.09.01 06:31:11.897,0.98387,0.98398,2.25,1.12
2016.09.01 06:31:12.105,0.98387,0.98398,2.25,1.50
2016.09.01 06:31:12.824,0.98387,0.98398,2.25,1.12
2016.09.01 06:31:13.474,0.98387,0.98398,2.25,1.12
2016.09.01 06:31:13.577,0.98388,0.98398,1.12,1.12
2016.09.01 06:31:13.680,0.98387,0.98398,3.00,1.12
2016.09.01 06:31:13.838,0.98387,0.98398,2.25,1.12
2016.09.01 06:31:13.890,0.98387,0.98398,1.50,1.12
2016.09.01 06:31:14.058,0.98387,0.98398,1.50,1.87
2016.09.01 06:31:14.161,0.98387,0.98398,2.25,1.87
2016.09.01 06:31:14.212,0.98387,0.98398,2.25,2.25
2016.09.01 06:31:14.265,0.98384,0.98397,6.37,2.85
2016.09.01 06:31:14.316,0.98384,0.98397,5.25,3.22
2016.09.01 06:31:14.367,0.98384,0.98395,3.00,1.35
2016.09.01 06:31:14.470,0.98384,0.98395,1.50,1.12
2016.09.01 06:31:14.521,0.98384,0.98395,1.37,1.50
2016.09.01 06:31:14.572,0.98384,0.98395,1.12,1.50
2016.09.01 06:31:16.380,0.98384,0.98395,1.87,1.50
2016.09.01 06:31:18.324,0.98384,0.98395,1.12,1.50
2016.09.01 06:31:18.991,0.98385,0.98396,1.00,2.85
2016.09.01 06:31:19.043,0.98385,0.98396,1.50,1.87
2016.09.01 06:31:19.095,0.98385,0.98396,1.87,1.50
2016.09.01 06:31:19.147,0.98386,0.98396,1.00,1.37
2016.09.01 06:31:19.262,0.98386,0.98396,1.12,1.12
2016.09.01 06:31:19.570,0.98385,0.98396,1.50,1.12
2016.09.01 06:31:20.998,0.98385,0.98396,1.50,1.12
2016.09.01 06:31:21.050,0.98385,0.98396,1.37,1.87
2016.09.01 06:31:21.102,0.98384,0.98395,2.62,1.50
2016.09.01 06:31:21.153,0.98384,0.98395,1.12,1.37
2016.09.01 06:31:21.204,0.98384,0.98395,1.12,1.00
2016.09.01 06:31:21.255,0.98384,0.98395,1.12,1.12
2016.09.01 06:31:21.306,0.98384,0.98395,1.12,1.50
2016.09.01 06:31:23.080,0.98384,0.98395,1.87,1.50
2016.09.01 06:31:27.280,0.98385,0.98395,1.00,1.50
2016.09.01 06:31:27.382,0.98384,0.98395,1.87,1.50
2016.09.01 06:31:27.953,0.98385,0.98395,1.00,1.50
2016.09.01 06:31:28.220,0.98385,0.98395,1.00,1.50
2016.09.01 06:31:28.271,0.98385,0.98395,1.00,1.37
2016.09.01 06:31:28.322,0.98385,0.98396,1.87,1.69
2016.09.01 06:31:28.374,0.98386,0.98396,1.00,1.62
2016.09.01 06:31:28.426,0.98386,0.98396,1.12,1.31
2016.09.01 06:31:28.477,0.98386,0.98396,1.12,1.12
2016.09.01 06:31:28.529,0.98386,0.98397,1.87,1.87
2016.09.01 06:31:28.863,0.98386,0.98397,1.12,1.87
2016.09.01 06:31:29.384,0.98386,0.98397,1.87,1.87
2016.09.01 06:31:30.374,0.98386,0.98397,1.12,1.87
2016.09.01 06:31:30.702,0.98386,0.98397,1.12,1.87
2016.09.01 06:31:30.754,0.98386,0.98397,2.25,1.50
2016.09.01 06:31:30.805,0.98388,0.98398,1.12,1.12
2016.09.01 06:31:30.857,0.98388,0.98398,1.12,1.12
2016.09.01 06:31:30.978,0.98389,0.98398,1.00,1.12
2016.09.01 06:31:33.387,0.98387,0.98398,3.37,1.12
2016.09.01 06:31:37.372,0.98388,0.98398,1.12,1.12
2016.09.01 06:31:38.976,0.98387,0.98398,3.37,1.12
2016.09.01 06:31:39.986,0.98388,0.98398,1.12,1.12
2016.09.01 06:31:40.038,0.98388,0.98399,1.87,1.50
2016.09.01 06:31:41.001,0.98388,0.98399,1.87,1.50
2016.09.01 06:31:43.436,0.9839,0.98399,1.00,1.50
2016.09.01 06:31:43.539,0.9839,0.98399,1.00,1.12
2016.09.01 06:31:43.974,0.9839,0.98399,1.50,1.12
2016.09.01 06:31:44.486,0.9839,0.98399,1.00,1.12
2016.09.01 06:31:45.143,0.98393,0.98401,1.00,1.31
2016.09.01 06:31:45.198,0.98393,0.98402,1.12,2.62
2016.09.01 06:31:45.250,0.98397,0.98402,1.00,1.37
2016.09.01 06:31:45.302,0.98397,0.98404,1.00,1.50
2016.09.01 06:31:45.406,0.98397,0.98403,1.00,1.62
2016.09.01 06:31:45.458,0.98394,0.98402,1.00,1.50
2016.09.01 06:31:45.510,0.98394,0.98403,1.00,2.44
2016.09.01 06:31:45.612,0.98395,0.98402,1.00,1.50
2016.09.01 06:31:45.663,0.98393,0.98402,1.00,1.50
2016.09.01 06:31:45.818,0.98393,0.98402,1.00,1.87
2016.09.01 06:31:45.906,0.98393,0.98402,1.00,1.50
2016.09.01 06:31:45.957,0.98393,0.98402,1.00,1.50
2016.09.01 06:31:46.060,0.98393,0.98402,1.00,1.50
2016.09.01 06:31:46.112,0.98393,0.98403,1.00,2.00
2016.09.01 06:31:46.641,0.98394,0.98403,1.00,2.00
2016.09.01 06:31:46.743,0.98393,0.98403,1.00,2.06
2016.09.01 06:31:46.927,0.98393,0.98401,1.00,1.12
2016.09.01 06:31:49.722,0.98393,0.98402,1.00,1.50
2016.09.01 06:31:49.773,0.98393,0.98402,1.00,1.50
2016.09.01 06:31:49.825,0.98393,0.98404,1.87,2.25
2016.09.01 06:31:49.904,0.98393,0.98404,1.87,1.87
2016.09.01 06:31:49.956,0.98395,0.98404,1.00,1.87
2016.09.01 06:31:50.007,0.98395,0.98404,1.00,1.37
2016.09.01 06:31:50.368,0.98395,0.98404,1.00,1.37
2016.09.01 06:31:50.420,0.98395,0.98404,1.12,1.00
2016.09.01 06:31:50.473,0.98396,0.98405,1.00,1.12
2016.09.01 06:31:50.524,0.98396,0.98404,1.00,1.50
2016.09.01 06:31:51.064,0.98395,0.98404,1.00,1.50
2016.09.01 06:31:51.942,0.98395,0.98404,1.00,1.50
2016.09.01 06:31:52.044,0.98394,0.98401,1.00,1.00
2016.09.01 06:31:52.096,0.98394,0.98401,1.00,1.25
2016.09.01 06:31:52.147,0.9839,0.98399,1.37,1.12
2016.09.01 06:31:52.198,0.98389,0.98399,1.87,1.12
2016.09.01 06:31:52.249,0.98389,0.98398,1.12,1.00
2016.09.01 06:31:52.351,0.9839,0.98398,1.00,1.00
2016.09.01 06:31:52.532,0.9839,0.98399,1.00,1.50
2016.09.01 06:31:52.635,0.9839,0.98399,1.00,1.12
2016.09.01 06:31:53.559,0.9839,0.98398,1.00,1.00
2016.09.01 06:31:53.662,0.9839,0.98399,1.00,1.12
2016.09.01 06:31:55.430,0.9839,0.98399,1.50,1.12
2016.09.01 06:31:56.106,0.9839,0.98399,1.00,1.12
2016.09.01 06:31:57.078,0.98391,0.98399,1.00,1.12
2016.09.01 06:31:57.630,0.9839,0.98399,1.00,1.12
2016.09.01 06:31:57.784,0.9839,0.98399,1.00,1.12
2016.09.01 06:31:57.836,0.9839,0.98399,1.00,1.50
2016.09.01 06:31:57.888,0.9839,0.98398,1.00,1.12
2016.09.01 06:31:57.970,0.9839,0.98398,1.00,1.00
2016.09.01 06:32:00.488,0.98391,0.98398,1.00,1.00
2016.09.01 06:32:00.745,0.98389,0.98398,1.12,1.00
2016.09.01 06:32:00.796,0.98389,0.98398,1.12,1.00
2016.09.01 06:32:00.849,0.9839,0.98398,1.00,1.00
2016.09.01 06:32:00.901,0.9839,0.98398,1.00,1.00
2016.09.01 06:32:01.392,0.9839,0.98398,1.00,1.00
2016.09.01 06:32:09.429,0.9839,0.98398,1.00,1.12
2016.09.01 06:32:09.531,0.98389,0.98396,1.00,1.50
2016.09.01 06:32:09.583,0.98384,0.98394,3.00,1.12
2016.09.01 06:32:09.716,0.98384,0.98394,1.12,1.12
2016.09.01 06:32:09.767,0.98387,0.98394,1.00,1.12
2016.09.01 06:32:09.869,0.98385,0.98394,1.00,1.12
2016.09.01 06:32:09.972,0.98388,0.98394,1.00,1.00
2016.09.01 06:32:10.179,0.98386,0.98395,1.12,1.00
2016.09.01 06:32:10.282,0.98388,0.98395,1.00,1.00
2016.09.01 06:32:10.385,0.98386,0.98395,1.00,1.12
2016.09.01 06:32:19.041,0.98386,0.98395,1.00,1.50
2016.09.01 06:32:20.545,0.98386,0.98395,1.00,1.12
2016.09.01 06:32:24.957,0.98386,0.98395,1.37,1.12
2016.09.01 06:32:25.009,0.98388,0.98397,1.00,2.70
2016.09.01 06:32:25.108,0.9839,0.98398,1.00,1.87
2016.09.01 06:32:25.161,0.9839,0.98398,1.00,1.87
2016.09.01 06:32:25.213,0.9839,0.98398,1.00,1.50
2016.09.01 06:32:25.265,0.9839,0.98398,1.00,1.12
2016.09.01 06:32:25.317,0.9839,0.98398,1.00,1.12
2016.09.01 06:32:25.370,0.98388,0.98397,1.12,1.12
2016.09.01 06:32:25.423,0.98388,0.98396,1.00,1.87
2016.09.01 06:32:25.476,0.98386,0.98395,1.00,1.00
2016.09.01 06:32:25.529,0.98386,0.98395,1.00,1.50
2016.09.01 06:32:25.580,0.98386,0.98395,1.00,2.25
2016.09.01 06:32:25.835,0.98386,0.98394,1.00,1.12
2016.09.01 06:32:25.887,0.98385,0.98394,1.00,1.50
2016.09.01 06:32:26.170,0.98385,0.98394,1.00,1.87
2016.09.01 06:32:27.752,0.98385,0.98394,1.87,1.37
2016.09.01 06:32:27.804,0.98386,0.98395,1.50,1.37
2016.09.01 06:32:27.855,0.98387,0.98397,1.00,2.44
2016.09.01 06:32:27.906,0.98389,0.98397,1.00,2.06
2016.09.01 06:32:27.957,0.98389,0.98397,1.00,2.25
2016.09.01 06:32:28.009,0.98388,0.98397,1.00,1.50
2016.09.01 06:32:28.060,0.98388,0.98397,1.00,1.50
2016.09.01 06:32:28.162,0.98388,0.98397,1.00,2.25
2016.09.01 06:32:28.264,0.98386,0.98397,2.25,4.35
2016.09.01 06:32:28.315,0.98386,0.98395,1.00,2.10
2016.09.01 06:32:28.367,0.98384,0.98395,2.25,1.72
2016.09.01 06:32:28.418,0.98384,0.98394,1.12,1.12
2016.09.01 06:32:28.520,0.98384,0.98394,1.00,1.50
2016.09.01 06:32:29.001,0.98384,0.98394,1.00,1.50
2016.09.01 06:32:29.052,0.98384,0.98393,1.00,1.00
2016.09.01 06:32:29.104,0.98383,0.98393,1.12,1.00
2016.09.01 06:32:29.208,0.98382,0.98393,3.00,1.50
2016.09.01 06:32:29.312,0.98382,0.98393,3.00,1.50
2016.09.01 06:32:29.363,0.98382,0.98393,3.00,1.12
2016.09.01 06:32:29.620,0.98383,0.98394,1.12,1.50
2016.09.01 06:32:30.116,0.98382,0.98393,3.00,1.12
2016.09.01 06:32:34.331,0.98383,0.98394,1.12,1.50
2016.09.01 06:32:36.330,0.98382,0.98393,2.25,1.12
2016.09.01 06:32:39.541,0.98382,0.98394,3.00,1.50
2016.09.01 06:32:40.036,0.98382,0.98393,2.25,1.12
2016.09.01 06:32:40.087,0.98382,0.98393,2.25,1.12
2016.09.01 06:32:44.798,0.98382,0.98395,2.25,3.00
2016.09.01 06:32:45.678,0.98382,0.98394,1.50,1.50
2016.09.01 06:32:47.908,0.98385,0.98395,1.00,3.00
2016.09.01 06:32:48.683,0.98385,0.98393,1.00,1.12
2016.09.01 06:32:50.100,0.98385,0.98394,1.00,1.50
2016.09.01 06:32:50.783,0.98385,0.98392,1.00,1.12
2016.09.01 06:32:53.128,0.98383,0.98392,1.00,1.12
2016.09.01 06:32:59.736,0.98382,0.98392,1.12,1.87
2016.09.01 06:32:59.787,0.98382,0.98391,1.12,1.00
2016.09.01 06:32:59.889,0.98382,0.98391,1.00,1.50
2016.09.01 06:32:59.941,0.98381,0.98391,1.12,1.50
2016.09.01 06:33:00.098,0.9838,0.98391,1.12,1.87
2016.09.01 06:33:01.040,0.9838,0.98391,1.12,2.25
2016.09.01 06:33:01.731,0.9838,0.98391,1.12,2.25
2016.09.01 06:33:01.944,0.9838,0.98391,1.12,2.25
2016.09.01 06:33:02.298,0.9838,0.98391,1.12,2.25
2016.09.01 06:33:02.708,0.9838,0.98391,1.12,2.25
2016.09.01 06:33:04.019,0.9838,0.98391,2.25,1.37
2016.09.01 06:33:04.071,0.9838,0.98391,2.25,1.12
2016.09.01 06:33:04.937,0.9838,0.98391,2.25,1.12
2016.09.01 06:33:05.727,0.9838,0.98391,2.25,1.12
2016.09.01 06:33:06.420,0.9838,0.98391,2.25,1.12
2016.09.01 06:33:06.528,0.9838,0.98391,1.50,1.87
2016.09.01 06:33:06.630,0.98383,0.98391,1.00,1.12
2016.09.01 06:33:08.053,0.98383,0.98392,1.00,2.62
2016.09.01 06:33:08.179,0.98383,0.98392,1.00,1.87
2016.09.01 06:33:08.547,0.98383,0.98392,1.00,2.62
2016.09.01 06:33:08.700,0.98382,0.98391,1.00,1.12
2016.09.01 06:33:13.256,0.98382,0.98391,1.00,1.87
2016.09.01 06:33:13.769,0.98382,0.98391,1.00,1.12
2016.09.01 06:33:15.054,0.98382,0.98391,1.00,1.87
2016.09.01 06:33:15.157,0.98382,0.98391,1.00,1.12
2016.09.01 06:33:15.731,0.98383,0.98391,1.00,1.12
2016.09.01 06:33:18.202,0.98382,0.98391,1.00,1.12
2016.09.01 06:33:19.042,0.98382,0.98391,1.00,1.12
2016.09.01 06:33:19.658,0.98382,0.98391,1.00,1.87
2016.09.01 06:33:20.468,0.98382,0.98391,1.00,1.12
2016.09.01 06:33:21.836,0.98382,0.98391,1.00,1.12
2016.09.01 06:33:21.938,0.98382,0.98391,1.50,1.12
2016.09.01 06:33:22.040,0.98382,0.98392,1.50,1.50
2016.09.01 06:33:22.210,0.98383,0.98392,1.00,1.12
2016.09.01 06:33:22.622,0.98382,0.98392,1.87,1.12
2016.09.01 06:33:23.831,0.98386,0.98392,1.00,1.12
2016.09.01 06:33:23.934,0.98383,0.98392,1.00,1.50
2016.09.01 06:33:28.059,0.98383,0.98391,1.00,1.12
2016.09.01 06:33:29.963,0.98383,0.98392,1.00,1.50
2016.09.01 06:33:39.491,0.98383,0.98391,1.00,1.12
2016.09.01 06:33:41.779,0.98382,0.98391,1.00,1.12
2016.09.01 06:33:41.832,0.9838,0.98391,1.50,1.50
2016.09.01 06:33:41.937,0.9838,0.98391,1.50,1.12
2016.09.01 06:33:42.040,0.98382,0.98391,1.00,1.12
2016.09.01 06:33:42.295,0.98382,0.98391,1.00,1.87
2016.09.01 06:33:42.568,0.9838,0.98391,1.50,1.87
2016.09.01 06:33:42.690,0.9838,0.9839,1.37,1.00
2016.09.01 06:33:42.741,0.9838,0.9839,1.37,1.12
2016.09.01 06:33:42.793,0.9838,0.9839,1.12,1.50
2016.09.01 06:33:43.170,0.9838,0.9839,1.12,1.50
2016.09.01 06:33:43.862,0.9838,0.9839,1.12,1.50
2016.09.01 06:33:44.561,0.98382,0.9839,1.00,1.12
2016.09.01 06:33:44.663,0.98382,0.9839,1.00,1.12
2016.09.01 06:33:45.082,0.98382,0.9839,1.00,1.12
2016.09.01 06:33:46.255,0.98382,0.9839,1.00,1.12
2016.09.01 06:33:46.769,0.98382,0.9839,1.00,1.12
2016.09.01 06:33:47.457,0.98382,0.9839,1.00,1.12
2016.09.01 06:33:49.078,0.98381,0.9839,1.00,1.12
2016.09.01 06:33:49.626,0.98382,0.9839,1.00,1.12
2016.09.01 06:33:50.130,0.98381,0.9839,1.00,1.12
2016.09.01 06:33:51.193,0.98381,0.9839,1.00,1.87
2016.09.01 06:33:51.246,0.98382,0.9839,1.00,2.62
2016.09.01 06:33:51.384,0.98382,0.9839,1.00,1.50
2016.09.01 06:33:51.436,0.98382,0.9839,1.00,1.00
2016.09.01 06:33:51.487,0.98382,0.98391,1.00,1.87
2016.09.01 06:33:51.538,0.98383,0.98391,1.00,1.12
2016.09.01 06:33:51.590,0.98383,0.98392,1.00,2.62
2016.09.01 06:33:52.959,0.98383,0.98392,1.00,2.25
2016.09.01 06:33:53.164,0.98385,0.98392,1.00,2.25
2016.09.01 06:33:53.217,0.98385,0.98392,1.00,1.50
2016.09.01 06:33:53.269,0.98385,0.98392,1.00,1.00
2016.09.01 06:33:53.351,0.98385,0.98392,1.12,1.00
2016.09.01 06:33:53.410,0.98386,0.98394,1.50,1.00
2016.09.01 06:33:53.461,0.9839,0.98396,1.00,1.50
2016.09.01 06:33:53.513,0.9839,0.98396,1.00,1.00
2016.09.01 06:33:53.671,0.98388,0.98396,1.50,1.50
2016.09.01 06:33:53.722,0.98388,0.98396,1.50,1.50
2016.09.01 06:33:53.775,0.98387,0.98396,1.50,2.66
2016.09.01 06:33:53.850,0.98387,0.98395,1.12,1.00
2016.09.01 06:33:53.963,0.98385,0.98395,1.50,1.12
2016.09.01 06:33:54.015,0.98385,0.98394,1.00,1.12
2016.09.01 06:33:56.177,0.98386,0.98394,1.00,1.12
2016.09.01 06:33:56.228,0.98386,0.98395,1.00,2.25
2016.09.01 06:33:56.279,0.98387,0.98396,4.72,1.37
2016.09.01 06:33:56.331,0.98387,0.98397,5.47,1.50
2016.09.01 06:33:56.382,0.9839,0.98398,1.00,1.87
2016.09.01 06:33:56.434,0.9839,0.98398,1.00,1.50
2016.09.01 06:33:56.486,0.98389,0.98398,1.12,1.50
2016.09.01 06:33:56.639,0.98389,0.98398,1.12,1.00
2016.09.01 06:33:56.817,0.98389,0.98399,1.00,3.41
2016.09.01 06:33:57.280,0.98387,0.98397,2.25,1.50
2016.09.01 06:33:57.382,0.98387,0.98397,1.50,1.00
2016.09.01 06:33:57.434,0.98387,0.98397,2.25,1.50
2016.09.01 06:33:58.508,0.98387,0.98397,2.25,1.50
2016.09.01 06:33:58.559,0.9839,0.98397,1.00,1.00
2016.09.01 06:33:58.738,0.9839,0.98397,1.00,1.50
2016.09.01 06:33:59.254,0.98391,0.98397,1.00,1.50
2016.09.01 06:33:59.614,0.98391,0.98397,1.00,1.00
2016.09.01 06:33:59.759,0.98391,0.98398,1.00,2.62
2016.09.01 06:34:09.543,0.98391,0.98398,1.00,1.87
2016.09.01 06:34:10.438,0.98391,0.98398,1.00,1.50
2016.09.01 06:34:13.094,0.98391,0.98399,1.00,1.87
2016.09.01 06:34:13.640,0.98392,0.98399,1.00,1.87
2016.09.01 06:34:14.201,0.98392,0.98399,1.00,1.12
2016.09.01 06:34:14.303,0.98392,0.984,1.00,3.00
2016.09.01 06:34:14.561,0.9839,0.98398,1.00,1.00
2016.09.01 06:34:14.613,0.9839,0.98398,1.00,1.50
2016.09.01 06:34:14.665,0.98388,0.98394,1.12,1.00
2016.09.01 06:34:14.716,0.98386,0.98394,2.62,1.00
2016.09.01 06:34:14.841,0.98385,0.98395,1.50,1.87
2016.09.01 06:34:14.892,0.98386,0.98395,1.00,2.47
2016.09.01 06:34:14.943,0.98386,0.98395,1.00,2.10
2016.09.01 06:34:15.251,0.98386,0.98395,1.00,1.75
2016.09.01 06:34:15.353,0.98386,0.98396,1.00,1.87
2016.09.01 06:34:15.405,0.98387,0.98396,1.00,2.25
2016.09.01 06:34:15.456,0.98387,0.98396,1.12,2.25
2016.09.01 06:34:15.558,0.98387,0.98396,1.12,1.50
2016.09.01 06:34:15.610,0.98387,0.98396,1.00,1.87
2016.09.01 06:34:15.892,0.98387,0.98397,1.00,3.00
2016.09.01 06:34:17.359,0.98388,0.98397,1.00,3.00
2016.09.01 06:34:18.114,0.98388,0.98397,1.00,2.62
2016.09.01 06:34:18.165,0.98389,0.98397,2.10,1.50
2016.09.01 06:34:18.217,0.98392,0.98397,1.00,1.12
2016.09.01 06:34:18.268,0.98392,0.984,3.00,3.00
2016.09.01 06:34:18.320,0.98394,0.98401,1.00,1.12
2016.09.01 06:34:18.371,0.98394,0.98402,2.25,1.12
2016.09.01 06:34:18.422,0.98394,0.98402,3.00,1.00
2016.09.01 06:34:18.527,0.98396,0.98403,1.00,1.00
2016.09.01 06:34:18.579,0.98396,0.98404,1.00,1.12
2016.09.01 06:34:18.786,0.98395,0.98404,1.35,1.12
2016.09.01 06:34:18.893,0.98395,0.98404,1.00,1.12
2016.09.01 06:34:18.987,0.98395,0.98404,1.00,2.62
2016.09.01 06:34:19.040,0.98395,0.98404,1.00,2.62
2016.09.01 06:34:19.143,0.98395,0.98404,1.00,3.00
2016.09.01 06:34:19.195,0.98395,0.98404,1.00,2.25
2016.09.01 06:34:19.297,0.98395,0.98404,1.00,3.00
2016.09.01 06:34:19.450,0.98395,0.98404,1.00,3.00
2016.09.01 06:34:19.501,0.98395,0.98404,1.00,2.25
2016.09.01 06:34:20.208,0.98395,0.98404,1.00,1.50
2016.09.01 06:34:20.701,0.98395,0.98403,1.00,1.12
2016.09.01 06:34:20.963,0.98395,0.98404,1.00,1.50
2016.09.01 06:34:21.946,0.98395,0.98404,1.00,2.25
2016.09.01 06:34:21.997,0.98395,0.98404,1.00,3.75
2016.09.01 06:34:22.218,0.98395,0.98404,1.00,3.00
2016.09.01 06:34:22.372,0.98395,0.98404,1.00,3.75
2016.09.01 06:34:22.799,0.98395,0.98404,1.00,3.00
2016.09.01 06:34:23.247,0.98395,0.98404,1.00,3.00
2016.09.01 06:34:23.504,0.98394,0.98404,1.00,2.25
2016.09.01 06:34:23.555,0.98394,0.98404,1.00,2.62
2016.09.01 06:34:23.606,0.98394,0.98404,1.00,3.37
2016.09.01 06:34:23.759,0.98394,0.98404,1.00,3.00
2016.09.01 06:34:24.143,0.98394,0.98404,1.00,3.75
2016.09.01 06:34:24.298,0.98394,0.98404,1.00,3.00
2016.09.01 06:34:24.566,0.98393,0.98404,1.12,3.00
2016.09.01 06:34:24.668,0.98393,0.98402,1.12,1.00
2016.09.01 06:34:26.082,0.98394,0.98402,1.00,1.00
2016.09.01 06:34:30.182,0.98393,0.98402,1.12,1.00
2016.09.01 06:34:30.233,0.98393,0.98402,1.00,1.12
2016.09.01 06:34:48.742,0.98393,0.98402,2.25,1.12
2016.09.01 06:34:49.077,0.98393,0.98402,3.00,1.12
2016.09.01 06:34:51.446,0.98393,0.98403,2.25,2.62
2016.09.01 06:34:53.806,0.98393,0.98403,2.25,1.50
2016.09.01 06:34:53.942,0.98393,0.98403,3.00,1.50
2016.09.01 06:34:53.994,0.98395,0.98403,1.00,1.50
2016.09.01 06:34:54.045,0.98395,0.98402,1.00,1.12
2016.09.01 06:34:57.794,0.98394,0.98402,1.50,1.12
2016.09.01 06:34:57.845,0.98393,0.98402,2.25,1.12
2016.09.01 06:34:58.526,0.98395,0.98402,1.00,1.12
2016.09.01 06:34:58.650,0.98395,0.98403,1.00,1.50
2016.09.01 06:34:58.850,0.98395,0.98402,1.00,1.12
2016.09.01 06:34:58.902,0.98393,0.98402,2.25,1.12
2016.09.01 06:34:59.121,0.98393,0.98402,1.00,1.12
2016.09.01 06:35:00.936,0.98394,0.98402,1.00,1.12
2016.09.01 06:35:01.942,0.98394,0.98403,1.00,1.50
2016.09.01 06:35:02.234,0.98394,0.98402,1.00,1.12
2016.09.01 06:35:05.326,0.98393,0.98402,1.00,1.12
2016.09.01 06:35:11.613,0.98393,0.98402,1.50,1.12
2016.09.01 06:35:11.715,0.98395,0.98402,1.00,1.12
2016.09.01 06:35:11.817,0.984,0.98406,1.00,3.00
2016.09.01 06:35:11.869,0.984,0.98406,1.00,1.75
2016.09.01 06:35:11.920,0.98401,0.98406,1.00,1.00
2016.09.01 06:35:11.972,0.98401,0.98407,1.00,1.50
2016.09.01 06:35:12.074,0.98401,0.98408,1.00,1.12
2016.09.01 06:35:12.329,0.98401,0.98408,1.00,1.12
2016.09.01 06:35:13.282,0.98401,0.98409,1.00,1.50
2016.09.01 06:35:15.381,0.98401,0.98407,1.00,1.00
2016.09.01 06:35:15.432,0.98399,0.98407,1.00,1.50
2016.09.01 06:35:27.445,0.98399,0.98407,1.00,1.42
2016.09.01 06:35:30.365,0.98399,0.98407,1.00,1.80
2016.09.01 06:35:33.455,0.98398,0.98407,1.00,1.80
2016.09.01 06:35:33.508,0.98398,0.98406,1.00,1.00
2016.09.01 06:35:33.564,0.98398,0.98406,1.00,1.12
2016.09.01 06:35:33.662,0.98399,0.98406,1.00,1.00
2016.09.01 06:35:33.713,0.98399,0.98406,1.00,1.00
2016.09.01 06:35:33.764,0.98399,0.98406,1.00,1.12
2016.09.01 06:35:36.489,0.98398,0.98406,1.00,1.12
2016.09.01 06:35:38.170,0.98398,0.98406,1.00,1.12
2016.09.01 06:35:38.273,0.98398,0.98406,1.00,1.75
2016.09.01 06:35:38.905,0.98398,0.98406,1.00,1.75
2016.09.01 06:35:38.957,0.98398,0.98406,1.00,1.50
2016.09.01 06:35:39.008,0.98398,0.98406,1.00,1.12
2016.09.01 06:35:47.044,0.98399,0.98406,1.00,1.12
2016.09.01 06:35:50.281,0.98399,0.98406,1.00,1.37
2016.09.01 06:35:51.513,0.98399,0.98407,1.00,2.25
2016.09.01 06:35:51.718,0.98398,0.98405,1.00,1.12
2016.09.01 06:35:51.769,0.98397,0.98405,1.00,1.37
2016.09.01 06:35:51.820,0.98397,0.98405,1.00,1.50
2016.09.01 06:35:59.208,0.98397,0.98405,1.00,1.75
2016.09.01 06:35:59.259,0.98395,0.98405,1.50,1.75
2016.09.01 06:35:59.493,0.98395,0.98405,1.00,1.75
2016.09.01 06:36:00.494,0.98395,0.98405,1.00,1.75
2016.09.01 06:36:00.545,0.98395,0.98406,2.85,2.44
2016.09.01 06:36:00.596,0.98398,0.98406,1.00,1.87
2016.09.01 06:36:00.712,0.98398,0.98407,1.00,3.75
2016.09.01 06:36:00.764,0.98398,0.98407,1.00,3.00
2016.09.01 06:36:00.823,0.98398,0.98407,1.00,2.62
2016.09.01 06:36:01.234,0.98399,0.98407,1.00,1.87
2016.09.01 06:36:01.388,0.98399,0.98407,1.00,1.37
2016.09.01 06:36:01.756,0.98401,0.98408,1.00,1.87
2016.09.01 06:36:02.212,0.98401,0.98408,1.00,1.37
2016.09.01 06:36:02.345,0.98401,0.98408,1.00,1.00
2016.09.01 06:36:05.578,0.98402,0.98408,1.00,1.00
2016.09.01 06:36:05.861,0.984,0.98408,1.00,1.00
2016.09.01 06:36:07.268,0.984,0.98407,1.00,1.00
2016.09.01 06:36:07.319,0.984,0.98407,1.00,1.50
2016.09.01 06:36:07.956,0.98399,0.98407,1.50,1.00
2016.09.01 06:36:08.110,0.984,0.9841,1.50,3.37
2016.09.01 06:36:08.161,0.98402,0.9841,1.00,3.00
2016.09.01 06:36:08.651,0.98402,0.9841,1.00,2.25
2016.09.01 06:36:09.184,0.98402,0.9841,1.00,1.50
2016.09.01 06:36:09.288,0.98402,0.98411,1.00,3.19
2016.09.01 06:36:09.385,0.98402,0.98411,1.00,3.00
2016.09.01 06:36:09.438,0.98402,0.98411,1.00,3.00
2016.09.01 06:36:10.384,0.98402,0.98411,1.00,2.25
2016.09.01 06:36:10.733,0.98402,0.98411,1.00,3.00
2016.09.01 06:36:10.784,0.98402,0.98411,1.00,2.25
2016.09.01 06:36:11.125,0.98402,0.98411,1.00,2.25
2016.09.01 06:36:11.227,0.98402,0.98411,1.00,3.37
2016.09.01 06:36:11.278,0.98402,0.9841,1.00,1.50
2016.09.01 06:36:11.532,0.98402,0.9841,1.00,2.25
2016.09.01 06:36:11.583,0.98402,0.9841,1.00,3.00
2016.09.01 06:36:13.847,0.98402,0.9841,1.00,3.37
2016.09.01 06:36:13.899,0.98402,0.9841,1.00,2.62
2016.09.01 06:36:13.977,0.98402,0.9841,1.00,2.25
2016.09.01 06:36:14.133,0.98402,0.9841,1.00,3.00
2016.09.01 06:36:14.185,0.98402,0.98408,1.00,1.00
2016.09.01 06:36:14.236,0.98402,0.98408,1.00,1.50
2016.09.01 06:36:14.492,0.98402,0.9841,1.00,2.62
2016.09.01 06:36:14.627,0.98402,0.9841,1.00,2.62
2016.09.01 06:36:16.468,0.98401,0.9841,1.00,2.62
2016.09.01 06:36:20.231,0.98401,0.9841,1.00,1.87
2016.09.01 06:36:21.095,0.98401,0.9841,1.00,2.62
2016.09.01 06:36:21.146,0.98401,0.9841,1.00,3.37
2016.09.01 06:36:21.694,0.98401,0.9841,1.00,2.62
2016.09.01 06:36:27.434,0.98401,0.9841,1.37,2.62
2016.09.01 06:36:28.122,0.98402,0.9841,1.12,2.62
2016.09.01 06:36:28.225,0.98402,0.9841,1.00,2.62
2016.09.01 06:36:28.386,0.98402,0.9841,1.00,1.87
2016.09.01 06:36:30.667,0.98402,0.9841,1.00,1.12
2016.09.01 06:36:31.939,0.98402,0.9841,1.00,1.87
2016.09.01 06:36:32.669,0.98402,0.9841,1.12,1.50
2016.09.01 06:36:32.829,0.98402,0.9841,1.87,1.50
2016.09.01 06:36:32.984,0.98405,0.9841,1.00,1.50
2016.09.01 06:36:33.453,0.98405,0.9841,1.00,1.00
2016.09.01 06:36:33.504,0.98405,0.98411,1.00,1.50
2016.09.01 06:36:33.885,0.98402,0.98411,1.12,1.50
2016.09.01 06:36:33.937,0.98402,0.98411,1.12,2.25
2016.09.01 06:36:33.988,0.98402,0.98411,1.00,2.62
2016.09.01 06:36:34.247,0.98402,0.98411,1.00,1.87
2016.09.01 06:36:34.350,0.98402,0.98411,1.00,1.12
2016.09.01 06:36:34.401,0.98402,0.98411,1.00,1.87
2016.09.01 06:36:34.542,0.98402,0.98411,1.00,2.62
2016.09.01 06:36:34.594,0.98402,0.98411,1.00,1.87
2016.09.01 06:36:34.646,0.98402,0.98411,1.50,1.12
2016.09.01 06:36:34.750,0.98402,0.98411,1.00,1.12
2016.09.01 06:36:35.761,0.98402,0.98411,1.00,1.87
2016.09.01 06:36:35.812,0.98402,0.98411,1.00,2.62
2016.09.01 06:36:36.436,0.98402,0.98411,1.00,3.37
2016.09.01 06:36:37.266,0.98402,0.98411,1.00,3.37
2016.09.01 06:36:38.865,0.98402,0.98411,1.00,4.12
2016.09.01 06:36:42.827,0.98402,0.9841,1.00,1.00
2016.09.01 06:36:42.930,0.98402,0.9841,1.00,1.50
2016.09.01 06:36:43.084,0.98402,0.9841,1.00,1.50
2016.09.01 06:36:43.982,0.98402,0.9841,1.00,2.25
2016.09.01 06:36:47.930,0.98402,0.9841,1.00,1.50
2016.09.01 06:36:47.981,0.98402,0.9841,1.00,1.00
2016.09.01 06:36:48.084,0.98402,0.9841,1.00,1.50
2016.09.01 06:36:48.410,0.98402,0.9841,1.00,2.25
2016.09.01 06:36:50.336,0.98402,0.9841,1.00,1.50
2016.09.01 06:36:51.334,0.98403,0.9841,1.00,1.50
2016.09.01 06:36:51.643,0.98402,0.9841,1.00,3.00
2016.09.01 06:36:52.345,0.98402,0.9841,1.00,2.25
2016.09.01 06:36:52.933,0.98402,0.9841,1.00,3.00
2016.09.01 06:36:53.343,0.98401,0.98409,1.00,1.12
2016.09.01 06:36:54.769,0.98401,0.98409,1.00,1.87
2016.09.01 06:36:54.820,0.98399,0.98409,1.12,1.87
2016.09.01 06:36:54.931,0.98399,0.98408,1.12,1.00
2016.09.01 06:36:55.240,0.98398,0.98407,1.50,1.00
2016.09.01 06:36:55.292,0.98397,0.98407,1.75,1.00
2016.09.01 06:36:55.344,0.98397,0.98407,1.50,1.00
2016.09.01 06:36:55.396,0.98397,0.98407,1.50,1.00
2016.09.01 06:36:55.448,0.98399,0.98406,1.00,1.00
2016.09.01 06:36:57.252,0.98399,0.98407,1.00,1.50
2016.09.01 06:36:58.574,0.98399,0.98406,1.00,1.00
2016.09.01 06:36:59.271,0.98399,0.98407,1.00,1.50
2016.09.01 06:37:01.931,0.98396,0.98405,2.62,1.87
2016.09.01 06:37:01.983,0.98396,0.98405,1.12,1.50
2016.09.01 06:37:02.038,0.98397,0.98405,1.00,2.25
2016.09.01 06:37:02.090,0.98397,0.98405,1.00,2.62
2016.09.01 06:37:02.143,0.98396,0.98405,1.00,3.00
2016.09.01 06:37:02.194,0.98396,0.98405,1.00,3.75
2016.09.01 06:37:02.246,0.98396,0.98405,1.00,2.62
2016.09.01 06:37:02.298,0.98396,0.98404,1.00,1.00
2016.09.01 06:37:02.350,0.98396,0.98404,1.00,1.12
2016.09.01 06:37:02.402,0.98396,0.98405,1.00,3.75
2016.09.01 06:37:02.669,0.98396,0.98405,1.00,2.62
2016.09.01 06:37:03.137,0.98396,0.98405,1.00,1.87
2016.09.01 06:37:03.189,0.98396,0.98405,1.00,1.12
2016.09.01 06:37:03.292,0.98396,0.98406,1.00,1.87
2016.09.01 06:37:03.343,0.98396,0.98406,1.12,2.62
2016.09.01 06:37:03.504,0.98399,0.98406,1.00,2.62
2016.09.01 06:37:03.557,0.98399,0.98406,1.00,1.87
2016.09.01 06:37:03.608,0.98399,0.98406,1.00,1.87
2016.09.01 06:37:03.915,0.98399,0.98406,1.00,1.12
2016.09.01 06:37:04.018,0.98399,0.98406,1.00,1.87
2016.09.01 06:37:04.403,0.98399,0.98406,1.00,1.12
2016.09.01 06:37:04.505,0.98399,0.98406,1.00,1.87
2016.09.01 06:37:06.690,0.98399,0.98406,1.00,1.12
2016.09.01 06:37:13.237,0.98399,0.98407,1.00,3.00
2016.09.01 06:37:13.639,0.98399,0.98406,1.00,1.12
2016.09.01 06:37:14.222,0.98398,0.98406,1.00,1.12
2016.09.01 06:37:21.964,0.98398,0.98406,1.00,1.87
2016.09.01 06:37:22.372,0.98398,0.98406,1.00,1.12
2016.09.01 06:37:24.266,0.98398,0.98406,1.00,1.12
2016.09.01 06:37:24.420,0.98398,0.98406,1.00,2.62
2016.09.01 06:37:24.473,0.98396,0.98406,1.00,3.97
2016.09.01 06:37:24.525,0.98395,0.98406,1.12,4.35
2016.09.01 06:37:24.578,0.98395,0.98405,1.00,1.50
2016.09.01 06:37:24.629,0.98395,0.98405,1.00,1.75
2016.09.01 06:37:24.680,0.98395,0.98406,1.00,4.91
2016.09.01 06:37:24.732,0.98395,0.98406,1.00,4.31
2016.09.01 06:37:24.909,0.98395,0.98406,1.87,1.75
2016.09.01 06:37:24.961,0.98398,0.98406,1.00,1.50
2016.09.01 06:37:25.012,0.98398,0.98406,1.00,1.12
2016.09.01 06:37:25.064,0.98398,0.98406,1.00,1.00
2016.09.01 06:37:25.580,0.98399,0.98406,1.00,1.00
2016.09.01 06:37:37.536,0.98399,0.98407,1.00,1.87
2016.09.01 06:37:37.969,0.98398,0.98406,1.00,1.00
2016.09.01 06:37:38.072,0.98398,0.98407,1.00,1.87
2016.09.01 06:37:38.576,0.98398,0.98406,1.00,1.00
2016.09.01 06:37:42.236,0.98398,0.98406,1.00,1.12
2016.09.01 06:37:42.288,0.98396,0.98405,1.00,1.35
2016.09.01 06:37:42.340,0.98395,0.98405,1.00,2.47
2016.09.01 06:37:42.391,0.98395,0.98405,1.00,3.22
2016.09.01 06:37:42.471,0.98395,0.98405,1.00,3.60
2016.09.01 06:37:42.574,0.98395,0.98405,1.00,3.75
2016.09.01 06:37:42.626,0.98395,0.98405,1.00,3.00
2016.09.01 06:37:42.990,0.98395,0.98405,1.50,3.00
2016.09.01 06:37:43.042,0.98397,0.98405,1.00,1.87
2016.09.01 06:37:43.144,0.98398,0.98405,1.00,1.50
2016.09.01 06:37:43.684,0.98398,0.98406,1.00,1.50
2016.09.01 06:37:44.236,0.98397,0.98406,1.00,1.50
2016.09.01 06:37:44.854,0.98397,0.98406,1.00,1.00
2016.09.01 06:37:45.364,0.98397,0.98406,1.00,1.50
2016.09.01 06:37:45.963,0.98398,0.98406,1.00,1.50
2016.09.01 06:37:46.962,0.98398,0.98406,1.00,1.00
2016.09.01 06:37:47.066,0.98398,0.98406,1.00,1.50
2016.09.01 06:37:48.157,0.98398,0.98406,1.00,1.00
2016.09.01 06:37:48.260,0.98398,0.98406,1.00,1.50
2016.09.01 06:37:49.238,0.98398,0.98406,1.50,1.50
2016.09.01 06:37:49.290,0.98399,0.98406,1.00,1.50
2016.09.01 06:37:49.341,0.98399,0.98406,1.50,1.50
2016.09.01 06:37:49.393,0.98401,0.98406,1.00,1.50
2016.09.01 06:37:49.546,0.98399,0.98406,1.50,1.50
2016.09.01 06:37:49.728,0.98399,0.98406,1.00,1.50
2016.09.01 06:37:49.984,0.98399,0.98406,1.00,1.00
2016.09.01 06:37:50.291,0.98399,0.98407,1.00,1.50
2016.09.01 06:37:54.253,0.98397,0.98407,1.37,1.87
2016.09.01 06:37:54.304,0.98397,0.98406,1.00,1.12
2016.09.01 06:37:54.407,0.98397,0.98405,1.00,1.00
2016.09.01 06:37:54.509,0.98397,0.98406,1.00,1.12
2016.09.01 06:37:55.063,0.98397,0.98406,1.00,1.12
2016.09.01 06:37:55.114,0.98397,0.98407,1.00,3.00
2016.09.01 06:37:55.165,0.98399,0.98407,1.00,3.00
2016.09.01 06:37:56.251,0.98399,0.98407,1.00,3.37
2016.09.01 06:37:56.353,0.98399,0.98407,1.00,3.00
2016.09.01 06:37:57.138,0.98399,0.98407,1.00,3.75
2016.09.01 06:37:57.242,0.98398,0.98406,1.00,1.12
2016.09.01 06:37:57.447,0.98399,0.98407,1.00,3.75
2016.09.01 06:37:58.071,0.98399,0.98407,1.00,4.12
2016.09.01 06:37:59.239,0.98399,0.98407,1.00,3.37
2016.09.01 06:37:59.599,0.984,0.98407,1.00,3.00
2016.09.01 06:37:59.651,0.984,0.98407,1.00,2.25
2016.09.01 06:37:59.857,0.984,0.98407,1.00,3.00
2016.09.01 06:38:00.414,0.984,0.98407,1.00,2.25
2016.09.01 06:38:00.466,0.984,0.98407,1.00,1.50
2016.09.01 06:38:00.620,0.984,0.98407,1.00,2.25
2016.09.01 06:38:00.673,0.984,0.98407,1.00,1.87
2016.09.01 06:38:00.724,0.984,0.98407,1.00,1.50
2016.09.01 06:38:04.308,0.984,0.98407,1.00,1.00
2016.09.01 06:38:04.359,0.984,0.98407,1.00,1.50
2016.09.01 06:38:07.680,0.984,0.98407,1.00,1.00
2016.09.01 06:38:08.036,0.984,0.98407,1.00,1.50
2016.09.01 06:38:10.402,0.98401,0.98407,1.00,1.50
2016.09.01 06:38:10.507,0.98399,0.98407,1.00,1.50
2016.09.01 06:38:11.176,0.98399,0.98407,1.00,1.00
2016.09.01 06:38:11.584,0.984,0.98408,1.00,2.62
2016.09.01 06:38:13.841,0.984,0.98408,1.00,1.87
2016.09.01 06:38:14.464,0.984,0.98408,1.00,1.12
2016.09.01 06:38:14.515,0.984,0.9841,1.00,3.00
2016.09.01 06:38:14.567,0.98402,0.9841,1.00,3.00
2016.09.01 06:38:14.670,0.98402,0.9841,1.00,2.62
2016.09.01 06:38:14.824,0.98402,0.9841,1.00,1.87
2016.09.01 06:38:15.608,0.98402,0.9841,1.00,1.12
2016.09.01 06:38:15.761,0.98402,0.98411,1.00,3.00
2016.09.01 06:38:15.950,0.98402,0.98411,1.00,2.25
2016.09.01 06:38:17.291,0.98401,0.98411,1.00,2.25
2016.09.01 06:38:17.347,0.98401,0.9841,1.00,1.12
2016.09.01 06:38:17.554,0.98401,0.9841,1.00,1.87
2016.09.01 06:38:17.657,0.98401,0.9841,1.00,1.87
2016.09.01 06:38:20.942,0.98401,0.9841,1.00,1.87
2016.09.01 06:38:22.536,0.98401,0.9841,1.00,1.12
2016.09.01 06:38:24.636,0.98401,0.9841,1.00,1.12
2016.09.01 06:38:25.137,0.98401,0.9841,1.00,1.12
2016.09.01 06:38:26.241,0.98401,0.9841,1.00,1.87
2016.09.01 06:38:26.445,0.98401,0.9841,1.00,1.12
2016.09.01 06:38:27.284,0.98401,0.9841,1.00,1.87
2016.09.01 06:38:28.488,0.98401,0.9841,1.00,1.12
2016.09.01 06:38:28.875,0.98401,0.9841,1.00,1.87
2016.09.01 06:38:29.085,0.984,0.9841,1.12,1.12
2016.09.01 06:38:29.136,0.984,0.9841,1.12,1.72
2016.09.01 06:38:29.188,0.984,0.98409,1.12,1.00
2016.09.01 06:38:29.239,0.984,0.98409,1.12,1.50
2016.09.01 06:38:29.290,0.98399,0.98409,1.50,1.50
2016.09.01 06:38:29.342,0.98399,0.98409,1.37,1.50
2016.09.01 06:38:29.393,0.98399,0.98409,1.12,2.62
2016.09.01 06:38:31.271,0.98399,0.98408,1.12,1.00
2016.09.01 06:38:32.570,0.98399,0.98408,1.12,1.50
2016.09.01 06:38:32.669,0.98399,0.98408,1.12,1.00
2016.09.01 06:38:32.721,0.98399,0.98408,1.12,1.50
2016.09.01 06:38:35.599,0.984,0.98408,1.00,1.50
2016.09.01 06:38:36.458,0.984,0.98408,1.00,2.25
2016.09.01 06:38:36.557,0.984,0.98407,1.00,1.50
2016.09.01 06:38:36.609,0.98398,0.98406,1.00,1.00
2016.09.01 06:38:38.373,0.98398,0.98407,1.00,4.12
2016.09.01 06:38:38.578,0.98398,0.98406,1.00,1.00
2016.09.01 06:38:39.648,0.98398,0.98406,1.00,1.00
2016.09.01 06:38:40.210,0.98398,0.98407,1.00,3.37
2016.09.01 06:38:47.208,0.98398,0.98406,1.00,1.00
2016.09.01 06:38:47.901,0.98396,0.98405,1.87,1.00
2016.09.01 06:38:47.953,0.98396,0.98405,1.50,1.00
2016.09.01 06:38:48.106,0.98396,0.98405,1.50,1.00
2016.09.01 06:38:48.159,0.98396,0.98405,1.12,1.00
2016.09.01 06:38:48.211,0.98396,0.98405,1.12,1.00
2016.09.01 06:38:48.314,0.98395,0.98405,3.00,1.12
2016.09.01 06:38:48.417,0.98395,0.98405,2.62,1.12
2016.09.01 06:38:48.622,0.98396,0.98405,1.00,1.12
2016.09.01 06:38:48.928,0.98396,0.98406,1.00,3.22
2016.09.01 06:38:49.018,0.98396,0.98406,1.00,2.62
2016.09.01 06:38:49.096,0.98398,0.98407,1.00,2.62
2016.09.01 06:38:49.147,0.984,0.98407,1.00,1.87
2016.09.01 06:38:49.660,0.98399,0.98407,1.00,1.87
2016.09.01 06:38:56.424,0.98398,0.98407,1.00,1.87
2016.09.01 06:38:56.971,0.98399,0.98407,1.00,1.87
2016.09.01 06:38:57.074,0.98399,0.98407,1.00,1.12
2016.09.01 06:38:57.125,0.98398,0.98407,1.00,2.62
2016.09.01 06:38:58.685,0.98398,0.98407,1.00,3.37
2016.09.01 06:39:01.645,0.98398,0.98406,1.00,1.00
2016.09.01 06:39:03.150,0.98398,0.98407,1.00,3.37
2016.09.01 06:39:03.632,0.984,0.98407,1.00,1.87
2016.09.01 06:39:03.735,0.984,0.98409,1.00,1.12
2016.09.01 06:39:03.787,0.984,0.9841,1.00,6.37
2016.09.01 06:39:03.862,0.984,0.9841,1.00,4.12
2016.09.01 06:39:03.914,0.98403,0.9841,1.00,4.12
2016.09.01 06:39:03.965,0.98403,0.9841,1.00,2.25
2016.09.01 06:39:04.081,0.98402,0.9841,1.00,3.00
2016.09.01 06:39:05.369,0.98402,0.9841,1.00,1.50
2016.09.01 06:39:10.032,0.98402,0.9841,1.00,1.00
2016.09.01 06:39:11.523,0.98402,0.9841,1.00,1.50
2016.09.01 06:39:11.625,0.98402,0.9841,1.00,1.00
2016.09.01 06:39:13.732,0.98402,0.9841,1.00,1.50
2016.09.01 06:39:14.942,0.98403,0.9841,1.00,1.00
2016.09.01 06:39:14.994,0.98403,0.98411,1.00,2.62
2016.09.01 06:39:15.265,0.98404,0.98411,1.00,1.87
2016.09.01 06:39:15.368,0.98404,0.98411,1.00,2.62
2016.09.01 06:39:15.419,0.98404,0.98411,1.00,3.60
2016.09.01 06:39:16.739,0.98402,0.98411,1.00,3.60
2016.09.01 06:39:18.147,0.98402,0.98411,1.00,4.35
2016.09.01 06:39:18.951,0.98402,0.98411,1.00,3.60
2016.09.01 06:39:20.870,0.98402,0.98411,1.00,3.60
2016.09.01 06:39:20.973,0.98402,0.98411,1.00,2.85
2016.09.01 06:39:21.075,0.98402,0.98411,1.00,3.60
2016.09.01 06:39:21.248,0.98402,0.98411,1.00,3.75
2016.09.01 06:39:21.350,0.98402,0.9841,1.00,1.12
2016.09.01 06:39:21.453,0.98402,0.98411,1.00,3.75
2016.09.01 06:39:22.412,0.98402,0.98411,1.00,4.35
2016.09.01 06:39:22.464,0.98402,0.98411,1.00,3.00
2016.09.01 06:39:22.618,0.98402,0.98411,1.00,3.00
2016.09.01 06:39:23.056,0.98402,0.98411,1.00,4.35
2016.09.01 06:39:23.159,0.98402,0.9841,1.00,1.12
2016.09.01 06:39:24.751,0.98402,0.98411,1.00,1.50
2016.09.01 06:39:24.802,0.98404,0.98411,1.00,1.37
2016.09.01 06:39:24.854,0.98404,0.98413,1.50,3.75
2016.09.01 06:39:24.905,0.98407,0.98413,1.00,1.37
2016.09.01 06:39:24.956,0.98407,0.98415,1.50,2.25
2016.09.01 06:39:25.008,0.98407,0.98416,1.00,1.87
2016.09.01 06:39:25.059,0.9841,0.98416,1.00,1.12
2016.09.01 06:39:25.111,0.9841,0.98418,1.00,3.37
2016.09.01 06:39:25.162,0.9841,0.98418,1.00,2.25
2016.09.01 06:39:25.294,0.9841,0.98419,1.00,2.25
2016.09.01 06:39:25.397,0.9841,0.98419,1.00,1.37
2016.09.01 06:39:25.448,0.98412,0.9842,1.00,3.56
2016.09.01 06:39:25.500,0.98412,0.98419,1.00,1.00
2016.09.01 06:39:25.552,0.98412,0.9842,1.00,1.75
2016.09.01 06:39:25.962,0.98412,0.9842,1.00,2.25
2016.09.01 06:39:26.877,0.98412,0.9842,1.00,1.75
2016.09.01 06:39:28.875,0.98412,0.98418,1.00,1.30
2016.09.01 06:39:29.016,0.98409,0.98416,1.00,1.00
2016.09.01 06:39:29.099,0.98409,0.98416,1.00,1.12
2016.09.01 06:39:29.303,0.98409,0.98416,1.00,1.00
2016.09.01 06:39:30.149,0.98409,0.98417,1.00,1.72
2016.09.01 06:39:30.281,0.98407,0.98416,1.12,1.00
2016.09.01 06:39:30.384,0.98407,0.98416,1.00,1.12
2016.09.01 06:39:33.844,0.98407,0.98417,1.00,4.35
2016.09.01 06:39:33.947,0.98407,0.98416,1.00,1.12
2016.09.01 06:39:44.586,0.98406,0.98416,2.61,1.12
2016.09.01 06:39:45.271,0.98406,0.98415,2.61,1.00
2016.09.01 06:39:45.323,0.98406,0.98415,1.12,1.00
2016.09.01 06:39:45.375,0.98406,0.98414,1.12,1.00
2016.09.01 06:39:45.428,0.98407,0.98414,1.00,1.00
2016.09.01 06:39:45.560,0.98405,0.98414,2.62,1.00
2016.09.01 06:39:45.611,0.98405,0.98414,2.62,1.12
2016.09.01 06:39:45.663,0.98406,0.98415,1.00,3.00
2016.09.01 06:39:45.766,0.98406,0.98415,1.00,3.75
2016.09.01 06:39:45.869,0.98406,0.98413,1.00,1.12
2016.09.01 06:39:46.380,0.98406,0.98414,1.00,1.50
2016.09.01 06:39:49.351,0.98406,0.98414,1.00,1.50
2016.09.01 06:39:51.171,0.98406,0.98413,1.00,1.12
2016.09.01 06:39:54.307,0.98406,0.98414,1.00,1.87
2016.09.01 06:39:54.409,0.98406,0.98414,1.00,1.87
2016.09.01 06:39:54.635,0.98406,0.98414,1.00,1.50
2016.09.01 06:40:00.897,0.98406,0.98415,1.00,2.62
2016.09.01 06:40:01.283,0.98406,0.98415,1.00,2.25
2016.09.01 06:40:04.550,0.98407,0.98415,1.00,2.25
2016.09.01 06:40:04.736,0.98407,0.98415,1.00,1.75
2016.09.01 06:40:04.788,0.98408,0.98415,1.00,1.37
2016.09.01 06:40:04.839,0.98408,0.98416,1.00,3.00
2016.09.01 06:40:04.891,0.98408,0.98416,1.00,2.25
2016.09.01 06:40:04.993,0.98409,0.98416,1.00,1.87
2016.09.01 06:40:05.843,0.98409,0.98417,1.00,4.72
2016.09.01 06:40:05.955,0.98407,0.98417,1.00,4.72
2016.09.01 06:40:06.006,0.98407,0.98416,1.00,1.37
2016.09.01 06:40:16.729,0.98407,0.98417,1.00,4.72
2016.09.01 06:40:20.985,0.98407,0.98417,1.00,4.12
2016.09.01 06:40:21.036,0.98407,0.98417,1.00,3.37
2016.09.01 06:40:21.139,0.98407,0.98417,1.00,4.12
2016.09.01 06:40:22.349,0.98407,0.98417,1.00,4.72
2016.09.01 06:40:22.746,0.98407,0.98417,1.00,3.97
2016.09.01 06:40:26.679,0.98407,0.98417,1.00,4.72
2016.09.01 06:40:45.275,0.98408,0.98417,1.00,4.72
2016.09.01 06:40:45.782,0.98409,0.98416,1.00,1.12
2016.09.01 06:40:45.885,0.98407,0.98416,1.00,1.87
2016.09.01 06:40:46.373,0.98407,0.98416,1.00,1.87
2016.09.01 06:40:47.385,0.98407,0.98416,1.00,1.87
2016.09.01 06:40:47.589,0.98407,0.98416,1.00,1.87
2016.09.01 06:40:49.454,0.98407,0.98416,1.00,1.87
2016.09.01 06:40:49.879,0.98407,0.98416,1.00,1.12
2016.09.01 06:40:49.981,0.98407,0.98416,1.00,2.47
2016.09.01 06:40:50.084,0.98407,0.98415,1.00,1.00
2016.09.01 06:40:50.390,0.98407,0.98415,1.00,1.12
2016.09.01 06:40:51.957,0.98407,0.98416,1.00,3.60
2016.09.01 06:40:53.354,0.98407,0.98416,1.00,2.85
2016.09.01 06:40:53.405,0.98407,0.98416,1.00,2.10
2016.09.01 06:40:58.319,0.98407,0.98416,1.00,3.60
2016.09.01 06:40:59.405,0.98407,0.98416,1.00,2.85
2016.09.01 06:40:59.456,0.98407,0.98416,1.00,2.10
2016.09.01 06:41:00.076,0.98407,0.98416,1.00,2.10
2016.09.01 06:41:00.235,0.98407,0.98416,1.00,2.10
2016.09.01 06:41:01.365,0.98407,0.98416,1.00,2.10
2016.09.01 06:41:02.777,0.98407,0.98416,1.00,1.50
2016.09.01 06:41:02.902,0.98407,0.98416,1.00,1.87
2016.09.01 06:41:02.954,0.98407,0.98416,1.00,2.47
2016.09.01 06:41:03.005,0.98407,0.98416,1.00,2.10
2016.09.01 06:41:03.573,0.98407,0.98416,1.00,2.10
2016.09.01 06:41:03.676,0.98407,0.98415,1.00,1.12
2016.09.01 06:41:04.369,0.98407,0.98416,1.00,2.85
2016.09.01 06:41:06.527,0.98407,0.98416,1.00,4.35
2016.09.01 06:41:06.784,0.98407,0.98416,1.00,3.60
2016.09.01 06:41:08.238,0.98407,0.98416,1.00,2.85
2016.09.01 06:41:08.315,0.98407,0.98416,1.00,2.85
2016.09.01 06:41:08.366,0.98407,0.98416,1.00,2.10
2016.09.01 06:41:08.468,0.98407,0.98416,1.00,2.10
2016.09.01 06:41:10.288,0.98407,0.98416,1.00,1.72
2016.09.01 06:41:11.730,0.98407,0.98416,1.00,3.22
2016.09.01 06:41:11.806,0.98407,0.98415,1.00,1.60
2016.09.01 06:41:11.857,0.98407,0.98415,1.00,2.10
2016.09.01 06:41:11.909,0.98406,0.98412,1.12,1.00
2016.09.01 06:41:11.960,0.98406,0.98412,1.00,1.00
2016.09.01 06:41:12.012,0.98406,0.98413,1.00,1.12
2016.09.01 06:41:12.195,0.98406,0.98413,1.00,1.12
2016.09.01 06:41:12.504,0.98404,0.98414,1.00,2.47
2016.09.01 06:41:12.555,0.98404,0.98414,1.00,1.87
2016.09.01 06:41:12.607,0.98404,0.98414,1.50,1.37
2016.09.01 06:41:12.658,0.98404,0.98415,1.50,3.60
2016.09.01 06:41:13.019,0.98404,0.98414,1.50,1.50
2016.09.01 06:41:13.246,0.98404,0.98415,1.50,3.60
2016.09.01 06:41:13.298,0.98404,0.98414,1.50,1.50
2016.09.01 06:41:13.799,0.98406,0.98414,1.00,2.10
2016.09.01 06:41:14.337,0.98406,0.98414,1.00,1.67
2016.09.01 06:41:14.488,0.98406,0.98414,1.00,2.85
2016.09.01 06:41:14.592,0.98406,0.98414,1.00,2.10
2016.09.01 06:41:15.710,0.98406,0.98414,1.00,1.67
2016.09.01 06:41:15.812,0.98406,0.98414,1.00,2.10
2016.09.01 06:41:16.495,0.98406,0.98414,1.00,2.85
2016.09.01 06:41:17.038,0.98406,0.98414,1.00,2.85
2016.09.01 06:41:18.408,0.98406,0.98413,1.00,1.12
2016.09.01 06:41:18.510,0.98406,0.98414,1.00,2.85
2016.09.01 06:41:18.819,0.98406,0.98414,1.00,2.10
2016.09.01 06:41:18.911,0.98406,0.98413,1.00,1.12
2016.09.01 06:41:22.303,0.98406,0.98414,1.00,2.85
2016.09.01 06:41:22.354,0.98406,0.98414,1.00,2.25
2016.09.01 06:41:22.507,0.98406,0.98414,1.00,1.50
2016.09.01 06:41:22.609,0.98406,0.98414,1.00,2.25
2016.09.01 06:41:22.776,0.98406,0.98414,1.00,2.25
2016.09.01 06:41:24.152,0.98406,0.98414,1.00,1.50
2016.09.01 06:41:24.255,0.98406,0.98414,1.00,2.25
2016.09.01 06:41:24.816,0.98406,0.98413,1.00,1.12
2016.09.01 06:41:26.712,0.98406,0.98414,1.00,2.25
2016.09.01 06:41:27.018,0.98406,0.98413,1.00,1.12
2016.09.01 06:41:27.223,0.98404,0.98413,1.00,1.12
2016.09.01 06:41:28.739,0.98404,0.98414,1.00,1.50
2016.09.01 06:41:28.944,0.98404,0.98413,1.00,1.12
2016.09.01 06:41:34.136,0.98404,0.98412,1.00,1.00
2016.09.01 06:41:34.188,0.98404,0.98412,1.12,1.00
2016.09.01 06:41:34.240,0.98404,0.98413,1.12,1.87
2016.09.01 06:41:34.291,0.98404,0.98413,1.00,2.25
2016.09.01 06:41:34.343,0.98403,0.98413,1.12,1.12
2016.09.01 06:41:35.207,0.98403,0.98413,1.12,1.87
2016.09.01 06:41:40.328,0.98405,0.98413,1.00,1.12
2016.09.01 06:41:41.409,0.98406,0.98413,1.00,1.12
2016.09.01 06:41:41.460,0.98406,0.98414,1.00,1.50
2016.09.01 06:41:41.562,0.98406,0.98414,1.00,1.12
2016.09.01 06:41:41.614,0.98406,0.98414,1.00,1.12
2016.09.01 06:41:41.665,0.98406,0.98414,1.00,1.87
2016.09.01 06:41:44.176,0.98406,0.98414,1.00,1.12
2016.09.01 06:41:44.840,0.98405,0.98414,1.00,1.12
2016.09.01 06:41:45.443,0.98405,0.98414,1.00,1.87
2016.09.01 06:41:45.953,0.98405,0.98414,1.00,1.87
2016.09.01 06:41:46.056,0.98405,0.98414,1.00,1.12
2016.09.01 06:41:47.394,0.98407,0.98415,1.12,3.22
2016.09.01 06:41:47.447,0.98407,0.98415,1.12,1.87
2016.09.01 06:41:47.498,0.98407,0.98415,1.00,1.50
2016.09.01 06:41:48.062,0.98407,0.98415,1.00,2.10
2016.09.01 06:41:48.113,0.98406,0.98415,1.12,2.10
2016.09.01 06:41:48.639,0.98406,0.98415,1.12,1.35
2016.09.01 06:41:48.741,0.98406,0.98415,1.12,2.10
2016.09.01 06:41:49.573,0.98406,0.98415,1.12,2.85
2016.09.01 06:41:50.249,0.98406,0.98415,1.12,1.35
2016.09.01 06:41:50.351,0.98406,0.98415,1.12,2.10
2016.09.01 06:41:51.334,0.98406,0.98415,1.12,1.35
2016.09.01 06:41:51.643,0.98406,0.98415,1.12,1.50
2016.09.01 06:41:51.745,0.98406,0.98415,1.12,1.00
2016.09.01 06:41:52.676,0.98406,0.98415,1.12,1.50
2016.09.01 06:41:55.281,0.98406,0.98415,1.12,1.00
2016.09.01 06:41:55.557,0.98406,0.98415,1.12,2.10
2016.09.01 06:41:55.659,0.98406,0.98415,1.12,1.35
2016.09.01 06:41:56.856,0.98406,0.98415,1.12,2.10
2016.09.01 06:42:00.852,0.98406,0.98415,1.12,2.85
2016.09.01 06:42:01.184,0.98406,0.98415,1.12,2.25
2016.09.01 06:42:01.286,0.98406,0.98415,1.12,1.50
2016.09.01 06:42:01.986,0.98406,0.98415,1.12,2.10
2016.09.01 06:42:04.352,0.98407,0.98415,1.00,2.10
2016.09.01 06:42:04.558,0.98405,0.98415,1.37,2.10
2016.09.01 06:42:04.610,0.98405,0.98414,1.37,1.00
2016.09.01 06:42:06.561,0.98405,0.98414,1.37,1.50
2016.09.01 06:42:07.749,0.98405,0.98414,1.00,1.87
2016.09.01 06:42:07.800,0.98405,0.98413,1.00,1.00
2016.09.01 06:42:08.409,0.98405,0.98414,1.00,1.87
2016.09.01 06:42:10.335,0.98405,0.98414,1.12,1.50
2016.09.01 06:42:10.386,0.98405,0.98413,1.12,1.00
2016.09.01 06:42:12.079,0.98405,0.98415,1.50,3.37
2016.09.01 06:42:12.130,0.98405,0.98415,1.50,2.62
2016.09.01 06:42:12.181,0.98405,0.98415,3.75,2.62
2016.09.01 06:42:12.386,0.98405,0.98415,3.75,1.87
2016.09.01 06:42:12.438,0.98406,0.98415,1.37,1.87
2016.09.01 06:42:12.489,0.98406,0.98415,1.37,2.62
2016.09.01 06:42:12.819,0.98406,0.98414,1.37,1.00
2016.09.01 06:42:13.941,0.98406,0.98414,1.00,1.00
2016.09.01 06:42:13.993,0.98406,0.98414,1.12,1.00
2016.09.01 06:42:14.197,0.98406,0.98415,1.12,1.87
2016.09.01 06:42:14.299,0.98406,0.98414,1.12,1.00
2016.09.01 06:42:15.411,0.98406,0.98414,1.00,1.00
2016.09.01 06:42:15.818,0.98406,0.98415,1.00,2.62
2016.09.01 06:42:17.001,0.98406,0.98414,1.00,1.00
2016.09.01 06:42:22.105,0.98406,0.98415,1.00,3.22
2016.09.01 06:42:22.157,0.98406,0.98415,1.00,3.97
2016.09.01 06:42:24.001,0.98406,0.98415,1.00,3.22
2016.09.01 06:42:26.083,0.98406,0.98415,1.00,3.97
2016.09.01 06:42:26.206,0.98406,0.98414,1.00,1.00
2016.09.01 06:42:26.260,0.98404,0.98414,1.50,1.50
2016.09.01 06:42:26.312,0.98404,0.98413,1.12,1.00
2016.09.01 06:42:26.365,0.98404,0.98413,1.00,1.00
2016.09.01 06:42:26.416,0.98404,0.98412,1.00,1.00
2016.09.01 06:42:26.569,0.98404,0.98412,1.00,1.12
2016.09.01 06:42:26.672,0.98404,0.98412,1.00,1.12
2016.09.01 06:42:26.825,0.98404,0.98412,1.00,1.12
2016.09.01 06:42:26.876,0.98404,0.98412,1.00,1.00
2016.09.01 06:42:27.030,0.98404,0.98412,1.00,1.00
2016.09.01 06:42:27.082,0.98403,0.98409,1.00,1.00
2016.09.01 06:42:27.224,0.98401,0.98409,1.87,1.00
2016.09.01 06:42:27.276,0.98403,0.9841,1.00,1.00
2016.09.01 06:42:27.327,0.98403,0.98411,1.00,3.22
2016.09.01 06:42:27.378,0.98403,0.98411,1.00,2.62
2016.09.01 06:42:27.430,0.98403,0.98411,1.00,1.87
2016.09.01 06:42:28.512,0.98403,0.98412,1.00,2.62
2016.09.01 06:42:28.564,0.98403,0.98412,1.00,2.25
2016.09.01 06:42:28.666,0.98405,0.98412,1.00,2.25
2016.09.01 06:42:28.717,0.98405,0.98413,1.00,1.75
2016.09.01 06:42:28.769,0.98406,0.98414,1.00,1.50
2016.09.01 06:42:28.820,0.98406,0.98415,1.00,3.00
2016.09.01 06:42:28.903,0.98406,0.98415,1.00,3.60
2016.09.01 06:42:29.246,0.98406,0.98415,1.00,3.00
2016.09.01 06:42:29.349,0.98406,0.98415,1.00,3.60
2016.09.01 06:42:29.401,0.98406,0.98415,1.00,4.35
2016.09.01 06:42:29.453,0.98405,0.98414,1.00,1.12
2016.09.01 06:42:29.556,0.98406,0.98415,1.00,3.75
2016.09.01 06:42:29.607,0.98406,0.98415,1.00,3.00
2016.09.01 06:42:29.929,0.98405,0.98415,1.00,2.25
2016.09.01 06:42:30.371,0.98407,0.98415,1.00,2.25
2016.09.01 06:42:30.474,0.98407,0.98415,1.00,1.12
2016.09.01 06:42:30.526,0.98407,0.98416,1.00,3.75
2016.09.01 06:42:31.015,0.98407,0.98416,1.00,2.25
2016.09.01 06:42:34.778,0.98407,0.98416,1.00,2.25
2016.09.01 06:42:34.882,0.98407,0.98416,1.00,2.62
2016.09.01 06:42:34.984,0.98407,0.98416,1.00,2.25
2016.09.01 06:42:37.151,0.98407,0.98416,1.00,1.50
2016.09.01 06:42:37.848,0.98407,0.98416,1.00,2.25
2016.09.01 06:42:38.307,0.98407,0.98415,1.00,1.12
2016.09.01 06:42:38.942,0.98407,0.98415,1.00,1.87
2016.09.01 06:42:39.537,0.98407,0.98415,1.00,1.12
2016.09.01 06:42:40.449,0.98407,0.98415,1.00,1.87
2016.09.01 06:42:43.256,0.98406,0.98415,1.00,1.87
2016.09.01 06:42:43.450,0.98406,0.98414,1.00,1.00
2016.09.01 06:42:43.605,0.98404,0.98414,3.75,1.00
2016.09.01 06:42:44.166,0.98404,0.98413,3.75,1.00
2016.09.01 06:42:44.217,0.98404,0.98415,3.75,1.87
2016.09.01 06:42:44.319,0.98404,0.98413,3.75,1.00
2016.09.01 06:42:44.421,0.98404,0.98414,2.25,1.00
2016.09.01 06:42:46.403,0.98404,0.98414,2.25,1.12
2016.09.01 06:42:46.454,0.98404,0.98414,1.87,1.12
2016.09.01 06:42:46.506,0.98404,0.98414,1.87,1.00
2016.09.01 06:42:46.557,0.98404,0.98414,2.25,1.00
2016.09.01 06:42:46.660,0.98407,0.98415,1.00,3.37
2016.09.01 06:42:46.711,0.98407,0.98415,1.00,2.62
2016.09.01 06:42:46.763,0.98407,0.98415,1.00,1.87
2016.09.01 06:42:46.814,0.98407,0.98415,1.00,2.62
2016.09.01 06:42:46.865,0.98407,0.98415,1.00,3.37
2016.09.01 06:42:47.518,0.98407,0.98415,1.00,1.87
2016.09.01 06:42:47.570,0.98407,0.98415,1.00,1.12
2016.09.01 06:42:49.735,0.98407,0.98415,1.00,1.87
2016.09.01 06:42:50.426,0.98407,0.98415,1.00,1.12
2016.09.01 06:42:51.430,0.98407,0.98415,1.00,1.87
2016.09.01 06:42:51.927,0.98407,0.98415,1.00,1.12
2016.09.01 06:42:52.279,0.98404,0.98415,3.00,1.12
2016.09.01 06:42:52.638,0.98404,0.98415,3.00,1.87
2016.09.01 06:43:00.949,0.98404,0.98415,3.00,2.25
2016.09.01 06:43:05.074,0.98404,0.98414,3.00,1.00
2016.09.01 06:43:05.482,0.98404,0.98415,3.00,2.25
2016.09.01 06:43:05.533,0.98404,0.98415,3.00,1.87
2016.09.01 06:43:05.890,0.98404,0.98415,3.00,1.12
2016.09.01 06:43:06.259,0.98404,0.98415,3.00,1.50
2016.09.01 06:43:06.837,0.98404,0.98415,3.00,1.12
2016.09.01 06:43:07.635,0.98404,0.98415,1.50,1.87
2016.09.01 06:43:13.788,0.98404,0.98414,1.50,1.00
2016.09.01 06:43:13.896,0.98403,0.98413,1.37,1.50
2016.09.01 06:43:14.006,0.98403,0.98413,1.12,2.62
2016.09.01 06:43:14.061,0.98403,0.98412,1.12,1.00
2016.09.01 06:43:14.112,0.98403,0.98412,1.87,1.00
2016.09.01 06:43:14.367,0.98403,0.98413,1.87,1.12
2016.09.01 06:43:14.725,0.98403,0.98413,1.87,1.12
2016.09.01 06:43:15.755,0.98403,0.98413,1.12,1.12
2016.09.01 06:43:15.908,0.98403,0.98413,1.50,1.12
2016.09.01 06:43:15.959,0.98403,0.98413,1.50,1.00
2016.09.01 06:43:18.291,0.98403,0.98414,1.50,3.37
2016.09.01 06:43:18.343,0.98404,0.98414,1.12,2.62
2016.09.01 06:43:21.171,0.98404,0.98414,1.12,1.87
2016.09.01 06:43:22.961,0.98404,0.98414,1.12,1.87
2016.09.01 06:43:23.013,0.98404,0.98414,1.12,1.87
2016.09.01 06:43:23.064,0.98405,0.98416,1.00,4.50
2016.09.01 06:43:23.116,0.98405,0.98416,1.12,4.12
2016.09.01 06:43:23.167,0.98405,0.98416,1.50,3.37
2016.09.01 06:43:23.341,0.98405,0.98416,1.50,2.62
2016.09.01 06:43:23.393,0.98405,0.98416,1.50,3.37
2016.09.01 06:43:24.591,0.98405,0.98416,3.00,1.87
2016.09.01 06:43:25.110,0.98405,0.98416,3.00,1.12
2016.09.01 06:43:25.856,0.98407,0.98416,1.00,1.12
2016.09.01 06:43:26.458,0.98407,0.98416,1.00,1.12
2016.09.01 06:43:28.217,0.98407,0.98416,1.00,1.12
2016.09.01 06:43:29.370,0.98406,0.98416,1.12,1.12
2016.09.01 06:43:31.671,0.98407,0.98417,1.00,4.35
2016.09.01 06:43:32.117,0.98407,0.98417,1.00,5.10
2016.09.01 06:43:37.237,0.98407,0.98417,1.00,4.35
2016.09.01 06:43:39.867,0.98406,0.98417,1.12,3.60
2016.09.01 06:43:39.918,0.98406,0.98416,1.12,1.12
2016.09.01 06:43:39.969,0.98407,0.98416,1.00,1.12
2016.09.01 06:43:40.021,0.98407,0.98417,1.00,4.35
2016.09.01 06:43:40.944,0.98407,0.98417,1.00,3.60
2016.09.01 06:43:40.996,0.98407,0.98417,1.00,2.85
2016.09.01 06:43:44.956,0.98406,0.98417,1.12,2.10
2016.09.01 06:43:45.350,0.98406,0.98417,1.12,2.47
2016.09.01 06:43:45.402,0.98405,0.98414,3.37,1.00
2016.09.01 06:43:45.453,0.98405,0.98414,3.00,1.00
2016.09.01 06:43:45.505,0.98405,0.98414,2.25,1.00
2016.09.01 06:43:45.556,0.98405,0.98414,2.62,1.00
2016.09.01 06:43:45.607,0.98407,0.98416,1.00,1.00
2016.09.01 06:43:45.825,0.98407,0.98416,1.00,1.00
2016.09.01 06:43:45.877,0.98407,0.98416,1.12,1.00
2016.09.01 06:43:45.979,0.98407,0.98417,1.12,2.62
2016.09.01 06:43:46.293,0.98407,0.98416,1.12,1.00
2016.09.01 06:43:46.718,0.98407,0.98417,1.12,2.62
2016.09.01 06:43:47.631,0.98407,0.98417,1.12,1.87
2016.09.01 06:43:47.733,0.98407,0.98417,1.12,2.62
2016.09.01 06:43:50.306,0.98406,0.98417,1.50,1.87
2016.09.01 06:43:50.357,0.98406,0.98417,1.37,2.25
2016.09.01 06:43:50.409,0.98406,0.98417,1.12,2.25
2016.09.01 06:43:50.776,0.98406,0.98417,1.12,2.85
2016.09.01 06:43:53.521,0.98406,0.98417,1.12,2.25
2016.09.01 06:43:54.635,0.98407,0.98417,1.00,3.00
2016.09.01 06:43:55.366,0.98407,0.98417,1.00,3.60
2016.09.01 06:44:01.555,0.98407,0.98417,1.00,3.00
2016.09.01 06:44:01.861,0.98407,0.98417,1.00,3.60
2016.09.01 06:44:02.066,0.98407,0.98417,1.00,3.00
2016.09.01 06:44:03.396,0.98406,0.98417,1.12,2.25
2016.09.01 06:44:03.656,0.98407,0.98416,1.00,1.12
2016.09.01 06:44:03.707,0.98407,0.98417,1.00,3.00
2016.09.01 06:44:06.959,0.98406,0.98417,1.87,2.25
2016.09.01 06:44:09.339,0.98407,0.98417,1.00,3.00
2016.09.01 06:44:10.265,0.98407,0.98417,1.00,2.62
2016.09.01 06:44:10.368,0.98407,0.98417,1.12,2.62
2016.09.01 06:44:13.937,0.98406,0.98417,2.25,1.87
2016.09.01 06:44:14.144,0.98406,0.98417,2.62,1.87
2016.09.01 06:44:14.281,0.98406,0.98417,2.25,1.87
2016.09.01 06:44:15.556,0.98407,0.98417,1.12,2.62
2016.09.01 06:44:15.607,0.98407,0.98417,1.12,2.62
2016.09.01 06:44:17.058,0.98406,0.98417,2.25,1.87
2016.09.01 06:44:17.109,0.98406,0.98417,2.25,1.87
2016.09.01 06:44:17.161,0.98407,0.98417,1.12,2.62
2016.09.01 06:44:17.282,0.98407,0.98417,1.12,3.37
2016.09.01 06:44:17.540,0.98407,0.98417,1.12,4.12
2016.09.01 06:44:30.945,0.98407,0.98417,1.12,4.87
2016.09.01 06:44:30.996,0.98407,0.98417,1.12,4.12
2016.09.01 06:44:31.049,0.98407,0.98416,1.12,1.00
2016.09.01 06:44:31.253,0.98407,0.98416,1.12,1.50
2016.09.01 06:44:32.002,0.98407,0.98416,1.12,1.00
2016.09.01 06:44:33.669,0.98406,0.98416,2.25,1.00
2016.09.01 06:44:34.773,0.98407,0.98416,1.12,1.00
2016.09.01 06:44:43.000,0.98407,0.98416,1.12,1.50
2016.09.01 06:44:55.225,0.98407,0.98416,1.12,1.00
2016.09.01 06:44:56.362,0.98406,0.98416,1.50,3.00
2016.09.01 06:44:56.413,0.98405,0.98413,2.25,1.00
2016.09.01 06:44:57.422,0.98405,0.98413,1.75,1.00
2016.09.01 06:44:57.474,0.98404,0.98414,4.12,1.00
2016.09.01 06:44:57.525,0.98404,0.98415,4.12,3.00
2016.09.01 06:44:59.363,0.98404,0.98415,3.00,3.00
2016.09.01 06:44:59.414,0.98405,0.98415,1.75,2.25
2016.09.01 06:45:00.147,0.98405,0.98415,1.75,3.37
2016.09.01 06:45:00.199,0.98404,0.98412,3.00,1.00
2016.09.01 06:45:00.251,0.98404,0.98412,1.87,1.00
2016.09.01 06:45:00.303,0.98404,0.98414,2.62,1.87
2016.09.01 06:45:00.354,0.98404,0.98414,2.62,1.12
2016.09.01 06:45:00.406,0.98404,0.98413,2.62,1.00
2016.09.01 06:45:00.824,0.98404,0.98415,2.62,4.12
2016.09.01 06:45:01.411,0.98404,0.98415,1.12,5.62
2016.09.01 06:45:01.768,0.98404,0.98415,1.12,4.12
2016.09.01 06:45:01.872,0.98404,0.98415,1.12,5.62
2016.09.01 06:45:02.366,0.98404,0.98415,1.12,5.25
2016.09.01 06:45:02.418,0.98404,0.98414,1.12,1.12
2016.09.01 06:45:02.840,0.98404,0.98415,1.12,3.75
2016.09.01 06:45:02.891,0.98404,0.98415,1.12,5.25
2016.09.01 06:45:04.081,0.98404,0.98415,1.12,3.75
2016.09.01 06:45:04.293,0.98404,0.98415,1.12,5.25
2016.09.01 06:45:06.879,0.98404,0.98415,1.12,3.75
2016.09.01 06:45:06.981,0.98404,0.98415,1.12,5.25
2016.09.01 06:45:07.134,0.98404,0.98415,1.12,5.25
2016.09.01 06:45:07.186,0.98404,0.98415,1.50,5.25
2016.09.01 06:45:07.238,0.98404,0.98414,1.87,1.12
2016.09.01 06:45:07.291,0.98404,0.98414,2.44,1.00
2016.09.01 06:45:07.343,0.98404,0.98414,2.81,1.00
2016.09.01 06:45:07.395,0.98406,0.98414,1.12,1.00
2016.09.01 06:45:07.497,0.98407,0.98416,1.00,1.87
2016.09.01 06:45:07.599,0.98406,0.98416,1.12,1.87
2016.09.01 06:45:07.722,0.98406,0.98416,1.12,1.87
2016.09.01 06:45:07.774,0.98405,0.98415,3.04,2.25
2016.09.01 06:45:07.826,0.98406,0.98416,1.37,2.62
2016.09.01 06:45:07.877,0.98407,0.98416,1.00,2.25
2016.09.01 06:45:07.928,0.98407,0.98416,1.00,1.00
2016.09.01 06:45:08.133,0.98407,0.98416,1.00,1.00
2016.09.01 06:45:08.184,0.98407,0.98416,1.12,1.00
2016.09.01 06:45:08.338,0.98407,0.98416,1.12,1.50
2016.09.01 06:45:09.225,0.98407,0.98416,1.12,1.00
2016.09.01 06:45:10.384,0.98407,0.98416,1.00,1.12
2016.09.01 06:45:12.694,0.98406,0.98416,1.12,1.12
2016.09.01 06:45:14.457,0.98406,0.98417,1.87,3.00
2016.09.01 06:45:14.508,0.98407,0.98417,1.00,3.75
2016.09.01 06:45:15.597,0.98407,0.98417,1.00,4.35
2016.09.01 06:45:16.148,0.98407,0.98417,1.50,3.00
2016.09.01 06:45:16.199,0.98407,0.98417,3.37,2.25
2016.09.01 06:45:16.251,0.98408,0.98418,1.50,1.50
2016.09.01 06:45:16.302,0.98409,0.98418,1.12,1.00
2016.09.01 06:45:16.367,0.98409,0.98418,2.62,1.00
2016.09.01 06:45:16.471,0.98409,0.9842,3.00,1.87
2016.09.01 06:45:16.593,0.98409,0.9842,3.00,1.12
2016.09.01 06:45:16.648,0.98409,0.9842,3.00,1.87
2016.09.01 06:45:20.355,0.98409,0.9842,3.00,1.87
2016.09.01 06:45:20.459,0.98409,0.9842,3.00,1.87
2016.09.01 06:45:20.510,0.98409,0.9842,3.00,1.50
2016.09.01 06:45:20.614,0.98409,0.9842,3.00,1.50
2016.09.01 06:45:20.921,0.98409,0.9842,3.00,1.50
2016.09.01 06:45:21.513,0.98409,0.9842,2.25,1.50
2016.09.01 06:45:21.615,0.98409,0.9842,3.00,1.50
2016.09.01 06:45:22.578,0.98409,0.9842,3.00,1.87
2016.09.01 06:45:22.736,0.98409,0.9842,3.00,1.50
2016.09.01 06:45:23.307,0.98409,0.9842,3.37,1.50
2016.09.01 06:45:23.512,0.98409,0.9842,3.37,1.87
2016.09.01 06:45:23.617,0.98409,0.9842,3.37,1.87
2016.09.01 06:45:24.348,0.98409,0.9842,3.37,1.87
2016.09.01 06:45:26.313,0.98409,0.9842,3.97,1.87
2016.09.01 06:45:26.364,0.98413,0.9842,1.00,1.12
2016.09.01 06:45:26.415,0.98416,0.98421,1.12,2.62
2016.09.01 06:45:26.467,0.98416,0.98421,1.12,1.50
2016.09.01 06:45:26.520,0.98416,0.98424,1.69,2.62
2016.09.01 06:45:26.572,0.98416,0.98424,1.69,2.25
2016.09.01 06:45:26.624,0.98414,0.98424,1.37,1.50
2016.09.01 06:45:26.675,0.98413,0.98422,3.00,1.00
2016.09.01 06:45:26.726,0.98414,0.98422,1.00,1.00
2016.09.01 06:45:26.778,0.98413,0.98422,2.25,1.00
2016.09.01 06:45:26.830,0.98413,0.98422,1.87,1.87
2016.09.01 06:45:26.881,0.98413,0.98422,1.50,1.12
2016.09.01 06:45:26.932,0.98414,0.98423,1.00,1.87
2016.09.01 06:45:26.983,0.98414,0.98423,1.00,1.00
2016.09.01 06:45:27.035,0.98414,0.98424,1.12,2.62
2016.09.01 06:45:27.146,0.98414,0.98424,1.12,2.25
2016.09.01 06:45:27.708,0.98414,0.98424,1.12,1.87
2016.09.01 06:45:29.637,0.98414,0.98424,1.12,2.25
2016.09.01 06:45:29.739,0.98414,0.98423,1.12,1.00
2016.09.01 06:45:29.791,0.98414,0.98423,1.12,2.25
2016.09.01 06:45:29.875,0.98416,0.98424,1.00,1.50
2016.09.01 06:45:29.927,0.98416,0.98424,1.50,1.50
2016.09.01 06:45:30.030,0.98416,0.98424,1.50,1.12
2016.09.01 06:45:30.184,0.98416,0.98425,1.50,2.25
2016.09.01 06:45:30.331,0.98416,0.98425,1.50,1.50
2016.09.01 06:45:30.382,0.98416,0.98425,1.50,1.12
2016.09.01 06:45:30.485,0.98416,0.98426,1.50,4.12
2016.09.01 06:45:31.417,0.98416,0.98426,1.50,3.37
2016.09.01 06:45:33.416,0.98416,0.98426,1.87,3.37
2016.09.01 06:45:33.518,0.98416,0.98426,1.87,3.00
2016.09.01 06:45:33.937,0.98416,0.98425,1.87,1.00
2016.09.01 06:45:41.097,0.98416,0.98426,1.87,1.87
2016.09.01 06:45:42.295,0.98416,0.98426,1.87,1.12
2016.09.01 06:45:42.429,0.98416,0.98426,1.87,1.87
2016.09.01 06:45:43.358,0.98416,0.98426,1.12,1.87
2016.09.01 06:45:43.409,0.98416,0.98426,1.12,1.12
2016.09.01 06:45:44.331,0.98416,0.98426,1.87,1.12
2016.09.01 06:45:44.383,0.98416,0.98425,1.87,1.00
2016.09.01 06:45:45.909,0.98416,0.98426,1.87,1.87
2016.09.01 06:45:52.908,0.98416,0.98426,1.87,1.12
2016.09.01 06:45:52.960,0.98416,0.98426,1.87,1.87
2016.09.01 06:45:53.318,0.98416,0.98426,2.62,1.12
2016.09.01 06:45:53.523,0.98416,0.98426,1.12,1.87
2016.09.01 06:45:53.669,0.98416,0.98426,1.87,1.87
2016.09.01 06:45:53.976,0.98416,0.98426,1.12,1.87
2016.09.01 06:45:54.283,0.98416,0.98426,1.87,1.87
2016.09.01 06:45:54.447,0.98419,0.98426,1.00,1.50
2016.09.01 06:45:54.504,0.98419,0.98426,1.00,1.00
2016.09.01 06:45:54.555,0.98417,0.98427,1.50,1.00
2016.09.01 06:45:54.607,0.98417,0.98428,2.25,3.94
2016.09.01 06:45:54.659,0.98417,0.98428,2.47,2.62
2016.09.01 06:45:54.712,0.98418,0.98428,1.50,1.12
2016.09.01 06:45:54.765,0.98418,0.98429,2.10,1.50
2016.09.01 06:45:54.817,0.98418,0.9843,1.50,2.62
2016.09.01 06:45:54.918,0.98418,0.98429,2.10,2.25
2016.09.01 06:45:54.969,0.98418,0.98429,1.50,3.75
2016.09.01 06:45:55.020,0.98418,0.98429,1.12,4.50
2016.09.01 06:45:55.128,0.98417,0.98427,1.87,1.12
2016.09.01 06:45:55.181,0.98417,0.98427,1.12,1.87
2016.09.01 06:45:55.232,0.98416,0.98427,2.10,2.62
2016.09.01 06:45:55.285,0.98416,0.98426,2.10,1.12
2016.09.01 06:45:55.338,0.98416,0.98426,1.12,1.87
2016.09.01 06:45:55.390,0.98415,0.98424,1.37,1.00
2016.09.01 06:45:55.442,0.98415,0.98424,1.12,1.00
2016.09.01 06:45:55.495,0.98413,0.98424,1.87,1.00
2016.09.01 06:45:55.546,0.98413,0.98424,1.50,1.37
2016.09.01 06:45:55.650,0.98413,0.98424,1.12,2.25
2016.09.01 06:45:55.932,0.98412,0.98423,1.50,1.00
2016.09.01 06:45:55.985,0.98411,0.98422,1.87,1.37
2016.09.01 06:45:56.039,0.98411,0.98422,1.50,1.50
2016.09.01 06:45:56.194,0.98411,0.98422,2.25,1.50
2016.09.01 06:45:56.348,0.98411,0.98422,1.87,1.50
2016.09.01 06:45:56.400,0.98411,0.98422,1.87,2.25
2016.09.01 06:45:56.452,0.98411,0.98422,1.87,2.62
2016.09.01 06:45:56.503,0.98411,0.98422,1.12,1.87
2016.09.01 06:45:56.637,0.98411,0.98422,1.12,2.62
2016.09.01 06:45:56.740,0.98411,0.98422,1.50,1.87
2016.09.01 06:45:56.792,0.98413,0.98422,1.00,1.37
2016.09.01 06:45:56.843,0.98413,0.98423,1.00,2.25
2016.09.01 06:45:57.252,0.98413,0.98423,1.00,1.75
2016.09.01 06:45:57.354,0.98413,0.98423,1.00,2.25
2016.09.01 06:45:57.456,0.98413,0.98423,1.00,1.75
2016.09.01 06:46:01.909,0.98411,0.98423,3.00,1.75
2016.09.01 06:46:02.011,0.98411,0.98423,2.25,2.25
2016.09.01 06:46:02.063,0.98411,0.98421,1.50,1.37
2016.09.01 06:46:02.116,0.98411,0.98421,1.00,2.62
2016.09.01 06:46:02.168,0.98411,0.9842,2.02,1.12
2016.09.01 06:46:02.219,0.98411,0.98419,1.27,1.00
2016.09.01 06:46:02.354,0.98411,0.98419,1.27,1.12
2016.09.01 06:46:02.457,0.9841,0.98419,4.27,1.12
2016.09.01 06:46:02.904,0.98411,0.98419,1.27,1.12
2016.09.01 06:46:02.955,0.98411,0.9842,1.27,2.25
2016.09.01 06:46:03.058,0.9841,0.9842,1.37,1.12
2016.09.01 06:46:03.184,0.9841,0.98421,1.87,2.62
2016.09.01 06:46:03.235,0.98411,0.98422,1.50,1.87
2016.09.01 06:46:03.287,0.98411,0.98422,1.12,1.87
2016.09.01 06:46:03.338,0.98411,0.98422,1.50,1.87
2016.09.01 06:46:03.441,0.98411,0.98422,1.50,1.87
2016.09.01 06:46:03.545,0.98411,0.98422,1.50,1.87
2016.09.01 06:46:03.753,0.98411,0.98422,1.50,2.62
2016.09.01 06:46:03.805,0.98411,0.98421,1.00,2.25
2016.09.01 06:46:03.951,0.9841,0.98421,2.25,2.62
2016.09.01 06:46:04.003,0.9841,0.98421,2.25,2.25
2016.09.01 06:46:04.054,0.9841,0.98421,2.62,2.25
2016.09.01 06:46:04.106,0.9841,0.98421,1.87,2.25
2016.09.01 06:46:04.158,0.9841,0.98421,2.25,2.25
2016.09.01 06:46:04.209,0.9841,0.98421,3.00,2.25
2016.09.01 06:46:04.311,0.98411,0.98421,1.00,1.50
2016.09.01 06:46:04.362,0.98411,0.98422,1.00,2.62
2016.09.01 06:46:04.669,0.98411,0.98422,1.00,3.37
2016.09.01 06:46:04.722,0.98411,0.98421,1.00,1.50
2016.09.01 06:46:04.773,0.98411,0.98421,1.00,2.25
2016.09.01 06:46:04.888,0.98411,0.98421,1.00,1.50
2016.09.01 06:46:07.712,0.9841,0.98421,1.50,2.25
2016.09.01 06:46:09.687,0.9841,0.9842,1.12,1.87
2016.09.01 06:46:09.738,0.9841,0.9842,1.12,2.25
2016.09.01 06:46:09.789,0.9841,0.9842,1.00,3.00
2016.09.01 06:46:09.840,0.9841,0.9842,1.00,3.75
2016.09.01 06:46:10.045,0.98409,0.98419,1.12,1.12
2016.09.01 06:46:10.221,0.98409,0.9842,1.12,3.75
2016.09.01 06:46:10.601,0.98409,0.98419,1.12,1.12
2016.09.01 06:46:10.652,0.98409,0.98419,1.12,1.87
2016.09.01 06:46:10.911,0.98409,0.98418,1.12,1.00
2016.09.01 06:46:10.963,0.98409,0.98418,1.12,1.00
2016.09.01 06:46:11.551,0.98408,0.98419,1.50,3.37
2016.09.01 06:46:11.602,0.98408,0.98418,1.50,1.50
2016.09.01 06:46:11.654,0.98408,0.98418,1.37,2.62
2016.09.01 06:46:11.705,0.98408,0.98418,1.00,3.00
2016.09.01 06:46:12.756,0.98409,0.98418,1.00,3.00
2016.09.01 06:46:14.339,0.98407,0.98418,1.87,3.75
2016.09.01 06:46:14.441,0.98407,0.98417,1.87,1.12
2016.09.01 06:46:15.166,0.98407,0.98417,1.87,1.12
2016.09.01 06:46:15.623,0.98407,0.98418,1.87,2.25
2016.09.01 06:46:15.725,0.98407,0.98417,1.87,1.12
2016.09.01 06:46:16.727,0.98407,0.98417,2.62,1.12
2016.09.01 06:46:16.779,0.98407,0.98417,2.62,1.12
2016.09.01 06:46:16.830,0.98407,0.98417,1.87,1.12
2016.09.01 06:46:16.881,0.98407,0.98417,1.87,1.12
2016.09.01 06:46:17.414,0.98409,0.98417,1.00,1.12
2016.09.01 06:46:17.542,0.98409,0.98417,1.50,1.12
2016.09.01 06:46:18.632,0.98409,0.98417,1.00,1.12
2016.09.01 06:46:18.836,0.98409,0.98417,1.50,1.12
2016.09.01 06:46:19.527,0.98409,0.98417,1.00,1.12
2016.09.01 06:46:19.630,0.98409,0.98417,1.50,1.12
2016.09.01 06:46:21.224,0.98409,0.98417,1.00,1.12
2016.09.01 06:46:21.326,0.98409,0.98417,1.50,1.12
2016.09.01 06:46:21.743,0.98409,0.98418,1.50,2.62
2016.09.01 06:46:22.955,0.98409,0.98418,1.00,2.62
2016.09.01 06:46:23.006,0.98408,0.98418,1.00,3.37
2016.09.01 06:46:23.628,0.98408,0.98418,1.00,3.00
2016.09.01 06:46:25.136,0.98408,0.98418,1.00,2.25
2016.09.01 06:46:25.542,0.98408,0.98418,1.50,1.50
2016.09.01 06:46:25.695,0.98408,0.98418,1.87,1.12
2016.09.01 06:46:27.412,0.98408,0.98419,1.87,3.37
2016.09.01 06:46:27.464,0.98408,0.98419,1.87,2.62
2016.09.01 06:46:27.726,0.98408,0.98419,1.12,2.62
2016.09.01 06:46:27.777,0.98408,0.98419,1.87,2.62
2016.09.01 06:46:28.616,0.98409,0.98419,1.00,2.62
2016.09.01 06:46:28.668,0.98409,0.98419,1.50,2.62
2016.09.01 06:46:31.355,0.98409,0.98419,1.00,3.37
2016.09.01 06:46:31.457,0.98409,0.98419,1.50,3.37
2016.09.01 06:46:33.873,0.98409,0.98419,1.50,2.62
2016.09.01 06:46:33.927,0.98409,0.98419,1.50,2.25
2016.09.01 06:46:34.767,0.98409,0.98419,1.00,3.00
2016.09.01 06:46:34.819,0.98408,0.98419,2.62,3.00
2016.09.01 06:46:34.870,0.98408,0.98419,1.87,3.00
2016.09.01 06:46:35.370,0.98408,0.98419,2.62,3.00
2016.09.01 06:46:36.844,0.98408,0.98419,1.87,2.25
2016.09.01 06:46:36.953,0.98408,0.98419,3.75,2.25
2016.09.01 06:46:37.055,0.98408,0.98419,3.37,2.25
2016.09.01 06:46:38.245,0.98409,0.98419,1.00,2.25
2016.09.01 06:46:38.297,0.98409,0.98419,1.50,2.25
2016.09.01 06:46:46.204,0.98408,0.98418,1.87,1.87
2016.09.01 06:46:46.255,0.98408,0.98418,1.12,3.00
2016.09.01 06:46:46.307,0.98408,0.98416,1.12,1.00
2016.09.01 06:46:46.359,0.98408,0.98416,1.00,3.37
2016.09.01 06:46:46.411,0.98406,0.98414,1.12,1.00
2016.09.01 06:46:46.463,0.98404,0.98414,1.12,2.62
2016.09.01 06:46:46.566,0.98403,0.98414,1.37,4.12
2016.09.01 06:46:46.618,0.98403,0.98414,1.37,4.12
2016.09.01 06:46:46.721,0.98403,0.98414,1.37,4.12
2016.09.01 06:46:46.772,0.98403,0.98414,1.37,3.37
2016.09.01 06:46:46.874,0.98403,0.98414,1.37,4.12
2016.09.01 06:46:47.181,0.98404,0.98414,1.12,2.62
2016.09.01 06:46:48.768,0.98404,0.98414,1.12,1.87
2016.09.01 06:46:48.951,0.98404,0.98414,1.12,2.62
2016.09.01 06:46:49.067,0.98404,0.98414,1.12,3.37
2016.09.01 06:46:49.273,0.98404,0.98414,1.12,2.62
2016.09.01 06:46:50.014,0.98404,0.98414,1.12,3.37
2016.09.01 06:46:50.065,0.98404,0.98413,1.12,1.00
2016.09.01 06:46:50.116,0.98403,0.98413,1.37,1.00
2016.09.01 06:46:50.167,0.98403,0.98413,1.12,1.12
2016.09.01 06:46:50.321,0.98403,0.98413,1.50,1.12
2016.09.01 06:46:50.372,0.98403,0.98413,1.50,1.00
2016.09.01 06:46:50.626,0.98403,0.98413,1.50,1.50
2016.09.01 06:46:50.857,0.98403,0.98413,1.50,2.25
2016.09.01 06:46:50.908,0.98403,0.98413,1.50,1.50
2016.09.01 06:46:51.474,0.98403,0.98413,1.50,2.25
2016.09.01 06:46:52.086,0.98403,0.98413,1.50,1.50
2016.09.01 06:46:52.185,0.98403,0.98413,1.50,1.00
2016.09.01 06:46:53.328,0.98403,0.98413,1.50,1.50
2016.09.01 06:46:53.379,0.98403,0.98413,1.50,2.25
2016.09.01 06:46:53.483,0.98402,0.98412,1.75,1.00
2016.09.01 06:46:53.534,0.98402,0.98412,1.37,1.00
2016.09.01 06:46:53.585,0.98402,0.98412,1.12,1.12
2016.09.01 06:46:55.686,0.98402,0.98412,1.12,1.87
2016.09.01 06:46:56.084,0.98402,0.98412,1.12,1.12
2016.09.01 06:46:56.135,0.98402,0.98412,1.12,1.50
2016.09.01 06:46:56.187,0.98402,0.98412,1.00,1.50
2016.09.01 06:46:58.546,0.98402,0.98412,1.00,2.25
2016.09.01 06:46:58.597,0.98401,0.9841,1.12,1.00
2016.09.01 06:46:58.649,0.98401,0.9841,1.12,1.00
2016.09.01 06:46:59.090,0.98401,0.98411,1.12,1.12
2016.09.01 06:46:59.416,0.98401,0.98412,1.12,5.62
2016.09.01 06:46:59.518,0.98401,0.98411,1.12,1.12
2016.09.01 06:47:00.347,0.98401,0.98411,1.12,1.87
2016.09.01 06:47:00.398,0.98401,0.98411,1.12,2.62
2016.09.01 06:47:00.811,0.98401,0.98411,1.50,2.62
2016.09.01 06:47:01.372,0.98401,0.98411,1.50,1.12
2016.09.01 06:47:01.424,0.98401,0.98411,3.75,1.12
2016.09.01 06:47:01.524,0.98401,0.98412,3.75,5.62
2016.09.01 06:47:02.200,0.98401,0.98412,3.75,4.87
2016.09.01 06:47:02.405,0.98401,0.98411,3.75,1.12
2016.09.01 06:47:05.303,0.98401,0.98412,3.75,4.87
2016.09.01 06:47:05.405,0.98401,0.98411,3.75,1.12
2016.09.01 06:47:06.705,0.98401,0.9841,3.75,1.00
2016.09.01 06:47:06.756,0.98401,0.9841,1.12,1.12
2016.09.01 06:47:06.807,0.98401,0.9841,1.00,1.50
2016.09.01 06:47:06.859,0.98401,0.9841,1.12,1.50
2016.09.01 06:47:06.910,0.98401,0.98409,1.12,1.12
2016.09.01 06:47:07.604,0.98401,0.9841,1.12,1.50
2016.09.01 06:47:07.693,0.98401,0.9841,1.00,1.50
2016.09.01 06:47:07.846,0.984,0.9841,1.12,1.50
2016.09.01 06:47:09.981,0.984,0.9841,2.25,1.50
2016.09.01 06:47:10.076,0.98401,0.98411,1.50,1.87
2016.09.01 06:47:10.180,0.98401,0.98411,1.37,2.25
2016.09.01 06:47:11.180,0.98401,0.98412,1.37,3.37
2016.09.01 06:47:12.028,0.98401,0.98412,1.37,4.12
2016.09.01 06:47:13.633,0.98401,0.98412,1.12,4.12
2016.09.01 06:47:13.684,0.98401,0.98412,1.12,4.87
2016.09.01 06:47:13.818,0.98401,0.98411,1.00,1.50
2016.09.01 06:47:13.911,0.98401,0.9841,1.00,1.12
2016.09.01 06:47:14.167,0.98401,0.9841,1.00,1.12
2016.09.01 06:47:14.269,0.98401,0.9841,1.00,1.50
2016.09.01 06:47:14.321,0.98401,0.98409,1.00,1.00
2016.09.01 06:47:14.828,0.984,0.98409,1.00,1.00
2016.09.01 06:47:20.180,0.984,0.98409,1.00,1.50
2016.09.01 06:47:20.750,0.984,0.98409,1.00,1.00
2016.09.01 06:47:21.698,0.984,0.98409,1.00,1.00
2016.09.01 06:47:22.793,0.984,0.98409,1.00,1.50
2016.09.01 06:47:23.202,0.984,0.98409,1.00,1.00
2016.09.01 06:47:30.325,0.984,0.9841,1.00,1.50
2016.09.01 06:47:37.896,0.98399,0.9841,1.87,2.25
2016.09.01 06:47:37.947,0.98399,0.9841,2.62,2.25
2016.09.01 06:47:38.050,0.98399,0.98409,2.62,1.12
2016.09.01 06:47:38.101,0.98399,0.98408,1.87,1.00
2016.09.01 06:47:38.153,0.98399,0.98406,1.00,1.00
2016.09.01 06:47:38.204,0.98398,0.98406,1.12,1.00
2016.09.01 06:47:38.256,0.98398,0.98406,1.00,1.12
2016.09.01 06:47:38.307,0.98396,0.98406,5.25,1.12
2016.09.01 06:47:38.358,0.98396,0.98405,5.25,1.00
2016.09.01 06:47:38.409,0.98396,0.98405,4.50,1.00
2016.09.01 06:47:38.965,0.98396,0.98406,4.50,1.87
2016.09.01 06:47:39.506,0.98396,0.98406,3.75,1.87
2016.09.01 06:47:39.608,0.98396,0.98406,4.50,1.87
2016.09.01 06:47:39.969,0.98396,0.98406,1.87,1.87
2016.09.01 06:47:40.072,0.98396,0.98406,1.87,1.12
2016.09.01 06:47:40.123,0.98396,0.98406,1.12,1.12
2016.09.01 06:47:40.225,0.98396,0.98406,1.87,1.12
2016.09.01 06:47:40.328,0.98396,0.98406,1.50,2.25
2016.09.01 06:47:40.923,0.98396,0.98406,1.50,1.50
2016.09.01 06:47:41.128,0.98396,0.98406,1.50,1.50
2016.09.01 06:47:42.537,0.98396,0.98406,1.00,1.50
2016.09.01 06:47:43.040,0.98396,0.98406,1.50,1.50
2016.09.01 06:47:43.592,0.98396,0.98406,1.50,1.50
2016.09.01 06:47:43.995,0.98396,0.98406,1.00,1.50
2016.09.01 06:47:44.047,0.98396,0.98406,1.50,1.50
2016.09.01 06:47:44.343,0.98396,0.98406,1.00,1.50
2016.09.01 06:47:44.642,0.98396,0.98406,1.50,1.50
2016.09.01 06:47:45.534,0.98396,0.98406,1.00,1.50
2016.09.01 06:47:45.817,0.98396,0.98406,1.50,1.50
2016.09.01 06:47:47.221,0.98396,0.98406,1.00,1.50
2016.09.01 06:47:47.323,0.98396,0.98406,1.50,1.50
2016.09.01 06:47:48.501,0.98396,0.98406,1.50,2.25
2016.09.01 06:47:48.903,0.98396,0.98406,1.50,1.50
2016.09.01 06:47:49.210,0.98396,0.98406,1.50,2.25
2016.09.01 06:47:49.629,0.98396,0.98406,1.00,2.25
2016.09.01 06:47:49.732,0.98396,0.98406,1.50,2.25
2016.09.01 06:47:49.937,0.98396,0.98406,1.00,2.25
2016.09.01 06:47:50.141,0.98396,0.98406,1.50,1.50
2016.09.01 06:47:50.345,0.98396,0.98406,1.00,1.50
2016.09.01 06:47:50.447,0.98397,0.98406,1.00,1.50
2016.09.01 06:47:50.546,0.98396,0.98406,3.45,1.50
2016.09.01 06:47:50.598,0.98396,0.98407,4.20,1.87
2016.09.01 06:47:50.752,0.98397,0.98407,1.00,1.87
2016.09.01 06:47:51.160,0.98396,0.98407,3.00,1.87
2016.09.01 06:47:51.263,0.98397,0.98407,1.00,1.87
2016.09.01 06:47:52.064,0.98397,0.98407,1.12,1.50
2016.09.01 06:47:53.563,0.98396,0.98407,3.75,1.50
2016.09.01 06:47:53.665,0.98396,0.98407,3.75,1.50
2016.09.01 06:47:53.717,0.98398,0.98406,1.00,1.00
2016.09.01 06:47:53.768,0.98398,0.98406,1.00,1.00
2016.09.01 06:47:53.871,0.98398,0.98406,1.00,1.50
2016.09.01 06:47:53.923,0.98396,0.98406,1.50,1.50
2016.09.01 06:47:53.974,0.98396,0.98406,3.00,1.50
2016.09.01 06:47:54.026,0.98396,0.98406,3.00,1.50
2016.09.01 06:47:54.155,0.98397,0.98406,1.00,1.00
2016.09.01 06:47:54.257,0.98397,0.98406,1.00,1.00
2016.09.01 06:47:54.360,0.98397,0.98406,1.12,1.00
2016.09.01 06:47:54.464,0.98396,0.98406,3.00,1.00
2016.09.01 06:47:54.568,0.98397,0.98406,1.12,1.00
2016.09.01 06:47:54.731,0.98397,0.98406,1.12,1.00
2016.09.01 06:47:54.935,0.98396,0.98406,3.00,1.00
2016.09.01 06:47:55.234,0.98397,0.98406,1.12,1.00
2016.09.01 06:47:55.718,0.98397,0.98406,1.12,1.50
2016.09.01 06:47:55.921,0.98397,0.98406,1.12,1.00
2016.09.01 06:47:56.177,0.98396,0.98406,2.25,1.00
2016.09.01 06:47:56.282,0.98396,0.98406,2.25,1.50
2016.09.01 06:47:56.334,0.98396,0.98406,2.25,1.50
2016.09.01 06:47:56.538,0.98396,0.98406,1.50,1.50
2016.09.01 06:47:56.641,0.98396,0.98406,2.25,1.50
2016.09.01 06:47:56.743,0.98396,0.98406,1.50,1.50
2016.09.01 06:47:56.933,0.98396,0.98406,2.25,1.50
2016.09.01 06:47:57.204,0.98396,0.98406,1.50,1.50
2016.09.01 06:47:57.751,0.98396,0.98406,1.50,2.25
2016.09.01 06:47:58.161,0.98396,0.98406,1.00,2.25
2016.09.01 06:47:58.212,0.98396,0.98406,1.50,1.50
2016.09.01 06:47:58.315,0.98396,0.98406,1.50,1.50
2016.09.01 06:47:58.366,0.98396,0.98406,2.25,1.50
2016.09.01 06:47:58.468,0.98396,0.98406,2.62,1.50
2016.09.01 06:47:58.519,0.98396,0.98407,3.37,1.87
2016.09.01 06:47:58.571,0.98397,0.98407,1.12,1.50
2016.09.01 06:47:59.783,0.98396,0.98407,4.50,1.50
2016.09.01 06:47:59.936,0.98397,0.98407,1.12,1.50
2016.09.01 06:48:00.248,0.98396,0.98407,4.50,1.50
2016.09.01 06:48:00.571,0.98397,0.98407,1.12,1.50
2016.09.01 06:48:00.673,0.98397,0.98407,1.12,1.12
2016.09.01 06:48:00.724,0.98397,0.98408,1.12,4.12
2016.09.01 06:48:00.877,0.98396,0.98408,4.50,3.00
2016.09.01 06:48:01.245,0.98397,0.98408,1.12,3.75
2016.09.01 06:48:01.457,0.98397,0.98408,1.87,3.00
2016.09.01 06:48:01.770,0.98397,0.98408,1.87,2.25
2016.09.01 06:48:02.127,0.98398,0.98408,1.00,2.25
2016.09.01 06:48:02.230,0.98397,0.98408,1.87,2.25
2016.09.01 06:48:04.260,0.98397,0.98408,1.87,2.62
2016.09.01 06:48:04.362,0.98397,0.98408,1.12,1.87
2016.09.01 06:48:06.478,0.98397,0.98408,1.87,2.62
2016.09.01 06:48:06.631,0.98397,0.98407,1.12,1.12
2016.09.01 06:48:06.734,0.98397,0.98407,1.12,1.12
2016.09.01 06:48:06.887,0.98396,0.98407,3.00,1.12
2016.09.01 06:48:07.475,0.98397,0.98407,1.12,1.12
2016.09.01 06:48:07.527,0.98397,0.98408,1.12,4.12
2016.09.01 06:48:08.601,0.98397,0.98407,1.12,1.12
2016.09.01 06:48:12.115,0.98397,0.98408,1.12,4.12
2016.09.01 06:48:13.870,0.98397,0.98407,1.12,1.12
2016.09.01 06:48:17.001,0.98397,0.98407,1.12,1.12
2016.09.01 06:48:17.052,0.98397,0.98407,1.12,1.87
2016.09.01 06:48:17.104,0.98396,0.98407,3.00,1.87
2016.09.01 06:48:17.155,0.98396,0.98406,2.25,1.00
2016.09.01 06:48:17.206,0.98396,0.98406,1.87,1.87
2016.09.01 06:48:17.257,0.98396,0.98406,1.12,1.87
2016.09.01 06:48:18.104,0.98396,0.98406,1.87,1.87
2016.09.01 06:48:19.758,0.98396,0.98406,1.12,1.87
2016.09.01 06:48:19.809,0.98396,0.98406,1.12,1.12
2016.09.01 06:48:20.064,0.98396,0.98406,1.87,1.12
2016.09.01 06:48:21.343,0.98396,0.98406,1.87,1.87
2016.09.01 06:48:21.395,0.98396,0.98406,1.00,4.12
2016.09.01 06:48:21.447,0.98396,0.98402,1.00,1.00
2016.09.01 06:48:21.774,0.98394,0.98403,1.00,1.00
2016.09.01 06:48:22.364,0.98394,0.98404,1.00,1.50
2016.09.01 06:48:22.774,0.98394,0.98403,1.00,1.00
2016.09.01 06:48:23.465,0.98394,0.98404,1.00,1.50
2016.09.01 06:48:24.650,0.98394,0.98403,1.00,1.00
2016.09.01 06:48:26.356,0.98393,0.98403,2.25,1.50
2016.09.01 06:48:26.662,0.98393,0.98403,2.25,1.00
2016.09.01 06:48:27.112,0.98393,0.98403,1.00,1.00
2016.09.01 06:48:27.418,0.98393,0.98404,1.00,4.12
2016.09.01 06:48:28.181,0.98393,0.98404,1.00,3.37
2016.09.01 06:48:28.232,0.98393,0.98404,1.50,2.62
2016.09.01 06:48:28.284,0.98394,0.98404,1.00,2.25
2016.09.01 06:48:28.337,0.98394,0.98404,1.00,3.00
2016.09.01 06:48:28.442,0.98394,0.98404,1.00,2.25
2016.09.01 06:48:28.544,0.98394,0.98404,1.00,2.25
2016.09.01 06:48:28.595,0.98393,0.98404,1.50,3.19
2016.09.01 06:48:28.647,0.98393,0.98404,1.00,3.94
2016.09.01 06:48:28.884,0.98393,0.98402,1.00,1.00
2016.09.01 06:48:29.088,0.98393,0.98404,1.00,3.94
2016.09.01 06:48:29.241,0.98393,0.98403,1.00,1.00
2016.09.01 06:48:30.141,0.98393,0.98404,1.00,3.94
2016.09.01 06:48:30.239,0.98393,0.98403,1.00,1.00
2016.09.01 06:48:30.392,0.98393,0.98403,1.00,1.12
2016.09.01 06:48:34.058,0.98393,0.98404,1.00,4.12
2016.09.01 06:48:36.751,0.98393,0.98404,1.00,4.12
2016.09.01 06:48:36.909,0.98393,0.98404,1.00,4.87
2016.09.01 06:48:38.476,0.98393,0.98404,1.00,5.62
2016.09.01 06:48:39.069,0.98393,0.98404,1.00,4.87
2016.09.01 06:48:39.551,0.98393,0.98403,1.00,1.00
2016.09.01 06:48:39.675,0.98392,0.98403,2.25,1.87
2016.09.01 06:48:41.060,0.98392,0.98403,3.00,1.87
2016.09.01 06:48:46.259,0.98392,0.98403,3.75,1.12
2016.09.01 06:48:46.310,0.98392,0.98403,3.75,1.00
2016.09.01 06:48:47.891,0.98392,0.98403,3.75,1.12
2016.09.01 06:48:48.191,0.98392,0.98403,3.00,1.87
2016.09.01 06:48:48.243,0.98392,0.98403,2.25,1.87
2016.09.01 06:48:50.141,0.98392,0.98403,3.00,1.87
2016.09.01 06:48:50.193,0.98392,0.98403,3.75,1.12
2016.09.01 06:48:50.262,0.98392,0.98403,3.37,1.87
2016.09.01 06:48:50.314,0.98392,0.98403,3.37,1.87
2016.09.01 06:48:52.276,0.98392,0.98403,4.12,1.12
2016.09.01 06:48:52.780,0.98393,0.98403,1.87,1.12
2016.09.01 06:48:52.832,0.98393,0.98404,2.62,5.25
2016.09.01 06:48:52.883,0.98394,0.98404,1.12,4.50
2016.09.01 06:48:52.934,0.98394,0.98404,1.87,2.25
2016.09.01 06:48:53.138,0.98394,0.98404,1.87,1.12
2016.09.01 06:48:53.443,0.98394,0.98405,1.87,4.87
2016.09.01 06:48:53.494,0.98394,0.98405,1.12,5.62
2016.09.01 06:48:54.785,0.98394,0.98405,1.87,4.87
2016.09.01 06:48:54.837,0.98394,0.98405,1.87,4.12
2016.09.01 06:48:54.888,0.98394,0.98405,1.87,4.87
2016.09.01 06:48:54.939,0.98394,0.98405,1.87,5.62
2016.09.01 06:48:54.990,0.98394,0.98405,1.12,5.62
2016.09.01 06:48:55.041,0.98394,0.98405,1.12,5.25
2016.09.01 06:48:55.479,0.98394,0.98405,1.12,5.62
2016.09.01 06:48:55.977,0.98394,0.98405,1.12,4.87
2016.09.01 06:48:56.894,0.98394,0.98404,1.12,1.12
2016.09.01 06:48:57.180,0.98394,0.98405,1.12,4.87
2016.09.01 06:48:57.858,0.98394,0.98405,1.12,5.62
2016.09.01 06:48:58.658,0.98394,0.98405,1.12,4.87
2016.09.01 06:48:59.209,0.98395,0.98405,1.00,4.12
2016.09.01 06:48:59.261,0.98397,0.98405,1.00,1.87
2016.09.01 06:48:59.313,0.98397,0.98405,1.00,1.50
2016.09.01 06:48:59.364,0.98397,0.98405,1.50,1.00
2016.09.01 06:48:59.415,0.98397,0.98406,1.00,3.75
2016.09.01 06:48:59.518,0.98397,0.98405,1.50,1.00
2016.09.01 06:48:59.926,0.98397,0.98406,1.00,1.87
2016.09.01 06:48:59.978,0.98396,0.98406,2.62,1.87
2016.09.01 06:49:00.131,0.98397,0.98405,1.00,1.00
2016.09.01 06:49:00.452,0.98397,0.98406,1.00,1.87
2016.09.01 06:49:00.549,0.98397,0.98406,1.50,1.87
2016.09.01 06:49:01.060,0.98397,0.98406,1.00,1.12
2016.09.01 06:49:01.111,0.98396,0.98406,2.62,1.12
2016.09.01 06:49:01.163,0.98396,0.98406,2.62,1.50
2016.09.01 06:49:01.214,0.98397,0.98406,1.00,2.25
2016.09.01 06:49:01.265,0.98397,0.98406,1.00,4.50
2016.09.01 06:49:04.168,0.98397,0.98405,1.00,1.37
2016.09.01 06:49:04.219,0.98397,0.98405,1.00,1.87
2016.09.01 06:49:06.418,0.98396,0.98405,1.87,1.12
2016.09.01 06:49:06.469,0.98397,0.98405,1.00,1.87
2016.09.01 06:49:08.060,0.98396,0.98405,1.87,1.12
2016.09.01 06:49:08.111,0.98396,0.98405,1.12,1.12
2016.09.01 06:49:08.162,0.98397,0.98405,1.00,1.87
2016.09.01 06:49:08.316,0.98397,0.98405,1.00,1.87
2016.09.01 06:49:08.729,0.98397,0.98405,1.00,1.87
2016.09.01 06:49:08.832,0.98397,0.98405,1.00,1.50
2016.09.01 06:49:09.087,0.98397,0.98405,1.50,1.50
2016.09.01 06:49:09.834,0.98397,0.98405,1.50,1.00
2016.09.01 06:49:09.885,0.98397,0.98406,1.50,1.87
2016.09.01 06:49:10.411,0.98397,0.98406,1.87,1.50
2016.09.01 06:49:10.895,0.98398,0.98406,1.00,1.50
2016.09.01 06:49:16.800,0.98397,0.98406,1.12,1.50
2016.09.01 06:49:17.191,0.98397,0.98406,1.12,1.50
2016.09.01 06:49:25.379,0.98397,0.98406,1.12,1.87
2016.09.01 06:49:25.436,0.98397,0.98406,1.12,1.50
2016.09.01 06:49:25.754,0.98397,0.98406,1.12,1.87
2016.09.01 06:49:27.347,0.98396,0.98405,1.50,1.00
2016.09.01 06:49:27.450,0.98396,0.98405,1.50,1.00
2016.09.01 06:49:27.501,0.98395,0.98405,1.50,1.00
2016.09.01 06:49:27.552,0.98395,0.98405,1.50,1.87
2016.09.01 06:49:27.603,0.98394,0.98405,1.87,2.62
2016.09.01 06:49:27.654,0.98394,0.98405,1.87,3.00
2016.09.01 06:49:27.757,0.98394,0.98405,1.87,2.25
2016.09.01 06:49:28.077,0.98394,0.98402,1.87,1.50
2016.09.01 06:49:28.128,0.98394,0.98402,1.12,1.50
2016.09.01 06:49:28.180,0.98393,0.98402,1.37,1.50
2016.09.01 06:49:28.231,0.98393,0.98402,1.12,1.87
2016.09.01 06:49:28.282,0.98392,0.98402,1.50,1.87
2016.09.01 06:49:29.239,0.98392,0.98402,2.25,1.87
2016.09.01 06:49:29.291,0.98392,0.98401,2.25,1.50
2016.09.01 06:49:29.342,0.98392,0.98401,1.50,1.50
2016.09.01 06:49:29.393,0.98392,0.98401,1.50,1.00
2016.09.01 06:49:29.569,0.98392,0.98401,1.50,1.50
2016.09.01 06:49:31.747,0.98392,0.98401,1.50,1.00
2016.09.01 06:49:31.798,0.98392,0.98402,1.50,1.12
2016.09.01 06:49:32.134,0.98392,0.98402,1.50,1.12
2016.09.01 06:49:33.251,0.98392,0.98402,2.25,1.87
2016.09.01 06:49:33.436,0.98393,0.98402,1.12,1.50
2016.09.01 06:49:33.487,0.98393,0.98402,1.87,1.50
2016.09.01 06:49:36.084,0.98393,0.98403,1.87,1.87
2016.09.01 06:49:36.136,0.98393,0.98403,2.25,1.87
2016.09.01 06:49:36.187,0.98394,0.98403,1.12,1.50
2016.09.01 06:49:36.289,0.98393,0.98403,2.62,1.00
2016.09.01 06:49:36.559,0.98394,0.98403,1.12,1.00
2016.09.01 06:49:38.060,0.98393,0.98403,2.62,1.50
2016.09.01 06:49:38.112,0.98393,0.98403,1.87,4.50
2016.09.01 06:49:38.164,0.98393,0.98403,1.12,4.87
2016.09.01 06:49:38.215,0.98392,0.98403,1.50,6.37
2016.09.01 06:49:38.267,0.98392,0.98403,1.50,8.25
2016.09.01 06:49:38.345,0.98392,0.98403,1.50,8.25
2016.09.01 06:49:38.396,0.98391,0.98401,2.00,2.25
2016.09.01 06:49:38.447,0.9839,0.98401,2.06,2.25
2016.09.01 06:49:38.499,0.9839,0.98401,1.87,2.25
2016.09.01 06:49:38.550,0.9839,0.98401,2.62,2.25
2016.09.01 06:49:38.601,0.9839,0.98401,2.62,2.62
2016.09.01 06:49:38.652,0.9839,0.98401,2.25,3.00
2016.09.01 06:49:38.703,0.9839,0.98401,1.87,3.00
2016.09.01 06:49:38.959,0.9839,0.98401,1.87,3.00
2016.09.01 06:49:40.089,0.9839,0.98401,1.87,3.00
2016.09.01 06:49:40.191,0.9839,0.98401,2.25,3.00
2016.09.01 06:49:40.572,0.9839,0.98401,1.87,3.00
2016.09.01 06:49:42.278,0.9839,0.98401,1.94,1.50
2016.09.01 06:49:42.664,0.98391,0.98401,1.00,1.50
2016.09.01 06:49:43.279,0.9839,0.98401,1.94,1.50
2016.09.01 06:49:43.382,0.98391,0.98401,1.00,1.50
2016.09.01 06:49:43.586,0.9839,0.98401,1.94,1.50
2016.09.01 06:49:44.743,0.9839,0.98401,2.31,1.50
2016.09.01 06:49:44.794,0.9839,0.98401,2.31,1.50
2016.09.01 06:49:44.846,0.9839,0.98401,3.06,1.37
2016.09.01 06:49:44.897,0.9839,0.98401,3.06,1.00
2016.09.01 06:49:44.999,0.9839,0.98401,3.06,1.12
2016.09.01 06:49:45.050,0.98391,0.98401,1.00,1.12
2016.09.01 06:49:45.101,0.9839,0.98401,3.06,1.00
2016.09.01 06:49:45.153,0.9839,0.98401,2.69,1.00
2016.09.01 06:49:47.543,0.9839,0.98401,1.94,1.12
2016.09.01 06:49:47.594,0.9839,0.984,1.94,1.00
2016.09.01 06:49:47.646,0.9839,0.984,1.19,1.50
2016.09.01 06:49:47.776,0.98389,0.984,2.88,1.50
2016.09.01 06:49:48.205,0.9839,0.984,1.87,1.50
2016.09.01 06:49:49.177,0.9839,0.984,1.12,1.50
2016.09.01 06:49:49.869,0.9839,0.984,1.87,1.50
2016.09.01 06:49:51.501,0.98389,0.984,3.37,1.50
2016.09.01 06:49:51.554,0.98389,0.984,3.00,1.50
2016.09.01 06:49:51.605,0.98389,0.984,3.75,1.50
2016.09.01 06:49:52.319,0.98389,0.984,3.00,1.50
2016.09.01 06:49:52.370,0.9839,0.984,1.12,1.50
2016.09.01 06:49:54.205,0.9839,0.984,2.62,1.50
2016.09.01 06:49:54.256,0.98391,0.984,1.00,1.50
2016.09.01 06:49:54.349,0.9839,0.984,1.87,1.50
2016.09.01 06:49:54.400,0.9839,0.984,2.62,1.50
2016.09.01 06:49:54.962,0.9839,0.984,2.62,1.12
2016.09.01 06:49:55.396,0.98391,0.984,1.00,1.12
2016.09.01 06:49:56.311,0.9839,0.984,1.12,1.12
2016.09.01 06:49:56.570,0.9839,0.984,1.12,1.12
2016.09.01 06:49:56.672,0.9839,0.984,1.12,1.12
2016.09.01 06:49:56.980,0.98389,0.98399,2.25,1.50
2016.09.01 06:49:57.032,0.98389,0.98399,1.50,5.25
2016.09.01 06:49:57.083,0.98389,0.98399,1.37,5.25
2016.09.01 06:49:57.135,0.98388,0.98399,1.50,6.75
2016.09.01 06:49:57.186,0.98388,0.98397,1.50,4.50
2016.09.01 06:49:57.289,0.98388,0.98397,1.37,5.25
2016.09.01 06:49:57.340,0.98387,0.98397,1.12,5.25
2016.09.01 06:49:57.671,0.98387,0.98397,1.87,4.50
2016.09.01 06:49:57.773,0.98387,0.98397,1.12,4.50
2016.09.01 06:49:58.080,0.98387,0.98397,1.12,3.75
2016.09.01 06:49:58.285,0.98387,0.98397,1.12,4.50
2016.09.01 06:49:58.599,0.98387,0.98398,1.12,6.37
2016.09.01 06:49:58.702,0.98387,0.98398,1.12,6.37
2016.09.01 06:49:58.804,0.98387,0.98398,1.12,6.00
2016.09.01 06:50:00.011,0.98387,0.98397,1.12,1.00
2016.09.01 06:50:00.920,0.98387,0.98397,1.50,1.00
2016.09.01 06:50:01.103,0.98387,0.98397,2.25,1.50
2016.09.01 06:50:01.155,0.98387,0.98397,2.25,1.50
2016.09.01 06:50:01.206,0.98387,0.98397,2.25,2.25
2016.09.01 06:50:01.309,0.98387,0.98397,1.12,2.25
2016.09.01 06:50:01.360,0.98387,0.98397,1.12,2.25
2016.09.01 06:50:02.256,0.98387,0.98397,1.12,2.25
2016.09.01 06:50:02.538,0.98387,0.98397,1.12,5.25
2016.09.01 06:50:02.691,0.98387,0.98397,1.12,5.25
2016.09.01 06:50:06.440,0.98387,0.98397,1.12,4.50
2016.09.01 06:50:07.321,0.98387,0.98397,1.12,3.75
2016.09.01 06:50:07.423,0.98387,0.98397,1.12,4.50
2016.09.01 06:50:10.052,0.98387,0.98397,1.50,4.50
2016.09.01 06:50:10.132,0.98387,0.98397,2.25,4.50
2016.09.01 06:50:10.184,0.98387,0.98397,2.25,1.50
2016.09.01 06:50:10.236,0.98387,0.98398,2.81,5.25
2016.09.01 06:50:10.287,0.98388,0.98398,1.12,4.50
2016.09.01 06:50:10.338,0.98388,0.98398,1.50,4.50
2016.09.01 06:50:11.706,0.98388,0.98398,1.50,1.50
2016.09.01 06:50:11.757,0.98388,0.98398,1.50,1.50
2016.09.01 06:50:15.335,0.98388,0.98398,1.50,1.50
2016.09.01 06:50:15.440,0.98388,0.98398,1.50,2.25
2016.09.01 06:50:16.371,0.98388,0.98398,1.50,1.50
2016.09.01 06:50:17.770,0.98388,0.98398,1.50,1.50
2016.09.01 06:50:20.664,0.98388,0.98398,1.50,1.50
2016.09.01 06:50:23.057,0.98387,0.98398,3.37,2.25
2016.09.01 06:50:23.109,0.98387,0.98398,3.37,3.00
2016.09.01 06:50:23.161,0.98387,0.98397,2.62,1.00
2016.09.01 06:50:23.500,0.98387,0.98397,2.62,1.00
2016.09.01 06:50:24.388,0.98387,0.98397,3.00,1.00
2016.09.01 06:50:24.582,0.98387,0.98397,2.62,1.00
2016.09.01 06:50:24.990,0.98387,0.98397,2.62,1.00
2016.09.01 06:50:26.093,0.98387,0.98398,3.37,6.00
2016.09.01 06:50:26.777,0.98387,0.98398,3.37,5.25
2016.09.01 06:50:26.944,0.98387,0.98398,2.62,4.50
2016.09.01 06:50:27.047,0.98387,0.98398,3.75,5.25
2016.09.01 06:50:27.098,0.98388,0.98398,2.25,4.50
2016.09.01 06:50:27.149,0.98388,0.98398,2.25,1.50
2016.09.01 06:50:27.303,0.98388,0.98398,2.25,1.50
2016.09.01 06:50:27.355,0.98388,0.98398,2.44,1.50
2016.09.01 06:50:27.642,0.98388,0.98398,3.19,1.50
2016.09.01 06:50:27.764,0.98389,0.98398,1.12,1.50
2016.09.01 06:50:29.117,0.98389,0.98399,1.87,1.50
2016.09.01 06:50:30.018,0.98389,0.98399,1.87,5.25
2016.09.01 06:50:30.069,0.98389,0.98399,1.12,5.25
2016.09.01 06:50:30.954,0.98389,0.98399,1.12,2.25
2016.09.01 06:50:31.506,0.98388,0.98399,2.25,3.00
2016.09.01 06:50:32.161,0.98388,0.98398,1.50,1.12
2016.09.01 06:50:32.608,0.98388,0.98399,1.50,3.75
2016.09.01 06:50:33.396,0.98388,0.98398,1.50,1.12
2016.09.01 06:50:36.291,0.98387,0.98396,4.69,1.00
2016.09.01 06:50:36.394,0.98388,0.98396,1.00,1.50
2016.09.01 06:50:36.445,0.98387,0.98396,3.94,1.50
2016.09.01 06:50:36.497,0.98387,0.98396,3.94,1.37
2016.09.01 06:50:36.548,0.98387,0.98396,3.56,1.37
2016.09.01 06:50:36.600,0.98387,0.98394,1.12,1.87
2016.09.01 06:50:36.651,0.98385,0.98394,1.75,5.62
2016.09.01 06:50:36.703,0.98386,0.98394,1.00,4.87
2016.09.01 06:50:36.827,0.98385,0.98394,1.50,4.12
2016.09.01 06:50:36.878,0.98385,0.98394,1.50,4.87
2016.09.01 06:50:41.133,0.98385,0.98394,1.50,4.50
2016.09.01 06:50:41.671,0.98385,0.98394,1.50,5.25
2016.09.01 06:50:52.265,0.98385,0.98394,1.50,5.17
2016.09.01 06:50:52.316,0.98385,0.98394,1.50,4.42
2016.09.01 06:50:52.610,0.98385,0.98394,1.50,4.80
2016.09.01 06:50:53.793,0.98385,0.98394,1.50,4.80
2016.09.01 06:50:53.896,0.98385,0.98394,1.50,3.67
2016.09.01 06:50:53.999,0.98385,0.98394,1.50,4.42
2016.09.01 06:50:54.102,0.98385,0.98394,1.87,4.42
2016.09.01 06:50:54.154,0.98385,0.98394,2.25,4.42
2016.09.01 06:50:54.205,0.98385,0.98394,1.50,3.67
2016.09.01 06:50:54.307,0.98385,0.98394,1.50,4.42
2016.09.01 06:50:54.695,0.98385,0.98394,1.50,4.42
2016.09.01 06:50:56.503,0.98385,0.98394,1.50,4.42
2016.09.01 06:50:56.555,0.98385,0.98394,1.50,1.00
2016.09.01 06:50:56.606,0.98385,0.98395,1.50,2.55
2016.09.01 06:50:56.709,0.98385,0.98395,1.50,1.80
2016.09.01 06:50:56.760,0.98385,0.98395,1.50,2.55
2016.09.01 06:50:56.812,0.98385,0.98395,1.50,1.80
2016.09.01 06:50:56.914,0.98385,0.98395,2.25,2.55
2016.09.01 06:50:57.017,0.98385,0.98395,1.50,2.55
2016.09.01 06:50:57.137,0.98385,0.98395,1.50,1.80
2016.09.01 06:50:57.400,0.98385,0.98395,1.50,1.80
2016.09.01 06:50:57.452,0.98384,0.98394,1.50,1.50
2016.09.01 06:50:57.503,0.98384,0.98393,1.12,2.62
2016.09.01 06:51:00.426,0.98384,0.98393,1.12,2.62
2016.09.01 06:51:00.547,0.98384,0.98393,1.12,2.62
2016.09.01 06:51:00.650,0.98382,0.98391,4.12,1.00
2016.09.01 06:51:00.702,0.98382,0.98392,2.25,3.37
2016.09.01 06:51:01.593,0.98382,0.98392,1.50,3.37
2016.09.01 06:51:01.644,0.98382,0.98392,1.00,3.37
2016.09.01 06:51:01.899,0.98382,0.98392,1.00,4.12
2016.09.01 06:51:02.024,0.98381,0.98391,2.62,2.25
2016.09.01 06:51:02.129,0.98381,0.98391,1.12,2.25
2016.09.01 06:51:02.180,0.98381,0.98391,1.87,2.25
2016.09.01 06:51:02.232,0.98381,0.98391,1.87,4.50
2016.09.01 06:51:02.335,0.98381,0.98391,1.87,2.25
2016.09.01 06:51:02.437,0.98381,0.98391,2.62,1.50
2016.09.01 06:51:02.641,0.98381,0.98391,2.62,1.50
2016.09.01 06:51:02.877,0.98381,0.98391,1.87,1.50
2016.09.01 06:51:02.928,0.98381,0.98391,2.62,1.50
2016.09.01 06:51:03.030,0.98381,0.98391,2.62,2.25
2016.09.01 06:51:04.255,0.98381,0.98391,2.62,1.50
2016.09.01 06:51:04.539,0.98381,0.98391,1.87,1.50
2016.09.01 06:51:04.744,0.98381,0.98391,1.87,2.25
2016.09.01 06:51:04.937,0.98381,0.98391,1.87,1.50
2016.09.01 06:51:05.232,0.98381,0.98391,1.87,1.50
2016.09.01 06:51:05.334,0.98381,0.98391,1.87,1.50
2016.09.01 06:51:05.641,0.98381,0.98391,1.87,1.50
2016.09.01 06:51:07.143,0.98381,0.98391,1.87,1.50
2016.09.01 06:51:08.345,0.98381,0.98391,2.62,1.00
2016.09.01 06:51:09.007,0.98381,0.98391,3.37,1.00
2016.09.01 06:51:09.059,0.98381,0.98392,3.37,4.12
2016.09.01 06:51:09.213,0.98381,0.98392,2.62,4.87
2016.09.01 06:51:09.556,0.98381,0.98392,2.62,5.62
2016.09.01 06:51:09.760,0.98381,0.98392,2.62,4.87
2016.09.01 06:51:10.099,0.98382,0.98392,1.00,4.87
2016.09.01 06:51:10.254,0.98382,0.98392,1.50,4.87
2016.09.01 06:51:10.306,0.98382,0.98392,1.00,4.87
2016.09.01 06:51:10.439,0.98382,0.98392,1.12,4.50
2016.09.01 06:51:10.518,0.98382,0.98392,1.87,4.50
2016.09.01 06:51:10.671,0.98382,0.98392,1.87,5.25
2016.09.01 06:51:12.132,0.98382,0.98391,1.87,1.37
2016.09.01 06:51:12.184,0.98382,0.98391,1.12,1.37
2016.09.01 06:51:12.236,0.98381,0.98391,1.50,1.87
2016.09.01 06:51:12.339,0.98381,0.98392,2.25,5.17
2016.09.01 06:51:12.390,0.98381,0.98392,2.25,5.25
2016.09.01 06:51:12.441,0.98382,0.98392,1.12,6.00
2016.09.01 06:51:12.785,0.98382,0.98392,1.12,3.75
2016.09.01 06:51:12.837,0.98381,0.98392,2.25,3.75
2016.09.01 06:51:13.346,0.98381,0.98391,2.25,1.00
2016.09.01 06:51:13.550,0.98381,0.98392,2.25,3.75
2016.09.01 06:51:13.861,0.98381,0.98392,2.25,3.37
2016.09.01 06:51:15.979,0.98381,0.98391,2.25,1.00
2016.09.01 06:51:16.641,0.98381,0.98392,2.25,3.37
2016.09.01 06:51:18.151,0.98381,0.98391,2.25,1.00
2016.09.01 06:51:18.650,0.98381,0.98392,2.25,3.37
2016.09.01 06:51:19.175,0.98381,0.98391,2.25,1.00
2016.09.01 06:51:19.280,0.98381,0.98392,2.25,3.37
2016.09.01 06:51:23.522,0.98381,0.98392,2.25,2.62
2016.09.01 06:51:27.619,0.98381,0.98392,2.25,3.37
2016.09.01 06:51:27.671,0.98381,0.98391,2.25,1.00
2016.09.01 06:51:27.724,0.98381,0.98391,2.25,1.50
2016.09.01 06:51:27.878,0.98381,0.98391,2.25,2.25
2016.09.01 06:51:27.929,0.98381,0.98391,2.25,1.50
2016.09.01 06:51:27.981,0.98381,0.9839,2.25,1.00
2016.09.01 06:51:28.084,0.98381,0.98391,2.25,2.25
2016.09.01 06:51:28.136,0.98381,0.9839,1.50,1.00
2016.09.01 06:51:28.187,0.9838,0.98389,3.00,1.00
2016.09.01 06:51:28.239,0.9838,0.98389,2.25,1.50
2016.09.01 06:51:28.325,0.9838,0.98389,1.87,1.50
2016.09.01 06:51:28.377,0.98381,0.98387,1.00,1.00
2016.09.01 06:51:28.429,0.9838,0.98387,1.50,2.25
2016.09.01 06:51:28.480,0.98378,0.98387,1.87,3.00
2016.09.01 06:51:28.532,0.98378,0.98387,1.50,2.25
2016.09.01 06:51:28.583,0.98378,0.98387,1.50,3.00
2016.09.01 06:51:28.686,0.98378,0.98387,1.00,3.00
2016.09.01 06:51:28.848,0.98378,0.98387,1.50,3.00
2016.09.01 06:51:29.178,0.98378,0.98387,1.50,3.37
2016.09.01 06:51:29.230,0.98378,0.98385,1.00,1.50
2016.09.01 06:51:29.281,0.98375,0.98385,2.25,1.50
2016.09.01 06:51:29.332,0.98375,0.98383,2.25,1.50
2016.09.01 06:51:29.384,0.98374,0.98383,2.62,1.50
2016.09.01 06:51:29.436,0.98374,0.98383,1.50,1.50
2016.09.01 06:51:29.487,0.98374,0.98383,1.50,1.50
2016.09.01 06:51:29.539,0.98374,0.98383,1.50,1.00
2016.09.01 06:51:29.590,0.98374,0.98383,1.50,1.00
2016.09.01 06:51:29.641,0.98374,0.98383,1.87,1.50
2016.09.01 06:51:29.692,0.98374,0.98383,1.87,1.50
2016.09.01 06:51:29.849,0.98374,0.98383,1.87,1.50
2016.09.01 06:51:29.901,0.98374,0.98383,1.87,1.50
2016.09.01 06:51:29.952,0.98374,0.98383,1.50,1.50
2016.09.01 06:51:30.003,0.98374,0.98383,1.50,1.50
2016.09.01 06:51:30.450,0.98374,0.98383,1.50,1.00
2016.09.01 06:51:31.539,0.98374,0.98385,1.50,3.75
2016.09.01 06:51:32.440,0.98374,0.98385,1.50,3.94
2016.09.01 06:51:32.542,0.98374,0.98383,1.50,2.62
2016.09.01 06:51:32.594,0.98373,0.98383,3.19,2.62
2016.09.01 06:51:32.991,0.98373,0.98383,1.75,2.62
2016.09.01 06:51:33.043,0.98373,0.98383,3.00,2.62
2016.09.01 06:51:34.500,0.98373,0.98383,3.00,2.62
2016.09.01 06:51:35.452,0.98373,0.98383,2.25,2.62
2016.09.01 06:51:35.504,0.98373,0.98382,1.50,1.37
2016.09.01 06:51:35.609,0.98372,0.98381,1.12,1.87
2016.09.01 06:51:35.661,0.98372,0.98379,1.00,1.50
2016.09.01 06:51:35.713,0.98371,0.98379,1.50,1.87
2016.09.01 06:51:35.765,0.98371,0.98377,1.37,1.50
2016.09.01 06:51:35.868,0.98371,0.98377,1.37,1.00
2016.09.01 06:51:36.538,0.98368,0.98377,1.50,1.00
2016.09.01 06:51:39.437,0.98368,0.98377,1.50,3.37
2016.09.01 06:51:40.168,0.98367,0.98377,2.62,3.37
2016.09.01 06:51:40.627,0.98367,0.98377,2.62,4.12
2016.09.01 06:51:40.678,0.98368,0.98377,1.50,4.87
2016.09.01 06:51:41.678,0.98368,0.98377,1.50,2.25
2016.09.01 06:51:42.104,0.98368,0.98377,1.50,4.87
2016.09.01 06:51:42.207,0.98368,0.98377,1.50,2.62
2016.09.01 06:51:45.661,0.98368,0.98377,1.50,1.87
2016.09.01 06:51:46.927,0.98367,0.98377,1.87,5.25
2016.09.01 06:51:46.979,0.98366,0.98375,1.87,1.00
2016.09.01 06:51:47.030,0.98365,0.98375,2.25,1.00
2016.09.01 06:51:47.082,0.98365,0.98375,2.25,1.50
2016.09.01 06:51:47.134,0.98365,0.98375,2.25,2.25
2016.09.01 06:51:47.185,0.98365,0.98375,1.87,2.25
2016.09.01 06:51:47.288,0.98365,0.98374,1.87,1.00
2016.09.01 06:51:47.496,0.98365,0.98375,1.87,1.50
2016.09.01 06:51:47.818,0.98365,0.98375,1.87,1.50
2016.09.01 06:51:48.324,0.98365,0.98375,1.12,1.50
2016.09.01 06:51:48.376,0.98364,0.98375,3.00,1.50
2016.09.01 06:51:49.311,0.98364,0.98375,3.00,1.50
2016.09.01 06:51:49.516,0.98364,0.98375,3.00,1.50
2016.09.01 06:51:50.316,0.98364,0.98375,3.00,1.12
2016.09.01 06:51:51.389,0.98364,0.98375,3.00,1.12
2016.09.01 06:51:51.491,0.98364,0.98375,3.00,1.87
2016.09.01 06:51:51.746,0.98364,0.98375,1.75,3.00
2016.09.01 06:51:51.849,0.98364,0.98375,1.50,3.37
2016.09.01 06:51:51.900,0.98364,0.98375,1.87,2.62
2016.09.01 06:51:52.053,0.98364,0.98375,1.87,2.25
2016.09.01 06:51:52.104,0.98364,0.98375,1.87,2.25
2016.09.01 06:51:52.386,0.98364,0.98375,1.87,3.00
2016.09.01 06:51:52.437,0.98364,0.98375,1.87,3.37
2016.09.01 06:51:52.488,0.98364,0.98375,1.87,2.62
2016.09.01 06:51:52.707,0.98364,0.98375,1.87,1.87
2016.09.01 06:51:53.652,0.98364,0.98375,2.47,1.87
2016.09.01 06:51:53.776,0.98364,0.98375,2.47,1.87
2016.09.01 06:51:54.115,0.98364,0.98375,1.87,1.87
2016.09.01 06:51:54.217,0.98364,0.98375,1.87,1.87
2016.09.01 06:51:56.179,0.98364,0.98375,1.87,1.87
2016.09.01 06:51:56.333,0.98364,0.98375,1.87,1.87
2016.09.01 06:51:56.436,0.98364,0.98375,2.62,1.12
2016.09.01 06:51:56.487,0.98364,0.98377,3.37,4.87
2016.09.01 06:51:56.539,0.98365,0.98377,1.37,4.87
2016.09.01 06:51:56.590,0.98365,0.98376,1.87,1.50
2016.09.01 06:51:56.642,0.98365,0.98376,1.87,1.50
2016.09.01 06:51:57.649,0.98365,0.98376,1.87,1.12
2016.09.01 06:51:57.872,0.98365,0.98376,1.37,1.12
2016.09.01 06:51:58.496,0.98365,0.98376,1.87,1.12
2016.09.01 06:51:58.750,0.98365,0.98376,2.62,1.12
2016.09.01 06:51:58.802,0.98365,0.98375,2.62,1.00
2016.09.01 06:51:58.854,0.98365,0.98375,2.25,1.00
2016.09.01 06:51:59.005,0.98365,0.98375,2.25,1.00
2016.09.01 06:52:00.008,0.98364,0.98375,3.37,1.00
2016.09.01 06:52:01.689,0.98364,0.98375,3.37,1.50
2016.09.01 06:52:01.895,0.98364,0.98375,3.00,1.50
2016.09.01 06:52:01.947,0.98364,0.98375,3.00,1.50
2016.09.01 06:52:01.998,0.98364,0.98375,2.62,1.50
2016.09.01 06:52:02.049,0.98364,0.98375,2.25,1.87
2016.09.01 06:52:02.203,0.98364,0.98375,2.25,1.12
2016.09.01 06:52:02.479,0.98364,0.98375,2.62,1.12
2016.09.01 06:52:02.531,0.98364,0.98375,2.62,1.12
2016.09.01 06:52:02.583,0.98364,0.98375,2.62,1.12
2016.09.01 06:52:02.635,0.98364,0.98375,2.62,1.12
2016.09.01 06:52:02.686,0.98364,0.98375,1.12,1.87
2016.09.01 06:52:02.737,0.98364,0.98375,1.12,1.87
2016.09.01 06:52:02.788,0.98364,0.98375,1.12,2.62
2016.09.01 06:52:03.051,0.98364,0.98375,1.12,2.62
2016.09.01 06:52:03.102,0.98364,0.98375,1.12,1.87
2016.09.01 06:52:04.360,0.98364,0.98375,1.12,2.62
2016.09.01 06:52:04.411,0.98364,0.98375,1.00,2.62
2016.09.01 06:52:04.598,0.98364,0.98375,1.00,3.37
2016.09.01 06:52:04.905,0.98364,0.98375,1.00,2.62
2016.09.01 06:52:05.367,0.98364,0.98375,1.00,3.37
2016.09.01 06:52:05.520,0.98364,0.98372,1.00,1.00
2016.09.01 06:52:05.707,0.98363,0.98372,1.12,1.50
2016.09.01 06:52:05.811,0.98363,0.98372,1.12,1.00
2016.09.01 06:52:05.965,0.98362,0.98372,1.87,1.00
2016.09.01 06:52:06.220,0.98362,0.98373,1.87,6.37
2016.09.01 06:52:07.915,0.98362,0.98373,1.87,6.37
2016.09.01 06:52:07.966,0.98362,0.98373,1.87,5.62
2016.09.01 06:52:08.120,0.98362,0.98373,1.50,5.62
2016.09.01 06:52:08.425,0.98362,0.98373,1.50,6.37
2016.09.01 06:52:08.579,0.98362,0.98373,1.50,6.37
2016.09.01 06:52:09.570,0.98362,0.98373,1.50,6.37
2016.09.01 06:52:09.622,0.98362,0.98373,1.50,7.12
2016.09.01 06:52:09.673,0.98362,0.98372,1.50,1.00
2016.09.01 06:52:09.897,0.98361,0.98371,2.62,2.25
2016.09.01 06:52:09.964,0.98361,0.9837,2.62,1.50
2016.09.01 06:52:10.015,0.98361,0.9837,2.25,2.25
2016.09.01 06:52:10.067,0.98361,0.9837,1.50,2.25
2016.09.01 06:52:10.118,0.98361,0.9837,1.50,1.50
2016.09.01 06:52:10.169,0.98361,0.9837,1.00,1.50
2016.09.01 06:52:10.220,0.9836,0.9837,1.87,1.50
2016.09.01 06:52:10.527,0.9836,0.98369,1.50,1.00
2016.09.01 06:52:10.719,0.98359,0.98369,1.12,1.50
2016.09.01 06:52:10.924,0.98359,0.98369,1.12,1.00
2016.09.01 06:52:11.026,0.98359,0.98369,1.12,1.00
2016.09.01 06:52:11.231,0.98359,0.98369,1.12,1.00
2016.09.01 06:52:11.707,0.98358,0.98369,4.91,1.50
2016.09.01 06:52:11.762,0.98358,0.98369,3.60,1.50
2016.09.01 06:52:11.814,0.98358,0.98369,2.47,1.50
2016.09.01 06:52:11.866,0.98358,0.98369,2.47,1.87
2016.09.01 06:52:11.917,0.98358,0.98369,2.47,2.25
2016.09.01 06:52:12.724,0.98358,0.98369,2.47,2.25
2016.09.01 06:52:14.947,0.98358,0.98369,2.47,2.25
2016.09.01 06:52:15.175,0.98358,0.98369,2.47,3.00
2016.09.01 06:52:15.737,0.98358,0.98369,2.47,2.62
2016.09.01 06:52:15.839,0.98358,0.98369,2.47,1.87
2016.09.01 06:52:18.048,0.98358,0.98369,2.47,1.87
2016.09.01 06:52:19.077,0.98358,0.98369,2.47,1.87
2016.09.01 06:52:20.427,0.98358,0.98369,2.47,1.87
2016.09.01 06:52:23.314,0.98361,0.98369,1.00,1.87
2016.09.01 06:52:23.404,0.98361,0.9837,1.00,3.37
2016.09.01 06:52:23.457,0.98361,0.9837,1.50,1.50
2016.09.01 06:52:23.509,0.98361,0.9837,1.87,1.12
2016.09.01 06:52:23.561,0.98361,0.9837,1.87,1.12
2016.09.01 06:52:23.614,0.98361,0.9837,1.87,1.00
2016.09.01 06:52:23.666,0.98361,0.98371,1.87,1.25
2016.09.01 06:52:23.717,0.98361,0.98372,1.87,2.81
2016.09.01 06:52:25.036,0.98361,0.98371,1.87,1.12
2016.09.01 06:52:25.087,0.98359,0.98371,3.37,1.12
2016.09.01 06:52:25.138,0.98359,0.98369,3.37,1.00
2016.09.01 06:52:25.189,0.98359,0.98369,1.87,1.00
2016.09.01 06:52:25.241,0.98359,0.98369,1.87,2.25
2016.09.01 06:52:25.355,0.98358,0.98369,2.47,3.00
2016.09.01 06:52:25.407,0.98358,0.98369,1.87,3.37
2016.09.01 06:52:25.510,0.98358,0.98369,2.47,3.37
2016.09.01 06:52:26.442,0.98359,0.98369,1.30,2.62
2016.09.01 06:52:26.545,0.98359,0.98369,1.30,1.12
2016.09.01 06:52:27.278,0.98359,0.98369,1.30,1.12
2016.09.01 06:52:28.820,0.98358,0.98369,2.85,1.12
2016.09.01 06:52:28.907,0.98358,0.98367,2.47,1.00
2016.09.01 06:52:29.162,0.98359,0.98369,1.12,1.12
2016.09.01 06:52:29.264,0.98359,0.98369,1.50,1.12
2016.09.01 06:52:29.367,0.98361,0.9837,1.50,1.50
2016.09.01 06:52:29.478,0.98361,0.9837,1.50,1.37
2016.09.01 06:52:29.530,0.98361,0.9837,1.87,1.00
2016.09.01 06:52:29.685,0.98361,0.98371,1.87,1.12
2016.09.01 06:52:29.790,0.98361,0.98372,3.00,2.81
2016.09.01 06:52:29.842,0.98361,0.98372,3.00,2.62
2016.09.01 06:52:31.181,0.98361,0.98372,3.00,3.37
2016.09.01 06:52:31.463,0.98361,0.98371,1.87,1.12
2016.09.01 06:52:31.515,0.98361,0.98371,1.12,1.12
2016.09.01 06:52:31.567,0.98361,0.9837,1.12,1.50
2016.09.01 06:52:31.619,0.9836,0.9837,2.62,1.50
2016.09.01 06:52:31.670,0.98361,0.9837,1.12,1.50
2016.09.01 06:52:31.721,0.98361,0.9837,1.87,1.50
2016.09.01 06:52:31.875,0.98361,0.9837,1.12,1.50
2016.09.01 06:52:31.927,0.9836,0.9837,2.62,1.50
2016.09.01 06:52:32.183,0.9836,0.9837,2.62,1.50
2016.09.01 06:52:32.309,0.98361,0.98369,1.87,1.00
2016.09.01 06:52:32.413,0.98359,0.98368,1.12,1.00
2016.09.01 06:52:32.465,0.98359,0.98368,1.87,1.00
2016.09.01 06:52:32.568,0.98359,0.98368,2.47,1.00
2016.09.01 06:52:33.289,0.98359,0.98368,1.87,1.50
2016.09.01 06:52:33.426,0.98359,0.98368,1.75,1.50
2016.09.01 06:52:33.478,0.98358,0.98368,2.47,1.50
2016.09.01 06:52:33.530,0.98358,0.98368,2.47,1.50
2016.09.01 06:52:33.842,0.98358,0.98366,2.10,1.00
2016.09.01 06:52:33.929,0.98358,0.98366,1.50,1.00
2016.09.01 06:52:34.382,0.98359,0.98367,1.30,1.00
2016.09.01 06:52:36.091,0.98358,0.98367,2.47,1.00
2016.09.01 06:52:36.142,0.98358,0.98366,2.47,1.00
2016.09.01 06:52:36.193,0.98358,0.98366,2.10,1.00
2016.09.01 06:52:36.500,0.98358,0.98366,2.10,1.00
2016.09.01 06:52:38.740,0.98358,0.98367,2.10,1.00
2016.09.01 06:52:38.791,0.98358,0.98367,2.47,1.00
2016.09.01 06:52:38.894,0.98358,0.98367,2.47,1.00
2016.09.01 06:52:39.099,0.98358,0.98367,2.47,1.00
2016.09.01 06:52:39.221,0.98359,0.98367,1.30,1.00
2016.09.01 06:52:39.272,0.98358,0.98367,2.25,1.00
2016.09.01 06:52:39.324,0.98359,0.98367,1.12,1.00
2016.09.01 06:52:39.834,0.98358,0.98367,3.97,1.00
2016.09.01 06:52:40.148,0.98359,0.98367,1.12,1.00
2016.09.01 06:52:40.352,0.98358,0.98367,2.47,1.00
2016.09.01 06:52:41.089,0.98358,0.98367,3.22,1.00
2016.09.01 06:52:41.140,0.98358,0.98367,3.97,1.00
2016.09.01 06:52:41.346,0.98358,0.98367,3.37,1.00
2016.09.01 06:52:41.398,0.98358,0.98367,2.25,1.00
2016.09.01 06:52:41.449,0.98358,0.98367,1.50,1.00
2016.09.01 06:52:41.600,0.98358,0.98366,1.37,3.75
2016.09.01 06:52:41.652,0.98357,0.98364,1.12,1.00
2016.09.01 06:52:41.703,0.98356,0.98364,1.50,1.50
2016.09.01 06:52:41.755,0.98354,0.98362,1.87,1.00
2016.09.01 06:52:41.807,0.98353,0.98362,3.37,1.00
2016.09.01 06:52:41.858,0.98353,0.98362,1.50,1.00
2016.09.01 06:52:41.910,0.98353,0.98362,1.37,2.25
2016.09.01 06:52:41.963,0.98352,0.98361,2.10,1.00
2016.09.01 06:52:42.014,0.98352,0.98361,2.47,1.00
2016.09.01 06:52:43.099,0.98353,0.98361,1.50,1.00
2016.09.01 06:52:43.458,0.98351,0.98359,3.00,1.00
2016.09.01 06:52:43.511,0.98351,0.98359,1.75,1.00
2016.09.01 06:52:43.562,0.98351,0.9836,1.50,1.50
2016.09.01 06:52:43.666,0.98349,0.98357,3.00,1.00
2016.09.01 06:52:43.718,0.98349,0.98357,1.87,1.00
2016.09.01 06:52:45.367,0.98349,0.98357,1.37,1.00
2016.09.01 06:52:45.868,0.98348,0.98355,1.87,1.00
2016.09.01 06:52:45.919,0.98348,0.98355,1.87,1.00
2016.09.01 06:52:46.004,0.98348,0.98355,1.50,1.00
2016.09.01 06:52:46.318,0.98348,0.98353,1.50,1.00
2016.09.01 06:52:46.422,0.98348,0.98353,1.37,1.00
2016.09.01 06:52:46.524,0.98348,0.98353,1.37,5.25
2016.09.01 06:52:46.627,0.98348,0.98354,1.37,7.12
2016.09.01 06:52:46.753,0.98344,0.9835,1.12,1.00
2016.09.01 06:52:46.856,0.98344,0.98352,1.12,1.00
2016.09.01 06:52:46.907,0.98343,0.98352,2.10,1.00
2016.09.01 06:52:46.959,0.98343,0.98352,3.22,1.00
2016.09.01 06:52:47.030,0.98343,0.98352,2.25,1.00
2016.09.01 06:52:47.082,0.98343,0.98351,3.00,1.00
2016.09.01 06:52:47.134,0.98343,0.98351,1.50,1.00
2016.09.01 06:52:48.694,0.98342,0.98351,2.47,1.00
2016.09.01 06:52:49.170,0.98342,0.98351,2.10,1.00
2016.09.01 06:52:49.221,0.98342,0.98351,1.72,1.00
2016.09.01 06:52:49.272,0.98341,0.9835,3.22,1.00
2016.09.01 06:52:49.324,0.98341,0.9835,2.47,1.00
2016.09.01 06:52:50.155,0.98341,0.9835,2.47,1.00
2016.09.01 06:52:50.308,0.98342,0.9835,1.30,1.00
2016.09.01 06:52:50.359,0.98342,0.9835,1.67,1.00
2016.09.01 06:52:50.672,0.98342,0.9835,2.10,1.00
2016.09.01 06:52:50.747,0.98342,0.9835,2.10,1.00
2016.09.01 06:52:50.799,0.98342,0.9835,3.60,1.00
2016.09.01 06:52:50.851,0.98343,0.98353,3.22,1.87
2016.09.01 06:52:50.903,0.98344,0.98353,2.10,1.12
2016.09.01 06:52:50.955,0.98344,0.98354,2.47,2.62
2016.09.01 06:52:51.007,0.98344,0.98354,2.85,2.25
2016.09.01 06:52:51.058,0.98345,0.98354,1.37,1.00
2016.09.01 06:52:53.781,0.98344,0.98352,1.37,1.00
2016.09.01 06:52:53.833,0.98343,0.98352,1.75,1.00
2016.09.01 06:52:53.932,0.98344,0.9835,1.50,1.00
2016.09.01 06:52:53.984,0.98343,0.98351,1.12,1.00
2016.09.01 06:52:54.036,0.98344,0.98351,1.67,1.00
2016.09.01 06:52:54.088,0.98344,0.98351,1.72,1.00
2016.09.01 06:52:54.241,0.98344,0.98351,1.37,1.00
2016.09.01 06:52:54.293,0.98344,0.98353,1.37,1.00
2016.09.01 06:52:54.598,0.98343,0.98353,2.05,1.00
2016.09.01 06:52:54.650,0.98344,0.98353,1.67,1.00
2016.09.01 06:52:56.702,0.98344,0.98352,1.67,1.00
2016.09.01 06:52:57.795,0.98343,0.98352,2.05,1.00
2016.09.01 06:52:58.794,0.98344,0.98352,1.67,1.00
2016.09.01 06:52:59.262,0.98343,0.98352,2.05,1.00
2016.09.01 06:52:59.815,0.98343,0.98352,2.05,1.00
2016.09.01 06:53:04.181,0.98343,0.98352,2.05,1.00
2016.09.01 06:53:04.232,0.98344,0.98352,1.37,1.00
2016.09.01 06:53:04.641,0.98344,0.98353,1.87,1.00
2016.09.01 06:53:04.692,0.98344,0.98353,2.47,1.00
2016.09.01 06:53:04.744,0.98344,0.98353,2.85,1.00
2016.09.01 06:53:04.795,0.98345,0.98354,1.50,1.00
2016.09.01 06:53:04.898,0.98346,0.98355,1.12,1.00
2016.09.01 06:53:04.950,0.98346,0.98355,3.41,1.00
2016.09.01 06:53:05.002,0.98347,0.98357,2.06,1.12
2016.09.01 06:53:05.053,0.98347,0.98357,2.10,1.12
2016.09.01 06:53:05.159,0.98347,0.98357,1.87,1.12
2016.09.01 06:53:05.210,0.98348,0.98355,1.12,1.00
2016.09.01 06:53:05.261,0.98348,0.98355,1.00,1.00
2016.09.01 06:53:05.415,0.98347,0.98355,1.12,1.00
2016.09.01 06:53:05.929,0.98345,0.98355,2.62,1.00
2016.09.01 06:53:05.980,0.98345,0.98354,1.87,1.00
2016.09.01 06:53:06.574,0.98347,0.98355,3.00,1.00
2016.09.01 06:53:06.779,0.98346,0.98354,1.87,1.00
2016.09.01 06:53:06.830,0.98346,0.98354,1.37,1.00
2016.09.01 06:53:06.933,0.98346,0.98354,1.50,1.00
2016.09.01 06:53:06.985,0.98347,0.98356,1.37,1.50
2016.09.01 06:53:07.037,0.98347,0.98356,2.62,1.00
2016.09.01 06:53:07.088,0.98348,0.98357,1.37,1.00
2016.09.01 06:53:07.140,0.98347,0.98357,2.25,1.00
2016.09.01 06:53:07.191,0.98347,0.98356,2.25,1.00
2016.09.01 06:53:07.297,0.98347,0.98356,1.37,1.00
2016.09.01 06:53:07.349,0.98346,0.98356,1.87,1.00
2016.09.01 06:53:07.400,0.98346,0.98355,1.50,1.00
2016.09.01 06:53:07.656,0.98346,0.98355,3.22,1.00
2016.09.01 06:53:07.707,0.98347,0.98356,1.37,1.00
2016.09.01 06:53:07.759,0.98347,0.98356,1.37,1.00
2016.09.01 06:53:07.812,0.98348,0.98357,1.12,1.00
2016.09.01 06:53:08.346,0.98348,0.98356,1.12,1.00
2016.09.01 06:53:10.394,0.98348,0.98356,1.00,1.00
2016.09.01 06:53:15.251,0.98348,0.98356,1.00,1.50
2016.09.01 06:53:15.354,0.98348,0.98356,1.00,2.25
2016.09.01 06:53:15.614,0.98346,0.98356,1.50,2.25
2016.09.01 06:53:15.666,0.98346,0.98356,1.87,2.25
2016.09.01 06:53:15.717,0.98346,0.98354,1.00,1.00
2016.09.01 06:53:15.796,0.98345,0.98354,1.50,1.00
2016.09.01 06:53:21.886,0.98345,0.98355,1.50,1.00
2016.09.01 06:53:21.938,0.98346,0.98355,1.12,1.00
2016.09.01 06:53:21.990,0.98347,0.98355,1.37,1.00
2016.09.01 06:53:22.092,0.98347,0.98356,1.37,1.50
2016.09.01 06:53:22.144,0.98347,0.98356,1.12,1.50
2016.09.01 06:53:22.195,0.98347,0.98356,1.12,1.50
2016.09.01 06:53:22.247,0.98346,0.98356,1.87,1.50
2016.09.01 06:53:22.298,0.98346,0.98356,1.50,2.25
2016.09.01 06:53:22.401,0.98346,0.98354,1.50,1.00
2016.09.01 06:53:23.521,0.98348,0.98354,1.00,1.00
2016.09.01 06:53:23.624,0.98348,0.98354,1.87,1.00
2016.09.01 06:53:23.675,0.98348,0.98356,1.87,2.25
2016.09.01 06:53:23.777,0.98348,0.98356,1.87,1.50
2016.09.01 06:53:23.828,0.98348,0.98357,1.87,1.12
2016.09.01 06:53:23.938,0.98348,0.98357,1.12,1.49
2016.09.01 06:53:24.083,0.98348,0.98356,1.12,1.00
2016.09.01 06:53:24.626,0.98348,0.98358,1.12,4.87
2016.09.01 06:53:24.728,0.98348,0.98358,1.35,4.87
2016.09.01 06:53:25.634,0.98348,0.98358,1.35,1.12
2016.09.01 06:53:26.402,0.98349,0.98358,1.12,1.12
2016.09.01 06:53:26.454,0.98351,0.9836,1.00,1.87
2016.09.01 06:53:26.505,0.98351,0.9836,1.00,2.62
2016.09.01 06:53:26.556,0.98351,0.9836,1.00,1.87
2016.09.01 06:53:26.865,0.9835,0.9836,1.00,1.87
2016.09.01 06:53:26.916,0.9835,0.9836,1.00,1.87
2016.09.01 06:53:27.268,0.9835,0.9836,1.00,5.62
2016.09.01 06:53:27.320,0.9835,0.9836,1.12,5.62
2016.09.01 06:53:27.425,0.9835,0.9836,1.12,4.87
2016.09.01 06:53:27.478,0.98351,0.9836,1.00,4.87
2016.09.01 06:53:27.530,0.98352,0.98362,1.00,5.99
2016.09.01 06:53:27.633,0.98352,0.98362,1.00,5.62
2016.09.01 06:53:27.735,0.98352,0.98362,1.12,1.49
2016.09.01 06:53:29.441,0.98354,0.98362,1.50,1.49
2016.09.01 06:53:29.543,0.98356,0.98362,1.00,1.49
2016.09.01 06:53:29.595,0.98356,0.98363,1.00,4.12
2016.09.01 06:53:29.646,0.98356,0.98364,1.00,1.12
2016.09.01 06:53:29.858,0.98356,0.98365,1.00,4.49
2016.09.01 06:53:30.066,0.98356,0.98365,1.50,3.74
2016.09.01 06:53:30.120,0.98356,0.98365,1.50,3.74
2016.09.01 06:53:30.227,0.98357,0.98365,1.00,1.12
2016.09.01 06:53:30.278,0.98357,0.98366,1.00,2.25
2016.09.01 06:53:30.798,0.98357,0.98366,1.00,2.25
2016.09.01 06:53:30.852,0.98355,0.98366,1.12,3.00
2016.09.01 06:53:30.920,0.98355,0.98366,1.12,4.50
2016.09.01 06:53:30.971,0.98355,0.98366,1.12,3.75
2016.09.01 06:53:31.075,0.98355,0.98366,1.12,3.75
2016.09.01 06:53:31.177,0.98355,0.98366,1.12,4.50
2016.09.01 06:53:31.331,0.98355,0.98365,1.12,1.12
2016.09.01 06:53:31.801,0.98355,0.98365,1.12,1.12
2016.09.01 06:53:31.852,0.98355,0.98365,2.29,1.12
2016.09.01 06:53:32.149,0.98355,0.98365,2.10,1.12
2016.09.01 06:53:33.584,0.98355,0.98364,2.10,1.50
2016.09.01 06:53:33.635,0.98355,0.98364,1.00,1.50
2016.09.01 06:53:33.788,0.98355,0.98364,1.00,1.50
2016.09.01 06:53:33.840,0.98356,0.98364,1.30,1.50
2016.09.01 06:53:33.928,0.98356,0.98364,1.30,1.12
2016.09.01 06:53:34.134,0.98356,0.98364,1.00,1.12
2016.09.01 06:53:34.251,0.98356,0.98364,1.30,1.12
2016.09.01 06:53:34.673,0.98356,0.98364,1.00,1.12
2016.09.01 06:53:35.133,0.98356,0.98364,1.30,1.12
2016.09.01 06:53:35.259,0.98356,0.98364,1.30,1.12
2016.09.01 06:53:35.361,0.98356,0.98364,1.00,1.12
2016.09.01 06:53:35.464,0.98356,0.98364,1.12,1.00
2016.09.01 06:53:35.617,0.98356,0.98365,1.12,3.37
2016.09.01 06:53:35.669,0.98357,0.98365,1.00,4.12
2016.09.01 06:53:35.932,0.98357,0.98365,1.00,1.00
2016.09.01 06:53:35.983,0.98357,0.98366,1.50,1.12
2016.09.01 06:53:36.035,0.98357,0.98366,2.62,1.12
2016.09.01 06:53:36.086,0.98358,0.98367,1.00,1.50
2016.09.01 06:53:36.137,0.98358,0.98367,1.12,1.12
2016.09.01 06:53:36.188,0.98359,0.98366,1.00,1.00
2016.09.01 06:53:38.264,0.98358,0.98366,2.25,1.00
2016.09.01 06:53:38.367,0.98358,0.98366,1.50,1.00
2016.09.01 06:53:38.979,0.98358,0.98365,1.50,1.00
2016.09.01 06:53:39.676,0.98357,0.98365,4.50,1.00
2016.09.01 06:53:39.727,0.98357,0.98367,4.50,1.12
2016.09.01 06:53:39.779,0.98358,0.98367,1.87,1.00
2016.09.01 06:53:39.959,0.98358,0.98367,1.87,1.00
2016.09.01 06:53:40.061,0.98358,0.98367,1.50,1.00
2016.09.01 06:53:40.164,0.98358,0.98367,3.00,1.00
2016.09.01 06:53:40.369,0.98358,0.98367,3.37,1.00
2016.09.01 06:53:41.775,0.98358,0.98367,2.62,1.00
2016.09.01 06:53:41.878,0.98357,0.98366,3.75,1.00
2016.09.01 06:53:42.010,0.98357,0.98364,3.75,1.00
2016.09.01 06:53:42.061,0.98357,0.98364,1.50,1.00
2016.09.01 06:53:43.449,0.98358,0.98364,1.50,1.00
2016.09.01 06:53:43.551,0.98357,0.98364,3.00,1.00
2016.09.01 06:53:43.653,0.98357,0.98364,3.75,1.00
2016.09.01 06:53:43.755,0.98364,0.98368,1.00,1.87
2016.09.01 06:53:43.807,0.98364,0.98368,1.00,1.00
2016.09.01 06:53:43.910,0.98364,0.9837,1.00,1.50
2016.09.01 06:53:44.045,0.98364,0.9837,1.00,1.50
2016.09.01 06:53:44.097,0.98363,0.98372,1.00,1.12
2016.09.01 06:53:44.149,0.98365,0.98372,1.72,1.00
2016.09.01 06:53:44.200,0.98365,0.98373,2.47,1.00
2016.09.01 06:53:44.252,0.98367,0.98373,1.00,1.00
2016.09.01 06:53:44.303,0.98367,0.98376,1.00,1.87
2016.09.01 06:53:44.355,0.98367,0.98376,1.87,1.00
2016.09.01 06:53:44.406,0.98367,0.98376,2.25,1.00
2016.09.01 06:53:44.789,0.98367,0.98376,2.25,1.00
2016.09.01 06:53:44.841,0.98367,0.98377,2.62,2.25
2016.09.01 06:53:44.892,0.98367,0.98377,3.37,1.50
2016.09.01 06:53:44.944,0.98367,0.98377,3.37,1.50
2016.09.01 06:53:44.997,0.98367,0.98375,3.75,1.00
2016.09.01 06:53:45.049,0.98367,0.98375,3.37,1.00
2016.09.01 06:53:45.305,0.98367,0.98375,3.00,1.00
2016.09.01 06:53:45.357,0.98367,0.98375,1.75,1.00
2016.09.01 06:53:46.686,0.98367,0.98375,3.00,1.00
2016.09.01 06:53:46.840,0.98367,0.98375,3.00,1.00
2016.09.01 06:53:47.096,0.98368,0.98376,1.50,1.00
2016.09.01 06:53:50.406,0.98368,0.98376,1.12,1.00
2016.09.01 06:53:52.703,0.98368,0.98374,1.12,1.00
2016.09.01 06:53:52.807,0.98366,0.98372,1.50,1.00
2016.09.01 06:53:52.859,0.98366,0.98372,1.00,1.00
2016.09.01 06:53:52.910,0.98364,0.98372,2.62,1.00
2016.09.01 06:53:52.961,0.98364,0.98372,1.87,1.00
2016.09.01 06:53:53.167,0.98364,0.98372,1.12,1.00
2016.09.01 06:53:53.359,0.98364,0.98372,1.72,1.00
2016.09.01 06:53:53.410,0.98364,0.98372,2.47,1.00
2016.09.01 06:53:53.703,0.98364,0.98372,1.72,1.00
2016.09.01 06:53:54.054,0.98364,0.98372,1.30,1.00
2016.09.01 06:53:55.320,0.98364,0.98373,1.30,1.00
2016.09.01 06:53:55.371,0.98364,0.98373,1.67,1.00
2016.09.01 06:53:55.422,0.98365,0.98373,1.50,1.00
2016.09.01 06:53:55.757,0.98365,0.98374,1.50,1.00
2016.09.01 06:53:55.910,0.98365,0.98374,1.87,1.00
2016.09.01 06:53:55.962,0.98365,0.98374,1.87,1.00
2016.09.01 06:53:56.015,0.98367,0.98376,1.00,1.12
2016.09.01 06:53:56.710,0.98366,0.98376,1.50,1.12
2016.09.01 06:53:56.763,0.98367,0.98376,1.00,1.12
2016.09.01 06:53:57.332,0.98367,0.98376,1.50,1.12
2016.09.01 06:53:58.982,0.98367,0.98376,1.00,1.87
2016.09.01 06:53:59.035,0.98365,0.98374,1.50,1.00
2016.09.01 06:53:59.087,0.98367,0.98374,1.00,1.00
2016.09.01 06:53:59.189,0.98366,0.98374,1.12,1.00
2016.09.01 06:53:59.293,0.98367,0.98374,1.00,1.00
2016.09.01 06:53:59.497,0.98363,0.98373,3.37,1.50
2016.09.01 06:53:59.548,0.98363,0.98373,1.87,2.85
2016.09.01 06:53:59.599,0.98362,0.98373,1.87,2.85
2016.09.01 06:53:59.651,0.98362,0.98371,1.87,1.12
2016.09.01 06:53:59.748,0.98362,0.98371,1.12,1.12
2016.09.01 06:53:59.800,0.98362,0.98371,1.00,1.12
2016.09.01 06:54:00.124,0.98362,0.98368,1.00,1.00
2016.09.01 06:54:00.380,0.9836,0.98368,3.37,1.00
2016.09.01 06:54:00.431,0.9836,0.98366,3.00,1.00
2016.09.01 06:54:01.064,0.9836,0.98366,1.87,1.00
2016.09.01 06:54:01.371,0.9836,0.98366,1.12,1.00
2016.09.01 06:54:01.576,0.9836,0.98366,1.87,1.00
2016.09.01 06:54:02.734,0.9836,0.98368,1.87,1.00
2016.09.01 06:54:03.108,0.9836,0.98368,1.12,1.00
2016.09.01 06:54:03.459,0.9836,0.98366,1.87,1.00
2016.09.01 06:54:04.476,0.9836,0.98366,1.87,1.00
2016.09.01 06:54:04.527,0.9836,0.98366,1.12,1.00
2016.09.01 06:54:06.968,0.9836,0.98368,1.12,1.00
2016.09.01 06:54:08.162,0.9836,0.98366,1.12,1.00
2016.09.01 06:54:09.166,0.9836,0.98368,1.12,1.00
2016.09.01 06:54:09.321,0.9836,0.98368,1.50,1.00
2016.09.01 06:54:10.402,0.9836,0.98368,1.12,1.00
2016.09.01 06:54:12.389,0.9836,0.98368,1.50,1.00
2016.09.01 06:54:12.692,0.9836,0.98368,1.12,1.00
2016.09.01 06:54:12.897,0.9836,0.98368,1.50,1.00
2016.09.01 06:54:13.577,0.9836,0.98368,1.12,1.00
2016.09.01 06:54:13.679,0.9836,0.98367,1.50,1.00
2016.09.01 06:54:13.782,0.9836,0.98367,1.12,1.00
2016.09.01 06:54:13.833,0.98359,0.98367,1.87,1.00
2016.09.01 06:54:13.885,0.98359,0.98367,1.50,1.00
2016.09.01 06:54:15.365,0.98358,0.98364,1.75,1.00
2016.09.01 06:54:20.383,0.98358,0.98366,1.75,1.00
2016.09.01 06:54:21.440,0.98358,0.98366,1.50,1.00
2016.09.01 06:54:22.740,0.98358,0.98363,1.37,1.00
2016.09.01 06:54:22.791,0.98356,0.98363,4.12,1.00
2016.09.01 06:54:22.843,0.98356,0.98362,2.62,1.00
2016.09.01 06:54:22.991,0.98356,0.98362,1.50,1.00
2016.09.01 06:54:23.145,0.98356,0.98364,2.25,1.00
2016.09.01 06:54:23.247,0.98357,0.98364,1.00,1.00
2016.09.01 06:54:30.568,0.98357,0.98365,1.00,1.00
2016.09.01 06:54:36.040,0.98357,0.98365,1.00,1.00
2016.09.01 06:54:36.092,0.98356,0.98365,3.37,1.00
2016.09.01 06:54:36.197,0.98356,0.98364,2.25,1.00
2016.09.01 06:54:36.248,0.98356,0.98364,1.50,1.00
2016.09.01 06:54:36.353,0.98357,0.98365,1.00,3.37
2016.09.01 06:54:36.405,0.98357,0.98365,1.00,1.87
2016.09.01 06:54:36.456,0.98357,0.98365,1.12,1.00
2016.09.01 06:54:36.647,0.98356,0.98365,2.62,1.00
2016.09.01 06:54:36.852,0.98357,0.98365,1.12,1.00
2016.09.01 06:54:37.471,0.98357,0.98366,1.12,1.12
2016.09.01 06:54:37.597,0.98357,0.98366,2.62,1.00
2016.09.01 06:54:37.648,0.98357,0.98367,3.97,1.50
2016.09.01 06:54:37.699,0.98357,0.98367,4.72,1.00
2016.09.01 06:54:37.751,0.98357,0.98368,5.47,1.12
2016.09.01 06:54:37.802,0.98357,0.98368,6.60,1.12
2016.09.01 06:54:37.853,0.98357,0.98368,4.35,1.12
2016.09.01 06:54:37.904,0.98357,0.98368,4.72,1.12
2016.09.01 06:54:37.956,0.98357,0.98368,7.72,1.12
2016.09.01 06:54:38.007,0.98357,0.98368,6.60,1.12
2016.09.01 06:54:38.083,0.98357,0.98368,7.72,1.12
2016.09.01 06:54:38.288,0.98357,0.98366,7.72,1.00
2016.09.01 06:54:38.497,0.98358,0.98369,1.75,1.12
2016.09.01 06:54:38.549,0.98358,0.98369,2.25,1.12
2016.09.01 06:54:38.600,0.98358,0.98369,2.62,1.12
2016.09.01 06:54:38.703,0.98359,0.98369,1.50,1.12
2016.09.01 06:54:38.907,0.98359,0.98369,1.50,1.12
2016.09.01 06:54:39.903,0.98359,0.98369,1.50,1.87
2016.09.01 06:54:41.493,0.98359,0.98369,1.50,2.62
2016.09.01 06:54:41.544,0.98359,0.98369,1.50,3.37
2016.09.01 06:54:41.904,0.98359,0.98369,1.50,2.62
2016.09.01 06:54:44.357,0.98359,0.98369,1.50,1.87
2016.09.01 06:54:44.408,0.98359,0.98369,1.50,1.50
2016.09.01 06:54:44.460,0.98359,0.98369,1.50,2.25
2016.09.01 06:54:44.512,0.98359,0.98369,1.50,2.25
2016.09.01 06:54:44.615,0.98359,0.98369,1.75,2.25
2016.09.01 06:54:45.327,0.98359,0.98369,1.75,1.50
2016.09.01 06:54:45.429,0.98359,0.98369,1.75,1.00
2016.09.01 06:54:46.832,0.98359,0.98369,1.87,1.00
2016.09.01 06:54:46.934,0.98359,0.98369,2.25,1.00
2016.09.01 06:54:47.179,0.98359,0.98369,2.25,1.00
2016.09.01 06:54:47.385,0.98359,0.98369,2.25,1.00
2016.09.01 06:54:48.082,0.98359,0.98369,2.25,1.00
2016.09.01 06:54:48.337,0.98359,0.98369,3.00,1.00
2016.09.01 06:54:48.592,0.98359,0.98369,2.62,1.00
2016.09.01 06:54:48.971,0.98359,0.98369,2.62,1.00
2016.09.01 06:54:50.925,0.98361,0.98369,1.00,1.00
2016.09.01 06:54:50.992,0.98363,0.98369,1.12,1.00
2016.09.01 06:54:51.096,0.98362,0.9837,1.87,1.00
2016.09.01 06:54:51.148,0.98363,0.9837,1.50,1.00
2016.09.01 06:54:51.271,0.98363,0.98371,2.25,1.00
2016.09.01 06:54:51.322,0.98363,0.98371,1.50,1.00
2016.09.01 06:54:51.374,0.98366,0.98372,1.00,1.00
2016.09.01 06:54:51.425,0.98366,0.98372,1.50,1.00
2016.09.01 06:54:51.477,0.98366,0.98374,1.50,1.87
2016.09.01 06:54:51.528,0.98366,0.98374,1.50,1.12
2016.09.01 06:54:51.630,0.98366,0.98374,1.87,1.00
2016.09.01 06:54:51.885,0.98366,0.98374,1.87,1.00
2016.09.01 06:54:51.936,0.98367,0.98374,1.00,1.00
2016.09.01 06:54:51.988,0.98367,0.98376,1.12,1.00
2016.09.01 06:54:52.039,0.98367,0.98376,1.87,1.00
2016.09.01 06:54:52.091,0.98367,0.98376,2.25,1.00
2016.09.01 06:54:52.142,0.98367,0.98376,2.25,1.00
2016.09.01 06:54:52.685,0.98367,0.98375,2.25,1.00
2016.09.01 06:54:53.167,0.98366,0.98375,4.12,1.00
2016.09.01 06:54:53.269,0.98367,0.98375,1.75,1.50
2016.09.01 06:54:53.320,0.98367,0.98375,1.12,1.50
2016.09.01 06:54:53.423,0.98367,0.98375,1.12,1.50
2016.09.01 06:54:54.133,0.98367,0.98375,1.12,1.00
2016.09.01 06:54:54.337,0.98367,0.98375,1.87,1.00
2016.09.01 06:54:54.388,0.98367,0.98375,2.62,1.00
2016.09.01 06:54:55.301,0.98367,0.98374,2.62,1.00
2016.09.01 06:54:56.017,0.98367,0.98374,1.87,1.00
2016.09.01 06:54:56.068,0.98367,0.98374,1.12,1.00
2016.09.01 06:54:58.149,0.98367,0.98374,1.12,1.00
2016.09.01 06:54:58.251,0.98366,0.98374,3.00,1.00
2016.09.01 06:54:58.304,0.98366,0.98374,3.00,1.00
2016.09.01 06:54:58.356,0.98366,0.98374,2.25,1.00
2016.09.01 06:54:58.514,0.98366,0.98373,1.50,1.00
2016.09.01 06:54:59.287,0.98366,0.98373,1.00,1.00
2016.09.01 06:54:59.949,0.98366,0.98373,1.50,1.00
2016.09.01 06:55:02.533,0.98366,0.98373,1.87,1.00
2016.09.01 06:55:03.405,0.98366,0.98371,1.87,1.00
2016.09.01 06:55:03.460,0.98366,0.98371,1.50,1.00
2016.09.01 06:55:05.358,0.98366,0.98371,1.00,1.00
2016.09.01 06:55:05.784,0.98366,0.98371,1.50,1.00
2016.09.01 06:55:07.710,0.98366,0.98371,1.00,1.00
2016.09.01 06:55:07.761,0.98365,0.98371,1.50,1.00
2016.09.01 06:55:09.144,0.98366,0.98371,1.00,1.00
2016.09.01 06:55:09.938,0.98366,0.98371,1.50,1.00
2016.09.01 06:55:10.487,0.98365,0.98372,1.50,1.00
2016.09.01 06:55:10.641,0.98363,0.98372,2.85,1.00
2016.09.01 06:55:10.692,0.98363,0.98371,2.85,1.00
2016.09.01 06:55:10.743,0.98363,0.98371,2.10,1.00
2016.09.01 06:55:10.897,0.98363,0.98371,1.35,1.00
2016.09.01 06:55:10.948,0.98363,0.98371,1.30,1.00
2016.09.01 06:55:11.366,0.98362,0.98371,2.47,1.00
2016.09.01 06:55:11.470,0.98362,0.98371,2.85,1.00
2016.09.01 06:55:11.522,0.98363,0.98371,1.72,1.00
2016.09.01 06:55:13.126,0.98363,0.98371,2.47,1.00
2016.09.01 06:55:13.177,0.98363,0.98371,3.22,1.00
2016.09.01 06:55:14.869,0.98364,0.98371,1.00,1.00
2016.09.01 06:55:16.149,0.98364,0.98371,2.10,1.00
2016.09.01 06:55:16.688,0.98364,0.98372,2.10,1.00
2016.09.01 06:55:17.348,0.98364,0.98372,1.35,1.00
2016.09.01 06:55:17.450,0.98364,0.98372,2.10,1.00
2016.09.01 06:55:18.721,0.98365,0.98372,1.00,1.00
2016.09.01 06:55:18.772,0.98365,0.98372,1.50,1.00
2016.09.01 06:55:20.391,0.98365,0.98373,1.50,1.12
2016.09.01 06:55:20.988,0.98365,0.98373,1.00,1.12
2016.09.01 06:55:21.046,0.98365,0.98373,1.87,1.00
2016.09.01 06:55:21.151,0.98365,0.98373,1.87,1.00
2016.09.01 06:55:22.360,0.98365,0.98373,1.12,1.00
2016.09.01 06:55:22.564,0.98365,0.98373,1.87,1.00
2016.09.01 06:55:24.613,0.98365,0.98373,1.87,1.50
2016.09.01 06:55:26.486,0.98365,0.98373,1.12,1.50
2016.09.01 06:55:27.519,0.98365,0.98373,1.87,1.00
2016.09.01 06:55:27.602,0.98365,0.98375,1.87,1.87
2016.09.01 06:55:27.654,0.98365,0.98375,2.62,1.12
2016.09.01 06:55:27.757,0.98365,0.98375,3.60,1.12
2016.09.01 06:55:27.860,0.98365,0.98375,2.85,1.12
2016.09.01 06:55:27.963,0.98365,0.98375,3.60,1.12
2016.09.01 06:55:28.067,0.98365,0.98375,3.60,1.12
2016.09.01 06:55:28.967,0.98365,0.98375,2.85,1.12
2016.09.01 06:55:29.074,0.98365,0.98375,3.60,1.12
2016.09.01 06:55:29.125,0.98365,0.98375,3.00,1.12
2016.09.01 06:55:30.356,0.98365,0.98375,3.37,1.12
2016.09.01 06:55:30.407,0.98366,0.98375,1.00,1.00
2016.09.01 06:55:33.141,0.98366,0.98375,1.00,1.50
2016.09.01 06:55:33.484,0.98366,0.98375,1.00,1.50
2016.09.01 06:55:33.586,0.98365,0.98375,3.37,1.50
2016.09.01 06:55:34.390,0.98365,0.98375,3.00,1.50
2016.09.01 06:55:36.535,0.98365,0.98375,3.60,1.50
2016.09.01 06:55:36.588,0.98367,0.98375,1.50,1.50
2016.09.01 06:55:36.640,0.98367,0.98375,1.50,1.00
2016.09.01 06:55:36.795,0.98366,0.98375,1.87,1.00
2016.09.01 06:55:36.898,0.98367,0.98375,1.50,1.00
2016.09.01 06:55:38.403,0.98369,0.98376,1.00,1.00
2016.09.01 06:55:38.454,0.98369,0.98376,1.50,1.00
2016.09.01 06:55:38.505,0.98369,0.98378,1.50,1.50
2016.09.01 06:55:38.556,0.98369,0.98378,1.50,1.12
2016.09.01 06:55:38.608,0.98369,0.98378,2.25,1.00
2016.09.01 06:55:38.761,0.98371,0.98378,1.00,1.00
2016.09.01 06:55:38.907,0.98371,0.98378,1.50,1.00
2016.09.01 06:55:39.112,0.98371,0.98378,1.00,1.00
2016.09.01 06:55:39.316,0.98371,0.98378,1.50,1.00
2016.09.01 06:55:39.702,0.98371,0.98378,1.00,1.00
2016.09.01 06:55:41.251,0.9837,0.98378,1.50,1.00
2016.09.01 06:55:48.745,0.9837,0.98378,1.00,1.00
2016.09.01 06:55:48.797,0.98369,0.98378,3.00,1.00
2016.09.01 06:55:49.002,0.98369,0.98378,2.25,1.00
2016.09.01 06:55:49.105,0.98369,0.98378,3.00,1.00
2016.09.01 06:55:49.616,0.98369,0.98377,3.00,1.00
2016.09.01 06:55:55.530,0.98369,0.98377,2.25,1.00
2016.09.01 06:55:59.014,0.98369,0.98377,3.00,1.00
2016.09.01 06:55:59.066,0.98369,0.98377,2.25,1.00
2016.09.01 06:55:59.451,0.98369,0.98375,2.25,1.00
2016.09.01 06:56:03.936,0.98369,0.98375,1.50,1.00
2016.09.01 06:56:05.757,0.98369,0.98377,1.50,1.00
2016.09.01 06:56:10.354,0.98369,0.98377,1.37,1.00
2016.09.01 06:56:30.408,0.98369,0.98377,1.00,1.00
2016.09.01 06:56:39.792,0.98368,0.98377,2.62,1.00
2016.09.01 06:56:39.843,0.98368,0.98377,2.25,1.00
2016.09.01 06:56:40.014,0.98369,0.98376,1.00,1.00
2016.09.01 06:56:40.321,0.98369,0.98376,1.50,1.00
2016.09.01 06:56:40.577,0.98369,0.98376,2.25,1.00
2016.09.01 06:56:42.077,0.98369,0.98379,2.25,1.00
2016.09.01 06:56:43.094,0.98369,0.98379,2.25,1.00
2016.09.01 06:56:43.179,0.98369,0.9838,2.62,2.25
2016.09.01 06:56:43.233,0.9837,0.9838,1.50,1.50
2016.09.01 06:56:43.287,0.9837,0.9838,2.25,1.50
2016.09.01 06:56:43.339,0.9837,0.9838,3.00,1.00
2016.09.01 06:56:44.711,0.98374,0.9838,1.00,1.00
2016.09.01 06:56:44.763,0.98374,0.98382,1.00,1.37
2016.09.01 06:56:44.814,0.98375,0.98382,1.00,1.37
2016.09.01 06:56:44.865,0.98375,0.98385,1.12,1.34
2016.09.01 06:56:44.917,0.98375,0.98385,1.87,1.12
2016.09.01 06:56:44.968,0.98375,0.98385,3.60,1.12
2016.09.01 06:56:45.020,0.98376,0.98385,1.12,1.12
2016.09.01 06:56:45.071,0.98377,0.98385,1.50,1.00
2016.09.01 06:56:45.173,0.98377,0.98385,1.00,1.00
2016.09.01 06:56:45.567,0.98377,0.98386,1.00,1.29
2016.09.01 06:56:45.720,0.98377,0.98386,1.00,1.72
2016.09.01 06:56:46.242,0.98377,0.98386,1.00,2.47
2016.09.01 06:56:46.304,0.98375,0.98386,1.75,2.47
2016.09.01 06:56:46.355,0.98375,0.98384,1.75,1.00
2016.09.01 06:56:46.919,0.98375,0.98384,2.25,1.00
2016.09.01 06:56:46.970,0.98375,0.98384,3.00,1.00
2016.09.01 06:56:47.845,0.98375,0.98384,3.00,1.00
2016.09.01 06:56:49.063,0.98375,0.98384,2.25,1.00
2016.09.01 06:56:51.961,0.98375,0.98384,3.00,1.00
2016.09.01 06:56:52.118,0.98375,0.98384,1.87,2.25
2016.09.01 06:56:52.170,0.98375,0.98382,1.12,1.00
2016.09.01 06:56:52.222,0.98373,0.98382,2.25,1.00
2016.09.01 06:56:52.275,0.98372,0.9838,3.37,1.00
2016.09.01 06:56:52.326,0.98372,0.9838,1.37,1.00
2016.09.01 06:56:52.378,0.98372,0.98381,1.12,1.00
2016.09.01 06:56:52.429,0.98372,0.98381,1.12,1.50
2016.09.01 06:56:52.481,0.98372,0.98381,1.00,1.87
2016.09.01 06:56:52.583,0.98372,0.9838,1.00,1.00
2016.09.01 06:56:52.966,0.9837,0.9838,1.50,1.00
2016.09.01 06:56:57.056,0.98369,0.9838,2.25,1.50
2016.09.01 06:56:57.108,0.98369,0.98378,1.50,1.00
2016.09.01 06:56:57.160,0.98369,0.98378,1.50,1.00
2016.09.01 06:56:57.212,0.98369,0.98376,1.50,1.00
2016.09.01 06:56:57.264,0.9837,0.98376,1.12,1.00
2016.09.01 06:56:57.316,0.9837,0.98376,1.87,1.00
2016.09.01 06:56:57.367,0.9837,0.98378,1.00,1.00
2016.09.01 06:56:57.419,0.98368,0.98377,3.00,1.50
2016.09.01 06:56:57.470,0.98368,0.98375,3.00,1.00
2016.09.01 06:56:57.522,0.98368,0.98375,1.87,1.00
2016.09.01 06:56:57.574,0.98368,0.98376,1.12,1.00
2016.09.01 06:56:57.625,0.98366,0.98376,2.62,2.62
2016.09.01 06:56:57.677,0.98366,0.98372,1.75,1.00
2016.09.01 06:56:57.728,0.98365,0.98372,2.25,1.00
2016.09.01 06:56:57.854,0.98365,0.98372,1.50,1.00
2016.09.01 06:56:57.907,0.98365,0.98374,1.50,1.00
2016.09.01 06:56:57.961,0.98365,0.98374,1.50,1.00
2016.09.01 06:56:58.012,0.98366,0.98375,1.87,1.00
2016.09.01 06:56:58.064,0.98366,0.98375,2.62,1.00
2016.09.01 06:56:58.116,0.98367,0.98375,1.12,1.00
2016.09.01 06:56:58.321,0.98366,0.98375,1.87,1.00
2016.09.01 06:56:58.372,0.98367,0.98373,1.00,1.00
2016.09.01 06:56:58.424,0.98367,0.98373,1.12,1.00
2016.09.01 06:56:58.553,0.98367,0.98374,1.37,1.00
2016.09.01 06:56:58.658,0.98367,0.98374,1.87,1.00
2016.09.01 06:56:59.323,0.98367,0.98374,1.37,1.00
2016.09.01 06:56:59.374,0.98366,0.98373,1.75,1.00
2016.09.01 06:56:59.496,0.98366,0.98372,1.37,1.00
2016.09.01 06:56:59.547,0.98364,0.98372,1.87,1.00
2016.09.01 06:56:59.600,0.98364,0.9837,1.50,1.00
2016.09.01 06:56:59.653,0.98364,0.9837,1.00,1.87
2016.09.01 06:56:59.705,0.98364,0.98369,1.00,1.50
2016.09.01 06:56:59.758,0.9836,0.98367,1.50,1.00
2016.09.01 06:56:59.810,0.9836,0.98366,1.12,1.00
2016.09.01 06:56:59.862,0.98359,0.98366,1.00,1.00
2016.09.01 06:57:00.453,0.98357,0.98366,1.12,1.00
2016.09.01 06:57:00.555,0.98357,0.98366,1.87,1.00
2016.09.01 06:57:00.709,0.98357,0.98367,1.87,1.12
2016.09.01 06:57:00.962,0.98358,0.98367,1.12,1.12
2016.09.01 06:57:01.013,0.98358,0.98367,1.50,1.00
2016.09.01 06:57:04.722,0.98358,0.98367,1.50,1.00
2016.09.01 06:57:04.774,0.98357,0.98367,1.75,1.00
2016.09.01 06:57:04.826,0.98356,0.98367,2.25,1.50
2016.09.01 06:57:04.877,0.98357,0.98367,1.75,1.50
2016.09.01 06:57:04.928,0.98357,0.98367,1.75,1.00
2016.09.01 06:57:05.031,0.98359,0.98367,1.00,1.00
2016.09.01 06:57:05.555,0.98359,0.98366,1.00,1.00
2016.09.01 06:57:05.760,0.98357,0.98365,1.50,1.00
2016.09.01 06:57:09.077,0.98356,0.98365,1.75,1.00
2016.09.01 06:57:09.411,0.98356,0.98365,1.75,1.00
2016.09.01 06:57:10.374,0.98356,0.98365,1.50,1.00
2016.09.01 06:57:10.706,0.98356,0.98365,1.50,1.00
2016.09.01 06:57:10.967,0.98356,0.98365,1.50,1.00
2016.09.01 06:57:11.225,0.98356,0.98365,1.50,1.50
2016.09.01 06:57:11.277,0.98354,0.98365,3.19,2.25
2016.09.01 06:57:11.423,0.98354,0.98363,3.00,1.50
2016.09.01 06:57:11.477,0.98352,0.98359,1.12,1.00
2016.09.01 06:57:11.529,0.98352,0.98359,1.00,1.50
2016.09.01 06:57:11.580,0.98352,0.98357,1.00,1.00
2016.09.01 06:57:11.632,0.9835,0.98357,1.12,1.00
2016.09.01 06:57:11.686,0.9835,0.98357,1.12,1.00
2016.09.01 06:57:12.064,0.98348,0.98356,2.25,1.00
2016.09.01 06:57:12.423,0.98348,0.98356,2.25,1.50
2016.09.01 06:57:12.474,0.98348,0.98356,1.87,1.50
2016.09.01 06:57:12.526,0.98348,0.98354,1.87,1.00
2016.09.01 06:57:12.578,0.98347,0.98354,3.75,1.00
2016.09.01 06:57:12.715,0.98348,0.98353,1.00,1.00
2016.09.01 06:57:12.813,0.98347,0.98353,1.00,1.00
2016.09.01 06:57:12.865,0.98346,0.9835,1.12,1.00
2016.09.01 06:57:12.917,0.98346,0.9835,1.00,1.50
2016.09.01 06:57:12.969,0.98343,0.9835,1.12,1.50
2016.09.01 06:57:13.020,0.98343,0.9835,1.12,1.00
2016.09.01 06:57:13.072,0.98341,0.9835,1.87,1.00
2016.09.01 06:57:13.354,0.98342,0.9835,1.12,1.00
2016.09.01 06:57:13.406,0.98342,0.98351,1.50,1.00
2016.09.01 06:57:13.457,0.98342,0.98351,2.47,1.00
2016.09.01 06:57:13.509,0.98342,0.98352,3.22,1.12
2016.09.01 06:57:13.560,0.98345,0.98352,4.12,1.00
2016.09.01 06:57:13.663,0.98346,0.98352,1.12,1.00
2016.09.01 06:57:13.714,0.98346,0.98356,1.12,2.25
2016.09.01 06:57:13.766,0.98346,0.98356,1.75,1.87
2016.09.01 06:57:14.582,0.98346,0.98354,1.12,1.00
2016.09.01 06:57:14.633,0.98345,0.98354,1.00,1.87
2016.09.01 06:57:14.685,0.98344,0.98354,1.87,1.87
2016.09.01 06:57:14.737,0.98344,0.98354,1.37,1.00
2016.09.01 06:57:14.789,0.98344,0.98352,1.37,1.00
2016.09.01 06:57:14.840,0.98344,0.98352,1.87,1.00
2016.09.01 06:57:15.080,0.98344,0.98352,2.25,1.00
2016.09.01 06:57:15.556,0.98344,0.98352,1.87,1.00
2016.09.01 06:57:16.165,0.98344,0.98352,2.25,1.00
2016.09.01 06:57:16.353,0.98344,0.98352,1.50,1.00
2016.09.01 06:57:17.159,0.98344,0.98352,1.87,1.00
2016.09.01 06:57:17.210,0.98344,0.98351,1.87,1.00
2016.09.01 06:57:17.262,0.98344,0.98351,1.12,2.25
2016.09.01 06:57:17.313,0.98342,0.98351,1.37,3.00
2016.09.01 06:57:17.365,0.9834,0.98349,2.25,1.50
2016.09.01 06:57:17.416,0.9834,0.98348,1.75,1.00
2016.09.01 06:57:17.570,0.9834,0.98348,1.50,1.00
2016.09.01 06:57:18.534,0.9834,0.98347,1.50,1.00
2016.09.01 06:57:18.689,0.98338,0.98346,2.25,1.00
2016.09.01 06:57:18.792,0.98339,0.98346,1.12,1.00
2016.09.01 06:57:18.895,0.98339,0.98349,1.50,2.62
2016.09.01 06:57:19.065,0.98339,0.98348,1.75,1.00
2016.09.01 06:57:19.933,0.98339,0.98349,1.75,2.25
2016.09.01 06:57:20.271,0.98339,0.98349,1.75,1.00
2016.09.01 06:57:20.493,0.98339,0.98349,1.75,1.00
2016.09.01 06:57:21.003,0.98339,0.9835,1.75,3.00
2016.09.01 06:57:21.129,0.98339,0.9835,1.75,2.25
2016.09.01 06:57:21.181,0.98339,0.9835,1.75,3.00
2016.09.01 06:57:21.234,0.98339,0.98348,1.75,1.00
2016.09.01 06:57:21.594,0.98339,0.98346,1.75,1.00
2016.09.01 06:57:22.296,0.98338,0.98346,3.75,1.00
2016.09.01 06:57:22.347,0.98338,0.98346,3.37,1.00
2016.09.01 06:57:22.398,0.98338,0.98346,2.25,1.00
2016.09.01 06:57:22.654,0.98338,0.98346,1.50,1.00
2016.09.01 06:57:22.772,0.98338,0.98346,2.25,1.00
2016.09.01 06:57:22.828,0.98338,0.98345,1.50,1.00
2016.09.01 06:57:22.880,0.98337,0.98345,2.62,1.00
2016.09.01 06:57:22.931,0.98337,0.98345,2.25,1.00
2016.09.01 06:57:22.983,0.98338,0.98345,1.50,1.00
2016.09.01 06:57:23.189,0.98338,0.98345,1.50,1.00
2016.09.01 06:57:23.292,0.98337,0.98345,1.95,1.00
2016.09.01 06:57:23.396,0.98336,0.98345,1.37,1.50
2016.09.01 06:57:23.447,0.98336,0.98343,1.37,1.00
2016.09.01 06:57:23.579,0.98333,0.98342,1.87,1.00
2016.09.01 06:57:23.941,0.98333,0.98341,1.50,1.00
2016.09.01 06:57:23.992,0.98336,0.98343,1.00,1.50
2016.09.01 06:57:24.043,0.98336,0.98343,1.12,1.50
2016.09.01 06:57:24.095,0.98335,0.98343,3.19,1.00
2016.09.01 06:57:24.146,0.98335,0.98343,2.62,1.00
2016.09.01 06:57:24.198,0.98335,0.98345,2.25,1.00
2016.09.01 06:57:24.250,0.98335,0.98345,1.50,1.00
2016.09.01 06:57:24.525,0.98335,0.98346,1.87,1.87
2016.09.01 06:57:24.577,0.98335,0.98346,1.87,2.62
2016.09.01 06:57:24.629,0.98335,0.98346,1.50,2.62
2016.09.01 06:57:24.682,0.98335,0.98346,1.69,2.62
2016.09.01 06:57:24.989,0.98335,0.98346,1.69,2.62
2016.09.01 06:57:25.093,0.98335,0.98346,1.50,2.62
2016.09.01 06:57:25.247,0.98335,0.98346,1.50,2.62
2016.09.01 06:57:25.883,0.98335,0.98346,1.50,1.87
2016.09.01 06:57:26.698,0.98335,0.98346,1.50,2.62
2016.09.01 06:57:26.750,0.98335,0.98346,1.50,1.87
2016.09.01 06:57:26.802,0.98335,0.98346,1.50,1.50
2016.09.01 06:57:26.854,0.98335,0.98346,1.50,4.16
2016.09.01 06:57:26.906,0.98334,0.98345,2.62,1.25
2016.09.01 06:57:26.959,0.98335,0.98343,1.00,1.50
2016.09.01 06:57:27.011,0.98332,0.98343,2.25,2.25
2016.09.01 06:57:27.062,0.98332,0.98343,1.75,2.62
2016.09.01 06:57:27.164,0.98332,0.98343,1.50,2.62
2016.09.01 06:57:27.319,0.98331,0.98342,1.75,1.00
2016.09.01 06:57:27.533,0.98331,0.98342,1.75,1.00
2016.09.01 06:57:27.846,0.98331,0.98342,1.75,1.00
2016.09.01 06:57:28.381,0.98331,0.98342,1.75,2.25
2016.09.01 06:57:30.251,0.98331,0.98342,1.75,1.50
2016.09.01 06:57:30.302,0.98331,0.98342,1.75,1.00
2016.09.01 06:57:30.586,0.98332,0.98343,1.50,2.62
2016.09.01 06:57:30.638,0.98332,0.98343,1.50,2.62
2016.09.01 06:57:30.792,0.98332,0.98343,1.75,2.25
2016.09.01 06:57:30.843,0.98332,0.98343,1.75,1.50
2016.09.01 06:57:30.895,0.98332,0.98343,1.87,1.50
2016.09.01 06:57:30.999,0.98332,0.98343,2.47,1.50
2016.09.01 06:57:31.051,0.98332,0.98343,2.47,1.50
2016.09.01 06:57:31.102,0.98333,0.98343,1.67,1.50
2016.09.01 06:57:31.154,0.98334,0.98343,1.67,1.00
2016.09.01 06:57:31.239,0.98337,0.98345,1.00,1.87
2016.09.01 06:57:31.389,0.98338,0.98347,1.12,3.00
2016.09.01 06:57:31.492,0.98338,0.98347,1.12,2.25
2016.09.01 06:57:32.479,0.98338,0.98347,1.12,1.00
2016.09.01 06:57:33.112,0.98336,0.98347,1.87,1.00
2016.09.01 06:57:33.164,0.98337,0.98347,1.50,1.00
2016.09.01 06:57:33.266,0.98338,0.98347,1.12,1.00
2016.09.01 06:57:33.317,0.98338,0.98348,1.87,1.87
2016.09.01 06:57:35.244,0.98338,0.98348,1.87,1.12
2016.09.01 06:57:35.296,0.98338,0.98349,2.25,1.37
2016.09.01 06:57:35.347,0.98339,0.9835,1.12,2.62
2016.09.01 06:57:35.399,0.98339,0.9835,1.50,2.62
2016.09.01 06:57:35.603,0.98339,0.9835,1.50,3.00
2016.09.01 06:57:36.085,0.98339,0.9835,1.50,2.25
2016.09.01 06:57:36.187,0.98339,0.9835,1.50,3.00
2016.09.01 06:57:36.290,0.98339,0.9835,1.50,2.25
2016.09.01 06:57:36.495,0.98339,0.9835,1.50,3.00
2016.09.01 06:57:38.632,0.98339,0.9835,1.50,3.00
2016.09.01 06:57:38.787,0.98339,0.9835,1.50,2.62
2016.09.01 06:57:39.356,0.98339,0.9835,1.50,2.62
2016.09.01 06:57:39.670,0.98339,0.9835,1.50,2.62
2016.09.01 06:57:39.876,0.98339,0.9835,1.50,3.37
2016.09.01 06:57:39.928,0.98338,0.98349,2.25,1.50
2016.09.01 06:57:40.155,0.98338,0.98348,2.25,1.00
2016.09.01 06:57:40.258,0.98338,0.98348,2.25,1.00
2016.09.01 06:57:41.048,0.98339,0.98348,1.50,1.00
2016.09.01 06:57:41.150,0.98338,0.98348,2.25,1.00
2016.09.01 06:57:42.779,0.98338,0.98348,1.75,1.00
2016.09.01 06:57:43.175,0.98338,0.98348,2.25,1.00
2016.09.01 06:57:43.226,0.98339,0.98348,1.50,1.00
2016.09.01 06:57:43.278,0.98339,0.98348,1.50,1.00
2016.09.01 06:57:43.329,0.98338,0.98348,1.75,1.00
2016.09.01 06:57:47.368,0.98338,0.98348,1.75,1.12
2016.09.01 06:57:49.489,0.98338,0.98348,1.75,1.12
2016.09.01 06:57:49.592,0.98337,0.98348,3.56,1.12
2016.09.01 06:57:50.030,0.98338,0.98348,1.75,1.12
2016.09.01 06:57:50.132,0.98338,0.98349,1.75,2.62
2016.09.01 06:57:50.184,0.98338,0.98348,1.75,1.12
2016.09.01 06:57:50.287,0.98337,0.98348,3.37,1.12
2016.09.01 06:57:50.340,0.98337,0.98348,2.62,1.12
2016.09.01 06:57:50.494,0.98337,0.98348,1.87,3.37
2016.09.01 06:57:50.547,0.98336,0.98347,2.62,1.50
2016.09.01 06:57:50.599,0.98336,0.98346,2.62,1.00
2016.09.01 06:57:50.651,0.98335,0.98346,3.37,1.50
2016.09.01 06:57:50.703,0.98335,0.98346,2.25,1.87
2016.09.01 06:57:50.755,0.98335,0.98346,1.87,2.25
2016.09.01 06:57:50.806,0.98335,0.98346,2.62,2.25
2016.09.01 06:57:50.857,0.98335,0.98346,2.62,3.00
2016.09.01 06:57:50.957,0.98335,0.98345,1.87,1.12
2016.09.01 06:57:51.008,0.98335,0.98345,1.12,2.25
2016.09.01 06:57:51.060,0.98335,0.98345,1.12,2.25
2016.09.01 06:57:51.111,0.98335,0.98345,1.12,3.00
2016.09.01 06:57:51.162,0.98335,0.98345,1.12,3.75
2016.09.01 06:57:51.265,0.98335,0.98345,1.12,3.00
2016.09.01 06:57:51.353,0.98335,0.98345,1.12,2.25
2016.09.01 06:57:51.601,0.98335,0.98345,1.12,1.50
2016.09.01 06:57:52.121,0.98335,0.98345,1.12,1.00
2016.09.01 06:57:52.275,0.98335,0.98345,1.12,1.50
2016.09.01 06:57:52.326,0.98335,0.98345,1.12,3.00
2016.09.01 06:57:52.509,0.98335,0.98345,1.12,3.75
2016.09.01 06:57:52.889,0.98335,0.98344,1.12,1.00
2016.09.01 06:57:52.992,0.98335,0.98345,1.12,3.00
2016.09.01 06:57:53.044,0.98335,0.98345,1.12,2.25
2016.09.01 06:57:54.866,0.98335,0.98345,1.12,1.50
2016.09.01 06:57:55.192,0.98335,0.98345,1.12,1.00
2016.09.01 06:57:55.906,0.98335,0.98345,1.12,2.25
2016.09.01 06:57:56.863,0.98334,0.98345,1.37,4.12
2016.09.01 06:57:56.915,0.98334,0.98345,1.37,3.37
2016.09.01 06:57:56.966,0.98333,0.98344,1.50,1.00
2016.09.01 06:57:57.018,0.98333,0.98344,1.50,1.50
2016.09.01 06:57:57.070,0.98332,0.98343,2.62,1.50
2016.09.01 06:57:57.173,0.98332,0.98342,1.87,1.12
2016.09.01 06:57:58.607,0.98332,0.98342,1.12,1.12
2016.09.01 06:57:58.658,0.98331,0.98342,3.00,1.12
2016.09.01 06:58:00.126,0.98332,0.98342,1.87,1.12
2016.09.01 06:58:02.004,0.98332,0.98342,1.12,1.12
2016.09.01 06:58:02.055,0.98331,0.98342,2.25,1.12
2016.09.01 06:58:02.793,0.98332,0.98343,1.12,2.62
2016.09.01 06:58:02.896,0.98335,0.98343,1.00,1.50
2016.09.01 06:58:02.947,0.98335,0.98343,1.00,1.37
2016.09.01 06:58:02.998,0.98334,0.98343,2.10,1.12
2016.09.01 06:58:03.050,0.98334,0.98345,2.66,1.87
2016.09.01 06:58:03.101,0.98334,0.98345,2.29,1.75
2016.09.01 06:58:03.152,0.98335,0.98345,1.00,1.00
2016.09.01 06:58:03.274,0.98335,0.98345,1.00,1.37
2016.09.01 06:58:03.326,0.98335,0.98345,1.50,1.37
2016.09.01 06:58:03.839,0.98335,0.98345,1.00,1.37
2016.09.01 06:58:04.042,0.98337,0.98346,1.50,1.37
2016.09.01 06:58:04.094,0.98337,0.98347,1.50,2.62
2016.09.01 06:58:04.225,0.98337,0.98347,1.00,2.62
2016.09.01 06:58:04.329,0.98337,0.98347,1.00,1.37
2016.09.01 06:58:04.380,0.98337,0.98347,1.00,1.37
2016.09.01 06:58:04.698,0.98336,0.98347,2.62,1.87
2016.09.01 06:58:04.750,0.98336,0.98346,1.87,1.12
2016.09.01 06:58:04.802,0.98336,0.98346,1.12,1.87
2016.09.01 06:58:04.853,0.98335,0.98346,1.37,2.25
2016.09.01 06:58:04.905,0.98335,0.98346,1.00,2.25
2016.09.01 06:58:05.032,0.98335,0.98346,1.00,3.75
2016.09.01 06:58:05.186,0.98335,0.98346,1.00,3.75
2016.09.01 06:58:05.340,0.98335,0.98346,1.00,3.00
2016.09.01 06:58:05.391,0.98334,0.98345,3.00,1.50
2016.09.01 06:58:05.443,0.98334,0.98344,2.25,1.87
2016.09.01 06:58:05.494,0.98334,0.98344,1.12,2.62
2016.09.01 06:58:05.545,0.98334,0.98344,1.12,3.37
2016.09.01 06:58:05.597,0.98334,0.98344,1.12,3.75
2016.09.01 06:58:05.701,0.98334,0.98343,1.12,1.37
2016.09.01 06:58:05.752,0.98334,0.98343,1.12,1.50
2016.09.01 06:58:06.039,0.98332,0.98343,2.62,1.50
2016.09.01 06:58:06.142,0.98332,0.98343,1.87,1.50
2016.09.01 06:58:06.194,0.98335,0.98344,1.00,1.87
2016.09.01 06:58:06.298,0.98336,0.98345,1.00,1.87
2016.09.01 06:58:06.380,0.98336,0.98346,1.87,2.62
2016.09.01 06:58:06.434,0.98336,0.98346,2.62,1.50
2016.09.01 06:58:06.488,0.98337,0.98346,1.00,1.12
2016.09.01 06:58:06.665,0.98337,0.98347,1.12,1.87
2016.09.01 06:58:06.717,0.98336,0.98347,2.62,1.87
2016.09.01 06:58:06.770,0.98336,0.98347,3.00,1.50
2016.09.01 06:58:06.822,0.98337,0.98348,1.12,5.62
2016.09.01 06:58:06.874,0.98337,0.98348,1.12,4.87
2016.09.01 06:58:07.130,0.98337,0.98344,1.12,1.00
2016.09.01 06:58:07.181,0.98337,0.98344,1.00,1.00
2016.09.01 06:58:07.233,0.98336,0.98344,1.00,1.50
2016.09.01 06:58:07.285,0.98333,0.98344,1.87,1.50
2016.09.01 06:58:07.337,0.98332,0.98344,3.00,3.00
2016.09.01 06:58:07.388,0.98332,0.98344,3.00,3.37
2016.09.01 06:58:07.439,0.98332,0.98344,2.25,3.37
2016.09.01 06:58:07.551,0.98332,0.98344,1.87,3.75
2016.09.01 06:58:08.217,0.98335,0.98344,1.31,3.00
2016.09.01 06:58:08.269,0.98336,0.98344,1.00,1.87
2016.09.01 06:58:08.372,0.98336,0.98346,1.50,2.62
2016.09.01 06:58:08.515,0.98337,0.98346,1.00,1.12
2016.09.01 06:58:08.567,0.98337,0.98347,1.12,1.12
2016.09.01 06:58:08.618,0.98337,0.98347,1.12,1.00
2016.09.01 06:58:08.671,0.98337,0.98348,1.12,4.12
2016.09.01 06:58:09.627,0.98337,0.98348,1.12,3.37
2016.09.01 06:58:09.729,0.98337,0.98348,1.12,4.12
2016.09.01 06:58:10.139,0.98337,0.98346,1.12,1.00
2016.09.01 06:58:10.190,0.98337,0.98346,1.00,1.37
2016.09.01 06:58:10.242,0.98335,0.98346,1.50,2.62
2016.09.01 06:58:10.294,0.98335,0.98346,1.00,3.00
2016.09.01 06:58:10.345,0.98335,0.98346,1.00,2.25
2016.09.01 06:58:10.441,0.98335,0.98346,1.00,3.00
2016.09.01 06:58:10.493,0.98335,0.98346,1.12,2.62
2016.09.01 06:58:10.902,0.98335,0.98346,1.12,2.62
2016.09.01 06:58:10.954,0.98336,0.98347,2.25,1.87
2016.09.01 06:58:11.005,0.98338,0.98347,1.00,1.37
2016.09.01 06:58:11.057,0.98338,0.98348,1.50,1.87
2016.09.01 06:58:11.108,0.98338,0.98348,1.87,1.87
2016.09.01 06:58:11.160,0.98338,0.98348,1.12,1.37
2016.09.01 06:58:11.274,0.98338,0.98348,1.00,2.62
2016.09.01 06:58:11.326,0.98337,0.98347,1.12,1.00
2016.09.01 06:58:11.396,0.98337,0.98348,1.12,3.37
2016.09.01 06:58:11.499,0.98337,0.98348,1.12,3.37
2016.09.01 06:58:11.551,0.98338,0.98348,1.00,2.62
2016.09.01 06:58:11.604,0.98338,0.98348,1.00,2.62
2016.09.01 06:58:11.657,0.98338,0.98348,1.50,1.50
2016.09.01 06:58:12.072,0.98338,0.98349,1.50,4.12
2016.09.01 06:58:12.124,0.98339,0.98349,1.37,1.87
2016.09.01 06:58:12.175,0.98339,0.98349,1.50,1.50
2016.09.01 06:58:12.530,0.98339,0.98349,1.50,1.50
2016.09.01 06:58:14.145,0.98339,0.98349,1.50,3.75
2016.09.01 06:58:14.197,0.98339,0.98348,1.00,1.12
2016.09.01 06:58:14.249,0.98337,0.98344,1.87,1.12
2016.09.01 06:58:14.301,0.98337,0.98344,1.50,1.50
2016.09.01 06:58:14.353,0.98337,0.98345,1.00,1.50
2016.09.01 06:58:14.405,0.98337,0.98345,1.00,1.12
2016.09.01 06:58:14.499,0.98335,0.98346,1.12,3.00
2016.09.01 06:58:14.552,0.98336,0.98346,1.00,3.00
2016.09.01 06:58:14.657,0.98336,0.98346,1.50,1.50
2016.09.01 06:58:14.712,0.98336,0.98346,1.50,1.50
2016.09.01 06:58:14.764,0.98338,0.98347,1.50,2.62
2016.09.01 06:58:14.866,0.98338,0.98347,1.50,2.25
2016.09.01 06:58:14.918,0.98338,0.98348,2.25,4.50
2016.09.01 06:58:14.969,0.98338,0.98348,2.25,1.37
2016.09.01 06:58:15.024,0.98338,0.98349,3.00,1.50
2016.09.01 06:58:15.076,0.98338,0.98349,3.75,1.87
2016.09.01 06:58:15.129,0.98338,0.98349,3.00,3.00
2016.09.01 06:58:15.180,0.98338,0.98349,2.62,5.10
2016.09.01 06:58:15.232,0.98338,0.98347,1.00,1.50
2016.09.01 06:58:15.284,0.98336,0.98347,3.00,1.50
2016.09.01 06:58:15.402,0.98336,0.98347,3.00,1.50
2016.09.01 06:58:15.454,0.98336,0.98347,3.00,2.62
2016.09.01 06:58:16.069,0.98336,0.98347,2.25,2.62
2016.09.01 06:58:16.882,0.98336,0.98347,1.87,2.62
2016.09.01 06:58:17.255,0.98336,0.98347,2.62,2.25
2016.09.01 06:58:17.540,0.98336,0.98347,2.62,2.25
2016.09.01 06:58:17.591,0.98336,0.98347,2.62,2.62
2016.09.01 06:58:18.860,0.98336,0.98347,1.87,2.62
2016.09.01 06:58:19.364,0.98336,0.98347,2.62,3.00
2016.09.01 06:58:21.586,0.98336,0.98347,2.62,3.00
2016.09.01 06:58:21.638,0.98338,0.98347,1.00,3.00
2016.09.01 06:58:21.689,0.98338,0.98347,1.00,2.62
2016.09.01 06:58:21.857,0.98337,0.98347,1.12,1.87
2016.09.01 06:58:21.960,0.98336,0.98347,3.00,1.12
2016.09.01 06:58:22.011,0.98336,0.98347,3.00,1.50
2016.09.01 06:58:22.063,0.98336,0.98347,3.00,2.25
2016.09.01 06:58:22.166,0.98336,0.98347,3.00,1.50
2016.09.01 06:58:22.217,0.98336,0.98347,3.00,1.50
2016.09.01 06:58:22.320,0.98336,0.98347,2.25,1.50
2016.09.01 06:58:22.422,0.98336,0.98347,3.00,1.50
2016.09.01 06:58:22.474,0.98336,0.98346,3.00,1.00
2016.09.01 06:58:22.525,0.98336,0.98346,2.25,1.00
2016.09.01 06:58:22.871,0.98336,0.98347,2.25,1.50
2016.09.01 06:58:22.922,0.98336,0.98347,3.00,1.50
2016.09.01 06:58:23.025,0.98336,0.98347,3.00,1.50
2016.09.01 06:58:23.076,0.98337,0.98347,1.87,1.00
2016.09.01 06:58:23.128,0.98337,0.98347,2.62,1.00
2016.09.01 06:58:23.180,0.98338,0.98348,1.00,1.37
2016.09.01 06:58:23.231,0.98338,0.98348,1.12,1.00
2016.09.01 06:58:23.334,0.98338,0.98348,1.87,1.00
2016.09.01 06:58:23.385,0.98338,0.98349,1.87,2.62
2016.09.01 06:58:23.436,0.98338,0.98349,1.50,3.37
2016.09.01 06:58:23.488,0.98337,0.98348,3.00,1.00
2016.09.01 06:58:23.650,0.98337,0.98348,2.25,1.50
2016.09.01 06:58:23.702,0.98337,0.98348,2.25,1.87
2016.09.01 06:58:23.805,0.98337,0.98348,2.25,1.50
2016.09.01 06:58:23.856,0.98337,0.98348,2.25,3.00
2016.09.01 06:58:24.243,0.98337,0.98348,2.25,1.50
2016.09.01 06:58:24.295,0.98338,0.98348,1.00,1.00
2016.09.01 06:58:24.551,0.98338,0.98348,2.25,1.00
2016.09.01 06:58:24.659,0.98338,0.98349,2.25,2.62
2016.09.01 06:58:24.711,0.98338,0.98349,2.62,2.62
2016.09.01 06:58:24.976,0.98338,0.98349,2.62,3.00
2016.09.01 06:58:25.027,0.98338,0.98349,1.87,3.00
2016.09.01 06:58:25.231,0.98338,0.98349,2.62,3.00
2016.09.01 06:58:25.570,0.98338,0.98349,2.62,2.62
2016.09.01 06:58:25.672,0.98338,0.98349,1.87,2.25
2016.09.01 06:58:25.723,0.98339,0.98349,1.12,1.12
2016.09.01 06:58:25.775,0.98339,0.98349,1.12,1.00
2016.09.01 06:58:25.826,0.98339,0.98349,1.12,1.50
2016.09.01 06:58:25.965,0.98337,0.98347,1.75,2.25
2016.09.01 06:58:26.016,0.98337,0.98346,2.25,1.00
2016.09.01 06:58:26.119,0.98337,0.98346,1.50,1.12
2016.09.01 06:58:26.222,0.98337,0.98346,1.50,1.12
2016.09.01 06:58:26.324,0.98337,0.98346,1.50,1.50
2016.09.01 06:58:30.167,0.98337,0.98346,1.50,1.50
2016.09.01 06:58:30.218,0.98337,0.98347,1.87,1.12
2016.09.01 06:58:30.270,0.98337,0.98347,1.87,1.12
2016.09.01 06:58:30.321,0.98337,0.98347,1.50,1.50
2016.09.01 06:58:30.372,0.98337,0.98347,1.50,1.50
2016.09.01 06:58:30.423,0.98337,0.98347,1.50,1.75
2016.09.01 06:58:31.147,0.98337,0.98347,1.00,1.75
2016.09.01 06:58:31.747,0.98337,0.98347,1.50,1.75
2016.09.01 06:58:38.169,0.98337,0.98346,1.50,1.50
2016.09.01 06:58:38.272,0.98337,0.98346,1.87,1.00
2016.09.01 06:58:38.374,0.98337,0.98346,1.50,1.12
2016.09.01 06:58:41.383,0.98337,0.98347,1.87,1.50
2016.09.01 06:58:42.586,0.98337,0.98347,1.87,1.12
2016.09.01 06:58:47.137,0.98337,0.98348,2.62,1.50
2016.09.01 06:58:47.191,0.98337,0.98348,2.62,1.50
2016.09.01 06:58:48.060,0.98337,0.98348,1.87,1.50
2016.09.01 06:58:48.457,0.98338,0.98349,1.50,3.37
2016.09.01 06:58:48.508,0.98338,0.98349,1.50,3.37
2016.09.01 06:58:48.561,0.98337,0.98347,2.25,1.00
2016.09.01 06:58:48.613,0.98337,0.98347,2.25,1.50
2016.09.01 06:58:48.664,0.98337,0.98346,1.87,1.12
2016.09.01 06:58:48.716,0.98337,0.98345,1.87,1.12
2016.09.01 06:58:48.767,0.98337,0.98345,1.00,1.87
2016.09.01 06:58:48.819,0.98335,0.98346,2.25,2.62
2016.09.01 06:58:48.871,0.98335,0.98346,2.62,2.62
2016.09.01 06:58:49.185,0.98337,0.98346,1.00,2.62
2016.09.01 06:58:49.288,0.98338,0.98347,1.00,1.00
2016.09.01 06:58:49.405,0.98338,0.98348,1.00,1.37
2016.09.01 06:58:49.507,0.98338,0.98349,1.00,3.75
2016.09.01 06:58:49.559,0.98338,0.98349,1.50,3.75
2016.09.01 06:58:49.614,0.98338,0.98349,1.50,3.75
2016.09.01 06:58:49.666,0.98338,0.98349,2.25,3.37
2016.09.01 06:58:49.973,0.98338,0.98349,1.50,4.12
2016.09.01 06:58:50.280,0.98338,0.98349,1.50,3.37
2016.09.01 06:58:51.273,0.98338,0.98349,2.25,2.62
2016.09.01 06:58:51.439,0.98338,0.98349,3.00,1.87
2016.09.01 06:58:51.491,0.98338,0.98349,2.25,1.87
2016.09.01 06:58:51.778,0.98338,0.98349,3.00,1.87
2016.09.01 06:58:53.380,0.98338,0.98349,3.00,2.62
2016.09.01 06:58:53.985,0.98338,0.98348,3.00,1.00
2016.09.01 06:58:57.816,0.98338,0.98348,2.25,1.00
2016.09.01 06:58:58.666,0.98338,0.98348,3.00,1.00
2016.09.01 06:59:00.577,0.98338,0.98348,2.25,1.50
2016.09.01 06:59:02.932,0.98338,0.98348,1.50,1.50
2016.09.01 06:59:03.325,0.98338,0.98348,2.25,1.50
2016.09.01 06:59:04.430,0.98338,0.98348,1.50,1.50
2016.09.01 06:59:04.746,0.98338,0.98348,2.25,1.50
2016.09.01 06:59:05.753,0.98338,0.98348,2.25,1.50
2016.09.01 06:59:05.805,0.98338,0.98348,2.25,1.00
2016.09.01 06:59:07.545,0.98338,0.98348,2.25,1.00
2016.09.01 06:59:07.596,0.98338,0.98349,3.00,3.37
2016.09.01 06:59:07.648,0.98338,0.98349,3.75,3.37
2016.09.01 06:59:07.699,0.98338,0.98349,3.75,2.62
2016.09.01 06:59:07.750,0.98338,0.98349,2.25,2.62
2016.09.01 06:59:07.801,0.98338,0.98349,2.25,3.37
2016.09.01 06:59:07.853,0.98338,0.98349,3.75,3.37
2016.09.01 06:59:07.955,0.98338,0.98349,3.00,3.37
2016.09.01 06:59:08.006,0.98338,0.98348,2.25,1.00
2016.09.01 06:59:08.108,0.98338,0.98346,1.87,1.00
2016.09.01 06:59:08.211,0.98338,0.98346,1.50,1.12
2016.09.01 06:59:08.315,0.98338,0.98346,1.50,1.50
2016.09.01 06:59:09.096,0.98338,0.98346,1.00,1.50
2016.09.01 06:59:09.148,0.98337,0.98346,1.50,1.50
2016.09.01 06:59:10.120,0.98337,0.98346,1.50,2.25
2016.09.01 06:59:10.679,0.98337,0.98346,1.50,1.50
2016.09.01 06:59:10.730,0.98337,0.98346,1.50,2.25
2016.09.01 06:59:11.224,0.98337,0.98346,1.50,1.50
2016.09.01 06:59:12.716,0.98337,0.98346,1.50,2.25
2016.09.01 06:59:12.768,0.98337,0.98346,1.00,2.25
2016.09.01 06:59:12.819,0.98337,0.98346,1.00,1.50
2016.09.01 06:59:12.870,0.98337,0.98346,1.50,1.50
2016.09.01 06:59:15.931,0.98337,0.98346,1.87,1.00
2016.09.01 06:59:16.135,0.98337,0.98346,1.50,1.37
2016.09.01 06:59:19.753,0.98337,0.98347,1.50,2.25
2016.09.01 06:59:20.184,0.98337,0.98347,1.00,2.25
2016.09.01 06:59:20.338,0.98337,0.98346,1.00,1.50
2016.09.01 06:59:20.390,0.98337,0.98346,1.50,1.50
2016.09.01 06:59:20.441,0.98337,0.98346,1.50,2.25
2016.09.01 06:59:20.544,0.98337,0.98346,1.50,1.50
2016.09.01 06:59:23.967,0.98337,0.98347,1.50,1.00
2016.09.01 06:59:25.051,0.98337,0.98348,3.75,2.25
2016.09.01 06:59:25.103,0.98337,0.98348,3.75,1.50
2016.09.01 06:59:25.154,0.98338,0.98349,2.25,4.50
2016.09.01 06:59:25.256,0.98338,0.98349,2.25,3.37
2016.09.01 06:59:25.359,0.98338,0.98349,2.25,3.75
2016.09.01 06:59:25.862,0.98338,0.98349,2.25,4.50
2016.09.01 06:59:25.914,0.98338,0.98349,2.25,5.25
2016.09.01 06:59:26.171,0.98338,0.98349,3.00,4.50
2016.09.01 06:59:26.223,0.98338,0.98349,3.75,3.75
2016.09.01 06:59:29.914,0.98338,0.98349,3.75,3.00
2016.09.01 06:59:30.205,0.98338,0.98349,3.75,3.75
2016.09.01 06:59:30.359,0.98338,0.98349,3.37,4.12
2016.09.01 06:59:30.718,0.98338,0.98349,3.37,3.37
2016.09.01 06:59:31.283,0.98338,0.98348,2.62,1.12
2016.09.01 06:59:33.978,0.98338,0.98348,1.12,1.12
2016.09.01 06:59:34.196,0.98338,0.98348,2.62,1.12
2016.09.01 06:59:34.299,0.98338,0.98347,1.87,1.00
2016.09.01 06:59:34.504,0.98338,0.98347,1.87,1.50
2016.09.01 06:59:34.589,0.98338,0.98346,1.50,1.12
2016.09.01 06:59:35.523,0.98338,0.98346,1.00,1.12
2016.09.01 06:59:35.575,0.98337,0.98346,1.50,1.12
2016.09.01 06:59:35.809,0.98337,0.98345,1.50,1.00
2016.09.01 06:59:35.860,0.98337,0.98345,1.50,2.47
2016.09.01 06:59:35.912,0.98337,0.98344,1.50,1.12
2016.09.01 06:59:35.963,0.98337,0.98344,1.00,2.62
2016.09.01 06:59:36.014,0.98337,0.98343,1.00,1.00
2016.09.01 06:59:36.066,0.98333,0.98343,2.25,1.12
2016.09.01 06:59:36.117,0.98333,0.98343,1.87,1.87
2016.09.01 06:59:36.168,0.98333,0.98343,1.87,2.62
2016.09.01 06:59:36.271,0.98333,0.98343,1.87,1.87
2016.09.01 06:59:36.323,0.98333,0.98343,1.12,1.87
2016.09.01 06:59:36.601,0.98332,0.98343,3.00,2.25
2016.09.01 06:59:38.142,0.98332,0.98343,3.00,1.50
2016.09.01 06:59:38.244,0.98334,0.98343,1.30,1.50
2016.09.01 06:59:38.296,0.98334,0.98343,2.10,1.00
2016.09.01 06:59:38.348,0.98335,0.98343,1.87,1.00
2016.09.01 06:59:38.507,0.98335,0.98345,1.87,1.12
2016.09.01 06:59:39.763,0.98336,0.98345,1.50,1.12
2016.09.01 06:59:40.958,0.98336,0.98345,1.00,1.12
2016.09.01 06:59:41.636,0.98336,0.98345,1.50,1.12
2016.09.01 06:59:41.739,0.98334,0.98345,2.10,1.12
2016.09.01 06:59:41.790,0.98334,0.98345,1.50,1.12
2016.09.01 06:59:41.893,0.98334,0.98345,2.10,1.87
2016.09.01 06:59:41.995,0.98334,0.98345,2.10,1.12
2016.09.01 06:59:45.107,0.98334,0.98346,1.67,1.87
2016.09.01 06:59:45.210,0.98334,0.98346,1.67,2.62
2016.09.01 06:59:45.261,0.98334,0.98346,1.67,3.37
2016.09.01 06:59:45.815,0.98334,0.98346,1.67,2.62
2016.09.01 06:59:45.866,0.98334,0.98346,1.67,3.37
2016.09.01 06:59:46.152,0.98335,0.98346,1.00,3.37
2016.09.01 06:59:46.203,0.98335,0.98346,1.00,1.87
2016.09.01 06:59:46.306,0.98335,0.98346,1.00,2.62
2016.09.01 06:59:46.408,0.98335,0.98346,1.00,3.37
2016.09.01 06:59:46.562,0.98334,0.98346,1.67,3.37
2016.09.01 06:59:47.168,0.98334,0.98346,1.67,2.62
2016.09.01 06:59:47.632,0.98334,0.98346,1.67,1.87
2016.09.01 06:59:48.479,0.98334,0.98346,1.67,2.62
2016.09.01 06:59:49.213,0.98333,0.98346,6.08,3.37
2016.09.01 06:59:49.264,0.98333,0.98345,4.73,1.00
2016.09.01 06:59:49.316,0.98333,0.98344,3.98,1.12
2016.09.01 06:59:49.438,0.98333,0.98343,4.73,1.00
2016.09.01 06:59:49.490,0.98333,0.98343,5.33,1.00
2016.09.01 06:59:49.541,0.98333,0.98346,5.33,3.75
2016.09.01 06:59:49.644,0.98333,0.98347,6.45,4.50
2016.09.01 06:59:49.695,0.98334,0.98347,1.35,3.75
2016.09.01 06:59:49.747,0.98334,0.98347,4.35,2.25
2016.09.01 06:59:49.799,0.98334,0.98347,4.35,1.12
2016.09.01 06:59:49.851,0.98334,0.98347,4.72,1.50
2016.09.01 06:59:49.954,0.98334,0.98347,8.70,1.12
2016.09.01 06:59:50.006,0.98334,0.98347,9.45,1.12
2016.09.01 06:59:50.057,0.98334,0.98347,10.20,1.12
2016.09.01 06:59:50.159,0.98335,0.98348,1.75,4.12
2016.09.01 06:59:50.210,0.98335,0.98348,1.75,2.62
2016.09.01 06:59:50.339,0.98335,0.98348,1.75,2.25
2016.09.01 06:59:50.483,0.98335,0.98348,1.75,1.50
2016.09.01 06:59:51.147,0.98335,0.98348,2.25,1.50
2016.09.01 06:59:51.673,0.98337,0.98348,1.12,1.50
2016.09.01 06:59:51.724,0.98337,0.98348,1.12,1.50
2016.09.01 06:59:51.776,0.98338,0.98348,1.00,1.50
2016.09.01 06:59:52.711,0.98338,0.98348,1.00,1.50
2016.09.01 06:59:53.049,0.98338,0.98348,1.00,1.50
2016.09.01 06:59:53.443,0.98338,0.98348,1.00,1.50
2016.09.01 06:59:54.576,0.98338,0.98348,1.00,1.50
2016.09.01 06:59:54.628,0.98338,0.98348,1.00,1.50
2016.09.01 06:59:55.211,0.98338,0.98348,1.00,1.00
2016.09.01 06:59:55.269,0.98338,0.98348,1.00,1.50
2016.09.01 06:59:55.374,0.98338,0.98348,1.00,1.00
2016.09.01 06:59:55.736,0.98338,0.98348,1.00,1.00
2016.09.01 06:59:58.962,0.98338,0.98347,1.00,1.50
2016.09.01 06:59:59.113,0.98336,0.98346,1.00,1.00
2016.09.01 06:59:59.216,0.98337,0.98347,1.00,1.50
2016.09.01 06:59:59.300,0.98338,0.98348,1.00,1.50
2016.09.01 06:59:59.351,0.98338,0.98348,1.00,1.00
