2016.09.21 12:00:00.058,0.97559,0.9757,1.75,1.00
2016.09.21 12:00:00.110,0.97559,0.9757,1.75,1.00
2016.09.21 12:00:00.161,0.97559,0.9757,1.87,1.00
2016.09.21 12:00:00.264,0.97559,0.9757,1.87,1.00
2016.09.21 12:00:00.472,0.97559,0.9757,1.75,1.00
2016.09.21 12:00:00.523,0.97559,0.9757,1.75,1.00
2016.09.21 12:00:00.627,0.97559,0.9757,1.75,1.50
2016.09.21 12:00:00.832,0.97559,0.9757,1.75,1.00
2016.09.21 12:00:01.039,0.97559,0.9757,1.37,2.25
2016.09.21 12:00:01.095,0.97559,0.9757,1.37,2.25
2016.09.21 12:00:01.249,0.97559,0.9757,1.50,2.25
2016.09.21 12:00:01.301,0.97559,0.9757,1.50,2.25
2016.09.21 12:00:01.352,0.9756,0.9757,1.75,1.87
2016.09.21 12:00:01.403,0.97561,0.9757,1.87,1.37
2016.09.21 12:00:01.455,0.97561,0.97571,1.87,1.50
2016.09.21 12:00:01.762,0.97561,0.97571,1.87,1.12
2016.09.21 12:00:01.864,0.97561,0.97571,1.87,1.50
2016.09.21 12:00:02.480,0.97561,0.97571,1.50,1.50
2016.09.21 12:00:02.531,0.97561,0.97571,1.50,1.49
2016.09.21 12:00:02.582,0.97561,0.97571,1.50,1.49
2016.09.21 12:00:02.940,0.97561,0.9757,1.50,1.00
2016.09.21 12:00:03.098,0.9756,0.97564,1.50,1.25
2016.09.21 12:00:03.150,0.97558,0.97563,1.50,1.87
2016.09.21 12:00:03.202,0.97555,0.97563,3.75,3.75
2016.09.21 12:00:03.253,0.97558,0.97562,1.00,1.50
2016.09.21 12:00:03.305,0.97553,0.97562,1.50,1.87
2016.09.21 12:00:03.356,0.97554,0.97562,1.12,3.00
2016.09.21 12:00:03.409,0.97554,0.97561,1.00,1.87
2016.09.21 12:00:03.462,0.97554,0.9756,1.00,2.25
2016.09.21 12:00:03.691,0.97554,0.9756,1.00,1.50
2016.09.21 12:00:04.052,0.97554,0.9756,1.00,1.87
2016.09.21 12:00:04.104,0.97554,0.97559,1.00,1.37
2016.09.21 12:00:04.207,0.97554,0.9756,1.00,1.87
2016.09.21 12:00:04.258,0.97551,0.9756,1.00,1.87
2016.09.21 12:00:04.353,0.9755,0.97559,1.12,1.00
2016.09.21 12:00:04.456,0.9755,0.97557,1.12,1.00
2016.09.21 12:00:04.508,0.9755,0.97557,1.37,1.00
2016.09.21 12:00:04.559,0.9755,0.9756,1.37,1.87
2016.09.21 12:00:04.712,0.9755,0.9756,1.37,1.12
2016.09.21 12:00:04.764,0.9755,0.9756,1.37,1.37
2016.09.21 12:00:04.866,0.9755,0.97561,1.37,4.87
2016.09.21 12:00:05.173,0.9755,0.9756,1.37,1.12
2016.09.21 12:00:05.276,0.9755,0.9756,1.37,1.50
2016.09.21 12:00:05.379,0.9755,0.9756,1.37,1.12
2016.09.21 12:00:06.193,0.9755,0.9756,1.37,1.87
2016.09.21 12:00:06.370,0.9755,0.97559,1.00,1.00
2016.09.21 12:00:06.794,0.97549,0.97559,1.12,1.12
2016.09.21 12:00:07.155,0.97549,0.97555,1.12,1.00
2016.09.21 12:00:07.271,0.97548,0.97555,1.12,1.25
2016.09.21 12:00:07.322,0.97548,0.97555,1.00,1.25
2016.09.21 12:00:07.373,0.97546,0.97555,1.00,2.81
2016.09.21 12:00:07.425,0.97545,0.97555,2.25,3.94
2016.09.21 12:00:07.476,0.97545,0.97554,1.87,1.00
2016.09.21 12:00:07.529,0.97545,0.97554,1.50,1.50
2016.09.21 12:00:07.580,0.97545,0.97554,1.00,1.87
2016.09.21 12:00:07.632,0.97545,0.97554,1.00,1.12
2016.09.21 12:00:07.684,0.97545,0.97554,1.00,1.00
2016.09.21 12:00:07.959,0.97545,0.97555,1.00,1.87
2016.09.21 12:00:08.010,0.97545,0.97555,1.50,1.00
2016.09.21 12:00:08.061,0.97545,0.97555,2.25,1.00
2016.09.21 12:00:08.163,0.97545,0.97555,3.37,1.00
2016.09.21 12:00:08.266,0.97545,0.97555,2.62,1.00
2016.09.21 12:00:08.317,0.97545,0.97555,1.87,1.00
2016.09.21 12:00:08.474,0.97546,0.97556,1.12,1.12
2016.09.21 12:00:08.577,0.97545,0.97553,1.00,1.00
2016.09.21 12:00:08.662,0.97544,0.97553,2.25,1.00
2016.09.21 12:00:08.737,0.97544,0.97553,1.12,1.12
2016.09.21 12:00:08.791,0.97543,0.97553,1.50,1.87
2016.09.21 12:00:08.895,0.97543,0.97553,1.50,1.50
2016.09.21 12:00:09.307,0.97543,0.97553,1.50,1.50
2016.09.21 12:00:09.600,0.97543,0.97553,1.50,2.25
2016.09.21 12:00:09.674,0.97543,0.97552,1.50,1.12
2016.09.21 12:00:09.725,0.97542,0.97552,1.87,1.87
2016.09.21 12:00:09.828,0.97542,0.97552,1.87,1.12
2016.09.21 12:00:09.917,0.97542,0.97552,1.87,1.12
2016.09.21 12:00:09.968,0.97543,0.97552,1.50,1.00
2016.09.21 12:00:10.071,0.97542,0.97552,3.00,1.00
2016.09.21 12:00:10.166,0.97543,0.97553,1.50,1.00
2016.09.21 12:00:10.217,0.97543,0.97553,1.50,1.50
2016.09.21 12:00:10.320,0.97543,0.97553,1.50,2.25
2016.09.21 12:00:10.371,0.97543,0.97553,1.50,3.00
2016.09.21 12:00:10.422,0.97543,0.97552,1.00,1.50
2016.09.21 12:00:10.475,0.97543,0.97552,1.87,3.75
2016.09.21 12:00:10.526,0.97543,0.97552,1.37,4.50
2016.09.21 12:00:10.578,0.97542,0.97552,1.87,3.75
2016.09.21 12:00:10.633,0.97542,0.97552,1.87,3.00
2016.09.21 12:00:10.685,0.97542,0.97552,1.87,3.00
2016.09.21 12:00:10.736,0.97542,0.97552,1.87,1.87
2016.09.21 12:00:10.890,0.97542,0.97552,2.25,1.87
2016.09.21 12:00:10.947,0.97542,0.97552,2.25,1.12
2016.09.21 12:00:11.153,0.97542,0.97552,1.12,1.12
2016.09.21 12:00:11.294,0.97542,0.97552,1.12,1.12
2016.09.21 12:00:11.346,0.97542,0.97552,1.87,1.12
2016.09.21 12:00:11.408,0.97542,0.97552,1.87,1.00
2016.09.21 12:00:11.459,0.97543,0.97552,1.12,1.12
2016.09.21 12:00:11.562,0.97542,0.97552,3.00,1.00
2016.09.21 12:00:11.614,0.97542,0.97552,3.00,1.00
2016.09.21 12:00:11.665,0.97542,0.97552,2.25,1.00
2016.09.21 12:00:11.900,0.97542,0.97552,2.25,1.00
2016.09.21 12:00:11.952,0.97542,0.97552,2.25,1.12
2016.09.21 12:00:13.030,0.97543,0.97552,1.00,1.12
2016.09.21 12:00:13.248,0.97543,0.97552,1.00,1.00
2016.09.21 12:00:13.392,0.97543,0.97553,1.00,1.12
2016.09.21 12:00:13.443,0.97543,0.97553,1.50,1.12
2016.09.21 12:00:13.698,0.97543,0.97553,1.12,1.12
2016.09.21 12:00:13.749,0.97543,0.97554,1.12,1.87
2016.09.21 12:00:13.953,0.97542,0.97553,3.75,1.00
2016.09.21 12:00:14.058,0.97542,0.97553,3.00,1.37
2016.09.21 12:00:14.262,0.97542,0.97553,3.37,1.37
2016.09.21 12:00:14.415,0.97542,0.97553,3.37,1.37
2016.09.21 12:00:14.466,0.97542,0.97554,4.12,2.62
2016.09.21 12:00:14.517,0.97544,0.97554,1.00,2.62
2016.09.21 12:00:14.992,0.97544,0.97554,1.00,2.62
2016.09.21 12:00:15.043,0.97544,0.97554,1.00,2.25
2016.09.21 12:00:15.248,0.97544,0.97554,1.50,1.50
2016.09.21 12:00:15.299,0.97544,0.97554,1.50,1.50
2016.09.21 12:00:15.350,0.97545,0.97554,1.37,1.37
2016.09.21 12:00:15.401,0.97546,0.97555,1.12,2.62
2016.09.21 12:00:15.531,0.97547,0.97555,1.12,1.00
2016.09.21 12:00:15.739,0.97547,0.97555,1.12,1.50
2016.09.21 12:00:15.791,0.97545,0.97555,2.62,2.25
2016.09.21 12:00:15.842,0.97545,0.97555,1.87,2.25
2016.09.21 12:00:15.893,0.97546,0.97555,1.37,1.50
2016.09.21 12:00:15.944,0.97546,0.97555,1.12,1.00
2016.09.21 12:00:16.457,0.97546,0.97556,1.12,2.25
2016.09.21 12:00:17.076,0.97546,0.97556,1.12,1.87
2016.09.21 12:00:17.180,0.97546,0.97556,1.12,1.87
2016.09.21 12:00:17.335,0.97546,0.97555,1.12,1.75
2016.09.21 12:00:17.386,0.97546,0.97555,1.12,1.87
2016.09.21 12:00:17.438,0.97544,0.97554,1.75,1.00
2016.09.21 12:00:17.541,0.97544,0.97554,1.37,1.50
2016.09.21 12:00:17.648,0.97544,0.97554,1.12,3.00
2016.09.21 12:00:17.700,0.97543,0.97553,1.50,1.50
2016.09.21 12:00:17.751,0.97543,0.97553,1.50,2.25
2016.09.21 12:00:18.371,0.97543,0.97553,1.50,2.25
2016.09.21 12:00:18.425,0.97544,0.97553,1.87,1.00
2016.09.21 12:00:18.477,0.97545,0.97554,1.50,1.12
2016.09.21 12:00:18.528,0.97546,0.97555,1.87,1.50
2016.09.21 12:00:18.588,0.97546,0.97555,3.37,1.00
2016.09.21 12:00:18.662,0.97546,0.97555,2.62,1.00
2016.09.21 12:00:18.868,0.97546,0.97555,3.00,1.00
2016.09.21 12:00:19.001,0.97547,0.97555,1.00,1.00
2016.09.21 12:00:19.372,0.97547,0.97556,1.00,1.00
2016.09.21 12:00:19.474,0.97547,0.97556,1.00,1.00
2016.09.21 12:00:19.857,0.97547,0.97556,1.00,1.00
2016.09.21 12:00:19.959,0.97546,0.97556,3.00,1.00
2016.09.21 12:00:20.113,0.97546,0.97556,3.00,1.00
2016.09.21 12:00:20.215,0.97546,0.97556,2.62,1.00
2016.09.21 12:00:20.368,0.97547,0.97556,1.50,1.00
2016.09.21 12:00:20.608,0.97547,0.97557,2.62,3.00
2016.09.21 12:00:20.686,0.97548,0.97557,1.50,2.62
2016.09.21 12:00:20.738,0.97549,0.97558,1.87,1.12
2016.09.21 12:00:20.840,0.9755,0.97558,2.25,1.00
2016.09.21 12:00:20.942,0.9755,0.97558,2.62,1.00
2016.09.21 12:00:20.993,0.9755,0.97558,3.00,1.00
2016.09.21 12:00:21.095,0.97551,0.97558,1.00,1.00
2016.09.21 12:00:21.350,0.97551,0.97559,1.87,1.00
2016.09.21 12:00:21.453,0.97551,0.97559,2.62,1.00
2016.09.21 12:00:21.504,0.97552,0.97559,1.00,1.00
2016.09.21 12:00:21.818,0.97552,0.97561,1.00,1.00
2016.09.21 12:00:22.605,0.97552,0.97562,1.00,1.50
2016.09.21 12:00:22.660,0.97552,0.97562,1.00,1.12
2016.09.21 12:00:22.764,0.97552,0.97562,1.00,1.50
2016.09.21 12:00:22.815,0.97552,0.97562,1.12,1.50
2016.09.21 12:00:22.970,0.97552,0.97562,2.25,1.50
2016.09.21 12:00:23.022,0.97552,0.97563,3.00,1.87
2016.09.21 12:00:23.074,0.97553,0.97563,1.00,1.87
2016.09.21 12:00:23.176,0.97553,0.97563,1.12,1.87
2016.09.21 12:00:23.228,0.97553,0.97563,1.12,1.50
2016.09.21 12:00:23.469,0.97553,0.97563,1.00,1.50
2016.09.21 12:00:23.521,0.97553,0.97563,1.00,2.25
2016.09.21 12:00:23.572,0.97553,0.97563,1.00,2.62
2016.09.21 12:00:23.623,0.97553,0.97563,1.00,1.87
2016.09.21 12:00:23.678,0.97553,0.97563,1.00,1.87
2016.09.21 12:00:23.780,0.97553,0.97563,1.00,2.62
2016.09.21 12:00:23.990,0.97552,0.97563,1.37,2.62
2016.09.21 12:00:24.042,0.97552,0.97563,1.50,2.62
2016.09.21 12:00:24.094,0.97552,0.97563,1.50,1.87
2016.09.21 12:00:24.197,0.97552,0.97563,1.50,1.87
2016.09.21 12:00:24.249,0.97553,0.97563,1.00,1.87
2016.09.21 12:00:24.352,0.97552,0.97563,1.75,1.50
2016.09.21 12:00:24.605,0.97552,0.97563,1.75,1.12
2016.09.21 12:00:24.658,0.97552,0.97563,1.75,1.50
2016.09.21 12:00:24.760,0.97552,0.97563,3.00,1.50
2016.09.21 12:00:24.811,0.97552,0.97563,3.37,1.50
2016.09.21 12:00:24.966,0.97552,0.97563,2.62,1.50
2016.09.21 12:00:25.017,0.97552,0.97563,2.25,1.50
2016.09.21 12:00:25.521,0.97552,0.97563,1.87,1.50
2016.09.21 12:00:25.572,0.97552,0.97563,1.37,1.87
2016.09.21 12:00:25.930,0.97552,0.97563,2.25,1.87
2016.09.21 12:00:26.032,0.97553,0.97563,1.00,1.87
2016.09.21 12:00:26.463,0.97552,0.97563,1.87,1.50
2016.09.21 12:00:26.515,0.97552,0.97563,1.50,1.50
2016.09.21 12:00:26.668,0.97552,0.97563,2.25,1.87
2016.09.21 12:00:26.719,0.97552,0.97563,3.22,1.87
2016.09.21 12:00:26.770,0.97554,0.97563,2.62,1.12
2016.09.21 12:00:26.821,0.97554,0.97563,3.00,1.12
2016.09.21 12:00:26.873,0.97556,0.97565,1.00,2.25
2016.09.21 12:00:26.931,0.97556,0.97565,1.50,1.50
2016.09.21 12:00:26.986,0.97556,0.97565,2.25,1.37
2016.09.21 12:00:27.038,0.97557,0.97567,1.00,1.75
2016.09.21 12:00:27.092,0.97557,0.97567,1.12,1.37
2016.09.21 12:00:27.144,0.97557,0.97567,1.50,1.12
2016.09.21 12:00:27.453,0.97557,0.97566,1.50,3.94
2016.09.21 12:00:27.504,0.97557,0.97566,1.50,4.31
2016.09.21 12:00:27.591,0.97557,0.97566,1.12,3.56
2016.09.21 12:00:27.643,0.97554,0.97563,1.87,1.37
2016.09.21 12:00:27.695,0.97554,0.97563,1.87,1.37
2016.09.21 12:00:27.748,0.97553,0.97562,3.00,1.12
2016.09.21 12:00:27.802,0.97553,0.97562,3.00,1.50
2016.09.21 12:00:27.854,0.97553,0.97562,1.00,1.50
2016.09.21 12:00:27.957,0.97553,0.97562,1.12,1.50
2016.09.21 12:00:28.059,0.97551,0.97561,1.87,1.00
2016.09.21 12:00:28.666,0.97551,0.9756,1.37,1.00
2016.09.21 12:00:29.076,0.97551,0.97561,2.25,1.00
2016.09.21 12:00:29.178,0.97552,0.97561,1.00,1.00
2016.09.21 12:00:29.281,0.97552,0.97561,1.12,1.00
2016.09.21 12:00:29.384,0.97552,0.97562,1.50,1.50
2016.09.21 12:00:29.590,0.97552,0.97562,1.50,1.50
2016.09.21 12:00:29.642,0.97552,0.97562,1.50,1.12
2016.09.21 12:00:29.693,0.97552,0.97562,3.22,1.12
2016.09.21 12:00:29.747,0.97553,0.97562,1.00,1.12
2016.09.21 12:00:29.799,0.97555,0.97564,1.12,2.25
2016.09.21 12:00:29.852,0.97555,0.97564,1.87,1.87
2016.09.21 12:00:29.904,0.97555,0.97564,1.50,1.50
2016.09.21 12:00:30.058,0.97554,0.97562,1.00,1.00
2016.09.21 12:00:30.160,0.97553,0.97562,1.50,1.00
2016.09.21 12:00:30.428,0.97553,0.97562,1.50,1.12
2016.09.21 12:00:30.479,0.97553,0.97562,1.00,1.87
2016.09.21 12:00:30.531,0.97553,0.97562,1.00,1.50
2016.09.21 12:00:30.582,0.97552,0.97562,2.25,1.87
2016.09.21 12:00:30.633,0.97552,0.97562,2.25,2.25
2016.09.21 12:00:30.939,0.97552,0.97562,1.87,2.25
2016.09.21 12:00:30.990,0.97552,0.97561,1.37,1.00
2016.09.21 12:00:31.067,0.97551,0.97561,3.00,1.00
2016.09.21 12:00:31.220,0.97551,0.97561,2.25,1.00
2016.09.21 12:00:31.271,0.97551,0.9756,1.50,1.00
2016.09.21 12:00:31.322,0.97551,0.9756,1.50,1.87
2016.09.21 12:00:31.373,0.9755,0.9756,1.75,4.50
2016.09.21 12:00:31.425,0.9755,0.9756,1.75,5.25
2016.09.21 12:00:31.476,0.97549,0.97559,1.50,1.12
2016.09.21 12:00:31.680,0.97549,0.97559,1.12,1.50
2016.09.21 12:00:31.782,0.97549,0.97559,1.12,2.25
2016.09.21 12:00:32.093,0.97549,0.97559,1.12,1.50
2016.09.21 12:00:32.299,0.97549,0.97559,1.12,1.87
2016.09.21 12:00:32.350,0.97547,0.97559,2.62,1.87
2016.09.21 12:00:32.453,0.97549,0.97559,1.12,1.87
2016.09.21 12:00:32.709,0.97549,0.97559,1.12,1.50
2016.09.21 12:00:33.254,0.97549,0.97559,2.25,1.50
2016.09.21 12:00:33.356,0.97549,0.97559,2.25,2.25
2016.09.21 12:00:33.408,0.97549,0.97555,2.25,1.00
2016.09.21 12:00:33.459,0.97549,0.97553,1.50,1.00
2016.09.21 12:00:33.510,0.97548,0.97552,3.00,1.12
2016.09.21 12:00:33.562,0.97548,0.97552,1.50,2.62
2016.09.21 12:00:33.618,0.97548,0.97552,1.00,2.62
2016.09.21 12:00:33.693,0.97546,0.9755,1.00,1.00
2016.09.21 12:00:33.745,0.97546,0.9755,1.00,1.00
2016.09.21 12:00:33.950,0.97542,0.9755,2.25,1.00
2016.09.21 12:00:34.060,0.97542,0.9755,1.87,1.00
2016.09.21 12:00:34.165,0.97542,0.9755,1.12,1.00
2016.09.21 12:00:34.631,0.97543,0.9755,1.00,1.00
2016.09.21 12:00:34.682,0.97543,0.97552,1.50,1.37
2016.09.21 12:00:35.007,0.97543,0.97552,1.50,1.00
2016.09.21 12:00:35.110,0.97543,0.97552,1.00,1.50
2016.09.21 12:00:35.161,0.97544,0.97552,1.50,1.00
2016.09.21 12:00:35.215,0.97544,0.97554,3.00,1.75
2016.09.21 12:00:35.266,0.97544,0.97554,4.12,1.75
2016.09.21 12:00:35.321,0.97545,0.97554,1.00,1.00
2016.09.21 12:00:35.372,0.97544,0.97554,3.37,1.12
2016.09.21 12:00:35.474,0.97545,0.97554,1.37,1.12
2016.09.21 12:00:35.576,0.97545,0.97554,1.50,1.00
2016.09.21 12:00:36.197,0.97545,0.97555,2.25,2.62
2016.09.21 12:00:36.658,0.97545,0.97555,2.25,1.87
2016.09.21 12:00:36.709,0.97545,0.97555,2.25,1.12
2016.09.21 12:00:37.649,0.97545,0.97555,1.12,1.12
2016.09.21 12:00:37.856,0.97545,0.97555,1.12,1.12
2016.09.21 12:00:37.907,0.97546,0.97556,1.12,2.62
2016.09.21 12:00:37.958,0.97546,0.97556,1.12,2.62
2016.09.21 12:00:38.315,0.97546,0.97556,1.50,2.62
2016.09.21 12:00:38.778,0.97546,0.97556,1.50,2.62
2016.09.21 12:00:38.888,0.97546,0.97556,1.50,2.62
2016.09.21 12:00:39.290,0.97546,0.97556,1.50,1.87
2016.09.21 12:00:39.443,0.97546,0.97556,1.50,2.62
2016.09.21 12:00:39.749,0.97546,0.97556,1.12,2.62
2016.09.21 12:00:41.227,0.97546,0.97556,1.12,2.62
2016.09.21 12:00:41.278,0.97548,0.97556,1.00,1.87
2016.09.21 12:00:41.330,0.97548,0.97556,1.00,1.12
2016.09.21 12:00:41.381,0.97549,0.97558,1.00,3.37
2016.09.21 12:00:41.432,0.97549,0.97558,1.00,2.62
2016.09.21 12:00:41.510,0.97549,0.97558,1.50,1.87
2016.09.21 12:00:41.645,0.9755,0.97558,1.00,1.00
2016.09.21 12:00:42.065,0.9755,0.97558,1.12,1.00
2016.09.21 12:00:42.117,0.9755,0.97558,1.50,1.00
2016.09.21 12:00:42.269,0.9755,0.97558,1.87,1.00
2016.09.21 12:00:42.456,0.9755,0.9756,1.87,2.62
2016.09.21 12:00:42.815,0.9755,0.9756,1.87,1.87
2016.09.21 12:00:42.866,0.97552,0.9756,1.00,1.12
2016.09.21 12:00:42.918,0.97552,0.9756,1.00,1.12
2016.09.21 12:00:43.011,0.97552,0.97562,1.50,2.81
2016.09.21 12:00:43.062,0.97552,0.97562,1.87,2.81
2016.09.21 12:00:43.114,0.97552,0.97562,1.50,2.25
2016.09.21 12:00:43.217,0.97552,0.97562,1.12,2.62
2016.09.21 12:00:43.270,0.97551,0.97562,1.87,2.62
2016.09.21 12:00:43.322,0.97551,0.97562,1.87,1.50
2016.09.21 12:00:43.528,0.97551,0.97562,1.87,1.87
2016.09.21 12:00:43.579,0.97551,0.97562,1.50,1.87
2016.09.21 12:00:43.789,0.97552,0.97562,1.12,1.87
2016.09.21 12:00:43.841,0.97552,0.97562,1.12,1.87
2016.09.21 12:00:43.943,0.97552,0.97562,1.12,1.87
2016.09.21 12:00:43.994,0.97551,0.97562,2.62,1.87
2016.09.21 12:00:44.251,0.97551,0.97562,2.62,1.87
2016.09.21 12:00:44.302,0.97551,0.97562,2.25,1.87
2016.09.21 12:00:44.353,0.97551,0.97562,2.25,1.50
2016.09.21 12:00:44.455,0.97551,0.97562,2.25,1.50
2016.09.21 12:00:44.506,0.97551,0.97562,2.62,1.50
2016.09.21 12:00:44.558,0.97551,0.97562,2.62,1.87
2016.09.21 12:00:44.865,0.97551,0.97562,2.62,1.87
2016.09.21 12:00:44.916,0.97551,0.97562,2.25,1.87
2016.09.21 12:00:45.700,0.97552,0.97562,1.12,1.87
2016.09.21 12:00:45.752,0.97552,0.97562,1.12,1.50
2016.09.21 12:00:45.805,0.97554,0.97563,1.12,1.12
2016.09.21 12:00:45.856,0.97554,0.97563,2.62,1.12
2016.09.21 12:00:45.908,0.97555,0.97563,1.12,1.00
2016.09.21 12:00:45.959,0.97555,0.97563,1.87,1.00
2016.09.21 12:00:46.010,0.97556,0.97563,1.50,1.00
2016.09.21 12:00:46.215,0.97556,0.97564,1.00,1.00
2016.09.21 12:00:46.589,0.97555,0.97564,1.37,1.00
2016.09.21 12:00:46.692,0.97554,0.97564,3.75,1.00
2016.09.21 12:00:46.744,0.97554,0.97565,3.00,1.12
2016.09.21 12:00:46.796,0.97554,0.97563,1.75,1.12
2016.09.21 12:00:46.850,0.97554,0.97563,1.00,1.50
2016.09.21 12:00:47.342,0.97554,0.97563,1.00,1.00
2016.09.21 12:00:47.393,0.97554,0.97563,1.00,1.00
2016.09.21 12:00:47.601,0.97553,0.97563,1.00,1.00
2016.09.21 12:00:47.705,0.97553,0.97563,1.00,1.12
2016.09.21 12:00:47.757,0.97553,0.97563,1.00,1.50
2016.09.21 12:00:47.808,0.97551,0.97563,2.62,2.62
2016.09.21 12:00:48.165,0.97551,0.97563,2.62,3.00
2016.09.21 12:00:48.581,0.97551,0.97563,2.25,3.37
2016.09.21 12:00:48.754,0.97551,0.97563,2.25,3.37
2016.09.21 12:00:48.857,0.97551,0.97563,2.25,3.00
2016.09.21 12:00:49.062,0.97551,0.97563,2.25,3.37
2016.09.21 12:00:49.113,0.97552,0.97563,1.37,3.00
2016.09.21 12:00:49.321,0.97552,0.97563,1.37,3.75
2016.09.21 12:00:49.704,0.97552,0.97563,1.37,3.00
2016.09.21 12:00:50.267,0.97552,0.97563,1.37,2.25
2016.09.21 12:00:50.318,0.97552,0.97563,2.25,1.00
2016.09.21 12:00:50.371,0.97553,0.97563,1.12,1.00
2016.09.21 12:00:50.474,0.97554,0.97563,1.00,1.00
2016.09.21 12:00:50.549,0.97554,0.97564,2.62,2.25
2016.09.21 12:00:50.600,0.97554,0.97564,2.62,2.25
2016.09.21 12:00:51.197,0.97554,0.97564,1.12,2.25
2016.09.21 12:00:51.249,0.97554,0.97564,1.12,1.50
2016.09.21 12:00:51.302,0.97554,0.97564,1.12,1.12
2016.09.21 12:00:51.561,0.97553,0.97563,3.37,1.50
2016.09.21 12:00:51.613,0.97553,0.97563,1.87,2.25
2016.09.21 12:00:51.664,0.97552,0.97562,5.25,1.12
2016.09.21 12:00:51.766,0.97552,0.97562,5.25,1.12
2016.09.21 12:00:51.868,0.97552,0.97562,1.87,1.12
2016.09.21 12:00:51.920,0.97552,0.97562,1.87,1.12
2016.09.21 12:00:52.223,0.97552,0.97562,1.87,1.12
2016.09.21 12:00:52.275,0.97552,0.97562,1.87,1.00
2016.09.21 12:00:52.838,0.97552,0.97562,1.87,1.12
2016.09.21 12:00:53.620,0.97552,0.97562,1.87,1.12
2016.09.21 12:00:54.030,0.97552,0.97562,1.87,1.12
2016.09.21 12:00:54.971,0.97552,0.97562,1.87,1.00
2016.09.21 12:00:55.157,0.97552,0.97562,1.87,1.12
2016.09.21 12:00:55.792,0.97552,0.97562,1.87,1.87
2016.09.21 12:00:55.945,0.97552,0.97562,1.87,1.87
2016.09.21 12:00:56.306,0.97552,0.97562,1.87,2.62
2016.09.21 12:00:56.357,0.97552,0.97562,1.75,2.62
2016.09.21 12:00:56.409,0.97552,0.97562,1.75,2.62
2016.09.21 12:00:56.460,0.97551,0.97561,2.62,1.00
2016.09.21 12:00:56.512,0.97551,0.97561,1.87,1.00
2016.09.21 12:00:57.996,0.97551,0.97561,2.62,1.00
2016.09.21 12:00:58.049,0.97552,0.97562,1.12,2.25
2016.09.21 12:00:58.152,0.97552,0.97562,1.12,1.50
2016.09.21 12:00:58.576,0.97552,0.97562,1.12,1.12
2016.09.21 12:00:59.959,0.97552,0.97562,1.12,1.50
2016.09.21 12:01:00.064,0.97552,0.97562,1.12,2.62
2016.09.21 12:01:00.116,0.97552,0.97562,1.12,3.75
2016.09.21 12:01:00.170,0.97551,0.97561,1.87,1.50
2016.09.21 12:01:00.222,0.97551,0.97561,1.87,1.50
2016.09.21 12:01:00.326,0.97551,0.97561,1.87,2.25
2016.09.21 12:01:00.439,0.97551,0.97561,1.50,3.00
2016.09.21 12:01:00.541,0.97551,0.97561,1.50,2.25
2016.09.21 12:01:00.643,0.97551,0.97561,1.12,2.62
2016.09.21 12:01:01.155,0.97551,0.97561,1.12,3.37
2016.09.21 12:01:01.206,0.97551,0.9756,1.12,1.00
2016.09.21 12:01:01.409,0.97551,0.97561,1.12,3.37
2016.09.21 12:01:01.562,0.9755,0.9756,1.50,1.00
2016.09.21 12:01:01.716,0.9755,0.9756,1.50,1.00
2016.09.21 12:01:01.767,0.97551,0.97561,1.12,1.87
2016.09.21 12:01:01.858,0.97551,0.97561,1.50,1.12
2016.09.21 12:01:01.909,0.97551,0.97561,1.50,1.12
2016.09.21 12:01:01.960,0.97551,0.97561,3.00,1.12
2016.09.21 12:01:02.011,0.97552,0.97561,1.00,1.12
2016.09.21 12:01:02.063,0.97553,0.97562,1.12,1.12
2016.09.21 12:01:02.165,0.97553,0.97563,1.50,2.25
2016.09.21 12:01:03.088,0.97553,0.97563,1.50,1.50
2016.09.21 12:01:03.397,0.97553,0.97563,2.25,1.00
2016.09.21 12:01:03.499,0.97553,0.97563,1.50,1.00
2016.09.21 12:01:03.641,0.97553,0.97563,1.87,1.00
2016.09.21 12:01:03.693,0.97554,0.97564,1.12,2.25
2016.09.21 12:01:04.112,0.97554,0.97564,1.12,2.25
2016.09.21 12:01:04.215,0.97554,0.97564,1.12,1.50
2016.09.21 12:01:04.317,0.97554,0.97564,1.87,1.12
2016.09.21 12:01:04.369,0.97554,0.97564,3.75,1.00
2016.09.21 12:01:04.420,0.97554,0.97564,3.37,1.00
2016.09.21 12:01:04.471,0.97554,0.97564,3.00,1.12
2016.09.21 12:01:04.575,0.97554,0.97564,3.00,1.00
2016.09.21 12:01:04.626,0.97554,0.97564,3.00,1.00
2016.09.21 12:01:04.729,0.97554,0.97564,3.37,1.00
2016.09.21 12:01:04.781,0.97554,0.97564,2.62,1.00
2016.09.21 12:01:04.858,0.97554,0.97564,3.00,1.00
2016.09.21 12:01:05.012,0.97554,0.97564,3.00,1.00
2016.09.21 12:01:05.167,0.97555,0.97564,1.50,1.00
2016.09.21 12:01:05.219,0.97555,0.97564,1.50,1.00
2016.09.21 12:01:05.270,0.97555,0.97565,1.50,1.50
2016.09.21 12:01:05.359,0.97555,0.97565,1.12,1.87
2016.09.21 12:01:05.414,0.97555,0.97565,1.12,2.25
2016.09.21 12:01:05.467,0.97555,0.97565,1.12,1.50
2016.09.21 12:01:05.519,0.97555,0.97565,1.12,1.12
2016.09.21 12:01:05.622,0.97555,0.97565,1.12,2.62
2016.09.21 12:01:06.249,0.97555,0.97565,1.12,2.62
2016.09.21 12:01:06.404,0.97555,0.97565,1.12,2.62
2016.09.21 12:01:06.711,0.97555,0.97565,1.12,1.50
2016.09.21 12:01:06.763,0.97555,0.97565,1.12,1.12
2016.09.21 12:01:06.946,0.97555,0.97565,1.12,1.50
2016.09.21 12:01:08.037,0.97555,0.97565,1.12,1.50
2016.09.21 12:01:08.139,0.97555,0.97565,1.12,1.12
2016.09.21 12:01:08.293,0.97555,0.97565,1.87,1.31
2016.09.21 12:01:08.345,0.97555,0.97565,1.87,1.31
2016.09.21 12:01:08.396,0.97556,0.97566,1.50,1.12
2016.09.21 12:01:08.448,0.97556,0.97566,1.50,1.12
2016.09.21 12:01:08.499,0.97557,0.97567,1.12,1.50
2016.09.21 12:01:08.559,0.97557,0.97567,1.50,1.50
2016.09.21 12:01:08.610,0.97559,0.97568,1.12,1.50
2016.09.21 12:01:08.662,0.97559,0.97568,1.50,1.00
2016.09.21 12:01:08.713,0.97559,0.97569,1.50,1.87
2016.09.21 12:01:08.969,0.97559,0.97569,1.50,1.50
2016.09.21 12:01:09.020,0.97559,0.97569,1.50,1.12
2016.09.21 12:01:09.071,0.97559,0.97569,1.50,1.50
2016.09.21 12:01:09.122,0.97559,0.97569,1.50,1.50
2016.09.21 12:01:09.225,0.97559,0.97569,1.50,1.00
2016.09.21 12:01:09.381,0.9756,0.9757,1.12,2.25
2016.09.21 12:01:09.433,0.9756,0.9757,1.12,2.85
2016.09.21 12:01:09.485,0.97557,0.97567,6.00,1.00
2016.09.21 12:01:09.536,0.97557,0.97567,4.12,1.00
2016.09.21 12:01:09.589,0.97558,0.97568,1.12,1.50
2016.09.21 12:01:09.640,0.97558,0.97568,1.12,2.62
2016.09.21 12:01:09.742,0.97558,0.97568,1.12,2.25
2016.09.21 12:01:09.997,0.97558,0.97568,1.12,2.62
2016.09.21 12:01:10.608,0.97557,0.97567,1.50,1.00
2016.09.21 12:01:11.533,0.97557,0.97567,1.50,1.00
2016.09.21 12:01:11.584,0.97556,0.97566,1.00,1.87
2016.09.21 12:01:11.635,0.97556,0.97566,1.00,2.62
2016.09.21 12:01:11.687,0.97555,0.97566,2.25,3.19
2016.09.21 12:01:11.739,0.97555,0.97566,2.25,2.44
2016.09.21 12:01:11.790,0.97555,0.97567,1.50,3.37
2016.09.21 12:01:11.841,0.97555,0.97567,2.25,3.00
2016.09.21 12:01:11.893,0.97555,0.97566,2.62,2.44
2016.09.21 12:01:11.944,0.97555,0.97566,2.62,2.81
2016.09.21 12:01:11.996,0.97555,0.97566,2.62,3.00
2016.09.21 12:01:12.047,0.97555,0.97566,1.87,3.75
2016.09.21 12:01:12.117,0.97555,0.97565,1.87,1.00
2016.09.21 12:01:12.169,0.97555,0.97565,1.50,1.31
2016.09.21 12:01:12.220,0.97555,0.97565,1.50,1.25
2016.09.21 12:01:12.271,0.97554,0.97564,5.06,1.00
2016.09.21 12:01:12.322,0.97554,0.97564,6.19,1.00
2016.09.21 12:01:12.374,0.97555,0.97567,2.25,2.25
2016.09.21 12:01:12.425,0.97555,0.97567,3.00,1.50
2016.09.21 12:01:12.476,0.97558,0.97568,1.00,4.12
2016.09.21 12:01:12.527,0.97558,0.97568,1.00,2.62
2016.09.21 12:01:12.578,0.97559,0.97568,1.00,1.12
2016.09.21 12:01:12.629,0.97559,0.97568,1.00,1.00
2016.09.21 12:01:12.681,0.97559,0.97568,1.00,1.12
2016.09.21 12:01:13.042,0.97559,0.97568,1.00,1.12
2016.09.21 12:01:13.195,0.97559,0.97569,1.00,1.50
2016.09.21 12:01:13.298,0.97558,0.97568,1.12,1.00
2016.09.21 12:01:13.349,0.97558,0.97569,1.12,1.50
2016.09.21 12:01:13.400,0.97558,0.97568,1.12,1.12
2016.09.21 12:01:13.452,0.97558,0.97568,1.12,1.50
2016.09.21 12:01:13.503,0.97558,0.97568,1.50,1.87
2016.09.21 12:01:13.555,0.97558,0.97568,1.50,2.25
2016.09.21 12:01:13.606,0.97556,0.97566,2.25,1.12
2016.09.21 12:01:13.657,0.97557,0.97566,1.00,1.12
2016.09.21 12:01:13.708,0.97556,0.97566,1.87,1.00
2016.09.21 12:01:13.771,0.97556,0.97566,1.37,1.00
2016.09.21 12:01:14.629,0.97557,0.97566,1.12,1.37
2016.09.21 12:01:15.399,0.97556,0.97566,1.37,1.87
2016.09.21 12:01:15.463,0.97556,0.97566,1.37,1.87
2016.09.21 12:01:15.515,0.97556,0.97566,1.37,1.12
2016.09.21 12:01:15.755,0.97556,0.97566,1.37,1.12
2016.09.21 12:01:16.162,0.97556,0.97566,4.12,1.12
2016.09.21 12:01:16.213,0.97556,0.97566,4.87,1.12
2016.09.21 12:01:16.454,0.97556,0.97566,2.62,1.12
2016.09.21 12:01:16.505,0.97556,0.97566,1.87,1.12
2016.09.21 12:01:16.658,0.97556,0.97566,1.37,1.12
2016.09.21 12:01:16.709,0.97556,0.97566,1.37,1.00
2016.09.21 12:01:18.348,0.97556,0.97566,2.62,1.00
2016.09.21 12:01:18.454,0.9756,0.97568,1.12,1.12
2016.09.21 12:01:18.506,0.9756,0.97569,1.87,1.12
2016.09.21 12:01:18.558,0.97563,0.97569,1.50,1.12
2016.09.21 12:01:18.609,0.97565,0.97569,1.00,1.87
2016.09.21 12:01:18.660,0.97565,0.97569,1.00,1.12
2016.09.21 12:01:18.712,0.97565,0.9757,1.00,1.87
2016.09.21 12:01:18.786,0.97563,0.9757,1.75,1.87
2016.09.21 12:01:18.838,0.97563,0.9757,2.25,1.00
2016.09.21 12:01:18.889,0.97564,0.97571,1.75,1.50
2016.09.21 12:01:18.940,0.97566,0.9757,1.00,1.00
2016.09.21 12:01:19.043,0.97566,0.9757,1.00,1.00
2016.09.21 12:01:19.153,0.97564,0.97573,3.75,2.62
2016.09.21 12:01:19.221,0.97567,0.97575,1.75,2.25
2016.09.21 12:01:19.273,0.97567,0.97575,1.75,1.00
2016.09.21 12:01:19.325,0.97566,0.97577,4.87,2.62
2016.09.21 12:01:19.376,0.97567,0.97577,1.75,2.62
2016.09.21 12:01:19.427,0.97569,0.97577,1.50,1.87
2016.09.21 12:01:19.479,0.97569,0.97577,2.25,1.12
2016.09.21 12:01:19.582,0.97569,0.97577,2.25,1.00
2016.09.21 12:01:19.633,0.97569,0.97577,3.00,1.00
2016.09.21 12:01:19.735,0.97569,0.97577,2.25,1.00
2016.09.21 12:01:20.215,0.9757,0.97577,1.75,1.00
2016.09.21 12:01:20.267,0.9757,0.97579,1.75,1.00
2016.09.21 12:01:20.369,0.97571,0.97581,1.12,1.87
2016.09.21 12:01:20.421,0.97571,0.97581,1.12,1.12
2016.09.21 12:01:20.472,0.97572,0.97581,1.50,1.12
2016.09.21 12:01:20.523,0.97572,0.97581,1.75,1.00
2016.09.21 12:01:20.629,0.97572,0.97582,1.75,1.37
2016.09.21 12:01:20.725,0.97572,0.97582,1.87,1.37
2016.09.21 12:01:20.778,0.97574,0.97582,1.00,1.37
2016.09.21 12:01:20.829,0.97572,0.97582,1.87,1.37
2016.09.21 12:01:20.881,0.97573,0.97582,1.75,1.37
2016.09.21 12:01:20.983,0.97573,0.97582,1.75,1.37
2016.09.21 12:01:21.034,0.97573,0.97583,1.75,3.56
2016.09.21 12:01:21.137,0.97574,0.97583,1.75,1.50
2016.09.21 12:01:21.189,0.97575,0.97583,1.75,1.50
2016.09.21 12:01:21.241,0.97575,0.97585,2.62,1.50
2016.09.21 12:01:21.292,0.97575,0.97585,2.62,1.50
2016.09.21 12:01:21.344,0.97575,0.97585,2.62,1.00
2016.09.21 12:01:21.395,0.97577,0.97585,2.62,1.00
2016.09.21 12:01:21.463,0.97578,0.97586,2.25,1.00
2016.09.21 12:01:21.566,0.97578,0.97588,2.25,1.12
2016.09.21 12:01:21.668,0.97578,0.97588,2.62,1.12
2016.09.21 12:01:21.822,0.97578,0.97588,2.62,1.00
2016.09.21 12:01:22.233,0.97578,0.9759,2.62,2.68
2016.09.21 12:01:22.380,0.97578,0.9759,2.62,3.43
2016.09.21 12:01:22.432,0.97578,0.9759,2.62,3.43
2016.09.21 12:01:22.483,0.97578,0.9759,2.62,4.18
2016.09.21 12:01:22.586,0.97578,0.9759,1.87,4.18
2016.09.21 12:01:22.637,0.97578,0.97588,1.12,1.00
2016.09.21 12:01:22.688,0.97578,0.97588,1.87,1.12
2016.09.21 12:01:23.217,0.97578,0.97588,1.75,1.12
2016.09.21 12:01:23.319,0.97578,0.97588,2.25,1.12
2016.09.21 12:01:23.374,0.97579,0.97588,1.75,1.12
2016.09.21 12:01:23.426,0.9758,0.97588,1.75,1.00
2016.09.21 12:01:23.597,0.9758,0.97588,1.75,1.12
2016.09.21 12:01:23.648,0.9758,0.97589,1.75,1.50
2016.09.21 12:01:23.852,0.9758,0.97589,1.75,1.37
2016.09.21 12:01:23.903,0.9758,0.97589,1.75,1.12
2016.09.21 12:01:23.954,0.9758,0.9759,1.75,1.50
2016.09.21 12:01:24.143,0.9758,0.9759,1.75,2.25
2016.09.21 12:01:24.194,0.9758,0.97589,1.75,1.12
2016.09.21 12:01:25.051,0.9758,0.97589,1.75,1.50
2016.09.21 12:01:25.155,0.9758,0.97589,1.75,2.25
2016.09.21 12:01:25.206,0.97579,0.97589,1.75,2.25
2016.09.21 12:01:25.257,0.97578,0.97588,1.87,1.12
2016.09.21 12:01:25.563,0.97578,0.97588,1.87,2.25
2016.09.21 12:01:25.615,0.97578,0.97588,1.75,2.25
2016.09.21 12:01:25.870,0.97578,0.97588,1.75,3.00
2016.09.21 12:01:26.222,0.97578,0.97588,2.25,3.00
2016.09.21 12:01:26.428,0.97578,0.97588,1.75,3.00
2016.09.21 12:01:26.532,0.9758,0.97585,1.00,1.69
2016.09.21 12:01:26.584,0.97576,0.97585,2.25,2.06
2016.09.21 12:01:26.637,0.97576,0.97583,1.75,1.00
2016.09.21 12:01:26.688,0.97574,0.97583,1.75,1.87
2016.09.21 12:01:26.741,0.97573,0.97583,2.25,2.25
2016.09.21 12:01:26.943,0.97573,0.97582,2.25,1.00
2016.09.21 12:01:27.147,0.97573,0.97582,2.25,1.50
2016.09.21 12:01:27.198,0.97573,0.97582,2.25,2.25
2016.09.21 12:01:27.250,0.97573,0.97581,1.75,1.00
2016.09.21 12:01:27.302,0.97572,0.97581,2.25,1.00
2016.09.21 12:01:27.353,0.97573,0.97581,1.75,1.87
2016.09.21 12:01:27.404,0.97573,0.97581,1.75,2.62
2016.09.21 12:01:27.456,0.97573,0.9758,1.75,1.00
2016.09.21 12:01:27.719,0.97573,0.97581,1.75,3.00
2016.09.21 12:01:28.235,0.97572,0.97581,1.75,3.00
2016.09.21 12:01:28.388,0.9757,0.97581,2.25,3.00
2016.09.21 12:01:28.439,0.9757,0.97581,2.25,2.25
2016.09.21 12:01:28.491,0.9757,0.97581,2.25,3.00
2016.09.21 12:01:28.542,0.9757,0.97581,1.75,3.75
2016.09.21 12:01:28.695,0.97571,0.97581,1.00,4.12
2016.09.21 12:01:28.785,0.9757,0.97581,1.50,4.12
2016.09.21 12:01:28.861,0.97569,0.97579,1.50,1.00
2016.09.21 12:01:28.963,0.97569,0.97579,1.50,2.62
2016.09.21 12:01:29.066,0.97569,0.97579,1.50,2.62
2016.09.21 12:01:29.117,0.97569,0.97579,1.12,3.00
2016.09.21 12:01:29.168,0.97567,0.97578,3.75,1.87
2016.09.21 12:01:29.219,0.97567,0.97578,3.00,1.87
2016.09.21 12:01:29.271,0.97567,0.97578,3.00,2.62
2016.09.21 12:01:29.838,0.97567,0.97577,2.25,1.00
2016.09.21 12:01:29.889,0.97567,0.97577,2.25,1.00
2016.09.21 12:01:29.941,0.97566,0.97577,5.25,1.00
2016.09.21 12:01:30.248,0.97566,0.97577,5.25,1.87
2016.09.21 12:01:30.862,0.97566,0.97577,4.87,1.87
2016.09.21 12:01:31.068,0.97569,0.97577,1.12,1.37
2016.09.21 12:01:31.121,0.97569,0.97579,3.00,1.87
2016.09.21 12:01:31.224,0.9757,0.97579,1.75,1.00
2016.09.21 12:01:31.276,0.97571,0.9758,1.75,1.50
2016.09.21 12:01:31.328,0.97571,0.9758,1.75,1.37
2016.09.21 12:01:31.484,0.97571,0.97581,1.75,2.25
2016.09.21 12:01:31.611,0.97571,0.97581,1.75,3.00
2016.09.21 12:01:31.713,0.97571,0.97581,1.75,3.37
2016.09.21 12:01:31.815,0.97571,0.97581,1.75,6.75
2016.09.21 12:01:31.866,0.9757,0.9758,1.75,1.12
2016.09.21 12:01:33.465,0.9757,0.9758,1.75,2.25
2016.09.21 12:01:35.051,0.9757,0.9758,2.25,2.25
2016.09.21 12:01:35.103,0.9757,0.97579,2.25,1.00
2016.09.21 12:01:35.204,0.9757,0.97578,1.12,1.00
2016.09.21 12:01:35.256,0.9757,0.97577,1.00,1.50
2016.09.21 12:01:35.308,0.97568,0.97577,1.50,2.25
2016.09.21 12:01:35.411,0.97568,0.97576,1.50,1.37
2016.09.21 12:01:35.473,0.97568,0.97576,1.50,1.87
2016.09.21 12:01:35.525,0.97566,0.97576,4.87,1.87
2016.09.21 12:01:35.577,0.97566,0.97576,3.37,1.87
2016.09.21 12:01:35.628,0.97566,0.97576,3.75,1.87
2016.09.21 12:01:35.680,0.97566,0.97576,4.50,1.37
2016.09.21 12:01:35.782,0.97566,0.97576,4.50,1.87
2016.09.21 12:01:35.881,0.97566,0.97576,3.75,1.87
2016.09.21 12:01:36.087,0.97566,0.97576,3.75,1.37
2016.09.21 12:01:36.550,0.97566,0.97576,2.25,1.37
2016.09.21 12:01:37.023,0.97566,0.97576,3.00,1.37
2016.09.21 12:01:37.432,0.97567,0.97576,1.75,1.37
2016.09.21 12:01:37.483,0.97568,0.97576,1.50,1.37
2016.09.21 12:01:37.535,0.97568,0.97576,1.50,1.37
2016.09.21 12:01:37.587,0.97569,0.97576,1.00,1.37
2016.09.21 12:01:37.638,0.97568,0.97578,1.75,1.87
2016.09.21 12:01:37.709,0.97567,0.97577,2.25,1.50
2016.09.21 12:01:38.016,0.97567,0.97578,2.25,2.62
2016.09.21 12:01:38.469,0.97568,0.97578,1.75,1.87
2016.09.21 12:01:39.082,0.97568,0.97578,1.75,1.12
2016.09.21 12:01:39.493,0.97568,0.97578,1.75,1.87
2016.09.21 12:01:39.799,0.97568,0.97578,1.75,1.50
2016.09.21 12:01:39.850,0.97568,0.97578,1.75,1.12
2016.09.21 12:01:40.515,0.97568,0.97578,1.75,1.12
2016.09.21 12:01:40.566,0.97568,0.97578,1.50,1.12
2016.09.21 12:01:41.376,0.9757,0.97578,1.00,1.12
2016.09.21 12:01:41.437,0.9757,0.97578,1.37,1.12
2016.09.21 12:01:41.489,0.9757,0.97578,1.87,1.00
2016.09.21 12:01:41.541,0.97572,0.97578,1.00,1.00
2016.09.21 12:01:41.644,0.97569,0.97578,1.50,1.00
2016.09.21 12:01:41.696,0.97568,0.97578,4.12,1.00
2016.09.21 12:01:41.748,0.97568,0.97578,2.25,1.00
2016.09.21 12:01:41.799,0.97568,0.97578,1.87,1.00
2016.09.21 12:01:42.158,0.97568,0.97578,1.50,1.00
2016.09.21 12:01:42.452,0.97567,0.97577,2.25,1.00
2016.09.21 12:01:42.657,0.97568,0.97578,1.37,1.00
2016.09.21 12:01:42.710,0.97568,0.97578,1.37,1.00
2016.09.21 12:01:42.762,0.97569,0.97579,1.00,2.25
2016.09.21 12:01:42.813,0.97569,0.97579,1.00,1.50
2016.09.21 12:01:42.967,0.97569,0.97579,1.00,2.25
2016.09.21 12:01:43.069,0.97569,0.97579,1.00,1.50
2016.09.21 12:01:43.183,0.97569,0.97579,1.00,2.25
2016.09.21 12:01:43.728,0.97569,0.97579,1.00,2.25
2016.09.21 12:01:43.780,0.97567,0.97579,2.62,1.87
2016.09.21 12:01:43.831,0.97567,0.97579,2.62,1.87
2016.09.21 12:01:43.883,0.97567,0.97579,1.50,3.00
2016.09.21 12:01:43.935,0.97567,0.97577,1.50,1.00
2016.09.21 12:01:44.052,0.97567,0.97578,1.50,1.12
2016.09.21 12:01:44.104,0.97567,0.97578,1.50,2.25
2016.09.21 12:01:44.156,0.97569,0.97578,1.00,2.25
2016.09.21 12:01:44.208,0.97569,0.97578,1.00,1.50
2016.09.21 12:01:44.260,0.97568,0.97578,1.12,1.50
2016.09.21 12:01:44.365,0.97567,0.97576,1.37,1.00
2016.09.21 12:01:44.417,0.97567,0.97576,1.37,1.00
2016.09.21 12:01:44.468,0.97565,0.97575,2.25,1.37
2016.09.21 12:01:44.572,0.97565,0.97575,3.00,1.37
2016.09.21 12:01:44.735,0.97565,0.97575,2.25,1.37
2016.09.21 12:01:44.787,0.97565,0.97575,1.50,1.12
2016.09.21 12:01:44.839,0.97565,0.97575,1.50,1.87
2016.09.21 12:01:44.890,0.97563,0.97574,3.37,1.12
2016.09.21 12:01:44.942,0.97563,0.97574,2.25,1.50
2016.09.21 12:01:44.994,0.97564,0.97574,1.50,1.50
2016.09.21 12:01:45.045,0.97564,0.97574,2.62,1.50
2016.09.21 12:01:45.148,0.97564,0.97574,2.62,1.37
2016.09.21 12:01:45.200,0.97564,0.97575,2.62,1.00
2016.09.21 12:01:47.464,0.97565,0.97575,1.12,1.00
2016.09.21 12:01:49.196,0.97565,0.97576,1.12,1.87
2016.09.21 12:01:50.151,0.97565,0.97576,1.12,3.37
2016.09.21 12:01:50.202,0.97563,0.97574,3.00,2.62
2016.09.21 12:01:50.253,0.97563,0.97572,1.37,1.12
2016.09.21 12:01:50.304,0.97562,0.97572,2.62,1.50
2016.09.21 12:01:50.355,0.97562,0.97572,1.50,1.50
2016.09.21 12:01:50.406,0.97562,0.97572,1.50,1.50
2016.09.21 12:01:50.465,0.97563,0.97573,1.00,1.87
2016.09.21 12:01:50.568,0.97562,0.97573,1.75,1.75
2016.09.21 12:01:50.723,0.97562,0.97573,1.75,1.00
2016.09.21 12:01:50.979,0.97562,0.97573,1.75,1.75
2016.09.21 12:01:51.386,0.97562,0.97573,1.75,1.00
2016.09.21 12:01:51.539,0.97562,0.97573,1.75,1.00
2016.09.21 12:01:51.967,0.97562,0.97573,1.75,1.00
2016.09.21 12:01:52.018,0.97562,0.97573,1.75,1.00
2016.09.21 12:01:52.071,0.97564,0.97574,1.00,1.50
2016.09.21 12:01:52.122,0.97564,0.97574,1.00,1.00
2016.09.21 12:01:52.174,0.97563,0.97575,1.12,3.75
2016.09.21 12:01:52.226,0.97562,0.97575,3.37,3.75
2016.09.21 12:01:52.277,0.97563,0.97575,2.25,2.25
2016.09.21 12:01:52.329,0.97563,0.97575,2.25,2.25
2016.09.21 12:01:52.431,0.97563,0.97575,2.62,2.25
2016.09.21 12:01:52.739,0.97563,0.97575,2.62,2.25
2016.09.21 12:01:53.183,0.97563,0.97575,2.62,1.50
2016.09.21 12:01:53.287,0.97565,0.97575,1.50,2.25
2016.09.21 12:01:53.339,0.97565,0.97575,1.50,1.87
2016.09.21 12:01:53.443,0.97565,0.97575,1.50,1.50
2016.09.21 12:01:53.494,0.97565,0.97575,1.50,1.12
2016.09.21 12:01:53.705,0.97566,0.97576,1.12,3.00
2016.09.21 12:01:54.084,0.97566,0.97576,1.12,3.37
2016.09.21 12:01:54.186,0.97566,0.97575,1.00,1.00
2016.09.21 12:01:54.288,0.97566,0.97575,1.37,1.00
2016.09.21 12:01:54.340,0.97566,0.97576,1.75,1.87
2016.09.21 12:01:54.444,0.97566,0.97576,1.87,1.00
2016.09.21 12:01:54.495,0.97568,0.97578,1.12,2.44
2016.09.21 12:01:54.676,0.97568,0.97578,1.12,2.81
2016.09.21 12:01:54.728,0.97568,0.97577,1.12,1.00
2016.09.21 12:01:54.781,0.97566,0.97576,1.37,1.37
2016.09.21 12:01:54.836,0.97566,0.97575,1.37,1.00
2016.09.21 12:01:54.889,0.97563,0.97574,2.62,2.62
2016.09.21 12:01:54.941,0.97563,0.97573,1.87,1.12
2016.09.21 12:01:54.994,0.97562,0.97573,1.50,2.62
2016.09.21 12:01:55.045,0.97562,0.97573,1.50,3.00
2016.09.21 12:01:55.147,0.97562,0.97573,1.50,3.00
2016.09.21 12:01:55.684,0.97561,0.97573,1.87,3.00
2016.09.21 12:01:55.989,0.97562,0.97573,1.50,3.00
2016.09.21 12:01:56.740,0.97562,0.97573,1.50,4.12
2016.09.21 12:01:57.045,0.97562,0.97573,1.50,3.75
2016.09.21 12:01:57.096,0.97562,0.97573,1.50,3.00
2016.09.21 12:01:57.300,0.97562,0.97573,1.50,3.75
2016.09.21 12:01:58.300,0.97561,0.97572,1.87,1.50
2016.09.21 12:01:58.643,0.97561,0.97572,1.87,1.50
2016.09.21 12:01:58.745,0.97561,0.97572,1.75,1.50
2016.09.21 12:01:58.797,0.97561,0.97572,1.50,1.87
2016.09.21 12:01:59.814,0.97562,0.97572,1.12,1.37
2016.09.21 12:02:00.121,0.97562,0.97572,1.12,1.37
2016.09.21 12:02:00.224,0.97562,0.97572,1.12,1.00
2016.09.21 12:02:00.275,0.97562,0.97572,1.12,1.37
2016.09.21 12:02:00.683,0.97561,0.97572,1.50,1.87
2016.09.21 12:02:00.786,0.97561,0.97572,1.50,2.62
2016.09.21 12:02:01.093,0.97561,0.97572,1.50,1.87
2016.09.21 12:02:02.082,0.97561,0.97572,1.50,1.50
2016.09.21 12:02:02.133,0.97561,0.97572,1.50,1.87
2016.09.21 12:02:02.184,0.97561,0.97572,1.50,2.25
2016.09.21 12:02:02.286,0.97561,0.97572,1.50,1.87
2016.09.21 12:02:02.414,0.97561,0.97572,1.50,2.25
2016.09.21 12:02:02.772,0.97561,0.97572,1.50,3.00
2016.09.21 12:02:02.926,0.97561,0.97572,1.50,2.25
2016.09.21 12:02:03.016,0.97561,0.97572,1.50,1.50
2016.09.21 12:02:03.069,0.97561,0.97572,1.50,1.50
2016.09.21 12:02:03.121,0.97562,0.97572,1.12,1.87
2016.09.21 12:02:03.223,0.97561,0.97572,1.50,1.50
2016.09.21 12:02:03.274,0.97561,0.97572,1.87,1.50
2016.09.21 12:02:03.377,0.97562,0.97572,1.12,1.50
2016.09.21 12:02:03.429,0.97562,0.97574,1.12,3.56
2016.09.21 12:02:03.481,0.97563,0.97573,1.12,1.37
2016.09.21 12:02:03.583,0.97563,0.97573,1.12,1.00
2016.09.21 12:02:03.635,0.97563,0.97573,1.50,1.00
2016.09.21 12:02:03.686,0.97563,0.97573,1.50,1.00
2016.09.21 12:02:03.800,0.97564,0.97574,2.25,1.12
2016.09.21 12:02:04.285,0.97564,0.97574,1.87,1.12
2016.09.21 12:02:04.489,0.97564,0.97575,1.87,2.25
2016.09.21 12:02:04.591,0.97564,0.97575,2.62,2.25
2016.09.21 12:02:05.013,0.97564,0.97575,3.37,2.25
2016.09.21 12:02:05.581,0.97564,0.97575,2.62,2.25
2016.09.21 12:02:05.632,0.97564,0.97575,1.87,2.25
2016.09.21 12:02:05.718,0.97564,0.97575,1.87,1.50
2016.09.21 12:02:11.707,0.97564,0.97575,1.87,1.87
2016.09.21 12:02:11.810,0.97564,0.97574,1.37,1.75
2016.09.21 12:02:11.912,0.97562,0.97573,3.00,1.75
2016.09.21 12:02:11.963,0.97562,0.97572,1.87,1.50
2016.09.21 12:02:12.015,0.97562,0.97572,1.75,1.50
2016.09.21 12:02:12.066,0.97562,0.97573,1.75,2.25
2016.09.21 12:02:12.175,0.97562,0.97573,1.50,2.62
2016.09.21 12:02:13.456,0.97562,0.97572,1.50,1.37
2016.09.21 12:02:14.201,0.97562,0.97572,1.50,1.50
2016.09.21 12:02:14.252,0.97561,0.97572,2.25,2.25
2016.09.21 12:02:14.307,0.97561,0.97572,1.75,3.00
2016.09.21 12:02:14.409,0.9756,0.9757,1.75,1.87
2016.09.21 12:02:14.512,0.97559,0.9757,1.37,2.25
2016.09.21 12:02:14.563,0.97559,0.9757,1.37,2.62
2016.09.21 12:02:14.614,0.97557,0.97568,5.25,1.00
2016.09.21 12:02:14.693,0.97559,0.97568,1.00,1.87
2016.09.21 12:02:14.798,0.97557,0.97568,4.87,1.87
2016.09.21 12:02:14.900,0.97557,0.97568,3.37,1.87
2016.09.21 12:02:15.002,0.97557,0.97568,2.25,1.87
2016.09.21 12:02:15.105,0.97557,0.97568,2.25,1.87
2016.09.21 12:02:15.429,0.97558,0.97568,1.50,1.37
2016.09.21 12:02:15.481,0.97558,0.97568,1.50,1.87
2016.09.21 12:02:15.532,0.97558,0.97568,1.50,2.25
2016.09.21 12:02:16.412,0.97558,0.97568,1.50,3.00
2016.09.21 12:02:16.782,0.97558,0.97568,1.50,1.87
2016.09.21 12:02:17.708,0.97558,0.97567,1.50,1.00
2016.09.21 12:02:17.759,0.97557,0.97567,1.75,1.50
2016.09.21 12:02:18.035,0.97556,0.97567,1.75,1.00
2016.09.21 12:02:18.086,0.97556,0.97568,2.25,1.12
2016.09.21 12:02:18.138,0.97557,0.97568,1.75,1.12
2016.09.21 12:02:18.293,0.97557,0.97568,1.75,1.00
2016.09.21 12:02:18.445,0.97556,0.97565,2.62,2.81
2016.09.21 12:02:18.498,0.97556,0.97564,1.37,2.06
2016.09.21 12:02:18.551,0.97552,0.97562,3.37,1.12
2016.09.21 12:02:18.603,0.97552,0.97561,2.25,1.00
2016.09.21 12:02:18.706,0.97552,0.9756,1.50,1.00
2016.09.21 12:02:18.758,0.9755,0.9756,2.25,1.00
2016.09.21 12:02:18.809,0.97551,0.97561,1.00,1.12
2016.09.21 12:02:19.211,0.97551,0.97561,1.00,1.87
2016.09.21 12:02:19.517,0.97551,0.9756,1.00,1.00
2016.09.21 12:02:19.721,0.9755,0.97559,1.50,1.00
2016.09.21 12:02:19.773,0.9755,0.97559,1.50,1.00
2016.09.21 12:02:19.863,0.9755,0.97559,1.50,1.87
2016.09.21 12:02:20.118,0.9755,0.97559,1.50,1.37
2016.09.21 12:02:20.643,0.97549,0.97559,1.50,1.00
2016.09.21 12:02:20.849,0.97548,0.97558,1.75,1.00
2016.09.21 12:02:21.002,0.97548,0.97559,1.87,1.50
2016.09.21 12:02:21.054,0.97548,0.97559,1.87,1.87
2016.09.21 12:02:21.105,0.97548,0.97559,1.75,1.87
2016.09.21 12:02:21.207,0.97548,0.97559,1.87,1.87
2016.09.21 12:02:21.258,0.97549,0.97559,1.50,1.12
2016.09.21 12:02:21.411,0.97549,0.9756,1.50,2.25
2016.09.21 12:02:21.514,0.97549,0.9756,1.50,1.50
2016.09.21 12:02:22.295,0.97549,0.9756,1.50,2.62
2016.09.21 12:02:22.433,0.97547,0.9756,2.62,3.37
2016.09.21 12:02:22.485,0.97547,0.97558,2.25,1.12
2016.09.21 12:02:22.536,0.97546,0.97557,1.75,1.00
2016.09.21 12:02:22.587,0.97546,0.97557,1.75,1.50
2016.09.21 12:02:23.116,0.97546,0.97557,1.87,1.50
2016.09.21 12:02:23.186,0.97546,0.97557,2.62,1.00
2016.09.21 12:02:23.238,0.97549,0.97559,1.75,5.25
2016.09.21 12:02:23.342,0.97549,0.97559,2.25,4.50
2016.09.21 12:02:23.393,0.97549,0.97559,2.25,3.37
2016.09.21 12:02:23.446,0.97549,0.97559,3.00,3.37
2016.09.21 12:02:23.498,0.97549,0.97559,3.00,2.62
2016.09.21 12:02:23.549,0.9755,0.97558,1.75,1.00
2016.09.21 12:02:23.601,0.9755,0.97558,1.75,1.50
2016.09.21 12:02:24.476,0.9755,0.97558,1.75,1.00
2016.09.21 12:02:24.527,0.9755,0.9756,1.75,2.62
2016.09.21 12:02:24.786,0.9755,0.97559,1.75,1.00
2016.09.21 12:02:24.945,0.9755,0.97559,1.75,1.50
2016.09.21 12:02:25.270,0.9755,0.97559,1.75,2.25
2016.09.21 12:02:25.935,0.97551,0.97559,1.75,1.87
2016.09.21 12:02:26.040,0.97551,0.97559,2.25,1.87
2016.09.21 12:02:26.537,0.97551,0.9756,1.75,2.62
2016.09.21 12:02:26.589,0.97551,0.9756,1.75,3.37
2016.09.21 12:02:26.641,0.97551,0.9756,1.75,3.00
2016.09.21 12:02:26.694,0.97551,0.9756,1.75,3.37
2016.09.21 12:02:26.849,0.97551,0.9756,1.75,3.75
2016.09.21 12:02:27.036,0.97551,0.9756,2.25,2.62
2016.09.21 12:02:27.141,0.97553,0.9756,1.75,2.25
2016.09.21 12:02:27.192,0.97553,0.9756,1.75,1.50
2016.09.21 12:02:27.296,0.97553,0.97562,1.75,2.25
2016.09.21 12:02:27.348,0.97553,0.97562,2.25,1.12
2016.09.21 12:02:27.399,0.97553,0.97563,3.00,1.37
2016.09.21 12:02:27.451,0.97555,0.97564,1.75,1.87
2016.09.21 12:02:27.555,0.97557,0.97564,1.00,1.00
2016.09.21 12:02:27.607,0.97557,0.97564,1.00,1.00
2016.09.21 12:02:27.811,0.97557,0.97565,1.00,2.81
2016.09.21 12:02:28.181,0.97557,0.97565,1.00,3.56
2016.09.21 12:02:28.232,0.97557,0.97565,1.00,4.31
2016.09.21 12:02:28.335,0.97557,0.97565,1.00,5.44
2016.09.21 12:02:28.437,0.97557,0.97564,1.00,1.12
2016.09.21 12:02:29.003,0.97557,0.97564,1.00,1.87
2016.09.21 12:02:29.054,0.97554,0.97564,3.00,1.87
2016.09.21 12:02:29.156,0.97556,0.97563,1.75,1.00
2016.09.21 12:02:29.207,0.97556,0.97563,1.75,1.12
2016.09.21 12:02:29.258,0.97557,0.97564,1.75,1.12
2016.09.21 12:02:29.309,0.97557,0.97565,1.75,4.87
2016.09.21 12:02:29.361,0.97556,0.97565,2.25,4.87
2016.09.21 12:02:29.682,0.97556,0.97565,1.75,4.50
2016.09.21 12:02:29.786,0.97556,0.97565,1.75,2.62
2016.09.21 12:02:29.890,0.97557,0.97565,1.50,1.87
2016.09.21 12:02:29.941,0.97557,0.97565,1.75,1.87
2016.09.21 12:02:30.043,0.9756,0.97565,1.00,1.87
2016.09.21 12:02:30.095,0.9756,0.97565,1.00,1.00
2016.09.21 12:02:30.236,0.9756,0.97565,1.00,1.50
2016.09.21 12:02:30.288,0.9756,0.97565,1.00,1.00
2016.09.21 12:02:30.339,0.9756,0.97565,1.00,1.50
2016.09.21 12:02:30.800,0.9756,0.97565,1.00,1.00
2016.09.21 12:02:30.909,0.9756,0.97566,1.00,1.50
2016.09.21 12:02:30.964,0.9756,0.97566,1.00,1.00
2016.09.21 12:02:31.026,0.9756,0.97566,1.00,1.50
2016.09.21 12:02:31.128,0.9756,0.97566,1.00,1.00
2016.09.21 12:02:31.230,0.9756,0.97567,1.00,1.12
2016.09.21 12:02:31.677,0.9756,0.97568,1.00,3.75
2016.09.21 12:02:31.831,0.97558,0.97568,1.75,3.00
2016.09.21 12:02:31.882,0.97557,0.97568,1.75,3.00
2016.09.21 12:02:32.100,0.97557,0.97567,1.75,1.12
2016.09.21 12:02:32.308,0.97557,0.97567,1.75,1.00
2016.09.21 12:02:32.808,0.97557,0.97567,1.75,1.72
2016.09.21 12:02:32.859,0.97556,0.97565,1.50,1.00
2016.09.21 12:02:32.912,0.97556,0.97565,1.00,1.00
2016.09.21 12:02:32.963,0.97555,0.97563,1.12,1.00
2016.09.21 12:02:33.039,0.97554,0.97563,1.75,1.00
2016.09.21 12:02:33.091,0.97554,0.97564,1.37,1.00
2016.09.21 12:02:33.198,0.97553,0.97564,2.62,1.00
2016.09.21 12:02:33.268,0.97553,0.97564,2.62,1.00
2016.09.21 12:02:33.319,0.97555,0.97564,1.00,1.00
2016.09.21 12:02:33.370,0.97557,0.97567,1.00,3.37
2016.09.21 12:02:33.422,0.97557,0.97567,1.12,1.87
2016.09.21 12:02:33.473,0.97557,0.97567,2.25,2.25
2016.09.21 12:02:33.524,0.97558,0.97567,1.37,1.50
2016.09.21 12:02:33.576,0.97558,0.97568,1.87,1.00
2016.09.21 12:02:33.684,0.97559,0.97569,1.12,1.50
2016.09.21 12:02:33.736,0.97559,0.97569,1.12,1.87
2016.09.21 12:02:33.788,0.97559,0.97569,1.12,1.00
2016.09.21 12:02:33.839,0.97558,0.97569,1.87,1.00
2016.09.21 12:02:33.891,0.97558,0.9757,1.87,4.31
2016.09.21 12:02:34.146,0.97558,0.97569,1.87,1.00
2016.09.21 12:02:34.248,0.97558,0.97569,1.87,1.50
2016.09.21 12:02:34.385,0.97558,0.97569,1.37,2.62
2016.09.21 12:02:34.491,0.97558,0.97569,1.37,2.62
2016.09.21 12:02:34.594,0.97557,0.97568,2.25,1.00
2016.09.21 12:02:34.645,0.97557,0.97568,6.00,1.00
2016.09.21 12:02:35.645,0.97557,0.97568,5.25,1.00
2016.09.21 12:02:35.747,0.97557,0.97568,6.00,1.00
2016.09.21 12:02:36.164,0.97557,0.97568,5.25,1.00
2016.09.21 12:02:36.318,0.97557,0.97568,6.00,1.00
2016.09.21 12:02:36.575,0.97557,0.97568,5.25,1.00
2016.09.21 12:02:36.678,0.97557,0.97568,6.00,1.00
2016.09.21 12:02:36.831,0.97557,0.97568,6.00,1.12
2016.09.21 12:02:36.884,0.97557,0.97568,6.75,1.12
2016.09.21 12:02:36.935,0.97557,0.97568,6.00,1.00
2016.09.21 12:02:37.351,0.97557,0.97568,6.00,1.00
2016.09.21 12:02:37.478,0.97557,0.97567,6.00,1.00
2016.09.21 12:02:37.579,0.97557,0.97567,6.75,1.00
2016.09.21 12:02:37.733,0.97557,0.97567,7.12,1.00
2016.09.21 12:02:37.784,0.97557,0.97567,6.37,1.00
2016.09.21 12:02:38.039,0.97559,0.97567,1.87,1.00
2016.09.21 12:02:38.316,0.97559,0.97567,1.87,1.50
2016.09.21 12:02:38.470,0.97559,0.97567,1.87,1.12
2016.09.21 12:02:39.084,0.97559,0.97568,1.87,1.87
2016.09.21 12:02:39.371,0.9756,0.97568,1.50,1.87
2016.09.21 12:02:39.426,0.9756,0.97568,1.50,1.12
2016.09.21 12:02:40.141,0.97559,0.97568,1.87,1.12
2016.09.21 12:02:40.773,0.97557,0.97568,6.75,1.50
2016.09.21 12:02:40.826,0.97557,0.97568,7.50,1.50
2016.09.21 12:02:40.878,0.97557,0.97568,7.50,1.87
2016.09.21 12:02:40.929,0.97557,0.97567,7.50,1.00
2016.09.21 12:02:40.980,0.97557,0.97567,6.75,1.12
2016.09.21 12:02:41.080,0.97557,0.97568,6.75,2.62
2016.09.21 12:02:41.133,0.97557,0.97567,6.75,1.50
2016.09.21 12:02:41.390,0.97557,0.97567,6.75,1.50
2016.09.21 12:02:41.645,0.97557,0.97567,6.00,1.50
2016.09.21 12:02:41.698,0.97557,0.97565,5.25,1.00
2016.09.21 12:02:41.750,0.97557,0.97565,1.50,3.19
2016.09.21 12:02:41.802,0.97557,0.97565,1.37,3.94
2016.09.21 12:02:41.853,0.97557,0.97564,1.00,1.00
2016.09.21 12:02:41.951,0.97556,0.97564,1.50,1.87
2016.09.21 12:02:42.003,0.97556,0.97564,1.50,3.00
2016.09.21 12:02:42.593,0.97557,0.97563,1.00,1.00
2016.09.21 12:02:42.644,0.97554,0.97563,4.50,1.00
2016.09.21 12:02:42.695,0.97554,0.97563,4.50,1.50
2016.09.21 12:02:42.747,0.97554,0.97562,5.25,1.12
2016.09.21 12:02:42.849,0.97554,0.97562,4.50,1.00
2016.09.21 12:02:42.951,0.97554,0.97562,5.25,1.12
2016.09.21 12:02:43.154,0.97555,0.97562,4.87,1.12
2016.09.21 12:02:43.680,0.97555,0.97562,5.62,1.12
2016.09.21 12:02:43.731,0.97557,0.97562,1.00,1.50
2016.09.21 12:02:43.782,0.97557,0.97562,1.87,1.37
2016.09.21 12:02:43.834,0.97557,0.97563,1.87,1.00
2016.09.21 12:02:43.885,0.97557,0.97563,2.25,1.00
2016.09.21 12:02:43.951,0.97559,0.97564,1.50,1.37
2016.09.21 12:02:44.054,0.97561,0.97567,1.50,1.37
2016.09.21 12:02:44.184,0.97561,0.97568,2.25,1.37
2016.09.21 12:02:44.595,0.97561,0.97568,1.50,1.37
2016.09.21 12:02:44.852,0.97561,0.97568,1.00,1.37
2016.09.21 12:02:45.006,0.9756,0.97568,2.25,1.37
2016.09.21 12:02:45.236,0.97561,0.97568,1.12,1.37
2016.09.21 12:02:45.340,0.97563,0.97569,1.00,1.37
2016.09.21 12:02:45.392,0.97564,0.9757,1.00,1.87
2016.09.21 12:02:45.523,0.97564,0.97571,1.00,2.62
2016.09.21 12:02:45.575,0.97564,0.97571,1.00,2.25
2016.09.21 12:02:45.652,0.97564,0.97571,1.00,1.50
2016.09.21 12:02:46.073,0.97563,0.97571,1.87,1.37
2016.09.21 12:02:46.176,0.97564,0.97571,1.00,1.50
2016.09.21 12:02:46.227,0.97564,0.97571,1.00,2.25
2016.09.21 12:02:47.613,0.97564,0.97571,1.00,1.50
2016.09.21 12:02:48.440,0.97564,0.97571,4.50,1.50
2016.09.21 12:02:48.816,0.97564,0.97571,4.50,2.25
2016.09.21 12:02:49.301,0.97564,0.97571,4.50,1.50
2016.09.21 12:02:49.776,0.97564,0.97571,3.75,1.37
2016.09.21 12:02:49.880,0.97564,0.97571,4.87,1.37
2016.09.21 12:02:49.985,0.97566,0.97571,1.50,1.37
2016.09.21 12:02:50.139,0.97566,0.97573,1.50,1.37
2016.09.21 12:02:51.342,0.97566,0.97574,1.50,1.87
2016.09.21 12:02:51.651,0.97566,0.97574,1.00,1.87
2016.09.21 12:02:51.745,0.97564,0.97573,1.50,1.12
2016.09.21 12:02:51.799,0.97563,0.97573,3.00,1.87
2016.09.21 12:02:51.902,0.97563,0.97572,2.25,1.50
2016.09.21 12:02:52.005,0.97563,0.97572,1.50,1.87
2016.09.21 12:02:52.056,0.97563,0.97572,1.50,2.62
2016.09.21 12:02:52.107,0.97563,0.97572,2.25,1.12
2016.09.21 12:02:52.159,0.97563,0.97573,2.25,1.87
2016.09.21 12:02:52.210,0.97564,0.97573,1.50,1.37
2016.09.21 12:02:52.313,0.97564,0.97574,2.62,1.37
2016.09.21 12:02:52.365,0.97565,0.97574,1.87,1.37
2016.09.21 12:02:52.416,0.97565,0.97574,2.25,1.37
2016.09.21 12:02:52.615,0.97565,0.97575,2.25,1.87
2016.09.21 12:02:52.769,0.97565,0.97575,1.50,1.87
2016.09.21 12:02:52.922,0.97565,0.97575,2.25,1.87
2016.09.21 12:02:53.278,0.97565,0.97575,3.00,1.87
2016.09.21 12:02:53.647,0.97565,0.97575,6.00,1.87
2016.09.21 12:02:53.996,0.97565,0.97575,5.25,1.87
2016.09.21 12:02:54.651,0.97565,0.97575,6.00,1.87
2016.09.21 12:02:54.702,0.97565,0.97575,5.25,1.87
2016.09.21 12:02:54.753,0.97565,0.97575,1.50,1.00
2016.09.21 12:02:54.908,0.97565,0.97575,1.50,1.50
2016.09.21 12:02:55.010,0.97563,0.97573,2.62,1.75
2016.09.21 12:02:55.062,0.97563,0.97573,2.25,1.87
2016.09.21 12:02:55.113,0.97562,0.97572,1.75,1.50
2016.09.21 12:02:56.345,0.97562,0.97572,2.25,1.50
2016.09.21 12:02:58.448,0.97562,0.97572,1.75,1.50
2016.09.21 12:02:58.769,0.97562,0.97572,1.75,1.00
2016.09.21 12:02:58.831,0.97562,0.97572,1.87,1.00
2016.09.21 12:02:58.885,0.97562,0.97572,2.62,1.00
2016.09.21 12:02:58.937,0.97564,0.97574,2.25,1.37
2016.09.21 12:02:58.988,0.97565,0.97574,1.50,1.37
2016.09.21 12:02:59.040,0.97565,0.97575,1.75,1.87
2016.09.21 12:02:59.092,0.97566,0.97575,1.50,1.87
2016.09.21 12:02:59.143,0.97566,0.97575,1.50,1.00
2016.09.21 12:02:59.355,0.97566,0.97575,2.25,1.00
2016.09.21 12:02:59.518,0.97566,0.97575,2.25,1.00
2016.09.21 12:02:59.570,0.97566,0.97575,2.25,1.25
2016.09.21 12:02:59.621,0.97566,0.97575,1.50,1.69
2016.09.21 12:02:59.673,0.97566,0.97575,1.50,2.44
2016.09.21 12:02:59.724,0.97566,0.97575,1.50,2.81
2016.09.21 12:02:59.827,0.97566,0.97575,1.50,2.44
2016.09.21 12:02:59.879,0.97566,0.97575,1.50,1.50
2016.09.21 12:02:59.943,0.97566,0.97576,3.00,1.00
2016.09.21 12:02:59.995,0.97566,0.97577,3.00,2.25
2016.09.21 12:03:00.095,0.97566,0.97577,4.12,1.87
2016.09.21 12:03:00.148,0.97568,0.97577,2.25,1.37
2016.09.21 12:03:00.254,0.97568,0.97578,2.25,2.44
2016.09.21 12:03:00.306,0.97568,0.97578,2.25,1.69
2016.09.21 12:03:00.983,0.97568,0.97578,2.25,1.50
2016.09.21 12:03:01.340,0.97568,0.97578,2.62,1.50
2016.09.21 12:03:02.110,0.97568,0.97578,2.62,1.50
2016.09.21 12:03:02.162,0.97568,0.97578,2.25,1.50
2016.09.21 12:03:02.315,0.97569,0.97578,1.00,1.50
2016.09.21 12:03:02.366,0.97568,0.97578,2.25,1.50
2016.09.21 12:03:02.417,0.97569,0.97578,1.12,1.00
2016.09.21 12:03:03.303,0.97569,0.97579,1.37,1.87
2016.09.21 12:03:03.354,0.97569,0.97579,1.50,1.87
2016.09.21 12:03:03.619,0.97569,0.97579,1.50,2.62
2016.09.21 12:03:03.823,0.97569,0.97579,1.50,1.87
2016.09.21 12:03:03.874,0.97569,0.97579,2.25,1.87
2016.09.21 12:03:03.925,0.97569,0.97579,2.25,2.62
2016.09.21 12:03:04.151,0.97569,0.97579,1.50,2.62
2016.09.21 12:03:04.241,0.97567,0.97577,3.00,2.44
2016.09.21 12:03:04.295,0.97569,0.97577,1.00,2.06
2016.09.21 12:03:04.346,0.97567,0.97577,2.25,2.06
2016.09.21 12:03:04.398,0.97567,0.97577,2.25,2.44
2016.09.21 12:03:04.449,0.97567,0.97577,1.87,2.44
2016.09.21 12:03:04.704,0.97567,0.97577,1.87,2.25
2016.09.21 12:03:04.910,0.97567,0.97577,1.87,1.87
2016.09.21 12:03:04.962,0.97567,0.97577,2.25,1.87
2016.09.21 12:03:05.204,0.97567,0.97577,1.50,1.87
2016.09.21 12:03:05.255,0.97567,0.97576,1.50,1.12
2016.09.21 12:03:05.306,0.97567,0.97576,2.25,1.12
2016.09.21 12:03:05.409,0.97567,0.97576,1.50,1.12
2016.09.21 12:03:05.519,0.97567,0.97576,2.25,1.12
2016.09.21 12:03:05.885,0.97568,0.97577,1.12,1.37
2016.09.21 12:03:05.937,0.97568,0.97578,2.25,2.25
2016.09.21 12:03:05.988,0.97568,0.97578,2.25,1.87
2016.09.21 12:03:06.039,0.97568,0.97578,2.25,1.87
2016.09.21 12:03:06.192,0.97568,0.97578,2.25,1.12
2016.09.21 12:03:06.396,0.97568,0.97578,3.00,1.12
2016.09.21 12:03:06.501,0.97569,0.97578,1.00,1.12
2016.09.21 12:03:06.554,0.97568,0.97578,3.00,1.12
2016.09.21 12:03:06.661,0.97568,0.97578,2.25,1.12
2016.09.21 12:03:06.815,0.97568,0.97578,2.25,1.00
2016.09.21 12:03:06.866,0.97568,0.97577,1.50,1.00
2016.09.21 12:03:06.968,0.97568,0.97578,2.25,1.00
2016.09.21 12:03:08.451,0.97568,0.97579,2.25,1.12
2016.09.21 12:03:08.502,0.97568,0.97579,3.00,1.12
2016.09.21 12:03:08.553,0.97569,0.9758,1.50,3.00
2016.09.21 12:03:09.094,0.97569,0.9758,1.50,2.25
2016.09.21 12:03:09.146,0.97569,0.9758,2.25,2.25
2016.09.21 12:03:09.363,0.97569,0.9758,1.50,2.25
2016.09.21 12:03:09.415,0.97569,0.9758,3.00,2.25
2016.09.21 12:03:09.867,0.97572,0.9758,1.00,2.25
2016.09.21 12:03:09.918,0.97572,0.9758,1.50,2.25
2016.09.21 12:03:09.970,0.97572,0.9758,1.87,1.50
2016.09.21 12:03:10.021,0.97574,0.97581,1.00,1.12
2016.09.21 12:03:10.072,0.97574,0.97582,1.50,1.37
2016.09.21 12:03:10.124,0.97574,0.97583,1.50,1.00
2016.09.21 12:03:10.298,0.97574,0.97583,1.87,1.12
2016.09.21 12:03:10.359,0.97574,0.97583,1.50,1.12
2016.09.21 12:03:10.614,0.97574,0.97584,1.50,1.87
2016.09.21 12:03:10.665,0.97574,0.97584,1.50,1.00
2016.09.21 12:03:10.716,0.97574,0.97585,1.50,3.75
2016.09.21 12:03:10.971,0.97573,0.97584,1.75,1.00
2016.09.21 12:03:11.117,0.97573,0.97584,1.50,1.12
2016.09.21 12:03:11.372,0.97573,0.97584,1.50,1.12
2016.09.21 12:03:11.475,0.97574,0.97584,1.12,1.12
2016.09.21 12:03:11.526,0.97574,0.97584,1.37,1.00
2016.09.21 12:03:11.578,0.97575,0.97583,1.50,1.00
2016.09.21 12:03:11.629,0.97576,0.97585,1.00,2.62
2016.09.21 12:03:11.681,0.97576,0.97585,1.87,2.25
2016.09.21 12:03:11.732,0.97576,0.97585,2.25,1.12
2016.09.21 12:03:12.593,0.97577,0.97585,1.12,1.12
2016.09.21 12:03:12.645,0.97577,0.97585,1.50,1.12
2016.09.21 12:03:13.345,0.97577,0.97585,1.00,1.12
2016.09.21 12:03:13.704,0.97577,0.97585,1.50,1.12
2016.09.21 12:03:13.857,0.97577,0.97583,1.50,1.12
2016.09.21 12:03:13.911,0.97574,0.97583,1.37,1.12
2016.09.21 12:03:13.964,0.97574,0.97583,1.12,1.87
2016.09.21 12:03:14.016,0.97574,0.97583,1.00,2.25
2016.09.21 12:03:14.838,0.97574,0.97583,1.00,1.50
2016.09.21 12:03:15.247,0.97574,0.97583,1.00,2.25
2016.09.21 12:03:15.400,0.97574,0.97583,1.00,2.62
2016.09.21 12:03:15.656,0.97574,0.97583,1.00,1.87
2016.09.21 12:03:15.708,0.97574,0.97583,1.00,1.50
2016.09.21 12:03:15.806,0.97574,0.97583,1.00,2.62
2016.09.21 12:03:15.858,0.97574,0.97582,1.12,1.12
2016.09.21 12:03:15.911,0.97574,0.97582,1.12,1.00
2016.09.21 12:03:15.963,0.97574,0.97582,1.00,1.87
2016.09.21 12:03:16.015,0.97574,0.97582,1.00,2.25
2016.09.21 12:03:16.066,0.97574,0.97581,1.00,1.00
2016.09.21 12:03:16.373,0.97574,0.97582,1.00,2.25
2016.09.21 12:03:16.637,0.97574,0.97582,1.12,1.87
2016.09.21 12:03:17.050,0.97574,0.97582,1.12,1.37
2016.09.21 12:03:17.101,0.97574,0.97582,1.50,1.37
2016.09.21 12:03:18.018,0.97574,0.97582,1.37,1.37
2016.09.21 12:03:18.069,0.97574,0.97582,1.12,1.37
2016.09.21 12:03:18.274,0.97573,0.97582,6.00,1.37
2016.09.21 12:03:18.377,0.97574,0.97582,1.12,1.37
2016.09.21 12:03:18.479,0.97574,0.97583,1.12,1.50
2016.09.21 12:03:18.715,0.97574,0.97583,1.12,1.00
2016.09.21 12:03:19.457,0.97574,0.97585,1.87,2.81
2016.09.21 12:03:19.602,0.97577,0.97585,1.37,1.37
2016.09.21 12:03:19.658,0.97577,0.97585,1.37,1.12
2016.09.21 12:03:19.709,0.97577,0.97585,4.87,1.12
2016.09.21 12:03:19.761,0.97577,0.97586,5.62,1.12
2016.09.21 12:03:19.812,0.97577,0.97586,4.87,1.12
2016.09.21 12:03:20.069,0.97577,0.97586,4.12,1.12
2016.09.21 12:03:20.236,0.97577,0.97586,4.87,1.12
2016.09.21 12:03:21.354,0.97577,0.97586,5.62,1.12
2016.09.21 12:03:21.406,0.97577,0.97586,6.00,1.12
2016.09.21 12:03:21.457,0.97577,0.97587,7.12,1.00
2016.09.21 12:03:21.508,0.97578,0.97587,1.50,1.00
2016.09.21 12:03:21.559,0.97579,0.97587,1.12,1.00
2016.09.21 12:03:22.896,0.97579,0.97588,1.12,1.00
2016.09.21 12:03:22.947,0.97583,0.97588,1.00,1.00
2016.09.21 12:03:22.998,0.97583,0.97589,1.50,1.12
2016.09.21 12:03:23.152,0.97583,0.97589,1.50,1.00
2016.09.21 12:03:23.370,0.97583,0.97589,1.00,1.00
2016.09.21 12:03:23.473,0.97583,0.97589,1.50,1.00
2016.09.21 12:03:23.576,0.97583,0.97589,1.00,1.00
2016.09.21 12:03:23.678,0.97583,0.97589,1.50,1.12
2016.09.21 12:03:24.146,0.97582,0.97589,1.00,1.12
2016.09.21 12:03:24.249,0.97582,0.97589,1.50,1.12
2016.09.21 12:03:24.403,0.97582,0.97589,1.50,1.12
2016.09.21 12:03:24.454,0.97582,0.97589,1.50,1.50
2016.09.21 12:03:25.075,0.97582,0.97588,1.50,1.00
2016.09.21 12:03:25.329,0.97582,0.97588,1.00,1.00
2016.09.21 12:03:25.385,0.97578,0.97588,1.37,1.00
2016.09.21 12:03:25.872,0.97579,0.97589,1.12,1.50
2016.09.21 12:03:26.076,0.97579,0.97589,1.87,1.50
2016.09.21 12:03:26.128,0.97579,0.97589,2.25,1.50
2016.09.21 12:03:26.179,0.97579,0.9759,2.25,1.50
2016.09.21 12:03:26.230,0.97579,0.9759,2.25,1.12
2016.09.21 12:03:26.542,0.97579,0.9759,2.25,1.12
2016.09.21 12:03:26.595,0.97579,0.9759,2.25,1.12
2016.09.21 12:03:27.350,0.97579,0.9759,2.25,1.50
2016.09.21 12:03:27.505,0.97579,0.9759,1.87,1.87
2016.09.21 12:03:27.557,0.97579,0.97589,1.00,1.87
2016.09.21 12:03:27.610,0.97577,0.97587,1.50,1.00
2016.09.21 12:03:27.662,0.97577,0.97587,1.50,1.50
2016.09.21 12:03:27.765,0.97577,0.97587,1.50,1.00
2016.09.21 12:03:27.868,0.97577,0.97587,1.50,1.87
2016.09.21 12:03:28.062,0.97576,0.97586,2.25,1.12
2016.09.21 12:03:28.114,0.97576,0.97586,1.75,1.12
2016.09.21 12:03:28.370,0.97576,0.97586,1.75,1.87
2016.09.21 12:03:28.524,0.97576,0.97586,1.50,1.87
2016.09.21 12:03:28.779,0.97575,0.97585,1.75,1.12
2016.09.21 12:03:28.854,0.97575,0.97585,1.50,1.12
2016.09.21 12:03:29.243,0.97575,0.97585,1.50,1.12
2016.09.21 12:03:29.294,0.97582,0.97586,3.75,2.25
2016.09.21 12:03:29.396,0.97582,0.97586,4.50,1.12
2016.09.21 12:03:29.499,0.97582,0.97588,4.50,2.25
2016.09.21 12:03:29.601,0.97582,0.97588,4.50,1.50
2016.09.21 12:03:30.494,0.97583,0.97588,1.50,2.25
2016.09.21 12:03:30.597,0.97582,0.97588,4.50,2.25
2016.09.21 12:03:30.798,0.97582,0.97587,4.50,1.12
2016.09.21 12:03:31.159,0.97582,0.97587,3.75,1.12
2016.09.21 12:03:31.211,0.97581,0.97587,4.50,1.30
2016.09.21 12:03:31.321,0.97575,0.97584,5.25,2.10
2016.09.21 12:03:31.373,0.97575,0.97582,5.25,1.12
2016.09.21 12:03:31.426,0.97575,0.97582,4.87,1.12
2016.09.21 12:03:31.478,0.97575,0.97581,4.50,1.00
2016.09.21 12:03:31.581,0.97575,0.97581,4.50,1.00
2016.09.21 12:03:31.786,0.97575,0.97581,4.50,1.12
2016.09.21 12:03:32.312,0.97575,0.97581,4.50,1.12
2016.09.21 12:03:32.518,0.97575,0.97582,4.50,3.37
2016.09.21 12:03:32.825,0.97575,0.97582,4.50,3.00
2016.09.21 12:03:33.274,0.97575,0.97582,4.50,2.25
2016.09.21 12:03:35.045,0.97575,0.97582,1.50,2.25
2016.09.21 12:03:35.097,0.97575,0.97581,1.50,1.12
2016.09.21 12:03:35.201,0.97575,0.97581,1.50,1.87
2016.09.21 12:03:35.304,0.97575,0.97581,1.00,1.50
2016.09.21 12:03:35.406,0.97575,0.97581,1.00,1.00
2016.09.21 12:03:36.127,0.97575,0.97581,1.00,1.00
2016.09.21 12:03:36.179,0.9758,0.97585,1.00,6.75
2016.09.21 12:03:36.232,0.97578,0.97583,6.00,1.37
2016.09.21 12:03:36.284,0.97579,0.97583,4.50,1.00
2016.09.21 12:03:36.335,0.97579,0.97586,1.50,1.00
2016.09.21 12:03:36.386,0.97579,0.97587,1.50,1.00
2016.09.21 12:03:36.437,0.97579,0.97588,1.50,3.37
2016.09.21 12:03:36.489,0.97579,0.97588,3.37,1.50
2016.09.21 12:03:36.615,0.97579,0.97588,1.87,1.50
2016.09.21 12:03:36.668,0.97579,0.97589,2.62,3.00
2016.09.21 12:03:36.720,0.97579,0.97589,1.87,3.00
2016.09.21 12:03:36.976,0.97578,0.97588,3.00,1.12
2016.09.21 12:03:37.079,0.97578,0.97588,1.12,1.12
2016.09.21 12:03:37.130,0.97577,0.97588,3.37,1.12
2016.09.21 12:03:37.181,0.97577,0.97588,2.62,1.12
2016.09.21 12:03:37.696,0.97577,0.97588,2.62,1.50
2016.09.21 12:03:37.747,0.97577,0.97588,1.12,1.87
2016.09.21 12:03:37.798,0.97576,0.97586,2.62,1.00
2016.09.21 12:03:37.849,0.97576,0.97586,2.62,1.00
2016.09.21 12:03:37.900,0.97576,0.97586,3.37,1.00
2016.09.21 12:03:38.002,0.97576,0.97586,2.62,1.00
2016.09.21 12:03:38.389,0.97576,0.97586,1.87,1.00
2016.09.21 12:03:38.441,0.97576,0.97586,1.50,1.00
2016.09.21 12:03:38.493,0.97576,0.97586,1.00,1.87
2016.09.21 12:03:38.546,0.97575,0.97586,4.12,1.87
2016.09.21 12:03:38.747,0.97576,0.97586,1.87,1.87
2016.09.21 12:03:38.799,0.97578,0.97587,1.12,1.00
2016.09.21 12:03:38.850,0.97578,0.97588,1.12,2.25
2016.09.21 12:03:38.902,0.97578,0.97588,1.87,2.25
2016.09.21 12:03:38.953,0.97578,0.97588,1.87,1.50
2016.09.21 12:03:39.055,0.97578,0.97588,1.87,1.12
2016.09.21 12:03:39.106,0.97578,0.97588,1.87,1.12
2016.09.21 12:03:39.473,0.97578,0.97588,1.12,1.12
2016.09.21 12:03:39.525,0.97578,0.97588,1.12,1.87
2016.09.21 12:03:39.628,0.97578,0.97587,1.12,1.00
2016.09.21 12:03:39.680,0.97578,0.97587,1.87,1.00
2016.09.21 12:03:39.732,0.97578,0.97588,1.87,1.50
2016.09.21 12:03:39.786,0.97578,0.97588,1.12,1.50
2016.09.21 12:03:40.252,0.97578,0.97588,1.00,1.50
2016.09.21 12:03:40.303,0.97578,0.97588,1.00,1.00
2016.09.21 12:03:40.354,0.97578,0.97588,1.12,1.00
2016.09.21 12:03:40.406,0.97578,0.97588,1.12,1.00
2016.09.21 12:03:40.524,0.97578,0.97588,1.12,1.50
2016.09.21 12:03:40.628,0.97578,0.97588,1.12,1.00
2016.09.21 12:03:40.782,0.97578,0.97588,1.87,1.00
2016.09.21 12:03:41.064,0.97578,0.97588,1.50,1.00
2016.09.21 12:03:41.650,0.97578,0.97588,1.87,1.00
2016.09.21 12:03:42.705,0.97578,0.97588,1.12,1.12
2016.09.21 12:03:42.909,0.97578,0.97588,1.12,1.87
2016.09.21 12:03:43.102,0.97578,0.97588,1.12,1.12
2016.09.21 12:03:43.549,0.97578,0.97588,1.00,1.12
2016.09.21 12:03:43.600,0.97578,0.97588,1.00,1.12
2016.09.21 12:03:43.652,0.97578,0.97588,1.12,1.12
2016.09.21 12:03:44.199,0.97578,0.97588,1.00,1.12
2016.09.21 12:03:44.454,0.97577,0.97588,2.62,1.12
2016.09.21 12:03:44.813,0.97577,0.97588,2.62,1.12
2016.09.21 12:03:45.068,0.97578,0.97588,1.12,1.12
2016.09.21 12:03:45.272,0.97577,0.97588,1.87,1.50
2016.09.21 12:03:45.324,0.97577,0.97587,1.37,1.00
2016.09.21 12:03:45.426,0.97576,0.97585,4.50,1.00
2016.09.21 12:03:45.477,0.97577,0.97585,1.37,1.00
2016.09.21 12:03:45.633,0.97577,0.97585,2.62,1.00
2016.09.21 12:03:45.685,0.97577,0.97585,3.37,1.00
2016.09.21 12:03:45.736,0.97577,0.97585,2.62,1.00
2016.09.21 12:03:45.788,0.97577,0.97585,1.87,1.00
2016.09.21 12:03:45.839,0.97577,0.97588,1.87,1.12
2016.09.21 12:03:46.094,0.97578,0.97588,1.12,1.12
2016.09.21 12:03:46.197,0.97578,0.97588,1.12,1.12
2016.09.21 12:03:47.281,0.97578,0.97588,1.12,1.12
2016.09.21 12:03:47.332,0.97578,0.97588,1.12,1.12
2016.09.21 12:03:47.486,0.97578,0.97588,1.12,1.87
2016.09.21 12:03:47.537,0.97578,0.97588,1.12,1.87
2016.09.21 12:03:47.589,0.97578,0.97588,1.12,1.12
2016.09.21 12:03:47.846,0.97578,0.97588,1.12,1.12
2016.09.21 12:03:48.327,0.97578,0.97588,1.12,1.87
2016.09.21 12:03:48.430,0.97578,0.97586,1.12,1.00
2016.09.21 12:03:48.532,0.97578,0.97588,1.12,1.12
2016.09.21 12:03:48.635,0.97578,0.97588,1.12,1.50
2016.09.21 12:03:49.674,0.97578,0.97588,1.87,1.50
2016.09.21 12:03:49.777,0.97578,0.97588,1.12,1.50
2016.09.21 12:03:49.829,0.97578,0.97588,1.12,2.25
2016.09.21 12:03:50.136,0.97578,0.97588,1.12,2.25
2016.09.21 12:03:50.239,0.97578,0.97588,1.37,1.12
2016.09.21 12:03:50.290,0.97578,0.97588,1.50,1.12
2016.09.21 12:03:50.342,0.97578,0.97588,1.50,1.87
2016.09.21 12:03:50.908,0.97578,0.97588,1.50,2.25
2016.09.21 12:03:51.062,0.97578,0.97588,1.12,2.25
2016.09.21 12:03:51.165,0.97578,0.97588,1.12,3.00
2016.09.21 12:03:51.319,0.97578,0.97585,1.12,1.37
2016.09.21 12:03:51.422,0.97578,0.97586,1.00,1.37
2016.09.21 12:03:51.524,0.97577,0.97586,1.87,1.37
2016.09.21 12:03:53.443,0.97577,0.97586,1.87,1.87
2016.09.21 12:03:54.471,0.97577,0.97586,1.87,1.00
2016.09.21 12:03:55.240,0.97577,0.97587,1.87,2.62
2016.09.21 12:03:55.497,0.97577,0.97587,1.50,3.37
2016.09.21 12:03:55.548,0.97577,0.97587,1.00,3.00
2016.09.21 12:03:55.672,0.97577,0.97587,1.00,2.25
2016.09.21 12:03:55.826,0.97577,0.97586,1.00,1.00
2016.09.21 12:03:56.137,0.97577,0.97587,1.00,2.25
2016.09.21 12:03:57.158,0.97577,0.97587,1.00,1.50
2016.09.21 12:03:58.041,0.97577,0.97587,1.00,2.25
2016.09.21 12:03:58.399,0.97577,0.97584,1.00,1.25
2016.09.21 12:03:58.501,0.97577,0.97585,1.00,3.04
2016.09.21 12:03:58.552,0.97573,0.97583,3.00,1.50
2016.09.21 12:03:58.603,0.97573,0.97583,1.50,2.25
2016.09.21 12:03:58.655,0.97575,0.97581,1.00,1.00
2016.09.21 12:03:58.764,0.97573,0.97581,1.00,1.87
2016.09.21 12:03:58.815,0.97572,0.97581,1.37,1.87
2016.09.21 12:03:58.866,0.97572,0.97581,1.00,3.00
2016.09.21 12:03:58.918,0.97572,0.97581,1.00,3.37
2016.09.21 12:03:59.022,0.97572,0.9758,1.00,1.12
2016.09.21 12:03:59.073,0.97572,0.9758,1.00,1.50
2016.09.21 12:03:59.125,0.97569,0.9758,1.37,1.87
2016.09.21 12:03:59.177,0.97569,0.9758,1.12,1.50
2016.09.21 12:03:59.228,0.97569,0.9758,1.12,1.87
2016.09.21 12:03:59.433,0.97569,0.97579,1.12,1.12
2016.09.21 12:04:01.536,0.97569,0.9758,1.12,2.62
2016.09.21 12:04:01.944,0.97569,0.9758,1.12,2.25
2016.09.21 12:04:02.536,0.97569,0.9758,1.12,1.50
2016.09.21 12:04:02.944,0.97569,0.9758,1.12,2.25
2016.09.21 12:04:03.046,0.97569,0.9758,1.12,2.62
2016.09.21 12:04:03.222,0.97569,0.9758,1.37,2.62
2016.09.21 12:04:03.273,0.97569,0.9758,1.12,3.00
2016.09.21 12:04:04.674,0.97569,0.9758,1.00,3.00
2016.09.21 12:04:04.944,0.9757,0.9758,1.00,1.87
2016.09.21 12:04:05.046,0.9757,0.9758,1.12,1.50
2016.09.21 12:04:05.704,0.9757,0.9758,1.12,1.12
2016.09.21 12:04:05.865,0.9757,0.9758,1.12,1.12
2016.09.21 12:04:06.934,0.9757,0.9758,1.12,1.12
2016.09.21 12:04:07.137,0.9757,0.9758,1.12,1.87
2016.09.21 12:04:07.394,0.9757,0.9758,1.12,2.25
2016.09.21 12:04:07.446,0.9757,0.97579,1.12,1.00
2016.09.21 12:04:07.653,0.97569,0.97579,1.87,1.50
2016.09.21 12:04:07.704,0.97569,0.97579,1.87,1.87
2016.09.21 12:04:07.793,0.97569,0.97579,1.87,1.50
2016.09.21 12:04:07.897,0.97569,0.97579,1.37,1.50
2016.09.21 12:04:08.926,0.97569,0.97579,1.37,1.87
2016.09.21 12:04:08.977,0.97569,0.97579,1.37,1.12
2016.09.21 12:04:09.432,0.97569,0.97579,1.37,1.00
2016.09.21 12:04:09.534,0.97569,0.97579,1.37,1.12
2016.09.21 12:04:11.748,0.97569,0.97579,1.37,1.12
2016.09.21 12:04:12.005,0.97569,0.97579,1.37,1.37
2016.09.21 12:04:12.056,0.97569,0.97579,1.37,1.50
2016.09.21 12:04:12.449,0.97569,0.97579,1.37,1.00
2016.09.21 12:04:12.503,0.97569,0.97579,1.12,1.12
2016.09.21 12:04:12.555,0.97569,0.97579,1.12,1.12
2016.09.21 12:04:12.606,0.97569,0.97579,1.50,1.00
2016.09.21 12:04:13.267,0.97568,0.97579,2.25,1.50
2016.09.21 12:04:13.321,0.97568,0.97579,1.75,2.25
2016.09.21 12:04:13.374,0.97568,0.97578,1.12,1.00
2016.09.21 12:04:13.581,0.97568,0.97578,1.12,1.50
2016.09.21 12:04:13.633,0.97568,0.97578,1.12,1.12
2016.09.21 12:04:14.246,0.97568,0.97578,1.12,1.50
2016.09.21 12:04:14.297,0.97568,0.97578,1.12,2.25
2016.09.21 12:04:14.349,0.97568,0.97578,1.12,1.50
2016.09.21 12:04:14.451,0.97568,0.97578,1.12,1.00
2016.09.21 12:04:15.057,0.97568,0.97578,1.12,1.50
2016.09.21 12:04:15.160,0.97568,0.97577,1.12,1.00
2016.09.21 12:04:15.263,0.97567,0.97577,1.87,1.50
2016.09.21 12:04:15.314,0.97567,0.97577,1.50,1.87
2016.09.21 12:04:15.365,0.97567,0.97577,1.12,1.12
2016.09.21 12:04:15.580,0.97567,0.97576,1.12,1.00
2016.09.21 12:04:15.939,0.97567,0.97576,1.12,1.12
2016.09.21 12:04:16.302,0.97567,0.97577,1.12,1.50
2016.09.21 12:04:16.443,0.97567,0.97577,1.12,2.25
2016.09.21 12:04:16.495,0.97567,0.97577,1.12,3.00
2016.09.21 12:04:16.855,0.97566,0.97577,2.25,2.25
2016.09.21 12:04:16.907,0.97566,0.97576,1.50,1.12
2016.09.21 12:04:17.010,0.97566,0.97576,1.12,1.50
2016.09.21 12:04:17.270,0.97566,0.97576,1.12,1.00
2016.09.21 12:04:17.861,0.97566,0.97576,1.12,1.50
2016.09.21 12:04:18.150,0.97566,0.97573,1.12,1.12
2016.09.21 12:04:18.202,0.97564,0.97573,1.75,1.12
2016.09.21 12:04:18.253,0.97563,0.97572,1.87,1.37
2016.09.21 12:04:18.305,0.97563,0.9757,1.00,1.00
2016.09.21 12:04:18.365,0.97562,0.9757,1.50,1.00
2016.09.21 12:04:18.417,0.97562,0.97571,1.12,1.12
2016.09.21 12:04:18.469,0.97562,0.97571,1.12,2.62
2016.09.21 12:04:18.521,0.97562,0.97571,1.00,3.37
2016.09.21 12:04:18.573,0.97562,0.97569,1.00,1.00
2016.09.21 12:04:18.663,0.97562,0.9757,1.00,1.12
2016.09.21 12:04:18.714,0.97562,0.9757,1.00,1.87
2016.09.21 12:04:18.766,0.97559,0.9757,1.50,2.62
2016.09.21 12:04:18.868,0.97559,0.9757,1.00,2.62
2016.09.21 12:04:18.921,0.97558,0.97569,2.25,1.00
2016.09.21 12:04:20.171,0.97558,0.97569,2.25,1.50
2016.09.21 12:04:20.399,0.97558,0.97567,2.25,1.00
2016.09.21 12:04:20.467,0.97558,0.97568,1.50,1.00
2016.09.21 12:04:20.518,0.97558,0.97568,1.12,1.12
2016.09.21 12:04:20.623,0.97558,0.97568,1.37,1.00
2016.09.21 12:04:21.500,0.97558,0.97569,1.37,2.25
2016.09.21 12:04:22.366,0.97558,0.97568,1.37,1.00
2016.09.21 12:04:22.532,0.97558,0.97569,1.37,2.25
2016.09.21 12:04:22.584,0.97558,0.97569,1.37,1.50
2016.09.21 12:04:22.737,0.97558,0.97568,1.37,1.37
2016.09.21 12:04:25.180,0.97558,0.97569,1.37,2.25
2016.09.21 12:04:25.599,0.97558,0.97568,1.00,1.37
2016.09.21 12:04:25.803,0.97558,0.97568,1.00,1.87
2016.09.21 12:04:28.135,0.97558,0.97568,1.00,1.50
2016.09.21 12:04:28.238,0.97558,0.97568,1.00,1.50
2016.09.21 12:04:28.393,0.97558,0.97567,1.00,1.00
2016.09.21 12:04:28.496,0.97558,0.97568,1.00,2.62
2016.09.21 12:04:28.547,0.97558,0.97568,1.00,3.37
2016.09.21 12:04:28.700,0.97556,0.97568,1.87,2.25
2016.09.21 12:04:29.012,0.97557,0.97568,1.12,1.50
2016.09.21 12:04:29.114,0.97558,0.97568,1.00,1.50
2016.09.21 12:04:29.276,0.97558,0.97569,1.00,3.37
2016.09.21 12:04:29.480,0.97558,0.97569,1.00,4.50
2016.09.21 12:04:29.582,0.97557,0.97568,1.87,1.50
2016.09.21 12:04:29.634,0.97557,0.97568,1.12,2.25
2016.09.21 12:04:29.736,0.97557,0.97568,1.50,1.87
2016.09.21 12:04:29.838,0.97557,0.97568,1.00,2.25
2016.09.21 12:04:30.577,0.97557,0.97567,1.00,1.50
2016.09.21 12:04:31.682,0.97558,0.97568,1.00,2.25
2016.09.21 12:04:31.734,0.97558,0.97568,1.00,2.25
2016.09.21 12:04:31.785,0.97558,0.97568,1.00,1.75
2016.09.21 12:04:31.836,0.97558,0.97569,1.00,3.00
2016.09.21 12:04:31.887,0.97559,0.97568,1.00,1.00
2016.09.21 12:04:31.989,0.97559,0.97569,1.00,1.87
2016.09.21 12:04:32.496,0.97559,0.97569,1.00,1.87
2016.09.21 12:04:32.661,0.97559,0.97569,1.00,1.12
2016.09.21 12:04:32.712,0.97559,0.97569,1.00,1.12
2016.09.21 12:04:33.017,0.97559,0.97569,1.87,1.00
2016.09.21 12:04:33.171,0.97564,0.97569,1.00,1.00
2016.09.21 12:04:33.223,0.97564,0.97571,1.87,1.12
2016.09.21 12:04:33.274,0.97566,0.97573,1.00,3.75
2016.09.21 12:04:33.327,0.97566,0.97573,3.00,1.00
2016.09.21 12:04:33.379,0.97567,0.97573,1.00,1.00
2016.09.21 12:04:33.430,0.97567,0.97573,1.50,1.00
2016.09.21 12:04:33.481,0.97568,0.97574,1.12,1.00
2016.09.21 12:04:33.533,0.97568,0.97574,1.50,1.00
2016.09.21 12:04:33.584,0.97568,0.97579,1.50,3.00
2016.09.21 12:04:33.686,0.97568,0.97579,1.50,2.25
2016.09.21 12:04:33.767,0.97568,0.97579,1.50,2.25
2016.09.21 12:04:33.930,0.97568,0.97579,1.50,3.00
2016.09.21 12:04:34.463,0.97568,0.97579,1.50,2.25
2016.09.21 12:04:34.995,0.97568,0.97579,1.50,1.50
2016.09.21 12:04:35.046,0.97568,0.97579,1.50,2.25
2016.09.21 12:04:35.251,0.97568,0.97579,1.50,1.50
2016.09.21 12:04:35.409,0.97568,0.97578,1.00,1.12
2016.09.21 12:04:35.481,0.97568,0.97578,1.00,1.12
2016.09.21 12:04:35.533,0.97567,0.97578,3.75,1.50
2016.09.21 12:04:35.841,0.97567,0.97578,3.37,1.50
2016.09.21 12:04:35.995,0.97567,0.97578,2.62,1.50
2016.09.21 12:04:36.496,0.97567,0.97578,3.37,1.50
2016.09.21 12:04:36.599,0.97567,0.97577,3.37,1.12
2016.09.21 12:04:36.701,0.97567,0.97577,3.37,1.87
2016.09.21 12:04:37.000,0.97567,0.97577,2.62,1.87
2016.09.21 12:04:37.207,0.97567,0.97576,2.62,1.00
2016.09.21 12:04:37.412,0.97567,0.97575,3.37,1.00
2016.09.21 12:04:37.463,0.97567,0.97575,2.62,1.00
2016.09.21 12:04:37.515,0.97566,0.97576,1.87,1.00
2016.09.21 12:04:37.617,0.97566,0.97576,2.62,1.00
2016.09.21 12:04:37.873,0.97566,0.97576,1.50,1.00
2016.09.21 12:04:38.047,0.97566,0.97576,1.50,1.00
2016.09.21 12:04:38.200,0.97566,0.97576,2.25,1.00
2016.09.21 12:04:38.302,0.97566,0.97576,1.50,1.00
2016.09.21 12:04:38.405,0.97566,0.97576,2.25,1.00
2016.09.21 12:04:38.457,0.97566,0.97576,3.00,1.00
2016.09.21 12:04:38.601,0.97566,0.97576,3.00,1.50
2016.09.21 12:04:38.805,0.97566,0.97576,1.50,1.50
2016.09.21 12:04:40.469,0.97567,0.97578,1.12,2.62
2016.09.21 12:04:40.571,0.97567,0.97578,1.12,1.87
2016.09.21 12:04:40.778,0.97567,0.97578,1.50,1.50
2016.09.21 12:04:41.517,0.97567,0.97578,1.50,2.25
2016.09.21 12:04:42.361,0.97567,0.97577,1.50,1.25
2016.09.21 12:04:42.412,0.97566,0.97577,1.75,2.44
2016.09.21 12:04:42.464,0.97566,0.97577,1.00,3.19
2016.09.21 12:04:42.515,0.97565,0.97573,1.00,1.50
2016.09.21 12:04:42.566,0.97563,0.97573,1.87,1.87
2016.09.21 12:04:42.617,0.97563,0.97572,1.37,1.50
2016.09.21 12:04:42.668,0.97562,0.97571,1.00,1.00
2016.09.21 12:04:42.719,0.97561,0.97572,1.87,1.87
2016.09.21 12:04:42.822,0.97561,0.97571,1.12,1.00
2016.09.21 12:04:42.890,0.97561,0.97571,1.50,1.00
2016.09.21 12:04:42.941,0.97561,0.97571,1.50,1.00
2016.09.21 12:04:42.993,0.97561,0.97572,1.50,2.25
2016.09.21 12:04:43.044,0.97561,0.97572,1.37,2.25
2016.09.21 12:04:43.611,0.97561,0.97572,1.50,2.25
2016.09.21 12:04:44.322,0.97561,0.97572,1.50,1.87
2016.09.21 12:04:44.628,0.97561,0.97572,1.50,2.25
2016.09.21 12:04:44.990,0.97561,0.97572,1.50,1.50
2016.09.21 12:04:45.042,0.97562,0.97572,1.12,1.00
2016.09.21 12:04:45.094,0.97562,0.97573,1.37,3.00
2016.09.21 12:04:45.145,0.97562,0.97573,1.87,1.87
2016.09.21 12:04:45.197,0.97562,0.97573,1.87,1.50
2016.09.21 12:04:47.090,0.97562,0.97573,1.87,1.50
2016.09.21 12:04:47.142,0.97562,0.97573,2.25,1.50
2016.09.21 12:04:47.244,0.97563,0.97573,1.12,1.00
2016.09.21 12:04:47.295,0.97563,0.97574,1.50,2.25
2016.09.21 12:04:47.346,0.97563,0.97574,1.50,1.87
2016.09.21 12:04:47.397,0.97563,0.97574,1.50,1.12
2016.09.21 12:04:47.449,0.97564,0.97574,1.12,1.12
2016.09.21 12:04:47.553,0.97565,0.97575,1.00,2.25
2016.09.21 12:04:47.604,0.97565,0.97575,1.12,1.87
2016.09.21 12:04:47.707,0.97565,0.97575,1.87,1.87
2016.09.21 12:04:47.758,0.97566,0.97575,1.87,1.12
2016.09.21 12:04:47.810,0.97566,0.97575,1.87,1.00
2016.09.21 12:04:47.862,0.97566,0.97575,1.50,1.00
2016.09.21 12:04:47.913,0.97566,0.97575,1.87,1.00
2016.09.21 12:04:48.017,0.97566,0.97577,1.87,1.87
2016.09.21 12:04:48.121,0.97566,0.97577,2.62,1.12
2016.09.21 12:04:48.173,0.97568,0.97577,1.00,1.00
2016.09.21 12:04:48.225,0.97568,0.97578,1.00,1.12
2016.09.21 12:04:48.276,0.97568,0.97579,1.37,1.12
2016.09.21 12:04:48.329,0.97569,0.97579,1.12,1.12
2016.09.21 12:04:48.441,0.97569,0.97579,1.12,1.12
2016.09.21 12:04:48.492,0.97569,0.97579,1.87,1.00
2016.09.21 12:04:48.543,0.97569,0.97579,1.87,1.50
2016.09.21 12:04:48.595,0.97569,0.97579,2.25,1.50
2016.09.21 12:04:48.646,0.97569,0.97579,2.25,1.00
2016.09.21 12:04:48.697,0.97569,0.97579,1.87,1.00
2016.09.21 12:04:48.954,0.97569,0.97579,1.87,1.50
2016.09.21 12:04:49.333,0.97569,0.97579,1.87,1.00
2016.09.21 12:04:49.645,0.97569,0.9758,1.87,2.62
2016.09.21 12:04:49.697,0.97569,0.9758,1.87,1.87
2016.09.21 12:04:49.749,0.9757,0.9758,1.50,1.12
2016.09.21 12:04:49.800,0.97571,0.9758,1.37,1.00
2016.09.21 12:04:49.968,0.97571,0.9758,1.50,1.00
2016.09.21 12:04:50.019,0.97572,0.9758,1.00,1.00
2016.09.21 12:04:50.740,0.97572,0.97581,1.00,1.00
2016.09.21 12:04:51.712,0.97571,0.97581,1.50,1.12
2016.09.21 12:04:51.763,0.97572,0.97583,1.12,3.75
2016.09.21 12:04:51.816,0.97572,0.97583,3.37,2.25
2016.09.21 12:04:51.868,0.97573,0.97583,2.25,1.37
2016.09.21 12:04:51.919,0.97574,0.97583,1.37,1.00
2016.09.21 12:04:51.970,0.97574,0.97583,1.87,1.00
2016.09.21 12:04:52.022,0.97574,0.97584,1.87,1.50
2016.09.21 12:04:52.073,0.97575,0.97584,1.12,1.00
2016.09.21 12:04:52.124,0.97575,0.97585,1.37,1.50
2016.09.21 12:04:52.177,0.97575,0.97585,1.50,1.50
2016.09.21 12:04:52.228,0.97578,0.97586,1.00,1.12
2016.09.21 12:04:52.389,0.97578,0.97585,1.87,1.00
2016.09.21 12:04:52.443,0.97578,0.97586,2.25,1.00
2016.09.21 12:04:52.546,0.97578,0.97586,1.50,1.00
2016.09.21 12:04:52.649,0.97578,0.97586,1.87,1.00
2016.09.21 12:04:52.701,0.97578,0.97586,2.25,1.00
2016.09.21 12:04:53.231,0.97578,0.97588,2.25,1.12
2016.09.21 12:04:53.283,0.97578,0.97589,2.25,3.00
2016.09.21 12:04:53.744,0.97578,0.97589,2.25,2.25
2016.09.21 12:04:53.846,0.97578,0.97589,2.25,3.00
2016.09.21 12:04:54.264,0.97578,0.97588,2.25,1.12
2016.09.21 12:04:54.469,0.97579,0.97588,1.00,1.12
2016.09.21 12:04:54.520,0.97579,0.97588,1.37,1.00
2016.09.21 12:04:54.775,0.97579,0.97588,1.37,1.50
2016.09.21 12:04:55.070,0.97578,0.97588,1.87,1.50
2016.09.21 12:04:55.122,0.97578,0.97588,1.50,1.87
2016.09.21 12:04:55.378,0.97578,0.97588,1.87,1.87
2016.09.21 12:04:55.430,0.97578,0.97588,1.87,1.50
2016.09.21 12:04:55.481,0.97578,0.97588,1.50,1.00
2016.09.21 12:04:55.533,0.97578,0.97588,1.50,1.12
2016.09.21 12:04:55.739,0.97577,0.97584,3.00,1.25
2016.09.21 12:04:55.790,0.97578,0.97584,1.37,1.25
2016.09.21 12:04:55.841,0.97578,0.97584,1.00,2.81
2016.09.21 12:04:55.893,0.97575,0.97584,1.37,3.94
2016.09.21 12:04:55.944,0.97574,0.97584,1.87,3.94
2016.09.21 12:04:56.046,0.97574,0.97584,1.37,3.94
2016.09.21 12:04:56.220,0.97574,0.97584,1.37,3.19
2016.09.21 12:04:56.475,0.97574,0.97584,1.37,2.44
2016.09.21 12:04:56.577,0.97574,0.97584,1.37,1.69
2016.09.21 12:04:56.840,0.97574,0.97583,1.37,1.12
2016.09.21 12:04:56.891,0.97573,0.97583,1.87,1.12
2016.09.21 12:04:56.943,0.97573,0.97583,1.50,1.12
2016.09.21 12:04:57.263,0.97573,0.97582,1.00,1.50
2016.09.21 12:04:57.365,0.97573,0.97582,1.00,2.25
2016.09.21 12:04:57.417,0.97572,0.97582,1.87,2.25
2016.09.21 12:04:57.519,0.97572,0.97582,1.87,1.50
2016.09.21 12:04:57.628,0.97572,0.97582,5.25,1.00
2016.09.21 12:04:57.679,0.97573,0.97584,1.87,1.50
2016.09.21 12:04:57.781,0.97573,0.97584,2.25,1.50
2016.09.21 12:04:57.833,0.97574,0.97584,1.37,1.50
2016.09.21 12:04:57.884,0.97574,0.97585,1.87,1.50
2016.09.21 12:04:57.986,0.97574,0.97585,2.62,1.50
2016.09.21 12:04:58.038,0.97574,0.97585,3.75,1.00
2016.09.21 12:04:58.090,0.97575,0.97586,1.75,1.50
2016.09.21 12:04:58.141,0.97575,0.97586,1.75,1.50
2016.09.21 12:04:58.244,0.97575,0.97586,1.50,1.87
2016.09.21 12:04:58.295,0.97575,0.97586,1.12,2.25
2016.09.21 12:04:58.346,0.97575,0.97586,1.37,2.25
2016.09.21 12:04:58.397,0.97575,0.97586,1.50,1.87
2016.09.21 12:04:58.548,0.97575,0.97586,2.25,1.87
2016.09.21 12:04:58.600,0.97575,0.97586,2.62,1.87
2016.09.21 12:04:58.754,0.97575,0.97586,2.62,1.12
2016.09.21 12:04:58.857,0.97576,0.97587,1.12,2.44
2016.09.21 12:05:00.403,0.97577,0.97587,1.00,1.50
2016.09.21 12:05:00.469,0.97579,0.97587,1.12,1.00
2016.09.21 12:05:00.521,0.97579,0.97588,2.62,1.00
2016.09.21 12:05:00.573,0.97579,0.97588,3.00,1.00
2016.09.21 12:05:00.625,0.97579,0.9759,3.00,2.62
2016.09.21 12:05:00.778,0.9758,0.9759,1.00,2.62
2016.09.21 12:05:01.035,0.9758,0.9759,1.00,2.25
2016.09.21 12:05:01.087,0.97579,0.9759,3.00,2.62
2016.09.21 12:05:01.139,0.97579,0.9759,2.62,2.62
2016.09.21 12:05:01.190,0.97579,0.97589,2.62,1.37
2016.09.21 12:05:01.292,0.97579,0.97589,1.87,1.37
2016.09.21 12:05:01.445,0.9758,0.97589,1.00,1.37
2016.09.21 12:05:02.564,0.9758,0.9759,1.00,1.87
2016.09.21 12:05:02.930,0.9758,0.9759,1.00,1.50
2016.09.21 12:05:02.981,0.9758,0.9759,1.00,1.50
2016.09.21 12:05:03.033,0.97581,0.9759,1.69,1.12
2016.09.21 12:05:03.084,0.97583,0.97592,1.00,1.87
2016.09.21 12:05:03.135,0.97583,0.97592,1.12,1.00
2016.09.21 12:05:03.186,0.97584,0.97592,1.00,1.00
2016.09.21 12:05:03.288,0.97584,0.97592,1.00,1.00
2016.09.21 12:05:03.359,0.97584,0.97592,1.50,1.00
2016.09.21 12:05:03.415,0.97584,0.97594,1.87,1.00
2016.09.21 12:05:03.988,0.97584,0.97594,1.87,1.50
2016.09.21 12:05:04.090,0.97584,0.97594,1.87,1.00
2016.09.21 12:05:04.268,0.97584,0.97595,1.87,1.50
2016.09.21 12:05:04.370,0.97584,0.97595,1.87,2.25
2016.09.21 12:05:04.472,0.97584,0.97593,1.87,1.00
2016.09.21 12:05:04.575,0.97584,0.97593,1.50,1.00
2016.09.21 12:05:04.779,0.97583,0.97591,1.00,1.12
2016.09.21 12:05:04.886,0.97581,0.97591,3.00,2.25
2016.09.21 12:05:04.937,0.97581,0.9759,1.00,1.00
2016.09.21 12:05:05.040,0.97581,0.97591,1.00,1.87
2016.09.21 12:05:05.091,0.97581,0.97591,1.00,2.25
2016.09.21 12:05:05.246,0.97581,0.9759,1.00,1.00
2016.09.21 12:05:05.349,0.97581,0.9759,1.00,1.12
2016.09.21 12:05:05.504,0.9758,0.9759,1.00,1.87
2016.09.21 12:05:05.834,0.9758,0.9759,1.00,1.12
2016.09.21 12:05:06.498,0.9758,0.9759,1.00,1.87
2016.09.21 12:05:06.695,0.97579,0.97591,2.25,4.12
2016.09.21 12:05:06.802,0.97579,0.9759,1.50,1.12
2016.09.21 12:05:06.904,0.97579,0.9759,1.50,1.87
2016.09.21 12:05:07.058,0.97579,0.9759,1.87,1.37
2016.09.21 12:05:07.263,0.97579,0.9759,1.87,1.87
2016.09.21 12:05:07.366,0.97579,0.97589,1.87,1.12
2016.09.21 12:05:07.468,0.97579,0.97589,2.62,1.12
2016.09.21 12:05:07.656,0.97579,0.97589,1.12,1.12
2016.09.21 12:05:07.760,0.97579,0.97589,1.00,1.87
2016.09.21 12:05:07.812,0.97579,0.97589,1.00,2.25
2016.09.21 12:05:07.863,0.97579,0.97589,1.00,2.62
2016.09.21 12:05:08.478,0.97578,0.97589,2.25,2.62
2016.09.21 12:05:10.029,0.97578,0.97589,2.25,2.25
2016.09.21 12:05:10.080,0.97578,0.97589,2.25,1.87
2016.09.21 12:05:10.182,0.97579,0.97589,1.00,1.50
2016.09.21 12:05:10.233,0.97579,0.97589,1.37,1.00
2016.09.21 12:05:10.333,0.97579,0.97589,1.50,1.00
2016.09.21 12:05:10.944,0.97579,0.97589,1.37,1.00
2016.09.21 12:05:11.819,0.97578,0.97589,2.62,1.12
2016.09.21 12:05:11.873,0.97578,0.97588,2.62,1.00
2016.09.21 12:05:11.925,0.97578,0.97588,1.87,1.00
2016.09.21 12:05:11.978,0.97578,0.97588,1.00,1.00
2016.09.21 12:05:12.081,0.97578,0.97588,1.50,1.00
2016.09.21 12:05:12.147,0.97578,0.97588,1.00,1.00
2016.09.21 12:05:12.249,0.97578,0.97588,2.25,1.00
2016.09.21 12:05:12.301,0.97578,0.97588,1.50,1.00
2016.09.21 12:05:12.353,0.97578,0.97588,1.87,1.00
2016.09.21 12:05:12.507,0.97578,0.97588,2.62,1.00
2016.09.21 12:05:12.611,0.97579,0.97588,1.12,1.00
2016.09.21 12:05:12.935,0.97579,0.97589,1.12,1.12
2016.09.21 12:05:13.190,0.97579,0.97589,1.12,1.12
2016.09.21 12:05:13.394,0.97579,0.97591,1.50,4.87
2016.09.21 12:05:13.446,0.9758,0.97591,1.00,3.75
2016.09.21 12:05:13.497,0.9758,0.97591,1.50,2.25
2016.09.21 12:05:13.551,0.97582,0.9759,1.50,1.00
2016.09.21 12:05:13.648,0.97584,0.97592,1.00,1.12
2016.09.21 12:05:13.699,0.97584,0.97592,1.12,1.00
2016.09.21 12:05:13.750,0.97584,0.97592,1.50,1.00
2016.09.21 12:05:13.801,0.97585,0.97592,1.00,1.00
2016.09.21 12:05:13.852,0.97584,0.97592,2.25,1.00
2016.09.21 12:05:13.954,0.97584,0.97592,1.87,1.00
2016.09.21 12:05:14.056,0.97584,0.97593,1.87,1.50
2016.09.21 12:05:14.108,0.97586,0.97593,1.12,1.00
2016.09.21 12:05:14.627,0.97586,0.97592,1.12,1.00
2016.09.21 12:05:14.678,0.97586,0.97596,1.12,2.62
2016.09.21 12:05:14.985,0.97586,0.97594,1.12,3.00
2016.09.21 12:05:15.037,0.97586,0.97592,1.00,1.00
2016.09.21 12:05:15.089,0.97582,0.97591,3.00,1.12
2016.09.21 12:05:15.142,0.97582,0.97591,2.62,1.12
2016.09.21 12:05:15.194,0.97582,0.97591,2.62,1.87
2016.09.21 12:05:15.247,0.9758,0.97591,2.25,2.25
2016.09.21 12:05:15.298,0.9758,0.97591,2.25,2.25
2016.09.21 12:05:15.401,0.9758,0.97591,2.25,2.25
2016.09.21 12:05:15.685,0.9758,0.97591,2.25,2.25
2016.09.21 12:05:15.788,0.9758,0.97591,1.50,2.25
2016.09.21 12:05:16.185,0.9758,0.97591,1.50,2.25
2016.09.21 12:05:16.440,0.9758,0.97591,1.12,2.62
2016.09.21 12:05:16.644,0.9758,0.97591,1.12,2.25
2016.09.21 12:05:16.745,0.9758,0.97591,1.12,2.62
2016.09.21 12:05:16.796,0.9758,0.97591,1.12,2.62
2016.09.21 12:05:16.947,0.9758,0.97591,1.00,3.75
2016.09.21 12:05:16.998,0.9758,0.9759,1.00,1.50
2016.09.21 12:05:17.457,0.9758,0.9759,1.00,1.12
2016.09.21 12:05:19.292,0.9758,0.9759,1.00,1.87
2016.09.21 12:05:19.398,0.97579,0.9759,1.12,1.50
2016.09.21 12:05:19.452,0.97579,0.9759,1.12,1.87
2016.09.21 12:05:19.557,0.97579,0.9759,1.12,2.25
2016.09.21 12:05:19.608,0.97578,0.97589,1.87,1.50
2016.09.21 12:05:19.661,0.97578,0.97589,1.87,1.50
2016.09.21 12:05:19.763,0.97578,0.97589,2.25,2.25
2016.09.21 12:05:19.958,0.97578,0.97589,1.50,2.25
2016.09.21 12:05:20.114,0.97579,0.97588,1.37,1.00
2016.09.21 12:05:20.218,0.9758,0.97589,1.37,1.12
2016.09.21 12:05:20.374,0.9758,0.97589,1.87,1.12
2016.09.21 12:05:20.426,0.9758,0.9759,2.62,1.37
2016.09.21 12:05:20.478,0.97581,0.9759,1.00,1.00
2016.09.21 12:05:20.530,0.97581,0.9759,1.37,1.00
2016.09.21 12:05:20.582,0.9758,0.9759,3.00,1.00
2016.09.21 12:05:20.694,0.9758,0.9759,3.00,1.50
2016.09.21 12:05:20.745,0.9758,0.9759,2.25,2.25
2016.09.21 12:05:20.797,0.9758,0.9759,1.37,3.37
2016.09.21 12:05:20.849,0.9758,0.9759,1.00,3.37
2016.09.21 12:05:21.155,0.97579,0.9759,1.50,3.37
2016.09.21 12:05:21.206,0.97579,0.9759,1.50,2.62
2016.09.21 12:05:21.520,0.97579,0.9759,1.50,2.25
2016.09.21 12:05:21.573,0.97578,0.97588,1.87,1.00
2016.09.21 12:05:21.676,0.97578,0.97588,1.50,1.12
2016.09.21 12:05:21.936,0.97578,0.97588,1.50,1.12
2016.09.21 12:05:22.395,0.97578,0.97588,1.50,1.12
2016.09.21 12:05:23.263,0.97578,0.97588,1.12,1.12
2016.09.21 12:05:24.249,0.97579,0.97589,1.00,2.25
2016.09.21 12:05:24.351,0.97579,0.97589,1.00,1.50
2016.09.21 12:05:24.402,0.97579,0.97589,1.50,1.00
2016.09.21 12:05:25.139,0.97578,0.97589,2.25,1.50
2016.09.21 12:05:25.190,0.97578,0.97589,2.25,1.87
2016.09.21 12:05:26.138,0.97578,0.97589,2.62,1.87
2016.09.21 12:05:26.342,0.97578,0.97589,2.25,1.87
2016.09.21 12:05:26.444,0.97578,0.97589,1.87,1.87
2016.09.21 12:05:26.737,0.97578,0.97589,2.25,1.87
2016.09.21 12:05:26.789,0.9758,0.97589,1.00,1.12
2016.09.21 12:05:26.840,0.9758,0.97591,1.50,2.25
2016.09.21 12:05:26.893,0.9758,0.9759,1.87,1.00
2016.09.21 12:05:27.589,0.9758,0.9759,2.62,1.00
2016.09.21 12:05:28.313,0.9758,0.9759,1.87,1.00
2016.09.21 12:05:29.272,0.9758,0.97591,2.62,1.87
2016.09.21 12:05:29.323,0.97581,0.97591,1.00,1.87
2016.09.21 12:05:29.374,0.97582,0.97592,1.00,2.62
2016.09.21 12:05:29.426,0.97582,0.97592,1.00,2.25
2016.09.21 12:05:29.477,0.97582,0.97592,1.00,1.50
2016.09.21 12:05:29.528,0.97582,0.97592,1.12,1.12
2016.09.21 12:05:29.579,0.97582,0.97592,2.25,1.12
2016.09.21 12:05:29.630,0.97584,0.97592,1.50,1.12
2016.09.21 12:05:29.681,0.97584,0.97592,1.87,1.00
2016.09.21 12:05:29.996,0.97584,0.97592,1.12,1.00
2016.09.21 12:05:30.303,0.97584,0.97594,1.12,1.87
2016.09.21 12:05:30.669,0.97584,0.97594,1.12,1.12
2016.09.21 12:05:31.166,0.97583,0.97594,1.50,1.87
2016.09.21 12:05:31.218,0.97583,0.97594,1.12,2.25
2016.09.21 12:05:31.269,0.97584,0.97594,1.00,1.50
2016.09.21 12:05:31.320,0.97584,0.97594,1.00,1.12
2016.09.21 12:05:31.728,0.97584,0.97594,1.00,1.00
2016.09.21 12:05:32.590,0.97584,0.97595,1.00,2.62
2016.09.21 12:05:32.896,0.97584,0.97595,2.62,2.62
2016.09.21 12:05:32.947,0.97585,0.97595,1.00,2.62
2016.09.21 12:05:32.998,0.97586,0.97595,1.00,1.87
2016.09.21 12:05:33.050,0.97586,0.97595,1.00,1.50
2016.09.21 12:05:33.101,0.97586,0.97595,1.00,1.87
2016.09.21 12:05:33.204,0.97585,0.97595,1.12,1.87
2016.09.21 12:05:33.256,0.97585,0.97595,1.12,1.87
2016.09.21 12:05:33.525,0.97585,0.97595,1.50,2.25
2016.09.21 12:05:33.627,0.97585,0.97595,1.50,2.25
2016.09.21 12:05:33.729,0.97585,0.97595,1.87,1.87
2016.09.21 12:05:33.882,0.97585,0.97595,1.87,1.12
2016.09.21 12:05:34.193,0.97585,0.97595,1.87,1.50
2016.09.21 12:05:34.244,0.97585,0.97595,1.50,1.50
2016.09.21 12:05:34.295,0.97585,0.97595,1.50,1.50
2016.09.21 12:05:34.347,0.97585,0.97595,1.50,1.50
2016.09.21 12:05:34.398,0.97585,0.97595,1.50,1.87
2016.09.21 12:05:34.551,0.97585,0.97595,1.50,1.37
2016.09.21 12:05:35.764,0.97585,0.97595,1.50,1.87
2016.09.21 12:05:36.961,0.97585,0.97595,1.50,2.25
2016.09.21 12:05:37.012,0.97585,0.97594,1.50,1.00
2016.09.21 12:05:37.788,0.97585,0.97595,1.50,1.50
2016.09.21 12:05:38.784,0.97585,0.97595,1.50,2.25
2016.09.21 12:05:38.835,0.97585,0.97594,1.00,1.12
2016.09.21 12:05:38.886,0.97584,0.97594,1.12,2.62
2016.09.21 12:05:38.938,0.97584,0.97594,1.12,3.37
2016.09.21 12:05:38.989,0.97584,0.97594,1.12,3.75
2016.09.21 12:05:39.040,0.97584,0.97594,1.12,4.50
2016.09.21 12:05:39.092,0.97584,0.97594,1.12,3.75
2016.09.21 12:05:39.194,0.97584,0.97594,1.12,3.00
2016.09.21 12:05:39.297,0.97584,0.97594,1.12,3.75
2016.09.21 12:05:39.405,0.97584,0.97594,1.12,3.00
2016.09.21 12:05:39.456,0.97584,0.97594,1.12,2.25
2016.09.21 12:05:39.789,0.97584,0.97594,1.12,1.50
2016.09.21 12:05:40.299,0.97584,0.97594,1.12,1.12
2016.09.21 12:05:40.493,0.97584,0.97594,1.87,1.12
2016.09.21 12:05:40.596,0.97585,0.97595,1.00,3.37
2016.09.21 12:05:40.647,0.97585,0.97595,1.12,3.00
2016.09.21 12:05:40.698,0.97585,0.97596,1.12,2.62
2016.09.21 12:05:40.750,0.97585,0.97596,1.50,2.25
2016.09.21 12:05:40.801,0.97586,0.97596,1.12,2.25
2016.09.21 12:05:40.903,0.97587,0.97596,1.00,1.50
2016.09.21 12:05:41.059,0.97587,0.97596,1.00,1.12
2016.09.21 12:05:41.113,0.97587,0.97597,1.00,1.87
2016.09.21 12:05:41.270,0.97587,0.97597,1.00,2.62
2016.09.21 12:05:41.321,0.97586,0.97597,2.25,2.62
2016.09.21 12:05:41.373,0.97586,0.97596,2.25,1.12
2016.09.21 12:05:41.424,0.97586,0.97596,1.12,1.12
2016.09.21 12:05:41.476,0.97586,0.97597,1.12,3.37
2016.09.21 12:05:41.781,0.97586,0.97596,1.12,1.12
2016.09.21 12:05:41.931,0.97586,0.97596,1.12,1.12
2016.09.21 12:05:42.034,0.97586,0.97596,1.12,1.12
2016.09.21 12:05:42.086,0.97586,0.97596,1.12,1.50
2016.09.21 12:05:42.443,0.97586,0.97596,1.50,1.50
2016.09.21 12:05:42.545,0.97586,0.97596,1.50,1.12
2016.09.21 12:05:42.750,0.97586,0.97596,1.37,1.12
2016.09.21 12:05:42.898,0.97586,0.97596,1.12,1.50
2016.09.21 12:05:44.104,0.97586,0.97596,1.87,1.50
2016.09.21 12:05:44.208,0.97587,0.97596,1.12,1.00
2016.09.21 12:05:44.264,0.97587,0.97597,1.12,1.87
2016.09.21 12:05:44.316,0.97587,0.97597,1.00,1.87
2016.09.21 12:05:44.368,0.97587,0.97597,1.00,1.37
2016.09.21 12:05:44.419,0.97587,0.97597,1.12,1.37
2016.09.21 12:05:44.488,0.97587,0.97597,1.50,1.12
2016.09.21 12:05:45.110,0.97588,0.97598,1.00,1.87
2016.09.21 12:05:46.083,0.97588,0.97598,1.00,1.37
2016.09.21 12:05:46.236,0.97588,0.97598,1.12,1.12
2016.09.21 12:05:46.338,0.97588,0.97599,1.12,2.25
2016.09.21 12:05:46.649,0.97588,0.97599,1.12,2.25
2016.09.21 12:05:46.802,0.97588,0.97598,1.12,1.12
2016.09.21 12:05:46.855,0.97588,0.97598,1.12,1.12
2016.09.21 12:05:46.906,0.97588,0.97599,1.12,2.25
2016.09.21 12:05:46.958,0.97588,0.97597,1.00,1.00
2016.09.21 12:05:47.010,0.97587,0.97597,1.12,1.00
2016.09.21 12:05:47.062,0.97587,0.97598,1.12,1.50
2016.09.21 12:05:47.114,0.97586,0.97598,2.25,2.25
2016.09.21 12:05:47.166,0.97586,0.97598,2.25,2.25
2016.09.21 12:05:47.218,0.97586,0.97596,1.87,1.00
2016.09.21 12:05:47.269,0.97586,0.97596,1.50,1.50
2016.09.21 12:05:47.395,0.97583,0.97594,1.87,1.00
2016.09.21 12:05:47.447,0.97583,0.97593,1.50,1.50
2016.09.21 12:05:47.499,0.97583,0.97592,1.50,1.00
2016.09.21 12:05:47.550,0.97582,0.97592,1.12,1.12
2016.09.21 12:05:47.602,0.97582,0.97591,1.12,1.00
2016.09.21 12:05:47.654,0.97582,0.97591,1.00,1.12
2016.09.21 12:05:47.860,0.97582,0.97591,1.00,1.75
2016.09.21 12:05:47.911,0.9758,0.97591,2.62,1.75
2016.09.21 12:05:50.616,0.9758,0.9759,1.50,1.37
2016.09.21 12:05:50.667,0.9758,0.9759,1.12,1.37
2016.09.21 12:05:50.718,0.9758,0.9759,1.12,1.87
2016.09.21 12:05:50.870,0.9758,0.9759,1.00,2.62
2016.09.21 12:05:50.921,0.9758,0.9759,1.00,1.87
2016.09.21 12:05:50.972,0.9758,0.9759,1.12,1.87
2016.09.21 12:05:51.024,0.9758,0.9759,1.50,1.87
2016.09.21 12:05:51.075,0.9758,0.9759,1.87,1.87
2016.09.21 12:05:51.606,0.9758,0.9759,1.50,1.87
2016.09.21 12:05:51.659,0.9758,0.9759,1.12,1.87
2016.09.21 12:05:51.812,0.9758,0.9759,1.12,1.50
2016.09.21 12:05:52.017,0.9758,0.9759,1.12,1.87
2016.09.21 12:05:52.762,0.9758,0.9759,1.00,1.87
2016.09.21 12:05:52.915,0.97579,0.9759,1.87,2.62
2016.09.21 12:05:52.966,0.97579,0.9759,1.12,2.62
2016.09.21 12:05:53.018,0.97579,0.9759,1.12,1.87
2016.09.21 12:05:53.069,0.97579,0.9759,1.50,1.87
2016.09.21 12:05:53.436,0.97579,0.9759,1.12,1.87
2016.09.21 12:05:53.487,0.97579,0.9759,1.12,1.87
2016.09.21 12:05:53.691,0.97579,0.9759,1.12,1.87
2016.09.21 12:05:54.369,0.97579,0.9759,1.12,2.25
2016.09.21 12:05:54.525,0.97579,0.9759,1.12,3.00
2016.09.21 12:05:54.577,0.97579,0.9759,1.00,3.00
2016.09.21 12:05:54.629,0.97579,0.9759,1.00,3.37
2016.09.21 12:05:54.681,0.97579,0.9759,1.00,4.12
2016.09.21 12:05:54.732,0.97579,0.9759,1.00,3.37
2016.09.21 12:05:54.784,0.97579,0.9759,1.00,3.00
2016.09.21 12:05:54.836,0.9758,0.9759,1.00,2.25
2016.09.21 12:05:54.888,0.9758,0.9759,1.00,1.50
2016.09.21 12:05:55.043,0.9758,0.9759,1.50,1.87
2016.09.21 12:05:55.198,0.9758,0.9759,1.87,1.50
2016.09.21 12:05:55.556,0.9758,0.9759,1.12,1.50
2016.09.21 12:05:57.324,0.9758,0.9759,1.12,2.25
2016.09.21 12:05:57.428,0.97579,0.9759,1.87,2.62
2016.09.21 12:05:57.479,0.97579,0.97589,1.00,1.00
2016.09.21 12:05:57.583,0.97579,0.97589,1.00,1.12
2016.09.21 12:05:57.634,0.97579,0.97589,1.00,1.87
2016.09.21 12:05:57.686,0.97579,0.97589,1.00,1.87
2016.09.21 12:05:57.737,0.97579,0.97589,1.75,1.87
2016.09.21 12:05:57.789,0.97582,0.97589,1.37,1.50
2016.09.21 12:05:57.892,0.97583,0.97591,1.00,1.87
2016.09.21 12:05:57.944,0.97583,0.9759,1.37,1.00
2016.09.21 12:05:57.995,0.97584,0.9759,1.00,1.00
2016.09.21 12:05:58.047,0.97584,0.97591,1.37,2.25
2016.09.21 12:05:58.099,0.97584,0.97591,1.37,1.50
2016.09.21 12:05:58.151,0.97585,0.97592,1.12,1.50
2016.09.21 12:05:58.203,0.97585,0.97592,1.87,1.50
2016.09.21 12:05:58.255,0.97587,0.97592,1.37,1.00
2016.09.21 12:05:58.307,0.97588,0.97593,1.00,1.12
2016.09.21 12:05:58.359,0.97588,0.97592,1.12,1.00
2016.09.21 12:05:58.664,0.97588,0.97597,1.37,4.31
2016.09.21 12:05:58.716,0.97588,0.97597,1.37,3.75
2016.09.21 12:05:58.818,0.97588,0.97597,1.37,4.50
2016.09.21 12:05:58.869,0.97588,0.97597,1.37,3.75
2016.09.21 12:05:58.971,0.97588,0.97597,1.37,4.69
2016.09.21 12:05:59.175,0.97587,0.97597,1.87,5.44
2016.09.21 12:05:59.568,0.97587,0.97596,1.37,1.75
2016.09.21 12:06:00.335,0.97587,0.97597,1.87,3.19
2016.09.21 12:06:00.389,0.97587,0.97597,1.87,2.25
2016.09.21 12:06:00.441,0.97587,0.97597,2.62,1.50
2016.09.21 12:06:00.492,0.97588,0.97597,1.37,1.12
2016.09.21 12:06:01.012,0.97589,0.97597,1.37,1.12
2016.09.21 12:06:01.167,0.97589,0.97597,1.37,1.37
2016.09.21 12:06:01.218,0.97589,0.97597,1.37,1.50
2016.09.21 12:06:01.948,0.97588,0.97597,1.12,1.50
2016.09.21 12:06:01.999,0.97588,0.97597,1.37,1.50
2016.09.21 12:06:02.727,0.97587,0.97597,1.87,1.50
2016.09.21 12:06:03.186,0.97587,0.97596,1.87,1.12
2016.09.21 12:06:03.238,0.97587,0.97596,1.37,1.12
2016.09.21 12:06:03.289,0.97587,0.97597,1.37,3.00
2016.09.21 12:06:03.415,0.97586,0.97597,2.62,3.00
2016.09.21 12:06:03.466,0.97586,0.97597,2.62,2.25
2016.09.21 12:06:03.518,0.97586,0.97597,2.62,1.50
2016.09.21 12:06:03.621,0.97586,0.97597,2.25,1.50
2016.09.21 12:06:03.724,0.97586,0.97597,2.62,1.50
2016.09.21 12:06:03.827,0.97586,0.97597,2.25,1.50
2016.09.21 12:06:03.878,0.97586,0.97597,2.62,1.50
2016.09.21 12:06:05.379,0.97586,0.97597,2.25,1.50
2016.09.21 12:06:05.430,0.97586,0.97597,2.62,1.50
2016.09.21 12:06:05.488,0.97586,0.97597,2.62,2.25
2016.09.21 12:06:05.540,0.97586,0.97597,1.87,2.25
2016.09.21 12:06:06.049,0.97586,0.97597,1.87,1.87
2016.09.21 12:06:06.517,0.97586,0.97597,1.87,1.12
2016.09.21 12:06:06.824,0.97586,0.97596,1.87,1.00
2016.09.21 12:06:07.360,0.97586,0.97596,1.50,1.00
2016.09.21 12:06:07.515,0.97586,0.97597,1.50,1.87
2016.09.21 12:06:07.566,0.97586,0.97597,3.00,1.87
2016.09.21 12:06:07.617,0.97586,0.97596,3.00,1.00
2016.09.21 12:06:07.669,0.97587,0.97596,1.00,1.00
2016.09.21 12:06:07.880,0.97586,0.97597,3.00,1.12
2016.09.21 12:06:08.185,0.97586,0.97597,2.62,1.12
2016.09.21 12:06:09.022,0.97586,0.97597,2.62,1.50
2016.09.21 12:06:09.073,0.97586,0.97597,3.00,1.50
2016.09.21 12:06:10.074,0.97586,0.97597,2.25,1.50
2016.09.21 12:06:10.125,0.97586,0.97597,2.25,2.25
2016.09.21 12:06:10.176,0.97586,0.97597,1.50,2.25
2016.09.21 12:06:10.227,0.97586,0.97597,1.50,3.00
2016.09.21 12:06:10.279,0.97586,0.97596,1.00,1.12
2016.09.21 12:06:10.332,0.97585,0.97596,2.25,1.50
2016.09.21 12:06:10.493,0.97585,0.97596,2.25,2.25
2016.09.21 12:06:10.647,0.97585,0.97596,1.87,2.25
2016.09.21 12:06:10.698,0.97585,0.97596,1.12,2.25
2016.09.21 12:06:10.801,0.97585,0.97596,1.12,2.25
2016.09.21 12:06:10.903,0.97585,0.97595,1.00,1.00
2016.09.21 12:06:11.007,0.97585,0.97595,1.00,1.50
2016.09.21 12:06:11.110,0.97585,0.97595,1.00,1.00
2016.09.21 12:06:11.254,0.97585,0.97595,1.00,1.50
2016.09.21 12:06:11.614,0.97585,0.97595,1.00,2.25
2016.09.21 12:06:11.768,0.97583,0.97593,2.62,1.87
2016.09.21 12:06:11.820,0.97583,0.97593,1.50,2.25
2016.09.21 12:06:11.871,0.97583,0.97593,1.50,3.00
2016.09.21 12:06:11.923,0.97583,0.97592,1.50,1.75
2016.09.21 12:06:11.974,0.97583,0.97592,1.00,1.75
2016.09.21 12:06:12.042,0.97582,0.97591,1.37,1.37
2016.09.21 12:06:12.094,0.97581,0.97591,2.25,1.37
2016.09.21 12:06:12.198,0.97581,0.97591,1.87,1.37
2016.09.21 12:06:12.301,0.97581,0.97591,1.50,1.37
2016.09.21 12:06:12.761,0.97581,0.97591,1.50,1.00
2016.09.21 12:06:12.864,0.97581,0.97591,1.50,1.37
2016.09.21 12:06:14.002,0.97581,0.97591,2.25,1.37
2016.09.21 12:06:14.159,0.97581,0.97593,1.50,3.56
2016.09.21 12:06:14.212,0.97581,0.97593,1.50,2.81
2016.09.21 12:06:14.475,0.97582,0.97592,1.12,1.50
2016.09.21 12:06:14.526,0.97582,0.97592,1.12,1.50
2016.09.21 12:06:14.578,0.97581,0.97591,2.25,1.50
2016.09.21 12:06:14.681,0.97581,0.97591,2.25,1.12
2016.09.21 12:06:14.732,0.97581,0.97591,1.87,1.50
2016.09.21 12:06:15.463,0.97581,0.97592,1.87,1.75
2016.09.21 12:06:16.085,0.97581,0.97591,1.87,1.50
2016.09.21 12:06:16.344,0.97581,0.97591,2.25,1.50
2016.09.21 12:06:16.395,0.97581,0.97591,1.87,1.50
2016.09.21 12:06:17.184,0.97581,0.97591,2.62,1.50
2016.09.21 12:06:17.493,0.97581,0.97591,2.25,1.50
2016.09.21 12:06:17.595,0.97581,0.97591,2.62,1.50
2016.09.21 12:06:18.790,0.97582,0.97592,1.00,1.75
2016.09.21 12:06:18.843,0.97582,0.97592,1.12,1.12
2016.09.21 12:06:18.946,0.97582,0.97592,1.50,1.00
2016.09.21 12:06:18.997,0.97582,0.97592,1.87,1.00
2016.09.21 12:06:19.048,0.97582,0.97592,2.25,1.00
2016.09.21 12:06:19.219,0.97582,0.97592,2.25,1.00
2016.09.21 12:06:19.271,0.97582,0.97592,1.50,1.75
2016.09.21 12:06:19.331,0.97582,0.97592,1.00,1.87
2016.09.21 12:06:19.383,0.97581,0.97592,1.87,1.87
2016.09.21 12:06:19.434,0.97581,0.97591,1.50,1.00
2016.09.21 12:06:19.485,0.97581,0.97592,1.50,2.25
2016.09.21 12:06:19.536,0.97581,0.97592,1.50,1.50
2016.09.21 12:06:19.639,0.97581,0.97592,1.50,1.50
2016.09.21 12:06:20.137,0.97581,0.97592,1.50,1.50
2016.09.21 12:06:20.451,0.97581,0.97592,1.50,1.50
2016.09.21 12:06:20.503,0.97581,0.97591,1.00,1.37
2016.09.21 12:06:21.876,0.97581,0.97592,1.00,1.50
2016.09.21 12:06:21.979,0.97581,0.97591,1.00,1.37
2016.09.21 12:06:22.030,0.9758,0.97591,3.00,1.37
2016.09.21 12:06:22.184,0.9758,0.97592,3.00,1.87
2016.09.21 12:06:22.235,0.97581,0.97592,1.00,1.87
2016.09.21 12:06:22.338,0.97581,0.97592,1.12,1.87
2016.09.21 12:06:22.390,0.97582,0.97592,1.00,1.87
2016.09.21 12:06:22.442,0.97584,0.97592,1.00,1.87
2016.09.21 12:06:22.495,0.97584,0.97592,1.00,1.37
2016.09.21 12:06:22.547,0.97585,0.97593,1.00,1.87
2016.09.21 12:06:22.598,0.97585,0.97593,1.50,1.87
2016.09.21 12:06:22.699,0.97585,0.97593,2.62,1.00
2016.09.21 12:06:22.754,0.97585,0.97593,2.25,1.00
2016.09.21 12:06:22.959,0.97585,0.97593,1.50,1.00
2016.09.21 12:06:23.010,0.97584,0.97593,1.87,1.00
2016.09.21 12:06:23.062,0.97583,0.97593,3.00,1.00
2016.09.21 12:06:23.113,0.97583,0.97593,2.62,1.00
2016.09.21 12:06:23.215,0.97583,0.97593,2.25,1.00
2016.09.21 12:06:23.318,0.97583,0.97594,2.25,2.25
2016.09.21 12:06:23.369,0.97583,0.97594,1.87,2.62
2016.09.21 12:06:23.420,0.97583,0.97594,1.87,1.87
2016.09.21 12:06:23.512,0.97583,0.97594,2.25,1.50
2016.09.21 12:06:23.564,0.97583,0.97594,1.12,1.87
2016.09.21 12:06:24.421,0.97583,0.97593,1.12,1.50
2016.09.21 12:06:24.472,0.97582,0.97593,1.50,1.50
2016.09.21 12:06:24.585,0.97582,0.97593,1.12,1.50
2016.09.21 12:06:24.944,0.97582,0.97593,1.12,1.50
2016.09.21 12:06:25.046,0.97582,0.97593,2.25,1.12
2016.09.21 12:06:25.149,0.97583,0.97593,1.87,1.00
2016.09.21 12:06:25.200,0.97583,0.97594,2.62,1.50
2016.09.21 12:06:25.302,0.97583,0.97594,2.62,1.12
2016.09.21 12:06:25.353,0.97583,0.97594,2.62,1.00
2016.09.21 12:06:25.500,0.97583,0.97595,2.62,2.25
2016.09.21 12:06:25.603,0.97583,0.97594,2.62,1.00
2016.09.21 12:06:25.705,0.97583,0.97595,2.62,1.50
2016.09.21 12:06:25.756,0.97583,0.97595,2.62,1.50
2016.09.21 12:06:25.857,0.97583,0.97595,2.62,1.87
2016.09.21 12:06:26.214,0.97584,0.97595,1.12,1.87
2016.09.21 12:06:26.636,0.97584,0.97595,1.50,1.50
2016.09.21 12:06:26.925,0.97584,0.97595,1.50,2.25
2016.09.21 12:06:27.231,0.97584,0.97594,1.50,1.00
2016.09.21 12:06:28.432,0.97584,0.97593,1.50,1.00
2016.09.21 12:06:28.586,0.97584,0.97593,1.50,1.75
2016.09.21 12:06:28.638,0.97582,0.97592,3.75,2.25
2016.09.21 12:06:28.720,0.97582,0.97591,1.37,1.12
2016.09.21 12:06:28.772,0.97581,0.97591,2.25,1.50
2016.09.21 12:06:28.823,0.97581,0.97591,1.50,1.50
2016.09.21 12:06:29.284,0.97581,0.97591,2.25,1.00
2016.09.21 12:06:29.788,0.97581,0.97592,1.50,1.00
2016.09.21 12:06:30.147,0.97581,0.97592,1.50,1.00
2016.09.21 12:06:30.351,0.97581,0.97593,1.50,3.75
2016.09.21 12:06:31.186,0.97581,0.97593,1.50,3.00
2016.09.21 12:06:31.288,0.97581,0.97593,1.50,3.75
2016.09.21 12:06:31.339,0.97581,0.97593,2.25,3.75
2016.09.21 12:06:31.745,0.97581,0.97592,2.25,1.00
2016.09.21 12:06:32.027,0.97583,0.97593,1.00,3.75
2016.09.21 12:06:32.078,0.97583,0.97593,1.12,4.12
2016.09.21 12:06:32.130,0.97583,0.97593,1.12,2.62
2016.09.21 12:06:32.181,0.97583,0.97593,1.12,1.87
2016.09.21 12:06:32.232,0.97583,0.97593,1.12,1.50
2016.09.21 12:06:32.283,0.97583,0.97593,1.87,1.50
2016.09.21 12:06:32.496,0.97583,0.97593,1.87,1.69
2016.09.21 12:06:32.547,0.97583,0.97592,1.12,1.00
2016.09.21 12:06:32.598,0.97582,0.97592,1.87,1.12
2016.09.21 12:06:32.649,0.97582,0.97592,1.87,1.12
2016.09.21 12:06:32.708,0.97582,0.97592,1.87,1.50
2016.09.21 12:06:32.759,0.97582,0.97592,1.12,1.50
2016.09.21 12:06:34.064,0.97582,0.97592,1.12,2.25
2016.09.21 12:06:34.271,0.97582,0.97592,1.87,1.12
2016.09.21 12:06:34.373,0.97582,0.97592,2.62,1.12
2016.09.21 12:06:34.445,0.97584,0.97593,1.00,2.25
2016.09.21 12:06:34.497,0.97584,0.97593,1.12,1.12
2016.09.21 12:06:34.619,0.97585,0.97594,1.00,1.50
2016.09.21 12:06:34.671,0.97585,0.97594,1.00,1.12
2016.09.21 12:06:35.028,0.97585,0.97596,1.00,2.81
2016.09.21 12:06:35.079,0.97585,0.97596,1.00,2.06
2016.09.21 12:06:35.540,0.97586,0.97596,1.00,1.31
2016.09.21 12:06:35.591,0.97586,0.97596,1.50,1.31
2016.09.21 12:06:35.694,0.97587,0.97597,1.12,3.75
2016.09.21 12:06:35.745,0.97587,0.97597,1.12,3.37
2016.09.21 12:06:35.797,0.97587,0.97597,1.12,3.00
2016.09.21 12:06:35.848,0.97587,0.97597,1.12,2.25
2016.09.21 12:06:35.900,0.97587,0.97597,1.12,1.50
2016.09.21 12:06:36.065,0.97586,0.97597,3.00,1.50
2016.09.21 12:06:36.169,0.97586,0.97597,2.62,1.50
2016.09.21 12:06:36.616,0.97586,0.97597,2.25,1.50
2016.09.21 12:06:36.669,0.97586,0.97596,2.25,1.00
2016.09.21 12:06:36.720,0.97586,0.97596,1.87,1.37
2016.09.21 12:06:36.771,0.97586,0.97596,1.50,1.50
2016.09.21 12:06:36.823,0.97586,0.97596,1.87,1.50
2016.09.21 12:06:36.875,0.97586,0.97596,1.87,1.12
2016.09.21 12:06:36.926,0.97586,0.97596,2.25,1.12
2016.09.21 12:06:37.540,0.97586,0.97597,2.25,1.87
2016.09.21 12:06:37.591,0.97587,0.97597,1.00,1.87
2016.09.21 12:06:37.786,0.97587,0.97597,1.87,1.12
2016.09.21 12:06:37.852,0.97587,0.97597,1.87,1.87
2016.09.21 12:06:37.903,0.97587,0.97597,1.87,1.50
2016.09.21 12:06:40.529,0.97587,0.97597,1.87,1.00
2016.09.21 12:06:40.581,0.97587,0.97598,1.12,1.87
2016.09.21 12:06:40.786,0.97587,0.97597,1.12,1.00
2016.09.21 12:06:40.838,0.97587,0.97598,1.00,1.87
2016.09.21 12:06:41.748,0.97587,0.97598,1.00,2.62
2016.09.21 12:06:41.801,0.97586,0.97598,1.50,3.37
2016.09.21 12:06:41.853,0.97586,0.97597,1.12,1.37
2016.09.21 12:06:41.956,0.97586,0.97597,1.50,1.37
2016.09.21 12:06:42.007,0.97586,0.97597,1.87,1.50
2016.09.21 12:06:42.059,0.97586,0.97597,1.50,1.50
2016.09.21 12:06:42.161,0.97587,0.97597,1.12,1.50
2016.09.21 12:06:42.263,0.97586,0.97597,2.62,1.50
2016.09.21 12:06:42.494,0.97586,0.97598,1.87,2.62
2016.09.21 12:06:42.647,0.97586,0.97598,1.87,2.25
2016.09.21 12:06:42.698,0.97586,0.97597,3.00,1.37
2016.09.21 12:06:44.264,0.97587,0.97597,1.00,1.37
2016.09.21 12:06:44.418,0.97587,0.97597,1.12,1.37
2016.09.21 12:06:44.469,0.97587,0.97597,1.50,1.37
2016.09.21 12:06:44.521,0.97587,0.97597,2.25,1.37
2016.09.21 12:06:44.573,0.97589,0.97599,1.00,2.81
2016.09.21 12:06:44.624,0.97589,0.97598,1.00,1.37
2016.09.21 12:06:44.727,0.97589,0.97598,1.00,1.12
2016.09.21 12:06:44.829,0.97589,0.97598,1.12,1.00
2016.09.21 12:06:44.953,0.97588,0.97598,1.87,1.50
2016.09.21 12:06:45.157,0.97588,0.97598,1.87,1.00
2016.09.21 12:06:45.573,0.97588,0.976,1.37,3.37
2016.09.21 12:06:45.797,0.97588,0.97599,1.37,1.00
2016.09.21 12:06:45.848,0.97588,0.976,1.12,3.75
2016.09.21 12:06:45.900,0.97588,0.97598,1.87,1.12
2016.09.21 12:06:47.183,0.97588,0.97598,1.12,1.12
2016.09.21 12:06:47.285,0.97587,0.97598,4.12,1.12
2016.09.21 12:06:47.654,0.97587,0.97598,2.25,1.12
2016.09.21 12:06:48.679,0.97587,0.97598,3.37,1.12
2016.09.21 12:06:49.702,0.97587,0.97597,3.37,1.00
2016.09.21 12:06:49.806,0.97587,0.97597,1.87,1.50
2016.09.21 12:06:49.858,0.97587,0.97596,1.50,1.00
2016.09.21 12:06:49.910,0.97587,0.97596,1.37,1.00
2016.09.21 12:06:49.962,0.97587,0.97597,1.00,2.25
2016.09.21 12:06:50.013,0.97586,0.97597,3.37,2.62
2016.09.21 12:06:50.066,0.97586,0.97597,3.37,3.00
2016.09.21 12:06:50.219,0.97586,0.97597,3.00,2.25
2016.09.21 12:06:50.270,0.97586,0.97597,1.00,2.25
2016.09.21 12:06:52.287,0.97586,0.97597,1.12,2.25
2016.09.21 12:06:52.998,0.97586,0.97596,1.12,1.00
2016.09.21 12:06:53.049,0.97586,0.97596,1.12,1.50
2016.09.21 12:06:54.192,0.97586,0.97596,1.00,1.50
2016.09.21 12:06:56.069,0.97585,0.97596,1.50,1.50
2016.09.21 12:06:56.171,0.97585,0.97596,1.37,1.50
2016.09.21 12:06:57.479,0.97585,0.97596,1.37,1.37
2016.09.21 12:06:57.531,0.97585,0.97596,1.37,1.00
2016.09.21 12:06:58.175,0.97585,0.97596,1.50,1.00
2016.09.21 12:06:59.709,0.97585,0.97594,1.37,1.00
2016.09.21 12:06:59.760,0.97585,0.97594,1.37,1.25
2016.09.21 12:06:59.812,0.97584,0.97594,2.25,1.25
2016.09.21 12:06:59.864,0.97584,0.97593,1.50,1.12
2016.09.21 12:06:59.915,0.97583,0.97593,1.87,1.87
2016.09.21 12:06:59.968,0.97583,0.97593,1.00,3.00
2016.09.21 12:07:00.019,0.97582,0.97592,1.12,1.87
2016.09.21 12:07:00.123,0.97582,0.97592,1.50,1.12
2016.09.21 12:07:00.174,0.97582,0.97592,1.50,1.00
2016.09.21 12:07:00.225,0.97582,0.97592,1.37,1.00
2016.09.21 12:07:00.299,0.97582,0.97592,1.12,1.12
2016.09.21 12:07:00.402,0.97582,0.97593,1.87,2.25
2016.09.21 12:07:00.582,0.97582,0.97593,1.12,3.00
2016.09.21 12:07:01.787,0.97582,0.97593,1.12,2.25
2016.09.21 12:07:02.464,0.97582,0.97593,1.12,3.00
2016.09.21 12:07:03.258,0.97582,0.97593,1.12,2.25
2016.09.21 12:07:03.768,0.97582,0.97593,1.12,3.00
2016.09.21 12:07:04.491,0.97582,0.97593,1.12,2.25
2016.09.21 12:07:04.594,0.97582,0.97593,1.87,3.00
2016.09.21 12:07:04.798,0.97582,0.97593,1.12,1.50
2016.09.21 12:07:05.038,0.97582,0.97594,2.62,2.62
2016.09.21 12:07:05.090,0.97582,0.97594,2.62,1.87
2016.09.21 12:07:05.299,0.97583,0.97594,1.00,1.87
2016.09.21 12:07:05.454,0.97582,0.97594,1.87,1.87
2016.09.21 12:07:05.761,0.97582,0.97594,2.62,1.87
2016.09.21 12:07:05.812,0.97582,0.97594,1.87,2.62
2016.09.21 12:07:05.863,0.97583,0.97594,1.00,2.62
2016.09.21 12:07:06.441,0.97582,0.97594,1.87,2.62
2016.09.21 12:07:06.596,0.97582,0.97594,1.87,3.37
2016.09.21 12:07:06.699,0.97582,0.97594,1.12,2.62
2016.09.21 12:07:07.106,0.97582,0.97594,1.12,3.37
2016.09.21 12:07:07.896,0.97582,0.97594,1.87,3.37
2016.09.21 12:07:07.998,0.97582,0.97594,1.12,3.37
2016.09.21 12:07:08.100,0.97582,0.97594,1.12,4.12
2016.09.21 12:07:08.253,0.97582,0.97594,1.12,4.50
2016.09.21 12:07:08.304,0.97582,0.97593,1.12,1.37
2016.09.21 12:07:08.510,0.97582,0.97593,1.12,1.50
2016.09.21 12:07:08.608,0.97582,0.97592,1.12,1.12
2016.09.21 12:07:08.659,0.97582,0.97592,1.12,1.12
2016.09.21 12:07:08.915,0.97582,0.97593,1.12,1.87
2016.09.21 12:07:08.966,0.97582,0.97593,1.50,1.50
2016.09.21 12:07:09.585,0.97582,0.97593,1.00,1.87
2016.09.21 12:07:11.165,0.97582,0.97592,1.00,1.50
2016.09.21 12:07:14.260,0.97582,0.97591,1.00,1.00
2016.09.21 12:07:14.312,0.97581,0.97592,1.00,2.62
2016.09.21 12:07:14.364,0.97582,0.97592,1.00,1.37
2016.09.21 12:07:14.416,0.97582,0.97593,1.12,4.12
2016.09.21 12:07:14.469,0.97582,0.97593,1.12,3.37
2016.09.21 12:07:14.523,0.97582,0.97593,1.87,1.87
2016.09.21 12:07:14.575,0.97582,0.97593,1.87,2.62
2016.09.21 12:07:14.679,0.97582,0.97593,1.87,2.25
2016.09.21 12:07:14.833,0.97582,0.97593,1.87,1.50
2016.09.21 12:07:15.048,0.97582,0.97593,1.87,1.50
2016.09.21 12:07:15.292,0.97582,0.97593,1.50,2.25
2016.09.21 12:07:15.343,0.97582,0.97592,1.00,1.50
2016.09.21 12:07:15.401,0.97581,0.97592,1.87,2.25
2016.09.21 12:07:15.455,0.97581,0.97591,1.00,2.25
2016.09.21 12:07:15.506,0.9758,0.9759,1.87,1.00
2016.09.21 12:07:15.557,0.9758,0.97591,2.25,1.87
2016.09.21 12:07:15.711,0.9758,0.97591,1.87,1.87
2016.09.21 12:07:15.816,0.9758,0.97591,1.50,2.25
2016.09.21 12:07:16.123,0.9758,0.97591,1.12,2.25
2016.09.21 12:07:17.040,0.9758,0.97591,1.50,2.25
2016.09.21 12:07:17.195,0.9758,0.97591,1.50,2.25
2016.09.21 12:07:17.350,0.9758,0.97591,1.12,2.25
2016.09.21 12:07:17.401,0.9758,0.97591,1.12,2.25
2016.09.21 12:07:17.453,0.9758,0.97591,1.12,3.00
2016.09.21 12:07:17.504,0.9758,0.9759,1.12,1.12
2016.09.21 12:07:17.555,0.97579,0.9759,1.87,1.50
2016.09.21 12:07:17.726,0.97579,0.9759,2.25,1.87
2016.09.21 12:07:17.779,0.97579,0.9759,2.25,2.62
2016.09.21 12:07:19.081,0.97579,0.9759,2.25,2.25
2016.09.21 12:07:20.451,0.97579,0.9759,2.25,2.62
2016.09.21 12:07:20.939,0.97579,0.9759,3.00,2.62
2016.09.21 12:07:21.042,0.9758,0.9759,1.00,2.25
2016.09.21 12:07:21.144,0.9758,0.9759,1.12,2.62
2016.09.21 12:07:21.196,0.97581,0.9759,1.00,2.62
2016.09.21 12:07:21.248,0.97584,0.9759,1.00,1.87
2016.09.21 12:07:21.300,0.97584,0.9759,1.00,1.00
2016.09.21 12:07:21.404,0.97584,0.97592,1.87,1.00
2016.09.21 12:07:21.456,0.97584,0.97593,2.25,1.00
2016.09.21 12:07:21.508,0.97584,0.97593,3.37,1.00
2016.09.21 12:07:21.559,0.97586,0.97592,1.00,1.00
2016.09.21 12:07:21.662,0.97586,0.97593,1.12,1.00
2016.09.21 12:07:21.714,0.97586,0.97593,2.25,1.00
2016.09.21 12:07:21.867,0.97586,0.97597,2.25,1.50
2016.09.21 12:07:22.735,0.97586,0.97597,2.62,1.12
2016.09.21 12:07:22.838,0.97586,0.97597,2.25,1.12
2016.09.21 12:07:22.889,0.97586,0.97597,2.25,1.50
2016.09.21 12:07:22.941,0.97587,0.97597,1.87,1.87
2016.09.21 12:07:23.044,0.97587,0.97597,1.12,1.87
2016.09.21 12:07:23.972,0.97587,0.97597,1.12,1.12
2016.09.21 12:07:24.309,0.97587,0.97597,1.12,1.00
2016.09.21 12:07:24.666,0.97587,0.97597,1.12,1.50
2016.09.21 12:07:26.949,0.97587,0.97597,1.12,1.87
2016.09.21 12:07:27.206,0.97587,0.97597,1.00,2.25
2016.09.21 12:07:27.279,0.97587,0.97597,1.00,3.00
2016.09.21 12:07:27.333,0.97586,0.97596,1.00,1.50
2016.09.21 12:07:27.384,0.97585,0.97595,1.87,1.50
2016.09.21 12:07:27.436,0.97585,0.97595,1.50,1.50
2016.09.21 12:07:28.341,0.97585,0.97595,1.00,1.50
2016.09.21 12:07:28.445,0.97585,0.97594,1.00,1.25
2016.09.21 12:07:28.497,0.97584,0.97594,1.12,2.06
2016.09.21 12:07:28.548,0.97583,0.97593,1.87,3.00
2016.09.21 12:07:28.600,0.97583,0.97593,1.87,3.37
2016.09.21 12:07:28.651,0.97583,0.97592,1.00,1.50
2016.09.21 12:07:28.703,0.97583,0.97592,1.00,1.87
2016.09.21 12:07:28.848,0.97581,0.97591,1.50,1.12
2016.09.21 12:07:28.899,0.97581,0.97591,1.12,1.50
2016.09.21 12:07:28.951,0.9758,0.97591,1.00,2.25
2016.09.21 12:07:29.572,0.9758,0.9759,1.00,1.00
2016.09.21 12:07:29.623,0.9758,0.9759,1.00,1.00
2016.09.21 12:07:29.674,0.97579,0.9759,1.50,1.00
2016.09.21 12:07:29.726,0.97579,0.9759,1.12,1.87
2016.09.21 12:07:29.777,0.97579,0.9759,1.12,2.25
2016.09.21 12:07:29.879,0.97579,0.9759,1.12,3.37
2016.09.21 12:07:29.930,0.97579,0.97589,1.12,1.12
2016.09.21 12:07:30.134,0.97579,0.97589,1.12,1.12
2016.09.21 12:07:30.186,0.97579,0.97589,1.12,1.50
2016.09.21 12:07:30.237,0.97579,0.9759,1.00,3.56
2016.09.21 12:07:30.288,0.97578,0.97588,1.00,1.75
2016.09.21 12:07:30.390,0.97577,0.97587,2.25,1.50
2016.09.21 12:07:30.448,0.97577,0.97587,1.00,1.50
2016.09.21 12:07:30.499,0.97577,0.97586,1.00,1.00
2016.09.21 12:07:30.550,0.97577,0.97586,1.00,1.50
2016.09.21 12:07:30.653,0.97574,0.97587,4.50,2.25
2016.09.21 12:07:30.704,0.97574,0.97586,4.50,1.37
2016.09.21 12:07:30.755,0.97574,0.97585,4.12,1.00
2016.09.21 12:07:30.908,0.97574,0.97585,3.75,1.12
2016.09.21 12:07:30.959,0.97574,0.97585,3.75,1.37
2016.09.21 12:07:31.120,0.97574,0.97585,2.62,1.37
2016.09.21 12:07:31.222,0.97574,0.97585,2.25,1.12
2016.09.21 12:07:31.324,0.97574,0.97585,2.62,1.37
2016.09.21 12:07:31.684,0.97575,0.97585,1.00,1.87
2016.09.21 12:07:31.735,0.97575,0.97585,1.50,1.87
2016.09.21 12:07:32.685,0.97575,0.97584,1.50,1.00
2016.09.21 12:07:32.736,0.97575,0.97582,1.00,1.00
2016.09.21 12:07:32.839,0.97575,0.97582,1.00,3.37
2016.09.21 12:07:32.890,0.97572,0.97581,1.50,1.50
2016.09.21 12:07:32.941,0.9757,0.9758,1.12,1.50
2016.09.21 12:07:33.044,0.9757,0.9758,1.00,1.50
2016.09.21 12:07:33.146,0.9757,0.9758,1.00,1.00
2016.09.21 12:07:33.350,0.9757,0.9758,1.00,1.00
2016.09.21 12:07:33.554,0.9757,0.9758,1.00,1.00
2016.09.21 12:07:35.571,0.9757,0.9758,1.00,1.50
2016.09.21 12:07:37.302,0.9757,0.9758,1.00,2.25
2016.09.21 12:07:38.085,0.9757,0.9758,1.00,1.50
2016.09.21 12:07:38.448,0.9757,0.9758,1.00,1.50
2016.09.21 12:07:39.248,0.9757,0.9758,1.00,1.50
2016.09.21 12:07:40.513,0.9757,0.9758,1.00,1.12
2016.09.21 12:07:40.564,0.9757,0.9758,1.12,1.12
2016.09.21 12:07:41.956,0.9757,0.97579,1.12,1.00
2016.09.21 12:07:42.008,0.9757,0.97579,1.12,1.12
2016.09.21 12:07:42.061,0.9757,0.97579,1.00,1.50
2016.09.21 12:07:42.155,0.97568,0.97579,1.87,1.87
2016.09.21 12:07:42.211,0.97568,0.97579,1.50,1.87
2016.09.21 12:07:42.829,0.97568,0.97579,1.50,2.25
2016.09.21 12:07:42.974,0.97568,0.97578,1.50,1.50
2016.09.21 12:07:43.026,0.97568,0.97578,1.12,1.87
2016.09.21 12:07:43.078,0.97568,0.97578,1.12,1.87
2016.09.21 12:07:43.129,0.97568,0.97578,1.12,2.25
2016.09.21 12:07:43.181,0.97568,0.97578,1.00,2.25
2016.09.21 12:07:43.335,0.97568,0.97578,1.00,1.50
2016.09.21 12:07:43.386,0.97568,0.97578,1.00,1.50
2016.09.21 12:07:43.645,0.97568,0.97578,1.37,1.12
2016.09.21 12:07:43.730,0.97569,0.97579,1.12,1.12
2016.09.21 12:07:44.090,0.97569,0.97579,1.37,1.00
2016.09.21 12:07:44.141,0.97569,0.97579,1.50,1.00
2016.09.21 12:07:47.893,0.97569,0.97579,1.50,1.00
2016.09.21 12:07:47.945,0.97569,0.97579,1.50,1.87
2016.09.21 12:07:47.997,0.97569,0.97578,1.12,1.00
2016.09.21 12:07:48.049,0.97569,0.97579,1.00,2.62
2016.09.21 12:07:48.100,0.97567,0.97577,1.12,1.00
2016.09.21 12:07:48.151,0.97567,0.97578,1.12,1.87
2016.09.21 12:07:48.203,0.97567,0.97578,1.50,1.87
2016.09.21 12:07:48.254,0.97567,0.97578,1.87,1.12
2016.09.21 12:07:48.305,0.97568,0.97579,1.12,2.62
2016.09.21 12:07:48.404,0.97568,0.9758,1.12,2.81
2016.09.21 12:07:48.455,0.97568,0.9758,1.87,2.00
2016.09.21 12:07:48.506,0.97568,0.97579,1.87,1.00
2016.09.21 12:07:48.557,0.97568,0.9758,2.25,1.50
2016.09.21 12:07:48.711,0.97568,0.9758,2.25,2.25
2016.09.21 12:07:49.243,0.97568,0.9758,2.25,1.87
2016.09.21 12:07:49.374,0.97568,0.9758,2.25,1.37
2016.09.21 12:07:50.193,0.97567,0.97578,1.87,1.12
2016.09.21 12:07:50.244,0.97567,0.97576,1.87,1.00
2016.09.21 12:07:50.296,0.97567,0.97576,1.50,1.00
2016.09.21 12:07:50.348,0.97567,0.97576,1.12,1.00
2016.09.21 12:07:50.453,0.97567,0.97577,1.12,1.00
2016.09.21 12:07:50.968,0.97567,0.97577,1.00,1.50
2016.09.21 12:07:51.019,0.97566,0.97577,1.50,2.25
2016.09.21 12:07:51.121,0.97566,0.97577,1.50,2.25
2016.09.21 12:07:51.174,0.97567,0.97577,1.00,1.50
2016.09.21 12:07:51.225,0.97567,0.97577,1.00,1.00
2016.09.21 12:07:51.276,0.97566,0.97577,1.50,1.50
2016.09.21 12:07:51.644,0.97566,0.97577,1.12,1.87
2016.09.21 12:07:51.696,0.97566,0.97577,1.37,1.87
2016.09.21 12:07:51.747,0.97566,0.97577,1.50,1.50
2016.09.21 12:07:51.951,0.97567,0.97578,1.00,1.87
2016.09.21 12:07:52.002,0.97569,0.97578,1.12,1.00
2016.09.21 12:07:52.053,0.97569,0.97579,1.12,3.37
2016.09.21 12:07:52.105,0.97569,0.97579,1.00,1.87
2016.09.21 12:07:52.156,0.97569,0.97579,1.00,2.25
2016.09.21 12:07:52.310,0.97569,0.97579,1.00,3.75
2016.09.21 12:07:52.461,0.97569,0.97579,1.12,1.87
2016.09.21 12:07:52.512,0.97569,0.97579,1.12,3.37
2016.09.21 12:07:52.819,0.97569,0.97579,1.12,2.62
2016.09.21 12:07:53.980,0.97569,0.97579,1.37,2.25
2016.09.21 12:07:54.032,0.97568,0.97579,2.25,1.50
2016.09.21 12:07:54.086,0.97569,0.97579,1.50,1.50
2016.09.21 12:07:54.137,0.97568,0.97579,3.37,1.50
2016.09.21 12:07:54.188,0.9757,0.97579,1.12,1.50
2016.09.21 12:07:54.263,0.9757,0.97579,1.50,1.00
2016.09.21 12:07:54.315,0.97571,0.97581,1.37,2.25
2016.09.21 12:07:54.366,0.97571,0.97581,1.50,1.87
2016.09.21 12:07:54.417,0.97571,0.97581,1.00,2.25
2016.09.21 12:07:54.468,0.9757,0.97581,2.62,3.00
2016.09.21 12:07:54.986,0.9757,0.97581,1.87,3.00
2016.09.21 12:07:55.219,0.9757,0.97581,1.87,2.25
2016.09.21 12:07:55.678,0.9757,0.97581,1.87,1.87
2016.09.21 12:07:56.115,0.9757,0.97581,1.87,2.25
2016.09.21 12:07:57.206,0.9757,0.97581,3.00,2.25
2016.09.21 12:07:57.257,0.9757,0.97581,3.37,2.25
2016.09.21 12:07:57.310,0.97571,0.97581,1.50,1.87
2016.09.21 12:07:57.413,0.97571,0.97581,1.50,2.25
2016.09.21 12:07:57.773,0.97571,0.97581,1.12,1.50
2016.09.21 12:07:57.877,0.97575,0.97581,1.12,1.50
2016.09.21 12:07:57.928,0.97577,0.97582,1.00,1.50
2016.09.21 12:07:57.980,0.97577,0.97583,1.50,1.50
2016.09.21 12:07:58.032,0.97577,0.97583,1.87,1.12
2016.09.21 12:07:58.084,0.97579,0.97583,1.00,1.00
2016.09.21 12:07:58.135,0.97579,0.97583,1.50,1.00
2016.09.21 12:07:58.187,0.97579,0.97583,1.00,1.00
2016.09.21 12:07:58.239,0.97579,0.97586,1.37,1.00
2016.09.21 12:07:58.290,0.97579,0.97586,1.50,1.00
2016.09.21 12:07:58.600,0.97579,0.97584,1.50,1.00
2016.09.21 12:07:58.703,0.97579,0.97589,1.50,1.50
2016.09.21 12:07:58.754,0.97579,0.97589,1.50,1.50
2016.09.21 12:07:58.806,0.97579,0.9759,1.50,1.50
2016.09.21 12:07:58.857,0.97579,0.9759,2.25,1.50
2016.09.21 12:07:58.909,0.97579,0.9759,2.25,1.87
2016.09.21 12:07:58.960,0.97579,0.9759,1.50,1.50
2016.09.21 12:07:59.012,0.97579,0.9759,1.50,1.00
2016.09.21 12:07:59.064,0.9758,0.9759,1.12,1.00
2016.09.21 12:07:59.115,0.9758,0.97591,1.12,1.50
2016.09.21 12:07:59.320,0.9758,0.9759,1.87,1.12
2016.09.21 12:07:59.423,0.9758,0.9759,1.12,1.12
2016.09.21 12:07:59.628,0.9758,0.9759,1.12,1.00
2016.09.21 12:07:59.680,0.9758,0.9759,1.50,1.00
2016.09.21 12:08:00.293,0.9758,0.9759,1.50,1.12
2016.09.21 12:08:01.372,0.9758,0.9759,1.50,1.00
2016.09.21 12:08:01.724,0.9758,0.9759,1.50,1.00
2016.09.21 12:08:01.826,0.9758,0.9759,1.50,1.12
2016.09.21 12:08:02.047,0.9758,0.9759,1.50,1.00
2016.09.21 12:08:02.256,0.9758,0.9759,1.50,1.00
2016.09.21 12:08:02.308,0.9758,0.9759,1.50,1.12
2016.09.21 12:08:03.588,0.9758,0.9759,1.50,1.87
2016.09.21 12:08:03.892,0.9758,0.9759,1.12,1.87
2016.09.21 12:08:03.943,0.97579,0.97589,1.50,1.00
2016.09.21 12:08:03.995,0.97579,0.97588,1.37,1.00
2016.09.21 12:08:04.046,0.97578,0.97588,1.87,1.00
2016.09.21 12:08:04.458,0.97578,0.97589,1.87,1.12
2016.09.21 12:08:10.533,0.97578,0.97589,1.87,1.50
2016.09.21 12:08:10.738,0.97578,0.97589,1.87,1.12
2016.09.21 12:08:11.886,0.97578,0.97589,1.87,1.50
2016.09.21 12:08:12.295,0.97578,0.97589,1.87,2.25
2016.09.21 12:08:12.346,0.97578,0.97589,1.37,4.50
2016.09.21 12:08:12.398,0.97577,0.97589,1.50,5.62
2016.09.21 12:08:12.450,0.97576,0.97586,3.37,1.00
2016.09.21 12:08:12.508,0.97576,0.97586,1.87,1.00
2016.09.21 12:08:12.560,0.97575,0.97583,3.75,3.00
2016.09.21 12:08:12.611,0.97575,0.97583,1.87,3.75
2016.09.21 12:08:12.662,0.97575,0.9758,1.00,1.00
2016.09.21 12:08:12.713,0.97573,0.9758,1.87,1.00
2016.09.21 12:08:12.764,0.97571,0.9758,1.75,1.00
2016.09.21 12:08:12.866,0.97572,0.9758,1.50,1.50
2016.09.21 12:08:12.917,0.97572,0.9758,1.37,1.50
2016.09.21 12:08:12.968,0.97572,0.9758,1.00,1.87
2016.09.21 12:08:13.275,0.97572,0.9758,1.00,1.87
2016.09.21 12:08:13.326,0.97569,0.9758,1.50,1.87
2016.09.21 12:08:17.275,0.97569,0.9758,1.50,1.12
2016.09.21 12:08:18.399,0.97569,0.9758,1.50,1.50
2016.09.21 12:08:18.450,0.97569,0.9758,1.50,1.87
2016.09.21 12:08:18.502,0.97569,0.97579,1.50,1.00
2016.09.21 12:08:18.863,0.97569,0.97579,1.50,1.00
2016.09.21 12:08:19.168,0.97569,0.9758,2.25,1.50
2016.09.21 12:08:19.271,0.97569,0.9758,3.00,1.50
2016.09.21 12:08:19.441,0.9757,0.9758,1.12,1.50
2016.09.21 12:08:19.492,0.9757,0.9758,1.12,1.12
2016.09.21 12:08:19.595,0.9757,0.9758,1.12,1.50
2016.09.21 12:08:19.749,0.97569,0.9758,1.50,1.50
2016.09.21 12:08:20.480,0.97569,0.9758,1.50,1.12
2016.09.21 12:08:20.531,0.9757,0.9758,1.00,1.12
2016.09.21 12:08:20.582,0.97569,0.9758,1.75,1.00
2016.09.21 12:08:20.684,0.97569,0.97579,1.75,1.12
2016.09.21 12:08:20.735,0.97569,0.97579,1.37,1.12
2016.09.21 12:08:20.786,0.97568,0.97579,1.50,1.87
2016.09.21 12:08:20.837,0.97567,0.97578,1.87,1.00
2016.09.21 12:08:20.888,0.97567,0.97578,1.87,1.50
2016.09.21 12:08:20.939,0.97567,0.97578,1.87,1.87
2016.09.21 12:08:20.991,0.97567,0.97577,1.75,1.00
2016.09.21 12:08:21.098,0.97567,0.97578,1.50,3.00
2016.09.21 12:08:21.149,0.97566,0.97577,2.25,1.12
2016.09.21 12:08:22.008,0.97566,0.97577,1.87,1.12
2016.09.21 12:08:22.708,0.97566,0.97577,1.75,1.12
2016.09.21 12:08:22.786,0.97566,0.97577,2.25,1.87
2016.09.21 12:08:22.992,0.97566,0.97577,1.75,1.12
2016.09.21 12:08:23.043,0.97566,0.97577,1.50,1.12
2016.09.21 12:08:23.095,0.97566,0.97577,2.25,1.50
2016.09.21 12:08:23.198,0.97566,0.97577,2.25,1.12
2016.09.21 12:08:23.301,0.97566,0.97576,2.25,1.00
2016.09.21 12:08:23.406,0.97566,0.97576,1.87,1.50
2016.09.21 12:08:23.567,0.97567,0.97576,1.00,1.00
2016.09.21 12:08:23.773,0.97567,0.97576,1.00,1.00
2016.09.21 12:08:24.030,0.97566,0.97576,1.50,1.00
2016.09.21 12:08:24.267,0.97566,0.97577,1.87,2.62
2016.09.21 12:08:24.320,0.97567,0.97577,1.12,1.87
2016.09.21 12:08:24.372,0.97568,0.97577,1.12,1.00
2016.09.21 12:08:24.425,0.97568,0.97578,1.50,2.25
2016.09.21 12:08:24.477,0.97568,0.97578,1.50,1.50
2016.09.21 12:08:24.529,0.97569,0.97578,1.00,1.12
2016.09.21 12:08:24.582,0.97568,0.97578,1.75,1.12
2016.09.21 12:08:24.888,0.97568,0.97578,1.75,1.12
2016.09.21 12:08:24.940,0.97568,0.97578,1.50,1.12
2016.09.21 12:08:25.299,0.97568,0.97578,1.50,1.12
2016.09.21 12:08:25.452,0.97567,0.97579,3.37,1.37
2016.09.21 12:08:25.747,0.97567,0.97579,2.62,1.87
2016.09.21 12:08:25.849,0.97567,0.97579,3.37,1.87
2016.09.21 12:08:26.055,0.97567,0.97579,3.00,1.87
2016.09.21 12:08:26.259,0.97567,0.97579,2.25,1.87
2016.09.21 12:08:26.360,0.97567,0.97579,3.00,1.87
2016.09.21 12:08:26.820,0.97569,0.97579,1.00,1.87
2016.09.21 12:08:26.921,0.97567,0.97579,2.25,1.87
2016.09.21 12:08:26.976,0.97567,0.97579,1.75,1.87
2016.09.21 12:08:27.027,0.97567,0.97579,2.25,1.87
2016.09.21 12:08:27.079,0.97567,0.97579,3.00,1.87
2016.09.21 12:08:27.536,0.97567,0.97579,2.25,1.87
2016.09.21 12:08:27.639,0.97567,0.97579,1.75,1.87
2016.09.21 12:08:27.743,0.97567,0.97579,2.25,1.87
2016.09.21 12:08:28.178,0.97567,0.97579,1.75,1.87
2016.09.21 12:08:28.288,0.97567,0.97579,1.75,3.00
2016.09.21 12:08:29.947,0.97567,0.97579,1.87,3.00
2016.09.21 12:08:30.151,0.97567,0.97579,2.62,3.00
2016.09.21 12:08:30.585,0.97568,0.97579,1.50,3.00
2016.09.21 12:08:30.688,0.97567,0.97579,2.62,3.00
2016.09.21 12:08:30.739,0.97567,0.97579,2.25,3.00
2016.09.21 12:08:30.790,0.97567,0.97579,2.25,3.00
2016.09.21 12:08:30.841,0.97567,0.97579,2.25,3.37
2016.09.21 12:08:30.893,0.97568,0.97579,1.50,3.37
2016.09.21 12:08:30.945,0.97568,0.97579,1.50,3.00
2016.09.21 12:08:32.400,0.97568,0.97579,1.50,2.62
2016.09.21 12:08:32.452,0.97568,0.97579,1.50,2.25
2016.09.21 12:08:32.605,0.97568,0.97579,1.50,2.25
2016.09.21 12:08:32.656,0.97569,0.97579,1.00,2.25
2016.09.21 12:08:32.708,0.97568,0.97579,1.75,1.87
2016.09.21 12:08:33.187,0.97569,0.97579,1.00,2.25
2016.09.21 12:08:33.238,0.97568,0.97579,1.50,2.25
2016.09.21 12:08:33.819,0.97568,0.97579,1.50,3.00
2016.09.21 12:08:33.871,0.97568,0.97579,1.50,3.75
2016.09.21 12:08:34.210,0.97568,0.97579,1.50,3.37
2016.09.21 12:08:34.261,0.97568,0.97579,1.75,3.37
2016.09.21 12:08:35.761,0.97568,0.97579,1.75,2.62
2016.09.21 12:08:36.339,0.97568,0.97579,2.25,2.62
2016.09.21 12:08:36.391,0.97569,0.97579,1.50,2.25
2016.09.21 12:08:36.493,0.97569,0.97579,2.25,1.50
2016.09.21 12:08:36.600,0.97569,0.97579,2.62,1.50
2016.09.21 12:08:36.703,0.97569,0.97579,3.00,1.50
2016.09.21 12:08:37.586,0.9757,0.97579,2.25,1.00
2016.09.21 12:08:37.637,0.9757,0.97581,2.25,1.50
2016.09.21 12:08:37.707,0.9757,0.97581,2.25,1.50
2016.09.21 12:08:37.759,0.9757,0.97581,2.62,2.25
2016.09.21 12:08:37.862,0.9757,0.97581,1.87,1.87
2016.09.21 12:08:37.965,0.9757,0.97581,2.62,2.25
2016.09.21 12:08:38.067,0.9757,0.97581,1.87,2.25
2016.09.21 12:08:38.759,0.9757,0.97581,2.62,2.25
2016.09.21 12:08:38.811,0.97571,0.97581,1.50,1.87
2016.09.21 12:08:38.887,0.97574,0.97581,1.00,1.00
2016.09.21 12:08:38.991,0.97575,0.97586,2.62,2.25
2016.09.21 12:08:39.043,0.97575,0.97586,3.00,1.50
2016.09.21 12:08:39.094,0.97575,0.97583,3.00,1.00
2016.09.21 12:08:39.146,0.97575,0.97583,1.87,1.00
2016.09.21 12:08:39.198,0.97575,0.97583,1.37,1.00
2016.09.21 12:08:39.249,0.97574,0.97583,1.87,1.00
2016.09.21 12:08:39.356,0.97574,0.97583,2.25,1.00
2016.09.21 12:08:39.408,0.97574,0.97583,2.62,1.00
2016.09.21 12:08:39.459,0.97574,0.97583,2.25,1.00
2016.09.21 12:08:39.562,0.97574,0.97584,1.50,1.12
2016.09.21 12:08:40.129,0.97574,0.97584,1.50,1.12
2016.09.21 12:08:40.181,0.97574,0.97582,1.00,1.50
2016.09.21 12:08:40.234,0.97573,0.97582,1.87,1.50
2016.09.21 12:08:40.286,0.97573,0.97582,1.50,1.87
2016.09.21 12:08:40.337,0.97572,0.97582,1.50,2.25
2016.09.21 12:08:40.388,0.97571,0.97581,1.87,1.12
2016.09.21 12:08:40.491,0.97571,0.97582,1.87,2.62
2016.09.21 12:08:40.593,0.97571,0.97582,1.87,3.37
2016.09.21 12:08:40.644,0.97571,0.97581,1.87,1.00
2016.09.21 12:08:40.695,0.97571,0.97581,1.00,1.50
2016.09.21 12:08:40.746,0.9757,0.97581,2.25,1.50
2016.09.21 12:08:40.797,0.9757,0.97581,1.50,1.87
2016.09.21 12:08:41.450,0.9757,0.97581,1.50,2.25
2016.09.21 12:08:41.604,0.9757,0.97581,1.50,1.87
2016.09.21 12:08:41.887,0.9757,0.97581,1.50,1.50
2016.09.21 12:08:42.193,0.9757,0.97581,1.50,1.87
2016.09.21 12:08:45.206,0.9757,0.97581,1.50,1.50
2016.09.21 12:08:45.509,0.9757,0.97581,1.50,1.87
2016.09.21 12:08:45.663,0.9757,0.97581,1.50,2.25
2016.09.21 12:08:45.970,0.9757,0.97581,1.50,1.87
2016.09.21 12:08:46.021,0.9757,0.97581,1.50,1.50
2016.09.21 12:08:46.174,0.9757,0.97581,1.50,1.87
2016.09.21 12:08:47.644,0.9757,0.97581,1.50,2.25
2016.09.21 12:08:47.746,0.9757,0.97581,1.50,1.50
2016.09.21 12:08:47.856,0.9757,0.97581,1.87,1.12
2016.09.21 12:08:48.154,0.9757,0.97581,1.87,1.12
2016.09.21 12:08:48.205,0.97571,0.97581,1.00,1.00
2016.09.21 12:08:48.256,0.97571,0.97581,1.50,1.00
2016.09.21 12:08:48.307,0.97572,0.97582,1.87,1.12
2016.09.21 12:08:48.359,0.97572,0.97582,2.25,1.00
2016.09.21 12:08:48.410,0.97573,0.97583,1.12,1.12
2016.09.21 12:08:48.461,0.97573,0.97583,1.37,1.00
2016.09.21 12:08:48.513,0.97573,0.97583,2.25,1.00
2016.09.21 12:08:48.564,0.97573,0.97583,2.25,1.00
2016.09.21 12:08:48.625,0.97573,0.97582,2.25,1.12
2016.09.21 12:08:48.677,0.97572,0.97582,1.50,2.25
2016.09.21 12:08:48.730,0.97572,0.97582,1.50,2.25
2016.09.21 12:08:48.832,0.97572,0.97581,1.00,1.12
2016.09.21 12:08:48.883,0.97571,0.97581,2.25,1.12
2016.09.21 12:08:49.190,0.97571,0.97581,2.25,1.00
2016.09.21 12:08:49.460,0.97571,0.97581,2.25,1.00
2016.09.21 12:08:49.512,0.97572,0.97583,1.87,1.87
2016.09.21 12:08:49.563,0.97572,0.97583,2.25,1.50
2016.09.21 12:08:49.615,0.97572,0.97583,2.62,1.12
2016.09.21 12:08:49.666,0.97572,0.97583,2.62,1.00
2016.09.21 12:08:49.718,0.97573,0.97584,1.75,1.00
2016.09.21 12:08:49.769,0.97574,0.97584,1.00,1.12
2016.09.21 12:08:49.821,0.97573,0.97584,1.50,1.12
2016.09.21 12:08:50.584,0.97573,0.97584,1.50,1.12
2016.09.21 12:08:51.306,0.97573,0.97584,1.50,1.50
2016.09.21 12:08:51.357,0.97573,0.97584,1.50,1.87
2016.09.21 12:08:51.909,0.97573,0.97584,1.75,1.87
2016.09.21 12:08:51.960,0.97573,0.97584,1.87,1.50
2016.09.21 12:08:52.013,0.97574,0.97584,1.75,1.50
2016.09.21 12:08:52.117,0.97574,0.97584,1.75,1.00
2016.09.21 12:08:52.270,0.97574,0.97584,1.75,1.00
2016.09.21 12:08:52.322,0.97574,0.97584,1.50,1.00
2016.09.21 12:08:54.521,0.97574,0.97584,2.25,1.00
2016.09.21 12:08:56.352,0.97574,0.97585,2.25,1.50
2016.09.21 12:08:56.525,0.97574,0.97585,1.50,1.50
2016.09.21 12:09:01.524,0.97574,0.97585,1.50,1.87
2016.09.21 12:09:01.791,0.97574,0.97585,1.50,1.50
2016.09.21 12:09:02.050,0.97574,0.97585,1.37,1.87
2016.09.21 12:09:02.101,0.97574,0.97585,1.00,1.87
2016.09.21 12:09:02.306,0.97574,0.97585,1.12,1.87
2016.09.21 12:09:04.541,0.97574,0.97585,1.50,1.50
2016.09.21 12:09:05.483,0.97574,0.97585,2.25,1.50
2016.09.21 12:09:05.742,0.97574,0.97585,1.50,1.50
2016.09.21 12:09:05.854,0.97574,0.97585,2.25,1.50
2016.09.21 12:09:06.630,0.97575,0.97585,1.50,1.37
2016.09.21 12:09:06.682,0.97575,0.97585,1.87,1.12
2016.09.21 12:09:06.734,0.97575,0.97586,1.87,3.75
2016.09.21 12:09:06.785,0.97575,0.97586,1.87,1.87
2016.09.21 12:09:06.837,0.97577,0.97586,1.00,1.87
2016.09.21 12:09:07.151,0.97577,0.97586,1.00,1.37
2016.09.21 12:09:10.307,0.97577,0.97586,1.00,1.37
2016.09.21 12:09:10.358,0.97574,0.97583,2.25,1.00
2016.09.21 12:09:10.409,0.97574,0.97583,1.87,1.00
2016.09.21 12:09:10.482,0.97573,0.97582,1.87,1.00
2016.09.21 12:09:10.586,0.97574,0.97582,1.00,1.00
2016.09.21 12:09:10.637,0.97574,0.97584,1.12,1.12
2016.09.21 12:09:10.751,0.97574,0.97584,2.25,1.00
2016.09.21 12:09:11.008,0.97574,0.97584,3.00,1.00
2016.09.21 12:09:11.164,0.97575,0.97585,1.12,1.00
2016.09.21 12:09:14.452,0.97574,0.97585,1.50,1.50
2016.09.21 12:09:14.636,0.97574,0.97585,2.25,1.50
2016.09.21 12:09:14.687,0.97574,0.97585,2.25,1.00
2016.09.21 12:09:17.275,0.97575,0.97585,1.12,1.50
2016.09.21 12:09:18.377,0.97575,0.97586,1.12,3.37
2016.09.21 12:09:18.428,0.97575,0.97586,1.12,3.00
2016.09.21 12:09:21.062,0.97575,0.97586,1.50,3.00
2016.09.21 12:09:21.115,0.97577,0.97586,1.12,1.50
2016.09.21 12:09:21.168,0.97577,0.97586,1.12,1.00
2016.09.21 12:09:21.219,0.97577,0.97587,1.37,1.50
2016.09.21 12:09:21.270,0.97577,0.97587,2.25,1.50
2016.09.21 12:09:21.424,0.97577,0.97587,1.50,1.87
2016.09.21 12:09:21.476,0.97577,0.97587,1.12,1.87
2016.09.21 12:09:21.578,0.97577,0.97587,1.12,1.87
2016.09.21 12:09:21.696,0.97577,0.97587,1.12,1.12
2016.09.21 12:09:22.989,0.97576,0.97587,1.50,1.12
2016.09.21 12:09:24.451,0.97576,0.97587,1.50,1.50
2016.09.21 12:09:29.972,0.97576,0.97587,2.62,1.50
2016.09.21 12:09:30.024,0.97578,0.97587,1.00,1.00
2016.09.21 12:09:30.075,0.97578,0.97588,1.37,4.50
2016.09.21 12:09:30.126,0.97578,0.97588,1.50,2.62
2016.09.21 12:09:30.177,0.97578,0.97588,1.50,1.87
2016.09.21 12:09:30.586,0.97578,0.97588,1.50,2.62
2016.09.21 12:09:33.639,0.97578,0.97588,1.50,3.00
2016.09.21 12:09:33.691,0.97578,0.97588,1.12,3.00
2016.09.21 12:09:33.998,0.97578,0.97588,1.12,3.37
2016.09.21 12:09:34.305,0.97578,0.97588,1.12,2.62
2016.09.21 12:09:34.356,0.97578,0.97588,1.12,2.25
2016.09.21 12:09:35.134,0.97578,0.97588,1.12,3.00
2016.09.21 12:09:35.835,0.97577,0.97588,1.37,3.00
2016.09.21 12:09:35.928,0.97577,0.97588,1.12,3.00
2016.09.21 12:09:36.236,0.97577,0.97588,1.12,2.62
2016.09.21 12:09:36.288,0.97577,0.97588,1.12,3.37
2016.09.21 12:09:36.549,0.97577,0.97587,1.12,1.12
2016.09.21 12:09:36.601,0.97576,0.97587,1.37,2.62
2016.09.21 12:09:36.653,0.97576,0.97583,1.37,1.50
2016.09.21 12:09:36.704,0.97574,0.97583,2.62,1.50
2016.09.21 12:09:36.798,0.97572,0.97582,2.44,1.50
2016.09.21 12:09:36.850,0.97572,0.97582,2.44,1.00
2016.09.21 12:09:36.901,0.97572,0.97582,2.06,1.00
2016.09.21 12:09:36.953,0.97572,0.97582,2.06,1.12
2016.09.21 12:09:37.005,0.97572,0.97582,1.31,1.50
2016.09.21 12:09:37.057,0.97572,0.97582,1.12,2.62
2016.09.21 12:09:37.109,0.97572,0.97582,1.12,3.00
2016.09.21 12:09:37.160,0.97572,0.97581,1.00,1.00
2016.09.21 12:09:37.263,0.97571,0.97582,1.12,3.00
2016.09.21 12:09:37.365,0.9757,0.97581,3.37,1.00
2016.09.21 12:09:37.703,0.9757,0.9758,3.00,1.00
2016.09.21 12:09:37.754,0.9757,0.9758,2.62,1.12
2016.09.21 12:09:37.805,0.9757,0.9758,2.62,1.12
2016.09.21 12:09:38.182,0.9757,0.9758,1.87,1.12
2016.09.21 12:09:38.234,0.9757,0.9758,1.12,1.12
2016.09.21 12:09:39.456,0.9757,0.9758,1.87,1.12
2016.09.21 12:09:39.558,0.9757,0.9758,1.12,1.12
2016.09.21 12:09:39.610,0.9757,0.97581,1.50,1.87
2016.09.21 12:09:40.434,0.9757,0.97581,1.50,1.50
2016.09.21 12:09:40.696,0.9757,0.9758,1.50,1.00
2016.09.21 12:09:42.405,0.97568,0.97579,4.87,1.00
2016.09.21 12:09:42.456,0.97568,0.97579,4.87,1.12
2016.09.21 12:09:42.507,0.97568,0.97579,3.75,1.12
2016.09.21 12:09:42.559,0.97568,0.97579,2.25,1.12
2016.09.21 12:09:42.610,0.97569,0.97579,1.12,1.12
2016.09.21 12:09:42.867,0.97569,0.97578,1.12,1.00
2016.09.21 12:09:42.978,0.97567,0.97577,1.75,1.00
2016.09.21 12:09:43.029,0.97567,0.97577,1.50,1.00
2016.09.21 12:09:43.081,0.97567,0.97577,1.50,1.12
2016.09.21 12:09:43.132,0.97567,0.97577,1.37,1.12
2016.09.21 12:09:43.183,0.97567,0.97577,1.12,2.10
2016.09.21 12:09:43.234,0.97566,0.97576,1.50,1.00
2016.09.21 12:09:45.292,0.97566,0.97576,1.50,1.50
2016.09.21 12:09:45.453,0.97564,0.97576,1.87,1.00
2016.09.21 12:09:45.504,0.97564,0.97576,1.87,1.12
2016.09.21 12:09:46.558,0.97564,0.97576,1.87,1.50
2016.09.21 12:09:46.663,0.97564,0.97577,2.62,3.22
2016.09.21 12:09:46.769,0.97564,0.97577,2.25,3.60
2016.09.21 12:09:46.972,0.97564,0.97577,2.25,3.97
2016.09.21 12:09:48.146,0.97564,0.97577,3.00,3.97
2016.09.21 12:09:48.503,0.97564,0.97576,3.00,1.00
2016.09.21 12:09:48.937,0.97564,0.97576,2.25,1.00
2016.09.21 12:09:49.141,0.97564,0.97576,3.00,1.00
2016.09.21 12:09:49.192,0.97564,0.97577,3.37,3.37
2016.09.21 12:09:49.243,0.97565,0.97577,2.25,3.00
2016.09.21 12:09:49.295,0.97565,0.97577,3.37,2.62
2016.09.21 12:09:49.346,0.97566,0.97577,1.00,2.25
2016.09.21 12:09:49.397,0.97566,0.97577,1.50,1.12
2016.09.21 12:09:49.448,0.97567,0.97577,1.12,1.12
2016.09.21 12:09:53.798,0.97567,0.97577,1.12,1.50
2016.09.21 12:09:53.849,0.97566,0.97576,2.25,1.12
2016.09.21 12:09:53.952,0.97566,0.97576,1.87,1.12
2016.09.21 12:09:54.003,0.97566,0.97576,1.12,1.12
2016.09.21 12:09:54.848,0.97565,0.97576,1.50,1.12
2016.09.21 12:09:55.194,0.97566,0.97576,1.12,1.12
2016.09.21 12:09:55.246,0.97566,0.97576,1.50,1.12
2016.09.21 12:09:55.297,0.97567,0.97576,1.12,1.00
2016.09.21 12:09:57.892,0.97566,0.97576,2.25,1.00
2016.09.21 12:10:00.402,0.97567,0.97576,1.37,1.00
2016.09.21 12:10:00.507,0.97568,0.97578,1.00,1.12
2016.09.21 12:10:00.559,0.97567,0.97578,2.25,1.12
2016.09.21 12:10:00.661,0.97567,0.97579,2.25,2.62
2016.09.21 12:10:01.170,0.97567,0.97578,2.25,1.12
2016.09.21 12:10:01.465,0.97567,0.97577,1.50,1.00
2016.09.21 12:10:01.668,0.97567,0.97578,2.25,1.12
2016.09.21 12:10:05.774,0.97568,0.97578,1.12,1.12
2016.09.21 12:10:06.162,0.97568,0.97578,1.12,1.12
2016.09.21 12:10:07.262,0.97568,0.97575,1.12,1.25
2016.09.21 12:10:07.313,0.97568,0.97575,1.12,1.25
2016.09.21 12:10:07.364,0.97565,0.97574,1.75,1.50
2016.09.21 12:10:07.417,0.97564,0.97574,1.50,1.87
2016.09.21 12:10:07.470,0.97562,0.97573,7.12,1.00
2016.09.21 12:10:07.572,0.97562,0.97573,6.75,1.00
2016.09.21 12:10:07.675,0.97562,0.97573,5.62,1.00
2016.09.21 12:10:07.804,0.97563,0.97573,1.50,1.00
2016.09.21 12:10:07.908,0.97563,0.97573,1.50,1.00
2016.09.21 12:10:07.960,0.97563,0.97573,3.00,1.00
2016.09.21 12:10:08.012,0.97563,0.97573,3.75,1.00
2016.09.21 12:10:08.063,0.97563,0.97573,3.00,1.75
2016.09.21 12:10:08.114,0.97565,0.97573,1.00,1.75
2016.09.21 12:10:08.166,0.97563,0.97573,1.75,1.75
2016.09.21 12:10:08.268,0.97563,0.97572,1.75,1.00
2016.09.21 12:10:08.320,0.97563,0.97572,1.75,1.00
2016.09.21 12:10:08.371,0.97564,0.97575,1.50,3.00
2016.09.21 12:10:08.422,0.97564,0.97575,1.50,1.87
2016.09.21 12:10:08.474,0.97564,0.97575,1.75,1.00
2016.09.21 12:10:08.525,0.97564,0.97575,1.75,1.00
2016.09.21 12:10:08.577,0.97565,0.97576,1.50,3.37
2016.09.21 12:10:08.680,0.97565,0.97576,1.75,2.62
2016.09.21 12:10:08.884,0.97565,0.97576,1.75,1.12
2016.09.21 12:10:09.090,0.97566,0.97577,1.50,2.06
2016.09.21 12:10:13.515,0.97566,0.97577,1.50,1.31
2016.09.21 12:10:13.567,0.97566,0.97577,1.50,1.12
2016.09.21 12:10:15.294,0.97566,0.97577,2.25,1.12
2016.09.21 12:10:17.099,0.97566,0.97577,1.50,1.12
2016.09.21 12:10:17.150,0.97566,0.97577,1.50,1.12
2016.09.21 12:10:17.406,0.97566,0.97577,2.25,1.12
2016.09.21 12:10:17.610,0.97566,0.97577,1.50,1.12
2016.09.21 12:10:18.197,0.97566,0.97577,2.25,1.12
2016.09.21 12:10:18.299,0.97567,0.97578,1.12,3.00
2016.09.21 12:10:18.351,0.97567,0.97578,1.12,2.62
2016.09.21 12:10:18.504,0.97567,0.97578,1.12,1.50
2016.09.21 12:10:18.555,0.97567,0.97578,1.37,1.50
2016.09.21 12:10:18.606,0.97567,0.97578,1.50,1.12
2016.09.21 12:10:18.657,0.97567,0.97578,1.50,1.50
2016.09.21 12:10:19.294,0.97568,0.97578,1.12,1.50
2016.09.21 12:10:22.918,0.97568,0.97578,1.12,1.00
2016.09.21 12:10:24.176,0.97569,0.97579,1.00,1.50
2016.09.21 12:10:24.227,0.97569,0.97579,1.00,1.37
2016.09.21 12:10:24.278,0.97569,0.97579,1.37,1.00
2016.09.21 12:10:24.330,0.97569,0.9758,1.50,4.87
2016.09.21 12:10:24.417,0.97569,0.9758,1.50,4.50
2016.09.21 12:10:24.468,0.97569,0.9758,1.50,2.62
2016.09.21 12:10:24.697,0.97569,0.9758,1.50,2.85
2016.09.21 12:10:24.799,0.97569,0.97579,1.00,1.00
2016.09.21 12:10:24.901,0.97569,0.9758,1.50,2.85
2016.09.21 12:10:25.003,0.97569,0.9758,1.50,2.10
2016.09.21 12:10:25.105,0.97569,0.9758,1.00,2.47
2016.09.21 12:10:25.207,0.97568,0.9758,2.25,2.47
2016.09.21 12:10:25.309,0.97568,0.9758,2.25,1.87
2016.09.21 12:10:25.360,0.97568,0.9758,2.25,2.25
2016.09.21 12:10:25.411,0.97568,0.9758,2.25,2.62
2016.09.21 12:10:27.263,0.97568,0.9758,2.25,3.37
2016.09.21 12:10:27.314,0.97568,0.9758,1.50,4.12
2016.09.21 12:10:27.844,0.97568,0.9758,1.50,3.37
2016.09.21 12:10:27.946,0.97568,0.97578,1.50,1.00
2016.09.21 12:10:28.151,0.97568,0.97579,1.50,1.87
2016.09.21 12:10:28.202,0.97567,0.97578,1.50,1.50
2016.09.21 12:10:28.253,0.97567,0.97578,1.50,2.25
2016.09.21 12:10:28.305,0.97567,0.97578,1.12,3.37
2016.09.21 12:10:28.481,0.97567,0.97576,1.12,1.00
2016.09.21 12:10:28.686,0.97567,0.97576,1.37,1.00
2016.09.21 12:10:28.738,0.97567,0.97576,1.50,1.00
2016.09.21 12:10:29.333,0.97567,0.97576,1.50,1.00
2016.09.21 12:10:29.384,0.97566,0.97576,2.25,1.00
2016.09.21 12:10:29.531,0.97566,0.97576,2.25,1.00
2016.09.21 12:10:32.704,0.97566,0.97576,1.75,1.00
2016.09.21 12:10:35.065,0.97567,0.97576,1.50,1.00
2016.09.21 12:10:35.116,0.97567,0.97578,3.75,1.37
2016.09.21 12:10:35.168,0.97567,0.97579,4.50,1.50
2016.09.21 12:10:35.219,0.97567,0.9758,3.75,4.12
2016.09.21 12:10:35.270,0.97567,0.9758,3.75,3.75
2016.09.21 12:10:35.373,0.97567,0.9758,3.75,4.50
2016.09.21 12:10:35.424,0.97567,0.97578,3.00,1.37
2016.09.21 12:10:35.990,0.97567,0.97578,2.25,1.37
2016.09.21 12:10:36.195,0.97567,0.97578,2.25,1.37
2016.09.21 12:10:36.981,0.97567,0.97578,2.25,1.37
2016.09.21 12:10:37.543,0.97567,0.97578,1.50,1.37
2016.09.21 12:10:37.595,0.97567,0.97578,1.50,1.37
2016.09.21 12:10:37.791,0.97567,0.97578,1.50,1.87
2016.09.21 12:10:37.893,0.97567,0.97578,1.50,1.37
2016.09.21 12:10:41.129,0.97569,0.97578,1.00,1.37
2016.09.21 12:10:41.951,0.97568,0.97578,1.00,1.37
2016.09.21 12:10:44.509,0.97567,0.97578,1.50,1.87
2016.09.21 12:10:44.561,0.97567,0.97577,1.12,1.00
2016.09.21 12:10:44.612,0.97567,0.97577,1.12,1.12
2016.09.21 12:10:44.663,0.97567,0.97575,1.12,1.37
2016.09.21 12:10:46.165,0.97567,0.97576,1.12,1.37
2016.09.21 12:10:46.216,0.97567,0.97577,1.12,1.50
2016.09.21 12:10:49.519,0.97566,0.97577,1.50,2.25
2016.09.21 12:10:50.568,0.97566,0.97577,1.50,3.00
2016.09.21 12:10:50.671,0.97566,0.97576,1.50,1.12
2016.09.21 12:10:50.878,0.97566,0.97577,2.25,2.25
2016.09.21 12:10:51.134,0.97566,0.97577,1.50,2.25
2016.09.21 12:10:51.288,0.97566,0.97575,1.50,1.37
2016.09.21 12:10:51.492,0.97566,0.97575,1.50,1.50
2016.09.21 12:10:51.544,0.97564,0.97572,2.25,1.37
2016.09.21 12:10:51.595,0.97564,0.97572,1.12,1.37
2016.09.21 12:10:51.647,0.97562,0.97572,2.62,1.37
2016.09.21 12:10:51.703,0.97562,0.97571,2.62,1.00
2016.09.21 12:10:51.908,0.97562,0.97571,2.25,1.00
2016.09.21 12:10:51.959,0.97562,0.97571,2.25,1.00
2016.09.21 12:10:52.522,0.97562,0.97571,1.50,1.00
2016.09.21 12:10:54.020,0.97562,0.97571,1.50,1.00
2016.09.21 12:10:54.435,0.97561,0.97571,1.00,3.37
2016.09.21 12:10:54.487,0.9756,0.97571,1.50,3.00
2016.09.21 12:10:54.539,0.9756,0.97571,1.50,2.62
2016.09.21 12:10:54.692,0.9756,0.97571,1.37,3.00
2016.09.21 12:10:54.743,0.9756,0.9757,1.12,1.00
2016.09.21 12:10:55.058,0.9756,0.9757,1.12,1.00
2016.09.21 12:10:55.161,0.9756,0.9757,1.12,1.00
2016.09.21 12:10:55.212,0.9756,0.9757,1.12,1.50
2016.09.21 12:10:55.469,0.9756,0.9757,1.12,1.50
2016.09.21 12:10:55.520,0.9756,0.9757,1.87,1.50
2016.09.21 12:10:55.622,0.9756,0.9757,2.25,1.50
2016.09.21 12:10:55.673,0.9756,0.9757,2.25,1.37
2016.09.21 12:10:55.928,0.9756,0.97571,2.25,1.87
2016.09.21 12:10:56.132,0.97561,0.97571,1.12,1.87
2016.09.21 12:10:56.235,0.97561,0.97571,1.12,1.87
2016.09.21 12:10:56.286,0.97561,0.97571,1.12,2.62
2016.09.21 12:10:56.339,0.9756,0.97571,1.50,4.50
2016.09.21 12:10:56.390,0.9756,0.97569,1.37,1.75
2016.09.21 12:10:56.441,0.97558,0.97567,2.25,1.87
2016.09.21 12:10:56.492,0.97558,0.97567,2.25,2.25
2016.09.21 12:10:56.544,0.97558,0.97567,1.50,3.37
2016.09.21 12:10:56.595,0.97558,0.97567,1.37,3.37
2016.09.21 12:10:56.702,0.97558,0.97567,1.12,3.37
2016.09.21 12:10:56.754,0.97555,0.97567,3.00,3.75
2016.09.21 12:10:56.805,0.97555,0.97566,3.00,1.12
2016.09.21 12:10:56.857,0.97555,0.97566,3.00,1.12
2016.09.21 12:10:56.909,0.97555,0.97566,3.00,1.50
2016.09.21 12:10:56.960,0.97555,0.97566,2.25,1.50
2016.09.21 12:10:57.063,0.97555,0.97563,2.25,1.12
2016.09.21 12:10:57.166,0.97553,0.97563,3.00,1.37
2016.09.21 12:10:57.217,0.97553,0.97563,2.25,1.37
2016.09.21 12:10:57.269,0.97553,0.97563,1.75,1.12
2016.09.21 12:10:57.339,0.97553,0.97563,1.87,1.00
2016.09.21 12:10:57.391,0.97553,0.97564,1.87,2.62
2016.09.21 12:10:57.442,0.97553,0.97564,1.87,2.25
2016.09.21 12:10:57.493,0.97553,0.97564,1.87,1.87
2016.09.21 12:10:57.544,0.97553,0.97564,2.62,1.87
2016.09.21 12:10:57.647,0.97553,0.97564,1.87,2.62
2016.09.21 12:10:57.749,0.97553,0.97564,1.87,2.25
2016.09.21 12:10:57.852,0.97553,0.97564,1.87,1.50
2016.09.21 12:10:57.954,0.97554,0.97564,1.00,1.87
2016.09.21 12:10:58.042,0.97554,0.97565,1.50,2.81
2016.09.21 12:10:58.096,0.97554,0.97565,1.87,2.81
2016.09.21 12:10:58.147,0.97554,0.97565,1.12,3.37
2016.09.21 12:10:58.199,0.97554,0.97565,1.37,3.37
2016.09.21 12:10:58.250,0.97554,0.97565,1.37,2.62
2016.09.21 12:10:58.301,0.97554,0.97565,1.12,2.62
2016.09.21 12:10:58.353,0.97554,0.97564,1.12,1.12
2016.09.21 12:10:58.404,0.97554,0.97564,1.12,1.75
2016.09.21 12:10:58.455,0.97553,0.97563,1.12,1.37
2016.09.21 12:10:58.558,0.97553,0.97563,1.12,1.37
2016.09.21 12:10:58.610,0.97555,0.97563,1.00,1.37
2016.09.21 12:10:58.662,0.97557,0.97564,1.37,1.50
2016.09.21 12:10:58.772,0.97557,0.97564,1.50,1.12
2016.09.21 12:10:58.825,0.9756,0.97564,4.50,1.00
2016.09.21 12:10:58.878,0.97562,0.97567,4.12,1.00
2016.09.21 12:10:58.957,0.97563,0.97567,2.62,1.00
2016.09.21 12:10:59.010,0.97564,0.97569,1.37,1.00
2016.09.21 12:10:59.061,0.97565,0.97571,1.37,1.00
2016.09.21 12:10:59.112,0.97566,0.97571,1.00,1.00
2016.09.21 12:10:59.164,0.97565,0.97571,1.12,1.00
2016.09.21 12:10:59.216,0.97564,0.97571,3.37,1.00
2016.09.21 12:10:59.333,0.97567,0.97572,1.50,1.00
2016.09.21 12:10:59.385,0.97568,0.97572,1.00,1.00
2016.09.21 12:10:59.489,0.97568,0.97577,1.00,1.00
2016.09.21 12:10:59.540,0.97568,0.97578,1.00,3.75
2016.09.21 12:10:59.591,0.97567,0.97578,1.50,4.50
2016.09.21 12:10:59.798,0.97567,0.97577,1.50,1.12
2016.09.21 12:10:59.900,0.97567,0.97578,1.12,4.50
2016.09.21 12:11:00.001,0.97567,0.97578,1.00,3.00
2016.09.21 12:11:00.053,0.97567,0.97578,1.00,2.25
2016.09.21 12:11:00.104,0.97567,0.97578,1.00,3.00
2016.09.21 12:11:00.461,0.97567,0.97577,1.00,1.12
2016.09.21 12:11:00.716,0.97567,0.97577,1.00,1.50
2016.09.21 12:11:00.788,0.97567,0.97577,1.00,1.50
2016.09.21 12:11:00.840,0.97568,0.97579,1.00,6.75
2016.09.21 12:11:00.892,0.97568,0.97579,1.50,6.75
2016.09.21 12:11:00.944,0.97568,0.97578,1.50,1.12
2016.09.21 12:11:00.996,0.97568,0.97578,1.50,1.12
2016.09.21 12:11:01.047,0.97568,0.97578,1.00,1.87
2016.09.21 12:11:01.149,0.97568,0.97578,1.50,1.12
2016.09.21 12:11:01.521,0.97568,0.97578,1.50,2.25
2016.09.21 12:11:01.573,0.97567,0.97577,1.87,1.00
2016.09.21 12:11:01.624,0.97567,0.97577,1.50,1.00
2016.09.21 12:11:02.032,0.97567,0.97577,1.50,1.00
2016.09.21 12:11:02.134,0.97567,0.97577,1.50,1.50
2016.09.21 12:11:02.247,0.97567,0.97577,1.50,1.50
2016.09.21 12:11:02.350,0.97566,0.97577,1.75,2.62
2016.09.21 12:11:02.401,0.97566,0.97577,1.75,1.87
2016.09.21 12:11:02.452,0.97566,0.97577,1.75,1.50
2016.09.21 12:11:02.504,0.97566,0.97577,1.12,2.25
2016.09.21 12:11:03.132,0.97566,0.97576,1.12,1.00
2016.09.21 12:11:03.389,0.97565,0.97576,1.50,1.00
2016.09.21 12:11:03.543,0.97565,0.97576,1.50,1.50
2016.09.21 12:11:03.749,0.97565,0.97576,1.50,1.00
2016.09.21 12:11:04.017,0.97565,0.97576,1.12,1.37
2016.09.21 12:11:04.374,0.97565,0.97576,1.12,1.87
2016.09.21 12:11:04.874,0.97566,0.97577,1.00,3.75
2016.09.21 12:11:04.927,0.97566,0.97577,1.50,3.00
2016.09.21 12:11:05.031,0.97566,0.97574,1.50,1.00
2016.09.21 12:11:05.112,0.97562,0.97574,4.50,2.81
2016.09.21 12:11:05.163,0.97562,0.97574,2.25,3.37
2016.09.21 12:11:05.216,0.97562,0.97572,1.12,1.37
2016.09.21 12:11:05.267,0.97561,0.97572,1.37,1.87
2016.09.21 12:11:05.318,0.97561,0.97571,1.12,1.00
2016.09.21 12:11:05.436,0.97561,0.97571,1.12,1.50
2016.09.21 12:11:05.487,0.97561,0.9757,1.12,1.50
2016.09.21 12:11:05.590,0.97559,0.9757,3.00,2.62
2016.09.21 12:11:05.641,0.97559,0.97569,3.00,1.12
2016.09.21 12:11:05.692,0.97559,0.97569,2.25,1.00
2016.09.21 12:11:05.744,0.97559,0.9757,2.25,3.00
2016.09.21 12:11:05.795,0.97559,0.9757,2.25,2.62
2016.09.21 12:11:05.846,0.97559,0.9757,1.87,1.50
2016.09.21 12:11:06.357,0.97559,0.9757,1.12,1.50
2016.09.21 12:11:06.478,0.97559,0.9757,1.87,1.87
2016.09.21 12:11:06.581,0.9756,0.9757,1.00,1.37
2016.09.21 12:11:08.058,0.9756,0.9757,1.50,1.37
2016.09.21 12:11:09.144,0.9756,0.97571,1.50,2.62
2016.09.21 12:11:09.195,0.9756,0.97571,1.50,2.25
2016.09.21 12:11:11.299,0.9756,0.97571,2.62,2.25
2016.09.21 12:11:11.554,0.9756,0.97571,2.62,1.75
2016.09.21 12:11:11.708,0.9756,0.97571,3.37,1.75
2016.09.21 12:11:12.364,0.9756,0.97571,2.62,1.12
2016.09.21 12:11:12.415,0.97561,0.97572,1.00,4.12
2016.09.21 12:11:12.466,0.97561,0.97572,1.00,3.37
2016.09.21 12:11:12.556,0.97561,0.97572,1.12,2.25
2016.09.21 12:11:12.608,0.97561,0.97572,2.25,2.25
2016.09.21 12:11:12.660,0.97563,0.97572,1.50,1.37
2016.09.21 12:11:12.711,0.97563,0.97573,1.87,1.50
2016.09.21 12:11:12.762,0.97563,0.97573,2.25,1.12
2016.09.21 12:11:12.813,0.97563,0.97573,3.00,1.00
2016.09.21 12:11:12.865,0.97564,0.97573,1.50,1.00
2016.09.21 12:11:12.968,0.97564,0.97573,1.75,1.00
2016.09.21 12:11:13.224,0.97564,0.97573,1.87,1.00
2016.09.21 12:11:13.277,0.97566,0.97573,1.87,1.00
2016.09.21 12:11:13.379,0.97567,0.97573,1.00,1.00
2016.09.21 12:11:13.437,0.97567,0.97574,3.60,1.00
2016.09.21 12:11:13.488,0.97567,0.97574,4.35,1.00
2016.09.21 12:11:13.539,0.97568,0.97574,1.87,1.00
2016.09.21 12:11:13.590,0.97568,0.97578,3.37,1.50
2016.09.21 12:11:13.693,0.97568,0.97578,1.87,1.00
2016.09.21 12:11:13.795,0.97568,0.97578,3.75,1.50
2016.09.21 12:11:13.952,0.97568,0.97579,1.87,1.00
2016.09.21 12:11:14.309,0.97568,0.97578,2.62,1.00
2016.09.21 12:11:14.413,0.97568,0.9758,2.62,1.00
2016.09.21 12:11:14.464,0.9757,0.9758,1.12,1.00
2016.09.21 12:11:17.591,0.9757,0.9758,1.12,1.00
2016.09.21 12:11:17.642,0.9757,0.97581,1.50,3.37
2016.09.21 12:11:17.847,0.9757,0.97581,2.25,2.62
2016.09.21 12:11:17.898,0.9757,0.97581,3.00,2.62
2016.09.21 12:11:18.012,0.9757,0.97581,3.00,1.87
2016.09.21 12:11:18.624,0.9757,0.97581,3.00,1.87
2016.09.21 12:11:18.675,0.97571,0.97581,1.12,1.12
2016.09.21 12:11:19.492,0.97571,0.97581,1.12,1.69
2016.09.21 12:11:19.543,0.97571,0.97581,1.00,3.41
2016.09.21 12:11:19.594,0.97568,0.97578,1.50,2.25
2016.09.21 12:11:19.646,0.97567,0.97578,3.00,2.62
2016.09.21 12:11:19.697,0.97567,0.97578,3.00,3.75
2016.09.21 12:11:19.748,0.97567,0.97576,1.50,1.00
2016.09.21 12:11:19.799,0.97566,0.97576,1.75,1.00
2016.09.21 12:11:20.546,0.97566,0.97576,1.50,1.00
2016.09.21 12:11:21.564,0.97566,0.97576,1.50,1.00
2016.09.21 12:11:21.735,0.97566,0.97576,1.50,1.00
2016.09.21 12:11:25.718,0.97566,0.97576,1.50,1.00
2016.09.21 12:11:25.814,0.97566,0.97577,2.25,1.12
2016.09.21 12:11:25.866,0.97567,0.97578,1.75,2.62
2016.09.21 12:11:25.969,0.97567,0.97578,1.75,1.87
2016.09.21 12:11:26.122,0.97567,0.97578,2.25,2.62
2016.09.21 12:11:26.174,0.97567,0.97578,3.00,2.62
2016.09.21 12:11:26.226,0.97568,0.97578,1.50,1.00
2016.09.21 12:11:26.277,0.97568,0.97579,2.62,1.87
2016.09.21 12:11:26.328,0.97568,0.97579,3.37,1.50
2016.09.21 12:11:26.379,0.97568,0.97579,3.37,1.50
2016.09.21 12:11:26.430,0.9757,0.9758,1.12,1.50
2016.09.21 12:11:26.687,0.9757,0.9758,1.12,2.25
2016.09.21 12:11:26.892,0.9757,0.9758,1.12,1.50
2016.09.21 12:11:27.250,0.9757,0.9758,1.12,1.00
2016.09.21 12:11:28.354,0.9757,0.9758,1.12,1.00
2016.09.21 12:11:28.405,0.9757,0.97581,1.50,3.00
2016.09.21 12:11:28.515,0.9757,0.97581,1.50,2.62
2016.09.21 12:11:28.566,0.9757,0.97581,1.50,2.62
2016.09.21 12:11:28.770,0.9757,0.97581,1.50,1.50
2016.09.21 12:11:28.872,0.9757,0.97581,2.25,1.50
2016.09.21 12:11:29.127,0.9757,0.97581,3.00,2.62
2016.09.21 12:11:29.179,0.9757,0.97581,3.37,1.87
2016.09.21 12:11:29.231,0.9757,0.97581,3.37,1.12
2016.09.21 12:11:29.282,0.9757,0.97581,3.00,1.00
2016.09.21 12:11:29.333,0.97571,0.97581,1.12,1.00
2016.09.21 12:11:29.515,0.97571,0.97581,1.87,1.00
2016.09.21 12:11:30.833,0.97571,0.97582,1.12,3.00
2016.09.21 12:11:31.141,0.97571,0.97582,1.12,3.00
2016.09.21 12:11:31.278,0.97571,0.97581,1.12,1.00
2016.09.21 12:11:31.330,0.9757,0.97581,3.00,1.50
2016.09.21 12:11:31.381,0.97571,0.97581,1.00,1.50
2016.09.21 12:11:31.483,0.97571,0.97581,1.00,1.12
2016.09.21 12:11:32.099,0.9757,0.97581,2.25,1.12
2016.09.21 12:11:32.150,0.9757,0.97581,2.25,1.12
2016.09.21 12:11:32.201,0.9757,0.97581,2.25,1.50
2016.09.21 12:11:32.558,0.9757,0.97581,2.25,1.50
2016.09.21 12:11:32.660,0.9757,0.97581,2.25,1.50
2016.09.21 12:11:32.712,0.9757,0.97581,2.25,1.87
2016.09.21 12:11:32.850,0.9757,0.97581,1.50,2.62
2016.09.21 12:11:33.157,0.9757,0.97581,1.50,2.62
2016.09.21 12:11:33.259,0.9757,0.9758,1.50,1.00
2016.09.21 12:11:33.565,0.9757,0.9758,1.50,1.00
2016.09.21 12:11:33.671,0.9757,0.9758,1.50,1.00
2016.09.21 12:11:33.723,0.9757,0.9758,1.50,1.12
2016.09.21 12:11:33.876,0.9757,0.9758,1.50,1.12
2016.09.21 12:11:33.927,0.9757,0.9758,1.50,1.00
2016.09.21 12:11:34.080,0.9757,0.9758,1.12,1.37
2016.09.21 12:11:34.131,0.9757,0.9758,1.00,1.50
2016.09.21 12:11:34.182,0.9757,0.9758,1.12,1.50
2016.09.21 12:11:34.233,0.9757,0.9758,1.12,1.12
2016.09.21 12:11:34.604,0.9757,0.97581,1.12,5.25
2016.09.21 12:11:34.657,0.9757,0.97581,1.12,4.50
2016.09.21 12:11:34.709,0.9757,0.97581,1.50,3.75
2016.09.21 12:11:34.761,0.9757,0.97581,2.25,3.00
2016.09.21 12:11:34.863,0.9757,0.97581,2.25,1.87
2016.09.21 12:11:34.967,0.9757,0.97581,2.25,3.00
2016.09.21 12:11:35.038,0.9757,0.97581,2.25,2.25
2016.09.21 12:11:35.090,0.9757,0.97581,2.25,1.50
2016.09.21 12:11:36.305,0.9757,0.97581,2.25,1.50
2016.09.21 12:11:36.357,0.9757,0.97581,2.25,1.12
2016.09.21 12:11:36.459,0.9757,0.97581,2.25,1.50
2016.09.21 12:11:36.767,0.9757,0.97581,3.00,1.50
2016.09.21 12:11:36.870,0.9757,0.97581,3.00,1.12
2016.09.21 12:11:37.325,0.97571,0.97582,1.50,3.75
2016.09.21 12:11:37.377,0.97571,0.97582,1.50,3.75
2016.09.21 12:11:37.716,0.97574,0.97582,1.00,3.00
2016.09.21 12:11:37.768,0.97575,0.97582,1.00,2.25
2016.09.21 12:11:37.819,0.97575,0.97582,1.00,1.12
2016.09.21 12:11:37.870,0.97574,0.97583,4.50,1.50
2016.09.21 12:11:37.922,0.97575,0.97583,3.22,1.12
2016.09.21 12:11:37.973,0.9758,0.97585,1.00,1.37
2016.09.21 12:11:38.024,0.9758,0.97587,1.87,1.50
2016.09.21 12:11:38.075,0.97581,0.97589,1.12,1.37
2016.09.21 12:11:38.153,0.97584,0.97589,1.00,1.00
2016.09.21 12:11:38.204,0.97584,0.9759,1.50,1.12
2016.09.21 12:11:38.256,0.97584,0.97592,1.50,1.75
2016.09.21 12:11:38.308,0.97586,0.97592,1.00,1.00
2016.09.21 12:11:38.616,0.97585,0.97592,1.12,1.00
2016.09.21 12:11:38.718,0.97585,0.97592,1.50,1.00
2016.09.21 12:11:38.769,0.97585,0.97595,1.50,1.50
2016.09.21 12:11:38.991,0.97585,0.97593,1.50,1.00
2016.09.21 12:11:39.043,0.97584,0.97593,1.75,1.75
2016.09.21 12:11:39.094,0.97585,0.97593,1.00,1.75
2016.09.21 12:11:39.146,0.97582,0.97594,1.75,1.87
2016.09.21 12:11:39.250,0.97582,0.97592,1.75,1.37
2016.09.21 12:11:39.301,0.97582,0.97592,2.25,1.37
2016.09.21 12:11:39.352,0.97583,0.97592,1.75,1.37
2016.09.21 12:11:39.403,0.97583,0.97593,2.25,1.37
2016.09.21 12:11:39.455,0.97583,0.97594,3.37,1.87
2016.09.21 12:11:39.506,0.97584,0.97594,1.50,1.87
2016.09.21 12:11:39.558,0.97584,0.97594,2.25,1.37
2016.09.21 12:11:40.284,0.97584,0.97594,2.25,1.00
2016.09.21 12:11:40.335,0.97584,0.97595,2.25,2.62
2016.09.21 12:11:40.706,0.97585,0.97595,1.12,2.62
2016.09.21 12:11:40.757,0.97585,0.97595,1.87,1.87
2016.09.21 12:11:41.189,0.97586,0.97595,1.00,1.00
2016.09.21 12:11:41.296,0.97585,0.97595,1.87,1.00
2016.09.21 12:11:41.500,0.97585,0.97596,1.87,1.87
2016.09.21 12:11:41.551,0.97585,0.97596,1.87,1.50
2016.09.21 12:11:42.700,0.97585,0.97596,1.87,1.50
2016.09.21 12:11:42.802,0.97585,0.97596,1.87,1.50
2016.09.21 12:11:43.593,0.97585,0.97596,3.37,1.50
2016.09.21 12:11:43.644,0.97585,0.97596,3.37,1.69
2016.09.21 12:11:43.696,0.97585,0.97596,1.12,3.19
2016.09.21 12:11:43.748,0.97585,0.97596,1.12,4.31
2016.09.21 12:11:43.863,0.97585,0.97595,1.12,1.25
2016.09.21 12:11:43.915,0.97585,0.97594,1.00,1.12
2016.09.21 12:11:44.069,0.97585,0.97594,1.00,1.12
2016.09.21 12:11:44.121,0.97585,0.97596,1.00,4.31
2016.09.21 12:11:44.173,0.97583,0.97596,3.00,3.56
2016.09.21 12:11:44.225,0.97583,0.97596,2.62,3.56
2016.09.21 12:11:44.276,0.97584,0.97596,1.00,2.06
2016.09.21 12:11:44.327,0.97584,0.97596,1.50,2.06
2016.09.21 12:11:44.380,0.97584,0.97596,1.50,1.62
2016.09.21 12:11:44.686,0.97583,0.97595,2.25,1.12
2016.09.21 12:11:44.839,0.97582,0.97595,1.87,1.12
2016.09.21 12:11:44.891,0.97584,0.97595,1.00,1.50
2016.09.21 12:11:44.942,0.97583,0.97594,1.50,1.12
2016.09.21 12:11:44.993,0.97584,0.97594,1.87,1.12
2016.09.21 12:11:45.060,0.97584,0.97594,2.25,1.12
2016.09.21 12:11:45.111,0.97584,0.97594,2.62,1.00
2016.09.21 12:11:45.163,0.97584,0.97595,3.37,1.12
2016.09.21 12:11:45.215,0.97584,0.97595,3.37,1.12
2016.09.21 12:11:45.317,0.97584,0.97595,3.37,1.00
2016.09.21 12:11:46.129,0.97584,0.97595,3.00,1.00
2016.09.21 12:11:46.231,0.97584,0.97595,3.00,1.00
2016.09.21 12:11:46.282,0.97584,0.97595,3.00,1.00
2016.09.21 12:11:46.333,0.97584,0.97595,3.00,1.12
2016.09.21 12:11:46.384,0.97584,0.97595,3.75,1.12
2016.09.21 12:11:46.435,0.97584,0.97595,3.75,1.12
2016.09.21 12:11:46.486,0.97585,0.97596,1.00,1.50
2016.09.21 12:11:46.538,0.97585,0.97596,1.37,1.12
2016.09.21 12:11:46.849,0.97585,0.97596,1.37,1.12
2016.09.21 12:11:46.901,0.97585,0.97596,1.37,1.12
2016.09.21 12:11:47.107,0.97585,0.97596,1.37,1.12
2016.09.21 12:11:47.211,0.97585,0.97596,1.37,1.12
2016.09.21 12:11:47.606,0.97585,0.97596,1.37,1.12
2016.09.21 12:11:47.709,0.97585,0.97596,1.37,1.12
2016.09.21 12:11:50.176,0.97585,0.97596,1.37,1.87
2016.09.21 12:11:50.481,0.97585,0.97596,1.37,1.12
2016.09.21 12:11:51.529,0.97585,0.97596,1.37,1.12
2016.09.21 12:11:52.678,0.97585,0.97596,1.37,1.87
2016.09.21 12:11:52.781,0.97585,0.97596,1.87,2.62
2016.09.21 12:11:52.833,0.97585,0.97595,1.12,1.50
2016.09.21 12:11:52.885,0.97583,0.97593,3.00,2.47
2016.09.21 12:11:52.936,0.97583,0.97592,1.75,1.12
2016.09.21 12:11:52.989,0.97582,0.97592,1.12,2.62
2016.09.21 12:11:53.091,0.97581,0.97592,1.87,2.62
2016.09.21 12:11:53.567,0.97581,0.97592,1.87,1.87
2016.09.21 12:11:53.618,0.97581,0.97592,1.87,1.00
2016.09.21 12:11:53.720,0.97582,0.97592,1.50,1.00
2016.09.21 12:11:53.771,0.97582,0.97592,1.50,1.00
2016.09.21 12:11:53.823,0.97581,0.97592,2.62,1.00
2016.09.21 12:11:54.026,0.97582,0.97592,1.00,1.12
2016.09.21 12:11:54.077,0.97581,0.97592,2.25,1.12
2016.09.21 12:11:54.408,0.97582,0.97592,1.00,1.12
2016.09.21 12:11:54.767,0.97582,0.97592,1.00,1.87
2016.09.21 12:11:54.820,0.97582,0.97592,1.00,2.62
2016.09.21 12:11:54.872,0.97582,0.97592,1.00,3.37
2016.09.21 12:11:54.924,0.97581,0.9759,1.37,1.12
2016.09.21 12:11:55.041,0.97581,0.97589,1.50,1.00
2016.09.21 12:11:55.112,0.9758,0.97589,2.62,1.00
2016.09.21 12:11:55.184,0.9758,0.97589,1.50,1.00
2016.09.21 12:11:55.236,0.97579,0.9759,3.00,2.62
2016.09.21 12:11:55.287,0.97579,0.97589,3.00,1.00
2016.09.21 12:11:55.390,0.97579,0.9759,3.00,1.50
2016.09.21 12:11:55.806,0.97579,0.97589,3.00,1.00
2016.09.21 12:11:56.062,0.97579,0.97589,2.25,1.00
2016.09.21 12:11:56.113,0.97579,0.97589,1.50,1.00
2016.09.21 12:11:57.298,0.97578,0.97589,2.62,1.50
2016.09.21 12:11:57.864,0.97578,0.97589,2.62,1.00
2016.09.21 12:11:58.961,0.97578,0.97586,2.62,1.00
2016.09.21 12:11:59.063,0.97578,0.97587,1.12,1.87
2016.09.21 12:11:59.114,0.97577,0.97587,1.00,2.62
2016.09.21 12:11:59.165,0.97575,0.97587,2.62,1.87
2016.09.21 12:11:59.273,0.97577,0.97587,1.00,1.50
2016.09.21 12:11:59.324,0.97577,0.97588,1.50,1.50
2016.09.21 12:11:59.377,0.97577,0.97588,2.25,1.50
2016.09.21 12:11:59.428,0.97577,0.97588,3.00,1.50
2016.09.21 12:11:59.480,0.97578,0.97588,2.25,1.00
2016.09.21 12:11:59.531,0.97578,0.97588,3.75,1.00
2016.09.21 12:11:59.582,0.97579,0.97589,1.75,1.00
2016.09.21 12:11:59.992,0.97579,0.97591,1.75,3.60
2016.09.21 12:12:00.089,0.97579,0.97591,1.87,2.85
2016.09.21 12:12:00.257,0.97579,0.97591,1.12,2.85
2016.09.21 12:12:00.574,0.9758,0.97591,1.00,2.85
2016.09.21 12:12:01.832,0.9758,0.9759,1.00,1.12
2016.09.21 12:12:04.339,0.9758,0.97591,1.00,2.85
2016.09.21 12:12:04.449,0.9758,0.97591,1.00,2.25
2016.09.21 12:12:04.504,0.97581,0.97592,1.00,3.75
2016.09.21 12:12:04.556,0.97582,0.97592,1.00,2.25
2016.09.21 12:12:04.608,0.97582,0.97593,1.50,1.50
2016.09.21 12:12:04.660,0.97583,0.97593,1.87,1.50
2016.09.21 12:12:04.712,0.97583,0.97593,3.75,1.00
2016.09.21 12:12:04.763,0.97586,0.97593,1.00,1.00
2016.09.21 12:12:04.814,0.97586,0.97593,1.50,1.00
2016.09.21 12:12:04.866,0.97586,0.97593,2.25,1.00
2016.09.21 12:12:04.917,0.97587,0.97593,1.75,1.00
2016.09.21 12:12:05.102,0.97587,0.97594,1.75,1.00
2016.09.21 12:12:05.440,0.97587,0.97594,1.75,1.00
2016.09.21 12:12:05.645,0.97587,0.97594,2.25,1.00
2016.09.21 12:12:05.697,0.97587,0.97594,2.62,1.00
2016.09.21 12:12:05.810,0.97588,0.97595,1.75,1.00
2016.09.21 12:12:05.865,0.97588,0.97595,2.25,1.00
2016.09.21 12:12:06.021,0.97588,0.97595,1.75,1.00
2016.09.21 12:12:06.123,0.97588,0.97595,2.25,1.00
2016.09.21 12:12:06.339,0.97588,0.97598,2.25,1.00
2016.09.21 12:12:06.391,0.97588,0.97598,2.25,1.00
2016.09.21 12:12:06.860,0.97588,0.97598,1.75,1.00
2016.09.21 12:12:07.272,0.97588,0.97598,2.25,1.00
2016.09.21 12:12:07.682,0.97588,0.97598,1.75,1.00
2016.09.21 12:12:07.785,0.97588,0.97598,2.25,1.00
2016.09.21 12:12:08.040,0.97588,0.97598,3.00,1.00
2016.09.21 12:12:08.593,0.97588,0.97598,2.62,1.00
2016.09.21 12:12:09.634,0.97589,0.97598,1.75,1.00
2016.09.21 12:12:09.788,0.97589,0.97598,1.50,1.00
2016.09.21 12:12:10.043,0.97588,0.97598,1.87,1.00
2016.09.21 12:12:16.432,0.97588,0.97596,1.12,1.00
2016.09.21 12:12:16.497,0.97587,0.97596,1.75,1.00
2016.09.21 12:12:16.549,0.97587,0.97596,1.37,1.00
2016.09.21 12:12:16.600,0.97587,0.97596,1.12,1.35
2016.09.21 12:12:16.652,0.97587,0.97592,1.12,1.00
2016.09.21 12:12:16.732,0.97586,0.9759,1.00,1.00
2016.09.21 12:12:16.784,0.97585,0.9759,2.25,1.00
2016.09.21 12:12:16.886,0.97584,0.9759,1.00,1.12
2016.09.21 12:12:17.194,0.97584,0.9759,1.00,1.00
2016.09.21 12:12:17.245,0.97584,0.97593,1.00,2.62
2016.09.21 12:12:17.296,0.97584,0.97593,1.50,2.25
2016.09.21 12:12:17.348,0.97584,0.97593,3.00,1.00
2016.09.21 12:12:17.399,0.97584,0.97595,3.37,3.00
2016.09.21 12:12:17.451,0.97584,0.97595,4.12,2.62
2016.09.21 12:12:17.543,0.97586,0.97595,2.25,1.00
2016.09.21 12:12:17.595,0.97587,0.97595,2.25,1.50
2016.09.21 12:12:17.647,0.97589,0.97595,1.00,1.50
2016.09.21 12:12:17.699,0.97589,0.97595,1.87,1.00
2016.09.21 12:12:17.751,0.9759,0.97597,1.00,1.00
2016.09.21 12:12:17.802,0.9759,0.97597,1.50,1.00
2016.09.21 12:12:17.905,0.9759,0.97598,1.75,1.00
2016.09.21 12:12:17.956,0.9759,0.97598,1.87,1.00
2016.09.21 12:12:18.007,0.97591,0.97598,1.37,1.00
2016.09.21 12:12:18.058,0.97591,0.97597,1.87,1.00
2016.09.21 12:12:18.109,0.97591,0.97597,1.50,1.00
2016.09.21 12:12:18.161,0.97591,0.97597,1.87,1.00
2016.09.21 12:12:18.212,0.97591,0.97597,2.25,1.00
2016.09.21 12:12:18.365,0.97593,0.97602,1.69,2.44
2016.09.21 12:12:18.417,0.97597,0.97603,1.00,1.75
2016.09.21 12:12:18.523,0.97597,0.97604,1.00,2.25
2016.09.21 12:12:18.627,0.97597,0.97604,1.00,1.00
2016.09.21 12:12:18.678,0.97597,0.97604,1.12,1.00
2016.09.21 12:12:18.729,0.97597,0.97604,1.87,1.00
2016.09.21 12:12:18.780,0.97597,0.97604,3.37,1.00
2016.09.21 12:12:19.304,0.97597,0.97608,3.37,1.87
2016.09.21 12:12:20.597,0.97597,0.97608,3.00,2.25
2016.09.21 12:12:22.308,0.97597,0.97603,3.00,2.25
2016.09.21 12:12:22.360,0.97597,0.97603,2.25,2.62
2016.09.21 12:12:22.412,0.97596,0.97601,1.50,1.50
2016.09.21 12:12:22.534,0.97595,0.97599,1.00,1.00
2016.09.21 12:12:22.638,0.97592,0.97599,1.12,1.00
2016.09.21 12:12:22.740,0.97592,0.97599,1.00,1.00
2016.09.21 12:12:22.894,0.97591,0.97599,1.12,1.00
2016.09.21 12:12:22.946,0.97591,0.97599,1.12,1.00
2016.09.21 12:12:22.997,0.97592,0.97599,1.00,1.00
2016.09.21 12:12:23.050,0.97592,0.97599,1.00,1.50
2016.09.21 12:12:23.101,0.97589,0.97599,1.50,1.50
2016.09.21 12:12:23.154,0.97587,0.97598,2.62,1.50
2016.09.21 12:12:23.362,0.97587,0.97598,3.37,1.00
2016.09.21 12:12:23.464,0.97588,0.97598,1.50,1.00
2016.09.21 12:12:23.515,0.97589,0.97598,1.12,1.00
2016.09.21 12:12:23.567,0.97589,0.976,1.87,1.87
2016.09.21 12:12:23.618,0.9759,0.976,1.12,1.50
2016.09.21 12:12:24.497,0.9759,0.976,1.12,1.87
2016.09.21 12:12:24.548,0.9759,0.976,1.00,1.87
2016.09.21 12:12:25.899,0.9759,0.976,1.12,1.50
2016.09.21 12:12:25.950,0.9759,0.976,1.50,1.12
2016.09.21 12:12:26.258,0.9759,0.976,1.50,1.12
2016.09.21 12:12:26.625,0.9759,0.976,1.12,1.50
2016.09.21 12:12:27.723,0.9759,0.976,1.50,1.12
2016.09.21 12:12:27.826,0.9759,0.976,1.50,1.12
2016.09.21 12:12:30.792,0.97591,0.976,1.00,1.00
2016.09.21 12:12:30.844,0.97591,0.976,4.12,1.00
2016.09.21 12:12:30.895,0.97594,0.97602,1.00,1.87
2016.09.21 12:12:30.946,0.97593,0.97602,2.62,1.87
2016.09.21 12:12:31.034,0.97593,0.97602,2.25,1.75
2016.09.21 12:12:31.086,0.97593,0.97602,1.75,1.75
2016.09.21 12:12:31.242,0.97593,0.97602,1.50,1.75
2016.09.21 12:12:31.293,0.97593,0.97603,1.50,1.75
2016.09.21 12:12:31.549,0.97593,0.97604,1.50,3.75
2016.09.21 12:12:31.851,0.97592,0.97603,2.62,1.75
2016.09.21 12:12:32.445,0.97592,0.97603,1.87,1.75
2016.09.21 12:12:32.496,0.97592,0.97603,1.87,1.87
2016.09.21 12:12:32.599,0.97592,0.97602,1.87,1.75
2016.09.21 12:12:34.443,0.97592,0.97602,1.87,1.75
2016.09.21 12:12:35.281,0.97593,0.97602,1.91,1.00
2016.09.21 12:12:35.333,0.97593,0.97602,4.39,1.00
2016.09.21 12:12:35.384,0.97595,0.97605,1.87,2.25
2016.09.21 12:12:35.436,0.97596,0.97605,1.50,1.00
2016.09.21 12:12:35.488,0.97597,0.97605,1.12,1.19
2016.09.21 12:12:35.540,0.97597,0.97605,1.50,1.19
2016.09.21 12:12:35.591,0.97596,0.97605,1.87,1.69
2016.09.21 12:12:35.642,0.97596,0.97605,1.00,2.44
2016.09.21 12:12:35.744,0.97596,0.97604,1.00,1.25
2016.09.21 12:12:35.796,0.97595,0.97604,3.37,1.25
2016.09.21 12:12:35.898,0.97595,0.97604,3.37,1.25
2016.09.21 12:12:36.110,0.97595,0.97604,3.37,1.50
2016.09.21 12:12:36.162,0.97595,0.97604,1.12,1.87
2016.09.21 12:12:36.214,0.97595,0.97604,1.00,1.12
2016.09.21 12:12:36.265,0.97595,0.97604,1.37,1.00
2016.09.21 12:12:36.470,0.97595,0.97605,1.87,1.00
2016.09.21 12:12:36.678,0.97595,0.97605,1.87,1.00
2016.09.21 12:12:36.729,0.97595,0.97605,1.87,1.50
2016.09.21 12:12:37.175,0.97595,0.97605,1.87,1.00
2016.09.21 12:12:37.277,0.97595,0.97605,1.87,1.00
2016.09.21 12:12:37.431,0.97595,0.97605,1.87,1.00
2016.09.21 12:12:37.662,0.97595,0.97605,1.87,1.00
2016.09.21 12:12:39.447,0.97595,0.97605,1.87,1.00
2016.09.21 12:12:40.478,0.97596,0.97606,1.12,1.87
2016.09.21 12:12:40.529,0.97596,0.97606,1.50,1.87
2016.09.21 12:12:40.597,0.97596,0.97606,2.25,1.00
2016.09.21 12:12:40.649,0.97597,0.97608,1.87,4.12
2016.09.21 12:12:40.700,0.97597,0.97608,2.62,4.12
2016.09.21 12:12:40.751,0.97598,0.97608,1.00,3.75
2016.09.21 12:12:40.802,0.97598,0.97608,1.00,3.00
2016.09.21 12:12:41.058,0.97597,0.97608,3.00,3.75
2016.09.21 12:12:41.160,0.97597,0.97608,3.37,3.37
2016.09.21 12:12:41.211,0.97597,0.97608,2.62,2.62
2016.09.21 12:12:41.262,0.97597,0.97608,1.87,1.87
2016.09.21 12:12:41.364,0.97597,0.97608,1.87,3.37
2016.09.21 12:12:41.416,0.97596,0.97607,2.25,1.00
2016.09.21 12:12:41.468,0.97596,0.97607,1.50,1.87
2016.09.21 12:12:41.875,0.97595,0.97606,3.00,1.00
2016.09.21 12:12:41.927,0.97595,0.97606,2.62,1.00
2016.09.21 12:12:41.978,0.97595,0.97606,2.62,1.12
2016.09.21 12:12:42.029,0.97596,0.97606,1.00,1.12
2016.09.21 12:12:42.080,0.97595,0.97606,3.00,1.00
2016.09.21 12:12:43.476,0.97595,0.97606,3.00,1.00
2016.09.21 12:12:44.393,0.97597,0.97607,1.12,1.87
2016.09.21 12:12:44.499,0.97597,0.97607,2.25,1.00
2016.09.21 12:12:44.550,0.97598,0.97607,1.00,1.00
2016.09.21 12:12:44.601,0.97597,0.97607,2.25,1.00
2016.09.21 12:12:44.653,0.97597,0.97607,2.25,1.00
2016.09.21 12:12:45.460,0.97597,0.97607,2.25,1.00
2016.09.21 12:12:45.757,0.97597,0.97607,2.25,1.00
2016.09.21 12:12:49.403,0.97597,0.97607,2.25,1.50
2016.09.21 12:12:49.557,0.97597,0.97607,2.25,1.00
2016.09.21 12:12:49.821,0.97597,0.97608,2.25,1.12
2016.09.21 12:12:51.369,0.97597,0.97608,2.25,1.87
2016.09.21 12:12:52.076,0.97597,0.97608,2.25,1.12
2016.09.21 12:12:52.284,0.97597,0.97607,2.25,1.00
2016.09.21 12:12:55.910,0.976,0.97609,1.00,3.37
2016.09.21 12:12:55.961,0.976,0.97609,1.00,1.50
2016.09.21 12:12:56.064,0.976,0.97609,1.37,1.12
2016.09.21 12:12:56.116,0.976,0.97609,3.37,1.12
2016.09.21 12:12:56.168,0.976,0.97609,3.37,1.12
2016.09.21 12:12:56.219,0.976,0.97609,2.25,1.12
2016.09.21 12:12:56.321,0.976,0.97609,1.87,1.50
2016.09.21 12:12:56.372,0.976,0.97609,1.50,1.50
2016.09.21 12:12:56.424,0.976,0.97609,1.87,1.12
2016.09.21 12:12:56.475,0.976,0.97609,2.25,1.12
2016.09.21 12:12:56.526,0.976,0.97609,1.87,1.50
2016.09.21 12:12:56.577,0.976,0.97609,1.50,1.50
2016.09.21 12:12:56.628,0.976,0.97609,2.25,1.00
2016.09.21 12:12:56.679,0.97601,0.9761,1.50,1.00
2016.09.21 12:12:56.731,0.97603,0.97612,1.12,1.87
2016.09.21 12:12:56.782,0.97603,0.97612,1.87,1.50
2016.09.21 12:12:56.834,0.97605,0.97613,1.50,2.62
2016.09.21 12:12:56.886,0.97605,0.97613,1.50,2.25
2016.09.21 12:12:56.938,0.97605,0.97613,1.50,1.50
2016.09.21 12:12:56.989,0.97605,0.97613,2.62,1.00
2016.09.21 12:12:57.194,0.97605,0.97613,2.25,1.00
2016.09.21 12:12:57.552,0.97605,0.97615,2.25,1.50
2016.09.21 12:12:57.603,0.97605,0.97615,2.62,1.50
2016.09.21 12:12:57.654,0.97605,0.97615,2.62,1.12
2016.09.21 12:12:57.766,0.97605,0.97615,1.87,1.12
2016.09.21 12:12:57.818,0.97605,0.97615,2.62,1.12
2016.09.21 12:12:57.921,0.97605,0.97615,2.25,1.37
2016.09.21 12:12:59.195,0.97605,0.97616,2.62,3.19
2016.09.21 12:12:59.246,0.97606,0.97616,3.00,3.00
2016.09.21 12:12:59.297,0.97606,0.97616,3.37,1.87
2016.09.21 12:12:59.349,0.97607,0.97618,1.50,4.50
2016.09.21 12:12:59.400,0.97607,0.97618,1.87,3.37
2016.09.21 12:12:59.506,0.97607,0.97618,1.50,1.87
2016.09.21 12:12:59.608,0.97607,0.97618,1.50,1.87
2016.09.21 12:12:59.659,0.97607,0.97618,1.12,2.25
2016.09.21 12:12:59.711,0.97607,0.97618,1.00,2.25
2016.09.21 12:12:59.813,0.97607,0.97617,1.12,1.00
2016.09.21 12:12:59.864,0.97606,0.97617,3.00,1.12
2016.09.21 12:12:59.915,0.97606,0.97617,3.00,1.00
2016.09.21 12:13:00.017,0.97607,0.97617,1.00,1.12
2016.09.21 12:13:00.068,0.97606,0.97616,3.00,1.00
2016.09.21 12:13:00.123,0.97606,0.97616,2.25,1.87
2016.09.21 12:13:00.200,0.97606,0.97616,2.62,1.87
2016.09.21 12:13:00.357,0.97606,0.97616,1.50,2.62
2016.09.21 12:13:00.411,0.97606,0.97616,1.87,3.00
2016.09.21 12:13:00.487,0.97606,0.97616,2.62,1.87
2016.09.21 12:13:02.111,0.97606,0.97616,2.25,1.87
2016.09.21 12:13:02.162,0.97606,0.97616,2.25,2.25
2016.09.21 12:13:03.115,0.97606,0.97613,2.25,1.00
2016.09.21 12:13:03.167,0.97605,0.97613,1.50,1.94
2016.09.21 12:13:03.218,0.97604,0.97612,1.87,3.94
2016.09.21 12:13:03.350,0.97602,0.97611,1.50,1.75
2016.09.21 12:13:03.403,0.97602,0.9761,1.12,2.25
2016.09.21 12:13:03.456,0.97601,0.9761,1.87,2.62
2016.09.21 12:13:03.508,0.97601,0.97609,1.12,1.12
2016.09.21 12:13:03.561,0.97601,0.97609,1.00,1.87
2016.09.21 12:13:03.612,0.97601,0.97609,1.00,2.25
2016.09.21 12:13:03.663,0.97601,0.97609,1.00,1.50
2016.09.21 12:13:03.715,0.97601,0.97609,1.00,1.50
2016.09.21 12:13:03.766,0.97599,0.97609,1.00,1.87
2016.09.21 12:13:04.917,0.97598,0.97609,3.00,1.37
2016.09.21 12:13:04.968,0.97598,0.97609,2.25,1.37
2016.09.21 12:13:05.320,0.97598,0.97609,2.25,1.87
2016.09.21 12:13:06.418,0.97598,0.97609,2.25,1.87
2016.09.21 12:13:07.395,0.97598,0.97608,1.50,1.12
2016.09.21 12:13:07.476,0.97599,0.97607,1.12,1.00
2016.09.21 12:13:07.529,0.97599,0.97607,1.00,1.00
2016.09.21 12:13:07.633,0.97597,0.97606,2.25,1.12
2016.09.21 12:13:07.684,0.97597,0.97606,1.50,1.12
2016.09.21 12:13:07.736,0.97597,0.97606,1.12,1.00
2016.09.21 12:13:07.840,0.97596,0.97601,1.37,1.00
2016.09.21 12:13:07.944,0.97596,0.976,1.00,1.00
2016.09.21 12:13:07.996,0.97595,0.976,1.37,1.00
2016.09.21 12:13:08.048,0.97591,0.97601,3.00,1.50
2016.09.21 12:13:08.100,0.97591,0.976,3.00,1.12
2016.09.21 12:13:08.215,0.97591,0.976,2.25,1.87
2016.09.21 12:13:08.295,0.97591,0.97601,1.87,2.62
2016.09.21 12:13:08.448,0.97591,0.97601,1.50,2.62
2016.09.21 12:13:08.499,0.97591,0.976,1.50,1.37
2016.09.21 12:13:08.551,0.97591,0.97601,1.12,1.87
2016.09.21 12:13:08.602,0.97591,0.97601,1.12,1.50
2016.09.21 12:13:08.654,0.97591,0.97601,1.00,1.87
2016.09.21 12:13:08.705,0.97591,0.976,1.00,1.37
2016.09.21 12:13:08.858,0.97591,0.97601,1.00,2.62
2016.09.21 12:13:08.964,0.97591,0.976,1.12,1.00
2016.09.21 12:13:09.016,0.97591,0.97601,1.12,2.62
2016.09.21 12:13:09.069,0.97591,0.97601,1.00,2.62
2016.09.21 12:13:09.120,0.97591,0.976,1.00,1.37
2016.09.21 12:13:09.385,0.97591,0.97601,1.00,3.00
2016.09.21 12:13:09.436,0.97591,0.976,1.00,1.00
2016.09.21 12:13:09.488,0.97591,0.976,1.00,1.12
2016.09.21 12:13:09.540,0.97591,0.976,1.00,1.37
2016.09.21 12:13:10.870,0.9759,0.976,1.12,1.87
2016.09.21 12:13:12.999,0.9759,0.976,1.50,1.50
2016.09.21 12:13:13.051,0.9759,0.976,1.87,1.12
2016.09.21 12:13:13.153,0.9759,0.976,1.87,1.00
2016.09.21 12:13:13.205,0.9759,0.976,1.50,1.00
2016.09.21 12:13:13.257,0.9759,0.976,1.50,1.50
2016.09.21 12:13:13.513,0.9759,0.976,1.87,1.50
2016.09.21 12:13:13.564,0.9759,0.976,1.87,1.12
2016.09.21 12:13:13.765,0.9759,0.976,1.50,1.50
2016.09.21 12:13:16.169,0.9759,0.976,1.50,1.50
2016.09.21 12:13:16.272,0.97591,0.976,1.00,1.00
2016.09.21 12:13:16.375,0.97591,0.97601,1.12,1.37
2016.09.21 12:13:16.427,0.97591,0.97601,1.50,1.37
2016.09.21 12:13:16.530,0.97591,0.97601,1.50,1.37
2016.09.21 12:13:17.330,0.97591,0.976,1.50,1.12
2016.09.21 12:13:17.381,0.97591,0.976,1.12,1.12
2016.09.21 12:13:17.484,0.9759,0.976,1.87,1.12
2016.09.21 12:13:17.990,0.97591,0.976,1.12,1.12
2016.09.21 12:13:18.041,0.97591,0.97601,1.12,2.25
2016.09.21 12:13:18.092,0.9759,0.97601,2.62,2.25
2016.09.21 12:13:18.144,0.9759,0.97601,2.62,2.62
2016.09.21 12:13:18.195,0.9759,0.97601,2.25,2.62
2016.09.21 12:13:18.246,0.9759,0.976,1.87,1.00
2016.09.21 12:13:18.297,0.9759,0.976,1.12,1.00
2016.09.21 12:13:18.450,0.9759,0.976,1.12,1.50
2016.09.21 12:13:18.501,0.9759,0.976,1.12,1.87
2016.09.21 12:13:18.552,0.9759,0.976,1.00,1.87
2016.09.21 12:13:19.042,0.97589,0.976,1.87,1.87
2016.09.21 12:13:19.501,0.97589,0.97599,1.12,1.12
2016.09.21 12:13:20.509,0.97589,0.976,1.12,3.37
2016.09.21 12:13:21.010,0.97589,0.97599,1.12,1.12
2016.09.21 12:13:22.496,0.9759,0.97599,1.00,1.12
2016.09.21 12:13:23.641,0.9759,0.976,1.00,2.62
2016.09.21 12:13:25.355,0.9759,0.976,1.00,2.25
2016.09.21 12:13:25.410,0.9759,0.976,1.00,2.25
2016.09.21 12:13:25.492,0.97593,0.976,1.00,1.00
2016.09.21 12:13:25.619,0.97593,0.97601,1.00,1.50
2016.09.21 12:13:25.679,0.97593,0.97602,1.00,2.06
2016.09.21 12:13:25.731,0.97593,0.97602,1.00,2.44
2016.09.21 12:13:25.783,0.97593,0.97601,1.00,1.37
2016.09.21 12:13:26.191,0.97593,0.97601,1.00,1.87
2016.09.21 12:13:26.294,0.97593,0.976,1.00,1.00
2016.09.21 12:13:26.395,0.97593,0.97601,1.00,1.50
2016.09.21 12:13:26.447,0.97593,0.97601,1.00,1.87
2016.09.21 12:13:26.498,0.97593,0.976,1.00,1.00
2016.09.21 12:13:26.549,0.97593,0.97601,1.00,1.87
2016.09.21 12:13:26.650,0.97593,0.976,1.00,1.00
2016.09.21 12:13:26.754,0.97593,0.97601,1.00,1.50
2016.09.21 12:13:26.824,0.97593,0.97601,1.00,1.87
2016.09.21 12:13:26.875,0.97593,0.976,1.00,1.00
2016.09.21 12:13:27.718,0.97593,0.976,1.50,1.00
2016.09.21 12:13:27.770,0.97594,0.97603,1.87,3.00
2016.09.21 12:13:27.822,0.97595,0.97603,1.12,1.75
2016.09.21 12:13:27.873,0.97595,0.97603,2.62,1.00
2016.09.21 12:13:27.924,0.97597,0.97604,1.00,1.37
2016.09.21 12:13:27.976,0.97598,0.97606,1.00,1.00
2016.09.21 12:13:28.027,0.97598,0.97609,1.00,4.12
2016.09.21 12:13:28.078,0.97599,0.97608,1.12,1.00
2016.09.21 12:13:28.130,0.97599,0.97609,1.87,3.00
2016.09.21 12:13:28.181,0.97599,0.97609,2.25,3.00
2016.09.21 12:13:28.308,0.97599,0.97609,2.62,3.00
2016.09.21 12:13:28.360,0.976,0.97609,1.00,2.25
2016.09.21 12:13:28.411,0.976,0.97609,1.00,2.25
2016.09.21 12:13:28.463,0.976,0.97609,1.00,1.50
2016.09.21 12:13:28.514,0.976,0.97609,1.00,2.25
2016.09.21 12:13:28.770,0.976,0.97609,1.00,1.50
2016.09.21 12:13:29.153,0.976,0.97608,1.00,1.12
2016.09.21 12:13:29.258,0.976,0.9761,1.00,3.00
2016.09.21 12:13:29.464,0.976,0.9761,1.50,3.00
2016.09.21 12:13:29.515,0.97601,0.9761,1.00,2.25
2016.09.21 12:13:29.567,0.97601,0.9761,1.00,1.87
2016.09.21 12:13:29.619,0.976,0.9761,1.87,1.87
2016.09.21 12:13:29.671,0.976,0.9761,2.25,1.87
2016.09.21 12:13:29.722,0.976,0.9761,2.25,1.87
2016.09.21 12:13:29.773,0.976,0.9761,1.69,1.87
2016.09.21 12:13:29.889,0.976,0.9761,1.69,1.87
2016.09.21 12:13:29.941,0.976,0.9761,1.69,1.87
2016.09.21 12:13:30.298,0.976,0.9761,2.06,1.87
2016.09.21 12:13:30.506,0.976,0.9761,1.87,1.37
2016.09.21 12:13:30.557,0.976,0.9761,1.50,1.87
2016.09.21 12:13:30.662,0.976,0.97609,1.50,1.12
2016.09.21 12:13:30.772,0.976,0.97609,1.12,1.87
2016.09.21 12:13:30.825,0.976,0.97609,1.00,1.87
2016.09.21 12:13:31.236,0.976,0.97609,1.00,1.50
2016.09.21 12:13:31.488,0.97599,0.97609,2.25,1.50
2016.09.21 12:13:31.540,0.97599,0.97607,2.25,1.00
2016.09.21 12:13:31.592,0.97599,0.97607,1.50,1.00
2016.09.21 12:13:31.695,0.97599,0.97608,1.00,1.12
2016.09.21 12:13:31.798,0.97598,0.97604,1.50,1.87
2016.09.21 12:13:31.850,0.97598,0.97604,1.50,2.25
2016.09.21 12:13:31.902,0.97596,0.97603,1.00,1.00
2016.09.21 12:13:31.987,0.97593,0.97603,1.50,2.25
2016.09.21 12:13:32.043,0.97593,0.97603,1.12,3.37
2016.09.21 12:13:32.094,0.97596,0.97603,1.00,1.50
2016.09.21 12:13:32.146,0.97596,0.97605,1.50,1.37
2016.09.21 12:13:32.198,0.97596,0.97605,2.62,1.00
2016.09.21 12:13:32.249,0.97596,0.97605,1.87,1.00
2016.09.21 12:13:32.351,0.97596,0.97605,2.25,1.00
2016.09.21 12:13:32.402,0.97597,0.97605,1.12,1.00
2016.09.21 12:13:32.453,0.97597,0.97606,2.25,1.00
2016.09.21 12:13:32.505,0.97597,0.97608,3.00,2.25
2016.09.21 12:13:32.658,0.97597,0.97608,3.00,1.50
2016.09.21 12:13:32.861,0.97598,0.97609,1.12,4.12
2016.09.21 12:13:32.964,0.97598,0.97609,1.50,4.12
2016.09.21 12:13:33.172,0.97598,0.97609,1.12,4.12
2016.09.21 12:13:33.274,0.97598,0.97609,1.50,3.00
2016.09.21 12:13:33.326,0.97598,0.97608,1.50,1.12
2016.09.21 12:13:33.377,0.97598,0.97608,1.12,1.37
2016.09.21 12:13:33.480,0.97598,0.97608,1.00,1.87
2016.09.21 12:13:33.632,0.97598,0.97608,1.00,1.12
2016.09.21 12:13:33.683,0.97597,0.97608,3.00,1.50
2016.09.21 12:13:33.786,0.97598,0.97608,1.00,1.12
2016.09.21 12:13:33.889,0.97597,0.97608,3.00,1.50
2016.09.21 12:13:33.944,0.97597,0.97608,3.37,1.37
2016.09.21 12:13:33.995,0.97598,0.97608,1.00,1.12
2016.09.21 12:13:34.047,0.97598,0.97608,1.00,1.87
2016.09.21 12:13:34.149,0.97598,0.97608,1.00,2.25
2016.09.21 12:13:34.200,0.97597,0.97608,3.00,2.25
2016.09.21 12:13:34.251,0.97597,0.97608,3.37,1.87
2016.09.21 12:13:34.302,0.97598,0.97608,1.00,1.87
2016.09.21 12:13:34.354,0.97598,0.97608,1.00,1.50
2016.09.21 12:13:34.405,0.97597,0.97608,3.00,1.50
2016.09.21 12:13:34.708,0.97597,0.97608,3.00,1.50
2016.09.21 12:13:37.225,0.97597,0.97608,3.00,1.50
2016.09.21 12:13:37.429,0.97597,0.97608,3.37,1.50
2016.09.21 12:13:37.480,0.97598,0.97608,1.00,1.12
2016.09.21 12:13:41.239,0.97598,0.97608,1.00,3.97
2016.09.21 12:13:41.338,0.97597,0.97604,1.12,3.56
2016.09.21 12:13:41.389,0.97594,0.97604,2.25,4.31
2016.09.21 12:13:41.441,0.97594,0.97604,1.87,3.56
2016.09.21 12:13:41.493,0.97593,0.97602,2.62,1.75
2016.09.21 12:13:41.544,0.97593,0.97602,1.87,1.75
2016.09.21 12:13:42.055,0.97592,0.97602,1.87,1.75
2016.09.21 12:13:42.647,0.97592,0.97602,1.87,1.75
2016.09.21 12:13:42.698,0.97593,0.97603,1.00,1.50
2016.09.21 12:13:42.902,0.97593,0.97603,1.00,1.87
2016.09.21 12:13:43.714,0.97593,0.97603,1.00,1.50
2016.09.21 12:13:44.327,0.97593,0.97603,1.00,1.00
2016.09.21 12:13:44.532,0.97593,0.97603,1.00,1.12
2016.09.21 12:13:44.686,0.97593,0.97603,1.00,1.00
2016.09.21 12:13:45.098,0.97593,0.97603,1.12,1.00
2016.09.21 12:13:45.150,0.97593,0.97603,1.12,1.00
2016.09.21 12:13:45.305,0.97592,0.97603,4.87,1.00
2016.09.21 12:13:45.356,0.97593,0.97603,1.12,1.00
2016.09.21 12:13:45.628,0.97593,0.97603,1.87,1.12
2016.09.21 12:13:45.681,0.97593,0.97603,1.87,1.12
2016.09.21 12:13:48.230,0.97593,0.97602,1.87,1.75
2016.09.21 12:13:48.383,0.97593,0.97602,1.87,2.62
2016.09.21 12:13:48.435,0.97593,0.97601,1.87,1.37
2016.09.21 12:13:48.537,0.97593,0.97601,1.50,1.37
2016.09.21 12:13:48.588,0.97593,0.97601,1.50,1.37
2016.09.21 12:13:48.639,0.97593,0.97602,1.50,1.87
2016.09.21 12:13:48.690,0.97593,0.97602,1.50,2.62
2016.09.21 12:13:48.792,0.97593,0.97601,1.50,1.37
2016.09.21 12:13:48.854,0.97593,0.976,1.50,1.00
2016.09.21 12:13:48.908,0.97593,0.976,1.50,1.00
2016.09.21 12:13:49.011,0.97593,0.976,1.50,1.50
2016.09.21 12:13:49.322,0.97593,0.976,1.00,1.12
2016.09.21 12:13:49.374,0.97592,0.976,1.00,1.12
2016.09.21 12:13:49.425,0.97592,0.976,1.50,1.50
2016.09.21 12:13:50.043,0.97592,0.976,1.50,2.25
2016.09.21 12:13:50.797,0.97592,0.976,1.50,2.25
2016.09.21 12:13:50.849,0.97592,0.976,1.00,2.25
2016.09.21 12:13:50.901,0.9759,0.976,2.62,3.00
2016.09.21 12:13:50.953,0.9759,0.976,2.62,3.00
2016.09.21 12:13:51.005,0.9759,0.97601,2.62,1.87
2016.09.21 12:13:51.108,0.9759,0.976,3.37,1.00
2016.09.21 12:13:51.262,0.9759,0.976,3.37,1.00
2016.09.21 12:13:51.697,0.9759,0.97601,2.62,1.87
2016.09.21 12:13:52.003,0.9759,0.976,2.62,1.12
2016.09.21 12:13:52.054,0.9759,0.976,2.25,1.37
2016.09.21 12:13:52.476,0.9759,0.976,2.25,1.37
2016.09.21 12:13:52.527,0.9759,0.97601,1.50,2.62
2016.09.21 12:13:52.578,0.9759,0.97601,1.50,1.87
2016.09.21 12:13:53.106,0.9759,0.976,1.50,1.37
2016.09.21 12:13:54.413,0.9759,0.976,1.50,1.37
2016.09.21 12:13:54.617,0.9759,0.976,1.50,1.37
2016.09.21 12:13:55.107,0.9759,0.976,2.25,1.37
2016.09.21 12:13:55.799,0.9759,0.976,3.00,1.37
2016.09.21 12:13:55.850,0.9759,0.976,3.75,1.37
2016.09.21 12:13:55.929,0.97591,0.976,1.12,1.00
2016.09.21 12:13:55.981,0.97591,0.97602,1.87,1.87
2016.09.21 12:13:56.510,0.97591,0.97602,1.87,1.37
2016.09.21 12:13:56.900,0.97591,0.97602,2.62,1.37
2016.09.21 12:13:57.620,0.97591,0.97602,3.00,1.37
2016.09.21 12:13:57.671,0.97591,0.97602,3.75,1.37
2016.09.21 12:13:57.773,0.97591,0.97602,3.75,1.37
2016.09.21 12:13:57.825,0.97591,0.97602,3.00,1.50
2016.09.21 12:13:57.927,0.97591,0.97601,3.00,1.37
2016.09.21 12:13:58.936,0.97591,0.97601,1.50,2.62
2016.09.21 12:13:59.038,0.97591,0.97601,1.37,2.62
2016.09.21 12:13:59.149,0.9759,0.976,3.00,1.12
2016.09.21 12:13:59.251,0.9759,0.976,2.62,1.37
2016.09.21 12:13:59.933,0.9759,0.976,2.62,1.87
2016.09.21 12:14:00.496,0.9759,0.976,2.25,1.87
2016.09.21 12:14:00.548,0.9759,0.976,1.50,1.50
2016.09.21 12:14:01.015,0.9759,0.976,2.25,1.87
2016.09.21 12:14:01.526,0.9759,0.976,2.25,1.50
2016.09.21 12:14:01.578,0.9759,0.976,2.62,1.50
2016.09.21 12:14:05.851,0.9759,0.976,2.62,1.50
2016.09.21 12:14:06.056,0.9759,0.976,3.37,1.50
2016.09.21 12:14:06.675,0.9759,0.976,3.37,1.50
2016.09.21 12:14:06.778,0.9759,0.976,2.62,1.50
2016.09.21 12:14:06.829,0.9759,0.976,1.87,1.50
2016.09.21 12:14:07.033,0.9759,0.976,1.87,1.12
2016.09.21 12:14:07.135,0.9759,0.976,1.87,1.50
2016.09.21 12:14:07.340,0.9759,0.976,1.87,2.25
2016.09.21 12:14:07.553,0.9759,0.976,1.87,1.50
2016.09.21 12:14:08.268,0.9759,0.976,1.87,1.50
2016.09.21 12:14:08.472,0.9759,0.976,1.87,1.50
2016.09.21 12:14:09.692,0.9759,0.976,1.87,1.50
2016.09.21 12:14:09.898,0.9759,0.976,1.87,1.50
2016.09.21 12:14:11.215,0.9759,0.976,1.87,1.50
2016.09.21 12:14:11.369,0.9759,0.976,2.62,1.50
2016.09.21 12:14:11.942,0.9759,0.976,1.87,1.50
2016.09.21 12:14:13.078,0.9759,0.976,1.12,1.50
2016.09.21 12:14:13.180,0.9759,0.976,1.87,1.50
2016.09.21 12:14:14.439,0.9759,0.976,1.12,1.50
2016.09.21 12:14:15.565,0.97591,0.976,1.00,1.00
2016.09.21 12:14:16.681,0.9759,0.976,1.87,1.00
2016.09.21 12:14:18.594,0.9759,0.976,2.25,1.00
2016.09.21 12:14:18.935,0.97591,0.976,1.00,1.00
2016.09.21 12:14:18.986,0.97591,0.97601,1.00,1.37
2016.09.21 12:14:19.088,0.97591,0.976,1.00,1.00
2016.09.21 12:14:19.190,0.97591,0.97601,1.87,1.37
2016.09.21 12:14:19.292,0.97591,0.97601,1.87,1.00
2016.09.21 12:14:19.646,0.97591,0.97601,2.62,1.37
2016.09.21 12:14:19.748,0.97593,0.97602,1.00,1.50
2016.09.21 12:14:19.799,0.97593,0.97603,1.00,4.12
2016.09.21 12:14:19.850,0.97593,0.97603,1.00,3.00
2016.09.21 12:14:19.901,0.97593,0.97603,1.37,1.87
2016.09.21 12:14:19.953,0.97594,0.97603,3.75,1.00
2016.09.21 12:14:20.004,0.97594,0.97604,5.25,1.50
2016.09.21 12:14:20.056,0.97596,0.97604,1.00,1.50
2016.09.21 12:14:20.107,0.97596,0.97604,1.37,1.00
2016.09.21 12:14:20.158,0.97597,0.97604,1.00,1.00
2016.09.21 12:14:20.217,0.97597,0.97604,1.50,1.00
2016.09.21 12:14:20.370,0.97597,0.97605,2.25,1.00
2016.09.21 12:14:20.472,0.97597,0.97605,1.87,1.00
2016.09.21 12:14:20.982,0.97598,0.97604,1.00,1.00
2016.09.21 12:14:21.084,0.97598,0.97609,1.00,6.75
2016.09.21 12:14:21.189,0.97598,0.97609,1.00,5.62
2016.09.21 12:14:21.240,0.97598,0.97609,1.87,4.87
2016.09.21 12:14:21.291,0.97598,0.97609,1.87,5.25
2016.09.21 12:14:21.342,0.97598,0.97609,1.87,4.87
2016.09.21 12:14:21.394,0.97598,0.97609,1.87,4.50
2016.09.21 12:14:21.445,0.97598,0.97609,1.12,5.25
2016.09.21 12:14:22.012,0.97597,0.97608,2.25,1.12
2016.09.21 12:14:23.047,0.97597,0.97608,2.25,1.12
2016.09.21 12:14:25.991,0.97597,0.97608,3.00,1.12
2016.09.21 12:14:26.042,0.97599,0.97608,1.00,1.12
2016.09.21 12:14:26.153,0.97599,0.97609,1.12,1.50
2016.09.21 12:14:26.359,0.97599,0.97609,1.12,1.12
2016.09.21 12:14:26.920,0.97599,0.97609,1.87,1.12
2016.09.21 12:14:26.972,0.97599,0.97609,1.87,1.50
2016.09.21 12:14:27.441,0.97599,0.97609,1.87,1.50
2016.09.21 12:14:27.493,0.97599,0.97609,2.62,1.50
2016.09.21 12:14:27.646,0.97599,0.97609,2.62,1.50
2016.09.21 12:14:27.698,0.97599,0.97609,1.87,1.50
2016.09.21 12:14:27.749,0.97599,0.97609,1.87,1.12
2016.09.21 12:14:27.852,0.97599,0.97609,1.37,1.87
2016.09.21 12:14:27.925,0.97598,0.97608,1.87,1.00
2016.09.21 12:14:27.977,0.97598,0.97608,1.75,1.00
2016.09.21 12:14:28.030,0.97598,0.97608,1.50,1.12
2016.09.21 12:14:28.081,0.97598,0.97608,1.12,1.87
2016.09.21 12:14:28.184,0.97598,0.97608,1.12,1.87
2016.09.21 12:14:28.237,0.97598,0.97608,1.00,1.87
2016.09.21 12:14:28.317,0.97598,0.97608,1.00,2.25
2016.09.21 12:14:28.433,0.97597,0.97608,3.00,1.50
2016.09.21 12:14:28.485,0.97598,0.97608,1.00,1.50
2016.09.21 12:14:28.668,0.97598,0.97609,1.00,3.75
2016.09.21 12:14:28.743,0.97597,0.97607,2.62,1.00
2016.09.21 12:14:28.897,0.97597,0.97609,3.22,3.75
2016.09.21 12:14:29.021,0.97597,0.97609,2.85,3.75
2016.09.21 12:14:29.072,0.97597,0.97609,2.85,3.00
2016.09.21 12:14:29.123,0.97598,0.97609,1.12,3.00
2016.09.21 12:14:29.839,0.97597,0.97608,2.85,1.12
2016.09.21 12:14:30.044,0.97597,0.97608,2.85,1.12
2016.09.21 12:14:30.096,0.97597,0.97609,2.85,3.00
2016.09.21 12:14:30.147,0.97599,0.97609,1.00,2.25
2016.09.21 12:14:30.199,0.97599,0.97609,1.50,2.25
2016.09.21 12:14:30.250,0.97599,0.97609,1.87,2.25
2016.09.21 12:14:30.302,0.97599,0.97609,1.87,1.12
2016.09.21 12:14:30.380,0.97599,0.97609,3.22,1.12
2016.09.21 12:14:30.483,0.976,0.97609,1.00,1.12
2016.09.21 12:14:30.619,0.976,0.97609,1.00,1.00
2016.09.21 12:14:30.670,0.97599,0.97609,2.47,1.00
2016.09.21 12:14:30.978,0.97599,0.97609,2.47,1.00
2016.09.21 12:14:31.335,0.97599,0.97609,2.47,1.00
2016.09.21 12:14:31.438,0.97599,0.97609,1.72,1.00
2016.09.21 12:14:31.591,0.97599,0.9761,1.72,1.37
2016.09.21 12:14:31.795,0.97599,0.97609,1.72,1.00
2016.09.21 12:14:33.066,0.976,0.97609,1.35,1.00
2016.09.21 12:14:33.119,0.976,0.9761,2.47,1.37
2016.09.21 12:14:33.170,0.976,0.9761,2.25,1.00
2016.09.21 12:14:33.222,0.97601,0.97611,1.72,1.37
2016.09.21 12:14:33.329,0.97604,0.97612,1.00,1.50
2016.09.21 12:14:33.384,0.97604,0.97612,1.60,1.00
2016.09.21 12:14:33.435,0.97604,0.97612,1.72,1.00
2016.09.21 12:14:33.486,0.97604,0.97612,3.97,1.00
2016.09.21 12:14:33.538,0.97604,0.97612,4.72,1.00
2016.09.21 12:14:33.589,0.97604,0.97614,3.22,1.12
2016.09.21 12:14:33.691,0.97604,0.97614,4.72,1.12
2016.09.21 12:14:33.844,0.97604,0.97614,4.72,1.00
2016.09.21 12:14:33.895,0.97604,0.97614,5.10,1.00
2016.09.21 12:14:33.946,0.97604,0.97614,5.10,1.12
2016.09.21 12:14:33.999,0.97604,0.97614,3.97,1.12
2016.09.21 12:14:34.152,0.97604,0.97614,3.97,1.00
2016.09.21 12:14:34.203,0.97605,0.97614,1.67,1.00
2016.09.21 12:14:34.335,0.97605,0.97615,1.67,1.00
2016.09.21 12:14:34.592,0.97605,0.97615,2.10,1.00
2016.09.21 12:14:35.588,0.97605,0.97615,1.50,1.00
2016.09.21 12:14:35.691,0.97605,0.97615,2.85,1.00
2016.09.21 12:14:35.742,0.97607,0.97616,1.30,1.00
2016.09.21 12:14:35.794,0.97607,0.97617,1.30,1.87
2016.09.21 12:14:35.845,0.97609,0.97617,1.12,1.00
2016.09.21 12:14:36.055,0.97609,0.97617,1.50,1.00
2016.09.21 12:14:36.106,0.97609,0.97619,1.50,3.00
2016.09.21 12:14:36.157,0.97609,0.97619,1.87,3.00
2016.09.21 12:14:36.208,0.97609,0.97619,1.87,1.50
2016.09.21 12:14:36.310,0.97609,0.97619,1.87,2.62
2016.09.21 12:14:36.361,0.9761,0.97619,1.00,2.62
2016.09.21 12:14:36.413,0.9761,0.97619,1.00,2.25
2016.09.21 12:14:36.515,0.9761,0.97619,1.00,1.50
2016.09.21 12:14:36.671,0.9761,0.97619,1.00,2.25
2016.09.21 12:14:36.776,0.9761,0.97619,1.00,1.50
2016.09.21 12:14:37.033,0.9761,0.97619,1.00,1.87
2016.09.21 12:14:37.440,0.9761,0.97619,1.00,1.50
2016.09.21 12:14:37.491,0.9761,0.97619,1.00,1.75
2016.09.21 12:14:37.543,0.9761,0.97618,1.00,1.00
2016.09.21 12:14:37.594,0.9761,0.97619,1.00,1.50
2016.09.21 12:14:38.104,0.9761,0.97619,1.00,1.37
2016.09.21 12:14:38.361,0.9761,0.97619,1.00,1.87
2016.09.21 12:14:38.450,0.9761,0.97619,1.00,2.25
2016.09.21 12:14:38.554,0.97608,0.97619,1.72,3.00
2016.09.21 12:14:38.606,0.97608,0.97619,1.12,3.00
2016.09.21 12:14:38.658,0.97609,0.97619,2.10,2.25
2016.09.21 12:14:38.710,0.97609,0.97619,3.97,2.25
2016.09.21 12:14:38.761,0.9761,0.97619,1.72,1.37
2016.09.21 12:14:38.813,0.9761,0.9762,2.10,1.50
2016.09.21 12:14:38.864,0.97611,0.9762,1.50,1.37
2016.09.21 12:14:38.966,0.97611,0.9762,1.12,1.50
2016.09.21 12:14:39.018,0.97611,0.9762,1.00,1.12
2016.09.21 12:14:39.490,0.97611,0.9762,1.00,1.00
2016.09.21 12:14:39.674,0.97611,0.9762,1.50,1.37
2016.09.21 12:14:39.777,0.97611,0.97621,1.87,2.06
2016.09.21 12:14:39.828,0.97611,0.9762,1.12,1.50
2016.09.21 12:14:39.879,0.97611,0.9762,1.12,1.12
2016.09.21 12:14:40.033,0.97611,0.9762,1.12,1.12
2016.09.21 12:14:40.084,0.97611,0.9762,1.12,1.50
2016.09.21 12:14:40.136,0.97611,0.9762,1.12,1.87
2016.09.21 12:14:40.188,0.9761,0.9762,1.50,2.25
2016.09.21 12:14:40.239,0.97609,0.97619,2.25,1.12
2016.09.21 12:14:40.290,0.97609,0.97619,2.85,1.87
2016.09.21 12:14:40.425,0.9761,0.9762,2.25,2.62
2016.09.21 12:14:40.476,0.9761,0.9762,1.50,1.87
2016.09.21 12:14:40.527,0.9761,0.9762,1.75,1.87
2016.09.21 12:14:40.579,0.97611,0.9762,1.00,1.50
2016.09.21 12:14:40.630,0.9761,0.9762,1.50,1.50
2016.09.21 12:14:40.681,0.9761,0.9762,1.50,1.12
2016.09.21 12:14:41.042,0.97612,0.97622,1.72,4.50
2016.09.21 12:14:41.094,0.97613,0.97622,2.10,3.00
2016.09.21 12:14:41.185,0.97614,0.97622,1.35,1.12
2016.09.21 12:14:41.237,0.97614,0.97623,1.35,1.50
2016.09.21 12:14:41.342,0.97614,0.97623,1.60,1.50
2016.09.21 12:14:41.393,0.97615,0.97623,1.00,1.50
2016.09.21 12:14:41.446,0.97615,0.97623,1.00,1.00
2016.09.21 12:14:41.497,0.97614,0.97623,1.87,1.00
2016.09.21 12:14:41.549,0.97614,0.97623,2.47,1.00
2016.09.21 12:14:41.600,0.97615,0.97623,1.00,1.00
2016.09.21 12:14:41.754,0.97615,0.97624,1.00,1.50
2016.09.21 12:14:42.460,0.97615,0.97624,2.25,1.50
2016.09.21 12:14:42.562,0.97615,0.97624,2.85,1.12
2016.09.21 12:14:42.613,0.97615,0.97624,2.25,1.12
2016.09.21 12:14:42.850,0.97615,0.97624,1.50,1.12
2016.09.21 12:14:43.054,0.97615,0.97625,1.50,1.50
2016.09.21 12:14:43.105,0.97615,0.97625,1.87,1.50
2016.09.21 12:14:43.157,0.97615,0.97625,1.50,1.12
2016.09.21 12:14:43.309,0.97615,0.97625,1.50,1.00
2016.09.21 12:14:43.361,0.97615,0.97625,3.60,1.00
2016.09.21 12:14:43.412,0.97615,0.97625,3.60,1.12
2016.09.21 12:14:43.514,0.97615,0.97625,3.60,1.50
2016.09.21 12:14:43.699,0.97615,0.97625,3.00,1.50
2016.09.21 12:14:44.060,0.97615,0.97625,2.25,1.50
2016.09.21 12:14:44.112,0.97615,0.97625,2.25,1.87
2016.09.21 12:14:44.165,0.97615,0.97621,1.12,1.00
2016.09.21 12:14:44.216,0.97615,0.97621,1.00,1.00
2016.09.21 12:14:44.268,0.97613,0.97622,1.12,2.25
2016.09.21 12:14:44.421,0.97612,0.97621,1.12,1.37
2016.09.21 12:14:44.473,0.97612,0.97621,1.12,1.12
2016.09.21 12:14:45.185,0.97611,0.97621,2.10,1.12
2016.09.21 12:14:45.553,0.97611,0.97622,1.50,2.62
2016.09.21 12:14:45.605,0.97612,0.97622,1.12,2.62
2016.09.21 12:14:46.114,0.97612,0.97622,1.72,1.87
2016.09.21 12:14:46.165,0.97614,0.97622,1.00,1.00
2016.09.21 12:14:46.268,0.97615,0.97623,1.00,1.00
2016.09.21 12:14:46.319,0.97615,0.97624,1.35,3.00
2016.09.21 12:14:46.370,0.97614,0.97624,2.47,2.25
2016.09.21 12:14:46.421,0.97615,0.97624,1.30,2.25
2016.09.21 12:14:46.473,0.97614,0.97624,3.22,1.87
2016.09.21 12:14:46.524,0.97614,0.97624,3.60,1.87
2016.09.21 12:14:46.575,0.97615,0.97624,1.35,1.87
2016.09.21 12:14:46.626,0.97615,0.97624,1.30,1.50
2016.09.21 12:14:46.678,0.97615,0.97624,1.30,1.50
2016.09.21 12:14:46.780,0.97615,0.97624,1.30,1.00
2016.09.21 12:14:47.152,0.97615,0.97625,1.30,1.50
2016.09.21 12:14:47.379,0.97614,0.97625,2.85,1.50
2016.09.21 12:14:47.532,0.97615,0.97625,1.30,1.50
2016.09.21 12:14:47.583,0.97615,0.97625,1.12,1.50
2016.09.21 12:14:48.147,0.97615,0.97625,1.12,1.12
2016.09.21 12:14:48.250,0.97615,0.97624,1.12,1.00
2016.09.21 12:14:48.302,0.97614,0.97624,1.12,2.62
2016.09.21 12:14:48.354,0.97614,0.97623,1.00,1.12
2016.09.21 12:14:48.405,0.97612,0.97623,4.35,1.00
2016.09.21 12:14:48.456,0.97615,0.97624,1.12,1.87
2016.09.21 12:14:48.507,0.97615,0.97624,1.12,1.12
2016.09.21 12:14:48.726,0.97615,0.97625,1.12,3.75
2016.09.21 12:14:48.930,0.97615,0.97625,1.12,4.50
2016.09.21 12:14:49.428,0.97615,0.97625,1.12,4.50
2016.09.21 12:14:49.479,0.97615,0.97625,1.12,3.75
2016.09.21 12:14:49.581,0.97615,0.97625,1.87,3.75
2016.09.21 12:14:49.632,0.97615,0.97625,1.87,3.00
2016.09.21 12:14:49.683,0.97615,0.97625,2.47,1.50
2016.09.21 12:14:49.786,0.97615,0.97625,2.47,1.12
2016.09.21 12:14:49.888,0.97615,0.97625,2.47,1.00
2016.09.21 12:14:50.167,0.97614,0.97625,1.87,2.25
2016.09.21 12:14:50.219,0.97614,0.97625,1.87,3.56
2016.09.21 12:14:50.271,0.97614,0.97622,1.00,1.87
2016.09.21 12:14:50.360,0.97611,0.97622,2.25,1.50
2016.09.21 12:14:50.464,0.97611,0.97622,2.25,1.87
2016.09.21 12:14:50.668,0.97611,0.97622,1.50,1.87
2016.09.21 12:14:50.743,0.97611,0.97622,4.35,1.50
2016.09.21 12:14:50.796,0.97612,0.97623,2.66,1.87
2016.09.21 12:14:50.850,0.97613,0.97624,3.56,3.37
2016.09.21 12:14:50.901,0.97616,0.97624,1.00,2.25
2016.09.21 12:14:50.953,0.97616,0.97624,1.00,1.87
2016.09.21 12:14:51.005,0.97616,0.97624,1.12,1.50
2016.09.21 12:14:51.313,0.97616,0.97624,1.12,1.00
2016.09.21 12:14:51.776,0.97616,0.97626,1.87,1.50
2016.09.21 12:14:52.993,0.97616,0.97626,1.12,1.50
2016.09.21 12:14:53.196,0.97614,0.97625,2.25,1.37
2016.09.21 12:14:53.249,0.97614,0.97623,1.87,3.19
2016.09.21 12:14:53.310,0.97614,0.97623,1.00,4.31
2016.09.21 12:14:53.387,0.97611,0.97622,1.87,1.87
2016.09.21 12:14:53.438,0.97611,0.97622,1.50,2.25
2016.09.21 12:14:53.489,0.97611,0.97621,1.12,1.00
2016.09.21 12:14:53.542,0.97611,0.97622,1.87,1.50
2016.09.21 12:14:53.644,0.97611,0.97622,1.12,1.50
2016.09.21 12:14:53.696,0.97611,0.97622,1.50,1.50
2016.09.21 12:14:53.748,0.97611,0.97622,1.87,1.12
2016.09.21 12:14:54.071,0.97613,0.97622,1.00,1.12
2016.09.21 12:14:54.122,0.97613,0.97623,1.50,1.87
2016.09.21 12:14:54.174,0.97614,0.97624,1.00,2.62
2016.09.21 12:14:54.378,0.97613,0.97624,1.50,2.62
2016.09.21 12:14:54.480,0.97613,0.97624,1.50,1.87
2016.09.21 12:14:54.584,0.97613,0.97624,1.50,2.62
2016.09.21 12:14:56.601,0.97612,0.97622,1.50,1.00
2016.09.21 12:14:56.696,0.97612,0.97619,1.00,1.00
2016.09.21 12:14:56.748,0.97611,0.97619,1.50,1.12
2016.09.21 12:14:56.799,0.97609,0.97619,2.25,1.50
2016.09.21 12:14:56.851,0.97609,0.97619,1.87,1.50
2016.09.21 12:14:56.902,0.97609,0.97619,1.00,1.50
2016.09.21 12:14:56.953,0.97609,0.97619,1.00,1.87
2016.09.21 12:14:57.005,0.97609,0.97619,1.12,1.87
2016.09.21 12:14:57.056,0.97609,0.97619,1.12,1.87
2016.09.21 12:14:57.107,0.97609,0.97619,1.87,1.87
2016.09.21 12:14:57.158,0.97609,0.97619,3.37,1.87
2016.09.21 12:14:57.260,0.97609,0.97619,1.87,1.87
2016.09.21 12:14:57.512,0.97609,0.97619,1.50,1.87
2016.09.21 12:14:57.563,0.97609,0.97619,1.50,2.25
2016.09.21 12:14:57.717,0.97609,0.97619,1.87,1.50
2016.09.21 12:14:57.768,0.97609,0.97619,1.87,1.12
2016.09.21 12:14:57.820,0.97609,0.97618,1.87,1.12
2016.09.21 12:14:57.871,0.97609,0.97615,1.12,1.00
2016.09.21 12:14:57.923,0.97607,0.97615,2.81,1.37
2016.09.21 12:14:57.975,0.97607,0.97616,2.44,1.12
2016.09.21 12:14:58.026,0.97607,0.97616,2.44,1.37
2016.09.21 12:14:58.078,0.97608,0.97617,1.00,1.50
2016.09.21 12:14:58.129,0.97608,0.97617,1.00,1.37
2016.09.21 12:14:58.244,0.97608,0.97617,1.87,1.00
2016.09.21 12:14:58.297,0.97608,0.97618,1.87,1.50
2016.09.21 12:14:58.400,0.97608,0.97617,1.50,1.00
2016.09.21 12:14:58.502,0.97608,0.97618,1.87,1.50
2016.09.21 12:14:58.553,0.97608,0.97618,1.87,1.12
2016.09.21 12:14:58.605,0.97608,0.97618,1.87,1.00
2016.09.21 12:14:58.707,0.97608,0.97619,1.50,1.87
2016.09.21 12:14:58.759,0.97608,0.97618,1.50,1.37
2016.09.21 12:14:58.810,0.9761,0.97618,1.00,1.37
2016.09.21 12:14:59.902,0.97608,0.97618,1.87,1.00
2016.09.21 12:14:59.953,0.97608,0.97619,2.25,1.12
2016.09.21 12:15:00.004,0.97608,0.97619,2.25,1.00
2016.09.21 12:15:00.211,0.97609,0.97619,1.00,1.87
2016.09.21 12:15:00.263,0.97609,0.97618,1.00,1.12
2016.09.21 12:15:00.316,0.97609,0.97617,1.00,1.37
2016.09.21 12:15:01.190,0.97609,0.97617,1.00,1.00
2016.09.21 12:15:01.241,0.97609,0.97618,1.00,1.37
2016.09.21 12:15:01.602,0.97609,0.97618,2.85,1.37
2016.09.21 12:15:01.654,0.9761,0.97618,1.00,1.37
2016.09.21 12:15:01.706,0.97611,0.9762,1.00,3.37
2016.09.21 12:15:01.805,0.97611,0.9762,1.12,2.25
2016.09.21 12:15:01.857,0.97611,0.97621,1.12,3.00
2016.09.21 12:15:02.476,0.97611,0.97621,1.12,2.25
2016.09.21 12:15:03.462,0.97611,0.9762,1.12,1.12
2016.09.21 12:15:03.513,0.9761,0.9762,1.87,1.12
2016.09.21 12:15:03.565,0.9761,0.97619,1.00,1.87
2016.09.21 12:15:03.723,0.9761,0.97619,1.00,2.25
2016.09.21 12:15:03.774,0.9761,0.97619,1.00,2.62
2016.09.21 12:15:04.084,0.97609,0.97619,1.12,2.62
2016.09.21 12:15:06.180,0.97609,0.97619,1.12,1.87
2016.09.21 12:15:06.282,0.97609,0.97619,1.12,1.50
2016.09.21 12:15:06.537,0.97608,0.97619,1.87,1.50
2016.09.21 12:15:06.589,0.97608,0.97619,1.50,1.87
2016.09.21 12:15:07.454,0.97608,0.97619,1.50,2.25
2016.09.21 12:15:07.528,0.97608,0.97619,1.50,3.37
2016.09.21 12:15:07.683,0.97608,0.97619,1.50,2.25
2016.09.21 12:15:08.478,0.97608,0.97619,1.50,2.62
2016.09.21 12:15:09.158,0.97608,0.97618,1.50,1.37
2016.09.21 12:15:10.529,0.97608,0.97618,1.00,1.37
2016.09.21 12:15:10.580,0.97608,0.97618,1.00,1.87
2016.09.21 12:15:11.351,0.97608,0.97618,1.00,1.37
2016.09.21 12:15:12.018,0.97608,0.97617,1.00,1.00
2016.09.21 12:15:12.124,0.97608,0.97617,1.00,1.12
2016.09.21 12:15:14.606,0.97609,0.97617,1.00,1.12
2016.09.21 12:15:14.657,0.97609,0.97617,1.00,1.00
2016.09.21 12:15:14.759,0.97609,0.97618,1.00,1.37
2016.09.21 12:15:16.807,0.97609,0.97618,1.12,1.37
2016.09.21 12:15:16.858,0.97609,0.97619,1.12,2.62
2016.09.21 12:15:16.961,0.97609,0.97618,1.87,1.00
2016.09.21 12:15:17.012,0.97609,0.97619,1.87,1.50
2016.09.21 12:15:17.217,0.97609,0.97619,1.87,1.50
2016.09.21 12:15:17.319,0.97609,0.97619,1.50,1.50
2016.09.21 12:15:17.421,0.97609,0.97619,1.50,1.37
2016.09.21 12:15:17.521,0.97609,0.9762,1.50,2.25
2016.09.21 12:15:17.573,0.9761,0.9762,1.00,1.87
2016.09.21 12:15:17.624,0.9761,0.97619,1.00,1.37
2016.09.21 12:15:18.441,0.97609,0.97618,1.00,1.12
2016.09.21 12:15:18.492,0.97609,0.97619,1.00,2.62
2016.09.21 12:15:18.595,0.9761,0.97619,1.00,1.87
2016.09.21 12:15:18.697,0.9761,0.97619,1.00,1.50
2016.09.21 12:15:18.901,0.9761,0.97619,1.00,1.50
2016.09.21 12:15:19.002,0.97609,0.97619,1.12,1.50
2016.09.21 12:15:19.104,0.97609,0.97619,1.00,1.87
2016.09.21 12:15:19.362,0.97608,0.97619,3.00,1.87
2016.09.21 12:15:19.415,0.97608,0.97619,3.00,1.87
2016.09.21 12:15:19.466,0.97608,0.97619,3.37,1.87
2016.09.21 12:15:19.928,0.97608,0.97619,3.37,1.87
2016.09.21 12:15:19.979,0.97608,0.97618,3.37,1.12
2016.09.21 12:15:20.030,0.97608,0.97618,2.62,1.12
2016.09.21 12:15:20.129,0.97608,0.97618,3.00,1.75
2016.09.21 12:15:20.181,0.97608,0.97617,3.00,1.00
2016.09.21 12:15:20.233,0.97608,0.97618,3.00,1.50
2016.09.21 12:15:20.335,0.97608,0.97618,3.00,1.50
2016.09.21 12:15:20.438,0.97608,0.97618,3.00,1.50
2016.09.21 12:15:20.547,0.97608,0.97618,3.00,1.75
2016.09.21 12:15:20.752,0.97608,0.97618,3.00,1.75
2016.09.21 12:15:20.803,0.97608,0.97618,2.25,1.50
2016.09.21 12:15:20.855,0.97608,0.97618,2.25,1.50
2016.09.21 12:15:20.906,0.97608,0.97618,2.25,1.75
2016.09.21 12:15:21.072,0.97608,0.97617,2.25,1.00
2016.09.21 12:15:21.124,0.97608,0.97618,2.25,1.50
2016.09.21 12:15:21.532,0.97608,0.97618,2.25,1.50
2016.09.21 12:15:21.634,0.97608,0.97617,2.25,1.00
2016.09.21 12:15:21.736,0.97608,0.97618,2.25,1.37
2016.09.21 12:15:21.890,0.97608,0.97618,1.50,1.37
2016.09.21 12:15:21.941,0.97608,0.97618,1.50,1.75
2016.09.21 12:15:21.994,0.97608,0.97617,2.25,1.00
2016.09.21 12:15:22.045,0.97608,0.97618,2.25,1.50
2016.09.21 12:15:22.198,0.97608,0.97618,1.50,1.50
2016.09.21 12:15:22.314,0.97608,0.97618,2.25,1.50
2016.09.21 12:15:22.417,0.97608,0.97618,2.25,1.37
2016.09.21 12:15:22.519,0.97608,0.97618,1.50,1.37
2016.09.21 12:15:22.826,0.97608,0.97618,1.50,1.37
2016.09.21 12:15:22.929,0.97608,0.97618,2.25,1.75
2016.09.21 12:15:22.980,0.97608,0.97617,2.25,1.00
2016.09.21 12:15:23.032,0.97608,0.97618,2.25,1.50
2016.09.21 12:15:23.136,0.97608,0.97618,2.25,1.75
2016.09.21 12:15:23.238,0.9761,0.97618,1.00,1.75
2016.09.21 12:15:23.290,0.9761,0.97619,1.00,1.87
2016.09.21 12:15:23.393,0.9761,0.97619,1.00,1.37
2016.09.21 12:15:23.597,0.9761,0.9762,1.00,2.25
2016.09.21 12:15:23.699,0.9761,0.97619,1.00,1.37
2016.09.21 12:15:24.568,0.9761,0.97619,1.35,1.37
2016.09.21 12:15:24.620,0.97615,0.97619,1.00,1.00
2016.09.21 12:15:24.671,0.97616,0.97622,2.10,1.12
2016.09.21 12:15:24.723,0.97618,0.97622,1.35,1.00
2016.09.21 12:15:24.775,0.97619,0.97623,1.50,1.00
2016.09.21 12:15:24.826,0.97619,0.97625,3.37,1.12
2016.09.21 12:15:24.877,0.97622,0.97626,1.00,1.50
2016.09.21 12:15:24.928,0.97622,0.97626,1.00,1.00
2016.09.21 12:15:25.142,0.97622,0.9763,1.00,1.87
2016.09.21 12:15:25.193,0.97619,0.97629,1.37,1.75
2016.09.21 12:15:25.245,0.97619,0.97628,1.00,1.37
2016.09.21 12:15:25.859,0.97619,0.97628,1.00,1.37
2016.09.21 12:15:25.950,0.97618,0.97627,1.00,1.12
2016.09.21 12:15:26.002,0.97617,0.97627,1.50,1.50
2016.09.21 12:15:26.209,0.97616,0.97627,3.75,1.12
2016.09.21 12:15:26.311,0.97617,0.97627,1.00,1.12
2016.09.21 12:15:26.569,0.97616,0.97627,3.75,1.12
2016.09.21 12:15:26.621,0.97616,0.97627,3.37,1.12
2016.09.21 12:15:26.917,0.97617,0.97627,1.12,1.12
2016.09.21 12:15:27.070,0.97617,0.97627,1.87,1.12
2016.09.21 12:15:29.346,0.97617,0.97627,2.25,1.12
2016.09.21 12:15:29.499,0.97617,0.97627,2.25,1.00
2016.09.21 12:15:29.574,0.97619,0.97629,1.00,2.62
2016.09.21 12:15:29.628,0.9762,0.97629,1.00,1.50
2016.09.21 12:15:30.722,0.9762,0.97628,1.00,1.12
2016.09.21 12:15:30.825,0.9762,0.97629,1.00,2.25
2016.09.21 12:15:30.927,0.97619,0.97629,1.50,1.50
2016.09.21 12:15:31.150,0.9762,0.97629,1.00,1.50
2016.09.21 12:15:31.515,0.9762,0.97629,1.00,1.00
2016.09.21 12:15:32.035,0.9762,0.9763,1.00,2.25
2016.09.21 12:15:32.137,0.9762,0.9763,1.00,1.87
2016.09.21 12:15:33.364,0.9762,0.9763,1.72,1.50
2016.09.21 12:15:33.415,0.97621,0.97631,1.87,4.87
2016.09.21 12:15:33.466,0.97621,0.97631,1.87,3.00
2016.09.21 12:15:33.572,0.97621,0.97631,2.85,2.62
2016.09.21 12:15:33.624,0.97623,0.97631,1.50,1.00
2016.09.21 12:15:33.931,0.97623,0.97631,1.50,1.12
2016.09.21 12:15:34.136,0.97623,0.97633,1.50,1.87
2016.09.21 12:15:34.384,0.97623,0.97633,1.50,2.62
2016.09.21 12:15:35.052,0.97623,0.97632,1.50,1.75
2016.09.21 12:15:35.103,0.97623,0.97632,1.50,1.87
2016.09.21 12:15:35.214,0.97621,0.97631,1.00,1.50
2016.09.21 12:15:35.265,0.97621,0.9763,1.00,1.12
2016.09.21 12:15:35.317,0.9762,0.9763,3.37,1.87
2016.09.21 12:15:35.368,0.9762,0.9763,3.37,2.25
2016.09.21 12:15:35.419,0.9762,0.9763,2.25,3.37
2016.09.21 12:15:35.497,0.9762,0.9763,2.25,4.50
2016.09.21 12:15:35.600,0.9762,0.9763,2.25,5.25
2016.09.21 12:15:35.880,0.9762,0.9763,2.25,5.62
2016.09.21 12:15:35.984,0.9762,0.9763,2.25,4.50
2016.09.21 12:15:36.191,0.9762,0.9763,2.25,4.12
2016.09.21 12:15:36.242,0.97618,0.97628,1.50,1.37
2016.09.21 12:15:36.596,0.97618,0.97628,2.25,1.37
2016.09.21 12:15:37.347,0.97618,0.97627,2.25,1.00
2016.09.21 12:15:37.450,0.97618,0.97628,2.25,1.87
2016.09.21 12:15:37.757,0.97618,0.97628,3.00,1.37
2016.09.21 12:15:37.809,0.97618,0.97628,2.25,1.87
2016.09.21 12:15:37.860,0.97618,0.97627,2.25,1.00
2016.09.21 12:15:37.962,0.97618,0.97628,1.50,1.50
2016.09.21 12:15:38.319,0.97618,0.97628,2.25,1.37
2016.09.21 12:15:38.371,0.97618,0.97627,2.25,1.00
2016.09.21 12:15:38.422,0.97618,0.97628,2.25,1.12
2016.09.21 12:15:38.627,0.97618,0.97628,1.50,1.75
2016.09.21 12:15:38.679,0.97618,0.97628,1.50,1.50
2016.09.21 12:15:38.731,0.97618,0.97628,1.50,2.62
2016.09.21 12:15:38.782,0.97618,0.97627,1.50,1.00
2016.09.21 12:15:38.833,0.97618,0.97628,1.00,3.00
2016.09.21 12:15:38.937,0.97616,0.97626,2.62,1.00
2016.09.21 12:15:38.988,0.97616,0.97626,2.62,1.50
2016.09.21 12:15:39.039,0.97615,0.97625,1.37,1.87
2016.09.21 12:15:39.141,0.97613,0.97623,2.25,1.00
2016.09.21 12:15:39.192,0.97613,0.97623,2.25,1.00
2016.09.21 12:15:39.243,0.97613,0.97622,1.37,1.87
2016.09.21 12:15:39.295,0.97613,0.97622,1.37,3.00
2016.09.21 12:15:39.348,0.97612,0.97621,1.00,2.62
2016.09.21 12:15:39.400,0.97612,0.97621,1.00,4.12
2016.09.21 12:15:39.451,0.97612,0.97619,1.00,1.00
2016.09.21 12:15:39.759,0.97612,0.97621,1.00,1.50
2016.09.21 12:15:39.842,0.97612,0.97621,1.00,1.50
2016.09.21 12:15:39.947,0.97611,0.97621,1.00,2.25
2016.09.21 12:15:40.050,0.9761,0.9762,1.12,3.00
2016.09.21 12:15:40.153,0.97609,0.97618,1.00,1.12
2016.09.21 12:15:40.255,0.97609,0.97618,1.00,1.12
2016.09.21 12:15:40.358,0.97609,0.97618,1.50,1.12
2016.09.21 12:15:40.464,0.97609,0.97618,1.50,1.50
2016.09.21 12:15:40.515,0.97609,0.97617,1.50,1.00
2016.09.21 12:15:40.748,0.97609,0.97618,1.50,2.25
2016.09.21 12:15:40.850,0.97609,0.97617,1.50,1.00
2016.09.21 12:15:42.707,0.97609,0.97618,1.50,1.50
2016.09.21 12:15:45.039,0.97608,0.97618,2.62,3.00
2016.09.21 12:15:45.192,0.97608,0.97618,2.62,3.37
2016.09.21 12:15:45.244,0.97609,0.97617,1.50,1.00
2016.09.21 12:15:45.346,0.97613,0.97618,1.00,1.00
2016.09.21 12:15:45.452,0.97614,0.97621,1.50,1.50
2016.09.21 12:15:45.555,0.97614,0.97621,1.00,1.12
2016.09.21 12:15:45.606,0.97614,0.97621,1.00,1.00
2016.09.21 12:15:45.658,0.97613,0.97621,1.00,1.00
2016.09.21 12:15:45.760,0.97613,0.97621,1.50,1.12
2016.09.21 12:15:45.811,0.97613,0.97621,1.50,1.12
2016.09.21 12:15:45.863,0.97614,0.97623,3.37,1.87
2016.09.21 12:15:45.914,0.97614,0.97623,3.37,1.12
2016.09.21 12:15:45.966,0.97617,0.97622,1.00,1.00
2016.09.21 12:15:46.017,0.97617,0.97622,1.00,1.00
2016.09.21 12:15:46.122,0.97617,0.97622,1.00,1.00
2016.09.21 12:15:46.174,0.97613,0.97621,1.37,1.00
2016.09.21 12:15:46.226,0.97613,0.97621,1.37,1.12
2016.09.21 12:15:46.277,0.97613,0.97621,1.00,1.12
2016.09.21 12:15:46.333,0.97613,0.97622,1.00,1.37
2016.09.21 12:15:46.412,0.97613,0.97622,1.00,2.25
2016.09.21 12:15:46.464,0.97613,0.97621,1.00,1.00
2016.09.21 12:15:46.567,0.97613,0.97622,1.00,1.37
2016.09.21 12:15:46.669,0.97613,0.97623,1.00,1.87
2016.09.21 12:15:46.771,0.97613,0.97623,1.00,1.12
2016.09.21 12:15:46.873,0.97613,0.97623,1.00,1.50
2016.09.21 12:15:46.950,0.97613,0.97623,1.00,1.87
2016.09.21 12:15:47.157,0.97613,0.97623,1.50,1.00
2016.09.21 12:15:47.259,0.97613,0.97623,1.87,1.00
2016.09.21 12:15:47.361,0.97613,0.97624,2.25,3.75
2016.09.21 12:15:47.463,0.97613,0.97624,1.50,4.12
2016.09.21 12:15:47.769,0.97613,0.97623,1.87,1.00
2016.09.21 12:15:47.973,0.97613,0.97623,1.50,1.37
2016.09.21 12:15:48.380,0.97613,0.97623,1.87,1.00
2016.09.21 12:15:48.534,0.97613,0.97623,2.62,1.00
2016.09.21 12:15:48.972,0.97613,0.97623,1.87,1.00
2016.09.21 12:15:49.126,0.97613,0.97623,3.37,1.00
2016.09.21 12:15:49.178,0.97616,0.97624,1.87,1.37
2016.09.21 12:15:49.230,0.97617,0.97625,1.00,1.87
2016.09.21 12:15:49.282,0.97617,0.97625,1.00,1.12
2016.09.21 12:15:49.333,0.97617,0.97625,1.00,1.00
2016.09.21 12:15:49.384,0.97617,0.97625,2.25,1.00
2016.09.21 12:15:49.487,0.97617,0.97625,2.62,1.00
2016.09.21 12:15:49.538,0.97617,0.97627,2.62,1.00
2016.09.21 12:15:49.649,0.97618,0.97627,1.12,1.00
2016.09.21 12:15:49.753,0.97618,0.97627,1.12,1.00
2016.09.21 12:15:49.856,0.97618,0.97627,1.12,1.00
2016.09.21 12:15:49.958,0.97618,0.97628,1.12,2.25
2016.09.21 12:15:50.164,0.97618,0.97628,1.87,2.25
2016.09.21 12:15:50.320,0.97618,0.97628,1.87,1.50
2016.09.21 12:15:50.519,0.97618,0.97628,1.87,1.50
2016.09.21 12:15:50.621,0.97618,0.97628,1.87,1.50
2016.09.21 12:15:50.723,0.97618,0.97628,1.87,1.50
2016.09.21 12:15:50.774,0.97618,0.97628,1.87,1.50
2016.09.21 12:15:50.826,0.97618,0.97628,1.87,1.50
2016.09.21 12:15:50.937,0.97618,0.97628,1.87,1.50
2016.09.21 12:15:51.040,0.97618,0.97628,1.87,1.50
2016.09.21 12:15:51.199,0.97618,0.97628,2.25,1.00
2016.09.21 12:15:51.354,0.9762,0.97629,1.00,1.87
2016.09.21 12:15:51.405,0.9762,0.97629,1.00,1.00
2016.09.21 12:15:51.458,0.9762,0.9763,1.12,3.37
2016.09.21 12:15:51.510,0.9762,0.9763,1.50,3.00
2016.09.21 12:15:51.561,0.9762,0.9763,1.50,3.00
2016.09.21 12:15:51.612,0.97621,0.9763,1.00,2.25
2016.09.21 12:15:51.664,0.97621,0.9763,1.00,1.50
2016.09.21 12:15:51.715,0.97621,0.9763,1.00,1.37
2016.09.21 12:15:51.766,0.97621,0.9763,1.00,1.50
2016.09.21 12:15:52.345,0.97621,0.9763,1.00,1.00
2016.09.21 12:15:52.552,0.97621,0.9763,1.00,1.00
2016.09.21 12:15:52.604,0.97621,0.97631,1.12,2.62
2016.09.21 12:15:52.655,0.97623,0.97631,1.00,2.25
2016.09.21 12:15:52.707,0.97623,0.97632,1.50,1.50
2016.09.21 12:15:52.758,0.97623,0.97633,1.12,4.12
2016.09.21 12:15:52.809,0.97623,0.97633,1.12,2.25
2016.09.21 12:15:52.860,0.97623,0.97633,1.87,1.00
2016.09.21 12:15:52.911,0.97623,0.97633,2.25,1.00
2016.09.21 12:15:53.019,0.97623,0.97633,2.25,1.00
2016.09.21 12:15:53.070,0.97623,0.97633,2.25,1.00
2016.09.21 12:15:53.480,0.97623,0.97634,2.25,1.87
2016.09.21 12:15:53.636,0.97624,0.97634,1.12,1.87
2016.09.21 12:15:54.876,0.97624,0.97634,1.12,1.50
2016.09.21 12:15:55.081,0.97624,0.97634,1.12,1.87
2016.09.21 12:15:55.339,0.97624,0.97634,1.12,1.50
2016.09.21 12:15:55.609,0.97623,0.97634,2.62,1.50
2016.09.21 12:15:55.711,0.97623,0.97634,2.62,1.12
2016.09.21 12:15:55.762,0.97623,0.97634,2.62,1.12
2016.09.21 12:15:55.967,0.97623,0.97634,2.62,1.12
2016.09.21 12:15:56.069,0.97623,0.97634,2.62,1.12
2016.09.21 12:15:56.171,0.97623,0.97634,2.62,1.12
2016.09.21 12:15:56.274,0.97623,0.97634,2.62,1.12
2016.09.21 12:15:56.326,0.97625,0.97635,1.00,2.62
2016.09.21 12:15:56.402,0.97625,0.97635,1.50,1.00
2016.09.21 12:15:56.454,0.97625,0.97635,3.00,1.00
2016.09.21 12:15:56.506,0.97626,0.97636,1.00,2.62
2016.09.21 12:15:56.557,0.97627,0.97636,1.00,2.25
2016.09.21 12:15:56.609,0.97627,0.97636,1.50,1.12
2016.09.21 12:15:56.660,0.97627,0.97636,1.50,1.12
2016.09.21 12:15:56.712,0.97627,0.97636,1.87,1.00
2016.09.21 12:15:56.967,0.97627,0.97638,1.87,3.00
2016.09.21 12:15:57.019,0.97627,0.97638,2.25,2.62
2016.09.21 12:15:57.070,0.97627,0.97637,2.25,1.00
2016.09.21 12:15:57.121,0.97627,0.97637,1.87,1.00
2016.09.21 12:15:57.637,0.97628,0.97637,1.00,1.00
2016.09.21 12:15:57.689,0.97628,0.97638,1.00,1.69
2016.09.21 12:15:57.740,0.97628,0.97638,1.00,1.63
2016.09.21 12:15:57.792,0.97628,0.97638,1.12,1.25
2016.09.21 12:15:57.894,0.97628,0.97638,1.00,1.63
2016.09.21 12:15:57.997,0.97628,0.97638,1.12,1.25
2016.09.21 12:15:58.100,0.97628,0.97638,1.12,1.31
2016.09.21 12:15:58.204,0.97628,0.97637,1.00,1.50
2016.09.21 12:15:58.392,0.97628,0.97636,1.00,1.00
2016.09.21 12:15:58.495,0.97628,0.97637,1.00,1.37
2016.09.21 12:15:58.905,0.97629,0.97638,1.00,2.25
2016.09.21 12:15:58.956,0.97629,0.97638,1.00,1.87
2016.09.21 12:15:59.065,0.97628,0.97638,1.87,1.50
2016.09.21 12:15:59.117,0.97628,0.97638,1.50,1.87
2016.09.21 12:15:59.475,0.97628,0.97638,1.50,1.12
2016.09.21 12:15:59.527,0.97628,0.97638,1.50,1.00
2016.09.21 12:15:59.579,0.97628,0.97638,1.50,1.37
2016.09.21 12:15:59.630,0.97628,0.97638,1.50,1.50
2016.09.21 12:15:59.681,0.97628,0.97638,1.87,1.87
2016.09.21 12:15:59.733,0.97628,0.97638,1.87,1.50
2016.09.21 12:16:00.576,0.97628,0.97638,1.50,1.50
2016.09.21 12:16:00.628,0.97628,0.97638,1.50,1.87
2016.09.21 12:16:01.706,0.97628,0.97638,1.50,1.50
2016.09.21 12:16:02.244,0.97628,0.97638,1.50,2.25
2016.09.21 12:16:03.435,0.97628,0.97638,1.87,2.25
2016.09.21 12:16:03.486,0.97628,0.97638,2.25,1.12
2016.09.21 12:16:03.537,0.97628,0.97638,2.25,1.00
2016.09.21 12:16:04.496,0.97629,0.97638,1.12,1.00
2016.09.21 12:16:06.591,0.97628,0.97638,2.25,1.00
2016.09.21 12:16:06.642,0.97628,0.97638,1.87,1.00
2016.09.21 12:16:06.694,0.97628,0.97638,1.87,1.12
2016.09.21 12:16:06.949,0.97628,0.97638,1.12,1.12
2016.09.21 12:16:08.271,0.97628,0.97638,1.12,1.00
2016.09.21 12:16:08.374,0.97628,0.97638,1.12,1.12
2016.09.21 12:16:08.681,0.97628,0.97638,1.12,1.00
2016.09.21 12:16:08.784,0.97628,0.97638,1.12,1.12
2016.09.21 12:16:09.340,0.97628,0.97638,1.12,1.50
2016.09.21 12:16:11.657,0.97628,0.97638,1.12,1.37
2016.09.21 12:16:11.759,0.97628,0.97638,1.12,1.50
2016.09.21 12:16:12.368,0.97628,0.97638,1.12,1.37
2016.09.21 12:16:12.941,0.97628,0.97638,1.12,1.50
2016.09.21 12:16:12.992,0.97628,0.97638,1.12,1.50
2016.09.21 12:16:13.418,0.97628,0.97638,1.12,1.12
2016.09.21 12:16:13.677,0.97628,0.97638,1.50,1.12
2016.09.21 12:16:13.729,0.97628,0.97638,1.50,1.12
2016.09.21 12:16:13.780,0.9763,0.97638,1.12,1.25
2016.09.21 12:16:13.851,0.97631,0.9764,1.10,2.62
2016.09.21 12:16:13.903,0.97632,0.9764,1.50,1.50
2016.09.21 12:16:13.955,0.97632,0.9764,1.50,1.00
2016.09.21 12:16:14.007,0.97633,0.9764,1.12,1.00
2016.09.21 12:16:14.058,0.97633,0.9764,1.72,1.00
2016.09.21 12:16:14.184,0.97633,0.97643,2.85,1.00
2016.09.21 12:16:14.287,0.97633,0.97643,2.85,1.00
2016.09.21 12:16:14.987,0.97634,0.97643,3.60,1.00
2016.09.21 12:16:15.039,0.97636,0.97646,1.12,3.00
2016.09.21 12:16:15.090,0.97637,0.97646,2.25,1.50
2016.09.21 12:16:15.143,0.97637,0.97646,3.22,1.00
2016.09.21 12:16:15.195,0.97638,0.97646,1.87,1.00
2016.09.21 12:16:15.249,0.97638,0.97646,2.25,1.00
2016.09.21 12:16:15.408,0.97638,0.97646,2.62,1.00
2016.09.21 12:16:15.923,0.97638,0.97646,2.25,1.00
2016.09.21 12:16:16.027,0.97638,0.97646,1.00,1.87
2016.09.21 12:16:16.132,0.97638,0.97646,1.00,2.25
2016.09.21 12:16:17.054,0.97638,0.97646,1.00,1.50
2016.09.21 12:16:17.364,0.97638,0.97646,1.00,1.12
2016.09.21 12:16:17.467,0.97638,0.97646,1.00,1.12
2016.09.21 12:16:17.779,0.97636,0.97646,2.62,1.12
2016.09.21 12:16:17.830,0.97636,0.97646,2.62,1.12
2016.09.21 12:16:19.327,0.97636,0.97646,2.62,1.12
2016.09.21 12:16:19.379,0.97637,0.97646,1.00,1.12
2016.09.21 12:16:19.430,0.97638,0.97648,1.12,1.87
2016.09.21 12:16:19.534,0.97638,0.97648,1.50,1.00
2016.09.21 12:16:19.638,0.97638,0.97648,1.50,1.00
2016.09.21 12:16:19.689,0.97638,0.97648,1.50,2.62
2016.09.21 12:16:19.744,0.97638,0.97648,1.12,3.00
2016.09.21 12:16:19.795,0.97638,0.97648,1.12,3.37
2016.09.21 12:16:19.898,0.97638,0.97648,1.12,2.62
2016.09.21 12:16:20.155,0.97637,0.97647,1.50,1.12
2016.09.21 12:16:20.258,0.97637,0.97647,1.12,1.50
2016.09.21 12:16:20.309,0.97637,0.97647,1.00,1.50
2016.09.21 12:16:20.387,0.97637,0.97647,1.00,1.87
2016.09.21 12:16:20.438,0.97636,0.97646,2.62,1.12
2016.09.21 12:16:20.603,0.97638,0.97646,1.12,1.12
2016.09.21 12:16:20.655,0.97639,0.97648,1.00,1.50
2016.09.21 12:16:20.707,0.97639,0.9765,1.00,4.50
2016.09.21 12:16:20.758,0.97639,0.97649,1.12,1.12
2016.09.21 12:16:20.860,0.97639,0.97648,1.12,1.00
2016.09.21 12:16:20.963,0.97639,0.97648,1.12,1.00
2016.09.21 12:16:21.168,0.97639,0.97649,1.12,1.12
2016.09.21 12:16:21.313,0.97639,0.97649,1.50,1.12
2016.09.21 12:16:21.366,0.97639,0.97648,1.50,1.00
2016.09.21 12:16:21.468,0.97639,0.9765,1.50,2.62
2016.09.21 12:16:21.571,0.97639,0.9765,2.62,1.12
2016.09.21 12:16:21.622,0.9764,0.97651,1.12,3.19
2016.09.21 12:16:21.674,0.9764,0.97651,1.87,3.19
2016.09.21 12:16:21.725,0.97641,0.97651,1.12,2.44
2016.09.21 12:16:21.777,0.97645,0.97652,1.00,3.19
2016.09.21 12:16:21.828,0.97645,0.97652,1.00,2.06
2016.09.21 12:16:21.932,0.97645,0.97653,1.00,1.87
2016.09.21 12:16:21.984,0.97645,0.97653,1.00,1.50
2016.09.21 12:16:22.035,0.97645,0.97653,1.12,1.50
2016.09.21 12:16:22.087,0.97646,0.97653,2.25,1.00
2016.09.21 12:16:22.138,0.97646,0.97653,2.62,1.00
2016.09.21 12:16:22.190,0.97646,0.97655,2.62,1.50
2016.09.21 12:16:22.345,0.97646,0.97655,2.62,2.25
2016.09.21 12:16:22.396,0.97646,0.97655,2.62,2.62
2016.09.21 12:16:23.278,0.97646,0.97655,2.62,1.87
2016.09.21 12:16:23.517,0.97646,0.97654,2.25,1.00
2016.09.21 12:16:24.180,0.97644,0.97654,2.25,1.00
2016.09.21 12:16:24.231,0.97644,0.97654,1.87,1.00
2016.09.21 12:16:25.180,0.97645,0.97654,1.00,1.00
2016.09.21 12:16:25.282,0.97645,0.97654,1.50,1.00
2016.09.21 12:16:25.433,0.97645,0.97654,2.25,1.00
2016.09.21 12:16:25.546,0.97645,0.97654,2.25,1.00
2016.09.21 12:16:25.751,0.97645,0.97655,3.00,2.25
2016.09.21 12:16:25.802,0.97645,0.97655,3.00,1.87
2016.09.21 12:16:25.854,0.97646,0.97655,1.00,1.12
2016.09.21 12:16:25.977,0.97645,0.97655,4.12,1.12
2016.09.21 12:16:26.130,0.97645,0.97655,3.75,1.12
2016.09.21 12:16:26.182,0.97645,0.97655,3.75,1.00
2016.09.21 12:16:26.234,0.97645,0.97655,3.75,1.00
2016.09.21 12:16:27.090,0.97645,0.97655,3.75,1.00
2016.09.21 12:16:27.142,0.97646,0.97655,1.00,1.00
2016.09.21 12:16:27.562,0.97647,0.97655,1.37,1.00
2016.09.21 12:16:27.870,0.97646,0.97655,3.00,1.00
2016.09.21 12:16:27.973,0.97646,0.97655,1.50,1.00
2016.09.21 12:16:28.198,0.97646,0.97655,1.12,1.00
2016.09.21 12:16:28.251,0.97645,0.97655,4.12,1.00
2016.09.21 12:16:28.303,0.97646,0.97656,1.12,1.12
2016.09.21 12:16:28.458,0.97646,0.97656,1.87,1.00
2016.09.21 12:16:28.665,0.97646,0.97656,1.50,1.00
2016.09.21 12:16:29.793,0.97645,0.97655,3.75,1.00
2016.09.21 12:16:29.954,0.97645,0.97655,3.00,1.00
2016.09.21 12:16:30.897,0.97645,0.97655,2.25,1.00
2016.09.21 12:16:31.101,0.97645,0.97655,3.00,1.00
2016.09.21 12:16:32.381,0.97645,0.97655,3.00,1.00
2016.09.21 12:16:32.432,0.97645,0.97655,3.37,1.00
2016.09.21 12:16:32.483,0.97645,0.97655,3.75,1.00
2016.09.21 12:16:32.586,0.97647,0.97657,1.00,2.25
2016.09.21 12:16:32.651,0.97647,0.97657,1.37,1.87
2016.09.21 12:16:32.702,0.97649,0.97658,1.00,2.62
2016.09.21 12:16:32.753,0.97649,0.97658,1.00,2.25
2016.09.21 12:16:32.805,0.97649,0.97658,1.00,2.25
2016.09.21 12:16:32.856,0.97649,0.97658,1.00,1.87
2016.09.21 12:16:33.010,0.97649,0.97658,1.50,1.37
2016.09.21 12:16:33.601,0.97649,0.97657,1.00,1.00
2016.09.21 12:16:33.705,0.97649,0.97657,1.50,1.00
2016.09.21 12:16:33.756,0.97649,0.97658,1.50,1.50
2016.09.21 12:16:33.807,0.97651,0.97658,1.00,1.00
2016.09.21 12:16:33.859,0.97651,0.97659,1.00,1.50
2016.09.21 12:16:33.910,0.97653,0.97659,3.00,1.00
2016.09.21 12:16:33.962,0.97653,0.9766,3.37,1.37
2016.09.21 12:16:34.013,0.97653,0.97661,3.37,1.87
2016.09.21 12:16:34.076,0.97653,0.97661,3.37,1.37
2016.09.21 12:16:34.129,0.97654,0.97662,1.00,1.72
2016.09.21 12:16:34.180,0.97653,0.97659,1.50,1.37
2016.09.21 12:16:34.232,0.97649,0.97659,2.62,3.37
2016.09.21 12:16:34.285,0.97648,0.97659,2.25,4.50
2016.09.21 12:16:34.339,0.97648,0.97659,2.25,3.00
2016.09.21 12:16:34.392,0.97648,0.97659,1.87,3.00
2016.09.21 12:16:34.444,0.97648,0.97658,1.87,1.37
2016.09.21 12:16:34.496,0.97648,0.97658,1.00,1.75
2016.09.21 12:16:34.547,0.97648,0.97658,1.00,1.12
2016.09.21 12:16:34.598,0.97648,0.97657,1.12,1.12
2016.09.21 12:16:35.003,0.97648,0.97657,1.00,1.50
2016.09.21 12:16:35.259,0.97648,0.97657,1.12,1.12
2016.09.21 12:16:35.310,0.97648,0.97658,1.12,3.00
2016.09.21 12:16:35.361,0.97648,0.97658,1.00,3.00
2016.09.21 12:16:35.413,0.97648,0.97658,1.00,3.37
2016.09.21 12:16:35.492,0.97648,0.97658,1.12,3.00
2016.09.21 12:16:35.639,0.97648,0.97654,1.12,1.37
2016.09.21 12:16:35.726,0.97645,0.9765,1.00,1.12
2016.09.21 12:16:35.828,0.97645,0.9765,1.00,1.00
2016.09.21 12:16:35.880,0.97645,0.9765,1.00,1.00
2016.09.21 12:16:35.982,0.97645,0.9765,1.00,1.37
2016.09.21 12:16:36.085,0.97644,0.9765,3.75,1.87
2016.09.21 12:16:36.173,0.97641,0.97648,1.00,1.00
2016.09.21 12:16:36.224,0.97639,0.97648,1.12,1.00
2016.09.21 12:16:36.275,0.97638,0.97648,1.12,1.12
2016.09.21 12:16:36.327,0.97639,0.97649,1.00,4.50
2016.09.21 12:16:36.378,0.97639,0.97649,1.12,4.87
2016.09.21 12:16:36.429,0.97639,0.97649,1.12,2.62
2016.09.21 12:16:36.480,0.97639,0.97649,1.00,3.00
2016.09.21 12:16:36.583,0.97639,0.97649,1.12,3.00
2016.09.21 12:16:36.634,0.97639,0.97649,1.12,4.50
2016.09.21 12:16:36.685,0.97639,0.97648,1.00,1.50
2016.09.21 12:16:36.790,0.97637,0.97647,1.50,1.50
2016.09.21 12:16:36.893,0.97637,0.97647,1.12,1.87
2016.09.21 12:16:37.097,0.97637,0.97647,1.50,1.50
2016.09.21 12:16:37.199,0.97637,0.97647,1.12,1.87
2016.09.21 12:16:37.406,0.97637,0.97647,1.50,1.50
2016.09.21 12:16:37.513,0.9764,0.97649,1.50,1.50
2016.09.21 12:16:37.566,0.9764,0.97649,1.50,1.50
2016.09.21 12:16:37.669,0.9764,0.97649,1.87,1.37
2016.09.21 12:16:37.720,0.97641,0.9765,1.12,2.62
2016.09.21 12:16:37.824,0.9764,0.9765,1.50,2.62
2016.09.21 12:16:37.876,0.9764,0.9765,1.12,2.62
2016.09.21 12:16:37.928,0.9764,0.9765,1.00,2.62
2016.09.21 12:16:38.031,0.9764,0.9765,1.00,3.37
2016.09.21 12:16:38.478,0.9764,0.9765,1.00,2.62
2016.09.21 12:16:38.580,0.9764,0.9765,1.00,3.37
2016.09.21 12:16:38.785,0.9764,0.9765,1.00,2.62
2016.09.21 12:16:38.909,0.9764,0.9765,1.00,2.62
2016.09.21 12:16:38.961,0.9764,0.9765,1.00,3.37
2016.09.21 12:16:39.063,0.9764,0.9765,1.00,3.00
2016.09.21 12:16:39.114,0.9764,0.9765,1.00,2.25
2016.09.21 12:16:39.217,0.9764,0.9765,1.00,1.50
2016.09.21 12:16:39.371,0.9764,0.9765,1.00,2.25
2016.09.21 12:16:40.903,0.9764,0.9765,1.50,1.00
2016.09.21 12:16:41.058,0.9764,0.9765,1.87,1.00
2016.09.21 12:16:41.109,0.97641,0.9765,1.12,1.00
2016.09.21 12:16:41.161,0.97641,0.97652,1.12,2.25
2016.09.21 12:16:41.263,0.9764,0.97652,2.62,3.00
2016.09.21 12:16:41.365,0.97641,0.97652,1.00,3.00
2016.09.21 12:16:41.467,0.9764,0.97652,2.62,3.00
2016.09.21 12:16:41.569,0.9764,0.97652,2.62,3.00
2016.09.21 12:16:41.671,0.9764,0.97652,2.62,3.00
2016.09.21 12:16:41.925,0.9764,0.97652,2.62,2.25
2016.09.21 12:16:42.078,0.9764,0.97652,2.62,2.25
2016.09.21 12:16:42.129,0.97641,0.97652,2.62,1.50
2016.09.21 12:16:42.231,0.97641,0.97652,1.87,1.50
2016.09.21 12:16:42.334,0.97641,0.97652,2.62,1.50
2016.09.21 12:16:42.387,0.97641,0.97652,2.25,1.12
2016.09.21 12:16:42.438,0.97643,0.97653,1.12,2.25
2016.09.21 12:16:42.491,0.97644,0.97653,1.00,2.25
2016.09.21 12:16:42.595,0.97644,0.97653,1.12,1.50
2016.09.21 12:16:42.800,0.97643,0.97653,1.50,1.50
2016.09.21 12:16:42.904,0.97643,0.97653,1.12,1.87
2016.09.21 12:16:43.114,0.97643,0.97653,1.12,1.12
2016.09.21 12:16:43.472,0.97642,0.97652,2.62,1.00
2016.09.21 12:16:44.076,0.97642,0.97652,2.25,1.00
2016.09.21 12:16:44.127,0.97642,0.97652,2.25,1.00
2016.09.21 12:16:44.229,0.97642,0.97652,1.50,1.00
2016.09.21 12:16:44.331,0.97642,0.97652,1.50,1.50
2016.09.21 12:16:44.504,0.97642,0.97652,1.50,1.00
2016.09.21 12:16:44.657,0.97642,0.97652,1.50,1.00
2016.09.21 12:16:44.709,0.97643,0.97652,1.00,1.12
2016.09.21 12:16:44.797,0.97643,0.97653,1.87,1.50
2016.09.21 12:16:44.848,0.97643,0.97653,1.87,1.12
2016.09.21 12:16:45.103,0.97644,0.97653,1.00,1.12
2016.09.21 12:16:45.154,0.97644,0.97654,1.50,1.87
2016.09.21 12:16:45.206,0.97644,0.97654,1.00,1.87
2016.09.21 12:16:45.308,0.97644,0.97654,1.12,1.50
2016.09.21 12:16:46.909,0.97644,0.97654,1.87,1.50
2016.09.21 12:16:46.961,0.97644,0.97654,1.87,1.12
2016.09.21 12:16:47.114,0.97646,0.97654,1.00,1.12
2016.09.21 12:16:47.165,0.97646,0.97655,1.00,1.50
2016.09.21 12:16:47.216,0.97646,0.97655,1.00,1.12
2016.09.21 12:16:48.069,0.97646,0.97655,1.00,1.87
2016.09.21 12:16:48.121,0.97645,0.97655,1.00,3.37
2016.09.21 12:16:48.173,0.97643,0.97653,2.25,1.00
2016.09.21 12:16:48.224,0.97643,0.97653,1.50,1.50
2016.09.21 12:16:48.387,0.97643,0.97653,1.12,3.00
2016.09.21 12:16:48.439,0.97643,0.97652,1.12,1.00
2016.09.21 12:16:48.490,0.97642,0.97652,1.50,1.50
2016.09.21 12:16:48.541,0.97642,0.97652,1.12,1.87
2016.09.21 12:16:49.051,0.97641,0.97651,2.62,1.12
2016.09.21 12:16:49.415,0.97641,0.97651,1.12,1.12
2016.09.21 12:16:49.619,0.97641,0.97651,1.87,1.12
2016.09.21 12:16:51.718,0.97641,0.97651,1.12,1.87
2016.09.21 12:16:51.771,0.9764,0.97649,1.37,1.00
2016.09.21 12:16:51.822,0.9764,0.97649,1.12,1.00
2016.09.21 12:16:51.930,0.97639,0.97649,2.62,1.12
2016.09.21 12:16:52.097,0.9764,0.97649,1.00,1.12
2016.09.21 12:16:52.809,0.9764,0.97651,1.00,3.00
2016.09.21 12:16:53.116,0.9764,0.97651,1.00,3.37
2016.09.21 12:16:53.590,0.9764,0.97651,1.00,3.75
2016.09.21 12:16:53.642,0.9764,0.9765,1.00,1.37
2016.09.21 12:16:53.693,0.9764,0.97649,1.00,1.12
2016.09.21 12:16:54.710,0.9764,0.9765,1.50,1.87
2016.09.21 12:16:57.191,0.97642,0.97651,1.00,1.75
2016.09.21 12:16:57.242,0.97642,0.97652,1.87,3.00
2016.09.21 12:16:57.294,0.97642,0.97652,1.87,3.00
2016.09.21 12:16:57.345,0.97643,0.97652,1.50,1.87
2016.09.21 12:16:57.447,0.97643,0.97652,1.50,1.50
2016.09.21 12:16:57.498,0.97643,0.97652,2.25,1.00
2016.09.21 12:16:57.549,0.97644,0.97654,1.12,1.50
2016.09.21 12:16:57.702,0.97644,0.97653,1.12,1.12
2016.09.21 12:16:57.754,0.97643,0.97653,1.50,1.12
2016.09.21 12:16:57.805,0.97643,0.97653,1.50,1.12
2016.09.21 12:16:58.818,0.97642,0.97652,1.75,1.00
2016.09.21 12:16:58.869,0.97642,0.97652,1.50,1.00
2016.09.21 12:16:58.955,0.97643,0.97653,1.00,1.12
2016.09.21 12:16:59.421,0.97642,0.97652,1.50,1.00
2016.09.21 12:16:59.728,0.97642,0.97652,1.50,1.50
2016.09.21 12:17:03.135,0.97642,0.97652,2.25,1.50
2016.09.21 12:17:03.187,0.97642,0.97652,2.62,1.50
2016.09.21 12:17:03.239,0.97643,0.97653,1.87,1.87
2016.09.21 12:17:03.290,0.97643,0.97653,1.87,1.12
2016.09.21 12:17:03.852,0.97643,0.97653,1.75,1.12
2016.09.21 12:17:05.231,0.97643,0.97653,1.75,1.87
2016.09.21 12:17:05.541,0.97643,0.97653,1.50,2.25
2016.09.21 12:17:05.592,0.97643,0.97653,1.12,2.25
2016.09.21 12:17:09.960,0.97643,0.97653,1.12,1.50
2016.09.21 12:17:10.063,0.97643,0.97653,1.12,1.12
2016.09.21 12:17:10.114,0.97643,0.97653,1.12,1.12
2016.09.21 12:17:10.165,0.97643,0.97653,1.12,1.12
2016.09.21 12:17:10.318,0.97644,0.97654,1.50,2.25
2016.09.21 12:17:10.369,0.97644,0.97654,2.25,1.12
2016.09.21 12:17:11.128,0.97645,0.97655,1.12,2.62
2016.09.21 12:17:12.891,0.97645,0.97655,1.12,2.25
2016.09.21 12:17:15.109,0.97645,0.97655,1.12,2.62
2016.09.21 12:17:15.371,0.97645,0.97655,1.12,3.37
2016.09.21 12:17:15.741,0.97646,0.97655,1.00,2.62
2016.09.21 12:17:15.792,0.97646,0.97655,1.12,1.37
2016.09.21 12:17:15.844,0.97647,0.97655,1.00,1.37
2016.09.21 12:17:15.896,0.97647,0.97656,1.37,3.00
2016.09.21 12:17:15.947,0.97649,0.97656,1.00,3.00
2016.09.21 12:17:15.998,0.97649,0.97656,2.47,1.87
2016.09.21 12:17:16.049,0.9765,0.97658,2.62,1.00
2016.09.21 12:17:16.101,0.97651,0.97658,1.00,1.00
2016.09.21 12:17:16.354,0.97654,0.9766,1.50,1.00
2016.09.21 12:17:16.406,0.97654,0.9766,1.87,1.00
2016.09.21 12:17:16.559,0.97652,0.97663,1.75,1.12
2016.09.21 12:17:16.661,0.97652,0.97663,1.75,1.12
2016.09.21 12:17:16.874,0.97652,0.97663,1.87,1.12
2016.09.21 12:17:16.925,0.97652,0.97663,1.75,1.12
2016.09.21 12:17:16.976,0.97652,0.97662,1.12,1.12
2016.09.21 12:17:18.230,0.97652,0.97662,1.12,2.25
2016.09.21 12:17:18.283,0.9765,0.9766,2.25,1.00
2016.09.21 12:17:18.386,0.9765,0.9766,1.87,1.12
2016.09.21 12:17:18.674,0.9765,0.9766,1.87,1.00
2016.09.21 12:17:18.725,0.9765,0.9766,2.25,1.00
2016.09.21 12:17:18.982,0.9765,0.9766,2.25,1.00
2016.09.21 12:17:19.034,0.97652,0.9766,1.50,1.00
2016.09.21 12:17:19.085,0.97654,0.97663,1.00,1.87
2016.09.21 12:17:19.137,0.97655,0.97663,1.00,1.50
2016.09.21 12:17:19.188,0.97655,0.97663,1.00,1.00
2016.09.21 12:17:19.239,0.97655,0.97663,1.00,1.00
2016.09.21 12:17:19.290,0.97655,0.97663,1.00,1.00
2016.09.21 12:17:19.470,0.97655,0.97663,1.00,1.00
2016.09.21 12:17:19.521,0.97654,0.97663,1.12,1.00
2016.09.21 12:17:19.573,0.97654,0.97664,1.12,1.12
2016.09.21 12:17:19.675,0.97654,0.97665,1.12,2.25
2016.09.21 12:17:20.288,0.97654,0.97664,1.12,1.12
2016.09.21 12:17:23.046,0.97654,0.97664,1.12,1.50
2016.09.21 12:17:23.990,0.97653,0.97663,1.87,1.12
2016.09.21 12:17:24.092,0.97653,0.97663,2.25,1.00
2016.09.21 12:17:24.288,0.97653,0.97663,1.87,1.12
2016.09.21 12:17:24.800,0.97653,0.97663,2.25,1.00
2016.09.21 12:17:25.106,0.97653,0.97663,1.87,1.12
2016.09.21 12:17:25.329,0.97653,0.97663,2.25,1.00
2016.09.21 12:17:25.432,0.97653,0.97663,1.87,1.12
2016.09.21 12:17:25.535,0.97653,0.97663,2.25,1.00
2016.09.21 12:17:25.637,0.97653,0.97663,1.87,1.12
2016.09.21 12:17:25.894,0.97653,0.97663,1.87,1.50
2016.09.21 12:17:25.946,0.97653,0.97663,1.87,1.87
2016.09.21 12:17:25.997,0.97653,0.97663,2.25,1.50
2016.09.21 12:17:26.407,0.97653,0.97663,1.87,1.87
2016.09.21 12:17:27.812,0.97653,0.97663,2.25,1.50
2016.09.21 12:17:27.915,0.97653,0.97663,1.87,1.87
2016.09.21 12:17:28.018,0.97653,0.97663,2.25,1.50
2016.09.21 12:17:28.120,0.97653,0.97663,1.87,1.87
2016.09.21 12:17:29.455,0.97654,0.97663,1.00,1.87
2016.09.21 12:17:29.506,0.97654,0.97663,1.50,1.50
2016.09.21 12:17:29.557,0.97654,0.97663,1.50,1.00
2016.09.21 12:17:29.710,0.97654,0.97663,1.00,1.12
2016.09.21 12:17:32.407,0.97654,0.97663,1.00,1.00
2016.09.21 12:17:32.611,0.97654,0.97663,1.37,1.00
2016.09.21 12:17:32.713,0.97654,0.97663,1.50,1.00
2016.09.21 12:17:33.021,0.97654,0.97663,1.12,1.00
2016.09.21 12:17:35.831,0.97654,0.97663,1.37,1.00
2016.09.21 12:17:35.883,0.97654,0.97664,1.87,1.00
2016.09.21 12:17:35.934,0.97654,0.97664,2.25,1.00
2016.09.21 12:17:38.760,0.97655,0.97664,1.12,1.00
2016.09.21 12:17:38.811,0.97655,0.97664,1.12,1.00
2016.09.21 12:17:38.862,0.97654,0.97664,2.25,1.00
2016.09.21 12:17:39.053,0.97654,0.97664,2.25,1.12
2016.09.21 12:17:40.534,0.97654,0.97664,2.25,1.50
2016.09.21 12:17:40.636,0.97654,0.97664,1.87,1.50
2016.09.21 12:17:42.124,0.97655,0.97664,1.00,1.00
2016.09.21 12:17:42.175,0.97655,0.97665,1.50,2.25
2016.09.21 12:17:42.227,0.97655,0.97665,1.50,1.87
2016.09.21 12:17:42.483,0.97655,0.97665,1.00,1.87
2016.09.21 12:17:44.735,0.97654,0.97664,1.87,1.12
2016.09.21 12:17:50.876,0.97654,0.97664,1.87,1.00
2016.09.21 12:17:54.290,0.97654,0.97664,1.37,1.00
2016.09.21 12:17:56.379,0.97654,0.97664,1.37,1.12
2016.09.21 12:17:56.627,0.97653,0.97663,1.50,1.00
2016.09.21 12:17:56.678,0.97653,0.97663,1.50,1.00
2016.09.21 12:17:56.780,0.97653,0.97663,1.37,1.00
2016.09.21 12:17:57.954,0.97652,0.97662,1.50,1.00
2016.09.21 12:17:58.006,0.97652,0.97662,1.50,1.12
2016.09.21 12:17:58.108,0.97652,0.97662,1.50,1.87
2016.09.21 12:17:58.160,0.97651,0.97661,3.00,1.00
2016.09.21 12:17:58.314,0.97652,0.97661,1.00,1.00
2016.09.21 12:17:58.365,0.97651,0.97661,2.25,1.00
2016.09.21 12:17:58.468,0.97652,0.97661,1.00,1.00
2016.09.21 12:18:00.222,0.97652,0.97661,1.00,1.12
2016.09.21 12:18:00.580,0.97651,0.97661,2.25,1.12
2016.09.21 12:18:05.713,0.97651,0.97661,2.25,1.00
2016.09.21 12:18:05.866,0.97651,0.97661,2.25,1.00
2016.09.21 12:18:06.362,0.97651,0.97661,2.25,1.00
2016.09.21 12:18:06.516,0.97651,0.97661,1.87,1.37
2016.09.21 12:18:06.619,0.97651,0.97661,1.50,1.50
2016.09.21 12:18:07.119,0.97651,0.97661,1.87,2.25
2016.09.21 12:18:07.170,0.97651,0.97659,1.12,1.12
2016.09.21 12:18:07.222,0.9765,0.97659,1.00,1.50
2016.09.21 12:18:07.273,0.97649,0.97659,1.50,2.25
2016.09.21 12:18:07.324,0.97649,0.97659,1.37,1.87
2016.09.21 12:18:07.376,0.97649,0.97659,1.37,1.50
2016.09.21 12:18:07.427,0.97649,0.97659,1.50,1.50
2016.09.21 12:18:07.478,0.97649,0.97659,1.50,1.00
2016.09.21 12:18:10.072,0.97649,0.97659,1.50,1.12
2016.09.21 12:18:10.673,0.97649,0.97659,1.50,1.00
2016.09.21 12:18:11.308,0.97649,0.97659,1.50,1.50
2016.09.21 12:18:12.088,0.97649,0.97659,1.50,1.87
2016.09.21 12:18:12.140,0.97649,0.97659,1.12,2.25
2016.09.21 12:18:12.241,0.97649,0.97659,1.00,2.62
2016.09.21 12:18:12.702,0.97649,0.97658,1.00,1.00
2016.09.21 12:18:13.603,0.97649,0.97658,1.00,1.50
2016.09.21 12:18:13.654,0.97647,0.97656,1.00,1.00
2016.09.21 12:18:13.705,0.97646,0.97656,2.62,1.37
2016.09.21 12:18:13.756,0.97646,0.97656,1.87,1.75
2016.09.21 12:18:13.807,0.97646,0.97656,1.00,2.62
2016.09.21 12:18:13.859,0.97645,0.97654,1.00,1.00
2016.09.21 12:18:13.910,0.97645,0.97654,1.00,1.50
2016.09.21 12:18:14.063,0.97642,0.97652,3.00,1.00
2016.09.21 12:18:14.172,0.97643,0.97652,1.00,1.12
2016.09.21 12:18:14.224,0.97642,0.97652,2.25,1.00
2016.09.21 12:18:14.531,0.97642,0.97652,2.25,1.12
2016.09.21 12:18:14.633,0.97642,0.97652,1.87,1.12
2016.09.21 12:18:15.570,0.97642,0.97652,1.87,1.12
2016.09.21 12:18:15.621,0.97642,0.97652,1.12,1.87
2016.09.21 12:18:15.804,0.97642,0.97652,1.12,2.25
2016.09.21 12:18:15.881,0.97641,0.97652,1.00,3.00
2016.09.21 12:18:15.932,0.9764,0.97652,2.25,3.75
2016.09.21 12:18:16.086,0.9764,0.97652,2.25,3.00
2016.09.21 12:18:16.137,0.9764,0.97652,2.25,2.62
2016.09.21 12:18:16.188,0.9764,0.97652,2.25,2.62
2016.09.21 12:18:17.119,0.97642,0.97652,1.00,2.25
2016.09.21 12:18:17.195,0.97643,0.97652,1.00,1.50
2016.09.21 12:18:17.298,0.97643,0.97652,1.00,1.50
2016.09.21 12:18:17.511,0.97643,0.97653,1.50,2.62
2016.09.21 12:18:18.071,0.97643,0.97653,1.50,1.87
2016.09.21 12:18:18.224,0.97644,0.97653,1.00,1.87
2016.09.21 12:18:18.351,0.97644,0.97653,1.00,2.25
2016.09.21 12:18:18.811,0.97644,0.97653,1.00,2.62
2016.09.21 12:18:18.862,0.97644,0.97653,1.00,1.87
2016.09.21 12:18:18.966,0.97644,0.97653,1.00,4.12
2016.09.21 12:18:19.017,0.97641,0.9765,1.12,1.00
2016.09.21 12:18:19.068,0.97641,0.97649,1.00,1.00
2016.09.21 12:18:19.144,0.97639,0.97649,1.87,1.87
2016.09.21 12:18:19.195,0.97639,0.97649,1.50,2.25
2016.09.21 12:18:19.247,0.97639,0.97649,1.50,2.62
2016.09.21 12:18:19.299,0.97639,0.97648,1.00,1.12
2016.09.21 12:18:19.352,0.97639,0.97648,1.00,1.50
2016.09.21 12:18:19.404,0.97639,0.97648,1.00,1.87
2016.09.21 12:18:19.455,0.97639,0.97648,1.00,3.00
2016.09.21 12:18:19.507,0.97639,0.97648,1.00,3.75
2016.09.21 12:18:19.559,0.97639,0.97648,1.12,3.37
2016.09.21 12:18:19.610,0.97639,0.97646,1.12,1.00
2016.09.21 12:18:19.661,0.97636,0.97646,2.25,1.00
2016.09.21 12:18:19.713,0.97636,0.97646,2.25,1.12
2016.09.21 12:18:19.764,0.97637,0.97646,1.12,1.87
2016.09.21 12:18:19.815,0.97637,0.97645,1.12,1.00
2016.09.21 12:18:19.866,0.97636,0.97645,1.50,1.00
2016.09.21 12:18:19.975,0.97635,0.97645,1.50,1.50
2016.09.21 12:18:20.587,0.97635,0.97645,1.50,1.87
2016.09.21 12:18:20.638,0.97635,0.97645,1.12,1.87
2016.09.21 12:18:22.975,0.97635,0.97645,1.50,1.87
2016.09.21 12:18:25.148,0.97635,0.97645,1.50,2.25
2016.09.21 12:18:25.201,0.97635,0.97645,1.12,2.25
2016.09.21 12:18:25.253,0.97635,0.97645,1.12,2.62
2016.09.21 12:18:25.461,0.97635,0.97645,1.00,2.62
2016.09.21 12:18:25.769,0.97635,0.97645,1.12,2.62
2016.09.21 12:18:25.874,0.97635,0.97645,1.00,1.87
2016.09.21 12:18:25.925,0.97635,0.97645,1.00,2.25
2016.09.21 12:18:25.977,0.97635,0.97644,1.00,1.00
2016.09.21 12:18:26.947,0.97635,0.97645,1.00,3.37
2016.09.21 12:18:26.998,0.97634,0.97644,1.50,1.12
2016.09.21 12:18:27.305,0.97634,0.97644,1.12,1.00
2016.09.21 12:18:27.407,0.97634,0.97644,1.50,1.12
2016.09.21 12:18:27.561,0.97634,0.97644,1.50,1.12
2016.09.21 12:18:27.664,0.97634,0.97644,1.50,1.12
2016.09.21 12:18:28.881,0.97634,0.97644,1.50,1.00
2016.09.21 12:18:28.983,0.97634,0.97644,1.87,1.00
2016.09.21 12:18:30.087,0.97634,0.97644,1.87,1.12
2016.09.21 12:18:30.168,0.97634,0.97644,1.50,1.12
2016.09.21 12:18:30.429,0.97634,0.97644,1.50,1.00
2016.09.21 12:18:30.498,0.97634,0.97644,1.87,1.00
2016.09.21 12:18:30.601,0.97634,0.97644,1.87,1.12
2016.09.21 12:18:30.653,0.97634,0.97644,1.50,1.12
2016.09.21 12:18:31.011,0.97634,0.97644,1.50,1.00
2016.09.21 12:18:31.093,0.97634,0.97644,1.50,1.12
2016.09.21 12:18:31.417,0.97634,0.97644,1.50,1.00
2016.09.21 12:18:31.469,0.97634,0.97644,1.87,1.00
2016.09.21 12:18:31.520,0.97634,0.97644,1.87,1.12
2016.09.21 12:18:31.571,0.97634,0.97644,1.50,1.12
2016.09.21 12:18:33.415,0.97634,0.97644,1.50,1.00
2016.09.21 12:18:33.466,0.97634,0.97644,1.87,1.00
2016.09.21 12:18:33.517,0.97634,0.97644,1.87,1.12
2016.09.21 12:18:33.568,0.97634,0.97644,1.50,1.12
2016.09.21 12:18:33.620,0.97634,0.97644,1.50,1.50
2016.09.21 12:18:33.671,0.97634,0.97644,1.50,1.50
2016.09.21 12:18:33.773,0.97634,0.97644,1.12,1.50
2016.09.21 12:18:34.423,0.97634,0.97644,1.37,1.12
2016.09.21 12:18:34.474,0.97634,0.97644,1.50,1.12
2016.09.21 12:18:34.526,0.97634,0.97644,1.50,1.50
2016.09.21 12:18:34.577,0.97634,0.97644,1.12,1.50
2016.09.21 12:18:34.941,0.97634,0.97644,1.12,1.12
2016.09.21 12:18:34.993,0.97634,0.97644,1.50,1.12
2016.09.21 12:18:35.044,0.97634,0.97644,1.50,1.50
2016.09.21 12:18:35.095,0.97634,0.97644,1.12,1.50
2016.09.21 12:18:35.146,0.97634,0.97644,1.37,1.12
2016.09.21 12:18:35.197,0.97634,0.97644,1.50,1.12
2016.09.21 12:18:35.870,0.97634,0.97644,1.50,1.12
2016.09.21 12:18:35.924,0.97634,0.97644,1.50,1.50
2016.09.21 12:18:35.975,0.97634,0.97644,1.12,1.50
2016.09.21 12:18:36.027,0.97634,0.97643,1.12,1.87
2016.09.21 12:18:36.078,0.97634,0.97642,1.12,1.12
2016.09.21 12:18:37.408,0.97634,0.97642,1.37,1.00
2016.09.21 12:18:37.459,0.97634,0.97643,1.37,1.00
2016.09.21 12:18:37.510,0.97635,0.97643,1.37,1.12
2016.09.21 12:18:37.561,0.97635,0.97643,1.50,1.12
2016.09.21 12:18:38.030,0.97633,0.97643,3.37,1.12
2016.09.21 12:18:38.081,0.97633,0.97643,2.62,1.12
2016.09.21 12:18:38.285,0.97633,0.97643,2.62,2.62
2016.09.21 12:18:38.336,0.97633,0.97642,2.62,1.12
2016.09.21 12:18:38.387,0.97634,0.97642,1.00,1.12
2016.09.21 12:18:38.952,0.97634,0.97643,1.00,2.62
2016.09.21 12:18:39.061,0.97634,0.97644,1.00,1.87
2016.09.21 12:18:39.113,0.97634,0.97643,1.00,1.00
2016.09.21 12:18:39.216,0.97634,0.97644,1.50,1.12
2016.09.21 12:18:40.196,0.97634,0.97644,1.50,1.00
2016.09.21 12:18:40.248,0.97635,0.97645,1.00,1.87
2016.09.21 12:18:40.724,0.97637,0.97646,1.12,3.00
2016.09.21 12:18:40.775,0.97637,0.97646,1.12,1.00
2016.09.21 12:18:40.826,0.9764,0.97647,1.00,1.12
2016.09.21 12:18:40.878,0.97641,0.97649,1.50,1.00
2016.09.21 12:18:40.929,0.97642,0.97651,1.00,2.25
2016.09.21 12:18:40.980,0.97642,0.97649,1.50,1.00
2016.09.21 12:18:41.031,0.97642,0.97649,1.87,1.00
2016.09.21 12:18:41.098,0.97642,0.97652,1.87,1.25
2016.09.21 12:18:41.150,0.97642,0.97652,1.87,1.00
2016.09.21 12:18:41.816,0.97642,0.97652,2.62,1.00
2016.09.21 12:18:41.918,0.97644,0.97654,1.37,1.87
2016.09.21 12:18:42.070,0.97644,0.97654,1.50,1.50
2016.09.21 12:18:44.908,0.97644,0.97654,1.50,1.50
2016.09.21 12:18:44.960,0.97644,0.97653,1.00,1.00
2016.09.21 12:18:45.011,0.97643,0.97653,1.50,1.00
2016.09.21 12:18:45.138,0.97642,0.97652,4.12,1.12
2016.09.21 12:18:45.190,0.97642,0.97652,3.00,1.12
2016.09.21 12:18:45.241,0.97642,0.97652,3.75,1.12
2016.09.21 12:18:45.343,0.97642,0.97652,3.00,1.12
2016.09.21 12:18:45.547,0.97642,0.97652,2.25,1.12
2016.09.21 12:18:45.649,0.97642,0.97651,1.87,1.12
2016.09.21 12:18:45.701,0.97642,0.97651,1.50,1.12
2016.09.21 12:18:45.752,0.97642,0.97651,1.50,1.87
2016.09.21 12:18:45.936,0.97641,0.97651,1.50,1.87
2016.09.21 12:18:46.004,0.97641,0.97651,1.12,1.87
2016.09.21 12:18:46.157,0.97641,0.97651,1.12,1.12
2016.09.21 12:18:47.059,0.97643,0.97652,1.50,1.00
2016.09.21 12:18:47.110,0.97643,0.97653,3.00,1.50
2016.09.21 12:18:47.163,0.97644,0.97654,1.87,1.87
2016.09.21 12:18:47.215,0.97644,0.97654,3.37,1.50
2016.09.21 12:18:47.266,0.97646,0.97654,1.37,1.00
2016.09.21 12:18:47.320,0.97646,0.97654,1.50,1.00
2016.09.21 12:18:47.384,0.97646,0.97656,1.50,2.25
2016.09.21 12:18:47.435,0.97646,0.97656,1.50,2.25
2016.09.21 12:18:48.060,0.97646,0.97656,1.50,1.50
2016.09.21 12:18:48.213,0.97646,0.97654,1.50,1.00
2016.09.21 12:18:48.725,0.97646,0.97656,1.50,1.50
2016.09.21 12:18:49.185,0.97646,0.97656,1.50,1.87
2016.09.21 12:18:49.287,0.97646,0.97656,1.50,1.50
2016.09.21 12:18:49.643,0.97645,0.97655,1.75,1.00
2016.09.21 12:18:49.745,0.97645,0.97655,1.37,1.00
2016.09.21 12:18:49.797,0.97645,0.97655,1.00,1.00
2016.09.21 12:18:50.830,0.97645,0.97654,1.00,1.00
2016.09.21 12:18:51.242,0.97645,0.97655,1.00,1.50
2016.09.21 12:18:52.700,0.97645,0.97655,1.00,1.87
2016.09.21 12:18:53.588,0.97645,0.97655,1.00,1.50
2016.09.21 12:18:54.060,0.97645,0.97655,1.87,1.50
2016.09.21 12:18:54.997,0.97646,0.97655,1.00,1.50
2016.09.21 12:18:55.049,0.97646,0.97655,1.50,1.00
2016.09.21 12:18:55.472,0.97646,0.97656,1.50,1.87
2016.09.21 12:18:55.625,0.97646,0.97655,1.50,1.00
2016.09.21 12:18:56.361,0.97646,0.97655,1.12,1.12
2016.09.21 12:18:56.463,0.97646,0.97655,1.12,1.12
2016.09.21 12:18:56.566,0.97645,0.97653,1.12,1.00
2016.09.21 12:18:56.781,0.97643,0.97652,1.12,1.00
2016.09.21 12:18:56.885,0.97643,0.97651,1.00,1.12
2016.09.21 12:18:57.397,0.97642,0.97651,1.00,1.12
2016.09.21 12:18:57.658,0.97641,0.97651,1.50,1.87
2016.09.21 12:18:58.321,0.97641,0.97651,1.50,1.12
2016.09.21 12:18:59.743,0.97641,0.97651,1.50,1.87
2016.09.21 12:18:59.845,0.97641,0.97651,1.12,1.87
2016.09.21 12:18:59.896,0.97641,0.97651,1.12,1.87
2016.09.21 12:19:00.490,0.97641,0.97651,1.12,1.87
2016.09.21 12:19:00.543,0.97641,0.97651,1.50,1.87
2016.09.21 12:19:00.699,0.97641,0.97651,1.50,1.50
2016.09.21 12:19:00.751,0.97641,0.97651,1.87,1.50
2016.09.21 12:19:01.223,0.97642,0.97651,1.12,1.50
2016.09.21 12:19:01.274,0.97643,0.97651,1.50,1.00
2016.09.21 12:19:01.325,0.97643,0.97651,1.87,1.00
2016.09.21 12:19:01.376,0.97644,0.97653,1.12,1.50
2016.09.21 12:19:01.427,0.97644,0.97653,1.12,1.12
2016.09.21 12:19:01.479,0.97644,0.97653,1.50,1.00
2016.09.21 12:19:01.530,0.97644,0.97653,1.87,1.00
2016.09.21 12:19:01.581,0.97645,0.97655,1.50,1.50
2016.09.21 12:19:01.632,0.97646,0.97655,1.00,1.50
2016.09.21 12:19:01.683,0.97645,0.97655,2.62,1.50
2016.09.21 12:19:01.734,0.97646,0.97655,1.37,1.50
2016.09.21 12:19:02.047,0.97645,0.97655,2.25,1.50
2016.09.21 12:19:02.099,0.97645,0.97655,1.87,1.50
2016.09.21 12:19:02.608,0.97646,0.97655,1.50,1.00
2016.09.21 12:19:03.835,0.97646,0.97655,1.87,1.00
2016.09.21 12:19:04.571,0.97646,0.97656,1.87,2.25
2016.09.21 12:19:04.624,0.97646,0.97656,1.50,2.25
2016.09.21 12:19:04.675,0.97646,0.97656,2.25,1.50
2016.09.21 12:19:04.727,0.97646,0.97656,2.25,1.00
2016.09.21 12:19:04.779,0.97648,0.97658,1.12,3.00
2016.09.21 12:19:04.831,0.97648,0.97658,1.87,1.87
2016.09.21 12:19:05.239,0.97648,0.97658,1.12,2.62
2016.09.21 12:19:05.290,0.97647,0.97657,1.50,1.00
2016.09.21 12:19:05.682,0.97648,0.97658,1.37,1.00
2016.09.21 12:19:05.734,0.97649,0.9766,1.12,4.12
2016.09.21 12:19:05.785,0.97649,0.9766,1.12,3.75
2016.09.21 12:19:05.888,0.97649,0.9766,1.12,3.00
2016.09.21 12:19:05.939,0.9765,0.9766,1.00,2.25
2016.09.21 12:19:05.991,0.97651,0.9766,1.12,1.12
2016.09.21 12:19:06.043,0.97651,0.9766,1.87,1.00
2016.09.21 12:19:06.231,0.97651,0.97661,1.50,3.00
2016.09.21 12:19:06.334,0.97651,0.97661,1.50,3.00
2016.09.21 12:19:06.590,0.97651,0.97661,1.50,3.37
2016.09.21 12:19:06.641,0.97651,0.97661,1.12,3.37
2016.09.21 12:19:06.795,0.9765,0.9766,2.62,1.00
2016.09.21 12:19:09.352,0.9765,0.9766,2.25,1.00
2016.09.21 12:19:09.568,0.9765,0.9766,2.25,1.50
2016.09.21 12:19:09.622,0.9765,0.9766,2.25,1.87
2016.09.21 12:19:09.674,0.9765,0.97659,1.12,1.00
2016.09.21 12:19:09.726,0.97649,0.97659,1.87,1.87
2016.09.21 12:19:09.777,0.97649,0.97658,1.12,1.00
2016.09.21 12:19:12.624,0.97648,0.97658,1.87,1.50
2016.09.21 12:19:12.981,0.97648,0.97658,2.62,1.50
2016.09.21 12:19:13.033,0.97649,0.97658,1.12,1.00
2016.09.21 12:19:13.186,0.97649,0.97659,1.12,1.12
2016.09.21 12:19:13.237,0.97649,0.97659,1.87,1.00
2016.09.21 12:19:13.288,0.97649,0.97659,2.62,1.00
2016.09.21 12:19:13.390,0.97649,0.97659,3.00,1.00
2016.09.21 12:19:13.442,0.9765,0.97661,2.25,1.50
2016.09.21 12:19:13.529,0.97652,0.97661,1.00,1.50
2016.09.21 12:19:13.582,0.97652,0.97661,1.50,1.50
2016.09.21 12:19:13.991,0.97652,0.97661,1.50,1.00
2016.09.21 12:19:14.094,0.97652,0.97661,1.50,1.50
2016.09.21 12:19:14.607,0.97652,0.97661,1.50,1.00
2016.09.21 12:19:15.167,0.97652,0.97661,1.50,1.50
2016.09.21 12:19:15.371,0.97652,0.97661,1.87,1.50
2016.09.21 12:19:15.473,0.97652,0.97662,1.87,3.00
2016.09.21 12:19:15.782,0.97652,0.97662,1.87,2.25
2016.09.21 12:19:15.905,0.97652,0.97662,1.87,3.00
2016.09.21 12:19:17.064,0.97652,0.97662,2.62,2.25
2016.09.21 12:19:17.115,0.97652,0.97662,2.62,1.50
2016.09.21 12:19:17.166,0.97652,0.97662,2.62,1.00
2016.09.21 12:19:17.270,0.97652,0.97662,1.87,1.00
2016.09.21 12:19:17.672,0.97652,0.97662,2.62,1.00
2016.09.21 12:19:17.774,0.97652,0.97662,3.37,1.00
2016.09.21 12:19:18.419,0.97652,0.97661,2.62,1.00
2016.09.21 12:19:18.832,0.97652,0.97662,3.37,1.00
2016.09.21 12:19:18.934,0.97652,0.97662,4.12,1.00
2016.09.21 12:19:18.985,0.97652,0.97662,4.87,1.00
2016.09.21 12:19:19.087,0.97654,0.97662,1.00,1.00
2016.09.21 12:19:19.138,0.97654,0.97665,1.00,1.50
2016.09.21 12:19:19.291,0.97654,0.97665,1.00,2.25
2016.09.21 12:19:19.342,0.97654,0.97665,1.00,3.00
2016.09.21 12:19:20.202,0.97654,0.97665,1.00,3.00
2016.09.21 12:19:20.304,0.97654,0.97662,1.00,1.00
2016.09.21 12:19:20.355,0.97653,0.97662,1.87,1.00
2016.09.21 12:19:20.406,0.97653,0.97662,1.50,1.00
2016.09.21 12:19:21.024,0.97653,0.97663,2.25,1.12
2016.09.21 12:19:21.075,0.97653,0.97662,1.87,1.00
2016.09.21 12:19:21.126,0.97653,0.97662,1.50,1.00
2016.09.21 12:19:21.177,0.97653,0.97663,1.50,1.87
2016.09.21 12:19:22.302,0.97653,0.97663,1.12,1.87
2016.09.21 12:19:23.097,0.97653,0.97663,1.12,1.12
2016.09.21 12:19:23.149,0.97654,0.97664,1.00,1.87
2016.09.21 12:19:23.354,0.97653,0.97663,1.37,1.00
2016.09.21 12:19:23.405,0.97653,0.97663,1.75,1.00
2016.09.21 12:19:24.024,0.97653,0.97662,1.75,1.00
2016.09.21 12:19:24.132,0.97653,0.97662,1.50,1.00
2016.09.21 12:19:24.183,0.97653,0.97662,1.12,1.00
2016.09.21 12:19:24.235,0.97652,0.97662,1.87,1.50
2016.09.21 12:19:24.286,0.97652,0.97662,2.62,1.00
2016.09.21 12:19:24.337,0.97652,0.97664,2.62,3.00
2016.09.21 12:19:24.592,0.97652,0.97664,2.62,2.25
2016.09.21 12:19:26.299,0.97654,0.97664,1.00,1.50
2016.09.21 12:19:26.350,0.97654,0.97664,1.87,1.12
2016.09.21 12:19:26.402,0.97654,0.97664,1.50,1.50
2016.09.21 12:19:26.658,0.97654,0.97664,2.25,1.00
2016.09.21 12:19:30.175,0.97654,0.97664,1.50,1.50
2016.09.21 12:19:30.381,0.97654,0.97664,2.25,1.00
2016.09.21 12:19:30.534,0.97654,0.97664,2.62,1.00
2016.09.21 12:19:32.175,0.97654,0.97664,1.87,1.50
2016.09.21 12:19:32.490,0.97654,0.97664,1.87,1.00
2016.09.21 12:19:33.185,0.97658,0.97665,1.00,1.00
2016.09.21 12:19:33.236,0.97658,0.97665,1.50,1.00
2016.09.21 12:19:33.343,0.97658,0.97666,3.00,1.00
2016.09.21 12:19:33.394,0.97659,0.97668,1.87,1.00
2016.09.21 12:19:33.498,0.97659,0.97668,2.25,1.00
2016.09.21 12:19:33.549,0.97659,0.97669,2.25,1.87
2016.09.21 12:19:33.600,0.97659,0.97669,1.75,2.25
2016.09.21 12:19:33.651,0.97659,0.97668,1.75,1.00
2016.09.21 12:19:33.754,0.97659,0.97668,2.25,1.00
2016.09.21 12:19:33.805,0.9766,0.97668,1.75,1.00
2016.09.21 12:19:33.856,0.97661,0.97669,1.50,1.00
2016.09.21 12:19:33.958,0.97661,0.97671,1.50,1.00
2016.09.21 12:19:34.291,0.97661,0.97669,1.50,1.00
2016.09.21 12:19:34.342,0.97661,0.97669,1.12,1.12
2016.09.21 12:19:34.394,0.97659,0.97669,1.75,1.12
2016.09.21 12:19:34.447,0.97659,0.97669,1.75,1.12
2016.09.21 12:19:34.499,0.97659,0.97669,1.50,1.12
2016.09.21 12:19:34.550,0.97658,0.9767,2.62,3.37
2016.09.21 12:19:34.754,0.97658,0.9767,2.62,3.00
2016.09.21 12:19:34.856,0.97658,0.9767,2.62,3.37
2016.09.21 12:19:34.958,0.97658,0.97668,2.62,1.00
2016.09.21 12:19:35.675,0.97658,0.97667,1.37,1.50
2016.09.21 12:19:35.727,0.97657,0.97667,3.00,1.50
2016.09.21 12:19:35.779,0.97657,0.97667,2.25,1.50
2016.09.21 12:19:35.831,0.97657,0.97667,1.50,1.00
2016.09.21 12:19:35.883,0.97656,0.97666,2.25,1.00
2016.09.21 12:19:37.549,0.97656,0.97666,2.25,1.00
2016.09.21 12:19:37.651,0.97656,0.97666,2.25,1.12
2016.09.21 12:19:37.753,0.97656,0.97666,2.25,1.00
2016.09.21 12:19:39.059,0.97656,0.97666,2.25,1.00
2016.09.21 12:19:39.161,0.97656,0.97666,2.25,1.12
2016.09.21 12:19:39.263,0.97656,0.97665,1.50,1.00
2016.09.21 12:19:39.318,0.97655,0.97665,1.50,1.50
2016.09.21 12:19:39.780,0.97655,0.97665,1.87,1.50
2016.09.21 12:19:42.874,0.97655,0.97665,1.12,1.00
2016.09.21 12:19:42.926,0.97656,0.97665,1.50,1.00
2016.09.21 12:19:42.977,0.97658,0.97668,1.50,3.37
2016.09.21 12:19:43.029,0.97658,0.97668,1.87,2.25
2016.09.21 12:19:43.080,0.97658,0.97668,1.50,1.00
2016.09.21 12:19:43.131,0.97659,0.97668,1.00,1.00
2016.09.21 12:19:43.182,0.97659,0.97669,1.00,3.37
2016.09.21 12:19:43.234,0.97657,0.97669,2.25,2.62
2016.09.21 12:19:43.285,0.97658,0.97668,1.37,1.00
2016.09.21 12:19:43.337,0.97658,0.97668,1.87,1.00
2016.09.21 12:19:43.408,0.97658,0.97668,1.75,1.00
2016.09.21 12:19:43.460,0.97658,0.97668,1.50,1.12
2016.09.21 12:19:43.563,0.97657,0.97666,1.75,1.12
2016.09.21 12:19:43.614,0.97656,0.97666,3.37,1.12
2016.09.21 12:19:43.665,0.97656,0.97666,2.62,1.12
2016.09.21 12:19:43.716,0.97656,0.97666,1.87,1.87
2016.09.21 12:19:44.072,0.97656,0.97665,1.87,1.00
2016.09.21 12:19:44.225,0.97656,0.97665,1.50,1.00
2016.09.21 12:19:44.276,0.97656,0.97666,1.50,2.25
2016.09.21 12:19:44.583,0.97656,0.97665,1.00,1.00
2016.09.21 12:19:48.101,0.97656,0.97665,1.50,1.00
2016.09.21 12:19:48.203,0.97656,0.97666,2.25,1.12
2016.09.21 12:19:48.255,0.97656,0.97666,2.62,1.12
2016.09.21 12:19:48.306,0.97657,0.97666,1.12,1.12
2016.09.21 12:19:48.613,0.97656,0.97666,1.87,1.12
2016.09.21 12:19:51.021,0.97657,0.97666,1.30,1.12
2016.09.21 12:19:51.074,0.97659,0.97666,1.00,1.00
2016.09.21 12:19:51.126,0.97659,0.97666,1.12,1.00
2016.09.21 12:19:51.177,0.97662,0.97669,1.00,1.12
2016.09.21 12:19:51.280,0.97662,0.97671,1.50,1.12
2016.09.21 12:19:51.331,0.97662,0.97672,1.87,1.87
2016.09.21 12:19:51.433,0.97662,0.97672,2.25,1.50
2016.09.21 12:19:51.645,0.97663,0.97672,1.12,1.50
2016.09.21 12:19:52.054,0.97663,0.97672,1.12,1.00
2016.09.21 12:19:52.207,0.97663,0.97673,1.87,1.12
2016.09.21 12:19:52.871,0.97663,0.97672,1.87,1.00
2016.09.21 12:19:52.973,0.97663,0.97673,1.87,1.50
2016.09.21 12:19:53.025,0.97662,0.97672,1.50,1.50
2016.09.21 12:19:53.986,0.97662,0.97672,1.50,1.50
2016.09.21 12:19:54.526,0.97662,0.97672,1.50,1.50
2016.09.21 12:19:54.577,0.9766,0.9767,1.87,1.00
2016.09.21 12:19:54.633,0.97659,0.97669,3.75,1.00
2016.09.21 12:19:54.686,0.97659,0.97668,1.87,1.00
2016.09.21 12:19:54.739,0.97659,0.97668,1.50,1.00
2016.09.21 12:19:54.893,0.97659,0.97669,1.50,1.12
2016.09.21 12:19:55.602,0.9766,0.9767,1.00,2.62
2016.09.21 12:19:55.809,0.9766,0.9767,1.00,2.62
2016.09.21 12:19:56.013,0.9766,0.9767,1.00,2.62
2016.09.21 12:19:56.077,0.9766,0.9767,1.00,2.62
2016.09.21 12:19:56.232,0.9766,0.9767,1.12,2.62
2016.09.21 12:19:56.283,0.9766,0.9767,1.12,1.87
2016.09.21 12:19:56.385,0.9766,0.9767,1.12,1.87
2016.09.21 12:19:56.691,0.9766,0.9767,1.12,1.87
2016.09.21 12:19:56.794,0.97658,0.97668,1.87,1.50
2016.09.21 12:19:56.845,0.97658,0.97668,1.50,1.87
2016.09.21 12:19:56.896,0.97658,0.97668,1.50,1.12
2016.09.21 12:19:56.998,0.97658,0.97668,1.50,1.12
2016.09.21 12:19:58.408,0.97658,0.97668,2.25,1.12
2016.09.21 12:19:58.460,0.97659,0.97668,1.00,1.12
2016.09.21 12:19:58.513,0.9766,0.9767,1.12,2.25
2016.09.21 12:19:58.565,0.9766,0.9767,1.12,1.87
2016.09.21 12:19:58.618,0.9766,0.9767,2.25,1.00
2016.09.21 12:19:58.669,0.9766,0.9767,2.62,1.00
2016.09.21 12:19:58.720,0.97661,0.97671,1.37,1.00
2016.09.21 12:19:59.190,0.97661,0.97671,1.37,1.50
2016.09.21 12:19:59.394,0.97661,0.97671,1.37,1.00
2016.09.21 12:20:00.112,0.97662,0.97671,1.12,1.00
2016.09.21 12:20:00.163,0.97662,0.97671,1.12,1.00
2016.09.21 12:20:00.214,0.97665,0.97673,1.00,1.12
2016.09.21 12:20:00.317,0.97664,0.97673,1.00,1.12
2016.09.21 12:20:00.368,0.97664,0.97673,1.12,1.12
2016.09.21 12:20:00.419,0.97664,0.97674,1.50,1.00
2016.09.21 12:20:00.503,0.97665,0.97674,1.00,1.50
2016.09.21 12:20:00.622,0.97664,0.97673,1.87,1.00
2016.09.21 12:20:00.673,0.97664,0.97673,1.12,1.00
2016.09.21 12:20:00.724,0.97663,0.97673,1.87,1.12
2016.09.21 12:20:00.775,0.97663,0.97673,1.50,1.12
2016.09.21 12:20:00.826,0.97662,0.97673,1.87,1.12
2016.09.21 12:20:00.878,0.97662,0.97674,1.87,1.50
2016.09.21 12:20:00.929,0.97662,0.97674,1.50,1.50
2016.09.21 12:20:01.133,0.97662,0.97674,1.50,1.50
2016.09.21 12:20:01.497,0.97661,0.97673,2.62,1.12
2016.09.21 12:20:01.600,0.97661,0.97673,1.87,1.50
2016.09.21 12:20:01.651,0.97662,0.97673,1.00,1.50
2016.09.21 12:20:01.702,0.97662,0.97671,1.12,1.00
2016.09.21 12:20:01.838,0.97662,0.97671,1.00,1.37
2016.09.21 12:20:01.921,0.97662,0.97672,1.00,1.87
2016.09.21 12:20:02.023,0.97662,0.97671,1.00,2.25
2016.09.21 12:20:02.127,0.97662,0.97672,1.00,5.66
2016.09.21 12:20:02.179,0.97662,0.97671,1.00,2.25
2016.09.21 12:20:02.230,0.97659,0.97671,1.12,3.37
2016.09.21 12:20:02.282,0.97659,0.97671,1.12,3.60
2016.09.21 12:20:02.333,0.97659,0.97671,1.12,3.22
2016.09.21 12:20:02.384,0.97659,0.97671,1.12,2.25
2016.09.21 12:20:02.543,0.97659,0.97671,1.12,2.25
2016.09.21 12:20:02.596,0.97659,0.97669,1.12,1.12
2016.09.21 12:20:02.701,0.97659,0.9767,1.12,1.37
2016.09.21 12:20:02.906,0.97659,0.97669,1.12,1.12
2016.09.21 12:20:02.957,0.97659,0.97669,1.12,1.12
2016.09.21 12:20:03.111,0.97659,0.97669,1.12,1.87
2016.09.21 12:20:04.039,0.97659,0.97669,1.00,2.25
2016.09.21 12:20:04.146,0.97659,0.97669,1.00,2.62
2016.09.21 12:20:04.301,0.9766,0.97669,1.00,1.87
2016.09.21 12:20:04.352,0.9766,0.97669,1.00,1.50
2016.09.21 12:20:04.404,0.97661,0.97671,1.00,2.25
2016.09.21 12:20:04.455,0.97661,0.97671,1.37,1.87
2016.09.21 12:20:04.507,0.97661,0.97671,2.25,1.50
2016.09.21 12:20:04.609,0.97662,0.97671,1.12,1.50
2016.09.21 12:20:04.712,0.97662,0.97671,1.12,1.00
2016.09.21 12:20:04.822,0.97661,0.97671,2.25,1.00
2016.09.21 12:20:05.027,0.97661,0.97671,2.25,1.50
2016.09.21 12:20:05.437,0.97662,0.97671,1.12,1.00
2016.09.21 12:20:05.601,0.97662,0.97672,1.12,2.62
2016.09.21 12:20:06.069,0.97662,0.97672,1.12,1.87
2016.09.21 12:20:06.120,0.97662,0.97672,1.12,1.12
2016.09.21 12:20:07.211,0.97663,0.97672,1.00,1.12
2016.09.21 12:20:07.263,0.97663,0.97672,1.37,1.00
2016.09.21 12:20:07.317,0.97664,0.97674,1.12,1.87
2016.09.21 12:20:07.368,0.97664,0.97674,1.37,1.00
2016.09.21 12:20:07.421,0.97664,0.97674,1.50,1.00
2016.09.21 12:20:07.626,0.97663,0.97674,1.87,1.50
2016.09.21 12:20:08.298,0.97664,0.97674,1.50,1.00
2016.09.21 12:20:08.401,0.97664,0.97675,1.87,1.12
2016.09.21 12:20:08.452,0.97665,0.97675,1.12,1.12
2016.09.21 12:20:08.713,0.97665,0.97675,1.12,1.12
2016.09.21 12:20:09.021,0.97665,0.97675,1.87,1.12
2016.09.21 12:20:10.115,0.97665,0.97675,1.87,1.12
2016.09.21 12:20:11.014,0.97665,0.97675,1.87,1.12
2016.09.21 12:20:11.065,0.97665,0.97675,1.87,1.00
2016.09.21 12:20:11.117,0.97665,0.97675,1.50,1.00
2016.09.21 12:20:11.168,0.97666,0.97675,1.00,1.00
2016.09.21 12:20:11.271,0.97665,0.97675,1.50,1.00
2016.09.21 12:20:11.373,0.97665,0.97675,1.50,1.12
2016.09.21 12:20:11.424,0.97664,0.97676,4.12,1.87
2016.09.21 12:20:11.475,0.97665,0.97676,1.00,1.87
2016.09.21 12:20:11.527,0.97665,0.97674,1.00,1.00
2016.09.21 12:20:11.681,0.97664,0.97674,3.75,1.00
2016.09.21 12:20:11.783,0.97664,0.97674,3.75,1.00
2016.09.21 12:20:11.982,0.97665,0.97674,1.00,1.00
2016.09.21 12:20:12.393,0.97665,0.97674,1.50,1.00
2016.09.21 12:20:12.444,0.97665,0.97676,2.25,2.62
2016.09.21 12:20:12.598,0.97665,0.97676,2.25,1.87
2016.09.21 12:20:13.422,0.97665,0.97676,1.50,1.50
2016.09.21 12:20:13.525,0.97665,0.97676,2.25,1.87
2016.09.21 12:20:13.778,0.97665,0.97676,2.25,2.62
2016.09.21 12:20:14.086,0.97665,0.97676,2.25,1.87
2016.09.21 12:20:14.393,0.97665,0.97676,2.25,2.62
2016.09.21 12:20:15.303,0.97665,0.97676,2.25,2.62
2016.09.21 12:20:15.898,0.97665,0.97676,2.25,1.87
2016.09.21 12:20:16.292,0.97665,0.97676,2.25,2.62
2016.09.21 12:20:16.495,0.97665,0.97676,2.25,1.87
2016.09.21 12:20:16.864,0.97665,0.97676,2.25,3.00
2016.09.21 12:20:16.962,0.97665,0.97676,2.25,3.75
2016.09.21 12:20:17.424,0.97665,0.97676,2.25,3.00
2016.09.21 12:20:17.730,0.97665,0.97676,1.50,2.62
2016.09.21 12:20:18.192,0.97665,0.97676,1.50,1.50
2016.09.21 12:20:19.563,0.97665,0.97676,2.25,1.87
2016.09.21 12:20:19.665,0.97665,0.97676,5.47,1.87
2016.09.21 12:20:19.716,0.97665,0.97676,6.60,1.12
2016.09.21 12:20:19.779,0.9767,0.97676,1.00,1.00
2016.09.21 12:20:19.831,0.9767,0.97679,1.87,1.87
2016.09.21 12:20:19.882,0.9767,0.97679,2.25,1.50
2016.09.21 12:20:20.035,0.9767,0.97679,2.25,1.00
2016.09.21 12:20:20.239,0.9767,0.97679,2.25,1.00
2016.09.21 12:20:20.494,0.9767,0.97679,2.25,1.00
2016.09.21 12:20:20.545,0.9767,0.97679,2.25,1.87
2016.09.21 12:20:20.621,0.9767,0.97678,1.50,1.12
2016.09.21 12:20:20.673,0.97668,0.97678,1.37,1.50
2016.09.21 12:20:20.725,0.97667,0.97678,2.25,1.50
2016.09.21 12:20:20.777,0.97667,0.97676,1.87,1.00
2016.09.21 12:20:20.829,0.97667,0.97676,1.87,1.00
2016.09.21 12:20:20.881,0.97667,0.97677,1.87,1.12
2016.09.21 12:20:20.933,0.97667,0.97677,1.12,1.87
2016.09.21 12:20:20.985,0.97666,0.97677,1.50,1.87
2016.09.21 12:20:21.036,0.97666,0.97677,1.50,2.25
2016.09.21 12:20:21.139,0.97666,0.97675,1.50,1.00
2016.09.21 12:20:21.242,0.97666,0.97674,1.37,1.00
2016.09.21 12:20:21.298,0.97666,0.97674,1.12,1.00
2016.09.21 12:20:21.757,0.97666,0.97675,1.12,1.00
2016.09.21 12:20:21.860,0.97665,0.97675,1.50,1.50
2016.09.21 12:20:22.222,0.97665,0.97674,1.50,1.00
2016.09.21 12:20:22.377,0.97665,0.97674,1.12,1.00
2016.09.21 12:20:22.735,0.97665,0.97675,1.12,2.25
2016.09.21 12:20:22.932,0.97665,0.97675,1.12,1.87
2016.09.21 12:20:23.830,0.97665,0.97673,1.12,1.00
2016.09.21 12:20:23.933,0.97665,0.97675,1.12,1.12
2016.09.21 12:20:25.553,0.97665,0.97675,1.50,1.12
2016.09.21 12:20:27.670,0.97665,0.97674,1.00,1.00
2016.09.21 12:20:28.079,0.97666,0.97674,1.37,1.00
2016.09.21 12:20:29.456,0.97666,0.97675,1.37,1.12
2016.09.21 12:20:29.507,0.97667,0.97675,1.37,1.00
2016.09.21 12:20:29.966,0.97666,0.97675,1.00,1.00
2016.09.21 12:20:30.849,0.97665,0.97675,2.62,1.00
2016.09.21 12:20:31.423,0.97665,0.97675,1.87,1.50
2016.09.21 12:20:31.525,0.97665,0.97673,1.87,1.00
2016.09.21 12:20:31.577,0.97665,0.97673,1.37,1.00
2016.09.21 12:20:31.628,0.97664,0.97673,1.50,1.00
2016.09.21 12:20:31.679,0.97664,0.97673,1.12,1.00
2016.09.21 12:20:31.834,0.97664,0.97674,1.12,1.12
2016.09.21 12:20:40.522,0.97664,0.97674,1.37,1.00
2016.09.21 12:20:40.573,0.97664,0.97674,1.50,1.00
2016.09.21 12:20:41.870,0.97664,0.97674,1.50,1.00
2016.09.21 12:20:41.972,0.97665,0.97674,1.00,1.00
2016.09.21 12:20:42.074,0.97665,0.97674,1.50,1.00
2016.09.21 12:20:46.441,0.97665,0.97674,1.37,1.00
2016.09.21 12:20:46.492,0.97664,0.97674,1.87,1.00
2016.09.21 12:20:48.638,0.97664,0.97674,1.87,1.12
2016.09.21 12:20:48.850,0.97664,0.97674,1.50,1.12
2016.09.21 12:20:48.904,0.97664,0.97674,1.00,1.50
2016.09.21 12:20:49.160,0.97664,0.97674,1.12,1.50
2016.09.21 12:20:49.211,0.97664,0.97674,1.12,1.12
2016.09.21 12:20:49.466,0.97664,0.97674,1.37,1.00
2016.09.21 12:20:49.518,0.97664,0.97674,1.50,1.00
2016.09.21 12:20:51.866,0.97664,0.97673,1.50,1.00
2016.09.21 12:20:51.972,0.97663,0.97671,1.12,1.00
2016.09.21 12:20:52.023,0.97663,0.97671,1.37,1.00
2016.09.21 12:20:52.075,0.97662,0.97671,1.12,1.00
2016.09.21 12:20:52.178,0.97662,0.97671,1.37,1.00
2016.09.21 12:20:52.229,0.97662,0.97671,1.00,1.00
2016.09.21 12:20:52.734,0.97662,0.97671,1.50,1.00
2016.09.21 12:20:52.836,0.97662,0.97672,2.25,1.12
2016.09.21 12:20:53.148,0.97662,0.97672,1.87,1.12
2016.09.21 12:20:53.199,0.97662,0.97672,1.12,1.12
2016.09.21 12:20:53.515,0.97663,0.97672,1.37,1.12
2016.09.21 12:20:53.719,0.97662,0.97672,1.50,1.12
2016.09.21 12:20:53.821,0.97662,0.97672,2.25,1.12
2016.09.21 12:20:53.923,0.97664,0.97673,2.25,1.00
2016.09.21 12:20:54.025,0.97664,0.97673,2.25,1.00
2016.09.21 12:20:54.076,0.97664,0.97673,1.50,1.00
2016.09.21 12:20:54.182,0.97664,0.97674,1.87,2.62
2016.09.21 12:20:54.234,0.97664,0.97674,1.87,2.62
2016.09.21 12:20:54.285,0.97664,0.97674,1.87,1.87
2016.09.21 12:20:54.336,0.97664,0.97673,1.37,1.12
2016.09.21 12:20:54.438,0.97666,0.97674,1.12,2.25
2016.09.21 12:20:54.490,0.97666,0.97674,1.87,1.50
2016.09.21 12:20:54.541,0.97666,0.97674,1.87,1.00
2016.09.21 12:20:54.694,0.97666,0.97675,2.62,2.25
2016.09.21 12:20:54.745,0.97666,0.97675,3.00,2.25
2016.09.21 12:20:54.796,0.97666,0.97675,2.25,2.25
2016.09.21 12:20:55.055,0.97666,0.97675,1.87,2.62
2016.09.21 12:20:55.106,0.97666,0.97675,1.87,1.50
2016.09.21 12:20:55.158,0.97665,0.97675,1.87,2.25
2016.09.21 12:20:55.210,0.97665,0.97675,1.87,2.62
2016.09.21 12:20:55.312,0.97665,0.97675,1.87,4.12
2016.09.21 12:20:55.467,0.97665,0.97674,1.37,1.12
2016.09.21 12:20:56.153,0.97664,0.97673,1.50,1.00
2016.09.21 12:20:56.257,0.97663,0.97672,1.87,1.00
2016.09.21 12:20:56.461,0.97663,0.97673,1.87,1.87
2016.09.21 12:20:56.512,0.97663,0.97673,1.87,1.50
2016.09.21 12:20:56.564,0.97665,0.97673,1.00,1.00
2016.09.21 12:20:56.615,0.97665,0.97673,1.00,1.00
2016.09.21 12:20:56.666,0.97665,0.97674,1.50,1.37
2016.09.21 12:20:56.771,0.97665,0.97675,1.87,1.87
2016.09.21 12:20:56.823,0.97665,0.97675,1.50,1.50
2016.09.21 12:20:57.131,0.97665,0.97675,1.37,1.50
2016.09.21 12:20:57.183,0.97664,0.97674,2.25,1.00
2016.09.21 12:20:57.234,0.97664,0.97674,1.87,1.00
2016.09.21 12:20:57.286,0.97664,0.97674,1.87,1.12
2016.09.21 12:20:57.592,0.97664,0.97674,1.87,1.12
2016.09.21 12:20:57.643,0.97664,0.97674,2.25,1.12
2016.09.21 12:20:57.697,0.97664,0.97674,2.25,1.00
2016.09.21 12:20:57.903,0.97664,0.97674,2.25,1.00
2016.09.21 12:20:58.688,0.97664,0.97674,2.25,1.00
2016.09.21 12:20:58.790,0.97664,0.97674,1.50,1.00
2016.09.21 12:20:59.811,0.97664,0.97674,1.50,1.00
2016.09.21 12:21:00.560,0.97664,0.97674,1.12,1.12
2016.09.21 12:21:01.943,0.97664,0.97674,1.12,1.50
2016.09.21 12:21:01.994,0.97663,0.97673,1.37,1.50
2016.09.21 12:21:02.045,0.97663,0.97673,1.37,1.87
2016.09.21 12:21:02.096,0.97661,0.97671,3.37,1.00
2016.09.21 12:21:02.200,0.97661,0.97671,2.62,1.50
2016.09.21 12:21:02.252,0.97661,0.97671,2.25,1.50
2016.09.21 12:21:02.303,0.97661,0.97671,1.12,1.00
2016.09.21 12:21:02.355,0.97661,0.97671,1.50,1.00
2016.09.21 12:21:02.406,0.97661,0.97671,1.87,1.00
2016.09.21 12:21:02.530,0.97661,0.97671,1.50,1.00
2016.09.21 12:21:02.582,0.97661,0.97671,1.50,1.00
2016.09.21 12:21:03.094,0.97662,0.97672,1.12,1.87
2016.09.21 12:21:05.624,0.97662,0.97672,1.12,3.22
2016.09.21 12:21:05.675,0.97661,0.9767,1.00,1.50
2016.09.21 12:21:05.726,0.9766,0.9767,1.50,1.50
2016.09.21 12:21:05.778,0.9766,0.9767,1.50,1.00
2016.09.21 12:21:08.186,0.9766,0.9767,1.50,1.12
2016.09.21 12:21:08.976,0.9766,0.9767,1.50,1.00
2016.09.21 12:21:10.380,0.9766,0.9767,1.37,1.12
2016.09.21 12:21:10.688,0.9766,0.9767,1.37,1.00
2016.09.21 12:21:11.172,0.9766,0.9767,1.37,1.50
2016.09.21 12:21:11.247,0.97659,0.97669,1.50,1.00
2016.09.21 12:21:12.006,0.97659,0.97669,1.50,1.75
2016.09.21 12:21:12.057,0.97659,0.97669,1.50,1.75
2016.09.21 12:21:12.108,0.97658,0.97667,1.37,1.50
2016.09.21 12:21:12.159,0.97657,0.97667,2.62,1.50
2016.09.21 12:21:12.211,0.97657,0.97666,1.87,1.12
2016.09.21 12:21:12.314,0.97657,0.97666,1.50,1.12
2016.09.21 12:21:12.365,0.97657,0.97666,1.50,1.12
2016.09.21 12:21:12.417,0.97657,0.97666,1.50,1.00
2016.09.21 12:21:12.472,0.97657,0.97665,1.50,1.00
2016.09.21 12:21:12.525,0.97656,0.97665,1.87,1.00
2016.09.21 12:21:12.576,0.97656,0.97665,1.37,1.50
2016.09.21 12:21:12.630,0.97656,0.97665,1.12,1.50
2016.09.21 12:21:12.700,0.97655,0.97665,1.50,1.50
2016.09.21 12:21:12.751,0.97655,0.97665,1.12,1.87
2016.09.21 12:21:12.802,0.97655,0.97665,1.12,1.87
2016.09.21 12:21:13.772,0.97655,0.97664,1.12,1.00
2016.09.21 12:21:15.661,0.97657,0.97664,1.00,1.00
2016.09.21 12:21:15.765,0.97659,0.97666,1.50,1.00
2016.09.21 12:21:15.816,0.9766,0.97668,1.00,1.50
2016.09.21 12:21:15.869,0.9766,0.97668,1.87,1.37
2016.09.21 12:21:15.920,0.97662,0.97668,1.50,1.00
2016.09.21 12:21:16.125,0.97662,0.97672,1.87,1.12
2016.09.21 12:21:16.227,0.97663,0.97673,1.00,1.50
2016.09.21 12:21:16.328,0.97663,0.97673,1.12,1.12
2016.09.21 12:21:16.541,0.97663,0.97673,1.12,1.87
2016.09.21 12:21:16.643,0.97663,0.97673,1.12,1.50
2016.09.21 12:21:16.745,0.97663,0.97673,1.12,1.87
2016.09.21 12:21:16.796,0.97662,0.97672,1.87,1.12
2016.09.21 12:21:17.793,0.97661,0.97671,2.62,1.00
2016.09.21 12:21:18.456,0.97661,0.97671,2.25,1.00
2016.09.21 12:21:18.558,0.9766,0.97671,1.00,1.50
2016.09.21 12:21:18.610,0.9766,0.9767,1.00,1.12
2016.09.21 12:21:18.712,0.9766,0.97671,1.00,1.87
2016.09.21 12:21:20.673,0.9766,0.97671,1.00,1.87
2016.09.21 12:21:20.725,0.9766,0.97671,1.00,2.44
2016.09.21 12:21:20.776,0.9766,0.9767,1.00,1.12
2016.09.21 12:21:20.827,0.97659,0.97668,2.25,1.54
2016.09.21 12:21:20.878,0.97659,0.97668,1.50,3.04
2016.09.21 12:21:20.930,0.97658,0.97668,2.25,4.12
2016.09.21 12:21:20.982,0.97658,0.97665,2.25,1.00
2016.09.21 12:21:21.063,0.97656,0.97665,1.75,1.50
2016.09.21 12:21:21.115,0.97656,0.97664,1.00,1.00
2016.09.21 12:21:21.175,0.97655,0.97664,1.37,1.12
2016.09.21 12:21:21.253,0.97654,0.97663,1.12,1.00
2016.09.21 12:21:21.407,0.97654,0.97662,1.00,1.12
2016.09.21 12:21:21.509,0.97654,0.97663,1.00,2.25
2016.09.21 12:21:21.824,0.97654,0.97662,1.00,1.12
2016.09.21 12:21:22.083,0.97654,0.97662,1.00,1.12
2016.09.21 12:21:22.152,0.97656,0.97664,1.12,2.25
2016.09.21 12:21:22.204,0.97656,0.97664,1.12,2.25
2016.09.21 12:21:22.256,0.97656,0.97663,1.12,1.00
2016.09.21 12:21:22.308,0.97656,0.97665,1.12,1.50
2016.09.21 12:21:22.360,0.97656,0.97664,1.00,1.00
2016.09.21 12:21:22.517,0.97656,0.97664,1.00,1.12
2016.09.21 12:21:22.569,0.97655,0.97664,1.12,1.87
2016.09.21 12:21:22.671,0.97655,0.97664,1.00,1.87
2016.09.21 12:21:22.979,0.97655,0.97664,1.00,1.87
2016.09.21 12:21:23.030,0.97653,0.97663,2.62,1.12
2016.09.21 12:21:23.081,0.97654,0.97663,1.12,1.12
2016.09.21 12:21:23.133,0.97654,0.97665,1.12,2.62
2016.09.21 12:21:23.184,0.97654,0.97665,1.12,2.62
2016.09.21 12:21:23.286,0.97653,0.97664,2.25,1.50
2016.09.21 12:21:24.009,0.97654,0.97665,1.00,1.87
2016.09.21 12:21:24.321,0.97653,0.97663,1.87,1.50
2016.09.21 12:21:24.425,0.97653,0.97663,1.12,1.50
2016.09.21 12:21:24.528,0.97653,0.97663,1.12,1.00
2016.09.21 12:21:24.579,0.97653,0.97664,1.12,1.37
2016.09.21 12:21:25.037,0.97653,0.97664,1.37,1.00
2016.09.21 12:21:25.159,0.97653,0.97665,1.75,3.00
2016.09.21 12:21:25.263,0.97653,0.97665,2.25,3.00
2016.09.21 12:21:26.351,0.97653,0.97665,1.75,3.00
2016.09.21 12:21:28.030,0.97653,0.97664,1.75,1.12
2016.09.21 12:21:28.134,0.97653,0.97664,1.75,1.12
2016.09.21 12:21:28.978,0.97653,0.97664,1.75,1.50
2016.09.21 12:21:29.029,0.97652,0.97662,2.25,1.50
2016.09.21 12:21:29.133,0.97652,0.97662,1.50,1.50
2016.09.21 12:21:29.545,0.97652,0.97661,1.00,1.00
2016.09.21 12:21:29.597,0.97651,0.97661,1.50,1.00
2016.09.21 12:21:31.027,0.97651,0.97661,2.25,1.00
2016.09.21 12:21:32.933,0.97653,0.97663,1.00,1.37
2016.09.21 12:21:32.984,0.97653,0.97663,1.37,1.00
2016.09.21 12:21:33.035,0.97654,0.97664,1.12,2.25
2016.09.21 12:21:33.087,0.97654,0.97664,1.12,1.87
2016.09.21 12:21:33.189,0.97654,0.97664,1.00,1.87
2016.09.21 12:21:33.240,0.97654,0.97664,1.12,2.25
2016.09.21 12:21:33.292,0.97654,0.97664,1.12,1.87
2016.09.21 12:21:33.343,0.97654,0.97664,1.37,1.50
2016.09.21 12:21:33.395,0.97654,0.97664,1.50,1.50
2016.09.21 12:21:33.446,0.97654,0.97664,1.50,1.00
2016.09.21 12:21:33.548,0.97654,0.97664,2.25,1.00
2016.09.21 12:21:33.704,0.97655,0.97665,1.12,1.87
2016.09.21 12:21:36.855,0.97659,0.97665,1.25,1.12
2016.09.21 12:21:36.907,0.97659,0.97666,1.25,1.37
2016.09.21 12:21:36.959,0.97661,0.97667,1.00,1.50
2016.09.21 12:21:37.010,0.97661,0.97668,1.50,1.87
2016.09.21 12:21:37.061,0.97662,0.97671,1.00,2.25
2016.09.21 12:21:37.112,0.97663,0.97671,1.00,2.25
2016.09.21 12:21:37.163,0.97663,0.97671,1.00,1.50
2016.09.21 12:21:37.215,0.97663,0.97671,1.00,1.37
2016.09.21 12:21:37.266,0.97663,0.97671,1.00,1.00
2016.09.21 12:21:37.317,0.97662,0.97671,1.12,1.00
2016.09.21 12:21:37.419,0.97663,0.97671,1.00,1.00
2016.09.21 12:21:37.470,0.97663,0.97672,1.00,1.12
2016.09.21 12:21:37.521,0.97663,0.97672,1.00,1.12
2016.09.21 12:21:39.747,0.97662,0.97672,1.12,1.12
2016.09.21 12:21:40.004,0.97662,0.97672,1.12,1.87
2016.09.21 12:21:40.056,0.97661,0.97671,1.87,1.00
2016.09.21 12:21:40.159,0.97661,0.97671,1.50,1.00
2016.09.21 12:21:40.269,0.9766,0.97668,1.50,1.00
2016.09.21 12:21:40.320,0.97658,0.97668,1.50,1.00
2016.09.21 12:21:40.372,0.97658,0.97668,1.50,1.87
2016.09.21 12:21:40.425,0.97658,0.97667,1.37,1.50
2016.09.21 12:21:40.476,0.97658,0.97667,1.00,1.50
2016.09.21 12:21:40.528,0.97657,0.97666,1.50,1.12
2016.09.21 12:21:40.637,0.97657,0.97666,1.12,1.12
2016.09.21 12:21:40.688,0.97656,0.97666,2.25,1.00
2016.09.21 12:21:40.739,0.97656,0.97666,1.50,1.50
2016.09.21 12:21:40.790,0.97657,0.97666,1.00,1.87
2016.09.21 12:21:40.841,0.97657,0.97666,1.00,1.12
2016.09.21 12:21:40.892,0.97656,0.97666,1.50,1.00
2016.09.21 12:21:41.046,0.97657,0.97666,1.00,1.12
2016.09.21 12:21:41.250,0.97656,0.97666,1.00,1.00
2016.09.21 12:21:41.454,0.97656,0.97666,1.00,1.12
2016.09.21 12:21:41.505,0.97656,0.97665,1.00,1.00
2016.09.21 12:21:41.659,0.97655,0.97665,1.12,1.50
2016.09.21 12:21:41.760,0.97655,0.97665,1.12,1.87
2016.09.21 12:21:42.687,0.97655,0.97664,1.12,1.00
2016.09.21 12:21:44.288,0.97655,0.97664,1.12,1.00
2016.09.21 12:21:44.340,0.97657,0.97666,1.00,3.00
2016.09.21 12:21:44.425,0.97658,0.97667,1.00,1.87
2016.09.21 12:21:44.477,0.97658,0.97667,1.50,1.00
2016.09.21 12:21:44.528,0.97658,0.97667,1.12,1.00
2016.09.21 12:21:44.579,0.97658,0.97667,1.00,1.12
2016.09.21 12:21:44.683,0.97658,0.97667,1.12,1.00
2016.09.21 12:21:44.735,0.97661,0.97667,1.00,1.00
2016.09.21 12:21:44.788,0.97661,0.97669,1.00,1.50
2016.09.21 12:21:44.840,0.97661,0.97671,1.00,1.87
2016.09.21 12:21:44.892,0.97661,0.9767,1.00,1.00
2016.09.21 12:21:45.238,0.97661,0.9767,1.00,1.00
2016.09.21 12:21:45.396,0.97661,0.97671,1.00,1.87
2016.09.21 12:21:45.756,0.97661,0.97671,1.00,1.12
2016.09.21 12:21:47.496,0.97661,0.97671,1.00,1.50
2016.09.21 12:21:47.682,0.97661,0.97671,1.00,1.12
2016.09.21 12:21:47.938,0.97661,0.97671,1.00,1.87
2016.09.21 12:21:49.056,0.9766,0.9767,1.00,1.00
2016.09.21 12:21:49.108,0.9766,0.9767,1.00,2.62
2016.09.21 12:21:49.216,0.97658,0.97669,1.75,1.50
2016.09.21 12:21:49.267,0.97659,0.97669,1.87,1.87
2016.09.21 12:21:49.325,0.97659,0.97669,1.50,2.25
2016.09.21 12:21:49.402,0.97659,0.97669,1.50,1.50
2016.09.21 12:21:49.454,0.9766,0.97669,1.00,1.00
2016.09.21 12:21:49.505,0.97659,0.97669,2.62,1.00
2016.09.21 12:21:49.556,0.97661,0.9767,1.12,1.00
2016.09.21 12:21:49.659,0.97661,0.97671,1.12,1.87
2016.09.21 12:21:49.874,0.97661,0.97671,1.12,1.87
2016.09.21 12:21:49.977,0.97661,0.97671,1.12,1.12
2016.09.21 12:21:50.029,0.97661,0.97671,1.12,1.12
2016.09.21 12:21:50.131,0.97661,0.97671,1.12,1.12
2016.09.21 12:21:51.705,0.97661,0.97671,1.12,1.12
2016.09.21 12:21:52.104,0.97661,0.97671,1.12,1.12
2016.09.21 12:21:52.258,0.97661,0.97671,1.12,1.50
2016.09.21 12:21:52.464,0.97658,0.97668,4.12,1.00
2016.09.21 12:21:52.524,0.97658,0.97668,1.75,1.00
2016.09.21 12:21:52.576,0.97658,0.97668,1.75,1.00
2016.09.21 12:21:52.628,0.97659,0.97668,1.00,1.50
2016.09.21 12:21:52.681,0.97658,0.97668,1.50,1.87
2016.09.21 12:21:52.784,0.97657,0.97668,2.00,1.12
2016.09.21 12:21:52.837,0.97658,0.97669,1.75,1.50
2016.09.21 12:21:52.889,0.9766,0.97669,1.12,1.50
2016.09.21 12:21:52.941,0.9766,0.9767,1.50,1.87
2016.09.21 12:21:53.043,0.9766,0.9767,1.50,1.12
2016.09.21 12:21:53.094,0.9766,0.97671,1.50,1.87
2016.09.21 12:21:53.145,0.9766,0.97671,1.75,1.12
2016.09.21 12:21:53.197,0.97662,0.97671,1.12,1.12
2016.09.21 12:21:53.249,0.97662,0.97672,1.12,3.00
2016.09.21 12:21:53.339,0.97662,0.97672,1.12,4.12
2016.09.21 12:21:53.391,0.97661,0.97672,2.25,3.00
2016.09.21 12:21:53.801,0.97661,0.97672,1.50,2.25
2016.09.21 12:21:53.904,0.97661,0.97672,2.25,3.00
2016.09.21 12:21:54.058,0.97661,0.97672,2.25,2.25
2016.09.21 12:21:54.109,0.97661,0.97672,1.50,1.50
2016.09.21 12:21:54.161,0.97661,0.97672,2.25,1.12
2016.09.21 12:21:54.212,0.97661,0.97672,2.25,1.12
2016.09.21 12:21:54.289,0.97663,0.97673,1.12,2.25
2016.09.21 12:21:54.342,0.97663,0.97673,1.12,3.00
2016.09.21 12:21:54.803,0.97663,0.97673,1.12,2.25
2016.09.21 12:21:55.362,0.97662,0.97672,1.87,1.12
2016.09.21 12:21:56.052,0.97662,0.97672,1.37,1.12
2016.09.21 12:21:57.200,0.97662,0.97672,1.37,1.00
2016.09.21 12:21:57.251,0.97662,0.97672,1.37,1.00
2016.09.21 12:21:58.020,0.97663,0.97672,1.12,1.00
2016.09.21 12:21:58.072,0.97664,0.97674,1.00,1.37
2016.09.21 12:21:58.276,0.97664,0.97674,1.50,1.00
2016.09.21 12:22:00.276,0.97666,0.97675,1.00,1.12
2016.09.21 12:22:00.387,0.97666,0.97676,1.12,1.12
2016.09.21 12:22:00.439,0.97667,0.97676,1.00,1.12
2016.09.21 12:22:00.502,0.97667,0.97676,1.50,1.12
2016.09.21 12:22:00.605,0.97667,0.97676,1.00,1.12
2016.09.21 12:22:01.365,0.97667,0.97676,1.12,1.00
2016.09.21 12:22:01.417,0.97667,0.97677,1.87,1.12
2016.09.21 12:22:03.853,0.97669,0.97677,1.00,1.12
2016.09.21 12:22:03.905,0.9767,0.97679,1.00,1.87
2016.09.21 12:22:03.957,0.9767,0.97679,1.00,1.50
2016.09.21 12:22:04.010,0.9767,0.97679,1.50,1.00
2016.09.21 12:22:04.061,0.97672,0.97679,1.00,1.00
2016.09.21 12:22:04.250,0.97671,0.97678,1.12,1.00
2016.09.21 12:22:04.301,0.97671,0.97682,1.12,2.06
2016.09.21 12:22:04.403,0.97671,0.97682,1.12,1.87
2016.09.21 12:22:04.746,0.9767,0.97682,2.25,2.62
2016.09.21 12:22:08.972,0.9767,0.97682,2.62,2.62
2016.09.21 12:22:10.556,0.97672,0.97682,1.00,1.87
2016.09.21 12:22:10.609,0.97672,0.97683,3.00,1.50
2016.09.21 12:22:10.693,0.97672,0.97683,3.00,1.00
2016.09.21 12:22:10.745,0.97674,0.97683,1.12,1.00
2016.09.21 12:22:10.848,0.97675,0.97683,1.00,1.00
2016.09.21 12:22:10.951,0.97675,0.97684,1.00,1.87
2016.09.21 12:22:11.522,0.97675,0.97684,1.00,1.12
2016.09.21 12:22:11.675,0.97675,0.97684,1.00,1.12
2016.09.21 12:22:11.879,0.97675,0.97684,1.35,1.12
2016.09.21 12:22:11.930,0.97678,0.97686,1.50,1.50
2016.09.21 12:22:11.981,0.97679,0.97686,1.00,1.50
2016.09.21 12:22:12.034,0.9768,0.97687,1.00,1.50
2016.09.21 12:22:12.085,0.97681,0.97688,1.00,3.00
2016.09.21 12:22:12.137,0.97683,0.9769,1.50,1.00
2016.09.21 12:22:12.192,0.97683,0.9769,1.50,1.00
2016.09.21 12:22:12.244,0.97682,0.97688,2.25,1.00
2016.09.21 12:22:12.295,0.97682,0.97689,2.62,1.00
2016.09.21 12:22:12.346,0.97683,0.97689,1.75,1.00
2016.09.21 12:22:12.448,0.97684,0.97688,1.00,1.00
2016.09.21 12:22:12.551,0.97683,0.97693,1.75,1.00
2016.09.21 12:22:12.705,0.97683,0.97693,1.50,1.00
2016.09.21 12:22:13.253,0.97683,0.97692,1.50,1.00
2016.09.21 12:22:13.564,0.97683,0.97691,1.00,1.00
2016.09.21 12:22:14.102,0.97683,0.97692,1.00,1.00
2016.09.21 12:22:14.511,0.97683,0.9769,1.00,1.00
2016.09.21 12:22:14.562,0.97683,0.9769,1.00,1.00
2016.09.21 12:22:14.614,0.97682,0.9769,1.00,1.00
2016.09.21 12:22:14.666,0.97682,0.9769,1.00,1.50
2016.09.21 12:22:14.740,0.97681,0.9769,1.37,1.87
2016.09.21 12:22:14.804,0.97679,0.97689,1.87,2.62
2016.09.21 12:22:14.855,0.97679,0.97688,1.50,1.12
2016.09.21 12:22:14.958,0.97679,0.97688,1.50,1.12
2016.09.21 12:22:15.009,0.97679,0.97688,1.00,1.87
2016.09.21 12:22:15.113,0.97678,0.97688,2.25,2.25
2016.09.21 12:22:15.166,0.97678,0.97688,1.37,1.12
2016.09.21 12:22:15.269,0.97677,0.97688,1.50,1.50
2016.09.21 12:22:15.630,0.97677,0.97688,1.50,2.62
2016.09.21 12:22:15.681,0.97676,0.97688,3.00,3.37
2016.09.21 12:22:15.732,0.97676,0.97688,2.25,3.37
2016.09.21 12:22:15.783,0.97676,0.97687,2.25,1.12
2016.09.21 12:22:15.835,0.97676,0.97686,2.25,1.50
2016.09.21 12:22:15.938,0.97676,0.97685,1.75,1.12
2016.09.21 12:22:15.989,0.97675,0.97685,1.75,1.12
2016.09.21 12:22:16.040,0.97675,0.97685,1.75,1.87
2016.09.21 12:22:16.097,0.97675,0.97684,1.75,1.00
2016.09.21 12:22:16.149,0.97675,0.97684,1.50,1.00
2016.09.21 12:22:16.255,0.97674,0.97683,1.50,1.00
2016.09.21 12:22:16.562,0.97674,0.97683,1.50,1.12
2016.09.21 12:22:17.031,0.97673,0.97683,1.75,1.87
2016.09.21 12:22:17.389,0.97673,0.97683,1.75,1.12
2016.09.21 12:22:17.939,0.97672,0.97682,3.00,1.00
2016.09.21 12:22:17.990,0.97672,0.97682,2.25,1.87
2016.09.21 12:22:18.044,0.97672,0.97682,1.75,1.87
2016.09.21 12:22:18.095,0.97672,0.9768,1.75,1.00
2016.09.21 12:22:18.149,0.97672,0.9768,1.50,1.00
2016.09.21 12:22:18.252,0.97672,0.97678,1.50,1.00
2016.09.21 12:22:18.355,0.97667,0.97677,3.56,2.25
2016.09.21 12:22:18.410,0.97667,0.97677,3.37,2.25
2016.09.21 12:22:18.461,0.97667,0.97677,1.50,2.25
2016.09.21 12:22:18.564,0.97667,0.97677,1.50,2.62
2016.09.21 12:22:18.616,0.97667,0.97675,1.50,1.00
2016.09.21 12:22:18.719,0.97667,0.97675,1.12,1.00
2016.09.21 12:22:18.873,0.97667,0.97675,1.12,1.00
2016.09.21 12:22:18.924,0.97667,0.97676,1.12,1.12
2016.09.21 12:22:19.039,0.97667,0.97677,1.12,1.00
2016.09.21 12:22:19.090,0.97667,0.97676,1.12,1.00
2016.09.21 12:22:19.141,0.97667,0.97676,1.50,1.00
2016.09.21 12:22:19.192,0.97667,0.97676,1.50,1.00
2016.09.21 12:22:19.244,0.97669,0.97679,1.12,4.50
2016.09.21 12:22:19.347,0.97669,0.97679,1.87,1.50
2016.09.21 12:22:19.398,0.97669,0.97679,1.87,1.50
2016.09.21 12:22:19.551,0.97669,0.97679,2.25,1.00
2016.09.21 12:22:19.926,0.97669,0.97681,2.25,2.81
2016.09.21 12:22:20.181,0.97669,0.97681,2.25,2.81
2016.09.21 12:22:20.534,0.97669,0.97681,2.25,2.06
2016.09.21 12:22:20.859,0.97669,0.97681,2.25,2.44
2016.09.21 12:22:21.844,0.97669,0.97681,2.25,2.62
2016.09.21 12:22:22.252,0.97669,0.97681,2.25,3.37
2016.09.21 12:22:22.316,0.97669,0.97679,2.25,1.00
2016.09.21 12:22:22.367,0.97668,0.97677,1.75,1.12
2016.09.21 12:22:22.419,0.97668,0.97676,1.75,1.00
2016.09.21 12:22:22.472,0.97666,0.97676,2.62,1.87
2016.09.21 12:22:22.523,0.97666,0.97675,1.75,1.00
2016.09.21 12:22:22.575,0.97665,0.97675,2.62,1.00
2016.09.21 12:22:22.627,0.97665,0.97675,2.25,1.00
2016.09.21 12:22:22.678,0.97665,0.97675,2.25,2.25
2016.09.21 12:22:22.732,0.97665,0.97675,2.25,1.50
2016.09.21 12:22:22.784,0.97665,0.97674,2.25,1.00
2016.09.21 12:22:22.984,0.97665,0.97673,2.25,1.00
2016.09.21 12:22:23.086,0.97665,0.97673,2.25,1.00
2016.09.21 12:22:23.137,0.97665,0.97673,1.75,1.00
2016.09.21 12:22:23.290,0.97665,0.97675,1.75,1.50
2016.09.21 12:22:23.393,0.97665,0.97675,1.75,1.50
2016.09.21 12:22:23.444,0.97665,0.97675,1.50,1.50
2016.09.21 12:22:23.546,0.97664,0.97674,1.75,1.00
2016.09.21 12:22:24.640,0.97665,0.97675,1.50,1.50
2016.09.21 12:22:24.692,0.97665,0.97675,1.50,1.50
2016.09.21 12:22:24.743,0.97666,0.97675,1.50,1.00
2016.09.21 12:22:24.794,0.97666,0.97676,1.50,1.50
2016.09.21 12:22:24.897,0.97669,0.97676,1.00,1.50
2016.09.21 12:22:24.948,0.97669,0.97676,1.00,1.12
2016.09.21 12:22:25.101,0.97669,0.97676,1.00,1.12
2016.09.21 12:22:25.828,0.97669,0.97676,1.00,1.12
2016.09.21 12:22:25.880,0.97669,0.97676,1.00,1.00
2016.09.21 12:22:25.931,0.97669,0.97678,1.00,1.50
2016.09.21 12:22:26.016,0.97669,0.97678,1.12,1.12
2016.09.21 12:22:26.170,0.97667,0.97678,2.25,1.12
2016.09.21 12:22:26.782,0.97667,0.97678,1.50,1.12
2016.09.21 12:22:26.833,0.97668,0.97678,1.37,1.12
2016.09.21 12:22:27.865,0.97667,0.97677,1.50,1.00
2016.09.21 12:22:29.481,0.97667,0.97677,2.25,1.00
2016.09.21 12:22:31.506,0.97667,0.97677,2.25,1.00
2016.09.21 12:22:31.609,0.97667,0.97677,2.25,1.00
2016.09.21 12:22:32.669,0.97667,0.97677,1.50,2.85
2016.09.21 12:22:32.720,0.97667,0.97676,1.50,3.75
2016.09.21 12:22:32.772,0.97666,0.97673,1.50,1.37
2016.09.21 12:22:32.874,0.97664,0.97672,1.75,1.37
2016.09.21 12:22:33.011,0.97663,0.97671,3.00,1.37
2016.09.21 12:22:33.065,0.97663,0.97671,1.75,1.87
2016.09.21 12:22:33.218,0.97663,0.97671,1.75,1.87
2016.09.21 12:22:33.269,0.97663,0.97671,1.75,1.12
2016.09.21 12:22:33.320,0.97663,0.97671,1.75,1.00
2016.09.21 12:22:33.677,0.97662,0.97671,1.75,1.00
2016.09.21 12:22:33.981,0.97663,0.97673,1.75,1.50
2016.09.21 12:22:34.287,0.97663,0.97673,1.75,1.00
2016.09.21 12:22:34.650,0.97663,0.97673,1.75,1.00
2016.09.21 12:22:43.121,0.97663,0.97673,1.75,1.00
2016.09.21 12:22:43.225,0.97663,0.97673,1.75,1.50
2016.09.21 12:22:43.487,0.97663,0.97673,1.75,2.25
2016.09.21 12:22:43.539,0.97663,0.97673,1.75,2.25
2016.09.21 12:22:43.590,0.97664,0.97673,1.37,1.00
2016.09.21 12:22:43.641,0.97664,0.97673,1.12,1.00
2016.09.21 12:22:43.795,0.97664,0.97674,1.12,2.62
2016.09.21 12:22:43.846,0.97664,0.97674,1.12,2.62
2016.09.21 12:22:43.999,0.97663,0.97673,1.50,1.00
2016.09.21 12:22:44.165,0.97664,0.97674,1.12,1.87
2016.09.21 12:22:44.217,0.97664,0.97674,1.12,1.12
2016.09.21 12:22:44.944,0.97664,0.97674,1.12,1.12
2016.09.21 12:22:45.254,0.97664,0.97674,1.12,1.12
2016.09.21 12:22:45.305,0.97665,0.97674,1.50,1.00
2016.09.21 12:22:46.500,0.97665,0.97675,2.25,1.00
2016.09.21 12:22:46.812,0.97665,0.97675,2.25,1.00
2016.09.21 12:22:47.170,0.97665,0.97674,1.50,1.00
2016.09.21 12:22:47.275,0.97667,0.97676,1.50,1.00
2016.09.21 12:22:47.329,0.97667,0.97677,2.25,1.50
2016.09.21 12:22:47.483,0.97667,0.97677,2.25,1.12
2016.09.21 12:22:47.586,0.97667,0.97677,2.25,1.50
2016.09.21 12:22:47.637,0.97667,0.97677,1.87,1.87
2016.09.21 12:22:47.688,0.97667,0.97677,1.87,1.50
2016.09.21 12:22:48.178,0.97667,0.97677,1.87,1.87
2016.09.21 12:22:48.230,0.97667,0.97677,1.87,1.87
2016.09.21 12:22:48.536,0.97667,0.97677,1.87,1.87
2016.09.21 12:22:49.029,0.97667,0.97677,1.87,1.87
2016.09.21 12:22:49.081,0.97667,0.97677,1.12,1.87
2016.09.21 12:22:49.132,0.97667,0.97676,1.12,1.12
2016.09.21 12:22:49.184,0.97666,0.97676,2.25,1.87
2016.09.21 12:22:49.236,0.97666,0.97676,1.87,2.25
2016.09.21 12:22:49.287,0.97666,0.97676,1.12,3.00
2016.09.21 12:22:49.338,0.97666,0.97676,1.00,2.62
2016.09.21 12:22:49.491,0.97666,0.97676,1.50,1.87
2016.09.21 12:22:49.602,0.97666,0.97676,1.50,1.87
2016.09.21 12:22:50.466,0.97666,0.97676,1.50,1.50
2016.09.21 12:22:51.111,0.97666,0.97676,1.50,1.87
2016.09.21 12:22:51.213,0.97666,0.97675,1.00,1.12
2016.09.21 12:22:51.949,0.97666,0.97675,1.00,1.12
2016.09.21 12:22:52.051,0.97666,0.97675,1.00,1.87
2016.09.21 12:22:52.102,0.97665,0.97675,3.37,1.87
2016.09.21 12:22:52.259,0.97665,0.97675,2.62,1.12
2016.09.21 12:22:52.310,0.97665,0.97675,3.37,1.12
2016.09.21 12:22:53.336,0.97666,0.97675,1.00,1.12
2016.09.21 12:22:57.693,0.97665,0.97675,1.12,1.12
2016.09.21 12:22:57.745,0.97665,0.97675,1.12,1.72
2016.09.21 12:22:58.075,0.97665,0.97675,1.12,1.72
2016.09.21 12:23:00.527,0.97665,0.97674,1.12,1.00
2016.09.21 12:23:00.579,0.97665,0.97674,1.12,2.85
2016.09.21 12:23:00.630,0.97664,0.97671,1.00,1.00
2016.09.21 12:23:00.681,0.97662,0.97671,3.00,1.50
2016.09.21 12:23:00.766,0.97662,0.9767,1.00,1.00
2016.09.21 12:23:00.817,0.97661,0.9767,1.87,3.00
2016.09.21 12:23:00.870,0.97661,0.9767,1.37,3.00
2016.09.21 12:23:00.923,0.9766,0.9767,1.12,3.00
2016.09.21 12:23:00.976,0.9766,0.9767,1.12,2.25
2016.09.21 12:23:01.438,0.9766,0.9767,1.12,1.87
2016.09.21 12:23:01.587,0.9766,0.9767,1.50,1.87
2016.09.21 12:23:07.142,0.9766,0.9767,1.50,2.25
2016.09.21 12:23:07.193,0.9766,0.9767,1.50,2.25
2016.09.21 12:23:07.263,0.97658,0.97668,3.00,1.00
2016.09.21 12:23:07.316,0.97658,0.97668,4.12,1.12
2016.09.21 12:23:07.368,0.97658,0.97668,3.75,1.12
2016.09.21 12:23:07.576,0.97658,0.97668,3.00,1.12
2016.09.21 12:23:07.627,0.97658,0.97668,2.25,1.12
2016.09.21 12:23:08.287,0.97658,0.97668,1.50,1.12
2016.09.21 12:23:08.542,0.97658,0.97668,2.25,1.12
2016.09.21 12:23:08.644,0.97658,0.97668,1.50,1.12
2016.09.21 12:23:09.210,0.97658,0.97668,2.25,1.12
2016.09.21 12:23:09.449,0.97659,0.97668,1.12,1.12
2016.09.21 12:23:09.552,0.9766,0.97671,1.12,4.12
2016.09.21 12:23:09.603,0.9766,0.97671,1.87,3.37
2016.09.21 12:23:09.655,0.9766,0.97671,1.87,1.12
2016.09.21 12:23:09.707,0.9766,0.9767,1.87,1.00
2016.09.21 12:23:10.236,0.9766,0.97672,1.87,2.62
2016.09.21 12:23:10.339,0.9766,0.97672,1.87,1.87
2016.09.21 12:23:10.442,0.9766,0.97672,1.87,2.62
2016.09.21 12:23:10.493,0.9766,0.97672,1.87,3.37
2016.09.21 12:23:10.544,0.9766,0.97672,1.87,2.62
2016.09.21 12:23:10.916,0.9766,0.97672,1.87,3.37
2016.09.21 12:23:10.967,0.9766,0.97672,1.87,3.56
2016.09.21 12:23:11.018,0.9766,0.97671,1.37,1.12
2016.09.21 12:23:11.170,0.9766,0.97671,1.00,1.75
2016.09.21 12:23:11.221,0.9766,0.97671,1.00,2.25
2016.09.21 12:23:11.530,0.9766,0.97671,1.00,1.75
2016.09.21 12:23:12.331,0.9766,0.97671,1.00,2.25
2016.09.21 12:23:12.534,0.9766,0.97671,1.00,1.75
2016.09.21 12:23:12.840,0.97659,0.9767,1.50,1.50
2016.09.21 12:23:17.327,0.97659,0.9767,1.50,1.50
2016.09.21 12:23:18.574,0.9766,0.97671,1.50,2.25
2016.09.21 12:23:18.626,0.97663,0.97671,1.12,1.75
2016.09.21 12:23:18.677,0.97663,0.97671,1.12,1.50
2016.09.21 12:23:18.779,0.97663,0.97671,1.50,1.00
2016.09.21 12:23:18.882,0.97663,0.97671,1.87,1.00
2016.09.21 12:23:18.933,0.97664,0.97671,1.00,1.00
2016.09.21 12:23:19.189,0.97662,0.97671,2.25,1.00
2016.09.21 12:23:19.504,0.97662,0.97671,1.50,1.00
2016.09.21 12:23:19.555,0.97661,0.97671,2.25,1.00
2016.09.21 12:23:19.606,0.97661,0.97671,1.87,1.00
2016.09.21 12:23:22.426,0.97661,0.97671,1.87,1.50
2016.09.21 12:23:22.477,0.97661,0.97671,1.00,1.50
2016.09.21 12:23:22.681,0.97661,0.97671,1.00,2.25
2016.09.21 12:23:22.833,0.97661,0.97671,1.00,1.50
2016.09.21 12:23:22.936,0.97663,0.97672,1.00,1.75
2016.09.21 12:23:22.987,0.97663,0.97672,1.00,1.00
2016.09.21 12:23:23.038,0.97663,0.97673,1.00,3.00
2016.09.21 12:23:23.090,0.97663,0.97673,1.12,1.87
2016.09.21 12:23:23.198,0.97663,0.97673,1.12,1.87
2016.09.21 12:23:23.249,0.97663,0.97672,1.12,1.00
2016.09.21 12:23:23.556,0.97663,0.97673,1.12,1.12
2016.09.21 12:23:24.023,0.97663,0.97672,1.12,1.00
2016.09.21 12:23:24.134,0.97662,0.97672,1.00,2.25
2016.09.21 12:23:24.237,0.97661,0.97671,1.50,1.12
2016.09.21 12:23:24.290,0.97661,0.97671,1.12,1.37
2016.09.21 12:23:24.343,0.97661,0.97671,1.00,1.37
2016.09.21 12:23:24.394,0.97661,0.9767,1.00,1.12
2016.09.21 12:23:24.446,0.97661,0.9767,1.00,1.87
2016.09.21 12:23:24.497,0.97661,0.9767,1.00,1.12
2016.09.21 12:23:24.549,0.97661,0.97671,1.00,3.37
2016.09.21 12:23:24.651,0.97661,0.9767,1.00,1.12
2016.09.21 12:23:24.702,0.97661,0.9767,1.00,1.87
2016.09.21 12:23:24.805,0.97661,0.9767,1.00,1.50
2016.09.21 12:23:24.911,0.97661,0.9767,1.00,1.50
2016.09.21 12:23:25.166,0.97661,0.97671,1.00,3.00
2016.09.21 12:23:25.371,0.9766,0.9767,1.12,1.50
2016.09.21 12:23:26.496,0.9766,0.9767,2.25,1.50
2016.09.21 12:23:26.573,0.97662,0.97671,1.12,1.75
2016.09.21 12:23:26.625,0.97662,0.97671,1.12,1.12
2016.09.21 12:23:26.677,0.97662,0.97671,1.87,1.00
2016.09.21 12:23:26.728,0.97662,0.97671,1.87,1.00
2016.09.21 12:23:26.779,0.97662,0.97671,1.12,1.12
2016.09.21 12:23:26.882,0.97662,0.97671,1.00,1.12
2016.09.21 12:23:26.933,0.97662,0.97672,1.00,4.12
2016.09.21 12:23:26.985,0.97661,0.97672,1.00,4.12
2016.09.21 12:23:27.037,0.97661,0.97671,1.00,1.12
2016.09.21 12:23:27.088,0.9766,0.97671,1.87,1.50
2016.09.21 12:23:27.356,0.9766,0.97671,1.87,1.00
2016.09.21 12:23:27.560,0.9766,0.97671,1.87,1.50
2016.09.21 12:23:27.663,0.9766,0.97671,1.87,1.00
2016.09.21 12:23:27.714,0.9766,0.97671,1.87,1.00
2016.09.21 12:23:27.867,0.9766,0.9767,1.12,1.00
2016.09.21 12:23:31.951,0.9766,0.9767,1.12,1.50
2016.09.21 12:23:32.002,0.9766,0.9767,1.12,2.85
2016.09.21 12:23:32.054,0.97661,0.9767,1.00,2.25
2016.09.21 12:23:32.170,0.97661,0.9767,1.00,1.75
2016.09.21 12:23:32.222,0.9766,0.9767,2.62,1.00
2016.09.21 12:23:32.273,0.9766,0.97669,1.87,1.00
2016.09.21 12:23:32.529,0.9766,0.9767,1.50,1.12
2016.09.21 12:23:33.098,0.9766,0.9767,1.12,1.50
2016.09.21 12:23:33.926,0.9766,0.9767,1.50,1.50
2016.09.21 12:23:37.133,0.9766,0.9767,1.12,2.25
2016.09.21 12:23:37.236,0.9766,0.9767,1.12,1.50
2016.09.21 12:23:37.287,0.97659,0.97669,3.00,1.12
2016.09.21 12:23:37.844,0.97659,0.97669,2.62,1.75
2016.09.21 12:23:38.201,0.9766,0.97669,1.37,1.75
2016.09.21 12:23:39.610,0.9766,0.97669,1.50,1.75
2016.09.21 12:23:39.661,0.9766,0.97669,2.25,1.75
2016.09.21 12:23:39.726,0.97661,0.9767,1.50,1.50
2016.09.21 12:23:39.777,0.97661,0.9767,2.25,1.50
2016.09.21 12:23:39.829,0.97661,0.9767,2.62,1.00
2016.09.21 12:23:39.880,0.97661,0.97672,1.37,4.50
2016.09.21 12:23:39.931,0.97661,0.97672,1.37,3.75
2016.09.21 12:23:39.998,0.97661,0.97672,1.37,4.50
2016.09.21 12:23:40.054,0.9766,0.97669,1.12,1.50
2016.09.21 12:23:40.105,0.9766,0.97669,1.12,1.50
2016.09.21 12:23:40.157,0.9766,0.97669,1.00,1.50
2016.09.21 12:23:40.263,0.9766,0.97669,1.12,1.37
2016.09.21 12:23:40.318,0.9766,0.97669,1.00,1.75
2016.09.21 12:23:40.372,0.9766,0.97669,1.00,1.87
2016.09.21 12:23:40.474,0.97658,0.97668,1.12,1.50
2016.09.21 12:23:40.526,0.97658,0.97668,1.00,1.50
2016.09.21 12:23:40.577,0.97658,0.97667,1.00,1.12
2016.09.21 12:23:40.680,0.97658,0.97667,1.00,1.12
2016.09.21 12:23:40.731,0.97658,0.97667,1.12,1.12
2016.09.21 12:23:40.783,0.9766,0.9767,1.00,1.75
2016.09.21 12:23:40.943,0.97658,0.97667,1.00,1.67
2016.09.21 12:23:40.995,0.97657,0.97667,1.87,2.10
2016.09.21 12:23:41.046,0.97657,0.97666,1.00,1.00
2016.09.21 12:23:41.097,0.97657,0.97666,1.00,1.00
2016.09.21 12:23:41.200,0.97656,0.97666,2.25,1.50
2016.09.21 12:23:41.353,0.97656,0.97666,1.87,1.87
2016.09.21 12:23:41.785,0.97656,0.97666,1.12,2.47
2016.09.21 12:23:41.887,0.97655,0.97665,1.87,1.12
2016.09.21 12:23:41.938,0.97655,0.97665,1.12,2.10
2016.09.21 12:23:43.217,0.97655,0.97665,1.12,2.10
2016.09.21 12:23:46.146,0.97655,0.97665,1.12,1.50
2016.09.21 12:23:46.687,0.97655,0.97665,1.12,1.50
2016.09.21 12:23:47.250,0.97655,0.97665,1.12,2.10
2016.09.21 12:23:47.408,0.97655,0.97665,1.00,3.37
2016.09.21 12:23:47.459,0.97655,0.97663,1.00,1.00
2016.09.21 12:23:47.613,0.97654,0.97663,1.50,1.00
2016.09.21 12:23:47.664,0.97654,0.97664,1.12,2.47
2016.09.21 12:23:47.715,0.97654,0.97664,1.12,1.87
2016.09.21 12:23:47.767,0.97654,0.97664,1.00,2.25
2016.09.21 12:23:48.127,0.97654,0.97664,1.12,2.25
2016.09.21 12:23:51.755,0.97654,0.97663,1.12,1.12
2016.09.21 12:23:54.584,0.97654,0.97664,1.12,2.25
2016.09.21 12:23:55.397,0.97654,0.97664,1.50,1.87
2016.09.21 12:23:56.755,0.97654,0.97663,1.50,1.00
2016.09.21 12:23:56.806,0.97654,0.97663,1.12,1.00
2016.09.21 12:23:56.912,0.97654,0.97663,1.50,1.00
2016.09.21 12:23:57.422,0.97654,0.97663,1.00,1.50
2016.09.21 12:23:57.474,0.97653,0.97663,2.25,1.87
2016.09.21 12:23:57.780,0.97653,0.97662,2.25,1.00
2016.09.21 12:23:57.831,0.97653,0.97662,1.50,1.50
2016.09.21 12:23:57.882,0.97652,0.97662,1.50,2.25
2016.09.21 12:23:57.934,0.97652,0.97662,1.00,2.25
2016.09.21 12:24:00.356,0.97652,0.97662,1.00,1.50
2016.09.21 12:24:00.562,0.97652,0.97662,1.00,1.37
2016.09.21 12:24:00.616,0.97652,0.97662,1.00,1.00
2016.09.21 12:24:00.668,0.97652,0.97662,1.00,1.50
2016.09.21 12:24:01.595,0.97652,0.97662,1.00,1.87
2016.09.21 12:24:02.435,0.97651,0.97661,2.25,1.00
2016.09.21 12:24:02.487,0.97651,0.97661,1.50,1.00
2016.09.21 12:24:03.215,0.97651,0.97661,1.12,1.00
2016.09.21 12:24:03.469,0.97651,0.97661,1.12,1.50
2016.09.21 12:24:03.521,0.97651,0.97661,1.12,1.87
2016.09.21 12:24:03.572,0.97651,0.97658,1.12,1.00
2016.09.21 12:24:03.678,0.97651,0.97658,1.00,1.12
2016.09.21 12:24:03.729,0.9765,0.97657,1.00,1.00
2016.09.21 12:24:03.831,0.9765,0.97655,1.00,1.00
2016.09.21 12:24:04.088,0.97649,0.97655,1.00,1.12
2016.09.21 12:24:04.140,0.97649,0.97657,1.00,1.75
2016.09.21 12:24:04.191,0.97649,0.97657,1.00,1.37
2016.09.21 12:24:04.348,0.97649,0.97657,1.00,1.87
2016.09.21 12:24:04.604,0.97647,0.97657,1.00,1.87
2016.09.21 12:24:04.706,0.97647,0.97657,1.00,2.25
2016.09.21 12:24:04.758,0.97647,0.97657,1.00,3.00
2016.09.21 12:24:04.809,0.97647,0.97657,1.00,2.25
2016.09.21 12:24:04.860,0.97647,0.97657,1.00,1.87
2016.09.21 12:24:04.911,0.97646,0.97656,1.50,1.12
2016.09.21 12:24:04.962,0.97646,0.97656,1.50,1.12
2016.09.21 12:24:05.043,0.97646,0.97656,1.12,1.50
2016.09.21 12:24:06.240,0.97646,0.97656,1.12,1.50
2016.09.21 12:24:07.260,0.97646,0.97656,1.12,1.50
2016.09.21 12:24:08.862,0.97645,0.97655,2.62,1.12
2016.09.21 12:24:08.914,0.97645,0.97655,2.25,1.69
2016.09.21 12:24:09.021,0.97645,0.97654,1.12,1.50
2016.09.21 12:24:09.073,0.97644,0.97652,2.25,1.00
2016.09.21 12:24:09.127,0.97642,0.97652,1.87,1.00
2016.09.21 12:24:09.179,0.97642,0.97654,2.62,1.87
2016.09.21 12:24:09.231,0.97642,0.97654,2.62,2.25
2016.09.21 12:24:09.283,0.97642,0.97654,2.62,2.25
2016.09.21 12:24:09.437,0.97642,0.97651,1.87,1.00
2016.09.21 12:24:09.686,0.97642,0.97654,2.62,2.25
2016.09.21 12:24:10.044,0.97642,0.97652,2.62,1.00
2016.09.21 12:24:10.403,0.97642,0.97652,2.25,1.12
2016.09.21 12:24:10.483,0.97643,0.97653,1.00,1.87
2016.09.21 12:24:10.564,0.97643,0.97653,1.00,1.75
2016.09.21 12:24:10.616,0.97643,0.97653,1.12,1.12
2016.09.21 12:24:10.668,0.97643,0.97653,1.12,1.50
2016.09.21 12:24:10.822,0.97642,0.97652,2.25,1.00
2016.09.21 12:24:11.331,0.97642,0.97652,2.25,1.12
2016.09.21 12:24:12.965,0.97643,0.97653,1.00,1.50
2016.09.21 12:24:13.170,0.97643,0.97653,1.00,2.25
2016.09.21 12:24:13.273,0.97643,0.97653,1.00,2.25
2016.09.21 12:24:13.375,0.97642,0.97652,1.12,2.25
2016.09.21 12:24:13.532,0.97642,0.97652,1.00,2.25
2016.09.21 12:24:13.687,0.97642,0.97652,1.00,1.50
2016.09.21 12:24:13.793,0.97642,0.97652,1.00,1.50
2016.09.21 12:24:13.896,0.97642,0.97652,1.00,1.87
2016.09.21 12:24:14.299,0.97642,0.97652,1.00,1.50
2016.09.21 12:24:14.453,0.97642,0.97652,1.12,1.12
2016.09.21 12:24:14.965,0.97642,0.97652,1.12,1.12
2016.09.21 12:24:15.089,0.97642,0.97652,1.12,1.12
2016.09.21 12:24:15.973,0.97642,0.97652,1.12,1.87
2016.09.21 12:24:16.075,0.97642,0.97652,1.12,2.25
2016.09.21 12:24:16.127,0.97642,0.97651,1.00,1.50
2016.09.21 12:24:16.178,0.97641,0.9765,1.12,1.75
2016.09.21 12:24:16.230,0.9764,0.97649,1.87,1.75
2016.09.21 12:24:16.283,0.97639,0.97648,2.25,1.00
2016.09.21 12:24:16.334,0.97639,0.97648,1.50,1.00
2016.09.21 12:24:16.385,0.97639,0.97649,1.50,1.50
2016.09.21 12:24:16.436,0.97639,0.97649,1.12,1.87
2016.09.21 12:24:16.835,0.97639,0.97649,1.50,1.50
2016.09.21 12:24:16.886,0.97639,0.97649,1.50,1.00
2016.09.21 12:24:17.704,0.97639,0.97649,1.50,1.00
2016.09.21 12:24:17.757,0.97639,0.97649,1.50,1.50
2016.09.21 12:24:17.809,0.97639,0.97649,1.50,4.12
2016.09.21 12:24:17.912,0.97639,0.97647,1.50,1.00
2016.09.21 12:24:17.964,0.97637,0.97647,1.87,1.50
2016.09.21 12:24:18.016,0.97637,0.97647,1.87,1.00
2016.09.21 12:24:18.274,0.97638,0.97648,1.12,1.87
2016.09.21 12:24:18.480,0.97638,0.97648,1.50,1.50
2016.09.21 12:24:18.531,0.97638,0.97648,1.37,1.50
2016.09.21 12:24:18.583,0.97638,0.97648,1.12,1.87
2016.09.21 12:24:18.967,0.97637,0.97647,1.87,1.00
2016.09.21 12:24:19.542,0.97637,0.97647,1.87,1.50
2016.09.21 12:24:19.593,0.97637,0.97647,1.87,1.00
2016.09.21 12:24:20.002,0.97637,0.97647,1.50,1.00
2016.09.21 12:24:20.526,0.97637,0.97647,5.25,1.00
2016.09.21 12:24:20.577,0.97638,0.97648,1.12,1.87
2016.09.21 12:24:20.629,0.97638,0.97648,2.62,1.12
2016.09.21 12:24:20.680,0.9764,0.9765,1.00,3.00
2016.09.21 12:24:20.833,0.9764,0.9765,1.00,3.37
2016.09.21 12:24:20.885,0.97639,0.97649,1.50,1.00
2016.09.21 12:24:20.936,0.97639,0.97649,1.50,1.00
2016.09.21 12:24:20.987,0.97639,0.97649,1.12,1.12
2016.09.21 12:24:21.088,0.97639,0.97649,1.12,1.50
2016.09.21 12:24:21.153,0.97639,0.97649,1.00,2.25
2016.09.21 12:24:21.204,0.97639,0.97647,1.00,1.00
2016.09.21 12:24:21.256,0.97638,0.97647,1.50,1.12
2016.09.21 12:24:21.307,0.97638,0.97646,1.50,1.00
2016.09.21 12:24:21.358,0.97638,0.97646,1.50,1.50
2016.09.21 12:24:21.489,0.97638,0.97645,1.50,1.12
2016.09.21 12:24:21.542,0.97634,0.97643,2.62,1.50
2016.09.21 12:24:21.672,0.97634,0.97642,1.50,2.25
2016.09.21 12:24:21.832,0.97633,0.9764,1.37,1.00
2016.09.21 12:24:21.886,0.97632,0.97641,1.00,1.12
2016.09.21 12:24:22.014,0.97632,0.97641,1.75,1.00
2016.09.21 12:24:22.066,0.97632,0.97641,1.87,1.00
2016.09.21 12:24:22.117,0.97632,0.97641,1.12,1.00
2016.09.21 12:24:22.401,0.97632,0.97642,1.12,2.25
2016.09.21 12:24:22.554,0.97632,0.97642,1.87,2.25
2016.09.21 12:24:23.140,0.97632,0.97642,1.75,2.25
2016.09.21 12:24:23.211,0.97632,0.97642,1.75,1.87
2016.09.21 12:24:23.262,0.97632,0.97642,1.75,1.87
2016.09.21 12:24:23.314,0.97632,0.97641,2.25,1.00
2016.09.21 12:24:23.365,0.97632,0.9764,1.75,1.00
2016.09.21 12:24:23.469,0.97632,0.97641,2.25,1.00
2016.09.21 12:24:23.549,0.97633,0.97641,1.37,1.00
2016.09.21 12:24:23.601,0.97635,0.97642,1.00,1.00
2016.09.21 12:24:23.754,0.97635,0.97643,1.00,1.50
2016.09.21 12:24:24.318,0.97635,0.97643,1.00,1.00
2016.09.21 12:24:24.434,0.97635,0.97643,1.00,1.00
2016.09.21 12:24:24.488,0.97635,0.97644,1.50,1.00
2016.09.21 12:24:24.595,0.97635,0.97645,2.25,1.00
2016.09.21 12:24:25.160,0.97635,0.97645,3.00,1.00
2016.09.21 12:24:25.212,0.97637,0.97645,1.50,1.00
2016.09.21 12:24:25.265,0.97637,0.97646,1.50,1.00
2016.09.21 12:24:25.316,0.97637,0.97646,1.50,1.50
2016.09.21 12:24:25.368,0.97639,0.97645,1.00,1.00
2016.09.21 12:24:29.612,0.97635,0.97645,4.87,1.00
2016.09.21 12:24:29.715,0.97635,0.97645,3.37,1.00
2016.09.21 12:24:29.766,0.97635,0.97645,2.62,1.00
2016.09.21 12:24:29.921,0.97635,0.97645,1.87,1.00
2016.09.21 12:24:29.974,0.97635,0.97644,1.12,1.00
2016.09.21 12:24:30.122,0.97634,0.97643,1.87,1.00
2016.09.21 12:24:30.433,0.97634,0.97644,1.87,1.50
2016.09.21 12:24:30.512,0.97634,0.97642,1.87,1.00
2016.09.21 12:24:30.564,0.97634,0.97642,1.75,1.00
2016.09.21 12:24:30.617,0.97634,0.97643,1.12,1.00
2016.09.21 12:24:30.669,0.97633,0.97643,1.50,1.50
2016.09.21 12:24:30.720,0.97633,0.97643,3.00,1.00
2016.09.21 12:24:30.795,0.97633,0.97643,3.00,1.00
2016.09.21 12:24:30.862,0.97634,0.97643,1.50,1.00
2016.09.21 12:24:30.914,0.97634,0.97644,3.00,1.00
2016.09.21 12:24:31.019,0.97634,0.97644,3.37,1.00
2016.09.21 12:24:31.224,0.97634,0.97644,2.62,1.00
2016.09.21 12:24:31.327,0.97634,0.97644,2.25,1.00
2016.09.21 12:24:31.565,0.97634,0.97644,1.75,1.50
2016.09.21 12:24:31.687,0.97635,0.97644,1.75,1.00
2016.09.21 12:24:32.707,0.97635,0.97643,1.75,1.00
2016.09.21 12:24:32.759,0.97635,0.97643,1.75,1.00
2016.09.21 12:24:32.862,0.97635,0.97643,1.75,1.00
2016.09.21 12:24:32.913,0.97635,0.97642,1.50,1.00
2016.09.21 12:24:32.965,0.97635,0.97642,1.50,1.00
2016.09.21 12:24:33.072,0.97632,0.97641,1.87,1.00
2016.09.21 12:24:33.123,0.97632,0.97641,1.87,1.00
2016.09.21 12:24:34.091,0.97632,0.97641,2.25,1.00
2016.09.21 12:24:34.143,0.97633,0.97642,1.12,1.00
2016.09.21 12:24:34.195,0.97634,0.97644,1.50,1.12
2016.09.21 12:24:34.247,0.97634,0.97643,1.50,1.00
2016.09.21 12:24:34.299,0.97634,0.97644,1.87,1.00
2016.09.21 12:24:34.402,0.97635,0.97644,1.37,1.00
2016.09.21 12:24:34.619,0.97634,0.97644,1.87,1.00
2016.09.21 12:24:34.671,0.97634,0.97644,1.75,1.00
2016.09.21 12:24:34.878,0.97634,0.97643,1.75,1.00
2016.09.21 12:24:34.929,0.97628,0.97632,4.50,2.47
2016.09.21 12:24:34.981,0.97628,0.97632,4.50,3.22
2016.09.21 12:24:35.032,0.9762,0.97627,1.00,1.25
2016.09.21 12:24:35.083,0.9762,0.97627,1.00,1.85
2016.09.21 12:24:35.134,0.97612,0.97616,2.25,1.12
2016.09.21 12:24:35.186,0.97612,0.97616,2.25,1.12
2016.09.21 12:24:35.237,0.97605,0.97616,5.62,1.87
2016.09.21 12:24:35.338,0.97607,0.97616,1.12,2.44
2016.09.21 12:24:35.389,0.97607,0.97616,1.50,2.44
2016.09.21 12:24:35.441,0.97607,0.97616,2.25,1.50
2016.09.21 12:24:35.506,0.9761,0.97614,1.00,1.50
2016.09.21 12:24:35.558,0.97608,0.97614,1.00,2.25
2016.09.21 12:24:35.609,0.97608,0.97614,1.50,1.31
2016.09.21 12:24:35.660,0.97608,0.97615,1.50,2.81
2016.09.21 12:24:35.719,0.97608,0.97615,1.50,3.19
2016.09.21 12:24:35.774,0.97605,0.97614,1.12,1.00
2016.09.21 12:24:35.879,0.97603,0.97613,2.62,1.00
2016.09.21 12:24:36.057,0.97604,0.97613,1.50,1.00
2016.09.21 12:24:36.108,0.97604,0.97613,3.00,1.00
2016.09.21 12:24:36.159,0.97605,0.97613,1.50,1.00
2016.09.21 12:24:36.211,0.97609,0.97613,1.00,1.00
2016.09.21 12:24:36.262,0.97609,0.97613,1.50,1.00
2016.09.21 12:24:36.313,0.97613,0.97617,1.87,1.12
2016.09.21 12:24:36.364,0.97613,0.97619,1.87,1.75
2016.09.21 12:24:36.416,0.97613,0.97622,1.50,1.75
2016.09.21 12:24:36.467,0.97613,0.97622,2.25,1.75
2016.09.21 12:24:36.518,0.97616,0.97623,1.00,1.00
2016.09.21 12:24:36.620,0.97616,0.97626,1.87,1.50
2016.09.21 12:24:36.723,0.97617,0.97627,1.37,1.00
2016.09.21 12:24:36.791,0.97618,0.97627,1.00,1.00
2016.09.21 12:24:36.843,0.97617,0.97628,1.12,2.25
2016.09.21 12:24:36.895,0.97617,0.97628,1.12,2.25
2016.09.21 12:24:36.947,0.97617,0.97628,2.25,3.37
2016.09.21 12:24:36.998,0.97619,0.97628,1.00,3.37
2016.09.21 12:24:37.050,0.97617,0.97628,3.75,2.62
2016.09.21 12:24:37.102,0.97617,0.97628,3.00,3.37
2016.09.21 12:24:37.154,0.97617,0.97628,2.25,3.37
2016.09.21 12:24:37.256,0.97617,0.97628,1.87,3.37
2016.09.21 12:24:37.308,0.97617,0.97628,1.75,3.37
2016.09.21 12:24:37.410,0.97617,0.97628,2.62,2.62
2016.09.21 12:24:37.628,0.97617,0.97628,2.62,1.87
2016.09.21 12:24:37.732,0.97618,0.97629,2.25,3.00
2016.09.21 12:24:37.783,0.97618,0.97629,2.25,3.00
2016.09.21 12:24:37.834,0.97618,0.97629,1.50,3.00
2016.09.21 12:24:37.937,0.97618,0.97629,2.25,3.00
2016.09.21 12:24:37.988,0.97618,0.97629,2.25,3.00
2016.09.21 12:24:38.039,0.97618,0.97629,3.00,3.00
2016.09.21 12:24:38.141,0.97618,0.97629,3.00,2.62
2016.09.21 12:24:38.192,0.97618,0.97629,3.75,1.87
2016.09.21 12:24:38.243,0.97618,0.97629,3.00,1.87
2016.09.21 12:24:38.724,0.97618,0.97627,2.25,1.00
2016.09.21 12:24:38.775,0.97618,0.97627,2.25,1.00
2016.09.21 12:24:38.827,0.97618,0.97627,1.75,1.00
2016.09.21 12:24:38.929,0.97618,0.97626,1.50,1.00
2016.09.21 12:24:38.980,0.97617,0.97626,1.75,1.00
2016.09.21 12:24:39.084,0.97617,0.97627,1.75,1.00
2016.09.21 12:24:39.187,0.97617,0.97627,1.75,1.00
2016.09.21 12:24:39.347,0.97617,0.97626,1.75,1.00
2016.09.21 12:24:39.399,0.97616,0.97626,1.75,1.00
2016.09.21 12:24:39.501,0.97616,0.97626,1.75,1.00
2016.09.21 12:24:39.553,0.97616,0.97623,1.75,1.00
2016.09.21 12:24:39.605,0.97614,0.97622,3.37,1.00
2016.09.21 12:24:39.685,0.97614,0.97622,1.87,1.00
2016.09.21 12:24:39.736,0.97614,0.97622,1.37,1.50
2016.09.21 12:24:39.788,0.97613,0.97622,1.87,2.10
2016.09.21 12:24:39.839,0.97608,0.97612,9.75,1.31
2016.09.21 12:24:39.891,0.97608,0.97612,4.87,2.06
2016.09.21 12:24:39.943,0.97606,0.9761,1.00,1.50
2016.09.21 12:24:39.994,0.97606,0.9761,1.00,2.25
2016.09.21 12:24:40.046,0.97603,0.97608,1.00,1.87
2016.09.21 12:24:40.106,0.97603,0.97608,1.00,1.12
2016.09.21 12:24:40.157,0.97599,0.97607,1.75,1.12
2016.09.21 12:24:40.209,0.97599,0.97606,1.37,1.00
2016.09.21 12:24:40.260,0.976,0.97606,1.00,1.00
2016.09.21 12:24:40.423,0.976,0.97607,1.00,1.87
2016.09.21 12:24:40.549,0.976,0.97607,1.00,2.62
2016.09.21 12:24:40.652,0.97596,0.97607,1.87,2.25
2016.09.21 12:24:40.703,0.97596,0.97606,1.75,1.37
2016.09.21 12:24:40.806,0.97596,0.97606,1.75,1.37
2016.09.21 12:24:40.962,0.97596,0.97606,3.37,1.37
2016.09.21 12:24:41.013,0.97598,0.97606,1.30,1.37
2016.09.21 12:24:41.065,0.976,0.97606,1.12,1.37
2016.09.21 12:24:41.116,0.976,0.97607,1.50,1.87
2016.09.21 12:24:41.167,0.97601,0.97607,1.12,1.87
2016.09.21 12:24:41.219,0.97601,0.97608,2.62,1.50
2016.09.21 12:24:41.270,0.97601,0.97608,1.75,1.12
2016.09.21 12:24:41.322,0.97603,0.97609,1.75,1.50
2016.09.21 12:24:41.373,0.97603,0.97609,2.25,1.00
2016.09.21 12:24:41.424,0.97603,0.9761,1.87,1.12
2016.09.21 12:24:41.476,0.97603,0.9761,1.12,1.12
2016.09.21 12:24:41.527,0.97605,0.97609,1.00,1.00
2016.09.21 12:24:41.686,0.97602,0.97611,1.87,1.87
2016.09.21 12:24:41.840,0.97604,0.97611,1.50,1.37
2016.09.21 12:24:41.891,0.97604,0.97613,1.50,1.87
2016.09.21 12:24:41.942,0.97606,0.97614,1.12,1.87
2016.09.21 12:24:41.993,0.97606,0.97614,1.12,1.37
2016.09.21 12:24:42.045,0.97608,0.97614,1.00,1.37
2016.09.21 12:24:42.147,0.97608,0.97616,1.12,1.87
2016.09.21 12:24:42.198,0.97608,0.97616,1.12,1.37
2016.09.21 12:24:42.249,0.97606,0.97616,4.87,1.37
2016.09.21 12:24:42.385,0.97606,0.97616,4.50,1.37
2016.09.21 12:24:42.437,0.97606,0.97618,4.50,2.62
2016.09.21 12:24:42.488,0.97606,0.97618,4.50,1.87
2016.09.21 12:24:42.540,0.97607,0.97618,1.75,1.87
2016.09.21 12:24:42.591,0.97607,0.97618,3.22,1.12
2016.09.21 12:24:42.643,0.97608,0.97619,1.87,1.87
2016.09.21 12:24:42.694,0.97608,0.97619,2.62,1.12
2016.09.21 12:24:42.748,0.97609,0.97618,2.25,1.00
2016.09.21 12:24:42.801,0.97609,0.97618,3.75,1.00
2016.09.21 12:24:42.852,0.97609,0.97617,4.50,1.00
2016.09.21 12:24:43.006,0.97609,0.97617,3.75,1.00
2016.09.21 12:24:43.162,0.9761,0.97621,1.75,1.87
2016.09.21 12:24:43.213,0.97612,0.97621,1.00,1.87
2016.09.21 12:24:43.265,0.9761,0.97621,1.75,1.87
2016.09.21 12:24:43.523,0.9761,0.97621,2.25,1.12
2016.09.21 12:24:43.936,0.97611,0.97622,1.75,3.37
2016.09.21 12:24:44.091,0.97611,0.97622,1.75,3.00
2016.09.21 12:24:44.143,0.9761,0.97622,3.37,1.87
2016.09.21 12:24:44.195,0.97611,0.97622,1.75,1.12
2016.09.21 12:24:44.350,0.97611,0.97622,2.25,1.12
2016.09.21 12:24:44.452,0.97611,0.97622,1.75,1.12
2016.09.21 12:24:44.568,0.97611,0.97622,2.25,1.12
2016.09.21 12:24:44.619,0.97611,0.97621,3.00,1.00
2016.09.21 12:24:44.721,0.97611,0.97621,3.75,1.00
2016.09.21 12:24:44.772,0.97612,0.97621,1.50,1.00
2016.09.21 12:24:44.927,0.97613,0.97621,1.00,1.00
2016.09.21 12:24:44.978,0.97613,0.97621,1.00,1.50
2016.09.21 12:24:45.029,0.97613,0.97621,1.00,1.87
2016.09.21 12:24:45.081,0.97613,0.97621,1.00,1.50
2016.09.21 12:24:45.132,0.97613,0.97622,1.00,1.37
2016.09.21 12:24:45.234,0.97612,0.97622,4.87,1.37
2016.09.21 12:24:45.773,0.97613,0.97622,1.75,1.37
2016.09.21 12:24:45.875,0.97613,0.97623,1.75,1.00
2016.09.21 12:24:46.285,0.97613,0.97623,2.62,1.00
2016.09.21 12:24:46.336,0.97614,0.97623,1.75,1.00
2016.09.21 12:24:46.439,0.97615,0.97624,1.50,1.87
2016.09.21 12:24:47.208,0.97615,0.97624,1.87,1.87
2016.09.21 12:24:47.260,0.97615,0.97624,2.62,1.37
2016.09.21 12:24:47.312,0.97615,0.97625,2.62,1.87
2016.09.21 12:24:47.364,0.97616,0.97625,1.75,1.87
2016.09.21 12:24:47.464,0.97616,0.97625,2.25,1.00
2016.09.21 12:24:47.522,0.97616,0.97626,2.25,1.87
2016.09.21 12:24:47.575,0.97616,0.97626,3.37,1.87
2016.09.21 12:24:47.627,0.97618,0.97626,1.12,1.87
2016.09.21 12:24:47.783,0.97618,0.97627,1.00,1.50
2016.09.21 12:24:47.834,0.97618,0.97627,1.12,1.12
2016.09.21 12:24:48.038,0.97618,0.97627,1.50,1.12
2016.09.21 12:24:48.089,0.97618,0.97627,1.50,1.12
2016.09.21 12:24:48.141,0.97618,0.97628,2.25,2.16
2016.09.21 12:24:48.289,0.97618,0.97628,2.25,1.79
2016.09.21 12:24:48.340,0.97619,0.97628,2.25,1.12
2016.09.21 12:24:48.392,0.97619,0.97628,4.12,1.12
2016.09.21 12:24:48.445,0.9762,0.97629,1.75,1.37
2016.09.21 12:24:48.496,0.9762,0.97629,1.75,1.00
2016.09.21 12:24:48.547,0.9762,0.9763,2.25,1.87
2016.09.21 12:24:48.598,0.9762,0.9763,2.25,1.12
2016.09.21 12:24:48.649,0.9762,0.9763,3.00,1.00
2016.09.21 12:24:48.701,0.9762,0.9763,3.00,1.00
2016.09.21 12:24:48.807,0.97621,0.97631,1.50,1.87
2016.09.21 12:24:49.128,0.97621,0.97631,1.75,1.87
2016.09.21 12:24:49.179,0.97621,0.97631,2.25,1.87
2016.09.21 12:24:49.231,0.97622,0.97631,1.50,1.12
2016.09.21 12:24:49.388,0.97622,0.97631,1.50,1.12
2016.09.21 12:24:49.543,0.97621,0.97631,1.50,1.87
2016.09.21 12:24:49.645,0.97621,0.97631,1.50,1.12
2016.09.21 12:24:49.760,0.97621,0.97631,1.50,1.50
2016.09.21 12:24:49.812,0.97621,0.97631,1.50,1.87
2016.09.21 12:24:49.863,0.97621,0.97631,1.50,1.50
2016.09.21 12:24:49.966,0.97621,0.97631,1.12,2.25
2016.09.21 12:24:50.017,0.97621,0.97631,1.12,3.00
2016.09.21 12:24:50.222,0.9762,0.9763,1.50,1.00
2016.09.21 12:24:50.274,0.9762,0.9763,1.75,1.00
2016.09.21 12:24:50.378,0.9762,0.9763,1.50,1.00
2016.09.21 12:24:51.229,0.9762,0.9763,1.50,1.00
2016.09.21 12:24:51.381,0.9762,0.9763,1.50,1.00
2016.09.21 12:24:51.507,0.9762,0.9763,1.50,1.00
2016.09.21 12:24:51.610,0.97621,0.97631,1.12,2.25
2016.09.21 12:24:51.672,0.97621,0.97631,1.75,1.50
2016.09.21 12:24:51.723,0.97621,0.97631,1.75,1.50
2016.09.21 12:24:51.930,0.97621,0.97631,2.62,1.00
2016.09.21 12:24:52.040,0.97623,0.97633,3.37,2.62
2016.09.21 12:24:52.091,0.97623,0.97633,3.75,1.87
2016.09.21 12:24:52.142,0.97623,0.97633,2.25,1.12
2016.09.21 12:24:52.501,0.97623,0.97633,2.25,1.50
2016.09.21 12:24:52.552,0.97623,0.97631,2.25,1.12
2016.09.21 12:24:52.604,0.97623,0.97631,2.25,1.12
2016.09.21 12:24:52.655,0.97623,0.97631,1.50,1.00
2016.09.21 12:24:52.805,0.97623,0.97632,2.62,1.00
2016.09.21 12:24:52.856,0.97623,0.97632,3.00,1.00
2016.09.21 12:24:52.908,0.97623,0.97634,3.00,2.25
2016.09.21 12:24:52.959,0.97623,0.97634,3.00,1.87
2016.09.21 12:24:53.112,0.97623,0.97634,2.25,1.87
2016.09.21 12:24:53.265,0.97623,0.97634,1.75,1.87
2016.09.21 12:24:53.316,0.97623,0.97634,2.25,2.25
2016.09.21 12:24:53.368,0.97623,0.97634,3.00,2.25
2016.09.21 12:24:53.419,0.97623,0.97632,2.25,1.00
2016.09.21 12:24:53.742,0.97623,0.97634,2.25,2.62
2016.09.21 12:24:54.817,0.97623,0.97634,2.25,3.00
2016.09.21 12:24:54.868,0.97623,0.97634,2.25,2.62
2016.09.21 12:24:54.919,0.97623,0.97634,2.25,1.87
2016.09.21 12:24:55.023,0.97624,0.97633,1.37,1.72
2016.09.21 12:24:55.074,0.97624,0.97632,1.37,1.50
2016.09.21 12:24:55.126,0.97623,0.9763,1.50,1.00
2016.09.21 12:24:55.220,0.9762,0.9763,4.87,1.00
2016.09.21 12:24:55.272,0.97622,0.9763,1.00,1.00
2016.09.21 12:24:55.325,0.97622,0.9763,1.00,1.00
2016.09.21 12:24:55.378,0.9762,0.9763,3.00,1.00
2016.09.21 12:24:55.429,0.9762,0.97629,2.25,1.00
2016.09.21 12:24:55.531,0.97621,0.97632,1.87,2.25
2016.09.21 12:24:55.582,0.97622,0.97632,1.37,1.87
2016.09.21 12:24:55.633,0.97622,0.97632,1.37,1.12
2016.09.21 12:24:55.685,0.97622,0.97632,2.25,1.00
2016.09.21 12:24:55.736,0.97622,0.97631,3.00,1.12
2016.09.21 12:24:55.833,0.9762,0.9763,2.25,1.00
2016.09.21 12:24:55.893,0.9762,0.9763,1.75,1.37
2016.09.21 12:24:55.944,0.9762,0.9763,1.75,1.87
2016.09.21 12:24:55.998,0.9762,0.9763,1.50,2.25
2016.09.21 12:24:56.051,0.9762,0.9763,1.50,1.50
2016.09.21 12:24:56.104,0.9762,0.9763,1.12,1.50
2016.09.21 12:24:56.206,0.9762,0.9763,1.12,1.50
2016.09.21 12:24:56.360,0.97621,0.9763,1.00,1.12
2016.09.21 12:24:56.462,0.97621,0.9763,1.12,1.12
2016.09.21 12:24:56.526,0.97621,0.9763,1.50,1.00
2016.09.21 12:24:56.580,0.97622,0.97632,1.87,1.00
2016.09.21 12:24:56.634,0.97623,0.97633,1.87,1.50
2016.09.21 12:24:56.688,0.97623,0.97633,2.25,1.12
2016.09.21 12:24:56.791,0.97623,0.97633,2.25,1.50
2016.09.21 12:24:56.894,0.97623,0.97633,1.87,1.50
2016.09.21 12:24:57.048,0.97624,0.97633,1.00,1.00
2016.09.21 12:24:57.099,0.97624,0.97634,1.37,2.25
2016.09.21 12:24:57.248,0.97624,0.97634,1.50,1.87
2016.09.21 12:24:58.222,0.97623,0.9763,1.75,1.00
2016.09.21 12:24:58.274,0.97622,0.9763,1.50,1.00
2016.09.21 12:24:58.325,0.9762,0.9763,2.25,1.00
2016.09.21 12:24:58.377,0.9762,0.9763,1.75,1.12
2016.09.21 12:24:58.428,0.9762,0.9763,1.75,1.12
2016.09.21 12:24:58.479,0.97621,0.9763,1.00,1.12
2016.09.21 12:24:58.581,0.9762,0.9763,1.50,1.12
2016.09.21 12:24:59.182,0.9762,0.9763,2.47,1.12
2016.09.21 12:24:59.233,0.9762,0.9763,3.22,1.12
2016.09.21 12:24:59.284,0.97622,0.9763,1.37,1.00
2016.09.21 12:24:59.336,0.97622,0.97632,2.62,1.87
2016.09.21 12:24:59.387,0.97622,0.97632,4.50,1.00
2016.09.21 12:24:59.439,0.97623,0.97633,2.62,1.50
2016.09.21 12:24:59.490,0.97623,0.97633,3.00,1.50
2016.09.21 12:24:59.697,0.97623,0.97633,3.00,1.00
2016.09.21 12:25:00.363,0.97624,0.97634,1.75,1.00
2016.09.21 12:25:00.416,0.97624,0.97634,1.75,1.00
2016.09.21 12:25:00.532,0.97624,0.97634,1.75,1.50
2016.09.21 12:25:01.638,0.97624,0.97634,2.25,1.00
2016.09.21 12:25:01.689,0.97624,0.97634,2.62,1.00
2016.09.21 12:25:01.791,0.97624,0.97634,3.00,1.00
2016.09.21 12:25:01.894,0.97624,0.97634,2.25,1.00
2016.09.21 12:25:01.945,0.97624,0.97634,1.75,1.00
2016.09.21 12:25:02.581,0.97624,0.97634,2.25,1.00
2016.09.21 12:25:02.786,0.97624,0.97634,3.75,1.00
2016.09.21 12:25:03.147,0.97625,0.97634,1.50,1.00
2016.09.21 12:25:03.201,0.97625,0.97634,1.50,1.00
2016.09.21 12:25:03.254,0.97625,0.97634,2.62,1.00
2016.09.21 12:25:03.409,0.97625,0.97635,2.25,1.00
2016.09.21 12:25:03.460,0.97625,0.97635,3.00,1.00
2016.09.21 12:25:03.563,0.97625,0.97635,1.75,1.12
2016.09.21 12:25:03.666,0.97625,0.97635,1.75,1.50
2016.09.21 12:25:03.718,0.97625,0.97635,1.75,1.87
2016.09.21 12:25:03.825,0.97625,0.97635,1.50,1.87
2016.09.21 12:25:04.858,0.97625,0.97635,1.87,1.87
2016.09.21 12:25:05.113,0.97625,0.97635,1.50,2.25
2016.09.21 12:25:05.414,0.97625,0.97635,1.12,2.25
2016.09.21 12:25:05.465,0.97625,0.97635,1.12,1.50
2016.09.21 12:25:05.552,0.97625,0.97635,1.50,1.75
2016.09.21 12:25:05.604,0.97625,0.97634,1.50,1.37
2016.09.21 12:25:06.960,0.97625,0.97634,1.87,1.37
2016.09.21 12:25:07.062,0.97625,0.97634,1.50,1.37
2016.09.21 12:25:07.658,0.97626,0.97634,1.12,1.37
2016.09.21 12:25:07.709,0.97626,0.97634,1.00,1.37
2016.09.21 12:25:07.760,0.97626,0.97635,1.00,1.87
2016.09.21 12:25:07.811,0.97626,0.97635,1.00,1.12
2016.09.21 12:25:07.913,0.97626,0.97635,1.50,1.00
2016.09.21 12:25:08.398,0.97626,0.97635,2.25,1.00
2016.09.21 12:25:08.450,0.97627,0.97635,1.12,1.00
2016.09.21 12:25:08.553,0.97627,0.97637,1.87,1.50
2016.09.21 12:25:08.604,0.97627,0.97637,2.25,1.12
2016.09.21 12:25:08.656,0.97629,0.97639,1.12,3.37
2016.09.21 12:25:08.707,0.97629,0.97638,1.12,1.00
2016.09.21 12:25:08.809,0.97629,0.97638,1.00,1.12
2016.09.21 12:25:08.912,0.97629,0.97638,1.12,1.00
2016.09.21 12:25:09.010,0.97629,0.97638,1.50,1.00
2016.09.21 12:25:09.113,0.97629,0.97638,1.00,1.12
2016.09.21 12:25:09.164,0.97629,0.97638,1.00,1.00
2016.09.21 12:25:09.266,0.97629,0.97638,1.00,1.12
2016.09.21 12:25:09.318,0.97629,0.97638,1.50,1.00
2016.09.21 12:25:09.422,0.97629,0.97638,1.12,1.00
2016.09.21 12:25:09.678,0.97628,0.97638,1.50,1.50
2016.09.21 12:25:09.780,0.97628,0.97638,1.50,1.12
2016.09.21 12:25:09.966,0.97628,0.97638,1.50,1.50
2016.09.21 12:25:10.478,0.97628,0.97638,1.50,1.12
2016.09.21 12:25:10.682,0.97628,0.97638,1.50,1.50
2016.09.21 12:25:12.132,0.97628,0.97638,2.25,1.12
2016.09.21 12:25:12.338,0.97628,0.97638,1.50,1.12
2016.09.21 12:25:12.645,0.97628,0.97638,1.12,1.50
2016.09.21 12:25:13.458,0.97628,0.97638,1.12,2.25
2016.09.21 12:25:13.510,0.97628,0.97638,1.12,2.62
2016.09.21 12:25:14.570,0.97628,0.97637,1.12,1.12
2016.09.21 12:25:14.673,0.97627,0.97637,1.50,2.25
2016.09.21 12:25:14.989,0.97627,0.97637,1.50,1.87
2016.09.21 12:25:15.040,0.97627,0.97637,1.00,1.87
2016.09.21 12:25:15.092,0.97627,0.97637,1.00,2.25
2016.09.21 12:25:15.143,0.97627,0.97637,1.50,2.25
2016.09.21 12:25:15.245,0.97627,0.97637,1.12,2.62
2016.09.21 12:25:22.263,0.97627,0.97637,1.12,2.25
2016.09.21 12:25:22.600,0.97627,0.97637,1.12,1.87
2016.09.21 12:25:22.651,0.97627,0.97637,1.12,1.87
2016.09.21 12:25:22.770,0.97627,0.97637,1.75,1.50
2016.09.21 12:25:22.873,0.97627,0.97637,1.75,1.50
2016.09.21 12:25:22.975,0.97627,0.97637,1.12,1.87
2016.09.21 12:25:23.179,0.97627,0.97637,1.12,1.87
2016.09.21 12:25:23.281,0.97627,0.97637,1.75,1.50
2016.09.21 12:25:23.385,0.97627,0.97637,1.75,1.50
2016.09.21 12:25:23.436,0.97627,0.97637,1.37,1.50
2016.09.21 12:25:23.487,0.97627,0.97637,1.12,1.87
2016.09.21 12:25:23.603,0.97627,0.97637,1.50,1.50
2016.09.21 12:25:23.655,0.97627,0.97637,1.12,1.87
2016.09.21 12:25:24.083,0.97627,0.97637,1.87,1.12
2016.09.21 12:25:24.134,0.97627,0.97637,2.25,1.12
2016.09.21 12:25:24.185,0.97627,0.97637,2.25,1.00
2016.09.21 12:25:24.237,0.97627,0.97637,2.62,1.00
2016.09.21 12:25:24.288,0.97628,0.97638,1.50,1.50
2016.09.21 12:25:24.339,0.97628,0.97638,1.50,1.12
2016.09.21 12:25:24.390,0.97628,0.97638,1.50,1.00
2016.09.21 12:25:24.492,0.97628,0.97638,1.50,1.12
2016.09.21 12:25:24.543,0.97628,0.97638,1.12,1.50
2016.09.21 12:25:24.646,0.97628,0.97638,1.50,1.12
2016.09.21 12:25:24.744,0.97628,0.97638,1.37,1.12
2016.09.21 12:25:24.795,0.97628,0.97638,1.00,1.12
2016.09.21 12:25:24.846,0.97628,0.97638,1.50,1.12
2016.09.21 12:25:25.306,0.97629,0.97639,1.12,2.62
2016.09.21 12:25:25.408,0.97628,0.97638,1.50,1.12
2016.09.21 12:25:25.561,0.97628,0.97638,1.12,1.50
2016.09.21 12:25:26.205,0.97628,0.97638,1.87,1.50
2016.09.21 12:25:27.586,0.97628,0.97638,1.50,1.50
2016.09.21 12:25:28.208,0.97628,0.97638,1.50,1.37
2016.09.21 12:25:28.311,0.97628,0.97638,1.50,1.50
2016.09.21 12:25:28.774,0.97628,0.97638,1.50,1.50
2016.09.21 12:25:28.919,0.97629,0.97638,1.00,1.50
2016.09.21 12:25:28.999,0.97631,0.9764,3.37,1.87
2016.09.21 12:25:29.050,0.97631,0.9764,5.47,1.50
2016.09.21 12:25:29.101,0.97632,0.97641,1.72,2.62
2016.09.21 12:25:29.153,0.97633,0.97641,1.00,1.50
2016.09.21 12:25:29.204,0.97633,0.97642,1.00,1.00
2016.09.21 12:25:29.255,0.97633,0.97642,1.00,1.00
2016.09.21 12:25:29.306,0.97634,0.97642,1.00,1.00
2016.09.21 12:25:29.409,0.97634,0.97644,1.00,2.62
2016.09.21 12:25:30.747,0.97634,0.97644,1.00,2.25
2016.09.21 12:25:30.798,0.97634,0.97644,1.00,2.25
2016.09.21 12:25:32.484,0.97634,0.97644,1.00,1.50
2016.09.21 12:25:34.445,0.97634,0.97644,1.12,1.50
2016.09.21 12:25:34.497,0.97634,0.97644,1.12,1.00
2016.09.21 12:25:34.550,0.97634,0.97644,1.00,1.00
2016.09.21 12:25:34.601,0.97634,0.97644,1.50,1.00
2016.09.21 12:25:34.654,0.97634,0.97644,1.87,1.00
2016.09.21 12:25:34.706,0.97635,0.97645,1.50,1.00
2016.09.21 12:25:34.757,0.97635,0.97645,1.50,1.00
2016.09.21 12:25:34.808,0.97636,0.97645,1.12,1.00
2016.09.21 12:25:35.815,0.97635,0.97645,1.50,1.00
2016.09.21 12:25:37.102,0.97636,0.97645,1.12,1.00
2016.09.21 12:25:37.306,0.97635,0.97645,2.25,1.00
2016.09.21 12:25:43.335,0.97635,0.97645,2.25,1.12
2016.09.21 12:25:43.783,0.97635,0.97644,1.50,1.00
2016.09.21 12:25:44.922,0.97635,0.97645,1.50,1.50
2016.09.21 12:25:47.129,0.97635,0.97645,2.25,1.00
2016.09.21 12:25:47.693,0.97635,0.97645,1.87,1.00
2016.09.21 12:25:47.744,0.97635,0.97645,1.87,1.12
2016.09.21 12:25:49.494,0.97635,0.97644,1.12,1.00
2016.09.21 12:25:50.017,0.97634,0.97644,1.50,1.50
2016.09.21 12:25:50.322,0.97633,0.97643,1.75,1.00
2016.09.21 12:25:50.425,0.97633,0.97643,1.37,1.00
2016.09.21 12:25:50.707,0.97633,0.97643,1.37,1.00
2016.09.21 12:25:50.804,0.97633,0.97643,1.37,1.00
2016.09.21 12:25:51.112,0.97633,0.97643,1.37,1.00
2016.09.21 12:25:51.525,0.97633,0.97643,1.37,1.50
2016.09.21 12:25:51.609,0.97633,0.97643,1.37,1.87
2016.09.21 12:25:51.660,0.97632,0.97642,2.25,1.12
2016.09.21 12:25:53.053,0.97632,0.97643,2.25,1.50
2016.09.21 12:25:53.106,0.97633,0.97643,1.00,1.50
2016.09.21 12:25:53.158,0.97634,0.97643,1.12,1.37
2016.09.21 12:25:53.820,0.97634,0.97643,1.87,1.37
2016.09.21 12:25:53.871,0.97634,0.97644,1.87,2.25
2016.09.21 12:25:54.075,0.97634,0.97644,1.87,1.50
2016.09.21 12:25:54.229,0.97634,0.97644,1.12,1.50
2016.09.21 12:25:57.543,0.97635,0.97644,1.00,1.00
2016.09.21 12:25:57.595,0.97635,0.97644,1.12,1.00
2016.09.21 12:25:57.646,0.97635,0.97645,1.87,1.87
2016.09.21 12:25:57.698,0.97637,0.97645,1.00,1.12
2016.09.21 12:25:57.749,0.97637,0.97645,1.12,1.00
2016.09.21 12:25:57.953,0.97637,0.97646,1.12,1.12
2016.09.21 12:25:58.101,0.97637,0.97646,1.87,1.87
2016.09.21 12:25:58.152,0.97637,0.97646,1.87,1.12
2016.09.21 12:25:58.255,0.97637,0.97647,2.62,1.87
2016.09.21 12:25:58.306,0.97637,0.97647,2.25,1.50
2016.09.21 12:25:58.357,0.97637,0.97647,2.25,1.12
2016.09.21 12:25:58.612,0.97637,0.97647,1.50,1.12
2016.09.21 12:26:00.326,0.97637,0.97647,2.44,1.12
2016.09.21 12:26:00.377,0.97638,0.97648,1.00,1.87
2016.09.21 12:26:00.428,0.97638,0.97648,1.50,1.12
2016.09.21 12:26:00.503,0.97638,0.97648,1.00,1.00
2016.09.21 12:26:00.895,0.97638,0.97648,1.50,1.00
2016.09.21 12:26:01.102,0.97638,0.97648,1.00,1.00
2016.09.21 12:26:01.206,0.97638,0.97648,1.00,1.00
2016.09.21 12:26:01.309,0.97638,0.97648,1.00,1.12
2016.09.21 12:26:01.361,0.97638,0.97648,1.00,1.50
2016.09.21 12:26:01.686,0.97637,0.97647,2.06,1.12
2016.09.21 12:26:03.331,0.97637,0.97647,2.81,1.12
2016.09.21 12:26:03.433,0.97637,0.97647,1.12,1.12
2016.09.21 12:26:03.706,0.97637,0.97647,1.12,1.87
2016.09.21 12:26:03.809,0.97637,0.97647,1.12,1.87
2016.09.21 12:26:03.911,0.97637,0.97647,1.12,1.12
2016.09.21 12:26:03.962,0.97638,0.97648,1.00,2.25
2016.09.21 12:26:04.115,0.97638,0.97648,1.00,2.25
2016.09.21 12:26:04.460,0.97638,0.97648,1.00,2.25
2016.09.21 12:26:05.179,0.97638,0.97648,1.12,1.87
2016.09.21 12:26:05.230,0.97638,0.97648,1.50,1.00
2016.09.21 12:26:05.640,0.97638,0.97648,1.00,1.00
2016.09.21 12:26:06.102,0.97638,0.97648,1.00,1.00
2016.09.21 12:26:06.153,0.97638,0.97648,1.00,1.50
2016.09.21 12:26:07.866,0.97638,0.97648,1.00,1.00
2016.09.21 12:26:07.917,0.97638,0.97648,1.00,1.00
2016.09.21 12:26:08.487,0.97638,0.97648,1.00,1.00
2016.09.21 12:26:08.538,0.97638,0.97647,1.00,1.12
2016.09.21 12:26:08.642,0.97637,0.97648,1.00,2.25
2016.09.21 12:26:08.695,0.97637,0.97648,1.00,2.25
2016.09.21 12:26:08.747,0.97637,0.97648,1.00,1.50
2016.09.21 12:26:08.799,0.97637,0.97648,1.00,1.50
2016.09.21 12:26:08.851,0.97639,0.97649,1.00,1.87
2016.09.21 12:26:08.954,0.97639,0.97649,1.00,1.12
2016.09.21 12:26:09.005,0.97639,0.97649,1.00,1.00
2016.09.21 12:26:09.124,0.97639,0.97649,1.00,1.00
2016.09.21 12:26:09.434,0.97639,0.97649,1.00,1.00
2016.09.21 12:26:09.740,0.97639,0.97649,1.00,1.12
2016.09.21 12:26:10.634,0.97639,0.97648,1.00,1.00
2016.09.21 12:26:10.685,0.97638,0.97647,1.00,1.12
2016.09.21 12:26:10.736,0.97638,0.97647,1.00,2.25
2016.09.21 12:26:10.787,0.97638,0.97646,1.00,1.00
2016.09.21 12:26:10.839,0.97635,0.97646,1.37,1.50
2016.09.21 12:26:10.890,0.97634,0.97646,3.00,1.50
2016.09.21 12:26:10.981,0.97634,0.97646,2.62,1.50
2016.09.21 12:26:11.032,0.97634,0.97646,2.62,2.25
2016.09.21 12:26:11.135,0.97634,0.97645,1.50,1.12
2016.09.21 12:26:11.442,0.97634,0.97645,1.50,1.12
2016.09.21 12:26:12.020,0.97634,0.97645,1.50,1.12
2016.09.21 12:26:12.098,0.97634,0.97645,1.75,1.00
2016.09.21 12:26:12.251,0.97634,0.97645,1.87,1.00
2016.09.21 12:26:12.302,0.97636,0.97645,1.12,1.00
2016.09.21 12:26:12.353,0.97636,0.97645,1.50,1.00
2016.09.21 12:26:12.955,0.97636,0.97645,1.12,1.00
2016.09.21 12:26:16.354,0.97636,0.97645,1.12,1.12
2016.09.21 12:26:16.406,0.97636,0.97645,1.12,1.50
2016.09.21 12:26:16.457,0.97636,0.97644,1.12,1.00
2016.09.21 12:26:16.509,0.97634,0.97644,1.50,2.25
2016.09.21 12:26:16.560,0.97634,0.97642,1.50,1.00
2016.09.21 12:26:16.611,0.97634,0.97642,1.50,1.12
2016.09.21 12:26:16.663,0.97632,0.97641,1.50,1.00
2016.09.21 12:26:16.765,0.9763,0.97641,2.25,1.00
2016.09.21 12:26:17.116,0.9763,0.97641,1.75,1.00
2016.09.21 12:26:17.371,0.9763,0.97641,3.00,1.00
2016.09.21 12:26:17.677,0.9763,0.97641,2.25,1.00
2016.09.21 12:26:17.830,0.9763,0.97641,1.75,1.00
2016.09.21 12:26:18.401,0.9763,0.97641,1.75,1.12
2016.09.21 12:26:18.656,0.9763,0.97642,2.25,3.37
2016.09.21 12:26:18.707,0.9763,0.97642,2.25,3.00
2016.09.21 12:26:18.758,0.9763,0.97642,3.00,2.62
2016.09.21 12:26:19.306,0.9763,0.97642,3.00,3.00
2016.09.21 12:26:19.358,0.97632,0.97642,1.00,3.00
2016.09.21 12:26:19.410,0.97633,0.97642,1.12,1.87
2016.09.21 12:26:19.461,0.97633,0.97642,1.87,1.00
2016.09.21 12:26:19.513,0.97633,0.97643,1.87,2.25
2016.09.21 12:26:19.565,0.97634,0.97643,1.50,1.50
2016.09.21 12:26:19.616,0.97634,0.97644,1.50,1.37
2016.09.21 12:26:19.778,0.97635,0.97645,1.50,2.62
2016.09.21 12:26:19.830,0.97635,0.97645,2.25,1.50
2016.09.21 12:26:20.292,0.97635,0.97645,2.25,1.00
2016.09.21 12:26:20.705,0.97636,0.97646,1.50,1.12
2016.09.21 12:26:20.960,0.97636,0.97646,2.25,1.12
2016.09.21 12:26:21.011,0.97636,0.97646,2.25,1.00
2016.09.21 12:26:21.063,0.97637,0.97646,1.12,1.00
2016.09.21 12:26:21.114,0.97637,0.97646,1.12,1.00
2016.09.21 12:26:21.165,0.97637,0.97646,1.12,1.00
2016.09.21 12:26:21.318,0.97636,0.97646,1.50,1.00
2016.09.21 12:26:29.067,0.97636,0.97646,1.37,1.00
2016.09.21 12:26:29.119,0.97636,0.97646,1.12,1.12
2016.09.21 12:26:29.947,0.97636,0.97646,1.12,1.50
2016.09.21 12:26:29.998,0.97635,0.97646,3.00,1.50
2016.09.21 12:26:30.049,0.97635,0.97646,3.00,1.50
2016.09.21 12:26:30.870,0.97636,0.97646,1.12,1.50
2016.09.21 12:26:30.921,0.97636,0.97646,1.12,1.00
2016.09.21 12:26:31.074,0.97636,0.97647,1.12,2.62
2016.09.21 12:26:31.573,0.97636,0.97647,1.50,1.87
2016.09.21 12:26:32.847,0.97636,0.97647,1.50,2.25
2016.09.21 12:26:33.220,0.97636,0.97647,1.50,2.62
2016.09.21 12:26:33.272,0.97636,0.97647,1.50,3.00
2016.09.21 12:26:33.999,0.97636,0.97646,1.50,1.37
2016.09.21 12:26:34.306,0.97636,0.97646,1.50,1.00
2016.09.21 12:26:34.760,0.97636,0.97646,1.50,1.12
2016.09.21 12:26:34.811,0.97636,0.97646,1.12,1.12
2016.09.21 12:26:35.067,0.97635,0.97646,3.37,1.12
2016.09.21 12:26:36.661,0.97635,0.97645,3.37,1.00
2016.09.21 12:26:39.912,0.97635,0.97645,2.62,1.00
2016.09.21 12:26:40.014,0.97635,0.97645,3.37,1.00
2016.09.21 12:26:40.219,0.97635,0.97645,3.00,1.50
2016.09.21 12:26:40.484,0.97635,0.97645,2.25,1.50
2016.09.21 12:26:40.602,0.97635,0.97645,3.00,1.50
2016.09.21 12:26:40.705,0.97635,0.97645,3.00,1.50
2016.09.21 12:26:40.809,0.97635,0.97645,3.75,1.50
2016.09.21 12:26:40.860,0.97637,0.97645,1.00,1.50
2016.09.21 12:26:41.272,0.97635,0.97645,3.00,1.50
2016.09.21 12:26:41.323,0.97635,0.97645,3.00,1.87
2016.09.21 12:26:41.782,0.97635,0.97645,3.00,1.87
2016.09.21 12:26:45.478,0.97635,0.97645,3.00,1.87
2016.09.21 12:26:45.530,0.97635,0.97645,2.25,1.50
2016.09.21 12:26:45.632,0.97635,0.97645,3.00,1.50
2016.09.21 12:26:45.784,0.97635,0.97645,3.00,1.50
2016.09.21 12:26:45.836,0.97635,0.97645,3.00,1.87
2016.09.21 12:26:45.993,0.97635,0.97642,3.00,1.25
2016.09.21 12:26:46.044,0.97635,0.97642,3.00,1.31
2016.09.21 12:26:46.096,0.97635,0.97642,1.50,1.31
2016.09.21 12:26:46.147,0.97635,0.9764,1.00,1.12
2016.09.21 12:26:46.199,0.97635,0.9764,1.00,1.87
2016.09.21 12:26:46.250,0.97633,0.97637,1.12,1.00
2016.09.21 12:26:46.302,0.9763,0.97637,1.37,1.00
2016.09.21 12:26:46.354,0.97629,0.97637,1.50,1.00
2016.09.21 12:26:46.406,0.97627,0.97637,2.62,1.50
2016.09.21 12:26:46.458,0.97627,0.97636,2.62,1.00
2016.09.21 12:26:46.510,0.97627,0.97636,2.25,1.00
2016.09.21 12:26:46.621,0.97627,0.97636,1.00,1.50
2016.09.21 12:26:46.776,0.97626,0.97636,1.50,1.50
2016.09.21 12:26:46.880,0.97626,0.97636,1.50,1.87
2016.09.21 12:26:48.777,0.97626,0.97635,1.00,1.12
2016.09.21 12:26:48.882,0.97624,0.97635,1.50,1.12
2016.09.21 12:26:48.934,0.97624,0.97635,1.50,1.12
2016.09.21 12:26:49.151,0.97624,0.97636,1.87,3.00
2016.09.21 12:26:49.253,0.97624,0.97632,1.12,1.67
2016.09.21 12:26:49.304,0.97623,0.97632,1.87,1.67
2016.09.21 12:26:49.356,0.97623,0.97632,1.00,4.12
2016.09.21 12:26:49.407,0.9762,0.9763,5.25,1.12
2016.09.21 12:26:49.458,0.9762,0.9763,4.50,1.12
2016.09.21 12:26:49.510,0.9762,0.9763,4.12,1.12
2016.09.21 12:26:49.562,0.9762,0.97629,3.37,1.00
2016.09.21 12:26:49.664,0.9762,0.97629,1.00,1.12
2016.09.21 12:26:49.741,0.9762,0.97629,1.50,1.50
2016.09.21 12:26:49.792,0.9762,0.97629,1.50,1.87
2016.09.21 12:26:49.843,0.9762,0.97628,1.50,1.00
2016.09.21 12:26:49.894,0.9762,0.97628,1.00,1.50
2016.09.21 12:26:49.945,0.9762,0.97628,1.00,1.87
2016.09.21 12:26:50.048,0.97619,0.97627,1.00,1.00
2016.09.21 12:26:50.150,0.97617,0.97627,1.12,1.00
2016.09.21 12:26:50.201,0.97617,0.97627,1.12,1.00
2016.09.21 12:26:50.253,0.97617,0.97628,1.12,2.62
2016.09.21 12:26:50.304,0.97617,0.97628,1.12,2.62
2016.09.21 12:26:50.426,0.97617,0.97629,1.12,3.37
2016.09.21 12:26:50.502,0.97617,0.97629,1.87,3.00
2016.09.21 12:26:50.553,0.97617,0.97629,2.62,3.00
2016.09.21 12:26:50.604,0.97617,0.97629,2.62,2.25
2016.09.21 12:26:50.655,0.97618,0.97629,1.50,1.12
2016.09.21 12:26:50.706,0.97618,0.9763,1.50,3.00
2016.09.21 12:26:50.758,0.97618,0.9763,1.50,1.75
2016.09.21 12:26:50.833,0.97618,0.9763,2.25,1.50
2016.09.21 12:26:50.885,0.9762,0.9763,1.00,2.25
2016.09.21 12:26:50.937,0.9762,0.9763,1.12,1.87
2016.09.21 12:26:51.162,0.9762,0.9763,1.12,2.25
2016.09.21 12:26:51.869,0.9762,0.9763,1.12,1.87
2016.09.21 12:26:51.971,0.9762,0.9763,1.12,2.25
2016.09.21 12:26:53.098,0.9762,0.9763,1.87,1.12
2016.09.21 12:26:53.253,0.97621,0.9763,1.00,1.12
2016.09.21 12:26:53.407,0.97621,0.97631,1.50,1.37
2016.09.21 12:26:53.510,0.97621,0.97631,1.87,1.12
2016.09.21 12:26:54.497,0.97622,0.97632,1.00,1.50
2016.09.21 12:26:54.600,0.97621,0.97631,1.87,1.12
2016.09.21 12:26:55.009,0.97621,0.97632,1.87,1.37
2016.09.21 12:26:55.567,0.97621,0.97631,1.87,1.12
2016.09.21 12:26:55.619,0.97621,0.97631,1.87,2.62
2016.09.21 12:26:57.062,0.97621,0.97631,1.87,1.87
2016.09.21 12:26:57.167,0.97621,0.97631,1.87,2.62
2016.09.21 12:26:57.372,0.97621,0.97631,1.12,3.37
2016.09.21 12:26:58.871,0.97621,0.97631,1.12,2.62
2016.09.21 12:26:58.922,0.97621,0.97631,1.12,2.25
2016.09.21 12:26:58.974,0.97621,0.9763,1.12,1.00
2016.09.21 12:26:59.121,0.97621,0.97631,1.12,1.87
2016.09.21 12:26:59.274,0.97621,0.97631,1.12,1.12
2016.09.21 12:26:59.376,0.97621,0.97631,1.87,1.12
2016.09.21 12:26:59.529,0.97621,0.97631,1.87,1.50
2016.09.21 12:26:59.580,0.97621,0.9763,1.12,2.47
2016.09.21 12:26:59.631,0.9762,0.97626,1.37,1.15
2016.09.21 12:26:59.684,0.97618,0.97626,1.75,2.36
2016.09.21 12:26:59.735,0.97617,0.97625,1.87,1.00
2016.09.21 12:26:59.786,0.97617,0.97624,1.00,1.00
2016.09.21 12:26:59.838,0.97615,0.97624,1.12,1.00
2016.09.21 12:26:59.890,0.97614,0.97623,1.37,1.37
2016.09.21 12:26:59.941,0.97615,0.97623,1.00,1.87
2016.09.21 12:27:00.035,0.97611,0.9762,2.25,1.00
2016.09.21 12:27:00.086,0.9761,0.9762,1.87,1.00
2016.09.21 12:27:00.138,0.97613,0.9762,1.00,1.12
2016.09.21 12:27:00.190,0.97613,0.97622,1.50,1.37
2016.09.21 12:27:00.241,0.97613,0.97622,3.75,1.12
2016.09.21 12:27:00.293,0.97615,0.97625,1.50,1.87
2016.09.21 12:27:00.344,0.97615,0.97625,1.50,1.37
2016.09.21 12:27:00.395,0.97615,0.97625,1.87,1.87
2016.09.21 12:27:00.447,0.97615,0.97625,2.25,1.87
2016.09.21 12:27:00.498,0.97615,0.97625,1.87,1.87
2016.09.21 12:27:00.600,0.97615,0.97625,1.37,1.87
2016.09.21 12:27:00.696,0.97615,0.97625,1.12,1.87
2016.09.21 12:27:00.747,0.97615,0.97625,1.00,1.87
2016.09.21 12:27:01.310,0.97615,0.97625,1.50,1.87
2016.09.21 12:27:04.051,0.97615,0.97625,1.50,1.12
2016.09.21 12:27:05.401,0.97615,0.97624,1.00,1.00
2016.09.21 12:27:05.504,0.97614,0.97624,1.12,1.87
2016.09.21 12:27:05.555,0.97614,0.97623,1.12,2.06
2016.09.21 12:27:05.606,0.97612,0.9762,2.25,1.00
2016.09.21 12:27:05.658,0.97612,0.9762,1.50,1.12
2016.09.21 12:27:05.709,0.9761,0.9762,2.25,2.62
2016.09.21 12:27:05.760,0.9761,0.9762,2.25,3.00
2016.09.21 12:27:05.812,0.9761,0.9762,2.25,3.37
2016.09.21 12:27:05.863,0.9761,0.9762,1.12,3.75
2016.09.21 12:27:05.941,0.9761,0.9762,1.12,2.25
2016.09.21 12:27:06.043,0.97611,0.9762,1.00,1.50
2016.09.21 12:27:06.094,0.97611,0.9762,1.12,1.12
2016.09.21 12:27:06.145,0.97611,0.9762,1.50,1.12
2016.09.21 12:27:06.707,0.9761,0.9762,1.75,1.87
2016.09.21 12:27:06.759,0.9761,0.9762,1.12,2.25
2016.09.21 12:27:07.025,0.9761,0.9762,1.12,2.62
2016.09.21 12:27:07.127,0.9761,0.97619,1.12,1.12
2016.09.21 12:27:07.178,0.9761,0.97619,1.12,3.75
2016.09.21 12:27:07.231,0.97607,0.97617,2.25,1.00
2016.09.21 12:27:07.282,0.97607,0.97617,1.50,1.00
2016.09.21 12:27:07.385,0.97607,0.97617,1.87,1.12
2016.09.21 12:27:07.487,0.97607,0.97617,2.25,1.00
2016.09.21 12:27:07.868,0.97607,0.97617,2.25,1.00
2016.09.21 12:27:08.073,0.97607,0.97617,2.25,1.00
2016.09.21 12:27:08.281,0.97608,0.97617,1.12,1.00
2016.09.21 12:27:08.332,0.97609,0.97618,1.37,1.00
2016.09.21 12:27:08.384,0.9761,0.97619,1.00,1.87
2016.09.21 12:27:08.436,0.97611,0.9762,1.00,2.62
2016.09.21 12:27:08.488,0.97611,0.9762,1.12,1.00
2016.09.21 12:27:08.540,0.97611,0.97621,1.12,2.25
2016.09.21 12:27:08.644,0.97611,0.97621,1.12,1.50
2016.09.21 12:27:09.308,0.9761,0.9762,1.87,1.00
2016.09.21 12:27:09.461,0.9761,0.9762,2.62,1.00
2016.09.21 12:27:09.563,0.9761,0.9762,1.87,1.00
2016.09.21 12:27:10.744,0.9761,0.9762,2.62,1.00
2016.09.21 12:27:10.810,0.97611,0.97621,1.12,1.50
2016.09.21 12:27:10.864,0.97611,0.97621,2.25,1.50
2016.09.21 12:27:10.917,0.97612,0.97621,1.00,1.00
2016.09.21 12:27:11.121,0.97611,0.97621,1.87,1.00
2016.09.21 12:27:11.274,0.97611,0.97621,1.87,1.00
2016.09.21 12:27:11.376,0.97613,0.97622,1.00,1.50
2016.09.21 12:27:11.733,0.97613,0.97622,1.50,1.50
2016.09.21 12:27:13.957,0.97613,0.97622,1.50,1.00
2016.09.21 12:27:15.773,0.97614,0.97622,2.25,1.00
2016.09.21 12:27:15.824,0.97615,0.97622,1.00,1.00
2016.09.21 12:27:15.876,0.97615,0.97623,1.50,1.50
2016.09.21 12:27:15.943,0.97615,0.97623,1.50,1.00
2016.09.21 12:27:15.994,0.97615,0.97624,1.50,1.00
2016.09.21 12:27:16.046,0.97616,0.97624,1.00,1.00
2016.09.21 12:27:16.097,0.97618,0.97625,1.00,3.00
2016.09.21 12:27:16.148,0.97618,0.97625,1.50,1.12
2016.09.21 12:27:16.199,0.97618,0.97625,1.50,1.00
2016.09.21 12:27:16.358,0.97618,0.97626,1.50,1.25
2016.09.21 12:27:16.410,0.97618,0.97627,1.50,2.06
2016.09.21 12:27:16.461,0.97618,0.97627,1.50,1.69
2016.09.21 12:27:16.615,0.97618,0.97626,1.50,1.25
2016.09.21 12:27:16.797,0.97618,0.97627,1.50,2.06
2016.09.21 12:27:16.900,0.97618,0.97626,1.50,1.31
2016.09.21 12:27:16.966,0.97618,0.97626,1.00,1.25
2016.09.21 12:27:17.071,0.97618,0.97626,1.00,1.25
2016.09.21 12:27:17.176,0.97618,0.97626,1.00,1.25
2016.09.21 12:27:17.227,0.97618,0.97627,1.50,1.69
2016.09.21 12:27:17.278,0.97618,0.97627,1.50,1.56
2016.09.21 12:27:17.462,0.97618,0.97627,3.00,1.56
2016.09.21 12:27:17.565,0.97618,0.97627,3.00,1.37
2016.09.21 12:27:17.617,0.97619,0.97627,1.00,1.37
2016.09.21 12:27:17.719,0.9762,0.97627,1.00,1.37
2016.09.21 12:27:17.770,0.9762,0.97628,1.00,2.62
2016.09.21 12:27:17.821,0.9762,0.97628,1.00,2.25
2016.09.21 12:27:17.923,0.97618,0.97628,2.25,2.25
2016.09.21 12:27:18.026,0.97619,0.97627,1.00,1.00
2016.09.21 12:27:18.078,0.97619,0.97628,1.00,1.50
2016.09.21 12:27:18.129,0.97618,0.97628,1.50,1.87
2016.09.21 12:27:18.290,0.97618,0.97628,1.50,2.25
2016.09.21 12:27:18.393,0.97618,0.97628,1.50,2.25
2016.09.21 12:27:18.648,0.97618,0.97628,2.25,2.25
2016.09.21 12:27:19.035,0.97618,0.97628,1.50,2.25
2016.09.21 12:27:19.635,0.97618,0.97628,1.50,1.87
2016.09.21 12:27:19.738,0.97618,0.97628,1.50,2.25
2016.09.21 12:27:19.789,0.97618,0.97628,1.00,3.00
2016.09.21 12:27:19.849,0.97617,0.97627,1.12,1.12
2016.09.21 12:27:19.901,0.97617,0.97627,1.87,1.12
2016.09.21 12:27:19.990,0.97617,0.97627,1.87,1.12
2016.09.21 12:27:20.042,0.97618,0.97628,1.00,2.25
2016.09.21 12:27:20.093,0.97618,0.97628,1.50,2.25
2016.09.21 12:27:20.144,0.97618,0.97627,1.00,1.12
2016.09.21 12:27:20.246,0.97618,0.97628,1.50,2.25
2016.09.21 12:27:21.578,0.97618,0.97628,1.50,2.25
2016.09.21 12:27:23.471,0.97618,0.97628,2.25,2.25
2016.09.21 12:27:23.677,0.97618,0.97628,1.50,2.25
2016.09.21 12:27:23.892,0.97618,0.97628,1.87,2.25
2016.09.21 12:27:25.019,0.97618,0.97628,1.87,2.25
2016.09.21 12:27:25.074,0.97618,0.97628,1.87,2.25
2016.09.21 12:27:25.641,0.97618,0.97626,1.87,1.00
2016.09.21 12:27:25.692,0.97618,0.97626,1.87,1.00
2016.09.21 12:27:25.743,0.97618,0.97626,1.00,1.50
2016.09.21 12:27:25.794,0.97617,0.97625,1.12,1.00
2016.09.21 12:27:25.846,0.97617,0.97625,1.12,1.50
2016.09.21 12:27:25.897,0.97617,0.97625,1.00,2.25
2016.09.21 12:27:25.949,0.97615,0.97624,1.00,1.00
2016.09.21 12:27:26.492,0.97615,0.97623,1.00,1.00
2016.09.21 12:27:26.850,0.97613,0.97623,1.50,1.50
2016.09.21 12:27:27.106,0.97613,0.97623,1.50,1.50
2016.09.21 12:27:27.158,0.97613,0.97623,1.50,2.62
2016.09.21 12:27:27.209,0.97613,0.97621,1.00,1.00
2016.09.21 12:27:27.260,0.97611,0.97621,1.50,1.50
2016.09.21 12:27:27.774,0.97612,0.97622,1.00,1.75
2016.09.21 12:27:31.344,0.97612,0.97622,1.00,1.75
2016.09.21 12:27:31.395,0.97612,0.97622,1.00,1.50
2016.09.21 12:27:32.693,0.97611,0.97621,1.12,1.12
2016.09.21 12:27:32.945,0.97611,0.97621,1.00,1.50
2016.09.21 12:27:32.996,0.97611,0.97621,1.50,1.37
2016.09.21 12:27:33.047,0.97611,0.97621,1.87,1.12
2016.09.21 12:27:33.200,0.97611,0.97621,1.87,1.50
2016.09.21 12:27:33.251,0.97611,0.97621,1.50,1.50
2016.09.21 12:27:33.760,0.97611,0.97621,1.50,1.50
2016.09.21 12:27:33.812,0.97611,0.97621,1.50,1.50
2016.09.21 12:27:33.916,0.97611,0.97621,1.50,1.50
2016.09.21 12:27:34.020,0.97612,0.97621,1.00,1.50
2016.09.21 12:27:34.278,0.97613,0.97623,1.50,3.37
2016.09.21 12:27:34.329,0.97613,0.97623,1.00,3.37
2016.09.21 12:27:34.590,0.97613,0.97623,1.00,3.00
2016.09.21 12:27:34.644,0.97613,0.97623,1.50,3.00
2016.09.21 12:27:35.154,0.97613,0.97623,1.00,3.00
2016.09.21 12:27:35.256,0.97614,0.97623,1.00,2.25
2016.09.21 12:27:35.511,0.97614,0.97623,1.00,1.87
2016.09.21 12:27:35.665,0.97614,0.97623,1.00,1.87
2016.09.21 12:27:36.997,0.97612,0.97622,1.00,1.50
2016.09.21 12:27:38.643,0.97613,0.97622,1.00,1.50
2016.09.21 12:27:38.695,0.97614,0.97623,1.00,1.87
2016.09.21 12:27:38.746,0.97614,0.97623,1.50,1.87
2016.09.21 12:27:38.950,0.97614,0.97623,1.00,1.87
2016.09.21 12:27:39.995,0.97614,0.97623,1.50,1.12
2016.09.21 12:27:40.047,0.97614,0.97624,2.25,2.62
2016.09.21 12:27:40.099,0.97614,0.97624,2.25,2.25
2016.09.21 12:27:40.150,0.97614,0.97624,1.50,1.87
2016.09.21 12:27:40.304,0.97614,0.97624,1.00,1.87
2016.09.21 12:27:40.460,0.97614,0.97624,1.00,2.62
2016.09.21 12:27:40.670,0.97614,0.97624,1.00,2.62
2016.09.21 12:27:40.772,0.97614,0.97624,1.00,2.62
2016.09.21 12:27:40.874,0.97614,0.97624,1.00,2.62
2016.09.21 12:27:40.977,0.97614,0.97624,1.00,2.62
2016.09.21 12:27:41.129,0.97614,0.97623,1.00,1.37
2016.09.21 12:27:41.592,0.97614,0.97623,1.00,1.37
2016.09.21 12:27:42.000,0.97614,0.97624,1.00,1.87
2016.09.21 12:27:42.255,0.97614,0.97624,1.00,1.87
2016.09.21 12:27:42.960,0.97615,0.97624,1.00,1.87
2016.09.21 12:27:43.013,0.97616,0.97624,1.60,1.87
2016.09.21 12:27:43.064,0.97618,0.97624,2.10,1.75
2016.09.21 12:27:43.116,0.97622,0.97626,1.00,2.62
2016.09.21 12:27:43.167,0.97623,0.97627,1.00,1.87
2016.09.21 12:27:43.221,0.97623,0.97627,1.00,1.12
2016.09.21 12:27:43.279,0.97624,0.97628,1.00,1.00
2016.09.21 12:27:43.335,0.97624,0.9763,1.00,1.75
2016.09.21 12:27:43.438,0.97624,0.9763,1.00,1.50
2016.09.21 12:27:43.540,0.97624,0.9763,1.00,1.00
2016.09.21 12:27:43.642,0.97623,0.9763,1.50,1.00
2016.09.21 12:27:44.179,0.97623,0.97631,1.00,1.50
2016.09.21 12:27:44.230,0.97623,0.97631,1.00,1.87
2016.09.21 12:27:44.282,0.97623,0.97631,1.00,1.37
2016.09.21 12:27:46.916,0.97623,0.97632,1.00,2.25
2016.09.21 12:27:46.968,0.97623,0.97632,1.50,1.12
2016.09.21 12:27:47.022,0.97624,0.97632,1.00,1.12
2016.09.21 12:27:47.073,0.97624,0.97632,1.50,1.00
2016.09.21 12:27:47.124,0.97625,0.97633,1.00,1.37
2016.09.21 12:27:47.175,0.97625,0.97633,1.00,1.00
2016.09.21 12:27:47.277,0.97625,0.97634,1.00,2.62
2016.09.21 12:27:47.380,0.97625,0.97634,1.00,1.87
2016.09.21 12:27:48.005,0.97625,0.97634,1.50,1.37
2016.09.21 12:27:48.056,0.97625,0.97634,1.50,1.12
2016.09.21 12:27:49.877,0.97625,0.97634,1.87,1.12
2016.09.21 12:27:49.929,0.97626,0.97634,1.00,1.12
2016.09.21 12:27:49.980,0.97626,0.97634,1.50,1.12
2016.09.21 12:27:50.032,0.97629,0.97633,1.00,1.00
2016.09.21 12:27:50.083,0.97629,0.97636,1.00,1.50
2016.09.21 12:27:50.135,0.97628,0.97636,1.50,1.12
2016.09.21 12:27:50.194,0.97628,0.97636,1.50,1.00
2016.09.21 12:27:50.654,0.97628,0.97637,1.50,1.00
2016.09.21 12:27:50.944,0.97628,0.97638,1.50,2.25
2016.09.21 12:27:51.356,0.97628,0.97638,1.50,1.87
2016.09.21 12:27:51.467,0.97628,0.97638,1.50,1.50
2016.09.21 12:27:51.621,0.9763,0.97639,1.00,2.62
2016.09.21 12:27:54.386,0.9763,0.97639,1.00,3.00
2016.09.21 12:27:54.540,0.97628,0.97638,1.50,1.50
2016.09.21 12:27:54.695,0.97628,0.97638,1.50,1.87
2016.09.21 12:27:54.951,0.97628,0.97637,1.50,1.00
2016.09.21 12:27:55.002,0.97628,0.97638,1.50,1.87
2016.09.21 12:27:55.155,0.97628,0.97638,1.50,2.25
2016.09.21 12:27:55.206,0.97628,0.97638,1.50,2.25
2016.09.21 12:27:55.302,0.97628,0.97638,1.50,1.87
2016.09.21 12:27:55.354,0.97628,0.97637,1.50,1.00
2016.09.21 12:27:55.406,0.97628,0.97638,1.50,2.25
2016.09.21 12:27:55.561,0.97628,0.97638,1.00,2.25
2016.09.21 12:27:55.765,0.97628,0.97638,1.12,2.62
2016.09.21 12:27:55.970,0.97628,0.97638,1.00,3.00
2016.09.21 12:27:56.021,0.97628,0.97638,1.50,2.25
2016.09.21 12:27:56.178,0.97628,0.97638,1.87,1.50
2016.09.21 12:27:56.229,0.97629,0.97638,1.00,1.50
2016.09.21 12:27:56.332,0.97629,0.97638,1.50,1.00
2016.09.21 12:27:56.383,0.97629,0.97639,1.87,2.25
2016.09.21 12:27:56.435,0.97629,0.97639,1.12,2.25
2016.09.21 12:27:56.486,0.97629,0.97638,1.00,1.00
2016.09.21 12:27:57.932,0.97631,0.97638,1.00,1.00
2016.09.21 12:27:58.137,0.97631,0.97639,1.00,1.37
2016.09.21 12:27:58.190,0.97631,0.9764,1.00,1.50
2016.09.21 12:27:58.293,0.97631,0.9764,1.00,1.12
2016.09.21 12:27:58.397,0.97631,0.9764,1.00,1.12
2016.09.21 12:27:58.555,0.97631,0.97641,1.00,1.50
2016.09.21 12:27:59.346,0.97631,0.97642,1.00,1.87
2016.09.21 12:27:59.550,0.97631,0.97642,1.00,2.25
2016.09.21 12:27:59.652,0.97631,0.97642,1.00,1.87
2016.09.21 12:27:59.754,0.97631,0.97641,1.50,1.50
2016.09.21 12:27:59.907,0.97631,0.97641,1.87,1.50
2016.09.21 12:28:00.225,0.97631,0.97641,1.12,1.50
2016.09.21 12:28:00.690,0.97631,0.97641,1.12,1.12
2016.09.21 12:28:00.794,0.97631,0.97641,1.12,1.12
2016.09.21 12:28:01.049,0.97631,0.97641,1.12,1.87
2016.09.21 12:28:01.100,0.97631,0.97641,1.12,2.25
2016.09.21 12:28:01.204,0.97631,0.97641,1.12,2.25
2016.09.21 12:28:01.308,0.97631,0.97641,1.12,2.62
2016.09.21 12:28:01.360,0.97629,0.97641,1.87,1.87
2016.09.21 12:28:03.627,0.97629,0.97641,1.87,1.87
2016.09.21 12:28:03.680,0.97629,0.97641,1.75,3.00
2016.09.21 12:28:03.732,0.97628,0.97639,1.31,1.50
2016.09.21 12:28:03.784,0.97627,0.97639,5.66,1.00
2016.09.21 12:28:03.835,0.97629,0.97639,1.75,1.00
2016.09.21 12:28:03.888,0.97629,0.97639,1.12,1.50
2016.09.21 12:28:03.941,0.97629,0.97639,1.12,1.50
2016.09.21 12:28:04.045,0.97629,0.97639,1.12,1.87
2016.09.21 12:28:04.148,0.97629,0.97639,1.12,1.87
2016.09.21 12:28:04.199,0.97629,0.97639,1.00,1.87
2016.09.21 12:28:04.450,0.97629,0.97639,1.00,1.50
2016.09.21 12:28:04.501,0.97629,0.97638,1.00,1.00
2016.09.21 12:28:04.971,0.97628,0.97638,1.87,1.50
2016.09.21 12:28:05.124,0.97628,0.97638,1.50,1.87
2016.09.21 12:28:06.011,0.97628,0.97638,1.50,1.50
2016.09.21 12:28:06.113,0.97628,0.97638,1.50,1.87
2016.09.21 12:28:06.317,0.97628,0.97638,1.87,1.50
2016.09.21 12:28:06.368,0.97628,0.97638,1.87,1.12
2016.09.21 12:28:06.419,0.97628,0.97638,1.50,1.50
2016.09.21 12:28:06.572,0.97628,0.97638,1.50,1.87
2016.09.21 12:28:06.726,0.97628,0.97638,1.87,1.50
2016.09.21 12:28:06.932,0.97628,0.97638,1.50,1.50
2016.09.21 12:28:07.034,0.97628,0.97638,1.87,1.50
2016.09.21 12:28:07.086,0.97628,0.97638,1.87,1.12
2016.09.21 12:28:07.188,0.97628,0.97638,1.50,1.50
2016.09.21 12:28:07.290,0.97628,0.97638,1.87,1.50
2016.09.21 12:28:07.495,0.97628,0.97638,1.50,1.87
2016.09.21 12:28:07.647,0.97628,0.97638,1.87,1.50
2016.09.21 12:28:07.800,0.97628,0.97638,1.87,1.12
2016.09.21 12:28:08.108,0.97628,0.97638,1.87,1.50
2016.09.21 12:28:08.312,0.97628,0.97638,2.25,1.12
2016.09.21 12:28:08.515,0.97628,0.97638,1.87,1.50
2016.09.21 12:28:09.308,0.97628,0.97638,2.25,1.12
2016.09.21 12:28:10.898,0.97628,0.97638,2.25,1.00
2016.09.21 12:28:10.951,0.97629,0.97639,1.12,1.50
2016.09.21 12:28:11.106,0.97629,0.97639,1.12,1.87
2016.09.21 12:28:12.941,0.97629,0.97639,1.87,1.87
2016.09.21 12:28:12.993,0.97629,0.97639,1.87,1.12
2016.09.21 12:28:13.907,0.97629,0.97639,1.87,1.87
2016.09.21 12:28:13.959,0.97629,0.97639,1.12,1.87
2016.09.21 12:28:14.062,0.97629,0.97639,1.12,1.87
2016.09.21 12:28:14.114,0.97629,0.97639,1.12,1.50
2016.09.21 12:28:14.218,0.97629,0.97639,1.50,1.00
2016.09.21 12:28:14.269,0.97629,0.97639,1.50,1.00
2016.09.21 12:28:14.423,0.97629,0.97639,1.12,1.12
2016.09.21 12:28:17.640,0.97629,0.97639,1.12,1.50
2016.09.21 12:28:17.725,0.97628,0.97638,1.87,1.00
2016.09.21 12:28:17.777,0.97628,0.97638,1.50,1.12
2016.09.21 12:28:17.829,0.97628,0.97638,1.50,1.50
2016.09.21 12:28:17.880,0.97628,0.97638,1.50,1.50
2016.09.21 12:28:18.035,0.97628,0.97638,1.37,1.50
2016.09.21 12:28:18.137,0.97628,0.97638,1.12,1.50
2016.09.21 12:28:18.239,0.97628,0.97638,1.50,1.87
2016.09.21 12:28:18.342,0.97628,0.97638,1.50,1.50
2016.09.21 12:28:18.444,0.97628,0.97638,1.12,1.87
2016.09.21 12:28:18.495,0.97628,0.97638,1.12,1.50
2016.09.21 12:28:18.547,0.97628,0.97638,1.50,1.50
2016.09.21 12:28:18.630,0.97628,0.97638,1.37,1.12
2016.09.21 12:28:18.733,0.97628,0.97638,1.12,1.12
2016.09.21 12:28:19.103,0.97628,0.97638,1.12,1.50
2016.09.21 12:28:20.982,0.97627,0.97637,1.87,1.00
2016.09.21 12:28:21.034,0.97627,0.97637,1.37,1.00
2016.09.21 12:28:21.085,0.97627,0.97636,1.37,1.00
2016.09.21 12:28:21.138,0.97627,0.97636,1.12,1.00
2016.09.21 12:28:21.189,0.97626,0.97636,3.00,1.50
2016.09.21 12:28:21.292,0.97626,0.97636,1.50,1.50
2016.09.21 12:28:21.446,0.97626,0.97634,1.50,1.00
2016.09.21 12:28:21.643,0.97625,0.97634,1.75,1.00
2016.09.21 12:28:21.722,0.97625,0.97635,1.37,1.50
2016.09.21 12:28:21.824,0.97625,0.97635,1.12,1.87
2016.09.21 12:28:22.590,0.97625,0.97635,1.87,1.12
2016.09.21 12:28:22.846,0.97625,0.97635,3.00,1.00
2016.09.21 12:28:22.952,0.97625,0.97637,2.25,2.25
2016.09.21 12:28:23.056,0.97625,0.97637,2.62,2.25
2016.09.21 12:28:23.159,0.97625,0.97637,1.87,2.25
2016.09.21 12:28:23.371,0.97625,0.97637,1.50,2.25
2016.09.21 12:28:23.474,0.97625,0.97637,1.50,2.25
2016.09.21 12:28:23.633,0.97626,0.97637,1.00,1.87
2016.09.21 12:28:23.684,0.97626,0.97635,1.00,1.00
2016.09.21 12:28:23.736,0.97624,0.97635,2.62,1.00
2016.09.21 12:28:23.787,0.97625,0.97635,1.50,1.50
2016.09.21 12:28:24.044,0.97625,0.97635,1.37,1.50
2016.09.21 12:28:24.146,0.97625,0.97635,1.12,1.87
2016.09.21 12:28:26.639,0.97625,0.97634,1.12,1.00
2016.09.21 12:28:27.207,0.97624,0.97634,1.50,1.50
2016.09.21 12:28:27.259,0.97624,0.97634,1.37,1.50
2016.09.21 12:28:27.385,0.97624,0.97634,1.12,1.87
2016.09.21 12:28:28.583,0.97624,0.97634,1.12,1.12
2016.09.21 12:28:28.634,0.97625,0.97635,1.37,2.25
2016.09.21 12:28:28.686,0.97625,0.97635,1.37,1.87
2016.09.21 12:28:29.246,0.97625,0.97635,1.37,2.25
2016.09.21 12:28:29.298,0.97625,0.97635,1.37,2.62
2016.09.21 12:28:31.309,0.97625,0.97635,1.37,2.25
2016.09.21 12:28:31.412,0.97625,0.97635,1.37,1.87
2016.09.21 12:28:33.125,0.97624,0.97634,1.50,1.00
2016.09.21 12:28:34.306,0.97624,0.97634,1.87,1.00
2016.09.21 12:28:34.358,0.97624,0.97634,2.62,1.00
2016.09.21 12:28:34.409,0.97624,0.97634,2.25,1.00
2016.09.21 12:28:34.461,0.97624,0.97634,1.50,1.00
2016.09.21 12:28:40.713,0.97624,0.97634,1.50,1.50
2016.09.21 12:28:40.766,0.97623,0.97631,2.25,1.00
2016.09.21 12:28:40.870,0.97621,0.97631,3.75,1.87
2016.09.21 12:28:40.922,0.97621,0.97631,3.75,2.25
2016.09.21 12:28:40.974,0.97621,0.9763,2.25,1.00
2016.09.21 12:28:41.061,0.97621,0.9763,2.25,1.12
2016.09.21 12:28:41.113,0.97621,0.9763,1.87,1.87
2016.09.21 12:28:41.165,0.97621,0.97629,1.12,1.50
2016.09.21 12:28:41.218,0.9762,0.97629,1.50,1.50
2016.09.21 12:28:41.680,0.97619,0.97629,1.75,1.12
2016.09.21 12:28:41.836,0.97619,0.97629,1.75,1.00
2016.09.21 12:28:41.887,0.97619,0.97629,1.75,1.50
2016.09.21 12:28:41.938,0.97619,0.97629,1.75,1.50
2016.09.21 12:28:42.046,0.97619,0.97629,1.75,1.00
2016.09.21 12:28:42.326,0.97619,0.97629,2.25,1.00
2016.09.21 12:28:42.428,0.97619,0.97629,3.00,1.00
2016.09.21 12:28:42.864,0.97619,0.97629,3.00,1.00
2016.09.21 12:28:42.966,0.97619,0.97629,2.25,1.00
2016.09.21 12:28:43.119,0.97619,0.97629,3.00,1.00
2016.09.21 12:28:43.665,0.97619,0.97629,3.00,1.00
2016.09.21 12:28:44.821,0.97619,0.97629,3.75,1.00
2016.09.21 12:28:44.873,0.97619,0.97629,4.50,1.00
2016.09.21 12:28:45.077,0.97619,0.97629,4.50,1.00
2016.09.21 12:28:45.129,0.9762,0.97629,1.87,1.00
2016.09.21 12:28:45.181,0.97621,0.9763,1.12,1.00
2016.09.21 12:28:45.283,0.97622,0.97632,1.00,1.00
2016.09.21 12:28:45.386,0.97621,0.97631,2.25,1.00
2016.09.21 12:28:45.594,0.97621,0.97631,2.25,1.00
2016.09.21 12:28:45.952,0.97621,0.97631,3.75,1.00
2016.09.21 12:28:46.262,0.97622,0.97633,1.50,1.87
2016.09.21 12:28:46.376,0.97622,0.97633,1.50,1.12
2016.09.21 12:28:46.445,0.97624,0.97634,1.50,1.87
2016.09.21 12:28:46.496,0.97624,0.97634,1.50,1.50
2016.09.21 12:28:46.955,0.97624,0.97634,1.50,1.00
2016.09.21 12:28:48.474,0.97625,0.97634,1.12,1.00
2016.09.21 12:28:48.678,0.97625,0.97634,1.12,1.00
2016.09.21 12:28:48.781,0.97626,0.97635,1.00,1.12
2016.09.21 12:28:48.833,0.97626,0.97635,1.00,1.12
2016.09.21 12:28:48.987,0.97627,0.97637,1.12,2.25
2016.09.21 12:28:49.038,0.97627,0.97637,1.12,1.12
2016.09.21 12:28:49.994,0.97627,0.97637,1.50,1.00
2016.09.21 12:28:50.392,0.97627,0.97637,2.25,1.00
2016.09.21 12:28:50.889,0.97627,0.97637,1.50,1.00
2016.09.21 12:28:51.144,0.97627,0.97637,2.25,1.00
2016.09.21 12:28:51.247,0.97627,0.97637,1.50,1.00
2016.09.21 12:28:52.006,0.97627,0.97637,1.50,1.00
2016.09.21 12:28:52.258,0.97628,0.97638,1.87,1.50
2016.09.21 12:28:53.598,0.97628,0.97637,1.12,1.00
2016.09.21 12:28:53.995,0.97628,0.97638,1.87,1.50
2016.09.21 12:28:54.310,0.97628,0.97638,1.12,1.50
2016.09.21 12:28:54.401,0.97628,0.97638,1.12,1.12
2016.09.21 12:28:54.555,0.97627,0.97637,2.25,1.00
2016.09.21 12:28:56.814,0.97627,0.97637,1.50,1.00
2016.09.21 12:28:57.018,0.97627,0.97637,1.12,1.12
2016.09.21 12:28:57.295,0.97627,0.97637,1.12,2.25
2016.09.21 12:28:57.398,0.97626,0.97636,1.50,1.87
2016.09.21 12:28:57.449,0.97626,0.97636,1.12,1.87
2016.09.21 12:28:57.501,0.97626,0.97636,1.12,1.12
2016.09.21 12:28:58.713,0.97625,0.97635,2.25,1.00
2016.09.21 12:28:59.787,0.97625,0.97635,1.50,1.00
2016.09.21 12:29:00.491,0.97624,0.97634,1.75,1.50
2016.09.21 12:29:00.593,0.97624,0.97634,1.50,1.12
2016.09.21 12:29:00.644,0.97624,0.97634,1.12,1.12
2016.09.21 12:29:00.798,0.97624,0.97634,1.12,1.87
2016.09.21 12:29:01.077,0.97623,0.97633,1.50,1.00
2016.09.21 12:29:01.129,0.97623,0.97632,1.50,1.00
2016.09.21 12:29:01.180,0.97622,0.97631,1.50,1.12
2016.09.21 12:29:01.233,0.9762,0.97631,2.25,1.12
2016.09.21 12:29:01.285,0.9762,0.97631,2.25,1.00
2016.09.21 12:29:01.337,0.9762,0.97631,2.25,1.12
2016.09.21 12:29:01.389,0.97621,0.97632,1.12,1.50
2016.09.21 12:29:01.440,0.97621,0.97632,1.00,1.87
2016.09.21 12:29:01.593,0.97621,0.97632,1.00,1.87
2016.09.21 12:29:02.774,0.97621,0.97632,1.00,1.75
2016.09.21 12:29:03.157,0.97621,0.97632,1.00,2.66
2016.09.21 12:29:03.208,0.97621,0.9763,1.00,1.12
2016.09.21 12:29:03.510,0.9762,0.9763,1.00,2.25
2016.09.21 12:29:03.561,0.9762,0.97629,1.00,1.37
2016.09.21 12:29:03.613,0.9762,0.97628,1.00,1.50
2016.09.21 12:29:03.665,0.9762,0.97628,1.00,1.12
2016.09.21 12:29:03.717,0.9762,0.97629,1.00,1.50
2016.09.21 12:29:03.768,0.9762,0.97628,1.00,1.00
2016.09.21 12:29:04.125,0.97617,0.97628,2.25,1.00
2016.09.21 12:29:04.530,0.97617,0.97628,1.50,1.50
2016.09.21 12:29:04.582,0.97617,0.97627,1.50,1.00
2016.09.21 12:29:05.092,0.97617,0.97627,2.25,1.00
2016.09.21 12:29:06.927,0.97616,0.97626,4.50,1.87
2016.09.21 12:29:06.978,0.97616,0.97626,4.12,1.87
2016.09.21 12:29:07.029,0.97616,0.97626,4.12,1.12
2016.09.21 12:29:07.184,0.97616,0.97626,1.12,1.12
2016.09.21 12:29:07.236,0.97616,0.97626,1.87,1.12
2016.09.21 12:29:07.346,0.97618,0.97626,1.12,1.00
2016.09.21 12:29:07.398,0.97619,0.97628,1.00,1.00
2016.09.21 12:29:07.450,0.97619,0.97629,1.37,3.37
2016.09.21 12:29:07.501,0.97621,0.97629,1.00,2.25
2016.09.21 12:29:07.605,0.97621,0.97629,1.00,1.50
2016.09.21 12:29:07.657,0.97621,0.9763,1.00,1.12
2016.09.21 12:29:07.708,0.97623,0.97631,1.00,1.50
2016.09.21 12:29:07.759,0.97623,0.97631,2.25,1.00
2016.09.21 12:29:07.811,0.97624,0.97632,1.00,1.00
2016.09.21 12:29:07.864,0.97625,0.97632,3.00,1.00
2016.09.21 12:29:07.915,0.97625,0.97634,3.75,1.50
2016.09.21 12:29:07.966,0.97625,0.97634,4.50,1.50
2016.09.21 12:29:08.069,0.97626,0.97634,1.00,1.00
2016.09.21 12:29:08.122,0.97626,0.97634,1.12,1.00
2016.09.21 12:29:08.695,0.97626,0.97636,2.62,1.12
2016.09.21 12:29:08.746,0.97627,0.97636,1.00,1.12
2016.09.21 12:29:08.797,0.97627,0.97636,1.50,1.12
2016.09.21 12:29:08.959,0.97627,0.97636,2.25,1.12
2016.09.21 12:29:09.062,0.97627,0.97636,3.00,1.12
2016.09.21 12:29:09.113,0.97628,0.97637,1.00,1.00
2016.09.21 12:29:09.216,0.97627,0.97637,3.37,1.00
2016.09.21 12:29:09.267,0.97627,0.97637,4.12,1.00
2016.09.21 12:29:09.319,0.97629,0.97639,1.00,1.87
2016.09.21 12:29:09.370,0.97629,0.97638,1.00,1.00
2016.09.21 12:29:09.421,0.97629,0.97639,1.12,3.00
2016.09.21 12:29:09.523,0.97629,0.97639,1.12,2.62
2016.09.21 12:29:09.574,0.97629,0.97639,1.12,1.87
2016.09.21 12:29:09.626,0.97628,0.97638,1.50,1.50
2016.09.21 12:29:09.728,0.97628,0.97638,1.12,1.50
2016.09.21 12:29:09.833,0.97628,0.97638,1.87,1.50
2016.09.21 12:29:09.936,0.97628,0.97638,2.62,1.50
2016.09.21 12:29:10.141,0.97628,0.97638,5.25,1.50
2016.09.21 12:29:10.192,0.97628,0.97638,6.00,1.50
2016.09.21 12:29:10.448,0.97628,0.97638,6.75,1.50
2016.09.21 12:29:10.513,0.97628,0.97638,6.00,1.50
2016.09.21 12:29:10.962,0.97628,0.97638,6.75,1.50
2016.09.21 12:29:12.494,0.97628,0.97638,6.00,1.50
2016.09.21 12:29:12.545,0.97628,0.97638,6.00,2.25
2016.09.21 12:29:12.854,0.97628,0.97638,4.12,2.25
2016.09.21 12:29:12.981,0.97628,0.97638,3.37,2.25
2016.09.21 12:29:13.241,0.97628,0.97638,3.37,2.25
2016.09.21 12:29:13.294,0.97628,0.97638,3.37,1.87
2016.09.21 12:29:13.562,0.97628,0.97638,3.37,1.87
2016.09.21 12:29:13.613,0.97628,0.97638,3.37,2.25
2016.09.21 12:29:15.026,0.97628,0.97638,3.00,2.25
2016.09.21 12:29:15.077,0.97628,0.97638,2.62,2.25
2016.09.21 12:29:15.283,0.97628,0.97638,3.37,2.25
2016.09.21 12:29:15.385,0.97628,0.97638,2.62,2.25
2016.09.21 12:29:17.461,0.97628,0.97638,1.87,2.25
2016.09.21 12:29:17.513,0.97628,0.97638,1.12,1.87
2016.09.21 12:29:19.423,0.97628,0.97638,1.12,1.12
2016.09.21 12:29:20.345,0.97628,0.97638,1.12,1.12
2016.09.21 12:29:20.396,0.97627,0.97631,1.87,1.87
2016.09.21 12:29:20.447,0.97626,0.97631,3.37,2.06
2016.09.21 12:29:20.511,0.97597,0.97608,17.81,1.00
2016.09.21 12:29:20.563,0.97599,0.97607,1.87,1.00
2016.09.21 12:29:20.614,0.97605,0.97609,1.00,1.69
2016.09.21 12:29:20.666,0.97605,0.97609,1.00,1.00
2016.09.21 12:29:20.718,0.97601,0.97605,1.12,1.00
2016.09.21 12:29:20.769,0.976,0.97604,1.00,1.12
2016.09.21 12:29:20.820,0.97595,0.97601,2.25,1.37
2016.09.21 12:29:20.872,0.97597,0.97603,1.12,4.12
2016.09.21 12:29:20.923,0.97593,0.97598,1.12,1.37
2016.09.21 12:29:21.027,0.97592,0.97597,1.72,1.37
2016.09.21 12:29:21.079,0.97591,0.97597,3.60,1.37
2016.09.21 12:29:21.131,0.97591,0.97599,3.97,1.37
2016.09.21 12:29:21.183,0.97592,0.97599,1.35,1.37
2016.09.21 12:29:21.234,0.97592,0.97599,1.72,1.00
2016.09.21 12:29:21.286,0.97592,0.976,1.72,1.37
2016.09.21 12:29:21.389,0.97592,0.97601,1.12,1.37
2016.09.21 12:29:21.493,0.97591,0.97601,5.21,1.37
2016.09.21 12:29:21.544,0.97591,0.97601,5.77,1.37
2016.09.21 12:29:21.596,0.97591,0.97601,4.12,1.37
2016.09.21 12:29:21.648,0.97591,0.97601,3.37,1.37
2016.09.21 12:29:21.699,0.97591,0.97599,1.87,1.37
2016.09.21 12:29:21.819,0.97591,0.97599,1.12,1.37
2016.09.21 12:29:21.872,0.97591,0.97599,1.00,1.37
2016.09.21 12:29:22.181,0.97589,0.97599,4.87,1.37
2016.09.21 12:29:22.284,0.97589,0.97599,2.62,1.37
2016.09.21 12:29:22.335,0.97589,0.97599,2.62,1.12
2016.09.21 12:29:22.387,0.97589,0.97598,3.37,1.37
2016.09.21 12:29:22.617,0.97589,0.97598,2.62,1.37
2016.09.21 12:29:22.669,0.97589,0.97598,1.87,1.00
2016.09.21 12:29:22.721,0.97589,0.97599,1.87,1.37
2016.09.21 12:29:22.772,0.97589,0.97598,1.12,1.12
2016.09.21 12:29:22.824,0.97588,0.97598,1.87,1.87
2016.09.21 12:29:22.927,0.97588,0.97598,1.37,1.87
2016.09.21 12:29:23.184,0.97588,0.97598,1.87,1.37
2016.09.21 12:29:23.287,0.97588,0.97598,1.37,1.37
2016.09.21 12:29:23.599,0.97588,0.97598,1.37,1.37
2016.09.21 12:29:23.805,0.97587,0.97598,1.87,1.37
2016.09.21 12:29:23.857,0.97587,0.97598,2.25,1.37
2016.09.21 12:29:24.111,0.97587,0.97598,3.00,1.37
2016.09.21 12:29:24.723,0.97588,0.97598,1.37,1.37
2016.09.21 12:29:25.863,0.97589,0.97598,1.00,1.37
2016.09.21 12:29:25.914,0.97592,0.97598,3.04,1.37
2016.09.21 12:29:26.016,0.97598,0.97602,1.00,1.00
2016.09.21 12:29:26.067,0.97597,0.97603,1.75,1.00
2016.09.21 12:29:26.119,0.97597,0.97603,2.25,1.00
2016.09.21 12:29:26.170,0.97598,0.97603,1.50,1.00
2016.09.21 12:29:26.222,0.97598,0.97606,1.50,1.00
2016.09.21 12:29:26.528,0.97598,0.97607,1.50,2.25
2016.09.21 12:29:28.001,0.97598,0.97608,1.50,3.37
2016.09.21 12:29:28.773,0.97597,0.97607,2.25,1.12
2016.09.21 12:29:28.875,0.97598,0.97608,1.50,3.37
2016.09.21 12:29:28.977,0.97598,0.97607,1.50,1.12
2016.09.21 12:29:29.137,0.97596,0.97606,1.75,1.87
2016.09.21 12:29:29.189,0.97597,0.97606,1.00,2.62
2016.09.21 12:29:29.241,0.97597,0.97605,1.00,1.12
2016.09.21 12:29:29.294,0.97596,0.97605,1.50,1.12
2016.09.21 12:29:29.805,0.97596,0.97604,1.50,1.50
2016.09.21 12:29:29.874,0.97596,0.97604,1.50,2.25
2016.09.21 12:29:29.925,0.97595,0.97604,1.75,2.62
2016.09.21 12:29:31.071,0.97595,0.97604,1.75,1.87
2016.09.21 12:29:31.123,0.97595,0.97604,1.75,1.37
2016.09.21 12:29:32.048,0.97596,0.97604,1.50,1.37
2016.09.21 12:29:32.865,0.97594,0.97601,2.25,1.00
2016.09.21 12:29:32.916,0.97594,0.97599,1.00,1.72
2016.09.21 12:29:32.967,0.97589,0.97593,2.25,1.00
2016.09.21 12:29:33.040,0.97589,0.97594,1.00,1.50
2016.09.21 12:29:33.097,0.97589,0.97596,1.00,2.25
2016.09.21 12:29:33.148,0.97589,0.97594,1.00,1.12
2016.09.21 12:29:33.200,0.97583,0.97593,1.50,1.37
2016.09.21 12:29:33.252,0.97583,0.97591,1.50,1.87
2016.09.21 12:29:33.304,0.97581,0.97591,1.87,2.25
2016.09.21 12:29:33.356,0.97581,0.97589,1.87,1.87
2016.09.21 12:29:33.407,0.97582,0.97589,1.00,2.25
2016.09.21 12:29:33.458,0.97582,0.97589,1.00,3.00
2016.09.21 12:29:33.983,0.97579,0.97589,1.12,3.00
2016.09.21 12:29:34.034,0.97579,0.97589,1.12,2.25
2016.09.21 12:29:34.137,0.9758,0.97589,1.00,1.50
2016.09.21 12:29:34.188,0.9758,0.97589,1.12,1.37
2016.09.21 12:29:34.700,0.9758,0.97589,1.00,1.37
2016.09.21 12:29:35.887,0.9758,0.97587,1.00,2.10
2016.09.21 12:29:35.939,0.97577,0.97581,1.00,2.25
2016.09.21 12:29:35.992,0.97573,0.97578,1.00,1.12
2016.09.21 12:29:36.044,0.9757,0.97576,1.75,1.00
2016.09.21 12:29:36.095,0.9757,0.97576,1.00,1.87
2016.09.21 12:29:36.198,0.97571,0.97576,1.00,1.50
2016.09.21 12:29:36.250,0.97571,0.97578,1.00,2.62
2016.09.21 12:29:36.353,0.97572,0.97578,1.00,1.37
2016.09.21 12:29:36.404,0.97572,0.97578,3.37,1.87
2016.09.21 12:29:36.456,0.97573,0.97578,1.00,1.50
2016.09.21 12:29:36.507,0.97574,0.97581,1.00,1.87
2016.09.21 12:29:36.558,0.97574,0.97581,1.00,1.50
2016.09.21 12:29:36.610,0.97575,0.97581,1.00,1.50
2016.09.21 12:29:36.713,0.97575,0.97581,2.62,1.00
2016.09.21 12:29:36.766,0.97576,0.97581,1.00,1.00
2016.09.21 12:29:36.817,0.97576,0.97582,1.50,1.00
2016.09.21 12:29:36.869,0.97577,0.97582,1.12,1.00
2016.09.21 12:29:36.920,0.97577,0.97582,1.50,1.00
2016.09.21 12:29:37.229,0.97577,0.97587,1.12,1.50
2016.09.21 12:29:37.382,0.97577,0.97587,1.12,1.69
2016.09.21 12:29:37.434,0.97577,0.97586,1.00,1.87
2016.09.21 12:29:37.524,0.97575,0.97584,1.00,1.00
2016.09.21 12:29:37.580,0.97574,0.97584,1.50,1.12
2016.09.21 12:29:37.632,0.97574,0.97584,1.50,1.50
2016.09.21 12:29:37.684,0.97573,0.97584,1.75,1.69
2016.09.21 12:29:37.737,0.97572,0.97583,3.00,1.00
2016.09.21 12:29:37.840,0.97572,0.97583,2.62,1.50
2016.09.21 12:29:37.892,0.97572,0.97583,1.87,2.25
2016.09.21 12:29:37.996,0.97572,0.97583,2.25,2.25
2016.09.21 12:29:38.047,0.97573,0.97583,1.12,1.00
2016.09.21 12:29:38.150,0.97573,0.97583,1.87,1.00
2016.09.21 12:29:38.201,0.97574,0.97584,1.00,1.37
2016.09.21 12:29:38.253,0.97574,0.97584,1.50,1.37
2016.09.21 12:29:38.367,0.97576,0.97586,1.00,2.62
2016.09.21 12:29:38.418,0.97576,0.97586,1.12,2.25
2016.09.21 12:29:38.928,0.97576,0.97586,1.12,1.50
2016.09.21 12:29:39.183,0.97576,0.97586,1.87,2.25
2016.09.21 12:29:39.296,0.97577,0.97587,1.00,2.25
2016.09.21 12:29:39.504,0.97577,0.97587,1.00,3.00
2016.09.21 12:29:39.555,0.97577,0.97587,1.00,3.75
2016.09.21 12:29:40.015,0.97577,0.97587,1.00,3.75
2016.09.21 12:29:40.066,0.97576,0.97587,1.87,3.00
2016.09.21 12:29:40.118,0.97576,0.97587,2.62,3.00
2016.09.21 12:29:40.217,0.97576,0.97587,3.00,2.62
2016.09.21 12:29:40.270,0.97576,0.97587,3.00,2.25
2016.09.21 12:29:40.487,0.97577,0.97587,1.87,1.50
2016.09.21 12:29:40.538,0.97577,0.97587,1.87,1.00
2016.09.21 12:29:40.795,0.97577,0.97587,2.62,1.00
2016.09.21 12:29:40.938,0.97578,0.97587,1.00,1.00
2016.09.21 12:29:41.054,0.97578,0.97588,1.87,1.12
2016.09.21 12:29:41.159,0.97578,0.97588,2.62,1.12
2016.09.21 12:29:41.210,0.97578,0.97588,1.87,1.12
2016.09.21 12:29:41.261,0.97578,0.97589,1.12,1.87
2016.09.21 12:29:41.516,0.97578,0.97589,1.87,1.87
2016.09.21 12:29:41.668,0.97579,0.97589,1.50,1.87
2016.09.21 12:29:41.719,0.97579,0.97589,2.25,1.87
2016.09.21 12:29:41.821,0.97579,0.97589,1.50,1.87
2016.09.21 12:29:42.031,0.97579,0.97589,1.87,1.12
2016.09.21 12:29:42.134,0.97579,0.97589,1.87,1.50
2016.09.21 12:29:42.491,0.97579,0.97589,1.87,1.87
2016.09.21 12:29:42.594,0.97579,0.97588,1.12,1.12
2016.09.21 12:29:42.646,0.97578,0.97588,1.50,1.12
2016.09.21 12:29:42.697,0.97578,0.97588,1.50,1.12
2016.09.21 12:29:42.748,0.97578,0.97588,1.12,1.50
2016.09.21 12:29:42.799,0.97571,0.97576,4.12,2.10
2016.09.21 12:29:42.851,0.97574,0.97578,1.00,2.29
2016.09.21 12:29:42.902,0.9756,0.97568,1.00,1.00
2016.09.21 12:29:43.013,0.97562,0.97568,1.75,1.87
2016.09.21 12:29:43.064,0.97562,0.97568,1.75,1.87
2016.09.21 12:29:43.116,0.97562,0.97566,1.00,1.50
2016.09.21 12:29:43.167,0.97561,0.97568,1.00,1.75
2016.09.21 12:29:43.218,0.97563,0.97568,1.00,1.50
2016.09.21 12:29:43.270,0.97563,0.97569,1.00,1.87
2016.09.21 12:29:43.321,0.97559,0.97569,1.00,1.87
2016.09.21 12:29:43.373,0.97559,0.9757,1.50,1.75
2016.09.21 12:29:43.424,0.9756,0.97569,2.25,1.00
2016.09.21 12:29:43.476,0.97561,0.97569,1.00,1.00
2016.09.21 12:29:43.527,0.97561,0.9757,2.62,1.00
2016.09.21 12:29:43.579,0.97562,0.9757,1.50,1.00
2016.09.21 12:29:43.630,0.97563,0.9757,1.00,1.00
2016.09.21 12:29:43.845,0.97567,0.97571,1.50,1.00
2016.09.21 12:29:43.903,0.9757,0.97576,8.25,1.75
2016.09.21 12:29:43.957,0.97569,0.97575,1.00,1.00
2016.09.21 12:29:44.009,0.97568,0.97575,3.00,1.00
2016.09.21 12:29:44.166,0.97568,0.97575,1.50,1.00
2016.09.21 12:29:44.268,0.97568,0.97579,1.50,1.50
2016.09.21 12:29:44.319,0.97569,0.97579,1.50,1.12
2016.09.21 12:29:45.074,0.97569,0.9758,1.50,3.75
2016.09.21 12:29:45.126,0.97569,0.9758,1.50,1.50
2016.09.21 12:29:45.330,0.97569,0.9758,3.00,1.12
2016.09.21 12:29:45.381,0.9757,0.9758,1.50,1.12
2016.09.21 12:29:45.433,0.9757,0.97579,1.50,1.00
2016.09.21 12:29:45.611,0.97571,0.97579,1.12,1.00
2016.09.21 12:29:45.726,0.97569,0.97579,1.75,1.00
2016.09.21 12:29:45.930,0.97569,0.97579,2.25,1.00
2016.09.21 12:29:46.134,0.97569,0.97579,1.75,1.00
2016.09.21 12:29:46.236,0.97569,0.97579,2.25,1.00
2016.09.21 12:29:46.594,0.97569,0.97579,1.75,1.00
2016.09.21 12:29:47.012,0.9757,0.97579,1.00,1.00
2016.09.21 12:29:47.063,0.97569,0.97579,1.50,1.00
2016.09.21 12:29:47.725,0.97568,0.97579,2.25,1.00
2016.09.21 12:29:47.913,0.97569,0.97579,1.50,1.00
2016.09.21 12:29:48.118,0.97569,0.97579,1.12,1.37
2016.09.21 12:29:48.169,0.97568,0.97579,2.62,1.50
2016.09.21 12:29:48.272,0.97569,0.97579,1.00,1.50
2016.09.21 12:29:48.477,0.97569,0.9758,1.50,1.12
2016.09.21 12:29:48.528,0.97569,0.97581,2.62,2.25
2016.09.21 12:29:48.631,0.9757,0.97581,1.50,2.25
2016.09.21 12:29:48.682,0.9757,0.97582,1.50,4.69
2016.09.21 12:29:48.839,0.9757,0.97582,2.25,3.75
2016.09.21 12:29:48.942,0.9757,0.97582,1.50,3.00
2016.09.21 12:29:49.044,0.97569,0.97581,1.75,1.50
2016.09.21 12:29:49.147,0.97568,0.97581,2.25,1.50
2016.09.21 12:29:49.351,0.97568,0.97581,2.25,1.50
2016.09.21 12:29:49.402,0.97568,0.9758,1.75,1.00
2016.09.21 12:29:49.453,0.97568,0.97579,1.50,1.12
2016.09.21 12:29:49.504,0.97567,0.97579,2.25,1.87
2016.09.21 12:29:49.555,0.97567,0.97578,1.75,1.12
2016.09.21 12:29:49.657,0.97566,0.97578,3.75,1.12
2016.09.21 12:29:50.064,0.97566,0.97578,3.00,1.12
2016.09.21 12:29:50.166,0.97566,0.97578,3.75,1.12
2016.09.21 12:29:50.544,0.97566,0.97578,2.25,1.50
2016.09.21 12:29:50.647,0.97566,0.97578,2.25,2.25
2016.09.21 12:29:50.749,0.97566,0.97578,2.25,2.25
2016.09.21 12:29:50.953,0.97566,0.97578,2.25,1.50
2016.09.21 12:29:51.350,0.97566,0.97578,3.00,1.50
2016.09.21 12:29:51.452,0.97566,0.97578,2.25,1.50
2016.09.21 12:29:51.503,0.97566,0.97578,2.62,1.12
2016.09.21 12:29:51.554,0.97566,0.97578,3.37,1.12
2016.09.21 12:29:51.860,0.97568,0.97579,1.12,2.25
2016.09.21 12:29:51.962,0.97568,0.97579,1.87,2.25
2016.09.21 12:29:52.014,0.97568,0.97579,1.87,2.25
2016.09.21 12:29:52.111,0.97568,0.97579,2.62,1.50
2016.09.21 12:29:52.164,0.97568,0.97579,2.25,2.25
2016.09.21 12:29:52.369,0.97568,0.97579,1.75,1.50
2016.09.21 12:29:52.471,0.97568,0.97579,1.75,2.25
2016.09.21 12:29:52.776,0.97568,0.97579,1.75,2.25
2016.09.21 12:29:52.827,0.97568,0.97579,1.75,1.50
2016.09.21 12:29:52.878,0.97568,0.9758,1.75,3.75
2016.09.21 12:29:52.992,0.97568,0.9758,2.25,3.75
2016.09.21 12:29:53.043,0.97568,0.9758,1.75,3.75
2016.09.21 12:29:54.097,0.97568,0.9758,1.75,3.00
2016.09.21 12:29:54.149,0.97568,0.9758,1.75,2.25
2016.09.21 12:29:54.775,0.97568,0.9758,1.75,2.25
2016.09.21 12:29:54.877,0.97568,0.97579,1.50,1.37
2016.09.21 12:29:55.071,0.97567,0.97578,1.75,1.12
2016.09.21 12:29:55.122,0.97566,0.97578,2.25,1.12
2016.09.21 12:29:55.174,0.97567,0.97579,1.00,2.25
2016.09.21 12:29:55.225,0.97567,0.97578,1.00,1.12
2016.09.21 12:29:55.277,0.97566,0.97578,1.50,3.37
2016.09.21 12:29:55.328,0.97566,0.97578,1.00,3.37
2016.09.21 12:29:55.380,0.97566,0.97577,1.00,1.00
2016.09.21 12:29:55.831,0.97566,0.97577,1.00,1.00
2016.09.21 12:29:56.508,0.97566,0.97577,1.00,1.00
2016.09.21 12:29:56.615,0.97566,0.97577,1.50,1.00
2016.09.21 12:29:57.733,0.97566,0.97577,1.00,1.00
2016.09.21 12:29:57.827,0.97565,0.97576,1.00,1.00
2016.09.21 12:29:58.236,0.97564,0.97576,1.50,1.00
2016.09.21 12:29:58.288,0.97564,0.97576,1.00,1.00
2016.09.21 12:29:58.391,0.97563,0.97575,2.25,1.00
2016.09.21 12:29:58.442,0.97563,0.97575,2.25,1.12
2016.09.21 12:29:58.493,0.97565,0.97576,1.00,1.37
2016.09.21 12:29:58.545,0.97564,0.97576,1.00,1.87
2016.09.21 12:29:59.038,0.97564,0.97576,1.00,2.25
2016.09.21 12:29:59.090,0.97563,0.97573,1.00,1.69
2016.09.21 12:29:59.141,0.97563,0.97573,1.00,2.62
2016.09.21 12:29:59.192,0.97563,0.97573,1.00,3.75
2016.09.21 12:29:59.244,0.97563,0.97572,1.00,2.62
2016.09.21 12:29:59.295,0.9756,0.97572,2.25,3.37
2016.09.21 12:29:59.346,0.97558,0.9757,2.25,1.00
2016.09.21 12:29:59.398,0.97558,0.9757,1.50,1.00
2016.09.21 12:29:59.512,0.97558,0.97569,1.00,1.12
2016.09.21 12:29:59.768,0.97558,0.9757,2.25,1.87
2016.09.21 12:29:59.921,0.97559,0.9757,1.00,1.87
2016.09.21 12:30:00.417,0.97562,0.9757,1.00,1.87
2016.09.21 12:30:00.468,0.97562,0.9757,1.87,1.37
2016.09.21 12:30:00.520,0.97566,0.97572,1.00,1.00
2016.09.21 12:30:00.571,0.97566,0.97573,1.50,1.00
2016.09.21 12:30:00.675,0.97568,0.97573,1.00,1.00
2016.09.21 12:30:00.727,0.97568,0.97576,1.00,1.12
2016.09.21 12:30:00.779,0.97568,0.97576,1.00,1.00
2016.09.21 12:30:00.830,0.97568,0.97576,2.25,1.00
2016.09.21 12:30:00.881,0.97569,0.97579,1.00,1.50
2016.09.21 12:30:00.998,0.97567,0.97575,1.00,1.00
2016.09.21 12:30:01.411,0.97566,0.97574,3.75,1.00
2016.09.21 12:30:01.702,0.97566,0.97579,4.50,1.25
2016.09.21 12:30:01.757,0.97568,0.97579,1.50,1.00
2016.09.21 12:30:01.861,0.97567,0.97579,2.25,1.00
2016.09.21 12:30:01.964,0.97567,0.97579,1.50,1.00
2016.09.21 12:30:02.174,0.97566,0.97578,1.50,1.87
2016.09.21 12:30:02.313,0.97566,0.97578,2.25,1.87
2016.09.21 12:30:02.364,0.97566,0.97578,1.50,1.87
2016.09.21 12:30:02.416,0.97566,0.97576,1.50,1.37
2016.09.21 12:30:02.519,0.97566,0.97576,1.00,1.37
2016.09.21 12:30:02.777,0.97565,0.97576,3.00,1.37
2016.09.21 12:30:02.828,0.97565,0.97576,3.00,1.37
2016.09.21 12:30:03.078,0.97565,0.97577,2.25,1.37
2016.09.21 12:30:03.129,0.97565,0.97577,1.50,1.37
2016.09.21 12:30:04.001,0.97565,0.97577,1.00,1.37
2016.09.21 12:30:04.053,0.97565,0.97571,1.00,4.54
2016.09.21 12:30:04.104,0.97565,0.9757,1.00,1.69
2016.09.21 12:30:04.156,0.97564,0.97569,1.00,1.87
2016.09.21 12:30:04.258,0.97564,0.97573,1.00,1.75
2016.09.21 12:30:04.309,0.97564,0.9757,1.00,1.50
2016.09.21 12:30:04.361,0.97563,0.97567,1.00,1.12
2016.09.21 12:30:04.412,0.97563,0.97567,1.00,1.00
2016.09.21 12:30:04.464,0.97547,0.97555,1.00,1.00
2016.09.21 12:30:04.515,0.9755,0.97555,1.37,1.00
2016.09.21 12:30:04.567,0.9755,0.97558,1.37,1.19
2016.09.21 12:30:04.619,0.97547,0.97558,1.37,1.19
2016.09.21 12:30:04.671,0.97547,0.97556,1.37,1.00
2016.09.21 12:30:04.739,0.97547,0.97556,1.37,1.00
2016.09.21 12:30:04.791,0.97547,0.97553,1.87,1.00
2016.09.21 12:30:04.842,0.97546,0.97553,3.00,1.00
2016.09.21 12:30:04.893,0.97546,0.97556,5.25,1.00
2016.09.21 12:30:04.945,0.97547,0.97556,1.37,1.00
2016.09.21 12:30:04.996,0.97551,0.97557,1.25,1.00
2016.09.21 12:30:05.048,0.97551,0.97557,1.25,1.00
2016.09.21 12:30:05.099,0.9755,0.97558,1.00,1.00
2016.09.21 12:30:05.151,0.97553,0.97558,1.00,1.00
2016.09.21 12:30:05.255,0.97549,0.97558,1.12,1.00
2016.09.21 12:30:05.307,0.97549,0.97559,1.87,1.00
2016.09.21 12:30:05.359,0.9755,0.97561,1.87,1.50
2016.09.21 12:30:05.492,0.9755,0.97561,2.62,1.50
2016.09.21 12:30:05.557,0.97551,0.97562,1.12,2.62
2016.09.21 12:30:05.660,0.97551,0.97562,1.87,2.62
2016.09.21 12:30:05.762,0.97551,0.97562,1.12,2.62
2016.09.21 12:30:06.450,0.97551,0.97562,1.87,2.62
2016.09.21 12:30:06.552,0.97551,0.97562,1.87,1.87
2016.09.21 12:30:06.603,0.97551,0.97562,1.87,1.12
2016.09.21 12:30:06.723,0.97551,0.97562,1.12,1.12
2016.09.21 12:30:06.928,0.97551,0.97562,1.87,1.12
2016.09.21 12:30:07.328,0.97551,0.97562,1.87,1.50
2016.09.21 12:30:07.379,0.97551,0.97562,1.12,1.50
2016.09.21 12:30:07.430,0.97551,0.97562,1.12,1.87
2016.09.21 12:30:07.533,0.97551,0.97562,1.12,3.37
2016.09.21 12:30:07.585,0.97551,0.97561,1.50,1.50
2016.09.21 12:30:07.636,0.97551,0.9756,1.00,1.00
2016.09.21 12:30:07.688,0.9755,0.9756,3.37,1.00
2016.09.21 12:30:07.739,0.9755,0.97561,3.37,1.87
2016.09.21 12:30:07.791,0.9755,0.97559,1.87,1.00
2016.09.21 12:30:07.842,0.97549,0.97559,3.75,1.00
2016.09.21 12:30:07.893,0.9755,0.9756,1.00,2.62
2016.09.21 12:30:07.945,0.9755,0.9756,1.00,3.00
2016.09.21 12:30:08.067,0.97549,0.97558,1.50,1.12
2016.09.21 12:30:08.118,0.97549,0.97558,1.50,1.37
2016.09.21 12:30:08.169,0.97549,0.97558,1.50,2.25
2016.09.21 12:30:08.220,0.97549,0.97558,1.12,3.00
2016.09.21 12:30:08.271,0.97548,0.97557,1.50,1.12
2016.09.21 12:30:08.374,0.97548,0.97557,1.00,1.12
2016.09.21 12:30:08.476,0.97548,0.97555,1.00,1.12
2016.09.21 12:30:08.579,0.97547,0.97554,1.50,1.00
2016.09.21 12:30:08.682,0.97545,0.97553,1.87,1.50
2016.09.21 12:30:08.733,0.97545,0.97551,1.37,1.12
2016.09.21 12:30:08.785,0.97544,0.9755,1.87,1.37
2016.09.21 12:30:08.837,0.97544,0.9755,1.37,1.50
2016.09.21 12:30:08.930,0.97541,0.97546,1.37,1.00
2016.09.21 12:30:08.982,0.97541,0.97546,1.12,1.00
2016.09.21 12:30:09.034,0.97541,0.97546,1.00,1.00
2016.09.21 12:30:09.189,0.97541,0.97547,1.00,1.50
2016.09.21 12:30:09.241,0.97541,0.97547,1.00,1.37
2016.09.21 12:30:09.343,0.97541,0.97547,1.00,1.37
2016.09.21 12:30:09.445,0.97541,0.97548,1.00,3.00
2016.09.21 12:30:09.497,0.97541,0.97548,1.00,2.25
2016.09.21 12:30:09.548,0.97541,0.97548,1.00,1.87
2016.09.21 12:30:09.599,0.97537,0.97548,2.62,1.87
2016.09.21 12:30:09.650,0.97537,0.97545,1.87,2.62
2016.09.21 12:30:09.701,0.97536,0.97543,1.37,1.00
2016.09.21 12:30:09.753,0.97536,0.97542,1.37,1.00
2016.09.21 12:30:09.856,0.97533,0.97541,1.12,1.12
2016.09.21 12:30:09.908,0.9753,0.97535,1.87,1.00
2016.09.21 12:30:09.960,0.9753,0.97535,1.37,1.00
2016.09.21 12:30:10.012,0.97531,0.97537,1.00,1.12
2016.09.21 12:30:10.063,0.97531,0.97539,1.00,1.75
2016.09.21 12:30:10.114,0.97533,0.97537,1.00,1.00
2016.09.21 12:30:10.166,0.97533,0.97539,1.00,1.00
2016.09.21 12:30:10.269,0.97533,0.97541,1.00,1.12
2016.09.21 12:30:10.321,0.97533,0.97541,1.00,1.00
2016.09.21 12:30:10.372,0.9753,0.97541,2.62,1.00
2016.09.21 12:30:10.423,0.97531,0.97541,1.50,1.00
2016.09.21 12:30:10.475,0.97531,0.97542,2.25,1.50
2016.09.21 12:30:10.527,0.97533,0.97542,1.00,1.12
2016.09.21 12:30:10.578,0.97536,0.97544,3.94,1.50
2016.09.21 12:30:10.680,0.97542,0.97547,1.00,1.37
2016.09.21 12:30:10.733,0.97542,0.97547,2.25,1.37
2016.09.21 12:30:10.786,0.97547,0.97551,1.50,3.75
2016.09.21 12:30:10.837,0.97549,0.97553,3.37,1.12
2016.09.21 12:30:10.908,0.97551,0.97555,1.50,1.00
2016.09.21 12:30:10.959,0.97551,0.97558,2.62,2.62
2016.09.21 12:30:11.012,0.97551,0.97559,1.87,1.00
2016.09.21 12:30:11.063,0.97557,0.97561,1.50,1.50
2016.09.21 12:30:11.114,0.97557,0.97562,1.50,1.50
2016.09.21 12:30:11.166,0.97558,0.97562,1.00,1.50
2016.09.21 12:30:11.217,0.97559,0.97565,1.87,1.00
2016.09.21 12:30:11.268,0.9756,0.97565,1.50,1.00
2016.09.21 12:30:11.348,0.97564,0.9757,1.00,1.37
2016.09.21 12:30:11.399,0.97564,0.97573,1.50,1.37
2016.09.21 12:30:11.451,0.97564,0.97574,2.25,1.87
2016.09.21 12:30:11.503,0.97564,0.97574,3.00,1.50
2016.09.21 12:30:11.554,0.97564,0.97574,3.75,1.12
2016.09.21 12:30:11.606,0.97564,0.97573,7.12,1.00
2016.09.21 12:30:11.657,0.97564,0.97573,8.25,1.00
2016.09.21 12:30:11.709,0.97565,0.97573,1.75,1.00
2016.09.21 12:30:11.760,0.97566,0.97573,1.50,1.00
2016.09.21 12:30:11.811,0.97567,0.97573,1.00,1.00
2016.09.21 12:30:11.862,0.97566,0.97573,2.62,1.00
2016.09.21 12:30:11.914,0.97568,0.97573,1.00,1.00
2016.09.21 12:30:11.965,0.97566,0.97573,4.87,1.00
2016.09.21 12:30:12.227,0.97567,0.97574,1.75,1.00
2016.09.21 12:30:12.278,0.97567,0.97578,1.75,1.00
2016.09.21 12:30:12.584,0.97567,0.97579,2.25,1.00
2016.09.21 12:30:12.637,0.97569,0.97579,1.37,1.00
2016.09.21 12:30:12.739,0.97569,0.97577,1.37,1.00
2016.09.21 12:30:12.791,0.97568,0.97577,1.87,2.25
2016.09.21 12:30:12.857,0.97568,0.97574,1.87,1.87
2016.09.21 12:30:12.999,0.97568,0.97572,1.50,3.19
2016.09.21 12:30:13.050,0.97566,0.9757,1.12,1.00
2016.09.21 12:30:13.102,0.97564,0.97568,1.12,1.00
2016.09.21 12:30:13.204,0.9756,0.97569,1.75,1.00
2016.09.21 12:30:13.256,0.9756,0.97569,1.75,1.00
2016.09.21 12:30:13.307,0.9756,0.97569,1.75,1.12
2016.09.21 12:30:14.029,0.97559,0.97569,1.75,1.12
2016.09.21 12:30:14.387,0.97559,0.97569,1.50,1.87
2016.09.21 12:30:14.439,0.97558,0.97568,1.75,1.12
2016.09.21 12:30:14.593,0.97557,0.97567,2.62,1.00
2016.09.21 12:30:14.645,0.97557,0.97567,1.87,1.00
2016.09.21 12:30:14.697,0.97556,0.97566,3.37,1.00
2016.09.21 12:30:14.749,0.97556,0.97566,2.62,1.00
2016.09.21 12:30:14.801,0.97557,0.97566,1.37,1.00
2016.09.21 12:30:14.903,0.97557,0.97566,1.37,1.00
2016.09.21 12:30:14.954,0.97557,0.97566,1.87,1.00
2016.09.21 12:30:15.053,0.97557,0.97567,2.25,1.00
2016.09.21 12:30:15.667,0.97557,0.97567,2.25,1.12
2016.09.21 12:30:15.718,0.97559,0.97564,1.00,1.69
2016.09.21 12:30:15.770,0.97557,0.97564,2.25,3.56
2016.09.21 12:30:15.821,0.97557,0.97562,1.12,1.00
2016.09.21 12:30:15.923,0.97554,0.97561,1.75,1.00
2016.09.21 12:30:16.025,0.97554,0.97561,1.50,1.00
2016.09.21 12:30:16.382,0.97552,0.97561,1.75,1.00
2016.09.21 12:30:16.588,0.97552,0.97561,1.75,1.12
2016.09.21 12:30:16.639,0.97551,0.97561,2.25,1.12
2016.09.21 12:30:16.998,0.97551,0.97561,1.75,1.12
2016.09.21 12:30:17.203,0.97551,0.97561,1.75,1.00
2016.09.21 12:30:17.512,0.97552,0.97562,2.25,1.00
2016.09.21 12:30:17.563,0.97553,0.97562,1.50,1.00
2016.09.21 12:30:17.640,0.97553,0.97564,1.50,1.87
2016.09.21 12:30:17.693,0.97555,0.97564,1.75,1.50
2016.09.21 12:30:17.745,0.97556,0.97564,1.50,1.00
2016.09.21 12:30:17.797,0.97557,0.97565,2.25,1.50
2016.09.21 12:30:17.849,0.97558,0.97565,1.00,1.00
2016.09.21 12:30:17.901,0.9756,0.97569,1.00,1.00
2016.09.21 12:30:18.005,0.97561,0.9757,1.87,1.00
2016.09.21 12:30:18.056,0.97562,0.97571,1.00,3.75
2016.09.21 12:30:18.107,0.97562,0.97571,1.75,3.37
2016.09.21 12:30:18.575,0.97562,0.97571,1.75,2.62
2016.09.21 12:30:18.678,0.97562,0.97571,1.75,1.87
2016.09.21 12:30:18.781,0.97564,0.97571,1.50,1.12
2016.09.21 12:30:18.833,0.97564,0.97571,1.75,1.12
2016.09.21 12:30:18.885,0.97564,0.97572,1.75,4.69
2016.09.21 12:30:18.987,0.97564,0.97572,1.75,3.94
2016.09.21 12:30:19.102,0.97564,0.97572,1.75,4.69
2016.09.21 12:30:19.154,0.97564,0.97571,1.75,1.12
2016.09.21 12:30:19.806,0.97564,0.97571,2.62,1.00
2016.09.21 12:30:19.857,0.97569,0.97574,1.00,1.12
2016.09.21 12:30:19.908,0.97569,0.97576,1.50,1.00
2016.09.21 12:30:19.960,0.97569,0.97578,1.50,2.25
2016.09.21 12:30:20.011,0.9757,0.97578,1.75,1.00
2016.09.21 12:30:20.063,0.97571,0.97579,1.50,1.12
2016.09.21 12:30:20.114,0.97571,0.9758,1.75,1.00
2016.09.21 12:30:20.194,0.97571,0.97581,1.75,2.81
2016.09.21 12:30:20.246,0.97571,0.97581,1.75,2.06
2016.09.21 12:30:20.298,0.97571,0.97581,1.75,2.06
2016.09.21 12:30:20.400,0.97571,0.97581,1.75,2.44
2016.09.21 12:30:20.608,0.97571,0.97579,1.75,1.00
2016.09.21 12:30:22.807,0.97572,0.97579,1.75,1.00
2016.09.21 12:30:22.910,0.97574,0.97579,1.00,1.00
2016.09.21 12:30:22.999,0.97572,0.97579,1.75,1.00
2016.09.21 12:30:23.306,0.97572,0.97581,1.75,1.00
2016.09.21 12:30:23.818,0.97572,0.9758,1.75,1.00
2016.09.21 12:30:26.996,0.97572,0.97581,1.75,1.50
2016.09.21 12:30:27.105,0.97574,0.97583,1.75,1.87
2016.09.21 12:30:27.157,0.97576,0.97583,1.50,1.50
2016.09.21 12:30:27.208,0.97576,0.97583,2.25,2.25
2016.09.21 12:30:27.264,0.97576,0.97583,1.37,1.50
2016.09.21 12:30:27.345,0.97576,0.97584,1.37,1.00
2016.09.21 12:30:27.396,0.97577,0.97587,2.25,1.12
2016.09.21 12:30:27.447,0.97577,0.97587,3.37,1.12
2016.09.21 12:30:27.499,0.97579,0.97588,1.75,1.00
2016.09.21 12:30:27.550,0.97581,0.97588,1.00,1.00
2016.09.21 12:30:27.602,0.9758,0.9759,3.00,1.87
2016.09.21 12:30:27.653,0.97583,0.9759,1.00,1.87
2016.09.21 12:30:27.704,0.97583,0.9759,3.75,1.00
2016.09.21 12:30:27.756,0.97583,0.9759,4.50,1.00
2016.09.21 12:30:27.807,0.97583,0.97593,5.25,1.50
2016.09.21 12:30:27.859,0.97584,0.97593,4.12,1.50
2016.09.21 12:30:27.973,0.97586,0.97592,1.75,1.00
2016.09.21 12:30:28.024,0.97586,0.97596,1.75,1.00
2016.09.21 12:30:28.076,0.97586,0.97596,1.75,1.00
2016.09.21 12:30:28.127,0.97589,0.97596,1.00,1.00
2016.09.21 12:30:28.230,0.97591,0.97598,1.37,1.50
2016.09.21 12:30:28.281,0.97592,0.97598,1.12,1.00
2016.09.21 12:30:28.333,0.97593,0.976,1.50,1.87
2016.09.21 12:30:28.384,0.97593,0.976,1.50,1.00
2016.09.21 12:30:28.435,0.97593,0.97601,1.75,2.06
2016.09.21 12:30:28.487,0.97596,0.976,1.00,1.00
2016.09.21 12:30:28.538,0.97592,0.976,4.12,1.12
2016.09.21 12:30:28.589,0.97592,0.976,4.50,1.12
2016.09.21 12:30:28.641,0.97592,0.976,2.62,1.00
2016.09.21 12:30:28.880,0.97592,0.976,2.62,1.12
2016.09.21 12:30:29.034,0.97595,0.976,1.00,1.00
2016.09.21 12:30:29.136,0.97595,0.97602,2.25,1.00
2016.09.21 12:30:29.187,0.97596,0.97604,1.50,1.00
2016.09.21 12:30:29.239,0.97599,0.97604,1.00,1.00
2016.09.21 12:30:29.341,0.97597,0.97605,1.75,1.00
2016.09.21 12:30:29.444,0.97598,0.97606,3.75,1.00
2016.09.21 12:30:29.496,0.97601,0.97606,1.00,1.00
2016.09.21 12:30:29.547,0.97601,0.97606,1.00,1.00
2016.09.21 12:30:29.599,0.97601,0.97608,1.00,1.00
2016.09.21 12:30:29.651,0.976,0.97608,3.00,1.00
2016.09.21 12:30:29.948,0.976,0.97609,3.00,1.12
2016.09.21 12:30:30.051,0.976,0.97609,2.25,1.12
2016.09.21 12:30:30.205,0.97599,0.97609,1.75,1.87
2016.09.21 12:30:30.256,0.97599,0.97609,1.75,2.25
2016.09.21 12:30:30.307,0.97599,0.97609,1.75,2.25
2016.09.21 12:30:30.410,0.97599,0.97609,1.75,1.87
2016.09.21 12:30:30.512,0.97599,0.97609,1.75,1.12
2016.09.21 12:30:30.615,0.97599,0.97609,1.75,1.12
2016.09.21 12:30:30.781,0.97599,0.97609,1.75,1.12
2016.09.21 12:30:31.508,0.97599,0.97609,1.75,1.00
2016.09.21 12:30:31.560,0.97601,0.97609,1.00,1.00
2016.09.21 12:30:31.611,0.97599,0.97609,2.25,1.50
2016.09.21 12:30:32.385,0.97599,0.97609,3.00,1.00
2016.09.21 12:30:32.590,0.97599,0.9761,5.62,1.25
2016.09.21 12:30:32.641,0.97599,0.9761,6.37,1.25
2016.09.21 12:30:32.743,0.97599,0.9761,7.12,1.25
2016.09.21 12:30:33.487,0.97599,0.97607,5.62,1.00
2016.09.21 12:30:33.539,0.97599,0.97607,4.87,1.00
2016.09.21 12:30:33.591,0.97599,0.97604,2.25,1.00
2016.09.21 12:30:33.642,0.97596,0.97604,2.25,1.00
2016.09.21 12:30:33.693,0.97596,0.97603,1.75,1.00
2016.09.21 12:30:33.744,0.97594,0.97601,1.87,1.25
2016.09.21 12:30:33.796,0.97594,0.97599,1.87,1.00
2016.09.21 12:30:33.847,0.97595,0.97599,1.12,1.00
2016.09.21 12:30:33.949,0.97592,0.97599,1.75,1.00
2016.09.21 12:30:34.052,0.97591,0.97599,3.00,1.00
2016.09.21 12:30:34.259,0.97591,0.976,3.00,1.00
2016.09.21 12:30:34.363,0.97591,0.976,2.25,1.00
2016.09.21 12:30:34.466,0.97591,0.976,3.00,1.00
2016.09.21 12:30:34.722,0.97591,0.976,2.25,1.00
2016.09.21 12:30:35.029,0.97591,0.976,3.00,1.00
2016.09.21 12:30:35.080,0.97591,0.976,2.25,1.00
2016.09.21 12:30:35.249,0.97591,0.976,1.75,1.00
2016.09.21 12:30:35.352,0.97591,0.976,1.75,1.00
2016.09.21 12:30:35.914,0.97591,0.976,2.25,1.00
2016.09.21 12:30:35.965,0.97591,0.976,3.00,1.00
2016.09.21 12:30:36.017,0.97593,0.97602,1.37,1.00
2016.09.21 12:30:36.068,0.97593,0.97602,1.75,1.00
2016.09.21 12:30:36.528,0.97593,0.97602,2.25,1.00
2016.09.21 12:30:36.991,0.97593,0.97602,3.00,1.00
2016.09.21 12:30:39.519,0.97593,0.97602,4.87,1.00
2016.09.21 12:30:39.571,0.97593,0.97602,5.62,1.00
2016.09.21 12:30:39.622,0.97593,0.97602,6.37,1.00
2016.09.21 12:30:40.033,0.97593,0.97601,5.62,1.25
2016.09.21 12:30:40.084,0.97593,0.97601,5.62,1.25
2016.09.21 12:30:40.136,0.97593,0.976,4.87,1.00
2016.09.21 12:30:40.187,0.97593,0.976,4.50,1.00
2016.09.21 12:30:40.295,0.97593,0.976,3.75,1.00
2016.09.21 12:30:40.346,0.97593,0.976,2.62,1.00
2016.09.21 12:30:40.870,0.97593,0.976,3.37,1.00
2016.09.21 12:30:40.921,0.97593,0.97598,1.00,1.50
2016.09.21 12:30:40.974,0.97591,0.97598,1.37,2.25
2016.09.21 12:30:41.025,0.9759,0.97594,2.25,1.00
2016.09.21 12:30:41.140,0.9759,0.97597,2.25,1.00
2016.09.21 12:30:41.294,0.97591,0.97597,1.12,1.00
2016.09.21 12:30:41.346,0.97591,0.97598,2.25,1.00
2016.09.21 12:30:41.397,0.97591,0.97598,1.75,1.00
2016.09.21 12:30:41.551,0.9759,0.97599,2.25,1.00
2016.09.21 12:30:41.654,0.9759,0.97599,2.25,1.75
2016.09.21 12:30:41.705,0.9759,0.97598,3.75,1.37
2016.09.21 12:30:41.756,0.9759,0.97598,4.87,1.37
2016.09.21 12:30:41.869,0.97592,0.97599,1.75,1.37
2016.09.21 12:30:41.920,0.97593,0.97599,1.50,1.37
2016.09.21 12:30:41.972,0.97594,0.97599,1.00,1.37
2016.09.21 12:30:42.688,0.97593,0.976,1.75,1.00
2016.09.21 12:30:43.206,0.97592,0.976,1.75,1.00
2016.09.21 12:30:43.257,0.97593,0.976,1.75,1.00
2016.09.21 12:30:43.309,0.97594,0.976,2.25,1.00
2016.09.21 12:30:43.362,0.97596,0.97601,1.50,1.50
2016.09.21 12:30:43.413,0.97596,0.97601,1.50,1.00
2016.09.21 12:30:43.466,0.97597,0.97603,1.00,1.00
2016.09.21 12:30:43.569,0.97596,0.97603,1.37,1.00
2016.09.21 12:30:43.629,0.97596,0.97603,1.12,1.50
2016.09.21 12:30:43.682,0.97594,0.97602,1.75,1.00
2016.09.21 12:30:43.755,0.97594,0.97602,1.75,1.37
2016.09.21 12:30:43.828,0.97594,0.97602,1.75,1.50
2016.09.21 12:30:43.880,0.97594,0.97602,1.50,1.50
2016.09.21 12:30:43.982,0.97594,0.97602,1.50,1.37
2016.09.21 12:30:44.391,0.97594,0.97602,1.50,1.75
2016.09.21 12:30:44.443,0.97593,0.976,1.75,1.12
2016.09.21 12:30:44.524,0.97593,0.976,1.12,1.87
2016.09.21 12:30:44.576,0.97591,0.976,4.87,1.87
2016.09.21 12:30:44.627,0.97591,0.97599,4.87,1.75
2016.09.21 12:30:44.679,0.97591,0.97599,5.25,1.37
2016.09.21 12:30:44.731,0.97591,0.97598,5.25,1.12
2016.09.21 12:30:44.782,0.97591,0.97598,5.25,1.50
2016.09.21 12:30:44.884,0.97591,0.97598,4.87,1.50
2016.09.21 12:30:44.935,0.97591,0.97598,4.50,1.50
2016.09.21 12:30:45.088,0.97591,0.97596,4.50,1.37
2016.09.21 12:30:45.139,0.97591,0.97596,3.75,1.37
2016.09.21 12:30:45.190,0.97591,0.97598,3.75,2.25
2016.09.21 12:30:45.506,0.97591,0.97598,3.75,1.50
2016.09.21 12:30:45.584,0.97591,0.97598,4.12,1.37
2016.09.21 12:30:45.635,0.97592,0.97599,1.87,1.12
2016.09.21 12:30:46.738,0.97592,0.97599,1.12,1.12
2016.09.21 12:30:47.248,0.97592,0.97599,1.12,1.12
2016.09.21 12:30:47.397,0.97592,0.97599,1.12,1.00
2016.09.21 12:30:47.448,0.97591,0.97599,4.50,1.00
2016.09.21 12:30:47.499,0.97592,0.97599,1.00,1.00
2016.09.21 12:30:47.551,0.97592,0.97599,1.50,1.00
2016.09.21 12:30:48.239,0.97592,0.97599,2.25,1.00
2016.09.21 12:30:48.396,0.97592,0.976,1.50,1.50
2016.09.21 12:30:48.447,0.97592,0.976,1.50,2.62
2016.09.21 12:30:48.501,0.97592,0.97598,1.50,1.35
2016.09.21 12:30:48.553,0.97592,0.97597,1.50,1.00
2016.09.21 12:30:48.604,0.97591,0.97596,4.12,1.60
2016.09.21 12:30:48.656,0.97585,0.97594,6.37,4.35
2016.09.21 12:30:48.708,0.97584,0.97588,7.12,1.00
2016.09.21 12:30:48.760,0.97585,0.97593,1.75,11.47
2016.09.21 12:30:48.812,0.97583,0.97588,7.12,1.87
2016.09.21 12:30:48.904,0.97583,0.97588,5.25,1.87
2016.09.21 12:30:48.963,0.97585,0.97589,2.25,1.87
2016.09.21 12:30:49.015,0.9758,0.97587,1.37,1.00
2016.09.21 12:30:49.066,0.97579,0.97587,4.12,1.00
2016.09.21 12:30:49.475,0.97579,0.97588,4.12,2.62
2016.09.21 12:30:49.527,0.97579,0.97588,4.50,2.62
2016.09.21 12:30:49.608,0.97579,0.97588,4.87,2.25
2016.09.21 12:30:50.079,0.97579,0.97587,4.87,1.00
2016.09.21 12:30:50.130,0.97579,0.97587,4.50,1.00
2016.09.21 12:30:50.692,0.97579,0.97588,4.50,2.25
2016.09.21 12:30:50.744,0.9758,0.97587,1.12,1.87
2016.09.21 12:30:50.795,0.9758,0.97587,1.12,2.62
2016.09.21 12:30:50.846,0.97577,0.97581,3.00,1.00
2016.09.21 12:30:50.897,0.97576,0.97581,4.12,1.37
2016.09.21 12:30:50.949,0.97576,0.97581,1.00,1.50
2016.09.21 12:30:51.000,0.97576,0.97581,1.00,1.50
2016.09.21 12:30:51.051,0.97575,0.9758,1.00,1.50
2016.09.21 12:30:51.102,0.97574,0.9758,1.50,1.75
2016.09.21 12:30:51.153,0.97571,0.97578,2.25,1.12
2016.09.21 12:30:51.354,0.97571,0.97578,1.87,2.25
2016.09.21 12:30:51.507,0.97571,0.97577,1.87,1.00
2016.09.21 12:30:51.559,0.97571,0.97577,1.12,1.00
2016.09.21 12:30:51.661,0.97571,0.97577,1.87,1.00
2016.09.21 12:30:51.917,0.97571,0.97577,1.87,1.12
2016.09.21 12:30:52.121,0.97571,0.97577,1.12,1.12
2016.09.21 12:30:52.224,0.9757,0.97577,1.50,1.12
2016.09.21 12:30:52.327,0.9757,0.97577,1.37,1.12
2016.09.21 12:30:52.393,0.9757,0.97577,1.12,1.12
2016.09.21 12:30:53.006,0.9757,0.97577,1.12,1.00
2016.09.21 12:30:53.616,0.9757,0.97577,1.12,1.12
2016.09.21 12:30:53.667,0.97569,0.97577,2.25,1.12
2016.09.21 12:30:54.179,0.9757,0.97577,1.12,1.12
2016.09.21 12:30:54.874,0.9757,0.97576,1.12,1.37
2016.09.21 12:30:54.976,0.97569,0.97576,3.75,1.37
2016.09.21 12:30:55.583,0.97569,0.97576,3.00,1.37
2016.09.21 12:30:55.787,0.97569,0.97576,3.75,1.37
2016.09.21 12:30:56.562,0.97569,0.97576,3.00,1.37
2016.09.21 12:30:56.768,0.97569,0.97576,3.75,1.37
2016.09.21 12:30:58.530,0.97569,0.97577,3.75,1.12
2016.09.21 12:30:58.838,0.97569,0.97577,3.75,1.00
2016.09.21 12:30:59.740,0.97569,0.97577,3.00,1.00
2016.09.21 12:30:59.842,0.97569,0.97577,1.50,1.00
2016.09.21 12:31:00.451,0.97569,0.97577,1.50,1.50
2016.09.21 12:31:00.673,0.97569,0.97577,1.50,1.00
2016.09.21 12:31:00.724,0.97569,0.97577,1.50,1.12
2016.09.21 12:31:00.929,0.97567,0.97577,6.37,1.87
2016.09.21 12:31:00.980,0.97567,0.97577,4.87,2.62
2016.09.21 12:31:01.032,0.97569,0.97577,1.50,2.62
2016.09.21 12:31:01.192,0.97569,0.97577,1.00,1.87
2016.09.21 12:31:01.246,0.97569,0.97577,1.00,1.87
2016.09.21 12:31:01.348,0.97569,0.97577,1.00,1.87
2016.09.21 12:31:01.451,0.97569,0.97577,1.50,1.00
2016.09.21 12:31:01.553,0.97569,0.97577,1.37,1.00
2016.09.21 12:31:01.605,0.97569,0.97578,1.75,1.12
2016.09.21 12:31:01.656,0.97569,0.97578,3.00,1.12
2016.09.21 12:31:01.759,0.97569,0.97578,2.25,1.87
2016.09.21 12:31:01.861,0.97569,0.97578,3.00,1.12
2016.09.21 12:31:02.028,0.97569,0.97579,3.00,2.62
2016.09.21 12:31:02.234,0.97569,0.97579,2.25,2.62
2016.09.21 12:31:02.441,0.97569,0.97579,3.00,2.62
2016.09.21 12:31:02.645,0.97569,0.97578,2.62,1.00
2016.09.21 12:31:02.697,0.97569,0.97578,2.62,1.12
2016.09.21 12:31:02.749,0.97569,0.97577,1.87,1.00
2016.09.21 12:31:02.834,0.97569,0.97577,1.87,1.50
2016.09.21 12:31:02.887,0.97569,0.97577,1.87,1.87
2016.09.21 12:31:03.144,0.97569,0.97577,1.87,2.25
2016.09.21 12:31:03.195,0.97569,0.97577,1.87,2.62
2016.09.21 12:31:03.247,0.97569,0.97577,1.87,2.25
2016.09.21 12:31:03.298,0.97569,0.97577,1.87,1.87
2016.09.21 12:31:03.349,0.97569,0.97577,2.25,1.50
2016.09.21 12:31:03.453,0.97569,0.97577,1.87,3.37
2016.09.21 12:31:03.504,0.97569,0.97577,1.50,3.37
2016.09.21 12:31:03.657,0.97569,0.97577,1.00,3.37
2016.09.21 12:31:03.759,0.97568,0.97577,1.12,2.62
2016.09.21 12:31:03.862,0.97567,0.97577,5.62,2.25
2016.09.21 12:31:03.913,0.97567,0.97577,5.25,2.25
2016.09.21 12:31:03.990,0.97568,0.97577,1.12,2.25
2016.09.21 12:31:04.042,0.97568,0.97577,1.00,2.62
2016.09.21 12:31:04.094,0.97568,0.97577,1.00,3.00
2016.09.21 12:31:04.451,0.97568,0.97577,1.00,3.00
2016.09.21 12:31:04.706,0.97568,0.97577,1.00,3.19
2016.09.21 12:31:04.758,0.97567,0.97574,1.12,1.00
2016.09.21 12:31:04.809,0.97567,0.97574,1.12,1.00
2016.09.21 12:31:04.860,0.97566,0.97572,1.37,1.25
2016.09.21 12:31:04.912,0.97566,0.97572,1.00,1.25
2016.09.21 12:31:04.999,0.97566,0.97571,1.00,1.00
2016.09.21 12:31:05.053,0.97561,0.97571,1.37,2.25
2016.09.21 12:31:05.104,0.97561,0.97571,1.12,3.37
2016.09.21 12:31:05.156,0.97561,0.97569,1.12,1.00
2016.09.21 12:31:05.208,0.97561,0.97569,1.12,1.12
2016.09.21 12:31:05.771,0.97561,0.97569,1.00,1.12
2016.09.21 12:31:09.350,0.97563,0.97571,3.37,2.25
2016.09.21 12:31:09.402,0.97563,0.97571,3.37,1.87
2016.09.21 12:31:09.454,0.97563,0.97571,3.00,1.87
2016.09.21 12:31:09.556,0.97565,0.97571,1.00,1.37
2016.09.21 12:31:09.648,0.97565,0.97573,1.00,1.12
2016.09.21 12:31:09.699,0.97565,0.97574,1.00,1.50
2016.09.21 12:31:09.750,0.97565,0.97575,1.12,2.25
2016.09.21 12:31:09.804,0.97565,0.97575,1.50,1.87
2016.09.21 12:31:10.424,0.97565,0.97575,1.50,1.87
2016.09.21 12:31:10.475,0.97565,0.97575,1.50,2.62
2016.09.21 12:31:10.577,0.97566,0.97575,1.12,1.87
2016.09.21 12:31:11.001,0.97566,0.97575,1.12,2.25
2016.09.21 12:31:11.359,0.97566,0.97575,1.12,1.87
2016.09.21 12:31:11.662,0.97566,0.97575,1.12,2.25
2016.09.21 12:31:11.764,0.97566,0.97573,1.12,1.12
2016.09.21 12:31:11.866,0.97563,0.97571,3.00,1.37
2016.09.21 12:31:11.917,0.97563,0.97571,3.00,1.37
2016.09.21 12:31:11.969,0.97563,0.9757,3.00,1.00
2016.09.21 12:31:12.020,0.97563,0.9757,2.62,1.12
2016.09.21 12:31:12.071,0.97562,0.9757,1.50,1.12
2016.09.21 12:31:12.657,0.97562,0.9757,1.00,1.12
2016.09.21 12:31:12.963,0.97561,0.9757,1.00,1.50
2016.09.21 12:31:13.167,0.9756,0.9757,1.12,1.50
2016.09.21 12:31:13.269,0.9756,0.9757,1.12,2.25
2016.09.21 12:31:13.474,0.9756,0.9757,1.12,1.87
2016.09.21 12:31:13.665,0.9756,0.9757,1.12,1.50
2016.09.21 12:31:13.732,0.9756,0.9757,1.12,1.12
2016.09.21 12:31:13.937,0.9756,0.9757,1.12,1.12
2016.09.21 12:31:13.988,0.9756,0.9757,1.12,1.12
2016.09.21 12:31:14.040,0.9756,0.9757,1.12,1.12
2016.09.21 12:31:14.091,0.9756,0.9757,1.37,1.12
2016.09.21 12:31:14.142,0.9756,0.9757,1.37,1.12
2016.09.21 12:31:14.194,0.97561,0.9757,1.00,1.12
2016.09.21 12:31:15.334,0.97561,0.97571,1.00,2.62
2016.09.21 12:31:15.385,0.97562,0.97571,1.00,1.50
2016.09.21 12:31:15.436,0.97562,0.97572,1.00,3.00
2016.09.21 12:31:15.542,0.97562,0.97572,1.00,2.62
2016.09.21 12:31:15.612,0.97563,0.97573,1.12,1.87
2016.09.21 12:31:17.566,0.97563,0.97573,1.12,2.62
2016.09.21 12:31:19.157,0.97563,0.97573,1.12,2.62
2016.09.21 12:31:19.362,0.97563,0.97573,1.12,2.62
2016.09.21 12:31:20.029,0.97563,0.97573,1.12,2.62
2016.09.21 12:31:20.131,0.97563,0.97573,1.50,1.50
2016.09.21 12:31:20.335,0.97563,0.97573,1.50,1.87
2016.09.21 12:31:20.386,0.97563,0.97572,1.50,3.19
2016.09.21 12:31:20.438,0.97563,0.97569,1.50,1.00
2016.09.21 12:31:20.490,0.97561,0.97569,1.75,1.00
2016.09.21 12:31:20.547,0.97561,0.9757,1.37,1.50
2016.09.21 12:31:20.599,0.9756,0.9757,2.25,1.12
2016.09.21 12:31:20.652,0.9756,0.9757,3.37,1.12
2016.09.21 12:31:20.704,0.97561,0.9757,1.12,1.12
2016.09.21 12:31:20.756,0.97561,0.97571,1.50,2.62
2016.09.21 12:31:20.808,0.97561,0.97571,1.75,1.87
2016.09.21 12:31:20.936,0.97561,0.9757,1.12,1.12
2016.09.21 12:31:22.243,0.97561,0.9757,1.12,1.12
2016.09.21 12:31:22.702,0.97561,0.9757,1.12,1.87
2016.09.21 12:31:22.754,0.97561,0.9757,1.12,1.87
2016.09.21 12:31:22.806,0.9756,0.9757,1.50,1.87
2016.09.21 12:31:22.970,0.9756,0.9757,1.37,2.25
2016.09.21 12:31:23.022,0.9756,0.9757,1.12,2.62
2016.09.21 12:31:23.861,0.9756,0.9757,1.12,3.37
2016.09.21 12:31:25.453,0.9756,0.9757,1.12,2.25
2016.09.21 12:31:25.504,0.9756,0.9757,1.12,1.75
2016.09.21 12:31:25.658,0.9756,0.9757,1.12,1.50
2016.09.21 12:31:27.131,0.97561,0.9757,1.00,1.50
2016.09.21 12:31:27.233,0.97561,0.9757,1.00,1.37
2016.09.21 12:31:27.285,0.97562,0.9757,1.00,1.37
2016.09.21 12:31:27.336,0.97562,0.97571,1.12,1.37
2016.09.21 12:31:27.388,0.97562,0.97571,1.12,1.37
2016.09.21 12:31:27.766,0.97562,0.97571,1.12,1.37
2016.09.21 12:31:27.818,0.97563,0.97571,1.00,1.37
2016.09.21 12:31:27.869,0.97563,0.97572,4.87,1.00
2016.09.21 12:31:27.924,0.97564,0.97572,1.50,1.00
2016.09.21 12:31:27.976,0.97564,0.97573,2.62,1.50
2016.09.21 12:31:28.028,0.97565,0.97573,1.37,1.50
2016.09.21 12:31:28.079,0.97565,0.97574,1.87,1.37
2016.09.21 12:31:28.131,0.97565,0.97575,4.69,1.12
2016.09.21 12:31:28.183,0.97567,0.97577,1.00,2.62
2016.09.21 12:31:28.234,0.97567,0.97577,1.00,1.87
2016.09.21 12:31:28.285,0.97567,0.97577,1.00,1.87
2016.09.21 12:31:28.438,0.97567,0.97577,1.00,1.50
2016.09.21 12:31:28.489,0.97568,0.97578,1.00,1.87
2016.09.21 12:31:29.316,0.97568,0.97578,1.00,2.62
2016.09.21 12:31:29.368,0.97568,0.97578,1.00,3.00
2016.09.21 12:31:30.105,0.97567,0.97578,1.12,3.00
2016.09.21 12:31:30.235,0.97567,0.97578,1.12,3.00
2016.09.21 12:31:30.288,0.97566,0.97577,1.50,1.87
2016.09.21 12:31:30.340,0.97566,0.97577,1.50,2.25
2016.09.21 12:31:30.391,0.97566,0.97577,1.50,2.62
2016.09.21 12:31:30.750,0.97566,0.97577,1.50,2.62
2016.09.21 12:31:31.210,0.97567,0.97577,1.12,2.62
2016.09.21 12:31:31.588,0.97566,0.97577,1.50,1.87
2016.09.21 12:31:36.125,0.97566,0.97577,1.50,2.62
2016.09.21 12:31:39.138,0.97566,0.97577,1.50,2.25
2016.09.21 12:31:40.699,0.97567,0.97577,1.12,1.50
2016.09.21 12:31:41.297,0.97567,0.97576,1.12,1.12
2016.09.21 12:31:41.348,0.97566,0.97576,1.50,1.12
2016.09.21 12:31:42.031,0.97566,0.97576,1.50,1.50
2016.09.21 12:31:42.291,0.97566,0.97575,1.50,1.37
2016.09.21 12:31:44.018,0.97565,0.97575,1.75,1.37
2016.09.21 12:31:44.812,0.97565,0.97575,1.75,1.37
2016.09.21 12:31:44.864,0.97565,0.97575,2.25,1.37
2016.09.21 12:31:44.915,0.97565,0.97575,2.25,1.37
2016.09.21 12:31:45.018,0.97565,0.97575,2.25,1.00
2016.09.21 12:31:45.069,0.97565,0.97576,2.25,1.87
2016.09.21 12:31:45.208,0.97565,0.97576,2.25,1.87
2016.09.21 12:31:45.414,0.97565,0.97576,2.25,1.87
2016.09.21 12:31:45.681,0.97566,0.97576,1.50,1.87
2016.09.21 12:31:46.037,0.97566,0.97576,1.50,2.25
2016.09.21 12:31:46.191,0.97565,0.97576,2.25,2.25
2016.09.21 12:31:46.242,0.97565,0.97576,2.25,2.25
2016.09.21 12:31:46.873,0.97565,0.97576,1.75,2.25
2016.09.21 12:31:47.526,0.97565,0.97576,1.75,2.25
2016.09.21 12:31:47.833,0.97565,0.97576,1.75,2.25
2016.09.21 12:31:47.935,0.97565,0.97576,1.75,2.25
2016.09.21 12:31:48.658,0.97565,0.97576,1.75,4.72
2016.09.21 12:31:48.709,0.97565,0.97574,1.37,1.12
2016.09.21 12:31:48.760,0.97564,0.97572,2.25,1.87
2016.09.21 12:31:48.814,0.97564,0.97569,1.50,1.00
2016.09.21 12:31:48.917,0.97564,0.97569,1.37,1.00
2016.09.21 12:31:48.969,0.97564,0.9757,1.00,1.00
2016.09.21 12:31:49.022,0.97564,0.9757,1.00,1.12
2016.09.21 12:31:49.365,0.97561,0.9757,1.37,1.50
2016.09.21 12:31:49.468,0.97561,0.9757,1.37,1.87
2016.09.21 12:31:49.571,0.97561,0.9757,1.12,1.50
2016.09.21 12:31:49.674,0.97561,0.97569,1.12,1.00
2016.09.21 12:31:49.828,0.9756,0.97569,1.50,1.00
2016.09.21 12:31:49.879,0.9756,0.97568,1.50,1.12
2016.09.21 12:31:50.314,0.9756,0.97568,1.37,1.12
2016.09.21 12:31:50.365,0.9756,0.97568,1.12,1.12
2016.09.21 12:31:50.417,0.9756,0.97568,1.50,1.12
2016.09.21 12:31:50.521,0.9756,0.97568,1.12,1.12
2016.09.21 12:31:50.725,0.97559,0.97568,1.50,1.12
2016.09.21 12:31:51.181,0.97559,0.97568,1.50,1.12
2016.09.21 12:31:51.488,0.97559,0.97568,1.50,1.12
2016.09.21 12:31:52.347,0.9756,0.97568,1.12,1.12
2016.09.21 12:31:52.398,0.9756,0.97569,1.12,1.37
2016.09.21 12:31:56.865,0.9756,0.97569,1.12,1.50
2016.09.21 12:31:57.497,0.9756,0.97569,1.12,2.25
2016.09.21 12:31:58.059,0.97559,0.97569,1.50,3.75
2016.09.21 12:31:58.157,0.97559,0.97568,1.50,1.12
2016.09.21 12:31:58.312,0.97559,0.97569,1.50,2.62
2016.09.21 12:31:58.465,0.97559,0.97569,1.50,3.37
2016.09.21 12:31:58.516,0.97559,0.97568,1.50,1.00
2016.09.21 12:31:59.552,0.9756,0.97569,1.00,1.37
2016.09.21 12:31:59.603,0.97559,0.97569,1.75,1.37
2016.09.21 12:32:01.045,0.97558,0.97568,2.25,1.12
2016.09.21 12:32:01.590,0.97558,0.97569,2.25,1.87
2016.09.21 12:32:01.794,0.97558,0.97568,2.25,1.12
2016.09.21 12:32:01.845,0.97558,0.97568,1.50,1.12
2016.09.21 12:32:02.223,0.97558,0.97567,1.50,1.00
2016.09.21 12:32:02.274,0.97558,0.97567,1.50,1.12
2016.09.21 12:32:02.325,0.97558,0.97567,1.50,1.50
2016.09.21 12:32:02.376,0.97558,0.97563,1.50,1.00
2016.09.21 12:32:02.479,0.97556,0.97561,1.50,1.00
2016.09.21 12:32:02.588,0.97556,0.97562,1.00,1.00
2016.09.21 12:32:02.640,0.97556,0.97562,1.00,1.12
2016.09.21 12:32:02.898,0.97556,0.97563,1.00,1.87
2016.09.21 12:32:02.949,0.97556,0.97563,1.00,1.87
2016.09.21 12:32:03.000,0.97556,0.97563,1.87,1.37
2016.09.21 12:32:03.052,0.97556,0.97565,2.25,1.87
2016.09.21 12:32:03.103,0.97556,0.97565,2.25,1.12
2016.09.21 12:32:03.255,0.97556,0.97566,2.25,1.87
2016.09.21 12:32:03.460,0.97556,0.97566,2.25,2.25
2016.09.21 12:32:03.564,0.97556,0.97566,1.50,1.87
2016.09.21 12:32:04.153,0.97556,0.97566,1.50,1.87
2016.09.21 12:32:04.357,0.97556,0.97566,1.50,2.25
2016.09.21 12:32:04.511,0.97556,0.97566,1.50,2.62
2016.09.21 12:32:04.766,0.97556,0.97566,1.50,2.25
2016.09.21 12:32:05.082,0.97556,0.97566,1.50,1.50
2016.09.21 12:32:05.873,0.97556,0.97566,1.50,1.87
2016.09.21 12:32:07.349,0.97556,0.97566,1.50,1.50
2016.09.21 12:32:07.561,0.97556,0.97564,1.50,1.50
2016.09.21 12:32:07.612,0.97556,0.9756,1.00,1.00
2016.09.21 12:32:07.664,0.97552,0.97556,3.00,1.50
2016.09.21 12:32:07.763,0.97548,0.97552,1.12,1.00
2016.09.21 12:32:07.815,0.97547,0.97551,1.50,1.00
2016.09.21 12:32:07.918,0.97547,0.97551,1.00,1.12
2016.09.21 12:32:08.430,0.97546,0.97551,1.00,1.12
2016.09.21 12:32:08.786,0.97543,0.97551,1.50,1.12
2016.09.21 12:32:08.889,0.97543,0.97552,1.50,1.37
2016.09.21 12:32:08.992,0.97543,0.97552,1.50,1.00
2016.09.21 12:32:09.044,0.97543,0.97553,1.50,3.00
2016.09.21 12:32:09.454,0.97543,0.97552,3.30,1.12
2016.09.21 12:32:09.508,0.97545,0.97553,1.50,1.37
2016.09.21 12:32:09.560,0.97545,0.97555,2.25,2.62
2016.09.21 12:32:09.612,0.97547,0.97555,1.00,1.37
2016.09.21 12:32:09.663,0.97547,0.97556,1.00,1.87
2016.09.21 12:32:09.714,0.97547,0.97556,1.12,1.87
2016.09.21 12:32:09.816,0.97547,0.97556,1.12,1.37
2016.09.21 12:32:10.122,0.97547,0.97556,1.12,1.37
2016.09.21 12:32:10.173,0.97546,0.97556,4.50,1.37
2016.09.21 12:32:10.224,0.97546,0.97556,3.75,1.37
2016.09.21 12:32:10.275,0.97548,0.97556,1.50,1.37
2016.09.21 12:32:10.492,0.9755,0.97558,1.00,1.37
2016.09.21 12:32:10.543,0.9755,0.97559,1.00,1.50
2016.09.21 12:32:10.747,0.9755,0.97559,1.12,1.37
2016.09.21 12:32:10.798,0.9755,0.97559,1.12,1.37
2016.09.21 12:32:11.241,0.97549,0.97559,1.50,1.37
2016.09.21 12:32:13.906,0.97549,0.97559,2.25,1.37
2016.09.21 12:32:13.957,0.97549,0.97559,3.00,1.37
2016.09.21 12:32:14.009,0.9755,0.97559,1.37,1.37
2016.09.21 12:32:14.060,0.9755,0.97561,1.37,3.75
2016.09.21 12:32:14.111,0.9755,0.97561,1.50,3.00
2016.09.21 12:32:14.533,0.9755,0.97559,1.50,1.37
2016.09.21 12:32:15.731,0.9755,0.97559,2.25,1.37
2016.09.21 12:32:15.886,0.9755,0.97559,2.62,1.37
2016.09.21 12:32:15.937,0.9755,0.97559,1.87,1.37
2016.09.21 12:32:15.989,0.9755,0.97559,2.25,1.37
2016.09.21 12:32:16.149,0.9755,0.97559,1.50,1.00
2016.09.21 12:32:16.201,0.9755,0.9756,1.50,1.37
2016.09.21 12:32:16.303,0.9755,0.9756,2.25,1.37
2016.09.21 12:32:16.405,0.97551,0.9756,1.12,1.37
2016.09.21 12:32:20.587,0.9755,0.9756,1.50,1.37
2016.09.21 12:32:20.948,0.9755,0.9756,1.50,1.37
2016.09.21 12:32:20.999,0.97551,0.9756,1.12,1.37
2016.09.21 12:32:25.755,0.97551,0.9756,1.12,1.37
2016.09.21 12:32:25.858,0.97551,0.9756,1.12,1.37
2016.09.21 12:32:25.960,0.97551,0.9756,1.12,1.37
2016.09.21 12:32:26.388,0.97551,0.9756,1.87,1.37
2016.09.21 12:32:26.644,0.97551,0.9756,1.87,1.37
2016.09.21 12:32:26.696,0.97551,0.9756,1.12,1.37
2016.09.21 12:32:29.849,0.97551,0.9756,1.12,1.37
2016.09.21 12:32:30.207,0.97551,0.9756,1.87,1.37
2016.09.21 12:32:30.309,0.97551,0.9756,2.25,1.37
2016.09.21 12:32:30.412,0.97551,0.9756,1.50,1.37
2016.09.21 12:32:30.534,0.97551,0.9756,2.25,1.37
2016.09.21 12:32:30.911,0.97551,0.9756,2.25,1.00
2016.09.21 12:32:31.013,0.97551,0.97561,2.25,1.37
2016.09.21 12:32:31.268,0.97551,0.97561,2.25,1.37
2016.09.21 12:32:31.645,0.97551,0.97561,2.25,1.37
2016.09.21 12:32:33.266,0.97551,0.97561,2.25,1.50
2016.09.21 12:32:33.318,0.97551,0.97561,1.12,1.87
2016.09.21 12:32:33.471,0.97551,0.97561,1.12,1.87
2016.09.21 12:32:37.814,0.97551,0.9756,1.12,1.12
2016.09.21 12:32:40.829,0.97551,0.97561,1.12,1.87
2016.09.21 12:32:40.881,0.97551,0.97561,1.12,1.87
2016.09.21 12:32:42.669,0.97551,0.9756,1.12,1.37
2016.09.21 12:32:42.989,0.97551,0.9756,1.12,1.00
2016.09.21 12:32:43.040,0.97551,0.9756,1.12,1.87
2016.09.21 12:32:43.091,0.97551,0.97558,1.12,2.47
2016.09.21 12:32:43.143,0.97547,0.97551,3.00,1.35
2016.09.21 12:32:43.194,0.97547,0.97551,2.62,1.35
2016.09.21 12:32:43.246,0.97547,0.97552,1.00,1.76
2016.09.21 12:32:43.297,0.97547,0.97552,1.00,1.76
2016.09.21 12:32:43.348,0.97545,0.97551,1.00,1.47
2016.09.21 12:32:43.399,0.97545,0.97551,1.00,1.47
2016.09.21 12:32:43.451,0.97545,0.97549,1.00,1.00
2016.09.21 12:32:43.502,0.97545,0.97549,1.00,1.00
2016.09.21 12:32:43.553,0.97545,0.97549,1.00,1.12
2016.09.21 12:32:43.604,0.97545,0.97549,1.00,1.50
2016.09.21 12:32:43.822,0.9754,0.97549,1.00,1.50
2016.09.21 12:32:43.980,0.9754,0.97549,1.00,1.12
2016.09.21 12:32:44.032,0.9754,0.97549,1.12,1.00
2016.09.21 12:32:44.134,0.97539,0.97549,1.50,1.00
2016.09.21 12:32:44.491,0.97539,0.97549,1.50,1.00
2016.09.21 12:32:44.544,0.9754,0.97549,2.25,1.00
2016.09.21 12:32:44.666,0.9754,0.97551,3.00,1.00
2016.09.21 12:32:44.769,0.9754,0.97552,3.00,3.07
2016.09.21 12:32:44.823,0.9754,0.97552,2.25,2.62
2016.09.21 12:32:44.876,0.9754,0.97552,2.25,2.25
2016.09.21 12:32:44.980,0.9754,0.97552,2.25,2.62
2016.09.21 12:32:45.133,0.9754,0.97552,3.00,3.45
2016.09.21 12:32:45.185,0.9754,0.97551,3.00,1.00
2016.09.21 12:32:45.288,0.9754,0.97551,3.00,1.00
2016.09.21 12:32:45.391,0.9754,0.97552,3.00,2.70
2016.09.21 12:32:45.495,0.97541,0.97552,1.50,1.95
2016.09.21 12:32:45.559,0.97543,0.97552,1.00,1.57
2016.09.21 12:32:45.713,0.97543,0.97552,1.00,1.00
2016.09.21 12:32:45.765,0.97543,0.97553,1.00,1.87
2016.09.21 12:32:45.867,0.97543,0.97553,1.00,1.37
2016.09.21 12:32:46.664,0.97543,0.97552,1.00,1.12
2016.09.21 12:32:46.715,0.97543,0.97552,1.00,1.12
2016.09.21 12:32:46.766,0.97542,0.97552,1.12,1.12
2016.09.21 12:32:46.869,0.97542,0.97552,1.12,1.50
2016.09.21 12:32:46.978,0.97542,0.97552,1.12,1.87
2016.09.21 12:32:47.030,0.97542,0.97552,1.12,2.70
2016.09.21 12:32:47.431,0.97542,0.97552,1.12,3.07
2016.09.21 12:32:47.596,0.97542,0.97552,1.12,2.70
2016.09.21 12:32:47.647,0.97542,0.9755,1.12,1.00
2016.09.21 12:32:47.699,0.97542,0.9755,1.00,1.50
2016.09.21 12:32:47.804,0.97542,0.97548,1.00,1.00
2016.09.21 12:32:47.856,0.9754,0.97548,1.12,1.00
2016.09.21 12:32:48.163,0.97539,0.97548,1.50,1.00
2016.09.21 12:32:48.469,0.97538,0.97548,2.25,1.00
2016.09.21 12:32:48.521,0.97538,0.97548,2.25,1.00
2016.09.21 12:32:48.672,0.97538,0.97547,1.50,1.00
2016.09.21 12:32:48.775,0.97538,0.97547,1.00,1.00
2016.09.21 12:32:49.033,0.97536,0.97547,1.50,1.00
2016.09.21 12:32:49.488,0.97538,0.97547,1.00,1.00
2016.09.21 12:32:50.088,0.97538,0.97547,1.00,1.50
2016.09.21 12:32:50.191,0.97538,0.97547,1.00,1.87
2016.09.21 12:32:50.346,0.97538,0.97546,1.00,1.12
2016.09.21 12:32:50.512,0.97537,0.97545,1.00,1.00
2016.09.21 12:32:50.668,0.97537,0.97546,1.00,1.12
2016.09.21 12:32:50.822,0.97537,0.97546,1.00,1.12
2016.09.21 12:32:50.873,0.97537,0.97547,1.50,1.37
2016.09.21 12:32:51.027,0.97537,0.97547,1.87,1.37
2016.09.21 12:32:51.078,0.97537,0.97547,1.50,1.37
2016.09.21 12:32:51.391,0.97537,0.97547,1.50,1.00
2016.09.21 12:32:51.494,0.97538,0.97548,1.12,2.62
2016.09.21 12:32:52.212,0.97538,0.97547,1.12,1.00
2016.09.21 12:32:52.264,0.97538,0.97547,1.12,1.37
2016.09.21 12:32:52.368,0.97538,0.97547,1.12,1.50
2016.09.21 12:32:52.419,0.97538,0.97547,1.00,1.87
2016.09.21 12:32:52.522,0.97538,0.97547,1.00,1.50
2016.09.21 12:32:52.660,0.97538,0.97547,1.50,1.12
2016.09.21 12:32:52.711,0.97538,0.97547,1.00,1.00
2016.09.21 12:32:52.764,0.97538,0.97547,1.50,1.00
2016.09.21 12:32:53.275,0.97538,0.97547,1.00,1.00
2016.09.21 12:32:54.377,0.97539,0.97547,1.00,1.00
2016.09.21 12:32:54.428,0.97539,0.97548,1.00,1.50
2016.09.21 12:32:54.531,0.97539,0.97548,1.00,1.50
2016.09.21 12:32:54.583,0.9754,0.97548,1.00,1.00
2016.09.21 12:32:54.635,0.9754,0.97549,1.00,1.37
2016.09.21 12:32:54.686,0.9754,0.9755,1.12,2.25
2016.09.21 12:32:54.738,0.9754,0.9755,1.50,2.25
2016.09.21 12:32:54.789,0.9754,0.9755,1.50,1.87
2016.09.21 12:32:54.891,0.9754,0.9755,1.50,1.50
2016.09.21 12:32:58.110,0.9754,0.9755,1.50,1.12
2016.09.21 12:32:58.917,0.9754,0.9755,1.50,1.00
2016.09.21 12:32:58.968,0.9754,0.9755,1.50,1.00
2016.09.21 12:32:59.326,0.9754,0.9755,1.50,1.00
2016.09.21 12:32:59.618,0.9754,0.9755,1.37,1.00
2016.09.21 12:32:59.669,0.9754,0.9755,1.87,1.12
2016.09.21 12:32:59.721,0.9754,0.9755,2.25,1.12
2016.09.21 12:32:59.772,0.9754,0.9755,1.50,1.00
2016.09.21 12:32:59.840,0.97541,0.9755,1.12,1.00
2016.09.21 12:33:00.302,0.97541,0.9755,1.12,1.00
2016.09.21 12:33:00.353,0.97544,0.97552,1.00,1.50
2016.09.21 12:33:00.405,0.97544,0.97553,1.00,1.87
2016.09.21 12:33:00.456,0.97546,0.97553,1.00,1.12
2016.09.21 12:33:00.508,0.97546,0.97556,2.10,3.75
2016.09.21 12:33:00.559,0.97549,0.97556,1.00,1.12
2016.09.21 12:33:00.611,0.97549,0.97557,1.00,1.50
2016.09.21 12:33:00.663,0.97549,0.97557,1.00,1.12
2016.09.21 12:33:00.714,0.9755,0.97557,1.00,1.12
2016.09.21 12:33:00.766,0.9755,0.97559,1.00,1.50
2016.09.21 12:33:00.817,0.9755,0.97559,1.12,1.37
2016.09.21 12:33:00.904,0.9755,0.97559,1.50,1.00
2016.09.21 12:33:01.057,0.9755,0.9756,1.50,1.37
2016.09.21 12:33:01.159,0.9755,0.97559,1.50,1.00
2016.09.21 12:33:02.359,0.9755,0.97561,1.50,2.25
2016.09.21 12:33:02.620,0.97551,0.97561,1.12,2.25
2016.09.21 12:33:03.466,0.97551,0.9756,1.12,1.00
2016.09.21 12:33:03.568,0.97551,0.97561,1.12,2.62
2016.09.21 12:33:05.528,0.97551,0.97561,1.12,3.00
2016.09.21 12:33:05.579,0.97551,0.9756,1.12,1.00
2016.09.21 12:33:06.574,0.97551,0.97561,1.12,3.75
2016.09.21 12:33:06.697,0.97551,0.9756,1.12,1.00
2016.09.21 12:33:07.158,0.97551,0.97561,1.12,2.62
2016.09.21 12:33:07.777,0.97551,0.9756,1.12,1.00
2016.09.21 12:33:07.881,0.97551,0.97561,1.12,2.62
2016.09.21 12:33:08.190,0.97551,0.9756,1.12,1.12
2016.09.21 12:33:12.526,0.97551,0.9756,1.12,1.50
2016.09.21 12:33:12.896,0.97551,0.9756,1.12,1.12
2016.09.21 12:33:13.027,0.97551,0.9756,1.12,1.00
2016.09.21 12:33:13.492,0.97551,0.97562,1.12,3.75
2016.09.21 12:33:13.544,0.97551,0.97562,1.12,3.00
2016.09.21 12:33:14.291,0.97551,0.97562,1.12,3.00
2016.09.21 12:33:14.342,0.9755,0.97562,3.00,2.25
2016.09.21 12:33:14.393,0.9755,0.97562,3.37,2.25
2016.09.21 12:33:14.444,0.9755,0.97562,4.12,1.87
2016.09.21 12:33:14.495,0.9755,0.97562,4.12,1.50
2016.09.21 12:33:14.659,0.9755,0.97562,3.37,1.50
2016.09.21 12:33:14.941,0.97552,0.97562,1.50,1.50
2016.09.21 12:33:15.372,0.97552,0.97562,1.50,1.12
2016.09.21 12:33:16.696,0.97552,0.97562,1.50,1.50
2016.09.21 12:33:22.970,0.97552,0.97562,1.50,1.12
2016.09.21 12:33:23.072,0.97552,0.97562,1.37,1.50
2016.09.21 12:33:23.123,0.97552,0.97562,1.12,1.87
2016.09.21 12:33:23.411,0.97552,0.97561,1.12,1.00
2016.09.21 12:33:24.281,0.97552,0.97561,1.12,1.12
2016.09.21 12:33:28.812,0.97554,0.97561,1.50,1.12
2016.09.21 12:33:30.673,0.97554,0.97561,2.25,1.12
2016.09.21 12:33:30.877,0.97554,0.97561,2.25,1.50
2016.09.21 12:33:31.184,0.97554,0.97561,2.25,1.12
2016.09.21 12:33:31.745,0.97554,0.97561,2.25,1.00
2016.09.21 12:33:31.797,0.97554,0.97562,1.50,1.12
2016.09.21 12:33:31.848,0.97554,0.97562,1.00,1.12
2016.09.21 12:33:31.900,0.97553,0.97562,4.50,1.12
2016.09.21 12:33:32.501,0.97553,0.9756,3.75,1.00
2016.09.21 12:33:32.553,0.97552,0.9756,4.87,1.00
2016.09.21 12:33:32.657,0.97552,0.9756,4.50,1.00
2016.09.21 12:33:33.127,0.97552,0.9756,4.50,1.50
2016.09.21 12:33:33.179,0.97552,0.97558,4.50,1.00
2016.09.21 12:33:33.230,0.97552,0.97558,3.75,1.00
2016.09.21 12:33:33.283,0.97552,0.97559,4.50,1.12
2016.09.21 12:33:33.592,0.97552,0.97558,4.50,1.00
2016.09.21 12:33:33.645,0.97552,0.97558,1.00,1.00
2016.09.21 12:33:33.697,0.97551,0.97558,1.00,1.12
2016.09.21 12:33:33.799,0.97551,0.97559,1.00,2.62
2016.09.21 12:33:34.093,0.97552,0.97559,1.00,1.50
2016.09.21 12:33:34.197,0.97553,0.97559,1.50,1.12
2016.09.21 12:33:34.299,0.97553,0.97559,1.50,1.50
2016.09.21 12:33:37.351,0.97553,0.97559,1.50,1.50
2016.09.21 12:33:37.402,0.97553,0.97559,1.50,1.12
2016.09.21 12:33:37.607,0.97553,0.97559,1.00,1.12
2016.09.21 12:33:37.709,0.97553,0.97559,1.50,1.12
2016.09.21 12:33:38.289,0.97553,0.97559,1.50,1.50
2016.09.21 12:33:40.798,0.97553,0.97559,1.00,1.50
2016.09.21 12:33:40.900,0.97553,0.97559,1.50,1.50
2016.09.21 12:33:40.951,0.97553,0.97559,1.00,1.50
2016.09.21 12:33:41.054,0.97552,0.97559,4.50,1.50
2016.09.21 12:33:41.597,0.97552,0.97559,4.50,1.12
2016.09.21 12:33:41.648,0.97552,0.97559,4.50,1.00
2016.09.21 12:33:41.699,0.97552,0.9756,4.50,2.62
2016.09.21 12:33:41.801,0.97552,0.9756,4.50,1.12
2016.09.21 12:33:44.966,0.97552,0.9756,3.75,1.12
2016.09.21 12:33:45.529,0.97552,0.9756,4.50,1.12
2016.09.21 12:33:46.046,0.97553,0.9756,3.75,1.12
2016.09.21 12:33:46.148,0.97553,0.9756,4.50,1.12
2016.09.21 12:33:46.301,0.97553,0.9756,3.75,1.87
2016.09.21 12:33:46.509,0.97553,0.9756,4.50,1.87
2016.09.21 12:33:48.037,0.97553,0.9756,4.50,2.25
2016.09.21 12:33:48.920,0.97553,0.9756,4.50,1.87
2016.09.21 12:33:49.349,0.97553,0.9756,4.50,1.50
2016.09.21 12:33:49.425,0.97553,0.9756,4.50,1.12
2016.09.21 12:33:50.818,0.97553,0.9756,4.50,1.00
2016.09.21 12:33:55.843,0.97553,0.9756,3.75,1.00
2016.09.21 12:33:56.149,0.97557,0.97561,3.75,1.12
2016.09.21 12:33:56.200,0.97557,0.97562,3.75,1.50
2016.09.21 12:33:56.252,0.97557,0.97562,1.00,1.50
2016.09.21 12:33:56.331,0.97558,0.97562,1.50,1.00
2016.09.21 12:33:56.388,0.97559,0.97565,1.00,1.37
2016.09.21 12:33:56.439,0.97558,0.97568,4.12,1.87
2016.09.21 12:33:56.492,0.97562,0.9757,1.00,3.00
2016.09.21 12:33:56.543,0.97566,0.9757,1.00,1.12
2016.09.21 12:33:56.594,0.97566,0.97571,1.00,1.87
2016.09.21 12:33:56.645,0.97566,0.97572,1.50,1.37
2016.09.21 12:33:56.697,0.97567,0.97572,1.00,1.00
2016.09.21 12:33:56.748,0.97567,0.97574,1.00,1.75
2016.09.21 12:33:56.799,0.97567,0.97574,1.00,1.50
2016.09.21 12:33:56.850,0.97567,0.97573,1.00,1.00
2016.09.21 12:33:56.952,0.97567,0.97577,1.00,3.00
2016.09.21 12:33:57.003,0.97567,0.97577,1.00,2.62
2016.09.21 12:33:57.215,0.97567,0.97577,1.00,2.25
2016.09.21 12:33:59.127,0.97567,0.97576,1.00,1.12
2016.09.21 12:33:59.229,0.97566,0.97576,1.12,1.12
2016.09.21 12:34:00.162,0.97566,0.97576,1.87,1.12
2016.09.21 12:34:00.327,0.97566,0.97576,2.62,1.12
2016.09.21 12:34:00.430,0.97566,0.97576,1.87,1.12
2016.09.21 12:34:00.861,0.97566,0.97576,2.62,1.12
2016.09.21 12:34:01.667,0.97566,0.97576,2.62,1.12
2016.09.21 12:34:01.770,0.97566,0.97576,1.87,1.12
2016.09.21 12:34:01.923,0.97566,0.97576,2.62,1.12
2016.09.21 12:34:02.025,0.97566,0.97576,1.87,1.12
2016.09.21 12:34:02.342,0.97566,0.97576,2.62,1.12
2016.09.21 12:34:02.464,0.97566,0.97576,2.62,1.12
2016.09.21 12:34:03.672,0.97566,0.97576,2.62,1.12
2016.09.21 12:34:03.825,0.97566,0.97576,1.87,1.12
2016.09.21 12:34:03.877,0.97566,0.97576,1.87,1.12
2016.09.21 12:34:04.627,0.97566,0.97576,2.62,1.12
2016.09.21 12:34:04.678,0.97566,0.97576,2.62,1.12
2016.09.21 12:34:04.729,0.97566,0.97576,2.62,1.50
2016.09.21 12:34:05.173,0.97566,0.97576,1.12,1.50
2016.09.21 12:34:05.691,0.97566,0.97576,1.12,1.50
2016.09.21 12:34:05.875,0.97566,0.97576,1.12,1.50
2016.09.21 12:34:07.034,0.97566,0.97574,1.12,1.00
2016.09.21 12:34:07.189,0.97566,0.97574,1.12,1.00
2016.09.21 12:34:07.240,0.97565,0.97571,1.00,1.12
2016.09.21 12:34:07.293,0.97565,0.97571,1.00,1.12
2016.09.21 12:34:07.344,0.97565,0.9757,1.00,1.00
2016.09.21 12:34:07.395,0.97565,0.9757,1.00,1.00
2016.09.21 12:34:07.446,0.97564,0.9757,1.00,1.37
2016.09.21 12:34:07.498,0.97564,0.9757,1.00,1.37
2016.09.21 12:34:07.549,0.97564,0.9757,1.00,1.87
2016.09.21 12:34:07.665,0.97561,0.9757,1.50,1.87
2016.09.21 12:34:07.770,0.97561,0.9757,1.00,1.87
2016.09.21 12:34:08.628,0.97561,0.9757,1.50,1.87
2016.09.21 12:34:09.300,0.97561,0.9757,1.50,1.87
2016.09.21 12:34:09.719,0.97561,0.9757,1.50,1.37
2016.09.21 12:34:11.553,0.97561,0.97569,1.50,1.50
2016.09.21 12:34:11.604,0.97561,0.97569,1.50,2.47
2016.09.21 12:34:11.656,0.97561,0.97565,1.50,1.00
2016.09.21 12:34:11.708,0.97561,0.97565,1.00,1.00
2016.09.21 12:34:11.811,0.97561,0.97566,1.00,1.50
2016.09.21 12:34:11.863,0.97558,0.97566,1.00,1.87
2016.09.21 12:34:12.118,0.97558,0.97565,1.00,1.12
2016.09.21 12:34:12.273,0.97557,0.97563,1.00,2.44
2016.09.21 12:34:12.324,0.97557,0.97562,1.00,1.12
2016.09.21 12:34:12.375,0.97557,0.97561,1.00,2.25
2016.09.21 12:34:12.427,0.97556,0.9756,1.00,1.12
2016.09.21 12:34:12.531,0.97556,0.9756,1.00,1.50
2016.09.21 12:34:12.583,0.97556,0.9756,1.00,1.12
2016.09.21 12:34:12.634,0.97556,0.9756,1.00,1.50
2016.09.21 12:34:12.685,0.97556,0.9756,1.00,1.87
2016.09.21 12:34:12.950,0.97551,0.9756,1.00,1.87
2016.09.21 12:34:13.001,0.97551,0.9756,1.00,1.87
2016.09.21 12:34:13.408,0.9755,0.9756,1.12,1.87
2016.09.21 12:34:16.598,0.9755,0.9756,1.12,1.50
2016.09.21 12:34:18.177,0.9755,0.9756,1.12,2.62
2016.09.21 12:34:18.380,0.9755,0.9756,1.12,3.00
2016.09.21 12:34:19.743,0.9755,0.9756,1.12,3.00
2016.09.21 12:34:19.795,0.9755,0.9756,3.37,1.50
2016.09.21 12:34:19.847,0.9755,0.9756,4.12,1.00
2016.09.21 12:34:19.898,0.9755,0.9756,3.37,1.00
2016.09.21 12:34:19.950,0.9755,0.97561,3.75,1.50
2016.09.21 12:34:20.264,0.9755,0.97561,3.75,1.12
2016.09.21 12:34:20.315,0.9755,0.97561,3.75,1.00
2016.09.21 12:34:20.924,0.9755,0.9756,3.00,1.00
2016.09.21 12:34:21.075,0.97551,0.9756,1.12,1.00
2016.09.21 12:34:22.611,0.97551,0.9756,1.12,1.00
2016.09.21 12:34:22.663,0.97553,0.97561,1.00,1.00
2016.09.21 12:34:22.714,0.97553,0.97562,1.50,1.50
2016.09.21 12:34:22.765,0.97553,0.97562,1.50,1.12
2016.09.21 12:34:22.918,0.97553,0.97562,1.50,1.00
2016.09.21 12:34:24.151,0.97553,0.97563,1.50,1.12
2016.09.21 12:34:24.245,0.97556,0.97563,1.00,1.00
2016.09.21 12:34:24.299,0.97558,0.97563,1.00,1.00
2016.09.21 12:34:24.351,0.97558,0.97567,1.00,2.62
2016.09.21 12:34:24.403,0.97558,0.97567,1.00,1.50
2016.09.21 12:34:24.455,0.97557,0.97567,3.00,1.00
2016.09.21 12:34:24.507,0.9756,0.97568,1.00,2.25
2016.09.21 12:34:24.559,0.9756,0.97568,1.50,1.12
2016.09.21 12:34:24.611,0.9756,0.97568,1.50,1.00
2016.09.21 12:34:24.663,0.9756,0.97569,1.50,2.62
2016.09.21 12:34:25.242,0.9756,0.97569,1.00,1.87
2016.09.21 12:34:25.449,0.9756,0.97569,1.50,1.87
2016.09.21 12:34:25.500,0.9756,0.97569,2.25,1.87
2016.09.21 12:34:25.954,0.9756,0.97569,1.50,1.87
2016.09.21 12:34:26.363,0.9756,0.97569,2.25,1.87
2016.09.21 12:34:27.852,0.97562,0.97569,1.00,1.87
2016.09.21 12:34:27.904,0.97562,0.97569,1.50,1.87
2016.09.21 12:34:28.108,0.97562,0.97569,1.50,1.50
2016.09.21 12:34:30.737,0.97562,0.97569,1.50,1.00
2016.09.21 12:34:30.789,0.97562,0.9757,1.50,1.50
2016.09.21 12:34:30.840,0.97562,0.97571,1.50,2.62
2016.09.21 12:34:30.943,0.97564,0.97571,1.50,3.75
2016.09.21 12:34:30.995,0.97564,0.97571,1.00,3.75
2016.09.21 12:34:31.094,0.97561,0.9757,4.50,1.00
2016.09.21 12:34:31.147,0.97561,0.9757,5.25,1.50
2016.09.21 12:34:31.872,0.97561,0.9757,5.25,1.00
2016.09.21 12:34:31.976,0.97561,0.9757,4.50,1.00
2016.09.21 12:34:32.180,0.97561,0.9757,3.75,1.00
2016.09.21 12:34:32.231,0.97562,0.9757,1.50,1.00
2016.09.21 12:34:33.339,0.97562,0.9757,1.50,1.37
2016.09.21 12:34:33.390,0.97562,0.9757,1.50,1.50
2016.09.21 12:34:33.441,0.97562,0.97569,1.50,1.00
2016.09.21 12:34:33.543,0.97562,0.9757,1.00,1.50
2016.09.21 12:34:33.747,0.97562,0.9757,1.50,1.50
2016.09.21 12:34:34.084,0.97562,0.9757,1.50,2.25
2016.09.21 12:34:34.494,0.97562,0.9757,1.00,2.25
2016.09.21 12:34:34.546,0.97561,0.9757,1.87,2.25
2016.09.21 12:34:34.649,0.97561,0.97569,1.87,1.00
2016.09.21 12:34:34.701,0.97561,0.9757,1.87,2.62
2016.09.21 12:34:34.752,0.97561,0.9757,1.87,1.87
2016.09.21 12:34:34.945,0.97561,0.9757,1.87,1.37
2016.09.21 12:34:35.047,0.97561,0.9757,1.87,1.87
2016.09.21 12:34:35.355,0.97561,0.9757,1.87,1.50
2016.09.21 12:34:35.458,0.97561,0.9757,1.87,2.25
2016.09.21 12:34:35.560,0.97561,0.9757,1.87,2.62
2016.09.21 12:34:35.876,0.97561,0.97571,1.87,1.87
2016.09.21 12:34:35.927,0.97563,0.97571,1.00,1.12
2016.09.21 12:34:35.979,0.97563,0.9757,1.50,1.37
2016.09.21 12:34:36.030,0.97563,0.9757,1.00,1.50
2016.09.21 12:34:36.081,0.9756,0.97571,2.62,5.25
2016.09.21 12:34:36.183,0.97561,0.9757,1.12,2.25
2016.09.21 12:34:36.844,0.97561,0.9757,1.12,1.37
2016.09.21 12:34:36.895,0.97561,0.9757,1.12,1.12
2016.09.21 12:34:36.946,0.97561,0.9757,1.12,1.12
2016.09.21 12:34:37.635,0.97561,0.9757,1.12,1.50
2016.09.21 12:34:37.688,0.97561,0.9757,1.12,2.25
2016.09.21 12:34:37.973,0.97561,0.97569,1.12,1.12
2016.09.21 12:34:38.025,0.97561,0.97569,1.00,1.50
2016.09.21 12:34:38.076,0.97561,0.97569,1.00,1.00
2016.09.21 12:34:38.178,0.9756,0.97569,1.50,1.00
2016.09.21 12:34:38.281,0.97561,0.97569,1.00,1.50
2016.09.21 12:34:38.332,0.97561,0.97569,1.00,1.87
2016.09.21 12:34:38.383,0.9756,0.97569,4.12,1.87
2016.09.21 12:34:38.722,0.9756,0.97569,3.37,1.87
2016.09.21 12:34:38.774,0.9756,0.97569,4.12,1.87
2016.09.21 12:34:39.538,0.97561,0.97569,1.00,1.87
2016.09.21 12:34:39.589,0.97561,0.97569,1.50,1.87
2016.09.21 12:34:39.696,0.97561,0.97569,1.00,1.87
2016.09.21 12:34:39.748,0.97559,0.97569,1.12,1.87
2016.09.21 12:34:42.282,0.97559,0.97568,1.12,1.12
2016.09.21 12:34:42.387,0.97557,0.97568,2.25,1.12
2016.09.21 12:34:42.490,0.97557,0.97568,1.75,1.12
2016.09.21 12:34:42.592,0.97557,0.97568,2.25,1.12
2016.09.21 12:34:42.950,0.97557,0.97568,1.75,1.12
2016.09.21 12:34:43.054,0.97557,0.97568,2.25,1.12
2016.09.21 12:34:44.235,0.97557,0.97568,2.25,1.87
2016.09.21 12:34:44.286,0.97557,0.97567,2.25,1.37
2016.09.21 12:34:44.678,0.97557,0.97567,2.25,1.37
2016.09.21 12:34:44.781,0.97557,0.97567,1.75,1.37
2016.09.21 12:34:44.883,0.97558,0.97567,2.25,1.37
2016.09.21 12:34:44.944,0.97558,0.97567,3.00,1.37
2016.09.21 12:34:45.269,0.97558,0.97568,3.00,1.50
2016.09.21 12:34:45.423,0.97558,0.97568,5.25,1.50
2016.09.21 12:34:45.529,0.97558,0.97568,5.25,1.37
2016.09.21 12:34:45.632,0.97558,0.97568,6.00,1.37
2016.09.21 12:34:45.684,0.9756,0.97568,1.00,1.37
2016.09.21 12:34:45.736,0.9756,0.97568,1.50,1.37
2016.09.21 12:34:46.014,0.9756,0.97569,1.50,1.12
2016.09.21 12:34:46.168,0.9756,0.97569,1.00,1.12
2016.09.21 12:34:46.220,0.97561,0.9757,3.00,2.62
2016.09.21 12:34:46.271,0.97562,0.9757,2.62,1.87
2016.09.21 12:34:46.323,0.97563,0.97571,1.00,2.25
2016.09.21 12:34:46.382,0.97566,0.97571,1.00,1.50
2016.09.21 12:34:46.435,0.97566,0.97571,4.12,1.00
2016.09.21 12:34:46.488,0.9757,0.97574,1.00,2.62
2016.09.21 12:34:46.543,0.9757,0.97574,1.00,2.25
2016.09.21 12:34:46.596,0.9757,0.97574,1.00,1.50
2016.09.21 12:34:46.647,0.97568,0.97576,4.50,1.87
2016.09.21 12:34:46.700,0.9757,0.97574,1.50,1.00
2016.09.21 12:34:46.752,0.9757,0.97576,1.00,2.25
2016.09.21 12:34:46.803,0.97568,0.97576,1.50,2.25
2016.09.21 12:34:46.909,0.97568,0.97576,2.25,2.25
2016.09.21 12:34:46.960,0.97568,0.97575,1.50,1.00
2016.09.21 12:34:47.012,0.97568,0.97575,1.00,1.12
2016.09.21 12:34:47.117,0.97568,0.97574,1.00,1.00
2016.09.21 12:34:47.394,0.97568,0.97575,1.00,1.87
2016.09.21 12:34:47.650,0.97568,0.97575,1.00,1.50
2016.09.21 12:34:47.753,0.97568,0.97575,1.00,1.87
2016.09.21 12:34:47.856,0.97568,0.97575,1.00,2.25
2016.09.21 12:34:48.323,0.97568,0.97575,1.00,1.50
2016.09.21 12:34:48.425,0.97568,0.97575,2.25,1.50
2016.09.21 12:34:48.476,0.97568,0.97575,2.25,1.00
2016.09.21 12:34:48.629,0.97568,0.97576,2.25,2.25
2016.09.21 12:34:48.681,0.97568,0.97576,2.25,1.00
2016.09.21 12:34:48.783,0.97569,0.97576,1.50,1.00
2016.09.21 12:34:48.834,0.97569,0.97576,2.25,1.00
2016.09.21 12:34:49.194,0.97569,0.97577,2.25,1.50
2016.09.21 12:34:49.246,0.97569,0.97578,2.25,1.87
2016.09.21 12:34:49.298,0.97569,0.97577,2.25,1.12
2016.09.21 12:34:49.808,0.97569,0.97577,1.50,1.12
2016.09.21 12:34:49.912,0.97569,0.97578,2.25,1.50
2016.09.21 12:34:50.072,0.97571,0.97578,1.00,1.50
2016.09.21 12:34:50.126,0.97571,0.97578,1.50,1.50
2016.09.21 12:34:50.177,0.97571,0.97578,1.50,1.37
2016.09.21 12:34:50.484,0.97571,0.97578,1.00,1.37
2016.09.21 12:34:50.560,0.97571,0.97578,1.50,1.37
2016.09.21 12:34:50.739,0.97571,0.97578,1.50,1.12
2016.09.21 12:34:50.794,0.97571,0.97578,1.00,2.62
2016.09.21 12:34:50.848,0.9757,0.97577,1.00,1.12
2016.09.21 12:34:50.899,0.9757,0.97576,1.00,1.37
2016.09.21 12:34:50.950,0.97567,0.97576,2.62,1.50
2016.09.21 12:34:51.030,0.97567,0.97576,1.87,1.50
2016.09.21 12:34:51.132,0.97568,0.97576,1.00,1.50
2016.09.21 12:34:51.337,0.97568,0.97576,1.00,2.25
2016.09.21 12:34:52.199,0.97568,0.97576,1.50,2.25
2016.09.21 12:34:52.284,0.97568,0.97576,2.25,2.25
2016.09.21 12:34:52.335,0.97568,0.97576,2.25,1.37
2016.09.21 12:34:52.387,0.97568,0.97577,2.25,2.62
2016.09.21 12:34:52.438,0.97568,0.97577,2.25,1.87
2016.09.21 12:34:52.592,0.97568,0.97577,2.25,2.25
2016.09.21 12:34:52.643,0.97568,0.97577,1.50,2.25
2016.09.21 12:34:52.694,0.97568,0.97576,1.50,1.00
2016.09.21 12:34:52.746,0.97568,0.97576,2.25,1.87
2016.09.21 12:34:52.797,0.97568,0.97576,1.50,1.87
2016.09.21 12:34:53.025,0.97568,0.97576,2.25,1.87
2016.09.21 12:34:53.179,0.97568,0.97574,2.25,2.62
2016.09.21 12:34:53.231,0.97568,0.97574,1.50,2.62
2016.09.21 12:34:53.283,0.97567,0.97572,4.50,1.37
2016.09.21 12:34:53.336,0.97566,0.97572,1.00,2.62
2016.09.21 12:34:53.388,0.97565,0.97569,1.50,1.00
2016.09.21 12:34:53.439,0.97562,0.97569,4.50,1.00
2016.09.21 12:34:53.490,0.97562,0.9757,1.00,1.50
2016.09.21 12:34:53.593,0.97562,0.9757,2.25,1.50
2016.09.21 12:34:53.695,0.97562,0.9757,1.50,1.50
2016.09.21 12:34:54.158,0.97562,0.9757,1.50,1.37
2016.09.21 12:34:54.311,0.97562,0.9757,1.00,1.37
2016.09.21 12:34:54.618,0.97562,0.9757,3.37,1.37
2016.09.21 12:34:54.669,0.97562,0.9757,4.12,1.37
2016.09.21 12:34:54.771,0.97562,0.9757,4.87,1.37
2016.09.21 12:34:55.314,0.97564,0.9757,1.00,1.37
2016.09.21 12:34:55.366,0.97566,0.9757,1.00,1.00
2016.09.21 12:34:55.417,0.97567,0.97571,3.37,1.00
2016.09.21 12:34:55.472,0.97567,0.97573,4.12,1.12
2016.09.21 12:34:55.541,0.9757,0.97576,4.12,4.12
2016.09.21 12:34:55.649,0.9757,0.97576,3.37,1.50
2016.09.21 12:34:55.701,0.9757,0.97577,4.12,1.87
2016.09.21 12:34:55.752,0.9757,0.97577,4.12,1.00
2016.09.21 12:34:56.038,0.9757,0.97578,4.12,1.37
2016.09.21 12:34:56.192,0.9757,0.97578,6.37,2.25
2016.09.21 12:34:56.243,0.9757,0.97578,5.62,2.25
2016.09.21 12:34:56.365,0.9757,0.97577,6.37,1.00
2016.09.21 12:34:56.572,0.97571,0.97577,1.00,1.50
2016.09.21 12:34:56.623,0.97571,0.97577,1.50,1.50
2016.09.21 12:34:56.674,0.97571,0.97577,1.50,1.00
2016.09.21 12:34:57.778,0.97571,0.97577,1.00,1.00
2016.09.21 12:34:57.881,0.97571,0.97577,1.50,1.00
2016.09.21 12:34:58.037,0.97571,0.97577,1.00,1.00
2016.09.21 12:34:58.088,0.97571,0.97577,1.50,1.00
2016.09.21 12:34:58.140,0.97571,0.97579,1.50,1.37
2016.09.21 12:34:58.242,0.97571,0.9758,1.50,1.75
2016.09.21 12:34:58.293,0.97571,0.9758,1.50,1.12
2016.09.21 12:34:58.345,0.97571,0.9758,1.50,1.12
2016.09.21 12:34:58.397,0.97572,0.9758,1.00,1.12
2016.09.21 12:34:58.448,0.97572,0.9758,1.00,1.37
2016.09.21 12:34:59.089,0.97572,0.9758,1.50,1.37
2016.09.21 12:34:59.140,0.97572,0.9758,4.87,1.37
2016.09.21 12:34:59.680,0.97572,0.9758,6.37,1.37
2016.09.21 12:34:59.885,0.97572,0.9758,7.87,1.37
2016.09.21 12:34:59.937,0.97573,0.9758,3.37,1.37
2016.09.21 12:34:59.989,0.97575,0.97582,1.00,2.62
2016.09.21 12:35:00.091,0.97576,0.97583,1.00,1.12
2016.09.21 12:35:00.182,0.97576,0.97583,1.50,1.12
2016.09.21 12:35:00.892,0.97576,0.97583,1.00,1.12
2016.09.21 12:35:00.944,0.97575,0.97583,1.00,1.50
2016.09.21 12:35:00.996,0.97574,0.97582,2.62,2.62
2016.09.21 12:35:01.049,0.97572,0.97582,3.00,2.62
2016.09.21 12:35:01.101,0.97572,0.97579,1.87,1.00
2016.09.21 12:35:01.205,0.97572,0.97579,1.00,1.12
2016.09.21 12:35:01.308,0.9757,0.97579,4.12,1.50
2016.09.21 12:35:01.514,0.97571,0.97579,1.00,1.50
2016.09.21 12:35:01.822,0.9757,0.97579,4.12,1.50
2016.09.21 12:35:02.026,0.9757,0.97579,4.12,1.12
2016.09.21 12:35:02.078,0.9757,0.97579,3.37,1.12
2016.09.21 12:35:02.674,0.9757,0.97579,3.37,1.87
2016.09.21 12:35:02.725,0.9757,0.97579,2.62,1.87
2016.09.21 12:35:02.827,0.97572,0.97579,1.50,1.87
2016.09.21 12:35:02.884,0.97572,0.97579,1.50,2.25
2016.09.21 12:35:04.715,0.97572,0.97579,1.00,2.25
2016.09.21 12:35:04.919,0.97572,0.97579,1.50,2.25
2016.09.21 12:35:05.196,0.97572,0.97579,1.50,1.87
2016.09.21 12:35:06.326,0.97571,0.97579,3.37,1.87
2016.09.21 12:35:07.625,0.97571,0.97579,2.62,1.87
2016.09.21 12:35:07.883,0.97571,0.97579,2.62,1.50
2016.09.21 12:35:08.036,0.9757,0.97579,4.12,1.12
2016.09.21 12:35:08.291,0.9757,0.97579,4.12,1.50
2016.09.21 12:35:09.697,0.9757,0.97577,3.37,1.00
2016.09.21 12:35:09.800,0.9757,0.97578,3.37,3.37
2016.09.21 12:35:09.953,0.9757,0.97578,1.50,3.37
2016.09.21 12:35:10.107,0.9757,0.97578,1.50,2.62
2016.09.21 12:35:10.622,0.9757,0.97578,1.00,2.62
2016.09.21 12:35:10.724,0.97568,0.97578,1.12,2.62
2016.09.21 12:35:12.221,0.9757,0.97578,1.00,1.87
2016.09.21 12:35:12.272,0.9757,0.97578,1.50,2.62
2016.09.21 12:35:12.592,0.9757,0.97578,1.50,1.87
2016.09.21 12:35:13.340,0.97569,0.97578,1.50,1.87
2016.09.21 12:35:13.442,0.97569,0.97578,1.00,1.87
2016.09.21 12:35:13.553,0.97569,0.97578,1.50,1.87
2016.09.21 12:35:14.320,0.97569,0.97578,1.00,1.87
2016.09.21 12:35:14.371,0.97568,0.97576,1.12,1.00
2016.09.21 12:35:14.513,0.97566,0.97571,1.50,3.37
2016.09.21 12:35:14.620,0.97565,0.9757,1.00,1.50
2016.09.21 12:35:14.671,0.97565,0.97569,1.00,1.00
2016.09.21 12:35:14.723,0.97563,0.97567,1.50,1.00
2016.09.21 12:35:14.774,0.97562,0.97566,3.00,1.00
2016.09.21 12:35:14.826,0.97558,0.97565,1.75,1.12
2016.09.21 12:35:14.877,0.97558,0.97565,1.37,1.12
2016.09.21 12:35:14.929,0.97557,0.97565,1.50,1.87
2016.09.21 12:35:14.980,0.97557,0.97565,1.37,2.25
2016.09.21 12:35:15.031,0.97557,0.97565,1.12,2.25
2016.09.21 12:35:15.164,0.97557,0.97565,1.00,1.87
2016.09.21 12:35:15.319,0.97557,0.97565,1.00,3.00
2016.09.21 12:35:15.532,0.97557,0.97565,1.00,3.37
2016.09.21 12:35:15.685,0.97557,0.97564,1.00,1.12
2016.09.21 12:35:15.856,0.97557,0.97565,1.00,2.62
2016.09.21 12:35:16.010,0.97557,0.97565,1.00,3.37
2016.09.21 12:35:16.164,0.97557,0.97564,1.00,1.00
2016.09.21 12:35:16.217,0.97555,0.97563,1.50,5.51
2016.09.21 12:35:16.268,0.97555,0.97562,1.50,1.67
2016.09.21 12:35:16.320,0.97555,0.9756,1.00,1.50
2016.09.21 12:35:16.371,0.97554,0.97559,1.00,1.00
2016.09.21 12:35:16.423,0.97552,0.97559,1.12,2.25
2016.09.21 12:35:16.521,0.97552,0.97559,1.00,3.00
2016.09.21 12:35:16.572,0.97552,0.97557,1.00,1.87
2016.09.21 12:35:16.624,0.97551,0.97557,1.00,2.25
2016.09.21 12:35:16.726,0.97552,0.97557,1.00,1.50
2016.09.21 12:35:16.930,0.97547,0.97557,4.50,1.50
2016.09.21 12:35:17.032,0.97547,0.97557,3.75,1.50
2016.09.21 12:35:17.291,0.97547,0.97557,4.50,1.50
2016.09.21 12:35:17.342,0.97547,0.97557,5.25,1.50
2016.09.21 12:35:17.393,0.97547,0.97557,5.25,1.00
2016.09.21 12:35:17.444,0.97549,0.97557,1.00,1.00
2016.09.21 12:35:17.547,0.97548,0.97557,1.00,1.00
2016.09.21 12:35:17.598,0.97549,0.97557,1.00,1.00
2016.09.21 12:35:17.650,0.97549,0.97558,1.12,1.37
2016.09.21 12:35:17.803,0.9755,0.97558,1.00,1.37
2016.09.21 12:35:18.377,0.9755,0.97559,1.00,2.62
2016.09.21 12:35:18.736,0.9755,0.97559,1.00,2.25
2016.09.21 12:35:18.788,0.9755,0.97559,1.00,1.50
2016.09.21 12:35:18.888,0.9755,0.97559,1.00,1.12
2016.09.21 12:35:20.646,0.9755,0.97559,1.12,1.00
2016.09.21 12:35:20.697,0.9755,0.97559,1.12,1.12
2016.09.21 12:35:21.211,0.9755,0.97559,1.12,1.00
2016.09.21 12:35:21.756,0.9755,0.97559,1.12,1.00
2016.09.21 12:35:21.808,0.9755,0.97559,1.12,1.00
2016.09.21 12:35:23.103,0.9755,0.97558,1.12,1.00
2016.09.21 12:35:23.154,0.9755,0.97557,1.12,1.00
2016.09.21 12:35:23.212,0.9755,0.97557,1.12,1.00
2016.09.21 12:35:23.264,0.97549,0.97558,2.62,1.50
2016.09.21 12:35:23.315,0.97548,0.97559,3.00,1.87
2016.09.21 12:35:23.366,0.97548,0.97559,3.00,2.25
2016.09.21 12:35:23.417,0.97548,0.97559,2.62,1.37
2016.09.21 12:35:23.469,0.97548,0.97559,3.37,1.12
2016.09.21 12:35:23.521,0.97549,0.9756,1.00,1.87
2016.09.21 12:35:23.572,0.97549,0.9756,1.50,1.87
2016.09.21 12:35:23.678,0.97549,0.9756,1.50,1.12
2016.09.21 12:35:23.737,0.97551,0.9756,1.00,1.12
2016.09.21 12:35:23.789,0.97549,0.9756,1.75,1.12
2016.09.21 12:35:24.150,0.97549,0.9756,1.75,1.50
2016.09.21 12:35:24.223,0.97548,0.9756,2.25,1.50
2016.09.21 12:35:24.275,0.97551,0.97558,1.00,2.62
2016.09.21 12:35:24.326,0.97548,0.97553,1.50,1.37
2016.09.21 12:35:24.429,0.97549,0.97553,1.00,2.62
2016.09.21 12:35:24.480,0.97547,0.97553,1.00,4.12
2016.09.21 12:35:24.546,0.97545,0.97551,1.50,1.12
2016.09.21 12:35:24.598,0.97545,0.97552,1.12,1.50
2016.09.21 12:35:24.700,0.97545,0.97551,1.00,1.12
2016.09.21 12:35:24.780,0.97544,0.97551,1.12,1.12
2016.09.21 12:35:24.835,0.97544,0.97551,1.00,1.00
2016.09.21 12:35:24.888,0.97544,0.97551,1.00,1.12
2016.09.21 12:35:25.001,0.97544,0.97551,1.00,1.50
2016.09.21 12:35:25.121,0.97544,0.9755,1.00,1.00
2016.09.21 12:35:25.233,0.97544,0.97549,1.00,1.00
2016.09.21 12:35:25.346,0.97544,0.97551,1.00,2.62
2016.09.21 12:35:25.454,0.97544,0.97551,1.00,1.87
2016.09.21 12:35:25.521,0.97539,0.97551,3.56,1.87
2016.09.21 12:35:25.670,0.97539,0.97551,3.00,1.87
2016.09.21 12:35:25.722,0.9754,0.9755,1.50,3.75
2016.09.21 12:35:25.953,0.97539,0.97551,2.62,1.87
2016.09.21 12:35:26.005,0.97539,0.97551,2.62,1.50
2016.09.21 12:35:26.056,0.9754,0.97551,1.00,1.50
2016.09.21 12:35:26.165,0.9754,0.97551,1.12,1.50
2016.09.21 12:35:26.217,0.9754,0.97552,2.62,1.75
2016.09.21 12:35:26.286,0.9754,0.97552,2.25,1.75
2016.09.21 12:35:26.353,0.97541,0.97551,1.00,1.50
2016.09.21 12:35:26.411,0.97541,0.97551,1.12,1.50
2016.09.21 12:35:26.475,0.97541,0.97551,1.12,1.12
2016.09.21 12:35:26.529,0.9754,0.97551,3.37,1.12
2016.09.21 12:35:26.581,0.9754,0.97551,2.62,1.12
2016.09.21 12:35:26.688,0.9754,0.97551,5.25,1.50
2016.09.21 12:35:26.840,0.9754,0.9755,4.50,1.50
2016.09.21 12:35:26.913,0.9754,0.97549,3.37,1.12
2016.09.21 12:35:26.970,0.9754,0.97549,2.25,1.00
2016.09.21 12:35:27.023,0.9754,0.9755,2.62,1.12
2016.09.21 12:35:27.077,0.9754,0.9755,3.00,1.87
2016.09.21 12:35:27.131,0.9754,0.9755,3.00,1.37
2016.09.21 12:35:27.401,0.9754,0.9755,2.25,1.50
2016.09.21 12:35:27.453,0.9754,0.9755,3.00,1.50
2016.09.21 12:35:27.504,0.9754,0.9755,3.00,1.87
2016.09.21 12:35:27.606,0.9754,0.9755,3.37,1.12
2016.09.21 12:35:27.708,0.9754,0.9755,3.75,1.50
2016.09.21 12:35:27.759,0.9754,0.9755,3.75,1.87
2016.09.21 12:35:27.811,0.9754,0.9755,3.37,1.50
2016.09.21 12:35:27.862,0.9754,0.9755,3.37,1.50
2016.09.21 12:35:28.347,0.9754,0.9755,3.37,1.12
2016.09.21 12:35:28.651,0.9754,0.9755,2.62,1.12
2016.09.21 12:35:28.753,0.9754,0.9755,1.87,1.12
2016.09.21 12:35:28.856,0.97539,0.9755,3.75,1.12
2016.09.21 12:35:28.907,0.97542,0.97552,1.00,2.62
2016.09.21 12:35:28.958,0.97542,0.97552,1.50,2.25
2016.09.21 12:35:29.009,0.97543,0.97552,1.00,1.75
2016.09.21 12:35:29.060,0.97543,0.97553,1.00,2.00
2016.09.21 12:35:29.111,0.97542,0.97553,1.50,1.69
2016.09.21 12:35:29.162,0.97542,0.97553,2.25,1.87
2016.09.21 12:35:29.213,0.97542,0.97553,2.62,1.87
2016.09.21 12:35:29.265,0.97542,0.97553,1.50,1.87
2016.09.21 12:35:29.316,0.97544,0.97553,1.00,1.50
2016.09.21 12:35:29.418,0.97542,0.97553,1.75,1.50
2016.09.21 12:35:29.520,0.97542,0.97553,1.75,1.50
2016.09.21 12:35:29.622,0.97542,0.97553,1.75,1.87
2016.09.21 12:35:29.724,0.97541,0.97552,2.25,1.00
2016.09.21 12:35:29.826,0.97542,0.97552,1.75,1.50
2016.09.21 12:35:29.979,0.97541,0.97552,1.75,2.25
2016.09.21 12:35:30.030,0.97541,0.97552,1.50,3.00
2016.09.21 12:35:30.132,0.97541,0.97552,1.50,2.25
2016.09.21 12:35:30.239,0.97541,0.97552,1.50,3.00
2016.09.21 12:35:30.341,0.97541,0.97552,3.00,1.50
2016.09.21 12:35:30.444,0.97541,0.97552,2.25,1.50
2016.09.21 12:35:30.592,0.97541,0.97552,2.25,1.50
2016.09.21 12:35:30.644,0.97541,0.97552,2.25,1.87
2016.09.21 12:35:30.917,0.97542,0.97552,1.12,1.12
2016.09.21 12:35:31.120,0.97542,0.97552,1.12,1.12
2016.09.21 12:35:31.417,0.97542,0.97552,1.12,1.12
2016.09.21 12:35:31.571,0.97542,0.97552,1.12,1.00
2016.09.21 12:35:31.622,0.97542,0.97553,1.12,4.31
2016.09.21 12:35:31.673,0.97542,0.97553,1.87,4.12
2016.09.21 12:35:31.724,0.97542,0.97553,1.87,3.75
2016.09.21 12:35:31.799,0.97542,0.97553,1.87,3.94
2016.09.21 12:35:31.851,0.97542,0.97553,1.12,2.62
2016.09.21 12:35:31.954,0.97542,0.97553,1.87,3.37
2016.09.21 12:35:32.058,0.97542,0.97552,1.12,1.00
2016.09.21 12:35:32.118,0.97541,0.97552,2.25,1.00
2016.09.21 12:35:32.220,0.97541,0.97552,1.50,1.50
2016.09.21 12:35:32.271,0.97541,0.97552,3.00,1.12
2016.09.21 12:35:32.421,0.97541,0.97552,3.75,1.12
2016.09.21 12:35:32.473,0.97542,0.97553,4.12,1.50
2016.09.21 12:35:32.525,0.97543,0.97553,1.12,1.50
2016.09.21 12:35:32.606,0.97544,0.97553,1.00,1.50
2016.09.21 12:35:32.658,0.97544,0.97556,1.00,1.75
2016.09.21 12:35:32.710,0.97544,0.97556,1.37,1.75
2016.09.21 12:35:32.762,0.97545,0.97556,1.12,1.50
2016.09.21 12:35:32.814,0.97545,0.97556,1.37,1.12
2016.09.21 12:35:32.869,0.97546,0.97557,1.50,1.87
2016.09.21 12:35:32.960,0.97546,0.97557,2.85,1.12
2016.09.21 12:35:33.063,0.97548,0.97558,1.00,1.00
2016.09.21 12:35:33.116,0.97548,0.97559,1.87,2.25
2016.09.21 12:35:33.168,0.97548,0.97559,1.87,1.50
2016.09.21 12:35:33.220,0.97548,0.97559,1.87,1.12
2016.09.21 12:35:33.271,0.97548,0.97559,3.75,1.12
2016.09.21 12:35:33.322,0.97549,0.97561,2.25,3.00
2016.09.21 12:35:33.374,0.97549,0.97561,2.25,3.00
2016.09.21 12:35:33.425,0.97549,0.97561,2.25,2.62
2016.09.21 12:35:33.478,0.97549,0.97561,3.75,2.25
2016.09.21 12:35:33.529,0.97549,0.97561,4.12,1.87
2016.09.21 12:35:33.580,0.97549,0.97561,4.12,1.87
2016.09.21 12:35:33.689,0.9755,0.97561,1.50,1.00
2016.09.21 12:35:33.741,0.9755,0.97561,1.12,1.50
2016.09.21 12:35:33.844,0.97549,0.97561,5.25,1.00
2016.09.21 12:35:33.947,0.97551,0.97561,1.50,1.00
2016.09.21 12:35:34.050,0.9755,0.97561,2.62,1.00
2016.09.21 12:35:34.152,0.97551,0.97561,1.50,1.00
2016.09.21 12:35:34.341,0.97553,0.97561,1.00,1.00
2016.09.21 12:35:34.651,0.97553,0.97563,1.00,3.37
2016.09.21 12:35:34.753,0.97553,0.97563,1.00,3.19
2016.09.21 12:35:34.810,0.97553,0.97563,1.00,3.19
2016.09.21 12:35:34.976,0.97553,0.97563,1.00,3.56
2016.09.21 12:35:35.601,0.97554,0.97563,1.00,1.00
2016.09.21 12:35:35.654,0.97563,0.97567,1.00,5.25
2016.09.21 12:35:35.705,0.97563,0.97567,1.00,1.50
2016.09.21 12:35:35.757,0.97563,0.97568,1.12,1.00
2016.09.21 12:35:35.808,0.97564,0.97569,1.00,1.00
2016.09.21 12:35:35.859,0.97566,0.97573,1.00,1.50
2016.09.21 12:35:35.911,0.97564,0.97573,4.50,1.50
2016.09.21 12:35:35.962,0.97566,0.97572,1.00,1.50
2016.09.21 12:35:36.014,0.97566,0.97572,1.00,1.12
2016.09.21 12:35:36.065,0.97566,0.97571,1.00,1.00
2016.09.21 12:35:36.347,0.97566,0.97571,1.00,1.50
2016.09.21 12:35:36.399,0.97566,0.97571,1.00,1.50
2016.09.21 12:35:36.450,0.97564,0.97568,1.50,1.00
2016.09.21 12:35:36.502,0.97564,0.97568,1.00,1.00
2016.09.21 12:35:36.554,0.9756,0.97568,2.62,1.00
2016.09.21 12:35:36.605,0.9756,0.97568,1.50,1.00
2016.09.21 12:35:36.657,0.9756,0.9757,1.12,1.50
2016.09.21 12:35:36.708,0.9756,0.9757,1.00,1.50
2016.09.21 12:35:36.759,0.9756,0.9757,1.00,1.50
2016.09.21 12:35:36.922,0.9756,0.97571,2.25,2.25
2016.09.21 12:35:36.974,0.97561,0.97571,1.00,1.75
2016.09.21 12:35:37.077,0.97562,0.97572,1.00,1.75
2016.09.21 12:35:37.129,0.97562,0.9757,1.00,1.00
2016.09.21 12:35:37.180,0.97563,0.97573,1.00,1.12
2016.09.21 12:35:37.232,0.97563,0.97573,1.00,1.12
2016.09.21 12:35:37.283,0.97563,0.97573,1.00,1.37
2016.09.21 12:35:37.334,0.97563,0.97573,1.12,1.12
2016.09.21 12:35:37.386,0.97563,0.97574,1.12,1.50
2016.09.21 12:35:37.527,0.97563,0.97574,1.87,1.50
2016.09.21 12:35:37.579,0.97563,0.97574,1.87,1.87
2016.09.21 12:35:37.631,0.97563,0.97574,1.12,2.62
2016.09.21 12:35:37.683,0.97564,0.97574,1.00,1.87
2016.09.21 12:35:37.734,0.97564,0.97574,1.37,1.50
2016.09.21 12:35:37.786,0.97563,0.97574,1.50,1.87
2016.09.21 12:35:37.838,0.97564,0.97574,1.12,1.50
2016.09.21 12:35:37.891,0.97564,0.97574,1.87,1.12
2016.09.21 12:35:37.958,0.97564,0.97575,2.62,1.75
2016.09.21 12:35:38.010,0.97565,0.97575,1.12,1.75
2016.09.21 12:35:38.113,0.97566,0.97577,1.00,1.87
2016.09.21 12:35:38.165,0.97567,0.97578,1.50,2.25
2016.09.21 12:35:38.216,0.97567,0.97578,1.87,2.25
2016.09.21 12:35:38.268,0.97567,0.97578,1.87,1.87
2016.09.21 12:35:38.371,0.97567,0.97578,1.87,1.87
2016.09.21 12:35:38.423,0.97568,0.97578,1.12,1.37
2016.09.21 12:35:38.475,0.97568,0.9758,2.62,4.87
2016.09.21 12:35:38.526,0.97568,0.9758,2.62,4.12
2016.09.21 12:35:38.578,0.97569,0.9758,1.12,3.00
2016.09.21 12:35:38.630,0.97569,0.97578,2.25,1.00
2016.09.21 12:35:38.683,0.9757,0.9758,1.12,1.75
2016.09.21 12:35:38.782,0.9757,0.9758,1.12,1.75
2016.09.21 12:35:38.885,0.9757,0.97581,1.12,5.25
2016.09.21 12:35:38.936,0.9757,0.97581,1.00,5.25
2016.09.21 12:35:38.987,0.9757,0.97581,1.00,3.37
2016.09.21 12:35:39.039,0.9757,0.9758,1.00,1.75
2016.09.21 12:35:39.193,0.9757,0.9758,1.00,1.75
2016.09.21 12:35:39.296,0.9757,0.9758,1.00,1.75
2016.09.21 12:35:39.472,0.9757,0.9758,1.00,1.75
2016.09.21 12:35:39.524,0.97572,0.97581,1.00,3.00
2016.09.21 12:35:39.575,0.97572,0.97581,1.42,1.75
2016.09.21 12:35:39.626,0.97572,0.97582,1.42,2.62
2016.09.21 12:35:39.681,0.97575,0.97584,1.00,2.25
2016.09.21 12:35:39.733,0.97575,0.97584,1.00,1.12
2016.09.21 12:35:39.837,0.97575,0.97584,1.00,1.37
2016.09.21 12:35:39.941,0.97574,0.97582,1.00,1.00
2016.09.21 12:35:39.997,0.97573,0.97582,1.12,1.00
2016.09.21 12:35:40.150,0.97573,0.97582,1.12,1.50
2016.09.21 12:35:40.694,0.97572,0.97582,1.12,1.50
2016.09.21 12:35:40.951,0.97573,0.97582,1.00,1.50
2016.09.21 12:35:41.816,0.97573,0.97582,1.00,1.50
2016.09.21 12:35:41.879,0.97573,0.97582,1.00,1.87
2016.09.21 12:35:41.931,0.97573,0.97581,1.00,1.37
2016.09.21 12:35:41.984,0.97571,0.97581,1.12,1.87
2016.09.21 12:35:42.036,0.97571,0.97579,1.12,1.00
2016.09.21 12:35:42.242,0.97571,0.97578,1.00,1.50
2016.09.21 12:35:42.345,0.97571,0.97576,1.00,1.00
2016.09.21 12:35:42.396,0.9757,0.97576,1.12,1.00
2016.09.21 12:35:42.500,0.97568,0.97575,1.12,1.87
2016.09.21 12:35:42.556,0.97564,0.97571,3.37,1.00
2016.09.21 12:35:42.659,0.97564,0.9757,2.62,1.00
2016.09.21 12:35:42.727,0.97564,0.97572,2.62,1.87
2016.09.21 12:35:42.780,0.97564,0.97572,1.87,3.00
2016.09.21 12:35:42.832,0.97564,0.97571,1.87,1.12
2016.09.21 12:35:42.889,0.97564,0.97571,1.00,1.87
2016.09.21 12:35:42.943,0.97562,0.9757,1.00,1.00
2016.09.21 12:35:42.994,0.97561,0.9757,1.87,1.00
2016.09.21 12:35:43.125,0.97561,0.97571,1.87,2.25
2016.09.21 12:35:43.177,0.97561,0.97571,1.87,1.87
2016.09.21 12:35:43.230,0.97561,0.97571,5.06,1.12
2016.09.21 12:35:43.282,0.97563,0.97573,1.12,1.75
2016.09.21 12:35:43.333,0.97563,0.97574,1.87,1.75
2016.09.21 12:35:43.385,0.97565,0.97575,1.50,1.75
2016.09.21 12:35:43.438,0.97565,0.97574,2.62,1.00
2016.09.21 12:35:43.491,0.97566,0.97577,1.00,2.25
2016.09.21 12:35:43.542,0.97566,0.97577,1.50,2.25
2016.09.21 12:35:43.594,0.97566,0.97577,1.87,2.25
2016.09.21 12:35:43.645,0.97567,0.97577,1.50,2.25
2016.09.21 12:35:43.749,0.97567,0.97578,5.47,1.50
2016.09.21 12:35:43.801,0.97567,0.97578,6.60,1.50
2016.09.21 12:35:43.853,0.9757,0.97578,1.00,1.50
2016.09.21 12:35:43.908,0.9757,0.9758,1.00,1.87
2016.09.21 12:35:43.961,0.97571,0.9758,1.00,1.00
2016.09.21 12:35:44.362,0.97571,0.97581,1.00,1.87
2016.09.21 12:35:44.469,0.97571,0.97581,1.00,1.50
2016.09.21 12:35:44.572,0.97571,0.9758,1.00,1.00
2016.09.21 12:35:44.624,0.97571,0.9758,1.00,1.00
2016.09.21 12:35:44.729,0.97571,0.9758,1.00,1.00
2016.09.21 12:35:44.780,0.97571,0.9758,1.00,1.87
2016.09.21 12:35:44.831,0.97571,0.9758,1.00,1.87
2016.09.21 12:35:44.882,0.9757,0.9758,1.00,1.50
2016.09.21 12:35:44.984,0.9757,0.9758,1.00,2.62
2016.09.21 12:35:45.035,0.9757,0.9758,1.00,2.62
2016.09.21 12:35:45.087,0.9757,0.9758,1.00,1.87
2016.09.21 12:35:45.189,0.9757,0.9758,1.00,2.62
2016.09.21 12:35:45.460,0.9757,0.9758,1.00,1.50
2016.09.21 12:35:45.511,0.9757,0.97579,1.00,1.00
2016.09.21 12:35:45.564,0.97571,0.9758,1.00,1.50
2016.09.21 12:35:45.616,0.97571,0.9758,1.00,1.87
2016.09.21 12:35:45.771,0.9757,0.97579,1.50,1.12
2016.09.21 12:35:45.904,0.9757,0.97579,1.50,1.50
2016.09.21 12:35:45.956,0.9757,0.97579,1.87,1.50
2016.09.21 12:35:46.007,0.9757,0.97579,1.12,1.87
2016.09.21 12:35:46.165,0.9757,0.97579,1.12,1.12
2016.09.21 12:35:46.424,0.9757,0.97579,1.12,1.12
2016.09.21 12:35:46.476,0.97569,0.97579,2.62,1.00
2016.09.21 12:35:46.528,0.97569,0.97579,1.87,1.50
2016.09.21 12:35:46.646,0.9757,0.9758,1.12,1.50
2016.09.21 12:35:46.750,0.9757,0.9758,1.12,1.50
2016.09.21 12:35:46.853,0.9757,0.9758,1.12,1.50
2016.09.21 12:35:47.061,0.9757,0.9758,1.12,1.50
2016.09.21 12:35:47.112,0.9757,0.9758,1.12,1.50
2016.09.21 12:35:47.164,0.9757,0.9758,1.12,1.12
2016.09.21 12:35:47.319,0.9757,0.9758,3.00,1.12
2016.09.21 12:35:47.372,0.97572,0.97583,1.00,2.62
2016.09.21 12:35:47.679,0.97572,0.97583,1.00,3.37
2016.09.21 12:35:48.193,0.97572,0.97583,1.00,2.62
2016.09.21 12:35:48.874,0.97572,0.97583,1.00,2.62
2016.09.21 12:35:48.977,0.97572,0.97582,1.00,1.50
2016.09.21 12:35:49.768,0.97573,0.97582,1.50,1.50
2016.09.21 12:35:49.820,0.97574,0.97584,1.12,2.25
2016.09.21 12:35:49.873,0.97576,0.97585,1.50,3.37
2016.09.21 12:35:49.925,0.97576,0.97585,1.50,3.00
2016.09.21 12:35:49.977,0.97576,0.97587,3.00,2.25
2016.09.21 12:35:50.028,0.97576,0.97587,3.00,1.87
2016.09.21 12:35:50.079,0.97576,0.97586,1.87,1.12
2016.09.21 12:35:50.877,0.97577,0.97586,1.00,1.12
2016.09.21 12:35:50.979,0.97577,0.97587,1.00,1.50
2016.09.21 12:35:51.244,0.97576,0.97586,3.37,1.00
2016.09.21 12:35:51.295,0.97577,0.97586,1.50,1.00
2016.09.21 12:35:51.347,0.97577,0.97586,1.50,1.50
2016.09.21 12:35:51.401,0.97576,0.97586,1.12,1.50
2016.09.21 12:35:51.557,0.97576,0.97586,1.12,1.50
2016.09.21 12:35:51.818,0.97576,0.97586,1.12,1.87
2016.09.21 12:35:51.926,0.97576,0.97586,1.12,1.87
2016.09.21 12:35:52.030,0.97575,0.97585,1.50,1.12
2016.09.21 12:35:52.337,0.97575,0.97585,1.50,1.00
2016.09.21 12:35:52.389,0.97576,0.97585,1.12,1.00
2016.09.21 12:35:52.578,0.97576,0.97585,1.12,1.00
2016.09.21 12:35:52.890,0.97576,0.97585,1.12,1.00
2016.09.21 12:35:52.992,0.97576,0.97585,1.00,1.00
2016.09.21 12:35:53.043,0.97576,0.97585,1.00,1.12
2016.09.21 12:35:53.094,0.97576,0.97585,1.00,1.87
2016.09.21 12:35:53.165,0.97576,0.97583,1.00,1.00
2016.09.21 12:35:53.217,0.97575,0.97583,1.00,2.25
2016.09.21 12:35:53.273,0.97575,0.9758,1.00,1.12
2016.09.21 12:35:53.325,0.97572,0.9758,1.75,1.12
2016.09.21 12:35:53.377,0.97572,0.9758,1.50,1.00
2016.09.21 12:35:53.432,0.97572,0.97579,1.12,1.12
2016.09.21 12:35:53.484,0.97572,0.97579,1.00,1.12
2016.09.21 12:35:53.535,0.97571,0.97579,1.00,1.00
2016.09.21 12:35:53.586,0.97571,0.97579,1.00,1.00
2016.09.21 12:35:53.638,0.97571,0.97579,1.00,1.12
2016.09.21 12:35:53.811,0.97569,0.97578,1.12,1.00
2016.09.21 12:35:54.070,0.97569,0.97579,1.12,1.00
2016.09.21 12:35:54.225,0.97569,0.97579,1.12,1.00
2016.09.21 12:35:55.126,0.97569,0.97579,1.12,1.50
2016.09.21 12:35:55.229,0.97569,0.97578,1.12,1.00
2016.09.21 12:35:55.282,0.97569,0.97578,1.12,1.12
2016.09.21 12:35:55.380,0.97569,0.97578,1.12,1.87
2016.09.21 12:35:55.432,0.97569,0.97577,1.12,1.12
2016.09.21 12:35:55.484,0.97569,0.97577,1.00,1.87
2016.09.21 12:35:55.556,0.97568,0.97576,1.12,2.62
2016.09.21 12:35:55.608,0.97566,0.97574,1.87,1.12
2016.09.21 12:35:55.660,0.97566,0.97574,1.12,2.62
2016.09.21 12:35:55.765,0.97565,0.97574,1.12,2.25
2016.09.21 12:35:55.868,0.97565,0.97574,1.12,1.50
2016.09.21 12:35:55.972,0.97565,0.97574,1.12,2.25
2016.09.21 12:35:56.075,0.97565,0.97576,1.87,4.12
2016.09.21 12:35:56.127,0.97565,0.97576,1.87,3.37
2016.09.21 12:35:56.178,0.97565,0.97576,1.12,2.62
2016.09.21 12:35:56.230,0.97566,0.97576,1.00,1.37
2016.09.21 12:35:56.385,0.97566,0.97577,1.00,2.62
2016.09.21 12:35:56.436,0.97567,0.97577,1.00,1.87
2016.09.21 12:35:56.539,0.97567,0.97577,1.00,1.75
2016.09.21 12:35:56.591,0.97567,0.97577,1.37,1.37
2016.09.21 12:35:56.643,0.97567,0.97577,1.37,1.00
2016.09.21 12:35:56.850,0.97567,0.97576,1.37,1.00
2016.09.21 12:35:57.031,0.97566,0.97575,1.50,1.50
2016.09.21 12:35:57.087,0.97566,0.97575,1.50,1.87
2016.09.21 12:35:57.140,0.97566,0.97575,1.50,3.00
2016.09.21 12:35:57.191,0.97566,0.97575,1.00,4.12
2016.09.21 12:35:57.243,0.97566,0.97574,1.00,1.12
2016.09.21 12:35:57.295,0.97566,0.97574,1.00,1.50
2016.09.21 12:35:57.379,0.97566,0.97574,1.00,1.87
2016.09.21 12:35:57.431,0.97565,0.97575,1.12,2.25
2016.09.21 12:35:57.533,0.97565,0.97575,3.00,1.00
2016.09.21 12:35:57.584,0.97565,0.97576,3.00,1.50
2016.09.21 12:35:57.636,0.97565,0.97576,3.75,1.00
2016.09.21 12:35:57.740,0.97566,0.97576,1.12,1.00
2016.09.21 12:35:57.792,0.97566,0.97576,1.12,1.00
2016.09.21 12:35:58.107,0.97566,0.97576,1.12,1.00
2016.09.21 12:35:58.415,0.97567,0.97576,1.00,1.00
2016.09.21 12:35:58.827,0.97566,0.97576,1.87,1.00
2016.09.21 12:35:58.930,0.97567,0.97576,1.00,1.00
2016.09.21 12:35:59.551,0.97567,0.97578,1.50,1.75
2016.09.21 12:35:59.602,0.97567,0.97578,2.85,1.75
2016.09.21 12:35:59.653,0.97569,0.97578,1.50,1.75
2016.09.21 12:35:59.705,0.97569,0.9758,2.62,1.75
2016.09.21 12:35:59.756,0.9757,0.9758,1.00,1.75
2016.09.21 12:35:59.807,0.9757,0.9758,1.00,1.50
2016.09.21 12:35:59.910,0.97572,0.97582,1.00,1.87
2016.09.21 12:35:59.963,0.97572,0.97582,1.00,1.75
2016.09.21 12:36:00.014,0.97572,0.97582,1.00,1.37
2016.09.21 12:36:00.131,0.97572,0.97582,2.62,1.12
2016.09.21 12:36:00.183,0.97572,0.97582,2.62,1.12
2016.09.21 12:36:00.234,0.97574,0.97583,1.50,1.87
2016.09.21 12:36:00.286,0.97574,0.97583,1.50,1.50
2016.09.21 12:36:00.493,0.97574,0.97583,1.87,1.12
2016.09.21 12:36:00.563,0.97574,0.97583,1.87,1.00
2016.09.21 12:36:00.615,0.97574,0.97584,1.87,3.00
2016.09.21 12:36:00.761,0.97574,0.97584,2.25,2.62
2016.09.21 12:36:00.813,0.97574,0.97584,2.62,1.50
2016.09.21 12:36:00.864,0.97574,0.97584,1.87,1.50
2016.09.21 12:36:00.916,0.97576,0.97586,1.00,1.75
2016.09.21 12:36:00.968,0.97576,0.97587,1.00,3.37
2016.09.21 12:36:01.019,0.97577,0.97587,1.00,2.62
2016.09.21 12:36:01.071,0.97577,0.97587,1.00,1.87
2016.09.21 12:36:01.125,0.97577,0.97587,1.12,1.50
2016.09.21 12:36:01.177,0.97577,0.97587,1.12,1.00
2016.09.21 12:36:01.228,0.97577,0.97587,1.00,1.12
2016.09.21 12:36:01.914,0.97576,0.97587,1.50,1.87
2016.09.21 12:36:02.129,0.97576,0.97587,2.62,1.75
2016.09.21 12:36:02.180,0.97578,0.97587,1.00,1.75
2016.09.21 12:36:02.283,0.97578,0.97588,1.50,1.75
2016.09.21 12:36:02.334,0.97579,0.97589,1.00,2.25
2016.09.21 12:36:02.385,0.97579,0.97589,1.00,1.87
2016.09.21 12:36:02.436,0.97578,0.97589,1.87,2.62
2016.09.21 12:36:02.644,0.97579,0.97589,1.00,1.87
2016.09.21 12:36:02.747,0.97579,0.97589,1.00,1.87
2016.09.21 12:36:02.798,0.97579,0.97589,1.00,1.87
2016.09.21 12:36:02.913,0.97579,0.9759,1.00,4.50
2016.09.21 12:36:02.965,0.97579,0.9759,1.00,3.37
2016.09.21 12:36:03.016,0.97579,0.9759,1.12,3.00
2016.09.21 12:36:03.068,0.97579,0.9759,1.87,1.87
2016.09.21 12:36:03.121,0.9758,0.9759,1.00,1.37
2016.09.21 12:36:03.224,0.9758,0.9759,1.12,1.00
2016.09.21 12:36:03.328,0.9758,0.9759,1.12,1.12
2016.09.21 12:36:04.321,0.9758,0.9759,1.12,1.00
2016.09.21 12:36:05.422,0.9758,0.9759,1.12,1.12
2016.09.21 12:36:06.001,0.9758,0.9759,1.12,1.12
2016.09.21 12:36:06.053,0.97581,0.9759,1.00,1.00
2016.09.21 12:36:06.152,0.97581,0.97591,3.37,1.37
2016.09.21 12:36:06.204,0.97581,0.97592,3.37,1.50
2016.09.21 12:36:06.257,0.97581,0.97592,3.00,1.00
2016.09.21 12:36:06.360,0.97582,0.97592,1.12,1.00
2016.09.21 12:36:06.616,0.97582,0.97592,1.12,1.00
2016.09.21 12:36:06.935,0.97582,0.97593,1.00,2.25
2016.09.21 12:36:06.986,0.97582,0.97593,1.00,1.87
2016.09.21 12:36:07.038,0.97582,0.97593,1.50,1.87
2016.09.21 12:36:07.140,0.97582,0.97593,1.50,1.87
2016.09.21 12:36:07.243,0.97582,0.97593,2.25,1.50
2016.09.21 12:36:07.345,0.97582,0.97593,3.00,1.50
2016.09.21 12:36:07.448,0.97582,0.97593,3.75,1.50
2016.09.21 12:36:07.743,0.97582,0.97593,3.75,1.87
2016.09.21 12:36:07.847,0.97582,0.97593,3.75,1.87
2016.09.21 12:36:08.205,0.97582,0.97593,3.75,1.87
2016.09.21 12:36:08.257,0.97582,0.97593,3.75,1.50
2016.09.21 12:36:08.669,0.97582,0.97593,3.75,1.87
2016.09.21 12:36:08.721,0.97582,0.97593,3.75,1.87
2016.09.21 12:36:08.826,0.97583,0.97593,1.37,1.12
2016.09.21 12:36:08.877,0.97583,0.97593,1.37,3.00
2016.09.21 12:36:08.928,0.97583,0.9759,1.37,1.12
2016.09.21 12:36:08.979,0.97583,0.9759,1.37,1.50
2016.09.21 12:36:09.031,0.97581,0.9759,1.50,2.10
2016.09.21 12:36:09.082,0.97581,0.9759,1.50,4.72
2016.09.21 12:36:09.178,0.97581,0.9759,1.50,7.20
2016.09.21 12:36:09.232,0.97581,0.97589,1.00,1.87
2016.09.21 12:36:09.284,0.97581,0.97587,1.00,1.00
2016.09.21 12:36:09.541,0.9758,0.97589,1.00,1.50
2016.09.21 12:36:09.645,0.97581,0.97589,1.00,1.12
2016.09.21 12:36:09.749,0.97581,0.97589,1.00,1.00
2016.09.21 12:36:09.949,0.97581,0.97589,1.00,1.00
2016.09.21 12:36:10.156,0.97578,0.97589,1.75,1.00
2016.09.21 12:36:10.207,0.97578,0.97589,1.75,1.00
2016.09.21 12:36:10.259,0.97578,0.97589,3.00,1.00
2016.09.21 12:36:10.311,0.97578,0.97589,3.00,1.00
2016.09.21 12:36:10.363,0.97578,0.97589,3.75,1.87
2016.09.21 12:36:10.415,0.97578,0.97589,3.75,1.87
2016.09.21 12:36:10.467,0.9758,0.97589,1.12,1.12
2016.09.21 12:36:10.590,0.9758,0.97589,1.12,3.00
2016.09.21 12:36:10.642,0.97578,0.97587,4.12,1.00
2016.09.21 12:36:10.693,0.97578,0.97587,3.75,1.50
2016.09.21 12:36:10.746,0.97578,0.97585,1.00,1.00
2016.09.21 12:36:11.260,0.97576,0.97585,1.50,1.00
2016.09.21 12:36:11.979,0.97576,0.97585,1.00,1.00
2016.09.21 12:36:12.262,0.97576,0.97585,1.00,1.50
2016.09.21 12:36:12.466,0.97576,0.97585,1.00,1.00
2016.09.21 12:36:12.569,0.97576,0.97585,1.00,1.12
2016.09.21 12:36:12.671,0.97576,0.97585,1.00,1.00
2016.09.21 12:36:13.220,0.97576,0.97584,1.00,1.00
2016.09.21 12:36:13.274,0.97575,0.97584,1.50,1.50
2016.09.21 12:36:13.376,0.97575,0.97583,1.50,1.00
2016.09.21 12:36:13.526,0.97575,0.97583,1.00,1.12
2016.09.21 12:36:13.578,0.97575,0.97584,1.00,1.50
2016.09.21 12:36:13.629,0.97575,0.97584,1.00,1.87
2016.09.21 12:36:13.937,0.97575,0.97583,1.00,1.37
2016.09.21 12:36:13.989,0.97575,0.97583,1.00,1.87
2016.09.21 12:36:14.041,0.97574,0.97583,1.50,1.87
2016.09.21 12:36:14.244,0.97574,0.97583,1.50,1.37
2016.09.21 12:36:14.658,0.97575,0.97583,1.12,1.37
2016.09.21 12:36:14.760,0.97574,0.97583,1.50,1.37
2016.09.21 12:36:15.759,0.97574,0.97584,1.50,2.25
2016.09.21 12:36:15.839,0.97574,0.97584,1.50,1.50
2016.09.21 12:36:15.911,0.97574,0.97581,1.50,2.25
2016.09.21 12:36:15.965,0.9757,0.97579,2.25,1.00
2016.09.21 12:36:16.018,0.9757,0.97579,2.25,1.00
2016.09.21 12:36:16.070,0.9757,0.97578,1.50,1.00
2016.09.21 12:36:16.173,0.9757,0.97578,1.00,1.00
2016.09.21 12:36:16.276,0.9757,0.97578,1.00,1.12
2016.09.21 12:36:16.379,0.9757,0.97579,1.00,1.87
2016.09.21 12:36:16.689,0.97568,0.97579,1.12,1.87
2016.09.21 12:36:16.843,0.97568,0.97579,1.12,2.62
2016.09.21 12:36:17.004,0.97568,0.97578,1.12,1.00
2016.09.21 12:36:17.055,0.97568,0.97576,1.12,1.00
2016.09.21 12:36:17.157,0.97566,0.97575,2.25,1.00
2016.09.21 12:36:17.208,0.97566,0.97575,2.25,1.00
2016.09.21 12:36:17.259,0.97566,0.97576,1.87,1.87
2016.09.21 12:36:17.356,0.97566,0.97576,1.87,3.00
2016.09.21 12:36:17.461,0.97566,0.97576,1.12,3.00
2016.09.21 12:36:17.564,0.97566,0.97576,1.87,3.00
2016.09.21 12:36:17.667,0.97566,0.97576,1.12,3.00
2016.09.21 12:36:17.821,0.97566,0.97576,1.12,3.37
2016.09.21 12:36:18.608,0.97566,0.97576,1.12,2.62
2016.09.21 12:36:18.710,0.97566,0.97576,1.12,2.25
2016.09.21 12:36:19.205,0.97566,0.97576,1.12,2.62
2016.09.21 12:36:19.308,0.97566,0.97576,1.12,5.06
2016.09.21 12:36:19.360,0.97566,0.97574,1.12,1.12
2016.09.21 12:36:19.411,0.97566,0.97573,1.12,2.25
2016.09.21 12:36:19.462,0.97565,0.97571,1.50,1.12
2016.09.21 12:36:19.514,0.97565,0.97571,1.50,2.62
2016.09.21 12:36:19.620,0.97562,0.97569,2.25,1.12
2016.09.21 12:36:19.674,0.97562,0.97566,1.87,1.00
2016.09.21 12:36:19.726,0.97562,0.97569,1.12,1.00
2016.09.21 12:36:19.780,0.97561,0.97569,1.00,1.00
2016.09.21 12:36:19.883,0.97562,0.9757,1.00,1.87
2016.09.21 12:36:19.935,0.97562,0.9757,1.00,2.25
2016.09.21 12:36:20.224,0.97562,0.9757,1.00,1.87
2016.09.21 12:36:20.483,0.97562,0.9757,1.00,1.50
2016.09.21 12:36:20.558,0.97562,0.97571,1.00,1.75
2016.09.21 12:36:20.610,0.97562,0.97572,1.00,3.37
2016.09.21 12:36:20.661,0.97562,0.97572,1.50,1.50
2016.09.21 12:36:20.712,0.97562,0.97572,1.50,1.00
2016.09.21 12:36:20.764,0.97562,0.97572,2.25,1.00
2016.09.21 12:36:20.815,0.97562,0.97572,3.00,1.00
2016.09.21 12:36:20.866,0.97563,0.97572,1.00,3.00
2016.09.21 12:36:20.956,0.97562,0.97572,1.50,3.00
2016.09.21 12:36:21.007,0.97562,0.97572,1.75,2.25
2016.09.21 12:36:21.059,0.97562,0.97571,1.75,1.00
2016.09.21 12:36:21.110,0.97562,0.97571,1.12,1.12
2016.09.21 12:36:21.162,0.97562,0.97572,1.12,3.75
2016.09.21 12:36:21.213,0.97562,0.97572,1.12,3.37
2016.09.21 12:36:21.265,0.97562,0.97572,1.12,3.75
2016.09.21 12:36:21.317,0.97562,0.97571,1.12,1.00
2016.09.21 12:36:21.623,0.97562,0.97572,1.12,3.75
2016.09.21 12:36:21.729,0.97562,0.97571,1.12,1.12
2016.09.21 12:36:21.886,0.97562,0.9757,1.12,1.00
2016.09.21 12:36:21.989,0.97562,0.9757,1.12,1.12
2016.09.21 12:36:22.092,0.9756,0.9757,1.12,1.50
2016.09.21 12:36:22.143,0.9756,0.9757,1.12,1.87
2016.09.21 12:36:22.194,0.97558,0.9757,3.37,2.62
2016.09.21 12:36:22.295,0.97558,0.9757,3.37,2.62
2016.09.21 12:36:22.346,0.97558,0.9757,3.00,2.62
2016.09.21 12:36:22.503,0.97558,0.9757,3.00,3.00
2016.09.21 12:36:22.801,0.97558,0.9757,3.00,3.00
2016.09.21 12:36:22.853,0.97558,0.9757,4.87,2.62
2016.09.21 12:36:23.476,0.97558,0.9757,3.75,2.62
2016.09.21 12:36:23.579,0.97558,0.9757,4.12,2.62
2016.09.21 12:36:23.682,0.9756,0.9757,1.00,1.87
2016.09.21 12:36:24.144,0.9756,0.9757,1.00,2.25
2016.09.21 12:36:24.366,0.97559,0.9757,1.12,3.00
2016.09.21 12:36:24.473,0.97559,0.9757,1.12,2.62
2016.09.21 12:36:24.781,0.97559,0.9757,1.12,2.25
2016.09.21 12:36:24.833,0.97559,0.9757,1.87,2.25
2016.09.21 12:36:24.884,0.9756,0.9757,1.00,1.50
2016.09.21 12:36:24.936,0.9756,0.9757,1.25,1.50
2016.09.21 12:36:25.025,0.97563,0.97572,1.00,2.62
2016.09.21 12:36:25.078,0.97563,0.97572,2.62,1.37
2016.09.21 12:36:25.129,0.97564,0.97572,1.12,1.12
2016.09.21 12:36:25.181,0.97566,0.97572,1.00,1.12
2016.09.21 12:36:25.233,0.97566,0.97576,1.50,2.25
2016.09.21 12:36:25.284,0.97566,0.97576,2.25,1.37
2016.09.21 12:36:25.336,0.97566,0.97576,2.62,1.12
2016.09.21 12:36:25.387,0.97568,0.97576,1.00,1.12
2016.09.21 12:36:26.024,0.97568,0.97577,1.00,1.37
2016.09.21 12:36:26.076,0.97567,0.97577,1.00,1.50
2016.09.21 12:36:26.179,0.97566,0.97576,1.12,1.50
2016.09.21 12:36:26.230,0.97566,0.97576,1.12,1.50
2016.09.21 12:36:26.282,0.97566,0.97576,1.12,2.25
2016.09.21 12:36:26.333,0.97566,0.97576,1.12,3.00
2016.09.21 12:36:26.443,0.97566,0.97576,1.12,3.75
2016.09.21 12:36:26.906,0.97566,0.97576,1.12,3.00
2016.09.21 12:36:27.010,0.97566,0.97576,1.12,2.25
2016.09.21 12:36:27.061,0.97568,0.97577,1.00,1.37
2016.09.21 12:36:27.113,0.97568,0.97578,1.00,2.25
2016.09.21 12:36:27.220,0.97568,0.97578,1.00,1.75
2016.09.21 12:36:27.271,0.97568,0.97579,1.00,3.00
2016.09.21 12:36:28.306,0.97568,0.97579,1.00,3.75
2016.09.21 12:36:28.409,0.97568,0.97579,1.00,3.37
2016.09.21 12:36:29.044,0.97568,0.97579,1.00,2.62
2016.09.21 12:36:29.248,0.97568,0.97579,1.00,1.87
2016.09.21 12:36:29.299,0.97568,0.97579,1.00,1.87
2016.09.21 12:36:29.401,0.97569,0.97579,1.00,1.75
2016.09.21 12:36:29.605,0.9757,0.97579,1.00,1.50
2016.09.21 12:36:29.779,0.9757,0.97579,1.00,1.87
2016.09.21 12:36:29.830,0.9757,0.97579,1.00,1.37
2016.09.21 12:36:30.318,0.9757,0.97579,1.00,1.37
2016.09.21 12:36:30.420,0.9757,0.97581,1.00,4.12
2016.09.21 12:36:30.563,0.97571,0.97581,1.00,3.00
2016.09.21 12:36:30.631,0.97571,0.97581,1.00,3.37
2016.09.21 12:36:30.733,0.97571,0.97581,1.00,2.62
2016.09.21 12:36:31.041,0.97571,0.97581,1.00,3.37
2016.09.21 12:36:31.302,0.97571,0.97581,1.00,1.50
2016.09.21 12:36:31.354,0.97571,0.97581,1.00,1.50
2016.09.21 12:36:31.405,0.97571,0.97582,1.12,1.75
2016.09.21 12:36:31.457,0.97571,0.97582,2.25,1.75
2016.09.21 12:36:31.509,0.97573,0.97583,1.00,2.25
2016.09.21 12:36:31.560,0.97573,0.97583,1.00,1.75
2016.09.21 12:36:31.612,0.97573,0.97584,1.00,1.37
2016.09.21 12:36:31.663,0.97573,0.97584,1.12,1.37
2016.09.21 12:36:31.867,0.97573,0.97584,1.87,1.37
2016.09.21 12:36:31.977,0.97573,0.97585,1.87,2.62
2016.09.21 12:36:32.030,0.97574,0.97585,1.12,1.87
2016.09.21 12:36:32.387,0.97575,0.97585,1.00,1.87
2016.09.21 12:36:32.745,0.97575,0.97585,1.00,1.87
2016.09.21 12:36:32.796,0.97575,0.97586,1.50,2.25
2016.09.21 12:36:32.913,0.97575,0.97587,1.50,4.69
2016.09.21 12:36:32.964,0.97575,0.97587,1.50,4.31
2016.09.21 12:36:33.015,0.97576,0.97587,1.50,2.81
2016.09.21 12:36:33.131,0.97576,0.97586,1.50,1.12
2016.09.21 12:36:33.491,0.97577,0.97586,1.00,1.12
2016.09.21 12:36:33.732,0.97577,0.97586,1.00,1.00
2016.09.21 12:36:33.784,0.97578,0.97586,1.37,1.00
2016.09.21 12:36:33.835,0.97578,0.97586,1.37,1.00
2016.09.21 12:36:34.303,0.97578,0.97588,3.37,2.25
2016.09.21 12:36:34.355,0.97582,0.97588,1.37,1.50
2016.09.21 12:36:34.459,0.97582,0.97588,1.37,1.00
2016.09.21 12:36:34.561,0.97584,0.9759,1.37,4.12
2016.09.21 12:36:34.612,0.97584,0.97589,1.37,1.00
2016.09.21 12:36:34.664,0.97581,0.9759,1.37,3.75
2016.09.21 12:36:34.715,0.97581,0.9759,1.37,3.75
2016.09.21 12:36:34.767,0.9758,0.97589,1.12,1.12
2016.09.21 12:36:34.916,0.97579,0.97588,3.00,1.12
2016.09.21 12:36:34.968,0.97579,0.97588,2.25,1.12
2016.09.21 12:36:35.021,0.97579,0.97588,2.25,1.50
2016.09.21 12:36:35.124,0.97579,0.97588,2.25,1.12
2016.09.21 12:36:35.280,0.97579,0.97588,3.00,1.12
2016.09.21 12:36:35.383,0.97579,0.97588,2.25,1.12
2016.09.21 12:36:35.436,0.97579,0.97588,2.25,1.12
2016.09.21 12:36:35.591,0.97579,0.97587,2.25,1.00
2016.09.21 12:36:35.643,0.97579,0.97586,1.50,1.12
2016.09.21 12:36:35.695,0.97579,0.97585,1.00,1.00
2016.09.21 12:36:35.746,0.97579,0.97585,1.00,1.12
2016.09.21 12:36:35.797,0.97579,0.97584,1.00,1.00
2016.09.21 12:36:35.954,0.97576,0.97584,1.50,1.12
2016.09.21 12:36:36.006,0.97576,0.97586,1.50,1.87
2016.09.21 12:36:36.218,0.97576,0.97587,2.62,2.62
2016.09.21 12:36:36.269,0.97577,0.97587,1.12,1.75
2016.09.21 12:36:36.321,0.97578,0.97588,1.00,1.87
2016.09.21 12:36:36.424,0.97578,0.97588,1.12,1.37
2016.09.21 12:36:36.476,0.97577,0.97588,3.75,1.37
2016.09.21 12:36:36.528,0.97578,0.97589,1.50,2.62
2016.09.21 12:36:36.580,0.97578,0.97589,1.87,2.25
2016.09.21 12:36:36.631,0.97579,0.97589,1.12,1.50
2016.09.21 12:36:36.682,0.97579,0.97589,1.12,2.25
2016.09.21 12:36:36.897,0.97579,0.97589,1.12,1.50
2016.09.21 12:36:37.102,0.97579,0.97589,1.00,1.50
2016.09.21 12:36:37.154,0.97579,0.97589,1.12,1.50
2016.09.21 12:36:37.571,0.97579,0.97589,1.12,1.12
2016.09.21 12:36:37.638,0.97579,0.97589,1.12,1.12
2016.09.21 12:36:37.944,0.97579,0.97589,1.12,1.50
2016.09.21 12:36:37.995,0.97579,0.97589,1.12,1.50
2016.09.21 12:36:38.157,0.97579,0.97589,1.12,1.50
2016.09.21 12:36:38.286,0.97579,0.97589,1.12,1.12
2016.09.21 12:36:38.746,0.97579,0.97589,2.10,1.12
2016.09.21 12:36:38.797,0.97582,0.97591,3.75,2.62
2016.09.21 12:36:38.849,0.97582,0.97591,5.47,2.25
2016.09.21 12:36:38.900,0.97585,0.97594,1.00,2.62
2016.09.21 12:36:38.952,0.97585,0.97595,1.00,4.12
2016.09.21 12:36:39.020,0.97586,0.97595,1.00,3.75
2016.09.21 12:36:39.072,0.97588,0.97596,1.00,1.50
2016.09.21 12:36:39.480,0.97588,0.97597,1.00,1.12
2016.09.21 12:36:40.027,0.97588,0.97597,1.00,1.87
2016.09.21 12:36:40.438,0.97587,0.97596,1.00,1.37
2016.09.21 12:36:40.489,0.97587,0.97596,1.00,1.37
2016.09.21 12:36:40.560,0.97587,0.97596,1.00,1.37
2016.09.21 12:36:40.716,0.97587,0.97595,1.00,1.00
2016.09.21 12:36:40.768,0.97587,0.97595,1.00,1.37
2016.09.21 12:36:40.819,0.97586,0.97595,1.50,1.87
2016.09.21 12:36:40.871,0.97586,0.97595,1.50,1.50
2016.09.21 12:36:40.923,0.97586,0.97596,1.00,2.25
2016.09.21 12:36:40.974,0.97586,0.97596,1.00,1.87
2016.09.21 12:36:41.025,0.97585,0.97596,1.50,2.62
2016.09.21 12:36:41.076,0.97585,0.97596,1.50,3.37
2016.09.21 12:36:41.127,0.97586,0.97596,1.00,2.62
2016.09.21 12:36:41.178,0.97586,0.97595,1.00,1.37
2016.09.21 12:36:41.280,0.97586,0.97594,1.00,1.12
2016.09.21 12:36:41.462,0.97586,0.97594,1.00,1.00
2016.09.21 12:36:41.514,0.97585,0.97595,1.87,1.50
2016.09.21 12:36:41.671,0.97585,0.97595,1.87,1.50
2016.09.21 12:36:41.723,0.97585,0.97595,2.62,1.00
2016.09.21 12:36:41.774,0.97585,0.97595,2.62,1.00
2016.09.21 12:36:41.826,0.97585,0.97595,1.87,1.87
2016.09.21 12:36:41.880,0.97585,0.97595,1.50,1.87
2016.09.21 12:36:42.187,0.97585,0.97595,1.00,1.87
2016.09.21 12:36:42.775,0.97585,0.97595,1.00,1.87
2016.09.21 12:36:42.827,0.97585,0.97595,1.00,2.25
2016.09.21 12:36:43.075,0.97585,0.97595,1.50,1.50
2016.09.21 12:36:43.664,0.97585,0.97595,1.50,1.37
2016.09.21 12:36:43.919,0.97585,0.97596,1.50,1.75
2016.09.21 12:36:45.275,0.97585,0.97596,1.87,1.50
2016.09.21 12:36:45.327,0.97585,0.97596,2.25,1.12
2016.09.21 12:36:45.686,0.97585,0.97596,2.25,1.00
2016.09.21 12:36:45.890,0.97585,0.97596,2.25,1.00
2016.09.21 12:36:46.092,0.97585,0.97595,1.50,1.00
2016.09.21 12:36:46.500,0.97585,0.97595,1.50,1.00
2016.09.21 12:36:46.551,0.97585,0.97595,1.50,1.12
2016.09.21 12:36:46.602,0.97585,0.97595,1.50,1.12
2016.09.21 12:36:46.962,0.97585,0.97595,1.87,1.00
2016.09.21 12:36:47.013,0.97585,0.97596,4.12,1.00
2016.09.21 12:36:47.064,0.97585,0.97596,4.50,1.00
2016.09.21 12:36:47.116,0.97586,0.97596,1.12,1.00
2016.09.21 12:36:47.320,0.97586,0.97597,1.12,3.00
2016.09.21 12:36:47.674,0.97586,0.97596,1.12,1.00
2016.09.21 12:36:47.726,0.97586,0.97596,1.12,1.00
2016.09.21 12:36:47.829,0.97586,0.97594,1.12,1.50
2016.09.21 12:36:47.881,0.97586,0.9759,1.00,1.00
2016.09.21 12:36:47.985,0.97585,0.9759,1.00,1.87
2016.09.21 12:36:48.037,0.97584,0.97589,1.12,1.12
2016.09.21 12:36:48.114,0.97584,0.97589,1.00,1.87
2016.09.21 12:36:48.268,0.97582,0.97588,1.50,1.37
2016.09.21 12:36:48.322,0.97582,0.97588,1.00,1.50
2016.09.21 12:36:48.395,0.97582,0.97588,1.00,1.37
2016.09.21 12:36:48.446,0.97582,0.97588,1.00,1.12
2016.09.21 12:36:48.498,0.97578,0.97587,1.00,1.12
2016.09.21 12:36:48.549,0.97577,0.97587,1.12,1.00
2016.09.21 12:36:48.601,0.97577,0.97586,1.12,1.12
2016.09.21 12:36:48.704,0.97577,0.97586,1.00,1.50
2016.09.21 12:36:48.806,0.97577,0.97585,1.00,1.00
2016.09.21 12:36:49.018,0.97577,0.97587,1.00,1.50
2016.09.21 12:36:49.222,0.97577,0.97586,1.00,1.00
2016.09.21 12:36:49.325,0.97577,0.97587,1.50,1.50
2016.09.21 12:36:49.376,0.97578,0.97587,1.00,1.50
2016.09.21 12:36:49.464,0.97578,0.97588,1.00,1.87
2016.09.21 12:36:49.518,0.97578,0.97588,1.50,1.75
2016.09.21 12:36:49.569,0.97578,0.97589,1.50,2.62
2016.09.21 12:36:49.621,0.97578,0.97589,2.62,1.87
2016.09.21 12:36:49.672,0.97578,0.97589,1.87,1.87
2016.09.21 12:36:49.724,0.97579,0.9759,1.00,2.25
2016.09.21 12:36:49.775,0.97579,0.97589,1.12,1.00
2016.09.21 12:36:49.826,0.9758,0.97586,1.00,1.37
2016.09.21 12:36:49.877,0.9758,0.97586,1.12,1.37
2016.09.21 12:36:49.929,0.97577,0.97585,3.37,1.37
2016.09.21 12:36:50.031,0.97577,0.97585,3.00,1.37
2016.09.21 12:36:50.132,0.97577,0.97585,1.87,1.37
2016.09.21 12:36:50.183,0.97577,0.97585,1.50,1.37
2016.09.21 12:36:50.235,0.97577,0.97585,1.00,1.37
2016.09.21 12:36:50.286,0.97576,0.97583,1.87,1.37
2016.09.21 12:36:50.338,0.97576,0.97583,1.12,1.37
2016.09.21 12:36:50.389,0.97576,0.97582,1.00,1.37
2016.09.21 12:36:50.899,0.97575,0.97581,1.00,1.37
2016.09.21 12:36:51.209,0.97575,0.97581,1.00,1.50
2016.09.21 12:36:51.260,0.97573,0.97578,1.00,1.37
2016.09.21 12:36:51.363,0.97571,0.97576,1.87,1.37
2016.09.21 12:36:51.414,0.97571,0.97576,1.50,1.37
2016.09.21 12:36:51.466,0.97571,0.97576,1.00,1.37
2016.09.21 12:36:51.517,0.97571,0.97576,1.00,1.37
2016.09.21 12:36:51.621,0.9757,0.97576,1.00,1.87
2016.09.21 12:36:51.735,0.97569,0.97574,1.00,1.37
2016.09.21 12:36:51.787,0.97568,0.97572,3.00,1.00
2016.09.21 12:36:51.893,0.97566,0.97572,1.00,1.00
2016.09.21 12:36:51.945,0.97565,0.9757,1.00,1.37
2016.09.21 12:36:52.048,0.97563,0.9757,1.50,1.37
2016.09.21 12:36:52.099,0.97563,0.9757,1.12,1.37
2016.09.21 12:36:52.151,0.97563,0.9757,1.00,1.37
2016.09.21 12:36:52.533,0.97562,0.9757,1.12,1.37
2016.09.21 12:36:52.587,0.97562,0.9757,1.50,1.37
2016.09.21 12:36:52.638,0.97564,0.9757,1.00,1.37
2016.09.21 12:36:52.846,0.97564,0.9757,1.00,1.37
2016.09.21 12:36:52.898,0.97564,0.9757,1.12,1.37
2016.09.21 12:36:53.424,0.97564,0.9757,1.12,1.37
2016.09.21 12:36:53.528,0.97565,0.9757,1.00,1.37
2016.09.21 12:36:53.682,0.97565,0.97572,1.12,1.37
2016.09.21 12:36:54.037,0.97565,0.97572,1.12,1.37
2016.09.21 12:36:54.142,0.97565,0.97572,1.12,1.37
2016.09.21 12:36:54.247,0.97564,0.97572,1.37,1.37
2016.09.21 12:36:54.503,0.97564,0.97571,1.00,1.37
2016.09.21 12:36:54.809,0.97564,0.97571,1.00,1.37
2016.09.21 12:36:54.912,0.97564,0.9757,1.00,1.87
2016.09.21 12:36:55.014,0.97564,0.97569,1.00,1.00
2016.09.21 12:36:55.066,0.97562,0.97569,1.00,1.00
2016.09.21 12:36:55.117,0.97562,0.97567,1.00,1.37
2016.09.21 12:36:55.169,0.97561,0.97567,1.12,1.37
2016.09.21 12:36:55.271,0.9756,0.97566,1.50,1.37
2016.09.21 12:36:55.322,0.9756,0.97566,1.12,1.12
2016.09.21 12:36:55.423,0.9756,0.97566,1.00,1.12
2016.09.21 12:36:55.642,0.97557,0.97566,2.25,1.12
2016.09.21 12:36:55.898,0.97557,0.97566,2.25,1.12
2016.09.21 12:36:56.000,0.97557,0.97566,1.50,1.12
2016.09.21 12:36:56.103,0.97557,0.97564,1.50,1.37
2016.09.21 12:36:56.192,0.97557,0.97563,1.00,1.00
2016.09.21 12:36:56.246,0.97556,0.97563,1.50,1.37
2016.09.21 12:36:56.298,0.97556,0.97562,1.12,1.00
2016.09.21 12:36:56.350,0.97555,0.97562,1.50,1.37
2016.09.21 12:36:56.504,0.97555,0.97562,1.12,1.37
2016.09.21 12:36:56.556,0.97554,0.9756,1.50,1.37
2016.09.21 12:36:56.658,0.97553,0.9756,1.12,1.37
2016.09.21 12:36:56.709,0.97552,0.9756,2.25,1.37
2016.09.21 12:36:56.760,0.97554,0.9756,1.12,1.37
2016.09.21 12:36:57.011,0.97554,0.9756,1.00,1.37
2016.09.21 12:36:57.576,0.97553,0.9756,1.12,1.37
2016.09.21 12:36:58.044,0.97553,0.9756,1.12,1.37
2016.09.21 12:36:58.480,0.97552,0.9756,1.50,1.37
2016.09.21 12:36:58.531,0.97552,0.9756,1.87,1.37
2016.09.21 12:36:58.653,0.97552,0.9756,1.50,1.37
2016.09.21 12:36:58.705,0.97552,0.9756,1.50,1.37
2016.09.21 12:36:59.576,0.97555,0.9756,1.12,1.37
2016.09.21 12:36:59.627,0.97555,0.97563,1.50,1.12
2016.09.21 12:36:59.679,0.97556,0.97563,1.30,1.12
2016.09.21 12:36:59.730,0.97556,0.97564,1.35,1.37
2016.09.21 12:36:59.781,0.97556,0.97564,2.10,1.37
2016.09.21 12:36:59.833,0.97558,0.97565,1.12,1.37
2016.09.21 12:36:59.935,0.97558,0.97566,1.50,1.75
2016.09.21 12:36:59.986,0.97558,0.97566,1.87,1.00
2016.09.21 12:37:00.037,0.97559,0.97566,1.37,1.00
2016.09.21 12:37:00.088,0.97559,0.97566,1.50,1.00
2016.09.21 12:37:00.197,0.97558,0.97567,6.22,1.00
2016.09.21 12:37:00.249,0.9756,0.9757,3.75,1.12
2016.09.21 12:37:00.300,0.9756,0.9757,6.22,1.00
2016.09.21 12:37:00.351,0.97562,0.9757,1.37,1.00
2016.09.21 12:37:00.403,0.97562,0.9757,1.50,1.00
2016.09.21 12:37:00.454,0.97562,0.97572,1.50,1.12
2016.09.21 12:37:00.506,0.97562,0.97572,1.50,1.50
2016.09.21 12:37:00.564,0.97562,0.97571,2.62,1.00
2016.09.21 12:37:00.615,0.97562,0.97571,3.37,1.00
2016.09.21 12:37:00.666,0.97564,0.97571,1.37,1.00
2016.09.21 12:37:00.718,0.97564,0.97571,1.50,1.00
2016.09.21 12:37:00.769,0.97564,0.97574,1.50,1.12
2016.09.21 12:37:00.822,0.97564,0.97575,1.50,1.87
2016.09.21 12:37:00.933,0.97565,0.97575,1.37,1.87
2016.09.21 12:37:00.985,0.97566,0.97575,1.00,3.00
2016.09.21 12:37:01.036,0.97565,0.97572,1.00,1.00
2016.09.21 12:37:01.138,0.97565,0.97572,1.00,1.50
2016.09.21 12:37:01.190,0.97563,0.97571,1.12,1.00
2016.09.21 12:37:01.241,0.97562,0.97571,2.25,1.37
2016.09.21 12:37:01.293,0.97562,0.9757,2.25,1.50
2016.09.21 12:37:01.344,0.97562,0.97569,2.25,1.12
2016.09.21 12:37:01.396,0.97564,0.97569,1.00,1.50
2016.09.21 12:37:01.447,0.97564,0.97569,1.00,1.50
2016.09.21 12:37:01.498,0.97562,0.97569,1.00,1.50
2016.09.21 12:37:01.920,0.97559,0.97569,1.50,1.50
2016.09.21 12:37:01.972,0.97558,0.97569,1.75,1.50
2016.09.21 12:37:02.074,0.97559,0.97569,1.50,1.50
2016.09.21 12:37:02.177,0.97558,0.97568,1.75,1.37
2016.09.21 12:37:02.279,0.97558,0.97568,1.75,1.37
2016.09.21 12:37:02.386,0.97558,0.97568,1.50,1.37
2016.09.21 12:37:02.490,0.97558,0.97568,1.50,1.37
2016.09.21 12:37:02.746,0.97558,0.97567,1.50,1.12
2016.09.21 12:37:02.899,0.97558,0.97567,1.12,1.12
2016.09.21 12:37:03.110,0.97558,0.97566,1.00,1.12
2016.09.21 12:37:03.162,0.97557,0.97566,1.87,1.12
2016.09.21 12:37:03.213,0.97557,0.97567,1.87,2.25
2016.09.21 12:37:03.355,0.97557,0.97566,1.12,1.12
2016.09.21 12:37:03.457,0.97556,0.97566,1.50,1.12
2016.09.21 12:37:03.508,0.97556,0.97567,1.50,2.25
2016.09.21 12:37:03.559,0.97557,0.97567,1.12,2.25
2016.09.21 12:37:03.958,0.97555,0.97567,3.75,2.25
2016.09.21 12:37:04.060,0.97555,0.97567,3.75,2.25
2016.09.21 12:37:04.162,0.97555,0.97567,3.75,2.25
2016.09.21 12:37:04.213,0.97555,0.97566,3.00,1.12
2016.09.21 12:37:04.332,0.97555,0.97566,3.00,1.12
2016.09.21 12:37:04.659,0.97555,0.97566,3.00,1.50
2016.09.21 12:37:04.711,0.97555,0.97566,3.75,1.37
2016.09.21 12:37:04.762,0.97556,0.97566,1.50,1.37
2016.09.21 12:37:06.618,0.97556,0.97566,1.50,1.87
2016.09.21 12:37:06.670,0.97556,0.97566,1.50,2.25
2016.09.21 12:37:06.776,0.97555,0.97565,1.75,3.00
2016.09.21 12:37:06.827,0.97555,0.97564,1.75,1.12
2016.09.21 12:37:06.878,0.97555,0.97563,1.75,1.37
2016.09.21 12:37:06.930,0.97555,0.97563,1.12,1.37
2016.09.21 12:37:07.009,0.97554,0.97563,1.50,1.37
2016.09.21 12:37:07.061,0.97553,0.97563,2.25,1.37
2016.09.21 12:37:07.164,0.97554,0.97563,1.50,1.37
2016.09.21 12:37:07.422,0.97554,0.97563,1.50,1.87
2016.09.21 12:37:07.524,0.97554,0.97562,1.50,1.00
2016.09.21 12:37:07.576,0.97553,0.97562,1.75,1.37
2016.09.21 12:37:07.628,0.97553,0.97561,1.12,1.12
2016.09.21 12:37:07.680,0.97551,0.97561,2.25,1.12
2016.09.21 12:37:07.731,0.97551,0.97562,2.25,2.25
2016.09.21 12:37:07.828,0.97551,0.97561,1.87,1.00
2016.09.21 12:37:08.340,0.97551,0.97562,2.25,2.25
2016.09.21 12:37:08.391,0.97551,0.97562,2.25,2.25
2016.09.21 12:37:08.541,0.97551,0.97562,1.50,2.25
2016.09.21 12:37:10.655,0.97551,0.97562,1.87,2.25
2016.09.21 12:37:10.861,0.97551,0.97562,1.87,2.25
2016.09.21 12:37:11.065,0.97551,0.97562,1.87,2.25
2016.09.21 12:37:11.168,0.97551,0.97562,1.87,1.87
2016.09.21 12:37:11.435,0.97552,0.97562,1.37,1.87
2016.09.21 12:37:12.497,0.97552,0.97562,1.37,1.87
2016.09.21 12:37:12.548,0.97551,0.97562,3.75,1.37
2016.09.21 12:37:12.599,0.97553,0.97562,1.12,1.37
2016.09.21 12:37:12.651,0.97553,0.97562,1.50,1.37
2016.09.21 12:37:12.804,0.97552,0.97562,1.75,1.37
2016.09.21 12:37:12.855,0.97552,0.97562,1.50,1.37
2016.09.21 12:37:13.060,0.97552,0.97563,1.50,1.12
2016.09.21 12:37:13.401,0.97552,0.97563,1.50,1.12
2016.09.21 12:37:13.555,0.97553,0.97563,4.12,1.12
2016.09.21 12:37:13.607,0.97553,0.97563,4.72,1.12
2016.09.21 12:37:13.658,0.97554,0.97563,3.22,1.12
2016.09.21 12:37:13.710,0.97556,0.97563,1.00,1.12
2016.09.21 12:37:13.761,0.97556,0.97563,1.00,1.00
2016.09.21 12:37:13.863,0.97556,0.97564,1.50,1.00
2016.09.21 12:37:13.986,0.97556,0.97565,1.50,1.00
2016.09.21 12:37:14.039,0.97556,0.97565,1.50,2.25
2016.09.21 12:37:14.091,0.97556,0.97565,1.00,3.75
2016.09.21 12:37:14.143,0.97555,0.97561,1.12,1.87
2016.09.21 12:37:14.196,0.97553,0.97561,2.25,1.87
2016.09.21 12:37:14.247,0.97553,0.97559,2.25,1.12
2016.09.21 12:37:14.300,0.97553,0.97559,1.75,1.12
2016.09.21 12:37:14.352,0.97552,0.97557,1.12,1.37
2016.09.21 12:37:14.404,0.97553,0.97557,1.00,1.12
2016.09.21 12:37:14.770,0.97552,0.97557,1.00,1.37
2016.09.21 12:37:14.872,0.97553,0.97557,1.00,1.12
2016.09.21 12:37:15.076,0.97549,0.97557,1.12,1.37
2016.09.21 12:37:15.127,0.97549,0.97557,1.12,1.37
2016.09.21 12:37:15.595,0.97547,0.97557,1.75,1.37
2016.09.21 12:37:15.902,0.97547,0.97557,1.75,1.37
2016.09.21 12:37:16.107,0.97547,0.97557,1.75,1.37
2016.09.21 12:37:16.158,0.97547,0.97557,1.75,2.25
2016.09.21 12:37:16.210,0.97547,0.97556,1.75,1.37
2016.09.21 12:37:16.368,0.97545,0.97555,2.25,1.37
2016.09.21 12:37:16.419,0.97545,0.97555,2.25,1.37
2016.09.21 12:37:16.471,0.97545,0.97555,2.25,1.87
2016.09.21 12:37:16.573,0.97545,0.97554,2.25,1.37
2016.09.21 12:37:16.675,0.97545,0.97554,2.25,1.87
2016.09.21 12:37:16.727,0.97545,0.97554,2.25,1.37
2016.09.21 12:37:16.880,0.97545,0.97553,1.50,1.37
2016.09.21 12:37:17.552,0.97545,0.97553,1.12,1.37
2016.09.21 12:37:18.629,0.97545,0.97554,1.12,1.12
2016.09.21 12:37:18.680,0.97545,0.97554,1.12,1.37
2016.09.21 12:37:19.229,0.97545,0.97553,1.12,1.12
2016.09.21 12:37:19.281,0.97545,0.97553,1.12,2.81
2016.09.21 12:37:19.332,0.97545,0.97551,1.12,1.00
2016.09.21 12:37:19.383,0.97542,0.97552,1.75,1.37
2016.09.21 12:37:19.434,0.97542,0.97552,1.50,1.37
2016.09.21 12:37:19.486,0.97543,0.97552,1.12,2.62
2016.09.21 12:37:19.591,0.97541,0.9755,1.87,1.37
2016.09.21 12:37:19.644,0.97541,0.9755,1.87,1.37
2016.09.21 12:37:19.800,0.97541,0.9755,1.50,1.37
2016.09.21 12:37:20.005,0.97541,0.9755,1.50,1.37
2016.09.21 12:37:20.057,0.97541,0.97551,2.25,1.75
2016.09.21 12:37:20.108,0.97541,0.97551,2.25,1.00
2016.09.21 12:37:20.160,0.97541,0.9755,1.87,1.00
2016.09.21 12:37:20.212,0.97541,0.97548,1.50,1.37
2016.09.21 12:37:20.263,0.97541,0.97548,1.75,1.37
2016.09.21 12:37:20.402,0.9754,0.97548,1.00,1.37
2016.09.21 12:37:20.659,0.97541,0.97548,1.00,1.87
2016.09.21 12:37:20.813,0.9754,0.97548,1.12,1.87
2016.09.21 12:37:20.864,0.9754,0.97546,1.12,1.37
2016.09.21 12:37:20.915,0.97539,0.97546,1.00,1.37
2016.09.21 12:37:21.075,0.97541,0.97547,1.00,1.12
2016.09.21 12:37:21.178,0.97541,0.97547,1.00,1.00
2016.09.21 12:37:21.281,0.97539,0.97547,1.50,1.00
2016.09.21 12:37:21.854,0.97539,0.97549,1.50,1.37
2016.09.21 12:37:22.264,0.97539,0.9755,2.25,2.62
2016.09.21 12:37:22.315,0.9754,0.9755,1.00,1.87
2016.09.21 12:37:22.367,0.9754,0.9755,1.00,1.37
2016.09.21 12:37:22.829,0.9754,0.97551,1.00,4.50
2016.09.21 12:37:22.881,0.9754,0.97551,1.00,3.75
2016.09.21 12:37:22.933,0.9754,0.9755,1.00,1.12
2016.09.21 12:37:23.036,0.9754,0.9755,1.00,1.12
2016.09.21 12:37:23.092,0.9754,0.9755,1.00,1.00
2016.09.21 12:37:23.217,0.9754,0.9755,1.00,1.00
2016.09.21 12:37:23.378,0.9754,0.9755,1.00,1.12
2016.09.21 12:37:23.634,0.9754,0.97551,1.50,3.37
2016.09.21 12:37:23.685,0.9754,0.97551,2.85,3.37
2016.09.21 12:37:23.736,0.9754,0.97551,3.37,1.50
2016.09.21 12:37:23.787,0.97542,0.97551,1.00,1.12
2016.09.21 12:37:23.838,0.97543,0.97551,1.00,1.87
2016.09.21 12:37:23.941,0.97542,0.97552,1.00,2.25
2016.09.21 12:37:23.992,0.97542,0.97552,1.00,1.00
2016.09.21 12:37:24.082,0.97542,0.97552,1.37,1.00
2016.09.21 12:37:24.134,0.97542,0.97552,1.75,1.00
2016.09.21 12:37:24.185,0.97542,0.97552,1.50,1.00
2016.09.21 12:37:24.288,0.97542,0.97552,1.12,1.12
2016.09.21 12:37:24.390,0.97542,0.97552,1.50,1.00
2016.09.21 12:37:24.543,0.97542,0.97552,1.87,1.00
2016.09.21 12:37:24.595,0.97542,0.97552,2.62,1.00
2016.09.21 12:37:24.646,0.97542,0.97552,3.37,1.00
2016.09.21 12:37:24.813,0.97544,0.97552,1.50,1.00
2016.09.21 12:37:25.020,0.97544,0.97552,1.50,1.00
2016.09.21 12:37:25.123,0.97544,0.97552,1.50,1.00
2016.09.21 12:37:25.174,0.97544,0.97555,1.50,1.50
2016.09.21 12:37:25.379,0.97545,0.97555,1.00,1.50
2016.09.21 12:37:25.430,0.97544,0.97555,2.25,1.37
2016.09.21 12:37:25.540,0.97544,0.97555,3.75,1.37
2016.09.21 12:37:25.591,0.97546,0.97555,1.12,1.37
2016.09.21 12:37:25.694,0.97546,0.97556,1.12,2.25
2016.09.21 12:37:25.798,0.97546,0.97556,1.37,1.00
2016.09.21 12:37:25.849,0.97548,0.97557,1.00,1.00
2016.09.21 12:37:25.952,0.97548,0.97557,1.12,1.00
2016.09.21 12:37:26.003,0.97548,0.97558,2.25,1.50
2016.09.21 12:37:26.055,0.97548,0.97558,2.25,1.12
2016.09.21 12:37:26.164,0.9755,0.97558,1.00,1.12
2016.09.21 12:37:26.215,0.9755,0.97558,1.12,1.12
2016.09.21 12:37:26.368,0.9755,0.97558,1.12,1.00
2016.09.21 12:37:26.420,0.9755,0.97558,1.87,1.00
2016.09.21 12:37:26.574,0.9755,0.97559,1.87,1.00
2016.09.21 12:37:26.676,0.9755,0.97559,2.25,1.00
2016.09.21 12:37:26.728,0.9755,0.97561,2.25,1.50
2016.09.21 12:37:26.840,0.9755,0.97561,2.25,1.50
2016.09.21 12:37:27.359,0.9755,0.9756,1.50,1.12
2016.09.21 12:37:27.410,0.97551,0.9756,1.12,1.50
2016.09.21 12:37:27.461,0.97551,0.97557,1.12,1.37
2016.09.21 12:37:27.512,0.97549,0.97557,1.75,1.37
2016.09.21 12:37:27.632,0.97549,0.97556,1.12,1.37
2016.09.21 12:37:27.736,0.97547,0.97555,2.25,1.37
2016.09.21 12:37:27.788,0.97547,0.97555,1.37,1.37
2016.09.21 12:37:27.839,0.97546,0.97555,1.50,1.37
2016.09.21 12:37:28.352,0.97546,0.97554,1.50,1.37
2016.09.21 12:37:28.716,0.97545,0.97554,1.75,1.37
2016.09.21 12:37:29.445,0.97545,0.97554,1.75,1.37
2016.09.21 12:37:29.496,0.97545,0.97554,2.25,1.37
2016.09.21 12:37:29.547,0.97545,0.97557,3.75,4.12
2016.09.21 12:37:29.599,0.97546,0.97557,1.50,3.37
2016.09.21 12:37:29.650,0.97546,0.97557,2.62,1.50
2016.09.21 12:37:29.701,0.97547,0.97557,1.12,1.50
2016.09.21 12:37:29.752,0.97548,0.97558,1.00,1.37
2016.09.21 12:37:29.804,0.97549,0.97559,1.00,1.87
2016.09.21 12:37:29.855,0.97549,0.97558,1.00,1.00
2016.09.21 12:37:29.947,0.97549,0.97559,1.12,1.50
2016.09.21 12:37:30.104,0.97549,0.97559,1.50,1.50
2016.09.21 12:37:30.155,0.97549,0.97559,1.50,1.37
2016.09.21 12:37:30.206,0.97549,0.9756,1.50,3.00
2016.09.21 12:37:30.258,0.97549,0.9756,1.50,3.00
2016.09.21 12:37:30.413,0.97549,0.9756,1.75,3.00
2016.09.21 12:37:30.669,0.97549,0.9756,1.75,2.62
2016.09.21 12:37:30.774,0.9755,0.9756,1.50,1.87
2016.09.21 12:37:31.458,0.9755,0.9756,1.50,2.25
2016.09.21 12:37:31.720,0.9755,0.9756,1.50,1.87
2016.09.21 12:37:31.772,0.9755,0.9756,1.50,1.12
2016.09.21 12:37:31.823,0.97549,0.9756,3.00,1.12
2016.09.21 12:37:31.875,0.97551,0.97561,1.00,3.00
2016.09.21 12:37:31.927,0.97549,0.97561,4.50,2.62
2016.09.21 12:37:31.979,0.97549,0.97561,4.87,1.50
2016.09.21 12:37:32.030,0.97549,0.97561,4.87,1.00
2016.09.21 12:37:32.133,0.97551,0.97561,1.80,1.00
2016.09.21 12:37:32.209,0.97552,0.97561,1.42,1.00
2016.09.21 12:37:32.262,0.97552,0.97561,1.12,1.00
2016.09.21 12:37:32.314,0.97552,0.97561,2.25,1.00
2016.09.21 12:37:32.365,0.97552,0.97563,2.25,2.25
2016.09.21 12:37:32.417,0.97552,0.97563,2.25,1.87
2016.09.21 12:37:32.469,0.97553,0.97563,1.42,1.12
2016.09.21 12:37:32.520,0.97553,0.97564,2.55,1.37
2016.09.21 12:37:32.571,0.97553,0.97564,2.55,1.12
2016.09.21 12:37:32.776,0.97553,0.97564,2.55,1.00
2016.09.21 12:37:32.827,0.97553,0.97565,2.55,3.37
2016.09.21 12:37:32.878,0.97554,0.97565,1.50,1.87
2016.09.21 12:37:32.930,0.97554,0.97566,2.25,3.00
2016.09.21 12:37:32.982,0.97556,0.97566,1.00,2.25
2016.09.21 12:37:33.086,0.97554,0.97566,2.25,1.87
2016.09.21 12:37:33.188,0.97554,0.97566,2.25,2.62
2016.09.21 12:37:33.240,0.97555,0.97566,1.75,2.62
2016.09.21 12:37:33.444,0.97555,0.97564,1.75,1.00
2016.09.21 12:37:33.597,0.97555,0.97564,1.75,1.00
2016.09.21 12:37:33.961,0.97555,0.97564,1.75,1.00
2016.09.21 12:37:34.064,0.97555,0.97562,1.75,1.00
2016.09.21 12:37:34.116,0.97553,0.97562,2.25,1.00
2016.09.21 12:37:34.167,0.97555,0.97563,1.00,1.00
2016.09.21 12:37:34.218,0.97553,0.97563,6.19,1.00
2016.09.21 12:37:34.270,0.97555,0.97566,2.62,2.62
2016.09.21 12:37:34.321,0.97555,0.97566,4.87,1.87
2016.09.21 12:37:34.372,0.97555,0.97567,3.37,2.62
2016.09.21 12:37:34.424,0.97556,0.97567,1.87,2.25
2016.09.21 12:37:34.475,0.97556,0.97566,2.25,1.00
2016.09.21 12:37:34.646,0.97555,0.97566,2.25,1.12
2016.09.21 12:37:34.698,0.97555,0.97566,2.25,1.87
2016.09.21 12:37:34.750,0.97555,0.97563,2.25,1.00
2016.09.21 12:37:34.801,0.97555,0.97563,1.50,1.00
2016.09.21 12:37:34.955,0.97555,0.97562,1.50,1.00
2016.09.21 12:37:35.006,0.97555,0.97562,1.50,1.37
2016.09.21 12:37:35.058,0.97555,0.97561,1.50,1.12
2016.09.21 12:37:35.109,0.97555,0.97561,1.37,1.00
2016.09.21 12:37:35.160,0.97555,0.97561,1.00,1.00
2016.09.21 12:37:35.211,0.97555,0.97561,1.00,1.12
2016.09.21 12:37:35.483,0.97555,0.97562,1.00,1.00
2016.09.21 12:37:35.718,0.97553,0.97562,1.80,1.00
2016.09.21 12:37:35.770,0.97553,0.97564,1.80,2.62
2016.09.21 12:37:35.821,0.97554,0.97564,1.12,1.50
2016.09.21 12:37:35.872,0.97554,0.97565,1.87,2.62
2016.09.21 12:37:35.971,0.97555,0.97565,1.50,1.50
2016.09.21 12:37:36.023,0.97555,0.97565,1.50,1.00
2016.09.21 12:37:36.076,0.97555,0.97565,1.50,1.50
2016.09.21 12:37:36.280,0.97555,0.97565,1.50,1.12
2016.09.21 12:37:36.486,0.97555,0.97563,1.50,1.00
2016.09.21 12:37:36.537,0.97554,0.97563,1.75,1.00
2016.09.21 12:37:36.857,0.97554,0.97563,1.75,1.00
2016.09.21 12:37:38.432,0.97554,0.97565,1.75,2.25
2016.09.21 12:37:38.485,0.97554,0.97565,1.75,2.62
2016.09.21 12:37:38.538,0.97555,0.97565,1.50,1.87
2016.09.21 12:37:38.589,0.97555,0.97565,1.50,1.87
2016.09.21 12:37:38.964,0.97555,0.97565,1.50,1.37
2016.09.21 12:37:39.016,0.97555,0.97566,1.50,2.25
2016.09.21 12:37:39.067,0.97555,0.97564,1.50,1.00
2016.09.21 12:37:39.118,0.97556,0.97564,1.12,1.37
2016.09.21 12:37:39.270,0.97555,0.97564,1.12,1.87
2016.09.21 12:37:39.324,0.97555,0.97564,1.00,1.50
2016.09.21 12:37:39.478,0.97555,0.97564,1.00,1.50
2016.09.21 12:37:39.529,0.97555,0.97564,1.00,4.12
2016.09.21 12:37:39.580,0.97555,0.97563,1.00,1.12
2016.09.21 12:37:39.631,0.97554,0.97563,1.87,1.12
2016.09.21 12:37:39.682,0.97554,0.97562,1.50,1.00
2016.09.21 12:37:39.734,0.97554,0.97562,1.00,1.12
2016.09.21 12:37:39.785,0.97554,0.97562,1.00,1.12
2016.09.21 12:37:39.836,0.97552,0.97562,1.87,1.37
2016.09.21 12:37:39.887,0.97552,0.97563,1.87,3.37
2016.09.21 12:37:39.938,0.97552,0.97562,1.87,1.00
2016.09.21 12:37:40.034,0.97552,0.97562,1.87,1.00
2016.09.21 12:37:40.085,0.97552,0.97563,1.87,5.47
2016.09.21 12:37:40.138,0.97552,0.97562,2.25,3.37
2016.09.21 12:37:40.190,0.97553,0.97561,1.00,1.37
2016.09.21 12:37:40.241,0.97552,0.97561,1.50,1.50
2016.09.21 12:37:40.294,0.97552,0.9756,1.12,1.12
2016.09.21 12:37:40.346,0.97552,0.9756,1.00,1.12
2016.09.21 12:37:40.397,0.97552,0.9756,1.00,1.00
2016.09.21 12:37:40.499,0.97552,0.9756,1.12,1.00
2016.09.21 12:37:40.665,0.97551,0.97561,1.50,1.87
2016.09.21 12:37:40.716,0.97551,0.97561,1.12,2.25
2016.09.21 12:37:40.805,0.97552,0.97561,1.00,1.87
2016.09.21 12:37:40.857,0.97551,0.97561,1.12,1.12
2016.09.21 12:37:40.908,0.97551,0.97561,1.12,1.12
2016.09.21 12:37:40.960,0.97552,0.97561,1.00,1.12
2016.09.21 12:37:41.011,0.97552,0.97561,1.12,1.00
2016.09.21 12:37:41.266,0.97552,0.97563,1.12,3.37
2016.09.21 12:37:41.318,0.97553,0.97563,1.00,3.00
2016.09.21 12:37:41.369,0.97553,0.97563,1.80,2.62
2016.09.21 12:37:41.421,0.97553,0.97563,3.30,1.00
2016.09.21 12:37:41.472,0.97554,0.97563,1.50,1.00
2016.09.21 12:37:41.625,0.97555,0.97567,3.00,4.50
2016.09.21 12:37:41.678,0.97556,0.97566,1.12,1.00
2016.09.21 12:37:41.730,0.97556,0.97566,2.25,1.00
2016.09.21 12:37:41.781,0.97556,0.97565,2.25,1.00
2016.09.21 12:37:41.833,0.97555,0.97565,2.25,1.00
2016.09.21 12:37:41.936,0.97555,0.97565,3.00,1.00
2016.09.21 12:37:41.988,0.97555,0.97565,3.00,1.00
2016.09.21 12:37:42.039,0.97555,0.97565,3.75,1.00
2016.09.21 12:37:42.090,0.97555,0.97566,4.50,1.00
2016.09.21 12:37:42.142,0.97555,0.97567,5.25,3.37
2016.09.21 12:37:42.193,0.97555,0.97567,5.25,2.62
2016.09.21 12:37:42.244,0.97557,0.97567,1.87,2.25
2016.09.21 12:37:42.296,0.97557,0.97567,3.37,1.12
2016.09.21 12:37:42.347,0.97559,0.97568,1.50,1.87
2016.09.21 12:37:42.444,0.97559,0.97568,1.50,1.12
2016.09.21 12:37:42.495,0.97559,0.97568,1.50,1.00
2016.09.21 12:37:42.546,0.97559,0.97568,2.25,1.00
2016.09.21 12:37:42.598,0.97559,0.97569,2.62,1.87
2016.09.21 12:37:42.649,0.97559,0.97569,2.62,1.00
2016.09.21 12:37:42.752,0.97559,0.9757,2.62,2.25
2016.09.21 12:37:42.803,0.97559,0.9757,2.62,2.25
2016.09.21 12:37:42.854,0.97559,0.9757,3.00,1.87
2016.09.21 12:37:43.015,0.97559,0.9757,3.00,1.87
2016.09.21 12:37:43.066,0.97559,0.9757,3.00,1.50
2016.09.21 12:37:43.140,0.97559,0.9757,3.00,1.50
2016.09.21 12:37:43.192,0.97559,0.9757,3.00,1.12
2016.09.21 12:37:43.243,0.9756,0.9757,1.12,1.12
2016.09.21 12:37:43.345,0.97559,0.9757,2.25,1.12
2016.09.21 12:37:43.498,0.9756,0.97571,1.12,2.25
2016.09.21 12:37:43.549,0.9756,0.97571,1.12,1.50
2016.09.21 12:37:43.600,0.9756,0.97571,1.12,1.50
2016.09.21 12:37:43.652,0.9756,0.97572,1.12,3.56
2016.09.21 12:37:43.724,0.97561,0.97572,1.00,3.00
2016.09.21 12:37:43.775,0.97561,0.97572,2.25,2.25
2016.09.21 12:37:43.827,0.97561,0.97572,3.37,2.25
2016.09.21 12:37:43.883,0.97561,0.97572,1.87,2.25
2016.09.21 12:37:43.935,0.97561,0.97572,1.87,1.87
2016.09.21 12:37:44.090,0.97561,0.97572,1.87,1.50
2016.09.21 12:37:44.141,0.97562,0.97572,1.37,1.00
2016.09.21 12:37:44.296,0.97562,0.97572,1.12,1.12
2016.09.21 12:37:44.553,0.97562,0.97572,1.12,1.50
2016.09.21 12:37:44.605,0.97562,0.97572,1.12,1.00
2016.09.21 12:37:44.656,0.97562,0.97573,1.12,2.62
2016.09.21 12:37:44.741,0.97563,0.97573,1.50,1.87
2016.09.21 12:37:44.793,0.97564,0.97573,1.87,1.00
2016.09.21 12:37:44.845,0.97565,0.97574,1.12,1.00
2016.09.21 12:37:44.897,0.97565,0.97574,1.87,1.00
2016.09.21 12:37:44.949,0.97567,0.97574,1.50,1.00
2016.09.21 12:37:45.001,0.97567,0.97574,1.87,1.00
2016.09.21 12:37:45.105,0.97567,0.97576,1.87,2.62
2016.09.21 12:37:45.156,0.97565,0.97575,2.25,1.12
2016.09.21 12:37:45.208,0.97565,0.97575,2.25,1.50
2016.09.21 12:37:45.259,0.97565,0.97575,1.87,1.50
2016.09.21 12:37:45.310,0.97565,0.97575,2.62,1.12
2016.09.21 12:37:45.361,0.97565,0.97576,4.50,1.37
2016.09.21 12:37:45.412,0.97566,0.97577,1.00,2.62
2016.09.21 12:37:45.482,0.97566,0.97577,2.25,2.62
2016.09.21 12:37:45.533,0.97567,0.97577,3.37,1.00
2016.09.21 12:37:45.584,0.97568,0.97577,1.00,1.00
2016.09.21 12:37:45.636,0.97568,0.97578,1.87,1.50
2016.09.21 12:37:45.690,0.97568,0.97578,1.87,1.37
2016.09.21 12:37:45.741,0.97569,0.9758,1.00,2.62
2016.09.21 12:37:45.793,0.97569,0.9758,1.00,2.62
2016.09.21 12:37:45.844,0.97569,0.9758,1.50,2.25
2016.09.21 12:37:45.896,0.97569,0.9758,1.50,2.25
2016.09.21 12:37:46.049,0.97569,0.9758,1.50,2.62
2016.09.21 12:37:46.101,0.97569,0.9758,1.50,2.62
2016.09.21 12:37:46.544,0.97571,0.9758,1.00,3.00
2016.09.21 12:37:46.596,0.97571,0.97579,1.00,1.50
2016.09.21 12:37:46.647,0.97571,0.97579,1.00,1.87
2016.09.21 12:37:47.462,0.9757,0.97579,1.50,1.87
2016.09.21 12:37:47.564,0.9757,0.97579,1.50,2.62
2016.09.21 12:37:48.466,0.97569,0.97579,1.12,2.62
2016.09.21 12:37:48.943,0.97568,0.97579,3.75,3.37
2016.09.21 12:37:48.994,0.97568,0.97578,3.75,1.50
2016.09.21 12:37:49.046,0.97568,0.97573,1.50,1.25
2016.09.21 12:37:49.097,0.97568,0.97573,1.50,1.25
2016.09.21 12:37:49.149,0.97567,0.97575,1.50,1.87
2016.09.21 12:37:49.252,0.97567,0.97575,1.00,1.50
2016.09.21 12:37:49.303,0.97567,0.97575,1.00,2.25
2016.09.21 12:37:49.354,0.97565,0.97573,1.00,3.56
2016.09.21 12:37:49.406,0.97565,0.97573,1.00,3.56
2016.09.21 12:37:49.458,0.97565,0.97573,1.00,5.81
2016.09.21 12:37:49.509,0.97565,0.9757,1.00,1.00
2016.09.21 12:37:49.847,0.97561,0.9757,1.12,1.00
2016.09.21 12:37:49.898,0.97561,0.9757,1.12,1.00
2016.09.21 12:37:49.950,0.9756,0.9757,3.00,1.00
2016.09.21 12:37:50.422,0.9756,0.9757,3.00,1.00
2016.09.21 12:37:50.480,0.9756,0.9757,3.75,1.00
2016.09.21 12:37:50.655,0.9756,0.9757,3.00,1.00
2016.09.21 12:37:50.707,0.9756,0.9757,3.00,1.00
2016.09.21 12:37:50.758,0.9756,0.9757,4.50,1.00
2016.09.21 12:37:50.963,0.97564,0.97572,2.25,1.00
2016.09.21 12:37:51.076,0.97566,0.97574,1.50,1.37
2016.09.21 12:37:51.128,0.97566,0.97576,1.50,1.87
2016.09.21 12:37:51.179,0.97565,0.97577,4.87,3.75
2016.09.21 12:37:51.282,0.97568,0.97577,1.00,3.00
2016.09.21 12:37:51.333,0.97568,0.97577,1.00,1.12
2016.09.21 12:37:51.436,0.97568,0.97577,1.12,1.00
2016.09.21 12:37:51.640,0.97568,0.97577,1.12,1.87
2016.09.21 12:37:51.742,0.97568,0.97577,1.50,1.87
2016.09.21 12:37:51.953,0.97568,0.97577,2.25,1.87
2016.09.21 12:37:52.005,0.97568,0.97577,2.25,1.00
2016.09.21 12:37:52.108,0.97568,0.97577,2.25,1.00
2016.09.21 12:37:52.211,0.97569,0.97577,1.12,1.00
2016.09.21 12:37:52.262,0.9757,0.97581,1.50,4.12
2016.09.21 12:37:52.365,0.9757,0.97581,1.75,2.62
2016.09.21 12:37:52.417,0.9757,0.97581,1.75,1.87
2016.09.21 12:37:52.564,0.9757,0.9758,1.12,1.00
2016.09.21 12:37:52.667,0.9757,0.97579,1.00,1.12
2016.09.21 12:37:53.084,0.9757,0.97579,1.00,1.50
2016.09.21 12:37:53.187,0.9757,0.97579,1.00,1.50
2016.09.21 12:37:53.292,0.9757,0.97579,1.00,1.87
2016.09.21 12:37:53.344,0.97569,0.97579,1.12,1.87
2016.09.21 12:37:53.447,0.97569,0.97579,1.12,1.87
2016.09.21 12:37:53.499,0.97569,0.97578,1.12,1.00
2016.09.21 12:37:53.550,0.97568,0.97578,1.12,1.12
2016.09.21 12:37:53.602,0.97568,0.97577,1.12,1.00
2016.09.21 12:37:53.857,0.97567,0.97577,1.12,1.12
2016.09.21 12:37:53.959,0.97567,0.97577,1.12,1.12
2016.09.21 12:37:54.066,0.97568,0.97577,1.37,1.00
2016.09.21 12:37:56.265,0.97567,0.97577,1.87,1.00
2016.09.21 12:37:56.316,0.97567,0.97578,1.87,1.50
2016.09.21 12:37:56.367,0.97567,0.97578,1.87,3.22
2016.09.21 12:37:56.418,0.97567,0.97577,1.87,1.00
2016.09.21 12:37:56.469,0.97566,0.97577,3.00,1.00
2016.09.21 12:37:56.673,0.97566,0.97577,2.25,1.00
2016.09.21 12:37:56.775,0.97566,0.97577,3.00,1.00
2016.09.21 12:37:57.749,0.97566,0.97578,3.00,4.35
2016.09.21 12:37:57.822,0.97566,0.97577,3.00,1.00
2016.09.21 12:37:58.392,0.97566,0.97577,2.25,1.50
2016.09.21 12:37:58.444,0.97566,0.97577,2.25,1.12
2016.09.21 12:37:58.495,0.97566,0.97578,3.00,3.97
2016.09.21 12:37:58.546,0.97567,0.97578,1.37,2.62
2016.09.21 12:37:58.649,0.97567,0.97578,1.37,2.25
2016.09.21 12:37:58.752,0.97566,0.97578,3.00,3.97
2016.09.21 12:37:58.803,0.97566,0.97576,2.25,1.00
2016.09.21 12:37:58.957,0.97566,0.97575,1.50,1.00
2016.09.21 12:37:59.060,0.97566,0.97575,1.12,1.00
2016.09.21 12:37:59.526,0.97566,0.97575,1.12,1.72
2016.09.21 12:37:59.577,0.97564,0.97572,1.50,1.00
2016.09.21 12:37:59.681,0.97564,0.97572,1.50,1.00
2016.09.21 12:37:59.785,0.97562,0.97572,1.75,1.12
2016.09.21 12:37:59.888,0.97564,0.97572,1.00,2.62
2016.09.21 12:37:59.991,0.97562,0.97571,1.12,1.12
2016.09.21 12:38:00.671,0.97561,0.97571,1.50,1.12
2016.09.21 12:38:01.060,0.97561,0.97571,1.12,1.50
2016.09.21 12:38:01.162,0.9756,0.97571,1.50,1.50
2016.09.21 12:38:01.214,0.97561,0.97571,3.37,1.00
2016.09.21 12:38:01.265,0.97563,0.97572,2.62,1.50
2016.09.21 12:38:01.317,0.97564,0.97572,1.00,1.50
2016.09.21 12:38:01.368,0.97565,0.97573,1.50,1.00
2016.09.21 12:38:01.419,0.97565,0.97575,2.25,1.37
2016.09.21 12:38:01.471,0.97565,0.97575,1.87,1.00
2016.09.21 12:38:01.522,0.97566,0.97575,1.37,1.00
2016.09.21 12:38:01.573,0.97566,0.97576,1.50,1.37
2016.09.21 12:38:01.675,0.97566,0.97577,1.50,2.25
2016.09.21 12:38:02.215,0.97567,0.97577,1.12,2.25
2016.09.21 12:38:02.319,0.97567,0.97577,1.12,1.50
2016.09.21 12:38:02.370,0.97567,0.97577,1.87,1.00
2016.09.21 12:38:02.425,0.97568,0.97577,1.00,1.00
2016.09.21 12:38:02.477,0.97568,0.97578,1.00,1.37
2016.09.21 12:38:02.580,0.97568,0.97578,1.12,1.37
2016.09.21 12:38:02.683,0.97568,0.97578,1.50,1.37
2016.09.21 12:38:02.887,0.97568,0.97578,1.37,1.37
2016.09.21 12:38:02.989,0.97568,0.97578,1.12,1.50
2016.09.21 12:38:03.689,0.97568,0.97578,1.50,1.50
2016.09.21 12:38:03.791,0.97568,0.97578,1.50,1.37
2016.09.21 12:38:03.894,0.97569,0.97578,1.12,1.37
2016.09.21 12:38:03.990,0.97569,0.97578,1.12,1.00
2016.09.21 12:38:04.043,0.97569,0.97579,1.12,1.50
2016.09.21 12:38:04.400,0.97568,0.97579,2.25,1.50
2016.09.21 12:38:04.606,0.97569,0.97579,1.87,1.50
2016.09.21 12:38:06.733,0.97569,0.97579,1.87,1.00
2016.09.21 12:38:08.572,0.97569,0.97579,1.87,1.00
2016.09.21 12:38:08.675,0.9757,0.97579,1.00,1.00
2016.09.21 12:38:08.829,0.9757,0.9758,1.00,1.87
2016.09.21 12:38:08.880,0.97572,0.9758,1.12,1.12
2016.09.21 12:38:08.932,0.97572,0.97582,1.12,3.37
2016.09.21 12:38:08.984,0.97573,0.97582,1.00,1.37
2016.09.21 12:38:09.035,0.97573,0.97583,1.00,1.87
2016.09.21 12:38:09.086,0.97572,0.97583,2.25,1.87
2016.09.21 12:38:09.137,0.97573,0.97583,1.00,1.50
2016.09.21 12:38:09.188,0.97574,0.97584,1.00,1.37
2016.09.21 12:38:09.286,0.97574,0.97585,1.50,2.25
2016.09.21 12:38:09.390,0.97575,0.97585,1.00,1.87
2016.09.21 12:38:09.493,0.97575,0.97585,1.00,1.12
2016.09.21 12:38:09.595,0.97575,0.97582,1.00,1.30
2016.09.21 12:38:09.646,0.97575,0.97582,1.00,1.57
2016.09.21 12:38:09.698,0.97575,0.97581,1.00,2.47
2016.09.21 12:38:09.800,0.9757,0.97579,2.25,1.00
2016.09.21 12:38:09.902,0.9757,0.97579,2.25,1.12
2016.09.21 12:38:10.062,0.9757,0.97579,1.87,1.12
2016.09.21 12:38:10.169,0.9757,0.97579,1.12,1.12
2016.09.21 12:38:10.220,0.97569,0.97579,1.50,1.12
2016.09.21 12:38:10.374,0.97569,0.97579,1.50,1.12
2016.09.21 12:38:10.482,0.97569,0.97579,1.50,1.12
2016.09.21 12:38:11.293,0.97569,0.97578,1.50,1.00
2016.09.21 12:38:11.498,0.97569,0.97578,1.00,1.00
2016.09.21 12:38:12.186,0.97569,0.97578,1.00,1.37
2016.09.21 12:38:12.238,0.97569,0.97578,1.00,1.50
2016.09.21 12:38:12.392,0.97567,0.97579,1.87,2.25
2016.09.21 12:38:12.443,0.97567,0.97577,1.87,1.00
2016.09.21 12:38:12.721,0.97567,0.97577,2.62,1.00
2016.09.21 12:38:12.823,0.97567,0.97577,1.87,1.00
2016.09.21 12:38:12.875,0.97567,0.97577,2.62,1.00
2016.09.21 12:38:12.977,0.97567,0.97577,1.87,1.00
2016.09.21 12:38:13.081,0.97567,0.97577,1.87,1.00
2016.09.21 12:38:16.309,0.97567,0.97577,1.12,1.00
2016.09.21 12:38:16.361,0.97567,0.97577,1.12,1.00
2016.09.21 12:38:16.821,0.97567,0.97577,1.12,1.12
2016.09.21 12:38:16.925,0.97568,0.97577,1.00,1.00
2016.09.21 12:38:16.976,0.97568,0.97578,1.00,1.50
2016.09.21 12:38:17.027,0.97568,0.97578,1.00,1.37
2016.09.21 12:38:17.187,0.97568,0.97579,1.50,2.25
2016.09.21 12:38:17.239,0.97567,0.97579,2.25,3.37
2016.09.21 12:38:17.291,0.97567,0.97579,3.00,3.37
2016.09.21 12:38:17.394,0.97567,0.97579,2.25,3.37
2016.09.21 12:38:17.496,0.97567,0.97579,3.00,3.37
2016.09.21 12:38:17.650,0.97567,0.97578,3.00,1.37
2016.09.21 12:38:17.805,0.97567,0.97577,2.25,1.12
2016.09.21 12:38:17.908,0.97567,0.97578,2.25,1.37
2016.09.21 12:38:18.010,0.97567,0.97577,1.50,1.37
2016.09.21 12:38:18.063,0.97567,0.97577,1.50,1.50
2016.09.21 12:38:18.115,0.97567,0.97577,2.25,1.50
2016.09.21 12:38:18.217,0.97564,0.97576,3.00,1.12
2016.09.21 12:38:18.292,0.97564,0.97575,3.00,1.37
2016.09.21 12:38:18.605,0.97564,0.97575,2.25,1.37
2016.09.21 12:38:19.060,0.97564,0.97574,2.25,1.12
2016.09.21 12:38:19.112,0.97564,0.97573,1.50,1.00
2016.09.21 12:38:19.214,0.97564,0.97575,2.25,1.37
2016.09.21 12:38:19.316,0.97566,0.97575,1.00,1.37
2016.09.21 12:38:19.367,0.97566,0.97576,1.00,1.00
2016.09.21 12:38:19.672,0.97565,0.97576,1.00,1.35
2016.09.21 12:38:19.723,0.97564,0.97573,1.50,1.00
2016.09.21 12:38:19.825,0.97564,0.97571,1.50,1.00
2016.09.21 12:38:19.928,0.97564,0.97574,1.12,1.50
2016.09.21 12:38:20.030,0.97564,0.97574,1.00,1.87
2016.09.21 12:38:20.132,0.97563,0.97574,2.25,1.00
2016.09.21 12:38:20.184,0.97565,0.97574,1.12,1.00
2016.09.21 12:38:20.235,0.97565,0.97575,1.12,1.00
2016.09.21 12:38:20.390,0.97565,0.97576,1.87,1.87
2016.09.21 12:38:20.646,0.97566,0.97576,1.12,1.50
2016.09.21 12:38:20.800,0.97568,0.97577,1.00,1.50
2016.09.21 12:38:20.902,0.97566,0.97578,1.12,1.87
2016.09.21 12:38:21.225,0.97567,0.97578,1.00,2.62
2016.09.21 12:38:23.018,0.97566,0.97578,1.87,2.62
2016.09.21 12:38:23.172,0.97566,0.97578,1.87,3.00
2016.09.21 12:38:23.377,0.97566,0.97578,1.87,2.62
2016.09.21 12:38:23.784,0.97566,0.97578,1.87,3.00
2016.09.21 12:38:24.245,0.97566,0.97578,1.87,3.75
2016.09.21 12:38:25.175,0.97566,0.97578,1.87,4.35
2016.09.21 12:38:25.226,0.97566,0.97577,1.12,1.50
2016.09.21 12:38:25.329,0.97566,0.97577,1.00,1.87
2016.09.21 12:38:25.380,0.97566,0.97577,1.00,2.25
2016.09.21 12:38:25.536,0.97566,0.97577,1.00,3.00
2016.09.21 12:38:26.362,0.97566,0.97577,1.00,2.62
2016.09.21 12:38:26.414,0.97566,0.97577,1.50,1.87
2016.09.21 12:38:26.619,0.97566,0.97577,1.50,1.12
2016.09.21 12:38:29.661,0.97566,0.97577,1.50,2.62
2016.09.21 12:38:30.017,0.97565,0.97576,1.12,1.50
2016.09.21 12:38:30.069,0.97565,0.97572,1.12,1.00
2016.09.21 12:38:30.228,0.97565,0.97572,1.12,1.00
2016.09.21 12:38:30.280,0.97565,0.97572,1.12,1.87
2016.09.21 12:38:30.331,0.97563,0.97571,1.75,1.12
2016.09.21 12:38:30.402,0.97563,0.9757,1.75,1.00
2016.09.21 12:38:30.454,0.97562,0.9757,1.75,2.25
2016.09.21 12:38:30.557,0.97561,0.9757,1.12,2.25
2016.09.21 12:38:30.608,0.97561,0.9757,1.12,2.62
2016.09.21 12:38:30.659,0.97559,0.9757,1.00,3.37
2016.09.21 12:38:30.763,0.97559,0.9757,1.12,4.12
2016.09.21 12:38:30.912,0.97559,0.9757,1.00,4.12
2016.09.21 12:38:30.963,0.97559,0.9757,1.00,4.12
2016.09.21 12:38:31.476,0.97557,0.9757,2.25,4.12
2016.09.21 12:38:32.169,0.97557,0.9757,2.25,4.12
2016.09.21 12:38:32.271,0.97557,0.97569,2.25,1.37
2016.09.21 12:38:32.408,0.97558,0.97569,1.12,1.37
2016.09.21 12:38:36.035,0.97559,0.97569,1.00,1.37
2016.09.21 12:38:36.444,0.97559,0.97569,2.25,1.37
2016.09.21 12:38:36.547,0.9756,0.9757,1.12,1.00
2016.09.21 12:38:36.649,0.97559,0.9757,3.00,1.00
2016.09.21 12:38:36.759,0.97561,0.97571,2.17,1.12
2016.09.21 12:38:36.810,0.97561,0.97571,4.05,1.12
2016.09.21 12:38:36.862,0.97564,0.97574,1.00,1.87
2016.09.21 12:38:36.964,0.97564,0.97574,2.25,2.62
2016.09.21 12:38:37.168,0.97564,0.97574,2.25,2.62
2016.09.21 12:38:37.219,0.97564,0.97574,2.25,2.25
2016.09.21 12:38:37.373,0.97564,0.97575,2.25,1.00
2016.09.21 12:38:37.475,0.97564,0.97576,2.25,4.50
2016.09.21 12:38:37.936,0.97565,0.97576,1.50,4.50
2016.09.21 12:38:38.345,0.97565,0.97576,1.50,3.75
2016.09.21 12:38:38.447,0.97564,0.97574,2.25,1.00
2016.09.21 12:38:38.498,0.97564,0.97574,2.25,1.00
2016.09.21 12:38:38.653,0.97564,0.97574,1.75,1.00
2016.09.21 12:38:39.163,0.97564,0.97573,1.75,1.00
2016.09.21 12:38:39.265,0.97564,0.97574,1.75,1.00
2016.09.21 12:38:39.367,0.97563,0.97574,1.50,1.12
2016.09.21 12:38:39.562,0.97563,0.97575,1.50,4.12
2016.09.21 12:38:39.664,0.97563,0.97574,1.50,1.12
2016.09.21 12:38:39.716,0.97563,0.97573,1.50,1.00
2016.09.21 12:38:40.694,0.97563,0.97574,1.50,1.87
2016.09.21 12:38:40.796,0.97563,0.97574,1.50,1.87
2016.09.21 12:38:41.051,0.97563,0.97574,1.50,2.25
2016.09.21 12:38:41.395,0.97563,0.97574,1.50,2.85
2016.09.21 12:38:41.446,0.97563,0.97572,1.12,1.50
2016.09.21 12:38:41.497,0.97563,0.97571,1.12,1.00
2016.09.21 12:38:41.549,0.97561,0.9757,2.25,1.00
2016.09.21 12:38:41.600,0.97561,0.9757,2.25,1.12
2016.09.21 12:38:41.653,0.97561,0.97569,1.00,1.00
2016.09.21 12:38:42.040,0.97561,0.97569,1.00,1.12
2016.09.21 12:38:42.091,0.9756,0.97569,1.12,2.62
2016.09.21 12:38:42.297,0.97559,0.97569,1.50,2.62
2016.09.21 12:38:42.503,0.97559,0.97569,1.50,3.37
2016.09.21 12:38:44.658,0.97559,0.97569,1.50,2.62
2016.09.21 12:38:44.713,0.97559,0.97569,1.50,1.87
2016.09.21 12:38:45.021,0.97559,0.97569,1.50,1.12
2016.09.21 12:38:45.638,0.97559,0.97568,1.50,1.00
2016.09.21 12:38:46.667,0.97558,0.97568,1.50,1.00
2016.09.21 12:38:46.718,0.97558,0.97568,1.50,1.00
2016.09.21 12:38:48.515,0.97558,0.97568,1.50,1.00
2016.09.21 12:38:48.567,0.97559,0.97569,1.37,2.62
2016.09.21 12:38:48.670,0.97559,0.97569,1.50,2.62
2016.09.21 12:38:48.772,0.97559,0.97569,1.50,1.87
2016.09.21 12:38:48.824,0.97559,0.97569,2.25,1.87
2016.09.21 12:38:48.876,0.97559,0.97569,2.25,1.50
2016.09.21 12:38:48.985,0.97559,0.9757,2.25,3.00
2016.09.21 12:38:49.091,0.97561,0.9757,1.00,2.25
2016.09.21 12:38:49.143,0.97561,0.9757,1.50,2.25
2016.09.21 12:38:49.196,0.97561,0.97571,1.12,1.50
2016.09.21 12:38:49.298,0.97561,0.97572,1.87,2.62
2016.09.21 12:38:49.502,0.97561,0.97572,2.92,2.62
2016.09.21 12:38:49.554,0.97562,0.97572,1.05,2.62
2016.09.21 12:38:49.687,0.97563,0.97572,1.00,1.87
2016.09.21 12:38:49.738,0.97563,0.97572,1.00,1.87
2016.09.21 12:38:49.789,0.97563,0.97574,1.87,3.00
2016.09.21 12:38:49.841,0.97563,0.97574,1.87,2.25
2016.09.21 12:38:49.893,0.97563,0.97574,1.12,1.50
2016.09.21 12:38:49.944,0.97565,0.97575,1.00,2.25
2016.09.21 12:38:49.995,0.97566,0.97575,1.00,1.75
2016.09.21 12:38:50.047,0.97566,0.97575,1.50,1.75
2016.09.21 12:38:50.099,0.97566,0.97576,1.00,1.87
2016.09.21 12:38:50.150,0.97568,0.97576,1.00,1.87
2016.09.21 12:38:50.202,0.97568,0.97576,1.00,1.00
2016.09.21 12:38:50.304,0.97568,0.97577,1.00,1.50
2016.09.21 12:38:50.417,0.97568,0.97577,2.25,1.00
2016.09.21 12:38:50.521,0.97568,0.97578,2.25,1.87
2016.09.21 12:38:50.675,0.97568,0.97578,1.50,2.25
2016.09.21 12:38:50.777,0.97568,0.97578,1.12,2.25
2016.09.21 12:38:50.829,0.97568,0.97578,1.12,1.50
2016.09.21 12:38:50.982,0.97568,0.97578,1.12,1.00
2016.09.21 12:38:52.088,0.97567,0.97578,2.25,1.00
2016.09.21 12:38:53.513,0.97567,0.97579,2.25,3.19
2016.09.21 12:38:54.319,0.97567,0.97579,2.25,2.81
2016.09.21 12:38:54.576,0.97567,0.97578,1.50,1.12
2016.09.21 12:38:55.589,0.97567,0.97578,1.50,2.25
2016.09.21 12:38:55.640,0.97567,0.97578,2.25,2.25
2016.09.21 12:38:55.691,0.97567,0.97578,2.25,3.00
2016.09.21 12:38:55.794,0.97567,0.97577,1.12,1.12
2016.09.21 12:38:55.845,0.97566,0.97577,1.50,1.87
2016.09.21 12:38:55.896,0.97565,0.97573,2.25,1.37
2016.09.21 12:38:55.994,0.97565,0.97572,1.75,1.12
2016.09.21 12:38:56.046,0.97565,0.97572,1.75,3.00
2016.09.21 12:38:56.101,0.97564,0.97572,1.00,3.37
2016.09.21 12:38:56.203,0.97564,0.97572,1.00,3.75
2016.09.21 12:38:56.407,0.97564,0.97572,1.00,4.50
2016.09.21 12:38:56.611,0.97563,0.97572,1.00,3.00
2016.09.21 12:38:56.663,0.97563,0.97572,1.00,2.25
2016.09.21 12:38:56.714,0.97562,0.97572,1.37,1.87
2016.09.21 12:38:56.871,0.97562,0.97572,1.37,1.50
2016.09.21 12:38:56.925,0.97562,0.97572,1.87,1.50
2016.09.21 12:38:56.976,0.97563,0.97572,1.12,1.50
2016.09.21 12:38:57.028,0.97563,0.97572,1.87,1.50
2016.09.21 12:38:57.079,0.97564,0.97572,1.12,1.00
2016.09.21 12:38:57.132,0.97564,0.97574,1.37,1.50
2016.09.21 12:38:57.184,0.97564,0.97574,2.25,1.50
2016.09.21 12:38:57.235,0.97564,0.97574,3.75,1.50
2016.09.21 12:38:57.286,0.97565,0.97574,1.37,1.00
2016.09.21 12:38:57.339,0.97566,0.97576,1.37,3.00
2016.09.21 12:38:57.391,0.97566,0.97576,1.50,1.87
2016.09.21 12:38:57.442,0.97566,0.97578,1.50,4.12
2016.09.21 12:38:57.544,0.97566,0.97576,1.50,1.00
2016.09.21 12:38:57.647,0.97566,0.97578,1.50,4.12
2016.09.21 12:38:58.109,0.97566,0.97578,2.25,4.12
2016.09.21 12:38:58.609,0.97566,0.97578,2.25,3.37
2016.09.21 12:38:58.847,0.97566,0.97578,2.25,2.62
2016.09.21 12:38:59.206,0.97566,0.97578,3.00,2.62
2016.09.21 12:38:59.257,0.97568,0.97578,1.00,1.87
2016.09.21 12:38:59.309,0.97568,0.97578,1.12,1.50
2016.09.21 12:38:59.361,0.97567,0.97578,1.37,1.50
2016.09.21 12:38:59.412,0.97567,0.97579,2.25,3.00
2016.09.21 12:38:59.463,0.97569,0.97579,1.00,3.00
2016.09.21 12:38:59.565,0.97567,0.97579,1.50,3.00
2016.09.21 12:38:59.670,0.97567,0.97579,1.50,3.19
2016.09.21 12:38:59.722,0.97567,0.97579,1.50,3.56
2016.09.21 12:38:59.773,0.97567,0.97578,1.50,1.12
2016.09.21 12:38:59.824,0.97567,0.97578,1.50,1.50
2016.09.21 12:38:59.875,0.97566,0.97577,1.75,1.12
2016.09.21 12:38:59.927,0.97566,0.97576,1.37,1.00
2016.09.21 12:38:59.979,0.97566,0.97574,1.37,1.00
2016.09.21 12:39:00.030,0.97566,0.97574,1.00,1.00
2016.09.21 12:39:00.183,0.97566,0.97575,1.00,1.50
2016.09.21 12:39:00.285,0.97566,0.97574,1.00,1.00
2016.09.21 12:39:00.388,0.97565,0.97574,1.50,1.00
2016.09.21 12:39:00.542,0.97565,0.97572,1.50,1.12
2016.09.21 12:39:00.645,0.97565,0.9757,1.50,1.00
2016.09.21 12:39:00.696,0.97566,0.9757,1.00,1.00
2016.09.21 12:39:00.798,0.97562,0.9757,1.50,1.00
2016.09.21 12:39:00.900,0.97562,0.9757,1.12,1.00
2016.09.21 12:39:00.951,0.97562,0.97572,1.12,2.62
2016.09.21 12:39:01.074,0.97562,0.97572,1.12,2.62
2016.09.21 12:39:01.126,0.97562,0.97572,1.37,2.25
2016.09.21 12:39:01.178,0.97562,0.97572,1.37,1.50
2016.09.21 12:39:01.229,0.97561,0.97572,4.50,1.50
2016.09.21 12:39:01.333,0.97561,0.97572,4.50,1.50
2016.09.21 12:39:01.385,0.97561,0.97572,4.50,1.00
2016.09.21 12:39:01.538,0.97561,0.97573,3.75,1.69
2016.09.21 12:39:01.590,0.97561,0.9757,1.75,1.00
2016.09.21 12:39:01.748,0.97562,0.97572,1.00,1.00
2016.09.21 12:39:01.852,0.97562,0.97572,1.00,1.00
2016.09.21 12:39:01.905,0.97562,0.97572,1.37,1.00
2016.09.21 12:39:01.957,0.97562,0.97572,1.37,1.00
2016.09.21 12:39:02.009,0.97562,0.97572,1.50,1.00
2016.09.21 12:39:02.164,0.97562,0.97572,1.87,1.00
2016.09.21 12:39:03.251,0.97562,0.97572,2.62,1.00
2016.09.21 12:39:04.826,0.97563,0.97572,1.12,1.00
2016.09.21 12:39:04.929,0.97563,0.97572,1.50,1.00
2016.09.21 12:39:04.980,0.97563,0.97573,2.25,1.00
2016.09.21 12:39:05.033,0.97565,0.97575,1.00,1.37
2016.09.21 12:39:05.084,0.97565,0.97576,1.50,1.50
2016.09.21 12:39:05.135,0.97565,0.97576,3.00,1.37
2016.09.21 12:39:05.293,0.97567,0.97576,1.12,1.00
2016.09.21 12:39:05.498,0.97567,0.97578,1.12,1.87
2016.09.21 12:39:06.685,0.97567,0.97578,1.12,1.50
2016.09.21 12:39:07.346,0.97567,0.97578,1.87,1.50
2016.09.21 12:39:07.398,0.97567,0.97577,1.87,1.12
2016.09.21 12:39:07.500,0.97567,0.97578,2.62,1.50
2016.09.21 12:39:07.809,0.97567,0.97578,1.87,1.50
2016.09.21 12:39:07.962,0.97567,0.97577,1.37,1.12
2016.09.21 12:39:08.014,0.97568,0.97577,1.00,1.00
2016.09.21 12:39:08.159,0.97567,0.97577,1.37,1.12
2016.09.21 12:39:08.262,0.97567,0.97578,1.37,1.50
2016.09.21 12:39:08.313,0.97568,0.97578,1.12,1.50
2016.09.21 12:39:08.388,0.97568,0.97578,1.50,1.50
2016.09.21 12:39:09.091,0.97568,0.97578,1.00,1.50
2016.09.21 12:39:09.244,0.97567,0.97578,2.25,1.50
2016.09.21 12:39:10.606,0.97567,0.97579,3.00,2.44
2016.09.21 12:39:10.861,0.97567,0.97579,3.00,2.44
2016.09.21 12:39:10.913,0.97568,0.97579,1.12,2.00
2016.09.21 12:39:11.168,0.97568,0.97578,1.12,1.50
2016.09.21 12:39:11.806,0.97567,0.97578,2.25,1.50
2016.09.21 12:39:14.023,0.97568,0.97578,1.12,1.50
2016.09.21 12:39:14.126,0.97567,0.97578,2.25,2.25
2016.09.21 12:39:14.517,0.97568,0.97578,1.12,1.50
2016.09.21 12:39:15.127,0.97567,0.97578,2.25,1.50
2016.09.21 12:39:15.715,0.97567,0.97578,1.12,1.50
2016.09.21 12:39:16.105,0.97567,0.97578,1.12,1.87
2016.09.21 12:39:16.515,0.97566,0.97578,4.12,2.62
2016.09.21 12:39:17.422,0.97566,0.97578,4.12,2.25
2016.09.21 12:39:17.743,0.97567,0.97578,1.12,2.25
2016.09.21 12:39:17.846,0.97566,0.97577,4.12,1.12
2016.09.21 12:39:18.426,0.97567,0.97578,1.12,1.50
2016.09.21 12:39:18.777,0.97567,0.97578,1.50,1.12
2016.09.21 12:39:18.930,0.97567,0.97578,1.50,1.87
2016.09.21 12:39:19.649,0.97567,0.97578,2.25,1.87
2016.09.21 12:39:19.751,0.97567,0.97578,2.25,1.12
2016.09.21 12:39:19.853,0.97567,0.97578,1.50,1.12
2016.09.21 12:39:19.955,0.97566,0.97578,3.37,1.87
2016.09.21 12:39:20.566,0.97566,0.97578,5.62,1.87
2016.09.21 12:39:20.668,0.97566,0.97578,5.62,2.25
2016.09.21 12:39:20.875,0.97566,0.97578,4.87,2.25
2016.09.21 12:39:21.130,0.97566,0.97578,4.12,2.25
2016.09.21 12:39:21.181,0.97566,0.97578,3.37,2.25
2016.09.21 12:39:21.436,0.97566,0.97578,2.25,2.25
2016.09.21 12:39:21.487,0.97566,0.97578,1.50,2.25
2016.09.21 12:39:21.676,0.97566,0.97578,1.50,2.25
2016.09.21 12:39:21.779,0.97566,0.97578,1.50,2.25
2016.09.21 12:39:23.668,0.97566,0.97578,3.00,2.25
2016.09.21 12:39:23.719,0.97566,0.97578,3.75,2.25
2016.09.21 12:39:23.770,0.97568,0.97578,1.00,1.50
2016.09.21 12:39:23.873,0.97568,0.97578,1.00,1.50
2016.09.21 12:39:23.975,0.97568,0.97578,1.87,1.12
2016.09.21 12:39:24.026,0.97568,0.9758,1.87,1.87
2016.09.21 12:39:24.078,0.97568,0.9758,1.87,1.75
2016.09.21 12:39:24.129,0.97569,0.9758,1.00,1.75
2016.09.21 12:39:24.180,0.97569,0.9758,1.12,1.50
2016.09.21 12:39:24.343,0.97569,0.9758,1.50,1.12
2016.09.21 12:39:24.938,0.97568,0.9758,2.25,1.87
2016.09.21 12:39:25.288,0.97568,0.9758,3.00,1.87
2016.09.21 12:39:25.799,0.97568,0.97579,2.25,1.00
2016.09.21 12:39:26.098,0.97568,0.97579,2.25,1.00
2016.09.21 12:39:26.254,0.97568,0.97579,2.25,1.50
2016.09.21 12:39:26.305,0.97568,0.97577,2.25,1.00
2016.09.21 12:39:26.459,0.97568,0.97577,1.12,1.00
2016.09.21 12:39:26.614,0.9757,0.97577,1.37,1.00
2016.09.21 12:39:26.862,0.97569,0.97577,1.00,1.00
2016.09.21 12:39:27.271,0.9757,0.97577,1.37,1.00
2016.09.21 12:39:27.476,0.97571,0.97579,1.37,1.00
2016.09.21 12:39:27.556,0.97571,0.97579,2.17,1.00
2016.09.21 12:39:27.608,0.97571,0.97581,2.92,1.87
2016.09.21 12:39:27.659,0.97573,0.97581,1.00,1.50
2016.09.21 12:39:27.710,0.97573,0.97581,2.25,1.50
2016.09.21 12:39:27.762,0.97574,0.97584,1.00,1.75
2016.09.21 12:39:27.813,0.97574,0.97584,1.87,1.75
2016.09.21 12:39:27.864,0.97575,0.97584,1.50,1.00
2016.09.21 12:39:27.966,0.97575,0.97585,1.50,1.87
2016.09.21 12:39:28.068,0.97575,0.97585,1.87,1.50
2016.09.21 12:39:28.547,0.97575,0.97585,1.87,1.50
2016.09.21 12:39:28.598,0.97576,0.97585,1.00,1.50
2016.09.21 12:39:28.854,0.97576,0.97585,1.50,1.00
2016.09.21 12:39:28.906,0.97576,0.97586,1.50,2.25
2016.09.21 12:39:29.033,0.97576,0.97585,1.50,1.00
2016.09.21 12:39:29.085,0.97576,0.97585,1.50,1.50
2016.09.21 12:39:29.393,0.97576,0.97585,1.50,2.25
2016.09.21 12:39:29.496,0.97576,0.97585,1.50,1.50
2016.09.21 12:39:29.547,0.97576,0.97585,1.50,1.00
2016.09.21 12:39:29.650,0.97576,0.97585,1.50,1.50
2016.09.21 12:39:29.803,0.97578,0.97585,1.37,1.00
2016.09.21 12:39:29.957,0.97578,0.97586,1.50,1.00
2016.09.21 12:39:30.055,0.97579,0.97588,1.37,3.75
2016.09.21 12:39:30.116,0.9758,0.97588,1.37,1.00
2016.09.21 12:39:30.167,0.9758,0.97589,1.37,4.12
2016.09.21 12:39:30.219,0.97581,0.97589,1.00,3.75
2016.09.21 12:39:30.270,0.97581,0.97589,1.12,3.37
2016.09.21 12:39:30.321,0.97581,0.97589,1.12,3.75
2016.09.21 12:39:30.424,0.97581,0.97589,1.12,3.37
2016.09.21 12:39:30.482,0.97581,0.97589,1.12,2.25
2016.09.21 12:39:30.555,0.97581,0.97589,1.12,2.25
2016.09.21 12:39:30.607,0.97581,0.97589,1.12,3.75
2016.09.21 12:39:30.760,0.97581,0.97589,1.12,2.25
2016.09.21 12:39:30.811,0.97581,0.97589,1.12,1.12
2016.09.21 12:39:30.862,0.97581,0.97589,1.12,1.00
2016.09.21 12:39:30.925,0.97581,0.97589,1.12,1.50
2016.09.21 12:39:30.976,0.97583,0.97589,1.37,1.00
2016.09.21 12:39:31.078,0.97584,0.97592,1.37,1.87
2016.09.21 12:39:31.181,0.97584,0.97592,1.37,2.81
2016.09.21 12:39:31.283,0.97584,0.97592,1.37,1.12
2016.09.21 12:39:31.385,0.97584,0.97592,1.37,1.00
2016.09.21 12:39:34.105,0.97584,0.97592,1.37,2.06
2016.09.21 12:39:34.207,0.97584,0.97591,1.37,1.87
2016.09.21 12:39:34.310,0.97583,0.9759,1.37,2.25
2016.09.21 12:39:34.362,0.97583,0.9759,1.37,2.62
2016.09.21 12:39:34.413,0.97582,0.97588,1.37,1.00
2016.09.21 12:39:34.516,0.97582,0.9759,1.37,3.37
2016.09.21 12:39:34.619,0.97582,0.9759,1.37,3.75
2016.09.21 12:39:34.672,0.97582,0.9759,1.37,3.37
2016.09.21 12:39:35.946,0.97582,0.9759,1.37,2.25
2016.09.21 12:39:38.030,0.97582,0.9759,1.37,1.50
2016.09.21 12:39:38.236,0.97583,0.9759,1.00,1.12
2016.09.21 12:39:38.288,0.97583,0.9759,1.37,1.12
2016.09.21 12:39:39.406,0.97583,0.97591,1.37,2.62
2016.09.21 12:39:39.610,0.97583,0.97591,1.37,2.25
2016.09.21 12:39:40.508,0.97583,0.9759,1.37,1.12
2016.09.21 12:39:40.716,0.97583,0.97591,1.37,2.25
2016.09.21 12:39:40.828,0.97584,0.97592,1.37,1.50
2016.09.21 12:39:40.879,0.97585,0.97592,1.37,1.50
2016.09.21 12:39:40.931,0.97586,0.97591,1.37,1.00
2016.09.21 12:39:41.033,0.97586,0.97591,1.12,1.37
2016.09.21 12:39:41.085,0.97586,0.97592,1.12,3.00
2016.09.21 12:39:41.187,0.97586,0.97592,1.12,2.62
2016.09.21 12:39:41.342,0.97586,0.97592,1.37,1.00
2016.09.21 12:39:41.445,0.97586,0.97592,1.37,1.12
2016.09.21 12:39:41.753,0.97586,0.97592,1.37,1.12
2016.09.21 12:39:41.906,0.97586,0.97592,1.37,1.00
2016.09.21 12:39:42.641,0.97586,0.97592,1.37,1.00
2016.09.21 12:39:42.692,0.97586,0.9759,1.12,1.00
2016.09.21 12:39:42.744,0.97586,0.9759,1.00,1.00
2016.09.21 12:39:42.796,0.97585,0.9759,1.37,1.00
2016.09.21 12:39:42.848,0.97585,0.9759,1.37,1.12
2016.09.21 12:39:43.103,0.97584,0.97591,1.37,2.25
2016.09.21 12:39:43.154,0.97584,0.97591,1.37,2.25
2016.09.21 12:39:43.207,0.97584,0.9759,1.37,1.00
2016.09.21 12:39:43.259,0.97584,0.97591,1.37,1.50
2016.09.21 12:39:43.941,0.97584,0.97591,1.37,1.50
2016.09.21 12:39:43.992,0.97582,0.97591,1.37,1.50
2016.09.21 12:39:44.144,0.97582,0.97591,1.37,2.25
2016.09.21 12:39:44.247,0.97582,0.9759,1.37,1.00
2016.09.21 12:39:44.355,0.97582,0.9759,1.37,1.50
2016.09.21 12:39:44.612,0.97582,0.9759,1.37,1.12
2016.09.21 12:39:44.920,0.97582,0.9759,1.37,1.00
2016.09.21 12:39:45.178,0.97581,0.9759,1.75,4.12
2016.09.21 12:39:45.232,0.97581,0.97586,1.50,1.00
2016.09.21 12:39:45.285,0.97581,0.97586,1.12,1.37
2016.09.21 12:39:45.337,0.9758,0.97585,1.00,1.87
2016.09.21 12:39:45.389,0.9758,0.97584,1.00,1.00
2016.09.21 12:39:45.440,0.9758,0.97584,1.00,1.50
2016.09.21 12:39:45.491,0.9758,0.97584,1.00,1.87
2016.09.21 12:39:45.617,0.97579,0.97584,1.00,2.62
2016.09.21 12:39:45.773,0.97578,0.97584,1.00,1.87
2016.09.21 12:39:45.836,0.97576,0.97584,1.12,2.62
2016.09.21 12:39:45.938,0.97575,0.97584,1.37,2.62
2016.09.21 12:39:45.989,0.97574,0.97584,1.75,3.00
2016.09.21 12:39:46.735,0.97574,0.97584,1.75,2.25
2016.09.21 12:39:46.786,0.97574,0.97584,1.75,1.50
2016.09.21 12:39:47.499,0.97574,0.97585,1.75,4.12
2016.09.21 12:39:47.551,0.97574,0.97585,1.75,2.62
2016.09.21 12:39:47.704,0.97574,0.97585,1.12,2.62
2016.09.21 12:39:47.756,0.97574,0.97585,1.00,2.62
2016.09.21 12:39:48.017,0.97574,0.97585,1.00,3.37
2016.09.21 12:39:49.168,0.97574,0.97585,1.00,3.37
2016.09.21 12:39:49.844,0.97574,0.97585,1.00,2.62
2016.09.21 12:39:50.990,0.97574,0.97584,1.00,2.25
2016.09.21 12:39:51.041,0.97574,0.97581,1.00,1.12
2016.09.21 12:39:51.092,0.97574,0.97581,1.00,1.87
2016.09.21 12:39:51.144,0.97572,0.97581,1.50,3.37
2016.09.21 12:39:51.195,0.97572,0.97579,1.50,1.12
2016.09.21 12:39:51.246,0.97571,0.97579,1.12,1.12
2016.09.21 12:39:51.297,0.97571,0.97578,1.12,1.00
2016.09.21 12:39:51.645,0.97571,0.97579,1.12,1.50
2016.09.21 12:39:51.696,0.97571,0.97579,1.12,1.12
2016.09.21 12:39:51.748,0.9757,0.97579,1.37,1.12
2016.09.21 12:39:53.886,0.9757,0.97579,1.87,1.12
2016.09.21 12:39:54.041,0.97571,0.97579,1.00,1.00
2016.09.21 12:39:55.468,0.97571,0.97579,1.12,1.00
2016.09.21 12:39:55.520,0.97571,0.97579,1.50,1.00
2016.09.21 12:39:55.622,0.97571,0.9758,1.50,1.00
2016.09.21 12:39:56.544,0.97571,0.9758,1.50,1.12
2016.09.21 12:39:57.005,0.97571,0.97581,1.50,2.25
2016.09.21 12:39:57.056,0.97571,0.97581,1.50,1.87
2016.09.21 12:39:57.107,0.97571,0.97581,2.62,1.87
2016.09.21 12:39:57.159,0.97572,0.97582,1.37,1.50
2016.09.21 12:39:57.210,0.97573,0.97583,1.87,1.75
2016.09.21 12:39:57.313,0.97575,0.97583,1.37,1.75
2016.09.21 12:39:57.409,0.97575,0.97585,1.37,4.12
2016.09.21 12:39:57.466,0.97575,0.97585,1.37,3.37
2016.09.21 12:39:57.621,0.97575,0.97585,1.87,2.62
2016.09.21 12:39:57.673,0.97575,0.97585,1.87,2.25
2016.09.21 12:39:57.725,0.97575,0.97585,1.50,3.00
2016.09.21 12:39:57.982,0.97575,0.97585,1.50,3.37
2016.09.21 12:39:58.241,0.97575,0.97585,1.50,3.00
2016.09.21 12:39:58.293,0.97575,0.97586,1.50,6.00
2016.09.21 12:39:58.664,0.97575,0.97585,1.50,1.87
2016.09.21 12:39:58.766,0.97575,0.97585,1.50,2.25
2016.09.21 12:39:59.368,0.97575,0.97585,1.50,1.00
2016.09.21 12:39:59.572,0.97575,0.97585,1.50,2.25
2016.09.21 12:39:59.675,0.97575,0.97585,1.50,1.50
2016.09.21 12:39:59.906,0.97575,0.97585,1.50,1.00
2016.09.21 12:40:00.060,0.97575,0.97585,1.50,1.12
2016.09.21 12:40:00.112,0.97575,0.97585,1.50,1.12
2016.09.21 12:40:00.163,0.97575,0.97586,3.37,2.25
2016.09.21 12:40:00.214,0.97576,0.97586,1.12,2.25
2016.09.21 12:40:00.265,0.97579,0.97586,1.37,2.25
2016.09.21 12:40:00.317,0.97579,0.97587,1.37,1.50
2016.09.21 12:40:00.419,0.97579,0.97587,1.37,1.12
2016.09.21 12:40:00.470,0.97579,0.97587,1.37,1.87
2016.09.21 12:40:00.597,0.97579,0.97586,1.37,2.25
2016.09.21 12:40:00.649,0.97579,0.97585,1.37,1.87
2016.09.21 12:40:00.700,0.97578,0.97585,1.00,2.62
2016.09.21 12:40:00.751,0.97577,0.97584,1.50,1.00
2016.09.21 12:40:00.802,0.97577,0.97584,1.37,1.50
2016.09.21 12:40:00.853,0.97577,0.97584,1.00,1.50
2016.09.21 12:40:01.058,0.97577,0.97583,1.00,1.00
2016.09.21 12:40:01.136,0.97576,0.97583,1.37,1.50
2016.09.21 12:40:01.804,0.97576,0.97583,1.37,1.00
2016.09.21 12:40:02.164,0.97576,0.97583,1.37,1.50
2016.09.21 12:40:02.471,0.97576,0.97583,1.00,1.50
2016.09.21 12:40:03.099,0.97576,0.97583,1.12,1.50
2016.09.21 12:40:03.151,0.97576,0.97583,1.50,1.50
2016.09.21 12:40:03.972,0.97576,0.97584,1.50,1.50
2016.09.21 12:40:04.176,0.97576,0.97586,1.50,1.87
2016.09.21 12:40:04.253,0.97577,0.97586,1.00,1.87
2016.09.21 12:40:04.305,0.97578,0.97586,1.00,2.62
2016.09.21 12:40:04.357,0.97578,0.97586,1.50,1.50
2016.09.21 12:40:04.767,0.97578,0.97586,1.50,1.00
2016.09.21 12:40:04.870,0.97578,0.97586,1.50,1.50
2016.09.21 12:40:05.474,0.97578,0.97587,1.50,1.87
2016.09.21 12:40:06.222,0.97578,0.97587,1.50,2.62
2016.09.21 12:40:06.791,0.97578,0.97587,1.50,1.50
2016.09.21 12:40:06.944,0.97579,0.97587,1.00,1.50
2016.09.21 12:40:06.996,0.97579,0.97587,1.37,1.50
2016.09.21 12:40:07.150,0.97579,0.97587,1.37,1.00
2016.09.21 12:40:07.202,0.97579,0.97587,1.87,1.00
2016.09.21 12:40:07.254,0.97579,0.97587,2.25,1.00
2016.09.21 12:40:07.306,0.97583,0.97588,1.37,1.50
2016.09.21 12:40:07.358,0.97583,0.97589,1.37,1.00
2016.09.21 12:40:07.410,0.97583,0.9759,1.37,1.50
2016.09.21 12:40:07.514,0.97583,0.9759,1.37,1.00
2016.09.21 12:40:07.699,0.97583,0.9759,1.37,1.50
2016.09.21 12:40:08.059,0.97583,0.9759,1.37,1.00
2016.09.21 12:40:08.161,0.97583,0.97591,1.37,3.00
2016.09.21 12:40:08.213,0.97583,0.97591,1.37,2.25
2016.09.21 12:40:08.264,0.97583,0.9759,1.37,1.00
2016.09.21 12:40:08.580,0.97583,0.97591,1.37,2.25
2016.09.21 12:40:08.631,0.97583,0.97591,1.37,3.00
2016.09.21 12:40:08.682,0.97583,0.9759,1.37,1.00
2016.09.21 12:40:08.784,0.97583,0.97591,1.37,3.00
2016.09.21 12:40:08.989,0.97583,0.9759,1.37,1.00
2016.09.21 12:40:10.016,0.97583,0.9759,1.37,1.00
2016.09.21 12:40:10.067,0.97581,0.97591,1.75,1.87
2016.09.21 12:40:10.119,0.97581,0.97592,2.25,2.06
2016.09.21 12:40:10.170,0.97582,0.97592,1.37,1.69
2016.09.21 12:40:10.273,0.97582,0.97592,1.37,1.50
2016.09.21 12:40:10.401,0.97582,0.97592,1.37,1.69
2016.09.21 12:40:10.860,0.97582,0.97592,1.37,1.50
2016.09.21 12:40:10.912,0.97583,0.97592,1.00,1.50
2016.09.21 12:40:10.963,0.97583,0.97592,1.37,1.50
2016.09.21 12:40:11.282,0.97582,0.97592,1.50,1.50
2016.09.21 12:40:11.490,0.97582,0.97592,1.50,1.69
2016.09.21 12:40:11.594,0.97582,0.97592,1.00,2.81
2016.09.21 12:40:12.003,0.97582,0.97592,1.00,1.69
2016.09.21 12:40:12.106,0.97582,0.97592,1.00,1.50
2016.09.21 12:40:12.164,0.97582,0.97592,1.00,2.25
2016.09.21 12:40:12.217,0.97582,0.9759,1.00,1.00
2016.09.21 12:40:12.575,0.97581,0.9759,1.87,1.00
2016.09.21 12:40:12.932,0.97582,0.9759,1.00,1.00
2016.09.21 12:40:13.665,0.97582,0.97589,1.00,1.00
2016.09.21 12:40:13.717,0.97582,0.97589,1.00,1.12
2016.09.21 12:40:13.768,0.97581,0.97589,1.50,1.87
2016.09.21 12:40:13.820,0.97581,0.97587,1.12,1.37
2016.09.21 12:40:13.872,0.97581,0.97587,1.12,1.87
2016.09.21 12:40:13.947,0.97581,0.97587,1.00,2.25
2016.09.21 12:40:13.998,0.97579,0.97585,1.12,1.00
2016.09.21 12:40:14.050,0.97579,0.97586,1.12,1.12
2016.09.21 12:40:14.101,0.97579,0.97586,1.00,1.12
2016.09.21 12:40:14.306,0.97577,0.97586,1.50,1.12
2016.09.21 12:40:15.114,0.97578,0.97586,1.37,1.00
2016.09.21 12:40:15.421,0.97578,0.97588,1.37,3.00
2016.09.21 12:40:15.548,0.97578,0.97588,1.37,2.25
2016.09.21 12:40:15.624,0.97579,0.97588,1.00,1.37
2016.09.21 12:40:15.676,0.97579,0.97588,1.00,1.50
2016.09.21 12:40:15.727,0.97579,0.97588,1.00,4.12
2016.09.21 12:40:15.830,0.97579,0.97587,1.00,1.12
2016.09.21 12:40:15.881,0.97578,0.97587,1.50,1.12
2016.09.21 12:40:15.983,0.97578,0.97587,1.37,1.87
2016.09.21 12:40:16.239,0.97578,0.97585,1.37,1.00
2016.09.21 12:40:16.780,0.97578,0.97584,1.37,1.00
2016.09.21 12:40:17.037,0.97578,0.97586,1.37,1.12
2016.09.21 12:40:18.513,0.97578,0.97587,1.37,1.87
2016.09.21 12:40:18.568,0.9758,0.97588,1.00,1.50
2016.09.21 12:40:18.619,0.9758,0.97588,1.12,1.12
2016.09.21 12:40:18.670,0.9758,0.97588,1.87,1.12
2016.09.21 12:40:18.721,0.9758,0.9759,1.87,1.75
2016.09.21 12:40:18.773,0.9758,0.9759,1.50,1.12
2016.09.21 12:40:18.926,0.9758,0.97589,1.50,1.00
2016.09.21 12:40:19.028,0.9758,0.97589,1.50,1.12
2016.09.21 12:40:19.130,0.9758,0.97589,1.50,1.00
2016.09.21 12:40:19.284,0.9758,0.97589,1.37,1.12
2016.09.21 12:40:19.335,0.9758,0.97589,1.37,1.87
2016.09.21 12:40:20.142,0.9758,0.97589,1.37,1.50
2016.09.21 12:40:20.245,0.9758,0.9759,1.87,2.25
2016.09.21 12:40:20.298,0.97581,0.9759,1.37,1.50
2016.09.21 12:40:20.350,0.97581,0.97589,1.37,1.00
2016.09.21 12:40:20.512,0.97581,0.97589,1.37,1.00
2016.09.21 12:40:20.564,0.97581,0.97589,1.37,1.12
2016.09.21 12:40:20.718,0.97581,0.97589,1.37,1.50
2016.09.21 12:40:23.504,0.97581,0.97589,1.37,2.25
2016.09.21 12:40:23.556,0.97581,0.97589,1.37,2.62
2016.09.21 12:40:23.607,0.97581,0.97589,1.37,1.50
2016.09.21 12:40:23.709,0.97581,0.97589,1.37,1.50
2016.09.21 12:40:23.811,0.97581,0.97589,1.37,1.87
2016.09.21 12:40:23.982,0.97581,0.97589,1.37,1.50
2016.09.21 12:40:26.584,0.97581,0.97589,1.37,2.25
2016.09.21 12:40:26.636,0.97581,0.97588,1.37,1.00
2016.09.21 12:40:26.687,0.97581,0.97588,1.37,1.50
2016.09.21 12:40:26.738,0.97581,0.97587,1.37,1.00
2016.09.21 12:40:26.790,0.97579,0.97587,1.50,1.00
2016.09.21 12:40:26.841,0.97579,0.97586,1.50,1.00
2016.09.21 12:40:26.892,0.97579,0.97586,1.37,1.00
2016.09.21 12:40:26.943,0.97579,0.97586,1.37,1.12
2016.09.21 12:40:26.995,0.97578,0.97586,1.87,1.50
2016.09.21 12:40:27.046,0.97578,0.97586,1.87,1.00
2016.09.21 12:40:27.097,0.97578,0.97586,1.37,1.00
2016.09.21 12:40:27.200,0.97578,0.97586,1.37,1.50
2016.09.21 12:40:27.608,0.97578,0.97586,1.37,2.25
2016.09.21 12:40:27.660,0.97578,0.97586,1.37,2.62
2016.09.21 12:40:29.123,0.97578,0.97586,1.37,1.50
2016.09.21 12:40:29.175,0.97578,0.97586,1.37,1.00
2016.09.21 12:40:29.227,0.97578,0.97586,1.37,1.87
2016.09.21 12:40:29.330,0.97578,0.97586,1.37,1.50
2016.09.21 12:40:29.381,0.97578,0.97585,1.37,1.12
2016.09.21 12:40:29.947,0.97576,0.97586,3.75,2.62
2016.09.21 12:40:29.999,0.97576,0.97585,3.00,1.00
2016.09.21 12:40:30.103,0.97576,0.97585,2.25,1.00
2016.09.21 12:40:30.155,0.97576,0.97586,2.25,3.00
2016.09.21 12:40:30.257,0.97576,0.97586,2.25,2.62
2016.09.21 12:40:30.513,0.97576,0.97586,2.25,1.87
2016.09.21 12:40:30.564,0.97576,0.97586,2.25,1.87
2016.09.21 12:40:30.825,0.97576,0.97586,1.50,1.87
2016.09.21 12:40:30.946,0.97576,0.97586,1.00,1.87
2016.09.21 12:40:30.998,0.97579,0.97586,3.75,1.87
2016.09.21 12:40:31.049,0.97579,0.97586,3.75,1.87
2016.09.21 12:40:31.151,0.97579,0.97585,4.50,1.00
2016.09.21 12:40:31.408,0.97579,0.97585,3.75,1.00
2016.09.21 12:40:31.460,0.97579,0.97585,3.75,1.00
2016.09.21 12:40:32.144,0.97579,0.97585,4.50,1.00
2016.09.21 12:40:32.246,0.97579,0.97585,4.50,1.00
2016.09.21 12:40:32.301,0.97579,0.97586,4.50,1.32
2016.09.21 12:40:32.368,0.97581,0.97587,1.00,1.00
2016.09.21 12:40:32.419,0.97581,0.97587,1.50,1.00
2016.09.21 12:40:32.470,0.97581,0.9759,1.50,4.12
2016.09.21 12:40:32.602,0.97581,0.97589,1.50,1.00
2016.09.21 12:40:32.653,0.97581,0.9759,1.50,2.62
2016.09.21 12:40:32.704,0.97581,0.9759,1.50,2.25
2016.09.21 12:40:32.806,0.97581,0.9759,1.50,1.87
2016.09.21 12:40:33.010,0.97581,0.9759,2.25,1.87
2016.09.21 12:40:33.311,0.97581,0.9759,1.50,1.87
2016.09.21 12:40:33.415,0.97581,0.9759,4.50,1.87
2016.09.21 12:40:35.524,0.97581,0.9759,3.75,1.50
2016.09.21 12:40:35.932,0.97581,0.9759,4.50,1.87
2016.09.21 12:40:35.984,0.97581,0.9759,4.50,2.25
2016.09.21 12:40:36.468,0.97581,0.9759,4.50,1.87
2016.09.21 12:40:36.519,0.97581,0.9759,4.50,2.62
2016.09.21 12:40:36.570,0.97581,0.9759,4.50,3.00
2016.09.21 12:40:36.936,0.97581,0.9759,4.50,3.00
2016.09.21 12:40:37.010,0.97581,0.9759,4.50,2.25
2016.09.21 12:40:37.163,0.97581,0.9759,4.50,1.87
2016.09.21 12:40:37.315,0.97581,0.9759,4.87,1.50
2016.09.21 12:40:39.118,0.97581,0.9759,4.87,1.50
2016.09.21 12:40:40.693,0.97581,0.9759,4.50,1.87
2016.09.21 12:40:44.846,0.97581,0.9759,4.50,2.62
2016.09.21 12:40:45.071,0.97581,0.9759,4.50,1.87
2016.09.21 12:40:45.653,0.97581,0.9759,4.50,2.62
2016.09.21 12:40:45.705,0.97581,0.9759,4.50,3.00
2016.09.21 12:40:45.857,0.97581,0.9759,4.50,3.75
2016.09.21 12:40:45.908,0.97581,0.9759,4.50,3.75
2016.09.21 12:40:45.959,0.97581,0.97589,4.50,1.37
2016.09.21 12:40:46.381,0.97581,0.97589,4.50,1.87
2016.09.21 12:40:48.418,0.97581,0.97589,4.50,1.87
2016.09.21 12:40:48.675,0.97581,0.97589,3.75,1.87
2016.09.21 12:40:49.668,0.97581,0.97589,4.50,1.87
2016.09.21 12:40:49.719,0.97581,0.97589,4.50,1.50
2016.09.21 12:40:50.692,0.97581,0.97589,4.50,1.87
2016.09.21 12:40:51.972,0.97581,0.97589,3.75,1.87
2016.09.21 12:40:52.024,0.97581,0.97589,3.75,1.87
2016.09.21 12:40:52.075,0.97581,0.97589,4.50,2.62
2016.09.21 12:40:52.230,0.97581,0.97589,4.50,2.62
2016.09.21 12:40:52.357,0.97581,0.97588,4.50,1.50
2016.09.21 12:40:52.408,0.97581,0.97588,4.50,1.12
2016.09.21 12:40:52.868,0.97581,0.97588,3.75,1.12
2016.09.21 12:40:53.131,0.97581,0.97588,3.75,1.12
2016.09.21 12:40:53.182,0.97581,0.97588,4.50,1.37
2016.09.21 12:40:53.233,0.97581,0.97588,4.50,1.50
2016.09.21 12:40:53.348,0.97581,0.97588,4.50,1.50
2016.09.21 12:40:53.399,0.97581,0.97588,4.50,2.25
2016.09.21 12:40:53.451,0.97581,0.97588,4.50,1.37
2016.09.21 12:40:53.509,0.97581,0.97588,4.50,1.00
2016.09.21 12:40:54.044,0.97581,0.97588,3.75,1.00
2016.09.21 12:40:54.096,0.97581,0.97588,3.75,1.12
2016.09.21 12:40:54.147,0.97581,0.97588,4.50,1.12
2016.09.21 12:40:54.199,0.97581,0.97588,4.50,1.00
2016.09.21 12:40:55.392,0.97581,0.97588,3.75,1.00
2016.09.21 12:40:56.093,0.97581,0.97588,4.50,1.00
2016.09.21 12:40:58.081,0.97581,0.9759,4.50,3.00
2016.09.21 12:40:58.237,0.97581,0.9759,4.50,2.62
2016.09.21 12:40:58.454,0.97581,0.9759,4.50,3.00
2016.09.21 12:40:59.870,0.97581,0.97589,4.50,1.12
2016.09.21 12:40:59.922,0.97581,0.97589,4.50,1.37
2016.09.21 12:41:00.026,0.97581,0.97587,4.50,1.37
2016.09.21 12:41:00.078,0.97581,0.97585,3.75,2.25
2016.09.21 12:41:00.130,0.97577,0.97585,1.87,3.00
2016.09.21 12:41:00.182,0.97577,0.97581,1.12,1.00
2016.09.21 12:41:00.234,0.97577,0.97581,1.00,1.00
2016.09.21 12:41:00.349,0.97577,0.97583,1.00,1.00
2016.09.21 12:41:00.400,0.97576,0.97583,2.25,1.00
2016.09.21 12:41:00.554,0.97576,0.97583,2.62,1.00
2016.09.21 12:41:01.128,0.97576,0.97583,1.12,1.00
2016.09.21 12:41:01.181,0.97576,0.97583,1.50,1.00
2016.09.21 12:41:01.233,0.97576,0.97583,1.50,1.00
2016.09.21 12:41:01.285,0.97576,0.97583,1.50,1.12
2016.09.21 12:41:01.336,0.97576,0.97583,1.50,1.12
2016.09.21 12:41:01.388,0.97576,0.97585,1.50,1.50
2016.09.21 12:41:02.966,0.97576,0.97583,1.50,2.00
2016.09.21 12:41:03.018,0.97576,0.97582,1.50,1.37
2016.09.21 12:41:03.069,0.97574,0.97582,1.50,1.37
2016.09.21 12:41:03.172,0.97574,0.97581,1.00,1.12
2016.09.21 12:41:03.276,0.97573,0.9758,4.87,1.00
2016.09.21 12:41:03.480,0.97573,0.97581,4.87,1.12
2016.09.21 12:41:04.168,0.97573,0.97581,4.12,1.00
2016.09.21 12:41:04.221,0.97573,0.97581,4.12,1.12
2016.09.21 12:41:04.273,0.97573,0.97581,4.87,1.35
2016.09.21 12:41:04.325,0.97573,0.97581,4.87,1.35
2016.09.21 12:41:04.431,0.97573,0.97581,4.12,1.50
2016.09.21 12:41:04.585,0.97572,0.97581,7.87,1.72
2016.09.21 12:41:04.636,0.97572,0.97581,5.62,1.72
2016.09.21 12:41:04.840,0.97572,0.97581,5.62,1.35
2016.09.21 12:41:04.942,0.97572,0.97581,5.62,1.35
2016.09.21 12:41:04.994,0.97572,0.97581,5.62,1.50
2016.09.21 12:41:05.147,0.97572,0.97581,5.62,1.87
2016.09.21 12:41:05.512,0.97572,0.97581,4.87,1.87
2016.09.21 12:41:05.971,0.97572,0.97581,4.87,1.50
2016.09.21 12:41:06.073,0.97572,0.97581,5.25,1.12
2016.09.21 12:41:06.531,0.97573,0.97581,1.00,1.12
2016.09.21 12:41:06.583,0.97573,0.97581,4.50,1.12
2016.09.21 12:41:07.203,0.97573,0.97581,4.87,1.12
2016.09.21 12:41:07.781,0.97573,0.97583,5.25,4.69
2016.09.21 12:41:07.890,0.97576,0.97583,1.00,1.87
2016.09.21 12:41:07.974,0.9758,0.97586,1.00,1.50
2016.09.21 12:41:08.025,0.9758,0.97586,1.00,1.12
2016.09.21 12:41:08.076,0.97582,0.97586,1.00,1.12
2016.09.21 12:41:08.127,0.97582,0.97587,1.00,2.62
2016.09.21 12:41:08.179,0.97582,0.97587,1.00,2.25
2016.09.21 12:41:08.230,0.97582,0.97589,1.50,1.87
2016.09.21 12:41:08.333,0.97582,0.97589,1.50,1.37
2016.09.21 12:41:08.384,0.97582,0.97589,1.50,1.12
2016.09.21 12:41:08.435,0.97582,0.97589,1.50,1.00
2016.09.21 12:41:08.637,0.97582,0.97589,1.50,1.00
2016.09.21 12:41:09.146,0.97582,0.97589,1.00,1.00
2016.09.21 12:41:09.198,0.97581,0.97589,1.50,1.00
2016.09.21 12:41:09.249,0.97581,0.97589,1.50,1.12
2016.09.21 12:41:09.351,0.97581,0.97589,1.00,1.00
2016.09.21 12:41:09.844,0.97581,0.9759,1.50,3.37
2016.09.21 12:41:09.895,0.97581,0.9759,1.50,2.62
2016.09.21 12:41:09.947,0.97581,0.9759,1.50,2.25
2016.09.21 12:41:10.050,0.97581,0.9759,1.50,1.50
2016.09.21 12:41:10.105,0.97581,0.9759,1.87,2.25
2016.09.21 12:41:10.295,0.97581,0.9759,1.87,1.87
2016.09.21 12:41:10.653,0.97581,0.9759,1.50,1.87
2016.09.21 12:41:11.230,0.97581,0.97589,1.50,1.00
2016.09.21 12:41:11.282,0.97581,0.97589,1.50,1.12
2016.09.21 12:41:11.334,0.97581,0.97589,1.50,1.50
2016.09.21 12:41:11.385,0.97581,0.97589,1.50,1.87
2016.09.21 12:41:11.436,0.97581,0.97589,1.50,2.25
2016.09.21 12:41:11.739,0.97581,0.97589,1.50,1.87
2016.09.21 12:41:11.791,0.97581,0.97589,1.50,1.87
2016.09.21 12:41:11.842,0.97581,0.97589,1.00,1.87
2016.09.21 12:41:11.894,0.9758,0.97589,4.50,3.00
2016.09.21 12:41:11.945,0.9758,0.97588,4.50,1.12
2016.09.21 12:41:11.996,0.9758,0.97587,4.50,1.00
2016.09.21 12:41:12.047,0.9758,0.97587,3.75,1.00
2016.09.21 12:41:12.098,0.9758,0.97587,3.75,1.12
2016.09.21 12:41:12.256,0.9758,0.97587,4.50,1.12
2016.09.21 12:41:12.309,0.9758,0.97587,4.50,1.87
2016.09.21 12:41:12.468,0.9758,0.97587,3.75,2.25
2016.09.21 12:41:12.519,0.9758,0.97587,3.75,1.00
2016.09.21 12:41:12.570,0.9758,0.97587,4.50,1.00
2016.09.21 12:41:12.622,0.9758,0.97589,4.50,2.62
2016.09.21 12:41:12.673,0.9758,0.97589,4.50,2.62
2016.09.21 12:41:12.776,0.9758,0.97588,4.50,1.00
2016.09.21 12:41:13.134,0.9758,0.97588,3.75,1.00
2016.09.21 12:41:13.834,0.9758,0.97588,4.50,1.00
2016.09.21 12:41:16.107,0.9758,0.97589,4.50,2.62
2016.09.21 12:41:16.158,0.9758,0.97589,4.50,2.25
2016.09.21 12:41:16.209,0.9758,0.97589,4.50,1.50
2016.09.21 12:41:16.362,0.9758,0.97589,3.75,1.50
2016.09.21 12:41:16.434,0.9758,0.97589,3.75,1.12
2016.09.21 12:41:16.537,0.97581,0.97589,4.50,1.12
2016.09.21 12:41:16.588,0.97581,0.9759,4.50,2.62
2016.09.21 12:41:17.406,0.97581,0.9759,4.50,1.87
2016.09.21 12:41:17.925,0.97581,0.97588,4.50,1.00
2016.09.21 12:41:18.129,0.97581,0.9759,4.50,3.00
2016.09.21 12:41:18.181,0.97581,0.97589,4.50,1.12
2016.09.21 12:41:18.291,0.97581,0.97588,4.50,1.00
2016.09.21 12:41:18.396,0.97581,0.97589,4.50,1.12
2016.09.21 12:41:18.500,0.97581,0.97587,4.50,1.00
2016.09.21 12:41:18.607,0.97581,0.97588,4.50,1.87
2016.09.21 12:41:18.658,0.97581,0.97588,4.50,2.25
2016.09.21 12:41:18.709,0.97581,0.97588,4.50,2.25
2016.09.21 12:41:18.811,0.97581,0.97587,4.50,1.00
2016.09.21 12:41:18.862,0.97581,0.97588,4.50,2.25
2016.09.21 12:41:19.116,0.97581,0.97588,4.50,1.50
2016.09.21 12:41:19.219,0.97581,0.97588,4.50,1.12
2016.09.21 12:41:19.380,0.9758,0.97588,3.75,1.12
2016.09.21 12:41:19.431,0.9758,0.97588,3.75,1.50
2016.09.21 12:41:19.534,0.9758,0.97588,4.50,1.50
2016.09.21 12:41:19.636,0.9758,0.97589,3.75,3.22
2016.09.21 12:41:19.929,0.9758,0.97589,4.50,3.97
2016.09.21 12:41:20.597,0.9758,0.97589,4.50,3.60
2016.09.21 12:41:21.800,0.9758,0.97589,4.50,3.00
2016.09.21 12:41:22.029,0.9758,0.97589,4.50,2.62
2016.09.21 12:41:22.186,0.9758,0.97589,4.50,2.62
2016.09.21 12:41:22.238,0.9758,0.97589,4.50,1.87
2016.09.21 12:41:22.290,0.9758,0.97589,4.50,1.12
2016.09.21 12:41:22.342,0.97581,0.97589,1.00,1.12
2016.09.21 12:41:22.445,0.97581,0.97591,1.12,3.37
2016.09.21 12:41:22.496,0.97581,0.97591,1.12,2.62
2016.09.21 12:41:22.807,0.97581,0.97591,1.12,2.62
2016.09.21 12:41:23.416,0.97581,0.97591,1.87,1.87
2016.09.21 12:41:23.574,0.97581,0.97591,5.62,1.87
2016.09.21 12:41:23.651,0.97582,0.97591,1.00,1.87
2016.09.21 12:41:24.008,0.97582,0.97591,1.00,1.87
2016.09.21 12:41:24.552,0.97581,0.97591,4.50,4.35
2016.09.21 12:41:24.603,0.97581,0.9759,4.50,2.10
2016.09.21 12:41:24.655,0.97581,0.9759,4.50,2.85
2016.09.21 12:41:24.707,0.97581,0.9759,4.50,2.85
2016.09.21 12:41:24.758,0.97581,0.97589,4.50,1.37
2016.09.21 12:41:25.075,0.97581,0.97589,3.75,1.37
2016.09.21 12:41:25.127,0.97581,0.97589,3.75,1.37
2016.09.21 12:41:25.179,0.97581,0.97589,4.50,1.37
2016.09.21 12:41:25.232,0.97581,0.97589,4.50,1.12
2016.09.21 12:41:25.710,0.97581,0.97589,1.00,1.12
2016.09.21 12:41:25.761,0.9758,0.97589,5.25,1.12
2016.09.21 12:41:27.361,0.9758,0.97589,5.25,1.87
2016.09.21 12:41:27.412,0.9758,0.97589,5.25,1.87
2016.09.21 12:41:30.183,0.9758,0.97589,4.50,1.12
2016.09.21 12:41:30.339,0.9758,0.97589,5.25,1.87
2016.09.21 12:41:30.443,0.9758,0.97589,5.25,1.87
2016.09.21 12:41:30.545,0.9758,0.97589,5.25,1.12
2016.09.21 12:41:30.748,0.9758,0.97589,5.25,1.87
2016.09.21 12:41:32.859,0.9758,0.97589,4.50,1.12
2016.09.21 12:41:32.962,0.9758,0.9759,4.50,4.35
2016.09.21 12:41:33.371,0.9758,0.97589,4.50,1.12
2016.09.21 12:41:33.790,0.9758,0.97589,5.25,1.87
2016.09.21 12:41:34.454,0.9758,0.97589,5.25,1.87
2016.09.21 12:41:34.505,0.9758,0.97589,5.25,2.25
2016.09.21 12:41:34.616,0.9758,0.97589,5.25,1.87
2016.09.21 12:41:34.718,0.9758,0.97589,5.25,1.87
2016.09.21 12:41:35.584,0.9758,0.97589,3.75,1.12
2016.09.21 12:41:35.636,0.9758,0.97588,3.75,1.00
2016.09.21 12:41:35.687,0.97578,0.97587,1.87,1.30
2016.09.21 12:41:35.738,0.97578,0.97585,1.50,1.00
2016.09.21 12:41:36.552,0.97578,0.97585,1.50,1.12
2016.09.21 12:41:36.960,0.97578,0.97585,1.00,1.12
2016.09.21 12:41:37.011,0.97577,0.97585,4.50,1.12
2016.09.21 12:41:37.115,0.97577,0.97584,4.50,1.00
2016.09.21 12:41:37.166,0.97577,0.97584,3.75,1.00
2016.09.21 12:41:37.294,0.97577,0.97585,3.75,1.12
2016.09.21 12:41:37.345,0.97577,0.97585,3.75,1.12
2016.09.21 12:41:37.396,0.97577,0.97585,4.50,1.12
2016.09.21 12:41:37.447,0.97577,0.97586,4.50,1.12
2016.09.21 12:41:37.499,0.97577,0.97586,3.75,1.12
2016.09.21 12:41:37.551,0.97577,0.97586,4.12,1.00
2016.09.21 12:41:37.704,0.97577,0.97586,4.87,1.00
2016.09.21 12:41:37.807,0.97577,0.97586,1.12,1.00
2016.09.21 12:41:37.910,0.97576,0.97586,6.00,1.00
2016.09.21 12:41:38.064,0.97576,0.97586,6.00,1.00
2016.09.21 12:41:38.182,0.97577,0.97586,4.12,1.00
2016.09.21 12:41:38.235,0.97576,0.97586,7.50,1.00
2016.09.21 12:41:38.491,0.97576,0.97586,7.12,1.00
2016.09.21 12:41:38.542,0.97576,0.97586,7.12,1.12
2016.09.21 12:41:38.593,0.97576,0.97586,6.37,1.12
2016.09.21 12:41:38.672,0.97576,0.97586,7.12,1.12
2016.09.21 12:41:38.934,0.97576,0.97584,7.12,1.00
2016.09.21 12:41:38.986,0.97576,0.97584,6.37,1.00
2016.09.21 12:41:39.040,0.97576,0.97585,2.62,1.00
2016.09.21 12:41:39.146,0.97575,0.97585,6.00,1.00
2016.09.21 12:41:39.350,0.97575,0.97585,5.25,1.00
2016.09.21 12:41:39.610,0.97576,0.97585,4.12,1.00
2016.09.21 12:41:39.731,0.97576,0.97585,4.87,1.00
2016.09.21 12:41:39.835,0.97575,0.97585,6.00,1.00
2016.09.21 12:41:40.722,0.97575,0.97585,8.25,1.00
2016.09.21 12:41:41.029,0.97576,0.97585,1.87,1.00
2016.09.21 12:41:41.219,0.97577,0.97585,1.50,1.00
2016.09.21 12:41:41.322,0.97576,0.97585,1.87,1.00
2016.09.21 12:41:41.741,0.97576,0.97586,1.87,1.12
2016.09.21 12:41:41.792,0.97577,0.97586,3.75,1.12
2016.09.21 12:41:41.844,0.97578,0.97586,1.00,1.12
2016.09.21 12:41:41.895,0.97578,0.97587,1.00,3.00
2016.09.21 12:41:41.946,0.97576,0.97586,4.12,1.12
2016.09.21 12:41:41.998,0.97578,0.97586,3.75,1.12
2016.09.21 12:41:42.050,0.97578,0.97586,4.50,1.12
2016.09.21 12:41:42.732,0.97578,0.97586,3.75,1.12
2016.09.21 12:41:42.835,0.97576,0.97586,4.87,1.12
2016.09.21 12:41:43.013,0.97576,0.97586,7.87,1.12
2016.09.21 12:41:43.166,0.97576,0.97586,7.12,1.12
2016.09.21 12:41:43.218,0.97576,0.97586,4.12,1.12
2016.09.21 12:41:43.269,0.97576,0.97586,4.87,1.12
2016.09.21 12:41:43.427,0.97579,0.97586,1.50,1.12
2016.09.21 12:41:43.530,0.97576,0.97586,4.87,1.12
2016.09.21 12:41:43.859,0.97579,0.97586,1.00,1.12
2016.09.21 12:41:43.910,0.97579,0.97586,1.50,1.12
2016.09.21 12:41:44.063,0.97579,0.97586,1.00,1.12
2016.09.21 12:41:44.115,0.97576,0.97586,4.12,1.12
2016.09.21 12:41:44.431,0.97576,0.97586,4.87,1.12
2016.09.21 12:41:44.482,0.97576,0.97586,1.87,1.87
2016.09.21 12:41:44.534,0.97578,0.97586,4.50,1.12
2016.09.21 12:41:44.690,0.97578,0.97585,4.50,1.00
2016.09.21 12:41:44.949,0.97578,0.97585,3.75,1.00
2016.09.21 12:41:45.000,0.97578,0.97585,3.75,1.12
2016.09.21 12:41:45.152,0.97578,0.97585,4.50,1.12
2016.09.21 12:41:45.621,0.97578,0.97585,1.00,1.12
2016.09.21 12:41:45.673,0.97577,0.97585,4.50,1.12
2016.09.21 12:41:46.739,0.97576,0.97582,1.00,1.12
2016.09.21 12:41:46.791,0.97576,0.97582,1.00,1.72
2016.09.21 12:41:46.843,0.97574,0.97582,1.37,2.10
2016.09.21 12:41:46.894,0.97574,0.97582,1.00,2.47
2016.09.21 12:41:46.946,0.97574,0.97579,1.00,1.00
2016.09.21 12:41:47.048,0.97573,0.97578,5.25,1.00
2016.09.21 12:41:47.250,0.97573,0.97578,3.75,1.00
2016.09.21 12:41:47.352,0.97573,0.97578,5.25,1.00
2016.09.21 12:41:47.403,0.97573,0.97578,1.50,1.00
2016.09.21 12:41:47.455,0.97573,0.97578,1.00,1.00
2016.09.21 12:41:47.659,0.97571,0.97578,3.75,1.00
2016.09.21 12:41:47.974,0.97571,0.97578,4.50,1.00
2016.09.21 12:41:49.059,0.97571,0.97576,4.50,1.50
2016.09.21 12:41:49.163,0.97571,0.97578,3.75,4.72
2016.09.21 12:41:49.215,0.97568,0.97577,1.12,1.54
2016.09.21 12:41:49.267,0.97568,0.97574,1.00,4.72
2016.09.21 12:41:49.318,0.97565,0.97574,1.75,5.10
2016.09.21 12:41:49.369,0.97566,0.97571,1.50,1.12
2016.09.21 12:41:49.420,0.97566,0.97571,1.37,1.12
2016.09.21 12:41:49.472,0.97566,0.97571,1.00,1.12
2016.09.21 12:41:49.523,0.97566,0.97571,1.00,1.50
2016.09.21 12:41:49.576,0.97565,0.97571,1.00,1.87
2016.09.21 12:41:49.798,0.97564,0.97571,4.50,1.87
2016.09.21 12:41:49.951,0.97564,0.9757,4.50,1.12
2016.09.21 12:41:50.232,0.97564,0.97569,4.50,1.00
2016.09.21 12:41:50.745,0.97564,0.9757,4.50,1.12
2016.09.21 12:41:51.070,0.97564,0.9757,4.50,1.87
2016.09.21 12:41:51.172,0.97564,0.97569,4.50,1.00
2016.09.21 12:41:51.348,0.97564,0.97569,4.50,1.12
2016.09.21 12:41:51.400,0.97564,0.97569,4.50,1.12
2016.09.21 12:41:51.451,0.97564,0.97569,1.00,1.12
2016.09.21 12:41:51.503,0.97564,0.97569,1.00,1.12
2016.09.21 12:41:51.554,0.97562,0.97569,4.50,1.12
2016.09.21 12:41:51.606,0.97562,0.97569,4.50,1.12
2016.09.21 12:41:51.709,0.97562,0.97569,4.50,1.87
2016.09.21 12:41:52.546,0.97562,0.97569,1.50,1.87
2016.09.21 12:41:53.129,0.97562,0.97569,1.50,1.12
2016.09.21 12:41:53.180,0.97562,0.9757,1.50,3.00
2016.09.21 12:41:53.334,0.97562,0.9757,1.50,3.37
2016.09.21 12:41:53.436,0.97562,0.97569,1.50,1.00
2016.09.21 12:41:53.538,0.97562,0.9757,1.50,2.62
2016.09.21 12:41:54.629,0.97562,0.97569,1.50,1.00
2016.09.21 12:41:54.680,0.97562,0.97569,1.50,1.50
2016.09.21 12:41:54.776,0.97562,0.97569,1.50,2.25
2016.09.21 12:41:54.827,0.97562,0.97569,1.50,2.85
2016.09.21 12:41:55.133,0.97562,0.97569,1.50,3.60
2016.09.21 12:41:55.236,0.97562,0.97569,1.00,2.85
2016.09.21 12:41:55.338,0.97562,0.97569,1.50,3.60
2016.09.21 12:41:55.944,0.97562,0.97569,1.50,3.00
2016.09.21 12:41:56.504,0.97561,0.97569,1.50,3.00
2016.09.21 12:41:59.441,0.97561,0.97569,1.50,3.60
2016.09.21 12:42:00.622,0.97561,0.97569,1.50,3.00
2016.09.21 12:42:01.667,0.97561,0.97569,1.00,2.25
2016.09.21 12:42:01.950,0.97561,0.97569,1.50,3.75
2016.09.21 12:42:02.259,0.97561,0.97569,1.50,3.00
2016.09.21 12:42:03.832,0.97561,0.97569,1.50,3.00
2016.09.21 12:42:04.251,0.97561,0.97569,1.50,3.75
2016.09.21 12:42:04.540,0.97561,0.97569,1.50,3.00
2016.09.21 12:42:04.746,0.97562,0.9757,1.50,3.00
2016.09.21 12:42:04.849,0.97562,0.9757,1.50,2.62
2016.09.21 12:42:04.952,0.97565,0.9757,1.00,1.12
2016.09.21 12:42:05.004,0.97565,0.97572,1.00,2.44
2016.09.21 12:42:05.058,0.97565,0.97572,4.50,1.50
2016.09.21 12:42:05.109,0.97565,0.97572,4.50,1.50
2016.09.21 12:42:05.162,0.97565,0.97573,3.75,1.87
2016.09.21 12:42:05.265,0.97565,0.97573,4.50,3.37
2016.09.21 12:42:05.365,0.97565,0.97572,4.50,2.25
2016.09.21 12:42:05.416,0.97565,0.97571,4.50,1.00
2016.09.21 12:42:06.131,0.97565,0.97571,1.00,1.00
2016.09.21 12:42:06.182,0.97564,0.97571,4.50,1.00
2016.09.21 12:42:06.703,0.97564,0.9757,4.50,1.00
2016.09.21 12:42:06.906,0.97564,0.9757,4.50,1.00
2016.09.21 12:42:07.145,0.97564,0.97569,4.50,1.00
2016.09.21 12:42:07.198,0.97564,0.97569,4.50,1.00
2016.09.21 12:42:07.250,0.97564,0.97569,1.00,1.00
2016.09.21 12:42:07.354,0.97564,0.97568,1.00,1.00
2016.09.21 12:42:07.458,0.97562,0.97569,1.50,1.12
2016.09.21 12:42:07.715,0.97562,0.97569,1.50,1.12
2016.09.21 12:42:07.766,0.97562,0.9757,1.50,1.87
2016.09.21 12:42:07.818,0.97562,0.9757,1.50,1.12
2016.09.21 12:42:07.913,0.97562,0.9757,1.50,1.87
2016.09.21 12:42:07.967,0.97562,0.9757,1.50,1.12
2016.09.21 12:42:08.070,0.97562,0.9757,1.50,1.50
2016.09.21 12:42:08.275,0.97562,0.9757,1.50,1.37
2016.09.21 12:42:08.326,0.97563,0.9757,1.00,1.12
2016.09.21 12:42:08.377,0.97563,0.97572,1.00,5.10
2016.09.21 12:42:08.430,0.97562,0.97571,1.50,1.00
2016.09.21 12:42:08.532,0.97563,0.97571,1.00,1.00
2016.09.21 12:42:08.583,0.97563,0.97571,1.50,1.00
2016.09.21 12:42:08.900,0.97562,0.97571,1.50,1.50
2016.09.21 12:42:09.259,0.97563,0.97571,1.00,1.00
2016.09.21 12:42:09.468,0.97562,0.97571,3.75,1.00
2016.09.21 12:42:09.782,0.97562,0.97571,3.75,1.00
2016.09.21 12:42:09.833,0.97563,0.97571,1.00,1.00
2016.09.21 12:42:09.884,0.97563,0.97571,1.50,1.00
2016.09.21 12:42:10.651,0.97563,0.97571,1.00,1.00
2016.09.21 12:42:10.855,0.97562,0.97571,3.75,1.00
2016.09.21 12:42:11.027,0.97563,0.97571,1.00,1.00
2016.09.21 12:42:11.078,0.97563,0.97571,1.50,1.00
2016.09.21 12:42:11.385,0.97563,0.97572,1.50,3.74
2016.09.21 12:42:11.539,0.97563,0.97572,1.50,2.99
2016.09.21 12:42:12.817,0.97563,0.97572,1.00,2.62
2016.09.21 12:42:12.868,0.97562,0.97572,3.00,2.62
2016.09.21 12:42:12.920,0.97563,0.97572,1.00,2.99
2016.09.21 12:42:12.971,0.97563,0.97572,1.50,2.99
2016.09.21 12:42:13.329,0.97563,0.97572,1.00,2.62
2016.09.21 12:42:13.381,0.97562,0.97572,3.00,2.62
2016.09.21 12:42:13.943,0.97562,0.97572,3.75,2.99
2016.09.21 12:42:15.055,0.97562,0.97572,3.00,2.99
2016.09.21 12:42:15.157,0.97563,0.97571,1.50,1.53
2016.09.21 12:42:15.208,0.97563,0.9757,1.50,3.41
2016.09.21 12:42:15.260,0.97558,0.97565,1.37,1.00
2016.09.21 12:42:15.311,0.97558,0.97565,1.37,1.50
2016.09.21 12:42:15.402,0.97558,0.97563,1.00,2.44
2016.09.21 12:42:15.453,0.97557,0.97561,1.00,1.00
2016.09.21 12:42:15.555,0.97555,0.97559,1.00,1.00
2016.09.21 12:42:15.657,0.97554,0.97562,1.50,2.62
2016.09.21 12:42:15.759,0.97554,0.97562,1.50,3.37
2016.09.21 12:42:15.861,0.97554,0.97562,1.00,3.00
2016.09.21 12:42:16.090,0.97554,0.97562,1.50,2.25
2016.09.21 12:42:16.141,0.97554,0.97563,1.50,2.00
2016.09.21 12:42:16.243,0.97554,0.97562,1.50,1.37
2016.09.21 12:42:16.755,0.97554,0.97563,1.00,1.87
2016.09.21 12:42:17.266,0.97554,0.97562,1.50,1.37
2016.09.21 12:42:17.368,0.97554,0.97563,1.00,1.87
2016.09.21 12:42:17.689,0.97554,0.97563,1.00,1.87
2016.09.21 12:42:18.026,0.97554,0.97562,1.50,1.37
2016.09.21 12:42:20.588,0.97554,0.97563,1.50,3.19
2016.09.21 12:42:20.690,0.97554,0.97562,1.50,1.00
2016.09.21 12:42:22.979,0.97554,0.97563,1.00,2.62
2016.09.21 12:42:23.031,0.97554,0.97562,1.50,1.00
2016.09.21 12:42:23.538,0.97554,0.97561,1.50,1.00
2016.09.21 12:42:26.464,0.97554,0.97561,1.50,1.00
2016.09.21 12:42:26.567,0.97559,0.97564,1.00,1.50
2016.09.21 12:42:26.619,0.97559,0.97564,1.00,1.37
2016.09.21 12:42:26.670,0.97559,0.97567,1.50,1.87
2016.09.21 12:42:26.722,0.97559,0.97567,1.50,1.50
2016.09.21 12:42:26.774,0.97559,0.97567,1.50,1.00
2016.09.21 12:42:26.825,0.97559,0.97567,1.00,1.00
2016.09.21 12:42:26.876,0.97557,0.97567,4.50,1.00
2016.09.21 12:42:28.079,0.97557,0.97567,3.75,1.00
2016.09.21 12:42:28.350,0.97557,0.97567,4.50,1.00
2016.09.21 12:42:28.503,0.97557,0.97568,4.50,2.25
2016.09.21 12:42:28.616,0.97557,0.97568,4.50,2.25
2016.09.21 12:42:28.668,0.9756,0.97568,1.00,2.25
2016.09.21 12:42:28.720,0.9756,0.97568,1.00,2.25
2016.09.21 12:42:28.778,0.9756,0.97568,1.50,2.25
2016.09.21 12:42:29.306,0.9756,0.97567,1.50,1.00
2016.09.21 12:42:29.862,0.9756,0.97567,1.00,1.00
2016.09.21 12:42:29.965,0.9756,0.97567,1.50,1.00
2016.09.21 12:42:30.169,0.9756,0.97568,1.50,2.25
2016.09.21 12:42:30.315,0.9756,0.97567,1.50,1.00
2016.09.21 12:42:30.927,0.9756,0.97567,1.00,1.00
2016.09.21 12:42:30.978,0.97559,0.97567,4.50,1.00
2016.09.21 12:42:31.315,0.97559,0.97567,3.75,1.50
2016.09.21 12:42:31.373,0.97559,0.97567,3.75,1.00
2016.09.21 12:42:31.730,0.97559,0.97567,4.50,1.00
2016.09.21 12:42:32.184,0.9756,0.97567,1.50,1.00
2016.09.21 12:42:32.770,0.97562,0.97568,3.75,1.00
2016.09.21 12:42:32.873,0.97562,0.9757,3.75,2.25
2016.09.21 12:42:32.924,0.97562,0.9757,4.50,1.50
2016.09.21 12:42:32.975,0.97562,0.97571,4.50,3.00
2016.09.21 12:42:33.077,0.97562,0.97571,4.50,1.87
2016.09.21 12:42:34.057,0.97562,0.97571,4.50,1.12
2016.09.21 12:42:34.261,0.97562,0.97571,1.00,1.12
2016.09.21 12:42:34.363,0.97561,0.97571,4.12,1.00
2016.09.21 12:42:34.523,0.97562,0.97571,1.00,1.12
2016.09.21 12:42:34.575,0.97562,0.97571,4.50,1.12
2016.09.21 12:42:34.824,0.97562,0.97571,4.50,1.87
2016.09.21 12:42:35.288,0.97564,0.97571,1.00,1.12
2016.09.21 12:42:35.340,0.97566,0.97571,3.75,1.00
2016.09.21 12:42:35.553,0.97568,0.97576,3.75,1.87
2016.09.21 12:42:35.634,0.97565,0.97576,7.50,1.50
2016.09.21 12:42:35.685,0.97565,0.97574,6.00,1.00
2016.09.21 12:42:36.414,0.97566,0.97574,5.25,1.00
2016.09.21 12:42:36.568,0.97567,0.97574,1.12,1.00
2016.09.21 12:42:36.672,0.97568,0.97574,1.00,1.00
2016.09.21 12:42:36.723,0.97568,0.97574,1.50,1.00
2016.09.21 12:42:36.774,0.97568,0.97577,1.00,1.00
2016.09.21 12:42:36.826,0.97567,0.97578,2.62,2.25
2016.09.21 12:42:36.928,0.97567,0.97578,3.00,1.87
2016.09.21 12:42:36.979,0.97568,0.97578,1.12,1.87
2016.09.21 12:42:37.031,0.97568,0.97578,1.87,1.87
2016.09.21 12:42:37.082,0.97568,0.97578,1.12,1.87
2016.09.21 12:42:37.133,0.97567,0.97578,3.00,1.87
2016.09.21 12:42:37.228,0.97568,0.97578,1.12,1.87
2016.09.21 12:42:37.280,0.97568,0.97578,1.87,1.87
2016.09.21 12:42:37.331,0.97568,0.97578,1.87,2.62
2016.09.21 12:42:37.383,0.97568,0.97577,1.12,1.00
2016.09.21 12:42:37.485,0.97568,0.97577,1.50,1.12
2016.09.21 12:42:37.536,0.97568,0.97577,1.00,1.12
2016.09.21 12:42:37.588,0.97567,0.97577,2.62,1.12
2016.09.21 12:42:37.639,0.97568,0.97577,1.00,1.12
2016.09.21 12:42:37.793,0.97568,0.97577,1.00,1.12
2016.09.21 12:42:38.572,0.9757,0.97578,1.50,2.25
2016.09.21 12:42:38.726,0.9757,0.97577,1.50,1.12
2016.09.21 12:42:39.007,0.9757,0.97577,1.50,1.12
2016.09.21 12:42:39.234,0.9757,0.97578,1.50,1.50
2016.09.21 12:42:39.646,0.9757,0.97578,1.50,1.12
2016.09.21 12:42:40.293,0.9757,0.97577,1.50,1.00
2016.09.21 12:42:41.057,0.9757,0.97577,4.50,1.00
2016.09.21 12:42:41.152,0.9757,0.97578,4.50,1.87
2016.09.21 12:42:41.615,0.9757,0.97577,4.50,1.00
2016.09.21 12:42:42.858,0.97569,0.97577,1.00,1.00
2016.09.21 12:42:43.249,0.97567,0.97577,1.50,1.00
2016.09.21 12:42:43.301,0.97567,0.97576,1.12,1.12
2016.09.21 12:42:43.352,0.97567,0.97576,1.50,1.12
2016.09.21 12:42:43.403,0.97568,0.97577,1.12,1.12
2016.09.21 12:42:43.455,0.97568,0.97577,1.12,1.00
2016.09.21 12:42:44.410,0.97567,0.97577,3.00,1.00
2016.09.21 12:42:44.722,0.97567,0.97577,2.25,1.00
2016.09.21 12:42:44.773,0.97566,0.97577,6.75,1.00
2016.09.21 12:42:45.080,0.97566,0.97577,5.25,1.00
2016.09.21 12:42:45.349,0.97566,0.97577,6.75,1.00
2016.09.21 12:42:45.493,0.97566,0.97577,5.25,1.00
2016.09.21 12:42:46.370,0.97566,0.97577,6.75,1.00
2016.09.21 12:42:47.130,0.97566,0.97577,6.75,1.12
2016.09.21 12:42:47.232,0.97566,0.97577,6.75,1.12
2016.09.21 12:42:47.377,0.97566,0.97577,6.75,1.00
2016.09.21 12:42:48.351,0.97566,0.97578,6.75,2.25
2016.09.21 12:42:48.403,0.97566,0.97578,7.12,2.25
2016.09.21 12:42:48.507,0.97566,0.97578,6.75,2.25
2016.09.21 12:42:49.211,0.97568,0.97578,1.12,1.50
2016.09.21 12:42:49.266,0.97568,0.97578,2.62,1.12
2016.09.21 12:42:49.318,0.97568,0.97579,2.62,1.50
2016.09.21 12:42:49.421,0.97568,0.97579,3.00,1.50
2016.09.21 12:42:49.625,0.97568,0.97579,3.00,1.50
2016.09.21 12:42:49.677,0.97568,0.97579,3.37,1.12
2016.09.21 12:42:50.109,0.97568,0.97579,3.37,1.12
2016.09.21 12:42:50.160,0.97569,0.9758,1.12,1.50
2016.09.21 12:42:50.314,0.97569,0.9758,1.12,1.87
2016.09.21 12:42:50.365,0.97569,0.9758,1.12,2.06
2016.09.21 12:42:50.831,0.97569,0.9758,1.12,2.06
2016.09.21 12:42:51.136,0.97569,0.9758,1.12,2.06
2016.09.21 12:42:51.342,0.97569,0.9758,1.12,2.06
2016.09.21 12:42:51.393,0.97569,0.9758,1.12,3.56
2016.09.21 12:42:51.445,0.97568,0.97579,3.00,1.00
2016.09.21 12:42:51.496,0.97568,0.97577,3.00,1.00
2016.09.21 12:42:51.548,0.97568,0.97577,1.50,1.00
2016.09.21 12:42:51.599,0.97567,0.97577,6.37,1.00
2016.09.21 12:42:52.534,0.97567,0.97577,6.37,1.12
2016.09.21 12:42:52.585,0.97567,0.97577,6.00,1.12
2016.09.21 12:42:52.664,0.97567,0.97577,5.25,1.12
2016.09.21 12:42:59.344,0.97568,0.97577,1.50,1.12
2016.09.21 12:43:03.051,0.97568,0.97577,1.50,1.12
2016.09.21 12:43:03.359,0.97568,0.97577,1.50,1.12
2016.09.21 12:43:03.438,0.97568,0.97577,1.50,1.12
2016.09.21 12:43:03.868,0.97568,0.97577,1.50,1.12
2016.09.21 12:43:04.382,0.97569,0.97577,1.50,1.12
2016.09.21 12:43:05.923,0.97569,0.97577,1.50,1.50
2016.09.21 12:43:07.305,0.97569,0.97577,1.50,1.00
2016.09.21 12:43:07.356,0.97569,0.97577,1.50,1.00
2016.09.21 12:43:07.407,0.97569,0.97577,1.00,1.00
2016.09.21 12:43:08.121,0.97569,0.97577,1.50,1.00
2016.09.21 12:43:08.401,0.97569,0.97578,1.50,5.62
2016.09.21 12:43:08.453,0.97569,0.97577,1.50,1.37
2016.09.21 12:43:08.504,0.97568,0.97577,4.50,1.87
2016.09.21 12:43:10.591,0.97568,0.97576,4.50,1.12
2016.09.21 12:43:10.642,0.97568,0.97576,4.50,1.37
2016.09.21 12:43:10.693,0.97568,0.97577,4.50,3.37
2016.09.21 12:43:10.745,0.97568,0.97577,4.50,2.62
2016.09.21 12:43:10.796,0.97568,0.97577,3.75,1.87
2016.09.21 12:43:10.898,0.97568,0.97577,4.50,2.62
2016.09.21 12:43:11.407,0.97568,0.97574,4.50,3.00
2016.09.21 12:43:11.479,0.97566,0.97573,1.00,1.95
2016.09.21 12:43:11.531,0.97565,0.97572,1.00,1.37
2016.09.21 12:43:11.584,0.97565,0.97572,1.00,1.50
2016.09.21 12:43:11.635,0.97565,0.97571,1.00,1.12
2016.09.21 12:43:11.789,0.97561,0.97571,1.50,1.50
2016.09.21 12:43:12.095,0.97561,0.97571,2.25,1.12
2016.09.21 12:43:12.197,0.97561,0.97571,1.50,1.12
2016.09.21 12:43:12.341,0.97563,0.97573,1.12,1.75
2016.09.21 12:43:12.393,0.97565,0.97574,1.00,1.50
2016.09.21 12:43:12.497,0.97565,0.97574,1.50,1.00
2016.09.21 12:43:12.548,0.97566,0.97574,1.12,1.00
2016.09.21 12:43:12.599,0.97566,0.97574,1.50,1.00
2016.09.21 12:43:12.650,0.97566,0.97577,1.50,3.37
2016.09.21 12:43:12.701,0.97566,0.97577,1.50,2.62
2016.09.21 12:43:12.906,0.97566,0.97577,1.00,3.37
2016.09.21 12:43:13.112,0.97566,0.97577,1.00,2.62
2016.09.21 12:43:13.214,0.97566,0.97577,1.00,3.37
2016.09.21 12:43:13.424,0.97565,0.97577,1.87,4.12
2016.09.21 12:43:13.797,0.97565,0.97576,1.87,1.50
2016.09.21 12:43:14.755,0.97566,0.97576,1.00,1.50
2016.09.21 12:43:14.807,0.97566,0.97576,1.50,1.00
2016.09.21 12:43:15.317,0.97566,0.97575,1.50,1.00
2016.09.21 12:43:15.572,0.97565,0.97575,1.87,1.00
2016.09.21 12:43:16.606,0.97566,0.97575,1.75,1.00
2016.09.21 12:43:16.875,0.97566,0.97575,2.25,1.00
2016.09.21 12:43:17.130,0.97566,0.97577,2.25,1.50
2016.09.21 12:43:17.181,0.97567,0.97577,1.75,1.50
2016.09.21 12:43:17.232,0.97567,0.97577,1.75,1.00
2016.09.21 12:43:17.920,0.97568,0.97577,1.50,1.00
2016.09.21 12:43:18.126,0.97568,0.97579,1.50,3.37
2016.09.21 12:43:18.177,0.97567,0.97579,1.75,3.37
2016.09.21 12:43:18.230,0.97567,0.97578,1.75,1.87
2016.09.21 12:43:18.281,0.97566,0.97577,4.12,1.00
2016.09.21 12:43:18.334,0.97567,0.97577,1.75,1.50
2016.09.21 12:43:18.589,0.97567,0.97577,1.75,1.50
2016.09.21 12:43:18.691,0.97567,0.97577,1.50,1.87
2016.09.21 12:43:18.742,0.97567,0.97577,1.12,1.87
2016.09.21 12:43:19.230,0.97566,0.97577,2.25,1.87
2016.09.21 12:43:20.487,0.97566,0.97577,1.50,1.87
2016.09.21 12:43:20.563,0.97566,0.97576,1.50,1.00
2016.09.21 12:43:20.615,0.97565,0.97575,4.87,1.87
2016.09.21 12:43:20.666,0.97565,0.97574,3.75,1.50
2016.09.21 12:43:20.718,0.97565,0.97572,1.00,2.25
2016.09.21 12:43:20.769,0.97565,0.97572,1.00,2.62
2016.09.21 12:43:20.820,0.97565,0.9757,1.00,1.00
2016.09.21 12:43:20.923,0.97562,0.9757,2.25,1.00
2016.09.21 12:43:21.045,0.97562,0.9757,1.75,1.00
2016.09.21 12:43:21.097,0.97562,0.97572,1.75,1.00
2016.09.21 12:43:24.377,0.97562,0.97572,1.75,1.12
2016.09.21 12:43:24.532,0.97562,0.97572,1.75,1.87
2016.09.21 12:43:24.583,0.97562,0.97572,1.75,1.50
2016.09.21 12:43:24.634,0.97562,0.97572,1.75,1.00
2016.09.21 12:43:24.736,0.97562,0.97573,1.75,1.12
2016.09.21 12:43:24.788,0.97563,0.97574,1.50,1.69
2016.09.21 12:43:24.840,0.97564,0.97575,2.25,2.25
2016.09.21 12:43:24.892,0.97566,0.97575,1.12,1.00
2016.09.21 12:43:24.944,0.97566,0.97573,1.50,1.00
2016.09.21 12:43:24.995,0.97566,0.97573,1.00,1.00
2016.09.21 12:43:25.047,0.97565,0.97573,1.12,1.00
2016.09.21 12:43:25.099,0.97565,0.97573,1.37,1.00
2016.09.21 12:43:25.199,0.97565,0.97575,1.75,1.00
2016.09.21 12:43:25.252,0.97565,0.97576,1.75,1.50
2016.09.21 12:43:25.303,0.97566,0.97576,1.00,1.50
2016.09.21 12:43:25.355,0.97565,0.97575,1.50,1.00
2016.09.21 12:43:25.610,0.97565,0.97575,2.25,1.00
2016.09.21 12:43:25.814,0.97565,0.97575,2.25,1.00
2016.09.21 12:43:26.227,0.97565,0.97575,1.75,1.00
2016.09.21 12:43:27.035,0.97565,0.97575,1.75,1.00
2016.09.21 12:43:27.137,0.97565,0.97575,1.75,1.00
2016.09.21 12:43:30.850,0.97565,0.97575,1.50,1.00
2016.09.21 12:43:30.902,0.97565,0.97575,1.50,1.12
2016.09.21 12:43:30.954,0.97565,0.97573,1.00,1.00
2016.09.21 12:43:31.005,0.97564,0.97573,1.00,1.00
2016.09.21 12:43:31.058,0.97563,0.97572,1.50,1.12
2016.09.21 12:43:31.109,0.97564,0.97572,1.12,2.25
2016.09.21 12:43:31.161,0.97564,0.97571,1.00,1.12
2016.09.21 12:43:31.264,0.97564,0.9757,1.00,1.00
2016.09.21 12:43:31.412,0.97561,0.9757,1.87,1.00
2016.09.21 12:43:31.463,0.97561,0.97571,1.87,1.12
2016.09.21 12:43:31.515,0.97561,0.97571,1.87,1.12
2016.09.21 12:43:31.719,0.97561,0.97571,2.25,1.12
2016.09.21 12:43:31.822,0.97561,0.97571,2.25,1.00
2016.09.21 12:43:31.873,0.97561,0.97572,2.25,1.50
2016.09.21 12:43:31.925,0.97561,0.97572,2.25,1.12
2016.09.21 12:43:32.084,0.97561,0.97572,2.25,1.50
2016.09.21 12:43:32.836,0.97561,0.97572,1.50,2.25
2016.09.21 12:43:33.396,0.97561,0.97572,1.50,1.87
2016.09.21 12:43:34.639,0.97561,0.97572,1.50,2.25
2016.09.21 12:43:35.275,0.97561,0.97572,1.50,2.25
2016.09.21 12:43:36.030,0.97564,0.97572,1.50,2.25
2016.09.21 12:43:40.568,0.97564,0.97572,1.50,1.87
2016.09.21 12:43:45.433,0.97564,0.97572,1.50,1.12
2016.09.21 12:43:45.486,0.97564,0.97573,1.50,1.50
2016.09.21 12:43:45.538,0.97565,0.97574,1.00,2.06
2016.09.21 12:43:45.593,0.97565,0.97574,1.50,1.50
2016.09.21 12:43:45.644,0.97569,0.97577,2.25,3.75
2016.09.21 12:43:45.695,0.97569,0.97577,2.25,2.62
2016.09.21 12:43:45.747,0.97571,0.97577,1.50,1.12
2016.09.21 12:43:45.798,0.97571,0.97577,1.50,1.00
2016.09.21 12:43:45.900,0.97571,0.97578,1.50,1.50
2016.09.21 12:43:45.987,0.97571,0.97577,1.50,1.00
2016.09.21 12:43:46.039,0.97571,0.97577,1.50,1.12
2016.09.21 12:43:46.348,0.97571,0.97579,1.00,2.81
2016.09.21 12:43:46.400,0.97571,0.97578,1.00,1.37
2016.09.21 12:43:46.451,0.97571,0.97578,1.50,1.37
2016.09.21 12:43:46.553,0.97571,0.97578,1.00,1.37
2016.09.21 12:43:46.810,0.97571,0.97578,1.00,1.87
2016.09.21 12:43:46.963,0.97571,0.97578,1.50,1.87
2016.09.21 12:43:47.015,0.97571,0.97578,1.50,2.62
2016.09.21 12:43:47.170,0.97571,0.97578,1.50,2.62
2016.09.21 12:43:47.374,0.97571,0.97578,1.50,2.62
2016.09.21 12:43:48.015,0.97571,0.97577,1.50,1.12
2016.09.21 12:43:48.842,0.97571,0.97578,1.50,2.62
2016.09.21 12:43:48.995,0.97571,0.97578,1.50,2.25
2016.09.21 12:43:49.046,0.97571,0.97579,1.50,2.06
2016.09.21 12:43:49.098,0.97571,0.97579,1.50,1.75
2016.09.21 12:43:49.149,0.97573,0.97579,4.50,1.75
2016.09.21 12:43:49.252,0.97572,0.97582,5.25,4.50
2016.09.21 12:43:49.303,0.97572,0.97582,5.62,2.62
2016.09.21 12:43:49.409,0.97572,0.97582,4.87,2.62
2016.09.21 12:43:49.464,0.97572,0.97582,4.50,2.62
2016.09.21 12:43:49.516,0.97572,0.97582,4.50,2.25
2016.09.21 12:43:49.772,0.97572,0.97582,4.50,1.12
2016.09.21 12:43:49.823,0.97572,0.97582,5.25,1.12
2016.09.21 12:43:49.874,0.97572,0.97582,5.25,1.87
2016.09.21 12:43:49.925,0.97574,0.97582,1.00,1.87
2016.09.21 12:43:49.977,0.97574,0.97582,1.00,1.50
2016.09.21 12:43:50.170,0.97574,0.97582,1.00,1.50
2016.09.21 12:43:50.221,0.97574,0.97582,1.00,1.00
2016.09.21 12:43:50.273,0.97575,0.97583,1.00,2.25
2016.09.21 12:43:50.325,0.97575,0.97583,2.25,1.00
2016.09.21 12:43:50.378,0.97575,0.97584,2.25,1.50
2016.09.21 12:43:50.429,0.97575,0.97584,2.25,1.12
2016.09.21 12:43:50.488,0.97575,0.97584,2.62,1.00
2016.09.21 12:43:50.540,0.97575,0.97584,1.87,1.00
2016.09.21 12:43:50.642,0.97576,0.97584,1.00,1.00
2016.09.21 12:43:50.846,0.97576,0.97584,2.25,1.00
2016.09.21 12:43:50.949,0.97576,0.97584,1.50,1.00
2016.09.21 12:43:51.265,0.97576,0.97585,1.50,2.62
2016.09.21 12:43:52.121,0.97576,0.97585,1.50,1.87
2016.09.21 12:43:52.380,0.97576,0.97584,1.50,1.00
2016.09.21 12:43:53.181,0.97576,0.97584,1.50,1.00
2016.09.21 12:43:53.334,0.97577,0.97584,1.00,1.00
2016.09.21 12:43:53.386,0.97577,0.97584,1.50,1.00
2016.09.21 12:43:53.896,0.97576,0.97584,1.50,1.00
2016.09.21 12:43:54.067,0.97576,0.97584,1.50,1.00
2016.09.21 12:43:54.592,0.97576,0.97584,1.50,1.00
2016.09.21 12:43:54.643,0.9758,0.97584,1.00,1.00
2016.09.21 12:43:54.695,0.9758,0.97587,1.00,1.50
2016.09.21 12:43:54.746,0.97581,0.97587,1.00,1.00
2016.09.21 12:43:54.816,0.97581,0.97589,1.00,1.50
2016.09.21 12:43:54.868,0.97582,0.97591,1.00,2.62
2016.09.21 12:43:54.970,0.97582,0.97591,1.50,3.75
2016.09.21 12:43:55.089,0.97582,0.97591,1.87,3.37
2016.09.21 12:43:55.242,0.97582,0.97591,1.87,2.62
2016.09.21 12:43:55.549,0.97582,0.97591,1.87,2.81
2016.09.21 12:43:55.964,0.97582,0.97591,4.87,2.81
2016.09.21 12:43:56.546,0.97582,0.97591,4.12,2.44
2016.09.21 12:43:56.650,0.97582,0.97591,4.87,2.81
2016.09.21 12:43:56.752,0.97582,0.9759,4.87,1.12
2016.09.21 12:43:56.877,0.97582,0.97591,4.87,1.37
2016.09.21 12:43:57.200,0.97582,0.97591,4.50,1.50
2016.09.21 12:43:58.368,0.97582,0.97591,4.50,1.37
2016.09.21 12:43:58.567,0.97582,0.97591,4.50,1.50
2016.09.21 12:43:58.670,0.97582,0.97591,4.50,1.87
2016.09.21 12:43:58.773,0.97582,0.97591,4.87,1.50
2016.09.21 12:43:58.878,0.97582,0.97591,5.62,1.50
2016.09.21 12:43:59.131,0.97582,0.97591,4.87,1.50
2016.09.21 12:43:59.426,0.97583,0.97591,1.00,1.50
2016.09.21 12:43:59.478,0.97583,0.97591,1.50,1.50
2016.09.21 12:44:00.616,0.97583,0.97591,1.50,1.87
2016.09.21 12:44:00.816,0.97583,0.97591,4.50,1.87
2016.09.21 12:44:00.971,0.97583,0.97591,4.50,1.37
2016.09.21 12:44:01.074,0.97583,0.97591,3.75,1.00
2016.09.21 12:44:01.126,0.97583,0.97592,4.12,1.50
2016.09.21 12:44:01.177,0.97583,0.97592,4.87,1.75
2016.09.21 12:44:01.686,0.97583,0.97592,4.87,2.00
2016.09.21 12:44:01.946,0.97584,0.97592,3.75,2.00
2016.09.21 12:44:01.997,0.97584,0.97592,3.75,1.50
2016.09.21 12:44:02.383,0.97584,0.97591,3.75,1.00
2016.09.21 12:44:02.486,0.97584,0.97591,4.50,1.37
2016.09.21 12:44:03.074,0.97584,0.97591,3.75,1.00
2016.09.21 12:44:03.278,0.97584,0.97591,4.50,1.37
2016.09.21 12:44:03.835,0.97584,0.97591,6.75,1.37
2016.09.21 12:44:05.251,0.97584,0.97591,3.75,1.37
2016.09.21 12:44:06.762,0.97584,0.97591,1.50,1.37
2016.09.21 12:44:06.864,0.97582,0.97591,4.50,1.37
2016.09.21 12:44:07.136,0.97584,0.97591,1.00,1.37
2016.09.21 12:44:07.238,0.97584,0.97591,1.50,1.37
2016.09.21 12:44:07.398,0.97584,0.97591,1.50,1.50
2016.09.21 12:44:07.449,0.97584,0.97591,1.00,1.50
2016.09.21 12:44:07.653,0.97582,0.97591,4.87,1.50
2016.09.21 12:44:08.062,0.97582,0.9759,4.87,1.12
2016.09.21 12:44:08.164,0.97582,0.97589,4.87,1.00
2016.09.21 12:44:08.251,0.97582,0.97589,4.50,1.00
2016.09.21 12:44:10.061,0.97582,0.97589,5.25,1.00
2016.09.21 12:44:10.113,0.97582,0.97591,5.25,3.00
2016.09.21 12:44:11.429,0.97582,0.97591,5.25,2.62
2016.09.21 12:44:11.531,0.97582,0.9759,5.25,1.00
2016.09.21 12:44:12.254,0.97582,0.97591,4.50,2.62
2016.09.21 12:44:12.378,0.97582,0.9759,4.50,1.00
2016.09.21 12:44:12.431,0.97582,0.9759,3.75,1.00
2016.09.21 12:44:12.655,0.97582,0.9759,1.50,1.12
2016.09.21 12:44:13.217,0.97582,0.9759,1.50,1.50
2016.09.21 12:44:13.880,0.97582,0.9759,4.50,1.50
2016.09.21 12:44:14.761,0.97582,0.97589,4.50,1.00
2016.09.21 12:44:14.813,0.97582,0.97589,4.50,2.62
2016.09.21 12:44:14.864,0.97582,0.97589,4.50,2.62
2016.09.21 12:44:14.915,0.97582,0.97587,4.50,1.00
2016.09.21 12:44:14.966,0.9758,0.97587,1.00,1.00
2016.09.21 12:44:15.123,0.97578,0.97585,6.00,1.00
2016.09.21 12:44:15.177,0.9758,0.97587,4.50,1.12
2016.09.21 12:44:15.228,0.9758,0.97587,4.50,1.00
2016.09.21 12:44:15.279,0.9758,0.97587,4.50,1.50
2016.09.21 12:44:15.330,0.9758,0.97587,4.50,2.62
2016.09.21 12:44:15.540,0.9758,0.97587,4.50,2.25
2016.09.21 12:44:16.246,0.9758,0.97587,4.50,1.87
2016.09.21 12:44:17.374,0.9758,0.97587,4.50,2.25
2016.09.21 12:44:17.477,0.97581,0.97587,1.00,2.25
2016.09.21 12:44:17.681,0.97581,0.97587,1.50,2.25
2016.09.21 12:44:18.387,0.97581,0.97587,1.50,1.12
2016.09.21 12:44:18.439,0.97581,0.97587,1.50,1.00
2016.09.21 12:44:18.490,0.97581,0.97588,1.50,1.12
2016.09.21 12:44:18.643,0.97581,0.97588,1.50,1.50
2016.09.21 12:44:18.746,0.97581,0.97588,1.00,1.50
2016.09.21 12:44:18.811,0.9758,0.97588,4.50,1.12
2016.09.21 12:44:18.862,0.9758,0.97589,4.50,2.62
2016.09.21 12:44:18.914,0.9758,0.97588,4.50,1.00
2016.09.21 12:44:18.986,0.9758,0.97588,4.50,1.12
2016.09.21 12:44:19.037,0.9758,0.97588,4.50,1.50
2016.09.21 12:44:19.140,0.9758,0.97588,4.50,1.87
2016.09.21 12:44:19.446,0.9758,0.97588,4.50,1.87
2016.09.21 12:44:19.631,0.9758,0.97588,4.50,1.87
2016.09.21 12:44:19.682,0.9758,0.97588,4.50,1.37
2016.09.21 12:44:19.734,0.9758,0.97588,4.50,1.12
2016.09.21 12:44:19.785,0.97582,0.97588,1.00,1.12
2016.09.21 12:44:19.836,0.97582,0.97588,1.00,1.00
2016.09.21 12:44:19.887,0.97582,0.97589,4.50,2.25
2016.09.21 12:44:19.989,0.97582,0.97589,4.50,2.62
2016.09.21 12:44:20.041,0.97582,0.97589,4.50,2.25
2016.09.21 12:44:20.092,0.97582,0.97589,4.50,2.25
2016.09.21 12:44:20.194,0.97582,0.97589,4.50,3.00
2016.09.21 12:44:20.348,0.97582,0.97589,4.50,3.00
2016.09.21 12:44:20.399,0.97582,0.97589,4.50,2.25
2016.09.21 12:44:20.553,0.97582,0.97589,4.50,2.25
2016.09.21 12:44:20.655,0.97582,0.97589,4.50,2.62
2016.09.21 12:44:20.707,0.97582,0.97589,4.50,3.37
2016.09.21 12:44:20.885,0.97582,0.97589,1.00,2.25
2016.09.21 12:44:20.988,0.97581,0.97589,4.50,2.62
2016.09.21 12:44:21.997,0.97581,0.97589,4.50,1.87
2016.09.21 12:44:22.479,0.97581,0.97589,4.50,1.87
2016.09.21 12:44:23.559,0.97581,0.97589,4.50,1.87
2016.09.21 12:44:23.765,0.97581,0.97589,4.50,1.50
2016.09.21 12:44:23.816,0.97581,0.9759,4.50,2.62
2016.09.21 12:44:23.868,0.97581,0.9759,4.50,2.25
2016.09.21 12:44:23.921,0.97581,0.9759,6.75,1.37
2016.09.21 12:44:23.990,0.97581,0.9759,6.75,1.00
2016.09.21 12:44:24.714,0.97582,0.9759,1.00,1.00
2016.09.21 12:44:26.151,0.97581,0.97591,5.25,1.50
2016.09.21 12:44:26.355,0.97582,0.9759,1.00,1.00
2016.09.21 12:44:26.407,0.97582,0.9759,1.50,1.00
2016.09.21 12:44:26.459,0.97585,0.97593,3.75,4.31
2016.09.21 12:44:26.511,0.97585,0.97593,3.75,1.75
2016.09.21 12:44:26.563,0.97586,0.97593,1.00,1.50
2016.09.21 12:44:26.615,0.97586,0.97596,1.00,2.25
2016.09.21 12:44:26.667,0.97586,0.97596,1.00,2.25
2016.09.21 12:44:26.718,0.97587,0.97596,1.00,1.75
2016.09.21 12:44:26.821,0.97587,0.97597,1.00,1.50
2016.09.21 12:44:26.872,0.97587,0.97597,1.00,1.50
2016.09.21 12:44:26.923,0.97587,0.97597,1.50,2.25
2016.09.21 12:44:27.025,0.97587,0.97597,1.87,1.37
2016.09.21 12:44:27.077,0.97587,0.97597,6.00,1.00
2016.09.21 12:44:27.128,0.97587,0.97597,6.75,1.00
2016.09.21 12:44:27.230,0.97588,0.97597,1.50,1.00
2016.09.21 12:44:27.281,0.97589,0.97598,1.00,1.00
2016.09.21 12:44:27.332,0.97589,0.97599,1.50,1.00
2016.09.21 12:44:27.383,0.97591,0.976,1.00,2.62
2016.09.21 12:44:27.434,0.97591,0.976,1.50,1.12
2016.09.21 12:44:27.536,0.97591,0.976,2.25,1.50
2016.09.21 12:44:28.068,0.97591,0.976,1.50,1.12
2016.09.21 12:44:28.119,0.97591,0.976,2.25,1.50
2016.09.21 12:44:28.220,0.97591,0.976,2.25,2.25
2016.09.21 12:44:28.323,0.97591,0.976,2.25,1.50
2016.09.21 12:44:28.527,0.97591,0.976,1.50,1.50
2016.09.21 12:44:29.470,0.97591,0.976,1.00,1.12
2016.09.21 12:44:29.949,0.97591,0.976,1.50,1.50
2016.09.21 12:44:30.000,0.97591,0.976,1.50,1.00
2016.09.21 12:44:30.052,0.97591,0.97601,1.00,2.06
2016.09.21 12:44:30.107,0.97591,0.97601,1.00,2.44
2016.09.21 12:44:30.272,0.97591,0.976,1.50,1.37
2016.09.21 12:44:30.323,0.97592,0.976,1.00,1.37
2016.09.21 12:44:30.375,0.97592,0.976,4.50,1.37
2016.09.21 12:44:30.426,0.97592,0.97601,4.50,2.00
2016.09.21 12:44:30.524,0.97595,0.97603,4.12,4.12
2016.09.21 12:44:30.591,0.97599,0.97603,3.75,2.25
2016.09.21 12:44:30.642,0.97598,0.97603,4.50,1.50
2016.09.21 12:44:30.694,0.97598,0.97603,1.00,1.50
2016.09.21 12:44:30.745,0.97596,0.97603,5.25,1.00
2016.09.21 12:44:30.797,0.97596,0.97603,5.25,1.00
2016.09.21 12:44:30.848,0.97596,0.97603,4.50,1.87
2016.09.21 12:44:30.899,0.97596,0.97603,4.50,1.12
2016.09.21 12:44:30.950,0.97596,0.97603,4.50,2.81
2016.09.21 12:44:31.130,0.97596,0.97602,6.00,1.00
2016.09.21 12:44:31.185,0.97596,0.97602,3.75,1.00
2016.09.21 12:44:31.237,0.97596,0.97602,4.50,1.00
2016.09.21 12:44:31.290,0.97596,0.97602,4.50,1.12
2016.09.21 12:44:31.651,0.97595,0.97602,3.75,1.12
2016.09.21 12:44:31.856,0.97595,0.97602,3.00,1.12
2016.09.21 12:44:31.959,0.97595,0.97602,3.75,1.12
2016.09.21 12:44:32.010,0.97595,0.97602,3.75,1.87
2016.09.21 12:44:32.449,0.97595,0.97602,3.00,1.87
2016.09.21 12:44:32.500,0.97594,0.97602,1.00,1.87
2016.09.21 12:44:32.552,0.97594,0.97602,1.50,2.06
2016.09.21 12:44:32.932,0.97594,0.97602,1.00,1.87
2016.09.21 12:44:33.035,0.97594,0.97601,1.50,1.00
2016.09.21 12:44:33.227,0.97593,0.97601,1.87,1.00
2016.09.21 12:44:33.279,0.97593,0.97603,1.87,1.50
2016.09.21 12:44:33.332,0.97594,0.97606,1.00,4.50
2016.09.21 12:44:33.383,0.97594,0.97606,1.12,4.12
2016.09.21 12:44:33.435,0.97594,0.97606,2.25,3.37
2016.09.21 12:44:33.538,0.97594,0.97606,3.00,3.00
2016.09.21 12:44:33.641,0.97594,0.97606,3.00,2.25
2016.09.21 12:44:33.693,0.97594,0.97606,3.00,1.50
2016.09.21 12:44:33.901,0.97594,0.97606,2.25,1.50
2016.09.21 12:44:34.309,0.97594,0.97604,1.50,1.00
2016.09.21 12:44:34.411,0.97594,0.97605,1.50,1.12
2016.09.21 12:44:34.898,0.97594,0.97606,2.62,1.50
2016.09.21 12:44:34.949,0.97595,0.97607,1.12,2.25
2016.09.21 12:44:35.001,0.97595,0.97607,1.87,1.75
2016.09.21 12:44:35.052,0.97595,0.97607,2.25,1.12
2016.09.21 12:44:35.205,0.97595,0.97606,1.75,1.00
2016.09.21 12:44:35.330,0.97595,0.97606,1.75,1.00
2016.09.21 12:44:35.489,0.97595,0.97606,1.50,1.12
2016.09.21 12:44:36.501,0.97596,0.97607,1.12,1.50
2016.09.21 12:44:36.553,0.97597,0.97607,1.00,1.50
2016.09.21 12:44:36.605,0.97597,0.97607,1.00,1.50
2016.09.21 12:44:36.656,0.97598,0.97608,1.12,1.00
2016.09.21 12:44:36.708,0.97598,0.97609,1.87,2.06
2016.09.21 12:44:36.759,0.97598,0.97609,2.25,1.25
2016.09.21 12:44:37.601,0.97599,0.97609,1.12,1.25
2016.09.21 12:44:37.705,0.97599,0.97611,3.37,2.62
2016.09.21 12:44:37.756,0.976,0.9761,1.00,1.37
2016.09.21 12:44:37.807,0.976,0.9761,1.00,1.37
2016.09.21 12:44:37.858,0.97599,0.9761,1.37,1.37
2016.09.21 12:44:38.369,0.97599,0.9761,1.37,1.50
2016.09.21 12:44:38.420,0.97599,0.9761,1.50,1.50
2016.09.21 12:44:38.471,0.97599,0.9761,1.50,1.37
2016.09.21 12:44:39.240,0.97599,0.9761,1.50,1.00
2016.09.21 12:44:39.474,0.97599,0.97611,3.00,3.75
2016.09.21 12:44:39.526,0.97599,0.97611,5.25,3.75
2016.09.21 12:44:39.680,0.97599,0.97611,4.50,3.75
2016.09.21 12:44:39.732,0.97599,0.97611,5.25,3.75
2016.09.21 12:44:39.783,0.97599,0.97611,6.00,3.75
2016.09.21 12:44:39.886,0.97599,0.97611,6.00,3.00
2016.09.21 12:44:40.145,0.97599,0.97611,5.25,3.00
2016.09.21 12:44:40.561,0.97599,0.9761,4.50,1.00
2016.09.21 12:44:40.612,0.97599,0.97611,4.50,2.62
2016.09.21 12:44:40.663,0.97599,0.97609,5.25,1.00
2016.09.21 12:44:40.715,0.97599,0.97609,5.25,1.00
2016.09.21 12:44:40.766,0.97599,0.97611,5.25,3.75
2016.09.21 12:44:41.031,0.97599,0.97611,5.25,3.75
2016.09.21 12:44:41.082,0.97599,0.9761,4.50,1.37
2016.09.21 12:44:41.133,0.97599,0.9761,4.50,1.37
2016.09.21 12:44:41.490,0.97599,0.97609,5.25,1.00
2016.09.21 12:44:41.965,0.97599,0.9761,4.50,1.37
2016.09.21 12:44:42.019,0.97599,0.9761,2.25,1.50
2016.09.21 12:44:42.071,0.97599,0.97609,2.62,1.37
2016.09.21 12:44:43.083,0.97599,0.97611,2.62,4.69
2016.09.21 12:44:43.136,0.97599,0.97611,3.37,4.69
2016.09.21 12:44:43.188,0.97599,0.97611,3.37,4.12
2016.09.21 12:44:43.290,0.97599,0.97611,4.12,4.12
2016.09.21 12:44:43.342,0.97599,0.97611,4.87,3.37
2016.09.21 12:44:43.393,0.97599,0.9761,4.12,1.00
2016.09.21 12:44:43.444,0.97599,0.9761,3.37,1.00
2016.09.21 12:44:43.496,0.97599,0.9761,2.62,1.00
2016.09.21 12:44:43.650,0.97599,0.9761,1.87,1.00
2016.09.21 12:44:43.857,0.97599,0.9761,1.87,1.69
2016.09.21 12:44:43.909,0.97599,0.97608,1.87,1.00
2016.09.21 12:44:43.961,0.97599,0.97608,1.50,1.00
2016.09.21 12:44:44.048,0.97599,0.97609,1.00,1.50
2016.09.21 12:44:44.100,0.97599,0.97609,1.00,2.25
2016.09.21 12:44:44.253,0.97598,0.97609,3.00,2.25
2016.09.21 12:44:45.644,0.97598,0.97609,3.00,3.00
2016.09.21 12:44:46.308,0.97598,0.97609,3.00,2.62
2016.09.21 12:44:46.359,0.97598,0.97609,2.25,2.25
2016.09.21 12:44:46.444,0.97598,0.97609,2.62,1.50
2016.09.21 12:44:46.601,0.97598,0.97609,4.12,1.87
2016.09.21 12:44:46.757,0.97598,0.97609,2.62,1.50
2016.09.21 12:44:47.441,0.97598,0.97609,4.12,1.87
2016.09.21 12:44:47.903,0.97598,0.97609,4.12,2.25
2016.09.21 12:44:48.006,0.97598,0.97609,4.12,1.50
2016.09.21 12:44:48.355,0.97599,0.9761,1.50,3.56
2016.09.21 12:44:48.407,0.97599,0.9761,1.50,2.81
2016.09.21 12:44:48.920,0.97599,0.9761,1.50,2.06
2016.09.21 12:44:48.977,0.97599,0.9761,1.50,2.06
2016.09.21 12:44:49.052,0.97599,0.9761,4.50,2.06
2016.09.21 12:44:49.242,0.97599,0.9761,4.50,2.44
2016.09.21 12:44:49.294,0.97599,0.9761,4.50,2.81
2016.09.21 12:44:49.346,0.97599,0.9761,4.50,3.19
2016.09.21 12:44:49.449,0.97599,0.97608,4.50,1.00
2016.09.21 12:44:49.500,0.97601,0.97608,1.00,1.00
2016.09.21 12:44:49.654,0.97599,0.97608,3.00,1.00
2016.09.21 12:44:49.960,0.97599,0.97608,3.75,1.00
2016.09.21 12:44:50.113,0.97599,0.97608,3.00,1.00
2016.09.21 12:44:50.165,0.97599,0.97608,3.75,1.00
2016.09.21 12:44:50.320,0.97599,0.97608,3.00,1.00
2016.09.21 12:44:50.528,0.97599,0.97608,3.75,1.00
2016.09.21 12:44:50.948,0.976,0.97608,1.50,1.00
2016.09.21 12:44:51.206,0.976,0.97608,1.12,1.00
2016.09.21 12:44:51.258,0.976,0.97608,1.00,1.00
2016.09.21 12:44:51.464,0.976,0.97608,1.50,1.00
2016.09.21 12:44:52.829,0.976,0.97609,1.50,1.12
2016.09.21 12:44:54.203,0.976,0.97609,1.00,1.12
2016.09.21 12:44:54.911,0.976,0.9761,1.00,1.87
2016.09.21 12:44:54.962,0.976,0.9761,1.00,2.06
2016.09.21 12:44:55.064,0.976,0.9761,1.12,1.31
2016.09.21 12:44:55.167,0.976,0.9761,1.12,1.69
2016.09.21 12:44:55.269,0.976,0.9761,1.12,2.06
2016.09.21 12:44:55.391,0.97599,0.9761,3.00,2.06
2016.09.21 12:44:55.597,0.97599,0.9761,2.25,2.06
2016.09.21 12:44:55.699,0.97599,0.97609,1.87,1.00
2016.09.21 12:44:57.041,0.97599,0.97609,3.37,1.00
2016.09.21 12:44:57.092,0.97599,0.97609,3.37,1.00
2016.09.21 12:44:57.350,0.97599,0.9761,2.62,1.87
2016.09.21 12:44:57.553,0.97599,0.97609,3.37,1.00
2016.09.21 12:44:57.655,0.97599,0.9761,2.62,1.87
2016.09.21 12:44:58.063,0.97599,0.9761,2.62,2.62
2016.09.21 12:44:58.263,0.97599,0.97609,2.62,1.00
2016.09.21 12:44:58.316,0.97599,0.97609,1.87,1.00
2016.09.21 12:44:58.941,0.97599,0.97608,1.87,1.00
2016.09.21 12:44:58.993,0.97599,0.97608,1.12,1.00
2016.09.21 12:44:59.124,0.97599,0.97608,1.87,1.00
2016.09.21 12:44:59.181,0.97599,0.97609,1.12,1.50
2016.09.21 12:44:59.232,0.97598,0.97607,3.00,1.00
2016.09.21 12:44:59.285,0.97598,0.97607,2.25,1.00
2016.09.21 12:44:59.493,0.97598,0.97606,1.87,1.00
2016.09.21 12:44:59.648,0.97598,0.97606,1.00,1.00
2016.09.21 12:44:59.750,0.97597,0.97604,1.12,1.00
2016.09.21 12:44:59.862,0.97598,0.97604,1.00,1.00
2016.09.21 12:44:59.913,0.97598,0.97604,2.25,1.00
2016.09.21 12:44:59.965,0.97598,0.97606,1.50,1.00
2016.09.21 12:45:00.017,0.97598,0.97606,1.00,1.00
2016.09.21 12:45:00.068,0.97598,0.97606,1.50,1.00
2016.09.21 12:45:00.377,0.97598,0.97606,1.00,1.00
2016.09.21 12:45:00.429,0.97598,0.97607,1.00,1.87
2016.09.21 12:45:00.487,0.97598,0.97607,1.50,1.87
2016.09.21 12:45:00.611,0.97599,0.97607,1.50,1.12
2016.09.21 12:45:00.730,0.97599,0.97607,1.50,1.00
2016.09.21 12:45:01.245,0.97599,0.97608,1.50,2.25
2016.09.21 12:45:01.599,0.97599,0.97608,1.50,1.50
2016.09.21 12:45:01.754,0.97599,0.97608,1.00,1.50
2016.09.21 12:45:01.856,0.97599,0.97608,1.50,1.50
2016.09.21 12:45:01.908,0.97599,0.97608,1.50,1.87
2016.09.21 12:45:01.959,0.97599,0.97608,1.50,1.50
2016.09.21 12:45:02.431,0.97599,0.97608,2.25,1.50
2016.09.21 12:45:02.540,0.97599,0.97608,1.50,1.50
2016.09.21 12:45:02.644,0.97599,0.97609,2.25,2.06
2016.09.21 12:45:02.696,0.97599,0.9761,3.75,3.94
2016.09.21 12:45:02.748,0.97599,0.97609,4.12,1.25
2016.09.21 12:45:02.819,0.976,0.97609,1.00,1.25
2016.09.21 12:45:02.872,0.976,0.97609,1.50,1.25
2016.09.21 12:45:03.434,0.976,0.97609,1.50,1.31
2016.09.21 12:45:03.486,0.976,0.97609,1.00,2.06
2016.09.21 12:45:03.537,0.97598,0.97608,4.12,1.50
2016.09.21 12:45:03.588,0.97598,0.97608,3.37,1.50
2016.09.21 12:45:03.640,0.97598,0.97606,2.25,1.00
2016.09.21 12:45:03.691,0.97597,0.97602,1.12,1.25
2016.09.21 12:45:03.742,0.97597,0.97601,1.12,1.00
2016.09.21 12:45:03.794,0.97596,0.97601,1.50,1.00
2016.09.21 12:45:03.855,0.97596,0.97601,1.37,1.00
2016.09.21 12:45:03.910,0.97598,0.97602,1.00,1.00
2016.09.21 12:45:04.066,0.97598,0.97606,1.00,2.62
2016.09.21 12:45:04.117,0.97598,0.97606,1.00,1.87
2016.09.21 12:45:04.169,0.97595,0.97604,1.00,1.00
2016.09.21 12:45:04.322,0.97594,0.97604,2.25,1.00
2016.09.21 12:45:04.729,0.97594,0.97606,2.25,2.25
2016.09.21 12:45:04.780,0.97595,0.97606,1.12,2.25
2016.09.21 12:45:05.719,0.97595,0.97606,1.12,2.25
2016.09.21 12:45:05.770,0.97596,0.97606,1.00,2.25
2016.09.21 12:45:05.821,0.97596,0.97606,2.62,1.12
2016.09.21 12:45:05.873,0.97596,0.97607,2.62,1.50
2016.09.21 12:45:05.924,0.97597,0.97608,1.00,4.87
2016.09.21 12:45:05.975,0.97598,0.97607,1.00,1.12
2016.09.21 12:45:06.027,0.97598,0.97607,1.12,1.00
2016.09.21 12:45:07.066,0.97597,0.97607,1.50,1.00
2016.09.21 12:45:07.567,0.97598,0.97608,1.12,1.12
2016.09.21 12:45:07.618,0.97598,0.97609,1.12,1.87
2016.09.21 12:45:07.772,0.97598,0.97609,2.62,1.50
2016.09.21 12:45:07.874,0.97598,0.97609,1.87,1.50
2016.09.21 12:45:07.985,0.97598,0.9761,2.62,2.44
2016.09.21 12:45:08.047,0.97598,0.97608,1.50,1.37
2016.09.21 12:45:08.098,0.97598,0.97608,1.00,2.62
2016.09.21 12:45:08.150,0.97598,0.97607,1.00,1.00
2016.09.21 12:45:08.201,0.97598,0.97607,1.00,1.50
2016.09.21 12:45:08.252,0.97596,0.97606,1.50,1.12
2016.09.21 12:45:08.356,0.97596,0.97606,1.12,1.50
2016.09.21 12:45:08.411,0.97596,0.97606,1.12,1.12
2016.09.21 12:45:08.626,0.97596,0.97607,2.62,2.25
2016.09.21 12:45:08.709,0.97596,0.97608,3.37,2.25
2016.09.21 12:45:08.760,0.97596,0.97608,3.37,2.25
2016.09.21 12:45:08.972,0.97596,0.97608,3.37,2.25
2016.09.21 12:45:09.075,0.97596,0.97608,2.62,2.25
2016.09.21 12:45:09.279,0.97596,0.97608,1.87,2.25
2016.09.21 12:45:09.432,0.97596,0.97608,1.87,2.62
2016.09.21 12:45:09.503,0.97596,0.97608,2.62,3.37
2016.09.21 12:45:09.554,0.97596,0.97608,2.62,4.12
2016.09.21 12:45:09.606,0.97596,0.97608,2.62,4.12
2016.09.21 12:45:09.658,0.97596,0.97606,1.12,1.12
2016.09.21 12:45:09.862,0.97596,0.97605,1.12,1.00
2016.09.21 12:45:10.016,0.97595,0.97605,2.25,1.00
2016.09.21 12:45:10.067,0.97595,0.97604,2.25,1.00
2016.09.21 12:45:10.173,0.97595,0.97604,1.50,1.00
2016.09.21 12:45:11.364,0.97595,0.97606,1.50,1.87
2016.09.21 12:45:12.236,0.97595,0.97606,1.50,1.12
2016.09.21 12:45:13.597,0.97595,0.97606,1.50,1.12
2016.09.21 12:45:13.649,0.97595,0.97606,1.50,1.87
2016.09.21 12:45:13.857,0.97594,0.97606,2.25,3.75
2016.09.21 12:45:13.908,0.97594,0.97606,1.75,4.50
2016.09.21 12:45:13.959,0.97595,0.97605,1.00,1.00
2016.09.21 12:45:14.062,0.97594,0.97605,1.50,1.00
2016.09.21 12:45:14.165,0.97594,0.97606,1.50,4.87
2016.09.21 12:45:14.267,0.97594,0.97605,1.12,1.37
2016.09.21 12:45:14.625,0.97592,0.97605,2.25,1.37
2016.09.21 12:45:15.041,0.97592,0.97605,1.87,1.00
2016.09.21 12:45:15.092,0.97592,0.97605,3.37,1.00
2016.09.21 12:45:15.144,0.97592,0.97606,3.37,4.50
2016.09.21 12:45:15.196,0.97592,0.97606,4.12,4.12
2016.09.21 12:45:15.342,0.97592,0.97606,4.50,4.12
2016.09.21 12:45:15.394,0.97593,0.97606,2.25,4.12
2016.09.21 12:45:15.446,0.97594,0.97606,1.50,3.37
2016.09.21 12:45:15.497,0.97594,0.97606,1.50,2.62
2016.09.21 12:45:15.615,0.97595,0.97606,1.12,1.87
2016.09.21 12:45:15.972,0.97595,0.97606,1.50,1.12
2016.09.21 12:45:16.442,0.97595,0.97606,1.50,1.87
2016.09.21 12:45:17.057,0.97595,0.97604,1.50,1.37
2016.09.21 12:45:17.133,0.97595,0.97603,1.00,1.12
2016.09.21 12:45:17.188,0.97595,0.97602,1.00,1.67
2016.09.21 12:45:17.240,0.97594,0.976,1.37,1.12
2016.09.21 12:45:17.291,0.97594,0.976,1.00,1.37
2016.09.21 12:45:17.343,0.97593,0.97599,1.00,1.12
2016.09.21 12:45:17.445,0.97593,0.97599,1.00,1.12
2016.09.21 12:45:17.548,0.97588,0.97597,1.00,1.12
2016.09.21 12:45:17.651,0.97586,0.97597,3.37,1.12
2016.09.21 12:45:18.102,0.97586,0.97597,3.75,1.12
2016.09.21 12:45:18.358,0.97587,0.97597,1.12,1.12
2016.09.21 12:45:19.036,0.97587,0.97597,1.87,1.12
2016.09.21 12:45:19.111,0.97587,0.97597,2.62,1.12
2016.09.21 12:45:20.070,0.97587,0.97597,3.37,1.12
2016.09.21 12:45:20.127,0.97587,0.97597,2.62,1.12
2016.09.21 12:45:20.590,0.97587,0.97596,2.62,1.00
2016.09.21 12:45:20.743,0.97587,0.97595,1.87,1.00
2016.09.21 12:45:20.845,0.97587,0.97595,1.12,1.00
2016.09.21 12:45:20.947,0.97586,0.97595,1.87,1.00
2016.09.21 12:45:21.049,0.97587,0.97597,1.00,2.25
2016.09.21 12:45:21.123,0.97587,0.97597,1.00,3.00
2016.09.21 12:45:21.179,0.97586,0.97596,1.87,2.00
2016.09.21 12:45:21.231,0.97586,0.97596,1.12,2.44
2016.09.21 12:45:21.283,0.97586,0.97595,1.00,1.12
2016.09.21 12:45:21.335,0.97586,0.97596,1.00,2.44
2016.09.21 12:45:21.386,0.97586,0.97596,1.00,2.25
2016.09.21 12:45:21.743,0.97585,0.97596,1.50,1.87
2016.09.21 12:45:21.946,0.97585,0.97596,1.50,1.12
2016.09.21 12:45:22.272,0.97586,0.97597,1.12,2.25
2016.09.21 12:45:22.983,0.97586,0.97597,1.12,1.50
2016.09.21 12:45:23.034,0.97586,0.97597,2.62,1.50
2016.09.21 12:45:23.087,0.97586,0.97597,4.87,1.50
2016.09.21 12:45:23.189,0.97587,0.97597,1.00,1.00
2016.09.21 12:45:23.241,0.97587,0.97598,1.00,1.50
2016.09.21 12:45:24.275,0.97587,0.97598,4.50,1.00
2016.09.21 12:45:24.379,0.97587,0.97599,4.50,2.25
2016.09.21 12:45:24.793,0.97587,0.97599,4.50,3.00
2016.09.21 12:45:24.895,0.97587,0.97599,4.50,3.00
2016.09.21 12:45:25.000,0.97587,0.97599,4.12,3.00
2016.09.21 12:45:25.052,0.97587,0.97599,4.12,2.25
2016.09.21 12:45:25.412,0.97587,0.97599,4.12,2.62
2016.09.21 12:45:25.463,0.97587,0.97598,4.12,1.50
2016.09.21 12:45:25.591,0.97587,0.97598,4.12,1.87
2016.09.21 12:45:25.645,0.97588,0.97598,1.00,1.37
2016.09.21 12:45:26.059,0.97588,0.97598,1.12,1.37
2016.09.21 12:45:26.213,0.97588,0.97599,1.12,2.62
2016.09.21 12:45:26.468,0.97587,0.97599,5.25,2.62
2016.09.21 12:45:27.202,0.97587,0.97599,5.25,2.62
2016.09.21 12:45:27.276,0.97587,0.97598,5.25,1.37
2016.09.21 12:45:27.586,0.97587,0.97597,3.00,1.12
2016.09.21 12:45:27.637,0.97587,0.97597,2.25,1.12
2016.09.21 12:45:27.689,0.97587,0.97597,1.00,1.12
2016.09.21 12:45:27.741,0.97586,0.97597,1.50,1.12
2016.09.21 12:45:27.792,0.97586,0.97597,1.12,1.50
2016.09.21 12:45:28.192,0.97587,0.97598,3.75,1.75
2016.09.21 12:45:28.398,0.97587,0.97598,3.00,1.75
2016.09.21 12:45:28.500,0.97587,0.97598,3.00,1.75
2016.09.21 12:45:28.552,0.97587,0.97599,3.75,1.75
2016.09.21 12:45:28.748,0.97587,0.97598,3.75,1.00
2016.09.21 12:45:28.901,0.97587,0.97598,4.50,1.00
2016.09.21 12:45:28.954,0.97587,0.97598,4.87,1.00
2016.09.21 12:45:29.006,0.97587,0.97598,4.87,1.00
2016.09.21 12:45:29.058,0.97588,0.97598,1.12,1.00
2016.09.21 12:45:29.136,0.97588,0.976,1.87,2.06
2016.09.21 12:45:29.191,0.97589,0.976,1.00,1.87
2016.09.21 12:45:29.294,0.97589,0.976,2.25,1.12
2016.09.21 12:45:29.399,0.97589,0.976,2.62,1.12
2016.09.21 12:45:29.554,0.97589,0.976,1.12,1.87
2016.09.21 12:45:29.707,0.97589,0.976,1.12,1.87
2016.09.21 12:45:29.760,0.97588,0.97599,2.25,1.87
2016.09.21 12:45:29.812,0.97588,0.97599,1.50,1.87
2016.09.21 12:45:29.863,0.97588,0.97599,1.12,1.87
2016.09.21 12:45:29.916,0.97588,0.97599,1.00,1.87
2016.09.21 12:45:29.967,0.97587,0.97598,4.50,1.50
2016.09.21 12:45:30.462,0.97587,0.97598,4.12,1.50
2016.09.21 12:45:30.514,0.97587,0.97598,4.12,1.50
2016.09.21 12:45:30.566,0.97587,0.97598,1.12,1.50
2016.09.21 12:45:31.594,0.97587,0.97598,4.87,1.50
2016.09.21 12:45:31.645,0.97587,0.97598,4.87,1.50
2016.09.21 12:45:31.696,0.97587,0.97599,4.12,2.62
2016.09.21 12:45:32.504,0.97587,0.97599,4.12,2.62
2016.09.21 12:45:32.555,0.97588,0.97599,3.75,1.75
2016.09.21 12:45:32.709,0.97588,0.97599,3.75,1.75
2016.09.21 12:45:32.761,0.97589,0.976,1.00,2.06
2016.09.21 12:45:32.812,0.97589,0.976,1.00,1.87
2016.09.21 12:45:32.864,0.97589,0.97601,1.00,4.12
2016.09.21 12:45:33.068,0.97589,0.976,1.00,1.12
2016.09.21 12:45:33.764,0.97589,0.976,1.00,1.87
2016.09.21 12:45:34.072,0.9759,0.976,1.50,1.87
2016.09.21 12:45:34.472,0.97589,0.976,1.00,1.87
2016.09.21 12:45:34.782,0.97589,0.976,1.00,1.12
2016.09.21 12:45:34.885,0.97589,0.976,1.00,1.87
2016.09.21 12:45:35.329,0.97589,0.976,1.00,1.87
2016.09.21 12:45:35.773,0.97589,0.976,1.00,2.62
2016.09.21 12:45:36.726,0.97589,0.976,1.00,2.62
2016.09.21 12:45:38.225,0.97589,0.976,1.00,2.25
2016.09.21 12:45:38.276,0.97589,0.97599,1.00,1.50
2016.09.21 12:45:38.480,0.97589,0.976,1.00,2.25
2016.09.21 12:45:38.790,0.97588,0.97598,2.62,1.12
2016.09.21 12:45:38.841,0.97588,0.97598,2.62,1.12
2016.09.21 12:45:38.892,0.97588,0.97598,1.87,1.00
2016.09.21 12:45:38.944,0.97588,0.97599,1.50,4.50
2016.09.21 12:45:38.995,0.97588,0.97597,1.50,1.00
2016.09.21 12:45:39.362,0.97587,0.97597,2.25,1.00
2016.09.21 12:45:39.780,0.97587,0.97597,1.50,1.00
2016.09.21 12:45:40.265,0.97587,0.97597,1.00,1.00
2016.09.21 12:45:40.775,0.97587,0.97597,1.50,1.00
2016.09.21 12:45:41.503,0.97587,0.97597,2.25,1.00
2016.09.21 12:45:41.605,0.97587,0.97599,2.25,3.60
2016.09.21 12:45:41.657,0.97587,0.97599,2.62,3.60
2016.09.21 12:45:42.003,0.97588,0.97599,1.50,3.60
2016.09.21 12:45:42.667,0.97588,0.97599,1.50,2.85
2016.09.21 12:45:42.893,0.97588,0.97599,1.50,2.25
2016.09.21 12:45:43.253,0.97588,0.97599,1.50,2.85
2016.09.21 12:45:43.304,0.97588,0.97599,2.25,2.85
2016.09.21 12:45:43.407,0.97588,0.97599,2.25,2.25
2016.09.21 12:45:43.560,0.97588,0.97599,2.25,2.25
2016.09.21 12:45:43.662,0.97588,0.97599,2.62,2.25
2016.09.21 12:45:44.171,0.97588,0.97599,3.37,2.25
2016.09.21 12:45:44.477,0.97588,0.97599,1.87,2.25
2016.09.21 12:45:44.834,0.97588,0.97599,1.87,2.25
2016.09.21 12:45:45.396,0.97589,0.97599,1.00,1.50
2016.09.21 12:45:45.447,0.97589,0.97599,1.00,1.50
2016.09.21 12:45:45.601,0.97589,0.97599,1.50,1.50
2016.09.21 12:45:45.703,0.97589,0.97599,1.00,1.50
2016.09.21 12:45:45.755,0.97589,0.97599,1.00,1.50
2016.09.21 12:45:46.355,0.97589,0.97599,1.00,1.50
2016.09.21 12:45:46.790,0.97589,0.97599,1.50,1.50
2016.09.21 12:45:46.892,0.97589,0.97599,1.00,1.50
2016.09.21 12:45:48.394,0.97589,0.976,1.00,2.62
2016.09.21 12:45:49.471,0.97589,0.976,1.00,3.00
2016.09.21 12:45:49.624,0.97589,0.976,1.00,2.62
2016.09.21 12:45:49.777,0.97589,0.976,1.00,3.00
2016.09.21 12:45:50.410,0.97589,0.976,1.00,2.62
2016.09.21 12:45:50.614,0.97589,0.976,1.00,2.62
2016.09.21 12:45:50.819,0.97589,0.976,1.00,3.00
2016.09.21 12:45:50.870,0.97589,0.976,1.00,2.62
2016.09.21 12:45:50.921,0.97589,0.976,1.00,2.62
2016.09.21 12:45:54.276,0.97589,0.976,1.12,2.62
2016.09.21 12:45:54.378,0.97589,0.976,1.87,1.87
2016.09.21 12:45:54.532,0.97589,0.976,2.62,1.37
2016.09.21 12:45:54.583,0.97589,0.976,3.00,1.37
2016.09.21 12:45:54.685,0.97589,0.976,2.62,1.37
2016.09.21 12:45:54.736,0.97589,0.976,1.87,1.37
2016.09.21 12:45:54.839,0.97589,0.97601,1.87,2.25
2016.09.21 12:45:55.116,0.97589,0.976,1.87,1.37
2016.09.21 12:45:55.423,0.97589,0.97601,1.87,2.25
2016.09.21 12:45:55.474,0.97589,0.97601,1.87,2.25
2016.09.21 12:45:55.849,0.97589,0.976,2.62,1.37
2016.09.21 12:45:56.027,0.9759,0.976,1.00,1.37
2016.09.21 12:45:56.131,0.97589,0.976,3.00,1.37
2016.09.21 12:45:56.182,0.9759,0.976,1.00,1.37
2016.09.21 12:45:56.234,0.9759,0.976,1.50,1.37
2016.09.21 12:45:56.336,0.9759,0.976,2.25,1.37
2016.09.21 12:45:56.439,0.9759,0.976,1.50,1.37
2016.09.21 12:45:56.593,0.9759,0.976,1.00,1.37
2016.09.21 12:45:56.645,0.97589,0.976,3.00,1.37
2016.09.21 12:45:56.735,0.97589,0.976,2.25,1.37
2016.09.21 12:45:56.787,0.97589,0.976,1.50,1.87
2016.09.21 12:45:56.838,0.97589,0.976,2.25,1.87
2016.09.21 12:45:56.889,0.97589,0.976,3.37,1.37
2016.09.21 12:45:56.942,0.9759,0.97599,1.00,1.12
2016.09.21 12:45:56.993,0.9759,0.97599,1.37,1.00
2016.09.21 12:45:57.045,0.97589,0.97599,2.62,1.00
2016.09.21 12:45:57.098,0.9759,0.97599,1.00,1.00
2016.09.21 12:45:57.150,0.9759,0.976,1.50,1.00
2016.09.21 12:45:57.702,0.9759,0.976,1.87,1.00
2016.09.21 12:45:58.064,0.9759,0.976,2.62,1.00
2016.09.21 12:45:58.436,0.9759,0.976,1.87,1.00
2016.09.21 12:45:58.539,0.9759,0.976,2.25,1.00
2016.09.21 12:45:58.642,0.97589,0.97599,2.62,1.00
2016.09.21 12:45:58.693,0.97589,0.97599,2.25,1.00
2016.09.21 12:45:59.783,0.97589,0.976,2.25,1.00
2016.09.21 12:46:00.521,0.97589,0.976,1.87,1.00
2016.09.21 12:46:00.572,0.97589,0.976,1.50,1.12
2016.09.21 12:46:00.623,0.97589,0.976,1.50,1.37
2016.09.21 12:46:01.615,0.97589,0.976,1.87,1.37
2016.09.21 12:46:03.753,0.97589,0.976,1.50,1.37
2016.09.21 12:46:03.813,0.9759,0.976,1.00,1.37
2016.09.21 12:46:03.892,0.9759,0.976,1.50,1.37
2016.09.21 12:46:03.943,0.97591,0.97601,1.00,1.75
2016.09.21 12:46:03.994,0.97591,0.97601,1.00,2.25
2016.09.21 12:46:04.046,0.97591,0.97601,1.87,1.87
2016.09.21 12:46:04.098,0.97591,0.97601,2.25,1.50
2016.09.21 12:46:04.149,0.97591,0.97601,1.87,1.50
2016.09.21 12:46:04.252,0.97591,0.97601,1.37,1.87
2016.09.21 12:46:04.354,0.97591,0.97601,1.50,1.50
2016.09.21 12:46:04.750,0.97591,0.97601,1.00,1.50
2016.09.21 12:46:04.852,0.97591,0.97601,1.00,1.87
2016.09.21 12:46:04.904,0.97591,0.97601,1.00,1.87
2016.09.21 12:46:04.955,0.97591,0.97601,1.00,1.50
2016.09.21 12:46:05.006,0.97591,0.97601,1.00,1.50
2016.09.21 12:46:05.057,0.9759,0.976,2.62,1.00
2016.09.21 12:46:05.261,0.9759,0.97601,1.87,1.87
2016.09.21 12:46:05.313,0.9759,0.97601,1.87,1.87
2016.09.21 12:46:05.452,0.9759,0.97601,3.00,1.50
2016.09.21 12:46:05.503,0.9759,0.97601,3.00,1.50
2016.09.21 12:46:05.572,0.9759,0.97601,3.75,1.50
2016.09.21 12:46:05.624,0.9759,0.97601,4.12,1.50
2016.09.21 12:46:05.828,0.97592,0.97603,3.37,4.87
2016.09.21 12:46:05.879,0.97592,0.97603,3.75,4.50
2016.09.21 12:46:05.930,0.97592,0.97602,3.37,1.69
2016.09.21 12:46:05.981,0.97592,0.97602,3.37,1.62
2016.09.21 12:46:06.033,0.97591,0.97602,2.25,1.87
2016.09.21 12:46:06.162,0.97591,0.97602,2.25,2.25
2016.09.21 12:46:06.214,0.97589,0.97599,1.87,1.12
2016.09.21 12:46:06.266,0.97589,0.97599,1.50,1.12
2016.09.21 12:46:06.379,0.97589,0.97599,1.87,1.12
2016.09.21 12:46:06.430,0.9759,0.97599,1.50,1.12
2016.09.21 12:46:07.652,0.9759,0.97599,3.75,1.12
2016.09.21 12:46:07.703,0.97592,0.97602,3.00,2.25
2016.09.21 12:46:07.754,0.97592,0.97602,3.75,2.25
2016.09.21 12:46:07.856,0.97592,0.97602,3.75,1.87
2016.09.21 12:46:07.958,0.97592,0.97602,4.87,1.12
2016.09.21 12:46:08.077,0.97592,0.97602,5.62,1.12
2016.09.21 12:46:08.129,0.97592,0.97602,5.25,1.12
2016.09.21 12:46:08.852,0.97592,0.97602,6.00,1.12
2016.09.21 12:46:09.220,0.97593,0.97602,1.12,1.12
2016.09.21 12:46:09.271,0.97593,0.97602,1.50,1.12
2016.09.21 12:46:09.323,0.97595,0.97604,1.12,1.75
2016.09.21 12:46:09.374,0.97595,0.97604,1.12,1.37
2016.09.21 12:46:09.426,0.97596,0.97607,1.00,1.75
2016.09.21 12:46:09.477,0.97596,0.97607,1.00,1.50
2016.09.21 12:46:09.528,0.97596,0.97607,3.37,2.25
2016.09.21 12:46:09.579,0.97596,0.97607,4.12,1.87
2016.09.21 12:46:09.631,0.97597,0.97607,1.00,1.12
2016.09.21 12:46:09.836,0.97598,0.97607,1.00,1.12
2016.09.21 12:46:09.939,0.97598,0.97607,3.37,1.00
2016.09.21 12:46:09.990,0.97598,0.97607,4.12,1.00
2016.09.21 12:46:10.042,0.97599,0.97607,1.12,1.00
2016.09.21 12:46:10.145,0.97599,0.97607,1.50,1.00
2016.09.21 12:46:10.342,0.97599,0.97609,1.50,1.00
2016.09.21 12:46:10.444,0.97599,0.97609,1.50,1.50
2016.09.21 12:46:10.495,0.97599,0.97609,1.50,1.87
2016.09.21 12:46:10.615,0.97599,0.97608,1.50,1.00
2016.09.21 12:46:10.718,0.97599,0.97608,1.12,1.00
2016.09.21 12:46:10.769,0.97598,0.97608,5.62,1.00
2016.09.21 12:46:13.057,0.97599,0.97608,1.12,1.00
2016.09.21 12:46:13.108,0.97599,0.97608,4.12,1.00
2016.09.21 12:46:13.312,0.97599,0.97609,4.12,1.87
2016.09.21 12:46:14.129,0.97599,0.97609,3.37,1.50
2016.09.21 12:46:14.269,0.97599,0.97609,3.37,1.12
2016.09.21 12:46:14.371,0.97599,0.97609,4.12,1.50
2016.09.21 12:46:14.474,0.97599,0.97609,3.37,1.12
2016.09.21 12:46:14.576,0.97599,0.97609,4.12,1.50
2016.09.21 12:46:14.627,0.97599,0.97609,3.37,1.12
2016.09.21 12:46:14.679,0.97599,0.9761,3.37,2.25
2016.09.21 12:46:14.790,0.97599,0.9761,3.37,2.62
2016.09.21 12:46:14.842,0.97599,0.9761,3.37,2.47
2016.09.21 12:46:14.893,0.97599,0.9761,4.50,2.47
2016.09.21 12:46:14.944,0.97599,0.9761,4.50,2.47
2016.09.21 12:46:14.995,0.97599,0.9761,4.50,2.85
2016.09.21 12:46:15.334,0.97599,0.9761,5.25,3.07
2016.09.21 12:46:15.385,0.97599,0.9761,5.25,2.70
2016.09.21 12:46:15.599,0.97599,0.97609,5.25,1.00
2016.09.21 12:46:15.650,0.976,0.97609,1.00,1.00
2016.09.21 12:46:15.854,0.976,0.97609,3.75,1.00
2016.09.21 12:46:16.162,0.976,0.9761,3.00,2.62
2016.09.21 12:46:16.213,0.976,0.9761,3.00,3.00
2016.09.21 12:46:16.264,0.976,0.97609,3.75,1.00
2016.09.21 12:46:16.826,0.976,0.97609,1.00,1.00
2016.09.21 12:46:16.877,0.97599,0.97609,7.12,1.00
2016.09.21 12:46:17.443,0.97599,0.97609,7.12,1.00
2016.09.21 12:46:17.494,0.97599,0.97609,4.87,1.00
2016.09.21 12:46:17.545,0.97599,0.97609,4.12,1.00
2016.09.21 12:46:19.322,0.97599,0.97609,4.12,1.12
2016.09.21 12:46:20.096,0.97599,0.97609,4.12,1.00
2016.09.21 12:46:21.406,0.97599,0.97609,4.87,1.00
2016.09.21 12:46:22.102,0.97599,0.97609,5.25,1.00
2016.09.21 12:46:22.153,0.97599,0.9761,4.50,2.25
2016.09.21 12:46:22.358,0.97599,0.9761,6.00,2.81
2016.09.21 12:46:22.409,0.97599,0.9761,7.87,2.06
2016.09.21 12:46:22.461,0.976,0.9761,1.12,1.62
2016.09.21 12:46:22.574,0.976,0.9761,1.12,1.62
2016.09.21 12:46:22.764,0.97601,0.9761,1.00,1.62
2016.09.21 12:46:23.071,0.976,0.9761,2.62,1.00
2016.09.21 12:46:23.471,0.97601,0.9761,1.00,1.62
2016.09.21 12:46:23.576,0.97601,0.97611,1.12,2.62
2016.09.21 12:46:23.628,0.976,0.97611,7.12,2.44
2016.09.21 12:46:24.224,0.976,0.97611,7.87,2.44
2016.09.21 12:46:24.358,0.976,0.97611,7.87,3.19
2016.09.21 12:46:24.460,0.97601,0.97611,1.00,1.12
2016.09.21 12:46:24.511,0.97601,0.97611,1.37,1.12
2016.09.21 12:46:24.562,0.97605,0.97612,3.75,1.37
2016.09.21 12:46:24.613,0.97605,0.97612,3.75,1.00
2016.09.21 12:46:24.716,0.97605,0.97613,3.75,1.12
2016.09.21 12:46:24.818,0.97605,0.97613,3.75,1.00
2016.09.21 12:46:24.870,0.97604,0.97614,1.12,1.12
2016.09.21 12:46:24.921,0.97604,0.97614,1.50,1.00
2016.09.21 12:46:25.624,0.97604,0.97615,1.50,1.87
2016.09.21 12:46:25.676,0.97606,0.97615,1.00,1.12
2016.09.21 12:46:25.728,0.97608,0.97616,1.50,1.50
2016.09.21 12:46:25.779,0.97608,0.97616,1.50,1.12
2016.09.21 12:46:25.831,0.97606,0.97617,1.50,1.12
2016.09.21 12:46:25.882,0.97606,0.97617,1.50,1.12
2016.09.21 12:46:25.934,0.97606,0.97617,1.50,1.50
2016.09.21 12:46:25.986,0.97606,0.97617,1.50,1.50
2016.09.21 12:46:26.037,0.97606,0.97614,1.50,1.12
2016.09.21 12:46:26.089,0.97605,0.97613,1.37,1.50
2016.09.21 12:46:26.140,0.97605,0.97613,1.50,1.50
2016.09.21 12:46:26.239,0.97605,0.97614,1.50,1.87
2016.09.21 12:46:26.293,0.97605,0.97614,1.12,2.25
2016.09.21 12:46:26.345,0.97605,0.97614,1.00,2.25
2016.09.21 12:46:26.396,0.97605,0.97614,1.00,1.87
2016.09.21 12:46:26.499,0.97605,0.97614,1.00,2.62
2016.09.21 12:46:26.652,0.97605,0.97614,1.00,3.00
2016.09.21 12:46:26.753,0.97603,0.97614,1.00,1.87
2016.09.21 12:46:26.930,0.97603,0.97614,1.00,1.50
2016.09.21 12:46:27.033,0.97603,0.97614,1.00,2.62
2016.09.21 12:46:27.425,0.97603,0.97614,1.50,2.62
2016.09.21 12:46:27.476,0.97603,0.97614,2.25,2.62
2016.09.21 12:46:27.733,0.97604,0.97614,1.50,2.62
2016.09.21 12:46:28.041,0.97604,0.97614,1.00,1.50
2016.09.21 12:46:28.092,0.97604,0.97614,1.12,1.50
2016.09.21 12:46:28.143,0.97604,0.97614,1.87,2.25
2016.09.21 12:46:29.031,0.97604,0.97614,2.25,1.87
2016.09.21 12:46:29.894,0.97604,0.97614,2.25,1.12
2016.09.21 12:46:29.945,0.97604,0.97614,2.25,1.87
2016.09.21 12:46:30.136,0.97604,0.97614,1.50,1.87
2016.09.21 12:46:30.188,0.97604,0.97614,1.50,1.12
2016.09.21 12:46:30.240,0.97603,0.97614,3.00,1.12
2016.09.21 12:46:30.292,0.97603,0.97614,3.37,1.12
2016.09.21 12:46:30.598,0.97603,0.97614,3.37,1.87
2016.09.21 12:46:31.342,0.97604,0.97614,2.25,1.00
2016.09.21 12:46:31.394,0.97604,0.97615,2.25,2.25
2016.09.21 12:46:31.649,0.97604,0.97615,2.25,1.50
2016.09.21 12:46:31.701,0.97604,0.97615,2.25,1.12
2016.09.21 12:46:31.752,0.97604,0.97615,1.50,1.12
2016.09.21 12:46:31.803,0.97604,0.97615,1.50,1.12
2016.09.21 12:46:31.901,0.97605,0.97616,1.37,2.25
2016.09.21 12:46:31.954,0.97607,0.97616,3.37,1.00
2016.09.21 12:46:32.056,0.97609,0.97616,1.50,1.00
2016.09.21 12:46:32.363,0.97607,0.97616,3.37,1.00
2016.09.21 12:46:32.414,0.97607,0.97617,3.37,1.50
2016.09.21 12:46:32.516,0.97607,0.97617,3.37,2.47
2016.09.21 12:46:32.568,0.97606,0.97616,1.50,2.10
2016.09.21 12:46:32.619,0.97605,0.97615,4.50,1.00
2016.09.21 12:46:32.670,0.97605,0.97615,4.12,1.00
2016.09.21 12:46:32.768,0.97609,0.97616,4.50,2.25
2016.09.21 12:46:32.820,0.97609,0.97616,4.50,1.50
2016.09.21 12:46:33.025,0.97609,0.97616,4.50,1.00
2016.09.21 12:46:33.076,0.97613,0.97617,4.12,1.12
2016.09.21 12:46:33.128,0.97613,0.97618,4.12,1.50
2016.09.21 12:46:33.180,0.97613,0.97619,3.37,1.87
2016.09.21 12:46:33.282,0.97613,0.97621,3.37,1.31
2016.09.21 12:46:33.333,0.97613,0.97621,3.37,1.69
2016.09.21 12:46:33.385,0.97613,0.97621,4.12,2.62
2016.09.21 12:46:33.437,0.97613,0.97621,4.12,1.87
2016.09.21 12:46:33.753,0.97613,0.97621,4.12,1.69
2016.09.21 12:46:33.920,0.97613,0.97621,4.12,1.31
2016.09.21 12:46:34.296,0.97613,0.97622,4.12,2.44
2016.09.21 12:46:34.347,0.97613,0.97622,4.87,1.50
2016.09.21 12:46:36.073,0.97614,0.97622,2.25,1.50
2016.09.21 12:46:36.124,0.97614,0.97622,2.25,2.25
2016.09.21 12:46:36.176,0.97614,0.97622,2.25,1.87
2016.09.21 12:46:37.146,0.97614,0.97622,1.50,1.87
2016.09.21 12:46:37.704,0.97613,0.97622,3.37,1.87
2016.09.21 12:46:37.912,0.97613,0.97622,3.37,1.87
2016.09.21 12:46:38.171,0.97613,0.97621,3.37,1.00
2016.09.21 12:46:39.228,0.97613,0.97621,2.62,2.25
2016.09.21 12:46:39.279,0.97612,0.97621,1.00,2.62
2016.09.21 12:46:39.332,0.97611,0.9762,1.87,1.12
2016.09.21 12:46:39.384,0.97611,0.9762,1.12,1.12
2016.09.21 12:46:39.436,0.9761,0.9762,1.50,2.25
2016.09.21 12:46:39.593,0.9761,0.9762,2.25,1.50
2016.09.21 12:46:39.952,0.9761,0.9762,2.25,1.37
2016.09.21 12:46:40.055,0.9761,0.9762,2.25,1.50
2016.09.21 12:46:40.107,0.9761,0.9762,1.87,1.50
2016.09.21 12:46:40.323,0.9761,0.9762,1.12,2.25
2016.09.21 12:46:40.374,0.9761,0.97619,1.12,1.12
2016.09.21 12:46:40.436,0.9761,0.97619,1.00,1.50
2016.09.21 12:46:40.489,0.97609,0.97619,1.00,1.87
2016.09.21 12:46:41.258,0.97609,0.97619,1.00,2.25
2016.09.21 12:46:41.361,0.97609,0.97618,1.00,1.12
2016.09.21 12:46:41.413,0.97608,0.97618,1.12,1.87
2016.09.21 12:46:41.464,0.97607,0.97618,1.12,2.25
2016.09.21 12:46:41.516,0.97607,0.97618,1.12,2.25
2016.09.21 12:46:41.567,0.97607,0.97618,1.12,2.62
2016.09.21 12:46:41.670,0.97607,0.97618,1.12,2.25
2016.09.21 12:46:41.928,0.97607,0.97618,1.12,2.25
2016.09.21 12:46:42.083,0.97606,0.97617,6.19,1.00
2016.09.21 12:46:42.339,0.97606,0.97617,6.00,1.00
2016.09.21 12:46:43.002,0.97607,0.97618,1.12,2.62
2016.09.21 12:46:43.465,0.97607,0.97618,1.12,2.25
2016.09.21 12:46:43.776,0.97608,0.97619,1.50,2.62
2016.09.21 12:46:43.828,0.97608,0.97619,1.50,2.62
2016.09.21 12:46:43.880,0.97608,0.97618,1.50,1.00
2016.09.21 12:46:43.932,0.97608,0.97618,1.50,1.00
2016.09.21 12:46:44.034,0.97607,0.97618,1.12,1.50
2016.09.21 12:46:44.340,0.97607,0.97618,1.12,1.50
2016.09.21 12:46:44.442,0.97608,0.97618,1.50,1.00
2016.09.21 12:46:44.548,0.97607,0.97618,1.87,1.50
2016.09.21 12:46:45.936,0.97607,0.97618,2.62,1.50
2016.09.21 12:46:46.803,0.97607,0.97618,3.00,1.13
2016.09.21 12:46:46.854,0.97608,0.97619,1.50,3.10
2016.09.21 12:46:47.058,0.97608,0.97619,1.50,2.35
2016.09.21 12:46:47.160,0.97608,0.97619,1.50,1.97
2016.09.21 12:46:47.624,0.97608,0.97619,1.50,2.35
2016.09.21 12:46:47.778,0.97608,0.97619,1.50,3.00
2016.09.21 12:46:47.881,0.97608,0.97619,1.50,2.62
2016.09.21 12:46:48.086,0.97608,0.97619,1.50,2.25
2016.09.21 12:46:48.388,0.97608,0.97619,1.50,2.25
2016.09.21 12:46:48.440,0.97608,0.97619,1.50,2.25
2016.09.21 12:46:48.695,0.97608,0.97619,1.50,2.62
2016.09.21 12:46:49.104,0.97608,0.97619,1.50,2.25
2016.09.21 12:46:50.555,0.97608,0.97619,2.25,2.25
2016.09.21 12:46:50.606,0.97608,0.97619,2.62,2.25
2016.09.21 12:46:50.723,0.97609,0.97619,1.12,1.00
2016.09.21 12:46:50.775,0.97609,0.97619,1.00,1.37
2016.09.21 12:46:51.341,0.97609,0.9762,1.00,2.25
2016.09.21 12:46:51.720,0.97608,0.9762,1.87,2.25
2016.09.21 12:46:51.771,0.97608,0.97619,1.12,1.37
2016.09.21 12:46:51.928,0.97609,0.97619,1.00,1.37
2016.09.21 12:46:51.979,0.97609,0.9762,1.50,1.12
2016.09.21 12:46:52.031,0.97609,0.9762,2.25,1.12
2016.09.21 12:46:52.082,0.97609,0.9762,3.37,1.12
2016.09.21 12:46:52.184,0.97609,0.9762,3.37,1.12
2016.09.21 12:46:53.058,0.97609,0.97621,3.37,1.62
2016.09.21 12:46:53.740,0.97609,0.9762,3.37,1.12
2016.09.21 12:46:53.842,0.97609,0.9762,1.87,1.12
2016.09.21 12:46:53.893,0.97609,0.9762,1.50,1.12
2016.09.21 12:46:54.461,0.97609,0.9762,2.25,1.12
2016.09.21 12:46:54.564,0.9761,0.9762,6.37,1.12
2016.09.21 12:46:54.615,0.9761,0.9762,6.75,1.12
2016.09.21 12:46:54.667,0.97612,0.97623,1.50,1.87
2016.09.21 12:46:54.776,0.97613,0.97624,1.00,3.19
2016.09.21 12:46:55.033,0.97613,0.97624,1.00,3.56
2016.09.21 12:46:55.290,0.97613,0.97624,1.00,2.81
2016.09.21 12:46:55.392,0.97613,0.97624,1.00,3.56
2016.09.21 12:46:55.609,0.97612,0.97623,1.87,1.75
2016.09.21 12:46:55.795,0.97612,0.97623,1.87,1.75
2016.09.21 12:46:56.406,0.97612,0.97623,1.87,1.75
2016.09.21 12:46:56.827,0.97612,0.97623,1.50,1.75
2016.09.21 12:46:57.601,0.97612,0.97623,1.50,1.75
2016.09.21 12:46:58.112,0.97612,0.97623,1.50,1.75
2016.09.21 12:46:58.470,0.97612,0.97623,1.00,1.75
2016.09.21 12:46:59.458,0.97612,0.97623,1.50,1.75
2016.09.21 12:46:59.509,0.97612,0.97623,1.50,1.75
2016.09.21 12:46:59.561,0.97614,0.97624,1.00,2.00
2016.09.21 12:46:59.613,0.97614,0.97624,1.75,1.75
2016.09.21 12:46:59.679,0.97616,0.97624,1.37,1.75
2016.09.21 12:46:59.806,0.97616,0.97625,1.37,2.25
2016.09.21 12:46:59.960,0.97617,0.97625,1.00,1.50
2016.09.21 12:47:00.011,0.97617,0.97625,1.37,1.50
2016.09.21 12:47:00.062,0.97617,0.97626,2.62,1.87
2016.09.21 12:47:00.165,0.97617,0.97626,2.25,1.75
2016.09.21 12:47:00.216,0.97617,0.97626,2.25,1.50
2016.09.21 12:47:00.267,0.97617,0.97626,1.50,1.00
2016.09.21 12:47:00.318,0.97617,0.97627,1.87,1.50
2016.09.21 12:47:00.370,0.97617,0.97627,3.00,1.12
2016.09.21 12:47:00.580,0.97617,0.97628,3.75,2.62
2016.09.21 12:47:00.631,0.97617,0.97628,4.12,2.25
2016.09.21 12:47:00.786,0.97617,0.97628,3.37,2.25
2016.09.21 12:47:00.889,0.97617,0.97628,3.37,1.50
2016.09.21 12:47:01.248,0.97618,0.97628,1.12,1.00
2016.09.21 12:47:01.300,0.97618,0.97629,1.12,2.62
2016.09.21 12:47:01.417,0.97618,0.97628,1.12,1.00
2016.09.21 12:47:01.883,0.97618,0.97628,1.87,1.00
2016.09.21 12:47:02.183,0.97618,0.97629,1.12,2.62
2016.09.21 12:47:02.286,0.97618,0.97628,1.12,1.00
2016.09.21 12:47:03.260,0.97618,0.97629,1.12,2.25
2016.09.21 12:47:03.515,0.97618,0.97629,1.12,2.25
2016.09.21 12:47:03.617,0.97618,0.97629,1.12,2.25
2016.09.21 12:47:03.770,0.97618,0.97629,1.12,2.62
2016.09.21 12:47:03.873,0.97618,0.97628,1.12,1.00
2016.09.21 12:47:04.003,0.97617,0.97627,3.00,1.12
2016.09.21 12:47:04.054,0.97617,0.97626,2.25,1.00
2016.09.21 12:47:04.105,0.97617,0.97626,1.50,1.00
2016.09.21 12:47:04.157,0.97617,0.97626,1.12,1.12
2016.09.21 12:47:04.208,0.97617,0.97626,1.50,1.12
2016.09.21 12:47:04.468,0.97617,0.97627,1.50,2.25
2016.09.21 12:47:04.519,0.97617,0.97627,1.50,2.25
2016.09.21 12:47:04.570,0.97617,0.97627,1.00,1.50
2016.09.21 12:47:04.707,0.97617,0.97627,1.50,1.50
2016.09.21 12:47:04.758,0.97617,0.97627,1.87,1.12
2016.09.21 12:47:04.862,0.97617,0.97628,2.62,2.62
2016.09.21 12:47:08.533,0.97617,0.97628,2.62,3.22
2016.09.21 12:47:08.584,0.97617,0.97626,1.50,1.50
2016.09.21 12:47:08.636,0.97617,0.97626,1.50,2.25
2016.09.21 12:47:08.688,0.97615,0.97625,1.87,2.62
2016.09.21 12:47:08.740,0.97615,0.97623,1.12,1.37
2016.09.21 12:47:08.845,0.97615,0.97621,1.12,1.00
2016.09.21 12:47:08.941,0.97615,0.97621,1.00,1.37
2016.09.21 12:47:09.452,0.97614,0.97621,1.00,1.37
2016.09.21 12:47:09.662,0.97614,0.97621,1.12,1.37
2016.09.21 12:47:10.377,0.97614,0.9762,1.12,1.00
2016.09.21 12:47:11.289,0.97613,0.9762,1.12,1.00
2016.09.21 12:47:11.392,0.9761,0.9762,2.25,1.50
2016.09.21 12:47:11.444,0.9761,0.9762,1.75,1.50
2016.09.21 12:47:11.495,0.97608,0.97619,3.00,3.00
2016.09.21 12:47:11.559,0.97608,0.97617,1.87,1.00
2016.09.21 12:47:11.613,0.97607,0.97616,1.37,1.37
2016.09.21 12:47:11.665,0.97607,0.97615,1.12,1.37
2016.09.21 12:47:11.716,0.97608,0.97614,1.00,1.00
2016.09.21 12:47:11.768,0.97608,0.97614,1.00,1.37
2016.09.21 12:47:11.921,0.97606,0.97614,2.62,1.37
2016.09.21 12:47:12.294,0.97606,0.97614,3.37,1.37
2016.09.21 12:47:13.496,0.97605,0.97613,1.12,1.00
2016.09.21 12:47:13.547,0.97605,0.97613,1.12,1.37
2016.09.21 12:47:13.599,0.97604,0.97612,1.12,1.50
2016.09.21 12:47:13.650,0.97604,0.97612,1.12,1.87
2016.09.21 12:47:13.702,0.97604,0.97611,1.12,2.81
2016.09.21 12:47:13.753,0.97604,0.9761,1.12,1.00
2016.09.21 12:47:13.804,0.97601,0.97609,1.87,1.00
2016.09.21 12:47:13.856,0.97601,0.97609,1.87,1.50
2016.09.21 12:47:13.958,0.976,0.97609,1.12,1.87
2016.09.21 12:47:14.012,0.97599,0.97608,3.37,1.12
2016.09.21 12:47:14.371,0.97599,0.97608,1.12,1.12
2016.09.21 12:47:14.780,0.97598,0.97608,1.50,1.12
2016.09.21 12:47:15.306,0.97599,0.97608,1.12,1.12
2016.09.21 12:47:15.511,0.97599,0.97609,1.87,1.50
2016.09.21 12:47:15.567,0.97599,0.97609,2.25,1.50
2016.09.21 12:47:15.619,0.97599,0.97609,2.25,1.37
2016.09.21 12:47:16.031,0.97599,0.97609,2.62,1.37
2016.09.21 12:47:16.133,0.97599,0.97609,2.62,1.37
2016.09.21 12:47:16.185,0.97599,0.97609,1.87,1.37
2016.09.21 12:47:16.237,0.97599,0.97609,1.87,1.37
2016.09.21 12:47:16.390,0.97599,0.97609,2.62,1.37
2016.09.21 12:47:16.950,0.976,0.97609,1.50,1.37
2016.09.21 12:47:17.819,0.976,0.97609,1.87,1.37
2016.09.21 12:47:18.345,0.976,0.97609,1.50,1.37
2016.09.21 12:47:19.340,0.976,0.97609,1.87,1.37
2016.09.21 12:47:19.442,0.976,0.97609,1.50,1.37
2016.09.21 12:47:19.544,0.976,0.97609,1.87,1.37
2016.09.21 12:47:20.506,0.976,0.97609,1.50,1.37
2016.09.21 12:47:20.568,0.976,0.97609,1.12,1.37
2016.09.21 12:47:20.670,0.97601,0.97609,1.87,1.37
2016.09.21 12:47:20.722,0.97601,0.9761,1.87,1.12
2016.09.21 12:47:20.773,0.97602,0.9761,1.87,1.12
2016.09.21 12:47:20.824,0.97602,0.9761,1.87,1.37
2016.09.21 12:47:20.978,0.97602,0.9761,1.87,1.37
2016.09.21 12:47:21.183,0.97602,0.9761,2.25,1.37
2016.09.21 12:47:21.234,0.97602,0.9761,2.62,1.37
2016.09.21 12:47:21.438,0.97602,0.9761,2.25,1.37
2016.09.21 12:47:21.847,0.97602,0.9761,2.25,1.37
2016.09.21 12:47:22.532,0.97602,0.9761,2.62,1.37
2016.09.21 12:47:22.583,0.97603,0.9761,1.12,1.37
2016.09.21 12:47:23.912,0.97601,0.9761,1.00,1.37
2016.09.21 12:47:23.963,0.976,0.9761,3.75,1.37
2016.09.21 12:47:24.014,0.976,0.9761,1.12,2.62
2016.09.21 12:47:24.066,0.97599,0.97609,2.25,1.00
2016.09.21 12:47:24.117,0.97598,0.97609,3.75,1.87
2016.09.21 12:47:24.220,0.97598,0.97608,3.37,1.87
2016.09.21 12:47:24.271,0.97598,0.97608,3.37,2.62
2016.09.21 12:47:24.322,0.97598,0.97607,3.37,1.37
2016.09.21 12:47:24.459,0.97598,0.97607,2.62,1.37
2016.09.21 12:47:24.561,0.97598,0.97607,2.62,1.37
2016.09.21 12:47:24.664,0.97598,0.97607,2.62,1.37
2016.09.21 12:47:24.716,0.97598,0.97606,2.62,1.00
2016.09.21 12:47:24.768,0.97598,0.97606,2.62,1.12
2016.09.21 12:47:25.524,0.97598,0.97606,1.12,1.12
2016.09.21 12:47:26.709,0.97598,0.97606,2.62,1.12
2016.09.21 12:47:26.812,0.97598,0.97604,1.00,1.00
2016.09.21 12:47:26.864,0.97596,0.97604,3.00,1.37
2016.09.21 12:47:26.915,0.97596,0.97603,1.87,1.00
2016.09.21 12:47:26.967,0.97596,0.97603,1.12,1.37
2016.09.21 12:47:27.018,0.97594,0.97602,3.19,1.00
2016.09.21 12:47:27.070,0.97594,0.97602,3.19,1.37
2016.09.21 12:47:27.173,0.97594,0.97602,2.44,1.37
2016.09.21 12:47:27.224,0.97594,0.97602,2.81,1.37
2016.09.21 12:47:27.276,0.97595,0.97602,1.00,1.37
2016.09.21 12:47:27.352,0.97594,0.97602,3.94,1.37
2016.09.21 12:47:27.403,0.97595,0.97602,1.12,1.37
2016.09.21 12:47:27.456,0.97596,0.97603,1.00,1.12
2016.09.21 12:47:27.511,0.97596,0.97603,1.50,1.37
2016.09.21 12:47:29.048,0.97596,0.97603,1.00,1.37
2016.09.21 12:47:29.100,0.97595,0.97603,1.87,1.37
2016.09.21 12:47:30.008,0.97595,0.97603,1.12,1.37
2016.09.21 12:47:30.163,0.97593,0.97603,6.19,1.37
2016.09.21 12:47:30.266,0.97593,0.97603,5.25,1.37
2016.09.21 12:47:30.317,0.97593,0.97603,4.50,1.37
2016.09.21 12:47:30.368,0.97593,0.97603,5.25,1.37
2016.09.21 12:47:30.674,0.97593,0.97603,5.25,1.37
2016.09.21 12:47:32.073,0.97593,0.97603,4.87,1.37
2016.09.21 12:47:32.278,0.97593,0.97603,5.25,1.37
2016.09.21 12:47:32.939,0.97593,0.97603,5.25,1.37
2016.09.21 12:47:33.341,0.97593,0.97603,4.50,1.37
2016.09.21 12:47:33.392,0.97593,0.97603,4.50,1.37
2016.09.21 12:47:33.647,0.97595,0.97603,1.12,1.37
2016.09.21 12:47:33.698,0.97595,0.97604,1.12,1.12
2016.09.21 12:47:33.775,0.97595,0.97604,2.62,1.37
2016.09.21 12:47:33.829,0.97596,0.97606,1.50,1.12
2016.09.21 12:47:33.881,0.97596,0.97606,1.50,1.00
2016.09.21 12:47:33.932,0.97596,0.97607,1.50,2.25
2016.09.21 12:47:33.983,0.97596,0.97607,2.25,2.25
2016.09.21 12:47:34.034,0.97596,0.97607,3.00,1.50
2016.09.21 12:47:34.392,0.97596,0.97607,3.00,1.50
2016.09.21 12:47:34.443,0.97599,0.97607,3.75,1.50
2016.09.21 12:47:34.495,0.976,0.97607,1.00,1.50
2016.09.21 12:47:34.595,0.976,0.97607,4.50,1.50
2016.09.21 12:47:34.646,0.97601,0.97607,1.50,1.37
2016.09.21 12:47:34.698,0.97601,0.97608,1.50,1.87
2016.09.21 12:47:34.953,0.97602,0.97608,1.00,1.87
2016.09.21 12:47:35.628,0.97602,0.97608,1.00,1.37
2016.09.21 12:47:35.679,0.97602,0.97609,1.00,1.87
2016.09.21 12:47:36.529,0.97603,0.97609,1.00,1.87
2016.09.21 12:47:36.580,0.97603,0.97609,1.50,1.87
2016.09.21 12:47:36.636,0.97603,0.97609,1.50,1.37
2016.09.21 12:47:36.717,0.97605,0.97609,4.50,1.12
2016.09.21 12:47:36.871,0.97605,0.97609,4.50,1.00
2016.09.21 12:47:37.235,0.97605,0.97609,1.00,1.00
2016.09.21 12:47:37.287,0.97602,0.97609,3.75,1.00
2016.09.21 12:47:37.339,0.976,0.97609,5.62,1.00
2016.09.21 12:47:37.597,0.976,0.97609,4.87,1.50
2016.09.21 12:47:37.755,0.976,0.97607,4.87,1.00
2016.09.21 12:47:37.863,0.976,0.97608,3.75,3.75
2016.09.21 12:47:37.915,0.97599,0.97606,1.00,1.00
2016.09.21 12:47:37.967,0.97599,0.97606,1.00,1.12
2016.09.21 12:47:38.019,0.97599,0.97606,1.00,1.87
2016.09.21 12:47:38.122,0.97599,0.97606,1.00,1.12
2016.09.21 12:47:38.224,0.97599,0.97606,1.00,1.50
2016.09.21 12:47:38.275,0.97599,0.97606,1.00,1.87
2016.09.21 12:47:38.533,0.97598,0.97606,1.25,1.87
2016.09.21 12:47:38.893,0.97597,0.97606,1.87,1.87
2016.09.21 12:47:39.200,0.97597,0.97606,1.12,1.87
2016.09.21 12:47:39.251,0.97596,0.97606,5.81,1.87
2016.09.21 12:47:39.404,0.97596,0.97606,5.44,1.87
2016.09.21 12:47:39.802,0.97596,0.97606,5.44,1.87
2016.09.21 12:47:39.956,0.97599,0.97606,1.00,1.87
2016.09.21 12:47:40.058,0.97599,0.97606,4.87,1.37
2016.09.21 12:47:40.110,0.976,0.97606,3.75,1.37
2016.09.21 12:47:40.161,0.976,0.97606,4.50,1.37
2016.09.21 12:47:40.212,0.976,0.97607,4.50,1.87
2016.09.21 12:47:40.470,0.976,0.97607,4.50,1.37
2016.09.21 12:47:40.522,0.976,0.97608,4.50,1.12
2016.09.21 12:47:40.624,0.976,0.97608,4.50,1.37
2016.09.21 12:47:40.829,0.976,0.97607,4.50,1.12
2016.09.21 12:47:40.880,0.976,0.97607,3.75,1.87
2016.09.21 12:47:40.931,0.97598,0.97607,4.50,3.00
2016.09.21 12:47:40.983,0.97598,0.97607,4.50,3.37
2016.09.21 12:47:41.034,0.97598,0.97607,4.50,3.75
2016.09.21 12:47:41.136,0.97598,0.97607,4.50,4.35
2016.09.21 12:47:41.344,0.97598,0.97607,4.50,3.75
2016.09.21 12:47:41.498,0.97598,0.97607,4.50,2.25
2016.09.21 12:47:41.550,0.97598,0.97607,4.87,1.87
2016.09.21 12:47:41.601,0.97598,0.97607,4.12,1.87
2016.09.21 12:47:41.703,0.97598,0.97607,4.87,1.87
2016.09.21 12:47:42.062,0.97599,0.97607,1.00,1.87
2016.09.21 12:47:42.113,0.97599,0.97607,1.50,1.87
2016.09.21 12:47:44.191,0.97599,0.97606,1.50,1.37
2016.09.21 12:47:44.631,0.97599,0.97604,1.50,1.00
2016.09.21 12:47:44.683,0.97599,0.97604,1.50,1.37
2016.09.21 12:47:45.195,0.97598,0.97604,1.50,1.37
2016.09.21 12:47:46.263,0.97602,0.97606,1.00,1.00
2016.09.21 12:47:46.317,0.97602,0.97608,1.00,1.00
2016.09.21 12:47:46.422,0.97602,0.97609,1.00,1.87
2016.09.21 12:47:46.473,0.97602,0.97609,1.00,1.50
2016.09.21 12:47:46.525,0.97602,0.97609,1.00,1.00
2016.09.21 12:47:46.579,0.97602,0.9761,1.00,2.62
2016.09.21 12:47:46.735,0.97602,0.9761,1.00,1.87
2016.09.21 12:47:47.232,0.97601,0.9761,1.50,1.50
2016.09.21 12:47:47.437,0.97602,0.9761,1.00,1.87
2016.09.21 12:47:47.951,0.97601,0.9761,4.50,1.50
2016.09.21 12:47:49.067,0.97602,0.9761,1.00,1.87
2016.09.21 12:47:50.154,0.97601,0.9761,4.50,1.50
2016.09.21 12:47:50.329,0.97602,0.9761,1.00,1.87
2016.09.21 12:47:50.728,0.97601,0.9761,4.50,1.50
2016.09.21 12:47:52.780,0.97602,0.9761,1.00,1.87
2016.09.21 12:47:52.831,0.97599,0.9761,1.69,2.25
2016.09.21 12:47:52.883,0.97598,0.97609,4.69,1.00
2016.09.21 12:47:52.935,0.97598,0.97608,3.94,1.50
2016.09.21 12:47:53.037,0.97598,0.97607,3.94,1.00
2016.09.21 12:47:53.197,0.97598,0.97607,3.56,2.25
2016.09.21 12:47:53.249,0.97597,0.97606,1.69,1.00
2016.09.21 12:47:53.351,0.97596,0.97606,3.19,1.00
2016.09.21 12:47:53.557,0.97596,0.97606,3.19,1.00
2016.09.21 12:47:53.764,0.97598,0.97606,1.31,1.00
2016.09.21 12:47:53.816,0.97598,0.97607,1.31,1.87
2016.09.21 12:47:53.867,0.97598,0.97607,1.62,1.87
2016.09.21 12:47:53.971,0.97598,0.97607,1.69,1.12
2016.09.21 12:47:54.280,0.97598,0.97607,1.31,1.12
2016.09.21 12:47:54.485,0.97598,0.97607,1.31,1.00
2016.09.21 12:47:54.738,0.97598,0.97608,1.31,1.50
2016.09.21 12:47:55.043,0.97596,0.97608,3.19,1.50
2016.09.21 12:47:55.095,0.97596,0.97608,3.19,1.87
2016.09.21 12:47:55.147,0.97596,0.97606,2.44,1.00
2016.09.21 12:47:55.351,0.97595,0.97606,3.19,1.87
2016.09.21 12:47:55.505,0.97595,0.97606,3.19,1.12
2016.09.21 12:47:55.565,0.97595,0.97606,2.44,1.12
2016.09.21 12:47:55.827,0.97595,0.97607,2.44,2.62
2016.09.21 12:47:55.929,0.97595,0.97607,3.19,2.62
2016.09.21 12:47:56.032,0.97595,0.97607,2.81,1.87
2016.09.21 12:47:56.135,0.97595,0.97607,2.06,1.87
2016.09.21 12:47:56.346,0.97595,0.97606,2.81,1.12
2016.09.21 12:47:56.449,0.97595,0.97607,2.81,1.87
2016.09.21 12:47:56.779,0.97595,0.97607,2.81,2.25
2016.09.21 12:47:56.831,0.97595,0.97606,2.81,1.87
2016.09.21 12:47:56.882,0.97595,0.97606,2.81,2.62
2016.09.21 12:47:56.933,0.97595,0.97606,2.06,2.62
2016.09.21 12:47:56.984,0.97595,0.97606,2.06,3.00
2016.09.21 12:47:57.622,0.97595,0.97602,2.06,1.75
2016.09.21 12:47:57.679,0.97593,0.97601,3.75,1.50
2016.09.21 12:47:57.730,0.97592,0.97599,2.06,1.50
2016.09.21 12:47:57.782,0.97592,0.97599,1.31,1.50
2016.09.21 12:47:57.834,0.97591,0.97599,1.69,1.50
2016.09.21 12:47:57.885,0.97591,0.97598,1.69,1.00
2016.09.21 12:47:57.936,0.97591,0.97598,1.69,1.50
2016.09.21 12:47:57.988,0.97591,0.97598,1.19,1.50
2016.09.21 12:47:58.039,0.97589,0.97598,1.25,1.50
2016.09.21 12:47:58.141,0.97589,0.97598,1.25,1.00
2016.09.21 12:47:58.393,0.97589,0.97598,1.25,1.00
2016.09.21 12:47:58.757,0.97589,0.97598,1.25,1.00
2016.09.21 12:47:58.859,0.97589,0.97599,1.25,2.62
2016.09.21 12:47:58.911,0.97589,0.97598,1.25,1.00
2016.09.21 12:47:59.425,0.97586,0.97597,3.94,1.00
2016.09.21 12:47:59.476,0.97586,0.97596,3.19,1.00
2016.09.21 12:47:59.528,0.97586,0.97596,1.94,1.25
2016.09.21 12:47:59.579,0.97588,0.97596,1.00,1.25
2016.09.21 12:47:59.632,0.97586,0.97592,1.94,1.25
2016.09.21 12:47:59.684,0.97587,0.97592,1.00,1.25
2016.09.21 12:47:59.736,0.97586,0.97591,1.37,1.12
2016.09.21 12:47:59.788,0.97584,0.97591,1.50,1.12
2016.09.21 12:47:59.879,0.97583,0.97589,1.00,1.00
2016.09.21 12:47:59.930,0.97581,0.97589,1.12,1.00
2016.09.21 12:47:59.981,0.97582,0.97589,1.00,1.00
2016.09.21 12:48:00.033,0.9758,0.9759,2.00,1.12
2016.09.21 12:48:00.084,0.97581,0.9759,1.00,1.12
2016.09.21 12:48:00.136,0.9758,0.9759,1.69,1.12
2016.09.21 12:48:00.443,0.9758,0.9759,2.44,1.12
2016.09.21 12:48:00.545,0.9758,0.9759,1.69,1.12
2016.09.21 12:48:00.662,0.9758,0.9759,1.69,1.12
2016.09.21 12:48:00.764,0.9758,0.97591,2.44,3.75
2016.09.21 12:48:00.866,0.9758,0.97591,3.19,2.25
2016.09.21 12:48:01.072,0.9758,0.97591,2.44,1.87
2016.09.21 12:48:01.123,0.9758,0.97591,1.69,1.87
2016.09.21 12:48:01.226,0.9758,0.97591,2.44,1.12
2016.09.21 12:48:01.461,0.9758,0.97591,1.69,1.87
2016.09.21 12:48:01.777,0.9758,0.97591,1.69,1.12
2016.09.21 12:48:01.879,0.9758,0.97592,1.69,2.44
2016.09.21 12:48:02.947,0.9758,0.97592,1.69,2.44
2016.09.21 12:48:03.049,0.97581,0.97592,2.25,1.50
2016.09.21 12:48:03.142,0.97582,0.97592,3.19,1.00
2016.09.21 12:48:03.193,0.97583,0.97593,1.56,1.00
2016.09.21 12:48:03.244,0.97585,0.97595,1.25,1.87
2016.09.21 12:48:03.296,0.97586,0.97595,1.00,1.12
2016.09.21 12:48:03.347,0.97586,0.97595,2.25,1.00
2016.09.21 12:48:03.398,0.97586,0.97596,2.81,1.12
2016.09.21 12:48:03.449,0.97587,0.97596,1.69,1.00
2016.09.21 12:48:03.552,0.97587,0.97596,2.00,1.00
2016.09.21 12:48:03.757,0.97587,0.97599,2.44,2.25
2016.09.21 12:48:04.072,0.97588,0.97599,1.69,1.87
2016.09.21 12:48:04.174,0.97587,0.97599,3.19,1.12
2016.09.21 12:48:04.277,0.97587,0.97599,2.81,1.12
2016.09.21 12:48:04.328,0.97587,0.97599,2.44,1.12
2016.09.21 12:48:04.436,0.97588,0.97599,1.19,1.12
2016.09.21 12:48:04.487,0.97588,0.976,1.69,3.75
2016.09.21 12:48:04.847,0.97588,0.976,1.69,3.00
2016.09.21 12:48:05.051,0.97588,0.976,1.19,3.00
2016.09.21 12:48:05.153,0.97588,0.976,1.19,3.00
2016.09.21 12:48:06.501,0.97588,0.976,1.19,2.62
2016.09.21 12:48:06.552,0.97588,0.976,1.19,2.25
2016.09.21 12:48:06.958,0.97588,0.976,1.69,2.25
2016.09.21 12:48:07.062,0.97588,0.976,1.19,1.87
2016.09.21 12:48:07.164,0.97588,0.976,1.19,2.25
2016.09.21 12:48:08.360,0.97588,0.976,1.19,2.25
2016.09.21 12:48:09.157,0.97588,0.976,5.44,2.25
2016.09.21 12:48:09.564,0.97588,0.976,2.44,2.25
2016.09.21 12:48:09.666,0.97588,0.976,2.44,2.25
2016.09.21 12:48:10.176,0.97588,0.976,1.19,2.25
2016.09.21 12:48:12.271,0.97588,0.976,1.19,3.00
2016.09.21 12:48:12.577,0.97588,0.976,1.19,2.25
2016.09.21 12:48:13.041,0.97588,0.976,1.19,3.75
2016.09.21 12:48:13.196,0.97588,0.97599,1.19,1.00
2016.09.21 12:48:13.299,0.97588,0.97599,1.19,1.37
2016.09.21 12:48:13.401,0.97588,0.97596,1.19,1.00
2016.09.21 12:48:13.504,0.97588,0.97596,1.19,1.00
2016.09.21 12:48:13.556,0.97588,0.97596,1.25,1.00
2016.09.21 12:48:13.607,0.97587,0.97596,2.44,1.00
2016.09.21 12:48:13.659,0.97587,0.97596,1.69,1.00
2016.09.21 12:48:13.768,0.97587,0.97596,2.06,1.00
2016.09.21 12:48:14.137,0.97587,0.97596,1.31,1.00
2016.09.21 12:48:15.500,0.97587,0.97598,1.31,1.87
2016.09.21 12:48:17.009,0.97586,0.97597,8.06,1.12
2016.09.21 12:48:17.419,0.97586,0.97597,8.81,1.12
2016.09.21 12:48:17.471,0.97588,0.97597,1.25,1.12
2016.09.21 12:48:17.522,0.97589,0.97598,1.37,1.37
2016.09.21 12:48:17.574,0.9759,0.97598,1.12,1.37
2016.09.21 12:48:17.659,0.9759,0.976,1.37,1.00
2016.09.21 12:48:17.713,0.97591,0.976,2.81,1.00
2016.09.21 12:48:17.765,0.97591,0.97601,1.69,1.95
2016.09.21 12:48:17.817,0.97591,0.97602,2.44,2.40
2016.09.21 12:48:17.869,0.97592,0.97602,1.50,1.50
2016.09.21 12:48:17.920,0.97592,0.97603,2.25,2.25
2016.09.21 12:48:17.972,0.97592,0.97603,2.62,2.25
2016.09.21 12:48:18.024,0.97592,0.97603,2.62,1.87
2016.09.21 12:48:18.075,0.97592,0.97603,2.62,3.37
2016.09.21 12:48:18.332,0.97592,0.97603,2.62,3.00
2016.09.21 12:48:18.383,0.97592,0.97603,2.62,2.25
2016.09.21 12:48:18.736,0.97592,0.97603,4.12,2.25
2016.09.21 12:48:18.787,0.97592,0.97603,3.37,1.50
2016.09.21 12:48:18.995,0.97592,0.97603,3.37,1.50
2016.09.21 12:48:19.201,0.97592,0.97603,2.62,1.50
2016.09.21 12:48:19.304,0.97592,0.97603,3.37,1.50
2016.09.21 12:48:19.554,0.97592,0.97603,4.12,1.50
2016.09.21 12:48:20.177,0.97592,0.97603,3.37,1.50
2016.09.21 12:48:20.228,0.97592,0.97603,4.31,1.50
2016.09.21 12:48:20.279,0.97595,0.97604,1.31,1.00
2016.09.21 12:48:20.331,0.97595,0.97604,1.56,1.00
2016.09.21 12:48:20.398,0.97595,0.97607,1.56,4.12
2016.09.21 12:48:20.451,0.97595,0.97605,1.94,1.00
2016.09.21 12:48:20.503,0.97595,0.97605,1.94,1.00
2016.09.21 12:48:20.564,0.97597,0.97605,1.50,1.00
2016.09.21 12:48:20.615,0.97598,0.97605,1.00,1.00
2016.09.21 12:48:20.667,0.97598,0.97609,1.69,4.12
2016.09.21 12:48:20.718,0.97598,0.97609,2.81,3.75
2016.09.21 12:48:20.769,0.97598,0.97609,3.94,3.00
2016.09.21 12:48:20.820,0.97598,0.97609,3.19,3.00
2016.09.21 12:48:20.871,0.97598,0.97609,3.19,1.12
2016.09.21 12:48:21.024,0.97598,0.97609,3.19,1.12
2016.09.21 12:48:21.494,0.97598,0.97609,2.44,1.12
2016.09.21 12:48:21.596,0.97599,0.9761,1.69,2.25
2016.09.21 12:48:21.699,0.97599,0.9761,1.69,2.25
2016.09.21 12:48:21.751,0.97599,0.9761,1.69,1.87
2016.09.21 12:48:21.803,0.97599,0.9761,2.00,1.87
2016.09.21 12:48:21.855,0.97599,0.9761,2.00,1.50
2016.09.21 12:48:21.958,0.97599,0.9761,2.00,1.87
2016.09.21 12:48:22.010,0.97599,0.9761,2.00,1.87
2016.09.21 12:48:22.061,0.976,0.9761,1.00,2.62
2016.09.21 12:48:22.170,0.97601,0.9761,1.12,2.25
2016.09.21 12:48:22.223,0.976,0.9761,1.00,1.87
2016.09.21 12:48:22.276,0.97599,0.9761,6.19,2.62
2016.09.21 12:48:22.327,0.97599,0.9761,6.19,2.62
2016.09.21 12:48:23.481,0.97599,0.9761,5.44,2.25
2016.09.21 12:48:23.532,0.97599,0.9761,5.06,2.25
2016.09.21 12:48:23.851,0.97601,0.9761,1.00,2.62
2016.09.21 12:48:23.953,0.97601,0.9761,1.50,2.62
2016.09.21 12:48:24.459,0.97601,0.9761,1.87,1.50
2016.09.21 12:48:24.511,0.97601,0.97611,1.87,3.00
2016.09.21 12:48:24.563,0.97602,0.97611,1.00,1.50
2016.09.21 12:48:24.614,0.97603,0.97611,1.00,1.00
2016.09.21 12:48:24.666,0.97606,0.97613,1.00,1.87
2016.09.21 12:48:24.719,0.97606,0.97613,1.00,1.50
2016.09.21 12:48:24.770,0.97606,0.97615,2.25,1.87
2016.09.21 12:48:24.822,0.97606,0.97615,2.25,1.00
2016.09.21 12:48:24.874,0.97606,0.97616,2.81,1.87
2016.09.21 12:48:24.928,0.97607,0.97616,1.62,1.12
2016.09.21 12:48:24.980,0.97607,0.97616,1.69,1.12
2016.09.21 12:48:25.212,0.97607,0.97616,1.69,1.12
2016.09.21 12:48:25.315,0.97607,0.97617,1.69,1.37
2016.09.21 12:48:25.621,0.97607,0.97617,1.69,1.37
2016.09.21 12:48:25.774,0.97607,0.97617,2.44,1.37
2016.09.21 12:48:25.825,0.97607,0.97617,3.19,1.37
2016.09.21 12:48:26.097,0.97607,0.97618,2.44,1.87
2016.09.21 12:48:26.148,0.97607,0.97618,2.44,1.50
2016.09.21 12:48:27.165,0.97608,0.97617,4.12,1.12
2016.09.21 12:48:27.263,0.97608,0.97617,4.12,1.12
2016.09.21 12:48:27.317,0.97608,0.97617,4.12,1.72
2016.09.21 12:48:27.420,0.97608,0.97617,4.12,2.47
2016.09.21 12:48:27.472,0.97608,0.97617,4.12,1.87
2016.09.21 12:48:27.778,0.97608,0.97617,4.12,2.47
2016.09.21 12:48:27.829,0.97608,0.97617,4.12,3.22
2016.09.21 12:48:27.880,0.97608,0.97617,4.12,2.47
2016.09.21 12:48:27.931,0.97608,0.97617,4.12,1.87
2016.09.21 12:48:27.982,0.97608,0.97617,4.12,1.12
2016.09.21 12:48:28.136,0.97608,0.97617,4.50,1.00
2016.09.21 12:48:28.306,0.97608,0.97618,4.50,2.25
2016.09.21 12:48:28.916,0.97608,0.97618,4.50,1.87
2016.09.21 12:48:30.096,0.97608,0.97618,4.50,1.12
2016.09.21 12:48:30.249,0.97608,0.97618,4.50,1.12
2016.09.21 12:48:30.653,0.97608,0.97618,3.75,1.12
2016.09.21 12:48:30.757,0.97608,0.97618,4.50,1.12
2016.09.21 12:48:30.809,0.97608,0.97618,4.50,1.87
2016.09.21 12:48:31.014,0.97608,0.97618,4.50,2.25
2016.09.21 12:48:31.065,0.97608,0.97618,4.12,2.25
2016.09.21 12:48:31.164,0.97608,0.97618,4.12,1.50
2016.09.21 12:48:31.319,0.97608,0.97617,4.12,1.12
2016.09.21 12:48:32.842,0.97608,0.97617,1.00,2.10
2016.09.21 12:48:32.893,0.97606,0.97611,1.87,1.25
2016.09.21 12:48:32.945,0.97606,0.97611,1.37,1.25
2016.09.21 12:48:33.015,0.97605,0.9761,1.00,1.50
2016.09.21 12:48:33.169,0.976,0.9761,2.81,1.12
2016.09.21 12:48:33.271,0.97601,0.9761,1.31,1.50
2016.09.21 12:48:33.373,0.97601,0.9761,1.31,1.50
2016.09.21 12:48:33.577,0.97601,0.9761,1.31,1.00
2016.09.21 12:48:33.629,0.97601,0.9761,1.31,1.00
2016.09.21 12:48:33.732,0.97601,0.9761,1.31,1.00
2016.09.21 12:48:33.890,0.976,0.9761,2.44,1.00
2016.09.21 12:48:34.044,0.976,0.9761,3.19,1.00
2016.09.21 12:48:34.099,0.97603,0.97611,1.19,1.12
2016.09.21 12:48:34.151,0.97603,0.97613,3.94,1.12
2016.09.21 12:48:34.204,0.97606,0.97614,1.00,1.37
2016.09.21 12:48:34.256,0.97606,0.97614,1.00,1.00
2016.09.21 12:48:34.307,0.97606,0.97615,1.37,1.50
2016.09.21 12:48:34.359,0.97606,0.97615,1.75,1.12
2016.09.21 12:48:34.410,0.97606,0.97615,1.75,1.00
2016.09.21 12:48:34.568,0.97606,0.97616,1.75,1.00
2016.09.21 12:48:34.619,0.97606,0.97616,1.75,1.50
2016.09.21 12:48:34.671,0.97606,0.97615,1.75,1.00
2016.09.21 12:48:34.876,0.97606,0.97616,1.94,1.00
2016.09.21 12:48:34.928,0.97606,0.97617,1.94,1.50
2016.09.21 12:48:35.133,0.97606,0.97617,1.94,1.00
2016.09.21 12:48:35.342,0.97606,0.97618,1.94,3.75
2016.09.21 12:48:35.396,0.97606,0.97618,1.94,3.37
2016.09.21 12:48:35.550,0.97606,0.97618,1.94,3.37
2016.09.21 12:48:35.755,0.97606,0.97618,3.19,2.62
2016.09.21 12:48:35.806,0.97606,0.97618,3.19,1.12
2016.09.21 12:48:35.857,0.97608,0.97618,1.31,1.12
2016.09.21 12:48:35.909,0.97608,0.97618,1.69,1.12
2016.09.21 12:48:35.960,0.97608,0.97618,1.69,1.00
2016.09.21 12:48:36.114,0.97606,0.97618,3.56,1.00
2016.09.21 12:48:36.166,0.97606,0.97618,3.56,1.12
2016.09.21 12:48:36.371,0.97606,0.97619,3.56,4.87
2016.09.21 12:48:36.525,0.97606,0.97619,3.19,4.87
2016.09.21 12:48:36.576,0.97606,0.97619,3.94,4.87
2016.09.21 12:48:36.627,0.97606,0.97619,3.94,4.12
2016.09.21 12:48:36.678,0.97607,0.97619,1.69,4.12
2016.09.21 12:48:36.729,0.97608,0.97619,1.25,3.75
2016.09.21 12:48:36.781,0.97607,0.97619,1.94,3.75
2016.09.21 12:48:36.832,0.97607,0.97619,1.94,3.75
2016.09.21 12:48:36.985,0.97606,0.97618,5.44,1.00
2016.09.21 12:48:37.081,0.97607,0.97618,1.94,1.00
2016.09.21 12:48:37.133,0.97607,0.97618,1.94,1.50
2016.09.21 12:48:37.337,0.97607,0.97618,2.06,1.50
2016.09.21 12:48:37.398,0.97609,0.97618,1.00,1.00
2016.09.21 12:48:37.450,0.97609,0.97619,1.00,1.12
2016.09.21 12:48:37.501,0.97608,0.97619,3.19,1.50
2016.09.21 12:48:37.553,0.9761,0.97619,1.31,1.00
2016.09.21 12:48:37.604,0.9761,0.97619,1.31,1.12
2016.09.21 12:48:37.707,0.9761,0.97619,1.31,1.12
2016.09.21 12:48:37.818,0.97609,0.97619,1.69,1.12
2016.09.21 12:48:37.922,0.97609,0.97619,1.69,1.87
2016.09.21 12:48:38.283,0.97609,0.97619,1.50,1.87
2016.09.21 12:48:38.334,0.97609,0.97619,1.37,1.87
2016.09.21 12:48:38.386,0.97609,0.97619,1.12,2.25
2016.09.21 12:48:38.636,0.97609,0.97618,1.12,1.00
2016.09.21 12:48:38.687,0.97609,0.97618,1.12,1.50
2016.09.21 12:48:38.841,0.97608,0.97618,1.69,1.50
2016.09.21 12:48:39.726,0.97608,0.97618,1.69,1.50
2016.09.21 12:48:39.931,0.97608,0.97618,1.69,2.25
2016.09.21 12:48:40.238,0.97608,0.97618,1.69,2.25
2016.09.21 12:48:40.964,0.97608,0.97618,1.69,3.00
2016.09.21 12:48:41.016,0.97607,0.97617,2.06,1.00
2016.09.21 12:48:41.220,0.97607,0.97616,1.94,1.00
2016.09.21 12:48:41.339,0.97607,0.97618,1.69,2.25
2016.09.21 12:48:41.390,0.97607,0.97618,1.69,2.62
2016.09.21 12:48:41.849,0.97607,0.97617,1.69,1.50
2016.09.21 12:48:41.902,0.97607,0.97617,1.50,3.37
2016.09.21 12:48:41.953,0.97607,0.97617,1.37,3.37
2016.09.21 12:48:42.004,0.97607,0.97615,1.12,1.00
2016.09.21 12:48:42.056,0.97606,0.97615,2.44,1.00
2016.09.21 12:48:42.115,0.97606,0.97615,2.44,1.00
2016.09.21 12:48:42.319,0.97605,0.97616,1.94,1.50
2016.09.21 12:48:42.371,0.97605,0.97616,1.94,1.50
2016.09.21 12:48:42.423,0.97605,0.97616,1.69,1.50
2016.09.21 12:48:42.526,0.97605,0.97616,1.69,1.87
2016.09.21 12:48:42.680,0.97605,0.97615,1.69,1.00
2016.09.21 12:48:43.198,0.97605,0.97614,1.69,1.00
2016.09.21 12:48:43.658,0.97605,0.97616,1.69,1.87
2016.09.21 12:48:44.051,0.97605,0.97616,1.69,1.87
2016.09.21 12:48:44.103,0.97605,0.97616,2.44,1.87
2016.09.21 12:48:44.718,0.97605,0.97616,2.44,1.12
2016.09.21 12:48:45.448,0.97605,0.97616,2.44,1.87
2016.09.21 12:48:45.653,0.97605,0.97616,2.44,1.12
2016.09.21 12:48:46.488,0.97605,0.97616,1.69,2.47
2016.09.21 12:48:46.539,0.97605,0.97615,1.69,1.00
2016.09.21 12:48:46.692,0.97605,0.97614,1.69,1.00
2016.09.21 12:48:46.796,0.97605,0.97615,1.69,1.50
2016.09.21 12:48:46.911,0.97605,0.97614,1.69,1.00
2016.09.21 12:48:46.962,0.97605,0.97614,1.69,1.00
2016.09.21 12:48:47.065,0.97606,0.97614,1.31,1.00
2016.09.21 12:48:47.167,0.97606,0.97615,2.44,1.00
2016.09.21 12:48:47.922,0.97606,0.97617,2.44,1.12
2016.09.21 12:48:48.126,0.97606,0.97617,2.44,1.12
2016.09.21 12:48:48.229,0.97606,0.97617,2.44,1.87
2016.09.21 12:48:51.447,0.97606,0.97617,2.44,1.12
2016.09.21 12:48:51.550,0.97606,0.97617,2.44,1.87
2016.09.21 12:48:52.771,0.97606,0.97617,2.44,1.12
2016.09.21 12:48:52.925,0.97606,0.97617,2.44,1.87
2016.09.21 12:48:55.196,0.97606,0.97617,1.69,4.72
2016.09.21 12:48:55.247,0.97606,0.97615,1.69,1.00
2016.09.21 12:48:55.299,0.97606,0.97613,1.69,1.87
2016.09.21 12:48:55.351,0.97604,0.97611,3.00,1.00
2016.09.21 12:48:55.438,0.97604,0.97611,2.25,2.62
2016.09.21 12:48:55.494,0.97604,0.9761,2.25,1.50
2016.09.21 12:48:55.574,0.97602,0.97609,1.00,1.50
2016.09.21 12:48:55.625,0.97603,0.97609,1.00,1.87
2016.09.21 12:48:55.677,0.97603,0.97608,1.00,1.00
2016.09.21 12:48:56.033,0.97599,0.97608,1.69,1.00
2016.09.21 12:48:56.490,0.97599,0.9761,1.69,2.25
2016.09.21 12:48:56.542,0.97599,0.9761,1.69,4.12
2016.09.21 12:48:56.593,0.97599,0.9761,1.69,4.87
2016.09.21 12:48:57.051,0.97599,0.97609,1.69,1.12
2016.09.21 12:48:57.154,0.97598,0.97607,1.94,1.00
2016.09.21 12:48:57.205,0.97598,0.97607,1.94,1.00
2016.09.21 12:48:57.257,0.97597,0.97608,4.31,2.25
2016.09.21 12:48:57.360,0.97597,0.97608,3.56,1.87
2016.09.21 12:48:57.516,0.97597,0.97608,3.56,2.62
2016.09.21 12:48:57.618,0.97597,0.97608,3.56,1.87
2016.09.21 12:48:57.670,0.97597,0.97608,3.56,1.12
2016.09.21 12:48:57.721,0.97597,0.97608,3.19,1.12
2016.09.21 12:48:57.823,0.97597,0.97608,2.44,1.12
2016.09.21 12:48:58.232,0.97597,0.97608,2.44,1.87
2016.09.21 12:48:58.545,0.97597,0.97608,2.44,1.12
2016.09.21 12:48:58.749,0.97597,0.97608,2.44,1.87
2016.09.21 12:48:59.733,0.97597,0.97606,2.44,1.00
2016.09.21 12:48:59.887,0.97597,0.97606,1.69,1.00
2016.09.21 12:48:59.938,0.97597,0.97604,1.69,1.00
2016.09.21 12:48:59.990,0.97596,0.97604,2.81,1.00
2016.09.21 12:49:00.041,0.97596,0.97604,1.69,1.00
2016.09.21 12:49:00.092,0.97596,0.97604,1.31,1.00
2016.09.21 12:49:00.291,0.97596,0.97604,1.69,1.00
2016.09.21 12:49:00.342,0.97595,0.97604,1.94,1.00
2016.09.21 12:49:00.495,0.97595,0.97604,1.94,1.00
2016.09.21 12:49:00.568,0.97595,0.97605,1.94,3.00
2016.09.21 12:49:00.913,0.97596,0.97605,1.69,1.50
2016.09.21 12:49:00.966,0.97596,0.97606,3.19,1.50
2016.09.21 12:49:01.018,0.97596,0.97606,3.94,1.00
2016.09.21 12:49:01.120,0.97596,0.97606,3.94,1.00
2016.09.21 12:49:01.172,0.97598,0.97607,1.12,1.50
2016.09.21 12:49:01.223,0.97599,0.97607,1.00,1.00
2016.09.21 12:49:01.275,0.976,0.97607,1.25,1.12
2016.09.21 12:49:01.326,0.976,0.97607,1.25,1.12
2016.09.21 12:49:01.378,0.97599,0.97607,1.19,1.00
2016.09.21 12:49:01.429,0.97599,0.97607,1.19,1.00
2016.09.21 12:49:01.481,0.97599,0.97609,1.94,1.12
2016.09.21 12:49:01.641,0.97599,0.97609,3.19,1.12
2016.09.21 12:49:01.693,0.976,0.97611,2.44,1.12
2016.09.21 12:49:01.745,0.976,0.97612,4.69,3.00
2016.09.21 12:49:01.796,0.976,0.9761,3.19,1.00
2016.09.21 12:49:01.848,0.97601,0.9761,2.00,1.00
2016.09.21 12:49:01.900,0.97601,0.97612,2.44,1.12
2016.09.21 12:49:01.951,0.97601,0.97612,2.00,1.12
2016.09.21 12:49:02.002,0.97601,0.97612,2.06,1.12
2016.09.21 12:49:02.054,0.97601,0.97612,2.06,1.12
2016.09.21 12:49:03.188,0.97601,0.97611,2.06,1.00
2016.09.21 12:49:03.240,0.97601,0.97611,1.87,2.06
2016.09.21 12:49:03.321,0.97601,0.9761,1.12,1.12
2016.09.21 12:49:03.386,0.97601,0.97608,1.00,1.00
2016.09.21 12:49:03.437,0.97599,0.97608,1.94,1.00
2016.09.21 12:49:03.489,0.97598,0.97609,2.06,2.25
2016.09.21 12:49:03.540,0.976,0.97609,1.31,1.87
2016.09.21 12:49:03.593,0.976,0.97609,1.25,2.62
2016.09.21 12:49:03.645,0.976,0.97606,1.25,1.00
2016.09.21 12:49:03.800,0.976,0.97604,1.00,1.00
2016.09.21 12:49:03.953,0.97598,0.97604,1.31,1.00
2016.09.21 12:49:04.072,0.97597,0.97605,1.31,1.50
2016.09.21 12:49:04.123,0.97598,0.97605,1.25,1.50
2016.09.21 12:49:04.378,0.97598,0.97603,1.25,1.00
2016.09.21 12:49:04.481,0.97598,0.97602,1.00,1.50
2016.09.21 12:49:04.584,0.97595,0.97599,1.00,1.00
2016.09.21 12:49:04.696,0.97595,0.97599,1.00,1.50
2016.09.21 12:49:04.748,0.97596,0.97602,1.00,3.56
2016.09.21 12:49:04.815,0.97591,0.97599,1.31,1.50
2016.09.21 12:49:04.918,0.97595,0.97599,1.00,1.50
2016.09.21 12:49:05.021,0.97591,0.97599,1.31,1.50
2016.09.21 12:49:05.073,0.97591,0.97599,1.31,1.00
2016.09.21 12:49:05.124,0.97591,0.976,2.81,1.00
2016.09.21 12:49:05.227,0.97591,0.976,1.31,1.00
2016.09.21 12:49:05.596,0.9759,0.976,3.19,1.00
2016.09.21 12:49:05.752,0.9759,0.97601,3.19,1.87
2016.09.21 12:49:05.908,0.9759,0.97601,3.19,1.87
2016.09.21 12:49:05.959,0.9759,0.97601,3.19,1.87
2016.09.21 12:49:06.011,0.9759,0.97601,3.19,1.87
2016.09.21 12:49:06.062,0.9759,0.976,3.19,1.00
2016.09.21 12:49:06.175,0.9759,0.976,3.19,1.12
2016.09.21 12:49:06.233,0.9759,0.976,1.69,1.87
2016.09.21 12:49:06.285,0.9759,0.97599,1.69,1.00
2016.09.21 12:49:06.336,0.9759,0.97599,1.69,1.00
2016.09.21 12:49:06.387,0.9759,0.97599,1.69,1.00
2016.09.21 12:49:06.439,0.9759,0.97599,1.69,1.00
2016.09.21 12:49:06.490,0.97589,0.97601,2.06,2.62
2016.09.21 12:49:06.541,0.97589,0.97601,2.06,1.87
2016.09.21 12:49:06.643,0.9759,0.97601,1.69,1.87
2016.09.21 12:49:06.694,0.9759,0.97601,1.69,1.87
2016.09.21 12:49:06.746,0.9759,0.97601,1.69,1.87
2016.09.21 12:49:06.797,0.97591,0.97601,1.31,1.12
2016.09.21 12:49:06.872,0.97591,0.97601,1.12,1.12
2016.09.21 12:49:06.924,0.97591,0.97602,2.17,2.25
2016.09.21 12:49:06.975,0.97591,0.97602,4.24,2.25
2016.09.21 12:49:07.026,0.97592,0.97602,2.44,1.50
2016.09.21 12:49:07.078,0.97594,0.97603,1.00,3.00
2016.09.21 12:49:07.129,0.97594,0.97603,1.69,2.25
2016.09.21 12:49:07.180,0.97594,0.97603,1.69,1.12
2016.09.21 12:49:07.283,0.97594,0.97603,2.44,1.00
2016.09.21 12:49:07.699,0.97595,0.97603,2.00,1.00
2016.09.21 12:49:07.815,0.97595,0.97603,2.06,1.00
2016.09.21 12:49:09.811,0.97594,0.97603,3.56,1.00
2016.09.21 12:49:09.864,0.97594,0.97603,2.81,1.00
2016.09.21 12:49:09.915,0.97594,0.97603,2.44,1.00
2016.09.21 12:49:09.967,0.97595,0.97603,2.00,1.00
2016.09.21 12:49:10.173,0.97595,0.97603,1.94,1.00
2016.09.21 12:49:11.906,0.97595,0.97603,1.94,1.50
2016.09.21 12:49:11.958,0.97595,0.97602,1.75,2.44
2016.09.21 12:49:12.009,0.97594,0.97602,1.12,3.19
2016.09.21 12:49:12.061,0.97592,0.97602,1.31,3.19
2016.09.21 12:49:12.113,0.97591,0.97599,1.31,1.00
2016.09.21 12:49:12.165,0.97591,0.97599,1.31,1.50
2016.09.21 12:49:12.217,0.97591,0.97598,1.31,1.00
2016.09.21 12:49:12.268,0.97591,0.97598,1.31,1.00
2016.09.21 12:49:13.590,0.97591,0.976,1.31,1.87
2016.09.21 12:49:13.694,0.97591,0.97601,2.44,1.00
2016.09.21 12:49:13.747,0.97591,0.97601,3.94,1.00
2016.09.21 12:49:13.798,0.97591,0.97601,4.69,1.00
2016.09.21 12:49:13.849,0.97591,0.97601,6.19,1.00
2016.09.21 12:49:13.952,0.97591,0.97601,5.44,1.00
2016.09.21 12:49:14.054,0.97591,0.97601,3.94,1.00
2016.09.21 12:49:14.491,0.97591,0.97602,3.94,1.00
2016.09.21 12:49:14.851,0.97591,0.97602,4.69,1.00
2016.09.21 12:49:15.603,0.97591,0.97602,3.94,1.50
2016.09.21 12:49:15.705,0.97592,0.97602,1.62,1.00
2016.09.21 12:49:17.451,0.97592,0.97602,1.62,1.00
2016.09.21 12:49:17.556,0.97592,0.97602,1.62,1.50
2016.09.21 12:49:17.660,0.97592,0.97602,1.62,1.50
2016.09.21 12:49:17.968,0.97592,0.97602,1.62,1.50
2016.09.21 12:49:18.070,0.97592,0.97602,1.62,2.44
2016.09.21 12:49:18.121,0.97591,0.97601,2.81,1.12
2016.09.21 12:49:18.173,0.97591,0.97601,1.69,1.00
2016.09.21 12:49:18.647,0.97591,0.976,1.19,1.00
2016.09.21 12:49:19.005,0.97591,0.976,1.00,1.00
2016.09.21 12:49:19.107,0.9759,0.976,2.25,1.00
2016.09.21 12:49:19.158,0.9759,0.976,1.50,1.00
2016.09.21 12:49:19.466,0.9759,0.97599,1.50,1.00
2016.09.21 12:49:19.518,0.9759,0.97599,1.50,1.00
2016.09.21 12:49:19.673,0.9759,0.97599,1.50,1.50
2016.09.21 12:49:19.724,0.97589,0.97599,2.00,1.50
2016.09.21 12:49:19.775,0.97589,0.97599,2.00,1.50
2016.09.21 12:49:19.961,0.97589,0.97599,2.00,1.50
2016.09.21 12:49:20.013,0.97589,0.97599,2.00,1.00
2016.09.21 12:49:20.166,0.9759,0.97599,2.25,1.00
2016.09.21 12:49:20.217,0.9759,0.97599,2.25,1.00
2016.09.21 12:49:20.268,0.97596,0.976,4.50,1.50
2016.09.21 12:49:20.346,0.97596,0.976,3.75,1.50
2016.09.21 12:49:20.400,0.97596,0.97601,3.75,1.00
2016.09.21 12:49:20.452,0.97596,0.97601,4.50,1.00
2016.09.21 12:49:22.123,0.97596,0.97601,4.50,1.50
2016.09.21 12:49:22.481,0.97596,0.97601,1.50,1.00
2016.09.21 12:49:22.584,0.97596,0.97601,1.00,1.00
2016.09.21 12:49:22.696,0.97594,0.97602,4.12,1.00
2016.09.21 12:49:22.748,0.97594,0.97602,4.50,1.00
2016.09.21 12:49:22.902,0.97595,0.97602,1.12,1.00
2016.09.21 12:49:22.955,0.97596,0.97602,3.02,1.00
2016.09.21 12:49:23.006,0.97597,0.97605,1.00,1.12
2016.09.21 12:49:23.058,0.97597,0.97605,1.69,1.00
2016.09.21 12:49:23.109,0.97597,0.97606,2.06,1.12
2016.09.21 12:49:23.160,0.97597,0.97606,6.19,1.00
2016.09.21 12:49:23.262,0.97598,0.97606,1.69,1.00
2016.09.21 12:49:23.466,0.97598,0.97607,2.44,1.00
2016.09.21 12:49:23.560,0.97598,0.97608,1.69,2.25
2016.09.21 12:49:23.613,0.97597,0.97607,3.19,1.00
2016.09.21 12:49:23.665,0.97598,0.97607,3.94,1.00
2016.09.21 12:49:23.974,0.97597,0.97607,6.19,1.00
2016.09.21 12:49:24.280,0.97597,0.97607,6.19,1.00
2016.09.21 12:49:24.382,0.97598,0.97607,3.94,1.00
2016.09.21 12:49:24.434,0.97598,0.97607,4.69,1.00
2016.09.21 12:49:26.484,0.97598,0.97607,5.44,1.00
2016.09.21 12:49:26.882,0.97598,0.97606,4.69,1.00
2016.09.21 12:49:26.933,0.97598,0.97606,3.37,1.50
2016.09.21 12:49:26.998,0.97597,0.97606,3.94,1.50
2016.09.21 12:49:27.114,0.97596,0.97604,3.19,1.60
2016.09.21 12:49:27.166,0.97596,0.97602,3.19,1.00
2016.09.21 12:49:27.219,0.97596,0.97601,1.87,1.50
2016.09.21 12:49:27.271,0.97596,0.97601,1.00,1.50
2016.09.21 12:49:27.324,0.97595,0.97599,1.00,1.50
2016.09.21 12:49:27.427,0.97595,0.97599,1.00,1.00
2016.09.21 12:49:27.858,0.97595,0.976,1.50,1.00
2016.09.21 12:49:28.527,0.97595,0.97603,1.50,1.00
2016.09.21 12:49:28.734,0.97595,0.97604,1.50,4.50
2016.09.21 12:49:28.836,0.97595,0.97602,1.50,1.00
2016.09.21 12:49:29.041,0.97595,0.97602,1.87,1.00
2016.09.21 12:49:29.093,0.97595,0.97602,2.06,1.00
2016.09.21 12:49:29.145,0.97595,0.97604,3.19,1.00
2016.09.21 12:49:29.449,0.97595,0.97604,2.44,1.00
2016.09.21 12:49:29.989,0.97595,0.97603,2.44,1.00
2016.09.21 12:49:30.040,0.97595,0.97603,3.19,1.00
2016.09.21 12:49:30.280,0.97595,0.97603,2.44,1.00
2016.09.21 12:49:30.332,0.97595,0.97603,1.69,1.00
2016.09.21 12:49:31.272,0.97595,0.97605,1.69,1.00
2016.09.21 12:49:31.945,0.97596,0.97606,1.94,1.12
2016.09.21 12:49:32.048,0.97597,0.97607,1.69,1.12
2016.09.21 12:49:32.099,0.97597,0.97607,1.69,1.12
2016.09.21 12:49:32.151,0.97597,0.97608,2.44,2.62
2016.09.21 12:49:32.253,0.97597,0.97607,2.00,1.00
2016.09.21 12:49:32.304,0.97597,0.97607,2.00,1.00
2016.09.21 12:49:32.918,0.97597,0.97607,2.00,1.12
2016.09.21 12:49:33.176,0.97597,0.97608,2.00,2.25
2016.09.21 12:49:33.227,0.97597,0.97608,2.00,1.50
2016.09.21 12:49:33.381,0.97597,0.97607,2.00,1.00
2016.09.21 12:49:33.637,0.97597,0.97608,2.00,1.50
2016.09.21 12:49:35.237,0.97598,0.97608,1.50,1.50
2016.09.21 12:49:35.288,0.97598,0.97608,2.25,1.50
2016.09.21 12:49:35.548,0.97598,0.97608,2.25,1.00
2016.09.21 12:49:35.651,0.97598,0.97609,3.00,1.50
2016.09.21 12:49:35.791,0.97598,0.97608,3.00,1.00
2016.09.21 12:49:36.213,0.97598,0.97608,3.00,1.00
2016.09.21 12:49:36.315,0.97598,0.97608,3.00,1.00
2016.09.21 12:49:36.468,0.97598,0.97608,3.00,1.00
2016.09.21 12:49:39.143,0.97598,0.97608,2.25,1.50
2016.09.21 12:49:39.681,0.97598,0.97608,2.25,2.25
2016.09.21 12:49:39.732,0.97598,0.97608,2.25,2.62
2016.09.21 12:49:40.045,0.97598,0.97607,1.12,1.00
2016.09.21 12:49:40.096,0.97598,0.97607,1.00,1.00
2016.09.21 12:49:40.148,0.97598,0.97607,1.00,1.50
2016.09.21 12:49:40.596,0.976,0.97607,3.75,1.50
2016.09.21 12:49:40.647,0.976,0.97607,3.75,1.00
2016.09.21 12:49:40.749,0.976,0.97607,4.50,1.00
2016.09.21 12:49:40.851,0.976,0.97607,3.75,1.00
2016.09.21 12:49:41.056,0.976,0.97608,4.50,1.12
2016.09.21 12:49:41.169,0.97602,0.97608,1.50,1.12
2016.09.21 12:49:41.220,0.97602,0.97609,1.50,1.37
2016.09.21 12:49:41.272,0.97602,0.9761,1.50,2.62
2016.09.21 12:49:41.323,0.97602,0.9761,1.50,1.87
2016.09.21 12:49:41.374,0.97602,0.97611,1.50,1.12
2016.09.21 12:49:41.426,0.97602,0.97611,2.25,1.12
2016.09.21 12:49:41.477,0.97602,0.97612,3.00,2.81
2016.09.21 12:49:41.528,0.97602,0.97611,2.25,1.31
2016.09.21 12:49:41.579,0.97602,0.97611,1.50,1.69
2016.09.21 12:49:41.630,0.97603,0.97611,1.00,1.69
2016.09.21 12:49:41.682,0.97603,0.97611,1.50,2.06
2016.09.21 12:49:41.733,0.97603,0.97611,1.50,1.87
2016.09.21 12:49:41.784,0.97603,0.97611,1.00,1.87
2016.09.21 12:49:41.928,0.97602,0.97611,1.50,1.87
2016.09.21 12:49:42.286,0.97602,0.97611,1.50,1.87
2016.09.21 12:49:42.543,0.97602,0.97611,1.50,1.12
2016.09.21 12:49:43.106,0.97603,0.97611,1.00,1.12
2016.09.21 12:49:43.157,0.97603,0.97611,1.50,1.12
2016.09.21 12:49:44.633,0.97603,0.97611,1.00,1.12
2016.09.21 12:49:44.684,0.97602,0.97611,4.50,1.12
2016.09.21 12:49:46.044,0.97603,0.97611,1.00,1.12
2016.09.21 12:49:46.096,0.97603,0.97611,1.50,1.12
2016.09.21 12:49:46.963,0.97603,0.97611,1.00,1.12
2016.09.21 12:49:47.947,0.97603,0.97611,1.50,1.12
2016.09.21 12:49:47.998,0.97603,0.97611,1.50,1.12
2016.09.21 12:49:48.298,0.97603,0.97611,1.50,1.12
2016.09.21 12:49:48.774,0.97603,0.97611,1.50,3.37
2016.09.21 12:49:49.187,0.97603,0.9761,1.50,1.50
2016.09.21 12:49:50.030,0.97603,0.9761,1.00,1.50
2016.09.21 12:49:50.081,0.97602,0.9761,2.25,1.50
2016.09.21 12:49:50.133,0.97602,0.9761,1.50,1.50
2016.09.21 12:49:50.236,0.97602,0.9761,1.00,1.12
2016.09.21 12:49:50.440,0.97602,0.9761,1.00,1.87
2016.09.21 12:49:50.494,0.97602,0.9761,1.00,1.87
2016.09.21 12:49:50.620,0.97602,0.9761,1.50,2.25
2016.09.21 12:49:51.029,0.97602,0.9761,1.00,1.87
2016.09.21 12:49:51.336,0.97603,0.9761,1.00,2.25
2016.09.21 12:49:51.387,0.97603,0.9761,1.50,2.25
2016.09.21 12:49:51.648,0.97603,0.9761,1.50,1.50
2016.09.21 12:49:51.791,0.97604,0.9761,1.00,1.00
2016.09.21 12:49:52.148,0.97603,0.9761,1.50,1.00
2016.09.21 12:49:52.301,0.97603,0.97611,4.50,1.00
2016.09.21 12:49:52.352,0.97604,0.97611,1.00,1.00
2016.09.21 12:49:52.403,0.97604,0.97611,4.50,1.00
2016.09.21 12:49:52.658,0.97604,0.97611,3.75,1.00
2016.09.21 12:49:52.709,0.97603,0.97611,1.00,1.00
2016.09.21 12:49:53.747,0.97603,0.97611,1.00,1.50
2016.09.21 12:49:54.939,0.97603,0.97611,1.00,2.25
2016.09.21 12:49:54.990,0.97603,0.97611,1.00,3.00
2016.09.21 12:49:55.100,0.97603,0.97609,1.00,1.12
2016.09.21 12:49:55.152,0.97602,0.97609,3.75,1.12
2016.09.21 12:49:55.203,0.97601,0.97609,4.50,1.87
2016.09.21 12:49:55.255,0.97601,0.97608,4.50,1.00
2016.09.21 12:49:55.357,0.97601,0.97609,4.50,1.87
2016.09.21 12:49:55.460,0.97601,0.97609,4.50,1.12
2016.09.21 12:49:55.511,0.97601,0.9761,4.50,3.37
2016.09.21 12:49:56.310,0.97602,0.9761,3.75,2.62
2016.09.21 12:49:56.361,0.97602,0.9761,4.50,2.62
2016.09.21 12:49:56.413,0.97602,0.9761,4.50,3.37
2016.09.21 12:49:58.310,0.97602,0.9761,4.50,2.62
2016.09.21 12:49:59.336,0.97602,0.9761,4.50,2.62
2016.09.21 12:49:59.389,0.97599,0.9761,3.94,3.37
2016.09.21 12:49:59.493,0.976,0.9761,4.12,3.37
2016.09.21 12:49:59.596,0.97599,0.9761,7.69,3.37
2016.09.21 12:49:59.698,0.976,0.9761,4.31,3.37
2016.09.21 12:49:59.749,0.976,0.9761,5.06,3.37
2016.09.21 12:50:00.106,0.976,0.97609,2.06,1.12
2016.09.21 12:50:00.221,0.976,0.9761,1.31,1.87
2016.09.21 12:50:00.272,0.976,0.9761,1.31,1.37
2016.09.21 12:50:00.374,0.976,0.97611,2.06,1.87
2016.09.21 12:50:00.425,0.97601,0.97611,1.00,1.37
2016.09.21 12:50:00.527,0.97601,0.97612,1.00,4.12
2016.09.21 12:50:00.986,0.97601,0.9761,1.00,1.50
2016.09.21 12:50:01.038,0.976,0.9761,3.56,1.50
2016.09.21 12:50:01.089,0.976,0.9761,6.94,1.50
2016.09.21 12:50:01.141,0.976,0.9761,7.69,1.87
2016.09.21 12:50:01.245,0.976,0.9761,6.94,1.87
2016.09.21 12:50:01.297,0.97602,0.9761,1.00,2.62
2016.09.21 12:50:01.353,0.97603,0.97609,1.00,1.00
2016.09.21 12:50:01.405,0.97603,0.97609,1.50,1.00
2016.09.21 12:50:01.457,0.97603,0.97611,1.00,3.19
2016.09.21 12:50:01.509,0.97601,0.97611,4.50,3.56
2016.09.21 12:50:01.613,0.97601,0.9761,4.12,1.37
2016.09.21 12:50:01.734,0.97601,0.9761,3.37,1.00
2016.09.21 12:50:01.786,0.97601,0.97609,4.12,1.12
2016.09.21 12:50:01.888,0.97601,0.97609,4.12,1.87
2016.09.21 12:50:02.093,0.97601,0.97609,4.12,1.12
2016.09.21 12:50:02.409,0.97601,0.97609,1.00,1.12
2016.09.21 12:50:02.460,0.976,0.97609,4.31,1.12
2016.09.21 12:50:02.526,0.97601,0.97609,1.00,1.12
2016.09.21 12:50:02.580,0.97601,0.97609,5.25,1.12
2016.09.21 12:50:02.685,0.97601,0.97609,5.25,1.87
2016.09.21 12:50:02.737,0.97601,0.97609,1.50,1.87
2016.09.21 12:50:02.789,0.97601,0.97609,1.50,1.12
2016.09.21 12:50:02.994,0.97601,0.97609,1.50,1.87
2016.09.21 12:50:04.654,0.97601,0.97608,1.50,1.00
2016.09.21 12:50:04.758,0.97601,0.97609,1.50,1.87
2016.09.21 12:50:05.628,0.97601,0.97608,1.50,1.00
2016.09.21 12:50:06.237,0.97601,0.97608,1.00,1.00
2016.09.21 12:50:06.289,0.97599,0.97608,1.69,1.00
2016.09.21 12:50:07.107,0.97599,0.97607,1.69,1.00
2016.09.21 12:50:07.627,0.97599,0.97608,1.69,1.00
2016.09.21 12:50:08.605,0.97599,0.97607,1.69,1.00
2016.09.21 12:50:08.998,0.97599,0.97609,1.69,2.62
2016.09.21 12:50:10.007,0.97599,0.97609,1.69,3.37
2016.09.21 12:50:10.630,0.97599,0.97609,1.31,3.75
2016.09.21 12:50:10.938,0.97599,0.97608,1.31,1.00
2016.09.21 12:50:11.246,0.97599,0.97609,1.31,3.75
2016.09.21 12:50:11.300,0.97599,0.97609,1.31,3.00
2016.09.21 12:50:11.353,0.97599,0.97609,2.81,3.00
2016.09.21 12:50:11.462,0.97599,0.97609,3.19,3.00
2016.09.21 12:50:11.564,0.97599,0.97609,2.44,3.00
2016.09.21 12:50:11.615,0.97599,0.97609,2.44,3.00
2016.09.21 12:50:11.667,0.97599,0.97609,2.44,2.25
2016.09.21 12:50:11.718,0.97599,0.97609,2.44,1.50
2016.09.21 12:50:12.341,0.976,0.97609,1.25,1.50
2016.09.21 12:50:13.797,0.976,0.97609,1.25,2.25
2016.09.21 12:50:13.848,0.976,0.97609,1.25,3.00
2016.09.21 12:50:14.156,0.976,0.97609,1.25,1.87
2016.09.21 12:50:14.662,0.976,0.97609,1.25,2.62
2016.09.21 12:50:14.722,0.976,0.97609,1.25,3.37
2016.09.21 12:50:14.774,0.976,0.97609,1.25,3.75
2016.09.21 12:50:14.927,0.976,0.97609,1.25,3.75
2016.09.21 12:50:16.222,0.97599,0.97609,1.69,3.75
2016.09.21 12:50:16.803,0.97599,0.97609,1.69,3.00
2016.09.21 12:50:16.855,0.97599,0.97609,1.69,2.25
2016.09.21 12:50:17.468,0.97599,0.97609,1.31,2.25
2016.09.21 12:50:17.870,0.97599,0.97609,1.31,1.87
2016.09.21 12:50:18.641,0.97599,0.97609,1.31,1.12
2016.09.21 12:50:19.444,0.97599,0.97609,1.31,1.50
2016.09.21 12:50:21.253,0.97599,0.97609,1.31,2.25
2016.09.21 12:50:22.123,0.97599,0.97609,1.31,1.50
2016.09.21 12:50:23.985,0.97599,0.97609,1.31,2.25
2016.09.21 12:50:24.036,0.97597,0.97609,5.44,3.00
2016.09.21 12:50:24.087,0.97597,0.97609,4.69,1.87
2016.09.21 12:50:24.596,0.97597,0.97609,5.44,3.00
2016.09.21 12:50:24.726,0.97597,0.97609,6.19,3.00
2016.09.21 12:50:24.850,0.97597,0.97609,5.44,3.00
2016.09.21 12:50:25.055,0.97597,0.97609,5.44,3.00
2016.09.21 12:50:25.157,0.97597,0.97609,5.44,3.75
2016.09.21 12:50:25.259,0.97598,0.97609,1.69,3.00
2016.09.21 12:50:25.362,0.97598,0.97608,1.69,1.00
2016.09.21 12:50:25.413,0.97598,0.97608,2.44,1.00
2016.09.21 12:50:25.507,0.97598,0.97608,2.44,1.00
2016.09.21 12:50:25.570,0.97598,0.97609,2.44,1.87
2016.09.21 12:50:25.672,0.97598,0.97609,3.19,1.87
2016.09.21 12:50:25.775,0.97598,0.97609,3.19,3.00
2016.09.21 12:50:25.827,0.97598,0.97609,3.94,2.25
2016.09.21 12:50:25.879,0.97598,0.97609,2.44,1.50
2016.09.21 12:50:26.136,0.97598,0.97609,2.44,2.25
2016.09.21 12:50:26.327,0.97598,0.97609,2.44,1.50
2016.09.21 12:50:26.429,0.97598,0.97609,3.19,1.12
2016.09.21 12:50:26.480,0.97599,0.97609,1.31,1.12
2016.09.21 12:50:26.531,0.976,0.97609,1.25,1.12
2016.09.21 12:50:26.583,0.976,0.97609,1.69,1.12
2016.09.21 12:50:26.634,0.976,0.97611,1.69,3.37
2016.09.21 12:50:26.973,0.976,0.97611,1.69,4.12
2016.09.21 12:50:27.039,0.976,0.97611,2.44,4.12
2016.09.21 12:50:27.294,0.976,0.97611,1.69,4.12
2016.09.21 12:50:27.652,0.976,0.97611,1.25,4.12
2016.09.21 12:50:28.451,0.976,0.97609,1.25,1.87
2016.09.21 12:50:28.502,0.976,0.97609,1.69,1.87
2016.09.21 12:50:28.958,0.976,0.97611,1.69,4.87
2016.09.21 12:50:29.212,0.976,0.97609,1.69,1.87
2016.09.21 12:50:30.135,0.976,0.97611,1.69,4.87
2016.09.21 12:50:31.241,0.976,0.9761,1.69,2.25
2016.09.21 12:50:31.677,0.976,0.9761,1.69,2.08
2016.09.21 12:50:31.729,0.976,0.9761,1.69,2.08
2016.09.21 12:50:31.781,0.976,0.9761,1.69,2.83
2016.09.21 12:50:32.244,0.976,0.9761,1.69,1.33
2016.09.21 12:50:32.423,0.976,0.9761,1.69,1.04
2016.09.21 12:50:32.475,0.976,0.97609,1.69,1.00
2016.09.21 12:50:32.731,0.976,0.9761,1.69,1.33
2016.09.21 12:50:32.935,0.976,0.97609,1.69,1.79
2016.09.21 12:50:32.987,0.976,0.97609,1.25,1.79
2016.09.21 12:50:33.038,0.976,0.97609,1.25,1.50
2016.09.21 12:50:33.140,0.976,0.97608,1.25,1.00
2016.09.21 12:50:33.953,0.976,0.97609,1.25,1.79
2016.09.21 12:50:34.056,0.976,0.97609,1.25,1.79
2016.09.21 12:50:34.159,0.976,0.9761,1.25,1.70
2016.09.21 12:50:34.265,0.976,0.97609,1.25,1.04
2016.09.21 12:50:34.369,0.976,0.9761,1.25,1.70
2016.09.21 12:50:34.420,0.976,0.97611,1.25,6.20
2016.09.21 12:50:34.475,0.976,0.97611,1.69,4.70
2016.09.21 12:50:34.637,0.976,0.9761,1.69,1.41
2016.09.21 12:50:34.739,0.976,0.9761,1.69,1.70
2016.09.21 12:50:34.842,0.976,0.97609,1.69,1.04
2016.09.21 12:50:34.944,0.976,0.9761,1.69,1.70
2016.09.21 12:50:35.152,0.976,0.97609,1.69,1.04
2016.09.21 12:50:35.281,0.976,0.97609,1.25,1.04
2016.09.21 12:50:35.383,0.976,0.97609,1.62,1.04
2016.09.21 12:50:35.434,0.976,0.97609,1.62,1.50
2016.09.21 12:50:35.485,0.976,0.97609,1.62,1.00
2016.09.21 12:50:35.946,0.976,0.9761,1.62,1.70
2016.09.21 12:50:36.254,0.976,0.97609,1.62,1.79
2016.09.21 12:50:37.464,0.976,0.97609,1.62,2.54
2016.09.21 12:50:37.833,0.976,0.97609,1.25,2.91
2016.09.21 12:50:38.407,0.976,0.97609,1.25,3.66
2016.09.21 12:50:39.074,0.976,0.97609,1.25,2.16
2016.09.21 12:50:39.177,0.976,0.97609,1.25,1.41
2016.09.21 12:50:40.467,0.976,0.97609,1.25,2.16
2016.09.21 12:50:40.671,0.97599,0.97609,1.31,2.16
2016.09.21 12:50:40.722,0.97599,0.97609,1.31,2.16
2016.09.21 12:50:41.948,0.97599,0.97609,1.31,1.41
2016.09.21 12:50:42.057,0.97599,0.97609,1.31,2.16
2016.09.21 12:50:42.520,0.97599,0.97609,1.31,2.16
2016.09.21 12:50:43.156,0.97599,0.97609,1.31,1.41
2016.09.21 12:50:43.280,0.97599,0.97609,1.31,1.41
2016.09.21 12:50:43.331,0.97599,0.97609,1.31,1.41
2016.09.21 12:50:43.383,0.97599,0.97609,1.31,2.16
2016.09.21 12:50:43.640,0.97599,0.97609,1.31,2.16
2016.09.21 12:50:43.692,0.97599,0.97609,1.31,1.41
2016.09.21 12:50:43.795,0.97599,0.97607,1.31,1.00
2016.09.21 12:50:44.081,0.97599,0.97609,1.31,1.41
2016.09.21 12:50:44.540,0.97599,0.97609,1.31,1.79
2016.09.21 12:50:44.591,0.97599,0.97609,1.12,2.54
2016.09.21 12:50:45.110,0.97599,0.97609,1.12,2.16
2016.09.21 12:50:45.161,0.97599,0.97609,1.31,2.16
2016.09.21 12:50:45.275,0.97599,0.97609,1.31,1.41
2016.09.21 12:50:45.327,0.97599,0.9761,1.31,3.58
2016.09.21 12:50:45.378,0.97599,0.9761,1.31,4.18
2016.09.21 12:50:45.429,0.97599,0.97609,1.31,1.04
2016.09.21 12:50:45.877,0.97599,0.97608,1.31,1.00
2016.09.21 12:50:46.392,0.97599,0.97607,1.31,1.00
2016.09.21 12:50:46.444,0.97599,0.97607,2.06,1.00
2016.09.21 12:50:46.561,0.97599,0.97607,1.69,1.00
2016.09.21 12:50:46.869,0.97599,0.97605,1.69,1.00
2016.09.21 12:50:48.090,0.97599,0.97608,1.69,1.87
2016.09.21 12:50:48.284,0.97599,0.97608,1.69,1.50
2016.09.21 12:50:48.939,0.97601,0.97608,1.50,1.00
2016.09.21 12:50:48.990,0.97601,0.97608,5.25,1.00
2016.09.21 12:50:49.043,0.97601,0.97609,5.25,2.54
2016.09.21 12:50:49.096,0.97601,0.97609,5.25,2.16
2016.09.21 12:50:49.896,0.97601,0.97608,5.25,1.12
2016.09.21 12:50:50.024,0.97601,0.97607,5.25,1.00
2016.09.21 12:50:50.079,0.97601,0.97609,5.25,2.16
2016.09.21 12:50:50.131,0.97601,0.97609,5.25,2.54
2016.09.21 12:50:50.549,0.97601,0.97609,4.50,2.54
2016.09.21 12:50:50.600,0.97601,0.97608,4.50,1.87
2016.09.21 12:50:50.652,0.97601,0.97608,5.25,1.87
2016.09.21 12:50:51.071,0.97601,0.97607,5.25,1.00
2016.09.21 12:50:51.229,0.97601,0.97607,4.50,1.00
2016.09.21 12:50:51.382,0.97601,0.97607,4.50,1.12
2016.09.21 12:50:51.563,0.97601,0.97608,4.50,3.00
2016.09.21 12:50:52.064,0.97601,0.97607,4.50,1.12
2016.09.21 12:50:52.166,0.97601,0.97608,3.75,3.00
2016.09.21 12:50:52.473,0.97601,0.97608,4.50,3.00
2016.09.21 12:50:52.575,0.97601,0.97608,3.75,3.00
2016.09.21 12:50:52.677,0.97601,0.97608,4.50,3.00
2016.09.21 12:50:53.086,0.97601,0.97608,4.50,2.25
2016.09.21 12:50:53.506,0.97601,0.97608,4.50,1.87
2016.09.21 12:50:53.557,0.97601,0.97608,4.50,1.00
2016.09.21 12:50:54.743,0.97601,0.97608,3.75,1.00
2016.09.21 12:50:54.865,0.97601,0.97608,4.50,1.00
2016.09.21 12:50:55.172,0.97601,0.97608,4.50,1.50
2016.09.21 12:50:55.455,0.97601,0.97607,4.50,1.00
2016.09.21 12:50:55.969,0.97601,0.97608,5.25,1.00
2016.09.21 12:50:57.691,0.97601,0.97609,5.25,2.16
2016.09.21 12:50:57.795,0.97601,0.97607,4.50,1.00
2016.09.21 12:50:58.001,0.97601,0.97608,4.50,1.87
2016.09.21 12:50:58.185,0.97601,0.97608,5.25,1.87
2016.09.21 12:50:58.494,0.97601,0.97608,4.50,1.00
2016.09.21 12:50:58.546,0.97601,0.97609,4.50,1.41
2016.09.21 12:50:58.597,0.97601,0.97609,4.50,2.16
2016.09.21 12:50:58.699,0.97601,0.97609,4.50,1.79
2016.09.21 12:50:58.882,0.97601,0.97609,4.50,2.16
2016.09.21 12:50:59.588,0.97601,0.97606,4.50,1.00
2016.09.21 12:51:00.140,0.97601,0.97607,4.50,1.00
2016.09.21 12:51:02.812,0.97601,0.97606,4.50,1.00
2016.09.21 12:51:03.635,0.97601,0.97606,4.50,1.00
2016.09.21 12:51:03.892,0.97601,0.97607,4.50,1.00
2016.09.21 12:51:03.943,0.97601,0.97607,5.25,1.00
2016.09.21 12:51:03.994,0.97601,0.97607,4.87,1.00
2016.09.21 12:51:04.706,0.97604,0.97609,3.75,2.54
2016.09.21 12:51:04.758,0.97604,0.97609,4.50,2.16
2016.09.21 12:51:04.820,0.97604,0.97609,4.50,1.04
2016.09.21 12:51:04.872,0.97604,0.9761,4.50,3.58
2016.09.21 12:51:04.924,0.97604,0.9761,4.50,3.20
2016.09.21 12:51:05.474,0.97604,0.9761,4.50,3.58
2016.09.21 12:51:06.980,0.97604,0.9761,1.50,3.20
2016.09.21 12:51:08.129,0.97604,0.9761,1.00,3.20
2016.09.21 12:51:08.181,0.97603,0.9761,4.50,3.20
2016.09.21 12:51:08.396,0.97603,0.9761,4.50,2.45
2016.09.21 12:51:08.447,0.97603,0.9761,4.50,1.70
2016.09.21 12:51:08.498,0.97603,0.97611,4.50,2.83
2016.09.21 12:51:08.601,0.97603,0.97611,4.50,2.83
2016.09.21 12:51:08.652,0.97603,0.97611,4.50,3.01
2016.09.21 12:51:09.883,0.97604,0.97611,3.75,3.01
2016.09.21 12:51:09.934,0.97604,0.97611,4.50,3.01
2016.09.21 12:51:10.046,0.97604,0.97611,4.50,2.64
2016.09.21 12:51:10.097,0.97604,0.97611,4.50,2.64
2016.09.21 12:51:10.149,0.97604,0.97611,4.50,2.45
2016.09.21 12:51:10.201,0.97604,0.97611,4.50,2.45
2016.09.21 12:51:10.560,0.97604,0.97611,4.50,2.64
2016.09.21 12:51:10.900,0.97604,0.97611,4.50,2.63
2016.09.21 12:51:11.054,0.97604,0.97611,4.50,2.44
2016.09.21 12:51:11.105,0.97604,0.97611,1.50,2.44
2016.09.21 12:51:11.156,0.97608,0.97612,1.00,2.25
2016.09.21 12:51:11.207,0.97608,0.97612,1.00,1.12
2016.09.21 12:51:11.259,0.97606,0.97613,4.50,1.50
2016.09.21 12:51:11.362,0.97606,0.97613,3.75,1.12
2016.09.21 12:51:11.413,0.97606,0.97615,3.75,2.25
2016.09.21 12:51:11.465,0.97608,0.97615,1.00,3.00
2016.09.21 12:51:11.517,0.97608,0.97615,4.50,2.25
2016.09.21 12:51:11.621,0.97608,0.97615,4.50,3.00
2016.09.21 12:51:11.725,0.97608,0.97615,4.50,3.75
2016.09.21 12:51:11.776,0.97608,0.97615,1.00,3.75
2016.09.21 12:51:11.827,0.97608,0.97614,1.00,1.12
2016.09.21 12:51:11.878,0.97606,0.97614,4.50,1.12
2016.09.21 12:51:12.032,0.97606,0.97614,4.50,1.87
2016.09.21 12:51:12.236,0.97606,0.97613,4.50,1.00
2016.09.21 12:51:12.559,0.97606,0.97611,3.75,1.35
2016.09.21 12:51:12.611,0.97603,0.97611,3.75,2.47
2016.09.21 12:51:12.662,0.97603,0.97609,4.50,1.12
2016.09.21 12:51:13.223,0.97603,0.97609,4.50,1.12
2016.09.21 12:51:13.326,0.97603,0.9761,4.50,2.62
2016.09.21 12:51:13.378,0.97605,0.9761,1.00,1.87
2016.09.21 12:51:13.471,0.97605,0.9761,1.00,1.12
2016.09.21 12:51:13.523,0.97606,0.97614,1.00,3.37
2016.09.21 12:51:13.575,0.97606,0.97614,1.50,1.87
2016.09.21 12:51:13.627,0.97606,0.97614,1.50,1.12
2016.09.21 12:51:13.678,0.97606,0.97615,1.50,1.50
2016.09.21 12:51:13.730,0.97606,0.97615,1.50,2.25
2016.09.21 12:51:13.883,0.97607,0.97615,1.00,2.25
2016.09.21 12:51:14.036,0.97607,0.97614,1.00,1.12
2016.09.21 12:51:14.139,0.97606,0.97614,1.50,1.12
2016.09.21 12:51:14.246,0.97606,0.97612,1.50,1.00
2016.09.21 12:51:14.609,0.97606,0.97614,1.50,1.87
2016.09.21 12:51:14.712,0.97606,0.97613,1.50,1.00
2016.09.21 12:51:15.320,0.97606,0.97613,1.00,1.00
2016.09.21 12:51:15.371,0.97605,0.97613,5.44,1.00
2016.09.21 12:51:15.574,0.97606,0.97613,1.00,1.00
2016.09.21 12:51:16.003,0.97606,0.97614,1.00,1.87
2016.09.21 12:51:16.716,0.97606,0.97613,1.00,1.00
2016.09.21 12:51:16.870,0.97605,0.97613,1.69,1.00
2016.09.21 12:51:16.938,0.97605,0.97613,4.31,1.00
2016.09.21 12:51:17.801,0.97605,0.97613,4.12,1.00
2016.09.21 12:51:18.013,0.97605,0.97614,4.12,1.87
2016.09.21 12:51:18.115,0.97605,0.97614,1.00,1.87
2016.09.21 12:51:18.320,0.97606,0.97614,3.37,1.87
2016.09.21 12:51:18.422,0.97605,0.97613,4.12,1.00
2016.09.21 12:51:19.089,0.97607,0.97613,1.00,1.00
2016.09.21 12:51:19.141,0.97607,0.97614,1.00,1.12
2016.09.21 12:51:19.192,0.97605,0.97614,1.00,1.12
2016.09.21 12:51:19.295,0.97605,0.97614,1.12,1.00
2016.09.21 12:51:19.347,0.97605,0.97614,1.31,1.50
2016.09.21 12:51:19.398,0.97605,0.97614,2.44,1.50
2016.09.21 12:51:19.449,0.97605,0.97614,2.44,1.00
2016.09.21 12:51:19.807,0.97606,0.97614,1.31,1.00
2016.09.21 12:51:19.890,0.97607,0.97617,1.25,2.25
2016.09.21 12:51:19.941,0.97608,0.97618,1.00,2.62
2016.09.21 12:51:19.993,0.97608,0.97618,1.00,2.25
2016.09.21 12:51:20.044,0.97608,0.97618,1.00,1.50
2016.09.21 12:51:20.095,0.97608,0.97618,1.31,1.50
2016.09.21 12:51:20.147,0.97608,0.97618,1.31,1.00
2016.09.21 12:51:20.199,0.97608,0.97619,1.31,2.25
2016.09.21 12:51:20.404,0.97608,0.97618,1.31,1.12
2016.09.21 12:51:20.506,0.97608,0.97618,1.31,1.50
2016.09.21 12:51:20.609,0.97608,0.97618,1.19,1.50
2016.09.21 12:51:21.537,0.97608,0.97617,1.00,3.60
2016.09.21 12:51:21.588,0.97607,0.97612,1.12,3.22
2016.09.21 12:51:21.669,0.97607,0.97611,1.00,1.12
2016.09.21 12:51:21.721,0.97604,0.97608,3.75,1.00
2016.09.21 12:51:21.925,0.97599,0.97608,1.37,1.50
2016.09.21 12:51:21.977,0.97599,0.97608,1.12,1.50
2016.09.21 12:51:22.028,0.97598,0.97607,2.06,1.00
2016.09.21 12:51:22.233,0.97598,0.97607,2.06,1.00
2016.09.21 12:51:22.392,0.97598,0.97608,2.06,1.50
2016.09.21 12:51:22.596,0.97598,0.97608,1.31,2.25
2016.09.21 12:51:23.054,0.97598,0.97608,1.31,3.37
2016.09.21 12:51:23.105,0.97598,0.97608,2.06,2.62
2016.09.21 12:51:23.415,0.97598,0.97608,1.31,3.37
2016.09.21 12:51:24.190,0.97599,0.97608,1.00,2.25
2016.09.21 12:51:24.242,0.97599,0.97609,1.00,1.87
2016.09.21 12:51:24.294,0.97599,0.97609,1.25,1.50
2016.09.21 12:51:24.498,0.97599,0.97609,1.25,1.87
2016.09.21 12:51:24.562,0.97599,0.97608,1.25,1.12
2016.09.21 12:51:24.806,0.97598,0.97608,1.31,1.87
2016.09.21 12:51:24.908,0.97598,0.97608,1.69,1.50
2016.09.21 12:51:25.318,0.97598,0.97608,1.69,1.00
2016.09.21 12:51:25.510,0.97598,0.97608,1.69,1.12
2016.09.21 12:51:25.585,0.97598,0.97608,1.69,1.87
2016.09.21 12:51:25.891,0.97598,0.97608,1.69,2.25
2016.09.21 12:51:25.943,0.97598,0.97607,1.50,1.50
2016.09.21 12:51:25.994,0.97597,0.97607,1.69,2.62
2016.09.21 12:51:26.045,0.97597,0.97607,1.12,5.10
2016.09.21 12:51:26.096,0.97596,0.97606,1.37,1.12
2016.09.21 12:51:26.184,0.97595,0.97605,2.25,1.12
2016.09.21 12:51:26.252,0.97595,0.97605,1.50,1.12
2016.09.21 12:51:26.305,0.97595,0.97605,1.69,2.25
2016.09.21 12:51:26.356,0.97595,0.97603,1.31,1.00
2016.09.21 12:51:26.459,0.97595,0.97604,1.31,1.00
2016.09.21 12:51:26.510,0.97595,0.97604,1.25,1.12
2016.09.21 12:51:26.562,0.97595,0.97605,1.69,1.50
2016.09.21 12:51:26.613,0.97596,0.97605,1.19,1.00
2016.09.21 12:51:26.665,0.97596,0.97606,1.69,1.00
2016.09.21 12:51:26.716,0.97596,0.97607,2.44,1.50
2016.09.21 12:51:26.929,0.97596,0.97607,2.06,1.87
2016.09.21 12:51:27.031,0.97596,0.97607,2.06,1.87
2016.09.21 12:51:27.133,0.97596,0.97606,1.31,3.00
2016.09.21 12:51:27.185,0.97596,0.97606,1.31,3.60
2016.09.21 12:51:27.238,0.97595,0.97602,1.31,2.00
2016.09.21 12:51:27.291,0.97595,0.97602,1.00,2.06
2016.09.21 12:51:27.350,0.97594,0.97602,1.12,2.06
2016.09.21 12:51:27.403,0.97594,0.97601,1.00,2.25
2016.09.21 12:51:27.455,0.97591,0.976,1.31,1.12
2016.09.21 12:51:27.507,0.97591,0.976,1.25,1.87
2016.09.21 12:51:27.560,0.97593,0.97598,1.00,1.00
2016.09.21 12:51:27.662,0.9759,0.976,1.19,1.87
2016.09.21 12:51:27.968,0.9759,0.976,1.19,2.25
2016.09.21 12:51:28.106,0.9759,0.97599,1.19,1.12
2016.09.21 12:51:28.212,0.97589,0.97599,2.44,1.12
2016.09.21 12:51:28.367,0.97589,0.97599,2.25,1.12
2016.09.21 12:51:28.521,0.97589,0.97599,1.50,1.12
2016.09.21 12:51:29.449,0.9759,0.97599,1.00,1.12
2016.09.21 12:51:29.501,0.97592,0.97599,1.00,1.12
2016.09.21 12:51:29.554,0.97593,0.97602,1.00,3.00
2016.09.21 12:51:29.607,0.97593,0.97602,1.87,1.87
2016.09.21 12:51:29.659,0.97594,0.97604,1.00,2.25
2016.09.21 12:51:29.760,0.97594,0.97604,1.00,1.50
2016.09.21 12:51:29.811,0.97596,0.97604,1.00,1.50
2016.09.21 12:51:29.874,0.97596,0.97606,1.00,2.62
2016.09.21 12:51:29.926,0.97596,0.97606,1.50,1.75
2016.09.21 12:51:29.978,0.97596,0.97607,1.50,2.25
2016.09.21 12:51:30.029,0.97596,0.97607,3.56,1.50
2016.09.21 12:51:30.853,0.97596,0.97607,3.56,1.50
2016.09.21 12:51:31.354,0.97596,0.97607,3.56,1.50
2016.09.21 12:51:31.405,0.97596,0.97607,2.81,1.50
2016.09.21 12:51:31.763,0.97596,0.97607,2.81,1.50
2016.09.21 12:51:31.967,0.97596,0.97607,2.81,1.50
2016.09.21 12:51:32.127,0.97596,0.97603,1.00,1.69
2016.09.21 12:51:32.178,0.97596,0.97602,1.00,2.00
2016.09.21 12:51:32.229,0.97592,0.97599,1.31,1.00
2016.09.21 12:51:32.283,0.97592,0.97599,1.31,1.00
2016.09.21 12:51:32.335,0.9759,0.97599,3.19,1.00
2016.09.21 12:51:32.438,0.9759,0.97599,2.44,1.12
2016.09.21 12:51:32.542,0.9759,0.97599,1.69,1.12
2016.09.21 12:51:33.086,0.9759,0.97599,1.25,1.12
2016.09.21 12:51:33.138,0.97589,0.97599,2.06,1.12
2016.09.21 12:51:33.189,0.97589,0.97599,1.87,1.12
2016.09.21 12:51:33.493,0.9759,0.97602,1.00,3.94
2016.09.21 12:51:33.545,0.97591,0.97602,1.12,2.62
2016.09.21 12:51:33.596,0.97591,0.97602,1.12,2.25
2016.09.21 12:51:33.749,0.97591,0.97602,1.12,1.50
2016.09.21 12:51:33.852,0.97592,0.97603,2.62,2.25
2016.09.21 12:51:33.904,0.97593,0.97603,1.12,2.25
2016.09.21 12:51:33.955,0.97594,0.97604,1.00,1.50
2016.09.21 12:51:34.006,0.97594,0.97604,1.00,1.37
2016.09.21 12:51:34.058,0.97595,0.97605,1.00,2.62
2016.09.21 12:51:34.164,0.97595,0.97606,2.62,2.62
2016.09.21 12:51:34.216,0.97597,0.97606,1.87,1.12
2016.09.21 12:51:34.269,0.97597,0.97606,3.37,1.00
2016.09.21 12:51:34.320,0.97598,0.97606,1.00,1.00
2016.09.21 12:51:34.372,0.97598,0.97608,1.00,1.00
2016.09.21 12:51:34.423,0.97599,0.97609,1.00,1.50
2016.09.21 12:51:34.474,0.97599,0.97608,1.00,1.00
2016.09.21 12:51:34.628,0.97597,0.97608,2.62,1.12
2016.09.21 12:51:34.680,0.97597,0.97608,2.25,1.12
2016.09.21 12:51:34.731,0.97597,0.97608,1.50,1.12
2016.09.21 12:51:35.140,0.97597,0.97608,1.50,1.72
2016.09.21 12:51:35.541,0.97597,0.97606,1.50,1.00
2016.09.21 12:51:35.592,0.97597,0.97606,1.00,1.00
2016.09.21 12:51:35.643,0.97596,0.97606,1.50,1.50
2016.09.21 12:51:35.695,0.97596,0.97606,1.50,1.50
2016.09.21 12:51:35.746,0.97595,0.97607,3.00,2.85
2016.09.21 12:51:35.848,0.97595,0.97605,4.87,1.00
2016.09.21 12:51:35.950,0.97595,0.97605,2.62,2.62
2016.09.21 12:51:36.053,0.97595,0.97605,2.62,1.12
2016.09.21 12:51:36.569,0.97595,0.97607,3.75,1.87
2016.09.21 12:51:36.620,0.97598,0.97607,1.00,1.12
2016.09.21 12:51:36.671,0.97598,0.97609,1.00,3.37
2016.09.21 12:51:36.722,0.97598,0.97609,1.87,3.00
2016.09.21 12:51:36.774,0.97598,0.97609,1.87,2.25
2016.09.21 12:51:36.825,0.97599,0.97609,1.00,1.37
2016.09.21 12:51:36.962,0.97599,0.9761,1.12,1.87
2016.09.21 12:51:37.065,0.97599,0.9761,1.12,1.87
2016.09.21 12:51:37.118,0.97599,0.9761,1.12,1.37
2016.09.21 12:51:37.169,0.97603,0.97612,1.00,1.87
2016.09.21 12:51:37.221,0.97603,0.97612,1.00,1.75
2016.09.21 12:51:37.272,0.97602,0.97612,1.50,3.94
2016.09.21 12:51:37.376,0.97602,0.97612,1.50,1.87
2016.09.21 12:51:37.497,0.97603,0.97614,2.25,3.00
2016.09.21 12:51:37.548,0.97605,0.97615,1.50,2.62
2016.09.21 12:51:37.599,0.97605,0.97615,1.50,1.87
2016.09.21 12:51:37.650,0.97607,0.97615,1.00,1.00
2016.09.21 12:51:37.702,0.97607,0.97615,1.00,1.00
2016.09.21 12:51:37.753,0.97607,0.97617,3.37,3.37
2016.09.21 12:51:37.804,0.97607,0.97617,3.37,3.00
2016.09.21 12:51:37.856,0.97608,0.97617,1.00,2.25
2016.09.21 12:51:37.909,0.97608,0.97617,1.00,1.12
2016.09.21 12:51:37.960,0.97608,0.97617,1.87,1.00
2016.09.21 12:51:38.433,0.97608,0.97618,1.87,1.12
2016.09.21 12:51:38.876,0.97608,0.97618,1.12,1.12
2016.09.21 12:51:39.156,0.97608,0.97618,1.87,1.12
2016.09.21 12:51:39.259,0.97608,0.97618,3.75,1.12
2016.09.21 12:51:39.311,0.97608,0.97618,3.75,1.12
2016.09.21 12:51:39.362,0.97608,0.97618,3.75,1.50
2016.09.21 12:51:39.413,0.97608,0.97618,3.75,2.10
2016.09.21 12:51:39.465,0.97607,0.97617,2.25,1.30
2016.09.21 12:51:39.568,0.97607,0.97618,1.50,3.60
2016.09.21 12:51:39.619,0.97607,0.97617,1.50,1.30
2016.09.21 12:51:40.058,0.97607,0.97617,1.00,1.72
2016.09.21 12:51:40.160,0.97607,0.97617,1.00,1.12
2016.09.21 12:51:40.991,0.97606,0.97617,2.25,1.50
2016.09.21 12:51:41.042,0.97606,0.97617,3.00,1.50
2016.09.21 12:51:41.094,0.97606,0.97617,3.00,1.87
2016.09.21 12:51:41.247,0.97607,0.97617,1.12,1.12
2016.09.21 12:51:41.298,0.97607,0.97617,1.12,1.00
2016.09.21 12:51:41.350,0.97608,0.97617,1.50,1.00
2016.09.21 12:51:41.554,0.97608,0.97618,1.87,3.22
2016.09.21 12:51:42.170,0.97608,0.97618,2.25,1.12
2016.09.21 12:51:42.222,0.97608,0.97618,2.25,1.00
2016.09.21 12:51:42.274,0.97609,0.97619,2.25,1.87
2016.09.21 12:51:42.325,0.97609,0.9762,3.00,2.25
2016.09.21 12:51:42.377,0.97609,0.9762,2.25,1.50
2016.09.21 12:51:42.468,0.97609,0.9762,4.50,1.50
2016.09.21 12:51:42.523,0.97609,0.9762,7.12,1.50
2016.09.21 12:51:42.577,0.97609,0.9762,7.12,2.25
2016.09.21 12:51:42.681,0.97609,0.9762,6.37,2.25
2016.09.21 12:51:42.837,0.97609,0.9762,6.75,2.25
2016.09.21 12:51:42.889,0.97609,0.9762,7.50,1.50
2016.09.21 12:51:42.941,0.9761,0.9762,3.37,1.50
2016.09.21 12:51:42.993,0.9761,0.9762,3.37,1.57
2016.09.21 12:51:43.046,0.97609,0.9762,6.75,1.57
2016.09.21 12:51:43.185,0.9761,0.9762,3.75,1.57
2016.09.21 12:51:43.236,0.9761,0.9762,3.75,1.52
2016.09.21 12:51:43.288,0.9761,0.9762,4.50,1.52
2016.09.21 12:51:43.339,0.9761,0.9762,1.50,1.52
2016.09.21 12:51:43.390,0.97609,0.9762,4.50,1.52
2016.09.21 12:51:43.596,0.97609,0.9762,4.50,1.50
2016.09.21 12:51:43.750,0.97609,0.9762,3.75,1.50
2016.09.21 12:51:43.899,0.97609,0.9762,4.50,1.50
2016.09.21 12:51:43.950,0.9761,0.9762,1.50,1.50
2016.09.21 12:51:44.257,0.9761,0.9762,5.25,1.50
2016.09.21 12:51:44.359,0.9761,0.97621,6.00,3.19
2016.09.21 12:51:45.257,0.9761,0.97621,5.25,3.19
2016.09.21 12:51:45.308,0.9761,0.97621,5.25,3.19
2016.09.21 12:51:45.360,0.9761,0.97621,2.25,2.44
2016.09.21 12:51:45.411,0.9761,0.97621,3.00,2.44
2016.09.21 12:51:45.462,0.9761,0.97621,3.00,2.25
2016.09.21 12:51:45.659,0.9761,0.97621,3.00,2.44
2016.09.21 12:51:46.169,0.9761,0.97621,6.75,2.44
2016.09.21 12:51:46.321,0.9761,0.97621,6.75,2.06
2016.09.21 12:51:46.372,0.9761,0.97621,3.75,1.87
2016.09.21 12:51:46.475,0.9761,0.97621,6.75,1.87
2016.09.21 12:51:46.690,0.9761,0.97621,6.00,2.25
2016.09.21 12:51:46.743,0.9761,0.97621,2.25,2.25
2016.09.21 12:51:46.795,0.9761,0.97621,1.50,3.00
2016.09.21 12:51:46.847,0.97609,0.97619,1.75,1.87
2016.09.21 12:51:46.899,0.97609,0.97619,1.75,2.25
2016.09.21 12:51:46.950,0.97608,0.97619,3.75,2.10
2016.09.21 12:51:47.001,0.97608,0.97619,2.25,2.10
2016.09.21 12:51:47.053,0.97608,0.97619,2.25,2.47
2016.09.21 12:51:47.207,0.97608,0.97619,2.25,1.87
2016.09.21 12:51:47.447,0.97608,0.97619,3.37,1.87
2016.09.21 12:51:47.498,0.97608,0.97619,4.87,1.12
2016.09.21 12:51:47.550,0.97609,0.9762,1.87,1.50
2016.09.21 12:51:47.602,0.97609,0.9762,3.00,1.37
2016.09.21 12:51:47.653,0.97609,0.9762,3.00,1.12
2016.09.21 12:51:49.482,0.97609,0.9762,3.00,1.50
2016.09.21 12:51:49.533,0.97609,0.9762,3.00,1.87
2016.09.21 12:51:49.584,0.97609,0.9762,3.00,3.00
2016.09.21 12:51:49.686,0.97609,0.9762,2.25,2.25
2016.09.21 12:51:49.737,0.97609,0.9762,2.25,3.00
2016.09.21 12:51:49.789,0.97609,0.9762,2.25,2.62
2016.09.21 12:51:49.840,0.97609,0.9762,2.25,2.62
2016.09.21 12:51:49.936,0.9761,0.9762,1.12,1.50
2016.09.21 12:51:49.987,0.9761,0.97621,1.12,2.62
2016.09.21 12:51:50.039,0.9761,0.97621,1.12,2.25
2016.09.21 12:51:50.090,0.9761,0.97621,1.87,2.25
2016.09.21 12:51:50.141,0.9761,0.9762,1.50,1.00
2016.09.21 12:51:50.192,0.9761,0.97621,1.50,3.56
2016.09.21 12:51:50.245,0.9761,0.9762,1.12,1.00
2016.09.21 12:51:50.501,0.97609,0.9762,2.25,1.00
2016.09.21 12:51:50.733,0.97609,0.9762,2.25,1.00
2016.09.21 12:51:51.813,0.97609,0.97621,2.25,2.81
2016.09.21 12:51:51.917,0.97609,0.9762,2.25,1.00
2016.09.21 12:51:52.534,0.97609,0.9762,2.25,1.12
2016.09.21 12:51:52.586,0.97609,0.97619,2.25,1.12
2016.09.21 12:51:52.638,0.97609,0.97619,2.25,1.12
2016.09.21 12:51:52.691,0.97609,0.9762,2.25,3.60
2016.09.21 12:51:52.742,0.97609,0.9762,1.87,3.97
2016.09.21 12:51:52.794,0.97609,0.97619,1.12,1.00
2016.09.21 12:51:52.845,0.97608,0.97618,1.37,1.00
2016.09.21 12:51:53.000,0.97608,0.97618,1.12,1.12
2016.09.21 12:51:53.154,0.97608,0.97618,1.12,1.12
2016.09.21 12:51:53.469,0.97608,0.97618,1.12,1.50
2016.09.21 12:51:53.521,0.97608,0.97618,1.12,2.25
2016.09.21 12:51:53.572,0.97608,0.97618,1.12,2.62
2016.09.21 12:51:53.623,0.97608,0.97618,1.12,1.87
2016.09.21 12:51:53.674,0.97608,0.97618,1.12,1.50
2016.09.21 12:51:53.827,0.97608,0.97618,1.12,1.12
2016.09.21 12:51:54.247,0.97608,0.97618,1.12,1.50
2016.09.21 12:51:54.298,0.97608,0.97618,1.00,1.50
2016.09.21 12:51:55.174,0.97608,0.97618,1.00,1.87
2016.09.21 12:51:55.330,0.97608,0.97618,1.00,1.87
2016.09.21 12:51:55.436,0.97608,0.97618,1.00,1.87
2016.09.21 12:51:55.589,0.97608,0.97618,1.00,1.37
2016.09.21 12:51:55.743,0.97608,0.97618,1.00,1.72
2016.09.21 12:51:55.849,0.97607,0.97618,2.62,2.85
2016.09.21 12:51:55.903,0.97607,0.97617,1.87,1.30
2016.09.21 12:51:55.954,0.97607,0.97617,1.87,1.35
2016.09.21 12:51:56.006,0.97607,0.97617,1.50,1.67
2016.09.21 12:51:56.056,0.97607,0.97617,1.00,1.67
2016.09.21 12:51:56.158,0.97607,0.97616,1.00,1.00
2016.09.21 12:51:56.210,0.97607,0.97616,1.00,1.35
2016.09.21 12:51:56.261,0.97607,0.97616,1.00,1.30
2016.09.21 12:51:56.364,0.97604,0.97616,4.12,1.00
2016.09.21 12:51:56.415,0.97605,0.97616,1.50,1.00
2016.09.21 12:51:56.466,0.97605,0.97617,1.87,1.12
2016.09.21 12:51:56.517,0.97605,0.97618,1.87,4.35
2016.09.21 12:51:56.928,0.97605,0.97617,1.87,1.35
2016.09.21 12:51:57.081,0.97605,0.97617,2.62,1.35
2016.09.21 12:51:57.234,0.97605,0.97617,2.62,1.35
2016.09.21 12:51:57.336,0.97605,0.97617,2.62,1.35
2016.09.21 12:51:57.438,0.97606,0.97617,1.00,1.35
2016.09.21 12:51:57.540,0.97606,0.97618,1.12,2.47
2016.09.21 12:51:57.591,0.97606,0.97617,1.50,1.30
2016.09.21 12:51:58.055,0.97606,0.97617,1.50,1.35
2016.09.21 12:51:58.111,0.97606,0.97617,1.50,3.60
2016.09.21 12:51:58.163,0.97606,0.97615,1.50,1.00
2016.09.21 12:51:58.266,0.97606,0.97615,1.87,1.50
2016.09.21 12:51:58.318,0.97606,0.97615,1.50,1.87
2016.09.21 12:51:58.369,0.97606,0.97615,1.00,1.87
2016.09.21 12:51:58.421,0.97605,0.97615,1.87,1.87
2016.09.21 12:51:58.472,0.97605,0.97615,1.87,1.12
2016.09.21 12:51:58.523,0.97605,0.97615,1.87,1.87
2016.09.21 12:51:58.574,0.97605,0.97615,1.12,3.37
2016.09.21 12:51:58.676,0.97605,0.97615,1.12,2.62
2016.09.21 12:51:58.828,0.97605,0.97615,1.12,1.87
2016.09.21 12:51:58.881,0.97605,0.97616,1.12,1.87
2016.09.21 12:51:59.188,0.97604,0.97616,2.25,1.87
2016.09.21 12:51:59.239,0.97604,0.97616,1.50,1.37
2016.09.21 12:51:59.290,0.97604,0.97615,1.50,1.12
2016.09.21 12:51:59.341,0.97604,0.97615,2.25,1.12
2016.09.21 12:51:59.392,0.97607,0.97616,1.00,1.37
2016.09.21 12:51:59.444,0.97607,0.97617,1.00,1.87
2016.09.21 12:51:59.495,0.97608,0.97618,1.00,1.75
2016.09.21 12:51:59.546,0.97608,0.97619,1.50,1.12
2016.09.21 12:51:59.648,0.97608,0.97619,1.00,1.12
2016.09.21 12:51:59.721,0.97607,0.97619,1.12,1.87
2016.09.21 12:51:59.772,0.97607,0.97619,1.37,1.50
2016.09.21 12:51:59.825,0.97607,0.97619,1.37,1.37
2016.09.21 12:51:59.978,0.97607,0.97619,1.37,1.50
2016.09.21 12:52:00.080,0.97607,0.97619,1.37,1.50
2016.09.21 12:52:00.233,0.97607,0.97619,1.37,1.50
2016.09.21 12:52:00.284,0.97607,0.97619,1.37,1.37
2016.09.21 12:52:00.495,0.97608,0.97619,1.12,1.50
2016.09.21 12:52:00.676,0.97608,0.97619,1.00,1.87
2016.09.21 12:52:02.351,0.97608,0.97619,1.00,2.47
2016.09.21 12:52:02.402,0.97608,0.97619,1.00,1.87
2016.09.21 12:52:02.504,0.97607,0.97619,1.87,2.25
2016.09.21 12:52:03.151,0.97607,0.97619,1.87,2.25
2016.09.21 12:52:03.202,0.97609,0.97619,1.00,2.25
2016.09.21 12:52:03.304,0.97609,0.97619,1.00,2.62
2016.09.21 12:52:04.446,0.97608,0.97619,1.00,2.62
2016.09.21 12:52:04.497,0.97608,0.97619,1.00,3.00
2016.09.21 12:52:04.802,0.97608,0.97619,1.00,2.62
2016.09.21 12:52:04.916,0.97608,0.97619,1.50,1.87
2016.09.21 12:52:05.177,0.97608,0.97619,2.25,1.12
2016.09.21 12:52:05.279,0.97608,0.97619,1.50,1.12
2016.09.21 12:52:05.330,0.97608,0.9762,1.50,3.37
2016.09.21 12:52:05.381,0.97608,0.9762,1.00,4.12
2016.09.21 12:52:05.433,0.97608,0.97619,1.00,1.12
2016.09.21 12:52:05.738,0.97608,0.97618,1.12,1.00
2016.09.21 12:52:05.789,0.97608,0.97619,1.12,1.37
2016.09.21 12:52:06.201,0.97608,0.97619,1.12,1.87
2016.09.21 12:52:06.303,0.97607,0.97619,3.75,1.87
2016.09.21 12:52:06.406,0.97607,0.97619,3.75,1.37
2016.09.21 12:52:06.508,0.97607,0.97619,3.00,1.37
2016.09.21 12:52:06.610,0.97608,0.97619,1.12,1.37
2016.09.21 12:52:06.712,0.97608,0.97618,1.12,1.12
2016.09.21 12:52:06.764,0.97607,0.97618,2.25,1.12
2016.09.21 12:52:07.213,0.97607,0.97618,2.25,1.12
2016.09.21 12:52:08.290,0.97607,0.97618,2.25,1.12
2016.09.21 12:52:08.392,0.97607,0.97618,2.25,1.72
2016.09.21 12:52:08.494,0.97607,0.97618,1.50,1.72
2016.09.21 12:52:08.851,0.97607,0.97618,1.50,1.12
2016.09.21 12:52:08.902,0.97607,0.97618,1.50,1.50
2016.09.21 12:52:09.059,0.97606,0.97618,1.50,2.62
2016.09.21 12:52:09.795,0.97606,0.97618,2.25,2.62
2016.09.21 12:52:10.057,0.97606,0.97618,1.50,2.62
2016.09.21 12:52:10.465,0.97606,0.97618,1.50,3.22
2016.09.21 12:52:10.516,0.97606,0.97617,1.50,1.12
2016.09.21 12:52:10.577,0.97606,0.97616,1.37,1.00
2016.09.21 12:52:10.628,0.97606,0.97616,1.00,1.87
2016.09.21 12:52:10.680,0.97605,0.97613,1.50,1.00
2016.09.21 12:52:10.731,0.97605,0.97613,1.50,1.50
2016.09.21 12:52:11.017,0.97604,0.97613,1.50,1.00
2016.09.21 12:52:11.069,0.97605,0.97613,1.00,1.00
2016.09.21 12:52:11.223,0.97605,0.97613,1.00,1.50
2016.09.21 12:52:11.477,0.97604,0.97613,1.50,1.50
2016.09.21 12:52:12.733,0.97604,0.97612,1.50,1.69
2016.09.21 12:52:12.784,0.97604,0.97612,1.50,2.44
2016.09.21 12:52:12.836,0.97601,0.97611,1.12,1.25
2016.09.21 12:52:12.887,0.976,0.97611,3.00,2.06
2016.09.21 12:52:12.938,0.976,0.97611,1.12,2.62
2016.09.21 12:52:12.990,0.97599,0.97611,1.50,4.50
2016.09.21 12:52:13.070,0.97599,0.9761,1.00,1.50
2016.09.21 12:52:13.121,0.97599,0.97609,1.00,1.12
2016.09.21 12:52:13.938,0.97599,0.97609,1.00,1.00
2016.09.21 12:52:14.820,0.97599,0.97609,1.00,1.12
2016.09.21 12:52:14.922,0.97599,0.97609,1.00,1.00
2016.09.21 12:52:17.639,0.97599,0.97609,1.50,1.00
2016.09.21 12:52:17.742,0.97599,0.97609,1.00,1.00
2016.09.21 12:52:18.828,0.97598,0.97609,4.12,1.00
2016.09.21 12:52:18.879,0.97598,0.97609,3.37,1.00
2016.09.21 12:52:18.930,0.97599,0.97609,1.00,1.00
2016.09.21 12:52:19.434,0.97598,0.97609,2.62,1.00
2016.09.21 12:52:20.823,0.97599,0.97609,1.00,1.00
2016.09.21 12:52:21.817,0.97599,0.97609,1.12,1.00
2016.09.21 12:52:22.142,0.97599,0.97609,1.87,1.00
2016.09.21 12:52:22.600,0.976,0.9761,1.50,1.00
2016.09.21 12:52:22.651,0.97602,0.9761,2.25,1.00
2016.09.21 12:52:22.702,0.97602,0.97612,2.25,1.37
2016.09.21 12:52:22.754,0.97604,0.97613,1.00,2.25
2016.09.21 12:52:22.805,0.97604,0.97613,1.00,1.50
2016.09.21 12:52:22.907,0.97604,0.97613,1.37,1.37
2016.09.21 12:52:22.979,0.97604,0.97615,1.75,1.00
2016.09.21 12:52:23.032,0.97603,0.97615,4.50,1.00
2016.09.21 12:52:23.084,0.97604,0.97615,1.75,1.00
2016.09.21 12:52:23.135,0.97605,0.97616,1.50,2.25
2016.09.21 12:52:24.059,0.97606,0.97616,1.12,2.25
2016.09.21 12:52:24.110,0.97606,0.97616,2.25,1.12
2016.09.21 12:52:24.162,0.97609,0.97617,2.62,1.50
2016.09.21 12:52:24.213,0.97609,0.97617,3.50,1.12
2016.09.21 12:52:24.264,0.97611,0.97617,1.00,1.00
2016.09.21 12:52:24.316,0.97611,0.97619,1.12,1.00
2016.09.21 12:52:24.368,0.97611,0.97621,1.87,1.00
2016.09.21 12:52:24.471,0.97611,0.97621,1.50,1.00
2016.09.21 12:52:24.523,0.97611,0.97621,1.75,2.25
2016.09.21 12:52:24.574,0.97611,0.9762,1.75,1.67
2016.09.21 12:52:24.625,0.97611,0.9762,1.00,1.67
2016.09.21 12:52:24.727,0.97609,0.97617,1.12,1.00
2016.09.21 12:52:25.035,0.97608,0.97617,1.50,1.00
2016.09.21 12:52:25.913,0.97608,0.97617,1.50,1.00
2016.09.21 12:52:25.965,0.97607,0.97617,1.75,1.00
2016.09.21 12:52:26.016,0.97607,0.97618,1.37,2.47
2016.09.21 12:52:26.068,0.97606,0.97617,3.00,1.72
2016.09.21 12:52:26.221,0.97606,0.97616,3.00,1.00
2016.09.21 12:52:26.324,0.97606,0.97616,3.00,1.35
2016.09.21 12:52:26.386,0.97606,0.97616,3.00,1.00
2016.09.21 12:52:26.491,0.97606,0.97616,2.25,1.00
2016.09.21 12:52:26.544,0.97606,0.97616,1.50,1.35
2016.09.21 12:52:26.718,0.97606,0.97616,1.50,1.60
2016.09.21 12:52:26.769,0.97606,0.97616,1.50,2.85
2016.09.21 12:52:26.923,0.97606,0.97616,1.50,1.60
2016.09.21 12:52:27.232,0.97605,0.97616,1.75,1.60
2016.09.21 12:52:27.283,0.97605,0.97616,1.75,1.35
2016.09.21 12:52:27.554,0.97605,0.97616,1.75,1.60
2016.09.21 12:52:28.625,0.97605,0.97616,1.75,2.85
2016.09.21 12:52:28.728,0.97605,0.97616,1.75,1.60
2016.09.21 12:52:28.780,0.97605,0.97615,1.75,1.35
2016.09.21 12:52:28.833,0.97604,0.97615,2.25,2.85
2016.09.21 12:52:28.884,0.97604,0.97613,2.25,1.00
2016.09.21 12:52:28.935,0.97604,0.97613,1.75,1.00
2016.09.21 12:52:29.192,0.97604,0.97613,1.75,1.35
2016.09.21 12:52:29.244,0.97605,0.97611,1.00,2.06
2016.09.21 12:52:29.295,0.97603,0.97609,1.50,1.30
2016.09.21 12:52:29.347,0.97599,0.97609,3.00,1.30
2016.09.21 12:52:29.436,0.97599,0.9761,2.62,4.35
2016.09.21 12:52:29.488,0.97598,0.97608,1.50,1.35
2016.09.21 12:52:29.592,0.97598,0.97609,1.50,1.60
2016.09.21 12:52:29.644,0.97598,0.97609,1.50,1.35
2016.09.21 12:52:29.797,0.97598,0.97609,1.50,1.00
2016.09.21 12:52:29.849,0.97598,0.9761,1.50,3.60
2016.09.21 12:52:29.951,0.97598,0.97609,1.50,1.12
2016.09.21 12:52:30.053,0.97598,0.97609,1.50,1.72
2016.09.21 12:52:30.273,0.97598,0.97608,1.50,1.00
2016.09.21 12:52:30.324,0.97598,0.97609,1.50,2.47
2016.09.21 12:52:30.835,0.97598,0.97609,1.69,2.47
2016.09.21 12:52:31.621,0.97598,0.97609,1.69,2.47
2016.09.21 12:52:31.723,0.97598,0.97609,1.69,1.87
2016.09.21 12:52:32.050,0.97599,0.97609,1.31,1.50
2016.09.21 12:52:32.102,0.97599,0.9761,1.31,1.67
2016.09.21 12:52:32.154,0.97599,0.9761,1.31,2.10
2016.09.21 12:52:32.256,0.97599,0.9761,1.31,1.67
2016.09.21 12:52:32.307,0.97599,0.97609,1.31,1.30
2016.09.21 12:52:32.409,0.97599,0.97609,1.12,1.30
2016.09.21 12:52:32.511,0.97599,0.97609,1.12,1.30
2016.09.21 12:52:32.563,0.97598,0.97609,2.44,1.30
2016.09.21 12:52:32.774,0.97598,0.97609,1.69,1.30
2016.09.21 12:52:32.877,0.97598,0.9761,3.19,2.25
2016.09.21 12:52:32.929,0.97598,0.9761,6.19,1.50
2016.09.21 12:52:32.980,0.97601,0.97611,1.00,1.87
2016.09.21 12:52:33.032,0.97601,0.97613,1.12,3.37
2016.09.21 12:52:33.083,0.97602,0.97613,1.31,1.87
2016.09.21 12:52:33.134,0.97602,0.97613,2.44,1.37
2016.09.21 12:52:33.185,0.97604,0.97613,1.25,1.12
2016.09.21 12:52:33.237,0.97604,0.97615,1.31,5.85
2016.09.21 12:52:33.288,0.97604,0.97615,1.69,3.60
2016.09.21 12:52:33.390,0.97604,0.97615,1.69,3.75
2016.09.21 12:52:33.802,0.97604,0.97615,1.69,3.75
2016.09.21 12:52:33.853,0.97604,0.97615,1.69,3.00
2016.09.21 12:52:33.904,0.97604,0.97615,1.69,2.25
2016.09.21 12:52:33.956,0.97604,0.97615,1.69,3.00
2016.09.21 12:52:34.160,0.97604,0.97615,1.69,2.25
2016.09.21 12:52:34.211,0.97604,0.97615,1.69,1.50
2016.09.21 12:52:35.548,0.97604,0.97615,3.19,1.50
2016.09.21 12:52:35.676,0.97606,0.97616,1.19,1.50
2016.09.21 12:52:35.728,0.97606,0.97617,1.19,1.37
2016.09.21 12:52:35.780,0.97606,0.97618,1.31,1.35
2016.09.21 12:52:35.831,0.97606,0.97618,2.06,1.35
2016.09.21 12:52:35.953,0.97606,0.97618,2.44,1.67
2016.09.21 12:52:36.106,0.97606,0.97618,2.44,1.67
2016.09.21 12:52:36.209,0.97606,0.97618,2.81,1.67
2016.09.21 12:52:36.480,0.97606,0.97617,2.81,1.30
2016.09.21 12:52:36.531,0.97606,0.97613,1.69,2.10
2016.09.21 12:52:36.582,0.97604,0.97611,1.87,1.25
2016.09.21 12:52:36.634,0.97603,0.97611,1.12,1.54
2016.09.21 12:52:36.685,0.97601,0.9761,3.00,1.00
2016.09.21 12:52:36.736,0.97601,0.97609,2.62,1.12
2016.09.21 12:52:36.788,0.97599,0.97609,2.06,1.12
2016.09.21 12:52:37.045,0.97599,0.97609,1.69,1.12
2016.09.21 12:52:37.097,0.97599,0.97609,1.31,1.12
2016.09.21 12:52:37.360,0.97598,0.97609,4.31,1.12
2016.09.21 12:52:37.464,0.97598,0.97609,5.06,1.00
2016.09.21 12:52:37.731,0.97598,0.97609,4.69,1.00
2016.09.21 12:52:38.466,0.97598,0.97609,4.50,1.00
2016.09.21 12:52:38.517,0.97599,0.97609,1.50,1.00
2016.09.21 12:52:38.568,0.976,0.97609,1.19,1.00
2016.09.21 12:52:38.620,0.976,0.97609,1.69,1.00
2016.09.21 12:52:38.672,0.976,0.97609,3.19,1.00
2016.09.21 12:52:38.723,0.976,0.97609,5.06,1.00
2016.09.21 12:52:38.775,0.97603,0.97609,1.31,1.00
2016.09.21 12:52:38.826,0.97603,0.97613,1.31,1.87
2016.09.21 12:52:38.929,0.97603,0.97614,1.69,3.37
2016.09.21 12:52:38.981,0.97603,0.97614,1.94,3.00
2016.09.21 12:52:39.522,0.97603,0.97614,1.94,2.25
2016.09.21 12:52:39.624,0.97603,0.97614,1.94,1.50
2016.09.21 12:52:39.778,0.97603,0.97614,1.94,1.00
2016.09.21 12:52:39.934,0.97603,0.97615,2.44,1.87
2016.09.21 12:52:40.010,0.97603,0.97615,2.44,1.87
2016.09.21 12:52:40.061,0.97603,0.97616,2.44,3.37
2016.09.21 12:52:40.163,0.97603,0.97616,3.19,3.37
2016.09.21 12:52:40.269,0.97603,0.97616,3.19,1.87
2016.09.21 12:52:40.320,0.97603,0.97616,3.94,1.87
2016.09.21 12:52:40.372,0.97603,0.97616,3.94,1.50
2016.09.21 12:52:40.423,0.97603,0.97616,3.19,1.50
2016.09.21 12:52:40.581,0.97603,0.97616,3.94,1.50
2016.09.21 12:52:40.633,0.97603,0.97616,3.94,1.12
2016.09.21 12:52:40.821,0.97604,0.97617,1.94,5.29
2016.09.21 12:52:40.873,0.97606,0.97617,1.31,3.19
2016.09.21 12:52:40.924,0.97606,0.97617,1.31,1.50
2016.09.21 12:52:40.976,0.97606,0.97617,1.69,1.12
2016.09.21 12:52:41.027,0.97606,0.97618,3.19,2.85
2016.09.21 12:52:41.079,0.97606,0.97618,3.94,2.85
2016.09.21 12:52:41.130,0.97607,0.97618,1.31,2.10
2016.09.21 12:52:41.181,0.97607,0.97618,1.56,1.72
2016.09.21 12:52:41.232,0.97607,0.97618,2.06,1.72
2016.09.21 12:52:41.335,0.97607,0.97618,2.81,1.72
2016.09.21 12:52:41.490,0.97607,0.97618,2.81,1.12
2016.09.21 12:52:41.643,0.97607,0.97618,1.56,1.12
2016.09.21 12:52:41.694,0.97607,0.97618,1.56,1.12
2016.09.21 12:52:41.746,0.97608,0.97618,1.31,1.12
2016.09.21 12:52:41.797,0.97608,0.97618,1.69,1.12
2016.09.21 12:52:42.022,0.97609,0.97618,1.00,1.12
2016.09.21 12:52:42.074,0.97609,0.97619,1.50,1.50
2016.09.21 12:52:42.178,0.97609,0.97619,1.50,1.50
2016.09.21 12:52:42.437,0.97609,0.97619,1.50,2.25
2016.09.21 12:52:42.827,0.97609,0.97619,1.00,1.87
2016.09.21 12:52:42.878,0.97609,0.97618,1.00,1.12
2016.09.21 12:52:42.929,0.97609,0.97618,1.50,1.12
2016.09.21 12:52:43.082,0.97609,0.97618,1.50,1.50
2016.09.21 12:52:43.875,0.97609,0.97619,1.50,1.87
2016.09.21 12:52:44.183,0.97609,0.97619,1.50,2.62
2016.09.21 12:52:44.387,0.97609,0.97619,1.50,2.62
2016.09.21 12:52:44.568,0.97609,0.97619,1.50,3.22
2016.09.21 12:52:44.727,0.97609,0.97618,1.50,1.67
2016.09.21 12:52:44.780,0.97609,0.97617,1.50,1.30
2016.09.21 12:52:44.836,0.97607,0.97616,3.75,1.00
2016.09.21 12:52:44.909,0.97607,0.97616,1.87,1.72
2016.09.21 12:52:44.961,0.97606,0.97616,2.44,1.72
2016.09.21 12:52:45.019,0.97606,0.97616,1.69,1.72
2016.09.21 12:52:45.122,0.97606,0.97616,1.69,1.72
2016.09.21 12:52:45.237,0.97606,0.97615,1.25,1.35
2016.09.21 12:52:45.292,0.97605,0.97615,2.81,1.72
2016.09.21 12:52:45.620,0.97605,0.97615,2.81,1.12
2016.09.21 12:52:45.773,0.97605,0.97615,3.19,1.12
2016.09.21 12:52:45.825,0.97606,0.97615,1.25,1.00
2016.09.21 12:52:46.998,0.97605,0.97615,2.06,1.00
2016.09.21 12:52:47.251,0.97605,0.97615,2.06,1.37
2016.09.21 12:52:47.305,0.97604,0.9761,1.12,1.12
2016.09.21 12:52:47.357,0.97605,0.9761,1.00,1.50
2016.09.21 12:52:47.410,0.97603,0.97609,1.87,1.12
2016.09.21 12:52:47.461,0.97603,0.97609,1.12,1.12
2016.09.21 12:52:47.513,0.97603,0.97609,1.00,1.12
2016.09.21 12:52:47.564,0.97601,0.97609,2.62,1.12
2016.09.21 12:52:47.666,0.97601,0.97609,2.25,1.12
2016.09.21 12:52:47.769,0.97601,0.97609,1.50,1.00
2016.09.21 12:52:47.871,0.97601,0.97609,2.25,1.12
2016.09.21 12:52:47.922,0.97601,0.97609,2.25,1.12
2016.09.21 12:52:47.974,0.97601,0.97609,2.25,1.00
2016.09.21 12:52:48.697,0.97601,0.97609,2.25,1.00
2016.09.21 12:52:48.748,0.97601,0.97609,5.25,1.12
2016.09.21 12:52:49.849,0.97603,0.97609,3.75,1.00
2016.09.21 12:52:50.429,0.97603,0.9761,3.75,1.00
2016.09.21 12:52:50.481,0.97603,0.97611,4.50,2.44
2016.09.21 12:52:50.584,0.97603,0.9761,4.50,1.00
2016.09.21 12:52:50.635,0.97603,0.9761,4.50,1.37
2016.09.21 12:52:51.157,0.97604,0.9761,4.50,1.37
2016.09.21 12:52:51.693,0.97603,0.9761,4.50,1.37
2016.09.21 12:52:51.849,0.97603,0.9761,1.50,1.37
2016.09.21 12:52:53.155,0.97603,0.9761,4.50,1.37
2016.09.21 12:52:55.269,0.97601,0.9761,1.50,1.37
2016.09.21 12:52:56.153,0.97601,0.9761,1.50,1.72
2016.09.21 12:52:56.255,0.97601,0.9761,1.00,2.10
2016.09.21 12:52:56.663,0.97601,0.9761,1.00,1.50
2016.09.21 12:52:57.622,0.97601,0.9761,1.00,2.10
2016.09.21 12:52:57.826,0.97601,0.97608,1.00,1.00
2016.09.21 12:52:57.877,0.97601,0.97608,1.50,1.00
2016.09.21 12:52:58.032,0.97601,0.97608,1.50,1.12
2016.09.21 12:53:00.575,0.97602,0.97608,1.50,1.12
2016.09.21 12:53:00.626,0.97602,0.97608,1.50,1.00
2016.09.21 12:53:00.881,0.97602,0.97608,1.00,1.00
2016.09.21 12:53:00.983,0.97601,0.97608,1.87,1.00
2016.09.21 12:53:01.048,0.97604,0.97608,4.50,1.00
2016.09.21 12:53:01.100,0.97604,0.97612,4.50,1.50
2016.09.21 12:53:01.152,0.97605,0.97613,1.00,1.00
2016.09.21 12:53:01.255,0.97605,0.97615,1.12,1.87
2016.09.21 12:53:01.307,0.97605,0.97615,1.50,1.87
2016.09.21 12:53:01.461,0.97606,0.97615,4.87,1.50
2016.09.21 12:53:01.737,0.97605,0.97615,6.00,1.50
2016.09.21 12:53:01.789,0.97605,0.97615,5.25,1.50
2016.09.21 12:53:01.842,0.97605,0.97615,5.25,1.00
2016.09.21 12:53:02.047,0.97607,0.97615,1.50,1.00
2016.09.21 12:53:02.150,0.97607,0.97617,1.50,2.47
2016.09.21 12:53:02.202,0.97607,0.97616,1.50,1.30
2016.09.21 12:53:02.253,0.97607,0.97617,1.50,1.37
2016.09.21 12:53:02.355,0.97607,0.97617,1.50,1.87
2016.09.21 12:53:02.629,0.97607,0.97617,1.50,2.47
2016.09.21 12:53:02.834,0.97607,0.97617,1.50,1.87
2016.09.21 12:53:02.936,0.97607,0.97617,1.50,2.47
2016.09.21 12:53:04.439,0.97607,0.97617,1.50,2.47
2016.09.21 12:53:04.643,0.97607,0.97617,1.50,2.25
2016.09.21 12:53:04.809,0.97607,0.97617,1.50,2.10
2016.09.21 12:53:04.964,0.97607,0.97617,1.50,2.85
2016.09.21 12:53:05.221,0.97607,0.97617,1.50,2.47
2016.09.21 12:53:05.757,0.97607,0.97618,6.00,3.04
2016.09.21 12:53:05.809,0.97607,0.97618,6.37,3.04
2016.09.21 12:53:05.860,0.9761,0.97618,1.50,3.79
2016.09.21 12:53:05.912,0.9761,0.97618,1.50,1.16
2016.09.21 12:53:05.964,0.97609,0.97618,4.50,1.72
2016.09.21 12:53:06.220,0.97609,0.97618,4.50,1.30
2016.09.21 12:53:06.272,0.9761,0.97618,1.00,1.30
2016.09.21 12:53:06.375,0.9761,0.97618,4.50,1.30
2016.09.21 12:53:06.950,0.9761,0.97618,3.75,1.30
2016.09.21 12:53:07.052,0.9761,0.97618,4.50,1.30
2016.09.21 12:53:07.615,0.9761,0.97618,4.50,1.30
2016.09.21 12:53:08.375,0.9761,0.97618,4.50,1.30
2016.09.21 12:53:08.579,0.97611,0.97619,1.50,2.47
2016.09.21 12:53:08.835,0.97611,0.97619,1.50,2.85
2016.09.21 12:53:09.091,0.97611,0.97618,1.50,1.30
2016.09.21 12:53:09.188,0.97608,0.97618,4.50,1.35
2016.09.21 12:53:09.240,0.97608,0.97616,2.25,1.00
2016.09.21 12:53:09.291,0.97608,0.97616,3.00,1.00
2016.09.21 12:53:09.343,0.97608,0.97617,2.25,1.30
2016.09.21 12:53:09.395,0.97608,0.97617,1.50,1.30
2016.09.21 12:53:09.446,0.97608,0.97618,1.50,2.85
2016.09.21 12:53:09.497,0.97608,0.97618,2.25,2.85
2016.09.21 12:53:09.568,0.97611,0.97619,1.50,3.97
2016.09.21 12:53:09.620,0.97611,0.97619,1.50,3.37
2016.09.21 12:53:09.672,0.97611,0.97619,1.50,2.62
2016.09.21 12:53:09.725,0.97611,0.97619,1.50,1.87
2016.09.21 12:53:10.153,0.97611,0.97619,1.50,1.87
2016.09.21 12:53:10.256,0.97611,0.97619,1.50,2.47
2016.09.21 12:53:10.308,0.97611,0.97618,1.50,1.30
2016.09.21 12:53:10.359,0.97611,0.97618,1.50,1.72
2016.09.21 12:53:10.512,0.97611,0.97618,1.50,1.60
2016.09.21 12:53:10.583,0.97609,0.97618,4.50,4.35
2016.09.21 12:53:10.736,0.97609,0.97617,4.50,1.60
2016.09.21 12:53:10.788,0.97607,0.97617,5.62,1.72
2016.09.21 12:53:10.839,0.97607,0.97617,5.62,2.47
2016.09.21 12:53:11.094,0.97608,0.97617,4.50,2.47
2016.09.21 12:53:11.196,0.97608,0.97617,3.75,2.47
2016.09.21 12:53:11.462,0.9761,0.97617,4.50,1.72
2016.09.21 12:53:11.565,0.9761,0.97618,3.75,4.35
2016.09.21 12:53:11.668,0.9761,0.97617,4.50,1.30
2016.09.21 12:53:13.880,0.9761,0.97617,1.50,1.30
2016.09.21 12:53:15.103,0.9761,0.97617,1.00,1.30
2016.09.21 12:53:15.212,0.9761,0.97616,1.00,1.72
2016.09.21 12:53:15.263,0.97608,0.97615,4.50,1.00
2016.09.21 12:53:15.314,0.97608,0.97615,4.50,1.00
2016.09.21 12:53:15.366,0.97607,0.97617,1.50,2.85
2016.09.21 12:53:15.418,0.97607,0.97617,1.87,2.85
2016.09.21 12:53:15.470,0.97607,0.97615,1.87,1.12
2016.09.21 12:53:15.521,0.97607,0.97615,1.87,1.72
2016.09.21 12:53:15.588,0.97607,0.97614,1.37,1.00
2016.09.21 12:53:15.655,0.97606,0.97615,1.00,2.62
2016.09.21 12:53:15.795,0.97608,0.97615,3.75,2.25
2016.09.21 12:53:15.847,0.97608,0.97615,3.75,1.00
2016.09.21 12:53:15.898,0.97608,0.97616,3.75,1.37
2016.09.21 12:53:15.950,0.97608,0.97616,4.50,1.00
2016.09.21 12:53:16.257,0.97608,0.97616,4.50,1.00
2016.09.21 12:53:16.878,0.97608,0.97616,1.00,1.00
2016.09.21 12:53:17.032,0.97608,0.97616,1.25,1.00
2016.09.21 12:53:17.083,0.97608,0.97618,1.62,1.31
2016.09.21 12:53:17.135,0.97608,0.97618,1.69,1.25
2016.09.21 12:53:17.237,0.97608,0.97618,1.69,1.50
2016.09.21 12:53:17.340,0.97608,0.97619,2.44,4.12
2016.09.21 12:53:17.393,0.9761,0.97619,1.00,4.12
2016.09.21 12:53:17.445,0.9761,0.97619,1.50,1.87
2016.09.21 12:53:17.558,0.9761,0.97619,1.50,1.00
2016.09.21 12:53:18.231,0.9761,0.9762,1.00,3.22
2016.09.21 12:53:18.454,0.9761,0.97619,1.50,1.00
2016.09.21 12:53:19.302,0.97611,0.97619,3.75,1.00
2016.09.21 12:53:19.354,0.97611,0.97619,4.50,1.00
2016.09.21 12:53:20.298,0.97611,0.97619,4.50,1.35
2016.09.21 12:53:20.349,0.97611,0.97619,4.50,1.35
2016.09.21 12:53:20.401,0.97611,0.97619,4.50,1.35
2016.09.21 12:53:20.452,0.97611,0.97619,4.50,2.10
2016.09.21 12:53:20.555,0.97611,0.97619,4.50,1.72
2016.09.21 12:53:21.006,0.97611,0.97619,4.50,1.35
2016.09.21 12:53:21.109,0.97611,0.97619,4.50,1.35
2016.09.21 12:53:21.216,0.97611,0.97619,4.50,1.00
2016.09.21 12:53:21.624,0.97611,0.9762,3.75,2.47
2016.09.21 12:53:21.931,0.97611,0.97619,4.50,1.00
2016.09.21 12:53:22.541,0.97612,0.97619,1.00,1.00
2016.09.21 12:53:22.592,0.97612,0.97619,4.50,1.00
2016.09.21 12:53:25.127,0.97612,0.97619,4.50,1.00
2016.09.21 12:53:25.178,0.97616,0.97621,1.00,1.37
2016.09.21 12:53:25.230,0.97616,0.97621,1.00,1.00
2016.09.21 12:53:25.281,0.97616,0.97622,1.00,1.00
2016.09.21 12:53:25.332,0.97615,0.97623,3.00,1.00
2016.09.21 12:53:25.435,0.97615,0.97623,3.00,1.00
2016.09.21 12:53:25.545,0.9762,0.97624,1.00,1.87
2016.09.21 12:53:25.621,0.9762,0.97626,1.50,2.25
2016.09.21 12:53:25.673,0.9762,0.97627,1.50,3.97
2016.09.21 12:53:25.724,0.9762,0.97627,1.50,2.62
2016.09.21 12:53:25.775,0.9762,0.97628,1.50,2.10
2016.09.21 12:53:26.234,0.9762,0.97628,1.50,1.50
2016.09.21 12:53:26.286,0.9762,0.97628,1.50,2.10
2016.09.21 12:53:26.450,0.9762,0.97628,1.50,1.50
2016.09.21 12:53:26.709,0.9762,0.97628,1.50,1.37
2016.09.21 12:53:26.761,0.97621,0.97628,1.00,1.37
2016.09.21 12:53:26.916,0.97621,0.97628,1.00,1.72
2016.09.21 12:53:26.967,0.9762,0.97628,4.50,1.67
2016.09.21 12:53:27.019,0.9762,0.97629,4.50,3.22
2016.09.21 12:53:27.278,0.97621,0.97628,1.00,1.37
2016.09.21 12:53:33.671,0.97621,0.97628,1.00,1.72
2016.09.21 12:53:33.927,0.97621,0.97628,1.00,1.72
2016.09.21 12:53:34.958,0.97621,0.97629,1.00,2.85
2016.09.21 12:53:35.053,0.97621,0.97629,1.00,2.25
2016.09.21 12:53:35.121,0.97625,0.97631,4.00,5.44
2016.09.21 12:53:35.173,0.97626,0.97631,4.00,4.16
2016.09.21 12:53:35.224,0.97623,0.9763,3.75,1.62
2016.09.21 12:53:35.275,0.97623,0.97629,3.75,1.30
2016.09.21 12:53:35.327,0.97622,0.97629,1.12,1.30
2016.09.21 12:53:35.429,0.97622,0.97629,1.87,1.72
2016.09.21 12:53:35.744,0.97622,0.97629,1.50,1.72
2016.09.21 12:53:36.811,0.97622,0.97629,1.00,1.72
2016.09.21 12:53:36.914,0.97621,0.97629,1.50,1.72
2016.09.21 12:53:37.893,0.97621,0.97629,1.50,1.72
2016.09.21 12:53:38.012,0.97621,0.97628,1.50,1.30
2016.09.21 12:53:38.693,0.97621,0.97628,4.50,1.30
2016.09.21 12:53:39.354,0.97621,0.97629,4.50,1.72
2016.09.21 12:53:39.405,0.97621,0.97629,4.50,1.37
2016.09.21 12:53:39.456,0.97621,0.97629,4.50,1.37
2016.09.21 12:53:39.610,0.97621,0.97629,5.62,1.37
2016.09.21 12:53:39.763,0.97621,0.9763,5.62,2.25
2016.09.21 12:53:39.814,0.97622,0.9763,4.12,2.25
2016.09.21 12:53:39.865,0.97622,0.97631,4.87,1.91
2016.09.21 12:53:39.917,0.97622,0.97631,5.25,1.91
2016.09.21 12:53:39.969,0.97622,0.97632,4.87,3.41
2016.09.21 12:53:40.081,0.97622,0.97632,4.87,4.16
2016.09.21 12:53:40.236,0.97622,0.97631,5.62,1.31
2016.09.21 12:53:40.447,0.97622,0.97632,4.87,4.16
2016.09.21 12:53:40.549,0.97622,0.9763,5.62,1.00
2016.09.21 12:53:40.601,0.97622,0.97631,5.62,1.62
2016.09.21 12:53:40.652,0.97622,0.97631,5.62,1.91
2016.09.21 12:53:40.907,0.97622,0.97631,5.62,1.54
2016.09.21 12:53:41.438,0.97622,0.97631,5.62,1.35
2016.09.21 12:53:41.642,0.97622,0.97631,5.62,1.25
2016.09.21 12:53:41.847,0.97622,0.97631,5.62,1.00
2016.09.21 12:53:42.053,0.97622,0.97632,6.94,2.25
2016.09.21 12:53:42.105,0.97627,0.97634,1.12,1.75
2016.09.21 12:53:42.157,0.97627,0.97634,2.25,1.37
2016.09.21 12:53:42.210,0.97627,0.97634,2.25,1.00
2016.09.21 12:53:42.261,0.97627,0.97636,2.25,1.67
2016.09.21 12:53:42.313,0.97627,0.97637,2.62,3.75
2016.09.21 12:53:42.364,0.97627,0.97634,2.81,1.12
2016.09.21 12:53:42.415,0.97629,0.97634,4.12,1.00
2016.09.21 12:53:42.466,0.97629,0.97638,6.00,2.25
2016.09.21 12:53:42.518,0.97629,0.97638,6.00,2.47
2016.09.21 12:53:42.672,0.97629,0.97638,5.62,2.47
2016.09.21 12:53:42.724,0.97629,0.97638,4.87,1.50
2016.09.21 12:53:42.827,0.97631,0.97638,1.50,1.50
2016.09.21 12:53:43.279,0.97631,0.97638,1.50,1.87
2016.09.21 12:53:43.331,0.97631,0.97638,1.50,2.47
2016.09.21 12:53:43.433,0.97631,0.97638,1.00,2.47
2016.09.21 12:53:43.485,0.97631,0.97636,1.00,1.30
2016.09.21 12:53:43.741,0.97629,0.97636,1.12,1.30
2016.09.21 12:53:44.818,0.97629,0.97636,1.87,1.30
2016.09.21 12:53:45.124,0.97629,0.97636,4.87,1.30
2016.09.21 12:53:45.431,0.97629,0.97636,4.50,1.30
2016.09.21 12:53:46.667,0.97629,0.97636,3.75,1.30
2016.09.21 12:53:46.770,0.97629,0.97637,4.50,1.67
2016.09.21 12:53:46.822,0.97632,0.97638,1.00,2.47
2016.09.21 12:53:46.874,0.97632,0.97638,1.50,1.72
2016.09.21 12:53:46.925,0.97632,0.97638,1.50,1.00
2016.09.21 12:53:46.977,0.97632,0.97638,1.00,1.00
2016.09.21 12:53:47.028,0.9763,0.97638,1.00,1.00
2016.09.21 12:53:47.079,0.97629,0.97638,2.25,1.00
2016.09.21 12:53:47.130,0.97629,0.97638,1.50,1.00
2016.09.21 12:53:47.181,0.97629,0.97638,1.87,1.00
2016.09.21 12:53:47.847,0.97629,0.97638,4.87,1.00
2016.09.21 12:53:48.103,0.97629,0.97638,5.25,1.00
2016.09.21 12:53:48.189,0.97629,0.9764,5.25,2.44
2016.09.21 12:53:48.241,0.97629,0.9764,5.25,2.00
2016.09.21 12:53:48.344,0.97629,0.97639,5.25,1.37
2016.09.21 12:53:48.396,0.97629,0.97639,5.25,1.37
2016.09.21 12:53:48.447,0.97629,0.97638,5.25,1.00
2016.09.21 12:53:48.820,0.97629,0.97638,6.00,1.00
2016.09.21 12:53:48.974,0.97629,0.9764,6.00,2.00
2016.09.21 12:53:49.079,0.9763,0.97638,1.00,1.50
2016.09.21 12:53:49.285,0.9763,0.97638,1.00,1.50
2016.09.21 12:53:49.439,0.9763,0.97638,1.00,1.50
2016.09.21 12:53:49.593,0.9763,0.97637,1.00,1.12
2016.09.21 12:53:49.644,0.9763,0.97637,4.50,1.72
2016.09.21 12:53:49.765,0.9763,0.97637,4.50,1.72
2016.09.21 12:53:49.817,0.9763,0.97637,4.50,1.72
2016.09.21 12:53:50.124,0.9763,0.97637,1.00,1.72
2016.09.21 12:53:50.176,0.97629,0.97637,1.50,1.72
2016.09.21 12:53:50.551,0.97629,0.97637,1.00,1.72
2016.09.21 12:53:51.084,0.97629,0.97636,1.00,2.10
2016.09.21 12:53:51.135,0.97629,0.97636,1.00,2.10
2016.09.21 12:53:51.187,0.97628,0.97634,1.12,1.00
2016.09.21 12:53:51.239,0.97626,0.97633,5.25,1.00
2016.09.21 12:53:51.290,0.97626,0.97633,4.50,2.47
2016.09.21 12:53:51.342,0.97624,0.97631,4.12,5.29
2016.09.21 12:53:51.393,0.97624,0.97629,3.75,1.37
2016.09.21 12:53:51.445,0.97621,0.97628,5.25,1.00
2016.09.21 12:53:51.854,0.97621,0.97628,4.50,1.00
2016.09.21 12:53:52.211,0.97623,0.97628,1.00,1.00
2016.09.21 12:53:52.262,0.97623,0.9763,1.50,1.50
2016.09.21 12:53:52.314,0.97623,0.97632,1.50,2.62
2016.09.21 12:53:52.365,0.97623,0.97632,1.50,1.37
2016.09.21 12:53:52.467,0.97623,0.97632,1.50,1.12
2016.09.21 12:53:52.567,0.97623,0.97632,1.50,1.00
2016.09.21 12:53:52.772,0.97623,0.97633,1.50,3.00
2016.09.21 12:53:52.832,0.97623,0.97633,1.50,2.62
2016.09.21 12:53:52.883,0.97623,0.97633,1.50,2.25
2016.09.21 12:53:52.935,0.97623,0.97633,1.50,1.87
2016.09.21 12:53:53.241,0.97623,0.97633,4.50,1.12
2016.09.21 12:53:53.293,0.97625,0.97633,1.00,1.12
2016.09.21 12:53:53.345,0.97625,0.97633,1.50,1.12
2016.09.21 12:53:53.557,0.97625,0.97633,1.00,1.12
2016.09.21 12:53:53.609,0.97626,0.97633,4.50,1.12
2016.09.21 12:53:53.660,0.97628,0.97633,1.00,1.00
2016.09.21 12:53:53.712,0.97628,0.97633,1.50,1.00
2016.09.21 12:53:53.763,0.97628,0.97634,1.00,1.12
2016.09.21 12:53:53.815,0.97628,0.97633,1.00,1.00
2016.09.21 12:53:53.917,0.97628,0.97635,1.00,1.00
2016.09.21 12:53:53.969,0.97628,0.97636,1.50,1.00
2016.09.21 12:53:54.020,0.97628,0.97637,1.50,2.62
2016.09.21 12:53:54.275,0.97628,0.97637,1.50,1.87
2016.09.21 12:53:54.536,0.97628,0.97637,1.00,2.62
2016.09.21 12:53:54.589,0.97628,0.97635,1.00,1.00
2016.09.21 12:53:54.641,0.97625,0.97635,3.94,1.00
2016.09.21 12:53:54.693,0.97625,0.97635,3.19,1.00
2016.09.21 12:53:54.744,0.97625,0.97635,3.94,1.00
2016.09.21 12:53:55.051,0.97625,0.97635,3.19,1.00
2016.09.21 12:53:55.716,0.97626,0.97635,1.31,1.00
2016.09.21 12:53:55.767,0.97626,0.97635,2.06,1.00
2016.09.21 12:53:56.680,0.97626,0.97636,1.31,1.12
2016.09.21 12:53:56.783,0.97626,0.97636,2.06,1.12
2016.09.21 12:53:56.834,0.97626,0.97636,2.06,1.12
2016.09.21 12:53:56.885,0.97626,0.97636,2.81,1.12
2016.09.21 12:53:56.937,0.97627,0.97636,3.75,1.12
2016.09.21 12:53:56.988,0.97627,0.97637,4.50,1.87
2016.09.21 12:53:57.040,0.97627,0.97637,4.50,2.47
2016.09.21 12:53:57.092,0.97629,0.97637,1.00,1.50
2016.09.21 12:53:57.245,0.97629,0.97638,1.00,1.72
2016.09.21 12:53:57.298,0.97629,0.97638,1.00,1.37
2016.09.21 12:53:57.350,0.97629,0.97638,1.00,1.00
2016.09.21 12:53:58.333,0.97629,0.97638,4.50,1.00
2016.09.21 12:53:58.384,0.97629,0.97638,4.50,1.12
2016.09.21 12:53:59.175,0.97629,0.97638,4.50,1.00
2016.09.21 12:53:59.976,0.97629,0.97638,4.50,1.35
2016.09.21 12:54:00.027,0.97629,0.97638,4.50,1.00
2016.09.21 12:54:00.079,0.97629,0.97638,4.50,1.35
2016.09.21 12:54:00.130,0.97629,0.97638,4.50,2.10
2016.09.21 12:54:00.232,0.97629,0.97638,4.50,2.10
2016.09.21 12:54:00.283,0.97629,0.97638,4.50,1.35
2016.09.21 12:54:00.594,0.97629,0.97638,4.50,1.67
2016.09.21 12:54:00.747,0.9763,0.97638,1.00,1.67
2016.09.21 12:54:00.798,0.9763,0.97637,1.00,3.60
2016.09.21 12:54:00.850,0.97627,0.97637,4.87,3.97
2016.09.21 12:54:00.901,0.97627,0.97635,3.75,1.72
2016.09.21 12:54:00.953,0.97626,0.97635,1.31,1.72
2016.09.21 12:54:01.004,0.97626,0.97635,1.31,1.35
2016.09.21 12:54:01.056,0.97626,0.97635,1.31,1.00
2016.09.21 12:54:01.457,0.97625,0.97634,2.81,1.00
2016.09.21 12:54:01.561,0.97625,0.97634,2.44,1.00
2016.09.21 12:54:01.766,0.97625,0.97634,2.06,1.12
2016.09.21 12:54:01.817,0.97625,0.97634,1.87,1.12
2016.09.21 12:54:02.545,0.97625,0.97635,1.87,2.25
2016.09.21 12:54:03.059,0.97625,0.97635,1.87,1.50
2016.09.21 12:54:03.366,0.97625,0.97635,1.50,1.50
2016.09.21 12:54:04.038,0.97625,0.97635,1.50,1.50
2016.09.21 12:54:04.330,0.97625,0.97635,4.50,1.50
2016.09.21 12:54:04.382,0.9763,0.97635,1.00,1.12
2016.09.21 12:54:04.433,0.9763,0.97636,1.50,1.50
2016.09.21 12:54:04.485,0.9763,0.97637,1.50,1.12
2016.09.21 12:54:04.537,0.9763,0.97637,1.50,1.00
2016.09.21 12:54:04.588,0.9763,0.97639,1.50,1.37
2016.09.21 12:54:04.690,0.9763,0.9764,1.50,4.54
2016.09.21 12:54:04.741,0.9763,0.9764,1.50,3.79
2016.09.21 12:54:04.792,0.9763,0.9764,1.50,2.66
2016.09.21 12:54:05.009,0.9763,0.9764,1.50,3.79
2016.09.21 12:54:05.060,0.9763,0.97638,1.50,1.00
2016.09.21 12:54:06.457,0.9763,0.97638,1.50,1.00
2016.09.21 12:54:06.510,0.9763,0.97638,1.50,1.12
2016.09.21 12:54:06.562,0.9763,0.97637,1.00,1.00
2016.09.21 12:54:06.613,0.9763,0.97637,1.00,2.10
2016.09.21 12:54:06.665,0.97628,0.97635,1.69,1.00
2016.09.21 12:54:06.813,0.97628,0.97635,4.69,1.00
2016.09.21 12:54:06.864,0.97628,0.97636,4.69,1.72
2016.09.21 12:54:06.916,0.97628,0.97636,4.69,1.50
2016.09.21 12:54:06.967,0.97628,0.97636,4.69,1.50
2016.09.21 12:54:07.018,0.97628,0.97636,4.87,1.12
2016.09.21 12:54:07.070,0.97628,0.97637,4.50,1.30
2016.09.21 12:54:07.223,0.97628,0.97637,4.50,1.72
2016.09.21 12:54:07.696,0.97628,0.97636,4.50,1.00
2016.09.21 12:54:08.104,0.97628,0.97637,4.50,1.72
2016.09.21 12:54:08.257,0.97628,0.97637,1.50,1.72
2016.09.21 12:54:08.618,0.97628,0.97637,1.50,1.12
2016.09.21 12:54:08.772,0.97628,0.97637,4.50,1.12
2016.09.21 12:54:08.824,0.97628,0.97637,4.50,1.00
2016.09.21 12:54:08.875,0.97628,0.97637,3.75,1.00
2016.09.21 12:54:09.029,0.97629,0.97637,1.00,1.00
2016.09.21 12:54:09.080,0.97629,0.97637,1.50,1.00
2016.09.21 12:54:09.650,0.97629,0.97637,1.50,1.00
2016.09.21 12:54:09.980,0.97629,0.97637,1.50,1.00
2016.09.21 12:54:10.403,0.97629,0.97637,1.00,1.00
2016.09.21 12:54:10.506,0.97629,0.97637,1.50,1.00
2016.09.21 12:54:13.057,0.97629,0.97637,4.50,1.00
2016.09.21 12:54:13.108,0.97629,0.97638,4.50,2.10
2016.09.21 12:54:13.160,0.97629,0.97638,4.50,1.50
2016.09.21 12:54:13.467,0.97629,0.97638,4.50,1.50
2016.09.21 12:54:14.413,0.97629,0.97638,4.50,1.00
2016.09.21 12:54:14.795,0.97629,0.97638,4.50,1.12
2016.09.21 12:54:15.253,0.97629,0.97638,1.00,1.12
2016.09.21 12:54:15.668,0.97629,0.97638,1.00,1.87
2016.09.21 12:54:15.848,0.97629,0.97638,1.00,2.47
2016.09.21 12:54:15.950,0.97629,0.97636,1.00,1.12
2016.09.21 12:54:16.053,0.97629,0.97637,1.00,2.47
2016.09.21 12:54:16.104,0.97629,0.97636,1.00,1.12
2016.09.21 12:54:16.206,0.97629,0.97637,1.00,1.72
2016.09.21 12:54:16.410,0.97629,0.97636,1.00,1.30
2016.09.21 12:54:16.583,0.97628,0.97636,4.50,1.30
2016.09.21 12:54:16.635,0.97629,0.97637,1.00,1.67
2016.09.21 12:54:16.738,0.9763,0.97637,1.50,1.67
2016.09.21 12:54:17.458,0.9763,0.97637,1.50,1.67
2016.09.21 12:54:17.572,0.9763,0.97637,1.50,1.67
2016.09.21 12:54:18.381,0.9763,0.97637,1.00,1.67
2016.09.21 12:54:23.931,0.97629,0.97637,1.50,1.67
2016.09.21 12:54:24.288,0.97629,0.97637,4.50,1.67
2016.09.21 12:54:24.339,0.9763,0.97637,1.00,1.67
2016.09.21 12:54:27.755,0.97629,0.97637,4.50,1.67
2016.09.21 12:54:28.265,0.9763,0.97637,1.00,1.67
2016.09.21 12:54:28.522,0.9763,0.97637,1.00,1.72
2016.09.21 12:54:28.627,0.9763,0.97636,1.00,1.35
2016.09.21 12:54:28.679,0.9763,0.97636,1.00,1.00
2016.09.21 12:54:28.883,0.97631,0.97636,4.50,1.00
2016.09.21 12:54:29.037,0.97631,0.97638,4.50,2.57
2016.09.21 12:54:29.193,0.97631,0.97638,4.50,2.57
2016.09.21 12:54:29.344,0.97631,0.97638,4.50,2.57
2016.09.21 12:54:29.650,0.97631,0.97638,4.50,1.82
2016.09.21 12:54:29.753,0.97631,0.97638,4.50,1.72
2016.09.21 12:54:30.161,0.97631,0.97638,3.75,1.67
2016.09.21 12:54:30.431,0.97631,0.97638,4.50,1.72
2016.09.21 12:54:30.534,0.97631,0.97638,4.50,2.47
2016.09.21 12:54:31.309,0.97631,0.97637,4.50,1.30
2016.09.21 12:54:31.415,0.97626,0.97636,3.75,1.00
2016.09.21 12:54:31.467,0.97627,0.97636,1.00,3.22
2016.09.21 12:54:31.774,0.97627,0.97636,1.00,3.97
2016.09.21 12:54:31.876,0.97627,0.97636,1.00,3.22
2016.09.21 12:54:31.978,0.97626,0.97636,2.62,3.22
2016.09.21 12:54:32.030,0.97626,0.97636,2.62,1.72
2016.09.21 12:54:32.081,0.97627,0.97636,1.00,1.72
2016.09.21 12:54:32.132,0.97627,0.97637,1.00,3.22
2016.09.21 12:54:32.184,0.9763,0.97637,1.00,3.22
2016.09.21 12:54:32.236,0.9763,0.97637,1.50,2.47
2016.09.21 12:54:32.287,0.9763,0.97637,1.50,2.10
2016.09.21 12:54:32.338,0.9763,0.97637,1.50,1.30
2016.09.21 12:54:32.649,0.9763,0.97637,1.00,2.47
2016.09.21 12:54:32.701,0.97627,0.97636,5.06,2.10
2016.09.21 12:54:32.752,0.97626,0.97636,1.69,1.69
2016.09.21 12:54:32.803,0.97626,0.97636,1.69,3.79
2016.09.21 12:54:32.854,0.97626,0.97635,1.12,1.85
2016.09.21 12:54:32.956,0.97625,0.97635,6.19,1.85
2016.09.21 12:54:33.405,0.97625,0.97635,3.94,2.29
2016.09.21 12:54:33.457,0.97625,0.97633,1.69,1.00
2016.09.21 12:54:33.509,0.97625,0.97633,1.50,1.00
2016.09.21 12:54:33.560,0.97627,0.97633,1.00,1.00
2016.09.21 12:54:33.662,0.97627,0.97634,1.00,1.00
2016.09.21 12:54:33.714,0.97627,0.97635,1.00,1.50
2016.09.21 12:54:33.765,0.97627,0.97635,4.50,1.50
2016.09.21 12:54:33.816,0.97627,0.97635,4.50,1.00
2016.09.21 12:54:33.867,0.97627,0.97634,4.50,1.00
2016.09.21 12:54:33.918,0.97627,0.97633,4.50,1.00
2016.09.21 12:54:33.970,0.97622,0.97631,5.25,2.47
2016.09.21 12:54:34.022,0.97622,0.97629,4.50,1.87
2016.09.21 12:54:34.074,0.97624,0.97629,1.50,1.12
2016.09.21 12:54:34.126,0.97624,0.97632,1.50,3.75
2016.09.21 12:54:34.178,0.97624,0.97632,1.50,2.62
2016.09.21 12:54:34.284,0.97624,0.97632,1.50,1.87
2016.09.21 12:54:34.336,0.97624,0.97632,1.50,2.62
2016.09.21 12:54:34.849,0.97625,0.97632,1.50,2.62
2016.09.21 12:54:34.900,0.97625,0.97632,1.50,1.87
2016.09.21 12:54:36.135,0.97625,0.97632,1.50,1.50
2016.09.21 12:54:36.238,0.97625,0.97632,1.50,1.00
2016.09.21 12:54:39.363,0.97625,0.97634,1.50,3.97
2016.09.21 12:54:39.465,0.97625,0.97634,1.50,3.22
2016.09.21 12:54:39.671,0.97625,0.97634,1.50,2.62
2016.09.21 12:54:39.877,0.97628,0.97634,3.75,1.50
2016.09.21 12:54:39.928,0.97628,0.97634,3.75,1.00
2016.09.21 12:54:39.987,0.97628,0.97635,3.75,2.25
2016.09.21 12:54:40.040,0.97629,0.97637,1.12,1.37
2016.09.21 12:54:40.093,0.97629,0.97639,1.12,1.37
2016.09.21 12:54:40.144,0.97628,0.97638,6.00,1.00
2016.09.21 12:54:40.196,0.97628,0.97638,5.62,1.00
2016.09.21 12:54:40.248,0.97628,0.97639,5.25,2.47
2016.09.21 12:54:40.321,0.97628,0.97638,5.25,1.72
2016.09.21 12:54:40.372,0.97628,0.97637,4.50,1.30
2016.09.21 12:54:40.423,0.97628,0.97637,4.50,3.22
2016.09.21 12:54:40.474,0.97628,0.97636,1.00,2.47
2016.09.21 12:54:40.594,0.97626,0.97635,5.62,1.35
2016.09.21 12:54:40.959,0.97626,0.97635,4.87,1.35
2016.09.21 12:54:41.010,0.97626,0.97635,4.87,1.00
2016.09.21 12:54:41.062,0.97626,0.97635,1.12,1.35
2016.09.21 12:54:41.113,0.97626,0.97635,1.12,1.60
2016.09.21 12:54:41.164,0.97625,0.97633,2.44,1.00
2016.09.21 12:54:41.266,0.97625,0.97634,2.44,1.35
2016.09.21 12:54:41.504,0.97625,0.97634,2.44,1.00
2016.09.21 12:54:41.557,0.97625,0.97633,1.69,1.00
2016.09.21 12:54:41.870,0.97628,0.97632,1.00,1.00
2016.09.21 12:54:41.922,0.97628,0.97632,1.50,1.00
2016.09.21 12:54:41.974,0.97628,0.97633,1.00,1.50
2016.09.21 12:54:42.025,0.97624,0.97635,1.50,3.60
2016.09.21 12:54:42.076,0.97624,0.97635,1.69,3.60
2016.09.21 12:54:42.127,0.97624,0.97634,2.44,1.00
2016.09.21 12:54:42.239,0.97624,0.97634,2.06,1.00
2016.09.21 12:54:42.290,0.97624,0.97634,2.06,1.00
2016.09.21 12:54:42.341,0.97624,0.97634,2.81,1.00
2016.09.21 12:54:42.753,0.97624,0.97635,2.81,2.47
2016.09.21 12:54:42.805,0.97624,0.97635,5.06,1.87
2016.09.21 12:54:42.857,0.97625,0.97635,1.31,1.12
2016.09.21 12:54:42.908,0.97626,0.97635,1.00,1.12
2016.09.21 12:54:42.959,0.97626,0.97636,1.12,1.00
2016.09.21 12:54:43.011,0.97628,0.97637,1.00,3.00
2016.09.21 12:54:43.062,0.97629,0.97637,1.00,1.87
2016.09.21 12:54:43.332,0.97628,0.97637,1.50,1.87
2016.09.21 12:54:43.384,0.97628,0.97637,1.50,1.37
2016.09.21 12:54:43.435,0.97629,0.97637,1.00,1.37
2016.09.21 12:54:44.225,0.97628,0.97637,4.50,1.37
2016.09.21 12:54:44.328,0.97628,0.97637,4.50,1.50
2016.09.21 12:54:44.846,0.97628,0.97637,4.50,1.37
2016.09.21 12:54:46.788,0.97628,0.97638,4.50,3.97
2016.09.21 12:54:48.340,0.97628,0.97638,3.75,3.60
2016.09.21 12:54:48.392,0.97628,0.97637,3.75,1.72
2016.09.21 12:54:48.444,0.97628,0.97635,4.50,1.00
2016.09.21 12:54:48.554,0.97625,0.97633,1.50,1.00
2016.09.21 12:54:49.183,0.97625,0.97633,1.50,1.00
2016.09.21 12:54:50.659,0.97625,0.97634,1.50,1.72
2016.09.21 12:54:50.929,0.97625,0.97634,1.50,1.12
2016.09.21 12:54:51.833,0.97625,0.97634,1.69,1.12
2016.09.21 12:54:52.037,0.9763,0.97635,1.00,1.37
2016.09.21 12:54:52.089,0.9763,0.97636,1.50,2.85
2016.09.21 12:54:52.141,0.9763,0.97636,1.50,2.25
2016.09.21 12:54:52.192,0.9763,0.97636,1.50,1.12
2016.09.21 12:54:52.759,0.9763,0.97636,1.00,1.12
2016.09.21 12:54:52.810,0.97628,0.97636,1.50,1.12
2016.09.21 12:54:52.889,0.97628,0.97636,1.50,1.72
2016.09.21 12:54:52.941,0.97628,0.97636,1.00,2.44
2016.09.21 12:54:52.994,0.97626,0.97636,2.62,3.04
2016.09.21 12:54:53.045,0.97625,0.97635,3.56,1.35
2016.09.21 12:54:53.097,0.97625,0.97635,2.44,1.72
2016.09.21 12:54:53.505,0.97625,0.97634,2.06,1.30
2016.09.21 12:54:53.558,0.97625,0.97635,2.06,2.10
2016.09.21 12:54:54.161,0.97625,0.97634,2.06,1.30
2016.09.21 12:54:54.974,0.97625,0.97634,1.31,1.30
2016.09.21 12:54:55.089,0.97625,0.97634,1.25,1.30
2016.09.21 12:54:55.366,0.97626,0.97634,1.00,1.30
2016.09.21 12:54:55.418,0.97626,0.97634,1.50,1.30
2016.09.21 12:54:55.490,0.97626,0.97634,1.50,1.72
2016.09.21 12:54:55.541,0.97626,0.97634,1.50,1.12
2016.09.21 12:54:56.578,0.97626,0.97634,1.00,1.12
2016.09.21 12:54:56.739,0.97625,0.97634,3.94,1.12
2016.09.21 12:54:56.843,0.97625,0.97634,3.19,1.12
2016.09.21 12:54:56.946,0.97625,0.97634,3.94,1.12
2016.09.21 12:54:57.572,0.97625,0.97634,3.19,1.12
2016.09.21 12:54:57.693,0.97625,0.97634,3.94,1.12
2016.09.21 12:54:58.383,0.97625,0.97634,1.69,1.12
2016.09.21 12:54:59.284,0.97626,0.97634,1.00,1.12
2016.09.21 12:55:00.278,0.97625,0.97634,1.69,1.12
2016.09.21 12:55:00.355,0.97625,0.97633,1.69,1.00
2016.09.21 12:55:00.561,0.97625,0.97633,1.50,1.00
2016.09.21 12:55:00.707,0.97625,0.97633,1.50,1.12
2016.09.21 12:55:00.865,0.97625,0.97633,1.00,1.12
2016.09.21 12:55:00.967,0.97625,0.97633,1.50,1.12
2016.09.21 12:55:01.647,0.97625,0.97633,1.50,1.00
2016.09.21 12:55:01.854,0.97625,0.97633,1.00,1.00
2016.09.21 12:55:02.059,0.97625,0.97633,1.50,1.00
2016.09.21 12:55:02.290,0.97625,0.97633,1.00,1.00
2016.09.21 12:55:02.598,0.97625,0.97633,1.50,1.00
2016.09.21 12:55:03.371,0.97625,0.97632,1.00,2.44
2016.09.21 12:55:03.423,0.97623,0.97631,4.50,1.25
2016.09.21 12:55:03.474,0.97623,0.97629,3.75,1.67
2016.09.21 12:55:03.526,0.97621,0.97629,1.50,1.67
2016.09.21 12:55:03.578,0.97621,0.97628,1.50,1.72
2016.09.21 12:55:04.284,0.97621,0.97628,1.50,1.12
2016.09.21 12:55:04.489,0.97621,0.97629,1.50,1.37
2016.09.21 12:55:04.593,0.97621,0.97629,1.00,1.37
2016.09.21 12:55:04.645,0.97621,0.97629,1.00,1.72
2016.09.21 12:55:05.270,0.9762,0.97629,4.50,1.72
2016.09.21 12:55:05.424,0.9762,0.97628,4.50,2.10
2016.09.21 12:55:05.475,0.9762,0.97628,4.50,1.35
2016.09.21 12:55:05.993,0.97618,0.97628,1.31,1.35
2016.09.21 12:55:06.352,0.97617,0.97628,3.19,2.10
2016.09.21 12:55:06.405,0.97617,0.97628,2.44,2.10
2016.09.21 12:55:06.456,0.97617,0.97628,1.69,2.47
2016.09.21 12:55:06.507,0.97617,0.97628,1.19,2.47
2016.09.21 12:55:06.559,0.97617,0.97628,1.19,2.10
2016.09.21 12:55:07.371,0.97617,0.97628,1.19,2.47
2016.09.21 12:55:07.474,0.97617,0.97628,1.19,2.47
2016.09.21 12:55:07.790,0.97617,0.97627,1.19,1.30
2016.09.21 12:55:07.841,0.97617,0.97628,1.00,5.47
2016.09.21 12:55:07.893,0.97617,0.97626,1.00,2.47
2016.09.21 12:55:07.945,0.97615,0.97625,1.31,1.72
2016.09.21 12:55:07.997,0.97615,0.97624,1.31,1.00
2016.09.21 12:55:08.049,0.97615,0.97624,1.12,1.35
2016.09.21 12:55:08.207,0.97614,0.97624,1.25,1.50
2016.09.21 12:55:08.259,0.97613,0.97621,1.12,1.67
2016.09.21 12:55:08.311,0.97613,0.97621,1.12,1.72
2016.09.21 12:55:08.363,0.97611,0.97618,1.12,1.00
2016.09.21 12:55:08.414,0.97611,0.97618,1.00,1.35
2016.09.21 12:55:08.466,0.97609,0.97618,1.69,2.10
2016.09.21 12:55:08.517,0.97609,0.97618,1.31,1.87
2016.09.21 12:55:08.569,0.97609,0.97618,1.31,1.12
2016.09.21 12:55:08.672,0.97609,0.97619,1.31,2.47
2016.09.21 12:55:08.803,0.97609,0.97619,1.69,1.72
2016.09.21 12:55:08.877,0.97609,0.9762,1.69,4.35
2016.09.21 12:55:08.928,0.97609,0.9762,1.69,3.60
2016.09.21 12:55:08.980,0.97609,0.97619,1.69,1.35
2016.09.21 12:55:09.539,0.97609,0.97619,1.50,1.35
2016.09.21 12:55:09.642,0.97609,0.97619,1.50,1.35
2016.09.21 12:55:10.880,0.97609,0.97619,1.50,1.30
2016.09.21 12:55:10.983,0.97609,0.97619,1.50,1.35
2016.09.21 12:55:11.098,0.97609,0.97619,1.87,1.35
2016.09.21 12:55:11.254,0.97609,0.97619,1.50,1.35
2016.09.21 12:55:11.359,0.97609,0.97619,1.00,1.60
2016.09.21 12:55:11.411,0.97608,0.97618,2.06,2.10
2016.09.21 12:55:11.463,0.97607,0.97617,1.56,1.00
2016.09.21 12:55:11.565,0.97607,0.97617,2.06,1.00
2016.09.21 12:55:11.616,0.97607,0.97617,2.81,1.00
2016.09.21 12:55:11.667,0.97607,0.97618,2.62,3.22
2016.09.21 12:55:11.731,0.97607,0.97618,3.00,2.47
2016.09.21 12:55:11.783,0.97607,0.97618,2.62,2.85
2016.09.21 12:55:11.834,0.97607,0.97617,1.87,1.35
2016.09.21 12:55:11.885,0.97607,0.97616,1.50,1.00
2016.09.21 12:55:11.937,0.97607,0.97616,1.50,1.72
2016.09.21 12:55:12.142,0.97608,0.97616,1.00,1.72
2016.09.21 12:55:12.297,0.97608,0.97616,1.50,1.72
2016.09.21 12:55:13.564,0.97608,0.97616,4.12,1.72
2016.09.21 12:55:13.667,0.97608,0.97616,4.12,1.30
2016.09.21 12:55:13.719,0.97611,0.97616,1.00,1.30
2016.09.21 12:55:14.179,0.97611,0.97616,1.50,1.30
2016.09.21 12:55:14.332,0.97611,0.97616,1.00,1.30
2016.09.21 12:55:14.384,0.9761,0.97616,4.50,1.30
2016.09.21 12:55:14.510,0.9761,0.97617,4.50,1.67
2016.09.21 12:55:14.562,0.9761,0.97617,4.50,1.67
2016.09.21 12:55:14.716,0.9761,0.97618,4.50,2.10
2016.09.21 12:55:14.768,0.9761,0.97618,4.50,1.72
2016.09.21 12:55:14.871,0.9761,0.97618,4.50,2.85
2016.09.21 12:55:14.974,0.9761,0.97618,4.50,2.10
2016.09.21 12:55:15.355,0.9761,0.97618,4.50,1.35
2016.09.21 12:55:15.509,0.9761,0.97618,4.50,1.00
2016.09.21 12:55:16.810,0.9761,0.97619,4.50,3.97
2016.09.21 12:55:16.861,0.9761,0.97619,4.50,2.85
2016.09.21 12:55:17.341,0.9761,0.97619,4.50,3.22
2016.09.21 12:55:17.447,0.9761,0.97619,4.50,2.85
2016.09.21 12:55:17.754,0.9761,0.97618,4.50,1.30
2016.09.21 12:55:18.454,0.9761,0.97619,4.50,3.60
2016.09.21 12:55:18.505,0.9761,0.97618,4.50,1.67
2016.09.21 12:55:19.193,0.9761,0.97618,4.50,1.67
2016.09.21 12:55:19.551,0.9761,0.97617,5.25,1.30
2016.09.21 12:55:19.604,0.9761,0.97617,5.25,1.30
2016.09.21 12:55:19.656,0.9761,0.97617,4.50,1.30
2016.09.21 12:55:19.707,0.9761,0.97618,4.50,2.85
2016.09.21 12:55:20.116,0.9761,0.97617,4.50,1.30
2016.09.21 12:55:20.168,0.9761,0.97617,4.50,1.30
2016.09.21 12:55:20.298,0.9761,0.97617,3.75,1.30
2016.09.21 12:55:20.349,0.9761,0.97618,4.50,1.67
2016.09.21 12:55:22.267,0.9761,0.97619,4.50,1.12
2016.09.21 12:55:22.369,0.97612,0.97618,1.00,1.00
2016.09.21 12:55:22.420,0.97612,0.97619,1.50,1.37
2016.09.21 12:55:22.472,0.97612,0.97619,1.50,1.12
2016.09.21 12:55:22.523,0.97612,0.97619,1.50,1.00
2016.09.21 12:55:22.730,0.97612,0.97619,1.00,1.00
2016.09.21 12:55:22.782,0.97611,0.97619,5.25,1.00
2016.09.21 12:55:22.986,0.97613,0.97621,1.00,1.67
2016.09.21 12:55:23.037,0.97613,0.97622,1.50,3.22
2016.09.21 12:55:23.088,0.97613,0.97621,1.50,1.12
2016.09.21 12:55:23.678,0.97613,0.97621,1.00,1.12
2016.09.21 12:55:23.781,0.97613,0.97621,1.00,1.37
2016.09.21 12:55:23.832,0.97613,0.97621,1.00,1.50
2016.09.21 12:55:24.240,0.97613,0.97621,1.50,1.50
2016.09.21 12:55:24.343,0.97613,0.9762,1.50,1.00
2016.09.21 12:55:24.394,0.97613,0.9762,1.50,1.00
2016.09.21 12:55:24.445,0.97613,0.9762,1.00,1.37
2016.09.21 12:55:24.561,0.97611,0.97619,4.50,1.12
2016.09.21 12:55:25.960,0.97612,0.97619,1.00,1.12
2016.09.21 12:55:26.062,0.97612,0.97619,4.50,1.12
2016.09.21 12:55:26.991,0.97612,0.9762,3.75,2.10
2016.09.21 12:55:28.143,0.97612,0.9762,4.50,2.47
2016.09.21 12:55:29.450,0.97611,0.9762,1.00,2.47
2016.09.21 12:55:29.552,0.97611,0.9762,1.50,2.47
2016.09.21 12:55:30.550,0.97611,0.9762,1.50,1.42
2016.09.21 12:55:30.601,0.97611,0.9762,1.50,1.42
2016.09.21 12:55:30.652,0.97611,0.9762,1.00,1.42
2016.09.21 12:55:30.792,0.97611,0.9762,1.00,2.02
2016.09.21 12:55:31.251,0.97611,0.9762,1.00,2.47
2016.09.21 12:55:31.303,0.97611,0.9762,1.00,2.47
2016.09.21 12:55:31.943,0.97611,0.9762,1.50,2.47
2016.09.21 12:55:31.994,0.97611,0.9762,1.00,2.10
2016.09.21 12:55:32.198,0.97611,0.9762,3.00,2.47
2016.09.21 12:55:32.454,0.97611,0.9762,3.00,1.87
2016.09.21 12:55:32.761,0.97611,0.9762,2.25,1.50
2016.09.21 12:55:33.091,0.97611,0.9762,3.00,1.87
2016.09.21 12:55:35.245,0.97611,0.9762,1.50,1.87
2016.09.21 12:55:36.279,0.97611,0.9762,1.50,1.72
2016.09.21 12:55:36.331,0.97611,0.9762,1.50,1.37
2016.09.21 12:55:36.435,0.97611,0.9762,2.25,1.37
2016.09.21 12:55:36.487,0.97612,0.9762,1.00,1.37
2016.09.21 12:55:38.089,0.97612,0.9762,4.50,1.37
2016.09.21 12:55:38.191,0.97612,0.97621,4.50,2.10
2016.09.21 12:55:38.242,0.97612,0.97621,5.25,2.05
2016.09.21 12:55:38.294,0.97612,0.97621,5.25,2.47
2016.09.21 12:55:38.652,0.97612,0.97621,4.50,2.47
2016.09.21 12:55:38.755,0.97612,0.97621,5.25,2.47
2016.09.21 12:55:39.303,0.97612,0.97621,5.25,2.05
2016.09.21 12:55:40.028,0.97612,0.97621,5.25,1.60
2016.09.21 12:55:40.080,0.97612,0.97622,4.87,3.11
2016.09.21 12:55:40.131,0.97612,0.97622,4.87,1.87
2016.09.21 12:55:40.184,0.97616,0.97622,3.75,1.00
2016.09.21 12:55:40.236,0.97615,0.97622,4.50,1.00
2016.09.21 12:55:40.288,0.97615,0.97623,4.50,2.62
2016.09.21 12:55:40.340,0.97615,0.97623,4.50,2.25
2016.09.21 12:55:40.582,0.97615,0.97623,4.50,2.62
2016.09.21 12:55:41.113,0.97615,0.97623,4.50,1.87
2016.09.21 12:55:41.572,0.97615,0.97623,3.75,1.87
2016.09.21 12:55:42.035,0.97615,0.97623,4.50,1.87
2016.09.21 12:55:42.086,0.97615,0.97623,4.50,2.25
2016.09.21 12:55:44.506,0.97615,0.97623,4.50,2.10
2016.09.21 12:55:44.558,0.97612,0.97622,5.62,3.79
2016.09.21 12:55:44.609,0.97612,0.9762,4.87,1.67
2016.09.21 12:55:44.662,0.97611,0.97621,2.25,1.35
2016.09.21 12:55:44.713,0.97611,0.9762,1.87,1.50
2016.09.21 12:55:44.766,0.97611,0.9762,1.50,1.50
2016.09.21 12:55:45.002,0.97611,0.9762,1.50,1.87
2016.09.21 12:55:45.055,0.97611,0.9762,1.50,2.47
2016.09.21 12:55:45.261,0.97611,0.9762,1.50,1.87
2016.09.21 12:55:45.418,0.97611,0.9762,1.50,2.47
2016.09.21 12:55:45.469,0.97611,0.9762,1.00,2.10
2016.09.21 12:55:45.772,0.97611,0.9762,1.00,2.47
2016.09.21 12:55:46.088,0.9761,0.9762,5.81,2.47
2016.09.21 12:55:46.592,0.9761,0.97619,5.81,1.12
2016.09.21 12:55:50.745,0.9761,0.97619,5.81,1.00
2016.09.21 12:55:50.796,0.97611,0.97619,1.00,1.00
2016.09.21 12:55:50.847,0.97611,0.97619,1.50,1.12
2016.09.21 12:55:50.950,0.97611,0.97619,1.50,2.62
2016.09.21 12:55:51.001,0.97611,0.97619,1.50,2.85
2016.09.21 12:55:51.053,0.97611,0.97618,1.50,1.12
2016.09.21 12:55:51.104,0.97611,0.97618,1.50,2.47
2016.09.21 12:55:51.219,0.97611,0.97618,1.50,1.72
2016.09.21 12:55:51.424,0.97611,0.97618,1.50,1.72
2016.09.21 12:55:51.985,0.9761,0.97618,1.50,1.72
2016.09.21 12:55:52.136,0.9761,0.97618,1.50,1.72
2016.09.21 12:55:52.496,0.9761,0.97618,1.50,2.10
2016.09.21 12:55:52.548,0.9761,0.97618,1.50,2.10
2016.09.21 12:55:52.650,0.9761,0.97617,1.50,1.00
2016.09.21 12:55:52.701,0.9761,0.97617,1.50,2.47
2016.09.21 12:55:52.805,0.9761,0.97617,1.50,2.85
2016.09.21 12:55:52.856,0.9761,0.97617,1.50,2.25
2016.09.21 12:55:52.996,0.9761,0.97618,1.50,2.85
2016.09.21 12:55:53.149,0.9761,0.97618,1.50,2.85
2016.09.21 12:55:53.201,0.9761,0.97618,1.50,3.22
2016.09.21 12:55:53.360,0.9761,0.97618,1.50,3.22
2016.09.21 12:55:53.573,0.9761,0.97617,1.50,1.50
2016.09.21 12:55:53.681,0.9761,0.97617,1.50,3.97
2016.09.21 12:55:53.732,0.9761,0.97617,1.50,4.72
2016.09.21 12:55:53.784,0.9761,0.97617,1.50,3.97
2016.09.21 12:55:53.835,0.9761,0.97617,1.50,3.60
2016.09.21 12:55:53.886,0.9761,0.97617,1.50,2.47
2016.09.21 12:55:53.938,0.9761,0.97617,1.50,1.12
2016.09.21 12:55:53.989,0.9761,0.97617,1.50,1.72
2016.09.21 12:55:54.091,0.9761,0.97617,1.50,1.12
2016.09.21 12:55:54.142,0.9761,0.97618,1.50,1.50
2016.09.21 12:55:54.194,0.9761,0.97618,1.00,2.10
2016.09.21 12:55:54.246,0.9761,0.97618,1.50,2.10
2016.09.21 12:55:55.719,0.9761,0.97618,1.50,2.47
2016.09.21 12:55:56.670,0.9761,0.97618,1.00,2.47
2016.09.21 12:55:56.772,0.9761,0.97618,1.50,2.47
2016.09.21 12:55:57.083,0.9761,0.97618,4.50,2.47
2016.09.21 12:55:57.237,0.9761,0.97618,4.50,2.10
2016.09.21 12:55:57.339,0.9761,0.97618,4.50,2.47
2016.09.21 12:55:57.442,0.9761,0.97618,4.50,2.85
2016.09.21 12:55:57.646,0.9761,0.97618,4.50,2.47
2016.09.21 12:55:58.093,0.9761,0.97618,4.50,2.10
2016.09.21 12:55:58.558,0.9761,0.97618,4.50,2.10
2016.09.21 12:55:58.661,0.9761,0.97618,4.50,2.10
2016.09.21 12:55:58.712,0.9761,0.97618,4.50,1.72
2016.09.21 12:55:59.468,0.9761,0.97619,3.75,2.85
2016.09.21 12:55:59.672,0.9761,0.97619,4.50,3.97
2016.09.21 12:56:00.351,0.9761,0.97619,4.50,3.37
2016.09.21 12:56:00.453,0.9761,0.97618,3.75,1.00
2016.09.21 12:56:00.555,0.9761,0.97618,4.50,1.12
2016.09.21 12:56:00.657,0.9761,0.97619,4.50,5.47
2016.09.21 12:56:00.795,0.9761,0.97619,3.75,3.22
2016.09.21 12:56:02.109,0.9761,0.97618,3.75,1.30
2016.09.21 12:56:02.160,0.9761,0.97618,4.50,1.30
2016.09.21 12:56:02.319,0.9761,0.97619,4.50,4.72
2016.09.21 12:56:02.370,0.9761,0.97618,4.50,1.30
2016.09.21 12:56:03.053,0.9761,0.97619,4.50,4.72
2016.09.21 12:56:03.256,0.9761,0.97619,3.75,3.60
2016.09.21 12:56:03.359,0.9761,0.97619,4.50,3.22
2016.09.21 12:56:03.410,0.9761,0.97619,4.50,2.62
2016.09.21 12:56:03.498,0.97615,0.97619,1.00,1.12
2016.09.21 12:56:03.549,0.97618,0.97622,3.75,2.44
2016.09.21 12:56:03.601,0.97617,0.97622,4.50,2.66
2016.09.21 12:56:03.652,0.97617,0.97621,4.50,1.12
2016.09.21 12:56:03.703,0.97616,0.9762,1.00,1.30
2016.09.21 12:56:03.806,0.97616,0.9762,1.00,1.30
2016.09.21 12:56:03.857,0.97611,0.9762,6.75,1.67
2016.09.21 12:56:04.112,0.97611,0.9762,6.75,1.67
2016.09.21 12:56:04.265,0.97611,0.9762,4.50,1.30
2016.09.21 12:56:04.575,0.97611,0.9762,6.75,1.30
2016.09.21 12:56:04.985,0.97612,0.9762,1.50,1.35
2016.09.21 12:56:05.036,0.97612,0.9762,1.50,1.72
2016.09.21 12:56:05.138,0.97612,0.9762,1.00,1.72
2016.09.21 12:56:05.190,0.97611,0.9762,6.75,1.72
2016.09.21 12:56:05.391,0.97611,0.9762,6.75,1.72
2016.09.21 12:56:05.442,0.97611,0.9762,6.75,1.42
2016.09.21 12:56:05.960,0.97611,0.9762,6.00,1.35
2016.09.21 12:56:06.012,0.97611,0.9762,6.00,1.35
2016.09.21 12:56:06.165,0.97611,0.9762,6.75,1.72
2016.09.21 12:56:06.267,0.97611,0.9762,5.25,1.35
2016.09.21 12:56:06.375,0.97612,0.9762,1.00,1.72
2016.09.21 12:56:06.477,0.97611,0.9762,5.25,1.35
2016.09.21 12:56:06.579,0.97611,0.9762,5.25,1.72
2016.09.21 12:56:07.453,0.97613,0.97621,1.00,2.25
2016.09.21 12:56:07.504,0.97613,0.97621,2.25,2.25
2016.09.21 12:56:07.555,0.97616,0.97622,1.00,1.37
2016.09.21 12:56:07.607,0.97616,0.97622,1.50,1.00
2016.09.21 12:56:07.658,0.97616,0.97625,1.50,2.25
2016.09.21 12:56:07.709,0.97616,0.97625,1.50,1.87
2016.09.21 12:56:07.761,0.97616,0.97625,1.87,1.50
2016.09.21 12:56:07.863,0.97616,0.97625,1.50,1.87
2016.09.21 12:56:08.074,0.97616,0.97625,1.50,1.87
2016.09.21 12:56:08.281,0.97616,0.97625,1.50,1.87
2016.09.21 12:56:08.601,0.97616,0.97625,1.50,1.87
2016.09.21 12:56:08.653,0.97616,0.97626,1.50,2.25
2016.09.21 12:56:08.755,0.97616,0.97626,1.00,2.25
2016.09.21 12:56:08.854,0.97616,0.97626,3.37,1.50
2016.09.21 12:56:08.909,0.97616,0.97626,3.37,1.50
2016.09.21 12:56:08.961,0.97618,0.97627,1.00,1.67
2016.09.21 12:56:09.013,0.97618,0.97628,1.50,3.75
2016.09.21 12:56:09.065,0.97621,0.97628,1.00,3.97
2016.09.21 12:56:09.117,0.97621,0.97628,1.00,2.85
2016.09.21 12:56:09.168,0.9762,0.97628,4.50,2.47
2016.09.21 12:56:09.219,0.9762,0.97628,5.25,2.25
2016.09.21 12:56:09.270,0.97621,0.97628,1.00,2.62
2016.09.21 12:56:09.322,0.97621,0.97628,1.00,2.25
2016.09.21 12:56:09.373,0.97621,0.97628,1.00,2.85
2016.09.21 12:56:09.522,0.97621,0.97628,1.00,2.10
2016.09.21 12:56:09.983,0.9762,0.97627,5.25,1.00
2016.09.21 12:56:10.086,0.97621,0.97628,1.00,2.10
2016.09.21 12:56:10.292,0.97621,0.97627,1.00,1.00
2016.09.21 12:56:13.708,0.97621,0.97626,1.00,1.00
2016.09.21 12:56:13.862,0.97621,0.97627,1.00,1.00
2016.09.21 12:56:14.987,0.97621,0.97628,1.00,1.50
2016.09.21 12:56:15.244,0.97621,0.97628,1.00,1.87
2016.09.21 12:56:15.863,0.97621,0.97628,1.00,2.47
2016.09.21 12:56:16.774,0.97621,0.97628,1.00,2.47
2016.09.21 12:56:16.876,0.97621,0.97628,1.00,2.47
2016.09.21 12:56:16.978,0.97621,0.97628,1.00,2.47
2016.09.21 12:56:17.651,0.97621,0.97628,1.00,1.87
2016.09.21 12:56:17.702,0.97623,0.97628,4.50,1.00
2016.09.21 12:56:17.754,0.97623,0.97629,4.50,2.85
2016.09.21 12:56:17.805,0.97623,0.97629,4.50,1.72
2016.09.21 12:56:17.856,0.97623,0.97629,4.50,1.72
2016.09.21 12:56:18.214,0.97623,0.97629,4.50,1.37
2016.09.21 12:56:18.266,0.97626,0.9763,1.00,1.00
2016.09.21 12:56:18.317,0.97626,0.97631,4.50,3.19
2016.09.21 12:56:18.369,0.97626,0.97631,4.50,2.06
2016.09.21 12:56:18.473,0.97626,0.9763,4.50,1.00
2016.09.21 12:56:18.781,0.97626,0.9763,4.50,1.12
2016.09.21 12:56:18.884,0.97625,0.97632,4.50,2.25
2016.09.21 12:56:18.935,0.97625,0.97632,4.50,1.87
2016.09.21 12:56:18.987,0.97625,0.97632,4.50,1.12
2016.09.21 12:56:19.038,0.97625,0.97633,4.50,2.62
2016.09.21 12:56:19.090,0.97625,0.97633,4.50,2.25
2016.09.21 12:56:19.143,0.97625,0.97633,4.50,2.25
2016.09.21 12:56:19.194,0.97625,0.97633,4.50,2.25
2016.09.21 12:56:19.322,0.97625,0.97633,4.50,2.25
2016.09.21 12:56:19.427,0.97625,0.97633,4.50,1.50
2016.09.21 12:56:19.737,0.97625,0.97633,4.50,1.50
2016.09.21 12:56:19.892,0.97627,0.97633,1.00,1.50
2016.09.21 12:56:19.943,0.97627,0.97633,1.50,1.50
2016.09.21 12:56:20.057,0.9763,0.97634,1.50,1.00
2016.09.21 12:56:20.111,0.97631,0.97635,3.75,1.00
2016.09.21 12:56:20.162,0.97632,0.97636,4.50,1.00
2016.09.21 12:56:20.213,0.97632,0.97637,4.50,1.37
2016.09.21 12:56:20.264,0.97632,0.97637,4.50,1.00
2016.09.21 12:56:20.741,0.97632,0.9764,4.50,3.41
2016.09.21 12:56:20.996,0.97632,0.9764,4.50,3.41
2016.09.21 12:56:21.098,0.97632,0.97639,4.50,1.50
2016.09.21 12:56:21.685,0.97632,0.97639,4.50,1.50
2016.09.21 12:56:22.045,0.97632,0.97639,3.75,1.50
2016.09.21 12:56:22.096,0.97633,0.9764,1.00,3.19
2016.09.21 12:56:22.202,0.97633,0.9764,6.37,1.00
2016.09.21 12:56:22.255,0.97633,0.9764,7.12,1.00
2016.09.21 12:56:22.565,0.97633,0.97641,7.12,1.00
2016.09.21 12:56:23.095,0.97633,0.97641,4.12,1.00
2016.09.21 12:56:23.197,0.97633,0.97641,1.87,1.00
2016.09.21 12:56:23.454,0.97634,0.97641,1.00,1.00
2016.09.21 12:56:23.506,0.97634,0.97641,1.37,1.00
2016.09.21 12:56:23.560,0.97637,0.97641,1.00,1.00
2016.09.21 12:56:23.652,0.97635,0.97643,1.50,2.81
2016.09.21 12:56:23.704,0.97635,0.97642,1.00,1.00
2016.09.21 12:56:23.807,0.97635,0.97642,1.00,1.00
2016.09.21 12:56:24.014,0.97633,0.97642,5.25,1.00
2016.09.21 12:56:24.065,0.97634,0.97642,1.00,1.00
2016.09.21 12:56:24.168,0.97634,0.97643,1.50,1.00
2016.09.21 12:56:24.220,0.97638,0.97643,1.00,1.00
2016.09.21 12:56:24.327,0.97638,0.97643,1.50,1.00
2016.09.21 12:56:24.379,0.97639,0.97645,1.00,1.00
2016.09.21 12:56:24.431,0.97639,0.97643,1.50,1.12
2016.09.21 12:56:24.534,0.97637,0.97644,1.00,1.87
2016.09.21 12:56:24.586,0.97635,0.97644,1.75,1.87
2016.09.21 12:56:24.637,0.97635,0.97644,6.00,1.50
2016.09.21 12:56:24.688,0.97635,0.97644,6.00,1.50
2016.09.21 12:56:24.739,0.97636,0.97644,1.00,1.50
2016.09.21 12:56:24.791,0.97635,0.97644,1.50,1.50
2016.09.21 12:56:25.107,0.97635,0.97644,1.50,1.50
2016.09.21 12:56:25.162,0.97635,0.97644,1.69,1.50
2016.09.21 12:56:25.213,0.97637,0.97644,1.50,1.50
2016.09.21 12:56:25.317,0.97637,0.97644,1.50,1.00
2016.09.21 12:56:25.369,0.97637,0.97645,2.25,1.00
2016.09.21 12:56:25.471,0.97639,0.97645,1.00,1.00
2016.09.21 12:56:25.532,0.97639,0.97646,1.50,1.00
2016.09.21 12:56:25.736,0.97639,0.97646,1.00,1.00
2016.09.21 12:56:26.055,0.97639,0.97646,1.50,1.00
2016.09.21 12:56:26.209,0.97639,0.97645,1.50,1.00
2016.09.21 12:56:26.311,0.97639,0.97646,1.50,1.00
2016.09.21 12:56:26.695,0.97639,0.97646,4.50,1.00
2016.09.21 12:56:27.383,0.97639,0.97646,4.50,1.00
2016.09.21 12:56:27.435,0.97639,0.97645,3.75,1.00
2016.09.21 12:56:27.537,0.97638,0.97642,3.75,1.35
2016.09.21 12:56:27.588,0.97636,0.9764,3.75,1.00
2016.09.21 12:56:27.639,0.97633,0.9764,5.25,1.00
2016.09.21 12:56:27.733,0.97635,0.97641,1.00,1.00
2016.09.21 12:56:27.786,0.97635,0.97642,1.50,1.00
2016.09.21 12:56:27.890,0.97635,0.97642,1.50,1.00
2016.09.21 12:56:32.454,0.97635,0.97642,2.25,1.00
2016.09.21 12:56:32.572,0.97635,0.97644,3.00,1.00
2016.09.21 12:56:32.624,0.97637,0.97645,1.00,1.87
2016.09.21 12:56:32.676,0.97637,0.97645,1.00,1.12
2016.09.21 12:56:32.728,0.97639,0.97645,1.00,1.12
2016.09.21 12:56:32.935,0.9764,0.97646,1.00,1.87
2016.09.21 12:56:33.039,0.9764,0.97646,1.50,1.12
2016.09.21 12:56:33.233,0.9764,0.97646,1.50,1.00
2016.09.21 12:56:33.285,0.9764,0.97646,1.50,1.00
2016.09.21 12:56:33.336,0.97638,0.97646,4.50,1.50
2016.09.21 12:56:33.387,0.97638,0.97646,4.50,2.25
2016.09.21 12:56:33.542,0.97638,0.97645,4.50,1.12
2016.09.21 12:56:33.645,0.97636,0.97645,1.00,2.25
2016.09.21 12:56:33.800,0.97636,0.97645,1.50,2.25
2016.09.21 12:56:34.210,0.97637,0.97645,3.75,2.25
2016.09.21 12:56:34.261,0.97637,0.97645,4.50,2.25
2016.09.21 12:56:35.297,0.97637,0.97645,4.50,1.12
2016.09.21 12:56:35.552,0.97639,0.97645,1.50,1.12
2016.09.21 12:56:35.832,0.97639,0.97645,1.50,1.12
2016.09.21 12:56:35.935,0.97639,0.97646,1.50,2.25
2016.09.21 12:56:36.294,0.97639,0.97646,1.50,3.00
2016.09.21 12:56:36.396,0.97639,0.97643,1.50,1.00
2016.09.21 12:56:36.602,0.97639,0.97645,1.50,1.87
2016.09.21 12:56:36.756,0.97636,0.97645,3.75,1.87
2016.09.21 12:56:36.808,0.97636,0.97645,3.75,2.25
2016.09.21 12:56:36.860,0.97636,0.97645,4.50,3.00
2016.09.21 12:56:37.014,0.97636,0.97645,4.50,3.37
2016.09.21 12:56:37.065,0.97636,0.97645,4.50,3.75
2016.09.21 12:56:37.168,0.97636,0.97645,4.50,3.00
2016.09.21 12:56:37.220,0.97636,0.97645,3.75,3.00
2016.09.21 12:56:37.271,0.97636,0.97644,3.75,1.12
2016.09.21 12:56:37.620,0.97636,0.9764,4.50,1.00
2016.09.21 12:56:37.671,0.97636,0.9764,4.50,1.50
2016.09.21 12:56:37.723,0.97632,0.9764,5.25,2.10
2016.09.21 12:56:37.775,0.97632,0.97638,4.50,1.12
2016.09.21 12:56:37.980,0.97632,0.97639,4.50,3.22
2016.09.21 12:56:38.031,0.97632,0.97639,4.50,3.22
2016.09.21 12:56:38.082,0.97632,0.97639,4.50,2.47
2016.09.21 12:56:38.133,0.97632,0.97639,4.50,2.85
2016.09.21 12:56:38.931,0.97632,0.97639,3.75,2.47
2016.09.21 12:56:39.236,0.97632,0.97639,3.75,2.85
2016.09.21 12:56:39.540,0.97632,0.97639,3.75,2.10
2016.09.21 12:56:39.591,0.97632,0.97639,3.75,2.85
2016.09.21 12:56:39.846,0.97632,0.97639,4.50,3.22
2016.09.21 12:56:40.438,0.97632,0.97639,3.75,2.85
2016.09.21 12:56:40.540,0.97632,0.97639,4.50,3.22
2016.09.21 12:56:41.153,0.97632,0.97639,3.75,2.47
2016.09.21 12:56:41.204,0.97632,0.97639,3.75,1.12
2016.09.21 12:56:41.255,0.97632,0.97639,4.50,1.12
2016.09.21 12:56:41.379,0.97632,0.97639,4.50,1.12
2016.09.21 12:56:41.739,0.97632,0.97639,3.75,1.12
2016.09.21 12:56:41.841,0.97632,0.97639,4.50,1.12
2016.09.21 12:56:43.352,0.97632,0.9764,4.50,1.50
2016.09.21 12:56:44.424,0.97632,0.97639,4.50,1.12
2016.09.21 12:56:44.476,0.97632,0.97639,4.50,3.37
2016.09.21 12:56:44.528,0.97632,0.97638,1.00,1.00
2016.09.21 12:56:44.580,0.97631,0.97639,1.00,3.97
2016.09.21 12:56:44.631,0.9763,0.97638,4.50,1.50
2016.09.21 12:56:44.683,0.9763,0.97638,4.50,2.85
2016.09.21 12:56:44.735,0.9763,0.97638,4.50,2.10
2016.09.21 12:56:44.786,0.9763,0.97638,4.50,2.47
2016.09.21 12:56:44.889,0.9763,0.97638,4.50,1.87
2016.09.21 12:56:45.199,0.9763,0.97638,4.50,1.87
2016.09.21 12:56:45.250,0.9763,0.97638,4.50,1.57
2016.09.21 12:56:45.353,0.97632,0.97639,1.50,1.57
2016.09.21 12:56:45.457,0.97632,0.97639,1.50,2.17
2016.09.21 12:56:45.741,0.97632,0.97639,1.00,2.17
2016.09.21 12:56:45.950,0.97632,0.97639,1.50,2.17
2016.09.21 12:56:46.207,0.97632,0.97639,1.50,1.57
2016.09.21 12:56:46.310,0.97632,0.9764,1.50,1.82
2016.09.21 12:56:46.412,0.97632,0.9764,1.50,1.07
2016.09.21 12:56:47.053,0.97632,0.9764,1.00,1.07
2016.09.21 12:56:47.257,0.97632,0.9764,1.50,1.07
2016.09.21 12:56:47.753,0.97632,0.9764,4.50,1.07
2016.09.21 12:56:47.951,0.97634,0.9764,1.00,1.00
2016.09.21 12:56:48.002,0.97634,0.97641,1.00,1.50
2016.09.21 12:56:48.054,0.97634,0.97641,1.50,1.50
2016.09.21 12:56:49.217,0.97634,0.97641,1.50,1.12
2016.09.21 12:56:49.268,0.97634,0.97642,1.50,2.25
2016.09.21 12:56:52.072,0.97634,0.97642,1.00,2.25
2016.09.21 12:56:52.546,0.97634,0.97642,1.00,2.25
2016.09.21 12:56:52.701,0.97635,0.97643,1.00,1.50
2016.09.21 12:56:52.752,0.97635,0.97643,1.50,1.50
2016.09.21 12:56:52.906,0.97635,0.97643,1.50,2.25
2016.09.21 12:56:53.164,0.97635,0.97643,1.50,1.50
2016.09.21 12:56:53.878,0.97635,0.97643,3.75,1.50
2016.09.21 12:56:53.929,0.97635,0.97643,3.75,1.00
2016.09.21 12:56:54.500,0.97635,0.97644,3.75,1.12
2016.09.21 12:56:55.472,0.97635,0.97644,2.25,1.87
2016.09.21 12:56:55.604,0.97635,0.97644,1.50,1.87
2016.09.21 12:56:56.115,0.97635,0.97644,1.50,2.25
2016.09.21 12:56:56.167,0.97635,0.97642,1.50,1.12
2016.09.21 12:56:56.218,0.97635,0.97642,1.50,1.87
2016.09.21 12:56:58.944,0.97635,0.97642,1.50,3.00
2016.09.21 12:56:59.440,0.97635,0.9764,1.00,1.00
2016.09.21 12:56:59.560,0.97633,0.97642,1.50,3.00
2016.09.21 12:57:00.248,0.97633,0.97641,1.50,1.50
2016.09.21 12:57:01.231,0.97633,0.9764,1.50,1.72
2016.09.21 12:57:01.336,0.9763,0.97639,1.69,2.47
2016.09.21 12:57:01.390,0.9763,0.97639,1.69,1.72
2016.09.21 12:57:01.441,0.9763,0.97639,2.44,1.72
2016.09.21 12:57:01.493,0.9763,0.97638,2.44,1.35
2016.09.21 12:57:01.545,0.9763,0.97638,1.69,1.72
2016.09.21 12:57:01.699,0.9763,0.97638,1.50,1.72
2016.09.21 12:57:01.801,0.9763,0.97638,1.00,2.47
2016.09.21 12:57:01.852,0.97629,0.97637,1.50,1.00
2016.09.21 12:57:01.952,0.97629,0.97637,1.50,1.12
2016.09.21 12:57:02.158,0.97629,0.97637,1.00,1.12
2016.09.21 12:57:02.363,0.97629,0.97637,1.50,1.12
2016.09.21 12:57:02.465,0.97629,0.97637,1.50,1.72
2016.09.21 12:57:02.568,0.97629,0.97637,1.00,1.72
2016.09.21 12:57:02.670,0.97629,0.97637,1.50,1.72
2016.09.21 12:57:02.781,0.97629,0.97637,1.50,2.47
2016.09.21 12:57:03.088,0.97629,0.97637,1.00,2.47
2016.09.21 12:57:03.140,0.97628,0.97637,2.06,2.47
2016.09.21 12:57:03.605,0.97628,0.97637,1.69,2.85
2016.09.21 12:57:03.658,0.97628,0.97636,1.69,1.00
2016.09.21 12:57:03.864,0.97626,0.97636,3.19,1.12
2016.09.21 12:57:03.915,0.97626,0.97636,3.19,1.87
2016.09.21 12:57:04.069,0.97628,0.97636,1.69,1.87
2016.09.21 12:57:04.120,0.97628,0.97636,1.69,1.12
2016.09.21 12:57:05.300,0.97628,0.97636,1.69,1.00
2016.09.21 12:57:06.772,0.97628,0.97636,1.25,1.00
2016.09.21 12:57:06.874,0.97627,0.97636,2.06,1.00
2016.09.21 12:57:07.135,0.97627,0.97636,2.06,1.00
2016.09.21 12:57:07.187,0.97627,0.97636,1.31,1.00
2016.09.21 12:57:07.392,0.97627,0.97636,2.06,1.00
2016.09.21 12:57:08.236,0.97627,0.97636,2.06,1.00
2016.09.21 12:57:09.686,0.97627,0.97636,3.19,1.00
2016.09.21 12:57:09.788,0.97627,0.97636,3.94,1.00
2016.09.21 12:57:09.890,0.97627,0.97636,4.69,1.00
2016.09.21 12:57:09.989,0.97628,0.97637,2.06,1.00
2016.09.21 12:57:10.040,0.97628,0.97639,2.44,1.50
2016.09.21 12:57:10.091,0.97631,0.97639,1.00,1.37
2016.09.21 12:57:10.147,0.97631,0.97639,1.50,1.12
2016.09.21 12:57:10.268,0.97631,0.97639,1.00,1.12
2016.09.21 12:57:10.472,0.97631,0.97639,1.50,1.12
2016.09.21 12:57:10.615,0.97631,0.9764,1.50,1.37
2016.09.21 12:57:10.667,0.97631,0.9764,1.87,1.00
2016.09.21 12:57:10.769,0.97631,0.97641,2.25,1.50
2016.09.21 12:57:10.821,0.97631,0.97641,2.25,1.00
2016.09.21 12:57:11.282,0.97631,0.97641,2.25,1.12
2016.09.21 12:57:11.437,0.97631,0.97641,2.25,1.12
2016.09.21 12:57:11.489,0.97631,0.97641,2.44,1.00
2016.09.21 12:57:11.540,0.97631,0.97641,3.19,1.00
2016.09.21 12:57:11.643,0.97631,0.97641,3.19,1.00
2016.09.21 12:57:11.898,0.97631,0.97641,2.44,1.00
2016.09.21 12:57:12.000,0.97631,0.97641,3.19,1.00
2016.09.21 12:57:12.209,0.97631,0.97641,3.94,1.00
2016.09.21 12:57:12.363,0.97632,0.97642,1.62,1.00
2016.09.21 12:57:12.517,0.97632,0.97642,2.06,1.00
2016.09.21 12:57:12.620,0.97632,0.97642,1.69,1.00
2016.09.21 12:57:12.774,0.97632,0.97642,1.69,1.00
2016.09.21 12:57:12.825,0.97632,0.97642,1.62,1.00
2016.09.21 12:57:12.877,0.97632,0.97642,1.62,1.00
2016.09.21 12:57:13.611,0.97632,0.97642,2.06,1.00
2016.09.21 12:57:13.662,0.97632,0.97642,2.81,1.00
2016.09.21 12:57:14.469,0.97632,0.97641,2.06,1.00
2016.09.21 12:57:14.521,0.97632,0.97641,2.06,1.12
2016.09.21 12:57:14.572,0.97632,0.97641,1.87,1.12
2016.09.21 12:57:14.623,0.97632,0.97641,1.87,1.12
2016.09.21 12:57:14.727,0.97632,0.9764,1.87,1.00
2016.09.21 12:57:14.778,0.97631,0.9764,1.00,1.00
2016.09.21 12:57:15.462,0.9763,0.97639,2.44,1.00
2016.09.21 12:57:15.525,0.9763,0.97639,2.44,2.25
2016.09.21 12:57:15.606,0.97629,0.97639,1.50,2.25
2016.09.21 12:57:15.709,0.97629,0.97639,1.50,2.85
2016.09.21 12:57:16.214,0.97629,0.97639,1.50,2.47
2016.09.21 12:57:16.266,0.97628,0.97638,4.31,1.00
2016.09.21 12:57:16.321,0.97628,0.97638,5.06,1.12
2016.09.21 12:57:18.117,0.97628,0.97638,5.06,1.12
2016.09.21 12:57:19.895,0.97628,0.97638,5.44,1.00
2016.09.21 12:57:19.947,0.97628,0.97638,5.44,1.00
2016.09.21 12:57:19.998,0.97629,0.97639,1.31,1.50
2016.09.21 12:57:20.103,0.97629,0.97639,1.69,1.00
2016.09.21 12:57:20.648,0.97629,0.97639,1.69,1.00
2016.09.21 12:57:20.699,0.9763,0.97639,3.19,1.00
2016.09.21 12:57:20.802,0.97631,0.97641,1.12,1.87
2016.09.21 12:57:20.853,0.97631,0.97641,1.12,1.12
2016.09.21 12:57:20.904,0.97631,0.97641,1.50,1.00
2016.09.21 12:57:21.488,0.97631,0.97641,1.50,1.12
2016.09.21 12:57:21.539,0.97631,0.97641,1.50,1.87
2016.09.21 12:57:21.590,0.97631,0.97641,1.50,2.62
2016.09.21 12:57:21.744,0.97631,0.97641,1.12,2.62
2016.09.21 12:57:22.680,0.97631,0.97641,1.12,1.87
2016.09.21 12:57:22.782,0.97631,0.97641,1.12,2.62
2016.09.21 12:57:24.168,0.9763,0.9764,2.44,1.00
2016.09.21 12:57:24.915,0.9763,0.9764,3.19,1.00
2016.09.21 12:57:25.072,0.9763,0.9764,3.19,1.00
2016.09.21 12:57:26.081,0.9763,0.9764,2.44,1.00
2016.09.21 12:57:26.133,0.9763,0.9764,1.69,1.00
2016.09.21 12:57:26.543,0.9763,0.9764,1.69,1.00
2016.09.21 12:57:27.161,0.9763,0.9764,1.69,1.00
2016.09.21 12:57:27.213,0.9763,0.9764,3.56,1.00
2016.09.21 12:57:27.316,0.97631,0.9764,1.31,1.00
2016.09.21 12:57:27.368,0.97633,0.9764,2.62,1.00
2016.09.21 12:57:27.420,0.97633,0.97642,3.94,1.37
2016.09.21 12:57:27.472,0.97635,0.97642,1.25,1.00
2016.09.21 12:57:27.523,0.97635,0.97645,2.44,1.87
2016.09.21 12:57:27.625,0.97635,0.97645,2.44,1.50
2016.09.21 12:57:27.676,0.97635,0.97645,2.81,1.12
2016.09.21 12:57:27.798,0.97635,0.97645,3.19,1.00
2016.09.21 12:57:28.258,0.97635,0.97645,3.19,1.00
2016.09.21 12:57:28.310,0.97635,0.97644,2.00,1.00
2016.09.21 12:57:28.413,0.97634,0.97644,3.94,1.50
2016.09.21 12:57:28.517,0.97634,0.97644,3.94,1.00
2016.09.21 12:57:28.738,0.97634,0.97644,3.19,1.00
2016.09.21 12:57:28.947,0.97634,0.97644,3.94,1.00
2016.09.21 12:57:29.050,0.97634,0.97644,3.19,1.00
2016.09.21 12:57:29.409,0.97638,0.97644,1.00,1.00
2016.09.21 12:57:29.460,0.97638,0.97645,1.37,1.87
2016.09.21 12:57:29.512,0.97637,0.97646,3.56,3.22
2016.09.21 12:57:29.620,0.97637,0.97644,3.56,1.00
2016.09.21 12:57:29.671,0.97636,0.97644,5.81,1.00
2016.09.21 12:57:29.774,0.97636,0.97644,5.06,1.00
2016.09.21 12:57:29.825,0.97636,0.97644,4.31,1.00
2016.09.21 12:57:29.877,0.97638,0.97644,1.25,1.00
2016.09.21 12:57:29.979,0.97638,0.97644,1.69,1.00
2016.09.21 12:57:30.031,0.97638,0.97645,2.44,1.00
2016.09.21 12:57:30.184,0.97639,0.97645,1.00,1.00
2016.09.21 12:57:30.237,0.97639,0.97645,1.50,1.00
2016.09.21 12:57:30.570,0.97639,0.97645,1.87,1.50
2016.09.21 12:57:30.927,0.97639,0.97645,1.50,1.50
2016.09.21 12:57:31.460,0.97639,0.97645,1.50,1.00
2016.09.21 12:57:31.992,0.97639,0.97645,1.50,1.12
2016.09.21 12:57:32.095,0.97639,0.97645,1.00,1.12
2016.09.21 12:57:32.183,0.97638,0.97645,3.75,1.12
2016.09.21 12:57:32.235,0.97638,0.97645,4.50,1.12
2016.09.21 12:57:32.286,0.97638,0.97645,4.50,1.12
2016.09.21 12:57:33.105,0.97638,0.97645,4.50,1.12
2016.09.21 12:57:33.694,0.97638,0.97642,4.50,1.00
2016.09.21 12:57:33.746,0.97638,0.97642,4.50,1.50
2016.09.21 12:57:33.797,0.97635,0.97639,1.00,1.00
2016.09.21 12:57:33.849,0.97634,0.97639,1.50,1.50
2016.09.21 12:57:33.900,0.97634,0.97639,1.00,1.50
2016.09.21 12:57:33.952,0.97631,0.97639,4.50,2.10
2016.09.21 12:57:34.003,0.97631,0.97638,4.50,1.30
2016.09.21 12:57:34.106,0.97631,0.97638,4.50,1.72
2016.09.21 12:57:34.157,0.97631,0.97638,4.50,1.87
2016.09.21 12:57:34.261,0.97631,0.97638,4.50,2.62
2016.09.21 12:57:34.312,0.97631,0.97638,4.50,1.12
2016.09.21 12:57:34.466,0.97631,0.97638,4.50,1.50
2016.09.21 12:57:34.518,0.97631,0.97638,4.50,1.87
2016.09.21 12:57:34.569,0.97631,0.97638,4.50,2.62
2016.09.21 12:57:34.825,0.97631,0.97638,4.50,1.87
2016.09.21 12:57:34.877,0.97631,0.97639,4.50,2.25
2016.09.21 12:57:34.928,0.97631,0.97638,4.50,1.00
2016.09.21 12:57:35.125,0.97632,0.97638,1.00,1.00
2016.09.21 12:57:35.227,0.97632,0.97639,1.00,1.50
2016.09.21 12:57:35.584,0.97632,0.97639,1.00,1.50
2016.09.21 12:57:35.914,0.97631,0.97639,4.50,1.12
2016.09.21 12:57:36.073,0.97631,0.97639,4.50,1.12
2016.09.21 12:57:36.242,0.97632,0.97639,1.00,1.50
2016.09.21 12:57:36.445,0.97631,0.97639,4.50,1.12
2016.09.21 12:57:36.547,0.97632,0.97639,1.00,1.50
2016.09.21 12:57:36.853,0.97631,0.97639,4.50,1.12
2016.09.21 12:57:37.210,0.97632,0.97639,1.00,1.50
2016.09.21 12:57:38.730,0.97632,0.97642,1.69,2.25
2016.09.21 12:57:38.782,0.97636,0.97642,3.75,1.50
2016.09.21 12:57:38.884,0.97638,0.97642,1.00,1.12
2016.09.21 12:57:38.936,0.97638,0.97642,1.50,1.00
2016.09.21 12:57:39.038,0.97638,0.97644,1.50,1.12
2016.09.21 12:57:39.193,0.97638,0.97645,1.50,2.25
2016.09.21 12:57:39.648,0.97638,0.97645,1.00,2.25
2016.09.21 12:57:39.856,0.97638,0.97645,1.50,2.62
2016.09.21 12:57:39.908,0.97638,0.97643,1.00,1.00
2016.09.21 12:57:39.961,0.97635,0.97643,3.00,1.00
2016.09.21 12:57:40.219,0.97635,0.97643,2.25,1.00
2016.09.21 12:57:40.881,0.97635,0.97643,2.62,1.00
2016.09.21 12:57:40.983,0.97635,0.97643,3.37,1.00
2016.09.21 12:57:41.035,0.97635,0.97643,4.12,1.00
2016.09.21 12:57:41.193,0.97635,0.97643,7.87,1.00
2016.09.21 12:57:41.509,0.97635,0.97644,7.87,2.62
2016.09.21 12:57:41.815,0.97635,0.97643,7.87,1.00
2016.09.21 12:57:41.928,0.97635,0.97644,7.87,2.62
2016.09.21 12:57:42.083,0.97635,0.97644,8.25,2.62
2016.09.21 12:57:42.135,0.97635,0.97644,8.62,2.25
2016.09.21 12:57:42.188,0.97635,0.97644,8.62,1.50
2016.09.21 12:57:42.241,0.97636,0.97644,1.12,1.00
2016.09.21 12:57:42.294,0.97639,0.97644,1.00,1.00
2016.09.21 12:57:42.346,0.97639,0.97645,1.50,1.00
2016.09.21 12:57:42.500,0.97639,0.97646,1.50,1.00
2016.09.21 12:57:42.552,0.97639,0.97646,1.00,1.00
2016.09.21 12:57:42.716,0.97639,0.97646,1.00,1.50
2016.09.21 12:57:42.818,0.97638,0.97646,4.12,1.50
2016.09.21 12:57:43.022,0.97638,0.97646,3.37,1.50
2016.09.21 12:57:43.430,0.97638,0.97645,4.12,1.00
2016.09.21 12:57:45.055,0.97638,0.97646,4.12,1.00
2016.09.21 12:57:45.312,0.97638,0.97647,4.12,2.25
2016.09.21 12:57:45.363,0.97638,0.97645,4.12,1.00
2016.09.21 12:57:46.133,0.97638,0.97646,4.12,1.00
2016.09.21 12:57:46.388,0.97638,0.97646,4.12,1.50
2016.09.21 12:57:46.593,0.97638,0.97646,4.12,1.00
2016.09.21 12:57:46.798,0.97639,0.97646,3.37,1.00
2016.09.21 12:57:46.849,0.9764,0.97646,1.00,1.00
2016.09.21 12:57:47.046,0.9764,0.97646,1.00,1.12
2016.09.21 12:57:47.148,0.9764,0.97647,1.00,2.62
2016.09.21 12:57:47.251,0.9764,0.97646,1.00,1.12
2016.09.21 12:57:47.353,0.97639,0.97646,4.12,1.12
2016.09.21 12:57:47.864,0.9764,0.97647,1.00,2.62
2016.09.21 12:57:47.990,0.9764,0.97647,1.00,1.87
2016.09.21 12:57:48.807,0.97641,0.97647,3.37,1.50
2016.09.21 12:57:48.883,0.97641,0.97647,4.12,1.12
2016.09.21 12:57:48.937,0.97642,0.97648,4.50,2.62
2016.09.21 12:57:48.989,0.97642,0.97648,4.50,1.87
2016.09.21 12:57:49.142,0.97642,0.97648,3.75,1.87
2016.09.21 12:57:49.194,0.97641,0.97648,4.12,1.87
2016.09.21 12:57:49.455,0.97641,0.97648,4.87,1.50
2016.09.21 12:57:49.568,0.97643,0.97648,3.37,1.50
2016.09.21 12:57:49.620,0.97643,0.97648,3.37,1.50
2016.09.21 12:57:49.671,0.97643,0.97649,3.37,1.75
2016.09.21 12:57:49.722,0.97643,0.97649,4.87,1.75
2016.09.21 12:57:49.773,0.97643,0.9765,4.87,2.62
2016.09.21 12:57:49.825,0.97643,0.97652,4.12,3.00
2016.09.21 12:57:49.928,0.97643,0.97652,5.25,2.25
2016.09.21 12:57:49.979,0.97643,0.97652,5.25,1.50
2016.09.21 12:57:50.030,0.97643,0.97651,4.50,1.00
2016.09.21 12:57:50.182,0.97643,0.97651,5.25,1.00
2016.09.21 12:57:50.437,0.97643,0.97652,5.25,1.50
2016.09.21 12:57:50.898,0.97644,0.97652,2.25,1.00
2016.09.21 12:57:51.157,0.97643,0.97652,6.75,1.50
2016.09.21 12:57:51.209,0.97643,0.97652,6.75,1.00
2016.09.21 12:57:51.668,0.97643,0.97652,6.00,1.00
2016.09.21 12:57:51.719,0.97643,0.97652,6.75,1.00
2016.09.21 12:57:51.821,0.97643,0.97652,6.75,1.00
2016.09.21 12:57:51.926,0.97643,0.97652,7.12,1.00
2016.09.21 12:57:52.028,0.97644,0.97652,1.50,1.00
2016.09.21 12:57:52.131,0.97644,0.97652,4.87,1.00
2016.09.21 12:57:53.032,0.97644,0.97653,4.87,2.25
2016.09.21 12:57:53.083,0.97644,0.97653,4.87,1.50
2016.09.21 12:57:53.135,0.97644,0.97653,4.12,1.50
2016.09.21 12:57:53.543,0.97644,0.97653,4.12,1.00
2016.09.21 12:57:53.645,0.97644,0.97653,4.87,1.00
2016.09.21 12:57:55.824,0.97643,0.97653,3.00,1.00
2016.09.21 12:57:55.875,0.97643,0.97653,3.75,1.00
2016.09.21 12:57:56.744,0.97645,0.97653,1.12,1.00
2016.09.21 12:57:56.846,0.97645,0.97651,1.87,1.00
2016.09.21 12:57:56.897,0.97645,0.97651,1.50,1.00
2016.09.21 12:57:56.948,0.97643,0.97651,5.62,1.35
2016.09.21 12:57:57.000,0.97643,0.97651,5.25,1.00
2016.09.21 12:57:57.051,0.97643,0.97652,5.62,1.35
2016.09.21 12:57:57.102,0.97643,0.97652,5.81,1.35
2016.09.21 12:57:57.153,0.97643,0.97652,5.81,1.00
2016.09.21 12:57:57.409,0.97643,0.97653,6.56,2.25
2016.09.21 12:57:57.946,0.97643,0.97653,6.56,1.50
2016.09.21 12:57:58.100,0.97645,0.97653,1.00,1.50
2016.09.21 12:57:58.151,0.97645,0.97653,1.00,2.25
2016.09.21 12:57:58.202,0.97644,0.97653,1.87,2.25
2016.09.21 12:57:58.645,0.97644,0.97653,1.87,1.50
2016.09.21 12:57:58.800,0.97644,0.97653,2.25,1.50
2016.09.21 12:57:58.851,0.97644,0.97653,2.25,1.00
2016.09.21 12:57:59.006,0.97644,0.97652,2.25,1.00
2016.09.21 12:57:59.109,0.97644,0.97653,2.25,1.00
2016.09.21 12:57:59.162,0.97646,0.97653,1.00,1.00
2016.09.21 12:57:59.214,0.97646,0.97653,4.12,1.00
2016.09.21 12:57:59.266,0.97646,0.97653,4.12,1.00
2016.09.21 12:57:59.364,0.97646,0.97654,4.12,1.12
2016.09.21 12:57:59.466,0.97646,0.97654,4.50,1.12
2016.09.21 12:57:59.569,0.97646,0.97654,3.75,1.00
2016.09.21 12:57:59.774,0.97646,0.97654,4.50,1.00
2016.09.21 12:58:00.132,0.97646,0.97654,3.75,1.00
2016.09.21 12:58:00.185,0.97646,0.97654,4.50,1.00
2016.09.21 12:58:00.650,0.97646,0.97654,3.75,1.00
2016.09.21 12:58:00.716,0.97646,0.97654,3.75,1.00
2016.09.21 12:58:00.820,0.97645,0.97654,1.50,1.00
2016.09.21 12:58:01.524,0.97645,0.97653,1.50,1.00
2016.09.21 12:58:01.854,0.97645,0.97653,3.00,1.00
2016.09.21 12:58:03.040,0.97646,0.97653,1.12,1.00
2016.09.21 12:58:03.144,0.97646,0.97653,1.12,1.00
2016.09.21 12:58:03.246,0.97646,0.97653,1.87,1.00
2016.09.21 12:58:03.962,0.97646,0.97653,1.12,1.00
2016.09.21 12:58:04.064,0.97646,0.97653,1.87,1.00
2016.09.21 12:58:05.661,0.97646,0.97653,1.12,1.00
2016.09.21 12:58:05.725,0.97646,0.97653,1.87,1.00
2016.09.21 12:58:05.827,0.97646,0.97653,1.12,1.00
2016.09.21 12:58:05.929,0.97647,0.97653,1.00,1.00
2016.09.21 12:58:06.731,0.97646,0.97653,1.87,1.00
2016.09.21 12:58:07.038,0.97647,0.97653,3.37,1.00
2016.09.21 12:58:07.420,0.97647,0.97653,1.00,1.00
2016.09.21 12:58:07.472,0.97645,0.97653,3.00,1.00
2016.09.21 12:58:07.523,0.97645,0.97653,2.25,1.00
2016.09.21 12:58:07.625,0.97645,0.97653,3.00,1.00
2016.09.21 12:58:08.033,0.97647,0.97653,2.62,1.00
2016.09.21 12:58:08.136,0.97647,0.97653,3.37,1.00
2016.09.21 12:58:10.468,0.97645,0.97653,1.12,1.00
2016.09.21 12:58:10.519,0.97643,0.97653,2.44,1.50
2016.09.21 12:58:10.581,0.97643,0.97653,1.94,1.50
2016.09.21 12:58:10.633,0.97643,0.97653,1.31,1.87
2016.09.21 12:58:10.684,0.97643,0.97653,1.31,2.62
2016.09.21 12:58:10.736,0.97643,0.97653,1.12,2.62
2016.09.21 12:58:11.451,0.97643,0.97653,2.62,1.87
2016.09.21 12:58:11.502,0.97643,0.97653,3.00,1.50
2016.09.21 12:58:11.554,0.97644,0.97653,1.69,1.00
2016.09.21 12:58:11.656,0.97645,0.97653,1.12,1.00
2016.09.21 12:58:11.758,0.97644,0.97653,1.69,1.00
2016.09.21 12:58:12.084,0.97649,0.97655,1.00,1.12
2016.09.21 12:58:12.139,0.97652,0.97659,1.50,3.00
2016.09.21 12:58:12.191,0.97654,0.97659,1.00,1.12
2016.09.21 12:58:12.242,0.97651,0.97659,1.87,1.00
2016.09.21 12:58:12.447,0.97651,0.97659,1.12,1.00
2016.09.21 12:58:12.549,0.97649,0.97659,1.94,1.00
2016.09.21 12:58:12.600,0.97649,0.97659,1.69,1.87
2016.09.21 12:58:12.651,0.97648,0.97657,1.37,1.87
2016.09.21 12:58:12.702,0.97648,0.97657,1.00,2.25
2016.09.21 12:58:12.753,0.97647,0.97657,1.31,3.75
2016.09.21 12:58:12.804,0.97647,0.97653,1.31,1.87
2016.09.21 12:58:12.880,0.97646,0.9765,1.25,1.00
2016.09.21 12:58:12.932,0.97644,0.9765,1.12,2.25
2016.09.21 12:58:12.984,0.97641,0.9765,2.81,3.60
2016.09.21 12:58:13.036,0.97639,0.97648,2.44,1.00
2016.09.21 12:58:13.088,0.97639,0.97648,2.06,1.00
2016.09.21 12:58:13.191,0.97639,0.97648,2.06,1.00
2016.09.21 12:58:13.344,0.97639,0.97648,2.06,1.50
2016.09.21 12:58:13.395,0.97639,0.97648,2.06,1.50
2016.09.21 12:58:14.067,0.97639,0.97648,1.31,1.50
2016.09.21 12:58:14.577,0.97638,0.97648,3.19,1.00
2016.09.21 12:58:14.781,0.97638,0.97648,3.19,1.00
2016.09.21 12:58:14.833,0.97638,0.97648,3.19,1.50
2016.09.21 12:58:14.940,0.97638,0.97648,3.00,1.50
2016.09.21 12:58:15.503,0.97638,0.97648,3.00,2.25
2016.09.21 12:58:15.555,0.97638,0.97647,1.50,1.12
2016.09.21 12:58:15.608,0.97638,0.97647,1.12,1.50
2016.09.21 12:58:15.718,0.97638,0.97646,1.00,1.50
2016.09.21 12:58:15.787,0.97638,0.97646,1.00,1.87
2016.09.21 12:58:15.839,0.97636,0.97646,2.81,1.87
2016.09.21 12:58:15.941,0.97636,0.97646,2.81,1.12
2016.09.21 12:58:15.993,0.97636,0.97646,2.81,1.12
2016.09.21 12:58:16.095,0.97636,0.97645,2.81,1.00
2016.09.21 12:58:16.147,0.97636,0.97645,2.06,1.50
2016.09.21 12:58:16.738,0.97635,0.97645,2.44,1.50
2016.09.21 12:58:16.790,0.97635,0.97645,2.44,1.00
2016.09.21 12:58:16.841,0.97635,0.97645,2.81,1.00
2016.09.21 12:58:18.052,0.97635,0.97645,2.06,1.00
2016.09.21 12:58:18.103,0.97635,0.97645,2.81,1.00
2016.09.21 12:58:18.154,0.97636,0.97646,1.31,1.12
2016.09.21 12:58:18.425,0.97636,0.97646,1.31,1.50
2016.09.21 12:58:18.477,0.97636,0.97646,1.31,2.25
2016.09.21 12:58:18.529,0.97636,0.97646,1.31,1.87
2016.09.21 12:58:18.580,0.97636,0.97646,1.31,2.62
2016.09.21 12:58:18.887,0.97636,0.97646,1.31,1.87
2016.09.21 12:58:19.142,0.97635,0.97645,1.69,1.00
2016.09.21 12:58:20.557,0.97635,0.97645,1.31,1.12
2016.09.21 12:58:24.568,0.97636,0.97646,1.31,1.50
2016.09.21 12:58:24.620,0.97636,0.97646,1.31,1.50
2016.09.21 12:58:24.676,0.97636,0.97646,1.31,1.12
2016.09.21 12:58:24.728,0.97636,0.97646,1.31,1.00
2016.09.21 12:58:25.393,0.97636,0.97646,1.31,1.00
2016.09.21 12:58:25.559,0.97636,0.97646,1.31,1.00
2016.09.21 12:58:25.629,0.97636,0.97646,2.81,1.00
2016.09.21 12:58:25.885,0.97636,0.97646,2.44,1.00
2016.09.21 12:58:25.987,0.97636,0.97646,2.81,1.00
2016.09.21 12:58:26.038,0.97636,0.97646,2.81,1.00
2016.09.21 12:58:26.140,0.97636,0.97646,2.81,1.00
2016.09.21 12:58:26.437,0.97636,0.97646,2.44,1.00
2016.09.21 12:58:26.591,0.97636,0.97646,2.81,1.00
2016.09.21 12:58:27.769,0.97636,0.97646,2.81,1.00
2016.09.21 12:58:27.820,0.97636,0.97646,3.19,1.00
2016.09.21 12:58:28.176,0.97636,0.97646,2.06,1.00
2016.09.21 12:58:33.207,0.97636,0.97646,2.06,1.50
2016.09.21 12:58:33.769,0.97636,0.97646,1.69,1.87
2016.09.21 12:58:33.973,0.97636,0.97646,1.31,2.62
2016.09.21 12:58:34.026,0.97635,0.97645,1.69,1.00
2016.09.21 12:58:34.078,0.97635,0.97644,1.31,1.00
2016.09.21 12:58:34.130,0.97635,0.97642,1.31,1.00
2016.09.21 12:58:34.181,0.97635,0.9764,1.00,1.00
2016.09.21 12:58:34.233,0.97634,0.9764,1.00,2.25
2016.09.21 12:58:34.285,0.97631,0.97638,2.25,1.87
2016.09.21 12:58:34.337,0.97631,0.97638,1.00,1.87
2016.09.21 12:58:34.388,0.9763,0.97638,1.00,1.12
2016.09.21 12:58:34.440,0.97628,0.97638,2.00,1.00
2016.09.21 12:58:34.491,0.97628,0.97638,1.31,1.87
2016.09.21 12:58:34.646,0.97628,0.97638,1.69,1.50
2016.09.21 12:58:34.697,0.97628,0.97638,1.69,1.00
2016.09.21 12:58:34.799,0.97628,0.97638,1.69,1.50
2016.09.21 12:58:38.074,0.97628,0.97638,1.69,1.00
2016.09.21 12:58:40.682,0.97628,0.97638,2.44,1.00
2016.09.21 12:58:40.733,0.97628,0.97638,2.81,1.00
2016.09.21 12:58:40.793,0.97628,0.97638,2.06,1.00
2016.09.21 12:58:40.845,0.97628,0.9764,2.06,3.00
2016.09.21 12:58:40.944,0.97628,0.9764,3.19,2.62
2016.09.21 12:58:41.149,0.97628,0.9764,3.19,2.62
2016.09.21 12:58:41.522,0.97629,0.9764,1.62,2.62
2016.09.21 12:58:41.829,0.97628,0.9764,3.19,2.62
2016.09.21 12:58:43.571,0.97628,0.9764,3.19,1.87
2016.09.21 12:58:44.936,0.9763,0.9764,1.50,1.87
2016.09.21 12:58:44.987,0.9763,0.9764,1.87,1.50
2016.09.21 12:58:45.038,0.9763,0.9764,1.50,1.50
2016.09.21 12:58:45.191,0.9763,0.9764,1.50,1.00
2016.09.21 12:58:45.712,0.9763,0.9764,1.50,1.00
2016.09.21 12:58:45.916,0.9763,0.9764,1.50,1.00
2016.09.21 12:58:47.019,0.9763,0.9764,1.50,1.50
2016.09.21 12:58:47.260,0.9763,0.9764,1.87,1.50
2016.09.21 12:58:47.367,0.9763,0.9764,1.87,1.00
2016.09.21 12:58:47.828,0.9763,0.9764,2.06,1.00
2016.09.21 12:58:47.879,0.9763,0.9764,2.06,1.00
2016.09.21 12:58:48.194,0.9763,0.9764,2.06,1.00
2016.09.21 12:58:50.198,0.9763,0.9764,1.69,1.00
2016.09.21 12:58:52.091,0.9763,0.97639,1.25,1.87
2016.09.21 12:58:52.143,0.97629,0.97639,1.31,2.62
2016.09.21 12:58:52.463,0.97629,0.97639,1.12,2.62
2016.09.21 12:58:52.514,0.97629,0.97639,1.00,3.00
2016.09.21 12:58:52.871,0.97629,0.97638,1.00,1.00
2016.09.21 12:58:52.922,0.97629,0.97638,1.00,1.50
2016.09.21 12:58:52.973,0.97628,0.97638,1.69,2.25
2016.09.21 12:58:53.025,0.97628,0.97638,1.31,1.50
2016.09.21 12:58:53.184,0.97627,0.97638,1.56,2.62
2016.09.21 12:58:53.236,0.97627,0.97637,1.19,1.12
2016.09.21 12:58:53.338,0.97627,0.97636,1.00,1.00
2016.09.21 12:58:53.390,0.97626,0.97636,1.69,1.50
2016.09.21 12:58:53.441,0.97626,0.97636,1.31,1.50
2016.09.21 12:58:53.492,0.97626,0.97636,1.31,2.25
2016.09.21 12:58:53.543,0.97626,0.97636,1.25,2.25
2016.09.21 12:58:53.594,0.97626,0.97636,1.25,3.00
2016.09.21 12:58:53.696,0.97626,0.97636,1.25,2.25
2016.09.21 12:58:53.798,0.97626,0.97636,1.25,1.50
2016.09.21 12:58:54.596,0.97626,0.97636,1.25,1.50
2016.09.21 12:58:56.455,0.97625,0.97635,1.69,1.12
2016.09.21 12:58:56.509,0.97625,0.97635,1.69,1.87
2016.09.21 12:58:56.560,0.97628,0.97635,1.00,1.12
2016.09.21 12:58:56.611,0.97628,0.97637,2.06,1.50
2016.09.21 12:58:56.663,0.97628,0.97639,2.06,1.87
2016.09.21 12:58:56.715,0.97628,0.97639,1.69,1.50
2016.09.21 12:58:56.766,0.9763,0.9764,1.25,2.25
2016.09.21 12:58:56.818,0.9763,0.9764,1.31,1.87
2016.09.21 12:58:56.920,0.9763,0.9764,1.69,1.50
2016.09.21 12:58:57.318,0.9763,0.9764,1.69,2.25
2016.09.21 12:58:57.420,0.9763,0.9764,1.69,1.50
2016.09.21 12:58:57.631,0.9763,0.9764,1.69,2.25
2016.09.21 12:58:59.665,0.97629,0.97639,1.94,1.00
2016.09.21 12:58:59.716,0.97629,0.97639,1.31,2.62
2016.09.21 12:58:59.767,0.97628,0.97639,1.69,2.62
2016.09.21 12:58:59.819,0.97628,0.97637,1.62,1.00
2016.09.21 12:59:00.126,0.97628,0.97639,1.62,1.12
2016.09.21 12:59:00.787,0.97628,0.97638,1.62,1.00
2016.09.21 12:59:01.813,0.97628,0.97638,1.62,1.00
2016.09.21 12:59:02.223,0.97628,0.97638,1.62,2.25
2016.09.21 12:59:02.275,0.97627,0.97638,2.44,2.25
2016.09.21 12:59:02.479,0.97628,0.97638,1.62,1.50
2016.09.21 12:59:02.530,0.97628,0.97638,1.62,1.00
2016.09.21 12:59:02.734,0.97628,0.97639,1.62,1.87
2016.09.21 12:59:03.335,0.97628,0.97639,1.62,2.62
2016.09.21 12:59:03.745,0.97628,0.97637,1.62,1.00
2016.09.21 12:59:03.954,0.97628,0.97639,1.62,2.62
2016.09.21 12:59:04.518,0.97628,0.97637,1.62,1.00
2016.09.21 12:59:04.672,0.97627,0.97637,1.69,1.87
2016.09.21 12:59:04.723,0.97627,0.97636,1.69,1.00
2016.09.21 12:59:04.988,0.97627,0.97635,1.31,1.00
2016.09.21 12:59:05.709,0.97626,0.97635,3.19,1.00
2016.09.21 12:59:06.120,0.97626,0.97637,3.19,2.62
2016.09.21 12:59:06.324,0.97626,0.97637,3.19,1.87
2016.09.21 12:59:06.528,0.97626,0.97637,3.19,2.62
2016.09.21 12:59:07.545,0.97626,0.97637,3.19,1.87
2016.09.21 12:59:09.653,0.97627,0.97637,1.19,1.87
2016.09.21 12:59:11.411,0.97626,0.97637,3.19,1.87
2016.09.21 12:59:13.791,0.97627,0.97637,1.31,1.87
2016.09.21 12:59:14.303,0.97626,0.97637,2.44,1.87
2016.09.21 12:59:14.574,0.97626,0.97637,2.44,1.87
2016.09.21 12:59:14.779,0.97626,0.97637,2.06,1.87
2016.09.21 12:59:15.922,0.97626,0.97637,2.06,2.62
2016.09.21 12:59:15.973,0.97626,0.97637,2.06,3.00
2016.09.21 12:59:16.025,0.97626,0.97636,1.69,2.25
2016.09.21 12:59:16.076,0.97626,0.97636,1.69,3.97
2016.09.21 12:59:16.181,0.97626,0.97635,1.31,1.50
2016.09.21 12:59:16.232,0.97624,0.97633,1.37,1.00
2016.09.21 12:59:16.283,0.97624,0.97633,1.12,1.50
2016.09.21 12:59:16.334,0.97622,0.97631,3.56,1.00
2016.09.21 12:59:16.386,0.97622,0.97631,3.19,1.00
2016.09.21 12:59:16.437,0.97622,0.97631,2.81,1.00
2016.09.21 12:59:16.488,0.97622,0.97631,2.44,1.00
2016.09.21 12:59:16.641,0.97622,0.97631,2.81,1.00
2016.09.21 12:59:16.692,0.97622,0.97631,3.19,1.00
2016.09.21 12:59:16.904,0.97622,0.97631,1.69,1.00
2016.09.21 12:59:16.955,0.97621,0.97631,2.81,1.00
2016.09.21 12:59:17.007,0.97622,0.97632,1.69,1.50
2016.09.21 12:59:18.841,0.97622,0.97632,1.69,1.50
2016.09.21 12:59:18.893,0.97622,0.97632,1.69,1.00
2016.09.21 12:59:19.515,0.97622,0.97632,1.69,1.00
2016.09.21 12:59:19.749,0.97622,0.97632,1.69,1.00
2016.09.21 12:59:19.910,0.97621,0.97632,2.44,1.50
2016.09.21 12:59:20.012,0.97621,0.97632,2.44,1.50
2016.09.21 12:59:20.063,0.97621,0.97632,2.44,1.87
2016.09.21 12:59:20.598,0.97621,0.97632,2.06,2.25
2016.09.21 12:59:20.650,0.97621,0.97632,1.31,2.25
2016.09.21 12:59:20.753,0.97621,0.97632,1.31,2.25
2016.09.21 12:59:20.907,0.97621,0.97632,1.31,2.25
2016.09.21 12:59:21.293,0.97621,0.97632,1.31,2.25
2016.09.21 12:59:21.651,0.97621,0.97632,1.31,2.25
2016.09.21 12:59:21.804,0.97619,0.9763,2.25,3.00
2016.09.21 12:59:21.856,0.97619,0.97629,1.37,1.00
2016.09.21 12:59:21.907,0.97618,0.97628,1.62,1.00
2016.09.21 12:59:21.980,0.97617,0.97628,3.19,1.00
2016.09.21 12:59:22.033,0.97617,0.97627,2.81,1.00
2016.09.21 12:59:22.136,0.97617,0.97627,1.69,1.00
2016.09.21 12:59:22.187,0.97617,0.97627,1.69,1.00
2016.09.21 12:59:22.239,0.97617,0.97628,1.69,1.87
2016.09.21 12:59:22.290,0.97617,0.97628,1.69,1.12
2016.09.21 12:59:22.394,0.97617,0.97628,1.69,1.12
2016.09.21 12:59:22.447,0.97617,0.97628,1.69,1.50
2016.09.21 12:59:22.854,0.97617,0.97627,1.69,1.00
2016.09.21 12:59:22.905,0.97617,0.97627,1.50,1.00
2016.09.21 12:59:23.679,0.97617,0.97627,1.50,1.00
2016.09.21 12:59:23.832,0.97616,0.97627,2.62,1.00
2016.09.21 12:59:23.883,0.97616,0.97627,2.62,1.12
2016.09.21 12:59:24.687,0.97616,0.97627,2.62,1.12
2016.09.21 12:59:24.892,0.97616,0.97627,2.62,1.12
2016.09.21 12:59:25.267,0.97616,0.97626,2.25,1.50
2016.09.21 12:59:25.318,0.97615,0.97626,1.75,2.62
2016.09.21 12:59:25.370,0.97615,0.97626,1.50,3.00
2016.09.21 12:59:25.422,0.97615,0.97626,1.50,3.00
2016.09.21 12:59:25.496,0.97615,0.97626,1.50,2.25
2016.09.21 12:59:25.552,0.97615,0.97624,1.37,1.00
2016.09.21 12:59:25.603,0.97614,0.97624,1.75,1.00
2016.09.21 12:59:25.655,0.97615,0.97624,1.50,1.00
2016.09.21 12:59:25.775,0.97615,0.97624,1.50,1.00
2016.09.21 12:59:26.220,0.97615,0.97624,1.50,1.00
2016.09.21 12:59:26.271,0.97616,0.97626,1.00,1.12
2016.09.21 12:59:26.323,0.97616,0.97626,1.12,1.12
2016.09.21 12:59:26.436,0.97616,0.97627,1.87,1.87
2016.09.21 12:59:26.488,0.97616,0.97627,1.87,1.12
2016.09.21 12:59:26.540,0.97616,0.97627,1.50,1.12
2016.09.21 12:59:26.592,0.97616,0.97627,1.50,1.87
2016.09.21 12:59:26.696,0.97616,0.97627,1.50,1.12
2016.09.21 12:59:26.954,0.97616,0.97627,1.50,1.87
2016.09.21 12:59:27.057,0.97616,0.97626,1.50,1.50
2016.09.21 12:59:27.483,0.97616,0.97626,1.50,2.25
2016.09.21 12:59:27.587,0.97616,0.97626,1.50,1.50
2016.09.21 12:59:27.640,0.9762,0.97628,1.00,3.00
2016.09.21 12:59:27.691,0.9762,0.97628,1.12,1.12
2016.09.21 12:59:27.743,0.97621,0.9763,1.50,1.00
2016.09.21 12:59:27.795,0.97621,0.97631,1.50,1.37
2016.09.21 12:59:27.847,0.97621,0.97633,1.12,5.25
2016.09.21 12:59:27.950,0.97621,0.97631,1.50,1.00
2016.09.21 12:59:28.002,0.97621,0.97631,1.75,1.00
2016.09.21 12:59:28.054,0.97622,0.97631,1.37,1.00
2016.09.21 12:59:28.105,0.97622,0.97633,1.37,1.87
2016.09.21 12:59:28.156,0.97622,0.97633,1.37,1.87
2016.09.21 12:59:28.208,0.97622,0.97633,2.25,1.87
2016.09.21 12:59:28.259,0.97623,0.97633,1.50,1.87
2016.09.21 12:59:28.310,0.97623,0.97633,1.87,1.50
2016.09.21 12:59:28.362,0.97624,0.97633,1.87,1.00
2016.09.21 12:59:28.515,0.97624,0.97633,1.87,1.00
2016.09.21 12:59:28.623,0.97624,0.97635,2.62,2.25
2016.09.21 12:59:28.674,0.97624,0.97635,2.62,1.87
2016.09.21 12:59:29.295,0.97624,0.97634,2.62,1.00
2016.09.21 12:59:29.904,0.97624,0.97635,2.62,1.12
2016.09.21 12:59:29.955,0.97626,0.97636,1.00,1.50
2016.09.21 12:59:30.008,0.97626,0.97637,1.12,1.50
2016.09.21 12:59:30.059,0.97627,0.97638,1.50,4.87
2016.09.21 12:59:30.112,0.97627,0.97638,2.25,4.12
2016.09.21 12:59:30.163,0.97627,0.97638,2.62,3.75
2016.09.21 12:59:30.215,0.97627,0.97638,1.87,4.12
2016.09.21 12:59:30.317,0.97627,0.97638,2.62,3.75
2016.09.21 12:59:30.419,0.97627,0.97638,2.62,2.62
2016.09.21 12:59:30.531,0.97627,0.97637,2.25,1.12
2016.09.21 12:59:30.602,0.97627,0.97637,1.87,1.12
2016.09.21 12:59:30.864,0.97627,0.97636,1.12,1.00
2016.09.21 12:59:30.966,0.97626,0.97636,1.50,1.00
2016.09.21 12:59:31.953,0.97626,0.97636,1.37,1.50
2016.09.21 12:59:32.056,0.97626,0.97636,1.37,2.25
2016.09.21 12:59:32.263,0.97626,0.97636,1.12,2.62
2016.09.21 12:59:32.365,0.97625,0.97635,1.50,1.00
2016.09.21 12:59:32.416,0.97625,0.97635,1.12,1.12
2016.09.21 12:59:32.467,0.97625,0.97635,1.12,1.12
2016.09.21 12:59:32.569,0.97626,0.97636,1.00,1.50
2016.09.21 12:59:32.621,0.97626,0.97636,1.00,1.00
2016.09.21 12:59:32.672,0.97626,0.97636,1.00,1.00
2016.09.21 12:59:32.723,0.97626,0.97636,1.75,1.00
2016.09.21 12:59:32.980,0.97626,0.97636,1.75,1.00
2016.09.21 12:59:33.083,0.97626,0.97636,1.87,1.00
2016.09.21 12:59:33.135,0.97626,0.97636,1.87,1.00
2016.09.21 12:59:33.238,0.97626,0.97636,1.87,1.12
2016.09.21 12:59:33.647,0.97626,0.97637,1.87,1.50
2016.09.21 12:59:33.704,0.97626,0.97637,2.25,1.50
2016.09.21 12:59:33.859,0.97626,0.97637,2.62,1.50
2016.09.21 12:59:33.910,0.97626,0.97637,3.00,1.12
2016.09.21 12:59:34.013,0.97627,0.97637,1.00,1.00
2016.09.21 12:59:34.064,0.97627,0.97637,1.12,1.00
2016.09.21 12:59:34.115,0.97627,0.97637,1.12,1.00
2016.09.21 12:59:34.370,0.97627,0.97637,1.12,1.00
2016.09.21 12:59:35.427,0.97627,0.97637,1.12,1.00
2016.09.21 12:59:36.240,0.97626,0.97637,3.00,1.00
2016.09.21 12:59:36.291,0.97626,0.97637,3.00,1.12
2016.09.21 12:59:36.495,0.97627,0.97637,1.00,1.12
2016.09.21 12:59:36.547,0.97627,0.97637,1.00,1.12
2016.09.21 12:59:37.301,0.97627,0.97637,1.00,1.87
2016.09.21 12:59:37.682,0.97627,0.97637,1.00,1.12
2016.09.21 12:59:37.785,0.97628,0.97638,1.00,1.87
2016.09.21 12:59:37.837,0.97628,0.97638,1.12,1.50
2016.09.21 12:59:37.939,0.97628,0.97638,1.12,1.12
2016.09.21 12:59:38.018,0.97629,0.97639,1.37,1.87
2016.09.21 12:59:38.101,0.97629,0.97639,1.50,1.50
2016.09.21 12:59:38.674,0.97629,0.97639,1.50,1.50
2016.09.21 12:59:38.726,0.9763,0.97639,1.00,1.50
2016.09.21 12:59:38.777,0.9763,0.97639,1.00,2.25
2016.09.21 12:59:38.877,0.9763,0.97639,1.00,1.50
2016.09.21 12:59:38.981,0.9763,0.97639,1.00,2.25
2016.09.21 12:59:39.032,0.9763,0.97639,1.00,1.50
2016.09.21 12:59:39.084,0.9763,0.97639,1.00,1.00
2016.09.21 12:59:39.135,0.9763,0.97639,1.00,1.50
2016.09.21 12:59:39.289,0.9763,0.97639,1.00,1.50
2016.09.21 12:59:39.622,0.9763,0.97639,1.00,1.50
2016.09.21 12:59:39.842,0.9763,0.97639,1.00,1.50
2016.09.21 12:59:39.896,0.9763,0.97639,1.00,1.50
2016.09.21 12:59:40.227,0.9763,0.97639,1.00,1.50
2016.09.21 12:59:40.685,0.9763,0.97639,1.00,1.50
2016.09.21 12:59:40.736,0.97629,0.97639,1.50,1.87
2016.09.21 12:59:40.788,0.97629,0.97639,1.50,1.87
2016.09.21 12:59:40.891,0.97631,0.97641,1.00,3.00
2016.09.21 12:59:40.942,0.97631,0.97641,2.25,1.00
2016.09.21 12:59:40.994,0.97631,0.97641,3.00,1.00
2016.09.21 12:59:41.046,0.97632,0.97642,1.12,1.50
2016.09.21 12:59:41.098,0.97633,0.97642,1.12,1.00
2016.09.21 12:59:41.150,0.97633,0.97642,1.87,1.00
2016.09.21 12:59:41.458,0.97633,0.97641,1.87,1.50
2016.09.21 12:59:41.510,0.97632,0.97641,3.00,1.50
2016.09.21 12:59:41.584,0.97633,0.97641,1.00,1.50
2016.09.21 12:59:41.693,0.97633,0.97641,1.00,1.00
2016.09.21 12:59:42.000,0.97633,0.97642,1.00,2.25
2016.09.21 12:59:42.101,0.97633,0.97641,1.00,1.00
2016.09.21 12:59:42.256,0.97633,0.97641,1.00,1.50
2016.09.21 12:59:42.307,0.97633,0.97641,1.00,2.25
2016.09.21 12:59:42.358,0.97632,0.97641,1.37,2.62
2016.09.21 12:59:42.785,0.97631,0.97641,1.50,2.62
2016.09.21 12:59:44.595,0.97631,0.9764,1.00,1.00
2016.09.21 12:59:44.647,0.9763,0.9764,1.12,1.00
2016.09.21 12:59:44.750,0.9763,0.9764,1.12,1.50
2016.09.21 12:59:44.801,0.97629,0.9764,2.62,2.25
2016.09.21 12:59:44.903,0.97629,0.9764,2.62,1.50
2016.09.21 12:59:45.056,0.97629,0.9764,2.25,2.25
2016.09.21 12:59:45.790,0.97629,0.9764,2.25,1.50
2016.09.21 12:59:47.303,0.97629,0.9764,2.25,1.50
2016.09.21 12:59:47.354,0.9763,0.97641,3.00,2.25
2016.09.21 12:59:47.423,0.97631,0.97641,2.25,1.87
2016.09.21 12:59:47.475,0.97633,0.97643,1.12,3.00
2016.09.21 12:59:47.527,0.97633,0.97643,1.50,2.25
2016.09.21 12:59:47.578,0.97633,0.97643,1.50,3.00
2016.09.21 12:59:47.629,0.97633,0.97643,1.50,3.75
2016.09.21 12:59:47.954,0.97633,0.97643,1.50,3.00
2016.09.21 12:59:48.484,0.97632,0.97643,1.87,3.00
2016.09.21 12:59:49.168,0.97632,0.97643,1.87,3.75
2016.09.21 12:59:49.219,0.97632,0.97643,1.87,3.00
2016.09.21 12:59:49.413,0.97632,0.97643,1.87,3.75
2016.09.21 12:59:49.771,0.97632,0.97643,1.87,3.00
2016.09.21 12:59:49.823,0.97632,0.97643,1.87,2.25
2016.09.21 12:59:50.153,0.97632,0.97643,3.37,1.00
2016.09.21 12:59:50.205,0.97632,0.97643,3.37,1.50
2016.09.21 12:59:50.257,0.97632,0.97643,2.62,1.50
2016.09.21 12:59:50.328,0.97632,0.97643,2.25,1.50
2016.09.21 12:59:50.483,0.97632,0.97643,1.75,2.25
2016.09.21 12:59:51.017,0.97632,0.97642,1.75,1.00
2016.09.21 12:59:51.213,0.97632,0.97642,1.75,1.50
2016.09.21 12:59:51.422,0.97632,0.97642,1.75,1.00
2016.09.21 12:59:51.833,0.97631,0.97641,3.75,1.00
2016.09.21 12:59:51.884,0.97631,0.97641,3.00,1.00
2016.09.21 12:59:52.190,0.97631,0.9764,1.87,1.00
2016.09.21 12:59:52.243,0.9763,0.9764,3.00,1.12
2016.09.21 12:59:52.294,0.9763,0.9764,2.25,2.62
2016.09.21 12:59:52.346,0.9763,0.9764,2.25,3.22
2016.09.21 12:59:52.398,0.9763,0.97639,1.00,1.50
2016.09.21 12:59:52.449,0.9763,0.97639,1.00,1.50
2016.09.21 12:59:52.501,0.9763,0.97639,1.00,1.00
2016.09.21 12:59:52.553,0.97629,0.97639,1.50,1.00
2016.09.21 12:59:52.605,0.9763,0.9764,1.12,1.87
2016.09.21 12:59:54.662,0.9763,0.97639,1.12,1.00
2016.09.21 12:59:54.815,0.97629,0.97638,1.37,1.00
2016.09.21 12:59:54.866,0.97629,0.97638,1.00,1.00
2016.09.21 12:59:54.918,0.97629,0.97638,1.00,1.50
2016.09.21 12:59:54.969,0.97628,0.97638,1.37,1.00
2016.09.21 12:59:55.048,0.97627,0.97638,2.25,1.00
2016.09.21 12:59:55.255,0.97627,0.97639,2.25,1.12
2016.09.21 12:59:55.984,0.97627,0.97639,2.25,1.50
2016.09.21 12:59:56.035,0.97627,0.97637,2.25,1.00
2016.09.21 12:59:56.086,0.97627,0.97637,1.87,1.00
2016.09.21 12:59:56.137,0.97627,0.97636,1.50,1.00
2016.09.21 12:59:56.189,0.97627,0.97636,1.12,1.50
2016.09.21 12:59:56.240,0.97627,0.97635,1.12,1.00
2016.09.21 12:59:56.655,0.97627,0.97636,1.12,1.50
2016.09.21 12:59:56.758,0.97627,0.97635,1.12,1.00
2016.09.21 12:59:56.809,0.97625,0.97635,3.37,1.00
2016.09.21 12:59:56.862,0.97625,0.97635,3.00,1.00
2016.09.21 12:59:56.964,0.97625,0.97635,1.87,1.00
2016.09.21 12:59:58.134,0.97625,0.97636,2.25,2.62
2016.09.21 12:59:58.926,0.97625,0.97636,1.87,2.62
2016.09.21 12:59:58.977,0.97625,0.97636,1.87,1.87
