2008.01.08 19:00:00.267,1.11525,1.1155,9.70,14.80
2008.01.08 19:00:00.464,1.11525,1.1155,10.10,14.80
2008.01.08 19:00:00.781,1.11525,1.1155,10.10,14.80
2008.01.08 19:00:00.981,1.11525,1.1155,10.10,14.60
2008.01.08 19:00:01.180,1.11525,1.11545,11.60,0.80
2008.01.08 19:00:01.398,1.11525,1.1155,11.60,13.00
2008.01.08 19:00:01.749,1.11535,1.11545,0.80,0.90
2008.01.08 19:00:01.970,1.11535,1.11545,0.80,0.70
2008.01.08 19:00:02.189,1.11535,1.11545,1.20,0.60
2008.01.08 19:00:02.517,1.11535,1.11545,0.50,0.90
2008.01.08 19:00:02.845,1.11535,1.1156,0.70,26.00
2008.01.08 19:00:03.173,1.11535,1.1156,0.80,26.00
2008.01.08 19:00:03.432,1.11535,1.11555,3.30,0.90
2008.01.08 19:00:03.691,1.11535,1.11555,3.30,0.80
2008.01.08 19:00:03.950,1.11535,1.11555,7.30,0.50
2008.01.08 19:00:04.209,1.11535,1.1156,7.30,18.80
2008.01.08 19:00:04.467,1.11535,1.1156,7.30,18.80
2008.01.08 19:00:06.975,1.11535,1.1156,6.80,18.80
2008.01.08 19:00:07.199,1.11535,1.1156,6.60,18.80
2008.01.08 19:00:07.422,1.11535,1.11555,6.60,0.70
2008.01.08 19:00:07.723,1.11535,1.1155,4.00,0.30
2008.01.08 19:00:08.006,1.11525,1.11555,19.00,21.30
2008.01.08 19:00:08.289,1.11525,1.1155,14.80,9.20
2008.01.08 19:00:08.572,1.11525,1.1155,11.00,11.60
2008.01.08 19:00:08.887,1.11525,1.1155,11.30,15.60
2008.01.08 19:00:09.200,1.11525,1.11545,5.70,0.50
2008.01.08 19:00:09.514,1.11525,1.1155,5.70,17.20
2008.01.08 19:00:10.268,1.11525,1.1155,5.70,17.20
2008.01.08 19:00:11.904,1.11525,1.11545,5.70,16.50
2008.01.08 19:00:12.018,1.11525,1.11545,5.60,16.50
2008.01.08 19:00:12.131,1.11525,1.11545,5.40,17.30
2008.01.08 19:00:12.244,1.11525,1.11545,1.40,17.30
2008.01.08 19:00:12.442,1.11525,1.11545,1.40,17.30
2008.01.08 19:00:12.638,1.11525,1.11545,1.40,17.30
2008.01.08 19:00:12.908,1.11525,1.11545,1.40,17.30
2008.01.08 19:00:13.182,1.11525,1.11545,1.70,17.30
2008.01.08 19:00:13.455,1.11525,1.1154,1.70,0.30
2008.01.08 19:00:14.106,1.11525,1.1154,1.70,0.30
2008.01.08 19:00:14.378,1.11525,1.1154,1.70,0.30
2008.01.08 19:00:14.652,1.11525,1.11545,2.00,0.50
2008.01.08 19:00:14.755,1.11525,1.1155,5.70,14.80
2008.01.08 19:00:14.859,1.11525,1.11545,6.40,0.70
2008.01.08 19:00:14.962,1.11525,1.1155,6.20,14.80
2008.01.08 19:00:15.233,1.11525,1.1155,10.20,14.80
2008.01.08 19:00:15.336,1.11525,1.1155,10.20,14.80
2008.01.08 19:00:15.751,1.11525,1.11545,10.20,0.70
2008.01.08 19:00:16.984,1.11525,1.1155,10.20,14.80
2008.01.08 19:00:17.043,1.11525,1.1155,9.20,14.80
2008.01.08 19:00:17.104,1.11525,1.1154,9.20,0.60
2008.01.08 19:00:17.162,1.11525,1.11535,9.20,0.30
2008.01.08 19:00:17.221,1.11525,1.1154,5.20,1.30
2008.01.08 19:00:17.293,1.11525,1.1154,5.20,1.30
2008.01.08 19:00:17.353,1.11525,1.1154,5.20,13.20
2008.01.08 19:00:17.454,1.11525,1.11535,1.60,0.90
2008.01.08 19:00:17.511,1.11525,1.1154,1.40,13.20
2008.01.08 19:00:17.635,1.11525,1.11535,1.40,0.60
2008.01.08 19:00:17.694,1.11525,1.1154,1.40,13.20
2008.01.08 19:00:17.751,1.11525,1.1154,1.40,13.20
2008.01.08 19:00:17.931,1.11525,1.1154,1.40,13.00
2008.01.08 19:00:18.266,1.11525,1.11535,1.40,0.90
2008.01.08 19:00:19.196,1.11525,1.11535,1.40,0.80
2008.01.08 19:00:19.371,1.11525,1.1154,1.40,13.00
2008.01.08 19:00:19.544,1.11525,1.1154,0.50,13.00
2008.01.08 19:00:19.718,1.11525,1.11535,0.50,0.60
2008.01.08 19:00:20.706,1.11525,1.1154,0.50,13.00
2008.01.08 19:00:20.950,1.11525,1.1154,0.50,13.00
2008.01.08 19:00:21.128,1.11525,1.1154,0.50,13.00
2008.01.08 19:00:21.276,1.1152,1.1154,0.80,13.00
2008.01.08 19:00:21.427,1.11515,1.11535,9.00,0.70
2008.01.08 19:00:21.576,1.11515,1.1154,8.20,13.00
2008.01.08 19:00:21.875,1.11515,1.1154,8.20,13.20
2008.01.08 19:00:22.213,1.11515,1.11535,8.20,0.60
2008.01.08 19:00:22.510,1.11515,1.11535,6.60,0.70
2008.01.08 19:00:22.824,1.11525,1.1154,0.50,14.80
2008.01.08 19:00:23.123,1.11525,1.11535,0.50,0.60
2008.01.08 19:00:23.332,1.11525,1.1154,0.80,14.80
2008.01.08 19:00:23.542,1.11525,1.1154,0.80,14.80
2008.01.08 19:00:23.765,1.11525,1.11535,0.80,0.70
2008.01.08 19:00:23.974,1.11525,1.1154,0.80,13.00
2008.01.08 19:00:24.297,1.11525,1.11535,0.80,0.60
2008.01.08 19:00:24.616,1.11525,1.11535,0.60,0.80
2008.01.08 19:00:26.515,1.11525,1.1154,0.60,13.00
2008.01.08 19:00:27.401,1.11525,1.11535,0.60,0.70
2008.01.08 19:00:27.652,1.11525,1.11535,0.60,12.00
2008.01.08 19:00:29.148,1.11525,1.11535,0.60,12.00
2008.01.08 19:00:29.353,1.11525,1.11535,0.60,12.00
2008.01.08 19:00:30.414,1.11525,1.11535,0.70,12.00
2008.01.08 19:00:30.578,1.11525,1.11535,0.80,12.00
2008.01.08 19:00:32.477,1.11525,1.11535,0.80,12.00
2008.01.08 19:00:32.651,1.11525,1.11535,0.80,12.00
2008.01.08 19:00:33.079,1.11525,1.11535,0.80,12.00
2008.01.08 19:00:33.338,1.11525,1.11545,1.00,25.00
2008.01.08 19:00:33.596,1.11525,1.11545,1.00,25.00
2008.01.08 19:00:33.856,1.11525,1.11545,1.40,17.00
2008.01.08 19:00:33.925,1.11525,1.1154,1.40,0.30
2008.01.08 19:00:33.994,1.11525,1.1154,1.40,0.30
2008.01.08 19:00:34.062,1.11525,1.1154,1.20,0.30
2008.01.08 19:00:34.136,1.11525,1.1154,1.10,0.30
2008.01.08 19:00:34.264,1.11525,1.1154,1.10,0.30
2008.01.08 19:00:34.455,1.11525,1.1154,1.20,0.30
2008.01.08 19:00:34.524,1.11525,1.1154,1.20,0.30
2008.01.08 19:00:34.964,1.11525,1.1154,1.60,0.30
2008.01.08 19:00:35.212,1.11525,1.1154,1.70,0.30
2008.01.08 19:00:35.581,1.11525,1.1154,1.60,0.30
2008.01.08 19:00:36.127,1.11525,1.1154,1.90,0.30
2008.01.08 19:00:36.266,1.11525,1.1154,1.90,0.30
2008.01.08 19:00:37.519,1.11525,1.1154,1.90,0.30
2008.01.08 19:00:37.666,1.11525,1.1154,1.90,0.30
2008.01.08 19:00:41.818,1.11525,1.1154,1.90,0.30
2008.01.08 19:00:41.922,1.11525,1.1154,1.90,0.30
2008.01.08 19:00:42.022,1.11525,1.1154,1.70,0.30
2008.01.08 19:00:42.115,1.11525,1.1154,1.60,0.30
2008.01.08 19:00:42.331,1.11525,1.1154,2.90,0.30
2008.01.08 19:00:42.516,1.11525,1.1154,2.90,0.30
2008.01.08 19:00:42.668,1.11525,1.1154,2.90,0.30
2008.01.08 19:00:42.946,1.11525,1.11545,2.90,21.00
2008.01.08 19:00:47.573,1.11525,1.11545,2.90,21.00
2008.01.08 19:00:47.684,1.11525,1.11545,2.90,21.00
2008.01.08 19:00:48.173,1.11525,1.11545,2.90,21.00
2008.01.08 19:00:48.463,1.11525,1.11545,2.90,21.00
2008.01.08 19:00:48.654,1.11525,1.11545,3.20,20.80
2008.01.08 19:00:48.782,1.11525,1.11545,5.90,13.60
2008.01.08 19:00:48.911,1.11525,1.11545,5.90,13.80
2008.01.08 19:00:49.039,1.11525,1.11545,5.90,13.80
2008.01.08 19:00:49.197,1.11525,1.11545,5.90,13.80
2008.01.08 19:00:49.341,1.11525,1.11545,9.90,13.80
2008.01.08 19:00:49.701,1.11525,1.11545,9.90,13.80
2008.01.08 19:00:50.216,1.11525,1.11545,9.90,13.80
2008.01.08 19:00:51.688,1.1152,1.11545,12.50,13.80
2008.01.08 19:00:52.627,1.1152,1.11545,12.50,13.80
2008.01.08 19:00:52.718,1.1152,1.11545,12.50,13.80
2008.01.08 19:00:54.811,1.11525,1.11545,11.00,13.80
2008.01.08 19:00:56.968,1.11525,1.11545,11.00,13.80
2008.01.08 19:00:57.196,1.1152,1.1154,8.10,0.30
2008.01.08 19:00:57.319,1.1152,1.1154,2.30,0.30
2008.01.08 19:00:57.488,1.1152,1.1154,2.30,0.30
2008.01.08 19:00:57.610,1.11525,1.1154,0.80,0.30
2008.01.08 19:00:57.734,1.1152,1.1154,1.80,0.30
2008.01.08 19:00:58.179,1.1152,1.1154,1.80,0.30
2008.01.08 19:00:58.489,1.1152,1.1154,1.80,0.30
2008.01.08 19:00:58.731,1.11525,1.1154,0.80,0.30
2008.01.08 19:00:58.974,1.11525,1.1154,0.70,0.30
2008.01.08 19:00:59.217,1.1152,1.1154,2.00,0.30
2008.01.08 19:00:59.730,1.11525,1.1154,0.70,0.30
2008.01.08 19:01:01.852,1.1152,1.1154,2.00,0.30
2008.01.08 19:01:02.115,1.1152,1.11545,7.30,20.20
2008.01.08 19:01:02.212,1.1152,1.11545,7.30,20.20
2008.01.08 19:01:02.649,1.1152,1.11545,7.30,20.20
2008.01.08 19:01:02.731,1.11525,1.11545,1.70,20.20
2008.01.08 19:01:02.988,1.1152,1.11545,7.60,20.20
2008.01.08 19:01:03.322,1.11525,1.11545,1.00,20.20
2008.01.08 19:01:03.655,1.1152,1.11545,7.10,20.20
2008.01.08 19:01:03.987,1.1152,1.11545,7.30,20.20
2008.01.08 19:01:04.132,1.1152,1.11545,7.10,20.20
2008.01.08 19:01:04.287,1.11525,1.11545,1.20,20.20
2008.01.08 19:01:04.537,1.11525,1.11545,2.70,20.20
2008.01.08 19:01:04.680,1.1152,1.11535,6.90,0.30
2008.01.08 19:01:04.824,1.1152,1.11535,1.80,12.20
2008.01.08 19:01:04.969,1.1152,1.11535,1.60,12.00
2008.01.08 19:01:05.302,1.1152,1.11535,1.60,12.00
2008.01.08 19:01:05.636,1.1152,1.11535,1.60,12.00
2008.01.08 19:01:05.970,1.1152,1.11535,1.60,12.20
2008.01.08 19:01:06.182,1.11525,1.11535,0.80,12.20
2008.01.08 19:01:07.151,1.11525,1.11535,0.80,12.20
2008.01.08 19:01:07.214,1.11525,1.11535,0.80,12.20
2008.01.08 19:01:07.680,1.1152,1.11535,1.60,12.20
2008.01.08 19:01:09.007,1.11525,1.11535,0.80,12.20
2008.01.08 19:01:09.247,1.1152,1.1154,1.90,1.00
2008.01.08 19:01:09.359,1.1152,1.1154,1.90,0.30
2008.01.08 19:01:09.488,1.1152,1.1154,1.90,0.30
2008.01.08 19:01:09.632,1.1152,1.11545,2.20,25.00
2008.01.08 19:01:09.729,1.1152,1.11545,3.40,11.40
2008.01.08 19:01:09.841,1.1152,1.11545,4.20,11.40
2008.01.08 19:01:09.955,1.1152,1.11545,4.00,11.40
2008.01.08 19:01:10.068,1.1152,1.11545,4.00,11.40
2008.01.08 19:01:10.197,1.1152,1.11545,4.00,12.20
2008.01.08 19:01:10.295,1.1152,1.11545,3.90,14.60
2008.01.08 19:01:10.472,1.1152,1.11545,3.90,14.60
2008.01.08 19:01:10.651,1.1152,1.11545,3.10,14.60
2008.01.08 19:01:10.829,1.1152,1.11545,2.30,12.20
2008.01.08 19:01:11.008,1.11525,1.11545,1.20,12.20
2008.01.08 19:01:11.187,1.1152,1.11545,3.40,11.40
2008.01.08 19:01:11.366,1.11525,1.11545,0.90,11.40
2008.01.08 19:01:11.491,1.11525,1.11545,0.80,11.40
2008.01.08 19:01:11.878,1.1152,1.1155,5.10,12.40
2008.01.08 19:01:12.205,1.1152,1.1155,5.10,12.40
2008.01.08 19:01:12.327,1.11525,1.11545,0.70,0.30
2008.01.08 19:01:12.541,1.1152,1.1155,5.00,4.50
2008.01.08 19:01:12.755,1.11525,1.11545,0.50,0.30
2008.01.08 19:01:13.236,1.11525,1.11545,0.50,0.30
2008.01.08 19:01:14.488,1.1152,1.1155,5.40,4.50
2008.01.08 19:01:14.618,1.1152,1.1155,5.00,4.50
2008.01.08 19:01:14.740,1.11525,1.11545,0.60,0.30
2008.01.08 19:01:16.107,1.11525,1.11545,0.80,0.30
2008.01.08 19:01:16.196,1.11525,1.1154,0.80,0.30
2008.01.08 19:01:16.285,1.11525,1.1154,0.90,0.30
2008.01.08 19:01:16.378,1.1152,1.11545,2.20,15.70
2008.01.08 19:01:16.775,1.1152,1.11545,2.20,19.70
2008.01.08 19:01:16.858,1.11525,1.1154,0.80,0.30
2008.01.08 19:01:16.941,1.1152,1.1155,2.20,23.60
2008.01.08 19:01:17.025,1.11525,1.11545,0.80,0.70
2008.01.08 19:01:17.206,1.1152,1.1155,2.20,25.20
2008.01.08 19:01:17.503,1.1152,1.1155,2.20,25.20
2008.01.08 19:01:17.718,1.11525,1.11545,0.50,0.70
2008.01.08 19:01:17.819,1.1152,1.1155,2.30,25.20
2008.01.08 19:01:18.828,1.1152,1.1155,2.60,25.20
2008.01.08 19:01:19.057,1.11525,1.1155,1.60,25.20
2008.01.08 19:01:19.783,1.11525,1.1155,1.60,25.20
2008.01.08 19:01:21.228,1.11525,1.11545,1.60,0.50
2008.01.08 19:01:22.284,1.11525,1.1155,1.60,25.20
2008.01.08 19:01:22.708,1.11525,1.1155,1.70,25.20
2008.01.08 19:01:22.812,1.11525,1.11545,1.40,0.90
2008.01.08 19:01:23.027,1.11525,1.11545,1.40,0.80
2008.01.08 19:01:23.334,1.11525,1.11545,1.50,0.50
2008.01.08 19:01:23.756,1.11525,1.11545,1.50,0.90
2008.01.08 19:01:23.958,1.11525,1.1155,1.70,22.00
2008.01.08 19:01:24.141,1.11525,1.1155,1.70,22.00
2008.01.08 19:01:24.323,1.11525,1.1155,1.80,22.00
2008.01.08 19:01:24.565,1.11525,1.11545,2.00,0.90
2008.01.08 19:01:24.751,1.11525,1.1155,2.30,5.00
2008.01.08 19:01:24.934,1.11525,1.11545,2.30,0.70
2008.01.08 19:01:25.191,1.11525,1.11545,2.30,0.60
2008.01.08 19:01:25.339,1.11525,1.1155,2.30,1.30
2008.01.08 19:01:25.628,1.11525,1.11545,3.20,0.30
2008.01.08 19:01:25.777,1.11525,1.1155,3.20,1.30
2008.01.08 19:01:25.925,1.11525,1.1155,3.60,1.30
2008.01.08 19:01:26.230,1.11525,1.11545,3.60,0.30
2008.01.08 19:01:26.346,1.11525,1.11545,3.80,0.30
2008.01.08 19:01:27.767,1.11525,1.11545,3.80,0.30
2008.01.08 19:01:29.775,1.11525,1.11545,3.80,0.30
2008.01.08 19:01:29.893,1.11525,1.1155,3.10,1.30
2008.01.08 19:01:30.022,1.11525,1.1155,2.40,1.30
2008.01.08 19:01:30.183,1.11525,1.1155,2.00,1.30
2008.01.08 19:01:30.301,1.11525,1.1155,2.10,1.30
2008.01.08 19:01:31.119,1.11525,1.1155,2.00,1.30
2008.01.08 19:01:31.311,1.11525,1.11545,1.60,0.30
2008.01.08 19:01:31.518,1.11525,1.11545,1.70,0.30
2008.01.08 19:01:32.259,1.11525,1.11545,2.10,0.30
2008.01.08 19:01:32.387,1.11525,1.1155,2.10,1.30
2008.01.08 19:01:32.545,1.11525,1.11545,1.60,0.30
2008.01.08 19:01:32.720,1.11525,1.11545,1.80,0.30
2008.01.08 19:01:32.880,1.11525,1.1155,3.10,1.30
2008.01.08 19:01:33.039,1.11525,1.1155,2.60,1.30
2008.01.08 19:01:33.197,1.11525,1.11545,1.60,0.30
2008.01.08 19:01:33.356,1.11525,1.1155,2.40,1.30
2008.01.08 19:01:33.942,1.11525,1.11545,2.40,0.30
2008.01.08 19:01:34.274,1.11525,1.1155,2.40,1.30
2008.01.08 19:01:35.007,1.11525,1.11545,2.40,0.30
2008.01.08 19:01:37.061,1.11525,1.1155,2.10,1.30
2008.01.08 19:01:37.774,1.11525,1.11545,2.10,0.30
2008.01.08 19:01:38.214,1.11525,1.1155,2.10,1.30
2008.01.08 19:01:41.211,1.11525,1.11545,2.10,0.30
2008.01.08 19:01:42.245,1.11525,1.11545,2.50,0.30
2008.01.08 19:01:42.352,1.11525,1.11545,2.60,0.30
2008.01.08 19:01:42.796,1.11525,1.11545,2.60,0.30
2008.01.08 19:01:47.808,1.11525,1.11545,2.60,0.30
2008.01.08 19:01:47.917,1.11525,1.11545,2.60,0.30
2008.01.08 19:01:52.804,1.11525,1.11545,2.60,0.30
2008.01.08 19:01:52.948,1.11525,1.11545,2.60,0.30
2008.01.08 19:01:57.802,1.1153,1.1155,2.40,18.40
2008.01.08 19:02:00.818,1.1153,1.1155,2.40,19.20
2008.01.08 19:02:01.003,1.1152,1.1154,1.60,1.00
2008.01.08 19:02:01.186,1.1152,1.1154,1.00,0.80
2008.01.08 19:02:01.339,1.11525,1.11545,0.60,17.00
2008.01.08 19:02:01.494,1.11525,1.11545,0.60,17.00
2008.01.08 19:02:01.654,1.1153,1.11545,0.30,12.00
2008.01.08 19:02:01.808,1.1153,1.11545,0.30,1.60
2008.01.08 19:02:01.962,1.1153,1.11555,0.30,33.00
2008.01.08 19:02:01.991,1.1153,1.11555,0.30,0.50
2008.01.08 19:02:02.116,1.11525,1.11545,10.00,0.30
2008.01.08 19:02:02.420,1.1153,1.1155,0.30,0.30
2008.01.08 19:02:02.724,1.11525,1.11545,3.80,0.30
2008.01.08 19:02:03.027,1.11525,1.11545,2.70,0.30
2008.01.08 19:02:03.455,1.11525,1.11545,2.70,0.30
2008.01.08 19:02:03.692,1.11525,1.1155,2.80,1.30
2008.01.08 19:02:03.930,1.11525,1.1155,2.80,1.30
2008.01.08 19:02:04.168,1.11525,1.11545,2.80,0.30
2008.01.08 19:02:05.999,1.11525,1.1155,2.90,1.30
2008.01.08 19:02:07.822,1.11525,1.11545,2.90,0.30
2008.01.08 19:02:08.047,1.11525,1.1155,2.90,1.30
2008.01.08 19:02:12.841,1.11525,1.11545,2.90,0.30
2008.01.08 19:02:13.071,1.11525,1.1155,2.90,1.30
2008.01.08 19:02:16.071,1.11525,1.1155,4.50,1.30
2008.01.08 19:02:16.190,1.1153,1.11555,0.30,40.50
2008.01.08 19:02:16.259,1.1153,1.1155,0.30,0.30
2008.01.08 19:02:16.328,1.1153,1.11555,0.30,28.50
2008.01.08 19:02:16.525,1.1153,1.11555,0.30,27.70
2008.01.08 19:02:17.037,1.1153,1.1155,0.30,0.30
2008.01.08 19:02:17.106,1.11525,1.11555,11.90,27.70
2008.01.08 19:02:17.240,1.11525,1.11555,11.90,27.70
2008.01.08 19:02:17.833,1.11525,1.11555,11.90,27.70
2008.01.08 19:02:18.127,1.11525,1.11555,11.90,27.70
2008.01.08 19:02:22.748,1.11525,1.11555,11.90,28.50
2008.01.08 19:02:22.859,1.11525,1.1155,11.90,0.30
2008.01.08 19:02:23.158,1.11525,1.1155,11.90,0.30
2008.01.08 19:02:25.523,1.11525,1.11555,11.70,28.50
2008.01.08 19:02:27.882,1.11525,1.11555,11.70,28.50
2008.01.08 19:02:28.199,1.11525,1.11555,11.70,28.50
2008.01.08 19:02:29.256,1.11525,1.11555,11.10,29.30
2008.01.08 19:02:29.564,1.11525,1.11555,10.40,29.30
2008.01.08 19:02:29.955,1.11525,1.11555,10.40,29.30
2008.01.08 19:02:30.133,1.11525,1.11555,9.20,29.30
2008.01.08 19:02:30.312,1.11525,1.1155,9.20,0.30
2008.01.08 19:02:31.015,1.11525,1.11555,9.40,29.30
2008.01.08 19:02:31.234,1.11525,1.1155,9.20,0.30
2008.01.08 19:02:32.582,1.11525,1.1155,9.40,0.30
2008.01.08 19:02:32.742,1.11525,1.1155,9.40,0.30
2008.01.08 19:02:32.867,1.11525,1.1155,9.40,0.30
2008.01.08 19:02:33.236,1.11525,1.1155,9.40,0.30
2008.01.08 19:02:37.893,1.11525,1.1155,9.40,0.30
2008.01.08 19:02:38.282,1.11525,1.1155,9.40,0.30
2008.01.08 19:02:39.340,1.11525,1.1155,9.60,0.30
2008.01.08 19:02:39.544,1.11525,1.1155,9.60,0.30
2008.01.08 19:02:42.887,1.11525,1.1155,9.60,0.30
2008.01.08 19:02:43.321,1.11525,1.1155,9.60,0.30
2008.01.08 19:02:47.896,1.1153,1.1155,4.60,8.80
2008.01.08 19:02:48.342,1.1153,1.1155,4.60,8.80
2008.01.08 19:02:51.271,1.1153,1.1155,4.40,8.80
2008.01.08 19:02:51.431,1.1153,1.1155,4.30,8.80
2008.01.08 19:02:51.587,1.1153,1.1155,4.30,8.80
2008.01.08 19:02:51.764,1.1153,1.1155,4.30,8.80
2008.01.08 19:02:52.288,1.1153,1.1155,4.30,8.80
2008.01.08 19:02:52.904,1.1153,1.1155,4.30,8.80
2008.01.08 19:02:53.385,1.1153,1.1155,4.30,8.80
2008.01.08 19:02:54.706,1.1153,1.1155,4.30,8.80
2008.01.08 19:02:56.121,1.1153,1.1155,2.40,8.80
2008.01.08 19:02:56.946,1.1153,1.1155,4.30,8.80
2008.01.08 19:02:57.911,1.1153,1.1155,4.30,8.80
2008.01.08 19:02:58.422,1.1153,1.1155,4.30,8.80
2008.01.08 19:02:58.713,1.11525,1.11545,4.30,0.30
2008.01.08 19:02:58.766,1.11525,1.11545,0.40,0.30
2008.01.08 19:02:58.837,1.11525,1.11545,0.40,0.30
2008.01.08 19:02:59.171,1.11525,1.11545,0.30,0.30
2008.01.08 19:02:59.550,1.11525,1.11545,0.30,0.30
2008.01.08 19:02:59.883,1.11525,1.11545,0.30,0.30
2008.01.08 19:03:00.088,1.1152,1.11545,1.00,0.30
2008.01.08 19:03:00.291,1.1152,1.11545,1.00,0.30
2008.01.08 19:03:01.742,1.11525,1.1154,0.30,0.30
2008.01.08 19:03:01.852,1.11525,1.1154,1.00,0.30
2008.01.08 19:03:01.980,1.11525,1.1154,1.00,0.30
2008.01.08 19:03:02.282,1.11525,1.1154,1.00,0.30
2008.01.08 19:03:02.923,1.11525,1.1154,1.00,0.30
2008.01.08 19:03:03.450,1.11525,1.1154,1.00,0.30
2008.01.08 19:03:07.049,1.11525,1.1154,0.80,0.30
2008.01.08 19:03:07.113,1.1152,1.1154,0.30,1.00
2008.01.08 19:03:07.131,1.1152,1.1154,0.30,1.00
2008.01.08 19:03:07.164,1.1152,1.1154,0.30,1.00
2008.01.08 19:03:07.176,1.1152,1.1154,0.30,1.00
2008.01.08 19:03:07.305,1.1152,1.1154,0.30,1.00
2008.01.08 19:03:07.503,1.1152,1.1154,0.30,1.00
2008.01.08 19:03:07.841,1.11515,1.1154,13.00,1.00
2008.01.08 19:03:07.929,1.11515,1.1154,13.00,1.00
2008.01.08 19:03:07.995,1.11515,1.1154,13.00,1.00
2008.01.08 19:03:08.103,1.11515,1.1154,13.00,1.00
2008.01.08 19:03:08.436,1.1152,1.11545,1.00,1.80
2008.01.08 19:03:08.785,1.1152,1.11545,1.00,1.80
2008.01.08 19:03:09.120,1.11525,1.11545,0.30,0.30
2008.01.08 19:03:09.334,1.11525,1.11545,0.30,0.30
2008.01.08 19:03:09.547,1.11525,1.11545,0.30,0.30
2008.01.08 19:03:09.774,1.11525,1.11545,0.30,0.30
2008.01.08 19:03:09.988,1.1152,1.11545,1.00,0.30
2008.01.08 19:03:10.201,1.11525,1.1154,0.30,0.30
2008.01.08 19:03:11.788,1.1152,1.11545,1.00,0.30
2008.01.08 19:03:11.882,1.11525,1.11545,0.80,1.00
2008.01.08 19:03:12.947,1.11525,1.11545,0.80,1.00
2008.01.08 19:03:13.535,1.11525,1.11545,0.80,1.00
2008.01.08 19:03:16.493,1.11525,1.11545,0.80,1.00
2008.01.08 19:03:16.984,1.11525,1.11545,0.80,4.20
2008.01.08 19:03:17.059,1.11525,1.11545,0.80,4.20
2008.01.08 19:03:17.715,1.11525,1.11545,0.80,4.20
2008.01.08 19:03:17.879,1.11525,1.11545,0.80,12.50
2008.01.08 19:03:18.043,1.11515,1.1154,14.00,0.30
2008.01.08 19:03:18.207,1.11515,1.1154,13.30,0.30
2008.01.08 19:03:18.440,1.11515,1.1154,13.30,0.30
2008.01.08 19:03:18.673,1.11515,1.1154,13.30,0.30
2008.01.08 19:03:18.907,1.11515,1.1154,13.30,0.30
2008.01.08 19:03:19.139,1.11515,1.1154,13.30,0.30
2008.01.08 19:03:19.372,1.1152,1.1154,0.30,0.30
2008.01.08 19:03:19.714,1.11515,1.1154,13.30,0.30
2008.01.08 19:03:19.947,1.1152,1.1154,0.30,0.30
2008.01.08 19:03:20.182,1.11525,1.11545,0.30,5.80
2008.01.08 19:03:20.416,1.1152,1.11545,1.30,5.00
2008.01.08 19:03:20.615,1.11515,1.1154,14.00,0.30
2008.01.08 19:03:20.729,1.11515,1.1154,7.60,0.30
2008.01.08 19:03:20.843,1.1152,1.1154,0.30,0.30
2008.01.08 19:03:20.956,1.11515,1.1154,0.60,0.30
2008.01.08 19:03:21.070,1.1151,1.1154,2.90,1.00
2008.01.08 19:03:21.185,1.11515,1.1154,0.30,1.00
2008.01.08 19:03:21.298,1.11515,1.1154,0.30,1.80
2008.01.08 19:03:21.718,1.11515,1.1154,0.30,1.80
2008.01.08 19:03:21.886,1.11515,1.11535,0.30,0.30
2008.01.08 19:03:22.053,1.11515,1.11535,0.30,0.30
2008.01.08 19:03:22.231,1.1151,1.11535,2.90,0.30
2008.01.08 19:03:22.972,1.11515,1.11535,0.30,0.30
2008.01.08 19:03:23.635,1.1151,1.11535,2.90,0.30
2008.01.08 19:03:23.760,1.1151,1.11535,2.90,0.30
2008.01.08 19:03:23.885,1.1151,1.11535,2.90,0.30
2008.01.08 19:03:24.290,1.1151,1.11535,2.90,0.30
2008.01.08 19:03:24.871,1.11505,1.11535,30.20,0.30
2008.01.08 19:03:25.019,1.11505,1.11535,29.20,0.30
2008.01.08 19:03:25.167,1.1151,1.11535,1.00,1.00
2008.01.08 19:03:25.316,1.11505,1.11535,29.30,11.40
2008.01.08 19:03:25.726,1.1151,1.11535,0.30,11.40
2008.01.08 19:03:25.823,1.11505,1.11535,25.00,15.40
2008.01.08 19:03:25.991,1.11505,1.11535,25.00,15.40
2008.01.08 19:03:26.202,1.1151,1.11535,0.30,15.40
2008.01.08 19:03:27.280,1.11505,1.11535,24.00,15.40
2008.01.08 19:03:27.717,1.1151,1.11535,0.30,15.40
2008.01.08 19:03:27.837,1.11505,1.11535,25.50,15.40
2008.01.08 19:03:27.942,1.11505,1.11535,29.50,15.40
2008.01.08 19:03:28.045,1.11505,1.11535,29.50,15.40
2008.01.08 19:03:28.338,1.11505,1.11535,29.30,15.40
2008.01.08 19:03:28.457,1.11505,1.11535,31.40,15.40
2008.01.08 19:03:28.678,1.11505,1.11535,31.40,15.40
2008.01.08 19:03:32.220,1.11505,1.11535,31.40,15.40
2008.01.08 19:03:32.698,1.11505,1.11535,31.10,15.40
2008.01.08 19:03:32.983,1.1151,1.11535,0.30,15.40
2008.01.08 19:03:33.258,1.11505,1.11535,31.10,15.40
2008.01.08 19:03:33.715,1.1151,1.11535,0.30,15.40
2008.01.08 19:03:34.180,1.11505,1.11535,31.10,15.40
2008.01.08 19:03:34.994,1.11505,1.11535,30.10,15.40
2008.01.08 19:03:35.207,1.1151,1.11535,0.30,15.40
2008.01.08 19:03:37.996,1.1151,1.11535,0.30,15.40
2008.01.08 19:03:38.750,1.11505,1.11535,30.10,15.40
2008.01.08 19:03:43.014,1.11505,1.11535,30.10,15.40
2008.01.08 19:03:43.790,1.11505,1.11535,30.10,15.40
2008.01.08 19:03:44.202,1.1151,1.11535,0.30,15.40
2008.01.08 19:03:48.019,1.1151,1.11535,0.30,15.40
2008.01.08 19:03:48.864,1.1151,1.11535,0.30,15.40
2008.01.08 19:03:53.026,1.1151,1.11535,0.30,15.40
2008.01.08 19:03:53.902,1.1151,1.11535,0.30,15.40
2008.01.08 19:03:54.068,1.1151,1.11535,0.30,15.40
2008.01.08 19:03:58.019,1.1151,1.1153,16.00,2.40
2008.01.08 19:03:58.947,1.1151,1.1153,16.00,2.40
2008.01.08 19:03:59.705,1.1151,1.1153,16.00,2.40
2008.01.08 19:04:00.527,1.1151,1.1153,16.00,2.40
2008.01.08 19:04:02.149,1.1151,1.1153,16.00,0.60
2008.01.08 19:04:03.051,1.1151,1.1154,16.00,27.90
2008.01.08 19:04:04.010,1.1151,1.1154,16.00,27.90
2008.01.08 19:04:05.010,1.1151,1.1154,15.20,27.80
2008.01.08 19:04:05.218,1.1151,1.1154,16.00,27.80
2008.01.08 19:04:08.056,1.1151,1.1153,16.00,0.70
2008.01.08 19:04:09.046,1.1151,1.1154,16.00,27.80
2008.01.08 19:04:13.050,1.1151,1.1153,16.00,0.70
2008.01.08 19:04:15.875,1.1151,1.1154,16.00,27.80
2008.01.08 19:04:18.058,1.1151,1.1154,16.00,27.80
2008.01.08 19:04:20.908,1.1151,1.1153,16.00,0.50
2008.01.08 19:04:23.057,1.1151,1.1154,16.00,27.80
2008.01.08 19:04:25.093,1.1151,1.11535,22.40,16.00
2008.01.08 19:04:25.239,1.1151,1.1153,22.40,0.70
2008.01.08 19:04:25.391,1.1151,1.1153,23.20,0.90
2008.01.08 19:04:25.451,1.1151,1.11535,23.20,16.00
2008.01.08 19:04:25.930,1.1151,1.11535,23.20,16.00
2008.01.08 19:04:25.987,1.1151,1.1153,23.20,0.90
2008.01.08 19:04:26.260,1.1151,1.11535,23.20,16.00
2008.01.08 19:04:28.066,1.1151,1.1153,23.20,0.50
2008.01.08 19:04:30.256,1.1151,1.11535,23.20,16.00
2008.01.08 19:04:30.967,1.1151,1.1153,23.20,15.20
2008.01.08 19:04:31.784,1.1151,1.1153,19.20,15.20
2008.01.08 19:04:32.012,1.1151,1.1153,19.20,15.20
2008.01.08 19:04:32.256,1.1151,1.1153,17.10,15.20
2008.01.08 19:04:32.498,1.1151,1.1153,17.10,16.80
2008.01.08 19:04:32.742,1.1151,1.1153,17.10,16.80
2008.01.08 19:04:33.066,1.1151,1.1153,17.10,16.80
2008.01.08 19:04:33.504,1.1151,1.1153,17.10,16.80
2008.01.08 19:04:34.544,1.1151,1.1153,17.10,16.80
2008.01.08 19:04:34.958,1.1151,1.1153,17.10,16.80
2008.01.08 19:04:35.467,1.1151,1.1153,17.10,16.80
2008.01.08 19:04:35.773,1.1151,1.1153,17.10,16.80
2008.01.08 19:04:35.898,1.1151,1.1153,21.10,16.80
2008.01.08 19:04:36.111,1.1151,1.1153,20.80,16.80
2008.01.08 19:04:36.255,1.1151,1.1153,20.80,16.80
2008.01.08 19:04:36.432,1.1151,1.1153,19.00,16.80
2008.01.08 19:04:37.057,1.1151,1.1153,21.60,16.80
2008.01.08 19:04:38.085,1.1151,1.1153,21.60,16.80
2008.01.08 19:04:38.153,1.1151,1.1153,20.80,16.80
2008.01.08 19:04:38.223,1.1151,1.1153,19.80,16.80
2008.01.08 19:04:38.290,1.1151,1.1153,14.90,16.80
2008.01.08 19:04:39.228,1.1151,1.1153,14.90,16.80
2008.01.08 19:04:41.042,1.1151,1.1153,14.90,16.80
2008.01.08 19:04:41.201,1.1151,1.1153,14.80,16.80
2008.01.08 19:04:41.368,1.1151,1.1153,14.80,16.80
2008.01.08 19:04:41.522,1.1151,1.1153,14.80,16.80
2008.01.08 19:04:41.700,1.1151,1.1153,14.80,16.80
2008.01.08 19:04:42.045,1.1151,1.1153,14.60,16.80
2008.01.08 19:04:42.199,1.11515,1.11535,0.30,2.40
2008.01.08 19:04:42.353,1.11515,1.1154,0.30,1.80
2008.01.08 19:04:42.546,1.11515,1.1154,0.30,1.80
2008.01.08 19:04:42.842,1.11515,1.11535,0.30,0.30
2008.01.08 19:04:43.036,1.11515,1.11535,0.30,0.30
2008.01.08 19:04:43.228,1.11515,1.11535,0.30,0.30
2008.01.08 19:04:43.421,1.11515,1.11535,0.30,0.30
2008.01.08 19:04:43.629,1.11515,1.11535,0.30,0.30
2008.01.08 19:04:43.837,1.11515,1.11535,0.30,0.30
2008.01.08 19:04:46.088,1.11515,1.11535,0.30,0.30
2008.01.08 19:04:46.813,1.11515,1.11535,0.30,0.30
2008.01.08 19:04:47.148,1.11515,1.11535,0.30,0.30
2008.01.08 19:04:47.480,1.11515,1.11535,0.30,0.30
2008.01.08 19:04:47.814,1.11515,1.11535,0.30,0.30
2008.01.08 19:04:48.007,1.11515,1.1154,0.30,1.00
2008.01.08 19:04:48.287,1.11515,1.1154,0.30,1.00
2008.01.08 19:04:48.481,1.11515,1.1154,0.30,1.00
2008.01.08 19:04:49.603,1.11515,1.1154,0.30,1.00
2008.01.08 19:04:51.113,1.11515,1.1154,0.30,1.00
2008.01.08 19:04:51.690,1.11515,1.1154,0.30,1.00
2008.01.08 19:04:51.723,1.11515,1.1154,0.30,1.80
2008.01.08 19:04:51.785,1.11515,1.1154,0.30,1.80
2008.01.08 19:04:51.890,1.11515,1.1154,0.30,1.80
2008.01.08 19:04:51.999,1.11515,1.1154,3.40,1.80
2008.01.08 19:04:52.235,1.11515,1.1154,3.40,1.80
2008.01.08 19:04:52.473,1.11515,1.1154,3.40,1.80
2008.01.08 19:04:52.711,1.11515,1.1154,0.30,1.80
2008.01.08 19:04:52.950,1.11515,1.11535,0.30,0.30
2008.01.08 19:04:53.188,1.1152,1.1154,0.30,1.80
2008.01.08 19:04:53.354,1.1152,1.1154,0.30,0.30
2008.01.08 19:04:53.517,1.1152,1.1154,0.30,0.30
2008.01.08 19:04:53.699,1.11525,1.11545,0.30,14.60
2008.01.08 19:04:53.862,1.11525,1.11545,0.50,0.30
2008.01.08 19:04:53.937,1.11525,1.11545,0.50,0.30
2008.01.08 19:04:54.026,1.11525,1.11545,0.50,0.30
2008.01.08 19:04:54.311,1.11525,1.11545,0.50,0.30
2008.01.08 19:04:54.811,1.11525,1.11545,0.50,0.30
2008.01.08 19:04:55.215,1.11525,1.11545,0.50,0.30
2008.01.08 19:04:55.498,1.11525,1.11545,0.30,0.30
2008.01.08 19:04:55.596,1.11525,1.11545,0.30,0.30
2008.01.08 19:04:56.110,1.11525,1.11545,0.30,0.30
2008.01.08 19:04:58.150,1.11525,1.11545,0.30,0.30
2008.01.08 19:05:01.159,1.11525,1.11545,0.30,0.30
2008.01.08 19:05:02.151,1.11525,1.11545,0.30,0.30
2008.01.08 19:05:02.350,1.11525,1.11545,0.30,0.30
2008.01.08 19:05:03.138,1.11525,1.11545,0.30,0.30
2008.01.08 19:05:06.173,1.11525,1.11545,0.30,0.30
2008.01.08 19:05:08.145,1.11525,1.11545,0.30,0.30
2008.01.08 19:05:11.090,1.1152,1.1154,1.00,0.30
2008.01.08 19:05:11.164,1.1152,1.1154,1.00,0.30
2008.01.08 19:05:11.223,1.1152,1.1154,0.30,0.30
2008.01.08 19:05:11.276,1.1152,1.1154,0.30,0.30
2008.01.08 19:05:11.329,1.1152,1.1154,0.30,0.30
2008.01.08 19:05:11.442,1.1152,1.1154,0.30,0.30
2008.01.08 19:05:11.501,1.1152,1.1154,0.30,0.30
2008.01.08 19:05:11.691,1.1152,1.1154,0.30,0.30
2008.01.08 19:05:11.744,1.1152,1.1154,0.30,0.30
2008.01.08 19:05:11.797,1.1152,1.1154,0.30,0.30
2008.01.08 19:05:12.046,1.1152,1.1154,0.30,0.30
2008.01.08 19:05:12.349,1.11525,1.11545,0.30,0.30
2008.01.08 19:05:12.652,1.1152,1.1154,0.30,0.30
2008.01.08 19:05:12.955,1.1152,1.1154,0.30,0.30
2008.01.08 19:05:13.258,1.1152,1.1154,0.30,0.30
2008.01.08 19:05:13.387,1.1152,1.1154,0.30,0.30
2008.01.08 19:05:13.515,1.1152,1.1154,0.30,0.30
2008.01.08 19:05:13.774,1.1152,1.1154,0.30,0.30
2008.01.08 19:05:13.903,1.1152,1.11545,0.30,1.00
2008.01.08 19:05:14.032,1.1152,1.11545,1.00,0.30
2008.01.08 19:05:14.160,1.1152,1.11545,1.00,0.30
2008.01.08 19:05:14.288,1.1152,1.11545,1.00,0.30
2008.01.08 19:05:15.247,1.1152,1.11545,1.00,0.30
2008.01.08 19:05:15.608,1.1152,1.11545,1.00,0.30
2008.01.08 19:05:16.093,1.1152,1.1154,0.80,0.30
2008.01.08 19:05:16.176,1.1152,1.1154,0.80,0.30
2008.01.08 19:05:16.224,1.1152,1.1154,0.80,0.30
2008.01.08 19:05:16.248,1.1152,1.1154,0.80,0.30
2008.01.08 19:05:16.282,1.1152,1.1154,0.80,0.30
2008.01.08 19:05:16.460,1.11515,1.1154,1.00,0.30
2008.01.08 19:05:16.745,1.11515,1.1154,1.00,0.30
2008.01.08 19:05:16.939,1.1152,1.1154,0.30,0.30
2008.01.08 19:05:17.102,1.1152,1.1154,0.30,0.30
2008.01.08 19:05:17.565,1.11525,1.11535,0.30,0.30
2008.01.08 19:05:17.774,1.11525,1.11535,0.30,0.30
2008.01.08 19:05:17.982,1.11525,1.11535,0.30,0.30
2008.01.08 19:05:18.190,1.11525,1.11535,0.30,0.30
2008.01.08 19:05:21.236,1.11525,1.11535,0.30,0.30
2008.01.08 19:05:22.646,1.1152,1.1154,1.00,1.00
2008.01.08 19:05:22.782,1.1152,1.1154,0.30,1.00
2008.01.08 19:05:22.910,1.1152,1.1154,0.30,0.30
2008.01.08 19:05:23.164,1.1152,1.1154,0.30,0.30
2008.01.08 19:05:26.269,1.1152,1.1154,0.30,0.30
2008.01.08 19:05:27.568,1.1152,1.1154,1.00,0.30
2008.01.08 19:05:27.706,1.11525,1.11535,0.30,0.30
2008.01.08 19:05:27.778,1.11525,1.11535,0.30,0.30
2008.01.08 19:05:27.979,1.11525,1.11535,0.30,0.30
2008.01.08 19:05:28.045,1.11525,1.11535,0.30,0.30
2008.01.08 19:05:28.114,1.1152,1.11535,0.80,0.30
2008.01.08 19:05:28.204,1.1152,1.11535,0.80,0.30
2008.01.08 19:05:28.273,1.11515,1.11535,0.30,0.30
2008.01.08 19:05:28.340,1.11515,1.11535,0.30,0.30
2008.01.08 19:05:28.501,1.11515,1.11535,0.30,0.30
2008.01.08 19:05:28.846,1.11515,1.1154,0.30,1.80
2008.01.08 19:05:29.336,1.11515,1.1154,0.30,1.80
2008.01.08 19:05:29.634,1.11515,1.1154,0.30,1.80
2008.01.08 19:05:29.933,1.11515,1.1154,0.30,1.80
2008.01.08 19:05:30.467,1.11515,1.1154,0.30,1.80
2008.01.08 19:05:30.763,1.11515,1.1154,0.30,1.00
2008.01.08 19:05:30.836,1.11515,1.1154,0.30,1.00
2008.01.08 19:05:30.930,1.11515,1.1154,0.30,1.00
2008.01.08 19:05:31.025,1.11515,1.1154,0.30,1.80
2008.01.08 19:05:31.197,1.11515,1.1154,0.30,1.80
2008.01.08 19:05:31.288,1.11515,1.1154,0.30,1.80
2008.01.08 19:05:31.380,1.11515,1.1154,0.30,1.80
2008.01.08 19:05:31.824,1.11515,1.1154,0.30,1.80
2008.01.08 19:05:32.158,1.11515,1.1154,0.30,1.80
2008.01.08 19:05:32.509,1.11515,1.1154,0.30,1.80
2008.01.08 19:05:32.825,1.1152,1.11535,0.30,1.00
2008.01.08 19:05:33.159,1.1152,1.11535,0.30,1.00
2008.01.08 19:05:33.322,1.1152,1.11535,0.30,1.00
2008.01.08 19:05:33.486,1.1152,1.11535,0.30,1.00
2008.01.08 19:05:33.650,1.1152,1.11535,0.30,1.00
2008.01.08 19:05:33.954,1.11515,1.11535,1.00,1.00
2008.01.08 19:05:34.216,1.11515,1.11535,0.30,0.30
2008.01.08 19:05:36.038,1.1151,1.11535,6.10,0.30
2008.01.08 19:05:36.344,1.11515,1.11535,0.30,0.30
2008.01.08 19:05:38.200,1.11515,1.11535,0.30,0.30
2008.01.08 19:05:39.288,1.11515,1.11535,0.30,0.30
2008.01.08 19:05:39.438,1.11515,1.11535,0.30,0.30
2008.01.08 19:05:39.581,1.11515,1.11535,0.30,0.30
2008.01.08 19:05:39.724,1.11515,1.11535,0.30,0.30
2008.01.08 19:05:40.015,1.11515,1.11535,0.30,0.30
2008.01.08 19:05:40.159,1.11515,1.11535,0.30,0.30
2008.01.08 19:05:40.302,1.11515,1.11535,0.30,0.30
2008.01.08 19:05:40.457,1.11515,1.11535,0.30,0.30
2008.01.08 19:05:40.905,1.11515,1.1154,0.30,1.00
2008.01.08 19:05:41.259,1.11515,1.1154,0.30,1.00
2008.01.08 19:05:41.413,1.11515,1.1154,0.30,1.80
2008.01.08 19:05:41.587,1.11515,1.1154,0.30,1.80
2008.01.08 19:05:41.844,1.11515,1.11535,0.30,0.30
2008.01.08 19:05:42.018,1.11515,1.11535,0.30,0.30
2008.01.08 19:05:42.191,1.11515,1.11535,0.30,0.30
2008.01.08 19:05:42.365,1.11515,1.11535,0.30,0.30
2008.01.08 19:05:42.604,1.11515,1.11535,0.30,0.30
2008.01.08 19:05:43.217,1.11515,1.11535,0.30,0.30
2008.01.08 19:05:43.455,1.11515,1.11535,0.30,0.30
2008.01.08 19:05:44.580,1.11515,1.11535,0.30,0.30
2008.01.08 19:05:44.775,1.11515,1.11535,0.30,0.30
2008.01.08 19:05:44.813,1.11515,1.11535,0.30,0.30
2008.01.08 19:05:44.986,1.11515,1.11535,0.30,0.30
2008.01.08 19:05:45.023,1.11515,1.11535,0.30,0.30
2008.01.08 19:05:45.092,1.11515,1.11535,0.30,0.30
2008.01.08 19:05:45.188,1.11515,1.11535,0.30,0.30
2008.01.08 19:05:45.226,1.11515,1.11535,0.30,0.30
2008.01.08 19:05:46.009,1.11515,1.11535,0.30,0.30
2008.01.08 19:05:46.135,1.11515,1.11535,0.30,0.30
2008.01.08 19:05:46.391,1.11515,1.11535,0.30,0.30
2008.01.08 19:05:48.219,1.11515,1.11535,0.30,0.30
2008.01.08 19:05:48.751,1.11515,1.11535,0.30,0.30
2008.01.08 19:05:48.877,1.11515,1.11535,0.30,0.30
2008.01.08 19:05:48.936,1.11515,1.11535,0.30,0.30
2008.01.08 19:05:48.948,1.11515,1.11535,0.30,0.30
2008.01.08 19:05:49.070,1.11515,1.11535,0.30,0.30
2008.01.08 19:05:49.249,1.11515,1.11535,0.30,0.30
2008.01.08 19:05:49.537,1.11515,1.11535,0.30,0.30
2008.01.08 19:05:50.269,1.11515,1.11535,0.30,0.30
2008.01.08 19:05:51.425,1.11515,1.11535,0.30,0.30
2008.01.08 19:05:53.223,1.11515,1.11535,0.30,0.30
2008.01.08 19:05:56.474,1.11515,1.11535,0.30,0.30
2008.01.08 19:05:58.263,1.11515,1.11535,0.30,0.30
2008.01.08 19:06:01.521,1.11515,1.11535,0.30,0.30
2008.01.08 19:06:03.246,1.11515,1.11535,0.30,0.30
2008.01.08 19:06:05.726,1.11515,1.11535,0.30,0.30
2008.01.08 19:06:05.990,1.11515,1.11535,0.30,0.30
2008.01.08 19:06:06.066,1.11515,1.11535,0.30,0.30
2008.01.08 19:06:06.161,1.11515,1.11535,0.30,0.30
2008.01.08 19:06:06.235,1.11515,1.11535,0.30,0.30
2008.01.08 19:06:06.495,1.11515,1.11535,0.30,0.30
2008.01.08 19:06:06.687,1.11515,1.11535,0.30,0.30
2008.01.08 19:06:07.105,1.11515,1.11535,0.30,0.30
2008.01.08 19:06:07.241,1.11515,1.11535,0.30,0.30
2008.01.08 19:06:07.370,1.11515,1.11535,0.30,0.30
2008.01.08 19:06:08.269,1.11515,1.11535,0.30,0.30
2008.01.08 19:06:09.680,1.11515,1.11535,0.30,0.30
2008.01.08 19:06:09.794,1.11515,1.11535,0.30,0.30
2008.01.08 19:06:09.907,1.11515,1.11535,0.30,0.30
2008.01.08 19:06:10.020,1.11515,1.11535,0.30,0.30
2008.01.08 19:06:10.153,1.1152,1.1154,0.30,6.60
2008.01.08 19:06:10.266,1.1152,1.1154,0.30,5.80
2008.01.08 19:06:10.381,1.1152,1.1154,0.30,5.80
2008.01.08 19:06:10.549,1.1152,1.1154,0.30,5.80
2008.01.08 19:06:10.809,1.1152,1.1154,0.30,5.80
2008.01.08 19:06:10.979,1.11515,1.1154,7.40,5.00
2008.01.08 19:06:11.148,1.11515,1.1154,7.40,5.00
2008.01.08 19:06:11.332,1.11515,1.1154,7.40,4.20
2008.01.08 19:06:11.484,1.11515,1.1154,9.00,4.20
2008.01.08 19:06:11.613,1.11525,1.1154,2.50,3.40
2008.01.08 19:06:11.742,1.11525,1.1154,5.90,2.40
2008.01.08 19:06:11.869,1.11525,1.1154,6.20,2.40
2008.01.08 19:06:11.999,1.11525,1.1154,6.70,2.40
2008.01.08 19:06:12.141,1.11525,1.1154,6.20,2.40
2008.01.08 19:06:12.269,1.11525,1.1154,6.20,1.60
2008.01.08 19:06:12.398,1.11535,1.1154,1.50,1.60
2008.01.08 19:06:12.694,1.1154,1.11555,0.30,30.40
2008.01.08 19:06:12.983,1.11545,1.11555,4.20,7.20
2008.01.08 19:06:13.272,1.11545,1.11555,6.60,3.20
2008.01.08 19:06:13.567,1.11545,1.11565,6.60,15.40
2008.01.08 19:06:13.787,1.1155,1.11565,0.30,15.20
2008.01.08 19:06:14.005,1.11545,1.11565,7.40,11.20
2008.01.08 19:06:14.223,1.11545,1.11565,7.40,9.60
2008.01.08 19:06:14.441,1.11545,1.11565,7.40,9.60
2008.01.08 19:06:14.736,1.11545,1.11565,7.40,9.60
2008.01.08 19:06:15.249,1.11545,1.11565,7.40,9.60
2008.01.08 19:06:15.464,1.11545,1.11565,7.40,9.60
2008.01.08 19:06:15.984,1.11545,1.11565,7.40,9.60
2008.01.08 19:06:16.083,1.11545,1.11565,7.20,9.80
2008.01.08 19:06:16.196,1.11545,1.11565,7.20,9.80
2008.01.08 19:06:16.284,1.1154,1.11565,1.00,8.20
2008.01.08 19:06:16.399,1.1154,1.11565,1.00,8.20
2008.01.08 19:06:16.495,1.1154,1.11565,1.00,8.20
2008.01.08 19:06:16.719,1.1154,1.11565,1.00,8.20
2008.01.08 19:06:17.430,1.1154,1.11565,1.00,8.20
2008.01.08 19:06:18.283,1.1154,1.11565,1.00,8.20
2008.01.08 19:06:18.596,1.1154,1.11565,1.00,8.20
2008.01.08 19:06:18.687,1.1154,1.11565,1.00,8.20
2008.01.08 19:06:19.599,1.1155,1.11565,0.30,8.00
2008.01.08 19:06:19.934,1.1155,1.1157,1.00,4.00
2008.01.08 19:06:20.274,1.11545,1.11565,7.60,1.60
2008.01.08 19:06:20.430,1.11545,1.11565,7.60,1.60
2008.01.08 19:06:20.642,1.11545,1.11565,7.30,1.80
2008.01.08 19:06:20.762,1.11545,1.11565,6.50,9.80
2008.01.08 19:06:20.849,1.11545,1.11565,6.40,9.80
2008.01.08 19:06:20.952,1.11545,1.11565,6.60,9.80
2008.01.08 19:06:21.283,1.11545,1.11565,6.60,9.80
2008.01.08 19:06:21.627,1.1155,1.11565,0.30,13.60
2008.01.08 19:06:21.957,1.11545,1.11565,7.60,1.60
2008.01.08 19:06:22.196,1.11545,1.11565,7.70,1.60
2008.01.08 19:06:22.435,1.11545,1.11565,7.70,1.60
2008.01.08 19:06:22.726,1.11545,1.11565,7.70,1.60
2008.01.08 19:06:22.964,1.11545,1.11565,7.90,1.60
2008.01.08 19:06:23.210,1.11545,1.11565,7.70,1.80
2008.01.08 19:06:23.364,1.11545,1.11565,6.90,9.80
2008.01.08 19:06:23.584,1.11545,1.11565,7.20,9.60
2008.01.08 19:06:23.738,1.11545,1.11565,8.00,1.60
2008.01.08 19:06:23.904,1.1155,1.11565,0.30,1.60
2008.01.08 19:06:24.057,1.1155,1.11565,0.30,1.60
2008.01.08 19:06:24.149,1.11545,1.11565,13.10,1.60
2008.01.08 19:06:24.370,1.1155,1.11575,1.30,4.00
2008.01.08 19:06:24.683,1.1155,1.11575,2.10,4.00
2008.01.08 19:06:24.997,1.1155,1.11575,2.90,0.30
2008.01.08 19:06:25.311,1.1155,1.11575,2.90,0.30
2008.01.08 19:06:25.474,1.11555,1.11575,0.30,0.30
2008.01.08 19:06:25.672,1.1155,1.11575,2.90,0.30
2008.01.08 19:06:25.969,1.1155,1.11575,2.90,0.30
2008.01.08 19:06:26.268,1.1155,1.11575,2.90,0.30
2008.01.08 19:06:26.585,1.1155,1.11575,2.90,0.30
2008.01.08 19:06:26.683,1.1155,1.11575,2.90,0.30
2008.01.08 19:06:26.781,1.11555,1.11575,0.30,1.80
2008.01.08 19:06:26.879,1.1155,1.11575,1.50,1.80
2008.01.08 19:06:26.979,1.11545,1.11575,15.80,4.20
2008.01.08 19:06:27.077,1.11545,1.11575,13.40,5.00
2008.01.08 19:06:27.174,1.1155,1.11575,0.50,6.60
2008.01.08 19:06:27.368,1.1155,1.11575,0.30,21.00
2008.01.08 19:06:27.700,1.1155,1.11575,0.30,21.00
2008.01.08 19:06:28.288,1.11545,1.11575,13.50,21.00
2008.01.08 19:06:28.647,1.11545,1.11575,15.10,19.40
2008.01.08 19:06:28.781,1.1155,1.11575,0.30,17.00
2008.01.08 19:06:28.915,1.11545,1.11575,17.80,17.00
2008.01.08 19:06:29.157,1.1155,1.11575,0.60,16.80
2008.01.08 19:06:29.308,1.11555,1.1158,0.30,5.00
2008.01.08 19:06:29.641,1.1155,1.1158,2.90,4.20
2008.01.08 19:06:29.974,1.1155,1.11575,2.90,0.30
2008.01.08 19:06:30.308,1.1155,1.11575,2.90,0.30
2008.01.08 19:06:30.476,1.1155,1.11575,2.90,0.30
2008.01.08 19:06:30.645,1.1155,1.11575,2.90,0.30
2008.01.08 19:06:30.822,1.1155,1.11575,2.90,8.20
2008.01.08 19:06:30.992,1.1155,1.11575,0.60,11.40
2008.01.08 19:06:31.162,1.11545,1.11575,16.20,13.80
2008.01.08 19:06:31.330,1.11545,1.11575,16.50,13.80
2008.01.08 19:06:31.627,1.1155,1.11575,0.30,13.80
2008.01.08 19:06:31.927,1.1155,1.11575,2.10,3.40
2008.01.08 19:06:32.226,1.1155,1.11575,2.90,3.40
2008.01.08 19:06:32.523,1.11555,1.11575,0.30,3.40
2008.01.08 19:06:32.752,1.11545,1.1157,15.30,0.30
2008.01.08 19:06:32.981,1.11545,1.1157,14.30,0.30
2008.01.08 19:06:33.210,1.1155,1.1157,0.30,0.30
2008.01.08 19:06:33.440,1.11545,1.1157,15.30,0.30
2008.01.08 19:06:33.672,1.1155,1.1157,0.30,0.30
2008.01.08 19:06:33.891,1.1155,1.11565,0.30,8.00
2008.01.08 19:06:34.110,1.11545,1.11565,16.90,8.00
2008.01.08 19:06:34.329,1.11545,1.11575,15.90,20.20
2008.01.08 19:06:34.583,1.11545,1.11575,15.70,20.20
2008.01.08 19:06:34.727,1.11545,1.11575,15.70,20.20
2008.01.08 19:06:34.908,1.1154,1.1157,18.00,0.30
2008.01.08 19:06:35.052,1.11545,1.1157,2.30,0.30
2008.01.08 19:06:35.195,1.11545,1.1157,2.30,0.30
2008.01.08 19:06:35.615,1.1154,1.1157,16.60,0.30
2008.01.08 19:06:35.819,1.1154,1.11565,11.00,2.40
2008.01.08 19:06:36.022,1.1154,1.11565,11.00,2.60
2008.01.08 19:06:36.226,1.11545,1.11565,1.30,2.60
2008.01.08 19:06:36.430,1.1154,1.11565,8.60,12.20
2008.01.08 19:06:36.688,1.1154,1.11565,9.40,16.20
2008.01.08 19:06:37.503,1.1154,1.11565,9.40,16.20
2008.01.08 19:06:37.706,1.1154,1.11565,9.40,16.20
2008.01.08 19:06:38.324,1.11545,1.11565,0.90,16.20
2008.01.08 19:06:38.751,1.11545,1.11565,2.10,16.20
2008.01.08 19:06:41.749,1.1154,1.11565,9.40,16.20
2008.01.08 19:06:43.297,1.1154,1.11565,9.40,16.20
2008.01.08 19:06:43.697,1.11545,1.11565,1.40,16.20
2008.01.08 19:06:43.931,1.1154,1.11565,10.40,16.00
2008.01.08 19:06:44.165,1.11545,1.11565,1.50,14.40
2008.01.08 19:06:44.399,1.11545,1.11565,0.70,14.40
2008.01.08 19:06:44.650,1.1154,1.11565,11.00,14.40
2008.01.08 19:06:44.911,1.1154,1.11565,11.00,14.60
2008.01.08 19:06:45.190,1.1154,1.11565,12.50,14.60
2008.01.08 19:06:46.084,1.11545,1.11565,3.60,14.60
2008.01.08 19:06:46.749,1.1154,1.11565,12.30,14.60
2008.01.08 19:06:47.329,1.1154,1.11565,12.20,14.60
2008.01.08 19:06:48.313,1.11545,1.11565,3.50,14.60
2008.01.08 19:06:48.636,1.1155,1.11565,0.60,14.40
2008.01.08 19:06:48.960,1.1155,1.11575,6.80,20.20
2008.01.08 19:06:49.188,1.11555,1.11575,0.60,20.20
2008.01.08 19:06:49.416,1.1155,1.11575,6.80,20.20
2008.01.08 19:06:49.645,1.1155,1.11575,6.80,20.20
2008.01.08 19:06:49.874,1.1155,1.11575,6.80,20.20
2008.01.08 19:06:50.068,1.1155,1.11575,6.80,16.20
2008.01.08 19:06:50.497,1.11555,1.11575,0.70,16.20
2008.01.08 19:06:51.783,1.1155,1.11575,6.80,16.20
2008.01.08 19:06:51.964,1.11555,1.11575,1.00,16.20
2008.01.08 19:06:52.687,1.11555,1.11575,4.20,16.20
2008.01.08 19:06:53.310,1.11555,1.11575,4.20,16.20
2008.01.08 19:06:54.395,1.11555,1.11575,4.20,16.20
2008.01.08 19:06:54.588,1.11555,1.11575,7.60,16.20
2008.01.08 19:06:54.782,1.11565,1.11585,4.20,24.20
2008.01.08 19:06:54.976,1.11565,1.11585,4.00,24.20
2008.01.08 19:06:55.170,1.11565,1.1158,4.00,0.30
2008.01.08 19:06:55.444,1.11565,1.1158,4.00,0.30
2008.01.08 19:06:55.718,1.11565,1.11585,4.00,34.60
2008.01.08 19:06:55.991,1.11565,1.11585,4.00,29.80
2008.01.08 19:06:56.265,1.11565,1.1158,4.00,0.30
2008.01.08 19:06:56.454,1.11565,1.1158,4.00,0.30
2008.01.08 19:06:56.658,1.11565,1.11585,4.00,28.20
2008.01.08 19:06:56.844,1.11565,1.11585,4.00,23.40
2008.01.08 19:06:57.033,1.11565,1.11585,4.00,20.20
2008.01.08 19:06:57.257,1.1156,1.11585,1.00,20.20
2008.01.08 19:06:57.498,1.1156,1.11585,1.00,20.20
2008.01.08 19:06:57.722,1.1156,1.11585,1.00,20.20
2008.01.08 19:06:57.945,1.1156,1.11585,1.00,20.20
2008.01.08 19:06:58.168,1.1156,1.11585,1.00,20.20
2008.01.08 19:06:58.430,1.11565,1.11585,4.00,20.20
2008.01.08 19:06:59.068,1.11565,1.1158,4.00,0.30
2008.01.08 19:06:59.252,1.11565,1.1158,4.00,0.30
2008.01.08 19:06:59.435,1.11565,1.1158,4.00,0.30
2008.01.08 19:06:59.627,1.11565,1.11585,4.00,30.60
2008.01.08 19:06:59.813,1.11565,1.1158,4.00,0.30
2008.01.08 19:06:59.997,1.11565,1.1158,4.00,0.30
2008.01.08 19:07:00.181,1.11565,1.1158,4.00,0.30
2008.01.08 19:07:00.405,1.1156,1.1158,0.30,0.30
2008.01.08 19:07:00.628,1.1156,1.1158,0.30,0.30
2008.01.08 19:07:00.851,1.1156,1.1158,0.30,0.30
2008.01.08 19:07:01.075,1.11555,1.1158,11.20,0.30
2008.01.08 19:07:01.298,1.11555,1.1158,11.20,0.30
2008.01.08 19:07:01.861,1.11555,1.1158,11.20,0.30
2008.01.08 19:07:02.209,1.11555,1.1158,11.20,0.30
2008.01.08 19:07:02.566,1.11555,1.11575,10.90,0.30
2008.01.08 19:07:02.755,1.11555,1.11575,8.50,2.60
2008.01.08 19:07:02.944,1.11555,1.11575,7.90,10.60
2008.01.08 19:07:03.239,1.11555,1.11575,11.10,10.60
2008.01.08 19:07:03.311,1.11555,1.11575,11.10,14.60
2008.01.08 19:07:03.618,1.11565,1.11575,0.30,14.40
2008.01.08 19:07:03.691,1.11565,1.1158,4.20,2.40
2008.01.08 19:07:03.764,1.11565,1.1158,4.20,1.60
2008.01.08 19:07:03.837,1.11565,1.11585,4.20,24.20
2008.01.08 19:07:03.910,1.11565,1.11585,4.00,24.20
2008.01.08 19:07:03.984,1.11565,1.11585,4.00,24.20
2008.01.08 19:07:04.058,1.11565,1.11585,4.00,24.20
2008.01.08 19:07:04.146,1.11565,1.1158,4.00,0.30
2008.01.08 19:07:04.449,1.11555,1.1158,12.90,0.30
2008.01.08 19:07:04.753,1.11555,1.11575,7.70,10.60
2008.01.08 19:07:05.057,1.11555,1.11575,8.70,10.40
2008.01.08 19:07:05.360,1.11555,1.11575,8.80,14.40
2008.01.08 19:07:05.514,1.11555,1.11575,8.80,14.40
2008.01.08 19:07:05.724,1.11555,1.11575,8.80,14.40
2008.01.08 19:07:05.863,1.11555,1.11575,8.80,14.60
2008.01.08 19:07:06.002,1.11555,1.11575,8.00,14.60
2008.01.08 19:07:06.140,1.11555,1.11575,7.90,14.60
2008.01.08 19:07:06.897,1.11555,1.11575,7.90,14.60
2008.01.08 19:07:08.148,1.11555,1.11575,7.90,14.60
2008.01.08 19:07:08.356,1.11555,1.11575,7.90,14.60
2008.01.08 19:07:08.742,1.11555,1.11575,7.90,14.60
2008.01.08 19:07:08.963,1.11555,1.11575,7.90,14.60
2008.01.08 19:07:11.958,1.11555,1.11575,7.90,14.60
2008.01.08 19:07:13.364,1.11555,1.11575,7.90,14.60
2008.01.08 19:07:13.673,1.1156,1.11575,0.30,14.40
2008.01.08 19:07:13.812,1.1156,1.1158,0.30,1.00
2008.01.08 19:07:13.935,1.11555,1.1158,11.20,1.00
2008.01.08 19:07:14.058,1.11555,1.1158,11.20,0.30
2008.01.08 19:07:14.182,1.11555,1.11575,11.00,0.30
2008.01.08 19:07:14.305,1.11555,1.11575,10.00,8.20
2008.01.08 19:07:14.428,1.11555,1.11575,7.60,10.60
2008.01.08 19:07:14.550,1.11555,1.11575,7.60,10.60
2008.01.08 19:07:14.717,1.11555,1.11575,7.60,14.60
2008.01.08 19:07:14.980,1.11555,1.11575,7.90,14.60
2008.01.08 19:07:15.243,1.11555,1.11575,7.90,14.60
2008.01.08 19:07:16.139,1.11555,1.11575,7.90,14.60
2008.01.08 19:07:16.591,1.11555,1.11575,8.00,14.60
2008.01.08 19:07:16.912,1.11555,1.11575,8.00,14.60
2008.01.08 19:07:17.118,1.11555,1.11575,10.60,14.60
2008.01.08 19:07:17.468,1.11555,1.11575,10.60,15.40
2008.01.08 19:07:17.541,1.11555,1.11575,7.40,15.40
2008.01.08 19:07:17.677,1.11555,1.11575,5.80,15.40
2008.01.08 19:07:17.752,1.11555,1.11575,0.30,17.00
2008.01.08 19:07:17.831,1.11555,1.11575,0.30,17.00
2008.01.08 19:07:17.904,1.1155,1.11575,1.00,17.00
2008.01.08 19:07:17.977,1.1155,1.11575,1.00,17.80
2008.01.08 19:07:18.251,1.1155,1.11575,0.30,20.20
2008.01.08 19:07:18.524,1.1155,1.11575,0.30,20.20
2008.01.08 19:07:18.798,1.1155,1.11575,0.30,20.20
2008.01.08 19:07:19.072,1.1155,1.1157,0.30,0.30
2008.01.08 19:07:19.281,1.1155,1.1157,0.30,0.30
2008.01.08 19:07:19.307,1.1155,1.11575,0.30,20.50
2008.01.08 19:07:19.694,1.1155,1.11575,0.30,20.50
2008.01.08 19:07:19.903,1.11545,1.1157,15.60,0.30
2008.01.08 19:07:20.111,1.11545,1.11575,18.80,20.50
2008.01.08 19:07:20.230,1.11545,1.11575,18.80,20.50
2008.01.08 19:07:20.347,1.11545,1.11575,18.40,20.50
2008.01.08 19:07:20.466,1.11545,1.11575,18.40,20.50
2008.01.08 19:07:20.741,1.11545,1.1157,18.40,0.30
2008.01.08 19:07:20.858,1.11545,1.1157,18.50,0.30
2008.01.08 19:07:20.977,1.11545,1.1157,18.50,0.30
2008.01.08 19:07:21.258,1.11545,1.1157,15.30,0.30
2008.01.08 19:07:21.675,1.11545,1.11575,18.50,20.50
2008.01.08 19:07:21.999,1.1155,1.1158,0.30,26.80
2008.01.08 19:07:22.917,1.1155,1.1158,0.30,27.60
2008.01.08 19:07:23.389,1.1155,1.1158,0.30,27.60
2008.01.08 19:07:23.768,1.1155,1.11575,0.30,0.90
2008.01.08 19:07:24.279,1.1155,1.11575,0.30,0.60
2008.01.08 19:07:24.613,1.1155,1.11575,0.30,0.80
2008.01.08 19:07:27.040,1.1155,1.1158,0.30,27.60
2008.01.08 19:07:28.229,1.11545,1.11565,22.80,0.60
2008.01.08 19:07:28.435,1.11545,1.1156,22.00,0.30
2008.01.08 19:07:28.701,1.11545,1.11565,22.00,0.60
2008.01.08 19:07:28.771,1.11545,1.11565,18.00,0.30
2008.01.08 19:07:28.809,1.11545,1.1157,18.80,5.20
2008.01.08 19:07:28.863,1.11545,1.11565,18.00,0.90
2008.01.08 19:07:29.017,1.11545,1.1157,14.80,6.00
2008.01.08 19:07:29.071,1.11545,1.1157,15.20,6.00
2008.01.08 19:07:29.125,1.11545,1.11565,13.60,0.90
2008.01.08 19:07:29.178,1.11545,1.1157,11.20,6.00
2008.01.08 19:07:29.232,1.11545,1.1157,11.20,1.30
2008.01.08 19:07:29.286,1.11545,1.11565,15.20,0.30
2008.01.08 19:07:29.355,1.11545,1.1157,15.30,1.30
2008.01.08 19:07:29.427,1.11545,1.1157,18.50,0.60
2008.01.08 19:07:29.773,1.11545,1.1157,19.30,0.60
2008.01.08 19:07:30.068,1.11545,1.11565,14.50,0.30
2008.01.08 19:07:30.504,1.11545,1.1157,14.10,0.60
2008.01.08 19:07:30.603,1.11545,1.11565,10.90,0.30
2008.01.08 19:07:31.240,1.11545,1.11565,10.90,0.30
2008.01.08 19:07:31.764,1.11545,1.11565,10.90,0.30
2008.01.08 19:07:31.965,1.11545,1.1157,10.90,0.60
2008.01.08 19:07:33.187,1.11545,1.11565,14.10,0.30
2008.01.08 19:07:33.510,1.11545,1.11565,14.40,0.30
2008.01.08 19:07:33.915,1.11545,1.1157,14.40,0.60
2008.01.08 19:07:34.857,1.11545,1.1157,15.10,0.60
2008.01.08 19:07:34.985,1.11555,1.11565,0.80,0.30
2008.01.08 19:07:35.113,1.11555,1.11565,3.60,0.30
2008.01.08 19:07:35.242,1.11555,1.11565,4.90,0.30
2008.01.08 19:07:35.371,1.11555,1.11575,7.30,19.70
2008.01.08 19:07:35.499,1.11565,1.11575,0.10,14.10
2008.01.08 19:07:35.627,1.11565,1.1158,0.10,8.20
2008.01.08 19:07:35.757,1.11565,1.1158,6.40,3.40
2008.01.08 19:07:36.092,1.11565,1.11585,6.40,18.80
2008.01.08 19:07:36.426,1.11565,1.1158,6.40,1.10
2008.01.08 19:07:36.760,1.11565,1.1158,6.40,1.80
2008.01.08 19:07:36.984,1.11565,1.11585,6.40,14.80
2008.01.08 19:07:37.207,1.11565,1.11585,6.40,14.80
2008.01.08 19:07:37.448,1.11565,1.1158,6.40,0.30
2008.01.08 19:07:37.861,1.11575,1.11585,0.50,14.10
2008.01.08 19:07:38.216,1.11575,1.11585,0.50,14.10
2008.01.08 19:07:38.499,1.11575,1.11585,0.50,14.10
2008.01.08 19:07:38.783,1.11575,1.1158,0.30,0.30
2008.01.08 19:07:38.982,1.11575,1.11585,0.30,14.10
2008.01.08 19:07:40.499,1.11575,1.11585,0.30,14.10
2008.01.08 19:07:40.659,1.11565,1.1158,7.20,0.60
2008.01.08 19:07:40.786,1.11555,1.11575,23.20,0.30
2008.01.08 19:07:40.914,1.11555,1.1158,22.80,0.60
2008.01.08 19:07:41.043,1.11555,1.1158,22.10,0.60
2008.01.08 19:07:41.222,1.11555,1.1158,22.10,0.60
2008.01.08 19:07:41.349,1.11555,1.11575,22.80,0.30
2008.01.08 19:07:41.477,1.11555,1.1158,26.80,0.60
2008.01.08 19:07:41.605,1.11555,1.11575,22.80,0.30
2008.01.08 19:07:41.748,1.11555,1.11575,26.00,0.60
2008.01.08 19:07:41.876,1.11555,1.1157,22.50,0.30
2008.01.08 19:07:42.184,1.11555,1.11575,21.90,0.30
2008.01.08 19:07:42.476,1.11555,1.11575,18.40,0.30
2008.01.08 19:07:42.769,1.11555,1.11575,18.40,0.30
2008.01.08 19:07:43.062,1.11555,1.1158,18.40,0.60
2008.01.08 19:07:43.295,1.11555,1.1158,14.90,0.60
2008.01.08 19:07:43.529,1.11555,1.1158,14.10,0.60
2008.01.08 19:07:43.972,1.11555,1.11575,15.90,0.30
2008.01.08 19:07:44.217,1.11555,1.1158,14.90,0.60
2008.01.08 19:07:44.445,1.11555,1.1158,14.90,0.60
2008.01.08 19:07:44.921,1.11555,1.1158,14.10,0.60
2008.01.08 19:07:45.229,1.11555,1.1158,17.10,0.60
2008.01.08 19:07:45.482,1.11555,1.1158,17.90,0.60
2008.01.08 19:07:45.971,1.11555,1.1158,17.70,0.60
2008.01.08 19:07:46.167,1.11555,1.11585,18.10,22.90
2008.01.08 19:07:46.361,1.11565,1.1158,6.40,0.30
2008.01.08 19:07:46.556,1.11565,1.1158,6.40,0.30
2008.01.08 19:07:46.749,1.11565,1.1158,6.40,0.30
2008.01.08 19:07:47.189,1.11565,1.1158,6.40,0.30
2008.01.08 19:07:47.523,1.11565,1.1158,6.40,0.30
2008.01.08 19:07:47.976,1.11565,1.1158,6.40,0.30
2008.01.08 19:07:48.429,1.11565,1.1158,6.40,0.30
2008.01.08 19:07:52.238,1.11565,1.1158,6.40,0.30
2008.01.08 19:07:53.425,1.11565,1.1158,6.40,0.30
2008.01.08 19:07:55.653,1.11565,1.1157,6.40,0.30
2008.01.08 19:07:55.754,1.11555,1.1157,25.80,0.30
2008.01.08 19:07:55.853,1.11555,1.1157,25.00,0.30
2008.01.08 19:07:55.951,1.11555,1.1157,24.10,0.30
2008.01.08 19:07:56.050,1.11555,1.1157,19.00,0.30
2008.01.08 19:07:56.148,1.11555,1.1157,18.80,0.30
2008.01.08 19:07:56.246,1.11555,1.1157,18.80,0.30
2008.01.08 19:07:56.547,1.11555,1.1157,15.30,0.30
2008.01.08 19:07:56.691,1.11555,1.1157,13.70,0.30
2008.01.08 19:07:56.834,1.11555,1.1157,12.90,0.30
2008.01.08 19:07:56.977,1.11555,1.1157,8.90,0.30
2008.01.08 19:07:57.212,1.11555,1.1157,8.90,0.30
2008.01.08 19:07:58.249,1.11555,1.1157,8.90,0.30
2008.01.08 19:07:58.421,1.11555,1.1157,7.20,0.30
2008.01.08 19:07:58.594,1.11555,1.1157,6.40,0.30
2008.01.08 19:07:58.798,1.11545,1.11565,22.50,0.80
2008.01.08 19:07:59.001,1.11545,1.11565,22.40,0.30
2008.01.08 19:07:59.205,1.11545,1.1156,21.60,0.30
2008.01.08 19:07:59.409,1.11545,1.1156,21.60,0.30
2008.01.08 19:07:59.613,1.11545,1.1156,18.20,0.30
2008.01.08 19:07:59.756,1.11545,1.1156,15.80,0.30
2008.01.08 19:07:59.899,1.11545,1.1156,11.80,0.30
2008.01.08 19:08:00.044,1.11545,1.1156,11.80,0.30
2008.01.08 19:08:00.188,1.11545,1.11565,14.20,12.20
2008.01.08 19:08:00.332,1.11545,1.11565,18.20,0.30
2008.01.08 19:08:00.475,1.11545,1.11565,18.40,0.30
2008.01.08 19:08:00.618,1.11545,1.11565,18.40,0.30
2008.01.08 19:08:00.826,1.11555,1.1157,2.40,0.30
2008.01.08 19:08:01.051,1.11555,1.1157,2.40,0.30
2008.01.08 19:08:01.260,1.11555,1.1157,6.40,0.30
2008.01.08 19:08:01.494,1.11555,1.1157,6.40,0.30
2008.01.08 19:08:01.705,1.11555,1.1157,6.40,0.30
2008.01.08 19:08:01.938,1.11555,1.1157,6.40,0.30
2008.01.08 19:08:02.220,1.11555,1.1157,6.40,0.30
2008.01.08 19:08:03.142,1.11555,1.1157,6.40,0.30
2008.01.08 19:08:03.443,1.11555,1.1157,6.40,0.30
2008.01.08 19:08:06.256,1.11555,1.1157,6.40,0.30
2008.01.08 19:08:06.411,1.1155,1.1157,7.20,0.30
2008.01.08 19:08:07.307,1.11555,1.1157,6.40,0.30
2008.01.08 19:08:07.433,1.11555,1.1157,6.40,0.30
2008.01.08 19:08:07.951,1.11555,1.1157,6.40,0.30
2008.01.08 19:08:08.285,1.11555,1.1157,7.40,0.30
2008.01.08 19:08:08.618,1.11555,1.1157,6.40,0.30
2008.01.08 19:08:08.952,1.11555,1.1157,6.40,0.30
2008.01.08 19:08:09.285,1.11555,1.11575,8.40,12.20
2008.01.08 19:08:09.524,1.11555,1.11575,14.30,0.30
2008.01.08 19:08:09.762,1.11555,1.11575,14.30,0.30
2008.01.08 19:08:10.001,1.11555,1.11575,16.00,0.30
2008.01.08 19:08:10.196,1.11555,1.11575,14.80,0.30
2008.01.08 19:08:10.406,1.11555,1.11575,16.00,0.30
2008.01.08 19:08:10.584,1.11555,1.11575,16.00,0.30
2008.01.08 19:08:10.976,1.11555,1.11575,14.00,0.30
2008.01.08 19:08:11.184,1.11555,1.11575,14.00,0.30
2008.01.08 19:08:11.421,1.11555,1.1157,14.30,0.30
2008.01.08 19:08:11.631,1.1156,1.1157,0.80,0.30
2008.01.08 19:08:11.840,1.1156,1.1157,0.80,0.30
2008.01.08 19:08:12.050,1.1156,1.1157,0.80,0.30
2008.01.08 19:08:12.238,1.1156,1.1157,0.80,0.30
2008.01.08 19:08:12.427,1.1156,1.1157,0.80,0.30
2008.01.08 19:08:12.615,1.1156,1.1157,0.80,0.30
2008.01.08 19:08:12.802,1.1156,1.1157,0.80,0.30
2008.01.08 19:08:12.993,1.1156,1.1157,0.80,0.30
2008.01.08 19:08:13.181,1.1156,1.1157,0.80,0.30
2008.01.08 19:08:13.515,1.1156,1.1157,0.80,0.30
2008.01.08 19:08:14.288,1.1156,1.1157,0.80,0.30
2008.01.08 19:08:14.709,1.1156,1.1157,0.80,0.30
2008.01.08 19:08:14.947,1.1156,1.1157,0.80,0.30
2008.01.08 19:08:15.207,1.1156,1.1157,0.80,0.30
2008.01.08 19:08:15.490,1.1156,1.1157,0.80,0.30
2008.01.08 19:08:15.773,1.1156,1.1157,0.80,0.30
2008.01.08 19:08:16.172,1.1156,1.1157,0.80,0.30
2008.01.08 19:08:17.363,1.1156,1.1157,0.80,0.30
2008.01.08 19:08:17.798,1.1156,1.1157,0.80,0.30
2008.01.08 19:08:18.489,1.1156,1.1157,0.80,0.30
2008.01.08 19:08:18.742,1.1156,1.1157,0.80,0.30
2008.01.08 19:08:18.940,1.1156,1.1157,0.80,0.30
2008.01.08 19:08:19.139,1.1156,1.1157,0.80,0.30
2008.01.08 19:08:19.339,1.1156,1.1157,0.80,0.30
2008.01.08 19:08:19.591,1.1156,1.1157,0.80,0.30
2008.01.08 19:08:19.844,1.1156,1.11575,0.80,0.30
2008.01.08 19:08:20.097,1.11555,1.11575,18.40,0.30
2008.01.08 19:08:20.351,1.11555,1.11575,18.10,0.30
2008.01.08 19:08:20.514,1.11555,1.11575,18.10,0.30
2008.01.08 19:08:20.695,1.11555,1.11575,17.80,0.30
2008.01.08 19:08:20.859,1.11555,1.11575,17.60,0.30
2008.01.08 19:08:21.024,1.11555,1.11575,16.80,0.30
2008.01.08 19:08:21.274,1.11555,1.11575,16.80,0.30
2008.01.08 19:08:21.419,1.11555,1.1157,17.00,0.30
2008.01.08 19:08:21.638,1.11555,1.1157,13.80,0.30
2008.01.08 19:08:21.856,1.1156,1.1157,0.80,0.30
2008.01.08 19:08:22.075,1.1156,1.1157,0.80,0.30
2008.01.08 19:08:22.407,1.1156,1.1157,0.80,0.30
2008.01.08 19:08:23.475,1.1156,1.1157,0.80,0.30
2008.01.08 19:08:26.446,1.1156,1.1157,0.80,0.30
2008.01.08 19:08:27.452,1.1156,1.1157,0.80,0.30
2008.01.08 19:08:28.480,1.1156,1.1157,0.80,0.30
2008.01.08 19:08:30.312,1.1156,1.11575,0.80,0.30
2008.01.08 19:08:30.451,1.11555,1.11575,12.80,0.30
2008.01.08 19:08:31.176,1.11555,1.11575,12.80,0.30
2008.01.08 19:08:31.826,1.11555,1.11575,10.40,2.60
2008.01.08 19:08:32.112,1.11555,1.11565,10.40,0.30
2008.01.08 19:08:32.412,1.11555,1.11565,6.40,0.30
2008.01.08 19:08:32.790,1.11555,1.11565,6.40,0.30
2008.01.08 19:08:32.996,1.11555,1.11565,6.40,0.30
2008.01.08 19:08:33.526,1.11555,1.11565,6.40,0.30
2008.01.08 19:08:34.131,1.11555,1.11565,2.40,0.30
2008.01.08 19:08:34.339,1.11555,1.11565,1.60,0.30
2008.01.08 19:08:34.547,1.11555,1.11565,1.60,0.30
2008.01.08 19:08:34.766,1.11555,1.11565,1.60,0.30
2008.01.08 19:08:35.165,1.11555,1.11565,1.60,0.30
2008.01.08 19:08:35.466,1.11555,1.11565,1.60,0.30
2008.01.08 19:08:35.682,1.11555,1.11565,1.60,0.30
2008.01.08 19:08:35.990,1.11555,1.11565,1.60,0.30
2008.01.08 19:08:36.518,1.11555,1.11565,1.60,0.30
2008.01.08 19:08:36.773,1.11555,1.11565,1.60,0.30
2008.01.08 19:08:36.988,1.11545,1.11565,16.60,0.30
2008.01.08 19:08:37.202,1.11545,1.1157,16.80,0.30
2008.01.08 19:08:37.415,1.1155,1.1157,0.80,0.30
2008.01.08 19:08:37.629,1.1155,1.1157,0.80,0.30
2008.01.08 19:08:37.909,1.1155,1.1157,0.80,0.30
2008.01.08 19:08:38.157,1.1155,1.1157,0.80,0.30
2008.01.08 19:08:38.420,1.1155,1.1157,0.80,0.30
2008.01.08 19:08:38.684,1.1155,1.1157,0.80,0.30
2008.01.08 19:08:40.308,1.1155,1.1157,0.80,0.30
2008.01.08 19:08:40.503,1.1155,1.1157,0.80,0.30
2008.01.08 19:08:40.817,1.1155,1.1157,0.80,0.30
2008.01.08 19:08:40.961,1.1155,1.1157,0.80,0.30
2008.01.08 19:08:41.498,1.1155,1.1157,0.80,0.30
2008.01.08 19:08:41.929,1.1155,1.11565,1.00,0.30
2008.01.08 19:08:42.089,1.11555,1.11565,0.80,0.30
2008.01.08 19:08:42.366,1.11555,1.11565,0.80,0.30
2008.01.08 19:08:42.526,1.11555,1.11565,0.80,0.30
2008.01.08 19:08:42.751,1.11555,1.11565,0.80,0.30
2008.01.08 19:08:43.160,1.11555,1.11565,0.80,0.30
2008.01.08 19:08:43.520,1.11555,1.11565,0.80,0.30
2008.01.08 19:08:43.821,1.11555,1.11565,0.80,0.30
2008.01.08 19:08:44.567,1.11555,1.11565,0.80,0.30
2008.01.08 19:08:44.776,1.11555,1.11575,3.20,1.80
2008.01.08 19:08:44.925,1.11555,1.11575,3.20,1.80
2008.01.08 19:08:45.074,1.11555,1.11575,3.20,1.80
2008.01.08 19:08:45.241,1.11555,1.11575,7.20,1.80
2008.01.08 19:08:45.463,1.11555,1.11575,7.20,1.80
2008.01.08 19:08:45.667,1.11555,1.11575,7.20,1.80
2008.01.08 19:08:45.995,1.11555,1.11575,7.20,1.80
2008.01.08 19:08:47.565,1.11555,1.11575,7.20,1.80
2008.01.08 19:08:47.783,1.11555,1.11575,7.30,1.80
2008.01.08 19:08:48.050,1.11555,1.11575,10.10,0.30
2008.01.08 19:08:48.317,1.11555,1.11575,13.90,0.30
2008.01.08 19:08:48.587,1.11555,1.11575,14.70,0.30
2008.01.08 19:08:48.856,1.11555,1.11575,16.30,0.30
2008.01.08 19:08:49.123,1.11555,1.11575,16.30,0.30
2008.01.08 19:08:49.423,1.11555,1.11575,16.30,0.30
2008.01.08 19:08:49.722,1.11555,1.11575,18.70,0.30
2008.01.08 19:08:50.019,1.11555,1.11575,18.70,0.30
2008.01.08 19:08:50.250,1.11575,1.1158,0.40,0.30
2008.01.08 19:08:50.447,1.11575,1.1158,0.60,0.30
2008.01.08 19:08:50.660,1.11575,1.1158,0.60,0.30
2008.01.08 19:08:50.873,1.11575,1.1158,0.60,0.30
2008.01.08 19:08:51.088,1.11575,1.1158,0.60,0.30
2008.01.08 19:08:51.261,1.11575,1.1158,0.60,0.30
2008.01.08 19:08:51.506,1.11575,1.11585,0.60,16.50
2008.01.08 19:08:51.738,1.11575,1.11585,0.70,16.50
2008.01.08 19:08:51.911,1.11575,1.11585,0.80,16.50
2008.01.08 19:08:52.085,1.11575,1.1158,1.30,0.30
2008.01.08 19:08:52.363,1.11575,1.1158,1.20,0.30
2008.01.08 19:08:53.533,1.11575,1.1158,1.20,0.30
2008.01.08 19:08:53.878,1.11575,1.1159,1.20,18.80
2008.01.08 19:08:54.186,1.11575,1.1159,1.20,15.60
2008.01.08 19:08:54.385,1.11575,1.11585,1.20,0.30
2008.01.08 19:08:54.584,1.11575,1.1159,1.20,0.60
2008.01.08 19:08:54.783,1.11575,1.11585,2.40,0.30
2008.01.08 19:08:54.981,1.11575,1.1159,2.40,0.60
2008.01.08 19:08:55.179,1.11575,1.1159,2.00,0.60
2008.01.08 19:08:55.392,1.11575,1.1159,2.10,0.60
2008.01.08 19:08:55.605,1.11575,1.1159,2.10,0.60
2008.01.08 19:08:55.820,1.11585,1.11595,0.20,0.60
2008.01.08 19:08:56.034,1.11585,1.116,0.20,3.70
2008.01.08 19:08:56.287,1.11585,1.116,0.20,3.70
2008.01.08 19:08:56.580,1.11585,1.116,0.20,1.30
2008.01.08 19:08:56.873,1.11585,1.11595,0.20,0.30
2008.01.08 19:08:57.167,1.11585,1.116,0.20,0.60
2008.01.08 19:08:57.461,1.11585,1.116,0.60,0.60
2008.01.08 19:08:57.634,1.11585,1.116,0.70,0.60
2008.01.08 19:08:57.808,1.11585,1.11595,1.00,0.30
2008.01.08 19:08:57.982,1.11585,1.116,1.00,0.60
2008.01.08 19:08:58.529,1.11585,1.116,1.00,0.60
2008.01.08 19:08:58.983,1.11585,1.11595,1.00,0.30
2008.01.08 19:09:02.652,1.11585,1.116,1.00,0.60
2008.01.08 19:09:03.547,1.11585,1.116,1.00,0.60
2008.01.08 19:09:03.977,1.11585,1.11595,0.60,0.30
2008.01.08 19:09:04.186,1.1158,1.116,0.80,0.60
2008.01.08 19:09:05.206,1.1158,1.11595,0.80,0.30
2008.01.08 19:09:06.250,1.11585,1.116,0.30,0.60
2008.01.08 19:09:06.413,1.11585,1.11595,0.30,0.60
2008.01.08 19:09:06.577,1.11585,1.11595,0.30,0.30
2008.01.08 19:09:06.786,1.11585,1.116,0.50,0.60
2008.01.08 19:09:06.973,1.11585,1.116,0.60,0.60
2008.01.08 19:09:07.162,1.11585,1.11595,1.10,0.30
2008.01.08 19:09:07.350,1.11585,1.116,1.10,0.60
2008.01.08 19:09:07.672,1.11585,1.11595,1.10,0.30
2008.01.08 19:09:07.911,1.11585,1.11595,1.10,0.30
2008.01.08 19:09:08.224,1.11585,1.11595,1.10,0.30
2008.01.08 19:09:08.562,1.11585,1.116,1.10,0.60
2008.01.08 19:09:08.896,1.11595,1.116,0.70,0.30
2008.01.08 19:09:09.199,1.11585,1.11605,5.30,0.60
2008.01.08 19:09:09.518,1.1159,1.11605,0.80,0.60
2008.01.08 19:09:09.776,1.11585,1.11605,1.30,0.60
2008.01.08 19:09:10.034,1.11595,1.1161,0.20,1.30
2008.01.08 19:09:10.299,1.1159,1.11615,0.80,35.70
2008.01.08 19:09:10.558,1.1159,1.11615,0.80,16.50
2008.01.08 19:09:10.787,1.11585,1.116,18.50,0.30
2008.01.08 19:09:11.000,1.11585,1.11605,21.00,0.30
2008.01.08 19:09:11.229,1.11585,1.1161,21.80,0.60
2008.01.08 19:09:11.426,1.11595,1.11605,0.20,0.30
2008.01.08 19:09:11.639,1.11595,1.1161,0.20,0.60
2008.01.08 19:09:11.843,1.11595,1.1161,0.20,0.60
2008.01.08 19:09:12.046,1.11595,1.1161,0.30,0.60
2008.01.08 19:09:12.249,1.11595,1.11605,0.20,0.60
2008.01.08 19:09:12.453,1.11595,1.11605,0.20,0.60
2008.01.08 19:09:12.695,1.1159,1.11605,0.80,0.60
2008.01.08 19:09:12.928,1.1159,1.116,0.80,0.30
2008.01.08 19:09:13.161,1.1159,1.11605,0.80,0.60
2008.01.08 19:09:13.396,1.1159,1.11605,0.80,0.60
2008.01.08 19:09:13.629,1.1159,1.116,0.80,0.30
2008.01.08 19:09:13.864,1.1159,1.11605,0.80,0.60
2008.01.08 19:09:14.158,1.11595,1.11615,0.20,0.60
2008.01.08 19:09:14.454,1.11595,1.1161,0.20,0.30
2008.01.08 19:09:14.748,1.11595,1.1161,0.20,0.30
2008.01.08 19:09:14.957,1.11595,1.11615,0.20,0.60
2008.01.08 19:09:15.135,1.11595,1.11615,0.20,0.60
2008.01.08 19:09:15.328,1.11595,1.11615,4.40,0.60
2008.01.08 19:09:15.521,1.11595,1.11615,5.00,0.60
2008.01.08 19:09:15.716,1.11595,1.11615,5.20,0.30
2008.01.08 19:09:15.889,1.11595,1.1162,10.00,0.60
2008.01.08 19:09:16.064,1.116,1.1162,0.80,0.30
2008.01.08 19:09:16.237,1.116,1.11625,0.80,17.20
2008.01.08 19:09:16.411,1.116,1.11625,0.80,3.70
2008.01.08 19:09:16.584,1.116,1.11625,0.80,3.70
2008.01.08 19:09:16.758,1.116,1.11625,0.80,3.70
2008.01.08 19:09:16.915,1.116,1.1162,0.80,0.30
2008.01.08 19:09:17.075,1.116,1.1162,0.80,0.30
2008.01.08 19:09:17.233,1.116,1.1162,0.80,0.30
2008.01.08 19:09:17.391,1.116,1.1162,0.80,0.30
2008.01.08 19:09:17.668,1.116,1.11625,0.80,3.70
2008.01.08 19:09:17.825,1.116,1.11625,0.80,3.70
2008.01.08 19:09:18.197,1.116,1.1162,0.80,0.30
2008.01.08 19:09:18.446,1.11605,1.1162,5.40,0.30
2008.01.08 19:09:18.694,1.11615,1.1163,0.30,5.60
2008.01.08 19:09:18.942,1.1162,1.11635,0.80,1.10
2008.01.08 19:09:19.181,1.1161,1.1163,4.00,0.30
2008.01.08 19:09:19.419,1.1161,1.1163,1.00,0.60
2008.01.08 19:09:19.658,1.1161,1.1163,1.00,0.60
2008.01.08 19:09:19.897,1.1161,1.1163,1.00,0.60
2008.01.08 19:09:20.482,1.1161,1.1163,1.00,0.60
2008.01.08 19:09:20.798,1.1161,1.11625,1.00,0.30
2008.01.08 19:09:21.066,1.1161,1.11625,2.60,0.30
2008.01.08 19:09:21.250,1.1161,1.11625,2.60,0.30
2008.01.08 19:09:21.432,1.1161,1.11625,2.60,0.30
2008.01.08 19:09:21.616,1.1161,1.11625,2.40,0.30
2008.01.08 19:09:21.817,1.1161,1.11625,0.80,0.30
2008.01.08 19:09:21.999,1.11605,1.11625,22.80,0.30
2008.01.08 19:09:22.168,1.11605,1.1162,23.10,0.30
2008.01.08 19:09:22.337,1.11605,1.11625,22.80,0.30
2008.01.08 19:09:22.505,1.1161,1.11625,0.80,0.30
2008.01.08 19:09:22.702,1.1161,1.11625,0.80,0.30
2008.01.08 19:09:22.897,1.1161,1.11625,0.80,0.30
2008.01.08 19:09:23.211,1.1161,1.11625,0.80,0.30
2008.01.08 19:09:23.595,1.1161,1.11625,0.80,0.30
2008.01.08 19:09:23.894,1.1161,1.1162,0.80,0.30
2008.01.08 19:09:24.192,1.11605,1.11625,12.80,8.20
2008.01.08 19:09:24.462,1.11605,1.11625,17.50,8.20
2008.01.08 19:09:25.034,1.11605,1.11625,17.50,8.20
2008.01.08 19:09:25.218,1.11605,1.11625,17.50,8.20
2008.01.08 19:09:25.401,1.11605,1.11625,18.40,8.20
2008.01.08 19:09:25.584,1.11605,1.11625,18.30,8.20
2008.01.08 19:09:25.961,1.11605,1.11625,17.60,8.20
2008.01.08 19:09:26.145,1.11605,1.11625,17.50,8.20
2008.01.08 19:09:27.407,1.11605,1.11625,17.50,8.20
2008.01.08 19:09:27.641,1.11605,1.11625,19.20,8.20
2008.01.08 19:09:27.789,1.11605,1.11625,19.10,8.20
2008.01.08 19:09:28.064,1.11605,1.11625,18.30,8.20
2008.01.08 19:09:28.581,1.11605,1.11625,18.30,8.20
2008.01.08 19:09:29.101,1.11605,1.11625,19.30,8.20
2008.01.08 19:09:29.425,1.11605,1.11625,19.20,8.20
2008.01.08 19:09:29.934,1.11605,1.11625,20.00,8.20
2008.01.08 19:09:30.107,1.11605,1.11625,22.50,8.20
2008.01.08 19:09:30.283,1.11605,1.1162,17.70,0.30
2008.01.08 19:09:30.461,1.11605,1.1162,16.30,0.30
2008.01.08 19:09:30.639,1.11605,1.1162,13.90,0.30
2008.01.08 19:09:30.816,1.11605,1.1162,9.60,0.30
2008.01.08 19:09:30.995,1.11605,1.1162,10.50,0.30
2008.01.08 19:09:31.190,1.11605,1.11625,14.50,8.20
2008.01.08 19:09:31.412,1.11605,1.11625,18.40,8.20
2008.01.08 19:09:31.650,1.11605,1.11625,18.40,8.20
2008.01.08 19:09:31.888,1.11605,1.11625,22.40,0.30
2008.01.08 19:09:32.127,1.11605,1.1162,21.60,0.30
2008.01.08 19:09:32.365,1.11605,1.1162,16.20,0.30
2008.01.08 19:09:32.575,1.11605,1.11615,16.20,0.30
2008.01.08 19:09:32.783,1.11605,1.11625,15.40,0.30
2008.01.08 19:09:33.002,1.11605,1.11625,17.00,0.30
2008.01.08 19:09:33.210,1.11605,1.1162,17.80,0.30
2008.01.08 19:09:33.488,1.11605,1.1162,15.40,0.30
2008.01.08 19:09:33.964,1.11605,1.1162,13.00,0.30
2008.01.08 19:09:34.242,1.11605,1.1162,14.60,0.30
2008.01.08 19:09:34.486,1.11605,1.1162,9.60,0.30
2008.01.08 19:09:34.729,1.11605,1.1162,6.20,0.30
2008.01.08 19:09:34.973,1.11605,1.1162,6.10,0.30
2008.01.08 19:09:35.216,1.11605,1.1162,6.00,0.30
2008.01.08 19:09:35.721,1.11605,1.1162,6.00,0.30
2008.01.08 19:09:35.911,1.11605,1.1162,6.00,0.30
2008.01.08 19:09:36.100,1.11605,1.1162,6.30,0.30
2008.01.08 19:09:36.289,1.11605,1.1162,8.10,0.30
2008.01.08 19:09:36.406,1.11605,1.1162,8.00,0.30
2008.01.08 19:09:36.525,1.11605,1.1162,8.00,0.30
2008.01.08 19:09:36.768,1.11605,1.1162,6.70,0.30
2008.01.08 19:09:36.886,1.11605,1.1162,5.60,0.30
2008.01.08 19:09:37.006,1.11605,1.1162,4.30,0.30
2008.01.08 19:09:37.163,1.11605,1.1162,5.90,0.30
2008.01.08 19:09:37.281,1.11605,1.1162,9.00,0.30
2008.01.08 19:09:37.519,1.11605,1.1162,9.80,0.30
2008.01.08 19:09:37.808,1.11605,1.1162,10.00,0.30
2008.01.08 19:09:38.118,1.11605,1.1162,11.60,0.30
2008.01.08 19:09:38.357,1.11605,1.1162,11.60,0.30
2008.01.08 19:09:38.596,1.11605,1.1162,11.60,0.30
2008.01.08 19:09:38.631,1.11605,1.11625,11.60,14.90
2008.01.08 19:09:40.900,1.11605,1.1162,11.60,0.30
2008.01.08 19:09:41.722,1.11605,1.1162,11.60,0.30
2008.01.08 19:09:42.877,1.11605,1.1162,11.60,0.30
2008.01.08 19:09:43.620,1.11605,1.1162,11.60,0.30
2008.01.08 19:09:45.465,1.11605,1.1162,9.20,0.30
2008.01.08 19:09:45.680,1.11605,1.1162,6.40,0.30
2008.01.08 19:09:45.845,1.116,1.11615,0.80,0.30
2008.01.08 19:09:46.009,1.11595,1.11605,20.80,0.30
2008.01.08 19:09:46.174,1.11595,1.116,19.20,0.30
2008.01.08 19:09:46.338,1.11595,1.11605,7.20,4.00
2008.01.08 19:09:46.502,1.11595,1.11605,4.00,4.00
2008.01.08 19:09:46.666,1.11595,1.11605,4.00,4.00
2008.01.08 19:09:46.989,1.11595,1.1161,10.40,1.80
2008.01.08 19:09:47.314,1.11585,1.11605,20.80,0.30
2008.01.08 19:09:47.638,1.11585,1.11605,20.80,0.30
2008.01.08 19:09:47.878,1.11585,1.11605,24.80,0.30
2008.01.08 19:09:48.084,1.11595,1.11605,0.80,0.30
2008.01.08 19:09:48.308,1.116,1.1162,0.80,0.30
2008.01.08 19:09:48.531,1.116,1.1162,0.80,0.30
2008.01.08 19:09:48.755,1.11605,1.11625,0.80,5.80
2008.01.08 19:09:49.069,1.11605,1.11625,5.60,5.80
2008.01.08 19:09:49.383,1.1161,1.1163,0.80,0.30
2008.01.08 19:09:49.697,1.11615,1.11635,4.00,23.40
2008.01.08 19:09:49.921,1.11615,1.11635,8.00,9.00
2008.01.08 19:09:50.145,1.11615,1.11635,8.00,1.80
2008.01.08 19:09:50.368,1.11615,1.11635,7.20,1.80
2008.01.08 19:09:50.592,1.11615,1.1163,7.20,0.30
2008.01.08 19:09:50.816,1.1161,1.1163,0.80,0.30
2008.01.08 19:09:50.979,1.1161,1.1163,0.80,0.30
2008.01.08 19:09:51.143,1.1161,1.1163,0.80,0.30
2008.01.08 19:09:51.307,1.1161,1.1163,0.80,0.30
2008.01.08 19:09:51.529,1.1161,1.1163,0.80,0.30
2008.01.08 19:09:51.799,1.1161,1.1163,0.80,0.30
2008.01.08 19:09:52.018,1.1161,1.1163,1.60,0.30
2008.01.08 19:09:52.237,1.1161,1.1163,2.40,0.30
2008.01.08 19:09:52.456,1.1161,1.1163,2.40,0.30
2008.01.08 19:09:52.673,1.1161,1.1163,2.40,0.30
2008.01.08 19:09:52.877,1.1161,1.1163,2.40,0.30
2008.01.08 19:09:53.082,1.1161,1.1163,2.40,0.30
2008.01.08 19:09:53.286,1.11605,1.11625,23.20,0.30
2008.01.08 19:09:53.489,1.11605,1.11625,22.40,0.30
2008.01.08 19:09:53.714,1.11605,1.11625,22.40,0.30
2008.01.08 19:09:54.007,1.11605,1.11625,22.40,0.30
2008.01.08 19:09:54.376,1.11605,1.11625,22.40,0.30
2008.01.08 19:09:54.669,1.11605,1.11625,22.40,0.30
2008.01.08 19:09:54.969,1.11605,1.11625,22.40,0.30
2008.01.08 19:09:55.191,1.11605,1.11625,22.30,0.30
2008.01.08 19:09:55.405,1.11605,1.11625,20.70,0.30
2008.01.08 19:09:55.680,1.11605,1.11625,20.70,0.30
2008.01.08 19:09:55.788,1.11605,1.11625,20.80,0.30
2008.01.08 19:09:55.897,1.11605,1.11625,23.30,0.30
2008.01.08 19:09:56.350,1.11605,1.11625,23.30,0.30
2008.01.08 19:09:56.477,1.11605,1.11625,23.40,0.30
2008.01.08 19:09:56.584,1.11605,1.1163,23.60,0.30
2008.01.08 19:09:56.708,1.11605,1.1163,24.50,0.30
2008.01.08 19:09:56.807,1.1161,1.1163,1.60,0.30
2008.01.08 19:09:56.905,1.1161,1.1163,1.60,0.30
2008.01.08 19:09:57.003,1.1161,1.1163,2.40,0.30
2008.01.08 19:09:57.221,1.1161,1.1163,2.40,0.30
2008.01.08 19:09:57.385,1.1161,1.1163,2.40,0.30
2008.01.08 19:09:57.597,1.1161,1.1163,2.40,0.30
2008.01.08 19:09:57.766,1.1161,1.1163,2.40,0.30
2008.01.08 19:09:58.012,1.1161,1.1163,2.40,0.30
2008.01.08 19:09:58.246,1.1161,1.1163,2.40,0.30
2008.01.08 19:09:58.494,1.1161,1.1163,2.40,0.30
2008.01.08 19:09:58.727,1.1161,1.11625,1.60,0.30
2008.01.08 19:09:58.960,1.11605,1.11625,24.20,0.30
2008.01.08 19:09:59.243,1.11605,1.11625,24.20,0.30
2008.01.08 19:09:59.528,1.11605,1.11625,24.30,0.30
2008.01.08 19:09:59.811,1.11605,1.11625,24.30,0.30
2008.01.08 19:10:00.094,1.11605,1.11625,22.40,0.30
2008.01.08 19:10:00.252,1.11605,1.11625,22.40,0.30
2008.01.08 19:10:00.474,1.11605,1.11625,22.40,0.30
2008.01.08 19:10:00.657,1.11605,1.11625,22.40,0.30
2008.01.08 19:10:00.844,1.11605,1.11625,20.80,0.30
2008.01.08 19:10:01.102,1.11605,1.11625,18.40,0.30
2008.01.08 19:10:03.004,1.11605,1.11625,18.40,0.30
2008.01.08 19:10:03.325,1.11605,1.11625,20.80,0.30
2008.01.08 19:10:03.458,1.11605,1.1162,21.00,0.30
2008.01.08 19:10:03.591,1.1161,1.1162,0.80,0.30
2008.01.08 19:10:03.724,1.1161,1.1162,0.80,0.30
2008.01.08 19:10:04.060,1.1161,1.1162,0.80,0.30
2008.01.08 19:10:04.375,1.1161,1.1162,0.80,0.30
2008.01.08 19:10:04.993,1.1161,1.1162,0.80,0.30
2008.01.08 19:10:05.662,1.1161,1.1162,0.80,0.30
2008.01.08 19:10:07.419,1.1161,1.1162,0.80,0.30
2008.01.08 19:10:08.041,1.1161,1.1162,0.80,0.30
2008.01.08 19:10:08.672,1.1161,1.1162,0.80,0.30
2008.01.08 19:10:08.965,1.1161,1.1162,0.80,0.30
2008.01.08 19:10:09.635,1.1161,1.1162,0.80,0.30
2008.01.08 19:10:09.844,1.11605,1.1162,19.10,0.30
2008.01.08 19:10:10.071,1.11605,1.1162,14.30,0.30
2008.01.08 19:10:10.262,1.11605,1.1162,10.20,0.30
2008.01.08 19:10:10.443,1.11605,1.1162,10.20,0.30
2008.01.08 19:10:10.628,1.11605,1.1162,10.30,0.30
2008.01.08 19:10:10.812,1.11605,1.1162,10.20,0.30
2008.01.08 19:10:10.996,1.11605,1.1162,16.60,0.30
2008.01.08 19:10:11.179,1.11605,1.1162,18.20,0.30
2008.01.08 19:10:11.527,1.11605,1.1162,18.30,0.30
2008.01.08 19:10:12.977,1.11605,1.1162,18.10,0.30
2008.01.08 19:10:13.472,1.11605,1.11615,18.10,0.30
2008.01.08 19:10:13.696,1.11605,1.11615,18.90,0.30
2008.01.08 19:10:13.919,1.11605,1.11615,18.90,0.30
2008.01.08 19:10:14.679,1.11605,1.11615,18.90,0.30
2008.01.08 19:10:15.987,1.11605,1.11615,18.90,0.30
2008.01.08 19:10:16.164,1.11605,1.11615,18.90,0.30
2008.01.08 19:10:18.132,1.11605,1.11615,18.90,0.30
2008.01.08 19:10:18.707,1.11605,1.11615,18.90,0.30
2008.01.08 19:10:18.907,1.11605,1.11615,18.90,0.30
2008.01.08 19:10:19.175,1.11605,1.11615,18.90,0.30
2008.01.08 19:10:19.459,1.11605,1.11615,19.50,0.30
2008.01.08 19:10:19.730,1.11605,1.11615,19.80,0.30
2008.01.08 19:10:19.998,1.11605,1.11615,19.80,0.30
2008.01.08 19:10:20.242,1.11605,1.11615,19.80,0.30
2008.01.08 19:10:20.574,1.11605,1.11615,19.60,0.30
2008.01.08 19:10:20.914,1.11605,1.11615,19.60,0.30
2008.01.08 19:10:21.139,1.11605,1.11615,19.60,0.30
2008.01.08 19:10:21.338,1.11615,1.1162,6.40,0.30
2008.01.08 19:10:21.537,1.11615,1.1162,6.40,0.30
2008.01.08 19:10:21.736,1.11615,1.11625,4.00,0.30
2008.01.08 19:10:21.935,1.11605,1.11625,35.50,0.30
2008.01.08 19:10:22.196,1.11625,1.1163,1.40,0.30
2008.01.08 19:10:22.455,1.11625,1.1163,2.10,0.30
2008.01.08 19:10:22.714,1.11625,1.1163,1.60,0.30
2008.01.08 19:10:22.972,1.11625,1.1163,1.60,0.30
2008.01.08 19:10:23.132,1.11625,1.1163,1.50,0.30
2008.01.08 19:10:23.290,1.11625,1.1163,1.50,0.30
2008.01.08 19:10:23.482,1.11625,1.1163,1.50,0.30
2008.01.08 19:10:23.619,1.11625,1.1163,1.40,0.30
2008.01.08 19:10:23.777,1.11625,1.1163,2.00,0.30
2008.01.08 19:10:23.935,1.11625,1.1163,2.30,0.30
2008.01.08 19:10:24.269,1.11625,1.1163,2.30,0.30
2008.01.08 19:10:24.602,1.11625,1.1163,2.30,0.30
2008.01.08 19:10:24.938,1.11625,1.11635,9.50,8.00
2008.01.08 19:10:25.127,1.11625,1.11635,13.50,8.00
2008.01.08 19:10:25.316,1.11625,1.1164,5.50,0.30
2008.01.08 19:10:25.504,1.11625,1.1164,5.50,0.30
2008.01.08 19:10:25.694,1.11625,1.11645,7.10,7.40
2008.01.08 19:10:25.883,1.11625,1.11645,5.80,3.40
2008.01.08 19:10:26.071,1.11625,1.11645,4.80,11.40
2008.01.08 19:10:26.404,1.11625,1.11635,2.40,8.00
2008.01.08 19:10:26.740,1.11625,1.11635,2.40,8.20
2008.01.08 19:10:27.073,1.11625,1.11635,2.10,8.20
2008.01.08 19:10:27.281,1.11625,1.11635,2.10,8.20
2008.01.08 19:10:27.489,1.11625,1.11635,2.10,8.20
2008.01.08 19:10:27.714,1.11625,1.11635,2.30,8.20
2008.01.08 19:10:27.947,1.11625,1.11635,2.30,8.20
2008.01.08 19:10:28.156,1.11625,1.11635,2.40,8.20
2008.01.08 19:10:28.353,1.11625,1.11635,2.40,8.20
2008.01.08 19:10:28.553,1.11625,1.11635,2.00,8.20
2008.01.08 19:10:28.751,1.11625,1.11635,2.00,8.20
2008.01.08 19:10:29.140,1.11625,1.11635,2.00,8.20
2008.01.08 19:10:29.338,1.11625,1.11635,2.20,8.20
2008.01.08 19:10:29.638,1.11625,1.11635,2.40,8.20
2008.01.08 19:10:29.921,1.11625,1.11635,2.40,0.30
2008.01.08 19:10:30.215,1.11625,1.11635,2.40,0.30
2008.01.08 19:10:30.524,1.11625,1.11635,2.30,0.30
2008.01.08 19:10:30.727,1.11625,1.11635,2.30,0.30
2008.01.08 19:10:30.756,1.11625,1.1164,2.30,0.60
2008.01.08 19:10:31.186,1.11625,1.1164,2.40,0.60
2008.01.08 19:10:31.413,1.11625,1.1164,2.40,0.60
2008.01.08 19:10:31.642,1.11625,1.1164,2.40,0.60
2008.01.08 19:10:31.870,1.11625,1.11635,2.30,0.30
2008.01.08 19:10:32.123,1.11625,1.11635,2.40,0.30
2008.01.08 19:10:32.492,1.11625,1.11635,2.40,0.30
2008.01.08 19:10:32.681,1.11625,1.11635,2.30,0.30
2008.01.08 19:10:33.061,1.11625,1.11635,2.40,0.30
2008.01.08 19:10:33.633,1.11625,1.11635,2.30,0.30
2008.01.08 19:10:34.024,1.11625,1.11635,2.40,0.30
2008.01.08 19:10:35.070,1.11625,1.11635,2.40,0.30
2008.01.08 19:10:35.274,1.11625,1.11635,2.30,0.30
2008.01.08 19:10:36.122,1.11625,1.11635,2.40,0.30
2008.01.08 19:10:36.206,1.11625,1.11635,2.40,0.30
2008.01.08 19:10:36.414,1.11625,1.1163,2.40,0.30
2008.01.08 19:10:36.560,1.11625,1.1163,2.30,0.30
2008.01.08 19:10:36.592,1.11625,1.1163,2.30,0.30
2008.01.08 19:10:37.664,1.11625,1.1163,2.30,0.30
2008.01.08 19:10:38.221,1.11625,1.1163,2.30,0.30
2008.01.08 19:10:38.654,1.11625,1.1163,2.40,0.30
2008.01.08 19:10:38.778,1.11625,1.1163,2.10,0.30
2008.01.08 19:10:39.100,1.11625,1.1163,2.00,0.30
2008.01.08 19:10:39.927,1.11625,1.1163,2.00,0.30
2008.01.08 19:10:41.200,1.11625,1.1163,2.00,0.30
2008.01.08 19:10:43.254,1.11625,1.1163,2.00,0.30
2008.01.08 19:10:43.731,1.11625,1.1163,2.00,0.30
2008.01.08 19:10:45.224,1.11625,1.1163,2.00,0.30
2008.01.08 19:10:45.951,1.11625,1.1163,2.00,0.30
2008.01.08 19:10:46.410,1.11625,1.11635,2.00,0.30
2008.01.08 19:10:46.564,1.11625,1.11635,2.00,0.30
2008.01.08 19:10:46.834,1.11625,1.11635,2.00,0.30
2008.01.08 19:10:47.641,1.11625,1.1164,2.00,0.30
2008.01.08 19:10:47.743,1.11625,1.1164,2.00,0.30
2008.01.08 19:10:47.846,1.11625,1.1164,2.40,0.30
2008.01.08 19:10:47.989,1.11625,1.1164,2.70,0.30
2008.01.08 19:10:48.277,1.11625,1.1164,2.70,0.30
2008.01.08 19:10:48.721,1.11625,1.1164,2.70,0.30
2008.01.08 19:10:49.264,1.11625,1.1164,2.30,0.30
2008.01.08 19:10:50.483,1.11625,1.1164,2.50,0.30
2008.01.08 19:10:51.111,1.11625,1.1164,2.40,0.30
2008.01.08 19:10:51.513,1.11625,1.1164,2.40,0.30
2008.01.08 19:10:51.599,1.11625,1.1164,6.40,0.30
2008.01.08 19:10:51.665,1.11625,1.1164,6.40,0.30
2008.01.08 19:10:52.228,1.11625,1.1164,6.40,0.30
2008.01.08 19:10:52.560,1.11625,1.1164,6.40,0.30
2008.01.08 19:10:52.890,1.11625,1.1164,6.00,0.30
2008.01.08 19:10:53.009,1.11625,1.1164,6.00,0.30
2008.01.08 19:10:53.145,1.11625,1.1164,6.20,0.30
2008.01.08 19:10:53.265,1.11625,1.1164,6.20,0.30
2008.01.08 19:10:53.466,1.11625,1.1164,6.20,0.30
2008.01.08 19:10:53.678,1.11625,1.1164,6.20,0.30
2008.01.08 19:10:54.095,1.11625,1.11635,6.20,0.30
2008.01.08 19:10:54.429,1.11625,1.11635,2.10,8.20
2008.01.08 19:10:54.763,1.11625,1.1163,2.00,0.30
2008.01.08 19:10:55.097,1.11625,1.1163,1.80,0.30
2008.01.08 19:10:55.316,1.11625,1.1163,1.80,0.30
2008.01.08 19:10:55.509,1.11625,1.1163,1.80,0.30
2008.01.08 19:10:55.704,1.11625,1.1163,1.80,0.30
2008.01.08 19:10:55.913,1.11625,1.1163,1.90,0.30
2008.01.08 19:10:56.088,1.11625,1.1163,1.90,0.30
2008.01.08 19:10:56.206,1.11625,1.11635,1.90,14.60
2008.01.08 19:10:56.324,1.11625,1.11635,0.80,8.20
2008.01.08 19:10:56.811,1.11625,1.11635,0.80,8.20
2008.01.08 19:10:56.938,1.11625,1.11635,0.80,8.20
2008.01.08 19:10:57.100,1.11615,1.11635,14.40,8.20
2008.01.08 19:10:57.265,1.11615,1.11635,11.20,8.20
2008.01.08 19:10:57.666,1.11615,1.11635,11.20,8.20
2008.01.08 19:10:58.174,1.11615,1.11635,10.40,8.20
2008.01.08 19:10:58.252,1.11615,1.11635,8.80,8.20
2008.01.08 19:10:58.340,1.11615,1.11635,8.80,8.20
2008.01.08 19:10:58.413,1.11615,1.11635,8.80,8.20
2008.01.08 19:10:58.627,1.11615,1.1163,8.80,0.30
2008.01.08 19:10:58.706,1.11615,1.1163,8.80,0.30
2008.01.08 19:11:00.390,1.11615,1.1163,4.80,0.30
2008.01.08 19:11:00.503,1.11605,1.11625,18.80,0.30
2008.01.08 19:11:01.628,1.11605,1.11625,14.80,0.30
2008.01.08 19:11:02.098,1.11605,1.11625,14.80,0.30
2008.01.08 19:11:02.188,1.11605,1.11625,14.80,0.30
2008.01.08 19:11:02.452,1.11605,1.11625,14.80,0.30
2008.01.08 19:11:02.575,1.11605,1.1163,15.00,0.30
2008.01.08 19:11:02.664,1.11605,1.1163,15.00,0.30
2008.01.08 19:11:02.797,1.1161,1.1163,0.80,0.30
2008.01.08 19:11:02.930,1.1161,1.1163,0.80,0.30
2008.01.08 19:11:03.063,1.1161,1.1163,0.80,0.30
2008.01.08 19:11:03.360,1.1161,1.1163,0.80,0.30
2008.01.08 19:11:03.493,1.1161,1.1163,0.80,0.30
2008.01.08 19:11:03.685,1.1161,1.1163,0.80,0.30
2008.01.08 19:11:03.819,1.1161,1.1163,0.80,0.30
2008.01.08 19:11:04.023,1.1161,1.1163,0.80,0.30
2008.01.08 19:11:04.412,1.1161,1.1163,0.80,0.30
2008.01.08 19:11:05.287,1.1161,1.1163,0.80,0.30
2008.01.08 19:11:08.403,1.1161,1.1163,0.80,0.30
2008.01.08 19:11:08.786,1.1161,1.1163,0.80,0.30
2008.01.08 19:11:09.408,1.1161,1.1163,0.80,0.30
2008.01.08 19:11:10.239,1.1161,1.1163,0.80,0.30
2008.01.08 19:11:13.468,1.1161,1.1163,0.80,0.30
2008.01.08 19:11:13.777,1.1161,1.1163,0.80,0.30
2008.01.08 19:11:16.468,1.1161,1.1163,0.80,0.30
2008.01.08 19:11:17.718,1.1161,1.1163,0.80,0.30
2008.01.08 19:11:18.458,1.1161,1.1163,0.80,0.30
2008.01.08 19:11:18.799,1.1161,1.1163,0.80,0.30
2008.01.08 19:11:20.246,1.1161,1.1163,0.80,0.30
2008.01.08 19:11:20.499,1.1161,1.1163,0.80,0.30
2008.01.08 19:11:22.208,1.1161,1.1163,0.80,0.30
2008.01.08 19:11:22.667,1.1161,1.1163,0.80,0.30
2008.01.08 19:11:23.152,1.1161,1.1163,0.80,0.30
2008.01.08 19:11:23.376,1.11605,1.1163,36.30,0.30
2008.01.08 19:11:23.599,1.11605,1.1163,39.50,0.30
2008.01.08 19:11:23.823,1.11605,1.1163,23.50,0.30
2008.01.08 19:11:24.046,1.11605,1.1163,20.60,0.30
2008.01.08 19:11:24.319,1.11605,1.1163,20.60,0.30
2008.01.08 19:11:24.593,1.11605,1.1163,24.00,0.30
2008.01.08 19:11:24.872,1.11605,1.1163,28.00,0.30
2008.01.08 19:11:25.146,1.11605,1.1163,28.00,0.30
2008.01.08 19:11:25.344,1.1161,1.1163,0.80,0.30
2008.01.08 19:11:25.736,1.11605,1.1163,28.00,0.30
2008.01.08 19:11:26.914,1.1161,1.1163,0.80,0.30
2008.01.08 19:11:27.042,1.11605,1.1163,24.00,0.30
2008.01.08 19:11:27.720,1.11605,1.1163,24.00,0.30
2008.01.08 19:11:27.953,1.11605,1.1163,24.00,0.30
2008.01.08 19:11:28.243,1.11605,1.1163,24.00,0.30
2008.01.08 19:11:28.491,1.11605,1.1163,24.00,0.30
2008.01.08 19:11:28.795,1.11605,1.1163,24.00,0.30
2008.01.08 19:11:29.042,1.1161,1.1163,0.80,0.30
2008.01.08 19:11:33.562,1.11615,1.11635,0.80,1.60
2008.01.08 19:11:33.819,1.1161,1.11635,18.20,1.60
2008.01.08 19:11:34.456,1.1161,1.11635,18.20,1.60
2008.01.08 19:11:35.179,1.11615,1.11635,0.80,1.60
2008.01.08 19:11:35.512,1.1161,1.11635,22.20,1.60
2008.01.08 19:11:35.845,1.1161,1.11635,22.20,1.60
2008.01.08 19:11:36.008,1.11615,1.11635,0.80,1.60
2008.01.08 19:11:36.171,1.1161,1.1162,0.80,0.30
2008.01.08 19:11:36.335,1.116,1.1162,20.90,0.30
2008.01.08 19:11:36.499,1.116,1.1162,14.90,0.30
2008.01.08 19:11:36.662,1.11605,1.1162,3.80,0.30
2008.01.08 19:11:36.996,1.116,1.1162,13.90,0.30
2008.01.08 19:11:37.330,1.116,1.1162,13.90,0.30
2008.01.08 19:11:37.665,1.11605,1.1162,1.00,0.30
2008.01.08 19:11:37.851,1.11605,1.1162,2.60,0.30
2008.01.08 19:11:38.020,1.116,1.1162,9.90,0.30
2008.01.08 19:11:38.189,1.116,1.1162,9.90,0.30
2008.01.08 19:11:38.590,1.11605,1.1162,4.00,0.30
2008.01.08 19:11:38.818,1.116,1.1162,9.90,0.30
2008.01.08 19:11:39.939,1.11605,1.1162,3.00,0.30
2008.01.08 19:11:40.204,1.116,1.1162,8.80,0.30
2008.01.08 19:11:40.468,1.116,1.1162,8.80,0.30
2008.01.08 19:11:40.804,1.11605,1.1162,2.10,0.30
2008.01.08 19:11:40.963,1.11605,1.1162,3.40,0.30
2008.01.08 19:11:41.123,1.11605,1.11615,2.40,0.30
2008.01.08 19:11:41.282,1.1159,1.11615,29.50,0.30
2008.01.08 19:11:41.446,1.11595,1.11615,3.40,0.30
2008.01.08 19:11:41.604,1.11595,1.11615,1.70,0.30
2008.01.08 19:11:41.765,1.116,1.1162,0.80,0.30
2008.01.08 19:11:42.098,1.11595,1.1162,21.60,0.30
2008.01.08 19:11:42.432,1.116,1.1162,4.80,0.30
2008.01.08 19:11:42.781,1.11605,1.1162,2.30,0.30
2008.01.08 19:11:42.981,1.11595,1.11605,10.10,0.30
2008.01.08 19:11:43.196,1.1159,1.1161,21.40,0.30
2008.01.08 19:11:43.378,1.11595,1.11615,2.20,2.60
2008.01.08 19:11:43.593,1.11595,1.11615,6.20,2.60
2008.01.08 19:11:43.791,1.11595,1.11615,3.20,2.60
2008.01.08 19:11:44.104,1.1159,1.11615,15.90,1.00
2008.01.08 19:11:44.418,1.1159,1.11615,15.90,0.30
2008.01.08 19:11:44.731,1.1159,1.11615,15.90,0.30
2008.01.08 19:11:45.050,1.1159,1.11615,15.90,0.30
2008.01.08 19:11:45.259,1.1159,1.11615,15.90,0.30
2008.01.08 19:11:45.650,1.11595,1.11615,0.70,0.30
2008.01.08 19:11:45.913,1.1159,1.11615,15.90,0.30
2008.01.08 19:11:46.072,1.1159,1.11615,15.90,0.30
2008.01.08 19:11:46.245,1.1159,1.11615,16.40,0.30
2008.01.08 19:11:46.405,1.1159,1.11615,20.20,0.30
2008.01.08 19:11:46.564,1.11595,1.11615,7.00,0.30
2008.01.08 19:11:46.906,1.11595,1.11615,4.00,0.30
2008.01.08 19:11:47.462,1.1159,1.11615,20.60,0.30
2008.01.08 19:11:48.657,1.1159,1.11615,20.60,0.30
2008.01.08 19:11:48.841,1.1159,1.11615,20.60,0.30
2008.01.08 19:11:50.806,1.11595,1.11615,8.70,0.30
2008.01.08 19:11:51.204,1.11595,1.11615,5.00,0.30
2008.01.08 19:11:51.539,1.1159,1.11615,20.60,0.30
2008.01.08 19:11:51.873,1.116,1.1162,0.80,0.30
2008.01.08 19:11:52.208,1.116,1.1162,0.80,0.30
2008.01.08 19:11:52.366,1.116,1.1162,0.80,0.30
2008.01.08 19:11:52.524,1.116,1.1162,0.80,0.30
2008.01.08 19:11:52.939,1.116,1.1162,0.80,0.30
2008.01.08 19:11:53.371,1.116,1.1162,0.80,0.30
2008.01.08 19:11:53.640,1.116,1.1162,4.00,0.30
2008.01.08 19:11:53.909,1.116,1.1162,4.00,0.30
2008.01.08 19:11:54.178,1.116,1.1162,4.00,0.30
2008.01.08 19:11:54.646,1.116,1.1162,4.00,0.30
2008.01.08 19:11:55.296,1.116,1.1162,4.00,0.30
2008.01.08 19:11:55.472,1.116,1.1162,4.00,0.30
2008.01.08 19:11:55.609,1.116,1.1162,4.00,0.30
2008.01.08 19:11:55.737,1.116,1.11615,4.00,0.30
2008.01.08 19:11:55.865,1.116,1.11615,3.20,0.30
2008.01.08 19:11:55.998,1.11595,1.11615,21.00,0.30
2008.01.08 19:11:56.156,1.11595,1.11615,21.00,0.30
2008.01.08 19:11:56.404,1.11605,1.11615,2.40,0.30
2008.01.08 19:11:56.675,1.11605,1.11615,2.40,0.30
2008.01.08 19:11:56.917,1.116,1.11615,3.20,0.30
2008.01.08 19:11:57.165,1.116,1.11615,3.20,0.30
2008.01.08 19:11:57.408,1.11605,1.11615,2.40,0.30
2008.01.08 19:11:57.650,1.11605,1.1162,2.40,0.30
2008.01.08 19:11:57.893,1.11605,1.1162,6.40,0.30
2008.01.08 19:11:58.137,1.11605,1.1162,6.40,0.30
2008.01.08 19:11:58.411,1.11605,1.1162,6.40,0.30
2008.01.08 19:11:58.674,1.11605,1.1162,6.60,0.30
2008.01.08 19:11:58.938,1.11605,1.1162,6.80,0.30
2008.01.08 19:11:59.217,1.11605,1.1162,8.40,0.30
2008.01.08 19:11:59.503,1.11605,1.1162,8.40,0.30
2008.01.08 19:11:59.807,1.11605,1.1162,8.40,0.30
2008.01.08 19:12:00.204,1.11605,1.1162,9.20,0.30
2008.01.08 19:12:00.433,1.11605,1.1162,10.00,0.30
2008.01.08 19:12:00.728,1.11605,1.1162,10.00,0.30
2008.01.08 19:12:01.108,1.11605,1.1162,9.70,0.30
2008.01.08 19:12:01.337,1.1161,1.11625,0.80,4.00
2008.01.08 19:12:01.555,1.1161,1.11625,0.80,4.00
2008.01.08 19:12:01.774,1.1161,1.1163,0.80,0.30
2008.01.08 19:12:01.993,1.1161,1.1163,0.80,0.30
2008.01.08 19:12:02.212,1.1161,1.1163,0.80,0.30
2008.01.08 19:12:02.733,1.1161,1.1163,0.80,0.30
2008.01.08 19:12:02.997,1.1161,1.1163,0.80,0.30
2008.01.08 19:12:03.261,1.1161,1.1163,0.80,0.30
2008.01.08 19:12:03.495,1.1161,1.1163,0.80,0.30
2008.01.08 19:12:03.733,1.1161,1.1163,0.80,0.30
2008.01.08 19:12:03.966,1.1161,1.1163,0.80,0.30
2008.01.08 19:12:05.412,1.1161,1.1163,0.80,0.30
2008.01.08 19:12:05.591,1.1161,1.1163,0.80,0.30
2008.01.08 19:12:06.931,1.1161,1.1163,0.80,0.30
2008.01.08 19:12:07.684,1.1161,1.1163,0.80,0.30
2008.01.08 19:12:07.918,1.1161,1.1163,0.80,0.30
2008.01.08 19:12:08.151,1.1161,1.1163,0.80,0.30
2008.01.08 19:12:08.385,1.1161,1.1163,0.80,0.30
2008.01.08 19:12:08.619,1.1161,1.1163,0.80,0.30
2008.01.08 19:12:08.852,1.1161,1.1163,0.80,0.30
2008.01.08 19:12:09.439,1.1161,1.1163,0.80,0.30
2008.01.08 19:12:09.811,1.1161,1.1163,0.80,0.30
2008.01.08 19:12:10.114,1.1161,1.1163,0.80,0.30
2008.01.08 19:12:10.435,1.1161,1.1163,0.80,0.30
2008.01.08 19:12:10.721,1.1161,1.1163,0.80,0.30
2008.01.08 19:12:11.227,1.1161,1.1163,0.80,0.30
2008.01.08 19:12:11.651,1.1161,1.1163,0.80,0.30
2008.01.08 19:12:11.903,1.1161,1.1163,0.80,0.30
2008.01.08 19:12:12.158,1.1161,1.1163,0.80,0.30
2008.01.08 19:12:12.468,1.1161,1.1163,0.80,0.30
2008.01.08 19:12:12.751,1.1161,1.1163,0.80,0.30
2008.01.08 19:12:13.021,1.1161,1.1163,0.80,0.30
2008.01.08 19:12:13.290,1.1161,1.1163,0.80,0.30
2008.01.08 19:12:13.727,1.1161,1.1163,0.80,0.30
2008.01.08 19:12:13.996,1.1161,1.1163,0.80,0.30
2008.01.08 19:12:14.334,1.1161,1.1163,0.80,0.30
2008.01.08 19:12:14.602,1.1161,1.1163,0.80,0.30
2008.01.08 19:12:15.093,1.1161,1.1163,0.80,0.30
2008.01.08 19:12:15.353,1.1161,1.1163,0.80,0.30
2008.01.08 19:12:15.613,1.1161,1.1163,0.80,0.30
2008.01.08 19:12:15.796,1.11615,1.11635,0.80,0.30
2008.01.08 19:12:15.981,1.11625,1.1164,0.50,0.30
2008.01.08 19:12:16.164,1.11625,1.1164,0.50,0.30
2008.01.08 19:12:16.365,1.11625,1.1164,0.70,0.30
2008.01.08 19:12:16.549,1.11625,1.1164,0.70,0.30
2008.01.08 19:12:16.880,1.1163,1.11645,0.80,3.60
2008.01.08 19:12:17.214,1.1163,1.1164,0.80,0.30
2008.01.08 19:12:17.548,1.11625,1.1164,2.60,0.30
2008.01.08 19:12:17.761,1.11625,1.1164,0.90,0.30
2008.01.08 19:12:17.974,1.11625,1.11635,0.60,0.30
2008.01.08 19:12:18.187,1.11625,1.11635,0.60,0.30
2008.01.08 19:12:18.402,1.11625,1.11635,0.50,0.30
2008.01.08 19:12:18.632,1.11625,1.11635,0.50,0.30
2008.01.08 19:12:18.941,1.11625,1.11635,0.50,0.30
2008.01.08 19:12:19.248,1.11625,1.11635,0.50,0.30
2008.01.08 19:12:19.913,1.11625,1.11635,0.30,0.30
2008.01.08 19:12:20.132,1.11615,1.11635,10.40,0.30
2008.01.08 19:12:20.352,1.11625,1.1163,0.50,0.30
2008.01.08 19:12:20.571,1.11625,1.1163,0.50,0.30
2008.01.08 19:12:20.825,1.11625,1.11635,0.20,0.30
2008.01.08 19:12:21.079,1.11625,1.1163,0.20,0.30
2008.01.08 19:12:21.332,1.11625,1.1163,0.20,0.30
2008.01.08 19:12:21.601,1.11625,1.1163,0.20,0.30
2008.01.08 19:12:21.839,1.11625,1.1163,0.20,0.30
2008.01.08 19:12:22.103,1.11625,1.1163,0.20,0.30
2008.01.08 19:12:22.366,1.11625,1.1163,0.20,0.30
2008.01.08 19:12:22.801,1.11615,1.1163,0.80,0.30
2008.01.08 19:12:23.007,1.1161,1.11635,1.00,0.30
2008.01.08 19:12:23.216,1.11615,1.11625,2.40,0.30
2008.01.08 19:12:23.424,1.11615,1.11625,1.60,0.30
2008.01.08 19:12:23.634,1.11615,1.11625,1.60,0.30
2008.01.08 19:12:23.801,1.11605,1.11625,20.80,0.30
2008.01.08 19:12:23.845,1.11605,1.11625,20.60,0.30
2008.01.08 19:12:24.092,1.116,1.11625,23.20,0.30
2008.01.08 19:12:24.341,1.116,1.11625,21.90,0.30
2008.01.08 19:12:24.591,1.116,1.11625,19.30,0.30
2008.01.08 19:12:24.839,1.116,1.11625,20.30,0.30
2008.01.08 19:12:25.142,1.11605,1.1163,0.50,0.30
2008.01.08 19:12:25.446,1.11615,1.1163,1.20,0.30
2008.01.08 19:12:25.748,1.1161,1.1163,3.20,0.30
2008.01.08 19:12:25.962,1.11615,1.1163,2.70,0.30
2008.01.08 19:12:26.176,1.11615,1.1163,2.40,0.30
2008.01.08 19:12:26.390,1.11615,1.1163,2.80,0.30
2008.01.08 19:12:26.605,1.1161,1.1163,8.80,0.30
2008.01.08 19:12:26.923,1.11615,1.1163,0.90,0.30
2008.01.08 19:12:27.216,1.1161,1.1163,8.80,0.30
2008.01.08 19:12:27.510,1.1161,1.1163,8.80,0.30
2008.01.08 19:12:27.804,1.11615,1.11635,12.60,12.00
2008.01.08 19:12:28.039,1.11625,1.1164,1.70,0.30
2008.01.08 19:12:28.272,1.11625,1.1164,1.70,0.30
2008.01.08 19:12:28.508,1.1162,1.1164,4.90,0.30
2008.01.08 19:12:28.741,1.1162,1.1164,4.90,0.30
2008.01.08 19:12:28.974,1.1162,1.1164,4.90,0.30
2008.01.08 19:12:29.223,1.1162,1.1164,5.10,0.30
2008.01.08 19:12:29.471,1.1162,1.1164,5.60,0.30
2008.01.08 19:12:29.720,1.11625,1.11635,2.40,0.30
2008.01.08 19:12:29.969,1.11615,1.1164,19.20,0.30
2008.01.08 19:12:30.232,1.11625,1.1164,0.60,0.30
2008.01.08 19:12:30.496,1.1162,1.1164,1.60,0.30
2008.01.08 19:12:30.777,1.11625,1.1164,0.80,0.30
2008.01.08 19:12:31.042,1.1162,1.1164,1.60,0.30
2008.01.08 19:12:31.710,1.1162,1.1164,1.60,0.30
2008.01.08 19:12:31.984,1.11625,1.1164,0.80,0.30
2008.01.08 19:12:32.218,1.11615,1.11635,15.90,0.30
2008.01.08 19:12:32.451,1.11615,1.11635,15.00,0.30
2008.01.08 19:12:32.685,1.11615,1.11635,15.00,0.30
2008.01.08 19:12:32.934,1.11615,1.11635,15.00,0.30
2008.01.08 19:12:33.183,1.11615,1.11635,15.00,0.30
2008.01.08 19:12:33.559,1.11615,1.11635,15.00,0.30
2008.01.08 19:12:33.866,1.11625,1.11635,0.60,0.30
2008.01.08 19:12:34.185,1.11615,1.11635,15.00,0.30
2008.01.08 19:12:34.414,1.11615,1.11635,12.20,0.30
2008.01.08 19:12:34.644,1.11615,1.11635,9.80,0.30
2008.01.08 19:12:34.872,1.11615,1.11635,9.80,0.30
2008.01.08 19:12:35.723,1.11615,1.11635,10.20,0.30
2008.01.08 19:12:36.016,1.11615,1.11635,11.00,0.30
2008.01.08 19:12:36.140,1.11615,1.11635,12.00,0.30
2008.01.08 19:12:36.263,1.11625,1.11635,0.80,0.30
2008.01.08 19:12:36.386,1.11615,1.11635,12.00,0.30
2008.01.08 19:12:36.510,1.11625,1.11635,0.90,0.30
2008.01.08 19:12:36.665,1.11615,1.11635,12.60,0.30
2008.01.08 19:12:36.789,1.1161,1.11635,10.60,0.30
2008.01.08 19:12:36.912,1.11615,1.11635,1.40,8.20
2008.01.08 19:12:37.210,1.1161,1.11635,7.40,8.20
2008.01.08 19:12:37.510,1.1161,1.11635,9.80,0.30
2008.01.08 19:12:38.594,1.1161,1.1163,9.60,0.30
2008.01.08 19:12:38.828,1.1161,1.1163,0.80,0.30
2008.01.08 19:12:39.063,1.11605,1.1163,24.00,0.30
2008.01.08 19:12:39.347,1.11605,1.1163,23.90,0.30
2008.01.08 19:12:39.631,1.1161,1.1163,0.80,0.30
2008.01.08 19:12:39.915,1.1161,1.11635,0.70,0.30
2008.01.08 19:12:40.199,1.11615,1.11635,1.70,0.30
2008.01.08 19:12:40.382,1.11615,1.11635,1.30,0.30
2008.01.08 19:12:40.566,1.1161,1.11635,4.20,0.30
2008.01.08 19:12:40.749,1.11615,1.11635,2.00,0.30
2008.01.08 19:12:40.931,1.1161,1.11635,8.20,0.30
2008.01.08 19:12:41.115,1.1161,1.11635,9.80,0.30
2008.01.08 19:12:41.259,1.11615,1.11635,1.40,0.30
2008.01.08 19:12:42.147,1.1161,1.11635,9.80,0.30
2008.01.08 19:12:42.658,1.1161,1.11635,9.80,0.30
2008.01.08 19:12:43.172,1.1161,1.11635,9.80,0.30
2008.01.08 19:12:43.247,1.11615,1.11635,9.40,0.30
2008.01.08 19:12:43.363,1.11615,1.11635,9.40,0.30
2008.01.08 19:12:43.418,1.11625,1.11635,0.60,0.30
2008.01.08 19:12:43.932,1.11615,1.11635,11.00,0.30
2008.01.08 19:12:44.001,1.11625,1.11635,0.60,0.30
2008.01.08 19:12:44.960,1.11625,1.11635,0.40,0.30
2008.01.08 19:12:45.294,1.1161,1.11635,9.80,0.30
2008.01.08 19:12:45.458,1.11615,1.11635,4.20,0.30
2008.01.08 19:12:46.642,1.11615,1.11635,0.50,0.30
2008.01.08 19:12:48.157,1.1161,1.11635,9.80,0.30
2008.01.08 19:12:48.708,1.11615,1.11635,2.40,0.30
2008.01.08 19:12:48.956,1.1161,1.11635,9.80,0.30
2008.01.08 19:12:49.230,1.1161,1.11635,9.80,0.30
2008.01.08 19:12:49.389,1.11615,1.11635,3.00,8.20
2008.01.08 19:12:49.547,1.11615,1.11635,3.20,8.20
2008.01.08 19:12:49.900,1.1161,1.1163,9.60,0.30
2008.01.08 19:12:50.216,1.11615,1.11625,1.20,8.20
2008.01.08 19:12:50.550,1.11605,1.11625,30.00,8.20
2008.01.08 19:12:50.767,1.1161,1.1163,4.80,0.30
2008.01.08 19:12:50.966,1.1161,1.1163,4.80,0.30
2008.01.08 19:12:51.164,1.11615,1.1163,2.20,0.30
2008.01.08 19:12:51.362,1.11605,1.11625,8.70,0.30
2008.01.08 19:12:51.561,1.11605,1.11625,3.90,0.30
2008.01.08 19:12:51.911,1.11605,1.11625,5.40,0.30
2008.01.08 19:12:52.228,1.116,1.1163,19.20,0.30
2008.01.08 19:12:52.562,1.11605,1.1163,23.20,0.30
2008.01.08 19:12:52.740,1.11605,1.1163,23.50,0.30
2008.01.08 19:12:52.919,1.11625,1.1163,0.40,0.30
2008.01.08 19:12:53.097,1.11615,1.1163,5.60,0.30
2008.01.08 19:12:53.277,1.11625,1.11635,0.60,0.30
2008.01.08 19:12:53.455,1.11625,1.11635,0.60,0.30
2008.01.08 19:12:53.634,1.11625,1.11635,0.60,0.30
2008.01.08 19:12:53.965,1.11625,1.11635,0.60,0.30
2008.01.08 19:12:54.292,1.11625,1.11635,0.60,0.30
2008.01.08 19:12:54.621,1.11625,1.11635,0.60,0.30
2008.01.08 19:12:54.959,1.11625,1.11635,0.60,0.30
2008.01.08 19:12:55.177,1.11625,1.11635,0.60,0.30
2008.01.08 19:12:56.961,1.11625,1.11635,0.60,0.30
2008.01.08 19:12:57.170,1.11625,1.11635,0.60,0.30
2008.01.08 19:12:57.386,1.11625,1.11635,0.60,0.30
2008.01.08 19:12:57.595,1.11625,1.11635,0.60,0.30
2008.01.08 19:12:58.231,1.11625,1.11635,0.60,0.30
2008.01.08 19:12:58.494,1.11625,1.11635,0.60,0.30
2008.01.08 19:12:58.963,1.11625,1.11635,0.60,0.30
2008.01.08 19:12:59.966,1.11625,1.11635,0.60,0.30
2008.01.08 19:13:00.399,1.11625,1.11635,0.60,0.30
2008.01.08 19:13:00.722,1.11625,1.11635,0.60,0.30
2008.01.08 19:13:00.941,1.11625,1.1164,0.60,0.30
2008.01.08 19:13:01.180,1.11625,1.11635,2.00,0.30
2008.01.08 19:13:01.419,1.11625,1.11635,0.60,0.30
2008.01.08 19:13:01.657,1.11625,1.11635,0.60,0.30
2008.01.08 19:13:01.895,1.11625,1.11635,0.60,0.30
2008.01.08 19:13:02.079,1.11625,1.11635,0.80,0.30
2008.01.08 19:13:02.263,1.11625,1.11635,0.40,0.30
2008.01.08 19:13:02.446,1.11625,1.11635,0.40,8.20
2008.01.08 19:13:02.628,1.11625,1.11635,0.40,8.20
2008.01.08 19:13:02.812,1.11615,1.11635,15.20,8.20
2008.01.08 19:13:02.998,1.11615,1.11635,14.40,8.20
2008.01.08 19:13:03.275,1.11615,1.11635,15.20,0.30
2008.01.08 19:13:03.553,1.11615,1.11635,15.20,0.30
2008.01.08 19:13:03.927,1.11615,1.11635,15.20,0.30
2008.01.08 19:13:04.204,1.11615,1.11635,15.20,0.30
2008.01.08 19:13:05.156,1.11615,1.11635,15.20,0.30
2008.01.08 19:13:05.885,1.11615,1.11635,15.20,0.30
2008.01.08 19:13:06.212,1.11615,1.11635,15.20,0.30
2008.01.08 19:13:06.415,1.11615,1.11635,11.20,2.60
2008.01.08 19:13:06.630,1.11615,1.1163,11.20,0.30
2008.01.08 19:13:06.832,1.11615,1.1163,6.40,0.30
2008.01.08 19:13:07.037,1.11615,1.1163,5.60,0.30
2008.01.08 19:13:07.665,1.11615,1.1163,5.60,0.30
2008.01.08 19:13:08.984,1.11615,1.1163,5.60,0.30
2008.01.08 19:13:09.638,1.11615,1.1163,5.60,0.30
2008.01.08 19:13:09.948,1.11615,1.1163,5.60,0.30
2008.01.08 19:13:10.205,1.11615,1.1163,5.60,0.30
2008.01.08 19:13:11.111,1.11615,1.1163,7.20,0.30
2008.01.08 19:13:11.365,1.11625,1.1163,0.20,0.30
2008.01.08 19:13:11.539,1.11625,1.1163,0.20,0.30
2008.01.08 19:13:11.713,1.11625,1.11635,0.40,8.20
2008.01.08 19:13:11.887,1.11615,1.11635,14.40,0.30
2008.01.08 19:13:12.060,1.11625,1.1164,0.20,0.30
2008.01.08 19:13:12.234,1.11625,1.1164,0.20,0.30
2008.01.08 19:13:12.408,1.11625,1.1164,0.40,0.30
2008.01.08 19:13:12.662,1.11625,1.1164,0.40,0.30
2008.01.08 19:13:12.921,1.11625,1.1164,0.40,0.30
2008.01.08 19:13:13.174,1.11625,1.1164,0.40,0.30
2008.01.08 19:13:13.429,1.11625,1.1164,0.40,0.30
2008.01.08 19:13:13.637,1.11625,1.1164,0.60,0.30
2008.01.08 19:13:13.845,1.11625,1.1164,0.60,0.30
2008.01.08 19:13:14.054,1.11625,1.1164,0.60,0.30
2008.01.08 19:13:14.263,1.11625,1.1164,0.60,0.30
2008.01.08 19:13:18.649,1.11625,1.1164,0.60,0.30
2008.01.08 19:13:18.993,1.11625,1.1164,0.60,0.30
2008.01.08 19:13:19.323,1.11625,1.1164,3.00,0.30
2008.01.08 19:13:19.656,1.11625,1.11645,3.20,5.00
2008.01.08 19:13:19.948,1.1162,1.11645,4.20,5.00
2008.01.08 19:13:19.989,1.1162,1.11645,9.40,1.80
2008.01.08 19:13:20.431,1.11625,1.11645,1.00,1.80
2008.01.08 19:13:20.680,1.1162,1.1164,5.20,0.30
2008.01.08 19:13:20.928,1.11625,1.1164,1.00,0.30
2008.01.08 19:13:21.177,1.1162,1.1164,2.00,0.30
2008.01.08 19:13:21.365,1.11625,1.1164,0.60,0.30
2008.01.08 19:13:21.554,1.1162,1.1164,2.00,0.30
2008.01.08 19:13:21.743,1.11625,1.1164,0.80,0.30
2008.01.08 19:13:21.932,1.1162,1.1164,3.60,0.30
2008.01.08 19:13:22.206,1.11625,1.1164,0.90,0.30
2008.01.08 19:13:22.516,1.11615,1.1164,24.20,0.30
2008.01.08 19:13:22.825,1.1162,1.1163,0.80,0.30
2008.01.08 19:13:23.133,1.1161,1.1163,17.60,0.30
2008.01.08 19:13:23.316,1.1161,1.1163,16.00,0.30
2008.01.08 19:13:23.500,1.1161,1.1163,13.60,0.30
2008.01.08 19:13:23.702,1.1161,1.11635,18.00,4.00
2008.01.08 19:13:23.886,1.1162,1.1164,1.50,0.30
2008.01.08 19:13:24.070,1.1162,1.1164,1.20,0.30
2008.01.08 19:13:24.253,1.11615,1.11635,20.00,0.30
2008.01.08 19:13:24.587,1.1161,1.11635,16.20,0.30
2008.01.08 19:13:24.920,1.1162,1.11635,0.80,0.30
2008.01.08 19:13:25.253,1.11615,1.1164,18.60,0.30
2008.01.08 19:13:25.452,1.1162,1.1164,0.90,0.30
2008.01.08 19:13:25.635,1.1162,1.11635,1.40,0.30
2008.01.08 19:13:25.834,1.1161,1.11635,9.80,0.30
2008.01.08 19:13:26.002,1.11615,1.11625,1.50,0.30
2008.01.08 19:13:26.185,1.11605,1.11625,45.90,0.30
2008.01.08 19:13:26.439,1.11605,1.11625,32.70,0.30
2008.01.08 19:13:26.692,1.11605,1.11625,34.30,0.30
2008.01.08 19:13:26.947,1.11615,1.11625,1.20,0.30
2008.01.08 19:13:27.213,1.11605,1.11625,34.30,0.30
2008.01.08 19:13:27.461,1.11615,1.11625,0.80,0.30
2008.01.08 19:13:27.929,1.11615,1.11625,0.80,0.30
2008.01.08 19:13:28.617,1.11615,1.1163,0.70,0.30
2008.01.08 19:13:28.779,1.11615,1.1163,0.50,0.30
2008.01.08 19:13:29.033,1.1161,1.1163,5.60,0.30
2008.01.08 19:13:29.196,1.11615,1.1163,0.70,0.30
2008.01.08 19:13:29.409,1.1161,1.1163,10.40,0.30
2008.01.08 19:13:29.684,1.1161,1.1163,10.40,0.30
2008.01.08 19:13:29.899,1.1161,1.1163,10.40,0.30
2008.01.08 19:13:31.969,1.1161,1.1163,10.40,0.30
2008.01.08 19:13:33.237,1.1161,1.1163,10.40,0.30
2008.01.08 19:13:33.626,1.1161,1.1162,10.40,0.30
2008.01.08 19:13:33.848,1.1161,1.1162,1.00,0.30
2008.01.08 19:13:34.046,1.11605,1.1162,4.90,0.30
2008.01.08 19:13:34.246,1.116,1.1162,15.30,0.30
2008.01.08 19:13:34.450,1.116,1.1162,15.30,0.30
2008.01.08 19:13:34.752,1.116,1.1162,15.30,0.30
2008.01.08 19:13:35.055,1.116,1.1162,11.30,0.30
2008.01.08 19:13:35.359,1.116,1.1162,11.30,0.30
2008.01.08 19:13:35.662,1.11605,1.1162,0.80,0.30
2008.01.08 19:13:37.877,1.116,1.1162,11.50,0.30
2008.01.08 19:13:38.697,1.11605,1.1162,4.40,0.30
2008.01.08 19:13:39.023,1.11605,1.1162,3.60,0.30
2008.01.08 19:13:39.220,1.116,1.1162,11.50,0.30
2008.01.08 19:13:42.979,1.116,1.1162,11.50,0.30
2008.01.08 19:13:43.151,1.11605,1.11615,4.00,0.30
2008.01.08 19:13:43.321,1.116,1.11615,11.10,0.30
2008.01.08 19:13:43.505,1.11605,1.11615,1.70,0.30
2008.01.08 19:13:43.655,1.11605,1.1162,0.80,0.30
2008.01.08 19:13:43.824,1.11605,1.1162,5.20,0.30
2008.01.08 19:13:43.992,1.116,1.1162,10.40,0.30
2008.01.08 19:13:44.217,1.116,1.11615,9.60,0.30
2008.01.08 19:13:44.441,1.1159,1.11615,24.40,0.30
2008.01.08 19:13:44.944,1.11595,1.11615,1.80,0.30
2008.01.08 19:13:45.186,1.116,1.1162,0.80,0.30
2008.01.08 19:13:45.454,1.116,1.1162,4.80,0.30
2008.01.08 19:13:45.723,1.116,1.1162,4.80,0.30
2008.01.08 19:13:45.991,1.11605,1.1162,0.90,0.30
2008.01.08 19:13:46.275,1.11605,1.1162,2.80,0.30
2008.01.08 19:13:46.461,1.116,1.1162,8.80,0.30
2008.01.08 19:13:47.223,1.116,1.1162,8.80,0.30
2008.01.08 19:13:47.462,1.11605,1.1162,3.40,0.30
2008.01.08 19:13:48.200,1.11605,1.1162,1.80,0.30
2008.01.08 19:13:48.410,1.11605,1.1162,1.80,0.30
2008.01.08 19:13:49.042,1.11605,1.1162,2.00,0.30
2008.01.08 19:13:49.342,1.116,1.1162,8.80,0.30
2008.01.08 19:13:49.577,1.116,1.1162,8.00,0.30
2008.01.08 19:13:54.067,1.116,1.1162,8.00,0.30
2008.01.08 19:13:54.378,1.11605,1.1162,2.20,0.30
2008.01.08 19:13:59.060,1.116,1.1162,8.00,0.30
2008.01.08 19:13:59.409,1.116,1.1162,8.00,0.30
2008.01.08 19:14:00.032,1.11605,1.1162,2.50,0.30
2008.01.08 19:14:00.262,1.11625,1.1163,0.70,1.00
2008.01.08 19:14:00.490,1.11615,1.1163,1.90,0.30
2008.01.08 19:14:00.718,1.11615,1.1163,1.30,0.30
2008.01.08 19:14:00.832,1.1161,1.1163,5.60,0.30
2008.01.08 19:14:00.945,1.1161,1.1163,5.60,0.30
2008.01.08 19:14:01.059,1.1161,1.1163,7.20,0.30
2008.01.08 19:14:01.177,1.1161,1.1163,7.20,0.30
2008.01.08 19:14:02.006,1.1161,1.1163,7.20,0.30
2008.01.08 19:14:02.209,1.1161,1.1163,6.40,0.30
2008.01.08 19:14:02.620,1.1161,1.1163,6.40,0.30
2008.01.08 19:14:02.940,1.1161,1.1163,6.40,0.30
2008.01.08 19:14:03.471,1.1161,1.1163,6.40,0.30
2008.01.08 19:14:03.664,1.1161,1.1163,6.40,0.30
2008.01.08 19:14:04.072,1.11615,1.1163,3.00,0.30
2008.01.08 19:14:05.559,1.1161,1.1163,6.40,0.30
2008.01.08 19:14:06.657,1.1161,1.1163,2.40,0.30
2008.01.08 19:14:06.957,1.1161,1.11625,0.80,0.30
2008.01.08 19:14:07.254,1.116,1.11625,27.40,0.30
2008.01.08 19:14:07.553,1.11605,1.11625,10.30,0.30
2008.01.08 19:14:07.851,1.11605,1.11625,5.10,0.30
2008.01.08 19:14:08.439,1.116,1.11625,23.40,0.30
2008.01.08 19:14:08.636,1.116,1.11625,23.40,0.30
2008.01.08 19:14:08.976,1.116,1.11625,23.40,0.30
2008.01.08 19:14:09.107,1.11605,1.1163,9.20,0.30
2008.01.08 19:14:09.236,1.11605,1.1163,4.50,0.30
2008.01.08 19:14:09.365,1.1161,1.1163,0.80,0.30
2008.01.08 19:14:09.493,1.1161,1.1163,0.80,0.30
2008.01.08 19:14:09.677,1.11605,1.1163,27.50,0.30
2008.01.08 19:14:09.804,1.1161,1.1163,4.80,0.30
2008.01.08 19:14:10.073,1.11615,1.1163,1.90,0.30
2008.01.08 19:14:10.342,1.1161,1.1163,4.80,0.30
2008.01.08 19:14:10.938,1.1161,1.1163,4.80,0.30
2008.01.08 19:14:11.162,1.1161,1.1163,4.80,0.30
2008.01.08 19:14:12.163,1.1161,1.11625,0.80,4.00
2008.01.08 19:14:12.364,1.1161,1.11625,0.80,4.00
2008.01.08 19:14:12.506,1.1161,1.11625,0.80,4.00
2008.01.08 19:14:12.649,1.1161,1.1162,0.80,0.30
2008.01.08 19:14:12.795,1.11605,1.1162,25.40,0.30
2008.01.08 19:14:12.968,1.11605,1.1162,22.20,0.30
2008.01.08 19:14:13.132,1.11605,1.1162,22.20,0.30
2008.01.08 19:14:13.295,1.11605,1.11625,23.20,0.30
2008.01.08 19:14:13.458,1.11605,1.11625,23.30,0.30
2008.01.08 19:14:13.622,1.11605,1.11625,23.20,0.30
2008.01.08 19:14:13.786,1.11615,1.1163,2.40,0.30
2008.01.08 19:14:13.949,1.11615,1.1163,2.40,0.30
2008.01.08 19:14:14.192,1.11615,1.1163,4.00,0.30
2008.01.08 19:14:14.436,1.11625,1.1163,0.90,0.30
2008.01.08 19:14:14.680,1.11625,1.1163,0.90,0.30
2008.01.08 19:14:14.923,1.11625,1.1163,0.20,0.30
2008.01.08 19:14:15.177,1.11625,1.1163,0.20,0.30
2008.01.08 19:14:15.429,1.11625,1.1163,0.20,0.30
2008.01.08 19:14:15.756,1.11615,1.1163,8.80,0.30
2008.01.08 19:14:16.010,1.11615,1.1163,8.00,0.30
2008.01.08 19:14:16.238,1.11615,1.1163,8.00,0.30
2008.01.08 19:14:16.829,1.11615,1.1163,8.00,0.30
2008.01.08 19:14:17.174,1.11615,1.1163,8.00,0.30
2008.01.08 19:14:17.419,1.11615,1.1163,8.00,0.30
2008.01.08 19:14:17.575,1.11615,1.1163,3.30,0.30
2008.01.08 19:14:17.984,1.1161,1.1163,7.20,0.30
2008.01.08 19:14:18.242,1.1161,1.1163,7.20,0.30
2008.01.08 19:14:18.501,1.1161,1.1163,7.20,0.30
2008.01.08 19:14:18.954,1.11615,1.1163,6.40,0.30
2008.01.08 19:14:20.672,1.11615,1.1163,6.40,0.30
2008.01.08 19:14:21.103,1.11615,1.1163,6.40,0.30
2008.01.08 19:14:21.297,1.11605,1.11625,26.50,0.30
2008.01.08 19:14:21.485,1.11605,1.11625,26.50,0.30
2008.01.08 19:14:21.674,1.11605,1.11625,26.40,0.30
2008.01.08 19:14:21.863,1.11605,1.11625,22.40,0.30
2008.01.08 19:14:22.157,1.11605,1.11625,22.40,0.30
2008.01.08 19:14:24.121,1.11605,1.11625,22.40,0.30
2008.01.08 19:14:25.674,1.11605,1.11625,22.40,0.30
2008.01.08 19:14:26.701,1.11605,1.11625,22.40,0.30
2008.01.08 19:14:26.873,1.11605,1.11625,22.40,0.30
2008.01.08 19:14:27.230,1.11605,1.11625,22.00,0.30
2008.01.08 19:14:27.499,1.11605,1.11625,18.80,0.30
2008.01.08 19:14:27.670,1.11605,1.11625,17.20,0.30
2008.01.08 19:14:27.857,1.11605,1.11625,17.50,0.30
2008.01.08 19:14:28.046,1.11605,1.11625,14.80,0.30
2008.01.08 19:14:28.236,1.11605,1.11625,12.60,0.30
2008.01.08 19:14:28.424,1.11605,1.11625,8.80,0.30
2008.01.08 19:14:28.757,1.11605,1.11625,8.80,0.30
2008.01.08 19:14:29.091,1.11605,1.11625,8.80,0.30
2008.01.08 19:14:29.425,1.11605,1.11625,8.90,0.30
2008.01.08 19:14:29.678,1.11605,1.11625,8.80,0.30
2008.01.08 19:14:29.932,1.11605,1.11625,8.80,0.30
2008.01.08 19:14:30.300,1.11605,1.11625,8.80,0.30
2008.01.08 19:14:30.595,1.11605,1.1162,8.80,0.30
2008.01.08 19:14:30.823,1.11605,1.1162,5.60,0.30
2008.01.08 19:14:31.054,1.11605,1.1162,4.00,0.30
2008.01.08 19:14:31.282,1.11605,1.1162,4.00,0.30
2008.01.08 19:14:31.510,1.11605,1.1162,4.00,0.30
2008.01.08 19:14:31.932,1.11605,1.11615,4.00,0.30
2008.01.08 19:14:32.173,1.11605,1.11615,4.00,0.30
2008.01.08 19:14:32.411,1.11595,1.11615,22.30,0.30
2008.01.08 19:14:32.554,1.11595,1.11615,19.10,0.30
2008.01.08 19:14:32.710,1.11595,1.1161,17.50,0.30
2008.01.08 19:14:32.854,1.11595,1.1161,9.70,0.30
2008.01.08 19:14:33.016,1.11595,1.1161,9.40,0.30
2008.01.08 19:14:33.159,1.11595,1.1161,7.80,0.30
2008.01.08 19:14:33.318,1.11595,1.1161,7.80,0.30
2008.01.08 19:14:33.992,1.11595,1.1161,8.00,0.30
2008.01.08 19:14:34.302,1.11595,1.1161,8.00,0.30
2008.01.08 19:14:35.722,1.11595,1.1161,8.00,0.30
2008.01.08 19:14:36.971,1.11595,1.1161,7.60,0.30
2008.01.08 19:14:39.137,1.11595,1.1161,7.60,0.30
2008.01.08 19:14:40.761,1.11595,1.1161,7.60,0.30
2008.01.08 19:14:41.374,1.11595,1.1161,7.00,0.30
2008.01.08 19:14:41.527,1.11595,1.1161,7.00,0.30
2008.01.08 19:14:41.904,1.11595,1.1161,7.00,0.30
2008.01.08 19:14:42.114,1.11595,1.1161,6.40,0.30
2008.01.08 19:14:42.313,1.11585,1.11605,19.90,0.30
2008.01.08 19:14:42.512,1.11585,1.11605,19.90,0.30
2008.01.08 19:14:42.710,1.11585,1.11605,19.90,0.30
2008.01.08 19:14:42.884,1.11585,1.11605,15.90,0.30
2008.01.08 19:14:43.189,1.11585,1.11605,15.90,0.30
2008.01.08 19:14:43.950,1.11585,1.11605,15.90,0.30
2008.01.08 19:14:44.028,1.11585,1.11605,15.90,0.30
2008.01.08 19:14:44.150,1.11585,1.11605,15.90,0.30
2008.01.08 19:14:44.217,1.11585,1.11605,15.90,0.30
2008.01.08 19:14:44.428,1.11585,1.11605,15.90,0.30
2008.01.08 19:14:44.505,1.11585,1.11605,15.90,0.30
2008.01.08 19:14:44.730,1.11585,1.11605,15.90,0.30
2008.01.08 19:14:44.918,1.11585,1.116,15.90,0.30
2008.01.08 19:14:45.202,1.11585,1.116,11.10,0.30
2008.01.08 19:14:45.487,1.11585,1.116,10.70,0.30
2008.01.08 19:14:45.771,1.11585,1.11605,6.70,0.30
2008.01.08 19:14:46.070,1.11585,1.11605,3.50,0.30
2008.01.08 19:14:46.279,1.11585,1.116,2.70,0.30
2008.01.08 19:14:46.489,1.11585,1.116,2.70,0.30
2008.01.08 19:14:46.696,1.11585,1.116,2.80,0.30
2008.01.08 19:14:46.905,1.11585,1.116,2.80,0.30
2008.01.08 19:14:47.433,1.11585,1.116,2.80,0.30
2008.01.08 19:14:47.626,1.11585,1.11595,2.80,0.30
2008.01.08 19:14:47.822,1.11585,1.11595,1.60,0.30
2008.01.08 19:14:48.016,1.11575,1.11595,19.60,0.30
2008.01.08 19:14:48.265,1.11575,1.11595,16.40,0.30
2008.01.08 19:14:48.514,1.11575,1.11595,19.60,0.30
2008.01.08 19:14:48.772,1.11575,1.11595,18.80,0.30
2008.01.08 19:14:49.020,1.11575,1.11595,18.80,0.30
2008.01.08 19:14:49.233,1.11575,1.11595,18.80,0.30
2008.01.08 19:14:49.538,1.11575,1.11595,18.80,0.30
2008.01.08 19:14:49.736,1.11575,1.1159,14.80,0.30
2008.01.08 19:14:49.951,1.11575,1.1159,10.80,0.30
2008.01.08 19:14:50.165,1.11575,1.1159,10.80,0.30
2008.01.08 19:14:50.473,1.11575,1.1159,10.80,0.30
2008.01.08 19:14:50.781,1.11575,1.1159,10.80,0.30
2008.01.08 19:14:51.091,1.11575,1.1159,10.80,0.30
2008.01.08 19:14:51.411,1.11575,1.1159,10.80,0.30
2008.01.08 19:14:51.672,1.11575,1.11585,10.80,0.30
2008.01.08 19:14:51.896,1.11575,1.11585,1.50,0.30
2008.01.08 19:14:52.138,1.11575,1.11585,1.50,0.30
2008.01.08 19:14:52.472,1.11575,1.11585,1.30,0.30
2008.01.08 19:14:52.591,1.11575,1.11585,1.30,0.30
2008.01.08 19:14:52.709,1.11575,1.11585,1.30,0.30
2008.01.08 19:14:52.828,1.11575,1.11585,1.20,0.30
2008.01.08 19:14:52.949,1.11575,1.11585,1.20,0.30
2008.01.08 19:14:53.067,1.11575,1.11585,2.00,0.30
2008.01.08 19:14:53.186,1.11575,1.1159,2.00,0.30
2008.01.08 19:14:53.325,1.11575,1.1159,2.10,0.30
2008.01.08 19:14:53.464,1.11575,1.1159,2.10,0.30
2008.01.08 19:14:53.613,1.11575,1.1159,4.50,0.30
2008.01.08 19:14:53.641,1.1157,1.1159,5.30,0.30
2008.01.08 19:14:53.752,1.1157,1.11595,5.50,0.30
2008.01.08 19:14:53.890,1.1157,1.11595,6.30,0.30
2008.01.08 19:14:54.029,1.11575,1.11595,2.90,0.30
2008.01.08 19:14:54.168,1.11575,1.11595,2.90,0.30
2008.01.08 19:14:54.431,1.1157,1.11595,11.90,0.30
2008.01.08 19:14:54.695,1.1158,1.116,0.80,0.30
2008.01.08 19:14:54.959,1.11575,1.116,19.90,0.30
2008.01.08 19:14:55.223,1.11575,1.116,23.00,0.30
2008.01.08 19:14:55.487,1.1158,1.116,4.80,0.30
2008.01.08 19:14:55.751,1.1158,1.116,4.80,0.30
2008.01.08 19:14:56.015,1.11585,1.116,1.70,0.30
2008.01.08 19:14:58.249,1.1158,1.116,4.80,0.30
2008.01.08 19:14:59.175,1.1158,1.116,4.80,0.30
2008.01.08 19:14:59.833,1.1158,1.116,4.90,0.30
2008.01.08 19:15:00.184,1.11585,1.116,0.50,0.30
2008.01.08 19:15:00.501,1.1158,1.116,7.10,0.30
2008.01.08 19:15:00.680,1.1158,1.11595,8.10,0.30
2008.01.08 19:15:00.889,1.1158,1.11595,8.10,0.30
2008.01.08 19:15:01.492,1.11585,1.11595,2.90,0.30
2008.01.08 19:15:03.020,1.1158,1.11595,7.90,0.30
2008.01.08 19:15:04.181,1.1158,1.11595,7.90,0.30
2008.01.08 19:15:04.691,1.11585,1.11595,0.80,0.30
2008.01.08 19:15:05.020,1.1158,1.11595,7.80,0.30
2008.01.08 19:15:05.284,1.11585,1.11595,0.80,0.30
2008.01.08 19:15:05.548,1.1158,1.11595,7.80,0.30
2008.01.08 19:15:05.921,1.11585,1.11595,2.70,0.30
2008.01.08 19:15:06.108,1.1158,1.11595,7.80,0.30
2008.01.08 19:15:06.331,1.1158,1.11595,7.70,0.30
2008.01.08 19:15:06.484,1.1158,1.11595,7.80,0.30
2008.01.08 19:15:08.580,1.1158,1.1159,7.60,0.30
2008.01.08 19:15:08.683,1.11585,1.1159,0.80,0.30
2008.01.08 19:15:08.812,1.11585,1.1159,0.20,0.30
2008.01.08 19:15:08.940,1.1158,1.1159,0.90,0.30
2008.01.08 19:15:09.069,1.1157,1.1159,15.60,0.30
2008.01.08 19:15:09.198,1.11575,1.1159,1.80,0.30
2008.01.08 19:15:09.326,1.1157,1.1159,15.60,0.30
2008.01.08 19:15:09.473,1.1157,1.1159,15.60,0.30
2008.01.08 19:15:09.601,1.11575,1.1159,6.30,0.30
2008.01.08 19:15:09.729,1.1157,1.1159,15.60,0.30
2008.01.08 19:15:10.016,1.11575,1.1159,1.80,0.30
2008.01.08 19:15:10.304,1.1157,1.1159,11.60,0.30
2008.01.08 19:15:10.610,1.11575,1.11585,1.60,0.30
2008.01.08 19:15:10.880,1.1157,1.11585,12.60,0.30
2008.01.08 19:15:10.998,1.1157,1.11585,12.60,0.30
2008.01.08 19:15:11.231,1.1157,1.11585,12.60,0.30
2008.01.08 19:15:11.776,1.1157,1.11585,12.40,0.30
2008.01.08 19:15:12.614,1.1157,1.11585,12.40,0.30
2008.01.08 19:15:12.866,1.11575,1.11595,3.70,0.30
2008.01.08 19:15:13.005,1.11575,1.11595,1.60,0.30
2008.01.08 19:15:13.338,1.1157,1.11595,15.90,0.30
2008.01.08 19:15:13.633,1.11575,1.11595,5.80,0.30
2008.01.08 19:15:13.771,1.1157,1.11595,19.90,0.30
2008.01.08 19:15:13.909,1.11575,1.11595,2.10,0.30
2008.01.08 19:15:14.211,1.1157,1.11595,19.90,0.30
2008.01.08 19:15:14.475,1.1157,1.11595,19.90,0.30
2008.01.08 19:15:15.959,1.11575,1.11595,2.40,0.30
2008.01.08 19:15:16.234,1.11575,1.11595,4.50,0.30
2008.01.08 19:15:17.707,1.1157,1.11595,20.20,0.30
2008.01.08 19:15:18.012,1.1157,1.11595,20.20,0.30
2008.01.08 19:15:18.213,1.11575,1.11595,4.40,0.30
2008.01.08 19:15:18.630,1.11575,1.11595,8.70,0.30
2008.01.08 19:15:19.204,1.1157,1.11595,20.20,0.30
2008.01.08 19:15:20.909,1.11575,1.11595,7.60,0.30
2008.01.08 19:15:21.301,1.1157,1.11595,20.10,0.30
2008.01.08 19:15:21.423,1.11575,1.11595,0.90,0.30
2008.01.08 19:15:21.631,1.1157,1.11595,20.10,0.30
2008.01.08 19:15:22.648,1.11575,1.11595,6.00,0.30
2008.01.08 19:15:23.484,1.11575,1.11595,15.60,0.30
2008.01.08 19:15:24.223,1.11575,1.11595,15.60,0.30
2008.01.08 19:15:24.728,1.11575,1.11595,15.60,0.30
2008.01.08 19:15:24.907,1.11575,1.11595,15.90,0.30
2008.01.08 19:15:25.085,1.11575,1.11595,15.90,0.30
2008.01.08 19:15:25.390,1.11575,1.11595,15.90,0.30
2008.01.08 19:15:25.711,1.11575,1.11595,15.90,0.30
2008.01.08 19:15:26.227,1.11575,1.11595,15.90,0.30
2008.01.08 19:15:27.304,1.11575,1.11595,15.90,0.30
2008.01.08 19:15:27.489,1.11575,1.11595,15.90,0.30
2008.01.08 19:15:28.349,1.11575,1.11595,15.60,0.30
2008.01.08 19:15:29.216,1.11575,1.11595,15.60,0.30
2008.01.08 19:15:29.456,1.11575,1.11595,15.60,0.30
2008.01.08 19:15:29.955,1.11575,1.11595,17.40,0.30
2008.01.08 19:15:30.198,1.11575,1.11595,20.60,0.30
2008.01.08 19:15:30.514,1.11575,1.11595,20.60,0.30
2008.01.08 19:15:30.827,1.11575,1.11595,20.60,0.30
2008.01.08 19:15:31.141,1.11575,1.11595,20.60,0.30
2008.01.08 19:15:31.454,1.11575,1.11595,20.60,0.30
2008.01.08 19:15:31.702,1.11575,1.116,20.80,0.30
2008.01.08 19:15:31.951,1.11585,1.116,2.50,0.30
2008.01.08 19:15:32.199,1.11585,1.116,3.60,0.30
2008.01.08 19:15:32.448,1.11585,1.116,7.60,0.30
2008.01.08 19:15:32.631,1.11585,1.116,7.60,0.30
2008.01.08 19:15:32.815,1.1158,1.11595,2.40,0.30
2008.01.08 19:15:32.998,1.11585,1.11595,0.20,0.30
2008.01.08 19:15:33.212,1.11585,1.11595,0.20,0.30
2008.01.08 19:15:33.409,1.11585,1.11595,0.20,0.30
2008.01.08 19:15:33.922,1.11585,1.11595,0.20,0.30
2008.01.08 19:15:34.105,1.11575,1.11595,20.80,0.30
2008.01.08 19:15:34.289,1.1158,1.116,0.80,0.30
2008.01.08 19:15:34.527,1.1158,1.116,0.80,0.30
2008.01.08 19:15:34.766,1.1158,1.116,0.80,0.30
2008.01.08 19:15:35.010,1.1158,1.116,0.80,0.30
2008.01.08 19:15:35.249,1.1158,1.116,0.80,0.30
2008.01.08 19:15:35.488,1.1158,1.116,0.80,0.30
2008.01.08 19:15:36.076,1.1158,1.116,0.80,0.30
2008.01.08 19:15:36.932,1.1158,1.116,0.80,0.30
2008.01.08 19:15:37.430,1.1158,1.116,0.80,0.30
2008.01.08 19:15:37.583,1.1158,1.116,0.80,0.30
2008.01.08 19:15:37.721,1.1158,1.116,0.80,0.30
2008.01.08 19:15:37.860,1.1158,1.11595,0.80,0.30
2008.01.08 19:15:37.999,1.11575,1.11595,19.10,0.30
2008.01.08 19:15:38.137,1.11575,1.11595,19.10,0.30
2008.01.08 19:15:38.276,1.11575,1.11595,19.90,0.30
2008.01.08 19:15:38.416,1.11575,1.11595,19.90,0.30
2008.01.08 19:15:38.554,1.11575,1.11595,25.50,0.30
2008.01.08 19:15:38.887,1.11575,1.11595,25.50,0.30
2008.01.08 19:15:39.234,1.11575,1.11595,26.40,0.30
2008.01.08 19:15:39.567,1.11585,1.11595,0.40,0.30
2008.01.08 19:15:39.910,1.11585,1.11595,0.60,0.30
2008.01.08 19:15:40.153,1.11585,1.11595,0.50,0.30
2008.01.08 19:15:40.395,1.11585,1.11595,0.20,0.30
2008.01.08 19:15:40.850,1.1158,1.11595,4.00,0.30
2008.01.08 19:15:41.029,1.1158,1.11595,3.20,0.30
2008.01.08 19:15:41.220,1.1158,1.11595,3.20,0.30
2008.01.08 19:15:42.749,1.1158,1.116,3.20,0.60
2008.01.08 19:15:43.191,1.11575,1.11595,26.40,0.30
2008.01.08 19:15:44.251,1.11575,1.11595,26.40,0.30
2008.01.08 19:15:44.562,1.11575,1.11595,26.40,0.30
2008.01.08 19:15:44.883,1.11575,1.11595,24.80,0.30
2008.01.08 19:15:45.037,1.11575,1.11595,20.60,0.30
2008.01.08 19:15:45.463,1.11575,1.11595,20.60,0.30
2008.01.08 19:15:45.629,1.11575,1.11595,19.10,0.30
2008.01.08 19:15:45.965,1.11575,1.11595,18.90,0.30
2008.01.08 19:15:47.445,1.11575,1.11595,15.70,0.30
2008.01.08 19:15:48.868,1.11575,1.11595,16.00,0.30
2008.01.08 19:15:49.010,1.11575,1.11595,19.20,0.30
2008.01.08 19:15:49.134,1.11575,1.11595,20.60,0.30
2008.01.08 19:15:49.262,1.11575,1.11595,20.60,0.30
2008.01.08 19:15:49.399,1.11575,1.11595,26.40,0.30
2008.01.08 19:15:49.523,1.11575,1.11595,26.40,0.30
2008.01.08 19:15:49.646,1.11585,1.11595,0.40,0.30
2008.01.08 19:15:49.769,1.11585,1.11595,0.40,0.30
2008.01.08 19:15:50.123,1.11585,1.11595,0.40,0.30
2008.01.08 19:15:50.456,1.11585,1.11595,0.40,0.30
2008.01.08 19:15:51.164,1.11585,1.11595,0.40,0.30
2008.01.08 19:15:52.446,1.11575,1.11595,20.60,0.30
2008.01.08 19:15:52.660,1.11575,1.11595,20.60,0.30
2008.01.08 19:15:52.874,1.11575,1.11595,20.60,0.30
2008.01.08 19:15:53.812,1.11575,1.11595,20.40,0.30
2008.01.08 19:15:53.981,1.11575,1.11595,20.40,0.30
2008.01.08 19:15:54.255,1.11575,1.11595,20.40,0.30
2008.01.08 19:15:54.438,1.11575,1.11595,18.90,0.30
2008.01.08 19:15:54.622,1.11575,1.11595,15.70,0.30
2008.01.08 19:15:55.167,1.11575,1.11595,18.90,0.30
2008.01.08 19:15:55.606,1.11575,1.11595,18.90,0.30
2008.01.08 19:15:55.885,1.11575,1.11595,20.40,0.30
2008.01.08 19:15:56.013,1.11575,1.11595,20.40,0.30
2008.01.08 19:15:56.206,1.11575,1.11595,20.40,0.30
2008.01.08 19:15:56.424,1.11575,1.11595,18.90,0.30
2008.01.08 19:15:56.552,1.11575,1.11595,18.90,0.30
2008.01.08 19:15:59.277,1.11575,1.11595,18.90,0.30
2008.01.08 19:16:00.247,1.11575,1.11595,20.40,0.30
2008.01.08 19:16:00.583,1.11575,1.11595,20.40,0.30
2008.01.08 19:16:00.915,1.11575,1.11595,15.70,0.30
2008.01.08 19:16:03.500,1.11575,1.11595,15.70,0.30
2008.01.08 19:16:03.916,1.11575,1.11595,15.70,0.30
2008.01.08 19:16:04.284,1.11575,1.11595,15.70,0.30
2008.01.08 19:16:04.521,1.11575,1.11595,15.50,0.30
2008.01.08 19:16:04.759,1.11575,1.11595,15.50,0.30
2008.01.08 19:16:04.997,1.11575,1.11595,15.50,0.30
2008.01.08 19:16:05.235,1.11575,1.11595,15.90,0.30
2008.01.08 19:16:05.492,1.11575,1.11595,15.90,0.30
2008.01.08 19:16:05.987,1.11575,1.11595,15.90,0.30
2008.01.08 19:16:06.234,1.11575,1.11595,15.50,0.30
2008.01.08 19:16:09.294,1.1158,1.116,15.50,18.40
2008.01.08 19:16:11.303,1.1158,1.116,15.50,18.40
2008.01.08 19:16:12.186,1.1158,1.116,15.50,18.40
2008.01.08 19:16:12.294,1.1159,1.116,0.40,18.40
2008.01.08 19:16:13.124,1.1159,1.116,0.40,17.60
2008.01.08 19:16:13.287,1.1159,1.116,0.40,16.80
2008.01.08 19:16:13.856,1.1158,1.116,13.40,16.80
2008.01.08 19:16:13.950,1.1158,1.116,13.40,16.80
2008.01.08 19:16:14.043,1.1158,1.116,12.80,19.20
2008.01.08 19:16:14.137,1.11575,1.1159,12.80,0.30
2008.01.08 19:16:14.264,1.11575,1.1159,12.80,0.30
2008.01.08 19:16:14.357,1.11575,1.1159,10.60,0.30
2008.01.08 19:16:14.454,1.11575,1.1159,8.50,0.30
2008.01.08 19:16:14.553,1.11575,1.1159,8.60,0.30
2008.01.08 19:16:14.647,1.11575,1.11595,11.00,8.20
2008.01.08 19:16:14.979,1.11575,1.11595,12.50,8.20
2008.01.08 19:16:15.312,1.11575,1.11595,14.90,0.30
2008.01.08 19:16:15.645,1.11575,1.11595,18.10,0.30
2008.01.08 19:16:15.999,1.11575,1.11595,19.70,0.30
2008.01.08 19:16:16.158,1.11575,1.11595,20.40,0.30
2008.01.08 19:16:17.088,1.11575,1.11595,20.40,0.30
2008.01.08 19:16:17.376,1.11575,1.11595,20.40,0.30
2008.01.08 19:16:18.012,1.11575,1.11595,20.50,0.30
2008.01.08 19:16:18.257,1.11575,1.11595,20.50,0.30
2008.01.08 19:16:18.865,1.11575,1.1159,20.50,0.30
2008.01.08 19:16:18.951,1.11575,1.1159,20.50,0.30
2008.01.08 19:16:19.039,1.11575,1.1159,19.70,0.30
2008.01.08 19:16:19.127,1.11575,1.1159,19.60,0.30
2008.01.08 19:16:19.216,1.11575,1.1159,19.60,0.30
2008.01.08 19:16:20.973,1.11575,1.1159,16.40,0.30
2008.01.08 19:16:21.049,1.11585,1.116,2.40,0.30
2008.01.08 19:16:21.128,1.11585,1.116,2.40,0.30
2008.01.08 19:16:21.206,1.11585,1.11595,2.40,0.30
2008.01.08 19:16:21.285,1.11575,1.11595,24.40,0.30
2008.01.08 19:16:21.375,1.11575,1.11595,20.40,0.30
2008.01.08 19:16:21.541,1.11575,1.11595,20.70,0.30
2008.01.08 19:16:21.619,1.11575,1.11595,20.70,0.30
2008.01.08 19:16:21.981,1.11575,1.11595,20.70,0.30
2008.01.08 19:16:22.070,1.11575,1.116,20.90,0.30
2008.01.08 19:16:22.405,1.1158,1.116,0.80,0.30
2008.01.08 19:16:22.737,1.1158,1.116,0.80,0.30
2008.01.08 19:16:23.070,1.1158,1.116,0.80,0.30
2008.01.08 19:16:23.220,1.1158,1.116,0.80,0.30
2008.01.08 19:16:24.318,1.1158,1.116,0.80,0.30
2008.01.08 19:16:26.423,1.1158,1.116,0.80,0.30
2008.01.08 19:16:28.572,1.1158,1.116,0.80,0.30
2008.01.08 19:16:29.317,1.1158,1.116,0.80,0.30
2008.01.08 19:16:30.023,1.1158,1.116,0.80,0.30
2008.01.08 19:16:30.274,1.1158,1.116,0.80,0.30
2008.01.08 19:16:30.562,1.1158,1.116,0.80,0.30
2008.01.08 19:16:30.989,1.1158,1.116,0.80,0.30
2008.01.08 19:16:31.480,1.1158,1.116,0.80,0.30
2008.01.08 19:16:33.455,1.1158,1.116,0.80,0.30
2008.01.08 19:16:34.006,1.11575,1.116,25.50,0.30
2008.01.08 19:16:34.349,1.11575,1.116,25.50,0.30
2008.01.08 19:16:34.770,1.11575,1.116,25.50,0.30
2008.01.08 19:16:36.508,1.1158,1.116,0.80,0.30
2008.01.08 19:16:39.288,1.1158,1.11595,1.00,0.30
2008.01.08 19:16:39.471,1.11585,1.11595,0.80,0.30
2008.01.08 19:16:39.655,1.11585,1.11595,0.80,0.30
2008.01.08 19:16:39.855,1.11585,1.116,0.80,0.30
2008.01.08 19:16:40.038,1.1158,1.116,0.80,0.30
2008.01.08 19:16:40.221,1.1158,1.116,0.80,0.30
2008.01.08 19:16:41.521,1.1158,1.116,0.80,0.30
2008.01.08 19:16:44.348,1.1158,1.116,0.80,0.30
2008.01.08 19:16:46.528,1.1158,1.116,0.80,0.30
2008.01.08 19:16:49.277,1.1158,1.11595,1.00,0.30
2008.01.08 19:16:49.386,1.11585,1.11595,0.80,0.30
2008.01.08 19:16:49.494,1.11585,1.11595,0.80,0.30
2008.01.08 19:16:49.900,1.1158,1.11595,1.00,0.30
2008.01.08 19:16:50.089,1.1158,1.116,0.80,0.30
2008.01.08 19:16:50.529,1.1158,1.116,0.80,0.30
2008.01.08 19:16:51.560,1.1158,1.116,0.80,0.30
2008.01.08 19:16:54.382,1.1158,1.116,0.80,0.30
2008.01.08 19:16:55.736,1.1158,1.116,0.80,0.30
2008.01.08 19:16:55.890,1.1158,1.116,0.80,0.30
2008.01.08 19:16:56.063,1.1158,1.11595,0.80,0.30
2008.01.08 19:16:56.199,1.11575,1.11595,11.70,0.30
2008.01.08 19:16:56.402,1.11575,1.11595,11.20,0.30
2008.01.08 19:16:56.605,1.11575,1.11595,8.80,0.30
2008.01.08 19:16:56.808,1.11575,1.11595,8.80,0.30
2008.01.08 19:16:57.281,1.11575,1.11595,8.80,0.30
2008.01.08 19:16:59.382,1.11575,1.11595,8.80,0.30
2008.01.08 19:16:59.716,1.11575,1.11595,9.10,0.30
2008.01.08 19:16:59.814,1.11575,1.11595,9.30,0.30
2008.01.08 19:17:00.019,1.11575,1.11595,9.30,0.30
2008.01.08 19:17:00.124,1.11575,1.11595,10.90,0.30
2008.01.08 19:17:00.223,1.11575,1.11595,10.90,0.30
2008.01.08 19:17:00.247,1.11575,1.11595,13.30,0.30
2008.01.08 19:17:00.976,1.11575,1.11595,13.50,0.30
2008.01.08 19:17:01.637,1.11575,1.11595,13.50,0.30
2008.01.08 19:17:04.380,1.11575,1.11595,13.50,0.30
2008.01.08 19:17:06.695,1.11575,1.11595,13.50,0.30
2008.01.08 19:17:06.769,1.11575,1.11595,13.50,0.30
2008.01.08 19:17:06.823,1.11575,1.11595,13.90,0.30
2008.01.08 19:17:06.885,1.11575,1.11595,14.00,0.30
2008.01.08 19:17:06.973,1.11575,1.11595,17.20,0.30
2008.01.08 19:17:07.206,1.11575,1.11595,16.70,0.30
2008.01.08 19:17:07.537,1.11575,1.11595,16.70,0.30
2008.01.08 19:17:07.870,1.11575,1.11595,13.50,0.30
2008.01.08 19:17:09.405,1.11575,1.11595,13.50,0.30
2008.01.08 19:17:10.649,1.11575,1.11595,13.50,0.30
2008.01.08 19:17:11.717,1.11575,1.11595,13.50,0.30
2008.01.08 19:17:14.400,1.11575,1.11595,13.50,0.30
2008.01.08 19:17:16.106,1.1157,1.11595,17.70,0.30
2008.01.08 19:17:16.720,1.11575,1.11595,13.50,0.30
2008.01.08 19:17:19.425,1.11575,1.11595,13.50,0.30
2008.01.08 19:17:21.757,1.11575,1.11595,13.50,0.30
2008.01.08 19:17:24.437,1.11575,1.11595,13.50,0.30
2008.01.08 19:17:26.809,1.1158,1.116,13.50,20.80
2008.01.08 19:17:28.235,1.1158,1.116,13.50,20.80
2008.01.08 19:17:29.432,1.1158,1.116,13.50,20.80
2008.01.08 19:17:31.857,1.1158,1.116,7.10,7.20
2008.01.08 19:17:33.440,1.1158,1.116,7.10,7.20
2008.01.08 19:17:33.748,1.1158,1.116,6.50,7.20
2008.01.08 19:17:33.949,1.1158,1.116,6.50,7.20
2008.01.08 19:17:34.148,1.1158,1.116,11.30,22.40
2008.01.08 19:17:34.282,1.1158,1.116,11.30,22.40
2008.01.08 19:17:34.415,1.1158,1.116,8.90,24.80
2008.01.08 19:17:34.547,1.1158,1.116,8.90,24.80
2008.01.08 19:17:35.193,1.1158,1.116,9.10,24.80
2008.01.08 19:17:36.317,1.1158,1.116,9.10,24.80
2008.01.08 19:17:36.411,1.1158,1.116,9.30,24.80
2008.01.08 19:17:36.851,1.1158,1.116,9.30,24.80
2008.01.08 19:17:38.825,1.1158,1.116,9.50,24.80
2008.01.08 19:17:39.440,1.1158,1.116,9.50,24.80
2008.01.08 19:17:41.924,1.1158,1.116,9.50,24.80
2008.01.08 19:17:43.551,1.1158,1.116,9.50,24.80
2008.01.08 19:17:44.464,1.1158,1.116,9.50,24.80
2008.01.08 19:17:46.961,1.1158,1.116,9.50,24.80
2008.01.08 19:17:47.181,1.1158,1.116,9.50,0.60
2008.01.08 19:17:49.465,1.1158,1.116,9.50,0.70
2008.01.08 19:17:51.512,1.1158,1.116,9.50,0.90
2008.01.08 19:17:51.818,1.1158,1.11605,9.50,28.80
2008.01.08 19:17:52.007,1.1158,1.116,9.50,0.50
2008.01.08 19:17:52.213,1.1158,1.116,9.50,0.90
2008.01.08 19:17:54.465,1.1158,1.11605,9.50,28.80
2008.01.08 19:17:54.986,1.1158,1.116,9.50,0.60
2008.01.08 19:17:56.036,1.1158,1.116,9.50,0.70
2008.01.08 19:17:56.228,1.1158,1.11605,9.50,28.80
2008.01.08 19:17:56.326,1.1158,1.11605,9.50,28.80
2008.01.08 19:17:57.033,1.1158,1.11605,9.50,28.80
2008.01.08 19:17:59.488,1.1158,1.116,9.50,0.50
2008.01.08 19:18:02.086,1.1158,1.11605,9.50,28.80
2008.01.08 19:18:03.760,1.1158,1.1159,9.50,0.80
2008.01.08 19:18:03.775,1.1158,1.11595,9.50,2.40
2008.01.08 19:18:03.846,1.1158,1.11595,8.80,5.20
2008.01.08 19:18:03.893,1.11575,1.11595,8.80,5.70
2008.01.08 19:18:03.942,1.11575,1.11595,8.80,5.70
2008.01.08 19:18:03.957,1.11575,1.11595,8.80,5.70
2008.01.08 19:18:04.039,1.11575,1.1159,8.00,0.60
2008.01.08 19:18:04.243,1.11575,1.1159,8.00,0.60
2008.01.08 19:18:04.256,1.11575,1.1159,8.00,0.90
2008.01.08 19:18:04.481,1.11575,1.11595,8.00,13.70
2008.01.08 19:18:04.776,1.11575,1.11595,8.00,13.70
2008.01.08 19:18:04.995,1.11575,1.11595,8.00,17.70
2008.01.08 19:18:05.233,1.11575,1.1159,6.40,0.60
2008.01.08 19:18:05.471,1.11575,1.11595,6.40,19.30
2008.01.08 19:18:07.086,1.11575,1.11595,6.40,19.30
2008.01.08 19:18:09.495,1.11575,1.11595,6.40,19.30
2008.01.08 19:18:12.123,1.11575,1.11595,6.40,19.30
2008.01.08 19:18:14.529,1.11575,1.1159,6.40,1.00
2008.01.08 19:18:16.011,1.11575,1.1159,6.40,1.00
2008.01.08 19:18:17.141,1.11575,1.1159,6.40,1.00
2008.01.08 19:18:19.527,1.11575,1.1159,6.40,1.00
2008.01.08 19:18:20.952,1.11575,1.1159,6.40,1.00
2008.01.08 19:18:21.227,1.11575,1.1159,6.40,1.00
2008.01.08 19:18:22.191,1.11575,1.1159,6.40,1.00
2008.01.08 19:18:22.256,1.1157,1.1159,7.20,1.00
2008.01.08 19:18:23.492,1.11575,1.1159,3.20,1.00
2008.01.08 19:18:24.519,1.1157,1.1159,7.20,1.00
2008.01.08 19:18:25.259,1.1157,1.1159,7.20,1.00
2008.01.08 19:18:25.967,1.1157,1.1159,7.20,1.00
2008.01.08 19:18:26.247,1.1157,1.1159,0.80,0.30
2008.01.08 19:18:26.528,1.11565,1.1159,25.00,0.30
2008.01.08 19:18:26.712,1.11565,1.11585,24.00,0.30
2008.01.08 19:18:26.886,1.1157,1.11585,0.80,0.30
2008.01.08 19:18:27.060,1.11565,1.11585,1.90,0.30
2008.01.08 19:18:27.235,1.11565,1.11585,3.00,0.30
2008.01.08 19:18:27.768,1.1156,1.11585,17.00,0.30
2008.01.08 19:18:28.259,1.11565,1.11585,7.10,0.30
2008.01.08 19:18:28.555,1.1156,1.11585,17.00,0.30
2008.01.08 19:18:28.744,1.1156,1.11585,17.00,0.30
2008.01.08 19:18:28.932,1.1156,1.11585,17.00,0.30
2008.01.08 19:18:29.555,1.1156,1.11585,17.00,0.30
2008.01.08 19:18:31.051,1.11565,1.11585,7.20,0.30
2008.01.08 19:18:31.245,1.1156,1.11585,17.00,0.30
2008.01.08 19:18:31.562,1.1156,1.11585,17.00,0.30
2008.01.08 19:18:32.252,1.1156,1.11585,17.00,0.30
2008.01.08 19:18:34.537,1.1156,1.11585,17.00,0.30
2008.01.08 19:18:36.283,1.1156,1.11585,17.00,0.30
2008.01.08 19:18:37.234,1.1156,1.11585,17.00,0.30
2008.01.08 19:18:38.005,1.1156,1.11585,17.00,0.30
2008.01.08 19:18:38.194,1.1156,1.1159,17.20,1.00
2008.01.08 19:18:38.383,1.1157,1.1159,3.20,0.30
2008.01.08 19:18:38.577,1.1157,1.1159,3.20,0.30
2008.01.08 19:18:38.765,1.1157,1.11595,8.30,1.80
2008.01.08 19:18:38.959,1.11575,1.11595,2.40,1.80
2008.01.08 19:18:39.083,1.11575,1.11595,2.00,0.30
2008.01.08 19:18:39.275,1.1157,1.11595,13.10,0.30
2008.01.08 19:18:39.544,1.1157,1.11595,13.10,0.30
2008.01.08 19:18:39.660,1.1157,1.11595,13.10,0.30
2008.01.08 19:18:39.893,1.11575,1.11595,3.20,0.30
2008.01.08 19:18:40.126,1.1157,1.11595,11.40,0.30
2008.01.08 19:18:40.361,1.11565,1.1159,25.00,0.30
2008.01.08 19:18:40.759,1.11565,1.1159,25.00,0.30
2008.01.08 19:18:40.911,1.1157,1.1159,4.60,0.30
2008.01.08 19:18:41.049,1.11575,1.1159,0.60,0.30
2008.01.08 19:18:41.285,1.1157,1.1159,4.60,0.30
2008.01.08 19:18:42.312,1.1157,1.1159,4.60,0.30
2008.01.08 19:18:42.975,1.1157,1.1159,4.50,0.30
2008.01.08 19:18:43.205,1.11575,1.1159,1.40,0.30
2008.01.08 19:18:43.362,1.1157,1.1159,7.10,0.30
2008.01.08 19:18:43.535,1.11575,1.1159,2.30,0.30
2008.01.08 19:18:43.708,1.11575,1.11595,1.00,0.30
2008.01.08 19:18:43.881,1.1157,1.11595,13.80,0.30
2008.01.08 19:18:44.055,1.1157,1.11595,13.80,0.30
2008.01.08 19:18:44.477,1.11575,1.11595,2.60,0.30
2008.01.08 19:18:45.311,1.11575,1.11595,0.80,0.30
2008.01.08 19:18:45.320,1.11575,1.11595,0.50,0.30
2008.01.08 19:18:46.262,1.11575,1.11595,0.80,0.30
2008.01.08 19:18:46.475,1.1157,1.116,13.80,0.60
2008.01.08 19:18:46.689,1.1157,1.116,13.90,0.60
2008.01.08 19:18:47.332,1.1157,1.116,13.90,0.60
2008.01.08 19:18:49.592,1.11575,1.11595,9.70,0.30
2008.01.08 19:18:51.815,1.11575,1.116,8.80,0.60
2008.01.08 19:18:51.994,1.11575,1.11595,8.80,0.30
2008.01.08 19:18:52.172,1.11575,1.11595,6.40,0.60
2008.01.08 19:18:52.360,1.1157,1.11595,4.00,0.60
2008.01.08 19:18:52.743,1.1157,1.1159,4.00,0.30
2008.01.08 19:18:52.949,1.1157,1.11595,4.00,0.60
2008.01.08 19:18:53.139,1.1157,1.1159,4.00,0.30
2008.01.08 19:18:53.538,1.1157,1.11595,4.00,0.60
2008.01.08 19:18:54.262,1.1157,1.11595,4.00,0.60
2008.01.08 19:18:54.570,1.1157,1.1159,4.00,0.30
2008.01.08 19:18:54.779,1.1157,1.1159,0.80,0.30
2008.01.08 19:18:55.307,1.1157,1.11595,0.80,0.60
2008.01.08 19:18:55.580,1.1157,1.11595,0.80,0.60
2008.01.08 19:18:55.854,1.1157,1.11595,0.80,0.60
2008.01.08 19:18:56.129,1.11575,1.1159,0.50,0.60
2008.01.08 19:18:56.402,1.11565,1.1159,16.00,1.30
2008.01.08 19:18:56.575,1.11565,1.1159,16.00,1.30
2008.01.08 19:18:56.749,1.11565,1.11585,16.00,0.30
2008.01.08 19:18:56.922,1.11565,1.11585,16.00,0.30
2008.01.08 19:18:57.096,1.11565,1.1159,16.00,1.30
2008.01.08 19:18:57.279,1.11565,1.1159,16.00,1.30
2008.01.08 19:18:57.737,1.11565,1.1159,16.00,1.30
2008.01.08 19:18:57.904,1.11565,1.1159,16.00,1.30
2008.01.08 19:18:58.044,1.11565,1.1159,16.00,1.30
2008.01.08 19:18:58.201,1.11565,1.1159,16.00,1.30
2008.01.08 19:18:58.339,1.11565,1.1159,16.00,1.30
2008.01.08 19:18:58.587,1.11565,1.1159,16.00,1.30
2008.01.08 19:18:58.821,1.11575,1.1159,0.50,1.30
2008.01.08 19:18:59.054,1.11565,1.1159,16.00,0.60
2008.01.08 19:18:59.289,1.11575,1.1159,2.40,0.30
2008.01.08 19:18:59.512,1.11575,1.11595,2.40,14.10
2008.01.08 19:18:59.767,1.11575,1.1159,6.40,0.30
2008.01.08 19:19:00.713,1.11575,1.11595,6.40,14.10
2008.01.08 19:19:01.749,1.11575,1.1159,6.40,0.30
2008.01.08 19:19:02.448,1.11575,1.11595,6.40,14.10
2008.01.08 19:19:02.716,1.11575,1.11595,6.40,14.80
2008.01.08 19:19:02.933,1.11575,1.1159,6.40,0.30
2008.01.08 19:19:03.151,1.11575,1.11595,6.40,15.60
2008.01.08 19:19:03.370,1.11575,1.11595,6.40,15.60
2008.01.08 19:19:04.378,1.11575,1.11595,6.40,15.10
2008.01.08 19:19:04.652,1.11575,1.11595,6.40,14.30
2008.01.08 19:19:05.115,1.11575,1.11595,6.40,14.10
2008.01.08 19:19:05.286,1.11575,1.11595,6.40,14.10
2008.01.08 19:19:06.720,1.11575,1.11595,6.40,14.10
2008.01.08 19:19:07.476,1.11575,1.11595,6.40,14.10
2008.01.08 19:19:09.602,1.11575,1.1159,6.40,0.30
2008.01.08 19:19:10.028,1.11575,1.1159,6.40,0.30
2008.01.08 19:19:12.531,1.11575,1.11595,6.40,14.10
2008.01.08 19:19:13.663,1.11575,1.11585,6.40,0.30
2008.01.08 19:19:13.948,1.11565,1.11585,16.80,0.30
2008.01.08 19:19:14.250,1.11565,1.11585,16.80,0.30
2008.01.08 19:19:14.557,1.11565,1.11585,16.80,0.30
2008.01.08 19:19:14.839,1.11565,1.11585,12.80,0.30
2008.01.08 19:19:15.255,1.11565,1.11585,12.80,0.30
2008.01.08 19:19:15.984,1.11565,1.11585,16.00,0.30
2008.01.08 19:19:17.529,1.11565,1.11585,16.00,0.30
2008.01.08 19:19:19.636,1.11565,1.11585,16.00,0.30
2008.01.08 19:19:19.878,1.11565,1.1159,16.20,0.30
2008.01.08 19:19:20.012,1.1157,1.1159,0.80,0.30
2008.01.08 19:19:20.145,1.11575,1.1159,1.60,0.30
2008.01.08 19:19:20.278,1.11575,1.1159,4.00,0.30
2008.01.08 19:19:20.522,1.11575,1.1159,4.00,0.30
2008.01.08 19:19:20.816,1.11575,1.1159,8.00,0.30
2008.01.08 19:19:21.074,1.11575,1.1159,8.00,0.30
2008.01.08 19:19:21.318,1.11575,1.1159,8.00,0.30
2008.01.08 19:19:21.506,1.11575,1.1159,8.10,0.30
2008.01.08 19:19:21.696,1.11575,1.1159,8.10,0.30
2008.01.08 19:19:22.558,1.11575,1.1159,8.10,0.30
2008.01.08 19:19:24.387,1.1157,1.1159,8.90,0.30
2008.01.08 19:19:24.642,1.11575,1.1159,0.60,0.30
2008.01.08 19:19:27.592,1.11575,1.1159,1.80,0.30
2008.01.08 19:19:29.639,1.1157,1.1159,8.90,0.30
2008.01.08 19:19:31.769,1.11575,1.1159,1.40,0.30
2008.01.08 19:19:31.974,1.1157,1.1159,9.20,0.30
2008.01.08 19:19:32.487,1.11575,1.1159,0.90,0.30
2008.01.08 19:19:34.653,1.11575,1.1159,1.90,0.30
2008.01.08 19:19:35.180,1.1157,1.1159,9.20,0.30
2008.01.08 19:19:35.438,1.1157,1.1159,9.20,0.30
2008.01.08 19:19:35.712,1.11575,1.11595,2.70,8.20
2008.01.08 19:19:35.955,1.1157,1.11595,13.40,0.30
2008.01.08 19:19:36.233,1.11575,1.11595,1.90,0.30
2008.01.08 19:19:36.736,1.1157,1.11595,13.40,0.30
2008.01.08 19:19:36.869,1.11575,1.11595,3.80,0.30
2008.01.08 19:19:37.057,1.1157,1.11595,13.40,0.30
2008.01.08 19:19:37.649,1.1157,1.11595,13.40,0.30
2008.01.08 19:19:39.674,1.1157,1.11595,13.40,0.30
2008.01.08 19:19:42.670,1.11575,1.11595,4.00,0.30
2008.01.08 19:19:44.432,1.11575,1.11595,0.60,0.30
2008.01.08 19:19:44.697,1.1157,1.116,13.40,0.60
2008.01.08 19:19:47.724,1.11575,1.11595,0.70,0.30
2008.01.08 19:19:48.486,1.1157,1.116,13.40,0.60
2008.01.08 19:19:48.731,1.11575,1.116,0.70,0.30
2008.01.08 19:19:48.975,1.11575,1.11605,19.60,21.30
2008.01.08 19:19:49.221,1.1158,1.116,0.80,0.30
2008.01.08 19:19:49.365,1.11585,1.116,0.60,0.30
2008.01.08 19:19:49.677,1.1158,1.11605,4.80,21.30
2008.01.08 19:19:49.761,1.1158,1.11605,4.80,21.30
2008.01.08 19:19:49.906,1.11585,1.116,0.60,0.30
2008.01.08 19:19:52.716,1.11585,1.11605,4.00,21.30
2008.01.08 19:19:53.662,1.11585,1.116,4.00,0.30
2008.01.08 19:19:54.677,1.11585,1.11605,4.00,21.30
2008.01.08 19:19:57.772,1.11585,1.116,4.00,0.30
2008.01.08 19:19:59.706,1.11585,1.11605,4.00,21.30
2008.01.08 19:20:02.798,1.11585,1.11605,4.00,21.30
2008.01.08 19:20:04.718,1.11585,1.11605,4.00,21.30
2008.01.08 19:20:07.838,1.11585,1.116,4.00,0.30
2008.01.08 19:20:09.741,1.11585,1.11605,4.00,21.30
2008.01.08 19:20:12.002,1.11585,1.11605,4.00,21.30
2008.01.08 19:20:12.343,1.11585,1.116,4.00,0.30
2008.01.08 19:20:12.497,1.11585,1.116,4.00,0.30
2008.01.08 19:20:12.764,1.11585,1.11605,4.00,21.30
2008.01.08 19:20:13.014,1.11585,1.11605,4.00,21.30
2008.01.08 19:20:13.560,1.11585,1.116,4.00,0.30
2008.01.08 19:20:14.722,1.11585,1.116,4.00,0.30
2008.01.08 19:20:17.111,1.11585,1.116,4.00,0.30
2008.01.08 19:20:17.214,1.11585,1.116,4.00,0.30
2008.01.08 19:20:17.292,1.11585,1.116,4.00,0.30
2008.01.08 19:20:17.371,1.11585,1.116,4.00,0.30
2008.01.08 19:20:17.915,1.11585,1.116,4.00,0.30
2008.01.08 19:20:18.352,1.11585,1.116,4.00,0.30
2008.01.08 19:20:18.665,1.11585,1.116,4.00,0.30
2008.01.08 19:20:18.978,1.1159,1.116,4.00,16.00
2008.01.08 19:20:19.291,1.1159,1.116,4.00,16.00
2008.01.08 19:20:19.476,1.1158,1.116,13.00,4.00
2008.01.08 19:20:19.624,1.1158,1.116,13.50,4.00
2008.01.08 19:20:19.793,1.1158,1.116,17.50,4.00
2008.01.08 19:20:22.956,1.1158,1.116,17.50,4.00
2008.01.08 19:20:24.372,1.1159,1.116,0.60,4.00
2008.01.08 19:20:24.552,1.1159,1.116,0.60,4.00
2008.01.08 19:20:24.733,1.1159,1.116,0.60,4.00
2008.01.08 19:20:24.956,1.1159,1.116,0.60,4.00
2008.01.08 19:20:25.117,1.1159,1.116,2.20,2.40
2008.01.08 19:20:25.273,1.1159,1.116,2.20,2.40
2008.01.08 19:20:26.189,1.1159,1.116,2.20,2.40
2008.01.08 19:20:27.990,1.1159,1.116,2.20,2.40
2008.01.08 19:20:28.908,1.11585,1.11605,2.20,2.60
2008.01.08 19:20:28.981,1.11585,1.11605,2.40,2.60
2008.01.08 19:20:29.071,1.11585,1.11605,7.20,14.60
2008.01.08 19:20:29.182,1.11585,1.11605,7.20,10.60
2008.01.08 19:20:29.263,1.11585,1.11605,9.60,8.20
2008.01.08 19:20:29.335,1.11585,1.11605,9.60,0.30
2008.01.08 19:20:29.490,1.11585,1.11605,9.60,0.30
2008.01.08 19:20:29.580,1.11585,1.11605,9.60,0.30
2008.01.08 19:20:29.676,1.11585,1.11605,9.60,0.30
2008.01.08 19:20:29.775,1.11585,1.11605,9.60,0.30
2008.01.08 19:20:32.989,1.11585,1.11605,9.60,0.30
2008.01.08 19:20:33.568,1.11585,1.1161,9.80,0.30
2008.01.08 19:20:33.782,1.1159,1.1161,0.80,0.30
2008.01.08 19:20:34.015,1.1159,1.1161,0.80,0.30
2008.01.08 19:20:34.230,1.1159,1.1161,0.80,0.30
2008.01.08 19:20:34.443,1.11595,1.1161,4.00,0.30
2008.01.08 19:20:34.754,1.11595,1.1161,4.00,0.30
2008.01.08 19:20:38.030,1.11595,1.1161,4.00,0.30
2008.01.08 19:20:39.753,1.11595,1.1161,4.00,0.30
2008.01.08 19:20:40.863,1.11595,1.1161,4.00,0.30
2008.01.08 19:20:40.970,1.11595,1.1161,4.00,0.30
2008.01.08 19:20:43.076,1.11595,1.1161,4.00,0.30
2008.01.08 19:20:43.654,1.11595,1.1161,4.00,0.30
2008.01.08 19:20:44.794,1.11595,1.1161,4.00,0.30
2008.01.08 19:20:45.784,1.11595,1.1161,4.00,0.30
2008.01.08 19:20:46.123,1.11595,1.1161,4.00,0.30
2008.01.08 19:20:46.267,1.11585,1.11605,20.90,0.30
2008.01.08 19:20:46.411,1.11585,1.11605,17.70,0.30
2008.01.08 19:20:46.555,1.11585,1.11605,17.70,0.30
2008.01.08 19:20:46.713,1.11585,1.11605,17.70,0.30
2008.01.08 19:20:46.902,1.11585,1.11605,13.70,0.30
2008.01.08 19:20:47.049,1.11585,1.11605,13.90,0.30
2008.01.08 19:20:47.176,1.11585,1.11605,13.40,0.30
2008.01.08 19:20:47.305,1.11585,1.11605,13.40,0.30
2008.01.08 19:20:47.575,1.11585,1.11605,13.40,0.30
2008.01.08 19:20:48.096,1.11585,1.11605,13.40,0.30
2008.01.08 19:20:49.176,1.11585,1.11605,11.80,8.20
2008.01.08 19:20:49.366,1.11585,1.11605,9.40,8.20
2008.01.08 19:20:49.554,1.11585,1.11605,9.40,8.20
2008.01.08 19:20:49.743,1.11585,1.11605,13.40,8.20
2008.01.08 19:20:49.931,1.11585,1.11605,13.40,8.20
2008.01.08 19:20:50.214,1.11585,1.11605,11.80,8.20
2008.01.08 19:20:50.458,1.11585,1.11605,9.40,8.20
2008.01.08 19:20:52.093,1.11585,1.11605,9.40,8.20
2008.01.08 19:20:52.297,1.11585,1.11605,9.40,8.20
2008.01.08 19:20:53.019,1.11585,1.11605,9.20,8.20
2008.01.08 19:20:53.232,1.11585,1.11605,9.20,8.20
2008.01.08 19:20:54.316,1.11585,1.11605,9.20,8.20
2008.01.08 19:20:54.786,1.11585,1.11605,9.20,8.20
2008.01.08 19:20:58.173,1.11585,1.11605,9.20,8.20
2008.01.08 19:20:59.807,1.11585,1.11605,9.20,8.20
2008.01.08 19:21:03.067,1.11585,1.11605,9.20,8.20
2008.01.08 19:21:03.156,1.11585,1.116,9.20,0.30
2008.01.08 19:21:03.246,1.11585,1.116,6.00,0.30
2008.01.08 19:21:03.334,1.11585,1.116,6.00,0.30
2008.01.08 19:21:03.817,1.11585,1.116,6.00,0.30
2008.01.08 19:21:04.823,1.11585,1.116,6.00,0.30
2008.01.08 19:21:05.239,1.11585,1.116,6.00,0.30
2008.01.08 19:21:05.739,1.11585,1.116,6.00,0.30
2008.01.08 19:21:06.268,1.11585,1.116,6.00,0.30
2008.01.08 19:21:08.229,1.11585,1.116,6.00,0.30
2008.01.08 19:21:09.247,1.11585,1.116,6.00,0.30
2008.01.08 19:21:09.484,1.11585,1.11605,6.00,14.60
2008.01.08 19:21:09.799,1.11585,1.11605,6.00,14.60
2008.01.08 19:21:10.342,1.11585,1.11605,6.00,14.60
2008.01.08 19:21:12.189,1.11585,1.11605,5.60,14.60
2008.01.08 19:21:12.437,1.11585,1.11605,5.60,15.40
2008.01.08 19:21:12.665,1.11585,1.11605,5.60,17.00
2008.01.08 19:21:13.235,1.11585,1.11605,5.60,17.00
2008.01.08 19:21:13.492,1.11585,1.11605,5.60,17.00
2008.01.08 19:21:13.751,1.11585,1.11605,5.60,17.00
2008.01.08 19:21:14.010,1.11585,1.11605,5.60,17.80
2008.01.08 19:21:14.270,1.11575,1.11595,11.60,0.30
2008.01.08 19:21:14.499,1.11575,1.11595,4.00,0.30
2008.01.08 19:21:14.740,1.11575,1.1159,4.00,0.30
2008.01.08 19:21:14.968,1.11565,1.1159,17.80,0.30
2008.01.08 19:21:15.197,1.11575,1.1159,0.40,0.30
2008.01.08 19:21:15.496,1.11565,1.1159,16.20,0.30
2008.01.08 19:21:15.795,1.1157,1.11595,1.00,8.20
2008.01.08 19:21:16.093,1.11575,1.11595,0.50,4.20
2008.01.08 19:21:16.391,1.11575,1.11595,1.20,0.30
2008.01.08 19:21:16.564,1.11575,1.11595,1.20,0.30
2008.01.08 19:21:16.793,1.11575,1.11595,1.20,0.30
2008.01.08 19:21:16.980,1.11575,1.11595,1.20,0.30
2008.01.08 19:21:17.209,1.11575,1.11595,4.40,0.30
2008.01.08 19:21:17.462,1.11575,1.11595,4.30,0.30
2008.01.08 19:21:17.706,1.11575,1.11595,4.10,0.30
2008.01.08 19:21:18.295,1.11575,1.11595,4.10,0.30
2008.01.08 19:21:18.564,1.11575,1.11595,0.90,0.30
2008.01.08 19:21:18.687,1.11575,1.1159,0.90,0.30
2008.01.08 19:21:18.811,1.11575,1.1159,0.80,0.30
2008.01.08 19:21:18.934,1.11575,1.1159,0.60,0.30
2008.01.08 19:21:19.058,1.11575,1.1159,0.60,0.30
2008.01.08 19:21:19.281,1.11575,1.1159,0.60,0.30
2008.01.08 19:21:19.565,1.11575,1.1159,0.60,0.30
2008.01.08 19:21:20.207,1.11575,1.1159,0.80,0.30
2008.01.08 19:21:20.528,1.11575,1.1159,0.80,0.30
2008.01.08 19:21:21.024,1.11575,1.1159,0.80,0.30
2008.01.08 19:21:21.232,1.11575,1.11595,3.20,14.60
2008.01.08 19:21:21.442,1.11575,1.11595,3.40,13.80
2008.01.08 19:21:21.849,1.11575,1.11595,7.40,13.80
2008.01.08 19:21:23.215,1.11575,1.11595,7.40,13.80
2008.01.08 19:21:23.301,1.11575,1.11595,7.40,13.80
2008.01.08 19:21:23.663,1.11575,1.11595,0.50,13.80
2008.01.08 19:21:24.866,1.11575,1.11595,1.00,13.80
2008.01.08 19:21:25.287,1.11575,1.11595,2.70,13.80
2008.01.08 19:21:25.487,1.1157,1.11595,8.40,13.80
2008.01.08 19:21:25.706,1.11575,1.11595,3.10,13.80
2008.01.08 19:21:25.800,1.11575,1.11595,2.90,13.80
2008.01.08 19:21:26.154,1.11575,1.11595,7.00,13.60
2008.01.08 19:21:26.470,1.1158,1.11605,5.00,36.20
2008.01.08 19:21:26.802,1.1157,1.116,13.60,0.30
2008.01.08 19:21:27.036,1.1157,1.116,17.40,0.30
2008.01.08 19:21:27.257,1.1158,1.11595,0.60,0.30
2008.01.08 19:21:27.476,1.11575,1.11595,14.40,0.30
2008.01.08 19:21:27.881,1.11575,1.11595,10.40,0.30
2008.01.08 19:21:28.326,1.1158,1.11595,0.70,0.30
2008.01.08 19:21:28.731,1.1158,1.11595,0.60,0.30
2008.01.08 19:21:28.991,1.1158,1.11595,0.90,0.30
2008.01.08 19:21:29.199,1.1158,1.11595,0.90,0.30
2008.01.08 19:21:29.409,1.1158,1.11595,0.50,0.30
2008.01.08 19:21:29.618,1.1158,1.11595,0.90,0.30
2008.01.08 19:21:29.850,1.11575,1.11595,13.90,0.30
2008.01.08 19:21:30.101,1.1158,1.11595,0.50,0.30
2008.01.08 19:21:30.802,1.11575,1.11595,13.40,0.30
2008.01.08 19:21:31.037,1.1158,1.11595,0.80,0.30
2008.01.08 19:21:31.544,1.11575,1.11595,13.40,0.30
2008.01.08 19:21:32.038,1.11575,1.11595,13.80,0.30
2008.01.08 19:21:32.242,1.11575,1.11595,13.40,0.30
2008.01.08 19:21:32.488,1.11575,1.11595,13.40,0.30
2008.01.08 19:21:33.013,1.11575,1.11595,13.40,0.30
2008.01.08 19:21:33.385,1.11575,1.11595,13.40,0.30
2008.01.08 19:21:33.659,1.11575,1.11595,11.00,0.30
2008.01.08 19:21:33.855,1.11575,1.11595,13.40,0.30
2008.01.08 19:21:34.054,1.1158,1.11595,0.70,0.30
2008.01.08 19:21:34.293,1.11575,1.11595,11.00,0.30
2008.01.08 19:21:34.530,1.1158,1.11595,0.70,0.30
2008.01.08 19:21:34.771,1.1158,1.11595,0.50,0.30
2008.01.08 19:21:35.010,1.11575,1.11595,17.00,0.30
2008.01.08 19:21:37.153,1.1158,1.11595,0.70,0.30
2008.01.08 19:21:37.416,1.11575,1.11595,17.90,0.30
2008.01.08 19:21:38.365,1.1158,1.11595,0.30,0.30
2008.01.08 19:21:38.416,1.11575,1.11595,17.90,0.30
2008.01.08 19:21:38.471,1.11575,1.11595,14.70,0.30
2008.01.08 19:21:38.987,1.11575,1.11595,14.50,0.30
2008.01.08 19:21:39.272,1.11575,1.11595,14.30,0.30
2008.01.08 19:21:39.862,1.11575,1.11595,14.30,0.30
2008.01.08 19:21:41.001,1.11575,1.11595,14.30,0.30
2008.01.08 19:21:41.524,1.11575,1.11595,14.30,0.30
2008.01.08 19:21:41.723,1.11575,1.11595,14.30,0.30
2008.01.08 19:21:41.838,1.11575,1.11595,13.70,0.30
2008.01.08 19:21:42.000,1.11575,1.11595,13.70,0.30
2008.01.08 19:21:42.114,1.1158,1.11595,0.30,0.30
2008.01.08 19:21:42.254,1.1158,1.11595,0.30,0.30
2008.01.08 19:21:42.472,1.11575,1.11595,13.70,0.30
2008.01.08 19:21:43.139,1.11575,1.11595,11.30,0.30
2008.01.08 19:21:43.368,1.1158,1.11595,0.30,0.30
2008.01.08 19:21:43.962,1.11575,1.11595,10.30,0.30
2008.01.08 19:21:44.135,1.11575,1.11595,10.30,0.30
2008.01.08 19:21:44.308,1.11575,1.11595,11.90,0.30
2008.01.08 19:21:44.482,1.11575,1.11595,11.90,0.30
2008.01.08 19:21:44.656,1.1158,1.11595,0.30,0.30
2008.01.08 19:21:44.880,1.11575,1.11595,14.30,0.30
2008.01.08 19:21:47.236,1.11575,1.11595,14.30,0.30
2008.01.08 19:21:47.713,1.11575,1.116,14.60,0.60
2008.01.08 19:21:48.498,1.11575,1.116,14.30,0.60
2008.01.08 19:21:49.876,1.1158,1.11595,0.30,0.30
2008.01.08 19:21:50.712,1.11575,1.116,14.30,0.60
2008.01.08 19:21:50.924,1.11575,1.116,14.30,0.60
2008.01.08 19:21:51.133,1.11575,1.116,9.80,0.60
2008.01.08 19:21:51.345,1.11575,1.116,9.80,0.60
2008.01.08 19:21:51.555,1.11575,1.116,9.80,0.60
2008.01.08 19:21:51.939,1.11575,1.116,10.30,0.60
2008.01.08 19:21:52.095,1.1158,1.11595,0.30,0.30
2008.01.08 19:21:52.282,1.1158,1.11595,0.30,0.30
2008.01.08 19:21:52.436,1.1158,1.11595,0.30,0.30
2008.01.08 19:21:52.589,1.11575,1.116,10.30,0.60
2008.01.08 19:21:52.860,1.1158,1.11595,0.30,0.30
2008.01.08 19:21:53.014,1.1158,1.116,0.30,0.60
2008.01.08 19:21:53.279,1.1158,1.116,0.30,0.60
2008.01.08 19:21:53.494,1.1158,1.116,0.30,0.60
2008.01.08 19:21:53.795,1.1158,1.11595,0.30,0.30
2008.01.08 19:21:54.005,1.1158,1.11595,0.30,0.30
2008.01.08 19:21:54.910,1.1158,1.116,0.30,0.60
2008.01.08 19:21:56.256,1.1158,1.11595,0.30,0.30
2008.01.08 19:21:57.025,1.1158,1.116,0.30,0.60
2008.01.08 19:21:57.184,1.1158,1.116,0.30,0.60
2008.01.08 19:21:57.343,1.1158,1.116,0.30,0.60
2008.01.08 19:21:57.817,1.1158,1.116,0.30,0.60
2008.01.08 19:21:58.567,1.1158,1.11595,0.30,0.30
2008.01.08 19:21:59.188,1.1158,1.11595,0.30,0.30
2008.01.08 19:21:59.899,1.1158,1.11595,0.30,0.30
2008.01.08 19:22:01.674,1.1158,1.116,0.30,0.60
2008.01.08 19:22:01.769,1.1158,1.11595,0.30,0.30
2008.01.08 19:22:03.592,1.1158,1.116,0.30,0.60
2008.01.08 19:22:04.548,1.1158,1.116,0.30,0.60
2008.01.08 19:22:04.900,1.1158,1.11595,0.30,0.30
2008.01.08 19:22:05.270,1.1158,1.116,0.30,0.60
2008.01.08 19:22:05.634,1.1158,1.116,0.30,2.90
2008.01.08 19:22:05.938,1.11575,1.11585,1.40,0.90
2008.01.08 19:22:06.168,1.11575,1.1159,0.60,13.20
2008.01.08 19:22:06.417,1.11575,1.1159,0.10,14.00
2008.01.08 19:22:06.667,1.11575,1.1159,0.10,14.80
2008.01.08 19:22:06.916,1.11575,1.11585,0.10,0.60
2008.01.08 19:22:07.171,1.11565,1.11585,12.00,14.00
2008.01.08 19:22:07.441,1.11555,1.1158,26.80,0.30
2008.01.08 19:22:07.678,1.11555,1.11585,23.60,19.60
2008.01.08 19:22:07.933,1.11555,1.11585,23.60,19.60
2008.01.08 19:22:08.200,1.11555,1.11585,19.60,18.90
2008.01.08 19:22:08.468,1.11555,1.1158,19.60,0.30
2008.01.08 19:22:09.056,1.11555,1.11585,19.60,15.70
2008.01.08 19:22:09.295,1.1156,1.1159,0.30,32.40
2008.01.08 19:22:09.534,1.1156,1.11585,1.00,21.80
2008.01.08 19:22:09.773,1.1156,1.1158,0.80,10.00
2008.01.08 19:22:10.014,1.11555,1.11575,4.80,9.30
2008.01.08 19:22:10.273,1.11545,1.11575,21.20,13.30
2008.01.08 19:22:10.532,1.11545,1.1157,21.20,0.30
2008.01.08 19:22:10.790,1.11545,1.1157,21.20,0.30
2008.01.08 19:22:11.049,1.11545,1.11575,21.20,17.30
2008.01.08 19:22:11.336,1.11545,1.11575,17.20,17.30
2008.01.08 19:22:11.624,1.11545,1.11575,17.20,17.30
2008.01.08 19:22:11.913,1.11545,1.1157,17.20,0.30
2008.01.08 19:22:12.201,1.11545,1.1157,16.80,0.30
2008.01.08 19:22:12.380,1.11545,1.11575,16.80,17.30
2008.01.08 19:22:12.559,1.11545,1.11575,16.80,17.30
2008.01.08 19:22:12.737,1.11545,1.1157,13.60,0.30
2008.01.08 19:22:12.916,1.11545,1.1157,13.60,0.30
2008.01.08 19:22:13.095,1.11545,1.11575,13.60,19.70
2008.01.08 19:22:13.546,1.11545,1.1157,13.60,0.30
2008.01.08 19:22:13.913,1.11545,1.11575,13.60,22.80
2008.01.08 19:22:14.117,1.11545,1.11575,12.00,24.40
2008.01.08 19:22:14.371,1.11545,1.1157,2.00,2.90
2008.01.08 19:22:14.624,1.11545,1.11565,2.00,0.30
2008.01.08 19:22:14.878,1.11545,1.1157,2.00,1.30
2008.01.08 19:22:15.131,1.11545,1.11565,2.80,0.30
2008.01.08 19:22:15.374,1.11545,1.11565,8.40,0.30
2008.01.08 19:22:15.618,1.11545,1.1157,8.40,0.60
2008.01.08 19:22:15.861,1.11545,1.1157,16.70,0.30
2008.01.08 19:22:16.104,1.11545,1.11575,17.00,19.70
2008.01.08 19:22:16.349,1.11545,1.1157,17.00,0.30
2008.01.08 19:22:16.768,1.11545,1.11575,17.00,19.70
2008.01.08 19:22:17.496,1.11545,1.1157,17.00,0.30
2008.01.08 19:22:17.793,1.11545,1.1157,17.00,0.30
2008.01.08 19:22:18.218,1.11545,1.1157,17.00,0.30
2008.01.08 19:22:18.397,1.11545,1.1157,16.70,0.30
2008.01.08 19:22:18.574,1.11545,1.1157,16.80,0.30
2008.01.08 19:22:18.922,1.11545,1.1157,16.70,0.30
2008.01.08 19:22:19.101,1.11545,1.1157,13.50,0.30
2008.01.08 19:22:19.279,1.11545,1.1157,9.50,0.30
2008.01.08 19:22:19.611,1.11545,1.1157,9.50,0.30
2008.01.08 19:22:20.795,1.11545,1.1157,9.20,0.30
2008.01.08 19:22:20.968,1.11545,1.1157,9.00,0.30
2008.01.08 19:22:21.142,1.11545,1.1156,8.80,0.30
2008.01.08 19:22:21.315,1.11545,1.1156,8.00,0.30
2008.01.08 19:22:21.488,1.11535,1.1156,26.00,0.30
2008.01.08 19:22:21.706,1.11535,1.1156,22.00,0.30
2008.01.08 19:22:21.925,1.11535,1.1156,22.00,0.30
2008.01.08 19:22:22.143,1.11535,1.1156,17.20,0.30
2008.01.08 19:22:22.362,1.11535,1.1156,17.40,0.30
2008.01.08 19:22:22.598,1.11535,1.1156,17.40,0.30
2008.01.08 19:22:23.233,1.11535,1.1156,17.40,0.30
2008.01.08 19:22:23.480,1.11535,1.1156,17.20,0.30
2008.01.08 19:22:23.704,1.11535,1.1156,17.20,0.30
2008.01.08 19:22:23.899,1.11535,1.1156,17.30,0.30
2008.01.08 19:22:24.733,1.11535,1.1156,17.60,0.30
2008.01.08 19:22:24.945,1.11535,1.1156,17.30,0.30
2008.01.08 19:22:25.154,1.11535,1.1156,17.30,0.30
2008.01.08 19:22:25.360,1.11545,1.1156,2.40,0.30
2008.01.08 19:22:25.568,1.11545,1.1156,6.40,0.30
2008.01.08 19:22:25.776,1.11545,1.11565,6.40,16.20
2008.01.08 19:22:25.995,1.11545,1.11565,6.40,13.80
2008.01.08 19:22:27.574,1.11545,1.1156,6.40,0.30
2008.01.08 19:22:27.673,1.11545,1.1156,4.00,0.30
2008.01.08 19:22:27.771,1.11535,1.1156,21.60,0.30
2008.01.08 19:22:28.467,1.11535,1.1156,21.60,0.30
2008.01.08 19:22:28.674,1.11535,1.1156,21.40,0.30
2008.01.08 19:22:28.812,1.11535,1.1156,9.00,0.30
2008.01.08 19:22:28.881,1.11535,1.1156,6.20,0.30
2008.01.08 19:22:29.083,1.1153,1.1156,19.90,0.30
2008.01.08 19:22:29.496,1.1153,1.1156,19.90,0.30
2008.01.08 19:22:29.573,1.1153,1.1156,19.70,0.30
2008.01.08 19:22:29.952,1.1153,1.1156,19.70,0.30
2008.01.08 19:22:30.234,1.11545,1.1156,1.60,0.30
2008.01.08 19:22:30.418,1.11535,1.1156,19.60,0.30
2008.01.08 19:22:30.603,1.11545,1.11555,1.30,0.30
2008.01.08 19:22:30.786,1.1153,1.11555,23.00,0.30
2008.01.08 19:22:31.039,1.1153,1.11555,20.90,4.20
2008.01.08 19:22:31.278,1.1153,1.11555,16.50,4.20
2008.01.08 19:22:31.516,1.1153,1.11555,13.80,8.20
2008.01.08 19:22:31.756,1.11535,1.1156,12.50,0.80
2008.01.08 19:22:31.994,1.1154,1.11565,0.80,27.40
2008.01.08 19:22:32.219,1.11535,1.11565,21.50,21.80
2008.01.08 19:22:32.443,1.11545,1.11565,0.70,20.20
2008.01.08 19:22:32.666,1.11545,1.11565,1.00,20.20
2008.01.08 19:22:32.890,1.1154,1.11565,5.00,16.20
2008.01.08 19:22:33.124,1.1154,1.11565,5.00,16.20
2008.01.08 19:22:33.357,1.11545,1.11565,0.60,16.20
2008.01.08 19:22:33.590,1.11545,1.11565,1.70,16.20
2008.01.08 19:22:33.823,1.11545,1.11565,0.50,16.20
2008.01.08 19:22:34.081,1.11545,1.11565,0.80,16.20
2008.01.08 19:22:34.340,1.11545,1.11565,1.00,16.20
2008.01.08 19:22:34.668,1.11545,1.11565,1.30,16.20
2008.01.08 19:22:34.927,1.1154,1.11565,5.00,16.20
2008.01.08 19:22:35.206,1.1154,1.11565,8.60,1.60
2008.01.08 19:22:35.485,1.11545,1.11565,1.70,1.60
2008.01.08 19:22:35.804,1.1154,1.11565,11.80,1.60
2008.01.08 19:22:36.102,1.1154,1.11565,11.80,1.60
2008.01.08 19:22:36.355,1.1154,1.11565,11.80,1.60
2008.01.08 19:22:36.609,1.1154,1.11565,11.80,1.60
2008.01.08 19:22:37.057,1.1154,1.1157,13.40,0.30
2008.01.08 19:22:37.238,1.1154,1.1157,13.40,0.30
2008.01.08 19:22:37.753,1.11545,1.1157,2.40,0.30
2008.01.08 19:22:38.263,1.11545,1.1157,4.70,0.30
2008.01.08 19:22:38.423,1.1154,1.1157,13.40,0.30
2008.01.08 19:22:38.779,1.11545,1.1157,2.50,0.30
2008.01.08 19:22:38.880,1.11545,1.1157,4.00,0.30
2008.01.08 19:22:38.998,1.1154,1.1157,13.20,0.30
2008.01.08 19:22:39.520,1.1154,1.1157,13.20,0.30
2008.01.08 19:22:39.969,1.1154,1.1157,13.20,0.30
2008.01.08 19:22:40.950,1.1154,1.1157,13.20,0.30
2008.01.08 19:22:41.192,1.1154,1.1157,13.20,0.30
2008.01.08 19:22:41.277,1.1154,1.1157,13.20,0.30
2008.01.08 19:22:43.253,1.11545,1.1157,4.90,0.30
2008.01.08 19:22:43.588,1.11545,1.11565,1.70,0.30
2008.01.08 19:22:43.726,1.11545,1.11565,0.80,0.30
2008.01.08 19:22:43.824,1.1154,1.11565,2.00,0.30
2008.01.08 19:22:43.947,1.11535,1.11565,28.60,0.30
2008.01.08 19:22:44.066,1.11535,1.11565,28.60,0.30
2008.01.08 19:22:44.202,1.1154,1.1156,0.80,0.30
2008.01.08 19:22:44.305,1.11535,1.1156,26.80,0.30
2008.01.08 19:22:44.639,1.1153,1.1156,23.70,0.30
2008.01.08 19:22:44.973,1.11535,1.1156,10.00,0.30
2008.01.08 19:22:45.306,1.11535,1.1156,7.20,0.30
2008.01.08 19:22:45.881,1.11535,1.1156,3.00,0.30
2008.01.08 19:22:46.116,1.11535,1.1156,0.80,0.30
2008.01.08 19:22:46.349,1.1153,1.1156,19.60,0.30
2008.01.08 19:22:46.698,1.11535,1.1156,3.00,0.30
2008.01.08 19:22:46.827,1.1153,1.1156,19.30,0.30
2008.01.08 19:22:46.923,1.1153,1.1156,18.80,0.30
2008.01.08 19:22:47.037,1.11535,1.1156,2.70,0.30
2008.01.08 19:22:47.151,1.11535,1.11565,13.50,20.20
2008.01.08 19:22:47.265,1.11535,1.11565,15.00,18.60
2008.01.08 19:22:47.378,1.11535,1.11565,15.00,17.80
2008.01.08 19:22:47.671,1.11535,1.11565,18.20,17.00
2008.01.08 19:22:47.964,1.11545,1.11565,0.70,17.00
2008.01.08 19:22:48.275,1.1154,1.11565,5.00,17.00
2008.01.08 19:22:48.568,1.1154,1.11565,5.00,17.00
2008.01.08 19:22:48.831,1.1154,1.11565,5.00,17.00
2008.01.08 19:22:49.813,1.1154,1.11565,5.00,17.00
2008.01.08 19:22:50.006,1.1154,1.11565,5.00,16.20
2008.01.08 19:22:51.597,1.11545,1.11565,0.60,16.20
2008.01.08 19:22:53.454,1.11545,1.11565,1.90,16.20
2008.01.08 19:22:53.661,1.11545,1.11565,1.40,16.20
2008.01.08 19:22:53.747,1.11545,1.11565,1.30,16.20
2008.01.08 19:22:53.805,1.1154,1.11565,5.00,16.20
2008.01.08 19:22:53.881,1.1154,1.11565,5.00,16.20
2008.01.08 19:22:53.937,1.1154,1.11565,5.20,16.00
2008.01.08 19:22:54.017,1.11545,1.11565,1.30,16.00
2008.01.08 19:22:54.074,1.11545,1.11565,1.20,16.00
2008.01.08 19:22:54.164,1.11545,1.11565,2.50,12.00
2008.01.08 19:22:54.417,1.1154,1.11565,8.40,1.60
2008.01.08 19:22:55.003,1.1154,1.11565,8.40,1.60
2008.01.08 19:22:55.255,1.1154,1.11565,8.40,1.60
2008.01.08 19:22:56.653,1.1154,1.11565,8.40,1.60
2008.01.08 19:22:56.786,1.11535,1.11565,22.60,0.30
2008.01.08 19:22:56.919,1.1154,1.11565,1.00,0.30
2008.01.08 19:22:57.053,1.1154,1.11565,1.00,0.30
2008.01.08 19:22:57.206,1.1154,1.11565,1.00,10.60
2008.01.08 19:22:57.323,1.11535,1.1156,21.40,0.30
2008.01.08 19:22:57.501,1.11535,1.1156,21.40,0.30
2008.01.08 19:22:57.699,1.11545,1.1156,0.20,0.30
2008.01.08 19:22:57.876,1.11535,1.1156,21.50,0.30
2008.01.08 19:22:58.054,1.11545,1.1156,0.50,0.30
2008.01.08 19:22:58.241,1.11545,1.1156,0.50,0.30
2008.01.08 19:22:58.621,1.11545,1.11565,0.50,17.00
2008.01.08 19:22:58.945,1.11545,1.11565,0.60,1.00
2008.01.08 19:22:59.283,1.11545,1.11565,0.60,1.00
2008.01.08 19:22:59.475,1.11545,1.11565,0.60,0.30
2008.01.08 19:22:59.671,1.11545,1.1157,3.20,2.60
2008.01.08 19:22:59.864,1.11545,1.1157,7.10,0.30
2008.01.08 19:23:00.057,1.11545,1.1157,7.10,0.30
2008.01.08 19:23:00.250,1.11545,1.1157,7.10,0.30
2008.01.08 19:23:00.443,1.11545,1.1157,11.10,0.30
2008.01.08 19:23:00.702,1.11545,1.1157,11.10,0.30
2008.01.08 19:23:00.961,1.11545,1.1157,14.30,0.30
2008.01.08 19:23:01.220,1.11545,1.1157,14.30,0.30
2008.01.08 19:23:01.478,1.11545,1.1157,10.10,0.30
2008.01.08 19:23:01.976,1.11545,1.1157,13.30,0.30
2008.01.08 19:23:02.894,1.11545,1.1157,14.30,0.30
2008.01.08 19:23:03.515,1.11545,1.1157,14.30,0.30
2008.01.08 19:23:03.576,1.11545,1.1157,14.30,0.30
2008.01.08 19:23:03.640,1.11545,1.1157,16.70,0.30
2008.01.08 19:23:03.723,1.1155,1.11575,0.30,19.40
2008.01.08 19:23:03.785,1.1155,1.11575,1.00,18.60
2008.01.08 19:23:03.973,1.1155,1.11575,1.00,18.60
2008.01.08 19:23:04.034,1.11555,1.11575,1.60,17.00
2008.01.08 19:23:04.097,1.11555,1.11575,1.60,17.00
2008.01.08 19:23:04.160,1.11555,1.11575,1.60,15.40
2008.01.08 19:23:04.241,1.11555,1.11575,1.60,14.60
2008.01.08 19:23:04.321,1.11555,1.11575,5.60,14.60
2008.01.08 19:23:04.451,1.11555,1.11575,5.60,14.60
2008.01.08 19:23:05.019,1.11555,1.11575,5.60,14.60
2008.01.08 19:23:05.368,1.11555,1.11575,5.60,14.60
2008.01.08 19:23:05.684,1.11555,1.11575,5.60,14.60
2008.01.08 19:23:05.896,1.11565,1.11575,0.30,14.40
2008.01.08 19:23:06.085,1.11565,1.11575,2.60,14.40
2008.01.08 19:23:06.273,1.11565,1.11575,5.60,2.40
2008.01.08 19:23:06.461,1.11565,1.11585,5.60,19.10
2008.01.08 19:23:06.649,1.11565,1.11585,4.00,16.70
2008.01.08 19:23:06.848,1.1156,1.11585,1.00,8.70
2008.01.08 19:23:07.048,1.1156,1.11585,1.00,11.90
2008.01.08 19:23:07.277,1.1156,1.11585,1.00,11.90
2008.01.08 19:23:07.670,1.1156,1.11575,0.80,0.30
2008.01.08 19:23:07.819,1.1156,1.11575,0.80,2.60
2008.01.08 19:23:07.985,1.11555,1.1157,5.60,0.30
2008.01.08 19:23:08.133,1.11555,1.1157,5.60,0.30
2008.01.08 19:23:08.284,1.11545,1.1157,18.40,0.30
2008.01.08 19:23:08.450,1.11545,1.1157,18.40,0.30
2008.01.08 19:23:08.580,1.11545,1.1157,18.40,0.30
2008.01.08 19:23:08.743,1.11545,1.1157,18.40,0.30
2008.01.08 19:23:08.981,1.11545,1.1157,14.40,0.30
2008.01.08 19:23:09.267,1.11545,1.1157,14.40,0.30
2008.01.08 19:23:09.646,1.11545,1.1157,16.00,0.30
2008.01.08 19:23:09.887,1.11565,1.1158,4.00,3.20
2008.01.08 19:23:10.143,1.11565,1.11585,5.00,24.50
2008.01.08 19:23:10.396,1.11565,1.11585,4.00,23.90
2008.01.08 19:23:10.649,1.11565,1.11585,4.00,23.90
2008.01.08 19:23:10.903,1.11565,1.11585,4.00,23.90
2008.01.08 19:23:11.122,1.11565,1.11585,4.00,19.90
2008.01.08 19:23:11.341,1.1156,1.11585,1.00,10.30
2008.01.08 19:23:11.561,1.1156,1.11585,1.00,13.50
2008.01.08 19:23:11.780,1.1156,1.11585,1.00,13.50
2008.01.08 19:23:11.998,1.1156,1.11585,1.00,13.50
2008.01.08 19:23:12.171,1.1156,1.11585,1.00,11.90
2008.01.08 19:23:12.345,1.1156,1.11585,1.00,11.90
2008.01.08 19:23:12.895,1.1156,1.11585,1.00,11.90
2008.01.08 19:23:13.204,1.1156,1.11585,1.00,11.90
2008.01.08 19:23:14.020,1.1156,1.11585,1.00,11.90
2008.01.08 19:23:15.032,1.1156,1.11585,1.00,11.90
2008.01.08 19:23:15.985,1.1156,1.11585,1.00,11.90
2008.01.08 19:23:16.909,1.1156,1.11585,1.00,11.90
2008.01.08 19:23:17.630,1.1156,1.11585,1.00,11.90
2008.01.08 19:23:17.705,1.1156,1.11585,1.00,11.90
2008.01.08 19:23:17.777,1.1156,1.11585,1.00,15.90
2008.01.08 19:23:17.946,1.1156,1.1158,0.80,0.30
2008.01.08 19:23:18.001,1.1156,1.1158,0.80,0.30
2008.01.08 19:23:18.074,1.11555,1.1158,10.10,0.30
2008.01.08 19:23:18.165,1.11555,1.1158,10.10,0.30
2008.01.08 19:23:18.248,1.11555,1.1158,10.10,0.30
2008.01.08 19:23:18.477,1.11555,1.1158,10.10,0.30
2008.01.08 19:23:18.744,1.11555,1.1158,10.10,0.30
2008.01.08 19:23:19.052,1.11555,1.1158,10.10,0.30
2008.01.08 19:23:19.279,1.11555,1.1158,10.10,0.30
2008.01.08 19:23:19.972,1.11555,1.1158,10.10,0.30
2008.01.08 19:23:20.705,1.11555,1.1158,10.10,0.30
2008.01.08 19:23:21.061,1.11555,1.1158,10.20,0.30
2008.01.08 19:23:21.348,1.11555,1.1158,11.00,0.30
2008.01.08 19:23:22.262,1.11555,1.1158,11.00,0.30
2008.01.08 19:23:24.090,1.11555,1.1158,11.00,0.30
2008.01.08 19:23:24.966,1.11555,1.1158,0.60,0.30
2008.01.08 19:23:25.045,1.1155,1.1158,12.00,0.30
2008.01.08 19:23:25.282,1.1155,1.1158,11.90,0.30
2008.01.08 19:23:27.076,1.1155,1.1158,12.00,0.30
2008.01.08 19:23:29.126,1.1155,1.1158,12.00,0.30
2008.01.08 19:23:30.055,1.1155,1.1158,12.00,0.30
2008.01.08 19:23:32.880,1.11555,1.11575,11.30,0.30
2008.01.08 19:23:33.019,1.11555,1.11575,12.00,0.30
2008.01.08 19:23:34.163,1.11555,1.11575,12.00,0.30
2008.01.08 19:23:35.071,1.11555,1.11575,12.00,0.30
2008.01.08 19:23:35.468,1.11555,1.11575,12.00,0.30
2008.01.08 19:23:35.959,1.1156,1.11575,0.90,0.30
2008.01.08 19:23:36.487,1.11555,1.11575,12.00,0.30
2008.01.08 19:23:36.695,1.1156,1.11575,0.90,0.30
2008.01.08 19:23:39.227,1.11555,1.11575,12.00,0.30
2008.01.08 19:23:40.072,1.11555,1.11575,12.00,0.30
2008.01.08 19:23:41.272,1.11555,1.11575,12.00,0.30
2008.01.08 19:23:42.844,1.1156,1.1158,0.80,1.00
2008.01.08 19:23:42.998,1.1155,1.1158,12.00,1.00
2008.01.08 19:23:43.135,1.1155,1.1158,12.00,0.30
2008.01.08 19:23:44.227,1.1155,1.1158,12.00,0.30
2008.01.08 19:23:45.072,1.1155,1.1158,12.00,0.30
2008.01.08 19:23:46.791,1.1155,1.1158,12.00,0.30
2008.01.08 19:23:47.407,1.1155,1.1158,12.00,0.30
2008.01.08 19:23:47.555,1.1156,1.1158,0.80,1.00
2008.01.08 19:23:49.250,1.1156,1.1158,0.80,1.00
2008.01.08 19:23:50.103,1.11555,1.1158,11.80,1.00
2008.01.08 19:23:54.302,1.1156,1.1158,0.80,1.00
2008.01.08 19:23:55.104,1.1156,1.1158,0.80,1.00
2008.01.08 19:23:57.396,1.1156,1.11575,1.00,0.30
2008.01.08 19:23:57.536,1.1156,1.11575,0.30,0.30
2008.01.08 19:23:57.659,1.1156,1.11575,0.30,0.30
2008.01.08 19:23:59.334,1.1156,1.11575,0.30,0.30
2008.01.08 19:24:00.130,1.1156,1.11575,0.30,0.30
2008.01.08 19:24:04.369,1.1156,1.11575,0.30,0.30
2008.01.08 19:24:04.506,1.1156,1.11575,0.30,0.30
2008.01.08 19:24:05.133,1.1156,1.11575,0.30,0.30
2008.01.08 19:24:09.395,1.1156,1.11575,0.30,0.30
2008.01.08 19:24:10.124,1.1156,1.11575,0.30,0.30
2008.01.08 19:24:10.734,1.1156,1.11575,0.30,0.30
2008.01.08 19:24:14.421,1.1156,1.11575,0.30,0.30
2008.01.08 19:24:15.139,1.1156,1.11575,0.30,0.30
2008.01.08 19:24:17.990,1.1156,1.11575,0.30,0.30
2008.01.08 19:24:18.301,1.1156,1.11575,0.30,0.30
2008.01.08 19:24:18.543,1.1156,1.11575,0.30,0.30
2008.01.08 19:24:19.441,1.1156,1.11575,0.30,0.30
2008.01.08 19:24:20.162,1.1156,1.11575,0.30,0.30
2008.01.08 19:24:24.482,1.1156,1.11575,0.30,0.30
2008.01.08 19:24:24.634,1.1156,1.11575,0.30,0.30
2008.01.08 19:24:24.741,1.1156,1.11575,0.30,0.30
2008.01.08 19:24:24.789,1.1156,1.11575,0.30,0.30
2008.01.08 19:24:25.160,1.1156,1.11575,0.30,0.30
2008.01.08 19:24:28.099,1.11555,1.11575,10.30,0.30
2008.01.08 19:24:29.514,1.11555,1.1158,10.60,22.90
2008.01.08 19:24:30.163,1.1156,1.1158,0.50,22.90
2008.01.08 19:24:31.693,1.11555,1.1158,11.20,22.90
2008.01.08 19:24:31.772,1.1156,1.1158,0.70,22.90
2008.01.08 19:24:33.265,1.11555,1.1158,12.00,22.90
2008.01.08 19:24:34.536,1.1156,1.1158,0.90,22.90
2008.01.08 19:24:35.006,1.11555,1.1158,10.40,22.90
2008.01.08 19:24:35.122,1.11555,1.1158,9.60,28.30
2008.01.08 19:24:35.231,1.1154,1.11565,40.70,8.20
2008.01.08 19:24:35.358,1.11545,1.11565,8.60,8.20
2008.01.08 19:24:35.519,1.1154,1.11565,17.00,8.20
2008.01.08 19:24:35.626,1.11545,1.11565,4.20,8.20
2008.01.08 19:24:35.736,1.1154,1.1157,20.70,1.00
2008.01.08 19:24:35.845,1.11545,1.1157,4.30,0.30
2008.01.08 19:24:35.953,1.1155,1.11575,0.30,18.60
2008.01.08 19:24:36.063,1.11545,1.11575,18.30,14.60
2008.01.08 19:24:36.372,1.11545,1.11575,18.30,4.20
2008.01.08 19:24:36.680,1.1155,1.11575,0.90,4.20
2008.01.08 19:24:36.988,1.1155,1.11575,0.60,0.30
2008.01.08 19:24:37.296,1.1155,1.11575,0.60,0.30
2008.01.08 19:24:38.204,1.11545,1.11575,19.50,0.30
2008.01.08 19:24:38.749,1.1155,1.11575,0.50,0.30
2008.01.08 19:24:38.845,1.11545,1.11575,24.20,0.30
2008.01.08 19:24:38.988,1.1155,1.11575,0.60,0.30
2008.01.08 19:24:39.051,1.11545,1.11575,23.50,0.30
2008.01.08 19:24:39.162,1.11545,1.11575,23.50,0.30
2008.01.08 19:24:39.271,1.1155,1.11575,0.80,0.30
2008.01.08 19:24:39.490,1.11545,1.11575,19.70,0.30
2008.01.08 19:24:39.710,1.1155,1.11575,0.70,0.30
2008.01.08 19:24:39.943,1.1155,1.11575,0.70,0.30
2008.01.08 19:24:40.172,1.1155,1.11575,0.60,0.30
2008.01.08 19:24:40.442,1.1155,1.11575,0.80,0.30
2008.01.08 19:24:44.152,1.11545,1.11575,19.80,0.30
2008.01.08 19:24:44.591,1.11545,1.11575,19.80,0.30
2008.01.08 19:24:44.770,1.11545,1.11575,20.00,0.30
2008.01.08 19:24:45.183,1.1155,1.11575,0.80,0.30
2008.01.08 19:24:45.276,1.11545,1.11575,20.00,0.30
2008.01.08 19:24:47.287,1.11545,1.11575,20.00,0.30
2008.01.08 19:24:49.618,1.11545,1.11575,20.00,0.30
2008.01.08 19:24:50.163,1.11545,1.11575,20.50,0.30
2008.01.08 19:24:50.301,1.1155,1.11575,0.70,0.30
2008.01.08 19:24:50.477,1.1155,1.11575,0.70,0.30
2008.01.08 19:24:50.693,1.11545,1.11575,21.30,0.30
2008.01.08 19:24:51.141,1.11545,1.11575,21.30,0.30
2008.01.08 19:24:54.678,1.1155,1.11575,0.60,0.30
2008.01.08 19:24:55.225,1.11545,1.11575,21.30,0.30
2008.01.08 19:24:56.530,1.11545,1.11575,21.30,0.30
2008.01.08 19:24:56.693,1.1155,1.11575,0.90,0.30
2008.01.08 19:24:59.713,1.1155,1.11575,1.00,0.30
2008.01.08 19:24:59.939,1.1155,1.11575,1.00,0.30
2008.01.08 19:25:00.201,1.1155,1.11575,1.00,0.30
2008.01.08 19:25:00.743,1.1155,1.11575,1.00,0.30
2008.01.08 19:25:01.162,1.1155,1.1158,1.00,5.30
2008.01.08 19:25:01.725,1.1155,1.11575,1.00,0.30
2008.01.08 19:25:01.863,1.1155,1.1158,1.00,5.30
2008.01.08 19:25:02.025,1.1155,1.11575,1.00,0.30
2008.01.08 19:25:02.179,1.1155,1.1158,1.80,7.70
2008.01.08 19:25:02.319,1.1155,1.1158,2.60,14.80
2008.01.08 19:25:02.583,1.1155,1.11575,2.60,0.90
2008.01.08 19:25:03.123,1.1155,1.1158,2.60,14.80
2008.01.08 19:25:03.442,1.1155,1.1158,1.00,16.40
2008.01.08 19:25:03.759,1.1155,1.11575,1.80,0.70
2008.01.08 19:25:03.912,1.1155,1.1158,2.60,14.80
2008.01.08 19:25:04.248,1.1155,1.11575,2.60,0.60
2008.01.08 19:25:04.722,1.1155,1.1158,2.60,14.80
2008.01.08 19:25:05.211,1.1155,1.11575,2.60,0.70
2008.01.08 19:25:08.921,1.11555,1.1157,1.60,0.80
2008.01.08 19:25:08.959,1.11555,1.11575,1.60,13.60
2008.01.08 19:25:09.112,1.1155,1.11575,2.40,13.30
2008.01.08 19:25:09.146,1.1155,1.11575,2.40,15.70
2008.01.08 19:25:09.178,1.1155,1.11575,0.80,15.70
2008.01.08 19:25:09.236,1.1155,1.1157,0.80,0.30
2008.01.08 19:25:09.272,1.11545,1.1157,17.90,0.30
2008.01.08 19:25:09.350,1.11545,1.1157,17.90,0.30
2008.01.08 19:25:09.788,1.11545,1.1157,17.90,0.30
2008.01.08 19:25:09.798,1.11545,1.1157,17.90,0.30
2008.01.08 19:25:10.252,1.11545,1.11575,17.90,20.50
2008.01.08 19:25:10.414,1.11545,1.1157,17.90,0.30
2008.01.08 19:25:12.624,1.1155,1.1157,0.30,0.60
2008.01.08 19:25:12.710,1.1155,1.1157,0.30,0.60
2008.01.08 19:25:12.787,1.1155,1.11565,1.00,0.30
2008.01.08 19:25:14.018,1.1155,1.1157,1.00,1.30
2008.01.08 19:25:14.217,1.1155,1.1157,1.00,1.30
2008.01.08 19:25:14.414,1.1155,1.1157,1.00,1.30
2008.01.08 19:25:14.797,1.1155,1.1157,1.00,1.30
2008.01.08 19:25:15.282,1.1155,1.1157,1.00,1.30
2008.01.08 19:25:18.056,1.1155,1.1157,1.00,1.30
2008.01.08 19:25:19.290,1.1155,1.11565,1.00,0.30
2008.01.08 19:25:19.826,1.1155,1.11565,1.00,0.30
2008.01.08 19:25:20.258,1.1155,1.1157,1.00,1.30
2008.01.08 19:25:20.514,1.1155,1.1157,1.00,1.30
2008.01.08 19:25:21.354,1.1155,1.11565,1.00,0.30
2008.01.08 19:25:21.807,1.1155,1.1157,1.00,1.30
2008.01.08 19:25:22.605,1.1155,1.1157,0.80,0.60
2008.01.08 19:25:22.764,1.1155,1.1157,0.80,0.90
2008.01.08 19:25:23.646,1.1155,1.1157,1.00,0.80
2008.01.08 19:25:23.783,1.1155,1.11575,1.00,17.80
2008.01.08 19:25:23.846,1.1155,1.11575,1.00,17.80
2008.01.08 19:25:23.909,1.1155,1.11575,1.00,17.80
2008.01.08 19:25:23.972,1.1155,1.11575,1.00,0.60
2008.01.08 19:25:24.229,1.1155,1.1158,1.00,9.20
2008.01.08 19:25:24.310,1.1155,1.1158,1.00,6.90
2008.01.08 19:25:24.490,1.1155,1.1158,1.00,6.90
2008.01.08 19:25:24.595,1.1155,1.11575,1.00,0.30
2008.01.08 19:25:24.699,1.1155,1.1158,1.00,7.70
2008.01.08 19:25:24.763,1.1155,1.1158,1.00,8.50
2008.01.08 19:25:24.917,1.1156,1.11585,0.30,50.20
2008.01.08 19:25:25.071,1.1156,1.11585,1.00,45.30
2008.01.08 19:25:25.225,1.1156,1.1158,0.80,7.70
2008.01.08 19:25:25.378,1.11555,1.11575,3.20,0.30
2008.01.08 19:25:25.533,1.11555,1.1158,3.20,5.30
2008.01.08 19:25:25.748,1.11555,1.1158,3.20,4.50
2008.01.08 19:25:26.056,1.11555,1.1158,0.20,2.90
2008.01.08 19:25:26.383,1.11555,1.1158,1.00,0.30
2008.01.08 19:25:26.692,1.1156,1.1159,1.00,7.30
2008.01.08 19:25:27.000,1.1156,1.1159,1.00,8.10
2008.01.08 19:25:27.282,1.1156,1.11585,1.00,0.80
2008.01.08 19:25:27.431,1.1156,1.11585,1.00,0.80
2008.01.08 19:25:27.579,1.1156,1.1159,1.00,8.10
2008.01.08 19:25:27.727,1.1156,1.11585,1.00,0.60
2008.01.08 19:25:28.247,1.1156,1.1159,1.00,8.10
2008.01.08 19:25:28.640,1.11565,1.1159,2.40,9.70
2008.01.08 19:25:28.818,1.11565,1.1159,3.40,3.90
2008.01.08 19:25:28.997,1.11565,1.1159,3.40,3.90
2008.01.08 19:25:29.246,1.11565,1.1159,7.40,3.90
2008.01.08 19:25:29.324,1.11565,1.11585,7.40,0.50
2008.01.08 19:25:29.693,1.11565,1.1159,7.40,3.90
2008.01.08 19:25:29.891,1.11565,1.11585,7.40,0.80
2008.01.08 19:25:30.209,1.11565,1.1159,7.40,3.90
2008.01.08 19:25:30.742,1.11565,1.11585,7.40,2.10
2008.01.08 19:25:31.633,1.11565,1.11585,3.40,2.10
2008.01.08 19:25:31.780,1.11565,1.11585,2.40,0.70
2008.01.08 19:25:31.891,1.1156,1.11585,1.00,0.70
2008.01.08 19:25:32.019,1.1156,1.11585,1.00,0.70
2008.01.08 19:25:32.800,1.1156,1.11585,1.00,3.90
2008.01.08 19:25:32.892,1.1156,1.11585,1.00,3.90
2008.01.08 19:25:33.293,1.1156,1.11585,1.00,3.90
2008.01.08 19:25:33.496,1.1156,1.11585,1.00,3.90
2008.01.08 19:25:34.230,1.11555,1.11585,14.00,3.90
2008.01.08 19:25:34.941,1.11555,1.11585,14.00,3.90
2008.01.08 19:25:35.047,1.11555,1.11585,14.00,3.90
2008.01.08 19:25:35.274,1.11555,1.11585,14.00,3.90
2008.01.08 19:25:35.592,1.11555,1.1158,13.80,0.30
2008.01.08 19:25:35.714,1.11555,1.1158,13.80,0.30
2008.01.08 19:25:35.982,1.1155,1.1158,10.00,0.30
2008.01.08 19:25:36.250,1.1155,1.1158,10.00,1.80
2008.01.08 19:25:36.518,1.11555,1.1158,2.10,1.80
2008.01.08 19:25:36.934,1.11555,1.1158,2.50,1.00
2008.01.08 19:25:37.008,1.11555,1.1158,2.40,1.00
2008.01.08 19:25:37.167,1.1155,1.1158,10.00,1.00
2008.01.08 19:25:37.252,1.11555,1.1158,2.20,1.00
2008.01.08 19:25:37.594,1.1155,1.1158,10.00,1.00
2008.01.08 19:25:38.269,1.1155,1.1158,10.00,1.00
2008.01.08 19:25:38.901,1.11555,1.1158,9.30,0.80
2008.01.08 19:25:38.936,1.11555,1.1158,10.00,0.80
2008.01.08 19:25:38.995,1.1156,1.1158,0.60,0.80
2008.01.08 19:25:39.031,1.1156,1.1158,0.80,0.80
2008.01.08 19:25:39.075,1.11555,1.1158,11.60,0.80
2008.01.08 19:25:39.128,1.11555,1.1158,11.60,0.80
2008.01.08 19:25:39.170,1.1156,1.1158,0.70,0.80
2008.01.08 19:25:39.214,1.1156,1.1158,0.80,0.80
2008.01.08 19:25:39.257,1.1156,1.1158,0.80,0.80
2008.01.08 19:25:39.504,1.11555,1.11585,19.60,16.70
2008.01.08 19:25:39.766,1.11565,1.11585,1.50,16.70
2008.01.08 19:25:39.970,1.1156,1.11585,5.00,16.70
2008.01.08 19:25:40.164,1.11565,1.11585,1.80,16.70
2008.01.08 19:25:40.726,1.11565,1.11585,1.90,16.70
2008.01.08 19:25:41.073,1.1156,1.11585,5.00,16.70
2008.01.08 19:25:41.609,1.1156,1.11585,5.20,16.50
2008.01.08 19:25:41.816,1.1156,1.11585,8.40,2.10
2008.01.08 19:25:42.284,1.1156,1.11585,8.40,2.10
2008.01.08 19:25:42.561,1.11565,1.11585,3.10,2.30
2008.01.08 19:25:42.675,1.1156,1.11585,0.60,2.30
2008.01.08 19:25:42.787,1.11555,1.11585,18.00,5.50
2008.01.08 19:25:42.959,1.1156,1.11585,0.80,3.90
2008.01.08 19:25:43.073,1.1156,1.11585,0.70,3.90
2008.01.08 19:25:43.207,1.1156,1.11585,0.50,3.90
2008.01.08 19:25:43.709,1.1156,1.11585,0.70,3.90
2008.01.08 19:25:44.248,1.11555,1.11585,14.00,3.90
2008.01.08 19:25:45.030,1.11555,1.11585,14.00,3.90
2008.01.08 19:25:45.260,1.1156,1.11585,0.70,3.90
2008.01.08 19:25:46.966,1.11555,1.11585,14.00,3.90
2008.01.08 19:25:47.135,1.11555,1.1158,13.80,0.30
2008.01.08 19:25:47.306,1.11555,1.1158,5.80,0.30
2008.01.08 19:25:47.810,1.1155,1.1158,14.00,0.30
2008.01.08 19:25:48.016,1.1155,1.1158,14.00,0.30
2008.01.08 19:25:48.238,1.11555,1.1158,2.70,0.30
2008.01.08 19:25:48.731,1.1155,1.1158,14.00,0.30
2008.01.08 19:25:50.058,1.1155,1.1158,14.00,0.30
2008.01.08 19:25:50.299,1.11555,1.1158,6.20,0.30
2008.01.08 19:25:50.827,1.1155,1.11575,13.80,0.30
2008.01.08 19:25:50.943,1.1155,1.11575,13.80,0.30
2008.01.08 19:25:51.182,1.11555,1.11575,3.70,0.30
2008.01.08 19:25:51.420,1.1155,1.11575,9.00,8.20
2008.01.08 19:25:51.676,1.11555,1.11575,2.40,8.20
2008.01.08 19:25:51.914,1.11555,1.11575,1.40,12.20
2008.01.08 19:25:52.225,1.1155,1.11575,9.00,12.20
2008.01.08 19:25:52.602,1.1155,1.1157,8.80,0.30
2008.01.08 19:25:52.689,1.1155,1.1157,8.80,0.30
2008.01.08 19:25:52.772,1.1154,1.1157,27.20,0.30
2008.01.08 19:25:52.923,1.11545,1.1157,4.40,0.30
2008.01.08 19:25:53.006,1.1154,1.1157,26.50,0.30
2008.01.08 19:25:53.454,1.1154,1.1157,26.30,0.30
2008.01.08 19:25:53.537,1.1154,1.1157,26.30,0.30
2008.01.08 19:25:53.621,1.11545,1.1157,1.00,0.30
2008.01.08 19:25:53.722,1.1154,1.1157,26.30,0.30
2008.01.08 19:25:53.788,1.1154,1.1157,22.30,0.30
2008.01.08 19:25:53.871,1.1155,1.11575,0.30,9.00
2008.01.08 19:25:53.955,1.1155,1.11575,0.90,8.20
2008.01.08 19:25:54.040,1.1155,1.11575,0.60,8.20
2008.01.08 19:25:54.152,1.11545,1.11575,23.10,0.30
2008.01.08 19:25:54.268,1.11545,1.11575,23.30,0.30
2008.01.08 19:25:54.365,1.1155,1.11575,0.80,0.30
2008.01.08 19:25:54.719,1.11545,1.11575,27.30,0.30
2008.01.08 19:25:54.818,1.11545,1.11575,27.30,0.30
2008.01.08 19:25:55.105,1.11545,1.11575,27.30,0.30
2008.01.08 19:25:55.263,1.11545,1.11575,27.30,0.30
2008.01.08 19:25:55.671,1.11545,1.11575,27.30,0.30
2008.01.08 19:25:55.908,1.11555,1.1158,0.30,3.40
2008.01.08 19:25:56.021,1.1155,1.1158,3.60,3.40
2008.01.08 19:25:56.135,1.1155,1.1158,4.40,2.60
2008.01.08 19:25:56.368,1.11555,1.1158,2.60,2.60
2008.01.08 19:25:56.601,1.1155,1.1158,8.40,1.00
2008.01.08 19:25:56.835,1.11555,1.1158,1.40,0.30
2008.01.08 19:25:57.068,1.1155,1.1158,10.00,1.80
2008.01.08 19:25:57.301,1.1155,1.1158,10.00,2.60
2008.01.08 19:25:57.545,1.1155,1.1158,10.00,2.60
2008.01.08 19:25:57.755,1.11555,1.1158,2.50,2.60
2008.01.08 19:25:58.278,1.11555,1.1158,2.50,2.60
2008.01.08 19:26:00.147,1.1155,1.1158,10.00,2.60
2008.01.08 19:26:00.330,1.11555,1.1158,3.20,2.60
2008.01.08 19:26:01.409,1.1155,1.1158,10.00,2.60
2008.01.08 19:26:01.633,1.11555,1.1158,3.80,2.60
2008.01.08 19:26:03.310,1.11555,1.1158,9.00,2.60
2008.01.08 19:26:03.405,1.11555,1.1158,9.00,2.60
2008.01.08 19:26:03.464,1.11555,1.1158,9.00,1.80
2008.01.08 19:26:05.169,1.11555,1.1158,9.00,1.80
2008.01.08 19:26:05.330,1.11555,1.1158,9.00,1.80
2008.01.08 19:26:06.513,1.11555,1.1158,9.00,1.80
2008.01.08 19:26:06.637,1.11555,1.1158,9.00,1.80
2008.01.08 19:26:06.735,1.11555,1.1158,9.00,1.80
2008.01.08 19:26:06.833,1.11555,1.1158,9.00,1.80
2008.01.08 19:26:07.767,1.11555,1.1158,9.00,1.80
2008.01.08 19:26:08.805,1.11555,1.1158,9.00,0.30
2008.01.08 19:26:08.881,1.11555,1.1158,9.00,0.30
2008.01.08 19:26:09.008,1.11555,1.1158,9.00,0.30
2008.01.08 19:26:09.505,1.11555,1.1158,9.80,0.30
2008.01.08 19:26:09.583,1.11555,1.1158,10.60,0.30
2008.01.08 19:26:09.660,1.11555,1.1158,11.40,0.30
2008.01.08 19:26:10.191,1.11555,1.1158,11.40,0.30
2008.01.08 19:26:10.748,1.11565,1.1158,0.80,0.30
2008.01.08 19:26:10.993,1.11595,1.11605,0.30,13.60
2008.01.08 19:26:11.168,1.1158,1.11585,0.30,8.00
2008.01.08 19:26:11.341,1.11605,1.11615,0.30,16.80
2008.01.08 19:26:11.515,1.11605,1.11615,0.30,16.80
2008.01.08 19:26:11.689,1.11595,1.11615,4.20,18.90
2008.01.08 19:26:11.862,1.11595,1.11615,4.20,15.70
2008.01.08 19:26:12.145,1.11595,1.11615,0.30,15.30
2008.01.08 19:26:12.428,1.11595,1.11615,3.40,9.10
2008.01.08 19:26:12.710,1.11595,1.11615,0.30,12.30
2008.01.08 19:26:12.994,1.11595,1.11615,0.30,14.70
2008.01.08 19:26:13.228,1.116,1.11605,0.30,2.40
2008.01.08 19:26:13.462,1.116,1.11605,0.30,2.40
2008.01.08 19:26:13.696,1.1159,1.11605,1.00,2.40
2008.01.08 19:26:13.928,1.1159,1.11605,0.30,10.40
2008.01.08 19:26:14.147,1.1159,1.11605,0.30,10.40
2008.01.08 19:26:14.366,1.11595,1.11605,0.20,8.00
2008.01.08 19:26:14.584,1.11595,1.11605,0.20,8.00
2008.01.08 19:26:14.803,1.116,1.11615,0.30,11.50
2008.01.08 19:26:14.996,1.116,1.11615,0.30,11.50
2008.01.08 19:26:15.189,1.11595,1.11615,0.05,16.60
2008.01.08 19:26:15.383,1.11595,1.11605,0.05,8.00
2008.01.08 19:26:15.750,1.11595,1.11605,0.05,8.00
2008.01.08 19:26:15.948,1.11595,1.11605,0.05,8.00
2008.01.08 19:26:16.259,1.11595,1.11605,0.05,8.00
2008.01.08 19:26:16.764,1.11595,1.11605,0.05,8.00
2008.01.08 19:26:17.339,1.11595,1.11605,0.05,12.00
2008.01.08 19:26:18.029,1.11595,1.11605,0.05,12.00
2008.01.08 19:26:20.270,1.11595,1.11605,0.05,12.00
2008.01.08 19:26:20.344,1.11595,1.11605,0.05,12.00
2008.01.08 19:26:20.477,1.11595,1.11605,0.05,12.00
2008.01.08 19:26:20.836,1.11595,1.11605,0.30,12.00
2008.01.08 19:26:20.908,1.11595,1.11605,0.30,12.80
2008.01.08 19:26:21.034,1.11595,1.11605,0.30,12.80
2008.01.08 19:26:21.107,1.11595,1.11605,0.30,12.80
2008.01.08 19:26:21.181,1.11595,1.11605,0.30,12.00
2008.01.08 19:26:21.273,1.11595,1.11605,0.30,12.00
2008.01.08 19:26:21.346,1.11595,1.11605,0.30,12.80
2008.01.08 19:26:21.680,1.11595,1.11605,0.30,12.80
2008.01.08 19:26:22.532,1.11595,1.11605,0.30,12.80
2008.01.08 19:26:23.854,1.11595,1.11605,0.30,12.80
2008.01.08 19:26:24.023,1.11595,1.11605,0.30,12.80
2008.01.08 19:26:24.192,1.11595,1.11605,0.30,12.00
2008.01.08 19:26:24.360,1.11595,1.1161,0.30,3.20
2008.01.08 19:26:25.010,1.11595,1.1161,0.30,3.20
2008.01.08 19:26:25.204,1.11595,1.1161,0.30,3.20
2008.01.08 19:26:26.640,1.11595,1.1161,0.05,3.20
2008.01.08 19:26:26.676,1.11595,1.11605,0.05,2.40
2008.01.08 19:26:26.748,1.11595,1.11605,0.05,10.40
2008.01.08 19:26:26.840,1.11595,1.11605,0.05,10.40
2008.01.08 19:26:27.062,1.11595,1.11605,0.05,10.40
2008.01.08 19:26:27.294,1.11595,1.11605,0.05,10.40
2008.01.08 19:26:27.359,1.11595,1.11605,0.05,14.40
2008.01.08 19:26:27.792,1.11595,1.11605,0.05,14.40
2008.01.08 19:26:28.125,1.11595,1.11605,0.05,14.40
2008.01.08 19:26:28.461,1.11595,1.11605,0.05,14.40
2008.01.08 19:26:29.030,1.11595,1.11605,0.05,14.40
2008.01.08 19:26:30.338,1.11595,1.11605,0.05,14.40
2008.01.08 19:26:31.257,1.11595,1.11605,0.30,14.40
2008.01.08 19:26:31.445,1.11595,1.11605,0.30,15.20
2008.01.08 19:26:32.860,1.11595,1.11605,0.05,15.20
2008.01.08 19:26:33.015,1.11595,1.11605,0.05,15.20
2008.01.08 19:26:33.109,1.11595,1.11605,0.05,14.40
2008.01.08 19:26:33.275,1.11595,1.11605,0.05,14.40
2008.01.08 19:26:34.204,1.11595,1.11605,0.05,14.40
2008.01.08 19:26:34.363,1.1159,1.11605,0.35,14.40
2008.01.08 19:26:34.610,1.1159,1.11605,0.35,14.40
2008.01.08 19:26:34.716,1.1159,1.11605,0.35,14.40
2008.01.08 19:26:34.754,1.1159,1.11595,0.30,4.00
2008.01.08 19:26:34.850,1.1158,1.11595,11.80,4.00
2008.01.08 19:26:34.942,1.11585,1.11595,3.70,4.00
2008.01.08 19:26:35.017,1.11585,1.11595,3.20,4.00
2008.01.08 19:26:35.059,1.1158,1.11595,10.20,4.00
2008.01.08 19:26:35.235,1.1158,1.11595,9.40,4.00
2008.01.08 19:26:35.268,1.1158,1.11605,9.40,18.40
2008.01.08 19:26:35.375,1.11585,1.11605,1.00,18.40
2008.01.08 19:26:35.703,1.1158,1.11605,8.60,18.40
2008.01.08 19:26:36.018,1.11585,1.11605,0.90,18.40
2008.01.08 19:26:36.262,1.1158,1.11605,8.60,18.40
2008.01.08 19:26:37.966,1.1159,1.11605,0.30,18.40
2008.01.08 19:26:38.034,1.1159,1.11605,0.30,18.40
2008.01.08 19:26:38.102,1.11585,1.11605,7.10,17.60
2008.01.08 19:26:38.172,1.11585,1.11605,7.10,14.40
2008.01.08 19:26:38.704,1.1159,1.11605,0.30,14.40
2008.01.08 19:26:38.777,1.11585,1.11605,11.10,14.40
2008.01.08 19:26:39.010,1.11585,1.11605,11.10,14.40
2008.01.08 19:26:39.214,1.11585,1.11605,11.10,14.40
2008.01.08 19:26:40.251,1.11585,1.11605,11.10,14.40
2008.01.08 19:26:40.389,1.11585,1.11605,11.10,14.40
2008.01.08 19:26:41.262,1.11585,1.11605,11.10,14.40
2008.01.08 19:26:45.423,1.1159,1.11605,0.30,14.40
2008.01.08 19:26:45.460,1.11585,1.11605,11.10,14.40
2008.01.08 19:26:46.237,1.1159,1.11605,0.30,14.40
2008.01.08 19:26:47.157,1.1159,1.11605,0.30,14.40
2008.01.08 19:26:50.404,1.11585,1.11605,11.10,14.40
2008.01.08 19:26:50.516,1.1159,1.11605,0.30,14.40
2008.01.08 19:26:54.689,1.11585,1.11605,11.90,14.40
2008.01.08 19:26:54.795,1.1159,1.11605,0.30,15.20
2008.01.08 19:26:55.415,1.11585,1.11605,11.90,15.20
2008.01.08 19:26:55.536,1.11585,1.11605,11.90,15.20
2008.01.08 19:26:56.776,1.11585,1.11605,5.30,12.80
2008.01.08 19:27:00.427,1.11585,1.11605,5.30,12.80
2008.01.08 19:27:00.553,1.1159,1.11605,0.30,12.80
2008.01.08 19:27:05.434,1.1159,1.11605,0.30,12.80
2008.01.08 19:27:05.586,1.1159,1.11605,0.30,12.80
2008.01.08 19:27:10.473,1.1159,1.116,4.80,12.80
2008.01.08 19:27:10.660,1.1159,1.116,4.80,12.80
2008.01.08 19:27:12.604,1.1159,1.116,9.00,15.20
2008.01.08 19:27:12.938,1.1159,1.116,8.20,15.20
2008.01.08 19:27:13.106,1.1159,1.116,8.20,14.40
2008.01.08 19:27:15.463,1.1159,1.116,8.20,14.40
2008.01.08 19:27:15.717,1.1159,1.116,8.20,14.40
2008.01.08 19:27:19.460,1.1159,1.116,8.20,14.40
2008.01.08 19:27:20.469,1.1159,1.116,8.20,14.40
2008.01.08 19:27:20.503,1.1159,1.116,8.20,0.60
2008.01.08 19:27:20.755,1.1159,1.11605,8.20,15.20
2008.01.08 19:27:25.493,1.1159,1.11605,8.20,15.20
2008.01.08 19:27:25.804,1.1159,1.11605,8.20,15.20
2008.01.08 19:27:26.137,1.1159,1.116,8.40,0.70
2008.01.08 19:27:26.470,1.1159,1.116,8.40,0.80
2008.01.08 19:27:30.480,1.1159,1.11605,8.40,15.20
2008.01.08 19:27:30.836,1.1159,1.116,8.40,0.60
2008.01.08 19:27:34.797,1.1159,1.11605,8.40,15.20
2008.01.08 19:27:35.008,1.1159,1.11605,8.40,15.20
2008.01.08 19:27:35.486,1.1159,1.11605,8.40,15.20
2008.01.08 19:27:35.879,1.1159,1.11605,8.40,15.20
2008.01.08 19:27:38.047,1.1159,1.116,8.40,0.60
2008.01.08 19:27:38.260,1.1159,1.116,8.40,0.90
2008.01.08 19:27:38.761,1.1159,1.116,8.40,0.90
2008.01.08 19:27:38.975,1.1159,1.11605,8.40,15.20
2008.01.08 19:27:40.519,1.1159,1.11605,8.40,15.20
2008.01.08 19:27:40.917,1.1159,1.116,8.40,0.50
2008.01.08 19:27:45.512,1.1159,1.1161,4.40,25.90
2008.01.08 19:27:45.955,1.1159,1.1161,4.40,25.90
2008.01.08 19:27:50.538,1.1159,1.116,4.40,2.40
2008.01.08 19:27:51.018,1.1159,1.116,4.40,2.40
2008.01.08 19:27:54.267,1.1159,1.116,4.40,2.40
2008.01.08 19:27:54.991,1.1159,1.116,4.40,2.40
2008.01.08 19:27:55.512,1.1159,1.116,4.40,2.40
2008.01.08 19:27:56.051,1.1159,1.116,4.40,2.40
2008.01.08 19:27:57.805,1.1159,1.116,4.20,2.40
2008.01.08 19:27:58.022,1.1159,1.116,3.60,2.40
2008.01.08 19:27:58.230,1.1159,1.116,3.60,2.40
2008.01.08 19:27:59.008,1.1159,1.116,4.40,2.40
2008.01.08 19:27:59.262,1.1159,1.116,4.40,2.40
2008.01.08 19:28:00.520,1.1159,1.116,4.40,2.40
2008.01.08 19:28:01.101,1.1159,1.116,4.40,2.40
2008.01.08 19:28:02.962,1.1159,1.116,3.60,2.40
2008.01.08 19:28:05.539,1.1159,1.116,3.60,2.40
2008.01.08 19:28:06.135,1.1159,1.116,3.60,2.40
2008.01.08 19:28:07.157,1.1159,1.116,4.40,2.40
2008.01.08 19:28:07.685,1.1159,1.116,4.40,2.40
2008.01.08 19:28:10.553,1.1159,1.116,4.40,2.40
2008.01.08 19:28:11.167,1.1159,1.116,4.40,2.40
2008.01.08 19:28:11.605,1.1159,1.1161,4.40,29.10
2008.01.08 19:28:12.743,1.1159,1.1161,3.60,33.10
2008.01.08 19:28:12.926,1.11585,1.1161,3.90,5.80
2008.01.08 19:28:13.025,1.11585,1.1161,8.70,19.40
2008.01.08 19:28:13.129,1.11585,1.1161,8.70,19.40
2008.01.08 19:28:13.227,1.11585,1.116,2.00,15.20
2008.01.08 19:28:13.326,1.11585,1.11595,1.60,0.70
2008.01.08 19:28:13.610,1.1158,1.116,1.80,15.20
2008.01.08 19:28:13.895,1.11585,1.11605,0.30,0.80
2008.01.08 19:28:14.178,1.11585,1.11605,0.30,0.90
2008.01.08 19:28:14.462,1.11585,1.11605,0.30,0.70
2008.01.08 19:28:14.624,1.11585,1.1161,0.30,29.10
2008.01.08 19:28:14.795,1.11585,1.1161,0.30,25.10
2008.01.08 19:28:14.998,1.11585,1.1161,0.30,25.00
2008.01.08 19:28:15.543,1.11585,1.1161,0.30,25.00
2008.01.08 19:28:16.001,1.11585,1.11605,0.30,0.90
2008.01.08 19:28:16.214,1.11585,1.11605,0.30,0.60
2008.01.08 19:28:16.520,1.11585,1.1161,0.30,25.00
2008.01.08 19:28:16.755,1.11585,1.1161,0.30,21.00
2008.01.08 19:28:16.989,1.11585,1.11605,0.30,0.80
2008.01.08 19:28:17.642,1.11585,1.1161,0.30,25.00
2008.01.08 19:28:17.964,1.11585,1.1161,0.30,25.00
2008.01.08 19:28:18.066,1.11585,1.1161,0.30,25.00
2008.01.08 19:28:18.474,1.11585,1.11605,0.30,0.90
2008.01.08 19:28:18.576,1.11585,1.11605,0.30,0.50
2008.01.08 19:28:20.566,1.11585,1.1161,0.30,25.00
2008.01.08 19:28:21.267,1.11585,1.1161,0.30,25.00
2008.01.08 19:28:21.978,1.11585,1.11605,0.30,0.70
2008.01.08 19:28:22.181,1.11585,1.11605,0.30,0.50
2008.01.08 19:28:22.384,1.11585,1.11595,0.30,0.80
2008.01.08 19:28:23.052,1.11585,1.11605,0.30,36.80
2008.01.08 19:28:25.084,1.1158,1.11605,0.30,37.00
2008.01.08 19:28:25.135,1.1158,1.11595,0.30,0.80
2008.01.08 19:28:25.188,1.1158,1.11595,0.30,0.70
2008.01.08 19:28:25.252,1.1158,1.116,0.30,11.20
2008.01.08 19:28:25.305,1.1158,1.116,0.30,11.20
2008.01.08 19:28:25.569,1.1158,1.116,0.30,11.20
2008.01.08 19:28:25.765,1.1158,1.11595,0.30,0.90
2008.01.08 19:28:25.896,1.1158,1.11595,0.30,0.50
2008.01.08 19:28:26.304,1.1158,1.116,0.30,15.20
2008.01.08 19:28:27.196,1.1158,1.11595,0.30,0.90
2008.01.08 19:28:27.386,1.1158,1.11595,0.30,0.80
2008.01.08 19:28:27.582,1.11575,1.11595,2.20,0.60
2008.01.08 19:28:27.792,1.11575,1.116,2.20,20.20
2008.01.08 19:28:28.001,1.11575,1.116,2.00,24.40
2008.01.08 19:28:28.209,1.11575,1.1159,1.60,0.85
2008.01.08 19:28:28.418,1.11575,1.11585,1.60,0.80
2008.01.08 19:28:28.626,1.11575,1.11585,1.60,0.50
2008.01.08 19:28:28.784,1.11575,1.1159,1.60,12.80
2008.01.08 19:28:28.942,1.11575,1.1159,1.60,12.80
2008.01.08 19:28:29.295,1.11575,1.11585,1.60,0.70
2008.01.08 19:28:29.507,1.11575,1.1159,1.60,12.80
2008.01.08 19:28:30.585,1.11575,1.1159,1.60,12.80
2008.01.08 19:28:31.347,1.11575,1.1159,1.60,12.80
2008.01.08 19:28:31.967,1.11575,1.11585,1.40,0.50
2008.01.08 19:28:32.243,1.11575,1.1159,1.30,12.80
2008.01.08 19:28:32.680,1.11575,1.11585,1.30,0.70
2008.01.08 19:28:33.255,1.11575,1.1159,1.30,12.80
2008.01.08 19:28:35.612,1.11575,1.1159,1.30,12.80
2008.01.08 19:28:36.400,1.11575,1.1159,1.30,12.80
2008.01.08 19:28:40.629,1.11575,1.11585,1.30,12.00
2008.01.08 19:28:41.447,1.11575,1.11585,1.30,12.00
2008.01.08 19:28:45.623,1.11575,1.11585,1.30,12.00
2008.01.08 19:28:46.355,1.11575,1.11585,1.30,12.00
2008.01.08 19:28:46.469,1.11575,1.11585,1.30,12.00
2008.01.08 19:28:46.843,1.11575,1.11585,1.30,12.00
2008.01.08 19:28:46.982,1.11575,1.11585,1.30,12.00
2008.01.08 19:28:50.638,1.11575,1.11585,1.30,12.00
2008.01.08 19:28:51.533,1.11575,1.11585,1.30,12.00
2008.01.08 19:28:55.583,1.1158,1.11585,0.30,12.00
2008.01.08 19:28:55.627,1.1158,1.11585,0.30,12.00
2008.01.08 19:28:55.734,1.1158,1.11595,0.30,23.10
2008.01.08 19:28:55.908,1.1158,1.11595,0.30,19.90
2008.01.08 19:28:56.083,1.1158,1.11595,0.30,19.90
2008.01.08 19:28:56.256,1.1158,1.11595,0.30,15.90
2008.01.08 19:28:56.430,1.1158,1.11595,0.30,15.90
2008.01.08 19:28:56.623,1.11575,1.11595,6.00,15.90
2008.01.08 19:28:56.797,1.11575,1.11595,1.90,16.70
2008.01.08 19:28:57.021,1.11575,1.11595,1.90,16.70
2008.01.08 19:28:57.291,1.11575,1.11595,1.90,16.70
2008.01.08 19:28:57.804,1.11575,1.11595,1.90,16.70
2008.01.08 19:28:58.004,1.11575,1.11595,1.90,16.70
2008.01.08 19:29:00.651,1.11575,1.11595,1.90,16.70
2008.01.08 19:29:01.601,1.11575,1.11595,1.90,16.70
2008.01.08 19:29:04.460,1.11575,1.11595,1.90,16.80
2008.01.08 19:29:04.535,1.11575,1.11595,1.90,16.80
2008.01.08 19:29:05.644,1.11575,1.11595,1.90,16.80
2008.01.08 19:29:05.768,1.11575,1.11595,1.90,16.80
2008.01.08 19:29:06.650,1.11575,1.11595,1.90,16.80
2008.01.08 19:29:10.654,1.11575,1.11595,1.90,16.80
2008.01.08 19:29:11.668,1.11575,1.11595,1.90,16.80
2008.01.08 19:29:14.442,1.11575,1.11595,1.90,16.80
2008.01.08 19:29:14.812,1.11575,1.11595,1.70,16.80
2008.01.08 19:29:14.969,1.11575,1.11595,1.70,16.80
2008.01.08 19:29:15.492,1.11575,1.11595,1.70,16.80
2008.01.08 19:29:15.994,1.11575,1.11595,1.70,16.80
2008.01.08 19:29:16.709,1.11575,1.11595,1.70,16.80
2008.01.08 19:29:17.737,1.11575,1.11595,1.20,16.80
2008.01.08 19:29:17.888,1.1157,1.11595,2.50,16.80
2008.01.08 19:29:18.066,1.1157,1.11595,2.50,16.80
2008.01.08 19:29:18.228,1.1157,1.11595,4.30,15.20
2008.01.08 19:29:18.393,1.1157,1.11595,4.00,15.20
2008.01.08 19:29:18.557,1.1157,1.11595,4.00,15.20
2008.01.08 19:29:18.720,1.1158,1.11595,0.50,12.80
2008.01.08 19:29:18.969,1.1158,1.11595,1.10,12.00
2008.01.08 19:29:19.217,1.11585,1.11595,0.80,12.00
2008.01.08 19:29:19.467,1.1158,1.11595,1.10,12.00
2008.01.08 19:29:19.724,1.11585,1.11595,0.80,12.00
2008.01.08 19:29:19.951,1.1158,1.11595,1.10,12.00
2008.01.08 19:29:20.156,1.1158,1.11595,1.10,12.00
2008.01.08 19:29:20.335,1.11585,1.11605,1.00,24.00
2008.01.08 19:29:20.552,1.11585,1.11605,1.00,20.80
2008.01.08 19:29:20.733,1.1159,1.11605,0.30,18.40
2008.01.08 19:29:21.031,1.11585,1.11605,4.40,13.60
2008.01.08 19:29:21.330,1.11585,1.11605,10.00,12.00
2008.01.08 19:29:21.630,1.11585,1.11605,10.00,12.00
2008.01.08 19:29:21.929,1.11585,1.11605,10.00,12.00
2008.01.08 19:29:22.186,1.1159,1.11605,0.30,12.00
2008.01.08 19:29:22.400,1.1159,1.11605,0.30,12.00
2008.01.08 19:29:22.820,1.1159,1.11605,0.30,12.00
2008.01.08 19:29:25.678,1.11585,1.11605,10.00,12.00
2008.01.08 19:29:26.348,1.11585,1.11605,10.00,12.00
2008.01.08 19:29:26.775,1.11585,1.11605,10.00,12.00
2008.01.08 19:29:26.973,1.1159,1.11605,0.30,12.00
2008.01.08 19:29:30.704,1.11585,1.11605,10.00,12.00
2008.01.08 19:29:31.799,1.1159,1.11605,0.30,12.00
2008.01.08 19:29:33.457,1.11585,1.11605,10.00,12.00
2008.01.08 19:29:35.320,1.1159,1.11605,0.30,12.00
2008.01.08 19:29:35.727,1.11585,1.11605,10.00,12.00
2008.01.08 19:29:36.828,1.11585,1.11605,10.00,12.00
2008.01.08 19:29:40.301,1.11585,1.11605,10.00,12.00
2008.01.08 19:29:40.694,1.11585,1.11605,10.00,12.00
2008.01.08 19:29:41.550,1.11585,1.11605,10.00,12.00
2008.01.08 19:29:41.911,1.11585,1.11605,10.00,12.00
2008.01.08 19:29:45.700,1.11585,1.11605,10.00,12.00
2008.01.08 19:29:46.627,1.1159,1.11605,0.30,12.00
2008.01.08 19:29:46.941,1.1159,1.11605,0.30,12.00
2008.01.08 19:29:50.208,1.1159,1.11605,0.30,12.00
2008.01.08 19:29:50.731,1.1159,1.11605,0.30,12.00
2008.01.08 19:29:51.976,1.1159,1.1161,5.50,23.20
2008.01.08 19:29:52.189,1.1159,1.1161,5.50,27.20
2008.01.08 19:29:55.726,1.1159,1.1161,5.50,27.20
2008.01.08 19:29:55.820,1.1159,1.1161,5.50,0.60
2008.01.08 19:29:57.044,1.1159,1.1161,5.50,27.20
2008.01.08 19:29:59.743,1.1159,1.1161,5.50,27.20
2008.01.08 19:30:00.565,1.1159,1.1161,5.50,27.20
2008.01.08 19:30:00.743,1.1159,1.1161,5.50,27.20
2008.01.08 19:30:00.964,1.1159,1.1161,5.60,27.20
2008.01.08 19:30:01.402,1.1159,1.1161,5.80,27.20
2008.01.08 19:30:02.103,1.1159,1.1161,5.80,27.20
2008.01.08 19:30:04.514,1.1159,1.1161,5.90,27.20
2008.01.08 19:30:05.743,1.1159,1.1161,5.90,27.20
2008.01.08 19:30:07.127,1.1159,1.1161,5.90,27.20
2008.01.08 19:30:10.783,1.1159,1.1161,5.90,27.20
2008.01.08 19:30:12.153,1.1159,1.1161,5.90,27.20
2008.01.08 19:30:14.275,1.1159,1.1161,6.30,27.20
2008.01.08 19:30:15.762,1.1159,1.1161,6.30,27.20
2008.01.08 19:30:17.182,1.1159,1.1161,6.30,27.20
2008.01.08 19:30:20.086,1.1159,1.1161,6.30,23.20
2008.01.08 19:30:20.503,1.1159,1.1161,5.80,23.20
2008.01.08 19:30:20.596,1.1159,1.1161,5.80,23.20
2008.01.08 19:30:20.787,1.1159,1.1161,5.80,23.20
2008.01.08 19:30:20.859,1.1159,1.1161,5.80,23.20
2008.01.08 19:30:21.016,1.1159,1.1161,5.80,23.20
2008.01.08 19:30:21.892,1.1158,1.1161,23.80,23.20
2008.01.08 19:30:22.188,1.1159,1.1161,3.00,27.20
2008.01.08 19:30:22.608,1.1159,1.1161,2.00,27.20
2008.01.08 19:30:25.771,1.1159,1.1161,1.80,27.20
2008.01.08 19:30:26.419,1.1159,1.1161,0.90,23.20
2008.01.08 19:30:27.244,1.1159,1.1161,1.50,23.20
2008.01.08 19:30:27.538,1.1159,1.1161,1.70,23.20
2008.01.08 19:30:30.815,1.1158,1.1161,24.30,23.20
2008.01.08 19:30:32.271,1.1159,1.1161,2.70,23.20
2008.01.08 19:30:33.565,1.1158,1.1161,24.30,23.20
2008.01.08 19:30:33.773,1.1158,1.1161,23.90,23.20
2008.01.08 19:30:33.981,1.1159,1.1161,1.30,23.20
2008.01.08 19:30:35.823,1.1158,1.1161,23.90,23.20
2008.01.08 19:30:37.321,1.1158,1.1161,23.90,23.20
2008.01.08 19:30:37.560,1.1159,1.1161,0.60,23.20
2008.01.08 19:30:37.668,1.1159,1.1161,2.90,23.20
2008.01.08 19:30:40.820,1.1159,1.1161,1.60,23.20
2008.01.08 19:30:41.374,1.1159,1.1161,1.00,23.20
2008.01.08 19:30:41.414,1.1158,1.1161,26.40,23.20
2008.01.08 19:30:41.519,1.1159,1.1161,1.00,23.20
2008.01.08 19:30:41.622,1.1159,1.11615,0.60,26.40
2008.01.08 19:30:41.726,1.11595,1.11615,0.30,28.00
2008.01.08 19:30:41.829,1.1159,1.11615,0.60,28.00
2008.01.08 19:30:42.025,1.11595,1.11615,0.30,28.00
2008.01.08 19:30:42.337,1.1159,1.11615,0.60,28.00
2008.01.08 19:30:42.439,1.11595,1.11615,0.30,28.00
2008.01.08 19:30:42.546,1.11595,1.11615,0.30,28.00
2008.01.08 19:30:42.788,1.1159,1.11605,0.30,8.00
2008.01.08 19:30:43.030,1.11585,1.11605,10.30,8.00
2008.01.08 19:30:43.254,1.1159,1.11605,0.30,8.00
2008.01.08 19:30:43.478,1.11585,1.11605,10.30,12.00
2008.01.08 19:30:43.787,1.1159,1.11605,0.30,12.00
2008.01.08 19:30:43.905,1.11585,1.11605,10.30,12.00
2008.01.08 19:30:44.300,1.11585,1.11605,10.30,12.00
2008.01.08 19:30:45.838,1.11585,1.11605,10.30,12.00
2008.01.08 19:30:45.937,1.1159,1.11605,0.30,12.00
2008.01.08 19:30:46.076,1.11585,1.11605,10.30,12.00
2008.01.08 19:30:46.260,1.11585,1.11605,10.30,12.00
2008.01.08 19:30:47.257,1.11585,1.11605,10.30,12.00
2008.01.08 19:30:47.589,1.11585,1.11605,10.30,12.00
2008.01.08 19:30:50.834,1.1159,1.11605,0.30,12.00
2008.01.08 19:30:52.413,1.1159,1.11605,0.30,12.00
2008.01.08 19:30:52.714,1.1159,1.11605,0.30,12.00
2008.01.08 19:30:52.919,1.1159,1.11605,0.30,12.00
2008.01.08 19:30:55.853,1.1159,1.11605,0.30,12.00
2008.01.08 19:30:57.419,1.1159,1.11605,0.30,12.00
2008.01.08 19:31:00.876,1.1159,1.11605,0.30,12.00
2008.01.08 19:31:02.457,1.1159,1.11605,0.30,12.00
2008.01.08 19:31:05.859,1.1159,1.11605,0.30,12.00
2008.01.08 19:31:07.488,1.1159,1.11605,0.30,12.00
2008.01.08 19:31:07.716,1.1159,1.11605,0.30,12.00
2008.01.08 19:31:10.857,1.1159,1.11605,0.30,12.00
2008.01.08 19:31:12.107,1.1159,1.11605,0.30,12.00
2008.01.08 19:31:12.514,1.1159,1.11605,0.30,12.00
2008.01.08 19:31:13.009,1.1159,1.116,9.70,12.00
2008.01.08 19:31:13.116,1.1159,1.116,9.70,12.00
2008.01.08 19:31:13.230,1.11595,1.11615,0.30,36.00
2008.01.08 19:31:13.343,1.11595,1.11615,0.30,24.00
2008.01.08 19:31:13.456,1.11595,1.11615,0.30,24.00
2008.01.08 19:31:13.569,1.11595,1.11615,0.30,24.00
2008.01.08 19:31:14.242,1.11595,1.11615,0.30,24.00
2008.01.08 19:31:15.908,1.11595,1.11615,0.30,24.00
2008.01.08 19:31:17.580,1.11595,1.11615,0.30,24.00
2008.01.08 19:31:17.989,1.11595,1.1162,0.30,25.00
2008.01.08 19:31:20.916,1.11595,1.11615,0.30,0.60
2008.01.08 19:31:22.595,1.11595,1.11615,0.30,0.50
2008.01.08 19:31:24.765,1.11595,1.11615,0.30,0.90
2008.01.08 19:31:25.901,1.11595,1.1162,0.30,25.00
2008.01.08 19:31:26.094,1.1159,1.1162,0.30,25.20
2008.01.08 19:31:26.177,1.1159,1.11615,0.30,24.20
2008.01.08 19:31:26.250,1.1159,1.11615,0.30,36.20
2008.01.08 19:31:26.324,1.1159,1.11605,0.30,0.50
2008.01.08 19:31:26.784,1.1159,1.1161,0.30,15.20
2008.01.08 19:31:26.958,1.1159,1.1161,0.30,15.20
2008.01.08 19:31:27.132,1.1159,1.1161,0.30,15.20
2008.01.08 19:31:27.305,1.1159,1.11605,0.30,0.50
2008.01.08 19:31:27.478,1.1159,1.1161,0.30,15.20
2008.01.08 19:31:27.743,1.1159,1.11605,0.30,0.60
2008.01.08 19:31:28.041,1.1159,1.1161,0.30,15.20
2008.01.08 19:31:28.189,1.1159,1.11605,0.30,0.50
2008.01.08 19:31:28.273,1.1159,1.11605,0.30,0.70
2008.01.08 19:31:28.558,1.1159,1.11605,0.30,0.90
2008.01.08 19:31:28.642,1.11585,1.1161,2.30,17.00
2008.01.08 19:31:28.786,1.11585,1.11605,2.30,0.70
2008.01.08 19:31:28.929,1.11585,1.11605,3.90,0.90
2008.01.08 19:31:29.072,1.11585,1.11605,3.90,0.90
2008.01.08 19:31:29.275,1.11585,1.1161,3.90,19.40
2008.01.08 19:31:29.490,1.11585,1.1161,3.90,19.40
2008.01.08 19:31:29.858,1.11585,1.1161,3.90,19.40
2008.01.08 19:31:29.985,1.11585,1.1161,3.90,19.40
2008.01.08 19:31:30.262,1.11585,1.1161,3.90,19.40
2008.01.08 19:31:30.386,1.11585,1.11605,3.50,0.60
2008.01.08 19:31:30.897,1.11585,1.11605,3.50,0.50
2008.01.08 19:31:30.934,1.11585,1.1161,3.50,19.40
2008.01.08 19:31:30.992,1.11585,1.11605,3.50,0.80
2008.01.08 19:31:31.108,1.11585,1.1161,3.80,19.40
2008.01.08 19:31:31.229,1.11585,1.11605,3.50,0.60
2008.01.08 19:31:31.315,1.11585,1.1161,3.50,19.40
2008.01.08 19:31:31.534,1.11585,1.11605,3.50,0.80
2008.01.08 19:31:31.810,1.11585,1.11605,3.50,0.70
2008.01.08 19:31:32.657,1.11585,1.1161,3.50,19.40
2008.01.08 19:31:32.970,1.11585,1.1161,3.50,19.40
2008.01.08 19:31:33.173,1.11585,1.1161,3.50,19.40
2008.01.08 19:31:33.376,1.11585,1.1161,3.50,19.40
2008.01.08 19:31:33.690,1.11585,1.1161,3.50,19.40
2008.01.08 19:31:33.894,1.11585,1.11605,3.50,0.80
2008.01.08 19:31:34.097,1.11585,1.11605,3.50,0.60
2008.01.08 19:31:34.292,1.11585,1.1161,3.50,19.40
2008.01.08 19:31:35.273,1.11585,1.1161,3.80,19.40
2008.01.08 19:31:35.917,1.11585,1.1161,3.80,19.40
2008.01.08 19:31:36.516,1.11585,1.1161,3.80,19.40
2008.01.08 19:31:37.006,1.11585,1.1161,3.80,19.40
2008.01.08 19:31:37.189,1.11585,1.11605,3.80,0.70
2008.01.08 19:31:37.372,1.11585,1.11605,3.80,0.70
2008.01.08 19:31:37.707,1.11585,1.11605,3.80,0.80
2008.01.08 19:31:37.712,1.11585,1.11605,3.80,0.60
2008.01.08 19:31:37.745,1.11585,1.11605,3.80,0.60
2008.01.08 19:31:40.907,1.11585,1.1161,3.80,19.40
2008.01.08 19:31:42.705,1.11585,1.1161,3.80,19.40
2008.01.08 19:31:43.662,1.11585,1.1161,3.80,17.00
2008.01.08 19:31:43.768,1.11585,1.1161,2.20,17.00
2008.01.08 19:31:43.826,1.11585,1.11605,2.20,0.60
2008.01.08 19:31:43.945,1.1159,1.11605,0.30,0.70
2008.01.08 19:31:44.063,1.1159,1.1161,0.30,12.80
2008.01.08 19:31:44.198,1.1159,1.1161,0.30,0.70
2008.01.08 19:31:44.317,1.1159,1.11615,0.30,45.00
2008.01.08 19:31:44.801,1.1159,1.11615,0.30,45.00
2008.01.08 19:31:45.116,1.1159,1.11615,0.30,41.00
2008.01.08 19:31:45.908,1.1159,1.1161,0.30,0.80
2008.01.08 19:31:47.737,1.1159,1.1161,0.30,0.80
2008.01.08 19:31:50.056,1.11585,1.1161,2.60,0.80
2008.01.08 19:31:50.930,1.1159,1.1161,0.30,0.80
2008.01.08 19:31:52.776,1.1159,1.1161,0.30,0.80
2008.01.08 19:31:54.436,1.1159,1.1161,0.30,4.00
2008.01.08 19:31:55.951,1.1159,1.1161,0.30,4.00
2008.01.08 19:31:56.446,1.1159,1.1161,0.30,4.00
2008.01.08 19:31:57.227,1.1159,1.1161,0.30,0.80
2008.01.08 19:31:57.820,1.1159,1.1161,0.30,0.80
2008.01.08 19:31:58.257,1.1159,1.1161,0.30,4.00
2008.01.08 19:31:59.287,1.1159,1.1161,0.30,0.80
2008.01.08 19:32:00.958,1.1159,1.1161,0.30,0.80
2008.01.08 19:32:01.294,1.1159,1.1161,0.30,4.00
2008.01.08 19:32:02.214,1.1159,1.1161,0.30,0.80
2008.01.08 19:32:02.864,1.1159,1.1161,0.30,0.80
2008.01.08 19:32:03.778,1.1159,1.1161,0.30,0.80
2008.01.08 19:32:03.964,1.1159,1.11605,0.30,8.00
2008.01.08 19:32:04.168,1.1159,1.11605,0.30,8.00
2008.01.08 19:32:04.337,1.1159,1.11605,0.30,8.00
2008.01.08 19:32:04.541,1.1159,1.11605,0.30,11.20
2008.01.08 19:32:05.220,1.1159,1.11605,0.30,11.20
2008.01.08 19:32:05.548,1.1159,1.1161,0.30,4.00
2008.01.08 19:32:05.876,1.1159,1.1161,0.30,0.80
2008.01.08 19:32:06.204,1.1159,1.1161,0.30,0.80
2008.01.08 19:32:06.458,1.1159,1.11605,0.30,0.80
2008.01.08 19:32:06.711,1.11585,1.11605,0.30,3.20
2008.01.08 19:32:06.965,1.11585,1.11605,0.30,12.00
2008.01.08 19:32:07.219,1.1159,1.11605,0.30,8.80
2008.01.08 19:32:07.404,1.1159,1.1161,0.30,0.80
2008.01.08 19:32:07.587,1.1159,1.1161,0.30,0.80
2008.01.08 19:32:07.770,1.1159,1.1161,0.30,0.80
2008.01.08 19:32:08.261,1.1159,1.1161,0.30,0.80
2008.01.08 19:32:08.455,1.1159,1.1161,0.30,0.80
2008.01.08 19:32:08.648,1.1159,1.1161,0.30,0.80
2008.01.08 19:32:09.096,1.11585,1.1161,0.80,0.80
2008.01.08 19:32:09.262,1.11585,1.1161,0.60,0.80
2008.01.08 19:32:09.324,1.11585,1.1161,0.60,0.80
2008.01.08 19:32:09.902,1.11585,1.1161,0.60,0.80
2008.01.08 19:32:10.728,1.11585,1.1161,0.60,0.80
2008.01.08 19:32:10.975,1.11585,1.1161,0.60,0.80
2008.01.08 19:32:12.927,1.1159,1.1161,0.30,0.80
2008.01.08 19:32:14.689,1.1159,1.1161,0.30,0.80
2008.01.08 19:32:14.879,1.1158,1.1161,1.30,1.00
2008.01.08 19:32:15.015,1.1158,1.11605,1.30,1.60
2008.01.08 19:32:15.137,1.11585,1.11605,0.30,4.80
2008.01.08 19:32:15.261,1.11585,1.11605,0.30,12.80
2008.01.08 19:32:15.384,1.1158,1.11605,0.60,12.80
2008.01.08 19:32:15.535,1.1158,1.11605,0.60,12.80
2008.01.08 19:32:15.615,1.1159,1.11605,0.30,12.80
2008.01.08 19:32:15.676,1.1159,1.11605,0.30,10.40
2008.01.08 19:32:15.740,1.11585,1.11605,0.60,1.60
2008.01.08 19:32:15.802,1.1159,1.1161,0.30,0.80
2008.01.08 19:32:15.866,1.1159,1.1161,0.30,0.80
2008.01.08 19:32:15.972,1.1159,1.1161,0.30,0.80
2008.01.08 19:32:16.150,1.11585,1.1161,0.60,0.80
2008.01.08 19:32:16.228,1.11585,1.1161,0.60,0.80
2008.01.08 19:32:16.537,1.11585,1.1161,0.60,0.80
2008.01.08 19:32:16.872,1.1159,1.1161,0.30,0.80
2008.01.08 19:32:17.212,1.1159,1.1161,0.30,0.80
2008.01.08 19:32:17.544,1.11585,1.1161,0.60,0.80
2008.01.08 19:32:17.958,1.1159,1.1161,0.30,0.80
2008.01.08 19:32:20.991,1.11585,1.1161,0.60,0.80
2008.01.08 19:32:23.002,1.1159,1.1161,0.30,0.80
2008.01.08 19:32:26.015,1.1159,1.1161,0.30,0.80
2008.01.08 19:32:28.063,1.1159,1.1161,0.30,0.80
2008.01.08 19:32:30.998,1.11585,1.1161,0.60,0.80
2008.01.08 19:32:32.235,1.11585,1.1161,0.60,0.80
2008.01.08 19:32:32.454,1.11585,1.1161,0.60,4.00
2008.01.08 19:32:32.986,1.11585,1.1161,0.60,4.00
2008.01.08 19:32:34.150,1.1159,1.1161,0.30,0.90
2008.01.08 19:32:36.032,1.11585,1.1161,0.60,4.00
2008.01.08 19:32:38.121,1.11585,1.1161,0.60,4.00
2008.01.08 19:32:40.972,1.1159,1.11595,0.30,3.40
2008.01.08 19:32:41.010,1.1159,1.11595,0.30,3.40
2008.01.08 19:32:41.064,1.11585,1.1159,0.30,0.80
2008.01.08 19:32:41.300,1.1158,1.11595,0.30,9.00
2008.01.08 19:32:41.534,1.1158,1.11595,0.30,8.80
2008.01.08 19:32:41.767,1.1158,1.11595,0.30,12.80
2008.01.08 19:32:42.001,1.1158,1.11595,0.30,12.00
2008.01.08 19:32:42.234,1.1158,1.11595,0.30,12.00
2008.01.08 19:32:42.467,1.1158,1.11595,0.30,12.00
2008.01.08 19:32:42.967,1.1158,1.11595,0.30,12.00
2008.01.08 19:32:43.201,1.1158,1.11595,0.30,12.00
2008.01.08 19:32:43.583,1.1158,1.11595,0.30,12.00
2008.01.08 19:32:43.697,1.11585,1.11595,0.30,12.00
2008.01.08 19:32:43.811,1.11585,1.11605,0.30,23.40
2008.01.08 19:32:44.023,1.11585,1.11605,0.30,23.40
2008.01.08 19:32:44.239,1.11585,1.11605,0.30,23.40
2008.01.08 19:32:44.749,1.11585,1.11605,0.30,23.40
2008.01.08 19:32:44.943,1.11585,1.11605,0.30,19.40
2008.01.08 19:32:45.251,1.11585,1.11605,0.30,19.40
2008.01.08 19:32:46.018,1.11585,1.11605,0.30,19.40
2008.01.08 19:32:46.497,1.11585,1.11605,0.30,19.40
2008.01.08 19:32:47.526,1.11585,1.11605,0.30,19.40
2008.01.08 19:32:48.171,1.11585,1.11605,0.30,19.40
2008.01.08 19:32:48.653,1.11585,1.11605,0.30,20.50
2008.01.08 19:32:48.901,1.11585,1.11605,0.30,20.50
2008.01.08 19:32:49.652,1.11585,1.11605,0.30,20.50
2008.01.08 19:32:49.800,1.11585,1.11605,0.30,20.50
2008.01.08 19:32:51.044,1.11585,1.11605,0.30,20.50
2008.01.08 19:32:51.315,1.11585,1.11605,0.30,20.50
2008.01.08 19:32:51.717,1.11585,1.11605,0.30,20.50
2008.01.08 19:32:52.029,1.11585,1.11605,0.30,20.50
2008.01.08 19:32:53.196,1.11585,1.11605,0.30,20.50
2008.01.08 19:32:56.059,1.11585,1.11605,0.30,20.50
2008.01.08 19:32:57.679,1.11585,1.11605,0.30,35.20
2008.01.08 19:32:57.845,1.1158,1.11595,0.30,8.00
2008.01.08 19:32:58.027,1.1158,1.11595,0.30,8.00
2008.01.08 19:32:58.261,1.1158,1.11595,0.30,8.00
2008.01.08 19:32:58.409,1.1158,1.11595,0.30,12.00
2008.01.08 19:32:58.555,1.1158,1.11595,0.30,12.00
2008.01.08 19:32:58.687,1.1158,1.11595,0.30,12.00
2008.01.08 19:32:59.485,1.1158,1.11595,0.30,12.00
2008.01.08 19:32:59.995,1.1158,1.11595,0.30,12.00
2008.01.08 19:33:00.802,1.1158,1.11595,0.30,12.00
2008.01.08 19:33:01.042,1.1158,1.11595,0.30,12.00
2008.01.08 19:33:01.244,1.1158,1.11595,0.30,12.00
2008.01.08 19:33:01.476,1.1158,1.11595,0.30,12.00
2008.01.08 19:33:03.304,1.1158,1.11595,0.30,12.00
2008.01.08 19:33:05.218,1.1158,1.11595,0.30,12.00
2008.01.08 19:33:06.064,1.11575,1.11595,8.70,12.00
2008.01.08 19:33:08.323,1.11575,1.11595,8.70,12.00
2008.01.08 19:33:09.759,1.1158,1.11595,0.30,12.00
2008.01.08 19:33:09.894,1.1158,1.11595,0.30,12.40
2008.01.08 19:33:10.013,1.11575,1.11595,8.50,13.30
2008.01.08 19:33:10.132,1.11575,1.11595,1.30,14.80
2008.01.08 19:33:10.270,1.1157,1.11595,0.60,22.00
2008.01.08 19:33:10.389,1.1157,1.11595,0.60,21.70
2008.01.08 19:33:10.525,1.1157,1.11595,0.60,20.90
2008.01.08 19:33:10.660,1.1157,1.11595,0.60,18.50
2008.01.08 19:33:10.776,1.11575,1.11595,0.30,16.90
2008.01.08 19:33:11.064,1.1157,1.11595,0.60,16.90
2008.01.08 19:33:11.352,1.1157,1.11595,0.60,16.90
2008.01.08 19:33:11.967,1.11575,1.11595,0.30,16.90
2008.01.08 19:33:13.344,1.1157,1.11595,0.60,16.90
2008.01.08 19:33:15.718,1.1157,1.11595,0.60,16.90
2008.01.08 19:33:15.971,1.1157,1.11595,0.60,16.80
2008.01.08 19:33:16.209,1.1157,1.11595,0.60,17.10
2008.01.08 19:33:16.447,1.11575,1.11595,0.30,16.80
2008.01.08 19:33:16.685,1.1157,1.11595,0.60,16.80
2008.01.08 19:33:16.924,1.1157,1.1159,0.60,0.80
2008.01.08 19:33:17.180,1.11575,1.11595,0.30,18.00
2008.01.08 19:33:17.469,1.1157,1.11595,0.60,21.00
2008.01.08 19:33:17.757,1.11575,1.1159,0.30,0.80
2008.01.08 19:33:18.044,1.1157,1.1159,0.60,0.80
2008.01.08 19:33:18.370,1.1157,1.1159,0.60,0.80
2008.01.08 19:33:18.743,1.1157,1.1159,0.60,0.80
2008.01.08 19:33:18.974,1.1157,1.1159,0.60,0.80
2008.01.08 19:33:19.166,1.1157,1.11595,0.60,17.70
2008.01.08 19:33:19.480,1.11575,1.11595,0.30,16.80
2008.01.08 19:33:19.794,1.1157,1.11595,0.60,16.80
2008.01.08 19:33:20.301,1.11575,1.11595,0.30,16.80
2008.01.08 19:33:21.020,1.11575,1.11595,0.30,16.80
2008.01.08 19:33:21.233,1.1157,1.11595,0.60,16.80
2008.01.08 19:33:21.781,1.1157,1.11595,0.60,16.80
2008.01.08 19:33:22.505,1.1157,1.11585,0.60,5.20
2008.01.08 19:33:22.721,1.11565,1.11585,14.50,0.80
2008.01.08 19:33:22.935,1.1157,1.11585,0.90,8.80
2008.01.08 19:33:23.151,1.11575,1.11585,0.30,8.00
2008.01.08 19:33:23.335,1.1157,1.1159,0.60,0.80
2008.01.08 19:33:23.519,1.1157,1.1159,0.60,0.80
2008.01.08 19:33:23.718,1.11575,1.1159,0.30,0.80
2008.01.08 19:33:24.333,1.1157,1.1159,0.60,0.80
2008.01.08 19:33:24.663,1.1157,1.1159,0.60,0.80
2008.01.08 19:33:24.936,1.11575,1.1159,0.30,0.80
2008.01.08 19:33:26.098,1.1157,1.1159,0.60,0.80
2008.01.08 19:33:26.433,1.1157,1.1159,0.60,0.80
2008.01.08 19:33:27.784,1.1157,1.1159,0.60,0.80
2008.01.08 19:33:28.447,1.11575,1.1159,0.30,0.80
2008.01.08 19:33:31.102,1.11575,1.1159,0.30,0.80
2008.01.08 19:33:33.160,1.1157,1.1159,0.60,0.80
2008.01.08 19:33:33.228,1.1157,1.1159,0.60,0.80
2008.01.08 19:33:33.317,1.11575,1.1159,0.30,0.80
2008.01.08 19:33:33.471,1.11575,1.1159,0.30,0.80
2008.01.08 19:33:34.952,1.11575,1.1159,0.30,0.80
2008.01.08 19:33:36.140,1.11575,1.1159,0.30,0.80
2008.01.08 19:33:38.529,1.11575,1.1159,0.30,0.80
2008.01.08 19:33:41.114,1.11575,1.1159,0.30,0.80
2008.01.08 19:33:43.566,1.11575,1.1159,0.30,0.80
2008.01.08 19:33:46.125,1.11575,1.1159,0.30,0.80
2008.01.08 19:33:48.584,1.11575,1.1159,0.30,0.80
2008.01.08 19:33:48.631,1.11575,1.1159,0.30,0.80
2008.01.08 19:33:48.676,1.11575,1.1159,0.30,0.80
2008.01.08 19:33:48.741,1.11575,1.1159,0.30,0.80
2008.01.08 19:33:48.772,1.11575,1.1159,0.30,0.80
2008.01.08 19:33:49.689,1.11575,1.1159,0.30,0.80
2008.01.08 19:33:50.037,1.11575,1.11585,0.30,4.00
2008.01.08 19:33:50.200,1.1157,1.11585,0.30,4.00
2008.01.08 19:33:50.366,1.1157,1.11585,0.30,12.00
2008.01.08 19:33:50.816,1.1157,1.11585,0.30,12.00
2008.01.08 19:33:51.028,1.1157,1.11585,0.30,12.00
2008.01.08 19:33:51.270,1.1157,1.11585,0.30,12.00
2008.01.08 19:33:51.639,1.11575,1.11585,0.30,12.00
2008.01.08 19:33:51.783,1.11575,1.11585,0.30,12.00
2008.01.08 19:33:51.926,1.11575,1.1159,0.30,0.80
2008.01.08 19:33:52.070,1.11575,1.1159,0.30,0.80
2008.01.08 19:33:52.356,1.11575,1.1159,0.30,0.80
2008.01.08 19:33:52.640,1.11575,1.1159,0.30,0.80
2008.01.08 19:33:53.035,1.11575,1.1159,0.30,0.80
2008.01.08 19:33:53.318,1.11575,1.1159,0.30,0.80
2008.01.08 19:33:53.612,1.11575,1.1159,0.30,0.80
2008.01.08 19:33:55.822,1.11575,1.1159,0.30,0.80
2008.01.08 19:33:56.152,1.11575,1.1159,0.30,0.80
2008.01.08 19:33:56.226,1.11575,1.1159,0.30,0.80
2008.01.08 19:33:56.325,1.11575,1.1159,0.30,0.80
2008.01.08 19:33:56.691,1.11575,1.1159,0.30,0.80
2008.01.08 19:33:57.012,1.11575,1.1159,0.30,0.80
2008.01.08 19:33:57.345,1.11575,1.11585,0.30,1.60
2008.01.08 19:33:57.525,1.11575,1.11585,0.30,1.60
2008.01.08 19:33:58.171,1.11575,1.11585,0.30,3.20
2008.01.08 19:33:58.354,1.1156,1.1158,0.30,0.80
2008.01.08 19:33:58.550,1.1156,1.1158,0.30,0.80
2008.01.08 19:33:58.750,1.11555,1.1158,11.40,1.00
2008.01.08 19:33:58.948,1.11555,1.11575,4.20,9.60
2008.01.08 19:33:59.147,1.1156,1.11575,0.30,12.00
2008.01.08 19:33:59.346,1.1156,1.11575,0.30,12.00
2008.01.08 19:33:59.780,1.1156,1.11575,0.30,12.00
2008.01.08 19:34:00.029,1.1156,1.11575,0.30,12.00
2008.01.08 19:34:00.277,1.1156,1.11575,0.30,13.60
2008.01.08 19:34:00.526,1.1156,1.11575,0.30,13.60
2008.01.08 19:34:00.650,1.11555,1.11575,6.60,13.60
2008.01.08 19:34:00.763,1.11555,1.11575,0.30,18.40
2008.01.08 19:34:00.877,1.11555,1.11575,0.30,19.20
2008.01.08 19:34:01.161,1.11555,1.11575,0.30,19.20
2008.01.08 19:34:01.273,1.11555,1.11575,0.30,19.20
2008.01.08 19:34:01.556,1.11555,1.11575,0.30,19.20
2008.01.08 19:34:01.854,1.11555,1.11575,0.30,19.20
2008.01.08 19:34:02.226,1.11555,1.11575,0.30,19.20
2008.01.08 19:34:02.530,1.11555,1.11575,0.30,19.20
2008.01.08 19:34:02.762,1.11555,1.11575,0.30,19.20
2008.01.08 19:34:03.121,1.11555,1.11575,0.30,18.40
2008.01.08 19:34:03.265,1.1156,1.11575,0.30,13.60
2008.01.08 19:34:03.707,1.1156,1.11575,0.30,13.60
2008.01.08 19:34:03.906,1.1156,1.11575,0.30,13.60
2008.01.08 19:34:04.268,1.1156,1.11575,0.30,13.60
2008.01.08 19:34:04.353,1.1156,1.11575,0.30,13.60
2008.01.08 19:34:04.474,1.1156,1.11575,0.30,13.60
2008.01.08 19:34:05.310,1.11555,1.11575,6.90,13.60
2008.01.08 19:34:06.189,1.11555,1.11575,6.90,13.60
2008.01.08 19:34:07.469,1.1156,1.11575,0.30,13.60
2008.01.08 19:34:08.017,1.1156,1.11575,0.30,13.60
2008.01.08 19:34:08.733,1.1156,1.11575,0.30,13.60
2008.01.08 19:34:10.196,1.1156,1.11575,0.30,13.60
2008.01.08 19:34:11.116,1.11555,1.11575,6.90,13.60
2008.01.08 19:34:11.300,1.11555,1.11575,6.90,13.60
2008.01.08 19:34:12.245,1.11555,1.11575,6.90,13.60
2008.01.08 19:34:13.776,1.1156,1.11575,0.30,13.60
2008.01.08 19:34:16.210,1.11555,1.11575,6.90,13.60
2008.01.08 19:34:17.569,1.11555,1.11575,6.90,13.60
2008.01.08 19:34:18.808,1.1156,1.11575,0.30,13.60
2008.01.08 19:34:21.202,1.1156,1.11575,0.30,13.60
2008.01.08 19:34:22.524,1.11555,1.11575,6.90,13.60
2008.01.08 19:34:23.049,1.11555,1.11575,6.90,13.60
2008.01.08 19:34:23.844,1.11555,1.11575,6.90,13.60
2008.01.08 19:34:26.190,1.11555,1.11575,6.90,13.60
2008.01.08 19:34:28.875,1.1156,1.11575,0.30,13.60
2008.01.08 19:34:28.974,1.1156,1.11575,0.30,13.60
2008.01.08 19:34:31.213,1.1156,1.11575,0.30,13.60
2008.01.08 19:34:33.410,1.11555,1.11575,6.90,13.60
2008.01.08 19:34:33.895,1.1156,1.1157,2.30,12.00
2008.01.08 19:34:35.036,1.1154,1.1158,4.80,7.20
2008.01.08 19:34:36.211,1.11545,1.1158,1.80,7.20
2008.01.08 19:34:38.736,1.11545,1.1158,1.30,7.20
2008.01.08 19:34:38.914,1.1154,1.1158,4.80,7.20
2008.01.08 19:34:39.251,1.1154,1.1158,4.80,7.20
2008.01.08 19:34:40.228,1.11545,1.1158,1.70,7.20
2008.01.08 19:34:41.247,1.1154,1.1158,4.00,7.20
2008.01.08 19:34:41.383,1.1154,1.1158,4.00,7.20
2008.01.08 19:34:43.005,1.11545,1.1158,0.50,7.20
2008.01.08 19:34:43.117,1.11545,1.11575,3.70,0.30
2008.01.08 19:34:43.226,1.1155,1.1157,7.40,0.80
2008.01.08 19:34:43.334,1.1155,1.1157,0.30,2.40
2008.01.08 19:34:43.456,1.1155,1.1157,0.30,2.40
2008.01.08 19:34:43.566,1.1155,1.1157,0.30,2.40
2008.01.08 19:34:43.761,1.11545,1.1157,7.70,2.40
2008.01.08 19:34:44.028,1.11545,1.1157,3.70,2.40
2008.01.08 19:34:44.297,1.1155,1.1157,0.60,1.60
2008.01.08 19:34:44.570,1.1155,1.1157,0.60,1.60
2008.01.08 19:34:44.837,1.1155,1.1157,0.60,1.60
2008.01.08 19:34:45.021,1.1155,1.1157,0.30,1.60
2008.01.08 19:34:45.205,1.11545,1.11565,9.30,8.00
2008.01.08 19:34:45.388,1.11545,1.11565,8.50,8.00
2008.01.08 19:34:45.572,1.11545,1.11565,8.50,8.00
2008.01.08 19:34:45.755,1.1155,1.11565,0.30,8.00
2008.01.08 19:34:45.957,1.11545,1.11565,8.50,12.00
2008.01.08 19:34:46.043,1.11545,1.11565,8.50,12.00
2008.01.08 19:34:46.226,1.1155,1.11565,0.30,12.00
2008.01.08 19:34:46.326,1.1155,1.11565,0.30,12.00
2008.01.08 19:34:46.568,1.1155,1.11565,0.30,12.00
2008.01.08 19:34:46.774,1.11545,1.11565,8.50,12.00
2008.01.08 19:34:46.981,1.11545,1.11565,8.50,12.00
2008.01.08 19:34:47.228,1.1155,1.11565,0.30,13.60
2008.01.08 19:34:47.477,1.1155,1.11565,0.30,13.60
2008.01.08 19:34:47.820,1.11545,1.11565,6.90,14.40
2008.01.08 19:34:48.068,1.11545,1.11565,6.90,14.40
2008.01.08 19:34:48.283,1.1155,1.11565,0.30,14.40
2008.01.08 19:34:48.535,1.11545,1.11565,6.90,14.40
2008.01.08 19:34:48.995,1.1155,1.11565,0.30,14.40
2008.01.08 19:34:51.242,1.1155,1.11565,0.30,14.40
2008.01.08 19:34:51.624,1.11545,1.11565,2.10,14.40
2008.01.08 19:34:51.653,1.11545,1.11565,1.80,16.80
2008.01.08 19:34:51.678,1.1154,1.11565,0.60,16.80
2008.01.08 19:34:51.748,1.1154,1.11565,0.60,16.80
2008.01.08 19:34:51.793,1.1154,1.11565,0.60,17.60
2008.01.08 19:34:51.811,1.1154,1.11565,0.60,17.60
2008.01.08 19:34:52.182,1.1154,1.11565,0.60,18.40
2008.01.08 19:34:52.205,1.11545,1.11565,0.30,19.20
2008.01.08 19:34:52.378,1.1154,1.11565,0.60,20.00
2008.01.08 19:34:52.584,1.1154,1.11565,0.60,20.00
2008.01.08 19:34:52.792,1.11545,1.11565,0.30,20.00
2008.01.08 19:34:52.996,1.11545,1.11565,0.30,20.00
2008.01.08 19:34:54.048,1.1154,1.11565,0.60,20.00
2008.01.08 19:34:54.656,1.1155,1.11565,0.30,20.00
2008.01.08 19:34:54.807,1.11545,1.11565,2.90,14.40
2008.01.08 19:34:55.294,1.1155,1.11565,0.30,14.40
2008.01.08 19:34:55.558,1.1155,1.11565,0.30,14.40
2008.01.08 19:34:56.249,1.11545,1.11565,6.90,14.40
2008.01.08 19:34:59.076,1.11545,1.11565,6.90,14.40
2008.01.08 19:34:59.756,1.11545,1.11565,6.90,14.40
2008.01.08 19:35:01.293,1.1155,1.11565,0.30,14.40
2008.01.08 19:35:04.090,1.1155,1.11565,0.30,14.40
2008.01.08 19:35:06.298,1.1155,1.11565,0.30,14.40
2008.01.08 19:35:07.832,1.1155,1.11565,0.30,14.40
2008.01.08 19:35:09.109,1.1155,1.11565,0.30,14.40
2008.01.08 19:35:11.295,1.1155,1.11565,0.30,14.40
2008.01.08 19:35:11.463,1.1155,1.11565,0.30,14.40
2008.01.08 19:35:13.271,1.1155,1.11565,0.30,14.40
2008.01.08 19:35:13.472,1.1155,1.11565,0.30,14.40
2008.01.08 19:35:14.146,1.1155,1.11565,0.30,14.40
2008.01.08 19:35:14.722,1.1155,1.11565,0.30,14.40
2008.01.08 19:35:16.316,1.1155,1.11565,0.30,14.40
2008.01.08 19:35:18.049,1.1155,1.11565,0.30,14.40
2008.01.08 19:35:19.019,1.1155,1.11565,0.30,14.40
2008.01.08 19:35:19.311,1.1155,1.11565,0.30,14.40
2008.01.08 19:35:19.716,1.1155,1.11565,0.30,14.40
2008.01.08 19:35:21.301,1.1155,1.11565,0.30,14.40
2008.01.08 19:35:24.235,1.1155,1.11565,0.30,14.40
2008.01.08 19:35:26.321,1.11535,1.11565,3.20,0.80
2008.01.08 19:35:29.238,1.11535,1.11565,3.20,0.80
2008.01.08 19:35:31.305,1.11535,1.11565,3.20,0.80
2008.01.08 19:35:34.301,1.11535,1.11565,3.20,0.80
2008.01.08 19:35:35.552,1.11535,1.11565,3.20,0.80
2008.01.08 19:35:36.340,1.11535,1.1157,3.20,2.40
2008.01.08 19:35:39.357,1.11535,1.11565,3.20,0.80
2008.01.08 19:35:41.043,1.11535,1.11565,3.20,0.80
2008.01.08 19:35:41.321,1.11535,1.11565,3.20,0.80
2008.01.08 19:35:41.442,1.11535,1.1157,3.20,2.40
2008.01.08 19:35:42.263,1.11535,1.11565,3.20,0.80
2008.01.08 19:35:43.896,1.1155,1.1156,4.80,0.80
2008.01.08 19:35:44.001,1.1155,1.11565,4.80,15.20
2008.01.08 19:35:44.354,1.1155,1.1156,4.80,0.80
2008.01.08 19:35:46.353,1.1155,1.1156,4.80,0.90
2008.01.08 19:35:49.404,1.1155,1.11565,4.80,15.20
2008.01.08 19:35:51.345,1.1155,1.1156,4.80,0.70
2008.01.08 19:35:54.447,1.1155,1.1156,4.80,0.90
2008.01.08 19:35:54.725,1.1155,1.1156,4.80,0.80
2008.01.08 19:35:55.038,1.1155,1.11565,4.80,15.20
2008.01.08 19:35:56.364,1.1155,1.11565,4.80,15.20
2008.01.08 19:35:59.466,1.1155,1.11565,4.80,15.20
2008.01.08 19:36:01.410,1.1155,1.11565,4.80,15.20
2008.01.08 19:36:04.503,1.1155,1.11565,4.80,15.20
2008.01.08 19:36:06.371,1.1155,1.1156,4.80,12.80
2008.01.08 19:36:09.526,1.1155,1.1156,4.80,12.80
2008.01.08 19:36:11.398,1.1155,1.1156,4.80,12.80
2008.01.08 19:36:12.703,1.1155,1.1156,4.80,12.80
2008.01.08 19:36:13.227,1.1155,1.1156,4.80,12.80
2008.01.08 19:36:14.561,1.11535,1.11565,3.20,0.80
2008.01.08 19:36:15.881,1.11535,1.11565,3.20,0.80
2008.01.08 19:36:16.015,1.1155,1.1156,7.20,16.00
2008.01.08 19:36:16.149,1.11545,1.11565,7.40,17.60
2008.01.08 19:36:16.209,1.1155,1.11565,0.30,17.80
2008.01.08 19:36:16.247,1.1155,1.11565,0.30,20.20
2008.01.08 19:36:16.287,1.1155,1.11565,0.30,23.40
2008.01.08 19:36:16.332,1.1155,1.1156,0.30,0.80
2008.01.08 19:36:16.400,1.1155,1.1156,0.30,0.80
2008.01.08 19:36:16.641,1.1155,1.1156,0.30,0.80
2008.01.08 19:36:16.810,1.1155,1.1156,0.30,0.80
2008.01.08 19:36:16.849,1.11545,1.1156,0.30,0.80
2008.01.08 19:36:16.944,1.11545,1.1156,0.30,0.80
2008.01.08 19:36:17.040,1.11545,1.11565,0.30,20.00
2008.01.08 19:36:17.214,1.11545,1.11565,0.30,20.00
2008.01.08 19:36:17.635,1.11545,1.11565,0.30,0.60
2008.01.08 19:36:17.788,1.11545,1.11565,0.30,0.80
2008.01.08 19:36:18.050,1.11545,1.1157,0.30,28.20
2008.01.08 19:36:18.332,1.1154,1.1156,0.30,12.80
2008.01.08 19:36:18.536,1.1154,1.1156,0.30,12.80
2008.01.08 19:36:18.610,1.11545,1.1156,0.30,12.80
2008.01.08 19:36:18.691,1.11545,1.1157,0.30,45.00
2008.01.08 19:36:18.766,1.11545,1.1157,0.30,34.60
2008.01.08 19:36:18.839,1.11545,1.1157,0.30,30.60
2008.01.08 19:36:18.913,1.1154,1.11565,0.30,0.60
2008.01.08 19:36:18.986,1.1154,1.1157,0.30,32.40
2008.01.08 19:36:19.059,1.1154,1.11565,0.30,0.80
2008.01.08 19:36:19.150,1.1154,1.11565,0.30,22.60
2008.01.08 19:36:19.337,1.1154,1.11565,0.30,23.40
2008.01.08 19:36:19.501,1.1154,1.11565,0.30,24.20
2008.01.08 19:36:19.665,1.1154,1.11565,0.30,24.20
2008.01.08 19:36:19.828,1.1154,1.1156,0.30,0.70
2008.01.08 19:36:19.993,1.11545,1.11565,0.30,20.80
2008.01.08 19:36:20.175,1.11545,1.11565,0.30,0.80
2008.01.08 19:36:21.397,1.11545,1.1157,0.30,29.00
2008.01.08 19:36:22.539,1.11545,1.11555,0.30,0.40
2008.01.08 19:36:24.648,1.11545,1.11565,0.30,20.40
2008.01.08 19:36:26.288,1.1155,1.11555,0.30,0.40
2008.01.08 19:36:26.415,1.1155,1.11555,0.30,0.40
2008.01.08 19:36:26.536,1.1155,1.1156,0.30,1.20
2008.01.08 19:36:29.652,1.1155,1.1156,0.30,1.20
2008.01.08 19:36:31.428,1.1155,1.1156,0.30,1.20
2008.01.08 19:36:32.235,1.1155,1.1156,0.30,1.20
2008.01.08 19:36:33.866,1.1155,1.1156,0.30,1.20
2008.01.08 19:36:33.957,1.1155,1.11555,0.30,0.40
2008.01.08 19:36:33.985,1.1155,1.11555,0.30,0.40
2008.01.08 19:36:34.059,1.1155,1.1156,0.30,0.82
2008.01.08 19:36:34.170,1.1155,1.1156,0.30,0.82
2008.01.08 19:36:34.245,1.1155,1.11555,0.30,0.02
2008.01.08 19:36:34.284,1.1155,1.11555,0.30,0.02
2008.01.08 19:36:34.379,1.1155,1.11555,0.30,0.02
2008.01.08 19:36:34.484,1.1155,1.11555,0.30,0.02
2008.01.08 19:36:34.512,1.1155,1.11555,0.30,0.02
2008.01.08 19:36:34.584,1.1155,1.11555,0.30,0.02
2008.01.08 19:36:34.668,1.1155,1.11555,0.30,0.02
2008.01.08 19:36:34.784,1.1155,1.11555,0.30,0.02
2008.01.08 19:36:34.902,1.1155,1.11555,0.30,0.02
2008.01.08 19:36:35.021,1.1155,1.1157,0.30,24.00
2008.01.08 19:36:36.430,1.1155,1.11565,0.30,0.60
2008.01.08 19:36:39.456,1.1155,1.1157,0.30,24.00
2008.01.08 19:36:39.698,1.1155,1.1157,0.30,24.00
2008.01.08 19:36:41.446,1.1155,1.11565,0.30,0.90
2008.01.08 19:36:42.259,1.1155,1.11565,0.30,0.80
2008.01.08 19:36:42.377,1.1155,1.11565,0.30,0.50
2008.01.08 19:36:44.745,1.1155,1.11565,0.30,0.70
2008.01.08 19:36:46.476,1.1155,1.11565,0.30,0.70
2008.01.08 19:36:49.796,1.1155,1.11565,0.30,16.80
2008.01.08 19:36:50.067,1.11555,1.11565,0.30,16.80
2008.01.08 19:36:50.199,1.11555,1.11565,0.30,17.60
2008.01.08 19:36:51.463,1.11555,1.11565,0.30,17.60
2008.01.08 19:36:54.800,1.11555,1.11565,0.30,17.60
2008.01.08 19:36:55.716,1.11555,1.11565,0.30,0.60
2008.01.08 19:36:55.944,1.11555,1.1157,0.30,23.40
2008.01.08 19:36:56.133,1.11555,1.1157,0.30,19.40
2008.01.08 19:36:56.181,1.11555,1.11565,0.30,0.50
2008.01.08 19:36:56.224,1.11555,1.11565,0.30,0.50
2008.01.08 19:36:56.268,1.11555,1.11565,0.30,0.50
2008.01.08 19:36:56.487,1.11555,1.11565,0.30,0.50
2008.01.08 19:36:56.568,1.11555,1.11565,0.30,0.90
2008.01.08 19:36:56.792,1.11555,1.11565,0.30,0.50
2008.01.08 19:36:56.900,1.1155,1.1157,0.30,19.20
2008.01.08 19:36:56.986,1.1155,1.1157,0.30,19.20
2008.01.08 19:36:57.028,1.1155,1.1157,0.30,18.40
2008.01.08 19:36:57.117,1.1155,1.11565,0.30,0.60
2008.01.08 19:36:57.351,1.1155,1.1157,0.30,18.40
2008.01.08 19:36:59.853,1.1155,1.11565,0.30,0.60
2008.01.08 19:37:00.026,1.1155,1.1157,0.30,18.40
2008.01.08 19:37:00.131,1.1155,1.11565,0.30,0.90
2008.01.08 19:37:00.235,1.1155,1.1157,0.30,18.40
2008.01.08 19:37:01.479,1.1155,1.1157,0.30,18.40
2008.01.08 19:37:04.875,1.1155,1.11565,0.30,0.80
2008.01.08 19:37:06.490,1.1155,1.11565,0.30,0.60
2008.01.08 19:37:09.893,1.1155,1.11565,0.30,0.60
2008.01.08 19:37:11.488,1.1155,1.1157,0.30,18.40
2008.01.08 19:37:14.939,1.1155,1.11565,0.30,0.90
2008.01.08 19:37:16.497,1.1155,1.1157,0.30,18.40
2008.01.08 19:37:19.946,1.1155,1.1157,0.30,18.40
2008.01.08 19:37:21.497,1.1155,1.1157,0.30,18.40
2008.01.08 19:37:22.837,1.1155,1.1157,0.30,18.40
2008.01.08 19:37:23.043,1.1155,1.1157,0.30,18.40
2008.01.08 19:37:25.068,1.1155,1.1157,0.30,21.60
2008.01.08 19:37:25.133,1.1155,1.11565,0.30,16.00
2008.01.08 19:37:26.528,1.1155,1.11565,0.30,16.00
2008.01.08 19:37:27.113,1.11545,1.11565,4.20,16.00
2008.01.08 19:37:27.301,1.11545,1.11565,0.30,18.40
2008.01.08 19:37:27.494,1.11545,1.11565,0.30,26.40
2008.01.08 19:37:27.834,1.11545,1.11565,0.30,26.40
2008.01.08 19:37:28.647,1.11545,1.11565,0.30,28.00
2008.01.08 19:37:28.831,1.1154,1.11555,0.30,10.40
2008.01.08 19:37:29.014,1.1154,1.11555,0.30,10.40
2008.01.08 19:37:29.197,1.1154,1.11555,0.30,10.40
2008.01.08 19:37:29.381,1.1154,1.11555,0.30,14.40
2008.01.08 19:37:29.703,1.1154,1.11555,0.30,14.40
2008.01.08 19:37:29.803,1.1154,1.11555,0.30,14.40
2008.01.08 19:37:30.110,1.1154,1.11555,0.30,14.40
2008.01.08 19:37:30.222,1.1154,1.11555,0.30,14.40
2008.01.08 19:37:30.321,1.1154,1.11555,0.30,14.40
2008.01.08 19:37:31.362,1.1154,1.11555,0.30,14.40
2008.01.08 19:37:32.078,1.1154,1.1156,0.30,16.00
2008.01.08 19:37:32.240,1.1154,1.11555,0.30,14.40
2008.01.08 19:37:32.545,1.1154,1.11555,0.30,14.40
2008.01.08 19:37:33.264,1.1154,1.11555,0.30,14.40
2008.01.08 19:37:35.189,1.1154,1.11555,0.30,14.40
2008.01.08 19:37:38.623,1.1154,1.11555,0.30,14.40
2008.01.08 19:37:38.714,1.11545,1.11555,0.30,15.20
2008.01.08 19:37:39.871,1.11545,1.11555,0.30,15.20
2008.01.08 19:37:40.213,1.11545,1.11555,0.30,15.20
2008.01.08 19:37:41.536,1.11545,1.11555,0.30,15.20
2008.01.08 19:37:44.642,1.11545,1.11555,0.30,15.20
2008.01.08 19:37:45.240,1.11545,1.11555,0.30,15.20
2008.01.08 19:37:46.557,1.11545,1.11555,0.30,15.20
2008.01.08 19:37:46.821,1.11545,1.11555,0.30,15.20
2008.01.08 19:37:47.005,1.11545,1.11555,0.30,15.20
2008.01.08 19:37:47.188,1.11545,1.11555,0.30,15.20
2008.01.08 19:37:47.795,1.11545,1.11555,0.30,15.20
2008.01.08 19:37:48.320,1.11545,1.11555,0.30,15.20
2008.01.08 19:37:48.484,1.11545,1.11555,0.30,15.20
2008.01.08 19:37:50.238,1.11545,1.11555,0.30,16.80
2008.01.08 19:37:50.506,1.11545,1.11555,0.30,16.80
2008.01.08 19:37:50.698,1.11535,1.11555,1.50,16.80
2008.01.08 19:37:50.892,1.11535,1.11555,0.70,19.20
2008.01.08 19:37:51.087,1.11535,1.11555,0.70,19.20
2008.01.08 19:37:51.280,1.11535,1.11555,0.70,19.20
2008.01.08 19:37:51.477,1.11535,1.11555,0.70,19.20
2008.01.08 19:37:51.794,1.11535,1.11555,0.50,19.20
2008.01.08 19:37:52.042,1.11535,1.11555,0.50,19.20
2008.01.08 19:37:52.294,1.11535,1.11555,0.50,19.20
2008.01.08 19:37:55.077,1.11535,1.11555,0.50,18.40
2008.01.08 19:37:55.105,1.11535,1.11555,0.50,17.60
2008.01.08 19:37:55.136,1.1154,1.11555,0.30,17.60
2008.01.08 19:37:55.187,1.1154,1.11555,0.30,16.00
2008.01.08 19:37:55.225,1.1154,1.11555,0.30,16.00
2008.01.08 19:37:55.284,1.1154,1.11555,0.30,16.00
2008.01.08 19:37:55.322,1.1154,1.11555,0.30,16.00
2008.01.08 19:37:55.793,1.1154,1.11555,0.30,16.00
2008.01.08 19:37:55.981,1.1154,1.11555,0.30,16.00
2008.01.08 19:37:56.170,1.1154,1.11555,0.30,16.00
2008.01.08 19:37:56.358,1.1154,1.11555,0.30,16.00
2008.01.08 19:37:56.553,1.1154,1.11555,0.30,16.00
2008.01.08 19:37:56.740,1.1154,1.11555,0.30,16.00
2008.01.08 19:37:57.280,1.1154,1.11555,0.30,16.00
2008.01.08 19:38:00.339,1.1154,1.11555,0.30,16.00
2008.01.08 19:38:01.578,1.1154,1.11555,0.30,16.00
2008.01.08 19:38:04.770,1.1154,1.11555,0.30,16.00
2008.01.08 19:38:05.371,1.1154,1.11555,0.30,16.00
2008.01.08 19:38:06.578,1.1154,1.11555,0.30,16.00
2008.01.08 19:38:07.239,1.1154,1.11555,0.30,16.00
2008.01.08 19:38:10.413,1.1154,1.11555,0.30,16.00
2008.01.08 19:38:11.583,1.1154,1.11555,0.30,16.00
2008.01.08 19:38:15.441,1.1154,1.11555,0.30,16.00
2008.01.08 19:38:16.604,1.1154,1.11555,0.30,16.00
2008.01.08 19:38:20.463,1.1154,1.11555,0.30,16.00
2008.01.08 19:38:21.619,1.1154,1.11555,0.30,16.00
2008.01.08 19:38:25.485,1.1154,1.1155,4.40,16.00
2008.01.08 19:38:26.630,1.1154,1.1155,0.60,4.00
2008.01.08 19:38:29.708,1.1154,1.1155,0.60,0.70
2008.01.08 19:38:30.518,1.1154,1.1155,0.60,4.00
2008.01.08 19:38:31.625,1.1154,1.1155,0.60,4.00
2008.01.08 19:38:35.537,1.1154,1.1155,0.60,4.00
2008.01.08 19:38:36.638,1.1154,1.1155,0.60,4.00
2008.01.08 19:38:55.326,1.1153,1.1156,1.60,0.80
2008.01.08 19:38:55.687,1.1153,1.1156,1.60,0.80
2008.01.08 19:38:55.831,1.1153,1.1156,1.60,0.80
2008.01.08 19:38:56.247,1.1153,1.1156,1.60,0.80
2008.01.08 19:38:56.677,1.1153,1.1156,1.60,0.80
2008.01.08 19:38:59.241,1.1153,1.1155,19.30,4.80
2008.01.08 19:38:59.293,1.1153,1.11545,17.70,0.80
2008.01.08 19:38:59.349,1.1153,1.11545,15.60,0.80
2008.01.08 19:38:59.443,1.1153,1.11545,12.50,0.80
2008.01.08 19:38:59.505,1.1153,1.11545,12.50,1.60
2008.01.08 19:38:59.552,1.1153,1.1154,10.40,0.60
2008.01.08 19:38:59.629,1.11525,1.11545,10.60,2.20
2008.01.08 19:38:59.658,1.11525,1.11545,5.80,4.40
2008.01.08 19:38:59.758,1.11525,1.11545,5.80,18.00
2008.01.08 19:38:59.807,1.11525,1.11545,4.20,20.60
2008.01.08 19:38:59.855,1.11525,1.11545,4.20,21.40
2008.01.08 19:38:59.904,1.11525,1.11545,4.20,21.80
2008.01.08 19:38:59.971,1.11525,1.11545,4.20,21.60
2008.01.08 19:39:00.036,1.11525,1.11545,4.20,21.60
2008.01.08 19:39:00.361,1.11525,1.11545,4.20,20.50
2008.01.08 19:39:00.664,1.11525,1.11545,4.20,20.50
2008.01.08 19:39:00.976,1.1152,1.11545,0.30,20.80
2008.01.08 19:39:01.279,1.1152,1.1154,0.30,2.40
2008.01.08 19:39:01.488,1.1152,1.1154,0.30,2.40
2008.01.08 19:39:01.696,1.1152,1.1154,0.30,2.40
2008.01.08 19:39:01.914,1.1152,1.11535,0.30,12.00
2008.01.08 19:39:02.122,1.1152,1.11535,0.30,12.00
2008.01.08 19:39:02.377,1.11525,1.11535,0.30,4.00
2008.01.08 19:39:02.644,1.11525,1.11535,0.30,4.00
2008.01.08 19:39:02.898,1.11525,1.11535,0.30,12.00
2008.01.08 19:39:03.151,1.11525,1.11535,0.30,12.00
2008.01.08 19:39:03.394,1.11525,1.1154,0.30,0.80
2008.01.08 19:39:03.689,1.11525,1.1154,0.30,0.80
2008.01.08 19:39:03.931,1.11525,1.11545,0.30,25.60
2008.01.08 19:39:04.180,1.11525,1.11545,0.30,24.00
2008.01.08 19:39:04.383,1.11525,1.11545,0.30,24.00
2008.01.08 19:39:05.736,1.11525,1.11545,0.30,24.00
2008.01.08 19:39:06.678,1.11525,1.11545,0.30,24.00
2008.01.08 19:39:08.659,1.11525,1.11545,0.30,23.90
2008.01.08 19:39:08.822,1.11525,1.11545,0.30,23.10
2008.01.08 19:39:10.790,1.11525,1.11545,0.30,23.10
2008.01.08 19:39:11.688,1.11525,1.11545,0.30,23.10
2008.01.08 19:39:12.417,1.11525,1.11545,0.30,22.80
2008.01.08 19:39:12.611,1.11525,1.11545,0.30,22.80
2008.01.08 19:39:12.809,1.11525,1.11545,0.30,22.80
2008.01.08 19:39:13.324,1.11525,1.11545,0.30,22.80
2008.01.08 19:39:15.202,1.11525,1.11545,0.30,26.70
2008.01.08 19:39:15.285,1.11525,1.1154,0.30,0.80
2008.01.08 19:39:15.368,1.11525,1.1154,0.30,0.80
2008.01.08 19:39:15.702,1.11525,1.1154,0.30,0.80
2008.01.08 19:39:15.847,1.11525,1.1154,0.30,0.80
2008.01.08 19:39:16.108,1.11525,1.11545,0.30,24.40
2008.01.08 19:39:16.412,1.11525,1.11545,0.30,22.80
2008.01.08 19:39:16.970,1.11525,1.11545,0.30,26.70
2008.01.08 19:39:17.228,1.11525,1.1154,0.30,0.80
2008.01.08 19:39:17.487,1.11525,1.1154,0.30,0.80
2008.01.08 19:39:18.324,1.11525,1.1154,0.30,0.80
2008.01.08 19:39:18.523,1.11525,1.1154,0.30,0.80
2008.01.08 19:39:18.740,1.11525,1.1154,0.30,0.80
2008.01.08 19:39:19.142,1.11525,1.1154,0.30,0.80
2008.01.08 19:39:19.262,1.11525,1.1154,0.30,0.80
2008.01.08 19:39:19.464,1.11525,1.1154,0.30,0.80
2008.01.08 19:39:20.898,1.11525,1.1154,0.30,0.80
2008.01.08 19:39:21.212,1.11525,1.1154,0.30,0.80
2008.01.08 19:39:21.663,1.11525,1.1154,0.30,0.80
2008.01.08 19:39:21.807,1.11525,1.1154,0.30,0.80
2008.01.08 19:39:25.276,1.11525,1.1154,0.30,0.80
2008.01.08 19:39:25.808,1.11525,1.1154,0.30,0.80
2008.01.08 19:39:25.946,1.11525,1.1154,0.30,0.80
2008.01.08 19:39:26.300,1.11525,1.1154,0.30,0.80
2008.01.08 19:39:26.622,1.11525,1.1154,0.30,0.80
2008.01.08 19:39:27.223,1.11525,1.1154,0.30,0.80
2008.01.08 19:39:27.876,1.1152,1.1154,0.60,0.80
2008.01.08 19:39:28.239,1.11525,1.1154,0.30,0.80
2008.01.08 19:39:30.985,1.1152,1.1154,0.60,0.80
2008.01.08 19:39:31.743,1.1152,1.1154,0.60,0.80
2008.01.08 19:39:32.917,1.11515,1.1154,9.60,32.50
2008.01.08 19:39:34.475,1.1152,1.1154,4.80,28.50
2008.01.08 19:39:34.555,1.1152,1.1154,4.10,28.50
2008.01.08 19:39:35.982,1.11515,1.1154,9.60,28.50
2008.01.08 19:39:36.335,1.1152,1.1154,2.50,28.50
2008.01.08 19:39:36.741,1.11515,1.1154,9.60,28.50
2008.01.08 19:39:38.082,1.1152,1.1154,1.40,28.50
2008.01.08 19:39:38.239,1.11515,1.1154,9.60,27.60
2008.01.08 19:39:38.404,1.1152,1.1154,4.00,27.50
2008.01.08 19:39:38.512,1.11515,1.1154,9.60,27.50
2008.01.08 19:39:38.808,1.1152,1.1154,2.40,27.50
2008.01.08 19:39:38.918,1.11515,1.1154,9.60,28.50
2008.01.08 19:39:39.026,1.11515,1.1154,12.80,28.50
2008.01.08 19:39:39.205,1.11515,1.1154,14.40,26.90
2008.01.08 19:39:39.296,1.1152,1.1154,3.80,24.50
2008.01.08 19:39:39.630,1.11515,1.1154,12.00,26.10
2008.01.08 19:39:39.964,1.1152,1.1154,2.20,28.50
2008.01.08 19:39:40.297,1.1152,1.1154,4.80,28.50
2008.01.08 19:39:41.002,1.1152,1.1154,2.30,28.50
2008.01.08 19:39:41.747,1.11515,1.1154,9.60,28.50
2008.01.08 19:39:42.467,1.11525,1.1154,0.80,28.50
2008.01.08 19:39:42.635,1.11525,1.11535,0.80,0.80
2008.01.08 19:39:42.804,1.1152,1.11535,9.60,0.80
2008.01.08 19:39:43.062,1.1152,1.11535,9.60,0.80
2008.01.08 19:39:43.229,1.1152,1.11535,12.00,0.80
2008.01.08 19:39:43.397,1.1152,1.11535,12.00,0.80
2008.01.08 19:39:44.250,1.1152,1.11535,12.00,0.80
2008.01.08 19:39:45.364,1.11525,1.11535,0.80,0.80
2008.01.08 19:39:45.608,1.1152,1.11535,12.00,0.80
2008.01.08 19:39:45.707,1.1152,1.11535,9.60,0.80
2008.01.08 19:39:45.805,1.1152,1.11535,9.60,0.80
2008.01.08 19:39:46.024,1.11525,1.11535,0.80,0.80
2008.01.08 19:39:46.204,1.1152,1.11535,9.60,0.80
2008.01.08 19:39:46.302,1.1152,1.11535,9.60,0.80
2008.01.08 19:39:46.466,1.1152,1.11535,9.60,0.80
2008.01.08 19:39:46.766,1.11525,1.11535,0.80,0.80
2008.01.08 19:39:49.305,1.1152,1.11535,9.60,0.80
2008.01.08 19:39:51.070,1.1152,1.11535,9.60,0.80
2008.01.08 19:39:51.754,1.11525,1.11535,0.80,0.80
2008.01.08 19:39:55.105,1.11525,1.11535,0.80,0.80
2008.01.08 19:39:55.317,1.11525,1.11535,0.80,0.80
2008.01.08 19:39:55.623,1.11525,1.11535,0.80,0.80
2008.01.08 19:39:56.095,1.11525,1.11535,0.80,0.80
2008.01.08 19:39:56.320,1.11525,1.11535,0.80,0.80
2008.01.08 19:39:56.509,1.11525,1.11535,0.80,0.80
2008.01.08 19:39:56.766,1.11525,1.11535,0.80,0.80
2008.01.08 19:39:57.041,1.11525,1.11535,0.80,0.80
2008.01.08 19:39:58.239,1.11525,1.11535,0.80,0.80
2008.01.08 19:39:59.285,1.11525,1.11535,0.80,0.80
2008.01.08 19:40:00.327,1.11525,1.11535,0.80,0.80
2008.01.08 19:40:01.125,1.11525,1.11535,0.80,0.80
2008.01.08 19:40:01.777,1.11525,1.11535,0.80,0.80
2008.01.08 19:40:01.960,1.11525,1.11535,0.80,0.80
2008.01.08 19:40:02.203,1.11525,1.11535,0.80,0.80
2008.01.08 19:40:02.446,1.11525,1.11535,0.80,0.80
2008.01.08 19:40:02.709,1.11525,1.11535,0.80,0.80
2008.01.08 19:40:03.222,1.11525,1.11535,0.80,0.80
2008.01.08 19:40:03.739,1.11525,1.11535,0.80,0.80
2008.01.08 19:40:06.167,1.11525,1.11535,0.80,0.80
2008.01.08 19:40:06.795,1.11525,1.11535,0.80,0.80
2008.01.08 19:40:07.277,1.11525,1.11535,0.80,0.80
2008.01.08 19:40:07.571,1.11525,1.1153,0.80,0.80
2008.01.08 19:40:07.865,1.1152,1.1153,0.30,0.80
2008.01.08 19:40:08.158,1.1152,1.1153,0.30,0.80
2008.01.08 19:40:08.451,1.1152,1.11535,0.30,12.00
2008.01.08 19:40:08.646,1.1152,1.11535,0.30,12.00
2008.01.08 19:40:08.796,1.1152,1.11535,0.30,12.00
2008.01.08 19:40:08.945,1.11525,1.11535,0.30,12.00
2008.01.08 19:40:09.094,1.11525,1.11535,0.30,12.00
2008.01.08 19:40:09.243,1.11525,1.11535,0.30,12.00
2008.01.08 19:40:09.391,1.11525,1.1154,0.30,0.80
2008.01.08 19:40:09.661,1.11525,1.1154,0.30,0.80
2008.01.08 19:40:09.929,1.11525,1.1154,0.30,0.80
2008.01.08 19:40:10.198,1.11525,1.1154,0.30,0.80
2008.01.08 19:40:10.466,1.11525,1.1154,0.30,0.80
2008.01.08 19:40:11.192,1.11525,1.1154,0.30,0.80
2008.01.08 19:40:11.803,1.11525,1.1154,0.30,0.80
2008.01.08 19:40:14.601,1.1152,1.1154,0.30,0.80
2008.01.08 19:40:14.886,1.1152,1.11535,0.30,8.00
2008.01.08 19:40:14.998,1.1152,1.1154,0.30,11.20
2008.01.08 19:40:15.170,1.11525,1.11535,0.30,0.50
2008.01.08 19:40:15.454,1.11525,1.11545,0.30,30.80
2008.01.08 19:40:15.738,1.1153,1.1154,0.30,0.80
2008.01.08 19:40:15.936,1.1153,1.1154,0.30,0.80
2008.01.08 19:40:16.135,1.11525,1.1154,2.60,0.80
2008.01.08 19:40:16.334,1.11525,1.1154,0.30,0.80
2008.01.08 19:40:16.533,1.11525,1.1154,0.30,0.80
2008.01.08 19:40:16.738,1.11525,1.1154,0.30,0.80
2008.01.08 19:40:17.012,1.11525,1.1154,0.30,0.80
2008.01.08 19:40:17.285,1.11525,1.1154,0.30,0.80
2008.01.08 19:40:17.558,1.11525,1.1154,0.30,0.80
2008.01.08 19:40:19.512,1.11525,1.1154,0.30,0.80
2008.01.08 19:40:19.717,1.11525,1.1154,0.30,0.80
2008.01.08 19:40:21.264,1.11525,1.1154,0.30,0.80
2008.01.08 19:40:21.824,1.11525,1.1154,0.30,0.80
2008.01.08 19:40:23.278,1.1152,1.1154,0.30,0.80
2008.01.08 19:40:23.440,1.1152,1.11535,0.30,12.00
2008.01.08 19:40:23.580,1.1152,1.11535,0.30,12.00
2008.01.08 19:40:23.643,1.11525,1.11535,0.30,12.20
2008.01.08 19:40:23.711,1.11525,1.11535,0.30,12.20
2008.01.08 19:40:23.781,1.11525,1.11535,0.30,13.00
2008.01.08 19:40:23.973,1.11525,1.11535,0.30,13.00
2008.01.08 19:40:24.044,1.11525,1.11535,0.30,13.00
2008.01.08 19:40:24.301,1.11525,1.11535,0.30,13.00
2008.01.08 19:40:24.635,1.11525,1.11535,0.30,13.00
2008.01.08 19:40:24.968,1.1152,1.11535,0.30,12.80
2008.01.08 19:40:25.303,1.1152,1.11535,0.30,13.60
2008.01.08 19:40:25.741,1.1152,1.11535,0.30,13.60
2008.01.08 19:40:26.250,1.1152,1.11535,0.30,13.60
2008.01.08 19:40:26.831,1.1152,1.11535,0.30,13.60
2008.01.08 19:40:30.114,1.1152,1.11535,0.30,13.60
2008.01.08 19:40:30.342,1.1152,1.11535,0.30,13.60
2008.01.08 19:40:30.739,1.1152,1.11535,0.30,13.60
2008.01.08 19:40:31.351,1.1152,1.11535,0.30,13.60
2008.01.08 19:40:31.845,1.1152,1.11535,0.30,13.60
2008.01.08 19:40:32.811,1.1152,1.11535,0.30,14.00
2008.01.08 19:40:33.590,1.11525,1.11535,0.30,14.20
2008.01.08 19:40:33.758,1.11525,1.11535,0.30,15.00
2008.01.08 19:40:36.256,1.11525,1.11535,0.30,15.00
2008.01.08 19:40:36.842,1.11525,1.11535,0.30,15.00
2008.01.08 19:40:37.492,1.11525,1.11535,0.30,15.00
2008.01.08 19:40:37.700,1.11515,1.11535,5.10,17.40
2008.01.08 19:40:37.909,1.11515,1.1153,0.30,0.80
2008.01.08 19:40:38.176,1.11515,1.1153,0.30,1.60
2008.01.08 19:40:38.445,1.11515,1.11535,0.30,20.60
2008.01.08 19:40:38.714,1.1151,1.1153,0.30,0.30
2008.01.08 19:40:38.983,1.1151,1.11525,0.30,0.80
2008.01.08 19:40:39.172,1.11515,1.11525,0.30,0.80
2008.01.08 19:40:39.361,1.11515,1.1153,0.30,3.20
2008.01.08 19:40:39.550,1.11515,1.1153,0.30,2.40
2008.01.08 19:40:39.739,1.11515,1.1153,0.30,1.60
2008.01.08 19:40:39.928,1.11515,1.1153,0.30,1.60
2008.01.08 19:40:40.115,1.11515,1.1153,0.30,1.60
2008.01.08 19:40:40.273,1.11515,1.1153,0.30,1.60
2008.01.08 19:40:40.432,1.11515,1.1153,0.30,2.40
2008.01.08 19:40:41.330,1.11515,1.1153,0.30,2.40
2008.01.08 19:40:41.589,1.11515,1.1153,0.30,2.40
2008.01.08 19:40:41.703,1.11515,1.1153,0.30,2.40
2008.01.08 19:40:41.855,1.11515,1.1153,0.30,2.40
2008.01.08 19:40:42.560,1.1151,1.1153,0.30,2.60
2008.01.08 19:40:42.768,1.1151,1.1153,0.30,4.20
2008.01.08 19:40:42.975,1.1151,1.1153,0.30,5.00
2008.01.08 19:40:43.184,1.1151,1.1153,0.30,5.00
2008.01.08 19:40:43.298,1.1151,1.11525,0.30,4.00
2008.01.08 19:40:43.412,1.1151,1.11525,0.30,4.00
2008.01.08 19:40:43.643,1.11515,1.11525,0.30,4.00
2008.01.08 19:40:43.756,1.11515,1.1153,0.30,3.20
2008.01.08 19:40:43.870,1.11515,1.1153,0.30,2.40
2008.01.08 19:40:44.000,1.11515,1.1153,0.30,2.40
2008.01.08 19:40:44.113,1.11515,1.1153,0.30,2.40
2008.01.08 19:40:44.226,1.11515,1.1153,0.30,2.40
2008.01.08 19:40:44.380,1.11515,1.1153,0.30,2.40
2008.01.08 19:40:44.554,1.11515,1.1153,0.30,2.40
2008.01.08 19:40:44.719,1.11515,1.1153,0.30,2.40
2008.01.08 19:40:44.873,1.11515,1.1153,0.30,2.40
2008.01.08 19:40:45.026,1.11515,1.1153,0.30,2.40
2008.01.08 19:40:45.179,1.11515,1.1153,0.30,2.40
2008.01.08 19:40:45.344,1.11515,1.1153,0.30,2.40
2008.01.08 19:40:45.661,1.11515,1.1153,0.30,2.40
2008.01.08 19:40:45.771,1.11515,1.1153,0.30,2.40
2008.01.08 19:40:45.879,1.11515,1.1153,0.30,2.40
2008.01.08 19:40:46.438,1.11515,1.1153,0.30,2.40
2008.01.08 19:40:46.860,1.11515,1.1153,0.30,2.40
2008.01.08 19:40:47.202,1.11515,1.1153,0.30,2.40
2008.01.08 19:40:47.299,1.11515,1.1153,0.30,2.40
2008.01.08 19:40:47.358,1.11515,1.1153,0.30,2.40
2008.01.08 19:40:47.632,1.1151,1.11535,0.60,19.80
2008.01.08 19:40:47.969,1.1151,1.11535,0.60,19.80
2008.01.08 19:40:48.305,1.11515,1.11535,0.30,18.20
2008.01.08 19:40:48.488,1.1151,1.11535,0.60,17.40
2008.01.08 19:40:48.672,1.1151,1.11535,0.60,19.80
2008.01.08 19:40:48.855,1.11515,1.11535,0.30,21.60
2008.01.08 19:40:49.038,1.11515,1.11535,0.30,21.60
2008.01.08 19:40:49.221,1.1151,1.11535,0.60,19.00
2008.01.08 19:40:49.404,1.1151,1.11535,0.60,17.60
2008.01.08 19:40:49.572,1.1151,1.11535,0.60,20.00
2008.01.08 19:40:49.741,1.1151,1.11535,0.60,24.00
2008.01.08 19:40:49.910,1.1151,1.11535,0.60,24.00
2008.01.08 19:40:50.078,1.1151,1.1153,0.60,2.40
2008.01.08 19:40:50.247,1.11515,1.1153,0.30,2.40
2008.01.08 19:40:50.415,1.1151,1.1153,0.60,0.80
2008.01.08 19:40:50.564,1.1151,1.1153,0.60,0.80
2008.01.08 19:40:50.666,1.11515,1.1153,0.30,0.80
2008.01.08 19:40:50.789,1.11515,1.1153,0.30,0.80
2008.01.08 19:40:51.152,1.1151,1.1153,0.60,0.80
2008.01.08 19:40:51.468,1.11515,1.1153,0.30,0.80
2008.01.08 19:40:51.546,1.11515,1.1153,0.30,0.80
2008.01.08 19:40:51.875,1.1151,1.1153,0.60,0.80
2008.01.08 19:40:52.074,1.1151,1.1153,0.60,0.80
2008.01.08 19:40:52.195,1.1151,1.1153,0.60,0.80
2008.01.08 19:40:52.291,1.11515,1.1153,0.30,0.80
2008.01.08 19:40:52.369,1.11515,1.1153,0.30,2.40
2008.01.08 19:40:52.447,1.11515,1.1153,0.30,2.40
2008.01.08 19:40:52.526,1.1151,1.1153,0.60,2.40
2008.01.08 19:40:52.858,1.1151,1.1153,0.60,1.60
2008.01.08 19:40:53.210,1.11515,1.11535,0.30,25.20
2008.01.08 19:40:53.526,1.11515,1.1153,0.30,1.60
2008.01.08 19:40:53.727,1.1151,1.1153,0.60,1.60
2008.01.08 19:40:54.153,1.11515,1.1153,0.30,1.60
2008.01.08 19:40:54.347,1.1151,1.1153,0.60,0.80
2008.01.08 19:40:54.540,1.1151,1.1153,0.60,0.80
2008.01.08 19:40:54.733,1.1151,1.1153,0.60,0.80
2008.01.08 19:40:54.908,1.1151,1.1153,0.60,2.40
2008.01.08 19:40:55.185,1.1151,1.1153,0.60,2.40
2008.01.08 19:40:55.340,1.11515,1.1153,0.30,2.40
2008.01.08 19:40:55.513,1.11515,1.1153,0.30,2.40
2008.01.08 19:40:55.687,1.11505,1.11525,15.70,8.00
2008.01.08 19:40:55.976,1.1151,1.11525,0.30,12.00
2008.01.08 19:40:56.265,1.11505,1.11525,12.50,12.00
2008.01.08 19:40:56.557,1.1151,1.11525,0.30,12.00
2008.01.08 19:40:56.845,1.1151,1.11525,0.30,12.00
2008.01.08 19:40:57.766,1.11505,1.11525,8.50,12.00
2008.01.08 19:40:58.013,1.11505,1.11525,8.50,12.00
2008.01.08 19:41:01.557,1.1151,1.11525,0.30,12.00
2008.01.08 19:41:01.677,1.1151,1.11525,0.30,12.00
2008.01.08 19:41:01.800,1.11505,1.11525,12.50,4.00
2008.01.08 19:41:01.925,1.1151,1.11525,0.30,4.00
2008.01.08 19:41:02.050,1.11515,1.11525,0.30,4.00
2008.01.08 19:41:02.174,1.11515,1.11525,0.30,4.00
2008.01.08 19:41:02.298,1.1151,1.1153,0.60,1.60
2008.01.08 19:41:02.633,1.1151,1.1153,0.60,0.80
2008.01.08 19:41:02.966,1.1151,1.1153,0.60,0.80
2008.01.08 19:41:03.300,1.1151,1.11535,0.60,23.80
2008.01.08 19:41:03.477,1.1151,1.11535,0.60,23.80
2008.01.08 19:41:03.703,1.11515,1.11535,0.30,23.80
2008.01.08 19:41:03.818,1.11515,1.11535,0.30,23.80
2008.01.08 19:41:03.949,1.11515,1.11535,0.30,25.20
2008.01.08 19:41:04.062,1.1151,1.1153,0.60,2.40
2008.01.08 19:41:04.303,1.1151,1.1153,0.60,2.40
2008.01.08 19:41:04.561,1.11515,1.1153,0.30,2.40
2008.01.08 19:41:05.023,1.1151,1.1153,0.60,2.40
2008.01.08 19:41:05.280,1.11515,1.1153,0.30,2.40
2008.01.08 19:41:06.580,1.11515,1.1153,0.30,2.40
2008.01.08 19:41:06.883,1.1151,1.1153,0.60,2.40
2008.01.08 19:41:08.783,1.11515,1.1153,0.30,2.40
2008.01.08 19:41:08.879,1.1151,1.1153,0.60,2.40
2008.01.08 19:41:08.975,1.11515,1.1153,0.30,2.40
2008.01.08 19:41:10.229,1.1152,1.1153,0.30,2.60
2008.01.08 19:41:10.326,1.11515,1.1153,0.60,3.40
2008.01.08 19:41:10.840,1.1152,1.1153,0.30,3.40
2008.01.08 19:41:11.042,1.11515,1.1153,0.60,3.40
2008.01.08 19:41:11.195,1.11515,1.1153,0.60,3.40
2008.01.08 19:41:11.620,1.11515,1.1153,0.60,3.40
2008.01.08 19:41:11.900,1.11515,1.1153,0.60,3.40
2008.01.08 19:41:16.665,1.1152,1.1153,0.30,3.40
2008.01.08 19:41:16.912,1.1152,1.1153,0.30,3.40
2008.01.08 19:41:17.703,1.1152,1.1153,0.30,3.40
2008.01.08 19:41:17.958,1.11515,1.11535,1.10,23.80
2008.01.08 19:41:18.212,1.11515,1.11535,0.30,19.80
2008.01.08 19:41:18.441,1.11515,1.11535,0.30,17.40
2008.01.08 19:41:18.649,1.11515,1.11535,0.30,17.40
2008.01.08 19:41:19.072,1.11515,1.11535,0.30,17.40
2008.01.08 19:41:20.102,1.11515,1.11535,0.30,17.40
2008.01.08 19:41:20.327,1.11515,1.11535,0.30,17.40
2008.01.08 19:41:20.527,1.11515,1.11535,0.30,17.40
2008.01.08 19:41:21.049,1.11515,1.11535,0.30,17.40
2008.01.08 19:41:21.247,1.11515,1.11535,0.30,17.40
2008.01.08 19:41:23.037,1.11515,1.11535,0.30,17.40
2008.01.08 19:41:23.068,1.11515,1.11535,0.30,17.40
2008.01.08 19:41:23.517,1.11515,1.11535,0.30,17.40
2008.01.08 19:41:24.099,1.1152,1.11535,0.30,17.20
2008.01.08 19:41:24.435,1.1152,1.11535,0.30,14.00
2008.01.08 19:41:25.273,1.1152,1.11535,0.30,14.00
2008.01.08 19:41:25.827,1.1152,1.11535,0.30,14.00
2008.01.08 19:41:26.043,1.1152,1.11535,0.30,14.00
2008.01.08 19:41:26.226,1.11525,1.11535,0.30,14.20
2008.01.08 19:41:26.388,1.11525,1.11535,0.30,15.00
2008.01.08 19:41:26.937,1.11525,1.11535,0.30,15.00
2008.01.08 19:41:27.074,1.1152,1.11535,0.30,14.80
2008.01.08 19:41:27.180,1.1152,1.11535,0.30,14.20
2008.01.08 19:41:27.333,1.1152,1.11535,0.30,15.00
2008.01.08 19:41:28.099,1.1152,1.11535,0.30,15.00
2008.01.08 19:41:31.042,1.11515,1.11535,7.70,15.00
2008.01.08 19:41:31.933,1.11515,1.11535,7.70,15.00
2008.01.08 19:41:33.147,1.1152,1.11535,0.30,15.00
2008.01.08 19:41:36.311,1.11515,1.11535,7.40,14.80
2008.01.08 19:41:36.374,1.11515,1.11535,6.60,14.80
2008.01.08 19:41:36.437,1.11515,1.11535,7.40,14.80
2008.01.08 19:41:36.773,1.11515,1.11535,7.40,14.80
2008.01.08 19:41:36.885,1.11525,1.11535,0.50,14.40
2008.01.08 19:41:37.023,1.11515,1.11535,9.00,12.80
2008.01.08 19:41:37.162,1.11525,1.11535,0.20,12.80
2008.01.08 19:41:37.300,1.11525,1.11535,0.40,12.80
2008.01.08 19:41:37.438,1.11525,1.11535,0.40,12.80
2008.01.08 19:41:37.577,1.11525,1.11535,0.40,12.80
2008.01.08 19:41:37.717,1.11525,1.11535,0.40,12.80
2008.01.08 19:41:37.855,1.11525,1.1154,0.60,0.80
2008.01.08 19:41:38.023,1.11525,1.11545,0.60,27.40
2008.01.08 19:41:38.377,1.11525,1.11545,3.20,17.60
2008.01.08 19:41:38.711,1.11525,1.11545,3.20,17.60
2008.01.08 19:41:39.043,1.11525,1.11545,7.60,17.60
2008.01.08 19:41:39.263,1.11525,1.11545,1.00,21.00
2008.01.08 19:41:39.500,1.11525,1.11545,0.80,21.00
2008.01.08 19:41:39.765,1.11525,1.11545,0.80,21.00
2008.01.08 19:41:40.290,1.11525,1.11545,0.80,21.00
2008.01.08 19:41:40.630,1.11525,1.11545,0.80,18.60
2008.01.08 19:41:40.794,1.11525,1.11545,3.80,13.60
2008.01.08 19:41:40.958,1.11525,1.11545,3.80,13.60
2008.01.08 19:41:41.225,1.11525,1.11545,3.80,13.60
2008.01.08 19:41:41.533,1.11525,1.11545,7.80,13.60
2008.01.08 19:41:41.956,1.11525,1.11545,7.80,13.60
2008.01.08 19:41:42.264,1.11525,1.11545,9.40,12.00
2008.01.08 19:41:42.976,1.11525,1.11545,9.40,12.00
2008.01.08 19:41:43.294,1.11525,1.11545,9.40,12.00
2008.01.08 19:41:43.756,1.11525,1.11545,9.70,12.00
2008.01.08 19:41:43.883,1.11525,1.11545,9.70,12.00
2008.01.08 19:41:44.010,1.11525,1.11545,9.40,12.00
2008.01.08 19:41:44.138,1.11525,1.11545,9.40,12.00
2008.01.08 19:41:44.267,1.11525,1.11545,10.00,12.00
2008.01.08 19:41:44.599,1.11525,1.11545,10.00,12.00
2008.01.08 19:41:44.996,1.11525,1.11545,10.00,12.00
2008.01.08 19:41:45.329,1.11525,1.11545,10.00,12.00
2008.01.08 19:41:45.514,1.11525,1.11545,10.00,12.00
2008.01.08 19:41:45.687,1.1153,1.11545,0.30,12.00
2008.01.08 19:41:45.860,1.1153,1.11555,0.30,25.80
2008.01.08 19:41:46.034,1.1153,1.11555,0.30,25.80
2008.01.08 19:41:46.446,1.1153,1.11555,0.30,26.60
2008.01.08 19:41:46.686,1.11535,1.11555,0.30,24.00
2008.01.08 19:41:46.924,1.11535,1.11555,0.30,18.40
2008.01.08 19:41:47.163,1.1153,1.11555,0.30,20.20
2008.01.08 19:41:47.402,1.1153,1.11555,0.30,21.00
2008.01.08 19:41:47.616,1.1153,1.11555,0.30,21.00
2008.01.08 19:41:47.829,1.1153,1.11555,0.30,21.00
2008.01.08 19:41:48.246,1.1153,1.11555,0.30,21.00
2008.01.08 19:41:48.458,1.1153,1.11555,0.30,21.80
2008.01.08 19:41:48.672,1.1153,1.11555,0.30,23.40
2008.01.08 19:41:48.993,1.1153,1.11555,0.30,23.40
2008.01.08 19:41:49.533,1.1153,1.11555,0.30,23.40
2008.01.08 19:41:51.003,1.1153,1.11555,0.30,23.40
2008.01.08 19:41:51.101,1.1153,1.11555,0.30,23.40
2008.01.08 19:41:51.204,1.1153,1.11545,0.30,1.60
2008.01.08 19:41:51.302,1.1153,1.11545,0.30,2.40
2008.01.08 19:41:51.401,1.1153,1.11545,0.30,5.60
2008.01.08 19:41:51.499,1.1153,1.11545,0.30,4.50
2008.01.08 19:41:51.660,1.11525,1.11545,9.00,4.50
2008.01.08 19:41:51.823,1.11525,1.11545,8.20,12.50
2008.01.08 19:41:51.943,1.11525,1.11545,8.20,11.20
2008.01.08 19:41:52.087,1.11525,1.11545,8.20,11.20
2008.01.08 19:41:52.289,1.11525,1.11545,8.20,15.20
2008.01.08 19:41:52.532,1.11525,1.11545,8.20,15.20
2008.01.08 19:41:52.675,1.11525,1.11545,8.20,13.40
2008.01.08 19:41:53.008,1.11525,1.11545,8.20,13.40
2008.01.08 19:41:53.343,1.11525,1.11545,8.20,13.50
2008.01.08 19:41:53.677,1.11525,1.11545,8.20,13.50
2008.01.08 19:41:53.901,1.11525,1.11545,8.20,13.50
2008.01.08 19:41:54.124,1.11525,1.11545,11.40,12.00
2008.01.08 19:41:54.348,1.11525,1.11545,11.40,12.00
2008.01.08 19:41:54.591,1.11525,1.11545,11.40,12.00
2008.01.08 19:41:54.819,1.11525,1.11545,11.20,12.00
2008.01.08 19:41:55.072,1.1153,1.11545,0.30,12.00
2008.01.08 19:41:55.300,1.1153,1.11555,0.30,36.10
2008.01.08 19:41:55.529,1.1153,1.11555,0.30,32.10
2008.01.08 19:41:55.756,1.1153,1.11555,0.30,30.50
2008.01.08 19:41:55.950,1.1153,1.11555,0.30,26.50
2008.01.08 19:41:56.143,1.1153,1.11555,0.30,26.50
2008.01.08 19:41:56.338,1.1153,1.11555,0.30,23.30
2008.01.08 19:41:56.857,1.11535,1.11555,0.30,23.10
2008.01.08 19:41:57.022,1.11535,1.11555,0.30,20.60
2008.01.08 19:41:57.179,1.11535,1.11555,0.30,15.80
2008.01.08 19:41:57.338,1.11535,1.11555,0.30,15.80
2008.01.08 19:41:57.523,1.11535,1.11555,0.30,15.80
2008.01.08 19:41:57.728,1.11535,1.11555,0.30,15.80
2008.01.08 19:41:57.887,1.11535,1.11555,4.20,15.80
2008.01.08 19:41:58.115,1.11535,1.11555,4.20,15.80
2008.01.08 19:41:58.544,1.11535,1.11555,4.20,15.80
2008.01.08 19:41:58.773,1.11535,1.11555,4.20,15.80
2008.01.08 19:41:59.002,1.11535,1.11555,4.20,15.80
2008.01.08 19:41:59.232,1.11535,1.11555,4.20,15.80
2008.01.08 19:41:59.984,1.11535,1.11555,4.20,15.80
2008.01.08 19:42:00.119,1.11535,1.11555,4.00,16.00
2008.01.08 19:42:00.238,1.11535,1.11555,4.00,16.00
2008.01.08 19:42:00.280,1.1153,1.11555,4.20,17.60
2008.01.08 19:42:00.324,1.1153,1.11555,0.30,21.60
2008.01.08 19:42:00.367,1.1153,1.11555,0.30,26.40
2008.01.08 19:42:00.442,1.1153,1.11555,0.30,26.40
2008.01.08 19:42:00.536,1.1153,1.11555,0.30,26.40
2008.01.08 19:42:00.815,1.1153,1.11555,0.30,26.40
2008.01.08 19:42:00.956,1.1153,1.11555,0.30,26.40
2008.01.08 19:42:01.332,1.1153,1.11555,0.30,26.40
2008.01.08 19:42:01.554,1.1153,1.11555,0.30,26.40
2008.01.08 19:42:01.777,1.1153,1.11555,0.30,26.40
2008.01.08 19:42:02.021,1.1153,1.11555,0.30,26.40
2008.01.08 19:42:03.223,1.1153,1.11555,0.30,23.20
2008.01.08 19:42:03.354,1.1153,1.11555,0.30,19.20
2008.01.08 19:42:03.744,1.1153,1.11555,0.30,19.20
2008.01.08 19:42:05.824,1.1153,1.11555,0.30,19.20
2008.01.08 19:42:05.962,1.1153,1.11555,0.30,19.20
2008.01.08 19:42:06.011,1.1153,1.11555,0.30,22.40
2008.01.08 19:42:06.147,1.1153,1.11555,0.30,26.40
2008.01.08 19:42:06.713,1.1153,1.11555,0.30,26.40
2008.01.08 19:42:06.981,1.1153,1.11555,0.30,22.40
2008.01.08 19:42:07.250,1.1153,1.11555,0.30,22.40
2008.01.08 19:42:07.561,1.1153,1.11555,0.30,22.40
2008.01.08 19:42:07.710,1.1153,1.11555,0.30,22.40
2008.01.08 19:42:08.023,1.1153,1.11555,0.30,19.20
2008.01.08 19:42:08.240,1.1153,1.11555,0.30,19.20
2008.01.08 19:42:08.412,1.1153,1.11555,0.30,19.20
2008.01.08 19:42:09.255,1.1153,1.11555,0.30,19.20
2008.01.08 19:42:09.398,1.1153,1.11555,0.30,19.20
2008.01.08 19:42:10.138,1.11535,1.1155,0.30,0.30
2008.01.08 19:42:10.298,1.11535,1.1155,0.30,1.00
2008.01.08 19:42:12.032,1.11535,1.1155,0.30,1.00
2008.01.08 19:42:13.469,1.11535,1.1155,0.30,1.00
2008.01.08 19:42:17.028,1.11535,1.1155,0.30,1.00
2008.01.08 19:42:18.292,1.11535,1.1155,0.30,1.00
2008.01.08 19:42:18.476,1.11535,1.1155,0.30,1.00
2008.01.08 19:42:19.300,1.11535,1.1155,0.30,1.00
2008.01.08 19:42:19.621,1.11535,1.1155,0.30,1.00
2008.01.08 19:42:19.941,1.11535,1.1155,0.30,1.00
2008.01.08 19:42:20.260,1.11535,1.1155,0.30,1.00
2008.01.08 19:42:20.463,1.11535,1.1155,0.30,1.00
2008.01.08 19:42:20.967,1.11535,1.1155,0.30,1.00
2008.01.08 19:42:21.169,1.11535,1.1155,0.30,1.00
2008.01.08 19:42:21.499,1.11535,1.1155,0.30,1.00
2008.01.08 19:42:21.622,1.11535,1.1155,0.30,1.00
2008.01.08 19:42:22.032,1.11535,1.1155,0.30,1.00
2008.01.08 19:42:22.771,1.11535,1.1155,0.30,1.00
2008.01.08 19:42:23.484,1.11535,1.1155,0.30,1.00
2008.01.08 19:42:23.790,1.11535,1.1155,0.30,1.00
2008.01.08 19:42:23.838,1.11535,1.1155,0.30,1.00
2008.01.08 19:42:24.078,1.11535,1.1155,0.30,1.00
2008.01.08 19:42:24.211,1.11535,1.1155,0.30,1.00
2008.01.08 19:42:24.299,1.11535,1.1155,0.30,1.00
2008.01.08 19:42:24.908,1.11535,1.1155,0.30,1.00
2008.01.08 19:42:25.163,1.11535,1.11555,0.30,21.00
2008.01.08 19:42:25.242,1.11535,1.1155,0.30,0.60
2008.01.08 19:42:25.749,1.11535,1.11555,0.30,21.00
2008.01.08 19:42:25.949,1.11535,1.11555,0.30,21.00
2008.01.08 19:42:26.470,1.11535,1.11555,0.30,21.00
2008.01.08 19:42:27.041,1.11535,1.11555,0.30,21.00
2008.01.08 19:42:27.829,1.11535,1.11555,0.30,21.20
2008.01.08 19:42:28.007,1.11535,1.11555,0.30,21.00
2008.01.08 19:42:28.186,1.11535,1.1156,0.30,21.20
2008.01.08 19:42:28.521,1.11535,1.11555,0.30,0.70
2008.01.08 19:42:30.722,1.11535,1.1156,0.30,21.20
2008.01.08 19:42:30.796,1.11535,1.11555,0.30,0.60
2008.01.08 19:42:30.918,1.1153,1.11555,0.30,19.70
2008.01.08 19:42:31.157,1.11535,1.11555,0.30,21.00
2008.01.08 19:42:31.399,1.11535,1.1156,0.30,22.00
2008.01.08 19:42:31.787,1.11535,1.11555,0.30,0.60
2008.01.08 19:42:32.024,1.11535,1.1156,0.30,19.60
2008.01.08 19:42:33.553,1.11535,1.11555,0.30,0.90
2008.01.08 19:42:35.514,1.11535,1.1156,0.30,19.60
2008.01.08 19:42:35.633,1.11535,1.11555,0.30,0.80
2008.01.08 19:42:35.728,1.11535,1.1156,0.30,15.60
2008.01.08 19:42:35.754,1.11535,1.1156,0.30,10.00
2008.01.08 19:42:35.913,1.1154,1.11555,0.30,0.50
2008.01.08 19:42:35.940,1.1154,1.1156,0.30,9.80
2008.01.08 19:42:35.963,1.1154,1.11555,0.30,0.90
2008.01.08 19:42:36.080,1.1154,1.11555,0.30,0.80
2008.01.08 19:42:36.187,1.1154,1.1156,0.30,0.50
2008.01.08 19:42:36.251,1.1154,1.11565,0.30,46.00
2008.01.08 19:42:36.358,1.1154,1.1156,0.30,0.90
2008.01.08 19:42:36.861,1.1154,1.1156,0.30,0.70
2008.01.08 19:42:36.989,1.1154,1.11565,0.30,42.00
2008.01.08 19:42:37.273,1.1154,1.1156,0.30,0.80
2008.01.08 19:42:38.586,1.1154,1.11565,0.30,42.00
2008.01.08 19:42:40.614,1.1154,1.11565,0.30,42.00
2008.01.08 19:42:42.086,1.1154,1.11565,0.30,42.00
2008.01.08 19:42:43.396,1.1154,1.11565,0.30,42.00
2008.01.08 19:42:43.509,1.1154,1.11565,0.30,42.00
2008.01.08 19:42:43.568,1.1154,1.11565,0.30,42.00
2008.01.08 19:42:43.647,1.1154,1.1156,0.30,0.80
2008.01.08 19:42:43.808,1.1154,1.11565,0.30,42.00
2008.01.08 19:42:43.999,1.1154,1.11565,0.30,42.00
2008.01.08 19:42:45.027,1.1154,1.11565,0.30,42.00
2008.01.08 19:42:47.102,1.1154,1.1156,0.30,0.50
2008.01.08 19:42:48.519,1.1154,1.1156,0.30,0.80
2008.01.08 19:42:48.656,1.1154,1.11565,0.30,42.00
2008.01.08 19:42:48.771,1.1154,1.1156,0.30,0.50
2008.01.08 19:42:49.632,1.1154,1.11565,0.30,42.00
2008.01.08 19:42:50.751,1.1154,1.1156,0.30,0.60
2008.01.08 19:42:50.865,1.1154,1.11565,0.30,42.80
2008.01.08 19:42:52.076,1.1154,1.1156,0.30,0.80
2008.01.08 19:42:52.306,1.1154,1.11565,0.30,42.80
2008.01.08 19:42:53.663,1.1154,1.1156,0.30,1.00
2008.01.08 19:42:54.277,1.1154,1.1156,0.30,1.00
2008.01.08 19:42:56.682,1.1154,1.1156,0.30,1.00
2008.01.08 19:42:57.098,1.1154,1.1156,0.30,1.00
2008.01.08 19:42:58.686,1.1154,1.1156,0.30,1.00
2008.01.08 19:43:01.011,1.1154,1.1156,0.30,1.00
2008.01.08 19:43:02.049,1.1154,1.1156,0.30,1.00
2008.01.08 19:43:03.710,1.1154,1.1156,0.30,1.00
2008.01.08 19:43:07.130,1.1154,1.11555,0.70,0.80
2008.01.08 19:43:08.734,1.1154,1.11555,0.70,0.80
2008.01.08 19:43:12.145,1.1154,1.11555,0.70,0.80
2008.01.08 19:43:12.534,1.11545,1.11555,0.30,0.30
2008.01.08 19:43:12.657,1.11545,1.11555,0.30,1.00
2008.01.08 19:43:13.763,1.11545,1.11555,0.30,1.00
2008.01.08 19:43:15.795,1.11545,1.11555,0.30,1.00
2008.01.08 19:43:17.131,1.11545,1.11555,0.30,1.00
2008.01.08 19:43:18.822,1.11545,1.11555,0.30,1.00
2008.01.08 19:43:22.149,1.11545,1.11555,0.30,1.00
2008.01.08 19:43:22.487,1.1154,1.11555,0.30,0.80
2008.01.08 19:43:22.711,1.1154,1.11555,0.30,0.80
2008.01.08 19:43:23.286,1.1154,1.1156,0.30,1.80
2008.01.08 19:43:23.571,1.1154,1.11555,0.30,0.80
2008.01.08 19:43:23.825,1.1154,1.11555,0.30,0.80
2008.01.08 19:43:24.277,1.1154,1.1156,0.30,1.80
2008.01.08 19:43:27.146,1.1154,1.11555,0.30,0.80
2008.01.08 19:43:28.853,1.1154,1.11555,0.30,0.80
2008.01.08 19:43:29.500,1.1154,1.1156,0.30,1.80
2008.01.08 19:43:29.743,1.1154,1.1156,0.30,1.80
2008.01.08 19:43:29.987,1.1154,1.1156,0.30,1.80
2008.01.08 19:43:30.230,1.1154,1.11555,0.30,0.80
2008.01.08 19:43:30.473,1.1154,1.1156,0.30,1.80
2008.01.08 19:43:30.711,1.1154,1.1156,0.30,1.80
2008.01.08 19:43:30.950,1.1154,1.11555,0.30,0.80
2008.01.08 19:43:31.189,1.1154,1.1156,0.30,1.80
2008.01.08 19:43:31.428,1.1154,1.1156,0.30,1.80
2008.01.08 19:43:32.170,1.1154,1.11555,0.30,0.80
2008.01.08 19:43:33.875,1.1154,1.11555,0.30,0.80
2008.01.08 19:43:35.752,1.1154,1.1156,0.30,1.80
2008.01.08 19:43:35.886,1.1154,1.11555,0.30,0.80
2008.01.08 19:43:36.036,1.1154,1.1156,0.30,1.80
2008.01.08 19:43:36.170,1.1154,1.1156,0.30,1.80
2008.01.08 19:43:36.304,1.1154,1.1156,0.30,1.80
2008.01.08 19:43:36.438,1.1154,1.1156,0.30,1.80
2008.01.08 19:43:36.594,1.1154,1.1156,0.30,1.80
2008.01.08 19:43:36.976,1.1154,1.1156,0.30,1.80
2008.01.08 19:43:37.310,1.1154,1.1156,0.30,1.80
2008.01.08 19:43:38.922,1.1154,1.1156,0.30,1.80
2008.01.08 19:43:42.164,1.1154,1.1156,0.30,1.80
2008.01.08 19:43:43.958,1.1154,1.11555,0.30,0.80
2008.01.08 19:43:47.190,1.1154,1.1156,0.30,1.80
2008.01.08 19:43:47.986,1.1154,1.1156,0.30,1.80
2008.01.08 19:43:48.290,1.1154,1.1156,0.30,1.80
2008.01.08 19:43:48.593,1.1154,1.1156,0.30,1.80
2008.01.08 19:43:48.732,1.1154,1.1156,0.30,1.80
2008.01.08 19:43:48.871,1.1154,1.1156,0.30,1.80
2008.01.08 19:43:49.010,1.1154,1.1156,0.30,1.80
2008.01.08 19:43:49.149,1.1154,1.1156,0.30,1.80
2008.01.08 19:43:49.287,1.1154,1.11555,0.30,0.80
2008.01.08 19:43:49.566,1.1154,1.1156,0.30,1.80
2008.01.08 19:43:50.809,1.1154,1.11555,0.30,0.80
2008.01.08 19:43:51.227,1.1154,1.1156,0.30,1.80
2008.01.08 19:43:52.201,1.1154,1.1156,0.30,1.80
2008.01.08 19:43:54.021,1.1154,1.11565,1.20,22.40
2008.01.08 19:43:54.761,1.1154,1.11565,1.20,22.40
2008.01.08 19:43:57.198,1.1154,1.11565,1.20,22.40
2008.01.08 19:43:59.042,1.1154,1.11565,1.20,22.40
2008.01.08 19:44:02.216,1.1154,1.1156,1.20,0.60
2008.01.08 19:44:02.694,1.1154,1.11565,1.60,16.00
2008.01.08 19:44:02.833,1.1154,1.11565,1.60,15.20
2008.01.08 19:44:03.088,1.1155,1.1157,0.30,29.00
2008.01.08 19:44:03.342,1.11545,1.1157,0.30,18.00
2008.01.08 19:44:03.595,1.11545,1.1157,0.30,18.00
2008.01.08 19:44:03.850,1.1154,1.11565,0.30,33.20
2008.01.08 19:44:04.004,1.1154,1.11565,0.30,33.20
2008.01.08 19:44:04.245,1.1154,1.11565,0.30,35.60
2008.01.08 19:44:04.399,1.1154,1.11565,0.30,35.60
2008.01.08 19:44:04.553,1.1154,1.11565,0.30,35.60
2008.01.08 19:44:04.706,1.1154,1.11565,0.30,37.20
2008.01.08 19:44:04.859,1.1154,1.11565,0.30,37.20
2008.01.08 19:44:05.073,1.1154,1.1156,0.30,0.50
2008.01.08 19:44:05.311,1.1154,1.11565,0.30,37.20
2008.01.08 19:44:07.222,1.1154,1.11565,0.30,37.20
2008.01.08 19:44:09.099,1.1154,1.1156,0.30,0.50
2008.01.08 19:44:09.957,1.1154,1.1156,0.30,0.70
2008.01.08 19:44:12.220,1.1154,1.1156,0.30,0.70
2008.01.08 19:44:13.552,1.1154,1.11565,0.30,38.00
2008.01.08 19:44:13.650,1.1154,1.11565,0.30,38.80
2008.01.08 19:44:13.783,1.1154,1.11565,0.30,39.60
2008.01.08 19:44:14.120,1.1154,1.11565,0.30,39.60
2008.01.08 19:44:17.225,1.1154,1.1156,0.30,2.60
2008.01.08 19:44:17.979,1.1154,1.1156,0.30,2.60
2008.01.08 19:44:18.147,1.1154,1.1156,0.30,2.60
2008.01.08 19:44:18.316,1.1154,1.1156,0.30,2.60
2008.01.08 19:44:18.486,1.1154,1.1156,0.30,2.60
2008.01.08 19:44:19.162,1.1154,1.1156,0.30,2.60
2008.01.08 19:44:19.776,1.1154,1.1156,0.30,2.60
2008.01.08 19:44:19.999,1.1154,1.1156,0.30,2.60
2008.01.08 19:44:20.223,1.1154,1.1156,0.30,2.60
2008.01.08 19:44:20.672,1.1154,1.1156,0.30,2.60
2008.01.08 19:44:21.170,1.1154,1.1156,0.30,2.60
2008.01.08 19:44:22.238,1.1154,1.1156,0.30,2.60
2008.01.08 19:44:22.419,1.1154,1.1156,0.30,2.60
2008.01.08 19:44:22.576,1.1154,1.1156,0.30,1.80
2008.01.08 19:44:22.735,1.1154,1.1156,0.30,1.00
2008.01.08 19:44:24.187,1.1154,1.1156,0.30,1.00
2008.01.08 19:44:27.258,1.1154,1.1156,0.30,1.00
2008.01.08 19:44:29.065,1.1154,1.1156,0.30,1.00
2008.01.08 19:44:29.216,1.1154,1.1156,0.30,1.00
2008.01.08 19:44:31.058,1.1154,1.1156,0.30,1.00
2008.01.08 19:44:31.559,1.1154,1.1156,0.30,1.00
2008.01.08 19:44:32.252,1.1154,1.1156,0.30,1.00
2008.01.08 19:44:32.585,1.1154,1.1156,0.30,1.00
2008.01.08 19:44:34.240,1.1154,1.11555,1.10,0.80
2008.01.08 19:44:34.311,1.1154,1.11555,0.80,0.80
2008.01.08 19:44:34.361,1.1154,1.11555,0.80,0.80
2008.01.08 19:44:36.022,1.1154,1.11555,1.10,0.80
2008.01.08 19:44:36.315,1.1154,1.11555,1.10,0.80
2008.01.08 19:44:36.442,1.1154,1.11555,1.10,0.80
2008.01.08 19:44:36.739,1.1154,1.11555,0.80,0.80
2008.01.08 19:44:36.788,1.1154,1.11555,0.80,0.80
2008.01.08 19:44:36.859,1.1154,1.11555,0.80,0.80
2008.01.08 19:44:37.078,1.1154,1.11555,0.80,0.80
2008.01.08 19:44:39.300,1.1154,1.11555,0.80,0.80
2008.01.08 19:44:42.288,1.1154,1.11555,0.80,0.80
2008.01.08 19:44:42.486,1.1154,1.11555,0.80,0.80
2008.01.08 19:44:44.330,1.1154,1.11555,0.80,0.80
2008.01.08 19:44:45.771,1.1154,1.11555,0.80,0.80
2008.01.08 19:44:45.911,1.1154,1.11555,1.10,0.80
2008.01.08 19:44:46.713,1.1154,1.11555,0.90,0.80
2008.01.08 19:44:46.953,1.1154,1.11555,0.80,0.80
2008.01.08 19:44:47.152,1.1154,1.11555,0.80,0.80
2008.01.08 19:44:49.338,1.1154,1.11555,0.80,0.80
2008.01.08 19:44:51.169,1.1154,1.11555,1.00,0.80
2008.01.08 19:44:51.284,1.1154,1.11555,1.00,0.80
2008.01.08 19:44:52.301,1.1154,1.11555,1.00,0.80
2008.01.08 19:44:52.385,1.1154,1.11555,1.20,0.80
2008.01.08 19:44:52.525,1.1154,1.11555,1.20,0.80
2008.01.08 19:44:53.221,1.1154,1.1156,1.30,22.40
2008.01.08 19:44:53.544,1.1154,1.1156,1.30,18.40
2008.01.08 19:44:53.867,1.1154,1.1156,1.30,18.40
2008.01.08 19:44:54.366,1.1154,1.1156,1.30,18.40
2008.01.08 19:44:54.565,1.1154,1.1156,1.30,18.40
2008.01.08 19:44:55.279,1.1154,1.1156,1.00,18.40
2008.01.08 19:44:55.537,1.1154,1.1156,1.00,22.40
2008.01.08 19:44:55.822,1.1154,1.1156,1.20,22.40
2008.01.08 19:44:56.043,1.1154,1.1156,1.00,22.40
2008.01.08 19:44:57.319,1.1154,1.1156,1.00,22.40
2008.01.08 19:44:57.554,1.1154,1.1156,1.00,22.40
2008.01.08 19:44:59.400,1.1154,1.1156,1.00,22.40
2008.01.08 19:45:02.319,1.1154,1.1156,1.00,22.40
2008.01.08 19:45:03.691,1.1154,1.11555,1.00,0.80
2008.01.08 19:45:03.874,1.1154,1.11555,1.00,0.80
2008.01.08 19:45:04.427,1.1154,1.11555,1.00,0.80
2008.01.08 19:45:07.343,1.1154,1.11555,1.00,0.80
2008.01.08 19:45:09.487,1.1154,1.11555,1.00,0.80
2008.01.08 19:45:09.626,1.1154,1.11555,1.00,0.80
2008.01.08 19:45:12.337,1.1154,1.11555,1.00,0.80
2008.01.08 19:45:14.508,1.1154,1.11555,1.00,0.80
2008.01.08 19:45:17.339,1.1154,1.11555,1.00,0.80
2008.01.08 19:45:19.546,1.1154,1.11555,1.00,0.80
2008.01.08 19:45:22.337,1.1154,1.11555,1.00,0.80
2008.01.08 19:45:22.554,1.1154,1.11555,1.00,0.80
2008.01.08 19:45:22.757,1.1154,1.11555,1.00,0.80
2008.01.08 19:45:24.575,1.1154,1.11555,1.00,0.80
2008.01.08 19:45:27.355,1.11535,1.11555,1.60,0.80
2008.01.08 19:45:29.590,1.11535,1.11555,1.60,0.80
2008.01.08 19:45:29.999,1.1154,1.11555,1.00,0.80
2008.01.08 19:45:30.202,1.1154,1.11555,1.30,0.80
2008.01.08 19:45:30.366,1.1154,1.11555,1.30,0.80
2008.01.08 19:45:32.358,1.1154,1.11555,1.30,0.80
2008.01.08 19:45:32.512,1.1154,1.11555,1.30,0.80
2008.01.08 19:45:33.820,1.1154,1.11555,1.20,0.80
2008.01.08 19:45:34.640,1.1154,1.1156,1.20,22.40
2008.01.08 19:45:37.355,1.1154,1.1156,1.20,22.40
2008.01.08 19:45:39.679,1.1154,1.1156,1.20,22.40
2008.01.08 19:45:41.559,1.1154,1.1156,1.20,22.40
2008.01.08 19:45:42.376,1.1154,1.1156,1.20,22.40
2008.01.08 19:45:44.647,1.1154,1.1156,0.80,22.40
2008.01.08 19:45:44.717,1.1154,1.1156,0.90,22.40
2008.01.08 19:45:44.870,1.1154,1.1156,0.60,18.40
2008.01.08 19:45:45.028,1.1154,1.1156,0.60,18.40
2008.01.08 19:45:47.287,1.1154,1.1156,1.00,18.40
2008.01.08 19:45:47.413,1.1153,1.1156,25.10,18.40
2008.01.08 19:45:47.803,1.1154,1.1156,0.80,22.40
2008.01.08 19:45:48.092,1.1153,1.1156,24.20,22.40
2008.01.08 19:45:48.380,1.1153,1.1156,24.20,22.40
2008.01.08 19:45:49.521,1.1153,1.1156,24.20,22.40
2008.01.08 19:45:49.755,1.1153,1.1156,24.20,22.40
2008.01.08 19:45:52.411,1.1153,1.1156,24.20,22.40
2008.01.08 19:45:54.790,1.1153,1.1156,24.20,22.40
2008.01.08 19:45:54.867,1.1153,1.1156,24.20,22.40
2008.01.08 19:45:55.611,1.11525,1.1156,27.00,22.40
2008.01.08 19:45:55.935,1.11525,1.1154,20.40,0.10
2008.01.08 19:45:56.259,1.11525,1.1154,20.40,0.10
2008.01.08 19:45:56.353,1.11525,1.1154,20.40,0.10
2008.01.08 19:45:56.446,1.11525,1.1154,19.50,0.10
2008.01.08 19:45:56.540,1.11525,1.1154,19.50,0.10
2008.01.08 19:45:56.795,1.1153,1.1154,3.10,0.10
2008.01.08 19:45:57.006,1.11525,1.1154,19.50,0.10
2008.01.08 19:45:57.419,1.11525,1.1154,19.50,0.10
2008.01.08 19:45:59.821,1.1153,1.1154,1.50,0.10
2008.01.08 19:46:02.455,1.11525,1.1154,19.50,0.10
2008.01.08 19:46:03.825,1.1153,1.1154,22.70,0.10
2008.01.08 19:46:03.932,1.11535,1.1154,0.80,0.10
2008.01.08 19:46:04.159,1.1153,1.11555,23.50,0.80
2008.01.08 19:46:04.839,1.1153,1.11555,23.50,0.80
2008.01.08 19:46:07.418,1.11535,1.11555,1.00,0.80
2008.01.08 19:46:09.762,1.1153,1.11555,23.50,0.80
2008.01.08 19:46:09.858,1.1153,1.11555,23.50,0.80
2008.01.08 19:46:09.942,1.1153,1.11555,19.50,0.80
2008.01.08 19:46:10.279,1.11535,1.11555,0.60,0.80
2008.01.08 19:46:11.707,1.1153,1.1156,19.50,37.60
2008.01.08 19:46:12.453,1.11535,1.11555,1.20,0.80
2008.01.08 19:46:14.933,1.11535,1.11555,1.60,0.80
2008.01.08 19:46:17.439,1.11535,1.11555,1.60,0.80
2008.01.08 19:46:19.966,1.11535,1.11555,1.60,0.80
2008.01.08 19:46:22.447,1.11535,1.11555,1.60,0.80
2008.01.08 19:46:22.735,1.11535,1.11555,1.60,0.80
2008.01.08 19:46:23.030,1.11535,1.11555,1.60,0.80
2008.01.08 19:46:25.005,1.11535,1.11555,1.60,0.80
2008.01.08 19:46:26.301,1.11535,1.11555,1.60,0.80
2008.01.08 19:46:27.434,1.11535,1.11555,1.60,0.80
2008.01.08 19:46:27.636,1.11535,1.11555,1.60,0.80
2008.01.08 19:46:28.062,1.11535,1.11555,1.60,1.60
2008.01.08 19:46:28.382,1.11535,1.1155,1.60,4.00
2008.01.08 19:46:28.703,1.11535,1.11555,0.30,5.80
2008.01.08 19:46:28.851,1.11535,1.11555,0.30,19.40
2008.01.08 19:46:29.003,1.11535,1.11555,0.30,19.40
2008.01.08 19:46:29.151,1.11535,1.11555,0.30,21.00
2008.01.08 19:46:29.310,1.11535,1.11555,0.30,21.00
2008.01.08 19:46:29.458,1.11535,1.11555,0.30,21.00
2008.01.08 19:46:29.834,1.11535,1.11555,0.30,21.00
2008.01.08 19:46:30.257,1.11535,1.11555,0.30,21.00
2008.01.08 19:46:30.577,1.11535,1.11555,0.30,21.00
2008.01.08 19:46:31.030,1.11535,1.11555,0.30,21.00
2008.01.08 19:46:32.455,1.11535,1.11555,0.30,21.00
2008.01.08 19:46:35.057,1.11535,1.11555,0.30,21.00
2008.01.08 19:46:35.878,1.11535,1.11555,0.30,21.00
2008.01.08 19:46:36.109,1.11535,1.11555,0.30,21.00
2008.01.08 19:46:36.337,1.11535,1.11555,0.30,25.00
2008.01.08 19:46:37.128,1.1153,1.1155,0.30,0.30
2008.01.08 19:46:37.352,1.1153,1.11545,0.30,8.00
2008.01.08 19:46:37.746,1.1153,1.11545,0.30,8.00
2008.01.08 19:46:37.970,1.1153,1.11545,0.30,12.00
2008.01.08 19:46:38.258,1.1153,1.11545,0.30,12.00
2008.01.08 19:46:38.547,1.1153,1.11545,0.30,12.00
2008.01.08 19:46:38.861,1.11535,1.11545,0.30,12.00
2008.01.08 19:46:39.075,1.11535,1.11545,0.30,12.00
2008.01.08 19:46:39.288,1.11535,1.11555,0.30,32.20
2008.01.08 19:46:39.501,1.11535,1.11555,0.30,29.00
2008.01.08 19:46:39.834,1.11535,1.11555,0.30,29.00
2008.01.08 19:46:40.048,1.11535,1.11555,0.30,29.00
2008.01.08 19:46:40.257,1.1153,1.1155,0.30,1.00
2008.01.08 19:46:40.465,1.1153,1.1155,0.30,1.00
2008.01.08 19:46:40.674,1.1153,1.1155,0.30,1.00
2008.01.08 19:46:41.040,1.1153,1.1155,0.30,1.00
2008.01.08 19:46:41.290,1.1153,1.1155,0.30,1.00
2008.01.08 19:46:41.521,1.1153,1.1155,0.30,1.00
2008.01.08 19:46:42.221,1.1153,1.1155,0.30,1.00
2008.01.08 19:46:42.404,1.1153,1.1155,0.30,1.00
2008.01.08 19:46:43.990,1.1153,1.1155,0.30,1.80
2008.01.08 19:46:44.168,1.1153,1.1155,0.30,2.60
2008.01.08 19:46:44.346,1.1153,1.1155,0.30,2.60
2008.01.08 19:46:44.525,1.1153,1.11545,0.30,0.20
2008.01.08 19:46:44.703,1.1153,1.11545,0.30,0.60
2008.01.08 19:46:44.880,1.1153,1.11545,0.30,1.20
2008.01.08 19:46:45.059,1.1152,1.1154,0.30,1.00
2008.01.08 19:46:45.393,1.11515,1.11535,1.80,9.00
2008.01.08 19:46:45.728,1.1152,1.11535,0.30,10.40
2008.01.08 19:46:46.061,1.1152,1.11535,0.30,8.80
2008.01.08 19:46:46.304,1.1152,1.11535,0.30,0.80
2008.01.08 19:46:46.547,1.1152,1.1154,0.30,2.60
2008.01.08 19:46:46.790,1.11515,1.11535,0.30,12.20
2008.01.08 19:46:47.033,1.11515,1.11535,0.30,13.00
2008.01.08 19:46:47.277,1.1152,1.1154,0.30,2.60
2008.01.08 19:46:47.521,1.1152,1.11535,0.30,0.20
2008.01.08 19:46:47.766,1.11515,1.11535,0.30,14.80
2008.01.08 19:46:48.009,1.11515,1.11535,0.30,15.60
2008.01.08 19:46:48.335,1.11515,1.11535,0.30,19.60
2008.01.08 19:46:48.613,1.11515,1.11535,0.30,19.60
2008.01.08 19:46:48.891,1.11515,1.11535,0.30,19.60
2008.01.08 19:46:49.170,1.11515,1.11535,0.30,19.60
2008.01.08 19:46:50.019,1.11515,1.11535,0.30,19.60
2008.01.08 19:46:50.578,1.11515,1.11535,0.30,23.00
2008.01.08 19:46:50.791,1.11515,1.11535,0.30,23.00
2008.01.08 19:46:51.004,1.11515,1.11535,0.30,23.40
2008.01.08 19:46:51.218,1.11515,1.11535,0.30,25.20
2008.01.08 19:46:51.507,1.1152,1.1153,0.30,1.00
2008.01.08 19:46:51.796,1.1151,1.11525,0.30,8.00
2008.01.08 19:46:52.084,1.1151,1.11525,0.30,12.00
2008.01.08 19:46:52.274,1.11515,1.1153,0.30,0.80
2008.01.08 19:46:52.462,1.11515,1.11535,0.30,24.40
2008.01.08 19:46:52.650,1.11515,1.11535,0.30,24.40
2008.01.08 19:46:55.186,1.11515,1.11535,0.30,24.40
2008.01.08 19:46:55.343,1.11515,1.11535,0.30,27.60
2008.01.08 19:46:57.500,1.11515,1.11535,0.30,27.60
2008.01.08 19:46:58.685,1.11515,1.11535,0.30,27.20
2008.01.08 19:46:59.009,1.11515,1.11535,0.30,24.30
2008.01.08 19:46:59.332,1.11515,1.11535,2.60,21.60
2008.01.08 19:46:59.531,1.11515,1.11535,2.60,21.50
2008.01.08 19:46:59.730,1.1152,1.11535,0.30,21.20
2008.01.08 19:46:59.929,1.1152,1.11535,0.30,18.00
2008.01.08 19:47:00.128,1.1152,1.11535,0.30,18.00
2008.01.08 19:47:00.327,1.1152,1.11535,0.30,18.20
2008.01.08 19:47:00.630,1.11515,1.1153,6.40,0.30
2008.01.08 19:47:00.934,1.1151,1.11525,0.30,4.30
2008.01.08 19:47:01.238,1.11505,1.11525,10.80,4.20
2008.01.08 19:47:01.412,1.11505,1.11525,6.80,18.60
2008.01.08 19:47:01.585,1.11505,1.11525,4.40,19.40
2008.01.08 19:47:01.759,1.11505,1.11525,4.40,19.40
2008.01.08 19:47:01.932,1.11505,1.11525,0.30,19.40
2008.01.08 19:47:02.106,1.1151,1.11525,0.30,15.20
2008.01.08 19:47:02.280,1.1151,1.1153,0.30,2.60
2008.01.08 19:47:02.453,1.1151,1.1153,0.30,2.60
2008.01.08 19:47:02.757,1.11505,1.11525,0.30,12.20
2008.01.08 19:47:03.061,1.11505,1.11525,0.30,15.40
2008.01.08 19:47:03.365,1.1152,1.1153,0.30,1.60
2008.01.08 19:47:03.604,1.11515,1.1153,4.00,1.00
2008.01.08 19:47:03.844,1.1151,1.1153,0.30,3.40
2008.01.08 19:47:04.083,1.1151,1.1153,0.30,3.40
2008.01.08 19:47:04.321,1.1151,1.1153,0.30,3.40
2008.01.08 19:47:04.783,1.1151,1.1153,0.30,3.40
2008.01.08 19:47:05.061,1.1151,1.1153,0.30,3.40
2008.01.08 19:47:05.300,1.1151,1.1153,0.30,3.40
2008.01.08 19:47:05.577,1.1151,1.1153,0.30,3.40
2008.01.08 19:47:05.836,1.1151,1.1153,0.30,3.40
2008.01.08 19:47:06.606,1.11505,1.11525,0.30,0.30
2008.01.08 19:47:06.714,1.11505,1.11525,0.30,12.20
2008.01.08 19:47:06.823,1.11505,1.11525,0.30,19.40
2008.01.08 19:47:06.851,1.115,1.11525,0.60,19.40
2008.01.08 19:47:06.932,1.11505,1.11525,0.30,19.40
2008.01.08 19:47:07.068,1.11505,1.11525,0.30,19.40
2008.01.08 19:47:07.235,1.11505,1.11525,0.30,18.60
2008.01.08 19:47:07.343,1.11505,1.11525,0.30,17.00
2008.01.08 19:47:07.530,1.11505,1.11525,0.30,17.00
2008.01.08 19:47:07.788,1.11505,1.11525,0.30,17.00
2008.01.08 19:47:08.338,1.11505,1.11525,0.30,17.00
2008.01.08 19:47:08.729,1.11505,1.11525,0.30,17.00
2008.01.08 19:47:10.254,1.11505,1.11525,0.30,17.00
2008.01.08 19:47:12.538,1.11505,1.11525,0.30,17.00
2008.01.08 19:47:12.777,1.11505,1.11525,0.30,17.00
2008.01.08 19:47:15.287,1.11505,1.11525,0.30,17.00
2008.01.08 19:47:16.715,1.11505,1.11525,0.30,17.00
2008.01.08 19:47:16.859,1.11505,1.11525,0.30,17.00
2008.01.08 19:47:17.243,1.11505,1.11525,0.30,17.00
2008.01.08 19:47:17.416,1.11505,1.11525,0.30,17.00
2008.01.08 19:47:17.555,1.11505,1.11525,0.30,17.00
2008.01.08 19:47:17.976,1.11505,1.11525,0.30,17.00
2008.01.08 19:47:18.490,1.11505,1.11525,0.30,17.00
2008.01.08 19:47:18.823,1.11505,1.11525,0.30,18.60
2008.01.08 19:47:19.027,1.11505,1.11525,0.30,19.40
2008.01.08 19:47:19.230,1.11505,1.11525,0.30,19.40
2008.01.08 19:47:20.256,1.11505,1.11525,0.30,19.40
2008.01.08 19:47:20.772,1.11505,1.11525,0.30,19.40
2008.01.08 19:47:21.293,1.11505,1.11525,0.30,19.40
2008.01.08 19:47:21.601,1.11505,1.11525,0.30,18.60
2008.01.08 19:47:21.810,1.11505,1.11525,0.30,18.60
2008.01.08 19:47:21.964,1.11505,1.11525,0.30,19.40
2008.01.08 19:47:22.137,1.11505,1.11525,0.30,19.40
2008.01.08 19:47:22.271,1.11505,1.11525,0.30,19.40
2008.01.08 19:47:22.424,1.1151,1.1152,0.30,0.30
2008.01.08 19:47:22.578,1.1151,1.1152,0.30,1.00
2008.01.08 19:47:22.774,1.1151,1.1152,0.30,1.00
2008.01.08 19:47:23.060,1.1151,1.1152,0.30,1.00
2008.01.08 19:47:23.394,1.1151,1.1152,0.30,1.00
2008.01.08 19:47:24.982,1.1151,1.1152,0.30,1.00
2008.01.08 19:47:25.160,1.1151,1.1152,0.30,1.00
2008.01.08 19:47:25.360,1.115,1.11515,0.30,8.00
2008.01.08 19:47:25.539,1.115,1.11515,0.30,8.00
2008.01.08 19:47:25.737,1.115,1.11515,0.30,8.00
2008.01.08 19:47:25.897,1.115,1.11515,0.30,12.00
2008.01.08 19:47:26.179,1.115,1.11515,0.30,12.00
2008.01.08 19:47:26.462,1.115,1.11515,0.30,12.00
2008.01.08 19:47:26.745,1.115,1.11515,0.30,12.80
2008.01.08 19:47:27.043,1.115,1.11515,0.30,12.80
2008.01.08 19:47:27.227,1.115,1.11515,0.30,12.80
2008.01.08 19:47:27.411,1.115,1.11515,0.30,12.80
2008.01.08 19:47:29.746,1.115,1.11515,0.30,12.80
2008.01.08 19:47:29.969,1.115,1.11515,0.30,14.40
2008.01.08 19:47:30.102,1.115,1.11515,0.30,14.40
2008.01.08 19:47:30.237,1.115,1.11515,0.30,14.40
2008.01.08 19:47:32.354,1.115,1.11515,0.30,14.40
2008.01.08 19:47:32.574,1.115,1.11515,0.30,14.40
2008.01.08 19:47:32.708,1.115,1.11515,0.30,15.20
2008.01.08 19:47:34.153,1.115,1.11515,0.30,15.20
2008.01.08 19:47:34.302,1.115,1.11515,0.30,15.20
2008.01.08 19:47:34.479,1.115,1.11515,0.30,15.20
2008.01.08 19:47:34.988,1.115,1.11515,0.30,15.20
2008.01.08 19:47:35.136,1.115,1.11515,0.30,14.40
2008.01.08 19:47:35.424,1.115,1.11515,0.30,14.40
2008.01.08 19:47:35.924,1.115,1.11515,0.30,14.40
2008.01.08 19:47:37.605,1.115,1.11515,0.30,14.40
2008.01.08 19:47:37.780,1.115,1.11515,0.30,14.40
2008.01.08 19:47:37.997,1.115,1.11515,0.30,14.40
2008.01.08 19:47:39.635,1.115,1.11515,0.30,16.80
2008.01.08 19:47:39.764,1.11495,1.11505,0.05,12.00
2008.01.08 19:47:39.892,1.11495,1.11505,0.05,12.00
2008.01.08 19:47:40.022,1.11495,1.11505,0.05,12.00
2008.01.08 19:47:40.149,1.11495,1.11505,0.05,12.00
2008.01.08 19:47:40.311,1.11495,1.11505,0.05,12.00
2008.01.08 19:47:40.520,1.11495,1.11505,0.05,12.00
2008.01.08 19:47:40.699,1.11495,1.11505,0.05,12.00
2008.01.08 19:47:40.877,1.11495,1.11505,0.05,12.00
2008.01.08 19:47:41.056,1.11495,1.11505,0.05,12.00
2008.01.08 19:47:41.234,1.1149,1.1151,0.30,5.60
2008.01.08 19:47:41.415,1.1149,1.11515,0.30,28.20
2008.01.08 19:47:41.658,1.1149,1.11515,0.30,33.80
2008.01.08 19:47:41.902,1.11485,1.11505,0.80,0.30
2008.01.08 19:47:42.146,1.11475,1.115,36.20,0.30
2008.01.08 19:47:42.390,1.11475,1.115,22.80,1.00
2008.01.08 19:47:42.499,1.11475,1.115,4.90,1.00
2008.01.08 19:47:42.610,1.11475,1.115,4.80,1.00
2008.01.08 19:47:42.718,1.11475,1.115,4.80,1.80
2008.01.08 19:47:42.827,1.11475,1.115,4.60,2.60
2008.01.08 19:47:42.935,1.11475,1.115,0.60,2.60
2008.01.08 19:47:43.046,1.11475,1.115,0.60,2.60
2008.01.08 19:47:43.272,1.11475,1.115,0.30,2.60
2008.01.08 19:47:43.381,1.11475,1.115,0.30,2.60
2008.01.08 19:47:43.517,1.11475,1.115,0.30,2.60
2008.01.08 19:47:43.851,1.11475,1.115,0.30,2.60
2008.01.08 19:47:44.239,1.11475,1.115,0.30,2.60
2008.01.08 19:47:45.483,1.11475,1.115,0.30,2.60
2008.01.08 19:47:45.933,1.1147,1.115,1.30,2.60
2008.01.08 19:47:46.757,1.11475,1.115,0.30,2.60
2008.01.08 19:47:46.971,1.1147,1.115,4.50,2.60
2008.01.08 19:47:47.281,1.1147,1.115,4.40,2.60
2008.01.08 19:47:47.513,1.11475,1.115,1.70,2.60
2008.01.08 19:47:48.341,1.1147,1.115,4.40,2.60
2008.01.08 19:47:48.529,1.11475,1.115,1.00,2.60
2008.01.08 19:47:50.516,1.1147,1.115,4.40,2.60
2008.01.08 19:47:50.725,1.11475,1.115,1.70,2.60
2008.01.08 19:47:50.999,1.1148,1.115,0.30,2.40
2008.01.08 19:47:51.272,1.11475,1.11505,13.00,23.40
2008.01.08 19:47:51.545,1.1148,1.11505,0.30,23.40
2008.01.08 19:47:51.817,1.11475,1.11505,12.70,23.40
2008.01.08 19:47:51.966,1.11475,1.11505,16.70,23.40
2008.01.08 19:47:52.115,1.11475,1.11505,16.70,23.40
2008.01.08 19:47:52.284,1.11475,1.11505,16.70,23.40
2008.01.08 19:47:52.608,1.11475,1.11505,16.70,23.40
2008.01.08 19:47:52.798,1.1148,1.11505,0.30,23.40
2008.01.08 19:47:53.925,1.1148,1.11505,0.60,23.20
2008.01.08 19:47:54.084,1.11485,1.11505,0.30,20.00
2008.01.08 19:47:54.242,1.1148,1.11505,3.60,17.60
2008.01.08 19:47:54.401,1.11485,1.11505,1.60,17.60
2008.01.08 19:47:54.785,1.11485,1.11505,2.30,17.60
2008.01.08 19:47:54.979,1.1148,1.11505,7.60,17.60
2008.01.08 19:47:55.290,1.11485,1.11505,0.60,17.60
2008.01.08 19:47:55.551,1.11485,1.11505,3.10,17.60
2008.01.08 19:47:57.647,1.11485,1.11505,3.70,17.60
2008.01.08 19:48:00.582,1.1148,1.11505,7.60,17.60
2008.01.08 19:48:02.634,1.11485,1.11505,1.70,17.60
2008.01.08 19:48:03.771,1.1148,1.11505,7.60,17.60
2008.01.08 19:48:05.496,1.11485,1.11505,0.50,16.00
2008.01.08 19:48:05.775,1.11485,1.11505,0.80,8.00
2008.01.08 19:48:06.054,1.11485,1.11505,9.30,8.00
2008.01.08 19:48:06.352,1.11485,1.11505,9.30,8.00
2008.01.08 19:48:06.537,1.11485,1.11515,9.30,35.40
2008.01.08 19:48:06.750,1.11485,1.11515,9.30,35.40
2008.01.08 19:48:06.954,1.11485,1.11515,9.30,35.40
2008.01.08 19:48:07.158,1.1149,1.11515,0.30,31.40
2008.01.08 19:48:07.360,1.1149,1.11515,0.30,31.40
2008.01.08 19:48:07.637,1.1149,1.11515,0.30,31.40
2008.01.08 19:48:07.779,1.1149,1.11515,0.30,31.40
2008.01.08 19:48:10.625,1.1149,1.11515,0.30,31.40
2008.01.08 19:48:11.249,1.1149,1.11515,0.30,32.20
2008.01.08 19:48:11.393,1.1149,1.11515,0.30,28.20
2008.01.08 19:48:11.537,1.11485,1.11515,9.30,28.20
2008.01.08 19:48:12.289,1.11485,1.11515,9.30,28.20
2008.01.08 19:48:12.645,1.1149,1.11515,0.30,28.20
2008.01.08 19:48:13.217,1.11485,1.11515,9.30,28.20
2008.01.08 19:48:14.771,1.1149,1.11515,0.30,28.20
2008.01.08 19:48:14.954,1.11485,1.11515,9.30,32.20
2008.01.08 19:48:15.150,1.1149,1.11515,0.30,33.00
2008.01.08 19:48:15.334,1.1149,1.11515,0.30,32.20
2008.01.08 19:48:15.658,1.1149,1.11515,0.30,32.20
2008.01.08 19:48:15.854,1.1149,1.11515,0.30,32.20
2008.01.08 19:48:16.055,1.1149,1.11515,0.30,32.20
2008.01.08 19:48:16.267,1.1149,1.11515,0.30,32.20
2008.01.08 19:48:16.705,1.1149,1.11505,0.30,8.00
2008.01.08 19:48:16.860,1.11485,1.11505,6.60,8.00
2008.01.08 19:48:17.015,1.11485,1.11505,6.60,8.00
2008.01.08 19:48:17.168,1.11485,1.11505,5.80,10.40
2008.01.08 19:48:17.322,1.11485,1.11505,5.80,10.40
2008.01.08 19:48:17.652,1.11485,1.11505,5.80,10.40
2008.01.08 19:48:17.805,1.11485,1.11505,5.80,14.40
2008.01.08 19:48:18.119,1.1149,1.11505,0.30,16.00
2008.01.08 19:48:18.452,1.1149,1.11515,0.30,32.20
2008.01.08 19:48:18.747,1.1149,1.11515,0.30,44.20
2008.01.08 19:48:18.866,1.1149,1.11505,0.30,8.00
2008.01.08 19:48:18.984,1.1149,1.11505,0.30,8.00
2008.01.08 19:48:19.013,1.1149,1.11515,0.30,45.00
2008.01.08 19:48:19.103,1.1149,1.1151,0.30,8.80
2008.01.08 19:48:19.221,1.11485,1.1151,6.60,9.00
2008.01.08 19:48:19.340,1.11485,1.11505,5.80,0.50
2008.01.08 19:48:19.459,1.11485,1.11505,5.80,0.90
2008.01.08 19:48:19.578,1.11485,1.1151,5.80,16.20
2008.01.08 19:48:19.779,1.11485,1.1151,5.80,24.20
2008.01.08 19:48:20.104,1.1149,1.11505,0.30,14.40
2008.01.08 19:48:20.426,1.1149,1.11515,0.30,29.80
2008.01.08 19:48:20.945,1.1149,1.11515,0.30,25.80
2008.01.08 19:48:21.153,1.1149,1.11515,0.30,25.80
2008.01.08 19:48:21.361,1.1149,1.11515,0.30,25.80
2008.01.08 19:48:21.569,1.1149,1.11515,0.30,25.80
2008.01.08 19:48:21.778,1.1149,1.11515,0.30,26.60
2008.01.08 19:48:21.986,1.1149,1.11515,0.30,27.40
2008.01.08 19:48:22.144,1.1149,1.11515,0.30,28.20
2008.01.08 19:48:22.662,1.1149,1.11515,0.30,28.20
2008.01.08 19:48:22.815,1.1149,1.11515,0.30,28.20
2008.01.08 19:48:22.973,1.1149,1.11515,0.30,32.20
2008.01.08 19:48:23.216,1.1149,1.11515,0.30,32.20
2008.01.08 19:48:23.460,1.1149,1.11515,0.30,33.00
2008.01.08 19:48:24.194,1.1149,1.11515,0.30,33.00
2008.01.08 19:48:24.631,1.1149,1.11505,0.30,2.40
2008.01.08 19:48:24.799,1.11485,1.11505,5.80,10.40
2008.01.08 19:48:24.991,1.11485,1.11505,5.80,10.40
2008.01.08 19:48:25.172,1.1149,1.11505,0.30,10.40
2008.01.08 19:48:25.290,1.1149,1.1151,0.30,4.80
2008.01.08 19:48:25.408,1.1149,1.1151,0.30,4.80
2008.01.08 19:48:25.526,1.1149,1.1151,0.30,1.60
2008.01.08 19:48:25.670,1.1149,1.1151,0.30,0.80
2008.01.08 19:48:25.770,1.1149,1.11515,0.30,30.60
2008.01.08 19:48:26.014,1.1149,1.11515,0.30,30.60
2008.01.08 19:48:26.216,1.1149,1.11515,0.30,30.60
2008.01.08 19:48:26.533,1.1149,1.11515,0.30,30.60
2008.01.08 19:48:26.847,1.1149,1.11515,0.30,31.40
2008.01.08 19:48:27.105,1.1149,1.11515,0.30,33.00
2008.01.08 19:48:27.253,1.1149,1.11515,0.30,33.00
2008.01.08 19:48:27.659,1.1149,1.11515,0.30,33.00
2008.01.08 19:48:28.151,1.1149,1.11515,0.30,33.00
2008.01.08 19:48:28.537,1.1149,1.11515,0.30,32.20
2008.01.08 19:48:28.841,1.1149,1.11505,0.30,8.00
2008.01.08 19:48:29.145,1.11485,1.11505,5.80,8.00
2008.01.08 19:48:29.328,1.11485,1.11505,5.80,10.40
2008.01.08 19:48:29.512,1.11485,1.11505,5.80,10.40
2008.01.08 19:48:29.695,1.11485,1.11505,5.60,10.60
2008.01.08 19:48:29.878,1.1148,1.11505,0.30,22.60
2008.01.08 19:48:30.062,1.1148,1.11505,0.30,29.00
2008.01.08 19:48:30.340,1.1148,1.11505,0.30,29.00
2008.01.08 19:48:30.619,1.1148,1.11505,0.30,29.00
2008.01.08 19:48:30.898,1.1148,1.11505,0.30,29.00
2008.01.08 19:48:31.175,1.1148,1.11505,0.30,29.00
2008.01.08 19:48:31.425,1.1148,1.11505,0.30,29.90
2008.01.08 19:48:32.653,1.1148,1.11505,0.30,31.50
2008.01.08 19:48:32.833,1.11475,1.11495,6.60,10.40
2008.01.08 19:48:33.011,1.11475,1.11495,6.40,10.40
2008.01.08 19:48:33.219,1.11475,1.11495,6.40,10.40
2008.01.08 19:48:33.452,1.11475,1.11495,6.40,14.40
2008.01.08 19:48:33.665,1.11475,1.11495,6.50,14.40
2008.01.08 19:48:33.881,1.11475,1.11495,6.50,14.40
2008.01.08 19:48:34.460,1.11475,1.11495,5.80,14.40
2008.01.08 19:48:34.588,1.11475,1.11495,5.80,14.40
2008.01.08 19:48:34.717,1.11475,1.11495,4.00,16.20
2008.01.08 19:48:34.845,1.1147,1.11495,0.30,18.60
2008.01.08 19:48:34.988,1.1147,1.11495,0.30,19.40
2008.01.08 19:48:35.500,1.1147,1.11495,0.30,19.40
2008.01.08 19:48:35.703,1.1147,1.11495,0.30,19.40
2008.01.08 19:48:35.886,1.1147,1.11495,0.30,19.40
2008.01.08 19:48:37.461,1.1147,1.11495,0.30,19.40
2008.01.08 19:48:37.682,1.1147,1.11495,0.30,19.40
2008.01.08 19:48:37.866,1.11475,1.11495,0.20,19.40
2008.01.08 19:48:38.054,1.11475,1.11495,0.20,19.40
2008.01.08 19:48:38.806,1.11475,1.11495,0.20,19.40
2008.01.08 19:48:39.868,1.11475,1.11495,0.20,23.40
2008.01.08 19:48:40.071,1.11475,1.11495,0.20,27.40
2008.01.08 19:48:40.415,1.11475,1.11495,0.20,27.40
2008.01.08 19:48:40.620,1.11475,1.11495,0.20,27.40
2008.01.08 19:48:41.063,1.11475,1.11495,0.20,27.40
2008.01.08 19:48:41.776,1.11475,1.11495,0.20,27.40
2008.01.08 19:48:42.487,1.11475,1.11495,0.40,27.40
2008.01.08 19:48:42.736,1.11475,1.11495,3.10,24.00
2008.01.08 19:48:42.779,1.11475,1.11495,3.10,22.40
2008.01.08 19:48:42.822,1.11475,1.11495,3.10,21.60
2008.01.08 19:48:43.015,1.11475,1.11495,3.10,21.60
2008.01.08 19:48:43.055,1.11475,1.11495,3.20,21.60
2008.01.08 19:48:43.525,1.11475,1.11495,3.20,21.60
2008.01.08 19:48:44.263,1.11475,1.11495,3.20,21.60
2008.01.08 19:48:44.566,1.11475,1.11495,3.20,21.60
2008.01.08 19:48:44.859,1.11475,1.11495,3.20,21.60
2008.01.08 19:48:45.453,1.11475,1.11495,3.30,21.60
2008.01.08 19:48:45.866,1.11475,1.11495,3.30,21.60
2008.01.08 19:48:46.071,1.11475,1.11495,3.30,0.70
2008.01.08 19:48:47.306,1.11475,1.115,3.30,16.20
2008.01.08 19:48:47.696,1.11475,1.115,3.30,16.20
2008.01.08 19:48:49.886,1.11475,1.115,7.30,24.20
2008.01.08 19:48:50.053,1.11475,1.11495,7.30,0.90
2008.01.08 19:48:50.221,1.11475,1.11495,3.30,0.80
2008.01.08 19:48:50.389,1.11475,1.115,3.30,16.20
2008.01.08 19:48:50.896,1.11475,1.115,3.30,16.20
2008.01.08 19:48:51.224,1.11475,1.11495,3.30,0.50
2008.01.08 19:48:52.699,1.11475,1.11495,3.30,0.60
2008.01.08 19:48:54.912,1.11475,1.115,7.30,24.20
2008.01.08 19:48:55.006,1.11475,1.115,7.30,24.20
2008.01.08 19:48:55.099,1.11475,1.11495,7.30,0.90
2008.01.08 19:48:55.247,1.11475,1.11495,3.30,0.80
2008.01.08 19:48:55.396,1.11475,1.115,3.30,24.20
2008.01.08 19:48:55.797,1.11475,1.115,3.30,24.20
2008.01.08 19:48:56.225,1.11475,1.11495,3.30,0.90
2008.01.08 19:48:56.418,1.11475,1.115,3.50,23.40
2008.01.08 19:48:56.734,1.11475,1.115,3.50,23.40
2008.01.08 19:48:56.927,1.11475,1.115,3.30,23.40
2008.01.08 19:48:57.123,1.11475,1.11495,8.90,0.90
2008.01.08 19:48:57.314,1.11475,1.115,8.80,17.00
2008.01.08 19:48:57.518,1.11475,1.115,8.80,21.00
2008.01.08 19:48:57.742,1.11475,1.11495,8.80,0.50
2008.01.08 19:48:57.945,1.11475,1.11495,8.90,0.80
2008.01.08 19:48:58.299,1.11475,1.115,8.90,21.80
2008.01.08 19:48:58.556,1.11475,1.115,8.90,21.80
2008.01.08 19:48:58.996,1.11475,1.115,8.80,21.80
2008.01.08 19:49:00.311,1.11475,1.11495,8.80,0.60
2008.01.08 19:49:00.961,1.11475,1.11495,8.80,0.70
2008.01.08 19:49:02.367,1.11475,1.115,8.70,21.80
2008.01.08 19:49:02.720,1.11475,1.115,8.70,21.80
2008.01.08 19:49:03.849,1.11475,1.115,8.70,21.80
2008.01.08 19:49:04.098,1.11475,1.11495,8.70,0.50
2008.01.08 19:49:04.377,1.11475,1.115,8.20,25.00
2008.01.08 19:49:04.581,1.11475,1.115,8.20,25.00
2008.01.08 19:49:04.785,1.1147,1.11495,0.30,0.70
2008.01.08 19:49:04.988,1.1147,1.115,0.30,31.60
2008.01.08 19:49:05.191,1.1147,1.115,0.30,31.60
2008.01.08 19:49:05.741,1.1147,1.11495,0.30,0.90
2008.01.08 19:49:05.965,1.1147,1.11495,0.30,0.60
2008.01.08 19:49:06.253,1.1147,1.115,0.30,31.60
2008.01.08 19:49:06.554,1.1147,1.115,0.30,31.60
2008.01.08 19:49:07.731,1.1147,1.11495,0.30,0.80
2008.01.08 19:49:08.395,1.1147,1.11495,0.30,0.50
2008.01.08 19:49:08.812,1.1147,1.11495,0.30,0.90
2008.01.08 19:49:09.535,1.1147,1.115,0.30,31.60
2008.01.08 19:49:09.822,1.1147,1.115,0.30,31.60
2008.01.08 19:49:11.017,1.1147,1.115,0.30,31.60
2008.01.08 19:49:12.758,1.1147,1.11495,0.30,0.90
2008.01.08 19:49:15.047,1.1147,1.11495,0.30,19.40
2008.01.08 19:49:15.555,1.1147,1.11495,0.30,19.40
2008.01.08 19:49:15.766,1.1147,1.11495,0.30,19.40
2008.01.08 19:49:16.061,1.1147,1.11495,0.30,19.40
2008.01.08 19:49:16.722,1.1147,1.11495,0.30,21.10
2008.01.08 19:49:16.897,1.1147,1.11495,0.30,21.10
2008.01.08 19:49:17.197,1.11475,1.11495,0.30,21.60
2008.01.08 19:49:17.495,1.11475,1.11495,0.30,20.00
2008.01.08 19:49:17.795,1.11475,1.11495,0.30,16.30
2008.01.08 19:49:18.093,1.11475,1.11495,4.20,16.00
2008.01.08 19:49:18.352,1.11475,1.11495,4.20,16.00
2008.01.08 19:49:18.611,1.11475,1.11495,4.20,16.00
2008.01.08 19:49:18.869,1.11475,1.11495,4.20,16.00
2008.01.08 19:49:19.747,1.11475,1.11495,4.20,16.00
2008.01.08 19:49:19.900,1.11475,1.11495,4.40,16.00
2008.01.08 19:49:20.053,1.11475,1.11495,4.40,16.00
2008.01.08 19:49:20.201,1.11475,1.11495,4.40,16.00
2008.01.08 19:49:20.349,1.11475,1.11495,4.40,16.00
2008.01.08 19:49:20.498,1.11475,1.11495,4.40,16.00
2008.01.08 19:49:20.788,1.11475,1.11495,4.40,16.00
2008.01.08 19:49:21.004,1.11475,1.11495,4.40,16.00
2008.01.08 19:49:21.722,1.11475,1.11495,4.40,16.00
2008.01.08 19:49:22.237,1.11475,1.11495,4.40,16.00
2008.01.08 19:49:22.728,1.11475,1.11495,4.20,16.00
2008.01.08 19:49:22.973,1.11475,1.11495,4.20,16.00
2008.01.08 19:49:23.813,1.11475,1.11495,4.20,16.00
2008.01.08 19:49:24.222,1.11475,1.11495,4.20,16.00
2008.01.08 19:49:24.738,1.11475,1.11495,4.20,16.00
2008.01.08 19:49:25.771,1.11475,1.11495,4.20,16.00
2008.01.08 19:49:26.025,1.11475,1.11495,4.20,17.60
2008.01.08 19:49:26.278,1.11475,1.11495,0.30,19.20
2008.01.08 19:49:26.496,1.11475,1.11495,0.30,19.20
2008.01.08 19:49:26.715,1.11475,1.1149,0.30,3.20
2008.01.08 19:49:26.932,1.11475,1.1149,0.30,3.20
2008.01.08 19:49:27.766,1.11475,1.1149,0.30,3.20
2008.01.08 19:49:31.166,1.11475,1.1149,0.30,3.20
2008.01.08 19:49:31.979,1.11475,1.11495,0.30,22.40
2008.01.08 19:49:32.488,1.11475,1.11495,0.30,19.20
2008.01.08 19:49:32.803,1.11475,1.11495,0.30,19.20
2008.01.08 19:49:33.031,1.11475,1.11495,0.30,19.20
2008.01.08 19:49:33.264,1.11475,1.11495,0.30,19.20
2008.01.08 19:49:34.032,1.11475,1.11495,0.30,19.20
2008.01.08 19:49:34.556,1.11475,1.11495,0.30,19.20
2008.01.08 19:49:35.283,1.11475,1.11495,0.30,19.20
2008.01.08 19:49:36.157,1.11475,1.11495,0.30,19.20
2008.01.08 19:49:37.303,1.11475,1.11495,0.30,19.20
2008.01.08 19:49:37.508,1.11475,1.11495,0.30,19.20
2008.01.08 19:49:37.714,1.11475,1.11495,0.30,19.20
2008.01.08 19:49:38.134,1.11475,1.11495,0.30,19.20
2008.01.08 19:49:38.188,1.11475,1.115,0.30,31.40
2008.01.08 19:49:38.257,1.11475,1.115,0.30,28.20
2008.01.08 19:49:39.101,1.11475,1.115,0.30,27.40
2008.01.08 19:49:39.339,1.11475,1.115,0.30,25.80
2008.01.08 19:49:40.626,1.1148,1.11495,0.30,0.60
2008.01.08 19:49:40.745,1.1148,1.115,0.30,23.20
2008.01.08 19:49:40.859,1.1148,1.115,0.30,22.40
2008.01.08 19:49:41.181,1.1148,1.115,0.30,22.40
2008.01.08 19:49:41.430,1.1148,1.115,0.30,22.40
2008.01.08 19:49:41.676,1.1148,1.11495,0.30,0.70
2008.01.08 19:49:41.926,1.1148,1.115,0.30,23.20
2008.01.08 19:49:42.298,1.1148,1.115,0.30,23.20
2008.01.08 19:49:42.804,1.1148,1.115,0.30,23.20
2008.01.08 19:49:43.236,1.1148,1.115,0.30,22.40
2008.01.08 19:49:43.830,1.11485,1.115,0.30,22.40
2008.01.08 19:49:44.009,1.11485,1.115,0.30,20.00
2008.01.08 19:49:44.187,1.1149,1.115,0.30,20.00
2008.01.08 19:49:44.298,1.1149,1.1151,0.30,40.00
2008.01.08 19:49:44.385,1.1149,1.1151,0.30,40.00
2008.01.08 19:49:44.473,1.1149,1.1151,0.30,40.00
2008.01.08 19:49:44.608,1.1149,1.11505,0.30,0.60
2008.01.08 19:49:44.697,1.1149,1.11505,0.30,0.80
2008.01.08 19:49:44.786,1.1149,1.11505,0.30,0.80
2008.01.08 19:49:44.973,1.1149,1.1151,0.30,32.80
2008.01.08 19:49:45.061,1.1149,1.1151,0.30,32.80
2008.01.08 19:49:45.149,1.1149,1.1151,0.30,33.60
2008.01.08 19:49:45.293,1.1149,1.11505,0.30,0.80
2008.01.08 19:49:45.437,1.1149,1.1151,0.30,36.00
2008.01.08 19:49:45.673,1.1149,1.11505,0.30,0.80
2008.01.08 19:49:45.835,1.1149,1.1151,0.30,33.60
2008.01.08 19:49:45.978,1.1149,1.11505,0.30,0.90
2008.01.08 19:49:46.122,1.11485,1.1151,4.20,35.40
2008.01.08 19:49:46.195,1.11485,1.11505,4.20,0.50
2008.01.08 19:49:46.268,1.11485,1.1151,0.30,36.20
2008.01.08 19:49:46.342,1.11485,1.1151,0.30,39.40
2008.01.08 19:49:46.815,1.11485,1.11505,0.30,0.80
2008.01.08 19:49:46.911,1.11485,1.1151,0.30,39.40
2008.01.08 19:49:47.008,1.11485,1.1151,0.30,39.40
2008.01.08 19:49:47.538,1.11485,1.1151,0.30,39.40
2008.01.08 19:49:47.813,1.11485,1.1151,0.30,39.40
2008.01.08 19:49:48.055,1.11485,1.1151,0.30,39.40
2008.01.08 19:49:48.747,1.11485,1.1151,0.30,38.60
2008.01.08 19:49:49.054,1.11485,1.1151,0.30,38.60
2008.01.08 19:49:51.240,1.11485,1.1151,0.30,38.60
2008.01.08 19:49:52.820,1.11485,1.1151,0.30,38.60
2008.01.08 19:49:54.050,1.11485,1.1151,0.30,38.60
2008.01.08 19:49:56.282,1.11485,1.1151,0.30,38.60
2008.01.08 19:49:57.531,1.11485,1.11505,0.30,0.70
2008.01.08 19:49:57.834,1.11485,1.1151,0.30,39.40
2008.01.08 19:49:59.304,1.11485,1.1151,0.30,39.40
2008.01.08 19:50:00.285,1.11485,1.1151,0.30,39.40
2008.01.08 19:50:00.701,1.11485,1.1151,0.30,39.40
2008.01.08 19:50:01.292,1.11485,1.1151,0.30,39.40
2008.01.08 19:50:02.778,1.11485,1.1151,0.30,39.40
2008.01.08 19:50:03.501,1.11485,1.1151,0.30,39.40
2008.01.08 19:50:04.022,1.11485,1.11505,0.30,0.80
2008.01.08 19:50:04.223,1.11485,1.11505,0.30,0.50
2008.01.08 19:50:04.748,1.11485,1.1151,0.30,39.40
2008.01.08 19:50:05.263,1.11485,1.11505,0.30,30.40
2008.01.08 19:50:06.328,1.11485,1.11505,0.30,30.40
2008.01.08 19:50:07.839,1.11485,1.11505,0.30,30.40
2008.01.08 19:50:11.354,1.11485,1.11505,0.30,30.40
2008.01.08 19:50:12.851,1.11485,1.11505,0.30,30.40
2008.01.08 19:50:13.280,1.11485,1.11505,0.30,30.40
2008.01.08 19:50:13.311,1.11485,1.11505,0.30,30.40
2008.01.08 19:50:16.367,1.1148,1.115,4.20,8.80
2008.01.08 19:50:16.800,1.1148,1.115,4.20,8.80
2008.01.08 19:50:17.014,1.1148,1.115,4.50,8.80
2008.01.08 19:50:17.461,1.1149,1.11505,0.30,15.40
2008.01.08 19:50:17.704,1.1149,1.115,0.30,0.80
2008.01.08 19:50:19.704,1.1149,1.115,0.30,0.80
2008.01.08 19:50:19.830,1.1149,1.115,0.30,0.80
2008.01.08 19:50:20.065,1.1149,1.115,0.30,0.80
2008.01.08 19:50:20.257,1.1149,1.115,0.30,0.80
2008.01.08 19:50:20.974,1.1149,1.115,0.30,0.80
2008.01.08 19:50:21.176,1.1149,1.115,0.30,0.80
2008.01.08 19:50:21.396,1.1149,1.115,0.30,0.80
2008.01.08 19:50:21.998,1.1149,1.115,0.30,0.80
2008.01.08 19:50:22.894,1.1149,1.115,0.30,0.80
2008.01.08 19:50:26.439,1.1149,1.115,0.30,0.80
2008.01.08 19:50:27.420,1.11485,1.115,0.30,0.80
2008.01.08 19:50:27.659,1.11485,1.115,0.30,0.80
2008.01.08 19:50:27.899,1.11485,1.11505,0.30,26.40
2008.01.08 19:50:28.011,1.11485,1.11505,0.30,26.40
2008.01.08 19:50:31.249,1.11485,1.11505,0.30,26.40
2008.01.08 19:50:31.469,1.11485,1.11505,0.30,26.40
2008.01.08 19:50:32.892,1.11485,1.11505,0.30,26.40
2008.01.08 19:50:36.525,1.11485,1.11505,0.30,26.40
2008.01.08 19:50:37.088,1.11485,1.11505,0.30,25.60
2008.01.08 19:50:37.153,1.11485,1.11505,0.30,24.80
2008.01.08 19:50:37.228,1.11485,1.11505,0.30,24.00
2008.01.08 19:50:37.256,1.11485,1.11505,0.30,24.00
2008.01.08 19:50:37.284,1.11485,1.11505,0.30,20.00
2008.01.08 19:50:37.314,1.11495,1.11505,0.30,20.00
2008.01.08 19:50:37.564,1.11495,1.11505,0.30,20.00
2008.01.08 19:50:37.774,1.11495,1.11505,0.30,20.00
2008.01.08 19:50:37.983,1.11495,1.11505,0.30,20.00
2008.01.08 19:50:38.192,1.11495,1.11505,0.30,20.00
2008.01.08 19:50:38.840,1.1149,1.11505,0.30,20.00
2008.01.08 19:50:39.022,1.1149,1.11505,0.30,20.00
2008.01.08 19:50:39.856,1.1149,1.11505,0.30,20.00
2008.01.08 19:50:40.009,1.1149,1.11505,0.30,20.00
2008.01.08 19:50:40.096,1.11495,1.11505,0.30,20.00
2008.01.08 19:50:40.143,1.11495,1.11505,0.30,18.40
2008.01.08 19:50:40.225,1.11495,1.11505,0.30,6.40
2008.01.08 19:50:40.274,1.11495,1.11505,0.30,4.00
2008.01.08 19:50:40.368,1.11495,1.11505,0.30,1.60
2008.01.08 19:50:40.458,1.11495,1.11505,0.30,1.60
2008.01.08 19:50:41.077,1.11495,1.11505,0.30,1.60
2008.01.08 19:50:41.283,1.11495,1.11505,0.30,1.60
2008.01.08 19:50:41.386,1.11495,1.11505,0.30,1.60
2008.01.08 19:50:41.498,1.11495,1.11505,0.30,1.60
2008.01.08 19:50:42.020,1.11495,1.11505,0.30,1.60
2008.01.08 19:50:42.124,1.11495,1.11505,0.30,1.60
2008.01.08 19:50:42.228,1.11495,1.11505,0.30,1.60
2008.01.08 19:50:42.906,1.11495,1.11505,0.30,1.60
2008.01.08 19:50:43.209,1.11495,1.11505,0.30,1.60
2008.01.08 19:50:44.334,1.11495,1.1151,0.30,4.80
2008.01.08 19:50:45.661,1.11495,1.11505,0.30,0.70
2008.01.08 19:50:45.763,1.11495,1.11505,0.30,0.80
2008.01.08 19:50:45.867,1.11495,1.11505,0.30,0.70
2008.01.08 19:50:45.980,1.11495,1.11515,0.30,28.00
2008.01.08 19:50:46.563,1.11495,1.11505,0.30,0.60
2008.01.08 19:50:47.028,1.11495,1.1152,0.30,37.80
2008.01.08 19:50:47.227,1.11495,1.1152,0.30,37.80
2008.01.08 19:50:47.425,1.11495,1.1152,0.30,37.80
2008.01.08 19:50:47.905,1.11495,1.1152,0.30,37.80
2008.01.08 19:50:48.106,1.11495,1.1152,0.30,37.80
2008.01.08 19:50:49.968,1.11495,1.11515,0.30,0.90
2008.01.08 19:50:50.838,1.11495,1.1152,0.30,37.00
2008.01.08 19:50:51.056,1.11495,1.11515,0.30,0.80
2008.01.08 19:50:51.594,1.11495,1.11515,0.30,0.70
2008.01.08 19:50:52.561,1.11495,1.11515,0.30,0.90
2008.01.08 19:50:52.913,1.11495,1.1152,0.30,37.00
2008.01.08 19:50:53.177,1.11495,1.11515,0.30,0.60
2008.01.08 19:50:53.477,1.11495,1.11515,0.30,0.90
2008.01.08 19:50:55.473,1.11495,1.11515,0.30,0.80
2008.01.08 19:50:56.639,1.11495,1.1152,0.30,36.20
2008.01.08 19:50:57.931,1.11495,1.1152,0.30,36.20
2008.01.08 19:50:58.411,1.11495,1.1152,0.30,36.20
2008.01.08 19:50:58.984,1.11495,1.11515,0.30,0.60
2008.01.08 19:50:59.263,1.11495,1.1152,0.30,36.20
2008.01.08 19:50:59.988,1.11495,1.11515,0.30,0.50
2008.01.08 19:51:00.376,1.11495,1.11515,0.30,0.80
2008.01.08 19:51:00.492,1.11495,1.11515,0.30,0.80
2008.01.08 19:51:01.011,1.11495,1.1152,0.30,36.20
2008.01.08 19:51:01.672,1.11495,1.1152,0.30,36.20
2008.01.08 19:51:02.922,1.11495,1.1152,0.30,36.20
2008.01.08 19:51:03.270,1.11495,1.1152,0.30,36.20
2008.01.08 19:51:04.296,1.11495,1.11515,0.30,0.60
2008.01.08 19:51:05.012,1.11495,1.1152,0.30,37.00
2008.01.08 19:51:05.230,1.11495,1.11515,0.30,0.90
2008.01.08 19:51:06.473,1.11495,1.11515,0.30,0.70
2008.01.08 19:51:06.693,1.11495,1.1152,0.30,37.00
2008.01.08 19:51:07.318,1.11495,1.1152,0.30,37.00
2008.01.08 19:51:07.941,1.11495,1.11515,0.30,0.50
2008.01.08 19:51:09.193,1.11495,1.11515,0.30,26.40
2008.01.08 19:51:09.388,1.11495,1.11505,0.30,0.50
2008.01.08 19:51:09.641,1.11495,1.1151,0.30,11.20
2008.01.08 19:51:09.895,1.1149,1.1151,0.30,11.20
2008.01.08 19:51:10.149,1.11485,1.11505,5.80,0.70
2008.01.08 19:51:10.403,1.11485,1.11505,0.30,0.90
2008.01.08 19:51:10.657,1.11485,1.1151,0.30,31.40
2008.01.08 19:51:10.922,1.11485,1.11505,0.30,0.60
2008.01.08 19:51:11.185,1.11485,1.1151,0.30,32.20
2008.01.08 19:51:11.449,1.11485,1.1151,0.30,32.20
2008.01.08 19:51:11.731,1.11485,1.1151,0.30,32.20
2008.01.08 19:51:12.033,1.11485,1.11505,0.30,22.40
2008.01.08 19:51:12.951,1.11485,1.11505,0.30,22.40
2008.01.08 19:51:13.157,1.11485,1.11505,0.30,23.20
2008.01.08 19:51:13.364,1.11485,1.11505,0.30,23.20
2008.01.08 19:51:13.565,1.11485,1.115,0.30,0.90
2008.01.08 19:51:13.808,1.11485,1.115,0.30,0.90
2008.01.08 19:51:14.288,1.11485,1.11505,0.30,27.20
2008.01.08 19:51:16.761,1.11485,1.11505,0.30,27.20
2008.01.08 19:51:17.954,1.11485,1.11505,0.30,27.20
2008.01.08 19:51:19.619,1.11485,1.11505,0.30,28.80
2008.01.08 19:51:19.854,1.1148,1.11495,0.30,0.50
2008.01.08 19:51:19.947,1.1148,1.11495,0.30,0.50
2008.01.08 19:51:20.202,1.1148,1.11495,0.30,0.90
2008.01.08 19:51:20.295,1.1148,1.115,0.30,15.20
2008.01.08 19:51:20.389,1.1148,1.115,0.30,25.60
2008.01.08 19:51:20.524,1.1148,1.11495,0.30,0.80
2008.01.08 19:51:21.240,1.1148,1.115,0.30,29.60
2008.01.08 19:51:21.445,1.1148,1.11495,0.30,0.50
2008.01.08 19:51:21.777,1.1148,1.115,0.30,29.60
2008.01.08 19:51:22.969,1.1148,1.115,0.30,29.60
2008.01.08 19:51:23.222,1.1148,1.11495,0.30,0.50
2008.01.08 19:51:23.362,1.1148,1.115,0.30,29.60
2008.01.08 19:51:23.513,1.1148,1.115,0.30,29.60
2008.01.08 19:51:24.239,1.1148,1.11495,0.30,0.60
2008.01.08 19:51:25.196,1.1148,1.11495,0.30,0.50
2008.01.08 19:51:25.308,1.1148,1.1149,0.30,0.90
2008.01.08 19:51:25.400,1.1148,1.11485,0.30,0.60
2008.01.08 19:51:25.493,1.1148,1.1149,0.30,12.00
2008.01.08 19:51:25.587,1.1147,1.1149,1.00,12.00
2008.01.08 19:51:25.706,1.1147,1.11485,0.30,0.90
2008.01.08 19:51:25.800,1.1147,1.1149,0.30,21.60
2008.01.08 19:51:25.892,1.1147,1.1149,0.30,21.60
2008.01.08 19:51:25.986,1.1147,1.11485,0.30,0.80
2008.01.08 19:51:26.081,1.1147,1.1149,0.30,23.20
2008.01.08 19:51:26.304,1.1147,1.1149,0.30,23.20
2008.01.08 19:51:26.554,1.1147,1.1149,0.30,26.40
2008.01.08 19:51:26.777,1.1147,1.11485,0.30,0.80
2008.01.08 19:51:27.001,1.1147,1.11485,0.30,0.90
2008.01.08 19:51:27.279,1.1147,1.1149,0.30,23.20
2008.01.08 19:51:27.986,1.1147,1.1149,0.30,23.20
2008.01.08 19:51:29.245,1.1147,1.1149,0.30,22.40
2008.01.08 19:51:30.267,1.1147,1.1149,0.30,22.40
2008.01.08 19:51:31.870,1.1147,1.1149,0.30,22.40
2008.01.08 19:51:33.014,1.1147,1.11485,0.30,0.60
2008.01.08 19:51:36.922,1.1147,1.1149,0.30,22.40
2008.01.08 19:51:37.228,1.1147,1.11485,0.30,0.80
2008.01.08 19:51:38.000,1.1147,1.11485,0.30,0.50
2008.01.08 19:51:38.314,1.1147,1.11485,0.30,0.50
2008.01.08 19:51:41.968,1.1147,1.11485,0.30,13.60
2008.01.08 19:51:42.251,1.1147,1.11485,0.30,13.60
2008.01.08 19:51:42.605,1.1147,1.11485,0.30,13.60
2008.01.08 19:51:42.937,1.1147,1.11485,0.30,13.60
2008.01.08 19:51:43.613,1.11475,1.11485,0.30,13.60
2008.01.08 19:51:43.872,1.11475,1.11495,0.30,24.80
2008.01.08 19:51:44.130,1.11475,1.11495,0.30,24.80
2008.01.08 19:51:44.446,1.11475,1.11495,0.30,28.00
2008.01.08 19:51:44.750,1.11475,1.11495,0.30,28.00
2008.01.08 19:51:44.938,1.11475,1.11495,0.30,25.60
2008.01.08 19:51:45.126,1.11475,1.11495,0.30,26.40
2008.01.08 19:51:45.314,1.11475,1.11495,0.30,26.40
2008.01.08 19:51:46.986,1.11475,1.11495,0.30,26.40
2008.01.08 19:51:48.019,1.11475,1.11495,0.30,26.40
2008.01.08 19:51:50.989,1.11475,1.11495,0.30,23.20
2008.01.08 19:51:51.245,1.11475,1.11495,0.30,23.30
2008.01.08 19:51:51.352,1.11475,1.11495,0.30,23.20
2008.01.08 19:51:51.495,1.11475,1.11495,0.30,23.20
2008.01.08 19:51:51.858,1.11475,1.11495,0.30,23.20
2008.01.08 19:51:52.096,1.11475,1.11495,0.30,23.20
2008.01.08 19:51:52.355,1.11475,1.11495,0.30,19.20
2008.01.08 19:51:53.026,1.11475,1.11495,0.30,19.20
2008.01.08 19:51:53.313,1.11475,1.11495,0.30,19.20
2008.01.08 19:51:55.531,1.11475,1.11495,0.30,22.40
2008.01.08 19:51:56.041,1.11475,1.11495,0.30,22.40
2008.01.08 19:51:56.185,1.11475,1.11495,0.30,22.40
2008.01.08 19:51:56.328,1.11475,1.11495,0.30,26.40
2008.01.08 19:51:56.637,1.11475,1.11495,0.30,24.00
2008.01.08 19:51:56.781,1.11475,1.11495,0.30,22.40
2008.01.08 19:51:57.037,1.11475,1.11495,0.30,22.40
2008.01.08 19:51:58.032,1.11475,1.11495,0.30,22.40
2008.01.08 19:52:02.073,1.11475,1.11495,0.30,22.40
2008.01.08 19:52:02.668,1.11475,1.11495,0.30,24.80
2008.01.08 19:52:02.841,1.11475,1.11495,0.30,24.80
2008.01.08 19:52:03.028,1.11475,1.11495,0.30,24.80
2008.01.08 19:52:04.130,1.11475,1.11495,0.30,22.40
2008.01.08 19:52:04.897,1.1147,1.11495,0.30,22.60
2008.01.08 19:52:05.090,1.1147,1.1149,0.30,1.60
2008.01.08 19:52:05.264,1.1147,1.11485,0.30,8.00
2008.01.08 19:52:05.502,1.1147,1.11485,0.30,8.00
2008.01.08 19:52:05.740,1.1147,1.11485,0.30,8.00
2008.01.08 19:52:05.979,1.1147,1.11485,0.30,12.00
2008.01.08 19:52:06.254,1.1147,1.11485,0.30,12.00
2008.01.08 19:52:06.955,1.1147,1.11485,0.30,12.00
2008.01.08 19:52:07.134,1.1147,1.11485,0.30,12.00
2008.01.08 19:52:07.489,1.1147,1.11485,0.30,12.00
2008.01.08 19:52:07.690,1.1147,1.11485,0.30,12.00
2008.01.08 19:52:07.998,1.1147,1.11485,0.30,12.00
2008.01.08 19:52:10.520,1.1147,1.11485,0.30,12.00
2008.01.08 19:52:11.135,1.11465,1.11485,8.50,8.00
2008.01.08 19:52:11.419,1.11465,1.11485,8.50,8.00
2008.01.08 19:52:12.154,1.11465,1.11485,8.50,8.00
2008.01.08 19:52:12.466,1.11465,1.11485,8.50,8.00
2008.01.08 19:52:13.048,1.11465,1.11485,8.50,8.00
2008.01.08 19:52:17.224,1.11465,1.11485,8.50,8.00
2008.01.08 19:52:18.057,1.1147,1.11485,0.30,8.00
2008.01.08 19:52:18.985,1.1147,1.11485,0.30,8.00
2008.01.08 19:52:19.207,1.11465,1.11485,8.50,8.00
2008.01.08 19:52:19.708,1.11465,1.11485,8.50,8.00
2008.01.08 19:52:20.016,1.11465,1.11485,8.50,8.00
2008.01.08 19:52:20.229,1.1147,1.11485,0.30,8.00
2008.01.08 19:52:20.443,1.1147,1.11485,0.30,8.00
2008.01.08 19:52:21.225,1.1147,1.11485,0.30,8.00
2008.01.08 19:52:21.560,1.11465,1.11485,8.50,8.00
2008.01.08 19:52:21.894,1.11465,1.11485,8.50,8.00
2008.01.08 19:52:22.229,1.11465,1.11485,8.50,8.00
2008.01.08 19:52:22.407,1.11465,1.11485,8.50,8.00
2008.01.08 19:52:22.909,1.1147,1.11485,0.30,8.00
2008.01.08 19:52:23.088,1.11465,1.11485,8.50,8.00
2008.01.08 19:52:23.381,1.11465,1.11485,8.50,8.00
2008.01.08 19:52:24.205,1.11465,1.11485,3.20,8.00
2008.01.08 19:52:24.993,1.1146,1.11485,10.00,8.00
2008.01.08 19:52:25.711,1.1146,1.11485,10.00,8.00
2008.01.08 19:52:25.869,1.11465,1.11485,2.10,8.00
2008.01.08 19:52:27.278,1.11465,1.11485,1.10,8.00
2008.01.08 19:52:27.470,1.1146,1.11485,10.00,8.00
2008.01.08 19:52:27.693,1.11465,1.11485,2.90,8.00
2008.01.08 19:52:27.847,1.1146,1.11485,10.00,8.00
2008.01.08 19:52:28.100,1.1146,1.11485,10.00,8.00
2008.01.08 19:52:28.227,1.11465,1.11485,2.80,8.00
2008.01.08 19:52:28.505,1.1146,1.11485,10.00,8.00
2008.01.08 19:52:29.236,1.1146,1.11485,10.00,8.00
2008.01.08 19:52:29.664,1.11465,1.11485,0.60,10.40
2008.01.08 19:52:29.812,1.1146,1.11485,7.60,10.40
2008.01.08 19:52:29.988,1.1146,1.11485,6.80,10.40
2008.01.08 19:52:30.136,1.1146,1.11485,6.60,10.60
2008.01.08 19:52:30.298,1.11465,1.11485,1.90,17.00
2008.01.08 19:52:30.445,1.11455,1.11485,17.30,17.80
2008.01.08 19:52:30.744,1.11455,1.1148,0.90,1.00
2008.01.08 19:52:31.042,1.11455,1.11475,1.30,0.10
2008.01.08 19:52:31.340,1.11455,1.11475,0.30,0.10
2008.01.08 19:52:31.638,1.11455,1.11475,0.30,0.10
2008.01.08 19:52:31.927,1.1145,1.11475,1.30,0.10
2008.01.08 19:52:32.121,1.11455,1.11475,0.30,0.10
2008.01.08 19:52:32.316,1.1145,1.11475,1.30,4.00
2008.01.08 19:52:32.534,1.11455,1.11475,0.30,4.00
2008.01.08 19:52:32.788,1.1145,1.11475,1.30,7.20
2008.01.08 19:52:33.041,1.1145,1.11475,1.30,7.20
2008.01.08 19:52:33.317,1.11455,1.11475,0.30,7.20
2008.01.08 19:52:33.703,1.11455,1.11475,0.30,7.20
2008.01.08 19:52:34.022,1.1145,1.11475,1.30,7.20
2008.01.08 19:52:36.008,1.1145,1.11475,1.30,7.20
2008.01.08 19:52:36.166,1.11455,1.11475,0.30,7.20
2008.01.08 19:52:37.021,1.11455,1.11475,0.30,7.20
2008.01.08 19:52:37.328,1.1145,1.11475,1.30,7.20
2008.01.08 19:52:38.126,1.11455,1.11475,0.30,7.20
2008.01.08 19:52:41.063,1.11455,1.11475,0.30,7.20
2008.01.08 19:52:41.696,1.11455,1.11475,0.30,4.00
2008.01.08 19:52:43.415,1.11455,1.11475,0.30,0.10
2008.01.08 19:52:43.515,1.11455,1.1148,0.30,3.50
2008.01.08 19:52:44.207,1.11455,1.1148,0.30,3.50
2008.01.08 19:52:44.377,1.11455,1.1148,0.30,3.50
2008.01.08 19:52:44.715,1.11455,1.1148,0.30,3.50
2008.01.08 19:52:46.277,1.11455,1.1148,0.30,3.50
2008.01.08 19:52:46.374,1.11455,1.1148,0.30,3.50
2008.01.08 19:52:47.670,1.1145,1.11475,1.00,0.30
2008.01.08 19:52:47.820,1.1145,1.11475,0.30,9.00
2008.01.08 19:52:47.987,1.1145,1.11475,0.30,9.80
2008.01.08 19:52:48.160,1.1145,1.11475,0.30,11.40
2008.01.08 19:52:48.334,1.1145,1.11475,0.30,15.40
2008.01.08 19:52:48.507,1.1145,1.11475,0.30,15.40
2008.01.08 19:52:48.730,1.1145,1.11475,0.30,11.40
2008.01.08 19:52:49.272,1.1145,1.11475,0.30,11.40
2008.01.08 19:52:53.121,1.1145,1.11475,0.30,11.40
2008.01.08 19:52:53.286,1.1145,1.11475,0.30,11.40
2008.01.08 19:52:53.455,1.1145,1.11475,0.30,11.40
2008.01.08 19:52:53.788,1.1145,1.11475,0.30,11.40
2008.01.08 19:52:54.366,1.1145,1.11475,0.30,11.40
2008.01.08 19:52:55.438,1.11445,1.11475,19.10,11.40
2008.01.08 19:52:55.614,1.11445,1.11475,17.50,13.00
2008.01.08 19:52:55.768,1.11455,1.11475,0.80,15.40
2008.01.08 19:52:55.896,1.11445,1.1147,10.50,0.30
2008.01.08 19:52:56.025,1.11455,1.1147,0.80,1.00
2008.01.08 19:52:56.152,1.11445,1.1147,8.80,2.60
2008.01.08 19:52:56.467,1.11445,1.1147,8.40,1.80
2008.01.08 19:52:56.640,1.11455,1.1147,0.40,1.80
2008.01.08 19:52:56.812,1.11455,1.1147,0.40,1.80
2008.01.08 19:52:56.987,1.1145,1.1147,0.70,0.80
2008.01.08 19:52:57.159,1.1145,1.11475,0.70,12.20
2008.01.08 19:52:57.333,1.1145,1.11475,0.70,10.60
2008.01.08 19:52:57.472,1.11455,1.11475,0.40,10.60
2008.01.08 19:52:57.763,1.1145,1.11475,0.70,10.60
2008.01.08 19:52:58.146,1.11455,1.11475,0.40,10.60
2008.01.08 19:52:58.380,1.11455,1.11475,0.40,10.60
2008.01.08 19:52:58.539,1.11445,1.11475,12.70,10.60
2008.01.08 19:52:58.753,1.11445,1.11475,12.70,11.40
2008.01.08 19:52:58.911,1.1145,1.11475,0.30,11.40
2008.01.08 19:52:59.123,1.11445,1.11475,14.10,11.40
2008.01.08 19:52:59.282,1.11445,1.11475,14.10,11.40
2008.01.08 19:52:59.440,1.1145,1.11475,0.30,11.40
2008.01.08 19:52:59.985,1.1145,1.11475,0.30,11.40
2008.01.08 19:53:00.267,1.1145,1.11475,0.30,11.40
2008.01.08 19:53:02.468,1.11445,1.11475,9.30,11.40
2008.01.08 19:53:03.168,1.11445,1.11475,9.30,11.40
2008.01.08 19:53:03.307,1.11445,1.11475,10.10,11.40
2008.01.08 19:53:03.501,1.1145,1.11475,0.30,11.40
2008.01.08 19:53:03.788,1.11445,1.11475,6.90,15.40
2008.01.08 19:53:04.099,1.1144,1.1147,9.40,2.60
2008.01.08 19:53:04.388,1.1144,1.11465,10.20,8.00
2008.01.08 19:53:04.677,1.11445,1.11465,0.70,8.00
2008.01.08 19:53:04.901,1.11445,1.11465,0.70,8.00
2008.01.08 19:53:05.125,1.11445,1.11465,2.30,9.60
2008.01.08 19:53:05.348,1.11435,1.11465,29.00,14.60
2008.01.08 19:53:05.571,1.1144,1.11465,0.30,15.40
2008.01.08 19:53:05.764,1.11435,1.11465,28.00,15.40
2008.01.08 19:53:05.958,1.1144,1.11465,0.30,15.40
2008.01.08 19:53:06.240,1.1144,1.11465,0.30,15.40
2008.01.08 19:53:06.432,1.11435,1.11465,23.30,15.40
2008.01.08 19:53:06.626,1.11435,1.11465,23.30,15.50
2008.01.08 19:53:07.263,1.11435,1.11465,23.30,15.50
2008.01.08 19:53:07.417,1.11435,1.11465,23.10,15.50
2008.01.08 19:53:07.693,1.11435,1.11465,23.10,15.50
2008.01.08 19:53:08.141,1.11435,1.11465,23.10,15.50
2008.01.08 19:53:08.378,1.11435,1.11465,23.10,15.50
2008.01.08 19:53:08.619,1.11435,1.11465,23.10,15.50
2008.01.08 19:53:08.890,1.1144,1.11465,0.30,15.50
2008.01.08 19:53:09.123,1.11435,1.11465,23.10,15.50
2008.01.08 19:53:10.237,1.11435,1.11465,23.30,13.10
2008.01.08 19:53:10.520,1.11435,1.11465,23.30,13.00
2008.01.08 19:53:10.805,1.1144,1.11465,3.60,10.40
2008.01.08 19:53:11.032,1.11445,1.11465,0.50,9.60
2008.01.08 19:53:11.236,1.1144,1.11465,3.60,9.60
2008.01.08 19:53:11.414,1.1144,1.11465,7.60,9.60
2008.01.08 19:53:11.593,1.11445,1.11465,3.40,9.60
2008.01.08 19:53:11.771,1.1144,1.11465,7.60,9.60
2008.01.08 19:53:12.258,1.11445,1.11465,1.80,9.60
2008.01.08 19:53:12.459,1.11445,1.11465,2.20,9.60
2008.01.08 19:53:12.680,1.1144,1.11465,7.60,9.60
2008.01.08 19:53:13.001,1.11445,1.11465,1.50,9.60
2008.01.08 19:53:13.166,1.1144,1.11465,7.60,9.60
2008.01.08 19:53:13.266,1.11445,1.11465,3.60,9.60
2008.01.08 19:53:13.502,1.11445,1.11465,3.70,9.60
2008.01.08 19:53:13.679,1.1144,1.11465,7.60,9.60
2008.01.08 19:53:13.981,1.11445,1.11465,3.00,9.60
2008.01.08 19:53:14.300,1.1144,1.11465,7.60,9.60
2008.01.08 19:53:14.599,1.11445,1.11465,2.70,9.60
2008.01.08 19:53:14.950,1.11445,1.11465,3.30,9.60
2008.01.08 19:53:15.168,1.11445,1.11465,2.80,10.60
2008.01.08 19:53:15.387,1.11445,1.11465,0.80,13.00
2008.01.08 19:53:15.606,1.1144,1.11465,0.30,13.10
2008.01.08 19:53:15.825,1.1144,1.11465,0.30,13.00
2008.01.08 19:53:16.108,1.11435,1.11465,23.50,13.00
2008.01.08 19:53:16.392,1.11435,1.11465,23.50,14.60
2008.01.08 19:53:16.675,1.11435,1.11465,23.50,15.40
2008.01.08 19:53:16.899,1.11435,1.11465,18.70,15.40
2008.01.08 19:53:17.122,1.1144,1.11465,0.30,15.40
2008.01.08 19:53:18.003,1.11435,1.11465,18.90,15.40
2008.01.08 19:53:18.744,1.11435,1.11465,18.90,15.40
2008.01.08 19:53:20.186,1.1144,1.11465,0.30,15.40
2008.01.08 19:53:20.262,1.11435,1.11465,19.20,15.40
2008.01.08 19:53:20.310,1.11435,1.11465,19.20,13.00
2008.01.08 19:53:20.570,1.11445,1.11465,0.30,12.80
2008.01.08 19:53:20.607,1.1144,1.11465,0.60,12.80
2008.01.08 19:53:20.714,1.1144,1.11465,2.90,12.00
2008.01.08 19:53:20.745,1.1144,1.11465,3.60,10.40
2008.01.08 19:53:20.778,1.1144,1.11465,3.60,10.40
2008.01.08 19:53:20.818,1.1144,1.11465,4.20,10.40
2008.01.08 19:53:20.986,1.1144,1.11465,5.00,9.60
2008.01.08 19:53:21.186,1.1144,1.11465,5.80,9.60
2008.01.08 19:53:21.478,1.1144,1.11465,9.80,9.60
2008.01.08 19:53:21.791,1.11445,1.11465,2.10,9.60
2008.01.08 19:53:22.084,1.11445,1.11465,3.20,8.00
2008.01.08 19:53:22.378,1.1145,1.11475,0.30,21.00
2008.01.08 19:53:22.563,1.1145,1.11475,0.30,21.00
2008.01.08 19:53:22.638,1.1146,1.11475,0.30,20.80
2008.01.08 19:53:22.712,1.1146,1.11475,0.30,9.60
2008.01.08 19:53:22.786,1.1146,1.11475,0.30,5.60
2008.01.08 19:53:22.859,1.1146,1.11475,0.30,1.60
2008.01.08 19:53:22.965,1.1146,1.11475,0.30,1.60
2008.01.08 19:53:23.170,1.1146,1.11475,0.30,1.60
2008.01.08 19:53:23.242,1.1146,1.11475,0.30,1.60
2008.01.08 19:53:23.335,1.1146,1.11485,0.30,24.20
2008.01.08 19:53:23.481,1.1146,1.11485,0.30,21.00
2008.01.08 19:53:23.760,1.1146,1.11485,0.30,17.80
2008.01.08 19:53:24.038,1.1146,1.11485,0.30,22.60
2008.01.08 19:53:24.316,1.1146,1.11485,0.30,22.60
2008.01.08 19:53:24.510,1.1146,1.11485,0.30,22.60
2008.01.08 19:53:24.668,1.11455,1.1148,1.00,0.30
2008.01.08 19:53:24.826,1.11455,1.1148,0.30,1.80
2008.01.08 19:53:24.984,1.11455,1.1148,0.30,2.60
2008.01.08 19:53:25.235,1.11455,1.1148,0.30,2.60
2008.01.08 19:53:25.447,1.11455,1.1148,0.30,2.60
2008.01.08 19:53:25.743,1.11455,1.1148,0.30,2.60
2008.01.08 19:53:25.981,1.11455,1.1148,0.30,2.60
2008.01.08 19:53:27.347,1.11455,1.1148,0.30,2.60
2008.01.08 19:53:27.567,1.11455,1.1148,0.30,2.60
2008.01.08 19:53:27.863,1.11455,1.1148,0.30,2.60
2008.01.08 19:53:28.017,1.11455,1.1148,0.30,2.60
2008.01.08 19:53:28.171,1.11455,1.1148,0.30,3.40
2008.01.08 19:53:28.326,1.11455,1.1148,0.30,3.40
2008.01.08 19:53:28.479,1.11455,1.1148,0.30,3.40
2008.01.08 19:53:28.834,1.11455,1.1148,0.30,6.60
2008.01.08 19:53:29.167,1.11455,1.11475,0.30,3.20
2008.01.08 19:53:29.502,1.11455,1.11465,0.30,0.10
2008.01.08 19:53:29.764,1.11445,1.11465,5.60,10.70
2008.01.08 19:53:29.989,1.11445,1.11465,5.60,11.50
2008.01.08 19:53:30.232,1.11445,1.11465,1.60,11.50
2008.01.08 19:53:30.476,1.11445,1.11465,1.60,11.50
2008.01.08 19:53:31.201,1.11445,1.11465,1.60,11.40
2008.01.08 19:53:33.193,1.11445,1.11465,1.60,11.40
2008.01.08 19:53:33.876,1.11445,1.11465,1.60,11.40
2008.01.08 19:53:34.086,1.1144,1.11465,0.30,13.00
2008.01.08 19:53:34.280,1.1144,1.11465,0.30,13.00
2008.01.08 19:53:34.585,1.11445,1.11465,0.30,12.80
2008.01.08 19:53:34.839,1.11445,1.1146,2.60,0.10
2008.01.08 19:53:35.093,1.11445,1.1146,2.60,0.10
2008.01.08 19:53:35.346,1.11445,1.1146,6.60,0.10
2008.01.08 19:53:35.599,1.11445,1.1146,6.60,0.10
2008.01.08 19:53:35.852,1.11445,1.1146,6.60,0.10
2008.01.08 19:53:36.160,1.11445,1.1146,6.80,0.10
2008.01.08 19:53:36.272,1.11445,1.11465,7.60,9.60
2008.01.08 19:53:36.492,1.11445,1.11465,7.60,9.60
2008.01.08 19:53:36.657,1.1145,1.11465,0.30,9.60
2008.01.08 19:53:36.943,1.1145,1.1147,0.30,4.80
2008.01.08 19:53:37.226,1.1145,1.11475,0.30,26.60
2008.01.08 19:53:37.508,1.1145,1.11475,0.30,26.60
2008.01.08 19:53:37.924,1.1145,1.11475,0.30,22.60
2008.01.08 19:53:38.167,1.1145,1.11475,0.30,22.60
2008.01.08 19:53:38.410,1.1145,1.11475,0.30,19.40
2008.01.08 19:53:38.926,1.1145,1.11475,0.30,19.40
2008.01.08 19:53:39.162,1.1145,1.11475,0.30,19.40
2008.01.08 19:53:39.399,1.1145,1.11475,0.30,19.40
2008.01.08 19:53:39.638,1.1145,1.11475,0.30,19.40
2008.01.08 19:53:39.876,1.1145,1.11475,0.30,19.40
2008.01.08 19:53:40.078,1.1145,1.11475,0.30,19.40
2008.01.08 19:53:40.282,1.1145,1.11475,0.30,19.40
2008.01.08 19:53:40.487,1.1145,1.11475,0.30,19.40
2008.01.08 19:53:40.864,1.1145,1.11475,0.30,19.40
2008.01.08 19:53:41.137,1.1145,1.11475,0.30,19.40
2008.01.08 19:53:41.292,1.1145,1.11475,0.30,19.40
2008.01.08 19:53:41.473,1.1145,1.11475,0.30,19.40
2008.01.08 19:53:41.700,1.1145,1.11475,0.30,19.40
2008.01.08 19:53:42.181,1.1145,1.11475,0.30,19.40
2008.01.08 19:53:42.515,1.1145,1.11475,0.30,19.40
2008.01.08 19:53:42.850,1.1145,1.11475,0.30,19.40
2008.01.08 19:53:43.214,1.1145,1.11475,0.30,19.40
2008.01.08 19:53:43.956,1.1145,1.11475,0.30,19.40
2008.01.08 19:53:44.995,1.1145,1.1147,0.30,0.80
2008.01.08 19:53:45.144,1.1145,1.1147,0.30,1.60
2008.01.08 19:53:45.292,1.11445,1.11465,11.40,4.00
2008.01.08 19:53:45.441,1.11445,1.11465,11.40,4.00
2008.01.08 19:53:45.589,1.11445,1.11465,11.40,4.00
2008.01.08 19:53:45.757,1.11445,1.11465,11.40,8.00
2008.01.08 19:53:45.932,1.11445,1.11465,11.40,8.00
2008.01.08 19:53:46.246,1.11445,1.11465,11.40,8.00
2008.01.08 19:53:46.488,1.11445,1.11465,11.40,16.00
2008.01.08 19:53:46.732,1.11445,1.11465,7.40,16.00
2008.01.08 19:53:47.075,1.11445,1.11465,5.80,17.60
2008.01.08 19:53:47.248,1.11445,1.11465,5.80,17.60
2008.01.08 19:53:48.133,1.11445,1.11465,9.80,13.60
2008.01.08 19:53:48.322,1.11445,1.11465,7.40,13.60
2008.01.08 19:53:48.510,1.11445,1.11465,6.60,9.60
2008.01.08 19:53:48.962,1.11445,1.11465,6.60,9.60
2008.01.08 19:53:49.273,1.11445,1.11465,6.60,9.60
2008.01.08 19:53:49.606,1.11445,1.11465,6.60,9.60
2008.01.08 19:53:50.203,1.11445,1.11465,6.60,9.60
2008.01.08 19:53:52.349,1.11445,1.11465,7.30,9.60
2008.01.08 19:53:52.624,1.11445,1.11465,8.10,9.60
2008.01.08 19:53:53.231,1.11445,1.11465,8.10,9.60
2008.01.08 19:53:53.501,1.11445,1.11465,8.10,9.60
2008.01.08 19:53:53.581,1.11445,1.1147,8.10,20.20
2008.01.08 19:53:53.737,1.11445,1.1147,8.10,20.20
2008.01.08 19:53:54.042,1.11445,1.1147,8.10,20.20
2008.01.08 19:53:54.253,1.11445,1.1147,8.10,20.20
2008.01.08 19:53:54.471,1.11445,1.1147,8.10,20.20
2008.01.08 19:53:56.804,1.11445,1.1147,7.40,20.20
2008.01.08 19:53:56.977,1.11445,1.1147,6.60,19.40
2008.01.08 19:53:57.150,1.1145,1.1147,0.30,19.20
2008.01.08 19:53:57.324,1.1145,1.11475,0.30,0.70
2008.01.08 19:53:57.573,1.1145,1.1148,0.30,36.40
2008.01.08 19:53:57.960,1.1145,1.1148,0.30,32.40
2008.01.08 19:53:58.209,1.11455,1.1148,0.30,21.80
2008.01.08 19:53:58.457,1.11455,1.11485,0.30,44.60
2008.01.08 19:53:58.705,1.11455,1.11485,0.30,43.80
2008.01.08 19:53:58.943,1.11455,1.11485,0.30,39.80
2008.01.08 19:53:59.453,1.11455,1.1148,0.30,0.70
2008.01.08 19:53:59.607,1.11455,1.1148,0.30,0.90
2008.01.08 19:53:59.774,1.11455,1.1148,0.30,0.50
2008.01.08 19:53:59.926,1.11455,1.1148,0.30,0.50
2008.01.08 19:54:00.080,1.11455,1.1148,0.30,0.80
2008.01.08 19:54:00.234,1.11455,1.1148,2.60,5.00
2008.01.08 19:54:00.474,1.11455,1.1148,2.60,4.20
2008.01.08 19:54:00.650,1.1146,1.1148,0.30,4.00
2008.01.08 19:54:00.748,1.1146,1.11485,0.30,38.60
2008.01.08 19:54:00.847,1.1146,1.11485,0.30,38.60
2008.01.08 19:54:01.013,1.1146,1.11485,0.30,39.40
2008.01.08 19:54:01.109,1.1146,1.1149,0.30,36.40
2008.01.08 19:54:01.216,1.1146,1.11485,0.30,0.80
2008.01.08 19:54:01.413,1.1146,1.1149,0.30,32.40
2008.01.08 19:54:01.727,1.1146,1.11485,0.30,0.60
2008.01.08 19:54:01.929,1.1146,1.1149,0.30,32.40
2008.01.08 19:54:02.238,1.1146,1.1149,0.30,32.40
2008.01.08 19:54:02.915,1.11465,1.11485,0.30,22.90
2008.01.08 19:54:03.067,1.11465,1.11485,0.30,23.60
2008.01.08 19:54:03.247,1.11465,1.1148,0.30,0.80
2008.01.08 19:54:04.178,1.11465,1.11485,0.30,23.60
2008.01.08 19:54:06.791,1.11465,1.1148,0.30,0.80
2008.01.08 19:54:06.944,1.11465,1.1148,0.30,0.90
2008.01.08 19:54:07.246,1.11465,1.1148,0.30,0.70
2008.01.08 19:54:08.277,1.11465,1.11485,0.30,23.60
2008.01.08 19:54:09.219,1.11465,1.1148,0.30,0.90
2008.01.08 19:54:09.703,1.11465,1.1148,0.30,0.60
2008.01.08 19:54:12.984,1.1146,1.11485,1.00,23.40
2008.01.08 19:54:13.177,1.1146,1.1148,1.00,0.80
2008.01.08 19:54:14.258,1.1146,1.11485,1.00,23.40
2008.01.08 19:54:14.751,1.1146,1.11485,1.00,23.40
2008.01.08 19:54:14.969,1.1146,1.11485,1.00,23.40
2008.01.08 19:54:15.187,1.1146,1.11485,0.30,0.60
2008.01.08 19:54:15.406,1.1146,1.1149,0.30,32.40
2008.01.08 19:54:18.299,1.1146,1.1149,0.30,32.40
2008.01.08 19:54:19.293,1.1146,1.1149,0.30,32.40
2008.01.08 19:54:21.194,1.11465,1.11485,0.30,22.90
2008.01.08 19:54:21.384,1.11465,1.1148,0.30,0.80
2008.01.08 19:54:21.914,1.11465,1.1148,0.30,0.90
2008.01.08 19:54:23.243,1.11465,1.1148,0.30,1.00
2008.01.08 19:54:23.431,1.11465,1.1148,0.30,1.00
2008.01.08 19:54:24.338,1.11465,1.1148,0.30,1.00
2008.01.08 19:54:24.531,1.11465,1.1148,0.30,1.00
2008.01.08 19:54:26.247,1.11465,1.1148,0.30,1.00
2008.01.08 19:54:28.324,1.11465,1.1148,0.30,1.00
2008.01.08 19:54:29.269,1.11465,1.1148,0.30,1.00
2008.01.08 19:54:31.142,1.11465,1.1148,0.30,1.00
2008.01.08 19:54:31.296,1.11465,1.1148,0.30,0.30
2008.01.08 19:54:33.310,1.11465,1.1148,0.30,0.30
2008.01.08 19:54:34.259,1.11465,1.1148,0.30,0.30
2008.01.08 19:54:34.546,1.11465,1.1148,0.30,0.30
2008.01.08 19:54:34.888,1.1146,1.11485,0.30,26.60
2008.01.08 19:54:35.178,1.1146,1.11485,0.30,19.40
2008.01.08 19:54:35.416,1.1146,1.11485,0.30,19.40
2008.01.08 19:54:35.654,1.1146,1.11485,0.30,19.40
2008.01.08 19:54:35.669,1.11455,1.11485,9.30,19.40
2008.01.08 19:54:35.892,1.1146,1.11485,0.30,19.40
2008.01.08 19:54:36.253,1.1146,1.11485,0.30,19.40
2008.01.08 19:54:36.486,1.1146,1.11485,0.30,19.40
2008.01.08 19:54:37.191,1.1146,1.11485,0.30,19.40
2008.01.08 19:54:37.501,1.1146,1.11485,0.30,19.40
2008.01.08 19:54:38.233,1.1146,1.11485,0.30,19.40
2008.01.08 19:54:38.649,1.1146,1.11485,0.30,19.40
2008.01.08 19:54:38.945,1.1146,1.11485,0.30,19.40
2008.01.08 19:54:39.259,1.1146,1.11485,0.30,19.40
2008.01.08 19:54:39.531,1.1146,1.11485,0.30,19.40
2008.01.08 19:54:40.703,1.1146,1.11485,0.30,19.40
2008.01.08 19:54:40.877,1.1146,1.11485,0.30,15.40
2008.01.08 19:54:42.894,1.1146,1.11485,0.30,14.60
2008.01.08 19:54:43.022,1.1146,1.11485,0.30,13.00
2008.01.08 19:54:43.150,1.11465,1.11485,0.30,12.80
2008.01.08 19:54:43.298,1.11465,1.11485,2.60,9.60
2008.01.08 19:54:43.431,1.11465,1.11485,2.60,9.60
2008.01.08 19:54:43.732,1.11465,1.11485,2.60,9.60
2008.01.08 19:54:43.975,1.11465,1.11485,6.60,9.60
2008.01.08 19:54:44.272,1.11465,1.11485,6.60,9.60
2008.01.08 19:54:44.516,1.11465,1.11485,6.60,9.60
2008.01.08 19:54:44.981,1.11465,1.11485,6.60,9.60
2008.01.08 19:54:46.607,1.1147,1.11485,0.30,9.60
2008.01.08 19:54:46.735,1.1147,1.11485,0.30,1.60
2008.01.08 19:54:46.934,1.1147,1.11485,0.30,1.60
2008.01.08 19:54:47.041,1.1147,1.11495,0.30,26.60
2008.01.08 19:54:47.244,1.1147,1.11495,0.30,26.60
2008.01.08 19:54:47.665,1.1147,1.11495,0.30,22.60
2008.01.08 19:54:48.195,1.1147,1.11495,0.30,22.60
2008.01.08 19:54:48.330,1.1147,1.11495,0.30,22.60
2008.01.08 19:54:48.429,1.1147,1.11495,0.30,22.60
2008.01.08 19:54:48.745,1.1147,1.11495,0.30,22.60
2008.01.08 19:54:49.080,1.1147,1.11495,0.30,20.20
2008.01.08 19:54:49.435,1.11475,1.11495,0.30,7.20
2008.01.08 19:54:49.769,1.11475,1.11495,0.30,7.20
2008.01.08 19:54:49.956,1.11475,1.11495,0.30,7.20
2008.01.08 19:54:50.179,1.11475,1.11495,0.30,7.20
2008.01.08 19:54:50.478,1.11475,1.11495,0.30,7.20
2008.01.08 19:54:52.142,1.11475,1.11495,0.30,7.20
2008.01.08 19:54:53.341,1.11475,1.11495,0.30,7.20
2008.01.08 19:54:53.670,1.11475,1.11495,0.30,7.20
2008.01.08 19:54:53.723,1.11475,1.11495,0.30,7.20
2008.01.08 19:54:53.777,1.11475,1.11495,0.30,7.20
2008.01.08 19:54:53.973,1.11475,1.11495,0.30,7.20
2008.01.08 19:54:54.209,1.11475,1.11495,0.30,7.20
2008.01.08 19:54:54.525,1.11475,1.11495,0.30,7.20
2008.01.08 19:54:58.342,1.11475,1.11495,0.30,7.20
2008.01.08 19:54:59.575,1.11475,1.11495,0.30,7.20
2008.01.08 19:55:01.867,1.1147,1.11495,1.00,7.40
2008.01.08 19:55:02.093,1.1147,1.11495,0.30,9.80
2008.01.08 19:55:02.317,1.1147,1.11495,0.30,22.80
2008.01.08 19:55:03.291,1.1147,1.11495,0.30,22.80
2008.01.08 19:55:03.663,1.1147,1.11495,0.30,22.80
2008.01.08 19:55:04.572,1.1147,1.11495,0.30,22.80
2008.01.08 19:55:06.951,1.1147,1.11495,0.30,22.80
2008.01.08 19:55:08.381,1.1147,1.11495,0.30,22.80
2008.01.08 19:55:09.635,1.1147,1.11495,0.30,22.80
2008.01.08 19:55:09.848,1.1147,1.11495,0.30,22.80
2008.01.08 19:55:10.041,1.1147,1.11495,0.30,22.80
2008.01.08 19:55:12.766,1.1147,1.11495,0.30,22.90
2008.01.08 19:55:13.377,1.1147,1.11495,0.30,22.90
2008.01.08 19:55:14.671,1.1147,1.11495,0.30,22.90
2008.01.08 19:55:17.198,1.1147,1.11495,0.30,22.90
2008.01.08 19:55:17.351,1.1147,1.11495,0.30,22.90
2008.01.08 19:55:17.505,1.1147,1.11495,0.30,22.90
2008.01.08 19:55:17.657,1.1147,1.11495,0.30,22.90
2008.01.08 19:55:17.755,1.1147,1.11495,0.30,0.90
2008.01.08 19:55:17.811,1.1147,1.115,0.30,31.90
2008.01.08 19:55:18.200,1.1147,1.115,0.30,31.90
2008.01.08 19:55:18.372,1.1147,1.115,0.30,31.90
2008.01.08 19:55:18.523,1.1147,1.11495,0.30,0.70
2008.01.08 19:55:19.105,1.1147,1.11495,0.30,0.80
2008.01.08 19:55:19.353,1.1147,1.115,0.30,31.80
2008.01.08 19:55:19.703,1.1147,1.11495,0.30,0.70
2008.01.08 19:55:20.668,1.1147,1.11495,0.30,0.90
2008.01.08 19:55:21.667,1.1147,1.115,0.30,31.80
2008.01.08 19:55:22.013,1.1147,1.115,0.30,31.00
2008.01.08 19:55:22.222,1.1147,1.115,0.30,31.80
2008.01.08 19:55:22.500,1.1147,1.11495,0.30,0.70
2008.01.08 19:55:23.147,1.1147,1.115,0.30,31.60
2008.01.08 19:55:23.285,1.1147,1.115,0.30,31.60
2008.01.08 19:55:24.740,1.1147,1.115,0.30,31.60
2008.01.08 19:55:27.093,1.11465,1.11495,9.00,22.90
2008.01.08 19:55:27.241,1.11465,1.1149,6.60,5.80
2008.01.08 19:55:27.389,1.11465,1.1149,5.80,11.40
2008.01.08 19:55:27.539,1.11465,1.11485,5.80,0.70
2008.01.08 19:55:27.801,1.11465,1.11485,5.80,0.60
2008.01.08 19:55:28.009,1.11465,1.1149,5.80,25.00
2008.01.08 19:55:28.200,1.11465,1.11485,4.00,0.90
2008.01.08 19:55:28.393,1.1146,1.1149,0.30,32.40
2008.01.08 19:55:28.587,1.1146,1.1149,0.30,32.40
2008.01.08 19:55:28.781,1.1146,1.11485,0.30,0.70
2008.01.08 19:55:28.975,1.1146,1.11485,0.30,0.90
2008.01.08 19:55:29.168,1.1146,1.1149,0.30,48.40
2008.01.08 19:55:29.432,1.11455,1.11475,2.60,0.70
2008.01.08 19:55:29.695,1.11455,1.1148,2.60,6.60
2008.01.08 19:55:29.959,1.11455,1.1148,6.40,16.40
2008.01.08 19:55:30.224,1.11455,1.1148,0.30,13.00
2008.01.08 19:55:30.427,1.11455,1.11485,0.30,47.10
2008.01.08 19:55:30.631,1.11455,1.1148,0.30,0.80
2008.01.08 19:55:30.836,1.11455,1.11485,0.30,39.30
2008.01.08 19:55:31.039,1.1146,1.11485,0.30,36.50
2008.01.08 19:55:31.156,1.1146,1.11485,0.30,36.40
2008.01.08 19:55:31.276,1.1146,1.1149,0.30,30.00
2008.01.08 19:55:31.447,1.1146,1.1149,0.30,30.80
2008.01.08 19:55:31.566,1.1146,1.11485,0.30,0.50
2008.01.08 19:55:31.717,1.1146,1.1149,0.30,32.40
2008.01.08 19:55:31.834,1.1146,1.1149,0.30,32.40
2008.01.08 19:55:31.961,1.1146,1.11485,0.30,0.60
2008.01.08 19:55:32.079,1.1146,1.11485,0.30,0.60
2008.01.08 19:55:32.248,1.1146,1.11485,0.30,0.90
2008.01.08 19:55:32.482,1.1146,1.1149,0.30,32.40
2008.01.08 19:55:32.890,1.11455,1.11485,13.00,22.90
2008.01.08 19:55:33.058,1.11455,1.1148,10.60,0.70
2008.01.08 19:55:33.227,1.11455,1.1148,0.30,0.80
2008.01.08 19:55:33.733,1.11455,1.11485,0.30,39.90
2008.01.08 19:55:33.954,1.1146,1.11485,0.30,39.70
2008.01.08 19:55:34.177,1.1146,1.1148,0.30,0.90
2008.01.08 19:55:34.396,1.1146,1.11485,0.30,0.80
2008.01.08 19:55:34.616,1.1146,1.1149,0.30,32.40
2008.01.08 19:55:34.834,1.1146,1.11485,0.30,0.60
2008.01.08 19:55:35.053,1.11455,1.11485,11.40,25.30
2008.01.08 19:55:35.271,1.11455,1.1148,4.20,0.60
2008.01.08 19:55:35.504,1.11455,1.11485,0.30,43.60
2008.01.08 19:55:35.738,1.11455,1.1148,0.30,0.50
2008.01.08 19:55:35.973,1.1146,1.1148,0.30,0.80
2008.01.08 19:55:36.206,1.1146,1.11485,0.30,37.60
2008.01.08 19:55:36.440,1.1146,1.11485,0.30,24.00
2008.01.08 19:55:36.762,1.1146,1.11485,0.30,24.00
2008.01.08 19:55:36.885,1.11455,1.11485,11.40,20.20
2008.01.08 19:55:37.029,1.11455,1.11485,10.60,23.60
2008.01.08 19:55:37.172,1.11455,1.11485,5.00,25.20
2008.01.08 19:55:37.297,1.11455,1.1148,0.30,0.70
2008.01.08 19:55:37.773,1.11455,1.1148,0.30,0.80
2008.01.08 19:55:37.986,1.11455,1.11485,0.30,39.60
2008.01.08 19:55:38.174,1.1146,1.11485,0.30,39.40
2008.01.08 19:55:38.363,1.1146,1.1148,0.30,0.70
2008.01.08 19:55:38.606,1.1146,1.11485,0.30,20.00
2008.01.08 19:55:38.850,1.1146,1.1148,0.30,0.80
2008.01.08 19:55:39.093,1.1146,1.11485,0.30,20.00
2008.01.08 19:55:39.337,1.1146,1.1148,0.30,0.80
2008.01.08 19:55:39.610,1.1146,1.11485,0.30,20.00
2008.01.08 19:55:39.884,1.1146,1.11485,0.30,20.00
2008.01.08 19:55:41.096,1.1146,1.11485,0.30,20.00
2008.01.08 19:55:42.459,1.1146,1.1148,0.30,0.80
2008.01.08 19:55:43.156,1.1146,1.11485,0.30,20.10
2008.01.08 19:55:43.420,1.1146,1.11485,0.30,20.10
2008.01.08 19:55:44.851,1.1146,1.11485,0.30,20.10
2008.01.08 19:55:45.459,1.1146,1.1148,0.30,0.80
2008.01.08 19:55:48.440,1.1146,1.1148,0.30,0.80
2008.01.08 19:55:48.994,1.1146,1.1148,0.30,0.80
2008.01.08 19:55:49.895,1.1146,1.1148,0.30,0.80
2008.01.08 19:55:50.986,1.1146,1.1148,0.30,0.80
2008.01.08 19:55:51.412,1.1146,1.1148,0.30,0.80
2008.01.08 19:55:53.436,1.1146,1.1148,0.30,0.80
2008.01.08 19:55:53.600,1.11465,1.1148,0.30,1.00
2008.01.08 19:55:53.730,1.11465,1.1148,0.30,1.80
2008.01.08 19:55:54.932,1.11465,1.1148,0.30,1.80
2008.01.08 19:55:56.430,1.11465,1.1148,0.30,1.80
2008.01.08 19:55:56.720,1.11465,1.1148,0.30,1.80
2008.01.08 19:55:57.247,1.11465,1.1148,0.30,1.80
2008.01.08 19:55:57.543,1.11465,1.1148,0.30,1.80
2008.01.08 19:55:57.838,1.11465,1.1148,0.30,2.60
2008.01.08 19:55:58.132,1.11455,1.1148,12.20,3.40
2008.01.08 19:55:58.437,1.11455,1.11475,12.20,8.00
2008.01.08 19:55:58.615,1.11455,1.11475,12.20,8.00
2008.01.08 19:55:58.832,1.11455,1.11475,12.20,8.00
2008.01.08 19:55:59.212,1.11455,1.11475,12.20,8.00
2008.01.08 19:55:59.767,1.11455,1.11475,12.20,8.00
2008.01.08 19:55:59.854,1.11455,1.11475,12.20,0.50
2008.01.08 19:56:00.031,1.11455,1.1148,12.20,20.20
2008.01.08 19:56:00.950,1.11455,1.1148,12.20,20.20
2008.01.08 19:56:01.124,1.1146,1.11475,0.30,0.50
2008.01.08 19:56:01.297,1.1146,1.11485,0.30,28.20
2008.01.08 19:56:01.469,1.1146,1.1148,0.30,0.80
2008.01.08 19:56:01.637,1.1146,1.1148,0.30,0.80
2008.01.08 19:56:01.848,1.1146,1.11485,0.30,17.60
2008.01.08 19:56:01.994,1.1146,1.11485,0.30,17.60
2008.01.08 19:56:02.078,1.1146,1.11485,0.30,16.80
2008.01.08 19:56:02.938,1.1146,1.1148,0.30,0.80
2008.01.08 19:56:03.458,1.1146,1.1148,0.30,0.80
2008.01.08 19:56:03.596,1.1146,1.11485,0.30,16.70
2008.01.08 19:56:03.735,1.1146,1.11485,1.00,16.20
2008.01.08 19:56:03.908,1.1146,1.11485,1.00,16.20
2008.01.08 19:56:04.081,1.1146,1.11485,1.00,16.20
2008.01.08 19:56:04.255,1.1146,1.1148,1.00,0.80
2008.01.08 19:56:04.977,1.1146,1.11485,1.00,14.60
2008.01.08 19:56:05.064,1.1146,1.1148,1.00,0.80
2008.01.08 19:56:05.173,1.11465,1.11485,0.30,14.40
2008.01.08 19:56:05.262,1.11465,1.1149,0.30,0.50
2008.01.08 19:56:05.351,1.11465,1.11495,0.30,46.80
2008.01.08 19:56:05.440,1.11465,1.1149,0.30,0.60
2008.01.08 19:56:05.687,1.11465,1.1149,0.30,0.60
2008.01.08 19:56:05.924,1.11465,1.11495,0.30,44.40
2008.01.08 19:56:06.132,1.11465,1.1149,0.30,0.90
2008.01.08 19:56:06.341,1.1147,1.1149,0.30,0.60
2008.01.08 19:56:06.549,1.1147,1.11495,0.30,26.80
2008.01.08 19:56:06.857,1.1147,1.1149,0.30,0.80
2008.01.08 19:56:06.952,1.1147,1.11495,0.30,26.80
2008.01.08 19:56:07.168,1.1147,1.1149,0.30,0.80
2008.01.08 19:56:07.467,1.1147,1.11495,0.30,26.80
2008.01.08 19:56:07.981,1.1147,1.1149,0.30,0.80
2008.01.08 19:56:08.481,1.1147,1.11495,0.30,26.80
2008.01.08 19:56:09.504,1.1147,1.11495,0.30,26.80
2008.01.08 19:56:10.004,1.1147,1.11495,0.30,26.80
2008.01.08 19:56:11.258,1.1147,1.1149,0.30,0.80
2008.01.08 19:56:12.229,1.1147,1.11495,0.30,27.60
2008.01.08 19:56:12.442,1.1147,1.11495,0.30,27.70
2008.01.08 19:56:13.228,1.1147,1.11495,0.30,24.50
2008.01.08 19:56:13.407,1.1147,1.11495,0.30,21.40
2008.01.08 19:56:13.585,1.1147,1.115,0.30,32.80
2008.01.08 19:56:15.046,1.1147,1.115,0.30,32.80
2008.01.08 19:56:18.513,1.1147,1.11495,0.30,0.70
2008.01.08 19:56:19.241,1.1147,1.11495,0.30,0.90
2008.01.08 19:56:19.708,1.1147,1.11495,0.30,0.80
2008.01.08 19:56:19.979,1.1147,1.115,0.30,28.40
2008.01.08 19:56:20.248,1.11475,1.115,0.30,25.80
2008.01.08 19:56:20.527,1.11475,1.115,2.60,20.20
2008.01.08 19:56:20.811,1.11475,1.115,0.30,0.90
2008.01.08 19:56:21.095,1.11475,1.11505,0.30,46.80
2008.01.08 19:56:21.378,1.11475,1.115,0.30,0.60
2008.01.08 19:56:21.592,1.11475,1.11505,0.30,46.80
2008.01.08 19:56:21.806,1.1147,1.11495,0.30,0.80
2008.01.08 19:56:22.020,1.1147,1.115,0.30,2.00
2008.01.08 19:56:22.697,1.1147,1.115,0.30,2.00
2008.01.08 19:56:23.481,1.1147,1.11495,0.30,0.50
2008.01.08 19:56:24.231,1.1147,1.11495,0.30,0.70
2008.01.08 19:56:24.425,1.1147,1.115,0.30,2.00
2008.01.08 19:56:24.618,1.1147,1.115,0.30,2.00
2008.01.08 19:56:25.070,1.11475,1.11495,0.30,0.80
2008.01.08 19:56:25.344,1.11475,1.11505,0.50,24.40
2008.01.08 19:56:25.618,1.11475,1.11505,0.50,24.40
2008.01.08 19:56:25.887,1.11475,1.115,0.50,0.60
2008.01.08 19:56:26.222,1.11475,1.11505,0.50,26.80
2008.01.08 19:56:26.491,1.11475,1.11505,0.50,24.40
2008.01.08 19:56:26.761,1.11475,1.11505,0.50,24.40
2008.01.08 19:56:28.436,1.11475,1.115,0.30,1.00
2008.01.08 19:56:29.776,1.11475,1.115,0.30,1.00
2008.01.08 19:56:30.023,1.11475,1.115,0.30,1.00
2008.01.08 19:56:30.292,1.11475,1.115,0.30,1.00
2008.01.08 19:56:31.011,1.11475,1.115,0.30,1.80
2008.01.08 19:56:31.245,1.11475,1.115,0.30,2.60
2008.01.08 19:56:31.631,1.1147,1.11495,1.00,0.30
2008.01.08 19:56:31.831,1.1147,1.11495,0.30,1.00
2008.01.08 19:56:31.989,1.1147,1.11495,0.30,1.00
2008.01.08 19:56:32.168,1.1147,1.11495,0.30,1.00
2008.01.08 19:56:32.763,1.1147,1.11495,0.30,1.00
2008.01.08 19:56:33.094,1.1147,1.11495,0.30,1.00
2008.01.08 19:56:33.306,1.1147,1.11495,0.30,1.00
2008.01.08 19:56:33.520,1.1147,1.11495,0.30,1.00
2008.01.08 19:56:35.155,1.1147,1.11495,0.30,1.00
2008.01.08 19:56:35.277,1.1147,1.11495,0.30,1.00
2008.01.08 19:56:35.631,1.11475,1.11495,0.30,0.80
2008.01.08 19:56:35.797,1.11475,1.115,0.30,1.00
2008.01.08 19:56:36.066,1.11475,1.115,0.30,1.00
2008.01.08 19:56:36.334,1.11475,1.115,0.30,1.00
2008.01.08 19:56:36.603,1.11475,1.115,0.30,1.80
2008.01.08 19:56:36.872,1.11475,1.115,0.30,2.60
2008.01.08 19:56:36.986,1.11475,1.115,0.30,2.60
2008.01.08 19:56:37.754,1.11475,1.115,0.30,2.60
2008.01.08 19:56:37.955,1.11475,1.115,0.30,1.80
2008.01.08 19:56:38.148,1.11475,1.115,0.30,1.00
2008.01.08 19:56:38.342,1.11475,1.115,0.30,2.60
2008.01.08 19:56:40.217,1.11475,1.115,0.30,2.60
2008.01.08 19:56:42.242,1.11475,1.115,0.30,2.60
2008.01.08 19:56:43.530,1.11475,1.115,0.30,2.60
2008.01.08 19:56:43.947,1.11475,1.115,0.30,0.70
2008.01.08 19:56:45.271,1.11475,1.11505,0.30,42.80
2008.01.08 19:56:48.531,1.11475,1.115,0.30,0.90
2008.01.08 19:56:50.302,1.11475,1.11505,0.30,42.80
2008.01.08 19:56:50.951,1.11475,1.11505,0.30,42.80
2008.01.08 19:56:51.254,1.11475,1.11505,0.30,42.80
2008.01.08 19:56:51.497,1.11475,1.11505,0.30,42.80
2008.01.08 19:56:51.817,1.11475,1.11495,0.30,0.80
2008.01.08 19:56:52.428,1.11475,1.115,0.30,5.80
2008.01.08 19:56:53.536,1.11475,1.115,0.30,5.80
2008.01.08 19:56:54.501,1.11475,1.115,0.30,5.80
2008.01.08 19:56:55.342,1.11475,1.11495,0.30,0.70
2008.01.08 19:56:57.277,1.11475,1.115,0.50,5.80
2008.01.08 19:56:57.406,1.11475,1.115,0.60,5.80
2008.01.08 19:56:58.244,1.11475,1.115,0.60,5.80
2008.01.08 19:56:58.449,1.11475,1.115,0.60,5.80
2008.01.08 19:56:58.563,1.11475,1.11495,0.60,0.80
2008.01.08 19:56:58.762,1.11475,1.115,0.60,5.80
2008.01.08 19:57:00.200,1.11475,1.11505,0.60,42.80
2008.01.08 19:57:00.366,1.11475,1.11505,1.10,42.80
2008.01.08 19:57:00.544,1.11475,1.11505,1.10,42.80
2008.01.08 19:57:00.707,1.11475,1.11505,1.20,42.80
2008.01.08 19:57:00.899,1.11475,1.11505,1.20,42.80
2008.01.08 19:57:01.107,1.11475,1.11505,1.20,42.00
2008.01.08 19:57:01.300,1.11475,1.115,1.20,0.90
2008.01.08 19:57:01.494,1.11475,1.115,1.20,0.50
2008.01.08 19:57:03.165,1.11475,1.11495,1.20,0.50
2008.01.08 19:57:03.341,1.11475,1.11495,1.20,0.80
2008.01.08 19:57:03.558,1.11475,1.11495,1.20,0.60
2008.01.08 19:57:04.554,1.11475,1.11495,1.20,0.80
2008.01.08 19:57:04.897,1.11475,1.11495,1.20,0.70
2008.01.08 19:57:05.403,1.11475,1.115,1.20,5.80
2008.01.08 19:57:06.176,1.1148,1.11495,0.90,0.50
2008.01.08 19:57:06.384,1.1148,1.115,0.90,38.40
2008.01.08 19:57:06.657,1.1148,1.1149,1.70,0.80
2008.01.08 19:57:08.595,1.1148,1.11495,1.70,4.80
2008.01.08 19:57:09.713,1.1148,1.1149,1.90,0.80
2008.01.08 19:57:10.447,1.1148,1.1149,1.90,0.80
2008.01.08 19:57:13.565,1.1148,1.1149,1.90,0.80
2008.01.08 19:57:14.967,1.1148,1.1149,1.90,0.80
2008.01.08 19:57:15.465,1.1148,1.1149,1.90,0.80
2008.01.08 19:57:16.740,1.1148,1.1149,1.90,0.80
2008.01.08 19:57:18.596,1.1148,1.1149,1.90,0.80
2008.01.08 19:57:20.496,1.1148,1.1149,1.90,0.80
2008.01.08 19:57:23.043,1.1148,1.11495,1.10,4.00
2008.01.08 19:57:23.600,1.1148,1.11495,1.10,4.00
2008.01.08 19:57:24.230,1.1148,1.11495,1.10,4.00
2008.01.08 19:57:25.521,1.1148,1.11495,1.10,4.00
2008.01.08 19:57:27.215,1.1148,1.11495,1.10,4.00
2008.01.08 19:57:28.627,1.1148,1.11495,1.10,4.00
2008.01.08 19:57:30.552,1.1148,1.11495,1.10,4.00
2008.01.08 19:57:33.633,1.1148,1.11495,1.10,4.00
2008.01.08 19:57:35.356,1.1148,1.11495,1.00,4.00
2008.01.08 19:57:35.566,1.1148,1.11495,1.00,4.00
2008.01.08 19:57:36.697,1.1148,1.11495,1.00,4.00
2008.01.08 19:57:36.907,1.11485,1.11495,0.80,4.00
2008.01.08 19:57:37.101,1.1148,1.11495,0.30,3.20
2008.01.08 19:57:37.165,1.1148,1.11495,0.30,3.20
2008.01.08 19:57:37.230,1.1148,1.11495,0.30,3.20
2008.01.08 19:57:37.293,1.1148,1.11495,0.30,3.20
2008.01.08 19:57:37.357,1.1148,1.11495,0.30,3.20
2008.01.08 19:57:37.466,1.1148,1.11495,0.30,3.20
2008.01.08 19:57:37.749,1.1148,1.11495,0.30,3.20
2008.01.08 19:57:37.961,1.1148,1.11495,0.30,3.20
2008.01.08 19:57:38.621,1.1148,1.11495,0.30,3.20
2008.01.08 19:57:40.604,1.1148,1.11495,0.30,3.20
2008.01.08 19:57:40.719,1.11475,1.11495,2.40,3.20
2008.01.08 19:57:40.855,1.11475,1.11495,2.40,3.20
2008.01.08 19:57:40.966,1.11475,1.11495,2.40,3.20
2008.01.08 19:57:41.079,1.11475,1.11495,2.40,3.20
2008.01.08 19:57:41.224,1.11475,1.11495,2.40,3.20
2008.01.08 19:57:41.338,1.11475,1.11495,2.40,3.20
2008.01.08 19:57:41.451,1.11475,1.11495,2.40,3.20
2008.01.08 19:57:41.779,1.11475,1.11495,2.40,3.20
2008.01.08 19:57:42.254,1.11475,1.11495,2.40,3.20
2008.01.08 19:57:42.583,1.11475,1.11495,2.40,3.20
2008.01.08 19:57:43.643,1.11475,1.11495,2.40,3.20
2008.01.08 19:57:44.087,1.11475,1.115,2.40,4.20
2008.01.08 19:57:44.589,1.11475,1.11495,2.40,0.70
2008.01.08 19:57:44.862,1.11475,1.11495,2.40,0.60
2008.01.08 19:57:45.135,1.11475,1.11495,2.40,0.90
2008.01.08 19:57:45.648,1.11475,1.11495,2.40,0.80
2008.01.08 19:57:48.459,1.11475,1.115,2.40,5.80
2008.01.08 19:57:48.708,1.11475,1.115,2.40,0.50
2008.01.08 19:57:48.956,1.11475,1.11505,2.80,42.80
2008.01.08 19:57:49.232,1.11475,1.11505,2.80,42.80
2008.01.08 19:57:49.696,1.11475,1.11505,2.80,42.80
2008.01.08 19:57:49.956,1.11475,1.11505,2.80,42.80
2008.01.08 19:57:50.229,1.11475,1.11505,2.80,38.80
2008.01.08 19:57:50.673,1.11475,1.115,2.80,0.50
2008.01.08 19:57:51.722,1.11475,1.11505,2.80,38.80
2008.01.08 19:57:51.945,1.11475,1.115,2.30,0.50
2008.01.08 19:57:52.138,1.11475,1.11505,2.60,42.80
2008.01.08 19:57:52.332,1.11475,1.115,2.30,0.50
2008.01.08 19:57:52.891,1.11475,1.11505,2.10,42.80
2008.01.08 19:57:53.641,1.11475,1.11505,2.10,42.80
2008.01.08 19:57:55.713,1.11475,1.115,2.10,0.90
2008.01.08 19:57:57.216,1.11475,1.115,2.10,9.80
2008.01.08 19:57:58.259,1.11475,1.11495,2.10,0.70
2008.01.08 19:57:58.657,1.11475,1.11495,2.10,0.60
2008.01.08 19:58:00.744,1.11475,1.11495,2.10,0.50
2008.01.08 19:58:03.677,1.11475,1.115,2.10,9.80
2008.01.08 19:58:05.776,1.11475,1.115,2.10,9.80
2008.01.08 19:58:07.208,1.11475,1.115,2.10,9.80
2008.01.08 19:58:08.033,1.11475,1.115,2.90,10.60
2008.01.08 19:58:08.674,1.11475,1.115,2.90,10.60
2008.01.08 19:58:10.432,1.11475,1.115,3.20,10.60
2008.01.08 19:58:10.510,1.11475,1.115,3.20,10.60
2008.01.08 19:58:10.588,1.11475,1.115,3.20,10.60
2008.01.08 19:58:10.667,1.11475,1.11495,3.20,0.50
2008.01.08 19:58:10.798,1.1148,1.1149,3.00,0.60
2008.01.08 19:58:11.023,1.1148,1.1149,3.00,0.70
2008.01.08 19:58:11.565,1.1148,1.1149,3.00,4.80
2008.01.08 19:58:12.083,1.11475,1.11495,3.00,8.20
2008.01.08 19:58:12.311,1.11475,1.11495,2.00,10.60
2008.01.08 19:58:12.539,1.11475,1.11495,2.00,14.60
2008.01.08 19:58:12.702,1.11475,1.11495,2.00,18.60
2008.01.08 19:58:12.865,1.11475,1.11495,2.00,18.60
2008.01.08 19:58:13.029,1.11475,1.11495,2.00,18.60
2008.01.08 19:58:13.234,1.11475,1.11495,2.00,18.60
2008.01.08 19:58:13.423,1.11475,1.11495,2.40,20.20
2008.01.08 19:58:13.586,1.11475,1.11495,2.40,20.20
2008.01.08 19:58:13.940,1.11475,1.11495,2.50,20.20
2008.01.08 19:58:14.247,1.11475,1.11495,2.50,20.20
2008.01.08 19:58:14.456,1.11475,1.11495,2.50,20.20
2008.01.08 19:58:14.595,1.11475,1.11495,2.50,21.80
2008.01.08 19:58:14.772,1.11475,1.11495,2.50,22.60
2008.01.08 19:58:15.170,1.11475,1.11495,2.50,22.60
2008.01.08 19:58:15.683,1.11475,1.11495,2.50,22.60
2008.01.08 19:58:15.858,1.11475,1.11495,2.50,22.60
2008.01.08 19:58:17.462,1.11475,1.11495,2.50,22.60
2008.01.08 19:58:18.719,1.11475,1.11495,2.50,22.60
2008.01.08 19:58:20.493,1.11475,1.11495,2.50,22.60
2008.01.08 19:58:20.701,1.11475,1.11495,2.50,22.60
2008.01.08 19:58:21.520,1.11475,1.11495,2.40,22.60
2008.01.08 19:58:21.688,1.11475,1.11495,2.40,22.60
2008.01.08 19:58:21.936,1.11475,1.11495,1.70,22.60
2008.01.08 19:58:22.140,1.11475,1.11485,1.40,5.00
2008.01.08 19:58:22.343,1.11475,1.1148,0.90,4.00
2008.01.08 19:58:22.547,1.1146,1.11475,1.00,4.00
2008.01.08 19:58:22.750,1.1146,1.11475,1.00,4.00
2008.01.08 19:58:22.955,1.1146,1.1148,1.00,5.60
2008.01.08 19:58:23.099,1.1146,1.1148,1.00,1.60
2008.01.08 19:58:23.242,1.1146,1.1148,1.00,1.60
2008.01.08 19:58:23.397,1.1146,1.1148,1.00,1.60
2008.01.08 19:58:23.543,1.1146,1.11485,1.00,12.90
2008.01.08 19:58:23.731,1.1146,1.11485,1.00,12.90
2008.01.08 19:58:23.923,1.1146,1.11485,1.00,12.90
2008.01.08 19:58:24.255,1.1146,1.11485,1.00,12.90
2008.01.08 19:58:24.539,1.1146,1.11485,1.00,12.90
2008.01.08 19:58:24.823,1.1146,1.11485,1.00,12.90
2008.01.08 19:58:25.778,1.1146,1.11485,1.00,11.40
2008.01.08 19:58:25.926,1.11465,1.11485,0.30,11.20
2008.01.08 19:58:26.075,1.11465,1.11485,0.30,10.40
2008.01.08 19:58:26.224,1.11465,1.11485,0.30,8.00
2008.01.08 19:58:26.443,1.11465,1.1149,0.30,4.20
2008.01.08 19:58:26.662,1.11465,1.1149,0.30,4.20
2008.01.08 19:58:26.882,1.11465,1.1149,0.30,5.80
2008.01.08 19:58:27.100,1.11465,1.1149,0.30,5.80
2008.01.08 19:58:27.454,1.11465,1.1149,0.30,5.80
2008.01.08 19:58:27.766,1.11465,1.1149,0.30,5.80
2008.01.08 19:58:28.715,1.11465,1.1149,0.30,5.80
2008.01.08 19:58:29.113,1.11465,1.1149,0.30,5.80
2008.01.08 19:58:29.732,1.11465,1.1149,0.30,5.80
2008.01.08 19:58:30.699,1.11465,1.1149,0.30,6.60
2008.01.08 19:58:30.871,1.11465,1.1149,0.30,6.60
2008.01.08 19:58:31.006,1.11465,1.1149,0.30,6.70
2008.01.08 19:58:31.389,1.11465,1.1149,0.30,6.70
2008.01.08 19:58:32.614,1.11465,1.1149,0.30,6.70
2008.01.08 19:58:33.712,1.11465,1.1149,0.30,6.70
2008.01.08 19:58:35.943,1.11465,1.1149,0.30,6.70
2008.01.08 19:58:38.727,1.11465,1.1149,0.30,6.70
2008.01.08 19:58:40.295,1.11465,1.1149,0.30,6.70
2008.01.08 19:58:40.731,1.11465,1.1149,0.30,6.70
2008.01.08 19:58:40.987,1.11465,1.1149,0.30,6.70
2008.01.08 19:58:42.255,1.11465,1.1149,0.30,6.70
2008.01.08 19:58:42.520,1.11465,1.1149,0.30,6.70
2008.01.08 19:58:42.783,1.11465,1.1149,0.30,6.70
2008.01.08 19:58:43.047,1.11465,1.1149,0.30,6.70
2008.01.08 19:58:43.750,1.11465,1.1149,0.30,6.70
2008.01.08 19:58:44.150,1.11465,1.1149,0.30,6.70
2008.01.08 19:58:45.224,1.11465,1.1149,0.30,6.70
2008.01.08 19:58:45.409,1.11465,1.1149,0.30,6.70
2008.01.08 19:58:46.033,1.11465,1.1149,0.30,6.70
2008.01.08 19:58:46.130,1.11465,1.1149,0.30,6.70
2008.01.08 19:58:48.215,1.11465,1.11495,0.30,46.30
2008.01.08 19:58:48.502,1.11465,1.1149,0.30,0.60
2008.01.08 19:58:48.751,1.11465,1.11495,0.30,46.30
2008.01.08 19:58:49.202,1.11465,1.11495,0.30,46.30
2008.01.08 19:58:49.753,1.11465,1.11495,0.30,46.30
2008.01.08 19:58:51.062,1.11465,1.11495,0.30,46.30
2008.01.08 19:58:53.240,1.11465,1.11495,0.30,46.30
2008.01.08 19:58:53.317,1.11465,1.1149,0.30,0.70
2008.01.08 19:58:53.396,1.11465,1.11495,0.30,45.50
2008.01.08 19:58:53.474,1.11465,1.11495,0.30,45.50
2008.01.08 19:58:53.552,1.11465,1.11495,0.30,45.10
2008.01.08 19:58:53.630,1.11465,1.1149,0.30,0.50
2008.01.08 19:58:53.708,1.11465,1.11495,0.30,45.00
2008.01.08 19:58:53.959,1.11465,1.1149,0.30,0.50
2008.01.08 19:58:54.709,1.11465,1.1149,0.30,0.50
2008.01.08 19:58:54.987,1.1146,1.11485,1.80,0.30
2008.01.08 19:58:55.266,1.1146,1.1149,1.00,26.10
2008.01.08 19:58:55.372,1.1146,1.11475,1.00,0.60
2008.01.08 19:58:55.466,1.1146,1.1148,1.00,7.20
2008.01.08 19:58:55.731,1.1146,1.1148,1.00,0.90
2008.01.08 19:58:55.825,1.1146,1.11485,1.00,20.20
2008.01.08 19:58:55.917,1.1146,1.1148,1.00,0.50
2008.01.08 19:58:56.010,1.1146,1.1149,1.00,26.90
2008.01.08 19:58:56.147,1.1146,1.1149,1.00,26.90
2008.01.08 19:58:56.244,1.1146,1.11485,1.00,0.70
2008.01.08 19:58:56.579,1.1146,1.1149,1.00,10.10
2008.01.08 19:58:56.913,1.11465,1.11485,0.30,0.50
2008.01.08 19:58:57.247,1.11465,1.11495,0.30,46.40
2008.01.08 19:58:57.579,1.11465,1.1149,0.30,0.80
2008.01.08 19:58:57.798,1.11465,1.11495,0.30,48.70
2008.01.08 19:58:58.016,1.11465,1.1149,0.30,0.70
2008.01.08 19:58:58.234,1.11465,1.11495,0.30,44.70
2008.01.08 19:58:58.782,1.11465,1.1149,0.30,0.90
2008.01.08 19:58:59.808,1.11465,1.1149,0.30,0.80
2008.01.08 19:59:00.027,1.11465,1.1149,0.30,0.60
2008.01.08 19:59:00.425,1.11465,1.11495,0.30,38.30
2008.01.08 19:59:00.752,1.11465,1.11495,0.30,38.30
2008.01.08 19:59:01.108,1.11465,1.11495,0.30,38.30
2008.01.08 19:59:01.342,1.11465,1.1149,0.30,10.70
2008.01.08 19:59:01.545,1.11465,1.1149,0.30,10.70
2008.01.08 19:59:01.749,1.11465,1.1149,0.30,6.70
2008.01.08 19:59:01.952,1.11465,1.1149,0.30,6.70
2008.01.08 19:59:02.157,1.11465,1.1149,0.30,6.70
2008.01.08 19:59:02.361,1.11465,1.1149,0.30,10.70
2008.01.08 19:59:02.532,1.11465,1.11485,0.30,0.60
2008.01.08 19:59:02.663,1.11465,1.1149,0.30,10.70
2008.01.08 19:59:03.021,1.11465,1.1149,0.30,10.70
2008.01.08 19:59:03.208,1.11465,1.11485,0.30,0.70
2008.01.08 19:59:03.342,1.11465,1.1149,0.30,10.70
2008.01.08 19:59:03.476,1.11465,1.11485,0.30,0.50
2008.01.08 19:59:03.739,1.11465,1.11485,0.30,0.60
2008.01.08 19:59:03.969,1.11465,1.1149,0.30,10.70
2008.01.08 19:59:04.275,1.11465,1.11485,0.30,0.90
2008.01.08 19:59:04.437,1.11465,1.11485,0.30,0.60
2008.01.08 19:59:04.691,1.11465,1.1149,0.30,10.70
2008.01.08 19:59:05.189,1.11465,1.11485,0.30,7.20
2008.01.08 19:59:05.441,1.11465,1.11485,0.30,23.20
2008.01.08 19:59:05.696,1.11465,1.11475,0.30,0.50
2008.01.08 19:59:06.139,1.11465,1.11475,0.30,0.90
2008.01.08 19:59:06.359,1.11465,1.11485,0.30,11.20
2008.01.08 19:59:06.557,1.11465,1.11485,0.30,7.20
2008.01.08 19:59:06.881,1.11465,1.11485,0.30,19.20
2008.01.08 19:59:07.204,1.11465,1.1148,0.30,7.20
2008.01.08 19:59:07.530,1.11465,1.11475,0.30,0.80
2008.01.08 19:59:07.722,1.11465,1.11485,0.30,24.00
2008.01.08 19:59:07.915,1.11465,1.11485,0.30,12.00
2008.01.08 19:59:08.110,1.1146,1.11485,1.00,0.70
2008.01.08 19:59:08.302,1.1146,1.1149,1.00,14.90
2008.01.08 19:59:08.495,1.1146,1.1149,1.00,14.10
2008.01.08 19:59:08.689,1.1146,1.1149,1.00,12.50
2008.01.08 19:59:08.958,1.1146,1.1149,1.00,19.70
2008.01.08 19:59:09.208,1.1146,1.11485,1.00,0.60
2008.01.08 19:59:09.457,1.1146,1.1149,1.00,23.70
2008.01.08 19:59:09.752,1.1146,1.1149,1.00,23.70
2008.01.08 19:59:10.585,1.1146,1.1149,1.00,23.70
2008.01.08 19:59:10.768,1.1146,1.11485,1.00,0.50
2008.01.08 19:59:11.006,1.1146,1.1149,1.00,23.70
2008.01.08 19:59:11.209,1.1146,1.1149,1.00,23.70
2008.01.08 19:59:11.762,1.1146,1.1149,1.00,23.60
2008.01.08 19:59:12.271,1.1146,1.1149,1.00,23.60
2008.01.08 19:59:12.784,1.1146,1.1149,1.00,23.60
2008.01.08 19:59:13.096,1.1146,1.11485,1.00,0.50
2008.01.08 19:59:13.794,1.1146,1.11485,1.00,0.80
2008.01.08 19:59:15.258,1.1146,1.1149,1.00,23.60
2008.01.08 19:59:15.927,1.11465,1.11485,0.30,13.60
2008.01.08 19:59:16.071,1.11465,1.11485,0.30,12.80
2008.01.08 19:59:16.214,1.11465,1.11485,0.30,11.20
2008.01.08 19:59:16.358,1.11465,1.11485,0.30,3.20
2008.01.08 19:59:16.627,1.11465,1.11485,0.30,3.20
2008.01.08 19:59:16.771,1.11465,1.11485,0.30,3.20
2008.01.08 19:59:17.157,1.11465,1.11485,0.30,3.20
2008.01.08 19:59:17.457,1.11465,1.11485,0.30,3.20
2008.01.08 19:59:17.754,1.11465,1.11485,0.30,3.20
2008.01.08 19:59:18.052,1.11465,1.1149,0.30,6.60
2008.01.08 19:59:18.170,1.11465,1.1149,0.30,6.60
2008.01.08 19:59:18.289,1.11465,1.1149,0.30,6.60
2008.01.08 19:59:18.407,1.11465,1.1149,0.30,6.60
2008.01.08 19:59:18.700,1.11465,1.1149,0.30,6.60
2008.01.08 19:59:19.258,1.11465,1.11485,0.30,3.20
2008.01.08 19:59:19.777,1.11465,1.11485,0.30,3.20
2008.01.08 19:59:20.085,1.11465,1.11485,0.30,3.20
2008.01.08 19:59:20.288,1.11465,1.11485,0.30,7.20
2008.01.08 19:59:20.534,1.11465,1.11485,0.30,7.20
2008.01.08 19:59:21.244,1.11465,1.11485,0.30,7.20
2008.01.08 19:59:21.764,1.11465,1.11485,0.30,7.20
2008.01.08 19:59:23.467,1.11465,1.11485,0.30,7.20
2008.01.08 19:59:23.839,1.11465,1.11485,0.30,7.20
2008.01.08 19:59:24.470,1.11465,1.11485,0.30,7.20
2008.01.08 19:59:25.762,1.11465,1.11485,0.30,7.20
2008.01.08 19:59:25.933,1.11465,1.11485,0.30,7.20
2008.01.08 19:59:26.106,1.11465,1.11485,0.30,7.20
2008.01.08 19:59:26.280,1.11465,1.11485,0.30,7.20
2008.01.08 19:59:26.407,1.11465,1.11485,0.30,7.20
2008.01.08 19:59:28.502,1.11465,1.11485,0.30,7.20
2008.01.08 19:59:28.625,1.11465,1.11485,0.30,7.20
2008.01.08 19:59:28.750,1.11465,1.11485,0.30,7.20
2008.01.08 19:59:31.288,1.11465,1.11485,0.30,7.20
2008.01.08 19:59:31.537,1.11465,1.11485,0.30,7.20
2008.01.08 19:59:31.765,1.11465,1.11485,0.30,7.20
2008.01.08 19:59:31.994,1.11465,1.11485,0.30,7.20
2008.01.08 19:59:32.265,1.11465,1.11485,0.30,7.20
2008.01.08 19:59:33.534,1.11465,1.11485,0.30,7.20
2008.01.08 19:59:33.779,1.11465,1.11485,0.30,7.20
2008.01.08 19:59:34.245,1.11465,1.11485,0.30,7.20
2008.01.08 19:59:34.315,1.11465,1.11485,0.30,0.70
2008.01.08 19:59:34.634,1.1146,1.1149,1.80,10.80
2008.01.08 19:59:34.972,1.1146,1.1149,1.00,24.40
2008.01.08 19:59:35.503,1.1146,1.11485,1.00,0.70
2008.01.08 19:59:35.822,1.1146,1.1149,1.00,22.00
2008.01.08 19:59:35.979,1.1146,1.11485,1.00,0.80
2008.01.08 19:59:36.137,1.1146,1.11485,1.00,0.80
2008.01.08 19:59:36.296,1.1146,1.11475,1.00,0.90
2008.01.08 19:59:36.454,1.1146,1.11485,1.00,29.00
2008.01.08 19:59:36.613,1.1146,1.1148,1.00,7.20
2008.01.08 19:59:36.916,1.1146,1.1148,1.00,7.20
2008.01.08 19:59:37.221,1.1146,1.1148,1.00,7.20
2008.01.08 19:59:37.524,1.1146,1.1148,1.00,7.20
2008.01.08 19:59:38.319,1.1146,1.1148,1.00,7.20
2008.01.08 19:59:38.856,1.1146,1.1148,1.00,7.20
2008.01.08 19:59:39.129,1.1146,1.1148,1.00,7.20
2008.01.08 19:59:39.298,1.1146,1.1149,1.00,28.40
2008.01.08 19:59:39.465,1.1146,1.1149,1.00,24.40
2008.01.08 19:59:40.885,1.1146,1.11485,1.00,0.80
2008.01.08 19:59:41.032,1.1146,1.1149,1.00,24.40
2008.01.08 19:59:41.359,1.1146,1.1149,1.00,24.40
2008.01.08 19:59:41.624,1.1146,1.11485,1.00,0.90
2008.01.08 19:59:42.548,1.1146,1.1149,1.00,23.60
2008.01.08 19:59:43.259,1.1146,1.1149,1.00,23.60
2008.01.08 19:59:43.352,1.1146,1.11485,1.00,0.80
2008.01.08 19:59:43.467,1.1146,1.1149,1.00,23.60
2008.01.08 19:59:43.580,1.1146,1.1149,1.00,22.80
2008.01.08 19:59:43.839,1.1146,1.1149,1.00,22.80
2008.01.08 19:59:43.949,1.1146,1.1149,1.00,22.80
2008.01.08 19:59:44.283,1.1146,1.1149,1.00,23.60
2008.01.08 19:59:44.616,1.1146,1.11485,1.00,0.70
2008.01.08 19:59:44.950,1.1146,1.11485,1.00,0.80
2008.01.08 19:59:45.094,1.1146,1.11485,1.00,0.60
2008.01.08 19:59:45.239,1.1146,1.1149,1.00,22.80
2008.01.08 19:59:45.381,1.1146,1.1149,1.00,22.80
2008.01.08 19:59:45.822,1.1146,1.1149,1.00,22.00
2008.01.08 19:59:45.967,1.1146,1.11485,1.00,0.70
2008.01.08 19:59:46.190,1.1146,1.1149,1.00,21.20
2008.01.08 19:59:46.413,1.1146,1.11485,1.00,0.60
2008.01.08 19:59:46.636,1.1146,1.1149,1.00,22.00
2008.01.08 19:59:46.862,1.1146,1.11485,1.00,0.90
2008.01.08 19:59:47.084,1.1146,1.11485,1.00,0.60
2008.01.08 19:59:47.388,1.1146,1.1149,1.00,22.00
2008.01.08 19:59:47.671,1.1146,1.11485,1.00,0.60
2008.01.08 19:59:47.975,1.1146,1.1149,1.00,22.00
2008.01.08 19:59:48.287,1.1146,1.11485,1.00,0.50
2008.01.08 19:59:48.460,1.1146,1.11485,1.00,0.70
2008.01.08 19:59:48.633,1.1146,1.11485,1.00,0.90
2008.01.08 19:59:48.807,1.1146,1.1149,1.00,22.00
2008.01.08 19:59:48.980,1.1146,1.1149,1.00,22.00
2008.01.08 19:59:49.153,1.1146,1.1149,1.00,22.00
2008.01.08 19:59:50.125,1.1146,1.11485,1.00,0.90
2008.01.08 19:59:50.318,1.11465,1.11485,0.30,0.70
2008.01.08 19:59:50.742,1.11465,1.11485,0.30,0.60
2008.01.08 19:59:50.936,1.1146,1.1149,0.30,22.00
2008.01.08 19:59:51.262,1.1146,1.1149,0.30,22.00
2008.01.08 19:59:51.449,1.1146,1.1149,0.30,22.00
2008.01.08 19:59:51.977,1.1146,1.1149,0.30,22.00
2008.01.08 19:59:52.197,1.1146,1.1149,0.30,22.00
2008.01.08 19:59:53.142,1.1146,1.11475,0.30,0.60
2008.01.08 19:59:53.452,1.1146,1.11485,0.30,22.60
2008.01.08 19:59:53.659,1.1146,1.11485,0.30,26.60
2008.01.08 19:59:55.941,1.1146,1.11485,0.30,26.60
2008.01.08 19:59:56.466,1.1146,1.11475,0.30,0.70
2008.01.08 19:59:57.180,1.1146,1.11485,0.30,26.60
2008.01.08 19:59:57.438,1.1146,1.11485,0.30,22.60
2008.01.08 19:59:58.224,1.1146,1.11475,0.30,0.60
2008.01.08 19:59:58.747,1.1146,1.11475,0.30,0.60
2008.01.08 19:59:58.903,1.1146,1.11475,0.30,0.60
2008.01.08 19:59:59.046,1.1146,1.11485,0.30,21.80
2008.01.08 19:59:59.191,1.11455,1.11475,1.00,0.90
2008.01.08 19:59:59.336,1.11455,1.11475,0.30,0.80
2008.01.08 19:59:59.640,1.11455,1.11475,0.30,0.60
2008.01.08 19:59:59.943,1.11455,1.1148,0.30,17.80
