2016.05.01 23:00:00.268,0.95937,0.95953,1.00,1.00
2016.05.01 23:00:00.370,0.95936,0.95955,1.00,1.00
2016.05.01 23:00:00.553,0.95933,0.95951,1.00,1.00
2016.05.01 23:00:00.655,0.95931,0.9595,1.00,1.00
2016.05.01 23:00:02.575,0.95932,0.95951,1.00,1.00
2016.05.01 23:00:03.083,0.95933,0.95952,1.00,1.00
2016.05.01 23:00:13.688,0.95931,0.95952,1.00,1.00
2016.05.01 23:00:13.993,0.95933,0.95952,1.00,1.00
2016.05.01 23:00:40.316,0.95934,0.95953,1.00,1.00
2016.05.01 23:00:48.747,0.9593,0.95949,1.00,1.00
2016.05.01 23:00:49.258,0.95929,0.95948,1.00,1.00
2016.05.01 23:00:55.759,0.9593,0.95949,1.00,1.00
2016.05.01 23:00:56.088,0.95932,0.95951,1.00,1.00
2016.05.01 23:00:56.342,0.95932,0.95953,1.00,1.00
2016.05.01 23:01:12.601,0.95931,0.9595,1.00,1.00
2016.05.01 23:01:12.906,0.95929,0.95948,1.50,1.00
2016.05.01 23:01:22.636,0.95929,0.95948,1.00,1.37
2016.05.01 23:01:22.789,0.95921,0.9594,1.00,1.00
2016.05.01 23:01:22.891,0.95919,0.95936,1.00,1.00
2016.05.01 23:01:23.094,0.95917,0.95938,1.00,1.50
2016.05.01 23:01:23.291,0.95914,0.95933,1.00,1.00
2016.05.01 23:01:24.307,0.95912,0.95931,1.69,1.00
2016.05.01 23:01:24.409,0.95914,0.95933,1.25,1.00
2016.05.01 23:01:24.512,0.95912,0.9593,1.19,1.00
2016.05.01 23:01:25.020,0.95912,0.95929,1.19,1.00
2016.05.01 23:01:27.200,0.9591,0.95929,1.00,1.00
2016.05.01 23:01:36.019,0.95909,0.95929,1.00,1.50
2016.05.01 23:01:38.674,0.95909,0.95928,1.00,1.00
2016.05.01 23:01:39.182,0.95909,0.95929,1.00,1.50
2016.05.01 23:02:03.207,0.95909,0.95928,1.00,1.00
2016.05.01 23:02:03.563,0.95907,0.95926,1.69,1.00
2016.05.01 23:02:03.962,0.95904,0.95927,1.31,1.00
2016.05.01 23:02:04.115,0.95907,0.95928,1.00,1.00
2016.05.01 23:02:04.268,0.95903,0.95926,1.00,1.00
2016.05.01 23:02:06.427,0.95902,0.95927,1.87,1.00
2016.05.01 23:02:06.946,0.95903,0.95926,1.00,1.00
2016.05.01 23:02:07.689,0.95902,0.95927,1.87,1.00
2016.05.01 23:02:08.216,0.95903,0.95926,1.00,1.00
2016.05.01 23:02:09.173,0.95903,0.95926,1.50,1.00
2016.05.01 23:02:09.224,0.95903,0.9593,1.50,3.00
2016.05.01 23:02:09.275,0.95904,0.9593,1.37,2.25
2016.05.01 23:02:09.580,0.95909,0.95928,1.00,1.00
2016.05.01 23:02:10.095,0.9591,0.95929,1.00,1.00
2016.05.01 23:02:31.037,0.9591,0.95928,1.00,1.00
2016.05.01 23:02:31.090,0.95908,0.95927,1.00,1.00
2016.05.01 23:02:31.613,0.95907,0.95926,1.00,1.00
2016.05.01 23:02:31.815,0.95909,0.95928,1.00,1.00
2016.05.01 23:02:32.322,0.9591,0.95929,1.00,1.00
2016.05.01 23:02:44.015,0.95911,0.95929,1.00,1.50
2016.05.01 23:03:02.383,0.9591,0.95929,1.00,1.00
2016.05.01 23:03:52.173,0.95907,0.95926,1.50,1.00
2016.05.01 23:03:52.477,0.9591,0.95929,1.00,1.00
2016.05.01 23:03:57.009,0.95911,0.95929,1.00,1.50
2016.05.01 23:04:53.930,0.95911,0.95929,1.00,3.00
2016.05.01 23:04:54.437,0.9591,0.95929,1.00,1.00
2016.05.01 23:05:00.152,0.95908,0.95927,1.00,1.00
2016.05.01 23:05:04.858,0.95907,0.95926,1.50,1.00
2016.05.01 23:05:17.173,0.95908,0.95926,1.95,1.00
2016.05.01 23:05:17.478,0.95914,0.95929,1.00,1.00
2016.05.01 23:05:18.382,0.95911,0.95929,1.15,1.50
2016.05.01 23:05:18.484,0.95911,0.95929,1.00,1.50
2016.05.01 23:05:37.690,0.95908,0.95928,1.00,1.00
2016.05.01 23:05:37.946,0.95911,0.95927,1.00,1.00
2016.05.01 23:05:47.520,0.95911,0.95928,1.00,1.00
2016.05.01 23:05:48.029,0.95911,0.95927,1.00,1.00
2016.05.01 23:05:48.398,0.95911,0.95929,1.00,1.50
2016.05.01 23:05:56.717,0.95911,0.95928,1.00,1.00
2016.05.01 23:05:57.252,0.95911,0.95929,1.00,1.50
2016.05.01 23:06:37.917,0.9591,0.95929,1.00,1.00
2016.05.01 23:06:39.978,0.95909,0.95928,1.00,1.12
2016.05.01 23:06:57.651,0.95909,0.95928,1.00,1.37
2016.05.01 23:07:01.156,0.95909,0.95928,1.00,1.50
2016.05.01 23:07:01.207,0.95911,0.95928,1.13,1.12
2016.05.01 23:07:02.220,0.95911,0.95928,1.43,1.00
2016.05.01 23:07:02.271,0.95909,0.95928,2.25,1.00
2016.05.01 23:07:44.961,0.95907,0.95928,1.12,1.12
2016.05.01 23:07:45.507,0.95908,0.95929,1.00,1.12
2016.05.01 23:07:46.958,0.95908,0.95927,1.00,1.00
2016.05.01 23:07:53.165,0.95911,0.95929,1.00,1.00
2016.05.01 23:07:53.470,0.95911,0.95932,1.37,1.86
2016.05.01 23:07:56.338,0.95911,0.95932,1.37,3.36
2016.05.01 23:07:58.287,0.95909,0.95928,2.44,1.00
2016.05.01 23:07:58.389,0.95909,0.95928,1.12,1.00
2016.05.01 23:07:58.938,0.95908,0.95927,1.00,1.00
2016.05.01 23:08:06.287,0.95908,0.95926,1.00,1.00
2016.05.01 23:08:06.338,0.95908,0.95926,1.00,2.23
2016.05.01 23:08:06.389,0.95906,0.95925,1.00,1.73
2016.05.01 23:08:06.542,0.95905,0.95919,1.00,1.00
2016.05.01 23:08:06.593,0.95901,0.95919,1.00,1.00
2016.05.01 23:08:06.925,0.95903,0.95919,1.00,1.00
2016.05.01 23:08:19.040,0.95903,0.95917,1.00,1.00
2016.05.01 23:08:29.495,0.95903,0.95916,1.00,1.00
2016.05.01 23:08:30.506,0.95903,0.95917,1.00,1.00
2016.05.01 23:08:40.980,0.95903,0.95918,1.00,1.12
2016.05.01 23:08:41.843,0.95903,0.95917,1.00,1.00
2016.05.01 23:08:53.373,0.95903,0.95916,1.00,1.50
2016.05.01 23:08:53.425,0.95897,0.95916,3.19,1.50
2016.05.01 23:08:53.476,0.95897,0.95913,2.44,1.00
2016.05.01 23:08:53.681,0.95893,0.9591,1.00,1.00
2016.05.01 23:08:53.732,0.95893,0.95908,1.00,1.00
2016.05.01 23:08:53.783,0.95891,0.95908,1.50,1.00
2016.05.01 23:08:54.320,0.95892,0.95908,1.00,1.00
2016.05.01 23:08:54.424,0.95894,0.95908,1.19,1.00
2016.05.01 23:08:58.601,0.9589,0.95908,1.50,1.00
2016.05.01 23:09:02.703,0.95893,0.95908,1.19,1.00
2016.05.01 23:09:03.881,0.9589,0.95908,1.69,1.00
2016.05.01 23:09:08.715,0.95894,0.95908,1.19,1.00
2016.05.01 23:09:09.172,0.9589,0.95908,1.50,1.00
2016.05.01 23:09:40.781,0.95891,0.95908,1.00,1.00
2016.05.01 23:09:44.286,0.9589,0.95908,1.87,1.00
2016.05.01 23:09:59.221,0.9589,0.95907,1.00,1.37
2016.05.01 23:09:59.470,0.95883,0.95901,1.00,1.00
2016.05.01 23:09:59.521,0.95883,0.95899,1.00,1.00
2016.05.01 23:09:59.573,0.95881,0.95899,1.50,1.50
2016.05.01 23:09:59.981,0.95881,0.95896,1.00,1.00
2016.05.01 23:10:00.288,0.95886,0.95901,1.79,1.00
2016.05.01 23:10:00.390,0.95885,0.959,1.00,1.00
2016.05.01 23:10:00.493,0.95881,0.959,1.37,1.50
2016.05.01 23:10:00.997,0.95881,0.959,1.00,1.50
2016.05.01 23:10:04.177,0.95882,0.959,1.00,1.00
2016.05.01 23:10:07.271,0.95882,0.95901,1.00,1.50
2016.05.01 23:10:17.730,0.95882,0.959,1.50,1.00
2016.05.01 23:10:25.148,0.95882,0.95901,1.50,1.00
2016.05.01 23:10:25.199,0.95884,0.95903,1.86,1.00
2016.05.01 23:10:25.305,0.9589,0.95906,1.11,1.00
2016.05.01 23:10:25.458,0.9589,0.95909,1.99,1.50
2016.05.01 23:10:26.003,0.95893,0.95909,1.00,1.00
2016.05.01 23:10:28.802,0.95893,0.9591,1.00,1.00
2016.05.01 23:10:41.463,0.95892,0.9591,1.00,1.00
2016.05.01 23:10:44.034,0.95893,0.9591,1.00,1.12
2016.05.01 23:10:45.843,0.95892,0.9591,1.00,1.00
2016.05.01 23:10:46.487,0.95893,0.9591,1.00,1.00
2016.05.01 23:11:14.106,0.95892,0.9591,1.00,1.12
2016.05.01 23:11:19.819,0.95894,0.95912,1.00,1.00
2016.05.01 23:11:27.032,0.95893,0.95912,1.00,1.50
2016.05.01 23:11:27.641,0.95894,0.95912,1.00,1.00
2016.05.01 23:11:35.049,0.95893,0.95912,1.00,1.50
2016.05.01 23:11:36.422,0.95894,0.95912,1.00,1.00
2016.05.01 23:11:36.726,0.95892,0.95912,1.00,1.00
2016.05.01 23:11:41.626,0.95894,0.95912,1.00,1.00
2016.05.01 23:11:46.640,0.95893,0.95912,1.00,1.50
2016.05.01 23:11:48.724,0.95893,0.9591,1.00,1.00
2016.05.01 23:11:49.232,0.95892,0.9591,1.00,1.00
2016.05.01 23:12:01.112,0.95892,0.95911,1.12,1.00
2016.05.01 23:12:01.417,0.95894,0.95912,1.00,1.00
2016.05.01 23:12:09.201,0.95898,0.95913,1.00,1.00
2016.05.01 23:12:09.260,0.95898,0.95915,1.00,1.00
2016.05.01 23:12:09.311,0.959,0.95916,1.00,1.00
2016.05.01 23:12:09.362,0.95901,0.95918,1.00,1.00
2016.05.01 23:12:09.871,0.95902,0.95918,1.00,1.00
2016.05.01 23:12:10.399,0.95901,0.95918,1.50,1.00
2016.05.01 23:12:14.918,0.95901,0.95919,1.50,1.00
2016.05.01 23:12:15.427,0.95901,0.95918,1.00,1.00
2016.05.01 23:12:15.930,0.95901,0.95919,1.00,1.50
2016.05.01 23:12:24.469,0.95902,0.95919,1.00,1.00
2016.05.01 23:12:25.116,0.95902,0.95921,1.00,1.00
2016.05.01 23:12:25.167,0.95904,0.95922,1.00,1.00
2016.05.01 23:12:25.270,0.95906,0.95925,1.00,1.00
2016.05.01 23:12:27.495,0.95904,0.95925,1.00,1.00
2016.05.01 23:12:27.698,0.95906,0.95925,1.00,1.00
2016.05.01 23:12:28.919,0.95907,0.95925,1.00,1.00
2016.05.01 23:12:29.228,0.95911,0.95929,1.50,1.00
2016.05.01 23:12:31.442,0.95911,0.95928,1.00,1.00
2016.05.01 23:12:31.682,0.95903,0.95922,1.50,1.00
2016.05.01 23:12:32.191,0.95904,0.95923,1.00,1.00
2016.05.01 23:12:32.730,0.95905,0.95924,1.00,1.00
2016.05.01 23:12:42.822,0.95906,0.95925,1.00,1.00
2016.05.01 23:12:43.313,0.95904,0.95925,1.50,1.00
2016.05.01 23:12:44.903,0.95908,0.95927,1.00,2.25
2016.05.01 23:12:45.254,0.95911,0.95927,1.00,1.50
2016.05.01 23:12:45.305,0.95905,0.95924,1.50,1.00
2016.05.01 23:12:46.226,0.95903,0.95921,1.00,1.00
2016.05.01 23:12:46.409,0.95901,0.9592,1.00,1.00
2016.05.01 23:12:46.918,0.95901,0.95919,1.00,1.00
2016.05.01 23:12:47.326,0.95902,0.95921,1.00,1.00
2016.05.01 23:12:47.482,0.95904,0.95923,1.00,1.00
2016.05.01 23:12:47.993,0.95904,0.95925,1.00,1.00
2016.05.01 23:12:49.482,0.95906,0.95925,1.00,1.00
2016.05.01 23:12:49.787,0.95911,0.95928,1.00,1.00
2016.05.01 23:12:51.420,0.95908,0.95927,1.00,1.50
2016.05.01 23:12:51.523,0.95906,0.95925,1.00,1.00
2016.05.01 23:12:54.014,0.95905,0.95924,1.00,1.50
2016.05.01 23:12:54.527,0.95904,0.95923,1.00,1.00
2016.05.01 23:13:16.034,0.95903,0.95922,1.00,1.00
2016.05.01 23:13:16.450,0.95901,0.9592,1.00,2.25
2016.05.01 23:13:16.857,0.95903,0.95919,1.00,1.00
2016.05.01 23:13:16.909,0.95903,0.95922,1.00,1.50
2016.05.01 23:13:17.113,0.95903,0.95919,1.00,1.00
2016.05.01 23:13:17.629,0.95902,0.95919,1.00,1.00
2016.05.01 23:13:17.884,0.95899,0.95918,1.00,2.25
2016.05.01 23:13:17.935,0.95895,0.95914,2.62,1.00
2016.05.01 23:13:18.444,0.95896,0.95915,1.00,1.00
2016.05.01 23:13:19.047,0.95895,0.95914,1.25,1.00
2016.05.01 23:13:19.775,0.95896,0.95914,1.25,1.00
2016.05.01 23:13:19.877,0.95897,0.95916,1.00,1.00
2016.05.01 23:13:20.382,0.95896,0.95915,1.69,1.00
2016.05.01 23:13:20.895,0.95896,0.95914,1.25,1.00
2016.05.01 23:13:21.048,0.95897,0.95916,1.00,1.00
2016.05.01 23:13:24.672,0.95897,0.95915,1.00,1.00
2016.05.01 23:13:25.179,0.95897,0.95916,1.50,1.00
2016.05.01 23:13:27.125,0.95897,0.95915,1.50,1.00
2016.05.01 23:13:27.227,0.95897,0.95912,1.00,1.00
2016.05.01 23:13:27.279,0.95893,0.95911,1.00,1.50
2016.05.01 23:13:27.816,0.95892,0.95911,1.50,1.00
2016.05.01 23:13:28.327,0.95892,0.9591,1.50,1.00
2016.05.01 23:13:30.011,0.95893,0.9591,1.00,1.00
2016.05.01 23:13:31.791,0.95892,0.9591,1.50,1.00
2016.05.01 23:13:35.083,0.95891,0.9591,1.50,1.50
2016.05.01 23:13:35.592,0.95892,0.9591,1.00,1.00
2016.05.01 23:13:36.580,0.95891,0.9591,1.00,1.00
2016.05.01 23:13:37.847,0.95892,0.9591,1.00,1.00
2016.05.01 23:13:39.086,0.95893,0.9591,1.00,1.00
2016.05.01 23:13:39.603,0.95894,0.9591,1.00,1.00
2016.05.01 23:13:40.415,0.95893,0.9591,1.00,1.00
2016.05.01 23:13:42.160,0.95894,0.9591,1.00,1.00
2016.05.01 23:13:45.119,0.95895,0.9591,1.00,1.00
2016.05.01 23:13:45.768,0.95894,0.9591,1.00,1.00
2016.05.01 23:13:46.276,0.95893,0.9591,1.00,1.00
2016.05.01 23:13:47.773,0.95892,0.9591,1.00,1.00
2016.05.01 23:13:48.415,0.95891,0.9591,1.50,1.50
2016.05.01 23:13:48.466,0.95893,0.9591,1.00,1.50
2016.05.01 23:13:48.974,0.95892,0.9591,1.00,1.00
2016.05.01 23:13:49.561,0.95891,0.9591,1.50,1.00
2016.05.01 23:13:50.076,0.95892,0.95911,1.50,1.50
2016.05.01 23:13:51.282,0.95893,0.95911,1.00,1.50
2016.05.01 23:13:52.275,0.95894,0.95911,1.00,1.50
2016.05.01 23:13:53.185,0.95895,0.95911,1.00,1.50
2016.05.01 23:13:54.228,0.95896,0.95911,1.00,1.00
2016.05.01 23:13:54.538,0.95894,0.95911,1.00,1.00
2016.05.01 23:13:54.844,0.95892,0.95911,1.50,2.25
2016.05.01 23:13:54.946,0.95892,0.95909,1.50,1.00
2016.05.01 23:13:54.999,0.9589,0.95909,1.00,1.50
2016.05.01 23:13:55.218,0.9589,0.95906,1.00,1.00
2016.05.01 23:13:55.730,0.9589,0.95905,1.00,1.00
2016.05.01 23:13:56.245,0.9589,0.95906,1.00,1.00
2016.05.01 23:13:56.842,0.95891,0.95906,1.00,1.00
2016.05.01 23:13:57.373,0.9589,0.95906,1.00,1.00
2016.05.01 23:13:57.908,0.95891,0.95906,1.00,1.00
2016.05.01 23:13:59.958,0.9589,0.95906,1.00,1.00
2016.05.01 23:14:00.994,0.9589,0.95907,1.00,1.00
2016.05.01 23:14:02.766,0.95891,0.95907,1.00,1.00
2016.05.01 23:14:04.330,0.95891,0.95906,1.00,1.00
2016.05.01 23:14:04.787,0.95888,0.95906,1.00,1.00
2016.05.01 23:14:05.084,0.9589,0.95907,1.00,1.00
2016.05.01 23:14:05.592,0.95891,0.95907,1.00,1.00
2016.05.01 23:14:06.115,0.95891,0.95906,1.00,1.00
2016.05.01 23:14:06.403,0.95889,0.95906,1.00,1.00
2016.05.01 23:14:06.809,0.95889,0.95908,1.00,1.00
2016.05.01 23:14:07.771,0.95891,0.95908,1.00,1.00
2016.05.01 23:14:08.784,0.95892,0.95908,1.00,1.00
2016.05.01 23:14:09.310,0.95892,0.95907,1.00,1.00
2016.05.01 23:14:09.832,0.95892,0.95908,1.00,1.00
2016.05.01 23:14:10.336,0.95893,0.95908,1.00,1.00
2016.05.01 23:14:11.412,0.95894,0.95908,1.00,1.00
2016.05.01 23:14:13.214,0.95893,0.95907,1.00,1.00
2016.05.01 23:14:13.740,0.95893,0.95908,1.00,1.00
2016.05.01 23:14:14.119,0.95891,0.95907,1.00,1.00
2016.05.01 23:14:15.632,0.95892,0.95907,1.00,1.00
2016.05.01 23:14:16.936,0.95892,0.9591,1.50,1.00
2016.05.01 23:14:17.461,0.95893,0.95911,1.00,1.50
2016.05.01 23:14:18.038,0.95892,0.95911,1.00,1.50
2016.05.01 23:14:18.736,0.95893,0.95911,1.00,1.00
2016.05.01 23:14:20.444,0.95895,0.95911,1.00,1.00
2016.05.01 23:14:21.425,0.95896,0.95911,1.00,1.00
2016.05.01 23:14:23.515,0.95895,0.95911,1.00,1.00
2016.05.01 23:14:24.451,0.95896,0.95912,1.00,1.50
2016.05.01 23:14:27.528,0.95897,0.95912,1.00,1.50
2016.05.01 23:14:28.628,0.95896,0.95912,1.00,1.50
2016.05.01 23:14:30.338,0.95896,0.95913,1.50,1.00
2016.05.01 23:14:30.390,0.95896,0.95915,1.50,1.00
2016.05.01 23:14:30.948,0.95897,0.95916,1.00,1.00
2016.05.01 23:14:37.080,0.95898,0.95916,1.00,1.00
2016.05.01 23:14:38.006,0.95897,0.95916,1.50,1.00
2016.05.01 23:14:40.053,0.95898,0.95916,1.00,1.00
2016.05.01 23:14:40.597,0.95897,0.95916,1.00,1.00
2016.05.01 23:14:49.326,0.95898,0.95916,1.00,1.00
2016.05.01 23:14:55.217,0.95898,0.95917,1.00,1.00
2016.05.01 23:14:55.937,0.95897,0.95917,1.00,1.00
2016.05.01 23:14:57.906,0.95898,0.95917,1.00,1.00
2016.05.01 23:14:59.363,0.95898,0.95918,1.00,1.00
2016.05.01 23:15:01.114,0.95897,0.95918,1.00,1.00
2016.05.01 23:15:01.623,0.95897,0.95917,1.50,1.00
2016.05.01 23:15:02.132,0.95898,0.95918,1.00,1.00
2016.05.01 23:15:03.203,0.95898,0.95917,1.00,1.00
2016.05.01 23:15:04.659,0.95897,0.95917,1.00,1.00
2016.05.01 23:15:05.176,0.95897,0.95916,1.00,1.00
2016.05.01 23:15:06.030,0.95896,0.95916,1.00,1.00
2016.05.01 23:15:06.539,0.95894,0.95915,1.00,1.00
2016.05.01 23:15:07.210,0.95896,0.95915,1.00,1.00
2016.05.01 23:15:09.495,0.95895,0.95914,1.00,1.00
2016.05.01 23:15:10.032,0.95894,0.95913,1.12,1.00
2016.05.01 23:15:13.280,0.95895,0.95914,1.00,1.00
2016.05.01 23:15:13.920,0.95894,0.95913,1.00,1.00
2016.05.01 23:15:14.124,0.95895,0.95916,1.00,1.00
2016.05.01 23:15:14.278,0.95894,0.95913,1.00,1.00
2016.05.01 23:15:14.789,0.95895,0.95914,1.00,1.00
2016.05.01 23:15:15.307,0.95894,0.95913,1.00,1.00
2016.05.01 23:15:15.823,0.95893,0.95912,1.00,1.00
2016.05.01 23:15:16.500,0.95894,0.95913,1.00,1.00
2016.05.01 23:15:17.002,0.95893,0.95912,1.00,1.00
2016.05.01 23:15:17.552,0.95894,0.95913,1.00,1.00
2016.05.01 23:15:18.081,0.95893,0.95912,1.12,1.00
2016.05.01 23:15:18.589,0.95894,0.95913,1.00,1.00
2016.05.01 23:15:19.526,0.95893,0.95912,1.00,1.00
2016.05.01 23:15:20.033,0.95894,0.95913,1.00,1.00
2016.05.01 23:15:20.895,0.95893,0.95912,1.00,1.00
2016.05.01 23:15:21.199,0.95895,0.95914,1.00,1.00
2016.05.01 23:15:21.403,0.95893,0.95914,1.00,1.00
2016.05.01 23:15:31.287,0.95894,0.95914,1.00,1.00
2016.05.01 23:15:31.806,0.95895,0.95914,1.00,1.00
2016.05.01 23:15:33.614,0.95894,0.95913,1.00,1.00
2016.05.01 23:15:33.926,0.95896,0.95914,1.00,1.00
2016.05.01 23:15:34.437,0.95895,0.95914,1.00,1.50
2016.05.01 23:15:34.945,0.95896,0.95914,1.00,1.00
2016.05.01 23:15:35.546,0.95895,0.95914,1.00,1.50
2016.05.01 23:15:36.112,0.95894,0.95913,1.00,1.00
2016.05.01 23:15:36.735,0.95893,0.95912,1.00,1.00
2016.05.01 23:15:37.039,0.95896,0.95914,1.00,1.00
2016.05.01 23:15:37.547,0.95895,0.95914,1.00,1.50
2016.05.01 23:15:42.337,0.95894,0.95913,1.00,1.00
2016.05.01 23:15:42.951,0.95895,0.95914,1.00,1.50
2016.05.01 23:15:43.459,0.95896,0.95914,1.00,1.00
2016.05.01 23:15:44.032,0.95897,0.95914,1.00,1.00
2016.05.01 23:15:44.237,0.95895,0.95914,1.50,1.00
2016.05.01 23:15:58.274,0.95896,0.95914,1.00,1.00
2016.05.01 23:16:00.529,0.95895,0.95914,1.00,1.50
2016.05.01 23:16:03.486,0.95894,0.95912,1.00,1.00
2016.05.01 23:16:03.791,0.95888,0.95907,1.50,1.00
2016.05.01 23:16:04.390,0.95887,0.95906,1.00,1.00
2016.05.01 23:16:08.069,0.95886,0.95905,1.00,1.00
2016.05.01 23:16:12.470,0.95885,0.95904,1.00,1.00
2016.05.01 23:16:13.217,0.95886,0.95905,1.00,1.00
2016.05.01 23:16:14.195,0.95885,0.95904,1.00,1.00
2016.05.01 23:16:22.390,0.95886,0.95905,1.00,1.50
2016.05.01 23:16:23.305,0.95885,0.95904,1.00,1.00
2016.05.01 23:16:24.798,0.95884,0.95903,1.00,1.00
2016.05.01 23:16:25.306,0.95886,0.95904,1.00,1.00
2016.05.01 23:16:26.009,0.95885,0.95904,1.00,1.50
2016.05.01 23:16:26.712,0.95884,0.95903,1.00,1.00
2016.05.01 23:16:27.118,0.95886,0.95904,1.00,1.00
2016.05.01 23:16:27.423,0.95884,0.95904,1.00,1.00
2016.05.01 23:16:29.309,0.95886,0.95904,1.00,1.00
2016.05.01 23:16:33.024,0.95887,0.95904,1.00,1.00
2016.05.01 23:16:33.333,0.95885,0.95904,1.00,1.50
2016.05.01 23:16:34.080,0.95886,0.95904,1.00,1.00
2016.05.01 23:16:34.597,0.95887,0.95904,1.00,1.00
2016.05.01 23:16:35.129,0.95886,0.95904,1.00,1.00
2016.05.01 23:16:45.304,0.95887,0.95904,1.00,1.00
2016.05.01 23:16:48.162,0.95886,0.95904,1.00,1.00
2016.05.01 23:16:48.680,0.95887,0.95904,1.00,1.00
2016.05.01 23:16:49.212,0.95886,0.95904,1.00,1.00
2016.05.01 23:16:49.734,0.95887,0.95904,1.00,1.00
2016.05.01 23:16:50.368,0.95886,0.95904,1.00,1.00
2016.05.01 23:16:51.370,0.95885,0.95904,1.00,1.50
2016.05.01 23:16:55.112,0.95884,0.95903,1.00,1.00
2016.05.01 23:16:55.621,0.95886,0.95905,1.00,1.00
2016.05.01 23:16:56.132,0.95885,0.95904,1.00,1.00
2016.05.01 23:16:56.991,0.95886,0.95905,1.00,1.00
2016.05.01 23:16:57.296,0.95884,0.95905,1.00,1.00
2016.05.01 23:17:04.369,0.95884,0.95903,1.00,1.00
2016.05.01 23:17:04.675,0.95882,0.95898,1.00,1.00
2016.05.01 23:17:05.211,0.95883,0.95898,1.00,1.00
2016.05.01 23:17:05.770,0.95883,0.95897,1.00,1.00
2016.05.01 23:17:05.821,0.9588,0.95897,1.00,1.00
2016.05.01 23:17:05.923,0.95877,0.95896,1.50,1.50
2016.05.01 23:17:06.522,0.95876,0.95895,1.00,1.00
2016.05.01 23:17:07.632,0.95876,0.95894,1.00,1.00
2016.05.01 23:17:08.155,0.95875,0.95894,1.00,1.00
2016.05.01 23:17:10.839,0.95876,0.95894,1.00,1.00
2016.05.01 23:17:15.427,0.95875,0.95894,1.00,1.50
2016.05.01 23:17:18.914,0.95876,0.95894,1.00,1.00
2016.05.01 23:17:22.362,0.95877,0.95894,1.00,1.00
2016.05.01 23:17:26.923,0.95878,0.95894,1.00,1.00
2016.05.01 23:17:28.188,0.95877,0.95894,1.50,1.00
2016.05.01 23:17:34.949,0.95876,0.95894,1.00,1.00
2016.05.01 23:17:35.751,0.95877,0.95894,1.00,1.00
2016.05.01 23:17:36.557,0.95876,0.95894,1.00,1.00
2016.05.01 23:17:37.064,0.95875,0.95894,1.00,1.50
2016.05.01 23:17:37.591,0.95876,0.95894,1.00,1.00
2016.05.01 23:17:38.758,0.95875,0.95894,1.00,1.50
2016.05.01 23:17:42.070,0.95874,0.95893,1.50,1.00
2016.05.01 23:17:42.572,0.95873,0.95892,1.50,1.00
2016.05.01 23:17:43.557,0.95874,0.95893,1.00,1.00
2016.05.01 23:17:52.055,0.95874,0.95894,1.50,1.00
2016.05.01 23:17:52.106,0.95874,0.95892,1.50,1.00
2016.05.01 23:17:52.792,0.95873,0.95892,1.87,1.00
2016.05.01 23:17:53.354,0.95874,0.95892,1.00,1.00
2016.05.01 23:17:53.903,0.95875,0.95892,1.00,1.00
2016.05.01 23:18:02.173,0.95875,0.95893,1.00,1.00
2016.05.01 23:18:33.396,0.95874,0.95893,1.12,1.50
2016.05.01 23:18:43.196,0.95875,0.95893,1.00,1.00
2016.05.01 23:18:45.474,0.95874,0.95893,1.12,1.50
2016.05.01 23:19:04.318,0.95874,0.95892,1.12,1.00
2016.05.01 23:19:14.290,0.95874,0.95893,1.87,1.50
2016.05.01 23:19:16.370,0.95874,0.95892,1.12,1.00
2016.05.01 23:19:18.970,0.95874,0.95891,1.00,1.00
2016.05.01 23:19:19.501,0.95873,0.95891,1.50,1.00
2016.05.01 23:19:22.309,0.95873,0.95892,2.25,1.00
2016.05.01 23:19:22.859,0.95874,0.95893,1.00,1.50
2016.05.01 23:19:29.983,0.95873,0.95892,2.25,1.00
2016.05.01 23:19:30.987,0.95874,0.95893,1.00,1.00
2016.05.01 23:19:41.215,0.95875,0.95894,1.00,1.00
2016.05.01 23:19:45.336,0.95874,0.95893,1.12,1.00
2016.05.01 23:19:48.024,0.95873,0.95892,2.25,1.00
2016.05.01 23:19:48.530,0.95874,0.95895,1.12,1.50
2016.05.01 23:19:48.938,0.95873,0.95892,2.25,1.00
2016.05.01 23:19:49.469,0.95874,0.95893,1.12,1.00
2016.05.01 23:19:49.825,0.95873,0.95891,1.50,1.00
2016.05.01 23:19:50.231,0.95872,0.95888,1.50,1.00
2016.05.01 23:19:50.282,0.95872,0.95888,1.12,1.50
2016.05.01 23:19:50.334,0.95868,0.95886,1.37,1.00
2016.05.01 23:19:50.464,0.95865,0.95883,1.75,1.00
2016.05.01 23:19:50.515,0.95865,0.95883,1.12,1.00
2016.05.01 23:19:51.245,0.95864,0.95885,1.50,1.00
2016.05.01 23:19:53.740,0.95864,0.95883,1.87,1.37
2016.05.01 23:19:53.995,0.95857,0.95875,1.12,1.00
2016.05.01 23:19:54.047,0.95857,0.95873,1.12,1.00
2016.05.01 23:19:54.419,0.95865,0.95883,1.00,2.62
2016.05.01 23:19:55.130,0.95865,0.95882,1.00,1.00
2016.05.01 23:19:55.738,0.95865,0.95883,1.00,3.00
2016.05.01 23:19:56.596,0.95865,0.95881,1.00,1.00
2016.05.01 23:19:58.350,0.95865,0.95882,1.00,1.25
2016.05.01 23:19:58.897,0.95865,0.95883,1.00,1.50
2016.05.01 23:20:02.608,0.95866,0.95883,1.00,1.50
2016.05.01 23:20:04.054,0.95867,0.95883,1.00,1.50
2016.05.01 23:20:05.637,0.95866,0.95883,1.00,1.50
2016.05.01 23:20:08.354,0.95867,0.95883,1.00,1.50
2016.05.01 23:20:08.864,0.95867,0.95882,1.00,1.00
2016.05.01 23:20:09.303,0.95865,0.95882,1.87,1.00
2016.05.01 23:20:17.488,0.95866,0.95882,1.00,1.00
2016.05.01 23:20:18.344,0.95866,0.95883,1.00,1.00
2016.05.01 23:20:18.498,0.95867,0.95884,1.37,1.00
2016.05.01 23:20:19.034,0.95866,0.95884,1.50,1.00
2016.05.01 23:20:20.210,0.95865,0.95884,1.50,1.00
2016.05.01 23:20:20.667,0.95865,0.95878,1.50,1.00
2016.05.01 23:20:20.770,0.95863,0.95878,1.37,1.50
2016.05.01 23:20:20.872,0.95862,0.95876,1.50,1.00
2016.05.01 23:20:21.178,0.95864,0.95878,1.12,1.00
2016.05.01 23:20:21.332,0.95865,0.95876,1.00,1.00
2016.05.01 23:20:21.465,0.95863,0.95876,1.00,1.00
2016.05.01 23:20:21.517,0.95865,0.95879,1.00,1.00
2016.05.01 23:20:21.568,0.95865,0.95877,1.00,1.00
2016.05.01 23:20:21.619,0.95863,0.95876,1.00,1.00
2016.05.01 23:20:21.670,0.95859,0.95876,1.37,1.00
2016.05.01 23:20:21.722,0.95865,0.95877,1.00,1.00
2016.05.01 23:20:21.773,0.95863,0.95877,1.00,1.00
2016.05.01 23:20:21.875,0.95858,0.95877,1.75,1.00
2016.05.01 23:20:21.926,0.95858,0.95874,1.12,1.00
2016.05.01 23:20:22.978,0.95858,0.95876,1.00,1.00
2016.05.01 23:20:23.081,0.9586,0.95877,1.12,1.00
2016.05.01 23:20:23.287,0.95867,0.95885,1.50,1.00
2016.05.01 23:20:23.389,0.95869,0.95885,1.00,1.00
2016.05.01 23:20:25.093,0.95867,0.95885,1.12,1.00
2016.05.01 23:20:25.896,0.95868,0.95885,1.00,1.00
2016.05.01 23:20:26.425,0.95865,0.95885,1.75,1.00
2016.05.01 23:20:27.744,0.95866,0.95885,1.12,1.50
2016.05.01 23:20:28.404,0.95867,0.95885,1.00,1.00
2016.05.01 23:20:28.909,0.95868,0.95885,1.00,1.00
2016.05.01 23:20:29.707,0.95869,0.95885,1.00,1.00
2016.05.01 23:20:30.722,0.9587,0.95885,1.00,1.00
2016.05.01 23:20:34.875,0.95869,0.95885,1.50,1.00
2016.05.01 23:20:36.772,0.9587,0.95885,1.00,1.00
2016.05.01 23:20:39.123,0.9587,0.95885,1.00,1.69
2016.05.01 23:20:39.225,0.9587,0.95885,1.00,1.00
2016.05.01 23:20:39.327,0.95868,0.95885,1.00,1.00
2016.05.01 23:20:40.220,0.95869,0.95885,1.00,1.00
2016.05.01 23:20:40.728,0.95868,0.95885,1.00,1.00
2016.05.01 23:20:41.622,0.95869,0.95885,1.00,1.00
2016.05.01 23:20:42.432,0.95867,0.95885,1.50,1.00
2016.05.01 23:20:42.954,0.95868,0.95885,1.12,1.00
2016.05.01 23:20:43.898,0.95869,0.95885,1.00,1.00
2016.05.01 23:20:44.744,0.9587,0.95885,1.00,1.00
2016.05.01 23:20:46.666,0.95871,0.95885,1.00,1.00
2016.05.01 23:20:47.842,0.9587,0.95885,1.50,1.00
2016.05.01 23:20:48.386,0.95871,0.95885,1.00,1.00
2016.05.01 23:20:48.928,0.9587,0.95885,1.50,1.00
2016.05.01 23:20:49.571,0.95871,0.95885,1.00,1.00
2016.05.01 23:20:58.516,0.9587,0.95885,1.50,1.00
2016.05.01 23:21:08.968,0.95869,0.95885,1.00,1.00
2016.05.01 23:21:09.121,0.95867,0.95885,1.50,1.00
2016.05.01 23:21:10.425,0.95869,0.95885,1.00,1.00
2016.05.01 23:21:10.696,0.95867,0.95885,1.00,1.00
2016.05.01 23:21:11.906,0.95866,0.95885,1.00,1.50
2016.05.01 23:21:12.313,0.95868,0.95885,1.00,1.00
2016.05.01 23:21:12.797,0.95864,0.95883,2.62,1.00
2016.05.01 23:21:12.901,0.95866,0.95885,1.00,1.50
2016.05.01 23:21:14.028,0.95867,0.95885,1.00,1.00
2016.05.01 23:21:14.530,0.95866,0.95885,1.00,1.50
2016.05.01 23:21:15.072,0.95865,0.95884,1.50,1.00
2016.05.01 23:21:15.664,0.95866,0.95885,1.00,1.50
2016.05.01 23:21:21.021,0.95865,0.95884,1.50,1.00
2016.05.01 23:21:21.529,0.95866,0.95885,1.00,1.50
2016.05.01 23:21:23.452,0.95865,0.95884,1.00,1.00
2016.05.01 23:21:23.503,0.95865,0.95882,1.00,1.00
2016.05.01 23:21:23.554,0.95862,0.95881,1.87,1.00
2016.05.01 23:21:24.830,0.95863,0.95882,1.00,1.50
2016.05.01 23:21:25.338,0.95864,0.95882,1.00,1.00
2016.05.01 23:21:25.875,0.95863,0.95882,1.00,1.50
2016.05.01 23:21:30.059,0.95865,0.95882,1.00,1.50
2016.05.01 23:21:31.671,0.95863,0.95882,1.00,1.50
2016.05.01 23:21:32.215,0.95864,0.95882,1.00,1.00
2016.05.01 23:21:32.801,0.95865,0.95882,1.00,1.00
2016.05.01 23:21:35.555,0.95865,0.95881,1.00,1.00
2016.05.01 23:21:36.868,0.95865,0.95882,1.00,1.50
2016.05.01 23:21:52.959,0.95864,0.95882,1.50,1.00
2016.05.01 23:21:53.472,0.95865,0.95882,1.00,1.00
2016.05.01 23:21:54.014,0.95864,0.95883,1.50,1.50
2016.05.01 23:21:54.167,0.95865,0.95881,1.00,1.00
2016.05.01 23:21:56.697,0.95864,0.95883,1.12,1.50
2016.05.01 23:21:57.214,0.95865,0.95883,1.12,1.00
2016.05.01 23:22:00.681,0.95869,0.95884,1.00,1.00
2016.05.01 23:22:00.733,0.95869,0.95888,1.12,3.00
2016.05.01 23:22:00.784,0.95871,0.95888,1.12,1.87
2016.05.01 23:22:00.886,0.95872,0.9589,1.00,1.00
2016.05.01 23:22:01.274,0.95869,0.95888,1.87,1.00
2016.05.01 23:22:01.630,0.95868,0.95887,1.12,1.50
2016.05.01 23:22:02.975,0.95869,0.95887,1.00,1.00
2016.05.01 23:22:03.688,0.95868,0.95887,1.12,1.50
2016.05.01 23:22:04.195,0.95869,0.95887,1.00,1.00
2016.05.01 23:22:04.715,0.95868,0.95887,1.12,1.50
2016.05.01 23:22:05.223,0.95869,0.95887,1.00,1.00
2016.05.01 23:22:11.696,0.95869,0.95888,1.00,1.50
2016.05.01 23:22:15.341,0.95868,0.95887,1.12,1.00
2016.05.01 23:22:15.870,0.95867,0.95886,1.50,1.00
2016.05.01 23:22:16.399,0.95868,0.95887,1.12,1.00
2016.05.01 23:22:16.925,0.95867,0.95886,1.87,1.00
2016.05.01 23:22:17.062,0.95869,0.95888,1.00,1.50
2016.05.01 23:22:17.604,0.95868,0.95887,1.50,1.00
2016.05.01 23:22:19.226,0.95868,0.95887,1.50,1.00
2016.05.01 23:22:19.733,0.95868,0.95887,1.12,1.00
2016.05.01 23:22:20.377,0.95869,0.95888,1.00,1.50
2016.05.01 23:22:20.884,0.95868,0.95887,1.50,1.00
2016.05.01 23:22:21.544,0.95869,0.95888,1.00,1.50
2016.05.01 23:22:21.963,0.95868,0.95886,1.00,1.00
2016.05.01 23:22:22.471,0.95866,0.95885,2.25,1.00
2016.05.01 23:22:36.559,0.95867,0.95885,1.00,1.00
2016.05.01 23:22:48.694,0.95867,0.95886,1.87,1.00
2016.05.01 23:22:53.786,0.95867,0.95885,1.00,1.00
2016.05.01 23:22:54.395,0.95867,0.95884,1.00,1.00
2016.05.01 23:22:54.903,0.95867,0.95885,1.00,1.00
2016.05.01 23:22:58.605,0.95865,0.95884,2.62,1.00
2016.05.01 23:23:06.479,0.95865,0.95883,1.12,1.00
2016.05.01 23:23:06.986,0.95865,0.95884,1.87,1.00
2016.05.01 23:23:16.623,0.95865,0.95884,2.25,1.00
2016.05.01 23:23:21.852,0.95866,0.95885,1.12,1.00
2016.05.01 23:23:22.371,0.95865,0.95884,1.50,1.00
2016.05.01 23:23:22.954,0.95866,0.95885,1.12,1.00
2016.05.01 23:23:25.542,0.95865,0.95884,1.50,1.00
2016.05.01 23:23:26.167,0.95866,0.95885,1.12,1.00
2016.05.01 23:23:33.879,0.95865,0.95884,1.87,1.00
2016.05.01 23:23:36.553,0.95865,0.95884,1.87,1.00
2016.05.01 23:23:41.654,0.95865,0.95884,1.50,1.00
2016.05.01 23:23:54.888,0.95866,0.95885,1.87,1.00
2016.05.01 23:24:03.900,0.95867,0.95886,1.12,1.50
2016.05.01 23:24:07.516,0.95866,0.95885,1.50,1.00
2016.05.01 23:24:09.466,0.95868,0.95886,1.00,1.00
2016.05.01 23:24:13.139,0.95867,0.95886,1.12,1.50
2016.05.01 23:24:13.646,0.95868,0.95886,1.00,1.00
2016.05.01 23:24:16.906,0.95868,0.95887,1.00,1.50
2016.05.01 23:24:18.490,0.95866,0.95887,1.50,1.50
2016.05.01 23:24:18.796,0.95866,0.95885,1.50,1.00
2016.05.01 23:24:19.297,0.95867,0.95886,1.12,1.00
2016.05.01 23:24:21.979,0.95868,0.95887,1.00,1.50
2016.05.01 23:24:27.374,0.95868,0.95886,1.00,1.00
2016.05.01 23:24:38.912,0.95867,0.95886,1.00,1.50
2016.05.01 23:24:50.118,0.95868,0.95886,1.00,1.00
2016.05.01 23:24:54.498,0.95867,0.95886,1.00,1.50
2016.05.01 23:25:04.482,0.95868,0.95886,1.00,1.00
2016.05.01 23:25:07.480,0.95867,0.95886,1.00,1.50
2016.05.01 23:25:18.707,0.95868,0.95886,1.00,1.00
2016.05.01 23:25:20.014,0.95867,0.95886,1.12,1.50
2016.05.01 23:25:49.922,0.95866,0.95885,1.50,1.00
2016.05.01 23:25:50.462,0.95867,0.95886,1.12,1.50
2016.05.01 23:25:50.972,0.95868,0.95886,1.00,1.00
2016.05.01 23:25:59.647,0.95867,0.95886,1.00,1.00
2016.05.01 23:26:00.267,0.95868,0.95886,1.00,1.00
2016.05.01 23:26:01.029,0.95867,0.95886,1.00,1.00
2016.05.01 23:26:02.771,0.95868,0.95886,1.00,1.00
2016.05.01 23:26:39.702,0.95867,0.95886,1.00,1.50
2016.05.01 23:26:40.212,0.95868,0.95886,1.00,1.00
2016.05.01 23:26:40.730,0.95867,0.95886,1.00,1.50
2016.05.01 23:26:41.249,0.95868,0.95886,1.00,1.00
2016.05.01 23:26:41.783,0.95868,0.95887,1.00,1.00
2016.05.01 23:26:42.189,0.95866,0.95885,1.50,1.00
2016.05.01 23:26:42.739,0.95867,0.95886,1.12,1.00
2016.05.01 23:26:43.258,0.95868,0.95887,1.00,1.00
2016.05.01 23:26:43.842,0.95867,0.95888,1.12,1.50
2016.05.01 23:26:49.420,0.95867,0.95886,1.12,1.00
2016.05.01 23:26:54.924,0.95866,0.95885,1.50,1.00
2016.05.01 23:26:55.494,0.95866,0.95885,1.12,1.00
2016.05.01 23:26:56.025,0.95867,0.95886,1.12,1.00
2016.05.01 23:26:56.532,0.95866,0.95885,1.50,1.00
2016.05.01 23:27:01.571,0.95865,0.95884,2.62,1.00
2016.05.01 23:27:02.083,0.95866,0.95885,1.00,1.00
2016.05.01 23:27:02.687,0.95865,0.95884,1.87,1.00
2016.05.01 23:27:06.565,0.95865,0.95886,1.87,1.00
2016.05.01 23:27:07.497,0.95865,0.95886,2.62,1.00
2016.05.01 23:27:07.650,0.95865,0.95884,3.00,1.00
2016.05.01 23:27:08.257,0.95866,0.95885,1.12,1.00
2016.05.01 23:27:08.788,0.95865,0.95884,3.00,1.00
2016.05.01 23:27:09.551,0.95866,0.95885,1.12,1.00
2016.05.01 23:27:36.609,0.95866,0.95885,1.50,1.00
2016.05.01 23:28:04.349,0.95867,0.95886,1.12,1.00
2016.05.01 23:28:07.539,0.95866,0.95885,1.50,1.00
2016.05.01 23:28:09.601,0.95866,0.95887,1.50,1.12
2016.05.01 23:28:10.372,0.95866,0.95885,1.50,1.00
2016.05.01 23:28:10.903,0.95867,0.95886,1.12,1.00
2016.05.01 23:28:13.241,0.9587,0.95889,1.00,3.00
2016.05.01 23:28:13.444,0.95868,0.95887,1.50,1.00
2016.05.01 23:28:13.990,0.95867,0.95886,1.50,1.00
2016.05.01 23:28:19.455,0.95868,0.95887,1.00,1.00
2016.05.01 23:28:19.991,0.95867,0.95886,1.50,1.00
2016.05.01 23:28:21.268,0.95867,0.95886,1.50,1.00
2016.05.01 23:28:21.867,0.95868,0.95887,1.12,1.00
2016.05.01 23:28:33.285,0.95869,0.95888,1.00,1.00
2016.05.01 23:28:33.803,0.95868,0.95887,1.00,1.00
2016.05.01 23:28:43.766,0.95867,0.95886,1.12,1.00
2016.05.01 23:28:47.076,0.95867,0.95886,1.50,1.00
2016.05.01 23:28:47.584,0.95867,0.95886,1.50,1.00
2016.05.01 23:28:48.172,0.95867,0.95886,1.87,1.00
2016.05.01 23:28:48.579,0.95866,0.95883,1.37,1.00
2016.05.01 23:28:49.087,0.95866,0.95884,1.37,1.00
2016.05.01 23:28:49.290,0.95867,0.95886,1.50,1.50
2016.05.01 23:28:49.880,0.95867,0.95885,1.00,1.00
2016.05.01 23:28:50.388,0.95867,0.95886,1.12,1.50
2016.05.01 23:28:58.625,0.95866,0.95885,1.87,1.00
2016.05.01 23:28:58.992,0.95865,0.95883,1.87,1.00
2016.05.01 23:28:59.500,0.95866,0.95885,1.50,1.00
2016.05.01 23:29:05.991,0.95865,0.95884,3.00,1.00
2016.05.01 23:29:13.632,0.95866,0.95885,1.50,1.00
2016.05.01 23:29:16.586,0.95866,0.95885,1.50,1.00
2016.05.01 23:29:17.442,0.95865,0.95884,1.50,1.00
2016.05.01 23:29:22.233,0.95866,0.95885,1.50,1.00
2016.05.01 23:29:22.742,0.95866,0.95885,1.87,1.00
2016.05.01 23:29:23.277,0.95867,0.95886,1.12,1.50
2016.05.01 23:29:25.259,0.95866,0.95885,1.87,1.00
2016.05.01 23:29:25.766,0.95867,0.95886,1.12,1.50
2016.05.01 23:29:30.228,0.95866,0.95885,1.87,1.00
2016.05.01 23:29:30.735,0.95867,0.95886,1.12,1.50
2016.05.01 23:29:31.828,0.95866,0.95885,1.50,1.00
2016.05.01 23:29:37.590,0.95866,0.95885,1.12,1.00
2016.05.01 23:29:41.553,0.95865,0.95884,1.87,1.00
2016.05.01 23:29:42.062,0.95866,0.95885,1.50,1.00
2016.05.01 23:29:42.579,0.95866,0.95884,1.00,1.00
2016.05.01 23:29:43.098,0.95866,0.95885,1.50,1.00
2016.05.01 23:29:43.605,0.95865,0.95884,2.25,1.00
2016.05.01 23:29:44.112,0.95866,0.95885,1.12,1.00
2016.05.01 23:29:45.977,0.95867,0.95886,1.00,1.50
2016.05.01 23:29:46.555,0.95866,0.95885,1.50,1.00
2016.05.01 23:29:52.670,0.95867,0.95886,1.00,1.50
2016.05.01 23:29:55.629,0.95866,0.95885,1.50,1.00
2016.05.01 23:29:56.841,0.95866,0.95884,1.00,1.00
2016.05.01 23:29:57.361,0.95866,0.95885,1.50,1.00
2016.05.01 23:30:01.070,0.95867,0.95886,1.00,1.50
2016.05.01 23:30:07.992,0.95868,0.95887,1.00,1.00
2016.05.01 23:30:33.008,0.95867,0.95886,1.12,1.00
2016.05.01 23:30:33.555,0.95868,0.95887,1.00,1.00
2016.05.01 23:30:34.062,0.95867,0.95886,1.12,1.00
2016.05.01 23:30:34.593,0.95868,0.95887,1.00,1.00
2016.05.01 23:30:42.919,0.95868,0.95888,1.00,1.00
2016.05.01 23:30:43.431,0.95868,0.95887,1.00,1.00
2016.05.01 23:30:44.264,0.95868,0.95888,1.00,1.00
2016.05.01 23:30:44.806,0.95868,0.95887,1.00,1.00
2016.05.01 23:30:45.840,0.95869,0.95888,1.12,2.25
2016.05.01 23:30:45.942,0.95872,0.95891,1.00,2.25
2016.05.01 23:30:46.247,0.95875,0.95891,1.00,1.00
2016.05.01 23:31:16.711,0.95875,0.95892,1.00,1.50
2016.05.01 23:31:17.854,0.95875,0.95891,1.00,1.00
2016.05.01 23:31:18.391,0.95875,0.9589,1.00,1.00
2016.05.01 23:31:18.696,0.95875,0.95892,1.00,1.50
2016.05.01 23:31:19.204,0.95875,0.95891,1.00,1.50
2016.05.01 23:31:20.256,0.95875,0.9589,1.00,1.00
2016.05.01 23:31:20.612,0.95875,0.95892,1.00,1.50
2016.05.01 23:31:24.496,0.95875,0.95891,1.00,1.00
2016.05.01 23:31:26.306,0.95875,0.95892,1.00,2.25
2016.05.01 23:31:26.826,0.95875,0.95891,1.00,1.00
2016.05.01 23:31:31.199,0.95875,0.9589,1.00,1.00
2016.05.01 23:31:31.332,0.95869,0.95888,3.56,1.00
2016.05.01 23:31:31.485,0.95869,0.95886,1.00,1.00
2016.05.01 23:31:31.994,0.95867,0.95886,1.87,1.00
2016.05.01 23:31:32.198,0.95871,0.9589,1.12,2.25
2016.05.01 23:31:32.734,0.9587,0.95889,1.12,1.00
2016.05.01 23:31:33.191,0.95872,0.9589,1.00,1.50
2016.05.01 23:31:33.902,0.95871,0.9589,1.12,3.00
2016.05.01 23:31:34.436,0.95872,0.9589,1.00,1.50
2016.05.01 23:31:36.448,0.95875,0.9589,1.00,1.50
2016.05.01 23:31:42.296,0.95875,0.95891,1.00,1.00
2016.05.01 23:31:51.706,0.95872,0.95891,1.00,1.50
2016.05.01 23:31:52.659,0.95872,0.95889,1.00,1.00
2016.05.01 23:31:52.761,0.95869,0.95888,2.44,1.00
2016.05.01 23:31:53.270,0.95868,0.95887,1.12,1.00
2016.05.01 23:31:58.386,0.95869,0.95888,1.12,1.50
2016.05.01 23:31:58.562,0.95875,0.9589,1.00,1.50
2016.05.01 23:32:25.761,0.95869,0.95888,2.06,1.00
2016.05.01 23:32:26.270,0.95867,0.95887,1.87,1.00
2016.05.01 23:32:27.017,0.95867,0.95887,1.50,1.50
2016.05.01 23:32:28.920,0.95867,0.95887,2.06,1.50
2016.05.01 23:32:32.206,0.95867,0.95887,1.00,1.00
2016.05.01 23:32:36.631,0.95866,0.95887,1.50,1.00
2016.05.01 23:32:39.094,0.95866,0.95887,2.62,1.00
2016.05.01 23:32:46.901,0.95866,0.95888,2.62,1.50
2016.05.01 23:32:47.441,0.95866,0.95887,2.62,1.00
2016.05.01 23:32:49.146,0.95866,0.95888,1.50,1.00
2016.05.01 23:32:51.391,0.95866,0.95888,2.25,1.50
2016.05.01 23:32:55.475,0.95866,0.95886,1.50,1.00
2016.05.01 23:32:56.033,0.95866,0.95888,1.50,1.50
2016.05.01 23:32:56.185,0.95867,0.95889,1.12,1.00
2016.05.01 23:32:56.693,0.95869,0.95889,2.25,1.00
2016.05.01 23:33:10.209,0.95869,0.95889,3.75,1.00
2016.05.01 23:33:10.801,0.95872,0.95889,1.12,1.00
2016.05.01 23:33:11.413,0.95875,0.95891,1.37,1.50
2016.05.01 23:33:11.566,0.95882,0.95898,1.00,1.00
2016.05.01 23:33:12.112,0.95882,0.95899,1.12,1.00
2016.05.01 23:33:12.616,0.95883,0.95899,1.00,1.00
2016.05.01 23:33:13.521,0.95883,0.95901,1.00,1.00
2016.05.01 23:33:16.516,0.95884,0.95901,1.00,1.00
2016.05.01 23:33:17.563,0.95883,0.95901,1.00,1.00
2016.05.01 23:33:21.540,0.95884,0.95901,1.00,1.00
2016.05.01 23:33:24.227,0.95884,0.95903,1.37,1.50
2016.05.01 23:33:24.550,0.95888,0.95905,1.50,1.50
2016.05.01 23:33:26.978,0.95889,0.95908,1.00,1.50
2016.05.01 23:33:27.030,0.95891,0.95908,1.00,1.00
2016.05.01 23:33:27.132,0.95888,0.95908,1.50,1.00
2016.05.01 23:33:27.233,0.95891,0.95908,1.00,1.00
2016.05.01 23:33:30.318,0.95891,0.9591,1.00,1.00
2016.05.01 23:33:32.072,0.95889,0.9591,4.50,1.50
2016.05.01 23:33:32.173,0.95892,0.9591,1.00,1.00
2016.05.01 23:33:35.472,0.95892,0.95911,1.12,1.50
2016.05.01 23:33:35.777,0.95894,0.95913,1.12,1.50
2016.05.01 23:33:36.278,0.95895,0.95914,1.12,1.50
2016.05.01 23:33:38.117,0.95895,0.95912,1.00,1.00
2016.05.01 23:33:38.422,0.95895,0.95914,1.00,2.25
2016.05.01 23:33:39.474,0.95894,0.95913,1.50,1.00
2016.05.01 23:33:39.987,0.95895,0.95914,1.00,2.25
2016.05.01 23:33:40.089,0.95893,0.95912,2.25,1.00
2016.05.01 23:33:40.637,0.95894,0.95913,1.50,1.00
2016.05.01 23:33:45.808,0.95894,0.95914,1.50,1.50
2016.05.01 23:33:46.844,0.95896,0.95914,1.00,1.50
2016.05.01 23:33:49.567,0.95895,0.95908,1.00,1.00
2016.05.01 23:33:49.905,0.95891,0.95908,1.00,1.00
2016.05.01 23:33:51.309,0.95897,0.9591,1.00,1.00
2016.05.01 23:33:51.411,0.95897,0.95913,1.50,1.50
2016.05.01 23:33:51.462,0.95897,0.95915,3.00,1.00
2016.05.01 23:33:51.564,0.959,0.95915,1.00,1.00
2016.05.01 23:33:51.819,0.95902,0.95919,1.00,2.53
2016.05.01 23:33:52.276,0.95902,0.95917,1.00,1.50
2016.05.01 23:33:52.429,0.95897,0.95916,3.37,1.40
2016.05.01 23:33:52.480,0.95897,0.95914,1.50,1.00
2016.05.01 23:33:52.624,0.95895,0.95914,1.12,1.00
2016.05.01 23:33:53.133,0.95896,0.95914,1.00,1.00
2016.05.01 23:33:54.757,0.95896,0.95915,1.00,2.25
2016.05.01 23:33:54.808,0.95896,0.95913,1.00,1.00
2016.05.01 23:33:55.115,0.9589,0.95909,1.87,1.50
2016.05.01 23:33:55.635,0.95891,0.95909,1.00,1.00
2016.05.01 23:33:55.839,0.95889,0.95908,2.62,1.00
2016.05.01 23:33:55.890,0.95889,0.95906,1.12,2.25
2016.05.01 23:33:55.942,0.95887,0.95906,1.00,2.25
2016.05.01 23:33:55.993,0.95886,0.95904,1.00,1.00
2016.05.01 23:33:56.095,0.95887,0.95906,1.00,1.50
2016.05.01 23:33:57.985,0.95887,0.95906,1.50,1.00
2016.05.01 23:33:58.103,0.95891,0.95909,1.75,1.25
2016.05.01 23:33:58.205,0.959,0.95909,1.00,1.00
2016.05.01 23:33:58.394,0.95895,0.95912,1.00,1.00
2016.05.01 23:33:58.702,0.95892,0.95908,2.25,1.00
2016.05.01 23:33:58.753,0.95891,0.95908,1.12,1.00
2016.05.01 23:33:59.262,0.9589,0.95907,1.00,1.00
2016.05.01 23:34:00.809,0.95894,0.95908,1.37,1.00
2016.05.01 23:34:00.962,0.959,0.95913,1.00,1.00
2016.05.01 23:34:01.115,0.95902,0.95914,1.00,1.12
2016.05.01 23:34:01.217,0.95902,0.95917,1.00,1.50
2016.05.01 23:34:02.048,0.95902,0.95916,1.00,1.00
2016.05.01 23:34:02.200,0.95897,0.95915,2.62,1.50
2016.05.01 23:34:02.708,0.95896,0.95915,1.87,1.50
2016.05.01 23:34:06.014,0.95896,0.95915,1.00,1.00
2016.05.01 23:34:08.207,0.95897,0.95915,1.00,1.50
2016.05.01 23:34:10.495,0.95896,0.95915,1.12,1.50
2016.05.01 23:34:20.449,0.95895,0.95914,1.12,1.00
2016.05.01 23:34:22.568,0.95895,0.95913,1.12,1.00
2016.05.01 23:34:27.180,0.95895,0.95913,2.17,1.00
2016.05.01 23:34:27.485,0.95901,0.95917,1.00,1.00
2016.05.01 23:34:27.998,0.95901,0.95916,1.00,1.00
2016.05.01 23:34:28.152,0.95896,0.95916,1.12,1.00
2016.05.01 23:34:28.666,0.95896,0.95915,1.00,1.00
2016.05.01 23:34:29.391,0.95895,0.95914,1.87,1.00
2016.05.01 23:34:29.968,0.95896,0.95915,1.12,1.00
2016.05.01 23:34:35.370,0.95896,0.95916,1.12,1.50
2016.05.01 23:34:35.977,0.95896,0.95915,1.00,1.00
2016.05.01 23:34:40.299,0.95896,0.95916,1.00,1.50
2016.05.01 23:34:44.784,0.95894,0.95913,1.50,1.00
2016.05.01 23:34:44.845,0.95896,0.95915,1.00,1.00
2016.05.01 23:34:45.367,0.95895,0.95914,1.00,1.00
2016.05.01 23:34:45.570,0.95893,0.95912,2.62,1.00
2016.05.01 23:34:45.875,0.95895,0.95914,1.00,2.25
2016.05.01 23:34:55.650,0.95893,0.95914,3.00,1.50
2016.05.01 23:34:56.258,0.95895,0.95914,1.00,1.50
2016.05.01 23:35:01.479,0.95894,0.95913,1.12,1.00
2016.05.01 23:35:02.041,0.95892,0.9591,1.50,1.00
2016.05.01 23:35:02.545,0.95893,0.95911,1.00,1.00
2016.05.01 23:35:05.460,0.95892,0.95912,1.50,1.50
2016.05.01 23:35:05.765,0.95894,0.95913,1.00,2.25
2016.05.01 23:35:12.386,0.95892,0.95911,2.25,1.00
2016.05.01 23:35:14.780,0.95892,0.9591,2.25,1.00
2016.05.01 23:35:21.294,0.95892,0.95911,1.12,2.25
2016.05.01 23:35:22.075,0.95891,0.9591,2.25,1.00
2016.05.01 23:35:22.583,0.95892,0.95911,1.12,2.25
2016.05.01 23:35:23.483,0.95892,0.9591,1.12,1.00
2016.05.01 23:35:24.007,0.95892,0.95911,1.12,2.25
2016.05.01 23:35:24.910,0.95892,0.95908,1.12,1.00
2016.05.01 23:35:27.767,0.95894,0.95908,1.00,1.00
2016.05.01 23:35:27.869,0.95898,0.95913,1.00,1.00
2016.05.01 23:35:27.920,0.95898,0.95915,1.00,1.00
2016.05.01 23:35:28.774,0.95898,0.95913,1.00,1.00
2016.05.01 23:35:29.005,0.95892,0.9591,1.12,1.50
2016.05.01 23:35:29.107,0.95891,0.95908,1.12,1.00
2016.05.01 23:35:29.373,0.95891,0.9591,1.50,1.00
2016.05.01 23:35:29.916,0.95892,0.95911,1.00,1.00
2016.05.01 23:35:31.377,0.95901,0.95912,1.00,2.25
2016.05.01 23:35:31.682,0.95894,0.95911,1.75,1.00
2016.05.01 23:35:32.168,0.95893,0.95912,2.25,1.00
2016.05.01 23:35:32.686,0.95893,0.95911,1.00,1.00
2016.05.01 23:35:32.890,0.95894,0.95913,1.00,1.50
2016.05.01 23:35:34.891,0.95894,0.95912,1.00,1.00
2016.05.01 23:35:35.436,0.95892,0.95912,1.37,1.50
2016.05.01 23:35:36.199,0.95893,0.95911,1.12,1.00
2016.05.01 23:35:36.779,0.95893,0.95912,1.50,2.25
2016.05.01 23:35:44.287,0.95892,0.9591,1.37,1.00
2016.05.01 23:35:44.389,0.95894,0.95913,1.00,1.00
2016.05.01 23:35:45.671,0.95893,0.9591,1.00,1.00
2016.05.01 23:35:45.876,0.95893,0.95912,1.87,1.00
2016.05.01 23:35:47.273,0.95892,0.95911,1.87,1.00
2016.05.01 23:35:47.780,0.95893,0.95912,1.12,1.00
2016.05.01 23:35:59.516,0.95892,0.95911,3.75,1.00
2016.05.01 23:36:16.564,0.95892,0.95911,1.87,1.00
2016.05.01 23:36:23.684,0.95893,0.95912,1.12,1.00
2016.05.01 23:36:23.887,0.95892,0.9591,1.37,1.00
2016.05.01 23:36:24.103,0.95893,0.95912,1.12,1.50
2016.05.01 23:36:24.573,0.95891,0.9591,1.87,1.00
2016.05.01 23:36:24.675,0.95893,0.95912,1.50,1.50
2016.05.01 23:36:28.888,0.95892,0.95911,2.25,1.00
2016.05.01 23:36:36.205,0.95891,0.95909,2.25,1.00
2016.05.01 23:36:36.307,0.95892,0.95911,1.50,1.00
2016.05.01 23:36:36.816,0.95891,0.9591,2.62,1.00
2016.05.01 23:36:38.402,0.95892,0.95911,1.12,1.50
2016.05.01 23:37:03.270,0.95892,0.95911,1.87,1.00
2016.05.01 23:37:03.321,0.95894,0.95913,1.00,1.50
2016.05.01 23:37:03.871,0.95895,0.95914,1.00,1.12
2016.05.01 23:37:04.424,0.95892,0.95915,1.37,1.57
2016.05.01 23:37:05.938,0.95892,0.95915,1.00,1.12
2016.05.01 23:37:06.476,0.95891,0.95916,1.37,1.12
2016.05.01 23:37:06.983,0.95891,0.95915,1.37,1.00
2016.05.01 23:37:07.530,0.95891,0.95914,1.37,1.00
2016.05.01 23:37:13.143,0.95892,0.95915,1.87,1.00
2016.05.01 23:37:13.395,0.95892,0.95915,2.25,1.00
2016.05.01 23:37:23.862,0.95893,0.95914,1.37,1.00
2016.05.01 23:37:24.392,0.95892,0.95913,1.87,1.00
2016.05.01 23:37:26.068,0.95892,0.95914,1.37,1.00
2016.05.01 23:37:26.604,0.95892,0.95913,1.87,1.00
2016.05.01 23:37:27.475,0.95892,0.95914,1.50,1.00
2016.05.01 23:37:36.489,0.95891,0.95913,1.87,1.00
2016.05.01 23:37:36.641,0.95891,0.95913,1.87,1.00
2016.05.01 23:37:38.519,0.95891,0.95912,1.12,1.00
2016.05.01 23:37:41.805,0.95892,0.95912,1.00,1.00
2016.05.01 23:37:42.375,0.95892,0.95912,1.37,1.00
2016.05.01 23:37:42.579,0.95892,0.95914,1.50,1.12
2016.05.01 23:37:44.190,0.95891,0.95915,1.87,1.50
2016.05.01 23:37:44.495,0.95891,0.95914,2.25,1.12
2016.05.01 23:37:45.008,0.95892,0.95913,1.50,1.00
2016.05.01 23:37:48.721,0.95891,0.95914,2.25,1.12
2016.05.01 23:37:49.256,0.95892,0.95913,1.50,1.00
2016.05.01 23:37:50.228,0.95891,0.95914,2.25,1.12
2016.05.01 23:37:50.736,0.95892,0.95913,1.50,1.00
2016.05.01 23:37:54.422,0.95891,0.95914,2.25,1.12
2016.05.01 23:37:54.962,0.95892,0.95913,1.50,1.00
2016.05.01 23:37:55.468,0.95892,0.95913,1.00,1.00
2016.05.01 23:37:56.547,0.95891,0.95914,1.87,1.00
2016.05.01 23:37:56.851,0.95891,0.95914,1.87,1.00
2016.05.01 23:37:57.568,0.95895,0.95914,1.00,1.50
2016.05.01 23:37:58.100,0.95895,0.95913,1.00,1.00
2016.05.01 23:37:59.728,0.95895,0.95914,1.00,1.50
2016.05.01 23:38:00.255,0.95895,0.95913,1.00,1.00
2016.05.01 23:38:03.271,0.95893,0.95912,1.87,1.00
2016.05.01 23:38:26.385,0.95893,0.95912,1.50,1.50
2016.05.01 23:38:26.929,0.95892,0.95911,1.87,1.00
2016.05.01 23:38:29.239,0.95892,0.95911,1.50,1.00
2016.05.01 23:38:29.741,0.95892,0.9591,1.00,1.00
2016.05.01 23:38:31.915,0.95892,0.95911,1.50,1.00
2016.05.01 23:38:32.809,0.95892,0.9591,1.00,1.00
2016.05.01 23:38:33.844,0.95892,0.95911,1.50,1.00
2016.05.01 23:38:35.249,0.95892,0.95911,1.50,1.00
2016.05.01 23:38:51.639,0.95892,0.9591,1.87,1.58
2016.05.01 23:38:51.843,0.95886,0.95905,1.50,1.00
2016.05.01 23:38:52.385,0.95886,0.95904,1.00,1.00
2016.05.01 23:38:52.894,0.95885,0.95904,1.12,1.50
2016.05.01 23:39:02.443,0.95884,0.95902,1.37,1.00
2016.05.01 23:39:02.567,0.95885,0.95904,1.12,1.50
2016.05.01 23:39:03.366,0.95888,0.95904,1.12,1.00
2016.05.01 23:39:03.672,0.95893,0.95909,1.00,1.00
2016.05.01 23:39:03.875,0.9589,0.95909,1.00,1.00
2016.05.01 23:39:04.274,0.95888,0.95907,2.62,1.00
2016.05.01 23:39:04.579,0.9589,0.95905,1.00,1.00
2016.05.01 23:39:04.884,0.95885,0.95904,1.50,1.00
2016.05.01 23:39:05.658,0.95885,0.95903,1.00,1.00
2016.05.01 23:39:06.204,0.95884,0.95903,1.87,1.00
2016.05.01 23:39:11.682,0.95886,0.95905,1.00,2.25
2016.05.01 23:39:11.987,0.9589,0.95906,1.00,1.12
2016.05.01 23:39:13.639,0.9589,0.95905,1.00,1.00
2016.05.01 23:39:14.279,0.9589,0.95904,1.00,1.00
2016.05.01 23:39:14.687,0.95888,0.95903,1.00,1.00
2016.05.01 23:39:14.890,0.95883,0.95902,1.50,1.00
2016.05.01 23:39:14.992,0.95881,0.959,2.25,1.00
2016.05.01 23:39:15.249,0.95876,0.95895,1.12,1.00
2016.05.01 23:39:15.858,0.95879,0.95895,1.00,1.00
2016.05.01 23:39:16.163,0.95885,0.959,1.00,1.00
2016.05.01 23:39:18.960,0.95885,0.95901,1.00,1.00
2016.05.01 23:39:25.579,0.95881,0.959,1.87,1.00
2016.05.01 23:39:25.632,0.95889,0.959,1.00,1.00
2016.05.01 23:39:25.786,0.95889,0.95905,1.00,1.00
2016.05.01 23:39:26.294,0.95886,0.95905,1.00,1.00
2016.05.01 23:39:26.498,0.95885,0.95903,1.00,1.00
2016.05.01 23:39:27.039,0.95883,0.95902,3.00,1.00
2016.05.01 23:39:29.875,0.95881,0.959,2.25,1.00
2016.05.01 23:39:30.079,0.95881,0.959,1.87,1.00
2016.05.01 23:39:34.380,0.95881,0.95897,1.00,1.00
2016.05.01 23:39:34.505,0.95882,0.959,1.00,1.00
2016.05.01 23:39:34.608,0.95888,0.959,1.00,1.00
2016.05.01 23:39:34.914,0.95882,0.959,4.50,1.00
2016.05.01 23:39:35.016,0.95882,0.959,1.12,1.00
2016.05.01 23:39:35.726,0.95881,0.959,1.50,1.00
2016.05.01 23:39:36.266,0.95881,0.95899,1.00,1.00
2016.05.01 23:39:36.773,0.95881,0.95899,1.37,1.00
2016.05.01 23:39:37.330,0.9588,0.95898,2.25,1.00
2016.05.01 23:39:37.990,0.9588,0.95897,1.75,1.00
2016.05.01 23:39:38.093,0.95881,0.95897,1.12,1.00
2016.05.01 23:39:38.195,0.9588,0.95899,1.87,1.00
2016.05.01 23:39:38.717,0.95881,0.95898,1.00,1.00
2016.05.01 23:39:39.255,0.95881,0.95899,1.37,1.00
2016.05.01 23:39:40.913,0.95881,0.95899,1.00,1.00
2016.05.01 23:39:43.123,0.9588,0.95898,1.87,1.00
2016.05.01 23:39:44.832,0.95881,0.95899,1.00,1.00
2016.05.01 23:39:59.919,0.95879,0.95898,3.00,1.00
2016.05.01 23:40:02.529,0.95887,0.95898,1.00,1.00
2016.05.01 23:40:02.632,0.95887,0.95903,1.00,2.25
2016.05.01 23:40:03.242,0.95887,0.95902,1.00,1.00
2016.05.01 23:40:15.649,0.95887,0.95903,1.00,1.00
2016.05.01 23:40:17.148,0.95887,0.95902,1.00,1.00
2016.05.01 23:40:17.655,0.95887,0.95903,1.00,1.00
2016.05.01 23:40:19.662,0.95887,0.959,1.00,1.00
2016.05.01 23:40:19.806,0.95882,0.959,1.37,1.00
2016.05.01 23:40:20.872,0.95887,0.95903,1.12,2.25
2016.05.01 23:40:21.025,0.95889,0.95906,1.12,1.50
2016.05.01 23:40:21.077,0.95893,0.95906,1.00,1.00
2016.05.01 23:40:21.128,0.95893,0.95908,1.00,1.00
2016.05.01 23:40:21.356,0.95893,0.9591,1.00,1.00
2016.05.01 23:40:22.315,0.95893,0.95911,1.50,1.50
2016.05.01 23:40:26.778,0.95893,0.9591,1.00,1.00
2016.05.01 23:40:27.304,0.95893,0.95909,1.00,1.00
2016.05.01 23:40:41.577,0.9589,0.95908,1.87,1.00
2016.05.01 23:41:07.400,0.95886,0.95905,1.31,1.50
2016.05.01 23:41:07.503,0.95885,0.95903,1.69,1.50
2016.05.01 23:41:08.062,0.95886,0.95904,1.25,1.40
2016.05.01 23:41:08.531,0.95884,0.95902,1.00,1.00
2016.05.01 23:41:08.809,0.95882,0.95901,1.25,1.50
2016.05.01 23:41:09.114,0.95881,0.95898,1.00,1.00
2016.05.01 23:41:09.579,0.9588,0.95898,1.69,1.00
2016.05.01 23:41:10.011,0.9588,0.95898,1.25,1.00
2016.05.01 23:41:10.562,0.9588,0.95897,1.25,1.00
2016.05.01 23:41:10.664,0.9588,0.95897,1.19,1.00
2016.05.01 23:41:10.715,0.9588,0.95899,1.69,1.50
2016.05.01 23:41:11.297,0.95881,0.959,1.19,3.00
2016.05.01 23:41:21.047,0.9588,0.95899,1.69,1.00
2016.05.01 23:41:21.234,0.9588,0.95899,1.00,1.00
2016.05.01 23:41:27.522,0.95881,0.959,1.00,1.87
2016.05.01 23:41:37.626,0.9588,0.95899,1.12,1.00
2016.05.01 23:41:47.569,0.9588,0.95901,1.12,2.25
2016.05.01 23:41:51.527,0.9588,0.959,1.12,1.00
2016.05.01 23:42:09.330,0.9588,0.95901,1.87,1.50
2016.05.01 23:42:09.559,0.95886,0.95905,1.50,1.00
2016.05.01 23:42:09.611,0.9589,0.95906,1.00,1.00
2016.05.01 23:42:09.916,0.95887,0.95906,1.00,1.00
2016.05.01 23:42:15.413,0.95884,0.95902,2.25,1.00
2016.05.01 23:42:15.617,0.95885,0.95904,1.12,1.00
2016.05.01 23:42:26.615,0.95884,0.95903,1.87,1.00
2016.05.01 23:42:27.120,0.95885,0.95904,1.12,1.00
2016.05.01 23:42:27.735,0.95884,0.95903,3.37,1.00
2016.05.01 23:42:29.354,0.95884,0.95901,1.00,1.00
2016.05.01 23:42:29.456,0.95884,0.95903,1.50,1.50
2016.05.01 23:42:30.446,0.95885,0.95904,1.00,1.00
2016.05.01 23:42:35.323,0.95883,0.95902,3.37,1.00
2016.05.01 23:42:35.858,0.95884,0.95903,1.50,1.00
2016.05.01 23:42:36.360,0.95884,0.95902,1.37,1.00
2016.05.01 23:42:36.462,0.95885,0.95904,1.00,1.50
2016.05.01 23:42:53.860,0.95884,0.95903,3.37,1.00
2016.05.01 23:42:54.372,0.95884,0.95903,1.00,1.00
2016.05.01 23:43:08.558,0.95885,0.95904,1.00,1.00
2016.05.01 23:43:09.462,0.95884,0.95903,1.12,1.00
2016.05.01 23:43:45.530,0.95885,0.95904,1.12,1.00
2016.05.01 23:43:56.754,0.95884,0.95903,1.12,1.00
2016.05.01 23:44:00.288,0.95885,0.95904,1.00,1.00
2016.05.01 23:44:00.971,0.95884,0.95903,1.12,1.00
2016.05.01 23:44:07.389,0.95883,0.95902,1.50,1.00
2016.05.01 23:44:07.897,0.95884,0.95903,1.12,1.00
2016.05.01 23:44:13.274,0.95883,0.95902,1.87,1.00
2016.05.01 23:44:21.405,0.95882,0.959,1.87,1.00
2016.05.01 23:44:21.456,0.95882,0.959,1.50,1.00
2016.05.01 23:44:21.609,0.95882,0.95903,1.87,1.87
2016.05.01 23:44:21.914,0.95882,0.95901,1.87,1.00
2016.05.01 23:44:25.185,0.95881,0.959,2.25,1.00
2016.05.01 23:44:25.490,0.95879,0.95898,2.25,1.00
2016.05.01 23:44:25.693,0.95881,0.959,1.00,1.50
2016.05.01 23:44:26.200,0.95881,0.95899,1.00,1.00
2016.05.01 23:44:36.652,0.9588,0.95899,1.87,1.00
2016.05.01 23:44:39.000,0.9588,0.95901,2.25,1.50
2016.05.01 23:44:39.507,0.9588,0.95901,1.50,1.50
2016.05.01 23:44:40.115,0.9588,0.95899,1.50,1.00
2016.05.01 23:44:41.435,0.95881,0.959,1.12,1.00
2016.05.01 23:44:55.395,0.95881,0.959,1.87,1.00
2016.05.01 23:44:55.904,0.95881,0.959,1.50,1.00
2016.05.01 23:44:58.480,0.9588,0.95898,1.37,1.00
2016.05.01 23:44:58.583,0.95881,0.959,1.12,1.50
2016.05.01 23:44:59.039,0.9588,0.95897,1.37,1.00
2016.05.01 23:44:59.141,0.9588,0.95899,1.50,1.50
2016.05.01 23:45:01.949,0.95882,0.95901,1.00,1.12
2016.05.01 23:45:02.459,0.95881,0.959,1.12,1.00
2016.05.01 23:45:03.096,0.95882,0.95901,1.00,1.00
2016.05.01 23:45:10.573,0.95882,0.95901,1.50,1.50
2016.05.01 23:45:11.444,0.95882,0.95901,1.12,1.50
2016.05.01 23:45:13.657,0.95882,0.95901,1.37,1.00
2016.05.01 23:45:17.657,0.95885,0.95904,1.12,1.50
2016.05.01 23:45:19.982,0.95884,0.95903,2.25,1.00
2016.05.01 23:45:20.486,0.95884,0.95903,1.87,1.00
2016.05.01 23:45:25.282,0.95885,0.95904,1.12,1.00
2016.05.01 23:45:25.486,0.95884,0.95902,1.12,1.00
2016.05.01 23:45:25.762,0.95884,0.95905,2.25,3.00
2016.05.01 23:45:29.468,0.95884,0.95905,1.87,2.25
2016.05.01 23:45:29.564,0.95883,0.95901,1.00,1.00
2016.05.01 23:45:30.093,0.95884,0.95902,1.12,1.00
2016.05.01 23:45:30.398,0.95883,0.959,1.12,1.00
2016.05.01 23:45:30.702,0.95881,0.95897,1.75,1.00
2016.05.01 23:45:30.804,0.9588,0.95897,1.00,1.00
2016.05.01 23:45:30.906,0.95878,0.95896,1.12,1.00
2016.05.01 23:45:31.374,0.9588,0.95899,1.12,1.50
2016.05.01 23:45:31.587,0.95879,0.95897,1.12,1.00
2016.05.01 23:45:32.197,0.95879,0.95898,1.00,1.50
2016.05.01 23:45:32.913,0.95879,0.95897,1.00,1.00
2016.05.01 23:45:33.268,0.95881,0.95897,1.00,1.00
2016.05.01 23:45:33.320,0.95881,0.959,1.00,1.50
2016.05.01 23:45:33.828,0.95882,0.95901,1.00,1.50
2016.05.01 23:45:34.402,0.9588,0.95899,1.12,1.00
2016.05.01 23:45:34.707,0.95882,0.95901,1.00,1.00
2016.05.01 23:45:41.570,0.95881,0.959,1.12,1.00
2016.05.01 23:45:45.536,0.95881,0.959,1.50,1.00
2016.05.01 23:45:46.012,0.95883,0.95902,1.00,1.00
2016.05.01 23:45:46.319,0.95882,0.959,1.00,1.00
2016.05.01 23:45:46.827,0.95882,0.95901,1.50,1.00
2016.05.01 23:45:47.377,0.95882,0.95901,1.87,1.00
2016.05.01 23:45:50.087,0.95882,0.95901,1.87,1.00
2016.05.01 23:45:50.629,0.95881,0.959,1.00,1.00
2016.05.01 23:46:05.446,0.95881,0.959,1.50,1.00
2016.05.01 23:46:06.003,0.9588,0.95899,2.62,1.00
2016.05.01 23:46:06.105,0.9588,0.95899,2.62,1.00
2016.05.01 23:46:06.651,0.95881,0.959,1.50,1.00
2016.05.01 23:46:09.114,0.95882,0.95901,1.12,1.00
2016.05.01 23:46:11.416,0.95882,0.959,1.12,1.00
2016.05.01 23:46:12.229,0.9588,0.95899,2.62,1.00
2016.05.01 23:46:12.745,0.95881,0.959,1.12,1.50
2016.05.01 23:46:12.921,0.95879,0.95897,1.75,1.00
2016.05.01 23:46:12.974,0.95879,0.95897,1.00,1.00
2016.05.01 23:46:13.229,0.95881,0.95899,1.00,1.00
2016.05.01 23:46:13.738,0.9588,0.959,1.37,1.00
2016.05.01 23:46:14.145,0.9588,0.95898,1.37,1.00
2016.05.01 23:46:14.247,0.95881,0.95901,1.00,1.00
2016.05.01 23:46:20.025,0.9588,0.95899,1.87,1.00
2016.05.01 23:46:20.570,0.9588,0.959,1.87,1.00
2016.05.01 23:46:21.103,0.9588,0.95901,1.50,2.25
2016.05.01 23:46:21.625,0.9588,0.959,1.50,1.00
2016.05.01 23:46:24.857,0.9588,0.95901,1.50,1.50
2016.05.01 23:46:25.232,0.95882,0.95901,1.00,1.50
2016.05.01 23:46:29.866,0.95881,0.959,1.12,1.50
2016.05.01 23:46:30.396,0.95882,0.95901,1.12,1.50
2016.05.01 23:46:55.282,0.95882,0.959,1.00,1.00
2016.05.01 23:46:55.827,0.95881,0.959,1.00,1.00
2016.05.01 23:47:01.503,0.95882,0.95901,1.00,1.50
2016.05.01 23:47:14.231,0.95882,0.95899,1.00,1.00
2016.05.01 23:47:14.283,0.9588,0.95899,1.12,1.50
2016.05.01 23:47:15.250,0.95879,0.95898,1.12,1.00
2016.05.01 23:47:22.799,0.95879,0.95898,1.37,1.50
2016.05.01 23:47:22.903,0.95881,0.959,1.00,1.50
2016.05.01 23:47:23.430,0.95882,0.95901,1.00,2.62
2016.05.01 23:47:25.292,0.95881,0.959,1.00,1.00
2016.05.01 23:47:28.882,0.9588,0.95899,1.50,1.00
2016.05.01 23:47:28.984,0.95878,0.95897,2.62,1.00
2016.05.01 23:47:29.945,0.95878,0.95897,1.50,1.50
2016.05.01 23:47:31.026,0.95878,0.95897,1.50,1.50
2016.05.01 23:47:31.530,0.95879,0.95898,1.00,1.50
2016.05.01 23:47:33.881,0.95878,0.95897,1.12,1.00
2016.05.01 23:47:34.917,0.95877,0.95896,1.50,1.00
2016.05.01 23:47:35.425,0.95877,0.95896,1.12,1.00
2016.05.01 23:47:36.086,0.95878,0.95897,1.00,1.50
2016.05.01 23:47:40.189,0.95877,0.95896,1.12,1.00
2016.05.01 23:47:42.002,0.95878,0.95896,1.00,1.00
2016.05.01 23:47:42.104,0.95878,0.95898,1.12,1.12
2016.05.01 23:47:47.096,0.95878,0.95898,1.37,1.00
2016.05.01 23:47:47.199,0.9588,0.95899,1.37,1.00
2016.05.01 23:47:47.301,0.95882,0.95901,1.00,1.00
2016.05.01 23:47:47.495,0.95879,0.959,3.37,1.00
2016.05.01 23:47:48.006,0.95879,0.959,3.37,1.00
2016.05.01 23:47:55.375,0.9588,0.95899,1.50,1.00
2016.05.01 23:47:55.918,0.95879,0.95898,1.12,1.00
2016.05.01 23:47:55.969,0.95881,0.959,1.00,1.12
2016.05.01 23:47:56.476,0.9588,0.95899,1.50,1.00
2016.05.01 23:47:58.393,0.9588,0.95899,1.87,1.00
2016.05.01 23:48:00.928,0.9588,0.95899,1.50,1.00
2016.05.01 23:48:07.513,0.95881,0.959,1.12,1.00
2016.05.01 23:48:08.124,0.95881,0.959,1.50,1.00
2016.05.01 23:48:20.159,0.95881,0.959,1.75,1.00
2016.05.01 23:48:38.897,0.95882,0.959,1.00,1.00
2016.05.01 23:49:07.776,0.95881,0.959,1.00,1.00
2016.05.01 23:49:53.186,0.95882,0.959,1.00,1.00
2016.05.01 23:49:53.704,0.95882,0.95901,1.00,1.50
2016.05.01 23:49:54.210,0.95882,0.959,1.00,1.00
2016.05.01 23:49:57.854,0.95882,0.95901,1.00,1.50
2016.05.01 23:49:58.866,0.95882,0.959,1.00,1.00
2016.05.01 23:50:04.974,0.95882,0.95901,1.00,1.50
2016.05.01 23:50:05.585,0.95882,0.959,1.00,1.00
2016.05.01 23:50:07.990,0.95882,0.95901,1.00,1.50
2016.05.01 23:50:08.518,0.95882,0.959,1.00,1.00
2016.05.01 23:50:08.846,0.95882,0.95899,1.00,1.50
2016.05.01 23:50:08.949,0.95877,0.95895,1.50,1.00
2016.05.01 23:50:09.102,0.95876,0.95895,1.00,1.00
2016.05.01 23:50:09.612,0.95875,0.95894,1.00,1.00
2016.05.01 23:50:10.117,0.9588,0.95894,1.00,1.00
2016.05.01 23:50:10.320,0.95882,0.95898,1.00,1.00
2016.05.01 23:50:10.525,0.95882,0.959,1.50,1.00
2016.05.01 23:50:10.931,0.95885,0.95902,1.00,1.25
2016.05.01 23:50:21.209,0.95885,0.95903,1.00,3.00
2016.05.01 23:50:21.678,0.95883,0.95902,1.12,1.50
2016.05.01 23:50:22.186,0.95883,0.95901,1.12,1.00
2016.05.01 23:50:24.090,0.95882,0.95901,1.12,1.50
2016.05.01 23:50:24.719,0.95882,0.959,1.00,1.00
2016.05.01 23:50:25.240,0.95881,0.959,1.00,1.50
2016.05.01 23:50:25.748,0.95881,0.95899,1.00,1.00
2016.05.01 23:50:25.989,0.95879,0.95898,1.00,1.00
2016.05.01 23:50:30.462,0.95881,0.959,1.00,2.62
2016.05.01 23:50:31.833,0.95881,0.95899,1.00,1.00
2016.05.01 23:50:32.147,0.95879,0.95897,1.37,1.00
2016.05.01 23:50:32.300,0.95878,0.95897,1.25,1.50
2016.05.01 23:50:35.029,0.95878,0.95896,1.00,1.00
2016.05.01 23:50:35.560,0.95876,0.95896,1.87,1.00
2016.05.01 23:50:41.660,0.95879,0.95897,1.00,1.00
2016.05.01 23:50:42.168,0.95879,0.95896,1.00,1.50
2016.05.01 23:50:42.704,0.95876,0.95895,2.62,1.00
2016.05.01 23:50:43.233,0.95876,0.95895,1.50,1.00
2016.05.01 23:50:55.141,0.95877,0.95896,1.12,1.50
2016.05.01 23:50:56.411,0.95879,0.95898,1.00,1.12
2016.05.01 23:50:56.741,0.95881,0.95899,1.00,1.50
2016.05.01 23:50:57.452,0.95881,0.959,1.00,1.50
2016.05.01 23:50:57.964,0.9588,0.95899,1.12,1.00
2016.05.01 23:51:04.353,0.9588,0.95898,1.12,1.00
2016.05.01 23:51:04.876,0.9588,0.95899,1.12,1.50
2016.05.01 23:51:05.427,0.95879,0.95897,1.12,1.00
2016.05.01 23:51:06.025,0.95878,0.95896,1.00,1.00
2016.05.01 23:51:07.430,0.95878,0.95897,1.00,1.50
2016.05.01 23:51:08.424,0.95878,0.95896,1.00,1.00
2016.05.01 23:51:10.435,0.95877,0.95894,1.00,1.00
2016.05.01 23:51:10.642,0.95874,0.95893,1.50,1.50
2016.05.01 23:51:11.150,0.95875,0.95894,1.12,3.00
2016.05.01 23:51:11.354,0.95874,0.95892,1.87,1.00
2016.05.01 23:51:11.961,0.95874,0.95892,1.50,1.00
2016.05.01 23:51:16.628,0.95873,0.95892,1.50,1.50
2016.05.01 23:51:19.821,0.95873,0.95892,1.50,1.00
2016.05.01 23:51:20.612,0.95873,0.95892,1.50,1.00
2016.05.01 23:51:20.917,0.95869,0.95888,1.12,1.50
2016.05.01 23:51:21.221,0.95868,0.95886,1.12,1.00
2016.05.01 23:51:21.967,0.95868,0.95887,1.12,1.50
2016.05.01 23:51:23.766,0.95866,0.95887,1.87,1.00
2016.05.01 23:51:30.194,0.95868,0.95887,1.00,1.50
2016.05.01 23:51:31.453,0.95868,0.95887,1.87,1.00
2016.05.01 23:51:31.504,0.95871,0.9589,1.12,1.00
2016.05.01 23:51:32.339,0.95871,0.9589,1.50,1.00
2016.05.01 23:51:35.514,0.95872,0.95891,1.12,1.50
2016.05.01 23:51:41.415,0.95871,0.9589,1.87,1.00
2016.05.01 23:51:52.445,0.95872,0.95891,1.12,1.50
2016.05.01 23:52:03.269,0.95873,0.95891,1.00,1.00
2016.05.01 23:52:03.785,0.95872,0.95891,1.00,1.00
2016.05.01 23:52:04.811,0.95872,0.9589,1.00,1.00
2016.05.01 23:52:05.065,0.9587,0.95889,1.00,1.00
2016.05.01 23:52:05.574,0.9587,0.95888,1.37,1.00
2016.05.01 23:52:05.789,0.95872,0.9589,1.00,1.00
2016.05.01 23:52:06.297,0.95872,0.95891,1.00,1.50
2016.05.01 23:52:08.612,0.95871,0.9589,1.12,1.00
2016.05.01 23:52:12.979,0.95871,0.9589,1.87,1.00
2016.05.01 23:52:13.496,0.95872,0.95891,1.12,1.00
2016.05.01 23:52:14.047,0.95871,0.95892,1.37,1.50
2016.05.01 23:52:14.656,0.95871,0.95893,1.37,1.00
2016.05.01 23:52:15.162,0.95871,0.95892,1.12,1.00
2016.05.01 23:52:16.581,0.95871,0.95892,1.37,1.00
2016.05.01 23:52:24.223,0.95872,0.95892,1.12,1.00
2016.05.01 23:52:24.427,0.95872,0.95892,1.00,1.00
2016.05.01 23:52:24.934,0.95872,0.95893,1.00,1.00
2016.05.01 23:52:27.018,0.95871,0.95893,1.75,1.00
2016.05.01 23:52:28.139,0.95871,0.95894,1.75,2.81
2016.05.01 23:52:28.659,0.95872,0.95893,1.37,1.00
2016.05.01 23:52:33.852,0.95871,0.95894,1.75,2.81
2016.05.01 23:52:34.413,0.95872,0.95893,1.37,1.00
2016.05.01 23:52:35.377,0.95871,0.95894,2.25,2.81
2016.05.01 23:52:36.285,0.95872,0.95893,1.37,1.00
2016.05.01 23:52:36.804,0.95871,0.95894,1.37,2.44
2016.05.01 23:52:37.311,0.95871,0.95893,1.37,1.00
2016.05.01 23:52:40.152,0.95871,0.95893,1.12,1.00
2016.05.01 23:52:40.764,0.95872,0.95894,1.12,2.44
2016.05.01 23:52:41.272,0.95874,0.95894,1.00,2.25
2016.05.01 23:52:44.644,0.95872,0.95894,1.87,2.25
2016.05.01 23:52:46.114,0.95872,0.95893,1.87,1.00
2016.05.01 23:52:47.081,0.95872,0.95894,1.12,2.25
2016.05.01 23:52:48.271,0.95872,0.95894,1.12,2.25
2016.05.01 23:52:48.880,0.95872,0.95892,1.12,1.00
2016.05.01 23:52:49.872,0.95872,0.95893,1.37,1.00
2016.05.01 23:52:50.414,0.95872,0.95892,1.12,1.00
2016.05.01 23:52:50.921,0.95872,0.95892,1.37,1.00
2016.05.01 23:52:57.685,0.95872,0.95892,1.37,1.00
2016.05.01 23:52:58.193,0.95872,0.95892,1.37,1.00
2016.05.01 23:53:02.621,0.95872,0.95892,1.37,1.00
2016.05.01 23:53:05.111,0.95872,0.95893,1.37,1.00
2016.05.01 23:53:05.924,0.95872,0.95892,1.12,1.00
2016.05.01 23:53:06.526,0.95872,0.95892,1.37,1.00
2016.05.01 23:53:07.034,0.95873,0.95893,1.00,1.00
2016.05.01 23:53:07.542,0.95872,0.95893,1.12,1.00
2016.05.01 23:53:08.218,0.95871,0.95893,2.25,1.00
2016.05.01 23:53:08.733,0.95871,0.95893,1.37,1.00
2016.05.01 23:53:09.038,0.95872,0.95893,1.12,1.00
2016.05.01 23:53:09.444,0.95872,0.95893,1.12,1.00
2016.05.01 23:53:09.740,0.95872,0.95893,1.12,1.00
2016.05.01 23:53:10.249,0.95872,0.95894,1.12,2.44
2016.05.01 23:53:10.824,0.95872,0.95893,1.12,1.00
2016.05.01 23:53:11.332,0.95872,0.95893,1.12,1.00
2016.05.01 23:53:11.841,0.95872,0.95893,1.12,1.00
2016.05.01 23:53:12.646,0.95872,0.95894,1.12,2.44
2016.05.01 23:53:13.155,0.95872,0.95893,1.12,1.00
2016.05.01 23:53:17.163,0.95872,0.95893,1.87,1.00
2016.05.01 23:53:18.451,0.95872,0.95893,1.87,1.00
2016.05.01 23:53:18.958,0.95872,0.95894,1.87,1.00
2016.05.01 23:53:19.490,0.95874,0.95895,1.75,2.25
2016.05.01 23:53:25.678,0.95874,0.95894,1.75,1.00
2016.05.01 23:53:26.973,0.95874,0.95894,1.50,1.00
2016.05.01 23:53:40.280,0.95872,0.95895,1.50,2.25
2016.05.01 23:53:40.819,0.95872,0.95895,1.50,2.62
2016.05.01 23:53:41.336,0.95872,0.95894,1.50,1.00
2016.05.01 23:53:50.228,0.95872,0.95892,1.50,1.00
2016.05.01 23:53:50.736,0.95872,0.95891,1.12,1.00
2016.05.01 23:53:55.127,0.95872,0.95893,1.12,1.00
2016.05.01 23:53:55.634,0.95872,0.95894,1.12,1.69
2016.05.01 23:53:56.166,0.95872,0.95895,1.12,2.25
2016.05.01 23:54:08.063,0.95873,0.95895,1.75,2.25
2016.05.01 23:54:08.570,0.95873,0.95894,1.75,1.00
2016.05.01 23:54:09.102,0.95876,0.95894,1.00,1.00
2016.05.01 23:54:09.614,0.95873,0.95895,1.75,2.25
2016.05.01 23:54:15.285,0.95873,0.95894,1.75,1.00
2016.05.01 23:54:18.814,0.95873,0.95895,1.75,1.50
2016.05.01 23:54:19.321,0.95873,0.95894,1.75,1.00
2016.05.01 23:54:19.859,0.95872,0.95894,1.87,1.00
2016.05.01 23:54:23.200,0.95872,0.95895,1.87,1.87
2016.05.01 23:54:23.707,0.95872,0.95894,1.87,1.00
2016.05.01 23:54:29.822,0.95875,0.95894,1.37,1.00
2016.05.01 23:54:40.825,0.95875,0.95894,1.75,1.50
2016.05.01 23:55:02.526,0.95877,0.95894,1.00,1.50
2016.05.01 23:55:03.036,0.95876,0.95894,1.00,1.50
2016.05.01 23:55:36.671,0.95875,0.95892,1.50,1.00
2016.05.01 23:55:36.977,0.95874,0.95893,1.12,1.50
2016.05.01 23:55:38.616,0.95873,0.95892,1.37,1.00
2016.05.01 23:55:39.165,0.95873,0.95892,1.12,1.50
2016.05.01 23:55:40.706,0.95872,0.95891,1.87,1.00
2016.05.01 23:55:41.253,0.95873,0.95892,1.12,1.00
2016.05.01 23:55:48.896,0.95872,0.95893,1.37,1.12
2016.05.01 23:55:49.460,0.95872,0.95893,1.12,1.00
2016.05.01 23:55:50.223,0.95872,0.95894,1.37,1.87
2016.05.01 23:55:50.762,0.95872,0.95893,1.12,1.00
2016.05.01 23:55:51.603,0.95872,0.95894,1.12,1.87
2016.05.01 23:55:53.055,0.95872,0.95894,1.00,1.50
2016.05.01 23:55:53.157,0.95877,0.95894,1.00,1.00
2016.05.01 23:55:53.208,0.95877,0.95897,1.87,1.87
2016.05.01 23:55:53.260,0.95877,0.95898,1.50,1.00
2016.05.01 23:55:53.412,0.9588,0.95898,1.12,1.00
2016.05.01 23:55:53.729,0.9588,0.95902,1.00,1.00
2016.05.01 23:55:54.237,0.95879,0.95899,1.12,1.00
2016.05.01 23:55:54.696,0.95879,0.95902,2.25,1.25
2016.05.01 23:55:55.198,0.95879,0.95901,1.87,1.00
2016.05.01 23:55:56.558,0.95882,0.95901,1.00,1.50
2016.05.01 23:55:57.080,0.95881,0.959,1.12,1.00
2016.05.01 23:55:58.277,0.95881,0.959,1.37,1.00
2016.05.01 23:55:58.964,0.95882,0.95901,1.12,1.00
2016.05.01 23:55:59.981,0.95882,0.95901,1.37,1.00
2016.05.01 23:56:15.488,0.95882,0.95901,1.50,1.00
2016.05.01 23:56:16.012,0.95882,0.959,1.12,1.00
2016.05.01 23:56:16.526,0.95882,0.95899,1.00,1.00
2016.05.01 23:56:34.903,0.95882,0.959,1.12,1.00
2016.05.01 23:56:35.417,0.95882,0.95899,1.12,1.00
2016.05.01 23:56:35.934,0.95882,0.959,1.12,1.00
2016.05.01 23:56:36.594,0.95882,0.95899,1.12,1.00
2016.05.01 23:56:39.965,0.95881,0.95899,1.50,1.00
2016.05.01 23:56:41.310,0.95881,0.959,1.12,1.00
2016.05.01 23:56:45.869,0.95882,0.95901,1.00,3.00
2016.05.01 23:56:46.075,0.95877,0.95896,1.00,1.50
2016.05.01 23:56:46.235,0.95875,0.95895,1.00,1.00
2016.05.01 23:56:46.776,0.95875,0.95894,1.00,1.00
2016.05.01 23:56:53.341,0.95875,0.95893,1.12,1.00
2016.05.01 23:56:54.280,0.95873,0.95893,1.87,1.00
2016.05.01 23:57:02.636,0.95873,0.95893,1.50,1.00
2016.05.01 23:57:03.163,0.95873,0.95893,1.50,1.00
2016.05.01 23:57:08.564,0.95873,0.95894,1.50,1.87
2016.05.01 23:57:09.105,0.95873,0.95893,1.50,1.00
2016.05.01 23:57:12.263,0.95873,0.95894,1.37,2.62
2016.05.01 23:57:12.774,0.95873,0.95893,1.50,1.00
2016.05.01 23:57:13.563,0.95873,0.95894,1.37,2.62
2016.05.01 23:57:14.101,0.95873,0.95893,1.50,1.00
2016.05.01 23:57:14.766,0.95873,0.95894,1.37,2.62
2016.05.01 23:57:15.274,0.95873,0.95893,1.37,1.00
2016.05.01 23:57:16.605,0.95873,0.95894,1.37,2.25
2016.05.01 23:57:22.693,0.95873,0.95893,1.37,1.00
2016.05.01 23:57:27.336,0.95873,0.95894,1.37,2.25
2016.05.01 23:57:28.441,0.95873,0.95893,1.37,1.00
2016.05.01 23:57:32.212,0.95873,0.95894,1.37,1.87
2016.05.01 23:57:44.867,0.95873,0.95894,1.37,1.50
2016.05.01 23:57:45.376,0.95873,0.95894,2.25,2.25
2016.05.01 23:57:53.515,0.95873,0.95894,2.62,1.00
2016.05.01 23:57:54.026,0.95875,0.95894,1.50,1.00
2016.05.01 23:58:05.745,0.95875,0.95894,1.12,1.50
2016.05.01 23:58:06.268,0.95874,0.95893,1.50,1.00
2016.05.01 23:58:08.561,0.95874,0.95893,1.50,1.50
2016.05.01 23:58:09.079,0.95873,0.95892,1.87,1.50
2016.05.01 23:58:25.431,0.95873,0.95892,1.37,1.00
2016.05.01 23:58:25.943,0.95874,0.95893,1.12,1.50
2016.05.01 23:58:26.590,0.95873,0.95892,1.50,1.00
2016.05.01 23:58:29.721,0.95875,0.95892,1.00,1.00
2016.05.01 23:58:31.732,0.95874,0.95892,1.12,1.00
2016.05.01 23:58:36.237,0.95875,0.95892,1.00,1.00
2016.05.01 23:58:43.670,0.95873,0.95892,2.25,1.00
2016.05.01 23:58:46.969,0.95875,0.95892,1.00,1.00
2016.05.01 23:58:48.163,0.95874,0.95892,1.12,1.00
2016.05.01 23:58:49.099,0.95875,0.95892,1.00,1.00
2016.05.01 23:58:52.479,0.95874,0.95892,1.12,1.00
2016.05.01 23:58:57.829,0.95875,0.95892,1.00,1.00
2016.05.01 23:59:00.299,0.95874,0.95892,1.00,1.00
2016.05.01 23:59:00.811,0.95875,0.95892,1.00,1.00
2016.05.01 23:59:03.012,0.95874,0.95892,1.00,1.00
2016.05.01 23:59:10.067,0.95875,0.95892,1.00,1.00
2016.05.01 23:59:13.650,0.95875,0.95893,1.00,1.00
2016.05.01 23:59:14.179,0.95876,0.95893,1.00,1.00
2016.05.01 23:59:17.060,0.95877,0.95893,1.00,1.00
2016.05.01 23:59:17.610,0.95877,0.95892,1.00,1.00
2016.05.01 23:59:18.264,0.95877,0.95896,1.00,1.12
2016.05.01 23:59:18.469,0.95879,0.95898,1.00,2.25
2016.05.01 23:59:22.467,0.95878,0.95897,1.12,1.00
2016.05.01 23:59:32.363,0.95879,0.95897,1.00,1.00
2016.05.01 23:59:32.913,0.95879,0.95898,1.12,1.50
2016.05.01 23:59:34.297,0.95878,0.95897,1.00,1.00
2016.05.01 23:59:35.253,0.95878,0.95897,1.37,1.00
2016.05.01 23:59:35.710,0.95878,0.95899,1.37,1.87
2016.05.01 23:59:36.249,0.95878,0.95898,1.50,1.00
2016.05.01 23:59:36.774,0.95878,0.95899,1.37,1.87
2016.05.01 23:59:37.285,0.95878,0.95898,1.50,1.00
2016.05.01 23:59:41.866,0.95878,0.95895,1.12,1.00
2016.05.01 23:59:42.382,0.95878,0.95896,1.00,1.50
2016.05.01 23:59:42.889,0.95878,0.95897,1.12,1.50
2016.05.01 23:59:46.168,0.95878,0.95898,1.00,1.12
2016.05.01 23:59:46.911,0.95877,0.95898,1.00,1.12
2016.05.01 23:59:48.331,0.95877,0.95897,1.00,1.00
2016.05.01 23:59:49.890,0.95878,0.95897,1.00,1.00
2016.05.01 23:59:52.222,0.95878,0.95898,1.00,1.12
2016.05.01 23:59:52.739,0.95877,0.95899,1.00,1.50
2016.05.01 23:59:52.892,0.95875,0.95898,1.00,1.12
2016.05.01 23:59:53.047,0.95875,0.95895,1.00,1.00
2016.05.01 23:59:53.099,0.95873,0.95895,2.25,1.00
2016.05.01 23:59:53.252,0.95873,0.95893,1.00,1.00
2016.05.01 23:59:53.763,0.95873,0.95892,1.00,1.00
2016.05.01 23:59:53.815,0.95871,0.95892,1.00,1.00
2016.05.01 23:59:54.020,0.95873,0.95892,1.00,1.00
2016.05.01 23:59:55.364,0.95873,0.95893,1.00,1.00
2016.05.01 23:59:55.871,0.95873,0.95894,1.00,1.50
2016.05.01 23:59:56.805,0.95874,0.95894,1.00,1.50
2016.05.01 23:59:59.640,0.95875,0.95894,1.00,1.50
