2011.01.24 13:00:00.364,0.95782,0.95802,1.13,1.50
2011.01.24 13:00:01.459,0.95782,0.95802,1.13,1.50
2011.01.24 13:00:02.346,0.95782,0.95803,1.13,2.25
2011.01.24 13:00:03.445,0.95782,0.95803,1.13,2.25
2011.01.24 13:00:04.542,0.95782,0.95803,1.13,2.25
2011.01.24 13:00:04.778,0.9578,0.95803,3.75,1.39
2011.01.24 13:00:05.467,0.95779,0.95796,2.25,3.60
2011.01.24 13:00:06.031,0.95778,0.95795,2.25,1.05
2011.01.24 13:00:06.600,0.95771,0.95792,3.00,1.65
2011.01.24 13:00:06.722,0.95771,0.95792,3.00,1.65
2011.01.24 13:00:07.580,0.95771,0.95792,3.00,1.50
2011.01.24 13:00:07.707,0.95774,0.95792,1.50,1.50
2011.01.24 13:00:09.035,0.95772,0.95791,2.25,1.50
2011.01.24 13:00:09.773,0.95772,0.95792,2.25,1.77
2011.01.24 13:00:10.232,0.95771,0.95791,1.50,1.88
2011.01.24 13:00:10.810,0.9577,0.95791,7.35,1.50
2011.01.24 13:00:10.929,0.95771,0.95792,1.50,1.50
2011.01.24 13:00:12.658,0.95771,0.9579,1.50,1.50
2011.01.24 13:00:13.318,0.95769,0.95787,1.50,2.70
2011.01.24 13:00:14.867,0.95769,0.9579,8.10,1.77
2011.01.24 13:00:15.751,0.95771,0.95792,5.10,3.34
2011.01.24 13:00:15.990,0.95769,0.95791,3.00,2.52
2011.01.24 13:00:17.871,0.95771,0.95794,1.02,7.35
2011.01.24 13:00:17.985,0.95773,0.95793,1.50,1.13
2011.01.24 13:00:18.547,0.95773,0.95794,7.35,1.05
2011.01.24 13:00:20.352,0.95775,0.95795,1.50,3.30
2011.01.24 13:00:20.931,0.95773,0.95795,2.25,3.30
2011.01.24 13:00:22.454,0.95774,0.95794,8.10,1.05
2011.01.24 13:00:23.539,0.95774,0.95794,1.50,1.13
2011.01.24 13:00:28.450,0.9577,0.95793,3.00,1.77
2011.01.24 13:00:29.367,0.95773,0.95792,5.10,2.25
2011.01.24 13:00:29.490,0.95777,0.95795,1.50,1.50
2011.01.24 13:00:30.305,0.95774,0.95795,7.35,1.50
2011.01.24 13:00:31.427,0.95776,0.95795,1.50,2.25
2011.01.24 13:00:35.052,0.95774,0.95795,2.25,1.50
2011.01.24 13:00:36.539,0.95773,0.95792,5.10,2.25
2011.01.24 13:00:36.869,0.9577,0.95789,2.25,6.08
2011.01.24 13:00:37.426,0.9577,0.95789,2.25,1.50
2011.01.24 13:00:37.873,0.95773,0.95789,1.50,1.50
2011.01.24 13:00:38.428,0.9577,0.9579,2.25,5.37
2011.01.24 13:00:40.049,0.95772,0.9579,1.50,1.24
2011.01.24 13:00:40.159,0.95769,0.95787,2.25,1.35
2011.01.24 13:00:40.608,0.95769,0.9579,2.25,5.37
2011.01.24 13:00:46.983,0.95771,0.95791,2.25,6.87
2011.01.24 13:00:47.318,0.9577,0.9579,1.50,2.14
2011.01.24 13:00:47.429,0.95768,0.9579,3.75,1.77
2011.01.24 13:00:48.197,0.9577,0.9579,1.50,1.77
2011.01.24 13:00:50.005,0.9577,0.9579,2.25,1.77
2011.01.24 13:00:54.865,0.9577,0.9579,1.50,2.52
2011.01.24 13:00:55.213,0.95768,0.95786,1.02,2.76
2011.01.24 13:00:55.766,0.95763,0.95785,4.50,2.40
2011.01.24 13:00:56.210,0.9576,0.95776,1.50,1.17
2011.01.24 13:00:56.767,0.95759,0.95776,3.00,1.02
2011.01.24 13:00:59.575,0.95759,0.95776,2.25,1.20
2011.01.24 13:01:01.218,0.95758,0.95779,5.85,2.25
2011.01.24 13:01:01.774,0.95761,0.95779,5.85,1.50
2011.01.24 13:01:02.638,0.95763,0.95782,6.60,3.75
2011.01.24 13:01:04.689,0.95763,0.95782,6.60,3.75
2011.01.24 13:01:05.664,0.95762,0.95783,1.50,2.63
2011.01.24 13:01:08.151,0.95762,0.95783,6.60,2.25
2011.01.24 13:01:10.689,0.95763,0.95784,5.85,2.25
2011.01.24 13:01:11.970,0.95764,0.95784,1.50,2.25
2011.01.24 13:01:15.007,0.95764,0.95786,6.75,2.25
2011.01.24 13:01:15.337,0.95769,0.95786,1.50,2.63
2011.01.24 13:01:16.338,0.95769,0.9579,2.25,1.50
2011.01.24 13:01:17.690,0.95769,0.9579,2.25,2.63
2011.01.24 13:01:18.259,0.95767,0.95781,1.50,1.13
2011.01.24 13:01:18.379,0.95762,0.95776,1.02,2.33
2011.01.24 13:01:18.611,0.95758,0.95776,2.25,2.33
2011.01.24 13:01:20.249,0.95758,0.95776,2.25,3.45
2011.01.24 13:01:26.357,0.95758,0.95776,2.25,1.58
2011.01.24 13:01:29.987,0.95757,0.95777,1.50,1.50
2011.01.24 13:01:30.649,0.95759,0.95777,2.25,1.50
2011.01.24 13:01:31.189,0.95759,0.95778,2.25,1.35
2011.01.24 13:01:32.853,0.95759,0.9578,7.35,2.40
2011.01.24 13:01:33.569,0.95759,0.95782,7.73,1.65
2011.01.24 13:01:34.169,0.9576,0.95782,2.25,1.65
2011.01.24 13:01:34.723,0.95763,0.95782,1.50,1.65
2011.01.24 13:01:36.407,0.95763,0.95776,1.50,2.63
2011.01.24 13:01:37.025,0.95758,0.95776,1.50,1.13
2011.01.24 13:01:37.146,0.95758,0.95776,1.50,1.88
2011.01.24 13:01:38.688,0.95752,0.95774,1.50,1.13
2011.01.24 13:01:42.422,0.95753,0.95772,1.50,6.38
2011.01.24 13:01:43.065,0.95747,0.95767,3.00,5.90
2011.01.24 13:01:43.762,0.95739,0.95758,2.25,1.99
2011.01.24 13:01:44.314,0.95739,0.95758,2.25,1.24
2011.01.24 13:01:44.660,0.95739,0.95752,2.25,1.02
2011.01.24 13:01:44.890,0.95737,0.95751,1.50,2.29
2011.01.24 13:01:45.552,0.9573,0.9575,2.25,2.29
2011.01.24 13:01:45.679,0.9573,0.95747,1.50,1.28
2011.01.24 13:01:46.540,0.9573,0.95747,1.50,1.28
2011.01.24 13:01:50.378,0.9573,0.95749,1.50,1.39
2011.01.24 13:01:52.568,0.95732,0.95753,6.98,1.13
2011.01.24 13:01:52.788,0.95737,0.95755,1.50,4.39
2011.01.24 13:01:53.891,0.95737,0.95753,1.50,1.77
2011.01.24 13:01:54.608,0.95739,0.95758,1.50,3.27
2011.01.24 13:01:55.380,0.9574,0.95758,1.50,1.77
2011.01.24 13:01:55.506,0.95741,0.95758,1.50,1.77
2011.01.24 13:01:59.222,0.95741,0.95758,1.50,1.02
2011.01.24 13:02:01.318,0.95741,0.95761,1.50,2.14
2011.01.24 13:02:03.532,0.95741,0.95759,2.25,1.50
2011.01.24 13:02:07.368,0.95743,0.95759,1.50,1.50
2011.01.24 13:02:09.015,0.95743,0.95761,1.50,3.64
2011.01.24 13:02:11.221,0.95741,0.9576,1.50,2.52
2011.01.24 13:02:11.874,0.95741,0.9576,1.50,1.77
2011.01.24 13:02:12.430,0.95741,0.95759,1.50,1.50
2011.01.24 13:02:13.226,0.95741,0.9576,1.50,2.14
2011.01.24 13:02:20.276,0.95743,0.95761,1.50,1.77
2011.01.24 13:02:23.042,0.95743,0.95759,1.50,1.50
2011.01.24 13:02:24.675,0.95743,0.95761,1.50,1.77
2011.01.24 13:02:29.579,0.95741,0.95756,1.50,1.50
2011.01.24 13:02:29.703,0.95741,0.95761,1.50,1.77
2011.01.24 13:02:29.819,0.95741,0.95761,1.50,1.77
2011.01.24 13:02:31.507,0.95742,0.95759,1.50,1.50
2011.01.24 13:02:31.951,0.9574,0.95757,2.25,1.50
2011.01.24 13:02:32.069,0.9574,0.9576,1.50,1.02
2011.01.24 13:02:32.589,0.95741,0.9576,1.50,1.02
2011.01.24 13:02:33.149,0.95741,0.95762,1.50,1.39
2011.01.24 13:02:37.484,0.9574,0.9576,6.60,1.02
2011.01.24 13:02:45.824,0.95741,0.95763,6.60,4.50
2011.01.24 13:02:46.388,0.95741,0.95761,1.50,1.77
2011.01.24 13:02:48.670,0.9574,0.95759,1.50,1.50
2011.01.24 13:02:48.791,0.95739,0.95758,5.85,1.50
2011.01.24 13:02:49.368,0.95735,0.95757,6.60,1.20
2011.01.24 13:02:49.708,0.95737,0.95756,1.50,2.10
2011.01.24 13:02:51.262,0.95735,0.95756,3.00,2.25
2011.01.24 13:02:53.398,0.95735,0.95754,3.00,2.25
2011.01.24 13:02:54.939,0.95735,0.95754,1.50,2.25
2011.01.24 13:02:55.512,0.95735,0.95754,3.00,2.25
2011.01.24 13:02:55.860,0.95735,0.95751,2.25,2.67
2011.01.24 13:02:56.426,0.95732,0.95747,1.50,1.65
2011.01.24 13:02:56.548,0.95729,0.95747,1.50,2.33
2011.01.24 13:02:57.196,0.95728,0.95747,2.25,2.55
2011.01.24 13:02:57.751,0.95728,0.95746,2.25,1.35
2011.01.24 13:02:58.457,0.95728,0.95745,1.50,2.25
2011.01.24 13:02:59.149,0.95728,0.95744,1.50,1.50
2011.01.24 13:02:59.981,0.95726,0.95744,2.25,1.50
2011.01.24 13:03:01.157,0.95726,0.95747,2.25,1.88
2011.01.24 13:03:01.709,0.95726,0.95746,3.00,2.25
2011.01.24 13:03:03.501,0.95728,0.95747,1.13,3.08
2011.01.24 13:03:04.171,0.95728,0.95747,1.88,3.08
2011.01.24 13:03:04.728,0.95728,0.95746,1.50,1.35
2011.01.24 13:03:05.522,0.95727,0.95746,1.50,1.35
2011.01.24 13:03:09.047,0.95725,0.95746,7.35,2.25
2011.01.24 13:03:10.359,0.95726,0.95746,1.50,2.25
2011.01.24 13:03:10.944,0.95728,0.95747,1.50,3.23
2011.01.24 13:03:12.307,0.95725,0.95747,3.00,2.18
2011.01.24 13:03:13.408,0.95727,0.95748,1.50,3.23
2011.01.24 13:03:14.328,0.95731,0.9575,1.50,4.02
2011.01.24 13:03:14.446,0.95729,0.95747,1.50,1.28
2011.01.24 13:03:15.000,0.95729,0.95747,1.50,1.50
2011.01.24 13:03:16.361,0.9573,0.9575,6.23,2.52
2011.01.24 13:03:16.920,0.95732,0.95752,2.25,1.02
2011.01.24 13:03:17.039,0.95734,0.95752,5.85,1.50
2011.01.24 13:03:17.903,0.95735,0.95752,2.25,1.50
2011.01.24 13:03:20.467,0.95734,0.95751,2.25,1.50
2011.01.24 13:03:20.801,0.95733,0.95751,7.35,1.50
2011.01.24 13:03:21.821,0.95739,0.95757,1.50,5.85
2011.01.24 13:03:21.946,0.95737,0.95757,2.25,5.85
2011.01.24 13:03:22.411,0.95737,0.95757,2.25,5.10
2011.01.24 13:03:23.111,0.95739,0.95758,1.50,1.50
2011.01.24 13:03:25.730,0.95738,0.95756,7.35,1.50
2011.01.24 13:03:26.502,0.95738,0.95758,7.35,3.00
2011.01.24 13:03:26.625,0.9574,0.95756,1.50,1.50
2011.01.24 13:03:27.413,0.95751,0.95766,1.50,5.85
2011.01.24 13:03:27.535,0.95751,0.9577,1.50,1.39
2011.01.24 13:03:27.868,0.95748,0.9577,2.25,1.39
2011.01.24 13:03:28.622,0.95748,0.95769,2.25,5.74
2011.01.24 13:03:30.255,0.95748,0.95764,1.50,7.24
2011.01.24 13:03:30.373,0.95741,0.95762,3.00,1.02
2011.01.24 13:03:31.141,0.9574,0.95761,1.50,5.74
2011.01.24 13:03:32.574,0.95739,0.95761,1.50,6.04
2011.01.24 13:03:32.693,0.95738,0.95757,1.50,1.73
2011.01.24 13:03:33.638,0.95737,0.95755,2.25,5.74
2011.01.24 13:03:33.762,0.95735,0.95755,1.50,5.85
2011.01.24 13:03:34.618,0.95735,0.95754,1.50,5.10
2011.01.24 13:03:35.758,0.95735,0.95756,4.50,5.10
2011.01.24 13:03:35.995,0.95735,0.95756,1.50,6.87
2011.01.24 13:03:36.555,0.95733,0.95754,2.25,5.10
2011.01.24 13:03:39.891,0.95734,0.95756,2.25,5.10
2011.01.24 13:03:40.119,0.95736,0.95757,1.50,10.73
2011.01.24 13:03:40.603,0.95733,0.95756,1.50,7.35
2011.01.24 13:03:41.061,0.95732,0.95754,1.50,5.85
2011.01.24 13:03:44.820,0.95732,0.95751,1.50,1.13
2011.01.24 13:03:45.523,0.95732,0.95751,1.50,1.28
2011.01.24 13:03:46.631,0.95728,0.95747,1.50,1.80
2011.01.24 13:03:46.972,0.95718,0.95737,5.85,1.88
2011.01.24 13:03:47.718,0.95711,0.95729,1.50,1.02
2011.01.24 13:03:47.836,0.95709,0.95731,1.50,3.75
2011.01.24 13:03:48.389,0.9571,0.95731,1.50,4.50
2011.01.24 13:03:48.608,0.95708,0.95731,1.50,5.63
2011.01.24 13:03:49.406,0.95709,0.95731,5.10,4.50
2011.01.24 13:03:50.395,0.95708,0.9573,8.10,2.25
2011.01.24 13:03:50.517,0.95709,0.9573,2.25,5.10
2011.01.24 13:03:50.743,0.95708,0.95729,3.75,5.85
2011.01.24 13:03:51.511,0.95709,0.95731,2.52,10.73
2011.01.24 13:03:53.394,0.95709,0.95731,2.52,3.00
2011.01.24 13:03:53.843,0.9571,0.95731,1.50,3.00
2011.01.24 13:03:54.460,0.95715,0.95731,6.60,1.50
2011.01.24 13:03:54.583,0.95716,0.95737,2.25,1.50
2011.01.24 13:03:54.811,0.95716,0.95738,1.13,1.50
2011.01.24 13:03:55.349,0.95719,0.9574,2.25,1.77
2011.01.24 13:03:56.919,0.95718,0.95735,1.50,5.10
2011.01.24 13:03:57.038,0.95712,0.9573,1.50,5.10
2011.01.24 13:03:57.153,0.95711,0.95729,2.25,1.02
2011.01.24 13:03:57.379,0.95711,0.9573,1.50,5.10
2011.01.24 13:03:57.498,0.95711,0.95728,1.50,5.10
2011.01.24 13:03:58.266,0.9571,0.95729,2.25,5.10
2011.01.24 13:03:59.353,0.9571,0.95729,2.25,5.10
2011.01.24 13:03:59.475,0.95712,0.95732,2.25,1.50
2011.01.24 13:04:01.470,0.95712,0.95731,2.25,5.10
2011.01.24 13:04:01.919,0.95712,0.95725,2.25,1.02
2011.01.24 13:04:02.152,0.95708,0.95728,1.50,5.10
2011.01.24 13:04:04.200,0.9571,0.95727,2.25,5.10
2011.01.24 13:04:04.319,0.9571,0.95729,2.25,6.60
2011.01.24 13:04:04.438,0.95713,0.95729,1.50,6.60
2011.01.24 13:04:05.118,0.95712,0.95729,1.50,5.10
2011.01.24 13:04:05.462,0.95713,0.95731,1.88,1.50
2011.01.24 13:04:05.802,0.95711,0.95731,3.00,1.50
2011.01.24 13:04:06.364,0.95711,0.95731,3.00,1.50
2011.01.24 13:04:12.277,0.95712,0.95731,1.50,1.50
2011.01.24 13:04:12.827,0.95711,0.95731,2.25,6.60
2011.01.24 13:04:16.457,0.95714,0.95735,2.25,2.25
2011.01.24 13:04:18.225,0.95721,0.95742,1.02,6.60
2011.01.24 13:04:18.572,0.95723,0.95742,6.12,1.50
2011.01.24 13:04:19.862,0.95723,0.95742,5.85,1.50
2011.01.24 13:04:19.991,0.95722,0.95741,2.25,1.50
2011.01.24 13:04:20.111,0.95722,0.95743,2.52,2.25
2011.01.24 13:04:20.229,0.95722,0.95743,2.52,2.25
2011.01.24 13:04:22.616,0.95723,0.95741,6.60,1.02
2011.01.24 13:04:22.740,0.95714,0.95735,3.00,5.10
2011.01.24 13:04:25.703,0.95713,0.95735,4.02,5.48
2011.01.24 13:04:26.293,0.95712,0.95732,3.00,6.12
2011.01.24 13:04:28.655,0.95715,0.95735,2.25,6.12
2011.01.24 13:04:30.540,0.95714,0.95734,1.02,1.50
2011.01.24 13:04:30.658,0.95714,0.95734,1.02,2.25
2011.01.24 13:04:30.989,0.95709,0.95727,1.50,1.02
2011.01.24 13:04:31.656,0.95709,0.95729,2.52,5.10
2011.01.24 13:04:32.219,0.95709,0.95731,2.52,8.37
2011.01.24 13:04:32.748,0.95711,0.95731,1.50,6.87
2011.01.24 13:04:33.561,0.95711,0.95731,1.50,6.12
2011.01.24 13:04:33.794,0.95713,0.95731,1.50,6.12
2011.01.24 13:04:34.319,0.95712,0.95731,1.50,6.12
2011.01.24 13:04:34.769,0.95712,0.95731,2.52,5.10
2011.01.24 13:04:35.538,0.95714,0.95735,2.52,2.52
2011.01.24 13:04:36.138,0.95714,0.95735,2.52,2.52
2011.01.24 13:04:41.974,0.95718,0.95734,1.50,1.50
2011.01.24 13:04:42.665,0.95718,0.95727,1.50,1.02
2011.01.24 13:04:42.790,0.95717,0.95732,1.50,1.02
2011.01.24 13:04:42.909,0.95713,0.95732,2.25,1.02
2011.01.24 13:04:45.454,0.95715,0.95732,1.50,1.77
2011.01.24 13:04:46.334,0.95714,0.95732,2.25,1.77
2011.01.24 13:04:47.706,0.95715,0.95732,1.50,1.77
2011.01.24 13:04:49.668,0.95716,0.95732,1.50,1.77
2011.01.24 13:04:50.411,0.95715,0.95732,1.50,1.77
2011.01.24 13:04:51.297,0.95714,0.95732,3.75,1.77
2011.01.24 13:04:52.512,0.95713,0.95732,2.25,1.77
2011.01.24 13:04:53.068,0.95714,0.95732,1.50,1.77
2011.01.24 13:04:54.087,0.95713,0.95732,3.75,1.77
2011.01.24 13:04:54.589,0.95714,0.95732,1.50,1.77
2011.01.24 13:04:55.186,0.95715,0.95732,1.50,1.77
2011.01.24 13:04:57.829,0.95716,0.95735,2.25,1.50
2011.01.24 13:04:58.525,0.95717,0.95735,1.50,1.50
2011.01.24 13:04:59.486,0.95715,0.95735,2.25,1.50
2011.01.24 13:05:00.048,0.95717,0.95735,2.25,1.50
2011.01.24 13:05:01.110,0.95716,0.95734,2.25,1.50
2011.01.24 13:05:01.910,0.9572,0.95734,5.85,1.50
2011.01.24 13:05:02.555,0.95722,0.95741,1.39,2.25
2011.01.24 13:05:02.674,0.95726,0.95747,3.00,1.47
2011.01.24 13:05:03.697,0.95725,0.95744,1.50,1.50
2011.01.24 13:05:06.439,0.95724,0.95744,3.00,1.50
2011.01.24 13:05:09.175,0.95724,0.95746,2.25,2.25
2011.01.24 13:05:13.315,0.95726,0.95746,2.25,2.25
2011.01.24 13:05:14.090,0.95725,0.95746,1.50,3.00
2011.01.24 13:05:21.393,0.95727,0.95746,3.00,3.08
2011.01.24 13:05:21.727,0.95727,0.95746,3.00,3.08
2011.01.24 13:05:21.950,0.95727,0.95746,3.00,2.33
2011.01.24 13:05:24.630,0.95727,0.95748,1.50,5.85
2011.01.24 13:05:27.907,0.95727,0.95747,1.50,1.80
2011.01.24 13:05:32.820,0.95728,0.95747,2.25,1.73
2011.01.24 13:05:35.627,0.95728,0.95747,2.25,1.73
2011.01.24 13:05:38.948,0.95727,0.95746,1.50,1.73
2011.01.24 13:05:39.699,0.95727,0.95746,1.50,1.73
2011.01.24 13:05:40.042,0.95727,0.95747,3.75,1.50
2011.01.24 13:05:40.619,0.95732,0.9575,3.00,1.28
2011.01.24 13:05:41.599,0.95732,0.9575,1.50,1.28
2011.01.24 13:05:42.149,0.95729,0.9575,2.25,1.73
2011.01.24 13:05:45.716,0.95729,0.9575,3.75,1.73
2011.01.24 13:05:46.159,0.9573,0.9575,2.25,1.73
2011.01.24 13:05:47.630,0.95729,0.95749,2.25,2.48
2011.01.24 13:05:52.050,0.95729,0.95751,2.25,8.85
2011.01.24 13:05:52.608,0.95729,0.95749,1.50,1.05
2011.01.24 13:05:53.286,0.95729,0.95749,1.50,1.05
2011.01.24 13:05:53.627,0.95732,0.95751,1.50,3.00
2011.01.24 13:05:54.693,0.95731,0.95751,3.00,1.28
2011.01.24 13:05:55.561,0.95733,0.95751,1.50,1.95
2011.01.24 13:05:57.871,0.9573,0.95751,3.00,4.73
2011.01.24 13:06:06.576,0.95732,0.95749,1.50,1.50
2011.01.24 13:06:11.648,0.95732,0.95752,1.50,7.32
2011.01.24 13:06:14.788,0.95732,0.95751,1.50,2.18
2011.01.24 13:06:15.121,0.95733,0.95751,1.50,1.50
2011.01.24 13:06:15.810,0.95738,0.95754,1.02,5.10
2011.01.24 13:06:15.930,0.9574,0.95758,1.50,2.25
2011.01.24 13:06:16.053,0.95742,0.95758,1.02,1.50
2011.01.24 13:06:16.171,0.9574,0.95758,1.88,1.50
2011.01.24 13:06:16.402,0.95743,0.95759,5.85,1.50
2011.01.24 13:06:16.965,0.95747,0.95763,1.50,2.25
2011.01.24 13:06:18.005,0.95747,0.95763,1.50,2.25
2011.01.24 13:06:18.230,0.95747,0.95763,1.50,1.50
2011.01.24 13:06:20.097,0.95744,0.95763,1.50,3.00
2011.01.24 13:06:26.488,0.95744,0.95761,1.50,1.50
2011.01.24 13:06:28.219,0.95743,0.95763,1.50,3.00
2011.01.24 13:06:29.597,0.95743,0.95762,1.50,1.50
2011.01.24 13:06:33.982,0.95743,0.95762,1.50,3.15
2011.01.24 13:06:34.727,0.95741,0.95759,1.50,1.80
2011.01.24 13:06:34.847,0.95741,0.9576,1.77,1.50
2011.01.24 13:06:35.457,0.95743,0.95761,1.02,1.50
2011.01.24 13:06:36.709,0.95741,0.95758,2.89,1.50
2011.01.24 13:06:37.691,0.95741,0.95761,7.73,1.50
2011.01.24 13:06:38.248,0.95741,0.95762,2.25,3.75
2011.01.24 13:06:39.138,0.9574,0.9576,2.25,1.50
2011.01.24 13:06:40.311,0.95743,0.95763,1.50,1.50
2011.01.24 13:06:40.430,0.95745,0.95763,1.50,1.50
2011.01.24 13:06:42.821,0.95744,0.95763,1.50,1.50
2011.01.24 13:06:43.378,0.95742,0.95763,1.50,3.00
2011.01.24 13:06:44.472,0.95742,0.95746,1.50,3.60
2011.01.24 13:06:44.701,0.95728,0.95741,7.35,10.05
2011.01.24 13:06:45.366,0.9572,0.95741,1.50,7.32
2011.01.24 13:06:45.478,0.95722,0.95741,1.50,2.07
2011.01.24 13:06:46.047,0.95722,0.95741,1.50,1.80
2011.01.24 13:06:46.268,0.9572,0.95741,1.88,1.80
2011.01.24 13:06:47.160,0.9572,0.9574,1.50,1.05
2011.01.24 13:06:48.614,0.95721,0.95741,1.02,2.63
2011.01.24 13:06:48.730,0.9572,0.95741,1.50,2.63
2011.01.24 13:06:49.221,0.95723,0.95741,1.50,2.63
2011.01.24 13:06:49.346,0.95721,0.95741,1.50,3.00
2011.01.24 13:06:50.889,0.95722,0.95741,1.02,2.25
2011.01.24 13:06:51.450,0.95723,0.95741,5.85,1.50
2011.01.24 13:06:51.995,0.95722,0.95741,6.60,2.25
2011.01.24 13:06:52.881,0.9572,0.95741,3.00,2.52
2011.01.24 13:06:54.439,0.95721,0.95741,2.25,2.52
2011.01.24 13:07:07.187,0.95719,0.9574,2.25,2.25
2011.01.24 13:07:14.496,0.95719,0.9574,2.25,2.25
2011.01.24 13:07:16.040,0.95722,0.9574,1.39,1.50
2011.01.24 13:07:17.034,0.95723,0.9574,5.10,1.50
2011.01.24 13:07:19.032,0.95723,0.95744,5.10,2.25
2011.01.24 13:07:19.587,0.95722,0.95743,5.37,1.50
2011.01.24 13:07:23.287,0.95721,0.95743,3.00,3.00
2011.01.24 13:07:23.622,0.95722,0.9574,2.14,1.50
2011.01.24 13:07:24.309,0.95723,0.95743,6.87,1.50
2011.01.24 13:07:25.107,0.95723,0.95742,6.87,1.50
2011.01.24 13:07:25.225,0.95723,0.95742,7.62,1.50
2011.01.24 13:07:25.463,0.95732,0.95747,1.77,3.53
2011.01.24 13:07:26.688,0.95728,0.95747,1.50,2.48
2011.01.24 13:07:27.563,0.95727,0.95747,1.77,3.00
2011.01.24 13:07:28.123,0.95731,0.95747,1.02,3.00
2011.01.24 13:07:28.871,0.95732,0.95746,6.87,2.48
2011.01.24 13:07:30.091,0.95743,0.95752,5.10,2.55
2011.01.24 13:07:30.211,0.95743,0.95754,5.10,1.50
2011.01.24 13:07:30.703,0.95743,0.95754,6.12,1.50
2011.01.24 13:07:30.827,0.95743,0.95761,6.12,2.48
2011.01.24 13:07:30.943,0.95743,0.9576,5.10,1.24
2011.01.24 13:07:32.331,0.9574,0.95757,1.02,1.65
2011.01.24 13:07:36.238,0.9574,0.95757,2.52,3.30
2011.01.24 13:07:37.407,0.95743,0.95757,1.50,2.93
2011.01.24 13:07:38.603,0.95742,0.95757,1.50,3.23
2011.01.24 13:07:38.849,0.9574,0.95757,1.02,2.93
2011.01.24 13:07:51.831,0.9574,0.9576,1.77,1.02
2011.01.24 13:07:51.957,0.95743,0.95762,5.37,1.50
2011.01.24 13:07:52.290,0.95745,0.95762,2.25,1.50
2011.01.24 13:07:53.618,0.95745,0.95764,2.25,1.50
2011.01.24 13:07:56.678,0.95744,0.95765,7.35,3.00
2011.01.24 13:07:58.270,0.95746,0.95765,1.50,3.00
2011.01.24 13:07:59.492,0.95744,0.95765,6.60,1.50
2011.01.24 13:08:03.594,0.95746,0.95765,1.50,2.25
2011.01.24 13:08:04.475,0.95746,0.95765,1.50,2.40
2011.01.24 13:08:04.595,0.95744,0.95765,1.50,2.78
2011.01.24 13:08:05.150,0.95746,0.95765,1.13,2.78
2011.01.24 13:08:05.718,0.95752,0.95765,1.50,3.53
2011.01.24 13:08:05.842,0.95748,0.95765,1.50,7.24
2011.01.24 13:08:05.962,0.95744,0.9576,1.50,5.25
2011.01.24 13:08:06.078,0.95743,0.9576,1.50,5.25
2011.01.24 13:08:06.631,0.95743,0.9576,1.50,5.93
2011.01.24 13:08:08.619,0.95741,0.95759,2.25,5.93
2011.01.24 13:08:08.729,0.95741,0.95756,1.50,1.20
2011.01.24 13:08:09.392,0.95739,0.95756,1.50,4.36
2011.01.24 13:08:10.852,0.95739,0.95752,1.50,1.13
2011.01.24 13:08:11.634,0.95736,0.95751,1.50,2.14
2011.01.24 13:08:12.273,0.95738,0.95751,1.50,2.14
2011.01.24 13:08:13.309,0.9574,0.95751,1.50,1.39
2011.01.24 13:08:13.856,0.95736,0.95751,1.50,2.14
2011.01.24 13:08:14.629,0.95735,0.95751,1.50,1.39
2011.01.24 13:08:19.509,0.95736,0.95748,1.50,1.13
2011.01.24 13:08:20.168,0.95734,0.95748,1.50,1.13
2011.01.24 13:08:21.239,0.95734,0.95748,1.50,1.43
2011.01.24 13:08:23.410,0.95736,0.95747,1.50,1.43
2011.01.24 13:08:23.754,0.95731,0.95746,2.25,1.65
2011.01.24 13:08:24.678,0.95733,0.95746,1.50,1.02
2011.01.24 13:08:26.807,0.95731,0.95747,1.50,3.00
2011.01.24 13:08:27.145,0.95733,0.95746,1.50,3.00
2011.01.24 13:08:28.834,0.95729,0.95746,1.50,3.00
2011.01.24 13:08:28.954,0.95729,0.95746,1.50,3.00
2011.01.24 13:08:30.689,0.95732,0.95746,1.50,3.00
2011.01.24 13:08:30.799,0.9573,0.95746,1.50,3.00
2011.01.24 13:08:36.849,0.9573,0.95747,1.50,3.00
2011.01.24 13:08:39.868,0.95731,0.95747,1.50,3.00
2011.01.24 13:08:39.980,0.95729,0.95747,1.50,3.00
2011.01.24 13:08:41.019,0.9573,0.95747,1.50,3.00
2011.01.24 13:08:44.815,0.95732,0.95747,1.50,2.25
2011.01.24 13:08:45.365,0.95736,0.95747,1.50,1.50
2011.01.24 13:08:45.488,0.95731,0.95748,1.50,6.90
2011.01.24 13:08:46.040,0.9573,0.95748,1.50,6.90
2011.01.24 13:08:49.129,0.95729,0.95747,1.50,5.87
2011.01.24 13:08:50.919,0.95729,0.95748,1.50,1.52
2011.01.24 13:08:51.500,0.95729,0.95748,1.50,1.52
2011.01.24 13:08:52.145,0.95728,0.95748,1.50,1.52
2011.01.24 13:08:53.117,0.95728,0.95745,1.50,1.52
2011.01.24 13:08:53.878,0.95728,0.95745,1.50,1.52
2011.01.24 13:08:54.599,0.95728,0.95745,1.50,1.52
2011.01.24 13:08:56.138,0.95728,0.95745,1.50,1.52
2011.01.24 13:08:57.134,0.95728,0.95745,1.50,1.52
2011.01.24 13:08:57.752,0.95728,0.95745,1.50,1.52
2011.01.24 13:08:59.785,0.95728,0.95745,1.50,1.52
2011.01.24 13:09:01.281,0.95728,0.95745,1.50,1.52
2011.01.24 13:09:02.799,0.95728,0.95745,1.50,1.52
2011.01.24 13:09:03.730,0.95728,0.95745,1.50,1.52
2011.01.24 13:09:04.400,0.95728,0.95745,1.50,1.59
2011.01.24 13:09:04.969,0.95728,0.95745,1.50,1.59
2011.01.24 13:09:05.859,0.95728,0.95745,1.50,1.59
2011.01.24 13:09:06.189,0.9573,0.95747,1.50,4.59
2011.01.24 13:09:07.178,0.9573,0.95748,1.50,5.34
2011.01.24 13:09:07.298,0.95723,0.95741,1.50,1.52
2011.01.24 13:09:07.749,0.95725,0.95742,1.50,3.02
2011.01.24 13:09:08.190,0.95723,0.95743,1.50,3.02
2011.01.24 13:09:09.408,0.95723,0.95741,1.50,2.27
2011.01.24 13:09:11.879,0.95725,0.95741,1.50,2.27
2011.01.24 13:09:13.408,0.95725,0.95741,1.50,2.27
2011.01.24 13:09:15.061,0.95725,0.95741,1.50,6.02
2011.01.24 13:09:15.399,0.95723,0.95741,1.77,5.27
2011.01.24 13:09:15.952,0.95726,0.95742,1.50,5.87
2011.01.24 13:09:17.280,0.95725,0.95742,1.50,5.87
2011.01.24 13:09:17.839,0.95725,0.95742,1.50,5.87
2011.01.24 13:09:18.713,0.95724,0.95742,1.50,7.37
2011.01.24 13:09:19.268,0.95724,0.95741,1.50,1.52
2011.01.24 13:09:20.853,0.95724,0.95742,1.50,7.37
2011.01.24 13:09:21.457,0.95724,0.95741,1.50,2.27
2011.01.24 13:09:22.078,0.95724,0.95742,1.50,7.37
2011.01.24 13:09:22.717,0.95724,0.95741,1.50,2.27
2011.01.24 13:09:23.268,0.95725,0.95742,1.50,8.12
2011.01.24 13:09:23.817,0.95725,0.95741,1.50,1.52
2011.01.24 13:09:25.837,0.95725,0.95742,3.00,8.12
2011.01.24 13:09:26.949,0.95725,0.95741,3.00,2.57
2011.01.24 13:09:27.937,0.95725,0.95742,3.00,8.42
2011.01.24 13:09:28.475,0.95726,0.95741,1.50,1.07
2011.01.24 13:09:28.819,0.95728,0.95744,1.50,5.10
2011.01.24 13:09:29.367,0.95727,0.95744,1.50,5.10
2011.01.24 13:09:31.646,0.95727,0.95744,2.52,5.10
2011.01.24 13:09:31.989,0.95731,0.95749,1.50,6.38
2011.01.24 13:09:42.508,0.95733,0.95749,1.50,1.28
2011.01.24 13:09:43.730,0.95733,0.95748,1.50,1.28
2011.01.24 13:09:43.839,0.9573,0.95748,1.50,1.28
2011.01.24 13:09:45.062,0.95728,0.95745,1.50,1.35
2011.01.24 13:09:45.291,0.95725,0.95742,3.00,7.35
2011.01.24 13:09:45.409,0.95725,0.95741,3.00,2.55
2011.01.24 13:09:47.751,0.95727,0.95741,1.50,1.80
2011.01.24 13:09:47.877,0.95732,0.95744,1.50,5.10
2011.01.24 13:09:47.991,0.95727,0.95745,1.77,5.85
2011.01.24 13:09:48.896,0.95726,0.95742,1.50,6.60
2011.01.24 13:09:49.459,0.95725,0.95742,2.25,6.60
2011.01.24 13:09:50.423,0.95728,0.95742,1.02,5.85
2011.01.24 13:09:50.994,0.95728,0.95745,1.02,5.93
2011.01.24 13:09:51.801,0.95727,0.95742,1.50,1.50
2011.01.24 13:09:53.051,0.95726,0.95741,1.50,5.85
2011.01.24 13:09:57.511,0.95725,0.95741,3.00,6.60
2011.01.24 13:09:59.307,0.95727,0.95744,1.39,6.60
2011.01.24 13:09:59.425,0.95729,0.95747,1.77,1.65
2011.01.24 13:10:00.021,0.9573,0.95746,1.50,4.05
2011.01.24 13:10:00.685,0.95727,0.95746,2.89,4.05
2011.01.24 13:10:01.469,0.95731,0.95746,1.50,3.98
2011.01.24 13:10:04.178,0.9573,0.95746,1.50,5.25
2011.01.24 13:10:05.058,0.95729,0.95746,1.02,5.63
2011.01.24 13:10:05.612,0.95725,0.95733,3.75,1.02
2011.01.24 13:10:05.738,0.95725,0.95731,1.50,1.02
2011.01.24 13:10:05.965,0.95717,0.95731,1.50,1.39
2011.01.24 13:10:06.083,0.95715,0.95731,1.50,1.39
2011.01.24 13:10:06.989,0.95713,0.95731,1.50,1.02
2011.01.24 13:10:07.815,0.95713,0.95731,1.50,1.39
2011.01.24 13:10:08.380,0.95714,0.95731,1.50,1.02
2011.01.24 13:10:08.503,0.95717,0.95732,1.02,2.25
2011.01.24 13:10:08.622,0.95717,0.95735,1.02,1.50
2011.01.24 13:10:09.228,0.95717,0.95736,1.02,1.50
2011.01.24 13:10:10.900,0.95717,0.95738,2.52,2.25
2011.01.24 13:10:11.951,0.95722,0.95739,1.77,1.50
2011.01.24 13:10:12.073,0.95722,0.95742,3.27,5.10
2011.01.24 13:10:12.632,0.95727,0.95743,1.02,1.50
2011.01.24 13:10:12.761,0.95725,0.95744,1.02,2.63
2011.01.24 13:10:13.321,0.95723,0.95742,1.02,1.50
2011.01.24 13:10:14.188,0.95723,0.95742,1.02,1.50
2011.01.24 13:10:15.392,0.95723,0.95742,1.02,3.00
2011.01.24 13:10:15.949,0.95722,0.95742,4.02,4.50
2011.01.24 13:10:16.497,0.95722,0.95741,4.02,1.50
2011.01.24 13:10:17.153,0.95722,0.95742,4.02,4.50
2011.01.24 13:10:17.717,0.95722,0.95741,4.02,2.25
2011.01.24 13:10:18.817,0.95725,0.95741,1.50,4.50
2011.01.24 13:10:20.627,0.95726,0.95742,1.50,3.00
2011.01.24 13:10:21.485,0.95726,0.95741,1.50,2.25
2011.01.24 13:10:21.610,0.9572,0.95739,1.77,1.02
2011.01.24 13:10:30.414,0.9572,0.95739,1.77,2.52
2011.01.24 13:10:30.860,0.95725,0.95739,5.10,2.52
2011.01.24 13:10:32.188,0.95727,0.95739,5.10,1.02
2011.01.24 13:10:35.079,0.95726,0.9574,5.10,2.25
2011.01.24 13:10:36.069,0.95724,0.95735,10.20,1.50
2011.01.24 13:10:36.180,0.95725,0.95739,5.10,2.25
2011.01.24 13:10:38.400,0.95719,0.95739,2.52,2.25
2011.01.24 13:10:38.630,0.95727,0.95739,1.02,2.25
2011.01.24 13:10:38.751,0.95728,0.95747,1.77,5.25
2011.01.24 13:10:38.873,0.95729,0.95747,1.77,4.50
2011.01.24 13:10:39.432,0.95729,0.95747,1.02,4.35
2011.01.24 13:10:41.149,0.95727,0.95747,2.52,4.35
2011.01.24 13:10:44.462,0.95729,0.95747,1.02,4.35
2011.01.24 13:10:46.497,0.95728,0.95747,1.02,4.35
2011.01.24 13:10:47.299,0.95729,0.95747,1.77,4.35
2011.01.24 13:10:48.269,0.95727,0.95747,4.02,4.35
2011.01.24 13:10:48.619,0.95729,0.95747,1.02,4.35
2011.01.24 13:10:48.949,0.95732,0.95751,1.77,15.90
2011.01.24 13:10:49.509,0.95733,0.95751,1.77,10.35
2011.01.24 13:10:49.624,0.95737,0.95751,1.02,5.10
2011.01.24 13:10:50.208,0.95739,0.95757,1.02,1.88
2011.01.24 13:10:51.160,0.95739,0.95757,1.02,2.85
2011.01.24 13:10:52.405,0.95736,0.95757,7.35,2.37
2011.01.24 13:10:53.309,0.95733,0.95755,6.60,1.50
2011.01.24 13:10:53.428,0.95733,0.95753,6.60,1.50
2011.01.24 13:10:54.395,0.95732,0.95752,6.60,1.50
2011.01.24 13:10:55.280,0.95732,0.9575,6.60,1.80
2011.01.24 13:10:55.610,0.95726,0.95746,2.25,7.77
2011.01.24 13:10:56.385,0.95724,0.95746,1.50,10.02
2011.01.24 13:10:56.504,0.95724,0.95744,1.50,6.60
2011.01.24 13:10:56.949,0.95725,0.95746,2.25,1.80
2011.01.24 13:10:57.501,0.95725,0.95747,3.00,3.30
2011.01.24 13:10:58.254,0.95728,0.95747,1.50,1.58
2011.01.24 13:10:58.810,0.95728,0.95741,1.50,2.55
2011.01.24 13:10:59.032,0.95726,0.95742,2.25,9.68
2011.01.24 13:10:59.259,0.95723,0.95741,3.00,9.68
2011.01.24 13:11:01.737,0.95718,0.95731,1.50,2.25
2011.01.24 13:11:02.581,0.95717,0.95731,3.75,2.25
2011.01.24 13:11:02.824,0.95717,0.95736,3.75,3.30
2011.01.24 13:11:03.050,0.95723,0.95736,1.02,2.33
2011.01.24 13:11:03.283,0.95725,0.95741,1.77,7.65
2011.01.24 13:11:03.924,0.95721,0.9574,2.25,1.80
2011.01.24 13:11:05.470,0.95721,0.9574,2.25,1.80
2011.01.24 13:11:06.451,0.9572,0.95736,3.27,1.50
2011.01.24 13:11:07.521,0.95718,0.95731,3.00,2.93
2011.01.24 13:11:08.541,0.95718,0.95732,1.50,5.18
2011.01.24 13:11:09.210,0.95716,0.95731,1.50,2.93
2011.01.24 13:11:09.743,0.95718,0.95731,1.50,2.93
2011.01.24 13:11:10.201,0.95713,0.95731,3.00,3.57
2011.01.24 13:11:10.846,0.95716,0.95731,2.25,2.55
2011.01.24 13:11:14.404,0.95715,0.95732,3.27,5.18
2011.01.24 13:11:19.489,0.95709,0.95724,1.50,1.32
2011.01.24 13:11:19.613,0.95704,0.95724,2.25,1.32
2011.01.24 13:11:20.261,0.95704,0.95723,2.25,1.77
2011.01.24 13:11:22.820,0.95704,0.95723,2.25,2.07
2011.01.24 13:11:24.540,0.95703,0.95723,3.00,2.82
2011.01.24 13:11:25.428,0.95698,0.95708,1.50,5.10
2011.01.24 13:11:26.423,0.957,0.95708,1.50,5.10
2011.01.24 13:11:27.708,0.957,0.95719,1.50,1.65
2011.01.24 13:11:28.042,0.957,0.95715,1.50,1.02
2011.01.24 13:11:28.722,0.95702,0.95715,1.50,1.50
2011.01.24 13:11:29.592,0.95706,0.95718,1.50,1.50
2011.01.24 13:11:30.155,0.95702,0.95722,2.25,6.42
2011.01.24 13:11:31.954,0.95705,0.95721,1.50,2.07
2011.01.24 13:11:32.075,0.95701,0.95721,3.00,2.07
2011.01.24 13:11:33.520,0.95704,0.95722,2.25,6.42
2011.01.24 13:11:34.708,0.95702,0.95721,1.50,2.07
2011.01.24 13:11:35.262,0.95701,0.95721,2.25,1.77
2011.01.24 13:11:35.916,0.95705,0.95721,1.50,1.77
2011.01.24 13:11:37.142,0.95707,0.95721,1.50,1.77
2011.01.24 13:11:37.369,0.9571,0.95727,1.50,2.55
2011.01.24 13:11:38.203,0.95709,0.95728,1.77,3.08
2011.01.24 13:11:38.329,0.95707,0.95722,1.50,2.52
2011.01.24 13:11:38.439,0.95703,0.95722,2.25,2.52
2011.01.24 13:11:39.065,0.95706,0.95722,1.50,2.82
2011.01.24 13:11:39.631,0.95705,0.95722,2.25,2.82
2011.01.24 13:11:40.738,0.95707,0.95722,2.25,1.32
2011.01.24 13:11:40.963,0.95704,0.95721,2.40,1.32
2011.01.24 13:11:41.534,0.95704,0.95721,2.33,1.32
2011.01.24 13:11:42.569,0.95704,0.95721,2.25,1.32
2011.01.24 13:11:42.680,0.95704,0.95719,2.25,1.02
2011.01.24 13:11:43.610,0.95701,0.95717,3.00,1.77
2011.01.24 13:11:46.072,0.95701,0.95717,2.25,1.77
2011.01.24 13:11:47.054,0.95701,0.95717,2.25,2.52
2011.01.24 13:11:48.352,0.95701,0.95716,3.38,1.77
2011.01.24 13:11:48.479,0.95707,0.95722,1.50,5.10
2011.01.24 13:11:48.598,0.95706,0.95722,1.50,1.02
2011.01.24 13:11:52.183,0.95705,0.95717,1.50,1.02
2011.01.24 13:11:52.698,0.95701,0.95717,3.00,2.52
2011.01.24 13:11:52.930,0.95702,0.95717,2.25,1.50
2011.01.24 13:11:53.051,0.95705,0.95721,1.50,1.32
2011.01.24 13:11:55.189,0.95707,0.95722,1.50,1.32
2011.01.24 13:11:55.739,0.95707,0.95722,1.50,1.32
2011.01.24 13:11:58.990,0.95705,0.95722,1.50,1.32
2011.01.24 13:11:59.547,0.95705,0.9572,1.50,1.05
2011.01.24 13:11:59.995,0.95707,0.95721,1.50,1.32
2011.01.24 13:12:01.338,0.95707,0.95721,1.50,1.32
2011.01.24 13:12:03.781,0.95707,0.9572,1.50,1.28
2011.01.24 13:12:04.388,0.95705,0.95721,1.50,1.54
2011.01.24 13:12:07.593,0.95702,0.95721,2.25,1.54
2011.01.24 13:12:08.690,0.95702,0.95717,2.25,2.48
2011.01.24 13:12:09.208,0.957,0.95715,2.25,1.05
2011.01.24 13:12:09.328,0.95699,0.95715,1.50,1.05
2011.01.24 13:12:10.211,0.95699,0.95717,2.25,7.28
2011.01.24 13:12:10.551,0.95701,0.95716,1.50,1.28
2011.01.24 13:12:10.888,0.95701,0.95716,1.50,1.13
2011.01.24 13:12:12.072,0.95701,0.95716,1.50,1.13
2011.01.24 13:12:12.193,0.95702,0.95719,1.50,2.48
2011.01.24 13:12:12.915,0.95704,0.9572,1.50,1.28
2011.01.24 13:12:13.478,0.95704,0.9572,2.25,1.28
2011.01.24 13:12:19.629,0.95704,0.9572,2.25,1.05
2011.01.24 13:12:19.849,0.95704,0.9572,2.25,1.05
2011.01.24 13:12:22.285,0.95702,0.95721,2.25,1.32
2011.01.24 13:12:28.923,0.95703,0.95721,2.25,6.57
2011.01.24 13:12:31.369,0.95704,0.9572,1.50,1.65
2011.01.24 13:12:31.699,0.95704,0.95721,1.50,2.07
2011.01.24 13:12:32.893,0.95704,0.95722,1.50,5.67
2011.01.24 13:12:33.451,0.95704,0.95723,2.25,2.52
2011.01.24 13:12:33.569,0.95707,0.95723,1.50,2.52
2011.01.24 13:12:37.713,0.95704,0.95723,2.25,1.77
2011.01.24 13:12:37.839,0.95706,0.95723,1.50,1.77
2011.01.24 13:12:38.728,0.95704,0.95723,1.50,6.87
2011.01.24 13:12:39.586,0.95703,0.95722,1.50,6.12
2011.01.24 13:12:40.441,0.95706,0.95722,1.50,6.12
2011.01.24 13:12:40.563,0.95703,0.95722,1.50,6.12
2011.01.24 13:12:41.720,0.95704,0.95721,1.50,1.77
2011.01.24 13:12:42.381,0.95704,0.95721,2.52,1.50
2011.01.24 13:12:42.870,0.95708,0.95725,1.50,3.38
2011.01.24 13:12:43.218,0.95714,0.9573,1.50,1.50
2011.01.24 13:12:44.529,0.95709,0.95729,1.50,1.02
2011.01.24 13:12:45.181,0.9571,0.9573,5.85,2.52
2011.01.24 13:12:45.305,0.95718,0.95731,1.50,1.05
2011.01.24 13:12:45.968,0.95716,0.95736,1.02,5.10
2011.01.24 13:12:46.090,0.95715,0.95738,3.00,6.23
2011.01.24 13:12:46.308,0.95715,0.95737,2.25,5.85
2011.01.24 13:12:49.690,0.95716,0.95738,1.50,6.98
2011.01.24 13:12:51.249,0.95715,0.95738,2.25,6.60
2011.01.24 13:12:52.127,0.95716,0.95735,1.50,1.50
2011.01.24 13:12:53.270,0.95717,0.95735,2.25,1.50
2011.01.24 13:12:54.400,0.95718,0.95738,2.25,1.50
2011.01.24 13:12:55.249,0.95718,0.95739,2.25,7.17
2011.01.24 13:12:55.920,0.95722,0.95739,1.50,5.67
2011.01.24 13:12:56.033,0.9572,0.95741,1.50,2.55
2011.01.24 13:12:56.151,0.95722,0.95741,1.50,2.55
2011.01.24 13:12:56.805,0.95723,0.95741,1.50,4.43
2011.01.24 13:12:57.249,0.9572,0.95741,2.25,2.93
2011.01.24 13:12:58.540,0.95724,0.95741,1.50,3.94
2011.01.24 13:12:58.661,0.95721,0.95741,1.50,2.07
2011.01.24 13:12:59.319,0.95721,0.95741,1.50,2.07
2011.01.24 13:13:00.529,0.95721,0.95741,2.25,3.94
2011.01.24 13:13:01.975,0.95725,0.95741,1.50,3.19
2011.01.24 13:13:02.870,0.95726,0.95741,1.50,2.44
2011.01.24 13:13:03.428,0.95731,0.95745,2.63,1.50
2011.01.24 13:13:03.548,0.95731,0.95752,2.25,1.50
2011.01.24 13:13:04.191,0.95731,0.95749,1.02,1.50
2011.01.24 13:13:04.540,0.95733,0.95749,1.50,1.50
2011.01.24 13:13:07.000,0.95731,0.95736,2.25,1.13
2011.01.24 13:13:07.341,0.95716,0.9573,1.50,1.05
2011.01.24 13:13:07.848,0.95714,0.9573,1.50,1.43
2011.01.24 13:13:07.976,0.95703,0.9572,1.50,1.02
2011.01.24 13:13:08.310,0.95702,0.95719,2.25,1.02
2011.01.24 13:13:09.187,0.95702,0.95719,2.25,1.02
2011.01.24 13:13:09.738,0.95702,0.95719,3.00,1.02
2011.01.24 13:13:11.656,0.95702,0.9572,3.00,1.77
2011.01.24 13:13:12.181,0.95702,0.95722,3.00,2.25
2011.01.24 13:13:12.301,0.95704,0.95722,1.99,2.25
2011.01.24 13:13:12.422,0.95705,0.95722,1.50,2.25
2011.01.24 13:13:13.311,0.95706,0.95719,2.25,1.02
2011.01.24 13:13:13.434,0.95705,0.95721,1.50,1.32
2011.01.24 13:13:13.662,0.95709,0.95726,2.74,1.50
2011.01.24 13:13:14.665,0.9571,0.95729,1.50,1.02
2011.01.24 13:13:14.785,0.95711,0.9573,1.02,6.90
2011.01.24 13:13:14.905,0.95717,0.95731,5.10,2.55
2011.01.24 13:13:15.790,0.95716,0.95731,1.50,3.68
2011.01.24 13:13:16.131,0.9571,0.95726,1.50,1.77
2011.01.24 13:13:18.236,0.95706,0.95719,2.74,1.02
2011.01.24 13:13:18.352,0.95706,0.95719,2.25,1.02
2011.01.24 13:13:18.583,0.95711,0.95721,1.02,5.40
2011.01.24 13:13:19.132,0.9571,0.95721,1.54,5.40
2011.01.24 13:13:19.258,0.9571,0.95728,1.50,1.02
2011.01.24 13:13:19.701,0.9571,0.95722,1.50,1.32
2011.01.24 13:13:20.236,0.95704,0.9572,1.50,1.02
2011.01.24 13:13:20.357,0.95704,0.9572,1.54,1.02
2011.01.24 13:13:20.471,0.95705,0.95721,1.50,6.42
2011.01.24 13:13:21.263,0.95713,0.9573,1.54,5.85
2011.01.24 13:13:21.391,0.95712,0.95729,2.29,1.02
2011.01.24 13:13:22.383,0.95712,0.95727,2.29,1.02
2011.01.24 13:13:22.506,0.95712,0.9573,2.29,1.02
2011.01.24 13:13:23.060,0.95714,0.9573,2.25,1.02
2011.01.24 13:13:23.686,0.95716,0.9573,1.50,1.02
2011.01.24 13:13:25.562,0.95712,0.95731,2.25,1.95
2011.01.24 13:13:25.913,0.95708,0.95723,6.64,1.02
2011.01.24 13:13:26.593,0.95708,0.95727,1.54,1.24
2011.01.24 13:13:26.718,0.9571,0.95729,1.50,1.02
2011.01.24 13:13:27.458,0.9571,0.95729,3.00,1.02
2011.01.24 13:13:34.454,0.9571,0.95725,1.50,1.02
2011.01.24 13:13:35.458,0.95711,0.95728,2.25,1.17
2011.01.24 13:13:37.538,0.95711,0.95729,2.25,2.40
2011.01.24 13:13:42.791,0.95713,0.95729,1.50,5.85
2011.01.24 13:13:44.442,0.95712,0.9573,2.25,1.02
2011.01.24 13:13:48.150,0.95714,0.9573,1.50,1.02
2011.01.24 13:13:52.374,0.95715,0.9573,1.50,1.02
2011.01.24 13:13:53.058,0.95717,0.95731,1.50,6.53
2011.01.24 13:13:54.500,0.95713,0.9573,2.29,1.05
2011.01.24 13:13:55.695,0.95718,0.95733,1.50,2.25
2011.01.24 13:13:56.033,0.95724,0.95737,1.50,1.65
2011.01.24 13:13:56.727,0.95722,0.95736,1.54,1.50
2011.01.24 13:13:57.763,0.95722,0.95736,3.04,1.50
2011.01.24 13:13:59.329,0.95723,0.9574,2.29,1.05
2011.01.24 13:14:00.489,0.95721,0.9574,1.50,7.17
2011.01.24 13:14:00.602,0.95721,0.9574,1.50,7.17
2011.01.24 13:14:01.605,0.95721,0.95739,2.25,5.85
2011.01.24 13:14:03.179,0.95721,0.9574,2.25,6.12
2011.01.24 13:14:03.831,0.9572,0.9574,3.00,6.12
2011.01.24 13:14:03.949,0.9572,0.9574,1.50,6.12
2011.01.24 13:14:04.168,0.9572,0.9574,1.50,6.12
2011.01.24 13:14:05.137,0.9572,0.9574,1.50,1.02
2011.01.24 13:14:06.679,0.95719,0.95739,1.54,2.25
2011.01.24 13:14:08.053,0.9572,0.95739,1.50,2.25
2011.01.24 13:14:08.658,0.95721,0.95739,2.25,2.25
2011.01.24 13:14:12.918,0.95721,0.95742,2.25,4.88
2011.01.24 13:14:13.482,0.95723,0.95741,2.25,1.50
2011.01.24 13:14:15.340,0.95723,0.95741,2.25,1.13
2011.01.24 13:14:16.071,0.95723,0.95745,4.05,3.00
2011.01.24 13:14:16.627,0.95728,0.95746,2.25,2.25
2011.01.24 13:14:18.445,0.95728,0.95746,2.29,1.50
2011.01.24 13:14:20.307,0.95729,0.95749,2.25,6.23
2011.01.24 13:14:20.424,0.95729,0.95749,2.29,6.23
2011.01.24 13:14:21.093,0.95728,0.95749,3.04,6.23
2011.01.24 13:14:21.648,0.95727,0.95748,4.54,1.13
2011.01.24 13:14:22.732,0.95727,0.95748,3.04,6.23
2011.01.24 13:14:23.611,0.95727,0.95748,2.29,7.73
2011.01.24 13:14:24.381,0.95727,0.95748,2.29,8.03
2011.01.24 13:14:26.198,0.95728,0.95748,2.29,7.73
2011.01.24 13:14:27.607,0.95728,0.95748,2.29,8.03
2011.01.24 13:14:28.160,0.95728,0.95748,2.29,2.25
2011.01.24 13:14:28.380,0.95728,0.95749,3.04,5.85
2011.01.24 13:14:29.017,0.95728,0.95749,1.54,6.23
2011.01.24 13:14:29.918,0.95729,0.95749,2.29,6.98
2011.01.24 13:14:36.142,0.95729,0.95748,2.29,2.25
2011.01.24 13:14:36.920,0.95729,0.95748,2.25,2.63
2011.01.24 13:14:37.830,0.95727,0.95747,3.04,1.13
2011.01.24 13:14:38.505,0.95727,0.95745,1.50,1.02
2011.01.24 13:14:39.059,0.95727,0.95742,1.50,1.50
2011.01.24 13:14:41.049,0.95725,0.95742,3.00,2.52
2011.01.24 13:14:53.988,0.95725,0.95741,1.50,1.13
2011.01.24 13:14:54.817,0.95725,0.95742,1.50,2.52
2011.01.24 13:14:55.368,0.95725,0.95742,1.50,2.52
2011.01.24 13:14:56.021,0.95725,0.95742,1.50,2.52
2011.01.24 13:14:56.815,0.95725,0.95742,1.50,2.52
2011.01.24 13:14:57.395,0.95725,0.95742,1.50,2.52
2011.01.24 13:14:58.571,0.95725,0.95741,1.50,1.05
2011.01.24 13:14:59.180,0.95724,0.95737,2.25,2.67
2011.01.24 13:14:59.304,0.95719,0.95736,1.50,1.02
2011.01.24 13:14:59.866,0.9572,0.95736,1.50,2.52
2011.01.24 13:15:00.209,0.9572,0.95738,1.50,1.39
2011.01.24 13:15:00.787,0.9572,0.95733,1.50,1.13
2011.01.24 13:15:01.013,0.95716,0.95736,1.50,2.63
2011.01.24 13:15:01.617,0.95715,0.95734,1.50,1.13
2011.01.24 13:15:01.734,0.95713,0.95734,5.89,1.13
2011.01.24 13:15:02.420,0.95707,0.95726,1.50,2.25
2011.01.24 13:15:03.869,0.95703,0.95722,6.64,2.25
2011.01.24 13:15:04.653,0.95707,0.95723,1.50,1.02
2011.01.24 13:15:04.889,0.957,0.95721,7.39,1.05
2011.01.24 13:15:05.499,0.957,0.95721,2.29,6.15
2011.01.24 13:15:06.417,0.95703,0.95721,1.54,1.05
2011.01.24 13:15:06.537,0.95703,0.95722,1.54,1.02
2011.01.24 13:15:07.459,0.95705,0.95722,1.50,1.02
2011.01.24 13:15:07.574,0.9571,0.95724,5.10,1.13
2011.01.24 13:15:08.542,0.95708,0.95727,1.50,1.02
2011.01.24 13:15:08.664,0.95708,0.95728,1.50,1.02
2011.01.24 13:15:09.672,0.95709,0.95728,1.54,1.02
2011.01.24 13:15:10.830,0.95707,0.95729,1.54,3.75
2011.01.24 13:15:11.591,0.95707,0.95729,1.54,3.75
2011.01.24 13:15:12.919,0.95708,0.95727,1.50,3.79
2011.01.24 13:15:13.374,0.95708,0.95724,1.50,1.50
2011.01.24 13:15:14.063,0.95706,0.95724,2.25,1.50
2011.01.24 13:15:14.626,0.95705,0.95721,1.50,1.50
2011.01.24 13:15:15.192,0.95701,0.95717,1.50,1.02
2011.01.24 13:15:15.862,0.957,0.9572,1.50,1.02
2011.01.24 13:15:18.452,0.957,0.95718,1.50,1.02
2011.01.24 13:15:18.570,0.957,0.95719,1.50,6.49
2011.01.24 13:15:19.452,0.95698,0.95719,3.04,5.85
2011.01.24 13:15:19.790,0.95701,0.95721,1.54,1.88
2011.01.24 13:15:20.348,0.95702,0.95722,1.54,1.77
2011.01.24 13:15:21.040,0.95701,0.95721,6.64,1.02
2011.01.24 13:15:21.880,0.957,0.95716,5.14,1.50
2011.01.24 13:15:22.349,0.957,0.95719,5.14,2.25
2011.01.24 13:15:22.912,0.957,0.95718,1.54,1.50
2011.01.24 13:15:23.034,0.957,0.95717,1.54,1.02
2011.01.24 13:15:23.706,0.95698,0.95712,5.89,1.02
2011.01.24 13:15:24.612,0.95697,0.95712,5.89,4.02
2011.01.24 13:15:27.759,0.95695,0.95711,1.54,1.77
2011.01.24 13:15:28.400,0.95695,0.95711,1.54,1.77
2011.01.24 13:15:29.169,0.95695,0.95711,1.54,1.77
2011.01.24 13:15:29.730,0.95695,0.95711,1.54,1.77
2011.01.24 13:15:30.647,0.95695,0.95711,1.54,1.77
2011.01.24 13:15:31.469,0.95695,0.95711,1.54,1.77
2011.01.24 13:15:32.320,0.95693,0.95711,5.85,1.77
2011.01.24 13:15:33.255,0.95694,0.95711,1.50,1.77
2011.01.24 13:15:34.245,0.95697,0.95711,1.50,1.77
2011.01.24 13:15:34.813,0.95696,0.95711,1.50,1.77
2011.01.24 13:15:35.681,0.95697,0.95711,1.50,1.77
2011.01.24 13:15:35.913,0.95695,0.95711,1.50,1.77
2011.01.24 13:15:36.465,0.95702,0.95711,1.39,1.50
2011.01.24 13:15:36.701,0.95706,0.95724,1.77,3.00
2011.01.24 13:15:36.821,0.95706,0.95722,1.77,1.50
2011.01.24 13:15:36.939,0.95706,0.95724,6.87,1.50
2011.01.24 13:15:47.362,0.95707,0.95723,1.02,1.50
2011.01.24 13:15:48.594,0.95707,0.95724,1.02,3.38
2011.01.24 13:15:49.695,0.95707,0.95726,6.12,1.50
2011.01.24 13:15:50.142,0.95706,0.95726,1.50,8.14
2011.01.24 13:15:50.737,0.95702,0.95721,1.50,1.69
2011.01.24 13:15:51.278,0.957,0.95719,1.50,1.13
2011.01.24 13:15:55.598,0.95698,0.95719,1.50,1.13
2011.01.24 13:15:56.486,0.95698,0.95719,1.50,2.25
2011.01.24 13:15:56.610,0.95697,0.95718,2.25,1.02
2011.01.24 13:15:56.959,0.95697,0.95717,1.50,6.49
2011.01.24 13:15:57.484,0.95697,0.95714,1.50,1.13
2011.01.24 13:15:59.708,0.95693,0.95714,1.50,2.25
2011.01.24 13:15:59.831,0.95693,0.95713,1.50,1.13
2011.01.24 13:16:00.828,0.95693,0.95711,1.50,1.13
2011.01.24 13:16:01.850,0.95693,0.95712,1.50,1.13
2011.01.24 13:16:02.444,0.95693,0.95713,1.50,1.13
2011.01.24 13:16:06.442,0.95694,0.95715,1.13,6.00
2011.01.24 13:16:07.883,0.95695,0.95715,5.85,3.38
2011.01.24 13:16:09.759,0.95695,0.95715,5.85,3.00
2011.01.24 13:16:12.308,0.95696,0.95718,5.25,2.25
2011.01.24 13:16:12.750,0.95699,0.95718,1.50,2.25
2011.01.24 13:16:18.567,0.95701,0.95719,1.50,2.25
2011.01.24 13:16:19.671,0.95699,0.95719,1.50,3.75
2011.01.24 13:16:19.801,0.95703,0.95719,1.02,2.25
2011.01.24 13:16:20.543,0.95702,0.95719,1.02,2.25
2011.01.24 13:16:21.105,0.95702,0.95719,1.02,1.50
2011.01.24 13:16:21.684,0.95702,0.95721,1.02,1.88
2011.01.24 13:16:22.370,0.95702,0.95721,1.02,1.88
2011.01.24 13:16:23.296,0.95701,0.95722,4.13,1.50
2011.01.24 13:16:23.412,0.95702,0.95722,1.13,1.50
2011.01.24 13:16:24.062,0.95704,0.95721,1.50,1.50
2011.01.24 13:16:28.141,0.95706,0.95721,1.50,2.25
2011.01.24 13:16:28.265,0.95703,0.95721,3.00,2.25
2011.01.24 13:16:28.381,0.95703,0.95722,3.00,1.50
2011.01.24 13:16:28.920,0.95704,0.95722,1.50,1.50
2011.01.24 13:16:29.043,0.95705,0.95725,3.00,3.00
2011.01.24 13:16:29.381,0.95704,0.95724,1.50,3.75
2011.01.24 13:16:32.261,0.95705,0.95724,1.50,2.25
2011.01.24 13:16:32.766,0.95705,0.95724,1.50,1.50
2011.01.24 13:16:32.894,0.95707,0.95728,2.25,7.73
2011.01.24 13:16:33.121,0.95707,0.95728,1.50,2.63
2011.01.24 13:16:33.780,0.95701,0.95721,3.75,5.85
2011.01.24 13:16:33.902,0.95701,0.9572,3.75,6.23
2011.01.24 13:16:34.024,0.95701,0.95719,1.50,2.25
2011.01.24 13:16:34.760,0.95701,0.95719,1.50,1.50
2011.01.24 13:16:36.127,0.95701,0.95722,1.50,1.50
2011.01.24 13:16:36.721,0.95701,0.95722,1.50,1.50
2011.01.24 13:16:37.279,0.95699,0.95721,1.50,1.05
2011.01.24 13:16:41.328,0.95702,0.95721,1.50,2.82
2011.01.24 13:16:42.279,0.95704,0.9572,1.50,1.05
2011.01.24 13:16:42.844,0.95707,0.95723,1.50,2.25
2011.01.24 13:16:43.069,0.95707,0.95723,1.50,1.50
2011.01.24 13:16:43.179,0.95708,0.95723,1.50,1.50
2011.01.24 13:16:44.422,0.95708,0.95726,1.50,2.25
2011.01.24 13:16:44.780,0.95703,0.95724,5.10,3.64
2011.01.24 13:16:45.340,0.95703,0.95717,5.10,1.05
2011.01.24 13:16:45.461,0.95695,0.95712,1.50,1.50
2011.01.24 13:16:46.831,0.95696,0.95714,1.71,1.50
2011.01.24 13:16:46.956,0.95696,0.95712,1.71,1.50
2011.01.24 13:16:47.978,0.95698,0.95712,3.21,1.50
2011.01.24 13:16:48.092,0.95699,0.95718,1.71,2.25
2011.01.24 13:16:48.659,0.95707,0.95718,2.25,1.50
2011.01.24 13:16:48.782,0.9571,0.95728,1.50,2.25
2011.01.24 13:16:48.906,0.95716,0.95728,1.02,1.50
2011.01.24 13:16:49.436,0.95716,0.95735,1.77,5.85
2011.01.24 13:16:49.557,0.95716,0.95736,1.77,1.50
2011.01.24 13:16:50.444,0.95716,0.95736,1.77,1.88
2011.01.24 13:16:51.352,0.95716,0.95736,1.77,1.50
2011.01.24 13:16:54.682,0.95716,0.95736,2.52,1.50
2011.01.24 13:16:58.187,0.95716,0.95735,2.52,1.50
2011.01.24 13:16:59.199,0.95716,0.95736,2.52,1.50
2011.01.24 13:16:59.748,0.95716,0.95735,2.52,1.50
2011.01.24 13:16:59.970,0.95716,0.95737,2.52,1.50
2011.01.24 13:17:00.646,0.95716,0.95736,2.52,1.50
2011.01.24 13:17:01.527,0.95718,0.95738,1.02,1.50
2011.01.24 13:17:04.784,0.95718,0.95737,1.02,2.65
2011.01.24 13:17:04.898,0.95716,0.95734,3.27,1.50
2011.01.24 13:17:07.809,0.95716,0.95736,1.02,2.28
2011.01.24 13:17:08.501,0.95716,0.95734,1.02,1.50
2011.01.24 13:17:12.538,0.95716,0.95733,1.02,1.50
2011.01.24 13:17:13.408,0.95716,0.95734,1.02,1.50
2011.01.24 13:17:18.546,0.95718,0.95738,4.02,1.53
2011.01.24 13:17:18.881,0.9572,0.95738,2.25,1.53
2011.01.24 13:17:20.262,0.95723,0.95741,2.89,5.13
2011.01.24 13:17:20.388,0.95728,0.95744,2.52,3.00
2011.01.24 13:17:20.722,0.95728,0.95748,2.52,2.25
2011.01.24 13:17:20.842,0.95727,0.95747,3.75,1.02
2011.01.24 13:17:21.431,0.95724,0.95746,1.77,2.52
2011.01.24 13:17:22.335,0.95732,0.95751,2.63,1.13
2011.01.24 13:17:22.682,0.95738,0.95758,1.77,2.55
2011.01.24 13:17:24.631,0.95738,0.95757,6.87,2.55
2011.01.24 13:17:25.083,0.95742,0.95757,2.52,2.55
2011.01.24 13:17:25.421,0.95741,0.95752,5.10,2.10
2011.01.24 13:17:25.920,0.95738,0.95752,1.50,2.10
2011.01.24 13:17:26.037,0.95734,0.95751,1.02,2.25
2011.01.24 13:17:26.260,0.95734,0.95751,1.02,2.25
2011.01.24 13:17:28.648,0.95734,0.95751,1.02,2.55
2011.01.24 13:17:29.198,0.95734,0.95749,1.02,1.80
2011.01.24 13:17:30.540,0.95733,0.95747,3.00,1.77
2011.01.24 13:17:30.879,0.95726,0.95741,1.50,1.80
2011.01.24 13:17:31.564,0.95725,0.95741,2.25,1.80
2011.01.24 13:17:32.119,0.95725,0.95741,2.25,2.43
2011.01.24 13:17:35.049,0.95725,0.95741,2.25,1.80
2011.01.24 13:17:35.381,0.95717,0.95735,1.50,2.14
2011.01.24 13:17:35.499,0.95716,0.95734,3.00,2.14
2011.01.24 13:17:36.322,0.95716,0.95734,3.00,3.64
2011.01.24 13:17:36.448,0.95716,0.95734,3.00,3.27
2011.01.24 13:17:38.556,0.95716,0.95732,1.50,1.13
2011.01.24 13:17:39.113,0.95716,0.95732,1.50,1.88
2011.01.24 13:17:39.829,0.95716,0.95732,1.50,1.88
2011.01.24 13:17:40.431,0.95716,0.95733,1.50,1.88
2011.01.24 13:17:41.356,0.95716,0.95733,1.50,1.50
2011.01.24 13:17:42.700,0.95716,0.95733,1.50,1.88
2011.01.24 13:17:43.247,0.95716,0.95731,1.50,2.18
2011.01.24 13:17:44.689,0.95716,0.9573,1.50,1.50
2011.01.24 13:17:45.394,0.95716,0.95731,1.50,2.93
2011.01.24 13:17:48.117,0.95706,0.95722,2.25,1.50
2011.01.24 13:17:49.345,0.95706,0.95722,2.25,1.80
2011.01.24 13:17:50.269,0.95706,0.95721,2.25,1.80
2011.01.24 13:17:51.025,0.95708,0.95725,1.02,3.75
2011.01.24 13:17:53.272,0.95708,0.95725,1.77,1.50
2011.01.24 13:17:53.826,0.95708,0.95724,1.77,1.50
2011.01.24 13:17:55.081,0.95704,0.95722,1.50,1.50
2011.01.24 13:17:55.305,0.95704,0.95718,1.50,1.50
2011.01.24 13:17:55.877,0.95702,0.95719,1.50,1.50
2011.01.24 13:17:57.691,0.95702,0.95718,1.50,1.50
2011.01.24 13:17:59.308,0.95702,0.95722,1.50,2.52
2011.01.24 13:17:59.418,0.95702,0.95718,1.50,1.50
2011.01.24 13:17:59.530,0.95702,0.95721,1.50,1.50
2011.01.24 13:18:00.112,0.95702,0.9572,1.50,1.50
2011.01.24 13:18:00.229,0.95702,0.95718,1.50,1.50
2011.01.24 13:18:00.340,0.95702,0.95722,1.50,4.02
2011.01.24 13:18:00.449,0.95702,0.9572,1.50,1.50
2011.01.24 13:18:01.103,0.95702,0.95718,1.88,1.50
2011.01.24 13:18:01.451,0.95704,0.9572,1.50,1.50
2011.01.24 13:18:01.790,0.95706,0.9572,1.50,1.50
2011.01.24 13:18:02.476,0.95706,0.95721,1.50,1.50
2011.01.24 13:18:02.717,0.95703,0.95721,1.50,3.00
2011.01.24 13:18:03.407,0.95703,0.95723,6.60,2.25
2011.01.24 13:18:04.294,0.95703,0.95723,6.60,3.75
2011.01.24 13:18:04.403,0.95703,0.95723,6.60,2.25
2011.01.24 13:18:05.851,0.95704,0.95724,2.25,2.25
2011.01.24 13:18:06.885,0.95701,0.95721,6.60,2.55
2011.01.24 13:18:07.557,0.95701,0.95718,6.60,1.50
2011.01.24 13:18:08.204,0.95699,0.95718,5.85,1.50
2011.01.24 13:18:08.326,0.95698,0.95716,1.02,1.50
2011.01.24 13:18:08.662,0.95697,0.95715,2.52,1.05
2011.01.24 13:18:12.351,0.95698,0.95713,1.77,1.05
2011.01.24 13:18:13.258,0.95697,0.95713,2.52,1.05
2011.01.24 13:18:14.158,0.95687,0.95706,1.39,3.00
2011.01.24 13:18:14.274,0.95686,0.95704,1.13,2.25
2011.01.24 13:18:14.943,0.95685,0.95705,1.87,1.50
2011.01.24 13:18:15.693,0.95685,0.95706,1.77,3.75
2011.01.24 13:18:15.811,0.95685,0.95706,1.92,4.02
2011.01.24 13:18:16.979,0.95685,0.95704,1.65,3.27
2011.01.24 13:18:17.101,0.9569,0.95706,5.37,1.50
2011.01.24 13:18:18.790,0.95689,0.95707,1.02,1.50
2011.01.24 13:18:18.924,0.9569,0.95702,5.10,1.02
2011.01.24 13:18:19.151,0.95684,0.95702,2.40,1.02
2011.01.24 13:18:19.743,0.95684,0.95702,1.65,1.02
2011.01.24 13:18:20.487,0.95684,0.95702,1.65,1.02
2011.01.24 13:18:21.099,0.95684,0.95702,1.65,1.02
2011.01.24 13:18:21.719,0.95684,0.95702,1.65,1.02
2011.01.24 13:18:22.656,0.95679,0.95699,3.00,2.52
2011.01.24 13:18:23.801,0.9568,0.95699,1.13,1.02
2011.01.24 13:18:25.779,0.95678,0.95699,6.60,1.02
2011.01.24 13:18:25.900,0.95678,0.95699,5.85,1.02
2011.01.24 13:18:27.410,0.95675,0.95696,1.13,1.50
2011.01.24 13:18:28.081,0.95675,0.95695,1.13,1.50
2011.01.24 13:18:28.301,0.95675,0.95697,1.88,1.50
2011.01.24 13:18:30.275,0.95676,0.95697,1.50,4.13
2011.01.24 13:18:30.397,0.95676,0.95697,1.50,1.50
2011.01.24 13:18:31.043,0.95675,0.95692,5.85,1.50
2011.01.24 13:18:31.162,0.95678,0.95694,1.50,1.50
2011.01.24 13:18:35.031,0.95675,0.95693,2.25,1.50
2011.01.24 13:18:35.884,0.95676,0.95691,1.50,1.50
2011.01.24 13:18:37.686,0.95675,0.95692,5.85,1.50
2011.01.24 13:18:38.677,0.95674,0.95693,2.25,1.50
2011.01.24 13:18:41.934,0.95672,0.95689,1.50,1.02
2011.01.24 13:18:42.499,0.9567,0.95686,6.60,1.50
2011.01.24 13:18:43.410,0.95672,0.95689,2.25,1.50
2011.01.24 13:18:43.977,0.95673,0.95689,2.25,1.50
2011.01.24 13:18:44.795,0.95673,0.9569,2.25,1.50
2011.01.24 13:18:47.027,0.95673,0.9569,2.33,1.50
2011.01.24 13:18:47.808,0.95676,0.9569,1.58,1.50
2011.01.24 13:18:47.931,0.95677,0.95696,5.93,4.05
2011.01.24 13:18:48.494,0.95679,0.95696,2.25,4.05
2011.01.24 13:18:49.018,0.9568,0.95696,1.50,4.05
2011.01.24 13:18:50.007,0.95683,0.95696,7.35,3.00
2011.01.24 13:18:50.125,0.95683,0.95699,5.85,1.50
2011.01.24 13:18:50.239,0.95683,0.95699,6.60,1.50
2011.01.24 13:18:52.472,0.95684,0.95701,7.35,1.77
2011.01.24 13:18:53.237,0.95683,0.95696,2.25,5.85
2011.01.24 13:18:53.274,0.95683,0.95696,1.50,5.85
2011.01.24 13:18:53.400,0.95671,0.95691,2.25,1.02
2011.01.24 13:18:54.290,0.9567,0.95691,2.25,6.87
2011.01.24 13:18:57.192,0.9567,0.9569,1.50,2.25
2011.01.24 13:18:57.865,0.95669,0.95688,1.50,1.02
2011.01.24 13:18:57.990,0.95669,0.9569,1.50,1.77
2011.01.24 13:18:58.116,0.95667,0.9569,7.35,1.02
2011.01.24 13:18:58.876,0.95667,0.95688,1.50,1.50
2011.01.24 13:19:00.579,0.95667,0.95687,1.50,1.50
2011.01.24 13:19:04.539,0.95667,0.95686,1.50,1.50
2011.01.24 13:19:05.298,0.95667,0.95687,1.50,1.50
2011.01.24 13:19:05.531,0.95669,0.95689,3.00,1.50
2011.01.24 13:19:11.176,0.95672,0.95689,1.02,1.50
2011.01.24 13:19:11.405,0.95672,0.95693,1.77,1.50
2011.01.24 13:19:12.086,0.95671,0.95694,1.02,7.65
2011.01.24 13:19:13.350,0.9567,0.95691,10.35,1.02
2011.01.24 13:19:13.691,0.9567,0.95689,1.50,6.27
2011.01.24 13:19:13.809,0.9567,0.95689,1.50,6.12
2011.01.24 13:19:14.347,0.9567,0.95689,1.50,5.85
2011.01.24 13:19:18.110,0.95666,0.9569,2.25,1.02
2011.01.24 13:19:21.109,0.95666,0.95687,2.25,1.50
2011.01.24 13:19:24.970,0.95666,0.95688,2.25,3.00
2011.01.24 13:19:26.430,0.95668,0.95689,1.50,7.35
2011.01.24 13:19:27.648,0.95665,0.95687,1.50,5.10
2011.01.24 13:19:31.245,0.95665,0.95686,1.50,2.40
2011.01.24 13:19:32.057,0.95664,0.95686,3.00,3.83
2011.01.24 13:19:33.057,0.95664,0.95686,3.38,2.85
2011.01.24 13:19:33.854,0.95665,0.95686,2.25,5.85
2011.01.24 13:19:34.738,0.95666,0.95684,3.00,1.50
2011.01.24 13:19:35.773,0.95666,0.95686,3.00,1.50
2011.01.24 13:19:37.089,0.95665,0.95686,1.50,1.50
2011.01.24 13:19:38.740,0.95665,0.95686,2.25,3.00
2011.01.24 13:19:39.628,0.95664,0.95683,1.50,1.50
2011.01.24 13:19:39.959,0.95664,0.95685,1.50,1.50
2011.01.24 13:19:41.961,0.95664,0.95685,1.50,2.25
2011.01.24 13:19:42.959,0.95663,0.95681,2.25,1.65
2011.01.24 13:19:43.084,0.95662,0.95679,1.50,1.50
2011.01.24 13:19:43.682,0.95661,0.95678,5.85,1.13
2011.01.24 13:19:43.805,0.95658,0.95675,1.50,1.50
2011.01.24 13:19:44.486,0.95658,0.95675,1.50,1.50
2011.01.24 13:19:45.463,0.95657,0.95673,1.77,1.50
2011.01.24 13:19:46.016,0.95657,0.95672,1.77,1.50
2011.01.24 13:19:46.244,0.95657,0.95676,1.47,1.50
2011.01.24 13:19:46.794,0.95661,0.95676,1.02,1.50
2011.01.24 13:19:46.919,0.95655,0.95673,1.50,1.50
2011.01.24 13:19:50.520,0.95657,0.95671,1.50,1.50
2011.01.24 13:19:50.631,0.95657,0.95674,1.58,1.50
2011.01.24 13:19:51.108,0.95658,0.95674,1.58,1.50
2011.01.24 13:19:51.232,0.95667,0.95687,1.88,4.50
2011.01.24 13:19:51.994,0.9567,0.9569,1.50,1.02
2011.01.24 13:19:52.117,0.95668,0.95686,2.25,1.50
2011.01.24 13:19:52.902,0.95666,0.95683,1.50,1.50
2011.01.24 13:19:53.248,0.95667,0.95686,2.63,1.50
2011.01.24 13:19:53.793,0.95667,0.95683,2.63,1.50
2011.01.24 13:19:53.919,0.95667,0.95685,1.50,1.50
2011.01.24 13:19:54.645,0.95669,0.95685,1.50,1.50
2011.01.24 13:19:54.882,0.95669,0.95679,2.25,1.50
2011.01.24 13:19:55.000,0.95669,0.95682,2.25,1.50
2011.01.24 13:19:56.938,0.95669,0.95681,1.50,1.50
2011.01.24 13:19:59.481,0.9567,0.95683,1.50,1.50
2011.01.24 13:20:00.451,0.95671,0.95685,1.50,1.50
2011.01.24 13:20:01.304,0.95672,0.95686,1.50,1.50
2011.01.24 13:20:01.433,0.95667,0.95678,2.25,1.50
2011.01.24 13:20:01.991,0.95662,0.95679,6.60,1.50
2011.01.24 13:20:02.117,0.95662,0.95676,1.50,1.50
2011.01.24 13:20:02.909,0.95662,0.95678,1.50,1.50
2011.01.24 13:20:03.144,0.9566,0.95678,1.05,1.50
2011.01.24 13:20:04.891,0.95661,0.95679,5.85,1.50
2011.01.24 13:20:06.758,0.95662,0.95681,6.60,1.77
2011.01.24 13:20:07.103,0.95669,0.95684,5.37,1.50
2011.01.24 13:20:07.754,0.95669,0.95685,5.37,1.50
2011.01.24 13:20:10.699,0.95669,0.95686,5.37,1.50
2011.01.24 13:20:11.403,0.95669,0.95686,6.12,1.50
2011.01.24 13:20:11.860,0.9567,0.95688,6.15,1.50
2011.01.24 13:20:13.160,0.9567,0.95685,1.05,1.50
2011.01.24 13:20:14.195,0.95671,0.95688,5.10,1.50
2011.01.24 13:20:14.754,0.95671,0.95688,5.85,1.50
2011.01.24 13:20:15.431,0.95671,0.95687,5.85,1.50
2011.01.24 13:20:15.562,0.95667,0.95685,8.18,1.50
2011.01.24 13:20:16.318,0.95667,0.95685,2.25,1.50
2011.01.24 13:20:16.439,0.95667,0.95683,2.25,1.50
2011.01.24 13:20:17.991,0.95664,0.95683,5.85,1.50
2011.01.24 13:20:18.232,0.95664,0.95685,5.85,2.25
2011.01.24 13:20:18.758,0.95664,0.95684,5.85,2.25
2011.01.24 13:20:19.103,0.95659,0.9568,1.43,1.50
2011.01.24 13:20:19.659,0.95662,0.95679,5.10,1.50
2011.01.24 13:20:20.110,0.95659,0.95679,8.78,1.50
2011.01.24 13:20:20.232,0.95659,0.95681,8.78,3.00
2011.01.24 13:20:21.063,0.95659,0.95681,8.78,1.50
2011.01.24 13:20:21.958,0.95659,0.9568,6.53,1.50
2011.01.24 13:20:22.877,0.95659,0.95681,6.90,1.50
2011.01.24 13:20:26.708,0.95661,0.95681,1.05,1.50
2011.01.24 13:20:27.043,0.95664,0.95682,5.48,4.02
2011.01.24 13:20:27.718,0.95666,0.95685,6.34,1.50
2011.01.24 13:20:28.163,0.95665,0.95682,5.85,1.50
2011.01.24 13:20:28.282,0.95665,0.95684,5.85,1.50
2011.01.24 13:20:28.919,0.95663,0.95682,1.50,1.50
2011.01.24 13:20:29.492,0.95665,0.95683,5.10,1.02
2011.01.24 13:20:30.025,0.95664,0.95683,3.83,1.02
2011.01.24 13:20:30.262,0.95668,0.95684,1.13,1.50
2011.01.24 13:20:31.128,0.95665,0.95682,1.50,1.77
2011.01.24 13:20:31.257,0.95661,0.95682,1.80,3.27
2011.01.24 13:20:32.040,0.95663,0.95682,1.50,1.77
2011.01.24 13:20:33.858,0.95663,0.95682,2.25,1.77
2011.01.24 13:20:34.213,0.95665,0.95682,1.50,1.02
2011.01.24 13:20:34.839,0.95663,0.95682,1.50,1.39
2011.01.24 13:20:34.953,0.95662,0.95682,2.25,1.39
2011.01.24 13:20:35.750,0.95661,0.95682,1.50,2.89
2011.01.24 13:20:37.183,0.9566,0.95681,1.50,1.02
2011.01.24 13:20:37.750,0.9566,0.9568,1.50,1.50
2011.01.24 13:20:38.643,0.9566,0.95681,2.25,1.77
2011.01.24 13:20:39.778,0.9566,0.95681,3.00,4.39
2011.01.24 13:20:40.016,0.95656,0.95679,7.24,2.25
2011.01.24 13:20:40.548,0.95659,0.95681,1.50,3.27
2011.01.24 13:20:40.792,0.9566,0.95679,1.50,1.50
2011.01.24 13:20:41.532,0.9566,0.9568,1.50,2.52
2011.01.24 13:20:41.774,0.9566,0.9568,3.00,2.25
2011.01.24 13:20:42.761,0.95661,0.95681,6.60,1.50
2011.01.24 13:20:44.448,0.95661,0.95681,6.60,1.50
2011.01.24 13:20:44.685,0.9566,0.95679,1.50,7.62
2011.01.24 13:20:45.570,0.95661,0.95681,1.05,2.25
2011.01.24 13:20:46.402,0.95662,0.9568,1.50,2.25
2011.01.24 13:20:46.530,0.95664,0.9568,5.85,1.50
2011.01.24 13:20:48.618,0.95663,0.9568,5.85,1.50
2011.01.24 13:20:49.753,0.95663,0.9568,5.85,1.50
2011.01.24 13:20:49.879,0.95664,0.95682,3.00,1.02
2011.01.24 13:20:51.332,0.95666,0.95682,5.10,1.02
2011.01.24 13:20:51.952,0.95663,0.95682,6.60,2.52
2011.01.24 13:20:52.697,0.95665,0.95682,5.10,2.52
2011.01.24 13:20:52.930,0.95665,0.95682,5.18,2.52
2011.01.24 13:20:57.066,0.95666,0.95682,5.93,1.77
2011.01.24 13:20:58.506,0.95672,0.95691,5.10,2.25
2011.01.24 13:20:58.627,0.95672,0.95691,5.10,2.25
2011.01.24 13:20:59.315,0.95672,0.9569,5.85,1.50
2011.01.24 13:21:00.333,0.95673,0.95691,5.85,4.50
2011.01.24 13:21:00.460,0.95672,0.9569,5.85,1.50
2011.01.24 13:21:01.429,0.95672,0.9569,6.87,1.50
2011.01.24 13:21:01.545,0.95676,0.95691,1.09,1.50
2011.01.24 13:21:01.664,0.95673,0.95691,6.49,1.50
2011.01.24 13:21:01.782,0.95674,0.95694,5.93,3.00
2011.01.24 13:21:04.752,0.9567,0.9569,1.80,1.50
2011.01.24 13:21:11.350,0.9567,0.9569,2.55,1.50
2011.01.24 13:21:11.801,0.95671,0.95688,5.85,1.02
2011.01.24 13:21:12.787,0.9567,0.95685,1.80,1.50
2011.01.24 13:21:13.663,0.9567,0.95685,1.05,1.50
2011.01.24 13:21:15.040,0.95668,0.95685,1.50,1.50
2011.01.24 13:21:15.589,0.95668,0.95685,1.50,1.50
2011.01.24 13:21:16.241,0.95668,0.95685,1.50,1.77
2011.01.24 13:21:16.829,0.95668,0.95685,1.50,1.77
2011.01.24 13:21:17.996,0.95667,0.95685,1.95,1.77
2011.01.24 13:21:18.552,0.95667,0.95685,1.20,3.27
2011.01.24 13:21:19.191,0.95667,0.95685,1.20,3.27
2011.01.24 13:21:19.749,0.95667,0.95685,1.20,3.27
2011.01.24 13:21:20.652,0.95665,0.95685,3.75,3.27
2011.01.24 13:21:20.883,0.95665,0.95682,3.75,1.02
2011.01.24 13:21:24.191,0.95663,0.95682,1.50,1.02
2011.01.24 13:21:24.641,0.95662,0.95682,1.50,1.02
2011.01.24 13:21:26.529,0.95664,0.95682,1.50,1.02
2011.01.24 13:21:27.222,0.95664,0.95682,2.25,1.02
2011.01.24 13:21:28.211,0.95663,0.95683,1.50,3.27
2011.01.24 13:21:29.518,0.9566,0.95682,3.00,2.52
2011.01.24 13:21:30.407,0.9566,0.9568,2.25,1.50
2011.01.24 13:21:31.642,0.9566,0.9568,2.25,2.25
2011.01.24 13:21:31.983,0.95655,0.95673,5.25,1.02
2011.01.24 13:21:33.592,0.95655,0.95673,1.50,1.77
2011.01.24 13:21:36.378,0.95654,0.95673,1.50,1.77
2011.01.24 13:21:38.264,0.95647,0.95662,3.00,5.10
2011.01.24 13:21:38.383,0.95644,0.95662,1.50,6.12
2011.01.24 13:21:39.281,0.95642,0.95662,2.55,6.12
2011.01.24 13:21:40.633,0.95644,0.95662,5.10,1.50
2011.01.24 13:21:40.970,0.95645,0.95665,2.25,1.50
2011.01.24 13:21:41.509,0.95651,0.95665,1.02,1.50
2011.01.24 13:21:41.851,0.95657,0.95672,2.25,1.50
2011.01.24 13:21:42.611,0.95661,0.95673,1.50,1.50
2011.01.24 13:21:42.739,0.95661,0.95676,1.50,1.50
2011.01.24 13:21:43.298,0.95661,0.95674,1.50,1.02
2011.01.24 13:21:43.847,0.95652,0.95669,1.50,1.02
2011.01.24 13:21:44.079,0.95649,0.95669,3.00,1.02
2011.01.24 13:21:44.953,0.95649,0.95673,3.00,3.00
2011.01.24 13:21:47.692,0.95649,0.95672,3.75,1.39
2011.01.24 13:21:50.980,0.95649,0.95669,1.50,1.02
2011.01.24 13:21:51.421,0.95651,0.9567,1.50,1.50
2011.01.24 13:21:51.985,0.95655,0.9567,1.50,1.50
2011.01.24 13:21:54.173,0.95657,0.95676,7.35,1.50
2011.01.24 13:21:54.699,0.95657,0.95675,7.35,1.50
2011.01.24 13:21:55.682,0.95658,0.95675,1.50,1.50
2011.01.24 13:21:56.031,0.95658,0.95679,1.50,2.25
2011.01.24 13:21:57.299,0.95658,0.95679,7.88,1.50
2011.01.24 13:21:57.520,0.9566,0.95682,7.35,2.25
2011.01.24 13:21:57.640,0.95661,0.95682,5.85,2.25
2011.01.24 13:21:59.675,0.95657,0.95676,3.75,2.85
2011.01.24 13:22:00.165,0.95657,0.95676,1.50,4.35
2011.01.24 13:22:00.732,0.95656,0.95676,3.00,1.73
2011.01.24 13:22:01.408,0.95656,0.95676,3.00,2.78
2011.01.24 13:22:05.738,0.95656,0.95677,3.00,3.38
2011.01.24 13:22:09.639,0.95656,0.95676,3.00,1.13
2011.01.24 13:22:10.547,0.95658,0.95679,2.25,3.00
2011.01.24 13:22:10.673,0.95664,0.95676,1.50,1.28
2011.01.24 13:22:10.799,0.95661,0.95676,1.50,3.45
2011.01.24 13:22:11.489,0.95657,0.95676,2.25,2.93
2011.01.24 13:22:12.041,0.95659,0.95675,1.50,1.05
2011.01.24 13:22:16.316,0.95656,0.95676,1.13,2.25
2011.01.24 13:22:16.973,0.95659,0.95676,1.50,1.50
2011.01.24 13:22:17.099,0.95659,0.95679,1.50,2.25
2011.01.24 13:22:18.730,0.95659,0.95682,8.10,2.25
2011.01.24 13:22:19.404,0.95659,0.95681,6.60,2.63
2011.01.24 13:22:25.969,0.95659,0.9568,1.50,2.25
2011.01.24 13:22:26.518,0.95659,0.9568,1.50,1.50
2011.01.24 13:22:28.438,0.95659,0.9568,1.50,2.10
2011.01.24 13:22:28.662,0.95658,0.95678,2.25,2.10
2011.01.24 13:22:29.223,0.95656,0.95676,3.00,1.05
2011.01.24 13:22:34.961,0.95656,0.95677,3.00,4.35
2011.01.24 13:22:35.528,0.95656,0.95677,3.00,5.85
2011.01.24 13:22:35.642,0.95656,0.95676,3.00,2.55
2011.01.24 13:22:35.764,0.95656,0.95669,1.50,1.58
2011.01.24 13:22:35.881,0.95651,0.95669,2.25,1.58
2011.01.24 13:22:36.426,0.95651,0.95669,1.50,4.09
2011.01.24 13:22:37.009,0.95651,0.95667,1.50,2.40
2011.01.24 13:22:37.597,0.95651,0.95667,1.50,2.40
2011.01.24 13:22:37.718,0.95648,0.95667,2.25,2.40
2011.01.24 13:22:38.362,0.95648,0.95667,2.25,4.13
2011.01.24 13:22:40.211,0.95648,0.95666,1.50,1.80
2011.01.24 13:22:40.335,0.95645,0.95666,2.25,4.00
2011.01.24 13:22:40.906,0.95643,0.95659,5.10,2.33
2011.01.24 13:22:41.031,0.9564,0.95656,2.25,1.80
2011.01.24 13:22:45.512,0.95626,0.95634,1.50,2.14
2011.01.24 13:22:45.635,0.95616,0.95632,2.25,1.39
2011.01.24 13:22:46.259,0.9561,0.95629,7.35,1.77
2011.01.24 13:22:46.378,0.9561,0.95629,2.25,1.02
2011.01.24 13:22:47.897,0.9561,0.95629,2.25,2.25
2011.01.24 13:22:49.021,0.9561,0.9563,2.25,1.05
2011.01.24 13:22:49.863,0.95607,0.95625,5.85,1.13
2011.01.24 13:22:49.979,0.95607,0.95625,5.10,1.13
2011.01.24 13:22:50.779,0.95604,0.95622,3.75,1.88
2011.01.24 13:22:50.898,0.95604,0.95622,1.50,1.88
2011.01.24 13:22:51.233,0.95603,0.95621,2.52,1.43
2011.01.24 13:22:51.787,0.95603,0.9562,2.52,1.05
2011.01.24 13:22:52.134,0.95604,0.9562,5.10,1.50
2011.01.24 13:22:52.756,0.95604,0.95623,1.50,1.02
2011.01.24 13:22:53.632,0.95601,0.95622,1.50,1.13
2011.01.24 13:22:54.651,0.956,0.95621,5.85,2.63
2011.01.24 13:22:56.082,0.95601,0.9562,5.10,2.25
2011.01.24 13:22:56.957,0.95599,0.95618,7.62,2.25
2011.01.24 13:22:57.928,0.95599,0.95617,2.52,1.50
2011.01.24 13:22:58.744,0.95599,0.95618,7.73,2.25
2011.01.24 13:22:59.309,0.956,0.95619,5.85,2.25
2011.01.24 13:23:02.462,0.956,0.95619,5.10,1.50
2011.01.24 13:23:03.052,0.956,0.95619,5.85,1.50
2011.01.24 13:23:03.785,0.956,0.95621,6.60,3.64
2011.01.24 13:23:06.228,0.95601,0.9562,5.85,2.25
2011.01.24 13:23:06.463,0.95601,0.9562,6.60,2.25
2011.01.24 13:23:07.411,0.95602,0.95622,5.93,1.77
2011.01.24 13:23:08.164,0.95604,0.9562,6.60,1.50
2011.01.24 13:23:11.327,0.95604,0.95621,6.60,1.77
2011.01.24 13:23:15.610,0.95605,0.95621,1.50,1.02
2011.01.24 13:23:18.872,0.95605,0.95623,2.25,1.77
2011.01.24 13:23:18.993,0.95605,0.95623,2.25,1.77
2011.01.24 13:23:19.715,0.95608,0.95625,3.00,2.25
2011.01.24 13:23:20.273,0.95609,0.95624,2.25,1.02
2011.01.24 13:23:22.301,0.95606,0.95624,3.00,1.77
2011.01.24 13:23:22.889,0.95608,0.95624,3.00,1.77
2011.01.24 13:23:26.551,0.95608,0.95622,3.00,1.02
2011.01.24 13:23:26.780,0.95608,0.95622,1.50,1.02
2011.01.24 13:23:27.650,0.95608,0.95624,1.50,1.02
2011.01.24 13:23:28.209,0.95609,0.95624,1.50,1.02
2011.01.24 13:23:29.632,0.95607,0.95622,1.50,1.39
2011.01.24 13:23:30.190,0.95606,0.95622,2.25,1.39
2011.01.24 13:23:30.752,0.95608,0.95623,1.50,1.02
2011.01.24 13:23:31.882,0.95605,0.95623,2.25,1.77
2011.01.24 13:23:32.330,0.95603,0.95621,2.25,1.02
2011.01.24 13:23:34.652,0.95604,0.95621,1.50,1.02
2011.01.24 13:23:36.568,0.95603,0.95621,3.00,1.02
2011.01.24 13:23:36.791,0.95602,0.95621,2.25,1.02
2011.01.24 13:23:37.349,0.95602,0.95621,2.25,1.02
2011.01.24 13:23:38.660,0.95601,0.95621,1.50,2.14
2011.01.24 13:23:40.520,0.95601,0.95621,1.50,4.39
2011.01.24 13:23:45.491,0.95601,0.95616,5.10,1.65
2011.01.24 13:23:46.247,0.95596,0.95616,8.85,5.33
2011.01.24 13:23:46.589,0.95596,0.95616,8.85,5.55
2011.01.24 13:23:46.918,0.95598,0.95616,1.50,2.18
2011.01.24 13:23:47.249,0.95596,0.95616,3.75,5.55
2011.01.24 13:23:48.238,0.95599,0.95616,1.77,2.25
2011.01.24 13:23:48.352,0.95599,0.95621,1.80,9.23
2011.01.24 13:23:49.131,0.956,0.95621,6.60,3.75
2011.01.24 13:23:49.919,0.95601,0.9562,1.50,2.25
2011.01.24 13:23:51.192,0.956,0.9562,6.60,2.25
2011.01.24 13:23:56.380,0.95603,0.9562,1.50,2.25
2011.01.24 13:23:57.057,0.95603,0.9562,2.25,2.25
2011.01.24 13:23:59.511,0.95603,0.9562,1.50,2.25
2011.01.24 13:24:04.020,0.95601,0.9562,1.50,2.25
2011.01.24 13:24:05.015,0.95602,0.9562,1.50,2.25
2011.01.24 13:24:05.371,0.95604,0.9562,1.50,2.25
2011.01.24 13:24:05.920,0.95602,0.9562,5.85,2.25
2011.01.24 13:24:10.390,0.95602,0.95621,5.85,4.43
2011.01.24 13:24:10.721,0.95603,0.95621,1.58,2.25
2011.01.24 13:24:11.622,0.95603,0.95621,1.50,2.25
2011.01.24 13:24:17.561,0.95607,0.95621,1.50,2.25
2011.01.24 13:24:18.496,0.95605,0.95621,3.00,2.25
2011.01.24 13:24:25.610,0.95605,0.9562,3.00,1.50
2011.01.24 13:24:26.301,0.95607,0.9562,1.50,1.50
2011.01.24 13:24:27.327,0.95611,0.9563,1.50,2.25
2011.01.24 13:24:32.003,0.95612,0.9563,2.25,2.25
2011.01.24 13:24:32.628,0.95614,0.95634,5.52,2.25
2011.01.24 13:24:33.622,0.95616,0.95635,1.32,2.25
2011.01.24 13:24:34.191,0.95616,0.95634,1.32,1.50
2011.01.24 13:24:35.313,0.95619,0.95634,1.50,1.77
2011.01.24 13:24:35.961,0.95618,0.95634,1.50,1.77
2011.01.24 13:24:36.312,0.95615,0.95631,3.00,1.02
2011.01.24 13:24:37.970,0.95613,0.95631,3.00,1.02
2011.01.24 13:24:38.082,0.95613,0.95628,2.25,1.02
2011.01.24 13:24:38.775,0.95613,0.95631,3.68,1.50
2011.01.24 13:24:38.894,0.95616,0.95634,1.50,1.50
2011.01.24 13:24:39.424,0.95617,0.95634,1.50,1.50
2011.01.24 13:24:44.453,0.95618,0.95634,2.25,1.77
2011.01.24 13:24:45.022,0.95618,0.95635,1.50,1.77
2011.01.24 13:24:45.544,0.95618,0.95631,1.50,1.02
2011.01.24 13:24:45.669,0.95614,0.95631,1.50,1.02
2011.01.24 13:24:48.235,0.95617,0.9563,1.50,1.77
2011.01.24 13:24:48.801,0.95615,0.9563,1.50,1.77
2011.01.24 13:24:49.250,0.95613,0.9563,2.25,1.77
2011.01.24 13:24:51.685,0.95616,0.9563,1.50,1.77
2011.01.24 13:24:53.025,0.95622,0.9563,1.02,1.50
2011.01.24 13:24:53.496,0.95623,0.9564,1.50,1.02
2011.01.24 13:24:54.465,0.95623,0.95639,1.50,1.50
2011.01.24 13:24:55.872,0.95624,0.95639,1.02,1.50
2011.01.24 13:24:55.991,0.95626,0.95639,1.50,1.50
2011.01.24 13:24:56.112,0.95626,0.95642,1.50,1.50
2011.01.24 13:24:56.680,0.95623,0.95642,1.50,1.02
2011.01.24 13:24:57.339,0.95623,0.95639,1.50,1.50
2011.01.24 13:24:58.484,0.95628,0.95639,1.13,1.50
2011.01.24 13:24:59.316,0.95631,0.9565,2.25,5.37
2011.01.24 13:25:00.195,0.95631,0.95649,2.25,1.50
2011.01.24 13:25:02.792,0.95632,0.95649,1.50,1.50
2011.01.24 13:25:05.603,0.95629,0.95649,1.77,1.50
2011.01.24 13:25:08.020,0.95631,0.95649,1.50,1.50
2011.01.24 13:25:08.256,0.95636,0.95654,1.50,1.50
2011.01.24 13:25:08.794,0.95633,0.95653,1.50,6.49
2011.01.24 13:25:08.918,0.95632,0.95653,2.25,2.14
2011.01.24 13:25:09.470,0.95632,0.9565,2.25,1.50
2011.01.24 13:25:10.293,0.95632,0.9565,1.50,1.50
2011.01.24 13:25:10.860,0.95633,0.9565,1.50,1.50
2011.01.24 13:25:13.063,0.95634,0.9565,1.50,1.50
2011.01.24 13:25:14.634,0.95633,0.9565,2.25,1.50
2011.01.24 13:25:14.751,0.95635,0.9565,1.50,1.50
2011.01.24 13:25:15.532,0.95632,0.9565,1.50,1.50
2011.01.24 13:25:16.325,0.95633,0.9565,1.50,1.50
2011.01.24 13:25:16.892,0.95632,0.95651,1.50,1.77
2011.01.24 13:25:19.250,0.95632,0.95651,1.50,1.02
2011.01.24 13:25:19.368,0.95634,0.95651,1.50,1.02
2011.01.24 13:25:22.477,0.95633,0.95651,1.50,1.02
2011.01.24 13:25:22.809,0.95635,0.95651,1.50,1.02
2011.01.24 13:25:23.460,0.95633,0.95652,1.50,1.77
2011.01.24 13:25:26.132,0.95632,0.95651,1.50,1.02
2011.01.24 13:25:26.838,0.95633,0.95652,1.50,7.24
2011.01.24 13:25:27.499,0.95633,0.95649,1.50,5.10
2011.01.24 13:25:27.833,0.95633,0.95647,1.50,5.37
2011.01.24 13:25:28.453,0.95624,0.95642,1.50,7.24
2011.01.24 13:25:28.685,0.95624,0.95639,1.50,1.02
2011.01.24 13:25:28.805,0.95621,0.95639,1.50,6.12
2011.01.24 13:25:29.534,0.95621,0.95637,1.50,6.12
2011.01.24 13:25:32.742,0.95621,0.95638,1.50,5.85
2011.01.24 13:25:33.468,0.95621,0.95638,1.50,5.85
2011.01.24 13:25:33.690,0.95621,0.95638,1.50,6.60
2011.01.24 13:25:34.440,0.9562,0.95638,1.50,6.98
2011.01.24 13:25:36.160,0.95618,0.95635,1.50,1.50
2011.01.24 13:25:37.168,0.95617,0.95635,1.50,1.50
2011.01.24 13:25:41.883,0.95616,0.95635,2.25,5.10
2011.01.24 13:25:42.441,0.95616,0.95636,2.25,1.50
2011.01.24 13:25:42.889,0.95619,0.95636,1.50,1.50
2011.01.24 13:25:44.212,0.9562,0.95636,1.50,1.50
2011.01.24 13:25:48.020,0.95621,0.95636,1.50,1.50
2011.01.24 13:25:48.130,0.95619,0.95636,1.50,1.50
2011.01.24 13:25:49.756,0.95619,0.95635,1.50,1.50
2011.01.24 13:25:51.042,0.95618,0.95635,1.50,1.50
2011.01.24 13:25:51.755,0.95621,0.95635,1.50,1.50
2011.01.24 13:25:54.537,0.95619,0.95635,1.50,1.50
2011.01.24 13:25:55.089,0.95619,0.95636,1.50,1.50
2011.01.24 13:25:58.290,0.95621,0.95636,1.50,1.50
2011.01.24 13:26:01.314,0.95622,0.95636,1.50,1.50
2011.01.24 13:26:01.852,0.9562,0.95636,1.50,1.50
2011.01.24 13:26:01.974,0.9562,0.95638,1.50,7.35
2011.01.24 13:26:05.653,0.95624,0.95638,1.50,7.35
2011.01.24 13:26:06.320,0.95625,0.95638,1.50,1.50
2011.01.24 13:26:07.391,0.95623,0.95638,1.50,1.50
2011.01.24 13:26:12.320,0.95624,0.95638,1.50,1.50
2011.01.24 13:26:13.629,0.95623,0.95638,1.50,1.50
2011.01.24 13:26:14.891,0.95624,0.95638,1.50,1.50
2011.01.24 13:26:18.677,0.95626,0.95638,1.50,1.50
2011.01.24 13:26:18.900,0.95624,0.95638,1.50,1.50
2011.01.24 13:26:19.782,0.95626,0.95639,1.50,1.50
2011.01.24 13:26:20.123,0.95629,0.95642,1.50,1.50
2011.01.24 13:26:20.888,0.95629,0.95641,1.50,1.50
2011.01.24 13:26:21.120,0.9563,0.95643,1.50,1.50
2011.01.24 13:26:31.963,0.95631,0.95643,1.50,1.50
2011.01.24 13:26:35.194,0.9563,0.95643,1.50,1.50
2011.01.24 13:26:35.862,0.95632,0.95643,1.50,1.50
2011.01.24 13:26:40.885,0.95631,0.95643,1.50,1.50
2011.01.24 13:26:44.841,0.95631,0.95641,1.50,1.02
2011.01.24 13:26:45.399,0.95625,0.95638,1.88,1.50
2011.01.24 13:26:45.511,0.95627,0.95638,1.50,1.50
2011.01.24 13:26:48.442,0.95625,0.9564,1.50,1.50
2011.01.24 13:26:49.115,0.95624,0.95641,7.35,1.50
2011.01.24 13:26:51.011,0.95628,0.95644,2.25,1.50
2011.01.24 13:26:51.570,0.95628,0.95643,2.25,1.50
2011.01.24 13:26:52.661,0.95628,0.95644,2.25,1.50
2011.01.24 13:26:53.445,0.95627,0.95644,2.25,1.50
2011.01.24 13:26:55.949,0.95628,0.95644,1.02,1.50
2011.01.24 13:26:56.071,0.95634,0.95652,1.50,3.00
2011.01.24 13:26:57.186,0.95632,0.95651,1.50,1.77
2011.01.24 13:26:57.742,0.95633,0.95651,1.50,1.77
2011.01.24 13:26:58.300,0.95634,0.95651,1.50,1.77
2011.01.24 13:27:01.050,0.95632,0.95651,1.50,2.52
2011.01.24 13:27:01.700,0.95632,0.95651,1.69,6.87
2011.01.24 13:27:02.260,0.95633,0.95651,2.25,1.77
2011.01.24 13:27:05.013,0.95635,0.95651,1.50,2.25
2011.01.24 13:27:05.674,0.95636,0.95651,1.50,2.25
2011.01.24 13:27:13.629,0.95636,0.95651,5.10,2.25
2011.01.24 13:27:13.851,0.95638,0.95655,5.10,2.25
2011.01.24 13:27:14.492,0.95638,0.95655,8.37,1.50
2011.01.24 13:27:14.621,0.95644,0.9566,1.50,2.25
2011.01.24 13:27:15.378,0.9564,0.95657,6.60,1.02
2011.01.24 13:27:15.940,0.95641,0.95655,3.00,1.50
2011.01.24 13:27:17.151,0.95641,0.95659,1.50,1.50
2011.01.24 13:27:17.372,0.95639,0.95659,3.27,1.50
2011.01.24 13:27:17.491,0.95639,0.95659,3.27,1.65
2011.01.24 13:27:18.691,0.95639,0.95657,3.27,4.65
2011.01.24 13:27:19.037,0.95634,0.95653,1.50,1.02
2011.01.24 13:27:19.724,0.95633,0.9565,2.25,1.50
2011.01.24 13:27:21.054,0.95634,0.9565,1.50,1.50
2011.01.24 13:27:21.932,0.95633,0.9565,2.25,1.50
2011.01.24 13:27:23.573,0.95632,0.9565,2.25,2.25
2011.01.24 13:27:24.711,0.95634,0.9565,1.50,2.25
2011.01.24 13:27:25.716,0.95633,0.9565,1.50,1.50
2011.01.24 13:27:31.042,0.95631,0.9565,2.25,1.50
2011.01.24 13:27:32.902,0.95632,0.9565,1.50,1.50
2011.01.24 13:27:33.468,0.95635,0.95652,1.50,1.02
2011.01.24 13:27:33.815,0.95643,0.95654,5.10,2.25
2011.01.24 13:27:34.929,0.95643,0.95654,5.10,2.25
2011.01.24 13:27:35.491,0.95644,0.95654,5.10,2.25
2011.01.24 13:27:37.674,0.95637,0.95654,6.60,2.25
2011.01.24 13:27:38.802,0.9564,0.95654,5.85,1.50
2011.01.24 13:27:39.035,0.95641,0.9566,5.10,1.58
2011.01.24 13:27:39.261,0.9564,0.95664,3.00,3.23
2011.01.24 13:27:45.569,0.95643,0.95664,1.77,2.52
2011.01.24 13:27:48.390,0.95643,0.95664,1.02,1.77
2011.01.24 13:27:48.501,0.95642,0.9566,2.25,1.02
2011.01.24 13:27:49.398,0.95642,0.95662,1.77,2.25
2011.01.24 13:27:49.954,0.95642,0.95662,1.02,2.63
2011.01.24 13:27:50.610,0.95639,0.95661,1.50,4.35
2011.01.24 13:27:51.542,0.95637,0.95658,1.77,2.78
2011.01.24 13:27:51.890,0.95637,0.95656,1.02,2.25
2011.01.24 13:27:54.466,0.95639,0.95657,1.50,1.73
2011.01.24 13:27:55.487,0.95638,0.95657,1.02,1.73
2011.01.24 13:27:57.071,0.95638,0.95656,1.02,1.95
2011.01.24 13:28:00.706,0.95638,0.95658,1.77,2.48
2011.01.24 13:28:01.269,0.95639,0.95659,1.50,3.45
2011.01.24 13:28:02.349,0.95639,0.95659,6.60,3.00
2011.01.24 13:28:02.680,0.95639,0.95659,6.60,3.23
2011.01.24 13:28:05.761,0.95638,0.95659,1.77,2.25
2011.01.24 13:28:06.442,0.95639,0.95659,6.23,1.50
2011.01.24 13:28:06.566,0.9564,0.95659,1.50,1.50
2011.01.24 13:28:07.010,0.9564,0.95657,1.50,1.02
2011.01.24 13:28:08.003,0.95638,0.95655,1.50,1.50
2011.01.24 13:28:11.181,0.95639,0.95655,6.12,1.50
2011.01.24 13:28:11.303,0.95639,0.95659,7.62,1.77
2011.01.24 13:28:11.886,0.9564,0.95659,1.02,1.77
2011.01.24 13:28:25.651,0.95641,0.95661,2.25,1.77
2011.01.24 13:28:26.260,0.9564,0.9566,6.60,1.50
2011.01.24 13:28:33.581,0.95639,0.9566,6.12,3.00
2011.01.24 13:28:33.801,0.9564,0.95658,1.50,1.50
2011.01.24 13:28:34.467,0.9564,0.95659,1.50,1.50
2011.01.24 13:28:35.521,0.9564,0.95659,6.60,1.50
2011.01.24 13:28:35.872,0.95639,0.9566,1.77,3.23
2011.01.24 13:28:39.269,0.95639,0.9566,7.99,1.50
2011.01.24 13:28:41.957,0.9564,0.95656,6.60,1.88
2011.01.24 13:28:42.079,0.95641,0.9566,1.50,1.50
2011.01.24 13:28:43.561,0.95641,0.95661,1.50,1.77
2011.01.24 13:28:46.441,0.95642,0.95662,1.77,1.50
2011.01.24 13:28:47.231,0.95643,0.95662,5.10,1.50
2011.01.24 13:28:48.530,0.95643,0.95665,6.60,1.88
2011.01.24 13:28:49.930,0.95645,0.95665,1.02,1.13
2011.01.24 13:28:50.591,0.95647,0.95666,1.50,2.55
2011.01.24 13:28:51.869,0.95647,0.95666,1.77,1.80
2011.01.24 13:28:57.785,0.95648,0.95667,5.22,2.25
2011.01.24 13:28:57.904,0.95653,0.95669,1.02,1.50
2011.01.24 13:28:58.504,0.95655,0.95675,5.85,2.25
2011.01.24 13:29:00.855,0.95659,0.95675,1.58,1.50
2011.01.24 13:29:00.994,0.95661,0.95679,1.50,3.00
2011.01.24 13:29:01.891,0.95659,0.95676,1.50,1.50
2011.01.24 13:29:02.452,0.95657,0.95676,1.50,1.50
2011.01.24 13:29:06.841,0.95659,0.95676,1.50,1.77
2011.01.24 13:29:07.170,0.95654,0.95673,2.25,1.02
2011.01.24 13:29:08.254,0.95652,0.95673,2.25,1.02
2011.01.24 13:29:09.401,0.95654,0.95675,1.77,6.87
2011.01.24 13:29:10.401,0.95654,0.95674,1.02,2.63
2011.01.24 13:29:10.744,0.95654,0.95675,1.02,6.87
2011.01.24 13:29:16.875,0.95654,0.95675,1.02,2.89
2011.01.24 13:29:17.759,0.95654,0.95673,1.02,1.50
2011.01.24 13:29:17.876,0.95653,0.95671,1.50,1.39
2011.01.24 13:29:18.485,0.95649,0.95669,1.02,3.27
2011.01.24 13:29:19.065,0.95649,0.95666,1.02,1.50
2011.01.24 13:29:19.954,0.95648,0.95665,1.77,6.60
2011.01.24 13:29:20.737,0.95649,0.95666,1.02,2.25
2011.01.24 13:29:24.044,0.9565,0.95666,1.02,1.50
2011.01.24 13:29:24.161,0.9565,0.95668,1.02,1.50
2011.01.24 13:29:31.116,0.9565,0.95668,1.50,1.50
2011.01.24 13:29:32.245,0.9565,0.95667,1.50,1.50
2011.01.24 13:29:33.335,0.9565,0.95668,1.50,1.50
2011.01.24 13:29:35.129,0.9565,0.95669,1.50,3.00
2011.01.24 13:29:35.796,0.95651,0.95669,1.50,1.50
2011.01.24 13:29:35.928,0.95653,0.95675,10.62,1.50
2011.01.24 13:29:36.262,0.95654,0.95673,2.25,1.50
2011.01.24 13:29:36.791,0.95654,0.95675,1.50,1.50
2011.01.24 13:29:39.531,0.95654,0.95673,1.77,1.50
2011.01.24 13:29:40.232,0.95654,0.95672,1.50,1.02
2011.01.24 13:29:45.710,0.95654,0.95672,1.50,1.02
2011.01.24 13:29:47.100,0.95655,0.95673,1.50,1.50
2011.01.24 13:29:47.620,0.95655,0.95673,1.50,1.02
2011.01.24 13:29:51.615,0.95654,0.95675,1.77,1.77
2011.01.24 13:29:53.376,0.95654,0.95675,1.77,1.77
2011.01.24 13:29:54.881,0.95656,0.95671,1.50,1.02
2011.01.24 13:29:58.916,0.95654,0.95671,1.50,1.02
2011.01.24 13:30:02.432,0.95652,0.95671,1.50,2.52
2011.01.24 13:30:02.663,0.95654,0.95675,2.52,4.39
2011.01.24 13:30:04.259,0.95654,0.95673,1.02,1.50
2011.01.24 13:30:04.813,0.95652,0.95671,6.60,1.50
2011.01.24 13:30:05.373,0.9565,0.95667,1.50,1.58
2011.01.24 13:30:06.153,0.95648,0.95666,1.02,2.63
2011.01.24 13:30:10.570,0.95647,0.95668,3.27,5.25
2011.01.24 13:30:11.914,0.95649,0.95669,1.02,8.10
2011.01.24 13:30:12.627,0.9565,0.95669,2.25,6.60
2011.01.24 13:30:14.488,0.95649,0.95669,1.02,7.50
2011.01.24 13:30:15.207,0.95649,0.95669,1.02,8.93
2011.01.24 13:30:15.542,0.95649,0.95669,1.02,7.35
2011.01.24 13:30:16.427,0.95651,0.95669,1.50,2.25
2011.01.24 13:30:17.010,0.9565,0.95669,1.50,2.25
2011.01.24 13:30:19.296,0.9565,0.95668,1.50,1.50
2011.01.24 13:30:20.540,0.95647,0.95668,1.77,2.03
2011.01.24 13:30:21.755,0.95647,0.95667,1.02,8.10
2011.01.24 13:30:22.618,0.95647,0.95665,1.02,1.88
2011.01.24 13:30:23.168,0.95647,0.95664,1.02,1.50
2011.01.24 13:30:25.054,0.95645,0.95657,2.25,1.28
2011.01.24 13:30:25.166,0.95645,0.95657,1.50,1.28
2011.01.24 13:30:25.748,0.95641,0.95656,5.10,1.02
2011.01.24 13:30:25.870,0.95635,0.95654,8.10,1.50
2011.01.24 13:30:26.782,0.95635,0.95656,3.00,2.63
2011.01.24 13:30:29.154,0.95633,0.95654,1.50,2.89
2011.01.24 13:30:29.277,0.95636,0.95654,13.62,1.88
2011.01.24 13:30:29.394,0.95638,0.95657,5.10,1.65
2011.01.24 13:30:30.007,0.95639,0.95657,2.25,1.50
2011.01.24 13:30:30.131,0.95645,0.95666,1.02,5.85
2011.01.24 13:30:32.302,0.95647,0.95665,1.77,1.50
2011.01.24 13:30:34.101,0.95647,0.95666,1.77,2.93
2011.01.24 13:30:34.793,0.95647,0.95667,2.52,5.00
2011.01.24 13:30:35.449,0.95647,0.95667,4.02,3.50
2011.01.24 13:30:35.905,0.95647,0.95665,2.25,2.48
2011.01.24 13:30:36.454,0.95647,0.95662,1.50,1.35
2011.01.24 13:30:36.583,0.95647,0.95665,1.02,6.60
2011.01.24 13:30:37.160,0.95647,0.95666,1.77,3.20
2011.01.24 13:30:38.282,0.95649,0.95667,1.02,9.95
2011.01.24 13:30:39.261,0.95647,0.95666,1.02,3.30
2011.01.24 13:30:39.379,0.95646,0.95664,2.25,1.50
2011.01.24 13:30:42.086,0.95646,0.95663,2.25,1.50
2011.01.24 13:30:45.181,0.95646,0.95664,1.50,5.85
2011.01.24 13:30:46.692,0.95646,0.95663,1.50,1.73
2011.01.24 13:30:47.469,0.95645,0.95663,1.77,1.73
2011.01.24 13:30:48.153,0.95637,0.95656,3.00,1.32
2011.01.24 13:30:48.788,0.95637,0.95656,1.50,7.54
2011.01.24 13:30:49.819,0.95636,0.95655,2.52,1.50
2011.01.24 13:30:50.717,0.95637,0.95657,1.02,2.85
2011.01.24 13:30:51.383,0.95637,0.95655,1.02,1.50
2011.01.24 13:30:53.840,0.9564,0.95656,1.50,1.73
2011.01.24 13:30:54.390,0.9564,0.95658,1.50,1.50
2011.01.24 13:30:55.612,0.95636,0.95653,1.50,1.77
2011.01.24 13:30:56.590,0.95634,0.95654,5.85,1.50
2011.01.24 13:30:57.342,0.95634,0.95654,12.19,1.50
2011.01.24 13:30:57.465,0.95636,0.95656,6.34,2.25
2011.01.24 13:30:58.034,0.95636,0.95656,6.87,1.50
2011.01.24 13:30:58.158,0.95639,0.95656,1.50,1.50
2011.01.24 13:30:58.984,0.95639,0.95655,1.50,1.50
2011.01.24 13:30:59.213,0.95639,0.95657,1.50,1.50
2011.01.24 13:30:59.950,0.95639,0.95656,1.50,1.50
2011.01.24 13:31:00.066,0.95639,0.95654,1.50,1.50
2011.01.24 13:31:01.333,0.95637,0.95654,1.50,1.50
2011.01.24 13:31:02.806,0.95637,0.95656,3.75,1.43
2011.01.24 13:31:03.147,0.95641,0.95657,1.50,1.65
2011.01.24 13:31:04.294,0.95642,0.95657,1.50,1.65
2011.01.24 13:31:05.564,0.95642,0.95657,1.50,2.03
2011.01.24 13:31:07.454,0.95645,0.9566,1.50,1.13
2011.01.24 13:31:07.792,0.95645,0.95663,1.50,2.25
2011.01.24 13:31:08.899,0.95645,0.95662,1.50,1.50
2011.01.24 13:31:10.532,0.95645,0.95663,1.50,1.50
2011.01.24 13:31:10.871,0.95645,0.95661,1.50,1.50
2011.01.24 13:31:12.247,0.95645,0.95662,2.25,1.50
2011.01.24 13:31:12.879,0.95645,0.95664,2.25,1.50
2011.01.24 13:31:17.203,0.95645,0.95665,2.25,4.50
2011.01.24 13:31:17.530,0.95645,0.95663,1.50,1.50
2011.01.24 13:31:22.681,0.95645,0.95664,1.50,1.50
2011.01.24 13:31:24.880,0.95645,0.95659,1.50,5.10
2011.01.24 13:31:26.048,0.95645,0.95664,1.50,1.50
2011.01.24 13:31:26.854,0.95645,0.95663,1.50,1.50
2011.01.24 13:31:27.391,0.95645,0.95664,1.50,1.50
2011.01.24 13:31:27.988,0.95645,0.95665,1.50,3.75
2011.01.24 13:31:30.721,0.95645,0.95661,2.25,1.50
2011.01.24 13:31:31.308,0.95645,0.95662,2.25,1.50
2011.01.24 13:31:31.532,0.95645,0.95665,2.25,3.75
2011.01.24 13:31:34.927,0.95645,0.95663,2.25,1.50
2011.01.24 13:31:35.052,0.95645,0.95662,1.50,1.50
2011.01.24 13:31:35.730,0.95645,0.95663,1.50,1.50
2011.01.24 13:31:36.292,0.95646,0.95664,1.50,3.00
2011.01.24 13:31:37.354,0.95642,0.95656,2.25,1.39
2011.01.24 13:31:37.594,0.95639,0.95656,1.02,1.50
2011.01.24 13:31:38.205,0.9564,0.95656,1.50,4.20
2011.01.24 13:31:39.172,0.95636,0.95653,3.75,1.02
2011.01.24 13:31:39.755,0.95632,0.9565,1.50,1.50
2011.01.24 13:31:39.876,0.9563,0.9565,5.85,1.50
2011.01.24 13:31:40.421,0.95632,0.95651,1.50,2.52
2011.01.24 13:31:40.981,0.95632,0.95651,2.25,1.02
2011.01.24 13:31:41.844,0.95635,0.95651,2.25,1.02
2011.01.24 13:31:42.208,0.95643,0.95661,1.20,1.77
2011.01.24 13:31:44.295,0.95642,0.95659,1.20,1.50
2011.01.24 13:31:45.276,0.95642,0.95659,1.20,1.50
2011.01.24 13:31:45.616,0.95642,0.95662,1.20,3.27
2011.01.24 13:31:47.839,0.95642,0.9566,2.70,1.50
2011.01.24 13:31:48.981,0.95644,0.95662,2.25,1.02
2011.01.24 13:31:49.095,0.95644,0.95662,1.77,1.50
2011.01.24 13:31:49.793,0.95645,0.95663,1.50,1.50
2011.01.24 13:31:49.924,0.95654,0.95671,1.02,1.50
2011.01.24 13:31:50.045,0.95652,0.95671,6.53,1.02
2011.01.24 13:31:50.788,0.95652,0.95671,7.80,2.52
2011.01.24 13:31:55.962,0.95653,0.95674,5.85,2.25
2011.01.24 13:31:56.194,0.95656,0.95676,1.50,1.02
2011.01.24 13:31:56.751,0.95656,0.95677,1.50,2.74
2011.01.24 13:31:57.851,0.95656,0.95677,1.50,2.48
2011.01.24 13:31:58.978,0.95656,0.95677,1.50,4.09
2011.01.24 13:32:04.563,0.95655,0.95677,1.50,3.27
2011.01.24 13:32:06.684,0.95657,0.95677,1.50,1.28
2011.01.24 13:32:07.235,0.95657,0.95679,8.48,3.00
2011.01.24 13:32:07.356,0.95657,0.95679,9.23,2.25
2011.01.24 13:32:08.241,0.95662,0.95682,1.50,1.50
2011.01.24 13:32:08.582,0.95663,0.95684,1.50,1.02
2011.01.24 13:32:09.445,0.95663,0.95683,1.50,1.77
2011.01.24 13:32:14.937,0.95662,0.95681,2.25,1.77
2011.01.24 13:32:18.235,0.95662,0.95681,2.25,1.77
2011.01.24 13:32:18.472,0.95664,0.95684,1.02,2.25
2011.01.24 13:32:21.361,0.95666,0.95682,2.25,1.50
2011.01.24 13:32:21.693,0.95667,0.95685,1.02,3.00
2011.01.24 13:32:22.563,0.95667,0.95682,2.52,1.50
2011.01.24 13:32:23.349,0.95667,0.95685,2.52,1.50
2011.01.24 13:32:24.634,0.95668,0.95687,1.02,1.50
2011.01.24 13:32:26.086,0.95669,0.95688,6.34,1.50
2011.01.24 13:32:26.208,0.95669,0.95686,1.02,1.50
2011.01.24 13:32:28.300,0.95668,0.95686,1.77,1.50
2011.01.24 13:32:30.712,0.95668,0.95685,1.77,1.50
2011.01.24 13:32:31.703,0.95668,0.95686,1.77,1.50
2011.01.24 13:32:32.259,0.95668,0.95687,1.77,1.50
2011.01.24 13:32:36.676,0.95668,0.95685,1.77,1.50
2011.01.24 13:32:37.479,0.95668,0.95684,1.77,1.50
2011.01.24 13:32:37.598,0.95668,0.95686,1.77,1.50
2011.01.24 13:32:38.153,0.95668,0.95688,1.77,1.50
2011.01.24 13:32:38.935,0.95668,0.95686,1.02,2.25
2011.01.24 13:32:39.903,0.95668,0.95685,1.02,1.50
2011.01.24 13:32:41.693,0.95666,0.95686,3.27,2.25
2011.01.24 13:32:45.356,0.95668,0.95689,3.27,6.60
2011.01.24 13:32:45.473,0.95668,0.95689,3.27,6.60
2011.01.24 13:32:45.809,0.95668,0.95686,2.52,1.50
2011.01.24 13:32:46.464,0.95672,0.95686,1.50,1.50
2011.01.24 13:32:47.250,0.95666,0.95686,1.50,6.49
2011.01.24 13:32:47.885,0.95664,0.95684,3.00,1.50
2011.01.24 13:32:48.007,0.95664,0.95686,3.00,5.10
2011.01.24 13:32:51.320,0.95664,0.95684,2.25,1.50
2011.01.24 13:32:51.650,0.95663,0.95682,1.50,1.50
2011.01.24 13:32:52.201,0.95663,0.95681,1.50,1.50
2011.01.24 13:32:52.311,0.95664,0.95685,2.25,1.50
2011.01.24 13:32:52.767,0.95664,0.95686,2.25,8.10
2011.01.24 13:32:53.319,0.95664,0.95686,3.00,8.10
2011.01.24 13:32:53.874,0.95664,0.95684,1.50,6.98
2011.01.24 13:32:53.992,0.9566,0.9568,7.05,1.50
2011.01.24 13:32:54.221,0.95659,0.95678,3.00,1.50
2011.01.24 13:32:54.332,0.95659,0.95678,5.10,1.77
2011.01.24 13:32:54.451,0.95656,0.95677,8.10,1.77
2011.01.24 13:32:55.591,0.95658,0.95679,2.33,1.50
2011.01.24 13:32:56.176,0.95658,0.9568,8.18,1.02
2011.01.24 13:32:56.520,0.95658,0.95679,8.18,1.02
2011.01.24 13:32:56.742,0.95658,0.95681,8.93,2.14
2011.01.24 13:32:57.071,0.95658,0.9568,7.35,1.02
2011.01.24 13:32:57.639,0.95658,0.95678,3.00,1.13
2011.01.24 13:32:57.759,0.9566,0.95681,2.25,5.85
2011.01.24 13:32:58.642,0.9566,0.95681,2.25,1.13
2011.01.24 13:32:59.896,0.95658,0.9568,1.50,1.02
2011.01.24 13:33:00.240,0.95657,0.95674,1.50,1.50
2011.01.24 13:33:01.000,0.95657,0.95679,8.10,2.25
2011.01.24 13:33:01.595,0.95658,0.9568,3.00,1.02
2011.01.24 13:33:01.821,0.95657,0.95676,2.25,1.50
2011.01.24 13:33:03.522,0.95656,0.95676,6.60,1.50
2011.01.24 13:33:04.205,0.95656,0.95676,1.50,1.50
2011.01.24 13:33:05.833,0.95655,0.95671,1.50,1.88
2011.01.24 13:33:06.071,0.95649,0.95669,1.02,2.25
2011.01.24 13:33:06.621,0.95651,0.95668,1.02,1.50
2011.01.24 13:33:06.729,0.95651,0.95671,1.02,1.50
2011.01.24 13:33:09.247,0.95649,0.9567,5.59,3.38
2011.01.24 13:33:09.376,0.95648,0.9567,7.20,1.88
2011.01.24 13:33:10.331,0.95648,0.9567,7.20,1.50
2011.01.24 13:33:10.910,0.95651,0.95671,1.17,2.25
2011.01.24 13:33:12.042,0.95647,0.9567,2.25,6.38
2011.01.24 13:33:12.600,0.95645,0.95665,3.49,1.50
2011.01.24 13:33:14.987,0.95648,0.95669,1.09,2.25
2011.01.24 13:33:15.110,0.95651,0.95669,1.02,2.25
2011.01.24 13:33:15.807,0.95652,0.95671,1.02,1.50
2011.01.24 13:33:16.144,0.95649,0.95671,7.09,1.50
2011.01.24 13:33:17.103,0.9565,0.9567,1.77,1.50
2011.01.24 13:33:17.221,0.9565,0.95672,1.77,1.50
2011.01.24 13:33:18.542,0.9565,0.95672,1.24,2.25
2011.01.24 13:33:19.668,0.95649,0.95668,8.33,1.50
2011.01.24 13:33:20.221,0.95649,0.95671,9.83,2.25
2011.01.24 13:33:20.840,0.95651,0.9567,5.10,2.25
2011.01.24 13:33:21.848,0.95651,0.95669,5.10,1.50
2011.01.24 13:33:25.113,0.95649,0.95671,8.70,3.00
2011.01.24 13:33:25.665,0.9565,0.95671,2.10,2.25
2011.01.24 13:33:26.230,0.95651,0.95672,5.33,2.52
2011.01.24 13:33:27.490,0.95651,0.95672,6.08,1.77
2011.01.24 13:33:29.498,0.95652,0.95673,1.73,1.77
2011.01.24 13:33:29.941,0.95654,0.95673,5.10,1.77
2011.01.24 13:33:34.091,0.95654,0.95673,5.33,1.77
2011.01.24 13:33:34.220,0.95659,0.95676,5.59,1.50
2011.01.24 13:33:34.453,0.95662,0.95679,6.83,1.50
2011.01.24 13:33:35.038,0.95668,0.95679,1.09,1.50
2011.01.24 13:33:35.154,0.95668,0.95683,1.09,1.50
2011.01.24 13:33:36.045,0.95663,0.9568,5.85,1.50
2011.01.24 13:33:36.170,0.95663,0.9568,5.85,1.50
2011.01.24 13:33:37.183,0.95662,0.95678,1.99,1.50
2011.01.24 13:33:37.412,0.95661,0.95678,2.18,1.50
2011.01.24 13:33:38.156,0.95661,0.9568,1.73,3.00
2011.01.24 13:33:39.120,0.95663,0.9568,5.10,3.00
2011.01.24 13:33:41.131,0.95663,0.9568,6.08,3.00
2011.01.24 13:33:41.922,0.95661,0.9568,1.73,3.00
2011.01.24 13:33:42.151,0.95659,0.95676,1.73,1.50
2011.01.24 13:33:42.944,0.9566,0.95676,1.43,3.00
2011.01.24 13:33:44.577,0.95664,0.95681,1.50,1.50
2011.01.24 13:33:45.522,0.95664,0.9568,1.73,1.50
2011.01.24 13:33:48.089,0.95664,0.95683,6.83,3.00
2011.01.24 13:33:49.003,0.95664,0.95681,6.60,1.50
2011.01.24 13:33:49.560,0.95664,0.95682,6.83,1.50
2011.01.24 13:33:50.982,0.95664,0.95684,6.83,1.50
2011.01.24 13:33:51.541,0.95665,0.95684,2.48,1.50
2011.01.24 13:33:52.737,0.95666,0.95684,2.10,1.50
2011.01.24 13:33:53.316,0.95669,0.95686,1.35,1.50
2011.01.24 13:33:53.440,0.95675,0.95691,1.50,2.25
2011.01.24 13:33:54.212,0.95675,0.95691,1.50,1.50
2011.01.24 13:33:55.649,0.95675,0.95693,2.25,1.50
2011.01.24 13:33:55.982,0.95675,0.95691,2.25,1.50
2011.01.24 13:33:57.281,0.95674,0.95691,6.12,1.50
2011.01.24 13:33:58.383,0.95673,0.95689,1.50,2.63
2011.01.24 13:33:59.103,0.95673,0.95683,1.50,1.50
2011.01.24 13:33:59.231,0.95665,0.95683,1.50,1.50
2011.01.24 13:33:59.858,0.95667,0.95684,1.50,1.50
2011.01.24 13:34:00.429,0.95672,0.95686,1.02,1.50
2011.01.24 13:34:00.985,0.95668,0.95686,3.00,1.50
2011.01.24 13:34:01.882,0.95668,0.95683,3.00,1.50
2011.01.24 13:34:02.995,0.95673,0.9569,1.02,1.50
2011.01.24 13:34:03.223,0.95674,0.95688,2.25,1.50
2011.01.24 13:34:03.847,0.95674,0.95689,2.25,1.50
2011.01.24 13:34:04.956,0.95674,0.9569,2.52,1.50
2011.01.24 13:34:06.126,0.95674,0.95691,3.27,1.50
2011.01.24 13:34:06.913,0.95679,0.95696,1.99,1.50
2011.01.24 13:34:07.260,0.95683,0.95699,1.02,3.00
2011.01.24 13:34:07.482,0.95682,0.95699,5.59,3.00
2011.01.24 13:34:07.602,0.95684,0.95699,5.10,3.00
2011.01.24 13:34:08.359,0.95684,0.957,5.10,1.50
2011.01.24 13:34:09.214,0.95684,0.957,5.85,1.50
2011.01.24 13:34:09.750,0.95684,0.95701,5.85,3.00
2011.01.24 13:34:10.461,0.95685,0.95703,1.73,1.50
2011.01.24 13:34:11.231,0.95685,0.95704,1.73,1.50
2011.01.24 13:34:11.749,0.95685,0.95705,6.83,3.00
2011.01.24 13:34:13.761,0.95685,0.95703,6.83,1.50
2011.01.24 13:34:14.640,0.95685,0.95705,6.83,3.00
2011.01.24 13:34:16.200,0.95685,0.95701,6.83,1.50
2011.01.24 13:34:17.181,0.95685,0.957,1.50,1.50
2011.01.24 13:34:18.960,0.95683,0.957,6.60,1.50
2011.01.24 13:34:20.183,0.95691,0.957,1.02,1.50
2011.01.24 13:34:20.757,0.95689,0.95702,1.20,1.50
2011.01.24 13:34:20.886,0.95693,0.9571,2.48,3.00
2011.01.24 13:34:21.753,0.95694,0.95711,5.10,1.50
2011.01.24 13:34:23.442,0.95692,0.95711,6.87,1.50
2011.01.24 13:34:23.559,0.95692,0.95709,1.77,1.50
2011.01.24 13:34:23.673,0.95693,0.95712,5.85,1.50
2011.01.24 13:34:24.346,0.95693,0.95712,6.98,1.50
2011.01.24 13:34:27.969,0.95693,0.95713,7.73,1.50
2011.01.24 13:34:28.330,0.95699,0.95711,1.50,1.50
2011.01.24 13:34:28.447,0.95699,0.95715,1.50,3.00
2011.01.24 13:34:29.133,0.95699,0.95714,1.50,1.50
2011.01.24 13:34:29.471,0.95701,0.95714,1.50,1.50
2011.01.24 13:34:29.813,0.95705,0.95717,1.50,1.50
2011.01.24 13:34:30.329,0.95706,0.95719,1.50,2.25
2011.01.24 13:34:30.901,0.95706,0.95719,1.50,1.50
2011.01.24 13:34:33.511,0.95706,0.9572,1.50,1.50
2011.01.24 13:34:36.359,0.95706,0.95717,1.50,1.50
2011.01.24 13:34:36.811,0.95703,0.95716,1.50,1.50
2011.01.24 13:34:36.921,0.95702,0.95716,1.50,1.50
2011.01.24 13:34:37.599,0.95703,0.95717,1.50,1.50
2011.01.24 13:34:38.152,0.95703,0.95717,1.50,2.25
2011.01.24 13:34:38.992,0.95703,0.95715,1.50,1.50
2011.01.24 13:34:42.262,0.95687,0.95702,1.50,1.02
2011.01.24 13:34:42.496,0.95685,0.95704,1.50,5.85
2011.01.24 13:34:43.129,0.95685,0.95704,3.00,2.25
2011.01.24 13:34:43.463,0.95687,0.95704,1.50,2.25
2011.01.24 13:34:44.264,0.95692,0.95709,1.73,1.50
2011.01.24 13:34:44.385,0.95696,0.95709,1.50,1.50
2011.01.24 13:34:44.910,0.95697,0.95711,1.50,1.50
2011.01.24 13:34:45.030,0.95697,0.95711,1.50,1.50
2011.01.24 13:34:46.774,0.95696,0.95711,1.50,1.50
2011.01.24 13:34:47.571,0.95695,0.9571,6.60,1.50
2011.01.24 13:34:48.623,0.95696,0.95711,6.60,3.00
2011.01.24 13:34:48.745,0.95696,0.95711,1.50,3.75
2011.01.24 13:34:48.982,0.95695,0.95711,1.50,4.13
2011.01.24 13:34:49.504,0.95695,0.95711,1.50,1.13
2011.01.24 13:34:50.062,0.95695,0.95712,1.50,1.50
2011.01.24 13:34:51.372,0.95695,0.95712,1.50,1.88
2011.01.24 13:34:52.261,0.95695,0.95712,1.50,1.88
2011.01.24 13:34:53.042,0.95695,0.95712,1.50,1.88
2011.01.24 13:34:53.591,0.95697,0.95713,1.88,2.63
2011.01.24 13:34:53.943,0.957,0.95715,5.85,1.50
2011.01.24 13:34:54.713,0.95696,0.95712,6.60,1.50
2011.01.24 13:34:56.902,0.95698,0.95713,1.73,1.50
2011.01.24 13:34:57.019,0.95698,0.95716,2.10,1.50
2011.01.24 13:34:57.586,0.95699,0.95718,1.35,2.25
2011.01.24 13:34:58.171,0.95704,0.95719,5.33,1.50
2011.01.24 13:34:58.405,0.95704,0.95722,6.83,3.00
2011.01.24 13:34:58.962,0.95704,0.95722,6.68,3.00
2011.01.24 13:34:59.531,0.95704,0.95722,6.60,3.00
2011.01.24 13:35:00.849,0.95703,0.95722,5.85,1.50
2011.01.24 13:35:00.966,0.95703,0.95721,5.93,1.50
2011.01.24 13:35:02.361,0.95703,0.9572,5.93,1.50
2011.01.24 13:35:02.910,0.95703,0.95719,5.93,1.50
2011.01.24 13:35:04.142,0.95703,0.95719,5.85,1.50
2011.01.24 13:35:04.472,0.95704,0.95719,6.60,1.50
2011.01.24 13:35:05.057,0.95704,0.9572,6.60,1.50
2011.01.24 13:35:05.873,0.95704,0.95717,1.50,1.50
2011.01.24 13:35:06.880,0.95704,0.9572,1.58,3.00
2011.01.24 13:35:06.993,0.95704,0.95723,2.33,1.50
2011.01.24 13:35:07.113,0.95704,0.95723,2.33,1.50
2011.01.24 13:35:08.073,0.95707,0.95725,5.10,2.25
2011.01.24 13:35:08.303,0.95708,0.95727,5.85,1.50
2011.01.24 13:35:08.753,0.95708,0.95722,5.10,1.50
2011.01.24 13:35:09.400,0.95706,0.9572,6.60,1.50
2011.01.24 13:35:09.525,0.9571,0.95725,5.10,1.50
2011.01.24 13:35:09.643,0.9571,0.95726,5.48,1.50
2011.01.24 13:35:10.402,0.95714,0.95732,5.82,1.50
2011.01.24 13:35:10.535,0.95718,0.95732,5.10,1.50
2011.01.24 13:35:10.981,0.95714,0.95732,6.79,1.50
2011.01.24 13:35:12.263,0.95714,0.95734,7.17,3.00
2011.01.24 13:35:14.286,0.95717,0.95735,2.25,1.50
2011.01.24 13:35:16.160,0.95727,0.9574,1.02,1.50
2011.01.24 13:35:17.088,0.95726,0.95741,1.50,1.50
2011.01.24 13:35:17.210,0.95726,0.95739,1.50,1.50
2011.01.24 13:35:17.326,0.95723,0.95739,6.12,1.50
2011.01.24 13:35:17.449,0.95719,0.95737,3.27,1.50
2011.01.24 13:35:17.568,0.95719,0.95736,2.25,1.77
2011.01.24 13:35:18.102,0.95717,0.95731,1.02,1.50
2011.01.24 13:35:18.333,0.95715,0.95734,1.95,1.50
2011.01.24 13:35:18.892,0.95716,0.95734,1.50,1.50
2011.01.24 13:35:21.151,0.95715,0.95734,7.05,1.50
2011.01.24 13:35:22.253,0.95728,0.95738,1.02,1.50
2011.01.24 13:35:22.376,0.95728,0.9574,1.02,1.50
2011.01.24 13:35:22.493,0.95723,0.9574,1.77,1.50
2011.01.24 13:35:23.139,0.95723,0.95738,1.77,1.50
2011.01.24 13:35:23.257,0.95723,0.9574,1.77,2.25
2011.01.24 13:35:23.813,0.95723,0.9574,1.50,2.25
2011.01.24 13:35:25.660,0.95722,0.9574,1.50,2.25
2011.01.24 13:35:25.779,0.95722,0.95738,1.50,1.50
2011.01.24 13:35:26.345,0.95721,0.95737,5.10,1.50
2011.01.24 13:35:26.915,0.95721,0.95739,5.37,2.25
2011.01.24 13:35:27.473,0.95722,0.9574,5.37,1.50
2011.01.24 13:35:27.703,0.95719,0.9574,7.35,1.50
2011.01.24 13:35:27.822,0.95719,0.95738,6.60,1.50
2011.01.24 13:35:28.436,0.95719,0.95739,6.60,1.50
2011.01.24 13:35:38.341,0.95719,0.95739,6.60,2.25
2011.01.24 13:35:40.742,0.95719,0.95739,1.50,1.50
2011.01.24 13:35:41.405,0.95719,0.9574,2.25,1.50
2011.01.24 13:35:43.844,0.95719,0.9574,7.35,3.38
2011.01.24 13:35:44.197,0.95718,0.95737,1.50,11.52
2011.01.24 13:35:44.759,0.95718,0.9573,1.50,1.50
2011.01.24 13:35:44.881,0.9571,0.9573,2.25,3.00
2011.01.24 13:35:45.652,0.95711,0.9573,1.50,3.00
2011.01.24 13:35:46.435,0.95711,0.9573,2.52,3.00
2011.01.24 13:35:46.990,0.95711,0.9573,5.37,1.50
2011.01.24 13:35:47.637,0.95714,0.95733,1.50,1.50
2011.01.24 13:35:48.200,0.95714,0.9573,1.50,1.50
2011.01.24 13:35:48.816,0.95711,0.9573,1.50,6.60
2011.01.24 13:35:49.699,0.9571,0.9573,3.00,6.60
2011.01.24 13:35:49.936,0.9571,0.9573,1.50,5.85
2011.01.24 13:35:50.697,0.9571,0.95731,1.50,1.02
2011.01.24 13:35:51.250,0.9571,0.95731,1.50,1.77
2011.01.24 13:35:51.967,0.95711,0.95731,2.25,1.02
2011.01.24 13:35:52.194,0.9571,0.9573,2.25,1.50
2011.01.24 13:35:59.752,0.95711,0.9573,1.50,1.50
2011.01.24 13:36:04.310,0.9571,0.95725,2.25,1.50
2011.01.24 13:36:04.913,0.95705,0.95721,1.50,2.52
2011.01.24 13:36:05.039,0.95701,0.95721,1.50,2.52
2011.01.24 13:36:05.157,0.95699,0.95721,7.24,2.52
2011.01.24 13:36:06.283,0.95703,0.95721,1.50,1.02
2011.01.24 13:36:07.091,0.95702,0.95721,1.50,1.02
2011.01.24 13:36:07.653,0.957,0.95721,7.35,2.52
2011.01.24 13:36:08.241,0.95703,0.95721,1.50,3.27
2011.01.24 13:36:10.035,0.95702,0.95721,1.50,3.27
2011.01.24 13:36:11.264,0.95701,0.95721,7.35,3.27
2011.01.24 13:36:12.527,0.95703,0.95723,2.52,2.63
2011.01.24 13:36:18.862,0.95704,0.95723,5.37,3.00
2011.01.24 13:36:19.201,0.95704,0.95722,5.37,1.50
2011.01.24 13:36:19.313,0.95712,0.95722,1.02,1.50
2011.01.24 13:36:19.433,0.95713,0.95728,1.02,2.25
2011.01.24 13:36:19.943,0.95713,0.95729,1.02,2.63
2011.01.24 13:36:20.070,0.95708,0.95726,1.77,2.25
2011.01.24 13:36:20.183,0.95708,0.95724,1.77,1.50
2011.01.24 13:36:20.632,0.95708,0.95726,1.77,2.25
2011.01.24 13:36:24.583,0.95708,0.95721,1.02,1.88
2011.01.24 13:36:24.709,0.95701,0.95719,1.50,1.50
2011.01.24 13:36:24.932,0.95699,0.95718,1.02,1.50
2011.01.24 13:36:27.706,0.95699,0.95713,1.02,1.50
2011.01.24 13:36:27.831,0.95695,0.9571,1.50,1.50
2011.01.24 13:36:28.272,0.95695,0.95712,1.50,1.50
2011.01.24 13:36:29.850,0.95695,0.95715,1.50,1.88
2011.01.24 13:36:30.451,0.95695,0.95713,1.50,1.13
2011.01.24 13:36:31.376,0.95695,0.95713,1.50,1.13
2011.01.24 13:36:32.040,0.95695,0.95713,2.25,2.63
2011.01.24 13:36:32.841,0.95696,0.95713,1.50,1.13
2011.01.24 13:36:33.400,0.95696,0.95713,1.50,1.13
2011.01.24 13:36:33.950,0.95696,0.95713,1.50,1.13
2011.01.24 13:36:34.499,0.95695,0.95713,2.25,1.13
2011.01.24 13:36:35.661,0.95695,0.95713,2.25,1.13
2011.01.24 13:36:36.550,0.95695,0.95713,2.25,1.13
2011.01.24 13:36:37.290,0.95695,0.95712,2.25,1.88
2011.01.24 13:36:37.876,0.95695,0.95712,2.25,1.88
2011.01.24 13:36:38.898,0.95695,0.95713,2.25,1.13
2011.01.24 13:36:40.001,0.95695,0.95713,2.25,2.63
2011.01.24 13:36:40.685,0.95695,0.95713,2.25,2.63
2011.01.24 13:36:41.240,0.95695,0.95711,2.25,1.13
2011.01.24 13:36:43.032,0.95697,0.95712,1.02,1.88
2011.01.24 13:36:43.657,0.95697,0.95712,1.02,1.88
2011.01.24 13:36:44.509,0.95695,0.95711,1.50,1.02
2011.01.24 13:36:44.632,0.9569,0.95708,3.00,1.50
2011.01.24 13:36:45.626,0.95691,0.95709,2.25,1.50
2011.01.24 13:36:46.190,0.95691,0.9571,2.25,2.52
2011.01.24 13:36:48.143,0.95691,0.9571,2.25,1.02
2011.01.24 13:36:48.263,0.95691,0.95708,2.25,1.50
2011.01.24 13:36:48.797,0.95691,0.9571,2.25,2.52
2011.01.24 13:36:48.920,0.95689,0.95706,1.02,2.25
2011.01.24 13:36:49.033,0.95685,0.95706,5.25,2.67
2011.01.24 13:36:49.262,0.95685,0.95703,4.50,1.50
2011.01.24 13:36:51.912,0.95686,0.95705,2.25,1.50
2011.01.24 13:36:52.352,0.95685,0.95705,3.27,1.50
2011.01.24 13:36:53.503,0.95685,0.95705,2.52,2.70
2011.01.24 13:36:53.734,0.95684,0.95702,2.25,1.02
2011.01.24 13:36:56.254,0.95681,0.95702,3.75,1.77
2011.01.24 13:36:59.883,0.95684,0.95704,1.02,3.00
2011.01.24 13:37:05.053,0.95684,0.95702,6.12,1.50
2011.01.24 13:37:05.635,0.95684,0.95701,1.02,1.50
2011.01.24 13:37:06.360,0.95684,0.957,1.02,1.50
2011.01.24 13:37:06.925,0.95681,0.95697,6.60,1.50
2011.01.24 13:37:07.152,0.9568,0.95698,1.50,1.50
2011.01.24 13:37:07.381,0.9568,0.95696,1.50,1.50
2011.01.24 13:37:08.048,0.95679,0.95698,1.02,1.50
2011.01.24 13:37:08.712,0.95679,0.95695,1.02,1.50
2011.01.24 13:37:09.270,0.95679,0.95694,1.02,1.50
2011.01.24 13:37:10.263,0.9568,0.95696,5.10,1.50
2011.01.24 13:37:11.726,0.95679,0.95697,6.87,1.50
2011.01.24 13:37:12.298,0.95679,0.95697,6.12,1.50
2011.01.24 13:37:13.372,0.95679,0.95696,6.12,1.50
2011.01.24 13:37:16.990,0.95675,0.95693,2.25,1.50
2011.01.24 13:37:17.105,0.95676,0.95692,1.02,1.50
2011.01.24 13:37:17.331,0.95676,0.95694,1.02,1.50
2011.01.24 13:37:17.901,0.95675,0.95692,2.25,1.50
2011.01.24 13:37:19.578,0.95676,0.95692,1.50,2.25
2011.01.24 13:37:20.242,0.95677,0.95692,1.02,2.25
2011.01.24 13:37:20.707,0.95675,0.95692,1.77,2.25
2011.01.24 13:37:22.732,0.95675,0.95689,1.77,1.50
2011.01.24 13:37:23.967,0.95673,0.95689,5.10,2.03
2011.01.24 13:37:24.484,0.95673,0.95685,5.10,1.88
2011.01.24 13:37:24.612,0.95666,0.95681,1.50,1.50
2011.01.24 13:37:26.454,0.95665,0.95681,1.50,1.50
2011.01.24 13:37:27.887,0.95667,0.95683,1.02,1.50
2011.01.24 13:37:28.009,0.95665,0.95684,7.35,1.50
2011.01.24 13:37:28.124,0.95665,0.95681,2.25,1.50
2011.01.24 13:37:29.087,0.95665,0.95683,2.25,1.50
2011.01.24 13:37:29.645,0.95668,0.95682,1.02,1.50
2011.01.24 13:37:30.297,0.95668,0.95683,1.02,1.50
2011.01.24 13:37:30.976,0.95667,0.95683,6.60,1.50
2011.01.24 13:37:31.470,0.95666,0.95681,6.60,1.50
2011.01.24 13:37:31.815,0.95668,0.95683,1.02,1.50
2011.01.24 13:37:32.361,0.9567,0.95685,1.02,1.50
2011.01.24 13:37:32.482,0.95673,0.95688,1.02,3.00
2011.01.24 13:37:33.606,0.95672,0.95691,6.12,1.50
2011.01.24 13:37:34.239,0.95672,0.95689,5.85,1.50
2011.01.24 13:37:35.122,0.95672,0.95687,5.85,1.50
2011.01.24 13:37:35.747,0.9567,0.95688,5.85,1.50
2011.01.24 13:37:36.193,0.95672,0.95689,1.02,1.50
2011.01.24 13:37:37.275,0.95675,0.95695,6.12,1.80
2011.01.24 13:37:37.944,0.95675,0.95693,2.52,1.50
2011.01.24 13:37:39.966,0.95676,0.95695,1.02,1.80
2011.01.24 13:37:40.206,0.95675,0.95692,2.25,1.02
2011.01.24 13:37:40.850,0.95671,0.95682,5.10,1.50
2011.01.24 13:37:40.973,0.95666,0.95681,2.25,1.50
2011.01.24 13:37:41.511,0.95666,0.95684,1.50,1.50
2011.01.24 13:37:42.295,0.95666,0.95683,1.50,1.50
2011.01.24 13:37:43.100,0.9567,0.95687,5.10,1.50
2011.01.24 13:37:43.324,0.9567,0.95689,5.10,3.00
2011.01.24 13:37:44.325,0.9567,0.95688,5.48,1.50
2011.01.24 13:37:45.021,0.9567,0.95689,5.85,3.00
2011.01.24 13:37:45.150,0.95671,0.95689,1.77,1.50
2011.01.24 13:37:45.739,0.95687,0.95695,5.10,3.75
2011.01.24 13:37:45.864,0.95692,0.95708,1.02,2.25
2011.01.24 13:37:46.520,0.95692,0.95706,1.02,1.50
2011.01.24 13:37:46.752,0.9569,0.95707,1.02,1.50
2011.01.24 13:37:47.850,0.95689,0.95707,6.60,1.50
2011.01.24 13:37:48.403,0.95689,0.95708,6.60,1.50
2011.01.24 13:37:49.005,0.95689,0.95707,6.60,1.50
2011.01.24 13:37:49.562,0.95689,0.95708,6.60,1.50
2011.01.24 13:37:50.664,0.95689,0.95708,6.87,1.50
2011.01.24 13:37:52.254,0.95677,0.95697,6.98,1.65
2011.01.24 13:37:53.140,0.9568,0.95699,5.85,1.50
2011.01.24 13:37:53.802,0.9568,0.95697,5.85,1.50
2011.01.24 13:37:54.462,0.95678,0.95697,6.94,1.50
2011.01.24 13:37:54.582,0.9568,0.957,5.10,3.00
2011.01.24 13:37:55.577,0.9568,0.95698,5.10,1.50
2011.01.24 13:37:56.129,0.95678,0.95699,8.37,2.25
2011.01.24 13:37:58.181,0.9568,0.95699,5.10,2.25
2011.01.24 13:37:58.292,0.95682,0.957,5.37,1.50
2011.01.24 13:37:58.805,0.95682,0.95701,5.37,3.75
2011.01.24 13:37:59.580,0.95682,0.95701,5.37,1.50
2011.01.24 13:38:00.561,0.95682,0.95701,5.37,1.50
2011.01.24 13:38:01.342,0.95683,0.95701,1.77,1.50
2011.01.24 13:38:02.008,0.95685,0.95703,1.77,2.25
2011.01.24 13:38:03.512,0.95686,0.95702,1.02,2.25
2011.01.24 13:38:04.060,0.95686,0.95702,1.02,2.25
2011.01.24 13:38:08.812,0.95686,0.95703,1.02,1.50
2011.01.24 13:38:09.573,0.95686,0.95702,1.02,1.50
2011.01.24 13:38:10.362,0.95686,0.95705,1.02,1.50
2011.01.24 13:38:11.199,0.95685,0.95703,2.25,1.50
2011.01.24 13:38:11.962,0.95687,0.95704,1.02,2.33
2011.01.24 13:38:11.996,0.95687,0.95704,1.02,3.08
2011.01.24 13:38:14.785,0.95681,0.95699,5.85,1.50
2011.01.24 13:38:15.329,0.9568,0.95693,1.50,1.50
2011.01.24 13:38:15.448,0.95676,0.95693,1.50,1.50
2011.01.24 13:38:17.593,0.95671,0.95693,1.02,3.38
2011.01.24 13:38:18.052,0.9567,0.95693,9.87,3.38
2011.01.24 13:38:18.404,0.95671,0.95691,5.37,2.25
2011.01.24 13:38:19.312,0.95673,0.95693,5.10,2.25
2011.01.24 13:38:20.088,0.95674,0.95693,3.75,1.50
2011.01.24 13:38:20.754,0.95675,0.95696,4.39,2.18
2011.01.24 13:38:22.075,0.95671,0.95692,3.75,1.02
2011.01.24 13:38:25.071,0.95672,0.95692,1.50,1.77
2011.01.24 13:38:25.181,0.9567,0.95692,8.85,1.77
2011.01.24 13:38:28.022,0.95669,0.95688,1.50,1.50
2011.01.24 13:38:28.952,0.95669,0.95689,1.50,3.00
2011.01.24 13:38:29.950,0.95669,0.95687,1.73,1.50
2011.01.24 13:38:34.880,0.95669,0.95685,1.73,1.50
2011.01.24 13:38:35.515,0.95669,0.95686,1.73,1.50
2011.01.24 13:38:35.864,0.95667,0.95683,6.12,1.50
2011.01.24 13:38:36.427,0.95666,0.95685,3.27,1.50
2011.01.24 13:38:36.549,0.95667,0.95687,1.02,1.50
2011.01.24 13:38:37.329,0.95668,0.95687,1.50,1.50
2011.01.24 13:38:37.672,0.95667,0.95685,1.02,1.50
2011.01.24 13:38:42.724,0.95669,0.9569,1.50,2.25
2011.01.24 13:38:47.882,0.9567,0.95693,1.99,8.10
2011.01.24 13:38:53.784,0.9567,0.95688,5.33,2.25
2011.01.24 13:38:54.543,0.95667,0.95688,1.73,2.25
2011.01.24 13:38:54.893,0.95671,0.95688,2.98,1.50
2011.01.24 13:38:55.141,0.95671,0.95691,2.98,1.50
2011.01.24 13:38:59.366,0.95671,0.95692,1.48,2.25
2011.01.24 13:39:03.671,0.95671,0.95692,2.98,1.50
2011.01.24 13:39:04.750,0.95671,0.95692,2.94,2.25
2011.01.24 13:39:04.800,0.95674,0.95692,1.44,2.25
2011.01.24 13:39:04.926,0.95685,0.95697,1.02,5.10
2011.01.24 13:39:05.044,0.95685,0.95704,1.02,2.25
2011.01.24 13:39:05.555,0.95685,0.95704,1.02,1.50
2011.01.24 13:39:05.683,0.95688,0.95702,5.85,1.50
2011.01.24 13:39:06.767,0.95684,0.95702,1.73,1.50
2011.01.24 13:39:08.463,0.95685,0.95704,6.34,1.50
2011.01.24 13:39:09.023,0.95685,0.95705,6.72,1.50
2011.01.24 13:39:09.258,0.95686,0.95708,6.23,3.00
2011.01.24 13:39:09.894,0.95686,0.95708,7.35,2.25
2011.01.24 13:39:10.017,0.95686,0.95708,8.37,2.25
2011.01.24 13:39:10.350,0.95692,0.95711,1.02,3.00
2011.01.24 13:39:11.966,0.9569,0.95709,1.73,1.50
2011.01.24 13:39:12.859,0.95691,0.95708,1.50,2.25
2011.01.24 13:39:14.398,0.95687,0.95708,1.77,3.00
2011.01.24 13:39:22.960,0.95687,0.95708,1.99,3.00
2011.01.24 13:39:23.523,0.95687,0.95708,1.77,3.00
2011.01.24 13:39:24.108,0.95688,0.95708,1.77,1.65
2011.01.24 13:39:24.224,0.95688,0.95708,1.77,1.65
2011.01.24 13:39:25.220,0.95687,0.95706,1.77,2.25
2011.01.24 13:39:26.833,0.95687,0.95708,1.02,2.25
2011.01.24 13:39:27.812,0.95687,0.95708,1.02,2.25
2011.01.24 13:39:29.913,0.95687,0.9571,3.27,6.60
2011.01.24 13:39:30.143,0.95687,0.95709,1.77,2.25
2011.01.24 13:39:36.280,0.95687,0.95709,3.27,1.13
2011.01.24 13:39:36.947,0.95687,0.95708,1.02,1.50
2011.01.24 13:39:38.228,0.95686,0.95704,3.00,1.05
2011.01.24 13:39:38.348,0.95684,0.95699,5.85,1.95
2011.01.24 13:39:38.922,0.95684,0.95693,5.10,1.50
2011.01.24 13:39:39.051,0.95677,0.95693,1.50,1.50
2011.01.24 13:39:39.163,0.95677,0.95695,1.50,1.50
2011.01.24 13:39:39.819,0.95677,0.95698,2.63,2.52
2011.01.24 13:39:40.042,0.95677,0.95698,2.25,2.52
2011.01.24 13:39:40.958,0.95678,0.957,1.50,4.77
2011.01.24 13:39:41.293,0.95678,0.95694,1.50,1.50
2011.01.24 13:39:43.910,0.95677,0.95694,1.50,1.50
2011.01.24 13:39:44.240,0.95677,0.95694,1.50,1.50
2011.01.24 13:39:45.649,0.95677,0.95694,1.50,1.50
2011.01.24 13:39:45.916,0.95677,0.95697,1.50,3.00
2011.01.24 13:39:46.697,0.95678,0.95692,1.50,1.50
2011.01.24 13:39:48.402,0.95678,0.95697,1.80,1.50
2011.01.24 13:39:49.187,0.95678,0.95696,1.80,1.50
2011.01.24 13:39:53.666,0.95678,0.95696,1.58,1.50
2011.01.24 13:39:55.773,0.95676,0.95696,1.58,1.50
2011.01.24 13:39:57.617,0.95683,0.95703,6.94,3.00
2011.01.24 13:39:57.842,0.95683,0.95703,6.87,1.50
2011.01.24 13:39:58.859,0.95684,0.95704,1.66,1.50
2011.01.24 13:40:01.452,0.95684,0.95702,1.66,1.50
2011.01.24 13:40:01.972,0.95684,0.95702,1.66,1.50
2011.01.24 13:40:03.417,0.95685,0.95707,2.25,7.73
2011.01.24 13:40:04.627,0.95685,0.95703,2.25,1.50
2011.01.24 13:40:05.072,0.95682,0.95701,6.01,1.50
2011.01.24 13:40:05.740,0.95682,0.95701,6.01,1.50
2011.01.24 13:40:06.291,0.95682,0.95703,6.01,2.25
2011.01.24 13:40:07.669,0.95678,0.95696,2.25,5.10
2011.01.24 13:40:07.891,0.95678,0.95696,2.25,5.10
2011.01.24 13:40:08.442,0.95678,0.95697,2.25,5.85
2011.01.24 13:40:09.089,0.95675,0.95696,2.25,7.35
2011.01.24 13:40:12.381,0.95678,0.95696,1.13,7.35
2011.01.24 13:40:12.712,0.95676,0.957,1.02,4.13
2011.01.24 13:40:13.427,0.95679,0.957,2.25,1.50
2011.01.24 13:40:14.123,0.95682,0.957,1.17,2.25
2011.01.24 13:40:14.993,0.95683,0.95701,3.16,1.50
2011.01.24 13:40:18.104,0.95683,0.95705,3.16,1.13
2011.01.24 13:40:18.870,0.95683,0.95704,1.66,1.50
2011.01.24 13:40:19.422,0.95683,0.95706,1.66,4.13
2011.01.24 13:40:28.120,0.95683,0.95704,1.66,1.50
2011.01.24 13:40:28.756,0.95682,0.95703,5.85,2.63
2011.01.24 13:40:29.639,0.95682,0.957,5.85,1.50
2011.01.24 13:40:30.752,0.95681,0.957,6.60,1.50
2011.01.24 13:40:33.723,0.95682,0.95703,6.01,3.75
2011.01.24 13:40:34.331,0.95683,0.95703,3.16,1.50
2011.01.24 13:40:35.450,0.95687,0.95707,1.02,1.13
2011.01.24 13:40:38.332,0.95686,0.95706,3.27,1.50
2011.01.24 13:40:44.993,0.95687,0.95707,1.02,2.25
2011.01.24 13:40:47.734,0.95687,0.95709,2.52,6.60
2011.01.24 13:40:48.521,0.9569,0.95709,1.50,6.60
2011.01.24 13:40:58.224,0.9569,0.95712,3.91,1.02
2011.01.24 13:40:58.345,0.9569,0.95712,4.66,1.02
2011.01.24 13:41:02.175,0.95694,0.95714,1.50,1.77
2011.01.24 13:41:05.252,0.95693,0.95713,1.50,6.12
2011.01.24 13:41:05.801,0.95692,0.95713,3.75,6.12
2011.01.24 13:41:06.702,0.95694,0.95713,1.50,1.02
2011.01.24 13:41:07.594,0.95694,0.95713,1.58,1.77
2011.01.24 13:41:08.178,0.95698,0.95715,1.50,2.25
2011.01.24 13:41:09.503,0.95698,0.95714,2.25,1.50
2011.01.24 13:41:10.082,0.95698,0.95714,8.10,1.50
2011.01.24 13:41:10.199,0.95703,0.95723,2.52,2.25
2011.01.24 13:41:10.535,0.95701,0.9572,1.50,6.12
2011.01.24 13:41:10.651,0.95701,0.9572,1.50,6.12
2011.01.24 13:41:11.351,0.957,0.9572,1.77,6.12
2011.01.24 13:41:13.499,0.957,0.9572,1.77,6.60
2011.01.24 13:41:15.276,0.957,0.95712,1.50,1.88
2011.01.24 13:41:15.502,0.95694,0.95712,5.10,1.50
2011.01.24 13:41:16.951,0.95693,0.95712,1.50,1.50
2011.01.24 13:41:17.855,0.95694,0.95715,1.50,1.50
2011.01.24 13:41:18.657,0.95693,0.95715,3.64,6.98
2011.01.24 13:41:18.779,0.95696,0.95715,1.02,2.25
2011.01.24 13:41:25.695,0.95696,0.95715,2.52,1.50
2011.01.24 13:41:51.333,0.95697,0.95717,1.77,8.85
2011.01.24 13:42:02.175,0.95698,0.95715,1.77,1.50
2011.01.24 13:42:03.825,0.95698,0.95716,1.77,1.50
2011.01.24 13:42:10.980,0.95698,0.95714,1.77,2.25
2011.01.24 13:42:11.093,0.95698,0.95709,1.50,6.87
2011.01.24 13:42:11.323,0.95688,0.95707,2.63,5.52
2011.01.24 13:42:11.443,0.95687,0.95704,1.50,1.50
2011.01.24 13:42:11.564,0.95685,0.95704,1.50,3.64
2011.01.24 13:42:12.061,0.95681,0.95703,3.00,1.39
2011.01.24 13:42:12.615,0.95682,0.95703,5.55,1.02
2011.01.24 13:42:13.063,0.95685,0.95705,1.58,6.12
2011.01.24 13:42:13.293,0.95685,0.95703,1.58,1.02
2011.01.24 13:42:13.806,0.95684,0.95703,5.85,1.02
2011.01.24 13:42:15.589,0.95682,0.95702,1.50,1.02
2011.01.24 13:42:16.146,0.95683,0.95702,1.50,1.02
2011.01.24 13:42:17.642,0.95681,0.95702,4.50,1.02
2011.01.24 13:42:21.503,0.95682,0.95702,5.10,1.02
2011.01.24 13:42:23.042,0.95683,0.95702,1.50,1.02
2011.01.24 13:42:25.891,0.95683,0.95702,1.50,1.02
2011.01.24 13:42:26.652,0.95684,0.95702,1.50,1.02
2011.01.24 13:42:26.779,0.95682,0.95702,6.60,1.39
2011.01.24 13:42:34.372,0.95683,0.95702,5.10,1.02
2011.01.24 13:42:36.958,0.95682,0.95702,5.10,1.02
2011.01.24 13:42:38.691,0.95683,0.95702,5.10,1.02
2011.01.24 13:42:39.351,0.95681,0.95701,11.70,1.02
2011.01.24 13:42:39.463,0.95683,0.95701,1.50,1.02
2011.01.24 13:42:40.061,0.95683,0.95703,2.25,3.27
2011.01.24 13:42:40.738,0.95684,0.95703,5.10,3.27
2011.01.24 13:42:44.388,0.95682,0.95702,1.50,1.77
2011.01.24 13:42:44.941,0.95682,0.95702,2.25,1.77
2011.01.24 13:42:45.271,0.95682,0.95699,2.25,1.02
2011.01.24 13:42:46.078,0.9568,0.95697,1.50,2.14
2011.01.24 13:42:46.196,0.95679,0.95696,2.70,1.50
2011.01.24 13:42:47.736,0.95679,0.95696,1.20,2.25
2011.01.24 13:42:49.811,0.95678,0.95696,1.20,1.77
2011.01.24 13:42:50.992,0.95681,0.95696,1.50,1.77
2011.01.24 13:42:57.591,0.9568,0.95695,1.50,2.52
2011.01.24 13:42:57.702,0.95678,0.95695,1.50,2.52
2011.01.24 13:42:59.481,0.95678,0.95695,1.50,4.39
2011.01.24 13:43:00.140,0.95676,0.95695,1.50,9.49
2011.01.24 13:43:00.693,0.95675,0.95695,3.00,4.39
2011.01.24 13:43:01.365,0.95677,0.95695,1.50,4.39
2011.01.24 13:43:01.932,0.95676,0.95695,1.50,4.39
2011.01.24 13:43:02.998,0.95677,0.95695,1.50,4.39
2011.01.24 13:43:07.182,0.95676,0.95695,1.50,4.39
2011.01.24 13:43:08.713,0.95676,0.95694,1.50,2.63
2011.01.24 13:43:09.054,0.95676,0.95694,1.50,3.38
2011.01.24 13:43:10.895,0.95676,0.95689,1.50,5.10
2011.01.24 13:43:11.017,0.95673,0.95689,3.00,6.00
2011.01.24 13:43:11.254,0.95667,0.95686,1.50,3.53
2011.01.24 13:43:12.502,0.95666,0.95683,1.50,1.13
2011.01.24 13:43:13.472,0.95665,0.95683,1.50,1.13
2011.01.24 13:43:15.120,0.95663,0.95679,1.50,1.50
2011.01.24 13:43:16.214,0.95657,0.95675,1.50,1.88
2011.01.24 13:43:16.948,0.95654,0.95674,1.50,1.50
2011.01.24 13:43:17.187,0.95657,0.95674,1.50,1.50
2011.01.24 13:43:18.081,0.95656,0.95674,1.50,1.50
2011.01.24 13:43:18.414,0.95658,0.95674,1.50,1.50
2011.01.24 13:43:19.266,0.95656,0.95674,1.50,1.50
2011.01.24 13:43:25.857,0.95655,0.95673,1.50,1.50
2011.01.24 13:43:26.217,0.95652,0.95666,1.50,1.88
2011.01.24 13:43:26.755,0.95652,0.95666,1.50,3.38
2011.01.24 13:43:27.569,0.95653,0.95669,1.50,3.00
2011.01.24 13:43:28.132,0.95652,0.95669,1.50,3.00
2011.01.24 13:43:31.053,0.95651,0.95669,1.50,3.00
2011.01.24 13:43:32.174,0.95653,0.95669,1.50,3.00
2011.01.24 13:43:32.623,0.9565,0.95669,1.50,3.00
2011.01.24 13:43:33.181,0.95651,0.95669,1.50,3.00
2011.01.24 13:43:39.234,0.95653,0.95669,1.50,3.00
2011.01.24 13:43:39.351,0.95651,0.95669,1.50,3.00
2011.01.24 13:43:40.232,0.95653,0.95669,1.50,3.00
2011.01.24 13:43:41.222,0.95651,0.95669,1.50,3.38
2011.01.24 13:43:43.551,0.95651,0.95667,1.50,2.03
2011.01.24 13:43:45.089,0.9565,0.95666,1.50,1.13
2011.01.24 13:43:46.511,0.95649,0.95667,1.50,4.58
2011.01.24 13:43:46.622,0.95649,0.95666,1.50,1.50
2011.01.24 13:43:57.215,0.95651,0.95666,1.50,2.63
2011.01.24 13:43:57.771,0.9565,0.95666,1.50,2.63
2011.01.24 13:43:59.872,0.95646,0.95666,4.02,1.50
2011.01.24 13:44:05.155,0.95648,0.95666,1.77,2.63
2011.01.24 13:44:05.383,0.95647,0.95664,1.77,1.13
2011.01.24 13:44:05.961,0.95645,0.95656,1.50,1.73
2011.01.24 13:44:06.079,0.9564,0.95657,3.27,7.05
2011.01.24 13:44:06.304,0.95636,0.95656,1.50,1.50
2011.01.24 13:44:06.825,0.95634,0.95654,1.77,1.50
2011.01.24 13:44:07.173,0.95637,0.95652,1.50,1.02
2011.01.24 13:44:07.292,0.95634,0.95652,1.50,1.02
2011.01.24 13:44:08.270,0.95635,0.95652,1.50,1.02
2011.01.24 13:44:09.927,0.95635,0.95652,1.50,1.77
2011.01.24 13:44:10.049,0.9563,0.95647,1.50,1.50
2011.01.24 13:44:11.077,0.95631,0.95649,5.10,1.50
2011.01.24 13:44:11.412,0.95633,0.9565,1.50,1.50
2011.01.24 13:44:11.974,0.95633,0.95647,1.50,6.87
2011.01.24 13:44:12.084,0.95629,0.95647,1.50,6.87
2011.01.24 13:44:13.842,0.95631,0.95646,1.50,2.25
2011.01.24 13:44:14.391,0.95629,0.95647,7.24,1.50
2011.01.24 13:44:14.721,0.95633,0.95647,1.50,1.50
2011.01.24 13:44:15.934,0.95634,0.95647,1.50,1.50
2011.01.24 13:44:16.717,0.95631,0.95647,1.50,1.50
2011.01.24 13:44:17.271,0.95632,0.95647,1.50,1.50
2011.01.24 13:44:18.991,0.9563,0.95647,5.37,1.50
2011.01.24 13:44:20.010,0.95627,0.95646,1.50,2.25
2011.01.24 13:44:20.122,0.95627,0.95646,1.50,2.43
2011.01.24 13:44:20.342,0.95625,0.95641,3.00,1.02
2011.01.24 13:44:20.454,0.95621,0.95639,3.00,1.13
2011.01.24 13:44:21.036,0.95617,0.95633,2.25,1.02
2011.01.24 13:44:21.822,0.95615,0.95632,2.25,1.02
2011.01.24 13:44:22.928,0.95617,0.95635,1.50,2.25
2011.01.24 13:44:24.146,0.95619,0.95636,6.49,1.50
2011.01.24 13:44:24.263,0.95621,0.95636,1.50,1.50
2011.01.24 13:44:24.496,0.95621,0.9564,1.88,2.25
2011.01.24 13:44:25.069,0.9562,0.95641,7.24,1.02
2011.01.24 13:44:26.171,0.95622,0.95641,1.50,1.02
2011.01.24 13:44:26.300,0.9562,0.95637,1.50,6.12
2011.01.24 13:44:27.293,0.95617,0.95636,2.25,2.25
2011.01.24 13:44:28.486,0.95619,0.95636,1.50,2.25
2011.01.24 13:44:29.563,0.95617,0.95636,2.25,2.25
2011.01.24 13:44:29.767,0.95617,0.95634,2.25,1.50
2011.01.24 13:44:31.191,0.95617,0.95635,2.25,1.50
2011.01.24 13:44:32.800,0.95617,0.95634,2.25,1.50
2011.01.24 13:44:33.130,0.95619,0.95634,1.50,1.50
2011.01.24 13:44:34.449,0.95619,0.95639,5.52,5.10
2011.01.24 13:44:34.564,0.95624,0.95643,2.52,2.25
2011.01.24 13:44:35.228,0.95624,0.95644,4.47,1.50
2011.01.24 13:44:36.332,0.95624,0.95644,6.12,2.63
2011.01.24 13:44:36.452,0.95622,0.9564,2.25,2.25
2011.01.24 13:44:36.783,0.95619,0.95636,2.25,1.77
2011.01.24 13:44:37.756,0.95622,0.95638,1.50,1.50
2011.01.24 13:44:37.984,0.95623,0.95644,4.47,1.77
2011.01.24 13:44:39.462,0.95626,0.95644,1.50,1.77
2011.01.24 13:44:40.040,0.95627,0.95643,1.50,1.02
2011.01.24 13:44:40.153,0.95625,0.95643,1.50,1.02
2011.01.24 13:44:40.273,0.95622,0.95643,3.00,1.02
2011.01.24 13:44:42.203,0.95622,0.95641,2.25,1.02
2011.01.24 13:44:42.321,0.95624,0.95641,1.50,1.02
2011.01.24 13:44:44.587,0.9562,0.95637,4.50,1.02
2011.01.24 13:44:45.143,0.9562,0.95637,2.25,1.02
2011.01.24 13:44:46.675,0.9562,0.95637,1.50,1.02
2011.01.24 13:44:47.673,0.95622,0.95639,1.50,6.60
2011.01.24 13:44:48.215,0.95622,0.95638,1.50,5.10
2011.01.24 13:44:48.342,0.95623,0.95641,1.50,1.02
2011.01.24 13:44:51.353,0.95622,0.95641,1.50,1.02
2011.01.24 13:44:52.771,0.95624,0.95641,1.50,1.02
2011.01.24 13:44:54.692,0.95624,0.95641,1.95,1.02
2011.01.24 13:44:54.914,0.95626,0.95644,1.50,6.60
2011.01.24 13:44:55.456,0.95627,0.95644,1.50,1.50
2011.01.24 13:44:55.684,0.95624,0.95644,3.27,1.50
2011.01.24 13:44:55.802,0.95624,0.95642,2.25,1.02
2011.01.24 13:44:56.672,0.95622,0.95641,1.50,5.37
2011.01.24 13:44:57.227,0.95621,0.95641,2.25,1.02
2011.01.24 13:44:59.865,0.95622,0.95641,1.50,6.12
2011.01.24 13:44:59.990,0.95621,0.9564,3.00,5.85
2011.01.24 13:45:00.943,0.9562,0.95637,1.77,1.50
2011.01.24 13:45:02.769,0.95621,0.95637,1.88,1.50
2011.01.24 13:45:02.894,0.95633,0.95648,1.50,5.10
2011.01.24 13:45:03.017,0.95633,0.95652,1.50,6.87
2011.01.24 13:45:03.527,0.95634,0.95652,1.50,6.87
2011.01.24 13:45:03.649,0.95632,0.95649,1.50,1.50
2011.01.24 13:45:06.789,0.95631,0.95651,1.50,8.10
2011.01.24 13:45:06.908,0.95628,0.9565,5.52,5.48
2011.01.24 13:45:07.463,0.9563,0.9565,2.25,6.23
2011.01.24 13:45:08.021,0.9563,0.95649,1.50,5.10
2011.01.24 13:45:09.012,0.95628,0.95649,2.52,5.10
2011.01.24 13:45:09.232,0.9563,0.95649,1.50,5.10
2011.01.24 13:45:09.820,0.9563,0.95648,1.50,1.50
2011.01.24 13:45:10.482,0.9563,0.95649,1.50,5.10
2011.01.24 13:45:11.031,0.9563,0.95648,1.50,5.10
2011.01.24 13:45:13.222,0.95628,0.95648,1.77,5.10
2011.01.24 13:45:13.891,0.95628,0.95648,1.77,5.48
2011.01.24 13:45:14.242,0.95626,0.95643,1.50,1.02
2011.01.24 13:45:14.942,0.95623,0.95636,1.50,1.02
2011.01.24 13:45:15.056,0.9562,0.95641,2.25,8.37
2011.01.24 13:45:15.175,0.95622,0.95641,1.50,8.37
2011.01.24 13:45:17.801,0.95622,0.95641,1.50,8.46
2011.01.24 13:45:18.572,0.95622,0.95641,1.50,7.62
2011.01.24 13:45:20.518,0.95623,0.95641,1.50,2.14
2011.01.24 13:45:21.042,0.95622,0.95641,2.25,2.14
2011.01.24 13:45:23.248,0.95623,0.95641,1.50,1.77
2011.01.24 13:45:24.470,0.95627,0.95649,1.02,7.35
2011.01.24 13:45:25.031,0.95629,0.9565,1.02,7.73
2011.01.24 13:45:26.894,0.95629,0.9565,1.02,7.73
2011.01.24 13:45:29.282,0.95629,0.9565,1.02,7.35
2011.01.24 13:45:30.542,0.95629,0.95648,1.02,1.13
2011.01.24 13:45:31.394,0.95628,0.95646,1.77,1.50
2011.01.24 13:45:32.011,0.95627,0.95647,1.77,7.35
2011.01.24 13:45:32.454,0.95625,0.95646,3.75,3.00
2011.01.24 13:45:32.573,0.95625,0.95645,1.50,5.85
2011.01.24 13:45:33.030,0.95623,0.95643,1.02,1.13
2011.01.24 13:45:33.486,0.9562,0.95639,2.25,1.13
2011.01.24 13:45:34.037,0.95618,0.95639,2.25,5.85
2011.01.24 13:45:34.153,0.95618,0.95639,2.48,5.85
2011.01.24 13:45:34.275,0.95618,0.95641,2.63,2.25
2011.01.24 13:45:34.746,0.9562,0.95642,2.52,8.10
2011.01.24 13:45:34.871,0.95621,0.95642,2.59,3.38
2011.01.24 13:45:36.398,0.95621,0.95642,2.52,2.63
2011.01.24 13:45:36.624,0.9562,0.95642,1.50,2.63
2011.01.24 13:45:37.593,0.95619,0.95639,1.50,5.85
2011.01.24 13:45:38.263,0.95618,0.9564,1.77,5.85
2011.01.24 13:45:44.297,0.95615,0.95634,2.25,6.12
2011.01.24 13:45:44.423,0.9561,0.95631,4.50,5.10
2011.01.24 13:45:45.080,0.95612,0.95631,1.50,5.10
2011.01.24 13:45:46.077,0.95614,0.95635,2.33,8.10
2011.01.24 13:45:46.574,0.95616,0.95635,1.13,8.10
2011.01.24 13:45:47.282,0.95616,0.95638,3.72,1.50
2011.01.24 13:45:47.832,0.95618,0.95637,1.77,1.50
2011.01.24 13:45:48.165,0.95618,0.95639,1.77,6.60
2011.01.24 13:45:49.010,0.95619,0.95639,1.77,5.85
2011.01.24 13:45:50.674,0.95619,0.95637,1.77,5.10
2011.01.24 13:45:52.735,0.95613,0.95635,4.73,6.49
2011.01.24 13:45:53.461,0.95612,0.95633,3.23,5.74
2011.01.24 13:45:54.958,0.95614,0.95634,1.02,2.25
2011.01.24 13:45:55.513,0.95614,0.95634,1.50,1.88
2011.01.24 13:45:58.469,0.95618,0.95638,1.50,5.85
2011.01.24 13:46:00.425,0.95618,0.95638,1.50,5.85
2011.01.24 13:46:01.201,0.95616,0.95637,3.75,7.24
2011.01.24 13:46:02.887,0.95615,0.95637,3.00,8.74
2011.01.24 13:46:03.852,0.95617,0.95637,1.50,8.74
2011.01.24 13:46:04.094,0.95617,0.95634,1.50,1.02
2011.01.24 13:46:04.802,0.95609,0.95624,1.50,1.39
2011.01.24 13:46:04.926,0.95603,0.95621,1.50,1.39
2011.01.24 13:46:06.668,0.95598,0.95612,1.50,1.32
2011.01.24 13:46:07.772,0.95595,0.95612,1.50,11.29
2011.01.24 13:46:09.740,0.95591,0.95608,2.25,1.02
2011.01.24 13:46:10.388,0.95592,0.95609,1.50,1.02
2011.01.24 13:46:10.948,0.95593,0.95608,1.50,1.02
2011.01.24 13:46:11.496,0.9559,0.95608,1.50,1.02
2011.01.24 13:46:11.624,0.95588,0.95603,1.50,1.13
2011.01.24 13:46:12.282,0.95586,0.95602,1.50,1.50
2011.01.24 13:46:13.037,0.95585,0.95596,1.50,3.60
2011.01.24 13:46:13.159,0.95581,0.95596,1.50,2.85
2011.01.24 13:46:13.955,0.95581,0.95596,1.50,2.10
2011.01.24 13:46:14.204,0.95568,0.95584,3.00,1.02
2011.01.24 13:46:14.917,0.95566,0.95584,2.25,1.02
2011.01.24 13:46:15.146,0.95566,0.95577,2.25,1.13
2011.01.24 13:46:15.377,0.95562,0.95576,1.50,3.94
2011.01.24 13:46:15.859,0.9556,0.95572,3.75,1.43
2011.01.24 13:46:15.991,0.95556,0.95571,5.10,1.02
2011.01.24 13:46:16.665,0.95554,0.95574,1.50,2.25
2011.01.24 13:46:16.784,0.95557,0.95575,1.50,2.25
2011.01.24 13:46:17.650,0.95557,0.95573,1.50,1.02
2011.01.24 13:46:20.135,0.95557,0.95574,1.50,1.02
2011.01.24 13:46:20.259,0.95553,0.95574,7.35,1.39
2011.01.24 13:46:21.946,0.95559,0.95576,1.02,1.95
2011.01.24 13:46:23.166,0.95561,0.95576,1.02,1.50
2011.01.24 13:46:23.293,0.95561,0.9558,6.87,1.50
2011.01.24 13:46:24.212,0.95561,0.95585,6.60,3.00
2011.01.24 13:46:24.543,0.95562,0.95585,1.50,3.00
2011.01.24 13:46:25.402,0.95563,0.95583,1.50,1.50
2011.01.24 13:46:26.441,0.95563,0.95584,1.50,1.50
2011.01.24 13:46:26.561,0.95563,0.95585,3.00,3.75
2011.01.24 13:46:27.008,0.95563,0.95574,3.00,1.88
2011.01.24 13:46:27.687,0.95559,0.95576,2.25,1.05
2011.01.24 13:46:27.807,0.95558,0.95576,3.00,1.05
2011.01.24 13:46:28.489,0.9556,0.95576,2.25,1.05
2011.01.24 13:46:29.182,0.95559,0.95576,2.25,2.93
2011.01.24 13:46:29.742,0.95557,0.95576,3.00,2.93
2011.01.24 13:46:30.326,0.95555,0.95576,6.60,2.25
2011.01.24 13:46:30.667,0.95558,0.95577,1.50,2.25
2011.01.24 13:46:31.226,0.95562,0.95578,1.50,2.25
2011.01.24 13:46:31.352,0.95559,0.95579,3.00,1.50
2011.01.24 13:46:34.587,0.95559,0.95578,1.50,1.02
2011.01.24 13:46:35.257,0.9556,0.95579,2.25,1.50
2011.01.24 13:46:36.749,0.95561,0.95579,1.50,2.14
2011.01.24 13:46:37.419,0.95557,0.95579,1.77,4.50
2011.01.24 13:46:37.541,0.95559,0.95579,1.50,1.50
2011.01.24 13:46:38.319,0.9556,0.95582,1.02,3.00
2011.01.24 13:46:39.852,0.95559,0.95581,6.60,2.25
2011.01.24 13:46:40.073,0.95559,0.95579,1.50,2.25
2011.01.24 13:46:40.663,0.95558,0.95579,3.00,2.25
2011.01.24 13:46:41.353,0.95558,0.95578,1.50,1.88
2011.01.24 13:46:43.896,0.95555,0.95577,3.00,2.48
2011.01.24 13:46:44.561,0.95555,0.95577,3.00,2.85
2011.01.24 13:46:45.329,0.95556,0.95578,6.23,3.75
2011.01.24 13:46:46.116,0.95561,0.9558,1.50,1.50
2011.01.24 13:46:46.683,0.9556,0.9558,1.50,1.50
2011.01.24 13:46:47.216,0.95558,0.9558,8.10,2.25
2011.01.24 13:46:47.344,0.95558,0.95575,5.85,1.50
2011.01.24 13:46:48.301,0.95558,0.95575,1.50,1.50
2011.01.24 13:46:48.743,0.95559,0.95579,1.88,1.50
2011.01.24 13:46:49.084,0.9556,0.9558,1.77,1.50
2011.01.24 13:46:49.661,0.95561,0.9558,1.13,1.50
2011.01.24 13:46:50.549,0.9556,0.95581,7.24,1.50
2011.01.24 13:46:50.900,0.9556,0.95575,5.85,1.02
2011.01.24 13:46:51.015,0.95555,0.95576,1.50,3.98
2011.01.24 13:46:51.579,0.95558,0.95579,1.50,2.25
2011.01.24 13:46:52.387,0.95561,0.95579,1.02,2.25
2011.01.24 13:46:52.844,0.95558,0.95579,1.50,2.25
2011.01.24 13:46:52.965,0.95558,0.95577,1.50,2.14
2011.01.24 13:46:53.523,0.95553,0.9557,1.50,2.25
2011.01.24 13:46:54.444,0.9555,0.95571,3.00,1.50
2011.01.24 13:46:55.426,0.95547,0.95557,2.25,5.10
2011.01.24 13:46:57.520,0.95547,0.95565,1.50,1.39
2011.01.24 13:46:58.556,0.95547,0.95564,1.50,1.50
2011.01.24 13:46:59.621,0.95547,0.95563,1.50,1.02
2011.01.24 13:47:00.669,0.95547,0.95561,1.50,2.25
2011.01.24 13:47:00.906,0.95547,0.95563,1.50,1.02
2011.01.24 13:47:01.134,0.95541,0.95562,1.50,3.64
2011.01.24 13:47:02.116,0.95542,0.95563,1.02,6.23
2011.01.24 13:47:02.242,0.9554,0.95562,3.75,2.14
2011.01.24 13:47:02.960,0.9554,0.95561,1.50,2.89
2011.01.24 13:47:04.286,0.9554,0.95557,1.50,1.02
2011.01.24 13:47:04.844,0.95539,0.95557,1.50,1.02
2011.01.24 13:47:04.965,0.95539,0.95561,1.50,7.24
2011.01.24 13:47:05.564,0.95538,0.95561,3.00,10.24
2011.01.24 13:47:06.124,0.95538,0.95561,3.00,10.24
2011.01.24 13:47:07.234,0.9554,0.95561,3.27,5.10
2011.01.24 13:47:07.358,0.95543,0.95564,1.50,1.50
2011.01.24 13:47:08.319,0.95542,0.95562,5.10,2.25
2011.01.24 13:47:08.872,0.95541,0.95562,2.14,2.25
2011.01.24 13:47:09.408,0.95541,0.95563,3.64,5.10
2011.01.24 13:47:09.527,0.95541,0.95565,8.10,8.10
2011.01.24 13:47:10.301,0.95541,0.95565,7.35,8.10
2011.01.24 13:47:11.118,0.95543,0.95564,1.50,2.25
2011.01.24 13:47:11.243,0.95546,0.95567,8.55,1.50
2011.01.24 13:47:11.360,0.95547,0.9557,1.20,2.25
2011.01.24 13:47:11.880,0.9555,0.95571,1.77,1.50
2011.01.24 13:47:12.002,0.95553,0.95572,1.50,1.50
2011.01.24 13:47:12.227,0.95556,0.95578,1.58,10.95
2011.01.24 13:47:12.780,0.95556,0.95578,8.18,1.50
2011.01.24 13:47:13.772,0.95559,0.95578,1.50,1.50
2011.01.24 13:47:14.010,0.95558,0.95577,2.14,3.00
2011.01.24 13:47:14.580,0.95558,0.95579,2.14,8.10
2011.01.24 13:47:14.701,0.95558,0.95579,8.74,1.50
2011.01.24 13:47:15.564,0.95558,0.9558,8.74,1.50
2011.01.24 13:47:15.904,0.95558,0.95577,6.87,1.50
2011.01.24 13:47:16.024,0.95558,0.9558,6.87,1.50
2011.01.24 13:47:17.629,0.9556,0.95581,1.50,1.02
2011.01.24 13:47:17.977,0.95563,0.95583,8.85,1.02
2011.01.24 13:47:20.744,0.95562,0.95583,1.50,1.39
2011.01.24 13:47:22.511,0.95562,0.95582,2.25,6.87
2011.01.24 13:47:24.296,0.95562,0.95582,3.75,1.77
2011.01.24 13:47:24.984,0.95561,0.95582,2.25,1.02
2011.01.24 13:47:31.192,0.95559,0.95578,7.24,1.50
2011.01.24 13:47:31.770,0.9556,0.95581,5.85,1.77
2011.01.24 13:47:43.646,0.9556,0.95577,3.00,1.02
2011.01.24 13:47:44.202,0.95558,0.95577,1.58,1.02
2011.01.24 13:47:45.854,0.95558,0.95572,1.50,1.39
2011.01.24 13:47:46.206,0.95558,0.95581,6.49,3.00
2011.01.24 13:47:46.739,0.95558,0.95581,7.24,3.00
2011.01.24 13:47:46.973,0.9556,0.95581,1.50,2.25
2011.01.24 13:47:47.521,0.95559,0.95581,7.47,1.50
2011.01.24 13:47:48.181,0.95561,0.95581,1.50,1.50
2011.01.24 13:47:48.842,0.9555,0.95567,3.98,1.02
2011.01.24 13:47:49.174,0.95552,0.95567,2.70,1.02
2011.01.24 13:47:49.296,0.95552,0.95572,7.80,1.02
2011.01.24 13:47:49.416,0.95555,0.95573,1.50,2.25
2011.01.24 13:47:49.971,0.95555,0.95573,2.25,1.50
2011.01.24 13:47:50.313,0.95557,0.95575,1.50,1.50
2011.01.24 13:47:50.655,0.95557,0.95576,5.85,2.25
2011.01.24 13:47:51.240,0.95553,0.95569,1.50,1.02
2011.01.24 13:47:51.361,0.95553,0.95573,1.50,7.62
2011.01.24 13:47:51.938,0.95553,0.95571,1.50,1.02
2011.01.24 13:47:52.064,0.95551,0.95569,1.20,2.52
2011.01.24 13:47:52.916,0.9556,0.95579,5.55,1.50
2011.01.24 13:47:53.040,0.95562,0.95581,6.98,3.27
2011.01.24 13:47:54.271,0.95564,0.9558,1.50,1.50
2011.01.24 13:47:55.058,0.95564,0.95582,1.50,5.10
2011.01.24 13:47:55.177,0.95563,0.9558,1.50,5.10
2011.01.24 13:47:55.955,0.95563,0.95581,1.50,5.85
2011.01.24 13:47:56.592,0.95571,0.95586,1.02,1.50
2011.01.24 13:47:56.711,0.95568,0.9559,9.12,1.77
2011.01.24 13:47:56.830,0.95568,0.95587,3.75,1.02
2011.01.24 13:47:57.698,0.95568,0.95589,2.25,2.52
2011.01.24 13:47:58.255,0.95568,0.95587,2.25,1.39
2011.01.24 13:47:59.939,0.95566,0.95587,2.25,1.28
2011.01.24 13:48:01.041,0.95566,0.95588,2.25,6.23
2011.01.24 13:48:02.663,0.95566,0.95587,1.50,6.60
2011.01.24 13:48:03.221,0.95566,0.95587,1.50,6.60
2011.01.24 13:48:03.772,0.95566,0.95587,1.50,6.60
2011.01.24 13:48:04.359,0.95566,0.95587,1.50,6.00
2011.01.24 13:48:05.367,0.95566,0.95586,1.50,4.88
2011.01.24 13:48:06.121,0.95562,0.95582,3.75,1.50
2011.01.24 13:48:06.234,0.95561,0.95582,1.50,6.98
2011.01.24 13:48:06.791,0.9556,0.95582,4.50,7.35
2011.01.24 13:48:07.415,0.9556,0.95582,4.50,7.62
2011.01.24 13:48:08.843,0.95562,0.95584,3.27,1.13
2011.01.24 13:48:10.333,0.95562,0.95579,1.77,1.50
2011.01.24 13:48:10.452,0.95562,0.95584,1.02,7.35
2011.01.24 13:48:11.046,0.95562,0.9558,1.02,1.50
2011.01.24 13:48:11.173,0.95568,0.95589,2.33,9.60
2011.01.24 13:48:11.290,0.9557,0.95589,1.20,3.75
2011.01.24 13:48:11.848,0.9557,0.9559,1.50,2.25
2011.01.24 13:48:12.292,0.9557,0.9559,1.50,2.63
2011.01.24 13:48:14.471,0.95571,0.95589,1.50,1.88
2011.01.24 13:48:14.803,0.95571,0.95591,1.50,8.85
2011.01.24 13:48:18.433,0.95571,0.95591,1.50,3.38
2011.01.24 13:48:18.974,0.9557,0.95591,1.20,7.35
2011.01.24 13:48:21.740,0.95572,0.95593,1.77,2.25
2011.01.24 13:48:21.966,0.95573,0.9559,2.25,1.50
2011.01.24 13:48:22.304,0.95571,0.9559,1.50,1.50
2011.01.24 13:48:23.352,0.95571,0.95588,1.50,1.50
2011.01.24 13:48:24.981,0.9557,0.95588,2.25,2.67
2011.01.24 13:48:25.334,0.95557,0.95573,2.25,1.02
2011.01.24 13:48:26.032,0.95553,0.95573,1.50,6.87
2011.01.24 13:48:26.719,0.95553,0.95573,2.25,6.12
2011.01.24 13:48:26.956,0.95551,0.95572,2.25,1.77
2011.01.24 13:48:31.285,0.95551,0.95571,1.50,1.02
2011.01.24 13:48:31.402,0.9555,0.95567,1.24,1.50
2011.01.24 13:48:31.514,0.9555,0.95571,1.24,4.39
2011.01.24 13:48:32.071,0.9555,0.95569,1.24,1.50
2011.01.24 13:48:38.112,0.9555,0.95569,1.47,1.50
2011.01.24 13:48:38.639,0.95549,0.95557,5.55,1.02
2011.01.24 13:48:38.764,0.95539,0.95557,2.25,1.02
2011.01.24 13:48:38.886,0.95538,0.95553,1.50,1.02
2011.01.24 13:48:39.005,0.95541,0.9556,2.25,2.25
2011.01.24 13:48:40.085,0.95541,0.95561,2.25,1.02
2011.01.24 13:48:41.045,0.9554,0.95558,2.25,6.23
2011.01.24 13:48:41.720,0.95538,0.95555,3.00,1.02
2011.01.24 13:48:42.353,0.95539,0.95557,2.33,1.77
2011.01.24 13:48:43.623,0.95543,0.9556,5.10,1.50
2011.01.24 13:48:44.170,0.95552,0.95568,1.02,1.50
2011.01.24 13:48:44.284,0.95548,0.95568,5.52,1.50
2011.01.24 13:48:44.580,0.95548,0.95571,5.52,4.77
2011.01.24 13:48:44.700,0.95547,0.95567,8.10,1.02
2011.01.24 13:48:45.251,0.95548,0.95567,5.10,1.02
2011.01.24 13:48:47.079,0.95548,0.95568,5.10,1.50
2011.01.24 13:48:48.710,0.95547,0.95568,8.10,1.50
2011.01.24 13:48:52.624,0.95547,0.95568,6.98,3.00
2011.01.24 13:48:53.182,0.95552,0.95571,1.20,1.50
2011.01.24 13:48:53.512,0.95552,0.95571,7.43,1.50
2011.01.24 13:48:54.381,0.95554,0.95572,3.38,1.50
2011.01.24 13:48:55.474,0.95558,0.95574,1.13,1.50
2011.01.24 13:48:55.599,0.95559,0.95576,2.40,1.50
2011.01.24 13:48:56.242,0.9556,0.9558,1.58,1.50
2011.01.24 13:48:57.003,0.95564,0.95584,3.00,3.00
2011.01.24 13:48:57.368,0.95568,0.95586,1.02,1.50
2011.01.24 13:48:57.702,0.95569,0.95586,2.63,1.50
2011.01.24 13:48:58.707,0.9557,0.95591,3.08,1.77
2011.01.24 13:49:00.030,0.95574,0.95591,4.77,3.00
2011.01.24 13:49:00.363,0.95576,0.95593,1.50,1.02
2011.01.24 13:49:03.636,0.95574,0.95593,1.50,1.02
2011.01.24 13:49:04.514,0.95576,0.95593,1.50,1.02
2011.01.24 13:49:06.250,0.95578,0.95595,1.58,1.50
2011.01.24 13:49:08.313,0.9558,0.95595,1.50,1.50
2011.01.24 13:49:08.879,0.95583,0.95595,3.45,1.50
2011.01.24 13:49:09.360,0.95585,0.95601,1.84,1.50
2011.01.24 13:49:09.485,0.95588,0.95608,2.22,2.29
2011.01.24 13:49:11.162,0.9559,0.95608,1.02,1.54
2011.01.24 13:49:13.522,0.95589,0.95608,1.02,1.54
2011.01.24 13:49:18.534,0.95589,0.95609,1.02,1.50
2011.01.24 13:49:19.071,0.95589,0.95608,2.52,1.50
2011.01.24 13:49:19.188,0.95589,0.9561,2.52,7.35
2011.01.24 13:49:20.698,0.95589,0.95609,2.52,1.50
2011.01.24 13:49:21.272,0.95589,0.95607,1.77,1.50
2011.01.24 13:49:21.604,0.95593,0.95607,1.02,1.50
2011.01.24 13:49:23.160,0.95591,0.95609,2.25,1.50
2011.01.24 13:49:23.826,0.95588,0.95604,1.77,6.60
2011.01.24 13:49:24.395,0.95585,0.956,1.50,1.88
2011.01.24 13:49:24.524,0.95582,0.956,1.50,2.25
2011.01.24 13:49:25.798,0.95572,0.95593,7.35,1.77
2011.01.24 13:49:26.037,0.95572,0.95591,2.25,1.02
2011.01.24 13:49:27.221,0.95573,0.95594,1.50,1.50
2011.01.24 13:49:27.783,0.95574,0.95597,1.50,6.12
2011.01.24 13:49:28.114,0.95577,0.95598,1.50,6.60
2011.01.24 13:49:28.666,0.95578,0.95598,1.50,6.60
2011.01.24 13:49:30.372,0.95578,0.95598,1.50,6.60
2011.01.24 13:49:30.713,0.95576,0.95598,2.25,6.60
2011.01.24 13:49:31.605,0.95579,0.95596,1.50,6.60
2011.01.24 13:49:33.348,0.95577,0.95596,1.50,8.10
2011.01.24 13:49:33.831,0.95576,0.95596,1.50,8.10
2011.01.24 13:49:35.169,0.95582,0.95599,1.24,7.35
2011.01.24 13:49:35.283,0.95582,0.95599,1.24,2.25
2011.01.24 13:49:36.893,0.95582,0.95599,1.24,2.25
2011.01.24 13:49:37.333,0.95582,0.95602,1.24,7.62
2011.01.24 13:49:38.004,0.95582,0.95601,1.24,2.25
2011.01.24 13:49:43.780,0.95582,0.956,1.24,1.50
2011.01.24 13:49:44.444,0.95579,0.956,1.95,4.50
2011.01.24 13:49:47.153,0.95581,0.956,1.50,3.00
2011.01.24 13:49:47.702,0.95581,0.95602,1.50,9.12
2011.01.24 13:49:48.031,0.95581,0.95602,2.25,9.12
2011.01.24 13:49:50.906,0.95579,0.95598,1.20,2.25
2011.01.24 13:49:51.251,0.95578,0.95595,1.58,1.50
2011.01.24 13:49:51.802,0.95579,0.95596,1.84,1.50
2011.01.24 13:49:53.071,0.95585,0.95601,1.50,1.50
2011.01.24 13:49:53.623,0.95584,0.956,1.50,1.50
2011.01.24 13:49:53.742,0.95584,0.95602,1.50,3.27
2011.01.24 13:49:54.624,0.95582,0.95596,1.50,1.50
2011.01.24 13:49:54.747,0.95582,0.95602,1.50,4.02
2011.01.24 13:49:55.534,0.9558,0.95601,6.98,3.75
2011.01.24 13:49:56.954,0.95582,0.95604,2.52,2.25
2011.01.24 13:49:57.748,0.95584,0.956,1.77,1.50
2011.01.24 13:50:00.300,0.95584,0.95603,2.74,1.50
2011.01.24 13:50:00.522,0.95584,0.95605,2.74,2.25
2011.01.24 13:50:02.114,0.95584,0.95606,4.17,2.52
2011.01.24 13:50:02.662,0.95584,0.95606,4.92,2.52
2011.01.24 13:50:02.995,0.95588,0.95606,1.02,1.50
2011.01.24 13:50:03.222,0.95588,0.95609,1.02,8.10
2011.01.24 13:50:10.755,0.95588,0.95607,2.25,5.37
2011.01.24 13:50:11.095,0.95584,0.95602,3.00,1.02
2011.01.24 13:50:21.695,0.9559,0.95609,1.50,2.25
2011.01.24 13:50:21.816,0.95588,0.95609,2.52,2.25
2011.01.24 13:50:33.282,0.95588,0.95608,1.77,3.00
2011.01.24 13:50:34.090,0.95588,0.95609,1.77,7.35
2011.01.24 13:50:36.073,0.95588,0.95607,2.52,1.50
2011.01.24 13:50:37.380,0.95588,0.95606,1.77,1.50
2011.01.24 13:50:37.494,0.95588,0.95609,2.52,5.85
2011.01.24 13:50:38.157,0.95589,0.95609,1.50,2.25
2011.01.24 13:50:38.713,0.95589,0.9561,1.50,3.27
2011.01.24 13:50:39.952,0.95588,0.9561,1.77,3.27
2011.01.24 13:50:45.241,0.95588,0.95607,2.14,1.50
2011.01.24 13:50:45.974,0.95588,0.95606,1.77,2.55
2011.01.24 13:50:46.842,0.95581,0.95601,2.25,2.52
2011.01.24 13:50:47.070,0.95581,0.95598,1.50,1.02
2011.01.24 13:50:47.721,0.95581,0.95599,1.50,1.39
2011.01.24 13:50:48.253,0.95578,0.95598,2.25,2.52
2011.01.24 13:50:49.593,0.95578,0.956,2.25,6.60
2011.01.24 13:50:50.153,0.95578,0.95601,4.50,1.50
2011.01.24 13:50:51.153,0.95578,0.956,3.75,5.85
2011.01.24 13:50:51.272,0.95578,0.95597,1.50,6.12
2011.01.24 13:50:52.074,0.95578,0.95597,1.50,5.85
2011.01.24 13:50:53.554,0.95578,0.95597,1.50,5.85
2011.01.24 13:50:55.775,0.95578,0.95595,1.50,1.43
2011.01.24 13:50:56.325,0.95573,0.95595,3.00,7.28
2011.01.24 13:50:57.236,0.95574,0.95594,1.50,1.05
2011.01.24 13:50:57.361,0.95574,0.95595,1.50,1.80
2011.01.24 13:50:59.742,0.95574,0.95594,1.50,1.50
2011.01.24 13:51:03.341,0.95574,0.95594,3.75,1.50
2011.01.24 13:51:03.792,0.95577,0.95594,2.25,1.50
2011.01.24 13:51:04.447,0.95574,0.95594,2.25,1.80
2011.01.24 13:51:04.569,0.9558,0.95595,1.50,6.90
2011.01.24 13:51:05.124,0.9558,0.95592,1.50,2.25
2011.01.24 13:51:07.669,0.95576,0.95592,1.50,1.88
2011.01.24 13:51:09.985,0.95574,0.95592,1.50,6.23
2011.01.24 13:51:11.360,0.95568,0.9559,3.75,1.50
2011.01.24 13:51:12.550,0.95569,0.95587,2.25,2.18
2011.01.24 13:51:12.998,0.95565,0.95586,3.00,6.90
2011.01.24 13:51:13.710,0.95566,0.95583,2.25,1.02
2011.01.24 13:51:14.598,0.95567,0.95583,2.25,1.02
2011.01.24 13:51:15.676,0.95567,0.95583,2.25,1.77
2011.01.24 13:51:15.908,0.95567,0.95586,2.25,1.02
2011.01.24 13:51:16.571,0.95566,0.95583,3.00,1.02
2011.01.24 13:51:21.882,0.95566,0.95585,3.00,3.75
2011.01.24 13:51:22.106,0.95568,0.95581,2.25,1.02
2011.01.24 13:51:23.692,0.95566,0.95583,3.00,1.02
2011.01.24 13:51:24.424,0.95566,0.95583,2.25,1.02
2011.01.24 13:51:39.405,0.95563,0.95583,8.10,1.02
2011.01.24 13:51:41.293,0.95565,0.95583,1.50,1.02
2011.01.24 13:51:46.524,0.95565,0.95578,3.00,1.02
2011.01.24 13:51:46.649,0.95564,0.95582,1.50,2.25
2011.01.24 13:51:46.766,0.95565,0.95584,5.85,2.25
2011.01.24 13:51:47.406,0.95564,0.95583,1.50,1.02
2011.01.24 13:51:47.529,0.95566,0.95583,1.50,1.02
2011.01.24 13:51:52.138,0.95566,0.95585,1.50,1.77
2011.01.24 13:51:55.578,0.95566,0.95584,1.50,1.50
2011.01.24 13:51:59.965,0.95569,0.95584,1.02,1.50
2011.01.24 13:52:00.093,0.95574,0.95591,1.02,3.00
2011.01.24 13:52:02.934,0.95575,0.95596,1.02,6.00
2011.01.24 13:52:03.063,0.95575,0.95596,1.02,3.75
2011.01.24 13:52:03.612,0.95575,0.95594,2.52,1.50
2011.01.24 13:52:04.463,0.95575,0.95594,2.52,2.25
2011.01.24 13:52:04.581,0.95575,0.95591,1.50,1.88
2011.01.24 13:52:04.918,0.95571,0.95583,1.50,1.02
2011.01.24 13:52:05.036,0.95565,0.95583,2.25,1.02
2011.01.24 13:52:05.585,0.95565,0.95583,2.25,1.02
2011.01.24 13:52:12.964,0.95564,0.95584,2.25,1.50
2011.01.24 13:52:13.535,0.95564,0.95585,2.25,1.02
2011.01.24 13:52:14.662,0.95564,0.95584,2.25,1.50
2011.01.24 13:52:15.716,0.95561,0.95575,5.10,1.02
2011.01.24 13:52:15.838,0.95553,0.95571,2.52,2.25
2011.01.24 13:52:16.608,0.95555,0.95571,1.50,6.60
2011.01.24 13:52:16.726,0.95555,0.9557,1.50,1.50
2011.01.24 13:52:19.203,0.95551,0.9557,1.50,1.50
2011.01.24 13:52:19.811,0.95552,0.9557,1.50,1.50
2011.01.24 13:52:19.922,0.95548,0.9557,4.50,1.50
2011.01.24 13:52:20.645,0.95549,0.95569,1.50,1.88
2011.01.24 13:52:20.770,0.95549,0.95569,1.50,1.73
2011.01.24 13:52:22.059,0.95549,0.95566,1.50,1.65
2011.01.24 13:52:22.616,0.95548,0.95569,2.33,2.25
2011.01.24 13:52:22.736,0.9555,0.9557,1.50,1.50
2011.01.24 13:52:23.291,0.9555,0.95572,3.00,7.35
2011.01.24 13:52:25.114,0.95552,0.95572,1.77,2.63
2011.01.24 13:52:25.855,0.95553,0.95571,1.50,1.02
2011.01.24 13:52:26.423,0.95552,0.95571,2.25,1.02
2011.01.24 13:52:29.052,0.95552,0.95571,1.50,1.02
2011.01.24 13:52:30.464,0.95555,0.95574,2.25,8.37
2011.01.24 13:52:31.139,0.95555,0.95574,1.50,3.27
2011.01.24 13:52:32.027,0.95555,0.95574,1.50,1.77
2011.01.24 13:52:32.151,0.95557,0.95575,1.50,2.25
2011.01.24 13:52:32.702,0.95557,0.95575,1.50,2.52
2011.01.24 13:52:35.630,0.95555,0.95575,1.50,6.87
2011.01.24 13:52:36.604,0.95555,0.95574,1.50,1.02
2011.01.24 13:52:37.701,0.95556,0.95574,1.50,1.02
2011.01.24 13:52:38.814,0.95555,0.95574,3.00,1.02
2011.01.24 13:52:45.405,0.95555,0.95572,1.50,1.02
2011.01.24 13:52:48.560,0.95558,0.95572,1.50,1.02
2011.01.24 13:52:49.462,0.95557,0.95572,1.50,1.02
2011.01.24 13:52:50.013,0.95556,0.95572,1.50,6.12
2011.01.24 13:52:50.525,0.95556,0.95572,1.50,5.10
2011.01.24 13:52:51.691,0.95556,0.95573,1.50,1.13
2011.01.24 13:52:51.810,0.9556,0.95575,1.50,7.62
2011.01.24 13:52:53.038,0.95559,0.95575,2.89,6.60
2011.01.24 13:52:53.709,0.95562,0.95578,1.50,5.10
2011.01.24 13:52:53.836,0.95568,0.95582,1.50,1.02
2011.01.24 13:52:54.590,0.9557,0.95582,2.25,1.02
2011.01.24 13:52:55.599,0.95571,0.95582,1.50,1.02
2011.01.24 13:52:56.185,0.95569,0.95582,2.25,1.02
2011.01.24 13:52:56.305,0.95568,0.95582,1.50,1.02
2011.01.24 13:52:56.868,0.9557,0.95582,1.50,1.02
2011.01.24 13:52:57.203,0.95572,0.95582,1.50,1.02
2011.01.24 13:52:57.314,0.9557,0.95582,1.50,1.02
2011.01.24 13:52:57.872,0.9557,0.95584,1.50,1.50
2011.01.24 13:52:58.205,0.95573,0.95586,1.50,1.50
2011.01.24 13:52:58.749,0.95574,0.95587,1.50,1.50
2011.01.24 13:52:58.976,0.9557,0.95587,2.25,1.50
2011.01.24 13:52:59.782,0.9557,0.95587,2.25,1.77
2011.01.24 13:53:00.344,0.95572,0.95587,1.50,2.52
2011.01.24 13:53:00.990,0.95573,0.95587,1.50,2.52
2011.01.24 13:53:02.411,0.95575,0.95587,1.50,2.25
2011.01.24 13:53:02.758,0.95577,0.95592,1.50,1.28
2011.01.24 13:53:03.307,0.95579,0.95592,1.50,1.02
2011.01.24 13:53:04.097,0.95577,0.95594,2.25,3.00
2011.01.24 13:53:04.219,0.95579,0.95594,1.50,2.25
2011.01.24 13:53:04.554,0.95577,0.95594,2.25,2.52
2011.01.24 13:53:05.663,0.95577,0.95594,2.25,2.52
2011.01.24 13:53:08.426,0.95578,0.95594,1.50,2.52
2011.01.24 13:53:11.964,0.95576,0.95594,1.50,1.02
2011.01.24 13:53:13.614,0.95576,0.95594,1.50,6.12
2011.01.24 13:53:14.161,0.95578,0.95594,1.50,1.02
2011.01.24 13:53:16.383,0.95577,0.95595,1.50,1.77
2011.01.24 13:53:16.712,0.9558,0.95596,1.50,6.87
2011.01.24 13:53:17.415,0.9558,0.95596,1.50,1.73
2011.01.24 13:53:18.014,0.9558,0.95599,1.50,5.85
2011.01.24 13:53:19.977,0.9558,0.95598,1.50,6.08
2011.01.24 13:53:20.534,0.9558,0.95597,1.50,6.83
2011.01.24 13:53:22.824,0.9558,0.95597,1.50,6.08
2011.01.24 13:53:23.830,0.95581,0.95599,1.50,6.60
2011.01.24 13:53:24.381,0.95581,0.95598,3.00,5.10
2011.01.24 13:53:24.716,0.95581,0.95598,3.00,6.12
2011.01.24 13:53:27.277,0.95582,0.95596,1.50,1.77
2011.01.24 13:53:27.614,0.9558,0.95596,1.50,1.77
2011.01.24 13:53:28.223,0.95579,0.95592,1.50,1.02
2011.01.24 13:53:28.463,0.95578,0.95595,1.50,1.02
2011.01.24 13:53:29.020,0.95579,0.95593,1.50,1.02
2011.01.24 13:53:29.127,0.9558,0.95597,1.50,5.10
2011.01.24 13:53:29.468,0.9558,0.95596,1.50,1.77
2011.01.24 13:53:30.093,0.95581,0.95596,1.50,1.50
2011.01.24 13:53:30.752,0.95582,0.95596,1.50,1.50
2011.01.24 13:53:31.985,0.95582,0.95593,1.50,1.02
2011.01.24 13:53:32.105,0.95579,0.95593,2.25,1.02
2011.01.24 13:53:32.227,0.95579,0.95596,1.50,2.52
2011.01.24 13:53:32.791,0.95578,0.95593,1.50,1.02
2011.01.24 13:53:33.760,0.95579,0.95593,1.50,1.02
2011.01.24 13:53:34.436,0.9558,0.95596,1.50,1.50
2011.01.24 13:53:34.665,0.95579,0.95592,1.50,1.02
2011.01.24 13:53:34.788,0.95579,0.95596,1.50,6.87
2011.01.24 13:53:35.294,0.95579,0.95594,1.50,1.50
2011.01.24 13:53:35.417,0.95581,0.95594,1.50,1.50
2011.01.24 13:53:36.503,0.95579,0.95594,1.50,1.50
2011.01.24 13:53:37.221,0.95578,0.95592,1.50,1.02
2011.01.24 13:53:40.313,0.95578,0.95592,1.50,1.02
2011.01.24 13:53:40.977,0.95577,0.95592,1.50,1.02
2011.01.24 13:53:44.120,0.95577,0.95594,1.58,3.00
2011.01.24 13:53:44.594,0.9558,0.95594,1.50,3.00
2011.01.24 13:53:44.704,0.95581,0.95599,3.00,1.50
2011.01.24 13:53:45.313,0.95581,0.95599,3.00,1.65
2011.01.24 13:53:45.917,0.9558,0.956,2.25,2.25
2011.01.24 13:53:46.473,0.95581,0.956,1.50,1.50
2011.01.24 13:53:47.474,0.9558,0.956,2.25,1.50
2011.01.24 13:53:47.930,0.95581,0.956,1.50,1.50
2011.01.24 13:53:48.049,0.95581,0.95602,3.00,1.02
2011.01.24 13:53:49.759,0.95581,0.95602,1.50,1.02
2011.01.24 13:53:56.042,0.95581,0.95603,2.25,6.12
2011.01.24 13:54:00.517,0.95582,0.95601,2.25,1.50
2011.01.24 13:54:00.861,0.95582,0.95599,2.25,5.10
2011.01.24 13:54:01.634,0.95584,0.95599,1.50,5.10
2011.01.24 13:54:02.192,0.95584,0.956,1.50,5.10
2011.01.24 13:54:03.180,0.95584,0.95601,1.50,5.10
2011.01.24 13:54:03.733,0.95583,0.95602,2.25,5.37
2011.01.24 13:54:04.516,0.95583,0.95596,1.50,1.88
2011.01.24 13:54:04.758,0.95582,0.95596,2.25,1.20
2011.01.24 13:54:05.392,0.95582,0.95601,1.50,7.26
2011.01.24 13:54:05.617,0.95584,0.95602,1.50,6.90
2011.01.24 13:54:06.289,0.95585,0.95601,1.50,1.11
2011.01.24 13:54:07.062,0.95587,0.95602,2.25,1.41
2011.01.24 13:54:07.178,0.9559,0.95602,1.50,1.15
2011.01.24 13:54:08.165,0.95595,0.95611,1.50,4.88
2011.01.24 13:54:08.289,0.95597,0.95611,1.50,4.13
2011.01.24 13:54:08.950,0.95603,0.95611,1.50,4.13
2011.01.24 13:54:09.071,0.95602,0.95619,2.25,1.50
2011.01.24 13:54:10.246,0.95604,0.95625,1.58,3.00
2011.01.24 13:54:10.822,0.95608,0.95626,1.02,1.50
2011.01.24 13:54:12.605,0.9561,0.95629,1.50,1.50
2011.01.24 13:54:13.385,0.95611,0.95628,1.50,1.02
2011.01.24 13:54:13.504,0.95611,0.95629,1.50,2.25
2011.01.24 13:54:14.284,0.9561,0.95627,1.50,1.77
2011.01.24 13:54:14.614,0.9561,0.95629,1.50,1.50
2011.01.24 13:54:15.179,0.95612,0.95631,2.25,2.52
2011.01.24 13:54:15.515,0.95611,0.95631,2.25,6.19
2011.01.24 13:54:16.414,0.95611,0.95631,2.25,7.77
2011.01.24 13:54:16.647,0.95611,0.95631,2.25,5.70
2011.01.24 13:54:17.182,0.95611,0.95628,2.25,1.73
2011.01.24 13:54:17.415,0.95608,0.95626,1.50,2.37
2011.01.24 13:54:17.535,0.95608,0.95623,1.50,1.02
2011.01.24 13:54:17.656,0.95606,0.95626,3.00,2.10
2011.01.24 13:54:18.284,0.95608,0.95629,1.77,1.88
2011.01.24 13:54:18.946,0.95606,0.95629,3.00,7.62
2011.01.24 13:54:19.389,0.95606,0.95626,3.00,1.02
2011.01.24 13:54:19.737,0.9561,0.95629,1.50,1.50
2011.01.24 13:54:20.300,0.95609,0.95629,2.25,2.55
2011.01.24 13:54:21.634,0.95609,0.95626,2.25,3.19
2011.01.24 13:54:22.308,0.95608,0.95627,1.50,2.70
2011.01.24 13:54:23.243,0.95608,0.95624,1.50,1.69
2011.01.24 13:54:23.366,0.95605,0.95621,1.50,5.14
2011.01.24 13:54:24.491,0.95602,0.9562,1.50,5.10
2011.01.24 13:54:25.154,0.95603,0.95621,1.50,5.52
2011.01.24 13:54:25.842,0.95604,0.95621,1.50,1.02
2011.01.24 13:54:30.023,0.95607,0.95624,1.50,1.50
2011.01.24 13:54:32.043,0.95608,0.95628,2.25,2.25
2011.01.24 13:54:32.269,0.95611,0.95629,2.25,1.50
2011.01.24 13:54:32.836,0.95612,0.95629,1.50,1.50
2011.01.24 13:54:33.870,0.95611,0.95629,2.25,1.50
2011.01.24 13:54:36.446,0.9561,0.95629,1.50,1.50
2011.01.24 13:54:37.229,0.95609,0.95629,2.25,2.25
2011.01.24 13:54:37.573,0.95611,0.95629,1.50,1.50
2011.01.24 13:54:38.921,0.95609,0.95629,2.25,1.50
2011.01.24 13:54:39.663,0.95609,0.95629,2.25,1.50
2011.01.24 13:54:43.639,0.95608,0.95628,5.85,1.02
2011.01.24 13:54:43.974,0.95607,0.95623,2.25,1.02
2011.01.24 13:54:44.880,0.95608,0.95623,1.50,1.39
2011.01.24 13:54:45.000,0.95605,0.95623,7.35,1.02
2011.01.24 13:54:48.314,0.95607,0.95623,1.50,1.02
2011.01.24 13:54:48.762,0.95605,0.95623,1.50,1.02
2011.01.24 13:54:49.493,0.95605,0.95626,3.00,1.50
2011.01.24 13:54:50.057,0.95609,0.95627,1.50,1.50
2011.01.24 13:54:51.202,0.9561,0.95627,1.50,1.50
2011.01.24 13:54:51.756,0.95608,0.95627,2.25,1.50
2011.01.24 13:54:52.303,0.95611,0.95625,1.50,1.02
2011.01.24 13:54:52.423,0.95608,0.95625,2.25,1.02
2011.01.24 13:54:53.763,0.95609,0.95627,2.25,1.39
2011.01.24 13:54:54.312,0.95609,0.95628,2.25,7.99
2011.01.24 13:54:54.862,0.95609,0.95628,2.25,6.23
2011.01.24 13:54:56.162,0.95609,0.95628,2.25,6.23
2011.01.24 13:54:56.713,0.95609,0.95626,2.25,1.88
2011.01.24 13:55:00.273,0.9561,0.95626,1.50,1.13
2011.01.24 13:55:01.343,0.9561,0.95626,1.50,1.13
2011.01.24 13:55:02.555,0.9561,0.95627,1.50,1.17
2011.01.24 13:55:09.703,0.95608,0.95625,1.50,1.39
2011.01.24 13:55:09.825,0.95604,0.95622,2.25,2.63
2011.01.24 13:55:11.794,0.95604,0.95621,1.50,1.88
2011.01.24 13:55:12.687,0.95603,0.95621,1.50,6.00
2011.01.24 13:55:13.262,0.95602,0.95621,3.75,1.13
2011.01.24 13:55:13.813,0.95603,0.95621,1.50,1.17
2011.01.24 13:55:14.367,0.95603,0.95621,1.50,6.38
2011.01.24 13:55:14.482,0.95603,0.95621,1.50,4.13
2011.01.24 13:55:15.722,0.95603,0.95621,1.50,1.88
2011.01.24 13:55:17.513,0.95604,0.9562,1.50,1.13
2011.01.24 13:55:19.035,0.95605,0.95622,1.50,8.78
2011.01.24 13:55:20.024,0.95605,0.95622,1.50,1.80
2011.01.24 13:55:20.475,0.95603,0.9562,1.50,1.13
2011.01.24 13:55:21.169,0.95602,0.95621,1.50,4.13
2011.01.24 13:55:22.385,0.95604,0.95621,1.50,1.50
2011.01.24 13:55:23.276,0.95601,0.95621,3.75,2.63
2011.01.24 13:55:23.945,0.95603,0.95622,1.50,3.98
2011.01.24 13:55:24.746,0.95602,0.95622,1.50,3.98
2011.01.24 13:55:26.562,0.95599,0.95619,1.50,1.50
2011.01.24 13:55:28.382,0.95599,0.95618,1.50,1.13
2011.01.24 13:55:29.243,0.95597,0.95619,1.77,1.50
2011.01.24 13:55:31.118,0.95597,0.95619,8.37,1.50
2011.01.24 13:55:31.677,0.95599,0.9562,1.13,1.50
2011.01.24 13:55:32.225,0.956,0.9562,1.50,1.50
2011.01.24 13:55:32.794,0.95599,0.9562,3.75,1.50
2011.01.24 13:55:33.985,0.95599,0.95618,1.50,2.25
2011.01.24 13:55:34.215,0.95596,0.95617,2.25,5.29
2011.01.24 13:55:34.974,0.95595,0.95612,2.25,2.14
2011.01.24 13:55:35.082,0.95595,0.95611,1.50,1.02
2011.01.24 13:55:35.303,0.95593,0.95611,2.25,1.77
2011.01.24 13:55:41.173,0.95589,0.9561,2.52,2.25
2011.01.24 13:55:44.103,0.95589,0.95611,4.02,6.64
2011.01.24 13:55:44.212,0.95596,0.95611,1.50,5.89
2011.01.24 13:55:44.758,0.9559,0.95608,2.25,1.02
2011.01.24 13:55:44.882,0.95588,0.95607,2.25,1.02
2011.01.24 13:55:45.439,0.95588,0.95607,1.50,1.02
2011.01.24 13:55:46.006,0.9559,0.95607,1.50,1.02
2011.01.24 13:55:46.248,0.9559,0.95609,1.77,3.00
2011.01.24 13:55:48.533,0.95588,0.95609,3.27,3.00
2011.01.24 13:55:54.954,0.95589,0.9561,1.02,5.37
2011.01.24 13:55:55.068,0.95591,0.95611,2.25,5.40
2011.01.24 13:55:55.652,0.95593,0.95612,1.50,1.05
2011.01.24 13:55:56.562,0.95591,0.95612,2.25,2.55
2011.01.24 13:55:58.085,0.9559,0.95607,8.10,1.41
2011.01.24 13:55:58.314,0.95587,0.95607,3.00,1.02
2011.01.24 13:56:03.594,0.95587,0.95607,2.25,1.02
2011.01.24 13:56:04.764,0.95586,0.95606,1.50,1.73
2011.01.24 13:56:04.883,0.95588,0.95606,1.50,6.83
2011.01.24 13:56:05.736,0.95587,0.95606,1.50,1.95
2011.01.24 13:56:06.367,0.95586,0.95606,3.75,3.83
2011.01.24 13:56:08.035,0.95587,0.95606,1.50,3.83
2011.01.24 13:56:08.603,0.95586,0.95604,3.00,1.50
2011.01.24 13:56:09.369,0.95584,0.95601,4.50,1.02
2011.01.24 13:56:10.599,0.95587,0.95604,1.50,2.25
2011.01.24 13:56:10.943,0.95584,0.95602,2.25,1.02
2011.01.24 13:56:11.965,0.95585,0.95602,1.58,1.77
2011.01.24 13:56:12.635,0.95585,0.95604,1.58,3.04
2011.01.24 13:56:12.753,0.95587,0.95604,1.50,2.29
2011.01.24 13:56:13.964,0.95585,0.95604,2.25,1.50
2011.01.24 13:56:14.543,0.95587,0.95607,2.52,1.54
2011.01.24 13:56:14.883,0.9559,0.95609,2.25,2.29
2011.01.24 13:56:19.082,0.95589,0.95609,3.27,2.29
2011.01.24 13:56:22.209,0.95591,0.95611,1.50,2.55
2011.01.24 13:56:23.316,0.95593,0.95611,6.12,1.54
2011.01.24 13:56:23.555,0.95595,0.95613,1.50,1.50
2011.01.24 13:56:27.082,0.9559,0.95607,1.50,1.50
2011.01.24 13:56:27.412,0.9559,0.95605,1.50,1.50
2011.01.24 13:56:27.744,0.9559,0.95608,1.50,2.25
2011.01.24 13:56:28.368,0.95588,0.95608,2.25,2.25
2011.01.24 13:56:30.785,0.95588,0.95608,2.52,2.25
2011.01.24 13:56:31.554,0.95592,0.95611,1.02,1.50
2011.01.24 13:56:32.967,0.95593,0.95611,1.02,1.50
2011.01.24 13:56:37.312,0.95593,0.95614,1.50,3.00
2011.01.24 13:56:38.572,0.95592,0.95612,1.50,1.50
2011.01.24 13:56:42.624,0.95593,0.95614,1.02,8.85
2011.01.24 13:56:44.462,0.95596,0.95616,1.02,1.50
2011.01.24 13:56:44.573,0.95597,0.95618,1.77,2.25
2011.01.24 13:56:45.123,0.95597,0.95617,6.12,1.50
2011.01.24 13:56:55.393,0.95598,0.95616,1.50,1.50
2011.01.24 13:56:55.724,0.95598,0.95619,1.50,1.50
2011.01.24 13:56:56.330,0.95598,0.95617,1.50,1.50
2011.01.24 13:56:57.345,0.95596,0.95614,1.50,1.88
2011.01.24 13:56:58.334,0.95596,0.95614,1.50,1.88
2011.01.24 13:56:59.035,0.95594,0.95609,1.50,1.50
2011.01.24 13:56:59.153,0.95591,0.95611,1.50,7.02
2011.01.24 13:57:00.189,0.95591,0.95608,1.50,1.50
2011.01.24 13:57:00.312,0.95586,0.95605,2.25,1.77
2011.01.24 13:57:01.415,0.95586,0.95603,3.00,1.02
2011.01.24 13:57:01.974,0.95584,0.95602,1.95,1.77
2011.01.24 13:57:02.089,0.95588,0.95605,1.02,1.50
2011.01.24 13:57:02.210,0.95588,0.95607,1.02,1.50
2011.01.24 13:57:02.755,0.95589,0.95609,5.85,1.50
2011.01.24 13:57:06.888,0.95591,0.95609,1.50,1.50
2011.01.24 13:57:07.662,0.95591,0.95611,1.50,2.89
2011.01.24 13:57:08.198,0.9559,0.95611,1.50,4.39
2011.01.24 13:57:08.324,0.9559,0.95607,1.50,1.02
2011.01.24 13:57:08.874,0.95588,0.95609,6.90,2.14
2011.01.24 13:57:08.996,0.95588,0.95609,6.90,2.14
2011.01.24 13:57:09.977,0.95588,0.95608,1.80,5.10
2011.01.24 13:57:10.749,0.95588,0.95605,1.80,1.02
2011.01.24 13:57:11.417,0.95585,0.95605,3.00,1.50
2011.01.24 13:57:11.535,0.95585,0.95608,3.00,2.25
2011.01.24 13:57:12.159,0.95587,0.95607,1.50,1.77
2011.01.24 13:57:13.580,0.95585,0.95607,3.00,1.77
2011.01.24 13:57:15.121,0.95586,0.95606,1.50,2.14
2011.01.24 13:57:16.008,0.95585,0.95606,3.00,2.29
2011.01.24 13:57:18.099,0.95586,0.95607,7.35,2.52
2011.01.24 13:57:18.545,0.95588,0.95607,1.02,1.50
2011.01.24 13:57:19.191,0.95589,0.95609,1.02,1.50
2011.01.24 13:57:19.743,0.95589,0.9561,2.52,1.77
2011.01.24 13:57:21.846,0.95588,0.9561,2.52,2.52
2011.01.24 13:57:28.509,0.95587,0.95608,3.00,1.47
2011.01.24 13:57:29.310,0.95586,0.95606,2.25,1.02
2011.01.24 13:57:29.642,0.95586,0.95606,2.25,1.02
2011.01.24 13:57:30.855,0.95579,0.95596,1.50,1.77
2011.01.24 13:57:31.537,0.95583,0.95596,1.50,1.02
2011.01.24 13:57:31.663,0.95581,0.95598,1.50,1.02
2011.01.24 13:57:31.775,0.95579,0.95598,1.50,1.02
2011.01.24 13:57:32.554,0.95576,0.95598,3.83,1.02
2011.01.24 13:57:32.680,0.95575,0.95598,2.25,1.02
2011.01.24 13:57:33.125,0.95575,0.95597,2.25,5.85
2011.01.24 13:57:33.921,0.95574,0.95594,1.50,1.13
2011.01.24 13:57:34.490,0.95571,0.95592,3.00,5.85
2011.01.24 13:57:36.029,0.95571,0.95592,2.25,1.02
2011.01.24 13:57:37.999,0.95572,0.95592,1.50,1.02
2011.01.24 13:57:38.554,0.95571,0.95592,2.25,1.02
2011.01.24 13:57:43.959,0.95575,0.95593,1.50,3.27
2011.01.24 13:57:44.625,0.95579,0.95596,1.50,5.85
2011.01.24 13:57:45.283,0.95581,0.95596,1.13,5.10
2011.01.24 13:57:45.404,0.95582,0.95601,1.50,1.50
2011.01.24 13:57:45.623,0.95584,0.95603,1.50,1.50
2011.01.24 13:57:46.146,0.95584,0.95606,1.50,4.73
2011.01.24 13:57:46.388,0.95582,0.95603,3.00,1.20
2011.01.24 13:57:46.920,0.95582,0.95599,1.50,2.25
2011.01.24 13:57:47.039,0.9558,0.95599,1.50,2.25
2011.01.24 13:57:47.488,0.95576,0.95598,3.00,1.02
2011.01.24 13:57:48.051,0.95574,0.95593,2.25,1.50
2011.01.24 13:57:49.575,0.95574,0.95595,2.25,2.25
2011.01.24 13:57:50.572,0.95575,0.95596,1.50,2.63
2011.01.24 13:57:50.701,0.95572,0.95593,2.25,1.50
2011.01.24 13:57:52.313,0.9556,0.95576,3.00,1.62
2011.01.24 13:57:52.548,0.9556,0.95578,3.27,5.10
2011.01.24 13:57:53.164,0.95561,0.95578,2.14,5.10
2011.01.24 13:57:53.288,0.95561,0.95585,6.87,9.53
2011.01.24 13:57:54.254,0.95562,0.95585,1.50,9.53
2011.01.24 13:57:54.589,0.9556,0.95581,7.80,1.50
2011.01.24 13:57:55.167,0.9556,0.95581,2.70,1.50
2011.01.24 13:57:56.656,0.9556,0.9558,2.25,2.25
2011.01.24 13:57:57.651,0.9556,0.95579,2.25,7.99
2011.01.24 13:57:58.120,0.95558,0.95575,1.50,1.50
2011.01.24 13:57:59.267,0.95558,0.95579,1.50,3.75
2011.01.24 13:57:59.866,0.95565,0.95579,5.18,1.50
2011.01.24 13:58:00.552,0.95567,0.95588,6.12,1.50
2011.01.24 13:58:01.291,0.95566,0.95586,1.50,1.50
2011.01.24 13:58:01.407,0.95565,0.95586,5.85,3.00
2011.01.24 13:58:02.312,0.95565,0.95585,5.85,1.50
2011.01.24 13:58:02.670,0.95567,0.95586,1.50,1.50
2011.01.24 13:58:04.627,0.95569,0.95587,1.50,1.50
2011.01.24 13:58:05.953,0.95567,0.95586,6.12,2.25
2011.01.24 13:58:06.296,0.95568,0.95588,1.50,1.50
2011.01.24 13:58:06.845,0.95569,0.9559,2.25,1.50
2011.01.24 13:58:06.972,0.95573,0.95592,1.02,2.25
2011.01.24 13:58:07.708,0.95571,0.95592,7.35,2.52
2011.01.24 13:58:08.491,0.95571,0.95592,3.00,2.52
2011.01.24 13:58:09.317,0.95571,0.95592,3.00,2.52
2011.01.24 13:58:11.759,0.95571,0.95592,2.25,2.52
2011.01.24 13:58:14.277,0.95573,0.95592,1.50,2.52
2011.01.24 13:58:16.379,0.95572,0.95592,3.00,1.50
2011.01.24 13:58:17.644,0.95575,0.95596,2.25,2.25
2011.01.24 13:58:19.099,0.95573,0.95595,8.10,3.00
2011.01.24 13:58:20.602,0.95573,0.95592,1.50,1.50
2011.01.24 13:58:25.522,0.95573,0.95592,1.50,1.50
2011.01.24 13:58:26.487,0.95571,0.95592,6.12,2.25
2011.01.24 13:58:26.713,0.9557,0.95592,1.02,3.00
2011.01.24 13:58:28.343,0.95569,0.9559,3.00,2.25
2011.01.24 13:58:28.460,0.95568,0.9559,2.25,1.50
2011.01.24 13:58:29.118,0.95568,0.95588,2.25,1.50
2011.01.24 13:58:30.320,0.95568,0.9559,3.00,3.00
2011.01.24 13:58:31.525,0.95569,0.95591,6.60,3.27
2011.01.24 13:58:35.125,0.9557,0.95591,1.88,2.52
2011.01.24 13:58:35.694,0.95573,0.95593,1.50,4.02
2011.01.24 13:58:36.873,0.95571,0.95593,5.85,4.02
2011.01.24 13:58:37.838,0.95573,0.95593,1.50,4.02
2011.01.24 13:58:39.637,0.95575,0.95593,1.50,3.27
2011.01.24 13:58:39.871,0.9558,0.95598,1.50,1.50
2011.01.24 13:58:39.985,0.95581,0.95598,2.52,1.50
2011.01.24 13:58:40.515,0.95584,0.95603,6.60,5.85
2011.01.24 13:58:40.642,0.95587,0.95607,2.25,2.52
2011.01.24 13:58:40.975,0.95587,0.95607,3.00,2.52
2011.01.24 13:58:46.203,0.95591,0.9561,1.50,6.87
2011.01.24 13:58:46.321,0.95588,0.95609,1.50,1.50
2011.01.24 13:58:46.874,0.95587,0.95609,1.50,1.50
2011.01.24 13:58:48.794,0.95587,0.95609,1.50,1.50
2011.01.24 13:58:49.352,0.95588,0.95609,1.50,1.50
2011.01.24 13:58:51.104,0.95588,0.95606,1.50,1.02
2011.01.24 13:58:51.659,0.95588,0.95605,1.50,2.52
2011.01.24 13:58:51.784,0.95589,0.95606,1.50,1.50
2011.01.24 13:58:52.019,0.95589,0.95609,1.50,8.67
2011.01.24 13:58:52.663,0.95591,0.95609,1.50,5.85
2011.01.24 13:58:53.226,0.95592,0.95608,1.50,1.02
2011.01.24 13:58:53.930,0.95591,0.95608,1.50,1.02
2011.01.24 13:58:55.529,0.9559,0.95611,2.25,7.35
2011.01.24 13:58:56.307,0.9559,0.95608,1.50,5.85
2011.01.24 13:58:56.874,0.95589,0.95611,3.75,1.50
2011.01.24 13:58:59.800,0.95592,0.95612,1.02,9.23
2011.01.24 13:59:00.464,0.95594,0.95611,1.77,1.88
2011.01.24 13:59:01.904,0.95594,0.95612,1.77,2.63
2011.01.24 13:59:02.562,0.95594,0.95611,1.84,1.88
2011.01.24 13:59:03.112,0.95594,0.95612,1.84,2.63
2011.01.24 13:59:03.807,0.95594,0.95612,1.84,2.63
2011.01.24 13:59:04.975,0.95592,0.95606,1.50,1.02
2011.01.24 13:59:05.317,0.95591,0.95609,1.50,1.77
2011.01.24 13:59:10.392,0.95588,0.95607,1.50,6.60
2011.01.24 13:59:10.834,0.95585,0.95607,1.50,6.60
2011.01.24 13:59:11.395,0.95586,0.95607,1.50,6.60
2011.01.24 13:59:12.264,0.95588,0.95607,1.50,1.73
2011.01.24 13:59:13.436,0.95586,0.95607,2.25,1.50
2011.01.24 13:59:14.324,0.95585,0.95607,3.00,6.75
2011.01.24 13:59:16.435,0.95584,0.95604,2.25,1.02
2011.01.24 13:59:16.664,0.95584,0.95604,1.50,1.02
2011.01.24 13:59:18.238,0.95584,0.95602,1.50,1.13
2011.01.24 13:59:18.793,0.95584,0.95597,1.50,1.99
2011.01.24 13:59:18.913,0.95579,0.95597,2.25,1.02
2011.01.24 13:59:19.644,0.95579,0.95598,2.25,1.50
2011.01.24 13:59:19.875,0.95582,0.95598,2.63,1.50
2011.01.24 13:59:20.758,0.95581,0.95599,6.60,1.39
2011.01.24 13:59:22.217,0.95579,0.95599,3.75,1.50
2011.01.24 13:59:22.789,0.95579,0.95594,3.00,1.13
2011.01.24 13:59:23.350,0.95576,0.9559,1.50,1.50
2011.01.24 13:59:23.469,0.95573,0.95593,5.85,2.25
2011.01.24 13:59:24.163,0.95574,0.95593,5.85,2.25
2011.01.24 13:59:24.284,0.95572,0.95591,5.85,11.22
2011.01.24 13:59:25.802,0.95568,0.95587,3.27,1.20
2011.01.24 13:59:26.158,0.9557,0.95591,1.77,7.35
2011.01.24 13:59:27.657,0.95567,0.95587,2.25,1.77
2011.01.24 13:59:28.223,0.95565,0.95585,3.75,1.50
2011.01.24 13:59:28.885,0.95566,0.95585,1.50,1.50
2011.01.24 13:59:30.534,0.95565,0.95585,8.85,3.00
2011.01.24 13:59:30.766,0.95565,0.95581,3.75,1.02
2011.01.24 13:59:31.439,0.95562,0.95581,6.60,1.02
2011.01.24 13:59:34.356,0.95562,0.95578,1.50,1.02
2011.01.24 13:59:34.915,0.95559,0.95578,1.28,1.02
2011.01.24 13:59:35.721,0.95559,0.95579,1.28,2.52
2011.01.24 13:59:35.836,0.9556,0.95579,1.20,1.50
2011.01.24 13:59:36.481,0.95563,0.95579,1.50,1.50
2011.01.24 13:59:36.604,0.95563,0.95582,3.27,1.50
2011.01.24 13:59:38.187,0.95564,0.95582,3.75,1.50
2011.01.24 13:59:39.633,0.95565,0.95586,1.50,3.00
2011.01.24 13:59:40.183,0.95565,0.95586,1.50,4.88
2011.01.24 13:59:40.791,0.95565,0.95586,1.50,3.00
2011.01.24 13:59:45.249,0.95565,0.95587,1.50,7.73
2011.01.24 13:59:46.335,0.95565,0.95587,1.50,9.23
2011.01.24 13:59:46.892,0.95565,0.95585,1.50,1.13
2011.01.24 13:59:48.150,0.95564,0.95587,2.25,7.73
2011.01.24 13:59:50.907,0.95563,0.95587,3.00,7.73
2011.01.24 13:59:51.471,0.95566,0.95587,1.13,7.73
2011.01.24 13:59:51.703,0.95565,0.95586,3.00,5.10
2011.01.24 13:59:51.817,0.95566,0.95589,1.50,8.10
2011.01.24 13:59:52.364,0.95569,0.95589,1.50,6.60
2011.01.24 13:59:54.838,0.95569,0.95591,4.50,6.60
2011.01.24 13:59:55.924,0.95569,0.95591,3.00,1.50
2011.01.24 13:59:58.500,0.95576,0.95594,1.02,2.63
2011.01.24 13:59:58.844,0.95576,0.95596,2.52,1.50
2011.01.24 13:59:59.483,0.95577,0.95598,1.02,3.38
