2008.11.27 03:00:03.713,1.19888,1.19912,4.40,8.20
2008.11.27 03:00:03.933,1.19888,1.19912,2.40,1.00
2008.11.27 03:00:04.283,1.19885,1.19915,4.00,1.00
2008.11.27 03:00:05.713,1.19885,1.19915,1.00,15.20
2008.11.27 03:00:05.823,1.19885,1.19915,1.60,1.00
2008.11.27 03:00:09.072,1.19885,1.19915,1.60,15.20
2008.11.27 03:00:09.412,1.19885,1.19915,2.40,1.80
2008.11.27 03:00:09.532,1.19888,1.19912,1.60,6.20
2008.11.27 03:00:09.872,1.1989,1.1991,1.00,1.00
2008.11.27 03:00:10.102,1.19883,1.19917,12.00,1.00
2008.11.27 03:00:16.410,1.19883,1.19917,2.40,1.00
2008.11.27 03:00:16.770,1.19883,1.19917,8.00,9.00
2008.11.27 03:00:19.520,1.19885,1.19915,1.00,15.20
2008.11.27 03:00:20.259,1.19885,1.19915,2.40,6.20
2008.11.27 03:00:25.858,1.19883,1.19917,1.00,1.00
2008.11.27 03:00:26.158,1.19883,1.19917,11.20,1.20
2008.11.27 03:00:26.548,1.19883,1.19917,12.00,1.00
2008.11.27 03:00:32.187,1.1988,1.1992,2.40,2.80
2008.11.27 03:00:32.936,1.19897,1.19903,2.40,6.20
2008.11.27 03:00:33.166,1.19895,1.19905,6.40,9.00
2008.11.27 03:00:33.506,1.19895,1.19905,2.40,6.20
2008.11.27 03:00:36.785,1.19897,1.19903,2.40,9.00
2008.11.27 03:00:37.175,1.19895,1.19905,4.00,1.20
2008.11.27 03:00:37.625,1.19895,1.19905,22.40,6.20
2008.11.27 03:00:37.785,1.1989,1.1991,4.80,1.00
2008.11.27 03:00:38.135,1.19888,1.19912,12.00,2.40
2008.11.27 03:00:38.305,1.19888,1.19912,4.00,9.00
2008.11.27 03:00:40.814,1.19885,1.19915,6.40,7.20
2008.11.27 03:00:41.424,1.19888,1.19912,22.80,6.20
2008.11.27 03:00:42.074,1.1989,1.1991,6.40,9.00
2008.11.27 03:00:43.803,1.19888,1.19912,28.80,1.20
2008.11.27 03:00:44.153,1.19885,1.19915,12.00,1.00
2008.11.27 03:00:44.783,1.19885,1.19915,14.40,7.20
2008.11.27 03:00:45.683,1.19888,1.19912,12.00,2.40
2008.11.27 03:00:45.953,1.1989,1.1991,18.40,1.00
2008.11.27 03:00:46.193,1.1989,1.1991,1.60,1.00
2008.11.27 03:00:52.222,1.1989,1.1991,1.60,1.00
2008.11.27 03:00:52.401,1.19888,1.19912,1.60,1.00
2008.11.27 03:00:55.701,1.19888,1.19912,6.40,1.20
2008.11.27 03:01:03.052,1.19881,1.19906,4.00,1.00
2008.11.27 03:01:07.051,1.19886,1.19911,4.00,2.80
2008.11.27 03:01:09.330,1.19889,1.19914,4.00,1.20
2008.11.27 03:01:09.680,1.19894,1.19914,12.40,1.00
2008.11.27 03:01:12.059,1.19894,1.19914,2.40,8.00
2008.11.27 03:01:12.819,1.19889,1.19914,18.40,1.00
2008.11.27 03:01:24.036,1.19887,1.19912,2.40,8.00
2008.11.27 03:01:27.526,1.19888,1.19908,2.40,8.00
2008.11.27 03:01:27.755,1.19888,1.19908,1.60,1.00
2008.11.27 03:01:28.376,1.19886,1.19911,1.00,6.20
2008.11.27 03:01:29.465,1.19886,1.19911,12.00,1.00
2008.11.27 03:01:29.805,1.19884,1.19914,2.40,6.20
2008.11.27 03:01:30.155,1.19893,1.19908,20.80,6.20
2008.11.27 03:01:30.615,1.19894,1.19909,6.40,1.20
2008.11.27 03:01:30.885,1.19886,1.19911,4.40,1.00
2008.11.27 03:01:31.685,1.19883,1.19913,6.40,1.20
2008.11.27 03:01:31.855,1.19882,1.19912,6.40,1.20
2008.11.27 03:01:32.085,1.19883,1.19913,4.00,1.00
2008.11.27 03:01:32.255,1.19887,1.19912,4.00,1.00
2008.11.27 03:01:33.664,1.19894,1.19914,2.40,8.00
2008.11.27 03:01:33.894,1.19893,1.19919,6.40,1.20
2008.11.27 03:01:34.194,1.19893,1.19918,2.40,9.00
2008.11.27 03:01:34.484,1.19889,1.19919,7.20,1.00
2008.11.27 03:01:38.973,1.19889,1.19914,6.40,1.20
2008.11.27 03:01:39.313,1.19885,1.19915,6.40,1.20
2008.11.27 03:01:42.372,1.19883,1.19913,1.60,15.20
2008.11.27 03:01:42.552,1.19882,1.19917,1.00,15.20
2008.11.27 03:01:42.792,1.19884,1.19919,6.40,1.20
2008.11.27 03:01:43.082,1.19886,1.19916,18.40,1.00
2008.11.27 03:01:43.192,1.19882,1.19917,1.00,1.20
2008.11.27 03:01:43.362,1.19884,1.19914,12.00,1.00
2008.11.27 03:01:43.532,1.19886,1.19911,4.00,1.00
2008.11.27 03:01:43.772,1.19889,1.19909,1.60,1.00
2008.11.27 03:01:51.900,1.19884,1.19914,1.60,1.20
2008.11.27 03:01:52.189,1.19881,1.19916,2.40,1.00
2008.11.27 03:01:52.520,1.19879,1.19914,4.00,1.00
2008.11.27 03:01:52.819,1.19879,1.19914,6.40,1.20
2008.11.27 03:01:53.049,1.19878,1.19913,12.00,1.00
2008.11.27 03:01:53.230,1.19884,1.19909,22.40,6.20
2008.11.27 03:01:53.399,1.19883,1.19913,1.60,15.20
2008.11.27 03:01:55.849,1.1988,1.19915,6.40,1.20
2008.11.27 03:01:57.738,1.19869,1.19919,9.60,1.00
2008.11.27 03:01:57.958,1.19881,1.19896,4.80,1.20
2008.11.27 03:01:58.078,1.1988,1.1989,1.60,1.00
2008.11.27 03:02:34.776,1.199,1.19935,6.80,2.60
2008.11.27 03:03:00.990,1.19885,1.1992,14.00,6.20
2008.11.27 03:03:01.970,1.19893,1.19918,1.60,9.60
2008.11.27 03:03:08.259,1.19901,1.19916,6.40,1.60
2008.11.27 03:03:08.559,1.19899,1.19919,8.00,1.20
2008.11.27 03:03:11.678,1.19896,1.19921,6.40,1.80
2008.11.27 03:03:12.188,1.19892,1.19922,11.20,1.20
2008.11.27 03:03:12.528,1.19891,1.19921,1.60,12.20
2008.11.27 03:03:13.278,1.19892,1.19917,6.40,1.20
2008.11.27 03:03:14.967,1.19889,1.19919,8.00,6.20
2008.11.27 03:03:15.797,1.1989,1.19915,11.20,1.20
2008.11.27 03:03:18.066,1.19889,1.19919,6.40,1.20
2008.11.27 03:03:18.926,1.19888,1.19923,8.00,6.20
2008.11.27 03:03:19.216,1.1989,1.1992,17.20,1.20
2008.11.27 03:03:19.396,1.1989,1.19925,11.20,1.20
2008.11.27 03:03:19.806,1.19889,1.19929,8.00,16.00
2008.11.27 03:03:20.436,1.19891,1.19936,8.00,8.00
2008.11.27 03:03:21.206,1.19911,1.19916,8.00,1.60
2008.11.27 03:03:21.605,1.19903,1.19918,8.00,6.20
2008.11.27 03:03:21.716,1.19893,1.19913,10.00,1.20
2008.11.27 03:03:22.915,1.19887,1.19907,6.40,1.20
2008.11.27 03:03:23.385,1.19887,1.19912,8.00,15.20
2008.11.27 03:03:23.445,1.19889,1.19914,12.40,1.20
2008.11.27 03:03:23.565,1.19891,1.19916,11.20,1.20
2008.11.27 03:03:25.604,1.19892,1.19922,6.40,1.20
2008.11.27 03:03:27.474,1.19893,1.19923,11.20,1.20
2008.11.27 03:03:27.994,1.19893,1.19923,8.00,6.20
2008.11.27 03:03:28.924,1.19895,1.1992,6.40,1.20
2008.11.27 03:03:29.444,1.19892,1.19922,6.40,1.20
2008.11.27 03:03:29.733,1.1989,1.1992,8.00,14.20
2008.11.27 03:03:30.233,1.19889,1.19919,8.00,6.20
2008.11.27 03:03:31.563,1.19887,1.19922,8.00,3.20
2008.11.27 03:03:32.193,1.19885,1.19925,6.40,1.20
2008.11.27 03:03:32.423,1.19884,1.19924,6.40,1.20
2008.11.27 03:03:32.813,1.19884,1.19929,2.40,1.80
2008.11.27 03:03:33.263,1.19905,1.19915,8.00,7.60
2008.11.27 03:03:33.553,1.19911,1.19916,4.80,7.20
2008.11.27 03:03:33.783,1.19907,1.19922,8.00,6.20
2008.11.27 03:03:34.303,1.19903,1.19923,8.00,6.20
2008.11.27 03:03:34.602,1.19898,1.19923,11.20,1.00
2008.11.27 03:03:34.762,1.19895,1.1992,6.40,1.20
2008.11.27 03:03:37.492,1.19889,1.19919,4.80,7.20
2008.11.27 03:03:39.321,1.19889,1.19919,6.40,1.20
2008.11.27 03:03:39.611,1.19888,1.19923,11.20,1.20
2008.11.27 03:03:39.901,1.19891,1.19926,6.40,1.20
2008.11.27 03:03:40.071,1.19895,1.19925,14.00,6.20
2008.11.27 03:03:40.361,1.19903,1.19923,8.00,6.20
2008.11.27 03:03:40.591,1.19901,1.19936,6.40,1.20
2008.11.27 03:03:40.751,1.19913,1.19927,8.00,6.20
2008.11.27 03:03:40.981,1.19908,1.19918,8.00,7.60
2008.11.27 03:03:42.660,1.19899,1.19919,8.00,1.60
2008.11.27 03:03:42.901,1.19886,1.19926,8.00,6.20
2008.11.27 03:03:44.370,1.19887,1.19922,10.40,2.80
2008.11.27 03:03:44.430,1.19883,1.19923,16.00,6.20
2008.11.27 03:03:44.650,1.19894,1.19909,8.00,7.20
2008.11.27 03:03:45.000,1.19891,1.19911,1.60,11.20
2008.11.27 03:03:48.619,1.19887,1.19917,6.40,2.60
2008.11.27 03:03:49.079,1.19886,1.19921,11.20,1.20
2008.11.27 03:03:49.299,1.19885,1.1993,6.40,1.20
2008.11.27 03:03:49.479,1.19896,1.19921,1.60,1.60
2008.11.27 03:03:49.599,1.19894,1.19924,6.40,1.20
2008.11.27 03:03:50.419,1.19895,1.19925,6.40,1.20
2008.11.27 03:03:50.658,1.19895,1.19925,15.20,1.00
2008.11.27 03:03:50.998,1.19892,1.19927,6.40,2.40
2008.11.27 03:03:51.178,1.19888,1.19928,6.40,1.80
2008.11.27 03:03:51.359,1.19892,1.19922,14.40,1.20
2008.11.27 03:03:51.638,1.19895,1.1992,6.40,1.20
2008.11.27 03:03:52.108,1.19894,1.19924,8.00,1.20
2008.11.27 03:03:56.957,1.19893,1.19928,8.00,6.20
2008.11.27 03:04:10.818,1.19875,1.19905,11.60,6.20
2008.11.27 03:04:10.978,1.19875,1.19905,10.00,6.20
2008.11.27 03:04:11.837,1.19873,1.19903,6.40,2.40
2008.11.27 03:04:12.117,1.19871,1.19901,11.20,1.20
2008.11.27 03:04:12.457,1.19868,1.19898,20.40,15.20
2008.11.27 03:04:14.997,1.19863,1.19898,14.40,6.20
2008.11.27 03:04:15.227,1.19858,1.19893,8.00,6.20
2008.11.27 03:04:15.847,1.19851,1.19881,6.40,1.80
2008.11.27 03:04:18.156,1.19855,1.1988,11.20,1.20
2008.11.27 03:04:18.396,1.19865,1.19895,8.00,6.20
2008.11.27 03:04:18.806,1.19878,1.19903,8.00,6.20
2008.11.27 03:04:19.156,1.19878,1.19913,20.40,15.20
2008.11.27 03:04:19.446,1.1988,1.19915,8.00,7.20
2008.11.27 03:04:19.676,1.19881,1.19916,9.60,1.00
2008.11.27 03:04:20.002,1.19876,1.19916,11.20,1.20
2008.11.27 03:04:20.195,1.19878,1.19913,15.20,1.00
2008.11.27 03:04:20.555,1.19879,1.19914,11.20,1.20
2008.11.27 03:04:20.955,1.19881,1.19916,10.40,6.20
2008.11.27 03:04:21.355,1.19889,1.19924,8.00,7.20
2008.11.27 03:04:21.655,1.199,1.1993,13.60,1.20
2008.11.27 03:04:22.005,1.19903,1.19933,20.40,15.20
2008.11.27 03:04:24.046,1.19893,1.19928,8.00,6.20
2008.11.27 03:04:26.404,1.19885,1.1992,6.40,1.20
2008.11.27 03:04:26.574,1.19881,1.19916,2.40,6.20
2008.11.27 03:04:26.814,1.19883,1.19908,6.40,2.40
2008.11.27 03:04:28.564,1.19877,1.19912,10.40,1.20
2008.11.27 03:04:36.041,1.1988,1.19905,8.00,14.20
2008.11.27 03:04:42.400,1.19875,1.19905,13.60,1.20
2008.11.27 03:04:42.960,1.19871,1.19901,20.40,15.20
2008.11.27 03:04:43.310,1.19868,1.19898,8.00,1.20
2008.11.27 03:04:43.590,1.19867,1.19897,8.00,6.20
2008.11.27 03:04:51.022,1.19866,1.19901,6.40,1.20
2008.11.27 03:04:58.796,1.19872,1.19907,8.00,7.60
2008.11.27 03:04:59.086,1.19874,1.19914,6.40,1.20
2008.11.27 03:04:59.316,1.19884,1.19919,14.40,1.20
2008.11.27 03:04:59.656,1.19885,1.19925,6.40,3.20
2008.11.27 03:05:03.626,1.19888,1.19928,13.60,1.20
2008.11.27 03:05:04.295,1.19885,1.19925,4.80,7.20
2008.11.27 03:05:08.485,1.1988,1.19915,3.60,1.40
2008.11.27 03:05:08.784,1.19878,1.19908,6.40,2.60
2008.11.27 03:05:09.494,1.19876,1.19906,6.40,1.20
2008.11.27 03:05:09.654,1.19877,1.19907,8.00,6.20
2008.11.27 03:05:10.284,1.19882,1.19912,8.00,7.60
2008.11.27 03:05:12.304,1.19881,1.19916,8.00,7.60
2008.11.27 03:05:12.764,1.19878,1.19923,4.80,7.20
2008.11.27 03:05:13.104,1.19879,1.19924,8.00,6.20
2008.11.27 03:05:13.213,1.19889,1.19914,6.40,1.20
2008.11.27 03:05:13.393,1.19887,1.19912,6.40,1.20
2008.11.27 03:05:17.982,1.19881,1.19916,1.60,3.00
2008.11.27 03:05:18.212,1.19879,1.19914,8.00,9.60
2008.11.27 03:05:20.192,1.19882,1.19917,8.00,6.20
2008.11.27 03:05:20.711,1.19885,1.1992,8.00,6.20
2008.11.27 03:05:20.931,1.19888,1.19923,11.20,1.20
2008.11.27 03:05:21.152,1.19891,1.19921,9.60,1.00
2008.11.27 03:05:22.631,1.19893,1.19913,8.00,15.20
2008.11.27 03:05:25.281,1.19892,1.19902,6.40,1.20
2008.11.27 03:05:25.740,1.1988,1.19895,8.00,6.20
2008.11.27 03:05:25.800,1.19874,1.19894,11.20,1.20
2008.11.27 03:05:25.910,1.19877,1.19902,8.00,6.20
2008.11.27 03:05:26.130,1.19881,1.19911,9.60,1.00
2008.11.27 03:05:26.430,1.19885,1.1992,6.40,2.40
2008.11.27 03:05:26.480,1.19887,1.19922,9.60,1.00
2008.11.27 03:05:29.340,1.19886,1.19921,20.40,15.20
2008.11.27 03:05:29.679,1.19883,1.19913,6.40,1.80
2008.11.27 03:05:31.009,1.1988,1.19905,6.40,1.20
2008.11.27 03:05:31.299,1.19874,1.19904,8.00,1.20
2008.11.27 03:05:36.948,1.19874,1.19904,10.40,6.60
2008.11.27 03:05:37.177,1.19873,1.19908,8.00,1.60
2008.11.27 03:05:37.448,1.19873,1.19913,10.00,6.20
2008.11.27 03:05:37.677,1.19876,1.19916,11.20,1.20
2008.11.27 03:05:37.838,1.19881,1.19916,14.00,6.20
2008.11.27 03:05:41.726,1.1988,1.1992,6.40,1.80
2008.11.27 03:05:41.847,1.19881,1.19921,8.00,7.60
2008.11.27 03:05:42.137,1.19881,1.19921,11.20,1.20
2008.11.27 03:05:44.886,1.19879,1.19919,11.20,1.20
2008.11.27 03:05:45.356,1.19876,1.19916,1.60,4.80
2008.11.27 03:05:46.825,1.19876,1.19916,11.20,1.20
2008.11.27 03:05:47.185,1.19875,1.19915,8.00,6.20
2008.11.27 03:05:47.475,1.19879,1.19914,8.00,6.20
2008.11.27 03:05:47.815,1.19885,1.1991,6.40,3.20
2008.11.27 03:05:48.045,1.19884,1.19909,4.80,7.20
2008.11.27 03:05:48.455,1.1988,1.1991,10.00,6.20
2008.11.27 03:05:48.665,1.19881,1.19911,6.40,1.20
2008.11.27 03:05:48.895,1.19879,1.19914,8.00,6.20
2008.11.27 03:05:49.005,1.19884,1.19914,6.40,1.60
2008.11.27 03:05:50.425,1.19882,1.19922,10.40,2.80
2008.11.27 03:05:50.874,1.19885,1.1993,20.40,15.20
2008.11.27 03:05:51.634,1.19894,1.19929,14.40,7.20
2008.11.27 03:05:52.614,1.19894,1.19934,6.40,1.80
2008.11.27 03:05:53.904,1.1989,1.19935,6.40,1.20
2008.11.27 03:05:54.243,1.19891,1.19931,6.00,6.20
2008.11.27 03:05:54.524,1.19889,1.19934,8.00,9.60
2008.11.27 03:05:54.633,1.1989,1.19935,1.60,5.80
2008.11.27 03:05:54.993,1.19893,1.19928,1.60,12.20
2008.11.27 03:05:55.393,1.19888,1.19928,6.40,1.20
2008.11.27 03:05:55.803,1.19885,1.19925,11.60,6.20
2008.11.27 03:05:56.023,1.19884,1.19929,14.00,6.20
2008.11.27 03:05:56.133,1.19889,1.19924,6.40,1.20
2008.11.27 03:05:56.423,1.19892,1.19917,6.40,2.60
2008.11.27 03:05:56.533,1.19885,1.1992,6.40,3.20
2008.11.27 03:05:57.043,1.19888,1.19913,8.00,7.20
2008.11.27 03:05:58.052,1.19882,1.19917,6.40,1.20
2008.11.27 03:05:58.752,1.1988,1.1992,6.40,1.20
2008.11.27 03:06:49.994,1.1991,1.1994,6.80,1.80
2008.11.27 03:06:50.284,1.19915,1.1995,9.60,1.60
2008.11.27 03:06:50.584,1.1992,1.1996,9.60,2.60
2008.11.27 03:06:50.874,1.1992,1.1996,6.80,1.00
2008.11.27 03:06:51.094,1.1992,1.1996,9.60,1.00
2008.11.27 03:06:51.394,1.19925,1.19965,2.80,9.80
2008.11.27 03:06:51.624,1.19925,1.19965,9.60,2.20
2008.11.27 03:06:51.793,1.1993,1.1997,2.80,11.40
2008.11.27 03:06:51.964,1.19925,1.19965,9.60,1.00
2008.11.27 03:06:52.083,1.19925,1.19965,9.60,2.60
2008.11.27 03:06:52.314,1.19925,1.1996,6.80,1.00
2008.11.27 03:06:52.483,1.1992,1.1996,9.60,1.00
2008.11.27 03:06:52.643,1.1992,1.1996,22.40,1.00
2008.11.27 03:06:52.813,1.19925,1.19965,2.80,9.80
2008.11.27 03:06:52.873,1.19925,1.19965,9.60,3.80
2008.11.27 03:07:51.289,1.19925,1.19965,9.60,1.40
2008.11.27 03:07:51.819,1.19925,1.19965,9.60,1.00
2008.11.27 03:07:52.809,1.19925,1.19965,9.60,1.40
2008.11.27 03:08:52.694,1.19925,1.19965,9.60,1.00
2008.11.27 03:08:52.874,1.19925,1.19965,9.60,1.40
2008.11.27 03:09:52.810,1.19925,1.19965,9.60,1.00
2008.11.27 03:09:52.990,1.19925,1.19965,9.60,1.40
2008.11.27 03:10:52.995,1.19925,1.19965,9.60,1.00
2008.11.27 03:10:53.175,1.19925,1.19965,9.60,1.40
2008.11.27 03:11:53.120,1.1992,1.1997,12.80,4.20
2008.11.27 03:11:53.231,1.1992,1.1997,12.80,4.40
2008.11.27 03:11:54.820,1.1992,1.1997,12.80,2.80
2008.11.27 03:11:54.870,1.1992,1.1997,12.80,4.40
2008.11.27 03:12:53.156,1.1992,1.1997,12.80,4.20
2008.11.27 03:12:53.276,1.1992,1.1997,12.80,4.40
2008.11.27 03:12:56.025,1.19935,1.19965,12.80,5.80
2008.11.27 03:12:56.425,1.1994,1.19965,12.80,5.80
2008.11.27 03:12:56.655,1.1995,1.19965,12.80,5.80
2008.11.27 03:13:00.136,1.1995,1.1997,12.80,5.80
2008.11.27 03:13:02.674,1.1994,1.1997,12.80,5.80
2008.11.27 03:13:02.964,1.1994,1.1997,8.00,5.80
2008.11.27 03:13:03.024,1.19935,1.1997,12.80,5.80
2008.11.27 03:13:06.133,1.19945,1.19965,12.80,5.80
2008.11.27 03:13:07.832,1.19945,1.1997,12.80,5.80
2008.11.27 03:13:08.173,1.1995,1.19975,12.80,5.80
2008.11.27 03:13:08.852,1.19945,1.19975,12.80,5.80
2008.11.27 03:13:10.372,1.19955,1.19975,4.80,5.80
2008.11.27 03:13:10.612,1.19955,1.19975,12.80,5.80
2008.11.27 03:13:10.792,1.1995,1.19975,12.80,5.80
2008.11.27 03:13:12.621,1.1995,1.1998,12.80,21.80
2008.11.27 03:13:17.820,1.19955,1.1998,12.80,16.00
2008.11.27 03:13:18.180,1.1996,1.1998,8.00,16.00
2008.11.27 03:13:18.360,1.1996,1.1998,12.80,16.00
2008.11.27 03:13:20.220,1.1996,1.1998,4.80,16.00
2008.11.27 03:13:20.399,1.19955,1.1998,8.00,16.00
2008.11.27 03:13:23.968,1.19935,1.1998,6.80,17.80
2008.11.27 03:13:24.079,1.19925,1.1997,5.60,1.00
2008.11.27 03:13:24.139,1.1992,1.1997,11.80,1.40
2008.11.27 03:13:24.648,1.1992,1.1997,9.60,1.40
2008.11.27 03:14:01.936,1.19919,1.19935,8.00,14.20
2008.11.27 03:14:02.175,1.19917,1.19932,14.40,1.00
2008.11.27 03:14:02.525,1.19902,1.19942,8.00,14.20
2008.11.27 03:14:04.255,1.19903,1.19938,6.40,1.20
2008.11.27 03:14:05.284,1.19898,1.19938,12.80,1.00
2008.11.27 03:14:05.635,1.19899,1.19934,8.00,6.20
2008.11.27 03:14:07.124,1.199,1.1993,11.20,1.00
2008.11.27 03:14:07.424,1.19902,1.19927,19.20,3.20
2008.11.27 03:14:07.634,1.19893,1.19938,6.40,1.00
2008.11.27 03:14:08.034,1.19892,1.19942,11.20,1.20
2008.11.27 03:14:08.444,1.19895,1.19945,8.00,6.20
2008.11.27 03:14:11.113,1.19907,1.19942,8.00,3.20
2008.11.27 03:14:11.523,1.19926,1.19931,6.40,1.20
2008.11.27 03:14:16.132,1.19931,1.19936,8.00,6.20
2008.11.27 03:14:16.542,1.19929,1.19933,11.20,1.20
2008.11.27 03:14:16.772,1.19922,1.19927,4.80,1.00
2008.11.27 03:14:18.502,1.19918,1.19923,6.40,1.20
2008.11.27 03:14:18.741,1.19917,1.19922,19.20,1.00
2008.11.27 03:14:35.537,1.19915,1.1992,8.00,1.00
2008.11.27 03:14:35.887,1.1991,1.1992,11.20,1.00
2008.11.27 03:14:36.627,1.19909,1.19919,14.40,7.20
2008.11.27 03:14:37.066,1.19904,1.19924,11.20,1.00
2008.11.27 03:14:37.357,1.19899,1.19929,14.40,7.20
2008.11.27 03:14:37.646,1.19903,1.19928,6.40,1.00
2008.11.27 03:14:39.916,1.19915,1.1992,6.40,1.20
2008.11.27 03:14:41.506,1.19914,1.19924,19.20,1.00
2008.11.27 03:14:42.666,1.19909,1.19929,12.80,1.00
2008.11.27 03:14:43.015,1.19902,1.19937,11.20,1.20
2008.11.27 03:14:43.805,1.19898,1.19938,8.00,1.00
2008.11.27 03:14:44.095,1.19899,1.19934,6.40,1.00
2008.11.27 03:14:44.910,1.19896,1.19936,6.40,1.00
2008.11.27 03:14:46.035,1.19892,1.19937,8.00,1.00
2008.11.27 03:14:47.584,1.19892,1.19937,8.00,3.20
2008.11.27 03:14:47.964,1.19891,1.19936,14.40,1.00
2008.11.27 03:14:52.363,1.19901,1.19921,6.40,1.20
2008.11.27 03:14:53.743,1.19894,1.19919,6.40,1.00
2008.11.27 03:14:54.393,1.19888,1.19918,8.00,1.00
2008.11.27 03:15:41.016,1.1993,1.1997,2.80,8.80
2008.11.27 03:15:41.196,1.1993,1.1997,17.60,1.40
2008.11.27 03:15:41.306,1.1993,1.19975,14.80,6.00
2008.11.27 03:15:41.415,1.19935,1.19975,8.00,6.00
2008.11.27 03:15:41.635,1.1993,1.19975,14.80,6.00
2008.11.27 03:15:41.755,1.1993,1.19975,14.80,5.80
2008.11.27 03:15:42.205,1.1993,1.19975,6.80,5.80
2008.11.27 03:15:42.485,1.1993,1.19975,14.80,5.80
2008.11.27 03:15:43.965,1.1993,1.1996,8.00,1.00
2008.11.27 03:15:44.245,1.1993,1.1996,2.00,1.00
2008.11.27 03:15:44.425,1.1991,1.1996,11.20,1.00
2008.11.27 03:15:45.874,1.19915,1.1995,11.20,1.80
2008.11.27 03:15:52.113,1.1992,1.19945,2.80,1.00
2008.11.27 03:15:52.343,1.19925,1.1997,2.80,7.20
2008.11.27 03:15:52.563,1.1993,1.19975,2.80,8.60
2008.11.27 03:15:52.732,1.1993,1.19975,9.60,2.60
2008.11.27 03:15:53.952,1.1993,1.1997,6.80,1.80
2008.11.27 03:15:54.122,1.1993,1.1997,6.80,1.60
2008.11.27 03:15:56.392,1.1993,1.1997,9.60,2.60
2008.11.27 03:15:56.572,1.1993,1.1997,9.60,3.00
2008.11.27 03:15:56.742,1.1993,1.1997,9.60,4.60
2008.11.27 03:16:01.211,1.19935,1.1997,2.80,3.40
2008.11.27 03:16:01.380,1.19935,1.1997,17.60,3.20
2008.11.27 03:16:01.551,1.1994,1.1997,2.80,1.60
2008.11.27 03:16:01.730,1.1994,1.1997,14.80,1.60
2008.11.27 03:16:02.010,1.1994,1.1997,17.60,1.60
2008.11.27 03:16:02.300,1.1994,1.1997,9.60,1.60
2008.11.27 03:16:03.170,1.1994,1.1997,6.80,1.60
2008.11.27 03:16:03.460,1.1994,1.1997,14.80,1.60
2008.11.27 03:16:04.000,1.19945,1.1997,8.00,1.60
2008.11.27 03:16:23.615,1.1994,1.1997,6.80,1.60
2008.11.27 03:17:03.515,1.1995,1.1997,2.80,1.60
2008.11.27 03:17:03.745,1.19945,1.1997,6.80,1.60
2008.11.27 03:17:03.986,1.1994,1.1997,6.80,1.60
2008.11.27 03:18:39.412,1.1995,1.1997,3.20,1.60
2008.11.27 03:18:39.532,1.1995,1.1997,8.80,1.60
2008.11.27 03:18:39.642,1.1996,1.19995,6.80,1.80
2008.11.27 03:18:39.753,1.1996,1.19995,6.80,1.20
2008.11.27 03:18:39.922,1.19945,1.1999,5.60,5.80
2008.11.27 03:18:39.972,1.19935,1.1999,6.80,5.80
2008.11.27 03:18:56.838,1.1995,1.1999,6.80,7.00
2008.11.27 03:18:57.009,1.1996,1.1999,6.80,1.00
2008.11.27 03:18:57.398,1.19945,1.1999,6.80,7.00
2008.11.27 03:18:58.318,1.19945,1.1999,6.80,1.20
2008.11.27 03:18:59.147,1.19955,1.1999,6.80,1.20
2008.11.27 03:19:01.917,1.1995,1.1999,6.80,1.20
2008.11.27 03:19:03.556,1.1994,1.19985,6.80,5.80
2008.11.27 03:19:24.661,1.19945,1.1999,6.80,7.00
2008.11.27 03:19:24.951,1.1995,1.1999,6.80,1.20
2008.11.27 03:19:33.070,1.1995,1.19975,6.80,3.00
2008.11.27 03:19:33.300,1.1994,1.19975,2.00,3.00
2008.11.27 03:19:33.589,1.1993,1.19975,9.60,3.00
2008.11.27 03:19:33.989,1.19935,1.19975,9.60,1.80
2008.11.27 03:19:34.099,1.19935,1.1997,9.60,1.60
2008.11.27 03:19:34.219,1.19935,1.19975,9.60,1.00
2008.11.27 03:19:34.389,1.1994,1.1998,2.80,8.20
2008.11.27 03:19:34.609,1.1994,1.1998,9.60,1.40
2008.11.27 03:19:34.719,1.1994,1.19985,6.80,6.00
2008.11.27 03:19:34.899,1.1995,1.1998,6.80,1.00
2008.11.27 03:19:34.959,1.1995,1.1999,6.80,1.20
2008.11.27 03:19:43.357,1.1995,1.1998,6.80,1.00
2008.11.27 03:19:43.577,1.19945,1.1998,6.80,1.00
2008.11.27 03:19:53.504,1.19945,1.19985,6.80,5.80
2008.11.27 03:19:53.684,1.1995,1.1999,6.80,1.20
2008.11.27 03:20:11.390,1.1995,1.1999,6.80,7.00
2008.11.27 03:20:11.740,1.19945,1.1999,6.80,7.00
2008.11.27 03:20:29.506,1.19945,1.1999,6.80,7.00
2008.11.27 03:20:31.765,1.1995,1.1999,6.80,7.00
2008.11.27 03:20:31.995,1.19945,1.1999,6.80,7.00
2008.11.27 03:20:33.575,1.1995,1.1999,6.80,1.20
2008.11.27 03:20:33.925,1.1995,1.1999,6.80,7.00
2008.11.27 03:20:34.444,1.1995,1.1999,6.80,1.20
2008.11.27 03:20:37.873,1.19955,1.1999,6.80,1.20
2008.11.27 03:20:39.063,1.1995,1.1999,6.80,1.20
2008.11.27 03:20:40.643,1.19955,1.1999,6.80,1.20
2008.11.27 03:20:40.803,1.1995,1.1999,6.80,1.20
2008.11.27 03:20:55.409,1.19955,1.1999,6.80,1.20
2008.11.27 03:20:55.739,1.1995,1.1999,6.80,1.20
2008.11.27 03:21:05.737,1.19945,1.1999,6.80,7.00
2008.11.27 03:21:29.461,1.1994,1.1998,9.60,1.00
2008.11.27 03:21:47.347,1.1995,1.19985,6.80,1.40
2008.11.27 03:21:47.627,1.19945,1.19985,9.60,1.40
2008.11.27 03:21:47.867,1.1994,1.1998,9.60,1.00
2008.11.27 03:22:21.039,1.19945,1.1998,6.80,1.00
2008.11.27 03:22:21.938,1.1994,1.1998,9.60,1.00
2008.11.27 03:23:27.203,1.1995,1.1998,6.80,1.00
2008.11.27 03:23:27.363,1.1995,1.19985,6.80,1.40
2008.11.27 03:23:27.603,1.1995,1.1998,6.80,1.00
2008.11.27 03:23:27.842,1.1994,1.1998,9.60,1.00
2008.11.27 03:23:48.417,1.1994,1.1998,6.80,1.20
2008.11.27 03:23:50.957,1.19935,1.1998,6.80,7.00
2008.11.27 03:23:51.707,1.19935,1.19975,6.80,5.80
2008.11.27 03:23:52.956,1.1993,1.19975,6.80,5.80
2008.11.27 03:23:56.506,1.1993,1.1997,6.80,5.80
2008.11.27 03:23:56.915,1.19925,1.1997,11.80,5.80
2008.11.27 03:23:57.945,1.19925,1.19965,11.80,5.80
2008.11.27 03:23:58.925,1.19925,1.19965,6.80,5.80
2008.11.27 03:23:59.195,1.19905,1.19955,6.80,5.80
2008.11.27 03:24:00.005,1.199,1.1995,19.80,5.80
2008.11.27 03:24:00.424,1.1991,1.1995,6.80,5.80
2008.11.27 03:24:00.655,1.1991,1.19955,6.80,5.80
2008.11.27 03:24:01.795,1.19905,1.1995,19.80,5.80
2008.11.27 03:24:02.314,1.1991,1.19955,6.80,5.80
2008.11.27 03:24:03.704,1.19905,1.1995,19.80,5.80
2008.11.27 03:24:07.643,1.1991,1.19955,6.80,5.80
2008.11.27 03:24:17.691,1.19915,1.19955,6.80,5.80
2008.11.27 03:24:18.170,1.1991,1.19955,6.80,5.80
2008.11.27 03:24:23.829,1.19905,1.1995,19.80,5.80
2008.11.27 03:24:24.269,1.1991,1.1995,6.80,5.80
2008.11.27 03:24:25.479,1.19905,1.1995,19.80,5.80
2008.11.27 03:24:26.348,1.1991,1.1995,6.80,5.80
2008.11.27 03:24:27.898,1.1991,1.19955,6.80,5.80
2008.11.27 03:24:34.227,1.19905,1.1995,19.80,5.80
2008.11.27 03:24:35.926,1.1991,1.1995,6.80,5.80
2008.11.27 03:24:38.436,1.19905,1.1995,19.80,5.80
2008.11.27 03:24:39.345,1.19905,1.19945,19.80,5.80
2008.11.27 03:24:40.245,1.19915,1.19965,6.80,21.80
2008.11.27 03:24:40.525,1.1992,1.19965,8.00,21.80
2008.11.27 03:24:40.815,1.1992,1.19955,6.80,5.60
2008.11.27 03:24:41.225,1.19935,1.19965,6.80,16.00
2008.11.27 03:24:45.724,1.19935,1.1996,6.80,17.00
2008.11.27 03:24:45.894,1.19935,1.1996,6.80,16.00
2008.11.27 03:24:46.124,1.1994,1.1996,6.80,16.00
2008.11.27 03:24:50.783,1.1994,1.19955,6.80,1.00
2008.11.27 03:24:50.962,1.1992,1.19945,6.80,1.00
2008.11.27 03:24:51.423,1.19905,1.19945,6.80,1.00
2008.11.27 03:24:51.712,1.1991,1.19945,6.80,1.00
2008.11.27 03:24:55.831,1.19915,1.1994,6.80,2.60
2008.11.27 03:24:55.991,1.19915,1.19935,6.80,1.00
2008.11.27 03:24:56.221,1.19905,1.19935,6.80,1.00
2008.11.27 03:24:56.731,1.1991,1.1994,6.80,1.00
2008.11.27 03:25:01.410,1.1991,1.1996,6.80,10.00
2008.11.27 03:25:14.317,1.199,1.19945,5.60,5.80
2008.11.27 03:25:14.607,1.19895,1.19945,7.00,13.80
2008.11.27 03:25:14.837,1.19895,1.19925,1.00,5.80
2008.11.27 03:25:15.057,1.19895,1.1992,1.00,5.80
2008.11.27 03:25:15.637,1.19895,1.19925,1.00,5.80
2008.11.27 03:25:17.936,1.19895,1.1991,1.00,5.80
2008.11.27 03:25:35.462,1.19895,1.19905,1.00,5.80
2008.11.27 03:25:35.921,1.19895,1.199,1.00,5.80
2008.11.27 03:25:37.991,1.19895,1.19905,1.00,5.80
2008.11.27 03:25:38.601,1.19895,1.1991,1.00,5.80
2008.11.27 03:25:39.361,1.19895,1.19905,1.00,5.80
2008.11.27 03:25:40.270,1.19895,1.1991,1.00,5.80
2008.11.27 03:25:48.469,1.19895,1.19905,1.00,5.80
2008.11.27 03:25:48.689,1.19895,1.199,1.00,5.80
2008.11.27 03:25:52.328,1.19855,1.19895,7.60,5.80
2008.11.27 03:25:58.486,1.19895,1.199,1.00,5.80
2008.11.27 03:26:04.105,1.19895,1.19905,1.00,5.80
2008.11.27 03:26:04.784,1.19895,1.199,1.00,5.80
2008.11.27 03:26:08.274,1.19895,1.19905,1.00,5.80
2008.11.27 03:26:12.653,1.19895,1.1991,1.00,5.80
2008.11.27 03:26:12.943,1.19895,1.19905,1.00,5.80
2008.11.27 03:26:13.682,1.19895,1.199,1.00,5.80
2008.11.27 03:26:14.602,1.19895,1.1991,1.00,5.80
2008.11.27 03:26:16.202,1.19895,1.1992,1.00,5.80
2008.11.27 03:26:16.522,1.19895,1.19925,1.00,12.80
2008.11.27 03:26:16.702,1.19895,1.19925,1.00,7.20
2008.11.27 03:27:01.039,1.1983,1.19856,4.80,6.20
2008.11.27 03:27:01.449,1.19833,1.19863,8.00,6.20
2008.11.27 03:27:01.729,1.19839,1.19864,8.00,6.20
2008.11.27 03:27:02.079,1.1984,1.1987,2.00,33.60
2008.11.27 03:27:02.309,1.19844,1.19869,8.00,6.20
2008.11.27 03:27:04.139,1.19847,1.19867,10.40,6.20
2008.11.27 03:27:10.837,1.19851,1.19861,8.00,6.20
2008.11.27 03:27:12.097,1.19846,1.19866,8.00,6.20
2008.11.27 03:27:12.717,1.19846,1.19866,2.00,8.00
2008.11.27 03:27:13.866,1.19848,1.19863,4.40,33.60
2008.11.27 03:27:14.766,1.19846,1.19866,8.00,14.20
2008.11.27 03:27:15.106,1.19843,1.19868,8.00,6.20
2008.11.27 03:27:15.856,1.19843,1.19873,8.00,6.20
2008.11.27 03:27:16.886,1.19847,1.19872,8.00,6.20
2008.11.27 03:27:17.776,1.1985,1.1987,8.00,6.20
2008.11.27 03:27:18.116,1.19851,1.19871,8.00,6.20
2008.11.27 03:27:18.865,1.19851,1.19871,8.00,6.20
2008.11.27 03:27:19.315,1.19847,1.19872,8.00,6.20
2008.11.27 03:27:19.665,1.19858,1.19863,8.00,6.20
2008.11.27 03:27:19.955,1.19854,1.19869,8.00,6.20
2008.11.27 03:27:24.224,1.19859,1.19869,8.00,6.20
2008.11.27 03:27:24.804,1.19861,1.19876,1.00,6.20
2008.11.27 03:27:25.494,1.19867,1.19882,8.00,6.20
2008.11.27 03:27:25.953,1.19875,1.19885,16.60,7.20
2008.11.27 03:27:31.612,1.19879,1.19884,8.00,6.20
2008.11.27 03:27:38.321,1.19872,1.19882,8.00,8.00
2008.11.27 03:27:38.610,1.19863,1.19878,8.00,14.20
2008.11.27 03:27:39.160,1.19861,1.19871,1.00,6.20
2008.11.27 03:27:39.500,1.19857,1.19872,8.00,6.20
2008.11.27 03:27:44.209,1.19845,1.1988,10.40,33.60
2008.11.27 03:27:44.609,1.19861,1.19866,16.60,7.20
2008.11.27 03:27:45.059,1.19857,1.19867,8.00,6.20
2008.11.27 03:27:45.408,1.19853,1.19868,8.00,14.20
2008.11.27 03:27:45.698,1.19844,1.19874,8.00,6.20
2008.11.27 03:27:45.989,1.19852,1.19867,8.00,6.20
2008.11.27 03:27:46.329,1.19851,1.19871,8.00,6.20
2008.11.27 03:27:46.829,1.19847,1.19877,8.00,6.20
2008.11.27 03:27:47.238,1.1985,1.1987,16.60,7.20
2008.11.27 03:27:49.488,1.19853,1.19863,8.00,6.20
2008.11.27 03:27:49.838,1.19848,1.19863,8.00,8.00
2008.11.27 03:27:50.348,1.1985,1.1986,16.60,6.20
2008.11.27 03:27:51.327,1.19849,1.19859,16.60,1.20
2008.11.27 03:27:51.667,1.19841,1.19866,8.00,6.20
2008.11.27 03:27:51.907,1.19847,1.19862,8.00,6.20
2008.11.27 03:27:52.777,1.19844,1.19869,2.00,8.00
2008.11.27 03:27:52.897,1.19853,1.19868,4.80,6.20
2008.11.27 03:27:57.776,1.1986,1.1987,8.00,6.20
2008.11.27 03:27:58.156,1.1987,1.19875,8.00,6.20
2008.11.27 03:27:58.666,1.19869,1.19884,8.00,6.20
2008.11.27 03:28:00.106,1.19823,1.19853,6.40,14.20
2008.11.27 03:28:00.526,1.19816,1.19856,6.40,14.20
2008.11.27 03:28:02.206,1.19821,1.19851,8.00,6.20
2008.11.27 03:28:02.436,1.19821,1.19851,8.00,6.20
2008.11.27 03:28:02.776,1.19823,1.19848,8.00,14.20
2008.11.27 03:28:03.015,1.19827,1.19842,8.00,10.20
2008.11.27 03:28:04.315,1.19816,1.19846,8.00,6.20
2008.11.27 03:28:04.725,1.19828,1.19833,8.00,6.20
2008.11.27 03:28:05.065,1.19821,1.19836,8.00,6.20
2008.11.27 03:28:05.524,1.19814,1.19839,8.00,6.20
2008.11.27 03:28:06.385,1.19804,1.19844,6.40,1.20
2008.11.27 03:28:07.844,1.19802,1.19842,8.00,6.20
2008.11.27 03:28:08.464,1.19802,1.19842,16.60,6.20
2008.11.27 03:28:10.593,1.19806,1.19841,10.40,6.20
2008.11.27 03:28:11.003,1.19808,1.19848,8.00,6.20
2008.11.27 03:28:12.693,1.19814,1.19849,8.00,6.20
2008.11.27 03:28:13.163,1.19816,1.19856,8.00,6.20
2008.11.27 03:28:13.343,1.19819,1.19859,1.00,6.20
2008.11.27 03:28:16.572,1.19825,1.1986,1.00,6.20
2008.11.27 03:28:17.442,1.19828,1.19858,8.00,6.20
2008.11.27 03:28:19.841,1.19829,1.19859,24.60,6.20
2008.11.27 03:28:20.201,1.19824,1.19864,24.60,6.20
2008.11.27 03:28:20.541,1.1982,1.19865,8.00,6.20
2008.11.27 03:28:20.881,1.19819,1.19864,1.00,6.20
2008.11.27 03:28:21.051,1.19817,1.19862,8.00,6.20
2008.11.27 03:28:21.231,1.19824,1.19849,4.80,1.20
2008.11.27 03:28:21.721,1.19817,1.19847,4.80,6.20
2008.11.27 03:28:21.951,1.1982,1.1984,16.60,7.20
2008.11.27 03:28:22.461,1.19816,1.19841,8.00,6.20
2008.11.27 03:28:22.880,1.19812,1.19847,8.00,6.20
2008.11.27 03:28:23.220,1.19814,1.19844,8.00,6.20
2008.11.27 03:28:23.630,1.19809,1.19844,8.00,6.20
2008.11.27 03:28:25.170,1.19805,1.1983,8.00,6.20
2008.11.27 03:28:26.090,1.19798,1.19818,24.60,6.20
2008.11.27 03:28:26.599,1.19799,1.19819,8.00,6.20
2008.11.27 03:28:26.820,1.19813,1.19833,8.00,6.20
2008.11.27 03:28:27.399,1.19828,1.19848,8.00,6.20
2008.11.27 03:28:27.799,1.19835,1.1986,8.00,6.20
2008.11.27 03:28:28.139,1.19849,1.19859,8.00,14.20
2008.11.27 03:28:28.469,1.19853,1.19863,8.00,14.20
2008.11.27 03:28:29.479,1.19847,1.19867,6.40,1.20
2008.11.27 03:28:29.829,1.19846,1.19866,8.00,14.20
2008.11.27 03:28:32.008,1.19841,1.19871,8.00,6.20
2008.11.27 03:28:32.488,1.19845,1.1987,4.40,33.60
2008.11.27 03:28:32.938,1.19845,1.1987,4.80,1.20
2008.11.27 03:28:33.398,1.19839,1.19869,8.00,8.00
2008.11.27 03:28:33.758,1.19831,1.19866,16.60,6.20
2008.11.27 03:28:34.038,1.19826,1.19856,2.00,33.60
2008.11.27 03:28:36.057,1.19824,1.19849,8.00,14.20
2008.11.27 03:28:37.497,1.1982,1.1985,4.80,6.20
2008.11.27 03:28:37.787,1.19824,1.19849,10.40,6.20
2008.11.27 03:28:38.077,1.19826,1.19856,16.60,6.20
2008.11.27 03:28:38.467,1.19835,1.19865,8.00,6.20
2008.11.27 03:28:43.266,1.19846,1.19881,8.00,14.20
2008.11.27 03:28:55.882,1.19854,1.19889,8.00,6.20
2008.11.27 03:29:00.111,1.19858,1.19893,8.00,6.20
2008.11.27 03:29:01.741,1.19854,1.19884,1.00,6.20
2008.11.27 03:29:03.301,1.19848,1.19883,8.00,6.20
2008.11.27 03:29:04.120,1.19849,1.19884,8.00,6.20
2008.11.27 03:29:04.581,1.19847,1.19887,8.00,6.20
2008.11.27 03:29:04.920,1.19848,1.19883,8.00,6.20
2008.11.27 03:29:06.220,1.19845,1.1989,12.80,14.20
2008.11.27 03:29:06.450,1.19846,1.19891,8.00,6.20
2008.11.27 03:29:06.960,1.1985,1.1989,8.00,14.20
2008.11.27 03:29:07.480,1.19852,1.19887,8.00,6.20
2008.11.27 03:29:07.880,1.19853,1.19883,14.40,15.20
2008.11.27 03:29:10.349,1.19854,1.19879,8.00,6.20
2008.11.27 03:29:12.394,1.19848,1.19883,8.00,6.20
2008.11.27 03:29:17.857,1.19853,1.19883,12.80,14.20
2008.11.27 03:29:18.037,1.19859,1.19879,8.00,33.60
2008.11.27 03:29:18.727,1.19847,1.19892,8.00,6.20
2008.11.27 03:29:19.127,1.19844,1.19894,8.00,6.20
2008.11.27 03:29:19.417,1.19863,1.19878,14.40,7.20
2008.11.27 03:29:21.706,1.1985,1.19895,8.00,6.20
2008.11.27 03:29:21.816,1.19869,1.19874,14.00,6.20
2008.11.27 03:29:22.056,1.19855,1.1988,8.00,6.20
2008.11.27 03:29:28.835,1.1985,1.19885,16.60,1.20
2008.11.27 03:29:33.953,1.19847,1.19887,8.00,6.20
2008.11.27 03:29:34.523,1.19843,1.19888,8.00,6.20
2008.11.27 03:29:34.913,1.19841,1.19886,8.00,14.20
2008.11.27 03:29:35.883,1.1984,1.19886,1.00,14.20
2008.11.27 03:29:40.092,1.19842,1.19887,8.00,6.20
2008.11.27 03:29:40.882,1.19843,1.19888,8.00,6.20
2008.11.27 03:29:46.150,1.19846,1.19881,2.00,33.60
2008.11.27 03:29:46.330,1.19849,1.19874,8.00,6.20
2008.11.27 03:29:47.040,1.19843,1.19878,3.60,7.60
2008.11.27 03:29:47.320,1.1985,1.19875,8.00,33.60
2008.11.27 03:29:47.990,1.19847,1.19882,1.00,6.20
2008.11.27 03:29:48.280,1.19847,1.19882,16.60,6.20
2008.11.27 03:29:48.900,1.19849,1.19879,8.00,8.00
2008.11.27 03:29:49.310,1.1985,1.1988,8.00,6.20
2008.11.27 03:29:52.999,1.19847,1.19882,8.00,6.20
2008.11.27 03:29:56.097,1.19851,1.19881,16.60,7.20
2008.11.27 03:29:57.197,1.19846,1.19891,8.00,6.20
2008.11.27 03:29:57.526,1.19854,1.19894,8.00,6.20
2008.11.27 03:29:57.878,1.19869,1.19884,8.00,6.20
2008.11.27 03:30:31.550,1.19895,1.19915,1.00,1.40
2008.11.27 03:30:32.190,1.19895,1.19905,1.00,1.40
2008.11.27 03:30:32.470,1.1986,1.19895,3.60,1.00
2008.11.27 03:30:34.919,1.1985,1.1989,6.80,1.00
2008.11.27 03:30:40.328,1.19855,1.1989,6.80,1.00
2008.11.27 03:30:42.227,1.1986,1.1989,6.80,1.00
2008.11.27 03:30:44.317,1.19855,1.1989,6.80,1.00
2008.11.27 03:30:47.526,1.1986,1.1989,6.80,1.00
2008.11.27 03:30:51.645,1.19855,1.1989,6.80,1.00
2008.11.27 03:31:16.679,1.1986,1.1989,6.80,1.00
2008.11.27 03:31:21.838,1.19855,1.1989,6.80,1.00
2008.11.27 03:32:38.080,1.1986,1.1989,6.80,1.00
2008.11.27 03:32:40.189,1.19855,1.1989,6.80,1.00
2008.11.27 03:32:51.266,1.1986,1.1989,6.80,1.00
2008.11.27 03:33:27.747,1.19865,1.1989,6.80,1.00
2008.11.27 03:33:34.826,1.1986,1.1989,6.80,1.00
2008.11.27 03:33:53.961,1.19865,1.1989,6.80,1.00
2008.11.27 03:34:25.943,1.1987,1.1989,6.80,1.00
2008.11.27 03:34:29.702,1.19865,1.1989,6.80,1.00
2008.11.27 03:34:43.369,1.1987,1.1989,6.80,1.00
2008.11.27 03:34:44.839,1.19875,1.1989,6.80,1.00
2008.11.27 03:34:45.009,1.19875,1.19895,6.80,1.00
2008.11.27 03:34:45.129,1.19875,1.199,6.80,1.20
2008.11.27 03:34:45.299,1.19875,1.19905,6.80,2.40
2008.11.27 03:34:45.589,1.19875,1.199,6.80,1.20
2008.11.27 03:34:47.818,1.1987,1.199,6.80,1.20
2008.11.27 03:35:06.584,1.19875,1.199,6.80,1.20
2008.11.27 03:35:28.858,1.19875,1.19905,6.80,2.40
2008.11.27 03:35:42.355,1.1987,1.19905,6.80,2.40
2008.11.27 03:35:54.292,1.19875,1.19905,6.80,2.40
2008.11.27 03:35:57.231,1.1987,1.19905,6.80,2.40
2008.11.27 03:35:57.581,1.19875,1.19905,6.80,2.40
2008.11.27 03:36:04.399,1.1987,1.19905,6.80,2.40
2008.11.27 03:36:04.729,1.19875,1.19905,6.80,2.40
2008.11.27 03:36:11.378,1.1987,1.19905,6.80,2.40
2008.11.27 03:36:14.697,1.19875,1.19905,6.80,2.40
2008.11.27 03:36:16.647,1.19875,1.19895,6.80,1.60
2008.11.27 03:36:17.326,1.19875,1.19895,6.80,2.60
2008.11.27 03:36:23.365,1.1987,1.19895,6.80,2.60
2008.11.27 03:36:23.695,1.19875,1.19895,6.80,2.60
2008.11.27 03:36:31.663,1.1987,1.19895,6.80,2.60
2008.11.27 03:36:31.843,1.19875,1.19895,6.80,2.60
2008.11.27 03:36:32.883,1.1987,1.19895,6.80,2.60
2008.11.27 03:36:38.141,1.1989,1.199,6.80,2.60
2008.11.27 03:36:38.421,1.1989,1.19905,6.80,2.60
2008.11.27 03:36:38.601,1.1989,1.19905,6.80,1.00
2008.11.27 03:36:38.761,1.1989,1.1991,6.80,2.60
2008.11.27 03:36:38.881,1.19895,1.1991,6.80,2.60
2008.11.27 03:36:39.171,1.19895,1.19915,6.80,2.60
2008.11.27 03:36:39.511,1.19905,1.1992,6.80,2.60
2008.11.27 03:36:40.191,1.19905,1.19925,6.80,2.60
2008.11.27 03:36:40.481,1.19915,1.19925,6.80,1.60
2008.11.27 03:36:40.761,1.19915,1.1993,6.80,2.60
2008.11.27 03:36:47.179,1.1992,1.1993,6.80,1.60
2008.11.27 03:36:47.299,1.1992,1.19935,6.80,2.60
2008.11.27 03:36:47.419,1.1993,1.19935,6.80,2.60
2008.11.27 03:36:51.458,1.1993,1.19935,6.80,1.60
2008.11.27 03:36:51.628,1.1993,1.19945,6.80,2.60
2008.11.27 03:36:51.738,1.1993,1.1995,6.80,2.60
2008.11.27 03:36:52.258,1.19935,1.1995,6.80,1.60
2008.11.27 03:36:52.418,1.19935,1.19955,6.80,2.60
2008.11.27 03:36:53.977,1.1993,1.19955,6.80,2.60
2008.11.27 03:36:54.667,1.1993,1.19945,6.80,2.60
2008.11.27 03:37:01.706,1.1993,1.19945,6.80,1.00
2008.11.27 03:37:01.876,1.1993,1.1995,6.80,2.60
2008.11.27 03:37:06.204,1.1993,1.19945,6.80,2.60
2008.11.27 03:37:33.128,1.1993,1.1995,6.80,2.60
2008.11.27 03:37:43.425,1.1993,1.1995,6.80,1.60
2008.11.27 03:37:43.945,1.1993,1.19955,6.80,1.00
2008.11.27 03:38:00.321,1.1993,1.1995,6.80,1.00
2008.11.27 03:38:01.751,1.1993,1.19955,6.80,1.00
2008.11.27 03:38:02.371,1.1993,1.1996,6.80,2.60
2008.11.27 03:38:02.431,1.1993,1.1996,6.80,1.00
2008.11.27 03:38:07.400,1.1993,1.1996,6.80,2.60
2008.11.27 03:38:07.510,1.1993,1.19955,6.80,1.00
2008.11.27 03:38:07.810,1.1993,1.1995,6.80,1.00
2008.11.27 03:38:08.699,1.1993,1.1996,6.80,1.00
2008.11.27 03:38:10.309,1.1993,1.1995,6.80,1.00
2008.11.27 03:38:10.479,1.1993,1.1995,6.80,2.60
2008.11.27 03:38:11.559,1.1993,1.1997,6.80,1.00
2008.11.27 03:38:13.198,1.1993,1.19955,6.80,1.60
2008.11.27 03:38:13.318,1.1993,1.1995,6.80,1.00
2008.11.27 03:38:13.428,1.1993,1.19955,6.80,1.00
2008.11.27 03:38:13.658,1.1993,1.1996,6.80,1.60
2008.11.27 03:38:13.778,1.1993,1.19975,6.80,1.20
2008.11.27 03:38:15.218,1.1993,1.1996,6.80,2.60
2008.11.27 03:38:15.508,1.1993,1.19975,9.60,1.40
2008.11.27 03:38:16.647,1.1993,1.19955,9.60,1.00
2008.11.27 03:38:16.828,1.1993,1.19955,6.80,1.00
2008.11.27 03:38:17.527,1.19935,1.1996,2.80,1.60
2008.11.27 03:38:17.647,1.1994,1.19975,6.80,1.00
2008.11.27 03:38:17.877,1.19935,1.19975,9.60,1.00
2008.11.27 03:38:18.167,1.19935,1.1996,9.60,1.00
2008.11.27 03:38:18.347,1.19935,1.1996,6.80,2.60
2008.11.27 03:38:18.777,1.1993,1.1996,6.80,2.60
2008.11.27 03:38:19.007,1.1993,1.19955,6.80,1.00
2008.11.27 03:38:20.537,1.1994,1.1995,6.80,1.00
2008.11.27 03:38:20.826,1.1994,1.1997,6.80,2.60
2008.11.27 03:38:21.006,1.1992,1.1997,15.20,2.60
2008.11.27 03:38:21.128,1.1992,1.1997,11.80,2.60
2008.11.27 03:38:21.246,1.1992,1.19945,6.80,1.00
2008.11.27 03:38:21.426,1.1991,1.19945,12.40,1.00
2008.11.27 03:38:21.546,1.1991,1.19945,6.80,1.00
2008.11.27 03:38:21.666,1.1991,1.1995,6.80,2.60
2008.11.27 03:38:21.826,1.19915,1.19955,6.80,2.60
2008.11.27 03:38:21.946,1.19915,1.19955,6.80,1.00
2008.11.27 03:38:22.296,1.1993,1.19945,6.80,1.00
2008.11.27 03:38:22.926,1.1993,1.1995,6.80,1.00
2008.11.27 03:38:23.146,1.1994,1.1995,6.80,1.00
2008.11.27 03:38:25.355,1.1994,1.1995,9.60,1.00
2008.11.27 03:38:25.475,1.1994,1.1999,9.60,9.00
2008.11.27 03:38:25.655,1.1994,1.1996,9.60,1.00
2008.11.27 03:38:25.885,1.1994,1.1996,6.80,1.00
2008.11.27 03:38:28.165,1.1994,1.1997,6.80,1.00
2008.11.27 03:38:29.195,1.1994,1.19965,6.80,1.00
2008.11.27 03:38:29.434,1.19935,1.1996,6.80,1.00
2008.11.27 03:38:29.724,1.19935,1.1995,6.80,1.60
2008.11.27 03:38:30.054,1.19935,1.19945,6.80,1.00
2008.11.27 03:38:30.414,1.1993,1.19945,6.80,1.00
2008.11.27 03:38:30.654,1.1993,1.1998,6.80,1.20
2008.11.27 03:38:31.184,1.1993,1.19955,6.80,1.00
2008.11.27 03:38:32.604,1.1993,1.1995,6.80,1.60
2008.11.27 03:38:32.774,1.1993,1.19985,6.80,8.40
2008.11.27 03:38:32.953,1.1993,1.1998,9.60,1.40
2008.11.27 03:38:33.013,1.1993,1.19955,6.80,1.00
2008.11.27 03:38:36.053,1.1993,1.19965,6.80,1.00
2008.11.27 03:38:37.682,1.1993,1.1995,6.80,1.00
2008.11.27 03:38:37.863,1.1993,1.1997,6.80,1.00
2008.11.27 03:38:39.692,1.1993,1.1995,6.80,1.00
2008.11.27 03:38:39.872,1.1993,1.1998,6.80,1.20
2008.11.27 03:38:42.781,1.1993,1.19955,6.80,1.00
2008.11.27 03:38:43.291,1.1993,1.19985,6.80,8.40
2008.11.27 03:38:43.411,1.1993,1.1998,9.60,1.40
2008.11.27 03:38:44.841,1.1993,1.19955,6.80,1.00
2008.11.27 03:38:45.181,1.1993,1.19985,6.80,7.20
2008.11.27 03:38:45.300,1.1994,1.1998,6.80,1.00
2008.11.27 03:38:45.640,1.19935,1.1998,6.80,1.00
2008.11.27 03:38:45.801,1.19935,1.1996,6.80,1.60
2008.11.27 03:38:45.911,1.19935,1.19955,6.80,1.00
2008.11.27 03:38:46.150,1.1993,1.19945,6.80,1.00
2008.11.27 03:38:49.200,1.1993,1.1995,6.80,1.60
2008.11.27 03:38:49.839,1.1993,1.1996,6.80,1.00
2008.11.27 03:38:51.829,1.1993,1.1998,6.80,8.40
2008.11.27 03:38:54.358,1.1993,1.19965,6.80,1.00
2008.11.27 03:38:55.258,1.1993,1.1998,6.80,7.20
2008.11.27 03:38:58.267,1.1993,1.19965,6.80,1.00
2008.11.27 03:38:59.297,1.1993,1.1997,9.60,1.40
2008.11.27 03:39:01.367,1.1993,1.1996,6.80,1.00
2008.11.27 03:39:04.546,1.1993,1.1998,6.80,8.40
2008.11.27 03:39:06.245,1.1993,1.19965,6.80,1.00
2008.11.27 03:39:06.525,1.1993,1.19975,6.80,7.20
2008.11.27 03:39:08.365,1.1993,1.19965,6.80,1.00
2008.11.27 03:39:08.535,1.19935,1.1998,2.80,7.20
2008.11.27 03:39:08.885,1.1994,1.19975,6.80,1.00
2008.11.27 03:39:08.945,1.1994,1.1998,6.80,1.40
2008.11.27 03:39:09.055,1.19935,1.1998,9.60,1.40
2008.11.27 03:39:09.615,1.19935,1.1997,9.60,1.00
2008.11.27 03:39:09.955,1.1993,1.1997,6.80,1.20
2008.11.27 03:39:10.184,1.1993,1.1996,6.80,1.00
2008.11.27 03:39:14.584,1.1993,1.1998,6.80,7.20
2008.11.27 03:39:15.293,1.1993,1.19965,6.80,1.00
2008.11.27 03:39:16.413,1.1993,1.1998,6.80,7.20
2008.11.27 03:39:18.153,1.1993,1.1997,6.80,1.20
2008.11.27 03:39:18.562,1.1993,1.19975,6.80,8.80
2008.11.27 03:39:18.682,1.1993,1.1997,9.60,1.40
2008.11.27 03:39:20.222,1.1993,1.19965,6.80,1.00
2008.11.27 03:39:20.452,1.19935,1.19975,2.80,7.20
2008.11.27 03:39:20.562,1.1994,1.1997,6.80,1.00
2008.11.27 03:39:20.792,1.19935,1.1997,9.60,1.00
2008.11.27 03:39:21.072,1.19935,1.19975,9.60,1.40
2008.11.27 03:39:21.132,1.19935,1.1997,9.60,1.00
2008.11.27 03:39:21.302,1.1993,1.1997,6.80,1.20
2008.11.27 03:39:21.582,1.1993,1.1997,6.80,2.60
2008.11.27 03:39:21.742,1.1993,1.1996,6.80,1.00
2008.11.27 03:39:23.571,1.1994,1.1996,6.80,1.00
2008.11.27 03:39:23.691,1.1994,1.1997,6.80,2.60
2008.11.27 03:39:23.801,1.1994,1.1997,6.80,1.40
2008.11.27 03:39:24.451,1.1994,1.1996,6.80,1.00
2008.11.27 03:39:24.981,1.1994,1.1995,6.80,1.60
2008.11.27 03:39:25.851,1.1994,1.19945,6.80,1.00
2008.11.27 03:39:26.421,1.1993,1.19945,12.40,1.00
2008.11.27 03:39:26.650,1.1993,1.19945,6.80,1.00
2008.11.27 03:39:29.590,1.1992,1.19945,6.80,1.00
2008.11.27 03:39:42.417,1.19915,1.19945,6.80,1.00
2008.11.27 03:39:42.706,1.19915,1.19965,6.80,7.00
2008.11.27 03:39:44.626,1.19915,1.1996,9.60,7.00
2008.11.27 03:39:44.846,1.19915,1.1996,9.60,5.80
2008.11.27 03:39:45.076,1.19925,1.19965,6.80,5.80
2008.11.27 03:39:45.246,1.1992,1.19965,6.80,5.80
2008.11.27 03:39:46.886,1.1992,1.1995,6.80,1.00
2008.11.27 03:39:47.286,1.1993,1.19965,2.80,5.80
2008.11.27 03:39:47.456,1.19935,1.19975,6.80,1.00
2008.11.27 03:39:47.565,1.1993,1.19975,9.60,1.00
2008.11.27 03:39:47.895,1.1993,1.1998,9.60,1.40
2008.11.27 03:39:49.615,1.19935,1.1996,9.60,1.00
2008.11.27 03:39:49.735,1.19925,1.1996,6.80,1.00
2008.11.27 03:39:50.205,1.19925,1.1996,6.80,2.60
2008.11.27 03:39:50.495,1.1992,1.1996,6.80,2.60
2008.11.27 03:39:51.065,1.19925,1.1995,6.80,2.60
2008.11.27 03:39:51.345,1.19915,1.1994,12.40,1.00
2008.11.27 03:39:51.624,1.19915,1.1994,6.80,1.00
2008.11.27 03:39:54.804,1.19915,1.19925,6.80,1.00
2008.11.27 03:39:54.984,1.19915,1.19935,6.80,1.00
2008.11.27 03:39:55.204,1.1992,1.19935,6.80,1.00
2008.11.27 03:39:55.384,1.19925,1.19945,6.80,1.00
2008.11.27 03:40:01.022,1.19925,1.19945,6.80,2.60
2008.11.27 03:40:03.002,1.19925,1.19945,6.80,1.00
2008.11.27 03:40:03.242,1.19925,1.1995,6.80,1.00
2008.11.27 03:40:03.412,1.19925,1.19945,6.80,1.00
2008.11.27 03:40:04.121,1.19925,1.1995,6.80,1.00
2008.11.27 03:40:05.841,1.19935,1.1995,6.80,1.00
2008.11.27 03:40:06.021,1.19935,1.19955,6.80,1.00
2008.11.27 03:40:06.421,1.19935,1.1996,6.80,2.60
2008.11.27 03:40:07.501,1.19935,1.19955,6.80,1.00
2008.11.27 03:40:12.559,1.19935,1.19965,6.80,1.00
2008.11.27 03:40:15.069,1.19935,1.19955,6.80,1.00
2008.11.27 03:40:15.309,1.19935,1.19955,6.80,2.60
2008.11.27 03:40:15.479,1.19935,1.19975,6.80,1.00
2008.11.27 03:40:18.028,1.19935,1.19955,6.80,2.60
2008.11.27 03:40:18.258,1.19935,1.19955,6.80,1.00
2008.11.27 03:40:19.468,1.1993,1.19955,6.80,1.00
2008.11.27 03:40:19.768,1.1993,1.1995,6.80,1.00
2008.11.27 03:40:20.048,1.1993,1.19955,6.80,1.00
2008.11.27 03:40:24.876,1.19935,1.19955,6.80,2.60
2008.11.27 03:40:25.106,1.19935,1.19955,6.80,1.00
2008.11.27 03:40:25.327,1.19945,1.19955,6.80,1.00
2008.11.27 03:40:25.496,1.19935,1.19955,6.80,1.00
2008.11.27 03:40:25.836,1.19935,1.1996,6.80,1.00
2008.11.27 03:40:27.716,1.1994,1.1996,6.80,1.00
2008.11.27 03:40:31.515,1.1994,1.1997,6.80,1.00
2008.11.27 03:40:32.674,1.1994,1.19975,6.80,1.60
2008.11.27 03:40:32.725,1.1994,1.1998,6.80,1.00
2008.11.27 03:40:34.634,1.1995,1.1998,6.80,1.00
2008.11.27 03:40:34.964,1.19945,1.1998,6.80,1.00
2008.11.27 03:40:37.763,1.1994,1.1998,6.80,1.00
2008.11.27 03:40:38.274,1.19945,1.1998,6.80,1.00
2008.11.27 03:40:39.973,1.1994,1.1998,6.80,1.00
2008.11.27 03:40:40.143,1.1994,1.19985,6.80,7.40
2008.11.27 03:40:40.363,1.19945,1.1999,6.80,23.00
2008.11.27 03:40:49.911,1.19945,1.19985,6.80,5.80
2008.11.27 03:40:50.250,1.1994,1.19985,6.80,5.80
2008.11.27 03:40:50.850,1.19945,1.19985,6.80,5.80
2008.11.27 03:40:52.120,1.1994,1.19985,6.80,5.80
2008.11.27 03:40:52.700,1.19945,1.19985,6.80,5.80
2008.11.27 03:41:00.868,1.19945,1.1999,6.80,21.80
2008.11.27 03:41:02.237,1.19945,1.1998,6.80,1.00
2008.11.27 03:41:02.347,1.1995,1.1998,2.80,1.00
2008.11.27 03:41:02.517,1.1995,1.1998,9.60,1.00
2008.11.27 03:41:02.697,1.1995,1.1999,9.60,17.00
2008.11.27 03:41:07.736,1.19945,1.1999,6.80,21.80
2008.11.27 03:41:08.196,1.19945,1.19985,6.80,1.00
2008.11.27 03:41:08.416,1.1995,1.19985,6.80,1.00
2008.11.27 03:41:08.696,1.19945,1.19985,6.80,1.00
2008.11.27 03:41:08.816,1.19955,1.19985,6.80,1.00
2008.11.27 03:41:12.565,1.1996,1.19985,6.80,1.00
2008.11.27 03:41:13.215,1.19955,1.19985,6.80,1.00
2008.11.27 03:41:13.395,1.19955,1.1999,6.80,17.00
2008.11.27 03:41:13.875,1.19955,1.19985,6.80,1.00
2008.11.27 03:41:15.404,1.1996,1.19985,6.80,1.00
2008.11.27 03:41:15.634,1.19965,1.1999,6.80,17.00
2008.11.27 03:41:17.204,1.19955,1.1999,6.80,17.00
2008.11.27 03:41:17.434,1.19955,1.1999,6.80,18.60
2008.11.27 03:41:17.654,1.19955,1.19985,6.80,1.00
2008.11.27 03:41:18.423,1.19955,1.1998,6.80,1.00
2008.11.27 03:41:26.302,1.1996,1.1998,6.80,1.00
2008.11.27 03:41:26.422,1.1996,1.19985,6.80,2.60
2008.11.27 03:41:26.721,1.1996,1.19985,6.80,1.00
2008.11.27 03:41:27.081,1.19955,1.19985,6.80,1.00
2008.11.27 03:41:27.311,1.1996,1.19985,6.80,1.00
2008.11.27 03:41:30.221,1.1996,1.1999,6.80,16.20
2008.11.27 03:41:30.381,1.1996,1.1999,6.80,17.00
2008.11.27 03:41:34.720,1.1996,1.1999,6.80,18.20
2008.11.27 03:41:34.940,1.1996,1.1999,6.80,17.00
2008.11.27 03:41:35.179,1.1996,1.1999,6.80,16.20
2008.11.27 03:41:35.739,1.1996,1.1999,6.80,16.00
2008.11.27 03:42:15.120,1.19955,1.1999,9.60,16.00
2008.11.27 03:42:16.440,1.19955,1.19975,6.80,1.00
2008.11.27 03:42:20.939,1.1996,1.1997,6.80,1.00
2008.11.27 03:42:26.457,1.19955,1.1997,6.80,1.00
2008.11.27 03:42:26.977,1.1995,1.1997,6.80,1.00
2008.11.27 03:42:29.626,1.19955,1.1997,6.80,1.00
2008.11.27 03:42:31.906,1.19955,1.19975,6.80,1.00
2008.11.27 03:42:34.235,1.1996,1.19975,6.80,1.00
2008.11.27 03:42:34.745,1.1996,1.1997,6.80,1.00
2008.11.27 03:42:34.915,1.19955,1.1997,6.80,1.00
2008.11.27 03:42:35.315,1.19955,1.1997,6.80,2.60
2008.11.27 03:42:37.254,1.1996,1.1997,6.80,2.60
2008.11.27 03:42:40.903,1.1996,1.19965,6.80,1.00
2008.11.27 03:42:41.194,1.1996,1.19965,6.80,2.60
2008.11.27 03:42:44.343,1.19965,1.1999,6.80,10.60
2008.11.27 03:42:44.703,1.1996,1.19965,6.80,2.60
2008.11.27 03:42:49.431,1.1996,1.1997,6.80,2.60
2008.11.27 03:42:49.592,1.19975,1.20025,6.80,2.40
2008.11.27 03:42:49.762,1.19975,1.19995,6.80,1.00
2008.11.27 03:42:49.931,1.1996,1.19995,5.60,2.60
2008.11.27 03:42:50.391,1.1996,1.19995,5.60,1.00
2008.11.27 03:42:50.671,1.1996,1.1998,5.60,2.60
2008.11.27 03:42:52.561,1.19965,1.1998,5.60,1.60
2008.11.27 03:42:52.671,1.1998,1.20025,17.60,1.60
2008.11.27 03:42:52.831,1.19985,1.20025,2.80,1.60
2008.11.27 03:42:52.941,1.19985,1.2004,9.60,1.60
2008.11.27 03:42:53.341,1.19985,1.20045,9.60,5.40
2008.11.27 03:42:53.680,1.2,1.2004,9.60,4.60
2008.11.27 03:42:54.120,1.2,1.2004,6.80,1.20
2008.11.27 03:42:54.410,1.2,1.2004,9.60,2.20
2008.11.27 03:42:54.650,1.2,1.2004,9.60,3.80
2008.11.27 03:42:55.250,1.2,1.20035,9.60,1.60
2008.11.27 03:42:55.470,1.19995,1.20025,6.80,2.60
2008.11.27 03:43:01.759,1.2,1.2002,6.80,2.60
2008.11.27 03:43:02.378,1.19995,1.2002,6.80,2.60
2008.11.27 03:43:05.148,1.19995,1.20015,6.80,2.60
2008.11.27 03:43:05.548,1.19985,1.20015,6.80,2.60
2008.11.27 03:43:05.718,1.1998,1.20015,6.80,2.60
2008.11.27 03:43:06.048,1.19975,1.20015,6.80,2.60
2008.11.27 03:43:08.547,1.19975,1.20015,6.80,8.60
2008.11.27 03:43:09.087,1.19975,1.2001,6.80,2.60
2008.11.27 03:43:09.387,1.19975,1.2,6.80,2.60
2008.11.27 03:43:11.176,1.19975,1.19995,6.80,1.00
2008.11.27 03:43:11.466,1.19975,1.19995,6.80,1.60
2008.11.27 03:43:11.756,1.1997,1.2002,6.80,8.60
2008.11.27 03:43:12.267,1.19975,1.2002,6.80,2.60
2008.11.27 03:43:13.436,1.19975,1.2002,6.80,8.60
2008.11.27 03:43:15.625,1.19975,1.2002,11.60,7.00
2008.11.27 03:43:15.965,1.19975,1.2002,19.60,5.80
2008.11.27 03:43:16.245,1.19985,1.2002,6.80,2.60
2008.11.27 03:43:16.415,1.1998,1.2002,6.80,2.60
2008.11.27 03:43:16.695,1.19975,1.2002,6.80,8.60
2008.11.27 03:43:17.445,1.19985,1.2002,6.80,2.60
2008.11.27 03:43:17.865,1.19995,1.2002,2.80,2.60
2008.11.27 03:43:18.205,1.19995,1.2002,9.60,1.00
2008.11.27 03:43:19.414,1.19995,1.20025,6.80,2.80
2008.11.27 03:43:19.594,1.1999,1.20025,9.60,2.80
2008.11.27 03:43:19.934,1.19985,1.2002,6.80,2.60
2008.11.27 03:43:20.324,1.20005,1.2002,2.80,2.60
2008.11.27 03:43:20.734,1.19975,1.20005,6.80,2.60
2008.11.27 03:43:20.974,1.1999,1.20005,5.60,2.60
2008.11.27 03:43:21.214,1.1996,1.20005,6.80,2.60
2008.11.27 03:43:22.043,1.19965,1.1999,6.80,2.60
2008.11.27 03:43:22.623,1.1998,1.1999,6.80,2.60
2008.11.27 03:43:23.203,1.19975,1.1998,6.80,2.60
2008.11.27 03:43:23.833,1.1998,1.2002,6.80,3.80
2008.11.27 03:43:24.123,1.19975,1.1998,6.80,2.60
2008.11.27 03:43:27.862,1.19975,1.1998,6.80,1.60
2008.11.27 03:43:28.032,1.19975,1.20015,6.80,2.60
2008.11.27 03:43:30.672,1.1997,1.20005,9.60,2.60
2008.11.27 03:43:31.861,1.19975,1.2001,12.80,1.40
2008.11.27 03:43:32.091,1.19975,1.20005,5.60,2.60
2008.11.27 03:43:32.481,1.19975,1.20005,6.80,2.60
2008.11.27 03:43:32.881,1.1997,1.20005,11.20,2.60
2008.11.27 03:43:33.121,1.1997,1.1999,11.20,1.00
2008.11.27 03:43:33.361,1.1997,1.1999,8.40,2.60
2008.11.27 03:43:33.601,1.1997,1.1999,1.60,2.60
2008.11.27 03:43:35.950,1.1997,1.1998,1.60,2.60
2008.11.27 03:43:36.330,1.1997,1.19975,1.60,2.60
2008.11.27 03:43:36.720,1.1997,1.19995,1.60,2.60
2008.11.27 03:43:37.280,1.1997,1.19975,1.60,1.60
2008.11.27 03:43:37.330,1.1997,1.19975,1.60,2.60
2008.11.27 03:43:38.989,1.1995,1.1997,6.80,2.60
2008.11.27 03:43:39.569,1.1995,1.19965,6.80,2.60
2008.11.27 03:43:41.579,1.19955,1.1996,6.80,1.60
2008.11.27 03:43:41.859,1.19935,1.1995,12.40,2.60
2008.11.27 03:43:42.089,1.19935,1.1995,6.80,2.60
2008.11.27 03:43:42.319,1.19935,1.1995,6.80,1.60
2008.11.27 03:43:42.429,1.19935,1.1997,6.80,2.60
2008.11.27 03:43:43.919,1.19945,1.19965,6.80,1.00
2008.11.27 03:43:44.198,1.19945,1.1997,6.80,2.60
2008.11.27 03:43:44.378,1.19955,1.19995,2.80,2.40
2008.11.27 03:43:44.538,1.19955,1.2,2.80,7.00
2008.11.27 03:43:44.878,1.1996,1.20005,9.60,1.00
2008.11.27 03:43:45.219,1.1996,1.2001,9.60,3.80
2008.11.27 03:43:47.688,1.19965,1.20005,9.60,2.60
2008.11.27 03:43:47.747,1.19965,1.20005,6.80,2.60
2008.11.27 03:43:47.808,1.19965,1.20005,6.80,1.40
2008.11.27 03:43:48.037,1.19965,1.20005,6.80,7.00
2008.11.27 03:43:48.787,1.19955,1.2,6.80,5.80
2008.11.27 03:44:13.691,1.19955,1.19975,6.80,1.00
2008.11.27 03:44:13.811,1.1995,1.19975,6.80,1.00
2008.11.27 03:44:14.091,1.1995,1.1998,6.80,1.00
2008.11.27 03:44:14.881,1.1995,1.19965,6.80,1.00
2008.11.27 03:44:15.651,1.1994,1.19955,6.80,1.00
2008.11.27 03:44:15.891,1.1994,1.1996,6.80,1.00
2008.11.27 03:44:16.310,1.1994,1.19965,6.80,2.60
2008.11.27 03:44:16.690,1.1995,1.1996,6.80,1.00
2008.11.27 03:44:17.030,1.1994,1.1996,6.80,1.00
2008.11.27 03:44:17.550,1.19935,1.1996,6.80,1.00
2008.11.27 03:44:17.940,1.1994,1.1996,6.80,1.00
2008.11.27 03:44:18.300,1.19935,1.1996,6.80,1.00
2008.11.27 03:44:22.069,1.19935,1.19965,6.80,1.00
2008.11.27 03:44:24.919,1.19935,1.19955,6.80,1.00
2008.11.27 03:44:25.028,1.1993,1.19955,6.80,1.00
2008.11.27 03:44:26.608,1.19935,1.19955,6.80,1.00
2008.11.27 03:44:26.898,1.1993,1.19955,6.80,1.00
2008.11.27 03:44:27.068,1.1993,1.1996,6.80,1.00
2008.11.27 03:44:27.298,1.1993,1.1995,6.80,1.00
2008.11.27 03:44:27.758,1.19925,1.1995,6.80,1.00
2008.11.27 03:44:28.508,1.1992,1.1995,6.80,1.00
2008.11.27 03:44:29.397,1.1993,1.19945,6.80,1.00
2008.11.27 03:44:29.747,1.1992,1.1994,6.80,1.00
2008.11.27 03:44:31.027,1.19915,1.1994,6.80,1.00
2008.11.27 03:44:32.177,1.1992,1.1994,6.80,1.00
2008.11.27 03:44:35.756,1.1992,1.1994,6.80,2.60
2008.11.27 03:44:35.996,1.1992,1.19935,6.80,1.00
2008.11.27 03:44:43.074,1.1992,1.1994,6.80,1.00
2008.11.27 03:44:46.123,1.19925,1.1994,6.80,1.00
2008.11.27 03:44:46.803,1.1993,1.1994,6.80,1.00
2008.11.27 03:44:51.152,1.19935,1.19945,6.80,1.00
2008.11.27 03:44:51.672,1.19945,1.1995,6.80,1.00
2008.11.27 03:44:51.952,1.19945,1.1996,6.80,1.00
2008.11.27 03:44:52.582,1.1995,1.19965,6.80,1.00
2008.11.27 03:44:53.272,1.1995,1.19965,6.80,1.00
2008.11.27 03:44:54.891,1.1995,1.19965,6.80,2.60
2008.11.27 03:44:55.061,1.19945,1.1996,6.80,1.00
2008.11.27 03:44:55.241,1.1994,1.1996,6.80,1.00
2008.11.27 03:44:55.521,1.1994,1.19965,6.80,1.00
2008.11.27 03:44:55.751,1.19945,1.19965,6.80,1.00
2008.11.27 03:44:56.201,1.1994,1.19965,6.80,1.00
2008.11.27 03:44:57.780,1.1994,1.19985,6.80,1.20
2008.11.27 03:44:58.400,1.1994,1.19965,6.80,1.60
2008.11.27 03:44:58.690,1.1994,1.19975,6.80,1.00
2008.11.27 03:44:58.810,1.1994,1.1998,6.80,1.00
2008.11.27 03:45:02.359,1.1993,1.1997,6.80,1.00
2008.11.27 03:45:02.719,1.1993,1.19975,6.80,5.80
2008.11.27 03:45:02.899,1.1993,1.19965,6.80,1.00
2008.11.27 03:45:03.919,1.1993,1.1997,6.80,1.00
2008.11.27 03:45:07.198,1.19925,1.1997,6.80,7.00
2008.11.27 03:45:15.496,1.1993,1.1997,6.80,1.00
2008.11.27 03:45:17.836,1.19925,1.1997,6.80,7.00
2008.11.27 03:45:23.914,1.19925,1.19965,6.80,5.80
2008.11.27 03:45:24.314,1.19925,1.1997,6.80,7.00
2008.11.27 03:45:24.644,1.19925,1.19965,6.80,1.00
2008.11.27 03:45:26.843,1.19915,1.1996,6.80,5.80
2008.11.27 03:45:27.133,1.19915,1.1996,6.80,7.00
2008.11.27 03:45:27.354,1.19915,1.19955,6.80,1.00
2008.11.27 03:45:27.963,1.19915,1.1996,6.80,8.60
2008.11.27 03:45:28.183,1.19915,1.1996,6.80,7.00
2008.11.27 03:45:28.743,1.1991,1.19955,6.80,5.80
2008.11.27 03:45:29.443,1.1992,1.19965,6.80,5.80
2008.11.27 03:45:29.793,1.1992,1.1995,6.80,1.00
2008.11.27 03:45:30.093,1.1991,1.19945,6.80,1.00
2008.11.27 03:45:31.572,1.19905,1.1994,6.80,1.00
2008.11.27 03:45:32.382,1.1991,1.1994,6.80,1.00
2008.11.27 03:45:33.012,1.19905,1.1994,6.80,1.00
2008.11.27 03:45:36.261,1.199,1.19935,6.80,1.00
2008.11.27 03:45:36.841,1.1989,1.1993,12.40,1.00
2008.11.27 03:45:37.061,1.1989,1.1993,6.80,1.00
2008.11.27 03:45:38.210,1.1989,1.19925,6.80,1.00
2008.11.27 03:45:38.830,1.19895,1.19925,6.80,1.00
2008.11.27 03:45:40.790,1.19895,1.1992,6.80,1.00
2008.11.27 03:45:41.150,1.1989,1.1992,6.80,1.00
2008.11.27 03:45:42.180,1.19885,1.1992,6.80,1.00
2008.11.27 03:45:42.700,1.19885,1.1992,6.80,2.60
2008.11.27 03:45:42.879,1.19885,1.19915,6.80,1.00
2008.11.27 03:45:43.040,1.1989,1.19915,6.80,1.00
2008.11.27 03:45:43.379,1.1989,1.1992,6.80,1.00
2008.11.27 03:45:43.730,1.19895,1.1992,6.80,1.00
2008.11.27 03:45:44.589,1.199,1.1992,6.80,1.00
2008.11.27 03:45:44.929,1.1989,1.1992,6.80,1.00
2008.11.27 03:45:46.069,1.1989,1.19925,6.80,1.00
2008.11.27 03:45:46.588,1.1989,1.19925,6.80,2.60
2008.11.27 03:45:51.387,1.1989,1.1992,6.80,1.00
2008.11.27 03:45:54.957,1.19885,1.19915,6.80,1.00
2008.11.27 03:45:58.766,1.1989,1.19915,6.80,1.00
2008.11.27 03:45:59.686,1.19885,1.19915,6.80,1.00
2008.11.27 03:46:01.655,1.1989,1.19915,6.80,1.00
2008.11.27 03:46:02.275,1.1989,1.19905,6.80,1.00
2008.11.27 03:46:02.565,1.1987,1.19905,5.60,1.40
2008.11.27 03:46:02.805,1.19865,1.199,6.80,1.00
2008.11.27 03:46:09.643,1.19875,1.199,6.80,1.00
2008.11.27 03:46:12.063,1.1988,1.199,6.80,1.00
2008.11.27 03:46:35.717,1.1988,1.199,6.80,1.20
2008.11.27 03:46:35.897,1.1988,1.199,6.80,2.60
2008.11.27 03:46:37.306,1.19875,1.199,6.80,2.60
2008.11.27 03:46:55.902,1.1988,1.19905,6.80,2.60
2008.11.27 03:46:56.072,1.1989,1.19905,6.80,1.00
2008.11.27 03:46:56.372,1.1989,1.1991,6.80,2.60
2008.11.27 03:46:56.921,1.19895,1.1991,6.80,2.60
2008.11.27 03:46:58.431,1.199,1.1991,6.80,2.60
2008.11.27 03:46:58.791,1.19905,1.19915,6.80,2.60
2008.11.27 03:46:59.151,1.19915,1.19925,6.80,2.60
2008.11.27 03:46:59.601,1.1992,1.1993,6.80,2.60
2008.11.27 03:46:59.721,1.1992,1.1993,6.80,1.60
2008.11.27 03:46:59.901,1.19925,1.19935,6.80,2.60
2008.11.27 03:47:00.381,1.1993,1.1994,6.80,2.60
2008.11.27 03:47:00.731,1.19935,1.19945,6.80,2.60
2008.11.27 03:47:01.020,1.1994,1.1995,6.80,2.60
2008.11.27 03:47:02.640,1.19935,1.1995,6.80,2.60
2008.11.27 03:47:02.821,1.19935,1.19955,6.80,2.60
2008.11.27 03:47:03.100,1.1993,1.19955,6.80,2.60
2008.11.27 03:47:03.210,1.1993,1.1996,6.80,2.60
2008.11.27 03:47:03.560,1.19925,1.1996,6.80,2.60
2008.11.27 03:47:05.459,1.19935,1.1996,6.80,2.60
2008.11.27 03:47:05.619,1.19935,1.19965,6.80,2.60
2008.11.27 03:47:13.927,1.19935,1.1997,6.80,2.60
2008.11.27 03:47:14.267,1.19935,1.1997,6.80,1.00
2008.11.27 03:47:14.327,1.19935,1.19975,6.80,2.60
2008.11.27 03:47:17.107,1.19945,1.19975,6.80,2.60
2008.11.27 03:47:17.397,1.1993,1.1998,19.60,5.80
2008.11.27 03:47:18.147,1.19935,1.1998,6.80,2.60
2008.11.27 03:47:18.726,1.1994,1.19985,19.60,8.60
2008.11.27 03:47:20.176,1.1994,1.19985,11.60,8.60
2008.11.27 03:47:20.296,1.1994,1.19985,6.80,8.60
2008.11.27 03:47:20.766,1.1994,1.19985,19.60,5.80
2008.11.27 03:47:21.466,1.1995,1.1999,6.80,2.60
2008.11.27 03:47:21.826,1.1995,1.1999,6.80,1.60
2008.11.27 03:47:22.005,1.1995,1.19995,6.80,8.60
2008.11.27 03:47:23.325,1.1995,1.19995,11.60,7.00
2008.11.27 03:47:23.485,1.1995,1.19995,19.60,5.80
2008.11.27 03:47:29.744,1.1995,1.19985,12.80,5.80
2008.11.27 03:47:31.133,1.1995,1.19995,19.60,5.80
2008.11.27 03:47:35.652,1.1995,1.19995,19.60,7.00
2008.11.27 03:47:35.772,1.1995,1.19995,19.60,8.60
2008.11.27 03:47:36.232,1.1995,1.19995,6.80,8.60
2008.11.27 03:47:46.029,1.1995,1.19985,6.80,1.00
2008.11.27 03:47:46.260,1.1995,1.19985,6.80,2.60
2008.11.27 03:47:48.899,1.19945,1.19985,6.80,8.60
2008.11.27 03:47:49.469,1.1994,1.19985,19.60,8.60
2008.11.27 03:47:49.939,1.1994,1.1998,12.80,5.80
2008.11.27 03:47:50.798,1.1994,1.1998,4.80,5.80
2008.11.27 03:47:51.148,1.19935,1.1998,19.60,5.80
2008.11.27 03:47:52.028,1.19935,1.1997,12.80,5.80
2008.11.27 03:47:54.088,1.19935,1.19975,12.80,5.80
2008.11.27 03:47:55.667,1.19935,1.1998,19.60,5.80
2008.11.27 03:47:59.327,1.19945,1.19985,6.80,2.60
2008.11.27 03:47:59.507,1.19945,1.19975,6.80,1.60
2008.11.27 03:47:59.627,1.19945,1.19975,6.80,2.60
2008.11.27 03:47:59.687,1.19945,1.1998,6.80,2.60
2008.11.27 03:47:59.797,1.1994,1.1998,6.80,2.60
2008.11.27 03:48:02.216,1.19945,1.1998,6.80,1.60
2008.11.27 03:48:02.616,1.1994,1.19985,6.80,8.40
2008.11.27 03:48:05.135,1.19945,1.19985,6.80,8.40
2008.11.27 03:48:13.743,1.1995,1.1998,6.80,1.00
2008.11.27 03:48:13.914,1.1995,1.19985,6.80,1.00
2008.11.27 03:48:14.093,1.1995,1.19995,6.80,8.60
2008.11.27 03:48:14.383,1.1995,1.19995,6.80,7.00
2008.11.27 03:48:14.563,1.1995,1.1999,6.80,5.80
2008.11.27 03:48:14.683,1.1995,1.1999,6.80,7.00
2008.11.27 03:48:14.793,1.1995,1.1999,6.80,1.00
2008.11.27 03:48:15.023,1.1995,1.1999,6.80,1.20
2008.11.27 03:48:35.978,1.19945,1.19985,6.80,5.80
2008.11.27 03:48:36.377,1.19935,1.1998,6.80,5.80
2008.11.27 03:48:52.004,1.1994,1.1998,6.80,5.80
2008.11.27 03:48:53.584,1.1993,1.19975,6.80,5.80
2008.11.27 03:49:02.821,1.19935,1.1998,6.80,5.80
2008.11.27 03:49:04.081,1.1994,1.1998,6.80,5.80
2008.11.27 03:49:17.967,1.1994,1.19985,6.80,10.00
2008.11.27 03:49:19.187,1.1994,1.19975,6.80,1.00
2008.11.27 03:49:19.367,1.19945,1.19975,6.80,1.00
2008.11.27 03:49:19.527,1.19945,1.19975,6.80,2.60
2008.11.27 03:49:20.767,1.1994,1.19975,6.80,2.60
2008.11.27 03:49:22.766,1.19945,1.19975,6.80,2.60
2008.11.27 03:49:23.216,1.1994,1.19975,6.80,2.60
2008.11.27 03:49:23.736,1.19945,1.19975,6.80,2.60
2008.11.27 03:49:29.555,1.1995,1.19975,6.80,2.60
2008.11.27 03:50:22.092,1.1995,1.19975,6.80,1.60
2008.11.27 03:50:22.322,1.1995,1.19985,6.80,2.60
2008.11.27 03:50:22.552,1.19955,1.19985,6.80,2.60
2008.11.27 03:50:23.512,1.1996,1.19985,6.80,2.60
2008.11.27 03:50:25.481,1.19955,1.19985,6.80,2.60
2008.11.27 03:50:26.011,1.1996,1.19985,6.80,2.60
2008.11.27 03:50:31.680,1.19965,1.19985,6.80,2.60
2008.11.27 03:50:31.959,1.1997,1.19985,6.80,2.60
2008.11.27 03:50:32.300,1.19975,1.1999,6.80,1.00
2008.11.27 03:50:32.599,1.19975,1.19995,6.80,2.60
2008.11.27 03:50:34.189,1.1998,1.19995,6.80,2.60
2008.11.27 03:50:34.419,1.19985,1.19995,6.80,1.00
2008.11.27 03:50:34.749,1.19985,1.2,6.80,2.60
2008.11.27 03:50:34.979,1.19985,1.20005,6.80,2.60
2008.11.27 03:50:35.559,1.19985,1.2,6.80,1.00
2008.11.27 03:50:35.798,1.19985,1.2,6.80,2.60
2008.11.27 03:50:36.548,1.1999,1.2,6.80,2.60
2008.11.27 03:50:38.738,1.1999,1.20005,6.80,2.60
2008.11.27 03:50:39.598,1.1999,1.2001,6.80,2.60
2008.11.27 03:50:39.717,1.1997,1.2,5.60,8.00
2008.11.27 03:50:42.657,1.19985,1.2002,6.80,2.60
2008.11.27 03:50:43.737,1.19985,1.2001,6.80,1.60
2008.11.27 03:50:43.847,1.19985,1.20005,6.80,2.60
2008.11.27 03:50:44.027,1.1999,1.20005,6.80,1.60
2008.11.27 03:50:44.197,1.1999,1.20015,6.80,2.60
2008.11.27 03:50:44.307,1.19985,1.2001,6.80,2.60
2008.11.27 03:50:45.226,1.1999,1.20015,6.80,2.60
2008.11.27 03:50:45.406,1.19995,1.20015,6.80,2.60
2008.11.27 03:50:45.826,1.19995,1.20015,6.80,1.00
2008.11.27 03:50:46.096,1.1999,1.2002,6.80,2.60
2008.11.27 03:50:46.266,1.1999,1.20015,6.80,2.60
2008.11.27 03:50:46.676,1.1999,1.2001,6.80,2.60
2008.11.27 03:50:47.086,1.19985,1.2001,6.80,2.60
2008.11.27 03:50:48.796,1.1999,1.2001,6.80,2.60
2008.11.27 03:50:49.095,1.1999,1.20015,6.80,2.60
2008.11.27 03:50:49.435,1.19965,1.20005,12.80,8.00
2008.11.27 03:50:50.585,1.1999,1.2002,12.40,2.60
2008.11.27 03:50:50.865,1.1999,1.2002,6.80,2.60
2008.11.27 03:50:51.145,1.1998,1.20015,6.80,2.60
2008.11.27 03:50:55.904,1.19985,1.2001,6.80,2.60
2008.11.27 03:50:56.634,1.19975,1.2,6.80,8.00
2008.11.27 03:50:57.144,1.1997,1.2,6.80,8.00
2008.11.27 03:50:57.433,1.19975,1.2,6.80,8.00
2008.11.27 03:50:57.723,1.1997,1.2,6.80,8.00
2008.11.27 03:51:00.643,1.1998,1.2,6.80,8.00
2008.11.27 03:51:00.872,1.19975,1.2,6.80,8.00
2008.11.27 03:51:01.163,1.1998,1.2,6.80,8.00
2008.11.27 03:51:01.732,1.19975,1.2,6.80,8.00
2008.11.27 03:51:02.322,1.1998,1.2,6.80,8.00
2008.11.27 03:51:17.459,1.19985,1.2,6.80,8.00
2008.11.27 03:51:17.628,1.1998,1.2,6.80,8.00
2008.11.27 03:51:18.088,1.19985,1.2001,6.80,2.60
2008.11.27 03:51:30.315,1.1999,1.2001,6.80,2.60
2008.11.27 03:51:30.545,1.19985,1.2001,6.80,2.60
2008.11.27 03:51:34.764,1.1998,1.2001,6.80,2.60
2008.11.27 03:51:44.652,1.1998,1.2,6.80,8.00
2008.11.27 03:51:50.630,1.1999,1.2001,6.80,2.60
2008.11.27 03:51:51.041,1.19985,1.2001,6.80,2.60
2008.11.27 03:51:52.120,1.1998,1.2001,6.80,2.60
2008.11.27 03:51:58.579,1.1999,1.2001,6.80,2.60
2008.11.27 03:51:58.978,1.19985,1.2001,6.80,2.60
2008.11.27 03:52:05.997,1.1999,1.2001,6.80,2.60
2008.11.27 03:52:06.517,1.19985,1.2001,6.80,2.60
2008.11.27 03:52:10.116,1.1999,1.2001,6.80,2.60
2008.11.27 03:52:20.823,1.1998,1.2,5.60,8.00
2008.11.27 03:52:26.392,1.1999,1.2,6.80,8.00
2008.11.27 03:52:26.692,1.1999,1.2001,6.80,2.60
2008.11.27 03:52:37.909,1.19985,1.2001,6.80,2.60
2008.11.27 03:52:44.348,1.1998,1.2001,6.80,2.60
2008.11.27 03:52:46.207,1.1998,1.2,6.80,8.00
2008.11.27 03:52:57.624,1.19975,1.2,6.80,8.00
2008.11.27 03:52:58.544,1.1998,1.2,6.80,8.00
2008.11.27 03:52:59.514,1.19975,1.2,6.80,8.00
2008.11.27 03:53:00.613,1.1998,1.2,6.80,8.00
2008.11.27 03:53:00.894,1.19975,1.2,6.80,8.00
2008.11.27 03:53:15.720,1.1998,1.2,6.80,8.00
2008.11.27 03:53:20.319,1.19975,1.2,6.80,8.00
2008.11.27 03:53:30.876,1.1998,1.2,6.80,8.00
2008.11.27 03:53:33.286,1.19975,1.2,6.80,8.00
2008.11.27 03:54:00.409,1.1997,1.2,6.80,8.00
2008.11.27 03:54:00.689,1.19975,1.2,6.80,8.00
2008.11.27 03:54:01.149,1.1997,1.2,6.80,9.60
2008.11.27 03:54:01.499,1.19965,1.2,9.60,9.60
2008.11.27 03:54:05.468,1.19965,1.2,9.60,2.00
2008.11.27 03:54:14.986,1.19965,1.2,9.60,1.60
2008.11.27 03:54:39.630,1.19965,1.2,9.60,2.00
2008.11.27 03:54:49.487,1.19965,1.2,9.60,1.60
2008.11.27 03:55:15.241,1.1997,1.20005,2.80,2.60
2008.11.27 03:55:15.431,1.1997,1.20005,2.80,1.00
2008.11.27 03:55:15.541,1.19965,1.2001,24.60,8.60
2008.11.27 03:55:15.721,1.1997,1.2001,2.80,9.80
2008.11.27 03:55:52.642,1.1997,1.2001,9.60,3.80
2008.11.27 03:55:54.022,1.1997,1.2001,2.80,9.80
2008.11.27 03:55:56.722,1.1997,1.2001,9.60,3.80
2008.11.27 03:55:59.122,1.1997,1.2001,2.80,9.80
2008.11.27 03:56:11.088,1.1997,1.2001,9.60,3.80
2008.11.27 03:56:13.087,1.1997,1.2001,2.80,9.80
2008.11.27 03:56:22.286,1.1997,1.2001,9.60,3.80
2008.11.27 03:56:24.344,1.19975,1.2001,6.80,3.80
2008.11.27 03:56:30.103,1.19975,1.2001,6.80,2.60
2008.11.27 03:56:30.343,1.19975,1.2001,6.80,1.60
2008.11.27 03:56:30.623,1.19985,1.20015,6.80,2.60
2008.11.27 03:56:31.143,1.1999,1.20015,6.80,2.60
2008.11.27 03:56:37.671,1.1999,1.20015,6.80,2.60
2008.11.27 03:56:39.521,1.19995,1.20015,6.80,2.60
2008.11.27 03:56:46.419,1.1999,1.20015,6.80,2.60
2008.11.27 03:56:55.627,1.19985,1.20015,6.80,2.60
2008.11.27 03:56:56.147,1.19985,1.20015,6.80,1.00
2008.11.27 03:56:56.267,1.19985,1.2002,6.80,2.60
2008.11.27 03:56:56.896,1.19985,1.2003,19.60,29.80
2008.11.27 03:56:57.457,1.19985,1.20025,14.80,1.60
2008.11.27 03:56:57.697,1.19985,1.20025,6.80,2.60
2008.11.27 03:56:57.976,1.19975,1.2002,19.60,5.80
2008.11.27 03:57:01.666,1.19975,1.2001,12.80,5.80
2008.11.27 03:57:07.874,1.19975,1.20015,12.80,5.80
2008.11.27 03:57:10.223,1.19975,1.2002,19.60,5.80
2008.11.27 03:57:15.362,1.19975,1.2002,19.60,7.40
2008.11.27 03:57:15.532,1.19975,1.2002,19.60,8.60
2008.11.27 03:57:15.652,1.19975,1.2001,11.60,1.00
2008.11.27 03:57:15.762,1.19975,1.2001,6.80,2.60
2008.11.27 03:57:15.872,1.19975,1.2002,6.80,2.60
2008.11.27 03:57:16.342,1.19975,1.20015,6.80,2.60
2008.11.27 03:57:17.292,1.19975,1.20015,6.80,2.60
2008.11.27 03:57:17.701,1.19975,1.2001,6.80,2.60
2008.11.27 03:57:17.941,1.19975,1.2002,6.80,8.60
2008.11.27 03:57:32.138,1.19975,1.20015,6.80,5.80
2008.11.27 03:57:33.028,1.1997,1.2001,12.80,5.80
2008.11.27 03:57:33.317,1.1997,1.20005,12.80,5.80
2008.11.27 03:57:39.386,1.1997,1.20015,19.60,5.80
2008.11.27 03:57:47.174,1.2,1.20015,12.80,5.80
2008.11.27 03:57:47.344,1.2001,1.20025,6.80,5.60
2008.11.27 03:57:47.684,1.2001,1.2005,6.80,1.60
2008.11.27 03:57:47.854,1.1996,1.2002,5.60,1.60
2008.11.27 03:57:48.094,1.19955,1.20025,22.80,2.60
2008.11.27 03:57:48.334,1.19955,1.2002,6.80,2.60
2008.11.27 03:57:48.554,1.19955,1.20015,6.80,2.60
2008.11.27 03:57:54.142,1.1997,1.19985,6.80,1.00
2008.11.27 03:57:54.203,1.1996,1.19985,6.80,1.00
2008.11.27 03:57:54.262,1.1996,1.19985,6.80,2.60
2008.11.27 03:57:54.652,1.19965,1.19985,6.80,2.60
2008.11.27 03:57:56.023,1.19965,1.19985,6.80,2.60
2008.11.27 03:57:56.582,1.1997,1.19985,6.80,2.60
2008.11.27 03:58:06.929,1.1997,1.19985,6.80,1.60
2008.11.27 03:58:07.219,1.1997,1.19995,6.80,1.00
2008.11.27 03:58:17.701,1.19975,1.19995,6.80,1.00
2008.11.27 03:58:20.316,1.1998,1.19995,6.80,1.00
2008.11.27 03:58:21.336,1.19975,1.19995,6.80,1.00
2008.11.27 03:58:48.139,1.1997,1.19995,6.80,1.00
2008.11.27 03:58:52.089,1.1996,1.19995,6.80,1.00
2008.11.27 03:58:54.818,1.19965,1.19995,6.80,1.00
2008.11.27 03:58:55.148,1.1997,1.19995,6.80,1.00
2008.11.27 03:58:58.917,1.1997,1.1999,6.80,1.00
2008.11.27 03:59:12.943,1.1997,1.19995,6.80,1.60
2008.11.27 03:59:13.113,1.1997,1.20005,6.80,1.00
2008.11.27 03:59:19.992,1.19965,1.20005,6.80,1.00
2008.11.27 03:59:22.411,1.1996,1.20005,6.80,7.00
2008.11.27 03:59:28.800,1.19955,1.2,6.80,5.80
2008.11.27 03:59:29.259,1.19955,1.2,6.80,7.00
2008.11.27 03:59:31.819,1.1995,1.19995,6.80,5.80
2008.11.27 03:59:32.049,1.1995,1.19995,6.80,8.20
2008.11.27 03:59:32.549,1.1995,1.19995,6.80,8.40
2008.11.27 03:59:54.244,1.1995,1.19985,6.80,1.40
2008.11.27 03:59:54.583,1.1994,1.1998,6.80,1.20
2008.11.27 03:59:54.933,1.1994,1.19975,6.80,1.00
2008.11.27 03:59:56.203,1.19945,1.19975,6.80,1.00
2008.11.27 03:59:56.493,1.1994,1.19975,6.80,1.00
2008.11.27 03:59:56.853,1.1993,1.1997,5.60,5.80
2008.11.27 03:59:57.143,1.19925,1.1997,6.80,5.80
2008.11.27 03:59:57.493,1.1993,1.19975,6.80,7.00
2008.11.27 03:59:57.913,1.19925,1.1997,6.80,5.80
2008.11.27 03:59:58.322,1.1993,1.19975,6.80,7.00
2008.11.27 03:59:58.763,1.1992,1.19965,6.80,5.80
