2018.01.05 13:00:00.158,0.97629,0.9764,3.19,2.10
2018.01.05 13:00:00.586,0.97631,0.9764,1.19,1.00
2018.01.05 13:00:02.828,0.97629,0.9764,1.56,2.10
2018.01.05 13:00:03.349,0.97629,0.9764,1.76,3.79
2018.01.05 13:00:03.864,0.97629,0.97639,1.31,1.00
2018.01.05 13:00:04.951,0.97629,0.9764,1.31,2.85
2018.01.05 13:00:08.393,0.97629,0.9764,1.69,4.35
2018.01.05 13:00:08.551,0.97628,0.97637,1.19,1.00
2018.01.05 13:00:08.975,0.97626,0.97637,1.69,2.44
2018.01.05 13:00:11.263,0.97626,0.97636,1.19,1.50
2018.01.05 13:00:11.473,0.97626,0.97634,1.00,1.00
2018.01.05 13:00:12.010,0.97624,0.97634,1.31,1.00
2018.01.05 13:00:14.997,0.97624,0.97632,1.19,1.00
2018.01.05 13:00:15.154,0.97622,0.97631,1.19,2.25
2018.01.05 13:00:24.144,0.97621,0.9763,2.44,2.25
2018.01.05 13:00:24.353,0.97619,0.97629,2.14,2.25
2018.01.05 13:00:31.131,0.97619,0.97628,1.19,1.00
2018.01.05 13:00:32.336,0.97618,0.97628,1.31,1.00
2018.01.05 13:00:33.208,0.97619,0.97629,1.19,1.00
2018.01.05 13:00:54.249,0.97618,0.97629,6.56,1.00
2018.01.05 13:00:58.274,0.97618,0.97628,1.31,1.12
2018.01.05 13:00:59.158,0.97617,0.97627,3.94,1.00
2018.01.05 13:01:04.916,0.97617,0.97628,6.37,1.00
2018.01.05 13:01:09.107,0.97617,0.97627,4.69,1.50
2018.01.05 13:01:09.734,0.97619,0.97627,1.19,1.00
2018.01.05 13:01:11.992,0.97619,0.97628,1.31,1.00
2018.01.05 13:01:14.951,0.97617,0.97628,5.06,1.00
2018.01.05 13:01:20.237,0.97619,0.97628,1.19,1.00
2018.01.05 13:01:21.876,0.97618,0.97628,1.25,1.00
2018.01.05 13:01:23.309,0.97618,0.97628,1.62,1.00
2018.01.05 13:01:23.917,0.97619,0.97628,1.31,1.00
2018.01.05 13:01:32.469,0.97619,0.97629,2.06,1.12
2018.01.05 13:01:32.521,0.97621,0.9763,1.50,1.37
2018.01.05 13:01:32.574,0.97622,0.97631,2.06,1.00
2018.01.05 13:01:32.680,0.97623,0.97634,3.60,1.69
2018.01.05 13:01:32.733,0.97624,0.97634,2.44,1.50
2018.01.05 13:01:35.440,0.97622,0.97632,2.89,1.12
2018.01.05 13:01:36.160,0.97622,0.97632,1.69,3.79
2018.01.05 13:01:38.121,0.97621,0.97631,1.31,2.06
2018.01.05 13:01:46.430,0.97619,0.97631,1.56,3.37
2018.01.05 13:01:49.562,0.97619,0.97629,1.44,1.00
2018.01.05 13:01:51.501,0.97618,0.97628,2.06,1.00
2018.01.05 13:01:52.044,0.97617,0.97624,1.19,3.60
2018.01.05 13:01:52.313,0.97613,0.97622,1.19,4.72
2018.01.05 13:01:52.817,0.97613,0.97621,1.19,1.00
2018.01.05 13:01:53.281,0.97611,0.97621,1.19,1.69
2018.01.05 13:01:53.808,0.97611,0.9762,1.19,1.50
2018.01.05 13:02:01.189,0.97608,0.97619,1.19,1.50
2018.01.05 13:02:06.056,0.97608,0.97619,1.19,3.19
2018.01.05 13:02:06.558,0.97607,0.97618,1.19,2.06
2018.01.05 13:02:07.073,0.97607,0.97618,1.19,2.25
2018.01.05 13:02:09.159,0.97609,0.97619,1.00,4.95
2018.01.05 13:02:09.213,0.9761,0.9762,2.06,1.07
2018.01.05 13:02:09.267,0.9761,0.97621,1.50,1.87
2018.01.05 13:02:09.544,0.97612,0.97622,1.19,2.47
2018.01.05 13:02:09.889,0.97618,0.97626,1.87,1.31
2018.01.05 13:02:10.462,0.97618,0.97627,1.69,1.00
2018.01.05 13:02:37.020,0.97618,0.97628,3.94,1.00
2018.01.05 13:02:45.136,0.97618,0.97627,1.69,1.12
2018.01.05 13:02:46.152,0.97618,0.97627,1.19,1.87
2018.01.05 13:02:47.118,0.97616,0.97625,1.19,1.50
2018.01.05 13:02:47.619,0.97616,0.97624,1.19,1.00
2018.01.05 13:02:52.113,0.97613,0.97623,1.43,1.50
2018.01.05 13:02:53.095,0.97613,0.97623,1.19,3.19
2018.01.05 13:02:55.140,0.97613,0.97623,1.19,1.87
2018.01.05 13:02:56.165,0.97613,0.97623,1.19,3.19
2018.01.05 13:02:58.598,0.97613,0.97621,1.19,1.00
2018.01.05 13:02:59.118,0.97613,0.97622,1.19,2.62
2018.01.05 13:03:03.518,0.97613,0.97621,1.19,2.10
2018.01.05 13:03:07.173,0.97613,0.9762,1.19,1.50
2018.01.05 13:03:08.350,0.97613,0.97621,1.19,2.85
2018.01.05 13:03:22.446,0.97613,0.97621,1.19,2.62
2018.01.05 13:03:27.776,0.97613,0.97622,1.69,1.00
2018.01.05 13:03:34.000,0.97613,0.97622,1.19,5.10
2018.01.05 13:03:39.197,0.97611,0.9762,1.19,2.85
2018.01.05 13:03:39.251,0.97604,0.97613,1.56,1.00
2018.01.05 13:03:39.819,0.97604,0.97614,1.69,1.12
2018.01.05 13:03:39.925,0.97606,0.97616,1.69,3.75
2018.01.05 13:03:40.517,0.97606,0.97617,4.69,1.50
2018.01.05 13:03:41.276,0.97608,0.97617,1.19,1.00
2018.01.05 13:03:41.867,0.97608,0.97618,1.19,1.00
2018.01.05 13:03:46.336,0.97608,0.97617,1.19,1.00
2018.01.05 13:03:52.455,0.97608,0.97619,1.69,3.75
2018.01.05 13:03:54.279,0.97609,0.9762,1.44,5.47
2018.01.05 13:03:54.864,0.97609,0.9762,1.44,3.97
2018.01.05 13:03:59.127,0.97611,0.9762,1.19,4.16
2018.01.05 13:03:59.820,0.97611,0.9762,1.19,2.10
2018.01.05 13:04:01.837,0.97615,0.9762,1.72,1.00
2018.01.05 13:04:01.890,0.97616,0.97622,1.05,3.00
2018.01.05 13:04:01.943,0.97617,0.97622,1.19,1.87
2018.01.05 13:04:01.996,0.97617,0.97626,1.19,2.62
2018.01.05 13:04:05.127,0.97617,0.97627,1.19,2.06
2018.01.05 13:04:20.761,0.97617,0.97626,1.19,1.69
2018.01.05 13:04:20.917,0.97617,0.97624,1.19,1.00
2018.01.05 13:04:20.970,0.97615,0.97624,1.19,1.00
2018.01.05 13:04:21.024,0.97613,0.97623,1.19,2.06
2018.01.05 13:04:23.373,0.97615,0.97623,1.19,1.00
2018.01.05 13:04:23.427,0.97615,0.97625,1.19,2.47
2018.01.05 13:04:24.070,0.97615,0.97626,2.62,1.00
2018.01.05 13:04:24.866,0.97617,0.97627,1.19,1.00
2018.01.05 13:04:25.327,0.97618,0.97629,1.69,3.26
2018.01.05 13:04:27.049,0.97618,0.97629,2.62,3.56
2018.01.05 13:04:27.595,0.97618,0.97627,1.25,1.00
2018.01.05 13:04:29.778,0.97618,0.97628,1.69,1.12
2018.01.05 13:04:37.726,0.97619,0.97628,1.69,1.00
2018.01.05 13:04:37.780,0.97619,0.9763,2.25,1.12
2018.01.05 13:04:38.296,0.97621,0.97631,1.00,2.81
2018.01.05 13:04:38.920,0.97621,0.97631,1.00,2.62
2018.01.05 13:04:41.555,0.9762,0.97631,1.31,3.75
2018.01.05 13:04:41.767,0.9762,0.97631,3.00,3.37
2018.01.05 13:04:43.256,0.9762,0.97631,2.06,3.37
2018.01.05 13:04:43.575,0.97618,0.97628,1.19,1.12
2018.01.05 13:04:43.628,0.97617,0.97628,1.87,1.12
2018.01.05 13:04:44.148,0.97617,0.97628,1.69,2.44
2018.01.05 13:04:44.796,0.97618,0.97628,1.19,2.25
2018.01.05 13:04:45.138,0.97618,0.97629,3.00,1.50
2018.01.05 13:04:46.050,0.9762,0.9763,1.50,1.50
2018.01.05 13:04:52.292,0.97618,0.97627,1.31,1.00
2018.01.05 13:04:52.345,0.97618,0.97629,2.06,1.00
2018.01.05 13:04:53.126,0.97618,0.97629,1.00,4.12
2018.01.05 13:04:54.252,0.97618,0.97629,1.50,2.62
2018.01.05 13:05:01.489,0.97618,0.97628,1.19,1.62
2018.01.05 13:05:01.802,0.97616,0.97628,4.35,3.00
2018.01.05 13:05:13.598,0.97619,0.97629,1.00,3.94
2018.01.05 13:05:14.930,0.97618,0.97629,4.01,1.87
2018.01.05 13:05:15.450,0.97619,0.97629,1.00,1.87
2018.01.05 13:05:17.215,0.9762,0.97629,1.00,1.87
2018.01.05 13:05:18.066,0.97619,0.97629,3.00,1.87
2018.01.05 13:05:18.614,0.9762,0.97629,1.00,1.87
2018.01.05 13:05:19.155,0.97621,0.97631,1.00,3.19
2018.01.05 13:05:21.993,0.9762,0.9763,1.12,2.25
2018.01.05 13:05:23.641,0.97619,0.9763,1.31,4.50
2018.01.05 13:05:24.122,0.97617,0.97628,6.64,2.62
2018.01.05 13:05:24.177,0.97617,0.97626,1.10,1.12
2018.01.05 13:05:24.594,0.97615,0.97624,4.16,1.00
2018.01.05 13:05:24.701,0.97613,0.97623,2.14,1.00
2018.01.05 13:05:25.048,0.97615,0.97625,1.50,2.06
2018.01.05 13:05:25.571,0.97616,0.97627,2.29,3.75
2018.01.05 13:05:26.903,0.97617,0.97628,1.00,2.81
2018.01.05 13:05:28.518,0.97617,0.97629,4.31,2.81
2018.01.05 13:05:28.624,0.97619,0.9763,1.00,2.06
2018.01.05 13:05:28.936,0.97621,0.97631,1.25,1.00
2018.01.05 13:05:29.615,0.9762,0.97631,3.45,1.50
2018.01.05 13:05:30.167,0.97621,0.97631,1.00,1.69
2018.01.05 13:05:31.091,0.9762,0.97631,3.75,1.00
2018.01.05 13:05:31.731,0.97621,0.97631,1.25,1.00
2018.01.05 13:05:32.333,0.97622,0.97631,1.00,1.00
2018.01.05 13:05:33.690,0.97623,0.97634,3.30,2.06
2018.01.05 13:05:33.743,0.97624,0.97634,1.19,1.12
2018.01.05 13:05:35.971,0.97623,0.97632,1.00,2.10
2018.01.05 13:05:36.145,0.9762,0.97631,1.31,1.87
2018.01.05 13:05:44.166,0.9762,0.97631,2.06,1.31
2018.01.05 13:05:44.690,0.97619,0.97631,4.20,2.25
2018.01.05 13:05:54.499,0.9762,0.9763,1.00,1.00
2018.01.05 13:06:04.608,0.97619,0.9763,3.56,3.60
2018.01.05 13:06:04.662,0.97618,0.97628,1.31,3.19
2018.01.05 13:06:05.197,0.97618,0.97627,1.31,1.00
2018.01.05 13:06:05.845,0.97617,0.97628,1.31,2.62
2018.01.05 13:06:21.686,0.97616,0.97627,2.06,2.25
2018.01.05 13:06:22.207,0.97618,0.97628,1.31,1.50
2018.01.05 13:06:26.801,0.97617,0.97628,1.69,3.94
2018.01.05 13:06:26.958,0.97616,0.97627,3.22,1.44
2018.01.05 13:06:31.715,0.97616,0.97626,1.12,3.00
2018.01.05 13:06:31.874,0.97613,0.97622,1.62,1.50
2018.01.05 13:06:31.981,0.97611,0.97621,1.37,1.00
2018.01.05 13:06:33.182,0.97611,0.97621,1.00,1.00
2018.01.05 13:06:33.863,0.97611,0.97621,1.69,1.50
2018.01.05 13:06:36.859,0.9761,0.9762,1.69,1.50
2018.01.05 13:06:37.062,0.97608,0.97617,1.00,1.19
2018.01.05 13:06:37.115,0.97605,0.97617,1.62,3.19
2018.01.05 13:06:42.808,0.97608,0.97618,1.00,1.29
2018.01.05 13:06:43.058,0.97609,0.97621,2.81,2.06
2018.01.05 13:06:43.925,0.97611,0.97621,1.00,1.31
2018.01.05 13:06:44.554,0.9761,0.97621,1.87,1.50
2018.01.05 13:06:46.552,0.97609,0.9762,1.87,1.00
2018.01.05 13:06:47.824,0.97611,0.9762,1.00,1.00
2018.01.05 13:06:49.055,0.9761,0.9762,1.25,1.00
2018.01.05 13:06:50.576,0.97612,0.9762,1.00,1.00
2018.01.05 13:06:50.998,0.97616,0.97625,1.00,1.76
2018.01.05 13:06:51.051,0.97616,0.97625,1.00,1.31
2018.01.05 13:06:51.156,0.97616,0.97627,1.25,3.64
2018.01.05 13:06:51.706,0.97615,0.97626,1.69,1.69
2018.01.05 13:06:55.757,0.97615,0.97626,1.19,2.25
2018.01.05 13:06:56.360,0.97615,0.97626,1.19,2.25
2018.01.05 13:06:56.466,0.97613,0.97623,1.76,1.35
2018.01.05 13:06:56.521,0.97611,0.97622,2.06,3.60
2018.01.05 13:06:56.733,0.97609,0.9762,2.81,1.00
2018.01.05 13:07:16.067,0.97608,0.97619,2.25,1.00
2018.01.05 13:07:16.318,0.97608,0.97619,1.00,2.62
2018.01.05 13:07:17.081,0.97606,0.97617,3.49,1.00
2018.01.05 13:07:20.484,0.97607,0.97618,1.69,1.50
2018.01.05 13:07:24.566,0.97608,0.97619,1.50,1.12
2018.01.05 13:07:29.894,0.97608,0.97619,2.06,1.12
2018.01.05 13:07:34.845,0.97608,0.97618,1.00,1.00
2018.01.05 13:07:42.876,0.97608,0.97618,1.87,1.00
2018.01.05 13:07:44.517,0.97608,0.97618,1.50,1.00
2018.01.05 13:07:45.183,0.97608,0.97618,1.87,1.00
2018.01.05 13:07:45.416,0.97609,0.9762,1.31,3.41
2018.01.05 13:07:45.935,0.97609,0.9762,1.69,2.66
2018.01.05 13:07:53.183,0.97609,0.9762,3.94,2.66
2018.01.05 13:07:53.706,0.97609,0.9762,2.44,2.66
2018.01.05 13:08:00.288,0.97609,0.9762,2.06,2.47
2018.01.05 13:08:00.836,0.97611,0.9762,3.00,1.00
2018.01.05 13:08:00.943,0.97615,0.97626,4.12,1.19
2018.01.05 13:08:01.006,0.97615,0.97626,5.66,1.00
2018.01.05 13:08:01.114,0.97611,0.97621,4.12,1.35
2018.01.05 13:08:01.219,0.97611,0.97621,1.00,1.35
2018.01.05 13:08:01.624,0.97613,0.97623,1.00,1.00
2018.01.05 13:08:01.779,0.97613,0.97625,4.01,1.50
2018.01.05 13:08:03.797,0.97616,0.97626,1.54,1.00
2018.01.05 13:08:07.056,0.97617,0.97627,1.25,1.00
2018.01.05 13:08:07.576,0.97617,0.97628,2.62,1.00
2018.01.05 13:08:08.297,0.97618,0.97628,1.87,1.00
2018.01.05 13:08:08.877,0.97618,0.9763,1.87,4.35
2018.01.05 13:08:09.891,0.97618,0.9763,1.87,3.00
2018.01.05 13:08:12.692,0.97618,0.9763,2.62,2.81
2018.01.05 13:08:13.428,0.97618,0.9763,2.25,1.87
2018.01.05 13:08:17.251,0.97618,0.9763,1.00,4.91
2018.01.05 13:08:17.762,0.97617,0.97629,1.00,1.31
2018.01.05 13:08:18.454,0.97617,0.97628,1.69,1.00
2018.01.05 13:08:22.060,0.97616,0.97626,3.79,1.00
2018.01.05 13:08:22.112,0.97617,0.97628,1.25,1.50
2018.01.05 13:08:25.658,0.97618,0.97629,1.25,1.50
2018.01.05 13:08:25.714,0.9762,0.97631,1.00,3.41
2018.01.05 13:08:26.233,0.97619,0.9763,2.06,2.10
2018.01.05 13:08:26.710,0.97624,0.97632,1.00,1.00
2018.01.05 13:08:26.762,0.97624,0.97634,1.00,1.00
2018.01.05 13:08:27.304,0.97625,0.97636,2.66,1.19
2018.01.05 13:08:27.624,0.97625,0.97637,3.41,1.25
2018.01.05 13:08:28.627,0.97625,0.97636,1.00,1.50
2018.01.05 13:08:29.164,0.97624,0.97636,3.41,1.12
2018.01.05 13:08:29.831,0.97624,0.97636,3.30,1.44
2018.01.05 13:08:30.357,0.97624,0.97636,3.30,1.44
2018.01.05 13:08:31.889,0.97624,0.97636,3.41,1.12
2018.01.05 13:08:32.472,0.97624,0.97636,2.10,1.25
2018.01.05 13:08:33.168,0.97624,0.97636,2.10,1.87
2018.01.05 13:08:34.854,0.97625,0.97637,1.91,1.25
2018.01.05 13:08:35.074,0.97626,0.97639,1.20,2.06
2018.01.05 13:08:36.516,0.97626,0.97639,2.06,1.69
2018.01.05 13:08:37.265,0.97626,0.97639,1.12,4.20
2018.01.05 13:08:37.773,0.97626,0.97639,1.31,4.76
2018.01.05 13:08:38.312,0.97625,0.97638,3.04,1.20
2018.01.05 13:08:40.046,0.97625,0.97638,3.86,1.50
2018.01.05 13:08:42.634,0.97625,0.97637,3.86,1.00
2018.01.05 13:08:44.443,0.97626,0.97638,3.41,1.87
2018.01.05 13:08:44.915,0.97627,0.97639,2.62,2.25
2018.01.05 13:08:46.914,0.97627,0.97639,2.06,1.69
2018.01.05 13:08:47.367,0.97628,0.97639,1.32,1.50
2018.01.05 13:08:47.473,0.97627,0.97639,1.31,3.19
2018.01.05 13:08:53.323,0.97628,0.97639,1.00,2.44
2018.01.05 13:08:59.626,0.97626,0.97638,3.79,2.44
2018.01.05 13:09:00.571,0.97629,0.97638,1.00,1.50
2018.01.05 13:09:00.678,0.97633,0.97642,1.35,1.12
2018.01.05 13:09:00.836,0.97637,0.97647,1.50,1.91
2018.01.05 13:09:01.374,0.97636,0.97646,1.25,1.31
2018.01.05 13:09:01.911,0.97635,0.97646,1.54,4.12
2018.01.05 13:09:02.438,0.97635,0.97645,1.35,1.50
2018.01.05 13:09:02.594,0.97631,0.97642,2.25,1.72
2018.01.05 13:09:03.121,0.97631,0.97643,1.50,3.19
2018.01.05 13:09:03.660,0.97629,0.97639,2.44,1.00
2018.01.05 13:09:03.713,0.97628,0.97639,1.69,1.00
2018.01.05 13:09:04.230,0.97628,0.9764,2.44,2.10
2018.01.05 13:09:05.329,0.97628,0.9764,2.44,2.66
2018.01.05 13:09:05.922,0.97629,0.9764,1.00,2.66
2018.01.05 13:09:07.066,0.97629,0.97639,1.25,1.00
2018.01.05 13:09:07.944,0.97631,0.97641,1.00,1.50
2018.01.05 13:09:08.496,0.97631,0.97643,1.19,5.92
2018.01.05 13:09:09.046,0.97631,0.97643,1.19,5.17
2018.01.05 13:09:12.050,0.97631,0.97643,1.19,4.42
2018.01.05 13:09:15.045,0.97631,0.97643,1.19,2.74
2018.01.05 13:09:16.561,0.97631,0.97641,1.00,1.37
2018.01.05 13:09:17.110,0.9763,0.9764,1.25,1.72
2018.01.05 13:09:22.762,0.97631,0.97641,1.00,1.12
2018.01.05 13:09:23.785,0.97631,0.97642,1.25,1.00
2018.01.05 13:09:26.458,0.97633,0.97644,4.16,1.76
2018.01.05 13:09:26.565,0.97635,0.97646,1.69,1.31
2018.01.05 13:09:27.077,0.97636,0.97647,1.00,1.37
2018.01.05 13:09:27.945,0.97636,0.97647,1.00,1.00
2018.01.05 13:09:29.566,0.97636,0.97647,1.00,1.69
2018.01.05 13:09:29.672,0.97633,0.97646,2.85,4.31
2018.01.05 13:09:30.189,0.97633,0.97644,2.44,1.00
2018.01.05 13:09:32.706,0.97632,0.97642,1.00,1.54
2018.01.05 13:09:32.862,0.9763,0.97641,1.12,1.35
2018.01.05 13:09:33.410,0.9763,0.9764,1.12,1.00
2018.01.05 13:09:34.988,0.97631,0.9764,1.00,1.00
2018.01.05 13:09:36.019,0.9763,0.9764,1.25,1.00
2018.01.05 13:09:36.522,0.9763,0.9764,1.25,1.72
2018.01.05 13:09:37.725,0.97631,0.97641,1.50,1.87
2018.01.05 13:09:38.268,0.9763,0.97639,1.00,1.00
2018.01.05 13:09:39.458,0.97628,0.97639,2.44,1.35
2018.01.05 13:09:40.055,0.97628,0.97639,1.87,2.66
2018.01.05 13:09:45.669,0.97627,0.97638,1.31,2.81
2018.01.05 13:09:46.965,0.97627,0.97638,1.31,1.69
2018.01.05 13:09:50.656,0.97629,0.97638,1.19,1.50
2018.01.05 13:09:54.301,0.97629,0.97637,1.19,1.00
2018.01.05 13:09:54.357,0.97626,0.97637,2.44,1.69
2018.01.05 13:09:54.910,0.97626,0.97636,1.19,1.00
2018.01.05 13:10:01.589,0.97626,0.97637,1.87,1.50
2018.01.05 13:10:05.786,0.97626,0.97636,3.75,1.00
2018.01.05 13:10:16.282,0.97626,0.97635,1.19,1.00
2018.01.05 13:10:17.429,0.97624,0.97635,4.72,1.00
2018.01.05 13:10:22.169,0.97626,0.97635,1.19,1.00
2018.01.05 13:10:22.678,0.97626,0.97636,2.62,1.00
2018.01.05 13:10:51.742,0.97626,0.97636,1.31,1.00
2018.01.05 13:11:02.832,0.97626,0.97638,3.04,8.17
2018.01.05 13:11:03.375,0.97626,0.97636,3.04,1.00
2018.01.05 13:11:10.216,0.97626,0.97636,1.54,1.00
2018.01.05 13:11:13.689,0.97626,0.97636,4.72,1.00
2018.01.05 13:11:15.398,0.97626,0.97637,5.55,1.00
2018.01.05 13:11:17.418,0.97626,0.97637,3.67,1.00
2018.01.05 13:11:17.966,0.97626,0.97636,1.91,1.00
2018.01.05 13:11:19.043,0.97626,0.97637,3.60,1.00
2018.01.05 13:11:21.248,0.97626,0.97637,8.36,1.00
2018.01.05 13:11:23.537,0.97626,0.97636,6.22,1.00
2018.01.05 13:11:24.856,0.97626,0.97636,2.29,1.00
2018.01.05 13:11:40.856,0.97627,0.97636,1.25,1.00
2018.01.05 13:11:41.952,0.97627,0.97637,2.10,1.00
2018.01.05 13:11:49.138,0.97627,0.97637,1.88,1.00
2018.01.05 13:11:51.064,0.97626,0.97637,4.69,1.00
2018.01.05 13:11:52.768,0.97627,0.97637,3.00,1.00
2018.01.05 13:11:53.283,0.97627,0.97637,1.50,1.00
2018.01.05 13:11:56.252,0.97626,0.97637,3.98,1.50
2018.01.05 13:11:58.896,0.97626,0.97637,5.06,1.69
2018.01.05 13:12:03.146,0.97627,0.97637,1.31,2.44
2018.01.05 13:12:03.702,0.97626,0.97637,4.73,2.44
2018.01.05 13:12:04.189,0.97624,0.97633,4.01,1.30
2018.01.05 13:12:04.352,0.97622,0.97631,1.19,1.00
2018.01.05 13:12:04.505,0.97619,0.97629,2.81,1.00
2018.01.05 13:12:05.454,0.97619,0.97628,1.19,1.00
2018.01.05 13:12:05.506,0.97617,0.97628,1.58,1.00
2018.01.05 13:12:06.042,0.97616,0.97629,4.73,1.01
2018.01.05 13:12:06.601,0.97616,0.97628,2.62,1.00
2018.01.05 13:12:07.119,0.97616,0.97629,3.60,2.55
2018.01.05 13:12:07.882,0.97617,0.9763,3.79,7.99
2018.01.05 13:12:08.421,0.97618,0.9763,2.81,2.25
2018.01.05 13:12:08.943,0.97619,0.97631,1.25,2.70
2018.01.05 13:12:09.455,0.97619,0.97631,1.63,3.45
2018.01.05 13:12:10.461,0.97618,0.9763,3.38,1.73
2018.01.05 13:12:12.356,0.97618,0.97629,2.66,1.00
2018.01.05 13:12:12.904,0.97618,0.9763,2.66,1.13
2018.01.05 13:12:13.433,0.97618,0.97629,2.66,1.00
2018.01.05 13:12:14.111,0.97618,0.97629,2.48,1.25
2018.01.05 13:12:14.645,0.97618,0.9763,3.41,1.25
2018.01.05 13:12:15.282,0.97617,0.97629,2.81,1.91
2018.01.05 13:12:20.921,0.97618,0.9763,3.41,2.66
2018.01.05 13:12:23.820,0.97619,0.97629,1.63,1.00
2018.01.05 13:12:23.979,0.9762,0.97631,3.41,1.00
2018.01.05 13:12:24.221,0.97619,0.97629,1.69,1.00
2018.01.05 13:12:24.896,0.97618,0.97629,3.75,1.00
2018.01.05 13:12:27.164,0.97618,0.97629,3.75,1.00
2018.01.05 13:12:27.711,0.97618,0.97629,2.63,1.00
2018.01.05 13:12:28.840,0.9762,0.9763,1.12,1.00
2018.01.05 13:12:28.945,0.97621,0.97632,1.88,1.10
2018.01.05 13:12:29.344,0.97623,0.97633,2.25,1.00
2018.01.05 13:12:29.926,0.97624,0.97634,1.81,1.00
2018.01.05 13:12:31.860,0.97625,0.97635,1.00,1.25
2018.01.05 13:12:37.679,0.97626,0.97636,1.69,1.00
2018.01.05 13:12:38.218,0.97625,0.97636,4.12,1.50
2018.01.05 13:12:39.048,0.97625,0.97635,1.13,1.00
2018.01.05 13:12:39.885,0.97624,0.97634,2.25,1.00
2018.01.05 13:12:39.940,0.97623,0.97632,1.39,1.69
2018.01.05 13:12:40.099,0.97621,0.97631,1.31,1.00
2018.01.05 13:12:40.153,0.97622,0.97633,4.91,1.50
2018.01.05 13:12:40.258,0.97623,0.97633,1.31,1.00
2018.01.05 13:12:41.872,0.97622,0.97633,2.62,2.25
2018.01.05 13:12:41.925,0.97621,0.97632,2.63,1.69
2018.01.05 13:12:42.600,0.97621,0.97631,1.44,1.25
2018.01.05 13:12:43.118,0.9762,0.9763,2.06,1.50
2018.01.05 13:12:44.045,0.9762,0.9763,1.25,1.00
2018.01.05 13:12:44.734,0.97621,0.9763,1.25,1.50
2018.01.05 13:12:44.842,0.97621,0.97632,1.88,3.22
2018.01.05 13:12:45.438,0.97621,0.97632,1.69,3.60
2018.01.05 13:12:47.592,0.97621,0.97631,1.50,1.00
2018.01.05 13:12:48.196,0.9762,0.9763,2.63,1.00
2018.01.05 13:12:49.732,0.9762,0.97631,1.88,2.25
2018.01.05 13:12:50.783,0.97619,0.97629,1.88,1.00
2018.01.05 13:12:50.992,0.97617,0.97627,1.13,1.00
2018.01.05 13:12:51.096,0.97617,0.97627,1.69,1.00
2018.01.05 13:13:13.488,0.97617,0.97627,1.12,1.50
2018.01.05 13:13:15.133,0.97617,0.97627,2.06,1.00
2018.01.05 13:13:16.058,0.97617,0.97627,2.06,1.00
2018.01.05 13:13:16.717,0.97617,0.97627,3.56,1.00
2018.01.05 13:13:39.633,0.97616,0.97627,2.66,1.00
2018.01.05 13:13:39.685,0.97616,0.97624,2.85,1.00
2018.01.05 13:13:40.207,0.97615,0.97623,1.50,1.00
2018.01.05 13:13:41.637,0.97615,0.97623,1.62,1.00
2018.01.05 13:13:42.260,0.97614,0.97623,2.66,1.00
2018.01.05 13:13:43.728,0.97614,0.97622,1.44,1.00
2018.01.05 13:13:58.249,0.97613,0.97622,4.50,1.00
2018.01.05 13:14:05.185,0.97611,0.97618,1.42,1.00
2018.01.05 13:14:05.498,0.97609,0.97616,1.19,1.00
2018.01.05 13:14:12.224,0.97614,0.9762,1.72,1.00
2018.01.05 13:14:12.329,0.97615,0.97623,1.72,1.00
2018.01.05 13:14:12.787,0.97614,0.97621,2.66,1.00
2018.01.05 13:14:13.049,0.9761,0.97617,3.00,1.00
2018.01.05 13:14:13.588,0.9761,0.97617,1.69,1.00
2018.01.05 13:14:14.105,0.9761,0.97617,1.50,1.00
2018.01.05 13:14:14.810,0.97609,0.97618,1.44,1.00
2018.01.05 13:14:14.864,0.97609,0.97615,1.19,1.00
2018.01.05 13:14:14.916,0.97607,0.97615,3.08,1.00
2018.01.05 13:14:16.494,0.97606,0.97614,3.38,1.00
2018.01.05 13:14:18.391,0.97607,0.97615,3.60,1.00
2018.01.05 13:14:18.446,0.97607,0.97617,3.23,1.00
2018.01.05 13:14:28.533,0.97606,0.97615,2.25,1.00
2018.01.05 13:14:29.436,0.97606,0.97614,1.88,1.00
2018.01.05 13:14:29.490,0.97605,0.97614,1.76,1.00
2018.01.05 13:14:33.165,0.97607,0.97614,1.12,1.00
2018.01.05 13:14:33.684,0.97606,0.97614,5.10,1.00
2018.01.05 13:14:44.056,0.97605,0.97614,3.23,1.00
2018.01.05 13:14:59.151,0.97604,0.97612,1.69,1.00
2018.01.05 13:14:59.206,0.97603,0.97611,1.31,1.00
2018.01.05 13:14:59.265,0.97602,0.97609,1.37,1.00
2018.01.05 13:14:59.785,0.97602,0.97609,1.50,1.00
2018.01.05 13:15:00.410,0.97601,0.97609,2.10,1.00
2018.01.05 13:15:00.944,0.97601,0.97609,3.04,1.00
2018.01.05 13:15:01.482,0.97601,0.97609,4.54,1.00
2018.01.05 13:15:02.781,0.97604,0.97609,1.87,1.00
2018.01.05 13:15:02.834,0.97605,0.97611,1.00,1.00
2018.01.05 13:15:03.792,0.97604,0.97611,1.91,1.00
2018.01.05 13:15:04.413,0.97605,0.97611,1.00,1.00
2018.01.05 13:15:05.929,0.97606,0.97611,1.00,1.00
2018.01.05 13:15:07.106,0.97606,0.97612,1.31,1.00
2018.01.05 13:15:07.314,0.97606,0.97614,1.91,1.00
2018.01.05 13:15:07.867,0.97607,0.97614,1.00,1.00
2018.01.05 13:15:09.297,0.97606,0.97614,1.31,1.00
2018.01.05 13:15:09.806,0.97606,0.97613,1.31,1.00
2018.01.05 13:15:14.814,0.97606,0.97616,1.31,2.25
2018.01.05 13:15:15.261,0.97606,0.97614,1.31,1.00
2018.01.05 13:15:15.314,0.97606,0.97616,1.31,2.25
2018.01.05 13:15:15.366,0.97606,0.97614,1.31,1.00
2018.01.05 13:15:22.929,0.97605,0.97612,1.91,1.00
2018.01.05 13:15:28.397,0.97602,0.97611,2.25,1.00
2018.01.05 13:15:28.949,0.97602,0.9761,2.06,1.00
2018.01.05 13:15:32.118,0.97601,0.9761,1.50,1.00
2018.01.05 13:15:32.624,0.976,0.97609,4.13,1.00
2018.01.05 13:15:33.159,0.976,0.97608,1.19,1.00
2018.01.05 13:15:33.421,0.97598,0.97608,3.19,1.00
2018.01.05 13:15:36.775,0.97598,0.97606,2.63,1.00
2018.01.05 13:15:36.879,0.97597,0.97606,1.13,1.00
2018.01.05 13:16:00.037,0.97597,0.97606,1.79,1.00
2018.01.05 13:16:01.047,0.97596,0.97606,3.51,1.00
2018.01.05 13:16:01.587,0.97597,0.97606,1.22,1.00
2018.01.05 13:16:02.095,0.97597,0.97606,1.41,1.00
2018.01.05 13:16:02.636,0.97597,0.97606,1.41,1.00
2018.01.05 13:16:05.138,0.97598,0.97606,1.35,1.00
2018.01.05 13:16:06.389,0.97599,0.97607,1.22,1.00
2018.01.05 13:16:18.959,0.97598,0.97607,1.60,1.00
2018.01.05 13:16:22.841,0.97599,0.97607,1.41,1.00
2018.01.05 13:16:23.395,0.97598,0.97607,2.16,1.00
2018.01.05 13:16:24.020,0.976,0.97609,1.00,1.00
2018.01.05 13:16:27.374,0.976,0.97609,3.47,1.00
2018.01.05 13:16:27.964,0.97601,0.9761,1.41,1.00
2018.01.05 13:16:28.494,0.97601,0.9761,1.41,1.00
2018.01.05 13:16:29.035,0.97601,0.9761,1.41,1.00
2018.01.05 13:16:29.666,0.97601,0.9761,1.41,1.00
2018.01.05 13:16:30.665,0.976,0.9761,3.29,1.00
2018.01.05 13:16:31.482,0.976,0.9761,1.79,1.00
2018.01.05 13:16:34.008,0.976,0.9761,2.91,1.00
2018.01.05 13:16:34.920,0.976,0.9761,2.91,1.00
2018.01.05 13:16:35.472,0.97601,0.9761,1.41,1.00
2018.01.05 13:16:36.004,0.976,0.9761,1.31,1.00
2018.01.05 13:16:39.872,0.976,0.97611,1.60,1.88
2018.01.05 13:16:40.598,0.976,0.97611,2.16,1.69
2018.01.05 13:16:42.017,0.976,0.97611,2.16,1.69
2018.01.05 13:16:42.639,0.976,0.97611,2.16,1.69
2018.01.05 13:16:43.293,0.976,0.97611,2.16,1.69
2018.01.05 13:16:44.799,0.976,0.97611,1.41,1.88
2018.01.05 13:16:45.416,0.97599,0.97611,6.13,1.69
2018.01.05 13:16:45.937,0.976,0.97611,1.10,1.88
2018.01.05 13:16:48.651,0.97599,0.97611,5.39,2.06
2018.01.05 13:16:59.267,0.97599,0.97611,5.09,1.19
2018.01.05 13:16:59.791,0.976,0.97611,4.22,1.00
2018.01.05 13:17:00.781,0.976,0.97611,2.72,1.00
2018.01.05 13:17:01.816,0.976,0.97611,1.97,1.00
2018.01.05 13:17:02.331,0.976,0.97611,4.82,1.00
2018.01.05 13:17:03.349,0.97604,0.97613,1.60,1.29
2018.01.05 13:17:03.509,0.97607,0.97618,3.04,1.44
2018.01.05 13:17:03.973,0.97608,0.97619,1.97,2.06
2018.01.05 13:17:04.183,0.97608,0.97619,3.00,1.25
2018.01.05 13:17:04.694,0.9761,0.9762,1.13,2.25
2018.01.05 13:17:05.101,0.97611,0.97621,1.69,2.06
2018.01.05 13:17:05.207,0.97616,0.97624,1.00,1.00
2018.01.05 13:17:05.260,0.97615,0.97626,1.72,1.00
2018.01.05 13:17:05.776,0.97615,0.97627,1.35,1.50
2018.01.05 13:17:06.308,0.97615,0.97627,2.10,2.25
2018.01.05 13:17:07.837,0.97616,0.97628,1.00,4.20
2018.01.05 13:17:08.347,0.97615,0.97627,3.98,1.88
2018.01.05 13:17:08.853,0.97615,0.97627,3.79,1.12
2018.01.05 13:17:09.379,0.97614,0.97626,3.22,1.19
2018.01.05 13:17:09.898,0.97614,0.97626,3.49,1.25
2018.01.05 13:17:10.208,0.97614,0.97626,4.80,1.13
2018.01.05 13:17:13.272,0.97614,0.97626,2.89,1.25
2018.01.05 13:17:14.679,0.97615,0.97626,1.12,1.44
2018.01.05 13:17:14.731,0.97613,0.97626,3.79,1.87
2018.01.05 13:17:15.251,0.97613,0.97627,5.29,6.00
2018.01.05 13:17:16.488,0.97614,0.97627,2.06,3.75
2018.01.05 13:17:20.732,0.97614,0.97626,1.25,1.69
2018.01.05 13:17:21.628,0.97614,0.97626,1.88,2.25
2018.01.05 13:17:22.164,0.97614,0.97626,1.31,3.00
2018.01.05 13:17:22.742,0.97612,0.97623,3.41,1.25
2018.01.05 13:17:24.196,0.97612,0.97624,3.04,3.75
2018.01.05 13:17:24.872,0.97612,0.97624,4.16,4.13
2018.01.05 13:17:26.478,0.97612,0.97623,1.00,3.04
2018.01.05 13:17:27.007,0.97611,0.97622,1.31,1.50
2018.01.05 13:17:30.301,0.97611,0.97622,1.42,1.13
2018.01.05 13:17:30.915,0.97611,0.97623,1.35,1.88
2018.01.05 13:17:31.421,0.97613,0.97625,1.79,2.89
2018.01.05 13:17:32.021,0.97614,0.97625,1.27,1.13
2018.01.05 13:17:32.388,0.97615,0.97628,2.20,4.76
2018.01.05 13:17:32.699,0.97615,0.97627,1.60,1.88
2018.01.05 13:17:33.266,0.97615,0.97627,2.17,1.69
2018.01.05 13:17:33.577,0.97616,0.97628,1.23,3.94
2018.01.05 13:17:35.411,0.97616,0.97628,1.98,1.00
2018.01.05 13:17:35.738,0.97616,0.97628,4.60,1.25
2018.01.05 13:17:37.544,0.97616,0.97628,4.04,1.25
2018.01.05 13:17:39.477,0.97617,0.97629,1.23,3.94
2018.01.05 13:17:40.025,0.97616,0.97628,5.17,1.25
2018.01.05 13:17:40.536,0.97617,0.97628,1.23,1.25
2018.01.05 13:17:41.130,0.97617,0.97628,1.13,1.13
2018.01.05 13:17:42.081,0.97616,0.97628,3.19,1.13
2018.01.05 13:17:42.705,0.97617,0.97628,1.00,1.69
2018.01.05 13:17:43.384,0.97616,0.97628,3.00,1.13
2018.01.05 13:17:43.900,0.97617,0.97628,1.13,1.13
2018.01.05 13:17:45.713,0.97616,0.97628,2.25,1.25
2018.01.05 13:17:50.558,0.97616,0.97627,3.41,1.13
2018.01.05 13:17:53.181,0.97617,0.97627,1.12,1.00
2018.01.05 13:17:56.000,0.97618,0.97629,4.12,1.50
2018.01.05 13:17:56.521,0.97618,0.97629,1.69,2.44
2018.01.05 13:17:58.153,0.97618,0.97629,1.00,4.35
2018.01.05 13:17:58.717,0.97618,0.97629,1.00,5.10
2018.01.05 13:17:59.241,0.97617,0.97628,1.50,1.44
2018.01.05 13:18:00.988,0.97617,0.97628,1.69,1.25
2018.01.05 13:18:09.707,0.97617,0.97627,1.00,1.00
2018.01.05 13:18:10.279,0.97617,0.97627,1.00,1.44
2018.01.05 13:18:10.847,0.97616,0.97626,1.13,1.25
2018.01.05 13:18:12.470,0.97612,0.97622,4.01,3.04
2018.01.05 13:18:12.634,0.97611,0.97621,1.00,1.12
2018.01.05 13:18:12.688,0.97607,0.97618,3.19,1.69
2018.01.05 13:18:12.744,0.97607,0.97618,2.25,1.25
2018.01.05 13:18:13.305,0.97607,0.97617,1.12,1.13
2018.01.05 13:18:13.873,0.97607,0.97618,1.12,1.69
2018.01.05 13:18:17.393,0.97605,0.97617,1.31,1.44
2018.01.05 13:18:17.913,0.97606,0.97618,1.00,2.25
2018.01.05 13:18:19.765,0.97605,0.97618,4.50,1.88
2018.01.05 13:18:20.286,0.97606,0.97618,1.25,2.06
2018.01.05 13:18:30.740,0.97605,0.97618,3.04,5.44
2018.01.05 13:18:31.279,0.97606,0.97618,1.31,5.63
2018.01.05 13:18:32.039,0.97603,0.97613,1.62,2.10
2018.01.05 13:18:32.094,0.97601,0.97612,1.29,1.30
2018.01.05 13:18:32.149,0.976,0.97612,1.31,1.91
2018.01.05 13:18:32.312,0.97598,0.9761,5.51,1.00
2018.01.05 13:18:33.387,0.97598,0.9761,1.50,3.23
2018.01.05 13:18:34.285,0.97597,0.9761,1.87,5.25
2018.01.05 13:18:36.017,0.97597,0.97609,1.25,3.56
2018.01.05 13:18:37.896,0.97596,0.97608,1.69,1.50
2018.01.05 13:18:38.419,0.97596,0.97609,2.81,4.13
2018.01.05 13:18:38.937,0.97596,0.97609,3.56,4.50
2018.01.05 13:18:39.715,0.97597,0.97609,1.13,3.38
2018.01.05 13:18:40.284,0.97596,0.97608,1.13,2.06
2018.01.05 13:18:44.395,0.97596,0.97609,1.50,3.94
2018.01.05 13:18:44.807,0.97597,0.97609,2.44,1.25
2018.01.05 13:18:45.251,0.97597,0.97609,1.25,1.31
2018.01.05 13:18:45.685,0.97595,0.97607,2.92,1.25
2018.01.05 13:18:46.098,0.97594,0.97605,1.95,2.25
2018.01.05 13:18:46.151,0.97592,0.97604,2.70,3.56
2018.01.05 13:18:46.655,0.97592,0.97604,3.19,3.94
2018.01.05 13:18:50.408,0.97595,0.97604,2.25,1.00
2018.01.05 13:18:50.460,0.97596,0.97608,1.50,2.44
2018.01.05 13:18:50.987,0.97596,0.97607,1.50,1.00
2018.01.05 13:18:51.571,0.97595,0.97607,1.50,1.88
2018.01.05 13:18:55.133,0.97594,0.97604,1.69,1.54
2018.01.05 13:18:55.187,0.97591,0.97603,3.75,1.50
2018.01.05 13:18:55.706,0.97591,0.97603,2.63,1.88
2018.01.05 13:18:56.326,0.97589,0.97601,5.70,1.69
2018.01.05 13:18:56.379,0.97589,0.97601,4.88,1.25
2018.01.05 13:18:56.484,0.97591,0.97603,1.44,7.80
2018.01.05 13:18:56.993,0.97591,0.97603,1.25,4.24
2018.01.05 13:18:57.535,0.97591,0.97603,1.31,7.05
2018.01.05 13:18:59.249,0.97595,0.97605,1.00,4.50
2018.01.05 13:18:59.302,0.97596,0.97605,1.54,1.31
2018.01.05 13:18:59.847,0.97594,0.97606,2.48,1.50
2018.01.05 13:19:11.310,0.97595,0.97607,1.12,1.69
2018.01.05 13:19:11.848,0.97596,0.97607,1.25,2.44
2018.01.05 13:19:13.419,0.97595,0.97607,2.66,2.63
2018.01.05 13:19:14.067,0.97596,0.97607,1.25,2.81
2018.01.05 13:19:15.865,0.97596,0.97607,1.00,2.62
2018.01.05 13:19:16.424,0.97596,0.97607,1.25,2.81
2018.01.05 13:19:17.736,0.97593,0.97603,1.00,2.85
2018.01.05 13:19:17.842,0.97591,0.97603,3.75,1.25
2018.01.05 13:19:18.103,0.9759,0.97601,1.38,1.25
2018.01.05 13:19:18.406,0.97589,0.97599,1.69,1.00
2018.01.05 13:19:22.951,0.97589,0.976,1.37,1.00
2018.01.05 13:19:24.718,0.97589,0.97602,1.62,7.42
2018.01.05 13:19:25.221,0.97588,0.97602,2.63,5.18
2018.01.05 13:19:26.237,0.97596,0.97603,1.30,1.69
2018.01.05 13:19:26.353,0.97596,0.97606,1.13,2.06
2018.01.05 13:19:26.672,0.97595,0.97606,3.00,1.25
2018.01.05 13:19:30.024,0.97596,0.97607,1.55,1.69
2018.01.05 13:19:30.807,0.97596,0.97607,2.59,1.19
2018.01.05 13:19:31.384,0.97596,0.97607,1.43,1.19
2018.01.05 13:19:32.240,0.97596,0.97607,1.55,1.19
2018.01.05 13:19:32.758,0.97597,0.97607,1.80,1.19
2018.01.05 13:19:33.139,0.97598,0.97608,1.43,1.00
2018.01.05 13:19:33.771,0.97598,0.97608,1.24,1.00
2018.01.05 13:19:37.323,0.97598,0.97609,1.99,1.50
2018.01.05 13:19:37.889,0.97598,0.97608,1.61,1.00
2018.01.05 13:19:38.402,0.97598,0.97608,1.43,1.00
2018.01.05 13:19:38.909,0.97598,0.97609,1.61,2.06
2018.01.05 13:19:40.158,0.97598,0.97609,2.55,1.31
2018.01.05 13:19:40.261,0.97598,0.97609,3.30,1.31
2018.01.05 13:19:40.601,0.976,0.97611,5.18,1.00
2018.01.05 13:19:41.114,0.97602,0.97611,1.43,1.00
2018.01.05 13:19:41.218,0.97603,0.97613,1.99,1.00
2018.01.05 13:19:41.736,0.97603,0.97614,1.99,2.63
2018.01.05 13:19:42.742,0.97603,0.97614,3.11,1.00
2018.01.05 13:19:43.293,0.97603,0.97614,3.11,1.00
2018.01.05 13:19:43.554,0.97605,0.97617,2.59,2.81
2018.01.05 13:19:44.134,0.97605,0.97617,6.15,1.44
2018.01.05 13:19:48.938,0.97607,0.97618,1.24,1.00
2018.01.05 13:19:49.587,0.97607,0.97618,1.61,1.00
2018.01.05 13:19:50.550,0.97607,0.97619,1.31,2.06
2018.01.05 13:19:51.070,0.97608,0.97618,1.25,1.25
2018.01.05 13:19:51.587,0.97607,0.9762,2.36,5.33
2018.01.05 13:19:52.137,0.97608,0.97618,1.00,1.00
2018.01.05 13:19:52.697,0.97608,0.9762,1.12,4.76
2018.01.05 13:19:53.228,0.97608,0.97619,1.38,1.13
2018.01.05 13:19:53.952,0.97608,0.97619,1.13,1.12
2018.01.05 13:19:56.264,0.97606,0.97619,3.11,1.69
2018.01.05 13:19:56.792,0.97607,0.97618,2.36,1.12
2018.01.05 13:19:57.214,0.97606,0.97617,4.24,1.00
2018.01.05 13:19:57.721,0.97607,0.97617,1.13,1.00
2018.01.05 13:19:59.138,0.97607,0.97617,3.11,1.00
2018.01.05 13:19:59.242,0.97607,0.9762,5.93,5.66
2018.01.05 13:19:59.433,0.97608,0.97619,1.88,4.54
2018.01.05 13:19:59.850,0.97608,0.97619,1.50,1.13
2018.01.05 13:19:59.954,0.97607,0.97618,2.55,1.00
2018.01.05 13:20:00.258,0.97608,0.97621,3.49,3.19
2018.01.05 13:20:00.581,0.97616,0.97624,1.00,1.00
2018.01.05 13:20:00.634,0.97616,0.97626,1.00,1.25
2018.01.05 13:20:00.910,0.97617,0.97629,1.55,3.08
2018.01.05 13:20:01.331,0.97617,0.97629,1.69,1.69
2018.01.05 13:20:01.385,0.97617,0.97629,2.74,1.69
2018.01.05 13:20:01.896,0.97617,0.97629,2.55,1.69
2018.01.05 13:20:05.902,0.97617,0.97629,1.15,3.00
2018.01.05 13:20:11.373,0.97616,0.97628,3.53,1.31
2018.01.05 13:20:11.903,0.97616,0.97628,3.53,1.31
2018.01.05 13:20:12.465,0.97616,0.97629,3.71,3.56
2018.01.05 13:20:13.817,0.97617,0.97628,1.15,1.31
2018.01.05 13:20:14.342,0.97617,0.97628,1.15,1.69
2018.01.05 13:20:15.841,0.97617,0.97628,1.15,1.69
2018.01.05 13:20:16.262,0.9761,0.97621,4.01,1.25
2018.01.05 13:20:16.796,0.97609,0.9762,2.06,1.13
2018.01.05 13:20:18.090,0.97609,0.97618,1.19,1.00
2018.01.05 13:20:18.143,0.97608,0.97618,2.06,1.00
2018.01.05 13:20:18.387,0.97606,0.97616,3.38,1.00
2018.01.05 13:20:20.207,0.97604,0.97614,1.20,2.06
2018.01.05 13:20:20.558,0.97602,0.97612,2.63,1.00
2018.01.05 13:20:20.768,0.97601,0.97612,1.13,1.25
2018.01.05 13:20:22.830,0.97601,0.97612,1.13,1.69
2018.01.05 13:20:23.365,0.97601,0.97612,1.13,1.31
2018.01.05 13:20:26.774,0.976,0.97612,2.25,3.38
2018.01.05 13:20:30.423,0.97599,0.97612,5.06,2.25
2018.01.05 13:20:30.578,0.97599,0.97611,5.44,1.69
2018.01.05 13:20:34.385,0.97598,0.97611,4.50,4.50
2018.01.05 13:20:36.135,0.976,0.97612,2.44,2.62
2018.01.05 13:20:36.745,0.976,0.97612,2.25,2.06
2018.01.05 13:20:39.291,0.976,0.97612,1.31,1.88
2018.01.05 13:20:39.831,0.976,0.97612,2.06,3.94
2018.01.05 13:20:40.929,0.97599,0.97611,3.56,1.81
2018.01.05 13:20:42.972,0.976,0.97611,3.19,1.00
2018.01.05 13:20:43.237,0.97602,0.97613,2.81,1.00
2018.01.05 13:20:43.902,0.97603,0.97614,1.00,1.25
2018.01.05 13:20:44.163,0.97604,0.97614,1.44,1.00
2018.01.05 13:20:44.905,0.97605,0.97615,1.00,2.06
2018.01.05 13:20:45.137,0.97606,0.97617,3.97,1.25
2018.01.05 13:20:45.747,0.97606,0.97617,1.12,2.06
2018.01.05 13:20:46.299,0.97606,0.97617,2.62,1.31
2018.01.05 13:20:47.219,0.97606,0.97617,3.19,1.13
2018.01.05 13:20:47.768,0.97607,0.97618,1.87,1.69
2018.01.05 13:20:50.433,0.97608,0.97619,1.00,2.06
2018.01.05 13:20:52.167,0.97609,0.97619,1.00,2.06
2018.01.05 13:20:54.602,0.97609,0.9762,3.37,1.25
2018.01.05 13:20:55.249,0.9761,0.9762,1.50,1.25
2018.01.05 13:21:00.205,0.9761,0.9762,1.00,1.00
2018.01.05 13:21:00.788,0.97609,0.9762,3.94,1.25
2018.01.05 13:21:00.842,0.97614,0.97622,1.00,1.69
2018.01.05 13:21:01.363,0.97613,0.97622,1.00,1.00
2018.01.05 13:21:02.190,0.97615,0.97624,1.00,1.25
2018.01.05 13:21:02.801,0.97615,0.97625,1.00,1.13
2018.01.05 13:21:03.401,0.97617,0.97627,1.00,1.13
2018.01.05 13:21:04.939,0.97616,0.97628,1.57,1.88
2018.01.05 13:21:05.485,0.97615,0.97626,3.19,1.00
2018.01.05 13:21:06.094,0.97616,0.97628,1.31,1.88
2018.01.05 13:21:11.785,0.97616,0.97628,1.31,2.63
2018.01.05 13:21:14.442,0.97615,0.97627,3.97,1.12
2018.01.05 13:21:14.991,0.97615,0.97627,2.62,1.31
2018.01.05 13:21:15.585,0.97615,0.97627,2.44,1.13
2018.01.05 13:21:16.536,0.97615,0.97627,4.12,1.31
2018.01.05 13:21:20.055,0.97616,0.97627,1.50,1.00
2018.01.05 13:21:23.929,0.97616,0.97627,1.25,1.63
2018.01.05 13:21:24.428,0.97613,0.97623,1.50,1.87
2018.01.05 13:21:24.482,0.97611,0.97622,2.81,1.12
2018.01.05 13:21:25.002,0.9761,0.97621,2.63,1.00
2018.01.05 13:21:28.987,0.97613,0.97624,2.25,1.10
2018.01.05 13:21:29.352,0.97611,0.97623,2.51,1.13
2018.01.05 13:21:30.816,0.9761,0.97622,2.70,1.00
2018.01.05 13:21:31.594,0.9761,0.97622,3.38,1.13
2018.01.05 13:21:33.095,0.97611,0.97623,2.25,2.25
2018.01.05 13:21:33.597,0.97611,0.97623,2.25,2.06
2018.01.05 13:21:35.676,0.97611,0.97623,1.69,2.25
2018.01.05 13:21:35.881,0.9761,0.97621,1.50,2.06
2018.01.05 13:21:37.748,0.9761,0.97621,1.25,3.79
2018.01.05 13:21:38.111,0.97608,0.97619,1.00,3.75
2018.01.05 13:21:38.216,0.97608,0.97619,1.00,3.94
2018.01.05 13:21:39.556,0.97607,0.97618,1.00,2.44
2018.01.05 13:21:39.788,0.97605,0.97616,3.11,1.50
2018.01.05 13:21:39.893,0.97605,0.97614,1.12,1.00
2018.01.05 13:21:40.047,0.97598,0.9761,1.76,1.00
2018.01.05 13:21:40.308,0.97602,0.97613,1.12,2.74
2018.01.05 13:21:40.360,0.97602,0.97613,1.12,1.12
2018.01.05 13:21:40.878,0.97602,0.97614,3.07,1.88
2018.01.05 13:21:42.592,0.97601,0.97611,1.57,1.00
2018.01.05 13:21:43.132,0.976,0.97612,1.31,1.50
2018.01.05 13:21:43.681,0.976,0.97611,1.69,1.00
2018.01.05 13:21:44.193,0.97601,0.97611,1.00,1.00
2018.01.05 13:21:44.981,0.97601,0.97612,1.00,1.54
2018.01.05 13:21:45.368,0.976,0.97609,1.00,1.12
2018.01.05 13:21:45.527,0.97602,0.97614,1.10,1.31
2018.01.05 13:21:45.789,0.976,0.97613,3.19,1.88
2018.01.05 13:21:47.480,0.97601,0.97613,1.69,2.25
2018.01.05 13:21:49.281,0.976,0.97613,2.25,1.50
2018.01.05 13:21:49.827,0.976,0.97612,1.19,1.50
2018.01.05 13:21:50.372,0.97599,0.97611,1.95,1.13
2018.01.05 13:21:51.029,0.97599,0.97611,1.76,1.50
2018.01.05 13:21:51.564,0.97599,0.97611,1.25,2.25
2018.01.05 13:21:57.210,0.97598,0.97611,1.50,4.01
2018.01.05 13:21:58.609,0.97597,0.97611,6.00,4.71
2018.01.05 13:21:59.132,0.97597,0.97611,6.19,4.90
2018.01.05 13:22:01.168,0.97597,0.97611,5.32,3.21
2018.01.05 13:22:01.670,0.97597,0.97611,5.51,3.40
2018.01.05 13:22:04.093,0.97597,0.97611,3.75,2.47
2018.01.05 13:22:04.674,0.97597,0.97611,4.31,3.02
2018.01.05 13:22:08.020,0.97597,0.97611,2.70,2.09
2018.01.05 13:22:09.833,0.97597,0.9761,3.64,1.12
2018.01.05 13:22:11.031,0.97597,0.9761,4.01,1.74
2018.01.05 13:22:11.700,0.97596,0.97604,1.31,1.35
2018.01.05 13:22:12.007,0.97594,0.97601,1.00,2.10
2018.01.05 13:22:12.060,0.97589,0.97601,1.00,4.49
2018.01.05 13:22:12.592,0.97588,0.97601,2.62,4.53
2018.01.05 13:22:14.006,0.97588,0.976,1.87,1.93
2018.01.05 13:22:17.053,0.97586,0.97598,3.38,2.63
2018.01.05 13:22:17.660,0.97585,0.97597,6.11,1.00
2018.01.05 13:22:18.229,0.97585,0.97597,1.12,3.60
2018.01.05 13:22:18.386,0.97585,0.97597,1.12,3.79
2018.01.05 13:22:18.926,0.97584,0.97596,6.64,1.25
2018.01.05 13:22:19.489,0.97584,0.97597,5.36,1.50
2018.01.05 13:22:19.797,0.97583,0.97594,2.70,1.35
2018.01.05 13:22:20.172,0.97582,0.97594,1.50,3.79
2018.01.05 13:22:20.902,0.97581,0.97593,1.62,2.06
2018.01.05 13:22:21.444,0.9758,0.97592,1.01,3.56
2018.01.05 13:22:21.933,0.97578,0.9759,1.31,1.50
2018.01.05 13:22:22.443,0.97578,0.9759,1.31,1.50
2018.01.05 13:22:22.958,0.97578,0.9759,1.31,1.31
2018.01.05 13:22:24.208,0.97578,0.97589,1.31,1.00
2018.01.05 13:22:26.106,0.97577,0.9759,2.25,4.13
2018.01.05 13:22:26.266,0.97578,0.9759,2.25,1.25
2018.01.05 13:22:27.044,0.97578,0.9759,1.31,1.69
2018.01.05 13:22:27.097,0.97576,0.97587,1.88,1.31
2018.01.05 13:22:27.621,0.97577,0.97589,1.25,2.06
2018.01.05 13:22:28.161,0.97577,0.9759,1.13,5.32
2018.01.05 13:22:28.524,0.97579,0.97591,1.25,4.01
2018.01.05 13:22:29.066,0.97578,0.97591,1.87,2.44
2018.01.05 13:22:30.431,0.97578,0.9759,1.50,1.69
2018.01.05 13:22:30.977,0.97578,0.9759,1.31,1.88
2018.01.05 13:22:32.952,0.97577,0.9759,1.95,4.31
2018.01.05 13:22:33.008,0.97576,0.97588,2.32,1.50
2018.01.05 13:22:33.063,0.97576,0.97587,1.95,1.87
2018.01.05 13:22:33.223,0.97572,0.97584,1.69,1.50
2018.01.05 13:22:33.581,0.97572,0.97584,1.87,1.25
2018.01.05 13:22:33.688,0.9757,0.97582,2.62,1.00
2018.01.05 13:22:34.164,0.97569,0.97582,1.50,1.69
2018.01.05 13:22:34.697,0.97569,0.97582,1.87,1.88
2018.01.05 13:22:35.889,0.97569,0.97582,1.19,1.69
2018.01.05 13:22:36.641,0.97569,0.97582,1.31,2.44
2018.01.05 13:22:37.428,0.97569,0.97582,1.19,1.69
2018.01.05 13:22:37.943,0.97569,0.97582,1.12,2.25
2018.01.05 13:22:42.360,0.97569,0.97581,1.37,1.50
2018.01.05 13:22:43.482,0.97569,0.97581,1.12,1.12
2018.01.05 13:22:44.822,0.9757,0.97581,1.25,1.25
2018.01.05 13:22:45.325,0.97569,0.97582,4.57,2.06
2018.01.05 13:22:46.181,0.97569,0.97582,3.56,1.31
2018.01.05 13:22:48.339,0.97569,0.97582,4.57,1.13
2018.01.05 13:22:49.063,0.97569,0.97582,4.35,1.69
2018.01.05 13:22:54.135,0.97569,0.97582,4.80,1.31
2018.01.05 13:22:54.724,0.9757,0.97582,4.35,1.25
2018.01.05 13:23:02.654,0.97577,0.97586,1.35,4.69
2018.01.05 13:23:02.707,0.97578,0.97588,1.35,2.70
2018.01.05 13:23:02.760,0.97578,0.97588,1.00,1.13
2018.01.05 13:23:03.309,0.97577,0.97588,1.69,1.13
2018.01.05 13:23:09.151,0.97576,0.97586,1.31,1.50
2018.01.05 13:23:09.209,0.97572,0.97583,1.00,1.00
2018.01.05 13:23:09.574,0.9757,0.97581,4.88,1.00
2018.01.05 13:23:14.726,0.9757,0.97579,1.00,1.00
2018.01.05 13:23:15.259,0.97569,0.97579,2.62,1.00
2018.01.05 13:23:23.946,0.97568,0.97579,4.31,1.25
2018.01.05 13:23:29.220,0.97569,0.97579,1.00,1.00
2018.01.05 13:23:30.895,0.97568,0.97579,2.06,1.00
2018.01.05 13:23:35.157,0.97568,0.97579,3.22,1.00
2018.01.05 13:23:37.461,0.9757,0.97579,1.00,1.00
2018.01.05 13:23:37.566,0.9757,0.97581,1.12,1.25
2018.01.05 13:23:38.095,0.97571,0.97581,1.00,1.25
2018.01.05 13:23:38.617,0.9757,0.97581,1.31,1.25
2018.01.05 13:23:39.478,0.97571,0.97582,1.25,1.88
2018.01.05 13:23:40.578,0.97572,0.97583,1.00,2.25
2018.01.05 13:23:41.315,0.97571,0.97583,1.25,1.69
2018.01.05 13:23:42.660,0.97572,0.97583,1.88,1.50
2018.01.05 13:23:42.774,0.97575,0.97584,1.12,1.69
2018.01.05 13:23:43.105,0.97577,0.97588,1.35,1.25
2018.01.05 13:23:45.162,0.97577,0.97589,4.54,1.25
2018.01.05 13:23:46.970,0.97578,0.97589,1.00,1.00
2018.01.05 13:23:47.579,0.97577,0.97589,3.79,1.25
2018.01.05 13:23:53.847,0.97578,0.97589,1.00,1.25
2018.01.05 13:23:57.626,0.97578,0.97589,4.54,1.00
2018.01.05 13:23:58.150,0.97579,0.9759,3.04,1.25
2018.01.05 13:24:08.781,0.9758,0.9759,1.35,1.25
2018.01.05 13:24:09.937,0.97578,0.9759,3.00,2.44
2018.01.05 13:24:09.990,0.97578,0.97589,1.00,2.63
2018.01.05 13:24:10.346,0.97574,0.97584,1.50,2.63
2018.01.05 13:24:10.400,0.97572,0.97582,1.25,1.00
2018.01.05 13:24:15.260,0.9757,0.97581,1.00,2.06
2018.01.05 13:24:17.371,0.9757,0.97581,1.69,1.69
2018.01.05 13:24:17.897,0.97571,0.97581,1.25,1.00
2018.01.05 13:24:23.338,0.97574,0.97582,1.00,1.25
2018.01.05 13:24:23.607,0.97577,0.97588,1.54,3.00
2018.01.05 13:24:24.370,0.97578,0.97588,1.00,1.25
2018.01.05 13:24:25.293,0.97577,0.97589,1.54,5.06
2018.01.05 13:24:25.854,0.97578,0.97588,1.00,1.12
2018.01.05 13:24:31.682,0.97579,0.9759,1.00,1.25
2018.01.05 13:24:35.570,0.9758,0.97591,1.00,1.50
2018.01.05 13:24:35.726,0.97583,0.97593,1.00,1.19
2018.01.05 13:24:35.933,0.97586,0.97597,1.35,4.31
2018.01.05 13:24:36.559,0.97587,0.97597,1.00,1.00
2018.01.05 13:24:37.192,0.97586,0.97597,1.35,1.25
2018.01.05 13:24:37.701,0.97585,0.97597,2.74,1.25
2018.01.05 13:24:38.065,0.97584,0.97596,2.29,1.50
2018.01.05 13:24:38.118,0.97582,0.97594,2.89,1.00
2018.01.05 13:24:38.655,0.97583,0.97595,1.39,1.12
2018.01.05 13:24:39.735,0.97585,0.97595,1.00,1.25
2018.01.05 13:24:39.840,0.97586,0.97597,1.12,1.50
2018.01.05 13:24:40.570,0.97584,0.97595,1.10,3.00
2018.01.05 13:24:40.884,0.97581,0.97593,3.82,1.00
2018.01.05 13:24:42.041,0.97585,0.97596,1.30,1.76
2018.01.05 13:24:42.198,0.97583,0.97595,4.42,1.00
2018.01.05 13:24:42.303,0.97585,0.97595,1.35,1.00
2018.01.05 13:24:42.821,0.97585,0.97596,1.35,1.25
2018.01.05 13:24:43.413,0.97585,0.97597,1.25,1.12
2018.01.05 13:24:43.947,0.97585,0.97597,1.25,1.31
2018.01.05 13:24:44.338,0.97583,0.97594,1.01,1.00
2018.01.05 13:24:45.013,0.97583,0.97596,1.25,4.20
2018.01.05 13:24:45.543,0.97583,0.97596,1.01,3.94
2018.01.05 13:24:45.854,0.97581,0.97594,5.74,1.00
2018.01.05 13:24:46.356,0.97581,0.97594,2.14,1.25
2018.01.05 13:24:46.891,0.97583,0.97593,1.00,1.00
2018.01.05 13:24:47.418,0.97582,0.97593,1.00,1.50
2018.01.05 13:24:48.697,0.97582,0.97592,1.00,1.00
2018.01.05 13:24:48.750,0.9758,0.97591,1.00,1.00
2018.01.05 13:25:00.347,0.97579,0.97591,2.32,1.25
2018.01.05 13:25:00.504,0.97582,0.97593,2.10,1.50
2018.01.05 13:25:00.612,0.97585,0.97596,1.69,2.14
2018.01.05 13:25:01.241,0.97587,0.97598,1.00,1.87
2018.01.05 13:25:01.549,0.97588,0.97599,3.19,1.00
2018.01.05 13:25:02.096,0.97588,0.976,2.44,1.31
2018.01.05 13:25:18.449,0.97589,0.97601,3.45,2.44
2018.01.05 13:25:21.954,0.9759,0.97601,2.25,1.00
2018.01.05 13:25:23.432,0.9759,0.97602,1.12,3.94
2018.01.05 13:25:34.973,0.9759,0.97601,1.00,4.12
2018.01.05 13:25:35.500,0.97589,0.97599,3.37,1.00
2018.01.05 13:25:39.186,0.9759,0.97601,1.12,3.94
2018.01.05 13:25:40.768,0.97591,0.97601,1.50,1.00
2018.01.05 13:25:43.491,0.97598,0.97603,1.50,1.12
2018.01.05 13:25:43.545,0.97598,0.97608,1.87,6.00
2018.01.05 13:25:43.600,0.976,0.9761,1.25,1.87
2018.01.05 13:25:44.268,0.976,0.97611,1.31,1.50
2018.01.05 13:25:47.590,0.97601,0.97611,1.12,1.25
2018.01.05 13:25:49.388,0.97599,0.97611,1.69,2.62
2018.01.05 13:25:49.701,0.97597,0.97609,5.32,3.00
2018.01.05 13:25:50.265,0.97597,0.97609,2.25,3.19
2018.01.05 13:25:51.321,0.97597,0.9761,2.10,5.44
2018.01.05 13:25:51.850,0.97597,0.9761,2.47,4.50
2018.01.05 13:25:53.121,0.97598,0.97609,1.72,1.00
2018.01.05 13:25:53.653,0.97598,0.9761,1.87,1.12
2018.01.05 13:25:54.160,0.97598,0.97609,1.72,1.00
2018.01.05 13:25:54.802,0.97598,0.9761,1.12,4.12
2018.01.05 13:25:55.333,0.97597,0.9761,4.16,2.25
2018.01.05 13:25:55.937,0.97597,0.9761,4.16,1.12
2018.01.05 13:25:56.802,0.97597,0.97609,6.67,1.25
2018.01.05 13:25:57.567,0.97597,0.97609,4.72,1.69
2018.01.05 13:26:00.122,0.97597,0.97609,1.50,4.12
2018.01.05 13:26:00.175,0.97597,0.97609,5.10,3.19
2018.01.05 13:26:01.953,0.97597,0.9761,6.79,1.25
2018.01.05 13:26:02.500,0.97598,0.97609,1.87,1.00
2018.01.05 13:26:03.850,0.97598,0.97609,2.25,1.00
2018.01.05 13:26:06.785,0.97599,0.97609,1.50,1.00
2018.01.05 13:26:08.193,0.97598,0.97609,3.75,1.00
2018.01.05 13:26:14.345,0.97598,0.97609,1.50,2.44
2018.01.05 13:26:14.852,0.97597,0.97608,3.19,1.25
2018.01.05 13:26:18.187,0.97597,0.97608,2.06,1.25
2018.01.05 13:26:19.235,0.97597,0.97608,3.19,1.25
2018.01.05 13:26:23.274,0.97597,0.97608,1.87,1.00
2018.01.05 13:26:27.348,0.97597,0.97607,1.12,1.25
2018.01.05 13:26:28.695,0.97597,0.97607,1.00,1.31
2018.01.05 13:26:29.249,0.97593,0.97602,1.50,1.35
2018.01.05 13:26:29.406,0.97588,0.976,3.56,1.12
2018.01.05 13:26:30.599,0.97596,0.97604,1.87,2.06
2018.01.05 13:26:30.757,0.976,0.97611,1.00,1.69
2018.01.05 13:26:30.894,0.97598,0.97611,2.25,2.62
2018.01.05 13:26:31.428,0.97598,0.9761,1.12,1.25
2018.01.05 13:26:31.850,0.97596,0.97606,1.87,1.00
2018.01.05 13:26:32.026,0.97596,0.97607,1.31,1.87
2018.01.05 13:26:32.078,0.97594,0.97605,4.69,1.00
2018.01.05 13:26:32.389,0.97594,0.97605,2.25,1.00
2018.01.05 13:26:34.053,0.97596,0.97607,1.00,1.50
2018.01.05 13:26:34.616,0.97597,0.97608,1.00,1.25
2018.01.05 13:26:37.358,0.97598,0.97609,1.00,1.12
2018.01.05 13:26:37.993,0.97598,0.97609,1.00,1.31
2018.01.05 13:26:39.890,0.97598,0.9761,3.04,1.00
2018.01.05 13:26:40.423,0.97599,0.9761,1.00,1.69
2018.01.05 13:26:47.694,0.976,0.97611,1.00,2.06
2018.01.05 13:26:52.128,0.976,0.97613,1.87,2.25
2018.01.05 13:26:52.629,0.97601,0.97612,1.00,1.00
2018.01.05 13:26:55.469,0.97602,0.97612,1.00,1.00
2018.01.05 13:26:55.998,0.97601,0.97612,1.50,1.00
2018.01.05 13:26:58.643,0.97603,0.97614,1.00,1.69
2018.01.05 13:27:01.698,0.97603,0.97614,1.25,1.37
2018.01.05 13:27:09.197,0.97604,0.97614,1.00,1.37
2018.01.05 13:27:11.692,0.97604,0.97615,1.00,3.00
2018.01.05 13:27:13.071,0.97605,0.97615,1.00,1.37
2018.01.05 13:27:14.138,0.97605,0.97616,1.25,3.60
2018.01.05 13:27:16.106,0.97604,0.97615,1.00,2.66
2018.01.05 13:27:16.420,0.97601,0.97612,1.00,1.00
2018.01.05 13:27:19.791,0.976,0.97611,1.87,1.00
2018.01.05 13:27:22.721,0.97603,0.97613,2.85,2.06
2018.01.05 13:27:22.780,0.97604,0.97614,2.47,2.25
2018.01.05 13:27:23.269,0.97606,0.97615,1.00,1.00
2018.01.05 13:27:26.165,0.976,0.97611,5.47,1.00
2018.01.05 13:27:26.331,0.97599,0.97609,1.00,1.00
2018.01.05 13:27:28.752,0.97597,0.97608,4.91,1.00
2018.01.05 13:27:29.284,0.97597,0.97608,4.72,1.00
2018.01.05 13:27:32.118,0.97596,0.97607,2.62,1.12
2018.01.05 13:27:32.176,0.97596,0.97605,1.12,1.00
2018.01.05 13:27:32.357,0.97588,0.97601,5.06,1.50
2018.01.05 13:27:32.893,0.97588,0.976,1.25,1.12
2018.01.05 13:27:33.860,0.97589,0.976,1.00,1.12
2018.01.05 13:27:40.120,0.97589,0.97601,1.00,1.31
2018.01.05 13:27:45.170,0.97589,0.97601,1.69,1.12
2018.01.05 13:27:45.481,0.97588,0.97601,2.25,1.25
2018.01.05 13:27:46.172,0.97589,0.97601,1.00,1.00
2018.01.05 13:27:48.242,0.97589,0.97601,1.00,2.44
2018.01.05 13:27:48.771,0.97588,0.97601,2.06,1.87
2018.01.05 13:27:49.281,0.97588,0.97601,1.12,1.69
2018.01.05 13:27:49.932,0.97588,0.97601,1.69,1.87
2018.01.05 13:27:51.972,0.97588,0.976,1.00,1.19
2018.01.05 13:27:52.480,0.97588,0.97601,1.00,3.56
2018.01.05 13:27:54.969,0.97587,0.97601,2.47,3.75
2018.01.05 13:27:58.956,0.97586,0.97598,3.37,1.00
2018.01.05 13:27:59.494,0.97586,0.976,1.87,2.81
2018.01.05 13:28:00.086,0.97586,0.976,2.89,3.56
2018.01.05 13:28:00.707,0.97587,0.97598,3.45,1.00
2018.01.05 13:28:03.757,0.97589,0.976,1.00,1.69
2018.01.05 13:28:06.259,0.9759,0.976,1.00,1.25
2018.01.05 13:28:06.867,0.9759,0.97601,1.22,2.25
2018.01.05 13:28:07.675,0.97594,0.97606,2.10,5.51
2018.01.05 13:28:07.729,0.97593,0.97604,1.30,2.25
2018.01.05 13:28:08.179,0.97596,0.97606,1.00,3.56
2018.01.05 13:28:08.313,0.97596,0.97606,1.00,1.69
2018.01.05 13:28:16.503,0.97596,0.97606,1.30,1.62
2018.01.05 13:28:16.558,0.97592,0.97602,1.69,1.12
2018.01.05 13:28:16.613,0.9759,0.97601,1.69,1.00
2018.01.05 13:28:16.834,0.97588,0.97599,1.44,1.37
2018.01.05 13:28:16.995,0.97586,0.97597,1.00,1.69
2018.01.05 13:28:17.104,0.97583,0.97595,2.29,1.00
2018.01.05 13:28:17.157,0.97583,0.97597,1.49,1.20
2018.01.05 13:28:17.662,0.97583,0.97597,1.91,1.58
2018.01.05 13:28:18.134,0.97584,0.97598,3.41,2.14
2018.01.05 13:28:18.657,0.97587,0.976,1.72,1.10
2018.01.05 13:28:18.866,0.97586,0.97599,1.91,1.69
2018.01.05 13:28:19.234,0.97588,0.97601,1.00,1.76
2018.01.05 13:28:19.735,0.97587,0.976,1.91,1.19
2018.01.05 13:28:20.049,0.97585,0.97598,1.91,1.63
2018.01.05 13:28:20.680,0.97585,0.97599,1.91,2.14
2018.01.05 13:28:21.812,0.97585,0.97597,1.72,1.00
2018.01.05 13:28:22.734,0.97585,0.97599,2.10,3.45
2018.01.05 13:28:23.098,0.97588,0.97601,1.00,3.00
2018.01.05 13:28:23.411,0.9759,0.97601,1.00,1.50
2018.01.05 13:28:23.922,0.97591,0.97602,1.00,1.12
2018.01.05 13:28:28.652,0.97591,0.97602,1.00,2.44
2018.01.05 13:28:29.180,0.9759,0.97601,1.00,1.00
2018.01.05 13:28:32.967,0.97595,0.97603,1.30,1.00
2018.01.05 13:28:33.021,0.97596,0.97607,1.00,1.00
2018.01.05 13:28:33.074,0.97594,0.97605,1.00,1.00
2018.01.05 13:28:33.389,0.97595,0.97606,1.22,1.00
2018.01.05 13:28:33.905,0.97595,0.97606,1.30,1.44
2018.01.05 13:28:34.457,0.97595,0.97606,1.22,1.44
2018.01.05 13:28:35.147,0.97595,0.97606,1.22,1.25
2018.01.05 13:28:36.995,0.97595,0.97606,1.30,1.00
2018.01.05 13:28:38.901,0.97595,0.97606,1.22,1.25
2018.01.05 13:28:39.507,0.97595,0.97606,1.30,1.25
2018.01.05 13:28:39.840,0.97597,0.97608,1.00,1.38
2018.01.05 13:28:40.926,0.97597,0.97608,1.00,1.44
2018.01.05 13:28:41.518,0.97597,0.97608,1.00,1.38
2018.01.05 13:28:42.108,0.97597,0.97608,1.00,1.50
2018.01.05 13:28:42.651,0.97597,0.97608,1.30,1.00
2018.01.05 13:28:43.533,0.97598,0.97609,1.00,2.06
2018.01.05 13:28:47.862,0.97599,0.9761,1.00,1.50
2018.01.05 13:28:48.925,0.97599,0.9761,1.00,1.31
2018.01.05 13:28:49.241,0.97598,0.97609,1.00,2.06
2018.01.05 13:28:50.163,0.97598,0.97609,1.30,1.50
2018.01.05 13:28:50.983,0.97598,0.97609,1.00,1.25
2018.01.05 13:28:51.392,0.97598,0.97609,1.00,2.25
2018.01.05 13:28:52.014,0.97598,0.97609,1.00,2.63
2018.01.05 13:28:52.067,0.97596,0.97609,2.10,1.88
2018.01.05 13:28:52.327,0.97598,0.97609,1.00,1.69
2018.01.05 13:28:52.655,0.97606,0.97619,1.25,1.25
2018.01.05 13:28:52.760,0.97606,0.97616,1.25,2.25
2018.01.05 13:28:52.813,0.97604,0.97614,1.00,1.00
2018.01.05 13:28:53.178,0.97599,0.97612,1.95,2.63
2018.01.05 13:28:53.231,0.97599,0.97611,1.00,1.50
2018.01.05 13:28:53.511,0.97596,0.97611,2.44,3.49
2018.01.05 13:28:54.032,0.97596,0.9761,1.00,2.44
2018.01.05 13:28:54.309,0.97602,0.97612,1.25,1.57
2018.01.05 13:28:54.520,0.97597,0.97608,1.50,1.00
2018.01.05 13:28:54.749,0.97599,0.97609,1.00,3.19
2018.01.05 13:29:00.006,0.97599,0.97608,1.00,1.50
2018.01.05 13:29:00.062,0.97596,0.97608,1.69,1.00
2018.01.05 13:29:00.116,0.97596,0.9761,1.00,1.31
2018.01.05 13:29:01.137,0.97596,0.97611,2.06,1.25
2018.01.05 13:29:01.191,0.97602,0.97613,1.00,1.35
2018.01.05 13:29:01.513,0.97605,0.97618,1.25,1.00
2018.01.05 13:29:01.754,0.97605,0.9762,1.00,1.69
2018.01.05 13:29:01.862,0.97601,0.97618,1.44,1.35
2018.01.05 13:29:02.380,0.97601,0.97618,1.25,1.35
2018.01.05 13:29:02.433,0.97602,0.97618,1.31,1.00
2018.01.05 13:29:02.751,0.97604,0.9762,2.10,1.88
2018.01.05 13:29:03.492,0.97604,0.97619,3.04,1.00
2018.01.05 13:29:03.547,0.97601,0.97615,1.91,1.25
2018.01.05 13:29:03.756,0.97601,0.97615,1.00,1.25
2018.01.05 13:29:04.285,0.97601,0.97616,1.35,1.25
2018.01.05 13:29:04.472,0.97603,0.97616,1.25,1.19
2018.01.05 13:29:04.526,0.97605,0.97619,1.00,1.25
2018.01.05 13:29:05.387,0.97604,0.97619,3.23,1.00
2018.01.05 13:29:05.987,0.97605,0.97619,1.35,1.00
2018.01.05 13:29:06.832,0.97605,0.9762,2.63,1.13
2018.01.05 13:29:08.754,0.97605,0.97621,2.44,1.12
2018.01.05 13:29:09.392,0.97605,0.97621,2.44,1.69
2018.01.05 13:29:09.497,0.97604,0.97619,1.69,1.44
2018.01.05 13:29:10.025,0.97603,0.97619,1.87,1.25
2018.01.05 13:29:11.617,0.97601,0.97614,1.25,1.00
2018.01.05 13:29:12.207,0.97601,0.97615,1.25,1.00
2018.01.05 13:29:12.527,0.97602,0.97617,1.00,1.00
2018.01.05 13:29:12.642,0.976,0.97615,1.87,1.00
2018.01.05 13:29:13.215,0.976,0.97615,1.12,1.00
2018.01.05 13:29:15.131,0.976,0.97616,1.00,1.00
2018.01.05 13:29:15.186,0.976,0.97618,1.00,1.50
2018.01.05 13:29:15.240,0.976,0.97616,1.00,1.00
2018.01.05 13:29:15.758,0.976,0.97615,1.00,1.00
2018.01.05 13:29:19.961,0.97599,0.97613,1.69,1.00
2018.01.05 13:29:24.683,0.97599,0.97612,1.50,1.00
2018.01.05 13:29:27.329,0.97599,0.97613,1.00,1.00
2018.01.05 13:29:28.351,0.97601,0.97616,1.25,1.00
2018.01.05 13:29:28.404,0.97601,0.97618,3.23,1.00
2018.01.05 13:29:28.509,0.97603,0.9762,1.25,3.11
2018.01.05 13:29:29.056,0.97604,0.97621,1.00,2.25
2018.01.05 13:29:29.547,0.97604,0.97617,1.00,1.12
2018.01.05 13:29:29.603,0.97602,0.97616,1.00,1.00
2018.01.05 13:29:30.104,0.97601,0.97618,1.25,1.60
2018.01.05 13:29:30.160,0.97604,0.97618,1.30,1.00
2018.01.05 13:29:30.214,0.97603,0.9762,2.47,1.00
2018.01.05 13:29:30.764,0.97604,0.97621,1.12,1.00
2018.01.05 13:29:31.146,0.97604,0.97624,1.87,2.25
2018.01.05 13:29:31.649,0.97605,0.97624,1.69,2.44
2018.01.05 13:29:33.978,0.97606,0.97625,1.00,1.69
2018.01.05 13:29:34.484,0.97606,0.97624,1.00,1.00
2018.01.05 13:29:35.105,0.97606,0.97625,1.00,1.69
2018.01.05 13:29:35.631,0.97607,0.97624,1.00,1.00
2018.01.05 13:29:35.735,0.97605,0.97624,2.44,1.00
2018.01.05 13:29:37.128,0.97605,0.97623,1.00,1.25
2018.01.05 13:29:38.314,0.97605,0.97624,1.00,1.69
2018.01.05 13:29:38.948,0.97605,0.97623,1.00,1.00
2018.01.05 13:29:39.825,0.97605,0.97624,1.50,1.50
2018.01.05 13:29:40.357,0.97605,0.97623,1.00,1.00
2018.01.05 13:29:40.877,0.97604,0.97623,1.69,1.00
2018.01.05 13:29:41.717,0.97605,0.97623,1.00,1.00
2018.01.05 13:29:42.027,0.97614,0.97633,1.66,1.37
2018.01.05 13:29:42.211,0.97611,0.97632,1.50,2.44
2018.01.05 13:29:42.264,0.97611,0.9763,1.00,1.12
2018.01.05 13:29:42.317,0.97611,0.97632,1.00,1.00
2018.01.05 13:29:42.370,0.97611,0.9763,1.00,1.37
2018.01.05 13:29:42.423,0.97609,0.97633,1.25,1.31
2018.01.05 13:29:42.476,0.97611,0.97633,1.25,1.31
2018.01.05 13:29:42.980,0.97611,0.9763,1.25,1.37
2018.01.05 13:29:43.033,0.97611,0.97633,1.25,1.56
2018.01.05 13:29:43.613,0.97611,0.97632,1.69,1.19
2018.01.05 13:29:44.256,0.97611,0.9763,1.69,1.37
2018.01.05 13:29:44.596,0.97616,0.97633,1.69,1.87
2018.01.05 13:29:44.863,0.9762,0.97637,1.00,1.00
2018.01.05 13:29:45.249,0.97624,0.97638,1.00,1.37
2018.01.05 13:29:45.562,0.97624,0.97636,1.00,1.37
2018.01.05 13:29:46.074,0.97624,0.97642,1.00,1.00
2018.01.05 13:29:46.179,0.97626,0.97644,1.00,1.50
2018.01.05 13:29:46.509,0.97626,0.97642,1.00,1.00
2018.01.05 13:29:46.717,0.97622,0.97642,1.00,1.00
2018.01.05 13:29:47.269,0.97621,0.97642,1.00,1.00
2018.01.05 13:29:47.918,0.97621,0.97643,1.00,1.00
2018.01.05 13:29:48.562,0.97622,0.97643,1.00,1.00
2018.01.05 13:29:49.120,0.97622,0.97644,1.00,2.25
2018.01.05 13:29:49.658,0.97623,0.97645,1.00,1.12
2018.01.05 13:29:50.080,0.97627,0.97644,1.00,1.00
2018.01.05 13:29:50.361,0.97627,0.97648,1.00,2.62
2018.01.05 13:29:50.413,0.97632,0.97642,1.00,1.00
2018.01.05 13:29:50.694,0.97632,0.97644,1.00,1.00
2018.01.05 13:29:51.009,0.97632,0.97648,1.00,1.00
2018.01.05 13:29:51.062,0.97632,0.97652,1.00,1.37
2018.01.05 13:29:51.355,0.97635,0.97651,1.00,1.00
2018.01.05 13:29:51.617,0.97635,0.97654,1.00,1.50
2018.01.05 13:29:51.670,0.9764,0.97658,1.00,1.00
2018.01.05 13:29:52.037,0.9764,0.97661,1.00,1.00
2018.01.05 13:29:52.635,0.9764,0.97662,1.00,1.00
2018.01.05 13:29:52.687,0.97643,0.97661,1.00,1.00
2018.01.05 13:29:53.235,0.97643,0.97662,1.00,1.00
2018.01.05 13:29:53.447,0.97636,0.97661,3.00,1.00
2018.01.05 13:29:53.501,0.97625,0.97661,2.25,1.00
2018.01.05 13:29:53.605,0.9762,0.97661,1.00,1.19
2018.01.05 13:29:53.658,0.9762,0.97662,1.37,1.19
2018.01.05 13:29:53.983,0.97628,0.97661,1.00,1.19
2018.01.05 13:29:54.593,0.97628,0.97661,1.00,1.25
2018.01.05 13:29:55.634,0.97628,0.97661,1.00,1.19
2018.01.05 13:29:55.686,0.97628,0.97664,1.00,1.00
2018.01.05 13:29:55.739,0.97625,0.97661,1.00,1.00
2018.01.05 13:29:56.049,0.9762,0.97651,1.00,1.25
2018.01.05 13:29:56.153,0.97619,0.97654,1.50,1.69
2018.01.05 13:29:56.671,0.9762,0.97654,1.00,1.69
2018.01.05 13:29:57.121,0.97612,0.97654,1.25,1.69
2018.01.05 13:29:57.173,0.97618,0.97644,1.00,1.00
2018.01.05 13:29:57.328,0.97618,0.9765,1.00,1.00
2018.01.05 13:29:57.682,0.97618,0.97654,1.25,2.25
2018.01.05 13:29:57.995,0.97613,0.97654,1.87,1.25
2018.01.05 13:29:58.048,0.97617,0.97654,1.00,1.25
2018.01.05 13:29:58.311,0.97611,0.97654,1.00,1.69
2018.01.05 13:29:59.079,0.97618,0.97654,1.00,1.69
2018.01.05 13:29:59.235,0.97615,0.97654,1.00,1.69
2018.01.05 13:29:59.287,0.97615,0.9765,1.00,1.25
2018.01.05 13:29:59.339,0.9761,0.97651,1.19,1.19
2018.01.05 13:29:59.392,0.97593,0.97648,2.11,1.25
2018.01.05 13:29:59.444,0.97609,0.97648,1.00,1.25
2018.01.05 13:29:59.496,0.9761,0.97642,1.00,1.69
2018.01.05 13:29:59.800,0.976,0.97623,1.00,1.00
2018.01.05 13:29:59.914,0.97592,0.97623,1.31,1.00
2018.01.05 13:30:00.428,0.97593,0.97623,1.00,1.00
2018.01.05 13:30:00.768,0.97589,0.97614,1.00,1.00
2018.01.05 13:30:01.232,0.97589,0.97609,1.00,1.44
2018.01.05 13:30:01.284,0.97589,0.97609,1.00,1.00
2018.01.05 13:30:01.336,0.97603,0.97625,1.00,1.87
2018.01.05 13:30:01.658,0.97525,0.97538,1.12,0.75
2018.01.05 13:30:01.711,0.9754,0.97557,1.00,1.00
2018.01.05 13:30:01.862,0.97537,0.97553,1.12,1.00
2018.01.05 13:30:01.914,0.97537,0.9756,1.12,1.50
2018.01.05 13:30:02.205,0.97535,0.97543,1.00,1.00
2018.01.05 13:30:02.261,0.97525,0.97542,2.25,1.00
2018.01.05 13:30:02.364,0.97529,0.97542,1.00,1.00
2018.01.05 13:30:02.418,0.97528,0.97553,1.12,1.00
2018.01.05 13:30:02.469,0.97521,0.97546,1.37,1.50
2018.01.05 13:30:02.812,0.97525,0.97538,1.00,1.00
2018.01.05 13:30:02.867,0.97516,0.9753,1.00,1.00
2018.01.05 13:30:02.919,0.97521,0.97539,1.93,1.00
2018.01.05 13:30:02.970,0.97522,0.97539,1.87,1.00
2018.01.05 13:30:03.022,0.97516,0.97542,3.94,1.34
2018.01.05 13:30:03.189,0.97532,0.97543,1.00,1.00
2018.01.05 13:30:03.282,0.97529,0.97545,1.00,1.00
2018.01.05 13:30:03.335,0.97512,0.97538,1.00,1.00
2018.01.05 13:30:03.559,0.97506,0.97537,1.19,1.00
2018.01.05 13:30:03.864,0.97502,0.97538,1.00,1.00
2018.01.05 13:30:03.968,0.97502,0.97538,1.37,1.00
2018.01.05 13:30:04.435,0.97491,0.97526,1.56,1.50
2018.01.05 13:30:04.738,0.97502,0.97529,1.87,1.00
2018.01.05 13:30:05.086,0.97489,0.97519,1.75,1.50
2018.01.05 13:30:05.189,0.97489,0.97525,1.37,1.87
2018.01.05 13:30:05.369,0.97487,0.97508,1.37,1.00
2018.01.05 13:30:05.596,0.97469,0.97501,1.00,2.25
2018.01.05 13:30:05.856,0.97469,0.97491,1.50,1.50
2018.01.05 13:30:06.211,0.97467,0.97491,2.25,1.50
2018.01.05 13:30:06.298,0.97467,0.97494,2.25,1.00
2018.01.05 13:30:06.350,0.97467,0.97492,1.00,1.50
2018.01.05 13:30:06.733,0.97464,0.97499,1.87,1.00
2018.01.05 13:30:06.792,0.97468,0.97493,1.69,1.00
2018.01.05 13:30:06.844,0.97472,0.97498,1.00,1.00
2018.01.05 13:30:06.896,0.97468,0.97498,1.00,1.00
2018.01.05 13:30:07.041,0.97468,0.97495,1.00,1.00
2018.01.05 13:30:07.364,0.97455,0.97481,1.94,1.00
2018.01.05 13:30:07.660,0.97449,0.97486,1.31,1.50
2018.01.05 13:30:07.715,0.97451,0.9748,1.25,1.00
2018.01.05 13:30:07.820,0.97449,0.97487,1.31,1.00
2018.01.05 13:30:07.874,0.97446,0.97471,1.75,1.50
2018.01.05 13:30:08.150,0.9743,0.97462,1.19,1.00
2018.01.05 13:30:08.243,0.97422,0.97457,1.75,1.00
2018.01.05 13:30:08.312,0.97416,0.97449,1.37,1.50
2018.01.05 13:30:08.413,0.9743,0.97445,1.00,1.00
2018.01.05 13:30:08.713,0.97416,0.97448,1.37,1.19
2018.01.05 13:30:08.796,0.97404,0.97438,1.94,1.25
2018.01.05 13:30:08.866,0.97405,0.97445,1.94,1.50
2018.01.05 13:30:08.971,0.97416,0.97445,2.06,1.50
2018.01.05 13:30:09.168,0.97418,0.97444,1.00,1.50
2018.01.05 13:30:09.221,0.97422,0.97444,1.56,1.00
2018.01.05 13:30:09.274,0.97426,0.9745,1.19,1.00
2018.01.05 13:30:09.411,0.97426,0.97449,1.00,1.50
2018.01.05 13:30:09.778,0.97428,0.97446,1.00,1.00
2018.01.05 13:30:09.895,0.9743,0.97459,1.00,1.00
2018.01.05 13:30:10.003,0.9743,0.97457,1.51,1.00
2018.01.05 13:30:10.058,0.97427,0.9746,1.45,1.12
2018.01.05 13:30:10.120,0.97427,0.97448,1.37,1.00
2018.01.05 13:30:10.235,0.97429,0.97456,1.44,1.37
2018.01.05 13:30:10.289,0.97431,0.97454,1.76,1.00
2018.01.05 13:30:10.409,0.97431,0.97457,1.01,1.12
2018.01.05 13:30:10.681,0.97431,0.97455,1.26,1.00
2018.01.05 13:30:10.983,0.97432,0.97444,1.00,1.00
2018.01.05 13:30:11.042,0.97425,0.97444,1.37,1.50
2018.01.05 13:30:11.099,0.97421,0.97444,1.00,1.00
2018.01.05 13:30:11.154,0.97418,0.97439,1.37,1.00
2018.01.05 13:30:11.535,0.97422,0.97439,1.07,1.50
2018.01.05 13:30:11.588,0.97414,0.97431,1.00,1.00
2018.01.05 13:30:11.640,0.97414,0.97429,1.00,1.00
2018.01.05 13:30:11.693,0.97416,0.97441,1.00,1.00
2018.01.05 13:30:11.746,0.97425,0.97445,1.00,1.00
2018.01.05 13:30:12.096,0.97411,0.97439,1.50,1.56
2018.01.05 13:30:12.355,0.97411,0.97434,1.37,1.50
2018.01.05 13:30:12.689,0.97414,0.97434,1.00,1.00
2018.01.05 13:30:13.009,0.97416,0.97445,1.00,1.00
2018.01.05 13:30:13.066,0.97426,0.97449,1.00,1.00
2018.01.05 13:30:13.120,0.97424,0.97449,1.00,1.00
2018.01.05 13:30:13.218,0.97428,0.97449,1.00,1.00
2018.01.05 13:30:13.313,0.97426,0.9745,1.00,1.00
2018.01.05 13:30:13.469,0.97427,0.97451,3.37,1.00
2018.01.05 13:30:13.592,0.97425,0.97451,3.00,1.50
2018.01.05 13:30:13.882,0.97425,0.97452,1.00,1.69
2018.01.05 13:30:14.092,0.97423,0.97445,1.00,1.00
2018.01.05 13:30:14.144,0.97418,0.97436,2.62,1.00
2018.01.05 13:30:14.518,0.97419,0.97436,2.62,1.00
2018.01.05 13:30:14.621,0.97421,0.97439,2.62,1.00
2018.01.05 13:30:15.114,0.97429,0.97447,2.62,1.31
2018.01.05 13:30:15.166,0.97428,0.97447,1.00,1.19
2018.01.05 13:30:15.254,0.97425,0.97447,1.12,1.00
2018.01.05 13:30:15.315,0.97429,0.97453,3.00,1.50
2018.01.05 13:30:15.425,0.97423,0.97448,1.54,1.44
2018.01.05 13:30:15.638,0.97426,0.97446,1.00,1.00
2018.01.05 13:30:15.693,0.9742,0.97447,4.87,1.00
2018.01.05 13:30:15.758,0.97425,0.97437,2.25,1.00
2018.01.05 13:30:15.809,0.97425,0.97447,2.25,1.00
2018.01.05 13:30:15.862,0.97422,0.97448,1.12,2.25
2018.01.05 13:30:15.914,0.97421,0.97439,1.75,1.27
2018.01.05 13:30:16.218,0.97421,0.97436,3.37,1.00
2018.01.05 13:30:16.609,0.97421,0.97442,1.50,2.02
2018.01.05 13:30:17.039,0.97421,0.97434,3.00,1.00
2018.01.05 13:30:17.092,0.9742,0.97436,2.62,1.27
2018.01.05 13:30:17.146,0.97422,0.9744,1.00,1.00
2018.01.05 13:30:17.254,0.97418,0.9743,3.00,1.00
2018.01.05 13:30:17.311,0.97412,0.97424,2.62,1.00
2018.01.05 13:30:17.369,0.9741,0.97426,1.00,1.00
2018.01.05 13:30:17.524,0.97421,0.97437,2.25,1.31
2018.01.05 13:30:17.599,0.97426,0.97446,4.12,1.50
2018.01.05 13:30:17.692,0.97433,0.97452,1.00,2.44
2018.01.05 13:30:17.762,0.97434,0.97453,2.25,1.50
2018.01.05 13:30:17.816,0.97436,0.97454,1.50,1.50
2018.01.05 13:30:18.068,0.97439,0.9746,1.50,1.62
2018.01.05 13:30:18.122,0.97439,0.97461,3.37,1.50
2018.01.05 13:30:18.307,0.97439,0.97456,3.37,1.00
2018.01.05 13:30:18.621,0.97439,0.97454,3.75,1.27
2018.01.05 13:30:18.795,0.9744,0.97456,1.00,2.02
2018.01.05 13:30:18.972,0.97439,0.97454,1.12,1.00
2018.01.05 13:30:19.414,0.97439,0.97455,1.75,1.00
2018.01.05 13:30:19.468,0.97441,0.97455,1.00,1.00
2018.01.05 13:30:19.523,0.97438,0.97459,3.37,1.12
2018.01.05 13:30:19.684,0.9744,0.97455,2.62,1.00
2018.01.05 13:30:20.306,0.97439,0.97455,3.19,1.00
2018.01.05 13:30:20.360,0.97444,0.97466,2.62,1.49
2018.01.05 13:30:20.502,0.97444,0.97462,1.25,1.00
2018.01.05 13:30:20.658,0.97436,0.97461,2.62,1.00
2018.01.05 13:30:20.783,0.97438,0.97465,1.00,1.37
2018.01.05 13:30:20.892,0.97439,0.97463,1.50,1.00
2018.01.05 13:30:21.127,0.9744,0.97468,2.62,3.74
2018.01.05 13:30:21.392,0.97437,0.97454,1.12,1.50
2018.01.05 13:30:21.737,0.97431,0.97449,2.44,1.00
2018.01.05 13:30:21.790,0.97432,0.97451,1.87,1.69
2018.01.05 13:30:21.983,0.97434,0.97449,1.00,1.50
2018.01.05 13:30:22.139,0.97431,0.97447,1.00,1.00
2018.01.05 13:30:22.289,0.97432,0.9745,1.87,1.00
2018.01.05 13:30:22.341,0.97431,0.97445,1.00,1.00
2018.01.05 13:30:22.512,0.9744,0.97462,1.00,1.72
2018.01.05 13:30:22.618,0.97438,0.97465,1.00,4.35
2018.01.05 13:30:22.672,0.97439,0.97465,2.25,3.60
2018.01.05 13:30:23.002,0.97443,0.97465,1.12,2.25
2018.01.05 13:30:23.264,0.97442,0.97467,1.00,1.00
2018.01.05 13:30:23.317,0.97445,0.97465,1.00,1.00
2018.01.05 13:30:23.671,0.97441,0.97457,2.25,1.52
2018.01.05 13:30:23.776,0.97437,0.97451,1.00,1.00
2018.01.05 13:30:23.830,0.97437,0.97444,1.00,1.00
2018.01.05 13:30:23.929,0.97436,0.97446,1.00,1.00
2018.01.05 13:30:24.153,0.97432,0.97449,1.31,1.59
2018.01.05 13:30:24.211,0.97432,0.97448,1.31,1.00
2018.01.05 13:30:24.289,0.97434,0.97454,1.00,1.87
2018.01.05 13:30:24.498,0.97435,0.97457,1.12,2.81
2018.01.05 13:30:24.701,0.97438,0.97458,1.12,1.12
2018.01.05 13:30:25.016,0.97438,0.97449,2.62,1.59
2018.01.05 13:30:25.068,0.97436,0.97445,1.00,1.00
2018.01.05 13:30:25.128,0.97426,0.97446,1.00,1.34
2018.01.05 13:30:25.289,0.97432,0.97445,2.62,1.12
2018.01.05 13:30:25.341,0.97425,0.97441,1.00,1.12
2018.01.05 13:30:25.499,0.97425,0.97441,1.12,1.87
2018.01.05 13:30:25.552,0.97427,0.97441,1.00,1.87
2018.01.05 13:30:25.916,0.97431,0.97447,1.00,1.52
2018.01.05 13:30:25.969,0.97432,0.9745,1.00,1.00
2018.01.05 13:30:26.022,0.9743,0.97451,1.12,1.12
2018.01.05 13:30:26.437,0.97424,0.97452,8.25,1.00
2018.01.05 13:30:26.600,0.97431,0.97441,1.12,1.34
2018.01.05 13:30:26.861,0.97431,0.97451,1.50,2.62
2018.01.05 13:30:26.915,0.97432,0.97451,3.00,1.12
2018.01.05 13:30:27.021,0.97433,0.97451,1.00,1.87
2018.01.05 13:30:27.137,0.97433,0.97454,1.00,1.87
2018.01.05 13:30:27.191,0.97429,0.97447,3.75,1.00
2018.01.05 13:30:27.245,0.97429,0.97446,1.00,1.34
2018.01.05 13:30:27.298,0.97426,0.97446,2.62,1.00
2018.01.05 13:30:27.370,0.97429,0.97452,2.62,1.50
2018.01.05 13:30:27.577,0.97433,0.97452,2.62,1.12
2018.01.05 13:30:27.914,0.97431,0.97444,3.00,1.00
2018.01.05 13:30:28.024,0.97431,0.97452,1.87,1.37
2018.01.05 13:30:28.454,0.97429,0.97451,1.37,1.00
2018.01.05 13:30:28.612,0.97432,0.97453,1.87,1.37
2018.01.05 13:30:28.933,0.97433,0.97454,3.37,1.87
2018.01.05 13:30:29.588,0.97435,0.97454,1.12,1.87
2018.01.05 13:30:29.910,0.97432,0.97446,2.62,1.34
2018.01.05 13:30:30.150,0.9743,0.97444,1.00,1.34
2018.01.05 13:30:30.423,0.9743,0.97447,4.12,2.09
2018.01.05 13:30:31.069,0.97428,0.97446,1.50,1.34
2018.01.05 13:30:31.675,0.97429,0.97446,1.37,1.34
2018.01.05 13:30:31.790,0.9743,0.97449,1.87,2.25
2018.01.05 13:30:31.851,0.9743,0.97448,1.37,1.00
2018.01.05 13:30:32.209,0.97426,0.97447,1.37,1.37
2018.01.05 13:30:32.262,0.9743,0.97452,1.37,2.62
2018.01.05 13:30:32.367,0.97432,0.97452,1.50,1.00
2018.01.05 13:30:32.861,0.97433,0.9745,1.00,1.00
2018.01.05 13:30:33.187,0.97427,0.97445,2.25,1.00
2018.01.05 13:30:33.547,0.97427,0.97441,1.00,1.00
2018.01.05 13:30:33.816,0.97431,0.97447,1.50,1.00
2018.01.05 13:30:33.868,0.97432,0.97451,1.00,1.50
2018.01.05 13:30:34.063,0.97438,0.97457,1.00,1.37
2018.01.05 13:30:34.681,0.97434,0.97451,1.00,1.12
2018.01.05 13:30:34.998,0.97431,0.97446,1.37,1.12
2018.01.05 13:30:35.336,0.97431,0.97449,2.25,1.12
2018.01.05 13:30:36.005,0.97431,0.97449,1.50,1.50
2018.01.05 13:30:36.161,0.9743,0.97449,2.25,2.62
2018.01.05 13:30:36.266,0.97429,0.97444,1.37,1.00
2018.01.05 13:30:36.320,0.97427,0.97444,3.19,1.00
2018.01.05 13:30:36.376,0.97428,0.97446,1.12,4.31
2018.01.05 13:30:36.433,0.97429,0.97446,1.37,2.62
2018.01.05 13:30:36.774,0.9743,0.9744,1.37,1.00
2018.01.05 13:30:36.829,0.97426,0.97441,1.00,2.62
2018.01.05 13:30:36.883,0.97422,0.97437,2.25,1.50
2018.01.05 13:30:36.938,0.97418,0.97434,1.56,1.00
2018.01.05 13:30:37.117,0.97418,0.97434,1.31,1.87
2018.01.05 13:30:37.299,0.97412,0.97429,1.19,1.00
2018.01.05 13:30:37.354,0.97411,0.97428,1.00,1.00
2018.01.05 13:30:37.407,0.97411,0.97426,1.00,1.00
2018.01.05 13:30:37.461,0.97409,0.97425,1.12,1.00
2018.01.05 13:30:38.813,0.97408,0.97425,1.87,1.69
2018.01.05 13:30:39.092,0.97407,0.97423,1.37,1.00
2018.01.05 13:30:39.145,0.97406,0.97423,2.44,1.25
2018.01.05 13:30:39.676,0.97404,0.97424,1.37,2.62
2018.01.05 13:30:40.095,0.97404,0.97422,1.37,1.87
2018.01.05 13:30:40.146,0.97404,0.97424,1.37,3.37
2018.01.05 13:30:40.546,0.97404,0.97419,1.37,1.12
2018.01.05 13:30:40.970,0.97402,0.97417,1.31,1.12
2018.01.05 13:30:41.480,0.97401,0.97416,1.12,1.00
2018.01.05 13:30:41.586,0.97403,0.9742,1.00,1.37
2018.01.05 13:30:41.641,0.97403,0.97421,1.37,1.12
2018.01.05 13:30:41.830,0.97406,0.97423,1.00,1.00
2018.01.05 13:30:41.935,0.97406,0.97421,1.00,1.00
2018.01.05 13:30:42.373,0.97404,0.9742,1.00,1.12
2018.01.05 13:30:42.739,0.97402,0.97419,2.44,2.25
2018.01.05 13:30:43.436,0.97409,0.97419,1.12,1.00
2018.01.05 13:30:43.492,0.97409,0.97424,2.62,1.75
2018.01.05 13:30:43.550,0.97409,0.97426,2.62,2.06
2018.01.05 13:30:43.950,0.97414,0.97427,1.00,1.37
2018.01.05 13:30:44.289,0.97418,0.97431,1.00,2.25
2018.01.05 13:30:44.342,0.97418,0.97435,1.87,2.62
2018.01.05 13:30:44.395,0.97418,0.97436,1.87,2.62
2018.01.05 13:30:44.453,0.97425,0.97436,1.00,2.44
2018.01.05 13:30:44.676,0.97423,0.97439,2.06,1.12
2018.01.05 13:30:45.063,0.97422,0.97436,1.37,1.00
2018.01.05 13:30:45.481,0.97419,0.97434,1.50,1.50
2018.01.05 13:30:46.188,0.97415,0.9743,1.37,1.12
2018.01.05 13:30:46.295,0.97411,0.97429,1.37,1.00
2018.01.05 13:30:46.557,0.97415,0.97431,1.12,1.00
2018.01.05 13:30:46.999,0.97419,0.97431,1.00,1.00
2018.01.05 13:30:47.328,0.97419,0.97436,1.87,1.00
2018.01.05 13:30:47.561,0.97421,0.97435,1.00,1.12
2018.01.05 13:30:47.613,0.97417,0.97434,2.06,3.00
2018.01.05 13:30:47.717,0.97416,0.97433,1.87,1.00
2018.01.05 13:30:48.148,0.97419,0.97434,1.12,1.68
2018.01.05 13:30:48.357,0.97417,0.97433,1.12,1.25
2018.01.05 13:30:48.829,0.97412,0.97429,1.37,1.00
2018.01.05 13:30:48.936,0.97409,0.97427,1.37,1.25
2018.01.05 13:30:48.991,0.97409,0.97429,1.37,1.31
2018.01.05 13:30:49.508,0.97409,0.97428,1.37,1.50
2018.01.05 13:30:49.770,0.97409,0.97426,1.37,1.50
2018.01.05 13:30:49.822,0.97409,0.97426,1.00,1.87
2018.01.05 13:30:50.098,0.97403,0.97422,3.94,1.12
2018.01.05 13:30:50.433,0.97417,0.97432,1.00,1.00
2018.01.05 13:30:51.634,0.97418,0.97435,1.00,3.94
2018.01.05 13:30:52.252,0.97418,0.97434,1.00,1.00
2018.01.05 13:30:52.770,0.97418,0.97433,1.00,1.25
2018.01.05 13:30:53.293,0.97418,0.97432,1.00,1.00
2018.01.05 13:30:53.345,0.97415,0.97429,2.44,1.00
2018.01.05 13:30:53.554,0.97413,0.97427,2.44,1.00
2018.01.05 13:30:53.753,0.97409,0.97425,1.37,1.25
2018.01.05 13:30:53.819,0.97416,0.97429,1.00,1.31
2018.01.05 13:30:53.873,0.97411,0.97426,1.50,1.50
2018.01.05 13:30:53.925,0.97409,0.97425,1.00,1.00
2018.01.05 13:30:54.453,0.97408,0.97425,1.12,1.25
2018.01.05 13:30:55.400,0.97412,0.97426,1.00,1.00
2018.01.05 13:30:55.453,0.9741,0.97428,1.37,1.00
2018.01.05 13:30:56.155,0.97408,0.97426,1.62,2.06
2018.01.05 13:30:56.409,0.97409,0.97428,1.37,1.31
2018.01.05 13:30:56.469,0.97408,0.97427,1.62,1.69
2018.01.05 13:30:56.794,0.97407,0.97421,1.56,1.00
2018.01.05 13:30:57.112,0.97409,0.97419,1.00,1.00
2018.01.05 13:30:57.164,0.97409,0.97422,1.00,2.25
2018.01.05 13:30:57.717,0.97409,0.97424,1.00,2.25
2018.01.05 13:30:57.824,0.97409,0.97422,1.00,1.00
2018.01.05 13:30:58.303,0.97409,0.97424,1.12,1.00
2018.01.05 13:30:58.361,0.97409,0.97427,1.31,1.00
2018.01.05 13:30:58.415,0.97409,0.97429,1.37,1.87
2018.01.05 13:30:58.742,0.9741,0.97429,1.37,1.12
2018.01.05 13:30:58.966,0.97409,0.97429,1.37,1.69
2018.01.05 13:30:59.814,0.97407,0.97427,2.44,1.50
2018.01.05 13:31:00.164,0.97406,0.97419,1.00,2.25
2018.01.05 13:31:00.323,0.97402,0.97418,1.12,1.12
2018.01.05 13:31:00.866,0.97402,0.97418,1.87,1.31
2018.01.05 13:31:02.011,0.97402,0.97418,1.87,1.12
2018.01.05 13:31:02.175,0.97408,0.97423,1.00,1.00
2018.01.05 13:31:02.388,0.97416,0.97427,1.50,2.24
2018.01.05 13:31:02.442,0.97416,0.97429,1.50,4.12
2018.01.05 13:31:02.553,0.97414,0.97427,1.00,1.00
2018.01.05 13:31:02.710,0.97412,0.97429,2.62,1.00
2018.01.05 13:31:03.233,0.97415,0.97431,1.00,1.37
2018.01.05 13:31:03.693,0.97412,0.97429,3.00,1.00
2018.01.05 13:31:03.748,0.97412,0.97429,1.87,1.00
2018.01.05 13:31:04.093,0.97412,0.97423,1.12,1.00
2018.01.05 13:31:04.148,0.9741,0.97425,1.87,1.37
2018.01.05 13:31:04.205,0.97411,0.97428,1.12,3.00
2018.01.05 13:31:04.311,0.9741,0.97424,1.50,1.00
2018.01.05 13:31:04.635,0.97408,0.97423,2.25,1.87
2018.01.05 13:31:04.688,0.97406,0.97419,1.87,1.00
2018.01.05 13:31:05.520,0.97407,0.97419,1.37,1.00
2018.01.05 13:31:05.679,0.97404,0.97417,4.12,1.00
2018.01.05 13:31:06.188,0.97402,0.97417,1.87,1.12
2018.01.05 13:31:06.696,0.97402,0.97417,1.87,2.62
2018.01.05 13:31:06.750,0.97401,0.97414,1.12,1.00
2018.01.05 13:31:07.130,0.97402,0.97419,2.62,3.37
2018.01.05 13:31:07.184,0.97402,0.97417,5.25,1.00
2018.01.05 13:31:07.812,0.97403,0.97416,2.25,1.00
2018.01.05 13:31:08.459,0.97404,0.9742,1.12,3.00
2018.01.05 13:31:08.771,0.97408,0.97421,1.12,1.69
2018.01.05 13:31:09.102,0.97404,0.97417,1.50,1.00
2018.01.05 13:31:09.262,0.97402,0.97417,1.50,1.87
2018.01.05 13:31:09.317,0.97402,0.97414,1.12,1.00
2018.01.05 13:31:09.663,0.97403,0.97417,1.12,1.00
2018.01.05 13:31:10.112,0.97403,0.97419,1.12,3.56
2018.01.05 13:31:10.269,0.97401,0.97414,4.12,1.00
2018.01.05 13:31:10.378,0.97402,0.97417,1.50,1.12
2018.01.05 13:31:11.311,0.97404,0.97417,1.00,1.00
2018.01.05 13:31:11.365,0.97403,0.97419,1.87,1.12
2018.01.05 13:31:11.685,0.97409,0.97421,1.50,1.37
2018.01.05 13:31:11.795,0.97409,0.97422,1.50,1.12
2018.01.05 13:31:11.905,0.97411,0.97427,2.62,3.00
2018.01.05 13:31:12.032,0.97413,0.97429,1.12,4.50
2018.01.05 13:31:12.213,0.97415,0.97428,1.00,1.25
2018.01.05 13:31:12.473,0.97417,0.97432,2.25,1.00
2018.01.05 13:31:13.499,0.97419,0.97433,1.00,1.37
2018.01.05 13:31:14.816,0.97419,0.97434,1.87,1.25
2018.01.05 13:31:15.329,0.97421,0.97435,1.00,1.50
2018.01.05 13:31:15.852,0.97422,0.97436,1.00,3.19
2018.01.05 13:31:16.924,0.97423,0.97436,1.00,2.25
2018.01.05 13:31:17.453,0.97424,0.97436,1.00,2.25
2018.01.05 13:31:17.991,0.97422,0.97436,1.50,2.25
2018.01.05 13:31:18.095,0.97424,0.97436,1.00,2.25
2018.01.05 13:31:18.201,0.97422,0.97434,1.00,1.50
2018.01.05 13:31:18.827,0.97422,0.97433,1.00,1.50
2018.01.05 13:31:19.047,0.97419,0.97431,1.25,3.37
2018.01.05 13:31:19.261,0.97417,0.97429,1.00,2.44
2018.01.05 13:31:19.429,0.97415,0.97427,1.00,1.87
2018.01.05 13:31:19.489,0.97411,0.97425,1.00,1.50
2018.01.05 13:31:19.738,0.9741,0.9742,1.00,1.87
2018.01.05 13:31:19.793,0.97407,0.9742,1.00,1.12
2018.01.05 13:31:19.953,0.97405,0.97418,1.31,1.37
2018.01.05 13:31:20.296,0.974,0.97417,2.06,1.00
2018.01.05 13:31:20.402,0.97403,0.97418,1.00,2.44
2018.01.05 13:31:20.951,0.97402,0.97418,1.00,1.50
2018.01.05 13:31:21.264,0.97402,0.97416,1.00,1.50
2018.01.05 13:31:21.941,0.97402,0.97418,1.87,1.69
2018.01.05 13:31:21.994,0.97403,0.97419,1.12,1.12
2018.01.05 13:31:22.495,0.97404,0.97416,1.00,1.00
2018.01.05 13:31:22.811,0.97404,0.97419,1.00,2.06
2018.01.05 13:31:23.250,0.97402,0.97417,1.50,1.00
2018.01.05 13:31:23.565,0.974,0.97416,1.50,1.87
2018.01.05 13:31:23.619,0.97402,0.97418,1.00,1.31
2018.01.05 13:31:23.776,0.97402,0.97413,1.00,1.00
2018.01.05 13:31:24.239,0.974,0.97413,1.00,1.00
2018.01.05 13:31:25.149,0.97401,0.97413,1.00,1.00
2018.01.05 13:31:25.410,0.97402,0.97416,1.00,1.69
2018.01.05 13:31:25.562,0.97403,0.97417,1.00,1.50
2018.01.05 13:31:26.153,0.97404,0.97417,1.00,1.00
2018.01.05 13:31:26.743,0.97404,0.97418,1.00,1.00
2018.01.05 13:31:26.960,0.974,0.97412,2.62,1.00
2018.01.05 13:31:27.430,0.97402,0.97413,1.00,1.00
2018.01.05 13:31:27.729,0.97408,0.97421,1.50,1.69
2018.01.05 13:31:28.244,0.97409,0.97421,1.50,1.12
2018.01.05 13:31:29.113,0.9741,0.97421,1.00,1.12
2018.01.05 13:31:30.411,0.9741,0.97422,1.00,1.00
2018.01.05 13:31:30.931,0.9741,0.97421,1.00,1.12
2018.01.05 13:31:31.383,0.97409,0.97418,1.00,1.00
2018.01.05 13:31:31.467,0.97405,0.97416,1.00,1.00
2018.01.05 13:31:33.448,0.97407,0.97419,1.00,1.69
2018.01.05 13:31:33.502,0.97405,0.97415,1.00,1.00
2018.01.05 13:31:33.821,0.97411,0.97419,1.00,1.00
2018.01.05 13:31:33.999,0.97411,0.97422,1.00,1.12
2018.01.05 13:31:34.264,0.97415,0.97428,1.00,3.56
2018.01.05 13:31:34.371,0.97413,0.97423,1.00,1.00
2018.01.05 13:31:34.661,0.97411,0.97422,1.12,1.00
2018.01.05 13:31:35.305,0.97412,0.97423,1.00,1.00
2018.01.05 13:31:35.617,0.97407,0.97416,1.87,1.00
2018.01.05 13:31:35.779,0.97409,0.97422,1.87,1.37
2018.01.05 13:31:35.832,0.97409,0.97422,1.87,1.00
2018.01.05 13:31:35.885,0.97412,0.97421,1.00,1.00
2018.01.05 13:31:36.454,0.97412,0.97422,1.00,1.00
2018.01.05 13:31:37.499,0.97413,0.97424,1.00,1.50
2018.01.05 13:31:37.810,0.97411,0.97423,1.00,1.00
2018.01.05 13:31:37.863,0.97413,0.97423,1.00,1.00
2018.01.05 13:31:38.646,0.97413,0.97423,1.00,1.87
2018.01.05 13:31:38.699,0.97414,0.97425,1.00,1.67
2018.01.05 13:31:38.752,0.97416,0.97427,1.00,2.81
2018.01.05 13:31:38.980,0.9742,0.97431,1.00,2.98
2018.01.05 13:31:39.401,0.97423,0.97431,1.00,1.37
2018.01.05 13:31:39.573,0.97424,0.97436,1.25,1.87
2018.01.05 13:31:39.730,0.97427,0.97439,1.00,1.87
2018.01.05 13:31:40.276,0.97428,0.9744,1.00,1.50
2018.01.05 13:31:40.601,0.97425,0.97439,2.44,2.25
2018.01.05 13:31:40.906,0.97422,0.97433,1.00,1.00
2018.01.05 13:31:41.074,0.97419,0.97431,1.12,1.00
2018.01.05 13:31:41.230,0.97419,0.97428,1.00,1.00
2018.01.05 13:31:41.336,0.97417,0.97429,1.00,1.37
2018.01.05 13:31:41.519,0.97419,0.97429,1.00,1.37
2018.01.05 13:31:42.187,0.97419,0.9743,1.00,2.44
2018.01.05 13:31:42.722,0.9742,0.97431,1.00,1.37
2018.01.05 13:31:43.098,0.97425,0.97435,1.00,1.68
2018.01.05 13:31:43.204,0.97427,0.97437,1.00,1.12
2018.01.05 13:31:43.311,0.97428,0.97439,1.00,1.50
2018.01.05 13:31:43.541,0.97429,0.97441,1.00,1.87
2018.01.05 13:31:43.856,0.97428,0.97437,1.00,1.00
2018.01.05 13:31:44.195,0.9742,0.97432,1.00,1.50
2018.01.05 13:31:44.843,0.97421,0.97432,1.00,1.31
2018.01.05 13:31:45.415,0.97421,0.97431,1.00,1.00
2018.01.05 13:31:46.807,0.97422,0.97431,1.00,1.00
2018.01.05 13:31:46.976,0.97422,0.97433,1.00,1.12
2018.01.05 13:31:47.512,0.97423,0.97434,1.00,1.00
2018.01.05 13:31:48.016,0.97423,0.97433,1.00,1.12
2018.01.05 13:31:48.764,0.97424,0.97435,1.00,1.00
2018.01.05 13:31:48.921,0.97424,0.97433,1.00,1.00
2018.01.05 13:31:49.454,0.97423,0.97433,1.00,1.00
2018.01.05 13:31:49.613,0.97423,0.97435,1.50,1.12
2018.01.05 13:31:50.009,0.97426,0.97435,1.00,1.12
2018.01.05 13:31:50.324,0.97423,0.9743,1.00,1.50
2018.01.05 13:31:50.383,0.9742,0.9743,1.50,1.00
2018.01.05 13:31:50.604,0.97418,0.97429,1.00,1.12
2018.01.05 13:31:50.657,0.97418,0.97427,1.00,1.00
2018.01.05 13:31:51.622,0.97418,0.97428,1.00,1.00
2018.01.05 13:31:52.586,0.9742,0.9743,1.00,1.00
2018.01.05 13:31:52.802,0.97421,0.97432,1.00,1.00
2018.01.05 13:31:53.405,0.97421,0.97431,1.00,1.00
2018.01.05 13:31:53.723,0.9742,0.97429,1.00,1.00
2018.01.05 13:31:53.829,0.97418,0.97428,1.00,1.00
2018.01.05 13:31:54.218,0.97419,0.9743,1.00,1.21
2018.01.05 13:31:54.274,0.97422,0.97432,1.00,1.25
2018.01.05 13:31:54.990,0.97422,0.97431,1.00,1.00
2018.01.05 13:31:55.147,0.97418,0.97431,1.37,1.37
2018.01.05 13:31:55.251,0.97418,0.97429,1.00,1.00
2018.01.05 13:31:55.793,0.97418,0.97428,1.00,1.00
2018.01.05 13:31:57.227,0.97419,0.9743,1.00,1.50
2018.01.05 13:31:57.548,0.97415,0.97424,1.87,1.50
2018.01.05 13:31:57.709,0.97412,0.97422,1.00,1.12
2018.01.05 13:31:58.099,0.9741,0.97421,1.00,1.00
2018.01.05 13:31:58.764,0.97411,0.97422,1.00,1.50
2018.01.05 13:31:59.382,0.97411,0.97422,1.00,1.87
2018.01.05 13:32:00.212,0.97413,0.97424,1.00,1.00
2018.01.05 13:32:00.683,0.97414,0.97427,1.00,1.37
2018.01.05 13:32:02.244,0.97414,0.97428,1.00,1.87
2018.01.05 13:32:05.056,0.97414,0.97428,1.00,1.00
2018.01.05 13:32:05.588,0.97418,0.9743,1.00,1.47
2018.01.05 13:32:05.641,0.97419,0.97431,1.00,1.21
2018.01.05 13:32:06.167,0.9742,0.97432,1.00,1.12
2018.01.05 13:32:06.797,0.97421,0.97432,1.00,1.12
2018.01.05 13:32:07.072,0.97421,0.97434,1.00,1.31
2018.01.05 13:32:07.270,0.97423,0.97434,1.00,1.00
2018.01.05 13:32:08.372,0.97423,0.97435,1.00,1.12
2018.01.05 13:32:08.686,0.97427,0.97439,1.50,1.25
2018.01.05 13:32:09.281,0.97431,0.97443,1.00,2.06
2018.01.05 13:32:09.334,0.97431,0.97443,1.50,1.12
2018.01.05 13:32:09.386,0.97435,0.97444,1.37,1.00
2018.01.05 13:32:09.679,0.97435,0.97449,1.31,1.00
2018.01.05 13:32:09.734,0.97434,0.97447,1.37,1.00
2018.01.05 13:32:09.787,0.97435,0.97449,1.37,1.12
2018.01.05 13:32:09.894,0.97438,0.9745,1.00,1.19
2018.01.05 13:32:10.235,0.9744,0.97452,1.00,1.37
2018.01.05 13:32:10.291,0.97438,0.97451,1.00,1.12
2018.01.05 13:32:10.778,0.97437,0.97449,1.25,1.00
2018.01.05 13:32:10.894,0.97434,0.97447,1.12,1.00
2018.01.05 13:32:11.110,0.97434,0.97446,1.00,1.87
2018.01.05 13:32:11.226,0.97437,0.97449,1.12,1.00
2018.01.05 13:32:11.500,0.97433,0.97445,5.25,1.00
2018.01.05 13:32:11.656,0.97431,0.97443,1.12,1.00
2018.01.05 13:32:11.990,0.97435,0.97447,1.00,1.37
2018.01.05 13:32:12.044,0.97434,0.97448,1.00,1.12
2018.01.05 13:32:12.305,0.97432,0.97449,2.25,2.44
2018.01.05 13:32:12.846,0.97433,0.97449,1.00,2.62
2018.01.05 13:32:13.299,0.97433,0.97443,1.00,1.37
2018.01.05 13:32:13.354,0.97432,0.97444,1.24,1.00
2018.01.05 13:32:13.714,0.97431,0.97447,2.62,1.50
2018.01.05 13:32:14.591,0.97431,0.97442,1.00,1.00
2018.01.05 13:32:15.126,0.9743,0.97442,1.00,1.12
2018.01.05 13:32:15.337,0.97432,0.97447,1.00,2.44
2018.01.05 13:32:15.673,0.97436,0.97448,1.00,1.50
2018.01.05 13:32:16.170,0.97436,0.97449,1.00,1.12
2018.01.05 13:32:16.689,0.97437,0.9745,1.12,1.50
2018.01.05 13:32:18.066,0.97438,0.9745,1.12,1.12
2018.01.05 13:32:18.593,0.97438,0.97451,1.12,1.00
2018.01.05 13:32:19.166,0.97439,0.97453,1.87,1.00
2018.01.05 13:32:19.704,0.97439,0.97452,1.12,1.00
2018.01.05 13:32:20.778,0.97438,0.97451,1.61,1.00
2018.01.05 13:32:21.093,0.97437,0.97449,1.00,1.00
2018.01.05 13:32:21.559,0.97433,0.97443,2.62,1.00
2018.01.05 13:32:21.667,0.9743,0.97443,1.00,1.00
2018.01.05 13:32:21.772,0.97428,0.97443,2.55,1.50
2018.01.05 13:32:22.313,0.97429,0.97441,1.00,1.00
2018.01.05 13:32:22.855,0.97429,0.97442,1.50,1.00
2018.01.05 13:32:23.022,0.97431,0.97445,1.00,4.31
2018.01.05 13:32:23.340,0.97432,0.97447,2.36,1.37
2018.01.05 13:32:23.854,0.97434,0.97448,1.12,1.87
2018.01.05 13:32:24.750,0.97435,0.97448,1.00,1.87
2018.01.05 13:32:27.131,0.97434,0.97449,1.00,1.50
2018.01.05 13:32:27.648,0.97435,0.97448,1.00,1.50
2018.01.05 13:32:27.803,0.97437,0.9745,1.00,1.63
2018.01.05 13:32:28.338,0.97437,0.97451,1.00,2.44
2018.01.05 13:32:28.660,0.97436,0.97448,1.00,2.25
2018.01.05 13:32:29.049,0.97438,0.97448,1.00,1.00
2018.01.05 13:32:29.560,0.97438,0.9745,1.00,1.50
2018.01.05 13:32:29.720,0.97439,0.97451,1.50,1.31
2018.01.05 13:32:29.773,0.9744,0.97453,1.00,1.68
2018.01.05 13:32:29.983,0.97442,0.97455,1.00,1.50
2018.01.05 13:32:30.135,0.97443,0.97456,1.00,1.01
2018.01.05 13:32:30.189,0.97445,0.97458,1.50,1.57
2018.01.05 13:32:30.256,0.97445,0.97458,1.87,1.57
2018.01.05 13:32:30.834,0.97446,0.97459,1.12,2.62
2018.01.05 13:32:30.890,0.97445,0.97457,1.12,3.37
2018.01.05 13:32:31.620,0.97445,0.97457,1.12,1.57
2018.01.05 13:32:32.057,0.97444,0.97456,1.37,1.50
2018.01.05 13:32:32.724,0.97444,0.97456,1.00,1.37
2018.01.05 13:32:33.595,0.97446,0.97457,1.00,1.00
2018.01.05 13:32:33.810,0.97444,0.97458,1.25,5.32
2018.01.05 13:32:33.867,0.97442,0.97452,1.00,1.00
2018.01.05 13:32:34.123,0.97442,0.97455,1.62,1.57
2018.01.05 13:32:34.290,0.97442,0.97453,1.31,3.00
2018.01.05 13:32:34.352,0.9744,0.97451,2.06,2.62
2018.01.05 13:32:34.584,0.97435,0.97445,1.37,1.50
2018.01.05 13:32:34.742,0.9743,0.97443,1.50,4.50
2018.01.05 13:32:34.795,0.97431,0.97444,1.12,1.50
2018.01.05 13:32:34.847,0.97432,0.97446,1.12,3.00
2018.01.05 13:32:35.005,0.97434,0.97447,1.00,1.69
2018.01.05 13:32:35.321,0.97437,0.9745,1.12,1.10
2018.01.05 13:32:35.859,0.97438,0.97451,1.00,1.87
2018.01.05 13:32:36.226,0.97435,0.97447,1.87,1.19
2018.01.05 13:32:36.543,0.97432,0.97443,1.00,1.50
2018.01.05 13:32:36.604,0.9743,0.97443,1.00,3.75
2018.01.05 13:32:36.717,0.97431,0.97443,1.50,1.00
2018.01.05 13:32:36.774,0.9743,0.97442,1.69,1.37
2018.01.05 13:32:37.166,0.97434,0.97444,1.00,1.00
2018.01.05 13:32:37.234,0.97435,0.97447,1.00,1.95
2018.01.05 13:32:37.742,0.97435,0.97447,1.00,1.00
2018.01.05 13:32:37.963,0.97433,0.97443,2.06,1.50
2018.01.05 13:32:38.253,0.97429,0.97443,2.62,2.25
2018.01.05 13:32:38.560,0.97432,0.97443,1.00,1.00
2018.01.05 13:32:38.715,0.97433,0.97446,1.00,1.69
2018.01.05 13:32:38.993,0.97435,0.97448,1.00,2.25
2018.01.05 13:32:39.429,0.97437,0.9745,1.87,2.25
2018.01.05 13:32:39.512,0.97439,0.97451,1.00,2.25
2018.01.05 13:32:40.301,0.97438,0.97451,1.00,2.25
2018.01.05 13:32:40.886,0.97439,0.97451,1.00,1.50
2018.01.05 13:32:41.456,0.97439,0.97452,1.12,1.00
2018.01.05 13:32:41.785,0.97447,0.97459,1.00,1.00
2018.01.05 13:32:42.157,0.97452,0.9746,1.00,1.00
2018.01.05 13:32:42.409,0.97451,0.97464,1.12,1.00
2018.01.05 13:32:42.783,0.9745,0.97463,1.00,2.62
2018.01.05 13:32:43.138,0.97447,0.9746,1.00,1.00
2018.01.05 13:32:43.680,0.97447,0.97461,1.00,5.62
2018.01.05 13:32:43.941,0.97444,0.97457,1.01,1.12
2018.01.05 13:32:47.117,0.97442,0.97454,1.95,1.00
2018.01.05 13:32:47.455,0.97439,0.97446,1.00,1.00
2018.01.05 13:32:47.517,0.97439,0.97449,1.00,1.50
2018.01.05 13:32:47.571,0.97436,0.97449,1.39,1.37
2018.01.05 13:32:47.678,0.97437,0.97449,1.00,1.12
2018.01.05 13:32:47.730,0.97435,0.97448,1.00,1.00
2018.01.05 13:32:48.217,0.97431,0.97445,1.57,1.87
2018.01.05 13:32:48.437,0.97433,0.97446,1.00,1.12
2018.01.05 13:32:48.832,0.97432,0.97444,1.69,1.00
2018.01.05 13:32:49.164,0.97424,0.97439,3.07,1.12
2018.01.05 13:32:49.379,0.97428,0.9744,1.00,1.00
2018.01.05 13:32:49.660,0.97425,0.97438,2.25,1.00
2018.01.05 13:32:50.805,0.97426,0.97438,1.00,1.00
2018.01.05 13:32:51.332,0.97424,0.97436,3.07,1.00
2018.01.05 13:32:51.595,0.97419,0.97432,1.12,1.00
2018.01.05 13:32:52.142,0.97419,0.97431,1.00,1.00
2018.01.05 13:32:52.850,0.97419,0.97432,1.00,1.00
2018.01.05 13:32:53.470,0.97423,0.97435,1.00,1.38
2018.01.05 13:32:53.524,0.97423,0.97436,1.00,1.00
2018.01.05 13:32:53.577,0.97427,0.97438,1.12,1.44
2018.01.05 13:32:53.683,0.97428,0.97441,1.00,1.25
2018.01.05 13:32:54.078,0.97433,0.97444,1.00,1.31
2018.01.05 13:32:54.131,0.97433,0.97447,1.00,1.87
2018.01.05 13:32:54.642,0.97433,0.97447,1.50,1.50
2018.01.05 13:32:54.695,0.97435,0.97447,1.00,1.00
2018.01.05 13:32:56.010,0.97438,0.9745,1.00,1.00
2018.01.05 13:32:56.601,0.97439,0.97451,1.00,1.00
2018.01.05 13:32:57.472,0.97439,0.97452,1.50,1.00
2018.01.05 13:32:57.909,0.97441,0.97453,1.00,1.00
2018.01.05 13:32:58.087,0.97442,0.97456,1.00,1.12
2018.01.05 13:32:58.248,0.97444,0.97456,1.00,1.00
2018.01.05 13:32:58.767,0.97445,0.97457,1.00,1.00
2018.01.05 13:32:59.841,0.97446,0.97458,1.00,1.25
2018.01.05 13:32:59.909,0.97447,0.9746,1.00,1.31
2018.01.05 13:33:00.080,0.97448,0.97462,1.00,1.69
2018.01.05 13:33:00.186,0.9745,0.97462,1.00,1.69
2018.01.05 13:33:01.445,0.97449,0.97461,1.00,1.00
2018.01.05 13:33:01.657,0.97446,0.97459,1.87,1.00
2018.01.05 13:33:01.710,0.97443,0.97454,3.19,1.12
2018.01.05 13:33:01.817,0.97445,0.97457,1.00,1.88
2018.01.05 13:33:02.058,0.97443,0.97457,1.00,2.62
2018.01.05 13:33:02.721,0.97443,0.97455,1.00,1.00
2018.01.05 13:33:02.825,0.97441,0.97454,1.50,1.00
2018.01.05 13:33:02.933,0.9744,0.97452,1.00,1.00
2018.01.05 13:33:03.452,0.97439,0.97453,1.50,1.25
2018.01.05 13:33:03.972,0.97439,0.97452,1.50,1.00
2018.01.05 13:33:04.338,0.97441,0.97453,1.00,1.12
2018.01.05 13:33:04.444,0.97441,0.97455,1.50,1.00
2018.01.05 13:33:04.815,0.97439,0.97451,1.87,1.12
2018.01.05 13:33:05.337,0.97438,0.97451,1.25,1.50
2018.01.05 13:33:06.639,0.97439,0.97451,1.00,1.00
2018.01.05 13:33:07.213,0.97438,0.9745,1.00,1.00
2018.01.05 13:33:07.266,0.97436,0.97449,2.06,1.00
2018.01.05 13:33:07.384,0.97435,0.97447,1.69,1.00
2018.01.05 13:33:07.438,0.97434,0.97447,2.44,1.00
2018.01.05 13:33:07.990,0.97436,0.97448,1.00,1.00
2018.01.05 13:33:08.247,0.97438,0.97451,1.12,2.06
2018.01.05 13:33:08.357,0.97443,0.97454,1.00,1.69
2018.01.05 13:33:08.568,0.9744,0.97452,1.00,1.00
2018.01.05 13:33:08.676,0.97444,0.97455,1.00,1.00
2018.01.05 13:33:08.893,0.97447,0.97459,1.12,1.50
2018.01.05 13:33:09.448,0.97447,0.9746,1.12,1.00
2018.01.05 13:33:09.972,0.97448,0.97461,1.00,1.12
2018.01.05 13:33:10.521,0.97447,0.9746,1.12,1.00
2018.01.05 13:33:11.031,0.97446,0.97461,2.32,1.69
2018.01.05 13:33:11.549,0.9745,0.97462,1.12,1.50
2018.01.05 13:33:11.966,0.97452,0.97463,1.37,1.87
2018.01.05 13:33:12.019,0.97454,0.97467,3.37,1.95
2018.01.05 13:33:12.232,0.97457,0.97469,1.00,1.12
2018.01.05 13:33:12.337,0.9746,0.97472,1.87,1.62
2018.01.05 13:33:12.390,0.97462,0.97475,1.00,1.69
2018.01.05 13:33:13.027,0.97459,0.97471,1.00,1.00
2018.01.05 13:33:13.844,0.97459,0.97472,1.00,1.12
2018.01.05 13:33:14.375,0.97459,0.97472,1.00,1.50
2018.01.05 13:33:14.971,0.97459,0.97472,1.00,3.19
2018.01.05 13:33:15.472,0.97458,0.97471,1.00,3.00
2018.01.05 13:33:16.127,0.97457,0.9747,2.06,1.00
2018.01.05 13:33:16.677,0.97457,0.9747,1.00,1.50
2018.01.05 13:33:17.198,0.97457,0.97471,1.00,2.06
2018.01.05 13:33:17.704,0.97458,0.97471,1.00,1.12
2018.01.05 13:33:18.207,0.97458,0.97471,1.00,1.87
2018.01.05 13:33:18.435,0.97459,0.97472,1.00,1.00
2018.01.05 13:33:20.521,0.97459,0.97472,1.50,1.12
2018.01.05 13:33:21.389,0.97463,0.97474,1.50,1.00
2018.01.05 13:33:21.495,0.97466,0.97479,1.00,3.00
2018.01.05 13:33:22.001,0.97466,0.97479,1.50,1.25
2018.01.05 13:33:22.581,0.97468,0.97479,1.12,1.00
2018.01.05 13:33:23.273,0.97466,0.97476,1.69,1.50
2018.01.05 13:33:23.532,0.97467,0.97479,1.00,1.37
2018.01.05 13:33:23.851,0.97468,0.9748,1.00,1.31
2018.01.05 13:33:25.545,0.97468,0.9748,1.00,1.63
2018.01.05 13:33:26.094,0.97468,0.9748,1.00,1.12
2018.01.05 13:33:26.687,0.97467,0.97476,1.25,2.10
2018.01.05 13:33:26.854,0.97458,0.97471,1.00,1.12
2018.01.05 13:33:27.402,0.97457,0.9747,1.00,1.12
2018.01.05 13:33:27.456,0.97454,0.97465,2.25,1.12
2018.01.05 13:33:27.616,0.97448,0.97462,1.10,1.72
2018.01.05 13:33:27.668,0.97447,0.97458,3.75,1.50
2018.01.05 13:33:27.946,0.97449,0.97461,1.00,2.06
2018.01.05 13:33:28.309,0.97446,0.9746,1.50,3.00
2018.01.05 13:33:28.852,0.97446,0.97458,1.00,1.00
2018.01.05 13:33:29.169,0.97447,0.9746,1.12,1.12
2018.01.05 13:33:29.278,0.97445,0.97459,1.00,2.81
2018.01.05 13:33:29.591,0.97447,0.97459,1.00,1.00
2018.01.05 13:33:29.903,0.97442,0.97453,1.00,1.50
2018.01.05 13:33:30.116,0.9744,0.97453,1.00,2.25
2018.01.05 13:33:30.168,0.97438,0.97451,1.50,1.00
2018.01.05 13:33:30.552,0.97443,0.97454,1.00,3.19
2018.01.05 13:33:30.615,0.97443,0.97456,1.00,1.57
2018.01.05 13:33:31.088,0.97441,0.97454,1.00,1.87
2018.01.05 13:33:31.143,0.97439,0.97452,1.00,1.87
2018.01.05 13:33:32.175,0.9744,0.97453,1.00,1.69
2018.01.05 13:33:32.691,0.97439,0.97452,1.00,1.87
2018.01.05 13:33:33.006,0.97437,0.9745,1.69,1.00
2018.01.05 13:33:33.511,0.97436,0.97449,1.00,1.87
2018.01.05 13:33:34.069,0.97436,0.97448,1.00,1.00
2018.01.05 13:33:34.239,0.97432,0.97446,1.44,1.50
2018.01.05 13:33:34.298,0.97431,0.97445,1.50,1.00
2018.01.05 13:33:34.820,0.97434,0.97447,1.00,1.50
2018.01.05 13:33:35.357,0.97434,0.97446,1.00,1.69
2018.01.05 13:33:35.621,0.97431,0.97445,1.62,1.50
2018.01.05 13:33:35.965,0.97429,0.97442,1.87,1.00
2018.01.05 13:33:36.192,0.97433,0.97447,1.12,1.00
2018.01.05 13:33:36.960,0.97433,0.97446,1.12,1.00
2018.01.05 13:33:37.479,0.97434,0.97448,1.00,1.69
2018.01.05 13:33:38.016,0.97435,0.97448,1.00,1.31
2018.01.05 13:33:39.401,0.97434,0.97447,1.25,1.00
2018.01.05 13:33:39.908,0.97434,0.97446,1.00,1.00
2018.01.05 13:33:39.961,0.97431,0.97445,2.06,1.25
2018.01.05 13:33:40.068,0.97429,0.97442,1.95,1.12
2018.01.05 13:33:40.385,0.97423,0.97433,4.31,1.00
2018.01.05 13:33:40.546,0.9742,0.97433,2.32,1.00
2018.01.05 13:33:40.704,0.97419,0.97432,1.50,1.00
2018.01.05 13:33:41.325,0.97425,0.97435,1.00,3.19
2018.01.05 13:33:41.377,0.97424,0.97437,1.12,1.00
2018.01.05 13:33:41.439,0.97423,0.97435,1.37,1.00
2018.01.05 13:33:41.546,0.97425,0.97438,1.00,1.87
2018.01.05 13:33:42.026,0.97428,0.97441,1.00,1.50
2018.01.05 13:33:42.774,0.97426,0.97439,1.25,1.00
2018.01.05 13:33:43.311,0.97424,0.97434,1.69,1.00
2018.01.05 13:33:43.543,0.97421,0.97435,1.88,1.12
2018.01.05 13:33:43.805,0.9742,0.97432,1.44,1.00
2018.01.05 13:33:44.359,0.9742,0.97433,1.00,1.00
2018.01.05 13:33:44.900,0.97421,0.97433,1.00,1.12
2018.01.05 13:33:45.235,0.97423,0.97437,1.00,2.62
2018.01.05 13:33:45.288,0.97425,0.97437,1.00,2.62
2018.01.05 13:33:45.609,0.97426,0.9744,1.00,1.50
2018.01.05 13:33:45.715,0.97424,0.97436,4.87,1.00
2018.01.05 13:33:45.823,0.97422,0.97436,1.12,4.95
2018.01.05 13:33:46.187,0.9742,0.97433,1.69,1.31
2018.01.05 13:33:46.764,0.9742,0.97432,1.00,1.00
2018.01.05 13:33:46.996,0.97416,0.9743,1.50,1.00
2018.01.05 13:33:47.521,0.97416,0.97428,1.00,1.12
2018.01.05 13:33:47.653,0.97414,0.97429,1.95,1.87
2018.01.05 13:33:47.732,0.97414,0.97426,1.00,1.00
2018.01.05 13:33:48.270,0.97415,0.97427,1.00,1.00
2018.01.05 13:33:48.531,0.97411,0.97425,2.89,1.25
2018.01.05 13:33:48.698,0.97414,0.97427,1.00,1.31
2018.01.05 13:33:49.014,0.97418,0.9743,1.00,1.00
2018.01.05 13:33:49.330,0.97415,0.97428,1.00,1.00
2018.01.05 13:33:50.982,0.97416,0.97428,1.00,1.00
2018.01.05 13:33:51.037,0.97418,0.97432,1.00,2.44
2018.01.05 13:33:51.617,0.97419,0.97431,1.12,1.00
2018.01.05 13:33:51.670,0.97421,0.97436,1.00,5.32
2018.01.05 13:33:51.723,0.9742,0.97432,2.06,1.00
2018.01.05 13:33:52.399,0.97419,0.97431,1.00,1.50
2018.01.05 13:33:52.510,0.97417,0.9743,1.50,1.00
2018.01.05 13:33:52.615,0.97414,0.97425,1.62,1.00
2018.01.05 13:33:52.669,0.97412,0.97425,3.82,1.25
2018.01.05 13:33:52.828,0.97411,0.97423,1.00,1.00
2018.01.05 13:33:53.362,0.9741,0.97423,1.00,1.25
2018.01.05 13:33:53.903,0.97411,0.97423,1.00,1.00
2018.01.05 13:33:54.445,0.97411,0.97424,1.00,1.50
2018.01.05 13:33:55.075,0.9741,0.97423,1.69,1.00
2018.01.05 13:33:55.406,0.97406,0.97419,1.87,1.00
2018.01.05 13:33:55.737,0.9741,0.97422,3.56,1.00
2018.01.05 13:33:56.127,0.97412,0.97424,1.00,1.37
2018.01.05 13:33:56.677,0.97411,0.97424,1.00,1.37
2018.01.05 13:33:57.200,0.9741,0.97423,1.87,1.31
2018.01.05 13:33:57.815,0.97411,0.97424,1.00,2.44
2018.01.05 13:33:58.136,0.97416,0.97428,1.00,3.56
2018.01.05 13:33:58.519,0.97415,0.97429,1.50,1.31
2018.01.05 13:33:59.037,0.97415,0.97429,1.76,1.87
2018.01.05 13:33:59.250,0.97415,0.97426,1.00,1.12
2018.01.05 13:33:59.303,0.97415,0.97428,1.00,2.44
2018.01.05 13:33:59.979,0.97416,0.97428,1.00,1.00
2018.01.05 13:34:00.308,0.97414,0.97426,3.64,1.00
2018.01.05 13:34:00.362,0.97415,0.97428,1.00,3.00
2018.01.05 13:34:00.967,0.97415,0.97427,1.00,1.50
2018.01.05 13:34:01.024,0.97414,0.97424,1.50,1.00
2018.01.05 13:34:01.083,0.97414,0.97426,1.00,1.69
2018.01.05 13:34:01.342,0.97412,0.97425,5.25,1.00
2018.01.05 13:34:01.793,0.97416,0.97428,3.75,2.06
2018.01.05 13:34:01.847,0.97418,0.9743,1.00,2.25
2018.01.05 13:34:02.352,0.97417,0.9743,1.50,2.25
2018.01.05 13:34:02.412,0.97416,0.97428,1.37,3.00
2018.01.05 13:34:02.518,0.97418,0.9743,1.12,2.25
2018.01.05 13:34:02.835,0.97416,0.9743,1.69,2.25
2018.01.05 13:34:02.992,0.97418,0.9743,1.00,2.25
2018.01.05 13:34:03.572,0.97418,0.97431,1.00,2.25
2018.01.05 13:34:04.094,0.97419,0.97432,1.00,3.75
2018.01.05 13:34:04.337,0.97421,0.97433,1.00,1.12
2018.01.05 13:34:05.022,0.97419,0.97432,3.00,1.00
2018.01.05 13:34:05.643,0.9742,0.97433,2.25,1.12
2018.01.05 13:34:05.810,0.97427,0.97437,1.00,3.00
2018.01.05 13:34:06.027,0.97425,0.97438,1.12,1.50
2018.01.05 13:34:06.084,0.97425,0.97436,1.00,1.00
2018.01.05 13:34:06.419,0.97423,0.97435,1.69,1.00
2018.01.05 13:34:06.474,0.97423,0.97433,1.00,1.37
2018.01.05 13:34:06.687,0.97423,0.97435,1.12,2.06
2018.01.05 13:34:06.889,0.97425,0.97436,1.12,1.12
2018.01.05 13:34:07.411,0.97425,0.97437,1.00,1.00
2018.01.05 13:34:07.750,0.97427,0.97439,1.12,2.25
2018.01.05 13:34:08.063,0.97421,0.97432,1.00,1.50
2018.01.05 13:34:08.599,0.9742,0.97432,1.12,1.50
2018.01.05 13:34:09.319,0.9742,0.97431,1.00,1.00
2018.01.05 13:34:09.909,0.97419,0.97429,1.00,1.00
2018.01.05 13:34:10.433,0.97417,0.9743,1.50,1.50
2018.01.05 13:34:10.868,0.9742,0.97432,1.00,1.87
2018.01.05 13:34:12.161,0.9742,0.9743,1.00,1.00
2018.01.05 13:34:12.214,0.97417,0.9743,4.39,1.00
2018.01.05 13:34:12.370,0.9742,0.9743,1.00,1.00
2018.01.05 13:34:12.426,0.9742,0.97432,1.00,1.31
2018.01.05 13:34:12.949,0.97421,0.97433,1.00,1.87
2018.01.05 13:34:13.491,0.97421,0.97433,1.20,1.50
2018.01.05 13:34:13.752,0.97418,0.97431,2.70,1.87
2018.01.05 13:34:14.020,0.97416,0.97429,1.10,1.87
2018.01.05 13:34:14.553,0.97416,0.97428,1.00,1.00
2018.01.05 13:34:14.608,0.97413,0.97425,1.10,1.50
2018.01.05 13:34:15.113,0.97411,0.97424,1.57,1.00
2018.01.05 13:34:15.643,0.97411,0.97424,3.82,1.69
2018.01.05 13:34:16.916,0.97415,0.97428,1.57,1.00
2018.01.05 13:34:17.075,0.97415,0.97427,1.95,2.63
2018.01.05 13:34:17.392,0.97413,0.97425,1.00,1.00
2018.01.05 13:34:17.928,0.97412,0.97425,2.70,1.12
2018.01.05 13:34:18.088,0.97415,0.97427,1.00,4.09
2018.01.05 13:34:18.193,0.97416,0.97428,1.12,1.57
2018.01.05 13:34:18.455,0.97418,0.97429,1.00,1.00
2018.01.05 13:34:18.825,0.97419,0.97431,1.50,1.88
2018.01.05 13:34:19.331,0.97419,0.9743,1.10,1.00
2018.01.05 13:34:19.915,0.97417,0.97429,2.32,1.00
2018.01.05 13:34:20.632,0.97417,0.97427,2.32,1.00
2018.01.05 13:34:20.944,0.97417,0.97429,1.95,2.25
2018.01.05 13:34:21.489,0.97417,0.97428,1.12,1.00
2018.01.05 13:34:21.872,0.97416,0.97427,1.12,2.44
2018.01.05 13:34:21.978,0.97413,0.97425,1.10,1.00
2018.01.05 13:34:22.033,0.97413,0.97426,2.89,1.57
2018.01.05 13:34:22.139,0.97417,0.97429,1.12,1.69
2018.01.05 13:34:22.663,0.97417,0.97428,1.00,1.00
2018.01.05 13:34:22.946,0.97418,0.9743,1.50,1.76
2018.01.05 13:34:23.467,0.97419,0.97431,2.32,1.50
2018.01.05 13:34:24.794,0.97419,0.97428,1.57,1.00
2018.01.05 13:34:24.847,0.97418,0.9743,1.50,2.25
2018.01.05 13:34:25.450,0.97417,0.97429,1.12,1.25
2018.01.05 13:34:25.987,0.97416,0.97429,1.95,2.44
2018.01.05 13:34:27.167,0.97419,0.97431,1.12,3.45
2018.01.05 13:34:27.567,0.97418,0.97429,1.50,1.00
2018.01.05 13:34:27.906,0.97417,0.97424,1.00,1.00
2018.01.05 13:34:27.959,0.97413,0.97424,1.00,1.00
2018.01.05 13:34:28.264,0.97411,0.97423,1.00,1.87
2018.01.05 13:34:28.918,0.97412,0.97423,1.50,1.10
2018.01.05 13:34:28.978,0.97413,0.97426,1.00,4.76
2018.01.05 13:34:29.351,0.97412,0.97423,1.50,1.12
2018.01.05 13:34:29.844,0.97411,0.97421,1.00,1.00
2018.01.05 13:34:29.951,0.97409,0.97421,2.44,2.25
2018.01.05 13:34:30.476,0.97408,0.9742,1.12,1.50
2018.01.05 13:34:30.633,0.97406,0.97419,1.57,1.00
2018.01.05 13:34:31.157,0.97407,0.9742,1.00,2.32
2018.01.05 13:34:31.882,0.97409,0.97421,1.00,1.00
2018.01.05 13:34:32.809,0.97409,0.9742,1.00,1.00
2018.01.05 13:34:33.229,0.9741,0.97422,1.57,3.19
2018.01.05 13:34:33.785,0.97411,0.97422,1.12,1.69
2018.01.05 13:34:34.318,0.9741,0.97422,1.10,1.00
2018.01.05 13:34:35.194,0.97409,0.97421,1.10,1.50
2018.01.05 13:34:35.508,0.97408,0.97418,1.00,1.00
2018.01.05 13:34:36.044,0.97408,0.97419,1.00,1.00
2018.01.05 13:34:36.605,0.97408,0.9742,2.32,1.00
2018.01.05 13:34:36.920,0.97415,0.97427,1.00,1.00
2018.01.05 13:34:37.226,0.97418,0.9743,1.00,1.39
2018.01.05 13:34:37.748,0.97417,0.97429,2.70,1.00
2018.01.05 13:34:38.781,0.97418,0.9743,1.37,1.87
2018.01.05 13:34:39.097,0.9742,0.97431,1.50,2.62
2018.01.05 13:34:41.964,0.97423,0.97432,2.47,1.00
2018.01.05 13:34:42.123,0.97427,0.97439,2.32,1.37
2018.01.05 13:34:42.180,0.97427,0.9744,2.32,2.62
2018.01.05 13:34:42.237,0.97429,0.97441,1.87,1.39
2018.01.05 13:34:43.855,0.97427,0.97438,2.62,1.00
2018.01.05 13:34:44.178,0.97424,0.97434,1.37,1.12
2018.01.05 13:34:44.349,0.97423,0.97434,1.00,1.72
2018.01.05 13:34:44.510,0.97422,0.97434,1.85,2.25
2018.01.05 13:34:44.717,0.97425,0.97436,1.12,1.00
2018.01.05 13:34:44.770,0.97425,0.97436,1.37,1.00
2018.01.05 13:34:45.083,0.97426,0.97439,2.32,2.25
2018.01.05 13:34:45.675,0.97427,0.9744,2.51,1.50
2018.01.05 13:34:45.786,0.97429,0.97441,1.87,1.50
2018.01.05 13:34:46.747,0.97431,0.97442,1.37,1.12
2018.01.05 13:34:47.059,0.97432,0.97443,2.25,1.00
2018.01.05 13:34:47.694,0.97432,0.97443,1.50,1.12
2018.01.05 13:34:48.207,0.9743,0.97443,2.32,2.62
2018.01.05 13:34:48.421,0.97436,0.97446,1.37,2.25
2018.01.05 13:34:48.476,0.97438,0.97449,1.37,1.76
2018.01.05 13:34:48.581,0.97438,0.97451,1.37,1.20
2018.01.05 13:34:49.135,0.9744,0.97452,1.37,1.57
2018.01.05 13:34:50.460,0.97441,0.97452,1.37,1.00
2018.01.05 13:34:51.576,0.97441,0.97453,1.87,1.87
2018.01.05 13:34:52.103,0.97443,0.97453,1.12,1.87
2018.01.05 13:34:52.539,0.97447,0.97455,1.37,1.62
2018.01.05 13:34:52.592,0.97448,0.97459,1.00,1.10
2018.01.05 13:34:53.115,0.97448,0.9746,1.00,2.70
2018.01.05 13:34:53.498,0.97451,0.97463,1.00,2.51
2018.01.05 13:34:54.013,0.97451,0.9746,1.00,1.00
2018.01.05 13:34:54.516,0.9745,0.9746,1.00,1.00
2018.01.05 13:34:55.378,0.97448,0.9746,1.00,1.00
2018.01.05 13:34:56.191,0.97449,0.9746,1.00,1.00
2018.01.05 13:34:56.742,0.9745,0.97462,1.00,1.57
2018.01.05 13:34:57.245,0.97449,0.97461,1.00,1.50
2018.01.05 13:34:57.749,0.97448,0.97461,1.57,1.12
2018.01.05 13:34:58.011,0.9745,0.97461,1.00,1.00
2018.01.05 13:34:58.573,0.97449,0.97461,1.50,1.00
2018.01.05 13:34:59.148,0.9745,0.97461,1.00,1.00
2018.01.05 13:34:59.754,0.97449,0.97462,1.57,4.12
2018.01.05 13:35:00.380,0.97449,0.97462,2.25,3.45
2018.01.05 13:35:00.932,0.9745,0.97462,1.00,3.37
2018.01.05 13:35:00.984,0.9745,0.97462,1.50,2.25
2018.01.05 13:35:01.504,0.97451,0.97463,1.12,4.31
2018.01.05 13:35:02.023,0.9745,0.97461,2.32,1.37
2018.01.05 13:35:02.541,0.97451,0.97462,1.00,1.95
2018.01.05 13:35:03.213,0.97451,0.97461,1.00,1.87
2018.01.05 13:35:03.739,0.9745,0.9746,1.00,1.12
2018.01.05 13:35:04.050,0.9745,0.97459,1.00,3.00
2018.01.05 13:35:04.206,0.97447,0.97458,1.00,1.12
2018.01.05 13:35:04.552,0.97447,0.97455,1.00,1.12
2018.01.05 13:35:04.605,0.97444,0.97454,1.00,1.87
2018.01.05 13:35:04.659,0.97444,0.97453,1.00,1.75
2018.01.05 13:35:04.818,0.9744,0.9745,1.00,2.25
2018.01.05 13:35:05.366,0.9744,0.97449,1.00,3.75
2018.01.05 13:35:05.526,0.97438,0.97449,1.00,3.00
2018.01.05 13:35:06.030,0.97439,0.97448,1.00,5.62
2018.01.05 13:35:06.188,0.97439,0.97449,1.00,1.50
2018.01.05 13:35:06.241,0.97439,0.97448,1.00,2.25
2018.01.05 13:35:06.723,0.97437,0.97447,1.00,3.00
2018.01.05 13:35:07.036,0.97437,0.97448,1.12,1.50
2018.01.05 13:35:07.589,0.97438,0.97447,1.00,2.25
2018.01.05 13:35:07.713,0.97436,0.97447,1.12,3.00
2018.01.05 13:35:08.098,0.97436,0.97447,1.12,1.87
2018.01.05 13:35:08.202,0.97435,0.97446,2.62,3.37
2018.01.05 13:35:08.255,0.97436,0.97448,1.87,4.20
2018.01.05 13:35:08.469,0.97438,0.9745,2.25,3.45
2018.01.05 13:35:08.993,0.97438,0.9745,1.50,6.07
2018.01.05 13:35:09.098,0.97438,0.9745,1.50,1.87
2018.01.05 13:35:09.645,0.97439,0.9745,1.00,1.57
2018.01.05 13:35:10.188,0.97438,0.9745,1.50,1.50
2018.01.05 13:35:10.240,0.9744,0.97451,1.00,1.76
2018.01.05 13:35:10.800,0.97443,0.97453,1.00,1.57
2018.01.05 13:35:10.854,0.97447,0.97459,1.50,1.57
2018.01.05 13:35:11.019,0.97448,0.9746,1.50,1.76
2018.01.05 13:35:11.827,0.9745,0.97461,1.00,1.44
2018.01.05 13:35:12.169,0.97457,0.97469,1.50,3.07
2018.01.05 13:35:12.714,0.97457,0.97469,1.50,3.07
2018.01.05 13:35:13.289,0.97457,0.97469,1.00,1.76
2018.01.05 13:35:13.880,0.97456,0.97469,3.22,2.44
2018.01.05 13:35:14.191,0.97458,0.97469,1.00,2.32
2018.01.05 13:35:14.711,0.97458,0.97469,1.00,1.13
2018.01.05 13:35:15.392,0.97457,0.9747,3.15,3.41
2018.01.05 13:35:15.703,0.9746,0.97472,1.83,1.20
2018.01.05 13:35:15.756,0.9746,0.97472,1.65,2.32
2018.01.05 13:35:16.257,0.97459,0.97471,1.25,1.39
2018.01.05 13:35:16.362,0.97459,0.97471,1.25,2.89
2018.01.05 13:35:16.688,0.97457,0.97467,1.07,3.00
2018.01.05 13:35:16.833,0.97455,0.97465,1.10,1.00
2018.01.05 13:35:16.890,0.97452,0.97462,1.37,1.25
2018.01.05 13:35:17.433,0.97452,0.97461,1.37,1.00
2018.01.05 13:35:17.643,0.9745,0.97462,1.50,2.81
2018.01.05 13:35:18.162,0.9745,0.97462,1.50,2.32
2018.01.05 13:35:20.682,0.9745,0.97462,1.50,1.50
2018.01.05 13:35:21.058,0.97454,0.97464,1.69,1.00
2018.01.05 13:35:21.164,0.97457,0.97469,1.00,2.89
2018.01.05 13:35:21.841,0.97457,0.97469,1.50,1.39
2018.01.05 13:35:22.149,0.97456,0.97467,1.25,1.00
2018.01.05 13:35:22.695,0.97455,0.97465,1.50,1.00
2018.01.05 13:35:22.906,0.97455,0.97467,1.50,3.19
2018.01.05 13:35:23.014,0.97457,0.97469,1.00,3.26
2018.01.05 13:35:23.536,0.97456,0.97469,2.44,2.70
2018.01.05 13:35:23.953,0.97455,0.97468,2.44,1.88
2018.01.05 13:35:24.236,0.9745,0.97462,1.00,3.00
2018.01.05 13:35:24.398,0.97452,0.97464,1.25,2.51
2018.01.05 13:35:24.452,0.9745,0.97463,2.44,3.11
2018.01.05 13:35:24.504,0.97452,0.97463,1.00,2.17
2018.01.05 13:35:24.557,0.9745,0.97463,1.00,3.64
2018.01.05 13:35:24.610,0.97453,0.97464,1.00,2.92
2018.01.05 13:35:25.128,0.9745,0.97462,1.00,2.44
2018.01.05 13:35:25.183,0.9745,0.9746,1.00,1.00
2018.01.05 13:35:25.236,0.97448,0.9746,1.01,1.12
2018.01.05 13:35:25.760,0.97449,0.97461,2.25,1.57
2018.01.05 13:35:26.343,0.9745,0.97462,1.00,2.89
2018.01.05 13:35:26.710,0.97452,0.97462,1.00,1.25
2018.01.05 13:35:26.967,0.97454,0.97466,1.00,2.06
2018.01.05 13:35:27.020,0.97454,0.97467,1.25,3.07
2018.01.05 13:35:27.687,0.97454,0.97466,1.25,1.00
2018.01.05 13:35:28.240,0.97454,0.97467,1.69,1.76
2018.01.05 13:35:28.293,0.97453,0.97464,3.26,2.10
2018.01.05 13:35:28.347,0.97452,0.97463,1.69,1.54
2018.01.05 13:35:28.894,0.97455,0.97465,1.00,1.20
2018.01.05 13:35:28.949,0.97455,0.97468,1.00,4.01
2018.01.05 13:35:29.151,0.97455,0.97468,1.87,1.57
2018.01.05 13:35:29.265,0.97457,0.97469,1.00,1.20
2018.01.05 13:35:29.836,0.97457,0.9747,2.25,2.06
2018.01.05 13:35:30.348,0.97458,0.9747,1.00,2.06
2018.01.05 13:35:30.875,0.97457,0.97469,1.00,1.44
2018.01.05 13:35:31.398,0.97456,0.97469,2.44,1.69
2018.01.05 13:35:32.175,0.97457,0.9747,1.69,2.51
2018.01.05 13:35:32.753,0.97461,0.97472,1.50,1.10
2018.01.05 13:35:33.027,0.9746,0.97472,2.89,1.12
2018.01.05 13:35:33.544,0.97461,0.97473,1.12,3.41
2018.01.05 13:35:34.171,0.97465,0.97475,2.25,1.87
2018.01.05 13:35:34.295,0.97468,0.9748,1.12,2.32
2018.01.05 13:35:34.829,0.97468,0.97481,2.06,2.32
2018.01.05 13:35:35.422,0.97468,0.9748,1.76,2.25
2018.01.05 13:35:36.779,0.97467,0.97479,1.50,2.06
2018.01.05 13:35:36.834,0.97464,0.97475,1.07,1.88
2018.01.05 13:35:37.016,0.9746,0.97472,1.76,3.56
2018.01.05 13:35:37.122,0.97464,0.97473,1.00,1.10
2018.01.05 13:35:37.642,0.97464,0.97474,1.12,1.00
2018.01.05 13:35:37.861,0.97461,0.97473,1.31,3.94
2018.01.05 13:35:38.615,0.97462,0.97474,1.87,2.06
2018.01.05 13:35:38.772,0.9746,0.97472,2.32,1.69
2018.01.05 13:35:39.309,0.9746,0.97471,1.50,1.57
2018.01.05 13:35:39.522,0.97458,0.9747,1.12,2.14
2018.01.05 13:35:40.025,0.97457,0.97469,1.00,3.26
2018.01.05 13:35:40.342,0.97454,0.97466,4.38,1.50
2018.01.05 13:35:40.397,0.97451,0.97463,2.44,1.50
2018.01.05 13:35:40.828,0.97455,0.97466,3.00,1.50
2018.01.05 13:35:40.882,0.97456,0.97468,1.00,1.20
2018.01.05 13:35:41.295,0.97455,0.97466,1.00,1.00
2018.01.05 13:35:42.153,0.97454,0.97465,1.25,1.00
2018.01.05 13:35:42.465,0.97454,0.97464,1.00,1.19
2018.01.05 13:35:42.573,0.97451,0.97461,1.12,1.00
2018.01.05 13:35:42.625,0.97451,0.97463,1.87,2.62
2018.01.05 13:35:42.910,0.97452,0.97465,2.25,1.45
2018.01.05 13:35:43.073,0.97451,0.97463,1.68,1.87
2018.01.05 13:35:43.583,0.97452,0.97464,1.50,3.07
2018.01.05 13:35:44.108,0.97452,0.97464,1.00,3.45
2018.01.05 13:35:44.733,0.97451,0.97462,1.25,1.50
2018.01.05 13:35:44.790,0.97455,0.97463,1.12,1.00
2018.01.05 13:35:44.844,0.97455,0.97466,1.00,1.31
2018.01.05 13:35:45.374,0.97455,0.97467,1.00,2.44
2018.01.05 13:35:45.758,0.97454,0.97465,1.00,1.00
2018.01.05 13:35:46.189,0.97451,0.97461,3.94,2.25
2018.01.05 13:35:46.306,0.97449,0.97462,1.00,1.00
2018.01.05 13:35:46.361,0.97451,0.97462,1.00,3.75
2018.01.05 13:35:46.414,0.97451,0.97464,3.00,1.10
2018.01.05 13:35:46.520,0.97452,0.97463,1.10,1.37
2018.01.05 13:35:46.679,0.97451,0.97464,2.51,1.00
2018.01.05 13:35:46.895,0.97451,0.97462,1.00,2.06
2018.01.05 13:35:47.213,0.97452,0.97464,1.00,2.62
2018.01.05 13:35:47.750,0.97451,0.97464,1.57,1.87
2018.01.05 13:35:48.137,0.97451,0.97462,1.00,1.50
2018.01.05 13:35:48.511,0.97453,0.97461,2.62,1.31
2018.01.05 13:35:48.619,0.97452,0.97464,1.87,1.10
2018.01.05 13:35:48.723,0.97454,0.97466,1.10,1.12
2018.01.05 13:35:49.250,0.97453,0.97465,1.31,1.00
2018.01.05 13:35:49.767,0.97452,0.97464,2.62,1.00
2018.01.05 13:35:50.868,0.97452,0.97463,1.12,1.00
2018.01.05 13:35:51.477,0.97452,0.97463,1.88,1.00
2018.01.05 13:35:51.860,0.97455,0.97463,1.00,1.00
2018.01.05 13:35:51.913,0.97456,0.97466,1.00,1.95
2018.01.05 13:35:52.184,0.97454,0.97465,2.81,1.00
2018.01.05 13:35:52.393,0.97452,0.97463,5.14,2.25
2018.01.05 13:35:52.781,0.97451,0.97462,1.69,1.69
2018.01.05 13:35:53.755,0.9745,0.97462,1.87,1.50
2018.01.05 13:35:54.209,0.97448,0.97459,2.06,1.00
2018.01.05 13:35:54.554,0.97445,0.97455,1.50,1.00
2018.01.05 13:35:55.082,0.97446,0.97456,1.00,1.00
2018.01.05 13:35:55.297,0.97441,0.97452,1.00,1.00
2018.01.05 13:35:55.658,0.97439,0.97452,1.10,1.12
2018.01.05 13:35:56.166,0.97439,0.97452,1.29,2.44
2018.01.05 13:35:57.467,0.97439,0.97452,1.88,2.70
2018.01.05 13:35:57.627,0.97439,0.97452,1.88,2.51
2018.01.05 13:35:58.129,0.9744,0.97452,1.25,1.31
2018.01.05 13:35:58.674,0.97442,0.97454,2.81,1.47
2018.01.05 13:35:58.779,0.97443,0.97455,1.25,1.25
2018.01.05 13:35:59.305,0.97445,0.97457,1.50,1.76
2018.01.05 13:35:59.619,0.97448,0.97458,1.00,1.00
2018.01.05 13:35:59.726,0.97448,0.9746,3.26,1.25
2018.01.05 13:36:00.254,0.97448,0.97459,1.31,1.00
2018.01.05 13:36:00.567,0.97448,0.97461,1.20,2.06
2018.01.05 13:36:01.101,0.97449,0.97461,1.00,1.12
2018.01.05 13:36:01.523,0.97454,0.97463,1.00,1.00
2018.01.05 13:36:02.042,0.97453,0.97463,1.25,1.00
2018.01.05 13:36:02.786,0.97453,0.97464,1.95,1.00
2018.01.05 13:36:03.267,0.97456,0.97467,1.31,1.00
2018.01.05 13:36:03.320,0.97458,0.97467,1.50,1.00
2018.01.05 13:36:03.373,0.97457,0.97469,1.31,1.50
2018.01.05 13:36:04.300,0.97459,0.97471,1.50,1.87
2018.01.05 13:36:04.833,0.97465,0.97475,1.12,1.50
2018.01.05 13:36:04.941,0.97467,0.97477,1.00,1.13
2018.01.05 13:36:05.469,0.97467,0.97479,1.00,3.07
2018.01.05 13:36:05.998,0.97466,0.97478,1.12,1.12
2018.01.05 13:36:06.940,0.97465,0.97478,2.70,1.50
2018.01.05 13:36:07.423,0.97459,0.97471,1.25,1.87
2018.01.05 13:36:07.476,0.97459,0.97466,1.00,1.50
2018.01.05 13:36:07.686,0.97457,0.97469,1.00,2.14
2018.01.05 13:36:08.188,0.97457,0.97468,1.00,1.25
2018.01.05 13:36:08.822,0.97454,0.97464,3.37,1.35
2018.01.05 13:36:08.876,0.97451,0.97462,2.25,1.00
2018.01.05 13:36:09.035,0.9745,0.97461,1.50,1.00
2018.01.05 13:36:09.579,0.97449,0.97461,2.14,1.00
2018.01.05 13:36:10.305,0.97449,0.97461,1.58,1.00
2018.01.05 13:36:10.516,0.97448,0.97461,3.82,1.00
2018.01.05 13:36:11.107,0.97448,0.97461,4.76,1.00
2018.01.05 13:36:11.331,0.97448,0.97459,1.31,1.50
2018.01.05 13:36:11.495,0.97447,0.97459,1.12,2.81
2018.01.05 13:36:12.750,0.97448,0.9746,1.00,1.69
2018.01.05 13:36:12.977,0.97449,0.9746,1.88,1.00
2018.01.05 13:36:13.304,0.97457,0.97466,1.12,1.19
2018.01.05 13:36:13.357,0.97457,0.97468,1.12,1.00
2018.01.05 13:36:13.901,0.97457,0.97471,2.62,1.25
2018.01.05 13:36:14.226,0.97457,0.97469,1.20,1.50
2018.01.05 13:36:14.768,0.97457,0.97468,1.50,1.00
2018.01.05 13:36:14.925,0.97457,0.9747,1.76,3.00
2018.01.05 13:36:15.425,0.97456,0.97467,2.14,1.00
2018.01.05 13:36:15.949,0.97457,0.97468,1.50,1.00
2018.01.05 13:36:16.792,0.97458,0.97468,1.87,1.00
2018.01.05 13:36:17.327,0.97459,0.97469,1.00,1.00
2018.01.05 13:36:19.137,0.97458,0.97467,1.00,1.72
2018.01.05 13:36:19.369,0.97455,0.97466,1.50,1.00
2018.01.05 13:36:19.683,0.97456,0.97468,1.87,1.01
2018.01.05 13:36:19.938,0.97457,0.97469,1.87,1.88
2018.01.05 13:36:20.511,0.97459,0.9747,1.88,1.00
2018.01.05 13:36:20.825,0.9746,0.97472,1.12,4.12
2018.01.05 13:36:20.878,0.9746,0.9747,1.12,1.00
2018.01.05 13:36:22.227,0.9746,0.9747,3.75,1.00
2018.01.05 13:36:22.447,0.97467,0.97477,1.00,2.25
2018.01.05 13:36:22.964,0.97467,0.97476,1.00,1.00
2018.01.05 13:36:23.551,0.97465,0.97477,4.57,1.12
2018.01.05 13:36:24.164,0.97468,0.97479,1.50,1.87
2018.01.05 13:36:24.366,0.97469,0.97481,2.06,3.00
2018.01.05 13:36:24.736,0.97467,0.97479,2.13,1.00
2018.01.05 13:36:25.268,0.97466,0.97478,1.57,1.12
2018.01.05 13:36:26.883,0.97465,0.97477,2.32,1.87
2018.01.05 13:36:26.940,0.97465,0.97474,1.57,1.60
2018.01.05 13:36:27.060,0.97463,0.97473,1.87,1.35
2018.01.05 13:36:27.115,0.9746,0.97471,1.20,1.00
2018.01.05 13:36:27.740,0.9746,0.97472,1.12,1.00
2018.01.05 13:36:28.162,0.97463,0.97474,1.69,1.95
2018.01.05 13:36:29.551,0.97463,0.97475,1.37,2.25
2018.01.05 13:36:29.764,0.97462,0.97474,3.25,1.00
2018.01.05 13:36:30.237,0.9746,0.97473,1.61,5.55
2018.01.05 13:36:30.554,0.97459,0.9747,2.05,1.00
2018.01.05 13:36:30.898,0.97457,0.97469,1.50,1.10
2018.01.05 13:36:31.317,0.97457,0.97469,1.49,1.25
2018.01.05 13:36:31.846,0.97456,0.97468,1.47,1.13
2018.01.05 13:36:32.372,0.97456,0.97468,2.44,1.00
2018.01.05 13:36:32.796,0.97458,0.97469,1.00,1.00
2018.01.05 13:36:33.301,0.97457,0.97469,1.01,2.25
2018.01.05 13:36:34.620,0.97457,0.97468,1.24,1.00
2018.01.05 13:36:36.416,0.97457,0.97468,2.32,1.00
2018.01.05 13:36:36.468,0.97457,0.9747,3.07,1.88
2018.01.05 13:36:37.061,0.97458,0.9747,4.57,1.13
2018.01.05 13:36:37.116,0.97459,0.97472,2.32,1.31
2018.01.05 13:36:37.729,0.97459,0.97471,2.32,1.00
2018.01.05 13:36:38.246,0.97459,0.97472,1.75,1.50
2018.01.05 13:36:38.351,0.97459,0.9747,2.43,1.00
2018.01.05 13:36:38.833,0.9746,0.97472,2.25,2.32
2018.01.05 13:36:39.402,0.9746,0.97471,4.87,1.00
2018.01.05 13:36:39.509,0.97462,0.97472,1.50,1.00
2018.01.05 13:36:39.616,0.97465,0.97477,1.00,2.70
2018.01.05 13:36:39.721,0.97465,0.97477,1.50,3.19
2018.01.05 13:36:40.222,0.97465,0.97476,3.45,1.00
2018.01.05 13:36:40.794,0.97465,0.97476,4.95,1.00
2018.01.05 13:36:40.846,0.97465,0.97478,5.05,3.26
2018.01.05 13:36:41.028,0.97465,0.97476,5.13,1.00
2018.01.05 13:36:41.392,0.97465,0.97475,1.12,2.25
2018.01.05 13:36:41.445,0.97463,0.97474,1.10,2.29
2018.01.05 13:36:41.975,0.97463,0.97474,1.50,1.00
2018.01.05 13:36:44.331,0.97465,0.97475,2.62,1.00
2018.01.05 13:36:44.644,0.97466,0.97478,3.07,1.50
2018.01.05 13:36:45.155,0.97467,0.97479,1.20,2.06
2018.01.05 13:36:45.680,0.97468,0.9748,1.50,3.19
2018.01.05 13:36:45.962,0.97466,0.97477,2.69,1.00
2018.01.05 13:36:46.015,0.97467,0.97479,1.30,1.25
2018.01.05 13:36:47.464,0.97466,0.97478,2.51,1.87
2018.01.05 13:36:48.150,0.9747,0.9748,1.50,4.50
2018.01.05 13:36:52.557,0.9747,0.9748,2.62,1.50
2018.01.05 13:36:53.109,0.97469,0.97479,1.87,1.12
2018.01.05 13:36:53.213,0.97466,0.97478,2.51,2.44
2018.01.05 13:36:53.517,0.97466,0.97476,1.69,1.00
2018.01.05 13:36:54.042,0.97465,0.97477,2.32,1.69
2018.01.05 13:36:54.348,0.97461,0.97471,1.50,1.00
2018.01.05 13:36:54.504,0.9746,0.97471,2.25,1.50
2018.01.05 13:36:55.053,0.97459,0.9747,4.31,1.00
2018.01.05 13:36:56.164,0.9746,0.97471,1.37,1.25
2018.01.05 13:36:56.710,0.97459,0.9747,3.56,1.00
2018.01.05 13:36:57.238,0.9746,0.97471,1.50,1.50
2018.01.05 13:36:57.825,0.97459,0.9747,1.50,2.25
2018.01.05 13:36:59.437,0.97459,0.97471,3.07,1.00
2018.01.05 13:36:59.708,0.97461,0.97473,1.50,3.37
2018.01.05 13:37:00.229,0.97461,0.97472,1.69,1.00
2018.01.05 13:37:00.333,0.97465,0.97473,1.12,1.00
2018.01.05 13:37:00.395,0.97465,0.97475,2.25,1.00
2018.01.05 13:37:00.618,0.97463,0.97474,1.87,1.50
2018.01.05 13:37:00.782,0.97461,0.97472,4.58,1.00
2018.01.05 13:37:01.559,0.9746,0.97471,1.95,1.00
2018.01.05 13:37:02.088,0.97459,0.9747,4.39,1.00
2018.01.05 13:37:02.145,0.97459,0.9747,2.51,1.50
2018.01.05 13:37:02.684,0.97459,0.97471,3.19,1.50
2018.01.05 13:37:03.550,0.9746,0.97471,1.50,2.63
2018.01.05 13:37:03.608,0.97459,0.9747,2.44,2.06
2018.01.05 13:37:03.822,0.97459,0.97471,1.50,1.69
2018.01.05 13:37:04.349,0.97459,0.97469,1.50,1.00
2018.01.05 13:37:05.095,0.97458,0.97468,2.62,1.00
2018.01.05 13:37:05.418,0.97458,0.97466,1.50,1.50
2018.01.05 13:37:05.923,0.97459,0.97467,1.50,1.00
2018.01.05 13:37:06.526,0.97459,0.97468,2.62,1.00
2018.01.05 13:37:07.097,0.97459,0.97469,3.00,1.00
2018.01.05 13:37:08.990,0.97461,0.97472,1.00,2.33
2018.01.05 13:37:09.043,0.97463,0.97472,1.00,1.10
2018.01.05 13:37:09.347,0.97464,0.97475,2.25,1.00
2018.01.05 13:37:10.080,0.97464,0.97475,1.87,1.50
2018.01.05 13:37:10.858,0.97464,0.97474,1.87,1.00
2018.01.05 13:37:11.226,0.97461,0.97472,4.50,1.00
2018.01.05 13:37:11.542,0.97466,0.97476,1.12,1.00
2018.01.05 13:37:12.047,0.97465,0.97476,1.57,1.87
2018.01.05 13:37:12.100,0.97464,0.97476,1.39,4.12
2018.01.05 13:37:12.153,0.97462,0.97472,1.57,1.00
2018.01.05 13:37:12.205,0.97461,0.97472,4.20,1.00
2018.01.05 13:37:12.405,0.97465,0.97472,2.47,1.00
2018.01.05 13:37:12.469,0.97468,0.97478,1.20,1.00
2018.01.05 13:37:13.292,0.97468,0.97479,1.20,1.00
2018.01.05 13:37:13.347,0.97468,0.97479,3.45,1.00
2018.01.05 13:37:13.401,0.9747,0.97481,3.00,1.50
2018.01.05 13:37:14.812,0.97472,0.97481,3.22,1.00
2018.01.05 13:37:14.969,0.97476,0.97488,1.76,1.31
2018.01.05 13:37:15.522,0.97474,0.97483,1.00,4.31
2018.01.05 13:37:15.574,0.9747,0.97483,2.89,4.87
2018.01.05 13:37:15.875,0.9747,0.97481,1.20,1.00
2018.01.05 13:37:16.240,0.97467,0.97479,3.45,1.00
2018.01.05 13:37:16.752,0.97467,0.9748,2.51,2.81
2018.01.05 13:37:17.091,0.97467,0.97475,1.07,1.00
2018.01.05 13:37:17.350,0.9746,0.97471,2.70,1.00
2018.01.05 13:37:17.873,0.9746,0.97471,2.32,1.00
2018.01.05 13:37:18.381,0.97459,0.97471,3.07,1.69
2018.01.05 13:37:20.032,0.9746,0.97471,1.85,1.00
2018.01.05 13:37:20.295,0.97462,0.97475,3.19,3.26
2018.01.05 13:37:20.817,0.97462,0.97472,1.57,1.00
2018.01.05 13:37:20.870,0.9746,0.97472,3.45,2.44
2018.01.05 13:37:21.721,0.9746,0.97472,3.64,1.25
2018.01.05 13:37:22.272,0.9746,0.97472,3.07,2.44
2018.01.05 13:37:22.846,0.97462,0.97472,1.50,1.00
2018.01.05 13:37:22.899,0.97462,0.97475,4.12,3.26
2018.01.05 13:37:22.953,0.97465,0.97476,1.10,1.87
2018.01.05 13:37:23.163,0.97466,0.97477,1.12,1.12
2018.01.05 13:37:24.105,0.97466,0.97478,1.57,3.56
2018.01.05 13:37:24.526,0.97468,0.97479,1.87,1.31
2018.01.05 13:37:25.053,0.97468,0.9748,2.51,2.25
2018.01.05 13:37:26.768,0.97469,0.97479,1.12,1.00
2018.01.05 13:37:27.248,0.97469,0.9748,1.85,1.50
2018.01.05 13:37:27.881,0.97473,0.97481,3.00,1.25
2018.01.05 13:37:28.165,0.97472,0.97485,1.95,4.13
2018.01.05 13:37:28.221,0.9747,0.97483,4.01,3.00
2018.01.05 13:37:28.327,0.97472,0.97484,1.58,1.69
2018.01.05 13:37:28.590,0.97474,0.97486,1.20,1.88
2018.01.05 13:37:28.904,0.97472,0.97483,2.70,1.87
2018.01.05 13:37:28.956,0.9747,0.97482,5.14,1.25
2018.01.05 13:37:29.481,0.97469,0.97481,1.76,1.50
2018.01.05 13:37:30.173,0.97468,0.9748,3.83,1.25
2018.01.05 13:37:30.706,0.97469,0.97481,1.20,1.00
2018.01.05 13:37:31.283,0.97469,0.9748,1.20,1.00
2018.01.05 13:37:32.502,0.97469,0.97481,1.39,1.69
2018.01.05 13:37:36.819,0.97468,0.9748,3.26,1.00
2018.01.05 13:37:37.348,0.97467,0.9748,3.26,4.35
2018.01.05 13:37:39.512,0.97467,0.97479,1.20,3.00
2018.01.05 13:37:39.671,0.97465,0.97477,5.32,1.00
2018.01.05 13:37:39.825,0.97465,0.97476,1.12,1.25
2018.01.05 13:37:40.441,0.97463,0.97471,1.26,1.00
2018.01.05 13:37:40.494,0.97461,0.97471,1.87,1.00
2018.01.05 13:37:40.969,0.97458,0.97469,6.45,1.25
2018.01.05 13:37:42.165,0.97458,0.97464,1.31,1.25
2018.01.05 13:37:42.420,0.97456,0.97464,1.00,2.25
2018.01.05 13:37:42.472,0.97453,0.97463,5.25,1.00
2018.01.05 13:37:42.525,0.97455,0.97465,4.12,1.50
2018.01.05 13:37:42.630,0.97458,0.97469,1.75,1.50
2018.01.05 13:37:43.217,0.97459,0.9747,1.37,1.00
2018.01.05 13:37:43.841,0.97459,0.9747,1.31,1.25
2018.01.05 13:37:44.367,0.97458,0.9747,1.10,3.56
2018.01.05 13:37:44.570,0.97457,0.97467,1.39,1.00
2018.01.05 13:37:44.789,0.97457,0.97469,1.39,1.31
2018.01.05 13:37:45.288,0.97459,0.9747,1.12,1.54
2018.01.05 13:37:45.809,0.97458,0.9747,2.14,1.87
2018.01.05 13:37:46.332,0.97459,0.9747,1.00,1.13
2018.01.05 13:37:47.203,0.97458,0.97471,2.32,2.63
2018.01.05 13:37:47.309,0.97457,0.97469,5.32,1.00
2018.01.05 13:37:47.853,0.97457,0.97469,1.39,2.25
2018.01.05 13:37:48.384,0.97458,0.9747,1.20,5.06
2018.01.05 13:37:48.915,0.97457,0.97466,1.01,1.00
2018.01.05 13:37:48.970,0.97454,0.97465,1.00,4.54
2018.01.05 13:37:49.083,0.97452,0.97464,2.51,5.44
2018.01.05 13:37:49.222,0.97452,0.97462,2.51,1.25
2018.01.05 13:37:49.729,0.97451,0.97462,1.20,1.00
2018.01.05 13:37:50.255,0.97451,0.97463,1.95,1.69
2018.01.05 13:37:50.797,0.9745,0.97462,1.57,1.50
2018.01.05 13:37:51.329,0.97456,0.97465,1.00,2.66
2018.01.05 13:37:51.650,0.97451,0.97462,1.50,1.00
2018.01.05 13:37:52.017,0.97454,0.97464,1.12,1.31
2018.01.05 13:37:52.322,0.97454,0.97467,6.07,2.81
2018.01.05 13:37:52.911,0.97454,0.97467,2.70,3.04
2018.01.05 13:37:53.436,0.97455,0.97467,6.08,1.13
2018.01.05 13:37:53.957,0.97456,0.97468,3.26,1.12
2018.01.05 13:37:54.815,0.97459,0.97468,1.00,1.00
2018.01.05 13:37:54.921,0.97459,0.97471,1.50,3.19
2018.01.05 13:37:57.198,0.97458,0.97463,1.44,1.35
2018.01.05 13:37:57.254,0.97452,0.97461,1.50,1.00
2018.01.05 13:37:57.775,0.9745,0.97461,3.07,1.00
2018.01.05 13:37:58.378,0.9745,0.97462,1.69,2.62
2018.01.05 13:37:58.733,0.9745,0.97456,1.50,2.66
2018.01.05 13:37:58.786,0.97451,0.97462,1.00,1.50
2018.01.05 13:37:59.306,0.97451,0.97463,1.57,4.31
2018.01.05 13:37:59.822,0.97451,0.97463,1.57,4.31
2018.01.05 13:38:00.376,0.9745,0.97463,6.64,4.12
2018.01.05 13:38:00.870,0.9745,0.97462,3.45,1.69
2018.01.05 13:38:01.390,0.9745,0.97461,1.50,1.13
2018.01.05 13:38:02.827,0.97451,0.97462,1.50,1.88
2018.01.05 13:38:03.347,0.97451,0.97463,1.50,3.75
2018.01.05 13:38:03.451,0.97452,0.97463,3.00,2.25
2018.01.05 13:38:04.565,0.97452,0.97464,1.50,5.63
2018.01.05 13:38:05.202,0.97454,0.97464,1.25,4.31
2018.01.05 13:38:05.307,0.97458,0.9747,3.00,2.25
2018.01.05 13:38:05.846,0.97459,0.9747,1.50,2.06
2018.01.05 13:38:06.477,0.97459,0.9747,1.12,1.87
2018.01.05 13:38:07.285,0.97461,0.9747,2.62,1.00
2018.01.05 13:38:07.339,0.97461,0.97472,3.37,4.87
2018.01.05 13:38:07.972,0.9746,0.97471,2.06,1.00
2018.01.05 13:38:08.295,0.97461,0.97472,2.25,1.00
2018.01.05 13:38:08.679,0.97461,0.97472,1.25,1.00
2018.01.05 13:38:09.226,0.9746,0.97472,1.00,2.25
2018.01.05 13:38:09.531,0.97462,0.97472,1.50,1.00
2018.01.05 13:38:09.585,0.97463,0.97475,1.50,1.69
2018.01.05 13:38:09.803,0.97465,0.97477,1.50,2.70
2018.01.05 13:38:10.285,0.97467,0.97479,1.50,2.29
2018.01.05 13:38:10.820,0.97467,0.97479,1.31,1.50
2018.01.05 13:38:11.259,0.97465,0.97476,3.26,1.00
2018.01.05 13:38:11.842,0.97464,0.97476,4.20,1.50
2018.01.05 13:38:11.897,0.97466,0.97478,1.12,2.32
2018.01.05 13:38:12.054,0.97463,0.97474,4.95,2.25
2018.01.05 13:38:12.211,0.97461,0.97472,1.50,2.10
2018.01.05 13:38:12.720,0.9746,0.97471,1.12,2.25
2018.01.05 13:38:12.878,0.9746,0.9747,1.12,1.37
2018.01.05 13:38:13.409,0.9746,0.97471,1.12,3.37
2018.01.05 13:38:15.782,0.97459,0.97471,1.95,3.37
2018.01.05 13:38:18.936,0.97459,0.97471,1.20,1.87
2018.01.05 13:38:20.633,0.97459,0.97471,3.00,1.12
2018.01.05 13:38:22.886,0.97461,0.97472,1.12,1.12
2018.01.05 13:38:23.259,0.9746,0.9747,2.62,1.00
2018.01.05 13:38:24.731,0.9746,0.97472,3.00,5.25
2018.01.05 13:38:26.704,0.9746,0.97471,1.00,1.12
2018.01.05 13:38:27.235,0.97459,0.97471,2.62,1.50
2018.01.05 13:38:27.801,0.97462,0.97471,2.62,1.12
2018.01.05 13:38:27.954,0.97461,0.97471,1.12,1.50
2018.01.05 13:38:28.496,0.97462,0.97473,1.37,1.57
2018.01.05 13:38:28.807,0.97463,0.97471,1.12,1.12
2018.01.05 13:38:28.968,0.97464,0.97474,2.62,1.69
2018.01.05 13:38:29.263,0.97463,0.97473,1.00,3.37
2018.01.05 13:38:29.315,0.9746,0.97471,4.39,1.12
2018.01.05 13:38:29.368,0.97459,0.97471,6.45,2.62
2018.01.05 13:38:29.526,0.97461,0.97473,3.07,1.69
2018.01.05 13:38:29.580,0.97462,0.97473,1.85,1.25
2018.01.05 13:38:29.633,0.97465,0.97477,2.62,3.00
2018.01.05 13:38:29.739,0.97467,0.97478,1.50,1.69
2018.01.05 13:38:30.285,0.97467,0.97479,3.07,2.81
2018.01.05 13:38:31.635,0.97469,0.9748,1.00,2.06
2018.01.05 13:38:31.690,0.97474,0.97481,1.12,1.69
2018.01.05 13:38:31.907,0.97477,0.97485,1.00,1.37
2018.01.05 13:38:31.961,0.97477,0.97488,1.00,1.12
2018.01.05 13:38:32.500,0.97478,0.97489,1.25,1.37
2018.01.05 13:38:32.712,0.97479,0.97491,1.50,3.00
2018.01.05 13:38:32.858,0.97479,0.9749,1.00,1.50
2018.01.05 13:38:33.383,0.97478,0.9749,1.50,1.87
2018.01.05 13:38:33.731,0.97487,0.97498,1.12,1.37
2018.01.05 13:38:33.991,0.97487,0.975,1.69,4.95
2018.01.05 13:38:34.503,0.97487,0.97499,2.44,1.00
2018.01.05 13:38:35.359,0.97487,0.97499,1.69,1.25
2018.01.05 13:38:35.921,0.97487,0.97499,1.00,3.94
2018.01.05 13:38:36.542,0.97487,0.97499,1.00,1.50
2018.01.05 13:38:37.444,0.97487,0.97499,1.12,3.45
2018.01.05 13:38:38.358,0.97486,0.97499,1.69,5.70
2018.01.05 13:38:39.515,0.97486,0.97499,1.76,2.44
2018.01.05 13:38:39.621,0.97487,0.97499,2.32,1.87
2018.01.05 13:38:40.038,0.97491,0.97501,1.10,1.31
2018.01.05 13:38:40.145,0.97488,0.975,1.87,1.50
2018.01.05 13:38:40.198,0.97489,0.975,1.12,2.14
2018.01.05 13:38:40.358,0.97487,0.975,3.56,3.64
2018.01.05 13:38:40.413,0.97492,0.975,1.50,1.76
2018.01.05 13:38:40.467,0.97489,0.975,2.51,1.87
2018.01.05 13:38:40.598,0.97488,0.975,1.95,2.25
2018.01.05 13:38:40.818,0.97487,0.975,1.31,3.94
2018.01.05 13:38:41.582,0.97486,0.97498,3.26,1.50
2018.01.05 13:38:42.094,0.97486,0.97499,1.95,2.25
2018.01.05 13:38:42.623,0.97486,0.97499,1.01,2.25
2018.01.05 13:38:43.026,0.97491,0.975,2.10,1.31
2018.01.05 13:38:43.131,0.97489,0.97499,1.00,1.00
2018.01.05 13:38:43.598,0.9749,0.97502,1.00,1.70
2018.01.05 13:38:44.135,0.97488,0.975,2.13,1.87
2018.01.05 13:38:44.240,0.97487,0.975,2.13,3.37
2018.01.05 13:38:45.020,0.97486,0.97499,2.05,3.64
2018.01.05 13:38:45.073,0.97486,0.97499,2.05,4.01
2018.01.05 13:38:45.602,0.97485,0.97496,1.00,1.00
2018.01.05 13:38:46.117,0.97484,0.97497,3.07,2.25
2018.01.05 13:38:46.517,0.97486,0.97498,1.00,2.44
2018.01.05 13:38:47.872,0.97485,0.97497,1.00,1.00
2018.01.05 13:38:48.441,0.97484,0.97497,3.63,1.00
2018.01.05 13:38:48.946,0.97485,0.97497,1.00,1.57
2018.01.05 13:38:50.296,0.97484,0.97497,3.93,1.00
2018.01.05 13:38:50.837,0.97485,0.97497,1.00,1.00
2018.01.05 13:38:52.730,0.97484,0.97497,3.93,1.00
2018.01.05 13:38:53.249,0.97485,0.97497,1.00,1.00
2018.01.05 13:38:53.799,0.97484,0.97497,2.50,1.69
2018.01.05 13:38:54.299,0.97482,0.97495,1.57,4.31
2018.01.05 13:38:54.634,0.97478,0.97489,1.00,1.12
2018.01.05 13:38:54.920,0.97476,0.97489,1.87,3.07
2018.01.05 13:38:55.676,0.97477,0.97489,1.00,1.87
2018.01.05 13:38:56.277,0.97478,0.97489,1.00,1.37
2018.01.05 13:38:56.330,0.9748,0.9749,1.12,1.62
2018.01.05 13:38:56.386,0.97482,0.97494,1.54,5.14
2018.01.05 13:38:56.440,0.97478,0.97491,4.76,4.50
2018.01.05 13:38:56.501,0.97478,0.9749,1.50,2.44
2018.01.05 13:38:57.032,0.97477,0.97489,1.00,2.44
2018.01.05 13:38:57.559,0.97476,0.97489,2.70,3.19
2018.01.05 13:38:57.716,0.97478,0.9749,2.81,1.39
2018.01.05 13:38:57.875,0.9748,0.97492,1.00,1.00
2018.01.05 13:38:58.627,0.9748,0.97493,2.25,1.76
2018.01.05 13:38:58.838,0.97482,0.97493,1.00,1.50
2018.01.05 13:38:59.073,0.97483,0.97495,2.06,1.00
2018.01.05 13:38:59.128,0.97482,0.97494,1.25,2.44
2018.01.05 13:38:59.287,0.97483,0.97495,1.00,1.10
2018.01.05 13:38:59.451,0.97484,0.97497,1.31,1.01
2018.01.05 13:39:01.188,0.97484,0.97496,1.25,1.72
2018.01.05 13:39:01.242,0.97479,0.97489,2.06,1.87
2018.01.05 13:39:01.294,0.97478,0.97489,1.00,1.87
2018.01.05 13:39:01.347,0.97476,0.97489,2.14,2.81
2018.01.05 13:39:02.112,0.97476,0.97489,1.87,3.07
2018.01.05 13:39:03.589,0.97474,0.97487,2.89,2.06
2018.01.05 13:39:03.652,0.97473,0.97485,1.95,1.50
2018.01.05 13:39:03.708,0.97472,0.97484,1.57,1.12
2018.01.05 13:39:04.241,0.9747,0.97482,2.70,1.00
2018.01.05 13:39:04.570,0.97466,0.97479,1.57,3.19
2018.01.05 13:39:05.087,0.97465,0.97478,1.01,1.87
2018.01.05 13:39:06.237,0.97466,0.97478,1.00,1.37
2018.01.05 13:39:06.772,0.97466,0.97478,1.25,1.12
2018.01.05 13:39:07.792,0.97465,0.97478,1.12,2.62
2018.01.05 13:39:09.125,0.97464,0.97476,1.25,1.12
2018.01.05 13:39:09.639,0.97465,0.97478,1.25,4.69
2018.01.05 13:39:10.981,0.97465,0.97477,1.00,2.06
2018.01.05 13:39:12.387,0.97465,0.97478,1.00,2.44
2018.01.05 13:39:12.912,0.97467,0.97479,1.12,1.87
2018.01.05 13:39:14.655,0.97466,0.97479,1.31,2.06
2018.01.05 13:39:18.149,0.97464,0.97478,4.69,2.62
2018.01.05 13:39:24.536,0.97464,0.97477,1.25,1.87
2018.01.05 13:39:24.823,0.97461,0.97474,1.87,2.06
2018.01.05 13:39:25.322,0.9746,0.97471,1.87,1.60
2018.01.05 13:39:25.375,0.97456,0.9747,6.07,2.10
2018.01.05 13:39:25.481,0.97456,0.97469,1.50,1.31
2018.01.05 13:39:38.540,0.97456,0.97468,2.62,1.00
2018.01.05 13:39:39.450,0.97456,0.97468,3.82,1.00
2018.01.05 13:39:43.379,0.97458,0.9747,1.00,1.50
2018.01.05 13:39:43.917,0.97459,0.97471,1.00,1.25
2018.01.05 13:39:44.127,0.97461,0.97472,1.00,1.50
2018.01.05 13:39:44.644,0.97458,0.97471,4.01,1.50
2018.01.05 13:39:45.179,0.97458,0.9747,1.00,1.50
2018.01.05 13:39:45.715,0.97459,0.97471,1.87,1.50
2018.01.05 13:39:46.038,0.97458,0.97469,1.12,1.00
2018.01.05 13:39:46.352,0.97458,0.9747,3.45,1.25
2018.01.05 13:39:46.690,0.97463,0.97474,2.25,1.20
2018.01.05 13:39:46.742,0.97463,0.97476,2.06,2.70
2018.01.05 13:39:47.006,0.97465,0.97478,1.50,3.45
2018.01.05 13:39:47.536,0.97465,0.97477,1.50,1.25
2018.01.05 13:39:48.470,0.97462,0.97473,3.49,3.41
2018.01.05 13:39:48.523,0.97462,0.97472,1.12,1.00
2018.01.05 13:39:48.576,0.9746,0.97471,1.10,1.00
2018.01.05 13:39:49.063,0.97458,0.97471,1.12,5.36
2018.01.05 13:39:49.573,0.97457,0.9747,1.00,3.26
2018.01.05 13:39:50.114,0.97456,0.97469,1.87,1.00
2018.01.05 13:39:50.833,0.97456,0.97468,1.12,1.25
2018.01.05 13:39:51.373,0.97456,0.97467,1.00,1.25
2018.01.05 13:39:55.005,0.97454,0.97467,4.20,1.12
2018.01.05 13:39:57.980,0.97454,0.97466,1.20,1.50
2018.01.05 13:39:58.321,0.97451,0.97463,3.30,1.69
2018.01.05 13:39:58.427,0.97449,0.97461,2.70,1.50
2018.01.05 13:39:58.482,0.97448,0.97461,2.06,3.64
2018.01.05 13:39:59.136,0.97447,0.97459,2.81,1.00
2018.01.05 13:39:59.688,0.97447,0.97459,1.00,1.50
2018.01.05 13:40:00.533,0.97447,0.97459,2.32,1.69
2018.01.05 13:40:00.720,0.97449,0.97462,2.32,2.44
2018.01.05 13:40:01.272,0.97449,0.97462,4.20,1.31
2018.01.05 13:40:02.297,0.97449,0.97461,4.12,1.00
2018.01.05 13:40:03.028,0.97449,0.97461,2.25,1.69
2018.01.05 13:40:04.010,0.97449,0.97461,3.07,3.19
2018.01.05 13:40:04.715,0.97448,0.97461,2.44,4.31
2018.01.05 13:40:06.224,0.97448,0.9746,1.00,1.50
2018.01.05 13:40:06.761,0.97448,0.9746,1.00,1.12
2018.01.05 13:40:09.191,0.97448,0.97458,1.00,1.00
2018.01.05 13:40:09.526,0.97448,0.9746,1.00,2.81
2018.01.05 13:40:13.753,0.97448,0.97456,1.01,1.00
2018.01.05 13:40:14.297,0.97447,0.97456,1.10,1.00
2018.01.05 13:40:17.722,0.97447,0.97456,4.69,1.00
2018.01.05 13:40:17.775,0.97446,0.97455,1.10,1.35
2018.01.05 13:40:17.832,0.97444,0.97456,1.69,2.62
2018.01.05 13:40:17.937,0.97445,0.97456,1.50,1.12
2018.01.05 13:40:19.511,0.97446,0.97456,2.89,1.00
2018.01.05 13:40:20.042,0.97447,0.97457,2.25,1.00
2018.01.05 13:40:20.593,0.97448,0.97456,1.00,1.00
2018.01.05 13:40:21.113,0.97448,0.97456,1.87,1.00
2018.01.05 13:40:21.982,0.97447,0.97456,2.44,1.00
2018.01.05 13:40:22.842,0.97447,0.97456,1.00,1.00
2018.01.05 13:40:24.139,0.97447,0.97457,3.82,1.00
2018.01.05 13:40:26.422,0.97453,0.97459,1.30,1.00
2018.01.05 13:40:26.475,0.97453,0.97462,1.12,1.10
2018.01.05 13:40:26.528,0.97454,0.97465,1.00,1.76
2018.01.05 13:40:26.825,0.97455,0.97468,1.87,3.26
2018.01.05 13:40:27.508,0.97456,0.97468,1.50,1.69
2018.01.05 13:40:28.120,0.97456,0.97468,2.25,1.00
2018.01.05 13:40:28.672,0.97456,0.97469,4.01,1.50
2018.01.05 13:40:29.479,0.97461,0.97471,2.92,1.00
2018.01.05 13:40:29.532,0.97462,0.97475,1.50,2.51
2018.01.05 13:40:29.586,0.97461,0.97473,3.64,3.00
2018.01.05 13:40:29.693,0.97459,0.97471,2.62,1.50
2018.01.05 13:40:30.594,0.9746,0.97471,1.25,1.12
2018.01.05 13:40:30.995,0.97462,0.97474,1.31,3.82
2018.01.05 13:40:31.048,0.97463,0.97475,1.00,1.87
2018.01.05 13:40:31.101,0.97464,0.97476,1.31,1.25
2018.01.05 13:40:31.655,0.97465,0.97477,1.00,1.00
2018.01.05 13:40:32.348,0.97466,0.97478,1.00,1.87
2018.01.05 13:40:33.978,0.97465,0.97478,2.32,1.87
2018.01.05 13:40:34.701,0.97465,0.97478,2.25,3.44
2018.01.05 13:40:35.242,0.97465,0.97478,1.50,5.13
2018.01.05 13:40:36.142,0.97465,0.97478,2.89,1.69
2018.01.05 13:40:36.632,0.97468,0.9748,2.10,1.37
2018.01.05 13:40:36.793,0.97474,0.97486,1.12,1.00
2018.01.05 13:40:36.847,0.97474,0.97488,1.69,3.93
2018.01.05 13:40:37.447,0.97476,0.97488,1.00,1.68
2018.01.05 13:40:37.989,0.97475,0.97488,3.64,1.12
2018.01.05 13:40:38.510,0.97476,0.97488,1.01,1.12
2018.01.05 13:40:38.769,0.9748,0.97491,3.97,3.37
2018.01.05 13:40:38.873,0.97482,0.97494,1.00,2.13
2018.01.05 13:40:39.154,0.9748,0.97492,1.57,1.00
2018.01.05 13:40:39.312,0.97478,0.9749,2.89,1.50
2018.01.05 13:40:39.417,0.97476,0.97488,1.10,1.50
2018.01.05 13:40:39.580,0.97475,0.97486,2.14,1.00
2018.01.05 13:40:40.069,0.97475,0.97488,1.31,2.32
2018.01.05 13:40:41.031,0.97474,0.97487,4.01,1.00
2018.01.05 13:40:44.074,0.97475,0.97488,2.25,1.38
2018.01.05 13:40:44.602,0.97475,0.97487,1.87,1.00
2018.01.05 13:40:45.065,0.97481,0.97489,1.30,1.31
2018.01.05 13:40:45.283,0.97483,0.97495,1.12,1.31
2018.01.05 13:40:45.506,0.97484,0.97492,1.00,1.50
2018.01.05 13:40:45.559,0.97484,0.97497,1.00,2.14
2018.01.05 13:40:45.718,0.9749,0.97498,1.50,1.50
2018.01.05 13:40:46.091,0.97493,0.97506,1.57,1.12
2018.01.05 13:40:46.716,0.97492,0.97505,3.82,1.00
2018.01.05 13:40:47.488,0.97494,0.97507,1.12,4.39
2018.01.05 13:40:47.603,0.97496,0.97509,1.12,2.51
2018.01.05 13:40:47.658,0.97498,0.97509,1.12,3.64
2018.01.05 13:40:48.070,0.97497,0.97511,1.12,2.70
2018.01.05 13:40:48.294,0.97496,0.97508,1.37,1.00
2018.01.05 13:40:48.347,0.97495,0.97508,1.57,1.12
2018.01.05 13:40:48.871,0.97494,0.97507,4.20,1.12
2018.01.05 13:40:49.414,0.97494,0.97507,1.87,1.69
2018.01.05 13:40:49.958,0.97495,0.97508,1.57,1.12
2018.01.05 13:40:50.479,0.97493,0.97507,4.01,2.70
2018.01.05 13:40:51.530,0.97493,0.97506,4.01,1.00
2018.01.05 13:40:52.021,0.975,0.97509,1.00,2.44
2018.01.05 13:40:52.074,0.975,0.97513,1.31,3.37
2018.01.05 13:40:52.197,0.97502,0.97515,1.00,3.75
2018.01.05 13:40:52.744,0.97503,0.97516,1.31,1.12
2018.01.05 13:40:53.195,0.97506,0.97518,1.00,1.50
2018.01.05 13:40:53.715,0.97505,0.97518,1.12,2.62
2018.01.05 13:40:53.891,0.97506,0.97519,1.87,2.06
2018.01.05 13:40:53.944,0.97505,0.97517,2.62,1.50
2018.01.05 13:40:54.472,0.97504,0.97517,3.56,2.32
2018.01.05 13:40:55.227,0.97504,0.97517,2.44,2.25
2018.01.05 13:40:56.300,0.97504,0.97516,1.69,1.00
2018.01.05 13:40:56.915,0.97503,0.97516,2.06,1.50
2018.01.05 13:40:57.423,0.97504,0.97516,1.00,1.12
2018.01.05 13:40:57.755,0.97507,0.97518,1.00,3.00
2018.01.05 13:40:58.000,0.97505,0.97518,1.69,4.12
2018.01.05 13:40:58.584,0.97504,0.97516,1.00,1.12
2018.01.05 13:40:58.794,0.97505,0.97518,1.12,2.25
2018.01.05 13:40:58.999,0.97507,0.97518,2.10,1.00
2018.01.05 13:40:59.286,0.97512,0.97526,4.12,2.14
2018.01.05 13:40:59.337,0.97512,0.97526,5.06,1.76
2018.01.05 13:40:59.854,0.97513,0.97527,1.25,5.51
2018.01.05 13:41:00.217,0.97512,0.97523,1.68,1.12
2018.01.05 13:41:00.431,0.97508,0.97521,4.87,1.12
2018.01.05 13:41:00.721,0.97512,0.97522,1.87,1.69
2018.01.05 13:41:01.155,0.97513,0.97525,2.81,1.19
2018.01.05 13:41:01.260,0.97514,0.97526,1.00,1.50
2018.01.05 13:41:01.827,0.97513,0.97527,2.81,2.44
2018.01.05 13:41:01.930,0.97515,0.97527,1.00,2.44
2018.01.05 13:41:02.442,0.97515,0.97527,1.00,1.12
2018.01.05 13:41:02.775,0.97519,0.97531,2.62,1.00
2018.01.05 13:41:03.036,0.97517,0.9753,1.12,5.62
2018.01.05 13:41:03.087,0.97517,0.97529,1.50,2.62
2018.01.05 13:41:03.614,0.97515,0.97528,2.25,2.81
2018.01.05 13:41:04.265,0.97515,0.97526,1.00,2.32
2018.01.05 13:41:04.322,0.97513,0.97525,1.50,1.37
2018.01.05 13:41:04.374,0.97513,0.97526,1.00,3.00
2018.01.05 13:41:05.044,0.97512,0.97525,2.62,1.12
2018.01.05 13:41:05.722,0.97513,0.97526,1.87,1.00
2018.01.05 13:41:06.270,0.97514,0.97527,1.12,2.51
2018.01.05 13:41:06.995,0.97514,0.97527,1.12,1.95
2018.01.05 13:41:07.155,0.97514,0.97526,1.12,2.32
2018.01.05 13:41:07.691,0.97513,0.97526,2.06,1.87
2018.01.05 13:41:08.053,0.97515,0.97527,1.12,2.25
2018.01.05 13:41:08.576,0.97514,0.97527,2.44,2.25
2018.01.05 13:41:09.213,0.97515,0.97527,1.00,1.87
2018.01.05 13:41:09.727,0.97515,0.97528,1.87,2.62
2018.01.05 13:41:10.263,0.9752,0.97532,2.10,2.89
2018.01.05 13:41:10.421,0.97521,0.97534,1.50,4.50
2018.01.05 13:41:10.947,0.97522,0.97534,1.50,1.00
2018.01.05 13:41:11.418,0.97523,0.97536,2.25,1.37
2018.01.05 13:41:12.398,0.97525,0.97537,1.00,2.62
2018.01.05 13:41:12.711,0.97528,0.97538,1.37,1.00
2018.01.05 13:41:12.916,0.97527,0.9754,1.95,2.25
2018.01.05 13:41:12.972,0.97529,0.97542,1.50,2.25
2018.01.05 13:41:13.150,0.97532,0.97544,1.50,1.00
2018.01.05 13:41:13.575,0.97533,0.97546,1.12,1.00
2018.01.05 13:41:13.805,0.97535,0.97547,1.50,2.77
2018.01.05 13:41:13.912,0.97538,0.9755,1.00,1.20
2018.01.05 13:41:14.189,0.97541,0.97552,1.00,1.95
2018.01.05 13:41:14.259,0.97541,0.97554,2.25,3.07
2018.01.05 13:41:14.790,0.9754,0.97553,1.50,2.06
2018.01.05 13:41:15.349,0.97542,0.97553,1.00,1.25
2018.01.05 13:41:15.462,0.97543,0.97555,1.12,1.87
2018.01.05 13:41:15.671,0.97545,0.97555,1.00,1.50
2018.01.05 13:41:15.856,0.97543,0.97555,1.87,1.00
2018.01.05 13:41:16.430,0.97544,0.97556,1.00,1.50
2018.01.05 13:41:17.060,0.97545,0.97558,1.50,4.87
2018.01.05 13:41:17.294,0.97548,0.97559,1.35,2.32
2018.01.05 13:41:17.453,0.9755,0.97562,2.62,1.00
2018.01.05 13:41:18.062,0.97552,0.97564,1.00,2.06
2018.01.05 13:41:18.571,0.97553,0.97565,1.00,2.06
2018.01.05 13:41:18.856,0.97554,0.97566,1.00,1.50
2018.01.05 13:41:19.065,0.97557,0.97567,1.50,1.00
2018.01.05 13:41:19.118,0.97555,0.97567,2.25,1.37
2018.01.05 13:41:19.513,0.97553,0.97566,3.56,1.57
2018.01.05 13:41:20.032,0.97554,0.97566,1.00,1.50
2018.01.05 13:41:20.181,0.97558,0.97569,1.12,3.37
2018.01.05 13:41:20.234,0.9756,0.97571,2.25,1.01
2018.01.05 13:41:20.287,0.97563,0.97572,1.00,1.12
2018.01.05 13:41:20.498,0.97559,0.97573,3.00,2.70
2018.01.05 13:41:21.043,0.9756,0.97572,1.50,3.37
2018.01.05 13:41:21.471,0.97561,0.97574,1.87,1.12
2018.01.05 13:41:21.586,0.97563,0.97575,1.00,3.94
2018.01.05 13:41:22.102,0.97562,0.97573,1.00,1.50
2018.01.05 13:41:22.575,0.97561,0.97567,2.25,1.00
2018.01.05 13:41:22.880,0.97551,0.97563,1.31,1.87
2018.01.05 13:41:23.587,0.97551,0.97561,1.37,2.44
2018.01.05 13:41:23.646,0.97552,0.97561,2.25,1.00
2018.01.05 13:41:23.743,0.97552,0.97563,2.25,1.00
2018.01.05 13:41:23.796,0.97552,0.97566,3.00,3.45
2018.01.05 13:41:24.363,0.97551,0.97564,1.12,2.25
2018.01.05 13:41:25.344,0.97552,0.97564,1.50,1.00
2018.01.05 13:41:25.397,0.97554,0.97566,1.00,3.00
2018.01.05 13:41:25.617,0.97557,0.9757,2.25,1.50
2018.01.05 13:41:25.960,0.97556,0.97567,1.00,1.12
2018.01.05 13:41:26.066,0.97553,0.97566,1.50,1.12
2018.01.05 13:41:26.606,0.97554,0.97566,1.50,1.12
2018.01.05 13:41:27.257,0.97553,0.97566,1.87,1.87
2018.01.05 13:41:27.365,0.97554,0.97566,3.75,1.00
2018.01.05 13:41:27.470,0.97553,0.97566,1.95,1.12
2018.01.05 13:41:28.044,0.97553,0.97565,1.00,1.87
2018.01.05 13:41:28.567,0.97553,0.97565,1.00,3.00
2018.01.05 13:41:29.062,0.97554,0.97566,1.00,1.50
2018.01.05 13:41:29.617,0.97555,0.97566,1.00,1.50
2018.01.05 13:41:30.140,0.97552,0.97563,3.75,1.00
2018.01.05 13:41:30.386,0.9755,0.97563,1.50,3.07
2018.01.05 13:41:30.546,0.9755,0.97561,1.50,1.00
2018.01.05 13:41:30.863,0.97544,0.97555,1.12,1.87
2018.01.05 13:41:31.388,0.97542,0.97554,2.81,1.12
2018.01.05 13:41:32.572,0.97541,0.97553,2.62,1.12
2018.01.05 13:41:33.125,0.97541,0.97553,1.37,1.76
2018.01.05 13:41:33.826,0.97541,0.97554,2.44,2.44
2018.01.05 13:41:33.934,0.97544,0.97555,1.12,1.00
2018.01.05 13:41:34.096,0.97546,0.97558,1.31,2.44
2018.01.05 13:41:34.621,0.97545,0.97557,1.00,1.00
2018.01.05 13:41:35.041,0.97543,0.97555,2.81,1.00
2018.01.05 13:41:35.565,0.97543,0.97556,1.25,3.19
2018.01.05 13:41:36.270,0.97542,0.97555,3.56,2.25
2018.01.05 13:41:37.569,0.97542,0.97555,3.75,1.25
2018.01.05 13:41:38.105,0.97544,0.97556,1.50,1.12
2018.01.05 13:41:38.627,0.97543,0.97556,3.19,2.63
2018.01.05 13:41:39.141,0.97544,0.97556,1.50,1.12
2018.01.05 13:41:39.603,0.97542,0.97554,1.12,1.00
2018.01.05 13:41:40.192,0.97542,0.97554,1.00,1.87
2018.01.05 13:41:40.713,0.97541,0.97554,1.00,2.62
2018.01.05 13:41:41.167,0.97543,0.97554,1.00,1.62
2018.01.05 13:41:41.281,0.97544,0.97556,1.69,1.00
2018.01.05 13:41:41.785,0.97544,0.97556,1.00,2.62
2018.01.05 13:41:42.481,0.97543,0.97555,1.25,3.19
2018.01.05 13:41:43.020,0.97542,0.97554,1.00,1.12
2018.01.05 13:41:43.538,0.9754,0.97553,3.00,1.12
2018.01.05 13:41:44.067,0.9754,0.97552,2.25,1.00
2018.01.05 13:41:44.589,0.9754,0.97552,2.25,1.00
2018.01.05 13:41:45.223,0.9754,0.97552,1.50,1.00
2018.01.05 13:41:45.761,0.97541,0.97552,1.00,1.00
2018.01.05 13:41:46.306,0.97541,0.97553,3.19,1.00
2018.01.05 13:41:46.846,0.97542,0.97552,1.00,1.00
2018.01.05 13:41:46.899,0.9754,0.97552,3.00,1.25
2018.01.05 13:41:47.548,0.97541,0.97553,1.50,1.50
2018.01.05 13:41:48.066,0.97542,0.97554,1.00,1.87
2018.01.05 13:41:49.016,0.97541,0.97553,1.50,1.00
2018.01.05 13:41:49.482,0.97547,0.97555,2.29,1.00
2018.01.05 13:41:49.588,0.97548,0.9756,1.00,3.19
2018.01.05 13:41:49.640,0.97546,0.97557,2.48,1.87
2018.01.05 13:41:49.745,0.97548,0.9756,1.25,2.62
2018.01.05 13:41:50.175,0.97547,0.97559,1.69,2.81
2018.01.05 13:41:50.229,0.97545,0.97557,2.70,1.00
2018.01.05 13:41:50.798,0.97544,0.97556,3.19,1.00
2018.01.05 13:41:51.330,0.97545,0.97556,1.12,1.00
2018.01.05 13:41:51.539,0.97546,0.97559,2.44,2.62
2018.01.05 13:41:51.591,0.97548,0.97559,1.13,1.12
2018.01.05 13:41:51.736,0.97549,0.97561,1.00,2.63
2018.01.05 13:41:52.257,0.97547,0.97558,5.63,3.00
2018.01.05 13:41:52.311,0.97545,0.97558,2.51,1.87
2018.01.05 13:41:52.687,0.97549,0.9756,1.25,1.57
2018.01.05 13:41:52.793,0.97551,0.97562,1.00,1.31
2018.01.05 13:41:53.327,0.9755,0.97563,3.75,1.00
2018.01.05 13:41:53.946,0.9755,0.97563,1.31,2.25
2018.01.05 13:41:54.519,0.9755,0.97563,1.31,2.06
2018.01.05 13:41:55.042,0.97551,0.97563,1.69,1.25
2018.01.05 13:41:56.518,0.97555,0.97563,1.37,2.81
2018.01.05 13:41:56.574,0.97558,0.9757,1.12,1.01
2018.01.05 13:41:56.681,0.97556,0.97568,1.87,1.00
2018.01.05 13:41:57.224,0.97556,0.97568,1.12,1.00
2018.01.05 13:41:57.533,0.97554,0.97566,1.50,3.19
2018.01.05 13:41:57.844,0.97556,0.97567,1.00,3.56
2018.01.05 13:41:58.207,0.97556,0.97566,1.00,1.57
2018.01.05 13:41:58.584,0.97554,0.97566,1.12,1.87
2018.01.05 13:41:58.637,0.97556,0.97566,1.00,3.19
2018.01.05 13:41:58.743,0.97554,0.97565,1.12,1.12
2018.01.05 13:41:59.032,0.97554,0.97566,2.62,2.44
2018.01.05 13:41:59.351,0.97557,0.97566,1.25,3.64
2018.01.05 13:41:59.404,0.97554,0.97565,2.44,1.87
2018.01.05 13:41:59.614,0.97554,0.97566,1.12,1.50
2018.01.05 13:42:00.484,0.97553,0.97565,3.75,1.87
2018.01.05 13:42:01.016,0.97552,0.97564,1.87,1.00
2018.01.05 13:42:01.910,0.97553,0.97566,2.62,2.51
2018.01.05 13:42:02.130,0.97556,0.97567,1.00,1.13
2018.01.05 13:42:02.713,0.97556,0.97568,3.94,1.00
2018.01.05 13:42:03.234,0.97556,0.97569,3.94,2.81
2018.01.05 13:42:03.549,0.9756,0.97571,1.00,1.01
2018.01.05 13:42:03.939,0.97559,0.9757,1.37,1.87
2018.01.05 13:42:03.994,0.97558,0.9757,1.50,1.87
2018.01.05 13:42:04.151,0.97559,0.97571,1.50,2.81
2018.01.05 13:42:04.431,0.9756,0.97574,1.12,3.45
2018.01.05 13:42:06.013,0.9756,0.97572,1.12,1.13
2018.01.05 13:42:07.133,0.97561,0.97572,1.00,1.50
2018.01.05 13:42:07.721,0.97563,0.97575,1.50,1.76
2018.01.05 13:42:08.139,0.97562,0.97573,1.00,3.56
2018.01.05 13:42:08.674,0.9756,0.97573,3.56,3.75
2018.01.05 13:42:09.199,0.97561,0.97573,1.87,1.69
2018.01.05 13:42:10.622,0.9756,0.97572,4.31,1.25
2018.01.05 13:42:11.173,0.9756,0.97572,1.50,1.00
2018.01.05 13:42:11.499,0.97562,0.97573,1.00,1.87
2018.01.05 13:42:12.036,0.97561,0.97573,1.00,1.12
2018.01.05 13:42:12.723,0.97561,0.97574,1.12,3.64
2018.01.05 13:42:13.101,0.97565,0.97576,1.87,3.94
2018.01.05 13:42:13.429,0.97569,0.97582,1.12,4.12
2018.01.05 13:42:13.723,0.97572,0.97582,1.00,1.12
2018.01.05 13:42:14.323,0.97571,0.97583,1.00,1.50
2018.01.05 13:42:14.842,0.9757,0.97582,1.87,2.06
2018.01.05 13:42:15.194,0.97569,0.97581,1.00,2.81
2018.01.05 13:42:16.383,0.97569,0.97581,1.00,1.00
2018.01.05 13:42:16.999,0.97569,0.97582,1.50,4.76
2018.01.05 13:42:17.522,0.97569,0.97582,2.25,4.31
2018.01.05 13:42:18.233,0.9757,0.97583,3.38,1.50
2018.01.05 13:42:18.783,0.9757,0.97581,1.50,1.00
2018.01.05 13:42:19.386,0.97569,0.97581,1.87,1.87
2018.01.05 13:42:21.251,0.97569,0.97582,2.62,1.20
2018.01.05 13:42:21.606,0.97571,0.97583,1.37,1.10
2018.01.05 13:42:22.350,0.97571,0.97584,1.63,1.31
2018.01.05 13:42:22.852,0.97571,0.97584,2.06,2.44
2018.01.05 13:42:23.577,0.97572,0.97584,1.88,2.33
2018.01.05 13:42:24.041,0.97575,0.97587,5.06,1.70
2018.01.05 13:42:24.094,0.97578,0.9759,1.00,4.12
2018.01.05 13:42:25.320,0.97578,0.9759,2.62,1.37
2018.01.05 13:42:25.513,0.97576,0.97586,1.78,2.25
2018.01.05 13:42:25.567,0.97573,0.97585,1.00,2.44
2018.01.05 13:42:25.786,0.97573,0.97586,1.12,1.00
2018.01.05 13:42:26.614,0.97572,0.97585,3.00,2.44
2018.01.05 13:42:27.175,0.97574,0.97586,1.50,2.62
2018.01.05 13:42:27.230,0.97571,0.97584,2.81,1.87
2018.01.05 13:42:27.814,0.97571,0.97583,1.00,1.20
2018.01.05 13:42:28.354,0.9757,0.97582,2.44,1.50
2018.01.05 13:42:29.156,0.97571,0.97583,1.00,2.25
2018.01.05 13:42:29.645,0.97569,0.97578,1.19,3.00
2018.01.05 13:42:29.810,0.97564,0.97573,2.44,1.00
2018.01.05 13:42:29.864,0.97563,0.97574,1.00,3.37
2018.01.05 13:42:30.114,0.9756,0.97571,2.62,1.00
2018.01.05 13:42:32.110,0.97561,0.97571,1.00,1.00
2018.01.05 13:42:32.744,0.97559,0.9757,1.50,1.00
2018.01.05 13:42:33.266,0.97559,0.9757,1.87,1.00
2018.01.05 13:42:33.563,0.97558,0.9757,2.63,2.25
2018.01.05 13:42:33.631,0.97556,0.97564,1.25,1.00
2018.01.05 13:42:33.737,0.97552,0.97564,1.50,3.00
2018.01.05 13:42:33.792,0.97552,0.97562,1.50,1.00
2018.01.05 13:42:33.845,0.97551,0.97562,1.87,1.00
2018.01.05 13:42:34.390,0.97551,0.97563,1.00,1.25
2018.01.05 13:42:35.038,0.9755,0.97564,2.25,4.76
2018.01.05 13:42:35.546,0.9755,0.97561,1.25,1.13
2018.01.05 13:42:35.599,0.97547,0.9756,2.63,3.94
2018.01.05 13:42:35.757,0.97549,0.97562,1.13,4.76
2018.01.05 13:42:36.328,0.9755,0.97562,1.00,3.83
2018.01.05 13:42:36.856,0.97549,0.97562,1.13,4.76
2018.01.05 13:42:37.278,0.97547,0.97558,4.12,1.25
2018.01.05 13:42:37.389,0.97544,0.97556,2.06,1.31
2018.01.05 13:42:37.892,0.97543,0.97555,1.31,1.25
2018.01.05 13:42:38.449,0.97543,0.97555,1.50,1.13
2018.01.05 13:42:38.954,0.97544,0.97556,1.44,2.63
2018.01.05 13:42:39.454,0.97543,0.97555,1.31,1.00
2018.01.05 13:42:40.006,0.97544,0.97556,1.12,1.13
2018.01.05 13:42:40.725,0.97543,0.97555,1.50,1.13
2018.01.05 13:42:41.287,0.97542,0.97556,2.25,3.00
2018.01.05 13:42:41.805,0.97542,0.97555,1.44,1.13
2018.01.05 13:42:42.229,0.97542,0.97554,1.25,1.44
2018.01.05 13:42:42.748,0.97541,0.97552,1.12,1.00
2018.01.05 13:42:44.167,0.9754,0.97551,1.69,1.00
2018.01.05 13:42:44.220,0.97538,0.9755,1.69,1.50
2018.01.05 13:42:44.636,0.97539,0.97552,2.25,2.44
2018.01.05 13:42:45.268,0.9754,0.97553,2.44,2.25
2018.01.05 13:42:45.817,0.97541,0.97553,1.00,1.12
2018.01.05 13:42:46.951,0.9754,0.97553,1.50,2.25
2018.01.05 13:42:47.476,0.9754,0.97552,1.12,1.00
2018.01.05 13:42:47.728,0.97537,0.9755,4.58,3.00
2018.01.05 13:42:47.835,0.97536,0.97548,2.06,1.00
2018.01.05 13:42:48.107,0.97534,0.97548,3.47,4.31
2018.01.05 13:42:48.743,0.97534,0.97546,1.31,2.44
2018.01.05 13:42:49.264,0.97533,0.97545,1.00,1.00
2018.01.05 13:42:49.894,0.97533,0.97546,1.50,2.44
2018.01.05 13:42:50.497,0.97533,0.97546,1.88,2.81
2018.01.05 13:42:51.098,0.97533,0.97546,1.44,2.63
2018.01.05 13:42:51.448,0.97536,0.97548,1.12,1.87
2018.01.05 13:42:51.967,0.97537,0.97549,1.31,1.69
2018.01.05 13:42:52.072,0.97535,0.97548,1.12,4.31
2018.01.05 13:42:52.264,0.97533,0.97545,1.12,1.00
2018.01.05 13:42:53.363,0.97532,0.97545,1.69,1.50
2018.01.05 13:42:54.211,0.97532,0.97544,1.12,1.00
2018.01.05 13:42:54.825,0.97533,0.97545,1.00,1.69
2018.01.05 13:42:55.342,0.97532,0.97544,1.31,1.50
2018.01.05 13:42:56.148,0.97531,0.97543,2.63,1.00
2018.01.05 13:42:56.845,0.9753,0.97542,2.81,1.00
2018.01.05 13:42:57.827,0.97529,0.97541,3.00,1.00
2018.01.05 13:42:57.933,0.97528,0.9754,3.38,1.25
2018.01.05 13:42:58.411,0.97527,0.97538,1.00,1.25
2018.01.05 13:42:58.726,0.97523,0.97535,1.50,1.31
2018.01.05 13:42:58.988,0.97521,0.97533,2.44,1.69
2018.01.05 13:42:59.144,0.97522,0.97535,1.69,2.63
2018.01.05 13:43:00.273,0.97521,0.97533,2.63,1.25
2018.01.05 13:43:00.805,0.97522,0.97534,1.50,1.00
2018.01.05 13:43:01.747,0.97523,0.97535,1.00,2.81
2018.01.05 13:43:02.258,0.97524,0.97536,1.00,1.69
2018.01.05 13:43:02.788,0.97522,0.97534,3.00,1.12
2018.01.05 13:43:03.003,0.97522,0.97527,1.00,1.00
2018.01.05 13:43:03.056,0.97518,0.97528,3.75,2.62
2018.01.05 13:43:03.165,0.97516,0.97526,1.12,1.50
2018.01.05 13:43:03.271,0.97513,0.97524,3.19,1.12
2018.01.05 13:43:03.377,0.97515,0.97528,1.13,7.58
2018.01.05 13:43:03.698,0.97522,0.97535,1.00,5.89
2018.01.05 13:43:04.286,0.97523,0.97535,1.00,1.25
2018.01.05 13:43:05.697,0.97523,0.97536,1.50,1.87
2018.01.05 13:43:06.280,0.97523,0.97536,1.69,2.25
2018.01.05 13:43:06.542,0.97521,0.97533,1.12,1.50
2018.01.05 13:43:06.861,0.9752,0.97533,3.00,1.47
2018.01.05 13:43:06.916,0.97522,0.97534,1.00,1.31
2018.01.05 13:43:07.486,0.97521,0.97534,2.06,2.81
2018.01.05 13:43:07.539,0.97518,0.9753,1.62,2.06
2018.01.05 13:43:07.761,0.97517,0.97529,1.69,1.50
2018.01.05 13:43:08.133,0.97516,0.97527,1.63,1.00
2018.01.05 13:43:08.186,0.97514,0.97527,3.00,2.25
2018.01.05 13:43:08.458,0.97513,0.97526,1.50,1.12
2018.01.05 13:43:08.992,0.97514,0.97526,1.69,1.31
2018.01.05 13:43:09.237,0.97513,0.97524,1.00,1.00
2018.01.05 13:43:09.767,0.97512,0.97524,1.87,1.12
2018.01.05 13:43:10.296,0.97512,0.97524,1.12,3.19
2018.01.05 13:43:11.022,0.97511,0.97524,3.37,2.81
2018.01.05 13:43:11.545,0.97512,0.97524,1.50,1.69
2018.01.05 13:43:12.892,0.97512,0.97525,4.12,1.54
2018.01.05 13:43:13.253,0.97511,0.97523,2.25,1.87
2018.01.05 13:43:13.576,0.97508,0.9752,1.25,1.25
2018.01.05 13:43:14.115,0.97507,0.97519,2.25,1.13
2018.01.05 13:43:14.427,0.97504,0.97516,1.44,1.25
2018.01.05 13:43:14.933,0.97504,0.97516,1.25,1.00
2018.01.05 13:43:15.499,0.97503,0.97516,1.19,5.06
2018.01.05 13:43:15.604,0.97502,0.97515,2.06,3.38
2018.01.05 13:43:16.130,0.97501,0.97513,1.87,1.69
2018.01.05 13:43:16.264,0.97501,0.9751,1.12,1.00
2018.01.05 13:43:16.427,0.97501,0.97514,2.81,2.63
2018.01.05 13:43:16.536,0.97501,0.97513,2.44,3.56
2018.01.05 13:43:16.878,0.97495,0.97505,1.19,1.00
2018.01.05 13:43:17.624,0.97495,0.97506,1.69,1.12
2018.01.05 13:43:18.173,0.97495,0.97505,3.19,1.00
2018.01.05 13:43:18.691,0.97495,0.97506,2.62,1.12
2018.01.05 13:43:19.193,0.97495,0.97506,1.25,1.12
2018.01.05 13:43:19.476,0.97496,0.97508,1.00,1.12
2018.01.05 13:43:22.479,0.97496,0.97508,1.50,1.57
2018.01.05 13:43:23.008,0.97495,0.97507,1.87,3.64
2018.01.05 13:43:23.940,0.97496,0.97507,1.50,1.87
2018.01.05 13:43:24.048,0.97497,0.9751,1.69,9.07
2018.01.05 13:43:24.533,0.97496,0.97508,1.00,3.75
2018.01.05 13:43:25.046,0.97495,0.97507,2.44,3.37
2018.01.05 13:43:25.462,0.97493,0.97505,2.51,4.50
2018.01.05 13:43:25.687,0.97492,0.97504,1.50,4.20
2018.01.05 13:43:25.843,0.9749,0.97502,1.20,3.00
2018.01.05 13:43:26.395,0.97489,0.97501,1.50,4.05
2018.01.05 13:43:26.461,0.97487,0.97499,2.51,1.00
2018.01.05 13:43:26.515,0.97486,0.97497,1.50,1.00
2018.01.05 13:43:26.725,0.97487,0.97499,1.00,2.44
2018.01.05 13:43:27.146,0.9749,0.97502,5.06,1.57
2018.01.05 13:43:27.199,0.97492,0.97504,1.00,3.45
2018.01.05 13:43:27.252,0.97492,0.97504,1.12,2.44
2018.01.05 13:43:27.572,0.97494,0.97505,1.00,2.14
2018.01.05 13:43:27.817,0.97495,0.97507,1.00,2.32
2018.01.05 13:43:28.488,0.97494,0.97506,2.06,1.00
2018.01.05 13:43:30.436,0.97493,0.97506,3.94,1.50
2018.01.05 13:43:30.489,0.97492,0.97504,3.37,2.62
2018.01.05 13:43:30.753,0.97494,0.97506,1.50,1.39
2018.01.05 13:43:30.808,0.97495,0.97507,1.25,3.26
2018.01.05 13:43:31.332,0.97495,0.97507,1.12,1.10
2018.01.05 13:43:31.717,0.97493,0.97505,3.19,1.00
2018.01.05 13:43:33.936,0.97494,0.97507,2.25,2.89
2018.01.05 13:43:34.478,0.97496,0.97507,1.50,1.00
2018.01.05 13:43:35.257,0.975,0.97512,2.06,2.89
2018.01.05 13:43:35.417,0.97502,0.97514,1.00,3.26
2018.01.05 13:43:35.733,0.97504,0.97516,1.88,3.07
2018.01.05 13:43:35.922,0.97506,0.97518,1.50,2.89
2018.01.05 13:43:35.999,0.97505,0.97517,1.00,2.51
2018.01.05 13:43:36.419,0.97508,0.97519,1.25,2.32
2018.01.05 13:43:36.952,0.97508,0.9752,1.44,1.10
2018.01.05 13:43:37.489,0.97511,0.97521,1.25,1.10
2018.01.05 13:43:38.674,0.97512,0.97521,1.00,1.00
2018.01.05 13:43:39.075,0.97508,0.97518,1.54,1.87
2018.01.05 13:43:39.128,0.97507,0.97516,1.00,1.00
2018.01.05 13:43:39.825,0.97507,0.97517,1.25,1.00
2018.01.05 13:43:40.856,0.97506,0.97517,1.87,2.25
2018.01.05 13:43:41.181,0.97503,0.97514,2.62,1.12
2018.01.05 13:43:41.766,0.97503,0.97514,1.50,1.87
2018.01.05 13:43:42.635,0.97502,0.97512,1.50,1.00
2018.01.05 13:43:43.597,0.97502,0.97512,2.25,1.00
2018.01.05 13:43:44.504,0.97501,0.97509,1.00,1.12
2018.01.05 13:43:44.665,0.97501,0.97512,1.00,2.32
2018.01.05 13:43:44.937,0.97503,0.97513,1.00,1.00
2018.01.05 13:43:45.406,0.97504,0.97517,4.50,3.56
2018.01.05 13:43:45.615,0.97506,0.97517,1.12,1.12
2018.01.05 13:43:45.951,0.97506,0.97515,1.00,1.00
2018.01.05 13:43:46.484,0.97505,0.97515,2.81,1.00
2018.01.05 13:43:47.096,0.97506,0.97517,1.00,1.12
2018.01.05 13:43:47.148,0.97505,0.97515,2.62,1.00
2018.01.05 13:43:47.685,0.97504,0.97515,1.12,1.20
2018.01.05 13:43:48.159,0.97505,0.97516,2.81,1.00
2018.01.05 13:43:48.476,0.97512,0.97519,1.12,1.37
2018.01.05 13:43:48.531,0.97512,0.97521,1.87,1.00
2018.01.05 13:43:48.588,0.97512,0.97523,3.37,1.50
2018.01.05 13:43:48.983,0.97516,0.97526,1.50,1.20
2018.01.05 13:43:49.150,0.97519,0.97532,2.63,4.39
2018.01.05 13:43:49.665,0.9752,0.97532,2.06,1.12
2018.01.05 13:43:50.334,0.97519,0.9753,2.63,1.00
2018.01.05 13:43:50.871,0.97517,0.97529,1.87,1.87
2018.01.05 13:43:51.191,0.97515,0.97528,2.62,3.07
2018.01.05 13:43:51.557,0.97514,0.97526,2.62,1.00
2018.01.05 13:43:52.069,0.97513,0.97526,1.31,3.07
2018.01.05 13:43:52.133,0.97515,0.97527,1.00,1.76
2018.01.05 13:43:52.241,0.97517,0.97529,2.25,1.50
2018.01.05 13:43:52.578,0.97517,0.97528,1.00,2.14
2018.01.05 13:43:52.891,0.97514,0.97526,1.00,1.12
2018.01.05 13:43:53.434,0.97512,0.97526,7.95,3.07
2018.01.05 13:43:54.171,0.97514,0.97526,2.63,2.32
2018.01.05 13:43:54.229,0.97519,0.97529,1.00,1.20
2018.01.05 13:43:54.283,0.97516,0.97528,1.62,1.31
2018.01.05 13:43:54.442,0.97514,0.97527,1.66,3.75
2018.01.05 13:43:54.652,0.97513,0.97526,1.50,4.39
2018.01.05 13:43:54.977,0.97512,0.97523,2.25,1.37
2018.01.05 13:43:55.785,0.97512,0.9752,1.00,1.37
2018.01.05 13:43:55.837,0.97508,0.9752,3.19,2.25
2018.01.05 13:43:56.374,0.97508,0.97517,4.01,1.00
2018.01.05 13:43:56.429,0.9751,0.97521,3.19,1.12
2018.01.05 13:43:56.534,0.97509,0.97519,2.25,1.00
2018.01.05 13:43:56.639,0.97508,0.97519,1.31,1.00
2018.01.05 13:43:56.853,0.97506,0.97517,1.12,1.87
2018.01.05 13:43:57.328,0.97508,0.97516,1.00,1.12
2018.01.05 13:43:57.382,0.97506,0.97517,2.62,1.12
2018.01.05 13:43:57.487,0.97507,0.97519,1.01,1.12
2018.01.05 13:43:57.593,0.97508,0.97519,1.37,1.12
2018.01.05 13:43:57.646,0.97507,0.97518,1.10,2.25
2018.01.05 13:43:57.839,0.97505,0.97516,4.76,1.50
2018.01.05 13:43:58.367,0.97506,0.97517,1.00,1.00
2018.01.05 13:43:58.720,0.9751,0.97521,1.00,1.12
2018.01.05 13:43:59.392,0.9751,0.97521,1.87,1.00
2018.01.05 13:44:00.067,0.9751,0.97521,1.12,1.00
2018.01.05 13:44:00.611,0.97511,0.97522,2.62,1.00
2018.01.05 13:44:01.100,0.97514,0.97523,1.00,1.00
2018.01.05 13:44:01.360,0.97519,0.9753,1.69,1.10
2018.01.05 13:44:01.909,0.9752,0.97531,1.00,2.25
2018.01.05 13:44:01.964,0.97519,0.97527,1.25,1.00
2018.01.05 13:44:02.174,0.97516,0.97528,1.07,1.76
2018.01.05 13:44:02.338,0.97518,0.97529,1.31,1.31
2018.01.05 13:44:02.599,0.97517,0.97529,1.61,2.70
2018.01.05 13:44:02.706,0.97519,0.97531,1.25,2.89
2018.01.05 13:44:02.869,0.9752,0.97532,1.00,1.31
2018.01.05 13:44:03.391,0.97521,0.97533,1.00,3.82
2018.01.05 13:44:03.662,0.97519,0.97532,4.12,2.32
2018.01.05 13:44:03.714,0.97521,0.97532,1.00,1.00
2018.01.05 13:44:04.543,0.9752,0.97532,1.76,1.00
2018.01.05 13:44:05.153,0.9752,0.97533,3.26,3.75
2018.01.05 13:44:05.590,0.97522,0.97533,4.50,1.20
2018.01.05 13:44:05.749,0.97525,0.97537,1.69,2.70
2018.01.05 13:44:06.144,0.97523,0.97533,1.50,3.94
2018.01.05 13:44:06.255,0.97521,0.97533,1.50,1.50
2018.01.05 13:44:06.808,0.97522,0.97532,1.00,1.00
2018.01.05 13:44:07.383,0.97522,0.97534,4.13,1.87
2018.01.05 13:44:07.952,0.97522,0.97532,1.00,1.00
2018.01.05 13:44:08.505,0.97521,0.97532,1.50,1.00
2018.01.05 13:44:09.015,0.97521,0.97533,2.25,2.62
2018.01.05 13:44:10.220,0.9752,0.97533,2.70,2.25
2018.01.05 13:44:10.790,0.97521,0.97533,1.00,2.25
2018.01.05 13:44:12.208,0.97523,0.97534,1.00,1.87
2018.01.05 13:44:14.474,0.97522,0.97534,4.95,1.37
2018.01.05 13:44:15.002,0.97523,0.97534,1.00,1.50
2018.01.05 13:44:15.303,0.97521,0.97534,2.25,3.82
2018.01.05 13:44:17.145,0.97522,0.97534,1.00,4.01
2018.01.05 13:44:17.664,0.97521,0.97534,1.69,4.95
2018.01.05 13:44:19.742,0.97522,0.97534,1.00,4.76
2018.01.05 13:44:20.280,0.97521,0.97532,1.00,1.12
2018.01.05 13:44:21.994,0.97522,0.97533,1.00,1.50
2018.01.05 13:44:22.598,0.97521,0.97533,2.44,1.50
2018.01.05 13:44:23.122,0.97522,0.97533,1.00,1.50
2018.01.05 13:44:23.870,0.97522,0.97534,2.06,2.81
2018.01.05 13:44:24.026,0.97523,0.97535,1.12,1.00
2018.01.05 13:44:24.954,0.97525,0.97536,1.00,1.00
2018.01.05 13:44:25.270,0.97527,0.97538,1.50,1.50
2018.01.05 13:44:26.342,0.97527,0.97538,1.00,1.38
2018.01.05 13:44:26.753,0.97524,0.97536,1.20,1.69
2018.01.05 13:44:27.301,0.97523,0.97536,1.88,2.70
2018.01.05 13:44:28.418,0.97524,0.97537,5.25,3.94
2018.01.05 13:44:28.627,0.97527,0.97538,1.12,2.06
2018.01.05 13:44:29.955,0.97527,0.97539,1.12,3.19
2018.01.05 13:44:30.516,0.97527,0.97538,2.62,1.00
2018.01.05 13:44:30.978,0.9753,0.9754,1.50,1.00
2018.01.05 13:44:31.094,0.97531,0.97544,1.12,4.95
2018.01.05 13:44:31.602,0.97532,0.97544,1.50,4.13
2018.01.05 13:44:32.120,0.97531,0.97544,1.20,2.44
2018.01.05 13:44:32.641,0.97532,0.97544,1.00,2.25
2018.01.05 13:44:33.893,0.97533,0.97544,1.25,1.87
2018.01.05 13:44:34.103,0.97535,0.97546,1.00,2.51
2018.01.05 13:44:34.608,0.97535,0.97547,1.87,2.63
2018.01.05 13:44:34.931,0.97539,0.97549,1.00,1.01
2018.01.05 13:44:35.038,0.97539,0.97551,1.00,1.58
2018.01.05 13:44:35.324,0.97535,0.97546,4.01,1.00
2018.01.05 13:44:35.378,0.97534,0.97546,1.31,2.25
2018.01.05 13:44:35.914,0.97534,0.97546,1.00,3.00
2018.01.05 13:44:35.977,0.97532,0.97545,1.57,2.63
2018.01.05 13:44:36.161,0.97532,0.97543,2.25,1.25
2018.01.05 13:44:37.029,0.97531,0.97543,2.62,1.25
2018.01.05 13:44:38.090,0.97531,0.97543,1.87,1.76
2018.01.05 13:44:39.334,0.97531,0.97543,1.12,1.00
2018.01.05 13:44:39.725,0.97533,0.97544,1.00,1.12
2018.01.05 13:44:40.372,0.97536,0.97545,2.25,2.44
2018.01.05 13:44:40.427,0.97538,0.97549,1.87,1.50
2018.01.05 13:44:40.589,0.97538,0.97551,1.12,1.76
2018.01.05 13:44:40.745,0.97537,0.97548,1.00,1.12
2018.01.05 13:44:41.035,0.97538,0.97551,2.70,1.87
2018.01.05 13:44:41.141,0.9754,0.97552,1.00,1.20
2018.01.05 13:44:41.350,0.97541,0.97554,2.06,1.39
2018.01.05 13:44:41.856,0.9754,0.97553,1.31,2.32
2018.01.05 13:44:42.317,0.97539,0.97546,2.44,1.12
2018.01.05 13:44:42.369,0.97533,0.97545,1.57,1.25
2018.01.05 13:44:43.027,0.97534,0.97546,1.00,2.14
2018.01.05 13:44:43.547,0.97532,0.97545,2.63,3.82
2018.01.05 13:44:44.070,0.97534,0.97545,1.00,1.50
2018.01.05 13:44:44.591,0.97533,0.97545,2.06,1.00
2018.01.05 13:44:45.066,0.97532,0.97544,1.00,3.00
2018.01.05 13:44:45.606,0.97531,0.97544,2.25,2.89
2018.01.05 13:44:45.920,0.97529,0.97538,1.00,1.00
2018.01.05 13:44:46.207,0.97528,0.97541,2.89,2.81
2018.01.05 13:44:46.734,0.97529,0.9754,1.00,2.25
2018.01.05 13:44:46.989,0.97527,0.97538,1.12,1.50
2018.01.05 13:44:47.316,0.97524,0.97534,1.00,1.25
2018.01.05 13:44:47.838,0.97524,0.97535,1.50,4.69
2018.01.05 13:44:49.591,0.97526,0.97537,1.00,4.12
2018.01.05 13:44:49.643,0.97527,0.97538,1.00,4.39
2018.01.05 13:44:49.697,0.9753,0.97538,1.00,1.00
2018.01.05 13:44:49.752,0.9753,0.9754,1.00,3.45
2018.01.05 13:44:50.146,0.97531,0.97542,1.00,1.00
2018.01.05 13:44:51.083,0.97531,0.97541,1.00,1.70
2018.01.05 13:44:51.188,0.97529,0.9754,2.62,1.00
2018.01.05 13:44:51.718,0.9753,0.9754,1.00,1.00
2018.01.05 13:44:52.227,0.9753,0.97541,1.00,2.70
2018.01.05 13:44:52.737,0.97529,0.9754,1.50,1.00
2018.01.05 13:44:53.821,0.97529,0.97541,1.00,2.32
2018.01.05 13:44:56.434,0.97529,0.97538,1.50,1.50
2018.01.05 13:44:56.542,0.97525,0.97536,1.50,1.87
2018.01.05 13:44:57.315,0.97525,0.97535,1.00,1.00
2018.01.05 13:44:57.839,0.97524,0.97535,1.50,1.69
2018.01.05 13:44:58.241,0.97523,0.97534,1.00,3.56
2018.01.05 13:44:58.744,0.97523,0.97534,1.00,4.31
2018.01.05 13:44:59.296,0.97523,0.97533,1.00,1.00
2018.01.05 13:44:59.810,0.97522,0.97533,1.00,1.50
2018.01.05 13:45:00.289,0.97524,0.97534,1.00,2.44
2018.01.05 13:45:01.957,0.97524,0.97533,1.00,1.00
2018.01.05 13:45:02.538,0.97524,0.97534,1.00,2.06
2018.01.05 13:45:03.291,0.97524,0.97535,1.12,2.25
2018.01.05 13:45:04.172,0.97525,0.97535,1.50,1.00
2018.01.05 13:45:04.228,0.97529,0.97538,1.00,1.10
2018.01.05 13:45:04.758,0.97528,0.97539,1.12,1.88
2018.01.05 13:45:04.971,0.9753,0.9754,1.00,1.31
2018.01.05 13:45:05.490,0.9753,0.97541,1.50,1.50
2018.01.05 13:45:06.314,0.97532,0.97541,1.00,1.00
2018.01.05 13:45:07.059,0.97529,0.97541,1.39,1.50
2018.01.05 13:45:07.561,0.97531,0.97542,1.25,1.00
2018.01.05 13:45:09.893,0.9753,0.97541,2.25,1.00
2018.01.05 13:45:10.404,0.97531,0.97542,1.00,1.50
2018.01.05 13:45:11.591,0.9753,0.97541,1.31,1.50
2018.01.05 13:45:14.658,0.97528,0.97539,1.87,1.87
2018.01.05 13:45:16.391,0.97528,0.97539,2.44,1.50
2018.01.05 13:45:16.929,0.97529,0.9754,1.00,1.00
2018.01.05 13:45:17.247,0.97531,0.97542,1.00,2.62
2018.01.05 13:45:17.762,0.97531,0.97542,1.00,1.50
2018.01.05 13:45:19.991,0.97532,0.97543,1.00,3.56
2018.01.05 13:45:20.318,0.97534,0.97544,1.00,3.19
2018.01.05 13:45:22.911,0.97533,0.97544,1.25,4.12
2018.01.05 13:45:23.440,0.97531,0.97542,1.37,2.06
2018.01.05 13:45:23.865,0.9753,0.97541,1.00,3.00
2018.01.05 13:45:23.919,0.9753,0.97541,1.00,4.31
2018.01.05 13:45:24.076,0.97528,0.97541,2.44,2.44
2018.01.05 13:45:24.617,0.97528,0.97541,2.81,2.44
2018.01.05 13:45:25.335,0.9753,0.97541,1.00,3.19
2018.01.05 13:45:25.868,0.97531,0.97542,1.25,3.00
2018.01.05 13:45:26.412,0.97531,0.97542,2.25,2.25
2018.01.05 13:45:26.570,0.97532,0.97543,1.25,2.06
2018.01.05 13:45:26.623,0.97534,0.97544,1.00,2.06
2018.01.05 13:45:26.676,0.97535,0.97545,1.00,1.50
2018.01.05 13:45:27.164,0.97539,0.97549,1.50,3.64
2018.01.05 13:45:27.269,0.97539,0.97551,1.69,3.37
2018.01.05 13:45:27.381,0.97542,0.97553,1.25,1.31
2018.01.05 13:45:27.435,0.97542,0.97554,1.00,3.83
2018.01.05 13:45:27.777,0.97547,0.97556,1.00,5.62
2018.01.05 13:45:28.092,0.97545,0.97558,1.50,3.64
2018.01.05 13:45:28.145,0.97547,0.97555,2.25,1.00
2018.01.05 13:45:28.390,0.97549,0.97562,2.06,2.62
2018.01.05 13:45:28.599,0.97549,0.97562,2.25,1.44
2018.01.05 13:45:28.707,0.97548,0.97559,2.25,1.12
2018.01.05 13:45:28.929,0.97547,0.97559,3.00,1.00
2018.01.05 13:45:29.243,0.97549,0.9756,1.31,1.12
2018.01.05 13:45:29.530,0.97549,0.97562,2.81,1.25
2018.01.05 13:45:30.138,0.97551,0.97563,1.31,2.44
2018.01.05 13:45:30.554,0.97552,0.97564,3.23,3.00
2018.01.05 13:45:31.085,0.97551,0.97564,2.06,1.12
2018.01.05 13:45:31.332,0.97554,0.97564,1.00,2.25
2018.01.05 13:45:31.646,0.97558,0.97569,1.31,1.50
2018.01.05 13:45:31.698,0.97558,0.9757,2.06,1.19
2018.01.05 13:45:31.959,0.97559,0.97571,2.06,1.00
2018.01.05 13:45:32.481,0.9756,0.97572,2.06,1.69
2018.01.05 13:45:33.001,0.97561,0.97572,2.06,1.69
2018.01.05 13:45:33.553,0.97559,0.97571,3.19,1.00
2018.01.05 13:45:34.285,0.97558,0.97571,3.38,2.06
2018.01.05 13:45:34.805,0.97559,0.97571,1.31,1.88
2018.01.05 13:45:35.447,0.97559,0.97571,2.06,1.25
2018.01.05 13:45:35.997,0.9756,0.97572,2.44,1.87
2018.01.05 13:45:36.704,0.97561,0.97573,1.88,1.00
2018.01.05 13:45:37.501,0.97563,0.97574,1.00,3.75
2018.01.05 13:45:37.554,0.97561,0.97574,2.62,3.00
2018.01.05 13:45:38.072,0.97561,0.97574,3.00,4.13
2018.01.05 13:45:38.684,0.97562,0.97574,2.63,2.62
2018.01.05 13:45:38.790,0.97561,0.97574,1.31,2.63
2018.01.05 13:45:39.183,0.97559,0.9757,2.44,1.00
2018.01.05 13:45:40.778,0.97558,0.97571,3.75,2.81
2018.01.05 13:45:42.287,0.97556,0.97564,1.00,2.62
2018.01.05 13:45:42.504,0.97552,0.97563,1.25,1.69
2018.01.05 13:45:42.822,0.9755,0.97563,4.13,2.44
2018.01.05 13:45:42.980,0.9755,0.97562,1.31,1.50
2018.01.05 13:45:43.238,0.97547,0.97559,1.25,1.25
2018.01.05 13:45:43.291,0.97547,0.9756,2.44,1.76
2018.01.05 13:45:43.557,0.97547,0.97559,1.88,1.44
2018.01.05 13:45:43.888,0.97548,0.9756,1.00,1.50
2018.01.05 13:45:44.117,0.97544,0.97556,1.69,1.37
2018.01.05 13:45:44.222,0.97543,0.97554,1.00,1.87
2018.01.05 13:45:44.493,0.97541,0.97553,3.00,1.00
2018.01.05 13:45:44.547,0.97542,0.97554,1.88,1.25
2018.01.05 13:45:45.094,0.97542,0.97554,1.25,1.00
2018.01.05 13:45:45.931,0.97542,0.97553,1.00,2.62
2018.01.05 13:45:46.275,0.97542,0.97551,1.00,1.00
2018.01.05 13:45:46.818,0.97541,0.97551,1.00,1.00
2018.01.05 13:45:47.348,0.97541,0.97552,1.00,3.94
2018.01.05 13:45:48.195,0.97541,0.97551,1.00,1.00
2018.01.05 13:45:48.558,0.97538,0.97549,2.06,1.00
2018.01.05 13:45:48.618,0.97536,0.97548,1.76,1.87
2018.01.05 13:45:48.671,0.97535,0.97546,1.32,3.00
2018.01.05 13:45:49.529,0.97532,0.97545,1.76,2.62
2018.01.05 13:45:49.876,0.97532,0.97542,1.45,1.50
2018.01.05 13:45:49.930,0.9753,0.97542,1.50,1.50
2018.01.05 13:45:50.455,0.97531,0.97543,1.00,1.12
2018.01.05 13:45:50.760,0.9753,0.97542,1.00,3.38
2018.01.05 13:45:51.300,0.9753,0.97542,1.31,1.50
2018.01.05 13:45:52.209,0.9753,0.97543,1.31,2.06
2018.01.05 13:45:52.712,0.9753,0.97543,1.31,2.44
2018.01.05 13:45:53.263,0.9753,0.97543,1.88,3.00
2018.01.05 13:45:53.774,0.9753,0.97542,1.88,1.00
2018.01.05 13:45:54.511,0.97529,0.9754,1.00,1.12
2018.01.05 13:45:55.109,0.97526,0.97538,1.87,1.00
2018.01.05 13:45:55.453,0.9753,0.97541,1.00,1.69
2018.01.05 13:45:55.979,0.97528,0.9754,2.25,1.87
2018.01.05 13:45:56.157,0.97526,0.97538,2.25,1.00
2018.01.05 13:45:56.598,0.97523,0.97535,2.51,2.25
2018.01.05 13:45:57.142,0.97523,0.97535,1.13,3.75
2018.01.05 13:45:57.828,0.97523,0.97535,1.69,2.81
2018.01.05 13:45:58.569,0.97523,0.97535,1.50,1.00
2018.01.05 13:45:59.095,0.97524,0.97536,1.31,1.00
2018.01.05 13:46:00.121,0.97525,0.97538,1.31,1.88
2018.01.05 13:46:00.432,0.9753,0.97542,1.25,1.25
2018.01.05 13:46:02.645,0.9753,0.97541,1.31,1.37
2018.01.05 13:46:04.035,0.97529,0.97541,1.12,1.87
2018.01.05 13:46:04.410,0.9753,0.97541,1.50,1.50
2018.01.05 13:46:05.050,0.97529,0.97541,4.76,1.50
2018.01.05 13:46:05.213,0.97531,0.97543,3.00,1.00
2018.01.05 13:46:05.317,0.97531,0.97543,1.31,3.00
2018.01.05 13:46:05.856,0.9753,0.97542,2.63,2.06
2018.01.05 13:46:10.310,0.97528,0.97539,3.08,1.87
2018.01.05 13:46:11.003,0.97529,0.9754,1.00,1.37
2018.01.05 13:46:12.152,0.9753,0.9754,1.44,1.37
2018.01.05 13:46:12.441,0.97529,0.9754,1.76,1.00
2018.01.05 13:46:12.963,0.97527,0.97538,2.93,1.87
2018.01.05 13:46:13.016,0.97526,0.97538,1.69,2.81
2018.01.05 13:46:13.167,0.97525,0.97537,5.70,1.37
2018.01.05 13:46:13.274,0.97524,0.97535,2.06,1.00
2018.01.05 13:46:16.547,0.97522,0.97535,2.63,3.64
2018.01.05 13:46:17.173,0.97523,0.97535,1.31,2.44
2018.01.05 13:46:17.675,0.97523,0.97535,1.50,2.25
2018.01.05 13:46:18.245,0.97523,0.97534,1.31,1.00
2018.01.05 13:46:18.798,0.97522,0.97534,2.25,1.37
2018.01.05 13:46:19.321,0.97521,0.97533,3.08,1.00
2018.01.05 13:46:19.952,0.97521,0.97534,3.75,3.83
2018.01.05 13:46:20.668,0.97521,0.97532,1.69,1.25
2018.01.05 13:46:21.251,0.97521,0.97533,1.25,4.76
2018.01.05 13:46:22.443,0.9752,0.97532,2.63,1.87
2018.01.05 13:46:22.971,0.9752,0.97531,2.63,1.50
2018.01.05 13:46:26.939,0.97519,0.97532,1.69,3.82
2018.01.05 13:46:27.261,0.97519,0.97531,3.94,1.50
2018.01.05 13:46:27.801,0.97519,0.97531,3.56,1.00
2018.01.05 13:46:28.160,0.97519,0.97528,2.81,1.37
2018.01.05 13:46:28.214,0.97515,0.97526,1.12,1.50
2018.01.05 13:46:28.727,0.97513,0.97525,4.69,1.00
2018.01.05 13:46:29.065,0.97513,0.97523,1.31,1.00
2018.01.05 13:46:29.119,0.97512,0.97523,1.95,1.25
2018.01.05 13:46:29.362,0.9751,0.97521,4.50,1.00
2018.01.05 13:46:30.460,0.9751,0.97521,1.87,1.50
2018.01.05 13:46:30.616,0.97509,0.97521,2.81,2.62
2018.01.05 13:46:31.072,0.97508,0.97517,1.69,2.62
2018.01.05 13:46:31.126,0.97506,0.97518,3.45,4.87
2018.01.05 13:46:31.447,0.97504,0.97514,2.70,1.00
2018.01.05 13:46:31.799,0.97502,0.97512,1.50,3.75
2018.01.05 13:46:33.103,0.97501,0.97511,1.69,1.00
2018.01.05 13:46:33.626,0.97499,0.97508,1.00,1.69
2018.01.05 13:46:33.743,0.97495,0.97506,2.13,1.31
2018.01.05 13:46:34.163,0.97493,0.97505,3.00,1.76
2018.01.05 13:46:34.271,0.97492,0.97503,2.25,1.31
2018.01.05 13:46:34.670,0.97492,0.97502,1.19,2.25
2018.01.05 13:46:34.723,0.97493,0.97503,1.25,1.00
2018.01.05 13:46:35.179,0.97495,0.97506,1.50,1.95
2018.01.05 13:46:35.631,0.97498,0.97507,2.44,1.01
2018.01.05 13:46:35.686,0.97499,0.9751,1.69,1.12
2018.01.05 13:46:36.202,0.975,0.97509,1.25,1.00
2018.01.05 13:46:36.310,0.97498,0.97509,2.06,2.62
2018.01.05 13:46:36.363,0.97498,0.97509,3.38,1.87
2018.01.05 13:46:36.473,0.975,0.97511,1.13,1.37
2018.01.05 13:46:37.094,0.97501,0.97511,1.00,1.00
2018.01.05 13:46:37.292,0.97499,0.97511,2.06,6.19
2018.01.05 13:46:37.761,0.97497,0.97508,2.63,1.50
2018.01.05 13:46:38.263,0.975,0.97509,1.00,2.02
2018.01.05 13:46:38.315,0.975,0.97511,1.00,5.21
2018.01.05 13:46:38.368,0.97497,0.97508,1.64,1.50
2018.01.05 13:46:38.423,0.97496,0.97508,1.50,1.57
2018.01.05 13:46:38.528,0.97498,0.97509,2.25,3.79
2018.01.05 13:46:38.798,0.97501,0.97512,1.69,1.00
2018.01.05 13:46:39.322,0.97502,0.97513,1.88,1.00
2018.01.05 13:46:39.840,0.97504,0.97515,1.00,1.50
2018.01.05 13:46:40.392,0.97504,0.97515,1.13,1.12
2018.01.05 13:46:40.727,0.97502,0.97515,1.68,1.10
2018.01.05 13:46:41.043,0.97502,0.97515,1.50,1.85
2018.01.05 13:46:41.392,0.975,0.97511,1.25,1.57
2018.01.05 13:46:41.811,0.97497,0.97509,1.76,4.50
2018.01.05 13:46:42.345,0.97497,0.9751,1.50,2.32
2018.01.05 13:46:42.864,0.97497,0.97508,2.44,1.00
2018.01.05 13:46:43.072,0.97494,0.97506,3.19,1.12
2018.01.05 13:46:43.284,0.97494,0.97506,1.00,4.95
2018.01.05 13:46:43.871,0.97494,0.97506,1.50,3.07
2018.01.05 13:46:44.304,0.97493,0.97506,1.50,2.70
2018.01.05 13:46:44.357,0.97492,0.97504,3.00,1.50
2018.01.05 13:46:44.462,0.97492,0.97504,2.43,1.12
2018.01.05 13:46:45.056,0.97492,0.97504,1.68,1.12
2018.01.05 13:46:45.802,0.97492,0.97504,1.68,1.31
2018.01.05 13:46:45.855,0.97491,0.97502,1.12,1.50
2018.01.05 13:46:46.773,0.97491,0.97503,3.00,1.10
2018.01.05 13:46:47.360,0.97493,0.97505,2.06,3.82
2018.01.05 13:46:47.674,0.97496,0.97508,3.04,2.89
2018.01.05 13:46:48.011,0.97494,0.97507,4.50,4.20
2018.01.05 13:46:48.117,0.97494,0.97507,5.44,2.32
2018.01.05 13:46:48.223,0.97494,0.97507,6.56,2.32
2018.01.05 13:46:48.826,0.97494,0.97507,2.81,3.26
2018.01.05 13:46:49.244,0.97494,0.97505,1.25,1.12
2018.01.05 13:46:49.566,0.97492,0.97504,2.63,4.57
2018.01.05 13:46:50.793,0.97492,0.97504,1.50,4.50
2018.01.05 13:46:51.326,0.97492,0.97504,2.06,4.57
2018.01.05 13:46:51.818,0.97492,0.97504,2.25,4.57
2018.01.05 13:46:52.388,0.97492,0.97504,2.63,4.57
2018.01.05 13:46:52.955,0.97492,0.97504,2.06,3.00
2018.01.05 13:46:53.275,0.97495,0.97507,2.33,3.37
2018.01.05 13:46:53.328,0.97495,0.97507,1.25,5.14
2018.01.05 13:46:53.844,0.97494,0.97507,2.44,2.14
2018.01.05 13:46:54.671,0.97495,0.97507,1.88,3.82
2018.01.05 13:46:54.775,0.97495,0.97507,3.19,4.87
2018.01.05 13:46:55.134,0.97495,0.97507,1.31,4.20
2018.01.05 13:46:55.378,0.975,0.97512,3.19,3.82
2018.01.05 13:46:56.016,0.97501,0.97512,2.44,1.50
2018.01.05 13:46:56.930,0.97501,0.97512,1.87,2.25
2018.01.05 13:46:57.399,0.97499,0.97507,1.12,3.37
2018.01.05 13:46:57.504,0.97496,0.97506,1.31,1.75
2018.01.05 13:46:57.557,0.97495,0.97506,1.76,1.00
2018.01.05 13:46:58.969,0.97499,0.97508,1.50,1.76
2018.01.05 13:46:59.076,0.975,0.97512,2.44,4.76
2018.01.05 13:46:59.182,0.97502,0.97512,1.25,2.32
2018.01.05 13:46:59.721,0.97502,0.97512,1.69,1.50
2018.01.05 13:47:00.244,0.97502,0.97513,3.56,1.87
2018.01.05 13:47:00.571,0.97506,0.97514,1.00,1.00
2018.01.05 13:47:00.784,0.97508,0.97518,1.50,1.00
2018.01.05 13:47:01.291,0.97509,0.9752,1.00,3.08
2018.01.05 13:47:04.456,0.97507,0.97518,3.37,4.87
2018.01.05 13:47:04.561,0.97505,0.97516,1.50,1.12
2018.01.05 13:47:05.083,0.97505,0.97515,1.00,1.00
2018.01.05 13:47:05.515,0.97506,0.97517,1.25,1.95
2018.01.05 13:47:05.621,0.97506,0.97516,1.00,1.37
2018.01.05 13:47:06.053,0.97506,0.97517,2.25,1.20
2018.01.05 13:47:06.570,0.97507,0.97517,1.50,1.12
2018.01.05 13:47:07.094,0.97508,0.97519,1.87,1.69
2018.01.05 13:47:07.612,0.97509,0.9752,3.00,2.44
2018.01.05 13:47:08.130,0.97509,0.9752,1.00,2.44
2018.01.05 13:47:08.771,0.97508,0.9752,3.75,2.32
2018.01.05 13:47:09.351,0.97508,0.97518,2.25,1.00
2018.01.05 13:47:09.910,0.97507,0.97517,1.00,1.50
2018.01.05 13:47:10.433,0.97506,0.97516,1.00,1.00
2018.01.05 13:47:11.046,0.97506,0.97517,1.00,3.45
2018.01.05 13:47:13.475,0.97508,0.97517,1.19,1.00
2018.01.05 13:47:13.801,0.97514,0.97526,3.56,2.62
2018.01.05 13:47:14.003,0.97514,0.97526,5.81,1.25
2018.01.05 13:47:14.371,0.97518,0.97529,1.44,6.07
2018.01.05 13:47:14.539,0.97522,0.97534,1.25,2.51
2018.01.05 13:47:14.776,0.97524,0.97536,1.00,3.37
2018.01.05 13:47:15.090,0.97527,0.97538,1.25,3.45
2018.01.05 13:47:15.631,0.97525,0.97536,1.44,1.25
2018.01.05 13:47:15.962,0.97532,0.97542,1.13,1.87
2018.01.05 13:47:16.529,0.97531,0.97542,1.25,1.69
2018.01.05 13:47:16.691,0.97529,0.97541,1.10,2.06
2018.01.05 13:47:17.209,0.97529,0.9754,1.00,1.37
2018.01.05 13:47:18.087,0.97529,0.97538,1.00,1.12
2018.01.05 13:47:18.252,0.97527,0.97536,1.00,1.37
2018.01.05 13:47:18.794,0.97525,0.97536,1.50,1.37
2018.01.05 13:47:19.315,0.97525,0.97536,2.44,1.37
2018.01.05 13:47:19.900,0.97524,0.97535,2.81,1.12
2018.01.05 13:47:20.006,0.97523,0.97534,1.69,1.37
2018.01.05 13:47:20.326,0.97527,0.97538,1.44,1.10
2018.01.05 13:47:20.511,0.97529,0.97541,1.00,2.51
2018.01.05 13:47:21.032,0.9753,0.97542,1.25,2.62
2018.01.05 13:47:21.541,0.97529,0.97541,2.63,1.87
2018.01.05 13:47:22.064,0.97531,0.97542,1.00,1.63
2018.01.05 13:47:22.934,0.97532,0.97542,1.00,1.37
2018.01.05 13:47:23.653,0.97532,0.97544,1.69,2.62
2018.01.05 13:47:24.455,0.97533,0.97544,1.00,1.37
2018.01.05 13:47:24.978,0.97532,0.97545,1.87,3.64
2018.01.05 13:47:25.505,0.97534,0.97545,1.13,2.51
2018.01.05 13:47:26.074,0.97533,0.97545,1.25,2.32
2018.01.05 13:47:26.858,0.97533,0.97545,1.38,2.70
2018.01.05 13:47:29.182,0.97533,0.97545,1.69,2.44
2018.01.05 13:47:29.440,0.97535,0.97545,1.25,2.06
2018.01.05 13:47:29.548,0.97538,0.97549,1.25,1.95
2018.01.05 13:47:29.602,0.97541,0.97551,1.00,1.20
2018.01.05 13:47:29.656,0.9754,0.97551,1.88,1.00
2018.01.05 13:47:29.979,0.97536,0.97548,2.25,5.44
2018.01.05 13:47:30.085,0.97535,0.97547,1.31,3.75
2018.01.05 13:47:30.622,0.97536,0.97548,2.81,1.00
2018.01.05 13:47:31.155,0.97537,0.97549,1.01,2.44
2018.01.05 13:47:31.964,0.97538,0.97549,1.00,1.10
2018.01.05 13:47:32.017,0.9754,0.9755,1.25,1.12
2018.01.05 13:47:32.525,0.9754,0.97552,1.00,1.87
2018.01.05 13:47:34.955,0.97541,0.97553,1.44,2.70
2018.01.05 13:47:35.016,0.97541,0.97554,1.50,1.95
2018.01.05 13:47:35.183,0.97541,0.97553,1.01,2.25
2018.01.05 13:47:35.736,0.97542,0.97554,1.88,3.08
2018.01.05 13:47:36.262,0.97542,0.97554,1.88,2.51
2018.01.05 13:47:36.996,0.97542,0.97554,2.25,1.95
2018.01.05 13:47:37.521,0.97542,0.97554,1.50,1.87
2018.01.05 13:47:37.727,0.97548,0.97557,1.00,3.26
2018.01.05 13:47:37.899,0.97545,0.97556,1.19,3.37
2018.01.05 13:47:38.211,0.97543,0.97555,1.44,2.62
2018.01.05 13:47:38.572,0.97542,0.97554,1.00,2.89
2018.01.05 13:47:39.096,0.97541,0.97554,1.88,3.26
2018.01.05 13:47:39.728,0.97541,0.97553,2.06,1.31
2018.01.05 13:47:40.269,0.97541,0.97554,1.25,3.07
2018.01.05 13:47:40.638,0.9754,0.97551,1.25,1.25
2018.01.05 13:47:40.913,0.9754,0.97553,1.00,3.00
2018.01.05 13:47:41.465,0.9754,0.97552,1.25,1.00
2018.01.05 13:47:43.013,0.97541,0.97553,1.69,2.51
2018.01.05 13:47:43.689,0.97541,0.97553,1.00,2.33
2018.01.05 13:47:43.854,0.97537,0.97548,1.95,1.25
2018.01.05 13:47:43.961,0.97537,0.97549,1.69,1.50
2018.01.05 13:47:44.065,0.9754,0.9755,1.00,1.58
2018.01.05 13:47:44.172,0.9754,0.97552,1.00,1.50
2018.01.05 13:47:45.108,0.97539,0.97552,2.06,1.87
2018.01.05 13:47:45.635,0.9754,0.97552,1.88,1.69
2018.01.05 13:47:47.324,0.97539,0.97551,2.14,2.06
2018.01.05 13:47:48.586,0.97536,0.97546,1.01,1.00
2018.01.05 13:47:48.919,0.97537,0.97548,1.00,2.32
2018.01.05 13:47:49.447,0.97537,0.97549,1.44,2.89
2018.01.05 13:47:49.645,0.97535,0.97547,3.08,2.62
2018.01.05 13:47:49.703,0.97533,0.97545,2.06,1.12
2018.01.05 13:47:49.922,0.97532,0.97544,1.25,1.37
2018.01.05 13:47:50.417,0.97534,0.97545,1.69,2.14
2018.01.05 13:47:51.229,0.97536,0.97547,1.00,4.01
2018.01.05 13:47:51.760,0.97536,0.97548,1.00,2.51
2018.01.05 13:47:52.277,0.97536,0.97546,1.00,1.50
2018.01.05 13:47:52.590,0.97539,0.9755,1.00,1.37
2018.01.05 13:47:53.741,0.97539,0.97551,1.88,1.25
2018.01.05 13:47:53.934,0.97541,0.97553,1.00,2.14
2018.01.05 13:47:54.457,0.97542,0.97554,1.50,3.26
2018.01.05 13:47:56.243,0.97541,0.97553,3.19,1.50
2018.01.05 13:47:57.576,0.97541,0.97554,1.88,3.07
2018.01.05 13:47:59.439,0.97541,0.97554,3.64,1.12
2018.01.05 13:47:59.966,0.97541,0.97554,4.76,1.50
2018.01.05 13:48:00.485,0.97542,0.97554,1.00,1.50
2018.01.05 13:48:01.811,0.9754,0.97552,1.95,1.69
2018.01.05 13:48:02.130,0.97539,0.97551,1.69,1.69
2018.01.05 13:48:02.526,0.97536,0.97546,1.20,1.00
2018.01.05 13:48:02.634,0.97534,0.97546,1.87,1.47
2018.01.05 13:48:02.688,0.97533,0.97545,2.25,2.62
2018.01.05 13:48:03.216,0.97534,0.97544,1.00,1.37
2018.01.05 13:48:03.635,0.97532,0.97543,1.25,1.12
2018.01.05 13:48:06.478,0.97532,0.97542,1.25,1.00
2018.01.05 13:48:07.474,0.97532,0.97543,1.50,1.50
2018.01.05 13:48:07.790,0.97529,0.97537,2.44,1.19
2018.01.05 13:48:07.896,0.97524,0.97534,2.44,1.00
2018.01.05 13:48:08.408,0.97524,0.97536,1.44,1.56
2018.01.05 13:48:11.394,0.97523,0.97535,2.25,3.00
2018.01.05 13:48:12.304,0.97524,0.97536,2.62,2.44
2018.01.05 13:48:12.566,0.97526,0.97537,2.06,1.50
2018.01.05 13:48:13.377,0.97528,0.97537,1.25,1.00
2018.01.05 13:48:13.931,0.97524,0.97537,3.56,4.13
2018.01.05 13:48:14.367,0.97533,0.97541,2.44,1.00
2018.01.05 13:48:14.691,0.97538,0.97551,1.69,1.50
2018.01.05 13:48:14.854,0.97538,0.9755,1.00,2.25
2018.01.05 13:48:15.122,0.97536,0.97546,2.06,1.00
2018.01.05 13:48:15.327,0.97534,0.97545,1.88,1.00
2018.01.05 13:48:15.866,0.97534,0.97544,1.00,1.50
2018.01.05 13:48:17.347,0.97533,0.97544,2.44,1.69
2018.01.05 13:48:17.854,0.97533,0.97544,1.25,5.81
2018.01.05 13:48:18.062,0.97531,0.97542,1.13,1.50
2018.01.05 13:48:18.666,0.97532,0.97543,1.25,2.06
2018.01.05 13:48:19.084,0.97532,0.97542,1.25,1.37
2018.01.05 13:48:20.143,0.97531,0.97541,1.25,2.62
2018.01.05 13:48:20.366,0.97529,0.9754,1.00,3.37
2018.01.05 13:48:20.419,0.97531,0.9754,1.00,1.12
2018.01.05 13:48:22.482,0.97531,0.9754,1.00,1.50
2018.01.05 13:48:23.500,0.97531,0.97541,1.25,1.37
2018.01.05 13:48:25.631,0.97528,0.97536,1.25,1.00
2018.01.05 13:48:25.736,0.97525,0.97535,1.00,1.00
2018.01.05 13:48:25.897,0.97522,0.97534,2.81,2.25
2018.01.05 13:48:26.105,0.97522,0.97532,1.25,1.00
2018.01.05 13:48:26.625,0.97516,0.97527,3.00,1.50
2018.01.05 13:48:26.730,0.97515,0.97527,1.69,2.06
2018.01.05 13:48:26.835,0.97519,0.97531,3.00,1.76
2018.01.05 13:48:26.941,0.9752,0.97532,1.25,1.69
2018.01.05 13:48:27.474,0.97521,0.97532,1.00,1.31
2018.01.05 13:48:28.046,0.9752,0.97532,1.31,1.31
2018.01.05 13:48:30.370,0.9752,0.97531,1.31,1.00
2018.01.05 13:48:30.908,0.97519,0.97531,2.81,1.25
2018.01.05 13:48:31.691,0.97519,0.9753,3.00,1.00
2018.01.05 13:48:32.198,0.97519,0.97531,2.06,3.00
2018.01.05 13:48:33.201,0.97516,0.97528,3.07,4.69
2018.01.05 13:48:33.361,0.97513,0.97525,2.06,2.25
2018.01.05 13:48:33.907,0.97512,0.97524,1.88,2.81
2018.01.05 13:48:34.472,0.97517,0.97526,1.12,1.63
2018.01.05 13:48:34.525,0.97517,0.97529,3.75,1.31
2018.01.05 13:48:35.123,0.97518,0.97528,1.00,1.00
2018.01.05 13:48:35.625,0.97514,0.97525,2.44,1.37
2018.01.05 13:48:36.144,0.97513,0.97525,1.13,1.87
2018.01.05 13:48:36.699,0.97513,0.97525,1.69,2.81
2018.01.05 13:48:37.005,0.97517,0.97528,1.25,3.19
2018.01.05 13:48:37.113,0.97519,0.97531,1.50,2.81
2018.01.05 13:48:37.614,0.9752,0.97532,1.25,2.81
2018.01.05 13:48:39.174,0.97519,0.97531,1.13,3.00
2018.01.05 13:48:39.628,0.97514,0.97526,1.19,2.62
2018.01.05 13:48:40.146,0.97513,0.97525,1.31,1.87
2018.01.05 13:48:40.659,0.97513,0.97525,1.31,2.81
2018.01.05 13:48:41.198,0.97513,0.97525,2.25,1.25
2018.01.05 13:48:41.725,0.97513,0.97525,1.25,2.25
2018.01.05 13:48:42.960,0.97512,0.97524,1.44,1.00
2018.01.05 13:48:43.582,0.97512,0.97523,1.44,1.25
2018.01.05 13:48:44.559,0.97512,0.97525,1.50,2.06
2018.01.05 13:48:45.813,0.97512,0.97524,1.19,1.50
2018.01.05 13:48:45.867,0.97511,0.97524,1.13,3.19
2018.01.05 13:48:49.498,0.97511,0.97522,1.00,1.00
2018.01.05 13:48:49.550,0.9751,0.9752,3.00,1.00
2018.01.05 13:48:49.764,0.97508,0.97521,2.06,2.63
2018.01.05 13:48:50.254,0.97504,0.97516,3.19,1.12
2018.01.05 13:48:50.672,0.97503,0.97515,1.25,3.94
2018.01.05 13:48:51.216,0.97502,0.97514,2.06,2.63
2018.01.05 13:48:53.459,0.97504,0.97515,1.44,1.37
2018.01.05 13:48:53.511,0.97503,0.97515,1.31,1.37
2018.01.05 13:48:55.192,0.97508,0.97518,1.00,1.44
2018.01.05 13:48:55.246,0.97508,0.9752,2.06,2.44
2018.01.05 13:48:55.306,0.9751,0.97521,1.00,2.44
2018.01.05 13:48:55.842,0.9751,0.97522,1.50,2.06
2018.01.05 13:48:56.579,0.97508,0.97521,1.88,3.00
2018.01.05 13:48:56.684,0.97507,0.9752,2.81,2.63
2018.01.05 13:48:57.215,0.97505,0.97517,3.94,1.00
2018.01.05 13:48:57.269,0.97505,0.97516,2.06,1.12
2018.01.05 13:48:58.896,0.97504,0.97516,1.31,2.06
2018.01.05 13:48:59.317,0.97502,0.97514,1.13,3.56
2018.01.05 13:48:59.855,0.97503,0.97514,1.13,1.69
2018.01.05 13:49:00.382,0.97502,0.97513,1.00,1.31
2018.01.05 13:49:00.914,0.97501,0.97513,1.12,1.25
2018.01.05 13:49:01.436,0.97502,0.97514,2.81,1.50
2018.01.05 13:49:01.973,0.97502,0.97514,3.00,1.25
2018.01.05 13:49:02.650,0.97504,0.97516,1.12,1.88
2018.01.05 13:49:03.225,0.97503,0.97516,3.19,1.50
2018.01.05 13:49:03.844,0.97504,0.97516,1.00,1.62
2018.01.05 13:49:04.371,0.97503,0.97515,1.88,1.12
2018.01.05 13:49:04.733,0.97502,0.97513,1.19,1.00
2018.01.05 13:49:05.297,0.97504,0.97514,1.87,1.12
2018.01.05 13:49:06.795,0.97503,0.97515,1.31,3.00
2018.01.05 13:49:07.111,0.97501,0.97513,3.19,1.31
2018.01.05 13:49:07.220,0.97502,0.97513,1.69,1.12
2018.01.05 13:49:07.822,0.97502,0.97514,2.25,1.31
2018.01.05 13:49:08.323,0.97502,0.97514,1.88,1.12
2018.01.05 13:49:08.915,0.97502,0.97514,2.63,1.31
2018.01.05 13:49:12.249,0.97502,0.97513,2.44,1.00
2018.01.05 13:49:12.793,0.97505,0.97515,1.00,1.25
2018.01.05 13:49:12.847,0.97505,0.97517,3.23,1.31
2018.01.05 13:49:13.159,0.97509,0.97518,1.00,1.25
2018.01.05 13:49:13.316,0.97507,0.97518,1.69,2.06
2018.01.05 13:49:13.870,0.97506,0.97518,1.88,1.69
2018.01.05 13:49:14.152,0.9751,0.9752,3.19,1.25
2018.01.05 13:49:14.536,0.97513,0.97524,1.69,1.31
2018.01.05 13:49:15.155,0.97513,0.97524,1.88,1.12
2018.01.05 13:49:15.666,0.97514,0.97525,1.69,1.12
2018.01.05 13:49:16.553,0.97513,0.97524,1.88,1.00
2018.01.05 13:49:16.658,0.97511,0.97523,2.44,1.50
2018.01.05 13:49:17.103,0.97511,0.97521,1.00,1.00
2018.01.05 13:49:17.616,0.97511,0.97522,1.00,2.25
2018.01.05 13:49:19.225,0.97511,0.97521,1.00,1.12
2018.01.05 13:49:19.278,0.97509,0.9752,1.00,1.12
2018.01.05 13:49:19.953,0.97508,0.9752,1.50,3.00
2018.01.05 13:49:20.846,0.97509,0.9752,1.00,1.50
2018.01.05 13:49:21.082,0.97507,0.97518,1.00,2.62
2018.01.05 13:49:21.601,0.97507,0.97518,1.88,1.12
2018.01.05 13:49:22.128,0.97507,0.97518,1.69,1.12
2018.01.05 13:49:22.936,0.97506,0.97517,2.25,1.00
2018.01.05 13:49:23.042,0.97505,0.97516,2.06,1.00
2018.01.05 13:49:24.233,0.97505,0.97516,3.00,1.50
2018.01.05 13:49:24.942,0.97505,0.97516,1.25,1.50
2018.01.05 13:49:25.202,0.97503,0.97514,1.00,1.12
2018.01.05 13:49:25.522,0.97501,0.97509,1.25,1.12
2018.01.05 13:49:25.865,0.97491,0.97503,3.00,1.87
2018.01.05 13:49:26.577,0.97492,0.97503,1.00,1.37
2018.01.05 13:49:27.102,0.97492,0.97504,1.25,2.63
2018.01.05 13:49:27.518,0.9749,0.97501,3.94,1.50
2018.01.05 13:49:27.729,0.97491,0.97502,1.25,1.31
2018.01.05 13:49:28.310,0.97491,0.97503,1.44,3.37
2018.01.05 13:49:28.862,0.97493,0.97504,1.00,1.69
2018.01.05 13:49:29.381,0.97494,0.97505,1.00,2.44
2018.01.05 13:49:29.962,0.9749,0.97503,1.50,3.94
2018.01.05 13:49:30.072,0.97492,0.97504,1.31,1.00
2018.01.05 13:49:30.592,0.97492,0.97505,2.25,2.06
2018.01.05 13:49:30.989,0.97492,0.97505,3.38,1.87
2018.01.05 13:49:31.510,0.97492,0.97504,2.25,1.31
2018.01.05 13:49:31.773,0.97489,0.97501,2.63,1.69
2018.01.05 13:49:32.031,0.97487,0.97499,2.06,3.97
2018.01.05 13:49:32.402,0.97489,0.97501,6.00,1.19
2018.01.05 13:49:32.708,0.97486,0.97498,1.69,1.25
2018.01.05 13:49:33.235,0.97486,0.97499,2.63,1.31
2018.01.05 13:49:33.415,0.9749,0.97502,1.00,2.44
2018.01.05 13:49:33.678,0.97488,0.97502,2.25,3.94
2018.01.05 13:49:34.231,0.97488,0.97501,3.75,1.31
2018.01.05 13:49:34.285,0.97491,0.97503,1.00,2.06
2018.01.05 13:49:34.548,0.97487,0.97499,1.12,2.29
2018.01.05 13:49:35.075,0.97489,0.97501,1.25,2.51
2018.01.05 13:49:35.129,0.97489,0.97501,1.50,1.10
2018.01.05 13:49:35.650,0.9749,0.97502,1.44,1.25
2018.01.05 13:49:36.184,0.9749,0.97502,1.13,1.00
2018.01.05 13:49:36.511,0.97489,0.975,2.06,1.35
2018.01.05 13:49:36.799,0.97484,0.97496,1.88,2.06
2018.01.05 13:49:37.320,0.97485,0.97497,1.25,2.06
2018.01.05 13:49:37.757,0.97482,0.97491,2.62,2.10
2018.01.05 13:49:37.815,0.97482,0.9749,1.00,1.12
2018.01.05 13:49:37.868,0.97478,0.9749,1.69,1.12
2018.01.05 13:49:38.238,0.97475,0.97489,3.19,4.31
2018.01.05 13:49:38.659,0.97472,0.97481,1.76,2.81
2018.01.05 13:49:38.805,0.97471,0.9748,1.00,1.50
2018.01.05 13:49:38.858,0.97469,0.97481,1.25,3.75
2018.01.05 13:49:39.069,0.97472,0.97484,1.25,2.10
2018.01.05 13:49:39.230,0.97474,0.97486,1.12,2.62
2018.01.05 13:49:39.284,0.97473,0.97485,1.69,1.19
2018.01.05 13:49:39.337,0.97472,0.97483,1.31,1.12
2018.01.05 13:49:39.872,0.97471,0.97483,1.25,2.62
2018.01.05 13:49:39.925,0.97473,0.97484,1.00,2.81
2018.01.05 13:49:41.450,0.97471,0.97484,4.13,1.69
2018.01.05 13:49:42.073,0.97473,0.97484,1.00,1.69
2018.01.05 13:49:42.623,0.97472,0.97484,1.13,2.25
2018.01.05 13:49:42.728,0.97474,0.97486,1.13,1.87
2018.01.05 13:49:43.255,0.97475,0.97487,1.00,2.81
2018.01.05 13:49:43.517,0.97476,0.97488,1.13,2.44
2018.01.05 13:49:43.623,0.97476,0.97488,1.69,1.25
2018.01.05 13:49:43.979,0.97476,0.97488,1.00,2.81
2018.01.05 13:49:44.245,0.97475,0.97486,1.25,1.00
2018.01.05 13:49:44.812,0.97475,0.97487,1.00,1.87
2018.01.05 13:49:45.432,0.97475,0.97486,1.00,1.00
2018.01.05 13:49:45.964,0.97475,0.97487,1.00,2.81
2018.01.05 13:49:47.006,0.97473,0.97485,3.38,1.25
2018.01.05 13:49:47.372,0.97474,0.97487,1.00,2.13
2018.01.05 13:49:47.885,0.97475,0.97487,1.25,1.69
2018.01.05 13:49:48.530,0.97476,0.97488,1.69,1.00
2018.01.05 13:49:48.950,0.97484,0.97494,1.00,1.19
2018.01.05 13:49:49.003,0.97482,0.97493,1.31,1.87
2018.01.05 13:49:49.110,0.9748,0.97493,1.50,4.80
2018.01.05 13:49:49.776,0.97481,0.97493,1.13,1.31
2018.01.05 13:49:49.892,0.9748,0.97492,2.44,1.80
2018.01.05 13:49:49.997,0.97481,0.97493,1.31,1.24
2018.01.05 13:49:50.763,0.97479,0.97491,3.19,2.25
2018.01.05 13:49:50.868,0.9748,0.97492,1.12,1.31
2018.01.05 13:49:51.390,0.9748,0.97492,2.63,1.00
2018.01.05 13:49:51.926,0.9748,0.97492,1.50,1.25
2018.01.05 13:49:52.449,0.97479,0.97492,2.06,2.13
2018.01.05 13:49:52.983,0.9748,0.97492,1.25,2.13
2018.01.05 13:49:53.513,0.97482,0.97493,1.00,1.76
2018.01.05 13:49:53.951,0.97482,0.97495,1.69,3.37
2018.01.05 13:49:54.058,0.97481,0.97491,2.44,3.60
2018.01.05 13:49:54.121,0.9748,0.97491,1.00,1.00
2018.01.05 13:49:54.176,0.97482,0.97494,1.00,3.45
2018.01.05 13:49:54.511,0.97482,0.97494,2.44,1.50
2018.01.05 13:49:54.824,0.97479,0.97491,1.13,6.04
2018.01.05 13:49:55.139,0.97479,0.97491,3.00,1.87
2018.01.05 13:49:55.419,0.97483,0.97495,1.00,3.45
2018.01.05 13:49:56.201,0.9748,0.97492,2.63,1.50
2018.01.05 13:49:56.411,0.97482,0.97494,1.00,1.88
2018.01.05 13:49:56.676,0.9748,0.97492,2.81,1.00
2018.01.05 13:49:57.111,0.97482,0.97495,1.31,3.94
2018.01.05 13:49:57.713,0.97483,0.97495,1.25,1.00
2018.01.05 13:49:58.483,0.97482,0.97494,1.50,2.25
2018.01.05 13:49:58.979,0.97483,0.97495,1.44,1.00
2018.01.05 13:49:59.189,0.97482,0.97494,2.25,1.44
2018.01.05 13:49:59.768,0.9748,0.97492,1.88,1.25
2018.01.05 13:50:00.146,0.97482,0.97495,1.50,4.39
2018.01.05 13:50:00.251,0.97482,0.97495,1.88,4.39
2018.01.05 13:50:00.360,0.9748,0.97492,4.13,1.69
2018.01.05 13:50:01.049,0.97481,0.97493,2.06,2.06
2018.01.05 13:50:01.418,0.97482,0.97495,1.50,4.39
2018.01.05 13:50:01.648,0.97481,0.97493,1.88,5.29
2018.01.05 13:50:02.121,0.97483,0.97495,1.00,4.76
2018.01.05 13:50:02.650,0.97482,0.97494,1.31,1.13
2018.01.05 13:50:02.910,0.97481,0.97492,2.44,1.69
2018.01.05 13:50:03.963,0.97482,0.97493,1.31,1.31
2018.01.05 13:50:04.489,0.97482,0.97492,1.50,1.00
2018.01.05 13:50:05.467,0.97483,0.97492,1.00,1.00
2018.01.05 13:50:05.832,0.97481,0.9749,1.00,1.00
2018.01.05 13:50:07.372,0.97481,0.9749,2.63,1.00
2018.01.05 13:50:08.221,0.97481,0.97492,2.62,1.00
2018.01.05 13:50:08.819,0.97482,0.97492,2.81,1.00
2018.01.05 13:50:09.155,0.97481,0.9749,1.88,1.00
2018.01.05 13:50:09.261,0.9748,0.97489,1.00,1.00
2018.01.05 13:50:09.782,0.9748,0.9749,1.50,1.00
2018.01.05 13:50:10.728,0.9748,0.9749,1.12,1.00
2018.01.05 13:50:11.466,0.97477,0.97489,1.25,5.74
2018.01.05 13:50:11.987,0.97476,0.97488,1.69,4.39
2018.01.05 13:50:12.500,0.97476,0.97488,1.31,4.39
2018.01.05 13:50:13.788,0.97476,0.97487,1.31,1.47
2018.01.05 13:50:14.590,0.97475,0.97485,1.38,1.00
2018.01.05 13:50:15.344,0.97475,0.97486,1.50,1.12
2018.01.05 13:50:15.863,0.97475,0.97487,3.56,1.12
2018.01.05 13:50:16.368,0.97475,0.97487,3.38,1.00
2018.01.05 13:50:17.555,0.97479,0.97487,2.44,1.00
2018.01.05 13:50:17.668,0.9748,0.97491,1.00,1.31
2018.01.05 13:50:17.983,0.97478,0.9749,3.56,5.47
2018.01.05 13:50:18.475,0.97479,0.9749,3.00,1.69
2018.01.05 13:50:18.991,0.97479,0.9749,2.81,1.69
2018.01.05 13:50:19.540,0.97479,0.9749,3.38,1.25
2018.01.05 13:50:20.008,0.97482,0.97492,1.88,1.10
2018.01.05 13:50:21.686,0.97483,0.97493,1.31,1.69
2018.01.05 13:50:23.604,0.97482,0.97493,2.63,1.87
2018.01.05 13:50:24.200,0.97483,0.97493,1.25,1.87
2018.01.05 13:50:27.602,0.97482,0.97493,2.25,1.00
2018.01.05 13:50:28.413,0.97482,0.97493,2.81,1.00
2018.01.05 13:50:29.171,0.97482,0.97492,2.63,1.00
2018.01.05 13:50:29.537,0.9748,0.97488,1.50,1.12
2018.01.05 13:50:29.797,0.97477,0.97488,1.63,2.47
2018.01.05 13:50:29.953,0.97475,0.97488,3.75,4.01
2018.01.05 13:50:30.490,0.97476,0.97488,1.50,2.06
2018.01.05 13:50:31.173,0.97476,0.97488,1.88,2.81
2018.01.05 13:50:31.421,0.97475,0.97488,3.75,3.19
2018.01.05 13:50:31.951,0.97476,0.97486,1.25,1.00
2018.01.05 13:50:32.477,0.97475,0.97486,2.81,1.00
2018.01.05 13:50:32.996,0.97476,0.97487,1.25,1.87
2018.01.05 13:50:35.129,0.97476,0.97487,2.63,1.87
2018.01.05 13:50:35.646,0.97476,0.97487,1.25,1.12
2018.01.05 13:50:36.514,0.97476,0.97486,1.25,1.00
2018.01.05 13:50:38.193,0.97476,0.97487,1.69,2.25
2018.01.05 13:50:38.720,0.97477,0.97487,1.00,1.50
2018.01.05 13:50:39.319,0.97476,0.97487,1.00,2.25
2018.01.05 13:50:39.842,0.97476,0.97486,1.25,1.00
2018.01.05 13:50:43.243,0.97476,0.97487,1.00,3.00
2018.01.05 13:50:47.625,0.97476,0.97485,1.00,1.50
2018.01.05 13:50:47.941,0.97474,0.97485,1.69,1.31
2018.01.05 13:50:51.629,0.97473,0.97483,1.13,1.72
2018.01.05 13:50:51.787,0.97469,0.9748,1.25,5.29
2018.01.05 13:50:52.427,0.97469,0.97482,3.38,3.37
2018.01.05 13:50:52.480,0.97471,0.97484,2.25,5.06
2018.01.05 13:50:52.977,0.97473,0.97485,1.31,3.26
2018.01.05 13:50:53.499,0.97474,0.97485,1.00,1.69
2018.01.05 13:50:54.024,0.97473,0.97485,2.06,2.44
2018.01.05 13:50:54.566,0.97473,0.97485,2.06,1.69
2018.01.05 13:50:55.355,0.97474,0.97486,1.00,7.31
2018.01.05 13:50:55.609,0.97475,0.97486,1.88,1.00
2018.01.05 13:50:56.131,0.97475,0.97487,1.50,2.81
2018.01.05 13:50:57.790,0.97477,0.97488,1.00,9.04
2018.01.05 13:50:58.427,0.97477,0.97488,2.06,1.12
2018.01.05 13:50:58.742,0.97479,0.9749,1.88,1.00
2018.01.05 13:50:59.269,0.9748,0.97491,1.00,1.31
2018.01.05 13:50:59.702,0.9748,0.97491,1.00,2.06
2018.01.05 13:51:00.219,0.97479,0.9749,1.00,4.69
2018.01.05 13:51:00.323,0.97477,0.9749,2.81,8.66
2018.01.05 13:51:00.635,0.97478,0.97489,2.06,1.31
2018.01.05 13:51:01.168,0.97478,0.97489,1.88,1.31
2018.01.05 13:51:01.758,0.97478,0.97488,1.00,1.00
2018.01.05 13:51:02.290,0.97478,0.97489,1.25,2.06
2018.01.05 13:51:03.228,0.97478,0.97489,3.00,1.00
2018.01.05 13:51:05.104,0.9748,0.97491,1.25,1.69
2018.01.05 13:51:05.261,0.97482,0.97493,2.81,1.69
2018.01.05 13:51:05.812,0.97483,0.97494,1.25,4.69
2018.01.05 13:51:07.397,0.97483,0.97494,1.31,1.00
2018.01.05 13:51:09.700,0.97481,0.97492,1.12,1.00
2018.01.05 13:51:10.016,0.97479,0.97489,1.00,1.72
2018.01.05 13:51:12.693,0.97479,0.9749,1.44,2.25
2018.01.05 13:51:13.159,0.97479,0.97488,1.00,1.00
2018.01.05 13:51:13.373,0.97477,0.97488,1.25,3.00
2018.01.05 13:51:15.128,0.97476,0.97487,1.12,1.00
2018.01.05 13:51:15.725,0.97476,0.97488,1.31,1.25
2018.01.05 13:51:16.546,0.97476,0.97487,2.06,1.00
2018.01.05 13:51:17.406,0.97476,0.97487,1.69,1.50
2018.01.05 13:51:17.460,0.97477,0.97488,3.00,1.69
2018.01.05 13:51:17.617,0.97479,0.9749,1.69,2.44
2018.01.05 13:51:17.859,0.97479,0.97488,1.00,1.72
2018.01.05 13:51:18.379,0.97477,0.97489,3.56,3.04
2018.01.05 13:51:20.459,0.9748,0.9749,1.00,3.19
2018.01.05 13:51:20.620,0.97481,0.97492,2.81,1.12
2018.01.05 13:51:20.941,0.97479,0.9749,1.12,2.85
2018.01.05 13:51:21.465,0.97477,0.97488,1.88,1.69
2018.01.05 13:51:22.007,0.97477,0.97488,1.69,1.69
2018.01.05 13:51:23.062,0.97477,0.97487,1.50,1.00
2018.01.05 13:51:23.269,0.97475,0.97486,1.69,1.00
2018.01.05 13:51:24.511,0.97474,0.97487,1.50,2.62
2018.01.05 13:51:25.075,0.97474,0.97486,1.88,1.12
2018.01.05 13:51:25.180,0.97473,0.97485,1.88,2.63
2018.01.05 13:51:25.721,0.97473,0.97485,3.56,1.00
2018.01.05 13:51:26.309,0.97474,0.97485,1.44,1.50
2018.01.05 13:51:27.769,0.97473,0.97485,1.50,1.00
2018.01.05 13:51:28.280,0.97475,0.97485,1.31,1.00
2018.01.05 13:51:28.593,0.97478,0.97488,1.50,1.87
2018.01.05 13:51:28.700,0.97479,0.9749,2.25,4.69
2018.01.05 13:51:29.211,0.9748,0.9749,1.00,1.31
2018.01.05 13:51:29.761,0.97481,0.97491,1.00,4.31
2018.01.05 13:51:30.288,0.97482,0.97491,1.00,3.94
2018.01.05 13:51:31.082,0.97483,0.97491,1.00,1.19
2018.01.05 13:51:31.606,0.97482,0.9749,1.00,1.16
2018.01.05 13:51:31.671,0.9748,0.97488,1.00,1.50
2018.01.05 13:51:32.216,0.9748,0.97487,1.00,1.00
2018.01.05 13:51:33.180,0.9748,0.97489,1.00,1.31
2018.01.05 13:51:33.650,0.9748,0.9749,1.00,1.31
2018.01.05 13:51:33.935,0.97482,0.97491,1.00,1.19
2018.01.05 13:51:34.041,0.97483,0.97493,1.00,3.94
2018.01.05 13:51:34.563,0.97484,0.97492,1.00,1.00
2018.01.05 13:51:35.085,0.97484,0.97493,1.00,2.44
2018.01.05 13:51:35.350,0.97486,0.97495,1.00,3.56
2018.01.05 13:51:35.682,0.97489,0.97496,1.00,1.00
2018.01.05 13:51:35.945,0.9749,0.97498,1.00,1.12
2018.01.05 13:51:36.671,0.97489,0.97498,1.00,1.87
2018.01.05 13:51:37.198,0.9749,0.97498,1.00,1.12
2018.01.05 13:51:38.881,0.9749,0.97497,1.00,1.13
2018.01.05 13:51:38.986,0.97488,0.97496,1.00,1.00
2018.01.05 13:51:39.770,0.97488,0.97497,1.00,6.41
2018.01.05 13:51:40.139,0.97487,0.97496,1.00,3.00
2018.01.05 13:51:40.720,0.97485,0.97494,1.00,1.88
2018.01.05 13:51:41.263,0.97484,0.97494,1.00,1.69
2018.01.05 13:51:41.830,0.97485,0.97494,1.00,1.69
2018.01.05 13:51:41.989,0.97482,0.97491,1.00,3.38
2018.01.05 13:51:42.354,0.9748,0.9749,1.00,4.50
2018.01.05 13:51:43.541,0.9748,0.97489,1.00,1.50
2018.01.05 13:51:43.647,0.97482,0.9749,1.00,1.00
2018.01.05 13:51:44.182,0.97482,0.97491,1.00,2.44
2018.01.05 13:51:44.839,0.97483,0.97491,1.00,1.00
2018.01.05 13:51:45.420,0.97482,0.97491,1.00,1.00
2018.01.05 13:51:45.735,0.97479,0.97488,1.50,1.00
2018.01.05 13:51:45.875,0.97479,0.9749,2.06,1.25
2018.01.05 13:51:46.395,0.9748,0.97491,1.69,1.69
2018.01.05 13:51:47.030,0.97481,0.97492,1.00,2.81
2018.01.05 13:51:47.399,0.97483,0.97494,1.00,1.00
2018.01.05 13:51:47.975,0.97483,0.97495,1.69,3.75
2018.01.05 13:51:49.330,0.97485,0.97495,1.00,1.69
2018.01.05 13:51:49.849,0.97485,0.97496,1.31,1.00
2018.01.05 13:51:50.250,0.97483,0.97495,1.00,2.44
2018.01.05 13:51:50.768,0.97482,0.97495,2.63,3.75
2018.01.05 13:51:52.626,0.97482,0.97494,1.88,1.12
2018.01.05 13:51:52.837,0.97485,0.97496,1.00,2.25
2018.01.05 13:51:53.379,0.97484,0.97495,3.19,1.00
2018.01.05 13:51:54.208,0.97484,0.97495,2.63,1.00
2018.01.05 13:51:54.725,0.97484,0.97495,3.19,1.00
2018.01.05 13:51:55.506,0.97485,0.97496,1.69,1.50
2018.01.05 13:51:55.828,0.97486,0.97496,4.50,1.00
2018.01.05 13:51:56.335,0.97486,0.97497,1.69,1.12
2018.01.05 13:51:56.888,0.97486,0.97497,1.69,1.12
2018.01.05 13:51:58.444,0.97487,0.97497,1.12,1.00
2018.01.05 13:51:58.980,0.97486,0.97497,3.19,1.00
2018.01.05 13:51:59.687,0.97486,0.97497,2.44,1.00
2018.01.05 13:52:00.222,0.97486,0.97497,3.94,1.00
2018.01.05 13:52:00.765,0.97486,0.97498,4.88,2.25
2018.01.05 13:52:01.300,0.97486,0.97497,2.44,1.00
2018.01.05 13:52:02.637,0.97486,0.97497,1.31,1.12
2018.01.05 13:52:03.036,0.9749,0.97497,1.00,1.00
2018.01.05 13:52:03.146,0.9749,0.975,1.44,1.00
2018.01.05 13:52:03.253,0.97489,0.97502,2.25,4.73
2018.01.05 13:52:03.801,0.97488,0.97501,2.44,1.54
2018.01.05 13:52:05.427,0.97488,0.97499,1.88,1.50
2018.01.05 13:52:05.588,0.97485,0.97498,4.13,3.00
2018.01.05 13:52:06.110,0.97486,0.97497,1.13,1.12
2018.01.05 13:52:06.769,0.97486,0.97498,4.13,1.30
2018.01.05 13:52:07.367,0.97487,0.97498,1.25,3.41
2018.01.05 13:52:07.980,0.97487,0.97497,1.00,1.69
2018.01.05 13:52:09.844,0.97486,0.97496,1.88,1.00
2018.01.05 13:52:10.181,0.97489,0.975,2.66,1.25
2018.01.05 13:52:12.326,0.9749,0.975,1.30,1.25
2018.01.05 13:52:12.379,0.97492,0.97502,1.00,1.25
2018.01.05 13:52:12.856,0.97491,0.97504,3.00,1.87
2018.01.05 13:52:13.452,0.97491,0.97503,2.06,1.00
2018.01.05 13:52:13.971,0.97492,0.97504,1.63,1.25
2018.01.05 13:52:14.797,0.97492,0.97504,1.31,1.25
2018.01.05 13:52:15.972,0.97492,0.97505,4.54,2.44
2018.01.05 13:52:17.814,0.97492,0.97503,2.25,1.00
2018.01.05 13:52:17.920,0.97491,0.97503,1.00,1.69
2018.01.05 13:52:18.565,0.97491,0.97504,1.50,5.06
2018.01.05 13:52:18.618,0.9749,0.97502,1.25,2.44
2018.01.05 13:52:20.361,0.97489,0.97502,2.47,1.25
2018.01.05 13:52:20.530,0.97491,0.97501,1.50,1.00
2018.01.05 13:52:21.142,0.97491,0.97502,3.60,1.00
2018.01.05 13:52:22.487,0.9749,0.97501,1.31,1.00
2018.01.05 13:52:22.966,0.97492,0.97503,1.00,1.12
2018.01.05 13:52:24.957,0.97492,0.97503,3.94,1.00
2018.01.05 13:52:25.480,0.97493,0.97504,3.98,1.00
2018.01.05 13:52:27.482,0.97492,0.97504,3.94,1.87
2018.01.05 13:52:27.541,0.97492,0.97502,1.13,1.12
2018.01.05 13:52:27.860,0.97488,0.97498,1.00,1.12
2018.01.05 13:52:28.190,0.97485,0.97496,1.69,2.62
2018.01.05 13:52:28.839,0.97485,0.97496,1.88,1.87
2018.01.05 13:52:29.694,0.97484,0.97496,2.44,2.06
2018.01.05 13:52:29.957,0.97483,0.97495,1.44,2.63
2018.01.05 13:52:30.805,0.97484,0.97496,3.00,1.50
2018.01.05 13:52:31.154,0.97486,0.97497,1.88,1.31
2018.01.05 13:52:31.677,0.97486,0.97497,1.25,2.06
2018.01.05 13:52:33.895,0.97485,0.97497,1.00,2.06
2018.01.05 13:52:34.429,0.97484,0.97497,1.25,3.19
2018.01.05 13:52:34.947,0.97484,0.97495,1.25,1.00
2018.01.05 13:52:37.707,0.97483,0.97496,3.19,4.88
2018.01.05 13:52:37.866,0.97485,0.97496,1.00,1.31
2018.01.05 13:52:38.458,0.97484,0.97496,1.69,1.31
2018.01.05 13:52:38.984,0.97485,0.97496,1.25,2.81
2018.01.05 13:52:40.762,0.97484,0.97495,1.00,1.12
2018.01.05 13:52:41.356,0.97482,0.97495,3.97,6.94
2018.01.05 13:52:41.576,0.97481,0.97492,1.50,1.25
2018.01.05 13:52:41.635,0.9748,0.97491,2.44,1.60
2018.01.05 13:52:41.846,0.97477,0.97489,3.56,3.00
2018.01.05 13:52:43.773,0.97476,0.97489,5.81,4.12
2018.01.05 13:52:45.856,0.97477,0.97487,1.00,1.00
2018.01.05 13:52:46.406,0.97477,0.97489,1.00,3.97
2018.01.05 13:52:47.226,0.97476,0.97487,3.56,1.12
2018.01.05 13:52:48.644,0.97476,0.97489,2.25,6.79
2018.01.05 13:52:49.324,0.97476,0.97488,3.94,1.50
2018.01.05 13:52:49.836,0.97475,0.97487,1.00,2.25
2018.01.05 13:52:50.383,0.97474,0.97483,1.88,1.00
2018.01.05 13:52:50.437,0.97471,0.97482,1.31,1.12
2018.01.05 13:52:50.657,0.97469,0.9748,2.25,1.00
2018.01.05 13:52:50.814,0.97468,0.97479,1.00,1.57
2018.01.05 13:52:52.611,0.97467,0.97479,4.13,1.69
2018.01.05 13:52:52.665,0.97468,0.97481,5.44,2.81
2018.01.05 13:52:52.719,0.97469,0.97482,3.60,6.07
2018.01.05 13:52:53.585,0.9747,0.97482,3.75,1.50
2018.01.05 13:52:54.092,0.97471,0.97482,1.50,1.00
2018.01.05 13:52:54.625,0.97471,0.97483,1.50,1.25
2018.01.05 13:52:55.037,0.97474,0.97486,2.63,6.26
2018.01.05 13:52:55.196,0.97474,0.97486,2.63,2.44
2018.01.05 13:52:56.895,0.97474,0.97487,3.56,5.44
2018.01.05 13:52:57.450,0.97474,0.97487,1.31,8.51
2018.01.05 13:52:58.207,0.97474,0.97487,2.06,6.19
2018.01.05 13:52:58.576,0.97475,0.97487,1.44,4.69
2018.01.05 13:52:59.109,0.97475,0.97486,1.31,2.06
2018.01.05 13:52:59.633,0.97473,0.97486,1.69,3.45
2018.01.05 13:53:00.241,0.97473,0.97486,3.00,1.62
2018.01.05 13:53:01.155,0.97473,0.97486,2.81,1.62
2018.01.05 13:53:01.747,0.97473,0.97486,3.56,1.62
2018.01.05 13:53:02.378,0.97474,0.97486,1.25,1.69
2018.01.05 13:53:02.898,0.97474,0.97484,1.00,1.31
2018.01.05 13:53:03.358,0.97474,0.97486,1.31,1.69
2018.01.05 13:53:04.649,0.97475,0.97486,3.00,1.25
2018.01.05 13:53:04.981,0.97472,0.97479,2.06,3.22
2018.01.05 13:53:05.348,0.97467,0.97478,1.50,1.12
2018.01.05 13:53:05.401,0.97466,0.97479,3.75,2.32
2018.01.05 13:53:05.453,0.97467,0.97479,2.06,2.25
2018.01.05 13:53:05.671,0.97472,0.97482,1.87,1.19
2018.01.05 13:53:05.724,0.97473,0.97485,1.12,2.44
2018.01.05 13:53:06.088,0.97473,0.97482,1.00,1.00
2018.01.05 13:53:06.193,0.9747,0.97482,2.06,2.25
2018.01.05 13:53:06.524,0.97468,0.9748,4.31,1.72
2018.01.05 13:53:07.074,0.97467,0.97479,3.37,1.72
2018.01.05 13:53:07.610,0.97467,0.97478,2.44,1.00
2018.01.05 13:53:08.191,0.97467,0.97479,1.87,2.47
2018.01.05 13:53:08.296,0.9747,0.97479,1.00,1.00
2018.01.05 13:53:08.352,0.9747,0.97482,1.12,1.01
2018.01.05 13:53:08.615,0.97468,0.9748,1.50,2.85
2018.01.05 13:53:08.925,0.97473,0.97483,1.00,1.45
2018.01.05 13:53:08.982,0.97473,0.97486,1.87,2.89
2018.01.05 13:53:09.140,0.97474,0.97486,1.69,1.25
2018.01.05 13:53:09.673,0.97475,0.97487,1.19,1.00
2018.01.05 13:53:10.088,0.97474,0.97484,1.31,1.12
2018.01.05 13:53:12.739,0.97473,0.97483,1.62,1.00
2018.01.05 13:53:13.390,0.97473,0.97484,1.62,1.50
2018.01.05 13:53:14.680,0.97474,0.97485,1.12,1.00
2018.01.05 13:53:15.200,0.97474,0.97485,2.81,1.00
2018.01.05 13:53:15.712,0.97474,0.97485,2.06,1.00
2018.01.05 13:53:16.534,0.97474,0.97484,1.50,1.00
2018.01.05 13:53:17.053,0.97474,0.97485,1.50,1.50
2018.01.05 13:53:20.898,0.97477,0.97485,1.37,1.00
2018.01.05 13:53:21.074,0.97477,0.97488,2.44,1.31
2018.01.05 13:53:21.127,0.97479,0.97488,1.62,1.50
2018.01.05 13:53:21.180,0.97477,0.97488,2.06,3.22
2018.01.05 13:53:24.087,0.97479,0.97489,1.00,1.25
2018.01.05 13:53:24.305,0.9748,0.97492,1.69,2.06
2018.01.05 13:53:24.808,0.9748,0.9749,1.31,1.00
2018.01.05 13:53:24.915,0.97478,0.97489,1.50,2.85
2018.01.05 13:53:25.438,0.97478,0.97489,1.00,3.75
2018.01.05 13:53:25.866,0.97475,0.97486,2.81,1.00
2018.01.05 13:53:26.100,0.97475,0.97485,1.12,1.00
2018.01.05 13:53:26.643,0.97475,0.97486,1.50,1.12
2018.01.05 13:53:27.150,0.97475,0.97486,1.25,2.66
2018.01.05 13:53:30.554,0.97476,0.97486,1.25,1.00
2018.01.05 13:53:31.777,0.97475,0.97486,3.19,1.00
2018.01.05 13:53:32.198,0.97477,0.97486,1.00,1.00
2018.01.05 13:53:32.251,0.97477,0.97488,1.25,3.04
2018.01.05 13:53:36.570,0.97477,0.97488,1.00,4.31
2018.01.05 13:53:37.241,0.9748,0.97488,1.00,1.25
2018.01.05 13:53:37.296,0.9748,0.9749,1.69,1.10
2018.01.05 13:53:37.718,0.97477,0.97488,1.38,1.50
2018.01.05 13:53:37.884,0.97475,0.97488,7.20,3.94
2018.01.05 13:53:38.496,0.97477,0.97488,1.25,4.69
2018.01.05 13:53:39.182,0.97477,0.97488,1.44,3.37
2018.01.05 13:53:40.371,0.97481,0.97492,1.25,1.00
2018.01.05 13:53:40.904,0.97482,0.97493,1.00,2.81
2018.01.05 13:53:41.345,0.97483,0.97494,2.06,1.00
2018.01.05 13:53:41.669,0.97489,0.97498,2.29,1.00
2018.01.05 13:53:41.723,0.97489,0.97501,1.13,2.62
2018.01.05 13:53:42.428,0.97489,0.97499,1.69,1.00
2018.01.05 13:53:42.585,0.97487,0.97499,1.13,6.94
2018.01.05 13:53:42.638,0.97489,0.975,1.25,1.69
2018.01.05 13:53:42.749,0.97489,0.975,1.50,1.50
2018.01.05 13:53:42.802,0.97486,0.97497,1.44,1.00
2018.01.05 13:53:42.913,0.97484,0.97495,2.63,1.00
2018.01.05 13:53:43.455,0.97483,0.97494,2.06,1.31
2018.01.05 13:53:46.032,0.97484,0.97496,1.13,3.00
2018.01.05 13:53:46.137,0.97489,0.97497,1.00,2.25
2018.01.05 13:53:46.191,0.97489,0.97499,6.00,1.47
2018.01.05 13:53:46.297,0.97489,0.97501,3.19,2.63
2018.01.05 13:53:46.536,0.97491,0.97504,2.25,6.94
2018.01.05 13:53:47.177,0.97492,0.97504,2.63,1.50
2018.01.05 13:53:47.702,0.97493,0.97505,1.68,1.00
2018.01.05 13:53:48.085,0.97496,0.97507,1.00,2.89
2018.01.05 13:53:48.252,0.97499,0.97511,4.69,1.25
2018.01.05 13:53:48.803,0.975,0.97512,2.25,2.25
2018.01.05 13:53:49.698,0.975,0.97512,4.91,1.50
2018.01.05 13:53:49.752,0.97503,0.97514,1.25,2.62
2018.01.05 13:53:50.273,0.97503,0.97516,3.18,1.88
2018.01.05 13:53:50.326,0.97504,0.97516,1.44,1.13
2018.01.05 13:53:51.254,0.97508,0.97518,1.12,3.19
2018.01.05 13:53:51.309,0.97509,0.97518,1.00,1.50
2018.01.05 13:53:51.415,0.97509,0.97521,1.69,1.19
2018.01.05 13:53:51.706,0.97511,0.97523,1.69,1.31
2018.01.05 13:53:52.279,0.97512,0.97523,1.87,2.06
2018.01.05 13:53:52.651,0.9751,0.9752,1.19,1.00
2018.01.05 13:53:52.812,0.97505,0.97517,1.95,1.88
2018.01.05 13:53:52.865,0.97504,0.97517,5.25,2.63
2018.01.05 13:53:53.384,0.97505,0.97517,1.00,3.75
2018.01.05 13:53:53.968,0.97504,0.97516,1.69,1.87
2018.01.05 13:53:54.412,0.97508,0.97519,2.81,1.66
2018.01.05 13:53:54.517,0.97509,0.97522,1.12,4.12
2018.01.05 13:53:54.777,0.97507,0.97517,2.06,1.00
2018.01.05 13:53:54.829,0.97505,0.97517,3.75,1.00
2018.01.05 13:53:55.337,0.97504,0.97516,1.12,1.31
2018.01.05 13:53:55.882,0.97505,0.97516,1.00,1.31
2018.01.05 13:53:56.356,0.97503,0.97514,1.43,1.25
2018.01.05 13:53:56.773,0.97502,0.97513,1.50,1.00
2018.01.05 13:53:58.220,0.97502,0.97514,1.00,2.81
2018.01.05 13:53:58.796,0.97502,0.97513,1.50,1.13
2018.01.05 13:53:59.302,0.97501,0.97513,3.00,1.13
2018.01.05 13:53:59.854,0.97502,0.97513,1.00,1.00
2018.01.05 13:54:00.138,0.975,0.97511,1.00,1.69
2018.01.05 13:54:00.656,0.975,0.97512,2.63,3.38
2018.01.05 13:54:01.159,0.97499,0.97511,1.25,3.75
2018.01.05 13:54:01.212,0.97497,0.9751,1.25,1.69
2018.01.05 13:54:01.780,0.97495,0.97508,3.38,2.63
2018.01.05 13:54:02.199,0.97499,0.97511,1.19,3.75
2018.01.05 13:54:02.462,0.97497,0.97509,4.13,1.00
2018.01.05 13:54:02.682,0.97494,0.97508,8.81,1.87
2018.01.05 13:54:02.789,0.97498,0.9751,2.62,1.39
2018.01.05 13:54:02.842,0.97499,0.97511,1.44,2.14
2018.01.05 13:54:03.308,0.97498,0.9751,2.44,1.25
2018.01.05 13:54:03.886,0.97498,0.9751,2.62,1.69
2018.01.05 13:54:04.150,0.97495,0.97508,3.07,1.87
2018.01.05 13:54:04.306,0.97497,0.97509,1.69,1.69
2018.01.05 13:54:04.825,0.97497,0.97509,1.87,1.50
2018.01.05 13:54:05.817,0.97496,0.97509,1.87,2.62
2018.01.05 13:54:06.025,0.97495,0.97508,1.25,2.81
2018.01.05 13:54:06.662,0.97494,0.97507,2.06,1.95
2018.01.05 13:54:07.330,0.97493,0.97507,3.56,2.62
2018.01.05 13:54:07.928,0.97493,0.97506,2.44,1.25
2018.01.05 13:54:08.034,0.97492,0.97505,4.31,1.87
2018.01.05 13:54:08.349,0.97492,0.97504,1.69,1.31
2018.01.05 13:54:08.868,0.97493,0.97503,1.00,1.00
2018.01.05 13:54:09.024,0.97491,0.97503,1.88,1.12
2018.01.05 13:54:09.134,0.9749,0.97501,2.44,1.00
2018.01.05 13:54:09.656,0.9749,0.97501,3.00,1.00
2018.01.05 13:54:09.973,0.97492,0.97503,1.25,1.12
2018.01.05 13:54:10.411,0.97494,0.97505,1.00,3.00
2018.01.05 13:54:11.493,0.97493,0.97504,1.19,2.62
2018.01.05 13:54:11.709,0.97492,0.97502,1.00,1.25
2018.01.05 13:54:11.762,0.9749,0.97501,6.04,2.25
2018.01.05 13:54:12.304,0.97491,0.97501,1.00,1.25
2018.01.05 13:54:12.975,0.97491,0.97502,1.12,1.69
2018.01.05 13:54:13.524,0.97492,0.97503,1.00,2.25
2018.01.05 13:54:15.534,0.97492,0.97503,1.25,2.81
2018.01.05 13:54:17.740,0.97493,0.97504,1.00,3.00
2018.01.05 13:54:20.280,0.97494,0.97504,1.00,1.13
2018.01.05 13:54:20.648,0.97498,0.97507,1.00,2.14
2018.01.05 13:54:21.160,0.97497,0.97508,1.25,2.62
2018.01.05 13:54:21.707,0.97497,0.97508,1.25,3.56
2018.01.05 13:54:22.119,0.975,0.97509,1.00,2.06
2018.01.05 13:54:22.434,0.97498,0.97507,1.00,1.19
2018.01.05 13:54:22.488,0.97496,0.97506,1.31,1.31
2018.01.05 13:54:23.180,0.97496,0.97507,1.13,1.69
2018.01.05 13:54:23.240,0.97499,0.97509,2.06,1.12
2018.01.05 13:54:23.554,0.97498,0.97508,1.12,4.31
2018.01.05 13:54:23.716,0.97494,0.97506,2.06,2.25
2018.01.05 13:54:24.219,0.97494,0.97505,1.25,1.00
2018.01.05 13:54:25.555,0.97497,0.97508,1.00,2.81
2018.01.05 13:54:26.528,0.97497,0.97507,1.00,1.12
2018.01.05 13:54:27.043,0.97495,0.97507,1.63,1.13
2018.01.05 13:54:27.544,0.97495,0.97507,1.13,3.75
2018.01.05 13:54:28.898,0.97494,0.97506,1.31,1.12
2018.01.05 13:54:29.405,0.97495,0.97506,1.00,2.25
2018.01.05 13:54:30.992,0.97494,0.97506,1.88,1.00
2018.01.05 13:54:31.515,0.97495,0.97506,1.00,1.50
2018.01.05 13:54:32.404,0.97495,0.97505,1.00,1.25
2018.01.05 13:54:32.916,0.97494,0.97505,1.00,2.06
2018.01.05 13:54:34.062,0.97495,0.97506,1.13,1.63
2018.01.05 13:54:34.500,0.97498,0.97508,1.00,1.13
2018.01.05 13:54:35.887,0.97498,0.97507,1.00,1.12
2018.01.05 13:54:35.995,0.97496,0.97506,1.00,1.00
2018.01.05 13:54:36.468,0.97492,0.97505,2.63,3.19
2018.01.05 13:54:37.677,0.97492,0.97504,2.44,1.00
2018.01.05 13:54:38.215,0.97492,0.97503,2.25,1.25
2018.01.05 13:54:38.774,0.97491,0.97503,1.19,1.12
2018.01.05 13:54:43.592,0.97493,0.97504,1.00,3.38
2018.01.05 13:54:44.126,0.97493,0.97504,1.19,4.87
2018.01.05 13:54:44.643,0.97493,0.97504,1.00,3.75
2018.01.05 13:54:47.166,0.97491,0.97503,4.50,1.00
2018.01.05 13:54:47.475,0.97494,0.97503,1.00,1.00
2018.01.05 13:54:47.992,0.97495,0.97504,1.00,3.00
2018.01.05 13:54:53.991,0.97495,0.97504,1.00,2.44
2018.01.05 13:54:56.169,0.97494,0.97502,1.00,1.31
2018.01.05 13:54:56.687,0.97494,0.97502,1.00,1.69
2018.01.05 13:54:57.359,0.97492,0.97498,1.25,1.00
2018.01.05 13:54:57.416,0.97488,0.97498,2.62,1.87
2018.01.05 13:54:57.677,0.97487,0.97496,1.00,4.50
2018.01.05 13:54:57.730,0.97485,0.97496,1.25,5.25
2018.01.05 13:54:58.247,0.97484,0.97495,1.00,7.31
2018.01.05 13:54:58.820,0.97484,0.97495,2.63,1.69
2018.01.05 13:54:58.875,0.97486,0.97498,1.25,4.69
2018.01.05 13:54:59.189,0.97484,0.97495,1.25,1.13
2018.01.05 13:54:59.710,0.97484,0.97496,1.31,3.38
2018.01.05 13:55:00.705,0.97484,0.97495,1.25,1.00
2018.01.05 13:55:01.902,0.97482,0.97494,4.50,1.12
2018.01.05 13:55:02.437,0.97484,0.97495,1.69,1.00
2018.01.05 13:55:03.218,0.97483,0.97495,4.12,1.69
2018.01.05 13:55:05.343,0.97483,0.97495,1.87,1.25
2018.01.05 13:55:05.872,0.97483,0.97495,2.06,1.88
2018.01.05 13:55:06.554,0.97484,0.97496,1.25,1.69
2018.01.05 13:55:06.869,0.97487,0.97498,1.00,3.19
2018.01.05 13:55:07.547,0.97487,0.97498,1.00,2.63
2018.01.05 13:55:08.005,0.97489,0.97499,2.47,2.63
2018.01.05 13:55:08.112,0.97493,0.97504,1.31,2.33
2018.01.05 13:55:08.166,0.97494,0.97505,1.00,2.25
2018.01.05 13:55:08.218,0.97494,0.97505,1.19,1.50
2018.01.05 13:55:10.633,0.97494,0.97505,1.19,3.00
2018.01.05 13:55:11.136,0.97494,0.97505,1.44,2.63
2018.01.05 13:55:11.680,0.97494,0.97504,1.19,1.00
2018.01.05 13:55:12.367,0.97493,0.97505,1.88,2.63
2018.01.05 13:55:12.686,0.97499,0.97508,1.87,2.63
2018.01.05 13:55:12.741,0.975,0.97511,2.06,2.06
2018.01.05 13:55:12.793,0.97501,0.97512,1.00,1.31
2018.01.05 13:55:13.025,0.97498,0.97509,1.62,3.04
2018.01.05 13:55:13.079,0.97495,0.97507,3.38,2.25
2018.01.05 13:55:13.597,0.97495,0.97508,4.13,3.38
2018.01.05 13:55:14.199,0.97496,0.97509,5.63,2.44
2018.01.05 13:55:14.460,0.97499,0.97511,1.19,1.69
2018.01.05 13:55:14.977,0.97499,0.9751,1.19,1.50
2018.01.05 13:55:16.678,0.97498,0.97508,1.69,1.25
2018.01.05 13:55:17.112,0.97495,0.97507,1.19,2.06
2018.01.05 13:55:19.480,0.97496,0.97508,1.25,3.23
2018.01.05 13:55:20.497,0.97496,0.97507,1.25,1.00
2018.01.05 13:55:23.260,0.97499,0.97509,2.06,1.10
2018.01.05 13:55:23.605,0.97502,0.97514,1.31,1.69
2018.01.05 13:55:24.702,0.97502,0.97515,2.14,2.44
2018.01.05 13:55:24.913,0.97503,0.97516,6.19,1.50
2018.01.05 13:55:25.342,0.97505,0.97517,1.87,3.97
2018.01.05 13:55:25.396,0.97503,0.97514,1.31,1.25
2018.01.05 13:55:29.179,0.97502,0.97514,1.00,1.62
2018.01.05 13:55:29.701,0.97502,0.97513,1.25,2.44
2018.01.05 13:55:30.299,0.975,0.97512,4.31,1.31
2018.01.05 13:55:31.542,0.975,0.97512,4.69,1.31
2018.01.05 13:55:32.059,0.975,0.97512,4.69,2.25
2018.01.05 13:55:33.009,0.97502,0.97513,1.69,1.37
2018.01.05 13:55:33.863,0.97501,0.97514,2.81,3.56
2018.01.05 13:55:35.911,0.975,0.97513,6.75,2.06
2018.01.05 13:55:37.149,0.97501,0.97512,1.00,1.31
2018.01.05 13:55:37.666,0.975,0.97512,4.88,1.69
2018.01.05 13:55:39.662,0.975,0.97512,4.13,2.25
2018.01.05 13:55:39.942,0.975,0.97508,3.00,2.25
2018.01.05 13:55:40.105,0.97496,0.97507,1.00,5.85
2018.01.05 13:55:42.723,0.97494,0.97506,1.69,3.19
2018.01.05 13:55:43.247,0.97495,0.97505,1.00,1.31
2018.01.05 13:55:44.631,0.97495,0.97507,1.25,3.56
2018.01.05 13:55:45.186,0.97496,0.97507,1.00,4.88
2018.01.05 13:55:51.129,0.97497,0.97506,1.00,1.50
2018.01.05 13:55:56.153,0.97497,0.97507,1.00,1.88
2018.01.05 13:55:56.466,0.97498,0.97509,1.50,1.31
2018.01.05 13:55:56.910,0.97501,0.97512,1.00,3.64
2018.01.05 13:55:57.461,0.97501,0.97513,3.19,2.44
2018.01.05 13:55:58.187,0.97501,0.97514,2.06,4.13
2018.01.05 13:55:59.371,0.97503,0.97514,1.50,1.31
2018.01.05 13:55:59.532,0.97504,0.97515,1.00,1.69
2018.01.05 13:56:03.121,0.97508,0.97517,1.72,3.00
2018.01.05 13:56:03.229,0.97511,0.97518,1.00,1.00
2018.01.05 13:56:03.467,0.97512,0.97525,1.69,3.56
2018.01.05 13:56:03.570,0.97513,0.97525,1.19,1.69
2018.01.05 13:56:04.225,0.97517,0.97527,1.50,3.37
2018.01.05 13:56:04.277,0.97517,0.97527,1.25,1.25
2018.01.05 13:56:04.331,0.97518,0.9753,2.06,1.20
2018.01.05 13:56:05.246,0.97519,0.97531,2.44,1.31
2018.01.05 13:56:05.770,0.9752,0.97532,5.06,1.50
2018.01.05 13:56:06.240,0.9752,0.97531,1.25,3.00
2018.01.05 13:56:06.771,0.9752,0.97531,1.69,1.50
2018.01.05 13:56:07.299,0.9752,0.9753,1.25,1.00
2018.01.05 13:56:07.827,0.97519,0.9753,1.87,1.00
2018.01.05 13:56:08.216,0.97519,0.97528,1.25,1.00
2018.01.05 13:56:08.271,0.97514,0.97526,2.25,3.19
2018.01.05 13:56:08.741,0.97515,0.97527,2.62,1.12
2018.01.05 13:56:09.601,0.97515,0.97526,3.37,1.00
2018.01.05 13:56:09.930,0.97519,0.9753,1.25,1.25
2018.01.05 13:56:11.017,0.9752,0.97532,1.25,2.62
2018.01.05 13:56:11.070,0.9752,0.97532,1.87,1.50
2018.01.05 13:56:11.333,0.97522,0.97533,1.25,3.00
2018.01.05 13:56:12.093,0.97522,0.97532,1.25,1.00
2018.01.05 13:56:12.491,0.9752,0.97531,2.06,1.00
2018.01.05 13:56:12.960,0.97522,0.97533,1.25,2.25
2018.01.05 13:56:14.537,0.9752,0.97529,1.19,2.81
2018.01.05 13:56:14.591,0.9752,0.97531,1.19,1.50
2018.01.05 13:56:15.872,0.97521,0.97532,1.19,1.50
2018.01.05 13:56:16.453,0.97522,0.97533,1.25,1.31
2018.01.05 13:56:16.801,0.97526,0.97534,1.00,1.50
2018.01.05 13:56:16.958,0.9753,0.97539,1.00,1.31
2018.01.05 13:56:17.569,0.97529,0.97542,3.00,2.44
2018.01.05 13:56:18.003,0.9753,0.97543,1.50,2.81
2018.01.05 13:56:18.839,0.97533,0.97544,1.00,1.31
2018.01.05 13:56:18.892,0.97533,0.97545,1.00,3.56
2018.01.05 13:56:19.111,0.97535,0.97546,1.50,2.44
2018.01.05 13:56:19.216,0.97535,0.97547,2.25,2.44
2018.01.05 13:56:19.480,0.97537,0.97548,3.19,1.31
2018.01.05 13:56:19.766,0.97539,0.97551,1.25,3.56
2018.01.05 13:56:20.288,0.9754,0.97551,1.00,1.50
2018.01.05 13:56:20.833,0.97539,0.97551,1.19,1.87
2018.01.05 13:56:21.735,0.97537,0.97546,2.06,1.00
2018.01.05 13:56:21.951,0.97534,0.97545,2.44,1.31
2018.01.05 13:56:22.473,0.97538,0.97548,1.25,1.87
2018.01.05 13:56:22.726,0.97539,0.97551,1.88,1.50
2018.01.05 13:56:22.936,0.97542,0.97553,1.19,2.06
2018.01.05 13:56:23.582,0.97541,0.97553,4.12,1.13
2018.01.05 13:56:25.186,0.97541,0.97553,3.00,1.87
2018.01.05 13:56:25.241,0.9754,0.97552,4.31,1.31
2018.01.05 13:56:25.608,0.97541,0.97553,4.69,1.13
2018.01.05 13:56:26.203,0.97541,0.97554,5.25,1.87
2018.01.05 13:56:26.730,0.97541,0.97553,3.00,1.88
2018.01.05 13:56:27.275,0.97542,0.97554,3.00,1.69
2018.01.05 13:56:27.844,0.97543,0.97554,1.00,1.00
2018.01.05 13:56:28.367,0.97542,0.97554,1.87,1.31
2018.01.05 13:56:28.895,0.97541,0.97554,2.06,3.00
2018.01.05 13:56:29.344,0.97544,0.97554,1.00,3.75
2018.01.05 13:56:29.411,0.97541,0.97554,1.31,2.25
2018.01.05 13:56:29.469,0.97541,0.97553,2.62,1.31
2018.01.05 13:56:29.800,0.97541,0.97554,1.69,4.12
2018.01.05 13:56:30.320,0.9754,0.97551,2.81,1.00
2018.01.05 13:56:30.842,0.9754,0.97553,2.81,2.62
2018.01.05 13:56:31.783,0.9754,0.97551,3.56,1.00
2018.01.05 13:56:31.940,0.9754,0.97551,1.25,1.69
2018.01.05 13:56:32.924,0.97541,0.97553,1.00,3.26
2018.01.05 13:56:32.983,0.97542,0.97554,1.00,2.89
2018.01.05 13:56:33.299,0.9754,0.97552,2.62,1.19
2018.01.05 13:56:33.862,0.97539,0.97552,3.56,3.75
2018.01.05 13:56:34.650,0.9754,0.97552,1.87,1.31
2018.01.05 13:56:35.193,0.97541,0.97553,1.00,1.69
2018.01.05 13:56:35.711,0.9754,0.97552,1.00,1.31
2018.01.05 13:56:36.668,0.97541,0.97553,1.00,2.81
2018.01.05 13:56:37.188,0.97541,0.97553,1.25,1.62
2018.01.05 13:56:38.793,0.97542,0.97553,1.00,1.62
2018.01.05 13:56:39.319,0.97541,0.97553,2.81,1.62
2018.01.05 13:56:39.776,0.97544,0.97554,1.00,2.44
2018.01.05 13:56:40.061,0.97543,0.97556,1.69,3.60
2018.01.05 13:56:40.608,0.97544,0.97555,1.25,1.31
2018.01.05 13:56:41.813,0.97545,0.97556,1.12,2.81
2018.01.05 13:56:42.057,0.97546,0.97558,1.25,1.69
2018.01.05 13:56:42.527,0.97544,0.97556,2.25,1.69
2018.01.05 13:56:43.067,0.97542,0.97554,1.00,2.06
2018.01.05 13:56:43.977,0.97541,0.97553,1.12,1.50
2018.01.05 13:56:44.243,0.9754,0.97552,2.62,1.69
2018.01.05 13:56:44.771,0.97539,0.97551,1.69,2.81
2018.01.05 13:56:45.174,0.97541,0.97553,1.00,4.76
2018.01.05 13:56:47.765,0.9754,0.97553,1.87,2.06
2018.01.05 13:56:48.676,0.9754,0.97549,1.00,1.00
2018.01.05 13:56:48.920,0.97539,0.97551,1.69,1.69
2018.01.05 13:56:49.516,0.97538,0.97548,1.19,1.00
2018.01.05 13:56:49.687,0.97537,0.97547,1.00,1.87
2018.01.05 13:56:49.999,0.97534,0.97543,1.69,1.00
2018.01.05 13:56:50.051,0.97534,0.97545,1.00,3.04
2018.01.05 13:56:50.574,0.97535,0.97544,1.00,1.00
2018.01.05 13:56:51.097,0.97535,0.97545,1.00,3.79
2018.01.05 13:56:51.202,0.97533,0.97544,1.69,2.85
2018.01.05 13:56:51.585,0.9753,0.97539,1.19,1.00
2018.01.05 13:56:52.106,0.9753,0.9754,1.00,1.31
2018.01.05 13:56:52.306,0.97531,0.97541,1.00,1.25
2018.01.05 13:56:53.663,0.97531,0.9754,1.00,1.00
2018.01.05 13:56:53.769,0.97529,0.9754,1.25,1.12
2018.01.05 13:56:53.874,0.9753,0.97537,1.00,1.00
2018.01.05 13:56:54.004,0.97528,0.97537,1.00,1.00
2018.01.05 13:56:54.064,0.97523,0.97535,2.44,1.50
2018.01.05 13:56:54.116,0.97523,0.97535,1.69,2.44
2018.01.05 13:56:56.701,0.97526,0.97535,1.00,1.25
2018.01.05 13:56:56.754,0.97527,0.97538,1.31,1.31
2018.01.05 13:56:56.807,0.97526,0.97536,1.19,1.00
2018.01.05 13:56:57.316,0.97526,0.97537,1.69,1.25
2018.01.05 13:56:58.237,0.97528,0.97539,2.44,1.19
2018.01.05 13:56:58.292,0.97528,0.97541,4.12,1.31
2018.01.05 13:56:59.606,0.97527,0.97536,1.25,2.25
2018.01.05 13:56:59.714,0.97525,0.97535,1.25,1.31
2018.01.05 13:57:00.221,0.97526,0.97536,1.00,2.44
2018.01.05 13:57:00.276,0.97526,0.97538,1.25,2.81
2018.01.05 13:57:00.873,0.97527,0.97537,1.00,1.00
2018.01.05 13:57:01.085,0.97526,0.97536,1.25,2.25
2018.01.05 13:57:01.140,0.97522,0.97534,3.26,1.00
2018.01.05 13:57:01.451,0.97522,0.97535,1.87,3.26
2018.01.05 13:57:02.288,0.97521,0.97533,1.69,1.69
2018.01.05 13:57:02.720,0.97517,0.97524,1.01,1.00
2018.01.05 13:57:02.876,0.97514,0.97525,1.69,1.30
2018.01.05 13:57:03.039,0.97513,0.97525,1.25,2.44
2018.01.05 13:57:03.100,0.97512,0.97523,1.19,1.87
2018.01.05 13:57:03.420,0.9751,0.97518,1.19,1.12
2018.01.05 13:57:03.525,0.97506,0.97518,1.56,1.12
2018.01.05 13:57:03.846,0.9751,0.9752,1.00,1.50
2018.01.05 13:57:04.183,0.97512,0.97524,1.00,4.69
2018.01.05 13:57:04.338,0.97513,0.97525,1.00,2.89
2018.01.05 13:57:04.509,0.97516,0.97526,1.00,1.56
2018.01.05 13:57:04.616,0.97514,0.97526,2.25,3.00
2018.01.05 13:57:04.722,0.97512,0.97525,1.19,2.70
2018.01.05 13:57:04.774,0.97512,0.97524,1.00,2.06
2018.01.05 13:57:05.150,0.9751,0.97522,2.44,1.00
2018.01.05 13:57:05.656,0.9751,0.97522,2.25,1.69
2018.01.05 13:57:06.288,0.9751,0.97524,2.44,3.19
2018.01.05 13:57:06.825,0.9751,0.97524,2.81,2.81
2018.01.05 13:57:08.603,0.9751,0.97522,1.69,1.00
2018.01.05 13:57:08.803,0.9751,0.97521,1.25,2.25
2018.01.05 13:57:09.115,0.9751,0.97516,1.00,1.69
2018.01.05 13:57:09.220,0.97506,0.97515,1.19,1.31
2018.01.05 13:57:09.273,0.97505,0.97515,1.00,1.69
2018.01.05 13:57:09.429,0.97502,0.97515,3.19,2.81
2018.01.05 13:57:10.553,0.97504,0.97514,1.56,1.00
2018.01.05 13:57:10.663,0.97503,0.97513,1.95,1.12
2018.01.05 13:57:11.194,0.97502,0.97513,1.25,1.12
2018.01.05 13:57:14.925,0.97501,0.97513,1.69,1.50
2018.01.05 13:57:16.368,0.975,0.97513,2.81,2.06
2018.01.05 13:57:16.574,0.975,0.97513,4.50,1.31
2018.01.05 13:57:18.602,0.975,0.97512,3.37,1.00
2018.01.05 13:57:19.131,0.97504,0.97515,1.12,1.19
2018.01.05 13:57:19.335,0.97504,0.97516,1.31,2.06
2018.01.05 13:57:19.707,0.97507,0.97516,1.00,1.25
2018.01.05 13:57:19.817,0.97507,0.97519,1.31,1.31
2018.01.05 13:57:20.357,0.97508,0.9752,1.00,2.06
2018.01.05 13:57:20.561,0.97508,0.9752,1.25,1.69
2018.01.05 13:57:20.615,0.9751,0.97522,1.00,4.76
2018.01.05 13:57:21.854,0.9751,0.97523,1.25,3.56
2018.01.05 13:57:22.367,0.97511,0.97523,1.00,2.06
2018.01.05 13:57:23.160,0.97509,0.9752,1.69,1.00
2018.01.05 13:57:23.478,0.97505,0.97516,4.69,1.50
2018.01.05 13:57:23.920,0.97508,0.97517,1.19,1.50
2018.01.05 13:57:24.025,0.9751,0.9752,1.00,1.25
2018.01.05 13:57:26.002,0.9751,0.97522,1.25,2.06
2018.01.05 13:57:26.917,0.97508,0.9752,1.00,4.50
2018.01.05 13:57:26.971,0.97505,0.97517,3.56,1.87
2018.01.05 13:57:27.480,0.97505,0.97516,1.31,1.12
2018.01.05 13:57:28.155,0.97504,0.97516,2.81,2.25
2018.01.05 13:57:28.260,0.97503,0.97515,1.69,1.12
2018.01.05 13:57:28.369,0.97502,0.97514,2.44,2.44
2018.01.05 13:57:29.740,0.97501,0.97513,1.31,1.12
2018.01.05 13:57:29.794,0.97501,0.97513,1.12,3.19
2018.01.05 13:57:30.263,0.97502,0.97513,1.50,1.25
2018.01.05 13:57:31.858,0.97503,0.97514,1.00,1.50
2018.01.05 13:57:31.967,0.97503,0.97515,2.06,1.69
2018.01.05 13:57:32.320,0.97502,0.97511,1.69,1.00
2018.01.05 13:57:32.373,0.975,0.97511,1.50,1.00
2018.01.05 13:57:32.737,0.97496,0.97503,1.69,1.00
2018.01.05 13:57:32.790,0.97494,0.97505,2.25,2.48
2018.01.05 13:57:32.843,0.97492,0.97504,1.94,1.88
2018.01.05 13:57:34.816,0.97492,0.97504,2.06,1.69
2018.01.05 13:57:34.978,0.975,0.97506,1.37,3.19
2018.01.05 13:57:35.084,0.97502,0.9751,1.00,2.44
2018.01.05 13:57:35.136,0.97501,0.97512,1.19,1.00
2018.01.05 13:57:35.514,0.97504,0.97516,1.25,3.64
2018.01.05 13:57:38.729,0.97505,0.97516,1.69,2.81
2018.01.05 13:57:38.836,0.97507,0.97518,1.00,2.06
2018.01.05 13:57:38.889,0.97509,0.9752,1.25,1.69
2018.01.05 13:57:39.119,0.9751,0.97521,1.87,1.44
2018.01.05 13:57:39.275,0.9751,0.97523,1.69,5.25
2018.01.05 13:57:39.328,0.97512,0.97523,1.00,5.44
2018.01.05 13:57:40.097,0.97512,0.97523,1.25,1.88
2018.01.05 13:57:40.635,0.97513,0.97524,1.00,3.19
2018.01.05 13:57:40.688,0.97514,0.97525,1.50,1.88
2018.01.05 13:57:41.055,0.97516,0.97527,1.35,5.14
2018.01.05 13:57:41.337,0.9752,0.97532,1.25,2.81
2018.01.05 13:57:41.390,0.9752,0.97532,1.69,2.81
2018.01.05 13:57:41.912,0.9752,0.97531,1.19,1.00
2018.01.05 13:57:41.965,0.9752,0.97532,1.00,1.69
2018.01.05 13:57:42.512,0.97521,0.97534,1.31,2.44
2018.01.05 13:57:43.143,0.9752,0.97531,1.19,1.00
2018.01.05 13:57:43.196,0.97519,0.97529,3.00,1.00
2018.01.05 13:57:43.248,0.9752,0.97532,1.12,1.69
2018.01.05 13:57:43.786,0.9752,0.97532,1.31,2.25
2018.01.05 13:57:44.303,0.97521,0.9753,1.25,1.37
2018.01.05 13:57:44.828,0.9752,0.97529,1.31,1.37
2018.01.05 13:57:46.976,0.97518,0.97527,1.87,1.50
2018.01.05 13:57:47.144,0.97516,0.97524,1.19,1.37
2018.01.05 13:57:47.196,0.97515,0.97524,1.00,1.37
2018.01.05 13:57:47.700,0.97513,0.97524,2.89,1.87
2018.01.05 13:57:48.218,0.97514,0.97523,1.25,1.37
2018.01.05 13:57:48.491,0.97512,0.97522,1.12,1.00
2018.01.05 13:57:48.675,0.97511,0.9752,1.00,1.72
2018.01.05 13:57:49.196,0.9751,0.9752,1.50,1.37
2018.01.05 13:57:49.647,0.97512,0.97522,2.25,1.50
2018.01.05 13:57:50.122,0.97517,0.97527,1.00,2.06
2018.01.05 13:57:51.123,0.97517,0.97526,1.00,1.87
2018.01.05 13:57:51.640,0.97518,0.97527,1.25,1.37
2018.01.05 13:57:52.324,0.97518,0.97527,1.69,1.37
2018.01.05 13:57:52.651,0.9752,0.97531,1.00,2.25
2018.01.05 13:57:52.755,0.97522,0.97531,1.00,1.37
2018.01.05 13:57:52.807,0.97522,0.97532,1.00,1.12
2018.01.05 13:57:53.325,0.97521,0.97533,1.50,3.19
2018.01.05 13:57:53.846,0.97521,0.97532,2.44,1.12
2018.01.05 13:57:54.677,0.97522,0.97533,1.25,1.00
2018.01.05 13:57:55.672,0.97521,0.97532,1.69,1.00
2018.01.05 13:57:56.191,0.97521,0.97533,1.69,1.50
2018.01.05 13:57:56.706,0.97521,0.97533,1.19,2.25
2018.01.05 13:57:57.176,0.97519,0.97526,1.69,1.72
2018.01.05 13:57:57.284,0.97516,0.97526,1.69,2.25
2018.01.05 13:57:57.337,0.97515,0.97526,1.25,2.25
2018.01.05 13:57:57.607,0.9752,0.97531,1.87,2.44
2018.01.05 13:57:58.183,0.9752,0.97529,1.00,1.37
2018.01.05 13:57:58.451,0.97519,0.97531,1.87,3.19
2018.01.05 13:57:59.232,0.9752,0.97532,3.37,2.06
2018.01.05 13:57:59.301,0.9752,0.97532,2.81,1.87
2018.01.05 13:57:59.674,0.9752,0.97531,2.06,1.12
2018.01.05 13:58:00.089,0.97517,0.97528,1.69,3.22
2018.01.05 13:58:00.142,0.97515,0.97527,2.89,3.75
2018.01.05 13:58:00.657,0.97515,0.97526,1.19,1.00
2018.01.05 13:58:01.234,0.97516,0.97527,1.25,1.12
2018.01.05 13:58:01.858,0.97519,0.97527,1.25,1.00
2018.01.05 13:58:01.963,0.97519,0.97529,1.69,1.50
2018.01.05 13:58:02.486,0.97519,0.9753,2.25,2.44
2018.01.05 13:58:03.014,0.9752,0.97532,1.31,3.19
2018.01.05 13:58:04.102,0.9752,0.97531,1.25,1.87
2018.01.05 13:58:04.311,0.97518,0.97528,1.57,1.12
2018.01.05 13:58:04.473,0.97515,0.97526,1.00,3.94
2018.01.05 13:58:04.994,0.97516,0.97527,1.00,3.19
2018.01.05 13:58:05.101,0.97519,0.97529,1.25,3.94
2018.01.05 13:58:05.631,0.97519,0.9753,1.25,1.62
2018.01.05 13:58:06.151,0.9752,0.97531,1.00,2.06
2018.01.05 13:58:06.682,0.97521,0.97531,1.00,1.56
2018.01.05 13:58:06.734,0.97521,0.97532,1.00,2.06
2018.01.05 13:58:07.100,0.97521,0.97529,1.00,1.00
2018.01.05 13:58:07.153,0.9752,0.97531,1.69,2.62
2018.01.05 13:58:07.724,0.97521,0.97532,1.00,3.19
2018.01.05 13:58:08.309,0.97522,0.97533,1.00,1.69
2018.01.05 13:58:08.370,0.97526,0.97535,1.00,1.76
2018.01.05 13:58:08.475,0.97525,0.97536,1.37,1.00
2018.01.05 13:58:08.582,0.97525,0.97537,1.25,2.89
2018.01.05 13:58:08.886,0.97527,0.97537,1.00,1.69
2018.01.05 13:58:09.210,0.97529,0.97537,1.00,1.19
2018.01.05 13:58:09.262,0.9753,0.97542,1.00,2.89
2018.01.05 13:58:09.316,0.9753,0.97542,1.00,1.39
2018.01.05 13:58:10.309,0.97531,0.97543,1.00,3.26
2018.01.05 13:58:11.441,0.9753,0.97542,1.00,2.14
2018.01.05 13:58:11.799,0.97528,0.97536,3.00,1.00
2018.01.05 13:58:11.856,0.97527,0.97535,1.12,1.00
2018.01.05 13:58:12.019,0.97528,0.97539,1.12,1.19
2018.01.05 13:58:12.713,0.97528,0.97539,1.25,1.31
2018.01.05 13:58:12.766,0.97526,0.97535,1.12,1.00
2018.01.05 13:58:12.877,0.97524,0.97535,1.00,1.69
2018.01.05 13:58:12.985,0.97527,0.97538,1.19,3.64
2018.01.05 13:58:13.038,0.97526,0.97538,1.25,1.69
2018.01.05 13:58:13.568,0.97524,0.97537,2.51,2.25
2018.01.05 13:58:13.904,0.97528,0.97538,1.00,2.44
2018.01.05 13:58:14.113,0.97524,0.97537,5.14,1.00
2018.01.05 13:58:14.305,0.97524,0.97536,1.31,1.25
2018.01.05 13:58:15.317,0.97527,0.97538,1.19,1.10
2018.01.05 13:58:16.395,0.97524,0.97536,3.64,1.12
2018.01.05 13:58:16.581,0.97522,0.97534,4.69,1.00
2018.01.05 13:58:16.634,0.97522,0.97534,3.94,1.00
2018.01.05 13:58:17.492,0.97522,0.97535,1.69,3.64
2018.01.05 13:58:18.175,0.97525,0.97535,1.00,3.56
2018.01.05 13:58:18.523,0.97523,0.97534,1.00,2.81
2018.01.05 13:58:20.476,0.97525,0.97535,1.00,1.76
2018.01.05 13:58:20.582,0.97526,0.97537,1.00,5.51
2018.01.05 13:58:21.124,0.97527,0.97539,1.25,3.64
2018.01.05 13:58:22.194,0.97528,0.97539,1.00,2.51
2018.01.05 13:58:22.599,0.97528,0.9754,6.19,1.25
2018.01.05 13:58:22.652,0.9753,0.97542,1.69,1.00
2018.01.05 13:58:23.225,0.9753,0.97543,1.69,5.51
2018.01.05 13:58:23.748,0.97532,0.97543,1.00,1.25
2018.01.05 13:58:24.237,0.97534,0.97546,1.00,3.64
2018.01.05 13:58:24.393,0.97532,0.97544,1.69,2.62
2018.01.05 13:58:24.920,0.97532,0.97544,1.25,2.32
2018.01.05 13:58:25.452,0.97532,0.97543,1.25,1.00
2018.01.05 13:58:25.950,0.97537,0.97546,1.00,2.62
2018.01.05 13:58:26.106,0.97538,0.97549,1.00,1.25
2018.01.05 13:58:26.481,0.9754,0.97552,1.25,1.76
2018.01.05 13:58:27.136,0.97541,0.97553,1.00,2.81
2018.01.05 13:58:28.327,0.9754,0.97552,1.25,2.06
2018.01.05 13:58:28.986,0.9754,0.97551,1.25,1.00
2018.01.05 13:58:29.504,0.97539,0.9755,2.06,1.00
2018.01.05 13:58:29.997,0.97541,0.97553,1.00,3.26
2018.01.05 13:58:30.685,0.97542,0.97553,1.00,1.56
2018.01.05 13:58:30.738,0.97547,0.97555,1.50,1.00
2018.01.05 13:58:30.793,0.97546,0.97559,2.44,3.26
2018.01.05 13:58:30.899,0.97544,0.97555,1.81,2.70
2018.01.05 13:58:31.006,0.97543,0.97554,1.25,2.44
2018.01.05 13:58:31.597,0.97544,0.97555,2.44,1.57
2018.01.05 13:58:31.653,0.97546,0.97557,1.00,2.14
2018.01.05 13:58:31.707,0.97544,0.97558,7.16,2.51
2018.01.05 13:58:31.813,0.97543,0.97555,4.01,2.81
2018.01.05 13:58:32.149,0.97547,0.97557,1.50,1.19
2018.01.05 13:58:32.359,0.97549,0.97561,1.00,1.95
2018.01.05 13:58:32.744,0.97551,0.97563,1.00,2.89
2018.01.05 13:58:32.852,0.97555,0.97566,1.50,1.00
2018.01.05 13:58:33.063,0.97557,0.97569,1.31,1.01
2018.01.05 13:58:33.618,0.97556,0.97568,2.81,1.00
2018.01.05 13:58:33.673,0.97554,0.97565,5.51,1.87
2018.01.05 13:58:33.726,0.97554,0.97564,1.12,1.00
2018.01.05 13:58:34.052,0.97552,0.97563,1.87,1.25
2018.01.05 13:58:35.808,0.97551,0.97565,3.94,2.89
2018.01.05 13:58:36.229,0.97556,0.97568,1.00,3.64
2018.01.05 13:58:36.435,0.97556,0.97568,1.00,1.76
2018.01.05 13:58:36.965,0.97556,0.97567,1.00,1.00
2018.01.05 13:58:37.453,0.97558,0.9757,1.00,1.39
2018.01.05 13:58:37.922,0.97559,0.97571,1.00,2.32
2018.01.05 13:58:38.474,0.97562,0.97573,1.25,1.95
2018.01.05 13:58:38.684,0.9756,0.97572,1.87,1.87
2018.01.05 13:58:39.741,0.97561,0.97572,1.00,1.29
2018.01.05 13:58:41.626,0.97559,0.97572,1.76,3.56
2018.01.05 13:58:42.169,0.97558,0.9757,2.81,1.00
2018.01.05 13:58:42.794,0.97559,0.97571,1.62,1.01
2018.01.05 13:58:43.214,0.97561,0.97572,1.60,1.01
2018.01.05 13:58:43.425,0.97562,0.97573,1.31,1.00
2018.01.05 13:58:43.478,0.9756,0.97573,2.06,4.01
2018.01.05 13:58:43.997,0.97561,0.97573,1.00,1.31
2018.01.05 13:58:44.051,0.97562,0.97574,2.81,1.01
2018.01.05 13:58:44.206,0.97566,0.97578,1.00,1.76
2018.01.05 13:58:44.472,0.97562,0.97574,1.50,5.06
2018.01.05 13:58:44.882,0.9756,0.97567,1.31,1.00
2018.01.05 13:58:44.938,0.97557,0.97568,1.31,1.19
2018.01.05 13:58:45.047,0.97559,0.9757,1.00,1.56
2018.01.05 13:58:45.100,0.97558,0.9757,1.31,1.31
2018.01.05 13:58:46.759,0.97558,0.9757,1.19,2.51
2018.01.05 13:58:47.274,0.97558,0.97571,1.19,3.07
2018.01.05 13:58:48.529,0.97558,0.97568,1.19,1.00
2018.01.05 13:58:49.080,0.97558,0.97569,1.19,1.25
2018.01.05 13:58:50.256,0.97557,0.97565,1.19,1.50
2018.01.05 13:58:50.449,0.97554,0.97567,3.26,3.19
2018.01.05 13:58:50.516,0.97552,0.97564,4.76,1.50
2018.01.05 13:58:50.837,0.97558,0.97567,1.00,6.19
2018.01.05 13:58:50.985,0.97558,0.9757,1.00,4.01
2018.01.05 13:58:51.040,0.97558,0.9757,1.01,1.31
2018.01.05 13:58:51.562,0.97559,0.97571,1.00,2.81
2018.01.05 13:58:51.791,0.97561,0.97573,1.00,1.76
2018.01.05 13:58:52.310,0.97562,0.97573,1.00,1.69
2018.01.05 13:58:52.635,0.97564,0.97575,1.00,2.06
2018.01.05 13:58:52.949,0.97568,0.9758,1.69,1.20
2018.01.05 13:58:54.374,0.97564,0.97575,1.31,2.62
2018.01.05 13:58:54.426,0.97563,0.97574,1.47,2.06
2018.01.05 13:58:54.479,0.97562,0.97574,1.39,2.06
2018.01.05 13:58:55.240,0.97561,0.97573,2.89,1.25
2018.01.05 13:58:56.446,0.9756,0.97573,4.01,2.06
2018.01.05 13:58:57.093,0.97559,0.97572,3.45,2.25
2018.01.05 13:58:59.536,0.97561,0.97573,1.00,3.07
2018.01.05 13:59:00.087,0.9756,0.97572,1.95,1.31
2018.01.05 13:59:00.866,0.97563,0.97573,1.12,1.00
2018.01.05 13:59:00.919,0.97563,0.97575,3.67,1.00
2018.01.05 13:59:00.973,0.97566,0.97579,1.69,4.20
2018.01.05 13:59:02.543,0.97566,0.97574,1.00,1.50
2018.01.05 13:59:02.597,0.97562,0.97573,2.32,1.00
2018.01.05 13:59:02.704,0.97562,0.97573,1.69,1.00
2018.01.05 13:59:02.970,0.97564,0.97575,2.06,1.31
2018.01.05 13:59:03.302,0.97569,0.9758,1.12,1.25
2018.01.05 13:59:03.827,0.9757,0.97582,1.25,3.56
2018.01.05 13:59:06.482,0.9757,0.97582,1.25,2.44
2018.01.05 13:59:07.049,0.97568,0.9758,1.76,1.25
2018.01.05 13:59:11.345,0.97568,0.9758,2.44,1.87
2018.01.05 13:59:14.044,0.97568,0.97579,3.38,1.00
2018.01.05 13:59:14.579,0.97569,0.97581,1.00,2.81
2018.01.05 13:59:15.132,0.97567,0.97574,1.56,1.00
2018.01.05 13:59:15.243,0.97565,0.97576,1.69,1.25
2018.01.05 13:59:15.297,0.97563,0.97574,1.12,1.88
2018.01.05 13:59:15.403,0.97561,0.97573,2.06,1.31
2018.01.05 13:59:15.929,0.97559,0.97572,4.76,1.12
2018.01.05 13:59:16.140,0.9756,0.9757,1.19,1.50
2018.01.05 13:59:16.431,0.97559,0.97571,2.14,2.25
2018.01.05 13:59:16.991,0.9756,0.9757,1.00,1.00
2018.01.05 13:59:17.520,0.97559,0.9757,1.25,1.00
2018.01.05 13:59:18.612,0.97558,0.97567,2.33,1.72
2018.01.05 13:59:18.818,0.97554,0.97564,1.00,1.00
2018.01.05 13:59:20.001,0.97557,0.97567,1.00,1.58
2018.01.05 13:59:20.055,0.97558,0.97569,1.00,5.06
2018.01.05 13:59:20.278,0.97561,0.97572,1.00,4.39
2018.01.05 13:59:20.440,0.97561,0.97572,1.00,2.32
2018.01.05 13:59:20.599,0.97563,0.97573,1.00,1.57
2018.01.05 13:59:21.127,0.97562,0.97572,1.00,1.13
2018.01.05 13:59:22.050,0.97559,0.9757,1.76,2.44
2018.01.05 13:59:22.206,0.97558,0.97568,1.00,1.00
2018.01.05 13:59:22.570,0.97554,0.97566,1.87,3.56
2018.01.05 13:59:23.107,0.97555,0.97566,1.25,3.56
2018.01.05 13:59:23.448,0.97557,0.97568,1.25,2.06
2018.01.05 13:59:23.606,0.97559,0.9757,2.44,2.06
2018.01.05 13:59:23.971,0.97561,0.97571,1.00,1.25
2018.01.05 13:59:24.507,0.97561,0.9757,1.00,1.00
2018.01.05 13:59:25.054,0.97561,0.97571,1.00,2.14
2018.01.05 13:59:25.574,0.97559,0.9757,2.81,1.00
2018.01.05 13:59:26.085,0.9756,0.97571,1.25,4.20
2018.01.05 13:59:26.794,0.97559,0.9757,2.81,1.69
2018.01.05 13:59:27.062,0.97554,0.97565,1.25,4.69
2018.01.05 13:59:27.600,0.97554,0.97565,1.00,3.56
2018.01.05 13:59:28.114,0.97556,0.97566,1.00,2.44
2018.01.05 13:59:28.483,0.97553,0.97564,1.69,2.25
2018.01.05 13:59:29.036,0.97553,0.97563,1.00,1.50
2018.01.05 13:59:29.577,0.97551,0.97564,2.62,3.45
2018.01.05 13:59:30.136,0.97551,0.97563,2.06,1.95
2018.01.05 13:59:31.293,0.97553,0.97564,1.00,3.45
2018.01.05 13:59:31.600,0.97557,0.97566,1.00,1.32
2018.01.05 13:59:31.709,0.97557,0.97568,1.69,1.10
2018.01.05 13:59:31.814,0.9756,0.97571,1.00,3.45
2018.01.05 13:59:32.321,0.9756,0.97571,1.00,3.00
2018.01.05 13:59:33.136,0.9756,0.97571,1.00,2.89
2018.01.05 13:59:33.649,0.9756,0.97571,1.00,3.08
2018.01.05 13:59:33.980,0.9756,0.97569,1.00,1.44
2018.01.05 13:59:34.497,0.97556,0.97567,2.81,1.50
2018.01.05 13:59:34.550,0.97555,0.97566,1.19,1.25
2018.01.05 13:59:36.008,0.97555,0.97565,1.19,1.00
2018.01.05 13:59:36.061,0.97553,0.97565,2.51,4.87
2018.01.05 13:59:36.426,0.97556,0.97566,1.00,1.31
2018.01.05 13:59:36.944,0.97555,0.97565,1.00,2.62
2018.01.05 13:59:37.463,0.97554,0.97566,1.12,2.06
2018.01.05 13:59:38.014,0.97555,0.97566,1.00,4.13
2018.01.05 13:59:38.697,0.97555,0.97566,1.00,2.81
2018.01.05 13:59:39.797,0.97554,0.97566,1.12,1.25
2018.01.05 13:59:40.558,0.97555,0.97566,1.00,2.63
2018.01.05 13:59:42.172,0.97552,0.97562,1.25,1.25
2018.01.05 13:59:42.495,0.97551,0.97561,1.00,3.38
2018.01.05 13:59:42.835,0.97549,0.97559,1.00,1.31
2018.01.05 13:59:42.905,0.97547,0.97559,1.00,3.45
2018.01.05 13:59:42.959,0.97544,0.97555,2.62,1.87
2018.01.05 13:59:43.012,0.97543,0.97555,2.14,2.81
2018.01.05 13:59:43.065,0.97542,0.97553,4.20,1.25
2018.01.05 13:59:43.539,0.97541,0.97553,2.25,2.33
2018.01.05 13:59:43.648,0.97539,0.9755,2.25,1.00
2018.01.05 13:59:43.755,0.9754,0.97552,1.25,2.51
2018.01.05 13:59:43.963,0.97541,0.97551,1.31,1.00
2018.01.05 13:59:44.120,0.97542,0.97553,1.87,1.00
2018.01.05 13:59:44.173,0.97546,0.97557,1.31,1.07
2018.01.05 13:59:44.330,0.97543,0.97554,1.50,1.20
2018.01.05 13:59:44.944,0.97542,0.97554,2.25,2.44
2018.01.05 13:59:46.124,0.97541,0.97552,1.12,1.25
2018.01.05 13:59:46.292,0.97538,0.9755,2.14,1.00
2018.01.05 13:59:46.807,0.97538,0.97548,1.00,1.00
2018.01.05 13:59:46.972,0.97533,0.97545,3.75,1.87
2018.01.05 13:59:48.229,0.97533,0.97545,1.87,3.45
2018.01.05 13:59:48.282,0.97532,0.97543,1.25,1.25
2018.01.05 13:59:49.018,0.97533,0.97542,1.00,1.25
2018.01.05 13:59:49.331,0.97533,0.97544,1.25,1.57
2018.01.05 13:59:49.384,0.97535,0.97544,1.00,1.10
2018.01.05 13:59:49.438,0.97533,0.97545,1.69,1.57
2018.01.05 13:59:49.977,0.97533,0.97545,2.62,1.69
2018.01.05 13:59:50.081,0.97538,0.97547,1.00,1.32
2018.01.05 13:59:50.187,0.97537,0.97548,1.69,1.31
2018.01.05 13:59:50.397,0.97539,0.9755,1.25,1.51
2018.01.05 13:59:50.914,0.9754,0.97551,1.00,1.95
2018.01.05 13:59:51.678,0.97539,0.9755,1.69,1.69
2018.01.05 13:59:51.732,0.97537,0.97548,1.76,1.00
2018.01.05 13:59:51.889,0.97539,0.97549,1.00,1.25
2018.01.05 13:59:53.324,0.97539,0.97551,1.50,1.69
2018.01.05 13:59:53.844,0.97539,0.97551,3.00,1.25
2018.01.05 13:59:56.968,0.97539,0.97551,1.25,3.45
2018.01.05 13:59:57.578,0.9754,0.97551,1.69,1.25
2018.01.05 13:59:58.941,0.97545,0.97553,1.12,1.12
2018.01.05 13:59:59.098,0.97546,0.97557,2.25,1.25
2018.01.05 13:59:59.260,0.97546,0.97557,1.25,2.81
2018.01.05 13:59:59.586,0.97548,0.97559,1.00,3.19
